cum_step,meta_step,segment,elapsed_train_sec,wallclock_iso,ms_per_step,pElo,nll,loss,pLoss,vLoss,legalMass,pIllM,bn1Mean,gNorm,sae2,eff_alpha,pLogit_mean,pLogit_peak,frozen_file,note
1,1,0,29.0,2026-05-29T15:41:36,3819.4,,,6.3967,5.6734,0.7233,0.0038,0.9966,,3.273,,,3.999,,,
2,2,0,31.0,2026-05-29T15:41:38,2664.8,,,6.3702,5.6432,0.727,0.0038,0.9966,,3.264,,,3.99,,,
3,3,0,32.0,2026-05-29T15:41:39,2214.3,,,6.3931,5.6692,0.7239,0.0038,0.9966,,3.246,,,3.992,,,
4,4,0,34.0,2026-05-29T15:41:40,1988.8,,,6.3941,5.6676,0.7265,0.0038,0.9966,,3.238,,,3.99,,,
5,5,0,35.0,2026-05-29T15:41:42,1884.1,,,6.3994,5.6684,0.731,0.0038,0.9966,,3.253,,,3.992,,,
6,6,0,37.0,2026-05-29T15:41:43,1799.7,,,6.3995,5.669,0.7305,0.0038,0.9966,,3.274,,,3.992,,,
7,7,0,38.0,2026-05-29T15:41:45,1743.9,,,6.4012,5.6721,0.7291,0.0038,0.9966,,3.267,,,3.993,,,
8,8,0,40.0,2026-05-29T15:41:46,1721.3,,,6.4004,5.673,0.7274,0.0038,0.9966,,3.27,,,3.992,,,
9,9,0,41.0,2026-05-29T15:41:48,1685.9,,,6.4052,5.6782,0.727,0.0038,0.9966,,3.273,,,3.991,,,
10,10,0,42.0,2026-05-29T15:41:49,1654.2,,,6.407,5.6808,0.7262,0.0038,0.9966,,3.274,,,3.991,,,
11,11,0,44.0,2026-05-29T15:41:50,1628.6,,,6.4042,5.6789,0.7253,0.0038,0.9966,,3.279,,,3.993,,,
12,12,0,45.0,2026-05-29T15:41:52,1613.9,,,6.4054,5.6803,0.7251,0.0038,0.9966,,3.273,,,3.994,,,
13,13,0,47.0,2026-05-29T15:41:54,1606.6,,,6.4038,5.678,0.7258,0.0038,0.9966,,3.275,,,3.992,,,
14,14,0,49.0,2026-05-29T15:41:55,1591.5,,,6.4068,5.6814,0.7254,0.0038,0.9966,,3.266,,,3.992,,,
15,15,0,50.0,2026-05-29T15:41:57,1586.0,,,6.4082,5.6832,0.725,0.0038,0.9966,,3.263,,,3.992,,,
16,16,0,52.0,2026-05-29T15:41:58,1579.2,,,6.4071,5.6823,0.7248,0.0038,0.9966,,3.257,,,3.992,,,
17,17,0,53.0,2026-05-29T15:42:00,1572.4,,,6.4052,5.6804,0.7248,0.0038,0.9966,,3.248,,,3.992,,,
18,18,0,55.0,2026-05-29T15:42:01,1566.1,,,6.4041,5.6801,0.724,0.0038,0.9966,,3.238,,,3.992,,,
19,19,0,56.0,2026-05-29T15:42:03,1558.2,,,6.4015,5.6781,0.7234,0.0038,0.9966,,3.229,,,3.992,,,
20,20,0,57.0,2026-05-29T15:42:04,1552.6,,,6.3994,5.6763,0.7231,0.0038,0.9966,,3.226,,,3.992,,,
21,21,0,59.0,2026-05-29T15:42:06,1543.3,,,6.3978,5.6758,0.722,0.0038,0.9966,,3.227,,,3.992,,,
22,22,0,60.0,2026-05-29T15:42:07,1540.7,,,6.3961,5.6756,0.7205,0.0038,0.9966,,3.224,,,3.992,,,
23,23,0,62.0,2026-05-29T15:42:08,1533.6,,,6.391,5.6711,0.7199,0.0038,0.9966,,3.219,,,3.991,,,
24,24,0,63.0,2026-05-29T15:42:10,1530.5,,,6.3877,5.6688,0.7189,0.0038,0.9966,,3.215,,,3.991,,,
25,25,0,65.0,2026-05-29T15:42:12,1528.4,,,6.3855,5.6669,0.7186,0.0038,0.9966,,3.21,,,3.991,,,
26,26,0,66.0,2026-05-29T15:42:13,1523.0,,,6.3818,5.6635,0.7183,0.0038,0.9966,,3.208,,,3.991,,,
27,27,0,68.0,2026-05-29T15:42:14,1516.8,,,6.3803,5.6628,0.7175,0.0038,0.9966,,3.202,,,3.99,,,
28,28,0,69.0,2026-05-29T15:42:16,1508.3,,,6.3764,5.6599,0.7165,0.0038,0.9966,,3.194,,,3.989,,,
29,29,0,70.0,2026-05-29T15:42:17,1504.0,,,6.3711,5.6557,0.7154,0.0038,0.9966,,3.187,,,3.989,,,
30,30,0,72.0,2026-05-29T15:42:18,1500.1,,,6.3694,5.6553,0.7141,0.0038,0.9966,,3.179,,,3.989,,,
31,31,0,73.0,2026-05-29T15:42:20,1496.2,,,6.3657,5.6527,0.713,0.0038,0.9966,,3.172,,,3.989,,,
32,32,0,75.0,2026-05-29T15:42:21,1497.7,,,6.364,5.652,0.712,0.0038,0.9966,,3.167,,,3.988,,,
33,33,0,76.0,2026-05-29T15:42:23,1494.1,,,6.3609,5.6499,0.711,0.0038,0.9966,,3.163,,,3.988,,,
34,34,0,77.0,2026-05-29T15:42:24,1489.3,,,6.3584,5.6481,0.7103,0.0038,0.9966,,3.159,,,3.987,,,
35,35,0,79.0,2026-05-29T15:42:26,1488.2,,,6.3555,5.646,0.7095,0.0038,0.9966,,3.148,,,3.987,,,
36,36,0,80.0,2026-05-29T15:42:27,1484.7,,,6.3515,5.6429,0.7086,0.0038,0.9966,,3.139,,,3.987,,,
37,37,0,82.0,2026-05-29T15:42:29,1481.8,,,6.3468,5.6393,0.7075,0.0038,0.9966,,3.129,,,3.986,,,
38,38,0,83.0,2026-05-29T15:42:30,1478.6,,,6.3424,5.6363,0.7061,0.0038,0.9966,,3.122,,,3.986,,,
39,39,0,85.0,2026-05-29T15:42:31,1479.2,,,6.3396,5.6349,0.7047,0.0038,0.9966,,3.113,,,3.985,,,
40,40,0,86.0,2026-05-29T15:42:33,1476.0,,,6.3337,5.6303,0.7034,0.0038,0.9966,,3.105,,,3.985,,,
41,41,0,87.0,2026-05-29T15:42:34,1474.0,,,6.3264,5.6241,0.7023,0.0038,0.9966,,3.098,,,3.984,,,
42,42,0,89.0,2026-05-29T15:42:36,1472.4,,,6.3197,5.6187,0.701,0.0038,0.9966,,3.089,,,3.984,,,
43,43,0,90.0,2026-05-29T15:42:37,1470.0,,,6.3137,5.6142,0.6995,0.0038,0.9966,,3.08,,,3.983,,,
44,44,0,92.0,2026-05-29T15:42:38,1467.6,,,6.3072,5.6088,0.6984,0.0038,0.9966,,3.07,,,3.983,,,
45,45,0,93.0,2026-05-29T15:42:40,1465.6,,,6.3007,5.6036,0.6971,0.0038,0.9966,,3.059,,,3.983,,,
46,46,0,95.0,2026-05-29T15:42:41,1464.5,,,6.296,5.6003,0.6957,0.0038,0.9966,,3.049,,,3.982,,,
47,47,0,96.0,2026-05-29T15:42:43,1461.8,,,6.2895,5.5952,0.6943,0.0038,0.9966,,3.038,,,3.982,,,
48,48,0,97.0,2026-05-29T15:42:44,1460.3,,,6.2842,5.5913,0.6929,0.0038,0.9966,,3.027,,,3.982,,,
49,49,0,99.0,2026-05-29T15:42:45,1457.9,,,6.2771,5.5854,0.6917,0.0038,0.9966,,3.015,,,3.981,,,
50,50,0,100.0,2026-05-29T15:42:47,1456.3,,,6.2709,5.5807,0.6902,0.0038,0.9966,,3.006,,,3.981,,,
51,51,0,102.0,2026-05-29T15:42:48,1454.7,,,6.2643,5.5755,0.6888,0.0038,0.9966,,2.996,,,3.981,,,
52,52,0,103.0,2026-05-29T15:42:50,1453.4,,,6.2586,5.5712,0.6874,0.0038,0.9966,,2.985,,,3.98,,,
53,53,0,104.0,2026-05-29T15:42:51,1450.3,,,6.2508,5.5651,0.6857,0.0038,0.9965,,2.976,,,3.98,,,
54,54,0,106.0,2026-05-29T15:42:52,1448.7,,,6.2435,5.5593,0.6842,0.0038,0.9965,,2.966,,,3.979,,,
55,55,0,107.0,2026-05-29T15:42:54,1447.0,,,6.2363,5.5535,0.6828,0.0038,0.9965,,2.957,,,3.979,,,
56,56,0,108.0,2026-05-29T15:42:55,1445.6,,,6.2292,5.5478,0.6814,0.0038,0.9965,,2.947,,,3.978,,,
57,57,0,110.0,2026-05-29T15:42:57,1445.2,,,6.2218,5.5418,0.68,0.0038,0.9965,,2.934,,,3.978,,,
58,58,0,111.0,2026-05-29T15:42:58,1443.7,,,6.2137,5.5354,0.6783,0.0038,0.9965,,2.923,,,3.977,,,
59,59,0,113.0,2026-05-29T15:42:59,1441.9,,,6.2065,5.5297,0.6768,0.0038,0.9965,,2.912,,,3.977,,,
60,60,0,114.0,2026-05-29T15:43:01,1440.1,,,6.1993,5.5239,0.6754,0.0038,0.9965,,2.902,,,3.976,,,
61,61,0,115.0,2026-05-29T15:43:02,1439.0,,,6.1925,5.5183,0.6742,0.0038,0.9965,,2.891,,,3.976,,,
62,62,0,117.0,2026-05-29T15:43:03,1437.8,,,6.184,5.5113,0.6727,0.0038,0.9965,,2.878,,,3.975,,,
63,63,0,118.0,2026-05-29T15:43:05,1436.7,,,6.1757,5.5044,0.6713,0.0038,0.9965,,2.867,,,3.975,,,
64,64,0,119.0,2026-05-29T15:43:06,1434.6,,,6.1672,5.4976,0.6696,0.0038,0.9965,,2.856,,,3.974,,,
65,65,0,121.0,2026-05-29T15:43:08,1433.9,,,6.1582,5.4902,0.668,0.0038,0.9965,,2.845,,,3.973,,,
66,66,0,122.0,2026-05-29T15:43:09,1433.1,,,6.1502,5.4837,0.6665,0.0038,0.9965,,2.833,,,3.973,,,
67,67,0,123.0,2026-05-29T15:43:10,1431.6,,,6.1424,5.4774,0.665,0.0038,0.9965,,2.821,,,3.973,,,
68,68,0,125.0,2026-05-29T15:43:12,1431.1,,,6.1343,5.471,0.6633,0.0038,0.9965,,2.81,,,3.972,,,
69,69,0,126.0,2026-05-29T15:43:13,1430.4,,,6.1249,5.4636,0.6613,0.0038,0.9965,,2.798,,,3.972,,,
70,70,0,128.0,2026-05-29T15:43:15,1429.6,,,6.1167,5.457,0.6597,0.0038,0.9965,,2.787,,,3.971,,,
71,71,0,129.0,2026-05-29T15:43:16,1428.0,,,6.1082,5.45,0.6582,0.0038,0.9965,,2.774,,,3.971,,,
72,72,0,130.0,2026-05-29T15:43:17,1427.6,,,6.099,5.4424,0.6566,0.0038,0.9965,,2.762,,,3.971,,,
73,73,0,132.0,2026-05-29T15:43:19,1427.1,,,6.0905,5.4355,0.655,0.0038,0.9965,,2.751,,,3.97,,,
74,74,0,133.0,2026-05-29T15:43:20,1426.2,,,6.0816,5.4283,0.6533,0.0038,0.9965,,2.739,,,3.97,,,
75,75,0,135.0,2026-05-29T15:43:21,1425.3,,,6.0728,5.421,0.6518,0.0038,0.9965,,2.726,,,3.969,,,
76,76,0,136.0,2026-05-29T15:43:23,1424.7,,,6.0631,5.4129,0.6502,0.0038,0.9965,,2.715,,,3.968,,,
77,77,0,137.0,2026-05-29T15:43:24,1424.6,,,6.0541,5.4055,0.6486,0.0038,0.9965,,2.703,,,3.968,,,
78,78,0,139.0,2026-05-29T15:43:26,1423.3,,,6.0446,5.3977,0.6469,0.0038,0.9964,,2.692,,,3.967,,,
79,79,0,140.0,2026-05-29T15:43:27,1424.6,,,6.0348,5.3895,0.6453,0.0038,0.9964,,2.681,,,3.967,,,
80,80,0,142.0,2026-05-29T15:43:29,1424.0,,,6.0256,5.3817,0.6439,0.0038,0.9964,,2.67,,,3.967,,,
81,81,0,143.0,2026-05-29T15:43:30,1423.7,,,6.0151,5.3729,0.6422,0.0038,0.9964,,2.659,,,3.966,,,
82,82,0,145.0,2026-05-29T15:43:31,1423.6,,,6.0056,5.3649,0.6407,0.0038,0.9964,,2.647,,,3.965,,,
83,83,0,146.0,2026-05-29T15:43:33,1425.0,,,5.9958,5.3566,0.6392,0.0038,0.9964,,2.636,,,3.965,,,
84,84,0,148.0,2026-05-29T15:43:34,1425.9,,,5.986,5.3481,0.6379,0.0038,0.9964,,2.624,,,3.964,,,
85,85,0,149.0,2026-05-29T15:43:36,1425.6,,,5.9761,5.3398,0.6363,0.0038,0.9964,,2.613,,,3.964,,,
86,86,0,151.0,2026-05-29T15:43:37,1427.2,,,5.9659,5.3311,0.6348,0.0038,0.9964,,2.602,,,3.963,,,
87,87,0,152.0,2026-05-29T15:43:39,1426.8,,,5.956,5.3228,0.6332,0.0038,0.9964,,2.591,,,3.963,,,
88,88,0,153.0,2026-05-29T15:43:40,1425.8,,,5.9468,5.3148,0.632,0.0038,0.9964,,2.579,,,3.962,,,
89,89,0,155.0,2026-05-29T15:43:42,1426.2,,,5.9365,5.3059,0.6306,0.0038,0.9964,,2.568,,,3.961,,,
90,90,0,157.0,2026-05-29T15:43:43,1426.7,,,5.9267,5.2973,0.6294,0.0038,0.9964,,2.556,,,3.961,,,
91,91,0,158.0,2026-05-29T15:43:45,1426.1,,,5.9169,5.2888,0.6281,0.0038,0.9964,,2.546,,,3.961,,,
92,92,0,159.0,2026-05-29T15:43:46,1426.6,,,5.9071,5.2804,0.6267,0.0038,0.9964,,2.534,,,3.96,,,
93,93,0,161.0,2026-05-29T15:43:48,1426.2,,,5.8969,5.2716,0.6253,0.0038,0.9964,,2.523,,,3.96,,,
94,94,0,162.0,2026-05-29T15:43:49,1427.2,,,5.8871,5.2631,0.624,0.0038,0.9963,,2.513,,,3.959,,,
95,95,0,164.0,2026-05-29T15:43:50,1426.7,,,5.8768,5.2542,0.6226,0.0038,0.9963,,2.501,,,3.959,,,
96,96,0,165.0,2026-05-29T15:43:52,1427.7,,,5.8669,5.2456,0.6213,0.0038,0.9963,,2.49,,,3.958,,,
97,97,0,167.0,2026-05-29T15:43:54,1428.4,,,5.8567,5.2367,0.62,0.0038,0.9963,,2.479,,,3.957,,,
98,98,0,168.0,2026-05-29T15:43:55,1429.0,,,5.8466,5.2278,0.6188,0.0038,0.9963,,2.468,,,3.957,,,
99,99,0,170.0,2026-05-29T15:43:57,1430.1,,,5.8362,5.2187,0.6175,0.0038,0.9963,,2.457,,,3.956,,,
100,100,0,171.0,2026-05-29T15:43:58,1429.9,,,5.8258,5.2096,0.6162,0.0038,0.9963,,2.446,,,3.956,,,
101,101,0,173.0,2026-05-29T15:44:00,1430.7,,,5.816,5.2011,0.6149,0.0038,0.9963,,2.435,,,3.955,,,
102,102,0,174.0,2026-05-29T15:44:01,1431.7,,,5.8056,5.192,0.6136,0.0038,0.9963,,2.424,,,3.955,,,
103,103,0,176.0,2026-05-29T15:44:03,1431.8,,,5.7954,5.1831,0.6123,0.0038,0.9963,,2.414,,,3.954,,,
104,104,0,177.0,2026-05-29T15:44:04,1431.8,,,5.7855,5.1744,0.6111,0.0038,0.9963,,2.403,,,3.954,,,
105,105,0,179.0,2026-05-29T15:44:05,1430.9,,,5.7755,5.1658,0.6097,0.0038,0.9963,,2.393,,,3.953,,,
106,106,0,180.0,2026-05-29T15:44:07,1431.0,,,5.7655,5.157,0.6085,0.0038,0.9963,,2.382,,,3.953,,,
107,107,0,181.0,2026-05-29T15:44:08,1430.7,,,5.7557,5.1485,0.6072,0.0038,0.9962,,2.372,,,3.952,,,
108,108,0,183.0,2026-05-29T15:44:10,1430.8,,,5.7459,5.1398,0.6061,0.0038,0.9962,,2.362,,,3.952,,,
109,109,0,184.0,2026-05-29T15:44:11,1431.3,,,5.7355,5.1307,0.6048,0.0038,0.9962,,2.352,,,3.952,,,
110,110,0,186.0,2026-05-29T15:44:13,1432.9,,,5.7257,5.1221,0.6036,0.0038,0.9962,,2.342,,,3.951,,,
111,111,0,188.0,2026-05-29T15:44:14,1433.8,,,5.7156,5.1132,0.6024,0.0038,0.9962,,2.332,,,3.951,,,
112,112,0,189.0,2026-05-29T15:44:16,1432.3,,,5.7056,5.1043,0.6013,0.0038,0.9962,,2.323,,,3.95,,,
113,113,0,190.0,2026-05-29T15:44:17,1432.3,,,5.6952,5.095,0.6002,0.0038,0.9962,,2.312,,,3.95,,,
114,114,0,192.0,2026-05-29T15:44:19,1431.8,,,5.6851,5.0861,0.599,0.0038,0.9962,,2.303,,,3.95,,,
115,115,0,193.0,2026-05-29T15:44:20,1432.4,,,5.6755,5.0776,0.5979,0.0038,0.9962,,2.294,,,3.949,,,
116,116,0,195.0,2026-05-29T15:44:22,1432.6,,,5.6654,5.0687,0.5967,0.0038,0.9962,,2.284,,,3.948,,,
117,117,0,196.0,2026-05-29T15:44:23,1432.4,,,5.6563,5.0606,0.5957,0.0038,0.9961,,2.274,,,3.948,,,
118,118,0,198.0,2026-05-29T15:44:24,1431.9,,,5.6466,5.052,0.5946,0.0038,0.9961,,2.264,,,3.947,,,
119,119,0,199.0,2026-05-29T15:44:26,1431.4,,,5.6365,5.0431,0.5934,0.0038,0.9961,,2.255,,,3.947,,,
120,120,0,200.0,2026-05-29T15:44:27,1432.0,,,5.6263,5.0341,0.5922,0.0038,0.9961,,2.246,,,3.947,,,
121,121,0,202.0,2026-05-29T15:44:29,1431.8,,,5.6164,5.0254,0.591,0.0038,0.9961,,2.237,,,3.946,,,
122,122,0,203.0,2026-05-29T15:44:30,1431.7,,,5.6064,5.0165,0.5899,0.0038,0.9961,,2.227,,,3.946,,,
123,123,0,205.0,2026-05-29T15:44:32,1432.2,,,5.5972,5.0083,0.5889,0.0038,0.9961,,2.218,,,3.945,,,
124,124,0,207.0,2026-05-29T15:44:33,1432.6,,,5.5881,5.0001,0.588,0.0038,0.9961,,2.209,,,3.945,,,
125,125,0,208.0,2026-05-29T15:44:35,1432.2,,,5.5789,4.9919,0.587,0.0038,0.9961,,2.2,,,3.944,,,
126,126,0,209.0,2026-05-29T15:44:36,1431.9,,,5.5696,4.9836,0.586,0.0038,0.996,,2.191,,,3.944,,,
127,127,0,211.0,2026-05-29T15:44:38,1432.7,,,5.56,4.975,0.585,0.0038,0.996,,2.182,,,3.943,,,
128,128,0,212.0,2026-05-29T15:44:39,1432.2,,,5.5508,4.9667,0.5841,0.0038,0.996,,2.173,,,3.943,,,
129,129,0,214.0,2026-05-29T15:44:40,1431.8,,,5.5419,4.9587,0.5832,0.0038,0.996,,2.165,,,3.943,,,
130,130,0,215.0,2026-05-29T15:44:42,1432.0,,,5.533,4.9507,0.5823,0.0038,0.996,,2.156,,,3.942,,,
131,131,0,217.0,2026-05-29T15:44:43,1432.6,,,5.5239,4.9426,0.5813,0.0038,0.996,,2.147,,,3.942,,,
132,132,0,218.0,2026-05-29T15:44:45,1432.4,,,5.5145,4.9342,0.5803,0.0038,0.996,,2.138,,,3.941,,,
133,133,0,219.0,2026-05-29T15:44:46,1432.5,,,5.506,4.9266,0.5794,0.0038,0.996,,2.13,,,3.941,,,
134,134,0,221.0,2026-05-29T15:44:48,1432.6,,,5.4967,4.9183,0.5784,0.0038,0.9959,,2.122,,,3.94,,,
135,135,0,222.0,2026-05-29T15:44:49,1432.4,,,5.488,4.9106,0.5774,0.0038,0.9959,,2.113,,,3.94,,,
136,136,0,224.0,2026-05-29T15:44:51,1432.0,,,5.479,4.9025,0.5765,0.0038,0.9959,,2.105,,,3.939,,,
137,137,0,225.0,2026-05-29T15:44:52,1432.0,,,5.4702,4.8946,0.5756,0.0038,0.9959,,2.097,,,3.939,,,
138,138,0,227.0,2026-05-29T15:44:53,1431.9,,,5.4618,4.8871,0.5747,0.0038,0.9959,,2.089,,,3.939,,,
139,139,0,228.0,2026-05-29T15:44:55,1431.5,,,5.4533,4.8794,0.5739,0.0038,0.9959,,2.08,,,3.938,,,
140,140,0,230.0,2026-05-29T15:44:56,1431.8,,,5.445,4.8719,0.5731,0.0038,0.9959,,2.072,,,3.938,,,
141,141,0,231.0,2026-05-29T15:44:58,1432.1,,,5.4368,4.8645,0.5723,0.0038,0.9958,,2.065,,,3.937,,,
142,142,0,232.0,2026-05-29T15:44:59,1432.0,,,5.4283,4.8568,0.5715,0.0038,0.9958,,2.057,,,3.937,,,
143,143,0,234.0,2026-05-29T15:45:00,1431.0,,,5.4197,4.8491,0.5706,0.0038,0.9958,,2.049,,,3.936,,,
144,144,0,235.0,2026-05-29T15:45:02,1431.4,,,5.4116,4.8416,0.57,0.0038,0.9958,,2.042,,,3.936,,,
145,145,0,237.0,2026-05-29T15:45:04,1432.2,,,5.4036,4.8344,0.5692,0.0038,0.9958,,2.034,,,3.936,,,
146,146,0,238.0,2026-05-29T15:45:05,1431.9,,,5.3957,4.8272,0.5685,0.0038,0.9958,,2.027,,,3.935,,,
147,147,0,240.0,2026-05-29T15:45:06,1431.6,,,5.3873,4.8196,0.5677,0.0038,0.9958,,2.019,,,3.935,,,
148,148,0,241.0,2026-05-29T15:45:08,1431.8,,,5.3789,4.8121,0.5668,0.0038,0.9957,,2.013,,,3.934,,,
149,149,0,243.0,2026-05-29T15:45:09,1432.1,,,5.3716,4.8053,0.5663,0.0038,0.9957,,2.005,,,3.934,,,
150,150,0,244.0,2026-05-29T15:45:11,1432.1,,,5.3637,4.7981,0.5656,0.0038,0.9957,,1.998,,,3.934,,,
151,151,0,246.0,2026-05-29T15:45:13,1433.5,,,5.3561,4.7911,0.565,0.0038,0.9957,,1.991,,,3.933,,,
152,152,0,247.0,2026-05-29T15:45:14,1435.3,,,5.3478,4.7837,0.5641,0.0038,0.9957,,1.984,,,3.933,,,
153,153,0,249.0,2026-05-29T15:45:16,1436.8,,,5.3402,4.7768,0.5634,0.0038,0.9956,,1.977,,,3.932,,,
154,154,0,251.0,2026-05-29T15:45:18,1438.3,,,5.3329,4.7701,0.5628,0.0038,0.9956,,1.971,,,3.932,,,
155,155,0,252.0,2026-05-29T15:45:19,1438.9,,,5.325,4.7631,0.5619,0.0038,0.9956,,1.964,,,3.932,,,
156,156,0,254.0,2026-05-29T15:45:21,1439.0,,,5.3177,4.7564,0.5613,0.0038,0.9956,,1.957,,,3.932,,,
157,157,0,256.0,2026-05-29T15:45:22,1439.9,,,5.31,4.7494,0.5606,0.0038,0.9956,,1.951,,,3.931,,,
158,158,0,257.0,2026-05-29T15:45:24,1440.9,,,5.3027,4.7427,0.56,0.0038,0.9956,,1.944,,,3.931,,,
159,159,0,259.0,2026-05-29T15:45:26,1441.6,,,5.2955,4.7361,0.5594,0.0038,0.9955,,1.937,,,3.931,,,
160,160,0,260.0,2026-05-29T15:45:27,1442.1,,,5.2883,4.7295,0.5588,0.0038,0.9955,,1.931,,,3.931,,,
161,161,0,262.0,2026-05-29T15:45:29,1442.9,,,5.2808,4.7228,0.558,0.0038,0.9955,,1.924,,,3.93,,,
162,162,0,264.0,2026-05-29T15:45:30,1443.6,,,5.274,4.7166,0.5574,0.0038,0.9955,,1.918,,,3.93,,,
163,163,0,265.0,2026-05-29T15:45:32,1444.4,,,5.267,4.7102,0.5568,0.0038,0.9955,,1.912,,,3.93,,,
164,164,0,267.0,2026-05-29T15:45:33,1444.4,,,5.26,4.7038,0.5562,0.0038,0.9954,,1.906,,,3.93,,,
165,165,0,268.0,2026-05-29T15:45:35,1444.7,,,5.2535,4.6978,0.5557,0.0038,0.9954,,1.9,,,3.93,,,
166,166,0,270.0,2026-05-29T15:45:37,1445.0,,,5.2467,4.6916,0.5551,0.0038,0.9954,,1.893,,,3.929,,,
167,167,0,271.0,2026-05-29T15:45:38,1445.2,,,5.2402,4.6856,0.5546,0.0038,0.9954,,1.888,,,3.929,,,
168,168,0,273.0,2026-05-29T15:45:40,1445.6,,,5.2336,4.6795,0.5541,0.0038,0.9953,,1.882,,,3.929,,,
169,169,0,274.0,2026-05-29T15:45:41,1446.2,,,5.2277,4.674,0.5537,0.0038,0.9953,,1.876,,,3.929,,,
170,170,0,276.0,2026-05-29T15:45:43,1447.1,,,5.2211,4.668,0.5531,0.0038,0.9953,,1.87,,,3.929,,,
171,171,0,278.0,2026-05-29T15:45:44,1447.6,,,5.2144,4.6619,0.5525,0.0038,0.9953,,1.865,,,3.929,,,
172,172,0,279.0,2026-05-29T15:45:46,1448.3,,,5.2078,4.6558,0.552,0.0038,0.9952,,1.859,,,3.929,,,
173,173,0,281.0,2026-05-29T15:45:47,1448.7,,,5.2016,4.6501,0.5515,0.0038,0.9952,,1.853,,,3.929,,,
174,174,0,282.0,2026-05-29T15:45:49,1449.1,,,5.1953,4.6443,0.551,0.0038,0.9952,,1.848,,,3.928,,,
175,175,0,284.0,2026-05-29T15:45:51,1449.2,,,5.1885,4.6381,0.5504,0.0038,0.9952,,1.843,,,3.928,,,
176,176,0,286.0,2026-05-29T15:45:52,1449.8,,,5.1818,4.6321,0.5497,0.0038,0.9951,,1.837,,,3.928,,,
177,177,0,287.0,2026-05-29T15:45:54,1449.9,,,5.1759,4.6267,0.5492,0.0038,0.9951,,1.832,,,3.928,,,
178,178,0,288.0,2026-05-29T15:45:55,1449.8,,,5.1698,4.6211,0.5487,0.0038,0.9951,,1.827,,,3.928,,,
179,179,0,290.0,2026-05-29T15:45:57,1450.3,,,5.1637,4.6155,0.5482,0.0038,0.995,,1.821,,,3.928,,,
180,180,0,292.0,2026-05-29T15:45:58,1451.7,,,5.1573,4.6096,0.5477,0.0038,0.995,,1.816,,,3.928,,,
181,181,0,293.0,2026-05-29T15:46:00,1452.7,,,5.1512,4.604,0.5472,0.0038,0.995,,1.811,,,3.928,,,
182,182,0,295.0,2026-05-29T15:46:02,1452.6,,,5.1452,4.5985,0.5467,0.0038,0.995,,1.806,,,3.928,,,
183,183,0,296.0,2026-05-29T15:46:03,1452.6,,,5.1397,4.5934,0.5463,0.0038,0.9949,,1.801,,,3.928,,,
184,184,0,298.0,2026-05-29T15:46:05,1452.9,,,5.1338,4.588,0.5458,0.0038,0.9949,,1.796,,,3.929,,,
185,185,0,299.0,2026-05-29T15:46:06,1452.4,,,5.1277,4.5824,0.5453,0.0038,0.9949,,1.791,,,3.929,,,
186,186,0,301.0,2026-05-29T15:46:07,1452.2,,,5.1217,4.5769,0.5448,0.0038,0.9948,,1.786,,,3.929,,,
187,187,0,302.0,2026-05-29T15:46:09,1451.8,,,5.116,4.5716,0.5444,0.0038,0.9948,,1.781,,,3.929,,,
188,188,0,303.0,2026-05-29T15:46:10,1451.4,,,5.1108,4.5668,0.544,0.0038,0.9948,,1.776,,,3.929,,,
189,189,0,305.0,2026-05-29T15:46:12,1451.3,,,5.1049,4.5614,0.5435,0.0038,0.9947,,1.771,,,3.929,,,
190,190,0,306.0,2026-05-29T15:46:13,1451.2,,,5.0996,4.5564,0.5432,0.0038,0.9947,,1.766,,,3.929,,,
191,191,0,308.0,2026-05-29T15:46:15,1451.2,,,5.0939,4.5512,0.5427,0.0038,0.9946,,1.762,,,3.93,,,
192,192,0,309.0,2026-05-29T15:46:16,1450.8,,,5.0883,4.5461,0.5422,0.0038,0.9946,,1.757,,,3.93,,,
193,193,0,311.0,2026-05-29T15:46:17,1450.5,,,5.0827,4.5409,0.5418,0.0038,0.9946,,1.753,,,3.93,,,
194,194,0,312.0,2026-05-29T15:46:19,1450.5,,,5.077,4.5357,0.5413,0.0038,0.9945,,1.748,,,3.93,,,
195,195,0,313.0,2026-05-29T15:46:20,1450.1,,,5.0715,4.5307,0.5408,0.0038,0.9945,,1.743,,,3.93,,,
196,196,0,315.0,2026-05-29T15:46:22,1450.4,,,5.0658,4.5255,0.5403,0.0038,0.9944,,1.739,,,3.931,,,
197,197,0,317.0,2026-05-29T15:46:23,1450.9,,,5.0604,4.5205,0.5399,0.0038,0.9944,,1.735,,,3.931,,,
198,198,0,318.0,2026-05-29T15:46:25,1450.8,,,5.0545,4.5152,0.5393,0.0038,0.9944,,1.73,,,3.931,,,
199,199,0,319.0,2026-05-29T15:46:26,1450.3,,,5.0492,4.5103,0.5389,0.0038,0.9943,,1.726,,,3.932,,,
200,200,0,321.0,2026-05-29T15:46:28,1450.5,,,5.044,4.5055,0.5385,0.0038,0.9943,,1.722,,,3.932,,,
201,201,0,322.0,2026-05-29T15:46:29,1450.7,,,5.0383,4.5003,0.538,0.0038,0.9942,,1.717,,,3.932,,,
202,202,0,324.0,2026-05-29T15:46:31,1450.4,,,5.0324,4.495,0.5374,0.0038,0.9942,,1.713,,,3.933,,,
203,203,0,325.0,2026-05-29T15:46:32,1450.4,,,5.0271,4.4901,0.537,0.0038,0.9941,,1.709,,,3.933,,,
204,204,0,327.0,2026-05-29T15:46:33,1450.2,,,5.022,4.4854,0.5366,0.0038,0.9941,,1.705,,,3.934,,,
205,205,0,328.0,2026-05-29T15:46:35,1450.2,,,5.017,4.4808,0.5362,0.0038,0.994,,1.7,,,3.934,,,
206,206,0,330.0,2026-05-29T15:46:37,1450.6,,,5.0115,4.4758,0.5357,0.0038,0.994,,1.696,,,3.934,,,
207,207,0,331.0,2026-05-29T15:46:38,1450.7,,,5.0065,4.4712,0.5353,0.0038,0.9939,,1.692,,,3.935,,,
208,208,0,333.0,2026-05-29T15:46:40,1450.4,,,5.001,4.4662,0.5348,0.0038,0.9939,,1.688,,,3.935,,,
209,209,0,334.0,2026-05-29T15:46:41,1450.0,,,4.996,4.4616,0.5344,0.0038,0.9938,,1.684,,,3.936,,,
210,210,0,336.0,2026-05-29T15:46:42,1449.8,,,4.9909,4.4569,0.534,0.0038,0.9938,,1.68,,,3.936,,,
211,211,0,337.0,2026-05-29T15:46:44,1450.2,,,4.9861,4.4525,0.5336,0.0038,0.9937,,1.676,,,3.937,,,
212,212,0,339.0,2026-05-29T15:46:45,1450.1,,,4.9807,4.4476,0.5331,0.0038,0.9936,,1.672,,,3.937,,,
213,213,0,340.0,2026-05-29T15:46:47,1450.0,,,4.9759,4.4432,0.5327,0.0038,0.9936,,1.668,,,3.938,,,
214,214,0,341.0,2026-05-29T15:46:48,1450.0,,,4.9708,4.4386,0.5322,0.0038,0.9935,,1.664,,,3.938,,,
215,215,0,343.0,2026-05-29T15:46:50,1450.2,,,4.9658,4.434,0.5318,0.0038,0.9935,,1.66,,,3.939,,,
216,216,0,344.0,2026-05-29T15:46:51,1449.8,,,4.9603,4.429,0.5313,0.0038,0.9934,,1.656,,,3.94,,,
217,217,0,346.0,2026-05-29T15:46:53,1449.7,,,4.9554,4.4245,0.5309,0.0038,0.9933,,1.652,,,3.94,,,
218,218,0,347.0,2026-05-29T15:46:54,1449.7,,,4.9504,4.4199,0.5305,0.0038,0.9933,,1.649,,,3.941,,,
219,219,0,349.0,2026-05-29T15:46:55,1449.4,,,4.9457,4.4156,0.5301,0.0038,0.9932,,1.645,,,3.941,,,
220,220,0,350.0,2026-05-29T15:46:57,1449.2,,,4.9405,4.4109,0.5296,0.0038,0.9931,,1.641,,,3.942,,,
221,221,0,352.0,2026-05-29T15:46:58,1449.0,,,4.9353,4.4062,0.5291,0.0038,0.9931,,1.638,,,3.943,,,
222,222,0,353.0,2026-05-29T15:47:00,1448.9,,,4.9303,4.4016,0.5287,0.0038,0.993,,1.634,,,3.943,,,
223,223,0,354.0,2026-05-29T15:47:01,1448.5,,,4.9253,4.397,0.5283,0.0038,0.9929,,1.63,,,3.944,,,
224,224,0,356.0,2026-05-29T15:47:02,1448.4,,,4.9204,4.3925,0.5279,0.0038,0.9929,,1.627,,,3.945,,,
225,225,0,357.0,2026-05-29T15:47:04,1448.4,,,4.9152,4.3879,0.5273,0.0038,0.9928,,1.623,,,3.946,,,
226,226,0,359.0,2026-05-29T15:47:05,1448.3,,,4.9108,4.3838,0.527,0.0038,0.9927,,1.619,,,3.946,,,
227,227,0,360.0,2026-05-29T15:47:07,1448.0,,,4.9058,4.3793,0.5265,0.0038,0.9926,,1.616,,,3.947,,,
228,228,0,361.0,2026-05-29T15:47:08,1447.9,,,4.9008,4.3747,0.5261,0.0038,0.9925,,1.612,,,3.948,,,
229,229,0,363.0,2026-05-29T15:47:10,1447.9,,,4.8953,4.3698,0.5255,0.0038,0.9925,,1.609,,,3.949,,,
230,230,0,364.0,2026-05-29T15:47:11,1447.5,,,4.8902,4.3652,0.525,0.0038,0.9924,,1.605,,,3.95,,,
231,231,0,366.0,2026-05-29T15:47:13,1447.3,,,4.8856,4.361,0.5246,0.0038,0.9923,,1.602,,,3.951,,,
232,232,0,367.0,2026-05-29T15:47:14,1447.2,,,4.881,4.3567,0.5243,0.0038,0.9922,,1.598,,,3.951,,,
233,233,0,369.0,2026-05-29T15:47:15,1447.1,,,4.876,4.3522,0.5238,0.0038,0.9921,,1.595,,,3.952,,,
234,234,0,370.0,2026-05-29T15:47:17,1447.3,,,4.8709,4.3476,0.5233,0.0038,0.992,,1.592,,,3.953,,,
235,235,0,372.0,2026-05-29T15:47:18,1447.2,,,4.8662,4.3434,0.5228,0.0038,0.9919,,1.588,,,3.954,,,
236,236,0,373.0,2026-05-29T15:47:20,1447.1,,,4.8613,4.3389,0.5224,0.0038,0.9918,,1.585,,,3.955,,,
237,237,0,374.0,2026-05-29T15:47:21,1446.5,,,4.8569,4.3349,0.522,0.0038,0.9918,,1.582,,,3.956,,,
238,238,0,376.0,2026-05-29T15:47:23,1446.8,,,4.8523,4.3307,0.5216,0.0038,0.9917,,1.578,,,3.957,,,
239,239,0,378.0,2026-05-29T15:47:24,1446.8,,,4.8475,4.3263,0.5212,0.0038,0.9916,,1.575,,,3.958,,,
240,240,0,379.0,2026-05-29T15:47:26,1447.1,,,4.8429,4.3221,0.5208,0.0038,0.9915,,1.572,,,3.959,,,
241,241,0,381.0,2026-05-29T15:47:27,1446.8,,,4.838,4.3177,0.5203,0.0038,0.9914,,1.568,,,3.959,,,
242,242,0,382.0,2026-05-29T15:47:29,1446.6,,,4.8331,4.3133,0.5198,0.0038,0.9913,,1.565,,,3.96,,,
243,243,0,383.0,2026-05-29T15:47:30,1446.4,,,4.8284,4.309,0.5194,0.0038,0.9912,,1.562,,,3.962,,,
244,244,0,385.0,2026-05-29T15:47:32,1446.7,,,4.8238,4.3049,0.5189,0.0038,0.9911,,1.559,,,3.963,,,
245,245,0,386.0,2026-05-29T15:47:33,1446.7,,,4.8189,4.3005,0.5184,0.0038,0.991,,1.555,,,3.964,,,
246,246,0,388.0,2026-05-29T15:47:34,1446.7,,,4.8146,4.2966,0.518,0.0038,0.9909,,1.552,,,3.965,,,
247,247,0,389.0,2026-05-29T15:47:36,1446.6,,,4.8106,4.2929,0.5177,0.0038,0.9907,,1.549,,,3.966,,,
248,248,0,391.0,2026-05-29T15:47:37,1446.9,,,4.8059,4.2886,0.5173,0.0038,0.9906,,1.546,,,3.967,,,
249,249,0,392.0,2026-05-29T15:47:39,1446.7,,,4.8014,4.2845,0.5169,0.0038,0.9905,,1.543,,,3.968,,,
250,250,0,394.0,2026-05-29T15:47:40,1446.5,,,4.797,4.2805,0.5165,0.0038,0.9904,,1.54,,,3.969,,,
251,251,0,395.0,2026-05-29T15:47:42,1446.4,,,4.7925,4.2764,0.5161,0.0038,0.9903,,1.537,,,3.97,,,
252,252,0,396.0,2026-05-29T15:47:43,1446.3,,,4.7882,4.2725,0.5157,0.0038,0.9902,,1.534,,,3.971,,,
253,253,0,398.0,2026-05-29T15:47:45,1446.2,,,4.7836,4.2684,0.5152,0.0038,0.9901,,1.531,,,3.972,,,
254,254,0,399.0,2026-05-29T15:47:46,1446.0,,,4.7793,4.2645,0.5148,0.0038,0.99,,1.528,,,3.973,,,
255,255,0,401.0,2026-05-29T15:47:48,1446.1,,,4.775,4.2606,0.5144,0.0038,0.9898,,1.525,,,3.975,,,
256,256,0,402.0,2026-05-29T15:47:49,1446.0,,,4.7705,4.2565,0.514,0.0038,0.9897,,1.522,,,3.976,,,
257,257,0,404.0,2026-05-29T15:47:50,1445.8,,,4.7662,4.2526,0.5136,0.0038,0.9896,,1.519,,,3.977,,,
258,258,0,405.0,2026-05-29T15:47:52,1446.2,,,4.7617,4.2485,0.5132,0.0038,0.9895,,1.516,,,3.978,,,
259,259,0,407.0,2026-05-29T15:47:53,1446.4,,,4.7572,4.2444,0.5128,0.0038,0.9894,,1.513,,,3.979,,,
260,260,0,408.0,2026-05-29T15:47:55,1446.4,,,4.7532,4.2407,0.5125,0.0038,0.9892,,1.51,,,3.98,,,
261,261,0,410.0,2026-05-29T15:47:56,1446.2,,,4.7488,4.2368,0.512,0.0038,0.9891,,1.507,,,3.982,,,
262,262,0,411.0,2026-05-29T15:47:58,1446.1,,,4.745,4.2333,0.5117,0.0038,0.989,,1.504,,,3.983,,,
263,263,0,412.0,2026-05-29T15:47:59,1446.0,,,4.7406,4.2293,0.5113,0.0038,0.9889,,1.501,,,3.984,,,
264,264,0,414.0,2026-05-29T15:48:01,1445.8,,,4.7364,4.2255,0.5109,0.0038,0.9887,,1.498,,,3.985,,,
265,265,0,415.0,2026-05-29T15:48:02,1446.3,,,4.7322,4.2217,0.5105,0.0038,0.9886,,1.495,,,3.987,,,
266,266,0,417.0,2026-05-29T15:48:04,1446.2,,,4.7281,4.218,0.5101,0.0038,0.9885,,1.493,,,3.988,,,
267,267,0,418.0,2026-05-29T15:48:05,1445.9,,,4.724,4.2142,0.5098,0.0038,0.9884,,1.49,,,3.989,,,
268,268,0,420.0,2026-05-29T15:48:06,1446.0,,,4.7196,4.2102,0.5094,0.0038,0.9882,,1.487,,,3.99,,,
269,269,0,421.0,2026-05-29T15:48:08,1445.9,,,4.7155,4.2065,0.509,0.0038,0.9881,,1.484,,,3.991,,,
270,270,0,423.0,2026-05-29T15:48:09,1446.1,,,4.7114,4.2028,0.5086,0.0038,0.988,,1.481,,,3.993,,,
271,271,0,424.0,2026-05-29T15:48:11,1445.7,,,4.7073,4.1991,0.5082,0.0038,0.9878,,1.479,,,3.994,,,
272,272,0,425.0,2026-05-29T15:48:12,1445.5,,,4.703,4.1952,0.5078,0.0038,0.9877,,1.476,,,3.995,,,
273,273,0,427.0,2026-05-29T15:48:14,1445.3,,,4.6992,4.1917,0.5075,0.0038,0.9876,,1.473,,,3.996,,,
274,274,0,428.0,2026-05-29T15:48:15,1445.2,,,4.6951,4.188,0.5071,0.0038,0.9875,,1.471,,,3.998,,,
275,275,0,430.0,2026-05-29T15:48:16,1445.1,,,4.6912,4.1844,0.5068,0.0038,0.9873,,1.468,,,3.999,,,
276,276,0,431.0,2026-05-29T15:48:18,1445.1,,,4.6869,4.1805,0.5064,0.0038,0.9872,,1.465,,,4.0,,,
277,277,0,433.0,2026-05-29T15:48:19,1445.2,,,4.683,4.1769,0.5061,0.0038,0.9871,,1.463,,,4.001,,,
278,278,0,434.0,2026-05-29T15:48:21,1444.8,,,4.679,4.1733,0.5057,0.0038,0.9869,,1.46,,,4.003,,,
279,279,0,436.0,2026-05-29T15:48:22,1445.0,,,4.6751,4.1698,0.5053,0.0038,0.9868,,1.458,,,4.004,,,
280,280,0,437.0,2026-05-29T15:48:24,1445.1,,,4.6711,4.1661,0.505,0.0038,0.9866,,1.455,,,4.005,,,
281,281,0,438.0,2026-05-29T15:48:25,1445.2,,,4.6673,4.1626,0.5047,0.0038,0.9865,,1.452,,,4.007,,,
282,282,0,440.0,2026-05-29T15:48:27,1445.2,,,4.6631,4.1588,0.5043,0.0038,0.9864,,1.45,,,4.008,,,
283,283,0,441.0,2026-05-29T15:48:28,1445.1,,,4.6593,4.1553,0.504,0.0038,0.9862,,1.447,,,4.009,,,
284,284,0,443.0,2026-05-29T15:48:30,1445.3,,,4.6553,4.1517,0.5036,0.0038,0.9861,,1.445,,,4.011,,,
285,285,0,444.0,2026-05-29T15:48:31,1445.0,,,4.6515,4.1482,0.5033,0.0038,0.986,,1.442,,,4.012,,,
286,286,0,446.0,2026-05-29T15:48:33,1445.0,,,4.6477,4.1447,0.503,0.0038,0.9858,,1.44,,,4.013,,,
287,287,0,447.0,2026-05-29T15:48:34,1445.0,,,4.6438,4.1412,0.5026,0.0038,0.9857,,1.438,,,4.015,,,
288,288,0,449.0,2026-05-29T15:48:35,1445.0,,,4.6403,4.138,0.5023,0.0038,0.9855,,1.435,,,4.016,,,
289,289,0,450.0,2026-05-29T15:48:37,1445.5,,,4.6362,4.1343,0.5019,0.0038,0.9854,,1.433,,,4.018,,,
290,290,0,452.0,2026-05-29T15:48:38,1445.4,,,4.6324,4.1308,0.5016,0.0038,0.9852,,1.43,,,4.019,,,
291,291,0,453.0,2026-05-29T15:48:40,1445.5,,,4.6289,4.1276,0.5013,0.0038,0.9851,,1.428,,,4.02,,,
292,292,0,455.0,2026-05-29T15:48:41,1445.5,,,4.625,4.1241,0.5009,0.0038,0.985,,1.425,,,4.022,,,
293,293,0,456.0,2026-05-29T15:48:43,1445.4,,,4.621,4.1205,0.5005,0.0038,0.9848,,1.423,,,4.023,,,
294,294,0,457.0,2026-05-29T15:48:44,1445.3,,,4.6173,4.1171,0.5002,0.0038,0.9847,,1.421,,,4.024,,,
295,295,0,459.0,2026-05-29T15:48:46,1445.3,,,4.6134,4.1136,0.4998,0.0038,0.9845,,1.418,,,4.026,,,
296,296,0,460.0,2026-05-29T15:48:47,1445.3,,,4.6095,4.11,0.4995,0.0038,0.9844,,1.416,,,4.027,,,
297,297,0,462.0,2026-05-29T15:48:49,1445.2,,,4.606,4.1068,0.4992,0.0038,0.9843,,1.414,,,4.029,,,
298,298,0,463.0,2026-05-29T15:48:50,1445.2,,,4.6022,4.1034,0.4988,0.0038,0.9841,,1.411,,,4.03,,,
299,299,0,465.0,2026-05-29T15:48:52,1445.4,,,4.5985,4.1,0.4985,0.0038,0.984,,1.409,,,4.031,,,
300,300,0,466.0,2026-05-29T15:48:53,1445.3,,,4.5952,4.097,0.4982,0.0038,0.9838,,1.407,,,4.033,,,
301,301,0,468.0,2026-05-29T15:48:55,1445.3,,,4.5912,4.0934,0.4978,0.0038,0.9837,,1.404,,,4.034,,,
302,302,0,469.0,2026-05-29T15:48:56,1445.1,,,4.5875,4.09,0.4975,0.0038,0.9836,,1.402,,,4.036,,,
303,303,0,471.0,2026-05-29T15:48:57,1445.5,,,4.5837,4.0866,0.4971,0.0038,0.9834,,1.4,,,4.037,,,
304,304,0,472.0,2026-05-29T15:48:59,1445.4,,,4.5802,4.0834,0.4968,0.0038,0.9833,,1.397,,,4.038,,,
305,305,0,474.0,2026-05-29T15:49:00,1445.3,,,4.5766,4.0801,0.4965,0.0038,0.9831,,1.395,,,4.04,,,
306,306,0,475.0,2026-05-29T15:49:02,1445.5,,,4.5733,4.0771,0.4962,0.0038,0.983,,1.393,,,4.041,,,
307,307,0,477.0,2026-05-29T15:49:03,1445.4,,,4.5698,4.0739,0.4959,0.0038,0.9828,,1.391,,,4.043,,,
308,308,0,478.0,2026-05-29T15:49:05,1445.3,,,4.5662,4.0706,0.4956,0.0038,0.9827,,1.388,,,4.044,,,
309,309,0,479.0,2026-05-29T15:49:06,1445.2,,,4.5626,4.0673,0.4953,0.0038,0.9825,,1.386,,,4.045,,,
310,310,0,481.0,2026-05-29T15:49:08,1445.2,,,4.559,4.0641,0.4949,0.0038,0.9824,,1.384,,,4.047,,,
311,311,0,482.0,2026-05-29T15:49:09,1445.0,,,4.5552,4.0606,0.4946,0.0038,0.9823,,1.382,,,4.048,,,
312,312,0,484.0,2026-05-29T15:49:10,1444.9,,,4.5515,4.0573,0.4942,0.0038,0.9821,,1.38,,,4.049,,,
313,313,0,485.0,2026-05-29T15:49:12,1444.9,,,4.5483,4.0544,0.4939,0.0038,0.982,,1.377,,,4.051,,,
314,314,0,487.0,2026-05-29T15:49:13,1445.1,,,4.5447,4.0511,0.4936,0.0038,0.9818,,1.375,,,4.052,,,
315,315,0,488.0,2026-05-29T15:49:15,1445.0,,,4.5411,4.0478,0.4933,0.0038,0.9817,,1.373,,,4.054,,,
316,316,0,490.0,2026-05-29T15:49:16,1445.2,,,4.5375,4.0446,0.4929,0.0038,0.9816,,1.371,,,4.055,,,
317,317,0,491.0,2026-05-29T15:49:18,1445.5,,,4.534,4.0414,0.4926,0.0038,0.9814,,1.369,,,4.056,,,
318,318,0,493.0,2026-05-29T15:49:19,1445.6,,,4.5305,4.0382,0.4923,0.0038,0.9813,,1.367,,,4.058,,,
319,319,0,494.0,2026-05-29T15:49:21,1445.8,,,4.5271,4.0351,0.492,0.0038,0.9811,,1.364,,,4.059,,,
320,320,0,496.0,2026-05-29T15:49:22,1445.9,,,4.5235,4.0319,0.4916,0.0038,0.981,,1.362,,,4.061,,,
321,321,0,497.0,2026-05-29T15:49:24,1446.1,,,4.5199,4.0286,0.4913,0.0038,0.9808,,1.36,,,4.062,,,
322,322,0,499.0,2026-05-29T15:49:25,1446.4,,,4.5166,4.0256,0.491,0.0038,0.9807,,1.358,,,4.064,,,
323,323,0,500.0,2026-05-29T15:49:27,1446.5,,,4.5131,4.0224,0.4907,0.0038,0.9805,,1.356,,,4.065,,,
324,324,0,502.0,2026-05-29T15:49:28,1446.4,,,4.5098,4.0194,0.4904,0.0038,0.9804,,1.354,,,4.066,,,
325,325,0,503.0,2026-05-29T15:49:30,1446.3,,,4.5066,4.0165,0.4901,0.0038,0.9803,,1.352,,,4.068,,,
326,326,0,504.0,2026-05-29T15:49:31,1446.0,,,4.5032,4.0133,0.4899,0.0038,0.9801,,1.35,,,4.069,,,
327,327,0,506.0,2026-05-29T15:49:33,1446.2,,,4.4999,4.0103,0.4896,0.0038,0.98,,1.348,,,4.071,,,
328,328,0,508.0,2026-05-29T15:49:34,1446.4,,,4.496,4.0068,0.4892,0.0038,0.9798,,1.346,,,4.072,,,
329,329,0,509.0,2026-05-29T15:49:36,1446.0,,,4.4929,4.004,0.4889,0.0038,0.9797,,1.344,,,4.074,,,
330,330,0,511.0,2026-05-29T15:49:37,1446.4,,,4.4896,4.001,0.4886,0.0038,0.9795,,1.342,,,4.075,,,
331,331,0,512.0,2026-05-29T15:49:39,1446.7,,,4.4862,3.9979,0.4883,0.0038,0.9794,,1.34,,,4.076,,,
332,332,0,514.0,2026-05-29T15:49:40,1446.8,,,4.483,3.9949,0.4881,0.0038,0.9793,,1.338,,,4.078,,,
333,333,0,515.0,2026-05-29T15:49:42,1447.0,,,4.4794,3.9917,0.4877,0.0038,0.9791,,1.336,,,4.079,,,
334,334,0,517.0,2026-05-29T15:49:43,1447.1,,,4.4762,3.9888,0.4874,0.0038,0.979,,1.334,,,4.081,,,
335,335,0,518.0,2026-05-29T15:49:45,1447.6,,,4.473,3.9859,0.4871,0.0038,0.9788,,1.332,,,4.082,,,
336,336,0,520.0,2026-05-29T15:49:47,1447.7,,,4.4697,3.9829,0.4868,0.0038,0.9787,,1.33,,,4.084,,,
337,337,0,521.0,2026-05-29T15:49:48,1447.9,,,4.4662,3.9797,0.4865,0.0038,0.9785,,1.328,,,4.085,,,
338,338,0,523.0,2026-05-29T15:49:50,1448.0,,,4.4628,3.9766,0.4862,0.0038,0.9784,,1.326,,,4.087,,,
339,339,0,524.0,2026-05-29T15:49:51,1447.8,,,4.4592,3.9734,0.4858,0.0038,0.9782,,1.324,,,4.088,,,
340,340,0,526.0,2026-05-29T15:49:53,1448.0,,,4.4561,3.9706,0.4855,0.0038,0.978,,1.322,,,4.09,,,
341,341,0,527.0,2026-05-29T15:49:54,1448.0,,,4.4527,3.9675,0.4852,0.0038,0.9779,,1.32,,,4.091,,,
342,342,0,529.0,2026-05-29T15:49:55,1448.0,,,4.4494,3.9645,0.4849,0.0038,0.9777,,1.318,,,4.093,,,
343,343,0,530.0,2026-05-29T15:49:57,1448.2,,,4.4461,3.9615,0.4846,0.0038,0.9776,,1.317,,,4.094,,,
344,344,0,532.0,2026-05-29T15:49:59,1448.4,,,4.443,3.9586,0.4844,0.0038,0.9774,,1.315,,,4.096,,,
345,345,0,533.0,2026-05-29T15:50:00,1448.6,,,4.4399,3.9558,0.4841,0.0038,0.9773,,1.313,,,4.097,,,
346,346,0,535.0,2026-05-29T15:50:02,1448.7,,,4.4367,3.9529,0.4838,0.0038,0.9771,,1.311,,,4.099,,,
347,347,0,536.0,2026-05-29T15:50:03,1448.7,,,4.4332,3.9497,0.4835,0.0038,0.977,,1.309,,,4.1,,,
348,348,0,538.0,2026-05-29T15:50:04,1448.7,,,4.4301,3.9469,0.4832,0.0038,0.9768,,1.307,,,4.102,,,
349,349,0,539.0,2026-05-29T15:50:06,1449.0,,,4.4267,3.9438,0.4829,0.0038,0.9767,,1.305,,,4.103,,,
350,350,0,541.0,2026-05-29T15:50:08,1448.9,,,4.4234,3.9408,0.4826,0.0038,0.9765,,1.303,,,4.105,,,
351,351,0,542.0,2026-05-29T15:50:09,1449.1,,,4.4202,3.9379,0.4823,0.0038,0.9763,,1.301,,,4.106,,,
352,352,0,544.0,2026-05-29T15:50:11,1449.2,,,4.4169,3.9349,0.482,0.0038,0.9762,,1.299,,,4.108,,,
353,353,0,545.0,2026-05-29T15:50:12,1449.1,,,4.4134,3.9318,0.4816,0.0038,0.976,,1.298,,,4.109,,,
354,354,0,547.0,2026-05-29T15:50:13,1449.0,,,4.4104,3.9291,0.4813,0.0038,0.9759,,1.296,,,4.111,,,
355,355,0,548.0,2026-05-29T15:50:15,1449.1,,,4.407,3.926,0.481,0.0038,0.9757,,1.294,,,4.112,,,
356,356,0,550.0,2026-05-29T15:50:16,1449.1,,,4.4038,3.9231,0.4807,0.0038,0.9756,,1.292,,,4.114,,,
357,357,0,551.0,2026-05-29T15:50:18,1449.0,,,4.4005,3.9201,0.4804,0.0038,0.9754,,1.29,,,4.116,,,
358,358,0,553.0,2026-05-29T15:50:19,1449.0,,,4.3972,3.9171,0.4801,0.0038,0.9753,,1.288,,,4.117,,,
359,359,0,554.0,2026-05-29T15:50:21,1448.7,,,4.394,3.9142,0.4798,0.0038,0.9751,,1.287,,,4.119,,,
360,360,0,555.0,2026-05-29T15:50:22,1448.7,,,4.3906,3.9111,0.4795,0.0038,0.975,,1.285,,,4.12,,,
361,361,0,557.0,2026-05-29T15:50:24,1448.7,,,4.3874,3.9082,0.4792,0.0038,0.9748,,1.283,,,4.122,,,
362,362,0,558.0,2026-05-29T15:50:25,1448.7,,,4.3841,3.9052,0.4789,0.0038,0.9746,,1.281,,,4.123,,,
363,363,0,560.0,2026-05-29T15:50:27,1448.8,,,4.3811,3.9024,0.4787,0.0038,0.9745,,1.279,,,4.125,,,
364,364,0,561.0,2026-05-29T15:50:28,1448.7,,,4.3778,3.8994,0.4784,0.0038,0.9743,,1.278,,,4.126,,,
365,365,0,563.0,2026-05-29T15:50:29,1448.7,,,4.3745,3.8964,0.4781,0.0038,0.9742,,1.276,,,4.128,,,
366,366,0,564.0,2026-05-29T15:50:31,1448.5,,,4.3712,3.8934,0.4778,0.0038,0.974,,1.274,,,4.13,,,
367,367,0,566.0,2026-05-29T15:50:32,1448.6,,,4.3679,3.8904,0.4775,0.0038,0.9739,,1.272,,,4.131,,,
368,368,0,567.0,2026-05-29T15:50:34,1448.6,,,4.3648,3.8876,0.4772,0.0038,0.9737,,1.271,,,4.133,,,
369,369,0,569.0,2026-05-29T15:50:35,1448.6,,,4.3615,3.8846,0.4769,0.0038,0.9735,,1.269,,,4.134,,,
370,370,0,570.0,2026-05-29T15:50:37,1448.8,,,4.3586,3.882,0.4766,0.0038,0.9734,,1.267,,,4.136,,,
371,371,0,572.0,2026-05-29T15:50:38,1449.0,,,4.3555,3.8791,0.4764,0.0038,0.9732,,1.265,,,4.138,,,
372,372,0,573.0,2026-05-29T15:50:40,1449.0,,,4.3525,3.8764,0.4761,0.0038,0.973,,1.264,,,4.139,,,
373,373,0,575.0,2026-05-29T15:50:41,1449.2,,,4.3495,3.8736,0.4759,0.0038,0.9728,,1.262,,,4.141,,,
374,374,0,576.0,2026-05-29T15:50:43,1449.3,,,4.3463,3.8707,0.4756,0.0038,0.9727,,1.26,,,4.143,,,
375,375,0,578.0,2026-05-29T15:50:44,1449.5,,,4.3433,3.868,0.4753,0.0038,0.9725,,1.259,,,4.144,,,
376,376,0,579.0,2026-05-29T15:50:46,1449.3,,,4.34,3.865,0.475,0.0038,0.9723,,1.257,,,4.146,,,
377,377,0,581.0,2026-05-29T15:50:47,1449.6,,,4.3369,3.8621,0.4748,0.0038,0.9722,,1.255,,,4.147,,,
378,378,0,582.0,2026-05-29T15:50:49,1449.7,,,4.3336,3.8592,0.4744,0.0038,0.972,,1.254,,,4.149,,,
379,379,0,584.0,2026-05-29T15:50:50,1449.9,,,4.3307,3.8565,0.4742,0.0038,0.9718,,1.252,,,4.151,,,
380,380,0,585.0,2026-05-29T15:50:52,1450.2,,,4.3275,3.8536,0.4739,0.0038,0.9717,,1.25,,,4.153,,,
381,381,0,587.0,2026-05-29T15:50:54,1450.6,,,4.3241,3.8506,0.4735,0.0038,0.9715,,1.249,,,4.154,,,
382,382,0,589.0,2026-05-29T15:50:55,1450.7,,,4.321,3.8478,0.4732,0.0038,0.9713,,1.247,,,4.156,,,
383,383,0,590.0,2026-05-29T15:50:57,1451.0,,,4.3181,3.8451,0.473,0.0038,0.9711,,1.245,,,4.158,,,
384,384,0,592.0,2026-05-29T15:50:58,1451.4,,,4.315,3.8423,0.4727,0.0038,0.971,,1.244,,,4.16,,,
385,385,0,593.0,2026-05-29T15:51:00,1451.6,,,4.3118,3.8394,0.4724,0.0038,0.9708,,1.242,,,4.161,,,
386,386,0,595.0,2026-05-29T15:51:02,1451.9,,,4.3087,3.8365,0.4722,0.0038,0.9706,,1.24,,,4.163,,,
387,387,0,597.0,2026-05-29T15:51:03,1452.3,,,4.3053,3.8335,0.4718,0.0038,0.9704,,1.239,,,4.165,,,
388,388,0,598.0,2026-05-29T15:51:05,1452.3,,,4.3023,3.8307,0.4716,0.0038,0.9703,,1.237,,,4.166,,,
389,389,0,600.0,2026-05-29T15:51:06,1452.6,,,4.2991,3.8278,0.4713,0.0038,0.9701,,1.235,,,4.168,,,
390,390,0,601.0,2026-05-29T15:51:08,1452.9,,,4.296,3.825,0.471,0.0038,0.9699,,1.234,,,4.17,,,
391,391,0,603.0,2026-05-29T15:51:10,1453.3,,,4.2929,3.8222,0.4707,0.0038,0.9697,,1.232,,,4.172,,,
392,392,0,604.0,2026-05-29T15:51:11,1453.4,,,4.2899,3.8194,0.4705,0.0038,0.9695,,1.231,,,4.174,,,
393,393,0,606.0,2026-05-29T15:51:13,1453.5,,,4.2867,3.8165,0.4702,0.0038,0.9694,,1.229,,,4.175,,,
394,394,0,608.0,2026-05-29T15:51:14,1453.8,,,4.2834,3.8135,0.4699,0.0038,0.9692,,1.228,,,4.177,,,
395,395,0,609.0,2026-05-29T15:51:16,1453.9,,,4.2802,3.8106,0.4696,0.0038,0.969,,1.226,,,4.179,,,
396,396,0,611.0,2026-05-29T15:51:17,1454.1,,,4.2772,3.8079,0.4693,0.0038,0.9688,,1.224,,,4.181,,,
397,397,0,612.0,2026-05-29T15:51:19,1454.4,,,4.2743,3.8052,0.4691,0.0038,0.9686,,1.223,,,4.183,,,
398,398,0,614.0,2026-05-29T15:51:20,1454.4,,,4.2713,3.8025,0.4688,0.0038,0.9685,,1.221,,,4.184,,,
399,399,0,615.0,2026-05-29T15:51:22,1454.5,,,4.2683,3.7998,0.4685,0.0038,0.9683,,1.22,,,4.186,,,
400,400,0,617.0,2026-05-29T15:51:23,1454.6,,,4.2653,3.797,0.4683,0.0038,0.9681,,1.218,,,4.188,,,
401,401,0,618.0,2026-05-29T15:51:25,1454.8,,,4.2622,3.7942,0.468,0.0038,0.9679,,1.217,,,4.19,,,
402,402,0,620.0,2026-05-29T15:51:27,1455.2,,,4.2593,3.7916,0.4677,0.0038,0.9677,,1.215,,,4.192,,,
403,403,0,622.0,2026-05-29T15:51:28,1455.4,,,4.2562,3.7887,0.4675,0.0038,0.9675,,1.214,,,4.194,,,
404,404,0,623.0,2026-05-29T15:51:30,1455.4,,,4.2531,3.7859,0.4672,0.0038,0.9674,,1.212,,,4.195,,,
405,405,0,624.0,2026-05-29T15:51:31,1455.4,,,4.2502,3.7832,0.467,0.0038,0.9672,,1.211,,,4.197,,,
406,406,0,626.0,2026-05-29T15:51:33,1455.4,,,4.2474,3.7806,0.4668,0.0038,0.967,,1.209,,,4.199,,,
407,407,0,627.0,2026-05-29T15:51:34,1455.4,,,4.2444,3.7779,0.4665,0.0038,0.9668,,1.208,,,4.201,,,
408,408,0,629.0,2026-05-29T15:51:36,1455.6,,,4.2411,3.7749,0.4662,0.0038,0.9666,,1.206,,,4.203,,,
409,409,0,631.0,2026-05-29T15:51:37,1455.9,,,4.2381,3.7722,0.4659,0.0038,0.9665,,1.204,,,4.205,,,
410,410,0,632.0,2026-05-29T15:51:39,1456.2,,,4.2352,3.7695,0.4657,0.0038,0.9663,,1.203,,,4.207,,,
411,411,0,634.0,2026-05-29T15:51:41,1456.3,,,4.2322,3.7668,0.4654,0.0038,0.9661,,1.201,,,4.209,,,
412,412,0,635.0,2026-05-29T15:51:42,1456.3,,,4.2293,3.7641,0.4652,0.0038,0.9659,,1.2,,,4.21,,,
413,413,0,637.0,2026-05-29T15:51:43,1456.2,,,4.2264,3.7615,0.4649,0.0038,0.9657,,1.198,,,4.212,,,
414,414,0,638.0,2026-05-29T15:51:45,1456.3,,,4.2233,3.7587,0.4646,0.0038,0.9655,,1.197,,,4.214,,,
415,415,0,640.0,2026-05-29T15:51:46,1456.1,,,4.2203,3.7559,0.4644,0.0038,0.9653,,1.196,,,4.216,,,
416,416,0,641.0,2026-05-29T15:51:48,1456.0,,,4.2173,3.7532,0.4641,0.0038,0.9651,,1.194,,,4.218,,,
417,417,0,643.0,2026-05-29T15:51:49,1456.0,,,4.2145,3.7506,0.4639,0.0038,0.9649,,1.193,,,4.22,,,
418,418,0,644.0,2026-05-29T15:51:51,1455.8,,,4.2118,3.7481,0.4637,0.0038,0.9647,,1.191,,,4.222,,,
419,419,0,645.0,2026-05-29T15:51:52,1455.7,,,4.2087,3.7453,0.4634,0.0038,0.9645,,1.19,,,4.225,,,
420,420,0,647.0,2026-05-29T15:51:53,1455.6,,,4.2057,3.7426,0.4631,0.0038,0.9643,,1.188,,,4.227,,,
421,421,0,648.0,2026-05-29T15:51:55,1455.6,,,4.203,3.7401,0.4629,0.0038,0.9642,,1.187,,,4.229,,,
422,422,0,650.0,2026-05-29T15:51:56,1455.4,,,4.1998,3.7372,0.4626,0.0038,0.964,,1.185,,,4.231,,,
423,423,0,651.0,2026-05-29T15:51:58,1455.3,,,4.1971,3.7347,0.4624,0.0038,0.9638,,1.184,,,4.233,,,
424,424,0,653.0,2026-05-29T15:51:59,1455.5,,,4.1942,3.7321,0.4621,0.0038,0.9636,,1.182,,,4.235,,,
425,425,0,655.0,2026-05-29T15:52:01,1456.6,,,4.1914,3.7295,0.4619,0.0038,0.9634,,1.181,,,4.237,,,
426,426,0,656.0,2026-05-29T15:52:03,1456.8,,,4.1884,3.7268,0.4616,0.0038,0.9632,,1.18,,,4.239,,,
427,427,0,658.0,2026-05-29T15:52:04,1456.8,,,4.1857,3.7243,0.4614,0.0038,0.9629,,1.178,,,4.242,,,
428,428,0,659.0,2026-05-29T15:52:06,1456.7,,,4.1829,3.7217,0.4612,0.0038,0.9627,,1.177,,,4.244,,,
429,429,0,661.0,2026-05-29T15:52:07,1456.8,,,4.1799,3.719,0.4609,0.0038,0.9625,,1.175,,,4.246,,,
430,430,0,662.0,2026-05-29T15:52:09,1456.8,,,4.1771,3.7164,0.4607,0.0038,0.9623,,1.174,,,4.248,,,
431,431,0,664.0,2026-05-29T15:52:10,1456.9,,,4.1742,3.7137,0.4605,0.0038,0.9621,,1.173,,,4.251,,,
432,432,0,665.0,2026-05-29T15:52:12,1457.0,,,4.1714,3.7111,0.4603,0.0038,0.9619,,1.171,,,4.253,,,
433,433,0,667.0,2026-05-29T15:52:13,1457.0,,,4.1685,3.7085,0.46,0.0038,0.9617,,1.17,,,4.255,,,
434,434,0,668.0,2026-05-29T15:52:15,1457.2,,,4.1656,3.7058,0.4598,0.0038,0.9615,,1.169,,,4.258,,,
435,435,0,670.0,2026-05-29T15:52:16,1457.1,,,4.1628,3.7033,0.4595,0.0038,0.9613,,1.167,,,4.26,,,
436,436,0,671.0,2026-05-29T15:52:18,1457.1,,,4.1602,3.7009,0.4593,0.0038,0.9611,,1.166,,,4.263,,,
437,437,0,673.0,2026-05-29T15:52:19,1457.2,,,4.1573,3.6982,0.4591,0.0038,0.9609,,1.165,,,4.265,,,
438,438,0,674.0,2026-05-29T15:52:21,1457.2,,,4.1546,3.6957,0.4589,0.0038,0.9606,,1.164,,,4.268,,,
439,439,0,676.0,2026-05-29T15:52:22,1457.5,,,4.1517,3.6931,0.4586,0.0038,0.9604,,1.162,,,4.27,,,
440,440,0,677.0,2026-05-29T15:52:24,1457.5,,,4.1491,3.6907,0.4584,0.0038,0.9602,,1.161,,,4.273,,,
441,441,0,678.0,2026-05-29T15:52:25,1457.3,,,4.1464,3.6882,0.4582,0.0038,0.96,,1.16,,,4.275,,,
442,442,0,680.0,2026-05-29T15:52:27,1457.2,,,4.1437,3.6857,0.458,0.0038,0.9598,,1.158,,,4.278,,,
443,443,0,681.0,2026-05-29T15:52:28,1457.1,,,4.1408,3.6831,0.4577,0.0038,0.9595,,1.157,,,4.28,,,
444,444,0,683.0,2026-05-29T15:52:29,1457.0,,,4.1379,3.6804,0.4575,0.0038,0.9593,,1.156,,,4.283,,,
445,445,0,684.0,2026-05-29T15:52:31,1457.2,,,4.1351,3.6779,0.4572,0.0038,0.9591,,1.155,,,4.286,,,
446,446,0,686.0,2026-05-29T15:52:33,1457.1,,,4.1325,3.6755,0.457,0.0038,0.9589,,1.153,,,4.288,,,
447,447,0,687.0,2026-05-29T15:52:34,1457.2,,,4.1297,3.6729,0.4568,0.0038,0.9587,,1.152,,,4.291,,,
448,448,0,689.0,2026-05-29T15:52:35,1457.3,,,4.1268,3.6703,0.4565,0.0038,0.9585,,1.151,,,4.294,,,
449,449,0,690.0,2026-05-29T15:52:37,1457.4,,,4.1239,3.6676,0.4563,0.0038,0.9582,,1.149,,,4.297,,,
450,450,0,692.0,2026-05-29T15:52:39,1457.6,,,4.121,3.665,0.456,0.0038,0.958,,1.148,,,4.299,,,
451,451,0,693.0,2026-05-29T15:52:40,1457.6,,,4.1185,3.6627,0.4558,0.0038,0.9578,,1.147,,,4.302,,,
452,452,0,695.0,2026-05-29T15:52:42,1457.7,,,4.1157,3.6601,0.4556,0.0038,0.9576,,1.146,,,4.305,,,
453,453,0,696.0,2026-05-29T15:52:43,1457.7,,,4.113,3.6576,0.4554,0.0038,0.9573,,1.144,,,4.308,,,
454,454,0,698.0,2026-05-29T15:52:45,1457.7,,,4.1104,3.6552,0.4552,0.0038,0.9571,,1.143,,,4.311,,,
455,455,0,699.0,2026-05-29T15:52:46,1457.4,,,4.1079,3.6529,0.455,0.0038,0.9569,,1.142,,,4.314,,,
456,456,0,701.0,2026-05-29T15:52:48,1457.6,,,4.105,3.6502,0.4548,0.0038,0.9566,,1.141,,,4.317,,,
457,457,0,702.0,2026-05-29T15:52:49,1457.7,,,4.1023,3.6477,0.4546,0.0038,0.9564,,1.14,,,4.32,,,
458,458,0,704.0,2026-05-29T15:52:51,1457.7,,,4.0996,3.6453,0.4543,0.0038,0.9562,,1.139,,,4.323,,,
459,459,0,705.0,2026-05-29T15:52:52,1457.8,,,4.097,3.6429,0.4541,0.0038,0.9559,,1.137,,,4.326,,,
460,460,0,707.0,2026-05-29T15:52:54,1458.1,,,4.0943,3.6404,0.4539,0.0038,0.9557,,1.136,,,4.33,,,
461,461,0,709.0,2026-05-29T15:52:55,1458.1,,,4.0918,3.6381,0.4537,0.0038,0.9554,,1.135,,,4.333,,,
462,462,0,710.0,2026-05-29T15:52:57,1458.2,,,4.0895,3.6359,0.4536,0.0038,0.9552,,1.134,,,4.336,,,
463,463,0,712.0,2026-05-29T15:52:58,1458.2,,,4.087,3.6336,0.4534,0.0038,0.9549,,1.133,,,4.34,,,
464,464,0,713.0,2026-05-29T15:53:00,1458.2,,,4.0844,3.6313,0.4531,0.0038,0.9547,,1.132,,,4.343,,,
465,465,0,715.0,2026-05-29T15:53:02,1458.3,,,4.0817,3.6288,0.4529,0.0038,0.9544,,1.13,,,4.346,,,
466,466,0,716.0,2026-05-29T15:53:03,1458.5,,,4.0793,3.6265,0.4528,0.0038,0.9542,,1.129,,,4.35,,,
467,467,0,718.0,2026-05-29T15:53:05,1458.6,,,4.0765,3.6239,0.4526,0.0038,0.954,,1.128,,,4.353,,,
468,468,0,719.0,2026-05-29T15:53:06,1458.8,,,4.0737,3.6214,0.4523,0.0038,0.9537,,1.127,,,4.357,,,
469,469,0,721.0,2026-05-29T15:53:08,1459.0,,,4.071,3.6189,0.4521,0.0038,0.9534,,1.126,,,4.36,,,
470,470,0,723.0,2026-05-29T15:53:09,1459.4,,,4.0684,3.6165,0.4519,0.0038,0.9532,,1.125,,,4.364,,,
471,471,0,724.0,2026-05-29T15:53:11,1459.6,,,4.0659,3.6142,0.4517,0.0038,0.9529,,1.124,,,4.368,,,
472,472,0,726.0,2026-05-29T15:53:13,1459.9,,,4.0633,3.6118,0.4515,0.0038,0.9526,,1.123,,,4.371,,,
473,473,0,728.0,2026-05-29T15:53:14,1460.2,,,4.0606,3.6093,0.4513,0.0038,0.9524,,1.122,,,4.375,,,
474,474,0,729.0,2026-05-29T15:53:16,1460.4,,,4.0581,3.607,0.4511,0.0038,0.9521,,1.121,,,4.379,,,
475,475,0,731.0,2026-05-29T15:53:18,1460.7,,,4.0555,3.6046,0.4509,0.0038,0.9518,,1.12,,,4.383,,,
476,476,0,732.0,2026-05-29T15:53:19,1460.9,,,4.0529,3.6023,0.4506,0.0038,0.9515,,1.119,,,4.386,,,
477,477,0,734.0,2026-05-29T15:53:21,1461.1,,,4.0504,3.6,0.4504,0.0038,0.9512,,1.118,,,4.39,,,
478,478,0,736.0,2026-05-29T15:53:22,1461.4,,,4.0482,3.5979,0.4503,0.0038,0.9509,,1.117,,,4.394,,,
479,479,0,737.0,2026-05-29T15:53:24,1461.6,,,4.0457,3.5956,0.4501,0.0038,0.9507,,1.116,,,4.398,,,
480,480,0,739.0,2026-05-29T15:53:26,1461.8,,,4.0432,3.5933,0.4499,0.0038,0.9504,,1.115,,,4.402,,,
481,481,0,741.0,2026-05-29T15:53:27,1462.0,,,4.0407,3.591,0.4497,0.0038,0.95,,1.114,,,4.407,,,
482,482,0,742.0,2026-05-29T15:53:29,1462.4,,,4.0384,3.5888,0.4496,0.0038,0.9497,,1.113,,,4.411,,,
483,483,0,744.0,2026-05-29T15:53:30,1462.5,,,4.0359,3.5865,0.4494,0.0038,0.9494,,1.112,,,4.415,,,
484,484,0,745.0,2026-05-29T15:53:32,1462.7,,,4.0335,3.5843,0.4492,0.0038,0.9491,,1.111,,,4.419,,,
485,485,0,747.0,2026-05-29T15:53:34,1462.9,,,4.0309,3.5819,0.449,0.0038,0.9488,,1.11,,,4.424,,,
486,486,0,748.0,2026-05-29T15:53:35,1463.1,,,4.0285,3.5797,0.4488,0.0038,0.9485,,1.109,,,4.428,,,
487,487,0,750.0,2026-05-29T15:53:37,1463.2,,,4.0259,3.5773,0.4486,0.0038,0.9481,,1.108,,,4.433,,,
488,488,0,752.0,2026-05-29T15:53:38,1463.4,,,4.0233,3.5749,0.4484,0.0038,0.9478,,1.108,,,4.437,,,
489,489,0,753.0,2026-05-29T15:53:40,1463.5,,,4.021,3.5728,0.4482,0.0038,0.9475,,1.107,,,4.442,,,
490,490,0,755.0,2026-05-29T15:53:41,1463.5,,,4.0185,3.5705,0.448,0.0038,0.9471,,1.106,,,4.446,,,
491,491,0,756.0,2026-05-29T15:53:43,1463.7,,,4.016,3.5682,0.4478,0.0038,0.9468,,1.105,,,4.451,,,
492,492,0,758.0,2026-05-29T15:53:45,1463.8,,,4.0135,3.5659,0.4476,0.0038,0.9464,,1.104,,,4.456,,,
493,493,0,759.0,2026-05-29T15:53:46,1463.7,,,4.0112,3.5638,0.4474,0.0038,0.946,,1.103,,,4.461,,,
494,494,0,761.0,2026-05-29T15:53:48,1463.9,,,4.0088,3.5616,0.4472,0.0038,0.9457,,1.103,,,4.466,,,
495,495,0,762.0,2026-05-29T15:53:49,1463.9,,,4.0064,3.5594,0.447,0.0038,0.9453,,1.102,,,4.471,,,
496,496,0,764.0,2026-05-29T15:53:51,1463.9,,,4.0043,3.5574,0.4469,0.0038,0.9449,,1.101,,,4.476,,,
497,497,0,766.0,2026-05-29T15:53:52,1464.2,,,4.0018,3.5551,0.4467,0.0038,0.9445,,1.1,,,4.481,,,
498,498,0,767.0,2026-05-29T15:53:54,1464.5,,,3.9993,3.5528,0.4465,0.0038,0.9441,,1.099,,,4.486,,,
499,499,0,769.0,2026-05-29T15:53:55,1464.7,,,3.9969,3.5506,0.4463,0.0038,0.9437,,1.099,,,4.491,,,
500,500,0,770.0,2026-05-29T15:53:57,1464.9,,,3.9946,3.5485,0.4461,0.0038,0.9433,,1.098,,,4.496,,,
539,539,0,831.0,2026-05-29T15:54:58,1468.0,,,3.78,3.3555,0.4245,0.3908,0.916,,0.956,,,4.781,,,
581,581,0,892.0,2026-05-29T15:55:59,1473.6,,,3.5199,3.1181,0.4018,0.4604,0.875,,0.796,,,5.16,,,
623,623,0,953.0,2026-05-29T15:57:00,1472.5,,,3.3306,2.9411,0.3895,0.5468,0.8313,,0.711,,,5.557,,,
665,665,0,1013.0,2026-05-29T15:58:00,1471.5,,,3.1896,2.8092,0.3804,0.5441,0.7861,,0.669,,,5.968,,,
707,707,0,1074.0,2026-05-29T15:59:01,1465.7,,,3.0655,2.6938,0.3717,0.5347,0.74,,0.639,,,6.385,,,
749,749,0,1134.0,2026-05-29T16:00:01,1465.3,,,2.958,2.5924,0.3656,0.5613,0.6939,,0.615,,,6.798,,,
791,791,0,1195.0,2026-05-29T16:01:02,1464.7,,,2.8595,2.4989,0.3606,0.5844,0.648,,0.596,,,7.204,,,
833,833,0,1256.0,2026-05-29T16:02:02,1462.4,,,2.7692,2.4128,0.3564,0.6121,0.6025,,0.581,,,7.607,,,
876,876,0,1317.0,2026-05-29T16:03:04,1458.8,,,2.6877,2.3342,0.3535,0.6303,0.5557,,0.569,,,8.016,,,
918,918,0,1378.0,2026-05-29T16:04:04,1451.7,,,2.6211,2.2686,0.3525,0.6343,0.5107,,0.562,,,8.406,,,
960,960,0,1439.0,2026-05-29T16:05:05,1448.6,,,2.5649,2.2124,0.3525,0.6493,0.4672,,0.557,,,8.772,,,
1000,1000,,1496.1,,,450,,,,,,,,,,,,,,baseline (random-init anchor)
1002,1002,0,1499.0,2026-05-29T16:06:06,1440.6,,,2.5096,2.1581,0.3515,0.6689,0.4266,,0.548,,,9.077,,,
1044,1044,0,1560.0,2026-05-29T16:07:07,1431.5,,,2.4586,2.1065,0.3521,0.6614,0.3985,,0.533,,,9.263,,,
1086,1086,0,1621.0,2026-05-29T16:08:08,1428.6,,,2.4088,2.0554,0.3534,0.6772,0.3832,,0.525,,,9.375,,,
1120,1120,0,,2026-05-29T16:08:56,,,,2.3671,2.0136,0.3535,,,,0.522,,,,,,
1127,1127,0,1682.0,2026-05-29T16:09:09,1432.9,,,2.3583,2.0048,0.3535,0.6952,0.3704,,0.522,,,9.477,,,
1168,1168,0,1742.0,2026-05-29T16:10:09,1434.6,,,2.3137,1.9597,0.354,0.7134,0.3589,,0.522,,,9.572,,,
1211,1211,0,1804.0,2026-05-29T16:11:10,1433.6,,,2.2684,1.9141,0.3543,0.6938,0.3474,,0.519,,,9.669,,,
1253,1253,0,1864.0,2026-05-29T16:12:11,1433.2,,,2.2225,1.869,0.3535,0.6973,0.3366,,0.515,,,9.762,,,
1296,1296,0,1925.0,2026-05-29T16:13:12,1432.4,,,2.1815,1.8279,0.3536,0.7186,0.3266,,0.511,,,9.852,,,
1338,1338,0,1986.0,2026-05-29T16:14:13,1431.6,,,2.1434,1.7898,0.3536,0.7327,0.3173,,0.507,,,9.936,,,
1381,1381,0,2047.0,2026-05-29T16:15:14,1431.9,,,2.105,1.7516,0.3534,0.7266,0.3088,,0.503,,,10.02,,,
1423,1423,0,2108.0,2026-05-29T16:16:15,1431.3,,,2.0696,1.717,0.3526,0.7147,0.3013,,0.499,,,10.099,,,
1465,1465,0,2168.0,2026-05-29T16:17:15,1430.3,,,2.0346,1.6829,0.3517,0.7352,0.2945,,0.495,,,10.176,,,
1508,1508,0,2230.0,2026-05-29T16:18:16,1429.2,,,2.0065,1.6545,0.352,0.7604,0.2884,,0.491,,,10.25,,,
1550,1550,0,2290.0,2026-05-29T16:19:17,1428.7,,,1.9809,1.6286,0.3523,0.7544,0.2828,,0.488,,,10.322,,,
1592,1592,0,2351.0,2026-05-29T16:20:17,1428.4,,,1.9493,1.5989,0.3504,0.7586,0.2775,,0.485,,,10.393,,,
1635,1635,0,2412.0,2026-05-29T16:21:19,1426.2,,,1.9191,1.5708,0.3483,0.7423,0.2726,,0.482,,,10.464,,,
1677,1677,0,2473.0,2026-05-29T16:22:20,1423.2,,,1.8941,1.5469,0.3472,0.7593,0.2683,,0.478,,,10.532,,,
1719,1719,0,2534.0,2026-05-29T16:23:21,1424.1,,,1.8692,1.5236,0.3456,0.7555,0.2644,,0.476,,,10.598,,,
1761,1761,0,2595.0,2026-05-29T16:24:21,1424.3,,,1.8434,1.5,0.3434,0.7587,0.2605,,0.474,,,10.665,,,
1767,1767,0,,2026-05-29T16:24:30,,,,1.8402,1.497,0.3432,,,,0.473,,,,,,
1801,1801,0,2656.0,2026-05-29T16:25:23,1431.5,,,1.8246,1.4824,0.3422,0.7653,0.2574,,0.473,,,10.725,,,
1843,1843,0,2717.0,2026-05-29T16:26:23,1432.5,,,1.8121,1.4695,0.3426,0.7777,0.2545,,0.471,,,10.785,,,
1885,1885,0,2777.0,2026-05-29T16:27:24,1432.4,,,1.8045,1.4607,0.3438,0.7301,0.252,,0.472,,,10.842,,,
1927,1927,0,2838.0,2026-05-29T16:28:25,1433.4,,,1.7965,1.4515,0.345,0.7619,0.25,,0.471,,,10.892,,,
1969,1969,0,2899.0,2026-05-29T16:29:25,1433.5,,,1.7871,1.4419,0.3452,0.762,0.248,,0.471,,,10.944,,,
2011,2011,0,2959.0,2026-05-29T16:30:26,1434.4,,,1.7789,1.4333,0.3456,0.7744,0.2462,,0.471,,,10.992,,,
2053,2053,0,3020.0,2026-05-29T16:31:26,1434.7,,,1.768,1.4228,0.3452,0.7762,0.2444,,0.471,,,11.042,,,
2095,2095,0,3080.0,2026-05-29T16:32:27,1434.9,,,1.757,1.4125,0.3445,0.7688,0.2425,,0.471,,,11.091,,,
2138,2138,0,3142.0,2026-05-29T16:33:29,1434.5,,,1.7496,1.4048,0.3448,0.7496,0.2405,,0.472,,,11.145,,,
2181,2181,0,3204.0,2026-05-29T16:34:30,1433.3,,,1.7395,1.3954,0.3441,0.7792,0.2384,,0.472,,,11.2,,,
2223,2223,0,3264.0,2026-05-29T16:35:31,1432.9,,,1.7324,1.3883,0.3441,0.7346,0.2367,,0.474,,,11.249,,,
2266,2266,0,3326.0,2026-05-29T16:36:32,1432.2,,,1.7311,1.3855,0.3456,0.7652,0.2353,,0.475,,,11.296,,,
2309,2309,0,3388.0,2026-05-29T16:37:34,1426.0,,,1.7212,1.3768,0.3444,0.798,0.2337,,0.477,,,11.344,,,
2352,2352,0,3450.0,2026-05-29T16:38:36,1425.4,,,1.7077,1.3656,0.3421,0.7689,0.2317,,0.477,,,11.398,,,
2394,2394,0,3510.0,2026-05-29T16:39:37,1424.5,,,1.6937,1.3538,0.3399,0.7882,0.2299,,0.477,,,11.446,,,
2414,2414,0,,2026-05-29T16:40:05,,,,1.6893,1.3498,0.3395,,,,0.478,,,,,,
2434,2434,0,3571.0,2026-05-29T16:40:38,1429.9,,,1.6873,1.3477,0.3396,0.7737,0.2281,,0.478,,,11.494,,,
2477,2477,0,3632.0,2026-05-29T16:41:39,1429.2,,,1.6876,1.3464,0.3412,0.7587,0.2266,,0.479,,,11.537,,,
2519,2519,0,3693.0,2026-05-29T16:42:40,1428.8,,,1.6833,1.342,0.3413,0.7876,0.2252,,0.482,,,11.582,,,
2561,2561,0,3753.0,2026-05-29T16:43:40,1428.1,,,1.6772,1.3365,0.3407,0.7891,0.2237,,0.482,,,11.625,,,
2604,2604,0,3815.0,2026-05-29T16:44:41,1427.4,,,1.6772,1.3353,0.3419,0.8003,0.2225,,0.483,,,11.662,,,
2646,2646,0,3875.0,2026-05-29T16:45:42,1428.6,,,1.6765,1.3335,0.343,0.7905,0.2217,,0.483,,,11.696,,,
2688,2688,0,3936.0,2026-05-29T16:46:42,1428.2,,,1.677,1.3328,0.3442,0.792,0.2211,,0.484,,,11.728,,,
2730,2730,0,3996.0,2026-05-29T16:47:43,1427.8,,,1.6782,1.3326,0.3456,0.789,0.2202,,0.484,,,11.763,,,
2773,2773,0,4057.0,2026-05-29T16:48:44,1427.5,,,1.6783,1.3316,0.3467,0.7817,0.2193,,0.486,,,11.797,,,
2815,2815,0,4118.0,2026-05-29T16:49:45,1427.6,,,1.6812,1.3325,0.3487,0.7606,0.2188,,0.487,,,11.826,,,
2857,2857,0,4179.0,2026-05-29T16:50:46,1428.9,,,1.6843,1.3336,0.3507,0.7863,0.2184,,0.489,,,11.852,,,
2897,2897,0,4240.0,2026-05-29T16:51:47,1435.1,,,1.6846,1.3329,0.3517,0.8246,0.2179,,0.491,,,11.879,,,
2939,2939,0,4302.0,2026-05-29T16:52:48,1431.3,,,1.6801,1.3287,0.3514,0.7793,0.217,,0.491,,,11.91,,,
2980,2980,0,4362.0,2026-05-29T16:53:49,1434.1,,,1.6721,1.322,0.3501,0.8139,0.2162,,0.493,,,11.941,,,
3020,3020,0,4424.0,2026-05-29T16:54:51,1442.6,,,1.6682,1.3186,0.3496,0.7503,0.2153,,0.495,,,11.97,,,
3052,3052,0,,2026-05-29T16:55:41,,,,1.6658,1.3163,0.3495,,,,0.494,,,,,,
3058,3058,0,4485.0,2026-05-29T16:55:51,1453.6,,,1.6664,1.3166,0.3498,0.7663,0.2145,,0.495,,,11.994,,,
3099,3099,0,4546.0,2026-05-29T16:56:52,1457.3,,,1.6625,1.3126,0.3499,0.7874,0.2136,,0.495,,,12.026,,,
3142,3142,0,4607.0,2026-05-29T16:57:54,1456.3,,,1.6562,1.3071,0.3491,0.78,0.2126,,0.496,,,12.061,,,
3184,3184,0,4667.0,2026-05-29T16:58:54,1455.0,,,1.6511,1.3027,0.3484,0.7998,0.2117,,0.499,,,12.089,,,
3227,3227,0,4728.0,2026-05-29T16:59:55,1454.2,,,1.6492,1.3006,0.3486,0.7868,0.2109,,0.499,,,12.117,,,
3269,3269,0,4789.0,2026-05-29T17:00:55,1454.3,,,1.6445,1.2967,0.3478,0.7941,0.2102,,0.499,,,12.142,,,
3312,3312,0,4850.0,2026-05-29T17:01:57,1452.8,,,1.6418,1.2939,0.3479,0.7865,0.2093,,0.499,,,12.168,,,
3354,3354,0,4910.0,2026-05-29T17:02:57,1452.3,,,1.6413,1.2929,0.3484,0.7638,0.2085,,0.498,,,12.193,,,
3397,3397,0,4972.0,2026-05-29T17:03:59,1448.1,,,1.6401,1.2914,0.3487,0.7765,0.2078,,0.498,,,12.217,,,
3439,3439,0,5032.0,2026-05-29T17:04:59,1444.2,,,1.6346,1.287,0.3476,0.8035,0.207,,0.498,,,12.241,,,
3481,3481,0,5093.0,2026-05-29T17:06:00,1442.1,,,1.627,1.2811,0.3459,0.7951,0.206,,0.499,,,12.271,,,
3523,3523,0,5153.0,2026-05-29T17:07:00,1433.4,,,1.6218,1.2765,0.3453,0.788,0.2052,,0.499,,,12.297,,,
3566,3566,0,5214.0,2026-05-29T17:08:01,1423.1,,,1.6212,1.2754,0.3458,0.8046,0.2044,,0.499,,,12.323,,,
3608,3608,0,5275.0,2026-05-29T17:09:02,1418.0,,,1.6181,1.2727,0.3454,0.7894,0.2037,,0.501,,,12.346,,,
3650,3650,0,5336.0,2026-05-29T17:10:02,1418.1,,,1.6179,1.272,0.3459,0.8101,0.203,,0.501,,,12.367,,,
3692,3692,0,5396.0,2026-05-29T17:11:03,1419.0,,,1.6181,1.2713,0.3468,0.8114,0.2024,,0.502,,,12.388,,,
3704,3704,0,,2026-05-29T17:11:20,,,,1.6175,1.2708,0.3467,,,,0.502,,,,,,
3733,3733,0,5458.0,2026-05-29T17:12:04,1424.8,,,1.6134,1.2674,0.346,0.8289,0.2017,,0.503,,,12.411,,,
3776,3776,0,5519.0,2026-05-29T17:13:06,1424.3,,,1.6113,1.2656,0.3457,0.8166,0.2006,,0.504,,,12.437,,,
3818,3818,0,5579.0,2026-05-29T17:14:06,1424.5,,,1.6096,1.264,0.3456,0.79,0.2,,0.506,,,12.458,,,
3861,3861,0,5640.0,2026-05-29T17:15:07,1423.6,,,1.6027,1.2589,0.3438,0.8013,0.1991,,0.508,,,12.48,,,
3903,3903,0,5701.0,2026-05-29T17:16:08,1423.3,,,1.5973,1.2548,0.3425,0.8215,0.1982,,0.51,,,12.505,,,
3946,3946,0,5762.0,2026-05-29T17:17:09,1421.7,,,1.5997,1.2562,0.3435,0.8106,0.1975,,0.511,,,12.528,,,
3989,3989,0,5823.0,2026-05-29T17:18:10,1421.2,,,1.6045,1.2591,0.3454,0.794,0.1971,,0.511,,,12.542,,,
4032,4032,0,5885.0,2026-05-29T17:19:11,1421.1,,,1.6044,1.2585,0.3459,0.8215,0.1965,,0.511,,,12.558,,,
4074,4074,0,5945.0,2026-05-29T17:20:12,1421.5,,,1.6048,1.2585,0.3463,0.815,0.196,,0.513,,,12.577,,,
4116,4116,0,6006.0,2026-05-29T17:21:12,1421.0,,,1.6042,1.2577,0.3465,0.8224,0.1956,,0.512,,,12.591,,,
4159,4159,0,6067.0,2026-05-29T17:22:14,1420.7,,,1.603,1.2564,0.3466,0.7802,0.1951,,0.513,,,12.607,,,
4201,4201,0,6128.0,2026-05-29T17:23:14,1420.9,,,1.6017,1.2552,0.3465,0.8112,0.1945,,0.515,,,12.623,,,
4243,4243,0,6188.0,2026-05-29T17:24:15,1415.9,,,1.6007,1.2541,0.3466,0.8119,0.1939,,0.514,,,12.639,,,
4286,4286,0,6250.0,2026-05-29T17:25:16,1416.4,,,1.5962,1.2503,0.3459,0.8433,0.1932,,0.514,,,12.655,,,
4328,4328,0,6310.0,2026-05-29T17:26:17,1416.4,,,1.5912,1.2462,0.345,0.7859,0.1926,,0.512,,,12.673,,,
4356,4356,0,,2026-05-29T17:26:56,,,,1.5912,1.2457,0.3455,,,,0.513,,,,,,
4368,4368,0,6370.0,2026-05-29T17:27:17,1421.8,,,1.5923,1.2462,0.3461,0.8285,0.192,,0.513,,,12.691,,,
4410,4410,0,6431.0,2026-05-29T17:28:18,1422.3,,,1.5968,1.2489,0.3479,0.8044,0.1916,,0.513,,,12.706,,,
4453,4453,0,6492.0,2026-05-29T17:29:19,1421.9,,,1.5989,1.2502,0.3487,0.8108,0.1912,,0.515,,,12.718,,,
4496,4496,0,6554.0,2026-05-29T17:30:20,1422.7,,,1.5974,1.2488,0.3486,0.8359,0.1907,,0.517,,,12.733,,,
4539,4539,0,6615.0,2026-05-29T17:31:22,1421.8,,,1.5968,1.2481,0.3487,0.8198,0.1902,,0.518,,,12.747,,,
4581,4581,0,6675.0,2026-05-29T17:32:22,1421.0,,,1.5938,1.2455,0.3483,0.8146,0.1897,,0.518,,,12.759,,,
4624,4624,0,6736.0,2026-05-29T17:33:23,1419.8,,,1.5933,1.2447,0.3486,0.776,0.189,,0.522,,,12.776,,,
4666,4666,0,6797.0,2026-05-29T17:34:24,1420.6,,,1.5941,1.2449,0.3492,0.8052,0.1886,,0.523,,,12.79,,,
4708,4708,0,6858.0,2026-05-29T17:35:25,1420.9,,,1.5911,1.2429,0.3482,0.8262,0.1879,,0.523,,,12.807,,,
4750,4750,0,6919.0,2026-05-29T17:36:26,1421.7,,,1.5884,1.2406,0.3478,0.8323,0.1873,,0.523,,,12.824,,,
4792,4792,0,6980.0,2026-05-29T17:37:27,1423.1,,,1.5928,1.2432,0.3496,0.791,0.1871,,0.525,,,12.835,,,
4835,4835,0,7041.0,2026-05-29T17:38:28,1422.7,,,1.5969,1.2456,0.3513,0.7831,0.1866,,0.528,,,12.848,,,
4878,4878,0,7103.0,2026-05-29T17:39:30,1417.8,,,1.5964,1.2449,0.3515,0.8365,0.1861,,0.528,,,12.862,,,
4920,4920,0,7163.0,2026-05-29T17:40:30,1417.1,,,1.5941,1.2427,0.3514,0.8259,0.1856,,0.53,,,12.875,,,
4963,4963,0,7225.0,2026-05-29T17:41:32,1418.3,,,1.5915,1.2402,0.3513,0.7859,0.185,,0.529,,,12.891,,,
5005,5005,0,7285.0,2026-05-29T17:42:32,1419.0,,,1.5891,1.2381,0.351,0.8194,0.1844,,0.53,,,12.906,,,
5045,5045,0,7346.0,2026-05-29T17:43:33,1425.1,,,1.5886,1.2372,0.3514,0.8285,0.184,,0.532,,,12.92,,,
5087,5087,0,7407.0,2026-05-29T17:44:34,1425.1,,,1.5875,1.2358,0.3517,0.8274,0.1836,,0.535,,,12.933,,,
5129,5129,0,7467.0,2026-05-29T17:45:34,1426.7,,,1.5833,1.2325,0.3508,0.8156,0.1831,,0.535,,,12.949,,,
5171,5171,0,7527.0,2026-05-29T17:46:34,1426.4,,,1.5776,1.2281,0.3495,0.81,0.1825,,0.535,,,12.964,,,
5214,5214,0,7589.0,2026-05-29T17:47:36,1424.8,,,1.5782,1.2278,0.3504,0.8219,0.182,,0.537,,,12.977,,,
5256,5256,0,7650.0,2026-05-29T17:48:36,1423.9,,,1.5798,1.2285,0.3513,0.8374,0.1816,,0.537,,,12.988,,,
5299,5299,0,7711.0,2026-05-29T17:49:38,1421.4,,,1.578,1.2271,0.3509,0.8144,0.1811,,0.539,,,13.003,,,
5341,5341,0,7772.0,2026-05-29T17:50:39,1423.3,,,1.5749,1.2247,0.3502,0.8355,0.1806,,0.54,,,13.019,,,
5383,5383,0,7833.0,2026-05-29T17:51:40,1425.7,,,1.5752,1.2246,0.3506,0.8217,0.1801,,0.54,,,13.035,,,
5422,5422,0,7894.0,2026-05-29T17:52:41,1434.3,,,1.5748,1.2241,0.3507,0.8227,0.1799,,0.54,,,13.045,,,
5464,5464,0,7955.0,2026-05-29T17:53:41,1433.3,,,1.5739,1.2233,0.3506,0.8385,0.1796,,0.54,,,13.058,,,
5504,5504,0,8016.0,2026-05-29T17:54:42,1440.2,,,1.5715,1.2213,0.3502,0.8255,0.1792,,0.54,,,13.072,,,
5544,5544,0,8077.0,2026-05-29T17:55:44,1441.0,,,1.5652,1.2165,0.3487,0.811,0.1787,,0.54,,,13.089,,,
5585,5585,0,8138.0,2026-05-29T17:56:45,1446.8,,,1.5595,1.2125,0.347,0.8516,0.1781,,0.54,,,13.107,,,
5627,5627,0,8199.0,2026-05-29T17:57:46,1447.3,,,1.5564,1.2103,0.3461,0.8544,0.1773,,0.54,,,13.127,,,
5642,5642,0,,2026-05-29T17:58:08,,,,1.5557,1.2097,0.346,,,,0.541,,,,,,
5665,5665,0,8260.0,2026-05-29T17:58:47,1457.9,,,1.5576,1.2108,0.3468,0.8431,0.1768,,0.543,,,13.141,,,
5705,5705,0,8321.0,2026-05-29T17:59:48,1463.0,,,1.5585,1.2111,0.3474,0.8135,0.1764,,0.544,,,13.158,,,
5745,5745,0,8382.0,2026-05-29T18:00:49,1468.8,,,1.5596,1.2115,0.3481,0.8097,0.1759,,0.544,,,13.174,,,
5785,5785,0,8443.0,2026-05-29T18:01:50,1475.5,,,1.5601,1.2114,0.3487,0.8306,0.1756,,0.545,,,13.187,,,
5825,5825,0,8504.0,2026-05-29T18:02:51,1482.2,,,1.5557,1.2078,0.3479,0.8007,0.175,,0.546,,,13.202,,,
5867,5867,0,8565.0,2026-05-29T18:03:52,1480.7,,,1.5483,1.2024,0.3459,0.8534,0.1745,,0.548,,,13.218,,,
5909,5909,0,8626.0,2026-05-29T18:04:52,1476.0,,,1.5415,1.1974,0.3441,0.8383,0.1739,,0.551,,,13.237,,,
5952,5952,0,8687.0,2026-05-29T18:05:54,1470.5,,,1.5349,1.1926,0.3423,0.8242,0.173,,0.553,,,13.26,,,
5995,5995,0,8748.0,2026-05-29T18:06:55,1466.9,,,1.5303,1.1891,0.3412,0.8508,0.1723,,0.553,,,13.277,,,
6038,6038,0,8809.0,2026-05-29T18:07:56,1457.7,,,1.5272,1.1865,0.3407,0.8238,0.1717,,0.554,,,13.294,,,
6081,6081,0,8871.0,2026-05-29T18:08:57,1450.3,,,1.5264,1.1856,0.3408,0.8264,0.1712,,0.556,,,13.308,,,
6123,6123,0,8931.0,2026-05-29T18:09:58,1447.3,,,1.5286,1.1866,0.342,0.8319,0.1709,,0.555,,,13.32,,,
6166,6166,0,8992.0,2026-05-29T18:10:59,1437.0,,,1.5306,1.1875,0.3431,0.8333,0.1707,,0.555,,,13.33,,,
6209,6209,0,9054.0,2026-05-29T18:12:01,1429.9,,,1.5293,1.1865,0.3428,0.8395,0.1703,,0.556,,,13.343,,,
6252,6252,0,9115.0,2026-05-29T18:13:02,1422.3,,,1.5233,1.1822,0.3411,0.8182,0.1698,,0.56,,,13.357,,,
6284,6284,0,,2026-05-29T18:13:47,,,,1.5208,1.1804,0.3404,,,,0.56,,,,,,
6293,6293,0,9176.0,2026-05-29T18:14:03,1420.6,,,1.5207,1.1803,0.3404,0.8137,0.1693,,0.56,,,13.37,,,
6335,6335,0,9238.0,2026-05-29T18:15:05,1415.3,,,1.5232,1.182,0.3412,0.8418,0.1691,,0.561,,,13.382,,,
6378,6378,0,9299.0,2026-05-29T18:16:06,1414.2,,,1.5289,1.1859,0.343,0.8281,0.1689,,0.562,,,13.391,,,
6420,6420,0,9360.0,2026-05-29T18:17:07,1413.6,,,1.5305,1.1869,0.3436,0.8313,0.1688,,0.56,,,13.398,,,
6463,6463,0,9421.0,2026-05-29T18:18:08,1414.3,,,1.5315,1.1872,0.3443,0.8412,0.1686,,0.559,,,13.405,,,
6506,6506,0,9482.0,2026-05-29T18:19:09,1415.0,,,1.5326,1.188,0.3446,0.8375,0.1684,,0.562,,,13.415,,,
6548,6548,0,9543.0,2026-05-29T18:20:10,1416.0,,,1.5329,1.1882,0.3447,0.8478,0.1681,,0.563,,,13.424,,,
6591,6591,0,9604.0,2026-05-29T18:21:11,1416.2,,,1.5309,1.1866,0.3443,0.8424,0.1677,,0.563,,,13.44,,,
6634,6634,0,9666.0,2026-05-29T18:22:12,1417.3,,,1.5258,1.1829,0.3429,0.8291,0.1672,,0.564,,,13.452,,,
6676,6676,0,9726.0,2026-05-29T18:23:13,1417.8,,,1.5162,1.176,0.3402,0.8541,0.1667,,0.564,,,13.468,,,
6719,6719,0,9787.0,2026-05-29T18:24:14,1418.1,,,1.509,1.1708,0.3382,0.8448,0.166,,0.564,,,13.481,,,
6761,6761,0,9848.0,2026-05-29T18:25:15,1419.7,,,1.5073,1.1694,0.3379,0.8394,0.1657,,0.564,,,13.495,,,
6804,6804,0,9909.0,2026-05-29T18:26:16,1414.5,,,1.5035,1.1666,0.3369,0.8386,0.1654,,0.566,,,13.507,,,
6847,6847,0,9970.0,2026-05-29T18:27:17,1412.4,,,1.4939,1.1597,0.3342,0.8458,0.1646,,0.566,,,13.525,,,
6890,6890,0,10032.0,2026-05-29T18:28:18,1412.0,,,1.4869,1.1546,0.3323,0.8303,0.1641,,0.566,,,13.541,,,
6933,6933,0,10093.0,2026-05-29T18:29:20,1411.9,,,1.4867,1.1542,0.3325,0.8509,0.1635,,0.568,,,13.556,,,
6935,6935,0,,2026-05-29T18:29:23,,,,1.4867,1.1542,0.3325,,,,0.568,,,,,,
6973,6973,0,10154.0,2026-05-29T18:30:21,1417.5,,,1.4854,1.1531,0.3323,0.8471,0.163,,0.571,,,13.571,,,
7016,7016,0,10215.0,2026-05-29T18:31:22,1417.2,,,1.4835,1.1514,0.3321,0.8183,0.1627,,0.572,,,13.582,,,
7059,7059,0,10277.0,2026-05-29T18:32:23,1416.4,,,1.4859,1.1526,0.3333,0.8337,0.1623,,0.574,,,13.596,,,
7102,7102,0,10338.0,2026-05-29T18:33:25,1416.0,,,1.4891,1.1547,0.3344,0.8131,0.1621,,0.574,,,13.605,,,
7144,7144,0,10398.0,2026-05-29T18:34:25,1415.4,,,1.4921,1.1567,0.3354,0.8052,0.1619,,0.576,,,13.614,,,
7187,7187,0,10459.0,2026-05-29T18:35:26,1414.4,,,1.4964,1.1595,0.3369,0.8297,0.1619,,0.577,,,13.621,,,
7229,7229,0,10520.0,2026-05-29T18:36:27,1413.8,,,1.4966,1.1596,0.337,0.8326,0.1617,,0.578,,,13.632,,,
7272,7272,0,10581.0,2026-05-29T18:37:28,1412.9,,,1.496,1.1588,0.3372,0.848,0.1614,,0.577,,,13.643,,,
7315,7315,0,10642.0,2026-05-29T18:38:29,1413.2,,,1.5018,1.1625,0.3393,0.8215,0.1612,,0.576,,,13.654,,,
7357,7357,0,10703.0,2026-05-29T18:39:29,1412.8,,,1.5138,1.1705,0.3433,0.8699,0.1614,,0.576,,,13.659,,,
7400,7400,0,10764.0,2026-05-29T18:40:31,1412.8,,,1.5212,1.1755,0.3457,0.8583,0.1613,,0.577,,,13.668,,,
7443,7443,0,10825.0,2026-05-29T18:41:32,1412.3,,,1.5199,1.1743,0.3456,0.8287,0.1612,,0.579,,,13.677,,,
7485,7485,0,10885.0,2026-05-29T18:42:32,1406.0,,,1.52,1.1741,0.3459,0.84,0.1611,,0.579,,,13.687,,,
7528,7528,0,10947.0,2026-05-29T18:43:33,1405.8,,,1.5207,1.1744,0.3463,0.8337,0.1606,,0.578,,,13.703,,,
7571,7571,0,11008.0,2026-05-29T18:44:35,1405.6,,,1.5194,1.1734,0.346,0.8427,0.1603,,0.576,,,13.714,,,
7587,7587,0,,2026-05-29T18:44:57,,,,1.5194,1.1734,0.346,,,,0.577,,,,,,
7611,7611,0,11069.0,2026-05-29T18:45:36,1412.0,,,1.5215,1.1747,0.3468,0.8421,0.16,,0.578,,,13.723,,,
7654,7654,0,11130.0,2026-05-29T18:46:37,1410.9,,,1.5238,1.1759,0.3479,0.8334,0.1597,,0.577,,,13.738,,,
7697,7697,0,11191.0,2026-05-29T18:47:38,1410.0,,,1.5257,1.177,0.3487,0.8502,0.1595,,0.577,,,13.751,,,
7739,7739,0,11251.0,2026-05-29T18:48:38,1410.7,,,1.5276,1.178,0.3496,0.8361,0.1593,,0.579,,,13.761,,,
7781,7781,0,11312.0,2026-05-29T18:49:39,1411.5,,,1.5319,1.1808,0.3511,0.8635,0.1591,,0.58,,,13.77,,,
7823,7823,0,11372.0,2026-05-29T18:50:39,1412.6,,,1.5304,1.1796,0.3508,0.8381,0.1588,,0.582,,,13.779,,,
7865,7865,0,11434.0,2026-05-29T18:51:41,1416.1,,,1.5262,1.1766,0.3496,0.8226,0.1584,,0.582,,,13.79,,,
7905,7905,0,11496.0,2026-05-29T18:52:42,1424.0,,,1.5238,1.1746,0.3492,0.8193,0.1581,,0.583,,,13.798,,,
7947,7947,0,11557.0,2026-05-29T18:53:44,1427.2,,,1.525,1.1752,0.3498,0.8388,0.1578,,0.582,,,13.809,,,
7988,7988,0,11619.0,2026-05-29T18:54:45,1433.0,,,1.5215,1.1725,0.349,0.8344,0.1575,,0.583,,,13.817,,,
8027,8027,0,11679.0,2026-05-29T18:55:46,1441.9,,,1.5214,1.1722,0.3492,0.8482,0.1574,,0.584,,,13.824,,,
8067,8067,0,11740.0,2026-05-29T18:56:47,1449.4,,,1.5252,1.1748,0.3504,0.858,0.1574,,0.587,,,13.827,,,
8109,8109,0,11801.0,2026-05-29T18:57:48,1444.4,,,1.5249,1.1742,0.3507,0.8615,0.1572,,0.586,,,13.836,,,
8151,8151,0,11861.0,2026-05-29T18:58:48,1445.0,,,1.5217,1.172,0.3497,0.8596,0.157,,0.586,,,13.843,,,
8193,8193,0,11922.0,2026-05-29T18:59:49,1447.3,,,1.5205,1.1711,0.3494,0.8449,0.1565,,0.587,,,13.853,,,
8223,8223,0,,2026-05-29T19:00:33,,,,1.5193,1.17,0.3493,,,,0.586,,,,,,
8232,8232,0,11982.0,2026-05-29T19:00:49,1456.4,,,1.5185,1.1694,0.3491,0.8591,0.1561,,0.586,,,13.862,,,
8273,8273,0,12044.0,2026-05-29T19:01:51,1460.1,,,1.5159,1.1675,0.3484,0.8306,0.1556,,0.584,,,13.875,,,
8314,8314,0,12104.0,2026-05-29T19:02:51,1461.9,,,1.5105,1.1637,0.3468,0.8095,0.1551,,0.585,,,13.888,,,
8354,8354,0,12164.0,2026-05-29T19:03:51,1467.5,,,1.5068,1.161,0.3458,0.8396,0.1546,,0.585,,,13.902,,,
8394,8394,0,12225.0,2026-05-29T19:04:52,1469.9,,,1.5001,1.156,0.3441,0.8462,0.1541,,0.586,,,13.916,,,
8435,8435,0,12286.0,2026-05-29T19:05:53,1464.0,,,1.4967,1.1532,0.3435,0.8514,0.1537,,0.586,,,13.925,,,
8476,8476,0,12347.0,2026-05-29T19:06:54,1466.6,,,1.4992,1.1546,0.3446,0.85,0.1535,,0.586,,,13.932,,,
8516,8516,0,12408.0,2026-05-29T19:07:55,1463.7,,,1.5009,1.1556,0.3453,0.8517,0.1533,,0.585,,,13.937,,,
8555,8555,0,12469.0,2026-05-29T19:08:56,1464.3,,,1.4974,1.1531,0.3443,0.8427,0.153,,0.586,,,13.945,,,
8593,8593,0,12530.0,2026-05-29T19:09:57,1471.9,,,1.4945,1.1509,0.3436,0.8554,0.1526,,0.587,,,13.956,,,
8632,8632,0,12591.0,2026-05-29T19:10:58,1481.4,,,1.4911,1.1482,0.3429,0.8331,0.1524,,0.587,,,13.962,,,
8671,8671,0,12652.0,2026-05-29T19:11:59,1488.7,,,1.4889,1.1466,0.3423,0.8582,0.1522,,0.588,,,13.969,,,
8712,8712,0,12714.0,2026-05-29T19:13:01,1492.9,,,1.4861,1.1447,0.3414,0.861,0.1518,,0.589,,,13.978,,,
8753,8753,0,12775.0,2026-05-29T19:14:02,1485.9,,,1.4867,1.1451,0.3416,0.8656,0.1518,,0.591,,,13.984,,,
8795,8795,0,12837.0,2026-05-29T19:15:04,1486.3,,,1.4886,1.1464,0.3422,0.8457,0.1517,,0.592,,,13.989,,,
8835,8835,0,12898.0,2026-05-29T19:16:04,1488.2,,,1.4895,1.1467,0.3428,0.8451,0.1516,,0.592,,,13.995,,,
8838,8838,0,,2026-05-29T19:16:08,,,,1.4893,1.1466,0.3427,,,,0.592,,,,,,
8873,8873,0,12958.0,2026-05-29T19:17:05,1492.6,,,1.4901,1.1467,0.3434,0.834,0.1515,,0.592,,,14.0,,,
8914,8914,0,13019.0,2026-05-29T19:18:06,1490.5,,,1.4952,1.1501,0.3451,0.8489,0.1514,,0.592,,,14.002,,,
8956,8956,0,13081.0,2026-05-29T19:19:07,1489.6,,,1.4973,1.1517,0.3456,0.8555,0.1511,,0.593,,,14.01,,,
8997,8997,0,13142.0,2026-05-29T19:20:09,1489.5,,,1.495,1.1502,0.3448,0.8433,0.1508,,0.594,,,14.021,,,
9036,9036,0,13203.0,2026-05-29T19:21:10,1491.4,,,1.4972,1.1517,0.3455,0.8274,0.1506,,0.594,,,14.032,,,
9076,9076,0,13265.0,2026-05-29T19:22:12,1492.4,,,1.5002,1.1537,0.3465,0.8644,0.1504,,0.593,,,14.04,,,
9118,9118,0,13326.0,2026-05-29T19:23:13,1482.5,,,1.5002,1.1537,0.3465,0.8713,0.1502,,0.594,,,14.045,,,
9160,9160,0,13388.0,2026-05-29T19:24:14,1471.3,,,1.4967,1.1512,0.3455,0.8447,0.1497,,0.594,,,14.054,,,
9201,9201,0,13448.0,2026-05-29T19:25:15,1471.5,,,1.4956,1.1504,0.3452,0.847,0.1494,,0.595,,,14.063,,,
9241,9241,0,13509.0,2026-05-29T19:26:16,1472.1,,,1.497,1.151,0.346,0.864,0.1493,,0.595,,,14.067,,,
9282,9282,0,13570.0,2026-05-29T19:27:17,1472.8,,,1.4965,1.1502,0.3463,0.8169,0.1491,,0.596,,,14.072,,,
9324,9324,0,13631.0,2026-05-29T19:28:18,1470.0,,,1.4931,1.1479,0.3452,0.8667,0.1488,,0.599,,,14.078,,,
9366,9366,0,13693.0,2026-05-29T19:29:19,1461.0,,,1.4914,1.1468,0.3446,0.8395,0.1485,,0.601,,,14.085,,,
9407,9407,0,13754.0,2026-05-29T19:30:21,1459.7,,,1.4886,1.1449,0.3437,0.8813,0.1483,,0.601,,,14.091,,,
9448,9448,0,13816.0,2026-05-29T19:31:22,1463.1,,,1.4853,1.1427,0.3426,0.8431,0.1479,,0.601,,,14.1,,,
9462,9462,0,,2026-05-29T19:31:44,,,,1.4848,1.1422,0.3426,,,,0.6,,,,,,
9486,9486,0,13876.0,2026-05-29T19:32:23,1469.8,,,1.4854,1.1425,0.3429,0.8582,0.1477,,0.601,,,14.107,,,
9527,9527,0,13938.0,2026-05-29T19:33:25,1467.7,,,1.4871,1.1435,0.3436,0.8459,0.1474,,0.601,,,14.111,,,
9567,9567,0,13999.0,2026-05-29T19:34:26,1466.3,,,1.4892,1.1444,0.3448,0.8161,0.1472,,0.603,,,14.116,,,
9607,9607,0,14060.0,2026-05-29T19:35:27,1467.5,,,1.4888,1.144,0.3448,0.8634,0.1469,,0.605,,,14.123,,,
9648,9648,0,14122.0,2026-05-29T19:36:29,1471.1,,,1.4911,1.1452,0.3459,0.8702,0.1467,,0.608,,,14.13,,,
9689,9689,0,14183.0,2026-05-29T19:37:30,1471.0,,,1.4936,1.1464,0.3472,0.8564,0.1468,,0.608,,,14.135,,,
9730,9730,0,14243.0,2026-05-29T19:38:30,1468.8,,,1.4897,1.1435,0.3462,0.8716,0.1466,,0.608,,,14.141,,,
9772,9772,0,14304.0,2026-05-29T19:39:31,1464.5,,,1.4849,1.1403,0.3446,0.862,0.1461,,0.608,,,14.152,,,
9815,9815,0,14366.0,2026-05-29T19:40:33,1464.0,,,1.483,1.139,0.344,0.8635,0.1457,,0.607,,,14.164,,,
9839,9839,1,17032.0,2026-05-29T20:27:16,,,,,,,0.8444,0.0,,,,,,,,
9852,9852,0,14427.0,2026-05-29T19:41:34,1472.4,,,1.4817,1.1379,0.3438,0.8699,0.1454,,0.607,,,14.173,,,
9883,9883,1,17097.0,2026-05-29T20:28:21,1353.3,,,1.4394,1.1101,0.3293,0.8907,0.1407,,0.654,,,14.271,,,
9894,9894,0,14488.0,2026-05-29T19:42:35,1470.0,,,1.4798,1.1365,0.3433,0.873,0.1451,,0.609,,,14.182,,,
9925,9925,1,17158.0,2026-05-29T20:29:23,1395.5,,,1.4428,1.1114,0.3314,0.8646,0.1411,,0.644,,,14.268,,,
9936,9936,0,14549.0,2026-05-29T19:43:36,1466.3,,,1.4805,1.1368,0.3437,0.8295,0.1447,,0.61,,,14.192,,,
9966,9966,1,17219.0,2026-05-29T20:30:23,1415.4,,,1.4587,1.1217,0.337,0.8566,0.1419,,0.647,,,14.256,,,
9978,9978,0,14611.0,2026-05-29T19:44:37,1458.6,,,1.4785,1.1355,0.343,0.8739,0.1444,,0.612,,,14.198,,,
10008,10008,1,17280.0,2026-05-29T20:31:24,1422.8,,,1.4656,1.1264,0.3392,0.8519,0.1421,,0.642,,,14.253,,,
10020,10020,0,14672.0,2026-05-29T19:45:38,1453.9,,,1.471,1.1302,0.3408,0.8504,0.1439,,0.614,,,14.211,,,
10049,10049,1,17340.0,2026-05-29T20:32:24,1428.0,,,1.459,1.1214,0.3376,0.8462,0.1422,,0.636,,,14.248,,,
10062,10062,0,14733.0,2026-05-29T19:46:40,1448.2,,,1.4621,1.1243,0.3378,0.8634,0.1434,,0.614,,,14.225,,,
10091,10091,1,17402.0,2026-05-29T20:33:26,1433.2,,,1.4606,1.1225,0.3381,0.8595,0.142,,0.635,,,14.252,,,
10101,10101,0,14794.0,2026-05-29T19:47:41,1450.3,,,1.4596,1.1228,0.3368,0.8332,0.1431,,0.612,,,14.233,,,
10132,10132,1,17462.0,2026-05-29T20:34:26,1437.6,,,1.4656,1.1262,0.3394,0.8708,0.1421,,0.633,,,14.252,,,
10141,10141,0,14855.0,2026-05-29T19:48:42,1448.3,,,1.46,1.123,0.337,0.8568,0.1428,,0.613,,,14.243,,,
10173,10173,1,17523.0,2026-05-29T20:35:27,1440.7,,,1.4643,1.1252,0.3391,0.8767,0.142,,0.629,,,14.255,,,
10182,10182,0,14917.0,2026-05-29T19:49:44,1450.1,,,1.4604,1.1231,0.3373,0.8832,0.1425,,0.614,,,14.249,,,
10215,10215,1,17584.0,2026-05-29T20:36:28,1441.3,,,1.4653,1.1257,0.3396,0.8527,0.1418,,0.628,,,14.259,,,
10223,10223,0,14978.0,2026-05-29T19:50:45,1451.8,,,1.461,1.1235,0.3375,0.8559,0.1421,,0.615,,,14.257,,,
10257,10257,1,17645.0,2026-05-29T20:37:29,1441.4,,,1.4682,1.1275,0.3407,0.8563,0.1418,,0.626,,,14.259,,,
10263,10263,0,15039.0,2026-05-29T19:51:46,1454.8,,,1.4601,1.1227,0.3374,0.8545,0.1418,,0.618,,,14.264,,,
10299,10299,1,17706.0,2026-05-29T20:38:30,1440.5,,,1.4709,1.1292,0.3417,0.8775,0.1419,,0.624,,,14.26,,,
10302,10302,0,15099.0,2026-05-29T19:52:46,1461.3,,,1.4599,1.1224,0.3375,0.8771,0.1415,,0.62,,,14.272,,,
10341,10341,1,17767.0,2026-05-29T20:39:31,1440.7,,,1.4713,1.1292,0.3421,0.8723,0.142,,0.625,,,14.259,,,
10383,10383,1,17828.0,2026-05-29T20:40:32,1445.5,,,1.4747,1.1313,0.3434,0.8425,0.1423,,0.621,,,14.261,,,
10422,10422,0,15282.0,2026-05-29T19:55:48,1467.5,,,1.4681,1.1272,0.3409,0.8626,0.1413,,0.623,,,14.279,,,
10425,10425,1,17889.0,2026-05-29T20:41:33,1447.1,,,1.4758,1.132,0.3438,0.8317,0.1423,,0.619,,,14.26,,,
10451,10451,1,,2026-05-29T20:42:10,,,,1.472,1.1293,0.3427,,,,0.618,,,,,,
10461,10461,0,15342.0,2026-05-29T19:56:49,1472.9,,,1.4625,1.1232,0.3393,0.8607,0.1412,,0.624,,,14.283,,,
10465,10465,1,17949.0,2026-05-29T20:42:33,1450.0,,,1.471,1.1286,0.3424,0.8612,0.142,,0.617,,,14.267,,,
10503,10503,0,15403.0,2026-05-29T19:57:50,1473.1,,,1.4597,1.1211,0.3386,0.8513,0.141,,0.626,,,14.289,,,
10507,10507,1,18010.0,2026-05-29T20:43:34,1448.3,,,1.473,1.1298,0.3432,0.8406,0.1418,,0.617,,,14.275,,,
10546,10546,0,15464.0,2026-05-29T19:58:51,1469.8,,,1.4634,1.1235,0.3399,0.8693,0.1409,,0.626,,,14.295,,,
10549,10549,1,18070.0,2026-05-29T20:44:34,1446.2,,,1.4781,1.1331,0.345,0.8647,0.1417,,0.618,,,14.28,,,
10589,10589,0,15525.0,2026-05-29T19:59:52,1464.7,,,1.4636,1.1235,0.3401,0.8811,0.1409,,0.628,,,14.299,,,
10591,10591,1,18130.0,2026-05-29T20:45:34,1443.5,,,1.4792,1.1337,0.3455,0.8437,0.1417,,0.618,,,14.286,,,
10631,10631,0,15586.0,2026-05-29T20:00:53,1456.2,,,1.4591,1.1204,0.3387,0.8543,0.1406,,0.629,,,14.304,,,
10633,10633,1,18191.0,2026-05-29T20:46:35,1440.7,,,1.4751,1.1305,0.3446,0.8622,0.1414,,0.62,,,14.291,,,
10673,10673,0,15646.0,2026-05-29T20:01:53,1450.9,,,1.4545,1.1172,0.3373,0.8726,0.1403,,0.63,,,14.313,,,
10676,10676,1,18252.0,2026-05-29T20:47:37,1436.6,,,1.474,1.1294,0.3446,0.8752,0.1411,,0.621,,,14.296,,,
10716,10716,0,15707.0,2026-05-29T20:02:54,1445.4,,,1.4567,1.1186,0.3381,0.8696,0.1401,,0.628,,,14.322,,,
10718,10718,1,18313.0,2026-05-29T20:48:37,1434.4,,,1.4752,1.1301,0.3451,0.8619,0.141,,0.622,,,14.3,,,
10724,10724,0,,2026-05-29T20:03:06,,,,1.4575,1.1192,0.3383,,,,0.628,,,,,,
10757,10757,0,15769.0,2026-05-29T20:03:56,1446.0,,,1.462,1.1222,0.3398,0.8554,0.14,,0.629,,,14.33,,,
10761,10761,1,18374.0,2026-05-29T20:49:38,1432.5,,,1.4715,1.1274,0.3441,0.8679,0.141,,0.624,,,14.307,,,
10800,10800,0,15830.0,2026-05-29T20:04:56,1437.0,,,1.4673,1.1256,0.3417,0.8775,0.14,,0.627,,,14.333,,,
10803,10803,1,18435.0,2026-05-29T20:50:39,1432.4,,,1.4668,1.1241,0.3427,0.8646,0.1407,,0.626,,,14.315,,,
10843,10843,0,15890.0,2026-05-29T20:05:57,1425.7,,,1.4655,1.1243,0.3412,0.8575,0.1398,,0.627,,,14.343,,,
10845,10845,1,18495.0,2026-05-29T20:51:39,1431.3,,,1.4614,1.1205,0.3409,0.8786,0.1403,,0.627,,,14.324,,,
10886,10886,1,18556.0,2026-05-29T20:52:40,1432.0,,,1.4583,1.1183,0.34,0.8844,0.1398,,0.627,,,14.335,,,
10925,10925,1,18616.0,2026-05-29T20:53:40,1438.9,,,1.4562,1.1165,0.3397,0.8802,0.1396,,0.628,,,14.343,,,
10929,10929,0,16013.0,2026-05-29T20:08:00,1412.7,,,1.4623,1.1223,0.34,0.8382,0.1392,,0.627,,,14.357,,,
10967,10967,1,18677.0,2026-05-29T20:54:41,1438.1,,,1.4598,1.1187,0.3411,0.8611,0.1395,,0.627,,,14.351,,,
10970,10970,0,16074.0,2026-05-29T20:09:01,1408.6,,,1.469,1.1268,0.3422,0.8505,0.139,,0.626,,,14.364,,,
11008,11008,1,18739.0,2026-05-29T20:55:43,1440.0,,,1.4572,1.1168,0.3404,0.8669,0.1393,,0.629,,,14.359,,,
11013,11013,0,16135.0,2026-05-29T20:10:02,1405.7,,,1.478,1.133,0.345,0.865,0.139,,0.624,,,14.365,,,
11048,11048,1,18800.0,2026-05-29T20:56:44,1445.4,,,1.4512,1.1125,0.3387,0.866,0.139,,0.629,,,14.367,,,
11055,11055,0,16197.0,2026-05-29T20:11:04,1408.3,,,1.4805,1.1348,0.3457,0.8657,0.139,,0.625,,,14.363,,,
11088,11088,1,,2026-05-29T20:57:44,,,,1.4476,1.11,0.3376,,,,0.629,,,,,,
11089,11089,1,18861.0,2026-05-29T20:57:45,1449.8,,,1.4476,1.11,0.3376,0.8659,0.1388,,0.629,,,14.375,,,
11097,11097,0,16258.0,2026-05-29T20:12:05,1410.1,,,1.4779,1.1327,0.3452,0.8783,0.1387,,0.627,,,14.368,,,
11119,11119,0,16423.0,2026-05-29T20:14:50,1671.2,,,1.4764,1.1316,0.3448,0.8757,0.1386,,0.628,,,14.373,,,
11130,11130,1,18923.0,2026-05-29T20:58:47,1454.0,,,1.4472,1.1097,0.3375,0.8641,0.1386,,0.627,,,14.382,,,
11163,11163,0,16484.0,2026-05-29T20:15:51,1665.1,,,1.4766,1.1316,0.345,0.8484,0.1383,,0.627,,,14.383,,,
11173,11173,1,18984.0,2026-05-29T20:59:48,1453.1,,,1.4473,1.1097,0.3376,0.865,0.1383,,0.627,,,14.393,,,
11208,11208,0,16545.0,2026-05-29T20:16:52,1659.2,,,1.4737,1.1294,0.3443,0.8413,0.1381,,0.63,,,14.39,,,
11216,11216,1,19045.0,2026-05-29T21:00:49,1452.4,,,1.4478,1.1098,0.338,0.8513,0.1381,,0.626,,,14.403,,,
11251,11251,0,16607.0,2026-05-29T20:17:54,1653.3,,,1.4675,1.1251,0.3424,0.8463,0.1379,,0.631,,,14.398,,,
11259,11259,1,19107.0,2026-05-29T21:01:51,1452.2,,,1.4462,1.1084,0.3378,0.8472,0.1377,,0.627,,,14.41,,,
11283,11283,0,,2026-05-29T20:18:39,,,,1.463,1.1219,0.3411,,,,0.629,,,,,,
11291,11291,0,16667.0,2026-05-29T20:18:54,1658.7,,,1.4623,1.1214,0.3409,0.8546,0.1376,,0.629,,,14.407,,,
11302,11302,1,19168.0,2026-05-29T21:02:52,1452.1,,,1.4431,1.1062,0.3369,0.8519,0.1374,,0.629,,,14.42,,,
11332,11332,0,16728.0,2026-05-29T20:19:55,1661.6,,,1.4644,1.1227,0.3417,0.8492,0.1376,,0.629,,,14.411,,,
11344,11344,1,19228.0,2026-05-29T21:03:53,1450.7,,,1.4434,1.1061,0.3373,0.8741,0.1371,,0.631,,,14.429,,,
11374,11374,0,16789.0,2026-05-29T20:20:56,1664.8,,,1.4671,1.1242,0.3429,0.8709,0.1376,,0.628,,,14.414,,,
11387,11387,1,19289.0,2026-05-29T21:04:53,1448.0,,,1.4462,1.1079,0.3383,0.874,0.1369,,0.631,,,14.437,,,
11415,11415,0,16849.0,2026-05-29T20:21:56,1669.7,,,1.4647,1.1223,0.3424,0.8467,0.1375,,0.63,,,14.421,,,
11429,11429,1,19350.0,2026-05-29T21:05:54,1441.0,,,1.4483,1.1094,0.3389,0.8801,0.1366,,0.631,,,14.444,,,
11456,11456,0,16910.0,2026-05-29T20:22:57,1671.4,,,1.4609,1.1194,0.3415,0.8944,0.1372,,0.632,,,14.432,,,
11472,11472,1,19411.0,2026-05-29T21:06:55,1436.9,,,1.4521,1.1121,0.34,0.8838,0.1364,,0.633,,,14.448,,,
11496,11496,0,16971.0,2026-05-29T20:23:58,1675.1,,,1.4553,1.1155,0.3398,0.8623,0.1369,,0.632,,,14.44,,,
11515,11515,1,19472.0,2026-05-29T21:07:56,1431.7,,,1.4539,1.1135,0.3404,0.8747,0.1364,,0.633,,,14.449,,,
11536,11536,0,17032.0,2026-05-29T20:24:59,1679.5,,,1.45,1.1115,0.3385,0.8722,0.1366,,0.633,,,14.452,,,
11557,11557,1,19532.0,2026-05-29T21:08:57,1425.0,,,1.4581,1.1163,0.3418,0.86,0.1362,,0.634,,,14.453,,,
11600,11600,1,19593.0,2026-05-29T21:09:58,1419.0,,,1.4668,1.1221,0.3447,0.8728,0.1362,,0.635,,,14.454,,,
11642,11642,1,19654.0,2026-05-29T21:10:58,1413.9,,,1.4707,1.1246,0.3461,0.8605,0.1362,,0.636,,,14.459,,,
11685,11685,1,19715.0,2026-05-29T21:11:59,1414.4,,,1.4752,1.1277,0.3475,0.8555,0.1363,,0.638,,,14.459,,,
11728,11728,1,19776.0,2026-05-29T21:13:01,1414.0,,,1.4769,1.1289,0.348,0.8741,0.1362,,0.64,,,14.461,,,
11741,11741,1,,2026-05-29T21:13:19,,,,1.4774,1.1293,0.3481,,,,0.641,,,,,,
11769,11769,1,19838.0,2026-05-29T21:14:02,1418.6,,,1.4785,1.1301,0.3484,0.8618,0.1362,,0.639,,,14.464,,,
11812,11812,1,19899.0,2026-05-29T21:15:03,1418.2,,,1.4829,1.1329,0.35,0.8513,0.1361,,0.637,,,14.465,,,
11855,11855,1,19960.0,2026-05-29T21:16:05,1417.8,,,1.4895,1.1375,0.352,0.8548,0.136,,0.635,,,14.468,,,
11897,11897,1,20021.0,2026-05-29T21:17:05,1418.0,,,1.4922,1.1392,0.353,0.8718,0.1359,,0.636,,,14.469,,,
11940,11940,1,20082.0,2026-05-29T21:18:06,1417.7,,,1.4936,1.1402,0.3534,0.863,0.1359,,0.636,,,14.473,,,
11983,11983,1,20143.0,2026-05-29T21:19:07,1417.8,,,1.491,1.1382,0.3528,0.8545,0.1356,,0.637,,,14.479,,,
12026,12026,1,20204.0,2026-05-29T21:20:09,1417.8,,,1.4926,1.139,0.3536,0.8762,0.1355,,0.639,,,14.487,,,
12069,12069,1,20266.0,2026-05-29T21:21:10,1417.5,,,1.4942,1.1401,0.3541,0.8779,0.1353,,0.639,,,14.494,,,
12112,12112,1,20327.0,2026-05-29T21:22:11,1418.3,,,1.4915,1.1383,0.3532,0.879,0.1351,,0.638,,,14.501,,,
12154,12154,1,20388.0,2026-05-29T21:23:12,1418.5,,,1.4881,1.1362,0.3519,0.8712,0.1348,,0.639,,,14.507,,,
12197,12197,1,20449.0,2026-05-29T21:24:13,1417.9,,,1.4857,1.1346,0.3511,0.86,0.1345,,0.64,,,14.514,,,
12240,12240,1,20510.0,2026-05-29T21:25:14,1417.9,,,1.4821,1.1321,0.35,0.8808,0.1342,,0.641,,,14.522,,,
12283,12283,1,20571.0,2026-05-29T21:26:15,1412.2,,,1.4789,1.1297,0.3492,0.8458,0.1339,,0.642,,,14.531,,,
12326,12326,1,20633.0,2026-05-29T21:27:17,1412.4,,,1.4768,1.1283,0.3485,0.8803,0.1336,,0.644,,,14.541,,,
12369,12369,1,20694.0,2026-05-29T21:28:18,1412.7,,,1.4724,1.1252,0.3472,0.8738,0.1333,,0.646,,,14.548,,,
12393,12393,1,,2026-05-29T21:28:52,,,,1.4696,1.1233,0.3463,,,,0.647,,,,,,
12410,12410,1,20756.0,2026-05-29T21:29:20,1417.6,,,1.468,1.1222,0.3458,0.8523,0.1331,,0.646,,,14.553,,,
12453,12453,1,20817.0,2026-05-29T21:30:21,1418.0,,,1.4666,1.1209,0.3457,0.8692,0.1329,,0.648,,,14.557,,,
12496,12496,1,20878.0,2026-05-29T21:31:22,1417.5,,,1.4646,1.1195,0.3451,0.8732,0.1327,,0.65,,,14.565,,,
12539,12539,1,20940.0,2026-05-29T21:32:24,1417.5,,,1.4555,1.1132,0.3423,0.8728,0.1322,,0.651,,,14.575,,,
12581,12581,1,21000.0,2026-05-29T21:33:24,1417.6,,,1.4456,1.1062,0.3394,0.8611,0.1317,,0.652,,,14.586,,,
12624,12624,1,21061.0,2026-05-29T21:34:25,1416.4,,,1.4361,1.0994,0.3367,0.8624,0.1312,,0.655,,,14.6,,,
12667,12667,1,21122.0,2026-05-29T21:35:26,1415.9,,,1.4337,1.0977,0.336,0.8597,0.1307,,0.657,,,14.612,,,
12709,12709,1,21183.0,2026-05-29T21:36:27,1416.8,,,1.433,1.097,0.336,0.8819,0.1303,,0.657,,,14.621,,,
12752,12752,1,21244.0,2026-05-29T21:37:28,1417.1,,,1.4309,1.0954,0.3355,0.8681,0.1301,,0.659,,,14.63,,,
12795,12795,1,21305.0,2026-05-29T21:38:29,1417.2,,,1.431,1.0954,0.3356,0.88,0.1299,,0.659,,,14.636,,,
12838,12838,1,21366.0,2026-05-29T21:39:30,1417.0,,,1.4365,1.0991,0.3374,0.8791,0.1297,,0.658,,,14.64,,,
12881,12881,1,21427.0,2026-05-29T21:40:32,1416.6,,,1.4432,1.1033,0.3399,0.8863,0.1297,,0.66,,,14.644,,,
12923,12923,1,21488.0,2026-05-29T21:41:32,1411.5,,,1.4456,1.1047,0.3409,0.8833,0.1295,,0.661,,,14.651,,,
12966,12966,1,21549.0,2026-05-29T21:42:33,1411.4,,,1.4443,1.1036,0.3407,0.8568,0.1293,,0.658,,,14.657,,,
13008,13008,1,21609.0,2026-05-29T21:43:33,1412.0,,,1.4439,1.1031,0.3408,0.8718,0.1291,,0.657,,,14.661,,,
13045,13045,1,,2026-05-29T21:44:26,,,,1.4463,1.1048,0.3415,,,,0.655,,,,,,
13050,13050,1,21671.0,2026-05-29T21:44:35,1415.6,,,1.447,1.1053,0.3417,0.8703,0.129,,0.655,,,14.666,,,
13091,13091,1,21732.0,2026-05-29T21:45:36,1418.6,,,1.4543,1.1104,0.3439,0.8917,0.1289,,0.654,,,14.668,,,
13134,13134,1,21793.0,2026-05-29T21:46:37,1418.4,,,1.4619,1.1156,0.3463,0.876,0.129,,0.653,,,14.668,,,
13177,13177,1,21853.0,2026-05-29T21:47:38,1417.8,,,1.4643,1.1169,0.3474,0.8719,0.1289,,0.655,,,14.669,,,
13220,13220,1,21915.0,2026-05-29T21:48:39,1416.3,,,1.4669,1.1185,0.3484,0.8746,0.129,,0.654,,,14.669,,,
13263,13263,1,21976.0,2026-05-29T21:49:40,1415.4,,,1.4722,1.1221,0.3501,0.8848,0.1288,,0.655,,,14.671,,,
13306,13306,1,22037.0,2026-05-29T21:50:41,1415.5,,,1.4772,1.1255,0.3517,0.8793,0.1287,,0.654,,,14.673,,,
13349,13349,1,22099.0,2026-05-29T21:51:43,1415.7,,,1.4747,1.1237,0.351,0.8625,0.1286,,0.654,,,14.677,,,
13391,13391,1,22160.0,2026-05-29T21:52:44,1417.8,,,1.4683,1.1196,0.3487,0.8707,0.1283,,0.652,,,14.681,,,
13431,13431,1,22220.0,2026-05-29T21:53:44,1422.8,,,1.4657,1.1181,0.3476,0.8562,0.128,,0.651,,,14.685,,,
13472,13472,1,22282.0,2026-05-29T21:54:46,1428.1,,,1.4647,1.1176,0.3471,0.8841,0.1278,,0.656,,,14.691,,,
13513,13513,1,22342.0,2026-05-29T21:55:46,1431.9,,,1.4638,1.1169,0.3469,0.88,0.1276,,0.657,,,14.698,,,
13552,13552,1,22403.0,2026-05-29T21:56:47,1439.2,,,1.4651,1.1175,0.3476,0.8917,0.1274,,0.661,,,14.702,,,
13592,13592,1,22464.0,2026-05-29T21:57:48,1440.9,,,1.4609,1.1142,0.3467,0.8783,0.1275,,0.662,,,14.702,,,
13635,13635,1,22525.0,2026-05-29T21:58:50,1442.0,,,1.4562,1.1109,0.3453,0.8831,0.1271,,0.664,,,14.709,,,
13677,13677,1,22586.0,2026-05-29T21:59:50,1442.8,,,1.4561,1.111,0.3451,0.8869,0.1269,,0.665,,,14.716,,,
13684,13684,1,,2026-05-29T22:00:00,,,,1.4562,1.111,0.3452,,,,0.664,,,,,,
13717,13717,1,22646.0,2026-05-29T22:00:51,1449.0,,,1.4577,1.112,0.3457,0.861,0.1267,,0.665,,,14.723,,,
13760,13760,1,22708.0,2026-05-29T22:01:52,1449.8,,,1.4555,1.1105,0.345,0.8629,0.1266,,0.666,,,14.729,,,
13803,13803,1,22769.0,2026-05-29T22:02:53,1450.3,,,1.4506,1.107,0.3436,0.8914,0.1265,,0.667,,,14.733,,,
13845,13845,1,22829.0,2026-05-29T22:03:54,1450.6,,,1.4463,1.1038,0.3425,0.8841,0.1263,,0.671,,,14.739,,,
13888,13888,1,22891.0,2026-05-29T22:04:55,1449.6,,,1.4434,1.1015,0.3419,0.8943,0.1261,,0.673,,,14.744,,,
13931,13931,1,22952.0,2026-05-29T22:05:56,1446.5,,,1.4427,1.1007,0.342,0.8783,0.1259,,0.676,,,14.751,,,
13974,13974,1,23014.0,2026-05-29T22:06:58,1438.5,,,1.4433,1.1007,0.3426,0.858,0.1256,,0.672,,,14.757,,,
14017,14017,1,23075.0,2026-05-29T22:07:59,1435.7,,,1.446,1.1024,0.3436,0.8693,0.1256,,0.671,,,14.759,,,
14060,14060,1,23136.0,2026-05-29T22:09:00,1427.3,,,1.4443,1.1013,0.343,0.873,0.1254,,0.669,,,14.762,,,
14103,14103,1,23198.0,2026-05-29T22:10:02,1419.1,,,1.4463,1.1028,0.3435,0.9027,0.1251,,0.67,,,14.767,,,
14146,14146,1,23259.0,2026-05-29T22:11:04,1418.8,,,1.4486,1.1045,0.3441,0.8527,0.1251,,0.671,,,14.768,,,
14189,14189,1,23321.0,2026-05-29T22:12:05,1418.8,,,1.447,1.1032,0.3438,0.8553,0.125,,0.672,,,14.772,,,
14232,14232,1,23382.0,2026-05-29T22:13:06,1413.3,,,1.4407,1.0986,0.3421,0.8775,0.1247,,0.671,,,14.777,,,
14275,14275,1,23444.0,2026-05-29T22:14:08,1413.8,,,1.4369,1.0959,0.341,0.9115,0.1243,,0.671,,,14.784,,,
14317,14317,1,23504.0,2026-05-29T22:15:08,1414.9,,,1.436,1.0954,0.3406,0.8795,0.1239,,0.672,,,14.793,,,
14335,14335,1,,2026-05-29T22:15:34,,,,1.4366,1.0957,0.3409,,,,0.673,,,,,,
14357,14357,1,23565.0,2026-05-29T22:16:09,1420.4,,,1.4386,1.0971,0.3415,0.8701,0.1237,,0.672,,,14.799,,,
14399,14399,1,23625.0,2026-05-29T22:17:09,1421.2,,,1.4441,1.1007,0.3434,0.8801,0.1234,,0.672,,,14.803,,,
14442,14442,1,23687.0,2026-05-29T22:18:11,1421.5,,,1.4487,1.1037,0.345,0.8691,0.1233,,0.674,,,14.805,,,
14485,14485,1,23748.0,2026-05-29T22:19:12,1421.3,,,1.4483,1.1034,0.3449,0.8961,0.1231,,0.678,,,14.811,,,
14527,14527,1,23809.0,2026-05-29T22:20:13,1422.1,,,1.4457,1.1014,0.3443,0.8903,0.1229,,0.679,,,14.818,,,
14569,14569,1,23869.0,2026-05-29T22:21:13,1422.9,,,1.4436,1.0998,0.3438,0.8938,0.1228,,0.677,,,14.826,,,
14612,14612,1,23930.0,2026-05-29T22:22:15,1423.0,,,1.4403,1.0974,0.3429,0.869,0.1225,,0.675,,,14.836,,,
14655,14655,1,23992.0,2026-05-29T22:23:16,1423.1,,,1.4379,1.0954,0.3425,0.8796,0.1222,,0.677,,,14.845,,,
14698,14698,1,24054.0,2026-05-29T22:24:18,1423.3,,,1.4388,1.096,0.3428,0.867,0.1222,,0.674,,,14.85,,,
14740,14740,1,24114.0,2026-05-29T22:25:18,1424.1,,,1.437,1.0947,0.3423,0.8829,0.1221,,0.673,,,14.854,,,
14783,14783,1,24175.0,2026-05-29T22:26:19,1423.4,,,1.4335,1.0921,0.3414,0.8907,0.1219,,0.675,,,14.862,,,
14825,14825,1,24236.0,2026-05-29T22:27:20,1423.5,,,1.4304,1.0896,0.3408,0.8607,0.1219,,0.674,,,14.868,,,
14867,14867,1,24297.0,2026-05-29T22:28:21,1418.5,,,1.4302,1.0893,0.3409,0.882,0.1217,,0.674,,,14.873,,,
14909,14909,1,24357.0,2026-05-29T22:29:22,1419.6,,,1.4264,1.0868,0.3396,0.8709,0.1216,,0.673,,,14.881,,,
14951,14951,1,24418.0,2026-05-29T22:30:22,1420.3,,,1.4216,1.0835,0.3381,0.8782,0.1214,,0.672,,,14.888,,,
14983,14983,1,,2026-05-29T22:31:08,,,,1.4183,1.0811,0.3372,,,,0.67,,,,,,
14992,14992,1,24479.0,2026-05-29T22:31:23,1425.1,,,1.4179,1.0808,0.3371,0.8902,0.1213,,0.671,,,14.893,,,
15034,15034,1,24541.0,2026-05-29T22:32:25,1426.5,,,1.4166,1.0799,0.3367,0.8792,0.1211,,0.671,,,14.898,,,
15076,15076,1,24601.0,2026-05-29T22:33:25,1425.8,,,1.4191,1.0816,0.3375,0.8928,0.1208,,0.673,,,14.904,,,
15119,15119,1,24663.0,2026-05-29T22:34:27,1425.6,,,1.4255,1.086,0.3395,0.8761,0.1207,,0.675,,,14.906,,,
15161,15161,1,24723.0,2026-05-29T22:35:27,1425.9,,,1.429,1.0883,0.3407,0.8792,0.1206,,0.674,,,14.908,,,
15203,15203,1,24783.0,2026-05-29T22:36:27,1426.9,,,1.4283,1.0876,0.3407,0.8779,0.1203,,0.675,,,14.914,,,
15245,15245,1,24844.0,2026-05-29T22:37:28,1427.1,,,1.4298,1.0887,0.3411,0.913,0.1201,,0.677,,,14.92,,,
15287,15287,1,24904.0,2026-05-29T22:38:28,1427.4,,,1.4341,1.0916,0.3425,0.8794,0.1199,,0.677,,,14.923,,,
15330,15330,1,24966.0,2026-05-29T22:39:30,1427.4,,,1.4365,1.0932,0.3433,0.8674,0.1196,,0.678,,,14.926,,,
15373,15373,1,25028.0,2026-05-29T22:40:32,1426.6,,,1.4325,1.0904,0.3421,0.8788,0.1194,,0.678,,,14.933,,,
15415,15415,1,25088.0,2026-05-29T22:41:32,1426.2,,,1.4271,1.0865,0.3406,0.8879,0.1191,,0.681,,,14.942,,,
15458,15458,1,25150.0,2026-05-29T22:42:34,1426.2,,,1.4277,1.0869,0.3408,0.8727,0.1188,,0.68,,,14.952,,,
15500,15500,1,25211.0,2026-05-29T22:43:35,1423.4,,,1.4311,1.0892,0.3419,0.8797,0.1186,,0.681,,,14.958,,,
15543,15543,1,25272.0,2026-05-29T22:44:36,1420.5,,,1.433,1.0904,0.3426,0.8888,0.1185,,0.683,,,14.963,,,
15585,15585,1,25333.0,2026-05-29T22:45:37,1421.4,,,1.4299,1.0883,0.3416,0.8885,0.1183,,0.686,,,14.968,,,
15627,15627,1,25394.0,2026-05-29T22:46:38,1421.9,,,1.4235,1.0838,0.3397,0.8653,0.118,,0.686,,,14.976,,,
15630,15630,1,,2026-05-29T22:46:42,,,,1.4232,1.0836,0.3396,,,,0.686,,,,,,
15667,15667,1,25455.0,2026-05-29T22:47:39,1428.5,,,1.4205,1.0818,0.3387,0.8751,0.1178,,0.685,,,14.983,,,
15709,15709,1,25515.0,2026-05-29T22:48:39,1427.2,,,1.4212,1.0823,0.3389,0.8842,0.1178,,0.687,,,14.985,,,
15752,15752,1,25577.0,2026-05-29T22:49:41,1426.5,,,1.4201,1.0812,0.3389,0.8954,0.1177,,0.687,,,14.991,,,
15795,15795,1,25639.0,2026-05-29T22:50:43,1427.1,,,1.4185,1.08,0.3385,0.8842,0.1175,,0.688,,,14.996,,,
15838,15838,1,25700.0,2026-05-29T22:51:45,1427.2,,,1.4212,1.0819,0.3393,0.8987,0.1175,,0.691,,,14.997,,,
15881,15881,1,25762.0,2026-05-29T22:52:46,1427.1,,,1.4262,1.0853,0.3409,0.8987,0.1175,,0.692,,,14.998,,,
15922,15922,1,25823.0,2026-05-29T22:53:47,1428.7,,,1.4283,1.0869,0.3414,0.8911,0.1175,,0.694,,,15.001,,,
15961,15961,1,25884.0,2026-05-29T22:54:48,1437.0,,,1.4233,1.0836,0.3397,0.8766,0.1174,,0.695,,,15.002,,,
16002,16002,1,25944.0,2026-05-29T22:55:48,1439.7,,,1.4166,1.0789,0.3377,0.8886,0.1172,,0.695,,,15.006,,,
16042,16042,1,26005.0,2026-05-29T22:56:49,1446.7,,,1.4156,1.078,0.3376,0.8816,0.1171,,0.694,,,15.01,,,
16082,16082,1,26067.0,2026-05-29T22:57:51,1452.8,,,1.4206,1.0812,0.3394,0.8972,0.117,,0.694,,,15.011,,,
16123,16123,1,26128.0,2026-05-29T22:58:52,1456.3,,,1.4238,1.0831,0.3407,0.8889,0.117,,0.695,,,15.011,,,
16165,16165,1,26189.0,2026-05-29T22:59:53,1450.2,,,1.4207,1.0807,0.34,0.8892,0.1169,,0.696,,,15.014,,,
16207,16207,1,26249.0,2026-05-29T23:00:53,1450.5,,,1.4193,1.0797,0.3396,0.8706,0.1168,,0.696,,,15.017,,,
16250,16250,1,26311.0,2026-05-29T23:01:55,1450.7,,,1.4203,1.0806,0.3397,0.8903,0.1164,,0.698,,,15.022,,,
16264,16264,1,,2026-05-29T23:02:15,,,,1.42,1.0804,0.3396,,,,0.698,,,,,,
16290,16290,1,26372.0,2026-05-29T23:02:56,1456.5,,,1.4209,1.0811,0.3398,0.8961,0.1163,,0.699,,,15.027,,,
16332,16332,1,26432.0,2026-05-29T23:03:57,1456.4,,,1.4183,1.0791,0.3392,0.8973,0.116,,0.697,,,15.037,,,
16374,16374,1,26493.0,2026-05-29T23:04:57,1456.8,,,1.4151,1.0767,0.3384,0.8507,0.1158,,0.695,,,15.045,,,
16417,16417,1,26555.0,2026-05-29T23:05:59,1455.8,,,1.4164,1.0772,0.3392,0.907,0.1156,,0.695,,,15.049,,,
16459,16459,1,26615.0,2026-05-29T23:06:59,1448.4,,,1.4254,1.0832,0.3422,0.882,0.1155,,0.693,,,15.052,,,
16502,16502,1,26677.0,2026-05-29T23:08:01,1444.6,,,1.4326,1.0879,0.3447,0.8849,0.1155,,0.693,,,15.053,,,
16545,16545,1,26739.0,2026-05-29T23:09:03,1438.7,,,1.4313,1.087,0.3443,0.8759,0.1154,,0.697,,,15.058,,,
16588,16588,1,26800.0,2026-05-29T23:10:04,1430.1,,,1.4248,1.0827,0.3421,0.8773,0.1151,,0.695,,,15.067,,,
16630,16630,1,26861.0,2026-05-29T23:11:05,1424.7,,,1.422,1.0811,0.3409,0.8987,0.1147,,0.697,,,15.074,,,
16672,16672,1,26921.0,2026-05-29T23:12:05,1424.5,,,1.4252,1.0836,0.3416,0.8843,0.1145,,0.698,,,15.08,,,
16715,16715,1,26982.0,2026-05-29T23:13:06,1424.0,,,1.4257,1.0837,0.342,0.9017,0.1143,,0.7,,,15.09,,,
16757,16757,1,27043.0,2026-05-29T23:14:07,1424.4,,,1.4265,1.084,0.3425,0.8849,0.1141,,0.7,,,15.096,,,
16799,16799,1,27103.0,2026-05-29T23:15:07,1418.6,,,1.4285,1.0853,0.3432,0.8992,0.1141,,0.701,,,15.1,,,
16841,16841,1,27164.0,2026-05-29T23:16:08,1418.0,,,1.4286,1.0853,0.3433,0.8573,0.114,,0.7,,,15.104,,,
16884,16884,1,27225.0,2026-05-29T23:17:09,1417.9,,,1.4259,1.0834,0.3425,0.9031,0.1137,,0.701,,,15.11,,,
16912,16912,1,,2026-05-29T23:17:49,,,,1.4248,1.0828,0.342,,,,0.703,,,,,,
16924,16924,1,27286.0,2026-05-29T23:18:10,1423.8,,,1.4239,1.0823,0.3416,0.8875,0.1135,,0.702,,,15.115,,,
16966,16966,1,27347.0,2026-05-29T23:19:11,1424.5,,,1.4201,1.0799,0.3402,0.8996,0.1133,,0.703,,,15.12,,,
17008,17008,1,27408.0,2026-05-29T23:20:12,1425.3,,,1.4194,1.0795,0.3399,0.9146,0.1131,,0.704,,,15.126,,,
17051,17051,1,27470.0,2026-05-29T23:21:14,1425.8,,,1.4212,1.0807,0.3405,0.9004,0.1129,,0.702,,,15.128,,,
17093,17093,1,27531.0,2026-05-29T23:22:15,1426.7,,,1.427,1.0847,0.3423,0.8938,0.1129,,0.701,,,15.13,,,
17135,17135,1,27591.0,2026-05-29T23:23:16,1426.3,,,1.431,1.0872,0.3438,0.8919,0.1128,,0.701,,,15.131,,,
17177,17177,1,27652.0,2026-05-29T23:24:16,1426.8,,,1.433,1.0883,0.3447,0.8689,0.1128,,0.701,,,15.133,,,
17220,17220,1,27714.0,2026-05-29T23:25:18,1426.9,,,1.4366,1.0906,0.346,0.8919,0.1128,,0.698,,,15.134,,,
17262,17262,1,27774.0,2026-05-29T23:26:18,1426.8,,,1.4346,1.0892,0.3454,0.8965,0.1128,,0.699,,,15.136,,,
17304,17304,1,27835.0,2026-05-29T23:27:19,1426.7,,,1.4309,1.0866,0.3443,0.8706,0.1127,,0.698,,,15.138,,,
17347,17347,1,27896.0,2026-05-29T23:28:20,1426.1,,,1.4286,1.085,0.3436,0.8851,0.1124,,0.697,,,15.142,,,
17389,17389,1,27956.0,2026-05-29T23:29:20,1425.9,,,1.4306,1.0866,0.344,0.8689,0.1122,,0.699,,,15.145,,,
17432,17432,1,28018.0,2026-05-29T23:30:22,1421.7,,,1.4332,1.0882,0.345,0.8983,0.1122,,0.699,,,15.148,,,
17474,17474,1,28079.0,2026-05-29T23:31:24,1420.2,,,1.4322,1.0873,0.3449,0.8822,0.1121,,0.697,,,15.15,,,
17516,17516,1,28140.0,2026-05-29T23:32:24,1419.4,,,1.4294,1.0851,0.3443,0.9079,0.1119,,0.696,,,15.155,,,
17558,17558,1,28200.0,2026-05-29T23:33:24,1419.3,,,1.4311,1.0861,0.345,0.8873,0.1117,,0.695,,,15.157,,,
17559,17559,1,,2026-05-29T23:33:25,,,,1.4313,1.0863,0.345,,,,0.695,,,,,,
17598,17598,1,28262.0,2026-05-29T23:34:26,1424.9,,,1.4323,1.0868,0.3455,0.8607,0.1117,,0.695,,,15.159,,,
17641,17641,1,28323.0,2026-05-29T23:35:27,1424.5,,,1.4339,1.0877,0.3462,0.8858,0.1117,,0.697,,,15.163,,,
17683,17683,1,28384.0,2026-05-29T23:36:28,1424.1,,,1.4358,1.0891,0.3467,0.8819,0.1116,,0.697,,,15.164,,,
17725,17725,1,28444.0,2026-05-29T23:37:28,1424.5,,,1.4355,1.089,0.3465,0.8858,0.1115,,0.698,,,15.165,,,
17767,17767,1,28504.0,2026-05-29T23:38:29,1424.3,,,1.4319,1.0866,0.3453,0.8563,0.1113,,0.7,,,15.168,,,
17810,17810,1,28566.0,2026-05-29T23:39:30,1424.2,,,1.4334,1.0874,0.346,0.8944,0.1112,,0.7,,,15.169,,,
17851,17851,1,28627.0,2026-05-29T23:40:31,1426.6,,,1.4376,1.0901,0.3475,0.8818,0.1112,,0.702,,,15.169,,,
17894,17894,1,28689.0,2026-05-29T23:41:33,1427.9,,,1.4398,1.0914,0.3484,0.8922,0.1111,,0.703,,,15.173,,,
17936,17936,1,28750.0,2026-05-29T23:42:34,1428.3,,,1.4408,1.0919,0.3489,0.8815,0.1111,,0.704,,,15.175,,,
17978,17978,1,28811.0,2026-05-29T23:43:35,1429.2,,,1.4424,1.0927,0.3497,0.9041,0.111,,0.705,,,15.175,,,
18020,18020,1,28872.0,2026-05-29T23:44:36,1429.5,,,1.4468,1.0956,0.3512,0.9013,0.1109,,0.708,,,15.176,,,
18063,18063,1,28934.0,2026-05-29T23:45:38,1429.7,,,1.4472,1.0957,0.3515,0.8886,0.1108,,0.713,,,15.18,,,
18105,18105,1,28994.0,2026-05-29T23:46:39,1424.1,,,1.4426,1.0924,0.3502,0.8806,0.1106,,0.714,,,15.188,,,
18147,18147,1,29055.0,2026-05-29T23:47:39,1424.8,,,1.437,1.0887,0.3483,0.9043,0.1105,,0.712,,,15.193,,,
18190,18190,1,29117.0,2026-05-29T23:48:41,1424.6,,,1.4331,1.0857,0.3474,0.912,0.1103,,0.712,,,15.201,,,
18203,18203,1,,2026-05-29T23:48:59,,,,1.4319,1.0848,0.3471,,,,0.712,,,,,,
18230,18230,1,29178.0,2026-05-29T23:49:42,1430.2,,,1.4316,1.0845,0.3471,0.879,0.1102,,0.713,,,15.207,,,
18272,18272,1,29239.0,2026-05-29T23:50:43,1430.1,,,1.436,1.0872,0.3488,0.8809,0.11,,0.715,,,15.211,,,
18314,18314,1,29299.0,2026-05-29T23:51:43,1430.4,,,1.4418,1.0913,0.3505,0.879,0.1099,,0.716,,,15.216,,,
18357,18357,1,29361.0,2026-05-29T23:52:45,1428.9,,,1.4427,1.0921,0.3506,0.897,0.1097,,0.716,,,15.219,,,
18398,18398,1,29421.0,2026-05-29T23:53:46,1430.3,,,1.4402,1.0905,0.3497,0.9035,0.1097,,0.715,,,15.22,,,
18438,18438,1,29483.0,2026-05-29T23:54:47,1436.4,,,1.4351,1.0868,0.3483,0.8708,0.1095,,0.715,,,15.223,,,
18478,18478,1,29543.0,2026-05-29T23:55:48,1439.9,,,1.4282,1.0823,0.3459,0.8973,0.1093,,0.716,,,15.231,,,
18519,18519,1,29604.0,2026-05-29T23:56:48,1441.6,,,1.4198,1.0769,0.3429,0.8668,0.1092,,0.716,,,15.238,,,
18558,18558,1,29666.0,2026-05-29T23:57:50,1450.5,,,1.4133,1.0727,0.3406,0.8876,0.109,,0.715,,,15.242,,,
18597,18597,1,29727.0,2026-05-29T23:58:51,1458.2,,,1.4069,1.0683,0.3386,0.894,0.1086,,0.713,,,15.248,,,
18638,18638,1,29788.0,2026-05-29T23:59:52,1462.1,,,1.4042,1.0661,0.3381,0.8769,0.1083,,0.715,,,15.253,,,
18678,18678,1,29849.0,2026-05-30T00:00:53,1467.6,,,1.4061,1.0673,0.3388,0.8972,0.1079,,0.717,,,15.257,,,
18720,18720,1,29911.0,2026-05-30T00:01:55,1467.2,,,1.4052,1.0668,0.3384,0.8943,0.1076,,0.718,,,15.262,,,
18762,18762,1,29972.0,2026-05-30T00:02:56,1464.9,,,1.4034,1.0656,0.3378,0.9066,0.1074,,0.714,,,15.267,,,
18804,18804,1,30032.0,2026-05-30T00:03:57,1465.7,,,1.4004,1.0637,0.3367,0.9224,0.1073,,0.716,,,15.273,,,
18831,18831,1,,2026-05-30T00:04:36,,,,1.397,1.0612,0.3358,,,,0.717,,,,,,
18844,18844,1,30094.0,2026-05-30T00:04:58,1470.9,,,1.3974,1.0613,0.3361,0.8859,0.1072,,0.717,,,15.278,,,
18886,18886,1,30155.0,2026-05-30T00:05:59,1470.9,,,1.4007,1.0632,0.3375,0.8852,0.107,,0.717,,,15.284,,,
18928,18928,1,30215.0,2026-05-30T00:06:59,1466.5,,,1.4038,1.0654,0.3384,0.8998,0.107,,0.717,,,15.288,,,
18970,18970,1,30276.0,2026-05-30T00:08:00,1457.0,,,1.4062,1.067,0.3392,0.8955,0.1069,,0.717,,,15.289,,,
19012,19012,1,30336.0,2026-05-30T00:09:00,1455.4,,,1.4085,1.0683,0.3402,0.9028,0.1069,,0.718,,,15.291,,,
19054,19054,1,30397.0,2026-05-30T00:10:01,1448.0,,,1.4136,1.0714,0.3422,0.8859,0.107,,0.72,,,15.291,,,
19096,19096,1,30457.0,2026-05-30T00:11:02,1438.9,,,1.4217,1.0767,0.345,0.8817,0.107,,0.721,,,15.292,,,
19138,19138,1,30518.0,2026-05-30T00:12:02,1433.5,,,1.4271,1.0803,0.3468,0.8967,0.107,,0.722,,,15.292,,,
19181,19181,1,30579.0,2026-05-30T00:13:03,1427.1,,,1.4296,1.0821,0.3475,0.8838,0.1071,,0.721,,,15.292,,,
19223,19223,1,30640.0,2026-05-30T00:14:04,1424.6,,,1.4328,1.0843,0.3485,0.88,0.1072,,0.722,,,15.292,,,
19265,19265,1,30701.0,2026-05-30T00:15:05,1423.7,,,1.4357,1.0864,0.3493,0.9006,0.1071,,0.726,,,15.29,,,
19307,19307,1,30761.0,2026-05-30T00:16:05,1423.6,,,1.4353,1.086,0.3493,0.8815,0.1071,,0.725,,,15.291,,,
19349,19349,1,30822.0,2026-05-30T00:17:06,1420.0,,,1.4319,1.0836,0.3483,0.8965,0.107,,0.724,,,15.294,,,
19391,19391,1,30882.0,2026-05-30T00:18:07,1417.7,,,1.4243,1.0787,0.3456,0.9148,0.1068,,0.723,,,15.295,,,
19433,19433,1,30943.0,2026-05-30T00:19:07,1417.7,,,1.4182,1.0744,0.3438,0.8941,0.1065,,0.724,,,15.3,,,
19475,19475,1,31003.0,2026-05-30T00:20:08,1417.4,,,1.4141,1.0713,0.3428,0.8753,0.1062,,0.725,,,15.304,,,
19477,19477,1,,2026-05-30T00:20:10,,,,1.414,1.0712,0.3428,,,,0.725,,,,,,
19516,19516,1,31065.0,2026-05-30T00:21:09,1422.9,,,1.413,1.0705,0.3425,0.8883,0.106,,0.727,,,15.309,,,
19558,19558,1,31126.0,2026-05-30T00:22:10,1423.2,,,1.4137,1.0711,0.3426,0.8817,0.1057,,0.726,,,15.317,,,
19600,19600,1,31187.0,2026-05-30T00:23:11,1423.5,,,1.412,1.0701,0.3419,0.8976,0.1055,,0.729,,,15.322,,,
19642,19642,1,31247.0,2026-05-30T00:24:12,1423.5,,,1.4097,1.0687,0.341,0.9037,0.1054,,0.729,,,15.325,,,
19684,19684,1,31308.0,2026-05-30T00:25:12,1423.8,,,1.4068,1.0667,0.3401,0.9028,0.1053,,0.73,,,15.329,,,
19727,19727,1,31370.0,2026-05-30T00:26:14,1423.7,,,1.4035,1.0644,0.3391,0.8875,0.105,,0.731,,,15.335,,,
19768,19768,1,31431.0,2026-05-30T00:27:15,1422.7,,,1.3999,1.0621,0.3378,0.9038,0.1048,,0.733,,,15.342,,,
19809,19809,1,31492.0,2026-05-30T00:28:16,1424.7,,,1.3963,1.0595,0.3368,0.9011,0.1045,,0.735,,,15.35,,,
19852,19852,1,31554.0,2026-05-30T00:29:18,1423.6,,,1.3957,1.0591,0.3366,0.9058,0.1042,,0.737,,,15.356,,,
19894,19894,1,31615.0,2026-05-30T00:30:19,1424.2,,,1.3985,1.0607,0.3378,0.8895,0.1041,,0.737,,,15.362,,,
19936,19936,1,31675.0,2026-05-30T00:31:20,1423.9,,,1.4049,1.0649,0.34,0.9009,0.1041,,0.737,,,15.364,,,
19978,19978,1,31736.0,2026-05-30T00:32:20,1424.3,,,1.4135,1.0709,0.3426,0.8965,0.1042,,0.738,,,15.363,,,
20020,20020,1,31796.0,2026-05-30T00:33:21,1419.7,,,1.4152,1.0721,0.3431,0.9012,0.1041,,0.738,,,15.367,,,
20062,20062,1,31857.0,2026-05-30T00:34:21,1419.1,,,1.4105,1.0688,0.3417,0.8921,0.1039,,0.737,,,15.371,,,
20104,20104,1,31919.0,2026-05-30T00:35:23,1420.2,,,1.4062,1.0658,0.3404,0.8884,0.1038,,0.734,,,15.376,,,
20120,20120,1,,2026-05-30T00:35:46,,,,1.4052,1.065,0.3402,,,,0.734,,,,,,
20144,20144,1,31980.0,2026-05-30T00:36:24,1426.4,,,1.4058,1.0654,0.3404,0.9151,0.1036,,0.734,,,15.38,,,
20186,20186,1,32041.0,2026-05-30T00:37:25,1426.8,,,1.4094,1.0676,0.3418,0.9121,0.1035,,0.733,,,15.384,,,
20228,20228,1,32102.0,2026-05-30T00:38:26,1427.0,,,1.4134,1.0702,0.3432,0.879,0.1034,,0.73,,,15.388,,,
20270,20270,1,32162.0,2026-05-30T00:39:26,1426.7,,,1.4138,1.0702,0.3436,0.9169,0.1034,,0.729,,,15.392,,,
20313,20313,1,32224.0,2026-05-30T00:40:28,1424.1,,,1.4148,1.0709,0.3439,0.8993,0.1033,,0.728,,,15.394,,,
20355,20355,1,32284.0,2026-05-30T00:41:28,1424.5,,,1.4173,1.0726,0.3447,0.8965,0.1032,,0.728,,,15.396,,,
20397,20397,1,32345.0,2026-05-30T00:42:29,1423.9,,,1.4163,1.0722,0.3441,0.8913,0.1032,,0.729,,,15.399,,,
20439,20439,1,32405.0,2026-05-30T00:43:29,1423.9,,,1.4142,1.0711,0.3431,0.8907,0.103,,0.731,,,15.402,,,
20481,20481,1,32466.0,2026-05-30T00:44:30,1423.6,,,1.409,1.0674,0.3416,0.8927,0.1027,,0.729,,,15.409,,,
20523,20523,1,32527.0,2026-05-30T00:45:31,1423.3,,,1.4046,1.0644,0.3402,0.916,0.1024,,0.729,,,15.417,,,
20566,20566,1,32588.0,2026-05-30T00:46:33,1423.0,,,1.4058,1.0653,0.3405,0.9269,0.1022,,0.729,,,15.422,,,
20608,20608,1,32649.0,2026-05-30T00:47:34,1422.1,,,1.4102,1.0684,0.3418,0.8972,0.102,,0.729,,,15.424,,,
20651,20651,1,32711.0,2026-05-30T00:48:35,1415.8,,,1.4104,1.0685,0.3419,0.8588,0.1019,,0.728,,,15.427,,,
20693,20693,1,32771.0,2026-05-30T00:49:35,1414.4,,,1.4066,1.0658,0.3408,0.9243,0.1018,,0.728,,,15.432,,,
20735,20735,1,32831.0,2026-05-30T00:50:35,1413.7,,,1.3981,1.0601,0.338,0.8813,0.1017,,0.73,,,15.436,,,
20766,20766,1,,2026-05-30T00:51:20,,,,1.3948,1.0579,0.3369,,,,0.731,,,,,,
20776,20776,1,32892.0,2026-05-30T00:51:37,1418.0,,,1.3946,1.0578,0.3368,0.8873,0.1015,,0.731,,,15.439,,,
20818,20818,1,32954.0,2026-05-30T00:52:38,1419.8,,,1.396,1.0588,0.3372,0.9012,0.1014,,0.73,,,15.444,,,
20860,20860,1,33015.0,2026-05-30T00:53:39,1420.2,,,1.3944,1.0576,0.3368,0.8992,0.1013,,0.733,,,15.447,,,
20901,20901,1,33076.0,2026-05-30T00:54:40,1421.5,,,1.3907,1.0551,0.3356,0.9075,0.1012,,0.731,,,15.453,,,
20941,20941,1,33137.0,2026-05-30T00:55:42,1429.1,,,1.3852,1.0511,0.3341,0.8876,0.1011,,0.732,,,15.459,,,
20983,20983,1,33199.0,2026-05-30T00:56:43,1430.9,,,1.3825,1.0493,0.3332,0.8922,0.101,,0.733,,,15.465,,,
21023,21023,1,33260.0,2026-05-30T00:57:44,1435.7,,,1.3883,1.0532,0.3351,0.8977,0.1009,,0.732,,,15.467,,,
21062,21062,1,33321.0,2026-05-30T00:58:45,1443.3,,,1.3947,1.0573,0.3374,0.9114,0.101,,0.733,,,15.465,,,
21103,21103,1,33383.0,2026-05-30T00:59:47,1448.3,,,1.3937,1.0565,0.3372,0.8855,0.101,,0.734,,,15.466,,,
21145,21145,1,33443.0,2026-05-30T01:00:48,1448.8,,,1.3907,1.0545,0.3362,0.9101,0.101,,0.737,,,15.467,,,
21187,21187,1,33504.0,2026-05-30T01:01:48,1449.1,,,1.389,1.0533,0.3357,0.9005,0.1008,,0.737,,,15.471,,,
21230,21230,1,33566.0,2026-05-30T01:02:50,1448.8,,,1.3899,1.0538,0.3361,0.9134,0.1007,,0.739,,,15.473,,,
21272,21272,1,33626.0,2026-05-30T01:03:50,1449.0,,,1.3905,1.054,0.3365,0.8939,0.1005,,0.738,,,15.476,,,
21314,21314,1,33687.0,2026-05-30T01:04:51,1443.5,,,1.3899,1.0534,0.3365,0.8719,0.1004,,0.741,,,15.476,,,
21357,21357,1,33749.0,2026-05-30T01:05:53,1443.7,,,1.3868,1.0513,0.3355,0.9029,0.1001,,0.743,,,15.477,,,
21399,21399,1,33811.0,2026-05-30T01:06:55,1445.8,,,1.3901,1.0534,0.3367,0.879,0.1,,0.745,,,15.476,,,
21439,21439,1,33872.0,2026-05-30T01:07:56,1446.2,,,1.396,1.0572,0.3388,0.9081,0.1,,0.747,,,15.472,,,
21481,21481,1,33933.0,2026-05-30T01:08:57,1441.6,,,1.398,1.0582,0.3398,0.8813,0.0999,,0.747,,,15.472,,,
21523,21523,1,33993.0,2026-05-30T01:09:57,1439.1,,,1.3989,1.0588,0.3401,0.9089,0.0997,,0.75,,,15.473,,,
21566,21566,1,34055.0,2026-05-30T01:10:59,1429.5,,,1.3969,1.0575,0.3394,0.8991,0.0996,,0.751,,,15.473,,,
21608,21608,1,34116.0,2026-05-30T01:12:00,1422.7,,,1.3996,1.0594,0.3402,0.8849,0.0995,,0.752,,,15.474,,,
21650,21650,1,34176.0,2026-05-30T01:13:00,1422.4,,,1.407,1.0642,0.3428,0.9021,0.0994,,0.75,,,15.474,,,
21692,21692,1,34236.0,2026-05-30T01:14:01,1421.9,,,1.4119,1.0674,0.3445,0.9044,0.0994,,0.751,,,15.473,,,
21735,21735,1,34298.0,2026-05-30T01:15:02,1422.1,,,1.4178,1.0715,0.3463,0.8821,0.0994,,0.748,,,15.472,,,
21777,21777,1,34359.0,2026-05-30T01:16:03,1421.8,,,1.4228,1.0749,0.3479,0.9137,0.0994,,0.749,,,15.472,,,
21820,21820,1,34420.0,2026-05-30T01:17:05,1421.3,,,1.4266,1.0773,0.3493,0.9001,0.0994,,0.751,,,15.473,,,
21862,21862,1,34481.0,2026-05-30T01:18:05,1421.1,,,1.4292,1.0788,0.3504,0.909,0.0995,,0.75,,,15.474,,,
21905,21905,1,34543.0,2026-05-30T01:19:07,1420.2,,,1.4292,1.0787,0.3505,0.9071,0.0994,,0.746,,,15.475,,,
21947,21947,1,34604.0,2026-05-30T01:20:09,1414.4,,,1.4306,1.0795,0.3511,0.9183,0.0993,,0.744,,,15.478,,,
21989,21989,1,34665.0,2026-05-30T01:21:09,1413.8,,,1.4358,1.0831,0.3527,0.9185,0.0993,,0.744,,,15.478,,,
22031,22031,1,34725.0,2026-05-30T01:22:10,1413.4,,,1.4359,1.0832,0.3527,0.9153,0.0993,,0.743,,,15.477,,,
22046,22046,1,,2026-05-30T01:22:30,,,,1.4346,1.0822,0.3524,,,,0.742,,,,,,
22070,22070,1,34786.0,2026-05-30T01:23:10,1419.5,,,1.4354,1.0827,0.3527,0.9088,0.0992,,0.742,,,15.478,,,
22112,22112,1,34846.0,2026-05-30T01:24:11,1419.2,,,1.4327,1.0807,0.352,0.9101,0.0991,,0.742,,,15.481,,,
22155,22155,1,34908.0,2026-05-30T01:25:12,1418.3,,,1.4268,1.0769,0.3499,0.9083,0.0989,,0.743,,,15.485,,,
22197,22197,1,34968.0,2026-05-30T01:26:13,1418.6,,,1.4215,1.0735,0.348,0.905,0.0987,,0.744,,,15.491,,,
22239,22239,1,35029.0,2026-05-30T01:27:14,1418.6,,,1.4179,1.071,0.3469,0.914,0.0985,,0.747,,,15.493,,,
22282,22282,1,35091.0,2026-05-30T01:28:15,1418.6,,,1.4129,1.0676,0.3453,0.8895,0.0983,,0.746,,,15.498,,,
22324,22324,1,35151.0,2026-05-30T01:29:16,1418.2,,,1.4069,1.0635,0.3434,0.914,0.0981,,0.744,,,15.501,,,
22366,22366,1,35212.0,2026-05-30T01:30:16,1417.8,,,1.4056,1.0627,0.3429,0.9242,0.0979,,0.744,,,15.506,,,
22408,22408,1,35272.0,2026-05-30T01:31:16,1416.6,,,1.4058,1.0629,0.3429,0.9109,0.0979,,0.745,,,15.511,,,
22451,22451,1,35334.0,2026-05-30T01:32:18,1415.8,,,1.4032,1.0612,0.342,0.8981,0.0978,,0.747,,,15.517,,,
22493,22493,1,35394.0,2026-05-30T01:33:19,1415.4,,,1.3981,1.0577,0.3404,0.9093,0.0977,,0.746,,,15.52,,,
22536,22536,1,35456.0,2026-05-30T01:34:20,1415.1,,,1.3961,1.0561,0.34,0.8848,0.0975,,0.748,,,15.529,,,
22578,22578,1,35517.0,2026-05-30T01:35:21,1409.6,,,1.3959,1.0559,0.34,0.9103,0.0975,,0.748,,,15.534,,,
22620,22620,1,35577.0,2026-05-30T01:36:22,1409.5,,,1.3944,1.0547,0.3397,0.9206,0.0974,,0.747,,,15.539,,,
22663,22663,1,35639.0,2026-05-30T01:37:23,1409.9,,,1.3933,1.0537,0.3396,0.9031,0.0973,,0.746,,,15.543,,,
22693,22693,1,,2026-05-30T01:38:06,,,,1.3938,1.0541,0.3397,,,,0.747,,,,,,
22703,22703,1,35700.0,2026-05-30T01:38:24,1415.1,,,1.394,1.0542,0.3398,0.9085,0.0974,,0.748,,,15.545,,,
22744,22744,1,35761.0,2026-05-30T01:39:25,1416.4,,,1.3922,1.053,0.3392,0.8812,0.0973,,0.749,,,15.551,,,
22786,22786,1,35821.0,2026-05-30T01:40:26,1415.9,,,1.3941,1.0542,0.3399,0.9101,0.0972,,0.749,,,15.556,,,
22828,22828,1,35882.0,2026-05-30T01:41:26,1415.7,,,1.3991,1.0576,0.3415,0.9156,0.0971,,0.748,,,15.559,,,
22870,22870,1,35943.0,2026-05-30T01:42:27,1416.2,,,1.399,1.0575,0.3415,0.9074,0.097,,0.747,,,15.562,,,
22913,22913,1,36005.0,2026-05-30T01:43:29,1416.1,,,1.395,1.0546,0.3404,0.9191,0.0968,,0.749,,,15.57,,,
22955,22955,1,36065.0,2026-05-30T01:44:29,1415.6,,,1.3942,1.0541,0.3401,0.9012,0.0965,,0.749,,,15.575,,,
22997,22997,1,36126.0,2026-05-30T01:45:30,1415.4,,,1.395,1.0545,0.3405,0.9099,0.0963,,0.75,,,15.58,,,
23040,23040,1,36187.0,2026-05-30T01:46:31,1414.8,,,1.3966,1.0557,0.3409,0.922,0.0961,,0.752,,,15.584,,,
23082,23082,1,36248.0,2026-05-30T01:47:32,1414.1,,,1.3983,1.0568,0.3415,0.8961,0.096,,0.752,,,15.588,,,
23125,23125,1,36310.0,2026-05-30T01:48:34,1414.0,,,1.3979,1.0566,0.3413,0.9293,0.0958,,0.752,,,15.59,,,
23168,23168,1,36371.0,2026-05-30T01:49:35,1413.5,,,1.3958,1.0552,0.3406,0.8989,0.0958,,0.755,,,15.593,,,
23210,23210,1,36432.0,2026-05-30T01:50:36,1409.5,,,1.3948,1.0542,0.3406,0.9125,0.0955,,0.752,,,15.596,,,
23252,23252,1,36493.0,2026-05-30T01:51:37,1406.3,,,1.3967,1.0553,0.3414,0.9123,0.0954,,0.753,,,15.599,,,
23294,23294,1,36554.0,2026-05-30T01:52:38,1407.6,,,1.3976,1.0558,0.3418,0.8938,0.0953,,0.752,,,15.6,,,
23336,23336,1,36614.0,2026-05-30T01:53:38,1407.7,,,1.3992,1.0567,0.3425,0.9291,0.0953,,0.753,,,15.604,,,
23338,23338,1,,2026-05-30T01:53:41,,,,1.3993,1.0568,0.3425,,,,0.753,,,,,,
23375,23375,1,36675.0,2026-05-30T01:54:39,1414.0,,,1.4043,1.0602,0.3441,0.8945,0.0952,,0.752,,,15.605,,,
23416,23416,1,36737.0,2026-05-30T01:55:41,1419.0,,,1.4081,1.0628,0.3453,0.9131,0.0953,,0.75,,,15.606,,,
23455,23455,1,36797.0,2026-05-30T01:56:42,1425.3,,,1.4104,1.0645,0.3459,0.9123,0.0952,,0.749,,,15.606,,,
23497,23497,1,36859.0,2026-05-30T01:57:43,1428.2,,,1.4079,1.0629,0.345,0.9212,0.0952,,0.751,,,15.606,,,
23536,23536,1,36920.0,2026-05-30T01:58:44,1436.9,,,1.4048,1.0608,0.344,0.9004,0.0951,,0.751,,,15.612,,,
23575,23575,1,36981.0,2026-05-30T01:59:45,1446.1,,,1.403,1.0596,0.3434,0.9067,0.095,,0.751,,,15.615,,,
23615,23615,1,37042.0,2026-05-30T02:00:46,1451.2,,,1.4038,1.0602,0.3436,0.8935,0.0948,,0.754,,,15.618,,,
23656,23656,1,37102.0,2026-05-30T02:01:47,1454.5,,,1.405,1.0611,0.3439,0.9005,0.0946,,0.756,,,15.623,,,
23695,23695,1,37164.0,2026-05-30T02:02:48,1461.6,,,1.4066,1.0623,0.3443,0.903,0.0944,,0.756,,,15.626,,,
23735,23735,1,37225.0,2026-05-30T02:03:49,1469.2,,,1.4071,1.0626,0.3445,0.9145,0.0943,,0.761,,,15.631,,,
23776,23776,1,37286.0,2026-05-30T02:04:50,1471.0,,,1.4036,1.0603,0.3433,0.9146,0.0942,,0.762,,,15.633,,,
23818,23818,1,37347.0,2026-05-30T02:05:52,1471.3,,,1.3997,1.0577,0.342,0.9221,0.0941,,0.764,,,15.638,,,
23861,23861,1,37409.0,2026-05-30T02:06:53,1466.0,,,1.3973,1.0561,0.3412,0.8974,0.094,,0.766,,,15.639,,,
23903,23903,1,37471.0,2026-05-30T02:07:55,1464.7,,,1.3928,1.0529,0.3399,0.919,0.0938,,0.767,,,15.641,,,
23945,23945,1,37532.0,2026-05-30T02:08:56,1457.7,,,1.3893,1.0502,0.3391,0.91,0.0937,,0.769,,,15.644,,,
23959,23959,1,,2026-05-30T02:09:15,,,,1.3894,1.0502,0.3392,,,,0.77,,,,,,
23985,23985,1,37593.0,2026-05-30T02:09:57,1460.7,,,1.3911,1.0511,0.34,0.9148,0.0937,,0.771,,,15.645,,,
24027,24027,1,37654.0,2026-05-30T02:10:58,1453.8,,,1.3963,1.0544,0.3419,0.9166,0.0937,,0.767,,,15.643,,,
24069,24069,1,37715.0,2026-05-30T02:11:59,1444.9,,,1.3985,1.0556,0.3429,0.9022,0.0937,,0.768,,,15.639,,,
24111,24111,1,37775.0,2026-05-30T02:12:59,1435.4,,,1.3961,1.054,0.3421,0.9235,0.0937,,0.771,,,15.639,,,
24153,24153,1,37836.0,2026-05-30T02:14:00,1433.2,,,1.3943,1.0529,0.3414,0.9067,0.0936,,0.771,,,15.639,,,
24195,24195,1,37897.0,2026-05-30T02:15:01,1427.3,,,1.3934,1.0523,0.3411,0.9,0.0935,,0.773,,,15.639,,,
24237,24237,1,37957.0,2026-05-30T02:16:02,1418.4,,,1.3914,1.0509,0.3405,0.9068,0.0934,,0.771,,,15.64,,,
24279,24279,1,38018.0,2026-05-30T02:17:02,1415.8,,,1.3911,1.0505,0.3406,0.9291,0.0933,,0.772,,,15.644,,,
24322,24322,1,38079.0,2026-05-30T02:18:03,1412.7,,,1.3938,1.0522,0.3416,0.9068,0.0933,,0.77,,,15.644,,,
24364,24364,1,38140.0,2026-05-30T02:19:04,1413.4,,,1.3915,1.0508,0.3407,0.9062,0.0932,,0.772,,,15.647,,,
24407,24407,1,38201.0,2026-05-30T02:20:06,1412.3,,,1.3869,1.0478,0.3391,0.8907,0.093,,0.774,,,15.657,,,
24449,24449,1,38262.0,2026-05-30T02:21:06,1412.2,,,1.3879,1.0486,0.3393,0.9103,0.0928,,0.773,,,15.662,,,
24491,24491,1,38323.0,2026-05-30T02:22:07,1407.3,,,1.3879,1.0486,0.3393,0.9059,0.0927,,0.773,,,15.67,,,
24533,24533,1,38384.0,2026-05-30T02:23:09,1407.7,,,1.3848,1.0466,0.3382,0.9089,0.0925,,0.776,,,15.678,,,
24575,24575,1,38445.0,2026-05-30T02:24:10,1407.8,,,1.3809,1.0443,0.3366,0.9199,0.0924,,0.775,,,15.687,,,
24604,24604,1,,2026-05-30T02:24:52,,,,1.3821,1.0451,0.337,,,,0.776,,,,,,
24615,24615,1,38506.0,2026-05-30T02:25:10,1413.3,,,1.3818,1.0448,0.337,0.9144,0.0924,,0.773,,,15.694,,,
24657,24657,1,38568.0,2026-05-30T02:26:12,1415.0,,,1.3857,1.0471,0.3386,0.908,0.0923,,0.774,,,15.699,,,
24699,24699,1,38628.0,2026-05-30T02:27:12,1415.3,,,1.3895,1.0494,0.3401,0.9362,0.0923,,0.772,,,15.702,,,
24740,24740,1,38689.0,2026-05-30T02:28:13,1415.4,,,1.3913,1.0505,0.3408,0.92,0.0923,,0.773,,,15.707,,,
24783,24783,1,38750.0,2026-05-30T02:29:14,1414.9,,,1.3926,1.0516,0.341,0.9157,0.0923,,0.774,,,15.708,,,
24825,24825,1,38812.0,2026-05-30T02:30:16,1416.5,,,1.3878,1.0483,0.3395,0.9223,0.0921,,0.774,,,15.713,,,
24867,24867,1,38873.0,2026-05-30T02:31:17,1417.3,,,1.3855,1.0466,0.3389,0.887,0.0919,,0.772,,,15.721,,,
24909,24909,1,38934.0,2026-05-30T02:32:18,1417.5,,,1.3878,1.048,0.3398,0.8944,0.0918,,0.77,,,15.722,,,
24951,24951,1,38995.0,2026-05-30T02:33:19,1418.0,,,1.3899,1.0494,0.3405,0.8965,0.0919,,0.771,,,15.719,,,
24994,24994,1,39057.0,2026-05-30T02:34:21,1417.4,,,1.3882,1.0483,0.3399,0.8973,0.0918,,0.77,,,15.717,,,
25036,25036,1,39117.0,2026-05-30T02:35:21,1416.9,,,1.3855,1.0465,0.339,0.9035,0.0916,,0.771,,,15.718,,,
25077,25077,1,39178.0,2026-05-30T02:36:22,1417.8,,,1.3853,1.0465,0.3388,0.8836,0.0915,,0.771,,,15.721,,,
25119,25119,1,39238.0,2026-05-30T02:37:23,1416.7,,,1.3829,1.0449,0.338,0.9236,0.0913,,0.771,,,15.724,,,
25162,25162,1,39300.0,2026-05-30T02:38:24,1411.1,,,1.3775,1.0413,0.3362,0.9215,0.0911,,0.771,,,15.729,,,
25204,25204,1,39361.0,2026-05-30T02:39:25,1410.7,,,1.3743,1.0392,0.3351,0.9123,0.0911,,0.773,,,15.734,,,
25246,25246,1,39422.0,2026-05-30T02:40:26,1410.3,,,1.3705,1.0367,0.3338,0.914,0.0909,,0.772,,,15.734,,,
25247,25247,1,,2026-05-30T02:40:27,,,,1.3704,1.0366,0.3338,,,,0.772,,,,,,
25286,25286,1,39483.0,2026-05-30T02:41:27,1416.0,,,1.3713,1.0371,0.3342,0.8895,0.0908,,0.772,,,15.74,,,
25328,25328,1,39544.0,2026-05-30T02:42:28,1415.7,,,1.3772,1.041,0.3362,0.8946,0.0907,,0.772,,,15.739,,,
25370,25370,1,39605.0,2026-05-30T02:43:29,1413.7,,,1.3797,1.0426,0.3371,0.9009,0.0908,,0.771,,,15.736,,,
25412,25412,1,39666.0,2026-05-30T02:44:30,1413.8,,,1.3771,1.0407,0.3364,0.9135,0.0908,,0.772,,,15.737,,,
25454,25454,1,39727.0,2026-05-30T02:45:31,1413.7,,,1.3729,1.0376,0.3353,0.9234,0.0907,,0.774,,,15.741,,,
25497,25497,1,39788.0,2026-05-30T02:46:33,1413.0,,,1.3702,1.0357,0.3345,0.9006,0.0905,,0.779,,,15.747,,,
25539,25539,1,39849.0,2026-05-30T02:47:33,1412.8,,,1.3694,1.035,0.3344,0.9289,0.0904,,0.78,,,15.751,,,
25582,25582,1,39911.0,2026-05-30T02:48:35,1411.2,,,1.3695,1.0347,0.3348,0.9308,0.0904,,0.781,,,15.75,,,
25624,25624,1,39971.0,2026-05-30T02:49:36,1410.1,,,1.3705,1.0352,0.3353,0.9103,0.0904,,0.779,,,15.753,,,
25666,25666,1,40032.0,2026-05-30T02:50:36,1410.4,,,1.3739,1.0374,0.3365,0.9188,0.0903,,0.78,,,15.752,,,
25708,25708,1,40093.0,2026-05-30T02:51:37,1410.6,,,1.3745,1.0377,0.3368,0.9057,0.0902,,0.782,,,15.754,,,
25750,25750,1,40153.0,2026-05-30T02:52:37,1409.9,,,1.3756,1.0383,0.3373,0.9283,0.0901,,0.783,,,15.757,,,
25792,25792,1,40214.0,2026-05-30T02:53:39,1404.3,,,1.3735,1.0369,0.3366,0.8977,0.0901,,0.784,,,15.754,,,
25834,25834,1,40275.0,2026-05-30T02:54:39,1404.3,,,1.3694,1.0342,0.3352,0.9064,0.09,,0.786,,,15.755,,,
25874,25874,1,40336.0,2026-05-30T02:55:40,1408.7,,,1.3661,1.0319,0.3342,0.9138,0.0898,,0.788,,,15.757,,,
25888,25888,1,,2026-05-30T02:56:02,,,,1.3667,1.0322,0.3345,,,,0.79,,,,,,
25911,25911,1,40397.0,2026-05-30T02:56:41,1420.0,,,1.3685,1.0334,0.3351,0.9093,0.0897,,0.789,,,15.758,,,
25952,25952,1,40458.0,2026-05-30T02:57:42,1422.3,,,1.3763,1.0387,0.3376,0.9109,0.0897,,0.786,,,15.756,,,
25991,25991,1,40519.0,2026-05-30T02:58:43,1428.5,,,1.38,1.0411,0.3389,0.9038,0.0897,,0.782,,,15.756,,,
26030,26030,1,40579.0,2026-05-30T02:59:44,1436.1,,,1.3814,1.0421,0.3393,0.9126,0.0898,,0.78,,,15.756,,,
26070,26070,1,40640.0,2026-05-30T03:00:44,1440.5,,,1.3831,1.0432,0.3399,0.9135,0.0898,,0.78,,,15.759,,,
26112,26112,1,40701.0,2026-05-30T03:01:45,1441.1,,,1.3862,1.0453,0.3409,0.9242,0.0896,,0.783,,,15.761,,,
26153,26153,1,40761.0,2026-05-30T03:02:45,1442.7,,,1.386,1.0452,0.3408,0.8922,0.0896,,0.782,,,15.761,,,
26196,26196,1,40823.0,2026-05-30T03:03:47,1442.6,,,1.3843,1.044,0.3403,0.9088,0.0895,,0.782,,,15.763,,,
26238,26238,1,40884.0,2026-05-30T03:04:48,1443.3,,,1.3869,1.0456,0.3413,0.9014,0.0894,,0.777,,,15.763,,,
26280,26280,1,40945.0,2026-05-30T03:05:49,1442.7,,,1.3966,1.052,0.3446,0.9176,0.0895,,0.775,,,15.764,,,
26322,26322,1,41005.0,2026-05-30T03:06:50,1442.3,,,1.404,1.0568,0.3472,0.8759,0.0894,,0.774,,,15.768,,,
26364,26364,1,41066.0,2026-05-30T03:07:50,1440.2,,,1.409,1.0602,0.3488,0.9028,0.0893,,0.774,,,15.767,,,
26406,26406,1,41127.0,2026-05-30T03:08:51,1430.6,,,1.415,1.0645,0.3505,0.8975,0.0892,,0.775,,,15.772,,,
26448,26448,1,41188.0,2026-05-30T03:09:52,1424.0,,,1.4161,1.0652,0.3509,0.9153,0.0891,,0.776,,,15.777,,,
26490,26490,1,41248.0,2026-05-30T03:10:53,1420.4,,,1.4154,1.0648,0.3506,0.8949,0.089,,0.776,,,15.78,,,
26523,26523,1,,2026-05-30T03:11:40,,,,1.4162,1.0653,0.3509,,,,0.779,,,,,,
26531,26531,1,41310.0,2026-05-30T03:11:54,1415.6,,,1.4165,1.0655,0.351,0.9099,0.0888,,0.78,,,15.78,,,
26572,26572,1,41371.0,2026-05-30T03:12:55,1409.8,,,1.4183,1.0669,0.3514,0.9186,0.0887,,0.779,,,15.779,,,
26614,26614,1,41432.0,2026-05-30T03:13:56,1410.0,,,1.4152,1.065,0.3502,0.8933,0.0887,,0.78,,,15.778,,,
26656,26656,1,41493.0,2026-05-30T03:14:57,1408.6,,,1.4113,1.0625,0.3488,0.903,0.0886,,0.782,,,15.781,,,
26698,26698,1,41554.0,2026-05-30T03:15:58,1408.9,,,1.4098,1.0614,0.3484,0.9136,0.0885,,0.782,,,15.783,,,
26740,26740,1,41615.0,2026-05-30T03:17:00,1409.5,,,1.4079,1.06,0.3479,0.9235,0.0885,,0.784,,,15.783,,,
26782,26782,1,41676.0,2026-05-30T03:18:01,1409.3,,,1.4021,1.0562,0.3459,0.9352,0.0884,,0.788,,,15.785,,,
26825,26825,1,41738.0,2026-05-30T03:19:03,1409.5,,,1.3958,1.0521,0.3437,0.9177,0.0883,,0.788,,,15.788,,,
26867,26867,1,41799.0,2026-05-30T03:20:03,1408.3,,,1.391,1.0487,0.3423,0.9176,0.0882,,0.791,,,15.794,,,
26910,26910,1,41860.0,2026-05-30T03:21:05,1408.0,,,1.3838,1.0438,0.34,0.9207,0.0881,,0.792,,,15.796,,,
26952,26952,1,41922.0,2026-05-30T03:22:06,1408.8,,,1.3788,1.0403,0.3385,0.9171,0.088,,0.792,,,15.799,,,
26995,26995,1,41983.0,2026-05-30T03:23:08,1408.1,,,1.3739,1.037,0.3369,0.9091,0.0879,,0.794,,,15.8,,,
27037,27037,1,42044.0,2026-05-30T03:24:08,1407.5,,,1.3706,1.0346,0.336,0.912,0.0878,,0.793,,,15.805,,,
27079,27079,1,42105.0,2026-05-30T03:25:10,1402.6,,,1.3639,1.0299,0.334,0.9224,0.0876,,0.795,,,15.807,,,
27121,27121,1,42167.0,2026-05-30T03:26:11,1403.8,,,1.3601,1.0271,0.333,0.9157,0.0874,,0.794,,,15.812,,,
27163,27163,1,42227.0,2026-05-30T03:27:12,1403.8,,,1.3621,1.0282,0.3339,0.9062,0.0873,,0.792,,,15.814,,,
27167,27167,1,,2026-05-30T03:27:17,,,,1.3624,1.0284,0.334,,,,0.792,,,,,,
27202,27202,1,42289.0,2026-05-30T03:28:13,1410.6,,,1.366,1.0307,0.3353,0.9138,0.0873,,0.791,,,15.814,,,
27244,27244,1,42349.0,2026-05-30T03:29:14,1408.9,,,1.3691,1.0328,0.3363,0.8884,0.0872,,0.791,,,15.814,,,
27286,27286,1,42410.0,2026-05-30T03:30:14,1408.4,,,1.3733,1.0358,0.3375,0.9136,0.0871,,0.789,,,15.814,,,
27328,27328,1,42471.0,2026-05-30T03:31:15,1409.3,,,1.3727,1.0355,0.3372,0.9282,0.087,,0.792,,,15.812,,,
27371,27371,1,42532.0,2026-05-30T03:32:17,1408.5,,,1.3685,1.0327,0.3358,0.9243,0.0869,,0.789,,,15.812,,,
27413,27413,1,42593.0,2026-05-30T03:33:17,1409.0,,,1.3672,1.0318,0.3354,0.8975,0.0867,,0.787,,,15.815,,,
27455,27455,1,42654.0,2026-05-30T03:34:18,1408.7,,,1.3664,1.0314,0.335,0.9147,0.0865,,0.787,,,15.819,,,
27497,27497,1,42714.0,2026-05-30T03:35:19,1408.4,,,1.368,1.0324,0.3356,0.9263,0.0863,,0.785,,,15.82,,,
27539,27539,1,42775.0,2026-05-30T03:36:19,1408.5,,,1.3734,1.0359,0.3375,0.9042,0.0863,,0.784,,,15.822,,,
27581,27581,1,42836.0,2026-05-30T03:37:20,1408.0,,,1.3813,1.0411,0.3402,0.9248,0.0864,,0.784,,,15.823,,,
27623,27623,1,42897.0,2026-05-30T03:38:21,1407.6,,,1.3852,1.0438,0.3414,0.9215,0.0864,,0.783,,,15.824,,,
27665,27665,1,42958.0,2026-05-30T03:39:22,1406.7,,,1.3866,1.0448,0.3418,0.9398,0.0864,,0.783,,,15.823,,,
27707,27707,1,43019.0,2026-05-30T03:40:23,1399.0,,,1.3859,1.0444,0.3415,0.9259,0.0863,,0.785,,,15.825,,,
27749,27749,1,43080.0,2026-05-30T03:41:24,1399.3,,,1.3827,1.0423,0.3404,0.9333,0.0861,,0.788,,,15.828,,,
27791,27791,1,43141.0,2026-05-30T03:42:25,1400.2,,,1.381,1.0407,0.3403,0.936,0.086,,0.789,,,15.832,,,
27810,27810,1,,2026-05-30T03:42:53,,,,1.3809,1.0405,0.3404,,,,0.79,,,,,,
27831,27831,1,43203.0,2026-05-30T03:43:27,1405.8,,,1.382,1.0412,0.3408,0.9154,0.0859,,0.789,,,15.835,,,
27873,27873,1,43264.0,2026-05-30T03:44:29,1405.7,,,1.3875,1.0448,0.3427,0.8998,0.0857,,0.79,,,15.837,,,
27915,27915,1,43325.0,2026-05-30T03:45:29,1405.9,,,1.3918,1.0475,0.3443,0.8873,0.0859,,0.789,,,15.834,,,
27957,27957,1,43386.0,2026-05-30T03:46:30,1405.5,,,1.3928,1.0481,0.3447,0.9066,0.086,,0.787,,,15.832,,,
27999,27999,1,43447.0,2026-05-30T03:47:31,1405.8,,,1.3919,1.0474,0.3445,0.9155,0.086,,0.788,,,15.832,,,
28041,28041,1,43509.0,2026-05-30T03:48:33,1405.1,,,1.3875,1.0446,0.3429,0.9054,0.086,,0.789,,,15.833,,,
28083,28083,1,43570.0,2026-05-30T03:49:34,1405.1,,,1.3832,1.0421,0.3411,0.911,0.0858,,0.792,,,15.838,,,
28126,28126,1,43631.0,2026-05-30T03:50:35,1404.3,,,1.3817,1.041,0.3407,0.9271,0.0856,,0.794,,,15.845,,,
28168,28168,1,43691.0,2026-05-30T03:51:35,1404.4,,,1.3804,1.0398,0.3406,0.8968,0.0854,,0.795,,,15.852,,,
28211,28211,1,43753.0,2026-05-30T03:52:37,1404.0,,,1.3771,1.0374,0.3397,0.8991,0.0853,,0.794,,,15.858,,,
28253,28253,1,43814.0,2026-05-30T03:53:38,1403.9,,,1.3782,1.0382,0.34,0.9293,0.0853,,0.791,,,15.862,,,
28296,28296,1,43875.0,2026-05-30T03:54:40,1403.4,,,1.3758,1.0369,0.3389,0.9134,0.0853,,0.792,,,15.864,,,
28337,28337,1,43937.0,2026-05-30T03:55:41,1400.1,,,1.3731,1.0351,0.338,0.9264,0.0852,,0.791,,,15.868,,,
28378,28378,1,43999.0,2026-05-30T03:56:43,1404.5,,,1.3697,1.033,0.3367,0.9453,0.0851,,0.791,,,15.87,,,
28418,28418,1,44060.0,2026-05-30T03:57:44,1409.9,,,1.369,1.0326,0.3364,0.924,0.085,,0.794,,,15.874,,,
28448,28448,1,,2026-05-30T03:58:30,,,,1.3705,1.0336,0.3369,,,,0.795,,,,,,
28457,28457,1,44122.0,2026-05-30T03:58:46,1416.4,,,1.3717,1.0344,0.3373,0.8981,0.0849,,0.795,,,15.877,,,
28494,28494,1,44184.0,2026-05-30T03:59:48,1427.7,,,1.3765,1.0376,0.3389,0.8975,0.0849,,0.796,,,15.88,,,
28532,28532,1,44244.0,2026-05-30T04:00:48,1436.7,,,1.3809,1.0404,0.3405,0.9254,0.0848,,0.796,,,15.881,,,
28574,28574,1,44305.0,2026-05-30T04:01:50,1436.9,,,1.383,1.0416,0.3414,0.9033,0.0846,,0.794,,,15.883,,,
28615,28615,1,44366.0,2026-05-30T04:02:50,1437.1,,,1.382,1.0409,0.3411,0.9047,0.0846,,0.791,,,15.882,,,
28658,28658,1,44427.0,2026-05-30T04:03:51,1436.6,,,1.3808,1.0403,0.3405,0.927,0.0845,,0.791,,,15.881,,,
28700,28700,1,44488.0,2026-05-30T04:04:52,1436.9,,,1.3824,1.0415,0.3409,0.9168,0.0843,,0.793,,,15.884,,,
28742,28742,1,44548.0,2026-05-30T04:05:53,1437.0,,,1.3871,1.0447,0.3424,0.9259,0.0843,,0.792,,,15.885,,,
28784,28784,1,44609.0,2026-05-30T04:06:54,1437.3,,,1.391,1.0473,0.3437,0.9263,0.0842,,0.792,,,15.889,,,
28827,28827,1,44671.0,2026-05-30T04:07:55,1435.9,,,1.3953,1.0504,0.3449,0.9226,0.084,,0.793,,,15.889,,,
28869,28869,1,44732.0,2026-05-30T04:08:57,1432.8,,,1.3964,1.0511,0.3453,0.9131,0.084,,0.792,,,15.89,,,
28911,28911,1,44793.0,2026-05-30T04:09:58,1424.0,,,1.3975,1.0517,0.3458,0.9236,0.0839,,0.792,,,15.891,,,
28953,28953,1,44854.0,2026-05-30T04:10:59,1422.6,,,1.3974,1.0514,0.346,0.9224,0.0838,,0.792,,,15.893,,,
28995,28995,1,44915.0,2026-05-30T04:11:59,1407.9,,,1.3921,1.0477,0.3444,0.9249,0.0837,,0.794,,,15.894,,,
29037,29037,1,44976.0,2026-05-30T04:13:00,1397.1,,,1.3879,1.0448,0.3431,0.9226,0.0837,,0.795,,,15.896,,,
29079,29079,1,45037.0,2026-05-30T04:14:02,1396.5,,,1.3882,1.045,0.3432,0.8971,0.0837,,0.798,,,15.9,,,
29085,29085,1,,2026-05-30T04:14:10,,,,1.3886,1.0453,0.3433,,,,0.798,,,,,,
29118,29118,1,45099.0,2026-05-30T04:15:03,1402.7,,,1.3926,1.0479,0.3447,0.8921,0.0837,,0.798,,,15.901,,,
29160,29160,1,45160.0,2026-05-30T04:16:04,1403.2,,,1.3948,1.0494,0.3454,0.8889,0.0837,,0.801,,,15.9,,,
29202,29202,1,45221.0,2026-05-30T04:17:05,1402.6,,,1.3967,1.0508,0.3459,0.9187,0.0837,,0.8,,,15.9,,,
29244,29244,1,45282.0,2026-05-30T04:18:06,1402.3,,,1.3931,1.0485,0.3446,0.9343,0.0836,,0.803,,,15.902,,,
29286,29286,1,45342.0,2026-05-30T04:19:07,1401.8,,,1.3868,1.0443,0.3425,0.8987,0.0835,,0.803,,,15.904,,,
29329,29329,1,45404.0,2026-05-30T04:20:09,1402.2,,,1.3824,1.041,0.3414,0.904,0.0835,,0.801,,,15.907,,,
29371,29371,1,45466.0,2026-05-30T04:21:10,1402.1,,,1.3773,1.0375,0.3398,0.9182,0.0834,,0.801,,,15.91,,,
29413,29413,1,45527.0,2026-05-30T04:22:11,1402.1,,,1.3753,1.0364,0.3389,0.9321,0.0833,,0.801,,,15.91,,,
29455,29455,1,45588.0,2026-05-30T04:23:12,1402.5,,,1.3728,1.035,0.3378,0.9172,0.0833,,0.8,,,15.911,,,
29497,29497,1,45649.0,2026-05-30T04:24:13,1402.9,,,1.3735,1.0354,0.3381,0.9128,0.0832,,0.801,,,15.913,,,
29539,29539,1,45710.0,2026-05-30T04:25:14,1402.9,,,1.3779,1.0382,0.3397,0.9116,0.0832,,0.8,,,15.915,,,
29581,29581,1,45771.0,2026-05-30T04:26:16,1402.0,,,1.3796,1.0394,0.3402,0.9243,0.0831,,0.801,,,15.916,,,
29624,29624,1,45833.0,2026-05-30T04:27:17,1394.8,,,1.3816,1.0409,0.3407,0.9316,0.083,,0.803,,,15.918,,,
29663,29663,1,45895.0,2026-05-30T04:28:19,1397.2,,,1.3856,1.0434,0.3422,0.9312,0.0829,,0.803,,,15.919,,,
29705,29705,1,45956.0,2026-05-30T04:29:20,1396.5,,,1.3901,1.0462,0.3439,0.9142,0.0829,,0.802,,,15.921,,,
29722,29722,1,,2026-05-30T04:29:44,,,,1.3921,1.0475,0.3446,,,,0.802,,,,,,
29744,29744,1,46016.0,2026-05-30T04:30:20,1401.1,,,1.3959,1.0501,0.3458,0.9197,0.083,,0.8,,,15.919,,,
29786,29786,1,46077.0,2026-05-30T04:31:21,1400.4,,,1.3982,1.0514,0.3468,0.917,0.0829,,0.799,,,15.914,,,
29828,29828,1,46138.0,2026-05-30T04:32:22,1401.3,,,1.3985,1.0516,0.3469,0.9004,0.0829,,0.8,,,15.913,,,
29871,29871,1,46200.0,2026-05-30T04:33:24,1401.2,,,1.3996,1.0522,0.3474,0.9036,0.0828,,0.801,,,15.916,,,
29913,29913,1,46260.0,2026-05-30T04:34:25,1400.4,,,1.4005,1.0527,0.3478,0.9192,0.0827,,0.802,,,15.921,,,
29955,29955,1,46321.0,2026-05-30T04:35:26,1399.6,,,1.4051,1.0559,0.3492,0.9337,0.0825,,0.801,,,15.925,,,
29997,29997,1,46383.0,2026-05-30T04:36:27,1400.4,,,1.4069,1.0573,0.3496,0.9345,0.0825,,0.8,,,15.926,,,
30038,30038,1,46444.0,2026-05-30T04:37:28,1400.8,,,1.4031,1.0549,0.3482,0.9218,0.0824,,0.8,,,15.926,,,
30081,30081,1,46505.0,2026-05-30T04:38:29,1400.1,,,1.3973,1.051,0.3463,0.9023,0.0823,,0.797,,,15.928,,,
30123,30123,1,46566.0,2026-05-30T04:39:31,1401.6,,,1.3947,1.0492,0.3455,0.9203,0.0823,,0.797,,,15.928,,,
30165,30165,1,46628.0,2026-05-30T04:40:32,1399.5,,,1.392,1.0473,0.3447,0.9281,0.0823,,0.797,,,15.927,,,
30207,30207,1,46689.0,2026-05-30T04:41:33,1400.7,,,1.3877,1.0444,0.3433,0.9174,0.0822,,0.796,,,15.926,,,
30249,30249,1,46749.0,2026-05-30T04:42:34,1396.4,,,1.3813,1.04,0.3413,0.909,0.082,,0.795,,,15.927,,,
30291,30291,1,46810.0,2026-05-30T04:43:34,1396.5,,,1.374,1.0349,0.3391,0.9204,0.0818,,0.796,,,15.934,,,
30333,30333,1,46871.0,2026-05-30T04:44:35,1395.9,,,1.3687,1.0313,0.3374,0.942,0.0817,,0.797,,,15.939,,,
30364,30364,1,,2026-05-30T04:45:20,,,,1.3692,1.0317,0.3375,,,,0.8,,,,,,
30373,30373,1,46931.0,2026-05-30T04:45:36,1401.4,,,1.3694,1.0319,0.3375,0.9275,0.0815,,0.801,,,15.941,,,
30414,30414,1,46992.0,2026-05-30T04:46:37,1402.4,,,1.3699,1.0321,0.3378,0.9212,0.0814,,0.801,,,15.941,,,
30457,30457,1,47054.0,2026-05-30T04:47:38,1402.4,,,1.3679,1.0304,0.3375,0.9198,0.0814,,0.802,,,15.941,,,
30499,30499,1,47114.0,2026-05-30T04:48:39,1400.8,,,1.3667,1.0293,0.3374,0.9239,0.0812,,0.804,,,15.944,,,
30541,30541,1,47175.0,2026-05-30T04:49:39,1399.2,,,1.3696,1.0311,0.3385,0.912,0.0812,,0.803,,,15.944,,,
30584,30584,1,47237.0,2026-05-30T04:50:41,1399.8,,,1.3728,1.0333,0.3395,0.9095,0.0811,,0.801,,,15.942,,,
30626,30626,1,47298.0,2026-05-30T04:51:42,1397.9,,,1.3728,1.0331,0.3397,0.9328,0.081,,0.803,,,15.943,,,
30668,30668,1,47358.0,2026-05-30T04:52:43,1396.8,,,1.3674,1.0293,0.3381,0.899,0.0807,,0.804,,,15.948,,,
30711,30711,1,47420.0,2026-05-30T04:53:44,1396.7,,,1.3627,1.0263,0.3364,0.9305,0.0806,,0.807,,,15.954,,,
30753,30753,1,47481.0,2026-05-30T04:54:45,1396.5,,,1.3637,1.027,0.3367,0.9122,0.0805,,0.81,,,15.959,,,
30795,30795,1,47541.0,2026-05-30T04:55:46,1395.7,,,1.3674,1.0295,0.3379,0.9292,0.0804,,0.808,,,15.959,,,
30836,30836,1,47602.0,2026-05-30T04:56:46,1399.1,,,1.3718,1.0321,0.3397,0.9378,0.0803,,0.809,,,15.961,,,
30873,30873,1,47662.0,2026-05-30T04:57:47,1406.9,,,1.3735,1.033,0.3405,0.9211,0.0804,,0.805,,,15.96,,,
30915,30915,1,47724.0,2026-05-30T04:58:48,1401.9,,,1.3726,1.0322,0.3404,0.9339,0.0803,,0.802,,,15.963,,,
30954,30954,1,47785.0,2026-05-30T04:59:49,1410.7,,,1.371,1.0313,0.3397,0.9293,0.0803,,0.803,,,15.964,,,
30993,30993,1,47847.0,2026-05-30T05:00:51,1418.9,,,1.3692,1.0302,0.339,0.9267,0.0803,,0.803,,,15.963,,,
30996,30996,1,,2026-05-30T05:00:56,,,,1.369,1.0301,0.3389,,,,0.803,,,,,,
31031,31031,1,47908.0,2026-05-30T05:01:52,1426.5,,,1.3661,1.0281,0.338,0.9321,0.0803,,0.802,,,15.967,,,
31073,31073,1,47969.0,2026-05-30T05:02:53,1426.3,,,1.3648,1.0271,0.3377,0.9264,0.0802,,0.804,,,15.972,,,
31115,31115,1,48030.0,2026-05-30T05:03:54,1426.4,,,1.3669,1.0284,0.3385,0.936,0.0802,,0.804,,,15.974,,,
31158,31158,1,48091.0,2026-05-30T05:04:56,1426.5,,,1.3703,1.0304,0.3399,0.9214,0.0801,,0.803,,,15.976,,,
31200,31200,1,48152.0,2026-05-30T05:05:57,1426.4,,,1.3747,1.0331,0.3416,0.9073,0.0802,,0.802,,,15.976,,,
31242,31242,1,48213.0,2026-05-30T05:06:57,1426.5,,,1.3758,1.0335,0.3423,0.9169,0.0802,,0.806,,,15.977,,,
31284,31284,1,48274.0,2026-05-30T05:07:58,1426.6,,,1.3748,1.0328,0.342,0.9127,0.0802,,0.804,,,15.976,,,
31326,31326,1,48335.0,2026-05-30T05:08:59,1425.2,,,1.3762,1.0339,0.3423,0.9233,0.0802,,0.804,,,15.978,,,
31368,31368,1,48396.0,2026-05-30T05:10:00,1417.3,,,1.3785,1.0356,0.3429,0.9197,0.0801,,0.805,,,15.979,,,
31411,31411,1,48457.0,2026-05-30T05:11:02,1413.5,,,1.3812,1.0375,0.3437,0.9153,0.08,,0.808,,,15.979,,,
31453,31453,1,48518.0,2026-05-30T05:12:02,1407.5,,,1.3841,1.0394,0.3447,0.8848,0.08,,0.808,,,15.981,,,
31495,31495,1,48579.0,2026-05-30T05:13:03,1397.6,,,1.3879,1.0419,0.346,0.9385,0.0799,,0.811,,,15.988,,,
31537,31537,1,48640.0,2026-05-30T05:14:04,1387.8,,,1.3906,1.0437,0.3469,0.9224,0.0798,,0.813,,,15.992,,,
31579,31579,1,48701.0,2026-05-30T05:15:05,1387.3,,,1.3888,1.0428,0.346,0.9296,0.0797,,0.813,,,15.994,,,
31621,31621,1,48762.0,2026-05-30T05:16:06,1386.7,,,1.3828,1.0388,0.344,0.9174,0.0795,,0.814,,,15.996,,,
31640,31640,1,,2026-05-30T05:16:32,,,,1.382,1.0383,0.3437,,,,0.813,,,,,,
31662,31662,1,48823.0,2026-05-30T05:17:08,1392.1,,,1.3814,1.038,0.3434,0.9313,0.0795,,0.812,,,15.995,,,
31705,31705,1,48885.0,2026-05-30T05:18:09,1391.5,,,1.3817,1.0382,0.3435,0.9232,0.0795,,0.812,,,15.998,,,
31747,31747,1,48946.0,2026-05-30T05:19:10,1391.1,,,1.3841,1.04,0.3441,0.9189,0.0794,,0.809,,,15.998,,,
31789,31789,1,49007.0,2026-05-30T05:20:11,1391.1,,,1.3826,1.039,0.3436,0.9308,0.0794,,0.809,,,16.001,,,
31832,31832,1,49068.0,2026-05-30T05:21:12,1390.6,,,1.3797,1.0372,0.3425,0.9211,0.0793,,0.81,,,16.004,,,
31874,31874,1,49130.0,2026-05-30T05:22:14,1390.2,,,1.3778,1.0361,0.3417,0.9139,0.0792,,0.81,,,16.006,,,
31916,31916,1,49191.0,2026-05-30T05:23:15,1391.5,,,1.3772,1.0357,0.3415,0.9367,0.0793,,0.808,,,16.007,,,
31959,31959,1,49253.0,2026-05-30T05:24:17,1392.3,,,1.3734,1.0332,0.3402,0.912,0.0792,,0.809,,,16.004,,,
32001,32001,1,49314.0,2026-05-30T05:25:18,1392.4,,,1.369,1.03,0.339,0.9249,0.0792,,0.808,,,16.004,,,
32043,32043,1,49375.0,2026-05-30T05:26:20,1392.4,,,1.3666,1.0281,0.3385,0.9392,0.0792,,0.807,,,16.002,,,
32085,32085,1,49437.0,2026-05-30T05:27:21,1392.9,,,1.3683,1.029,0.3393,0.9313,0.0791,,0.806,,,16.002,,,
32127,32127,1,49498.0,2026-05-30T05:28:22,1392.9,,,1.3709,1.0309,0.34,0.9016,0.0791,,0.808,,,16.005,,,
32169,32169,1,49559.0,2026-05-30T05:29:23,1386.8,,,1.3701,1.0305,0.3396,0.9299,0.079,,0.811,,,16.01,,,
32211,32211,1,49619.0,2026-05-30T05:30:24,1386.0,,,1.3673,1.0289,0.3384,0.9397,0.079,,0.809,,,16.009,,,
32254,32254,1,49681.0,2026-05-30T05:31:25,1386.8,,,1.3635,1.0265,0.337,0.9231,0.0789,,0.812,,,16.009,,,
32283,32283,1,,2026-05-30T05:32:07,,,,1.3644,1.0271,0.3373,,,,0.811,,,,,,
32294,32294,1,49742.0,2026-05-30T05:32:27,1390.5,,,1.3648,1.0273,0.3375,0.9271,0.0789,,0.811,,,16.008,,,
32334,32334,1,49803.0,2026-05-30T05:33:27,1392.5,,,1.3656,1.0279,0.3377,0.9062,0.0788,,0.814,,,16.004,,,
32377,32377,1,49865.0,2026-05-30T05:34:29,1391.5,,,1.3641,1.0267,0.3374,0.9259,0.0788,,0.816,,,16.004,,,
32419,32419,1,49925.0,2026-05-30T05:35:30,1390.6,,,1.3599,1.0238,0.3361,0.9231,0.0787,,0.816,,,16.005,,,
32462,32462,1,49987.0,2026-05-30T05:36:31,1390.0,,,1.3599,1.0239,0.336,0.9119,0.0785,,0.817,,,16.006,,,
32505,32505,1,50048.0,2026-05-30T05:37:33,1388.8,,,1.36,1.0241,0.3359,0.9179,0.0784,,0.819,,,16.007,,,
32547,32547,1,50109.0,2026-05-30T05:38:33,1388.8,,,1.3614,1.0254,0.336,0.9396,0.0783,,0.818,,,16.007,,,
32590,32590,1,50170.0,2026-05-30T05:39:35,1387.5,,,1.3625,1.0262,0.3363,0.8923,0.0782,,0.819,,,16.009,,,
32632,32632,1,50231.0,2026-05-30T05:40:36,1387.1,,,1.3638,1.0269,0.3369,0.9274,0.0781,,0.819,,,16.009,,,
32674,32674,1,50292.0,2026-05-30T05:41:37,1387.8,,,1.369,1.0306,0.3384,0.928,0.078,,0.82,,,16.009,,,
32716,32716,1,50354.0,2026-05-30T05:42:38,1387.9,,,1.3732,1.0334,0.3398,0.9228,0.0778,,0.823,,,16.011,,,
32758,32758,1,50415.0,2026-05-30T05:43:39,1388.0,,,1.3766,1.0356,0.341,0.9339,0.0778,,0.821,,,16.014,,,
32801,32801,1,50476.0,2026-05-30T05:44:41,1384.6,,,1.3784,1.0368,0.3416,0.9164,0.0778,,0.821,,,16.017,,,
32843,32843,1,50537.0,2026-05-30T05:45:42,1381.9,,,1.3795,1.0375,0.342,0.9242,0.0778,,0.821,,,16.02,,,
32886,32886,1,50599.0,2026-05-30T05:46:43,1382.3,,,1.3793,1.0372,0.3421,0.9085,0.0776,,0.818,,,16.023,,,
32929,32929,1,50660.0,2026-05-30T05:47:45,1381.7,,,1.3811,1.0383,0.3428,0.927,0.0775,,0.821,,,16.024,,,
32969,32969,1,50721.0,2026-05-30T05:48:46,1386.4,,,1.3821,1.0389,0.3432,0.9166,0.0774,,0.82,,,16.028,,,
33011,33011,1,50782.0,2026-05-30T05:49:47,1386.5,,,1.3855,1.0411,0.3444,0.9331,0.0774,,0.818,,,16.031,,,
33053,33053,1,50843.0,2026-05-30T05:50:48,1386.9,,,1.3844,1.0403,0.3441,0.892,0.0773,,0.819,,,16.035,,,
33096,33096,1,50904.0,2026-05-30T05:51:49,1386.5,,,1.3821,1.0387,0.3434,0.9349,0.0772,,0.822,,,16.038,,,
33138,33138,1,50965.0,2026-05-30T05:52:49,1386.3,,,1.3808,1.0379,0.3429,0.9299,0.0771,,0.823,,,16.041,,,
33179,33179,1,51026.0,2026-05-30T05:53:50,1386.6,,,1.3805,1.0376,0.3429,0.9336,0.0771,,0.82,,,16.044,,,
33221,33221,1,51086.0,2026-05-30T05:54:51,1386.1,,,1.3807,1.0376,0.3431,0.928,0.077,,0.82,,,16.045,,,
33263,33263,1,51147.0,2026-05-30T05:55:51,1386.2,,,1.3787,1.0362,0.3425,0.9113,0.077,,0.82,,,16.046,,,
33304,33304,1,51208.0,2026-05-30T05:56:52,1388.6,,,1.375,1.0337,0.3413,0.9229,0.0768,,0.821,,,16.047,,,
33343,33343,1,51269.0,2026-05-30T05:57:53,1395.2,,,1.3717,1.0314,0.3403,0.9201,0.0766,,0.821,,,16.05,,,
33384,33384,1,51330.0,2026-05-30T05:58:54,1398.9,,,1.3692,1.0296,0.3396,0.9421,0.0765,,0.823,,,16.054,,,
33424,33424,1,51391.0,2026-05-30T05:59:55,1403.8,,,1.3673,1.0283,0.339,0.9382,0.0764,,0.822,,,16.056,,,
33462,33462,1,51452.0,2026-05-30T06:00:56,1407.6,,,1.3669,1.0281,0.3388,0.9221,0.0764,,0.82,,,16.057,,,
33501,33501,1,51513.0,2026-05-30T06:01:58,1417.3,,,1.3657,1.0274,0.3383,0.9213,0.0764,,0.823,,,16.055,,,
33541,33541,1,51574.0,2026-05-30T06:02:59,1422.6,,,1.3659,1.0278,0.3381,0.9243,0.0764,,0.824,,,16.055,,,
33555,33555,1,,2026-05-30T06:03:20,,,,1.3657,1.0277,0.338,,,,0.823,,,,,,
33579,33579,1,51635.0,2026-05-30T06:04:00,1430.7,,,1.3661,1.0279,0.3382,0.917,0.0764,,0.824,,,16.058,,,
33621,33621,1,51697.0,2026-05-30T06:05:02,1433.4,,,1.3651,1.0272,0.3379,0.9077,0.0763,,0.819,,,16.058,,,
33662,33662,1,51758.0,2026-05-30T06:06:03,1435.4,,,1.3625,1.0254,0.3371,0.9017,0.0763,,0.822,,,16.057,,,
33704,33704,1,51819.0,2026-05-30T06:07:03,1436.2,,,1.3545,1.0199,0.3346,0.9231,0.0762,,0.824,,,16.059,,,
33746,33746,1,51880.0,2026-05-30T06:08:05,1437.5,,,1.3493,1.0163,0.333,0.8973,0.0761,,0.821,,,16.061,,,
33789,33789,1,51942.0,2026-05-30T06:09:06,1437.8,,,1.3494,1.0162,0.3332,0.9405,0.0762,,0.82,,,16.065,,,
33831,33831,1,52003.0,2026-05-30T06:10:07,1433.6,,,1.3516,1.0175,0.3341,0.9361,0.0762,,0.821,,,16.067,,,
33873,33873,1,52064.0,2026-05-30T06:11:08,1425.0,,,1.356,1.0204,0.3356,0.9294,0.0763,,0.82,,,16.069,,,
33914,33914,1,52125.0,2026-05-30T06:12:09,1424.1,,,1.3573,1.0213,0.336,0.9214,0.0764,,0.822,,,16.07,,,
33957,33957,1,52186.0,2026-05-30T06:13:11,1413.7,,,1.357,1.0212,0.3358,0.927,0.0763,,0.822,,,16.07,,,
33999,33999,1,52247.0,2026-05-30T06:14:12,1404.4,,,1.352,1.0178,0.3342,0.9447,0.0762,,0.823,,,16.072,,,
34041,34041,1,52308.0,2026-05-30T06:15:12,1398.5,,,1.3503,1.0163,0.334,0.9309,0.0761,,0.824,,,16.073,,,
34083,34083,1,52369.0,2026-05-30T06:16:13,1388.8,,,1.3517,1.0171,0.3346,0.918,0.0761,,0.826,,,16.071,,,
34125,34125,1,52429.0,2026-05-30T06:17:14,1387.2,,,1.3529,1.0179,0.335,0.9299,0.076,,0.828,,,16.07,,,
34168,34168,1,52491.0,2026-05-30T06:18:16,1384.5,,,1.3554,1.0195,0.3359,0.9221,0.076,,0.827,,,16.071,,,
34196,34196,1,,2026-05-30T06:18:56,,,,1.3587,1.0216,0.3371,,,,0.824,,,,,,
34209,34209,1,52553.0,2026-05-30T06:19:18,1387.4,,,1.3603,1.0226,0.3377,0.9061,0.0759,,0.825,,,16.072,,,
34250,34250,1,52614.0,2026-05-30T06:20:19,1388.0,,,1.3669,1.0272,0.3397,0.9427,0.0759,,0.827,,,16.073,,,
34293,34293,1,52676.0,2026-05-30T06:21:20,1387.5,,,1.3704,1.0296,0.3408,0.9279,0.0758,,0.829,,,16.072,,,
34335,34335,1,52738.0,2026-05-30T06:22:22,1388.3,,,1.3703,1.0296,0.3407,0.9202,0.0756,,0.829,,,16.073,,,
34377,34377,1,52798.0,2026-05-30T06:23:23,1387.8,,,1.3675,1.0277,0.3398,0.9276,0.0754,,0.831,,,16.073,,,
34419,34419,1,52859.0,2026-05-30T06:24:23,1387.1,,,1.3675,1.0277,0.3398,0.937,0.0753,,0.83,,,16.074,,,
34462,34462,1,52921.0,2026-05-30T06:25:25,1387.3,,,1.3702,1.0293,0.3409,0.9211,0.0752,,0.833,,,16.077,,,
34504,34504,1,52982.0,2026-05-30T06:26:26,1387.0,,,1.3749,1.0323,0.3426,0.9328,0.0752,,0.831,,,16.081,,,
34546,34546,1,53043.0,2026-05-30T06:27:28,1387.2,,,1.3773,1.0338,0.3435,0.9214,0.0751,,0.832,,,16.086,,,
34588,34588,1,53104.0,2026-05-30T06:28:28,1386.5,,,1.3755,1.0324,0.3431,0.9361,0.0749,,0.83,,,16.089,,,
34630,34630,1,53165.0,2026-05-30T06:29:30,1386.3,,,1.3726,1.0305,0.3421,0.9231,0.0748,,0.827,,,16.091,,,
34672,34672,1,53227.0,2026-05-30T06:30:32,1386.9,,,1.3707,1.0294,0.3413,0.9258,0.0748,,0.827,,,16.096,,,
34714,34714,1,53288.0,2026-05-30T06:31:32,1383.6,,,1.3646,1.0255,0.3391,0.9372,0.0747,,0.828,,,16.099,,,
34756,34756,1,53349.0,2026-05-30T06:32:34,1380.5,,,1.3596,1.0222,0.3374,0.9356,0.0746,,0.827,,,16.101,,,
34799,34799,1,53412.0,2026-05-30T06:33:36,1380.3,,,1.355,1.019,0.336,0.9181,0.0746,,0.829,,,16.103,,,
34838,34838,1,,2026-05-30T06:34:32,,,,1.3513,1.0164,0.3349,,,,0.828,,,,,,
34841,34841,1,53473.0,2026-05-30T06:34:38,1380.4,,,1.3513,1.0164,0.3349,0.9441,0.0745,,0.828,,,16.102,,,
34881,34881,1,53535.0,2026-05-30T06:35:39,1383.5,,,1.3514,1.0164,0.335,0.9322,0.0745,,0.829,,,16.104,,,
34923,34923,1,53596.0,2026-05-30T06:36:41,1383.7,,,1.3531,1.0174,0.3357,0.9277,0.0745,,0.828,,,16.105,,,
34966,34966,1,53658.0,2026-05-30T06:37:43,1384.5,,,1.3537,1.0177,0.336,0.9438,0.0745,,0.827,,,16.103,,,
35008,35008,1,53719.0,2026-05-30T06:38:44,1384.2,,,1.3524,1.0167,0.3357,0.9423,0.0745,,0.828,,,16.103,,,
35050,35050,1,53780.0,2026-05-30T06:39:44,1383.6,,,1.3522,1.0168,0.3354,0.927,0.0745,,0.829,,,16.103,,,
35092,35092,1,53841.0,2026-05-30T06:40:46,1383.5,,,1.3537,1.0178,0.3359,0.9434,0.0746,,0.829,,,16.103,,,
35134,35134,1,53903.0,2026-05-30T06:41:47,1384.6,,,1.3571,1.0198,0.3373,0.9259,0.0746,,0.828,,,16.101,,,
35176,35176,1,53965.0,2026-05-30T06:42:50,1384.4,,,1.3608,1.0219,0.3389,0.9227,0.0746,,0.828,,,16.097,,,
35219,35219,1,54026.0,2026-05-30T06:43:51,1384.2,,,1.3671,1.0259,0.3412,0.9372,0.0747,,0.832,,,16.096,,,
35261,35261,1,54087.0,2026-05-30T06:44:52,1384.7,,,1.3705,1.0281,0.3424,0.9437,0.0747,,0.833,,,16.094,,,
35303,35303,1,54149.0,2026-05-30T06:45:53,1384.0,,,1.3728,1.0295,0.3433,0.9118,0.0747,,0.831,,,16.093,,,
35346,35346,1,54210.0,2026-05-30T06:46:54,1383.3,,,1.376,1.0316,0.3444,0.9036,0.0747,,0.829,,,16.093,,,
35388,35388,1,54271.0,2026-05-30T06:47:56,1377.6,,,1.3796,1.0342,0.3454,0.9301,0.0746,,0.829,,,16.091,,,
35431,35431,1,54334.0,2026-05-30T06:48:58,1377.4,,,1.3779,1.0334,0.3445,0.9282,0.0745,,0.829,,,16.092,,,
35474,35474,1,54395.0,2026-05-30T06:49:59,1375.8,,,1.3747,1.0316,0.3431,0.9007,0.0744,,0.829,,,16.095,,,
35481,35481,1,,2026-05-30T06:50:10,,,,1.3746,1.0315,0.3431,,,,0.829,,,,,,
35513,35513,1,54457.0,2026-05-30T06:51:01,1380.5,,,1.375,1.0318,0.3432,0.9403,0.0743,,0.829,,,16.098,,,
35555,35555,1,54517.0,2026-05-30T06:52:02,1380.1,,,1.3771,1.0332,0.3439,0.9431,0.0742,,0.828,,,16.097,,,
35598,35598,1,54579.0,2026-05-30T06:53:03,1378.4,,,1.3787,1.0345,0.3442,0.9299,0.074,,0.828,,,16.098,,,
35640,35640,1,54640.0,2026-05-30T06:54:04,1377.5,,,1.3746,1.032,0.3426,0.9291,0.0739,,0.831,,,16.102,,,
35683,35683,1,54701.0,2026-05-30T06:55:06,1375.6,,,1.3716,1.03,0.3416,0.9359,0.0738,,0.832,,,16.104,,,
35725,35725,1,54762.0,2026-05-30T06:56:06,1374.7,,,1.3685,1.0277,0.3408,0.9203,0.0737,,0.828,,,16.105,,,
35766,35766,1,54823.0,2026-05-30T06:57:08,1377.1,,,1.3662,1.026,0.3402,0.9247,0.0736,,0.827,,,16.107,,,
35806,35806,1,54885.0,2026-05-30T06:58:10,1382.5,,,1.3659,1.0259,0.34,0.9305,0.0735,,0.827,,,16.11,,,
35845,35845,1,54946.0,2026-05-30T06:59:11,1388.1,,,1.3682,1.0276,0.3406,0.9176,0.0734,,0.829,,,16.112,,,
35885,35885,1,55008.0,2026-05-30T07:00:12,1393.0,,,1.3691,1.0281,0.341,0.9427,0.0733,,0.829,,,16.116,,,
35922,35922,1,55070.0,2026-05-30T07:01:14,1402.9,,,1.3697,1.0284,0.3413,0.9286,0.0733,,0.828,,,16.117,,,
35961,35961,1,55132.0,2026-05-30T07:02:16,1412.1,,,1.3712,1.029,0.3422,0.9395,0.0733,,0.827,,,16.122,,,
36002,36002,1,55192.0,2026-05-30T07:03:16,1409.4,,,1.3767,1.0325,0.3442,0.9344,0.0732,,0.826,,,16.123,,,
36044,36044,1,55253.0,2026-05-30T07:04:17,1408.5,,,1.3769,1.0326,0.3443,0.9496,0.0733,,0.826,,,16.123,,,
36086,36086,1,55314.0,2026-05-30T07:05:18,1408.8,,,1.3714,1.0287,0.3427,0.9219,0.0732,,0.828,,,16.126,,,
36105,36105,1,,2026-05-30T07:05:45,,,,1.3691,1.0271,0.342,,,,0.827,,,,,,
36126,36126,1,55375.0,2026-05-30T07:06:20,1413.9,,,1.3692,1.0271,0.3421,0.9261,0.0731,,0.824,,,16.129,,,
36168,36168,1,55437.0,2026-05-30T07:07:21,1414.5,,,1.3714,1.0286,0.3428,0.9318,0.0731,,0.825,,,16.133,,,
36210,36210,1,55497.0,2026-05-30T07:08:22,1414.4,,,1.3721,1.0294,0.3427,0.9319,0.073,,0.827,,,16.134,,,
36253,36253,1,55559.0,2026-05-30T07:09:24,1413.5,,,1.3688,1.0273,0.3415,0.9222,0.0728,,0.827,,,16.14,,,
36295,36295,1,55621.0,2026-05-30T07:10:25,1409.9,,,1.3646,1.0244,0.3402,0.9178,0.0727,,0.827,,,16.142,,,
36337,36337,1,55682.0,2026-05-30T07:11:26,1400.4,,,1.3634,1.0235,0.3399,0.9333,0.0726,,0.831,,,16.147,,,
36378,36378,1,55742.0,2026-05-30T07:12:27,1398.4,,,1.3632,1.0235,0.3397,0.9458,0.0726,,0.83,,,16.146,,,
36420,36420,1,55803.0,2026-05-30T07:13:28,1388.9,,,1.3635,1.0237,0.3398,0.9352,0.0726,,0.831,,,16.149,,,
36462,36462,1,55864.0,2026-05-30T07:14:29,1379.8,,,1.3614,1.0224,0.339,0.9398,0.0726,,0.831,,,16.147,,,
36504,36504,1,55926.0,2026-05-30T07:15:30,1377.8,,,1.3557,1.0188,0.3369,0.9326,0.0725,,0.832,,,16.147,,,
36545,36545,1,55987.0,2026-05-30T07:16:32,1378.3,,,1.3549,1.0183,0.3366,0.9355,0.0724,,0.832,,,16.147,,,
36587,36587,1,56049.0,2026-05-30T07:17:33,1379.4,,,1.3597,1.0215,0.3382,0.9109,0.0724,,0.834,,,16.147,,,
36629,36629,1,56109.0,2026-05-30T07:18:34,1376.0,,,1.3639,1.0244,0.3395,0.9397,0.0724,,0.835,,,16.148,,,
36671,36671,1,56171.0,2026-05-30T07:19:35,1375.8,,,1.3654,1.0254,0.34,0.9325,0.0723,,0.835,,,16.145,,,
36713,36713,1,56232.0,2026-05-30T07:20:36,1375.8,,,1.3666,1.0261,0.3405,0.9379,0.0723,,0.833,,,16.142,,,
36743,36743,1,,2026-05-30T07:21:21,,,,1.3704,1.0288,0.3416,,,,0.833,,,,,,
36752,36752,1,56293.0,2026-05-30T07:21:37,1381.5,,,1.3714,1.0295,0.3419,0.9328,0.0724,,0.833,,,16.138,,,
36792,36792,1,56354.0,2026-05-30T07:22:38,1384.0,,,1.3792,1.0349,0.3443,0.9319,0.0724,,0.833,,,16.137,,,
36834,36834,1,56415.0,2026-05-30T07:23:40,1382.6,,,1.3817,1.0367,0.345,0.9496,0.0723,,0.831,,,16.134,,,
36876,36876,1,56477.0,2026-05-30T07:24:41,1382.6,,,1.3788,1.0346,0.3442,0.9112,0.0723,,0.831,,,16.136,,,
36918,36918,1,56538.0,2026-05-30T07:25:42,1382.2,,,1.3755,1.0322,0.3433,0.9328,0.0721,,0.831,,,16.139,,,
36960,36960,1,56599.0,2026-05-30T07:26:43,1380.4,,,1.377,1.033,0.344,0.9286,0.0721,,0.833,,,16.14,,,
37002,37002,1,56660.0,2026-05-30T07:27:44,1378.6,,,1.3814,1.0358,0.3456,0.9389,0.072,,0.834,,,16.14,,,
37044,37044,1,56721.0,2026-05-30T07:28:45,1377.0,,,1.3834,1.0371,0.3463,0.9276,0.0721,,0.835,,,16.141,,,
37086,37086,1,56782.0,2026-05-30T07:29:46,1376.5,,,1.3819,1.0362,0.3457,0.9491,0.072,,0.835,,,16.145,,,
37129,37129,1,56843.0,2026-05-30T07:30:48,1375.5,,,1.3796,1.0348,0.3448,0.9472,0.0718,,0.833,,,16.145,,,
37170,37170,1,56904.0,2026-05-30T07:31:49,1374.4,,,1.3791,1.0345,0.3446,0.9326,0.0718,,0.833,,,16.15,,,
37212,37212,1,56965.0,2026-05-30T07:32:49,1372.4,,,1.377,1.0333,0.3437,0.9212,0.0717,,0.834,,,16.156,,,
37254,37254,1,57026.0,2026-05-30T07:33:50,1371.3,,,1.3729,1.0302,0.3427,0.9178,0.0716,,0.834,,,16.161,,,
37297,37297,1,57087.0,2026-05-30T07:34:52,1363.5,,,1.3692,1.0275,0.3417,0.9311,0.0716,,0.835,,,16.166,,,
37339,37339,1,57149.0,2026-05-30T07:35:53,1363.8,,,1.3676,1.0261,0.3415,0.9234,0.0716,,0.836,,,16.164,,,
37382,37382,1,57210.0,2026-05-30T07:36:54,1363.0,,,1.3726,1.0295,0.3431,0.9442,0.0716,,0.836,,,16.16,,,
37384,37384,1,,2026-05-30T07:36:57,,,,1.3726,1.0295,0.3431,,,,0.836,,,,,,
37420,37420,1,57271.0,2026-05-30T07:37:55,1367.4,,,1.3781,1.0333,0.3448,0.9222,0.0716,,0.837,,,16.157,,,
37461,37461,1,57332.0,2026-05-30T07:38:56,1367.4,,,1.3827,1.0361,0.3466,0.926,0.0717,,0.839,,,16.153,,,
37503,37503,1,57393.0,2026-05-30T07:39:57,1367.5,,,1.3833,1.0366,0.3467,0.9301,0.0717,,0.84,,,16.152,,,
37546,37546,1,57454.0,2026-05-30T07:40:59,1367.5,,,1.3812,1.035,0.3462,0.9322,0.0717,,0.84,,,16.152,,,
37588,37588,1,57516.0,2026-05-30T07:42:00,1367.4,,,1.3796,1.0338,0.3458,0.9403,0.0717,,0.84,,,16.15,,,
37630,37630,1,57577.0,2026-05-30T07:43:01,1368.4,,,1.3818,1.035,0.3468,0.9516,0.0717,,0.843,,,16.149,,,
37672,37672,1,57638.0,2026-05-30T07:44:02,1368.8,,,1.3847,1.0367,0.348,0.9312,0.0717,,0.842,,,16.144,,,
37715,37715,1,57699.0,2026-05-30T07:45:04,1368.1,,,1.3891,1.0394,0.3497,0.9157,0.0717,,0.84,,,16.141,,,
37757,37757,1,57761.0,2026-05-30T07:46:05,1369.1,,,1.3937,1.0426,0.3511,0.9427,0.0718,,0.842,,,16.136,,,
37799,37799,1,57822.0,2026-05-30T07:47:07,1369.5,,,1.3925,1.0419,0.3506,0.9205,0.0717,,0.843,,,16.134,,,
37842,37842,1,57884.0,2026-05-30T07:48:08,1370.0,,,1.3878,1.0385,0.3493,0.9152,0.0715,,0.841,,,16.14,,,
37884,37884,1,57945.0,2026-05-30T07:49:09,1369.4,,,1.3821,1.0346,0.3475,0.9277,0.0713,,0.84,,,16.147,,,
37926,37926,1,58006.0,2026-05-30T07:50:10,1364.4,,,1.3754,1.03,0.3454,0.935,0.0712,,0.843,,,16.156,,,
37968,37968,1,58067.0,2026-05-30T07:51:11,1363.0,,,1.3693,1.0261,0.3432,0.9095,0.0711,,0.84,,,16.161,,,
38010,38010,1,58128.0,2026-05-30T07:52:12,1363.6,,,1.3659,1.0238,0.3421,0.9225,0.071,,0.839,,,16.164,,,
38022,38022,1,,2026-05-30T07:52:29,,,,1.3659,1.0237,0.3422,,,,0.839,,,,,,
38050,38050,1,58189.0,2026-05-30T07:53:14,1370.4,,,1.3668,1.0243,0.3425,0.9409,0.0709,,0.838,,,16.166,,,
38093,38093,1,58251.0,2026-05-30T07:54:15,1368.5,,,1.3706,1.0271,0.3435,0.9487,0.0709,,0.837,,,16.167,,,
38135,38135,1,58312.0,2026-05-30T07:55:16,1367.0,,,1.3728,1.0288,0.344,0.9309,0.0709,,0.837,,,16.168,,,
38177,38177,1,58373.0,2026-05-30T07:56:18,1366.7,,,1.3704,1.0274,0.343,0.9318,0.0707,,0.838,,,16.171,,,
38219,38219,1,58435.0,2026-05-30T07:57:19,1368.0,,,1.3652,1.0238,0.3414,0.8966,0.0706,,0.838,,,16.174,,,
38259,38259,1,58496.0,2026-05-30T07:58:20,1372.3,,,1.3615,1.0213,0.3402,0.918,0.0705,,0.842,,,16.179,,,
38297,38297,1,58556.0,2026-05-30T07:59:21,1379.2,,,1.3652,1.0236,0.3416,0.92,0.0705,,0.841,,,16.181,,,
38338,38338,1,58618.0,2026-05-30T08:00:22,1382.2,,,1.3713,1.028,0.3433,0.9056,0.0704,,0.844,,,16.179,,,
38376,38376,1,58680.0,2026-05-30T08:01:24,1392.6,,,1.3727,1.0292,0.3435,0.9072,0.0705,,0.845,,,16.177,,,
38414,38414,1,58741.0,2026-05-30T08:02:25,1401.1,,,1.3726,1.0294,0.3432,0.9102,0.0705,,0.847,,,16.176,,,
38455,38455,1,58802.0,2026-05-30T08:03:26,1403.6,,,1.3721,1.0291,0.343,0.9436,0.0705,,0.845,,,16.177,,,
38497,38497,1,58863.0,2026-05-30T08:04:28,1404.3,,,1.3701,1.0278,0.3423,0.9371,0.0704,,0.85,,,16.179,,,
38539,38539,1,58924.0,2026-05-30T08:05:28,1400.4,,,1.3685,1.027,0.3415,0.9185,0.0702,,0.85,,,16.181,,,
38580,38580,1,58985.0,2026-05-30T08:06:29,1399.3,,,1.367,1.0262,0.3408,0.9266,0.0701,,0.85,,,16.183,,,
38622,38622,1,59046.0,2026-05-30T08:07:30,1399.6,,,1.3652,1.025,0.3402,0.9272,0.0699,,0.85,,,16.187,,,
38645,38645,1,,2026-05-30T08:08:04,,,,1.3623,1.0229,0.3394,,,,0.848,,,,,,
38660,38660,1,59107.0,2026-05-30T08:08:31,1406.9,,,1.3621,1.0227,0.3394,0.9431,0.0698,,0.847,,,16.192,,,
38701,38701,1,59168.0,2026-05-30T08:09:32,1407.3,,,1.363,1.0233,0.3397,0.9534,0.0698,,0.848,,,16.192,,,
38743,38743,1,59229.0,2026-05-30T08:10:33,1404.4,,,1.3651,1.0248,0.3403,0.9338,0.0698,,0.849,,,16.193,,,
38785,38785,1,59290.0,2026-05-30T08:11:35,1396.4,,,1.363,1.0232,0.3398,0.9163,0.0698,,0.845,,,16.193,,,
38826,38826,1,59351.0,2026-05-30T08:12:35,1392.8,,,1.3596,1.0208,0.3388,0.9162,0.0698,,0.845,,,16.199,,,
38868,38868,1,59412.0,2026-05-30T08:13:37,1384.9,,,1.3578,1.0193,0.3385,0.9354,0.0697,,0.844,,,16.201,,,
38909,38909,1,59473.0,2026-05-30T08:14:38,1374.9,,,1.3614,1.0217,0.3397,0.9438,0.0697,,0.844,,,16.204,,,
38951,38951,1,59534.0,2026-05-30T08:15:38,1366.9,,,1.362,1.022,0.34,0.9126,0.0696,,0.845,,,16.206,,,
38993,38993,1,59595.0,2026-05-30T08:16:39,1366.7,,,1.3638,1.0231,0.3407,0.912,0.0696,,0.843,,,16.204,,,
39036,39036,1,59656.0,2026-05-30T08:17:41,1367.1,,,1.366,1.0245,0.3415,0.9374,0.0696,,0.844,,,16.202,,,
39078,39078,1,59718.0,2026-05-30T08:18:42,1364.7,,,1.3656,1.024,0.3416,0.937,0.0695,,0.843,,,16.2,,,
39120,39120,1,59778.0,2026-05-30T08:19:43,1364.5,,,1.3609,1.0207,0.3402,0.9344,0.0695,,0.844,,,16.2,,,
39162,39162,1,59839.0,2026-05-30T08:20:44,1361.6,,,1.3608,1.0207,0.3401,0.9198,0.0695,,0.846,,,16.201,,,
39204,39204,1,59901.0,2026-05-30T08:21:45,1359.5,,,1.3574,1.0184,0.339,0.9294,0.0694,,0.844,,,16.205,,,
39245,39245,1,59961.0,2026-05-30T08:22:45,1359.6,,,1.3567,1.018,0.3387,0.944,0.0694,,0.841,,,16.207,,,
39282,39282,1,,2026-05-30T08:23:40,,,,1.3567,1.0183,0.3384,,,,0.843,,,,,,
39285,39285,1,60022.0,2026-05-30T08:23:47,1362.1,,,1.357,1.0185,0.3385,0.9491,0.0693,,0.843,,,16.21,,,
39324,39324,1,60084.0,2026-05-30T08:24:48,1365.4,,,1.3605,1.0212,0.3393,0.9375,0.0692,,0.844,,,16.21,,,
39366,39366,1,60144.0,2026-05-30T08:25:49,1365.6,,,1.3662,1.0252,0.341,0.9222,0.069,,0.846,,,16.21,,,
39408,39408,1,60205.0,2026-05-30T08:26:50,1365.2,,,1.3688,1.027,0.3418,0.9209,0.069,,0.843,,,16.211,,,
39448,39448,1,60267.0,2026-05-30T08:27:51,1364.7,,,1.3687,1.027,0.3417,0.937,0.069,,0.842,,,16.21,,,
39488,39488,1,60327.0,2026-05-30T08:28:52,1366.9,,,1.3719,1.0292,0.3427,0.9335,0.069,,0.841,,,16.21,,,
39530,39530,1,60388.0,2026-05-30T08:29:53,1366.3,,,1.3732,1.0302,0.343,0.9369,0.069,,0.838,,,16.212,,,
39572,39572,1,60450.0,2026-05-30T08:30:55,1366.7,,,1.3734,1.0303,0.3431,0.9354,0.069,,0.84,,,16.217,,,
39615,39615,1,60512.0,2026-05-30T08:31:57,1367.0,,,1.3715,1.029,0.3425,0.9416,0.0688,,0.842,,,16.221,,,
39656,39656,1,60574.0,2026-05-30T08:32:58,1366.3,,,1.3736,1.0304,0.3432,0.9191,0.0688,,0.841,,,16.223,,,
39699,39699,1,60635.0,2026-05-30T08:34:00,1365.5,,,1.3754,1.0315,0.3439,0.9361,0.0687,,0.843,,,16.225,,,
39740,39740,1,60696.0,2026-05-30T08:35:01,1367.4,,,1.3756,1.0317,0.3439,0.9379,0.0686,,0.844,,,16.223,,,
39782,39782,1,60758.0,2026-05-30T08:36:02,1367.7,,,1.3715,1.0287,0.3428,0.9384,0.0685,,0.842,,,16.223,,,
39823,39823,1,60819.0,2026-05-30T08:37:03,1362.6,,,1.3687,1.0265,0.3422,0.937,0.0684,,0.842,,,16.227,,,
39866,39866,1,60881.0,2026-05-30T08:38:05,1362.1,,,1.3655,1.0239,0.3416,0.9267,0.0685,,0.84,,,16.229,,,
39908,39908,1,60942.0,2026-05-30T08:39:06,1363.1,,,1.3613,1.0208,0.3405,0.9325,0.0684,,0.839,,,16.231,,,
39915,39915,1,,2026-05-30T08:39:15,,,,1.3608,1.0204,0.3404,,,,0.839,,,,,,
39946,39946,1,61003.0,2026-05-30T08:40:07,1368.5,,,1.36,1.02,0.34,0.941,0.0683,,0.839,,,16.233,,,
39988,39988,1,61063.0,2026-05-30T08:41:08,1366.2,,,1.3558,1.0172,0.3386,0.9188,0.0683,,0.839,,,16.234,,,
40030,40030,1,61125.0,2026-05-30T08:42:10,1366.4,,,1.3536,1.0157,0.3379,0.9543,0.0682,,0.842,,,16.235,,,
40071,40071,1,61186.0,2026-05-30T08:43:10,1366.9,,,1.3529,1.0153,0.3376,0.9443,0.0681,,0.84,,,16.237,,,
40114,40114,1,61248.0,2026-05-30T08:44:12,1366.5,,,1.3546,1.0165,0.3381,0.9468,0.0681,,0.839,,,16.238,,,
40155,40155,1,61309.0,2026-05-30T08:45:13,1365.8,,,1.3544,1.0162,0.3382,0.9334,0.0681,,0.84,,,16.244,,,
40198,40198,1,61370.0,2026-05-30T08:46:15,1364.8,,,1.3531,1.0155,0.3376,0.9337,0.0681,,0.842,,,16.242,,,
40239,40239,1,61432.0,2026-05-30T08:47:16,1364.6,,,1.3516,1.0145,0.3371,0.932,0.0681,,0.842,,,16.243,,,
40282,40282,1,61493.0,2026-05-30T08:48:18,1362.4,,,1.3527,1.0151,0.3376,0.9504,0.0681,,0.844,,,16.248,,,
40324,40324,1,61554.0,2026-05-30T08:49:19,1360.1,,,1.3537,1.0158,0.3379,0.939,0.0681,,0.844,,,16.248,,,
40367,40367,1,61616.0,2026-05-30T08:50:20,1360.0,,,1.3542,1.0162,0.338,0.9061,0.068,,0.844,,,16.249,,,
40409,40409,1,61678.0,2026-05-30T08:51:22,1360.2,,,1.3559,1.0175,0.3384,0.9499,0.068,,0.847,,,16.248,,,
40450,40450,1,61738.0,2026-05-30T08:52:23,1353.7,,,1.3582,1.019,0.3392,0.9286,0.068,,0.85,,,16.247,,,
40492,40492,1,61800.0,2026-05-30T08:53:25,1353.3,,,1.3573,1.0183,0.339,0.9187,0.0679,,0.849,,,16.25,,,
40533,40533,1,61861.0,2026-05-30T08:54:26,1353.9,,,1.3546,1.0164,0.3382,0.9396,0.0677,,0.85,,,16.255,,,
40551,40551,1,,2026-05-30T08:54:52,,,,1.3538,1.0159,0.3379,,,,0.851,,,,,,
40572,40572,1,61924.0,2026-05-30T08:55:28,1358.0,,,1.3544,1.0163,0.3381,0.9378,0.0677,,0.852,,,16.255,,,
40614,40614,1,61985.0,2026-05-30T08:56:29,1357.9,,,1.3561,1.0172,0.3389,0.9508,0.0676,,0.851,,,16.254,,,
40656,40656,1,62046.0,2026-05-30T08:57:31,1357.7,,,1.3593,1.0194,0.3399,0.9169,0.0676,,0.85,,,16.251,,,
40697,40697,1,62108.0,2026-05-30T08:58:33,1360.7,,,1.359,1.019,0.34,0.9341,0.0676,,0.85,,,16.249,,,
40736,40736,1,62169.0,2026-05-30T08:59:33,1369.3,,,1.3606,1.0199,0.3407,0.9384,0.0675,,0.85,,,16.253,,,
40776,40776,1,62229.0,2026-05-30T09:00:34,1371.8,,,1.363,1.0215,0.3415,0.908,0.0675,,0.849,,,16.25,,,
40814,40814,1,62290.0,2026-05-30T09:01:35,1379.6,,,1.3629,1.0215,0.3414,0.9327,0.0675,,0.852,,,16.245,,,
40852,40852,1,62351.0,2026-05-30T09:02:35,1388.4,,,1.3619,1.0209,0.341,0.9167,0.0675,,0.855,,,16.247,,,
40891,40891,1,62412.0,2026-05-30T09:03:36,1395.3,,,1.3587,1.0189,0.3398,0.9381,0.0675,,0.854,,,16.247,,,
40932,40932,1,62473.0,2026-05-30T09:04:38,1400.4,,,1.3561,1.0173,0.3388,0.9561,0.0674,,0.852,,,16.246,,,
40971,40971,1,62535.0,2026-05-30T09:05:39,1407.7,,,1.3561,1.0174,0.3387,0.9358,0.0673,,0.853,,,16.251,,,
41011,41011,1,62595.0,2026-05-30T09:06:40,1408.6,,,1.3572,1.0179,0.3393,0.9322,0.0673,,0.856,,,16.253,,,
41054,41054,1,62657.0,2026-05-30T09:07:42,1409.7,,,1.3569,1.0177,0.3392,0.9312,0.0672,,0.857,,,16.254,,,
41096,41096,1,62719.0,2026-05-30T09:08:43,1405.5,,,1.355,1.0164,0.3386,0.9199,0.0672,,0.855,,,16.253,,,
41138,41138,1,62779.0,2026-05-30T09:09:44,1405.3,,,1.3512,1.0139,0.3373,0.9289,0.0671,,0.859,,,16.254,,,
41168,41168,1,,2026-05-30T09:10:28,,,,1.3488,1.0121,0.3367,,,,0.86,,,,,,
41177,41177,1,62840.0,2026-05-30T09:10:45,1410.6,,,1.3488,1.0121,0.3367,0.9354,0.067,,0.859,,,16.256,,,
41217,41217,1,62901.0,2026-05-30T09:11:46,1408.0,,,1.3518,1.0143,0.3375,0.9476,0.067,,0.861,,,16.255,,,
41258,41258,1,62963.0,2026-05-30T09:12:47,1402.3,,,1.3523,1.0146,0.3377,0.9319,0.067,,0.861,,,16.254,,,
41298,41298,1,63024.0,2026-05-30T09:13:49,1402.6,,,1.3516,1.014,0.3376,0.9445,0.0669,,0.86,,,16.256,,,
41339,41339,1,63086.0,2026-05-30T09:14:50,1395.2,,,1.3528,1.0149,0.3379,0.9133,0.0668,,0.858,,,16.26,,,
41380,41380,1,63147.0,2026-05-30T09:15:51,1390.0,,,1.3548,1.0163,0.3385,0.9418,0.0668,,0.857,,,16.26,,,
41421,41421,1,63209.0,2026-05-30T09:16:53,1387.8,,,1.3551,1.0164,0.3387,0.9359,0.0667,,0.857,,,16.261,,,
41462,41462,1,63270.0,2026-05-30T09:17:54,1383.7,,,1.3544,1.0158,0.3386,0.945,0.0667,,0.855,,,16.259,,,
41503,41503,1,63331.0,2026-05-30T09:18:56,1382.9,,,1.3533,1.015,0.3383,0.9301,0.0667,,0.851,,,16.253,,,
41543,41543,1,63392.0,2026-05-30T09:19:57,1384.1,,,1.3544,1.0158,0.3386,0.9277,0.0667,,0.849,,,16.249,,,
41584,41584,1,63454.0,2026-05-30T09:20:58,1385.6,,,1.354,1.0155,0.3385,0.928,0.0667,,0.849,,,16.25,,,
41623,41623,1,63515.0,2026-05-30T09:22:00,1390.7,,,1.3533,1.0149,0.3384,0.9238,0.0667,,0.849,,,16.252,,,
41662,41662,1,63576.0,2026-05-30T09:23:01,1395.0,,,1.3556,1.0165,0.3391,0.9384,0.0665,,0.848,,,16.253,,,
41701,41701,1,63638.0,2026-05-30T09:24:02,1396.0,,,1.3578,1.0179,0.3399,0.9111,0.0665,,0.846,,,16.251,,,
41740,41740,1,63699.0,2026-05-30T09:25:03,1397.8,,,1.3562,1.0167,0.3395,0.922,0.0665,,0.845,,,16.257,,,
41778,41778,1,,2026-05-30T09:26:02,,,,1.3533,1.0145,0.3388,,,,0.847,,,,,,
41779,41779,1,63759.0,2026-05-30T09:26:04,1398.6,,,1.3532,1.0144,0.3388,0.9324,0.0664,,0.847,,,16.257,,,
41816,41816,1,63820.0,2026-05-30T09:27:05,1402.2,,,1.3529,1.0143,0.3386,0.9414,0.0663,,0.852,,,16.257,,,
41856,41856,1,63881.0,2026-05-30T09:28:06,1401.1,,,1.3533,1.0145,0.3388,0.9514,0.0662,,0.852,,,16.259,,,
41896,41896,1,63942.0,2026-05-30T09:29:06,1401.0,,,1.3537,1.0147,0.339,0.9263,0.0661,,0.851,,,16.257,,,
41936,41936,1,64003.0,2026-05-30T09:30:07,1400.7,,,1.3537,1.0148,0.3389,0.9399,0.0661,,0.852,,,16.256,,,
41977,41977,1,64064.0,2026-05-30T09:31:08,1400.8,,,1.3537,1.0148,0.3389,0.9302,0.066,,0.854,,,16.258,,,
42018,42018,1,64125.0,2026-05-30T09:32:09,1399.5,,,1.3543,1.0152,0.3391,0.9244,0.0659,,0.854,,,16.263,,,
42058,42058,1,64186.0,2026-05-30T09:33:11,1398.6,,,1.3546,1.0152,0.3394,0.9504,0.0658,,0.853,,,16.265,,,
42099,42099,1,64248.0,2026-05-30T09:34:12,1398.9,,,1.3556,1.0159,0.3397,0.921,0.0657,,0.854,,,16.266,,,
42140,42140,1,64309.0,2026-05-30T09:35:14,1394.5,,,1.3543,1.015,0.3393,0.939,0.0657,,0.855,,,16.268,,,
42180,42180,1,64370.0,2026-05-30T09:36:15,1392.5,,,1.352,1.0135,0.3385,0.9475,0.0656,,0.855,,,16.267,,,
42221,42221,1,64432.0,2026-05-30T09:37:16,1389.0,,,1.3485,1.011,0.3375,0.9393,0.0655,,0.857,,,16.271,,,
42262,42262,1,64493.0,2026-05-30T09:38:18,1388.8,,,1.3472,1.0103,0.3369,0.9382,0.0655,,0.856,,,16.27,,,
42303,42303,1,64555.0,2026-05-30T09:39:20,1382.9,,,1.3434,1.0077,0.3357,0.9434,0.0654,,0.852,,,16.269,,,
42344,42344,1,64618.0,2026-05-30T09:40:22,1383.9,,,1.3396,1.0052,0.3344,0.926,0.0653,,0.85,,,16.269,,,
42384,42384,1,64680.0,2026-05-30T09:41:24,1385.7,,,1.3378,1.0038,0.334,0.9283,0.0653,,0.85,,,16.271,,,
42393,42393,1,,2026-05-30T09:41:38,,,,1.3378,1.0038,0.334,,,,0.85,,,,,,
42420,42420,1,64741.0,2026-05-30T09:42:25,1390.2,,,1.3381,1.0038,0.3343,0.9393,0.0652,,0.851,,,16.275,,,
42460,42460,1,64802.0,2026-05-30T09:43:26,1390.7,,,1.3411,1.0055,0.3356,0.937,0.0652,,0.851,,,16.278,,,
42500,42500,1,64863.0,2026-05-30T09:44:28,1391.6,,,1.3452,1.0082,0.337,0.9463,0.0653,,0.851,,,16.275,,,
42540,42540,1,64925.0,2026-05-30T09:45:30,1393.8,,,1.3426,1.0065,0.3361,0.9322,0.0653,,0.851,,,16.275,,,
42581,42581,1,64986.0,2026-05-30T09:46:30,1393.1,,,1.3384,1.0037,0.3347,0.9437,0.0652,,0.853,,,16.275,,,
42620,42620,1,65047.0,2026-05-30T09:47:31,1393.7,,,1.3332,1.0001,0.3331,0.9386,0.0651,,0.854,,,16.278,,,
42661,42661,1,65108.0,2026-05-30T09:48:32,1392.3,,,1.3318,0.9993,0.3325,0.9323,0.065,,0.852,,,16.278,,,
42702,42702,1,65168.0,2026-05-30T09:49:33,1392.0,,,1.3309,0.9987,0.3322,0.9337,0.0649,,0.853,,,16.283,,,
42743,42743,1,65230.0,2026-05-30T09:50:35,1391.5,,,1.3311,0.9991,0.332,0.9491,0.0648,,0.854,,,16.283,,,
42783,42783,1,65292.0,2026-05-30T09:51:36,1392.6,,,1.331,0.9989,0.3321,0.9453,0.0648,,0.856,,,16.287,,,
42824,42824,1,65353.0,2026-05-30T09:52:38,1391.6,,,1.3319,0.9994,0.3325,0.9474,0.0647,,0.857,,,16.291,,,
42864,42864,1,65415.0,2026-05-30T09:53:39,1391.5,,,1.332,0.9992,0.3328,0.9307,0.0646,,0.857,,,16.295,,,
42905,42905,1,65476.0,2026-05-30T09:54:40,1390.5,,,1.3315,0.9989,0.3326,0.9447,0.0646,,0.856,,,16.292,,,
42945,42945,1,65536.0,2026-05-30T09:55:41,1386.6,,,1.3293,0.9975,0.3318,0.9407,0.0646,,0.855,,,16.292,,,
42985,42985,1,65597.0,2026-05-30T09:56:41,1386.4,,,1.3267,0.9959,0.3308,0.9453,0.0645,,0.858,,,16.294,,,
43007,43007,1,,2026-05-30T09:57:16,,,,1.3247,0.9946,0.3301,,,,0.857,,,,,,
43022,43022,1,65658.0,2026-05-30T09:57:43,1391.1,,,1.3251,0.9949,0.3302,0.9398,0.0643,,0.856,,,16.297,,,
43060,43060,1,65720.0,2026-05-30T09:58:44,1393.2,,,1.327,0.9963,0.3307,0.9342,0.0643,,0.856,,,16.298,,,
43098,43098,1,65782.0,2026-05-30T09:59:46,1400.3,,,1.3301,0.9984,0.3317,0.9252,0.0644,,0.853,,,16.3,,,
43137,43137,1,65843.0,2026-05-30T10:00:47,1402.5,,,1.3372,1.0034,0.3338,0.9432,0.0643,,0.853,,,16.296,,,
43175,43175,1,65904.0,2026-05-30T10:01:48,1408.0,,,1.3422,1.0067,0.3355,0.9398,0.0644,,0.854,,,16.296,,,
43212,43212,1,65965.0,2026-05-30T10:02:49,1416.6,,,1.3446,1.0083,0.3363,0.9199,0.0645,,0.852,,,16.292,,,
43249,43249,1,66026.0,2026-05-30T10:03:50,1423.0,,,1.3461,1.0092,0.3369,0.9365,0.0646,,0.851,,,16.29,,,
43287,43287,1,66087.0,2026-05-30T10:04:52,1428.3,,,1.348,1.0106,0.3374,0.9451,0.0647,,0.849,,,16.288,,,
43326,43326,1,66148.0,2026-05-30T10:05:52,1432.4,,,1.3499,1.012,0.3379,0.9421,0.0647,,0.85,,,16.285,,,
43364,43364,1,66210.0,2026-05-30T10:06:54,1438.7,,,1.3525,1.0138,0.3387,0.9401,0.0648,,0.849,,,16.284,,,
43401,43401,1,66271.0,2026-05-30T10:07:56,1445.5,,,1.3554,1.0158,0.3396,0.9361,0.0648,,0.85,,,16.285,,,
43438,43438,1,66332.0,2026-05-30T10:08:57,1453.4,,,1.3583,1.0177,0.3406,0.92,0.0648,,0.85,,,16.285,,,
43476,43476,1,66394.0,2026-05-30T10:09:58,1456.9,,,1.3588,1.0179,0.3409,0.925,0.0649,,0.851,,,16.284,,,
43515,43515,1,66455.0,2026-05-30T10:10:59,1458.8,,,1.3605,1.0188,0.3417,0.9407,0.0649,,0.851,,,16.285,,,
43554,43554,1,66515.0,2026-05-30T10:12:00,1453.6,,,1.365,1.0217,0.3433,0.9368,0.0649,,0.855,,,16.286,,,
43590,43590,1,,2026-05-30T10:12:54,,,,1.3717,1.0261,0.3456,,,,0.856,,,,,,
43594,43594,1,66577.0,2026-05-30T10:13:01,1450.7,,,1.3722,1.0264,0.3458,0.9386,0.065,,0.856,,,16.285,,,
43632,43632,1,66638.0,2026-05-30T10:14:02,1446.7,,,1.378,1.0303,0.3477,0.9132,0.065,,0.856,,,16.283,,,
43672,43672,1,66699.0,2026-05-30T10:15:04,1443.7,,,1.3811,1.0323,0.3488,0.9447,0.0651,,0.856,,,16.281,,,
43712,43712,1,66761.0,2026-05-30T10:16:05,1434.5,,,1.3826,1.0333,0.3493,0.9509,0.0652,,0.856,,,16.283,,,
43753,43753,1,66822.0,2026-05-30T10:17:07,1426.5,,,1.3814,1.0324,0.349,0.9266,0.0651,,0.855,,,16.286,,,
43792,43792,1,66883.0,2026-05-30T10:18:08,1420.0,,,1.3776,1.0296,0.348,0.9329,0.065,,0.857,,,16.287,,,
43833,43833,1,66944.0,2026-05-30T10:19:09,1415.8,,,1.3782,1.0297,0.3485,0.9327,0.0649,,0.858,,,16.287,,,
43873,43873,1,67006.0,2026-05-30T10:20:10,1408.2,,,1.3794,1.0305,0.3489,0.9189,0.0648,,0.859,,,16.285,,,
43914,43914,1,67067.0,2026-05-30T10:21:11,1399.5,,,1.3819,1.0321,0.3498,0.9332,0.0648,,0.857,,,16.286,,,
43955,43955,1,67128.0,2026-05-30T10:22:13,1391.9,,,1.3843,1.0339,0.3504,0.9221,0.0648,,0.856,,,16.287,,,
43995,43995,1,67189.0,2026-05-30T10:23:14,1388.1,,,1.3833,1.0332,0.3501,0.9208,0.0648,,0.855,,,16.287,,,
44035,44035,1,67251.0,2026-05-30T10:24:15,1386.8,,,1.3778,1.0296,0.3482,0.9425,0.0647,,0.853,,,16.287,,,
44075,44075,1,67313.0,2026-05-30T10:25:17,1386.3,,,1.3684,1.0232,0.3452,0.9261,0.0646,,0.852,,,16.289,,,
44116,44116,1,67374.0,2026-05-30T10:26:19,1382.6,,,1.3605,1.0179,0.3426,0.9521,0.0645,,0.853,,,16.294,,,
44157,44157,1,67436.0,2026-05-30T10:27:21,1383.1,,,1.3534,1.0133,0.3401,0.9202,0.0644,,0.853,,,16.3,,,
44198,44198,1,67498.0,2026-05-30T10:28:22,1382.3,,,1.3481,1.0096,0.3385,0.9395,0.0642,,0.854,,,16.303,,,
44204,44204,1,,2026-05-30T10:28:33,,,,1.3473,1.0091,0.3382,,,,0.854,,,,,,
44234,44234,1,67558.0,2026-05-30T10:29:23,1386.9,,,1.3452,1.0076,0.3376,0.9453,0.0641,,0.855,,,16.303,,,
44274,44274,1,67619.0,2026-05-30T10:30:24,1386.9,,,1.347,1.0089,0.3381,0.9211,0.064,,0.859,,,16.306,,,
44314,44314,1,67681.0,2026-05-30T10:31:25,1386.8,,,1.3503,1.0115,0.3388,0.947,0.0639,,0.858,,,16.307,,,
44354,44354,1,67741.0,2026-05-30T10:32:26,1387.3,,,1.3544,1.0145,0.3399,0.9478,0.0639,,0.858,,,16.311,,,
44394,44394,1,67803.0,2026-05-30T10:33:27,1387.0,,,1.3578,1.0169,0.3409,0.9445,0.0638,,0.861,,,16.316,,,
44436,44436,1,67865.0,2026-05-30T10:34:30,1386.2,,,1.3561,1.0162,0.3399,0.9288,0.0637,,0.864,,,16.319,,,
44478,44478,1,67927.0,2026-05-30T10:35:31,1385.1,,,1.3533,1.0144,0.3389,0.949,0.0636,,0.864,,,16.323,,,
44519,44519,1,67988.0,2026-05-30T10:36:33,1384.2,,,1.353,1.0142,0.3388,0.9341,0.0635,,0.863,,,16.329,,,
44558,44558,1,68049.0,2026-05-30T10:37:33,1385.6,,,1.3578,1.0174,0.3404,0.9459,0.0635,,0.866,,,16.327,,,
44599,44599,1,68111.0,2026-05-30T10:38:36,1387.6,,,1.3616,1.0201,0.3415,0.922,0.0635,,0.865,,,16.327,,,
44639,44639,1,68173.0,2026-05-30T10:39:38,1386.2,,,1.3639,1.0216,0.3423,0.9462,0.0634,,0.865,,,16.327,,,
44680,44680,1,68234.0,2026-05-30T10:40:39,1385.5,,,1.3663,1.0233,0.343,0.9414,0.0634,,0.869,,,16.328,,,
44720,44720,1,68295.0,2026-05-30T10:41:40,1383.1,,,1.3678,1.0243,0.3435,0.9221,0.0633,,0.871,,,16.327,,,
44760,44760,1,68356.0,2026-05-30T10:42:40,1381.5,,,1.3679,1.0244,0.3435,0.948,0.0633,,0.868,,,16.327,,,
44799,44799,1,68417.0,2026-05-30T10:43:41,1381.0,,,1.368,1.0244,0.3436,0.944,0.0633,,0.869,,,16.327,,,
44819,44819,1,,2026-05-30T10:44:11,,,,1.3673,1.0239,0.3434,,,,0.869,,,,,,
44836,44836,1,68478.0,2026-05-30T10:44:42,1385.1,,,1.3663,1.0232,0.3431,0.9391,0.0633,,0.869,,,16.327,,,
44876,44876,1,68538.0,2026-05-30T10:45:43,1383.8,,,1.3632,1.0211,0.3421,0.9302,0.0633,,0.868,,,16.324,,,
44916,44916,1,68599.0,2026-05-30T10:46:44,1382.8,,,1.3602,1.0192,0.341,0.9342,0.0633,,0.866,,,16.319,,,
44956,44956,1,68660.0,2026-05-30T10:47:44,1381.8,,,1.3582,1.0177,0.3405,0.926,0.0633,,0.867,,,16.317,,,
44996,44996,1,68721.0,2026-05-30T10:48:46,1380.6,,,1.3546,1.0152,0.3394,0.926,0.0633,,0.868,,,16.318,,,
45037,45037,1,68783.0,2026-05-30T10:49:47,1380.6,,,1.3517,1.0134,0.3383,0.9535,0.0633,,0.871,,,16.314,,,
45076,45076,1,68843.0,2026-05-30T10:50:48,1378.4,,,1.3494,1.0117,0.3377,0.9395,0.0632,,0.87,,,16.318,,,
45118,45118,1,68905.0,2026-05-30T10:51:50,1374.8,,,1.3491,1.0113,0.3378,0.9242,0.0632,,0.869,,,16.315,,,
45159,45159,1,68967.0,2026-05-30T10:52:52,1374.9,,,1.3481,1.0104,0.3377,0.9469,0.0632,,0.869,,,16.315,,,
45200,45200,1,69028.0,2026-05-30T10:53:53,1373.2,,,1.347,1.0097,0.3373,0.9257,0.0632,,0.869,,,16.315,,,
45240,45240,1,69089.0,2026-05-30T10:54:54,1371.9,,,1.3491,1.0111,0.338,0.9475,0.0632,,0.87,,,16.32,,,
45282,45282,1,69151.0,2026-05-30T10:55:56,1370.3,,,1.3504,1.0121,0.3383,0.9438,0.0631,,0.87,,,16.32,,,
45323,45323,1,69213.0,2026-05-30T10:56:57,1369.4,,,1.3504,1.0121,0.3383,0.93,0.0631,,0.869,,,16.323,,,
45363,45363,1,69273.0,2026-05-30T10:57:58,1363.8,,,1.3475,1.0101,0.3374,0.9298,0.063,,0.87,,,16.326,,,
45404,45404,1,69336.0,2026-05-30T10:59:01,1367.4,,,1.3449,1.0082,0.3367,0.9499,0.0629,,0.87,,,16.33,,,
45433,45433,1,,2026-05-30T10:59:48,,,,1.3431,1.0069,0.3362,,,,0.871,,,,,,
45441,45441,1,69398.0,2026-05-30T11:00:03,1375.6,,,1.3427,1.0066,0.3361,0.94,0.0628,,0.87,,,16.336,,,
45477,45477,1,69459.0,2026-05-30T11:01:04,1380.6,,,1.346,1.0087,0.3373,0.9353,0.0627,,0.872,,,16.337,,,
45517,45517,1,69521.0,2026-05-30T11:02:05,1383.9,,,1.352,1.0127,0.3393,0.9417,0.0627,,0.872,,,16.334,,,
45555,45555,1,69582.0,2026-05-30T11:03:06,1387.9,,,1.3565,1.0156,0.3409,0.9522,0.0626,,0.87,,,16.335,,,
45594,45594,1,69643.0,2026-05-30T11:04:07,1393.3,,,1.3573,1.0163,0.341,0.9178,0.0626,,0.869,,,16.334,,,
45633,45633,1,69705.0,2026-05-30T11:05:09,1397.9,,,1.3599,1.0183,0.3416,0.934,0.0625,,0.87,,,16.337,,,
45674,45674,1,69766.0,2026-05-30T11:06:10,1397.0,,,1.3641,1.0212,0.3429,0.9375,0.0625,,0.87,,,16.335,,,
45715,45715,1,69828.0,2026-05-30T11:07:12,1397.8,,,1.3689,1.0243,0.3446,0.9469,0.0626,,0.871,,,16.332,,,
45757,45757,1,69889.0,2026-05-30T11:08:13,1393.5,,,1.3727,1.0269,0.3458,0.9494,0.0627,,0.869,,,16.329,,,
45799,45799,1,69951.0,2026-05-30T11:09:15,1392.8,,,1.3768,1.0297,0.3471,0.924,0.0627,,0.867,,,16.329,,,
45837,45837,1,70012.0,2026-05-30T11:10:16,1393.2,,,1.3785,1.0307,0.3478,0.9379,0.0627,,0.866,,,16.328,,,
45876,45876,1,70072.0,2026-05-30T11:11:17,1394.0,,,1.38,1.0317,0.3483,0.9377,0.0627,,0.867,,,16.326,,,
45913,45913,1,70134.0,2026-05-30T11:12:19,1401.7,,,1.3811,1.0323,0.3488,0.9284,0.0626,,0.869,,,16.325,,,
45953,45953,1,70195.0,2026-05-30T11:13:20,1394.4,,,1.3823,1.0331,0.3492,0.9494,0.0625,,0.867,,,16.323,,,
45991,45991,1,70257.0,2026-05-30T11:14:21,1397.1,,,1.381,1.0322,0.3488,0.9452,0.0625,,0.867,,,16.322,,,
46031,46031,1,70319.0,2026-05-30T11:15:24,1395.3,,,1.3796,1.0312,0.3484,0.9438,0.0624,,0.865,,,16.323,,,
46035,46035,1,,2026-05-30T11:15:31,,,,1.3795,1.0311,0.3484,,,,0.865,,,,,,
46064,46064,1,70381.0,2026-05-30T11:16:25,1398.0,,,1.3797,1.0313,0.3484,0.9442,0.0624,,0.865,,,16.321,,,
46104,46104,1,70442.0,2026-05-30T11:17:26,1393.3,,,1.3809,1.0321,0.3488,0.9524,0.0624,,0.864,,,16.322,,,
46140,46140,1,70503.0,2026-05-30T11:18:27,1399.1,,,1.3762,1.029,0.3472,0.9462,0.0623,,0.866,,,16.323,,,
46180,46180,1,70565.0,2026-05-30T11:19:29,1400.7,,,1.3669,1.0227,0.3442,0.9224,0.0622,,0.865,,,16.331,,,
46219,46219,1,70625.0,2026-05-30T11:20:30,1402.1,,,1.358,1.0165,0.3415,0.9442,0.062,,0.862,,,16.338,,,
46261,46261,1,70687.0,2026-05-30T11:21:31,1403.4,,,1.3514,1.0116,0.3398,0.9423,0.0618,,0.86,,,16.346,,,
46302,46302,1,70748.0,2026-05-30T11:22:33,1406.4,,,1.347,1.0085,0.3385,0.9497,0.0617,,0.863,,,16.347,,,
46343,46343,1,70810.0,2026-05-30T11:23:34,1401.3,,,1.3451,1.0074,0.3377,0.9506,0.0617,,0.865,,,16.35,,,
46384,46384,1,70870.0,2026-05-30T11:24:35,1400.8,,,1.3461,1.0085,0.3376,0.9416,0.0616,,0.868,,,16.351,,,
46426,46426,1,70931.0,2026-05-30T11:25:36,1388.2,,,1.3462,1.0087,0.3375,0.9478,0.0616,,0.868,,,16.354,,,
46468,46468,1,70993.0,2026-05-30T11:26:37,1383.4,,,1.3441,1.0072,0.3369,0.9442,0.0616,,0.868,,,16.357,,,
46511,46511,1,71054.0,2026-05-30T11:27:39,1373.0,,,1.3448,1.0078,0.337,0.9297,0.0616,,0.868,,,16.36,,,
46553,46553,1,71115.0,2026-05-30T11:28:39,1361.6,,,1.3448,1.008,0.3368,0.9429,0.0614,,0.869,,,16.366,,,
46595,46595,1,71175.0,2026-05-30T11:29:40,1354.1,,,1.3433,1.0072,0.3361,0.9356,0.0614,,0.871,,,16.371,,,
46637,46637,1,71237.0,2026-05-30T11:30:41,1345.9,,,1.3417,1.0061,0.3356,0.9569,0.0613,,0.87,,,16.372,,,
46659,46659,1,,2026-05-30T11:31:14,,,,1.3438,1.0074,0.3364,,,,0.869,,,,,,
46675,46675,1,71299.0,2026-05-30T11:31:43,1343.6,,,1.3461,1.009,0.3371,0.9388,0.0613,,0.871,,,16.373,,,
46716,46716,1,71362.0,2026-05-30T11:32:46,1341.4,,,1.3495,1.0112,0.3383,0.9501,0.0614,,0.872,,,16.368,,,
46758,46758,1,71423.0,2026-05-30T11:33:47,1337.7,,,1.3482,1.0103,0.3379,0.9403,0.0614,,0.874,,,16.365,,,
46797,46797,1,71483.0,2026-05-30T11:34:48,1338.4,,,1.3439,1.0078,0.3361,0.9352,0.0612,,0.873,,,16.365,,,
46835,46835,1,71545.0,2026-05-30T11:35:50,1343.3,,,1.3402,1.0051,0.3351,0.9532,0.0611,,0.874,,,16.368,,,
46873,46873,1,71607.0,2026-05-30T11:36:51,1348.2,,,1.339,1.0038,0.3352,0.9438,0.0611,,0.869,,,16.373,,,
46913,46913,1,71669.0,2026-05-30T11:37:53,1352.6,,,1.378,1.0289,0.3491,0.9345,0.0611,,0.878,,,16.432,,,
46952,46952,1,71730.0,2026-05-30T11:38:55,1359.1,,,1.4163,1.0542,0.3621,0.9441,0.0614,,0.88,,,16.474,,,
46991,46991,1,71792.0,2026-05-30T11:39:57,1366.6,,,1.4533,1.0788,0.3745,0.9428,0.0619,,0.881,,,16.516,,,
47033,47033,1,71854.0,2026-05-30T11:40:58,1368.6,,,1.4867,1.1012,0.3855,0.9079,0.0624,,0.884,,,16.558,,,
47075,47075,1,71915.0,2026-05-30T11:42:00,1369.8,,,1.5233,1.1257,0.3976,0.9231,0.0628,,0.886,,,16.598,,,
47115,47115,1,71976.0,2026-05-30T11:43:00,1371.7,,,1.5613,1.1513,0.41,0.9199,0.0632,,0.889,,,16.636,,,
47157,47157,1,72037.0,2026-05-30T11:44:02,1371.5,,,1.6025,1.1793,0.4232,0.9296,0.0637,,0.894,,,16.676,,,
47198,47198,1,72098.0,2026-05-30T11:45:03,1366.5,,,1.6396,1.2045,0.4351,0.933,0.0641,,0.893,,,16.712,,,
47239,47239,1,72160.0,2026-05-30T11:46:04,1368.1,,,1.6764,1.2297,0.4467,0.928,0.0645,,0.895,,,16.749,,,
47271,47271,1,,2026-05-30T11:46:50,,,,1.7088,1.2519,0.4569,,,,0.898,,,,,,
47279,47279,1,72222.0,2026-05-30T11:47:07,1372.8,,,1.7168,1.2574,0.4594,0.9155,0.065,,0.899,,,16.782,,,
47318,47318,1,72283.0,2026-05-30T11:48:07,1369.1,,,1.7584,1.2857,0.4727,0.9238,0.0655,,0.904,,,16.814,,,
47358,47358,1,72344.0,2026-05-30T11:49:09,1364.9,,,1.7992,1.3139,0.4853,0.9253,0.0659,,0.909,,,16.844,,,
47399,47399,1,72405.0,2026-05-30T11:50:10,1362.3,,,1.8228,1.3307,0.4921,0.9388,0.0665,,0.901,,,16.851,,,
47440,47440,1,72468.0,2026-05-30T11:51:12,1362.2,,,1.8182,1.329,0.4892,0.9299,0.0666,,0.899,,,16.84,,,
47482,47482,1,72529.0,2026-05-30T11:52:13,1350.4,,,1.8158,1.3284,0.4874,0.9541,0.0666,,0.898,,,16.833,,,
47523,47523,1,72590.0,2026-05-30T11:53:15,1352.7,,,1.8138,1.3275,0.4863,0.9396,0.0666,,0.895,,,16.828,,,
47564,47564,1,72651.0,2026-05-30T11:54:16,1351.1,,,1.813,1.3276,0.4854,0.9256,0.0666,,0.891,,,16.821,,,
47606,47606,1,72713.0,2026-05-30T11:55:18,1351.2,,,1.8133,1.3285,0.4848,0.9377,0.0668,,0.891,,,16.811,,,
47648,47648,1,72774.0,2026-05-30T11:56:18,1350.2,,,1.8127,1.3287,0.484,0.9287,0.0668,,0.888,,,16.798,,,
47690,47690,1,72835.0,2026-05-30T11:57:20,1350.5,,,1.8134,1.3296,0.4838,0.9104,0.0668,,0.885,,,16.788,,,
47733,47733,1,72897.0,2026-05-30T11:58:22,1349.4,,,1.8119,1.3292,0.4827,0.9311,0.0668,,0.886,,,16.787,,,
47772,47772,1,72958.0,2026-05-30T11:59:23,1354.5,,,1.8089,1.3275,0.4814,0.91,0.0667,,0.884,,,16.784,,,
47809,47809,1,73019.0,2026-05-30T12:00:24,1358.5,,,1.8035,1.3239,0.4796,0.9272,0.0667,,0.881,,,16.784,,,
47849,47849,1,73081.0,2026-05-30T12:01:26,1364.9,,,1.7961,1.3189,0.4772,0.9257,0.0667,,0.875,,,16.777,,,
47889,47889,1,,2026-05-30T12:02:28,,,,1.7911,1.3156,0.4755,,,,0.873,,,,,,
47923,47923,1,73205.0,2026-05-30T12:03:29,1377.5,,,1.789,1.3146,0.4744,0.925,0.0667,,0.875,,,16.773,,,
47960,47960,1,73265.0,2026-05-30T12:04:30,1383.7,,,1.787,1.3135,0.4735,0.9359,0.0668,,0.875,,,16.765,,,
48002,48002,1,73327.0,2026-05-30T12:05:31,1384.2,,,1.7896,1.3154,0.4742,0.9241,0.0669,,0.877,,,16.75,,,
48042,48042,1,73388.0,2026-05-30T12:06:32,1382.8,,,1.7936,1.3181,0.4755,0.9308,0.0669,,0.878,,,16.738,,,
48082,48082,1,73449.0,2026-05-30T12:07:33,1383.4,,,1.7976,1.3206,0.477,0.9167,0.0669,,0.88,,,16.733,,,
48122,48122,1,73510.0,2026-05-30T12:08:35,1384.1,,,1.7962,1.3195,0.4767,0.9421,0.0669,,0.876,,,16.731,,,
48164,48164,1,73572.0,2026-05-30T12:09:36,1384.5,,,1.7944,1.3183,0.4761,0.9285,0.0669,,0.878,,,16.731,,,
48205,48205,1,73633.0,2026-05-30T12:10:37,1386.7,,,1.7934,1.3176,0.4758,0.93,0.0669,,0.88,,,16.725,,,
48245,48245,1,73694.0,2026-05-30T12:11:38,1386.1,,,1.7927,1.3174,0.4753,0.9382,0.067,,0.878,,,16.717,,,
48286,48286,1,73755.0,2026-05-30T12:12:39,1378.1,,,1.7908,1.3163,0.4745,0.9298,0.067,,0.878,,,16.708,,,
48328,48328,1,73816.0,2026-05-30T12:13:41,1367.4,,,1.7886,1.3151,0.4735,0.9425,0.0668,,0.878,,,16.703,,,
48370,48370,1,73878.0,2026-05-30T12:14:42,1363.5,,,1.7928,1.3182,0.4746,0.9417,0.0668,,0.879,,,16.695,,,
48409,48409,1,73938.0,2026-05-30T12:15:43,1353.5,,,1.7961,1.3203,0.4758,0.954,0.0668,,0.88,,,16.685,,,
48451,48451,1,74000.0,2026-05-30T12:16:44,1343.1,,,1.7984,1.3215,0.4769,0.9255,0.0667,,0.878,,,16.677,,,
48492,48492,1,74061.0,2026-05-30T12:17:46,1337.9,,,1.7968,1.3201,0.4767,0.937,0.0665,,0.875,,,16.676,,,
48506,48506,1,,2026-05-30T12:18:06,,,,1.7955,1.3192,0.4763,,,,0.876,,,,,,
48530,48530,1,74122.0,2026-05-30T12:18:46,1341.1,,,1.7937,1.3179,0.4758,0.9302,0.0665,,0.875,,,16.678,,,
48571,48571,1,74184.0,2026-05-30T12:19:49,1339.2,,,1.7892,1.315,0.4742,0.9448,0.0664,,0.875,,,16.673,,,
48611,48611,1,74245.0,2026-05-30T12:20:50,1337.1,,,1.7856,1.3127,0.4729,0.9387,0.0663,,0.877,,,16.668,,,
48652,48652,1,74306.0,2026-05-30T12:21:51,1336.1,,,1.7833,1.3112,0.4721,0.9214,0.0662,,0.879,,,16.661,,,
48695,48695,1,74368.0,2026-05-30T12:22:53,1335.6,,,1.7834,1.3114,0.472,0.9349,0.066,,0.878,,,16.656,,,
48736,48736,1,74429.0,2026-05-30T12:23:54,1331.0,,,1.7863,1.3137,0.4726,0.9449,0.0659,,0.878,,,16.658,,,
48774,48774,1,74490.0,2026-05-30T12:24:55,1332.0,,,1.7928,1.3183,0.4745,0.9522,0.0659,,0.877,,,16.653,,,
48817,48817,1,74552.0,2026-05-30T12:25:56,1330.9,,,1.7997,1.3231,0.4766,0.9422,0.0659,,0.875,,,16.649,,,
48860,48860,1,74613.0,2026-05-30T12:26:58,1329.3,,,1.8042,1.3262,0.478,0.9427,0.0659,,0.874,,,16.646,,,
48903,48903,1,74675.0,2026-05-30T12:27:59,1325.7,,,1.8056,1.3271,0.4785,0.9281,0.0659,,0.872,,,16.645,,,
48941,48941,1,74736.0,2026-05-30T12:29:00,1324.8,,,1.8105,1.3304,0.4801,0.9365,0.066,,0.871,,,16.64,,,
48982,48982,1,74797.0,2026-05-30T12:30:02,1325.2,,,1.815,1.3337,0.4813,0.9364,0.066,,0.872,,,16.637,,,
49023,49023,1,74859.0,2026-05-30T12:31:03,1325.5,,,1.819,1.3369,0.4821,0.9389,0.066,,0.873,,,16.631,,,
49064,49064,1,74920.0,2026-05-30T12:32:04,1322.7,,,1.8229,1.3399,0.483,0.9437,0.066,,0.875,,,16.629,,,
49105,49105,1,74981.0,2026-05-30T12:33:05,1321.2,,,1.8286,1.3438,0.4848,0.9195,0.0661,,0.875,,,16.623,,,
49130,49130,1,,2026-05-30T12:33:42,,,,1.8306,1.3451,0.4855,,,,0.875,,,,,,
49142,49142,1,75041.0,2026-05-30T12:34:06,1325.0,,,1.8322,1.3461,0.4861,0.9393,0.0663,,0.874,,,16.619,,,
49184,49184,1,75104.0,2026-05-30T12:35:08,1323.2,,,1.8363,1.349,0.4873,0.9371,0.0664,,0.873,,,16.613,,,
49227,49227,1,75166.0,2026-05-30T12:36:10,1321.4,,,1.8373,1.3495,0.4878,0.9196,0.0664,,0.873,,,16.611,,,
49268,49268,1,75227.0,2026-05-30T12:37:11,1318.8,,,1.8366,1.3487,0.4879,0.9277,0.0663,,0.875,,,16.612,,,
49310,49310,1,75287.0,2026-05-30T12:38:12,1314.8,,,1.835,1.3475,0.4875,0.9181,0.0662,,0.874,,,16.608,,,
49352,49352,1,75349.0,2026-05-30T12:39:13,1313.5,,,1.8323,1.3454,0.4869,0.9345,0.0662,,0.874,,,16.606,,,
49394,49394,1,75410.0,2026-05-30T12:40:14,1312.9,,,1.8306,1.3444,0.4862,0.9342,0.0663,,0.875,,,16.603,,,
49435,49435,1,75471.0,2026-05-30T12:41:15,1311.2,,,1.8264,1.3416,0.4848,0.9474,0.0663,,0.879,,,16.605,,,
49477,49477,1,75532.0,2026-05-30T12:42:16,1309.8,,,1.8262,1.3417,0.4845,0.933,0.0663,,0.878,,,16.601,,,
49517,49517,1,75592.0,2026-05-30T12:43:17,1307.1,,,1.8262,1.3415,0.4847,0.9531,0.0663,,0.878,,,16.597,,,
49558,49558,1,75653.0,2026-05-30T12:44:18,1305.2,,,1.8277,1.3426,0.4851,0.9302,0.0663,,0.876,,,16.591,,,
49601,49601,1,75716.0,2026-05-30T12:45:20,1306.2,,,1.8221,1.3389,0.4832,0.9481,0.0662,,0.875,,,16.592,,,
49642,49642,1,75777.0,2026-05-30T12:46:21,1304.2,,,1.8186,1.3365,0.4821,0.9291,0.066,,0.874,,,16.592,,,
49683,49683,1,75837.0,2026-05-30T12:47:21,1300.2,,,1.8126,1.3322,0.4804,0.9401,0.0659,,0.874,,,16.599,,,
49725,49725,1,75898.0,2026-05-30T12:48:22,1300.7,,,1.81,1.3299,0.4801,0.9315,0.0659,,0.874,,,16.596,,,
49764,49764,1,,2026-05-30T12:49:19,,,,1.8096,1.3293,0.4803,,,,0.872,,,,,,
49766,49766,1,75959.0,2026-05-30T12:49:23,1302.3,,,1.8096,1.3293,0.4803,0.9509,0.0659,,0.872,,,16.593,,,
49805,49805,1,76020.0,2026-05-30T12:50:25,1307.1,,,1.8153,1.3332,0.4821,0.9317,0.0659,,0.872,,,16.586,,,
49848,49848,1,76082.0,2026-05-30T12:51:26,1307.0,,,1.8246,1.3399,0.4847,0.9623,0.0659,,0.873,,,16.58,,,
49889,49889,1,76143.0,2026-05-30T12:52:27,1306.7,,,1.8322,1.3455,0.4867,0.9361,0.0658,,0.872,,,16.575,,,
49931,49931,1,76204.0,2026-05-30T12:53:28,1306.0,,,1.8352,1.3477,0.4875,0.9262,0.0657,,0.868,,,16.572,,,
49973,49973,1,76265.0,2026-05-30T12:54:29,1304.0,,,1.8349,1.3476,0.4873,0.9245,0.0656,,0.866,,,16.571,,,
50014,50014,1,76326.0,2026-05-30T12:55:31,1303.8,,,1.8323,1.346,0.4863,0.9414,0.0655,,0.869,,,16.572,,,
50055,50055,1,76387.0,2026-05-30T12:56:31,1302.8,,,1.8289,1.3443,0.4846,0.9516,0.0654,,0.868,,,16.574,,,
50096,50096,1,76449.0,2026-05-30T12:57:33,1302.4,,,1.8266,1.3429,0.4837,0.9437,0.0654,,0.871,,,16.575,,,
50138,50138,1,76509.0,2026-05-30T12:58:34,1303.3,,,1.8277,1.3439,0.4838,0.9284,0.0653,,0.872,,,16.572,,,
50179,50179,1,76571.0,2026-05-30T12:59:36,1304.5,,,1.8334,1.3483,0.4851,0.9323,0.0654,,0.872,,,16.563,,,
50217,50217,1,76632.0,2026-05-30T13:00:37,1309.5,,,1.8381,1.3522,0.4859,0.9494,0.0654,,0.873,,,16.553,,,
50255,50255,1,76693.0,2026-05-30T13:01:38,1317.4,,,1.8388,1.3531,0.4857,0.9488,0.0654,,0.875,,,16.55,,,
50295,50295,1,76754.0,2026-05-30T13:02:39,1317.5,,,1.8372,1.352,0.4852,0.9191,0.0654,,0.876,,,16.543,,,
50336,50336,1,76817.0,2026-05-30T13:03:41,1322.4,,,1.8311,1.3476,0.4835,0.9449,0.0654,,0.876,,,16.543,,,
50375,50375,1,76877.0,2026-05-30T13:04:42,1326.2,,,1.8248,1.343,0.4818,0.9422,0.0653,,0.877,,,16.546,,,
50385,50385,1,,2026-05-30T13:04:56,,,,1.8231,1.3417,0.4814,,,,0.877,,,,,,
50413,50413,1,76938.0,2026-05-30T13:05:43,1331.1,,,1.8222,1.341,0.4812,0.9441,0.0653,,0.877,,,16.546,,,
50453,50453,1,77000.0,2026-05-30T13:06:44,1335.8,,,1.8242,1.3425,0.4817,0.9419,0.0653,,0.88,,,16.541,,,
50491,50491,1,77061.0,2026-05-30T13:07:46,1345.5,,,1.8286,1.3458,0.4828,0.9413,0.0653,,0.881,,,16.536,,,
50531,50531,1,77122.0,2026-05-30T13:08:47,1351.5,,,1.8307,1.3472,0.4835,0.9369,0.0652,,0.882,,,16.529,,,
50570,50570,1,77183.0,2026-05-30T13:09:48,1356.8,,,1.8328,1.3482,0.4846,0.9325,0.0652,,0.884,,,16.526,,,
50609,50609,1,77244.0,2026-05-30T13:10:49,1363.2,,,1.8317,1.3472,0.4845,0.933,0.065,,0.881,,,16.525,,,
50649,50649,1,77306.0,2026-05-30T13:11:50,1367.5,,,1.8305,1.3463,0.4842,0.9362,0.0649,,0.88,,,16.525,,,
50690,50690,1,77366.0,2026-05-30T13:12:51,1364.5,,,1.8263,1.3436,0.4827,0.9365,0.0647,,0.879,,,16.532,,,
50732,50732,1,77428.0,2026-05-30T13:13:52,1357.4,,,1.8231,1.3412,0.4819,0.9424,0.0646,,0.877,,,16.54,,,
50773,50773,1,77489.0,2026-05-30T13:14:53,1348.3,,,1.8207,1.3393,0.4814,0.9284,0.0645,,0.876,,,16.547,,,
50815,50815,1,77550.0,2026-05-30T13:15:55,1344.1,,,1.8186,1.3379,0.4807,0.9381,0.0644,,0.875,,,16.551,,,
50856,50856,1,77611.0,2026-05-30T13:16:56,1338.5,,,1.817,1.3372,0.4798,0.9345,0.0643,,0.875,,,16.553,,,
50899,50899,1,77672.0,2026-05-30T13:17:57,1333.6,,,1.8149,1.3362,0.4787,0.9226,0.0644,,0.879,,,16.551,,,
50942,50942,1,77734.0,2026-05-30T13:18:59,1329.7,,,1.8103,1.3335,0.4768,0.9301,0.0644,,0.878,,,16.55,,,
50984,50984,1,77795.0,2026-05-30T13:19:59,1321.6,,,1.8045,1.3296,0.4749,0.9308,0.0642,,0.88,,,16.554,,,
51006,51006,1,,2026-05-30T13:20:31,,,,1.8009,1.327,0.4739,,,,0.881,,,,,,
51023,51023,1,77856.0,2026-05-30T13:21:01,1315.9,,,1.7996,1.326,0.4736,0.936,0.0642,,0.882,,,16.558,,,
51064,51064,1,77917.0,2026-05-30T13:22:02,1311.1,,,1.7997,1.3261,0.4736,0.9109,0.0642,,0.879,,,16.558,,,
51105,51105,1,77978.0,2026-05-30T13:23:03,1303.2,,,1.8016,1.3277,0.4739,0.9309,0.0643,,0.879,,,16.558,,,
51147,51147,1,78040.0,2026-05-30T13:24:04,1295.2,,,1.8014,1.3278,0.4736,0.923,0.0643,,0.879,,,16.558,,,
51189,51189,1,78101.0,2026-05-30T13:25:06,1295.5,,,1.801,1.3273,0.4737,0.9429,0.0643,,0.883,,,16.557,,,
51230,51230,1,78163.0,2026-05-30T13:26:07,1294.8,,,1.8009,1.3274,0.4735,0.9393,0.0643,,0.886,,,16.553,,,
51272,51272,1,78224.0,2026-05-30T13:27:08,1293.8,,,1.8023,1.3287,0.4736,0.9385,0.0642,,0.886,,,16.547,,,
51314,51314,1,78284.0,2026-05-30T13:28:09,1292.0,,,1.8031,1.3295,0.4736,0.9439,0.0642,,0.887,,,16.543,,,
51357,51357,1,78347.0,2026-05-30T13:29:11,1290.7,,,1.8034,1.3296,0.4738,0.9434,0.0641,,0.887,,,16.54,,,
51398,51398,1,78408.0,2026-05-30T13:30:12,1290.9,,,1.8034,1.3295,0.4739,0.9453,0.0641,,0.887,,,16.538,,,
51440,51440,1,78469.0,2026-05-30T13:31:14,1289.9,,,1.8011,1.3278,0.4733,0.9334,0.0639,,0.886,,,16.541,,,
51482,51482,1,78530.0,2026-05-30T13:32:15,1289.8,,,1.798,1.3254,0.4726,0.9318,0.0639,,0.885,,,16.547,,,
51524,51524,1,78592.0,2026-05-30T13:33:16,1285.6,,,1.794,1.3223,0.4717,0.9274,0.0639,,0.883,,,16.548,,,
51566,51566,1,78653.0,2026-05-30T13:34:18,1282.2,,,1.7913,1.3201,0.4712,0.9296,0.0638,,0.884,,,16.55,,,
51607,51607,1,78714.0,2026-05-30T13:35:19,1281.8,,,1.792,1.3201,0.4719,0.9345,0.0638,,0.882,,,16.549,,,
51640,51640,1,,2026-05-30T13:36:08,,,,1.7954,1.3223,0.4731,,,,0.882,,,,,,
51647,51647,1,78775.0,2026-05-30T13:36:20,1285.0,,,1.7963,1.3229,0.4734,0.9304,0.0638,,0.882,,,16.541,,,
51687,51687,1,78837.0,2026-05-30T13:37:22,1286.5,,,1.7996,1.3251,0.4745,0.9314,0.0638,,0.881,,,16.538,,,
51729,51729,1,78899.0,2026-05-30T13:38:23,1285.6,,,1.8021,1.3267,0.4754,0.9529,0.0639,,0.88,,,16.536,,,
51771,51771,1,78960.0,2026-05-30T13:39:25,1286.7,,,1.8042,1.3281,0.4761,0.9398,0.0639,,0.879,,,16.535,,,
51813,51813,1,79022.0,2026-05-30T13:40:26,1286.4,,,1.8062,1.3295,0.4767,0.9412,0.0638,,0.879,,,16.536,,,
51855,51855,1,79083.0,2026-05-30T13:41:28,1286.4,,,1.8071,1.3303,0.4768,0.9482,0.0638,,0.879,,,16.537,,,
51897,51897,1,79145.0,2026-05-30T13:42:29,1286.8,,,1.8088,1.3315,0.4773,0.9446,0.0637,,0.88,,,16.54,,,
51940,51940,1,79206.0,2026-05-30T13:43:30,1285.3,,,1.81,1.3323,0.4777,0.9393,0.0637,,0.88,,,16.54,,,
51982,51982,1,79267.0,2026-05-30T13:44:32,1286.1,,,1.8123,1.334,0.4783,0.9523,0.0636,,0.881,,,16.539,,,
52023,52023,1,79328.0,2026-05-30T13:45:32,1286.7,,,1.8152,1.3363,0.4789,0.9454,0.0636,,0.881,,,16.539,,,
52065,52065,1,79389.0,2026-05-30T13:46:34,1286.6,,,1.8145,1.3359,0.4786,0.9363,0.0635,,0.879,,,16.542,,,
52106,52106,1,79450.0,2026-05-30T13:47:35,1286.6,,,1.8092,1.333,0.4762,0.9188,0.0634,,0.878,,,16.543,,,
52149,52149,1,79511.0,2026-05-30T13:48:36,1285.6,,,1.8035,1.3294,0.4741,0.944,0.0632,,0.877,,,16.55,,,
52191,52191,1,79572.0,2026-05-30T13:49:37,1280.0,,,1.798,1.326,0.472,0.9398,0.0631,,0.878,,,16.554,,,
52232,52232,1,79633.0,2026-05-30T13:50:38,1281.5,,,1.7921,1.3219,0.4702,0.9252,0.063,,0.877,,,16.56,,,
52273,52273,1,79694.0,2026-05-30T13:51:39,1281.3,,,1.7826,1.3155,0.4671,0.931,0.0629,,0.877,,,16.57,,,
52275,52275,1,,2026-05-30T13:51:41,,,,1.7822,1.3153,0.4669,,,,0.878,,,,,,
52310,52310,1,79756.0,2026-05-30T13:52:40,1286.9,,,1.7768,1.3117,0.4651,0.9341,0.0628,,0.88,,,16.574,,,
52352,52352,1,79817.0,2026-05-30T13:53:41,1284.8,,,1.7757,1.311,0.4647,0.9318,0.0628,,0.881,,,16.577,,,
52394,52394,1,79877.0,2026-05-30T13:54:42,1283.4,,,1.7762,1.3115,0.4647,0.9289,0.0627,,0.878,,,16.575,,,
52437,52437,1,79939.0,2026-05-30T13:55:44,1283.5,,,1.7789,1.313,0.4659,0.9516,0.0627,,0.881,,,16.574,,,
52479,52479,1,80001.0,2026-05-30T13:56:45,1282.0,,,1.78,1.3136,0.4664,0.9369,0.0626,,0.88,,,16.57,,,
52521,52521,1,80061.0,2026-05-30T13:57:46,1281.3,,,1.7841,1.3162,0.4679,0.9232,0.0627,,0.882,,,16.566,,,
52561,52561,1,80122.0,2026-05-30T13:58:47,1282.2,,,1.7881,1.3189,0.4692,0.9318,0.0627,,0.882,,,16.561,,,
52602,52602,1,80183.0,2026-05-30T13:59:48,1284.3,,,1.7936,1.3225,0.4711,0.9131,0.0627,,0.883,,,16.555,,,
52643,52643,1,80244.0,2026-05-30T14:00:49,1291.0,,,1.7931,1.3218,0.4713,0.9459,0.0627,,0.886,,,16.553,,,
52681,52681,1,80306.0,2026-05-30T14:01:50,1298.8,,,1.7934,1.322,0.4714,0.9488,0.0627,,0.887,,,16.55,,,
52721,52721,1,80367.0,2026-05-30T14:02:51,1301.9,,,1.7961,1.324,0.4721,0.9411,0.0626,,0.886,,,16.543,,,
52760,52760,1,80429.0,2026-05-30T14:03:53,1307.8,,,1.8034,1.3292,0.4742,0.9477,0.0625,,0.888,,,16.53,,,
52798,52798,1,80490.0,2026-05-30T14:04:54,1311.0,,,1.8092,1.3331,0.4761,0.9333,0.0624,,0.887,,,16.522,,,
52840,52840,1,80551.0,2026-05-30T14:05:56,1312.9,,,1.8088,1.333,0.4758,0.95,0.0624,,0.887,,,16.52,,,
52882,52882,1,80612.0,2026-05-30T14:06:57,1312.9,,,1.8053,1.3304,0.4749,0.9527,0.0623,,0.889,,,16.526,,,
52894,52894,1,,2026-05-30T14:07:14,,,,1.8029,1.3288,0.4741,,,,0.888,,,,,,
52920,52920,1,80674.0,2026-05-30T14:07:58,1319.3,,,1.801,1.3277,0.4733,0.9474,0.0622,,0.889,,,16.531,,,
52962,52962,1,80735.0,2026-05-30T14:08:59,1319.6,,,1.8015,1.3285,0.473,0.9368,0.0622,,0.886,,,16.526,,,
53005,53005,1,80797.0,2026-05-30T14:10:01,1316.7,,,1.8019,1.3295,0.4724,0.9438,0.0621,,0.887,,,16.527,,,
53046,53046,1,80858.0,2026-05-30T14:11:02,1315.4,,,1.7988,1.3278,0.471,0.9336,0.062,,0.891,,,16.529,,,
53088,53088,1,80919.0,2026-05-30T14:12:03,1312.1,,,1.7937,1.3247,0.469,0.9282,0.0619,,0.891,,,16.531,,,
53130,53130,1,80979.0,2026-05-30T14:13:04,1309.4,,,1.7911,1.3229,0.4682,0.9349,0.0618,,0.893,,,16.533,,,
53171,53171,1,81041.0,2026-05-30T14:14:05,1301.9,,,1.7939,1.3247,0.4692,0.9411,0.0618,,0.892,,,16.533,,,
53213,53213,1,81102.0,2026-05-30T14:15:06,1297.5,,,1.7944,1.3248,0.4696,0.9369,0.0617,,0.894,,,16.54,,,
53254,53254,1,81163.0,2026-05-30T14:16:07,1290.4,,,1.7923,1.3232,0.4691,0.9381,0.0617,,0.893,,,16.546,,,
53296,53296,1,81223.0,2026-05-30T14:17:08,1281.0,,,1.7913,1.3226,0.4687,0.946,0.0617,,0.893,,,16.548,,,
53339,53339,1,81285.0,2026-05-30T14:18:09,1273.9,,,1.7945,1.3249,0.4696,0.9453,0.0618,,0.895,,,16.547,,,
53382,53382,1,81347.0,2026-05-30T14:19:11,1273.7,,,1.7968,1.3266,0.4702,0.9415,0.0618,,0.895,,,16.54,,,
53424,53424,1,81408.0,2026-05-30T14:20:13,1267.3,,,1.7977,1.3272,0.4705,0.936,0.0618,,0.893,,,16.536,,,
53466,53466,1,81470.0,2026-05-30T14:21:14,1268.5,,,1.7953,1.3256,0.4697,0.9422,0.0618,,0.894,,,16.539,,,
53509,53509,1,81531.0,2026-05-30T14:22:15,1268.8,,,1.7939,1.3246,0.4693,0.9424,0.0618,,0.894,,,16.539,,,
53533,53533,1,,2026-05-30T14:22:52,,,,1.7928,1.324,0.4688,,,,0.894,,,,,,
53546,53546,1,81592.0,2026-05-30T14:23:16,1272.9,,,1.7937,1.3247,0.469,0.9482,0.0618,,0.894,,,16.538,,,
53588,53588,1,81653.0,2026-05-30T14:24:18,1273.1,,,1.7973,1.3275,0.4698,0.9465,0.0618,,0.892,,,16.538,,,
53629,53629,1,81714.0,2026-05-30T14:25:18,1272.6,,,1.8008,1.3305,0.4703,0.9381,0.0619,,0.891,,,16.539,,,
53671,53671,1,81775.0,2026-05-30T14:26:20,1271.9,,,1.8017,1.3318,0.4699,0.941,0.0619,,0.894,,,16.54,,,
53714,53714,1,81837.0,2026-05-30T14:27:22,1272.7,,,1.7995,1.3311,0.4684,0.9524,0.0618,,0.895,,,16.547,,,
53755,53755,1,81899.0,2026-05-30T14:28:24,1272.6,,,1.8007,1.3325,0.4682,0.9433,0.0618,,0.893,,,16.548,,,
53796,53796,1,81960.0,2026-05-30T14:29:24,1272.6,,,1.8039,1.335,0.4689,0.9337,0.0617,,0.895,,,16.552,,,
53838,53838,1,82020.0,2026-05-30T14:30:25,1272.7,,,1.8055,1.3363,0.4692,0.9403,0.0617,,0.893,,,16.552,,,
53881,53881,1,82083.0,2026-05-30T14:31:27,1275.6,,,1.8071,1.3378,0.4693,0.9387,0.0616,,0.891,,,16.557,,,
53921,53921,1,82144.0,2026-05-30T14:32:29,1276.7,,,1.8097,1.3401,0.4696,0.9458,0.0616,,0.892,,,16.555,,,
53964,53964,1,82205.0,2026-05-30T14:33:30,1275.9,,,1.8149,1.3441,0.4708,0.9257,0.0616,,0.89,,,16.552,,,
54005,54005,1,82266.0,2026-05-30T14:34:31,1276.7,,,1.8195,1.3474,0.4721,0.9342,0.0616,,0.887,,,16.548,,,
54047,54047,1,82327.0,2026-05-30T14:35:32,1276.6,,,1.8249,1.351,0.4739,0.9455,0.0617,,0.884,,,16.545,,,
54089,54089,1,82389.0,2026-05-30T14:36:34,1273.1,,,1.827,1.3524,0.4746,0.9386,0.0618,,0.884,,,16.541,,,
54130,54130,1,82451.0,2026-05-30T14:37:35,1274.2,,,1.8274,1.3527,0.4747,0.9462,0.0618,,0.884,,,16.539,,,
54165,54165,1,,2026-05-30T14:38:26,,,,1.8256,1.3513,0.4743,,,,0.883,,,,,,
54170,54170,1,82512.0,2026-05-30T14:38:37,1279.0,,,1.8254,1.3511,0.4743,0.9497,0.0617,,0.883,,,16.537,,,
54209,54209,1,82573.0,2026-05-30T14:39:38,1278.8,,,1.8295,1.3538,0.4757,0.948,0.0617,,0.88,,,16.53,,,
54251,54251,1,82635.0,2026-05-30T14:40:39,1278.1,,,1.8343,1.3568,0.4775,0.9458,0.0618,,0.879,,,16.52,,,
54292,54292,1,82696.0,2026-05-30T14:41:41,1277.6,,,1.8378,1.3592,0.4786,0.9445,0.0617,,0.881,,,16.511,,,
54333,54333,1,82757.0,2026-05-30T14:42:42,1278.8,,,1.8392,1.3601,0.4791,0.9334,0.0617,,0.881,,,16.508,,,
54375,54375,1,82819.0,2026-05-30T14:43:44,1276.8,,,1.8363,1.3579,0.4784,0.9288,0.0617,,0.882,,,16.508,,,
54417,54417,1,82881.0,2026-05-30T14:44:45,1275.3,,,1.834,1.3559,0.4781,0.928,0.0617,,0.881,,,16.507,,,
54458,54458,1,82943.0,2026-05-30T14:45:47,1276.2,,,1.8299,1.3528,0.4771,0.9369,0.0616,,0.884,,,16.511,,,
54499,54499,1,83004.0,2026-05-30T14:46:49,1276.6,,,1.8262,1.3503,0.4759,0.9379,0.0615,,0.889,,,16.512,,,
54541,54541,1,83065.0,2026-05-30T14:47:50,1275.9,,,1.8204,1.3464,0.474,0.9354,0.0614,,0.892,,,16.515,,,
54583,54583,1,83127.0,2026-05-30T14:48:51,1274.3,,,1.8158,1.3434,0.4724,0.9446,0.0611,,0.891,,,16.521,,,
54625,54625,1,83188.0,2026-05-30T14:49:53,1273.5,,,1.8167,1.3441,0.4726,0.9369,0.0611,,0.89,,,16.521,,,
54668,54668,1,83250.0,2026-05-30T14:50:55,1272.4,,,1.8213,1.347,0.4743,0.9314,0.0611,,0.892,,,16.524,,,
54708,54708,1,83311.0,2026-05-30T14:51:56,1267.5,,,1.825,1.3496,0.4754,0.9269,0.0611,,0.892,,,16.523,,,
54749,54749,1,83372.0,2026-05-30T14:52:57,1268.3,,,1.8248,1.3492,0.4756,0.9516,0.0611,,0.891,,,16.524,,,
54791,54791,1,83433.0,2026-05-30T14:53:58,1270.7,,,1.8252,1.3496,0.4756,0.9296,0.0611,,0.892,,,16.527,,,
54795,54795,1,,2026-05-30T14:54:03,,,,1.825,1.3495,0.4755,,,,0.892,,,,,,
54827,54827,1,83494.0,2026-05-30T14:54:59,1277.2,,,1.826,1.3504,0.4756,0.9494,0.0611,,0.892,,,16.53,,,
54869,54869,1,83555.0,2026-05-30T14:56:00,1277.6,,,1.831,1.3543,0.4767,0.9306,0.0612,,0.893,,,16.527,,,
54910,54910,1,83616.0,2026-05-30T14:57:01,1276.6,,,1.8372,1.3592,0.478,0.9353,0.0611,,0.893,,,16.527,,,
54951,54951,1,83678.0,2026-05-30T14:58:03,1277.6,,,1.841,1.3623,0.4787,0.9306,0.0611,,0.893,,,16.528,,,
54994,54994,1,83739.0,2026-05-30T14:59:04,1277.5,,,1.8451,1.3651,0.48,0.9378,0.0611,,0.889,,,16.531,,,
55035,55035,1,83800.0,2026-05-30T15:00:05,1276.7,,,1.8473,1.3667,0.4806,0.932,0.0611,,0.891,,,16.531,,,
55073,55073,1,83861.0,2026-05-30T15:01:06,1281.2,,,1.8522,1.37,0.4822,0.9268,0.0612,,0.891,,,16.53,,,
55114,55114,1,83923.0,2026-05-30T15:02:07,1289.4,,,1.8519,1.37,0.4819,0.9334,0.0612,,0.892,,,16.531,,,
55154,55154,1,83984.0,2026-05-30T15:03:09,1292.8,,,1.8501,1.3686,0.4815,0.9434,0.0612,,0.894,,,16.533,,,
55194,55194,1,84045.0,2026-05-30T15:04:09,1299.8,,,1.8467,1.3666,0.4801,0.9366,0.061,,0.893,,,16.533,,,
55232,55232,1,84106.0,2026-05-30T15:05:11,1307.7,,,1.8467,1.3669,0.4798,0.9462,0.061,,0.895,,,16.534,,,
55271,55271,1,84167.0,2026-05-30T15:06:12,1315.3,,,1.846,1.3672,0.4788,0.9423,0.0609,,0.895,,,16.538,,,
55313,55313,1,84230.0,2026-05-30T15:07:14,1309.9,,,1.846,1.3675,0.4785,0.9465,0.0608,,0.896,,,16.538,,,
55355,55355,1,84291.0,2026-05-30T15:08:16,1307.0,,,1.8409,1.3642,0.4767,0.9519,0.0607,,0.897,,,16.539,,,
55394,55394,1,84352.0,2026-05-30T15:09:17,1307.4,,,1.8363,1.3613,0.475,0.9384,0.0607,,0.895,,,16.539,,,
55409,55409,1,,2026-05-30T15:10:15,,,,,,,,,,,,,,,,
55410,55410,1,84416.0,2026-05-30T15:10:20,1057.2,,,1.8802,1.3983,0.4819,0.9396,0.0609,,0.783,,,16.468,,,
55447,55447,1,84476.0,2026-05-30T15:11:21,1353.3,,,1.9504,1.434,0.5164,0.9342,0.0627,,0.868,,,16.508,,,
55488,55488,1,84537.0,2026-05-30T15:12:22,1308.9,,,2.0201,1.473,0.5471,0.9264,0.0639,,0.872,,,16.523,,,
55530,55530,1,84599.0,2026-05-30T15:13:23,1293.3,,,2.0918,1.5142,0.5776,0.9208,0.0654,,0.865,,,16.527,,,
55572,55572,1,84660.0,2026-05-30T15:14:24,1287.6,,,2.1602,1.5535,0.6067,0.9323,0.0668,,0.855,,,16.535,,,
55611,55611,1,84721.0,2026-05-30T15:15:26,1289.8,,,2.2043,1.5788,0.6255,0.9362,0.0675,,0.851,,,16.542,,,
55652,55652,1,84782.0,2026-05-30T15:16:27,1287.1,,,2.2368,1.5976,0.6392,0.9409,0.0678,,0.853,,,16.539,,,
55693,55693,1,84844.0,2026-05-30T15:17:28,1285.8,,,2.2642,1.6142,0.65,0.929,0.068,,0.849,,,16.534,,,
55733,55733,1,84905.0,2026-05-30T15:18:29,1285.7,,,2.2811,1.6246,0.6565,0.9533,0.0682,,0.851,,,16.533,,,
55775,55775,1,84966.0,2026-05-30T15:19:31,1284.8,,,2.2945,1.6332,0.6613,0.9376,0.0682,,0.854,,,16.531,,,
55817,55817,1,85028.0,2026-05-30T15:20:33,1283.8,,,2.3028,1.6387,0.6641,0.9385,0.0681,,0.857,,,16.531,,,
55856,55856,1,85089.0,2026-05-30T15:21:33,1283.2,,,2.3075,1.6417,0.6658,0.9271,0.068,,0.856,,,16.535,,,
55896,55896,1,85149.0,2026-05-30T15:22:34,1284.6,,,2.313,1.6452,0.6678,0.9388,0.0679,,0.859,,,16.535,,,
55937,55937,1,85211.0,2026-05-30T15:23:36,1279.1,,,2.3303,1.6557,0.6746,0.9149,0.068,,0.86,,,16.539,,,
55977,55977,1,85273.0,2026-05-30T15:24:38,1280.6,,,2.3581,1.6726,0.6855,0.9326,0.0682,,0.859,,,16.541,,,
56003,56003,1,,2026-05-30T15:25:16,,,,2.3709,1.6804,0.6905,,,,0.859,,,,,,
56015,56015,1,85334.0,2026-05-30T15:25:39,1286.7,,,2.3759,1.6836,0.6923,0.9194,0.0681,,0.858,,,16.544,,,
56052,56052,1,85395.0,2026-05-30T15:26:40,1289.0,,,2.3841,1.6894,0.6947,0.9378,0.0677,,0.862,,,16.544,,,
56094,56094,1,85456.0,2026-05-30T15:27:41,1287.7,,,2.3843,1.6906,0.6937,0.9563,0.0672,,0.868,,,16.542,,,
56133,56133,1,85517.0,2026-05-30T15:28:42,1288.6,,,2.3838,1.6914,0.6924,0.9369,0.0668,,0.872,,,16.541,,,
56173,56173,1,85579.0,2026-05-30T15:29:44,1291.8,,,2.3788,1.689,0.6898,0.9516,0.0663,,0.875,,,16.545,,,
56211,56211,1,85640.0,2026-05-30T15:30:45,1296.8,,,2.3701,1.684,0.6861,0.9342,0.0658,,0.879,,,16.554,,,
56250,56250,1,85701.0,2026-05-30T15:31:46,1300.2,,,2.3648,1.681,0.6838,0.9301,0.0653,,0.882,,,16.561,,,
56289,56289,1,85762.0,2026-05-30T15:32:47,1304.9,,,2.3625,1.6804,0.6821,0.9266,0.0648,,0.884,,,16.566,,,
56327,56327,1,85823.0,2026-05-30T15:33:48,1310.9,,,2.3621,1.6809,0.6812,0.9486,0.0645,,0.886,,,16.568,,,
56369,56369,1,85886.0,2026-05-30T15:34:50,1311.0,,,2.3659,1.685,0.6809,0.9239,0.0641,,0.892,,,16.566,,,
56410,56410,1,85947.0,2026-05-30T15:35:52,1308.1,,,2.3687,1.6889,0.6798,0.9372,0.0638,,0.893,,,16.563,,,
56451,56451,1,86009.0,2026-05-30T15:36:53,1309.4,,,2.3686,1.6911,0.6775,0.9305,0.0635,,0.896,,,16.563,,,
56493,56493,1,86071.0,2026-05-30T15:37:55,1309.4,,,2.3684,1.693,0.6754,0.941,0.0631,,0.9,,,16.565,,,
56534,56534,1,86132.0,2026-05-30T15:38:57,1302.7,,,2.365,1.6929,0.6721,0.9405,0.0628,,0.904,,,16.569,,,
56574,56574,1,86193.0,2026-05-30T15:39:58,1302.2,,,2.3638,1.6941,0.6697,0.9403,0.0626,,0.905,,,16.573,,,
56613,56613,1,,2026-05-30T15:40:54,,,,2.3635,1.696,0.6675,,,,0.907,,,,,,
56615,56615,1,86254.0,2026-05-30T15:40:59,1304.5,,,2.3635,1.6961,0.6674,0.9267,0.0623,,0.907,,,16.579,,,
56651,56651,1,86315.0,2026-05-30T15:41:59,1307.4,,,2.3653,1.6992,0.6661,0.9419,0.0621,,0.909,,,16.581,,,
56692,56692,1,86377.0,2026-05-30T15:43:02,1306.4,,,2.3725,1.7065,0.666,0.9387,0.062,,0.911,,,16.578,,,
56732,56732,1,86438.0,2026-05-30T15:44:02,1300.2,,,2.3817,1.7153,0.6664,0.9366,0.0619,,0.914,,,16.573,,,
56769,56769,1,86499.0,2026-05-30T15:45:03,1307.6,,,2.3875,1.7219,0.6656,0.9244,0.0617,,0.915,,,16.567,,,
56808,56808,1,86560.0,2026-05-30T15:46:05,1304.8,,,2.3912,1.7268,0.6644,0.9307,0.0615,,0.914,,,16.565,,,
56850,56850,1,86623.0,2026-05-30T15:47:07,1301.4,,,2.3943,1.7313,0.663,0.9477,0.0613,,0.917,,,16.567,,,
56891,56891,1,86684.0,2026-05-30T15:48:09,1301.2,,,2.3937,1.7328,0.6609,0.9415,0.0611,,0.915,,,16.573,,,
56931,56931,1,86745.0,2026-05-30T15:49:10,1301.9,,,2.3964,1.7361,0.6603,0.9441,0.0609,,0.915,,,16.579,,,
56972,56972,1,86807.0,2026-05-30T15:50:11,1301.4,,,2.4009,1.7406,0.6603,0.9293,0.0607,,0.916,,,16.586,,,
57015,57015,1,86869.0,2026-05-30T15:51:13,1300.7,,,2.408,1.7468,0.6612,0.9463,0.0605,,0.916,,,16.588,,,
57056,57056,1,86930.0,2026-05-30T15:52:14,1301.1,,,2.4192,1.7558,0.6634,0.9365,0.0603,,0.919,,,16.585,,,
57098,57098,1,86992.0,2026-05-30T15:53:16,1302.0,,,2.4303,1.7649,0.6654,0.9531,0.0602,,0.92,,,16.582,,,
57135,57135,1,87053.0,2026-05-30T15:54:17,1306.8,,,2.4405,1.7734,0.6671,0.9382,0.06,,0.92,,,16.577,,,
57175,57175,1,87114.0,2026-05-30T15:55:19,1307.4,,,2.4497,1.7817,0.668,0.9474,0.0599,,0.922,,,16.573,,,
57214,57214,1,87175.0,2026-05-30T15:56:20,1312.2,,,2.455,1.7872,0.6678,0.9457,0.0598,,0.926,,,16.572,,,
57223,57223,1,,2026-05-30T15:56:32,,,,2.4558,1.7882,0.6676,,,,0.927,,,,,,
57248,57248,1,87236.0,2026-05-30T15:57:21,1318.8,,,2.4599,1.7922,0.6677,0.9415,0.0596,,0.926,,,16.574,,,
57259,57259,2,87358.0,2026-05-30T16:03:18,,,,,,,0.9009,0.0,,,,,,,,
57282,57282,1,87297.0,2026-05-30T15:58:22,1311.8,,,2.4677,1.7988,0.6689,0.9343,0.0596,,0.927,,,16.573,,,
57301,57301,2,87419.0,2026-05-30T16:04:19,1427.7,,,2.5915,1.8956,0.6959,0.929,0.0593,,0.914,,,16.494,,,
57322,57322,1,87358.0,2026-05-30T15:59:23,1310.3,,,2.4763,1.8062,0.6701,0.9309,0.0595,,0.928,,,16.573,,,
57344,57344,2,87479.0,2026-05-30T16:05:19,1402.3,,,2.5936,1.8947,0.6989,0.9315,0.0595,,0.937,,,16.499,,,
57386,57386,2,87541.0,2026-05-30T16:06:20,1417.8,,,2.5732,1.8803,0.6929,0.9589,0.0593,,0.941,,,16.515,,,
57428,57428,2,87602.0,2026-05-30T16:07:21,1423.4,,,2.5464,1.8614,0.685,0.9305,0.0593,,0.934,,,16.534,,,
57470,57470,2,87662.0,2026-05-30T16:08:22,1425.7,,,2.5298,1.8499,0.6799,0.9319,0.0591,,0.931,,,16.548,,,
57512,57512,2,87723.0,2026-05-30T16:09:23,1427.7,,,2.522,1.845,0.677,0.9472,0.0588,,0.928,,,16.553,,,
57554,57554,2,87784.0,2026-05-30T16:10:24,1429.7,,,2.5133,1.8398,0.6735,0.9389,0.0587,,0.926,,,16.559,,,
57596,57596,2,87845.0,2026-05-30T16:11:25,1430.8,,,2.5021,1.8324,0.6697,0.9388,0.0587,,0.923,,,16.563,,,
57638,57638,2,87906.0,2026-05-30T16:12:26,1430.5,,,2.4941,1.8267,0.6674,0.9292,0.0586,,0.923,,,16.568,,,
57680,57680,2,87967.0,2026-05-30T16:13:27,1430.9,,,2.49,1.824,0.666,0.9409,0.0586,,0.927,,,16.567,,,
57722,57722,2,88027.0,2026-05-30T16:14:27,1431.4,,,2.4849,1.8206,0.6643,0.9521,0.0585,,0.93,,,16.572,,,
57764,57764,2,88088.0,2026-05-30T16:15:28,1431.6,,,2.4773,1.8152,0.6621,0.9517,0.0584,,0.929,,,16.578,,,
57806,57806,2,88149.0,2026-05-30T16:16:29,1431.7,,,2.4671,1.8078,0.6593,0.9392,0.0583,,0.931,,,16.586,,,
57848,57848,2,88210.0,2026-05-30T16:17:30,1436.6,,,2.4575,1.8012,0.6563,0.9318,0.0581,,0.93,,,16.594,,,
57877,57877,2,,2026-05-30T16:18:12,,,,2.4496,1.7957,0.6539,,,,0.928,,,,,,
57888,57888,2,88271.0,2026-05-30T16:18:31,1441.6,,,2.4487,1.795,0.6537,0.9483,0.058,,0.926,,,16.601,,,
57929,57929,2,88332.0,2026-05-30T16:19:31,1443.7,,,2.4463,1.7932,0.6531,0.942,0.0578,,0.927,,,16.599,,,
57971,57971,2,88392.0,2026-05-30T16:20:32,1442.9,,,2.4452,1.7924,0.6528,0.9452,0.0577,,0.929,,,16.6,,,
58013,58013,2,88453.0,2026-05-30T16:21:32,1441.8,,,2.4442,1.7918,0.6524,0.9426,0.0576,,0.931,,,16.602,,,
58055,58055,2,88513.0,2026-05-30T16:22:33,1441.1,,,2.4451,1.7922,0.6529,0.9305,0.0575,,0.934,,,16.605,,,
58097,58097,2,88574.0,2026-05-30T16:23:34,1440.6,,,2.4488,1.7943,0.6545,0.941,0.0573,,0.935,,,16.61,,,
58139,58139,2,88634.0,2026-05-30T16:24:34,1440.2,,,2.4553,1.7988,0.6565,0.942,0.0572,,0.937,,,16.607,,,
58181,58181,2,88695.0,2026-05-30T16:25:35,1440.2,,,2.459,1.8013,0.6577,0.9344,0.0572,,0.937,,,16.611,,,
58224,58224,2,88757.0,2026-05-30T16:26:36,1438.6,,,2.4623,1.8036,0.6587,0.9332,0.057,,0.936,,,16.614,,,
58266,58266,2,88817.0,2026-05-30T16:27:37,1437.5,,,2.4664,1.8067,0.6597,0.9428,0.0569,,0.937,,,16.614,,,
58308,58308,2,88877.0,2026-05-30T16:28:37,1435.9,,,2.4709,1.8102,0.6607,0.9251,0.0569,,0.937,,,16.613,,,
58350,58350,2,88938.0,2026-05-30T16:29:37,1435.5,,,2.473,1.8118,0.6612,0.9484,0.0568,,0.938,,,16.613,,,
58392,58392,2,88998.0,2026-05-30T16:30:38,1433.3,,,2.4742,1.8125,0.6617,0.9629,0.0568,,0.939,,,16.614,,,
58435,58435,2,89060.0,2026-05-30T16:31:39,1425.6,,,2.4723,1.8113,0.661,0.9424,0.0567,,0.939,,,16.621,,,
58477,58477,2,89120.0,2026-05-30T16:32:40,1425.6,,,2.4715,1.8108,0.6607,0.9507,0.0566,,0.939,,,16.624,,,
58519,58519,2,89181.0,2026-05-30T16:33:40,1424.8,,,2.4708,1.8099,0.6609,0.9578,0.0565,,0.938,,,16.629,,,
58531,58531,2,,2026-05-30T16:33:57,,,,2.47,1.8092,0.6608,,,,0.938,,,,,,
58558,58558,2,89241.0,2026-05-30T16:34:41,1432.2,,,2.47,1.809,0.661,0.932,0.0565,,0.937,,,16.632,,,
58600,58600,2,89302.0,2026-05-30T16:35:41,1431.8,,,2.4682,1.8078,0.6604,0.9414,0.0564,,0.939,,,16.634,,,
58643,58643,2,89363.0,2026-05-30T16:36:43,1430.9,,,2.4664,1.8072,0.6592,0.941,0.0563,,0.939,,,16.636,,,
58685,58685,2,89423.0,2026-05-30T16:37:43,1430.4,,,2.4688,1.8099,0.6589,0.9298,0.0561,,0.938,,,16.634,,,
58727,58727,2,89484.0,2026-05-30T16:38:44,1431.1,,,2.4716,1.8129,0.6587,0.9541,0.056,,0.935,,,16.63,,,
58769,58769,2,89544.0,2026-05-30T16:39:44,1431.3,,,2.4725,1.8142,0.6583,0.9293,0.056,,0.935,,,16.628,,,
58811,58811,2,89604.0,2026-05-30T16:40:44,1431.2,,,2.4689,1.8122,0.6567,0.9404,0.0559,,0.937,,,16.628,,,
58853,58853,2,89665.0,2026-05-30T16:41:45,1430.9,,,2.4659,1.8106,0.6553,0.9495,0.0557,,0.937,,,16.635,,,
58895,58895,2,89727.0,2026-05-30T16:42:46,1433.3,,,2.4687,1.8135,0.6552,0.9437,0.0555,,0.936,,,16.636,,,
58933,58933,2,89787.0,2026-05-30T16:43:47,1443.1,,,2.4742,1.8182,0.656,0.9526,0.0554,,0.938,,,16.637,,,
58973,58973,2,89848.0,2026-05-30T16:44:47,1449.5,,,2.4816,1.8239,0.6577,0.9431,0.0553,,0.939,,,16.635,,,
59011,59011,2,89908.0,2026-05-30T16:45:48,1460.5,,,2.4859,1.8281,0.6578,0.9573,0.0553,,0.942,,,16.633,,,
59050,59050,2,89969.0,2026-05-30T16:46:49,1466.2,,,2.4887,1.8315,0.6572,0.9428,0.0552,,0.944,,,16.631,,,
59088,59088,2,90029.0,2026-05-30T16:47:49,1473.0,,,2.4874,1.832,0.6554,0.937,0.0552,,0.946,,,16.628,,,
59130,59130,2,90090.0,2026-05-30T16:48:50,1474.4,,,2.4875,1.8334,0.6541,0.9578,0.0551,,0.945,,,16.626,,,
59167,59167,2,,2026-05-30T16:49:43,,,,2.4874,1.8341,0.6533,,,,0.945,,,,,,
59171,59171,2,90151.0,2026-05-30T16:49:51,1477.7,,,2.4871,1.834,0.6531,0.9345,0.055,,0.945,,,16.628,,,
59211,59211,2,90212.0,2026-05-30T16:50:51,1483.5,,,2.4887,1.8352,0.6535,0.944,0.0549,,0.946,,,16.632,,,
59253,59253,2,90272.0,2026-05-30T16:51:52,1482.9,,,2.4927,1.8379,0.6548,0.9677,0.0548,,0.948,,,16.635,,,
59295,59295,2,90333.0,2026-05-30T16:52:52,1482.6,,,2.5022,1.8443,0.6579,0.9423,0.0548,,0.947,,,16.634,,,
59338,59338,2,90394.0,2026-05-30T16:53:54,1482.6,,,2.5104,1.8502,0.6602,0.9325,0.0548,,0.947,,,16.634,,,
59380,59380,2,90455.0,2026-05-30T16:54:55,1482.8,,,2.5146,1.8533,0.6613,0.9569,0.0548,,0.945,,,16.632,,,
59421,59421,2,90516.0,2026-05-30T16:55:56,1482.3,,,2.5151,1.854,0.6611,0.9242,0.0548,,0.949,,,16.634,,,
59460,59460,2,90576.0,2026-05-30T16:56:56,1480.6,,,2.5185,1.8568,0.6617,0.9432,0.0548,,0.947,,,16.633,,,
59502,59502,2,90637.0,2026-05-30T16:57:56,1472.6,,,2.5173,1.8557,0.6616,0.9336,0.0548,,0.946,,,16.635,,,
59544,59544,2,90697.0,2026-05-30T16:58:57,1460.7,,,2.5156,1.8542,0.6614,0.9478,0.0546,,0.946,,,16.638,,,
59585,59585,2,90758.0,2026-05-30T16:59:58,1452.2,,,2.5171,1.8546,0.6625,0.947,0.0545,,0.947,,,16.641,,,
59626,59626,2,90819.0,2026-05-30T17:00:58,1451.3,,,2.5189,1.8553,0.6636,0.9351,0.0544,,0.944,,,16.645,,,
59667,59667,2,90880.0,2026-05-30T17:01:59,1453.9,,,2.5173,1.8539,0.6634,0.9462,0.0544,,0.945,,,16.647,,,
59706,59706,2,90940.0,2026-05-30T17:03:00,1453.2,,,2.5096,1.8486,0.661,0.9427,0.0543,,0.945,,,16.651,,,
59747,59747,2,91001.0,2026-05-30T17:04:00,1455.8,,,2.5002,1.8429,0.6573,0.9468,0.0542,,0.946,,,16.659,,,
59788,59788,2,91062.0,2026-05-30T17:05:02,1461.7,,,2.4938,1.8394,0.6544,0.9382,0.0541,,0.945,,,16.661,,,
59805,59805,2,,2026-05-30T17:05:28,,,,2.4927,1.839,0.6537,,,,0.947,,,,,,
59826,59826,2,91124.0,2026-05-30T17:06:03,1473.8,,,2.4923,1.8392,0.6531,0.9554,0.054,,0.946,,,16.662,,,
59866,59866,2,91184.0,2026-05-30T17:07:04,1478.6,,,2.4898,1.8382,0.6516,0.9514,0.0539,,0.947,,,16.661,,,
59908,59908,2,91245.0,2026-05-30T17:08:04,1478.8,,,2.4881,1.8372,0.6509,0.9352,0.0538,,0.945,,,16.658,,,
59950,59950,2,91305.0,2026-05-30T17:09:05,1470.8,,,2.486,1.8357,0.6503,0.9404,0.0537,,0.944,,,16.658,,,
59992,59992,2,91365.0,2026-05-30T17:10:05,1465.9,,,2.4839,1.8344,0.6495,0.9495,0.0536,,0.946,,,16.66,,,
60035,60035,2,91427.0,2026-05-30T17:11:06,1465.2,,,2.4769,1.8302,0.6467,0.9534,0.0535,,0.945,,,16.667,,,
60077,60077,2,91487.0,2026-05-30T17:12:07,1464.5,,,2.4731,1.8279,0.6452,0.9542,0.0534,,0.942,,,16.672,,,
60119,60119,2,91547.0,2026-05-30T17:13:07,1457.8,,,2.4718,1.8271,0.6447,0.9424,0.0533,,0.942,,,16.673,,,
60161,60161,2,91608.0,2026-05-30T17:14:07,1456.5,,,2.473,1.8281,0.6449,0.9462,0.0533,,0.943,,,16.677,,,
60204,60204,2,91669.0,2026-05-30T17:15:09,1447.8,,,2.4763,1.8304,0.6459,0.948,0.0533,,0.944,,,16.679,,,
60246,60246,2,91729.0,2026-05-30T17:16:09,1444.1,,,2.4825,1.834,0.6485,0.9357,0.0532,,0.943,,,16.678,,,
60288,60288,2,91789.0,2026-05-30T17:17:09,1440.5,,,2.483,1.8333,0.6497,0.9524,0.0531,,0.943,,,16.682,,,
60330,60330,2,91850.0,2026-05-30T17:18:10,1427.6,,,2.4736,1.826,0.6476,0.9408,0.0529,,0.94,,,16.692,,,
60372,60372,2,91910.0,2026-05-30T17:19:10,1420.0,,,2.4639,1.8188,0.6451,0.9567,0.0527,,0.943,,,16.704,,,
60415,60415,2,91972.0,2026-05-30T17:20:11,1418.7,,,2.4622,1.818,0.6442,0.9468,0.0526,,0.943,,,16.71,,,
60458,60458,2,92033.0,2026-05-30T17:21:13,1418.3,,,2.4603,1.8169,0.6434,0.9488,0.0526,,0.946,,,16.71,,,
60459,60459,2,,2026-05-30T17:21:14,,,,2.4603,1.8169,0.6434,,,,0.946,,,,,,
60497,60497,2,92094.0,2026-05-30T17:22:13,1425.3,,,2.4598,1.8166,0.6432,0.9347,0.0525,,0.946,,,16.711,,,
60540,60540,2,92155.0,2026-05-30T17:23:15,1425.5,,,2.4655,1.8202,0.6453,0.9605,0.0524,,0.947,,,16.707,,,
60583,60583,2,92216.0,2026-05-30T17:24:16,1425.1,,,2.4714,1.8242,0.6472,0.9299,0.0524,,0.948,,,16.701,,,
60626,60626,2,92278.0,2026-05-30T17:25:17,1424.2,,,2.477,1.8283,0.6487,0.9579,0.0524,,0.951,,,16.701,,,
60668,60668,2,92338.0,2026-05-30T17:26:18,1423.8,,,2.4838,1.833,0.6508,0.9371,0.0523,,0.953,,,16.699,,,
60711,60711,2,92399.0,2026-05-30T17:27:19,1423.7,,,2.4902,1.837,0.6532,0.9368,0.0523,,0.952,,,16.692,,,
60753,60753,2,92460.0,2026-05-30T17:28:20,1424.1,,,2.4919,1.8379,0.654,0.9388,0.0524,,0.952,,,16.688,,,
60796,60796,2,92521.0,2026-05-30T17:29:21,1423.6,,,2.4972,1.8415,0.6557,0.9543,0.0524,,0.952,,,16.681,,,
60839,60839,2,92582.0,2026-05-30T17:30:22,1422.6,,,2.5087,1.8494,0.6593,0.955,0.0524,,0.953,,,16.673,,,
60882,60882,2,92644.0,2026-05-30T17:31:23,1422.0,,,2.5226,1.8586,0.664,0.9688,0.0525,,0.951,,,16.665,,,
60924,60924,2,92704.0,2026-05-30T17:32:24,1422.8,,,2.5249,1.8592,0.6657,0.9478,0.0524,,0.951,,,16.666,,,
60967,60967,2,92765.0,2026-05-30T17:33:25,1423.1,,,2.5241,1.8585,0.6656,0.9412,0.0523,,0.95,,,16.671,,,
61009,61009,2,92826.0,2026-05-30T17:34:25,1415.4,,,2.5221,1.8575,0.6646,0.9385,0.0522,,0.949,,,16.672,,,
61052,61052,2,92887.0,2026-05-30T17:35:27,1415.2,,,2.5184,1.8553,0.6631,0.9416,0.0522,,0.952,,,16.677,,,
61094,61094,2,92948.0,2026-05-30T17:36:28,1416.9,,,2.5164,1.8542,0.6622,0.9468,0.0521,,0.953,,,16.683,,,
61115,61115,2,,2026-05-30T17:36:58,,,,2.5155,1.8536,0.6619,,,,0.953,,,,,,
61133,61133,2,93008.0,2026-05-30T17:37:28,1424.9,,,2.513,1.8519,0.6611,0.9542,0.0519,,0.952,,,16.685,,,
61176,61176,2,93070.0,2026-05-30T17:38:29,1425.1,,,2.5048,1.8462,0.6586,0.9627,0.0518,,0.951,,,16.694,,,
61218,61218,2,93130.0,2026-05-30T17:39:30,1425.1,,,2.5001,1.8436,0.6565,0.9413,0.0517,,0.952,,,16.699,,,
61261,61261,2,93192.0,2026-05-30T17:40:31,1425.1,,,2.4982,1.8434,0.6548,0.9642,0.0516,,0.954,,,16.706,,,
61304,61304,2,93253.0,2026-05-30T17:41:33,1424.8,,,2.4952,1.8418,0.6534,0.944,0.0515,,0.955,,,16.713,,,
61346,61346,2,93313.0,2026-05-30T17:42:33,1424.9,,,2.4915,1.8397,0.6518,0.9443,0.0514,,0.959,,,16.716,,,
61389,61389,2,93375.0,2026-05-30T17:43:34,1425.0,,,2.4871,1.8374,0.6497,0.954,0.0514,,0.957,,,16.718,,,
61432,61432,2,93436.0,2026-05-30T17:44:36,1424.8,,,2.4883,1.8388,0.6495,0.952,0.0514,,0.957,,,16.714,,,
61474,61474,2,93496.0,2026-05-30T17:45:36,1424.7,,,2.4887,1.839,0.6497,0.9441,0.0514,,0.956,,,16.714,,,
61517,61517,2,93557.0,2026-05-30T17:46:37,1424.1,,,2.4855,1.8368,0.6487,0.944,0.0513,,0.956,,,16.72,,,
61559,61559,2,93618.0,2026-05-30T17:47:37,1424.3,,,2.4873,1.8382,0.6491,0.9493,0.0513,,0.953,,,16.719,,,
61602,61602,2,93679.0,2026-05-30T17:48:38,1422.2,,,2.4878,1.8382,0.6496,0.9546,0.0512,,0.953,,,16.719,,,
61644,61644,2,93739.0,2026-05-30T17:49:39,1414.0,,,2.4904,1.8398,0.6506,0.9469,0.0512,,0.953,,,16.717,,,
61687,61687,2,93800.0,2026-05-30T17:50:40,1413.0,,,2.4964,1.8435,0.6529,0.9546,0.0511,,0.953,,,16.715,,,
61730,61730,2,93862.0,2026-05-30T17:51:41,1412.7,,,2.5028,1.8471,0.6557,0.9474,0.0511,,0.95,,,16.715,,,
61772,61772,2,93922.0,2026-05-30T17:52:42,1412.0,,,2.506,1.8484,0.6576,0.9456,0.051,,0.949,,,16.717,,,
61812,61812,2,93983.0,2026-05-30T17:53:42,1419.0,,,2.5085,1.8503,0.6582,0.944,0.051,,0.95,,,16.716,,,
61854,61854,2,94043.0,2026-05-30T17:54:43,1418.9,,,2.5114,1.8526,0.6588,0.9437,0.051,,0.946,,,16.715,,,
61897,61897,2,94104.0,2026-05-30T17:55:44,1419.4,,,2.5143,1.8543,0.66,0.952,0.0509,,0.95,,,16.716,,,
61939,61939,2,94165.0,2026-05-30T17:56:45,1419.9,,,2.5128,1.8532,0.6596,0.9684,0.0508,,0.954,,,16.72,,,
61982,61982,2,94226.0,2026-05-30T17:57:46,1419.6,,,2.5101,1.8519,0.6582,0.9369,0.0506,,0.956,,,16.725,,,
62025,62025,2,94288.0,2026-05-30T17:58:47,1419.4,,,2.5137,1.8547,0.659,0.9476,0.0506,,0.958,,,16.722,,,
62068,62068,2,94349.0,2026-05-30T17:59:49,1419.3,,,2.5149,1.8558,0.6591,0.9512,0.0506,,0.958,,,16.724,,,
62110,62110,2,94409.0,2026-05-30T18:00:49,1419.0,,,2.5133,1.8551,0.6582,0.9462,0.0505,,0.957,,,16.722,,,
62153,62153,2,94471.0,2026-05-30T18:01:51,1421.5,,,2.509,1.8522,0.6568,0.9584,0.0504,,0.958,,,16.724,,,
62194,62194,2,94533.0,2026-05-30T18:02:52,1425.8,,,2.5019,1.8476,0.6543,0.9345,0.0503,,0.958,,,16.727,,,
62234,62234,2,94594.0,2026-05-30T18:03:53,1432.3,,,2.4923,1.8412,0.6511,0.9527,0.0502,,0.96,,,16.734,,,
62276,62276,2,94655.0,2026-05-30T18:04:55,1434.2,,,2.4831,1.835,0.6481,0.9582,0.05,,0.961,,,16.737,,,
62315,62315,2,94715.0,2026-05-30T18:05:55,1435.2,,,2.4805,1.8327,0.6478,0.9412,0.05,,0.96,,,16.737,,,
62355,62355,2,94776.0,2026-05-30T18:06:56,1442.7,,,2.4791,1.8313,0.6478,0.954,0.0499,,0.96,,,16.738,,,
62396,62396,2,94837.0,2026-05-30T18:07:57,1446.1,,,2.4783,1.8307,0.6476,0.9478,0.0498,,0.961,,,16.741,,,
62414,62414,2,,2026-05-30T18:09:06,,,,,,,,,,,,,,,,
62435,62435,2,94897.0,2026-05-30T18:08:57,1453.4,,,2.4776,1.8305,0.6471,0.9655,0.0497,,0.956,,,16.746,,,
62445,62445,2,94958.0,2026-05-30T18:09:58,1524.8,,,2.5164,1.8593,0.6571,0.9388,0.0504,,0.953,,,16.724,,,
62485,62485,2,95019.0,2026-05-30T18:10:58,1495.2,,,2.4742,1.83,0.6442,0.9544,0.0507,,0.956,,,16.714,,,
62525,62525,2,95079.0,2026-05-30T18:11:59,1491.8,,,2.4224,1.7954,0.627,0.9507,0.0509,,0.95,,,16.72,,,
62566,62566,2,95140.0,2026-05-30T18:13:00,1483.6,,,2.3933,1.7765,0.6168,0.9362,0.0509,,0.943,,,16.717,,,
62609,62609,2,95202.0,2026-05-30T18:14:01,1465.8,,,2.3907,1.7747,0.616,0.9438,0.0511,,0.939,,,16.711,,,
62652,62652,2,95263.0,2026-05-30T18:15:03,1455.8,,,2.3929,1.7757,0.6172,0.949,0.0511,,0.938,,,16.708,,,
62694,62694,2,95323.0,2026-05-30T18:16:03,1451.0,,,2.3909,1.7738,0.6171,0.9536,0.051,,0.939,,,16.71,,,
62736,62736,2,95384.0,2026-05-30T18:17:03,1446.4,,,2.3861,1.7698,0.6163,0.952,0.0509,,0.942,,,16.712,,,
62779,62779,2,95445.0,2026-05-30T18:18:05,1442.6,,,2.3777,1.7632,0.6145,0.936,0.0509,,0.94,,,16.716,,,
62822,62822,2,95506.0,2026-05-30T18:19:06,1439.1,,,2.3738,1.76,0.6138,0.956,0.0508,,0.942,,,16.72,,,
62865,62865,2,95568.0,2026-05-30T18:20:07,1436.1,,,2.374,1.7599,0.6141,0.9378,0.0507,,0.944,,,16.721,,,
62907,62907,2,95628.0,2026-05-30T18:21:08,1433.6,,,2.3763,1.7614,0.6149,0.9577,0.0506,,0.944,,,16.719,,,
62949,62949,2,95688.0,2026-05-30T18:22:08,1427.9,,,2.3704,1.7574,0.613,0.9596,0.0506,,0.946,,,16.718,,,
62991,62991,2,95749.0,2026-05-30T18:23:08,1423.0,,,2.3615,1.7515,0.61,0.9482,0.0505,,0.946,,,16.721,,,
63032,63032,2,,2026-05-30T18:24:07,,,,2.3615,1.7517,0.6098,,,,0.946,,,,,,
63034,63034,2,95810.0,2026-05-30T18:24:10,1417.9,,,2.3616,1.7518,0.6098,0.9452,0.0503,,0.945,,,16.724,,,
63074,63074,2,95871.0,2026-05-30T18:25:11,1419.1,,,2.3666,1.7552,0.6114,0.9438,0.0502,,0.947,,,16.725,,,
63117,63117,2,95932.0,2026-05-30T18:26:12,1419.9,,,2.3687,1.7565,0.6122,0.966,0.05,,0.953,,,16.727,,,
63160,63160,2,95994.0,2026-05-30T18:27:14,1419.8,,,2.3666,1.7544,0.6122,0.9198,0.0498,,0.954,,,16.734,,,
63203,63203,2,96055.0,2026-05-30T18:28:15,1418.1,,,2.3614,1.7504,0.611,0.9503,0.0497,,0.954,,,16.739,,,
63246,63246,2,96117.0,2026-05-30T18:29:16,1417.6,,,2.3588,1.7486,0.6102,0.9542,0.0496,,0.954,,,16.744,,,
63288,63288,2,96177.0,2026-05-30T18:30:17,1417.0,,,2.3643,1.7531,0.6112,0.9447,0.0495,,0.956,,,16.745,,,
63331,63331,2,96238.0,2026-05-30T18:31:18,1416.8,,,2.3709,1.7585,0.6124,0.9491,0.0495,,0.958,,,16.742,,,
63374,63374,2,96300.0,2026-05-30T18:32:19,1416.8,,,2.3731,1.7609,0.6122,0.9498,0.0494,,0.959,,,16.74,,,
63417,63417,2,96361.0,2026-05-30T18:33:21,1416.4,,,2.3691,1.7586,0.6105,0.9578,0.0493,,0.962,,,16.744,,,
63460,63460,2,96422.0,2026-05-30T18:34:22,1415.4,,,2.3601,1.7524,0.6077,0.9362,0.0492,,0.96,,,16.752,,,
63502,63502,2,96483.0,2026-05-30T18:35:22,1414.4,,,2.3529,1.747,0.6059,0.9482,0.049,,0.961,,,16.759,,,
63545,63545,2,96544.0,2026-05-30T18:36:24,1414.5,,,2.348,1.7433,0.6047,0.9548,0.0489,,0.962,,,16.761,,,
63588,63588,2,96605.0,2026-05-30T18:37:25,1407.5,,,2.3425,1.7395,0.603,0.9564,0.0488,,0.963,,,16.764,,,
63631,63631,2,96666.0,2026-05-30T18:38:26,1406.3,,,2.3361,1.7353,0.6008,0.9339,0.0486,,0.963,,,16.77,,,
63674,63674,2,96727.0,2026-05-30T18:39:27,1406.2,,,2.3338,1.7342,0.5996,0.9257,0.0485,,0.965,,,16.771,,,
63690,63690,2,,2026-05-30T18:39:50,,,,2.3342,1.7345,0.5997,,,,0.967,,,,,,
63714,63714,2,96789.0,2026-05-30T18:40:28,1413.0,,,2.3379,1.7371,0.6008,0.9487,0.0484,,0.967,,,16.767,,,
63757,63757,2,96850.0,2026-05-30T18:41:30,1412.8,,,2.3408,1.7391,0.6017,0.9625,0.0483,,0.967,,,16.765,,,
63800,63800,2,96911.0,2026-05-30T18:42:31,1412.6,,,2.3391,1.7378,0.6013,0.94,0.0482,,0.967,,,16.764,,,
63843,63843,2,96972.0,2026-05-30T18:43:32,1411.7,,,2.3313,1.7318,0.5995,0.9598,0.048,,0.968,,,16.769,,,
63886,63886,2,97033.0,2026-05-30T18:44:33,1411.4,,,2.3246,1.7263,0.5983,0.9488,0.0478,,0.971,,,16.774,,,
63929,63929,2,97095.0,2026-05-30T18:45:35,1411.2,,,2.3256,1.7265,0.5991,0.9444,0.0477,,0.972,,,16.775,,,
63972,63972,2,97156.0,2026-05-30T18:46:36,1410.6,,,2.3398,1.7362,0.6036,0.9337,0.0476,,0.973,,,16.768,,,
64015,64015,2,97217.0,2026-05-30T18:47:37,1409.6,,,2.3556,1.7474,0.6082,0.9477,0.0476,,0.975,,,16.759,,,
64057,64057,2,97277.0,2026-05-30T18:48:37,1409.3,,,2.3628,1.7526,0.6102,0.966,0.0475,,0.978,,,16.759,,,
64100,64100,2,97338.0,2026-05-30T18:49:38,1409.1,,,2.3638,1.7534,0.6104,0.9522,0.0474,,0.977,,,16.761,,,
64142,64142,2,97399.0,2026-05-30T18:50:39,1409.6,,,2.3653,1.7546,0.6107,0.9536,0.0473,,0.975,,,16.76,,,
64185,64185,2,97460.0,2026-05-30T18:51:40,1409.1,,,2.3672,1.7565,0.6107,0.9566,0.0472,,0.974,,,16.761,,,
64228,64228,2,97521.0,2026-05-30T18:52:40,1401.5,,,2.3702,1.7592,0.611,0.9584,0.0472,,0.977,,,16.762,,,
64271,64271,2,97582.0,2026-05-30T18:53:42,1401.1,,,2.3752,1.763,0.6122,0.9573,0.0471,,0.978,,,16.764,,,
64313,64313,2,97642.0,2026-05-30T18:54:42,1401.1,,,2.3762,1.7637,0.6125,0.9379,0.047,,0.98,,,16.771,,,
64349,64349,2,,2026-05-30T18:55:33,,,,2.3783,1.7654,0.6129,,,,0.98,,,,,,
64355,64355,2,97703.0,2026-05-30T18:55:43,1404.3,,,2.3786,1.7656,0.613,0.9561,0.0469,,0.98,,,16.774,,,
64396,64396,2,97764.0,2026-05-30T18:56:44,1408.0,,,2.3837,1.7693,0.6144,0.9568,0.0469,,0.976,,,16.775,,,
64439,64439,2,97825.0,2026-05-30T18:57:45,1407.5,,,2.3893,1.7732,0.6161,0.9576,0.0469,,0.974,,,16.774,,,
64482,64482,2,97886.0,2026-05-30T18:58:46,1407.4,,,2.3871,1.772,0.6151,0.9495,0.0469,,0.976,,,16.776,,,
64525,64525,2,97948.0,2026-05-30T18:59:47,1407.7,,,2.3807,1.7677,0.613,0.9512,0.0468,,0.976,,,16.785,,,
64568,64568,2,98009.0,2026-05-30T19:00:49,1407.5,,,2.3777,1.7656,0.6121,0.9578,0.0468,,0.976,,,16.789,,,
64611,64611,2,98070.0,2026-05-30T19:01:50,1406.9,,,2.3784,1.7655,0.6129,0.9585,0.0467,,0.978,,,16.793,,,
64654,64654,2,98131.0,2026-05-30T19:02:51,1407.2,,,2.3773,1.7645,0.6128,0.9552,0.0466,,0.977,,,16.796,,,
64694,64694,2,98192.0,2026-05-30T19:03:52,1414.3,,,2.3733,1.7616,0.6117,0.9638,0.0466,,0.978,,,16.8,,,
64736,64736,2,98253.0,2026-05-30T19:04:52,1415.8,,,2.3674,1.7577,0.6097,0.9593,0.0465,,0.98,,,16.805,,,
64777,64777,2,98314.0,2026-05-30T19:05:54,1420.9,,,2.364,1.7558,0.6082,0.9532,0.0464,,0.982,,,16.807,,,
64817,64817,2,98375.0,2026-05-30T19:06:54,1427.8,,,2.3659,1.7573,0.6086,0.9537,0.0463,,0.981,,,16.804,,,
64857,64857,2,98435.0,2026-05-30T19:07:55,1434.3,,,2.3667,1.7579,0.6088,0.9644,0.0462,,0.983,,,16.805,,,
64900,64900,2,98496.0,2026-05-30T19:08:56,1427.2,,,2.3621,1.7542,0.6079,0.9582,0.0461,,0.984,,,16.812,,,
64943,64943,2,98557.0,2026-05-30T19:09:57,1427.0,,,2.3546,1.7487,0.6059,0.9471,0.0459,,0.985,,,16.822,,,
64986,64986,2,98618.0,2026-05-30T19:10:58,1426.8,,,2.3493,1.7448,0.6045,0.9459,0.0459,,0.987,,,16.829,,,
64999,64999,2,,2026-05-30T19:11:16,,,,2.3485,1.7441,0.6044,,,,0.987,,,,,,
65026,65026,2,98678.0,2026-05-30T19:11:58,1433.5,,,2.348,1.7437,0.6043,0.9608,0.0458,,0.985,,,16.832,,,
65069,65069,2,98740.0,2026-05-30T19:12:59,1432.9,,,2.3503,1.745,0.6053,0.941,0.0457,,0.983,,,16.832,,,
65112,65112,2,98801.0,2026-05-30T19:14:00,1432.3,,,2.3555,1.7482,0.6073,0.9579,0.0457,,0.984,,,16.834,,,
65155,65155,2,98862.0,2026-05-30T19:15:02,1432.2,,,2.3589,1.75,0.6089,0.9476,0.0456,,0.984,,,16.836,,,
65198,65198,2,98923.0,2026-05-30T19:16:03,1425.8,,,2.3628,1.7526,0.6102,0.9635,0.0456,,0.985,,,16.834,,,
65241,65241,2,98984.0,2026-05-30T19:17:04,1422.6,,,2.3693,1.7568,0.6125,0.9526,0.0456,,0.982,,,16.83,,,
65284,65284,2,99045.0,2026-05-30T19:18:05,1418.7,,,2.3691,1.7563,0.6128,0.9478,0.0456,,0.98,,,16.833,,,
65327,65327,2,99107.0,2026-05-30T19:19:07,1410.0,,,2.3603,1.75,0.6103,0.9473,0.0455,,0.984,,,16.84,,,
65370,65370,2,99168.0,2026-05-30T19:20:08,1403.3,,,2.3546,1.7459,0.6087,0.9581,0.0454,,0.98,,,16.845,,,
65413,65413,2,99229.0,2026-05-30T19:21:08,1403.1,,,2.3576,1.7482,0.6094,0.9588,0.0454,,0.979,,,16.844,,,
65456,65456,2,99289.0,2026-05-30T19:22:09,1402.5,,,2.3604,1.7504,0.61,0.9464,0.0453,,0.977,,,16.842,,,
65499,65499,2,99351.0,2026-05-30T19:23:10,1402.9,,,2.3569,1.7483,0.6086,0.9565,0.0452,,0.973,,,16.843,,,
65541,65541,2,99411.0,2026-05-30T19:24:11,1396.8,,,2.353,1.7455,0.6075,0.9543,0.0451,,0.974,,,16.847,,,
65584,65584,2,99472.0,2026-05-30T19:25:12,1397.2,,,2.3499,1.7432,0.6067,0.9585,0.045,,0.973,,,16.852,,,
65627,65627,2,99533.0,2026-05-30T19:26:13,1397.6,,,2.3467,1.7416,0.6051,0.941,0.0449,,0.971,,,16.854,,,
65659,65659,2,,2026-05-30T19:26:59,,,,2.3441,1.7404,0.6037,,,,0.973,,,,,,
65668,65668,2,99595.0,2026-05-30T19:27:14,1402.8,,,2.3432,1.7399,0.6033,0.9556,0.0448,,0.972,,,16.858,,,
65709,65709,2,99655.0,2026-05-30T19:28:15,1404.9,,,2.3431,1.7401,0.603,0.9638,0.0447,,0.97,,,16.862,,,
65752,65752,2,99715.0,2026-05-30T19:29:15,1405.1,,,2.3381,1.7366,0.6015,0.9487,0.0446,,0.969,,,16.868,,,
65795,65795,2,99776.0,2026-05-30T19:30:16,1404.4,,,2.3368,1.7357,0.6011,0.9556,0.0445,,0.97,,,16.868,,,
65838,65838,2,99837.0,2026-05-30T19:31:17,1404.2,,,2.3394,1.7374,0.602,0.958,0.0445,,0.966,,,16.867,,,
65881,65881,2,99898.0,2026-05-30T19:32:18,1403.7,,,2.3431,1.7398,0.6033,0.9569,0.0444,,0.97,,,16.872,,,
65924,65924,2,99960.0,2026-05-30T19:33:19,1404.2,,,2.3413,1.7384,0.6029,0.9637,0.0444,,0.97,,,16.874,,,
65967,65967,2,100021.0,2026-05-30T19:34:20,1404.5,,,2.3388,1.7361,0.6027,0.9541,0.0443,,0.97,,,16.878,,,
66010,66010,2,100081.0,2026-05-30T19:35:21,1402.7,,,2.3397,1.736,0.6037,0.9406,0.0443,,0.972,,,16.879,,,
66053,66053,2,100142.0,2026-05-30T19:36:22,1402.1,,,2.3399,1.7354,0.6045,0.9483,0.0443,,0.972,,,16.88,,,
66096,66096,2,100203.0,2026-05-30T19:37:23,1401.4,,,2.3399,1.7352,0.6047,0.9573,0.0443,,0.974,,,16.878,,,
66139,66139,2,100264.0,2026-05-30T19:38:24,1401.3,,,2.3432,1.7369,0.6063,0.9511,0.0443,,0.975,,,16.877,,,
66182,66182,2,100326.0,2026-05-30T19:39:25,1395.7,,,2.3525,1.7424,0.6101,0.9417,0.0442,,0.973,,,16.873,,,
66225,66225,2,100386.0,2026-05-30T19:40:26,1394.0,,,2.3587,1.7458,0.6129,0.9455,0.0442,,0.976,,,16.87,,,
66268,66268,2,100448.0,2026-05-30T19:41:28,1394.6,,,2.3644,1.7495,0.6149,0.9568,0.0441,,0.977,,,16.869,,,
66311,66311,2,100509.0,2026-05-30T19:42:28,1394.3,,,2.3658,1.7502,0.6156,0.9587,0.044,,0.976,,,16.869,,,
66320,66320,2,,2026-05-30T19:42:41,,,,2.3662,1.7505,0.6157,,,,0.976,,,,,,
66351,66351,2,100570.0,2026-05-30T19:43:30,1400.7,,,2.3665,1.751,0.6155,0.9529,0.044,,0.979,,,16.871,,,
66394,66394,2,100631.0,2026-05-30T19:44:31,1400.7,,,2.3657,1.7505,0.6152,0.9499,0.044,,0.976,,,16.868,,,
66437,66437,2,100692.0,2026-05-30T19:45:32,1400.0,,,2.3695,1.7533,0.6162,0.9576,0.0439,,0.976,,,16.865,,,
66480,66480,2,100753.0,2026-05-30T19:46:33,1400.2,,,2.3742,1.7573,0.6169,0.9489,0.0439,,0.977,,,16.862,,,
66523,66523,2,100814.0,2026-05-30T19:47:34,1401.1,,,2.3798,1.7625,0.6173,0.9572,0.0439,,0.978,,,16.858,,,
66566,66566,2,100875.0,2026-05-30T19:48:35,1400.2,,,2.3855,1.7677,0.6178,0.9611,0.0438,,0.979,,,16.853,,,
66609,66609,2,100936.0,2026-05-30T19:49:35,1399.7,,,2.3857,1.7687,0.617,0.9684,0.0438,,0.978,,,16.856,,,
66652,66652,2,100996.0,2026-05-30T19:50:36,1398.9,,,2.3814,1.7661,0.6153,0.9609,0.0437,,0.981,,,16.86,,,
66695,66695,2,101057.0,2026-05-30T19:51:37,1398.8,,,2.3714,1.7598,0.6116,0.9613,0.0437,,0.982,,,16.866,,,
66738,66738,2,101118.0,2026-05-30T19:52:38,1397.9,,,2.3614,1.7533,0.6081,0.9635,0.0436,,0.981,,,16.873,,,
66781,66781,2,101180.0,2026-05-30T19:53:39,1397.6,,,2.3523,1.7472,0.6051,0.9422,0.0435,,0.982,,,16.881,,,
66824,66824,2,101240.0,2026-05-30T19:54:40,1397.2,,,2.3503,1.746,0.6043,0.9578,0.0435,,0.982,,,16.886,,,
66867,66867,2,101301.0,2026-05-30T19:55:41,1390.7,,,2.353,1.7477,0.6053,0.962,0.0434,,0.979,,,16.889,,,
66910,66910,2,101362.0,2026-05-30T19:56:42,1390.0,,,2.3559,1.7503,0.6056,0.9592,0.0433,,0.982,,,16.888,,,
66953,66953,2,101423.0,2026-05-30T19:57:43,1390.7,,,2.3547,1.7502,0.6045,0.9582,0.0432,,0.984,,,16.894,,,
66981,66981,2,,2026-05-30T19:58:23,,,,2.3535,1.7495,0.604,,,,0.983,,,,,,
66993,66993,2,101483.0,2026-05-30T19:58:43,1396.0,,,2.3526,1.7486,0.604,0.9577,0.0432,,0.983,,,16.897,,,
67036,67036,2,101545.0,2026-05-30T19:59:44,1396.7,,,2.354,1.7491,0.6049,0.9601,0.0431,,0.982,,,16.899,,,
67079,67079,2,101606.0,2026-05-30T20:00:46,1397.5,,,2.3548,1.7491,0.6057,0.944,0.043,,0.982,,,16.902,,,
67122,67122,2,101667.0,2026-05-30T20:01:47,1397.8,,,2.3571,1.7504,0.6067,0.9509,0.0429,,0.986,,,16.904,,,
67165,67165,2,101728.0,2026-05-30T20:02:48,1398.6,,,2.3605,1.7531,0.6074,0.956,0.0429,,0.986,,,16.903,,,
67207,67207,2,101789.0,2026-05-30T20:03:49,1401.6,,,2.3654,1.7564,0.609,0.9522,0.0429,,0.987,,,16.902,,,
67247,67247,2,101850.0,2026-05-30T20:04:50,1409.5,,,2.3692,1.7588,0.6104,0.9595,0.0429,,0.987,,,16.902,,,
67289,67289,2,101911.0,2026-05-30T20:05:51,1411.7,,,2.3745,1.7625,0.612,0.9331,0.0429,,0.99,,,16.9,,,
67328,67328,2,101971.0,2026-05-30T20:06:51,1419.4,,,2.3744,1.7622,0.6122,0.9607,0.0428,,0.991,,,16.9,,,
67368,67368,2,102032.0,2026-05-30T20:07:52,1425.9,,,2.369,1.758,0.611,0.9769,0.0428,,0.991,,,16.904,,,
67410,67410,2,102093.0,2026-05-30T20:08:53,1428.6,,,2.3639,1.7535,0.6104,0.9499,0.0428,,0.991,,,16.91,,,
67452,67452,2,102153.0,2026-05-30T20:09:53,1428.5,,,2.3637,1.753,0.6107,0.9761,0.0428,,0.988,,,16.908,,,
67495,67495,2,102214.0,2026-05-30T20:10:54,1427.4,,,2.365,1.7537,0.6113,0.959,0.0428,,0.989,,,16.909,,,
67538,67538,2,102275.0,2026-05-30T20:11:55,1421.6,,,2.3603,1.7506,0.6097,0.9709,0.0428,,0.988,,,16.912,,,
67581,67581,2,102336.0,2026-05-30T20:12:56,1421.8,,,2.3528,1.7454,0.6074,0.9469,0.0427,,0.987,,,16.915,,,
67624,67624,2,102397.0,2026-05-30T20:13:57,1420.8,,,2.3452,1.7398,0.6054,0.9538,0.0427,,0.982,,,16.916,,,
67630,67630,2,,2026-05-30T20:14:05,,,,2.3442,1.7391,0.6051,,,,0.982,,,,,,
67664,67664,2,102458.0,2026-05-30T20:14:58,1427.1,,,2.3421,1.7371,0.605,0.96,0.0427,,0.98,,,16.917,,,
67707,67707,2,102519.0,2026-05-30T20:15:59,1424.8,,,2.3412,1.7363,0.6049,0.9568,0.0426,,0.98,,,16.918,,,
67750,67750,2,102579.0,2026-05-30T20:16:59,1416.5,,,2.3439,1.7383,0.6056,0.9654,0.0426,,0.98,,,16.914,,,
67793,67793,2,102640.0,2026-05-30T20:18:00,1413.8,,,2.3451,1.7389,0.6062,0.9644,0.0426,,0.98,,,16.914,,,
67836,67836,2,102701.0,2026-05-30T20:19:01,1405.6,,,2.3466,1.7395,0.6071,0.9521,0.0426,,0.979,,,16.915,,,
67879,67879,2,102762.0,2026-05-30T20:20:01,1398.0,,,2.3525,1.7439,0.6086,0.9701,0.0425,,0.98,,,16.91,,,
67922,67922,2,102823.0,2026-05-30T20:21:03,1395.3,,,2.3557,1.7465,0.6092,0.9484,0.0424,,0.98,,,16.909,,,
67965,67965,2,102884.0,2026-05-30T20:22:03,1395.1,,,2.3548,1.7455,0.6093,0.9596,0.0424,,0.982,,,16.91,,,
68008,68008,2,102944.0,2026-05-30T20:23:04,1394.4,,,2.3509,1.7423,0.6086,0.9515,0.0423,,0.983,,,16.915,,,
68051,68051,2,103006.0,2026-05-30T20:24:05,1394.2,,,2.3494,1.741,0.6084,0.9409,0.0422,,0.987,,,16.92,,,
68093,68093,2,103066.0,2026-05-30T20:25:06,1394.0,,,2.3504,1.7415,0.6089,0.9487,0.0422,,0.993,,,16.928,,,
68136,68136,2,103127.0,2026-05-30T20:26:06,1394.2,,,2.3561,1.7453,0.6108,0.9573,0.0421,,0.995,,,16.926,,,
68179,68179,2,103188.0,2026-05-30T20:27:08,1388.1,,,2.3576,1.7465,0.6111,0.9668,0.0421,,0.994,,,16.927,,,
68222,68222,2,103249.0,2026-05-30T20:28:08,1387.3,,,2.3574,1.7465,0.6109,0.9564,0.042,,0.994,,,16.928,,,
68265,68265,2,103310.0,2026-05-30T20:29:10,1387.4,,,2.3534,1.744,0.6094,0.9635,0.0419,,0.993,,,16.936,,,
68294,68294,2,,2026-05-30T20:29:50,,,,2.3515,1.7431,0.6084,,,,0.992,,,,,,
68306,68306,2,103371.0,2026-05-30T20:30:11,1392.6,,,2.3508,1.7427,0.6081,0.9558,0.0419,,0.992,,,16.938,,,
68349,68349,2,103432.0,2026-05-30T20:31:12,1393.8,,,2.3505,1.7436,0.6069,0.9554,0.0418,,0.995,,,16.939,,,
68392,68392,2,103493.0,2026-05-30T20:32:13,1393.7,,,2.3486,1.7428,0.6058,0.9596,0.0417,,0.996,,,16.942,,,
68435,68435,2,103554.0,2026-05-30T20:33:14,1392.9,,,2.3437,1.7395,0.6042,0.9562,0.0417,,0.996,,,16.946,,,
68478,68478,2,103615.0,2026-05-30T20:34:14,1392.2,,,2.3408,1.7378,0.603,0.9489,0.0417,,0.996,,,16.951,,,
68522,68522,2,103676.0,2026-05-30T20:35:16,1392.4,,,2.3407,1.7384,0.6023,0.958,0.0417,,0.995,,,16.95,,,
68565,68565,2,103737.0,2026-05-30T20:36:17,1391.6,,,2.3421,1.7392,0.6029,0.9627,0.0417,,0.994,,,16.951,,,
68608,68608,2,103798.0,2026-05-30T20:37:18,1390.9,,,2.3439,1.7404,0.6035,0.9716,0.0418,,0.992,,,16.948,,,
68651,68651,2,103859.0,2026-05-30T20:38:19,1391.3,,,2.3469,1.7426,0.6043,0.9521,0.0417,,0.993,,,16.951,,,
68694,68694,2,103920.0,2026-05-30T20:39:20,1391.5,,,2.3478,1.7433,0.6045,0.9501,0.0417,,0.992,,,16.953,,,
68737,68737,2,103982.0,2026-05-30T20:40:22,1392.1,,,2.3464,1.7424,0.604,0.9415,0.0417,,0.992,,,16.955,,,
68780,68780,2,104043.0,2026-05-30T20:41:23,1391.7,,,2.3486,1.7438,0.6048,0.9347,0.0417,,0.993,,,16.952,,,
68823,68823,2,104103.0,2026-05-30T20:42:23,1385.2,,,2.3502,1.7446,0.6056,0.9545,0.0416,,0.992,,,16.952,,,
68866,68866,2,104164.0,2026-05-30T20:43:24,1384.6,,,2.3495,1.7439,0.6056,0.9539,0.0416,,0.987,,,16.953,,,
68909,68909,2,104225.0,2026-05-30T20:44:24,1384.8,,,2.3496,1.7436,0.606,0.9652,0.0415,,0.988,,,16.955,,,
68952,68952,2,104285.0,2026-05-30T20:45:25,1385.2,,,2.3556,1.7477,0.6079,0.9672,0.0415,,0.988,,,16.951,,,
68956,68956,2,,2026-05-30T20:45:31,,,,2.3561,1.7481,0.608,,,,0.988,,,,,,
68993,68993,2,104347.0,2026-05-30T20:46:27,1392.0,,,2.3616,1.7522,0.6094,0.9515,0.0415,,0.987,,,16.945,,,
69036,69036,2,104407.0,2026-05-30T20:47:27,1391.3,,,2.3655,1.7549,0.6106,0.9545,0.0415,,0.986,,,16.94,,,
69079,69079,2,104468.0,2026-05-30T20:48:28,1391.1,,,2.3701,1.7587,0.6114,0.951,0.0414,,0.984,,,16.935,,,
69122,69122,2,104529.0,2026-05-30T20:49:29,1390.9,,,2.3759,1.7631,0.6128,0.9569,0.0413,,0.982,,,16.937,,,
69165,69165,2,104590.0,2026-05-30T20:50:30,1390.7,,,2.3801,1.766,0.6141,0.9675,0.0413,,0.981,,,16.94,,,
69208,69208,2,104651.0,2026-05-30T20:51:31,1389.7,,,2.3856,1.7698,0.6158,0.9542,0.0412,,0.982,,,16.943,,,
69251,69251,2,104711.0,2026-05-30T20:52:31,1389.2,,,2.3896,1.7726,0.617,0.9571,0.0411,,0.981,,,16.946,,,
69294,69294,2,104772.0,2026-05-30T20:53:32,1388.4,,,2.3897,1.773,0.6167,0.9596,0.0411,,0.98,,,16.949,,,
69337,69337,2,104833.0,2026-05-30T20:54:33,1388.7,,,2.3917,1.7744,0.6173,0.9488,0.041,,0.981,,,16.95,,,
69380,69380,2,104894.0,2026-05-30T20:55:34,1389.2,,,2.3964,1.7773,0.6191,0.9505,0.0411,,0.982,,,16.95,,,
69424,69424,2,104956.0,2026-05-30T20:56:35,1388.8,,,2.4049,1.7832,0.6217,0.9514,0.0411,,0.979,,,16.948,,,
69467,69467,2,105016.0,2026-05-30T20:57:36,1388.4,,,2.4082,1.7857,0.6225,0.9495,0.041,,0.979,,,16.948,,,
69510,69510,2,105077.0,2026-05-30T20:58:37,1382.0,,,2.403,1.7822,0.6208,0.9441,0.041,,0.977,,,16.954,,,
69553,69553,2,105138.0,2026-05-30T20:59:38,1382.9,,,2.3971,1.7781,0.619,0.9575,0.0408,,0.979,,,16.962,,,
69596,69596,2,105199.0,2026-05-30T21:00:39,1383.1,,,2.3948,1.7765,0.6183,0.9607,0.0408,,0.98,,,16.967,,,
69623,69623,2,,2026-05-30T21:01:16,,,,2.3916,1.7744,0.6172,,,,0.981,,,,,,
69636,69636,2,105260.0,2026-05-30T21:01:39,1389.2,,,2.3899,1.7731,0.6168,0.9564,0.0409,,0.983,,,16.966,,,
69678,69678,2,105320.0,2026-05-30T21:02:40,1390.0,,,2.3834,1.769,0.6144,0.9611,0.0409,,0.982,,,16.963,,,
69721,69721,2,105381.0,2026-05-30T21:03:41,1391.8,,,2.3737,1.7624,0.6113,0.9632,0.0408,,0.983,,,16.965,,,
69761,69761,2,105442.0,2026-05-30T21:04:42,1397.7,,,2.3686,1.759,0.6096,0.9621,0.0407,,0.985,,,16.97,,,
69802,69802,2,105502.0,2026-05-30T21:05:42,1402.1,,,2.3691,1.7594,0.6097,0.9689,0.0407,,0.986,,,16.974,,,
69843,69843,2,105564.0,2026-05-30T21:06:44,1407.8,,,2.3707,1.7609,0.6098,0.9555,0.0408,,0.989,,,16.974,,,
69883,69883,2,105625.0,2026-05-30T21:07:45,1414.0,,,2.369,1.7606,0.6084,0.9575,0.0407,,0.99,,,16.977,,,
69924,69924,2,105686.0,2026-05-30T21:08:46,1420.0,,,2.3608,1.7556,0.6052,0.96,0.0406,,0.991,,,16.982,,,
69966,69966,2,105748.0,2026-05-30T21:09:48,1423.2,,,2.3521,1.7492,0.6029,0.9526,0.0405,,0.991,,,16.99,,,
70009,70009,2,105809.0,2026-05-30T21:10:49,1425.1,,,2.3518,1.7486,0.6032,0.9752,0.0405,,0.991,,,16.991,,,
70051,70051,2,105870.0,2026-05-30T21:11:50,1426.6,,,2.3537,1.7497,0.604,0.9474,0.0406,,0.99,,,16.991,,,
70094,70094,2,105931.0,2026-05-30T21:12:50,1427.3,,,2.3536,1.7497,0.6039,0.9653,0.0405,,0.992,,,16.995,,,
70137,70137,2,105991.0,2026-05-30T21:13:51,1426.0,,,2.3539,1.7498,0.6041,0.9723,0.0405,,0.993,,,16.998,,,
70180,70180,2,106052.0,2026-05-30T21:14:52,1419.7,,,2.3536,1.7496,0.604,0.9681,0.0405,,0.995,,,17.002,,,
70223,70223,2,106113.0,2026-05-30T21:15:53,1418.0,,,2.3552,1.7507,0.6045,0.9532,0.0405,,0.996,,,17.004,,,
70266,70266,2,106174.0,2026-05-30T21:16:54,1413.9,,,2.3551,1.7509,0.6042,0.9666,0.0405,,0.993,,,17.003,,,
70272,70272,2,,2026-05-30T21:17:02,,,,2.3552,1.7509,0.6043,,,,0.995,,,,,,
70306,70306,2,106235.0,2026-05-30T21:17:55,1414.8,,,2.3531,1.7493,0.6038,0.9696,0.0404,,0.997,,,17.002,,,
70349,70349,2,106296.0,2026-05-30T21:18:55,1409.7,,,2.351,1.7473,0.6037,0.9499,0.0403,,0.997,,,17.006,,,
70393,70393,2,106357.0,2026-05-30T21:19:57,1400.6,,,2.3497,1.7453,0.6044,0.9549,0.0403,,0.992,,,17.008,,,
70436,70436,2,106418.0,2026-05-30T21:20:58,1394.0,,,2.3486,1.7436,0.605,0.9594,0.0402,,0.992,,,17.011,,,
70479,70479,2,106479.0,2026-05-30T21:21:58,1389.9,,,2.349,1.7439,0.6051,0.9495,0.0402,,0.995,,,17.013,,,
70522,70522,2,106539.0,2026-05-30T21:22:59,1387.7,,,2.346,1.742,0.604,0.9551,0.0401,,0.997,,,17.017,,,
70565,70565,2,106600.0,2026-05-30T21:23:59,1385.4,,,2.3414,1.7385,0.6029,0.9534,0.04,,0.995,,,17.023,,,
70609,70609,2,106661.0,2026-05-30T21:25:01,1383.7,,,2.3365,1.7346,0.6019,0.9719,0.0399,,0.995,,,17.027,,,
70652,70652,2,106722.0,2026-05-30T21:26:02,1383.3,,,2.3357,1.7338,0.6019,0.9664,0.0398,,0.998,,,17.027,,,
70696,70696,2,106784.0,2026-05-30T21:27:03,1383.1,,,2.3359,1.7335,0.6024,0.9582,0.0398,,0.996,,,17.027,,,
70739,70739,2,106844.0,2026-05-30T21:28:04,1383.3,,,2.336,1.7332,0.6028,0.9702,0.0397,,0.998,,,17.029,,,
70782,70782,2,106905.0,2026-05-30T21:29:05,1382.0,,,2.3341,1.7313,0.6028,0.967,0.0396,,0.998,,,17.032,,,
70826,70826,2,106966.0,2026-05-30T21:30:06,1374.2,,,2.3319,1.7295,0.6024,0.9585,0.0396,,0.993,,,17.034,,,
70870,70870,2,107028.0,2026-05-30T21:31:08,1374.0,,,2.326,1.7253,0.6007,0.9515,0.0396,,0.993,,,17.036,,,
70913,70913,2,107089.0,2026-05-30T21:32:09,1375.6,,,2.3236,1.7238,0.5998,0.9714,0.0397,,0.995,,,17.035,,,
70939,70939,2,,2026-05-30T21:32:45,,,,2.325,1.7248,0.6002,,,,0.995,,,,,,
70954,70954,2,107150.0,2026-05-30T21:33:10,1382.0,,,2.3256,1.725,0.6006,0.9476,0.0397,,0.995,,,17.035,,,
70996,70996,2,107210.0,2026-05-30T21:34:10,1382.5,,,2.3275,1.7259,0.6016,0.9578,0.0397,,0.992,,,17.032,,,
71039,71039,2,107271.0,2026-05-30T21:35:11,1382.8,,,2.3302,1.7274,0.6028,0.9548,0.0398,,0.992,,,17.03,,,
71082,71082,2,107331.0,2026-05-30T21:36:11,1382.0,,,2.3359,1.7316,0.6043,0.9647,0.0398,,0.992,,,17.028,,,
71125,71125,2,107392.0,2026-05-30T21:37:12,1382.1,,,2.3411,1.7358,0.6053,0.9764,0.0398,,0.989,,,17.023,,,
71168,71168,2,107453.0,2026-05-30T21:38:13,1382.6,,,2.3438,1.7383,0.6055,0.9608,0.0398,,0.989,,,17.023,,,
71211,71211,2,107514.0,2026-05-30T21:39:14,1383.1,,,2.3423,1.7381,0.6042,0.9601,0.0398,,0.99,,,17.027,,,
71254,71254,2,107575.0,2026-05-30T21:40:15,1383.1,,,2.3417,1.7386,0.6031,0.9642,0.0398,,0.988,,,17.029,,,
71297,71297,2,107636.0,2026-05-30T21:41:16,1383.1,,,2.3433,1.7404,0.6029,0.9604,0.0398,,0.988,,,17.029,,,
71340,71340,2,107696.0,2026-05-30T21:42:16,1383.8,,,2.3479,1.7441,0.6038,0.9507,0.0398,,0.99,,,17.033,,,
71383,71383,2,107757.0,2026-05-30T21:43:17,1383.4,,,2.3557,1.7499,0.6058,0.9671,0.0397,,0.988,,,17.035,,,
71427,71427,2,107818.0,2026-05-30T21:44:18,1381.1,,,2.3628,1.7552,0.6076,0.9605,0.0397,,0.99,,,17.039,,,
71471,71471,2,107880.0,2026-05-30T21:45:20,1374.5,,,2.365,1.7576,0.6074,0.9571,0.0397,,0.989,,,17.039,,,
71514,71514,2,107941.0,2026-05-30T21:46:21,1375.3,,,2.3635,1.7576,0.6059,0.9617,0.0396,,0.993,,,17.044,,,
71557,71557,2,108002.0,2026-05-30T21:47:21,1375.1,,,2.3637,1.7584,0.6053,0.954,0.0395,,0.991,,,17.048,,,
71600,71600,2,108063.0,2026-05-30T21:48:23,1376.2,,,2.3673,1.7612,0.6061,0.9592,0.0395,,0.993,,,17.05,,,
71604,71604,2,,2026-05-30T21:49:12,,,,,,,,,,,,,,,,
71610,71610,2,108125.0,2026-05-30T21:49:25,1498.5,,,2.4371,1.8059,0.6312,0.963,0.0415,,1.01,,,16.971,,,
71653,71653,2,108186.0,2026-05-30T21:50:25,1387.6,,,2.4047,1.7827,0.622,0.9672,0.0402,,1.01,,,17.005,,,
71696,71696,2,108246.0,2026-05-30T21:51:26,1377.7,,,2.366,1.757,0.609,0.9548,0.0401,,1.01,,,17.02,,,
71739,71739,2,108307.0,2026-05-30T21:52:27,1378.4,,,2.3423,1.7424,0.5999,0.9656,0.0402,,0.999,,,17.027,,,
71782,71782,2,108368.0,2026-05-30T21:53:28,1379.9,,,2.3367,1.7402,0.5965,0.9677,0.0405,,0.985,,,17.024,,,
71825,71825,2,108428.0,2026-05-30T21:54:28,1378.2,,,2.3342,1.74,0.5942,0.9583,0.0406,,0.981,,,17.02,,,
71868,71868,2,108489.0,2026-05-30T21:55:29,1377.0,,,2.3237,1.7339,0.5898,0.9623,0.0406,,0.978,,,17.023,,,
71911,71911,2,108550.0,2026-05-30T21:56:30,1377.5,,,2.3151,1.7281,0.587,0.9631,0.0405,,0.978,,,17.024,,,
71954,71954,2,108611.0,2026-05-30T21:57:31,1376.8,,,2.3073,1.7228,0.5845,0.9573,0.0403,,0.982,,,17.025,,,
71998,71998,2,108673.0,2026-05-30T21:58:33,1376.4,,,2.3016,1.7192,0.5824,0.9549,0.0402,,0.983,,,17.026,,,
72042,72042,2,108734.0,2026-05-30T21:59:34,1374.7,,,2.2967,1.7162,0.5805,0.9717,0.0401,,0.987,,,17.03,,,
72085,72085,2,108795.0,2026-05-30T22:00:35,1374.8,,,2.2948,1.7151,0.5797,0.9591,0.04,,0.987,,,17.032,,,
72128,72128,2,108856.0,2026-05-30T22:01:36,1372.0,,,2.2925,1.7137,0.5788,0.9537,0.04,,0.988,,,17.032,,,
72172,72172,2,108917.0,2026-05-30T22:02:37,1372.8,,,2.2862,1.7103,0.5759,0.9591,0.0399,,0.987,,,17.031,,,
72214,72214,2,108978.0,2026-05-30T22:03:37,1374.2,,,2.2867,1.7109,0.5758,0.9608,0.0399,,0.986,,,17.029,,,
72238,72238,2,,2026-05-30T22:04:12,,,,2.287,1.7113,0.5757,,,,0.987,,,,,,
72253,72253,2,109038.0,2026-05-30T22:04:38,1383.6,,,2.2872,1.7113,0.5759,0.9649,0.0397,,0.988,,,17.031,,,
72293,72293,2,109100.0,2026-05-30T22:05:39,1390.2,,,2.2872,1.7111,0.5761,0.9658,0.0396,,0.992,,,17.031,,,
72336,72336,2,109160.0,2026-05-30T22:06:40,1390.4,,,2.2859,1.7098,0.5761,0.9623,0.0394,,0.996,,,17.03,,,
72377,72377,2,109221.0,2026-05-30T22:07:41,1396.5,,,2.2856,1.709,0.5766,0.9694,0.0393,,0.997,,,17.03,,,
72418,72418,2,109282.0,2026-05-30T22:08:42,1400.5,,,2.2847,1.7083,0.5764,0.9708,0.0392,,0.999,,,17.034,,,
72461,72461,2,109343.0,2026-05-30T22:09:43,1403.4,,,2.2844,1.7083,0.5761,0.9587,0.0391,,0.999,,,17.038,,,
72504,72504,2,109404.0,2026-05-30T22:10:44,1402.4,,,2.2854,1.7094,0.576,0.9597,0.0391,,0.999,,,17.042,,,
72547,72547,2,109465.0,2026-05-30T22:11:45,1403.1,,,2.2887,1.7118,0.5769,0.9568,0.039,,0.997,,,17.041,,,
72590,72590,2,109526.0,2026-05-30T22:12:46,1403.4,,,2.2905,1.7133,0.5772,0.9633,0.039,,0.997,,,17.042,,,
72633,72633,2,109586.0,2026-05-30T22:13:46,1402.6,,,2.287,1.7116,0.5754,0.9646,0.0388,,0.997,,,17.047,,,
72676,72676,2,109647.0,2026-05-30T22:14:47,1402.3,,,2.2799,1.7072,0.5727,0.9567,0.0388,,0.995,,,17.054,,,
72720,72720,2,109708.0,2026-05-30T22:15:47,1400.7,,,2.2742,1.7041,0.5701,0.9522,0.0386,,0.995,,,17.058,,,
72763,72763,2,109768.0,2026-05-30T22:16:48,1390.7,,,2.2732,1.704,0.5692,0.9492,0.0386,,0.996,,,17.06,,,
72807,72807,2,109829.0,2026-05-30T22:17:49,1381.0,,,2.2726,1.7038,0.5688,0.9672,0.0386,,0.997,,,17.064,,,
72850,72850,2,109890.0,2026-05-30T22:18:50,1380.3,,,2.2713,1.703,0.5683,0.9526,0.0385,,1.001,,,17.071,,,
72893,72893,2,109951.0,2026-05-30T22:19:51,1374.2,,,2.2717,1.7033,0.5684,0.9635,0.0384,,1.002,,,17.074,,,
72895,72895,2,,2026-05-30T22:19:53,,,,2.2716,1.7033,0.5683,,,,1.001,,,,,,
72933,72933,2,110011.0,2026-05-30T22:20:51,1375.5,,,2.2723,1.7034,0.5689,0.9756,0.0384,,1.001,,,17.071,,,
72977,72977,2,110073.0,2026-05-30T22:21:52,1372.8,,,2.2748,1.7048,0.57,0.9595,0.0383,,1.0,,,17.07,,,
73020,73020,2,110133.0,2026-05-30T22:22:53,1372.1,,,2.2745,1.7045,0.57,0.9549,0.0383,,1.001,,,17.07,,,
73063,73063,2,110194.0,2026-05-30T22:23:54,1371.4,,,2.2708,1.7017,0.5691,0.9475,0.0382,,1.003,,,17.074,,,
73107,73107,2,110255.0,2026-05-30T22:24:55,1369.4,,,2.268,1.6995,0.5685,0.9526,0.0381,,1.007,,,17.075,,,
73150,73150,2,110316.0,2026-05-30T22:25:56,1369.7,,,2.2719,1.7015,0.5704,0.9703,0.0382,,1.01,,,17.075,,,
73193,73193,2,110376.0,2026-05-30T22:26:56,1369.9,,,2.2769,1.7042,0.5727,0.9532,0.0382,,1.011,,,17.075,,,
73237,73237,2,110437.0,2026-05-30T22:27:57,1370.1,,,2.2791,1.7052,0.5739,0.9567,0.0382,,1.009,,,17.077,,,
73281,73281,2,110498.0,2026-05-30T22:28:58,1369.6,,,2.2805,1.7062,0.5743,0.9595,0.0382,,1.009,,,17.075,,,
73325,73325,2,110560.0,2026-05-30T22:30:00,1369.2,,,2.2779,1.7042,0.5737,0.9724,0.0381,,1.01,,,17.079,,,
73368,73368,2,110620.0,2026-05-30T22:31:00,1369.0,,,2.2771,1.7038,0.5733,0.9521,0.038,,1.006,,,17.081,,,
73411,73411,2,110681.0,2026-05-30T22:32:01,1367.1,,,2.2761,1.7032,0.5729,0.9569,0.038,,1.008,,,17.083,,,
73454,73454,2,110742.0,2026-05-30T22:33:02,1364.3,,,2.2781,1.7049,0.5732,0.9647,0.038,,1.01,,,17.085,,,
73498,73498,2,110804.0,2026-05-30T22:34:04,1365.3,,,2.277,1.7041,0.5729,0.9685,0.0379,,1.008,,,17.088,,,
73541,73541,2,110865.0,2026-05-30T22:35:05,1366.6,,,2.2797,1.7054,0.5743,0.9717,0.0378,,1.008,,,17.086,,,
73562,73562,2,,2026-05-30T22:35:34,,,,2.2815,1.7066,0.5749,,,,1.008,,,,,,
73581,73581,2,110925.0,2026-05-30T22:36:05,1374.2,,,2.2845,1.7085,0.576,0.954,0.0378,,1.008,,,17.086,,,
73624,73624,2,110986.0,2026-05-30T22:37:06,1374.1,,,2.2912,1.713,0.5782,0.9678,0.0378,,1.004,,,17.084,,,
73667,73667,2,111046.0,2026-05-30T22:38:06,1373.9,,,2.2923,1.7136,0.5787,0.9608,0.0378,,1.002,,,17.082,,,
73711,73711,2,111108.0,2026-05-30T22:39:08,1373.7,,,2.2901,1.7119,0.5782,0.9672,0.0377,,1.002,,,17.086,,,
73754,73754,2,111168.0,2026-05-30T22:40:08,1373.7,,,2.2873,1.7094,0.5779,0.962,0.0376,,1.006,,,17.089,,,
73797,73797,2,111229.0,2026-05-30T22:41:09,1373.8,,,2.2824,1.7054,0.577,0.9623,0.0376,,1.006,,,17.092,,,
73840,73840,2,111290.0,2026-05-30T22:42:10,1373.9,,,2.2776,1.7016,0.576,0.9746,0.0375,,1.003,,,17.093,,,
73884,73884,2,111351.0,2026-05-30T22:43:11,1373.5,,,2.2749,1.6995,0.5754,0.9457,0.0375,,1.002,,,17.092,,,
73927,73927,2,111412.0,2026-05-30T22:44:12,1372.6,,,2.2728,1.6983,0.5745,0.9738,0.0375,,1.002,,,17.097,,,
73970,73970,2,111473.0,2026-05-30T22:45:13,1371.6,,,2.2703,1.6973,0.573,0.9698,0.0375,,1.0,,,17.1,,,
74014,74014,2,111534.0,2026-05-30T22:46:14,1370.4,,,2.2681,1.696,0.5721,0.9558,0.0374,,0.999,,,17.108,,,
74058,74058,2,111595.0,2026-05-30T22:47:15,1369.2,,,2.2646,1.694,0.5706,0.9726,0.0374,,0.998,,,17.114,,,
74101,74101,2,111656.0,2026-05-30T22:48:16,1362.4,,,2.2578,1.6894,0.5684,0.9767,0.0373,,0.998,,,17.117,,,
74145,74145,2,111717.0,2026-05-30T22:49:17,1362.0,,,2.2507,1.6844,0.5663,0.962,0.0372,,0.998,,,17.124,,,
74188,74188,2,111778.0,2026-05-30T22:50:17,1362.8,,,2.249,1.6831,0.5659,0.964,0.0371,,1.0,,,17.128,,,
74230,74230,2,,2026-05-30T22:51:16,,,,2.2512,1.6848,0.5664,,,,0.999,,,,,,
74232,74232,2,111840.0,2026-05-30T22:51:20,1364.0,,,2.2513,1.6849,0.5664,0.9443,0.037,,1.0,,,17.132,,,
74272,74272,2,111900.0,2026-05-30T22:52:20,1370.6,,,2.2545,1.6874,0.5671,0.9656,0.0369,,0.996,,,17.133,,,
74316,74316,2,111962.0,2026-05-30T22:53:22,1370.6,,,2.2564,1.6891,0.5673,0.9658,0.0368,,0.995,,,17.144,,,
74359,74359,2,112022.0,2026-05-30T22:54:22,1371.0,,,2.2574,1.6898,0.5676,0.9653,0.0368,,0.996,,,17.153,,,
74403,74403,2,112084.0,2026-05-30T22:55:24,1370.9,,,2.2568,1.6892,0.5676,0.9734,0.0367,,0.998,,,17.162,,,
74447,74447,2,112145.0,2026-05-30T22:56:25,1369.8,,,2.2574,1.6889,0.5685,0.9607,0.0366,,1.0,,,17.164,,,
74490,74490,2,112206.0,2026-05-30T22:57:26,1370.1,,,2.2578,1.6884,0.5694,0.9566,0.0365,,1.001,,,17.169,,,
74534,74534,2,112267.0,2026-05-30T22:58:27,1371.4,,,2.2556,1.6866,0.569,0.9553,0.0364,,1.003,,,17.172,,,
74577,74577,2,112328.0,2026-05-30T22:59:28,1371.0,,,2.253,1.6845,0.5685,0.9641,0.0364,,1.003,,,17.178,,,
74621,74621,2,112389.0,2026-05-30T23:00:29,1370.6,,,2.2538,1.685,0.5688,0.9544,0.0364,,1.004,,,17.183,,,
74664,74664,2,112450.0,2026-05-30T23:01:30,1370.7,,,2.2552,1.6864,0.5688,0.9689,0.0363,,1.004,,,17.183,,,
74708,74708,2,112511.0,2026-05-30T23:02:31,1369.7,,,2.2567,1.688,0.5687,0.9565,0.0363,,1.007,,,17.181,,,
74751,74751,2,112573.0,2026-05-30T23:03:32,1366.6,,,2.2586,1.6897,0.5689,0.9609,0.0363,,1.008,,,17.178,,,
74793,74793,2,112634.0,2026-05-30T23:04:34,1367.7,,,2.2607,1.6918,0.5689,0.9749,0.0363,,1.009,,,17.175,,,
74834,74834,2,112696.0,2026-05-30T23:05:35,1374.0,,,2.2619,1.6932,0.5687,0.9525,0.0364,,1.012,,,17.172,,,
74876,74876,2,112756.0,2026-05-30T23:06:36,1376.9,,,2.2659,1.6967,0.5692,0.9639,0.0364,,1.015,,,17.168,,,
74892,74892,2,,2026-05-30T23:06:59,,,,2.2678,1.6982,0.5696,,,,1.016,,,,,,
74914,74914,2,112817.0,2026-05-30T23:07:37,1386.0,,,2.2708,1.7004,0.5704,0.9725,0.0363,,1.013,,,17.165,,,
74953,74953,2,112878.0,2026-05-30T23:08:38,1395.9,,,2.2744,1.703,0.5714,0.9457,0.0364,,1.009,,,17.163,,,
74993,74993,2,112938.0,2026-05-30T23:09:38,1402.6,,,2.2748,1.703,0.5718,0.9704,0.0363,,1.007,,,17.16,,,
75036,75036,2,112999.0,2026-05-30T23:10:39,1403.0,,,2.2746,1.7027,0.5719,0.956,0.0364,,1.002,,,17.159,,,
75079,75079,2,113060.0,2026-05-30T23:11:40,1402.7,,,2.2759,1.7035,0.5724,0.9558,0.0363,,1.001,,,17.159,,,
75122,75122,2,113120.0,2026-05-30T23:12:40,1402.9,,,2.275,1.7028,0.5722,0.9599,0.0362,,1.001,,,17.164,,,
75166,75166,2,113182.0,2026-05-30T23:13:42,1401.7,,,2.2736,1.7018,0.5718,0.9749,0.0362,,1.001,,,17.166,,,
75209,75209,2,113242.0,2026-05-30T23:14:42,1401.5,,,2.2723,1.7009,0.5714,0.9732,0.0362,,1.0,,,17.171,,,
75253,75253,2,113304.0,2026-05-30T23:15:44,1400.3,,,2.2686,1.6981,0.5705,0.9634,0.0361,,0.997,,,17.174,,,
75296,75296,2,113364.0,2026-05-30T23:16:44,1397.4,,,2.261,1.6927,0.5683,0.9579,0.0361,,0.999,,,17.185,,,
75340,75340,2,113425.0,2026-05-30T23:17:45,1390.8,,,2.255,1.6876,0.5674,0.9573,0.0361,,0.995,,,17.191,,,
75383,75383,2,113485.0,2026-05-30T23:18:45,1385.0,,,2.2508,1.684,0.5668,0.9445,0.0361,,0.991,,,17.194,,,
75427,75427,2,113546.0,2026-05-30T23:19:46,1374.6,,,2.2475,1.6816,0.5659,0.9573,0.0361,,0.994,,,17.194,,,
75471,75471,2,113608.0,2026-05-30T23:20:48,1364.9,,,2.2481,1.6824,0.5657,0.9455,0.0361,,0.995,,,17.197,,,
75514,75514,2,113669.0,2026-05-30T23:21:48,1357.1,,,2.2497,1.6835,0.5662,0.9705,0.0361,,0.998,,,17.199,,,
75551,75551,2,,2026-05-30T23:22:40,,,,2.2528,1.6854,0.5674,,,,1.001,,,,,,
75556,75556,2,113729.0,2026-05-30T23:22:49,1360.2,,,2.2529,1.6854,0.5675,0.9675,0.036,,1.001,,,17.199,,,
75597,75597,2,113791.0,2026-05-30T23:23:51,1363.5,,,2.2543,1.6857,0.5686,0.9573,0.0361,,1.004,,,17.198,,,
75640,75640,2,113851.0,2026-05-30T23:24:51,1364.3,,,2.2554,1.6861,0.5693,0.949,0.0361,,1.008,,,17.19,,,
75684,75684,2,113913.0,2026-05-30T23:25:53,1363.9,,,2.2539,1.6846,0.5693,0.9519,0.036,,1.004,,,17.191,,,
75728,75728,2,113974.0,2026-05-30T23:26:54,1364.0,,,2.2521,1.683,0.5691,0.9581,0.0359,,1.003,,,17.195,,,
75771,75771,2,114035.0,2026-05-30T23:27:55,1363.6,,,2.2539,1.6838,0.5701,0.971,0.0359,,1.007,,,17.194,,,
75815,75815,2,114096.0,2026-05-30T23:28:56,1362.7,,,2.2569,1.686,0.5709,0.9651,0.0359,,1.006,,,17.188,,,
75859,75859,2,114157.0,2026-05-30T23:29:57,1362.4,,,2.2647,1.6921,0.5726,0.9535,0.0359,,1.008,,,17.182,,,
75903,75903,2,114219.0,2026-05-30T23:30:59,1362.5,,,2.271,1.6971,0.5739,0.9735,0.0358,,1.01,,,17.176,,,
75947,75947,2,114280.0,2026-05-30T23:32:00,1363.1,,,2.2758,1.7003,0.5755,0.9652,0.0359,,1.012,,,17.175,,,
75990,75990,2,114341.0,2026-05-30T23:33:01,1362.6,,,2.2767,1.7014,0.5753,0.9691,0.0358,,1.012,,,17.174,,,
76034,76034,2,114402.0,2026-05-30T23:34:02,1361.8,,,2.2769,1.7025,0.5744,0.967,0.0359,,1.012,,,17.176,,,
76078,76078,2,114463.0,2026-05-30T23:35:03,1355.2,,,2.277,1.704,0.573,0.9611,0.0358,,1.014,,,17.175,,,
76121,76121,2,114524.0,2026-05-30T23:36:03,1355.2,,,2.2779,1.7054,0.5725,0.9683,0.0358,,1.015,,,17.18,,,
76164,76164,2,114584.0,2026-05-30T23:37:04,1353.6,,,2.2795,1.7069,0.5726,0.9701,0.0359,,1.01,,,17.18,,,
76208,76208,2,114645.0,2026-05-30T23:38:05,1352.5,,,2.2804,1.7074,0.573,0.9651,0.0359,,1.01,,,17.178,,,
76220,76220,2,,2026-05-30T23:38:21,,,,2.28,1.707,0.573,,,,1.011,,,,,,
76249,76249,2,114706.0,2026-05-30T23:39:06,1358.8,,,2.2842,1.7101,0.5741,0.973,0.0359,,1.013,,,17.174,,,
76292,76292,2,114767.0,2026-05-30T23:40:07,1358.9,,,2.289,1.7137,0.5753,0.9729,0.0359,,1.011,,,17.172,,,
76335,76335,2,114828.0,2026-05-30T23:41:08,1361.1,,,2.2954,1.7182,0.5772,0.9631,0.0359,,1.014,,,17.167,,,
76379,76379,2,114889.0,2026-05-30T23:42:09,1361.2,,,2.2943,1.7173,0.577,0.964,0.0359,,1.013,,,17.166,,,
76422,76422,2,114950.0,2026-05-30T23:43:10,1360.3,,,2.2876,1.7126,0.575,0.9528,0.0358,,1.012,,,17.17,,,
76466,76466,2,115011.0,2026-05-30T23:44:11,1359.4,,,2.2823,1.7093,0.573,0.9689,0.0357,,1.014,,,17.175,,,
76510,76510,2,115073.0,2026-05-30T23:45:13,1359.0,,,2.2778,1.7064,0.5714,0.9557,0.0356,,1.015,,,17.179,,,
76554,76554,2,115134.0,2026-05-30T23:46:14,1359.2,,,2.2741,1.7037,0.5704,0.9736,0.0355,,1.015,,,17.182,,,
76598,76598,2,115196.0,2026-05-30T23:47:16,1358.9,,,2.2717,1.7014,0.5703,0.9639,0.0355,,1.012,,,17.187,,,
76641,76641,2,115256.0,2026-05-30T23:48:16,1357.6,,,2.2759,1.7043,0.5716,0.9587,0.0355,,1.011,,,17.188,,,
76685,76685,2,115318.0,2026-05-30T23:49:18,1357.3,,,2.2801,1.7072,0.5729,0.9715,0.0354,,1.016,,,17.194,,,
76728,76728,2,115379.0,2026-05-30T23:50:19,1358.1,,,2.283,1.7094,0.5736,0.9569,0.0353,,1.016,,,17.199,,,
76771,76771,2,115439.0,2026-05-30T23:51:19,1350.8,,,2.2771,1.7051,0.572,0.9694,0.0353,,1.015,,,17.205,,,
76815,76815,2,115500.0,2026-05-30T23:52:20,1348.6,,,2.2715,1.7009,0.5706,0.963,0.0352,,1.016,,,17.209,,,
76858,76858,2,115561.0,2026-05-30T23:53:21,1348.1,,,2.2654,1.6961,0.5693,0.9754,0.0352,,1.012,,,17.218,,,
76890,76890,2,,2026-05-30T23:54:06,,,,2.2655,1.6959,0.5696,,,,1.012,,,,,,
76900,76900,2,115622.0,2026-05-30T23:54:22,1352.9,,,2.2662,1.6964,0.5698,0.967,0.0351,,1.012,,,17.221,,,
76941,76941,2,115682.0,2026-05-30T23:55:22,1355.7,,,2.2692,1.698,0.5712,0.9596,0.0351,,1.013,,,17.219,,,
76985,76985,2,115744.0,2026-05-30T23:56:24,1355.0,,,2.2708,1.6987,0.5721,0.9671,0.0351,,1.009,,,17.215,,,
77028,77028,2,115804.0,2026-05-30T23:57:24,1354.8,,,2.2688,1.6967,0.5721,0.9508,0.0351,,1.009,,,17.217,,,
77072,77072,2,115866.0,2026-05-30T23:58:26,1355.0,,,2.2631,1.6919,0.5712,0.9705,0.035,,1.01,,,17.221,,,
77115,77115,2,115926.0,2026-05-30T23:59:26,1355.6,,,2.2546,1.6856,0.569,0.9585,0.035,,1.012,,,17.224,,,
77159,77159,2,115988.0,2026-05-31T00:00:28,1355.8,,,2.2455,1.679,0.5665,0.9642,0.0349,,1.011,,,17.231,,,
77203,77203,2,116049.0,2026-05-31T00:01:29,1356.0,,,2.2396,1.6746,0.565,0.9731,0.0349,,1.009,,,17.233,,,
77247,77247,2,116111.0,2026-05-31T00:02:31,1356.0,,,2.2381,1.6732,0.5649,0.9577,0.035,,1.01,,,17.234,,,
77291,77291,2,116172.0,2026-05-31T00:03:32,1356.2,,,2.2399,1.674,0.5659,0.971,0.035,,1.017,,,17.24,,,
77333,77333,2,116233.0,2026-05-31T00:04:33,1359.3,,,2.24,1.6739,0.5661,0.9653,0.035,,1.014,,,17.244,,,
77375,77375,2,116294.0,2026-05-31T00:05:34,1364.5,,,2.2388,1.6734,0.5654,0.9623,0.035,,1.017,,,17.248,,,
77415,77415,2,116356.0,2026-05-31T00:06:36,1366.5,,,2.233,1.67,0.563,0.9727,0.035,,1.017,,,17.258,,,
77458,77458,2,116417.0,2026-05-31T00:07:37,1368.0,,,2.2288,1.6675,0.5613,0.9733,0.0349,,1.015,,,17.268,,,
77498,77498,2,116478.0,2026-05-31T00:08:38,1377.9,,,2.2281,1.6673,0.5608,0.9752,0.0349,,1.016,,,17.273,,,
77538,77538,2,116539.0,2026-05-31T00:09:39,1385.3,,,2.2338,1.6711,0.5627,0.9748,0.0349,,1.018,,,17.274,,,
77544,77544,2,,2026-05-31T00:09:47,,,,2.2352,1.6722,0.563,,,,1.018,,,,,,
77577,77577,2,116600.0,2026-05-31T00:10:40,1393.8,,,2.2443,1.6789,0.5654,0.9571,0.0349,,1.018,,,17.269,,,
77620,77620,2,116661.0,2026-05-31T00:11:41,1393.3,,,2.2565,1.6878,0.5687,0.9712,0.0349,,1.021,,,17.262,,,
77663,77663,2,116722.0,2026-05-31T00:12:42,1393.2,,,2.2615,1.6916,0.5699,0.9606,0.0349,,1.021,,,17.257,,,
77707,77707,2,116784.0,2026-05-31T00:13:44,1394.4,,,2.2637,1.6932,0.5705,0.9716,0.035,,1.023,,,17.254,,,
77750,77750,2,116845.0,2026-05-31T00:14:45,1396.1,,,2.2604,1.6911,0.5693,0.9723,0.0349,,1.021,,,17.251,,,
77793,77793,2,116905.0,2026-05-31T00:15:45,1396.8,,,2.2576,1.6896,0.568,0.9596,0.0349,,1.016,,,17.253,,,
77837,77837,2,116966.0,2026-05-31T00:16:46,1394.5,,,2.2522,1.6863,0.5659,0.9596,0.0348,,1.015,,,17.255,,,
77880,77880,2,117028.0,2026-05-31T00:17:48,1391.0,,,2.2505,1.6852,0.5653,0.9651,0.0347,,1.018,,,17.254,,,
77923,77923,2,117088.0,2026-05-31T00:18:48,1383.5,,,2.2539,1.6874,0.5665,0.968,0.0347,,1.021,,,17.253,,,
77967,77967,2,117150.0,2026-05-31T00:19:50,1381.7,,,2.2585,1.6908,0.5677,0.9719,0.0346,,1.025,,,17.251,,,
78010,78010,2,117210.0,2026-05-31T00:20:50,1371.5,,,2.2595,1.6916,0.5679,0.9632,0.0346,,1.026,,,17.252,,,
78053,78053,2,117272.0,2026-05-31T00:21:52,1364.8,,,2.257,1.6903,0.5667,0.9658,0.0346,,1.024,,,17.253,,,
78096,78096,2,117333.0,2026-05-31T00:22:53,1358.2,,,2.2551,1.689,0.5661,0.9642,0.0346,,1.024,,,17.257,,,
78138,78138,2,117394.0,2026-05-31T00:23:54,1359.8,,,2.2575,1.6906,0.5669,0.9672,0.0346,,1.019,,,17.258,,,
78182,78182,2,117455.0,2026-05-31T00:24:55,1359.5,,,2.2634,1.6944,0.569,0.9628,0.0346,,1.018,,,17.256,,,
78207,78207,2,,2026-05-31T00:25:30,,,,2.2653,1.6959,0.5694,,,,1.019,,,,,,
78222,78222,2,117516.0,2026-05-31T00:25:56,1364.7,512.5,3.939,2.2665,1.6967,0.5698,0.9668,0.0345,,1.018,,,17.261,,,trainer probe endpoint
