[REPLAY] starting offline corpus replay over 1 corpus path(s)
[REPLAY] start-model: 20261008-r7b24-silu-all-fresh.safetensors modelID=20261008-8-y57y encoding=basic24 policy_tail=fp32_from_pre_bn
[REPLAY-ARCH] (start-model) in basic24(24) -> stem 128 (7x7) . 3x[7x7+7x7 @128, no-SE, silu/pre, clean_add, no-ReZero, out:layer_norm, drop*1] . act silu . policy intermediate_conv(4864) . value WDL(16->FC128) . bfloat16 policy-tail fp32_from_pre_bn . 5,132,687 params
[REPLAY-HPARAMS] lr=0.001 batch=4096 wd=0.0003 momentum=0.9 gradClip=15 entropyBonus=0 drawPenalty=0 policyW=1 valueW=1 illegalW=1 pLabelSmooth=0.1 pLabelSmoothMode=fixed_total pLabelSmoothPerMove=0.0033 pLabelSmoothPerMoveCap=0.5 vLabelSmooth=0.013 dropout=0 lrWarmup=1000 bufCap=500000 replayRatio=0.48 minPrefill=250000 complementCE=on sqrtBatchLR=on batchStats=10 klProbe=100 relClip=clip/k3/N1000/W100/floor0.5 stepLineSec=180 sampling=(maxPerGame=400 maxDrawPct=100 targetLen=0 stratify=off applied=on)
[GRAD-CLIP] config mode=clip k=3 N=1000 W=100 floor=0.5 hardMax=15
[REPLAY] trainer-model output: /Users/andrew/Library/Application Support/DrewsChessMachine/Models/20261008-lrBsiluall-relcap-replay-latest.safetensors (new file)
[REPLAY] enumerated checkpoints: /Users/andrew/Library/Application Support/DrewsChessMachine/Models/20261008-lrBsiluall-relcap-replay-step1000.safetensors and siblings (never overwritten)
[REPLAY] corpus 20260624-192615-w3aA5b: 46 sealed shard(s)
[PARAM] random_seed from --seed: 20261005 (overrides random_seed_mode and random_seed=0 for this process)
[REPLAY] building network + trainer (encoding=basic24)
[NUMERICS] policy_tail_precision=fp32_from_pre_bn source=architecture
[REPLAY] start-model weights loaded into trainer (working+masters, velocity zeroed; new branch) + feeder net (base tensors=61)
[REPLAY-CYCLE] lr=[trough 1.00e-03,peak 1.00e+00]^10000st cnt=0 inv=true mom=[0.75,0.90]^1000st cnt=0 inv=false decay=[peak->1.00e-04 trough->1.00e-05 over 10000000st] momFollow=[low 0.850->0.900 high 0.950->0.950] origin=trainerStep 0 cycleStep 0 cycleLR=1.0000e+00 cycleMom=0.8500 (new branch from 20261008-8-y57y; its clock, warmup and velocity are not continued)
[REPLAY] step lines: every 50 trainer steps through 1000, every 1000, and the first diagnostics step ≥ 180 s after the previous line; saves at trainer-step multiples of 1000 (next: 1000)
[RUN] path=replay run=66006003-5799-4FA0-B7AE-F3C19E6FD3A5 seg=0 (branch from 20261008-8-y57y sha=59f8e3726e02) build=2440 git=9c6a463c dirty=false git_diff=none device="Apple M5 Max" vm=false os="Version 27.2 (Build 26B5091g)" seed=20261005 mode=seeded(--seed) derivation=v1 params_sha=43089775bd53 policy_tail=fp32_from_pre_bn cum_step=0 cum_games=0 cum_train_sec=0.0 argv="/Users/andrew/Library/Application Support/DrewsChessMachine/FrozenBuilds/DCM-2440-9c6a463c.app/Contents/MacOS/DrewsChessMachine --replay-corpus 20260624-192615-w3aA5b --start-model /Users/andrew/Library/Application Support/DrewsChessMachine/Models/20261008-r7b24-silu-all-fresh.safetensors --out-model /Users/andrew/Library/Application Support/DrewsChessMachine/Models/20261008-lrBsiluall-relcap-replay-latest.safetensors --parameters /Users/andrew/cursor/drews-chess-machine/experiments/20261005-lr-schedule-ab/parameters-B-relcap-v3.json --epochs 12 --training-step-limit 40000 --enumerate-checkpoints --seed 20261005 --output /Users/andrew/cursor/drews-chess-machine/experiments/20261005-lr-schedule-ab/results-Bsiluall.json"
[HEALTH] config enabled=true interval=1000 grace=1000 warmup=1000 momentum=0.9 legalMassStall=0.99x8 path=replay actions=non_finite:log,dead_channels:log,value_fc1_zero_velocity:log,illegal_mass:log,gradient_collapse:log,loss_spike:log,policy_offset_drift:log,bn_running_variance_runaway:log,gradient_spike:log,divergence:log,value_saturation:log,value_draw_saturation:log,legal_mass_stall:log,bn_running_variance_jump:log value_fc1_zero_velocity=not_applicable(activation=silu)
[REPLAY] batchSize=4096 reuse=0.48 K=8533 minPrefill=250000 stepLimit=40000 epochLimit=12
[REPLAY] pre-filled: bufCount=250052 positionsFed=250052 gwarning: loc(fused["mps_add_21"("(mpsFileLoc): /AppleInternal/Library/BuildRoots/4~CYf0ugAFA2MHVp9fguae4KUVbl8-CIxgGlWKSUA/Library/Caches/com.apple.xbs/TemporaryDirectory.p76yMP/Sources/MetalPerformanceShadersGraph/mpsgraph/MetalPerformanceShadersGraph/Core/Files/MPSGraphUtilities.mm":234:0), "ane_validation_message"("Incompatible element type for ANE: expected fp16, f8E4M3, si8, ui8, si16, or ui16":0:0)]): Reached maxReorderingDistance 10
warning: loc(fused["mps_add_21"("(mpsFileLoc): /AppleInternal/Library/BuildRoots/4~CYf0ugAFA2MHVp9fguae4KUVbl8-CIxgGlWKSUA/Library/Caches/com.apple.xbs/TemporaryDirectory.p76yMP/Sources/MetalPerformanceShadersGraph/mpsgraph/MetalPerformanceShadersGraph/Core/Files/MPSGraphUtilities.mm":234:0), "ane_validation_message"("Incompatible element type for ANE: expected fp16, f8E4M3, si8, ui8, si16, or ui16":0:0)]): Reached maxReorderingDistance 10
warning: loc(fused["mps_add_27"("(mpsFileLoc): /AppleInternal/Library/BuildRoots/4~CYf0ugAFA2MHVp9fguae4KUVbl8-CIxgGlWKSUA/Library/Caches/com.apple.xbs/TemporaryDirectory.p76yMP/Sources/MetalPerformanceShadersGraph/mpsgraph/MetalPerformanceShadersGraph/Core/Files/MPSGraphUtilities.mm":234:0), "ane_validation_message"("Incompatible element type for ANE: expected fp16, f8E4M3, si8, ui8, si16, or ui16":0:0)]): Reached maxReorderingDistance 10
warning: loc(fused["mps_add_27"("(mpsFileLoc): /AppleInternal/Library/BuildRoots/4~CYf0ugAFA2MHVp9fguae4KUVbl8-CIxgGlWKSUA/Library/Caches/com.apple.xbs/TemporaryDirectory.p76yMP/Sources/MetalPerformanceShadersGraph/mpsgraph/MetalPerformanceShadersGraph/Core/Files/MPSGraphUtilities.mm":234:0), "ane_validation_message"("Incompatible element type for ANE: expected fp16, f8E4M3, si8, ui8, si16, or ui16":0:0)]): Reached maxReorderingDistance 10
warning: loc(fused["mps_add_39"("(mpsFileLoc): /AppleInternal/Library/BuildRoots/4~CYf0ugAFA2MHVp9fguae4KUVbl8-CIxgGlWKSUA/Library/Caches/com.apple.xbs/TemporaryDirectory.p76yMP/Sources/MetalPerformanceShadersGraph/mpsgraph/MetalPerformanceShadersGraph/Core/Files/MPSGraphUtilities.mm":234:0), "ane_validation_message"("Incompatible element type for ANE: expected fp16, f8E4M3, si8, ui8, si16, or ui16":0:0)]): Reached maxReorderingDistance 10
warning: loc(fused["mps_add_39"("(mpsFileLoc): /AppleInternal/Library/BuildRoots/4~CYf0ugAFA2MHVp9fguae4KUVbl8-CIxgGlWKSUA/Library/Caches/com.apple.xbs/TemporaryDirectory.p76yMP/Sources/MetalPerformanceShadersGraph/mpsgraph/MetalPerformanceShadersGraph/Core/Files/MPSGraphUtilities.mm":234:0), "ane_validation_message"("Incompatible element type for ANE: expected fp16, f8E4M3, si8, ui8, si16, or ui16":0:0)]): Reached maxReorderingDistance 10
warning: loc(fused["mps_add_51"("(mpsFileLoc): /AppleInternal/Library/BuildRoots/4~CYf0ugAFA2MHVp9fguae4KUVbl8-CIxgGlWKSUA/Library/Caches/com.apple.xbs/TemporaryDirectory.p76yMP/Sources/MetalPerformanceShadersGraph/mpsgraph/MetalPerformanceShadersGraph/Core/Files/MPSGraphUtilities.mm":234:0), "ane_validation_message"("Incompatible element type for ANE: expected fp16, f8E4M3, si8, ui8, si16, or ui16":0:0)]): Reached maxReorderingDistance 10
warning: loc(fused["mps_add_21"("(mpsFileLoc): /AppleInternal/Library/BuildRoots/4~CYf0ugAFA2MHVp9fguae4KUVbl8-CIxgGlWKSUA/Library/Caches/com.apple.xbs/TemporaryDirectory.p76yMP/Sources/MetalPerformanceShadersGraph/mpsgraph/MetalPerformanceShadersGraph/Core/Files/MPSGraphUtilities.mm":234:0), "ane_validation_message"("Incompatible element type for ANE: expected fp16, f8E4M3, si8, ui8, si16, or ui16":0:0)]): Reached maxReorderingDistance 10
warning: loc(fused["mps_add_21"("(mpsFileLoc): /AppleInternal/Library/BuildRoots/4~CYf0ugAFA2MHVp9fguae4KUVbl8-CIxgGlWKSUA/Library/Caches/com.apple.xbs/TemporaryDirectory.p76yMP/Sources/MetalPerformanceShadersGraph/mpsgraph/MetalPerformanceShadersGraph/Core/Files/MPSGraphUtilities.mm":234:0), "ane_validation_message"("Incompatible element type for ANE: expected fp16, f8E4M3, si8, ui8, si16, or ui16":0:0)]): Reached maxReorderingDistance 10
warning: loc(fused["mps_add_27"("(mpsFileLoc): /AppleInternal/Library/BuildRoots/4~CYf0ugAFA2MHVp9fguae4KUVbl8-CIxgGlWKSUA/Library/Caches/com.apple.xbs/TemporaryDirectory.p76yMP/Sources/MetalPerformanceShadersGraph/mpsgraph/MetalPerformanceShadersGraph/Core/Files/MPSGraphUtilities.mm":234:0), "ane_validation_message"("Incompatible element type for ANE: expected fp16, f8E4M3, si8, ui8, si16, or ui16":0:0)]): Reached maxReorderingDistance 10
warning: loc(fused["mps_add_27"("(mpsFileLoc): /AppleInternal/Library/BuildRoots/4~CYf0ugAFA2MHVp9fguae4KUVbl8-CIxgGlWKSUA/Library/Caches/com.apple.xbs/TemporaryDirectory.p76yMP/Sources/MetalPerformanceShadersGraph/mpsgraph/MetalPerformanceShadersGraph/Core/Files/MPSGraphUtilities.mm":234:0), "ane_validation_message"("Incompatible element type for ANE: expected fp16, f8E4M3, si8, ui8, si16, or ui16":0:0)]): Reached maxReorderingDistance 10
warning: loc(fused["mps_add_39"("(mpsFileLoc): /AppleInternal/Library/BuildRoots/4~CYf0ugAFA2MHVp9fguae4KUVbl8-CIxgGlWKSUA/Library/Caches/com.apple.xbs/TemporaryDirectory.p76yMP/Sources/MetalPerformanceShadersGraph/mpsgraph/MetalPerformanceShadersGraph/Core/Files/MPSGraphUtilities.mm":234:0), "ane_validation_message"("Incompatible element type for ANE: expected fp16, f8E4M3, si8, ui8, si16, or ui16":0:0)]): Reached maxReorderingDistance 10
warning: loc(fused["mps_add_39"("(mpsFileLoc): /AppleInternal/Library/BuildRoots/4~CYf0ugAFA2MHVp9fguae4KUVbl8-CIxgGlWKSUA/Library/Caches/com.apple.xbs/TemporaryDirectory.p76yMP/Sources/MetalPerformanceShadersGraph/mpsgraph/MetalPerformanceShadersGraph/Core/Files/MPSGraphUtilities.mm":234:0), "ane_validation_message"("Incompatible element type for ANE: expected fp16, f8E4M3, si8, ui8, si16, or ui16":0:0)]): Reached maxReorderingDistance 10
warning: loc(fused["mps_add_51"("(mpsFileLoc): /AppleInternal/Library/BuildRoots/4~CYf0ugAFA2MHVp9fguae4KUVbl8-CIxgGlWKSUA/Library/Caches/com.apple.xbs/TemporaryDirectory.p76yMP/Sources/MetalPerformanceShadersGraph/mpsgraph/MetalPerformanceShadersGraph/Core/Files/MPSGraphUtilities.mm":234:0), "ane_validation_message"("Incompatible element type for ANE: expected fp16, f8E4M3, si8, ui8, si16, or ui16":0:0)]): Reached maxReorderingDistance 10
warning: loc(fused["mps_add_21"("(mpsFileLoc): /AppleInternal/Library/BuildRoots/4~CYf0ugAFA2MHVp9fguae4KUVbl8-CIxgGlWKSUA/Library/Caches/com.apple.xbs/TemporaryDirectory.p76yMP/Sources/MetalPerformanceShadersGraph/mpsgraph/MetalPerformanceShadersGraph/Core/Files/MPSGraphUtilities.mm":234:0), "ane_validation_message"("Incompatible element type for ANE: expected fp16, f8E4M3, si8, ui8, si16, or ui16":0:0)]): Reached maxReorderingDistance 10
warning: loc(fused["mps_add_21"("(mpsFileLoc): /AppleInternal/Library/BuildRoots/4~CYf0ugAFA2MHVp9fguae4KUVbl8-CIxgGlWKSUA/Library/Caches/com.apple.xbs/TemporaryDirectory.p76yMP/Sources/MetalPerformanceShadersGraph/mpsgraph/MetalPerformanceShadersGraph/Core/Files/MPSGraphUtilities.mm":234:0), "ane_validation_message"("Incompatible element type for ANE: expected fp16, f8E4M3, si8, ui8, si16, or ui16":0:0)]): Reached maxReorderingDistance 10
warning: loc(fused["mps_add_27"("(mpsFileLoc): /AppleInternal/Library/BuildRoots/4~CYf0ugAFA2MHVp9fguae4KUVbl8-CIxgGlWKSUA/Library/Caches/com.apple.xbs/TemporaryDirectory.p76yMP/Sources/MetalPerformanceShadersGraph/mpsgraph/MetalPerformanceShadersGraph/Core/Files/MPSGraphUtilities.mm":234:0), "ane_validation_message"("Incompatible element type for ANE: expected fp16, f8E4M3, si8, ui8, si16, or ui16":0:0)]): Reached maxReorderingDistance 10
warning: loc(fused["mps_add_27"("(mpsFileLoc): /AppleInternal/Library/BuildRoots/4~CYf0ugAFA2MHVp9fguae4KUVbl8-CIxgGlWKSUA/Library/Caches/com.apple.xbs/TemporaryDirectory.p76yMP/Sources/MetalPerformanceShadersGraph/mpsgraph/MetalPerformanceShadersGraph/Core/Files/MPSGraphUtilities.mm":234:0), "ane_validation_message"("Incompatible element type for ANE: expected fp16, f8E4M3, si8, ui8, si16, or ui16":0:0)]): Reached maxReorderingDistance 10
warning: loc(fused["mps_add_39"("(mpsFileLoc): /AppleInternal/Library/BuildRoots/4~CYf0ugAFA2MHVp9fguae4KUVbl8-CIxgGlWKSUA/Library/Caches/com.apple.xbs/TemporaryDirectory.p76yMP/Sources/MetalPerformanceShadersGraph/mpsgraph/MetalPerformanceShadersGraph/Core/Files/MPSGraphUtilities.mm":234:0), "ane_validation_message"("Incompatible element type for ANE: expected fp16, f8E4M3, si8, ui8, si16, or ui16":0:0)]): Reached maxReorderingDistance 10
warning: loc(fused["mps_add_39"("(mpsFileLoc): /AppleInternal/Library/BuildRoots/4~CYf0ugAFA2MHVp9fguae4KUVbl8-CIxgGlWKSUA/Library/Caches/com.apple.xbs/TemporaryDirectory.p76yMP/Sources/MetalPerformanceShadersGraph/mpsgraph/MetalPerformanceShadersGraph/Core/Files/MPSGraphUtilities.mm":234:0), "ane_validation_message"("Incompatible element type for ANE: expected fp16, f8E4M3, si8, ui8, si16, or ui16":0:0)]): Reached maxReorderingDistance 10
warning: loc(fused["mps_add_51"("(mpsFileLoc): /AppleInternal/Library/BuildRoots/4~CYf0ugAFA2MHVp9fguae4KUVbl8-CIxgGlWKSUA/Library/Caches/com.apple.xbs/TemporaryDirectory.p76yMP/Sources/MetalPerformanceShadersGraph/mpsgraph/MetalPerformanceShadersGraph/Core/Files/MPSGraphUtilities.mm":234:0), "ane_validation_message"("Incompatible element type for ANE: expected fp16, f8E4M3, si8, ui8, si16, or ui16":0:0)]): Reached maxReorderingDistance 10
amesFed=3777 rejected=0 skipped=0
[GRAD-CLIP] trainerStep=1 preNorm=21.7218 cap=15.0000 decided=15.0000 binding=hard applied=true mode=clip median=none n=0 k=3 floor=0.5 hardMax=15 ratio=none lr=0
[REPLAY] step=1 loss=11.6037 pLoss=8.4751 vLoss=2.1348 pEnt=-- pIllM=0.9938 playedP=-- pW=-- pD=-- pL=-- vAbs=-- pLogitMean=-- vLogitMean=-- gNorm=21.722 lr=0.001 ms=4634.4 buf=250052 plies=250052 games=3777 rejected=0 skipped=0 epoch=0 mom=0.8500 lrCyc[pk=1.0e+00,tr=1.0e-03] gNormMax=21.7218 clips=1 gCap=15.0000 trainerStep=1
[LAYER-HEALTH] live trainerStep=1 scope=batch_norm_state_only reluSites=0/10 dead=n/a off=n/a alwaysOn=n/a (no relu/leaky_relu BN sites) rvMaxOverMedian=3.2@stem.bn[47] rvOver10xMedian=0 rezero=none nonFinite=0 parkedSites=9/10 parkedCh=1040 parked=0 parkedOff=0 parkedBy=none
[GRAD-CLIP] trainerStep=2 preNorm=21.0839 cap=15.0000 decided=15.0000 binding=hard applied=true mode=clip median=none n=0 k=3 floor=0.5 hardMax=15 ratio=none lr=0.001
[GRAD-CLIP] trainerStep=3 preNorm=19.6405 cap=15.0000 decided=15.0000 binding=hard applied=true mode=clip median=none n=0 k=3 floor=0.5 hardMax=15 ratio=none lr=0.002
[REPLAY] step=50 loss=5.1889 pLoss=4.0442 vLoss=0.8790 pEnt=2.727 pIllM=0.2657 playedP=0.086 pW=0.49 pD=0.07 pL=0.44 vAbs=0.125 pLogitMean=0.1029 vLogitMean=1.5288 gNorm=2.783 lr=0.05 ms=2235.4 buf=500000 plies=668192 games=10125 rejected=0 skipped=0 epoch=0 mom=0.8500 lrCyc[pk=1.0e+00,tr=1.0e-03] gNormMax=21.0839 clips=2 gCap=15.0000 trainerStep=50
[LAYER-HEALTH] live trainerStep=50 scope=batch_norm_state_only reluSites=0/10 dead=n/a off=n/a alwaysOn=n/a (no relu/leaky_relu BN sites) rvMaxOverMedian=3.2@stem.bn[47] rvOver10xMedian=0 rezero=none nonFinite=0 parkedSites=9/10 parkedCh=1040 parked=0 parkedOff=0 parkedBy=none
[HEALTH] rule value_fc1_zero_velocity does not apply: value FC1 activation is silu, not relu
[REPLAY] step=100 loss=4.4169 pLoss=3.4189 vLoss=0.8464 pEnt=2.845 pIllM=0.1515 playedP=0.105 pW=0.45 pD=0.06 pL=0.49 vAbs=0.180 pLogitMean=0.1853 vLogitMean=1.4901 gNorm=2.296 lr=0.1 ms=3291.5 buf=500000 plies=1094822 games=16614 rejected=0 skipped=0 epoch=0 mom=0.8500 lrCyc[pk=1.0e+00,tr=1.0e-03] gNormMax=3.5939 clips=0 gCap=15.0000 trainerStep=100
[LAYER-HEALTH] live trainerStep=100 scope=batch_norm_state_only reluSites=0/10 dead=n/a off=n/a alwaysOn=n/a (no relu/leaky_relu BN sites) rvMaxOverMedian=3.5@stem.bn[47] rvOver10xMedian=0 rezero=none nonFinite=0 parkedSites=9/10 parkedCh=1040 parked=0 parkedOff=0 parkedBy=none
[REPLAY] step=150 loss=4.2226 pLoss=3.2706 vLoss=0.8298 pEnt=2.813 pIllM=0.1222 playedP=0.124 pW=0.51 pD=0.06 pL=0.42 vAbs=0.190 pLogitMean=0.2042 vLogitMean=1.3619 gNorm=1.451 lr=0.15 ms=2850.8 buf=500000 plies=1521507 games=23047 rejected=0 skipped=0 epoch=0 mom=0.8500 lrCyc[pk=1.0e+00,tr=1.0e-03] gNormMax=3.1824 clips=0 gCap=6.2445 trainerStep=150
[LAYER-HEALTH] live trainerStep=150 scope=batch_norm_state_only reluSites=0/10 dead=n/a off=n/a alwaysOn=n/a (no relu/leaky_relu BN sites) rvMaxOverMedian=4.0@stem.bn[110] rvOver10xMedian=0 rezero=none nonFinite=0 parkedSites=9/10 parkedCh=1040 parked=0 parkedOff=0 parkedBy=none
[REPLAY] step=200 loss=4.1750 pLoss=3.2454 vLoss=0.8127 pEnt=2.838 pIllM=0.1169 playedP=0.119 pW=0.50 pD=0.06 pL=0.44 vAbs=0.212 pLogitMean=0.1879 vLogitMean=1.1354 gNorm=1.610 lr=0.2 ms=2580.2 buf=500000 plies=1948135 games=29513 rejected=0 skipped=0 epoch=0 mom=0.8500 lrCyc[pk=1.0e+00,tr=1.0e-03] gNormMax=4.4596 clips=0 gCap=6.0501 trainerStep=200
[LAYER-HEALTH] live trainerStep=200 scope=batch_norm_state_only reluSites=0/10 dead=n/a off=n/a alwaysOn=n/a (no relu/leaky_relu BN sites) rvMaxOverMedian=9.9@stem.bn[14] rvOver10xMedian=0 rezero=none nonFinite=0 parkedSites=9/10 parkedCh=1040 parked=0 parkedOff=0 parkedBy=none
[REPLAY] step=250 loss=4.1761 pLoss=3.2323 vLoss=0.8141 pEnt=2.789 pIllM=0.1297 playedP=0.120 pW=0.48 pD=0.06 pL=0.46 vAbs=0.194 pLogitMean=0.1482 vLogitMean=0.9596 gNorm=1.288 lr=0.25 ms=2419.1 buf=500000 plies=2374804 games=35963 rejected=0 skipped=0 epoch=0 mom=0.8500 lrCyc[pk=1.0e+00,tr=1.0e-03] gNormMax=2.6222 clips=0 gCap=5.6633 trainerStep=250
[LAYER-HEALTH] live trainerStep=250 scope=batch_norm_state_only reluSites=0/10 dead=n/a off=n/a alwaysOn=n/a (no relu/leaky_relu BN sites) rvMaxOverMedian=16.4@stem.bn[14] rvOver10xMedian=2 rezero=none nonFinite=0 parkedSites=9/10 parkedCh=1040 parked=0 parkedOff=0 parkedBy=none
[REPLAY] step=300 loss=4.1037 pLoss=3.1835 vLoss=0.8094 pEnt=2.769 pIllM=0.1109 playedP=0.130 pW=0.46 pD=0.06 pL=0.48 vAbs=0.202 pLogitMean=0.0880 vLogitMean=0.8029 gNorm=1.254 lr=0.3 ms=2839.5 buf=500000 plies=2801422 games=42394 rejected=0 skipped=0 epoch=0 mom=0.8500 lrCyc[pk=1.0e+00,tr=1.0e-03] gNormMax=2.1346 clips=0 gCap=5.3587 trainerStep=300
[LAYER-HEALTH] live trainerStep=300 scope=batch_norm_state_only reluSites=0/10 dead=n/a off=n/a alwaysOn=n/a (no relu/leaky_relu BN sites) rvMaxOverMedian=14.8@stem.bn[14] rvOver10xMedian=2 rezero=none nonFinite=0 parkedSites=9/10 parkedCh=1040 parked=0 parkedOff=0 parkedBy=none
[REPLAY] step=350 loss=3.9585 pLoss=3.0827 vLoss=0.8043 pEnt=2.810 pIllM=0.0715 playedP=0.129 pW=0.46 pD=0.06 pL=0.48 vAbs=0.193 pLogitMean=0.0301 vLogitMean=0.7192 gNorm=0.940 lr=0.35 ms=2200.0 buf=500000 plies=3228166 games=48821 rejected=0 skipped=0 epoch=0 mom=0.8500 lrCyc[pk=1.0e+00,tr=1.0e-03] gNormMax=2.0228 clips=0 gCap=5.1309 trainerStep=350
[LAYER-HEALTH] live trainerStep=350 scope=batch_norm_state_only reluSites=0/10 dead=n/a off=n/a alwaysOn=n/a (no relu/leaky_relu BN sites) rvMaxOverMedian=9.8@stem.bn[14] rvOver10xMedian=0 rezero=none nonFinite=0 parkedSites=9/10 parkedCh=1040 parked=0 parkedOff=0 parkedBy=none
[REPLAY] step=400 loss=4.0016 pLoss=3.1211 vLoss=0.8062 pEnt=2.796 pIllM=0.0744 playedP=0.129 pW=0.48 pD=0.06 pL=0.46 vAbs=0.201 pLogitMean=-0.1227 vLogitMean=0.8370 gNorm=0.892 lr=0.4 ms=2632.8 buf=500000 plies=3654819 games=55255 rejected=0 skipped=0 epoch=0 mom=0.8500 lrCyc[pk=1.0e+00,tr=1.0e-03] gNormMax=2.0874 clips=0 gCap=4.9386 trainerStep=400
[LAYER-HEALTH] live trainerStep=400 scope=batch_norm_state_only reluSites=0/10 dead=n/a off=n/a alwaysOn=n/a (no relu/leaky_relu BN sites) rvMaxOverMedian=5.8@stem.bn[14] rvOver10xMedian=0 rezero=none nonFinite=0 parkedSites=9/10 parkedCh=1040 parked=0 parkedOff=0 parkedBy=none
[REPLAY] step=450 loss=4.1535 pLoss=3.2497 vLoss=0.8192 pEnt=2.732 pIllM=0.0847 playedP=0.118 pW=0.46 pD=0.06 pL=0.48 vAbs=0.181 pLogitMean=-0.2224 vLogitMean=0.7396 gNorm=1.473 lr=0.45 ms=2597.7 buf=500000 plies=4081392 games=61710 rejected=0 skipped=0 epoch=0 mom=0.8500 lrCyc[pk=1.0e+00,tr=1.0e-03] gNormMax=2.0612 clips=0 gCap=4.6763 trainerStep=450
[LAYER-HEALTH] live trainerStep=450 scope=batch_norm_state_only reluSites=0/10 dead=n/a off=n/a alwaysOn=n/a (no relu/leaky_relu BN sites) rvMaxOverMedian=11.9@stem.bn[69] rvOver10xMedian=1 rezero=none nonFinite=0 parkedSites=9/10 parkedCh=1040 parked=0 parkedOff=0 parkedBy=none
[REPLAY] step=500 loss=3.8775 pLoss=3.0160 vLoss=0.8082 pEnt=2.887 pIllM=0.0533 playedP=0.123 pW=0.48 pD=0.06 pL=0.46 vAbs=0.230 pLogitMean=-0.3842 vLogitMean=0.6584 gNorm=0.754 lr=0.5 ms=2777.1 buf=500000 plies=4508091 games=68143 rejected=0 skipped=0 epoch=0 mom=0.8500 lrCyc[pk=1.0e+00,tr=1.0e-03] gNormMax=1.9104 clips=0 gCap=4.5413 trainerStep=500
[LAYER-HEALTH] live trainerStep=500 scope=batch_norm_state_only reluSites=0/10 dead=n/a off=n/a alwaysOn=n/a (no relu/leaky_relu BN sites) rvMaxOverMedian=12.9@stem.bn[69] rvOver10xMedian=1 rezero=none nonFinite=0 parkedSites=9/10 parkedCh=1040 parked=0 parkedOff=0 parkedBy=none
[REPLAY] step=550 loss=3.8989 pLoss=3.0343 vLoss=0.8149 pEnt=2.799 pIllM=0.0497 playedP=0.142 pW=0.46 pD=0.07 pL=0.47 vAbs=0.187 pLogitMean=-0.5278 vLogitMean=0.6352 gNorm=0.923 lr=0.55 ms=2951.9 buf=500000 plies=4934688 games=74611 rejected=0 skipped=0 epoch=0 mom=0.8500 lrCyc[pk=1.0e+00,tr=1.0e-03] gNormMax=1.5834 clips=0 gCap=4.3138 trainerStep=550
[LAYER-HEALTH] live trainerStep=550 scope=batch_norm_state_only reluSites=0/10 dead=n/a off=n/a alwaysOn=n/a (no relu/leaky_relu BN sites) rvMaxOverMedian=9.2@stem.bn[69] rvOver10xMedian=0 rezero=none nonFinite=0 parkedSites=9/10 parkedCh=1040 parked=0 parkedOff=0 parkedBy=none
[REPLAY] step=600 loss=3.8913 pLoss=3.0112 vLoss=0.8323 pEnt=2.853 pIllM=0.0478 playedP=0.139 pW=0.50 pD=0.08 pL=0.43 vAbs=0.187 pLogitMean=-0.7341 vLogitMean=0.5623 gNorm=0.540 lr=0.6 ms=2230.7 buf=500000 plies=5361349 games=81137 rejected=0 skipped=0 epoch=0 mom=0.8500 lrCyc[pk=1.0e+00,tr=1.0e-03] gNormMax=1.5901 clips=0 gCap=4.1440 trainerStep=600
[LAYER-HEALTH] live trainerStep=600 scope=batch_norm_state_only reluSites=0/10 dead=n/a off=n/a alwaysOn=n/a (no relu/leaky_relu BN sites) rvMaxOverMedian=9.5@blocks.0.bn2[96] rvOver10xMedian=0 rezero=none nonFinite=0 parkedSites=9/10 parkedCh=1040 parked=0 parkedOff=0 parkedBy=none
[REPLAY] step=650 loss=4.0629 pLoss=3.1673 vLoss=0.8066 pEnt=2.748 pIllM=0.0889 playedP=0.138 pW=0.51 pD=0.05 pL=0.44 vAbs=0.223 pLogitMean=-0.9384 vLogitMean=0.5547 gNorm=1.026 lr=0.65 ms=2680.8 buf=500000 plies=5787980 games=87653 rejected=0 skipped=0 epoch=0 mom=0.8500 lrCyc[pk=1.0e+00,tr=1.0e-03] gNormMax=1.4923 clips=0 gCap=3.9326 trainerStep=650
[LAYER-HEALTH] live trainerStep=650 scope=batch_norm_state_only reluSites=0/10 dead=n/a off=n/a alwaysOn=n/a (no relu/leaky_relu BN sites) rvMaxOverMedian=17.1@blocks.0.bn2[96] rvOver10xMedian=1 rezero=none nonFinite=0 parkedSites=9/10 parkedCh=1040 parked=0 parkedOff=0 parkedBy=none
[REPLAY] step=700 loss=3.8661 pLoss=3.0203 vLoss=0.8097 pEnt=2.837 pIllM=0.0360 playedP=0.135 pW=0.45 pD=0.07 pL=0.48 vAbs=0.201 pLogitMean=-1.1122 vLogitMean=0.5346 gNorm=0.728 lr=0.7 ms=2747.5 buf=500000 plies=6214635 games=94100 rejected=0 skipped=0 epoch=0 mom=0.8500 lrCyc[pk=1.0e+00,tr=1.0e-03] gNormMax=0.9392 clips=0 gCap=3.7286 trainerStep=700
[LAYER-HEALTH] live trainerStep=700 scope=batch_norm_state_only reluSites=0/10 dead=n/a off=n/a alwaysOn=n/a (no relu/leaky_relu BN sites) rvMaxOverMedian=15.4@blocks.0.bn2[96] rvOver10xMedian=1 rezero=none nonFinite=0 parkedSites=9/10 parkedCh=1040 parked=0 parkedOff=0 parkedBy=none
[REPLAY] step=750 loss=3.7689 pLoss=2.9296 vLoss=0.8022 pEnt=2.877 pIllM=0.0371 playedP=0.135 pW=0.43 pD=0.06 pL=0.52 vAbs=0.215 pLogitMean=-1.2669 vLogitMean=0.5081 gNorm=0.630 lr=0.75 ms=2878.6 buf=500000 plies=6641305 games=100549 rejected=0 skipped=0 epoch=0 mom=0.8500 lrCyc[pk=1.0e+00,tr=1.0e-03] gNormMax=0.9026 clips=0 gCap=3.4533 trainerStep=750
[LAYER-HEALTH] live trainerStep=750 scope=batch_norm_state_only reluSites=0/10 dead=n/a off=n/a alwaysOn=n/a (no relu/leaky_relu BN sites) rvMaxOverMedian=13.2@blocks.0.bn2[96] rvOver10xMedian=1 rezero=none nonFinite=0 parkedSites=9/10 parkedCh=1040 parked=0 parkedOff=0 parkedBy=none
[REPLAY] step=800 loss=3.9486 pLoss=3.1068 vLoss=0.8051 pEnt=2.768 pIllM=0.0367 playedP=0.142 pW=0.51 pD=0.06 pL=0.43 vAbs=0.212 pLogitMean=-1.4826 vLogitMean=0.4903 gNorm=0.947 lr=0.8 ms=2874.9 buf=500000 plies=7067936 games=106984 rejected=0 skipped=0 epoch=0 mom=0.8500 lrCyc[pk=1.0e+00,tr=1.0e-03] gNormMax=0.9486 clips=0 gCap=3.2911 trainerStep=800
[LAYER-HEALTH] live trainerStep=800 scope=batch_norm_state_only reluSites=0/10 dead=n/a off=n/a alwaysOn=n/a (no relu/leaky_relu BN sites) rvMaxOverMedian=11.4@blocks.0.bn2[96] rvOver10xMedian=1 rezero=none nonFinite=0 parkedSites=9/10 parkedCh=1040 parked=0 parkedOff=0 parkedBy=none
[REPLAY] step=850 loss=3.7479 pLoss=2.9094 vLoss=0.8022 pEnt=2.853 pIllM=0.0363 playedP=0.142 pW=0.47 pD=0.06 pL=0.47 vAbs=0.238 pLogitMean=-1.7542 vLogitMean=0.5397 gNorm=0.557 lr=0.85 ms=3232.7 buf=500000 plies=7494593 games=113499 rejected=0 skipped=0 epoch=0 mom=0.8500 lrCyc[pk=1.0e+00,tr=1.0e-03] gNormMax=1.0456 clips=0 gCap=3.1197 trainerStep=850
[LAYER-HEALTH] live trainerStep=850 scope=batch_norm_state_only reluSites=0/10 dead=n/a off=n/a alwaysOn=n/a (no relu/leaky_relu BN sites) rvMaxOverMedian=10.9@blocks.0.bn2[96] rvOver10xMedian=1 rezero=none nonFinite=0 parkedSites=9/10 parkedCh=1040 parked=0 parkedOff=0 parkedBy=none
[REPLAY] step=900 loss=3.7782 pLoss=2.9512 vLoss=0.7973 pEnt=2.818 pIllM=0.0297 playedP=0.149 pW=0.47 pD=0.06 pL=0.47 vAbs=0.216 pLogitMean=-2.0702 vLogitMean=0.5045 gNorm=0.494 lr=0.9 ms=2390.8 buf=500000 plies=7921223 games=119988 rejected=0 skipped=0 epoch=0 mom=0.85warning: loc(fused["mps_add_21"("(mpsFileLoc): /AppleInternal/Library/BuildRoots/4~CYf0ugAFA2MHVp9fguae4KUVbl8-CIxgGlWKSUA/Library/Caches/com.apple.xbs/TemporaryDirectory.p76yMP/Sources/MetalPerformanceShadersGraph/mpsgraph/MetalPerformanceShadersGraph/Core/Files/MPSGraphUtilities.mm":234:0), "ane_validation_message"("Incompatible element type for ANE: expected fp16, f8E4M3, si8, ui8, si16, or ui16":0:0)]): Reached maxReorderingDistance 10
warning: loc(fused["mps_add_21"("(mpsFileLoc): /AppleInternal/Library/BuildRoots/4~CYf0ugAFA2MHVp9fguae4KUVbl8-CIxgGlWKSUA/Library/Caches/com.apple.xbs/TemporaryDirectory.p76yMP/Sources/MetalPerformanceShadersGraph/mpsgraph/MetalPerformanceShadersGraph/Core/Files/MPSGraphUtilities.mm":234:0), "ane_validation_message"("Incompatible element type for ANE: expected fp16, f8E4M3, si8, ui8, si16, or ui16":0:0)]): Reached maxReorderingDistance 10
warning: loc(fused["mps_add_27"("(mpsFileLoc): /AppleInternal/Library/BuildRoots/4~CYf0ugAFA2MHVp9fguae4KUVbl8-CIxgGlWKSUA/Library/Caches/com.apple.xbs/TemporaryDirectory.p76yMP/Sources/MetalPerformanceShadersGraph/mpsgraph/MetalPerformanceShadersGraph/Core/Files/MPSGraphUtilities.mm":234:0), "ane_validation_message"("Incompatible element type for ANE: expected fp16, f8E4M3, si8, ui8, si16, or ui16":0:0)]): Reached maxReorderingDistance 10
warning: loc(fused["mps_add_27"("(mpsFileLoc): /AppleInternal/Library/BuildRoots/4~CYf0ugAFA2MHVp9fguae4KUVbl8-CIxgGlWKSUA/Library/Caches/com.apple.xbs/TemporaryDirectory.p76yMP/Sources/MetalPerformanceShadersGraph/mpsgraph/MetalPerformanceShadersGraph/Core/Files/MPSGraphUtilities.mm":234:0), "ane_validation_message"("Incompatible element type for ANE: expected fp16, f8E4M3, si8, ui8, si16, or ui16":0:0)]): Reached maxReorderingDistance 10
warning: loc(fused["mps_add_39"("(mpsFileLoc): /AppleInternal/Library/BuildRoots/4~CYf0ugAFA2MHVp9fguae4KUVbl8-CIxgGlWKSUA/Library/Caches/com.apple.xbs/TemporaryDirectory.p76yMP/Sources/MetalPerformanceShadersGraph/mpsgraph/MetalPerformanceShadersGraph/Core/Files/MPSGraphUtilities.mm":234:0), "ane_validation_message"("Incompatible element type for ANE: expected fp16, f8E4M3, si8, ui8, si16, or ui16":0:0)]): Reached maxReorderingDistance 10
warning: loc(fused["mps_add_39"("(mpsFileLoc): /AppleInternal/Library/BuildRoots/4~CYf0ugAFA2MHVp9fguae4KUVbl8-CIxgGlWKSUA/Library/Caches/com.apple.xbs/TemporaryDirectory.p76yMP/Sources/MetalPerformanceShadersGraph/mpsgraph/MetalPerformanceShadersGraph/Core/Files/MPSGraphUtilities.mm":234:0), "ane_validation_message"("Incompatible element type for ANE: expected fp16, f8E4M3, si8, ui8, si16, or ui16":0:0)]): Reached maxReorderingDistance 10
warning: loc(fused["mps_add_51"("(mpsFileLoc): /AppleInternal/Library/BuildRoots/4~CYf0ugAFA2MHVp9fguae4KUVbl8-CIxgGlWKSUA/Library/Caches/com.apple.xbs/TemporaryDirectory.p76yMP/Sources/MetalPerformanceShadersGraph/mpsgraph/MetalPerformanceShadersGraph/Core/Files/MPSGraphUtilities.mm":234:0), "ane_validation_message"("Incompatible element type for ANE: expected fp16, f8E4M3, si8, ui8, si16, or ui16":0:0)]): Reached maxReorderingDistance 10
00 lrCyc[pk=1.0e+00,tr=1.0e-03] gNormMax=0.8507 clips=0 gCap=2.9799 trainerStep=900
[LAYER-HEALTH] live trainerStep=900 scope=batch_norm_state_only reluSites=0/10 dead=n/a off=n/a alwaysOn=n/a (no relu/leaky_relu BN sites) rvMaxOverMedian=10.0@blocks.0.bn2[96] rvOver10xMedian=0 rezero=none nonFinite=0 parkedSites=9/10 parkedCh=1040 parked=0 parkedOff=0 parkedBy=none
[REPLAY] step=950 loss=3.7391 pLoss=2.9268 vLoss=0.7846 pEnt=2.861 pIllM=0.0277 playedP=0.145 pW=0.48 pD=0.06 pL=0.46 vAbs=0.214 pLogitMean=-2.3357 vLogitMean=0.5453 gNorm=0.428 lr=0.95 ms=2469.1 buf=500000 plies=8347899 games=126489 rejected=0 skipped=0 epoch=0 mom=0.8500 lrCyc[pk=1.0e+00,tr=1.0e-03] gNormMax=0.8822 clips=0 gCap=2.8458 trainerStep=950
[LAYER-HEALTH] live trainerStep=950 scope=batch_norm_state_only reluSites=0/10 dead=n/a off=n/a alwaysOn=n/a (no relu/leaky_relu BN sites) rvMaxOverMedian=22.8@stem.bn[68] rvOver10xMedian=2 rezero=none nonFinite=0 parkedSites=9/10 parkedCh=1040 parked=0 parkedOff=0 parkedBy=none
[REPLAY] step=1000 loss=3.7623 pLoss=2.9282 vLoss=0.8084 pEnt=2.886 pIllM=0.0258 playedP=0.139 pW=0.51 pD=0.06 pL=0.43 vAbs=0.264 pLogitMean=-2.6223 vLogitMean=0.5491 gNorm=0.480 lr=1 ms=3509.7 buf=500000 plies=8774530 games=132916 rejected=0 skipped=0 epoch=0 mom=0.8500 lrCyc[pk=1.0e+00,tr=1.0e-03] gNormMax=0.7831 clips=0 gCap=2.7171 trainerStep=1000
[LAYER-HEALTH] live trainerStep=1000 scope=batch_norm_state_only reluSites=0/10 dead=n/a off=n/a alwaysOn=n/a (no relu/leaky_relu BN sites) rvMaxOverMedian=26.5@stem.bn[68] rvOver10xMedian=2 rezero=none nonFinite=0 parkedSites=9/10 parkedCh=1040 parked=0 parkedOff=0 parkedBy=none
[HEALTH] check trainerStep=1000 generation=0 evaluations=20 live=20 checkpoint=0 stale=0 truncated=0 cost_ms=4.5 train_ms=2284793.9 liveReadFailed=0 lossMaxRatio=1.02 lossMedianRatio=0.95 gradMaxRatio=1.25 rvRiseMax=-- rvOutliers=2/-- nodata=loss_spike:5,gradient_spike:5 active=none
[REPLAY] saved trainer model (autosave) step=1000 trainerStep=1000 nextGame=132916 shard=0 epoch=0 -> 20261008-lrBsiluall-relcap-replay-latest.safetensors
[LAYER-HEALTH] checkpoint replay-autosave step=1000 trainerStep=1000 scope=all_tensors reluSites=0/10 dead=n/a off=n/a alwaysOn=n/a (no relu/leaky_relu BN sites) rvMaxOverMedian=26.5@stem.bn[68] rvOver10xMedian=2 rezero=none nonFinite=0 parkedSites=9/10 parkedCh=1040 parked=0 parkedOff=0 parkedBy=none seZeroVel=none valueFC1ZeroVel=0/128 maxAbs=20.91@blocks.0.bn2.running_var
[LAYER-HEALTH]   batch-norm sites — β/|γ|: dead < -3.00, mostly off < -2.00, always on > +3.00; classified for relu/leaky_relu only
[LAYER-HEALTH]     site            act            ch   dead    off     on  zeroγ nonfin  min β/|γ| [ch]     max β/|γ| [ch]     rv max/median [ch]  rv≥10x
[LAYER-HEALTH]     stem.bn         -             128    n/a    n/a    n/a      0      0     -0.19 [17]         +0.11 [31]           26.5 [68]           1
[LAYER-HEALTH]     blocks.0.bn1    silu          128    n/a    n/a    n/a      0      0     -0.17 [21]         +0.14 [31]            1.5 [31]           0
[LAYER-HEALTH]     blocks.0.bn2    silu          128    n/a    n/a    n/a      0      0     -0.41 [109]        +0.02 [89]           15.0 [96]           1
[LAYER-HEALTH]     blocks.1.bn1    silu          128    n/a    n/a    n/a      0      0     -0.44 [17]         +0.09 [31]            3.8 [31]           0
[LAYER-HEALTH]     blocks.1.bn2    silu          128    n/a    n/a    n/a      0      0     -0.40 [80]         -0.03 [57]            4.4 [22]           0
[LAYER-HEALTH]     blocks.2.bn1    silu          128    n/a    n/a    n/a      0      0     -0.56 [68]         +0.17 [31]            6.1 [31]           0
[LAYER-HEALTH]     blocks.2.bn2    silu          128    n/a    n/a    n/a      0      0     -0.60 [85]         -0.13 [16]            1.8 [26]           0
[LAYER-HEALTH]     tower_final_bn  silu          128    n/a    n/a    n/a      0      0     -0.18 [69]         +0.48 [31]            2.8 [31]           0
[LAYER-HEALTH]     policy.pre_bn   silu          128    n/a    n/a    n/a      0      0     -0.79 [26]         [ALARM] health raise rule=policy_offset_drift severity=warning trainerStep=1150 value=medianAbs=3.2345 threshold=medianAbs>=3 action=log lr=0.985 mom=0.8502
+0.96 [108]           2.3 [82]           0
[LAYER-HEALTH]     value.bn        silu           16    n/a    n/a    n/a      0      0     -0.53 [10]         -0.15 [3]             1.5 [10]           0
[LAYER-HEALTH]   parked channels — every activation: pass-through P = E|f'(γz+β)|, z ~ N(0,1); parked when P above its floor < 0.00135 of the range (Φ(-3)), mostly off < 0.02275 (Φ(-2)); equals dead / off for relu/leaky_relu
[LAYER-HEALTH]     site            act            ch parked    off       min P   median P
[LAYER-HEALTH]     blocks.0.bn1    silu          128      0      0    0.453844   0.508039
[LAYER-HEALTH]     blocks.0.bn2    silu          128      0      0    0.382632   0.478428
[LAYER-HEALTH]     blocks.1.bn1    silu          128      0      0    0.375811   0.485658
[LAYER-HEALTH]     blocks.1.bn2    silu          128      0      0    0.386625   0.464033
[LAYER-HEALTH]     blocks.2.bn1    silu          128      0      0    0.337630   0.462214
[LAYER-HEALTH]     blocks.2.bn2    silu          128      0      0    0.327111   0.440090
[LAYER-HEALTH]     tower_final_bn  silu          128      0      0    0.453719   0.542617
[LAYER-HEALTH]     policy.pre_bn   silu          128      0      0    0.285064   0.490732
[LAYER-HEALTH]     value.bn        silu           16      0      0    0.348867   0.423046
[LAYER-HEALTH]   FC hidden-unit velocity — zero: every weight-velocity entry exactly 0; low: nonzero but < 5% of the layer's p90 unit norm
[LAYER-HEALTH]     value.fc1.weight  silu  units 128  zero 0  low 0  median unit norm 0.009622
[LAYER-HEALTH]     (no SE blocks)
[LAYER-HEALTH]   ReZero: none
[LAYER-HEALTH]   non-finite: 0 values in 0 of 102 tensors (10263038 values examined)
[LAYER-HEALTH]   largest |value|: blocks.0.bn2.running_var 20.91, blocks.1.bn2.running_var 6.75, policy.pre_bn.running_var 4.235, blocks.2.bn2.running_var 4.181, policy.conv.bias 3.009
[REPLAY] enumerated checkpoint -> 20261008-lrBsiluall-relcap-replay-step1000.safetensors
[REPLAY] step=1070 loss=3.7762 pLoss=2.9341 vLoss=0.8122 pEnt=2.825 pIllM=0.0299 playedP=0.152 pW=0.50 pD=0.06 pL=0.44 vAbs=0.224 pLogitMean=-2.9635 vLogitMean=0.5501 gNorm=0.449 lr=0.997 ms=3078.9 buf=500000 plies=9371865 games=142009 rejected=0 skipped=0 epoch=0 mom=0.8500 lrCyc[pk=1.0e+00,tr=1.0e-03] gNormMax=0.6738 clips=0 gCap=2.3609 trainerStep=1070
[LAYER-HEALTH] live trainerStep=1070 scope=batch_norm_state_only reluSites=0/10 dead=n/a off=n/a alwaysOn=n/a (no relu/leaky_relu BN sites) rvMaxOverMedian=28.3@stem.bn[68] rvOver10xMedian=2 rezero=none nonFinite=0 parkedSites=9/10 parkedCh=1040 parked=0 parkedOff=0 parkedBy=none
[REPLAY] step=1150 loss=3.7304 pLoss=2.9087 vLoss=0.8002 pEnt=2.901 pIllM=0.0214 playedP=0.137 pW=0.47 pD=0.07 pL=0.46 vAbs=0.213 pLogitMean=-3.3078 vLogitMean=0.5338 gNorm=0.474 lr=0.985 ms=2778.9 buf=500000 plies=10054477 games=152388 rejected=0 skipped=0 epoch=0 mom=0.8502 lrCyc[pk=1.0e+00,tr=1.0e-03] gNormMax=0.5662 clips=0 gCap=2.0676 trainerStep=1150
[LAYER-HEALTH] live trainerStep=1150 scope=batch_norm_state_only reluSites=0/10 dead=n/a off=n/a alwaysOn=n/a (no relu/leaky_relu BN sites) rvMaxOverMedian=25.9@stem.bn[68] rvOver10xMedian=2 rezero=none nonFinite=0 parkedSites=9/10 parkedCh=1040 parked=0 parkedOff=0 parkedBy=none
[ALARM] health raise rule=policy_offset_drift severity=warning trainerStep=1150 value=medianAbs=3.2345 threshold=medianAbs>=3 action=log lr=0.985 mom=0.8502
[REPLAY] step=1230 loss=3.6563 pLoss=2.8433 vLoss=0.7958 pEnt=2.888 pIllM=0.0172 playedP=0.145 pW=0.47 pD=0.06 pL=0.47 vAbs=0.238 pLogitMean=-3.6059 vLogitMean=0.5476 gNorm=0.396 lr=0.964 ms=2449.8 buf=500000 plies=10737164 games=162872 rejected=0 skipped=0 epoch=0 mom=0.8505 lrCyc[pk=1.0e+00,tr=1.0e-03] gNormMax=0.6971 clips=0 gCap=1.8729 trainerStep=1230
[LAYER-HEALTH] live trainerStep=1230 scope=batch_norm_state_only reluSites=0/10 dead=n/a off=n/a alwaysOn=n/a (no relu/leaky_relu BN sites) rvMaxOverMedian=20.7@stem.bn[68] rvOver10xMedian=2 rezero=none nonFinite=0 parkedSites=9/10 parkedCh=1040 parked=0 parkedOff=0 parkedBy=none
[REPLAY] step=1310 loss=3.6048 pLoss=2.7915 vLoss=0.7975 pEnt=2.874 pIllM=0.0157 playedP=0.151 pW=0.46 pD=0.06 pL=0.48 vAbs=0.263 pLogitMean=-3.8361 vLogitMean=0.4908 gNorm=0.381 lr=0.937 ms=2379.6 buf=500000 plies=11419794 games=173181 rejected=0 skipped=0 epoch=0 mom=0.8509 lrCyc[pk=1.0e+00,tr=1.0e-03] gNormMax=0.5055 clips=0 gCap=1.7280 trainerStep=1310
[LAYER-HEALTH] live trainerStep=1310 scope=batch_norm_state_only reluSites=0/10 dead=n/a off=n/a alwaysOn=n/a (no relu/leaky_relu BN sites) rvMaxOverMedian=15.9@stem.bn[68] rvOver10xMedian=2 rezero=none nonFinite=0 parkedSites=9/10 parkedCh=1040 parked=0 parkedOff=0 parkedBy=none
[REPLAY] step=1400 loss=3.6274 pLoss=2.8233 vLoss=0.7883 pEnt=2.887 pIllM=0.0157 playedP=0.150 pW=0.48 pD=0.06 pL=0.47 vAbs=0.250 pLogitMean=-4.0697 vLogitMean=0.5051 gNorm=0.344 lr=0.897 ms=2793.7 buf=500000 plies=12187759 games=184728 rejected=0 skipped=0 epoch=0 mom=0.8516 lrCyc[pk=1.0e+00,tr=1.0e-03] gNormMax=0.4855 clips=0 gCap=1.5600 trainerStep=1400
[LAYER-HEALTH] live trainerStep=1400 scope=batch_norm_state_only reluSites=0/10 dead=n/a off=n/a alwaysOn=n/a (no relu/leaky_relu BN sites) rvMaxOverMedian=11.6@blocks.0.bn2[96] rvOver10xMedian=2 rezero=none nonFinite=0 parkedSites=9/10 parkedCh=1040 parked=0 parkedOff=0 parkedBy=none
[REPLAY] step=1490 loss=3.6466 pLoss=2.8447 vLoss=0.7893 pEnt=2.880 pIllM=0.0126 playedP=0.156 pW=0.49 pD=0.07 pL=0.45 vAbs=0.271 pLogitMean=-4.2848 vLogitMean=0.4927 gNorm=0.352 lr=0.85 ms=2005.8 buf=500000 plies=12955691 games=196359 rejected=0 skipped=0 epoch=0 mom=0.8524 lrCyc[pk=1.0e+00,tr=1.0e-03] gNormMax=0.4935 clips=0 gCap=1.4453 trainerStep=1490
[LAYER-HEALTH] live trainerStep=1490 scope=batch_norm_state_only reluSites=0/10 dead=n/a off=n/a alwaysOn=n/a (no relu/leaky_relu BN sites) rvMaxOverMedian=11.6@blocks.0.bn2[96] rvOver10xMedian=1 rezero=none nonFinite=0 parkedSites=9/10 parkedCh=1040 parked=0 parkedOff=0 parkedBy=none
[REPLAY] step=1580 loss=3.6842 pLoss=2.8704 vLoss=0.8011 pEnt=2.853 pIllM=0.0126 playedP=0.155 pW=0.53 pD=0.07 pL=0.41 vAbs=0.260 pLogitMean=-4.4284 vLogitMean=0.5384 gNorm=0.391 lr=0.797 ms=2191.7 buf=500000 plies=13723711 games=207829 rejected=0 skipped=0 epoch=0 mom=0.8533 lrCyc[pk=1.0e+00,tr=1.0e-03] gNormMax=0.4664 clips=0 gCap=1.3413 trainerStep=1580
[LAYER-HEALTH] live trainerStep=1580 scope=batch_norm_state_only reluSites=0/10 dead=n/a off=n/a alwaysOn=n/a (no relu/leaky_relu BN sites) rvMaxOverMedian=11.0@blocks.0.bn2[96] rvOver10xMedian=2 rezero=none nonFinite=0 parkedSites=9/10 parkedCh=1040 parked=0 parkedOff=0 parkedBy=none
[REPLAY] step=1660 loss=3.5895 pLoss=2.8067 vLoss=0.7709 pEnt=2.857 pIllM=0.0120 playedP=0.155 pW=0.46 pD=0.06 pL=0.49 vAbs=0.239 pLogitMean=-4.5562 vLogitMean=0.5608 gNorm=0.368 lr=0.746 ms=1800.2 buf=500000 plies=14406370 games=218082 rejected=0 skipped=0 epoch=0 mom=0.8542 lrCyc[pk=1.0e+00,tr=1.0e-03] gNormMax=0.4235 clips=0 gCap=1.2781 trainerStep=1660
[LAYER-HEALTH] live trainerStep=1660 scope=batch_norm_state_only reluSites=0/10 dead=n/a off=n/a alwaysOn=n/a (no relu/leaky_relu BN sites) rvMaxOverMedian=11.0@blocks.2.bn1[31] rvOver10xMedian=2 rezero=none nonFinite=0 parkedSites=9/10 parkedCh=1040 parked=0 parkedOff=0 parkedBy=none
[REPLAY] step=1750 loss=3.6606 pLoss=2.8564 vLoss=0.7933 pEnt=2.838 pIllM=0.0109 playedP=0.162 pW=0.52 pD=0.06 pL=0.42 vAbs=0.281 pLogitMean=-4.6673 vLogitMean=0.5868 gNorm=0.389 lr=0.686 ms=2296.0 buf=500000 plies=15174282 games=229727 rejected=0 skipped=0 epoch=0 mom=0.8555 lrCyc[pk=1.0e+00,tr=1.0e-03] gNormMax=0.4619 clips=0 gCap=1.2117 trainerStep=1750
[LAYER-HEALTH] live trainerStep=1750 scope=batch_norm_state_only reluSites=0/10 dead=n/a off=n/a alwaysOn=n/a (no relu/leaky_relu BN sites) rvMaxOverMedian=11.4@blocks.2.bn1[31] rvOver10xMedian=2 rezero=none nonFinite=0 parkedSites=9/10 parkedCh=1040 parked=0 parkedOff=0 parkedBy=none
[REPLAY] step=1840 loss=3.6082 pLoss=2.8104 vLoss=0.7879 pEnt=2.877 pIllM=0.0099 playedP=0.159 pW=0.49 pD=0.06 pL=0.46 vAbs=0.232 pLogitMean=-4.7662 vLogitMean=0.5637 gNorm=0.312 lr=0.625 ms=2137.0 buf=500000 plies=15942327 games=241443 rejected=0 skipped=0 epoch=0 mom=0.8568 lrCyc[pk=1.0e+00,tr=1.0e-03] gNormMax=0.4163 clips=0 gCap=1.1649 trainerStep=1840
[LAYER-HEALTH] live trainerStep=1840 scope=batch_norm_state_only reluSites=0/10 dead=n/a off=n/a alwaysOn=n/a (no relu/leaky_relu BN sites) rvMaxOverMedian=12.2@blocks.0.bn2[96] rvOver10xMedian=2 rezero=none nonFinite=0 parkedSites=9/10 parkedCh=1040 parked=0 parkedOff=0 parkedBy=none
[REPLAY] step=1930 loss=3.6267 pLoss=2.8131 vLoss=0.8056 pEnt=2.906 pIllM=0.0080 playedP=0.150 pW=0.47 pD=0.06 pL=0.47 vAbs=0.235 pLogitMean=-4.8307 vLogitMean=0.5584 gNorm=0.341 lr=0.563 ms=2398.7 buf=500000 plies=16710258 games=253162 rejected=0 skipped=0 epoch=0 mom=0.8583 lrCyc[pk=1.0e+00,tr=1.0e-03] gNormMax=0.3756 clips=0 gCap=1.1246 trainerStep=1930
[LAYER-HEALTH] live trainerStep=1930 scope=batch_norm_state_only reluSites=0/10 dead=n/a off=n/a alwaysOn=n/a (no relu/leaky_relu BN sites) rvMaxOverMedian=12.1@blocks.2.bn1[31] rvOver10xMedian=2 rezero=none nonFinite=0 parkedSites=9/10 parkedCh=1040 parked=0 parkedOff=0 parkedBy=none
[REPLAY] step=2000 loss=3.5810 pLoss=2.7743 vLoss=0.7963 pEnt=2.897 pIllM=0.0104 playedP=0.155 pW=0.47 pD=0.06 pL=0.47 vAbs=0.232 pLogitMean=-4.8715 vLogitMean=0.5544 gNorm=0.307 lr=0.517 ms=2010.2 buf=500000 plies=17307559 games=262256 rejected=0 skipped=0 epoch=0 mom=0.8596 lrCyc[pk=1.0e+00,tr=1.0e-03] gNormMax=0.3758 clips=0 gCap=1.1007 trainerStep=2000
[LAYER-HEALTH] live trainerStep=2000 scope=batch_norm_state_only reluSites=0/10 dead=n/a off=n/a alwaysOn=n/a (no relu/leaky_relu BN sites) rvMaxOverMedian=12.3@blocks.2.bn1[31] rvOver10xMedian=2 rezero=none nonFinite=0 parkedSites=9/10 parkedCh=1040 parked=0 parkedOff=0 parkedBy=none
[ALARM] health active rule=policy_offset_drift severity=warning since=1150 trainerStep=2000 value=medianAbs=4.8689
[HEALTH] check trainerStep=2000 generation=0 evaluations=21 live=20 checkpoint=1 stale=0 truncated=0 cost_ms=6.7 train_ms=2186391.0 liveReadFailed=0 lossMaxRatio=1.01 lossMedianRatio=0.99 gradMaxRatio=1.11 rvRiseMax=-- rvOutliers=2/-- nodata=none active=policy_offset_drift:warning
[REPLAY] saved trainer model (autosave) step=2000 trainerStep=2000 nextGame=262256 shard=0 epoch=0 -> 20261008-lrBsiluall-relcap-replay-latest.safetensors
[LAYER-HEALTH] checkpoint replay-autosave step=2000 trainerStep=2000 scope=all_tensors reluSites=0/10 dead=n/a off=n/a alwaysOn=n/a (no relu/leaky_relu BN sites) rvMaxOverMedian=12.3@blocks.2.bn1[31] rvOver10xMedian=2 rezero=none nonFinite=0 parkedSites=9/10 parkedCh=1040 parked=0 parkedOff=0 parkedBy=none seZeroVel=none valueFC1ZeroVel=0/128 maxAbs=20.01@blocks.0.bn2.running_var
[LAYER-HEALTH]   batch-norm sites — β/|γ|: dead < -3.00, mostly off < -2.00, always on > +3.00; classified for relu/leaky_relu only
[LAYER-HEALTH]     site            act            ch   dead    off     on  zeroγ nonfin  min β/|γ| [ch]     max β/|γ| [ch]     rv max/median [ch]  rv≥10x
[LAYER-HEALTH]     stem.bn         -             128    n/a    n/a    n/a      0      0     -0.25 [69]         +0.15 [34]            3.7 [68]           0
[LAYER-HEALTH]     blocks.0.bn1    silu          128    n/a    n/a    n/a      0      0     -0.28 [47]         +0.14 [3]             1.9 [31]           0
[LAYER-HEALTH]     blocks.0.bn2    silu          128    n/a    n/a    n/a      0      0     -0.71 [109]        +0.17 [49]           10.9 [96]           1
[LAYER-HEALTH]     blocks.1.bn1    silu          128    n/a    n/a    n/a      0      0     -0.87 [17]         +0.05 [31]            8.0 [31]           0
[LAYER-HEALTH]     blocks.1.bn2    silu          128    n/a    n/a    n/a      0      0     -0.74 [80]         -0.08 [101]           3.7 [32]           0
[LAYER-HEALTH]     blocks.2.bn1    silu          128    n/a    n/a    n/a      0      0     -1.02 [68]         +0.40 [31]           12.3 [31]           1
[LAYER-HEALTH]     blocks.2.bn2    silu          128    n/a    n/a    n/a      0      0     -1.09 [85]         -0.13 [105]           2.5 [26]           0
[LAYER-HEALTH]     tower_final_bn  silu          128    n/a    n/a    n/a      0      0     -0.33 [83]         +0.61 [111]           3.4 [31]           0
[LAYER-HEALTH]     policy.pre_bn   silu          128    n/a    n/a    n/a      0      0     -0.87 [26]         +1.20 [30]            2.0 [12]           0
[LAYER-HEALTH]     value.bn        silu           16    n/a    n/a    n/a      0      0     -0.59 [8]          -0.27 [5]             1.5 [2]            0
[LAYER-HEALTH]   parked channels — every activation: pass-through P = E|f'(γz+β)|, z ~ N(0,1); parked when P above its floor < 0.00135 of the range (Φ(-3)), mostly off < 0.02275 (Φ(-2)); equals dead / off for relu/leaky_relu
[LAYER-HEALTH]     site            act            ch parked    off       min P   median P
[LAYER-HEALTH]     blocks.0.bn1    silu          128      0      0    0.422984   0.496179
[LAYER-HEALTH]     blocks.0.bn2    silu          128      0      0    0.292308   0.462935
[LAYER-HEALTH]     blocks.1.bn1    silu          128      0      0    0.251709   0.450342
[LAYER-HEALTH]     blocks.1.bn2    silu          128      0      0    0.286715   0.431933
[LAYER-HEALTH]     blocks.2.bn1    silu          128      0      0    0.221807   0.420155
[LAYER-HEALTH]     blocks.2.bn2    silu          128      0      0    0.210227   0.410924
[LAYER-HEALTH]     tower_final_bn  silu          128      0      0    0.408742   0.544222
[LAYER-HEALTH]     policy.pre_bn   silu          128      0      0    0.263253   0.513905
[LAYER-HEALTH]     value.bn        silu           16      0      0    0.329545   0.372280
[LAYER-HEALTH]   FC hidden-unit velocity — zero: every weight-velocity entry exactly 0; low: nonzero but < 5% of the layer's p90 unit norm
[LAYER-HEALTH]     value.fc1.weight  silu  units 128  zero 0  low 0  median unit norm 0.009046
[LAYER-HEALTH]     (no SE blocks)
[LAYER-HEALTH]   ReZero: none
[LAYER-HEALTH]   non-finite: 0 values in 0 of 102 tensors (10263038 values examined)
[LAYER-HEALTH]   largest |value|: blocks.0.bn2.running_var 20.01, blocks.1.bn2.running_var 7.025, blocks.2.bn2.running_var 6.919, blocks.2.bn1.running_var 6.274, policy.pre_bn.running_var 4.338
[REPLAY] enumerated checkpoint -> 20261008-lrBsiluall-relcap-replay-step2000.safetensors
[REPLAY] step=2080 loss=3.6431 pLoss=2.8262 vLoss=0.8070 pEnt=2.884 pIllM=0.0099 playedP=0.153 pW=0.49 pD=0.07 pL=0.44 vAbs=0.213 pLogitMean=-4.9079 vLogitMean=0.5658 gNorm=0.319 lr=0.465 ms=2080.8 buf=500000 plies=17990194 games=272645 rejected=0 skipped=0 epoch=0 mom=0.8611 lrCyc[pk=1.0e+00,tr=1.0e-03] gNormMax=0.3993 clips=0 gCap=1.0792 trainerStep=2080
[LAYER-HEALTH] live trainerStep=2080 scope=batch_norm_state_only reluSites=0/10 dead=n/a off=n/a alwaysOn=n/a (no relu/leaky_relu BN sites) rvMaxOverMedian=12.4@blocks.2.bn1[31] rvOver10xMedian=2 rezero=none nonFinite=0 parkedSites=9/10 parkedCh=1040 parked=0 parkedOff=0 parkedBy=none
[REPLAY] step=2170 loss=3.6031 pLoss=2.7913 vLoss=0.8037 pEnt=2.907 pIllM=0.0081 playedP=0.152 pW=0.47 pD=0.06 pL=0.47 vAbs=0.244 pLogitMean=-4.9627 vLogitMean=0.5990 gNorm=0.342 lr=0.409 ms=2246.5 buf=500000 plies=18758167 games=284308 rejected=0 skipped=0 epoch=0 mom=0.8629 lrCyc[pk=1.0e+00,tr=1.0e-03] gNormMax=0.4211 clips=0 gCap=1.0532 trainerStep=2170
[LAYER-HEALTH] live trainerStep=2170 scope=batch_norm_state_only reluSites=0/10 dead=n/a off=n/a alwaysOn=n/a (no relu/leaky_relu BN sites) rvMaxOverMedian=12.8@blocks.2.bn1[31] rvOver10xMedian=2 rezero=none nonFinite=0 parkedSites=9/10 parkedCh=1040 parked=0 parkedOff=0 parkedBy=none
[REPLAY] step=2260 loss=3.5978 pLoss=2.7821 vLoss=0.8081 pEnt=2.911 pIllM=0.0076 playedP=0.155 pW=0.45 pD=0.06 pL=0.49 vAbs=0.231 pLogitMean=-4.9911 vLogitMean=0.6093 gNorm=0.342 lr=0.358 ms=2208.5 buf=500000 plies=19526123 games=295939 rejected=0 skipped=0 epoch=0 mom=0.8649 lrCyc[pk=1.0e+00,tr=1.0e-03] gNormMax=0.3720 clips=0 gCap=1.0301 trainerStep=2260
[LAYER-HEALTH] live trainerStep=2260 scope=batch_norm_state_only reluSites=0/10 dead=n/a off=n/a alwaysOn=n/a (no relu/leaky_relu BN sites) rvMaxOverMedian=13.4@blocks.2.bn1[31] rvOver10xMedian=2 rezero=none nonFinite=0 parkedSites=9/10 parkedCh=1040 parked=0 parkedOff=0 parkedBy=none
[REPLAY] step=2340 loss=3.5914 pLoss=2.7882 vLoss=0.7952 pEnt=2.859 pIllM=0.0080 playedP=0.164 pW=0.47 pD=0.05 pL=0.48 vAbs=0.226 pLogitMean=-5.0144 vLogitMean=0.6056 gNorm=0.313 lr=0.315 ms=2387.0 buf=500000 plies=20208807 games=306242 rejected=0 skipped=0 epoch=0 mom=0.8667 lrCyc[pk=1.0e+00,tr=1.0e-03] gNormMax=0.3757 clips=0 gCap=1.0179 trainerStep=2340
[LAYER-HEALTH] live trainerStep=2340 scope=batch_norm_state_only reluSites=0/10 dead=n/a off=n/a alwaysOn=n/a (no relu/leaky_relu BN sites) rvMaxOverMedian=13.4@blocks.2.bn1[31] rvOver10xMedian=2 rezero=none nonFinite=0 parkedSites=9/10 parkedCh=1040 parked=0 parkedOff=0 parkedBy=none
[REPLAY] step=2420 loss=3.5831 pLoss=2.7799 vLoss=0.7960 pEnt=2.892 pIllM=0.0072 playedP=0.158 pW=0.47 pD=0.06 pL=0.47 vAbs=0.236 pLogitMean=-5.0256 vLogitMean=0.5903 gNorm=0.305 lr=0.276 ms=2224.9 buf=500000 plies=20891444 games=316637 rejected=0 skipped=0 epoch=0 mom=0.8686 lrCyc[pk=1.0e+00,tr=1.0e-03] gNormMax=0.3683 clips=0 gCap=0.9984 trainerStep=2420
[LAYER-HEALTH] live trainerStep=2420 scope=batch_norm_state_only reluSites=0/10 dead=n/a off=n/a alwaysOn=n/a (no relu/leaky_relu BN sites) rvMaxOverMedian=13.5@blocks.2.bn1[31] rvOver10xMedian=1 rezero=none nonFinite=0 parkedSites=9/10 parkedCh=1040 parked=0 parkedOff=0 parkedBy=none
[REPLAY] step=2510 loss=3.6026 pLoss=2.7841 vLoss=0.8123 pEnt=2.878 pIllM=0.0063 playedP=0.161 pW=0.47 pD=0.06 pL=0.47 vAbs=0.204 pLogitMean=-5.0387 vLogitMean=0.5766 gNorm=0.290 lr=0.236 ms=2194.7 buf=500000 plies=21659404 games=328351 rejected=0 skipped=0 epoch=0 mom=0.8709 lrCyc[pk=1.0e+00,tr=1.0e-03] gNormMax=0.3616 clips=0 gCap=0.9794 trainerStep=2510
[LAYER-HEALTH] live trainerStep=2510 scope=batch_norm_state_only reluSites=0/10 dead=n/a off=n/a alwaysOn=n/a (no relu/leaky_relu BN sites) rvMaxOverMedian=13.8@blocks.2.bn1[31] rvOver10xMedian=2 rezero=none nonFinite=0 parkedSites=9/10 parkedCh=1040 parked=0 parkedOff=0 parkedBy=none
[REPLAY] step=2600 loss=3.6294 pLoss=2.8289 vLoss=0.7942 pEnt=2.901 pIllM=0.0062 playedP=0.159 pW=0.47 pD=0.06 pL=0.47 vAbs=0.217 pLogitMean=-5.0473 vLogitMean=0.5858 gNorm=0.312 lr=0.201 ms=3198.8 buf=500000 plies=22427360 games=340111 rejected=0 skipped=0 epoch=0 mom=0.8732 lrCyc[pk=1.0e+00,tr=1.0e-03] gNormMax=0.3458 clips=0 gCap=0.9619 trainerStep=2600
[LAYER-HEALTH] live trainerStep=2600 scope=batch_norm_state_only reluSites=0/10 dead=n/a off=n/a alwaysOn=n/a (no relu/leaky_relu BN sites) rvMaxOverMedian=14.1@blocks.2.bn1[31] rvOver10xMedian=1 rezero=none nonFinite=0 parkedSites=9/10 parkedCh=1040 parked=0 parkedOff=0 parkedBy=none
[REPLAY] step=2680 loss=3.5966 pLoss=2.7948 vLoss=0.7966 pEnt=2.900 pIllM=0.0052 playedP=0.158 pW=0.46 pD=0.05 pL=0.48 vAbs=0.226 pLogitMean=-5.0522 vLogitMean=0.5980 gNorm=0.279 lr=0.173 ms=3190.4 buf=500000 plies=23110035 games=350486 rejected=0 skipped=0 epoch=0 mom=0.8754 lrCyc[pk=1.0e+00,tr=1.0e-03] gNormMax=0.4127 clips=0 gCap=0.9496 trainerStep=2680
[LAYER-HEALTH] live trainerStep=2680 scope=batch_norm_state_only reluSites=0/10 dead=n/a off=n/a alwaysOn=n/a (no relu/leaky_relu BN sites) rvMaxOverMedian=14.2@blocks.2.bn1[31] rvOver10xMedian=1 rezero=none nonFinite=0 parkedSites=9/10 parkedCh=1040 parked=0 parkedOff=0 parkedBy=none
[REPLAY] step=2760 loss=3.6117 pLoss=2.7965 vLoss=0.8092 pEnt=2.865 pIllM=0.0060 playedP=0.167 pW=0.48 pD=0.06 pL=0.46 vAbs=0.225 pLogitMean=-5.0590 vLogitMean=0.5932 gNorm=0.310 lr=0.149 ms=2905.7 buf=500000 plies=23792673 games=360831 rejected=0 skipped=0 epoch=0 mom=0.8776 lrCyc[pk=1.0e+00,tr=1.0e-03] gNormMax=0.3408 clips=0 gCap=0.9412 trainerStep=2760
[LAYER-HEALTH] live trainerStep=2760 scope=batch_norm_state_only reluSites=0/10 dead=n/a off=n/a alwaysOn=n/a (no relu/leaky_relu BN sites) rvMaxOverMedian=14.4@blocks.2.bn1[31] rvOver10xMedian=1 rezero=none nonFinite=0 parkedSites=9/10 parkedCh=1040 parked=0 parkedOff=0 parkedBy=none
[REPLAY] step=2840 loss=3.5559 pLoss=2.7581 vLoss=0.7925 pEnt=2.885 pIllM=0.0053 playedP=0.164 pW=0.47 pD=0.06 pL=0.47 vAbs=0.234 pLogitMean=-5.0642 vLogitMean=0.6015 gNorm=0.303 lr=0.127 ms=2980.3 buf=500000 plies=24475244 games=371280 rejected=0 skipped=0 epoch=0 mom=0.8799 lrCyc[pk=1.0e+00,tr=1.0e-03] gNormMax=0.3325 clips=0 gCap=0.9314 trainerStep=2840
[LAYER-HEALTH] live trainerStep=2840 scope=batch_norm_state_only reluSites=0/10 dead=n/a off=n/a alwaysOn=n/a (no relu/leaky_relu BN sites) rvMaxOverMedian=14.6@blocks.2.bn1[31] rvOver10xMedian=1 rezero=none nonFinite=0 parkedSites=9/10 parkedCh=1040 parked=0 parkedOff=0 parkedBy=none
[REPLAY] step=2920 loss=3.5915 pLoss=2.7921 vLoss=0.7941 pEnt=2.897 pIllM=0.0054 playedP=0.157 pW=0.48 pD=0.06 pL=0.46 vAbs=0.235 pLogitMean=-5.0651 vLogitMean=0.6019 gNorm=0.301 lr=0.108 ms=2611.9 buf=500000 plies=25157964 games=381686 rejected=0 skipped=0 epoch=0 mom=0.8822 lrCyc[pk=1.0e+00,tr=1.0e-03] gNormMax=0.3558 clips=0 gCap=0.9227 trainerStep=2920
[LAYER-HEALTH] live trainerStep=2920 scope=batch_norm_state_only reluSites=0/10 dead=n/a off=n/a alwaysOn=n/a (no relu/leaky_relu BN sites) rvMaxOverMedian=14.9@blocks.2.bn1[31] rvOver10xMedian=1 rezero=none nonFinite=0 parkedSites=9/10 parkedCh=1040 parked=0 parkedOff=0 parkedBy=none
[REPLAY] step=3000 loss=3.5783 pLoss=2.7775 vLoss=0.7958 pEnt=2.898 pIllM=0.0050 playedP=0.165 pW=0.46 pD=0.05 pL=0.48 vAbs=0.220 pLogitMean=-5.0676 vLogitMean=0.6112 gNorm=0.293 lr=0.0918 ms=3092.7 buf=500000 plies=25840570 games=392016 rejected=0 skipped=0 epoch=0 mom=0.8846 lrCyc[pk=1.0e+00,tr=1.0e-03] gNormMax=0.3628 clips=0 gCap=0.9158 trainerStep=3000
[LAYER-HEALTH] live trainerStep=3000 scope=batch_norm_state_only reluSites=0/10 dead=n/a off=n/a alwaysOn=n/a (no relu/leaky_relu BN sites) rvMaxOverMedian=15.1@blocks.2.bn1[31] rvOver10xMedian=2 rezero=none nonFinite=0 parkedSites=9/10 parkedCh=1040 parked=0 parkedOff=0 parkedBy=none
[ALARM] health active rule=policy_offset_drift severity=warning since=1150 trainerStep=3000 value=medianAbs=5.0668
[HEALTH] check trainerStep=3000 generation=0 evaluations=21 live=20 checkpoint=1 stale=0 truncated=0 cost_ms=10.4 train_ms=2233283.7 liveReadFailed=0 lossMaxRatio=1.02 lossMedianRatio=1.00 gradMaxRatio=1.29 rvRiseMax=1.25 rvOutliers=2/1 nodata=none active=policy_offset_drift:warning
[REPLAY] saved trainer model (autosave) step=3000 trainerStep=3000 nextGame=392016 shard=0 epoch=0 -> 20261008-lrBsiluall-relcap-replay-latest.safetensors
[LAYER-HEALTH] checkpoint replay-autosave step=3000 trainerStep=3000 scope=all_tensors reluSites=0/10 dead=n/a off=n/a alwaysOn=n/a (no relu/leaky_relu BN sites) rvMaxOverMedian=15.1@blocks.2.bn1[31] rvOver10xMedian=2 rezero=none nonFinite=0 parkedSites=9/10 parkedCh=1040 parked=0 parkedOff=0 parkedBy=none seZeroVel=none valueFC1ZeroVel=0/128 maxAbs=16.93@blocks.0.bn2.running_var
[LAYER-HEALTH]   batch-norm sites — β/|γ|: dead < -3.00, mostly off < -2.00, always on > +3.00; classified for relu/leaky_relu only
[LAYER-HEALTH]     site            act            ch   dead    off     on  zeroγ nonfin  min β/|γ| [ch]     max β/|γ| [ch]     rv max/median [ch]  rv≥10x
[LAYER-HEALTH]     stem.bn         -             128    n/a    n/a    n/a      0      0     -0.29 [69]         +0.16 [34]            3.0 [118]          0
[LAYER-HEALTH]     blocks.0.bn1    silu          128    n/a    n/a    n/a      0      0     -0.31 [21]         +0.13 [3]             2.1 [31]           0
[LAYER-HEALTH]     blocks.0.bn2    silu          128    n/a    n/a    n/a      0      0     -0.76 [109]        +0.28 [49]            9.5 [96]           0
[LAYER-HEALTH]     blocks.1.bn1    silu          128    n/a    n/a    n/a      0      0     -0.93 [17]         +0.05 [31]           10.0 [31]           1
[LAYER-HEALTH]     blocks.1.bn2    silu          128    n/a    n/a    n/a      0      0     -0.80 [80]         -0.06 [101]           3.9 [32]           0
[LAYER-HEALTH]     blocks.2.bn1    silu          128    n/a    n/a    n/a      0      0     -1.12 [68]         +0.49 [31]           15.1 [31]           1
[LAYER-HEALTH]     blocks.2.bn2    silu          128    n/a    n/a    n/a      0      0     -1.14 [85]         -0.09 [24]            2.7 [26]           0
[LAYER-HEALTH]     tower_final_bn  silu          128    n/a    n/a    n/a      0      0     -0.31 [83]         +0.65 [111]           3.7 [31]           0
[LAYER-HEALTH]     policy.pre_bn   silu          128    n/a    n/a    n/a      0      0     -0.84 [26]         +1.24 [30]            2.0 [12]           0
[LAYER-HEALTH]     value.bn        silu           16    n/a    n/a    n/a      0      0     -0.81 [8]          -0.25 [6]             1.6 [6]            0
[LAYER-HEALTH]   parked channels — every activation: pass-through P = E|f'(γz+β)|, z ~ N(0,1); parked when P above its floor < 0.00135 of the range (Φ(-3)), mostly off < 0.02275 (Φ(-2)); equals dead / off for relu/leaky_relu
[LAYER-HEALTH]     site            act            ch parked    off       min P   median P
[LAYER-HEALTH]     blocks.0.bn1    silu          128      0      0    0.413500   0.493269
[LAYER-HEALTH]     blocks.0.bn2    silu          128      0      0    0.280189   0.461580
[LAYER-HEALTH]     blocks.1.bn1    silu          128      0      0    0.237392   0.444115
[LAYER-HEALTH]     blocks.1.bn2    silu          128      0      0    0.272283   0.425845
[LAYER-HEALTH]     blocks.2.bn1    silu          128      0      0    0.201474   0.412423
[LAYER-HEALTH]     blocks.2.bn2    silu          128      0      0    0.198812   0.414630
[LAYER-HEALTH]     tower_final_bn  silu          128      0      0    0.414752   0.545837
[LAYER-HEALTH]     policy.pre_bn   silu          128      0      0    0.268436   0.526806
[LAYER-HEALTH]     value.bn        silu           16      0      0    0.273362   0.363924
[LAYER-HEALTH]   FC hidden-unit velocity — zero: every weight-velocity entry exactly 0; low: nonzero but < 5% of the layer's p90 unit norm
[LAYER-HEALTH]     value.fc1.weight  silu  units 128  zero 0  low 0  median unit norm 0.006274
[LAYER-HEALTH]     (no SE blocks)
[LAYER-HEALTH]   ReZero: none
[LAYER-HEALTH]   non-finite: 0 values in 0 of 102 tensors (10263038 values examined)
[LAYER-HEALTH]   largest |value|: blocks.0.bn2.running_var 16.93, blocks.2.bn1.running_var 7.127, blocks.2.bn2.running_var 6.579, blocks.1.bn2.running_var 6.482, blocks.1.bn1.running_var 4.553
[REPLAY] enumerated checkpoint -> 20261008-lrBsiluall-relcap-replay-step3000.safetensors
[REPLAY] step=3080 loss=3.5839 pLoss=2.7812 vLoss=0.7977 pEnt=2.897 pIllM=0.0050 playedP=0.161 pW=0.47 pD=0.06 pL=0.46 vAbs=0.234 pLogitMean=-5.0724 vLogitMean=0.6095 gNorm=0.298 lr=0.0777 ms=3192.7 buf=500000 plies=26523211 games=402403 rejected=0 skipped=0 epoch=0 mom=0.8870 lrCyc[pk=1.0e+00,tr=1.0e-03] gNormMax=0.3177 clips=0 gCap=0.9042 trainerStep=3080
[LAYER-HEALTH] live trainerStep=3080 scope=batch_norm_state_only reluSites=0/10 dead=n/a off=n/a alwaysOn=n/a (no relu/leaky_relu BN sites) rvMaxOverMedian=15.1@blocks.2.bn1[31] rvOver10xMedian=2 rezero=none nonFinite=0 parkedSites=9/10 parkedCh=1040 parked=0 parkedOff=0 parkedBy=none
[REPLAY] step=3160 loss=3.5823 pLoss=2.7813 vLoss=0.7958 pEnt=2.889 pIllM=0.0052 playedP=0.163 pW=0.48 pD=0.06 pL=0.47 vAbs=0.227 pLogitMean=-5.0706 vLogitMean=0.6093 gNorm=0.279 lr=0.0657 ms=3353.3 buf=500000 plies=27205853 games=412772 rejected=0 skipped=0 epoch=0 mom=0.8894 lrCyc[pk=1.0e+00,tr=1.0e-03] gNormMax=0.3284 clips=0 gCap=0.8975 trainerStep=3160
[LAYER-HEALTH] live trainerStep=3160 scope=batch_norm_state_only reluSites=0/10 dead=n/a off=n/a alwaysOn=n/a (no relu/leaky_relu BN sites) rvMaxOverMedian=15.4@blocks.2.bn1[31] rvOver10xMedian=2 rezero=none nonFinite=0 parkedSites=9/10 parkedCh=1040 parked=0 parkedOff=0 parkedBy=none
[REPLAY] step=3240 loss=3.5743 pLoss=2.7583 vLoss=0.8117 pEnt=2.903 pIllM=0.0042 playedP=0.161 pW=0.47 pD=0.06 pL=0.47 vAbs=0.223 pLogitMean=-5.0739 vLogitMean=0.6083 gNorm=0.293 lr=0.0554 ms=2540.1 buf=500000 plies=27888480 games=423252 rejected=0 skipped=0 epoch=0 mom=0.8919 lrCyc[pk=1.0e+00,tr=1.0e-03] gNormMax=0.3310 clips=0 gCap=0.8926 trainerStep=3240
[LAYER-HEALTH] live trainerStep=3240 scope=batch_norm_state_only reluSites=0/10 dead=n/a off=n/a alwaysOn=n/a (no relu/leaky_relu BN sites) rvMaxOverMedian=15.8@blocks.2.bn1[31] rvOver10xMedian=2 rezero=none nonFinite=0 parkedSites=9/10 parkedCh=1040 parked=0 parkedOff=0 parkedBy=none
[REPLAY] step=3310 loss=3.6373 pLoss=2.8052 vLoss=0.8273 pEnt=2.900 pIllM=0.0048 playedP=0.163 pW=0.46 pD=0.07 pL=0.48 vAbs=0.202 pLogitMean=-5.0772 vLogitMean=0.6017 gNorm=0.309 lr=0.0476 ms=2816.8 buf=500000 plies=28485760 games=432376 rejected=0 skipped=0 epoch=0 mom=0.8941 lrCyc[pk=1.0e+00,tr=1.0e-03] gNormMax=0.3232 clips=0 gCap=0.8867 trainerStep=3310
[LAYER-HEALTH] live trainerStep=3310 scope=batch_norm_state_only reluSites=0/10 dead=n/a off=n/a alwaysOn=n/a (no relu/leaky_relu BN sites) rvMaxOverMedian=16.0@blocks.2.bn1[31] rvOver10xMedian=2 rezero=none nonFinite=0 parkedSites=9/10 parkedCh=1040 parked=0 parkedOff=0 parkedBy=none
[REPLAY] step=3390 loss=3.5793 pLoss=2.7585 vLoss=0.8162 pEnt=2.895 pIllM=0.0046 playedP=0.168 pW=0.48 pD=0.06 pL=0.46 vAbs=0.221 pLogitMean=-5.0742 vLogitMean=0.6025 gNorm=0.279 lr=0.0401 ms=1865.5 buf=500000 plies=29168411 games=442661 rejected=0 skipped=0 epoch=0 mom=0.8966 lrCyc[pk=1.0e+00,tr=1.0e-03] gNormMax=0.3344 clips=0 gCap=0.8811 trainerStep=3390
[LAYER-HEALTH] live trainerStep=3390 scope=batch_norm_state_only reluSites=0/10 dead=n/a off=n/a alwaysOn=n/a (no relu/leaky_relu BN sites) rvMaxOverMedian=16.0@blocks.2.bn1[31] rvOver10xMedian=2 rezero=none nonFinite=0 parkedSites=9/10 parkedCh=1040 parked=0 parkedOff=0 parkedBy=none
[REPLAY] step=3470 loss=3.5881 pLoss=2.7788 vLoss=0.8045 pEnt=2.886 pIllM=0.0048 playedP=0.165 pW=0.46 pD=0.06 pL=0.48 vAbs=0.228 pLogitMean=-5.0749 vLogitMean=0.6168 gNorm=0.278 lr=0.0337 ms=3288.9 buf=500000 plies=29851105 games=453078 rejected=0 skipped=0 epoch=0 mom=0.8991 lrCyc[pk=1.0e+00,tr=1.0e-03] gNormMax=0.3219 clips=0 gCap=0.8769 trainerStep=3470
[LAYER-HEALTH] live trainerStep=3470 scope=batch_norm_state_only reluSites=0/10 dead=n/a off=n/a alwaysOn=n/a (no relu/leaky_relu BN sites) rvMaxOverMedian=16.0@blocks.2.bn1[31] rvOver10xMedian=2 rezero=none nonFinite=0 parkedSites=9/10 parkedCh=1040 parked=0 parkedOff=0 parkedBy=none
[REPLAY] step=3550 loss=3.5818 pLoss=2.7648 vLoss=0.8124 pEnt=2.885 pIllM=0.0047 playedP=0.164 pW=0.47 pD=0.06 pL=0.47 vAbs=0.225 pLogitMean=-5.0781 vLogitMean=0.6109 gNorm=0.273 lr=0.0283 ms=3083.9 buf=500000 plies=30533671 games=463404 rejected=0 skipped=0 epoch=0 mom=0.9016 lrCyc[pk=1.0e+00,tr=1.0e-03] gNormMax=0.3142 clips=0 gCap=0.8729 trainerStep=3550
[LAYER-HEALTH] live trainerStep=3550 scope=batch_norm_state_only reluSites=0/10 dead=n/a off=n/a alwaysOn=n/a (no relu/leaky_relu BN sites) rvMaxOverMedian=16.0@blocks.2.bn1[31] rvOver10xMedian=2 rezero=none nonFinite=0 parkedSites=9/10 parkedCh=1040 parked=0 parkedOff=0 parkedBy=none
[REPLAY] step=3630 loss=3.5364 pLoss=2.7331 vLoss=0.7988 pEnt=2.871 pIllM=0.0045 playedP=0.169 pW=0.46 pD=0.07 pL=0.47 vAbs=0.224 pLogitMean=-5.0770 vLogitMean=0.6075 gNorm=0.280 lr=0.0238 ms=2049.2 buf=500000 plies=31216391 games=473711 rejected=0 skipped=0 epoch=0 mom=0.9041 lrCyc[pk=1.0e+00,tr=1.0e-03] gNormMax=0.3126 clips=0 gCap=0.8667 trainerStep=3630
[LAYER-HEALTH] live trainerStep=3630 scope=batch_norm_state_only reluSites=0/10 dead=n/a off=n/a alwaysOn=n/a (no relu/leaky_relu BN sites) rvMaxOverMedian=16.0@blocks.2.bn1[31] rvOver10xMedian=2 rezero=none nonFinite=0 parkedSites=9/10 parkedCh=1040 parked=0 parkedOff=0 parkedBy=none
[REPLAY] step=3710 loss=3.5706 pLoss=2.7658 vLoss=0.8003 pEnt=2.888 pIllM=0.0044 playedP=0.166 pW=0.47 pD=0.06 pL=0.46 vAbs=0.226 pLogitMean=-5.0774 vLogitMean=0.6115 gNorm=0.276 lr=0.02 ms=3111.6 buf=500000 plies=31898963 games=483970 rejected=0 skipped=0 epoch=0 mom=0.9066 lrCyc[pk=1.0e+00,tr=1.0e-03] gNormMax=0.3089 clips=0 gCap=0.8634 trainerStep=3710
[LAYER-HEALTH] live trainerStep=3710 scope=batch_norm_state_only reluSites=0/10 dead=n/a off=n/a alwaysOn=n/a (no relu/leaky_relu BN sites) rvMaxOverMedian=16.2@blocks.2.bn1[31] rvOver10xMedian=2 rezero=none nonFinite=0 parkedSites=9/10 parkedCh=1040 parked=0 parkedOff=0 parkedBy=none
[REPLAY] step=3790 loss=3.5961 pLoss=2.7751 vLoss=0.8164 pEnt=2.860 pIllM=0.0046 playedP=0.171 pW=0.47 pD=0.07 pL=0.47 vAbs=0.212 pLogitMean=-5.0764 vLogitMean=0.6084 gNorm=0.273 lr=0.0169 ms=3290.8 buf=500000 plies=32581590 games=494354 rejected=0 skipped=0 epoch=0 mom=0.9091 lrCyc[pk=1.0e+00,tr=1.0e-03] gNormMax=0.3063 clips=0 gCap=0.8614 trainerStep=3790
[LAYER-HEALTH] live trainerStep=3790 scope=batch_norm_state_only reluSites=0/10 dead=n/a off=n/a alwaysOn=n/a (no relu/leaky_relu BN sites) rvMaxOverMedian=16.2@blocks.2.bn1[31] rvOver10xMedian=2 rezero=none nonFinite=0 parkedSites=9/10 parkedCh=1040 parked=0 parkedOff=0 parkedBy=none
[REPLAY] step=3870 loss=3.5880 pLoss=2.7729 vLoss=0.8103 pEnt=2.899 pIllM=0.0047 playedP=0.161 pW=0.47 pD=0.06 pL=0.47 vAbs=0.224 pLogitMean=-5.0793 vLogitMean=0.6117 gNorm=0.290 lr=0.0142 ms=2897.9 buf=500000 plies=33264242 games=504669 rejected=0 skipped=0 epoch=0 mom=0.9115 lrCyc[pk=1.0e+00,tr=1.0e-03] gNormMax=0.3437 clips=0 gCap=0.8581 trainerStep=3870
[LAYER-HEALTH] live trainerStep=3870 scope=batch_norm_state_only reluSites=0/10 dead=n/a off=n/a alwaysOn=n/a (no relu/leaky_relu BN sites) rvMaxOverMedian=16.2@blocks.2.bn1[31] rvOver10xMedian=2 rezero=none nonFinite=0 parkedSites=9/10 parkedCh=1040 parked=0 parkedOff=0 parkedBy=none
[REPLAY] step=3950 loss=3.5489 pLoss=2.7445 vLoss=0.8002 pEnt=2.884 pIllM=0.0042 playedP=0.161 pW=0.47 pD=0.06 pL=0.47 vAbs=0.231 pLogitMean=-5.0774 vLogitMean=0.6128 gNorm=0.286 lr=0.012 ms=3267.9 buf=500000 plies=33946984 games=514979 rejected=0 skipped=0 epoch=0 mom=0.9140 lrCyc[pk=1.0e+00,tr=1.0e-03] gNormMax=0.3095 clips=0 gCap=0.8537 trainerStep=3950
[LAYER-HEALTH] live trainerStep=3950 scope=batch_norm_state_only reluSites=0/10 dead=n/a off=n/a alwaysOn=n/a (no relu/leaky_relu BN sites) rvMaxOverMedian=16.2@blocks.2.bn1[31] rvOver10xMedian=2 rezero=none nonFinite=0 parkedSites=9/10 parkedCh=1040 parked=0 parkedOff=0 parkedBy=none
[REPLAY] step=4000 loss=3.5497 pLoss=2.7449 vLoss=0.8004 pEnt=2.882 pIllM=0.0045 playedP=0.168 pW=0.47 pD=0.06 pL=0.47 vAbs=0.235 pLogitMean=-5.0775 vLogitMean=0.6127 gNorm=0.275 lr=0.0109 ms=2969.3 buf=500000 plies=34373556 games=521477 rejected=0 skipped=0 epoch=0 mom=0.9155 lrCyc[pk=1.0e+00,tr=1.0e-03] gNormMax=0.3192 clips=0 gCap=0.8525 trainerStep=4000
[LAYER-HEALTH] live trainerStep=4000 scope=batch_norm_state_only reluSites=0/10 dead=n/a off=n/a alwaysOn=n/a (no relu/leaky_relu BN sites) rvMaxOverMedian=16.1@blocks.2.bn1[31] rvOver10xMedian=2 rezero=none nonFinite=0 parkedSites=9/10 parkedCh=1040 parked=0 parkedOff=0 parkedBy=none
[ALARM] health active rule=policy_offset_drift severity=warning since=1150 trainerStep=4000 value=medianAbs=5.0778
[HEALTH] check trainerStep=4000 generation=0 evaluations=21 live=20 checkpoint=1 stale=0 truncated=0 cost_ms=24.0 train_ms=2324606.7 liveReadFailed=0 lossMaxRatio=1.02 lossMedianRatio=1.01 gradMaxRatio=1.20 rvRiseMax=1.27 rvOutliers=2/2 nodata=none active=policy_offset_drift:warning
[REPLAY] saved trainer model (autosave) step=4000 trainerStep=4000 nextGame=521477 shard=1 epoch=0 -> 20261008-lrBsiluall-relcap-replay-latest.safetensors
[LAYER-HEALTH] checkpoint replay-autosave step=4000 trainerStep=4000 scope=all_tensors reluSites=0/10 dead=n/a off=n/a alwaysOn=n/a (no relu/leaky_relu BN sites) rvMaxOverMedian=16.1@blocks.2.bn1[31] rvOver10xMedian=2 rezero=none nonFinite=0 parkedSites=9/10 parkedCh=1040 parked=0 parkedOff=0 parkedBy=none seZeroVel=none valueFC1ZeroVel=0/128 maxAbs=16.37@blocks.0.bn2.running_var
[LAYER-HEALTH]   batch-norm sites — β/|γ|: dead < -3.00, mostly off < -2.00, always on > +3.00; classified for relu/leaky_relu only
[LAYER-HEALTH]     site            act            ch   dead    off     on  zeroγ nonfin  min β/|γ| [ch]     max β/|γ| [ch]     rv max/median [ch]  rv≥10x
[LAYER-HEALTH]     stem.bn         -             128    n/a    n/a    n/a      0      0     -0.29 [69]         +0.16 [34]            2.8 [68]           0
[LAYER-HEALTH]     blocks.0.bn1    silu          128    n/a    n/a    n/a      0      0     -0.31 [21]         +0.14 [3]             2.1 [31]           0
[LAYER-HEALTH]     blocks.0.bn2    silu          128    n/a    n/a    n/a      0      0     -0.76 [109]        +0.30 [49]            9.4 [96]           0
[LAYER-HEALTH]     blocks.1.bn1    silu          128    n/a    n/a    n/a      0      0     -0.94 [17]         +0.04 [31]           10.3 [31]           1
[LAYER-HEALTH]     blocks.1.bn2    silu          128    n/a    n/a    n/a      0      0     -0.80 [80]         -0.06 [101]           3.8 [32]           0
[LAYER-HEALTH]     blocks.2.bn1    silu          128    n/a    n/a    n/a      0      0     -1.12 [68]         +0.50 [31]           16.1 [31]           1
[LAYER-HEALTH]     blocks.2.bn2    silu          128    n/a    n/a    n/a      0      0     -1.15 [85]         -0.07 [24]            2.9 [26]           0
[LAYER-HEALTH]     tower_final_bn  silu          128    n/a    n/a    n/a      0      0     -0.30 [69]         +0.66 [111]           4.0 [31]           0
[LAYER-HEALTH]     policy.pre_bn   silu          128    n/a    n/a    n/a      0      0     -0.80 [26]         +1.24 [30]            2.0 [12]           0
[LAYER-HEALTH]     value.bn        silu           16    n/a    n/a    n/a      0      0     -0.83 [8]          -0.24 [6]             1.6 [6]            0
[LAYER-HEALTH]   parked channels — every activation: pass-through P = E|f'(γz+β)|, z ~ N(0,1); parked when P above its floor < 0.00135 of the range (Φ(-3)), mostly off < 0.02275 (Φ(-2)); equals dead / off for relu/leaky_relu
[LAYER-HEALTH]     site            act            ch parked    off       min P   median P
[LAYER-HEALTH]     blocks.0.bn1    silu          128      0      0    0.412114   0.493076
[LAYER-HEALTH]     blocks.0.bn2    silu          128      0      0    0.278727   0.462136
[LAYER-HEALTH]     blocks.1.bn1    silu          128      0      0    0.233558   0.443401
[LAYER-HEALTH]     blocks.1.bn2    silu          128      0      0    0.270718   0.426557
[LAYER-HEALTH]     blocks.2.bn1    silu          128      0      0    0.201725   0.411913
[LAYER-HEALTH]     blocks.2.bn2    silu          128      0      0    0.196940   0.416316
[LAYER-HEALTH]     tower_final_bn  silu          128      0      0    0.415198   0.547121
[LAYER-HEALTH]     policy.pre_bn   silu          128      0      0    0.277208   0.528605
[LAYER-HEALTH]     value.bn        silu           16      0      0    0.268317   0.360747
[LAYER-HEALTH]   FC hidden-unit velocity — zero: every weight-velocity entry exactly 0; low: nonzero but < 5% of the layer's p90 unit norm
[LAYER-HEALTH]     value.fc1.weight  silu  units 128  zero 0  low 0  median unit norm 0.006602
[LAYER-HEALTH]     (no SE blocks)
[LAYER-HEALTH]   ReZero: none
[LAYER-HEALTH]   non-finite: 0 values in 0 of 102 tensors (10263038 values examined)
[LAYER-HEALTH]   largest |value|: blocks.0.bn2.running_var 16.37, blocks.2.bn1.running_var 7.411, blocks.2.bn2.running_var 6.652, blocks.1.bn2.running_var 5.918, blocks.1.bn1.running_var 4.539
[REPLAY] enumerated checkpoint -> 20261008-lrBsiluall-relcap-replay-step4000.safetensors
[REPLAY] step=4080 loss=3.6031 pLoss=2.7785 vLoss=0.8199 pEnt=2.896 pIllM=0.0046 playedP=0.163 pW=0.47 pD=0.06 pL=0.47 vAbs=0.216 pLogitMean=-5.0768 vLogitMean=0.6066 gNorm=0.276 lr=0.00922 ms=2862.6 buf=500000 plies=35056202 games=531824 rejected=0 skipped=0 epoch=0 mom=0.9178 lrCyc[pk=1.0e+00,tr=1.0e-03] gNormMax=0.3167 clips=0 gCap=0.8507 trainerStep=4080
[LAYER-HEALTH] live trainerStep=4080 scope=batch_norm_state_only reluSites=0/10 dead=n/a off=n/a alwaysOn=n/a (no relu/leaky_relu BN sites) rvMaxOverMedian=16.1@blocks.2.bn1[31] rvOver10xMedian=2 rezero=none nonFinite=0 parkedSites=9/10 parkedCh=1040 parked=0 parkedOff=0 parkedBy=none
[REPLAY] step=4160 loss=3.5724 pLoss=2.7539 vLoss=0.8144 pEnt=2.882 pIllM=0.0041 playedP=0.166 pW=0.47 pD=0.06 pL=0.47 vAbs=0.227 pLogitMean=-5.0786 vLogitMean=0.6132 gNorm=0.289 lr=0.00785 ms=3181.0 buf=500000 plies=35738884 games=542219 rejected=0 skipped=0 epoch=0 mom=0.9202 lrCyc[pk=1.0e+00,tr=1.0e-03] gNormMax=0.3187 clips=0 gCap=0.8495 trainerStep=4160
[LAYER-HEALTH] live trainerStep=4160 scope=batch_norm_state_only reluSites=0/10 dead=n/a off=n/a alwaysOn=n/a (no relu/leaky_relu BN sites) rvMaxOverMedian=16.1@blocks.2.bn1[31] rvOver10xMedian=2 rezero=none nonFinite=0 parkedSites=9/10 parkedCh=1040 parked=0 parkedOff=0 parkedBy=none
[REPLAY] step=4240 loss=3.5608 pLoss=2.7544 vLoss=0.8023 pEnt=2.884 pIllM=0.0041 playedP=0.163 pW=0.47 pD=0.06 pL=0.47 vAbs=0.232 pLogitMean=-5.0776 vLogitMean=0.6135 gNorm=0.275 lr=0.00671 ms=3261.7 buf=500000 plies=36421471 games=552609 rejected=0 skipped=0 epoch=0 mom=0.9224 lrCyc[pk=1.0e+00,tr=1.0e-03] gNormMax=0.3168 clips=0 gCap=0.8480 trainerStep=4240
[LAYER-HEALTH] live trainerStep=4240 scope=batch_norm_state_only reluSites=0/10 dead=n/a off=n/a alwaysOn=n/a (no relu/leaky_relu BN sites) rvMaxOverMedian=16.2@blocks.2.bn1[31] rvOver10xMedian=2 rezero=none nonFinite=0 parkedSites=9/10 parkedCh=1040 parked=0 parkedOff=0 parkedBy=none
[REPLAY] step=4320 loss=3.5934 pLoss=2.7619 vLoss=0.8274 pEnt=2.891 pIllM=0.0041 playedP=0.165 pW=0.47 pD=0.07 pL=0.46 vAbs=0.225 pLogitMean=-5.0782 vLogitMean=0.6135 gNorm=0.313 lr=0.00576 ms=3031.7 buf=500000 plies=37104085 games=562877 rejected=0 skipped=0 epoch=0 mom=0.9246 lrCyc[pk=1.0e+00,tr=1.0e-03] gNormMax=0.3165 clips=0 gCap=0.8476 trainerStep=4320
[LAYER-HEALTH] live trainerStep=4320 scope=batch_norm_state_only reluSites=0/10 dead=n/a off=n/a alwaysOn=n/a (no relu/leaky_relu BN sites) rvMaxOverMedian=16.2@blocks.2.bn1[31] rvOver10xMedian=2 rezero=none nonFinite=0 parkedSites=9/10 parkedCh=1040 parked=0 parkedOff=0 parkedBy=none
[REPLAY] step=4400 loss=3.5639 pLoss=2.7511 vLoss=0.8091 pEnt=2.891 pIllM=0.0037 playedP=0.164 pW=0.47 pD=0.07 pL=0.46 vAbs=0.224 pLogitMean=-5.0775 vLogitMean=0.6125 gNorm=0.281 lr=0.00496 ms=3390.7 buf=500000 plies=37786869 games=573180 rejected=0 skipped=0 epoch=0 mom=0.9268 lrCyc[pk=1.0e+00,tr=1.0e-03] gNormMax=0.3109 clips=0 gCap=0.8472 trainerStep=4400
[LAYER-HEALTH] live trainerStep=4400 scope=batch_norm_state_only reluSites=0/10 dead=n/a off=n/a alwaysOn=n/a (no relu/leaky_relu BN sites) rvMaxOverMedian=16.2@blocks.2.bn1[31] rvOver10xMedian=2 rezero=none nonFinite=0 parkedSites=9/10 parkedCh=1040 parked=0 parkedOff=0 parkedBy=none
[REPLAY] step=4480 loss=3.5486 pLoss=2.7368 vLoss=0.8079 pEnt=2.864 pIllM=0.0039 playedP=0.168 pW=0.47 pD=0.07 pL=0.46 vAbs=0.235 pLogitMean=-5.0760 vLogitMean=0.6162 gNorm=0.290 lr=0.00429 ms=3315.2 buf=500000 plies=38469391 games=583506 rejected=0 skipped=0 epoch=0 mom=0.9289 lrCyc[pk=1.0e+00,tr=1.0e-03] gNormMax=0.3174 clips=0 gCap=0.8480 trainerStep=4480
[LAYER-HEALTH] live trainerStep=4480 scope=batch_norm_state_only reluSites=0/10 dead=n/a off=n/a alwaysOn=n/a (no relu/leaky_relu BN sites) rvMaxOverMedian=16.3@blocks.2.bn1[31] rvOver10xMedian=2 rezero=none nonFinite=0 parkedSites=9/10 parkedCh=1040 parked=0 parkedOff=0 parkedBy=none
[REPLAY] step=4560 loss=3.5658 pLoss=2.7612 vLoss=0.8009 pEnt=2.901 pIllM=0.0037 playedP=0.161 pW=0.47 pD=0.06 pL=0.47 vAbs=0.231 pLogitMean=-5.0783 vLogitMean=0.6195 gNorm=0.289 lr=0.00374 ms=3074.6 buf=500000 plies=39152062 games=593826 rejected=0 skipped=0 epoch=0 mom=0.9309 lrCyc[pk=1.0e+00,tr=1.0e-03] gNormMax=0.3244 clips=0 gCap=0.8481 trainerStep=4560
[LAYER-HEALTH] live trainerStep=4560 scope=batch_norm_state_only reluSites=0/10 dead=n/a off=n/a alwaysOn=n/a (no relu/leaky_relu BN sites) rvMaxOverMedian=16.3@blocks.2.bn1[31] rvOver10xMedian=2 rezero=none nonFinite=0 parkedSites=9/10 parkedCh=1040 parked=0 parkedOff=0 parkedBy=none
[REPLAY] step=4640 loss=3.5833 pLoss=2.7591 vLoss=0.8203 pEnt=2.875 pIllM=0.0039 playedP=0.166 pW=0.47 pD=0.06 pL=0.47 vAbs=0.234 pLogitMean=-5.0771 vLogitMean=0.6194 gNorm=0.273 lr=0.00327 ms=3063.9 buf=500000 plies=39834651 games=604181 rejected=0 skipped=0 epoch=0 mom=0.9328 lrCyc[pk=1.0e+00,tr=1.0e-03] gNormMax=0.3186 clips=0 gCap=0.8485 trainerStep=4640
[LAYER-HEALTH] live trainerStep=4640 scope=batch_norm_state_only reluSites=0/10 dead=n/a off=n/a alwaysOn=n/a (no relu/leaky_relu BN sites) rvMaxOverMedian=16.4@blocks.2.bn1[31] rvOver10xMedian=2 rezero=none nonFinite=0 parkedSites=9/10 parkedCh=1040 parked=0 parkedOff=0 parkedBy=none
[REPLAY] step=4720 loss=3.5736 pLoss=2.7484 vLoss=0.8213 pEnt=2.873 pIllM=0.0039 playedP=0.168 pW=0.47 pD=0.07 pL=0.46 vAbs=0.228 pLogitMean=-5.0771 vLogitMean=0.6142 gNorm=0.293 lr=0.00288 ms=3109.8 buf=500000 plies=40517311 games=614516 rejected=0 skipped=0 epoch=0 mom=0.9347 lrCyc[pk=1.0e+00,tr=1.0e-03] gNormMax=0.3068 clips=0 gCap=0.8482 trainerStep=4720
[LAYER-HEALTH] live trainerStep=4720 scope=batch_norm_state_only reluSites=0/10 dead=n/a off=n/a alwaysOn=n/a (no relu/leaky_relu BN sites) rvMaxOverMedian=16.3@blocks.2.bn1[31] rvOver10xMedian=2 rezero=none nonFinite=0 parkedSites=9/10 parkedCh=1040 parked=0 parkedOff=0 parkedBy=none
[REPLAY] step=4800 loss=3.5931 pLoss=2.7748 vLoss=0.8141 pEnt=2.886 pIllM=0.0041 playedP=0.166 pW=0.47 pD=0.07 pL=0.46 vAbs=0.222 pLogitMean=-5.0775 vLogitMean=0.6166 gNorm=0.268 lr=0.00254 ms=2934.3 buf=500000 plies=41200022 games=624928 rejected=0 skipped=0 epoch=0 mom=0.9365 lrCyc[pk=1.0e+00,tr=1.0e-03] gNormMax=0.3030 clips=0 gCap=0.8477 trainerStep=4800
[LAYER-HEALTH] live trainerStep=4800 scope=batch_norm_state_only reluSites=0/10 dead=n/a off=n/a alwaysOn=n/a (no relu/leaky_relu BN sites) rvMaxOverMedian=16.4@blocks.2.bn1[31] rvOver10xMedian=2 rezero=none nonFinite=0 parkedSites=9/10 parkedCh=1040 parked=0 parkedOff=0 parkedBy=none
[REPLAY] step=4880 loss=3.5316 pLoss=2.7206 vLoss=0.8069 pEnt=2.884 pIllM=0.0041 playedP=0.165 pW=0.47 pD=0.06 pL=0.46 vAbs=0.240 pLogitMean=-5.0774 vLogitMean=0.6177 gNorm=0.292 lr=0.00227 ms=3202.0 buf=500000 plies=41882587 games=635326 rejected=0 skipped=0 epoch=0 mom=0.9381 lrCyc[pk=1.0e+00,tr=1.0e-03] gNormMax=0.3179 clips=0 gCap=0.8486 trainerStep=4880
[LAYER-HEALTH] live trainerStep=4880 scope=batch_norm_state_only reluSites=0/10 dead=n/a off=n/a alwaysOn=n/a (no relu/leaky_relu BN sites) rvMaxOverMedian=16.4@blocks.2.bn1[31] rvOver10xMedian=2 rezero=none nonFinite=0 parkedSites=9/10 parkedCh=1040 parked=0 parkedOff=0 parkedBy=none
[REPLAY] step=4960 loss=3.5551 pLoss=2.7315 vLoss=0.8194 pEnt=2.858 pIllM=0.0041 playedP=0.174 pW=0.47 pD=0.07 pL=0.46 vAbs=0.224 pLogitMean=-5.0775 vLogitMean=0.6132 gNorm=0.291 lr=0.00203 ms=2958.7 buf=500000 plies=42565222 games=645679 rejected=0 skipped=0 epoch=0 mom=0.9397 lrCyc[pk=1.0e+00,tr=1.0e-03] gNormMax=0.3141 clips=0 gCap=0.8493 trainerStep=4960
[LAYER-HEALTH] live trainerStep=4960 scope=batch_norm_state_only reluSites=0/10 dead=n/a off=n/a alwaysOn=n/a (no relu/leaky_relu BN sites) rvMaxOverMedian=16.4@blocks.2.bn1[31] rvOver10xMedian=2 rezero=none nonFinite=0 parkedSites=9/10 parkedCh=1040 parked=0 parkedOff=0 parkedBy=none
[REPLAY] step=5000 loss=3.5565 pLoss=2.7589 vLoss=0.7935 pEnt=2.897 pIllM=0.0042 playedP=0.160 pW=0.47 pD=0.06 pL=0.46 vAbs=0.229 pLogitMean=-5.0776 vLogitMean=0.6132 gNorm=0.281 lr=0.00193 ms=3294.2 buf=500000 plies=42906578 games=650871 rejected=0 skipped=0 epoch=0 mom=0.9405 lrCyc[pk=1.0e+00,tr=1.0e-03] gNormMax=0.3216 clips=0 gCap=0.8495 trainerStep=5000
[LAYER-HEALTH] live trainerStep=5000 scope=batch_norm_state_only reluSites=0/10 dead=n/a off=n/a alwaysOn=n/a (no relu/leaky_relu BN sites) rvMaxOverMedian=16.4@blocks.2.bn1[31] rvOver10xMedian=2 rezero=none nonFinite=0 parkedSites=9/10 parkedCh=1040 parked=0 parkedOff=0 parkedBy=none
[ALARM] health active rule=policy_offset_drift severity=warning since=1150 trainerStep=5000 value=medianAbs=5.0776
[HEALTH] check trainerStep=5000 generation=0 evaluations=21 live=20 checkpoint=1 stale=0 truncated=0 cost_ms=9.0 train_ms=2327402.9 liveReadFailed=0 lossMaxRatio=1.02 lossMedianRatio=1.01 gradMaxRatio=1.15 rvRiseMax=1.07 rvOutliers=2/2 nodata=none active=policy_offset_drift:warning
[REPLAY] saved trainer model (autosave) step=5000 trainerStep=5000 nextGame=650871 shard=1 epoch=0 -> 20261008-lrBsiluall-relcap-replay-latest.safetensors
[LAYER-HEALTH] checkpoint replay-autosave step=5000 trainerStep=5000 scope=all_tensors reluSites=0/10 dead=n/a off=n/a alwaysOn=n/a (no relu/leaky_relu BN sites) rvMaxOverMedian=16.4@blocks.2.bn1[31] rvOver10xMedian=2 rezero=none nonFinite=0 parkedSites=9/10 parkedCh=1040 parked=0 parkedOff=0 parkedBy=none seZeroVel=none valueFC1ZeroVel=0/128 maxAbs=16.32@blocks.0.bn2.running_var
[LAYER-HEALTH]   batch-norm sites — β/|γ|: dead < -3.00, mostly off < -2.00, always on > +3.00; classified for relu/leaky_relu only
[LAYER-HEALTH]     site            act            ch   dead    off     on  zeroγ nonfin  min β/|γ| [ch]     max β/|γ| [ch]     rv max/median [ch]  rv≥10x
[LAYER-HEALTH]     stem.bn         -             128    n/a    n/a    n/a      0      0     -0.29 [69]         +0.16 [34]            2.4 [68]           0
[LAYER-HEALTH]     blocks.0.bn1    silu          128    n/a    n/a    n/a      0      0     -0.31 [21]         +0.14 [3]             2.1 [31]           0
[LAYER-HEALTH]     blocks.0.bn2    silu          128    n/a    n/a    n/a      0      0     -0.76 [109]        +0.31 [49]            9.4 [96]           0
[LAYER-HEALTH]     blocks.1.bn1    silu          128    n/a    n/a    n/a      0      0     -0.95 [17]         +0.04 [31]           10.4 [31]           1
[LAYER-HEALTH]     blocks.1.bn2    silu          128    n/a    n/a    n/a      0      0     -0.81 [80]         -0.06 [101]           3.7 [32]           0
[LAYER-HEALTH]     blocks.2.bn1    silu          128    n/a    n/a    n/a      0      0     -1.12 [68]         +0.50 [31]           16.4 [31]           1
[LAYER-HEALTH]     blocks.2.bn2    silu          128    n/a    n/a    n/a      0      0     -1.15 [85]         -0.07 [24]            2.8 [26]           0
[LAYER-HEALTH]     tower_final_bn  silu          128    n/a    n/a    n/a      0      0     -0.30 [83]         +0.66 [111]           4.0 [31]           0
[LAYER-HEALTH]     policy.pre_bn   silu          128    n/a    n/a    n/a      0      0     -0.79 [26]         +1.24 [30]            2.0 [12]           0
[LAYER-HEALTH]     value.bn        silu           16    n/a    n/a    n/a      0      0     -0.83 [8]          -0.24 [6]             1.5 [6]            0
[LAYER-HEALTH]   parked channels — every activation: pass-through P = E|f'(γz+β)|, z ~ N(0,1); parked when P above its floor < 0.00135 of the range (Φ(-3)), mostly off < 0.02275 (Φ(-2)); equals dead / off for relu/leaky_relu
[LAYER-HEALTH]     site            act            ch parked    off       min P   median P
[LAYER-HEALTH]     blocks.0.bn1    silu          128      0      0    0.412012   0.493309
[LAYER-HEALTH]     blocks.0.bn2    silu          128      0      0    0.278301   0.462191
[LAYER-HEALTH]     blocks.1.bn1    silu          128      0      0    0.232396   0.443200
[LAYER-HEALTH]     blocks.1.bn2    silu          128      0      0    0.270038   0.426740
[LAYER-HEALTH]     blocks.2.bn1    silu          128      0      0    0.201559   0.411988
[LAYER-HEALTH]     blocks.2.bn2    silu          128      0      0    0.197028   0.416669
[LAYER-HEALTH]     tower_final_bn  silu          128      0      0    0.415583   0.547442
[LAYER-HEALTH]     policy.pre_bn   silu          128      0      0    0.278080   0.529104
[LAYER-HEALTH]     value.bn        silu           16      0      0    0.267358   0.360037
[LAYER-HEALTH]   FC hidden-unit velocity — zero: every weight-velocity entry exactly 0; low: nonzero but < 5% of the layer's p90 unit norm
[LAYER-HEALTH]     value.fc1.weight  silu  units 128  zero 0  low 0  median unit norm 0.0135
[LAYER-HEALTH]     (no SE blocks)
[LAYER-HEALTH]   ReZero: none
[LAYER-HEALTH]   non-finite: 0 values in 0 of 102 tensors (10263038 values examined)
[LAYER-HEALTH]   largest |value|: blocks.0.bn2.running_var 16.32, blocks.2.bn1.running_var 7.535, blocks.2.bn2.running_var 6.55, blocks.1.bn2.running_var 5.823, blocks.1.bn1.running_var 4.546
[REPLAY] enumerated checkpoint -> 20261008-lrBsiluall-relcap-replay-step5000.safetensors
[REPLAY] step=5080 loss=3.5712 pLoss=2.7619 vLoss=0.8051 pEnt=2.876 pIllM=0.0042 playedP=0.166 pW=0.47 pD=0.06 pL=0.46 vAbs=0.228 pLogitMean=-5.0772 vLogitMean=0.6212 gNorm=0.278 lr=0.00175 ms=2616.9 buf=500000 plies=43589200 games=661138 rejected=0 skipped=0 epoch=0 mom=0.9419 lrCyc[pk=1.0e+00,tr=1.0e-03] gNormMax=0.3038 clips=0 gCap=0.8500 trainerStep=5080
[LAYER-HEALTH] live trainerStep=5080 scope=batch_norm_state_only reluSites=0/10 dead=n/a off=n/a alwaysOn=n/a (no relu/leaky_relu BN sites) rvMaxOverMedian=16.4@blocks.2.bn1[31] rvOver10xMedian=2 rezero=none nonFinite=0 parkedSites=9/10 parkedCh=1040 parked=0 parkedOff=0 parkedBy=none
[REPLAY] step=5160 loss=3.5837 pLoss=2.7600 vLoss=0.8197 pEnt=2.892 pIllM=0.0039 playedP=0.163 pW=0.47 pD=0.07 pL=0.46 vAbs=0.225 pLogitMean=-5.0786 vLogitMean=0.6158 gNorm=0.290 lr=0.0016 ms=2394.7 buf=500000 plies=44271804 games=671428 rejected=0 skipped=0 epoch=0 mom=0.9432 lrCyc[pk=1.0e+00,tr=1.0e-03] gNormMax=0.3004 clips=0 gCap=0.8495 trainerStep=5160
[LAYER-HEALTH] live trainerStep=5160 scope=batch_norm_state_only reluSites=0/10 dead=n/a off=n/a alwaysOn=n/a (no relu/leaky_relu BN sites) rvMaxOverMedian=16.4@blocks.2.bn1[31] rvOver10xMedian=2 rezero=none nonFinite=0 parkedSites=9/10 parkedCh=1040 parked=0 parkedOff=0 parkedBy=none
[REPLAY] step=5240 loss=3.5750 pLoss=2.7672 vLoss=0.8038 pEnt=2.898 pIllM=0.0040 playedP=0.162 pW=0.47 pD=0.06 pL=0.46 vAbs=0.230 pLogitMean=-5.0793 vLogitMean=0.6175 gNorm=0.276 lr=0.00147 ms=2732.2 buf=500000 plies=44954453 games=681761 rejected=0 skipped=0 epoch=0 mom=0.9444 lrCyc[pk=1.0e+00,tr=1.0e-03] gNormMax=0.3126 clips=0 gCap=0.8501 trainerStep=5240
[LAYER-HEALTH] live trainerStep=5240 scope=batch_norm_state_only reluSites=0/10 dead=n/a off=n/a alwaysOn=n/a (no relu/leaky_relu BN sites) rvMaxOverMedian=16.4@blocks.2.bn1[31] rvOver10xMedian=2 rezero=none nonFinite=0 parkedSites=9/10 parkedCh=1040 parked=0 parkedOff=0 parkedBy=none
[REPLAY] step=5320 loss=3.5579 pLoss=2.7411 vLoss=0.8129 pEnt=2.872 pIllM=0.0039 playedP=0.170 pW=0.47 pD=0.07 pL=0.46 vAbs=0.229 pLogitMean=-5.0792 vLogitMean=0.6176 gNorm=0.272 lr=0.00136 ms=3337.8 buf=500000 plies=45637100 games=692069 rejected=0 skipped=0 epoch=0 mom=0.9455 lrCyc[pk=1.0e+00,tr=1.0e-03] gNormMax=0.3185 clips=0 gCap=0.8505 trainerStep=5320
[LAYER-HEALTH] live trainerStep=5320 scope=batch_norm_state_only reluSites=0/10 dead=n/a off=n/a alwaysOn=n/a (no relu/leaky_relu BN sites) rvMaxOverMedian=16.4@blocks.2.bn1[31] rvOver10xMedian=2 rezero=none nonFinite=0 parkedSites=9/10 parkedCh=1040 parked=0 parkedOff=0 parkedBy=none
[REPLAY] step=5400 loss=3.5832 pLoss=2.7729 vLoss=0.8063 pEnt=2.884 pIllM=0.0040 playedP=0.168 pW=0.47 pD=0.07 pL=0.46 vAbs=0.225 pLogitMean=-5.0802 vLogitMean=0.6149 gNorm=0.280 lr=0.00127 ms=2383.5 buf=500000 plies=46319752 games=702375 rejected=0 skipped=0 epoch=0 mom=0.9465 lrCyc[pk=1.0e+00,tr=1.0e-03] gNormMax=0.3141 clips=0 gCap=0.8514 trainerStep=5400
[LAYER-HEALTH] live trainerStep=5400 scope=batch_norm_state_only reluSites=0/10 dead=n/a off=n/a alwaysOn=n/a (no relu/leaky_relu BN sites) rvMaxOverMedian=16.4@blocks.2.bn1[31] rvOver10xMedian=2 rezero=none nonFinite=0 parkedSites=9/10 parkedCh=1040 parked=0 parkedOff=0 parkedBy=none
[REPLAY] step=5480 loss=3.5611 pLoss=2.7557 vLoss=0.8018 pEnt=2.881 pIllM=0.0037 playedP=0.166 pW=0.47 pD=0.06 pL=0.46 vAbs=0.228 pLogitMean=-5.0794 vLogitMean=0.6156 gNorm=0.277 lr=0.0012 ms=2743.9 buf=500000 plies=47002455 games=712656 rejected=0 skipped=0 epoch=0 mom=0.9474 lrCyc[pk=1.0e+00,tr=1.0e-03] gNormMax=0.3188 clips=0 gCap=0.8511 trainerStep=5480
[LAYER-HEALTH] live trainerStep=5480 scope=batch_norm_state_only reluSites=0/10 dead=n/a off=n/a alwaysOn=n/a (no relu/leaky_relu BN sites) rvMaxOverMedian=16.4@blocks.2.bn1[31] rvOver10xMedian=2 rezero=none nonFinite=0 parkedSites=9/10 parkedCh=1040 parked=0 parkedOff=0 parkedBy=none
[REPLAY] step=5560 loss=3.5461 pLoss=2.7373 vLoss=0.8051 pEnt=2.882 pIllM=0.0037 playedP=0.167 pW=0.47 pD=0.06 pL=0.46 vAbs=0.232 pLogitMean=-5.0805 vLogitMean=0.6174 gNorm=0.286 lr=0.00114 ms=2395.6 buf=500000 plies=47685015 games=723062 rejected=0 skipped=0 epoch=0 mom=0.9481 lrCyc[pk=1.0e+00,tr=1.0e-03] gNormMax=0.3168 clips=0 gCap=0.8524 trainerStep=5560
[LAYER-HEALTH] live trainerStep=5560 scope=batch_norm_state_only reluSites=0/10 dead=n/a off=n/a alwaysOn=n/a (no relu/leaky_relu BN sites) rvMaxOverMedian=16.4@blocks.2.bn1[31] rvOver10xMedian=2 rezero=none nonFinite=0 parkedSites=9/10 parkedCh=1040 parked=0 parkedOff=0 parkedBy=none
[REPLAY] step=5640 loss=3.5809 pLoss=2.7734 vLoss=0.8037 pEnt=2.892 pIllM=0.0038 playedP=0.162 pW=0.47 pD=0.07 pL=0.46 vAbs=0.228 pLogitMean=-5.0795 vLogitMean=0.6176 gNorm=0.279 lr=0.00109 ms=3184.7 buf=500000 plies=48367670 games=733411 rejected=0 skipped=0 epoch=0 mom=0.9487 lrCyc[pk=1.0e+00,tr=1.0e-03] gNormMax=0.3113 clips=0 gCap=0.8529 trainerStep=5640
[LAYER-HEALTH] live trainerStep=5640 scope=batch_norm_state_only reluSites=0/10 dead=n/a off=n/a alwaysOn=n/a (no relu/leaky_relu BN sites) rvMaxOverMedian=16.4@blocks.2.bn1[31] rvOver10xMedian=2 rezero=none nonFinite=0 parkedSites=9/10 parkedCh=1040 parked=0 parkedOff=0 parkedBy=none
[REPLAY] step=5720 loss=3.5496 pLoss=2.7343 vLoss=0.8114 pEnt=2.877 pIllM=0.0039 playedP=0.168 pW=0.47 pD=0.07 pL=0.46 vAbs=0.230 pLogitMean=-5.0806 vLogitMean=0.6180 gNorm=0.279 lr=0.00105 ms=2753.4 buf=500000 plies=49050280 games=743785 rejected=0 skipped=0 epoch=0 mom=0.9492 lrCyc[pk=1.0e+00,tr=1.0e-03] gNormMax=0.3194 clips=0 gCap=0.8532 trainerStep=5720
[LAYER-HEALTH] live trainerStep=5720 scope=batch_norm_state_only reluSites=0/10 dead=n/a off=n/a alwaysOn=n/a (no relu/leaky_relu BN sites) rvMaxOverMedian=16.4@blocks.2.bn1[31] rvOver10xMedian=2 rezero=none nonFinite=0 parkedSites=9/10 parkedCh=1040 parked=0 parkedOff=0 parkedBy=none
[REPLAY] step=5800 loss=3.5645 pLoss=2.7446 vLoss=0.8160 pEnt=2.873 pIllM=0.0039 playedP=0.167 pW=0.47 pD=0.07 pL=0.46 vAbs=0.226 pLogitMean=-5.0795 vLogitMean=0.6160 gNorm=0.270 lr=0.00103 ms=3022.7 buf=500000 plies=49732925 games=754076 rejected=0 skipped=0 epoch=0 mom=0.9496 lrCyc[pk=1.0e+00,tr=1.0e-03] gNormMax=0.3261 clips=0 gCap=0.8539 trainerStep=5800
[LAYER-HEALTH] live trainerStep=5800 scope=batch_norm_state_only reluSites=0/10 dead=n/a off=n/a alwaysOn=n/a (no relu/leaky_relu BN sites) rvMaxOverMedian=16.5@blocks.2.bn1[31] rvOver10xMedian=2 rezero=none nonFinite=0 parkedSites=9/10 parkedCh=1040 parked=0 parkedOff=0 parkedBy=none
[REPLAY] step=5880 loss=3.6107 pLoss=2.7839 vLoss=0.8229 pEnt=2.900 pIllM=0.0039 playedP=0.164 pW=0.47 pD=0.07 pL=0.46 vAbs=0.226 pLogitMean=-5.0813 vLogitMean=0.6160 gNorm=0.293 lr=0.00101 ms=2562.1 buf=500000 plies=50415598 games=764411 rejected=0 skipped=0 epoch=0 mom=0.9499 lrCyc[pk=1.0e+00,tr=1.0e-03] gNormMax=0.3048 clips=0 gCap=0.8531 trainerStep=5880
[LAYER-HEALTH] live trainerStep=5880 scope=batch_norm_state_only reluSites=0/10 dead=n/a off=n/a alwaysOn=n/a (no relu/leaky_relu BN sites) rvMaxOverMedian=16.5@blocks.2.bn1[31] rvOver10xMedian=2 rezero=none nonFinite=0 parkedSites=9/10 parkedCh=1040 parked=0 parkedOff=0 parkedBy=none
[REPLAY] step=5960 loss=3.5711 pLoss=2.7565 vLoss=0.8106 pEnt=2.883 pIllM=0.0040 playedP=0.164 pW=0.47 pD=0.07 pL=0.46 vAbs=0.223 pLogitMean=-5.0811 vLogitMean=0.6158 gNorm=0.271 lr=0.000999 ms=2681.2 buf=500000 plies=51098200 games=774705 rejected=0 skipped=0 epoch=0 mom=0.9500 lrCyc[pk=1.0e+00,tr=1.0e-03] gNormMax=0.3154 clips=0 gCap=0.8529 trainerStep=5960
[LAYER-HEALTH] live trainerStep=5960 scope=batch_norm_state_only reluSites=0/10 dead=n/a off=n/a alwaysOn=n/a (no relu/leaky_relu BN sites) rvMaxOverMedian=16.4@blocks.2.bn1[31] rvOver10xMedian=2 rezero=none nonFinite=0 parkedSites=9/10 parkedCh=1040 parked=0 parkedOff=0 parkedBy=none
[REPLAY] step=6000 loss=3.5640 pLoss=2.7454 vLoss=0.8143 pEnt=2.877 pIllM=0.0043 playedP=0.167 pW=0.47 pD=0.07 pL=0.46 vAbs=0.228 pLogitMean=-5.0797 vLogitMean=0.6186 gNorm=0.265 lr=0.000998 ms=2847.7 buf=500000 plies=51439544 games=779913 rejected=0 skipped=0 epoch=0 mom=0.9500 lrCyc[pk=1.0e+00,tr=1.0e-03] gNormMax=0.3100 clips=0 gCap=0.8522 trainerStep=6000
[LAYER-HEALTH] live trainerStep=6000 scope=batch_norm_state_only reluSites=0/10 dead=n/a off=n/a alwaysOn=n/a (no relu/leaky_relu BN sites) rvMaxOverMedian=16.4@blocks.2.bn1[31] rvOver10xMedian=2 rezero=none nonFinite=0 parkedSites=9/10 parkedCh=1040 parked=0 parkedOff=0 parkedBy=none
[ALARM] health active rule=policy_offset_drift severity=warning since=1150 trainerStep=6000 value=medianAbs=5.0804
[HEALTH] check trainerStep=6000 generation=0 evaluations=21 live=20 checkpoint=1 stale=0 truncated=0 cost_ms=14.4 train_ms=2304615.0 liveReadFailed=0 lossMaxRatio=1.02 lossMedianRatio=1.00 gradMaxRatio=1.15 rvRiseMax=1.03 rvOutliers=2/2 nodata=none active=policy_offset_drift:warning
[REPLAY] saved trainer model (autosave) step=6000 trainerStep=6000 nextGame=779913 shard=1 epoch=0 -> 20261008-lrBsiluall-relcap-replay-latest.safetensors
[LAYER-HEALTH] checkpoint replay-autosave step=6000 trainerStep=6000 scope=all_tensors reluSites=0/10 dead=n/a off=n/a alwaysOn=n/a (no relu/leaky_relu BN sites) rvMaxOverMedian=16.4@blocks.2.bn1[31] rvOver10xMedian=2 rezero=none nonFinite=0 parkedSites=9/10 parkedCh=1040 parked=0 parkedOff=0 parkedBy=none seZeroVel=none valueFC1ZeroVel=0/128 maxAbs=15.78@blocks.0.bn2.running_var
[LAYER-HEALTH]   batch-norm sites — β/|γ|: dead < -3.00, mostly off < -2.00, always on > +3.00; classified for relu/leaky_relu only
[LAYER-HEALTH]     site            act            ch   dead    off     on  zeroγ nonfin  min β/|γ| [ch]     max β/|γ| [ch]     rv max/median [ch]  rv≥10x
[LAYER-HEALTH]     stem.bn         -             128    n/a    n/a    n/a      0      0     -0.29 [69]         +0.16 [34]            2.4 [68]           0
[LAYER-HEALTH]     blocks.0.bn1    silu          128    n/a    n/a    n/a      0      0     -0.31 [21]         +0.14 [3]             2.1 [31]           0
[LAYER-HEALTH]     blocks.0.bn2    silu          128    n/a    n/a    n/a      0      0     -0.76 [109]        +0.31 [49]            9.0 [96]           0
[LAYER-HEALTH]     blocks.1.bn1    silu          128    n/a    n/a    n/a      0      0     -0.95 [17]         +0.04 [31]           10.3 [31]           1
[LAYER-HEALTH]     blocks.1.bn2    silu          128    n/a    n/a    n/a      0      0     -0.81 [80]         -0.06 [101]           3.7 [32]           0
[LAYER-HEALTH]     blocks.2.bn1    silu          128    n/a    n/a    n/a      0      0     -1.12 [68]         +0.50 [31]           16.4 [31]           1
[LAYER-HEALTH]     blocks.2.bn2    silu          128    n/a    n/a    n/a      0      0     -1.16 [85]         -0.07 [24]            2.8 [26]           0
[LAYER-HEALTH]     tower_final_bn  silu          128    n/a    n/a    n/a      0      0     -0.30 [83]         +0.66 [111]           4.0 [31]           0
[LAYER-HEALTH]     policy.pre_bn   silu          128    n/a    n/a    n/a      0      0     -0.79 [26]         +1.24 [30]            2.0 [12]           0
[LAYER-HEALTH]     value.bn        silu           16    n/a    n/a    n/a      0      0     -0.83 [8]          -0.24 [6]             1.5 [6]            0
[LAYER-HEALTH]   parked channels — every activation: pass-through P = E|f'(γz+β)|, z ~ N(0,1); parked when P above its floor < 0.00135 of the range (Φ(-3)), mostly off < 0.02275 (Φ(-2)); equals dead / off for relu/leaky_relu
[LAYER-HEALTH]     site            act            ch parked    off       min P   median P
[LAYER-HEALTH]     blocks.0.bn1    silu          128      0      0    0.411808   0.493418
[LAYER-HEALTH]     blocks.0.bn2    silu          128      0      0    0.278244   0.462257
[LAYER-HEALTH]     blocks.1.bn1    silu          128      0      0    0.232085   0.443093
[LAYER-HEALTH]     blocks.1.bn2    silu          128      0      0    0.269867   0.426811
[LAYER-HEALTH]     blocks.2.bn1    silu          128      0      0    0.201408   0.411923
[LAYER-HEALTH]     blocks.2.bn2    silu          128      0      0    0.196756   0.416762
[LAYER-HEALTH]     tower_final_bn  silu          128      0      0    0.415645   0.547509
[LAYER-HEALTH]     policy.pre_bn   silu          128      0      0    0.278844   0.529282
[LAYER-HEALTH]     value.bn        silu           16      0      0    0.267292   0.360055
[LAYER-HEALTH]   FC hidden-unit velocity — zero: every weight-velocity entry exactly 0; low: nonzero but < 5% of the layer's p90 unit norm
[LAYER-HEALTH]     value.fc1.weight  silu  units 128  zero 0  low 0  median unit norm 0.01126
[LAYER-HEALTH]     (no SE blocks)
[LAYER-HEALTH]   ReZero: none
[LAYER-HEALTH]   non-finite: 0 values in 0 of 102 tensors (10263038 values examined)
[LAYER-HEALTH]   largest |value|: blocks.0.bn2.running_var 15.78, blocks.2.bn1.running_var 7.537, blocks.2.bn2.running_var 6.54, blocks.1.bn2.running_var 5.748, blocks.1.bn1.running_var 4.549
[REPLAY] enumerated checkpoint -> 20261008-lrBsiluall-relcap-replay-step6000.safetensors
[REPLAY] step=6080 loss=3.5872 pLoss=2.7696 vLoss=0.8138 pEnt=2.868 pIllM=0.0039 playedP=0.169 pW=0.47 pD=0.07 pL=0.46 vAbs=0.225 pLogitMean=-5.0815 vLogitMean=0.6133 gNorm=0.287 lr=0.001 ms=2335.2 buf=500000 plies=52122193 games=790287 rejected=0 skipped=0 epoch=0 mom=0.9499 lrCyc[pk=1.0e+00,tr=1.0e-03] gNormMax=0.3163 clips=0 gCap=0.8528 trainerStep=6080
[LAYER-HEALTH] live trainerStep=6080 scope=batch_norm_state_only reluSites=0/10 dead=n/a off=n/a alwaysOn=n/a (no relu/leaky_relu BN sites) rvMaxOverMedian=16.4@blocks.2.bn1[31] rvOver10xMedian=2 rezero=none nonFinite=0 parkedSites=9/10 parkedCh=1040 parked=0 parkedOff=0 parkedBy=none
[REPLAY] step=6160 loss=3.5804 pLoss=2.7686 vLoss=0.8080 pEnt=2.879 pIllM=0.0038 playedP=0.164 pW=0.47 pD=0.07 pL=0.46 vAbs=0.223 pLogitMean=-5.0820 vLogitMean=0.6154 gNorm=0.293 lr=0.00102 ms=2454.0 buf=500000 plies=52804813 games=800571 rejected=0 skipped=0 epoch=0 mom=0.9497 lrCyc[pk=1.0e+00,tr=1.0e-03] gNormMax=0.3252 clips=0 gCap=0.8534 trainerStep=6160
[LAYER-HEALTH] live trainerStep=6160 scope=batch_norm_state_only reluSites=0/10 dead=n/a off=n/a alwaysOn=n/a (no relu/leaky_relu BN sites) rvMaxOverMedian=16.4@blocks.2.bn1[31] rvOver10xMedian=2 rezero=none nonFinite=0 parkedSites=9/10 parkedCh=1040 parked=0 parkedOff=0 parkedBy=none
[REPLAY] step=6240 loss=3.5605 pLoss=2.7392 vLoss=0.8171 pEnt=2.886 pIllM=0.0043 playedP=0.164 pW=0.47 pD=0.07 pL=0.46 vAbs=0.229 pLogitMean=-5.0830 vLogitMean=0.6198 gNorm=0.290 lr=0.00104 ms=2851.3 buf=500000 plies=53487525 games=810834 rejected=0 skipped=0 epoch=0 mom=0.9494 lrCyc[pk=1.0e+00,tr=1.0e-03] gNormMax=0.3211 clips=0 gCap=0.8529 trainerStep=6240
[LAYER-HEALTH] live trainerStep=6240 scope=batch_norm_state_only reluSites=0/10 dead=n/a off=n/a alwaysOn=n/a (no relu/leaky_relu BN sites) rvMaxOverMedian=16.4@blocks.2.bn1[31] rvOver10xMedian=2 rezero=none nonFinite=0 parkedSites=9/10 parkedCh=1040 parked=0 parkedOff=0 parkedBy=none
[REPLAY] step=6320 loss=3.5357 pLoss=2.7213 vLoss=0.8107 pEnt=2.878 pIllM=0.0036 playedP=0.167 pW=0.47 pD=0.07 pL=0.46 vAbs=0.234 pLogitMean=-5.0821 vLogitMean=0.6215 gNorm=0.276 lr=0.00107 ms=2894.2 buf=500000 plies=54170123 games=821139 rejected=0 skipped=0 epoch=0 mom=0.9490 lrCyc[pk=1.0e+00,tr=1.0e-03] gNormMax=0.3147 clips=0 gCap=0.8526 trainerStep=6320
[LAYER-HEALTH] live trainerStep=6320 scope=batch_norm_state_only reluSites=0/10 dead=n/a off=n/a alwaysOn=n/a (no relu/leaky_relu BN sites) rvMaxOverMedian=16.4@blocks.2.bn1[31] rvOver10xMedian=2 rezero=none nonFinite=0 parkedSites=9/10 parkedCh=1040 parked=0 parkedOff=0 parkedBy=none
[REPLAY] step=6400 loss=3.5747 pLoss=2.7445 vLoss=0.8261 pEnt=2.895 pIllM=0.0040 playedP=0.162 pW=0.47 pD=0.07 pL=0.46 vAbs=0.230 pLogitMean=-5.0834 vLogitMean=0.6211 gNorm=0.289 lr=0.00111 ms=2469.8 buf=500000 plies=54852835 games=831471 rejected=0 skipped=0 epoch=0 mom=0.9484 lrCyc[pk=1.0e+00,tr=1.0e-03] gNormMax=0.3188 clips=0 gCap=0.8527 trainerStep=6400
[LAYER-HEALTH] live trainerStep=6400 scope=batch_norm_state_only reluSites=0/10 dead=n/a off=n/a alwaysOn=n/a (no relu/leaky_relu BN sites) rvMaxOverMedian=16.3@blocks.2.bn1[31] rvOver10xMedian=2 rezero=none nonFinite=0 parkedSites=9/10 parkedCh=1040 parked=0 parkedOff=0 parkedBy=none
[REPLAY] step=6480 loss=3.5596 pLoss=2.7540 vLoss=0.8017 pEnt=2.882 pIllM=0.0040 playedP=0.166 pW=0.47 pD=0.07 pL=0.46 vAbs=0.229 pLogitMean=-5.0827 vLogitMean=0.6174 gNorm=0.291 lr=0.00117 ms=3179.6 buf=500000 plies=55535403 games=841745 rejected=0 skipped=0 epoch=0 mom=0.9477 lrCyc[pk=9.9e-01,tr=1.0e-03] gNormMax=0.3197 clips=0 gCap=0.8529 trainerStep=6480
[LAYER-HEALTH] live trainerStep=6480 scope=batch_norm_state_only reluSites=0/10 dead=n/a off=n/a alwaysOn=n/a (no relu/leaky_relu BN sites) rvMaxOverMedian=16.4@blocks.2.bn1[31] rvOver10xMedian=2 rezero=none nonFinite=0 parkedSites=9/10 parkedCh=1040 parked=0 parkedOff=0 parkedBy=none
[REPLAY] step=6560 loss=3.5655 pLoss=2.7553 vLoss=0.8060 pEnt=2.885 pIllM=0.0041 playedP=0.165 pW=0.47 pD=0.07 pL=0.46 vAbs=0.232 pLogitMean=-5.0826 vLogitMean=0.6199 gNorm=0.289 lr=0.00123 ms=2617.6 buf=500000 plies=56218004 games=852066 rejected=0 skipped=0 epoch=0 mom=0.9469 lrCyc[pk=9.9e-01,tr=1.0e-03] gNormMax=0.3136 clips=0 gCap=0.8525 trainerStep=6560
[LAYER-HEALTH] live trainerStep=6560 scope=batch_norm_state_only reluSites=0/10 dead=n/a off=n/a alwaysOn=n/a (no relu/leaky_relu BN sites) rvMaxOverMedian=16.4@blocks.2.bn1[31] rvOver10xMedian=2 rezero=none nonFinite=0 parkedSites=9/10 parkedCh=1040 parked=0 parkedOff=0 parkedBy=none
[REPLAY] step=6640 loss=3.5666 pLoss=2.7427 vLoss=0.8192 pEnt=2.867 pIllM=0.0047 playedP=0.167 pW=0.47 pD=0.07 pL=0.46 vAbs=0.226 pLogitMean=-5.0830 vLogitMean=0.6168 gNorm=0.270 lr=0.00131 ms=3092.7 buf=500000 plies=56900640 games=862461 rejected=0 skipped=0 epoch=0 mom=0.9460 lrCyc[pk=9.9e-01,tr=1.0e-03] gNormMax=0.3210 clips=0 gCap=0.8526 trainerStep=6640
[LAYER-HEALTH] live trainerStep=6640 scope=batch_norm_state_only reluSites=0/10 dead=n/a off=n/a alwaysOn=n/a (no relu/leaky_relu BN sites) rvMaxOverMedian=16.4@blocks.2.bn1[31] rvOver10xMedian=2 rezero=none nonFinite=0 parkedSites=9/10 parkedCh=1040 parked=0 parkedOff=0 parkedBy=none
[REPLAY] step=6720 loss=3.5652 pLoss=2.7526 vLoss=0.8087 pEnt=2.862 pIllM=0.0039 playedP=0.170 pW=0.47 pD=0.07 pL=0.46 vAbs=0.226 pLogitMean=-5.0826 vLogitMean=0.6211 gNorm=0.272 lr=0.00141 ms=3102.6 buf=500000 plies=57583308 games=872791 rejected=0 skipped=0 epoch=0 mom=0.9450 lrCyc[pk=9.9e-01,tr=1.0e-03] gNormMax=0.3155 clips=0 gCap=0.8524 trainerStep=6720
[LAYER-HEALTH] live trainerStep=6720 scope=batch_norm_state_only reluSites=0/10 dead=n/a off=n/a alwaysOn=n/a (no relu/leaky_relu BN sites) rvMaxOverMedian=16.4@blocks.2.bn1[31] rvOver10xMedian=2 rezero=none nonFinite=0 parkedSites=9/10 parkedCh=1040 parked=0 parkedOff=0 parkedBy=none
[REPLAY] step=6800 loss=3.5933 pLoss=2.7682 vLoss=0.8212 pEnt=2.879 pIllM=0.0040 playedP=0.166 pW=0.47 pD=0.07 pL=0.46 vAbs=0.220 pLogitMean=-5.0848 vLogitMean=0.6158 gNorm=0.282 lr=0.00153 ms=2775.7 buf=500000 plies=58265953 games=883116 rejected=0 skipped=0 epoch=0 mom=0.9438 lrCyc[pk=9.9e-01,tr=1.0e-03] gNormMax=0.3309 clips=0 gCap=0.8518 trainerStep=6800
[LAYER-HEALTH] live trainerStep=6800 scope=batch_norm_state_only reluSites=0/10 dead=n/a off=n/a alwaysOn=n/a (no relu/leaky_relu BN sites) rvMaxOverMedian=16.4@blocks.2.bn1[31] rvOver10xMedian=2 rezero=none nonFinite=0 parkedSites=9/10 parkedCh=1040 parked=0 parkedOff=0 parkedBy=none
[REPLAY] step=6880 loss=3.5759 pLoss=2.7598 vLoss=0.8121 pEnt=2.896 pIllM=0.0039 playedP=0.168 pW=0.47 pD=0.07 pL=0.46 vAbs=0.225 pLogitMean=-5.0849 vLogitMean=0.6193 gNorm=0.291 lr=0.00167 ms=2255.1 buf=500000 plies=58948578 games=893541 rejected=0 skipped=0 epoch=0 mom=0.9426 lrCyc[pk=9.9e-01,tr=1.0e-03] gNormMax=0.3121 clips=0 gCap=0.8526 trainerStep=6880
[LAYER-HEALTH] live trainerStep=6880 scope=batch_norm_state_only reluSites=0/10 dead=n/a off=n/a alwaysOn=n/a (no relu/leaky_relu BN sites) rvMaxOverMedian=16.4@blocks.2.bn1[31] rvOver10xMedian=2 rezero=none nonFinite=0 parkedSites=9/10 parkedCh=1040 parked=0 parkedOff=0 parkedBy=none
[REPLAY] step=6950 loss=3.5664 pLoss=2.7442 vLoss=0.8182 pEnt=2.891 pIllM=0.0040 playedP=0.167 pW=0.47 pD=0.07 pL=0.46 vAbs=0.221 pLogitMean=-5.0842 vLogitMean=0.6163 gNorm=0.288 lr=0.00181 ms=2950.1 buf=500000 plies=59545882 games=902529 rejected=0 skipped=0 epoch=0 mom=0.9414 lrCyc[pk=9.9e-01,tr=1.0e-03] gNormMax=0.3167 clips=0 gCap=0.8535 trainerStep=6950
[LAYER-HEALTH] live trainerStep=6950 scope=batch_norm_state_only reluSites=0/10 dead=n/a off=n/a alwaysOn=n/a (no relu/leaky_relu BN sites) rvMaxOverMedian=16.4@blocks.2.bn1[31] rvOver10xMedian=2 rezero=none nonFinite=0 parkedSites=9/10 parkedCh=1040 parked=0 parkedOff=0 parkedBy=none
[REPLAY] step=7000 loss=3.5678 pLoss=2.7465 vLoss=0.8169 pEnt=2.870 pIllM=0.0044 playedP=0.166 pW=0.47 pD=0.07 pL=0.46 vAbs=0.226 pLogitMean=-5.0830 vLogitMean=0.6204 gNorm=0.283 lr=0.00193 ms=3357.1 buf=500000 plies=59972543 games=908960 rejected=0 skipped=0 epoch=0 mom=0.9405 lrCyc[pk=9.9e-01,tr=1.0e-03] gNormMax=0.3090 clips=0 gCap=0.8545 trainerStep=7000
[LAYER-HEALTH] live trainerStep=7000 scope=batch_norm_state_only reluSites=0/10 dead=n/a off=n/a alwaysOn=n/a (no relu/leaky_relu BN sites) rvMaxOverMedian=16.4@blocks.2.bn1[31] rvOver10xMedian=2 rezero=none nonFinite=0 parkedSites=9/10 parkedCh=1040 parked=0 parkedOff=0 parkedBy=none
[ALARM] health active rule=policy_offset_drift severity=warning since=1150 trainerStep=7000 value=medianAbs=5.0835
[HEALTH] check trainerStep=7000 generation=0 evaluations=21 live=20 checkpoint=1 stale=0 truncated=0 cost_ms=13.2 train_ms=2334980.4 liveReadFailed=0 lossMaxRatio=1.02 lossMedianRatio=1.00 gradMaxRatio=1.17 rvRiseMax=1.01 rvOutliers=2/2 nodata=none active=policy_offset_drift:warning
[REPLAY] saved trainer model (autosave) step=7000 trainerStep=7000 nextGame=908960 shard=1 epoch=0 -> 20261008-lrBsiluall-relcap-replay-latest.safetensors
[LAYER-HEALTH] checkpoint replay-autosave step=7000 trainerStep=7000 scope=all_tensors reluSites=0/10 dead=n/a off=n/a alwaysOn=n/a (no relu/leaky_relu BN sites) rvMaxOverMedian=16.4@blocks.2.bn1[31] rvOver10xMedian=2 rezero=none nonFinite=0 parkedSites=9/10 parkedCh=1040 parked=0 parkedOff=0 parkedBy=none seZeroVel=none valueFC1ZeroVel=0/128 maxAbs=15.38@blocks.0.bn2.running_var
[LAYER-HEALTH]   batch-norm sites — β/|γ|: dead < -3.00, mostly off < -2.00, always on > +3.00; classified for relu/leaky_relu only
[LAYER-HEALTH]     site            act            ch   dead    off     on  zeroγ nonfin  min β/|γ| [ch]     max β/|γ| [ch]     rv max/median [ch]  rv≥10x
[LAYER-HEALTH]     stem.bn         -             128    n/a    n/a    n/a      0      0     -0.29 [69]         +0.16 [34]            2.5 [68]           0
[LAYER-HEALTH]     blocks.0.bn1    silu          128    n/a    n/a    n/a      0      0     -0.32 [21]         +0.14 [3]             2.1 [31]           0
[LAYER-HEALTH]     blocks.0.bn2    silu          128    n/a    n/a    n/a      0      0     -0.76 [109]        +0.31 [49]            8.8 [96]           0
[LAYER-HEALTH]     blocks.1.bn1    silu          128    n/a    n/a    n/a      0      0     -0.95 [17]         +0.04 [31]           10.3 [31]           1
[LAYER-HEALTH]     blocks.1.bn2    silu          128    n/a    n/a    n/a      0      0     -0.81 [80]         -0.06 [101]           3.7 [32]           0
[LAYER-HEALTH]     blocks.2.bn1    silu          128    n/a    n/a    n/a      0      0     -1.12 [68]         +0.50 [31]           16.4 [31]           1
[LAYER-HEALTH]     blocks.2.bn2    silu          128    n/a    n/a    n/a      0      0     -1.16 [85]         -0.07 [24]            2.8 [26]           0
[LAYER-HEALTH]     tower_final_bn  silu          128    n/a    n/a    n/a      0      0     -0.30 [83]         +0.66 [111]           4.0 [31]           0
[LAYER-HEALTH]     policy.pre_bn   silu          128    n/a    n/a    n/a      0      0     -0.79 [26]         +1.24 [30]            2.0 [12]           0
[LAYER-HEALTH]     value.bn        silu           16    n/a    n/a    n/a      0      0     -0.84 [8]          -0.24 [6]             1.5 [6]            0
[LAYER-HEALTH]   parked channels — every activation: pass-through P = E|f'(γz+β)|, z ~ N(0,1); parked when P above its floor < 0.00135 of the range (Φ(-3)), mostly off < 0.02275 (Φ(-2)); equals dead / off for relu/leaky_relu
[LAYER-HEALTH]     site            act            ch parked    off       min P   median P
[LAYER-HEALTH]     blocks.0.bn1    silu          128      0      0    0.411689   0.493476
[LAYER-HEALTH]     blocks.0.bn2    silu          128      0      0    0.278182   0.462382
[LAYER-HEALTH]     blocks.1.bn1    silu          128      0      0    0.232265   0.443032
[LAYER-HEALTH]     blocks.1.bn2    silu          128      0      0    0.269896   0.426729
[LAYER-HEALTH]     blocks.2.bn1    silu          128      0      0    0.201587   0.411935
[LAYER-HEALTH]     blocks.2.bn2    silu          128      0      0    0.196737   0.416901
[LAYER-HEALTH]     tower_final_bn  silu          128      0      0    0.415624   0.547508
[LAYER-HEALTH]     policy.pre_bn   silu          128      0      0    0.279584   0.529531
[LAYER-HEALTH]     value.bn        silu           16      0      0    0.266790   0.359785
[LAYER-HEALTH]   FC hidden-unit velocity — zero: every weight-velocity entry exactly 0; low: nonzero but < 5% of the layer's p90 unit norm
[LAYER-HEALTH]     value.fc1.weight  silu  units 128  zero 0  low 0  median unit norm 0.009347
[LAYER-HEALTH]     (no SE blocks)
[LAYER-HEALTH]   ReZero: none
[LAYER-HEALTH]   non-finite: 0 values in 0 of 102 tensors (10263038 values examined)
[LAYER-HEALTH]   largest |value|: blocks.0.bn2.running_var 15.38, blocks.2.bn1.running_var 7.555, blocks.2.bn2.running_var 6.568, blocks.1.bn2.running_var 5.685, blocks.1.bn1.running_var 4.552
[REPLAY] enumerated checkpoint -> 20261008-lrBsiluall-relcap-replay-step7000.safetensors
[REPLAY] step=7070 loss=3.5597 pLoss=2.7309 vLoss=0.8244 pEnt=2.882 pIllM=0.0043 playedP=0.167 pW=0.47 pD=0.07 pL=0.46 vAbs=0.234 pLogitMean=-5.0842 vLogitMean=0.6207 gNorm=0.299 lr=0.00211 ms=2621.5 buf=500000 plies=60569844 games=917987 rejected=0 skipped=0 epoch=0 mom=0.9391 lrCyc[pk=9.9e-01,tr=1.0e-03] gNormMax=0.3188 clips=0 gCap=0.8549 trainerStep=7070
[LAYER-HEALTH] live trainerStep=7070 scope=batch_norm_state_only reluSites=0/10 dead=n/a off=n/a alwaysOn=n/a (no relu/leaky_relu BN sites) rvMaxOverMedian=16.4@blocks.2.bn1[31] rvOver10xMedian=2 rezero=none nonFinite=0 parkedSites=9/10 parkedCh=1040 parked=0 parkedOff=0 parkedBy=none
[REPLAY] step=7150 loss=3.5512 pLoss=2.7334 vLoss=0.8136 pEnt=2.856 pIllM=0.0041 playedP=0.171 pW=0.47 pD=0.07 pL=0.46 vAbs=0.226 pLogitMean=-5.0826 vLogitMean=0.6221 gNorm=0.286 lr=0.00236 ms=3133.4 buf=500000 plies=61252515 games=928272 rejected=0 skipped=0 epoch=0 mom=0.9375 lrCyc[pk=9.9e-01,tr=1.0e-03] gNormMax=0.3368 clips=0 gCap=0.8557 trainerStep=7150
[LAYER-HEALTH] live trainerStep=7150 scope=batch_norm_state_only reluSites=0/10 dead=n/a off=n/a alwaysOn=n/a (no relu/leaky_relu BN sites) rvMaxOverMedian=16.4@blocks.2.bn1[31] rvOver10xMedian=2 rezero=none nonFinite=0 parkedSites=9/10 parkedCh=1040 parked=0 parkedOff=0 parkedBy=none
[REPLAY] step=7230 loss=3.5529 pLoss=2.7475 vLoss=0.8018 pEnt=2.876 pIllM=0.0036 playedP=0.167 pW=0.47 pD=0.07 pL=0.46 vAbs=0.226 pLogitMean=-5.0836 vLogitMean=0.6181 gNorm=0.289 lr=0.00266 ms=2558.2 buf=500000 plies=61935165 games=938526 rejected=0 skipped=0 epoch=0 mom=0.9358 lrCyc[pk=9.9e-01,tr=1.0e-03] gNormMax=0.3235 clips=0 gCap=0.8565 trainerStep=7230
[LAYER-HEALTH] live trainerStep=7230 scope=batch_norm_state_only reluSites=0/10 dead=n/a off=n/a alwaysOn=n/a (no relu/leaky_relu BN sites) rvMaxOverMedian=16.4@blocks.2.bn1[31] rvOver10xMedian=2 rezero=none nonFinite=0 parkedSites=9/10 parkedCh=1040 parked=0 parkedOff=0 parkedBy=none
[REPLAY] step=7310 loss=3.5394 pLoss=2.7154 vLoss=0.8200 pEnt=2.867 pIllM=0.0040 playedP=0.169 pW=0.47 pD=0.07 pL=0.46 vAbs=0.229 pLogitMean=-5.0829 vLogitMean=0.6227 gNorm=0.281 lr=0.00301 ms=2947.0 buf=500000 plies=62617753 games=948757 rejected=0 skipped=0 epoch=0 mom=0.9340 lrCyc[pk=9.9e-01,tr=1.0e-03] gNormMax=0.3289 clips=0 gCap=0.8574 trainerStep=7310
[LAYER-HEALTH] live trainerStep=7310 scope=batch_norm_state_only reluSites=0/10 dead=n/a off=n/a alwaysOn=n/a (no relu/leaky_relu BN sites) rvMaxOverMedian=16.4@blocks.2.bn1[31] rvOver10xMedian=2 rezero=none nonFinite=0 parkedSites=9/10 parkedCh=1040 parked=0 parkedOff=0 parkedBy=none
[REPLAY] step=7390 loss=3.5329 pLoss=2.7156 vLoss=0.8137 pEnt=2.866 pIllM=0.0037 playedP=0.170 pW=0.47 pD=0.07 pL=0.46 vAbs=0.230 pLogitMean=-5.0827 vLogitMean=0.6207 gNorm=0.289 lr=0.00343 ms=3148.4 buf=500000 plies=63300396 games=959046 rejected=0 skipped=0 epoch=0 mom=0.9321 lrCyc[pk=9.9e-01,tr=1.0e-03] gNormMax=0.3203 clips=0 gCap=0.8578 trainerStep=7390
[LAYER-HEALTH] live trainerStep=7390 scope=batch_norm_state_only reluSites=0/10 dead=n/a off=n/a alwaysOn=n/a (no relu/leaky_relu BN sites) rvMaxOverMedian=16.5@blocks.2.bn1[31] rvOver10xMedian=2 rezero=none nonFinite=0 parkedSites=9/10 parkedCh=1040 parked=0 parkedOff=0 parkedBy=none
[REPLAY] step=7470 loss=3.5573 pLoss=2.7398 vLoss=0.8132 pEnt=2.875 pIllM=0.0042 playedP=0.167 pW=0.47 pD=0.07 pL=0.46 vAbs=0.229 pLogitMean=-5.0825 vLogitMean=0.6200 gNorm=0.293 lr=0.00393 ms=3009.8 buf=500000 plies=63983083 games=969339 rejected=0 skipped=0 epoch=0 mom=0.9302 lrCyc[pk=9.9e-01,tr=1.0e-03] gNormMax=0.3245 clips=0 gCap=0.8588 trainerStep=7470
[LAYER-HEALTH] live trainerStep=7470 scope=batch_norm_state_only reluSites=0/10 dead=n/a off=n/a alwaysOn=n/a (no relu/leaky_relu BN sites) rvMaxOverMedian=16.5@blocks.2.bn1[31] rvOver10xMedian=2 rezero=none nonFinite=0 parkedSites=9/10 parkedCh=1040 parked=0 parkedOff=0 parkedBy=none
[REPLAY] step=7550 loss=3.5371 pLoss=2.7295 vLoss=0.8030 pEnt=2.876 pIllM=0.0045 playedP=0.166 pW=0.47 pD=0.07 pL=0.47 vAbs=0.232 pLogitMean=-5.0838 vLogitMean=0.6214 gNorm=0.308 lr=0.00452 ms=2632.3 buf=500000 plies=64665722 games=979651 rejected=0 skipped=0 epoch=0 mom=0.9281 lrCyc[pk=9.9e-01,tr=1.0e-03] gNormMax=0.3299 clips=0 gCap=0.8597 trainerStep=7550
[LAYER-HEALTH] live trainerStep=7550 scope=batch_norm_state_only reluSites=0/10 dead=n/a off=n/a alwaysOn=n/a (no relu/leaky_relu BN sites) rvMaxOverMedian=16.5@blocks.2.bn1[31] rvOver10xMedian=2 rezero=none nonFinite=0 parkedSites=9/10 parkedCh=1040 parked=0 parkedOff=0 parkedBy=none
[REPLAY] step=7630 loss=3.6092 pLoss=2.7954 vLoss=0.8097 pEnt=2.880 pIllM=0.0041 playedP=0.167 pW=0.47 pD=0.07 pL=0.46 vAbs=0.216 pLogitMean=-5.0875 vLogitMean=0.6159 gNorm=0.313 lr=0.00523 ms=3095.7 buf=500000 plies=65348322 games=989872 rejected=0 skipped=0 epoch=0 mom=0.9260 lrCyc[pk=9.9e-01,tr=1.0e-03] gNormMax=0.3418 clips=0 gCap=0.8618 trainerStep=7630
[LAYER-HEALTH] live trainerStep=7630 scope=batch_norm_state_only reluSites=0/10 dead=n/a off=n/a alwaysOn=n/a (no relu/leaky_relu BN sites) rvMaxOverMedian=16.5@blocks.2.bn1[31] rvOver10xMedian=2 rezero=none nonFinite=0 parkedSites=9/10 parkedCh=1040 parked=0 parkedOff=0 parkedBy=none
[REPLAY] step=7710 loss=3.5494 pLoss=2.7453 vLoss=0.8004 pEnt=2.895 pIllM=0.0038 playedP=0.165 pW=0.47 pD=0.07 pL=0.47 vAbs=0.226 pLogitMean=-5.0885 vLogitMean=0.6210 gNorm=0.299 lr=0.00608 ms=2655.0 buf=500000 plies=66030981 games=1000228 rejected=0 skipped=0 epoch=0 mom=0.9238 lrCyc[pk=9.9e-01,tr=1.0e-03] gNormMax=0.3277 clips=0 gCap=0.8632 trainerStep=7710
[LAYER-HEALTH] live trainerStep=7710 scope=batch_norm_state_only reluSites=0/10 dead=n/a off=n/a alwaysOn=n/a (no relu/leaky_relu BN sites) rvMaxOverMedian=16.5@blocks.2.bn1[31] rvOver10xMedian=2 rezero=none nonFinite=0 parkedSites=9/10 parkedCh=1040 parked=0 parkedOff=0 parkedBy=none
[REPLAY] step=7790 loss=3.5942 pLoss=2.7875 vLoss=0.8029 pEnt=2.885 pIllM=0.0038 playedP=0.163 pW=0.47 pD=0.08 pL=0.46 vAbs=0.228 pLogitMean=-5.0877 vLogitMean=0.6250 gNorm=0.275 lr=0.0071 ms=2817.5 buf=500000 plies=66713615 games=1010616 rejected=0 skipped=0 epoch=0 mom=0.9216 lrCyc[pk=9.9e-01,tr=1.0e-03] gNormMax=0.3202 clips=0 gCap=0.8650 trainerStep=7790
[LAYER-HEALTH] live trainerStep=7790 scope=batch_norm_state_only reluSites=0/10 dead=n/a off=n/a alwaysOn=n/a (no relu/leaky_relu BN sites) rvMaxOverMedian=16.4@blocks.2.bn1[31] rvOver10xMedian=2 rezero=none nonFinite=0 parkedSites=9/10 parkedCh=1040 parked=0 parkedOff=0 parkedBy=none
[REPLAY] step=7860 loss=3.5412 pLoss=2.7353 vLoss=0.8018 pEnt=2.872 pIllM=0.0040 playedP=0.167 pW=0.47 pD=0.07 pL=0.46 vAbs=0.241 pLogitMean=-5.0855 vLogitMean=0.6292 gNorm=0.291 lr=0.00815 ms=3199.8 buf=500000 plies=67310928 games=1019649 rejected=0 skipped=0 epoch=0 mom=0.9196 lrCyc[pk=9.9e-01,tr=1.0e-03] gNormMax=0.3422 clips=0 gCap=0.8680 trainerStep=7860
[LAYER-HEALTH] live trainerStep=7860 scope=batch_norm_state_only reluSites=0/10 dead=n/a off=n/a alwaysOn=n/a (no relu/leaky_relu BN sites) rvMaxOverMedian=16.4@blocks.2.bn1[31] rvOver10xMedian=2 rezero=none nonFinite=0 parkedSites=9/10 parkedCh=1040 parked=0 parkedOff=0 parkedBy=none
[REPLAY] step=7940 loss=3.5666 pLoss=2.7645 vLoss=0.7977 pEnt=2.874 pIllM=0.0044 playedP=0.168 pW=0.47 pD=0.06 pL=0.47 vAbs=0.227 pLogitMean=-5.0866 vLogitMean=0.6255 gNorm=0.302 lr=0.00958 ms=3771.0 buf=500000 plies=67993581 games=1030050 rejected=0 skipped=0 epoch=0 mom=0.9172 lrCyc[pk=9.9e-01,tr=1.0e-03] gNormMax=0.3654 clips=0 gCap=0.8705 trainerStep=7940
[LAYER-HEALTH] live trainerStep=7940 scope=batch_norm_state_only reluSites=0/10 dead=n/a off=n/a alwaysOn=n/a (no relu/leaky_relu BN sites) rvMaxOverMedian=16.3@blocks.2.bn1[31] rvOver10xMedian=2 rezero=none nonFinite=0 parkedSites=9/10 parkedCh=1040 parked=0 parkedOff=0 parkedBy=none
[REPLAY] step=8000 loss=3.5976 pLoss=2.7745 vLoss=0.8195 pEnt=2.882 pIllM=0.0037 playedP=0.167 pW=0.48 pD=0.07 pL=0.46 vAbs=0.222 pLogitMean=-5.0866 vLogitMean=0.6210 gNorm=0.312 lr=0.0108 ms=2728.6 buf=500000 plies=68505532 games=1037766 rejected=0 skipped=0 epoch=0 mom=0.9155 lrCyc[pk=9.9e-01,tr=1.0e-03] gNormMax=0.3181 clips=0 gCap=0.8716 trainerStep=8000
[LAYER-HEALTH] live trainerStep=8000 scope=batch_norm_state_only reluSites=0/10 dead=n/a off=n/a alwaysOn=n/a (no relu/leaky_relu BN sites) rvMaxOverMedian=16.2@blocks.2.bn1[31] rvOver10xMedian=2 rezero=none nonFinite=0 parkedSites=9/10 parkedCh=1040 parked=0 parkedOff=0 parkedBy=none
[ALARM] health active rule=policy_offset_drift severity=warning since=1150 trainerStep=8000 value=medianAbs=5.0859
[HEALTH] check trainerStep=8000 generation=0 evaluations=21 live=20 checkpoint=1 stale=0 truncated=0 cost_ms=13.9 train_ms=2372240.5 liveReadFailed=0 lossMaxRatio=1.02 lossMedianRatio=1.00 gradMaxRatio=1.26 rvRiseMax=1.01 rvOutliers=2/2 nodata=none active=policy_offset_drift:warning
[REPLAY] saved trainer model (autosave) step=8000 trainerStep=8000 nextGame=1037766 shard=2 epoch=0 -> 20261008-lrBsiluall-relcap-replay-latest.safetensors
[LAYER-HEALTH] checkpoint replay-autosave step=8000 trainerStep=8000 scope=all_tensors reluSites=0/10 dead=n/a off=n/a alwaysOn=n/a (no relu/leaky_relu BN sites) rvMaxOverMedian=16.2@blocks.2.bn1[31] rvOver10xMedian=2 rezero=none nonFinite=0 parkedSites=9/10 parkedCh=1040 parked=0 parkedOff=0 parkedBy=none seZeroVel=none valueFC1ZeroVel=0/128 maxAbs=15.79@blocks.0.bn2.running_var
[LAYER-HEALTH]   batch-norm sites — β/|γ|: dead < -3.00, mostly off < -2.00, always on > +3.00; classified for relu/leaky_relu only
[LAYER-HEALTH]     site            act            ch   dead    off     on  zeroγ nonfin  min β/|γ| [ch]     max β/|γ| [ch]     rv max/median [ch]  rv≥10x
[LAYER-HEALTH]     stem.bn         -             128    n/a    n/a    n/a      0      0     -0.29 [69]         +0.16 [34]            2.7 [68]           0
[LAYER-HEALTH]     blocks.0.bn1    silu          128    n/a    n/a    n/a      0      0     -0.32 [21]         +0.14 [3]             2.1 [31]           0
[LAYER-HEALTH]     blocks.0.bn2    silu          128    n/a    n/a    n/a      0      0     -0.77 [109]        +0.32 [49]            9.1 [96]           0
[LAYER-HEALTH]     blocks.1.bn1    silu          128    n/a    n/a    n/a      0      0     -0.96 [17]         +0.04 [31]           10.3 [31]           1
[LAYER-HEALTH]     blocks.1.bn2    silu          128    n/a    n/a    n/a      0      0     -0.81 [80]         -0.05 [101]           3.6 [32]           0
[LAYER-HEALTH]     blocks.2.bn1    silu          128    n/a    n/a    n/a      0      0     -1.12 [68]         +0.50 [31]           16.2 [31]           1
[LAYER-HEALTH]     blocks.2.bn2    silu          128    n/a    n/a    n/a      0      0     -1.16 [85]         -0.07 [24]            2.8 [26]           0
[LAYER-HEALTH]     tower_final_bn  silu          128    n/a    n/a    n/a      0      0     -0.30 [83]         +0.67 [111]           4.1 [31]           0
[LAYER-HEALTH]     policy.pre_bn   silu          128    n/a    n/a    n/a      0      0     -0.78 [26]         +1.24 [30]            2.0 [12]           0
[LAYER-HEALTH]     value.bn        silu           16    n/a    n/a    n/a      0      0     -0.84 [8]          -0.25 [6]             1.5 [6]            0
[LAYER-HEALTH]   parked channels — every activation: pass-through P = E|f'(γz+β)|, z ~ N(0,1); parked when P above its floor < 0.00135 of the range (Φ(-3)), mostly off < 0.02275 (Φ(-2)); equals dead / off for relu/leaky_relu
[LAYER-HEALTH]     site            act            ch parked    off       min P   median P
[LAYER-HEALTH]     blocks.0.bn1    silu          128      0      0    0.411180   0.493578
[LAYER-HEALTH]     blocks.0.bn2    silu          128      0      0    0.277739   0.462675
[LAYER-HEALTH]     blocks.1.bn1    silu          128      0      0    0.231275   0.442893
[LAYER-HEALTH]     blocks.1.bn2    silu          128      0      0    0.269390   0.426536
[LAYER-HEALTH]     blocks.2.bn1    silu          128      0      0    0.201185   0.412116
[LAYER-HEALTH]     blocks.2.bn2    silu          128      0      0    0.196834   0.417074
[LAYER-HEALTH]     tower_final_bn  silu          128      0      0    0.415701   0.548094
[LAYER-HEALTH]     policy.pre_bn   silu          128      0      0    0.280371   0.529770
[LAYER-HEALTH]     value.bn        silu           16      0      0    0.266298   0.359834
[LAYER-HEALTH]   FC hidden-unit velocity — zero: every weight-velocity entry exactly 0; low: nonzero but < 5% of the layer's p90 unit norm
[LAYER-HEALTH]     value.fc1.weight  silu  units 128  zero 0  low 0  median unit norm 0.007316
[LAYER-HEALTH]     (no SE blocks)
[LAYER-HEALTH]   ReZero: none
[LAYER-HEALTH]   non-finite: 0 values in 0 of 102 tensors (10263038 values examined)
[LAYER-HEALTH]   largest |value|: blocks.0.bn2.running_var 15.79, blocks.2.bn1.running_var 7.473, blocks.2.bn2.running_var 6.523, blocks.1.bn2.running_var 5.617, blocks.1.bn1.running_var 4.508
[REPLAY] enumerated checkpoint -> 20261008-lrBsiluall-relcap-replay-step8000.safetensors
[REPLAY] step=8080 loss=3.5480 pLoss=2.7300 vLoss=0.8140 pEnt=2.889 pIllM=0.0040 playedP=0.167 pW=0.46 pD=0.07 pL=0.46 vAbs=0.227 pLogitMean=-5.0882 vLogitMean=0.6251 gNorm=0.291 lr=0.0128 ms=2847.9 buf=500000 plies=69188185 games=1048105 rejected=0 skipped=0 epoch=0 mom=0.9131 lrCyc[pk=9.9e-01,tr=1.0e-03] gNormMax=0.3267 clips=0 gCap=0.8722 trainerStep=8080
[LAYER-HEALTH] live trainerStep=8080 scope=batch_norm_state_only reluSites=0/10 dead=n/a off=n/a alwaysOn=n/a (no relu/leaky_relu BN sites) rvMaxOverMedian=16.2@blocks.2.bn1[31] rvOver10xMedian=2 rezero=none nonFinite=0 parkedSites=9/10 parkedCh=1040 parked=0 parkedOff=0 parkedBy=none
[REPLAY] step=8160 loss=3.5540 pLoss=2.7553 vLoss=0.7945 pEnt=2.883 pIllM=0.0042 playedP=0.165 pW=0.47 pD=0.06 pL=0.47 vAbs=0.238 pLogitMean=-5.0888 vLogitMean=0.6294 gNorm=0.305 lr=0.0151 ms=2900.2 buf=500000 plies=69870806 games=1058443 rejected=0 skipped=0 epoch=0 mom=0.9106 lrCyc[pk=9.9e-01,tr=1.0e-03] gNormMax=0.3370 clips=0 gCap=0.8752 trainerStep=8160
[LAYER-HEALTH] live trainerStep=8160 scope=batch_norm_state_only reluSites=0/10 dead=n/a off=n/a alwaysOn=n/a (no relu/leaky_relu BN sites) rvMaxOverMedian=16.2@blocks.2.bn1[31] rvOver10xMedian=2 rezero=none nonFinite=0 parkedSites=9/10 parkedCh=1040 parked=0 parkedOff=0 parkedBy=none
[REPLAY] step=8240 loss=3.5372 pLoss=2.7220 vLoss=0.8111 pEnt=2.859 pIllM=0.0040 playedP=0.170 pW=0.46 pD=0.07 pL=0.47 vAbs=0.232 pLogitMean=-5.0870 vLogitMean=0.6265 gNorm=0.295 lr=0.0179 ms=2885.9 buf=500000 plies=70553521 games=1068758 rejected=0 skipped=0 epoch=0 mom=0.9081 lrCyc[pk=9.9e-01,tr=1.0e-03] gNormMax=0.3330 clips=0 gCap=0.8780 trainerStep=8240
[LAYER-HEALTH] live trainerStep=8240 scope=batch_norm_state_only reluSites=0/10 dead=n/a off=n/a alwaysOn=n/a (no relu/leaky_relu BN sites) rvMaxOverMedian=16.4@blocks.2.bn1[31] rvOver10xMedian=2 rezero=none nonFinite=0 parkedSites=9/10 parkedCh=1040 parked=0 parkedOff=0 parkedBy=none
[REPLAY] step=8320 loss=3.5787 pLoss=2.7629 vLoss=0.8118 pEnt=2.896 pIllM=0.0040 playedP=0.166 pW=0.47 pD=0.07 pL=0.46 vAbs=0.238 pLogitMean=-5.0862 vLogitMean=0.6271 gNorm=0.333 lr=0.0213 ms=3220.9 buf=500000 plies=71236089 games=1079074 rejected=0 skipped=0 epoch=0 mom=0.9057 lrCyc[pk=9.9e-01,tr=1.0e-03] gNormMax=0.4009 clips=0 gCap=0.8801 trainerStep=8320
[LAYER-HEALTH] live trainerStep=8320 scope=batch_norm_state_only reluSites=0/10 dead=n/a off=n/a alwaysOn=n/a (no relu/leaky_relu BN sites) rvMaxOverMedian=16.4@blocks.2.bn1[31] rvOver10xMedian=2 rezero=none nonFinite=0 parkedSites=9/10 parkedCh=1040 parked=0 parkedOff=0 parkedBy=none
[REPLAY] step=8400 loss=3.5645 pLoss=2.7423 vLoss=0.8185 pEnt=2.881 pIllM=0.0037 playedP=0.168 pW=0.46 pD=0.07 pL=0.47 vAbs=0.221 pLogitMean=-5.0845 vLogitMean=0.6163 gNorm=0.294 lr=0.0253 ms=3061.5 buf=500000 plies=71918779 games=1089324 rejected=0 skipped=0 epoch=0 mom=0.9032 lrCyc[pk=9.9e-01,tr=1.0e-03] gNormMax=0.3398 clips=0 gCap=0.8830 trainerStep=8400
[LAYER-HEALTH] live trainerStep=8400 scope=batch_norm_state_only reluSites=0/10 dead=n/a off=n/a alwaysOn=n/a (no relu/leaky_relu BN sites) rvMaxOverMedian=16.4@blocks.2.bn1[31] rvOver10xMedian=2 rezero=none nonFinite=0 parkedSites=9/10 parkedCh=1040 parked=0 parkedOff=0 parkedBy=none
[REPLAY] step=8480 loss=3.5823 pLoss=2.7708 vLoss=0.8076 pEnt=2.885 pIllM=0.0038 playedP=0.166 pW=0.47 pD=0.07 pL=0.46 vAbs=0.224 pLogitMean=-5.0840 vLogitMean=0.6226 gNorm=0.298 lr=0.0301 ms=3118.9 buf=500000 plies=72601361 games=1099616 rejected=0 skipped=0 epoch=0 mom=0.9006 lrCyc[pk=9.9e-01,tr=1.0e-03] gNormMax=0.3607 clips=0 gCap=0.8866 trainerStep=8480
[LAYER-HEALTH] live trainerStep=8480 scope=batch_norm_state_only reluSites=0/10 dead=n/a off=n/a alwaysOn=n/a (no relu/leaky_relu BN sites) rvMaxOverMedian=16.5@blocks.2.bn1[31] rvOver10xMedian=2 rezero=none nonFinite=0 parkedSites=9/10 parkedCh=1040 parked=0 parkedOff=0 parkedBy=none
[REPLAY] step=8560 loss=3.5468 pLoss=2.7395 vLoss=0.8034 pEnt=2.855 pIllM=0.0040 playedP=0.167 pW=0.47 pD=0.07 pL=0.46 vAbs=0.233 pLogitMean=-5.0828 vLogitMean=0.6183 gNorm=0.318 lr=0.0358 ms=2863.1 buf=500000 plies=73284094 games=1109825 rejected=0 skipped=0 epoch=0 mom=0.8981 lrCyc[pk=9.9e-01,tr=1.0e-03] gNormMax=0.3412 clips=0 gCap=0.8928 trainerStep=8560
[LAYER-HEALTH] live trainerStep=8560 scope=batch_norm_state_only reluSites=0/10 dead=n/a off=n/a alwaysOn=n/a (no relu/leaky_relu BN sites) rvMaxOverMedian=16.5@blocks.2.bn1[31] rvOver10xMedian=2 rezero=none nonFinite=0 parkedSites=9/10 parkedCh=1040 parked=0 parkedOff=0 parkedBy=none
[REPLAY] step=8640 loss=3.5618 pLoss=2.7488 vLoss=0.8096 pEnt=2.884 pIllM=0.0034 playedP=0.165 pW=0.46 pD=0.07 pL=0.46 vAbs=0.236 pLogitMean=-5.0837 vLogitMean=0.6143 gNorm=0.330 lr=0.0426 ms=2694.4 buf=500000 plies=73966734 games=1120159 rejected=0 skipped=0 epoch=0 mom=0.8956 lrCyc[pk=9.9e-01,tr=1.0e-03] gNormMax=0.3638 clips=0 gCap=0.8968 trainerStep=8640
[LAYER-HEALTH] live trainerStep=8640 scope=batch_norm_state_only reluSites=0/10 dead=n/a off=n/a alwaysOn=n/a (no relu/leaky_relu BN sites) rvMaxOverMedian=16.4@blocks.2.bn1[31] rvOver10xMedian=2 rezero=none nonFinite=0 parkedSites=9/10 parkedCh=1040 parked=0 parkedOff=0 parkedBy=none
[REPLAY] step=8720 loss=3.5654 pLoss=2.7534 vLoss=0.8083 pEnt=2.891 pIllM=0.0037 playedP=0.165 pW=0.47 pD=0.06 pL=0.47 vAbs=0.240 pLogitMean=-5.0809 vLogitMean=0.6197 gNorm=0.372 lr=0.0506 ms=2961.2 buf=500000 plies=74649292 games=1130453 rejected=0 skipped=0 epoch=0 mom=0.8931 lrCyc[pk=9.9e-01,tr=1.0e-03] gNormMax=0.3863 clips=0 gCap=0.9026 trainerStep=8720
[LAYER-HEALTH] live trainerStep=8720 scope=batch_norm_state_only reluSites=0/10 dead=n/a off=n/a alwaysOn=n/a (no relu/leaky_relu BN sites) rvMaxOverMedian=16.6@blocks.2.bn1[31] rvOver10xMedian=2 rezero=none nonFinite=0 parkedSites=9/10 parkedCh=1040 parked=0 parkedOff=0 parkedBy=none
[REPLAY] step=8800 loss=3.5583 pLoss=2.7511 vLoss=0.8034 pEnt=2.879 pIllM=0.0039 playedP=0.167 pW=0.46 pD=0.06 pL=0.47 vAbs=0.225 pLogitMean=-5.0787 vLogitMean=0.6229 gNorm=0.330 lr=0.0601 ms=2813.4 buf=500000 plies=75331941 games=1140850 rejected=0 skipped=0 epoch=0 mom=0.8907 lrCyc[pk=9.9e-01,tr=1.0e-03] gNormMax=0.3917 clips=0 gCap=0.9086 trainerStep=8800
[LAYER-HEALTH] live trainerStep=8800 scope=batch_norm_state_only reluSites=0/10 dead=n/a off=n/a alwaysOn=n/a (no relu/leaky_relu BN sites) rvMaxOverMedian=16.5@blocks.2.bn1[31] rvOver10xMedian=2 rezero=none nonFinite=0 parkedSites=9/10 parkedCh=1040 parked=0 parkedOff=0 parkedBy=none
[REPLAY] step=8880 loss=3.5330 pLoss=2.7281 vLoss=0.8016 pEnt=2.895 pIllM=0.0034 playedP=0.164 pW=0.46 pD=0.06 pL=0.48 vAbs=0.232 pLogitMean=-5.0753 vLogitMean=0.6107 gNorm=0.312 lr=0.0712 ms=3039.3 buf=500000 plies=76014575 games=1151225 rejected=0 skipped=0 epoch=0 mom=0.8882 lrCyc[pk=9.9e-01,tr=1.0e-03] gNormMax=0.3780 clips=0 gCap=0.9151 trainerStep=8880
[LAYER-HEALTH] live trainerStep=8880 scope=batch_norm_state_only reluSites=0/10 dead=n/a off=n/a alwaysOn=n/a (no relu/leaky_relu BN sites) rvMaxOverMedian=16.3@blocks.2.bn1[31] rvOver10xMedian=2 rezero=none nonFinite=0 parkedSites=9/10 parkedCh=1040 parked=0 parkedOff=0 parkedBy=none
[REPLAY] step=8960 loss=3.5267 pLoss=2.7236 vLoss=0.7987 pEnt=2.878 pIllM=0.0044 playedP=0.168 pW=0.47 pD=0.07 pL=0.47 vAbs=0.248 pLogitMean=-5.0699 vLogitMean=0.6246 gNorm=0.329 lr=0.0841 ms=3284.6 buf=500000 plies=76697232 games=1161456 rejected=0 skipped=0 epoch=0 mom=0.8858 lrCyc[pk=9.9e-01,tr=1.0e-03] gNormMax=0.3703 clips=0 gCap=0.9224 trainerStep=8960
[LAYER-HEALTH] live trainerStep=8960 scope=batch_norm_state_only reluSites=0/10 dead=n/a off=n/a alwaysOn=n/a (no relu/leaky_relu BN sites) rvMaxOverMedian=16.4@blocks.2.bn1[31] rvOver10xMedian=2 rezero=none nonFinite=0 parkedSites=9/10 parkedCh=1040 parked=0 parkedOff=0 parkedBy=none
[REPLAY] step=9000 loss=3.5488 pLoss=2.7363 vLoss=0.8083 pEnt=2.893 pIllM=0.0042 playedP=0.163 pW=0.46 pD=0.06 pL=0.48 vAbs=0.251 pLogitMean=-5.0684 vLogitMean=0.6154 gNorm=0.330 lr=0.0914 ms=2732.9 buf=500000 plies=77038547 games=1166650 rejected=0 skipped=0 epoch=0 mom=0.8846 lrCyc[pk=9.9e-01,tr=1.0e-03] gNormMax=0.3746 clips=0 gCap=0.9259 trainerStep=9000
[LAYER-HEALTH] live trainerStep=9000 scope=batch_norm_state_only reluSites=0/10 dead=n/a off=n/a alwaysOn=n/a (no relu/leaky_relu BN sites) rvMaxOverMedian=16.4@blocks.2.bn1[31] rvOver10xMedian=2 rezero=none nonFinite=0 parkedSites=9/10 parkedCh=1040 parked=0 parkedOff=0 parkedBy=none
[ALARM] health active rule=policy_offset_drift severity=warning since=1150 trainerStep=9000 value=medianAbs=5.0684
[HEALTH] check trainerStep=9000 generation=0 evaluations=21 live=20 checkpoint=1 stale=0 truncated=0 cost_ms=18.5 train_ms=2358366.5 liveReadFailed=0 lossMaxRatio=1.02 lossMedianRatio=1.00 gradMaxRatio=1.37 rvRiseMax=1.06 rvOutliers=2/2 nodata=none active=policy_offset_drift:warning
[REPLAY] saved trainer model (autosave) step=9000 trainerStep=9000 nextGame=1166650 shard=2 epoch=0 -> 20261008-lrBsiluall-relcap-replay-latest.safetensors
[LAYER-HEALTH] checkpoint replay-autosave step=9000 trainerStep=9000 scope=all_tensors reluSites=0/10 dead=n/a off=n/a alwaysOn=n/a (no relu/leaky_relu BN sites) rvMaxOverMedian=16.4@blocks.2.bn1[31] rvOver10xMedian=2 rezero=none nonFinite=0 parkedSites=9/10 parkedCh=1040 parked=0 parkedOff=0 parkedBy=none seZeroVel=none valueFC1ZeroVel=0/128 maxAbs=15.58@blocks.0.bn2.running_var
[LAYER-HEALTH]   batch-norm sites — β/|γ|: dead < -3.00, mostly off < -2.00, always on > +3.00; classified for relu/leaky_relu only
[LAYER-HEALTH]     site            act            ch   dead    off     on  zeroγ nonfin  min β/|γ| [ch]     max β/|γ| [ch]     rv max/median [ch]  rv≥10x
[LAYER-HEALTH]     stem.bn         -             128    n/a    n/a    n/a      0      0     -0.30 [69]         +0.16 [34]            2.3 [68]           0
[LAYER-HEALTH]     blocks.0.bn1    silu          128    n/a    n/a    n/a      0      0     -0.32 [21]         +0.14 [3]             2.1 [31]           0
[LAYER-HEALTH]     blocks.0.bn2    silu          128    n/a    n/a    n/a      0      0     -0.76 [109]        +0.32 [49]            9.3 [96]           0
[LAYER-HEALTH]     blocks.1.bn1    silu          128    n/a    n/a    n/a      0      0     -0.97 [17]         +0.04 [31]           10.7 [31]           1
[LAYER-HEALTH]     blocks.1.bn2    silu          128    n/a    n/a    n/a      0      0     -0.82 [80]         -0.06 [101]           3.6 [32]           0
[LAYER-HEALTH]     blocks.2.bn1    silu          128    n/a    n/a    n/a      0      0     -1.14 [68]         +0.51 [31]           16.4 [31]           1
[LAYER-HEALTH]     blocks.2.bn2    silu          128    n/a    n/a    n/a      0      0     -1.16 [85]         -0.06 [24]            2.9 [26]           0
[LAYER-HEALTH]     tower_final_bn  silu          128    n/a    n/a    n/a      0      0     -0.30 [83]         +0.67 [111]           4.2 [31]           0
[LAYER-HEALTH]     policy.pre_bn   silu          128    n/a    n/a    n/a      0      0     -0.77 [26]         +1.23 [30]            2.0 [12]           0
[LAYER-HEALTH]     value.bn        silu           16    n/a    n/a    n/a      0      0     -0.85 [8]          -0.25 [6]             1.5 [6]            0
[LAYER-HEALTH]   parked channels — every activation: pass-through P = E|f'(γz+β)|, z ~ N(0,1); parked when P above its floor < 0.00135 of the range (Φ(-3)), mostly off < 0.02275 (Φ(-2)); equals dead / off for relu/leaky_relu
[LAYER-HEALTH]     site            act            ch parked    off       min P   median P
[LAYER-HEALTH]     blocks.0.bn1    silu          128      0      0    0.410152   0.493506
[LAYER-HEALTH]     blocks.0.bn2    silu          128      0      0    0.278485   0.463453
[LAYER-HEALTH]     blocks.1.bn1    silu          128      0      0    0.228719   0.442433
[LAYER-HEALTH]     blocks.1.bn2    silu          128      0      0    0.267413   0.425983
[LAYER-HEALTH]     blocks.2.bn1    silu          128      0      0    0.198644   0.411967
[LAYER-HEALTH]     blocks.2.bn2    silu          128      0      0    0.195717   0.417341
[LAYER-HEALTH]     tower_final_bn  silu          128      0      0    0.415773   0.548246
[LAYER-HEALTH]     policy.pre_bn   silu          128      0      0    0.282254   0.530299
[LAYER-HEALTH]     value.bn        silu           16      0      0    0.264795   0.359461
[LAYER-HEALTH]   FC hidden-unit velocity — zero: every weight-velocity entry exactly 0; low: nonzero but < 5% of the layer's p90 unit norm
[LAYER-HEALTH]     value.fc1.weight  silu  units 128  zero 0  low 1  median unit norm 0.005282
[LAYER-HEALTH]     (no SE blocks)
[LAYER-HEALTH]   ReZero: none
[LAYER-HEALTH]   non-finite: 0 values in 0 of 102 tensors (10263038 values examined)
[LAYER-HEALTH]   largest |value|: blocks.0.bn2.running_var 15.58, blocks.2.bn1.running_var 7.476, blocks.2.bn2.running_var 6.401, blocks.1.bn2.running_var 5.346, blocks.2.bn1.running_mean 4.529
[REPLAY] enumerated checkpoint -> 20261008-lrBsiluall-relcap-replay-step9000.safetensors
[REPLAY] step=9080 loss=3.5634 pLoss=2.7556 vLoss=0.8041 pEnt=2.873 pIllM=0.0037 playedP=0.168 pW=0.47 pD=0.07 pL=0.47 vAbs=0.219 pLogitMean=-5.0707 vLogitMean=0.6185 gNorm=0.358 lr=0.108 ms=3079.8 buf=500000 plies=77721166 games=1177057 rejected=0 skipped=0 epoch=0 mom=0.8822 lrCyc[pk=9.9e-01,tr=1.0e-03] gNormMax=0.3842 clips=0 gCap=0.9353 trainerStep=9080
[LAYER-HEALTH] live trainerStep=9080 scope=batch_norm_state_only reluSites=0/10 dead=n/a off=n/a alwaysOn=n/a (no relu/leaky_relu BN sites) rvMaxOverMedian=16.4@blocks.2.bn1[31] rvOver10xMedian=2 rezero=none nonFinite=0 parkedSites=9/10 parkedCh=1040 parked=0 parkedOff=0 parkedBy=none
[REPLAY] step=9160 loss=3.5713 pLoss=2.7542 vLoss=0.8125 pEnt=2.869 pIllM=0.0046 playedP=0.169 pW=0.49 pD=0.07 pL=0.44 vAbs=0.238 pLogitMean=-5.0625 vLogitMean=0.6133 gNorm=0.334 lr=0.126 ms=3022.9 buf=500000 plies=78403810 games=1187327 rejected=0 skipped=0 epoch=0 mom=0.8799 lrCyc[pk=9.9e-01,tr=1.0e-03] gNormMax=0.3885 clips=0 gCap=0.9449 trainerStep=9160
[LAYER-HEALTH] live trainerStep=9160 scope=batch_norm_state_only reluSites=0/10 dead=n/a off=n/a alwaysOn=n/a (no relu/leaky_relu BN sites) rvMaxOverMedian=16.3@blocks.2.bn1[31] rvOver10xMedian=2 rezero=none nonFinite=0 parkedSites=9/10 parkedCh=1040 parked=0 parkedOff=0 parkedBy=none
[REPLAY] step=9240 loss=3.5664 pLoss=2.7667 vLoss=0.7952 pEnt=2.862 pIllM=0.0046 playedP=0.165 pW=0.47 pD=0.07 pL=0.46 vAbs=0.226 pLogitMean=-5.0516 vLogitMean=0.5992 gNorm=0.350 lr=0.148 ms=2893.1 buf=500000 plies=79086456 games=1197674 rejected=0 skipped=0 epoch=0 mom=0.8776 lrCyc[pk=9.9e-01,tr=1.0e-03] gNormMax=0.4062 clips=0 gCap=0.9564 trainerStep=9240
[LAYER-HEALTH] live trainerStep=9240 scope=batch_norm_state_only reluSites=0/10 dead=n/a off=n/a alwaysOn=n/a (no relu/leaky_relu BN sites) rvMaxOverMedian=16.2@blocks.2.bn1[31] rvOver10xMedian=2 rezero=none nonFinite=0 parkedSites=9/10 parkedCh=1040 parked=0 parkedOff=0 parkedBy=none
[REPLAY] step=9320 loss=3.5392 pLoss=2.7209 vLoss=0.8133 pEnt=2.874 pIllM=0.0049 playedP=0.167 pW=0.45 pD=0.07 pL=0.48 vAbs=0.240 pLogitMean=-5.0445 vLogitMean=0.5966 gNorm=0.338 lr=0.172 ms=3073.8 buf=500000 plies=79769095 games=1208046 rejected=0 skipped=0 epoch=0 mom=0.8754 lrCyc[pk=9.9e-01,tr=1.0e-03] gNormMax=0.4045 clips=0 gCap=0.9666 trainerStep=9320
[LAYER-HEALTH] live trainerStep=9320 scope=batch_norm_state_only reluSites=0/10 dead=n/a off=n/a alwaysOn=n/a (no relu/leaky_relu BN sites) rvMaxOverMedian=16.0@blocks.2.bn1[31] rvOver10xMedian=2 rezero=none nonFinite=0 parkedSites=9/10 parkedCh=1040 parked=0 parkedOff=0 parkedBy=none
[REPLAY] step=9400 loss=3.5049 pLoss=2.7012 vLoss=0.7985 pEnt=2.856 pIllM=0.0051 playedP=0.170 pW=0.46 pD=0.07 pL=0.47 vAbs=0.250 pLogitMean=-5.0402 vLogitMean=0.6127 gNorm=0.348 lr=0.2 ms=2970.8 buf=500000 plies=80451741 games=1218309 rejected=0 skipped=0 epoch=0 mom=0.8732 lrCyc[pk=9.9e-01,tr=1.0e-03] gNormMax=0.4159 clips=0 gCap=0.9780 trainerStep=9400
[LAYER-HEALTH] live trainerStep=9400 scope=batch_norm_state_only reluSites=0/10 dead=n/a off=n/a alwaysOn=n/a (no relu/leaky_relu BN sites) rvMaxOverMedian=16.3@blocks.2.bn1[31] rvOver10xMedian=2 rezero=none nonFinite=0 parkedSites=9/10 parkedCh=1040 parked=0 parkedOff=0 parkedBy=none
[REPLAY] step=9480 loss=3.5369 pLoss=2.7155 vLoss=0.8164 pEnt=2.845 pIllM=0.0050 playedP=0.170 pW=0.45 pD=0.07 pL=0.47 vAbs=0.242 pLogitMean=-5.0340 vLogitMean=0.6192 gNorm=0.377 lr=0.231 ms=3196.2 buf=500000 plies=81134380 games=1228642 rejected=0 skipped=0 epoch=0 mom=0.8712 lrCyc[pk=9.9e-01,tr=1.0e-03] gNormMax=0.3964 clips=0 gCap=0.9891 trainerStep=9480
[LAYER-HEALTH] live trainerStep=9480 scope=batch_norm_state_only reluSites=0/10 dead=n/a off=n/a alwaysOn=n/a (no relu/leaky_relu BN sites) rvMaxOverMedian=16.5@blocks.2.bn1[31] rvOver10xMedian=2 rezero=none nonFinite=0 parkedSites=9/10 parkedCh=1040 parked=0 parkedOff=0 parkedBy=none
[REPLAY] step=9560 loss=3.5974 pLoss=2.7791 vLoss=0.8131 pEnt=2.887 pIllM=0.0052 playedP=0.162 pW=0.48 pD=0.07 pL=0.45 vAbs=0.256 pLogitMean=-5.0280 vLogitMean=0.6093 gNorm=0.360 lr=0.265 ms=2480.7 buf=500000 plies=81817063 games=1238969 rejected=0 skipped=0 epoch=0 mom=0.8691 lrCyc[pk=9.9e-01,tr=1.0e-03] gNormMax=0.4172 clips=0 gCap=1.0006 trainerStep=9560
[LAYER-HEALTH] live trainerStep=9560 scope=batch_norm_state_only reluSites=0/10 dead=n/a off=n/a alwaysOn=n/a (no relu/leaky_relu BN sites) rvMaxOverMedian=16.4@blocks.2.bn1[31] rvOver10xMedian=2 rezero=none nonFinite=0 parkedSites=9/10 parkedCh=1040 parked=0 parkedOff=0 parkedBy=none
[REPLAY] step=9640 loss=3.5568 pLoss=2.7443 vLoss=0.8067 pEnt=2.853 pIllM=0.0058 playedP=0.169 pW=0.47 pD=0.07 pL=0.46 vAbs=0.230 pLogitMean=-5.0239 vLogitMean=0.5920 gNorm=0.376 lr=0.303 ms=2157.9 buf=500000 plies=82499661 games=1249260 rejected=0 skipped=0 epoch=0 mom=0.8672 lrCyc[pk=9.9e-01,tr=1.0e-03] gNormMax=0.4315 clips=0 gCap=1.0106 trainerStep=9640
[LAYER-HEALTH] live trainerStep=9640 scope=batch_norm_state_only reluSites=0/10 dead=n/a off=n/a alwaysOn=n/a (no relu/leaky_relu BN sites) rvMaxOverMedian=16.2@blocks.2.bn1[31] rvOver10xMedian=2 rezero=none nonFinite=0 parkedSites=9/10 parkedCh=1040 parked=0 parkedOff=0 parkedBy=none
[REPLAY] step=9720 loss=3.5792 pLoss=2.7704 vLoss=0.8026 pEnt=2.866 pIllM=0.0062 playedP=0.164 pW=0.47 pD=0.07 pL=0.46 vAbs=0.241 pLogitMean=-5.0367 vLogitMean=0.5956 gNorm=0.365 lr=0.345 ms=3237.8 buf=500000 plies=83182326 games=1259588 rejected=0 skipped=0 epoch=0 mom=0.8654 lrCyc[pk=9.9e-01,tr=1.0e-03] gNormMax=0.4329 clips=0 gCap=1.0207 trainerStep=9720
[LAYER-HEALTH] live trainerStep=9720 scope=batch_norm_state_only reluSites=0/10 dead=n/a off=n/a alwaysOn=n/a (no relu/leaky_relu BN sites) rvMaxOverMedian=16.1@blocks.2.bn1[31] rvOver10xMedian=2 rezero=none nonFinite=0 parkedSites=9/10 parkedCh=1040 parked=0 parkedOff=0 parkedBy=none
[REPLAY] step=9800 loss=3.6418 pLoss=2.8352 vLoss=0.7996 pEnt=2.848 pIllM=0.0070 playedP=0.170 pW=0.50 pD=0.07 pL=0.43 vAbs=0.249 pLogitMean=-5.0475 vLogitMean=0.5812 gNorm=0.400 lr=0.389 ms=2561.0 buf=500000 plies=83864962 games=1269939 rejected=0 skipped=0 epoch=0 mom=0.8636 lrCyc[pk=9.9e-01,tr=1.0e-03] gNormMax=0.4383 clips=0 gCap=1.0323 trainerStep=9800
[LAYER-HEALTH] live trainerStep=9800 scope=batch_norm_state_only reluSites=0/10 dead=n/a off=n/a alwaysOn=n/a (no relu/leaky_relu BN sites) rvMaxOverMedian=16.3@blocks.2.bn1[31] rvOver10xMedian=2 rezero=none nonFinite=0 parkedSites=9/10 parkedCh=1040 parked=0 parkedOff=0 parkedBy=none
[REPLAY] step=9880 loss=3.5346 pLoss=2.7422 vLoss=0.7866 pEnt=2.893 pIllM=0.0059 playedP=0.158 pW=0.47 pD=0.06 pL=0.46 vAbs=0.249 pLogitMean=-5.0704 vLogitMean=0.5727 gNorm=0.421 lr=0.437 ms=2926.2 buf=500000 plies=84547582 games=1280235 rejected=0 skipped=0 epoch=0 mom=0.8619 lrCyc[pk=9.9e-01,tr=1.0e-03] gNormMax=0.4586 clips=0 gCap=1.0454 trainerStep=9880
[LAYER-HEALTH] live trainerStep=9880 scope=batch_norm_state_only reluSites=0/10 dead=n/a off=n/a alwaysOn=n/a (no relu/leaky_relu BN sites) rvMaxOverMedian=15.9@blocks.2.bn1[31] rvOver10xMedian=2 rezero=none nonFinite=0 parkedSites=9/10 parkedCh=1040 parked=0 parkedOff=0 parkedBy=none
[REPLAY] step=9960 loss=3.5819 pLoss=2.7648 vLoss=0.8099 pEnt=2.863 pIllM=0.0072 playedP=0.161 pW=0.48 pD=0.07 pL=0.46 vAbs=0.248 pLogitMean=-5.0988 vLogitMean=0.5712 gNorm=0.388 lr=0.487 ms=2999.9 buf=500000 plies=85230246 games=1290608 rejected=0 skipped=0 epoch=0 mom=0.8603 lrCyc[pk=9.9e-01,tr=1.0e-03] gNormMax=0.4487 clips=0 gCap=1.0584 trainerStep=9960
[LAYER-HEALTH] live trainerStep=9960 scope=batch_norm_state_only reluSites=0/10 dead=n/a off=n/a alwaysOn=n/a (no relu/leaky_relu BN sites) rvMaxOverMedian=15.8@blocks.2.bn1[31] rvOver10xMedian=2 rezero=none nonFinite=0 parkedSites=9/10 parkedCh=1040 parked=0 parkedOff=0 parkedBy=none
[REPLAY] step=10000 loss=3.5753 pLoss=2.7636 vLoss=0.8040 pEnt=2.871 pIllM=0.0077 playedP=0.160 pW=0.47 pD=0.06 pL=0.47 vAbs=0.230 pLogitMean=-5.1352 vLogitMean=0.5820 gNorm=0.346 lr=0.513 ms=2924.9 buf=500000 plies=85571543 games=1295809 rejected=0 skipped=0 epoch=0 mom=0.8596 lrCyc[pk=9.9e-01,tr=1.0e-03] gNormMax=0.4729 clips=0 gCap=1.0647 trainerStep=10000
[LAYER-HEALTH] live trainerStep=10000 scope=batch_norm_state_only reluSites=0/10 dead=n/a off=n/a alwaysOn=n/a (no relu/leaky_relu BN sites) rvMaxOverMedian=15.7@blocks.2.bn1[31] rvOver10xMedian=2 rezero=none nonFinite=0 parkedSites=9/10 parkedCh=1040 parked=0 parkedOff=0 parkedBy=none
[ALARM] health active rule=policy_offset_drift severity=warning since=1150 trainerStep=10000 value=medianAbs=5.1221
[HEALTH] check trainerStep=10000 generation=0 evaluations=21 live=20 checkpoint=1 stale=0 truncated=0 cost_ms=15.6 train_ms=2337018.8 liveReadFailed=0 lossMaxRatio=1.03 lossMedianRatio=1.00 gradMaxRatio=1.34 rvRiseMax=1.06 rvOutliers=2/2 nodata=none active=policy_offset_drift:warning
[REPLAY] saved trainer model (autosave) step=10000 trainerStep=10000 nextGame=1295809 shard=2 epoch=0 -> 20261008-lrBsiluall-relcap-replay-latest.safetensors
[LAYER-HEALTH] checkpoint replay-autosave step=10000 trainerStep=10000 scope=all_tensors reluSites=0/10 dead=n/a off=n/a alwaysOn=n/a (no relu/leaky_relu BN sites) rvMaxOverMedian=15.7@blocks.2.bn1[31] rvOver10xMedian=2 rezero=none nonFinite=0 parkedSites=9/10 parkedCh=1040 parked=0 parkedOff=0 parkedBy=none seZeroVel=none valueFC1ZeroVel=0/128 maxAbs=13.64@blocks.0.bn2.running_var
[LAYER-HEALTH]   batch-norm sites — β/|γ|: dead < -3.00, mostly off < -2.00, always on > +3.00; classified for relu/leaky_relu only
[LAYER-HEALTH]     site            act            ch   dead    off     on  zeroγ nonfin  min β/|γ| [ch]     max β/|γ| [ch]     rv max/median [ch]  rv≥10x
[LAYER-HEALTH]     stem.bn         -             128    n/a    n/a    n/a      0      0     -0.33 [69]         +0.17 [15]            3.4 [118]          0
[LAYER-HEALTH]     blocks.0.bn1    silu          128    n/a    n/a    n/a      0      0     -0.34 [21]         +0.12 [31]            2.2 [31]           0
[LAYER-HEALTH]     blocks.0.bn2    silu          128    n/a    n/a    n/a      0      0     -0.79 [109]        +0.33 [49]            9.0 [96]           0
[LAYER-HEALTH]     blocks.1.bn1    silu          128    n/a    n/a    n/a      0      0     -1.02 [17]         +0.04 [31]           10.7 [31]           1
[LAYER-HEALTH]     blocks.1.bn2    silu          128    n/a    n/a    n/a      0      0     -0.85 [80]         -0.08 [101]           5.4 [32]           0
[LAYER-HEALTH]     blocks.2.bn1    silu          128    n/a    n/a    n/a      0      0     -1.20 [68]         +0.52 [31]           15.7 [31]           1
[LAYER-HEALTH]     blocks.2.bn2    silu          128    n/a    n/a    n/a      0      0     -1.18 [85]         -0.09 [16]            2.9 [26]           0
[LAYER-HEALTH]     tower_final_bn  silu          128    n/a    n/a    n/a      0      0     -0.33 [83]         +0.72 [111]           4.1 [31]           0
[LAYER-HEALTH]     policy.pre_bn   silu          128    n/a    n/a    n/a      0      0     -0.86 [26]         +1.26 [30]            2.0 [12]           0
[LAYER-HEALTH]     value.bn        silu           16    n/a    n/a    n/a      0      0     -0.70 [8]          -0.23 [11]            1.5 [6]            0
[LAYER-HEALTH]   parked channels — every activation: pass-through P = E|f'(γz+β)|, z ~ N(0,1); parked when P above its floor < 0.00135 of the range (Φ(-3)), mostly off < 0.02275 (Φ(-2)); equals dead / off for relu/leaky_relu
[LAYER-HEALTH]     site            act            ch parked    off       min P   median P
[LAYER-HEALTH]     blocks.0.bn1    silu          128      0      0    0.403569   0.489960
[LAYER-HEALTH]     blocks.0.bn2    silu          128      0      0    0.270797   0.457875
[LAYER-HEALTH]     blocks.1.bn1    silu          128      0      0    0.216175   0.433599
[LAYER-HEALTH]     blocks.1.bn2    silu          128      0      0    0.259092   0.417636
[LAYER-HEALTH]     blocks.2.bn1    silu          128      0      0    0.187365   0.404514
[LAYER-HEALTH]     blocks.2.bn2    silu          128      0      0    0.191720   0.414045
[LAYER-HEALTH]     tower_final_bn  silu          128      0      0    0.409290   0.547670
[LAYER-HEALTH]     policy.pre_bn   silu          128      0      0    0.263704   0.524615
[LAYER-HEALTH]     value.bn        silu           16      0      0    0.297893   0.366273
[LAYER-HEALTH]   FC hidden-unit velocity — zero: every weight-velocity entry exactly 0; low: nonzero but < 5% of the layer's p90 unit norm
[LAYER-HEALTH]     value.fc1.weight  silu  units 128  zero 0  low 0  median unit norm 0.00893
[LAYER-HEALTH]     (no SE blocks)
[LAYER-HEALTH]   ReZero: none
[LAYER-HEALTH]   non-finite: 0 values in 0 of 102 tensors (10263038 values examined)
[LAYER-HEALTH]   largest |value|: blocks.0.bn2.running_var 13.64, blocks.1.bn2.running_var 7.574, blocks.2.bn1.running_var 7.207, blocks.2.bn2.running_var 5.712, blocks.1.bn1.running_var 4.589
[REPLAY] enumerated checkpoint -> 20261008-lrBsiluall-relcap-replay-step10000.safetensors
[REPLAY] step=10080 loss=3.5692 pLoss=2.7660 vLoss=0.7960 pEnt=2.856 pIllM=0.0071 playedP=0.164 pW=0.47 pD=0.07 pL=0.46 vAbs=0.243 pLogitMean=-5.2214 vLogitMean=0.5904 gNorm=0.339 lr=0.566 ms=2825.3 buf=500000 plies=86254172 games=1306161 rejected=0 skipped=0 epoch=0 mom=0.8582 lrCyc[pk=9.9e-01,tr=1.0e-03] gNormMax=0.5365 clips=0 gCap=1.0782 trainerStep=10080
[LAYER-HEALTH] live trainerStep=10080 scope=batch_norm_state_only reluSites=0/10 dead=n/a off=n/a alwaysOn=n/a (no relu/leaky_relu BN sites) rvMaxOverMedian=16.4@blocks.2.bn1[31] rvOver10xMedian=2 rezero=none nonFinite=0 parkedSites=9/10 parkedCh=1040 parked=0 parkedOff=0 parkedBy=none
[REPLAY] step=10160 loss=3.5557 pLoss=2.7611 vLoss=0.7856 pEnt=2.831 pIllM=0.0091 playedP=0.171 pW=0.49 pD=0.06 pL=0.45 vAbs=0.259 pLogitMean=-5.2868 vLogitMean=0.6009 gNorm=0.357 lr=0.62 ms=2750.1 buf=500000 plies=86936850 games=1316571 rejected=0 skipped=0 epoch=0 mom=0.8568 lrCyc[pk=9.9e-01,tr=1.0e-03] gNormMax=0.4603 clips=0 gCap=1.0907 trainerStep=10160
[LAYER-HEALTH] live trainerStep=10160 scope=batch_norm_state_only reluSites=0/10 dead=n/a off=n/a alwaysOn=n/a (no relu/leaky_relu BN sites) rvMaxOverMedian=16.5@blocks.2.bn1[31] rvOver10xMedian=2 rezero=none nonFinite=0 parkedSites=9/10 parkedCh=1040 parked=0 parkedOff=0 parkedBy=none
[REPLAY] step=10240 loss=3.5425 pLoss=2.7254 vLoss=0.8082 pEnt=2.875 pIllM=0.0089 playedP=0.157 pW=0.46 pD=0.07 pL=0.47 vAbs=0.259 pLogitMean=-5.3625 vLogitMean=0.5741 gNorm=0.369 lr=0.674 ms=3127.1 buf=500000 plies=87619458 games=1326847 rejected=0 skipped=0 epoch=0 mom=0.8556 lrCyc[pk=9.9e-01,tr=1.0e-03] gNormMax=0.4449 clips=0 gCap=1.1002 trainerStep=10240
[LAYER-HEALTH] live trainerStep=10240 scope=batch_norm_state_only reluSites=0/10 dead=n/a off=n/a alwaysOn=n/a (no relu/leaky_relu BN sites) rvMaxOverMedian=17.4@blocks.2.bn1[31] rvOver10xMedian=2 rezero=none nonFinite=0 parkedSites=9/10 parkedCh=1040 parked=0 parkedOff=0 parkedBy=none
[REPLAY] step=10320 loss=3.5059 pLoss=2.7186 vLoss=0.7774 pEnt=2.908 pIllM=0.0100 playedP=0.151 pW=0.45 pD=0.06 pL=0.49 vAbs=0.268 pLogitMean=-5.4568 vLogitMean=0.5648 gNorm=0.403 lr=0.727 ms=3623.3 buf=500000 plies=88302104 games=1337128 rejected=0 skipped=0 epoch=0 mom=0.8545 lrCyc[pk=9.9e-01,tr=1.0e-03] gNormMax=0.4823 clips=0 gCap=1.1109 trainerStep=10320
[LAYER-HEALTH] live trainerStep=10320 scope=batch_norm_state_only reluSites=0/10 dead=n/a off=n/a alwaysOn=n/a (no relu/leaky_relu BN sites) rvMaxOverMedian=18.6@blocks.2.bn1[31] rvOver10xMedian=2 rezero=none nonFinite=0 parkedSites=9/10 parkedCh=1040 parked=0 parkedOff=0 parkedBy=none
[REPLAY] step=10400 loss=3.5662 pLoss=2.7761 vLoss=0.7803 pEnt=2.833 pIllM=0.0097 playedP=0.168 pW=0.49 pD=0.07 pL=0.44 vAbs=0.266 pLogitMean=-5.5826 vLogitMean=0.5826 gNorm=0.368 lr=0.778 ms=2249.1 buf=500000 plies=88984731 games=1347464 rejected=0 skipped=0 epoch=0 mom=0.8536 lrCyc[pk=9.9e-01,tr=1.0e-03] gNormMax=0.5388 clips=0 gCap=1.1191 trainerStep=10400
[LAYER-HEALTH] live trainerStep=10400 scope=batch_norm_state_only reluSites=0/10 dead=n/a off=n/a alwaysOn=n/a (no relu/leaky_relu BN sites) rvMaxOverMedian=18.9@blocks.2.bn1[31] rvOver10xMedian=2 rezero=none nonFinite=0 parkedSites=9/10 parkedCh=1040 parked=0 parkedOff=0 parkedBy=none
[REPLAY] step=10480 loss=3.5714 pLoss=2.7794 vLoss=0.7832 pEnt=2.869 pIllM=0.0088 playedP=0.158 pW=0.47 pD=0.07 pL=0.46 vAbs=0.260 pLogitMean=-5.6903 vLogitMean=0.5663 gNorm=0.366 lr=0.826 ms=2747.4 buf=500000 plies=89667459 games=1357723 rejected=0 skipped=0 epoch=0 mom=0.8527 lrCyc[pk=9.9e-01,tr=1.0e-03] gNormMax=0.4678 clips=0 gCap=1.1303 trainerStep=10480
[LAYER-HEALTH] live trainerStep=10480 scope=batch_norm_state_only reluSites=0/10 dead=n/a off=n/a alwaysOn=n/a (no relu/leaky_relu BN sites) rvMaxOverMedian=19.1@blocks.2.bn1[31] rvOver10xMedian=2 rezero=none nonFinite=0 parkedSites=9/10 parkedCh=1040 parked=0 parkedOff=0 parkedBy=none
[REPLAY] step=10560 loss=3.5400 pLoss=2.7422 vLoss=0.7882 pEnt=2.877 pIllM=0.0096 playedP=0.157 pW=0.47 pD=0.06 pL=0.47 vAbs=0.276 pLogitMean=-5.8221 vLogitMean=0.5628 gNorm=0.350 lr=0.869 ms=2438.1 buf=500000 plies=90350059 games=1367953 rejected=0 skipped=0 epoch=0 mom=0.8519 lrCyc[pk=9.9e-01,tr=1.0e-03] gNormMax=0.5166 clips=0 gCap=1.1364 trainerStep=10560
[LAYER-HEALTH] live trainerStep=10560 scope=batch_norm_state_only reluSites=0/10 dead=n/a off=n/a alwaysOn=n/a (no relu/leaky_relu BN sites) rvMaxOverMedian=19.3@blocks.2.bn1[31] rvOver10xMedian=2 rezero=none nonFinite=0 parkedSites=9/10 parkedCh=1040 parked=0 parkedOff=0 parkedBy=none
[REPLAY] step=10630 loss=3.4917 pLoss=2.6881 vLoss=0.7948 pEnt=2.851 pIllM=0.0088 playedP=0.163 pW=0.48 pD=0.06 pL=0.46 vAbs=0.298 pLogitMean=-5.9417 vLogitMean=0.5974 gNorm=0.337 lr=0.903 ms=2939.1 buf=500000 plies=90947354 games=1376947 rejected=0 skipped=0 epoch=0 mom=0.8514 lrCyc[pk=9.9e-01,tr=1.0e-03] gNormMax=0.4891 clips=0 gCap=1.1390 trainerStep=10630
[LAYER-HEALTH] live trainerStep=10630 scope=batch_norm_state_only reluSites=0/10 dead=n/a off=n/a alwaysOn=n/a (no relu/leaky_relu BN sites) rvMaxOverMedian=19.5@blocks.2.bn1[31] rvOver10xMedian=2 rezero=none nonFinite=0 parkedSites=9/10 parkedCh=1040 parked=0 parkedOff=0 parkedBy=none
[REPLAY] step=10710 loss=3.5180 pLoss=2.7267 vLoss=0.7820 pEnt=2.854 pIllM=0.0094 playedP=0.162 pW=0.44 pD=0.07 pL=0.48 vAbs=0.281 pLogitMean=-6.0597 vLogitMean=0.5696 gNorm=0.430 lr=0.936 ms=3368.7 buf=500000 plies=91629951 games=1387232 rejected=0 skipped=0 epoch=0 mom=0.8509 lrCyc[pk=9.9e-01,tr=1.0e-03] gNormMax=0.4385 clips=0 gCap=1.1424 trainerStep=10710
[LAYER-HEALTH] live trainerStep=10710 scope=batch_norm_state_only reluSites=0/10 dead=n/a off=n/a alwaysOn=n/a (no relu/leaky_relu BN sites) rvMaxOverMedian=19.9@blocks.2.bn1[31] rvOver10xMedian=2 rezero=none nonFinite=0 parkedSites=9/10 parkedCh=1040 parked=0 parkedOff=0 parkedBy=none
[REPLAY] step=10790 loss=3.5946 pLoss=2.7874 vLoss=0.7976 pEnt=2.846 pIllM=0.0096 playedP=0.163 pW=0.51 pD=0.07 pL=0.42 vAbs=0.285 pLogitMean=-6.1948 vLogitMean=0.5907 gNorm=0.375 lr=0.962 ms=3209.4 buf=500000 plies=92312613 games=1397602 rejected=0 skipped=0 epoch=0 mom=0.8505 lrCyc[pk=9.9e-01,tr=1.0e-03] gNormMax=0.4715 clips=0 gCap=1.1518 trainerStep=10790
[LAYER-HEALTH] live trainerStep=10790 scope=batch_norm_state_only reluSites=0/10 dead=n/a off=n/a alwaysOn=n/a (no relu/leaky_relu BN sites) rvMaxOverMedian=20.6@blocks.2.bn1[31] rvOver10xMedian=3 rezero=none nonFinite=0 parkedSites=9/10 parkedCh=1040 parked=0 parkedOff=0 parkedBy=none
[REPLAY] step=10870 loss=3.4923 pLoss=2.6923 vLoss=0.7890 pEnt=2.902 pIllM=0.0110 playedP=0.149 pW=0.43 pD=0.07 pL=0.50 vAbs=0.275 pLogitMean=-6.3459 vLogitMean=0.5712 gNorm=0.408 lr=0.98 ms=3193.4 buf=500000 plies=92995271 games=1407899 rejected=0 skipped=0 epoch=0 mom=0.8502 lrCyc[pk=9.9e-01,tr=1.0e-03] gNormMax=0.4891 clips=0 gCap=1.1489 trainerStep=10870
[LAYER-HEALTH] live trainerStep=10870 scope=batch_norm_state_only reluSites=0/10 dead=n/a off=n/a alwaysOn=n/a (no relu/leaky_relu BN sites) rvMaxOverMedian=21.4@blocks.2.bn1[31] rvOver10xMedian=3 rezero=none nonFinite=0 parkedSites=9/10 parkedCh=1040 parked=0 parkedOff=0 parkedBy=none
[REPLAY] step=10950 loss=3.4993 pLoss=2.7045 vLoss=0.7855 pEnt=2.859 pIllM=0.0093 playedP=0.162 pW=0.42 pD=0.07 pL=0.51 vAbs=0.263 pLogitMean=-6.4832 vLogitMean=0.5812 gNorm=0.395 lr=0.989 ms=2851.4 buf=500000 plies=93677883 games=1418260 rejected=0 skipped=0 epoch=0 mom=0.8501 lrCyc[pk=9.9e-01,tr=1.0e-03] gNormMax=0.4661 clips=0 gCap=1.1473 trainerStep=10950
[LAYER-HEALTH] live trainerStep=10950 scope=batch_norm_state_only reluSites=0/10 dead=n/a off=n/a alwaysOn=n/a (no relu/leaky_relu BN sites) rvMaxOverMedian=22.3@blocks.2.bn1[31] rvOver10xMedian=3 rezero=none nonFinite=0 parkedSites=9/10 parkedCh=1040 parked=0 parkedOff=0 parkedBy=none
[REPLAY] step=11000 loss=3.5395 pLoss=2.7632 vLoss=0.7662 pEnt=2.806 pIllM=0.0101 playedP=0.169 pW=0.47 pD=0.07 pL=0.46 vAbs=0.265 pLogitMean=-6.5627 vLogitMean=0.5829 gNorm=0.378 lr=0.991 ms=3270.5 buf=500000 plies=94104542 games=1424661 rejected=0 skipped=0 epoch=0 mom=0.8500 lrCyc[pk=9.9e-01,tr=1.0e-03] gNormMax=0.4494 clips=0 gCap=1.1422 trainerStep=11000
[LAYER-HEALTH] live trainerStep=11000 scope=batch_norm_state_only reluSites=0/10 dead=n/a off=n/a alwaysOn=n/a (no relu/leaky_relu BN sites) rvMaxOverMedian=22.8@blocks.2.bn1[31] rvOver10xMedian=3 rezero=none nonFinite=0 parkedSites=9/10 parkedCh=1040 parked=0 parkedOff=0 parkedBy=none
[ALARM] health active rule=policy_offset_drift severity=warning since=1150 trainerStep=11000 value=medianAbs=6.5231
[HEALTH] check trainerStep=11000 generation=0 evaluations=21 live=20 checkpoint=1 stale=0 truncated=0 cost_ms=22.7 train_ms=2346457.7 liveReadFailed=0 lossMaxRatio=1.03 lossMedianRatio=1.00 gradMaxRatio=1.51 rvRiseMax=1.45 rvOutliers=3/2 nodata=none active=policy_offset_drift:warning
[REPLAY] saved trainer model (autosave) step=11000 trainerStep=11000 nextGame=1424661 shard=3 epoch=0 -> 20261008-lrBsiluall-relcap-replay-latest.safetensors
[LAYER-HEALTH] checkpoint replay-autosave step=11000 trainerStep=11000 scope=all_tensors reluSites=0/10 dead=n/a off=n/a alwaysOn=n/a (no relu/leaky_relu BN sites) rvMaxOverMedian=22.8@blocks.2.bn1[31] rvOver10xMedian=3 rezero=none nonFinite=0 parkedSites=9/10 parkedCh=1040 parked=0 parkedOff=0 parkedBy=none seZeroVel=none valueFC1ZeroVel=0/128 maxAbs=16.99@blocks.1.bn2.running_var
[LAYER-HEALTH]   batch-norm sites — β/|γ|: dead < -3.00, mostly off < -2.00, always on > +3.00; classified for relu/leaky_relu only
[LAYER-HEALTH]     site            act            ch   dead    off     on  zeroγ nonfin  min β/|γ| [ch]     max β/|γ| [ch]     rv max/median [ch]  rv≥10x
[LAYER-HEALTH]     stem.bn         -             128    n/a    n/a    n/a      0      0     -0.46 [97]         +0.21 [15]            4.3 [118]          0
[LAYER-HEALTH]     blocks.0.bn1    silu          128    n/a    n/a    n/a      0      0     -0.47 [21]         +0.12 [28]            2.3 [31]           0
[LAYER-HEALTH]     blocks.0.bn2    silu          128    n/a    n/a    n/a      0      0     -0.95 [109]        +0.78 [49]            8.0 [96]           0
[LAYER-HEALTH]     blocks.1.bn1    silu          128    n/a    n/a    n/a      0      0     -1.06 [17]         +0.05 [31]           14.9 [31]           1
[LAYER-HEALTH]     blocks.1.bn2    silu          128    n/a    n/a    n/a      0      0     -1.01 [7]          -0.11 [101]           9.2 [32]           0
[LAYER-HEALTH]     blocks.2.bn1    silu          128    n/a    n/a    n/a      0      0     -1.36 [17]         +0.71 [31]           22.8 [31]           2
[LAYER-HEALTH]     blocks.2.bn2    silu          128    n/a    n/a    n/a      0      0     -1.35 [85]         -0.12 [105]           3.4 [26]           0
[LAYER-HEALTH]     tower_final_bn  silu          128    n/a    n/a    n/a      0      0     -0.39 [83]         +0.79 [111]           5.5 [31]           0
[LAYER-HEALTH]     policy.pre_bn   silu          128    n/a    n/a    n/a      0      0     -0.96 [26]         +1.40 [22]            2.4 [120]          0
[LAYER-HEALTH]     value.bn        silu           16    n/a    n/a    n/a      0      0     -0.81 [8]          -0.19 [6]             1.5 [2]            0
[LAYER-HEALTH]   parked channels — every activation: pass-through P = E|f'(γz+β)|, z ~ N(0,1); parked when P above its floor < 0.00135 of the range (Φ(-3)), mostly off < 0.02275 (Φ(-2)); equals dead / off for relu/leaky_relu
[LAYER-HEALTH]     site            act            ch parked    off       min P   median P
[LAYER-HEALTH]     blocks.0.bn1    silu          128      0      0    0.368486   0.471385
[LAYER-HEALTH]     blocks.0.bn2    silu          128      0      0    0.228082   0.440863
[LAYER-HEALTH]     blocks.1.bn1    silu          128      0      0    0.206791   0.399779
[LAYER-HEALTH]     blocks.1.bn2    silu          128      0      0    0.222866   0.381609
[LAYER-HEALTH]     blocks.2.bn1    silu          128      0      0    0.147771   0.363116
[LAYER-HEALTH]     blocks.2.bn2    silu          128      0      0    0.164164   0.387005
[LAYER-HEALTH]     tower_final_bn  silu          128      0      0    0.390279   0.537266
[LAYER-HEALTH]     policy.pre_bn   silu          128      0      0    0.244032   0.512537
[LAYER-HEALTH]     value.bn        silu           16      0      0    0.269485   0.353797
[LAYER-HEALTH]   FC hidden-unit velocity — zero: every weight-velocity entry exactly 0; low: nonzero but < 5% of the layer's p90 unit norm
[LAYER-HEALTH]     value.fc1.weight  silu  units 128  zero 0  low 0  median unit norm 0.01205
[LAYER-HEALTH]     (no SE blocks)
[LAYER-HEALTH]   ReZero: none
[LAYER-HEALTH]   non-finite: 0 values in 0 of 102 tensors (10263038 values examined)
[LAYER-HEALTH]   largest |value|: blocks.1.bn2.running_var 16.99, blocks.0.bn2.running_var 15.03, blocks.2.bn1.running_var 10.8, blocks.2.bn2.running_var 7.301, blocks.1.bn1.running_var 7.006
[REPLAY] enumerated checkpoint -> 20261008-lrBsiluall-relcap-replay-step11000.safetensors
[REPLAY] step=11080 loss=3.5534 pLoss=2.7553 vLoss=0.7897 pEnt=2.803 pIllM=0.0083 playedP=0.171 pW=0.49 pD=0.06 pL=0.45 vAbs=0.308 pLogitMean=-6.6701 vLogitMean=0.5926 gNorm=0.398 lr=0.986 ms=3232.2 buf=500000 plies=94787164 games=1434965 rejected=0 skipped=0 epoch=0 mom=0.8501 lrCyc[pk=9.9e-01,tr=1.0e-03] gNormMax=0.4558 clips=0 gCap=1.1359 trainerStep=11080
[LAYER-HEALTH] live trainerStep=11080 scope=batch_norm_state_only reluSites=0/10 dead=n/a off[ALARM] health raise rule=bn_running_variance_jump severity=warning trainerStep=11550 value=jumped=0 outliers=7/2 threshold=outliers>=2xmin&+5 action=log lr=0.808 mom=0.853
=n/a alwaysOn=n/a (no relu/leaky_relu BN sites) rvMaxOverMedian=23.4@blocks.2.bn1[31] rvOver10xMedian=3 rezero=none nonFinite=0 parkedSites=9/10 parkedCh=1040 parked=0 parkedOff=0 parkedBy=none
[REPLAY] step=11160 loss=3.4817 pLoss=2.7088 vLoss=0.7629 pEnt=2.828 pIllM=0.0100 playedP=0.166 pW=0.48 pD=0.07 pL=0.45 vAbs=0.292 pLogitMean=-6.7733 vLogitMean=0.5755 gNorm=0.353 lr=0.974 ms=3213.0 buf=500000 plies=95469815 games=1445207 rejected=0 skipped=0 epoch=0 mom=0.8503 lrCyc[pk=9.9e-01,tr=1.0e-03] gNormMax=0.4914 clips=0 gCap=1.1333 trainerStep=11160
[LAYER-HEALTH] live trainerStep=11160 scope=batch_norm_state_only reluSites=0/10 dead=n/a off=n/a alwaysOn=n/a (no relu/leaky_relu BN sites) rvMaxOverMedian=23.4@blocks.2.bn1[31] rvOver10xMedian=3 rezero=none nonFinite=0 parkedSites=9/10 parkedCh=1040 parked=0 parkedOff=0 parkedBy=none
[REPLAY] step=11240 loss=3.4823 pLoss=2.7168 vLoss=0.7568 pEnt=2.850 pIllM=0.0087 playedP=0.165 pW=0.48 pD=0.06 pL=0.46 vAbs=0.270 pLogitMean=-6.8421 vLogitMean=0.5864 gNorm=0.314 lr=0.953 ms=3179.6 buf=500000 plies=96152511 games=1455485 rejected=0 skipped=0 epoch=0 mom=0.8506 lrCyc[pk=9.9e-01,tr=1.0e-03] gNormMax=0.4649 clips=0 gCap=1.1279 trainerStep=11240
[LAYER-HEALTH] live trainerStep=11240 scope=batch_norm_state_only reluSites=0/10 dead=n/a off=n/a alwaysOn=n/a (no relu/leaky_relu BN sites) rvMaxOverMedian=24.3@blocks.2.bn1[31] rvOver10xMedian=3 rezero=none nonFinite=0 parkedSites=9/10 parkedCh=1040 parked=0 parkedOff=0 parkedBy=none
[REPLAY] step=11320 loss=3.5003 pLoss=2.7182 vLoss=0.7743 pEnt=2.831 pIllM=0.0079 playedP=0.163 pW=0.49 pD=0.06 pL=0.45 vAbs=0.294 pLogitMean=-6.9206 vLogitMean=0.5781 gNorm=0.329 lr=0.924 ms=2995.0 buf=500000 plies=96835101 games=1465838 rejected=0 skipped=0 epoch=0 mom=0.8511 lrCyc[pk=9.9e-01,tr=1.0e-03] gNormMax=0.4542 clips=0 gCap=1.1167 trainerStep=11320
[LAYER-HEALTH] live trainerStep=11320 scope=batch_norm_state_only reluSites=0/10 dead=n/a off=n/a alwaysOn=n/a (no relu/leaky_relu BN sites) rvMaxOverMedian=24.9@blocks.2.bn1[31] rvOver10xMedian=3 rezero=none nonFinite=0 parkedSites=9/10 parkedCh=1040 parked=0 parkedOff=0 parkedBy=none
[REPLAY] step=11400 loss=3.5490 pLoss=2.7757 vLoss=0.7652 pEnt=2.864 pIllM=0.0080 playedP=0.160 pW=0.50 pD=0.06 pL=0.44 vAbs=0.280 pLogitMean=-6.9928 vLogitMean=0.5623 gNorm=0.368 lr=0.889 ms=3056.3 buf=500000 plies=97517788 games=1476118 rejected=0 skipped=0 epoch=0 mom=0.8516 lrCyc[pk=9.9e-01,tr=1.0e-03] gNormMax=0.4144 clips=0 gCap=1.1041 trainerStep=11400
[LAYER-HEALTH] live trainerStep=11400 scope=batch_norm_state_only reluSites=0/10 dead=n/a off=n/a alwaysOn=n/a (no relu/leaky_relu BN sites) rvMaxOverMedian=25.9@blocks.2.bn1[31] rvOver10xMedian=3 rezero=none nonFinite=0 parkedSites=9/10 parkedCh=1040 parked=0 parkedOff=0 parkedBy=none
[REPLAY] step=11480 loss=3.5419 pLoss=2.7565 vLoss=0.7783 pEnt=2.827 pIllM=0.0072 playedP=0.168 pW=0.50 pD=0.06 pL=0.44 vAbs=0.290 pLogitMean=-7.0693 vLogitMean=0.5623 gNorm=0.368 lr=0.848 ms=3007.7 buf=500000 plies=98200398 games=1486409 rejected=0 skipped=0 epoch=0 mom=0.8523 lrCyc[pk=9.9e-01,tr=1.0e-03] gNormMax=0.4154 clips=0 gCap=1.0931 trainerStep=11480
[LAYER-HEALTH] live trainerStep=11480 scope=batch_norm_state_only reluSites=0/10 dead=n/a off=n/a alwaysOn=n/a (no relu/leaky_relu BN sites) rvMaxOverMedian=27.5@blocks.2.bn1[31] rvOver10xMedian=5 rezero=none nonFinite=0 parkedSites=9/10 parkedCh=1040 parked=0 parkedOff=0 parkedBy=none
[ALARM] health raise rule=bn_running_variance_jump severity=warning trainerStep=11550 value=jumped=0 outliers=7/2 threshold=outliers>=2xmin&+5 action=log lr=0.808 mom=0.853
[REPLAY] step=11560 loss=3.5085 pLoss=2.7188 vLoss=0.7824 pEnt=2.834 pIllM=0.0074 playedP=0.168 pW=0.50 pD=0.06 pL=0.45 vAbs=0.290 pLogitMean=-7.1177 vLogitMean=0.5578 gNorm=0.356 lr=0.802 ms=2706.0 buf=500000 plies=98883044 games=1496628 rejected=0 skipped=0 epoch=0 mom=0.8531 lrCyc[pk=9.9e-01,tr=1.0e-03] gNormMax=0.4325 clips=0 gCap=1.0787 trainerStep=11560
[LAYER-HEALTH] live trainerStep=11560 scope=batch_norm_state_only reluSites=0/10 dead=n/a off=n/a alwaysOn=n/a (no relu/le[ALARM] health raise rule=bn_running_variance_jump severity=warning trainerStep=11950 value=jumped=0 outliers=8/3 threshold=outliers>=2xmin&+5 action=log lr=0.545 mom=0.8587
aky_relu BN sites) rvMaxOverMedian=28.5@blocks.2.bn1[31] rvOver10xMedian=7 rezero=none nonFinite=0 parkedSites=9/10 parkedCh=1040 parked=0 parkedOff=0 parkedBy=none
[REPLAY] step=11640 loss=3.5725 pLoss=2.7690 vLoss=0.7959 pEnt=2.869 pIllM=0.0076 playedP=0.164 pW=0.50 pD=0.06 pL=0.44 vAbs=0.273 pLogitMean=-7.1488 vLogitMean=0.5534 gNorm=0.300 lr=0.752 ms=2758.7 buf=500000 plies=99565691 games=1506957 rejected=0 skipped=0 epoch=0 mom=0.8540 lrCyc[pk=9.9e-01,tr=1.0e-03] gNormMax=0.3851 clips=0 gCap=1.0679 trainerStep=11640
[LAYER-HEALTH] live trainerStep=11640 scope=batch_norm_state_only reluSites=0/10 dead=n/a off=n/a alwaysOn=n/a (no relu/leaky_relu BN sites) rvMaxOverMedian=28.3@blocks.2.bn1[31] rvOver10xMedian=6 rezero=none nonFinite=0 parkedSites=9/10 parkedCh=1040 parked=0 parkedOff=0 parkedBy=none
[REPLAY] step=11720 loss=3.4723 pLoss=2.6824 vLoss=0.7834 pEnt=2.857 pIllM=0.0065 playedP=0.166 pW=0.45 pD=0.06 pL=0.48 vAbs=0.278 pLogitMean=-7.2100 vLogitMean=0.5417 gNorm=0.293 lr=0.7 ms=3176.0 buf=500000 plies=100248291 games=1517212 rejected=0 skipped=0 epoch=0 mom=0.8551 lrCyc[pk=9.9e-01,tr=1.0e-03] gNormMax=0.4116 clips=0 gCap=1.0512 trainerStep=11720
[LAYER-HEALTH] live trainerStep=11720 scope=batch_norm_state_only reluSites=0/10 dead=n/a off=n/a alwaysOn=n/a (no relu/leaky_relu BN sites) rvMaxOverMedian=28.9@blocks.2.bn1[31] rvOver10xMedian=7 rezero=none nonFinite=0 parkedSites=9/10 parkedCh=1040 parked=0 parkedOff=0 parkedBy=none
[REPLAY] step=11800 loss=3.5831 pLoss=2.7904 vLoss=0.7856 pEnt=2.847 pIllM=0.0071 playedP=0.167 pW=0.48 pD=0.07 pL=0.45 vAbs=0.256 pLogitMean=-7.2371 vLogitMean=0.5457 gNorm=0.337 lr=0.646 ms=3362.3 buf=500000 plies=100930926 games=1527536 rejected=0 skipped=0 epoch=0 mom=0.8562 lrCyc[pk=9.9e-01,tr=1.0e-03] gNormMax=0.3534 clips=0 gCap=1.0314 trainerStep=11800
[LAYER-HEALTH] live trainerStep=11800 scope=batch_norm_state_only reluSites=0/10 dead=n/a off=n/a alwaysOn=n/a (no relu/leaky_relu BN sites) rvMaxOverMedian=28.6@blocks.2.bn1[31] rvOver10xMedian=7 rezero=none nonFinite=0 parkedSites=9/10 parkedCh=1040 parked=0 parkedOff=0 parkedBy=none
[ALARM] health clear rule=bn_running_variance_jump severity=warning since=11550 trainerStep=11800 value=jumped=0 outliers=7/3
[REPLAY] step=11880 loss=3.4716 pLoss=2.6810 vLoss=0.7844 pEnt=2.888 pIllM=0.0062 playedP=0.162 pW=0.44 pD=0.07 pL=0.49 vAbs=0.273 pLogitMean=-7.2464 vLogitMean=0.5563 gNorm=0.312 lr=0.592 ms=3176.9 buf=500000 plies=101613563 games=1537783 rejected=0 skipped=0 epoch=0 mom=0.8575 lrCyc[pk=9.9e-01,tr=1.0e-03] gNormMax=0.3826 clips=0 gCap=1.0166 trainerStep=11880
[LAYER-HEALTH] live trainerStep=11880 scope=batch_norm_state_only reluSites=0/10 dead=n/a off=n/a alwaysOn=n/a (no relu/leaky_relu BN sites) rvMaxOverMedian=28.9@blocks.2.bn1[31] rvOver10xMedian=7 rezero=none nonFinite=0 parkedSites=9/10 parkedCh=1040 parked=0 parkedOff=0 parkedBy=none
[ALARM] health raise rule=bn_running_variance_jump severity=warning trainerStep=11950 value=jumped=0 outliers=8/3 threshold=outliers>=2xmin&+5 action=log lr=0.545 mom=0.8587
[REPLAY] step=11960 loss=3.5261 pLoss=2.7109 vLoss=0.8094 pEnt=2.867 pIllM=0.0058 playedP=0.167 pW=0.49 pD=0.07 pL=0.44 vAbs=0.280 pLogitMean=-7.2750 vLogitMean=0.5615 gNorm=0.292 lr=0.538 ms=2725.6 buf=500000 plies=102296269 games=1548032 rejected=0 skipped=0 epoch=0 mom=0.8589 lrCyc[pk=9.9e-01,tr=9.9e-04] gNormMax=0.3650 clips=0 gCap=1.0039 trainerStep=11960
[LAYER-HEALTH] live trainerStep=11960 scope=batch_norm_state_only reluSites=0/10 dead=n/a off=n/a alwaysOn=n/a (no relu/leaky_relu BN sites) rvMaxOverMedian=29.8@blocks.2.bn1[31] rvOver10xMedian=8 rezero=none nonFinite=0 parkedSites=9/10 parkedCh=1040 parked=0 parkedOff=0 parkedBy=none
[REPLAY] step=12000 loss=3.5263 pLoss=2.7256 vLoss=0.7948 pEnt=2.870 pIllM=0.0059 playedP=0.166 pW=0.48 pD=0.07 pL=0.46 vAbs=0.266 pLogitMean=-7.2837 vLogitMean=0.5682 gNorm=0.293 lr=0.512 ms=3595.6 buf=500000 plies=102637558 games=1553208 rejected=0 skipped=0 epoch=0 mom=0.8596 lrCyc[pk=9.9e-01,tr=9.9e-04] gNormMax=0.3400 clips=0 gCap=0.9979 trainerStep=12000
[LAYER-HEALTH] live trainerStep=12000 scope=batch_norm_state_only reluSites=0/10 dead=n/a off=n/a alwaysOn=n/a (no relu/leaky_relu BN sites) rvMaxOverMedian=30.1@blocks.2.bn1[31] rvOver10xMedian=8 rezero=none nonFinite=0 parkedSites=9/10 parkedCh=1040 parked=0 parkedOff=0 parkedBy=none
[ALARM] health active rule=policy_offset_drift severity=warning since=1150 trainerStep=12000 value=medianAbs=7.2837
[ALARM] health active rule=bn_running_variance_jump severity=warning since=11950 trainerStep=12000 value=jumped=0 outliers=8/3
[HEALTH] check trainerStep=12000 generation=0 evaluations=21 live=20 checkpoint=1 stale=0 truncated=0 cost_ms=16.4 train_ms=2337836.6 liveReadFailed=0 lossMaxRatio=1.03 lossMedianRatio=1.01 gradMaxRatio=1.30 rvRiseMax=1.82 rvOutliers=8/3 nodata=none active=policy_offset_drift:warning,bn_running_variance_jump:warning
[REPLAY] saved trainer model (autosave) step=12000 trainerStep=12000 nextGame=1553208 shard=3 epoch=0 -> 20261008-lrBsiluall-relcap-replay-latest.safetensors
[LAYER-HEALTH] checkpoint replay-autosave step=12000 trainerStep=12000 scope=all_tensors reluSites=0/10 dead=n/a off=n/a alwaysOn=n/a (no relu/leaky_relu BN sites) rvMaxOverMedian=30.1@blocks.2.bn1[31] rvOver10xMedian=8 rezero=none nonFinite=0 parkedSites=9/10 parkedCh=1040 parked=0 parkedOff=0 parkedBy=none seZeroVel=none valueFC1ZeroVel=0/128 maxAbs=20.7@blocks.1.bn2.running_var
[LAYER-HEALTH]   batch-norm sites — β/|γ|: dead < -3.00, mostly off < -2.00, always on > +3.00; classified for relu/leaky_relu only
[LAYER-HEALTH]     site            act            ch   dead    off     on  zeroγ nonfin  min β/|γ| [ch]     max β/|γ| [ch]     rv max/median [ch]  rv≥10x
[LAYER-HEALTH]     stem.bn         -             128    n/a    n/a    n/a      0      0     -0.58 [97]         +0.25 [15]            2.9 [118]          0
[LAYER-HEALTH]     blocks.0.bn1    silu          128    n/a    n/a    n/a      0      0     -0.53 [21]         +0.13 [28]            2.7 [43]           0
[LAYER-HEALTH]     blocks.0.bn2    silu          128    n/a    n/a    n/a      0      0     -1.00 [109]        +2.53 [49]            7.9 [96]           0
[LAYER-HEALTH]     blocks.1.bn1    silu          128    n/a    n/a    n/a      0      0     -1.17 [17]         +0.05 [31]           23.0 [31]           4
[LAYER-HEALTH]     blocks.1.bn2    silu          128    n/a    n/a    n/a      0      0     -1.10 [30]         -0.12 [101]          10.7 [32]           1
[LAYER-HEALTH]     blocks.2.bn1    silu          128    n/a    n/a    n/a      0      0     -1.50 [17]         +0.98 [31]           30.1 [31]           3
[LAYER-HEALTH]     blocks.2.bn2    silu          128    n/a    n/a    n/a      0      0     -1.41 [85]         -0.12 [105]           3.6 [26]           0
[LAYER-HEALTH]     tower_final_bn  silu          128    n/a    n/a    n/a      0      0     -0.49 [83]         +0.85 [111]           6.3 [31]           0
[LAYER-HEALTH]     policy.pre_bn   silu          128    n/a    n/a    n/a      0      0     -0.94 [26]         +1.76 [22]            2.7 [120]          0
[LAYER-HEALTH]     value.bn        silu           16    n/a    n/a    n/a      0      0     -0.91 [8]          +0.10 [6]             1.8 [6]            0
[LAYER-HEALTH]   parked channels — every activation: pass-through P = E|f'(γz+β)|, z ~ N(0,1); parked when P above its floor < 0.00135 of the range (Φ(-3)), mostly off < 0.02275 (Φ(-2)); equals dead / off for relu/leaky_relu
[LAYER-HEALTH]     site            act            ch parked    off       min P   median P
[LAYER-HEALTH]     blocks.0.bn1    silu          128      0      0    0.350537   0.462530
[LAYER-HEALTH]     blocks.0.bn2    silu          128      0      0    0.214444   0.427061
[LAYER-HEALTH]     blocks.1.bn1    silu          128      0      0    0.184582   0.376326
[LAYER-HEALTH]     blocks.1.bn2    silu          128      0      0    0.202539   0.356753
[LAYER-HEALTH]     blocks.2.bn1    silu          128      0      0    0.125537   0.338920
[LAYER-HEALTH]     blocks.2.bn2    silu          128      0      0    0.153466   0.370150
[LAYER-HEALTH]     tower_final_bn  silu          128      0      0    0.360174   0.533713
[LAYER-HEALTH]     policy.pre_bn   silu          128      0      0    0.246716   0.520138
[LAYER-HEALTH]     value.bn        silu           16      0      0    0.243753   0.336394
[LAYER-HEALTH]   FC hidden-unit velocity — zero: every weight-velocity entry exactly 0; low: nonzero but < 5% of the layer's p90 unit norm
[LAYER-HEALTH]     value.fc1.weight  silu  units 128  zero 0  low 0  median unit norm 0.01038
[LAYER-HEALTH]     (no SE blocks)
[LAYER-HEALTH]   ReZero: none
[LAYER-HEALTH]   non-finite: 0 values in 0 of 102 tensors (10263038 values examined)
[LAYER-HEALTH]   largest |value|: blocks.1.bn2.running_var 20.7, blocks.0.bn2.running_var 16.64, blocks.2.bn1.running_var 14.15, blocks.1.bn1.running_var 10.19, blocks.2.bn2.running_var 7.862
[REPLAY] enumerated checkpoint -> 20261008-lrBsiluall-relcap-replay-step12000.safetensors
[REPLAY] step=12080 loss=3.5325 pLoss=2.7321 vLoss=0.7951 pEnt=2.879 pIllM=0.0053 playedP=0.163 pW=0.46 pD=0.07 pL=0.47 vAbs=0.264 pLogitMean=-7.3118 vLogitMean=0.5683 gNorm=0.292 lr=0.461 ms=3011.4 buf=500000 plies=103320173 games=1563537 rejected=0 skipped=0 epoch=0 mom=0.8611 lrCyc[pk=9.9e-01,tr=9.9e-04] gNormMax=0.3959 clips=0 gCap=0.9809 trainerStep=12080
[LAYER-HEALTH] live trainerStep=12080 scope=batch_norm_state_only reluSites=0/10 dead=n/a off=n/a alwaysOn=n/a (no relu/leaky_relu BN sites) rvMaxOverMedian=30.3@blocks.2.bn1[31] rvOver10xMedian=8 rezero=none nonFinite=0 parkedSites=9/10 parkedCh=1040 parked=0 parkedOff=0 parkedBy=none
[REPLAY] step=12160 loss=3.5539 pLoss=2.7649 vLoss=0.7840 pEnt=2.883 pIllM=0.0050 playedP=0.160 pW=0.48 pD=0.07 pL=0.46 vAbs=0.248 pLogitMean=-7.3144 vLogitMean=0.5644 gNorm=0.299 lr=0.412 ms=3268.4 buf=500000 plies=104002828 games=1573845 rejected=0 skipped=0 epoch=0 mom=0.8628 lrCyc[pk=9.9e-01,tr=9.9e-04] gNormMax=0.3306 clips=0 gCap=0.9686 trainerStep=12160
[LAYER-HEALTH] live trainerStep=12160 scope=batch_norm_state_only reluSites=0/10 dead=n/a off=n/a alwaysOn=n/a (no relu/leaky_relu BN sites) rvMaxOverMedian=30.7@blocks.2.bn1[31] rvOver10xMedian=8 rezero=none nonFinite=0 parkedSites=9/10 parkedCh=1040 parked=0 parkedOff=0 parkedBy=none
[REPLAY] step=12240 loss=3.5359 pLoss=2.7457 vLoss=0.7853 pEnt=2.866 pIllM=0.0048 playedP=0.169 pW=0.47 pD=0.06 pL=0.47 vAbs=0.247 pLogitMean=-7.3339 vLogitMean=0.5635 gNorm=0.298 lr=0.366 ms=2872.7 buf=500000 plies=104685439 games=1584225 rejected=0 skipped=0 epoch=0 mom=0.8645 lrCyc[pk=9.9e-01,tr=9.9e-04] gNormMax=0.3444 clips=0 gCap=0.9504 trainerStep=12240
[LAYER-HEALTH] live trainerStep=12240 scope=batch_norm_state_only reluSites=0/10 dead=n/a off=n/a alwaysOn=n/a (no relu/leaky_relu BN sites) rvMaxOverMedian=32.1@blocks.2.bn1[31] rvOver10xMedian=8 rezero=none nonFinite=0 parkedSites=9/10 parkedCh=1040 parked=0 parkedOff=0 parkedBy=none
[REPLAY] step=12320 loss=3.5200 pLoss=2.7210 vLoss=0.7944 pEnt=2.860 pIllM=0.0046 playedP=0.167 pW=0.47 pD=0.06 pL=0.47 vAbs=0.268 pLogitMean=-7.3365 vLogitMean=0.5732 gNorm=0.274 lr=0.323 ms=2498.4 buf=500000 plies=105368120 games=1594636 rejected=0 skipped=0 epoch=0 mom=0.8663 lrCyc[pk=9.9e-01,tr=9.9e-04] gNormMax=0.3278 clips=0 gCap=0.9358 trainerStep=12320
[LAYER-HEALTH] live trainerStep=12320 scope=batch_norm_state_only reluSites=0/10 dead=n/a off=n/a alwaysOn=n/a (no relu/leaky_relu BN sites) rvMaxOverMedian=32.8@blocks.2.bn1[31] rvOver10xMedian=8 rezero=none nonFinite=0 parkedSites=9/10 parkedCh=1040 parked=0 parkedOff=0 parkedBy=none
[REPLAY] step=12400 loss=3.5153 pLoss=2.7217 vLoss=0.7893 pEnt=2.859 pIllM=0.0043 playedP=0.171 pW=0.47 pD=0.06 pL=0.47 vAbs=0.235 pLogitMean=-7.3442 vLogitMean=0.5680 gNorm=0.271 lr=0.283 ms=2968.6 buf=500000 plies=106050736 games=1605005 rejected=0 skipped=0 epoch=0 mom=0.8682 lrCyc[pk=9.9e-01,tr=9.9e-04] gNormMax=0.3126 clips=0 gCap=0.9224 trainerStep=12400
[LAYER-HEALTH] live trainerStep=12400 scope=batch_norm_state_only reluSites=0/10 dead=n/a off=n/a alwaysOn=n/a (no relu/leaky_relu BN sites) rvMaxOverMedian=33.3@blocks.2.bn1[31] rvOver10xMedian=8 rezero=none nonFinite=0 parkedSites=9/10 parkedCh=1040 parked=0 parkedOff=0 parkedBy=none
[REPLAY] step=12480 loss=3.5389 pLoss=2.7299 vLoss=0.8051 pEnt=2.869 pIllM=0.0039 playedP=0.169 pW=0.48 pD=0.06 pL=0.46 vAbs=0.252 pLogitMean=-7.3379 vLogitMean=0.5684 gNorm=0.259 lr=0.247 ms=2521.9 buf=500000 plies=106733447 games=1615350 rejected=0 skipped=0 epoch=0 mom=0.8702 lrCyc[pk=9.9e-01,tr=9.9e-04] gNormMax=0.3070 clips=0 gCap=0.9072 trainerStep=12480
[LAYER-HEALTH] live trainerStep=12480 scope=batch_norm_state_only reluSites=0/10 dead=n/a off=n/a alwaysOn=n/a (no relu/leaky_relu BN sites) rvMaxOverMedian=33.5@blocks.2.bn1[31] rvOver10xMedian=8 rezero=none nonFinite=0 parkedSites=9/10 parkedCh=1040 parked=0 parkedOff=0 parkedBy=none
[ALARM] health clear rule=bn_running_variance_jump severity=warning since=11950 trainerStep=12500 value=jumped=0 outliers=8/5
[REPLAY] step=12560 loss=3.5159 pLoss=2.7074 vLoss=0.8050 pEnt=2.868 pIllM=0.0036 playedP=0.169 pW=0.46 pD=0.07 pL=0.47 vAbs=0.241 pLogitMean=-7.3440 vLogitMean=0.5675 gNorm=0.258 lr=0.214 ms=3150.3 buf=500000 plies=107416017 games=1625671 rejected=0 skipped=0 epoch=0 mom=0.8722 lrCyc[pk=9.9e-01,tr=9.9e-04] gNormMax=0.3186 clips=0 gCap=0.8935 trainerStep=12560
[LAYER-HEALTH] live trainerStep=12560 scope=batch_norm_state_only reluSites=0/10 dead=n/a off=n/a alwaysOn=n/a (no relu/leaky_relu BN sites) rvMaxOverMedian=33.0@blocks.2.bn1[31] rvOver10xMedian=8 rezero=none nonFinite=0 parkedSites=9/10 parkedCh=1040 parked=0 parkedOff=0 parkedBy=none
[REPLAY] step=12640 loss=3.5468 pLoss=2.7417 vLoss=0.8016 pEnt=2.862 pIllM=0.0036 playedP=0.170 pW=0.47 pD=0.07 pL=0.45 vAbs=0.241 pLogitMean=-7.3462 vLogitMean=0.5619 gNorm=0.280 lr=0.185 ms=2652.7 buf=500000 plies=108098675 games=1635938 rejected=0 skipped=0 epoch=0 mom=0.8743 lrCyc[pk=9.9e-01,tr=9.9e-04] gNormMax=0.2996 clips=0 gCap=0.8785 trainerStep=12640
[LAYER-HEALTH] live trainerStep=12640 scope=batch_norm_state_only reluSites=0/10 dead=n/a off=n/a alwaysOn=n/a (no relu/leaky_relu BN sites) rvMaxOverMedian=33.4@blocks.2.bn1[31] rvOver10xMedian=8 rezero=none nonFinite=0 parkedSites=9/10 parkedCh=1040 parked=0 parkedOff=0 parkedBy=none
[REPLAY] step=12720 loss=3.5610 pLoss=2.7439 vLoss=0.8137 pEnt=2.862 pIllM=0.0034 playedP=0.169 pW=0.47 pD=0.07 pL=0.46 vAbs=0.247 pLogitMean=-7.3511 vLogitMean=0.5599 gNorm=0.282 lr=0.159 ms=3079.7 buf=500000 plies=108781353 games=1646280 rejected=0 skipped=0 epoch=0 mom=0.8765 lrCyc[pk=9.9e-01,tr=9.9e-04] gNormMax=0.3142 clips=0 gCap=0.8637 trainerStep=12720
[LAYER-HEALTH] live trainerStep=12720 scope=batch_norm_state_only reluSites=0/10 dead=n/a off=n/a alwaysOn=n/a (no relu/leaky_relu BN sites) rvMaxOverMedian=34.4@blocks.2.bn1[31] rvOver10xMedian=8 rezero=none nonFinite=0 parkedSites=9/10 parkedCh=1040 parked=0 parkedOff=0 parkedBy=none
[REPLAY] step=12800 loss=3.5234 pLoss=2.7083 vLoss=0.8116 pEnt=2.870 pIllM=0.0035 playedP=0.174 pW=0.47 pD=0.07 pL=0.46 vAbs=0.235 pLogitMean=-7.3563 vLogitMean=0.5657 gNorm=0.276 lr=0.136 ms=2871.4 buf=500000 plies=109463922 games=1656544 rejected=0 skipped=0 epoch=0 mom=0.8788 lrCyc[pk=9.9e-01,tr=9.9e-04] gNormMax=0.3068 clips=0 gCap=0.8476 trainerStep=12800
[LAYER-HEALTH] live trainerStep=12800 scope=batch_norm_state_only reluSites=0/10 dead=n/a off=n/a alwaysOn=n/a (no relu/leaky_relu BN sites) rvMaxOverMedian=34.6@blocks.2.bn1[31] rvOver10xMedian=8 rezero=none nonFinite=0 parkedSites=9/10 parkedCh=1040 parked=0 parkedOff=0 parkedBy=none
[REPLAY] step=12880 loss=3.5664 pLoss=2.7435 vLoss=0.8198 pEnt=2.881 pIllM=0.0031 playedP=0.169 pW=0.47 pD=0.07 pL=0.46 vAbs=0.237 pLogitMean=-7.3516 vLogitMean=0.5623 gNorm=0.250 lr=0.116 ms=2968.5 buf=500000 plies=110146626 games=1666887 rejected=0 skipped=0 epoch=0 mom=0.8811 lrCyc[pk=9.9e-01,tr=9.9e-04] gNormMax=0.3006 clips=0 gCap=0.8382 trainerStep=12880
[LAYER-HEALTH] live trainerStep=12880 scope=batch_norm_state_only reluSites=0/10 dead=n/a off=n/a alwaysOn=n/a (no relu/leaky_relu BN sites) rvMaxOverMedian=34.7@blocks.2.bn1[31] rvOver10xMedian=8 rezero=none nonFinite=0 parkedSites=9/10 parkedCh=1040 parked=0 parkedOff=0 parkedBy=none
[REPLAY] step=12960 loss=3.4833 pLoss=2.6760 vLoss=0.8043 pEnt=2.869 pIllM=0.0030 playedP=0.170 pW=0.45 pD=0.07 pL=0.48 vAbs=0.245 pLogitMean=-7.3533 vLogitMean=0.5584 gNorm=0.256 lr=0.0989 ms=3159.2 buf=500000 plies=110829263 games=1677158 rejected=0 skipped=0 epoch=0 mom=0.8834 lrCyc[pk=9.9e-01,tr=9.9e-04] gNormMax=0.2846 clips=0 gCap=0.8260 trainerStep=12960
[LAYER-HEALTH] live trainerStep=12960 scope=batch_norm_state_only reluSites=0/10 dead=n/a off=n/a alwaysOn=n/a (no relu/leaky_relu BN sites) rvMaxOverMedian=35.3@blocks.2.bn1[31] rvOver10xMedian=8 rezero=none nonFinite=0 parkedSites=9/10 parkedCh=1040 parked=0 parkedOff=0 parkedBy=none
[REPLAY] step=13000 loss=3.5348 pLoss=2.7287 vLoss=0.8029 pEnt=2.856 pIllM=0.0031 playedP=0.172 pW=0.46 pD=0.07 pL=0.47 vAbs=0.235 pLogitMean=-7.3546 vLogitMean=0.5577 gNorm=0.259 lr=0.0911 ms=2215.9 buf=500000 plies=111170539 games=1682291 rejected=0 skipped=0 epoch=0 mom=0.8846 lrCyc[pk=9.9e-01,tr=9.9e-04] gNormMax=0.2844 clips=0 gCap=0.8215 trainerStep=13000
[LAYER-HEALTH] live trainerStep=13000 scope=batch_norm_state_only reluSites=0/10 dead=n/a off=n/a alwaysOn=n/a (no relu/leaky_relu BN sites) rvMaxOverMedian=35.6@blocks.2.bn1[31] rvOver10xMedian=8 rezero=none nonFinite=0 parkedSites=9/10 parkedCh=1040 parked=0 parkedOff=0 parkedBy=none
[ALARM] health active rule=policy_offset_drift severity=warning since=1150 trainerStep=13000 value=medianAbs=7.3557
[HEALTH] check trainerStep=13000 generation=0 evaluations=21 live=20 checkpoint=1 stale=0 truncated=0 cost_ms=25.1 train_ms=2355990.8 liveReadFailed=0 lossMaxRatio=1.03 lossMedianRatio=1.01 gradMaxRatio=1.19 rvRiseMax=1.63 rvOutliers=8/8 nodata=none active=policy_offset_drift:warning
[REPLAY] saved trainer model (autosave) step=13000 trainerStep=13000 nextGame=1682291 shard=3 epoch=0 -> 20261008-lrBsiluall-relcap-replay-latest.safetensors
[LAYER-HEALTH] checkpoint replay-autosave step=13000 trainerStep=13000 scope=all_tensors reluSites=0/10 dead=n/a off=n/a alwaysOn=n/a (no relu/leaky_relu BN sites) rvMaxOverMedian=35.6@blocks.2.bn1[31] rvOver10xMedian=8 rezero=none nonFinite=0 parkedSites=9/10 parkedCh=1040 parked=0 parkedOff=0 parkedBy=none seZeroVel=none valueFC1ZeroVel=0/128 maxAbs=19.16@blocks.1.bn2.running_var
[LAYER-HEALTH]   batch-norm sites — β/|γ|: dead < -3.00, mostly off < -2.00, always on > +3.00; classified for relu/leaky_relu only
[LAYER-HEALTH]     site            act            ch   dead    off     on  zeroγ nonfin  min β/|γ| [ch]     max β/|γ| [ch]     rv max/median [ch]  rv≥10x
[LAYER-HEALTH]     stem.bn         -             128    n/a    n/a    n/a      0      0     -0.59 [97]         +0.26 [15]            2.7 [68]           0
[LAYER-HEALTH]     blocks.0.bn1    silu          128    n/a    n/a    n/a      0      0     -0.55 [21]         +0.13 [64]            2.8 [43]           0
[LAYER-HEALTH]     blocks.0.bn2    silu          128    n/a    n/a    n/a      0      0     -1.03 [109]        +2.90 [49]            7.2 [96]           0
[LAYER-HEALTH]     blocks.1.bn1    silu          128    n/a    n/a    n/a      0      0     -1.19 [17]         +0.06 [31]           26.1 [31]           4
[LAYER-HEALTH]     blocks.1.bn2    silu          128    n/a    n/a    n/a      0      0     -1.15 [30]         -0.09 [101]          11.3 [32]           1
[LAYER-HEALTH]     blocks.2.bn1    silu          128    n/a    n/a    n/a      0      0     -1.59 [17]         +1.09 [31]           35.6 [31]           3
[LAYER-HEALTH]     blocks.2.bn2    silu          128    n/a    n/a    n/a      0      0     -1.42 [85]         -0.06 [105]           3.7 [26]           0
[LAYER-HEALTH]     tower_final_bn  silu          128    n/a    n/a    n/a      0      0     -0.50 [83]         +0.86 [111]           7.3 [31]           0
[LAYER-HEALTH]     policy.pre_bn   silu          128    n/a    n/a    n/a      0      0     -0.90 [26]         +1.98 [22]            2.6 [120]          0
[LAYER-HEALTH]     value.bn        silu           16    n/a    n/a    n/a      0      0     -0.99 [8]          +0.25 [6]             2.1 [6]            0
[LAYER-HEALTH]   parked channels — every activation: pass-through P = E|f'(γz+β)|, z ~ N(0,1); parked when P above its floor < 0.00135 of the range (Φ(-3)), mostly off < 0.02275 (Φ(-2)); equals dead / off for relu/leaky_relu
[LAYER-HEALTH]     site            act            ch parked    off       min P   median P
[LAYER-HEALTH]     blocks.0.bn1    silu          128      0      0    0.345891   0.463955
[LAYER-HEALTH]     blocks.0.bn2    silu          128      0      0    0.208977   0.424510
[LAYER-HEALTH]     blocks.1.bn1    silu          128      0      0    0.179256   0.371901
[LAYER-HEALTH]     blocks.1.bn2    silu          128      0      0    0.193070   0.353886
[LAYER-HEALTH]     blocks.2.bn1    silu          128      0      0    0.115274   0.331221
[LAYER-HEALTH]     blocks.2.bn2    silu          128      0      0    0.151916   0.372342
[LAYER-HEALTH]     tower_final_bn  silu          128      0      0    0.355510   0.533727
[LAYER-HEALTH]     policy.pre_bn   silu          128      0      0    0.254881   0.528411
[LAYER-HEALTH]     value.bn        silu           16      0      0    0.226795   0.314595
[LAYER-HEALTH]   FC hidden-unit velocity — zero: every weight-velocity entry exactly 0; low: nonzero but < 5% of the layer's p90 unit norm
[LAYER-HEALTH]     value.fc1.weight  silu  units 128  zero 0  low 1  median unit norm 0.005596
[LAYER-HEALTH]     (no SE blocks)
[LAYER-HEALTH]   ReZero: none
[LAYER-HEALTH]   non-finite: 0 values in 0 of 102 tensors (10263038 values examined)
[LAYER-HEALTH]   largest |value|: blocks.1.bn2.running_var 19.16, blocks.2.bn1.running_var 15.38, blocks.0.bn2.running_var 14.2, blocks.1.bn1.running_var 10.59, blocks.2.bn2.running_var 7.483
[REPLAY] enumerated checkpoint -> 20261008-lrBsiluall-relcap-replay-step13000.safetensors
[REPLAY] step=13080 loss=3.5460 pLoss=2.7311 vLoss=0.8123 pEnt=2.870 pIllM=0.0027 playedP=0.171 pW=0.48 pD=0.07 pL=0.46 vAbs=0.237 pLogitMean=-7.3580 vLogitMean=0.5559 gNorm=0.237 lr=0.0771 ms=3154.9 buf=500000 plies=111853241 games=1692487 rejected=0 skipped=0 epoch=0 mom=0.8870 lrCyc[pk=9.9e-01,tr=9.9e-04] gNormMax=0.2893 clips=0 gCap=0.8119 trainerStep=13080
[LAYER-HEALTH] live trainerStep=13080 scope=batch_norm_state_only reluSites=0/10 dead=n/a off=n/a alwaysOn=n/a (no relu/leaky_relu BN sites) rvMaxOverMedian=35.8@blocks.2.bn1[31] rvOver10xMedian=8 rezero=none nonFinite=0 parkedSites=9/10 parkedCh=1040 parked=0 parkedOff=0 parkedBy=none
[REPLAY] step=13160 loss=3.5549 pLoss=2.7430 vLoss=0.8095 pEnt=2.877 pIllM=0.0025 playedP=0.171 pW=0.47 pD=0.06 pL=0.46 vAbs=0.230 pLogitMean=-7.3553 vLogitMean=0.5604 gNorm=0.251 lr=0.0652 ms=2943.9 buf=500000 plies=112535983 games=1702740 rejected=0 skipped=0 epoch=0 mom=0.8894 lrCyc[pk=9.9e-01,tr=9.9e-04] gNormMax=0.2837 clips=0 gCap=0.8036 trainerStep=13160
[LAYER-HEALTH] live trainerStep=13160 scope=batch_norm_state_only reluSites=0/10 dead=n/a off=n/a alwaysOn=n/a (no relu/leaky_relu BN sites) rvMaxOverMedian=36.3@blocks.2.bn1[31] rvOver10xMedian=8 rezero=none nonFinite=0 parkedSites=9/10 parkedCh=1040 parked=0 parkedOff=0 parkedBy=none
[REPLAY] step=13240 loss=3.5292 pLoss=2.7160 vLoss=0.8104 pEnt=2.865 pIllM=0.0029 playedP=0.173 pW=0.47 pD=0.07 pL=0.46 vAbs=0.240 pLogitMean=-7.3530 vLogitMean=0.5570 gNorm=0.259 lr=0.055 ms=2793.9 buf=500000 plies=113218491 games=1712980 rejected=0 skipped=0 epoch=0 mom=0.8919 lrCyc[pk=9.9e-01,tr=9.9e-04] gNormMax=0.2887 clips=0 gCap=0.7954 trainerStep=13240
[LAYER-HEALTH] live trainerStep=13240 scope=batch_norm_state_only reluSites=0/10 dead=n/a off=n/a alwaysOn=n/a (no relu/leaky_relu BN sites) rvMaxOverMedian=36.7@blocks.2.bn1[31] rvOver10xMedian=8 rezero=none nonFinite=0 parkedSites=9/10 parkedCh=1040 parked=0 parkedOff=0 parkedBy=none
[REPLAY] step=13320 loss=3.5276 pLoss=2.7137 vLoss=0.8111 pEnt=2.849 pIllM=0.0028 playedP=0.173 pW=0.47 pD=0.07 pL=0.46 vAbs=0.234 pLogitMean=-7.3583 vLogitMean=0.5573 gNorm=0.246 lr=0.0463 ms=2982.6 buf=500000 plies=113901212 games=1723239 rejected=0 skipped=0 epoch=0 mom=0.8944 lrCyc[pk=9.9e-01,tr=9.9e-04] gNormMax=0.2820 clips=0 gCap=0.7890 trainerStep=13320
[LAYER-HEALTH] live trainerStep=13320 scope=batch_norm_state_only reluSites=0/10 dead=n/a off=n/a alwaysOn=n/a (no relu/leaky_relu BN sites) rvMaxOverMedian=36.0@blocks.2.bn1[31] rvOver10xMedian=8 rezero=none nonFinite=0 parkedSites=9/10 parkedCh=1040 parked=0 parkedOff=0 parkedBy=none
[REPLAY] step=13400 loss=3.5447 pLoss=2.7352 vLoss=0.8067 pEnt=2.893 pIllM=0.0028 playedP=0.167 pW=0.47 pD=0.07 pL=0.46 vAbs=0.240 pLogitMean=-7.3641 vLogitMean=0.5576 gNorm=0.261 lr=0.0389 ms=3133.3 buf=500000 plies=114583740 games=1733538 rejected=0 skipped=0 epoch=0 mom=0.8969 lrCyc[pk=9.9e-01,tr=9.9e-04] gNormMax=0.2832 clips=0 gCap=0.7834 trainerStep=13400
[LAYER-HEALTH] live trainerStep=13400 scope=batch_norm_state_only reluSites=0/10 dead=n/a off=n/a alwaysOn=n/a (no relu/leaky_relu BN sites) rvMaxOverMedian=36.6@blocks.2.bn1[31] rvOver10xMedian=8 rezero=none nonFinite=0 parkedSites=9/10 parkedCh=1040 parked=0 parkedOff=0 parkedBy=none
[REPLAY] step=13480 loss=3.5382 pLoss=2.7193 vLoss=0.8161 pEnt=2.858 pIllM=0.0028 playedP=0.173 pW=0.46 pD=0.07 pL=0.46 vAbs=0.240 pLogitMean=-7.3666 vLogitMean=0.5539 gNorm=0.258 lr=0.0327 ms=3262.9 buf=500000 plies=115266366 games=1743779 rejected=0 skipped=0 epoch=0 mom=0.8994 lrCyc[pk=9.9e-01,tr=9.9e-04] gNormMax=0.2813 clips=0 gCap=0.7783 trainerStep=13480
[LAYER-HEALTH] live trainerStep=13480 scope=batch_norm_state_only reluSites=0/10 dead=n/a off=n/a alwaysOn=n/a (no relu/leaky_relu BN sites) rvMaxOverMedian=37.0@blocks.2.bn1[31] rvOver10xMedian=8 rezero=none nonFinite=0 parkedSites=9/10 parkedCh=1040 parked=0 parkedOff=0 parkedBy=none
[REPLAY] step=13560 loss=3.4790 pLoss=2.6766 vLoss=0.7998 pEnt=2.847 pIllM=0.0026 playedP=0.178 pW=0.47 pD=0.07 pL=0.46 vAbs=0.245 pLogitMean=-7.3651 vLogitMean=0.5554 gNorm=0.267 lr=0.0275 ms=3204.1 buf=500000 plies=115949063 games=1754041 rejected=0 skipped=0 epoch=0 mom=0.9019 lrCyc[pk=9.9e-01,tr=9.9e-04] gNormMax=0.2749 clips=0 gCap=0.7748 trainerStep=13560
[LAYER-HEALTH] live trainerStep=13560 scope=batch_norm_state_only reluSites=0/10 dead=n/a off=n/a alwaysOn=n/a (no relu/leaky_relu BN sites) rvMaxOverMedian=37.2@blocks.2.bn1[31] rvOver10xMedian=8 rezero=none nonFinite=0 parkedSites=9/10 parkedCh=1040 parked=0 parkedOff=0 parkedBy=none
[REPLAY] step=13640 loss=3.5330 pLoss=2.7314 vLoss=0.7991 pEnt=2.861 pIllM=0.0025 playedP=0.171 pW=0.47 pD=0.07 pL=0.46 vAbs=0.228 pLogitMean=-7.3694 vLogitMean=0.5582 gNorm=0.249 lr=0.0231 ms=3117.9 buf=500000 plies=116631686 games=1764377 rejected=0 skipped=0 epoch=0 mom=0.9044 lrCyc[pk=9.9e-01,tr=9.9e-04] gNormMax=0.2791 clips=0 gCap=0.7719 trainerStep=13640
[LAYER-HEALTH] live trainerStep=13640 scope=batch_norm_state_only reluSites=0/10 dead=n/a off=n/a alwaysOn=n/a (no relu/leaky_relu BN sites) rvMaxOverMedian=37.6@blocks.2.bn1[31] rvOver10xMedian=8 rezero=none nonFinite=0 parkedSites=9/10 parkedCh=1040 parked=0 parkedOff=0 parkedBy=none
[REPLAY] step=13720 loss=3.5236 pLoss=2.7186 vLoss=0.8022 pEnt=2.868 pIllM=0.0028 playedP=0.172 pW=0.47 pD=0.06 pL=0.47 vAbs=0.238 pLogitMean=-7.3703 vLogitMean=0.5570 gNorm=0.254 lr=0.0195 ms=2425.6 buf=500000 plies=117314291 games=1774725 rejected=0 skipped=0 epoch=0 mom=0.9069 lrCyc[pk=9.9e-01,tr=9.9e-04] gNormMax=0.2757 clips=0 gCap=0.7688 trainerStep=13720
[LAYER-HEALTH] live trainerStep=13720 scope=batch_norm_state_only reluSites=0/10 dead=n/a off=n/a alwaysOn=n/a (no relu/leaky_relu BN sites) rvMaxOverMedian=37.8@blocks.2.bn1[31] rvOver10xMedian=8 rezero=none nonFinite=0 parkedSites=9/10 parkedCh=1040 parked=0 parkedOff=0 parkedBy=none
[REPLAY] step=13800 loss=3.4710 pLoss=2.6653 vLoss=0.8028 pEnt=2.852 pIllM=0.0029 playedP=0.176 pW=0.46 pD=0.07 pL=0.46 vAbs=0.241 pLogitMean=-7.3698 vLogitMean=0.5527 gNorm=0.244 lr=0.0164 ms=2618.5 buf=500000 plies=117996986 games=1784993 rejected=0 skipped=0 epoch=0 mom=0.9094 lrCyc[pk=9.9e-01,tr=9.9e-04] gNormMax=0.2828 clips=0 gCap=0.7666 trainerStep=13800
[LAYER-HEALTH] live trainerStep=13800 scope=batch_norm_state_only reluSites=0/10 dead=n/a off=n/a alwaysOn=n/a (no relu/leaky_relu BN sites) rvMaxOverMedian=37.8@blocks.2.bn1[31] rvOver10xMedian=8 rezero=none nonFinite=0 parkedSites=9/10 parkedCh=1040 parked=0 parkedOff=0 parkedBy=none
[REPLAY] step=13880 loss=3.5165 pLoss=2.7014 vLoss=0.8125 pEnt=2.869 pIllM=0.0026 playedP=0.174 pW=0.47 pD=0.07 pL=0.46 vAbs=0.241 pLogitMean=-7.3701 vLogitMean=0.5528 gNorm=0.269 lr=0.0139 ms=3203.3 buf=500000 plies=118679645 games=1795266 rejected=0 skipped=0 epoch=0 mom=0.9118 lrCyc[pk=9.9e-01,tr=9.9e-04] gNormMax=0.2882 clips=0 gCap=0.7643 trainerStep=13880
[LAYER-HEALTH] live trainerStep=13880 scope=batch_norm_state_only reluSites=0/10 dead=n/a off=n/a alwaysOn=n/a (no relu/leaky_relu BN sites) rvMaxOverMedian=37.6@blocks.2.bn1[31] rvOver10xMedian=8 rezero=none nonFinite=0 parkedSites=9/10 parkedCh=1040 parked=0 parkedOff=0 parkedBy=none
[REPLAY] step=13960 loss=3.5489 pLoss=2.7420 vLoss=0.8043 pEnt=2.872 pIllM=0.0026 playedP=0.171 pW=0.47 pD=0.07 pL=0.47 vAbs=0.230 pLogitMean=-7.3711 vLogitMean=0.5545 gNorm=0.252 lr=0.0117 ms=3437.6 buf=500000 plies=119362265 games=1805606 rejected=0 skipped=0 epoch=0 mom=0.9143 lrCyc[pk=9.9e-01,tr=9.9e-04] gNormMax=0.2720 clips=0 gCap=0.7635 trainerStep=13960
[LAYER-HEALTH] live trainerStep=13960 scope=batch_norm_state_only reluSites=0/10 dead=n/a off=n/a alwaysOn=n/a (no relu/leaky_relu BN sites) rvMaxOverMedian=37.6@blocks.2.bn1[31] rvOver10xMedian=8 rezero=none nonFinite=0 parkedSites=9/10 parkedCh=1040 parked=0 parkedOff=0 parkedBy=none
[REPLAY] step=14000 loss=3.5384 pLoss=2.7183 vLoss=0.8176 pEnt=2.863 pIllM=0.0025 playedP=0.175 pW=0.47 pD=0.07 pL=0.46 vAbs=0.230 pLogitMean=-7.3711 vLogitMean=0.5552 gNorm=0.249 lr=0.0108 ms=3329.9 buf=500000 plies=119703537 games=1810785 rejected=0 skipped=0 epoch=0 mom=0.9155 lrCyc[pk=9.9e-01,tr=9.9e-04] gNormMax=0.2738 clips=0 gCap=0.7632 trainerStep=14000
[LAYER-HEALTH] live trainerStep=14000 scope=batch_norm_state_only reluSites=0/10 dead=n/a off=n/a alwaysOn=n/a (no relu/leaky_relu BN sites) rvMaxOverMedian=37.6@blocks.2.bn1[31] rvOver10xMedian=8 rezero=none nonFinite=0 parkedSites=9/10 parkedCh=1040 parked=0 parkedOff=0 parkedBy=none
[ALARM] health active rule=policy_offset_drift severity=warning since=1150 trainerStep=14000 value=medianAbs=7.3711
[HEALTH] check trainerStep=14000 generation=0 evaluations=21 live=20 checkpoint=1 stale=0 truncated=0 cost_ms=13.7 train_ms=2352869.9 liveReadFailed=0 lossMaxRatio=1.02 lossMedianRatio=1.00 gradMaxRatio=1.13 rvRiseMax=1.27 rvOutliers=8/8 nodata=none active=policy_offset_drift:warning
[REPLAY] saved trainer model (autosave) step=14000 trainerStep=14000 nextGame=1810785 shard=3 epoch=0 -> 20261008-lrBsiluall-relcap-replay-latest.safetensors
[LAYER-HEALTH] checkpoint replay-autosave step=14000 trainerStep=14000 scope=all_tensors reluSites=0/10 dead=n/a off=n/a alwaysOn=n/a (no relu/leaky_relu BN sites) rvMaxOverMedian=37.6@blocks.2.bn1[31] rvOver10xMedian=8 rezero=none nonFinite=0 parkedSites=9/10 parkedCh=1040 parked=0 parkedOff=0 parkedBy=none seZeroVel=none valueFC1ZeroVel=0/128 maxAbs=18.49@blocks.1.bn2.running_var
[LAYER-HEALTH]   batch-norm sites — β/|γ|: dead < -3.00, mostly off < -2.00, always on > +3.00; classified for relu/leaky_relu only
[LAYER-HEALTH]     site            act            ch   dead    off     on  zeroγ nonfin  min β/|γ| [ch]     max β/|γ| [ch]     rv max/median [ch]  rv≥10x
[LAYER-HEALTH]     stem.bn         -             128    n/a    n/a    n/a      0      0     -0.59 [97]         +0.26 [15]            2.7 [43]           0
[LAYER-HEALTH]     blocks.0.bn1    silu          128    n/a    n/a    n/a      0      0     -0.56 [21]         +0.14 [64]            2.8 [43]           0
[LAYER-HEALTH]     blocks.0.bn2    silu          128    n/a    n/a    n/a      0      0     -1.03 [109]        +2.98 [49]            6.7 [96]           0
[LAYER-HEALTH]     blocks.1.bn1    silu          128    n/a    n/a    n/a      0      0     -1.20 [17]         +0.06 [31]           26.1 [31]           4
[LAYER-HEALTH]     blocks.1.bn2    silu          128    n/a    n/a    n/a      0      0     -1.16 [30]         -0.09 [101]          11.4 [32]           1
[LAYER-HEALTH]     blocks.2.bn1    silu          128    n/a    n/a    n/a      0      0     -1.60 [17]         +1.12 [31]           37.6 [31]           3
[LAYER-HEALTH]     blocks.2.bn2    silu          128    n/a    n/a    n/a      0      0     -1.42 [85]         -0.05 [105]           3.7 [26]           0
[LAYER-HEALTH]     tower_final_bn  silu          128    n/a    n/a    n/a      0      0     -0.51 [83]         +0.87 [111]           7.7 [31]           0
[LAYER-HEALTH]     policy.pre_bn   silu          128    n/a    n/a    n/a      0      0     -0.88 [26]         +1.99 [22]            2.7 [108]          0
[LAYER-HEALTH]     value.bn        silu           16    n/a    n/a    n/a      0      0     -0.99 [8]          +0.25 [6]             2.2 [6]            0
[LAYER-HEALTH]   parked channels — every activation: pass-through P = E|f'(γz+β)|, z ~ N(0,1); parked when P above its floor < 0.00135 of the range (Φ(-3)), mostly off < 0.02275 (Φ(-2)); equals dead / off for relu/leaky_relu
[LAYER-HEALTH]     site            act            ch parked    off       min P   median P
[LAYER-HEALTH]     blocks.0.bn1    silu          128      0      0    0.343576   0.464451
[LAYER-HEALTH]     blocks.0.bn2    silu          128      0      0    0.208523   0.424801
[LAYER-HEALTH]     blocks.1.bn1    silu          128      0      0    0.177745   0.371810
[LAYER-HEALTH]     blocks.1.bn2    silu          128      0      0    0.192558   0.353295
[LAYER-HEALTH]     blocks.2.bn1    silu          128      0      0    0.113611   0.330858
[LAYER-HEALTH]     blocks.2.bn2    silu          128      0      0    0.151975   0.374323
[LAYER-HEALTH]     tower_final_bn  silu          128      0      0    0.353094   0.533401
[LAYER-HEALTH]     policy.pre_bn   silu          128      0      0    0.259467   0.530341
[LAYER-HEALTH]     value.bn        silu           16      0      0    0.225370   0.311111
[LAYER-HEALTH]   FC hidden-unit velocity — zero: every weight-velocity entry exactly 0; low: nonzero but < 5% of the layer's p90 unit norm
[LAYER-HEALTH]     value.fc1.weight  silu  units 128  zero 0  low 0  median unit norm 0.006232
[LAYER-HEALTH]     (no SE blocks)
[LAYER-HEALTH]   ReZero: none
[LAYER-HEALTH]   non-finite: 0 values in 0 of 102 tensors (10263038 values examined)
[LAYER-HEALTH]   largest |value|: blocks.1.bn2.running_var 18.49, blocks.2.bn1.running_var 15.83, blocks.0.bn2.running_var 13.31, blocks.1.bn1.running_var 10.46, blocks.2.bn2.running_var 7.474
[REPLAY] enumerated checkpoint -> 20261008-lrBsiluall-relcap-replay-step14000.safetensors
[REPLAY] step=14080 loss=3.4851 pLoss=2.6797 vLoss=0.8029 pEnt=2.850 pIllM=0.0025 playedP=0.176 pW=0.46 pD=0.07 pL=0.46 vAbs=0.255 pLogitMean=-7.3697 vLogitMean=0.5510 gNorm=0.272 lr=0.00916 ms=2828.6 buf=500000 plies=120386217 games=1821008 rejected=0 skipped=0 epoch=0 mom=0.9178 lrCyc[pk=9.9e-01,tr=9.9e-04] gNormMax=0.2869 clips=0 gCap=0.7625 trainerStep=14080
[LAYER-HEALTH] live trainerStep=14080 scope=batch_norm_state_only reluSites=0/10 dead=n/a off=n/a alwaysOn=n/a (no relu/leaky_relu BN sites) rvMaxOverMedian=37.6@blocks.2.bn1[31] rvOver10xMedian=8 rezero=none nonFinite=0 parkedSites=9/10 parkedCh=1040 parked=0 parkedOff=0 parkedBy=none
[REPLAY] step=14160 loss=3.4822 pLoss=2.6732 vLoss=0.8064 pEnt=2.864 pIllM=0.0027 playedP=0.173 pW=0.47 pD=0.07 pL=0.46 vAbs=0.235 pLogitMean=-7.3694 vLogitMean=0.5546 gNorm=0.260 lr=0.0078 ms=2851.4 buf=500000 plies=121068839 games=1831278 rejected=0 skipped=0 epoch=0 mom=0.9202 lrCyc[pk=9.9e-01,tr=9.9e-04] gNormMax=0.2873 clips=0 gCap=0.7621 trainerStep=14160
[LAYER-HEALTH] live trainerStep=14160 scope=batch_norm_state_only reluSites=0/10 dead=n/a off=n/a alwaysOn=n/a (no relu/leaky_relu BN sites) rvMaxOverMedian=37.7@blocks.2.bn1[31] rvOver10xMedian=8 rezero=none nonFinite=0 parkedSites=9/10 parkedCh=1040 parked=0 parkedOff=0 parkedBy=none
[REPLAY] step=14240 loss=3.4786 pLoss=2.6794 vLoss=0.7968 pEnt=2.843 pIllM=0.0024 playedP=0.178 pW=0.47 pD=0.06 pL=0.47 vAbs=0.245 pLogitMean=-7.3685 vLogitMean=0.5555 gNorm=0.270 lr=0.00667 ms=3090.5 buf=500000 plies=121751463 games=1841663 rejected=0 skipped=0 epoch=0 mom=0.9224 lrCyc[pk=9.9e-01,tr=9.9e-04] gNormMax=0.2704 clips=0 gCap=0.7618 trainerStep=14240
[LAYER-HEALTH] live trainerStep=14240 scope=batch_norm_state_only reluSites=0/10 dead=n/a off=n/a alwaysOn=n/a (no relu/leaky_relu BN sites) rvMaxOverMedian=37.7@blocks.2.bn1[31] rvOver10xMedian=8 rezero=none nonFinite=0 parkedSites=9/10 parkedCh=1040 parked=0 parkedOff=0 parkedBy=none
[REPLAY] step=14320 loss=3.5298 pLoss=2.7192 vLoss=0.8081 pEnt=2.874 pIllM=0.0024 playedP=0.175 pW=0.47 pD=0.07 pL=0.46 vAbs=0.244 pLogitMean=-7.3731 vLogitMean=0.5518 gNorm=0.262 lr=0.00572 ms=3537.5 buf=500000 plies=122434112 games=1851937 rejected=0 skipped=0 epoch=0 mom=0.9247 lrCyc[pk=9.9e-01,tr=9.9e-04] gNormMax=0.2987 clips=0 gCap=0.7616 trainerStep=14320
[LAYER-HEALTH] live trainerStep=14320 scope=batch_norm_state_only reluSites=0/10 dead=n/a off=n/a alwaysOn=n/a (no relu/leaky_relu BN sites) rvMaxOverMedian=37.6@blocks.2.bn1[31] rvOver10xMedian=8 rezero=none nonFinite=0 parkedSites=9/10 parkedCh=1040 parked=0 parkedOff=0 parkedBy=none
[REPLAY] step=14400 loss=3.5166 pLoss=2.7052 vLoss=0.8090 pEnt=2.870 pIllM=0.0023 playedP=0.176 pW=0.47 pD=0.06 pL=0.47 vAbs=0.236 pLogitMean=-7.3727 vLogitMean=0.5561 gNorm=0.253 lr=0.00493 ms=1928.4 buf=500000 plies=123116731 games=1862265 rejected=0 skipped=0 epoch=0 mom=0.9268 lrCyc[pk=9.9e-01,tr=9.9e-04] gNormMax=0.2772 clips=0 gCap=0.7613 trainerStep=14400
[LAYER-HEALTH] live trainerStep=14400 scope=batch_norm_state_only reluSites=0/10 dead=n/a off=n/a alwaysOn=n/a (no relu/leaky_relu BN sites) rvMaxOverMedian=37.6@blocks.2.bn1[31] rvOver10xMedian=8 rezero=none nonFinite=0 parkedSites=9/10 parkedCh=1040 parked=0 parkedOff=0 parkedBy=none
[REPLAY] step=14480 loss=3.5183 pLoss=2.7125 vLoss=0.8036 pEnt=2.884 pIllM=0.0022 playedP=0.171 pW=0.47 pD=0.07 pL=0.46 vAbs=0.253 pLogitMean=-7.3734 vLogitMean=0.5545 gNorm=0.261 lr=0.00427 ms=3180.6 buf=500000 plies=123799413 games=1872516 rejected=0 skipped=0 epoch=0 mom=0.9289 lrCyc[pk=9.9e-01,tr=9.9e-04] gNormMax=0.2753 clips=0 gCap=0.7613 trainerStep=14480
[LAYER-HEALTH] live trainerStep=14480 scope=batch_norm_state_only reluSites=0/10 dead=n/a off=n/a alwaysOn=n/a (no relu/leaky_relu BN sites) rvMaxOverMedian=37.7@blocks.2.bn1[31] rvOver10xMedian=8 rezero=none nonFinite=0 parkedSites=9/10 parkedCh=1040 parked=0 parkedOff=0 parkedBy=none
[REPLAY] step=14560 loss=3.5282 pLoss=2.7070 vLoss=0.8190 pEnt=2.858 pIllM=0.0023 playedP=0.178 pW=0.47 pD=0.07 pL=0.46 vAbs=0.234 pLogitMean=-7.3750 vLogitMean=0.5539 gNorm=0.257 lr=0.00372 ms=3107.7 buf=500000 plies=124482027 games=1882866 rejected=0 skipped=0 epoch=0 mom=0.9309 lrCyc[pk=9.9e-01,tr=9.9e-04] gNormMax=0.2754 clips=0 gCap=0.7609 trainerStep=14560
[LAYER-HEALTH] live trainerStep=14560 scope=batch_norm_state_only reluSites=0/10 dead=n/a off=n/a alwaysOn=n/a (no relu/leaky_relu BN sites) rvMaxOverMedian=37.9@blocks.2.bn1[31] rvOver10xMedian=8 rezero=none nonFinite=0 parkedSites=9/10 parkedCh=1040 parked=0 parkedOff=0 parkedBy=none
[REPLAY] step=14640 loss=3.5157 pLoss=2.7060 vLoss=0.8071 pEnt=2.855 pIllM=0.0026 playedP=0.176 pW=0.47 pD=0.07 pL=0.46 vAbs=0.240 pLogitMean=-7.3747 vLogitMean=0.5555 gNorm=0.250 lr=0.00325 ms=3012.4 buf=500000 plies=125164749 games=1893126 rejected=0 skipped=0 epoch=0 mom=0.9328 lrCyc[pk=9.9e-01,tr=9.9e-04] gNormMax=0.2735 clips=0 gCap=0.7610 trainerStep=14640
[LAYER-HEALTH] live trainerStep=14640 scope=batch_norm_state_only reluSites=0/10 dead=n/a off=n/a alwaysOn=n/a (no relu/leaky_relu BN sites) rvMaxOverMedian=38.1@blocks.2.bn1[31] rvOver10xMedian=8 rezero=none nonFinite=0 parkedSites=9/10 parkedCh=1040 parked=0 parkedOff=0 parkedBy=none
[REPLAY] step=14720 loss=3.5418 pLoss=2.7269 vLoss=0.8122 pEnt=2.858 pIllM=0.0027 playedP=0.177 pW=0.47 pD=0.07 pL=0.46 vAbs=0.241 pLogitMean=-7.3745 vLogitMean=0.5568 gNorm=0.254 lr=0.00286 ms=3255.9 buf=500000 plies=125847318 games=1903398 rejected=0 skipped=0 epoch=0 mom=0.9347 lrCyc[pk=9.9e-01,tr=9.9e-04] gNormMax=0.2787 clips=0 gCap=0.7611 trainerStep=14720
[LAYER-HEALTH] live trainerStep=14720 scope=batch_norm_state_only reluSites=0/10 dead=n/a off=n/a alwaysOn=n/a (no relu/leaky_relu BN sites) rvMaxOverMedian=38.1@blocks.2.bn1[31] rvOver10xMedian=8 rezero=none nonFinite=0 parkedSites=9/10 parkedCh=1040 parked=0 parkedOff=0 parkedBy=none
[REPLAY] step=14800 loss=3.5197 pLoss=2.6954 vLoss=0.8218 pEnt=2.885 pIllM=0.0024 playedP=0.170 pW=0.47 pD=0.07 pL=0.47 vAbs=0.241 pLogitMean=-7.3746 vLogitMean=0.5534 gNorm=0.247 lr=0.00253 ms=2567.4 buf=500000 plies=126529956 games=1913704 rejected=0 skipped=0 epoch=0 mom=0.9365 lrCyc[pk=9.9e-01,tr=9.9e-04] gNormMax=0.2877 clips=0 gCap=0.7609 trainerStep=14800
[LAYER-HEALTH] live trainerStep=14800 scope=batch_norm_state_only reluSites=0/10 dead=n/a off=n/a alwaysOn=n/a (no relu/leaky_relu BN sites) rvMaxOverMedian=38.0@blocks.2.bn1[31] rvOver10xMedian=8 rezero=none nonFinite=0 parkedSites=9/10 parkedCh=1040 parked=0 parkedOff=0 parkedBy=none
[REPLAY] step=14880 loss=3.5006 pLoss=2.6827 vLoss=0.8152 pEnt=2.850 pIllM=0.0027 playedP=0.180 pW=0.47 pD=0.07 pL=0.46 vAbs=0.246 pLogitMean=-7.3735 vLogitMean=0.5555 gNorm=0.251 lr=0.00226 ms=2298.3 buf=500000 plies=127212589 games=1924002 rejected=0 skipped=0 epoch=0 mom=0.9381 lrCyc[pk=9.9e-01,tr=9.9e-04] gNormMax=0.2852 clips=0 gCap=0.7604 trainerStep=14880
[LAYER-HEALTH] live trainerStep=14880 scope=batch_norm_state_only reluSites=0/10 dead=n/a off=n/a alwaysOn=n/a (no relu/leaky_relu BN sites) rvMaxOverMedian=38.0@blocks.2.bn1[31] rvOver10xMedian=8 rezero=none nonFinite=0 parkedSites=9/10 parkedCh=1040 parked=0 parkedOff=0 parkedBy=none
[REPLAY] step=14960 loss=3.5279 pLoss=2.7085 vLoss=0.8172 pEnt=2.870 pIllM=0.0023 playedP=0.171 pW=0.47 pD=0.07 pL=0.46 vAbs=0.242 pLogitMean=-7.3737 vLogitMean=0.5562 gNorm=0.247 lr=0.00202 ms=2947.0 buf=500000 plies=127895199 games=1934361 rejected=0 skipped=0 epoch=0 mom=0.9397 lrCyc[pk=9.9e-01,tr=9.9e-04] gNormMax=0.2734 clips=0 gCap=0.7607 trainerStep=14960
[LAYER-HEALTH] live trainerStep=14960 scope=batch_norm_state_only reluSites=0/10 dead=n/a off=n/a alwaysOn=n/a (no relu/leaky_relu BN sites) rvMaxOverMedian=38.1@blocks.2.bn1[31] rvOver10xMedian=8 rezero=none nonFinite=0 parkedSites=9/10 parkedCh=1040 parked=0 parkedOff=0 parkedBy=none
[REPLAY] step=15000 loss=3.4980 pLoss=2.6903 vLoss=0.8055 pEnt=2.854 pIllM=0.0021 playedP=0.177 pW=0.47 pD=0.07 pL=0.46 vAbs=0.243 pLogitMean=-7.3745 vLogitMean=0.5541 gNorm=0.241 lr=0.00192 ms=3152.7 buf=500000 plies=128236536 games=1939460 rejected=0 skipped=0 epoch=0 mom=0.9405 lrCyc[pk=9.9e-01,tr=9.9e-04] gNormMax=0.2745 clips=0 gCap=0.7603 trainerStep=15000
[LAYER-HEALTH] live trainerStep=15000 scope=batch_norm_state_only reluSites=0/10 dead=n/a off=n/a alwaysOn=n/a (no relu/leaky_relu BN sites) rvMaxOverMedian=38.2@blocks.2.bn1[31] rvOver10xMedian=8 rezero=none nonFinite=0 parkedSites=9/10 parkedCh=1040 parked=0 parkedOff=0 parkedBy=none
[ALARM] health active rule=policy_offset_drift severity=warning since=1150 trainerStep=15000 value=medianAbs=7.3745
[HEALTH] check trainerStep=15000 generation=0 evaluations=21 live=20 checkpoint=1 stale=0 truncated=0 cost_ms=16.4 train_ms=2339080.8 liveReadFailed=0 lossMaxRatio=1.02 lossMedianRatio=1.00 gradMaxRatio=1.18 rvRiseMax=1.06 rvOutliers=8/8 nodata=none active=policy_offset_drift:warning
[REPLAY] saved trainer model (autosave) step=15000 trainerStep=15000 nextGame=1939460 shard=4 epoch=0 -> 20261008-lrBsiluall-relcap-replay-latest.safetensors
[LAYER-HEALTH] checkpoint replay-autosave step=15000 trainerStep=15000 scope=all_tensors reluSites=0/10 dead=n/a off=n/a alwaysOn=n/a (no relu/leaky_relu BN sites) rvMaxOverMedian=38.2@blocks.2.bn1[31] rvOver10xMedian=8 rezero=none nonFinite=0 parkedSites=9/10 parkedCh=1040 parked=0 parkedOff=0 parkedBy=none seZeroVel=none valueFC1ZeroVel=0/128 maxAbs=18.52@blocks.1.bn2.running_var
[LAYER-HEALTH]   batch-norm sites — β/|γ|: dead < -3.00, mostly off < -2.00, always on > +3.00; classified for relu/leaky_relu only
[LAYER-HEALTH]     site            act            ch   dead    off     on  zeroγ nonfin  min β/|γ| [ch]     max β/|γ| [ch]     rv max/median [ch]  rv≥10x
[LAYER-HEALTH]     stem.bn         -             128    n/a    n/a    n/a      0      0     -0.59 [97]         +0.26 [15]            2.8 [43]           0
[LAYER-HEALTH]     blocks.0.bn1    silu          128    n/a    n/a    n/a      0      0     -0.56 [21]         +0.14 [64]            2.8 [43]           0
[LAYER-HEALTH]     blocks.0.bn2    silu          128    n/a    n/a    n/a      0      0     -1.03 [109]        +2.97 [49]            6.2 [96]           0
[LAYER-HEALTH]     blocks.1.bn1    silu          128    n/a    n/a    n/a      0      0     -1.20 [17]         +0.07 [31]           26.5 [31]           4
[LAYER-HEALTH]     blocks.1.bn2    silu          128    n/a    n/a    n/a      0      0     -1.16 [30]         -0.09 [101]          11.4 [32]           1
[LAYER-HEALTH]     blocks.2.bn1    silu          128    n/a    n/a    n/a      0      0     -1.61 [17]         +1.13 [31]           38.2 [31]           3
[LAYER-HEALTH]     blocks.2.bn2    silu          128    n/a    n/a    n/a      0      0     -1.42 [85]         -0.04 [105]           3.7 [26]           0
[LAYER-HEALTH]     tower_final_bn  silu          128    n/a    n/a    n/a      0      0     -0.51 [83]         +0.87 [111]           7.8 [31]           0
[LAYER-HEALTH]     policy.pre_bn   silu          128    n/a    n/a    n/a      0      0     -0.87 [26]         +2.00 [22]            2.7 [108]          0
[LAYER-HEALTH]     value.bn        silu           16    n/a    n/a    n/a      0      0     -1.00 [8]          +0.25 [6]             2.2 [6]            0
[LAYER-HEALTH]   parked channels — every activation: pass-through P = E|f'(γz+β)|, z ~ N(0,1); parked when P above its floor < 0.00135 of the range (Φ(-3)), mostly off < 0.02275 (Φ(-2)); equals dead / off for relu/leaky_relu
[LAYER-HEALTH]     site            act            ch parked    off       min P   median P
[LAYER-HEALTH]     blocks.0.bn1    silu          128      0      0    0.342991   0.464354
[LAYER-HEALTH]     blocks.0.bn2    silu          128      0      0    0.208419   0.424834
[LAYER-HEALTH]     blocks.1.bn1    silu          128      0      0    0.177699   0.371839
[LAYER-HEALTH]     blocks.1.bn2    silu          128      0      0    0.191869   0.353500
[LAYER-HEALTH]     blocks.2.bn1    silu          128      0      0    0.113021   0.330808
[LAYER-HEALTH]     blocks.2.bn2    silu          128      0      0    0.151944   0.374547
[LAYER-HEALTH]     tower_final_bn  silu          128      0      0    0.352850   0.533263
[LAYER-HEALTH]     policy.pre_bn   silu          128      0      0    0.260456   0.530547
[LAYER-HEALTH]     value.bn        silu           16      0      0    0.224826   0.309649
[LAYER-HEALTH]   FC hidden-unit velocity — zero: every weight-velocity entry exactly 0; low: nonzero but < 5% of the layer's p90 unit norm
[LAYER-HEALTH]     value.fc1.weight  silu  units 128  zero 0  low 0  median unit norm 0.007316
[LAYER-HEALTH]     (no SE blocks)
[LAYER-HEALTH]   ReZero: none
[LAYER-HEALTH]   non-finite: 0 values in 0 of 102 tensors (10263038 values examined)
[LAYER-HEALTH]   largest |value|: blocks.1.bn2.running_var 18.52, blocks.2.bn1.running_var 16, blocks.0.bn2.running_var 12.25, blocks.1.bn1.running_var 10.5, blocks.2.bn2.running_var 7.456
[REPLAY] enumerated checkpoint -> 20261008-lrBsiluall-relcap-replay-step15000.safetensors
[REPLAY] step=15080 loss=3.5294 pLoss=2.7183 vLoss=0.8088 pEnt=2.869 pIllM=0.0022 playedP=0.172 pW=0.47 pD=0.07 pL=0.46 vAbs=0.240 pLogitMean=-7.3759 vLogitMean=0.5561 gNorm=0.250 lr=0.00174 ms=3050.7 buf=500000 plies=128919163 games=1949749 rejected=0 skipped=0 epoch=0 mom=0.9419 lrCyc[pk=9.9e-01,tr=9.9e-04] gNormMax=0.2740 clips=0 gCap=0.7589 trainerStep=15080
[LAYER-HEALTH] live trainerStep=15080 scope=batch_norm_state_only reluSites=0/10 dead=n/a off=n/a alwaysOn=n/a (no relu/leaky_relu BN sites) rvMaxOverMedian=38.4@blocks.2.bn1[31] rvOver10xMedian=8 rezero=none nonFinite=0 parkedSites=9/10 parkedCh=1040 parked=0 parkedOff=0 parkedBy=none
[REPLAY] step=15160 loss=3.5389 pLoss=2.7399 vLoss=0.7965 pEnt=2.852 pIllM=0.0025 playedP=0.176 pW=0.47 pD=0.07 pL=0.46 vAbs=0.244 pLogitMean=-7.3740 vLogitMean=0.5569 gNorm=0.255 lr=0.00159 ms=2368.8 buf=500000 plies=129601826 games=1960118 rejected=0 skipped=0 epoch=0 mom=0.9432 lrCyc[pk=9.9e-01,tr=9.9e-04] gNormMax=0.2748 clips=0 gCap=0.7589 trainerStep=15160
[LAYER-HEALTH] live trainerStep=15160 scope=batch_norm_state_only reluSites=0/10 dead=n/a off=n/a alwaysOn=n/a (no relu/leaky_relu BN sites) rvMaxOverMedian=38.5@blocks.2.bn1[31] rvOver10xMedian=8 rezero=none nonFinite=0 parkedSites=9/10 parkedCh=1040 parked=0 parkedOff=0 parkedBy=none
[REPLAY] step=15240 loss=3.5421 pLoss=2.7257 vLoss=0.8136 pEnt=2.885 pIllM=0.0029 playedP=0.171 pW=0.47 pD=0.07 pL=0.46 vAbs=0.233 pLogitMean=-7.3748 vLogitMean=0.5549 gNorm=0.261 lr=0.00146 ms=3089.3 buf=500000 plies=130284465 games=1970433 rejected=0 skipped=0 epoch=0 mom=0.9444 lrCyc[pk=9.9e-01,tr=9.9e-04] gNormMax=0.2872 clips=0 gCap=0.7588 trainerStep=15240
[LAYER-HEALTH] live trainerStep=15240 scope=batch_norm_state_only reluSites=0/10 dead=n/a off=n/a alwaysOn=n/a (no relu/leaky_relu BN sites) rvMaxOverMedian=38.6@blocks.2.bn1[31] rvOver10xMedian=8 rezero=none nonFinite=0 parkedSites=9/10 parkedCh=1040 parked=0 parkedOff=0 parkedBy=none
[REPLAY] step=15320 loss=3.5136 pLoss=2.7115 vLoss=0.7997 pEnt=2.870 pIllM=0.0024 playedP=0.174 pW=0.47 pD=0.07 pL=0.46 vAbs=0.237 pLogitMean=-7.3743 vLogitMean=0.5574 gNorm=0.253 lr=0.00135 ms=3323.5 buf=500000 plies=130967105 games=1980747 rejected=0 skipped=0 epoch=0 mom=0.9455 lrCyc[pk=9.9e-01,tr=9.9e-04] gNormMax=0.2880 clips=0 gCap=0.7581 trainerStep=15320
[LAYER-HEALTH] live trainerStep=15320 scope=batch_norm_state_only reluSites=0/10 dead=n/a off=n/a alwaysOn=n/a (no relu/leaky_relu BN sites) rvMaxOverMedian=38.5@blocks.2.bn1[31] rvOver10xMedian=8 rezero=none nonFinite=0 parkedSites=9/10 parkedCh=1040 parked=0 parkedOff=0 parkedBy=none
[REPLAY] step=15400 loss=3.5564 pLoss=2.7321 vLoss=0.8219 pEnt=2.875 pIllM=0.0024 playedP=0.173 pW=0.47 pD=0.07 pL=0.46 vAbs=0.240 pLogitMean=-7.3737 vLogitMean=0.5559 gNorm=0.263 lr=0.00127 ms=2602.5 buf=500000 plies=131649799 games=1990953 rejected=0 skipped=0 epoch=0 mom=0.9465 lrCyc[pk=9.9e-01,tr=9.9e-04] gNormMax=0.2762 clips=0 gCap=0.7585 trainerStep=15400
[LAYER-HEALTH] live trainerStep=15400 scope=batch_norm_state_only reluSites=0/10 dead=n/a off=n/a alwaysOn=n/a (no relu/leaky_relu BN sites) rvMaxOverMedian=38.5@blocks.2.bn1[31] rvOver10xMedian=8 rezero=none nonFinite=0 parkedSites=9/10 parkedCh=1040 parked=0 parkedOff=0 parkedBy=none
[REPLAY] step=15480 loss=3.4952 pLoss=2.6826 vLoss=0.8103 pEnt=2.857 pIllM=0.0023 playedP=0.176 pW=0.47 pD=0.07 pL=0.46 vAbs=0.242 pLogitMean=-7.3754 vLogitMean=0.5580 gNorm=0.248 lr=0.00119 ms=3267.3 buf=500000 plies=132332406 games=2001167 rejected=0 skipped=0 epoch=0 mom=0.9474 lrCyc[pk=9.9e-01,tr=9.9e-04] gNormMax=0.2772 clips=0 gCap=0.7581 trainerStep=15480
[LAYER-HEALTH] live trainerStep=15480 scope=batch_norm_state_only reluSites=0/10 dead=n/a off=n/a alwaysOn=n/a (no relu/leaky_relu BN sites) rvMaxOverMedian=38.5@blocks.2.bn1[31] rvOver10xMedian=8 rezero=none nonFinite=0 parkedSites=9/10 parkedCh=1040 parked=0 parkedOff=0 parkedBy=none
[REPLAY] step=15560 loss=3.5073 pLoss=2.7036 vLoss=0.8012 pEnt=2.862 pIllM=0.0025 playedP=0.174 pW=0.47 pD=0.07 pL=0.46 vAbs=0.242 pLogitMean=-7.3737 vLogitMean=0.5546 gNorm=0.252 lr=0.00113 ms=2739.6 buf=500000 plies=133015001 games=2011397 rejected=0 skipped=0 epoch=0 mom=0.9481 lrCyc[pk=9.9e-01,tr=9.9e-04] gNormMax=0.3306 clips=0 gCap=0.7579 trainerStep=15560
[LAYER-HEALTH] live trainerStep=15560 scope=batch_norm_state_only reluSites=0/10 dead=n/a off=n/a alwaysOn=n/a (no relu/leaky_relu BN sites) rvMaxOverMedian=38.5@blocks.2.bn1[31] rvOver10xMedian=8 rezero=none nonFinite=0 parkedSites=9/10 parkedCh=1040 parked=0 parkedOff=0 parkedBy=none
[REPLAY] step=15640 loss=3.5133 pLoss=2.7075 vLoss=0.8035 pEnt=2.849 pIllM=0.0024 playedP=0.176 pW=0.47 pD=0.07 pL=0.46 vAbs=0.244 pLogitMean=-7.3758 vLogitMean=0.5550 gNorm=0.271 lr=0.00108 ms=2882.8 buf=500000 plies=133697643 games=2021551 rejected=0 skipped=0 epoch=0 mom=0.9487 lrCyc[pk=9.9e-01,tr=9.9e-04] gNormMax=0.2821 clips=0 gCap=0.7575 trainerStep=15640
[LAYER-HEALTH] live trainerStep=15640 scope=batch_norm_state_only reluSites=0/10 dead=n/a off=n/a alwaysOn=n/a (no relu/leaky_relu BN sites) rvMaxOverMedian=38.5@blocks.2.bn1[31] rvOver10xMedian=8 rezero=none nonFinite=0 parkedSites=9/10 parkedCh=1040 parked=0 parkedOff=0 parkedBy=none
[REPLAY] step=15720 loss=3.4853 pLoss=2.6893 vLoss=0.7937 pEnt=2.860 pIllM=0.0022 playedP=0.173 pW=0.47 pD=0.07 pL=0.46 vAbs=0.242 pLogitMean=-7.3759 vLogitMean=0.5585 gNorm=0.248 lr=0.00105 ms=2710.1 buf=500000 plies=134380308 games=2031796 rejected=0 skipped=0 epoch=0 mom=0.9492 lrCyc[pk=9.9e-01,tr=9.9e-04] gNormMax=0.2754 clips=0 gCap=0.7571 trainerStep=15720
[LAYER-HEALTH] live trainerStep=15720 scope=batch_norm_state_only reluSites=0/10 dead=n/a off=n/a alwaysOn=n/a (no relu/leaky_relu BN sites) rvMaxOverMedian=38.4@blocks.2.bn1[31] rvOver10xMedian=8 rezero=none nonFinite=0 parkedSites=9/10 parkedCh=1040 parked=0 parkedOff=0 parkedBy=none
[REPLAY] step=15800 loss=3.5030 pLoss=2.6959 vLoss=0.8045 pEnt=2.841 pIllM=0.0026 playedP=0.180 pW=0.47 pD=0.07 pL=0.46 vAbs=0.246 pLogitMean=-7.3757 vLogitMean=0.5579 gNorm=0.244 lr=0.00102 ms=2354.6 buf=500000 plies=135062937 games=2042012 rejected=0 skipped=0 epoch=0 mom=0.9496 lrCyc[pk=9.9e-01,tr=9.9e-04] gNormMax=0.2790 clips=0 gCap=0.7579 trainerStep=15800
[LAYER-HEALTH] live trainerStep=15800 scope=batch_norm_state_only reluSites=0/10 dead=n/a off=n/a alwaysOn=n/a (no relu/leaky_relu BN sites) rvMaxOverMedian=38.4@blocks.2.bn1[31] rvOver10xMedian=8 rezero=none nonFinite=0 parkedSites=9/10 parkedCh=1040 parked=0 parkedOff=0 parkedBy=none
[REPLAY] step=15880 loss=3.5236 pLoss=2.7129 vLoss=0.8083 pEnt=2.860 pIllM=0.0024 playedP=0.174 pW=0.47 pD=0.07 pL=0.46 vAbs=0.250 pLogitMean=-7.3747 vLogitMean=0.5522 gNorm=0.264 lr=0.001 ms=2918.4 buf=500000 plies=135745564 games=2052297 rejected=0 skipped=0 epoch=0 mom=0.9499 lrCyc[pk=9.9e-01,tr=9.9e-04] gNormMax=0.2786 clips=0 gCap=0.7578 trainerStep=15880
[LAYER-HEALTH] live trainerStep=15880 scope=batch_norm_state_only reluSites=0/10 dead=n/a off=n/a alwaysOn=n/a (no relu/leaky_relu BN sites) rvMaxOverMedian=38.4@blocks.2.bn1[31] rvOver10xMedian=8 rezero=none nonFinite=0 parkedSites=9/10 parkedCh=1040 parked=0 parkedOff=0 parkedBy=none
[REPLAY] step=15960 loss=3.5246 pLoss=2.7336 vLoss=0.7882 pEnt=2.870 pIllM=0.0027 playedP=0.173 pW=0.47 pD=0.07 pL=0.46 vAbs=0.245 pLogitMean=-7.3774 vLogitMean=0.5570 gNorm=0.250 lr=0.000994 ms=3021.5 buf=500000 plies=136428201 games=2062617 rejected=0 skipped=0 epoch=0 mom=0.9500 lrCyc[pk=9.9e-01,tr=9.9e-04] gNormMax=0.2730 clips=0 gCap=0.7579 trainerStep=15960
[LAYER-HEALTH] live trainerStep=15960 scope=batch_norm_state_only reluSites=0/10 dead=n/a off=n/a alwaysOn=n/a (no relu/leaky_relu BN sites) rvMaxOverMedian=38.4@blocks.2.bn1[31] rvOver10xMedian=8 rezero=none nonFinite=0 parkedSites=9/10 parkedCh=1040 parked=0 parkedOff=0 parkedBy=none
[REPLAY] step=16000 loss=3.4986 pLoss=2.6876 vLoss=0.8087 pEnt=2.865 pIllM=0.0023 playedP=0.175 pW=0.47 pD=0.07 pL=0.46 vAbs=0.248 pLogitMean=-7.3761 vLogitMean=0.5566 gNorm=0.262 lr=0.000993 ms=3319.0 buf=500000 plies=136769555 games=2067758 rejected=0 skipped=0 epoch=0 mom=0.9500 lrCyc[pk=9.9e-01,tr=9.9e-04] gNormMax=0.2746 clips=0 gCap=0.7580 trainerStep=16000
[LAYER-HEALTH] live trainerStep=16000 scope=batch_norm_state_only reluSites=0/10 dead=n/a off=n/a alwaysOn=n/a (no relu/leaky_relu BN sites) rvMaxOverMedian=38.4@blocks.2.bn1[31] rvOver10xMedian=8 rezero=none nonFinite=0 parkedSites=9/10 parkedCh=1040 parked=0 parkedOff=0 parkedBy=none
[ALARM] health active rule=policy_offset_drift severity=warning since=1150 trainerStep=16000 value=medianAbs=7.3773
[HEALTH] check trainerStep=16000 generation=0 evaluations=21 live=20 checkpoint=1 stale=0 truncated=0 cost_ms=16.1 train_ms=2337868.1 liveReadFailed=0 lossMaxRatio=1.02 lossMedianRatio=1.00 gradMaxRatio=1.31 rvRiseMax=1.03 rvOutliers=8/8 nodata=none active=policy_offset_drift:warning
[REPLAY] saved trainer model (autosave) step=16000 trainerStep=16000 nextGame=2067758 shard=4 epoch=0 -> 20261008-lrBsiluall-relcap-replay-latest.safetensors
[LAYER-HEALTH] checkpoint replay-autosave step=16000 trainerStep=16000 scope=all_tensors reluSites=0/10 dead=n/a off=n/a alwaysOn=n/a (no relu/leaky_relu BN sites) rvMaxOverMedian=38.4@blocks.2.bn1[31] rvOver10xMedian=8 rezero=none nonFinite=0 parkedSites=9/10 parkedCh=1040 parked=0 parkedOff=0 parkedBy=none seZeroVel=none valueFC1ZeroVel=0/128 maxAbs=18.39@blocks.1.bn2.running_var
[LAYER-HEALTH]   batch-norm sites — β/|γ|: dead < -3.00, mostly off < -2.00, always on > +3.00; classified for relu/leaky_relu only
[LAYER-HEALTH]     site            act            ch   dead    off     on  zeroγ nonfin  min β/|γ| [ch]     max β/|γ| [ch]     rv max/median [ch]  rv≥10x
[LAYER-HEALTH]     stem.bn         -             128    n/a    n/a    n/a      0      0     -0.59 [97]         +0.26 [15]            2.8 [43]           0
[LAYER-HEALTH]     blocks.0.bn1    silu          128    n/a    n/a    n/a      0      0     -0.56 [21]         +0.14 [64]            2.8 [43]           0
[LAYER-HEALTH]     blocks.0.bn2    silu          128    n/a    n/a    n/a      0      0     -1.03 [109]        +2.95 [49]            6.5 [96]           0
[LAYER-HEALTH]     blocks.1.bn1    silu          128    n/a    n/a    n/a      0      0     -1.20 [17]         +0.07 [31]           26.7 [31]           4
[LAYER-HEALTH]     blocks.1.bn2    silu          128    n/a    n/a    n/a      0      0     -1.16 [30]         -0.09 [101]          11.4 [32]           1
[LAYER-HEALTH]     blocks.2.bn1    silu          128    n/a    n/a    n/a      0      0     -1.61 [17]         +1.13 [31]           38.4 [31]           3
[LAYER-HEALTH]     blocks.2.bn2    silu          128    n/a    n/a    n/a      0      0     -1.42 [85]         -0.05 [105]           3.7 [26]           0
[LAYER-HEALTH]     tower_final_bn  silu          128    n/a    n/a    n/a      0      0     -0.51 [83]         +0.87 [111]           7.9 [31]           0
[LAYER-HEALTH]     policy.pre_bn   silu          128    n/a    n/a    n/a      0      0     -0.87 [26]         +2.00 [22]            2.7 [108]          0
[LAYER-HEALTH]     value.bn        silu           16    n/a    n/a    n/a      0      0     -1.00 [8]          +0.25 [6]             2.2 [6]            0
[LAYER-HEALTH]   parked channels — every activation: pass-through P = E|f'(γz+β)|, z ~ N(0,1); parked when P above its floor < 0.00135 of the range (Φ(-3)), mostly off < 0.02275 (Φ(-2)); equals dead / off for relu/leaky_relu
[LAYER-HEALTH]     site            act            ch parked    off       min P   median P
[LAYER-HEALTH]     blocks.0.bn1    silu          128      0      0    0.342868   0.464403
[LAYER-HEALTH]     blocks.0.bn2    silu          128      0      0    0.208265   0.424769
[LAYER-HEALTH]     blocks.1.bn1    silu          128      0      0    0.177407   0.371986
[LAYER-HEALTH]     blocks.1.bn2    silu          128      0      0    0.191854   0.353637
[LAYER-HEALTH]     blocks.2.bn1    silu          128      0      0    0.112761   0.330708
[LAYER-HEALTH]     blocks.2.bn2    silu          128      0      0    0.151929   0.374649
[LAYER-HEALTH]     tower_final_bn  silu          128      0      0    0.352782   0.533190
[LAYER-HEALTH]     policy.pre_bn   silu          128      0      0    0.260729   0.530680
[LAYER-HEALTH]     value.bn        silu           16      0      0    0.224631   0.309524
[LAYER-HEALTH]   FC hidden-unit velocity — zero: every weight-velocity entry exactly 0; low: nonzero but < 5% of the layer's p90 unit norm
[LAYER-HEALTH]     value.fc1.weight  silu  units 128  zero 0  low 0  median unit norm 0.008998
[LAYER-HEALTH]     (no SE blocks)
[LAYER-HEALTH]   ReZero: none
[LAYER-HEALTH]   non-finite: 0 values in 0 of 102 tensors (10263038 values examined)
[LAYER-HEALTH]   largest |value|: blocks.1.bn2.running_var 18.39, blocks.2.bn1.running_var 16.1, blocks.0.bn2.running_var 12.82, blocks.1.bn1.running_var 10.61, blocks.2.bn2.running_var 7.451
[REPLAY] enumerated checkpoint -> 20261008-lrBsiluall-relcap-replay-step16000.safetensors
[REPLAY] step=16080 loss=3.4955 pLoss=2.6824 vLoss=0.8106 pEnt=2.861 pIllM=0.0024 playedP=0.177 pW=0.47 pD=0.07 pL=0.47 vAbs=0.245 pLogitMean=-7.3777 vLogitMean=0.5575 gNorm=0.270 lr=0.000997 ms=3520.2 buf=500000 plies=137452190 games=2078046 rejected=0 skipped=0 epoch=0 mom=0.9499 lrCyc[pk=9.9e-01,tr=9.9e-04] gNormMax=0.2754 clips=0 gCap=0.7584 trainerStep=16080
[LAYER-HEALTH] live trainerStep=16080 scope=batch_norm_state_only reluSites=0/10 dead=n/a off=n/a alwaysOn=n/a (no relu/leaky_relu BN sites) rvMaxOverMedian=38.4@blocks.2.bn1[31] rvOver10xMedian=8 rezero=none nonFinite=0 parkedSites=9/10 parkedCh=1040 parked=0 parkedOff=0 parkedBy=none
[REPLAY] step=16160 loss=3.4966 pLoss=2.6879 vLoss=0.8060 pEnt=2.854 pIllM=0.0026 playedP=0.179 pW=0.47 pD=0.07 pL=0.46 vAbs=0.246 pLogitMean=-7.3782 vLogitMean=0.5582 gNorm=0.247 lr=0.00101 ms=3008.6 buf=500000 plies=138134818 games=2088359 rejected=0 skipped=0 epoch=0 mom=0.9497 lrCyc[pk=9.9e-01,tr=9.9e-04] gNormMax=0.2825 clips=0 gCap=0.7580 trainerStep=16160
[LAYER-HEALTH] live trainerStep=16160 scope=batch_norm_state_only reluSites=0/10 dead=n/a off=n/a alwaysOn=n/a (no relu/leaky_relu BN sites) rvMaxOverMedian=38.5@blocks.2.bn1[31] rvOver10xMedian=8 rezero=none nonFinite=0 parkedSites=9/10 parkedCh=1040 parked=0 parkedOff=0 parkedBy=none
[REPLAY] step=16240 loss=3.5337 pLoss=2.7246 vLoss=0.8065 pEnt=2.868 pIllM=0.0026 playedP=0.172 pW=0.47 pD=0.07 pL=0.46 vAbs=0.243 pLogitMean=-7.3783 vLogitMean=0.5583 gNorm=0.248 lr=0.00103 ms=3582.4 buf=500000 plies=138817453 games=2098646 rejected=0 skipped=0 epoch=0 mom=0.9494 lrCyc[pk=9.9e-01,tr=9.9e-04] gNormMax=0.2726 clips=0 gCap=0.7578 trainerStep=16240
[LAYER-HEALTH] live trainerStep=16240 scope=batch_norm_state_only reluSites=0/10 dead=n/a off=n/a alwaysOn=n/a (no relu/leaky_relu BN sites) rvMaxOverMedian=38.5@blocks.2.bn1[31] rvOver10xMedian=8 rezero=none nonFinite=0 parkedSites=9/10 parkedCh=1040 parked=0 parkedOff=0 parkedBy=none
[REPLAY] step=16320 loss=3.5164 pLoss=2.7086 vLoss=0.8054 pEnt=2.855 pIllM=0.0024 playedP=0.175 pW=0.47 pD=0.07 pL=0.46 vAbs=0.245 pLogitMean=-7.3785 vLogitMean=0.5569 gNorm=0.257 lr=0.00106 ms=3138.5 buf=500000 plies=139500206 games=2108866 rejected=0 skipped=0 epoch=0 mom=0.9490 lrCyc[pk=9.9e-01,tr=9.9e-04] gNormMax=0.2830 clips=0 gCap=0.7585 trainerStep=16320
[LAYER-HEALTH] live trainerStep=16320 scope=batch_norm_state_only reluSites=0/10 dead=n/a off=n/a alwaysOn=n/a (no relu/leaky_relu BN sites) rvMaxOverMedian=38.5@blocks.2.bn1[31] rvOver10xMedian=8 rezero=none nonFinite=0 parkedSites=9/10 parkedCh=1040 parked=0 parkedOff=0 parkedBy=none
[REPLAY] step=16400 loss=3.4953 pLoss=2.6900 vLoss=0.8026 pEnt=2.833 pIllM=0.0027 playedP=0.178 pW=0.47 pD=0.07 pL=0.46 vAbs=0.250 pLogitMean=-7.3783 vLogitMean=0.5569 gNorm=0.253 lr=0.00111 ms=3214.6 buf=500000 plies=140182752 games=2119142 rejected=0 skipped=0 epoch=0 mom=0.9484 lrCyc[pk=9.9e-01,tr=9.9e-04] gNormMax=0.2821 clips=0 gCap=0.7588 trainerStep=16400
[LAYER-HEALTH] live trainerStep=16400 scope=batch_norm_state_only reluSites=0/10 dead=n/a off=n/a alwaysOn=n/a (no relu/leaky_relu BN sites) rvMaxOverMedian=38.5@blocks.2.bn1[31] rvOver10xMedian=8 rezero=none nonFinite=0 parkedSites=9/10 parkedCh=1040 parked=0 parkedOff=0 parkedBy=none
[REPLAY] step=16480 loss=3.5191 pLoss=2.7171 vLoss=0.7996 pEnt=2.855 pIllM=0.0024 playedP=0.176 pW=0.47 pD=0.07 pL=0.46 vAbs=0.247 pLogitMean=-7.3777 vLogitMean=0.5557 gNorm=0.253 lr=0.00116 ms=2744.4 buf=500000 plies=140865405 games=2129380 rejected=0 skipped=0 epoch=0 mom=0.9477 lrCyc[pk=9.9e-01,tr=9.9e-04] gNormMax=0.2871 clips=0 gCap=0.7588 trainerStep=16480
[LAYER-HEALTH] live trainerStep=16480 scope=batch_norm_state_only reluSites=0/10 dead=n/a off=n/a alwaysOn=n/a (no relu/leaky_relu BN sites) rvMaxOverMedian=38.5@blocks.2.bn1[31] rvOver10xMedian=8 rezero=none nonFinite=0 parkedSites=9/10 parkedCh=1040 parked=0 parkedOff=0 parkedBy=none
[REPLAY] step=16560 loss=3.5134 pLoss=2.6921 vLoss=0.8190 pEnt=2.860 pIllM=0.0023 playedP=0.175 pW=0.47 pD=0.07 pL=0.46 vAbs=0.239 pLogitMean=-7.3789 vLogitMean=0.5549 gNorm=0.265 lr=0.00123 ms=3042.1 buf=500000 plies=141548000 games=2139635 rejected=0 skipped=0 epoch=0 mom=0.9469 lrCyc[pk=9.9e-01,tr=9.9e-04] gNormMax=0.3034 clips=0 gCap=0.7603 trainerStep=16560
[LAYER-HEALTH] live trainerStep=16560 scope=batch_norm_state_only reluSites=0/10 dead=n/a off=n/a alwaysOn=n/a (no relu/leaky_relu BN sites) rvMaxOverMedian=38.4@blocks.2.bn1[31] rvOver10xMedian=8 rezero=none nonFinite=0 parkedSites=9/10 parkedCh=1040 parked=0 parkedOff=0 parkedBy=none
[REPLAY] step=16640 loss=3.5064 pLoss=2.6850 vLoss=0.8190 pEnt=2.858 pIllM=0.0023 playedP=0.175 pW=0.47 pD=0.07 pL=0.46 vAbs=0.235 pLogitMean=-7.3792 vLogitMean=0.5529 gNorm=0.258 lr=0.00131 ms=3022.7 buf=500000 plies=142230659 games=2149925 rejected=0 skipped=0 epoch=0 mom=0.9460 lrCyc[pk=9.9e-01,tr=9.9e-04] gNormMax=0.2752 clips=0 gCap=0.7611 trainerStep=16640
[LAYER-HEALTH] live trainerStep=16640 scope=batch_norm_state_only reluSites=0/10 dead=n/a off=n/a alwaysOn=n/a (no relu/leaky_relu BN sites) rvMaxOverMedian=38.4@blocks.2.bn1[31] rvOver10xMedian=8 rezero=none nonFinite=0 parkedSites=9/10 parkedCh=1040 parked=0 parkedOff=0 parkedBy=none
[REPLAY] step=16720 loss=3.5156 pLoss=2.7046 vLoss=0.8088 pEnt=2.854 pIllM=0.0022 playedP=0.176 pW=0.47 pD=0.07 pL=0.46 vAbs=0.233 pLogitMean=-7.3791 vLogitMean=0.5528 gNorm=0.240 lr=0.0014 ms=2781.8 buf=500000 plies=142913297 games=2160233 rejected=0 skipped=0 epoch=0 mom=0.9450 lrCyc[pk=9.9e-01,tr=9.9e-04] gNormMax=0.2791 clips=0 gCap=0.7611 trainerStep=16720
[LAYER-HEALTH] live trainerStep=16720 scope=batch_norm_state_only reluSites=0/10 dead=n/a off=n/a alwaysOn=n/a (no relu/leaky_relu BN sites) rvMaxOverMedian=38.5@blocks.2.bn1[31] rvOver10xMedian=8 rezero=none nonFinite=0 parkedSites=9/10 parkedCh=1040 parked=0 parkedOff=0 parkedBy=none
[REPLAY] step=16800 loss=3.5332 pLoss=2.7237 vLoss=0.8073 pEnt=2.858 pIllM=0.0023 playedP=0.174 pW=0.47 pD=0.07 pL=0.46 vAbs=0.238 pLogitMean=-7.3796 vLogitMean=0.5569 gNorm=0.251 lr=0.00152 ms=2687.2 buf=500000 plies=143595948 games=2170404 rejected=0 skipped=0 epoch=0 mom=0.9438 lrCyc[pk=9.9e-01,tr=9.9e-04] gNormMax=0.3036 clips=0 gCap=0.7604 trainerStep=16800
[LAYER-HEALTH] live trainerStep=16800 scope=batch_norm_state_only reluSites=0/10 dead=n/a off=n/a alwaysOn=n/a (no relu/leaky_relu BN sites) rvMaxOverMedian=38.5@blocks.2.bn1[31] rvOver10xMedian=8 rezero=none nonFinite=0 parkedSites=9/10 parkedCh=1040 parked=0 parkedOff=0 parkedBy=none
[REPLAY] step=16880 loss=3.5258 pLoss=2.7128 vLoss=0.8105 pEnt=2.868 pIllM=0.0026 playedP=0.174 pW=0.47 pD=0.07 pL=0.46 vAbs=0.240 pLogitMean=-7.3801 vLogitMean=0.5584 gNorm=0.244 lr=0.00166 ms=3229.5 buf=500000 plies=144278590 games=2180606 rejected=0 skipped=0 epoch=0 mom=0.9426 lrCyc[pk=9.9e-01,tr=9.9e-04] gNormMax=0.2802 clips=0 gCap=0.7611 trainerStep=16880
[LAYER-HEALTH] live trainerStep=16880 scope=batch_norm_state_only reluSites=0/10 dead=n/a off=n/a alwaysOn=n/a (no relu/leaky_relu BN sites) rvMaxOverMedian=38.5@blocks.2.bn1[31] rvOver10xMedian=8 rezero=none nonFinite=0 parkedSites=9/10 parkedCh=1040 parked=0 parkedOff=0 parkedBy=none
[REPLAY] step=16960 loss=3.5447 pLoss=2.7210 vLoss=0.8211 pEnt=2.861 pIllM=0.0025 playedP=0.175 pW=0.47 pD=0.07 pL=0.46 vAbs=0.236 pLogitMean=-7.3797 vLogitMean=0.5573 gNorm=0.269 lr=0.00182 ms=3102.2 buf=500000 plies=144961226 games=2190838 rejected=0 skipped=0 epoch=0 mom=0.9412 lrCyc[pk=9.9e-01,tr=9.9e-04] gNormMax=0.2731 clips=0 gCap=0.7614 trainerStep=16960
[LAYER-HEALTH] live trainerStep=16960 scope=batch_norm_state_only reluSites=0/10 dead=n/a off=n/a alwaysOn=n/a (no relu/leaky_relu BN sites) rvMaxOverMedian=38.5@blocks.2.bn1[31] rvOver10xMedian=8 rezero=none nonFinite=0 parkedSites=9/10 parkedCh=1040 parked=0 parkedOff=0 parkedBy=none
[REPLAY] step=17000 loss=3.5241 pLoss=2.7075 vLoss=0.8144 pEnt=2.852 pIllM=0.0022 playedP=0.177 pW=0.47 pD=0.07 pL=0.46 vAbs=0.230 pLogitMean=-7.3793 vLogitMean=0.5586 gNorm=0.250 lr=0.00192 ms=3259.7 buf=500000 plies=145302525 games=2195983 rejected=0 skipped=0 epoch=0 mom=0.9405 lrCyc[pk=9.9e-01,tr=9.9e-04] gNormMax=0.2771 clips=0 gCap=0.7615 trainerStep=17000
[LAYER-HEALTH] live trainerStep=17000 scope=batch_norm_state_only reluSites=0/10 dead=n/a off=n/a alwaysOn=n/a (no relu/leaky_relu BN sites) rvMaxOverMedian=38.5@blocks.2.bn1[31] rvOver10xMedian=8 rezero=none nonFinite=0 parkedSites=9/10 parkedCh=1040 parked=0 parkedOff=0 parkedBy=none
[ALARM] health active rule=policy_offset_drift severity=warning since=1150 trainerStep=17000 value=medianAbs=7.3797
[HEALTH] check trainerStep=17000 generation=0 evaluations=21 live=20 checkpoint=1 stale=0 truncated=0 cost_ms=73.5 train_ms=2340018.3 liveReadFailed=0 lossMaxRatio=1.02 lossMedianRatio=1.00 gradMaxRatio=1.20 rvRiseMax=1.02 rvOutliers=8/8 nodata=none active=policy_offset_drift:warning
[REPLAY] saved trainer model (autosave) step=17000 trainerStep=17000 nextGame=2195983 shard=4 epoch=0 -> 20261008-lrBsiluall-relcap-replay-latest.safetensors
[LAYER-HEALTH] checkpoint replay-autosave step=17000 trainerStep=17000 scope=all_tensors reluSites=0/10 dead=n/a off=n/a alwaysOn=n/a (no relu/leaky_relu BN sites) rvMaxOverMedian=38.5@blocks.2.bn1[31] rvOver10xMedian=8 rezero=none nonFinite=0 parkedSites=9/10 parkedCh=1040 parked=0 parkedOff=0 parkedBy=none seZeroVel=none valueFC1ZeroVel=0/128 maxAbs=18.27@blocks.1.bn2.running_var
[LAYER-HEALTH]   batch-norm sites — β/|γ|: dead < -3.00, mostly off < -2.00, always on > +3.00; classified for relu/leaky_relu only
[LAYER-HEALTH]     site            act            ch   dead    off     on  zeroγ nonfin  min β/|γ| [ch]     max β/|γ| [ch]     rv max/median [ch]  rv≥10x
[LAYER-HEALTH]     stem.bn         -             128    n/a    n/a    n/a      0      0     -0.59 [97]         +0.26 [15]            2.8 [43]           0
[LAYER-HEALTH]     blocks.0.bn1    silu          128    n/a    n/a    n/a      0      0     -0.56 [21]         +0.14 [64]            2.8 [43]           0
[LAYER-HEALTH]     blocks.0.bn2    silu          128    n/a    n/a    n/a      0      0     -1.03 [109]        +2.94 [49]            6.5 [96]           0
[LAYER-HEALTH]     blocks.1.bn1    silu          128    n/a    n/a    n/a      0      0     -1.20 [17]         +0.07 [31]           26.5 [31]           4
[LAYER-HEALTH]     blocks.1.bn2    silu          128    n/a    n/a    n/a      0      0     -1.16 [30]         -0.08 [101]          11.3 [32]           1
[LAYER-HEALTH]     blocks.2.bn1    silu          128    n/a    n/a    n/a      0      0     -1.62 [17]         +1.13 [31]           38.5 [31]           3
[LAYER-HEALTH]     blocks.2.bn2    silu          128    n/a    n/a    n/a      0      0     -1.42 [85]         -0.04 [105]           3.7 [26]           0
[LAYER-HEALTH]     tower_final_bn  silu          128    n/a    n/a    n/a      0      0     -0.51 [83]         +0.87 [111]           7.9 [31]           0
[LAYER-HEALTH]     policy.pre_bn   silu          128    n/a    n/a    n/a      0      0     -0.87 [26]         +2.00 [22]            2.7 [108]          0
[LAYER-HEALTH]     value.bn        silu           16    n/a    n/a    n/a      0      0     -1.00 [8]          +0.25 [6]             2.2 [6]            0
[LAYER-HEALTH]   parked channels — every activation: pass-through P = E|f'(γz+β)|, z ~ N(0,1); parked when P above its floor < 0.00135 of the range (Φ(-3)), mostly off < 0.02275 (Φ(-2)); equals dead / off for relu/leaky_relu
[LAYER-HEALTH]     site            act            ch parked    off       min P   median P
[LAYER-HEALTH]     blocks.0.bn1    silu          128      0      0    0.342785   0.464404
[LAYER-HEALTH]     blocks.0.bn2    silu          128      0      0    0.208327   0.424842
[LAYER-HEALTH]     blocks.1.bn1    silu          128      0      0    0.177615   0.371916
[LAYER-HEALTH]     blocks.1.bn2    silu          128      0      0    0.191887   0.353713
[LAYER-HEALTH]     blocks.2.bn1    silu          128      0      0    0.112575   0.330686
[LAYER-HEALTH]     blocks.2.bn2    silu          128      0      0    0.152025   0.374660
[LAYER-HEALTH]     tower_final_bn  silu          128      0      0    0.352788   0.533222
[LAYER-HEALTH]     policy.pre_bn   silu          128      0      0    0.261068   0.530758
[LAYER-HEALTH]     value.bn        silu           16      0      0    0.224449   0.309345
[LAYER-HEALTH]   FC hidden-unit velocity — zero: every weight-velocity entry exactly 0; low: nonzero but < 5% of the layer's p90 unit norm
[LAYER-HEALTH]     value.fc1.weight  silu  units 128  zero 0  low 1  median unit norm 0.008074
[LAYER-HEALTH]     (no SE blocks)
[LAYER-HEALTH]   ReZero: none
[LAYER-HEALTH]   non-finite: 0 values in 0 of 102 tensors (10263038 values examined)
[LAYER-HEALTH]   largest |value|: blocks.1.bn2.running_var 18.27, blocks.2.bn1.running_var 16.09, blocks.0.bn2.running_var 12.68, blocks.1.bn1.running_var 10.62, blocks.2.bn2.running_var 7.465
[REPLAY] enumerated checkpoint -> 20261008-lrBsiluall-relcap-replay-step17000.safetensors
[REPLAY] step=17080 loss=3.5257 pLoss=2.7028 vLoss=0.8207 pEnt=2.848 pIllM=0.0022 playedP=0.176 pW=0.47 pD=0.07 pL=0.46 vAbs=0.243 pLogitMean=-7.3798 vLogitMean=0.5552 gNorm=0.261 lr=0.00213 ms=2810.3 buf=500000 plies=145985255 games=2206174 rejected=0 skipped=0 epoch=0 mom=0.9389 lrCyc[pk=9.9e-01,tr=9.9e-04] gNormMax=0.2746 clips=0 gCap=0.7616 trainerStep=17080
[LAYER-HEALTH] live trainerStep=17080 scope=batch_norm_state_only reluSites=0/10 dead=n/a off=n/a alwaysOn=n/a (no relu/leaky_relu BN sites) rvMaxOverMedian=38.5@blocks.2.bn1[31] rvOver10xMedian=8 rezero=none nonFinite=0 parkedSites=9/10 parkedCh=1040 parked=0 parkedOff=0 parkedBy=none
[REPLAY] step=17160 loss=3.5385 pLoss=2.7295 vLoss=0.8067 pEnt=2.851 pIllM=0.0023 playedP=0.176 pW=0.47 pD=0.07 pL=0.46 vAbs=0.236 pLogitMean=-7.3823 vLogitMean=0.5550 gNorm=0.258 lr=0.00238 ms=3036.1 buf=500000 plies=146667868 games=2216382 rejected=0 skipped=0 epoch=0 mom=0.9373 lrCyc[pk=9.9e-01,tr=9.9e-04] gNormMax=0.2928 clips=0 gCap=0.7625 trainerStep=17160
[LAYER-HEALTH] live trainerStep=17160 scope=batch_norm_state_only reluSites=0/10 dead=n/a off=n/a alwaysOn=n/a (no relu/leaky_relu BN sites) rvMaxOverMedian=38.5@blocks.2.bn1[31] rvOver10xMedian=8 rezero=none nonFinite=0 parkedSites=9/10 parkedCh=1040 parked=0 parkedOff=0 parkedBy=none
[REPLAY] step=17240 loss=3.5216 pLoss=2.7111 vLoss=0.8082 pEnt=2.863 pIllM=0.0024 playedP=0.176 pW=0.47 pD=0.07 pL=0.46 vAbs=0.238 pLogitMean=-7.3814 vLogitMean=0.5568 gNorm=0.260 lr=0.00269 ms=2771.2 buf=500000 plies=147350458 games=2226665 rejected=0 skipped=0 epoch=0 mom=0.9356 lrCyc[pk=9.9e-01,tr=9.9e-04] gNormMax=0.2766 clips=0 gCap=0.7627 trainerStep=17240
[LAYER-HEALTH] live trainerStep=17240 scope=batch_norm_state_only reluSites=0/10 dead=n/a off=n/a alwaysOn=n/a (no relu/leaky_relu BN sites) rvMaxOverMedian=38.7@blocks.2.bn1[31] rvOver10xMedian=8 rezero=none nonFinite=0 parkedSites=9/10 parkedCh=1040 parked=0 parkedOff=0 parkedBy=none
[REPLAY] step=17320 loss=3.4994 pLoss=2.6983 vLoss=0.7985 pEnt=2.874 pIllM=0.0027 playedP=0.174 pW=0.47 pD=0.06 pL=0.46 vAbs=0.239 pLogitMean=-7.3823 vLogitMean=0.5549 gNorm=0.272 lr=0.00304 ms=2981.8 buf=500000 plies=148033083 games=2236909 rejected=0 skipped=0 epoch=0 mom=0.9338 lrCyc[pk=9.9e-01,tr=9.9e-04] gNormMax=0.2993 clips=0 gCap=0.7631 trainerStep=17320
[LAYER-HEALTH] live trainerStep=17320 scope=batch_norm_state_only reluSites=0/10 dead=n/a off=n/a alwaysOn=n/a (no relu/leaky_relu BN sites) rvMaxOverMedian=38.7@blocks.2.bn1[31] rvOver10xMedian=8 rezero=none nonFinite=0 parkedSites=9/10 parkedCh=1040 parked=0 parkedOff=0 parkedBy=none
[REPLAY] step=17400 loss=3.5270 pLoss=2.7186 vLoss=0.8060 pEnt=2.868 pIllM=0.0024 playedP=0.173 pW=0.47 pD=0.07 pL=0.46 vAbs=0.243 pLogitMean=-7.3808 vLogitMean=0.5564 gNorm=0.240 lr=0.00347 ms=2994.9 buf=500000 plies=148715767 games=2247164 rejected=0 skipped=0 epoch=0 mom=0.9319 lrCyc[pk=9.9e-01,tr=9.9e-04] gNormMax=0.2787 clips=0 gCap=0.7626 trainerStep=17400
[LAYER-HEALTH] live trainerStep=17400 scope=batch_norm_state_only reluSites=0/10 dead=n/a off=n/a alwaysOn=n/a (no relu/leaky_relu BN sites) rvMaxOverMedian=38.8@blocks.2.bn1[31] rvOver10xMedian=8 rezero=none nonFinite=0 parkedSites=9/10 parkedCh=1040 parked=0 parkedOff=0 parkedBy=none
[REPLAY] step=17480 loss=3.5160 pLoss=2.7129 vLoss=0.8007 pEnt=2.876 pIllM=0.0024 playedP=0.171 pW=0.47 pD=0.07 pL=0.46 vAbs=0.241 pLogitMean=-7.3831 vLogitMean=0.5572 gNorm=0.251 lr=0.00397 ms=2173.8 buf=500000 plies=149398409 games=2257369 rejected=0 skipped=0 epoch=0 mom=0.9299 lrCyc[pk=9.8e-01,tr=9.9e-04] gNormMax=0.2739 clips=0 gCap=0.7632 trainerStep=17480
[LAYER-HEALTH] live trainerStep=17480 scope=batch_norm_state_only reluSites=0/10 dead=n/a off=n/a alwaysOn=n/a (no relu/leaky_relu BN sites) rvMaxOverMedian=38.8@blocks.2.bn1[31] rvOver10xMedian=8 rezero=none nonFinite=0 parkedSites=9/10 parkedCh=1040 parked=0 parkedOff=0 parkedBy=none
[REPLAY] step=17560 loss=3.5309 pLoss=2.7089 vLoss=0.8196 pEnt=2.862 pIllM=0.0024 playedP=0.171 pW=0.46 pD=0.07 pL=0.46 vAbs=0.231 pLogitMean=-7.3809 vLogitMean=0.5585 gNorm=0.252 lr=0.00458 ms=3475.5 buf=500000 plies=150081048 games=2267643 rejected=0 skipped=0 epoch=0 mom=0.9279 lrCyc[pk=9.8e-01,tr=9.9e-04] gNormMax=0.2759 clips=0 gCap=0.7634 trainerStep=17560
[LAYER-HEALTH] live trainerStep=17560 scope=batch_norm_state_only reluSites=0/10 dead=n/a off=n/a alwaysOn=n/a (no relu/leaky_relu BN sites) rvMaxOverMedian=38.5@blocks.2.bn1[31] rvOver10xMedian=8 rezero=none nonFinite=0 parkedSites=9/10 parkedCh=1040 parked=0 parkedOff=0 parkedBy=none
[REPLAY] step=17630 loss=3.5123 pLoss=2.7144 vLoss=0.7955 pEnt=2.853 pIllM=0.0023 playedP=0.175 pW=0.47 pD=0.07 pL=0.46 vAbs=0.244 pLogitMean=-7.3823 vLogitMean=0.5558 gNorm=0.264 lr=0.0052 ms=2938.4 buf=500000 plies=150678356 games=2276626 rejected=0 skipped=0 epoch=0 mom=0.9260 lrCyc[pk=9.8e-01,tr=9.9e-04] gNormMax=0.2858 clips=0 gCap=0.7637 trainerStep=17630
[LAYER-HEALTH] live trainerStep=17630 scope=batch_norm_state_only reluSites=0/10 dead=n/a off=n/a alwaysOn=n/a (no relu/leaky_relu BN sites) rvMaxOverMedian=38.5@blocks.2.bn1[31] rvOver10xMedian=8 rezero=none nonFinite=0 parkedSites=9/10 parkedCh=1040 parked=0 parkedOff=0 parkedBy=none
[REPLAY] step=17710 loss=3.4909 pLoss=2.6949 vLoss=0.7938 pEnt=2.867 pIllM=0.0022 playedP=0.174 pW=0.47 pD=0.07 pL=0.46 vAbs=0.246 pLogitMean=-7.3828 vLogitMean=0.5586 gNorm=0.269 lr=0.00605 ms=2853.2 buf=500000 plies=151360965 games=2286865 rejected=0 skipped=0 epoch=0 mom=0.9238 lrCyc[pk=9.8e-01,tr=9.9e-04] gNormMax=0.2829 clips=0 gCap=0.7649 trainerStep=17710
[LAYER-HEALTH] live trainerStep=17710 scope=batch_norm_state_only reluSites=0/10 dead=n/a off=n/a alwaysOn=n/a (no relu/leaky_relu BN sites) rvMaxOverMedian=38.5@blocks.2.bn1[31] rvOver10xMedian=8 rezero=none nonFinite=0 parkedSites=9/10 parkedCh=1040 parked=0 parkedOff=0 parkedBy=none
[REPLAY] step=17790 loss=3.5519 pLoss=2.7313 vLoss=0.8183 pEnt=2.872 pIllM=0.0024 playedP=0.175 pW=0.48 pD=0.07 pL=0.46 vAbs=0.233 pLogitMean=-7.3835 vLogitMean=0.5535 gNorm=0.245 lr=0.00706 ms=3502.7 buf=500000 plies=152043646 games=2297145 rejected=0 skipped=0 epoch=0 mom=0.9216 lrCyc[pk=9.8e-01,tr=9.9e-04] gNormMax=0.2794 clips=0 gCap=0.7662 trainerStep=17790
[LAYER-HEALTH] live trainerStep=17790 scope=batch_norm_state_only reluSites=0/10 dead=n/a off=n/a alwaysOn=n/a (no relu/leaky_relu BN sites) rvMaxOverMedian=38.6@blocks.2.bn1[31] rvOver10xMedian=8 rezero=none nonFinite=0 parkedSites=9/10 parkedCh=1040 parked=0 parkedOff=0 parkedBy=none
[REPLAY] step=17860 loss=3.5169 pLoss=2.6950 vLoss=0.8198 pEnt=2.845 pIllM=0.0021 playedP=0.179 pW=0.47 pD=0.07 pL=0.46 vAbs=0.239 pLogitMean=-7.3801 vLogitMean=0.5539 gNorm=0.265 lr=0.0081 ms=2206.1 buf=500000 plies=152640941 games=2306099 rejected=0 skipped=0 epoch=0 mom=0.9196 lrCyc[pk=9.8e-01,tr=9.9e-04] gNormMax=0.2745 clips=0 gCap=0.7667 trainerStep=17860
[LAYER-HEALTH] live trainerStep=17860 scope=batch_norm_state_only reluSites=0/10 dead=n/a off=n/a alwaysOn=n/a (no relu/leaky_relu BN sites) rvMaxOverMedian=38.6@blocks.2.bn1[31] rvOver10xMedian=8 rezero=none nonFinite=0 parkedSites=9/10 parkedCh=1040 parked=0 parkedOff=0 parkedBy=none
[REPLAY] step=17940 loss=3.5460 pLoss=2.7318 vLoss=0.8119 pEnt=2.855 pIllM=0.0023 playedP=0.178 pW=0.47 pD=0.07 pL=0.46 vAbs=0.237 pLogitMean=-7.3819 vLogitMean=0.5562 gNorm=0.255 lr=0.00952 ms=3017.7 buf=500000 plies=153323540 games=2316339 rejected=0 skipped=0 epoch=0 mom=0.9173 lrCyc[pk=9.8e-01,tr=9.9e-04] gNormMax=0.2822 clips=0 gCap=0.7677 trainerStep=17940
[LAYER-HEALTH] live trainerStep=17940 scope=batch_norm_state_only reluSites=0/10 dead=n/a off=n/a alwaysOn=n/a (no relu/leaky_relu BN sites) rvMaxOverMedian=38.6@blocks.2.bn1[31] rvOver10xMedian=8 rezero=none nonFinite=0 parkedSites=9/10 parkedCh=1040 parked=0 parkedOff=0 parkedBy=none
[REPLAY] step=18000 loss=3.5396 pLoss=2.7289 vLoss=0.8086 pEnt=2.870 pIllM=0.0021 playedP=0.174 pW=0.47 pD=0.06 pL=0.46 vAbs=0.233 pLogitMean=-7.3826 vLogitMean=0.5564 gNorm=0.257 lr=0.0108 ms=3095.3 buf=500000 plies=153835550 games=2323995 rejected=0 skipped=0 epoch=0 mom=0.9155 lrCyc[pk=9.8e-01,tr=9.9e-04] gNormMax=0.2901 clips=0 gCap=0.7681 trainerStep=18000
[LAYER-HEALTH] live trainerStep=18000 scope=batch_norm_state_only reluSites=0/10 dead=n/a off=n/a alwaysOn=n/a (no relu/leaky_relu BN sites) rvMaxOverMedian=38.7@blocks.2.bn1[31] rvOver10xMedian=8 rezero=none nonFinite=0 parkedSites=9/10 parkedCh=1040 parked=0 parkedOff=0 parkedBy=none
[ALARM] health active rule=policy_offset_drift severity=warning since=1150 trainerStep=18000 value=medianAbs=7.3819
[HEALTH] check trainerStep=18000 generation=0 evaluations=21 live=20 checkpoint=1 stale=0 truncated=0 cost_ms=17.4 train_ms=2344905.1 liveReadFailed=0 lossMaxRatio=1.02 lossMedianRatio=1.00 gradMaxRatio=1.18 rvRiseMax=1.03 rvOutliers=8/8 nodata=none active=policy_offset_drift:warning
[REPLAY] saved trainer model (autosave) step=18000 trainerStep=18000 nextGame=2323995 shard=5 epoch=0 -> 20261008-lrBsiluall-relcap-replay-latest.safetensors
[LAYER-HEALTH] checkpoint replay-autosave step=18000 trainerStep=18000 scope=all_tensors reluSites=0/10 dead=n/a off=n/a alwaysOn=n/a (no relu/leaky_relu BN sites) rvMaxOverMedian=38.7@blocks.2.bn1[31] rvOver10xMedian=8 rezero=none nonFinite=0 parkedSites=9/10 parkedCh=1040 parked=0 parkedOff=0 parkedBy=none seZeroVel=none valueFC1ZeroVel=0/128 maxAbs=18.24@blocks.1.bn2.running_var
[LAYER-HEALTH]   batch-norm sites — β/|γ|: dead < -3.00, mostly off < -2.00, always on > +3.00; classified for relu/leaky_relu only
[LAYER-HEALTH]     site            act            ch   dead    off     on  zeroγ nonfin  min β/|γ| [ch]     max β/|γ| [ch]     rv max/median [ch]  rv≥10x
[LAYER-HEALTH]     stem.bn         -             128    n/a    n/a    n/a      0      0     -0.59 [97]         +0.26 [15]            2.7 [43]           0
[LAYER-HEALTH]     blocks.0.bn1    silu          128    n/a    n/a    n/a      0      0     -0.56 [21]         +0.14 [64]            2.8 [43]           0
[LAYER-HEALTH]     blocks.0.bn2    silu          128    n/a    n/a    n/a      0      0     -1.03 [109]        +2.97 [49]            6.2 [96]           0
[LAYER-HEALTH]     blocks.1.bn1    silu          128    n/a    n/a    n/a      0      0     -1.20 [17]         +0.07 [31]           27.0 [31]           4
[LAYER-HEALTH]     blocks.1.bn2    silu          128    n/a    n/a    n/a      0      0     -1.16 [30]         -0.08 [101]          11.3 [32]           1
[LAYER-HEALTH]     blocks.2.bn1    silu          128    n/a    n/a    n/a      0      0     -1.62 [17]         +1.14 [31]           38.7 [31]           3
[LAYER-HEALTH]     blocks.2.bn2    silu          128    n/a    n/a    n/a      0      0     -1.42 [85]         -0.04 [105]           3.7 [26]           0
[LAYER-HEALTH]     tower_final_bn  silu          128    n/a    n/a    n/a      0      0     -0.51 [83]         +0.87 [111]           8.0 [31]           0
[LAYER-HEALTH]     policy.pre_bn   silu          128    n/a    n/a    n/a      0      0     -0.86 [26]         +2.01 [22]            2.8 [108]          0
[LAYER-HEALTH]     value.bn        silu           16    n/a    n/a    n/a      0      0     -1.00 [8]          +0.25 [6]             2.2 [6]            0
[LAYER-HEALTH]   parked channels — every activation: pass-through P = E|f'(γz+β)|, z ~ N(0,1); parked when P above its floor < 0.00135 of the range (Φ(-3)), mostly off < 0.02275 (Φ(-2)); equals dead / off for relu/leaky_relu
[LAYER-HEALTH]     site            act            ch parked    off       min P   median P
[LAYER-HEALTH]     blocks.0.bn1    silu          128      0      0    0.342469   0.464527
[LAYER-HEALTH]     blocks.0.bn2    silu          128      0      0    0.208254   0.425115
[LAYER-HEALTH]     blocks.1.bn1    silu          128      0      0    0.177616   0.372112
[LAYER-HEALTH]     blocks.1.bn2    silu          128      0      0    0.191597   0.354203
[LAYER-HEALTH]     blocks.2.bn1    silu          128      0      0    0.112260   0.330870
[LAYER-HEALTH]     blocks.2.bn2    silu          128      0      0    0.152122   0.374900
[LAYER-HEALTH]     tower_final_bn  silu          128      0      0    0.352648   0.533033
[LAYER-HEALTH]     policy.pre_bn   silu          128      0      0    0.261904   0.530916
[LAYER-HEALTH]     value.bn        silu           16      0      0    0.224485   0.308630
[LAYER-HEALTH]   FC hidden-unit velocity — zero: every weight-velocity entry exactly 0; low: nonzero but < 5% of the layer's p90 unit norm
[LAYER-HEALTH]     value.fc1.weight  silu  units 128  zero 0  low 0  median unit norm 0.006291
[LAYER-HEALTH]     (no SE blocks)
[LAYER-HEALTH]   ReZero: none
[LAYER-HEALTH]   non-finite: 0 values in 0 of 102 tensors (10263038 values examined)
[LAYER-HEALTH]   largest |value|: blocks.1.bn2.running_var 18.24, blocks.2.bn1.running_var 16.13, blocks.0.bn2.running_var 12.12, blocks.1.bn1.running_var 10.63, blocks.2.bn2.running_var 7.437
[REPLAY] enumerated checkpoint -> 20261008-lrBsiluall-relcap-replay-step18000.safetensors
[REPLAY] step=18080 loss=3.5274 pLoss=2.6954 vLoss=0.8297 pEnt=2.857 pIllM=0.0023 playedP=0.173 pW=0.47 pD=0.07 pL=0.46 vAbs=0.239 pLogitMean=-7.3811 vLogitMean=0.5562 gNorm=0.253 lr=0.0127 ms=2260.3 buf=500000 plies=154518230 games=2334212 rejected=0 skipped=0 epoch=0 mom=0.9131 lrCyc[pk=9.8e-01,tr=9.9e-04] gNormMax=0.2830 clips=0 gCap=0.7689 trainerStep=18080
[LAYER-HEALTH] live trainerStep=18080 scope=batch_norm_state_only reluSites=0/10 dead=n/a off=n/a alwaysOn=n/a (no relu/leaky_relu BN sites) rvMaxOverMedian=38.9@blocks.2.bn1[31] rvOver10xMedian=8 rezero=none nonFinite=0 parkedSites=9/10 parkedCh=1040 parked=0 parkedOff=0 parkedBy=none
[REPLAY] step=18160 loss=3.4966 pLoss=2.6972 vLoss=0.7970 pEnt=2.845 pIllM=0.0023 playedP=0.178 pW=0.47 pD=0.06 pL=0.47 vAbs=0.252 pLogitMean=-7.3797 vLogitMean=0.5555 gNorm=0.252 lr=0.015 ms=3148.5 buf=500000 plies=155200819 games=2344497 rejected=0 skipped=0 epoch=0 mom=0.9106 lrCyc[pk=9.8e-01,tr=9.9e-04] gNormMax=0.3073 clips=0 gCap=0.7703 trainerStep=18160
[LAYER-HEALTH] live trainerStep=18160 scope=batch_norm_state_only reluSites=0/10 dead=n/a off=n/a alwaysOn=n/a (no relu/leaky_relu BN sites) rvMaxOverMedian=39.0@blocks.2.bn1[31] rvOver10xMedian=8 rezero=none nonFinite=0 parkedSites=9/10 parkedCh=1040 parked=0 parkedOff=0 parkedBy=none
[REPLAY] step=18240 loss=3.5270 pLoss=2.7100 vLoss=0.8147 pEnt=2.863 pIllM=0.0023 playedP=0.173 pW=0.47 pD=0.06 pL=0.46 vAbs=0.232 pLogitMean=-7.3808 vLogitMean=0.5559 gNorm=0.271 lr=0.0178 ms=2636.4 buf=500000 plies=155883475 games=2354700 rejected=0 skipped=0 epoch=0 mom=0.9082 lrCyc[pk=9.8e-01,tr=9.9e-04] gNormMax=0.2938 clips=0 gCap=0.7719 trainerStep=18240
[LAYER-HEALTH] live trainerStep=18240 scope=batch_norm_state_only reluSites=0/10 dead=n/a off=n/a alwaysOn=n/a (no relu/leaky_relu BN sites) rvMaxOverMedian=38.9@blocks.2.bn1[31] rvOver10xMedian=8 rezero=none nonFinite=0 parkedSites=9/10 parkedCh=1040 parked=0 parkedOff=0 parkedBy=none
[REPLAY] step=18320 loss=3.5268 pLoss=2.7219 vLoss=0.8026 pEnt=2.847 pIllM=0.0023 playedP=0.177 pW=0.47 pD=0.06 pL=0.46 vAbs=0.237 pLogitMean=-7.3792 vLogitMean=0.5587 gNorm=0.262 lr=0.0212 ms=3447.7 buf=500000 plies=156566125 games=2364919 rejected=0 skipped=0 epoch=0 mom=0.9057 lrCyc[pk=9.8e-01,tr=9.9e-04] gNormMax=0.2937 clips=0 gCap=0.7734 trainerStep=18320
[LAYER-HEALTH] live trainerStep=18320 scope=batch_norm_state_only reluSites=0/10 dead=n/a off=n/a alwaysOn=n/a (no relu/leaky_relu BN sites) rvMaxOverMedian=38.9@blocks.2.bn1[31] rvOver10xMedian=8 rezero=none nonFinite=0 parkedSites=9/10 parkedCh=1040 parked=0 parkedOff=0 parkedBy=none
[REPLAY] step=18390 loss=3.5278 pLoss=2.7112 vLoss=0.8143 pEnt=2.872 pIllM=0.0024 playedP=0.175 pW=0.47 pD=0.07 pL=0.45 vAbs=0.244 pLogitMean=-7.3785 vLogitMean=0.5591 gNorm=0.262 lr=0.0246 ms=3080.0 buf=500000 plies=157163413 games=2373838 rejected=0 skipped=0 epoch=0 mom=0.9035 lrCyc[pk=9.8e-01,tr=9.9e-04] gNormMax=0.2879 clips=0 gCap=0.7758 trainerStep=18390
[LAYER-HEALTH] live trainerStep=18390 scope=batch_norm_state_only reluSites=0/10 dead=n/a off=n/a alwaysOn=n/a (no relu/leaky_relu BN sites) rvMaxOverMedian=38.8@blocks.2.bn1[31] rvOver10xMedian=8 rezero=none nonFinite=0 parkedSites=9/10 parkedCh=1040 parked=0 parkedOff=0 parkedBy=none
[REPLAY] step=18460 loss=3.5107 pLoss=2.7022 vLoss=0.8062 pEnt=2.865 pIllM=0.0023 playedP=0.174 pW=0.47 pD=0.07 pL=0.46 vAbs=0.238 pLogitMean=-7.3759 vLogitMean=0.5588 gNorm=0.269 lr=0.0286 ms=3612.4 buf=500000 plies=157760751 games=2382741 rejected=0 skipped=0 epoch=0 mom=0.9013 lrCyc[pk=9.8e-01,tr=9.9e-04] gNormMax=0.3166 clips=0 gCap=0.7779 trainerStep=18460
[LAYER-HEALTH] live trainerStep=18460 scope=batch_norm_state_only reluSites=0/10 dead=n/a off=n/a alwaysOn=n/a (no relu/leaky_relu BN sites) rvMaxOverMedian=38.9@blocks.2.bn1[31] rvOver10xMedian=8 rezero=none nonFinite=0 parkedSites=9/10 parkedCh=1040 parked=0 parkedOff=0 parkedBy=none
[REPLAY] step=18530 loss=3.5122 pLoss=2.7147 vLoss=0.7954 pEnt=2.867 pIllM=0.0021 playedP=0.176 pW=0.47 pD=0.06 pL=0.47 vAbs=0.227 pLogitMean=-7.3742 vLogitMean=0.5609 gNorm=0.276 lr=0.0333 ms=3745.4 buf=500000 plies=158358009 games=2391649 rejected=0 skipped=0 epoch=0 mom=0.8991 lrCyc[pk=9.8e-01,tr=9.9e-04] gNormMax=0.2986 clips=0 gCap=0.7802 trainerStep=18530
[LAYER-HEALTH] live trainerStep=18530 scope=batch_norm_state_only reluSites=0/10 dead=n/a off=n/a alwaysOn=n/a (no relu/leaky_relu BN sites) rvMaxOverMedian=39.3@blocks.2.bn1[31] rvOver10xMedian=8 rezero=none nonFinite=0 parkedSites=9/10 parkedCh=1040 parked=0 parkedOff=0 parkedBy=none
[REPLAY] step=18600 loss=3.5378 pLoss=2.7210 vLoss=0.8144 pEnt=2.855 pIllM=0.0023 playedP=0.174 pW=0.47 pD=0.07 pL=0.46 vAbs=0.238 pLogitMean=-7.3731 vLogitMean=0.5581 gNorm=0.260 lr=0.0388 ms=2296.1 buf=500000 plies=158955369 games=2400521 rejected=0 skipped=0 epoch=0 mom=0.8969 lrCyc[pk=9.8e-01,tr=9.9e-04] gNormMax=0.2895 clips=0 gCap=0.7832 trainerStep=18600
[LAYER-HEALTH] live trainerStep=18600 scope=batch_norm_state_only reluSites=0/10 dead=n/a off=n/a alwaysOn=n/a (no relu/leaky_relu BN sites) rvMaxOverMedian=39.6@blocks.2.bn1[31] rvOver10xMedian=8 rezero=none nonFinite=0 parkedSites=9/10 parkedCh=1040 parked=0 parkedOff=0 parkedBy=none
[REPLAY] step=18670 loss=3.5369 pLoss=2.7260 vLoss=0.8086 pEnt=2.875 pIllM=0.0023 playedP=0.170 pW=0.47 pD=0.06 pL=0.47 vAbs=0.242 pLogitMean=-7.3686 vLogitMean=0.5578 gNorm=0.266 lr=0.0451 ms=3048.3 buf=500000 plies=159552638 games=2409443 rejected=0 skipped=0 epoch=0 mom=0.8947 lrCyc[pk=9.8e-01,tr=9.9e-04] gNormMax=0.3204 clips=0 gCap=0.7855 trainerStep=18670
[LAYER-HEALTH] live trainerStep=18670 scope=batch_norm_state_only reluSites=0/10 dead=n/a off=n/a alwaysOn=n/a (no relu/leaky_relu BN sites) rvMaxOverMedian=39.5@blocks.2.bn1[31] rvOver10xMedian=8 rezero=none nonFinite=0 parkedSites=9/10 parkedCh=1040 parked=0 parkedOff=0 parkedBy=none
[REPLAY] step=18740 loss=3.4994 pLoss=2.6882 vLoss=0.8089 pEnt=2.844 pIllM=0.0023 playedP=0.176 pW=0.47 pD=0.07 pL=0.46 vAbs=0.243 pLogitMean=-7.3704 vLogitMean=0.5589 gNorm=0.291 lr=0.0525 ms=3162.0 buf=500000 plies=160149968 games=2418375 rejected=0 skipped=0 epoch=0 mom=0.8925 lrCyc[pk=9.8e-01,tr=9.9e-04] gNormMax=0.2908 clips=0 gCap=0.7882 trainerStep=18740
[LAYER-HEALTH] live trainerStep=18740 scope=batch_norm_state_only reluSites=0/10 dead=n/a off=n/a alwaysOn=n/a (no relu/leaky_relu BN sites) rvMaxOverMedian=39.6@blocks.2.bn1[31] rvOver10xMedian=8 rezero=none nonFinite=0 parkedSites=9/10 parkedCh=1040 parked=0 parkedOff=0 parkedBy=none
[REPLAY] step=18810 loss=3.4967 pLoss=2.6967 vLoss=0.7978 pEnt=2.858 pIllM=0.0021 playedP=0.178 pW=0.47 pD=0.07 pL=0.46 vAbs=0.248 pLogitMean=-7.3671 vLogitMean=0.5580 gNorm=0.292 lr=0.0609 ms=3091.1 buf=500000 plies=160747277 games=2427367 rejected=0 skipped=0 epoch=0 mom=0.8904 lrCyc[pk=9.8e-01,tr=9.9e-04] gNormMax=0.3064 clips=0 gCap=0.7914 trainerStep=18810
[LAYER-HEALTH] live trainerStep=18810 scope=batch_norm_state_only reluSites=0/10 dead=n/a off=n/a alwaysOn=n/a (no relu/leaky_relu BN sites) rvMaxOverMedian=39.4@blocks.2.bn1[31] rvOver10xMedian=8 rezero=none nonFinite=0 parkedSites=9/10 parkedCh=1040 parked=0 parkedOff=0 parkedBy=none
[REPLAY] step=18880 loss=3.5159 pLoss=2.7116 vLoss=0.8020 pEnt=2.855 pIllM=0.0022 playedP=0.173 pW=0.46 pD=0.07 pL=0.47 vAbs=0.236 pLogitMean=-7.3600 vLogitMean=0.5579 gNorm=0.273 lr=0.0706 ms=3259.9 buf=500000 plies=161344598 games=2436291 rejected=0 skipped=0 epoch=0 mom=0.8882 lrCyc[pk=9.8e-01,tr=9.9e-04] gNormMax=0.3338 clips=0 gCap=0.7964 trainerStep=18880
[LAYER-HEALTH] live trainerStep=18880 scope=batch_norm_state_only reluSites=0/10 dead=n/a off=n/a alwaysOn=n/a (no relu/leaky_relu BN sites) rvMaxOverMedian=39.0@blocks.2.bn1[31] rvOver10xMedian=8 rezero=none nonFinite=0 parkedSites=9/10 parkedCh=1040 parked=0 parkedOff=0 parkedBy=none
[REPLAY] step=18950 loss=3.5068 pLoss=2.6965 vLoss=0.8078 pEnt=2.863 pIllM=0.0026 playedP=0.174 pW=0.46 pD=0.07 pL=0.47 vAbs=0.238 pLogitMean=-7.3552 vLogitMean=0.5556 gNorm=0.283 lr=0.0818 ms=3313.8 buf=500000 plies=161941880 games=2445239 rejected=0 skipped=0 epoch=0 mom=0.8861 lrCyc[pk=9.8e-01,tr=9.9e-04] gNormMax=0.3138 clips=0 gCap=0.7998 trainerStep=18950
[LAYER-HEALTH] live trainerStep=18950 scope=batch_norm_state_only reluSites=0/10 dead=n/a off=n/a alwaysOn=n/a (no relu/leaky_relu BN sites) rvMaxOverMedian=39.5@blocks.2.bn1[31] rvOver10xMedian=8 rezero=none nonFinite=0 parkedSites=9/10 parkedCh=1040 parked=0 parkedOff=0 parkedBy=none
[REPLAY] step=19000 loss=3.4741 pLoss=2.6822 vLoss=0.7896 pEnt=2.838 pIllM=0.0023 playedP=0.180 pW=0.47 pD=0.07 pL=0.46 vAbs=0.247 pLogitMean=-7.3526 vLogitMean=0.5557 gNorm=0.285 lr=0.0907 ms=3948.0 buf=500000 plies=162368577 games=2451597 rejected=0 skipped=0 epoch=0 mom=0.8846 lrCyc[pk=9.8e-01,tr=9.9e-04] gNormMax=0.3184 clips=0 gCap=0.8032 trainerStep=19000
[LAYER-HEALTH] live trainerStep=19000 scope=batch_norm_state_only reluSites=0/10 dead=n/a off=n/a alwaysOn=n/a (no relu/leaky_relu BN sites) rvMaxOverMedian=39.7@blocks.2.bn1[31] rvOver10xMedian=8 rezero=none nonFinite=0 parkedSites=9/10 parkedCh=1040 parked=0 parkedOff=0 parkedBy=none
[ALARM] health active rule=policy_offset_drift severity=warning since=1150 trainerStep=19000 value=medianAbs=7.3536
[HEALTH] check trainerStep=19000 generation=0 evaluations=21 live=20 checkpoint=1 stale=0 truncated=0 cost_ms=14.8 train_ms=2485304.5 liveReadFailed=0 lossMaxRatio=1.02 lossMedianRatio=1.00 gradMaxRatio=1.27 rvRiseMax=1.09 rvOutliers=8/8 nodata=none active=policy_offset_drift:warning
[REPLAY] saved trainer model (autosave) step=19000 trainerStep=19000 nextGame=2451597 shard=5 epoch=0 -> 20261008-lrBsiluall-relcap-replay-latest.safetensors
[LAYER-HEALTH] checkpoint replay-autosave step=19000 trainerStep=19000 scope=all_tensors reluSites=0/10 dead=n/a off=n/a alwaysOn=n/a (no relu/leaky_relu BN sites) rvMaxOverMedian=39.7@blocks.2.bn1[31] rvOver10xMedian=8 rezero=none nonFinite=0 parkedSites=9/10 parkedCh=1040 parked=0 parkedOff=0 parkedBy=none seZeroVel=none valueFC1ZeroVel=0/128 maxAbs=17.66@blocks.1.bn2.running_var
[LAYER-HEALTH]   batch-norm sites — β/|γ|: dead < -3.00, mostly off < -2.00, always on > +3.00; classified for relu/leaky_relu only
[LAYER-HEALTH]     site            act            ch   dead    off     on  zeroγ nonfin  min β/|γ| [ch]     max β/|γ| [ch]     rv max/median [ch]  rv≥10x
[LAYER-HEALTH]     stem.bn         -             128    n/a    n/a    n/a      0      0     -0.59 [97]         +0.26 [15]            2.7 [43]           0
[LAYER-HEALTH]     blocks.0.bn1    silu          128    n/a    n/a    n/a      0      0     -0.56 [21]         +0.14 [64]            2.8 [43]           0
[LAYER-HEALTH]     blocks.0.bn2    silu          128    n/a    n/a    n/a      0      0     -1.03 [109]        +3.05 [49]            7.3 [96]           0
[LAYER-HEALTH]     blocks.1.bn1    silu          128    n/a    n/a    n/a      0      0     -1.21 [17]         +0.06 [31]           27.9 [31]           4
[LAYER-HEALTH]     blocks.1.bn2    silu          128    n/a    n/a    n/a      0      0     -1.17 [30]         -0.08 [101]          11.4 [32]           1
[LAYER-HEALTH]     blocks.2.bn1    silu          128    n/a    n/a    n/a      0      0     -1.63 [17]         +1.16 [31]           39.7 [31]           3
[LAYER-HEALTH]     blocks.2.bn2    silu          128    n/a    n/a    n/a      0      0     -1.42 [85]         -0.04 [105]           3.7 [26]           0
[LAYER-HEALTH]     tower_final_bn  silu          128    n/a    n/a    n/a      0      0     -0.51 [83]         +0.87 [111]           8.1 [31]           0
[LAYER-HEALTH]     policy.pre_bn   silu          128    n/a    n/a    n/a      0      0     -0.87 [26]         +2.09 [22]            2.8 [108]          0
[LAYER-HEALTH]     value.bn        silu           16    n/a    n/a    n/a      0      0     -0.99 [8]          +0.25 [6]             2.2 [6]            0
[LAYER-HEALTH]   parked channels — every activation: pass-through P = E|f'(γz+β)|, z ~ N(0,1); parked when P above its floor < 0.00135 of the range (Φ(-3)), mostly off < 0.02275 (Φ(-2)); equals dead / off for relu/leaky_relu
[LAYER-HEALTH]     site            act            ch parked    off       min P   median P
[LAYER-HEALTH]     blocks.0.bn1    silu          128      0      0    0.343017   0.465377
[LAYER-HEALTH]     blocks.0.bn2    silu          128      0      0    0.207896   0.424998
[LAYER-HEALTH]     blocks.1.bn1    silu          128      0      0    0.177088   0.372780
[LAYER-HEALTH]     blocks.1.bn2    silu          128      0      0    0.190351   0.353275
[LAYER-HEALTH]     blocks.2.bn1    silu          128      0      0    0.111215   0.329657
[LAYER-HEALTH]     blocks.2.bn2    silu          128      0      0    0.152040   0.374302
[LAYER-HEALTH]     tower_final_bn  silu          128      0      0    0.352034   0.533086
[LAYER-HEALTH]     policy.pre_bn   silu          128      0      0    0.260960   0.532394
[LAYER-HEALTH]     value.bn        silu           16      0      0    0.225385   0.307555
[LAYER-HEALTH]   FC hidden-unit velocity — zero: every weight-velocity entry exactly 0; low: nonzero but < 5% of the layer's p90 unit norm
[LAYER-HEALTH]     value.fc1.weight  silu  units 128  zero 0  low 1  median unit norm 0.005408
[LAYER-HEALTH]     (no SE blocks)
[LAYER-HEALTH]   ReZero: none
[LAYER-HEALTH]   non-finite: 0 values in 0 of 102 tensors (10263038 values examined)
[LAYER-HEALTH]   largest |value|: blocks.1.bn2.running_var 17.66, blocks.2.bn1.running_var 16.41, blocks.0.bn2.running_var 13.84, blocks.1.bn1.running_var 10.65, blocks.2.bn2.running_var 7.233
[REPLAY] enumerated checkpoint -> 20261008-lrBsiluall-relcap-replay-step19000.safetensors
[REPLAY] step=19070 loss=3.4673 pLoss=2.6635 vLoss=0.8011 pEnt=2.844 pIllM=0.0027 playedP=0.175 pW=0.46 pD=0.07 pL=0.47 vAbs=0.242 pLogitMean=-7.3484 vLogitMean=0.5532 gNorm=0.288 lr=0.105 ms=3692.0 buf=500000 plies=162965845 games=2460538 rejected=0 skipped=0 epoch=0 mom=0.8825 lrCyc[pk=9.8e-01,tr=9.9e-04] gNormMax=0.3240 clips=0 gCap=0.8078 trainerStep=19070
[LAYER-HEALTH] live trainerStep=19070 scope=batch_norm_state_only reluSites=0/10 dead=n/a off=n/a alwaysOn=n/a (no relu/leaky_relu BN sites) rvMaxOverMedian=39.8@blocks.2.bn1[31] rvOver10xMedian=8 rezero=none nonFinite=0 parkedSites=9/10 parkedCh=1040 parked=0 parkedOff=0 parkedBy=none
[REPLAY] step=19140 loss=3.5222 pLoss=2.7171 vLoss=0.8029 pEnt=2.881 pIllM=0.0023 playedP=0.170 pW=0.46 pD=0.06 pL=0.48 vAbs=0.239 pLogitMean=-7.3452 vLogitMean=0.5531 gNorm=0.294 lr=0.12 ms=3987.2 buf=500000 plies=163563153 games=2469524 rejected=0 skipped=0 epoch=0 mom=0.8805 lrCyc[pk=9.8e-01,tr=9.9e-04] gNormMax=0.3217 clips=0 gCap=0.8133 trainerStep=19140
[LAYER-HEALTH] live trainerStep=19140 scope=batch_norm_state_only reluSites=0/10 dead=n/a off=n/a alwaysOn=n/a (no relu/leaky_relu BN sites) rvMaxOverMedian=40.1@blocks.2.bn1[31] rvOver10xMedian=8 rezero=none nonFinite=0 parkedSites=9/10 parkedCh=1040 parked=0 parkedOff=0 parkedBy=none
[REPLAY] step=19210 loss=3.5296 pLoss=2.7232 vLoss=0.8035 pEnt=2.841 pIllM=0.0029 playedP=0.178 pW=0.47 pD=0.07 pL=0.46 vAbs=0.241 pLogitMean=-7.3368 vLogitMean=0.5498 gNorm=0.289 lr=0.138 ms=3511.6 buf=500000 plies=164160480 games=2478414 rejected=0 skipped=0 epoch=0 mom=0.8785 lrCyc[pk=9.8e-01,tr=9.9e-04] gNormMax=0.3311 clips=0 gCap=0.8199 trainerStep=19210
[LAYER-HEALTH] live trainerStep=19210 scope=batch_norm_state_only reluSites=0/10 dead=n/a off=n/a alwaysOn=n/a (no relu/leaky_relu BN sites) rvMaxOverMedian=40.7@blocks.2.bn1[31] rvOver10xMedian=8 rezero=none nonFinite=0 parkedSites=9/10 parkedCh=1040 parked=0 parkedOff=0 parkedBy=none
[REPLAY] step=19280 loss=3.5378 pLoss=2.7217 vLoss=0.8132 pEnt=2.851 pIllM=0.0029 playedP=0.177 pW=0.47 pD=0.07 pL=0.46 vAbs=0.232 pLogitMean=-7.3237 vLogitMean=0.5541 gNorm=0.275 lr=0.158 ms=4089.2 buf=500000 plies=164757830 games=2487277 rejected=0 skipped=0 epoch=0 mom=0.8765 lrCyc[pk=9.8e-01,tr=9.9e-04] gNormMax=0.3335 clips=0 gCap=0.8266 trainerStep=19280
[LAYER-HEALTH] live trainerStep=19280 scope=batch_norm_state_only reluSites=0/10 dead=n/a off=n/a alwaysOn=n/a (no relu/leaky_relu BN sites) rvMaxOverMedian=39.8@blocks.2.bn1[31] rvOver10xMedian=8 rezero=none nonFinite=0 parkedSites=9/10 parkedCh=1040 parked=0 parkedOff=0 parkedBy=none
[REPLAY] step=19350 loss=3.5096 pLoss=2.7001 vLoss=0.8069 pEnt=2.861 pIllM=0.0026 playedP=0.175 pW=0.48 pD=0.07 pL=0.46 vAbs=0.240 pLogitMean=-7.3064 vLogitMean=0.5529 gNorm=0.287 lr=0.181 ms=2377.8 buf=500000 plies=165355138 games=2496115 rejected=0 skipped=0 epoch=0 mom=0.8746 lrCyc[pk=9.8e-01,tr=9.9e-04] gNormMax=0.3412 clips=0 gCap=0.8344 trainerStep=19350
[LAYER-HEALTH] live trainerStep=19350 scope=batch_norm_state_only reluSites=0/10 dead=n/a off=n/a alwaysOn=n/a (no relu/leaky_relu BN sites) rvMaxOverMedian=39.2@blocks.2.bn1[31] rvOver10xMedian=8 rezero=none nonFinite=0 parkedSites=9/10 parkedCh=1040 parked=0 parkedOff=0 parkedBy=none
[REPLAY] step=19420 loss=3.5250 pLoss=2.7239 vLoss=0.7984 pEnt=2.873 pIllM=0.0027 playedP=0.172 pW=0.46 pD=0.07 pL=0.47 vAbs=0.236 pLogitMean=-7.2949 vLogitMean=0.5536 gNorm=0.304 lr=0.206 ms=4183.4 buf=500000 plies=165952455 games=2505065 rejected=0 skipped=0 epoch=0 mom=0.8728 lrCyc[pk=9.8e-01,tr=9.9e-04] gNormMax=0.3305 clips=0 gCap=0.8409 trainerStep=19420
[LAYER-HEALTH] live trainerStep=19420 scope=batch_norm_state_only reluSites=0/10 dead=n/a off=n/a alwaysOn=n/a (no relu/leaky_relu BN sites) rvMaxOverMedian=38.9@blocks.2.bn1[31] rvOver10xMedian=8 rezero=none nonFinite=0 parkedSites=9/10 parkedCh=1040 parked=0 parkedOff=0 parkedBy=none
[REPLAY] step=19490 loss=3.5104 pLoss=2.6988 vLoss=0.8088 pEnt=2.862 pIllM=0.0028 playedP=0.177 pW=0.47 pD=0.07 pL=0.46 vAbs=0.226 pLogitMean=-7.2894 vLogitMean=0.5537 gNorm=0.300 lr=0.233 ms=3034.4 buf=500000 plies=166549747 games=2514002 rejected=0 skipped=0 epoch=0 mom=0.8709 lrCyc[pk=9.8e-01,tr=9.9e-04] gNormMax=0.3441 clips=0 gCap=0.8467 trainerStep=19490
[LAYER-HEALTH] live trainerStep=19490 scope=batch_norm_state_only reluSites=0/10 dead=n/a off=n/a alwaysOn=n/a (no relu/leaky_relu BN sites) rvMaxOverMedian=38.3@blocks.2.bn1[31] rvOver10xMedian=8 rezero=none nonFinite=0 parkedSites=9/10 parkedCh=1040 parked=0 parkedOff=0 parkedBy=none
[REPLAY] step=19550 loss=3.4865 pLoss=2.6819 vLoss=0.8015 pEnt=2.848 pIllM=0.0031 playedP=0.175 pW=0.44 pD=0.06 pL=0.50 vAbs=0.245 pLogitMean=-7.2765 vLogitMean=0.5520 gNorm=0.340 lr=0.259 ms=3951.2 buf=500000 plies=167061742 games=2521662 rejected=0 skipped=0 epoch=0 mom=0.8694 lrCyc[pk=9.8e-01,tr=9.9e-04] gNormMax=0.3634 clips=0 gCap=0.8550 trainerStep=19550
[LAYER-HEALTH] live trainerStep=19550 scope=batch_norm_state_only reluSites=0/10 dead=n/a off=n/a alwaysOn=n/a (no relu/leaky_relu BN sites) rvMaxOverMedian=38.7@blocks.2.bn1[31] rvOver10xMedian=8 rezero=none nonFinite=0 parkedSites=9/10 parkedCh=1040 parked=0 parkedOff=0 parkedBy=none
[REPLAY] step=19610 loss=3.5301 pLoss=2.7154 vLoss=0.8115 pEnt=2.824 pIllM=0.0032 playedP=0.182 pW=0.46 pD=0.07 pL=0.46 vAbs=0.233 pLogitMean=-7.2573 vLogitMean=0.5573 gNorm=0.340 lr=0.286 ms=4126.6 buf=500000 plies=167573651 games=2529307 rejected=0 skipped=0 epoch=0 mom=0.8680 lrCyc[pk=9.8e-01,tr=9.9e-04] gNormMax=0.3987 clips=0 gCap=0.8618 trainerStep=19610
[LAYER-HEALTH] live trainerStep=19610 scope=batch_norm_state_only reluSites=0/10 dead=n/a off=n/a alwaysOn=n/a (no relu/leaky_relu BN sites) rvMaxOverMedian=38.7@blocks.2.bn1[31] rvOver10xMedian=8 rezero=none nonFinite=0 parkedSites=9/10 parkedCh=1040 parked=0 parkedOff=0 parkedBy=none
[REPLAY] step=19680 loss=3.5141 pLoss=2.7244 vLoss=0.7861 pEnt=2.855 pIllM=0.0037 playedP=0.176 pW=0.48 pD=0.06 pL=0.46 vAbs=0.237 pLogitMean=-7.2375 vLogitMean=0.5568 gNorm=0.296 lr=0.321 ms=3564.0 buf=500000 plies=168170993 games=2538196 rejected=0 skipped=0 epoch=0 mom=0.8663 lrCyc[pk=9.8e-01,tr=9.9e-04] gNormMax=0.3729 clips=0 gCap=0.8719 trainerStep=19680
[LAYER-HEALTH] live trainerStep=19680 scope=batch_norm_state_only reluSites=0/10 dead=n/a off=n/a alwaysOn=n/a (no relu/leaky_relu BN sites) rvMaxOverMedian=38.5@blocks.2.bn1[31] rvOver10xMedian=8 rezero=none nonFinite=0 parkedSites=9/10 parkedCh=1040 parked=0 parkedOff=0 parkedBy=none
[REPLAY] step=19750 loss=3.5011 pLoss=2.7208 vLoss=0.7768 pEnt=2.867 pIllM=0.0035 playedP=0.170 pW=0.47 pD=0.06 pL=0.47 vAbs=0.251 pLogitMean=-7.2224 vLogitMean=0.5690 gNorm=0.308 lr=0.358 ms=3627.5 buf=500000 plies=168768321 games=2547178 rejected=0 skipped=0 epoch=0 mom=0.8647 lrCyc[pk=9.8e-01,tr=9.9e-04] gNormMax=0.3752 clips=0 gCap=0.8811 trainerStep=19750
[LAYER-HEALTH] live trainerStep=19750 scope=batch_norm_state_only reluSites=0/10 dead=n/a off=n/a alwaysOn=n/a (no relu/leaky_relu BN sites) rvMaxOverMedian=38.5@blocks.2.bn1[31] rvOver10xMedian=8 rezero=none nonFinite=0 parkedSites=9/10 parkedCh=1040 parked=0 parkedOff=0 parkedBy=none
[REPLAY] step=19820 loss=3.5472 pLoss=2.7358 vLoss=0.8075 pEnt=2.827 pIllM=0.0039 playedP=0.179 pW=0.48 pD=0.07 pL=0.45 vAbs=0.237 pLogitMean=-7.2197 vLogitMean=0.5591 gNorm=0.329 lr=0.397 ms=2935.5 buf=500000 plies=169365645 games=2556124 rejected=0 skipped=0 epoch=0 mom=0.8632 lrCyc[pk=9.8e-01,tr=9.9e-04] gNormMax=0.4070 clips=0 gCap=0.8900 trainerStep=19820
[LAYER-HEALTH] live trainerStep=19820 scope=batch_norm_state_only reluSites=0/10 dead=n/a off=n/a alwaysOn=n/a (no relu/leaky_relu BN sites) rvMaxOverMedian=38.2@blocks.2.bn1[31] rvOver10xMedian=8 rezero=none nonFinite=0 parkedSites=9/10 parkedCh=1040 parked=0 parkedOff=0 parkedBy=none
[REPLAY] step=19890 loss=3.5385 pLoss=2.7349 vLoss=0.7993 pEnt=2.844 pIllM=0.0043 playedP=0.173 pW=0.47 pD=0.07 pL=0.46 vAbs=0.259 pLogitMean=-7.2159 vLogitMean=0.5537 gNorm=0.324 lr=0.439 ms=3230.1 buf=500000 plies=169962902 games=2565011 rejected=0 skipped=0 epoch=0 mom=0.8618 lrCyc[pk=9.8e-01,tr=9.9e-04] gNormMax=0.3767 clips=0 gCap=0.8988 trainerStep=19890
[LAYER-HEALTH] live trainerStep=19890 scope=batch_norm_state_only reluSites=0/10 dead=n/a off=n/a alwaysOn=n/a (no relu/leaky_relu BN sites) rvMaxOverMedian=37.6@blocks.2.bn1[31] rvOver10xMedian=8 rezero=none nonFinite=0 parkedSites=9/10 parkedCh=1040 parked=0 parkedOff=0 parkedBy=none
[REPLAY] step=19960 loss=3.5418 pLoss=2.7478 vLoss=0.7900 pEnt=2.881 pIllM=0.0040 playedP=0.165 pW=0.48 pD=0.06 pL=0.46 vAbs=0.263 pLogitMean=-7.2080 vLogitMean=0.5574 gNorm=0.353 lr=0.483 ms=3358.1 buf=500000 plies=170560262 games=2573951 rejected=0 skipped=0 epoch=0 mom=0.8604 lrCyc[pk=9.8e-01,tr=9.9e-04] gNormMax=0.4215 clips=0 gCap=0.9109 trainerStep=19960
[LAYER-HEALTH] live trainerStep=19960 scope=batch_norm_state_only reluSites=0/10 dead=n/a off=n/a alwaysOn=n/a (no relu/leaky_relu BN sites) rvMaxOverMedian=37.3@blocks.2.bn1[31] rvOver10xMedian=8 rezero=none nonFinite=0 parkedSites=9/10 parkedCh=1040 parked=0 parkedOff=0 parkedBy=none
[REPLAY] step=20000 loss=3.5475 pLoss=2.7528 vLoss=0.7903 pEnt=2.831 pIllM=0.0044 playedP=0.176 pW=0.49 pD=0.06 pL=0.44 vAbs=0.246 pLogitMean=-7.2173 vLogitMean=0.5596 gNorm=0.326 lr=0.508 ms=4267.5 buf=500000 plies=170901532 games=2579110 rejected=0 skipped=0 epoch=0 mom=0.8596 lrCyc[pk=9.8e-01,tr=9.9e-04] gNormMax=0.3684 clips=0 gCap=0.9168 trainerStep=20000
[LAYER-HEALTH] live trainerStep=20000 scope=batch_norm_state_only reluSites=0/10 dead=n/a off=n/a alwaysOn=n/a (no relu/leaky_relu BN sites) rvMaxOverMedian=37.0@blocks.2.bn1[31] rvOver10xMedian=8 rezero=none nonFinite=0 parkedSites=9/10 parkedCh=1040 parked=0 parkedOff=0 parkedBy=none
[ALARM] health active rule=policy_offset_drift severity=warning since=1150 trainerStep=20000 value=medianAbs=7.2173
[HEALTH] check trainerStep=20000 generation=0 evaluations=21 live=20 checkpoint=1 stale=0 truncated=0 cost_ms=26.2 train_ms=2625518.9 liveReadFailed=0 lossMaxRatio=1.03 lossMedianRatio=1.00 gradMaxRatio=1.40 rvRiseMax=1.13 rvOutliers=8/8 nodata=none active=policy_offset_drift:warning
[REPLAY] saved trainer model (autosave) step=20000 trainerStep=20000 nextGame=2579110 shard=5 epoch=0 -> 20261008-lrBsiluall-relcap-replay-latest.safetensors
[LAYER-HEALTH] checkpoint replay-autosave step=20000 trainerStep=20000 scope=all_tensors reluSites=0/10 dead=n/a off=n/a alwaysOn=n/a (no relu/leaky_relu BN sites) rvMaxOverMedian=37.0@blocks.2.bn1[31] rvOver10xMedian=8 rezero=none nonFinite=0 parkedSites=9/10 parkedCh=1040 parked=0 parkedOff=0 parkedBy=none seZeroVel=none valueFC1ZeroVel=0/128 maxAbs=17.77@blocks.1.bn2.running_var
[LAYER-HEALTH]   batch-norm sites — β/|γ|: dead < -3.00, mostly off < -2.00, always on > +3.00; classified for relu/leaky_relu only
[LAYER-HEALTH]     site            act            ch   dead    off     on  zeroγ nonfin  min β/|γ| [ch]     max β/|γ| [ch]     rv max/median [ch]  rv≥10x
[LAYER-HEALTH]     stem.bn         -             128    n/a    n/a    n/a      0      0     -0.61 [97]         +0.27 [15]            3.4 [68]           0
[LAYER-HEALTH]     blocks.0.bn1    silu          128    n/a    n/a    n/a      0      0     -0.58 [21]         +0.14 [64]            2.9 [43]           0
[LAYER-HEALTH]     blocks.0.bn2    silu          128    n/a    n/a    n/a      0      0     -1.03 [109]        +4.02 [49]            8.6 [96]           0
[LAYER-HEALTH]     blocks.1.bn1    silu          128    n/a    n/a    n/a      0      0     -1.23 [17]         +0.05 [31]           28.4 [31]           4
[LAYER-HEALTH]     blocks.1.bn2    silu          128    n/a    n/a    n/a      0      0     -1.16 [30]         -0.08 [101]          12.8 [32]           1
[LAYER-HEALTH]     blocks.2.bn1    silu          128    n/a    n/a    n/a      0      0     -1.60 [17]         +1.16 [31]           37.0 [31]           3
[LAYER-HEALTH]     blocks.2.bn2    silu          128    n/a    n/a    n/a      0      0     -1.42 [85]         -0.06 [105]           3.6 [26]           0
[LAYER-HEALTH]     tower_final_bn  silu          128    n/a    n/a    n/a      0      0     -0.54 [83]         +0.91 [111]           7.9 [31]           0
[LAYER-HEALTH]     policy.pre_bn   silu          128    n/a    n/a    n/a      0      0     -0.91 [26]         +2.15 [22]            2.6 [120]          0
[LAYER-HEALTH]     value.bn        silu           16    n/a    n/a    n/a      0      0     -0.96 [8]          +0.21 [6]             2.2 [6]            0
[LAYER-HEALTH]   parked channels — every activation: pass-through P = E|f'(γz+β)|, z ~ N(0,1); parked when P above its floor < 0.00135 of the range (Φ(-3)), mostly off < 0.02275 (Φ(-2)); equals dead / off for relu/leaky_relu
[LAYER-HEALTH]     site            act            ch parked    off       min P   median P
[LAYER-HEALTH]     blocks.0.bn1    silu          128      0      0    0.339301   0.462497
[LAYER-HEALTH]     blocks.0.bn2    silu          128      0      0    0.207783   0.419780
[LAYER-HEALTH]     blocks.1.bn1    silu          128      0      0    0.172660   0.367028
[LAYER-HEALTH]     blocks.1.bn2    silu          128      0      0    0.192237   0.350665
[LAYER-HEALTH]     blocks.2.bn1    silu          128      0      0    0.112681   0.326016
[LAYER-HEALTH]     blocks.2.bn2    silu          128      0      0    0.152473   0.371520
[LAYER-HEALTH]     tower_final_bn  silu          128      0      0    0.342763   0.531468
[[ALARM] health raise rule=bn_running_variance_jump severity=warning trainerStep=20200 value=jumped=1 outliers=9/8 channels=blocks.2.bn1[76]:0.02->17.0 threshold=jump>=10xmin&ratio>=10 action=log lr=0.641 mom=0.8563
LAYER-HEALTH]     policy.pre_bn   silu          128      0      0    0.252442   0.532990
[LAYER-HEALTH]     value.bn        silu           16      0      0    0.232412   0.324775
[LAYER-HEALTH]   FC hidden-unit velocity — zero: every weight-velocity entry exactly 0; low: nonzero but < 5% of the layer's p90 unit norm
[LAYER-HEALTH]     value.fc1.weight  silu  units 128  zero 0  low 0  median unit norm 0.005587
[LAYER-HEALTH]     (no SE blocks)
[LAYER-HEALTH]   ReZero: none
[LAYER-HEALTH]   non-finite: 0 values in 0 of 102 tensors (10263038 values examined)
[LAYER-HEALTH]   largest |value|: blocks.1.bn2.running_var 17.77, blocks.2.bn1.running_var 15.65, blocks.0.bn2.running_var 14.08, blocks.1.bn1.running_var 10.42, blocks.2.bn2.running_var 5.982
[REPLAY] enumerated checkpoint -> 20261008-lrBsiluall-relcap-replay-step20000.safetensors
[REPLAY] step=20060 loss=3.5794 pLoss=2.7856 vLoss=0.7885 pEnt=2.872 pIllM=0.0053 playedP=0.167 pW=0.49 pD=0.06 pL=0.45 vAbs=0.238 pLogitMean=-7.2285 vLogitMean=0.5636 gNorm=0.324 lr=0.548 ms=4154.2 buf=500000 plies=171413536 games=2586754 rejected=0 skipped=0 epoch=0 mom=0.8586 lrCyc[pk=9.8e-01,tr=9.9e-04] gNormMax=0.3955 clips=0 gCap=0.9252 trainerStep=20060
[LAYER-HEALTH] live trainerStep=20060 scope=batch_norm_state_only reluSites=0/10 dead=n/a off=n/a alwaysOn=n/a (no relu/leaky_relu BN sites) rvMaxOverMedian=36.9@blocks.2.bn1[31] rvOver10xMedian=8 rezero=none nonFinite=0 parkedSites=9/10 parkedCh=1040 parked=0 parkedOff=0 parkedBy=none
[REPLAY] step=20130 loss=3.5292 pLoss=2.7395 vLoss=0.7843 pEnt=2.868 pIllM=0.0053 playedP=0.167 pW=0.46 pD=0.06 pL=0.48 vAbs=0.253 pLogitMean=-7.2470 vLogitMean=0.5678 gNorm=0.373 lr=0.594 ms=3399.3 buf=500000 plies=172010814 games=2595665 rejected=0 skipped=0 epoch=0 mom=0.8574 lrCyc[pk=9.8e-01,tr=9.9e-04] gNormMax=0.7469 clips=0 gCap=0.9357 trainerStep=20130
[LAYER-HEALTH] live trainerStep=20130 scope=batch_norm_state_only reluSites=0/10 dead=n/a off=n/a alwaysOn=n/a (no relu/leaky_relu BN sites) rvMaxOverMedian=36.0@blocks.2.bn1[31] rvOver10xMedian=8 rezero=none nonFinite=0 parkedSites=9/10 parkedCh=1040 parked=0 parkedOff=0 parkedBy=none
[REPLAY] step=20200 loss=3.5630 pLoss=2.7635 vLoss=0.7938 pEnt=2.860 pIllM=0.0057 playedP=0.171 pW=0.50 pD=0.06 pL=0.43 vAbs=0.289 pLogitMean=-7.2814 vLogitMean=0.5730 gNorm=0.354 lr=0.641 ms=3305.1 buf=500000 plies=172608178 games=2604539 rejected=0 skipped=0 epoch=0 mom=0.8563 lrCyc[pk=9.8e-01,tr=9.9e-04] gNormMax=0.4332 clips=0 gCap=0.9481 trainerStep=20200
[LAYER-HEALTH] live trainerStep=20200 scope=batch_norm_state_only reluSites=0/10 dead=n/a off=n/a alwaysOn=n/a (no relu/leaky_relu BN sites) rvMaxOverMedian=35.5@blocks.2.bn1[31] rvOver10xMedian=9 rezero=none nonFinite=0 parkedSites=9/10 parkedCh=1040 parked=0 parkedOff=0 parkedBy=none
[ALARM] health raise rule=bn_running_variance_jump severity=warning trainerStep=20200 value=jumped=1 outliers=9/8 channels=blocks.2.bn1[76]:0.02->17.0 threshold=jump>=10xmin&ratio>=10 action=log lr=0.641 mom=0.8563
[REPLAY] step=20270 loss=3.5334 pLoss=2.7243 vLoss=0.8029 pEnt=2.855 pIllM=0.0062 playedP=0.168 pW=0.45 pD=0.07 pL=0.48 vAbs=0.255 pLogitMean=-7.3104 vLogitMean=0.5691 gNorm=0.385 lr=0.688 ms=4166.0 buf=500000 plies=173205453 games=2613441 rejected=0 skipped=0 epoch=0 mom=0.8553 lrCyc[pk=9.8e-01,tr=9.9e-04] gNormMax=0.4436 clips=0 gCap=0.9629 trainerStep=20270
[LAYER-HEALTH] live trainerStep=20270 scope=batch_norm_state_only reluSites=0/10 dead=n/a off=n/a alwaysOn=n/a (no relu/leaky_relu BN sites) rvMaxOverMedian=36.3@blocks.2.bn1[31] rvOver10xMedian=9 rezero=none nonFinite=0 parkedSites=9/10 parkedCh=1040 parked=0 parkedOff=0 parkedBy=none
[REPLAY] step=20330 loss=3.5292 pLoss=2.7471 vLoss=0.7753 pEnt=2.832 pIllM=0.0068 playedP=0.172 pW=0.46 pD=0.06 pL=0.47 vAbs=0.267 pLogitMean=-7.3383 vLogitMean=0.5644 gNorm=0.395 lr=0.727 ms=3861.1 buf=500000 plies=173717462 games=2621159 rejected=0 skipped=0 epoch=0 mom=0.8545 lrCyc[pk=9.8e-01,tr=9.9e-04] gNormMax=0.4529 clips=0 gCap=0.9750 trainerStep=20330
[LAYER-HEALTH] live trainerStep=20330 scope=batch_norm_state_only reluSites=0/10 dead=n/a off=n/a alwaysOn=n/a (no relu/leaky_relu BN sites) rvMaxOverMedian=36.3@blocks.2.bn1[31] rvOver10xMedian=9 rezero=none nonFinite=0 parkedSites=9/10 parkedCh=1040 parked=0 parkedOff=0 parkedBy=none
[REPLAY] step=20400 loss=3.4736 pLoss=2.6964 vLoss=0.7697 pEnt=2.849 pIllM=0.0075 playedP=0.166 pW=0.46 pD=0.07 pL=0.47 vAbs=0.277 pLogitMean=-7.3976 vLogitMean=0.5634 gNorm=0.372 lr=0.771 ms=3430.2 buf=500000 plies=174314739 games=2630021 rejected=0 skipped=0 epoch=0 mom=0.8536 lrCyc[pk=9.8e-01,tr=9.9e-04] gNormMax=0.5797 clips=0 gCap=0.9931 trainerStep=20400
[LAYER-HEALTH] live trainerStep=20400 scope=batch_norm_state_only reluSites=0/10 dead=n/a off=n/a alwaysOn=n/a (no relu/leaky_relu BN sites) rvMaxOverMedian=36.7@blocks.2.bn1[31] rvOver10xMedian=9 rezero=none nonFinite=0 parkedSites=9/10 parkedCh=1040 parked=0 parkedOff=0 parkedBy=none
[REPLAY] step=20470 loss=3.4971 pLoss=2.7086 vLoss=0.7809 pEnt=2.810 pIllM=0.0076 playedP=0.175 pW=0.48 pD=0.07 pL=0.45 vAbs=0.280 pLogitMean=-7.4446 vLogitMean=0.5694 gNorm=0.382 lr=0.813 ms=3351.5 buf=500000 plies=174912100 games=2638962 rejected=0 skipped=0 epoch=0 mom=0.8528 lrCyc[pk=9.8e-01,tr=9.9e-04] gNormMax=0.4389 clips=0 gCap=1.0089 trainerStep=20470
[LAYER-HEALTH] live trainerStep=20470 scope=batch_norm_state_only reluSites=0/10 dead=n/a off=n/a alwaysOn=n/a (no relu/leaky_relu BN sites) rvMaxOverMedian=37.4@blocks.2.bn1[31] rvOver10xMedian=9 rezero=none nonFinite=0 parkedSites=9/10 parkedCh=1040 parked=0 parkedOff=0 parkedBy=none
[REPLAY] step=20540 loss=3.5118 pLoss=2.7258 vLoss=0.7779 pEnt=2.845 pIllM=0.0081 playedP=0.169 pW=0.49 pD=0.07 pL=0.44 vAbs=0.278 pLogitMean=-7.5464 vLogitMean=0.5696 gNorm=0.349 lr=0.851 ms=3081.3 buf=500000 plies=175509407 games=2647865 rejected=0 skipped=0 epoch=0 mom=0.8522 lrCyc[pk=9.8e-01,tr=9.9e-04] gNormMax=0.4864 clips=0 gCap=1.0283 trainerStep=20540
[LAYER-HEALTH] live trainerStep=20540 scope=batch_norm_state_only reluSites=0/10 dead=n/a off=n/a alwaysOn=n/a (no relu/leaky_relu BN sites) rvMaxOverMedian=37.4@blocks.2.bn1[31] rvOver10xMedian=9 rezero=none nonFinite=0 parkedSites=9/10 parkedCh=1040 parked=0 parkedOff=0 parkedBy=none
[REPLAY] step=20610 loss=3.5203 pLoss=2.7361 vLoss=0.7774 pEnt=2.826 pIllM=0.0068 playedP=0.174 pW=0.48 pD=0.07 pL=0.45 vAbs=0.275 pLogitMean=-7.6140 vLogitMean=0.5777 gNorm=0.364 lr=0.886 ms=3365.0 buf=500000 plies=176106726 games=2656809 rejected=0 skipped=0 epoch=0 mom=0.8516 lrCyc[pk=9.8e-01,tr=9.9e-04] gNormMax=0.5022 clips=0 gCap=1.0442 trainerStep=20610
[LAYER-HEALTH] live trainerStep=20610 scope=batch_norm_state_only reluSites=0/10 dead=n/a off=n/a alwaysOn=n/a (no relu/leaky_relu BN sites) rvMaxOverMedian=37.1@blocks.2.bn1[31] rvOver10xMedian=9 rezero=none nonFinite=0 parkedSites=9/10 parkedCh=1040 parked=0 parkedOff=0 parkedBy=none
[REPLAY] step=20680 loss=3.4599 pLoss=2.6905 vLoss=0.7610 pEnt=2.851 pIllM=0.0084 playedP=0.165 pW=0.48 pD=0.06 pL=0.46 vAbs=0.282 pLogitMean=-7.6769 vLogitMean=0.5752 gNorm=0.337 lr=0.916 ms=3546.3 buf=500000 plies=176704070 games=2665751 rejected=0 skipped=0 epoch=0 mom=0.8511 lrCyc[pk=9.8e-01,tr=9.9e-04] gNormMax=0.4445 clips=0 gCap=1.0585 trainerStep=20680
[LAYER-HEALTH] live trainerStep=20680 scope=batch_norm_state_only reluSites=0/10 dead=n/a off=n/a alwaysOn=n/a (no relu/leaky_relu BN sites) rvMaxOverMedian=37.4@blocks.2.bn1[31] rvOver10xMedian=9 rezero=none nonFinite=0 parkedSites=9/10 parkedCh=1040 parked=0 parkedOff=0 parkedBy=none
[REPLAY] step=20750 loss=3.4403 pLoss=2.6716 vLoss=0.7612 pEnt=2.859 pIllM=0.0075 playedP=0.165 pW=0.46 pD=0.06 pL=0.48 vAbs=0.289 pLogitMean=-7.7590 vLogitMean=0.5697 gNorm=0.371 lr=0.941 ms=3602.0 buf=500000 plies=177301274 games=2674663 rejected=0 skipped=0 epoch=0 mom=0.8507 lrCyc[pk=9.8e-01,tr=9.9e-04] gNormMax=0.5132 clips=0 gCap=1.0709 trainerStep=20750
[LAYER-HEALTH] live trainerStep=20750 scope=batch_norm_state_only reluSites=0/10 dead=n/a off=n/a alwaysOn=n/a (no relu/leaky_relu BN sites) rvMaxOverMedian=35.6@blocks.2.bn1[31] rvOver10xMedian=9 rezero=none nonFinite=0 parkedSites=9/10 parkedCh=1040 parked=0 parkedOff=0 parkedBy=none
[REPLAY] step=20810 loss=3.5266 pLoss=2.7473 vLoss=0.7716 pEnt=2.873 pIllM=0.0076 playedP=0.162 pW=0.47 pD=0.06 pL=0.47 vAbs=0.272 pLogitMean=-7.8195 vLogitMean=0.5702 gNorm=0.332 lr=0.958 ms=3821.9 buf=500000 plies=177813292 games=2682352 rejected=0 skipped=0 epoch=0 mom=0.8505 lrCyc[pk=9.8e-01,tr=9.9e-04] gNormMax=0.4581 clips=0 gCap=1.0788 trainerStep=20810
[LAYER-HEALTH] live trainerStep=20810 scope=batch_norm_state_only reluSites=0/10 dead=n/a off=n/a alwaysOn=n/a (no relu/leaky_relu BN sites) rvMaxOverMedian=35.1@blocks.2.bn1[31] rvOver10xMedian=9 rezero=none nonFinite=0 parkedSites=9/10 parkedCh=1040 parked=0 parkedOff=0 parkedBy=none
[REPLAY] step=20880 loss=3.4932 pLoss=2.7222 vLoss=0.7637 pEnt=2.874 pIllM=0.0074 playedP=0.158 pW=0.45 pD=0.06 pL=0.49 vAbs=0.261 pLogitMean=-7.8819 vLogitMean=0.5690 gNorm=0.403 lr=0.972 ms=4797.1 buf=500000 plies=178410588 games=2691291 rejected=0 skipped=0 epoch=0 mom=0.8502 lrCyc[pk=9.8e-01,tr=9.9e-04] gNormMax=0.4332 clips=0 gCap=1.0883 trainerStep=20880
[LAYER-HEALTH] live trainerStep=20880 scope=batch_norm_state_only reluSites=0/10 dead=n/a off=n/a alwaysOn=n/a (no relu/leaky_relu BN sites) rvMaxOverMedian=35.4@blocks.2.bn1[31] rvOver10xMedian=9 rezero=none nonFinite=0 parkedSites=9/10 parkedCh=1040 parked=0 parkedOff=0 parkedBy=none
[REPLAY] step=20940 loss=3.4583 pLoss=2.6933 vLoss=0.7573 pEnt=2.877 pIllM=0.0077 playedP=0.158 pW=0.46 pD=0.07 pL=0.48 vAbs=0.281 pLogitMean=-7.9536 vLogitMean=0.5687 gNorm=0.390 lr=0.979 ms=4000.0 buf=500000 plies=178922599 games=2698923 rejected=0 skipped=0 epoch=0 mom=0.8501 lrCyc[pk=9.8e-01,tr=9.9e-04] gNormMax=0.4857 clips=0 gCap=1.0959 trainerStep=20940
[LAYER-HEALTH] live trainerStep=20940 scope=batch_norm_state_only reluSites=0/10 dead=n/a off=n/a alwaysOn=n/a (no relu/leaky_relu BN sites) rvMaxOverMedian=36.0@blocks.2.bn1[31] rvOver10xMedian=9 rezero=none nonFinite=0 parkedSites=9/10 parkedCh=1040 parked=0 parkedOff=0 parkedBy=none
[REPLAY] step=21000 loss=3.5096 pLoss=2.7406 vLoss=0.7616 pEnt=2.871 pIllM=0.0074 playedP=0.162 pW=0.50 pD=0.06 pL=0.44 vAbs=0.284 pLogitMean=-7.9733 vLogitMean=0.5768 gNorm=0.363 lr=0.982 ms=3992.8 buf=500000 plies=179434549 games=2706558 rejected=0 skipped=0 epoch=0 mom=0.8501 lrCyc[pk=9.8e-01,tr=9.9e-04] gNormMax=0.4132 clips=0 gCap=1.0991 trainerStep=21000
[LAYER-HEALTH] live trainerStep=21000 scope=batch_norm_state_only reluSites=0/10 dead=n/a off=n/a alwaysOn=n/a (no relu/leaky_relu BN sites) rvMaxOverMedian=35.8@blocks.2.bn1[31] rvOver10xMedian=9 rezero=none nonFinite=0 parkedSites=9/10 parkedCh=1040 parked=0 parkedOff=0 parkedBy=none
[ALARM] health active rule=policy_offset_drift severity=warning since=1150 trainerStep=21000 value=medianAbs=7.9734
[ALARM] health active rule=bn_running_variance_jump severity=warning since=20200 trainerStep=21000 value=jumped=1 outliers=9/8 channels=blocks.2.bn1[76]:0.04->21.2
[HEALTH] check trainerStep=21000 generation=0 evaluations=21 live=20 checkpoint=1 stale=0 truncated=0 cost_ms=28.3 train_ms=2733681.1 liveReadFailed=0 lossMaxRatio=1.02 lossMedianRatio=1.00 gradMaxRatio=2.40 rvRiseMax=1358.31 rvOutliers=9/8 nodata=none active=policy_offset_drift:warning,bn_running_variance_jump:warning
[REPLAY] saved trainer model (autosave) step=21000 trainerStep=21000 nextGame=2706558 shard=5 epoch=0 -> 20261008-lrBsiluall-relcap-replay-latest.safetensors
[LAYER-HEALTH] checkpoint replay-autosave step=21000 trainerStep=21000 scope=all_tensors reluSites=0/10 dead=n/a off=n/a alwaysOn=n/a (no relu/leaky_relu BN sites) rvMaxOverMedian=35.8@blocks.2.bn1[31] rvOver10xMedian=9 rezero=none nonFinite=0 parkedSites=9/10 parkedCh=1040 parked=0 parkedOff=0 parkedBy=none seZeroVel=none valueFC1ZeroVel=0/128 maxAbs=24.62@blocks.1.bn2.running_var
[LAYER-HEALTH]   batch-norm sites — β/|γ|: dead < -3.00, mostly off < -2.00, always on > +3.00; classified for relu/leaky_relu only
[LAYER-HEALTH]     site            act            ch   dead    off     on  zeroγ nonfin  min β/|γ| [ch]     max β/|γ| [ch]     rv max/median [ch]  rv≥10x
[LAYER-HEALTH]     stem.bn         -             128    n/a    n/a    n/a      0      0     -0.70 [97]         +0.30 [15]            3.0 [68]           0
[LAYER-HEALTH]     blocks.0.bn1    silu          128    n/a    n/a    n/a      0      0     -0.69 [21]         +0.16 [64]            3.5 [43]           0
[LAYER-HEALTH]     blocks.0.bn2    silu          128    n/a    n/a    n/a      0      0     -1.15 [109]        +9.75 [49]            7.8 [96]           0
[LAYER-HEALTH]     blocks.1.bn1    silu          128    n/a    n/a    n/a      0      0     -1.27 [17]         +0.02 [31]           32.6 [31]           4
[LAYER-HEALTH]     blocks.1.bn2    silu          128    n/a    n/a    n/a      0      0     -1.23 [7]          -0.16 [101]          13.9 [32]           1
[LAYER-HEALTH]     blocks.2.bn1    silu          128    n/a    n/a    n/a      0      0     -1.69 [17]         +1.19 [31]           35.8 [31]           4
[LAYER-HEALTH]     blocks.2.bn2    silu          128    n/a    n/a    n/a      0      0     -1.49 [85]         -0.10 [105]           3.6 [26]           0
[LAYER-HEALTH]     tower_final_bn  silu          128    n/a    n/a    n/a      0      0     -0.58 [83]         +0.98 [111]           8.2 [31]           0
[LAYER-HEALTH]     policy.pre_bn   silu          128    n/a    n/a    n/a      0      0     -1.03 [88]         +2.02 [22]            3.3 [120]          0
[LAYER-HEALTH]     value.bn        silu           16    n/a    n/a    n/a      0      0     -0.85 [8]          +0.30 [6]             1.6 [6]            0
[LAYER-HEALTH]   parked channels — every activation: pass-through P = E|f'(γz+β)|, z ~ N(0,1); parked when P above its floor < 0.00135 of the range (Φ(-3)), mostly off < 0.02275 (Φ(-2)); equals dead / off for relu/leaky_relu
[LAYER-HEALTH]     site            act            ch parked    off       min P   median P
[LAYER-HEALTH]     blocks.0.bn1    silu          128      0      0    0.309926   0.448630
[LAYER-HEALTH]     blocks.0.bn2    silu          128      0      0    0.183266   0.397429
[LAYER-HEALTH]     blocks.1.bn1    silu          128      0      0    0.165819   0.345935
[LAYER-HEALTH]     blocks.1.bn2    silu          128      0      0    0.176517   0.322902
[LAYER-HEALTH]     blocks.2.bn1    silu          128      0      0    0.102177   0.309298
[LAYER-HEALTH]     blocks.2.bn2    silu          128      0      0    0.143358   0.354718
[LAYER-HEALTH]     tower_final_bn  silu          128      0      0    0.331999   0.532594
[LAYER-HEALTH]     policy.pre_bn   silu          128      0      0    0.225213   0.528405
[LAYER-HEALTH]     value.bn        silu           16      0      0    0.255467   0.331343
[LAYER-HEALTH]   FC hidden-unit velocity — zero: every weight-velocity entry exactly 0; low: nonzero but < 5% of the layer's p90 unit norm
[LAYER-HEALTH]     value.fc1.weight  silu  units 128  zero 0  low 0  median unit norm 0.01179
[LAYER-HEALTH]     (no SE blocks)
[LAYER-HEALTH]   ReZero: none
[LAYER-HEALTH]   non-finite: 0 values in 0 of 102 tensors (10263038 values examined)
[LAYER-HEALTH]   largest |value|: blocks.1.bn2.running_var 24.62, blocks.2.bn1.running_var 16.39, blocks.0.bn2.running_var 14.84, blocks.1.bn1.running_var 12.8, blocks.2.bn2.running_var 6.264
[REPLAY] enumerated checkpoint -> 20261008-lrBsiluall-relcap-replay-step21000.safetensors
[REPLAY] step=21060 loss=3.4433 pLoss=2.6651 vLoss=0.7700 pEnt=2.861 pIllM=0.0082 playedP=0.168 pW=0.46 pD=0.06 pL=0.48 vAbs=0.295 pLogitMean=-8.0519 vLogitMean=0.5724 gNorm=0.357 lr=0.979 ms=3499.2 buf=500000 plies=179946539 games=2714182 rejected=0 skipped=0 epoch=0 mom=0.8501 lrCyc[pk=9.8e-01,tr=9.9e-04] gNormMax=0.4309 clips=0 gCap=1.1034 trainerStep=21060
[LAYER-HEALTH] live trainerStep=21060 scope=batch_norm_state_only reluSites=0/10 dead=n/a off=n/a alwaysOn=n/a (no relu/leaky_relu BN sites) rvMaxOverMedian=35.5@blocks.2.bn1[31] rvOver10xMedian=9 rezero=none nonFinite=0 parkedSites=9/10 parkedCh=1040 parked=0 parkedOff=0 parkedBy=none
[REPLAY] step=21130 loss=3.4473 pLoss=2.6913 vLoss=0.7488 pEnt=2.871 pIllM=0.0071 playedP=0.161 pW=0.49 pD=0.06 pL=0.45 vAbs=0.293 pLogitMean=-8.1282 vLogitMean=0.5800 gNorm=0.325 lr=0.97 ms=3533.4 buf=500000 plies=180543817 games=2723066 rejected=0 skipped=0 epoch=0 mom=0.8503 lrCyc[pk=9.8e-01,tr=9.9e-04] gNormMax=0.3974 clips=0 gCap=1.1041 trainerStep=21130
[LAYER-HEALTH] live trainerStep=21130 scope=batch_norm_state_only reluSites=0/10 dead=n/a off=n/a alwaysOn=n/a (no relu/leaky_relu BN sites) rvMaxOverMedian=35.1@blocks.2.bn1[31] rvOver10xMedian=9 rezero=none nonFinite=0 parkedSites=9/10 parkedCh=1040 parked=0 parkedOff=0 parkedBy=none
[REPLAY] step=21190 loss=3.4241 pLoss=2.6443 vLoss=0.7718 pEnt=2.866 pIllM=0.0080 playedP=0.164 pW=0.44 pD=0.05 pL=0.50 vAbs=0.306 pLogitMean=-8.1344 vLogitMean=0.5776 gNorm=0.366 lr=0.958 ms=3236.4 buf=500000 plies=181055832 games=2730722 rejected=0 skipped=0 epoch=0 mom=0.8505 lrCyc[pk=9.8e-01,tr=9.9e-04] gNormMax=0.4637 clips=0 gCap=1.1034 trainerStep=21190
[LAYER-HEALTH] live trainerStep=21190 scope=batch_norm_state_only reluSites=0/10 dead=n/a off=n/a alwaysOn=n/a (no relu/leaky_relu BN sites) rvMaxOverMedian=34.5@blocks.2.bn1[31] rvOver10xMedian=9 rezero=none nonFinite=0 parkedSites=9/10 parkedCh=1040 parked=0 parkedOff=0 parkedBy=none
[ALARM] health clear rule=bn_running_variance_jump severity=warning since=20200 trainerStep=21200 value=jumped=0 outliers=9/9
[REPLAY] step=21260 loss=3.4811 pLoss=2.6967 vLoss=0.7773 pEnt=2.896 pIllM=0.0071 playedP=0.159 pW=0.46 pD=0.07 pL=0.47 vAbs=0.291 pLogitMean=-8.1973 vLogitMean=0.5790 gNorm=0.315 lr=0.937 ms=4385.5 buf=500000 plies=181653214 games=2739659 rejected=0 skipped=0 epoch=0 mom=0.8508 lrCyc[pk=9.8e-01,tr=9.9e-04] gNormMax=0.4297 clips=0 gCap=1.0989 trainerStep=21260
[LAYER-HEALTH] live trainerStep=21260 scope=batch_norm_state_only reluSites=0/10 dead=n/a off=n/a alwaysOn=n/a (no relu/leaky_relu BN sites) rvMaxOverMedian=34.5@blocks.2.bn1[31] rvOver10xMedian=9 rezero=none nonFinite=0 parkedSites=9/10 parkedCh=1040 parked=0 parkedOff=0 parkedBy=none
[REPLAY] step=21320 loss=3.5256 pLoss=2.7596 vLoss=0.7586 pEnt=2.861 pIllM=0.0075 playedP=0.165 pW=0.48 pD=0.06 pL=0.46 vAbs=0.271 pLogitMean=-8.2421 vLogitMean=0.5796 gNorm=0.325 lr=0.916 ms=2696.7 buf=500000 plies=182165115 games=2747363 rejected=0 skipped=0 epoch=0 mom=0.8511 lrCyc[pk=9.8e-01,tr=9.9e-04] gNormMax=0.4044 clips=0 gCap=1.0943 trainerStep=21320
[LAYER-HEALTH] live trainerStep=21320 scope=batch_norm_state_only reluSites=0/10 dead=n/a off=n/a alwaysOn=n/a (no relu/leaky_relu BN sites) rvMaxOverMedian=34.9@blocks.2.bn1[31] rvOver10xMedian=9 rezero=none nonFinite=0 parkedSites=9/10 parkedCh=1040 parked=0 parkedOff=0 parkedBy=none
[REPLAY] step=21390 loss=3.4910 pLoss=2.7254 vLoss=0.7597 pEnt=2.849 pIllM=0.0059 playedP=0.166 pW=0.48 pD=0.06 pL=0.46 vAbs=0.284 pLogitMean=-8.3031 vLogitMean=0.5757 gNorm=0.309 lr=0.885 ms=3675.8 buf=500000 plies=182762449 games=2756283 rejected=0 skipped=0 epoch=0 mom=0.8516 lrCyc[pk=9.8e-01,tr=9.9e-04] gNormMax=0.4028 clips=0 gCap=1.0858 trainerStep=21390
[LAYER-HEALTH] live trainerStep=21390 scope=batch_norm_state_only reluSites=0/10 dead=n/a off=n/a alwaysOn=n/a (no relu/leaky_relu BN sites) rvMaxOverMedian=34.7@blocks.2.bn1[31] rvOver10xMedian=9 rezero=none nonFinite=0 parkedSites=9/10 parkedCh=1040 parked=0 parkedOff=0 parkedBy=none
[REPLAY] step=21450 loss=3.5069 pLoss=2.7370 vLoss=0.7639 pEnt=2.878 pIllM=0.0061 playedP=0.162 pW=0.49 pD=0.07 pL=0.45 vAbs=0.285 pLogitMean=-8.3206 vLogitMean=0.5825 gNorm=0.344 lr=0.856 ms=3841.8 buf=500000 plies=183274434 games=2763942 rejected=0 skipped=0 epoch=0 mom=0.8521 lrCyc[pk=9.8e-01,tr=9.9e-04] gNormMax=0.4137 clips=0 gCap=1.0809 trainerStep=21450
[LAYER-HEALTH] live trainerStep=21450 scope=batch_norm_state_only reluSites=0/10 dead=n/a off=n/a alwaysOn=n/a (no relu/leaky_relu BN sites) rvMaxOverMedian=35.6@blocks.1.bn1[31] rvOver10xMedian=9 rezero=none nonFinite=0 parkedSites=9/10 parkedCh=1040 parked=0 parkedOff=0 parkedBy=none
[REPLAY] step=21510 loss=3.4078 pLoss=2.6478 vLoss=0.7539 pEnt=2.886 pIllM=0.0061 playedP=0.162 pW=0.45 pD=0.06 pL=0.49 vAbs=0.308 pLogitMean=-8.3321 vLogitMean=0.5752 gNorm=0.336 lr=0.823 ms=3998.4 buf=500000 plies=183786399 games=2771683 rejected=0 skipped=0 epoch=0 mom=0.8526 lrCyc[pk=9.8e-01,tr=9.9e-04] gNormMax=0.3808 clips=0 gCap=1.0729 trainerStep=21510
[LAYER-HEALTH] live trainerStep=21510 scope=batch_norm_state_only reluSites=0/10 dead=n/a off=n/a alwaysOn=n/a (no relu/leaky_relu BN sites) rvMaxOverMedian=37.0@blocks.1.bn1[31] rvOver10xMedian=11 rezero=none nonFinite=0 parkedSites=9/10 parkedCh=1040 parked=0 parkedOff=0 parkedBy=none
[REPLAY] step=21580 loss=3.4953 pLoss=2.7087 vLoss=0.7804 pEnt=2.882 pIllM=0.0062 playedP=0.162 pW=0.47 pD=0.06 pL=0.46 vAbs=0.270 pLogitMean=-8.3585 vLogitMean=0.5836 gNorm=0.298 lr=0.782 ms=3288.9 buf=500000 plies=184383669 games=2780602 rejected=0 skipped=0 epoch=0 mom=0.8534 lrCyc[pk=9.8e-01,tr=9.9e-04] gNormMax=0.3813 clips=0 gCap=1.0629 trainerStep=21580
[LAYER-HEALTH] live trainerStep=21580 scope=batch_norm_state_only reluSites=0/10 dead=n/a off=n/a alwaysOn=n/a (no relu/leaky_relu BN sites) rvMaxOverMedian=37.2@blocks.2.bn1[31] rvOver10xMedian=11 rezero=none nonFinite=0 parkedSites=9/10 parkedCh=1040 parked=0 parkedOff=0 parkedBy=none
[REPLAY] step=21650 loss=3.5044 pLoss=2.7269 vLoss=0.7716 pEnt=2.861 pIllM=0.0059 playedP=0.167 pW=0.47 pD=0.06 pL=0.47 vAbs=0.271 pLogitMean=-8.3801 vLogitMean=0.5811 gNorm=0.305 lr=0.739 ms=3597.2 buf=500000 plies=184981023 games=2789520 rejected=0 skipped=0 epoch=0 mom=0.8542 lrCyc[pk=9.8e-01,tr=9.9e-04] gNormMax=0.3669 clips=0 gCap=1.0534 trainerStep=21650
[LAYER-HEALTH] live trainerStep=21650 scope=batch_norm_state_only reluSites=0/10 dead=n/a off=n/a alwaysOn=n/a (no relu/leaky_relu BN sites) rvMaxOverMedian=37.5@blocks.1.bn1[31] rvOver10xMedian=11 rezero=none nonFinite=0 parkedSites=9/10 parkedCh=1040 parked=0 parkedOff=0 parkedBy=none
[REPLAY] step=21710 loss=3.4833 pLoss=2.7126 vLoss=0.7651 pEnt=2.862 pIllM=0.0055 playedP=0.169 pW=0.48 pD=0.06 pL=0.46 vAbs=0.285 pLogitMean=-8.4077 vLogitMean=0.5787 gNorm=0.344 lr=0.7 ms=4206.1 buf=500000 plies=185492956 games=2797258 rejected=0 skipped=0 epoch=0 mom=0.8550 lrCyc[pk=9.8e-01,tr=9.9e-04] gNormMax=0.3574 clips=0 gCap=1.0410 trainerStep=21710
[LAYER-HEALTH] live trainerStep=21710 scope=batch_norm_state_only reluSites=0/10 dead=n/a off=n/a alwaysOn=n/a (no relu/leaky_relu BN sites) rvMaxOverMedian=38.1@blocks.1.bn1[31] rvOver10xMedian=11 rezero=none nonFinite=0 parkedSites=9/10 parkedCh=1040 parked=0 parkedOff=0 parkedBy=none
[REPLAY] step=21780 loss=3.5228 pLoss=2.7375 vLoss=0.7801 pEnt=2.865 pIllM=0.0052 playedP=0.169 pW=0.48 pD=0.07 pL=0.45 vAbs=0.266 pLogitMean=-8.4266 vLogitMean=0.5794 gNorm=0.299 lr=0.654 ms=4260.2 buf=500000 plies=186090277 games=2806211 rejected=0 skipped=0 epoch=0 mom=0.8560 lrCyc[pk=9.8e-01,tr=9.9e-04] gNormMax=0.3728 clips=0 gCap=1.0245 trainerStep=21780
[LAYER-HEALTH] live trainerStep=21780 scope=batch_norm_state_only reluSites=0/10 dead=n/a off=n/a alwaysOn=n/a (no relu/leaky_relu BN sites) rvMaxOverMedian=38.9@blocks.2.bn1[31] rvOver10xMedian=11 rezero=none nonFinite=0 parkedSites=9/10 parkedCh=1040 parked=0 parkedOff=0 parkedBy=none
[REPLAY] step=21840 loss=3.5115 pLoss=2.7358 vLoss=0.7710 pEnt=2.874 pIllM=0.0048 playedP=0.161 pW=0.46 pD=0.06 pL=0.48 vAbs=0.256 pLogitMean=-8.4534 vLogitMean=0.5789 gNorm=0.350 lr=0.614 ms=4928.9 buf=500000 plies=186602277 games=2813863 rejected=0 skipped=0 epoch=0 mom=0.8569 lrCyc[pk=9.8e-01,tr=9.9e-04] gNormMax=0.3500 clips=0 gCap=1.0140 trainerStep=21840
[LAYER-HEALTH] live trainerStep=21840 scope=batch_norm_state_only reluSites=0/10 dead=n/a off=n/a alwaysOn=n/a (no relu/leaky_relu BN sites) rvMaxOverMedian=40.0@blocks.1.bn1[31] rvOver10xMedian=11 rezero=none nonFinite=0 parkedSites=9/10 parkedCh=1040 parked=0 parkedOff=0 parkedBy=none
[REPLAY] step=21910 loss=3.5185 pLoss=2.7204 vLoss=0.7923 pEnt=2.866 pIllM=0.0058 playedP=0.170 pW=0.48 pD=0.07 pL=0.45 vAbs=0.265 pLogitMean=-8.4434 vLogitMean=0.5828 gNorm=0.298 lr=0.567 ms=4736.3 buf=500000 plies=187199559 games=2822774 rejected=0 skipped=0 epoch=0 mom=0.8580 lrCyc[pk=9.8e-01,tr=9.9e-04] gNormMax=0.4009 clips=0 gCap=1.0031 trainerStep=21910
[LAYER-HEALTH] live trainerStep=21910 scope=batch_norm_state_only reluSites=0/10 dead=n/a off=n/a alwaysOn=n/a (no relu/leaky_relu BN sites) rvMaxOverMedian=39.9@blocks.2.bn1[31] rvOver10xMedian=11 rezero=none nonFinite=0 parkedSites=9/10 parkedCh=1040 parked=0 parkedOff=0 parkedBy=none
[REPLAY] step=21980 loss=3.5112 pLoss=2.7180 vLoss=0.7893 pEnt=2.872 pIllM=0.0039 playedP=0.168 pW=0.47 pD=0.06 pL=0.47 vAbs=0.267 pLogitMean=-8.4418 vLogitMean=0.5820 gNorm=0.298 lr=0.521 ms=4609.3 buf=500000 plies=187796947 games=2831674 rejected=0 skipped=0 epoch=0 mom=0.8593 lrCyc[pk=9.8e-01,tr=9.9e-04] gNormMax=0.3589 clips=0 gCap=0.9930 trainerStep=21980
[LAYER-HEALTH] live trainerStep=21980 scope=batch_norm_state_only reluSites=0/10 dead=n/a off=n/a alwaysOn=n/a (no relu/leaky_relu BN sites) rvMaxOverMedian=41.0@blocks.2.bn1[31] rvOver10xMedian=11 rezero=none nonFinite=0 parkedSites=9/10 parkedCh=1040 parked=0 parkedOff=0 parkedBy=none
[REPLAY] step=22000 loss=3.4686 pLoss=2.6817 vLoss=0.7826 pEnt=2.854 pIllM=0.0043 playedP=0.174 pW=0.46 pD=0.06 pL=0.48 vAbs=0.264 pLogitMean=-8.4723 vLogitMean=0.5879 gNorm=0.287 lr=0.508 ms=2853.5 buf=500000 plies=187967542 games=2834224 rejected=0 skipped=0 epoch=0 mom=0.8596 lrCyc[pk=9.8e-01,tr=9.9e-04] gNormMax=0.3127 clips=0 gCap=0.9895 trainerStep=22000
[LAYER-HEALTH] live trainerStep=22000 scope=batch_norm_state_only reluSites=0/10 dead=n/a off=n/a alwaysOn=n/a (no relu/leaky_relu BN sites) rvMaxOverMedian=41.0@blocks.2.bn1[31] rvOver10xMedian=11 rezero=none nonFinite=0 parkedSites=9/10 parkedCh=1040 parked=0 parkedOff=0 parkedBy=none
[ALARM] health active rule=policy_offset_drift severity=warning since=1150 trainerStep=22000 value=medianAbs=8.4418
[HEALTH] check trainerStep=22000 generation=0 evaluations=21 live=20 checkpoint=1 stale=0 truncated=0 cost_ms=17.6 train_ms=2847063.8 liveReadFailed=0 lossMaxRatio=1.03 lossMedianRatio=1.01 gradMaxRatio=1.26 rvRiseMax=572.00 rvOutliers=11/9 nodata=none active=policy_offset_drift:warning
[REPLAY] saved trainer model (autosave) step=22000 trainerStep=22000 nextGame=2834224 shard=6 epoch=0 -> 20261008-lrBsiluall-relcap-replay-latest.safetensors
[LAYER-HEALTH] checkpoint replay-autosave step=22000 trainerStep=22000 scope=all_tensors reluSites=0/10 dead=n/a off=n/a alwaysOn=n/a (no relu/leaky_relu BN sites) rvMaxOverMedian=41.0@blocks.2.bn1[31] rvOver10xMedian=11 rezero=none nonFinite=0 parkedSites=9/10 parkedCh=1040 parked=0 parkedOff=0 parkedBy=none seZeroVel=none valueFC1ZeroVel=0/128 maxAbs=25.44@blocks.1.bn2.running_var
[LAYER-HEALTH]   batch-norm sites — β/|γ|: dead < -3.00, mostly off < -2.00, always on > +3.00; classified for relu/leaky_relu only
[LAYER-HEALTH]     site            act            ch   dead    off     on  zeroγ nonfin  min β/|γ| [ch]     max β/|γ| [ch]     rv max/median [ch]  rv≥10x
[LAYER-HEALTH]     stem.bn         -             128    n/a    n/a    n/a      0      0     -0.80 [97]         +0.37 [51]            4.1 [118]          0
[LAYER-HEALTH]     blocks.0.bn1    silu          128    n/a    n/a    n/a      0      0     -0.74 [21]         +0.18 [64]            4.1 [43]           0
[LAYER-HEALTH]     blocks.0.bn2    silu          128    n/a    n/a    n/a      0      0     -1.19 [109]       +11.22 [49]            6.9 [96]           0
[LAYER-HEALTH]     blocks.1.bn1    silu          128    n/a    n/a    n/a      0      0     -1.21 [17]         +0.01 [31]           40.4 [31]           6
[LAYER-HEALTH]     blocks.1.bn2    silu          128    n/a    n/a    n/a      0      0     -1.30 [30]         -0.24 [101]          13.4 [32]           1
[LAYER-HEALTH]     blocks.2.bn1    silu          128    n/a    n/a    n/a      0      0     -1.75 [69]         +1.39 [31]           41.0 [31]           4
[LAYER-HEALTH]     blocks.2.bn2    silu          128    n/a    n/a    n/a      0      0     -1.56 [85]         -0.07 [105]           3.3 [26]           0
[LAYER-HEALTH]     tower_final_bn  silu          128    n/a    n/a    n/a      0      0     -0.61 [83]         +0.99 [111]           9.0 [31]           0
[LAYER-HEALTH]     policy.pre_bn   silu          128    n/a    n/a    n/a      0      0     -1.05 [88]         +2.13 [22]            3.5 [120]          0
[LAYER-HEALTH]     value.bn        silu           16    n/a    n/a    n/a      0      0     -0.92 [8]          +0.54 [6]             1.8 [6]            0
[LAYER-HEALTH]   parked channels — every activation: pass-through P = E|f'(γz+β)|, z ~ N(0,1); parked when P above its floor < 0.00135 of the range (Φ(-3)), mostly off < 0.02275 (Φ(-2)); equals dead / off for relu/leaky_relu
[LAYER-HEALTH]     site            act            ch parked    off       min P   median P
[LAYER-HEALTH]     blocks.0.bn1    silu          128      0      0    0.297540   0.445557
[LAYER-HEALTH]     blocks.0.bn2    silu          128      0      0    0.173404   0.375608
[LAYER-HEALTH]     blocks.1.bn1    silu          128      0      0    0.174132   0.329331
[LAYER-HEALTH]     blocks.1.bn2    silu          128      0      0    0.164105   0.305309
[LAYER-HEALTH]     blocks.2.bn1    silu          128      0      0    0.097102   0.291411
[LAYER-HEALTH]     blocks.2.bn2    silu          128      0      0    0.134306   0.340889
[LAYER-HEALTH]     tower_final_bn  silu          128      0      0    0.321453   0.523951
[LAYER-HEALTH]     policy.pre_bn   silu          128      0      0    0.220850   0.528102
[LAYER-HEALTH]     value.bn        silu           16      0      0    0.237316   0.316062
[LAYER-HEALTH]   FC hidden-unit velocity — zero: every weight-velocity entry exactly 0; low: nonzero but < 5% of the layer's p90 unit norm
[LAYER-HEALTH]     value.fc1.weight  silu  units 128  zero 0  low 0  median unit norm 0.008757
[LAYER-HEALTH]     (no SE blocks)
[LAYER-HEALTH]   ReZero: none
[LAYER-HEALTH]   non-finite: 0 values in 0 of 102 tensors (10263038 values examined)
[LAYER-HEALTH]   largest |value|: blocks.1.bn2.running_var 25.44, blocks.2.bn1.running_var 17.57, blocks.0.bn2.running_var 15.38, blocks.1.bn1.running_var 15.11, policy.pre_bn.running_var 6.478
[REPLAY] enumerated checkpoint -> 20261008-lrBsiluall-relcap-replay-step22000.safetensors
[REPLAY] step=22060 loss=3.4881 pLoss=2.7046 vLoss=0.7789 pEnt=2.849 pIllM=0.0046 playedP=0.174 pW=0.47 pD=0.06 pL=0.47 vAbs=0.251 pLogitMean=-8.4716 vLogitMean=0.5863 gNorm=0.288 lr=0.469 ms=5011.6 buf=500000 plies=188479586 games=2841841 rejected=0 skipped=0 epoch=0 mom=0.8608 lrCyc[pk=9.8e-01,tr=9.9e-04] gNormMax=0.3640 clips=0 gCap=0.9765 trainerStep=22060
[LAYER-HEALTH] live trainerStep=22060 scope=batch_norm_state_only reluSites=0/10 dead=n/a off=n/a alwaysOn=n/a (no relu/leaky_relu BN sites) rvMaxOverMedian=41.5@blocks.2.bn1[31] rvOver10xMedian=11 rezero=none nonFinite=0 parkedSites=9/10 parkedCh=1040 parked=0 parkedOff=0 parkedBy=none
[REPLAY] step=22130 loss=3.5697 pLoss=2.7639 vLoss=0.8022 pEnt=2.857 pIllM=0.0036 playedP=0.170 pW=0.49 pD=0.07 pL=0.44 vAbs=0.253 pLogitMean=-8.4720 vLogitMean=0.5843 gNorm=0.301 lr=0.426 ms=3915.5 buf=500000 plies=189076848 games=2850793 rejected=0 skipped=0 epoch=0 mom=0.8622 lrCyc[pk=9.8e-01,tr=9.9e-04] gNormMax=0.3434 clips=0 gCap=0.9667 trainerStep=22130
[LAYER-HEALTH] live trainerStep=22130 scope=batch_norm_state_only reluSites=0/10 dead=n/a off=n/a alwaysOn=n/a (no relu/leaky_relu BN sites) rvMaxOverMedian=42.0@blocks.2.bn1[31] rvOver10xMedian=11 rezero=none nonFinite=0 parkedSites=9/10 parkedCh=1040 parked=0 parkedOff=0 parkedBy=none
[REPLAY] step=22200 loss=3.5580 pLoss=2.7409 vLoss=0.8135 pEnt=2.900 pIllM=0.0036 playedP=0.163 pW=0.46 pD=0.07 pL=0.47 vAbs=0.241 pLogitMean=-8.4743 vLogitMean=0.5817 gNorm=0.275 lr=0.385 ms=4139.1 buf=500000 plies=189674204 games=2859740 rejected=0 skipped=0 epoch=0 mom=0.8636 lrCyc[pk=9.8e-01,tr=9.9e-04] gNormMax=0.3338 clips=0 gCap=0.9535 trainerStep=22200
[LAYER-HEALTH] live trainerStep=22200 scope=batch_norm_state_only reluSites=0/10 dead=n/a off=n/a alwaysOn=n/a (no relu/leaky_relu BN sites) rvMaxOverMedian=42.1@blocks.2.bn1[31] rvOver10xMedian=11 rezero=none nonFinite=0 parkedSites=9/10 parkedCh=1040 parked=0 parkedOff=0 parkedBy=none
[REPLAY] step=22260 loss=3.5569 pLoss=2.7470 vLoss=0.8061 pEnt=2.863 pIllM=0.0038 playedP=0.170 pW=0.49 pD=0.07 pL=0.44 vAbs=0.253 pLogitMean=-8.4641 vLogitMean=0.5830 gNorm=0.285 lr=0.352 ms=3633.3 buf=500000 plies=190186205 games=2867356 rejected=0 skipped=0 epoch=0 mom=0.8650 lrCyc[pk=9.8e-01,tr=9.9e-04] gNormMax=0.3301 clips=0 gCap=0.9416 trainerStep=22260
[LAYER-HEALTH] live trainerStep=22260 scope=batch_norm_state_only reluSites=0/10 dead=n/a off=n/a alwaysOn=n/a (no relu/leaky_relu BN sites) rvMaxOverMedian=42.4@blocks.2.bn1[31] rvOver10xMedian=12 rezero=none nonFinite=0 parkedSites=9/10 parkedCh=1040 parked=0 parkedOff=0 parkedBy=none
[REPLAY] step=22320 loss=3.4746 pLoss=2.6746 vLoss=0.7969 pEnt=2.869 pIllM=0.0031 playedP=0.167 pW=0.45 pD=0.07 pL=0.49 vAbs=0.251 pLogitMean=-8.4757 vLogitMean=0.5795 gNorm=0.311 lr=0.32 ms=3967.4 buf=500000 plies=190698253 games=2875023 rejected=0 skipped=0 epoch=0 mom=0.8663 lrCyc[pk=9.8e-01,tr=9.9e-04] gNormMax=0.3113 clips=0 gCap=0.9330 trainerStep=22320
[LAYER-HEALTH] live trainerStep=22320 scope=batch_norm_state_only reluSites=0/10 dead=n/a off=n/a alwaysOn=n/a (no relu/leaky_relu BN sites) rvMaxOverMedian=43.0@blocks.2.bn1[31] rvOver10xMedian=12 rezero=none nonFinite=0 parkedSites=9/10 parkedCh=1040 parked=0 parkedOff=0 parkedBy=none
[REPLAY] step=22390 loss=3.5415 pLoss=2.7460 vLoss=0.7918 pEnt=2.855 pIllM=0.0037 playedP=0.177 pW=0.47 pD=0.06 pL=0.47 vAbs=0.241 pLogitMean=-8.4684 vLogitMean=0.5784 gNorm=0.253 lr=0.285 ms=3326.3 buf=500000 plies=191295393 games=2884031 rejected=0 skipped=0 epoch=0 mom=0.8680 lrCyc[pk=9.8e-01,tr=9.9e-04] gNormMax=0.3064 clips=0 gCap=0.9190 trainerStep=22390
[LAYER-HEALTH] live trainerStep=22390 scope=batch_norm_state_only reluSites=0/10 dead=n/a off=n/a alwaysOn=n/a (no relu/leaky_relu BN sites) rvMaxOverMedian=44.4@blocks.2.bn1[31] rvOver10xMedian=12 rezero=none nonFinite=0 parkedSites=9/10 parkedCh=1040 parked=0 parkedOff=0 parkedBy=none
[REPLAY] step=22460 loss=3.5067 pLoss=2.7171 vLoss=0.7867 pEnt=2.862 pIllM=0.0029 playedP=0.172 pW=0.46 pD=0.06 pL=0.48 vAbs=0.236 pLogitMean=-8.4750 vLogitMean=0.5797 gNorm=0.275 lr=0.254 ms=3404.0 buf=500000 plies=191892762 games=2892978 rejected=0 skipped=0 epoch=0 mom=0.8697 lrCyc[pk=9.8e-01,tr=9.9e-04] gNormMax=0.2960 clips=0 gCap=0.9031 trainerStep=22460
[LAYER-HEALTH] live trainerStep=22460 scope=batch_norm_state_only reluSites=0/10 dead=n/a off=n/a alwaysOn=n/a (no relu/leaky_relu BN sites) rvMaxOverMedian=44.7@blocks.2.bn1[31] rvOver10xMedian=12 rezero=none nonFinite=0 parkedSites=9/10 parkedCh=1040 parked=0 parkedOff=0 parkedBy=none
[REPLAY] step=22530 loss=3.5429 pLoss=2.7336 vLoss=0.8062 pEnt=2.875 pIllM=0.0031 playedP=0.168 pW=0.48 pD=0.06 pL=0.46 vAbs=0.241 pLogitMean=-8.4704 vLogitMean=0.5805 gNorm=0.258 lr=0.224 ms=3920.0 buf=500000 plies=192490065 games=2901948 rejected=0 skipped=0 epoch=0 mom=0.8715 lrCyc[pk=9.8e-01,tr=9.9e-04] gNormMax=0.2947 clips=0 gCap=0.8879 trainerStep=22530
[LAYER-HEALTH] live trainerStep=22530 scope=batch_norm_state_only reluSites=0/10 dead=n/a off=n/a alwaysOn=n/a (no relu/leaky_relu BN sites) rvMaxOverMedian=45.9@blocks.2.bn1[31] rvOver10xMedian=11 rezero=none nonFinite=0 parkedSites=9/10 parkedCh=1040 parked=0 parkedOff=0 parkedBy=none
[REPLAY] step=22600 loss=3.5278 pLoss=2.7316 vLoss=0.7933 pEnt=2.847 pIllM=0.0028 playedP=0.176 pW=0.47 pD=0.06 pL=0.47 vAbs=0.231 pLogitMean=-8.4726 vLogitMean=0.5776 gNorm=0.252 lr=0.198 ms=3110.9 buf=500000 plies=193087343 games=2910983 rejected=0 skipped=0 epoch=0 mom=0.8733 lrCyc[pk=9.8e-01,tr=9.9e-04] gNormMax=0.3092 clips=0 gCap=0.8704 trainerStep=22600
[LAYER-HEALTH] live trainerStep=22600 scope=batch_norm_state_only reluSites=0/10 dead=n/a off=n/a alwaysOn=n/a (no relu/leaky_relu BN sites) rvMaxOverMedian=46.6@blocks.2.bn1[31] rvOver10xMedian=11 rezero=none nonFinite=0 parkedSites=9/10 parkedCh=1040 parked=0 parkedOff=0 parkedBy=none
[REPLAY] step=22680 loss=3.5079 pLoss=2.7167 vLoss=0.7883 pEnt=2.835 pIllM=0.0030 playedP=0.181 pW=0.48 pD=0.06 pL=0.46 vAbs=0.242 pLogitMean=-8.4721 vLogitMean=0.5767 gNorm=0.278 lr=0.17 ms=3737.0 buf=500000 plies=193770030 games=2921133 rejected=0 skipped=0 epoch=0 mom=0.8754 lrCyc[pk=9.8e-01,tr=9.9e-04] gNormMax=0.2815 clips=0 gCap=0.8533 trainerStep=22680
[LAYER-HEALTH] live trainerStep=22680 scope=batch_norm_state_only reluSites=0/10 dead=n/a off=n/a alwaysOn=n/a (no relu/leaky_relu BN sites) rvMaxOverMedian=47.2@blocks.2.bn1[31] rvOver10xMedian=11 rezero=none nonFinite=0 parkedSites=9/10 parkedCh=1040 parked=0 parkedOff=0 parkedBy=none
[REPLAY] step=22760 loss=3.5188 pLoss=2.7204 vLoss=0.7957 pEnt=2.867 pIllM=0.0027 playedP=0.172 pW=0.47 pD=0.06 pL=0.47 vAbs=0.226 pLogitMean=-8.4715 vLogitMean=0.5788 gNorm=0.240 lr=0.146 ms=2873.7 buf=500000 plies=194452674 games=2931358 rejected=0 skipped=0 epoch=0 mom=0.8777 lrCyc[pk=9.8e-01,tr=9.9e-04] gNormMax=0.2817 clips=0 gCap=0.8350 trainerStep=22760
[LAYER-HEALTH] live trainerStep=22760 scope=batch_norm_state_only reluSites=0/10 dead=n/a off=n/a alwaysOn=n/a (no relu/leaky_relu BN sites) rvMaxOverMedian=48.2@blocks.2.bn1[31] rvOver10xMedian=11 rezero=none nonFinite=0 parkedSites=9/10 parkedCh=1040 parked=0 parkedOff=0 parkedBy=none
[REPLAY] step=22830 loss=3.5195 pLoss=2.7101 vLoss=0.8069 pEnt=2.866 pIllM=0.0026 playedP=0.176 pW=0.46 pD=0.07 pL=0.48 vAbs=0.232 pLogitMean=-8.4691 vLogitMean=0.5794 gNorm=0.248 lr=0.128 ms=3232.5 buf=500000 plies=195049982 games=2940312 rejected=0 skipped=0 epoch=0 mom=0.8796 lrCyc[pk=9.8e-01,tr=9.9e-04] gNormMax=0.2844 clips=0 gCap=0.8199 trainerStep=22830
[LAYER-HEALTH] live trainerStep=22830 scope=batch_norm_state_only reluSites=0/10 dead=n/a off=n/a alwaysOn=n/a (no relu/leaky_relu BN sites) rvMaxOverMedian=49.4@blocks.2.bn1[31] rvOver10xMedian=12 rezero=none nonFinite=0 parkedSites=9/10 parkedCh=1040 parked=0 parkedOff=0 parkedBy=none
[REPLAY] step=22910 loss=3.5524 pLoss=2.7377 vLoss=0.8123 pEnt=2.875 pIllM=0.0023 playedP=0.171 pW=0.47 pD=0.07 pL=0.46 vAbs=0.219 pLogitMean=-8.4637 vLogitMean=0.5805 gNorm=0.229 lr=0.109 ms=2871.8 buf=500000 plies=195732557 games=2950579 rejected=0 skipped=0 epoch=0 mom=0.8820 lrCyc[pk=9.8e-01,tr=9.9e-04] gNormMax=0.2663 clips=0 gCap=0.8054 trainerStep=22910
[LAYER-HEALTH] live trainerStep=22910 scope=batch_norm_state_only reluSites=0/10 dead=n/a off=n/a alwaysOn=n/a (no relu/leaky_relu BN sites) rvMaxOverMedian=50.3@blocks.2.bn1[31] rvOver10xMedian=12 rezero=none nonFinite=0 parkedSites=9/10 parkedCh=1040 parked=0 parkedOff=0 parkedBy=none
[REPLAY] step=22980 loss=3.5613 pLoss=2.7520 vLoss=0.8068 pEnt=2.868 pIllM=0.0026 playedP=0.173 pW=0.47 pD=0.06 pL=0.47 vAbs=0.234 pLogitMean=-8.4704 vLogitMean=0.5779 gNorm=0.258 lr=0.0942 ms=3361.1 buf=500000 plies=196329878 games=2959593 rejected=0 skipped=0 epoch=0 mom=0.8840 lrCyc[pk=9.8e-01,tr=9.9e-04] gNormMax=0.2766 clips=0 gCap=0.7948 trainerStep=22980
[LAYER-HEALTH] live trainerStep=22980 scope=batch_norm_state_only reluSites=0/10 dead=n/a off=n/a alwaysOn=n/a (no relu/leaky_relu BN sites) rvMaxOverMedian=50.6@blocks.2.bn1[31] rvOver10xMedian=12 rezero=none nonFinite=0 parkedSites=9/10 parkedCh=1040 parked=0 parkedOff=0 parkedBy=none
[REPLAY] step=23000 loss=3.5301 pLoss=2.7267 vLoss=0.8012 pEnt=2.861 pIllM=0.0022 playedP=0.175 pW=0.47 pD=0.06 pL=0.47 vAbs=0.233 pLogitMean=-8.4702 vLogitMean=0.5824 gNorm=0.241 lr=0.0904 ms=2248.8 buf=500000 plies=196500576 games=2962130 rejected=0 skipped=0 epoch=0 mom=0.8846 lrCyc[pk=9.8e-01,tr=9.9e-04] gNormMax=0.2597 clips=0 gCap=0.7918 trainerStep=23000
[LAYER-HEALTH] live trainerStep=23000 scope=batch_norm_state_only reluSites=0/10 dead=n/a off=n/a alwaysOn=n/a (no relu/leaky_relu BN sites) rvMaxOverMedian=50.7@blocks.2.bn1[31] rvOver10xMedian=12 rezero=none nonFinite=0 parkedSites=9/10 parkedCh=1040 parked=0 parkedOff=0 parkedBy=none
[ALARM] health active rule=policy_offset_drift severity=warning since=1150 trainerStep=23000 value=medianAbs=8.4704
[HEALTH] check trainerStep=23000 generation=0 evaluations=21 live=20 checkpoint=1 stale=0 truncated=0 cost_ms=15.5 train_ms=2602123.3 liveReadFailed=0 lossMaxRatio=1.03 lossMedianRatio=1.01 gradMaxRatio=1.12 rvRiseMax=1.57 rvOutliers=12/11 nodata=none active=policy_offset_drift:warning
[REPLAY] saved trainer model (autosave) step=23000 trainerStep=23000 nextGame=2962130 shard=6 epoch=0 -> 20261008-lrBsiluall-relcap-replay-latest.safetensors
[LAYER-HEALTH] checkpoint replay-autosave step=23000 trainerStep=23000 scope=all_tensors reluSites=0/10 dead=n/a off=n/a alwaysOn=n/a (no relu/leaky_relu BN sites) rvMaxOverMedian=50.7@blocks.2.bn1[31] rvOver10xMedian=12 rezero=none nonFinite=0 parkedSites=9/10 parkedCh=1040 parked=0 parkedOff=0 parkedBy=none seZeroVel=none valueFC1ZeroVel=0/128 maxAbs=23.14@blocks.1.bn2.running_var
[LAYER-HEALTH]   batch-norm sites — β/|γ|: dead < -3.00, mostly off < -2.00, always on > +3.00; classified for relu/leaky_relu only
[LAYER-HEALTH]     site            act            ch   dead    off     on  zeroγ nonfin  min β/|γ| [ch]     max β/|γ| [ch]     rv max/median [ch]  rv≥10x
[LAYER-HEALTH]     stem.bn         -             128    n/a    n/a    n/a      0      0     -0.80 [97]         +0.38 [51]            3.0 [43]           0
[LAYER-HEALTH]     blocks.0.bn1    silu          128    n/a    n/a    n/a      0      0     -0.75 [21]         +0.20 [64]            4.2 [43]           0
[LAYER-HEALTH]     blocks.0.bn2    silu          128    n/a    n/a    n/a      0      0     -1.22 [109]        +9.25 [49]            6.4 [96]           0
[LAYER-HEALTH]     blocks.1.bn1    silu          128    n/a    n/a    n/a      0      0     -1.26 [17]         +0.01 [31]           43.0 [31]           6
[LAYER-HEALTH]     blocks.1.bn2    silu          128    n/a    n/a    n/a      0      0     -1.31 [30]         -0.20 [101]          13.8 [32]           1
[LAYER-HEALTH]     blocks.2.bn1    silu          128    n/a    n/a    n/a      0      0     -1.85 [17]         +1.53 [31]           50.7 [31]           4
[LAYER-HEALTH]     blocks.2.bn2    silu          128    n/a    n/a    n/a      0      0     -1.51 [85]         -0.03 [105]           3.6 [122]          0
[LAYER-HEALTH]     tower_final_bn  silu          128    n/a    n/a    n/a      0      0     -0.62 [83]         +0.99 [111]          10.6 [31]           1
[LAYER-HEALTH]     policy.pre_bn   silu          128    n/a    n/a    n/a      0      0     -1.00 [88]         +2.39 [22]            3.5 [120]          0
[LAYER-HEALTH]     value.bn        silu           16    n/a    n/a    n/a      0      0     -1.01 [8]          +0.69 [6]             2.3 [6]            0
[LAYER-HEALTH]   parked channels — every activation: pass-through P = E|f'(γz+β)|, z ~ N(0,1); parked when P above its floor < 0.00135 of the range (Φ(-3)), mostly off < 0.02275 (Φ(-2)); equals dead / off for relu/leaky_relu
[LAYER-HEALTH]     site            act            ch parked    off       min P   median P
[LAYER-HEALTH]     blocks.0.bn1    silu          128      0      0    0.295246   0.445549
[LAYER-HEALTH]     blocks.0.bn2    silu          128      0      0    0.168231   0.371948
[LAYER-HEALTH]     blocks.1.bn1    silu          128      0      0    0.166039   0.328227
[LAYER-HEALTH]     blocks.1.bn2    silu          128      0      0    0.163122   0.301932
[LAYER-HEALTH]     blocks.2.bn1    silu          128      0      0    0.087160   0.288482
[LAYER-HEALTH]     blocks.2.bn2    silu          128      0      0    0.139003   0.341086
[LAYER-HEALTH]     tower_final_bn  silu          128      0      0    0.319021   0.524924
[LAYER-HEALTH]     policy.pre_bn   silu          128      0      0    0.228818   0.532573
[LAYER-HEALTH]     value.bn        silu           16      0      0    0.219369   0.309434
[LAYER-HEALTH]   FC hidden-unit velocity — zero: every weight-velocity entry exactly 0; low: nonzero but < 5% of the layer's p90 unit norm
[LAYER-HEALTH]     value.fc1.weight  silu  units 128  zero 0  low 0  median unit norm 0.005658
[LAYER-HEALTH]     (no SE blocks)
[LAYER-HEALTH]   ReZero: none
[LAYER-HEALTH]   non-finite: 0 values in 0 of 102 tensors (10263038 values examined)
[LAYER-HEALTH]   largest |value|: blocks.1.bn2.running_var 23.14, blocks.2.bn1.running_var 19.33, blocks.1.bn1.running_var 15.49, blocks.0.bn2.running_var 13.8, blocks.2.bn2.running_var 6.452
[REPLAY] enumerated checkpoint -> 20261008-lrBsiluall-relcap-replay-step23000.safetensors
[REPLAY] step=23080 loss=3.5367 pLoss=2.7329 vLoss=0.8017 pEnt=2.868 pIllM=0.0021 playedP=0.171 pW=0.47 pD=0.07 pL=0.46 vAbs=0.231 pLogitMean=-8.4756 vLogitMean=0.5789 gNorm=0.239 lr=0.0766 ms=2817.4 buf=500000 plies=197183175 games=2972297 rejected=0 skipped=0 epoch=0 mom=0.8870 lrCyc[pk=9.8e-01,tr=9.9e-04] gNormMax=0.2696 clips=0 gCap=0.7785 trainerStep=23080
[LAYER-HEALTH] live trainerStep=23080 scope=batch_norm_state_only reluSites=0/10 dead=n/a off=n/a alwaysOn=n/a (no relu/leaky_relu BN sites) rvMaxOverMedian=50.8@blocks.2.bn1[31] rvOver10xMedian=12 rezero=none nonFinite=0 parkedSites=9/10 parkedCh=1040 parked=0 parkedOff=0 parkedBy=none
[REPLAY] step=23160 loss=3.5212 pLoss=2.7042 vLoss=0.8148 pEnt=2.864 pIllM=0.0023 playedP=0.175 pW=0.46 pD=0.07 pL=0.47 vAbs=0.231 pLogitMean=-8.4749 vLogitMean=0.5792 gNorm=0.243 lr=0.0647 ms=3761.7 buf=500000 plies=197865848 games=2982494 rejected=0 skipped=0 epoch=0 mom=0.8895 lrCyc[pk=9.8e-01,tr=9.9e-04] gNormMax=0.2801 clips=0 gCap=0.7711 trainerStep=23160
[LAYER-HEALTH] live trainerStep=23160 scope=batch_norm_state_only reluSites=0/10 dead=n/a off=n/a alwaysOn=n/a (no relu/leaky_relu BN sites) rvMaxOverMedian=51.4@blocks.2.bn1[31] rvOver10xMedian=12 rezero=none nonFinite=0 parkedSites=9/10 parkedCh=1040 parked=0 parkedOff=0 parkedBy=none
[REPLAY] step=23230 loss=3.4986 pLoss=2.6993 vLoss=0.7971 pEnt=2.858 pIllM=0.0022 playedP=0.178 pW=0.47 pD=0.07 pL=0.46 vAbs=0.235 pLogitMean=-8.4747 vLogitMean=0.5800 gNorm=0.269 lr=0.0557 ms=2253.9 buf=500000 plies=198463212 games=2991513 rejected=0 skipped=0 epoch=0 mom=0.8916 lrCyc[pk=9.8e-01,tr=9.9e-04] gNormMax=0.2686 clips=0 gCap=0.7645 trainerStep=23230
[LAYER-HEALTH] live trainerStep=23230 scope=batch_norm_state_only reluSites=0/10 dead=n/a off=n/a alwaysOn=n/a (no relu/leaky_relu BN sites) rvMaxOverMedian=52.1@blocks.2.bn1[31] rvOver10xMedian=12 rezero=none nonFinite=0 parkedSites=9/10 parkedCh=1040 parked=0 parkedOff=0 parkedBy=none
[REPLAY] step=23310 loss=3.5018 pLoss=2.7006 vLoss=0.7991 pEnt=2.860 pIllM=0.0021 playedP=0.174 pW=0.47 pD=0.07 pL=0.46 vAbs=0.239 pLogitMean=-8.4780 vLogitMean=0.5802 gNorm=0.256 lr=0.047 ms=2447.0 buf=500000 plies=199145824 games=3001708 rejected=0 skipped=0 epoch=0 mom=0.8941 lrCyc[pk=9.8e-01,tr=9.9e-04] gNormMax=0.2651 clips=0 gCap=0.7583 trainerStep=23310
[LAYER-HEALTH] live trainerStep=23310 scope=batch_norm_state_only reluSites=0/10 dead=n/a off=n/a alwaysOn=n/a (no relu/leaky_relu BN sites) rvMaxOverMedian=52.6@blocks.2.bn1[31] rvOver10xMedian=12 rezero=none nonFinite=0 parkedSites=9/10 parkedCh=1040 parked=0 parkedOff=0 parkedBy=none
[REPLAY] step=23390 loss=3.5224 pLoss=2.7274 vLoss=0.7931 pEnt=2.862 pIllM=0.0020 playedP=0.178 pW=0.47 pD=0.07 pL=0.46 vAbs=0.244 pLogitMean=-8.4690 vLogitMean=0.5779 gNorm=0.249 lr=0.0395 ms=2277.2 buf=500000 plies=199828404 games=3011978 rejected=0 skipped=0 epoch=0 mom=0.8966 lrCyc[pk=9.8e-01,tr=9.9e-04] gNormMax=0.2670 clips=0 gCap=0.7523 trainerStep=23390
[LAYER-HEALTH] live trainerStep=23390 scope=batch_norm_state_only reluSites=0/10 dead=n/a off=n/a alwaysOn=n/a (no relu/leaky_relu BN sites) rvMaxOverMedian=53.0@blocks.2.bn1[31] rvOver10xMedian=12 rezero=none nonFinite=0 parkedSites=9/10 parkedCh=1040 parked=0 parkedOff=0 parkedBy=none
[REPLAY] step=23470 loss=3.5437 pLoss=2.7329 vLoss=0.8089 pEnt=2.869 pIllM=0.0019 playedP=0.176 pW=0.47 pD=0.06 pL=0.47 vAbs=0.231 pLogitMean=-8.4707 vLogitMean=0.5807 gNorm=0.257 lr=0.0332 ms=3021.1 buf=500000 plies=200511069 games=3022261 rejected=0 skipped=0 epoch=0 mom=0.8991 lrCyc[pk=9.8e-01,tr=9.9e-04] gNormMax=0.2781 clips=0 gCap=0.7474 trainerStep=23470
[LAYER-HEALTH] live trainerStep=23470 scope=batch_norm_state_only reluSites=0/10 dead=n/a off=n/a alwaysOn=n/a (no relu/leaky_relu BN sites) rvMaxOverMedian=53.2@blocks.2.bn1[31] rvOver10xMedian=12 rezero=none nonFinite=0 parkedSites=9/10 parkedCh=1040 parked=0 parkedOff=0 parkedBy=none
[REPLAY] step=23550 loss=3.5215 pLoss=2.7319 vLoss=0.7875 pEnt=2.879 pIllM=0.0020 playedP=0.173 pW=0.47 pD=0.06 pL=0.47 vAbs=0.239 pLogitMean=-8.4756 vLogitMean=0.5810 gNorm=0.245 lr=0.0279 ms=3789.7 buf=500000 plies=201193718 games=3032597 rejected=0 skipped=0 epoch=0 mom=0.9016 lrCyc[pk=9.8e-01,tr=9.9e-04] gNormMax=0.2716 clips=0 gCap=0.7438 trainerStep=23550
[LAYER-HEALTH] live trainerStep=23550 scope=batch_norm_state_only reluSites=0/10 dead=n/a off=n/a alwaysOn=n/a (no relu/leaky_relu BN sites) rvMaxOverMedian=53.7@blocks.2.bn1[31] rvOver10xMedian=12 rezero=none nonFinite=0 parkedSites=9/10 parkedCh=1040 parked=0 parkedOff=0 parkedBy=none
[REPLAY] step=23630 loss=3.5012 pLoss=2.7139 vLoss=0.7851 pEnt=2.874 pIllM=0.0022 playedP=0.175 pW=0.47 pD=0.07 pL=0.46 vAbs=0.229 pLogitMean=-8.4742 vLogitMean=0.5780 gNorm=0.237 lr=0.0235 ms=2727.3 buf=500000 plies=201876399 games=3042894 rejected=0 skipped=0 epoch=0 mom=0.9041 lrCyc[pk=9.8e-01,tr=9.9e-04] gNormMax=0.2597 clips=0 gCap=0.7399 trainerStep=23630
[LAYER-HEALTH] live trainerStep=23630 scope=batch_norm_state_only reluSites=0/10 dead=n/a off=n/a alwaysOn=n/a (no relu/leaky_relu BN sites) rvMaxOverMedian=54.0@blocks.2.bn1[31] rvOver10xMedian=13 rezero=none nonFinite=0 parkedSites=9/10 parkedCh=1040 parked=0 parkedOff=0 parkedBy=none
[REPLAY] step=23710 loss=3.4775 pLoss=2.6779 vLoss=0.7977 pEnt=2.857 pIllM=0.0018 playedP=0.178 pW=0.47 pD=0.06 pL=0.47 vAbs=0.234 pLogitMean=-8.4750 vLogitMean=0.5803 gNorm=0.240 lr=0.0198 ms=2970.4 buf=500000 plies=202558956 games=3053188 rejected=0 skipped=0 epoch=0 mom=0.9066 lrCyc[pk=9.8e-01,tr=9.9e-04] gNormMax=0.2619 clips=0 gCap=0.7371 trainerStep=23710
[LAYER-HEALTH] live trainerStep=23710 scope=batch_norm_state_only reluSites=0/10 dead=n/a off=n/a alwaysOn=n/a (no relu/leaky_relu BN sites) rvMaxOverMedian=54.3@blocks.2.bn1[31] rvOver10xMedian=13 rezero=none nonFinite=0 parkedSites=9/10 parkedCh=1040 parked=0 parkedOff=0 parkedBy=none
[REPLAY] step=23790 loss=3.5457 pLoss=2.7264 vLoss=0.8174 pEnt=2.865 pIllM=0.0019 playedP=0.174 pW=0.47 pD=0.06 pL=0.47 vAbs=0.226 pLogitMean=-8.4781 vLogitMean=0.5782 gNorm=0.237 lr=0.0167 ms=3056.8 buf=500000 plies=203241644 games=3063518 rejected=0 skipped=0 epoch=0 mom=0.9091 lrCyc[pk=9.8e-01,tr=9.9e-04] gNormMax=0.2560 clips=0 gCap=0.7326 trainerStep=23790
[LAYER-HEALTH] live trainerStep=23790 scope=batch_norm_state_only reluSites=0/10 dead=n/a off=n/a alwaysOn=n/a (no relu/leaky_relu BN sites) rvMaxOverMedian=54.5@blocks.2.bn1[31] rvOver10xMedian=13 rezero=none nonFinite=0 parkedSites=9/10 parkedCh=1040 parked=0 parkedOff=0 parkedBy=none
[REPLAY] step=23870 loss=3.5179 pLoss=2.7074 vLoss=0.8084 pEnt=2.858 pIllM=0.0022 playedP=0.178 pW=0.47 pD=0.07 pL=0.47 vAbs=0.236 pLogitMean=-8.4802 vLogitMean=0.5790 gNorm=0.234 lr=0.0141 ms=3207.3 buf=500000 plies=203924286 games=3073849 rejected=0 skipped=0 epoch=0 mom=0.9116 lrCyc[pk=9.8e-01,tr=9.9e-04] gNormMax=0.2630 clips=0 gCap=0.7299 trainerStep=23870
[LAYER-HEALTH] live trainerStep=23870 scope=batch_norm_state_only reluSites=0/10 dead=n/a off=n/a alwaysOn=n/a (no relu/leaky_relu BN sites) rvMaxOverMedian=54.6@blocks.2.bn1[31] rvOver10xMedian=12 rezero=none nonFinite=0 parkedSites=9/10 parkedCh=1040 parked=0 parkedOff=0 parkedBy=none
[REPLAY] step=23950 loss=3.5468 pLoss=2.7400 vLoss=0.8049 pEnt=2.887 pIllM=0.0018 playedP=0.171 pW=0.47 pD=0.06 pL=0.47 vAbs=0.227 pLogitMean=-8.4815 vLogitMean=0.5791 gNorm=0.236 lr=0.0119 ms=3178.3 buf=500000 plies=204606919 games=3084181 rejected=0 skipped=0 epoch=0 mom=0.9140 lrCyc[pk=9.8e-01,tr=9.9e-04] gNormMax=0.2579 clips=0 gCap=0.7277 trainerStep=23950
[LAYER-HEALTH] live trainerStep=23950 scope=batch_norm_state_only reluSites=0/10 dead=n/a off=n/a alwaysOn=n/a (no relu/leaky_relu BN sites) rvMaxOverMedian=54.8@blocks.2.bn1[31] rvOver10xMedian=12 rezero=none nonFinite=0 parkedSites=9/10 parkedCh=1040 parked=0 parkedOff=0 parkedBy=none
[REPLAY] step=24000 loss=3.5031 pLoss=2.7053 vLoss=0.7958 pEnt=2.844 pIllM=0.0019 playedP=0.179 pW=0.47 pD=0.06 pL=0.47 vAbs=0.225 pLogitMean=-8.4808 vLogitMean=0.5776 gNorm=0.244 lr=0.0107 ms=3019.4 buf=500000 plies=205033545 games=3090581 rejected=0 skipped=0 epoch=0 mom=0.9155 lrCyc[pk=9.8e-01,tr=9.9e-04] gNormMax=0.2605 clips=0 gCap=0.7262 trainerStep=24000
[LAYER-HEALTH] live trainerStep=24000 scope=batch_norm_state_only reluSites=0/10 dead=n/a off=n/a alwaysOn=n/a (no relu/leaky_relu BN sites) rvMaxOverMedian=55.0@blocks.2.bn1[31] rvOver10xMedian=12 rezero=none nonFinite=0 parkedSites=9/10 parkedCh=1040 parked=0 parkedOff=0 parkedBy=none
[ALARM] health active rule=policy_offset_drift severity=warning since=1150 trainerStep=24000 value=medianAbs=8.4805
[HEALTH] check trainerStep=24000 generation=0 evaluations=21 live=20 checkpoint=1 stale=0 truncated=0 cost_ms=19.7 train_ms=2415132.3 liveReadFailed=0 lossMaxRatio=1.02 lossMedianRatio=1.00 gradMaxRatio=1.11 rvRiseMax=1.32 rvOutliers=12/12 nodata=none active=policy_offset_drift:warning
[REPLAY] saved trainer model (autosave) step=24000 trainerStep=24000 nextGame=3090581 shard=6 epoch=0 -> 20261008-lrBsiluall-relcap-replay-latest.safetensors
[LAYER-HEALTH] checkpoint replay-autosave step=24000 trainerStep=24000 scope=all_tensors reluSites=0/10 dead=n/a off=n/a alwaysOn=n/a (no relu/leaky_relu BN sites) rvMaxOverMedian=55.0@blocks.2.bn1[31] rvOver10xMedian=12 rezero=none nonFinite=0 parkedSites=9/10 parkedCh=1040 parked=0 parkedOff=0 parkedBy=none seZeroVel=none valueFC1ZeroVel=0/128 maxAbs=22.84@blocks.1.bn2.running_var
[LAYER-HEALTH]   batch-norm sites — β/|γ|: dead < -3.00, mostly off < -2.00, always on > +3.00; classified for relu/leaky_relu only
[LAYER-HEALTH]     site            act            ch   dead    off     on  zeroγ nonfin  min β/|γ| [ch]     max β/|γ| [ch]     rv max/median [ch]  rv≥10x
[LAYER-HEALTH]     stem.bn         -             128    n/a    n/a    n/a      0      0     -0.80 [97]         +0.38 [51]            3.2 [118]          0
[LAYER-HEALTH]     blocks.0.bn1    silu          128    n/a    n/a    n/a      0      0     -0.75 [21]         +0.20 [64]            4.3 [43]           0
[LAYER-HEALTH]     blocks.0.bn2    silu          128    n/a    n/a    n/a      0      0     -1.23 [109]        +9.61 [49]            5.7 [96]           0
[LAYER-HEALTH]     blocks.1.bn1    silu          128    n/a    n/a    n/a      0      0     -1.26 [17]         +0.02 [31]           45.8 [31]           6
[LAYER-HEALTH]     blocks.1.bn2    silu          128    n/a    n/a    n/a      0      0     -1.31 [30]         -0.19 [101]          13.9 [32]           1
[LAYER-HEALTH]     blocks.2.bn1    silu          128    n/a    n/a    n/a      0      0     -1.88 [17]         +1.56 [31]           55.0 [31]           4
[LAYER-HEALTH]     blocks.2.bn2    silu          128    n/a    n/a    n/a      0      0     -1.51 [85]         -0.02 [105]           3.7 [122]          0
[LAYER-HEALTH]     tower_final_bn  silu          128    n/a    n/a    n/a      0      0     -0.63 [83]         +0.99 [111]          11.4 [31]           1
[LAYER-HEALTH]     policy.pre_bn   silu          128    n/a    n/a    n/a      0      0     -0.98 [88]         +2.36 [22]            3.5 [120]          0
[LAYER-HEALTH]     value.bn        silu           16    n/a    n/a    n/a      0      0     -1.02 [8]          +0.67 [6]             2.3 [6]            0
[LAYER-HEALTH]   parked channels — every activation: pass-through P = E|f'(γz+β)|, z ~ N(0,1); parked when P above its floor < 0.00135 of the range (Φ(-3)), mostly off < 0.02275 (Φ(-2)); equals dead / off for relu/leaky_relu
[LAYER-HEALTH]     site            act            ch parked    off       min P   median P
[LAYER-HEALTH]     blocks.0.bn1    silu          128      0      0    0.295040   0.445766
[LAYER-HEALTH]     blocks.0.bn2    silu          128      0      0    0.167816   0.372537
[LAYER-HEALTH]     blocks.1.bn1    silu          128      0      0    0.165168   0.327885
[LAYER-HEALTH]     blocks.1.bn2    silu          128      0      0    0.162746   0.302536
[LAYER-HEALTH]     blocks.2.bn1    silu          128      0      0    0.085508   0.288226
[LAYER-HEALTH]     blocks.2.bn2    silu          128      0      0    0.138953   0.340484
[LAYER-HEALTH]     tower_final_bn  silu          128      0      0    0.317737   0.524778
[LAYER-HEALTH]     policy.pre_bn   silu          128      0      0    0.233158   0.534146
[LAYER-HEALTH]     value.bn        silu           16      0      0    0.216175   0.306116
[LAYER-HEALTH]   FC hidden-unit velocity — zero: every weight-velocity entry exactly 0; low: nonzero but < 5% of the layer's p90 unit norm
[LAYER-HEALTH]     value.fc1.weight  silu  units 128  zero 0  low 0  median unit norm 0.006
[LAYER-HEALTH]     (no SE blocks)
[LAYER-HEALTH]   ReZero: none
[LAYER-HEALTH]   non-finite: 0 values in 0 of 102 tensors (10263038 values examined)
[LAYER-HEALTH]   largest |value|: blocks.1.bn2.running_var 22.84, blocks.2.bn1.running_var 20.11, blocks.1.bn1.running_var 15.62, blocks.0.bn2.running_var 12.38, blocks.2.bn2.running_var 6.575
[REPLAY] enumerated checkpoint -> 20261008-lrBsiluall-relcap-replay-step24000.safetensors
[REPLAY] step=24080 loss=3.5043 pLoss=2.7024 vLoss=0.8000 pEnt=2.844 pIllM=0.0019 playedP=0.180 pW=0.47 pD=0.06 pL=0.46 vAbs=0.240 pLogitMean=-8.4807 vLogitMean=0.5790 gNorm=0.234 lr=0.00911 ms=3185.4 buf=500000 plies=205716172 games=3100879 rejected=0 skipped=0 epoch=0 mom=0.9179 lrCyc[pk=9.8e-01,tr=9.9e-04] gNormMax=0.2680 clips=0 gCap=0.7249 trainerStep=24080
[LAYER-HEALTH] live trainerStep=24080 scope=batch_norm_state_only reluSites=0/10 dead=n/a off=n/a alwaysOn=n/a (no relu/leaky_relu BN sites) rvMaxOverMedian=55.3@blocks.2.bn1[31] rvOver10xMedian=12 rezero=none nonFinite=0 parkedSites=9/10 parkedCh=1040 parked=0 parkedOff=0 parkedBy=none
[REPLAY] step=24160 loss=3.5219 pLoss=2.7271 vLoss=0.7928 pEnt=2.867 pIllM=0.0021 playedP=0.176 pW=0.47 pD=0.06 pL=0.47 vAbs=0.234 pLogitMean=-8.4806 vLogitMean=0.5795 gNorm=0.240 lr=0.00776 ms=2875.7 buf=500000 plies=206398867 games=3111138 rejected=0 skipped=0 epoch=0 mom=0.9202 lrCyc[pk=9.8e-01,tr=9.9e-04] gNormMax=0.2739 clips=0 gCap=0.7230 trainerStep=24160
[LAYER-HEALTH] live trainerStep=24160 scope=batch_norm_state_only reluSites=0/10 dead=n/a off=n/a alwaysOn=n/a (no relu/leaky_relu BN sites) rvMaxOverMedian=55.5@blocks.2.bn1[31] rvOver10xMedian=12 rezero=none nonFinite=0 parkedSites=9/10 parkedCh=1040 parked=0 parkedOff=0 parkedBy=none
[REPLAY] step=24240 loss=3.4811 pLoss=2.6852 vLoss=0.7939 pEnt=2.848 pIllM=0.0020 playedP=0.177 pW=0.47 pD=0.06 pL=0.46 vAbs=0.232 pLogitMean=-8.4813 vLogitMean=0.5792 gNorm=0.249 lr=0.00663 ms=2721.6 buf=500000 plies=207081487 games=3121454 rejected=0 skipped=0 epoch=0 mom=0.9225 lrCyc[pk=9.8e-01,tr=9.9e-04] gNormMax=0.2590 clips=0 gCap=0.7219 trainerStep=24240
[LAYER-HEALTH] live trainerStep=24240 scope=batch_norm_state_only reluSites=0/10 dead=n/a off=n/a alwaysOn=n/a (no relu/leaky_relu BN sites) rvMaxOverMedian=55.6@blocks.2.bn1[31] rvOver10xMedian=12 rezero=none nonFinite=0 parkedSites=9/10 parkedCh=1040 parked=0 parkedOff=0 parkedBy=none
[REPLAY] step=24320 loss=3.5523 pLoss=2.7511 vLoss=0.7994 pEnt=2.865 pIllM=0.0018 playedP=0.174 pW=0.47 pD=0.06 pL=0.47 vAbs=0.237 pLogitMean=-8.4864 vLogitMean=0.5804 gNorm=0.245 lr=0.00569 ms=3013.3 buf=500000 plies=207764153 games=3131756 rejected=0 skipped=0 epoch=0 mom=0.9247 lrCyc[pk=9.8e-01,tr=9.9e-04] gNormMax=0.2608 clips=0 gCap=0.7208 trainerStep=24320
[LAYER-HEALTH] live trainerStep=24320 scope=batch_norm_state_only reluSites=0/10 dead=n/a off=n/a alwaysOn=n/a (no relu/leaky_relu BN sites) rvMaxOverMedian=55.7@blocks.2.bn1[31] rvOver10xMedian=12 rezero=none nonFinite=0 parkedSites=9/10 parkedCh=1040 parked=0 parkedOff=0 parkedBy=none
[REPLAY] step=24400 loss=3.5298 pLoss=2.7314 vLoss=0.7967 pEnt=2.870 pIllM=0.0017 playedP=0.175 pW=0.48 pD=0.06 pL=0.46 vAbs=0.234 pLogitMean=-8.4881 vLogitMean=0.5803 gNorm=0.231 lr=0.0049 ms=2921.5 buf=500000 plies=208446803 games=3142119 rejected=0 skipped=0 epoch=0 mom=0.9268 lrCyc[pk=9.8e-01,tr=9.9e-04] gNormMax=0.2695 clips=0 gCap=0.7197 trainerStep=24400
[LAYER-HEALTH] live trainerStep=24400 scope=batch_norm_state_only reluSites=0/10 dead=n/a off=n/a alwaysOn=n/a (no relu/leaky_relu BN sites) rvMaxOverMedian=55.8@blocks.2.bn1[31] rvOver10xMedian=12 rezero=none nonFinite=0 parkedSites=9/10 parkedCh=1040 parked=0 parkedOff=0 parkedBy=none
[REPLAY] step=24480 loss=3.5217 pLoss=2.7206 vLoss=0.7994 pEnt=2.866 pIllM=0.0017 playedP=0.179 pW=0.47 pD=0.06 pL=0.47 vAbs=0.235 pLogitMean=-8.4821 vLogitMean=0.5799 gNorm=0.246 lr=0.00425 ms=2996.7 buf=500000 plies=209129411 games=3152484 rejected=0 skipped=0 epoch=0 mom=0.9289 lrCyc[pk=9.8e-01,tr=9.9e-04] gNormMax=0.2640 clips=0 gCap=0.7180 trainerStep=24480
[LAYER-HEALTH] live trainerStep=24480 scope=batch_norm_state_only reluSites=0/10 dead=n/a off=n/a alwaysOn=n/a (no relu/leaky_relu BN sites) rvMaxOverMedian=55.7@blocks.2.bn1[31] rvOver10xMedian=12 rezero=none nonFinite=0 parkedSites=9/10 parkedCh=1040 parked=0 parkedOff=0 parkedBy=none
[REPLAY] step=24560 loss=3.5438 pLoss=2.7424 vLoss=0.7994 pEnt=2.895 pIllM=0.0020 playedP=0.172 pW=0.47 pD=0.06 pL=0.47 vAbs=0.227 pLogitMean=-8.4876 vLogitMean=0.5791 gNorm=0.240 lr=0.00369 ms=2728.4 buf=500000 plies=209812006 games=3162703 rejected=0 skipped=0 epoch=0 mom=0.9309 lrCyc[pk=9.8e-01,tr=9.9e-04] gNormMax=0.2784 clips=0 gCap=0.7166 trainerStep=24560
[LAYER-HEALTH] live trainerStep=24560 scope=batch_norm_state_only reluSites=0/10 dead=n/a off=n/a alwaysOn=n/a (no relu/leaky_relu BN sites) rvMaxOverMedian=55.4@blocks.2.bn1[31] rvOver10xMedian=12 rezero=none nonFinite=0 parkedSites=9/10 parkedCh=1040 parked=0 parkedOff=0 parkedBy=none
[REPLAY] step=24640 loss=3.5036 pLoss=2.7085 vLoss=0.7933 pEnt=2.874 pIllM=0.0018 playedP=0.175 pW=0.48 pD=0.06 pL=0.47 vAbs=0.234 pLogitMean=-8.4860 vLogitMean=0.5798 gNorm=0.245 lr=0.00323 ms=3298.5 buf=500000 plies=210494644 games=3172967 rejected=0 skipped=0 epoch=0 mom=0.9328 lrCyc[pk=9.8e-01,tr=9.9e-04] gNormMax=0.2634 clips=0 gCap=0.7164 trainerStep=24640
[LAYER-HEALTH] live trainerStep=24640 scope=batch_norm_state_only reluSites=0/10 dead=n/a off=n/a alwaysOn=n/a (no relu/leaky_relu BN sites) rvMaxOverMedian=55.3@blocks.2.bn1[31] rvOver10xMedian=12 rezero=none nonFinite=0 parkedSites=9/10 parkedCh=1040 parked=0 parkedOff=0 parkedBy=none
[REPLAY] step=24710 loss=3.5442 pLoss=2.7511 vLoss=0.7914 pEnt=2.867 pIllM=0.0017 playedP=0.177 pW=0.48 pD=0.06 pL=0.46 vAbs=0.225 pLogitMean=-8.4867 vLogitMean=0.5808 gNorm=0.239 lr=0.00289 ms=3318.1 buf=500000 plies=211092016 games=3182030 rejected=0 skipped=0 epoch=0 mom=0.9345 lrCyc[pk=9.8e-01,tr=9.9e-04] gNormMax=0.2582 clips=0 gCap=0.7157 trainerStep=24710
[LAYER-HEALTH] live trainerStep=24710 scope=batch_norm_state_only reluSites=0/10 dead=n/a off=n/a alwaysOn=n/a (no relu/leaky_relu BN sites) rvMaxOverMedian=55.4@blocks.2.bn1[31] rvOver10xMedian=12 rezero=none nonFinite=0 parkedSites=9/10 parkedCh=1040 parked=0 parkedOff=0 parkedBy=none
[REPLAY] step=24790 loss=3.5218 pLoss=2.7142 vLoss=0.8059 pEnt=2.885 pIllM=0.0017 playedP=0.177 pW=0.47 pD=0.06 pL=0.47 vAbs=0.231 pLogitMean=-8.4883 vLogitMean=0.5799 gNorm=0.241 lr=0.00256 ms=3305.3 buf=500000 plies=211774607 games=3192413 rejected=0 skipped=0 epoch=0 mom=0.9362 lrCyc[pk=9.8e-01,tr=9.9e-04] gNormMax=0.3198 clips=0 gCap=0.7157 trainerStep=24790
[LAYER-HEALTH] live trainerStep=24790 scope=batch_norm_state_only reluSites=0/10 dead=n/a off=n/a alwaysOn=n/a (no relu/leaky_relu BN sites) rvMaxOverMedian=55.4@blocks.2.bn1[31] rvOver10xMedian=12 rezero=none nonFinite=0 parkedSites=9/10 parkedCh=1040 parked=0 parkedOff=0 parkedBy=none
[REPLAY] step=24870 loss=3.5276 pLoss=2.7175 vLoss=0.8082 pEnt=2.854 pIllM=0.0019 playedP=0.179 pW=0.47 pD=0.06 pL=0.47 vAbs=0.233 pLogitMean=-8.4862 vLogitMean=0.5789 gNorm=0.254 lr=0.00228 ms=2028.3 buf=500000 plies=212457289 games=3202713 rejected=0 skipped=0 epoch=0 mom=0.9379 lrCyc[pk=9.8e-01,tr=9.9e-04] gNormMax=0.2598 clips=0 gCap=0.7158 trainerStep=24870
[LAYER-HEALTH] live trainerStep=24870 scope=batch_norm_state_only reluSites=0/10 dead=n/a off=n/a alwaysOn=n/a (no relu/leaky_relu BN sites) rvMaxOverMedian=55.5@blocks.2.bn1[31] rvOver10xMedian=12 rezero=none nonFinite=0 parkedSites=9/10 parkedCh=1040 parked=0 parkedOff=0 parkedBy=none
[REPLAY] step=24950 loss=3.5102 pLoss=2.7161 vLoss=0.7923 pEnt=2.862 pIllM=0.0018 playedP=0.179 pW=0.47 pD=0.06 pL=0.47 vAbs=0.223 pLogitMean=-8.4885 vLogitMean=0.5797 gNorm=0.233 lr=0.00204 ms=3186.2 buf=500000 plies=213139877 games=3213123 rejected=0 skipped=0 epoch=0 mom=0.9395 lrCyc[pk=9.8e-01,tr=9.9e-04] gNormMax=0.2624 clips=0 gCap=0.7158 trainerStep=24950
[LAYER-HEALTH] live trainerStep=24950 scope=batch_norm_state_only reluSites=0/10 dead=n/a off=n/a alwaysOn=n/a (no relu/leaky_relu BN sites) rvMaxOverMedian=55.7@blocks.2.bn1[31] rvOver10xMedian=12 rezero=none nonFinite=0 parkedSites=9/10 parkedCh=1040 parked=0 parkedOff=0 parkedBy=none
[REPLAY] step=25000 loss=3.5543 pLoss=2.7605 vLoss=0.7921 pEnt=2.907 pIllM=0.0016 playedP=0.171 pW=0.47 pD=0.06 pL=0.47 vAbs=0.228 pLogitMean=-8.4888 vLogitMean=0.5783 gNorm=0.242 lr=0.00191 ms=3029.2 buf=500000 plies=213566571 games=3219673 rejected=0 skipped=0 epoch=0 mom=0.9405 lrCyc[pk=9.8e-01,tr=9.9e-04] gNormMax=0.2506 clips=0 gCap=0.7158 trainerStep=25000
[LAYER-HEALTH] live trainerStep=25000 scope=batch_norm_state_only reluSites=0/10 dead=n/a off=n/a alwaysOn=n/a (no relu/leaky_relu BN sites) rvMaxOverMedian=55.8@blocks.2.bn1[31] rvOver10xMedian=12 rezero=none nonFinite=0 parkedSites=9/10 parkedCh=1040 parked=0 parkedOff=0 parkedBy=none
[ALARM] health active rule=policy_offset_drift severity=warning since=1150 trainerStep=25000 value=medianAbs=8.4880
[HEALTH] check trainerStep=25000 generation=0 evaluations=21 live=20 checkpoint=1 stale=0 truncated=0 cost_ms=8.3 train_ms=2400669.4 liveReadFailed=0 lossMaxRatio=1.02 lossMedianRatio=1.00 gradMaxRatio=1.34 rvRiseMax=1.10 rvOutliers=12/12 nodata=none active=policy_offset_drift:warning
[REPLAY] saved trainer model (autosave) step=25000 trainerStep=25000 nextGame=3219673 shard=7 epoch=0 -> 20261008-lrBsiluall-relcap-replay-latest.safetensors
[LAYER-HEALTH] checkpoint replay-autosave step=25000 trainerStep=25000 scope=all_tensors reluSites=0/10 dead=n/a off=n/a alwaysOn=n/a (no relu/leaky_relu BN sites) rvMaxOverMedian=55.8@blocks.2.bn1[31] rvOver10xMedian=12 rezero=none nonFinite=0 parkedSites=9/10 parkedCh=1040 parked=0 parkedOff=0 parkedBy=none seZeroVel=none valueFC1ZeroVel=0/128 maxAbs=22.57@blocks.1.bn2.running_var
[LAYER-HEALTH]   batch-norm sites — β/|γ|: dead < -3.00, mostly off < -2.00, always on > +3.00; classified for relu/leaky_relu only
[LAYER-HEALTH]     site            act            ch   dead    off     on  zeroγ nonfin  min β/|γ| [ch]     max β/|γ| [ch]     rv max/median [ch]  rv≥10x
[LAYER-HEALTH]     stem.bn         -             128    n/a    n/a    n/a      0      0     -0.80 [97]         +0.38 [51]            3.2 [43]           0
[LAYER-HEALTH]     blocks.0.bn1    silu          128    n/a    n/a    n/a      0      0     -0.75 [21]         +0.20 [64]            4.3 [43]           0
[LAYER-HEALTH]     blocks.0.bn2    silu          128    n/a    n/a    n/a      0      0     -1.22 [109]        +9.81 [49]            5.5 [96]           0
[LAYER-HEALTH]     blocks.1.bn1    silu          128    n/a    n/a    n/a      0      0     -1.26 [17]         +0.02 [31]           45.3 [31]           6
[LAYER-HEALTH]     blocks.1.bn2    silu          128    n/a    n/a    n/a      0      0     -1.31 [30]         -0.19 [101]          13.8 [32]           1
[LAYER-HEALTH]     blocks.2.bn1    silu          128    n/a    n/a    n/a      0      0     -1.88 [17]         +1.57 [31]           55.8 [31]           4
[LAYER-HEALTH]     blocks.2.bn2    silu          128    n/a    n/a    n/a      0      0     -1.51 [85]         -0.02 [105]           3.7 [122]          0
[LAYER-HEALTH]     tower_final_bn  silu          128    n/a    n/a    n/a      0      0     -0.63 [83]         +0.99 [111]          11.6 [31]           1
[LAYER-HEALTH]     policy.pre_bn   silu          128    n/a    n/a    n/a      0      0     -0.97 [88]         +2.36 [22]            3.4 [96]           0
[LAYER-HEALTH]     value.bn        silu           16    n/a    n/a    n/a      0      0     -1.03 [8]          +0.67 [6]             2.2 [6]            0
[LAYER-HEALTH]   parked channels — every activation: pass-through P = E|f'(γz+β)|, z ~ N(0,1); parked when P above its floor < 0.00135 of the range (Φ(-3)), mostly off < 0.02275 (Φ(-2)); equals dead / off for relu/leaky_relu
[LAYER-HEALTH]     site            act            ch parked    off       min P   median P
[LAYER-HEALTH]     blocks.0.bn1    silu          128      0      0    0.294722   0.445776
[LAYER-HEALTH]     blocks.0.bn2    silu          128      0      0    0.167885   0.372242
[LAYER-HEALTH]     blocks.1.bn1    silu          128      0      0    0.165216   0.327696
[LAYER-HEALTH]     blocks.1.bn2    silu          128      0      0    0.162598   0.302957
[LAYER-HEALTH]     blocks.2.bn1    silu          128      0      0    0.085078   0.288362
[LAYER-HEALTH]     blocks.2.bn2    silu          128      0      0    0.139148   0.340336
[LAYER-HEALTH]     tower_final_bn  silu          128      0      0    0.317741   0.524744
[LAYER-HEALTH]     policy.pre_bn   silu          128      0      0    0.234230   0.534412
[LAYER-HEALTH]     value.bn        silu           16      0      0    0.215544   0.306418
[LAYER-HEALTH]   FC hidden-unit velocity — zero: every weight-velocity entry exactly 0; low: nonzero but < 5% of the layer's p90 unit norm
[LAYER-HEALTH]     value.fc1.weight  silu  units 128  zero 0  low 0  median unit norm 0.008223
[LAYER-HEALTH]     (no SE blocks)
[LAYER-HEALTH]   ReZero: none
[LAYER-HEALTH]   non-finite: 0 values in 0 of 102 tensors (10263038 values examined)
[LAYER-HEALTH]   largest |value|: blocks.1.bn2.running_var 22.57, blocks.2.bn1.running_var 20.34, blocks.1.bn1.running_var 15.68, blocks.0.bn2.running_var 11.9, blocks.2.bn2.running_var 6.539
[REPLAY] enumerated checkpoint -> 20261008-lrBsiluall-relcap-replay-step25000.safetensors
[REPLAY] step=25080 loss=3.5150 pLoss=2.7135 vLoss=0.7995 pEnt=2.856 pIllM=0.0019 playedP=0.180 pW=0.47 pD=0.06 pL=0.47 vAbs=0.235 pLogitMean=-8.4880 vLogitMean=0.5797 gNorm=0.229 lr=0.00173 ms=3295.9 buf=500000 plies=214249165 games=3230013 rejected=0 skipped=0 epoch=0 mom=0.9419 lrCyc[pk=9.8e-01,tr=9.9e-04] gNormMax=0.2708 clips=0 gCap=0.7157 trainerStep=25080
[LAYER-HEALTH] live trainerStep=25080 scope=batch_norm_state_only reluSites=0/10 dead=n/a off=n/a alwaysOn=n/a (no relu/leaky_relu BN sites) rvMaxOverMedian=56.0@blocks.2.bn1[31] rvOver10xMedian=12 rezero=none nonFinite=0 parkedSites=9/10 parkedCh=1040 parked=0 parkedOff=0 parkedBy=none
[REPLAY] step=25160 loss=3.5203 pLoss=2.7261 vLoss=0.7925 pEnt=2.877 pIllM=0.0017 playedP=0.179 pW=0.47 pD=0.06 pL=0.47 vAbs=0.224 pLogitMean=-8.4894 vLogitMean=0.5814 gNorm=0.231 lr=0.00158 ms=3117.1 buf=500000 plies=214931852 games=3240434 rejected=0 skipped=0 epoch=0 mom=0.9432 lrCyc[pk=9.8e-01,tr=9.9e-04] gNormMax=0.2594 clips=0 gCap=0.7154 trainerStep=25160
[LAYER-HEALTH] live trainerStep=25160 scope=batch_norm_state_only reluSites=0/10 dead=n/a off=n/a alwaysOn=n/a (no relu/leaky_relu BN sites) rvMaxOverMedian=56.1@blocks.2.bn1[31] rvOver10xMedian=12 rezero=none nonFinite=0 parkedSites=9/10 parkedCh=1040 parked=0 parkedOff=0 parkedBy=none
[REPLAY] step=25240 loss=3.5209 pLoss=2.7276 vLoss=0.7915 pEnt=2.875 pIllM=0.0019 playedP=0.176 pW=0.48 pD=0.06 pL=0.47 vAbs=0.229 pLogitMean=-8.4874 vLogitMean=0.5796 gNorm=0.238 lr=0.00145 ms=2763.4 buf=500000 plies=215614481 games=3250695 rejected=0 skipped=0 epoch=0 mom=0.9444 lrCyc[pk=9.8e-01,tr=9.9e-04] gNormMax=0.2572 clips=0 gCap=0.7148 trainerStep=25240
[LAYER-HEALTH] live trainerStep=25240 scope=batch_norm_state_only reluSites=0/10 dead=n/a off=n/a alwaysOn=n/a (no relu/leaky_relu BN sites) rvMaxOverMedian=56.1@blocks.2.bn1[31] rvOver10xMedian=12 rezero=none nonFinite=0 parkedSites=9/10 parkedCh=1040 parked=0 parkedOff=0 parkedBy=none
[REPLAY] step=25320 loss=3.5310 pLoss=2.7231 vLoss=0.8062 pEnt=2.878 pIllM=0.0017 playedP=0.173 pW=0.47 pD=0.06 pL=0.47 vAbs=0.230 pLogitMean=-8.4889 vLogitMean=0.5807 gNorm=0.245 lr=0.00135 ms=3156.5 buf=500000 plies=216297088 games=3261126 rejected=0 skipped=0 epoch=0 mom=0.9455 lrCyc[pk=9.8e-01,tr=9.9e-04] gNormMax=0.2553 clips=0 gCap=0.7153 trainerStep=25320
[LAYER-HEALTH] live trainerStep=25320 scope=batch_norm_state_only reluSites=0/10 dead=n/a off=n/a alwaysOn=n/a (no relu/leaky_relu BN sites) rvMaxOverMedian=56.1@blocks.2.bn1[31] rvOver10xMedian=12 rezero=none nonFinite=0 parkedSites=9/10 parkedCh=1040 parked=0 parkedOff=0 parkedBy=none
[REPLAY] step=25400 loss=3.5268 pLoss=2.7194 vLoss=0.8058 pEnt=2.868 pIllM=0.0016 playedP=0.176 pW=0.47 pD=0.06 pL=0.47 vAbs=0.231 pLogitMean=-8.4885 vLogitMean=0.5783 gNorm=0.239 lr=0.00126 ms=3015.9 buf=500000 plies=216979754 games=3271394 rejected=0 skipped=0 epoch=0 mom=0.9465 lrCyc[pk=9.8e-01,tr=9.9e-04] gNormMax=0.2637 clips=0 gCap=0.7150 trainerStep=25400
[LAYER-HEALTH] live trainerStep=25400 scope=batch_norm_state_only reluSites=0/10 dead=n/a off=n/a alwaysOn=n/a (no relu/leaky_relu BN sites) rvMaxOverMedian=56.1@blocks.2.bn1[31] rvOver10xMedian=12 rezero=none nonFinite=0 parkedSites=9/10 parkedCh=1040 parked=0 parkedOff=0 parkedBy=none
[REPLAY] step=25480 loss=3.5160 pLoss=2.7197 vLoss=0.7946 pEnt=2.865 pIllM=0.0017 playedP=0.183 pW=0.47 pD=0.06 pL=0.47 vAbs=0.227 pLogitMean=-8.4905 vLogitMean=0.5797 gNorm=0.249 lr=0.00119 ms=2886.9 buf=500000 plies=217662368 games=3281840 rejected=0 skipped=0 epoch=0 mom=0.9474 lrCyc[pk=9.8e-01,tr=9.9e-04] gNormMax=0.2552 clips=0 gCap=0.7146 trainerStep=25480
[LAYER-HEALTH] live trainerStep=25480 scope=batch_norm_state_only reluSites=0/10 dead=n/a off=n/a alwaysOn=n/a (no relu/leaky_relu BN sites) rvMaxOverMedian=56.1@blocks.2.bn1[31] rvOver10xMedian=12 rezero=none nonFinite=0 parkedSites=9/10 parkedCh=1040 parked=0 parkedOff=0 parkedBy=none
[REPLAY] step=25560 loss=3.5172 pLoss=2.7119 vLoss=0.8035 pEnt=2.868 pIllM=0.0018 playedP=0.175 pW=0.47 pD=0.06 pL=0.46 vAbs=0.223 pLogitMean=-8.4894 vLogitMean=0.5776 gNorm=0.243 lr=0.00113 ms=2421.5 buf=500000 plies=218345003 games=3292217 rejected=0 skipped=0 epoch=0 mom=0.9481 lrCyc[pk=9.8e-01,tr=9.9e-04] gNormMax=0.2684 clips=0 gCap=0.7151 trainerStep=25560
[LAYER-HEALTH] live trainerStep=25560 scope=batch_norm_state_only reluSites=0/10 dead=n/a off=n/a alwaysOn=n/a (no relu/leaky_relu BN sites) rvMaxOverMedian=56.0@blocks.2.bn1[31] rvOver10xMedian=12 rezero=none nonFinite=0 parkedSites=9/10 parkedCh=1040 parked=0 parkedOff=0 parkedBy=none
[REPLAY] step=25640 loss=3.5392 pLoss=2.7439 vLoss=0.7938 pEnt=2.877 pIllM=0.0015 playedP=0.175 pW=0.47 pD=0.06 pL=0.47 vAbs=0.226 pLogitMean=-8.4914 vLogitMean=0.5821 gNorm=0.228 lr=0.00108 ms=3431.8 buf=500000 plies=219027702 games=3302629 rejected=0 skipped=0 epoch=0 mom=0.9487 lrCyc[pk=9.8e-01,tr=9.9e-04] gNormMax=0.2745 clips=0 gCap=0.7151 trainerStep=25640
[LAYER-HEALTH] live trainerStep=25640 scope=batch_norm_state_only reluSites=0/10 dead=n/a off=n/a alwaysOn=n/a (no relu/leaky_relu BN sites) rvMaxOverMedian=55.9@blocks.2.bn1[31] rvOver10xMedian=12 rezero=none nonFinite=0 parkedSites=9/10 parkedCh=1040 parked=0 parkedOff=0 parkedBy=none
[REPLAY] step=25720 loss=3.5768 pLoss=2.7742 vLoss=0.8011 pEnt=2.881 pIllM=0.0016 playedP=0.175 pW=0.48 pD=0.06 pL=0.46 vAbs=0.227 pLogitMean=-8.4912 vLogitMean=0.5817 gNorm=0.240 lr=0.00104 ms=2551.4 buf=500000 plies=219710362 games=3313013 rejected=0 skipped=0 epoch=0 mom=0.9492 lrCyc[pk=9.8e-01,tr=9.9e-04] gNormMax=0.2676 clips=0 gCap=0.7149 trainerStep=25720
[LAYER-HEALTH] live trainerStep=25720 scope=batch_norm_state_only reluSites=0/10 dead=n/a off=n/a alwaysOn=n/a (no relu/leaky_relu BN sites) rvMaxOverMedian=55.9@blocks.2.bn1[31] rvOver10xMedian=12 rezero=none nonFinite=0 parkedSites=9/10 parkedCh=1040 parked=0 parkedOff=0 parkedBy=none
[REPLAY] step=25800 loss=3.5066 pLoss=2.7078 vLoss=0.7968 pEnt=2.855 pIllM=0.0019 playedP=0.181 pW=0.48 pD=0.06 pL=0.46 vAbs=0.230 pLogitMean=-8.4892 vLogitMean=0.5823 gNorm=0.235 lr=0.00102 ms=2579.7 buf=500000 plies=220392919 games=3323351 rejected=0 skipped=0 epoch=0 mom=0.9496 lrCyc[pk=9.8e-01,tr=9.9e-04] gNormMax=0.2535 clips=0 gCap=0.7145 trainerStep=25800
[LAYER-HEALTH] live trainerStep=25800 scope=batch_norm_state_only reluSites=0/10 dead=n/a off=n/a alwaysOn=n/a (no relu/leaky_relu BN sites) rvMaxOverMedian=55.9@blocks.2.bn1[31] rvOver10xMedian=12 rezero=none nonFinite=0 parkedSites=9/10 parkedCh=1040 parked=0 parkedOff=0 parkedBy=none
[REPLAY] step=25880 loss=3.5341 pLoss=2.7172 vLoss=0.8151 pEnt=2.873 pIllM=0.0018 playedP=0.176 pW=0.47 pD=0.06 pL=0.47 vAbs=0.230 pLogitMean=-8.4897 vLogitMean=0.5809 gNorm=0.242 lr=0.000998 ms=2871.4 buf=500000 plies=221075611 games=3333772 rejected=0 skipped=0 epoch=0 mom=0.9499 lrCyc[pk=9.8e-01,tr=9.9e-04] gNormMax=0.2567 clips=0 gCap=0.7138 trainerStep=25880
[LAYER-HEALTH] live trainerStep=25880 scope=batch_norm_state_only reluSites=0/10 dead=n/a off=n/a alwaysOn=n/a (no relu/leaky_relu BN sites) rvMaxOverMedian=55.9@blocks.2.bn1[31] rvOver10xMedian=12 rezero=none nonFinite=0 parkedSites=9/10 parkedCh=1040 parked=0 parkedOff=0 parkedBy=none
[REPLAY] step=25960 loss=3.5612 pLoss=2.7468 vLoss=0.8128 pEnt=2.872 pIllM=0.0016 playedP=0.177 pW=0.47 pD=0.06 pL=0.46 vAbs=0.225 pLogitMean=-8.4900 vLogitMean=0.5781 gNorm=0.228 lr=0.00099 ms=3430.0 buf=500000 plies=221758232 games=3344145 rejected=0 skipped=0 epoch=0 mom=0.9500 lrCyc[pk=9.8e-01,tr=9.9e-04] gNormMax=0.2522 clips=0 gCap=0.7140 trainerStep=25960
[LAYER-HEALTH] live trainerStep=25960 scope=batch_norm_state_only reluSites=0/10 dead=n/a off=n/a alwaysOn=n/a (no relu/leaky_relu BN sites) rvMaxOverMedian=55.9@blocks.2.bn1[31] rvOver10xMedian=12 rezero=none nonFinite=0 parkedSites=9/10 parkedCh=1040 parked=0 parkedOff=0 parkedBy=none
[REPLAY] step=26000 loss=3.5255 pLoss=2.7145 vLoss=0.8091 pEnt=2.875 pIllM=0.0019 playedP=0.178 pW=0.47 pD=0.06 pL=0.46 vAbs=0.223 pLogitMean=-8.4902 vLogitMean=0.5794 gNorm=0.247 lr=0.000989 ms=3353.7 buf=500000 plies=222099580 games=3349289 rejected=0 skipped=0 epoch=0 mom=0.9500 lrCyc[pk=9.8e-01,tr=9.9e-04] gNormMax=0.2588 clips=0 gCap=0.7138 trainerStep=26000
[LAYER-HEALTH] live trainerStep=26000 scope=batch_norm_state_only reluSites=0/10 dead=n/a off=n/a alwaysOn=n/a (no relu/leaky_relu BN sites) rvMaxOverMedian=55.8@blocks.2.bn1[31] rvOver10xMedian=12 rezero=none nonFinite=0 parkedSites=9/10 parkedCh=1040 parked=0 parkedOff=0 parkedBy=none
[ALARM] health active rule=policy_offset_drift severity=warning since=1150 trainerStep=26000 value=medianAbs=8.4903
[HEALTH] check trainerStep=26000 generation=0 evaluations=21 live=20 checkpoint=1 stale=0 truncated=0 cost_ms=12.4 train_ms=2375043.0 liveReadFailed=0 lossMaxRatio=1.02 lossMedianRatio=1.00 gradMaxRatio=1.15 rvRiseMax=1.01 rvOutliers=12/12 nodata=none active=policy_offset_drift:warning
[REPLAY] saved trainer model (autosave) step=26000 trainerStep=26000 nextGame=3349289 shard=7 epoch=0 -> 20261008-lrBsiluall-relcap-replay-latest.safetensors
[LAYER-HEALTH] checkpoint replay-autosave step=26000 trainerStep=26000 scope=all_tensors reluSites=0/10 dead=n/a off=n/a alwaysOn=n/a (no relu/leaky_relu BN sites) rvMaxOverMedian=55.8@blocks.2.bn1[31] rvOver10xMedian=12 rezero=none nonFinite=0 parkedSites=9/10 parkedCh=1040 parked=0 parkedOff=0 parkedBy=none seZeroVel=none valueFC1ZeroVel=0/128 maxAbs=22.38@blocks.1.bn2.running_var
[LAYER-HEALTH]   batch-norm sites — β/|γ|: dead < -3.00, mostly off < -2.00, always on > +3.00; classified for relu/leaky_relu only
[LAYER-HEALTH]     site            act            ch   dead    off     on  zeroγ nonfin  min β/|γ| [ch]     max β/|γ| [ch]     rv max/median [ch]  rv≥10x
[LAYER-HEALTH]     stem.bn         -             128    n/a    n/a    n/a      0      0     -0.80 [97]         +0.38 [51]            3.2 [43]           0
[LAYER-HEALTH]     blocks.0.bn1    silu          128    n/a    n/a    n/a      0      0     -0.75 [21]         +0.20 [64]            4.3 [43]           0
[LAYER-HEALTH]     blocks.0.bn2    silu          128    n/a    n/a    n/a      0      0     -1.22 [109]        +9.75 [49]            5.5 [96]           0
[LAYER-HEALTH]     blocks.1.bn1    silu          128    n/a    n/a    n/a      0      0     -1.26 [17]         +0.02 [31]           45.0 [31]           6
[LAYER-HEALTH]     blocks.1.bn2    silu          128    n/a    n/a    n/a      0      0     -1.31 [30]         -0.19 [101]          13.7 [32]           1
[LAYER-HEALTH]     blocks.2.bn1    silu          128    n/a    n/a    n/a      0      0     -1.89 [17]         +1.57 [31]           55.8 [31]           4
[LAYER-HEALTH]     blocks.2.bn2    silu          128    n/a    n/a    n/a      0      0     -1.51 [85]         -0.02 [105]           3.7 [122]          0
[LAYER-HEALTH]     tower_final_bn  silu          128    n/a    n/a    n/a      0      0     -0.63 [83]         +0.99 [111]          11.6 [31]           1
[LAYER-HEALTH]     policy.pre_bn   silu          128    n/a    n/a    n/a      0      0     -0.97 [88]         +2.37 [22]            3.5 [96]           0
[LAYER-HEALTH]     value.bn        silu           16    n/a    n/a    n/a      0      0     -1.03 [8]          +0.67 [6]             2.2 [6]            0
[LAYER-HEALTH]   parked channels — every activation: pass-through P = E|f'(γz+β)|, z ~ N(0,1); parked when P above its floor < 0.00135 of the range (Φ(-3)), mostly off < 0.02275 (Φ(-2)); equals dead / off for relu/leaky_relu
[LAYER-HEALTH]     site            act            ch parked    off       min P   median P
[LAYER-HEALTH]     blocks.0.bn1    silu          128      0      0    0.294638   0.445835
[LAYER-HEALTH]     blocks.0.bn2    silu          128      0      0    0.167939   0.372214
[LAYER-HEALTH]     blocks.1.bn1    silu          128      0      0    0.165178   0.327882
[LAYER-HEALTH]     blocks.1.bn2    silu          128      0      0    0.162628   0.302857
[LAYER-HEALTH]     blocks.2.bn1    silu          128      0      0    0.084968   0.288429
[LAYER-HEALTH]     blocks.2.bn2    silu          128      0      0    0.139090   0.340255
[LAYER-HEALTH]     tower_final_bn  silu          128      0      0    0.317764   0.524745
[LAYER-HEALTH]     policy.pre_bn   silu          128      0      0    0.234372   0.534358
[LAYER-HEALTH]     value.bn        silu           16      0      0    0.215284   0.306148
[LAYER-HEALTH]   FC hidden-unit velocity — zero: every weight-velocity entry exactly 0; low: nonzero but < 5% of the layer's p90 unit norm
[LAYER-HEALTH]     value.fc1.weight  silu  units 128  zero 0  low 0  median unit norm 0.008578
[LAYER-HEALTH]     (no SE blocks)
[LAYER-HEALTH]   ReZero: none
[LAYER-HEALTH]   non-finite: 0 values in 0 of 102 tensors (10263038 values examined)
[LAYER-HEALTH]   largest |value|: blocks.1.bn2.running_var 22.38, blocks.2.bn1.running_var 20.3, blocks.1.bn1.running_var 15.64, blocks.0.bn2.running_var 11.9, blocks.2.bn2.running_var 6.581
[REPLAY] enumerated checkpoint -> 20261008-lrBsiluall-relcap-replay-step26000.safetensors
[REPLAY] step=26080 loss=3.5278 pLoss=2.7366 vLoss=0.7896 pEnt=2.860 pIllM=0.0015 playedP=0.178 pW=0.47 pD=0.07 pL=0.46 vAbs=0.231 pLogitMean=-8.4907 vLogitMean=0.5782 gNorm=0.235 lr=0.000993 ms=2315.0 buf=500000 plies=222782196 games=3359668 rejected=0 skipped=0 epoch=0 mom=0.9499 lrCyc[pk=9.8e-01,tr=9.9e-04] gNormMax=0.2546 clips=0 gCap=0.7130 trainerStep=26080
[LAYER-HEALTH] live trainerStep=26080 scope=batch_norm_state_only reluSites=0/10 dead=n/a off=n/a alwaysOn=n/a (no relu/leaky_relu BN sites) rvMaxOverMedian=55.9@blocks.2.bn1[31] rvOver10xMedian=12 rezero=none nonFinite=0 parkedSites=9/10 parkedCh=1040 parked=0 parkedOff=0 parkedBy=none
[REPLAY] step=26160 loss=3.5510 pLoss=2.7466 vLoss=0.8029 pEnt=2.875 pIllM=0.0016 playedP=0.171 pW=0.47 pD=0.06 pL=0.46 vAbs=0.224 pLogitMean=-8.4898 vLogitMean=0.5777 gNorm=0.249 lr=0.00101 ms=3208.5 buf=500000 plies=223464843 games=3370085 rejected=0 skipped=0 epoch=0 mom=0.9497 lrCyc[pk=9.8e-01,tr=9.9e-04] gNormMax=0.2592 clips=0 gCap=0.7130 trainerStep=26160
[LAYER-HEALTH] live trainerStep=26160 scope=batch_norm_state_only reluSites=0/10 dead=n/a off=n/a alwaysOn=n/a (no relu/leaky_relu BN sites) rvMaxOverMedian=55.9@blocks.2.bn1[31] rvOver10xMedian=12 rezero=none nonFinite=0 parkedSites=9/10 parkedCh=1040 parked=0 parkedOff=0 parkedBy=none
[REPLAY] step=26240 loss=3.5399 pLoss=2.7403 vLoss=0.7979 pEnt=2.865 pIllM=0.0017 playedP=0.176 pW=0.47 pD=0.06 pL=0.47 vAbs=0.236 pLogitMean=-8.4908 vLogitMean=0.5809 gNorm=0.237 lr=0.00103 ms=2616.9 buf=500000 plies=224147532 games=3380346 rejected=0 skipped=0 epoch=0 mom=0.9494 lrCyc[pk=9.8e-01,tr=9.9e-04] gNormMax=0.2520 clips=0 gCap=0.7129 trainerStep=26240
[LAYER-HEALTH] live trainerStep=26240 scope=batch_norm_state_only reluSites=0/10 dead=n/a off=n/a alwaysOn=n/a (no relu/leaky_relu BN sites) rvMaxOverMedian=55.9@blocks.2.bn1[31] rvOver10xMedian=12 rezero=none nonFinite=0 parkedSites=9/10 parkedCh=1040 parked=0 parkedOff=0 parkedBy=none
[REPLAY] step=26320 loss=3.5477 pLoss=2.7356 vLoss=0.8103 pEnt=2.859 pIllM=0.0018 playedP=0.178 pW=0.47 pD=0.06 pL=0.46 vAbs=0.227 pLogitMean=-8.4920 vLogitMean=0.5783 gNorm=0.241 lr=0.00106 ms=2626.7 buf=500000 plies=224830105 games=3390655 rejected=0 skipped=0 epoch=0 mom=0.9490 lrCyc[pk=9.8e-01,tr=9.9e-04] gNormMax=0.2532 clips=0 gCap=0.7124 trainerStep=26320
[LAYER-HEALTH] live trainerStep=26320 scope=batch_norm_state_only reluSites=0/10 dead=n/a off=n/a alwaysOn=n/a (no relu/leaky_relu BN sites) rvMaxOverMedian=56.0@blocks.2.bn1[31] rvOver10xMedian=12 rezero=none nonFinite=0 parkedSites=9/10 parkedCh=1040 parked=0 parkedOff=0 parkedBy=none
[REPLAY] step=26400 loss=3.5166 pLoss=2.7120 vLoss=0.8031 pEnt=2.850 pIllM=0.0015 playedP=0.180 pW=0.47 pD=0.06 pL=0.46 vAbs=0.235 pLogitMean=-8.4916 vLogitMean=0.5783 gNorm=0.234 lr=0.0011 ms=2803.5 buf=500000 plies=225512763 games=3400948 rejected=0 skipped=0 epoch=0 mom=0.9484 lrCyc[pk=9.8e-01,tr=9.9e-04] gNormMax=0.2522 clips=0 gCap=0.7124 trainerStep=26400
[LAYER-HEALTH] live trainerStep=26400 scope=batch_norm_state_only reluSites=0/10 dead=n/a off=n/a alwaysOn=n/a (no relu/leaky_relu BN sites) rvMaxOverMedian=56.0@blocks.2.bn1[31] rvOver10xMedian=12 rezero=none nonFinite=0 parkedSites=9/10 parkedCh=1040 parked=0 parkedOff=0 parkedBy=none
[REPLAY] step=26480 loss=3.5315 pLoss=2.7207 vLoss=0.8092 pEnt=2.865 pIllM=0.0016 playedP=0.177 pW=0.47 pD=0.07 pL=0.46 vAbs=0.239 pLogitMean=-8.4930 vLogitMean=0.5792 gNorm=0.231 lr=0.00115 ms=2954.9 buf=500000 plies=226195399 games=3411219 rejected=0 skipped=0 epoch=0 mom=0.9477 lrCyc[pk=9.8e-01,tr=9.9e-04] gNormMax=0.2551 clips=0 gCap=0.7136 trainerStep=26480
[LAYER-HEALTH] live trainerStep=26480 scope=batch_norm_state_only reluSites=0/10 dead=n/a off=n/a alwaysOn=n/a (no relu/leaky_relu BN sites) rvMaxOverMedian=56.0@blocks.2.bn1[31] rvOver10xMedian=12 rezero=none nonFinite=0 parkedSites=9/10 parkedCh=1040 parked=0 parkedOff=0 parkedBy=none
[REPLAY] step=26560 loss=3.5308 pLoss=2.7207 vLoss=0.8082 pEnt=2.873 pIllM=0.0018 playedP=0.177 pW=0.47 pD=0.07 pL=0.46 vAbs=0.235 pLogitMean=-8.4932 vLogitMean=0.5778 gNorm=0.247 lr=0.00122 ms=2807.8 buf=500000 plies=226878005 games=3421628 rejected=0 skipped=0 epoch=0 mom=0.9469 lrCyc[pk=9.8e-01,tr=9.9e-04] gNormMax=0.2666 clips=0 gCap=0.7137 trainerStep=26560
[LAYER-HEALTH] live trainerStep=26560 scope=batch_norm_state_only reluSites=0/10 dead=n/a off=n/a alwaysOn=n/a (no relu/leaky_relu BN sites) rvMaxOverMedian=55.9@blocks.2.bn1[31] rvOver10xMedian=12 rezero=none nonFinite=0 parkedSites=9/10 parkedCh=1040 parked=0 parkedOff=0 parkedBy=none
[REPLAY] step=26640 loss=3.5200 pLoss=2.7176 vLoss=0.8006 pEnt=2.864 pIllM=0.0018 playedP=0.177 pW=0.47 pD=0.07 pL=0.46 vAbs=0.234 pLogitMean=-8.4932 vLogitMean=0.5775 gNorm=0.233 lr=0.0013 ms=3283.5 buf=500000 plies=227560723 games=3432049 rejected=0 skipped=0 epoch=0 mom=0.9460 lrCyc[pk=9.8e-01,tr=9.9e-04] gNormMax=0.2627 clips=0 gCap=0.7142 trainerStep=26640
[LAYER-HEALTH] live trainerStep=26640 scope=batch_norm_state_only reluSites=0/10 dead=n/a off=n/a alwaysOn=n/a (no relu/leaky_relu BN sites) rvMaxOverMedian=55.9@blocks.2.bn1[31] rvOver10xMedian=12 rezero=none nonFinite=0 parkedSites=9/10 parkedCh=1040 parked=0 parkedOff=0 parkedBy=none
[REPLAY] step=26720 loss=3.5031 pLoss=2.6938 vLoss=0.8078 pEnt=2.868 pIllM=0.0016 playedP=0.178 pW=0.47 pD=0.07 pL=0.46 vAbs=0.233 pLogitMean=-8.4917 vLogitMean=0.5808 gNorm=0.245 lr=0.0014 ms=3006.0 buf=500000 plies=228243369 games=3442373 rejected=0 skipped=0 epoch=0 mom=0.9450 lrCyc[pk=9.8e-01,tr=9.9e-04] gNormMax=0.2714 clips=0 gCap=0.7145 trainerStep=26720
[LAYER-HEALTH] live trainerStep=26720 scope=batch_norm_state_only reluSites=0/10 dead=n/a off=n/a alwaysOn=n/a (no relu/leaky_relu BN sites) rvMaxOverMedian=55.8@blocks.2.bn1[31] rvOver10xMedian=12 rezero=none nonFinite=0 parkedSites=9/10 parkedCh=1040 parked=0 parkedOff=0 parkedBy=none
[REPLAY] step=26800 loss=3.5414 pLoss=2.7295 vLoss=0.8102 pEnt=2.885 pIllM=0.0017 playedP=0.174 pW=0.47 pD=0.06 pL=0.47 vAbs=0.235 pLogitMean=-8.4934 vLogitMean=0.5796 gNorm=0.239 lr=0.00151 ms=3433.4 buf=500000 plies=228925926 games=3452741 rejected=0 skipped=0 epoch=0 mom=0.9438 lrCyc[pk=9.8e-01,tr=9.9e-04] gNormMax=0.2671 clips=0 gCap=0.7146 trainerStep=26800
[LAYER-HEALTH] live trainerStep=26800 scope=batch_norm_state_only reluSites=0/10 dead=n/a off=n/a alwaysOn=n/a (no relu/leaky_relu BN sites) rvMaxOverMedian=55.7@blocks.2.bn1[31] rvOver10xMedian=12 rezero=none nonFinite=0 parkedSites=9/10 parkedCh=1040 parked=0 parkedOff=0 parkedBy=none
[REPLAY] step=26880 loss=3.5199 pLoss=2.7189 vLoss=0.7994 pEnt=2.859 pIllM=0.0017 playedP=0.179 pW=0.47 pD=0.06 pL=0.46 vAbs=0.234 pLogitMean=-8.4919 vLogitMean=0.5810 gNorm=0.245 lr=0.00165 ms=2595.2 buf=500000 plies=229608576 games=3463075 rejected=0 skipped=0 epoch=0 mom=0.9426 lrCyc[pk=9.8e-01,tr=9.9e-04] gNormMax=0.2683 clips=0 gCap=0.7154 trainerStep=26880
[LAYER-HEALTH] live trainerStep=26880 scope=batch_norm_state_only reluSites=0/10 dead=n/a off=n/a alwaysOn=n/a (no relu/leaky_relu BN sites) rvMaxOverMedian=55.8@blocks.2.bn1[31] rvOver10xMedian=12 rezero=none nonFinite=0 parkedSites=9/10 parkedCh=1040 parked=0 parkedOff=0 parkedBy=none
[REPLAY] step=26950 loss=3.4924 pLoss=2.7014 vLoss=0.7893 pEnt=2.870 pIllM=0.0017 playedP=0.176 pW=0.47 pD=0.06 pL=0.47 vAbs=0.235 pLogitMean=-8.4913 vLogitMean=0.5795 gNorm=0.239 lr=0.00179 ms=3487.8 buf=500000 plies=230205891 games=3472124 rejected=0 skipped=0 epoch=0 mom=0.9414 lrCyc[pk=9.8e-01,tr=9.9e-04] gNormMax=0.2566 clips=0 gCap=0.7157 trainerStep=26950
[LAYER-HEALTH] live trainerStep=26950 scope=batch_norm_state_only reluSites=0/10 dead=n/a off=n/a alwaysOn=n/a (no relu/leaky_relu BN sites) rvMaxOverMedian=56.0@blocks.2.bn1[31] rvOver10xMedian=12 rezero=none nonFinite=0 parkedSites=9/10 parkedCh=1040 parked=0 parkedOff=0 parkedBy=none
[REPLAY] step=27000 loss=3.5011 pLoss=2.7011 vLoss=0.7982 pEnt=2.860 pIllM=0.0018 playedP=0.181 pW=0.47 pD=0.06 pL=0.46 vAbs=0.237 pLogitMean=-8.4928 vLogitMean=0.5802 gNorm=0.246 lr=0.00191 ms=3097.7 buf=500000 plies=230632578 games=3478591 rejected=0 skipped=0 epoch=0 mom=0.9405 lrCyc[pk=9.8e-01,tr=9.9e-04] gNormMax=0.2648 clips=0 gCap=0.7159 trainerStep=27000
[LAYER-HEALTH] live trainerStep=27000 scope=batch_norm_state_only reluSites=0/10 dead=n/a off=n/a alwaysOn=n/a (no relu/leaky_relu BN sites) rvMaxOverMedian=56.0@blocks.2.bn1[31] rvOver10xMedian=12 rezero=none nonFinite=0 parkedSites=9/10 parkedCh=1040 parked=0 parkedOff=0 parkedBy=none
[ALARM] health active rule=policy_offset_drift severity=warning since=1150 trainerStep=27000 value=medianAbs=8.4919
[HEALTH] check trainerStep=27000 generation=0 evaluations=21 live=20 checkpoint=1 stale=0 truncated=0 cost_ms=9.3 train_ms=2410556.8 liveReadFailed=0 lossMaxRatio=1.02 lossMedianRatio=1.00 gradMaxRatio=1.14 rvRiseMax=1.02 rvOutliers=12/12 nodata=none active=policy_offset_drift:warning
[REPLAY] saved trainer model (autosave) step=27000 trainerStep=27000 nextGame=3478591 shard=7 epoch=0 -> 20261008-lrBsiluall-relcap-replay-latest.safetensors
[LAYER-HEALTH] checkpoint replay-autosave step=27000 trainerStep=27000 scope=all_tensors reluSites=0/10 dead=n/a off=n/a alwaysOn=n/a (no relu/leaky_relu BN sites) rvMaxOverMedian=56.0@blocks.2.bn1[31] rvOver10xMedian=12 rezero=none nonFinite=0 parkedSites=9/10 parkedCh=1040 parked=0 parkedOff=0 parkedBy=none seZeroVel=none valueFC1ZeroVel=0/128 maxAbs=22.34@blocks.1.bn2.running_var
[LAYER-HEALTH]   batch-norm sites — β/|γ|: dead < -3.00, mostly off < -2.00, always on > +3.00; classified for relu/leaky_relu only
[LAYER-HEALTH]     site            act            ch   dead    off     on  zeroγ nonfin  min β/|γ| [ch]     max β/|γ| [ch]     rv max/median [ch]  rv≥10x
[LAYER-HEALTH]     stem.bn         -             128    n/a    n/a    n/a      0      0     -0.80 [97]         +0.38 [51]            3.2 [43]           0
[LAYER-HEALTH]     blocks.0.bn1    silu          128    n/a    n/a    n/a      0      0     -0.75 [21]         +0.20 [64]            4.3 [43]           0
[LAYER-HEALTH]     blocks.0.bn2    silu          128    n/a    n/a    n/a      0      0     -1.23 [109]        +9.69 [49]            5.3 [96]           0
[LAYER-HEALTH]     blocks.1.bn1    silu          128    n/a    n/a    n/a      0      0     -1.26 [17]         +0.02 [31]           45.1 [31]           6
[LAYER-HEALTH]     blocks.1.bn2    silu          128    n/a    n/a    n/a      0      0     -1.31 [30]         -0.19 [101]          13.7 [32]           1
[LAYER-HEALTH]     blocks.2.bn1    silu          128    n/a    n/a    n/a      0      0     -1.89 [17]         +1.57 [31]           56.0 [31]           4
[LAYER-HEALTH]     blocks.2.bn2    silu          128    n/a    n/a    n/a      0      0     -1.51 [85]         -0.01 [105]           3.7 [122]          0
[LAYER-HEALTH]     tower_final_bn  silu          128    n/a    n/a    n/a      0      0     -0.63 [83]         +0.99 [111]          11.7 [31]           1
[LAYER-HEALTH]     policy.pre_bn   silu          128    n/a    n/a    n/a      0      0     -0.97 [88]         +2.36 [22]            3.5 [96]           0
[LAYER-HEALTH]     value.bn        silu           16    n/a    n/a    n/a      0      0     -1.03 [8]          +0.67 [6]             2.2 [6]            0
[LAYER-HEALTH]   parked channels — every activation: pass-through P = E|f'(γz+β)|, z ~ N(0,1); parked when P above its floor < 0.00135 of the range (Φ(-3)), mostly off < 0.02275 (Φ(-2)); equals dead / off for relu/leaky_relu
[LAYER-HEALTH]     site            act            ch parked    off       min P   median P
[LAYER-HEALTH]     blocks.0.bn1    silu          128      0      0    0.294529   0.445842
[LAYER-HEALTH]     blocks.0.bn2    silu          128      0      0    0.167782   0.372051
[LAYER-HEALTH]     blocks.1.bn1    silu          128      0      0    0.165052   0.327886
[LAYER-HEALTH]     blocks.1.bn2    silu          128      0      0    0.162640   0.302910
[LAYER-HEALTH]     blocks.2.bn1    silu          128      0      0    0.084899   0.288391
[LAYER-HEALTH]     blocks.2.bn2    silu          128      0      0    0.139043   0.340267
[LAYER-HEALTH]     tower_final_bn  silu          128      0      0    0.317690   0.524714
[LAYER-HEALTH]     policy.pre_bn   silu          128      0      0    0.234513   0.534441
[LAYER-HEALTH]     value.bn        silu           16      0      0    0.214859   0.306524
[LAYER-HEALTH]   FC hidden-unit velocity — zero: every weight-velocity entry exactly 0; low: nonzero but < 5% of the layer's p90 unit norm
[LAYER-HEALTH]     value.fc1.weight  silu  units 128  zero 0  low 0  median unit norm 0.008027
[LAYER-HEALTH]     (no SE blocks)
[LAYER-HEALTH]   ReZero: none
[LAYER-HEALTH]   non-finite: 0 values in 0 of 102 tensors (10263038 values examined)
[LAYER-HEALTH]   largest |value|: blocks.1.bn2.running_var 22.34, blocks.2.bn1.running_var 20.29, blocks.1.bn1.running_var 15.61, blocks.0.bn2.running_var 11.55, blocks.2.bn2.running_var 6.574
[REPLAY] enumerated checkpoint -> 20261008-lrBsiluall-relcap-replay-step27000.safetensors
[REPLAY] step=27070 loss=3.5240 pLoss=2.7164 vLoss=0.8061 pEnt=2.869 pIllM=0.0016 playedP=0.175 pW=0.47 pD=0.07 pL=0.46 vAbs=0.234 pLogitMean=-8.4934 vLogitMean=0.5807 gNorm=0.238 lr=0.00209 ms=3056.9 buf=500000 plies=231229857 games=3487667 rejected=0 skipped=0 epoch=0 mom=0.9391 lrCyc[pk=9.8e-01,tr=9.9e-04] gNormMax=0.2554 clips=0 gCap=0.7177 trainerStep=27070
[LAYER-HEALTH] live trainerStep=27070 scope=batch_norm_state_only reluSites=0/10 dead=n/a off=n/a alwaysOn=n/a (no relu/leaky_relu BN sites) rvMaxOverMedian=56.0@blocks.2.bn1[31] rvOver10xMedian=12 rezero=none nonFinite=0 parkedSites=9/10 parkedCh=1040 parked=0 parkedOff=0 parkedBy=none
[REPLAY] step=27150 loss=3.5029 pLoss=2.6903 vLoss=0.8110 pEnt=2.857 pIllM=0.0016 playedP=0.182 pW=0.47 pD=0.06 pL=0.46 vAbs=0.239 pLogitMean=-8.4953 vLogitMean=0.5806 gNorm=0.234 lr=0.00234 ms=2942.9 buf=500000 plies=231912500 games=3497979 rejected=0 skipped=0 epoch=0 mom=0.9375 lrCyc[pk=9.8e-01,tr=9.9e-04] gNormMax=0.2671 clips=0 gCap=0.7186 trainerStep=27150
[LAYER-HEALTH] live trainerStep=27150 scope=batch_norm_state_only reluSites=0/10 dead=n/a off=n/a alwaysOn=n/a (no relu/leaky_relu BN sites) rvMaxOverMedian=56.0@blocks.2.bn1[31] rvOver10xMedian=12 rezero=none nonFinite=0 parkedSites=9/10 parkedCh=1040 parked=0 parkedOff=0 parkedBy=none
[REPLAY] step=27230 loss=3.4941 pLoss=2.6680 vLoss=0.8244 pEnt=2.857 pIllM=0.0018 playedP=0.177 pW=0.47 pD=0.07 pL=0.46 vAbs=0.232 pLogitMean=-8.4939 vLogitMean=0.5794 gNorm=0.241 lr=0.00263 ms=3308.9 buf=500000 plies=232595189 games=3508291 rejected=0 skipped=0 epoch=0 mom=0.9358 lrCyc[pk=9.8e-01,tr=9.9e-04] gNormMax=0.2699 clips=0 gCap=0.7188 trainerStep=27230
[LAYER-HEALTH] live trainerStep=27230 scope=batch_norm_state_only reluSites=0/10 dead=n/a off=n/a alwaysOn=n/a (no relu/leaky_relu BN sites) rvMaxOverMedian=55.9@blocks.2.bn1[31] rvOver10xMedian=12 rezero=none nonFinite=0 parkedSites=9/10 parkedCh=1040 parked=0 parkedOff=0 parkedBy=none
[REPLAY] step=27310 loss=3.5044 pLoss=2.7118 vLoss=0.7906 pEnt=2.868 pIllM=0.0020 playedP=0.176 pW=0.47 pD=0.06 pL=0.46 vAbs=0.235 pLogitMean=-8.4957 vLogitMean=0.5795 gNorm=0.257 lr=0.00298 ms=3404.8 buf=500000 plies=233277785 games=3518572 rejected=0 skipped=0 epoch=0 mom=0.9340 lrCyc[pk=9.8e-01,tr=9.9e-04] gNormMax=0.2669 clips=0 gCap=0.7192 trainerStep=27310
[LAYER-HEALTH] live trainerStep=27310 scope=batch_norm_state_only reluSites=0/10 dead=n/a off=n/a alwaysOn=n/a (no relu/leaky_relu BN sites) rvMaxOverMedian=55.9@blocks.2.bn1[31] rvOver10xMedian=12 rezero=none nonFinite=0 parkedSites=9/10 parkedCh=1040 parked=0 parkedOff=0 parkedBy=none
[REPLAY] step=27390 loss=3.5138 pLoss=2.7157 vLoss=0.7962 pEnt=2.872 pIllM=0.0019 playedP=0.177 pW=0.47 pD=0.07 pL=0.47 vAbs=0.238 pLogitMean=-8.4994 vLogitMean=0.5797 gNorm=0.258 lr=0.00339 ms=2558.0 buf=500000 plies=233960398 games=3528800 rejected=0 skipped=0 epoch=0 mom=0.9321 lrCyc[pk=9.8e-01,tr=9.9e-04] gNormMax=0.2696 clips=0 gCap=0.7201 trainerStep=27390
[LAYER-HEALTH] live trainerStep=27390 scope=batch_norm_state_only reluSites=0/10 dead=n/a off=n/a alwaysOn=n/a (no relu/leaky_relu BN sites) rvMaxOverMedian=56.0@blocks.2.bn1[31] rvOver10xMedian=12 rezero=none nonFinite=0 parkedSites=9/10 parkedCh=1040 parked=0 parkedOff=0 parkedBy=none
[REPLAY] step=27470 loss=3.4948 pLoss=2.6935 vLoss=0.7994 pEnt=2.877 pIllM=0.0018 playedP=0.174 pW=0.47 pD=0.07 pL=0.47 vAbs=0.235 pLogitMean=-8.4999 vLogitMean=0.5796 gNorm=0.256 lr=0.00388 ms=3400.0 buf=500000 plies=234643063 games=3539108 rejected=0 skipped=0 epoch=0 mom=0.9302 lrCyc[pk=9.8e-01,tr=9.9e-04] gNormMax=0.3001 clips=0 gCap=0.7207 trainerStep=27470
[LAYER-HEALTH] live trainerStep=27470 scope=batch_norm_state_only reluSites=0/10 dead=n/a off=n/a alwaysOn=n/a (no relu/leaky_relu BN sites) rvMaxOverMedian=55.9@blocks.2.bn1[31] rvOver10xMedian=12 rezero=none nonFinite=0 parkedSites=9/10 parkedCh=1040 parked=0 parkedOff=0 parkedBy=none
[REPLAY] step=27550 loss=3.5045 pLoss=2.7132 vLoss=0.7893 pEnt=2.854 pIllM=0.0020 playedP=0.179 pW=0.47 pD=0.06 pL=0.46 vAbs=0.237 pLogitMean=-8.4984 vLogitMean=0.5799 gNorm=0.244 lr=0.00447 ms=3377.5 buf=500000 plies=235325706 games=3549463 rejected=0 skipped=0 epoch=0 mom=0.9281 lrCyc[pk=9.8e-01,tr=9.9e-04] gNormMax=0.2915 clips=0 gCap=0.7210 trainerStep=27550
[LAYER-HEALTH] live trainerStep=27550 scope=batch_norm_state_only reluSites=0/10 dead=n/a off=n/a alwaysOn=n/a (no relu/leaky_relu BN sites) rvMaxOverMedian=55.9@blocks.2.bn1[31] rvOver10xMedian=12 rezero=none nonFinite=0 parkedSites=9/10 parkedCh=1040 parked=0 parkedOff=0 parkedBy=none
[REPLAY] step=27630 loss=3.5046 pLoss=2.6954 vLoss=0.8074 pEnt=2.854 pIllM=0.0018 playedP=0.180 pW=0.47 pD=0.07 pL=0.46 vAbs=0.231 pLogitMean=-8.4973 vLogitMean=0.5779 gNorm=0.235 lr=0.00517 ms=3412.0 buf=500000 plies=236008397 games=3559784 rejected=0 skipped=0 epoch=0 mom=0.9260 lrCyc[pk=9.8e-01,tr=9.9e-04] gNormMax=0.2657 clips=0 gCap=0.7213 trainerStep=27630
[LAYER-HEALTH] live trainerStep=27630 scope=batch_norm_state_only reluSites=0/10 dead=n/a off=n/a alwaysOn=n/a (no relu/leaky_relu BN sites) rvMaxOverMedian=56.1@blocks.2.bn1[31] rvOver10xMedian=12 rezero=none nonFinite=0 parkedSites=9/10 parkedCh=1040 parked=0 parkedOff=0 parkedBy=none
[REPLAY] step=27700 loss=3.5100 pLoss=2.7084 vLoss=0.7998 pEnt=2.863 pIllM=0.0017 playedP=0.180 pW=0.47 pD=0.07 pL=0.46 vAbs=0.226 pLogitMean=-8.4987 vLogitMean=0.5818 gNorm=0.237 lr=0.0059 ms=2739.1 buf=500000 plies=236605642 games=3568768 rejected=0 skipped=0 epoch=0 mom=0.9241 lrCyc[pk=9.8e-01,tr=9.9e-04] gNormMax=0.2557 clips=0 gCap=0.7218 trainerStep=27700
[LAYER-HEALTH] live trainerStep=27700 scope=batch_norm_state_only reluSites=0/10 dead=n/a off=n/a alwaysOn=n/a (no relu/leaky_relu BN sites) rvMaxOverMedian=56.6@blocks.2.bn1[31] rvOver10xMedian=12 rezero=none nonFinite=0 parkedSites=9/10 parkedCh=1040 parked=0 parkedOff=0 parkedBy=none
[REPLAY] step=27780 loss=3.4784 pLoss=2.6782 vLoss=0.7987 pEnt=2.858 pIllM=0.0015 playedP=0.180 pW=0.47 pD=0.07 pL=0.46 vAbs=0.234 pLogitMean=-8.4981 vLogitMean=0.5808 gNorm=0.241 lr=0.00688 ms=2676.8 buf=500000 plies=237288291 games=3579021 rejected=0 skipped=0 epoch=0 mom=0.9219 lrCyc[pk=9.8e-01,tr=9.9e-04] gNormMax=0.2922 clips=0 gCap=0.7221 trainerStep=27780
[LAYER-HEALTH] live trainerStep=27780 scope=batch_norm_state_only reluSites=0/10 dead=n/a off=n/a alwaysOn=n/a (no relu/leaky_relu BN sites) rvMaxOverMedian=56.8@blocks.2.bn1[31] rvOver10xMedian=12 rezero=none nonFinite=0 parkedSites=9/10 parkedCh=1040 parked=0 parkedOff=0 parkedBy=none
[REPLAY] step=27860 loss=3.5210 pLoss=2.7198 vLoss=0.7996 pEnt=2.874 pIllM=0.0016 playedP=0.175 pW=0.47 pD=0.07 pL=0.46 vAbs=0.241 pLogitMean=-8.5032 vLogitMean=0.5786 gNorm=0.250 lr=0.00805 ms=3160.1 buf=500000 plies=237970932 games=3589305 rejected=0 skipped=0 epoch=0 mom=0.9196 lrCyc[pk=9.8e-01,tr=9.9e-04] gNormMax=0.2806 clips=0 gCap=0.7234 trainerStep=27860
[LAYER-HEALTH] live trainerStep=27860 scope=batch_norm_state_only reluSites=0/10 dead=n/a off=n/a alwaysOn=n/a (no relu/leaky_relu BN sites) rvMaxOverMedian=56.9@blocks.2.bn1[31] rvOver10xMedian=12 rezero=none nonFinite=0 parkedSites=9/10 parkedCh=1040 parked=0 parkedOff=0 parkedBy=none
[REPLAY] step=27940 loss=3.5085 pLoss=2.7098 vLoss=0.7967 pEnt=2.850 pIllM=0.0020 playedP=0.181 pW=0.47 pD=0.07 pL=0.46 vAbs=0.240 pLogitMean=-8.5035 vLogitMean=0.5803 gNorm=0.240 lr=0.00946 ms=2449.1 buf=500000 plies=238653549 games=3599624 rejected=0 skipped=0 epoch=0 mom=0.9173 lrCyc[pk=9.8e-01,tr=9.9e-04] gNormMax=0.2651 clips=0 gCap=0.7239 trainerStep=27940
[LAYER-HEALTH] live trainerStep=27940 scope=batch_norm_state_only reluSites=0/10 dead=n/a off=n/a alwaysOn=n/a (no relu/leaky_relu BN sites) rvMaxOverMedian=56.8@blocks.2.bn1[31] rvOver10xMedian=12 rezero=none nonFinite=0 parkedSites=9/10 parkedCh=1040 parked=0 parkedOff=0 parkedBy=none
[REPLAY] step=28000 loss=3.4931 pLoss=2.6929 vLoss=0.7984 pEnt=2.853 pIllM=0.0017 playedP=0.177 pW=0.47 pD=0.07 pL=0.46 vAbs=0.237 pLogitMean=-8.5033 vLogitMean=0.5770 gNorm=0.246 lr=0.0107 ms=2940.3 buf=500000 plies=239165604 games=3607314 rejected=0 skipped=0 epoch=0 mom=0.9155 lrCyc[pk=9.8e-01,tr=9.9e-04] gNormMax=0.2623 clips=0 gCap=0.7251 trainerStep=28000
[LAYER-HEALTH] live trainerStep=28000 scope=batch_norm_state_only reluSites=0/10 dead=n/a off=n/a alwaysOn=n/a (no relu/leaky_relu BN sites) rvMaxOverMedian=56.5@blocks.2.bn1[31] rvOver10xMedian=12 rezero=none nonFinite=0 parkedSites=9/10 parkedCh=1040 parked=0 parkedOff=0 parkedBy=none
[ALARM] health active rule=policy_offset_drift severity=warning since=1150 trainerStep=28000 value=medianAbs=8.5039
[HEALTH] check trainerStep=28000 generation=0 evaluations=21 live=20 checkpoint=1 stale=0 truncated=0 cost_ms=8.1 train_ms=2421306.9 liveReadFailed=0 lossMaxRatio=1.02 lossMedianRatio=1.00 gradMaxRatio=1.25 rvRiseMax=1.03 rvOutliers=12/12 nodata=none active=policy_offset_drift:warning
[REPLAY] saved trainer model (autosave) step=28000 trainerStep=28000 nextGame=3607314 shard=7 epoch=0 -> 20261008-lrBsiluall-relcap-replay-latest.safetensors
[LAYER-HEALTH] checkpoint replay-autosave step=28000 trainerStep=28000 scope=all_tensors reluSites=0/10 dead=n/a off=n/a alwaysOn=n/a (no relu/leaky_relu BN sites) rvMaxOverMedian=56.5@blocks.2.bn1[31] rvOver10xMedian=12 rezero=none nonFinite=0 parkedSites=9/10 parkedCh=1040 parked=0 parkedOff=0 parkedBy=none seZeroVel=none valueFC1ZeroVel=0/128 maxAbs=22.27@blocks.1.bn2.running_var
[LAYER-HEALTH]   batch-norm sites — β/|γ|: dead < -3.00, mostly off < -2.00, always on > +3.00; classified for relu/leaky_relu only
[LAYER-HEALTH]     site            act            ch   dead    off     on  zeroγ nonfin  min β/|γ| [ch]     max β/|γ| [ch]     rv max/median [ch]  rv≥10x
[LAYER-HEALTH]     stem.bn         -             128    n/a    n/a    n/a      0      0     -0.80 [97]         +0.38 [51]            3.2 [43]           0
[LAYER-HEALTH]     blocks.0.bn1    silu          128    n/a    n/a    n/a      0      0     -0.75 [21]         +0.20 [64]            4.3 [43]           0
[LAYER-HEALTH]     blocks.0.bn2    silu          128    n/a    n/a    n/a      0      0     -1.23 [109]        +9.78 [49]            5.4 [96]           0
[LAYER-HEALTH]     blocks.1.bn1    silu          128    n/a    n/a    n/a      0      0     -1.26 [17]         +0.02 [31]           44.3 [31]           6
[LAYER-HEALTH]     blocks.1.bn2    silu          128    n/a    n/a    n/a      0      0     -1.31 [30]         -0.19 [101]          13.7 [32]           1
[LAYER-HEALTH]     blocks.2.bn1    silu          128    n/a    n/a    n/a      0      0     -1.89 [17]         +1.57 [31]           56.5 [31]           4
[LAYER-HEALTH]     blocks.2.bn2    silu          128    n/a    n/a    n/a      0      0     -1.51 [85]         -0.01 [105]           3.7 [122]          0
[LAYER-HEALTH]     tower_final_bn  silu          128    n/a    n/a    n/a      0      0     -0.63 [83]         +0.99 [111]          11.8 [31]           1
[LAYER-HEALTH]     policy.pre_bn   silu          128    n/a    n/a    n/a      0      0     -0.97 [88]         +2.37 [22]            3.5 [96]           0
[LAYER-HEALTH]     value.bn        silu           16    n/a    n/a    n/a      0      0     -1.03 [8]          +0.67 [6]             2.2 [6]            0
[LAYER-HEALTH]   parked channels — every activation: pass-through P = E|f'(γz+β)|, z ~ N(0,1); parked when P above its floor < 0.00135 of the range (Φ(-3)), mostly off < 0.02275 (Φ(-2)); equals dead / off for relu/leaky_relu
[LAYER-HEALTH]     site            act            ch parked    off       min P   median P
[LAYER-HEALTH]     blocks.0.bn1    silu          128      0      0    0.294380   0.445964
[LAYER-HEALTH]     blocks.0.bn2    silu          128      0      0    0.167594   0.371805
[LAYER-HEALTH]     blocks.1.bn1    silu          128      0      0    0.164908   0.328034
[LAYER-HEALTH]     blocks.1.bn2    silu          128      0      0    0.162375   0.302688
[LAYER-HEALTH]     blocks.2.bn1    silu          128      0      0    0.084917   0.288354
[LAYER-HEALTH]     blocks.2.bn2    silu          128      0      0    0.139183   0.340256
[LAYER-HEALTH]     tower_final_bn  silu          128      0      0    0.317412   0.524630
[LAYER-HEALTH]     policy.pre_bn   silu          128      0      0    0.235296   0.534616
[LAYER-HEALTH]     value.bn        silu           16      0      0    0.214182   0.306859
[LAYER-HEALTH]   FC hidden-unit velocity — zero: every weight-velocity entry exactly 0; low: nonzero but < 5% of the layer's p90 unit norm
[LAYER-HEALTH]     value.fc1.weight  silu  units 128  zero 0  low 0  median unit norm 0.007005
[LAYER-HEALTH]     (no SE blocks)
[LAYER-HEALTH]   ReZero: none
[LAYER-HEALTH]   non-finite: 0 values in 0 of 102 tensors (10263038 values examined)
[LAYER-HEALTH]   largest |value|: blocks.1.bn2.running_var 22.27, blocks.2.bn1.running_var 20.46, blocks.1.bn1.running_var 15.49, blocks.0.bn2.running_var 11.56, blocks.2.bn2.running_var 6.587
[REPLAY] enumerated checkpoint -> 20261008-lrBsiluall-relcap-replay-step28000.safetensors
[REPLAY] step=28080 loss=3.5241 pLoss=2.6989 vLoss=0.8233 pEnt=2.863 pIllM=0.0019 playedP=0.178 pW=0.47 pD=0.07 pL=0.47 vAbs=0.236 pLogitMean=-8.5035 vLogitMean=0.5809 gNorm=0.248 lr=0.0126 ms=3201.6 buf=500000 plies=239848178 games=3617630 rejected=0 skipped=0 epoch=0 mom=0.9131 lrCyc[pk=9.8e-01,tr=9.9e-04] gNormMax=0.2704 clips=0 gCap=0.7258 trainerStep=28080
[LAYER-HEALTH] live trainerStep=28080 scope=batch_norm_state_only reluSites=0/10 dead=n/a off=n/a alwaysOn=n/a (no relu/leaky_relu BN sites) rvMaxOverMedian=56.4@blocks.2.bn1[31] rvOver10xMedian=12 rezero=none nonFinite=0 parkedSites=9/10 parkedCh=1040 parked=0 parkedOff=0 parkedBy=none
[REPLAY] step=28160 loss=3.5237 pLoss=2.7294 vLoss=0.7925 pEnt=2.853 pIllM=0.0017 playedP=0.178 pW=0.48 pD=0.07 pL=0.46 vAbs=0.244 pLogitMean=-8.5031 vLogitMean=0.5787 gNorm=0.250 lr=0.0149 ms=3070.0 buf=500000 plies=240530828 games=3628003 rejected=0 skipped=0 epoch=0 mom=0.9107 lrCyc[pk=9.8e-01,tr=9.9e-04] gNormMax=0.2742 clips=0 gCap=0.7268 trainerStep=28160
[LAYER-HEALTH] live trainerStep=28160 scope=batch_norm_state_only reluSites=0/10 dead=n/a off=n/a alwaysOn=n/a (no relu/leaky_relu BN sites) rvMaxOverMedian=56.5@blocks.2.bn1[31] rvOver10xMedian=12 rezero=none nonFinite=0 parkedSites=9/10 parkedCh=1040 parked=0 parkedOff=0 parkedBy=none
[REPLAY] step=28240 loss=3.5182 pLoss=2.7187 vLoss=0.7978 pEnt=2.864 pIllM=0.0017 playedP=0.174 pW=0.47 pD=0.06 pL=0.47 vAbs=0.239 pLogitMean=-8.5011 vLogitMean=0.5810 gNorm=0.249 lr=0.0177 ms=3291.2 buf=500000 plies=241213503 games=3638393 rejected=0 skipped=0 epoch=0 mom=0.9082 lrCyc[pk=9.8e-01,tr=9.9e-04] gNormMax=0.2651 clips=0 gCap=0.7296 trainerStep=28240
[LAYER-HEALTH] live trainerStep=28240 scope=batch_norm_state_only reluSites=0/10 dead=n/a off=n/a alwaysOn=n/a (no relu/leaky_relu BN sites) rvMaxOverMedian=56.7@blocks.2.bn1[31] rvOver10xMedian=12 rezero=none nonFinite=0 parkedSites=9/10 parkedCh=1040 parked=0 parkedOff=0 parkedBy=none
[REPLAY] step=28320 loss=3.5223 pLoss=2.7182 vLoss=0.8025 pEnt=2.871 pIllM=0.0015 playedP=0.177 pW=0.47 pD=0.07 pL=0.46 vAbs=0.238 pLogitMean=-8.5013 vLogitMean=0.5788 gNorm=0.254 lr=0.021 ms=3439.5 buf=500000 plies=241896191 games=3648786 rejected=0 skipped=0 epoch=0 mom=0.9057 lrCyc[pk=9.8e-01,tr=9.9e-04] gNormMax=0.2855 clips=0 gCap=0.7321 trainerStep=28320
[LAYER-HEALTH] live trainerStep=28320 scope=batch_norm_state_only reluSites=0/10 dead=n/a off=n/a alwaysOn=n/a (no relu/leaky_relu BN sites) rvMaxOverMedian=57.1@blocks.2.bn1[31] rvOver10xMedian=12 rezero=none nonFinite=0 parkedSites=9/10 parkedCh=1040 parked=0 parkedOff=0 parkedBy=none
[REPLAY] step=28400 loss=3.5334 pLoss=2.7217 vLoss=0.8101 pEnt=2.873 pIllM=0.0016 playedP=0.178 pW=0.47 pD=0.07 pL=0.46 vAbs=0.241 pLogitMean=-8.4997 vLogitMean=0.5784 gNorm=0.247 lr=0.025 ms=2619.8 buf=500000 plies=242578721 games=3659121 rejected=0 skipped=0 epoch=0 mom=0.9032 lrCyc[pk=9.8e-01,tr=9.9e-04] gNormMax=0.2798 clips=0 gCap=0.7339 trainerStep=28400
[LAYER-HEALTH] live trainerStep=28400 scope=batch_norm_state_only reluSites=0/10 dead=n/a off=n/a alwaysOn=n/a (no relu/leaky_relu BN sites) rvMaxOverMedian=56.8@blocks.2.bn1[31] rvOver10xMedian=12 rezero=none nonFinite=0 parkedSites=9/10 parkedCh=1040 parked=0 parkedOff=0 parkedBy=none
[REPLAY] step=28480 loss=3.5215 pLoss=2.7112 vLoss=0.8088 pEnt=2.876 pIllM=0.0015 playedP=0.177 pW=0.47 pD=0.07 pL=0.46 vAbs=0.230 pLogitMean=-8.4927 vLogitMean=0.5777 gNorm=0.253 lr=0.0297 ms=3610.5 buf=500000 plies=243261448 games=3669441 rejected=0 skipped=0 epoch=0 mom=0.9007 lrCyc[pk=9.8e-01,tr=9.9e-04] gNormMax=0.2779 clips=0 gCap=0.7346 trainerStep=28480
[LAYER-HEALTH] live trainerStep=28480 scope=batch_norm_state_only reluSites=0/10 dead=n/a off=n/a alwaysOn=n/a (no relu/leaky_relu BN sites) rvMaxOverMedian=56.3@blocks.2.bn1[31] rvOver10xMedian=12 rezero=none nonFinite=0 parkedSites=9/10 parkedCh=1040 parked=0 parkedOff=0 parkedBy=none
[REPLAY] step=28560 loss=3.5238 pLoss=2.7194 vLoss=0.8029 pEnt=2.870 pIllM=0.0016 playedP=0.174 pW=0.47 pD=0.06 pL=0.47 vAbs=0.247 pLogitMean=-8.4925 vLogitMean=0.5786 gNorm=0.254 lr=0.0353 ms=3041.6 buf=500000 plies=243944004 games=3679733 rejected=0 skipped=0 epoch=0 mom=0.8982 lrCyc[pk=9.7e-01,tr=9.9e-04] gNormMax=0.2913 clips=0 gCap=0.7366 trainerStep=28560
[LAYER-HEALTH] live trainerStep=28560 scope=batch_norm_state_only reluSites=0/10 dead=n/a off=n/a alwaysOn=n/a (no relu/leaky_relu BN sites) rvMaxOverMedian=56.3@blocks.2.bn1[31] rvOver10xMedian=12 rezero=none nonFinite=0 parkedSites=9/10 parkedCh=1040 parked=0 parkedOff=0 parkedBy=none
[REPLAY] step=28640 loss=3.5133 pLoss=2.6908 vLoss=0.8209 pEnt=2.861 pIllM=0.0016 playedP=0.177 pW=0.46 pD=0.07 pL=0.46 vAbs=0.237 pLogitMean=-8.4902 vLogitMean=0.5752 gNorm=0.249 lr=0.042 ms=2426.4 buf=500000 plies=244626653 games=3690054 rejected=0 skipped=0 epoch=0 mom=0.8957 lrCyc[pk=9.7e-01,tr=9.9e-04] gNormMax=0.3116 clips=0 gCap=0.7400 trainerStep=28640
[LAYER-HEALTH] live trainerStep=28640 scope=batch_norm_state_only reluSites=0/10 dead=n/a off=n/a alwaysOn=n/a (no relu/leaky_relu BN sites) rvMaxOverMedian=56.6@blocks.2.bn1[31] rvOver10xMedian=12 rezero=none nonFinite=0 parkedSites=9/10 parkedCh=1040 parked=0 parkedOff=0 parkedBy=none
[REPLAY] step=28720 loss=3.5326 pLoss=2.7188 vLoss=0.8121 pEnt=2.861 pIllM=0.0018 playedP=0.175 pW=0.47 pD=0.07 pL=0.46 vAbs=0.239 pLogitMean=-8.4895 vLogitMean=0.5782 gNorm=0.250 lr=0.0499 ms=2518.0 buf=500000 plies=245309300 games=3700379 rejected=0 skipped=0 epoch=0 mom=0.8932 lrCyc[pk=9.7e-01,tr=9.9e-04] gNormMax=0.2807 clips=0 gCap=0.7433 trainerStep=28720
[LAYER-HEALTH] live trainerStep=28720 scope=batch_norm_state_only reluSites=0/10 dead=n/a off=n/a alwaysOn=n/a (no relu/leaky_relu BN sites) rvMaxOverMedian=56.7@blocks.2.bn1[31] rvOver10xMedian=12 rezero=none nonFinite=0 parkedSites=9/10 parkedCh=1040 parked=0 parkedOff=0 parkedBy=none
[REPLAY] step=28800 loss=3.4902 pLoss=2.6835 vLoss=0.8050 pEnt=2.854 pIllM=0.0017 playedP=0.176 pW=0.47 pD=0.07 pL=0.47 vAbs=0.239 pLogitMean=-8.4844 vLogitMean=0.5758 gNorm=0.277 lr=0.0592 ms=3466.7 buf=500000 plies=245991992 games=3710658 rejected=0 skipped=0 epoch=0 mom=0.8907 lrCyc[pk=9.7e-01,tr=9.9e-04] gNormMax=0.2860 clips=0 gCap=0.7477 trainerStep=28800
[LAYER-HEALTH] live trainerStep=28800 scope=batch_norm_state_only reluSites=0/10 dead=n/a off=n/a alwaysOn=n/a (no relu/leaky_relu BN sites) rvMaxOverMedian=56.5@blocks.2.bn1[31] rvOver10xMedian=12 rezero=none nonFinite=0 parkedSites=9/10 parkedCh=1040 parked=0 parkedOff=0 parkedBy=none
[REPLAY] step=28870 loss=3.5379 pLoss=2.7086 vLoss=0.8275 pEnt=2.866 pIllM=0.0019 playedP=0.177 pW=0.46 pD=0.08 pL=0.46 vAbs=0.238 pLogitMean=-8.4739 vLogitMean=0.5760 gNorm=0.259 lr=0.0686 ms=3354.0 buf=500000 plies=246589287 games=3719609 rejected=0 skipped=0 epoch=0 mom=0.8886 lrCyc[pk=9.7e-01,tr=9.9e-04] gNormMax=0.2916 clips=0 gCap=0.7509 trainerStep=28870
[LAYER-HEALTH] live trainerStep=28870 scope=batch_norm_state_only reluSites=0/10 dead=n/a off=n/a alwaysOn=n/a (no relu/leaky_relu BN sites) rvMaxOverMedian=56.4@blocks.2.bn1[31] rvOver10xMedian=12 rezero=none nonFinite=0 parkedSites=9/10 parkedCh=1040 parked=0 parkedOff=0 parkedBy=none
[REPLAY] step=28950 loss=3.4871 pLoss=2.6820 vLoss=0.8035 pEnt=2.852 pIllM=0.0015 playedP=0.179 pW=0.47 pD=0.07 pL=0.47 vAbs=0.250 pLogitMean=-8.4712 vLogitMean=0.5775 gNorm=0.262 lr=0.0812 ms=2773.7 buf=500000 plies=247271920 games=3729939 rejected=0 skipped=0 epoch=0 mom=0.8861 lrCyc[pk=9.7e-01,tr=9.9e-04] gNormMax=0.3051 clips=0 gCap=0.7552 trainerStep=28950
[LAYER-HEALTH] live trainerStep=28950 scope=batch_norm_state_only reluSites=0/10 dead=n/a off=n/a alwaysOn=n/a (no relu/leaky_relu BN sites) rvMaxOverMedian=56.3@blocks.2.bn1[31] rvOver10xMedian=12 rezero=none nonFinite=0 parkedSites=9/10 parkedCh=1040 parked=0 parkedOff=0 parkedBy=none
[REPLAY] step=29000 loss=3.4801 pLoss=2.6734 vLoss=0.8049 pEnt=2.866 pIllM=0.0018 playedP=0.175 pW=0.47 pD=0.06 pL=0.47 vAbs=0.258 pLogitMean=-8.4646 vLogitMean=0.5751 gNorm=0.287 lr=0.09 ms=2837.2 buf=500000 plies=247698541 games=3736331 rejected=0 skipped=0 epoch=0 mom=0.8846 lrCyc[pk=9.7e-01,tr=9.9e-04] gNormMax=0.2966 clips=0 gCap=0.7584 trainerStep=29000
[LAYER-HEALTH] live trainerStep=29000 scope=batch_norm_state_only reluSites=0/10 dead=n/a off=n/a alwaysOn=n/a (no relu/leaky_relu BN sites) rvMaxOverMedian=56.6@blocks.2.bn1[31] rvOver10xMedian=12 rezero=none nonFinite=0 parkedSites=9/10 parkedCh=1040 parked=0 parkedOff=0 parkedBy=none
[ALARM] health active rule=policy_offset_drift severity=warning since=1150 trainerStep=29000 value=medianAbs=8.4646
[HEALTH] check trainerStep=29000 generation=0 evaluations=21 live=20 checkpoint=1 stale=0 truncated=0 cost_ms=11.1 train_ms=2374570.2 liveReadFailed=0 lossMaxRatio=1.02 lossMedianRatio=1.00 gradMaxRatio=1.27 rvRiseMax=1.05 rvOutliers=12/12 nodata=none active=policy_offset_drift:warning
[REPLAY] saved trainer model (autosave) step=29000 trainerStep=29000 nextGame=3736331 shard=8 epoch=0 -> 20261008-lrBsiluall-relcap-replay-latest.safetensors
[LAYER-HEALTH] checkpoint replay-autosave step=29000 trainerStep=29000 scope=all_tensors reluSites=0/10 dead=n/a off=n/a alwaysOn=n/a (no relu/leaky_relu BN sites) rvMaxOverMedian=56.6@blocks.2.bn1[31] rvOver10xMedian=12 rezero=none nonFinite=0 parkedSites=9/10 parkedCh=1040 parked=0 parkedOff=0 parkedBy=none seZeroVel=none valueFC1ZeroVel=0/128 maxAbs=21.71@blocks.1.bn2.running_var
[LAYER-HEALTH]   batch-norm sites — β/|γ|: dead < -3.00, mostly off < -2.00, always on > +3.00; classified for relu/leaky_relu only
[LAYER-HEALTH]     site            act            ch   dead    off     on  zeroγ nonfin  min β/|γ| [ch]     max β/|γ| [ch]     rv max/median [ch]  rv≥10x
[LAYER-HEALTH]     stem.bn         -             128    n/a    n/a    n/a      0      0     -0.80 [97]         +0.38 [51]            3.2 [43]           0
[LAYER-HEALTH]     blocks.0.bn1    silu          128    n/a    n/a    n/a      0      0     -0.75 [21]         +0.20 [64]            4.3 [43]           0
[LAYER-HEALTH]     blocks.0.bn2    silu          128    n/a    n/a    n/a      0      0     -1.23 [109]        +9.86 [49]            5.9 [96]           0
[LAYER-HEALTH]     blocks.1.bn1    silu          128    n/a    n/a    n/a      0      0     -1.26 [17]         +0.01 [31]           44.1 [31]           6
[LAYER-HEALTH]     blocks.1.bn2    silu          128    n/a    n/a    n/a      0      0     -1.31 [30]         -0.18 [101]          13.7 [32]           1
[LAYER-HEALTH]     blocks.2.bn1    silu          128    n/a    n/a    n/a      0      0     -1.90 [17]         +1.61 [31]           56.6 [31]           4
[LAYER-HEALTH]     blocks.2.bn2    silu          128    n/a    n/a    n/a      0      0     -1.50 [85]         -0.01 [105]           3.7 [122]          0
[LAYER-HEALTH]     tower_final_bn  silu          128    n/a    n/a    n/a      0      0     -0.63 [83]         +0.99 [111]          11.9 [31]           1
[LAYER-HEALTH]     policy.pre_bn   silu          128    n/a    n/a    n/a      0      0     -0.97 [88]         +2.44 [22]            3.4 [96]           0
[LAYER-HEALTH]     value.bn        silu           16    n/a    n/a    n/a      0      0     -1.04 [8]          +0.66 [6]             2.2 [6]            0
[LAYER-HEALTH]   parked channels — every activation: pass-through P = E|f'(γz+β)|, z ~ N(0,1); parked when P above its floor < 0.00135 of the range (Φ(-3)), mostly off < 0.02275 (Φ(-2)); equals dead / off for relu/leaky_relu
[LAYER-HEALTH]     site            act            ch parked    off       min P   median P
[LAYER-HEALTH]     blocks.0.bn1    silu          128      0      0    0.295036   0.446062
[LAYER-HEALTH]     blocks.0.bn2    silu          128      0      0    0.167662   0.370942
[LAYER-HEALTH]     blocks.1.bn1    silu          128      0      0    0.166112   0.327824
[LAYER-HEALTH]     blocks.1.bn2    silu          128      0      0    0.162368   0.301611
[LAYER-HEALTH]     blocks.2.bn1    silu          128      0      0    0.083924   0.287879
[LAYER-HEALTH]     blocks.2.bn2    silu          128      0      0    0.139802   0.340193
[LAYER-HEALTH]     tower_final_bn  silu          128      0      0    0.317370   0.525201
[LAYER-HEALTH]     policy.pre_bn   silu          128      0      0    0.234893   0.534858
[LAYER-HEALTH]     value.bn        silu           16      0      0    0.213238   0.308665
[LAYER-HEALTH]   FC hidden-unit velocity — zero: every weight-velocity entry exactly 0; low: nonzero but < 5% of the layer's p90 unit norm
[LAYER-HEALTH]     value.fc1.weight  silu  units 128  zero 0  low 0  median unit norm 0.005161
[LAYER-HEALTH]     (no SE blocks)
[LAYER-HEALTH]   ReZero: none
[LAYER-HEALTH]   non-finite: 0 values in 0 of 102 tensors (10263038 values examined)
[LAYER-HEALTH]   largest |value|: blocks.1.bn2.running_var 21.71, blocks.2.bn1.running_var 20.28, blocks.1.bn1.running_var 15.13, blocks.0.bn2.running_var 12.29, blocks.2.bn2.running_var 6.49
[REPLAY] enumerated checkpoint -> 20261008-lrBsiluall-relcap-replay-step29000.safetensors
[REPLAY] step=29080 loss=3.5294 pLoss=2.7242 vLoss=0.8034 pEnt=2.844 pIllM=0.0019 playedP=0.182 pW=0.47 pD=0.06 pL=0.46 vAbs=0.246 pLogitMean=-8.4514 vLogitMean=0.5782 gNorm=0.256 lr=0.106 ms=2810.6 buf=500000 plies=248381233 games=3746591 rejected=0 skipped=0 epoch=0 mom=0.8823 lrCyc[pk=9.7e-01,tr=9.9e-04] gNormMax=0.2950 clips=0 gCap=0.7645 trainerStep=29080
[LAYER-HEALTH] live trainerStep=29080 scope=batch_norm_state_only reluSites=0/10 dead=n/a off=n/a alwaysOn=n/a (no relu/leaky_relu BN sites) rvMaxOverMedian=57.0@blocks.2.bn1[31] rvOver10xMedian=12 rezero=none nonFinite=0 parkedSites=9/10 parkedCh=1040 parked=0 parkedOff=0 parkedBy=none
[REPLAY] step=29160 loss=3.4987 pLoss=2.7167 vLoss=0.7803 pEnt=2.840 pIllM=0.0018 playedP=0.182 pW=0.47 pD=0.06 pL=0.47 vAbs=0.246 pLogitMean=-8.4392 vLogitMean=0.5807 gNorm=0.276 lr=0.124 ms=3031.4 buf=500000 plies=249063838 games=3756886 rejected=0 skipped=0 epoch=0 mom=0.8800 lrCyc[pk=9.7e-01,tr=9.9e-04] gNormMax=0.3271 clips=0 gCap=0.7710 trainerStep=29160
[LAYER-HEALTH] live trainerStep=29160 scope=batch_norm_state_only reluSites=0/10 dead=n/a off=n/a alwaysOn=n/a (no relu/leaky_relu BN sites) rvMaxOverMedian=57.8@blocks.2.bn1[31] rvOver10xMedian=12 rezero=none nonFinite=0 parkedSites=9/10 parkedCh=1040 parked=0 parkedOff=0 parkedBy=none
[REPLAY] step=29240 loss=3.4812 pLoss=2.6902 vLoss=0.7892 pEnt=2.859 pIllM=0.0018 playedP=0.176 pW=0.47 pD=0.06 pL=0.47 vAbs=0.255 pLogitMean=-8.4284 vLogitMean=0.5787 gNorm=0.280 lr=0.145 ms=3262.3 buf=500000 plies=249746470 games=3767170 rejected=0 skipped=0 epoch=0 mom=0.8777 lrCyc[pk=9.7e-01,tr=9.9e-04] gNormMax=0.3159 clips=0 gCap=0.7768 trainerStep=29240
[LAYER-HEALTH] live trainerStep=29240 scope=batch_norm_state_only reluSites=0/10 dead=n/a off=n/a alwaysOn=n/a (no relu/leaky_relu BN sites) rvMaxOverMedian=57.4@blocks.2.bn1[31] rvOver10xMedian=12 rezero=none nonFinite=0 parkedSites=9/10 parkedCh=1040 parked=0 parkedOff=0 parkedBy=none
[REPLAY] step=29320 loss=3.5025 pLoss=2.7084 vLoss=0.7922 pEnt=2.843 pIllM=0.0020 playedP=0.179 pW=0.47 pD=0.07 pL=0.46 vAbs=0.248 pLogitMean=-8.4180 vLogitMean=0.5781 gNorm=0.265 lr=0.17 ms=3139.2 buf=500000 plies=250429172 games=3777562 rejected=0 skipped=0 epoch=0 mom=0.8755 lrCyc[pk=9.7e-01,tr=9.9e-04] gNormMax=0.3015 clips=0 gCap=0.7844 trainerStep=29320
[LAYER-HEALTH] live trainerStep=29320 scope=batch_norm_state_only reluSites=0/10 dead=n/a off=n/a alwaysOn=n/a (no relu/leaky_relu BN sites) rvMaxOverMedian=57.2@blocks.2.bn1[31] rvOver10xMedian=12 rezero=none nonFinite=0 parkedSites=9/10 parkedCh=1040 parked=0 parkedOff=0 parkedBy=none
[REPLAY] step=29400 loss=3.5113 pLoss=2.7132 vLoss=0.7962 pEnt=2.859 pIllM=0.0019 playedP=0.179 pW=0.48 pD=0.06 pL=0.46 vAbs=0.258 pLogitMean=-8.3882 vLogitMean=0.5760 gNorm=0.322 lr=0.197 ms=2641.2 buf=500000 plies=251111723 games=3787902 rejected=0 skipped=0 epoch=0 mom=0.8733 lrCyc[pk=9.7e-01,tr=9.9e-04] gNormMax=0.3243 clips=0 gCap=0.7939 trainerStep=29400
[LAYER-HEALTH] live trainerStep=29400 scope=batch_norm_state_only reluSites=0/10 dead=n/a off=n/a alwaysOn=n/a (no relu/leaky_relu BN sites) rvMaxOverMedian=56.9@blocks.2.bn1[31] rvOver10xMedian=12 rezero=none nonFinite=0 parkedSites=9/10 parkedCh=1040 parked=0 parkedOff=0 parkedBy=none
[REPLAY] step=29480 loss=3.5310 pLoss=2.7287 vLoss=0.8002 pEnt=2.852 pIllM=0.0022 playedP=0.179 pW=0.47 pD=0.07 pL=0.47 vAbs=0.245 pLogitMean=-8.3726 vLogitMean=0.5776 gNorm=0.281 lr=0.227 ms=3040.4 buf=500000 plies=251794414 games=3798243 rejected=0 skipped=0 epoch=0 mom=0.8712 lrCyc[pk=9.7e-01,tr=9.9e-04] gNormMax=0.3127 clips=0 gCap=0.8015 trainerStep=29480
[LAYER-HEALTH] live trainerStep=29480 scope=batch_norm_state_only reluSites=0/10 dead=n/a off=n/a alwaysOn=n/a (no relu/leaky_relu BN sites) rvMaxOverMedian=57.2@blocks.2.bn1[31] rvOver10xMedian=12 rezero=none nonFinite=0 parkedSites=9/10 parkedCh=1040 parked=0 parkedOff=0 parkedBy=none
[REPLAY] step=29560 loss=3.5706 pLoss=2.7581 vLoss=0.8101 pEnt=2.811 pIllM=0.0023 playedP=0.185 pW=0.49 pD=0.07 pL=0.44 vAbs=0.245 pLogitMean=-8.3675 vLogitMean=0.5812 gNorm=0.287 lr=0.261 ms=2631.7 buf=500000 plies=252477020 games=3808530 rejected=0 skipped=0 epoch=0 mom=0.8692 lrCyc[pk=9.7e-01,tr=9.9e-04] gNormMax=0.3330 clips=0 gCap=0.8094 trainerStep=29560
[LAYER-HEALTH] live trainerStep=29560 scope=batch_norm_state_only reluSites=0/10 dead=n/a off=n/a alwaysOn=n/a (no relu/leaky_relu BN sites) rvMaxOverMedian=56.9@blocks.2.bn1[31] rvOver10xMedian=12 rezero=none nonFinite=0 parkedSites=9/10 parkedCh=1040 parked=0 parkedOff=0 parkedBy=none
[REPLAY] step=29640 loss=3.5323 pLoss=2.7334 vLoss=0.7965 pEnt=2.832 pIllM=0.0025 playedP=0.177 pW=0.48 pD=0.07 pL=0.45 vAbs=0.246 pLogitMean=-8.3493 vLogitMean=0.5792 gNorm=0.294 lr=0.298 ms=2774.8 buf=500000 plies=253159678 games=3818785 rejected=0 skipped=0 epoch=0 mom=0.8673 lrCyc[pk=9.7e-01,tr=9.9e-04] gNormMax=0.3263 clips=0 gCap=0.8186 trainerStep=29640
[LAYER-HEALTH] live trainerStep=29640 scope=batch_norm_state_only reluSites=0/10 dead=n/a off=n/a alwaysOn=n/a (no relu/leaky_relu BN sites) rvMaxOverMedian=58.1@blocks.2.bn1[31] rvOver10xMedian=12 rezero=none nonFinite=0 parkedSites=9/10 parkedCh=1040 parked=0 parkedOff=0 parkedBy=none
[REPLAY] step=29720 loss=3.5487 pLoss=2.7407 vLoss=0.8056 pEnt=2.867 pIllM=0.0024 playedP=0.172 pW=0.47 pD=0.07 pL=0.46 vAbs=0.244 pLogitMean=-8.3313 vLogitMean=0.5785 gNorm=0.313 lr=0.339 ms=3038.9 buf=500000 plies=253842287 games=3829107 rejected=0 skipped=0 epoch=0 mom=0.8654 lrCyc[pk=9.7e-01,tr=9.9e-04] gNormMax=0.3372 clips=0 gCap=0.8270 trainerStep=29720
[LAYER-HEALTH] live trainerStep=29720 scope=batch_norm_state_only reluSites=0/10 dead=n/a off=n/a alwaysOn=n/a (no relu/leaky_relu BN sites) rvMaxOverMedian=57.7@blocks.2.bn1[31] rvOver10xMedian=13 rezero=none nonFinite=0 parkedSites=9/10 parkedCh=1040 parked=0 parkedOff=0 parkedBy=none
[REPLAY] step=29790 loss=3.4983 pLoss=2.6981 vLoss=0.7968 pEnt=2.848 pIllM=0.0033 playedP=0.174 pW=0.46 pD=0.07 pL=0.47 vAbs=0.248 pLogitMean=-8.2969 vLogitMean=0.5759 gNorm=0.320 lr=0.377 ms=3165.5 buf=500000 plies=254439684 games=3838131 rejected=0 skipped=0 epoch=0 mom=0.8639 lrCyc[pk=9.7e-01,tr=9.9e-04] gNormMax=0.3712 clips=0 gCap=0.8355 trainerStep=29790
[LAYER-HEALTH] live trainerStep=29790 scope=batch_norm_state_only reluSites=0/10 dead=n/a off=n/a alwaysOn=n/a (no relu/leaky_relu BN sites) rvMaxOverMedian=56.6@blocks.2.bn1[31] rvOver10xMedian=13 rezero=none nonFinite=0 parkedSites=9/10 parkedCh=1040 parked=0 parkedOff=0 parkedBy=none
[REPLAY] step=29860 loss=3.5122 pLoss=2.7104 vLoss=0.7982 pEnt=2.810 pIllM=0.0035 playedP=0.186 pW=0.47 pD=0.07 pL=0.45 vAbs=0.257 pLogitMean=-8.2900 vLogitMean=0.5797 gNorm=0.337 lr=0.417 ms=2691.6 buf=500000 plies=255036948 games=3847107 rejected=0 skipped=0 epoch=0 mom=0.8624 lrCyc[pk=9.7e-01,tr=9.9e-04] gNormMax=0.3651 clips=0 gCap=0.8443 trainerStep=29860
[LAYER-HEALTH] live trainerStep=29860 scope=batch_norm_state_only reluSites=0/10 dead=n/a off=n/a alwaysOn=n/a (no relu/leaky_relu BN sites) rvMaxOverMedian=56.2@blocks.2.bn1[31] rvOver10xMedian=13 rezero=none nonFinite=0 parkedSites=9/10 parkedCh=1040 parked=0 parkedOff=0 parkedBy=none
[REPLAY] step=29940 loss=3.5182 pLoss=2.7203 vLoss=0.7944 pEnt=2.846 pIllM=0.0035 playedP=0.177 pW=0.46 pD=0.06 pL=0.48 vAbs=0.255 pLogitMean=-8.2680 vLogitMean=0.5773 gNorm=0.309 lr=0.466 ms=2999.5 buf=500000 plies=255719686 games=3857358 rejected=0 skipped=0 epoch=0 mom=0.8608 lrCyc[pk=9.7e-01,tr=9.9e-04] gNormMax=0.3865 clips=0 gCap=0.8546 trainerStep=29940
[LAYER-HEALTH] live trainerStep=29940 scope=batch_norm_state_only reluSites=0/10 dead=n/a off=n/a alwaysOn=n/a (no relu/leaky_relu BN sites) rvMaxOverMedian=54.5@blocks.2.bn1[31] rvOver10xMedian=13 rezero=none nonFinite=0 parkedSites=9/10 parkedCh=1040 parked=0 parkedOff=0 parkedBy=none
[REPLAY] step=30000 loss=3.5158 pLoss=2.7171 vLoss=0.7948 pEnt=2.844 pIllM=0.0039 playedP=0.175 pW=0.48 pD=0.07 pL=0.46 vAbs=0.248 pLogitMean=-8.2537 vLogitMean=0.5750 gNorm=0.290 lr=0.504 ms=3390.2 buf=500000 plies=256231545 games=3865042 rejected=0 skipped=0 epoch=0 mom=0.8597 lrCyc[pk=9.7e-01,tr=9.9e-04] gNormMax=0.3881 clips=0 gCap=0.8632 trainerStep=30000
[LAYER-HEALTH] live trainerStep=30000 scope=batch_norm_state_only reluSites=0/10 dead=n/a off=n/a alwaysOn=n/a (no relu/leaky_relu BN sites) rvMaxOverMedian=54.6@blocks.2.bn1[31] rvOver10xMedian=13 rezero=none nonFinite=0 parkedSites=9/10 parkedCh=1040 parked=0 parkedOff=0 parkedBy=none
[ALARM] health active rule=policy_offset_drift severity=warning since=1150 trainerStep=30000 value=medianAbs=8.2595
[HEALTH] check trainerStep=30000 generation=0 evaluations=21 live=20 checkpoint=1 stale=0 truncated=0 cost_ms=7.3 train_ms=2384887.3 liveReadFailed=0 lossMaxRatio=1.03 lossMedianRatio=1.01 gradMaxRatio=1.37 rvRiseMax=1.12 rvOutliers=13/12 nodata=none active=policy_offset_drift:warning
[REPLAY] saved trainer model (autosave) step=30000 trainerStep=30000 nextGame=3865042 shard=8 epoch=0 -> 20261008-lrBsiluall-relcap-replay-latest.safetensors
[LAYER-HEALTH] checkpoint replay-autosave step=30000 trainerStep=30000 scope=all_tensors reluSites=0/10 dead=n/a off=n/a alwaysOn=n/a (no relu/leaky_relu BN sites) rvMaxOverMedian=54.6@blocks.2.bn1[31] rvOver10xMedian=13 rezero=none nonFinite=0 parkedSites=9/10 parkedCh=1040 parked=0 parkedOff=0 parkedBy=none seZeroVel=none valueFC1ZeroVel=0/128 maxAbs=20.3@blocks.1.bn2.running_var
[LAYER-HEALTH]   batch-norm sites — β/|γ|: dead < -3.00, mostly off < -2.00, always on > +3.00; classified for relu/leaky_relu only
[LAYER-HEALTH]     site            act            ch   dead    off     on  zeroγ nonfin  min β/|γ| [ch]     max β/|γ| [ch]     rv max/median [ch]  rv≥10x
[LAYER-HEALTH]     stem.bn         -             128    n/a    n/a    n/a      0      0     -0.83 [97]         +0.40 [51]            4.8 [118]          0
[LAYER-HEALTH]     blocks.0.bn1    silu          128    n/a    n/a    n/a      0      0     -0.75 [21]         +0.21 [64]            4.2 [43]           0
[LAYER-HEALTH]     blocks.0.bn2    silu          128    n/a    n/a    n/a      0      0     -1.20 [109]       +18.07 [49]            7.4 [96]           0
[LAYER-HEALTH]     blocks.1.bn1    silu          128    n/a    n/a    n/a      0      0     -1.31 [17]         -0.00 [31]           46.1 [31]           6
[LAYER-HEALTH]     blocks.1.bn2    silu          128    n/a    n/a    n/a      0      0     -1.39 [22]         -0.18 [101]          14.8 [32]           1
[LAYER-HEALTH]     blocks.2.bn1    silu          128    n/a    n/a    n/a      0      0     -1.86 [17]         +1.63 [31]           54.6 [31]           5
[LAYER-HEALTH]     blocks.2.bn2    silu          128    n/a    n/a    n/a      0      0     -1.50 [85]         -0.03 [105]           3.7 [122]          0
[LAYER-HEALTH]     tower_final_bn  silu          128    n/a    n/a    n/a      0      0     -0.64 [83]         +1.01 [111]          11.6 [31]           1
[LAYER-HEALTH]     policy.pre_bn   silu          128    n/a    n/a    n/a      0      0     -1.02 [88]         +2.41 [22]            3.6 [120]          0
[LAYER-HEALTH]     value.bn        silu           16    n/a    n/a    n/a      0      0     -0.99 [8]          +0.60 [6]             2.3 [6]            0
[LAYER-HEALTH]   parked channels — every activation: pass-through P = E|f'(γz+β)|, z ~ N(0,1); parked when P above its floor < 0.00135 of the range (Φ(-3)), mostly off < 0.02275 (Φ(-2)); equals dead / off for relu/leaky_relu
[LAYER-HEALTH]     site            act            ch parked    off       min P   median P
[LAYER-HEALTH]     blocks.0.bn1    silu          128      0      0    0.294825   0.444039
[LAYER-HEALTH]     blocks.0.bn2    silu          128      0      0    0.172684   0.370680
[LAYER-HEALTH]     blocks.1.bn1    silu          128      0      0    0.158105   0.326003
[LAYER-HEALTH]     blocks.1.bn2    silu          128      0      0    0.161467   0.298931
[LAYER-HEALTH]     blocks.2.bn1    silu          128      0      0    0.086196   0.284729
[LAYER-HEALTH]     blocks.2.bn2    silu          128      0      0    0.140374   0.337778
[LAYER-HEALTH]     tower_final_bn  silu          128      0      0    0.313060   0.523760
[LAYER-HEALTH]     policy.pre_bn   silu          128      0      0    0.224545   0.529551
[LAYER-HEALTH]     value.bn        silu           16      0      0    0.222574   0.313221
[LAYER-HEALTH]   FC hidden-unit velocity — zero: every weight-velocity entry exactly 0; low: nonzero but < 5% of the layer's p90 unit norm
[LAYER-HEALTH]     value.fc1.weight  silu  units 128  zero 0  low 1  median unit norm 0.005747
[LAYER-HEALTH]     (no SE blocks)
[LAYER-HEALTH]   ReZero: none
[LAYER-HEALTH]   non-finite: 0 values in 0 of 102 tensors (10263038 values examined)
[LAYER-HEALTH]   largest |value|: blocks.1.bn2.running_var 20.3, blocks.2.bn1.running_var 19.81, blocks.1.bn1.running_var 15, blocks.0.bn2.running_var 13.27, tower_final_bn.running_var 6.441
[REPLAY] enumerated checkpoint -> 20261008-lrBsiluall-relcap-replay-step30000.safetensors
[REPLAY] step=30070 loss=3.4989 pLoss=2.7003 vLoss=0.7950 pEnt=2.859 pIllM=0.0036 playedP=0.172 pW=0.47 pD=0.06 pL=0.47 vAbs=0.255 pLogitMean=-8.2530 vLogitMean=0.5698 gNorm=0.307 lr=0.55 ms=2811.8 buf=500000 plies=256828897 games=3874015 rejected=0 skipped=0 epoch=0 mom=0.8584 lrCyc[pk=9.7e-01,tr=9.9e-04] gNormMax=0.3702 clips=0 gCap=0.8738 trainerStep=30070
[LAYER-HEALTH] live trainerStep=30070 scope=batch_norm_state_only reluSites=0/10 dead=n/a off=n/a alwaysOn=n/a (no relu/leaky_relu BN sites) rvMaxOverMedian=54.4@blocks.2.bn1[31] rvOver10xMedian=13 rezero=none nonFinite=0 parkedSites=9/10 parkedCh=1040 parked=0 parkedOff=0 parkedBy=none
[REPLAY] step=30150 loss=3.4910 pLoss=2.6799 vLoss=0.8068 pEnt=2.858 pIllM=0.0043 playedP=0.173 pW=0.45 pD=0.07 pL=0.48 vAbs=0.278 pLogitMean=-8.2899 vLogitMean=0.5804 gNorm=0.338 lr=0.602 ms=3482.0 buf=500000 plies=257511477 games=3884340 rejected=0 skipped=0 epoch=0 mom=0.8571 lrCyc[pk=9.7e-01,tr=9.9e-04] gNormMax=0.3919 clips=0 gCap=0.8880 trainerStep=30150
[LAYER-HEALTH] live trainerStep=30150 scope=batch_norm_state_only reluSites=0/10 dead=n/a off=n/a alwaysOn=n/a (no relu/leaky_relu BN sites) rvMaxOverMedian=52.8@blocks.2.bn1[31] rvOver10xMedian=13 rezero=none nonFinite=0 parkedSites=9/10 parkedCh=1040 parked=0 parkedOff=0 parkedBy=none
[REPLAY] step=30230 loss=3.5044 pLoss=2.6952 vLoss=0.8047 pEnt=2.870 pIllM=0.0045 playedP=0.168 pW=0.46 pD=0.07 pL=0.46 vAbs=0.262 pLogitMean=-8.3116 vLogitMean=0.5789 gNorm=0.347 lr=0.655 ms=2320.9 buf=500000 plies=258194163 games=3894601 rejected=0 skipped=0 epoch=0 mom=0.8559 lrCyc[pk=9.7e-01,tr=9.9e-04] gNormMax=0.4213 clips=0 gCap=0.9049 trainerStep=30230
[LAYER-HEALTH] live trainerStep=30230 scope=batch_norm_state_only reluSites=0/10 dead=n/a off=n/a alwaysOn=n/a (no relu/leaky_relu BN sites) rvMaxOverMedian=53.0@blocks.2.bn1[31] rvOver10xMedian=13 rezero=none nonFinite=0 parkedSites=9/10 parkedCh=1040 parked=0 parkedOff=0 parkedBy=none
[REPLAY] step=30310 loss=3.4386 pLoss=2.6447 vLoss=0.7882 pEnt=2.871 pIllM=0.0057 playedP=0.168 pW=0.45 pD=0.06 pL=0.49 vAbs=0.281 pLogitMean=-8.3232 vLogitMean=0.5818 gNorm=0.347 lr=0.708 ms=2892.8 buf=500000 plies=258876801 games=3904974 rejected=0 skipped=0 epoch=0 mom=0.8548 lrCyc[pk=9.7e-01,tr=9.9e-04] gNormMax=0.4969 clips=0 gCap=0.9234 trainerStep=30310
[LAYER-HEALTH] live trainerStep=30310 scope=batch_norm_state_only reluSites=0/10 dead=n/a off=n/a alwaysOn=n/a (no relu/leaky_relu BN sites) rvMaxOverMedian=50.4@blocks.2.bn1[31] rvOver10xMedian=13 rezero=none nonFinite=0 parkedSites=9/10 parkedCh=1040 parked=0 parkedOff=0 parkedBy=none
[REPLAY] step=30390 loss=3.4447 pLoss=2.6614 vLoss=0.7773 pEnt=2.855 pIllM=0.0059 playedP=0.170 pW=0.46 pD=0.08 pL=0.46 vAbs=0.301 pLogitMean=-8.3907 vLogitMean=0.5783 gNorm=0.351 lr=0.758 ms=2372.0 buf=500000 plies=259559443 games=3915231 rejected=0 skipped=0 epoch=0 mom=0.8538 lrCyc[pk=9.7e-01,tr=9.9e-04] gNormMax=0.4481 clips=0 gCap=0.9445 trainerStep=30390
[LAYER-HEALTH] live trainerStep=30390 scope=batch_norm_state_only reluSites=0/10 dead=n/a off=n/a alwaysOn=n/a (no relu/leaky_relu BN sites) rvMaxOverMedian=50.1@blocks.2.bn1[31] rvOver10xMedian=14 rezero=none nonFinite=0 parkedSites=9/10 parkedCh=1040 parked=0 parkedOff=0 parkedBy=none
[REPLAY] step=30470 loss=3.5110 pLoss=2.7356 vLoss=0.7698 pEnt=2.845 pIllM=0.0055 playedP=0.170 pW=0.47 pD=0.08 pL=0.45 vAbs=0.276 pLogitMean=-8.4402 vLogitMean=0.5747 gNorm=0.354 lr=0.805 ms=3189.5 buf=500000 plies=260242057 games=3925461 rejected=0 skipped=0 epoch=0 mom=0.8529 lrCyc[pk=9.7e-01,tr=9.9e-04] gNormMax=0.4538 clips=0 gCap=0.9686 trainerStep=30470
[LAYER-HEALTH] live trainerStep=30470 scope=batch_norm_state_only reluSites=0/10 dead=n/a off=n/a alwaysOn=n/a (no relu/leaky_relu BN sites) rvMaxOverMedian=50.5@blocks.2.bn1[31] rvOver10xMedian=14 rezero=none nonFinite=0 parkedSites=9/10 parkedCh=1040 parked=0 parkedOff=0 parkedBy=none
[REPLAY] step=30550 loss=3.4524 pLoss=2.6909 vLoss=0.7544 pEnt=2.875 pIllM=0.0071 playedP=0.165 pW=0.47 pD=0.06 pL=0.46 vAbs=0.296 pLogitMean=-8.4928 vLogitMean=0.5803 gNorm=0.371 lr=0.849 ms=3084.4 buf=500000 plies=260924759 games=3935800 rejected=0 skipped=0 epoch=0 mom=0.8521 lrCyc[pk=9.7e-01,tr=9.9e-04] gNormMax=0.4755 clips=0 gCap=0.9954 trainerStep=30550
[LAYER-HEALTH] live trainerStep=30550 scope=batch_norm_state_only reluSites=0/10 dead=n/a off=n/a alwaysOn=n/a (no relu/leaky_relu BN sites) rvMaxOverMedian=50.2@blocks.2.bn1[31] rvOver10xMedian=14 rezero=none nonFinite=0 parkedSites=9/10 parkedCh=1040 parked=0 parkedOff=0 parkedBy=none
[REPLAY] step=30630 loss=3.5288 pLoss=2.7399 vLoss=0.7826 pEnt=2.795 pIllM=0.0063 playedP=0.178 pW=0.50 pD=0.07 pL=0.43 vAbs=0.313 pLogitMean=-8.5787 vLogitMean=0.5836 gNorm=0.399 lr=0.887 ms=2333.9 buf=500000 plies=261607363 games=3946088 rejected=0 skipped=0 epoch=0 mom=0.8515 lrCyc[pk=9.7e-01,tr=9.9e-04] gNormMax=0.4768 clips=0 gCap=1.0217 trainerStep=30630
[LAYER-HEALTH] live trainerStep=30630 scope=batch_norm_state_only reluSites=0/10 dead=n/a off=n/a alwaysOn=n/a (no relu/leaky_relu BN sites) rvMaxOverMedian=48.7@blocks.2.bn1[31] rvOver10xMedian=14 rezero=none nonFinite=0 parkedSites=9/10 parkedCh=1040 parked=0 parkedOff=0 parkedBy=none
[REPLAY] step=30710 loss=3.4604 pLoss=2.6857 vLoss=0.7681 pEnt=2.866 pIllM=0.0066 playedP=0.167 pW=0.48 pD=0.07 pL=0.45 vAbs=0.283 pLogitMean=-8.6344 vLogitMean=0.5851 gNorm=0.349 lr=0.919 ms=3045.2 buf=500000 plies=262290005 games=3956427 rejected=0 skipped=0 epoch=0 mom=0.8510 lrCyc[pk=9.7e-01,tr=9.9e-04] gNormMax=0.5840 clips=0 gCap=1.0438 trainerStep=30710
[LAYER-HEALTH] live trainerStep=30710 scope=batch_norm_state_only reluSites=0/10 dead=n/a off=n/a alwaysOn=n/a (no relu/leaky_relu BN sites) rvMaxOverMedian=46.9@blocks.2.bn1[31] rvOver10xMedian=14 rezero=none nonFinite=0 parkedSites=9/10 parkedCh=1040 parked=0 parkedOff=0 parkedBy=none
[REPLAY] step=30790 loss=3.4205 pLoss=2.6614 vLoss=0.7529 pEnt=2.856 pIllM=0.0062 playedP=0.169 pW=0.46 pD=0.06 pL=0.48 vAbs=0.315 pLogitMean=-8.7043 vLogitMean=0.5886 gNorm=0.386 lr=0.944 ms=2648.1 buf=500000 plies=262972635 games=3966761 rejected=0 skipped=0 epoch=0 mom=0.8506 lrCyc[pk=9.7e-01,tr=9.9e-04] gNormMax=0.4742 clips=0 gCap=1.0650 trainerStep=30790
[LAYER-HEALTH] live trainerStep=30790 scope=batch_norm_state_only reluSites=0/10 dead=n/a off=n/a alwaysOn=n/a (no relu/leaky_relu BN sites) rvMaxOverMedian=45.1@blocks.1.bn1[127] rvOver10xMedian=13 rezero=none nonFinite=0 parkedSites=9/10 parkedCh=1040 parked=0 parkedOff=0 parkedBy=none
[REPLAY] step=30870 loss=3.4086 pLoss=2.6321 vLoss=0.7701 pEnt=2.894 pIllM=0.0065 playedP=0.160 pW=0.45 pD=0.06 pL=0.49 vAbs=0.290 pLogitMean=-8.7590 vLogitMean=0.5864 gNorm=0.447 lr=0.962 ms=2328.0 buf=500000 plies=263655296 games=3977123 rejected=0 skipped=0 epoch=0 mom=0.8503 lrCyc[pk=9.7e-01,tr=9.9e-04] gNormMax=0.6303 clips=0 gCap=1.0737 trainerStep=30870
[LAYER-HEALTH] live trainerStep=30870 scope=batch_norm_state_only reluSites=0/10 dead=n/a off=n/a alwaysOn=n/a (no relu/leaky_relu BN sites) rvMaxOverMedian=46.9@blocks.1.bn1[127] rvOver10xMedian=14 rezero=none nonFinite=0 parkedSites=9/10 parkedCh=1040 parked=0 parkedOff=0 parkedBy=none
[REPLAY] step=30950 loss=3.4750 pLoss=2.6981 vLoss=0.7712 pEnt=2.880 pIllM=0.0058 playedP=0.161 pW=0.46 pD=0.06 pL=0.48 vAbs=0.296 pLogitMean=-8.8068 vLogitMean=0.5886 gNorm=0.425 lr=0.971 ms=3400.6 buf=500000 plies=264338000 games=3987564 rejected=0 skipped=0 epoch=0 mom=0.8502 lrCyc[pk=9.7e-01,tr=9.9e-04] gNormMax=0.4282 clips=0 gCap=1.0816 trainerStep=30950
[LAYER-HEALTH] live trainerStep=30950 scope=batch_norm_state_only reluSites=0/10 dead=n/a off=n/a alwaysOn=n/a (no relu/leaky_relu BN sites) rvMaxOverMedian=48.8@blocks.1.bn1[127] rvOver10xMedian=13 rezero=none nonFinite=0 parkedSites=9/10 parkedCh=1040 parked=0 parkedOff=0 parkedBy=none
[REPLAY] step=31000 loss=3.4997 pLoss=2.7169 vLoss=0.7769 pEnt=2.837 pIllM=0.0058 playedP=0.172 pW=0.48 pD=0.07 pL=0.45 vAbs=0.294 pLogitMean=-8.8568 vLogitMean=0.5929 gNorm=0.348 lr=0.973 ms=3304.6 buf=500000 plies=264764554 games=3993956 rejected=0 skipped=0 epoch=0 mom=0.8501 lrCyc[pk=9.7e-01,tr=9.9e-04] gNormMax=0.4831 clips=0 gCap=1.0859 trainerStep=31000
[LAYER-HEALTH] live trainerStep=31000 scope=batch_norm_state_only reluSites=0/10 dead=n/a off=n/a alwaysOn=n/a (no relu/leaky_relu BN sites) rvMaxOverMedian=50.0@blocks.1.bn1[127] rvOver10xMedian=13 rezero=none nonFinite=0 parkedSites=9/10 parkedCh=1040 parked=0 parkedOff=0 parkedBy=none
[ALARM] health active rule=policy_offset_drift severity=warning since=1150 trainerStep=31000 value=medianAbs=8.8290
[HEALTH] check trainerStep=31000 generation=0 evaluations=21 live=20 checkpoint=1 stale=0 truncated=0 cost_ms=13.5 train_ms=2357306.9 liveReadFailed=0 lossMaxRatio=1.02 lossMedianRatio=1.00 gradMaxRatio=1.77 rvRiseMax=1.29 rvOutliers=13/13 nodata=none active=policy_offset_drift:warning
[REPLAY] saved trainer model (autosave) step=31000 trainerStep=31000 nextGame=3993956 shard=8 epoch=0 -> 20261008-lrBsiluall-relcap-replay-latest.safetensors
[LAYER-HEALTH] checkpoint replay-autosave step=31000 trainerStep=31000 scope=all_tensors reluSites=0/10 dead=n/a off=n/a alwaysOn=n/a (no relu/leaky_relu BN sites) rvMaxOverMedian=50.0@blocks.1.bn1[127] rvOver10xMedian=13 rezero=none nonFinite=0 parkedSites=9/10 parkedCh=1040 parked=0 parkedOff=0 parkedBy=none seZeroVel=none valueFC1ZeroVel=0/128 maxAbs=23.74@blocks.1.bn2.running_var
[LAYER-HEALTH]   batch-norm sites — β/|γ|: dead < -3.00, mostly off < -2.00, always on > +3.00; classified for relu/leaky_relu only
[LAYER-HEALTH]     site            act            ch   dead    off     on  zeroγ nonfin  min β/|γ| [ch]     max β/|γ| [ch]     rv max/median [ch]  rv≥10x
[LAYER-HEALTH]     stem.bn         -             128    n/a    n/a    n/a      0      0     -0.94 [97]         +0.52 [51]            3.1 [118]          0
[LAYER-HEALTH]     blocks.0.bn1    silu          128    n/a    n/a    n/a      0      0     -0.85 [21]         +0.24 [64]            5.0 [43]           0
[LAYER-HEALTH]     blocks.0.bn2    silu          128    n/a    n/a    n/a      0      0     -1.26 [109]       +12.12 [49]            7.1 [96]           0
[LAYER-HEALTH]     blocks.1.bn1    silu          128    n/a    n/a    n/a      0      0     -1.30 [35]         -0.05 [31]           50.0 [127]          7
[LAYER-HEALTH]     blocks.1.bn2    silu          128    n/a    n/a    n/a      0      0     -1.43 [59]         -0.22 [101]          14.4 [32]           1
[LAYER-HEALTH]     blocks.2.bn1    silu          128    n/a    n/a    n/a      0      0     -1.93 [68]         +1.36 [31]           41.5 [31]           5
[LAYER-HEALTH]     blocks.2.bn2    silu          128    n/a    n/a    n/a      0      0     -1.58 [85]         +0.00 [105]           3.6 [122]          0
[LAYER-HEALTH]     tower_final_bn  silu          128    n/a    n/a    n/a      0      0     -0.64 [83]         +1.07 [111]           8.8 [31]           0
[LAYER-HEALTH]     policy.pre_bn   silu          128    n/a    n/a    n/a      0      0     -1.17 [88]         +1.92 [62]            3.9 [120]          0
[LAYER-HEALTH]     value.bn        silu           16    n/a    n/a    n/a      0      0     -0.91 [4]          +0.62 [6]             2.1 [6]            0
[LAYER-HEALTH]   parked channels — every activation: pass-through P = E|f'(γz+β)|, z ~ N(0,1); parked when P above its floor < 0.00135 of the range (Φ(-3)), mostly off < 0.02275 (Φ(-2)); equals dead / off for relu/leaky_relu
[LAYER-HEALTH]     site            act            ch parked    off       min P   median P
[LAYER-HEALTH]     blocks.0.bn1    silu          128      0      0    0.270638   0.432654
[LAYER-HEALTH]     blocks.0.bn2    silu          128      0      0    0.161003   0.353487
[LAYER-HEALTH]     blocks.1.bn1    silu          128      0      0    0.168463   0.309139
[LAYER-HEALTH]     blocks.1.bn2    silu          128      0      0    0.145665   0.283723
[LAYER-HEALTH]     blocks.2.bn1    silu          128      0      0    0.086501   0.266110
[LAYER-HEALTH]     blocks.2.bn2    silu          128      0      0    0.130820   0.328300
[LAYER-HEALTH]     tower_final_bn  silu          128      0      0    0.314913   0.520560
[LAYER-HEALTH]     policy.pre_bn   silu          128      0      0    0.197234   0.535345
[LAYER-HEALTH]     value.bn        silu           16      0      0    0.238801   0.319858
[LAYER-HEALTH]   FC hidden-unit velocity — zero: every weight-velocity entry exactly 0; low: nonzero but < 5% of the layer's p90 unit norm
[LAYER-HEALTH]     value.fc1.weight  silu  units 128  zero 0  low 2  median unit norm 0.01123
[LAYER-HEALTH]     (no SE blocks)
[LAYER-HEALTH]   ReZero: none
[LAYER-HEALTH]   non-finite: 0 values in 0 of 102 tensors (10263038 values examined)
[LAYER-HEALTH]   largest |value|: blocks.1.bn2.running_var 23.74, blocks.1.bn1.running_var 17.3, blocks.2.bn1.running_var 15.82, blocks.0.bn2.running_var 14.11, policy.pre_bn.running_var 6.721
[REPLAY] enumerated checkpoint -> 20261008-lrBsiluall-relcap-replay-step31000.safetensors
[REPLAY] step=31080 loss=3.5151 pLoss=2.7307 vLoss=0.7782 pEnt=2.869 pIllM=0.0063 playedP=0.165 pW=0.47 pD=0.07 pL=0.46 vAbs=0.273 pLogitMean=-8.8956 vLogitMean=0.5899 gNorm=0.358 lr=0.968 ms=3139.7 buf=500000 plies=265447160 games=4004295 rejected=0 skipped=0 epoch=0 mom=0.8502 lrCyc[pk=9.7e-01,tr=9.9e-04] gNormMax=0.4414 clips=0 gCap=1.0940 trainerStep=31080
[LAYER-HEALTH] live trainerStep=31080 scope=batch_norm_state_only reluSites=0/10 dead=n/a off=n/a alwaysOn=n/a (no relu/leaky_relu BN sites) rvMaxOverMedian=50.6@blocks.1.bn1[127] rvOver10xMedian=13 rezero=none nonFinite=0 parkedSites=9/10 parkedCh=1040 parked=0 parkedOff=0 parkedBy=none
[REPLAY] step=31160 loss=3.4017 pLoss=2.6312 vLoss=0.7638 pEnt=2.887 pIllM=0.0068 playedP=0.158 pW=0.45 pD=0.07 pL=0.48 vAbs=0.322 pLogitMean=-8.9582 vLogitMean=0.5880 gNorm=0.391 lr=0.956 ms=3044.1 buf=500000 plies=266129838 games=4014590 rejected=0 skipped=0 epoch=0 mom=0.8504 lrCyc[pk=9.7e-01,tr=9.9e-04] gNormMax=0.4083 clips=0 gCap=1.0965 trainerStep=31160
[LAYER-HEALTH] live trainerStep=31160 scope=batch_norm_state_only reluSites=0/10 dead=n/a off=n/a alwaysOn=n/a (no relu/leaky_relu BN sites) rvMaxOverMedian=51.2@blocks.1.bn1[127] rvOver10xMedian=13 rezero=none nonFinite=0 parkedSites=9/10 parkedCh=1040 parked=0 parkedOff=0 parkedBy=none
[REPLAY] step=31240 loss=3.4663 pLoss=2.6951 vLoss=0.7650 pEnt=2.851 pIllM=0.0062 playedP=0.172 pW=0.49 pD=0.06 pL=0.45 vAbs=0.285 pLogitMean=-9.0010 vLogitMean=0.5839 gNorm=0.323 lr=0.935 ms=3029.5 buf=500000 plies=266812464 games=4024953 rejected=0 skipped=0 epoch=0 mom=0.8507 lrCyc[pk=9.7e-01,tr=9.9e-04] gNormMax=0.4189 clips=0 gCap=1.0970 trainerStep=31240
[LAYER-HEALTH] live trainerStep=31240 scope=batch_norm_state_only reluSites=0/10 dead=n/a off=n/a alwaysOn=n/a (no relu/leaky_relu BN sites) rvMaxOverMedian=51.4@blocks.1.bn1[127] rvOver10xMedian=14 rezero=none nonFinite=0 parkedSites=9/10 parkedCh=1040 parked=0 parkedOff=0 parkedBy=none
[REPLAY] step=31320 loss=3.4968 pLoss=2.7263 vLoss=0.7642 pEnt=2.850 pIllM=0.0064 playedP=0.170 pW=0.48 pD=0.07 pL=0.45 vAbs=0.275 pLogitMean=-9.0555 vLogitMean=0.5891 gNorm=0.314 lr=0.907 ms=3118.5 buf=500000 plies=267495126 games=4035331 rejected=0 skipped=0 epoch=0 mom=0.8512 lrCyc[pk=9.7e-01,tr=9.9e-04] gNormMax=0.3887 clips=0 gCap=1.0946 trainerStep=31320
[LAYER-HEALTH] live trainerStep=31320 scope=batch_norm_state_only reluSites=0/10 dead=n/a off=n/a alwaysOn=n/a (no relu/leaky_relu BN sites) rvMaxOverMedian=53.5@blocks.1.bn1[127] rvOver10xMedian=14 rezero=none nonFinite=0 parkedSites=9/10 parkedCh=1040 parked=0 parkedOff=0 parkedBy=none
[REPLAY] step=31400 loss=3.4419 pLoss=2.6842 vLoss=0.7516 pEnt=2.854 pIllM=0.0061 playedP=0.167 pW=0.48 pD=0.06 pL=0.46 vAbs=0.289 pLogitMean=-9.0879 vLogitMean=0.5894 gNorm=0.394 lr=0.873 ms=3157.7 buf=500000 plies=268177748 games=4045635 rejected=0 skipped=0 epoch=0 mom=0.8517 lrCyc[pk=9.7e-01,tr=9.9e-04] gNormMax=0.4300 clips=0 gCap=1.0876 trainerStep=31400
[LAYER-HEALTH] live trainerStep=31400 scope=batch_norm_state_only reluSites=0/10 dead=n/a off=n/a alwaysOn=n/a (no relu/leaky_relu BN sites) rvMaxOverMedian=55.4@blocks.1.bn1[127] rvOver10xMedian=15 rezero=none nonFinite=0 parkedSites=9/10 parkedCh=1040 parked=0 parkedOff=0 parkedBy=none
[REPLAY] step=31480 loss=3.5163 pLoss=2.7345 vLoss=0.7758 pEnt=2.831 pIllM=0.0060 playedP=0.172 pW=0.49 pD=0.07 pL=0.44 vAbs=0.276 pLogitMean=-9.1005 vLogitMean=0.5872 gNorm=0.361 lr=0.832 ms=3098.5 buf=500000 plies=268860362 games=4055947 rejected=0 skipped=0 epoch=0 mom=0.8524 lrCyc[pk=9.7e-01,tr=9.9e-04] gNormMax=0.3880 clips=0 gCap=1.0819 trainerStep=31480
[LAYER-HEALTH] live trainerStep=31480 scope=batch_norm_state_only reluSites=0/10 dead=n/a off=n/a alwaysOn=n/a (no relu/leaky_relu BN sites) rvMaxOverMedian=55.1@blocks.1.bn1[127] rvOver10xMedian=16 rezero=none nonFinite=0 parkedSites=9/10 parkedCh=1040 parked=0 parkedOff=0 parkedBy=none
[REPLAY] step=31560 loss=3.4707 pLoss=2.6984 vLoss=0.7669 pEnt=2.861 pIllM=0.0054 playedP=0.171 pW=0.50 pD=0.07 pL=0.43 vAbs=0.302 pLogitMean=-9.1389 vLogitMean=0.5894 gNorm=0.330 lr=0.787 ms=3016.1 buf=500000 plies=269543149 games=4066312 rejected=0 skipped=0 epoch=0 mom=0.8532 lrCyc[pk=9.7e-01,tr=9.9e-04] gNormMax=0.3736 clips=0 gCap=1.0722 trainerStep=31560
[LAYER-HEALTH] live trainerStep=31560 scope=batch_norm_state_only reluSites=0/10 dead=n/a off=n/a alwaysOn=n/a (no relu/leaky_relu BN sites) rvMaxOverMedian=55.0@blocks.1.bn1[127] rvOver10xMedian=16 rezero=none nonFinite=0 parkedSites=9/10 parkedCh=1040 parked=0 parkedOff=0 parkedBy=none
[REPLAY] step=31640 loss=3.4491 pLoss=2.6613 vLoss=0.7825 pEnt=2.881 pIllM=0.0054 playedP=0.165 pW=0.46 pD=0.07 pL=0.47 vAbs=0.293 pLogitMean=-9.1566 vLogitMean=0.5880 gNorm=0.344 lr=0.738 ms=2897.7 buf=500000 plies=270225670 games=4076610 rejected=0 skipped=0 epoch=0 mom=0.8541 lrCyc[pk=9.7e-01,tr=9.9e-04] gNormMax=0.4454 clips=0 gCap=1.0649 trainerStep=31640
[LAYER-HEALTH] live trainerStep=31640 scope=batch_norm_state_only reluSites=0/10 dead=n/a off=n/a alwaysOn=n/a (no relu/leaky_relu BN sites) rvMaxOverMedian=56.4@blocks.1.bn1[127] rvOver10xMedian=16 rezero=none nonFinite=0 parkedSites=9/10 parkedCh=1040 parked=0 parkedOff=0 parkedBy=none
[REPLAY] step=31720 loss=3.4575 pLoss=2.6837 vLoss=0.7689 pEnt=2.881 pIllM=0.0048 playedP=0.166 pW=0.47 pD=0.07 pL=0.46 vAbs=0.307 pLogitMean=-9.2003 vLogitMean=0.5887 gNorm=0.332 lr=0.687 ms=2921.7 buf=500000 plies=270908298 games=4086900 rejected=0 skipped=0 epoch=0 mom=0.8552 lrCyc[pk=9.7e-01,tr=9.9e-04] gNormMax=0.3799 clips=0 gCap=1.0543 trainerStep=31720
[LAYER-HEALTH] live trainerStep=31720 scope=batch_norm_state_only reluSites=0/10 dead=n/a off=n/a alwaysOn=n/a (no relu/leaky_relu BN sites) rvMaxOverMedian=59.2@blocks.1.bn1[127] rvOver10xMedian=16 rezero=none nonFinite=0 parkedSites=9/10 parkedCh=1040 parked=0 parkedOff=0 parkedBy=none
[REPLAY] step=31800 loss=3.4847 pLoss=2.7106 vLoss=0.7698 pEnt=2.866 pIllM=0.0044 playedP=0.168 pW=0.47 pD=0.07 pL=0.46 vAbs=0.282 pLogitMean=-9.2101 vLogitMean=0.5852 gNorm=0.327 lr=0.635 ms=2915.2 buf=500000 plies=271590937 games=4097224 rejected=0 skipped=0 epoch=0 mom=0.8563 lrCyc[pk=9.7e-01,tr=9.9e-04] gNormMax=0.3597 clips=0 gCap=1.0418 trainerStep=31800
[LAYER-HEALTH] live trainerStep=31800 scope=batch_norm_state_only reluSites=0/10 dead=n/a off=n/a alwaysOn=n/a (no relu/leaky_relu BN sites) rvMaxOverMedian=62.5@blocks.1.bn1[127] rvOver10xMedian=17 rezero=none nonFinite=0 parkedSites=9/10 parkedCh=1040 parked=0 parkedOff=0 parkedBy=none
[REPLAY] step=31880 loss=3.5138 pLoss=2.7412 vLoss=0.7681 pEnt=2.872 pIllM=0.0044 playedP=0.168 pW=0.48 pD=0.07 pL=0.45 vAbs=0.257 pLogitMean=-9.2221 vLogitMean=0.5852 gNorm=0.308 lr=0.582 ms=2624.4 buf=500000 plies=272273593 games=4107504 rejected=0 skipped=0 epoch=0 mom=0.8576 lrCyc[pk=9.7e-01,tr=9.9e-04] gNormMax=0.4079 clips=0 gCap=1.0287 trainerStep=31880
[LAYER-HEALTH] live trainerStep=31880 scope=batch_norm_state_only reluSites=0/10 dead=n/a off=n/a alwaysOn=n/a (no relu/leaky_relu BN sites) rvMaxOverMedian=59.3@blocks.1.bn1[127] rvOver10xMedian=17 rezero=none nonFinite=0 parkedSites=9/10 parkedCh=1040 parked=0 parkedOff=0 parkedBy=none
[REPLAY] step=31960 loss=3.4774 pLoss=2.7078 vLoss=0.7657 pEnt=2.902 pIllM=0.0040 playedP=0.164 pW=0.46 pD=0.07 pL=0.46 vAbs=0.266 pLogitMean=-9.2274 vLogitMean=0.5847 gNorm=0.320 lr=0.529 ms=3294.0 buf=500000 plies=272956221 games=4117768 rejected=0 skipped=0 epoch=0 mom=0.8590 lrCyc[pk=9.7e-01,tr=9.9e-04] gNormMax=0.3662 clips=0 gCap=1.0182 trainerStep=31960
[LAYER-HEALTH] live trainerStep=31960 scope=batch_norm_state_only reluSites=0/10 dead=n/a off=n/a alwaysOn=n/a (no relu/leaky_relu BN sites) rvMaxOverMedian=66.2@blocks.1.bn1[127] rvOver10xMedian=17 rezero=none nonFinite=0 parkedSites=9/10 parkedCh=1040 parked=0 parkedOff=0 parkedBy=none
[REPLAY] step=32000 loss=3.4857 pLoss=2.7128 vLoss=0.7690 pEnt=2.861 pIllM=0.0039 playedP=0.169 pW=0.48 pD=0.07 pL=0.46 vAbs=0.274 pLogitMean=-9.2482 vLogitMean=0.5847 gNorm=0.295 lr=0.503 ms=2308.1 buf=500000 plies=273297555 games=4122972 rejected=0 skipped=0 epoch=0 mom=0.8597 lrCyc[pk=9.7e-01,tr=9.9e-04] gNormMax=0.3464 clips=0 gCap=1.0131 trainerStep=32000
[LAYER-HEALTH] live trainerStep=32000 scope=batch_norm_state_only reluSites=0/10 dead=n/a off=n/a alwaysOn=n/a (no relu/leaky_relu BN sites) rvMaxOverMedian=66.9@blocks.1.bn1[127] rvOver10xMedian=18 rezero=none nonFinite=0 parkedSites=9/10 parkedCh=1040 parked=0 parkedOff=0 parkedBy=none
[ALARM] health active rule=policy_offset_drift severity=warning since=1150 trainerStep=32000 value=medianAbs=9.2397
[HEALTH] check trainerStep=32000 generation=0 evaluations=21 live=20 checkpoint=1 stale=0 truncated=0 cost_ms=32.6 train_ms=2320996.2 liveReadFailed=0 lossMaxRatio=1.03 lossMedianRatio=1.00 gradMaxRatio=1.25 rvRiseMax=1.49 rvOutliers=18/13 nodata=none active=policy_offset_drift:warning
[REPLAY] saved trainer model (autosave) step=32000 trainerStep=32000 nextGame=4122972 shard=9 epoch=0 -> 20261008-lrBsiluall-relcap-replay-latest.safetensors
[LAYER-HEALTH] checkpoint replay-autosave step=32000 trainerStep=32000 scope=all_tensors reluSites=0/10 dead=n/a off=n/a alwaysOn=n/a (no relu/leaky_relu BN sites) rvMaxOverMedian=66.9@blocks.1.bn1[127] rvOver10xMedian=18 rezero=none nonFinite=0 parkedSites=9/10 parkedCh=1040 parked=0 parkedOff=0 parkedBy=none seZeroVel=none valueFC1ZeroVel=0/128 maxAbs=24.94@blocks.1.bn2.running_var
[LAYER-HEALTH]   batch-norm sites — β/|γ|: dead < -3.00, mostly off < -2.00, always on > +3.00; classified for relu/leaky_relu only
[LAYER-HEALTH]     site            act            ch   dead    off     on  zeroγ nonfin  min β/|γ| [ch]     max β/|γ| [ch]     rv max/median [ch]  rv≥10x
[LAYER-HEALTH]     stem.bn         -             128    n/a    n/a    n/a      0      0     -0.93 [97]         +0.64 [51]            4.1 [68]           0
[LAYER-HEALTH]     blocks.0.bn1    silu          128    n/a    n/a    n/a      0      0     -0.88 [21]         +0.28 [64]            5.5 [43]           0
[LAYER-HEALTH]     blocks.0.bn2    silu          128    n/a    n/a    n/a      0      0     -1.35 [109]       +12.88 [49]            6.3 [96]           0
[LAYER-HEALTH]     blocks.1.bn1    silu          128    n/a    n/a    n/a      0      0     -1.38 [35]         -0.06 [31]           66.9 [127]          8
[LAYER-HEALTH]     blocks.1.bn2    silu          128    n/a    n/a    n/a      0      0     -1.49 [22]         -0.18 [101]          13.7 [32]           1
[LAYER-HEALTH]     blocks.2.bn1    silu          128    n/a    n/a    n/a      0      0     -1.95 [68]         +1.49 [31]           58.8 [127]          8
[LAYER-HEALTH]     blocks.2.bn2    silu          128    n/a    n/a    n/a      0      0     -1.58 [85]         +0.02 [105]           3.6 [122]          0
[LAYER-HEALTH]     tower_final_bn  silu          128    n/a    n/a    n/a      0      0     -0.63 [125]        +1.08 [111]          10.3 [127]          1
[LAYER-HEALTH]     policy.pre_bn   silu          128    n/a    n/a    n/a      0      0     -1.15 [47]         +2.02 [62]            4.2 [120]          0
[LAYER-HEALTH]     value.bn        silu           16    n/a    n/a    n/a      0      0     -0.98 [8]          +0.63 [6]             2.0 [6]            0
[LAYER-HEALTH]   parked channels — every activation: pass-through P = E|f'(γz+β)|, z ~ N(0,1); parked when P above its floor < 0.00135 of the range (Φ(-3)), mostly off < 0.02275 (Φ(-2)); equals dead / off for relu/leaky_relu
[LAYER-HEALTH]     site            act            ch parked    off       min P   median P
[LAYER-HEALTH]     blocks.0.bn1    silu          128      0      0    0.263821   0.430307
[LAYER-HEALTH]     blocks.0.bn2    silu          128      0      0    0.146244   0.339849
[LAYER-HEALTH]     blocks.1.bn1    silu          128      0      0    0.158322   0.297014
[LAYER-HEALTH]     blocks.1.bn2    silu          128      0      0    0.142302   0.275646
[LAYER-HEALTH]     blocks.2.bn1    silu          128      0      0    0.082578   0.258833
[LAYER-HEALTH]     blocks.2.bn2    silu          128      0      0    0.130355   0.317537
[LAYER-HEALTH]     tower_final_bn  silu          128      0      0    0.314318   0.522974
[LAYER-HEALTH]     policy.pre_bn   silu          128      0      0    0.201899   0.538631
[LAYER-HEALTH]     value.bn        silu           16      0      0    0.222159   0.314933
[LAYER-HEALTH]   FC hidden-unit velocity — zero: every weight-velocity entry exactly 0; low: nonzero but < 5% of the layer's p90 unit norm
[LAYER-HEALTH]     value.fc1.weight  silu  units 128  zero 0  low 0  median unit norm 0.008695
[LAYER-HEALTH]     (no SE blocks)
[LAYER-HEALTH]   ReZero: none
[LAYER-HEALTH]   non-finite: 0 values in 0 of 102 tensors (10263038 values examined)
[LAYER-HEALTH]   largest |value|: blocks.1.bn2.running_var 24.94, blocks.1.bn1.running_var 21.54, blocks.2.bn1.running_var 20.84, blocks.0.bn2.running_var 14.93, policy.pre_bn.running_var 7.387
[REPLAY] enumerated checkpoint -> 20261008-lrBsiluall-relcap-replay-step32000.safetensors
[REPLAY] step=32080 loss=3.4815 pLoss=2.6914 vLoss=0.7866 pEnt=2.873 pIllM=0.0035 playedP=0.174 pW=0.47 pD=0.07 pL=0.46 vAbs=0.267 pLogitMean=-9.2356 vLogitMean=0.5846 gNorm=0.284 lr=0.453 ms=3082.3 buf=500000 plies=273980190 games=4133302 rejected=0 skipped=0 epoch=0 mom=0.8612 lrCyc[pk=9.7e-01,tr=9.9e-04] gNormMax=0.3227 clips=0 gCap=1.0015 trainerStep=32080
[LAYER-HEALTH] live trainerStep=32080 scope=batch_norm_state_only reluSites=0/10 dead=n/a off=n/a alwaysOn=n/a (no relu/leaky_relu BN sites) rvMaxOverMedian=69.2@blocks.1.bn1[127] rvOver10xMedian=19 rezero=none nonFinite=0 parkedSites=9/10 parkedCh=1040 parked=0 parkedOff=0 parkedBy=none
[REPLAY] step=32160 loss=3.4927 pLoss=2.6956 vLoss=0.7937 pEnt=2.866 pIllM=0.0033 playedP=0.171 pW=0.46 pD=0.07 pL=0.47 vAbs=0.263 pLogitMean=-9.2523 vLogitMean=0.5850 gNorm=0.282 lr=0.405 ms=3013.2 buf=500000 plies=274662848 games=4143602 rejected=0 skipped=0 epoch=0 mom=0.8628 lrCyc[pk=9.7e-01,tr=9.9e-04] gNormMax=0.3251 clips=0 gCap=0.9881 trainerStep=32160
[LAYER-HEALTH] live trainerStep=32160 scope=batch_norm_state_only reluSites=0/10 dead=n/a off=n/a alwaysOn=n/a (no relu/leaky_relu BN sites) rvMaxOverMedian=70.2@blocks.1.bn1[127] rvOver10xMedian=18 rezero=none nonFinite=0 parkedSites=9/10 parkedCh=1040 parked=0 parkedOff=0 parkedBy=none
[REPLAY] step=32240 loss=3.5036 pLoss=2.6921 vLoss=0.8081 pEnt=2.869 pIllM=0.0034 playedP=0.168 pW=0.46 pD=0.07 pL=0.47 vAbs=0.273 pLogitMean=-9.2208 vLogitMean=0.5856 gNorm=0.275 lr=0.36 ms=2788.8 buf=500000 plies=275345475 games=4153949 rejected=0 skipped=0 epoch=0 mom=0.8646 lrCyc[pk=9.7e-01,tr=9.9e-04] gNormMax=0.3348 clips=0 gCap=0.9724 trainerStep=32240
[LAYER-HEALTH] live trainerStep=32240 scope=batch_norm_state_only reluSites=0/10 dead=n/a off=n/a alwaysOn=n/a (no relu/leaky_relu BN sites) rvMaxOverMedian=72.6@blocks.1.bn1[127] rvOver10xMedian=18 rezero=none nonFinite=0 parkedSites=9/10 parkedCh=1040 parked=0 parkedOff=0 parkedBy=none
[REPLAY] step=32320 loss=3.5668 pLoss=2.7686 vLoss=0.7954 pEnt=2.885 pIllM=0.0029 playedP=0.165 pW=0.46 pD=0.06 pL=0.48 vAbs=0.234 pLogitMean=-9.2268 vLogitMean=0.5868 gNorm=0.266 lr=0.317 ms=3127.2 buf=500000 plies=276028127 games=4164308 rejected=0 skipped=0 epoch=0 mom=0.8664 lrCyc[pk=9.7e-01,tr=9.9e-04] gNormMax=0.3071 clips=0 gCap=0.9548 trainerStep=32320
[LAYER-HEALTH] live trainerStep=32320 scope=batch_norm_state_only reluSites=0/10 dead=n/a off=n/a alwaysOn=n/a (no relu/leaky_relu BN sites) rvMaxOverMedian=73.9@blocks.1.bn1[127] rvOver10xMedian=18 rezero=none nonFinite=0 parkedSites=9/10 parkedCh=1040 parked=0 parkedOff=0 parkedBy=none
[REPLAY] step=32400 loss=3.4926 pLoss=2.6945 vLoss=0.7952 pEnt=2.866 pIllM=0.0029 playedP=0.174 pW=0.47 pD=0.07 pL=0.47 vAbs=0.256 pLogitMean=-9.2075 vLogitMean=0.5852 gNorm=0.261 lr=0.278 ms=3082.3 buf=500000 plies=276710768 games=4174564 rejected=0 skipped=0 epoch=0 mom=0.8683 lrCyc[pk=9.7e-01,tr=9.9e-04] gNormMax=0.3064 clips=0 gCap=0.9373 trainerStep=32400
[LAYER-HEALTH] live trainerStep=32400 scope=batch_norm_state_only reluSites=0/10 dead=n/a off=n/a alwaysOn=n/a (no relu/leaky_relu BN sites) rvMaxOverMedian=75.4@blocks.1.bn1[127] rvOver10xMedian=18 rezero=none nonFinite=0 parkedSites=9/10 parkedCh=1040 parked=0 parkedOff=0 parkedBy=none
[REPLAY] step=32480 loss=3.4545 pLoss=2.6571 vLoss=0.7946 pEnt=2.864 pIllM=0.0028 playedP=0.175 pW=0.47 pD=0.07 pL=0.46 vAbs=0.256 pLogitMean=-9.2073 vLogitMean=0.5859 gNorm=0.289 lr=0.243 ms=2953.2 buf=500000 plies=277393408 games=4184903 rejected=0 skipped=0 epoch=0 mom=0.8702 lrCyc[pk=9.7e-01,tr=9.9e-04] gNormMax=0.3230 clips=0 gCap=0.9147 trainerStep=32480
[LAYER-HEALTH] live trainerStep=32480 scope=batch_norm_state_only reluSites=0/10 dead=n/a off=n/a alwaysOn=n/a (no relu/leaky_relu BN sites) rvMaxOverMedian=76.3@blocks.2.bn1[127] rvOver10xMedian=18 rezero=none nonFinite=0 parkedSites=9/10 parkedCh=1040 parked=0 parkedOff=0 parkedBy=none
[REPLAY] step=32560 loss=3.4859 pLoss=2.6846 vLoss=0.7991 pEnt=2.823 pIllM=0.0022 playedP=0.183 pW=0.48 pD=0.07 pL=0.45 vAbs=0.247 pLogitMean=-9.2098 vLogitMean=0.5865 gNorm=0.254 lr=0.211 ms=3190.3 buf=500000 plies=278076010 games=4195130 rejected=0 skipped=0 epoch=0 mom=0.8723 lrCyc[pk=9.7e-01,tr=9.9e-04] gNormMax=0.3022 clips=0 gCap=0.8939 trainerStep=32560
[LAYER-HEALTH] live trainerStep=32560 scope=batch_norm_state_only reluSites=0/10 dead=n/a off=n/a alwaysOn=n/a (no relu/leaky_relu BN sites) rvMaxOverMedian=78.7@blocks.2.bn1[127] rvOver10xMedian=19 rezero=none nonFinite=0 parkedSites=9/10 parkedCh=1040 parked=0 parkedOff=0 parkedBy=none
[REPLAY] step=32640 loss=3.4603 pLoss=2.6580 vLoss=0.7999 pEnt=2.860 pIllM=0.0024 playedP=0.174 pW=0.45 pD=0.07 pL=0.48 vAbs=0.248 pLogitMean=-9.2169 vLogitMean=0.5865 gNorm=0.264 lr=0.182 ms=3168.6 buf=500000 plies=278758645 games=4205407 rejected=0 skipped=0 epoch=0 mom=0.8744 lrCyc[pk=9.7e-01,tr=9.9e-04] gNormMax=0.2942 clips=0 gCap=0.8772 trainerStep=32640
[LAYER-HEALTH] live trainerStep=32640 scope=batch_norm_state_only reluSites=0/10 dead=n/a off=n/a alwaysOn=n/a (no relu/leaky_relu BN sites) rvMaxOverMedian=80.2@blocks.2.bn1[127] rvOver10xMedian=18 rezero=none nonFinite=0 parkedSites=9/10 parkedCh=1040 parked=0 parkedOff=0 parkedBy=none
[REPLAY] step=32720 loss=3.5107 pLoss=2.7024 vLoss=0.8061 pEnt=2.850 pIllM=0.0022 playedP=0.178 pW=0.47 pD=0.07 pL=0.46 vAbs=0.252 pLogitMean=-9.2069 vLogitMean=0.5840 gNorm=0.259 lr=0.157 ms=3406.7 buf=500000 plies=279441326 games=4215642 rejected=0 skipped=0 epoch=0 mom=0.8766 lrCyc[pk=9.7e-01,tr=9.9e-04] gNormMax=0.2898 clips=0 gCap=0.8542 trainerStep=32720
[LAYER-HEALTH] live trainerStep=32720 scope=batch_norm_state_only reluSites=0/10 dead=n/a off=n/a alwaysOn=n/a (no relu/leaky_relu BN sites) rvMaxOverMedian=82.8@blocks.2.bn1[127] rvOver10xMedian=18 rezero=none nonFinite=0 parkedSites=9/10 parkedCh=1040 parked=0 parkedOff=0 parkedBy=none
[REPLAY] step=32800 loss=3.4945 pLoss=2.6941 vLoss=0.7984 pEnt=2.854 pIllM=0.0020 playedP=0.177 pW=0.47 pD=0.06 pL=0.47 vAbs=0.243 pLogitMean=-9.2052 vLogitMean=0.5870 gNorm=0.245 lr=0.134 ms=2832.3 buf=500000 plies=280123967 games=4225921 rejected=0 skipped=0 epoch=0 mom=0.8788 lrCyc[pk=9.7e-01,tr=9.9e-04] gNormMax=0.2897 clips=0 gCap=0.8368 trainerStep=32800
[LAYER-HEALTH] live trainerStep=32800 scope=batch_norm_state_only reluSites=0/10 dead=n/a off=n/a alwaysOn=n/a (no relu/leaky_relu BN sites) rvMaxOverMedian=84.6@blocks.2.bn1[127] rvOver10xMedian=18 rezero=none nonFinite=0 parkedSites=9/10 parkedCh=1040 parked=0 parkedOff=0 parkedBy=none
[REPLAY] step=32880 loss=3.4909 pLoss=2.6962 vLoss=0.7928 pEnt=2.851 pIllM=0.0018 playedP=0.179 pW=0.47 pD=0.06 pL=0.47 vAbs=0.253 pLogitMean=-9.2041 vLogitMean=0.5846 gNorm=0.257 lr=0.115 ms=2984.6 buf=500000 plies=280806628 games=4236280 rejected=0 skipped=0 epoch=0 mom=0.8811 lrCyc[pk=9.7e-01,tr=9.9e-04] gNormMax=0.2769 clips=0 gCap=0.8175 trainerStep=32880
[LAYER-HEALTH] live trainerStep=32880 scope=batch_norm_state_only reluSites=0/10 dead=n/a off=n/a alwaysOn=n/a (no relu/leaky_relu BN sites) rvMaxOverMedian=86.4@blocks.2.bn1[127] rvOver10xMedian=18 rezero=none nonFinite=0 parkedSites=9/10 parkedCh=1040 parked=0 parkedOff=0 parkedBy=none
[REPLAY] step=32960 loss=3.4843 pLoss=2.6956 vLoss=0.7868 pEnt=2.860 pIllM=0.0018 playedP=0.178 pW=0.47 pD=0.06 pL=0.46 vAbs=0.246 pLogitMean=-9.2051 vLogitMean=0.5868 gNorm=0.248 lr=0.0974 ms=2901.1 buf=500000 plies=281489219 games=4246648 rejected=0 skipped=0 epoch=0 mom=0.8835 lrCyc[pk=9.7e-01,tr=9.9e-04] gNormMax=0.2625 clips=0 gCap=0.7982 trainerStep=32960
[LAYER-HEALTH] live trainerStep=32960 scope=batch_norm_state_only reluSites=0/10 dead=n/a off=n/a alwaysOn=n/a (no relu/leaky_relu BN sites) rvMaxOverMedian=86.9@blocks.2.bn1[127] rvOver10xMedian=18 rezero=none nonFinite=0 parkedSites=9/10 parkedCh=1040 parked=0 parkedOff=0 parkedBy=none
[REPLAY] step=33000 loss=3.4912 pLoss=2.6940 vLoss=0.7953 pEnt=2.855 pIllM=0.0019 playedP=0.175 pW=0.46 pD=0.07 pL=0.47 vAbs=0.241 pLogitMean=-9.1985 vLogitMean=0.5874 gNorm=0.256 lr=0.0897 ms=3059.3 buf=500000 plies=281830524 games=4251788 rejected=0 skipped=0 epoch=0 mom=0.8847 lrCyc[pk=9.7e-01,tr=9.9e-04] gNormMax=0.2564 clips=0 gCap=0.7902 trainerStep=33000
[LAYER-HEALTH] live trainerStep=33000 scope=batch_norm_state_only reluSites=0/10 dead=n/a off=n/a alwaysOn=n/a (no relu/leaky_relu BN sites) rvMaxOverMedian=87.6@blocks.2.bn1[127] rvOver10xMedian=18 rezero=none nonFinite=0 parkedSites=9/10 parkedCh=1040 parked=0 parkedOff=0 parkedBy=none
[ALARM] health active rule=policy_offset_drift severity=warning since=1150 trainerStep=33000 value=medianAbs=9.1989
[HEALTH] check trainerStep=33000 generation=0 evaluations=21 live=20 checkpoint=1 stale=0 truncated=0 cost_ms=11.6 train_ms=2327370.4 liveReadFailed=0 lossMaxRatio=1.03 lossMedianRatio=1.01 gradMaxRatio=1.03 rvRiseMax=1.72 rvOutliers=18/18 nodata=none active=policy_offset_drift:warning
[REPLAY] saved trainer model (autosave) step=33000 trainerStep=33000 nextGame=4251788 shard=9 epoch=0 -> 20261008-lrBsiluall-relcap-replay-latest.safetensors
[LAYER-HEALTH] checkpoint replay-autosave step=33000 trainerStep=33000 scope=all_tensors reluSites=0/10 dead=n/a off=n/a alwaysOn=n/a (no relu/leaky_relu BN sites) rvMaxOverMedian=87.6@blocks.2.bn1[127] rvOver10xMedian=18 rezero=none nonFinite=0 parkedSites=9/10 parkedCh=1040 parked=0 parkedOff=0 parkedBy=none seZeroVel=none valueFC1ZeroVel=0/128 maxAbs=26.91@blocks.2.bn1.running_var
[LAYER-HEALTH]   batch-norm sites — β/|γ|: dead < -3.00, mostly off < -2.00, always on > +3.00; classified for relu/leaky_relu only
[LAYER-HEALTH]     site            act            ch   dead    off     on  zeroγ nonfin  min β/|γ| [ch]     max β/|γ| [ch]     rv max/median [ch]  rv≥10x
[LAYER-HEALTH]     stem.bn         -             128    n/a    n/a    n/a      0      0     -0.93 [97]         +0.63 [51]            3.8 [118]          0
[LAYER-HEALTH]     blocks.0.bn1    silu          128    n/a    n/a    n/a      0      0     -0.88 [21]         +0.32 [64]            5.7 [43]           0
[LAYER-HEALTH]     blocks.0.bn2    silu          128    n/a    n/a    n/a      0      0     -1.33 [109]       +17.64 [49]            6.4 [96]           0
[LAYER-HEALTH]     blocks.1.bn1    silu          128    n/a    n/a    n/a      0      0     -1.36 [35]         -0.05 [31]           75.1 [127]          8
[LAYER-HEALTH]     blocks.1.bn2    silu          128    n/a    n/a    n/a      0      0     -1.50 [22]         -0.18 [101]          13.3 [32]           1
[LAYER-HEALTH]     blocks.2.bn1    silu          128    n/a    n/a    n/a      0      0     -1.94 [17]         +1.62 [31]           87.6 [127]          8
[LAYER-HEALTH]     blocks.2.bn2    silu          128    n/a    n/a    n/a      0      0     -1.54 [85]         +0.09 [105]           3.7 [122]          0
[LAYER-HEALTH]     tower_final_bn  silu          128    n/a    n/a    n/a      0      0     -0.64 [83]         +1.10 [101]          15.2 [127]          1
[LAYER-HEALTH]     policy.pre_bn   silu          128    n/a    n/a    n/a      0      0     -1.19 [47]         +2.18 [22]            4.2 [88]           0
[LAYER-HEALTH]     value.bn        silu           16    n/a    n/a    n/a      0      0     -1.14 [8]          +0.83 [6]             2.3 [6]            0
[LAYER-HEALTH]   parked channels — every activation: pass-through P = E|f'(γz+β)|, z ~ N(0,1); parked when P above its floor < 0.00135 of the range (Φ(-3)), mostly off < 0.02275 (Φ(-2)); equals dead / off for relu/leaky_relu
[LAYER-HEALTH]     site            act            ch parked    off       min P   median P
[LAYER-HEALTH]     blocks.0.bn1    silu          128      0      0    0.262766   0.429726
[LAYER-HEALTH]     blocks.0.bn2    silu          128      0      0    0.148808   0.336980
[LAYER-HEALTH]     blocks.1.bn1    silu          128      0      0    0.161362   0.298118
[LAYER-HEALTH]     blocks.1.bn2    silu          128      0      0    0.138532   0.268578
[LAYER-HEALTH]     blocks.2.bn1    silu          128      0      0    0.078180   0.258687
[LAYER-HEALTH]     blocks.2.bn2    silu          128      0      0    0.134334   0.314125
[LAYER-HEALTH]     tower_final_bn  silu          128      0      0    0.313782   0.521418
[LAYER-HEALTH]     policy.pre_bn   silu          128      0      0    0.209359   0.542870
[LAYER-HEALTH]     value.bn        silu           16      0      0    0.189319   0.305073
[LAYER-HEALTH]   FC hidden-unit velocity — zero: every weight-velocity entry exactly 0; low: nonzero but < 5% of the layer's p90 unit norm
[LAYER-HEALTH]     value.fc1.weight  silu  units 128  zero 0  low 0  median unit norm 0.005681
[LAYER-HEALTH]     (no SE blocks)
[LAYER-HEALTH]   ReZero: none
[LAYER-HEALTH]   non-finite: 0 values in 0 of 102 tensors (10263038 values examined)
[LAYER-HEALTH]   largest |value|: blocks.2.bn1.running_var 26.91, blocks.1.bn1.running_var 25.14, blocks.1.bn2.running_var 22.25, blocks.0.bn2.running_var 14.83, tower_final_bn.running_var 8.175
[REPLAY] enumerated checkpoint -> 20261008-lrBsiluall-relcap-replay-step33000.safetensors
[REPLAY] step=33080 loss=3.4829 pLoss=2.6646 vLoss=0.8164 pEnt=2.861 pIllM=0.0019 playedP=0.175 pW=0.46 pD=0.07 pL=0.47 vAbs=0.242 pLogitMean=-9.2017 vLogitMean=0.5848 gNorm=0.250 lr=0.076 ms=2953.6 buf=500000 plies=282513202 games=4262064 rejected=0 skipped=0 epoch=0 mom=0.8871 lrCyc[pk=9.7e-01,tr=9.9e-04] gNormMax=0.2796 clips=0 gCap=0.7771 trainerStep=33080
[LAYER-HEALTH] live trainerStep=33080 scope=batch_norm_state_only reluSites=0/10 dead=n/a off=n/a alwaysOn=n/a (no relu/leaky_relu BN sites) rvMaxOverMedian=87.7@blocks.2.bn1[127] rvOver10xMedian=18 rezero=none nonFinite=0 parkedSites=9/10 parkedCh=1040 parked=0 parkedOff=0 parkedBy=none
[REPLAY] step=33160 loss=3.5138 pLoss=2.7094 vLoss=0.8027 pEnt=2.865 pIllM=0.0016 playedP=0.176 pW=0.47 pD=0.06 pL=0.46 vAbs=0.245 pLogitMean=-9.2038 vLogitMean=0.5867 gNorm=0.238 lr=0.0642 ms=2995.9 buf=500000 plies=283195834 games=4272439 rejected=0 skipped=0 epoch=0 mom=0.8895 lrCyc[pk=9.7e-01,tr=9.9e-04] gNormMax=0.2685 clips=0 gCap=0.7623 trainerStep=33160
[LAYER-HEALTH] live trainerStep=33160 scope=batch_norm_state_only reluSites=0/10 dead=n/a off=n/a alwaysOn=n/a (no relu/leaky_relu BN sites) rvMaxOverMedian=87.9@blocks.2.bn1[127] rvOver10xMedian=18 rezero=none nonFinite=0 parkedSites=9/10 parkedCh=1040 parked=0 parkedOff=0 parkedBy=none
[REPLAY] step=33240 loss=3.4902 pLoss=2.6855 vLoss=0.8028 pEnt=2.860 pIllM=0.0019 playedP=0.176 pW=0.47 pD=0.07 pL=0.46 vAbs=0.246 pLogitMean=-9.2041 vLogitMean=0.5831 gNorm=0.219 lr=0.0542 ms=2921.5 buf=500000 plies=283878501 games=4282779 rejected=0 skipped=0 epoch=0 mom=0.8920 lrCyc[pk=9.7e-01,tr=9.9e-04] gNormMax=0.2639 clips=0 gCap=0.7515 trainerStep=33240
[LAYER-HEALTH] live trainerStep=33240 scope=batch_norm_state_only reluSites=0/10 dead=n/a off=n/a alwaysOn=n/a (no relu/leaky_relu BN sites) rvMaxOverMedian=89.2@blocks.2.bn1[127] rvOver10xMedian=18 rezero=none nonFinite=0 parkedSites=9/10 parkedCh=1040 parked=0 parkedOff=0 parkedBy=none
[REPLAY] step=33320 loss=3.5043 pLoss=2.6973 vLoss=0.8054 pEnt=2.872 pIllM=0.0017 playedP=0.178 pW=0.46 pD=0.06 pL=0.47 vAbs=0.249 pLogitMean=-9.2025 vLogitMean=0.5855 gNorm=0.230 lr=0.0456 ms=2838.4 buf=500000 plies=284561109 games=4293099 rejected=0 skipped=0 epoch=0 mom=0.8944 lrCyc[pk=9.7e-01,tr=9.9e-04] gNormMax=0.2753 clips=0 gCap=0.7420 trainerStep=33320
[LAYER-HEALTH] live trainerStep=33320 scope=batch_norm_state_only reluSites=0/10 dead=n/a off=n/a alwaysOn=n/a (no relu/leaky_relu BN sites) rvMaxOverMedian=91.2@blocks.2.bn1[127] rvOver10xMedian=18 rezero=none nonFinite=0 parkedSites=9/10 parkedCh=1040 parked=0 parkedOff=0 parkedBy=none
[REPLAY] step=33400 loss=3.5064 pLoss=2.6896 vLoss=0.8153 pEnt=2.846 pIllM=0.0015 playedP=0.181 pW=0.47 pD=0.07 pL=0.47 vAbs=0.238 pLogitMean=-9.2017 vLogitMean=0.5857 gNorm=0.232 lr=0.0384 ms=2400.6 buf=500000 plies=285243725 games=4303337 rejected=0 skipped=0 epoch=0 mom=0.8969 lrCyc[pk=9.7e-01,tr=9.9e-04] gNormMax=0.2567 clips=0 gCap=0.7331 trainerStep=33400
[LAYER-HEALTH] live trainerStep=33400 scope=batch_norm_state_only reluSites=0/10 dead=n/a off=n/a alwaysOn=n/a (no relu/leaky_relu BN sites) rvMaxOverMedian=93.1@blocks.2.bn1[127] rvOver10xMedian=18 rezero=none nonFinite=0 parkedSites=9/10 parkedCh=1040 parked=0 parkedOff=0 parkedBy=none
[REPLAY] step=33480 loss=3.4871 pLoss=2.6807 vLoss=0.8048 pEnt=2.851 pIllM=0.0015 playedP=0.180 pW=0.47 pD=0.07 pL=0.46 vAbs=0.244 pLogitMean=-9.2022 vLogitMean=0.5855 gNorm=0.237 lr=0.0323 ms=2815.6 buf=500000 plies=285926426 games=4313598 rejected=0 skipped=0 epoch=0 mom=0.8995 lrCyc[pk=9.7e-01,tr=9.9e-04] gNormMax=0.2634 clips=0 gCap=0.7274 trainerStep=33480
[LAYER-HEALTH] live trainerStep=33480 scope=batch_norm_state_only reluSites=0/10 dead=n/a off=n/a alwaysOn=n/a (no relu/leaky_relu BN sites) rvMaxOverMedian=93.7@blocks.2.bn1[127] rvOver10xMedian=18 rezero=none nonFinite=0 parkedSites=9/10 parkedCh=1040 parked=0 parkedOff=0 parkedBy=none
[REPLAY] step=33560 loss=3.5021 pLoss=2.6969 vLoss=0.8036 pEnt=2.849 pIllM=0.0016 playedP=0.180 pW=0.47 pD=0.07 pL=0.46 vAbs=0.248 pLogitMean=-9.2041 vLogitMean=0.5841 gNorm=0.219 lr=0.0272 ms=2910.8 buf=500000 plies=286609024 games=4323909 rejected=0 skipped=0 epoch=0 mom=0.9020 lrCyc[pk=9.7e-01,tr=9.9e-04] gNormMax=0.2686 clips=0 gCap=0.7220 trainerStep=33560
[LAYER-HEALTH] live trainerStep=33560 scope=batch_norm_state_only reluSites=0/10 dead=n/a off=n/a alwaysOn=n/a (no relu/leaky_relu BN sites) rvMaxOverMedian=94.4@blocks.2.bn1[127] rvOver10xMedian=18 rezero=none nonFinite=0 parkedSites=9/10 parkedCh=1040 parked=0 parkedOff=0 parkedBy=none
[REPLAY] step=33640 loss=3.4757 pLoss=2.6773 vLoss=0.7967 pEnt=2.857 pIllM=0.0016 playedP=0.184 pW=0.47 pD=0.07 pL=0.46 vAbs=0.235 pLogitMean=-9.2035 vLogitMean=0.5832 gNorm=0.244 lr=0.0228 ms=3140.4 buf=500000 plies=287291668 games=4334275 rejected=0 skipped=0 epoch=0 mom=0.9045 lrCyc[pk=9.7e-01,tr=9.9e-04] gNormMax=0.2719 clips=0 gCap=0.7183 trainerStep=33640
[LAYER-HEALTH] live trainerStep=33640 scope=batch_norm_state_only reluSites=0/10 dead=n/a off=n/a alwaysOn=n/a (no relu/leaky_relu BN sites) rvMaxOverMedian=94.4@blocks.2.bn1[127] rvOver10xMedian=18 rezero=none nonFinite=0 parkedSites=9/10 parkedCh=1040 parked=0 parkedOff=0 parkedBy=none
[REPLAY] step=33720 loss=3.4808 pLoss=2.6877 vLoss=0.7916 pEnt=2.858 pIllM=0.0014 playedP=0.178 pW=0.47 pD=0.06 pL=0.46 vAbs=0.233 pLogitMean=-9.2036 vLogitMean=0.5843 gNorm=0.241 lr=0.0192 ms=3242.3 buf=500000 plies=287974392 games=4344584 rejected=0 skipped=0 epoch=0 mom=0.9070 lrCyc[pk=9.7e-01,tr=9.9e-04] gNormMax=0.2483 clips=0 gCap=0.7156 trainerStep=33720
[LAYER-HEALTH] live trainerStep=33720 scope=batch_norm_state_only reluSites=0/10 dead=n/a off=n/a alwaysOn=n/a (no relu/leaky_relu BN sites) rvMaxOverMedian=94.6@blocks.2.bn1[127] rvOver10xMedian=18 rezero=none nonFinite=0 parkedSites=9/10 parkedCh=1040 parked=0 parkedOff=0 parkedBy=none
[REPLAY] step=33800 loss=3.5068 pLoss=2.7041 vLoss=0.8014 pEnt=2.863 pIllM=0.0014 playedP=0.180 pW=0.47 pD=0.07 pL=0.46 vAbs=0.239 pLogitMean=-9.2082 vLogitMean=0.5837 gNorm=0.244 lr=0.0162 ms=3252.8 buf=500000 plies=288656951 games=4354977 rejected=0 skipped=0 epoch=0 mom=0.9094 lrCyc[pk=9.7e-01,tr=9.9e-04] gNormMax=0.2592 clips=0 gCap=0.7124 trainerStep=33800
[LAYER-HEALTH] live trainerStep=33800 scope=batch_norm_state_only reluSites=0/10 dead=n/a off=n/a alwaysOn=n/a (no relu/leaky_relu BN sites) rvMaxOverMedian=94.7@blocks.2.bn1[127] rvOver10xMedian=18 rezero=none nonFinite=0 parkedSites=9/10 parkedCh=1040 parked=0 parkedOff=0 parkedBy=none
[REPLAY] step=33880 loss=3.4919 pLoss=2.6985 vLoss=0.7920 pEnt=2.856 pIllM=0.0014 playedP=0.180 pW=0.47 pD=0.07 pL=0.47 vAbs=0.242 pLogitMean=-9.2048 vLogitMean=0.5826 gNorm=0.234 lr=0.0137 ms=2842.5 buf=500000 plies=289339680 games=4365359 rejected=0 skipped=0 epoch=0 mom=0.9119 lrCyc[pk=9.7e-01,tr=9.8e-04] gNormMax=0.2866 clips=0 gCap=0.7107 trainerStep=33880
[LAYER-HEALTH] live trainerStep=33880 scope=batch_norm_state_only reluSites=0/10 dead=n/a off=n/a alwaysOn=n/a (no relu/leaky_relu BN sites) rvMaxOverMedian=94.5@blocks.2.bn1[127] rvOver10xMedian=18 rezero=none nonFinite=0 parkedSites=9/10 parkedCh=1040 parked=0 parkedOff=0 parkedBy=none
[REPLAY] step=33960 loss=3.4352 pLoss=2.6437 vLoss=0.7900 pEnt=2.853 pIllM=0.0015 playedP=0.179 pW=0.47 pD=0.06 pL=0.47 vAbs=0.253 pLogitMean=-9.2019 vLogitMean=0.5829 gNorm=0.247 lr=0.0116 ms=3042.7 buf=500000 plies=290022218 games=4375730 rejected=0 skipped=0 epoch=0 mom=0.9143 lrCyc[pk=9.7e-01,tr=9.8e-04] gNormMax=0.2497 clips=0 gCap=0.7072 trainerStep=33960
[LAYER-HEALTH] live trainerStep=33960 scope=batch_norm_state_only reluSites=0/10 dead=n/a off=n/a alwaysOn=n/a (no relu/leaky_relu BN sites) rvMaxOverMedian=94.8@blocks.2.bn1[127] rvOver10xMedian=18 rezero=none nonFinite=0 parkedSites=9/10 parkedCh=1040 parked=0 parkedOff=0 parkedBy=none
[REPLAY] step=34000 loss=3.4629 pLoss=2.6615 vLoss=0.7997 pEnt=2.836 pIllM=0.0017 playedP=0.183 pW=0.47 pD=0.07 pL=0.47 vAbs=0.241 pLogitMean=-9.2035 vLogitMean=0.5831 gNorm=0.233 lr=0.0107 ms=2271.1 buf=500000 plies=290363587 games=4380944 rejected=0 skipped=0 epoch=0 mom=0.9155 lrCyc[pk=9.7e-01,tr=9.8e-04] gNormMax=0.2510 clips=0 gCap=0.7064 trainerStep=34000
[LAYER-HEALTH] live trainerStep=34000 scope=batch_norm_state_only reluSites=0/10 dead=n/a off=n/a alwaysOn=n/a (no relu/leaky_relu BN sites) rvMaxOverMedian=94.7@blocks.2.bn1[127] rvOver10xMedian=18 rezero=none nonFinite=0 parkedSites=9/10 parkedCh=1040 parked=0 parkedOff=0 parkedBy=none
[ALARM] health active rule=policy_offset_drift severity=warning since=1150 trainerStep=34000 value=medianAbs=9.2019
[HEALTH] check trainerStep=34000 generation=0 evaluations=21 live=20 checkpoint=1 stale=0 truncated=0 cost_ms=8.2 train_ms=2340959.6 liveReadFailed=0 lossMaxRatio=1.02 lossMedianRatio=1.00 gradMaxRatio=1.21 rvRiseMax=1.44 rvOutliers=18/18 nodata=none active=policy_offset_drift:warning
[REPLAY] saved trainer model (autosave) step=34000 trainerStep=34000 nextGame=4380944 shard=9 epoch=0 -> 20261008-lrBsiluall-relcap-replay-latest.safetensors
[LAYER-HEALTH] checkpoint replay-autosave step=34000 trainerStep=34000 scope=all_tensors reluSites=0/10 dead=n/a off=n/a alwaysOn=n/a (no relu/leaky_relu BN sites) rvMaxOverMedian=94.7@blocks.2.bn1[127] rvOver10xMedian=18 rezero=none nonFinite=0 parkedSites=9/10 parkedCh=1040 parked=0 parkedOff=0 parkedBy=none seZeroVel=none valueFC1ZeroVel=0/128 maxAbs=27.81@blocks.2.bn1.running_var
[LAYER-HEALTH]   batch-norm sites — β/|γ|: dead < -3.00, mostly off < -2.00, always on > +3.00; classified for relu/leaky_relu only
[LAYER-HEALTH]     site            act            ch   dead    off     on  zeroγ nonfin  min β/|γ| [ch]     max β/|γ| [ch]     rv max/median [ch]  rv≥10x
[LAYER-HEALTH]     stem.bn         -             128    n/a    n/a    n/a      0      0     -0.93 [97]         +0.63 [51]            4.6 [68]           0
[LAYER-HEALTH]     blocks.0.bn1    silu          128    n/a    n/a    n/a      0      0     -0.88 [21]         +0.32 [64]            5.6 [43]           0
[LAYER-HEALTH]     blocks.0.bn2    silu          128    n/a    n/a    n/a      0      0     -1.33 [109]       +15.60 [49]            5.7 [96]           0
[LAYER-HEALTH]     blocks.1.bn1    silu          128    n/a    n/a    n/a      0      0     -1.36 [35]         -0.05 [31]           76.4 [127]          8
[LAYER-HEALTH]     blocks.1.bn2    silu          128    n/a    n/a    n/a      0      0     -1.48 [22]         -0.17 [101]          13.3 [32]           1
[LAYER-HEALTH]     blocks.2.bn1    silu          128    n/a    n/a    n/a      0      0     -1.96 [17]         +1.68 [31]           94.7 [127]          8
[LAYER-HEALTH]     blocks.2.bn2    silu          128    n/a    n/a    n/a      0      0     -1.54 [85]         +0.10 [105]           3.8 [122]          0
[LAYER-HEALTH]     tower_final_bn  silu          128    n/a    n/a    n/a      0      0     -0.64 [83]         +1.11 [101]          16.3 [127]          1
[LAYER-HEALTH]     policy.pre_bn   silu          128    n/a    n/a    n/a      0      0     -1.18 [47]         +2.17 [22]            4.2 [88]           0
[LAYER-HEALTH]     value.bn        silu           16    n/a    n/a    n/a      0      0     -1.17 [8]          +0.85 [6]             2.3 [6]            0
[LAYER-HEALTH]   parked channels — every activation: pass-through P = E|f'(γz+β)|, z ~ N(0,1); parked when P above its floor < 0.00135 of the range (Φ(-3)), mostly off < 0.02275 (Φ(-2)); equals dead / off for relu/leaky_relu
[LAYER-HEALTH]     site            act            ch parked    off       min P   median P
[LAYER-HEALTH]     blocks.0.bn1    silu          128      0      0    0.261694   0.430145
[LAYER-HEALTH]     blocks.0.bn2    silu          128      0      0    0.148802   0.337373
[LAYER-HEALTH]     blocks.1.bn1    silu          128      0      0    0.160226   0.298404
[LAYER-HEALTH]     blocks.1.bn2    silu          128      0      0    0.137684   0.268320
[LAYER-HEALTH]     blocks.2.bn1    silu          128      0      0    0.077177   0.258745
[LAYER-HEALTH]     blocks.2.bn2    silu          128      0      0    0.134396   0.315153
[LAYER-HEALTH]     tower_final_bn  silu          128      0      0    0.313418   0.521500
[LAYER-HEALTH]     policy.pre_bn   silu          128      0      0    0.209881   0.543662
[LAYER-HEALTH]     value.bn        silu           16      0      0    0.185267   0.301294
[LAYER-HEALTH]   FC hidden-unit velocity — zero: every weight-velocity entry exactly 0; low: nonzero but < 5% of the layer's p90 unit norm
[LAYER-HEALTH]     value.fc1.weight  silu  units 128  zero 0  low 0  median unit norm 0.00652
[LAYER-HEALTH]     (no SE blocks)
[LAYER-HEALTH]   ReZero: none
[LAYER-HEALTH]   non-finite: 0 values in 0 of 102 tensors (10263038 values examined)
[LAYER-HEALTH]   largest |value|: blocks.2.bn1.running_var 27.81, blocks.1.bn1.running_var 25.23, blocks.1.bn2.running_var 22, blocks.0.bn2.running_var 13.31, tower_final_bn.running_var 8.523
[REPLAY] enumerated checkpoint -> 20261008-lrBsiluall-relcap-replay-step34000.safetensors
[REPLAY] step=34080 loss=3.5042 pLoss=2.6965 vLoss=0.8062 pEnt=2.860 pIllM=0.0015 playedP=0.178 pW=0.47 pD=0.07 pL=0.46 vAbs=0.251 pLogitMean=-9.2035 vLogitMean=0.5827 gNorm=0.229 lr=0.00905 ms=3217.5 buf=500000 plies=291046163 games=4391273 rejected=0 skipped=0 epoch=0 mom=0.9179 lrCyc[pk=9.7e-01,tr=9.8e-04] gNormMax=0.2646 clips=0 gCap=0.7045 trainerStep=34080
[LAYER-HEALTH] live trainerStep=34080 scope=batch_norm_state_only reluSites=0/10 dead=n/a off=n/a alwaysOn=n/a (no relu/leaky_relu BN sites) rvMaxOverMedian=94.9@blocks.2.bn1[127] rvOver10xMedian=18 rezero=none nonFinite=0 parkedSites=9/10 parkedCh=1040 parked=0 parkedOff=0 parkedBy=none
[REPLAY] step=34160 loss=3.5027 pLoss=2.6973 vLoss=0.8038 pEnt=2.857 pIllM=0.0016 playedP=0.182 pW=0.47 pD=0.07 pL=0.47 vAbs=0.238 pLogitMean=-9.2039 vLogitMean=0.5832 gNorm=0.219 lr=0.00771 ms=2847.3 buf=500000 plies=291728868 games=4401586 rejected=0 skipped=0 epoch=0 mom=0.9202 lrCyc[pk=9.7e-01,tr=9.8e-04] gNormMax=0.2512 clips=0 gCap=0.7037 trainerStep=34160
[LAYER-HEALTH] live trainerStep=34160 scope=batch_norm_state_only reluSites=0/10 dead=n/a off=n/a alwaysOn=n/a (no relu/leaky_relu BN sites) rvMaxOverMedian=94.9@blocks.2.bn1[127] rvOver10xMedian=18 rezero=none nonFinite=0 parkedSites=9/10 parkedCh=1040 parked=0 parkedOff=0 parkedBy=none
[REPLAY] step=34240 loss=3.4819 pLoss=2.6985 vLoss=0.7820 pEnt=2.873 pIllM=0.0014 playedP=0.175 pW=0.47 pD=0.06 pL=0.47 vAbs=0.242 pLogitMean=-9.2058 vLogitMean=0.5832 gNorm=0.249 lr=0.00659 ms=2980.1 buf=500000 plies=292411474 games=4411929 rejected=0 skipped=0 epoch=0 mom=0.9225 lrCyc[pk=9.7e-01,tr=9.8e-04] gNormMax=0.2590 clips=0 gCap=0.7021 trainerStep=34240
[LAYER-HEALTH] live trainerStep=34240 scope=batch_norm_state_only reluSites=0/10 dead=n/a off=n/a alwaysOn=n/a (no relu/leaky_relu BN sites) rvMaxOverMedian=95.1@blocks.2.bn1[127] rvOver10xMedian=18 rezero=none nonFinite=0 parkedSites=9/10 parkedCh=1040 parked=0 parkedOff=0 parkedBy=none
[REPLAY] step=34320 loss=3.5027 pLoss=2.6977 vLoss=0.8036 pEnt=2.870 pIllM=0.0014 playedP=0.178 pW=0.47 pD=0.06 pL=0.47 vAbs=0.243 pLogitMean=-9.2071 vLogitMean=0.5830 gNorm=0.230 lr=0.00566 ms=2786.3 buf=500000 plies=293094113 games=4422245 rejected=0 skipped=0 epoch=0 mom=0.9247 lrCyc[pk=9.7e-01,tr=9.8e-04] gNormMax=0.2562 clips=0 gCap=0.7017 trainerStep=34320
[LAYER-HEALTH] live trainerStep=34320 scope=batch_norm_state_only reluSites=0/10 dead=n/a off=n/a alwaysOn=n/a (no relu/leaky_relu BN sites) rvMaxOverMedian=95.5@blocks.2.bn1[127] rvOver10xMedian=18 rezero=none nonFinite=0 parkedSites=9/10 parkedCh=1040 parked=0 parkedOff=0 parkedBy=none
[REPLAY] step=34400 loss=3.4838 pLoss=2.6883 vLoss=0.7941 pEnt=2.870 pIllM=0.0013 playedP=0.177 pW=0.47 pD=0.06 pL=0.47 vAbs=0.244 pLogitMean=-9.2079 vLogitMean=0.5827 gNorm=0.235 lr=0.00488 ms=2866.5 buf=500000 plies=293776727 games=4432665 rejected=0 skipped=0 epoch=0 mom=0.9268 lrCyc[pk=9.7e-01,tr=9.8e-04] gNormMax=0.2515 clips=0 gCap=0.7011 trainerStep=34400
[LAYER-HEALTH] live trainerStep=34400 scope=batch_norm_state_only reluSites=0/10 dead=n/a off=n/a alwaysOn=n/a (no relu/leaky_relu BN sites) rvMaxOverMedian=96.2@blocks.2.bn1[127] rvOver10xMedian=18 rezero=none nonFinite=0 parkedSites=9/10 parkedCh=1040 parked=0 parkedOff=0 parkedBy=none
[REPLAY] step=34480 loss=3.5037 pLoss=2.6948 vLoss=0.8074 pEnt=2.851 pIllM=0.0015 playedP=0.180 pW=0.47 pD=0.07 pL=0.46 vAbs=0.232 pLogitMean=-9.2076 vLogitMean=0.5821 gNorm=0.232 lr=0.00422 ms=2536.8 buf=500000 plies=294459413 games=4442952 rejected=0 skipped=0 epoch=0 mom=0.9289 lrCyc[pk=9.7e-01,tr=9.8e-04] gNormMax=0.2534 clips=0 gCap=0.7002 trainerStep=34480
[LAYER-HEALTH] live trainerStep=34480 scope=batch_norm_state_only reluSites=0/10 dead=n/a off=n/a alwaysOn=n/a (no relu/leaky_relu BN sites) rvMaxOverMedian=96.0@blocks.2.bn1[127] rvOver10xMedian=18 rezero=none nonFinite=0 parkedSites=9/10 parkedCh=1040 parked=0 parkedOff=0 parkedBy=none
[REPLAY] step=34560 loss=3.4980 pLoss=2.6988 vLoss=0.7975 pEnt=2.851 pIllM=0.0017 playedP=0.177 pW=0.47 pD=0.06 pL=0.47 vAbs=0.245 pLogitMean=-9.2052 vLogitMean=0.5818 gNorm=0.231 lr=0.00367 ms=2900.4 buf=500000 plies=295142061 games=4453336 rejected=0 skipped=0 epoch=0 mom=0.9309 lrCyc[pk=9.7e-01,tr=9.8e-04] gNormMax=0.2495 clips=0 gCap=0.6991 trainerStep=34560
[LAYER-HEALTH] live trainerStep=34560 scope=batch_norm_state_only reluSites=0/10 dead=n/a off=n/a alwaysOn=n/a (no relu/leaky_relu BN sites) rvMaxOverMedian=96.0@blocks.2.bn1[127] rvOver10xMedian=18 rezero=none nonFinite=0 parkedSites=9/10 parkedCh=1040 parked=0 parkedOff=0 parkedBy=none
[REPLAY] step=34640 loss=3.5025 pLoss=2.6828 vLoss=0.8183 pEnt=2.847 pIllM=0.0014 playedP=0.179 pW=0.47 pD=0.07 pL=0.46 vAbs=0.240 pLogitMean=-9.2080 vLogitMean=0.5845 gNorm=0.232 lr=0.00322 ms=3173.5 buf=500000 plies=295824777 games=4463605 rejected=0 skipped=0 epoch=0 mom=0.9329 lrCyc[pk=9.7e-01,tr=9.8e-04] gNormMax=0.2558 clips=0 gCap=0.6995 trainerStep=34640
[LAYER-HEALTH] live trainerStep=34640 scope=batch_norm_state_only reluSites=0/10 dead=n/a off=n/a alwaysOn=n/a (no relu/leaky_relu BN sites) rvMaxOverMedian=96.0@blocks.2.bn1[127] rvOver10xMedian=18 rezero=none nonFinite=0 parkedSites=9/10 parkedCh=1040 parked=0 parkedOff=0 parkedBy=none
[REPLAY] step=34720 loss=3.4836 pLoss=2.6905 vLoss=0.7915 pEnt=2.853 pIllM=0.0016 playedP=0.179 pW=0.47 pD=0.07 pL=0.46 vAbs=0.239 pLogitMean=-9.2075 vLogitMean=0.5828 gNorm=0.224 lr=0.00283 ms=2865.4 buf=500000 plies=296507311 games=4473822 rejected=0 skipped=0 epoch=0 mom=0.9347 lrCyc[pk=9.7e-01,tr=9.8e-04] gNormMax=0.2753 clips=0 gCap=0.6984 trainerStep=34720
[LAYER-HEALTH] live trainerStep=34720 scope=batch_norm_state_only reluSites=0/10 dead=n/a off=n/a alwaysOn=n/a (no relu/leaky_relu BN sites) rvMaxOverMedian=96.1@blocks.2.bn1[127] rvOver10xMedian=18 rezero=none nonFinite=0 parkedSites=9/10 parkedCh=1040 parked=0 parkedOff=0 parkedBy=none
[REPLAY] step=34800 loss=3.4818 pLoss=2.6867 vLoss=0.7935 pEnt=2.858 pIllM=0.0015 playedP=0.178 pW=0.47 pD=0.07 pL=0.46 vAbs=0.242 pLogitMean=-9.2092 vLogitMean=0.5840 gNorm=0.233 lr=0.00251 ms=3104.1 buf=500000 plies=297189981 games=4484189 rejected=0 skipped=0 epoch=0 mom=0.9365 lrCyc[pk=9.7e-01,tr=9.8e-04] gNormMax=0.2519 clips=0 gCap=0.6978 trainerStep=34800
[LAYER-HEALTH] live trainerStep=34800 scope=batch_norm_state_only reluSites=0/10 dead=n/a off=n/a alwaysOn=n/a (no relu/leaky_relu BN sites) rvMaxOverMedian=96.0@blocks.2.bn1[127] rvOver10xMedian=18 rezero=none nonFinite=0 parkedSites=9/10 parkedCh=1040 parked=0 parkedOff=0 parkedBy=none
[REPLAY] step=34880 loss=3.5135 pLoss=2.6981 vLoss=0.8139 pEnt=2.856 pIllM=0.0015 playedP=0.177 pW=0.47 pD=0.07 pL=0.46 vAbs=0.245 pLogitMean=-9.2084 vLogitMean=0.5827 gNorm=0.224 lr=0.00223 ms=3033.1 buf=500000 plies=297872592 games=4494570 rejected=0 skipped=0 epoch=0 mom=0.9381 lrCyc[pk=9.7e-01,tr=9.8e-04] gNormMax=0.2491 clips=0 gCap=0.6974 trainerStep=34880
[LAYER-HEALTH] live trainerStep=34880 scope=batch_norm_state_only reluSites=0/10 dead=n/a off=n/a alwaysOn=n/a (no relu/leaky_relu BN sites) rvMaxOverMedian=95.9@blocks.2.bn1[127] rvOver10xMedian=18 rezero=none nonFinite=0 parkedSites=9/10 parkedCh=1040 parked=0 parkedOff=0 parkedBy=none
[REPLAY] step=34960 loss=3.5077 pLoss=2.6971 vLoss=0.8092 pEnt=2.847 pIllM=0.0015 playedP=0.179 pW=0.47 pD=0.07 pL=0.46 vAbs=0.238 pLogitMean=-9.2092 vLogitMean=0.5855 gNorm=0.234 lr=0.002 ms=2348.9 buf=500000 plies=298555241 games=4504947 rejected=0 skipped=0 epoch=0 mom=0.9397 lrCyc[pk=9.7e-01,tr=9.8e-04] gNormMax=0.2583 clips=0 gCap=0.6978 trainerStep=34960
[LAYER-HEALTH] live trainerStep=34960 scope=batch_norm_state_only reluSites=0/10 dead=n/a off=n/a alwaysOn=n/a (no relu/leaky_relu BN sites) rvMaxOverMedian=95.7@blocks.2.bn1[127] rvOver10xMedian=18 rezero=none nonFinite=0 parkedSites=9/10 parkedCh=1040 parked=0 parkedOff=0 parkedBy=none
[REPLAY] step=35000 loss=3.5248 pLoss=2.7044 vLoss=0.8189 pEnt=2.843 pIllM=0.0016 playedP=0.183 pW=0.47 pD=0.07 pL=0.46 vAbs=0.236 pLogitMean=-9.2100 vLogitMean=0.5844 gNorm=0.227 lr=0.0019 ms=3528.6 buf=500000 plies=298896572 games=4510144 rejected=0 skipped=0 epoch=0 mom=0.9405 lrCyc[pk=9.7e-01,tr=9.8e-04] gNormMax=0.2417 clips=0 gCap=0.6974 trainerStep=35000
[LAYER-HEALTH] live trainerStep=35000 scope=batch_norm_state_only reluSites=0/10 dead=n/a off=n/a alwaysOn=n/a (no relu/leaky_relu BN sites) rvMaxOverMedian=95.8@blocks.2.bn1[127] rvOver10xMedian=18 rezero=none nonFinite=0 parkedSites=9/10 parkedCh=1040 parked=0 parkedOff=0 parkedBy=none
[ALARM] health active rule=policy_offset_drift severity=warning since=1150 trainerStep=35000 value=medianAbs=9.2092
[HEALTH] check trainerStep=35000 generation=0 evaluations=21 live=20 checkpoint=1 stale=0 truncated=0 cost_ms=7.5 train_ms=2353732.5 liveReadFailed=0 lossMaxRatio=1.02 lossMedianRatio=1.00 gradMaxRatio=1.18 rvRiseMax=1.09 rvOutliers=18/18 nodata=none active=policy_offset_drift:warning
[REPLAY] saved trainer model (autosave) step=35000 trainerStep=35000 nextGame=4510144 shard=9 epoch=0 -> 20261008-lrBsiluall-relcap-replay-latest.safetensors
[LAYER-HEALTH] checkpoint replay-autosave step=35000 trainerStep=35000 scope=all_tensors reluSites=0/10 dead=n/a off=n/a alwaysOn=n/a (no relu/leaky_relu BN sites) rvMaxOverMedian=95.8@blocks.2.bn1[127] rvOver10xMedian=18 rezero=none nonFinite=0 parkedSites=9/10 parkedCh=1040 parked=0 parkedOff=0 parkedBy=none seZeroVel=none valueFC1ZeroVel=0/128 maxAbs=28.01@blocks.2.bn1.running_var
[LAYER-HEALTH]   batch-norm sites — β/|γ|: dead < -3.00, mostly off < -2.00, always on > +3.00; classified for relu/leaky_relu only
[LAYER-HEALTH]     site            act            ch   dead    off     on  zeroγ nonfin  min β/|γ| [ch]     max β/|γ| [ch]     rv max/median [ch]  rv≥10x
[LAYER-HEALTH]     stem.bn         -             128    n/a    n/a    n/a      0      0     -0.93 [97]         +0.64 [51]            4.4 [68]           0
[LAYER-HEALTH]     blocks.0.bn1    silu          128    n/a    n/a    n/a      0      0     -0.88 [21]         +0.33 [64]            5.6 [43]           0
[LAYER-HEALTH]     blocks.0.bn2    silu          128    n/a    n/a    n/a      0      0     -1.33 [109]       +15.51 [49]            5.4 [96]           0
[LAYER-HEALTH]     blocks.1.bn1    silu          128    n/a    n/a    n/a      0      0     -1.37 [35]         -0.05 [31]           77.8 [127]          8
[LAYER-HEALTH]     blocks.1.bn2    silu          128    n/a    n/a    n/a      0      0     -1.48 [22]         -0.17 [101]          13.2 [32]           1
[LAYER-HEALTH]     blocks.2.bn1    silu          128    n/a    n/a    n/a      0      0     -1.96 [17]         +1.70 [31]           95.8 [127]          8
[LAYER-HEALTH]     blocks.2.bn2    silu          128    n/a    n/a    n/a      0      0     -1.53 [85]         +0.10 [105]           3.8 [122]          0
[LAYER-HEALTH]     tower_final_bn  silu          128    n/a    n/a    n/a      0      0     -0.64 [83]         +1.11 [101]          16.6 [127]          1
[LAYER-HEALTH]     policy.pre_bn   silu          128    n/a    n/a    n/a      0      0     -1.17 [47]         +2.16 [22]            4.2 [88]           0
[LAYER-HEALTH]     value.bn        silu           16    n/a    n/a    n/a      0      0     -1.17 [8]          +0.85 [6]             2.2 [6]            0
[LAYER-HEALTH]   parked channels — every activation: pass-through P = E|f'(γz+β)|, z ~ N(0,1); parked when P above its floor < 0.00135 of the range (Φ(-3)), mostly off < 0.02275 (Φ(-2)); equals dead / off for relu/leaky_relu
[LAYER-HEALTH]     site            act            ch parked    off       min P   median P
[LAYER-HEALTH]     blocks.0.bn1    silu          128      0      0    0.261914   0.430077
[LAYER-HEALTH]     blocks.0.bn2    silu          128      0      0    0.148445   0.337483
[LAYER-HEALTH]     blocks.1.bn1    silu          128      0      0    0.160191   0.297923
[LAYER-HEALTH]     blocks.1.bn2    silu          128      0      0    0.137395   0.267846
[LAYER-HEALTH]     blocks.2.bn1    silu          128      0      0    0.077003   0.258980
[LAYER-HEALTH]     blocks.2.bn2    silu          128      0      0    0.134494   0.315187
[LAYER-HEALTH]     tower_final_bn  silu          128      0      0    0.313174   0.521529
[LAYER-HEALTH]     policy.pre_bn   silu          128      0      0    0.211173   0.543929
[LAYER-HEALTH]     value.bn        silu           16      0      0    0.184755   0.300392
[LAYER-HEALTH]   FC hidden-unit velocity — zero: every weight-velocity entry exactly 0; low: nonzero but < 5% of the layer's p90 unit norm
[LAYER-HEALTH]     value.fc1.weight  silu  units 128  zero 0  low 0  median unit norm 0.008252
[LAYER-HEALTH]     (no SE blocks)
[LAYER-HEALTH]   ReZero: none
[LAYER-HEALTH]   non-finite: 0 values in 0 of 102 tensors (10263038 values examined)
[LAYER-HEALTH]   largest |value|: blocks.2.bn1.running_var 28.01, blocks.1.bn1.running_var 25.28, blocks.1.bn2.running_var 21.74, blocks.0.bn2.running_var 12.51, tower_final_bn.running_var 8.583
[REPLAY] enumerated checkpoint -> 20261008-lrBsiluall-relcap-replay-step35000.safetensors
[REPLAY] step=35080 loss=3.5034 pLoss=2.6941 vLoss=0.8079 pEnt=2.847 pIllM=0.0014 playedP=0.178 pW=0.47 pD=0.07 pL=0.46 vAbs=0.237 pLogitMean=-9.2096 vLogitMean=0.5842 gNorm=0.229 lr=0.00172 ms=3590.6 buf=500000 plies=299579159 games=4520469 rejected=0 skipped=0 epoch=0 mom=0.9419 lrCyc[pk=9.7e-01,tr=9.8e-04] gNormMax=0.2472 clips=0 gCap=0.6973 trainerStep=35080
[LAYER-HEALTH] live trainerStep=35080 scope=batch_norm_state_only reluSites=0/10 dead=n/a off=n/a alwaysOn=n/a (no relu/leaky_relu BN sites) rvMaxOverMedian=95.7@blocks.2.bn1[127] rvOver10xMedian=18 rezero=none nonFinite=0 parkedSites=9/10 parkedCh=1040 parked=0 parkedOff=0 parkedBy=none
[REPLAY] step=35160 loss=3.5356 pLoss=2.7111 vLoss=0.8229 pEnt=2.858 pIllM=0.0016 playedP=0.177 pW=0.47 pD=0.07 pL=0.46 vAbs=0.235 pLogitMean=-9.2119 vLogitMean=0.5832 gNorm=0.234 lr=0.00157 ms=3185.8 buf=500000 plies=300261868 games=4530731 rejected=0 skipped=0 epoch=0 mom=0.9432 lrCyc[pk=9.7e-01,tr=9.8e-04] gNormMax=0.2631 clips=0 gCap=0.6971 trainerStep=35160
[LAYER-HEALTH] live trainerStep=35160 scope=batch_norm_state_only reluSites=0/10 dead=n/a off=n/a alwaysOn=n/a (no relu/leaky_relu BN sites) rvMaxOverMedian=95.8@blocks.2.bn1[127] rvOver10xMedian=18 rezero=none nonFinite=0 parkedSites=9/10 parkedCh=1040 parked=0 parkedOff=0 parkedBy=none
[REPLAY] step=35240 loss=3.5271 pLoss=2.7184 vLoss=0.8074 pEnt=2.864 pIllM=0.0014 playedP=0.179 pW=0.47 pD=0.07 pL=0.46 vAbs=0.241 pLogitMean=-9.2150 vLogitMean=0.5840 gNorm=0.227 lr=0.00145 ms=3580.4 buf=500000 plies=300944468 games=4541016 rejected=0 skipped=0 epoch=0 mom=0.9444 lrCyc[pk=9.7e-01,tr=9.8e-04] gNormMax=0.2594 clips=0 gCap=0.6970 trainerStep=35240
[LAYER-HEALTH] live trainerStep=35240 scope=batch_norm_state_only reluSites=0/10 dead=n/a off=n/a alwaysOn=n/a (no relu/leaky_relu BN sites) rvMaxOverMedian=95.8@blocks.2.bn1[127] rvOver10xMedian=18 rezero=none nonFinite=0 parkedSites=9/10 parkedCh=1040 parked=0 parkedOff=0 parkedBy=none
[REPLAY] step=35310 loss=3.5093 pLoss=2.7015 vLoss=0.8063 pEnt=2.860 pIllM=0.0014 playedP=0.181 pW=0.47 pD=0.07 pL=0.47 vAbs=0.243 pLogitMean=-9.2136 vLogitMean=0.5837 gNorm=0.234 lr=0.00135 ms=2621.0 buf=500000 plies=301541791 games=4550045 rejected=0 skipped=0 epoch=0 mom=0.9454 lrCyc[pk=9.7e-01,tr=9.8e-04] gNormMax=0.2549 clips=0 gCap=0.6970 trainerStep=35310
[LAYER-HEALTH] live trainerStep=35310 scope=batch_norm_state_only reluSites=0/10 dead=n/a off=n/a alwaysOn=n/a (no relu/leaky_relu BN sites) rvMaxOverMedian=95.7@blocks.2.bn1[127] rvOver10xMedian=18 rezero=none nonFinite=0 parkedSites=9/10 parkedCh=1040 parked=0 parkedOff=0 parkedBy=none
[REPLAY] step=35390 loss=3.4670 pLoss=2.6821 vLoss=0.7836 pEnt=2.848 pIllM=0.0013 playedP=0.179 pW=0.47 pD=0.07 pL=0.46 vAbs=0.247 pLogitMean=-9.2133 vLogitMean=0.5825 gNorm=0.223 lr=0.00126 ms=3080.4 buf=500000 plies=302224413 games=4560343 rejected=0 skipped=0 epoch=0 mom=0.9464 lrCyc[pk=9.7e-01,tr=9.8e-04] gNormMax=0.2574 clips=0 gCap=0.6964 trainerStep=35390
[LAYER-HEALTH] live trainerStep=35390 scope=batch_norm_state_only reluSites=0/10 dead=n/a off=n/a alwaysOn=n/a (no relu/leaky_relu BN sites) rvMaxOverMedian=95.7@blocks.2.bn1[127] rvOver10xMedian=18 rezero=none nonFinite=0 parkedSites=9/10 parkedCh=1040 parked=0 parkedOff=0 parkedBy=none
[REPLAY] step=35470 loss=3.4622 pLoss=2.6687 vLoss=0.7921 pEnt=2.839 pIllM=0.0014 playedP=0.182 pW=0.47 pD=0.07 pL=0.46 vAbs=0.244 pLogitMean=-9.2129 vLogitMean=0.5838 gNorm=0.229 lr=0.00119 ms=2722.3 buf=500000 plies=302907068 games=4570604 rejected=0 skipped=0 epoch=0 mom=0.9473 lrCyc[pk=9.7e-01,tr=9.8e-04] gNormMax=0.2574 clips=0 gCap=0.6963 trainerStep=35470
[LAYER-HEALTH] live trainerStep=35470 scope=batch_norm_state_only reluSites=0/10 dead=n/a off=n/a alwaysOn=n/a (no relu/leaky_relu BN sites) rvMaxOverMedian=95.7@blocks.2.bn1[127] rvOver10xMedian=18 rezero=none nonFinite=0 parkedSites=9/10 parkedCh=1040 parked=0 parkedOff=0 parkedBy=none
[REPLAY] step=35550 loss=3.5285 pLoss=2.7114 vLoss=0.8157 pEnt=2.869 pIllM=0.0014 playedP=0.175 pW=0.47 pD=0.07 pL=0.46 vAbs=0.237 pLogitMean=-9.2130 vLogitMean=0.5832 gNorm=0.227 lr=0.00113 ms=2778.0 buf=500000 plies=303589755 games=4580950 rejected=0 skipped=0 epoch=0 mom=0.9480 lrCyc[pk=9.7e-01,tr=9.8e-04] gNormMax=0.2558 clips=0 gCap=0.6972 trainerStep=35550
[LAYER-HEALTH] live trainerStep=35550 scope=batch_norm_state_only reluSites=0/10 dead=n/a off=n/a alwaysOn=n/a (no relu/leaky_relu BN sites) rvMaxOverMedian=95.9@blocks.2.bn1[127] rvOver10xMedian=18 rezero=none nonFinite=0 parkedSites=9/10 parkedCh=1040 parked=0 parkedOff=0 parkedBy=none
[REPLAY] step=35630 loss=3.5043 pLoss=2.7012 vLoss=0.8014 pEnt=2.853 pIllM=0.0017 playedP=0.179 pW=0.47 pD=0.07 pL=0.46 vAbs=0.242 pLogitMean=-9.2143 vLogitMean=0.5842 gNorm=0.223 lr=0.00108 ms=2588.8 buf=500000 plies=304272385 games=4591182 rejected=0 skipped=0 epoch=0 mom=0.9487 lrCyc[pk=9.7e-01,tr=9.8e-04] gNormMax=0.2546 clips=0 gCap=0.6958 trainerStep=35630
[LAYER-HEALTH] live trainerStep=35630 scope=batch_norm_state_only reluSites=0/10 dead=n/a off=n/a alwaysOn=n/a (no relu/leaky_relu BN sites) rvMaxOverMedian=96.0@blocks.2.bn1[127] rvOver10xMedian=18 rezero=none nonFinite=0 parkedSites=9/10 parkedCh=1040 parked=0 parkedOff=0 parkedBy=none
[REPLAY] step=35710 loss=3.4880 pLoss=2.6734 vLoss=0.8128 pEnt=2.840 pIllM=0.0018 playedP=0.184 pW=0.47 pD=0.07 pL=0.46 vAbs=0.244 pLogitMean=-9.2133 vLogitMean=0.5838 gNorm=0.226 lr=0.00104 ms=2786.7 buf=500000 plies=304955011 games=4601395 rejected=0 skipped=0 epoch=0 mom=0.9492 lrCyc[pk=9.7e-01,tr=9.8e-04] gNormMax=0.2530 clips=0 gCap=0.6947 trainerStep=35710
[LAYER-HEALTH] live trainerStep=35710 scope=batch_norm_state_only reluSites=0/10 dead=n/a off=n/a alwaysOn=n/a (no relu/leaky_relu BN sites) rvMaxOverMedian=96.0@blocks.2.bn1[127] rvOver10xMedian=18 rezero=none nonFinite=0 parkedSites=9/10 parkedCh=1040 parked=0 parkedOff=0 parkedBy=none
[REPLAY] step=35790 loss=3.5162 pLoss=2.7082 vLoss=0.8061 pEnt=2.854 pIllM=0.0018 playedP=0.177 pW=0.47 pD=0.07 pL=0.46 vAbs=0.238 pLogitMean=-9.2150 vLogitMean=0.5852 gNorm=0.228 lr=0.00101 ms=2799.3 buf=500000 plies=305637613 games=4611643 rejected=0 skipped=0 epoch=0 mom=0.9496 lrCyc[pk=9.7e-01,tr=9.8e-04] gNormMax=0.2462 clips=0 gCap=0.6951 trainerStep=35790
[LAYER-HEALTH] live trainerStep=35790 scope=batch_norm_state_only reluSites=0/10 dead=n/a off=n/a alwaysOn=n/a (no relu/leaky_relu BN sites) rvMaxOverMedian=96.2@blocks.2.bn1[127] rvOver10xMedian=18 rezero=none nonFinite=0 parkedSites=9/10 parkedCh=1040 parked=0 parkedOff=0 parkedBy=none
[REPLAY] step=35870 loss=3.4917 pLoss=2.6800 vLoss=0.8102 pEnt=2.853 pIllM=0.0015 playedP=0.182 pW=0.47 pD=0.07 pL=0.46 vAbs=0.239 pLogitMean=-9.2137 vLogitMean=0.5832 gNorm=0.242 lr=0.000995 ms=3291.9 buf=500000 plies=306320255 games=4621986 rejected=0 skipped=0 epoch=0 mom=0.9498 lrCyc[pk=9.7e-01,tr=9.8e-04] gNormMax=0.2511 clips=0 gCap=0.6946 trainerStep=35870
[LAYER-HEALTH] live trainerStep=35870 scope=batch_norm_state_only reluSites=0/10 dead=n/a off=n/a alwaysOn=n/a (no relu/leaky_relu BN sites) rvMaxOverMedian=96.3@blocks.2.bn1[127] rvOver10xMedian=18 rezero=none nonFinite=0 parkedSites=9/10 parkedCh=1040 parked=0 parkedOff=0 parkedBy=none
[REPLAY] step=35950 loss=3.5191 pLoss=2.7159 vLoss=0.8018 pEnt=2.861 pIllM=0.0014 playedP=0.177 pW=0.47 pD=0.07 pL=0.46 vAbs=0.238 pLogitMean=-9.2143 vLogitMean=0.5831 gNorm=0.229 lr=0.000986 ms=3104.5 buf=500000 plies=307002906 games=4632298 rejected=0 skipped=0 epoch=0 mom=0.9500 lrCyc[pk=9.7e-01,tr=9.8e-04] gNormMax=0.2485 clips=0 gCap=0.6944 trainerStep=35950
[LAYER-HEALTH] live trainerStep=35950 scope=batch_norm_state_only reluSites=0/10 dead=n/a off=n/a alwaysOn=n/a (no relu/leaky_relu BN sites) rvMaxOverMedian=96.3@blocks.2.bn1[127] rvOver10xMedian=18 rezero=none nonFinite=0 parkedSites=9/10 parkedCh=1040 parked=0 parkedOff=0 parkedBy=none
[REPLAY] step=36000 loss=3.4910 pLoss=2.6866 vLoss=0.8029 pEnt=2.852 pIllM=0.0015 playedP=0.180 pW=0.47 pD=0.06 pL=0.47 vAbs=0.241 pLogitMean=-9.2147 vLogitMean=0.5828 gNorm=0.227 lr=0.000984 ms=3203.0 buf=500000 plies=307429526 games=4638717 rejected=0 skipped=0 epoch=0 mom=0.9500 lrCyc[pk=9.7e-01,tr=9.8e-04] gNormMax=0.2530 clips=0 gCap=0.6939 trainerStep=36000
[LAYER-HEALTH] live trainerStep=36000 scope=batch_norm_state_only reluSites=0/10 dead=n/a off=n/a alwaysOn=n/a (no relu/leaky_relu BN sites) rvMaxOverMedian=96.3@blocks.2.bn1[127] rvOver10xMedian=18 rezero=none nonFinite=0 parkedSites=9/10 parkedCh=1040 parked=0 parkedOff=0 parkedBy=none
[ALARM] health active rule=policy_offset_drift severity=warning since=1150 trainerStep=36000 value=medianAbs=9.2147
[HEALTH] check trainerStep=36000 generation=0 evaluations=21 live=20 checkpoint=1 stale=0 truncated=0 cost_ms=7.2 train_ms=2351192.1 liveReadFailed=0 lossMaxRatio=1.02 lossMedianRatio=1.00 gradMaxRatio=1.13 rvRiseMax=1.02 rvOutliers=18/18 nodata=none active=policy_offset_drift:warning
[REPLAY] saved trainer model (autosave) step=36000 trainerStep=36000 nextGame=4638717 shard=10 epoch=0 -> 20261008-lrBsiluall-relcap-replay-latest.safetensors
[LAYER-HEALTH] checkpoint replay-autosave step=36000 trainerStep=36000 scope=all_tensors reluSites=0/10 dead=n/a off=n/a alwaysOn=n/a (no relu/leaky_relu BN sites) rvMaxOverMedian=96.3@blocks.2.bn1[127] rvOver10xMedian=18 rezero=none nonFinite=0 parkedSites=9/10 parkedCh=1040 parked=0 parkedOff=0 parkedBy=none seZeroVel=none valueFC1ZeroVel=0/128 maxAbs=28.08@blocks.2.bn1.running_var
[LAYER-HEALTH]   batch-norm sites — β/|γ|: dead < -3.00, mostly off < -2.00, always on > +3.00; classified for relu/leaky_relu only
[LAYER-HEALTH]     site            act            ch   dead    off     on  zeroγ nonfin  min β/|γ| [ch]     max β/|γ| [ch]     rv max/median [ch]  rv≥10x
[LAYER-HEALTH]     stem.bn         -             128    n/a    n/a    n/a      0      0     -0.93 [97]         +0.64 [51]            4.6 [68]           0
[LAYER-HEALTH]     blocks.0.bn1    silu          128    n/a    n/a    n/a      0      0     -0.88 [21]         +0.33 [64]            5.7 [43]           0
[LAYER-HEALTH]     blocks.0.bn2    silu          128    n/a    n/a    n/a      0      0     -1.33 [109]       +15.32 [49]            5.5 [96]           0
[LAYER-HEALTH]     blocks.1.bn1    silu          128    n/a    n/a    n/a      0      0     -1.37 [35]         -0.05 [31]           78.8 [127]          8
[LAYER-HEALTH]     blocks.1.bn2    silu          128    n/a    n/a    n/a      0      0     -1.48 [22]         -0.17 [101]          13.3 [32]           1
[LAYER-HEALTH]     blocks.2.bn1    silu          128    n/a    n/a    n/a      0      0     -1.97 [17]         +1.70 [31]           96.3 [127]          8
[LAYER-HEALTH]     blocks.2.bn2    silu          128    n/a    n/a    n/a      0      0     -1.53 [85]         +0.10 [105]           3.8 [122]          0
[LAYER-HEALTH]     tower_final_bn  silu          128    n/a    n/a    n/a      0      0     -0.64 [83]         +1.11 [101]          16.6 [127]          1
[LAYER-HEALTH]     policy.pre_bn   silu          128    n/a    n/a    n/a      0      0     -1.17 [47]         +2.16 [22]            4.2 [88]           0
[LAYER-HEALTH]     value.bn        silu           16    n/a    n/a    n/a      0      0     -1.17 [8]          +0.85 [6]             2.2 [6]            0
[LAYER-HEALTH]   parked channels — every activation: pass-through P = E|f'(γz+β)|, z ~ N(0,1); parked when P above its floor < 0.00135 of the range (Φ(-3)), mostly off < 0.02275 (Φ(-2)); equals dead / off for relu/leaky_relu
[LAYER-HEALTH]     site            act            ch parked    off       min P   median P
[LAYER-HEALTH]     blocks.0.bn1    silu          128      0      0    0.261896   0.429982
[LAYER-HEALTH]     blocks.0.bn2    silu          128      0      0    0.148495   0.337489
[LAYER-HEALTH]     blocks.1.bn1    silu          128      0      0    0.160016   0.297751
[LAYER-HEALTH]     blocks.1.bn2    silu          128      0      0    0.137419   0.267871
[LAYER-HEALTH]     blocks.2.bn1    silu          128      0      0    0.076905   0.258987
[LAYER-HEALTH]     blocks.2.bn2    silu          128      0      0    0.134514   0.315387
[LAYER-HEALTH]     tower_final_bn  silu          128      0      0    0.313117   0.521591
[LAYER-HEALTH]     policy.pre_bn   silu          128      0      0    0.211192   0.544010
[LAYER-HEALTH]     value.bn        silu           16      0      0    0.184447   0.300005
[LAYER-HEALTH]   FC hidden-unit velocity — zero: every weight-velocity entry exactly 0; low: nonzero but < 5% of the layer's p90 unit norm
[LAYER-HEALTH]     value.fc1.weight  silu  units 128  zero 0  low 0  median unit norm 0.00943
[LAYER-HEALTH]     (no SE blocks)
[LAYER-HEALTH]   ReZero: none
[LAYER-HEALTH]   non-finite: 0 values in 0 of 102 tensors (10263038 values examined)
[LAYER-HEALTH]   largest |value|: blocks.2.bn1.running_var 28.08, blocks.1.bn1.running_var 25.37, blocks.1.bn2.running_var 21.82, blocks.0.bn2.running_var 12.87, tower_final_bn.running_var 8.598
[REPLAY] enumerated checkpoint -> 20261008-lrBsiluall-relcap-replay-step36000.safetensors
[REPLAY] step=36080 loss=3.5347 pLoss=2.7249 vLoss=0.8085 pEnt=2.857 pIllM=0.0013 playedP=0.176 pW=0.47 pD=0.07 pL=0.46 vAbs=0.247 pLogitMean=-9.2146 vLogitMean=0.5824 gNorm=0.249 lr=0.000988 ms=3053.5 buf=500000 plies=308112216 games=4649078 rejected=0 skipped=0 epoch=0 mom=0.9499 lrCyc[pk=9.7e-01,tr=9.8e-04] gNormMax=0.2849 clips=0 gCap=0.6939 trainerStep=36080
[LAYER-HEALTH] live trainerStep=36080 scope=batch_norm_state_only reluSites=0/10 dead=n/a off=n/a alwaysOn=n/a (no relu/leaky_relu BN sites) rvMaxOverMedian=96.3@blocks.2.bn1[127] rvOver10xMedian=18 rezero=none nonFinite=0 parkedSites=9/10 parkedCh=1040 parked=0 parkedOff=0 parkedBy=none
[REPLAY] step=36160 loss=3.5307 pLoss=2.7233 vLoss=0.8060 pEnt=2.870 pIllM=0.0014 playedP=0.175 pW=0.47 pD=0.07 pL=0.46 vAbs=0.240 pLogitMean=-9.2155 vLogitMean=0.5840 gNorm=0.232 lr=0.001 ms=2240.8 buf=500000 plies=308794817 games=4659380 rejected=0 skipped=0 epoch=0 mom=0.9497 lrCyc[pk=9.7e-01,tr=9.8e-04] gNormMax=0.2644 clips=0 gCap=0.6945 trainerStep=36160
[LAYER-HEALTH] live trainerStep=36160 scope=batch_norm_state_only reluSites=0/10 dead=n/a off=n/a alwaysOn=n/a (no relu/leaky_relu BN sites) rvMaxOverMedian=96.1@blocks.2.bn1[127] rvOver10xMedian=18 rezero=none nonFinite=0 parkedSites=9/10 parkedCh=1040 parked=0 parkedOff=0 parkedBy=none
[REPLAY] step=36240 loss=3.5235 pLoss=2.7144 vLoss=0.8079 pEnt=2.857 pIllM=0.0012 playedP=0.182 pW=0.47 pD=0.07 pL=0.46 vAbs=0.236 pLogitMean=-9.2161 vLogitMean=0.5839 gNorm=0.230 lr=0.00102 ms=2871.6 buf=500000 plies=309477463 games=4669737 rejected=0 skipped=0 epoch=0 mom=0.9494 lrCyc[pk=9.7e-01,tr=9.8e-04] gNormMax=0.2513 clips=0 gCap=0.6944 trainerStep=36240
[LAYER-HEALTH] live trainerStep=36240 scope=batch_norm_state_only reluSites=0/10 dead=n/a off=n/a alwaysOn=n/a (no relu/leaky_relu BN sites) rvMaxOverMedian=95.9@blocks.2.bn1[127] rvOver10xMedian=18 rezero=none nonFinite=0 parkedSites=9/10 parkedCh=1040 parked=0 parkedOff=0 parkedBy=none
[REPLAY] step=36320 loss=3.5104 pLoss=2.7004 vLoss=0.8087 pEnt=2.849 pIllM=0.0014 playedP=0.180 pW=0.47 pD=0.07 pL=0.46 vAbs=0.240 pLogitMean=-9.2137 vLogitMean=0.5843 gNorm=0.221 lr=0.00105 ms=3179.2 buf=500000 plies=310160103 games=4680105 rejected=0 skipped=0 epoch=0 mom=0.9490 lrCyc[pk=9.7e-01,tr=9.8e-04] gNormMax=0.2490 clips=0 gCap=0.6938 trainerStep=36320
[LAYER-HEALTH] live trainerStep=36320 scope=batch_norm_state_only reluSites=0/10 dead=n/a off=n/a alwaysOn=n/a (no relu/leaky_relu BN sites) rvMaxOverMedian=96.1@blocks.2.bn1[127] rvOver10xMedian=18 rezero=none nonFinite=0 parkedSites=9/10 parkedCh=1040 parked=0 parkedOff=0 parkedBy=none
[REPLAY] step=36400 loss=3.4868 pLoss=2.6803 vLoss=0.8050 pEnt=2.848 pIllM=0.0015 playedP=0.181 pW=0.47 pD=0.07 pL=0.46 vAbs=0.234 pLogitMean=-9.2152 vLogitMean=0.5828 gNorm=0.238 lr=0.0011 ms=2884.9 buf=500000 plies=310842733 games=4690449 rejected=0 skipped=0 epoch=0 mom=0.9484 lrCyc[pk=9.7e-01,tr=9.8e-04] gNormMax=0.2504 clips=0 gCap=0.6942 trainerStep=36400
[LAYER-HEALTH] live trainerStep=36400 scope=batch_norm_state_only reluSites=0/10 dead=n/a off=n/a alwaysOn=n/a (no relu/leaky_relu BN sites) rvMaxOverMedian=96.2@blocks.2.bn1[127] rvOver10xMedian=18 rezero=none nonFinite=0 parkedSites=9/10 parkedCh=1040 parked=0 parkedOff=0 parkedBy=none
[REPLAY] step=36480 loss=3.4746 pLoss=2.6767 vLoss=0.7965 pEnt=2.859 pIllM=0.0014 playedP=0.182 pW=0.47 pD=0.07 pL=0.47 vAbs=0.248 pLogitMean=-9.2151 vLogitMean=0.5838 gNorm=0.250 lr=0.00115 ms=2734.9 buf=500000 plies=311525409 games=4700784 rejected=0 skipped=0 epoch=0 mom=0.9477 lrCyc[pk=9.7e-01,tr=9.8e-04] gNormMax=0.2503 clips=0 gCap=0.6942 trainerStep=36480
[LAYER-HEALTH] live trainerStep=36480 scope=batch_norm_state_only reluSites=0/10 dead=n/a off=n/a alwaysOn=n/a (no relu/leaky_relu BN sites) rvMaxOverMedian=96.2@blocks.2.bn1[127] rvOver10xMedian=18 rezero=none nonFinite=0 parkedSites=9/10 parkedCh=1040 parked=0 parkedOff=0 parkedBy=none
[REPLAY] step=36560 loss=3.4985 pLoss=2.6879 vLoss=0.8090 pEnt=2.832 pIllM=0.0015 playedP=0.187 pW=0.47 pD=0.06 pL=0.46 vAbs=0.245 pLogitMean=-9.2172 vLogitMean=0.5823 gNorm=0.226 lr=0.00121 ms=3323.4 buf=500000 plies=312208004 games=4711024 rejected=0 skipped=0 epoch=0 mom=0.9469 lrCyc[pk=9.7e-01,tr=9.8e-04] gNormMax=0.2446 clips=0 gCap=0.6937 trainerStep=36560
[LAYER-HEALTH] live trainerStep=36560 scope=batch_norm_state_only reluSites=0/10 dead=n/a off=n/a alwaysOn=n/a (no relu/leaky_relu BN sites) rvMaxOverMedian=96.3@blocks.2.bn1[127] rvOver10xMedian=18 rezero=none nonFinite=0 parkedSites=9/10 parkedCh=1040 parked=0 parkedOff=0 parkedBy=none
[REPLAY] step=36630 loss=3.4760 pLoss=2.6683 vLoss=0.8061 pEnt=2.854 pIllM=0.0016 playedP=0.180 pW=0.47 pD=0.07 pL=0.47 vAbs=0.242 pLogitMean=-9.2167 vLogitMean=0.5825 gNorm=0.237 lr=0.00128 ms=2774.3 buf=500000 plies=312805315 games=4720003 rejected=0 skipped=0 epoch=0 mom=0.9461 lrCyc[pk=9.7e-01,tr=9.8e-04] gNormMax=0.2439 clips=0 gCap=0.6944 trainerStep=36630
[LAYER-HEALTH] live trainerStep=36630 scope=batch_norm_state_only reluSites=0/10 dead=n/a off=n/a alwaysOn=n/a (no relu/leaky_relu BN sites) rvMaxOverMedian=96.3@blocks.2.bn1[127] rvOver10xMedian=18 rezero=none nonFinite=0 parkedSites=9/10 parkedCh=1040 parked=0 parkedOff=0 parkedBy=none
[REPLAY] step=36710 loss=3.4860 pLoss=2.6844 vLoss=0.8002 pEnt=2.844 pIllM=0.0014 playedP=0.182 pW=0.47 pD=0.07 pL=0.46 vAbs=0.245 pLogitMean=-9.2156 vLogitMean=0.5812 gNorm=0.237 lr=0.00138 ms=3107.3 buf=500000 plies=313488060 games=4730243 rejected=0 skipped=0 epoch=0 mom=0.9451 lrCyc[pk=9.7e-01,tr=9.8e-04] gNormMax=0.2599 clips=0 gCap=0.6953 trainerStep=36710
[LAYER-HEALTH] live trainerStep=36710 scope=batch_norm_state_only reluSites=0/10 dead=n/a off=n/a alwaysOn=n/a (no relu/leaky_relu BN sites) rvMaxOverMedian=96.3@blocks.2.bn1[127] rvOver10xMedian=18 rezero=none nonFinite=0 parkedSites=9/10 parkedCh=1040 parked=0 parkedOff=0 parkedBy=none
[REPLAY] step=36790 loss=3.5000 pLoss=2.6960 vLoss=0.8026 pEnt=2.855 pIllM=0.0014 playedP=0.181 pW=0.47 pD=0.07 pL=0.46 vAbs=0.239 pLogitMean=-9.2168 vLogitMean=0.5840 gNorm=0.220 lr=0.00149 ms=2621.4 buf=500000 plies=314170659 games=4740594 rejected=0 skipped=0 epoch=0 mom=0.9440 lrCyc[pk=9.7e-01,tr=9.8e-04] gNormMax=0.2672 clips=0 gCap=0.6953 trainerStep=36790
[LAYER-HEALTH] live trainerStep=36790 scope=batch_norm_state_only reluSites=0/10 dead=n/a off=n/a alwaysOn=n/a (no relu/leaky_relu BN sites) rvMaxOverMedian=96.2@blocks.2.bn1[127] rvOver10xMedian=18 rezero=none nonFinite=0 parkedSites=9/10 parkedCh=1040 parked=0 parkedOff=0 parkedBy=none
[REPLAY] step=36870 loss=3.5105 pLoss=2.7200 vLoss=0.7891 pEnt=2.859 pIllM=0.0014 playedP=0.178 pW=0.47 pD=0.07 pL=0.46 vAbs=0.248 pLogitMean=-9.2182 vLogitMean=0.5838 gNorm=0.229 lr=0.00163 ms=2865.2 buf=500000 plies=314853300 games=4750887 rejected=0 skipped=0 epoch=0 mom=0.9427 lrCyc[pk=9.7e-01,tr=9.8e-04] gNormMax=0.2554 clips=0 gCap=0.6958 trainerStep=36870
[LAYER-HEALTH] live trainerStep=36870 scope=batch_norm_state_only reluSites=0/10 dead=n/a off=n/a alwaysOn=n/a (no relu/leaky_relu BN sites) rvMaxOverMedian=96.0@blocks.2.bn1[127] rvOver10xMedian=18 rezero=none nonFinite=0 parkedSites=9/10 parkedCh=1040 parked=0 parkedOff=0 parkedBy=none
[REPLAY] step=36950 loss=3.5026 pLoss=2.6856 vLoss=0.8154 pEnt=2.846 pIllM=0.0016 playedP=0.184 pW=0.47 pD=0.07 pL=0.46 vAbs=0.243 pLogitMean=-9.2177 vLogitMean=0.5827 gNorm=0.240 lr=0.00178 ms=2959.0 buf=500000 plies=315535873 games=4761099 rejected=0 skipped=0 epoch=0 mom=0.9414 lrCyc[pk=9.7e-01,tr=9.8e-04] gNormMax=0.2582 clips=0 gCap=0.6964 trainerStep=36950
[LAYER-HEALTH] live trainerStep=36950 scope=batch_norm_state_only reluSites=0/10 dead=n/a off=n/a alwaysOn=n/a (no relu/leaky_relu BN sites) rvMaxOverMedian=95.9@blocks.2.bn1[127] rvOver10xMedian=18 rezero=none nonFinite=0 parkedSites=9/10 parkedCh=1040 parked=0 parkedOff=0 parkedBy=none
[REPLAY] step=37000 loss=3.5214 pLoss=2.7117 vLoss=0.8082 pEnt=2.863 pIllM=0.0014 playedP=0.178 pW=0.47 pD=0.07 pL=0.46 vAbs=0.236 pLogitMean=-9.2183 vLogitMean=0.5816 gNorm=0.234 lr=0.0019 ms=2838.2 buf=500000 plies=315962569 games=4767621 rejected=0 skipped=0 epoch=0 mom=0.9405 lrCyc[pk=9.7e-01,tr=9.8e-04] gNormMax=0.2465 clips=0 gCap=0.6969 trainerStep=37000
[LAYER-HEALTH] live trainerStep=37000 scope=batch_norm_state_only reluSites=0/10 dead=n/a off=n/a alwaysOn=n/a (no relu/leaky_relu BN sites) rvMaxOverMedian=96.1@blocks.2.bn1[127] rvOver10xMedian=18 rezero=none nonFinite=0 parkedSites=9/10 parkedCh=1040 parked=0 parkedOff=0 parkedBy=none
[ALARM] health active rule=policy_offset_drift severity=warning since=1150 trainerStep=37000 value=medianAbs=9.2179
[HEALTH] check trainerStep=37000 generation=0 evaluations=21 live=20 checkpoint=1 stale=0 truncated=0 cost_ms=8.1 train_ms=2346510.4 liveReadFailed=0 lossMaxRatio=1.02 lossMedianRatio=1.00 gradMaxRatio=1.23 rvRiseMax=1.02 rvOutliers=18/18 nodata=none active=policy_offset_drift:warning
[REPLAY] saved trainer model (autosave) step=37000 trainerStep=37000 nextGame=4767621 shard=10 epoch=0 -> 20261008-lrBsiluall-relcap-replay-latest.safetensors
[LAYER-HEALTH] checkpoint replay-autosave step=37000 trainerStep=37000 scope=all_tensors reluSites=0/10 dead=n/a off=n/a alwaysOn=n/a (no relu/leaky_relu BN sites) rvMaxOverMedian=96.1@blocks.2.bn1[127] rvOver10xMedian=18 rezero=none nonFinite=0 parkedSites=9/10 parkedCh=1040 parked=0 parkedOff=0 parkedBy=none seZeroVel=none valueFC1ZeroVel=0/128 maxAbs=28.08@blocks.2.bn1.running_var
[LAYER-HEALTH]   batch-norm sites — β/|γ|: dead < -3.00, mostly off < -2.00, always on > +3.00; classified for relu/leaky_relu only
[LAYER-HEALTH]     site            act            ch   dead    off     on  zeroγ nonfin  min β/|γ| [ch]     max β/|γ| [ch]     rv max/median [ch]  rv≥10x
[LAYER-HEALTH]     stem.bn         -             128    n/a    n/a    n/a      0      0     -0.93 [97]         +0.64 [51]            4.5 [68]           0
[LAYER-HEALTH]     blocks.0.bn1    silu          128    n/a    n/a    n/a      0      0     -0.88 [21]         +0.33 [64]            5.7 [43]           0
[LAYER-HEALTH]     blocks.0.bn2    silu          128    n/a    n/a    n/a      0      0     -1.33 [109]       +14.99 [49]            5.4 [96]           0
[LAYER-HEALTH]     blocks.1.bn1    silu          128    n/a    n/a    n/a      0      0     -1.37 [35]         -0.05 [31]           78.7 [127]          8
[LAYER-HEALTH]     blocks.1.bn2    silu          128    n/a    n/a    n/a      0      0     -1.47 [30]         -0.17 [101]          13.3 [32]           1
[LAYER-HEALTH]     blocks.2.bn1    silu          128    n/a    n/a    n/a      0      0     -1.97 [17]         +1.70 [31]           96.1 [127]          8
[LAYER-HEALTH]     blocks.2.bn2    silu          128    n/a    n/a    n/a      0      0     -1.53 [85]         +0.10 [105]           3.8 [122]          0
[LAYER-HEALTH]     tower_final_bn  silu          128    n/a    n/a    n/a      0      0     -0.64 [83]         +1.11 [101]          16.7 [127]          1
[LAYER-HEALTH]     policy.pre_bn   silu          128    n/a    n/a    n/a      0      0     -1.17 [47]         +2.16 [22]            4.2 [88]           0
[LAYER-HEALTH]     value.bn        silu           16    n/a    n/a    n/a      0      0     -1.17 [8]          +0.85 [6]             2.2 [6]            0
[LAYER-HEALTH]   parked channels — every activation: pass-through P = E|f'(γz+β)|, z ~ N(0,1); parked when P above its floor < 0.00135 of the range (Φ(-3)), mostly off < 0.02275 (Φ(-2)); equals dead / off for relu/leaky_relu
[LAYER-HEALTH]     site            act            ch parked    off       min P   median P
[LAYER-HEALTH]     blocks.0.bn1    silu          128      0      0    0.261701   0.429919
[LAYER-HEALTH]     blocks.0.bn2    silu          128      0      0    0.148453   0.337481
[LAYER-HEALTH]     blocks.1.bn1    silu          128      0      0    0.160099   0.297697
[LAYER-HEALTH]     blocks.1.bn2    silu          128      0      0    0.137259   0.267830
[LAYER-HEALTH]     blocks.2.bn1    silu          128      0      0    0.076870   0.258955
[LAYER-HEALTH]     blocks.2.bn2    silu          128      0      0    0.134624   0.315530
[LAYER-HEALTH]     tower_final_bn  silu          128      0      0    0.313088   0.521654
[LAYER-HEALTH]     policy.pre_bn   silu          128      0      0    0.211635   0.544084
[LAYER-HEALTH]     value.bn        silu           16      0      0    0.184150   0.299978
[LAYER-HEALTH]   FC hidden-unit velocity — zero: every weight-velocity entry exactly 0; low: nonzero but < 5% of the layer's p90 unit norm
[LAYER-HEALTH]     value.fc1.weight  silu  units 128  zero 0  low 0  median unit norm 0.007693
[LAYER-HEALTH]     (no SE blocks)
[LAYER-HEALTH]   ReZero: none
[LAYER-HEALTH]   non-finite: 0 values in 0 of 102 tensors (10263038 values examined)
[LAYER-HEALTH]   largest |value|: blocks.2.bn1.running_var 28.08, blocks.1.bn1.running_var 25.38, blocks.1.bn2.running_var 21.74, blocks.0.bn2.running_var 12.45, tower_final_bn.running_var 8.603
[REPLAY] enumerated checkpoint -> 20261008-lrBsiluall-relcap-replay-step37000.safetensors
[REPLAY] step=37080 loss=3.4951 pLoss=2.7045 vLoss=0.7892 pEnt=2.861 pIllM=0.0015 playedP=0.175 pW=0.47 pD=0.07 pL=0.46 vAbs=0.244 pLogitMean=-9.2205 vLogitMean=0.5855 gNorm=0.229 lr=0.00211 ms=2949.0 buf=500000 plies=316645211 games=4777961 rejected=0 skipped=0 epoch=0 mom=0.9389 lrCyc[pk=9.7e-01,tr=9.8e-04] gNormMax=0.2514 clips=0 gCap=0.6975 trainerStep=37080
[LAYER-HEALTH] live trainerStep=37080 scope=batch_norm_state_only reluSites=0/10 dead=n/a off=n/a alwaysOn=n/a (no relu/leaky_relu BN sites) rvMaxOverMedian=96.4@blocks.2.bn1[127] rvOver10xMedian=18 rezero=none nonFinite=0 parkedSites=9/10 parkedCh=1040 parked=0 parkedOff=0 parkedBy=none
[REPLAY] step=37160 loss=3.5021 pLoss=2.6872 vLoss=0.8135 pEnt=2.852 pIllM=0.0013 playedP=0.179 pW=0.47 pD=0.06 pL=0.47 vAbs=0.246 pLogitMean=-9.2184 vLogitMean=0.5825 gNorm=0.238 lr=0.00236 ms=2738.8 buf=500000 plies=317327867 games=4788260 rejected=0 skipped=0 epoch=0 mom=0.9373 lrCyc[pk=9.7e-01,tr=9.8e-04] gNormMax=0.2536 clips=0 gCap=0.6975 trainerStep=37160
[LAYER-HEALTH] live trainerStep=37160 scope=batch_norm_state_only reluSites=0/10 dead=n/a off=n/a alwaysOn=n/a (no relu/leaky_relu BN sites) rvMaxOverMedian=96.6@blocks.2.bn1[127] rvOver10xMedian=18 rezero=none nonFinite=0 parkedSites=9/10 parkedCh=1040 parked=0 parkedOff=0 parkedBy=none
[REPLAY] step=37240 loss=3.5516 pLoss=2.7435 vLoss=0.8068 pEnt=2.866 pIllM=0.0013 playedP=0.172 pW=0.47 pD=0.06 pL=0.46 vAbs=0.240 pLogitMean=-9.2227 vLogitMean=0.5845 gNorm=0.228 lr=0.00266 ms=3102.7 buf=500000 plies=318010523 games=4798515 rejected=0 skipped=0 epoch=0 mom=0.9356 lrCyc[pk=9.7e-01,tr=9.8e-04] gNormMax=0.2472 clips=0 gCap=0.6977 trainerStep=37240
[LAYER-HEALTH] live trainerStep=37240 scope=batch_norm_state_only reluSites=0/10 dead=n/a off=n/a alwaysOn=n/a (no relu/leaky_relu BN sites) rvMaxOverMedian=96.5@blocks.2.bn1[127] rvOver10xMedian=18 rezero=none nonFinite=0 parkedSites=9/10 parkedCh=1040 parked=0 parkedOff=0 parkedBy=none
[REPLAY] step=37320 loss=3.5276 pLoss=2.7242 vLoss=0.8019 pEnt=2.859 pIllM=0.0015 playedP=0.177 pW=0.47 pD=0.07 pL=0.46 vAbs=0.240 pLogitMean=-9.2215 vLogitMean=0.5842 gNorm=0.238 lr=0.00301 ms=3115.8 buf=500000 plies=318693155 games=4808775 rejected=0 skipped=0 epoch=0 mom=0.9338 lrCyc[pk=9.7e-01,tr=9.8e-04] gNormMax=0.2466 clips=0 gCap=0.6978 trainerStep=37320
[LAYER-HEALTH] live trainerStep=37320 scope=batch_norm_state_only reluSites=0/10 dead=n/a off=n/a alwaysOn=n/a (no relu/leaky_relu BN sites) rvMaxOverMedian=96.7@blocks.2.bn1[127] rvOver10xMedian=18 rezero=none nonFinite=0 parkedSites=9/10 parkedCh=1040 parked=0 parkedOff=0 parkedBy=none
[REPLAY] step=37400 loss=3.5358 pLoss=2.7189 vLoss=0.8156 pEnt=2.864 pIllM=0.0013 playedP=0.177 pW=0.47 pD=0.07 pL=0.46 vAbs=0.233 pLogitMean=-9.2239 vLogitMean=0.5834 gNorm=0.224 lr=0.00343 ms=3137.7 buf=500000 plies=319375734 games=4819068 rejected=0 skipped=0 epoch=0 mom=0.9319 lrCyc[pk=9.7e-01,tr=9.8e-04] gNormMax=0.2508 clips=0 gCap=0.6979 trainerStep=37400
[LAYER-HEALTH] live trainerStep=37400 scope=batch_norm_state_only reluSites=0/10 dead=n/a off=n/a alwaysOn=n/a (no relu/leaky_relu BN sites) rvMaxOverMedian=97.0@blocks.2.bn1[127] rvOver10xMedian=18 rezero=none nonFinite=0 parkedSites=9/10 parkedCh=1040 parked=0 parkedOff=0 parkedBy=none
[REPLAY] step=37480 loss=3.5106 pLoss=2.6962 vLoss=0.8133 pEnt=2.869 pIllM=0.0011 playedP=0.176 pW=0.47 pD=0.07 pL=0.46 vAbs=0.228 pLogitMean=-9.2238 vLogitMean=0.5833 gNorm=0.242 lr=0.00393 ms=2505.2 buf=500000 plies=320058408 games=4829296 rejected=0 skipped=0 epoch=0 mom=0.9299 lrCyc[pk=9.7e-01,tr=9.8e-04] gNormMax=0.2772 clips=0 gCap=0.6973 trainerStep=37480
[LAYER-HEALTH] live trainerStep=37480 scope=batch_norm_state_only reluSites=0/10 dead=n/a off=n/a alwaysOn=n/a (no relu/leaky_relu BN sites) rvMaxOverMedian=97.2@blocks.2.bn1[127] rvOver10xMedian=18 rezero=none nonFinite=0 parkedSites=9/10 parkedCh=1040 parked=0 parkedOff=0 parkedBy=none
[REPLAY] step=37560 loss=3.5431 pLoss=2.7261 vLoss=0.8153 pEnt=2.850 pIllM=0.0017 playedP=0.181 pW=0.47 pD=0.07 pL=0.46 vAbs=0.225 pLogitMean=-9.2212 vLogitMean=0.5849 gNorm=0.228 lr=0.00453 ms=2814.9 buf=500000 plies=320741070 games=4839615 rejected=0 skipped=0 epoch=0 mom=0.9279 lrCyc[pk=9.7e-01,tr=9.8e-04] gNormMax=0.3403 clips=0 gCap=0.6975 trainerStep=37560
[LAYER-HEALTH] live trainerStep=37560 scope=batch_norm_state_only reluSites=0/10 dead=n/a off=n/a alwaysOn=n/a (no relu/leaky_relu BN sites) rvMaxOverMedian=97.3@blocks.2.bn1[127] rvOver10xMedian=18 rezero=none nonFinite=0 parkedSites=9/10 parkedCh=1040 parked=0 parkedOff=0 parkedBy=none
[REPLAY] step=37640 loss=3.4900 pLoss=2.6998 vLoss=0.7886 pEnt=2.848 pIllM=0.0016 playedP=0.179 pW=0.47 pD=0.07 pL=0.47 vAbs=0.247 pLogitMean=-9.2211 vLogitMean=0.5821 gNorm=0.227 lr=0.00524 ms=2129.6 buf=500000 plies=321423695 games=4849925 rejected=0 skipped=0 epoch=0 mom=0.9258 lrCyc[pk=9.7e-01,tr=9.8e-04] gNormMax=0.2513 clips=0 gCap=0.6976 trainerStep=37640
[LAYER-HEALTH] live trainerStep=37640 scope=batch_norm_state_only reluSites=0/10 dead=n/a off=n/a alwaysOn=n/a (no relu/leaky_relu BN sites) rvMaxOverMedian=97.5@blocks.2.bn1[127] rvOver10xMedian=18 rezero=none nonFinite=0 parkedSites=9/10 parkedCh=1040 parked=0 parkedOff=0 parkedBy=none
[REPLAY] step=37720 loss=3.5002 pLoss=2.6953 vLoss=0.8034 pEnt=2.858 pIllM=0.0015 playedP=0.176 pW=0.47 pD=0.07 pL=0.46 vAbs=0.255 pLogitMean=-9.2237 vLogitMean=0.5808 gNorm=0.233 lr=0.00609 ms=2901.3 buf=500000 plies=322106343 games=4860224 rejected=0 skipped=0 epoch=0 mom=0.9236 lrCyc[pk=9.7e-01,tr=9.8e-04] gNormMax=0.2486 clips=0 gCap=0.6964 trainerStep=37720
[LAYER-HEALTH] live trainerStep=37720 scope=batch_norm_state_only reluSites=0/10 dead=n/a off=n/a alwaysOn=n/a (no relu/leaky_relu BN sites) rvMaxOverMedian=97.3@blocks.2.bn1[127] rvOver10xMedian=18 rezero=none nonFinite=0 parkedSites=9/10 parkedCh=1040 parked=0 parkedOff=0 parkedBy=none
[REPLAY] step=37800 loss=3.4788 pLoss=2.6837 vLoss=0.7937 pEnt=2.852 pIllM=0.0014 playedP=0.177 pW=0.47 pD=0.06 pL=0.46 vAbs=0.243 pLogitMean=-9.2231 vLogitMean=0.5819 gNorm=0.236 lr=0.00711 ms=2867.4 buf=500000 plies=322788950 games=4870445 rejected=0 skipped=0 epoch=0 mom=0.9213 lrCyc[pk=9.7e-01,tr=9.8e-04] gNormMax=0.2536 clips=0 gCap=0.6969 trainerStep=37800
[LAYER-HEALTH] live trainerStep=37800 scope=batch_norm_state_only reluSites=0/10 dead=n/a off=n/a alwaysOn=n/a (no relu/leaky_relu BN sites) rvMaxOverMedian=97.3@blocks.2.bn1[127] rvOver10xMedian=18 rezero=none nonFinite=0 parkedSites=9/10 parkedCh=1040 parked=0 parkedOff=0 parkedBy=none
[REPLAY] step=37880 loss=3.5056 pLoss=2.7068 vLoss=0.7975 pEnt=2.856 pIllM=0.0013 playedP=0.176 pW=0.47 pD=0.07 pL=0.47 vAbs=0.247 pLogitMean=-9.2242 vLogitMean=0.5820 gNorm=0.236 lr=0.00833 ms=3280.1 buf=500000 plies=323471619 games=4880790 rejected=0 skipped=0 epoch=0 mom=0.9190 lrCyc[pk=9.7e-01,tr=9.8e-04] gNormMax=0.2518 clips=0 gCap=0.6977 trainerStep=37880
[LAYER-HEALTH] live trainerStep=37880 scope=batch_norm_state_only reluSites=0/10 dead=n/a off=n/a alwaysOn=n/a (no relu/leaky_relu BN sites) rvMaxOverMedian=97.0@blocks.2.bn1[127] rvOver10xMedian=18 rezero=none nonFinite=0 parkedSites=9/10 parkedCh=1040 parked=0 parkedOff=0 parkedBy=none
[REPLAY] step=37960 loss=3.4935 pLoss=2.6754 vLoss=0.8164 pEnt=2.845 pIllM=0.0017 playedP=0.182 pW=0.47 pD=0.07 pL=0.46 vAbs=0.242 pLogitMean=-9.2224 vLogitMean=0.5811 gNorm=0.232 lr=0.00979 ms=2905.3 buf=500000 plies=324154253 games=4891068 rejected=0 skipped=0 epoch=0 mom=0.9167 lrCyc[pk=9.7e-01,tr=9.8e-04] gNormMax=0.2742 clips=0 gCap=0.6977 trainerStep=37960
[LAYER-HEALTH] live trainerStep=37960 scope=batch_norm_state_only reluSites=0/10 dead=n/a off=n/a alwaysOn=n/a (no relu/leaky_relu BN sites) rvMaxOverMedian=97.4@blocks.2.bn1[127] rvOver10xMedian=18 rezero=none nonFinite=0 parkedSites=9/10 parkedCh=1040 parked=0 parkedOff=0 parkedBy=none
[REPLAY] step=38000 loss=3.4982 pLoss=2.6929 vLoss=0.8036 pEnt=2.853 pIllM=0.0017 playedP=0.181 pW=0.47 pD=0.07 pL=0.46 vAbs=0.236 pLogitMean=-9.2224 vLogitMean=0.5842 gNorm=0.226 lr=0.0106 ms=2973.9 buf=500000 plies=324495595 games=4896225 rejected=0 skipped=0 epoch=0 mom=0.9155 lrCyc[pk=9.7e-01,tr=9.8e-04] gNormMax=0.2522 clips=0 gCap=0.6977 trainerStep=38000
[LAYER-HEALTH] live trainerStep=38000 scope=batch_norm_state_only reluSites=0/10 dead=n/a off=n/a alwaysOn=n/a (no relu/leaky_relu BN sites) rvMaxOverMedian=97.5@blocks.2.bn1[127] rvOver10xMedian=18 rezero=none nonFinite=0 parkedSites=9/10 parkedCh=1040 parked=0 parkedOff=0 parkedBy=none
[ALARM] health active rule=policy_offset_drift severity=warning since=1150 trainerStep=38000 value=medianAbs=9.2224
[HEALTH] check trainerStep=38000 generation=0 evaluations=21 live=20 checkpoint=1 stale=0 truncated=0 cost_ms=12.3 train_ms=2343953.1 liveReadFailed=0 lossMaxRatio=1.02 lossMedianRatio=1.01 gradMaxRatio=1.46 rvRiseMax=1.03 rvOutliers=18/18 nodata=none active=policy_offset_drift:warning
[REPLAY] saved trainer model (autosave) step=38000 trainerStep=38000 nextGame=4896225 shard=10 epoch=0 -> 20261008-lrBsiluall-relcap-replay-latest.safetensors
[LAYER-HEALTH] checkpoint replay-autosave step=38000 trainerStep=38000 scope=all_tensors reluSites=0/10 dead=n/a off=n/a alwaysOn=n/a (no relu/leaky_relu BN sites) rvMaxOverMedian=97.5@blocks.2.bn1[127] rvOver10xMedian=18 rezero=none nonFinite=0 parkedSites=9/10 parkedCh=1040 parked=0 parkedOff=0 parkedBy=none seZeroVel=none valueFC1ZeroVel=0/128 maxAbs=28.19@blocks.2.bn1.running_var
[LAYER-HEALTH]   batch-norm sites — β/|γ|: dead < -3.00, mostly off < -2.00, always on > +3.00; classified for relu/leaky_relu only
[LAYER-HEALTH]     site            act            ch   dead    off     on  zeroγ nonfin  min β/|γ| [ch]     max β/|γ| [ch]     rv max/median [ch]  rv≥10x
[LAYER-HEALTH]     stem.bn         -             128    n/a    n/a    n/a      0      0     -0.93 [97]         +0.64 [51]            4.5 [68]           0
[LAYER-HEALTH]     blocks.0.bn1    silu          128    n/a    n/a    n/a      0      0     -0.89 [21]         +0.33 [64]            5.7 [43]           0
[LAYER-HEALTH]     blocks.0.bn2    silu          128    n/a    n/a    n/a      0      0     -1.33 [109]       +14.81 [49]            5.6 [96]           0
[LAYER-HEALTH]     blocks.1.bn1    silu          128    n/a    n/a    n/a      0      0     -1.37 [35]         -0.05 [31]           79.6 [127]          8
[LAYER-HEALTH]     blocks.1.bn2    silu          128    n/a    n/a    n/a      0      0     -1.49 [22]         -0.17 [101]          13.3 [32]           1
[LAYER-HEALTH]     blocks.2.bn1    silu          128    n/a    n/a    n/a      0      0     -1.97 [17]         +1.70 [31]           97.5 [127]          8
[LAYER-HEALTH]     blocks.2.bn2    silu          128    n/a    n/a    n/a      0      0     -1.53 [85]         +0.10 [105]           3.8 [122]          0
[LAYER-HEALTH]     tower_final_bn  silu          128    n/a    n/a    n/a      0      0     -0.64 [83]         +1.11 [101]          16.8 [127]          1
[LAYER-HEALTH]     policy.pre_bn   silu          128    n/a    n/a    n/a      0      0     -1.17 [47]         +2.19 [22]            4.2 [96]           0
[LAYER-HEALTH]     value.bn        silu           16    n/a    n/a    n/a      0      0     -1.18 [8]          +0.85 [6]             2.2 [6]            0
[LAYER-HEALTH]   parked channels — every activation: pass-through P = E|f'(γz+β)|, z ~ N(0,1); parked when P above its floor < 0.00135 of the range (Φ(-3)), mostly off < 0.02275 (Φ(-2)); equals dead / off for relu/leaky_relu
[LAYER-HEALTH]     site            act            ch parked    off       min P   median P
[LAYER-HEALTH]     blocks.0.bn1    silu          128      0      0    0.261452   0.429951
[LAYER-HEALTH]     blocks.0.bn2    silu          128      0      0    0.148271   0.337269
[LAYER-HEALTH]     blocks.1.bn1    silu          128      0      0    0.159870   0.297517
[LAYER-HEALTH]     blocks.1.bn2    silu          128      0      0    0.137264   0.267612
[LAYER-HEALTH]     blocks.2.bn1    silu          128      0      0    0.076647   0.259092
[LAYER-HEALTH]     blocks.2.bn2    silu          128      0      0    0.134826   0.315845
[LAYER-HEALTH]     tower_final_bn  silu          128      0      0    0.312995   0.521670
[LAYER-HEALTH]     policy.pre_bn   silu          128      0      0    0.212027   0.544155
[LAYER-HEALTH]     value.bn        silu           16      0      0    0.183514   0.299367
[LAYER-HEALTH]   FC hidden-unit velocity — zero: every weight-velocity entry exactly 0; low: nonzero but < 5% of the layer's p90 unit norm
[LAYER-HEALTH]     value.fc1.weight  silu  units 128  zero 0  low 0  median unit norm 0.005819
[LAYER-HEALTH]     (no SE blocks)
[LAYER-HEALTH]   ReZero: none
[LAYER-HEALTH]   non-finite: 0 values in 0 of 102 tensors (10263038 values examined)
[LAYER-HEALTH]   largest |value|: blocks.2.bn1.running_var 28.19, blocks.1.bn1.running_var 25.45, blocks.1.bn2.running_var 21.77, blocks.0.bn2.running_var 13, tower_final_bn.running_var 8.633
[REPLAY] enumerated checkpoint -> 20261008-lrBsiluall-relcap-replay-step38000.safetensors
[REPLAY] step=38080 loss=3.5200 pLoss=2.7108 vLoss=0.8079 pEnt=2.869 pIllM=0.0013 playedP=0.174 pW=0.47 pD=0.07 pL=0.46 vAbs=0.238 pLogitMean=-9.2236 vLogitMean=0.5824 gNorm=0.244 lr=0.0125 ms=2614.7 buf=500000 plies=325178198 games=4906544 rejected=0 skipped=0 epoch=0 mom=0.9131 lrCyc[pk=9.7e-01,tr=9.8e-04] gNormMax=0.2512 clips=0 gCap=0.6981 trainerStep=38080
[LAYER-HEALTH] live trainerStep=38080 scope=batch_norm_state_only reluSites=0/10 dead=n/a off=n/a alwaysOn=n/a (no relu/leaky_relu BN sites) rvMaxOverMedian=97.7@blocks.2.bn1[127] rvOver10xMedian=18 rezero=none nonFinite=0 parkedSites=9/10 parkedCh=1040 parked=0 parkedOff=0 parkedBy=none
[REPLAY] step=38160 loss=3.4790 pLoss=2.6663 vLoss=0.8113 pEnt=2.849 pIllM=0.0015 playedP=0.182 pW=0.47 pD=0.07 pL=0.46 vAbs=0.251 pLogitMean=-9.2210 vLogitMean=0.5822 gNorm=0.236 lr=0.0148 ms=2317.2 buf=500000 plies=325860843 games=4916765 rejected=0 skipped=0 epoch=0 mom=0.9107 lrCyc[pk=9.7e-01,tr=9.8e-04] gNormMax=0.2560 clips=0 gCap=0.6990 trainerStep=38160
[LAYER-HEALTH] live trainerStep=38160 scope=batch_norm_state_only reluSites=0/10 dead=n/a off=n/a alwaysOn=n/a (no relu/leaky_relu BN sites) rvMaxOverMedian=97.2@blocks.2.bn1[127] rvOver10xMedian=18 rezero=none nonFinite=0 parkedSites=9/10 parkedCh=1040 parked=0 parkedOff=0 parkedBy=none
[REPLAY] step=38240 loss=3.4921 pLoss=2.6850 vLoss=0.8058 pEnt=2.846 pIllM=0.0013 playedP=0.178 pW=0.47 pD=0.07 pL=0.47 vAbs=0.237 pLogitMean=-9.2240 vLogitMean=0.5842 gNorm=0.296 lr=0.0176 ms=3045.7 buf=500000 plies=326543506 games=4927017 rejected=0 skipped=0 epoch=0 mom=0.9082 lrCyc[pk=9.7e-01,tr=9.8e-04] gNormMax=0.2957 clips=0 gCap=0.7008 trainerStep=38240
[LAYER-HEALTH] live trainerStep=38240 scope=batch_norm_state_only reluSites=0/10 dead=n/a off=n/a alwaysOn=n/a (no relu/leaky_relu BN sites) rvMaxOverMedian=97.2@blocks.2.bn1[127] rvOver10xMedian=18 rezero=none nonFinite=0 parkedSites=9/10 parkedCh=1040 parked=0 parkedOff=0 parkedBy=none
[REPLAY] step=38320 loss=3.4773 pLoss=2.6819 vLoss=0.7942 pEnt=2.837 pIllM=0.0012 playedP=0.181 pW=0.47 pD=0.06 pL=0.46 vAbs=0.250 pLogitMean=-9.2249 vLogitMean=0.5819 gNorm=0.228 lr=0.0209 ms=2605.0 buf=500000 plies=327226103 games=4937160 rejected=0 skipped=0 epoch=0 mom=0.9057 lrCyc[pk=9.7e-01,tr=9.8e-04] gNormMax=0.2684 clips=0 gCap=0.7030 trainerStep=38320
[LAYER-HEALTH] live trainerStep=38320 scope=batch_norm_state_only reluSites=0/10 dead=n/a off=n/a alwaysOn=n/a (no relu/leaky_relu BN sites) rvMaxOverMedian=97.3@blocks.2.bn1[127] rvOver10xMedian=18 rezero=none nonFinite=0 parkedSites=9/10 parkedCh=1040 parked=0 parkedOff=0 parkedBy=none
[REPLAY] step=38400 loss=3.5161 pLoss=2.7090 vLoss=0.8058 pEnt=2.855 pIllM=0.0013 playedP=0.180 pW=0.47 pD=0.07 pL=0.46 vAbs=0.244 pLogitMean=-9.2261 vLogitMean=0.5805 gNorm=0.249 lr=0.0248 ms=2982.3 buf=500000 plies=327908729 games=4947455 rejected=0 skipped=0 epoch=0 mom=0.9032 lrCyc[pk=9.7e-01,tr=9.8e-04] gNormMax=0.2663 clips=0 gCap=0.7042 trainerStep=38400
[LAYER-HEALTH] live trainerStep=38400 scope=batch_norm_state_only reluSites=0/10 dead=n/a off=n/a alwaysOn=n/a (no relu/leaky_relu BN sites) rvMaxOverMedian=97.4@blocks.2.bn1[127] rvOver10xMedian=18 rezero=none nonFinite=0 parkedSites=9/10 parkedCh=1040 parked=0 parkedOff=0 parkedBy=none
[REPLAY] step=38480 loss=3.4848 pLoss=2.6846 vLoss=0.7985 pEnt=2.841 pIllM=0.0017 playedP=0.181 pW=0.47 pD=0.07 pL=0.47 vAbs=0.240 pLogitMean=-9.2215 vLogitMean=0.5839 gNorm=0.227 lr=0.0295 ms=3336.2 buf=500000 plies=328591417 games=4957754 rejected=0 skipped=0 epoch=0 mom=0.9007 lrCyc[pk=9.7e-01,tr=9.8e-04] gNormMax=0.2642 clips=0 gCap=0.7060 trainerStep=38480
[LAYER-HEALTH] live trainerStep=38480 scope=batch_norm_state_only reluSites=0/10 dead=n/a off=n/a alwaysOn=n/a (no relu/leaky_relu BN sites) rvMaxOverMedian=98.2@blocks.2.bn1[127] rvOver10xMedian=18 rezero=none nonFinite=0 parkedSites=9/10 parkedCh=1040 parked=0 parkedOff=0 parkedBy=none
[REPLAY] step=38560 loss=3.4936 pLoss=2.7005 vLoss=0.7916 pEnt=2.861 pIllM=0.0015 playedP=0.174 pW=0.47 pD=0.07 pL=0.47 vAbs=0.236 pLogitMean=-9.2197 vLogitMean=0.5831 gNorm=0.235 lr=0.0351 ms=2479.7 buf=500000 plies=329274016 games=4967999 rejected=0 skipped=0 epoch=0 mom=0.8982 lrCyc[pk=9.7e-01,tr=9.8e-04] gNormMax=0.2759 clips=0 gCap=0.7087 trainerStep=38560
[LAYER-HEALTH] live trainerStep=38560 scope=batch_norm_state_only reluSites=0/10 dead=n/a off=n/a alwaysOn=n/a (no relu/leaky_relu BN sites) rvMaxOverMedian=99.0@blocks.2.bn1[127] rvOver10xMedian=18 rezero=none nonFinite=0 parkedSites=9/10 parkedCh=1040 parked=0 parkedOff=0 parkedBy=none
[REPLAY] step=38640 loss=3.4863 pLoss=2.6971 vLoss=0.7876 pEnt=2.866 pIllM=0.0016 playedP=0.177 pW=0.47 pD=0.06 pL=0.47 vAbs=0.249 pLogitMean=-9.2170 vLogitMean=0.5831 gNorm=0.238 lr=0.0417 ms=3064.8 buf=500000 plies=329956721 games=4978255 rejected=0 skipped=0 epoch=0 mom=0.8957 lrCyc[pk=9.7e-01,tr=9.8e-04] gNormMax=0.2693 clips=0 gCap=0.7110 trainerStep=38640
[LAYER-HEALTH] live trainerStep=38640 scope=batch_norm_state_only reluSites=0/10 dead=n/a off=n/a alwaysOn=n/a (no relu/leaky_relu BN sites) rvMaxOverMedian=99.3@blocks.2.bn1[127] rvOver10xMedian=18 rezero=none nonFinite=0 parkedSites=9/10 parkedCh=1040 parked=0 parkedOff=0 parkedBy=none
[REPLAY] step=38720 loss=3.5048 pLoss=2.6874 vLoss=0.8158 pEnt=2.852 pIllM=0.0016 playedP=0.179 pW=0.47 pD=0.07 pL=0.47 vAbs=0.231 pLogitMean=-9.2147 vLogitMean=0.5820 gNorm=0.240 lr=0.0495 ms=3484.6 buf=500000 plies=330639316 games=4988484 rejected=0 skipped=0 epoch=0 mom=0.8932 lrCyc[pk=9.7e-01,tr=9.8e-04] gNormMax=0.2706 clips=0 gCap=0.7141 trainerStep=38720
[LAYER-HEALTH] live trainerStep=38720 scope=batch_norm_state_only reluSites=0/10 dead=n/a off=n/a alwaysOn=n/a (no relu/leaky_relu BN sites) rvMaxOverMedian=99.9@blocks.2.bn1[127] rvOver10xMedian=18 rezero=none nonFinite=0 parkedSites=9/10 parkedCh=1040 parked=0 parkedOff=0 parkedBy=none
[REPLAY] step=38800 loss=3.5071 pLoss=2.7051 vLoss=0.8004 pEnt=2.838 pIllM=0.0016 playedP=0.185 pW=0.46 pD=0.07 pL=0.47 vAbs=0.242 pLogitMean=-9.2142 vLogitMean=0.5841 gNorm=0.246 lr=0.0588 ms=2542.7 buf=500000 plies=331321963 games=4998745 rejected=0 skipped=0 epoch=0 mom=0.8907 lrCyc[pk=9.7e-01,tr=9.8e-04] gNormMax=0.2769 clips=0 gCap=0.7175 trainerStep=38800
[LAYER-HEALTH] live trainerStep=38800 scope=batch_norm_state_only reluSites=0/10 dead=n/a off=n/a alwaysOn=n/a (no relu/leaky_relu BN sites) rvMaxOverMedian=99.8@blocks.2.bn1[127] rvOver10xMedian=18 rezero=none nonFinite=0 parkedSites=9/10 parkedCh=1040 parked=0 parkedOff=0 parkedBy=none
[REPLAY] step=38880 loss=3.5268 pLoss=2.7164 vLoss=0.8089 pEnt=2.868 pIllM=0.0015 playedP=0.175 pW=0.47 pD=0.07 pL=0.46 vAbs=0.241 pLogitMean=-9.2079 vLogitMean=0.5848 gNorm=0.235 lr=0.0696 ms=2718.1 buf=500000 plies=332004562 games=5009028 rejected=0 skipped=0 epoch=0 mom=0.8883 lrCyc[pk=9.7e-01,tr=9.8e-04] gNormMax=0.2830 clips=0 gCap=0.7206 trainerStep=38880
[LAYER-HEALTH] live trainerStep=38880 scope=batch_norm_state_only reluSites=0/10 dead=n/a off=n/a alwaysOn=n/a (no relu/leaky_relu BN sites) rvMaxOverMedian=99.6@blocks.2.bn1[127] rvOver10xMedian=18 rezero=none nonFinite=0 parkedSites=9/10 parkedCh=1040 parked=0 parkedOff=0 parkedBy=none
[REPLAY] step=38960 loss=3.5080 pLoss=2.7030 vLoss=0.8037 pEnt=2.851 pIllM=0.0013 playedP=0.178 pW=0.47 pD=0.07 pL=0.46 vAbs=0.253 pLogitMean=-9.1980 vLogitMean=0.5844 gNorm=0.259 lr=0.0822 ms=3027.6 buf=500000 plies=332687270 games=5019280 rejected=0 skipped=0 epoch=0 mom=0.8859 lrCyc[pk=9.7e-01,tr=9.8e-04] gNormMax=0.2813 clips=0 gCap=0.7250 trainerStep=38960
[LAYER-HEALTH] live trainerStep=38960 scope=batch_norm_state_only reluSites=0/10 dead=n/a off=n/a alwaysOn=n/a (no relu/leaky_relu BN sites) rvMaxOverMedian=100.8@blocks.2.bn1[127] rvOver10xMedian=18 rezero=none nonFinite=0 parkedSites=9/10 parkedCh=1040 parked=0 parkedOff=0 parkedBy=none
[REPLAY] step=39000 loss=3.4862 pLoss=2.6748 vLoss=0.8098 pEnt=2.845 pIllM=0.0017 playedP=0.180 pW=0.46 pD=0.07 pL=0.46 vAbs=0.245 pLogitMean=-9.1914 vLogitMean=0.5842 gNorm=0.248 lr=0.0893 ms=3113.7 buf=500000 plies=333028613 games=5024392 rejected=0 skipped=0 epoch=0 mom=0.8847 lrCyc[pk=9.7e-01,tr=9.8e-04] gNormMax=0.2843 clips=0 gCap=0.7275 trainerStep=39000
[LAYER-HEALTH] live trainerStep=39000 scope=batch_norm_state_only reluSites=0/10 dead=n/a off=n/a alwaysOn=n/a (no relu/leaky_relu BN sites) rvMaxOverMedian=101.1@blocks.2.bn1[127] rvOver10xMedian=18 rezero=none nonFinite=0 parkedSites=9/10 parkedCh=1040 parked=0 parkedOff=0 parkedBy=none
[ALARM] health active rule=policy_offset_drift severity=warning since=1150 trainerStep=39000 value=medianAbs=9.1935
[HEALTH] check trainerStep=39000 generation=0 evaluations=21 live=20 checkpoint=1 stale=0 truncated=0 cost_ms=11.6 train_ms=2326374.6 liveReadFailed=0 lossMaxRatio=1.02 lossMedianRatio=1.01 gradMaxRatio=1.27 rvRiseMax=1.05 rvOutliers=18/18 nodata=none active=policy_offset_drift:warning
[REPLAY] saved trainer model (autosave) step=39000 trainerStep=39000 nextGame=5024392 shard=11 epoch=0 -> 20261008-lrBsiluall-relcap-replay-latest.safetensors
[LAYER-HEALTH] checkpoint replay-autosave step=39000 trainerStep=39000 scope=all_tensors reluSites=0/10 dead=n/a off=n/a alwaysOn=n/a (no relu/leaky_relu BN sites) rvMaxOverMedian=101.1@blocks.2.bn1[127] rvOver10xMedian=18 rezero=none nonFinite=0 parkedSites=9/10 parkedCh=1040 parked=0 parkedOff=0 parkedBy=none seZeroVel=none valueFC1ZeroVel=0/128 maxAbs=29.08@blocks.2.bn1.running_var
[LAYER-HEALTH]   batch-norm sites — β/|γ|: dead < -3.00, mostly off < -2.00, always on > +3.00; classified for relu/leaky_relu only
[LAYER-HEALTH]     site            act            ch   dead    off     on  zeroγ nonfin  min β/|γ| [ch]     max β/|γ| [ch]     rv max/median [ch]  rv≥10x
[LAYER-HEALTH]     stem.bn         -             128    n/a    n/a    n/a      0      0     -0.93 [97]         +0.64 [51]            4.2 [68]           0
[LAYER-HEALTH]     blocks.0.bn1    silu          128    n/a    n/a    n/a      0      0     -0.88 [21]         +0.33 [64]            5.7 [43]           0
[LAYER-HEALTH]     blocks.0.bn2    silu          128    n/a    n/a    n/a      0      0     -1.33 [109]       +14.94 [49]            6.0 [96]           0
[LAYER-HEALTH]     blocks.1.bn1    silu          128    n/a    n/a    n/a      0      0     -1.37 [35]         -0.05 [31]           79.0 [127]          8
[LAYER-HEALTH]     blocks.1.bn2    silu          128    n/a    n/a    n/a      0      0     -1.49 [30]         -0.17 [101]          12.9 [32]           1
[LAYER-HEALTH]     blocks.2.bn1    silu          128    n/a    n/a    n/a      0      0     -1.97 [17]         +1.72 [31]          101.1 [127]          8
[LAYER-HEALTH]     blocks.2.bn2    silu          128    n/a    n/a    n/a      0      0     -1.52 [85]         +0.12 [105]           3.8 [122]          0
[LAYER-HEALTH]     tower_final_bn  silu          128    n/a    n/a    n/a      0      0     -0.64 [83]         +1.11 [101]          17.6 [127]          1
[LAYER-HEALTH]     policy.pre_bn   silu          128    n/a    n/a    n/a      0      0     -1.17 [47]         +2.28 [22]            4.3 [96]           0
[LAYER-HEALTH]     value.bn        silu           16    n/a    n/a    n/a      0      0     -1.19 [8]          +0.85 [6]             2.2 [6]            0
[LAYER-HEALTH]   parked channels — every activation: pass-through P = E|f'(γz+β)|, z ~ N(0,1); parked when P above its floor < 0.00135 of the range (Φ(-3)), mostly off < 0.02275 (Φ(-2)); equals dead / off for relu/leaky_relu
[LAYER-HEALTH]     site            act            ch parked    off       min P   median P
[LAYER-HEALTH]     blocks.0.bn1    silu          128      0      0    0.262256   0.428731
[LAYER-HEALTH]     blocks.0.bn2    silu          128      0      0    0.148304   0.336501
[LAYER-HEALTH]     blocks.1.bn1    silu          128      0      0    0.159058   0.297025
[LAYER-HEALTH]     blocks.1.bn2    silu          128      0      0    0.135847   0.266365
[LAYER-HEALTH]     blocks.2.bn1    silu          128      0      0    0.076701   0.258657
[LAYER-HEALTH]     blocks.2.bn2    silu          128      0      0    0.135917   0.316208
[LAYER-HEALTH]     tower_final_bn  silu          128      0      0    0.313231   0.521749
[LAYER-HEALTH]     policy.pre_bn   silu          128      0      0    0.211133   0.544578
[LAYER-HEALTH]     value.bn        silu           16      0      0    0.180803   0.296575
[LAYER-HEALTH]   FC hidden-unit velocity — zero: every weight-velocity entry exactly 0; low: nonzero but < 5% of the layer's p90 unit norm
[LAYER-HEALTH]     value.fc1.weight  silu  units 128  zero 0  low 0  median unit norm 0.004374
[LAYER-HEALTH]     (no SE blocks)
[LAYER-HEALTH]   ReZero: none
[LAYER-HEALTH]   non-finite: 0 values in 0 of 102 tensors (10263038 values examined)
[LAYER-HEALTH]   largest |value|: blocks.2.bn1.running_var 29.08, blocks.1.bn1.running_var 25.53, blocks.1.bn2.running_var 20.55, blocks.0.bn2.running_var 13.37, tower_final_bn.running_var 8.891
[REPLAY] enumerated checkpoint -> 20261008-lrBsiluall-relcap-replay-step39000.safetensors
[REPLAY] step=39080 loss=3.5193 pLoss=2.7102 vLoss=0.8077 pEnt=2.839 pIllM=0.0014 playedP=0.182 pW=0.48 pD=0.07 pL=0.45 vAbs=0.240 pLogitMean=-9.1854 vLogitMean=0.5818 gNorm=0.261 lr=0.105 ms=2844.4 buf=500000 plies=333711202 games=5034573 rejected=0 skipped=0 epoch=0 mom=0.8823 lrCyc[pk=9.7e-01,tr=9.8e-04] gNormMax=0.2801 clips=0 gCap=0.7331 trainerStep=39080
[LAYER-HEALTH] live trainerStep=39080 scope=batch_norm_state_only reluSites=0/10 dead=n/a off=n/a alwaysOn=n/a (no relu/leaky_relu BN sites) rvMaxOverMedian=102.2@blocks.2.bn1[127] rvOver10xMedian=19 rezero=none nonFinite=0 parkedSites=9/10 parkedCh=1040 parked=0 parkedOff=0 parkedBy=none
[REPLAY] step=39160 loss=3.4720 pLoss=2.6726 vLoss=0.7981 pEnt=2.863 pIllM=0.0013 playedP=0.178 pW=0.45 pD=0.07 pL=0.48 vAbs=0.232 pLogitMean=-9.1689 vLogitMean=0.5816 gNorm=0.293 lr=0.123 ms=2526.6 buf=500000 plies=334393808 games=5044820 rejected=0 skipped=0 epoch=0 mom=0.8800 lrCyc[pk=9.7e-01,tr=9.8e-04] gNormMax=0.2926 clips=0 gCap=0.7387 trainerStep=39160
[LAYER-HEALTH] live trainerStep=39160 scope=batch_norm_state_only reluSites=0/10 dead=n/a off=n/a alwaysOn=n/a (no relu/leaky_relu BN sites) rvMaxOverMedian=103.6@blocks.2.bn1[127] rvOver10xMedian=19 rezero=none nonFinite=0 parkedSites=9/10 parkedCh=1040 parked=0 parkedOff=0 parkedBy=none
[REPLAY] step=39240 loss=3.5384 pLoss=2.7324 vLoss=0.8047 pEnt=2.848 pIllM=0.0014 playedP=0.182 pW=0.48 pD=0.06 pL=0.46 vAbs=0.229 pLogitMean=-9.1461 vLogitMean=0.5848 gNorm=0.278 lr=0.144 ms=2749.7 buf=500000 plies=335076443 games=5055081 rejected=0 skipped=0 epoch=0 mom=0.8777 lrCyc[pk=9.7e-01,tr=9.8e-04] gNormMax=0.2964 clips=0 gCap=0.7434 trainerStep=39240
[LAYER-HEALTH] live trainerStep=39240 scope=batch_norm_state_only reluSites=0/10 dead=n/a off=n/a alwaysOn=n/a (no relu/leaky_relu BN sites) rvMaxOverMedian=104.1@blocks.2.bn1[127] rvOver10xMedian=19 rezero=none nonFinite=0 parkedSites=9/10 parkedCh=1040 parked=0 parkedOff=0 parkedBy=none
[REPLAY] step=39320 loss=3.4455 pLoss=2.6548 vLoss=0.7893 pEnt=2.839 pIllM=0.0015 playedP=0.180 pW=0.47 pD=0.06 pL=0.47 vAbs=0.249 pLogitMean=-9.1268 vLogitMean=0.5839 gNorm=0.273 lr=0.168 ms=3029.2 buf=500000 plies=335759157 games=5065417 rejected=0 skipped=0 epoch=0 mom=0.8755 lrCyc[pk=9.7e-01,tr=9.8e-04] gNormMax=0.3077 clips=0 gCap=0.7500 trainerStep=39320
[LAYER-HEALTH] live trainerStep=39320 scope=batch_norm_state_only reluSites=0/10 dead=n/a off=n/a alwaysOn=n/a (no relu/leaky_relu BN sites) rvMaxOverMedian=102.1@blocks.2.bn1[127] rvOver10xMedian=18 rezero=none nonFinite=0 parkedSites=9/10 parkedCh=1040 parked=0 parkedOff=0 parkedBy=none
[REPLAY] step=39400 loss=3.4975 pLoss=2.6734 vLoss=0.8225 pEnt=2.860 pIllM=0.0016 playedP=0.179 pW=0.45 pD=0.07 pL=0.48 vAbs=0.246 pLogitMean=-9.1052 vLogitMean=0.5834 gNorm=0.288 lr=0.195 ms=3081.7 buf=500000 plies=336441763 games=5075644 rejected=0 skipped=0 epoch=0 mom=0.8734 lrCyc[pk=9.7e-01,tr=9.8e-04] gNormMax=0.3016 clips=0 gCap=0.7566 trainerStep=39400
[LAYER-HEALTH] live trainerStep=39400 scope=batch_norm_state_only reluSites=0/10 dead=n/a off=n/a alwaysOn=n/a (no relu/leaky_relu BN sites) rvMaxOverMedian=99.6@blocks.2.bn1[127] rvOver10xMedian=19 rezero=none nonFinite=0 parkedSites=9/10 parkedCh=1040 parked=0 parkedOff=0 parkedBy=none
[REPLAY] step=39470 loss=3.5214 pLoss=2.7277 vLoss=0.7919 pEnt=2.844 pIllM=0.0017 playedP=0.182 pW=0.48 pD=0.06 pL=0.46 vAbs=0.251 pLogitMean=-9.0788 vLogitMean=0.5825 gNorm=0.267 lr=0.221 ms=3495.0 buf=500000 plies=337039037 games=5084641 rejected=0 skipped=0 epoch=0 mom=0.8715 lrCyc[pk=9.7e-01,tr=9.8e-04] gNormMax=0.3641 clips=0 gCap=0.7633 trainerStep=39470
[LAYER-HEALTH] live trainerStep=39470 scope=batch_norm_state_only reluSites=0/10 dead=n/a off=n/a alwaysOn=n/a (no relu/leaky_relu BN sites) rvMaxOverMedian=98.4@blocks.2.bn1[127] rvOver10xMedian=19 rezero=none nonFinite=0 parkedSites=9/10 parkedCh=1040 parked=0 parkedOff=0 parkedBy=none
[REPLAY] step=39540 loss=3.5352 pLoss=2.7317 vLoss=0.8015 pEnt=2.848 pIllM=0.0020 playedP=0.179 pW=0.47 pD=0.07 pL=0.46 vAbs=0.236 pLogitMean=-9.0677 vLogitMean=0.5855 gNorm=0.272 lr=0.25 ms=3111.1 buf=500000 plies=337636417 games=5093689 rejected=0 skipped=0 epoch=0 mom=0.8698 lrCyc[pk=9.7e-01,tr=9.8e-04] gNormMax=0.3136 clips=0 gCap=0.7690 trainerStep=39540
[LAYER-HEALTH] live trainerStep=39540 scope=batch_norm_state_only reluSites=0/10 dead=n/a off=n/a alwaysOn=n/a (no relu/leaky_relu BN sites) rvMaxOverMedian=97.4@blocks.2.bn1[127] rvOver10xMedian=19 rezero=none nonFinite=0 parkedSites=9/10 parkedCh=1040 parked=0 parkedOff=0 parkedBy=none
[REPLAY] step=39620 loss=3.4798 pLoss=2.6886 vLoss=0.7891 pEnt=2.849 pIllM=0.0021 playedP=0.177 pW=0.48 pD=0.07 pL=0.46 vAbs=0.247 pLogitMean=-9.0427 vLogitMean=0.5843 gNorm=0.278 lr=0.286 ms=2287.7 buf=500000 plies=338319014 games=5103909 rejected=0 skipped=0 epoch=0 mom=0.8678 lrCyc[pk=9.7e-01,tr=9.8e-04] gNormMax=0.3172 clips=0 gCap=0.7776 trainerStep=39620
[LAYER-HEALTH] live trainerStep=39620 scope=batch_norm_state_only reluSites=0/10 dead=n/a off=n/a alwaysOn=n/a (no relu/leaky_relu BN sites) rvMaxOverMedian=99.2@blocks.2.bn1[127] rvOver10xMedian=20 rezero=none nonFinite=0 parkedSites=9/10 parkedCh=1040 parked=0 parkedOff=0 parkedBy=none
[REPLAY] step=39690 loss=3.4995 pLoss=2.6971 vLoss=0.8001 pEnt=2.869 pIllM=0.0022 playedP=0.173 pW=0.48 pD=0.07 pL=0.45 vAbs=0.258 pLogitMean=-9.0157 vLogitMean=0.5851 gNorm=0.268 lr=0.32 ms=2368.0 buf=500000 plies=338916301 games=5112818 rejected=0 skipped=0 epoch=0 mom=0.8662 lrCyc[pk=9.6e-01,tr=9.8e-04] gNormMax=0.3554 clips=0 gCap=0.7865 trainerStep=39690
[LAYER-HEALTH] live trainerStep=39690 scope=batch_norm_state_only reluSites=0/10 dead=n/a off=n/a alwaysOn=n/a (no relu/leaky_relu BN sites) rvMaxOverMedian=98.5@blocks.2.bn1[127] rvOver10xMedian=19 rezero=none nonFinite=0 parkedSites=9/10 parkedCh=1040 parked=0 parkedOff=0 parkedBy=none
[REPLAY] step=39760 loss=3.4413 pLoss=2.6545 vLoss=0.7845 pEnt=2.857 pIllM=0.0022 playedP=0.180 pW=0.47 pD=0.06 pL=0.47 vAbs=0.263 pLogitMean=-8.9951 vLogitMean=0.5863 gNorm=0.262 lr=0.357 ms=3566.4 buf=500000 plies=339513603 games=5121792 rejected=0 skipped=0 epoch=0 mom=0.8646 lrCyc[pk=9.6e-01,tr=9.8e-04] gNormMax=0.3292 clips=0 gCap=0.7958 trainerStep=39760
[LAYER-HEALTH] live trainerStep=39760 scope=batch_norm_state_only reluSites=0/10 dead=n/a off=n/a alwaysOn=n/a (no relu/leaky_relu BN sites) rvMaxOverMedian=98.0@blocks.2.bn1[127] rvOver10xMedian=20 rezero=none nonFinite=0 parkedSites=9/10 parkedCh=1040 parked=0 parkedOff=0 parkedBy=none
[REPLAY] step=39830 loss=3.5062 pLoss=2.6973 vLoss=0.8062 pEnt=2.845 pIllM=0.0027 playedP=0.178 pW=0.49 pD=0.07 pL=0.44 vAbs=0.247 pLogitMean=-8.9845 vLogitMean=0.5884 gNorm=0.298 lr=0.396 ms=3206.3 buf=500000 plies=340110976 games=5130784 rejected=0 skipped=0 epoch=0 mom=0.8631 lrCyc[pk=9.6e-01,tr=9.8e-04] gNormMax=0.3539 clips=0 gCap=0.8054 trainerStep=39830
[LAYER-HEALTH] live trainerStep=39830 scope=batch_norm_state_only reluSites=0/10 dead=n/a off=n/a alwaysOn=n/a (no relu/leaky_relu BN sites) rvMaxOverMedian=96.0@blocks.2.bn1[127] rvOver10xMedian=19 rezero=none nonFinite=0 parkedSites=9/10 parkedCh=1040 parked=0 parkedOff=0 parkedBy=none
[REPLAY] step=39900 loss=3.4905 pLoss=2.6841 vLoss=0.8036 pEnt=2.877 pIllM=0.0029 playedP=0.175 pW=0.46 pD=0.07 pL=0.48 vAbs=0.230 pLogitMean=-8.9573 vLogitMean=0.5892 gNorm=0.329 lr=0.438 ms=3542.8 buf=500000 plies=340708224 games=5139724 rejected=0 skipped=0 epoch=0 mom=0.8616 lrCyc[pk=9.6e-01,tr=9.8e-04] gNormMax=0.3579 clips=0 gCap=0.8144 trainerStep=39900
[LAYER-HEALTH] live trainerStep=39900 scope=batch_norm_state_only reluSites=0/10 dead=n/a off=n/a alwaysOn=n/a (no relu/leaky_relu BN sites) rvMaxOverMedian=94.2@blocks.2.bn1[127] rvOver10xMedian=19 rezero=none nonFinite=0 parkedSites=9/10 parkedCh=1040 parked=0 parkedOff=0 parkedBy=none
[REPLAY] step=39970 loss=3.5242 pLoss=2.7255 vLoss=0.7956 pEnt=2.848 pIllM=0.0031 playedP=0.180 pW=0.48 pD=0.07 pL=0.46 vAbs=0.261 pLogitMean=-8.9421 vLogitMean=0.5869 gNorm=0.293 lr=0.481 ms=3594.0 buf=500000 plies=341305536 games=5148630 rejected=0 skipped=0 epoch=0 mom=0.8603 lrCyc[pk=9.6e-01,tr=9.8e-04] gNormMax=0.3422 clips=0 gCap=0.8230 trainerStep=39970
[LAYER-HEALTH] live trainerStep=39970 scope=batch_norm_state_only reluSites=0/10 dead=n/a off=n/a alwaysOn=n/a (no relu/leaky_relu BN sites) rvMaxOverMedian=92.1@blocks.2.bn1[127] rvOver10xMedian=20 rezero=none nonFinite=0 parkedSites=9/10 parkedCh=1040 parked=0 parkedOff=0 parkedBy=none
[REPLAY] step=40000 loss=3.4978 pLoss=2.7041 vLoss=0.7906 pEnt=2.816 pIllM=0.0031 playedP=0.182 pW=0.48 pD=0.07 pL=0.45 vAbs=0.252 pLogitMean=-8.9305 vLogitMean=0.5879 gNorm=0.312 lr=0.5 ms=3687.8 buf=500000 plies=341561598 games=5152480 rejected=0 skipped=0 epoch=0 mom=0.8597 lrCyc[pk=9.6e-01,tr=9.8e-04] gNormMax=0.3788 clips=0 gCap=0.8275 trainerStep=40000
[LAYER-HEALTH] live trainerStep=40000 scope=batch_norm_state_only reluSites=0/10 dead=n/a off=n/a alwaysOn=n/a (no relu/leaky_relu BN sites) rvMaxOverMedian=92.3@blocks.2.bn1[127] rvOver10xMedian=20 rezero=none nonFinite=0 parkedSites=9/10 parkedCh=1040 parked=0 parkedOff=0 parkedBy=none
[ALARM] health active rule=policy_offset_drift severity=warning since=1150 trainerStep=40000 value=medianAbs=8.9421
[HEALTH] check trainerStep=40000 generation=0 evaluations=21 live=20 checkpoint=1 stale=0 truncated=0 cost_ms=12.0 train_ms=2491223.8 liveReadFailed=0 lossMaxRatio=1.02 lossMedianRatio=1.01 gradMaxRatio=1.44 rvRiseMax=1.18 rvOutliers=20/18 nodata=none active=policy_offset_drift:warning
[REPLAY] saved trainer model (autosave) step=40000 trainerStep=40000 nextGame=5152480 shard=11 epoch=0 -> 20261008-lrBsiluall-relcap-replay-latest.safetensors
[LAYER-HEALTH] checkpoint replay-autosave step=40000 trainerStep=40000 scope=all_tensors reluSites=0/10 dead=n/a off=n/a alwaysOn=n/a (no relu/leaky_relu BN sites) rvMaxOverMedian=92.3@blocks.2.bn1[127] rvOver10xMedian=20 rezero=none nonFinite=0 parkedSites=9/10 parkedCh=1040 parked=0 parkedOff=0 parkedBy=none seZeroVel=none valueFC1ZeroVel=0/128 maxAbs=27.02@blocks.2.bn1.running_var
[LAYER-HEALTH]   batch-norm sites — β/|γ|: dead < -3.00, mostly off < -2.00, always on > +3.00; classified for relu/leaky_relu only
[LAYER-HEALTH]     site            act            ch   dead    off     on  zeroγ nonfin  min β/|γ| [ch]     max β/|γ| [ch]     rv max/median [ch]  rv≥10x
[LAYER-HEALTH]     stem.bn         -             128    n/a    n/a    n/a      0      0     -0.96 [97]         +0.67 [51]            4.5 [68]           0
[LAYER-HEALTH]     blocks.0.bn1    silu          128    n/a    n/a    n/a      0      0     -0.86 [21]         +0.32 [64]            5.6 [43]           0
[LAYER-HEALTH]     blocks.0.bn2    silu          128    n/a    n/a    n/a      0      0     -1.35 [109]       +12.99 [49]            6.6 [96]           0
[LAYER-HEALTH]     blocks.1.bn1    silu          128    n/a    n/a    n/a      0      0     -1.35 [35]         -0.07 [31]           78.5 [127]          9
[LAYER-HEALTH]     blocks.1.bn2    silu          128    n/a    n/a    n/a      0      0     -1.58 [22]         -0.16 [101]          14.7 [32]           1
[LAYER-HEALTH]     blocks.2.bn1    silu          128    n/a    n/a    n/a      0      0     -1.94 [69]         +1.61 [31]           92.3 [127]          9
[LAYER-HEALTH]     blocks.2.bn2    silu          128    n/a    n/a    n/a      0      0     -1.51 [85]         +0.10 [105]           3.8 [122]          0
[LAYER-HEALTH]     tower_final_bn  silu          128    n/a    n/a    n/a      0      0     -0.66 [83]         +1.11 [111]          16.5 [127]          1
[LAYER-HEALTH]     policy.pre_bn   silu          128    n/a    n/a    n/a      0      0     -1.16 [47]         +2.15 [22]            4.2 [88]           0
[LAYER-HEALTH]     value.bn        silu           16    n/a    n/a    n/a      0      0     -1.13 [8]          +0.93 [6]             2.4 [6]            0
[LAYER-HEALTH]   parked channels — every activation: pass-through P = E|f'(γz+β)|, z ~ N(0,1); parked when P above its floor < 0.00135 of the range (Φ(-3)), mostly off < 0.02275 (Φ(-2)); equals dead / off for relu/leaky_relu
[LAYER-HEALTH]     site            act            ch parked    off       min P   median P
[LAYER-HEALTH]     blocks.0.bn1    silu          128      0      0    0.265345   0.425795
[LAYER-HEALTH]     blocks.0.bn2    silu          128      0      0    0.146631   0.337417
[LAYER-HEALTH]     blocks.1.bn1    silu          128      0      0    0.156008   0.292604
[LAYER-HEALTH]     blocks.1.bn2    silu          128      0      0    0.135104   0.267204
[LAYER-HEALTH]     blocks.2.bn1    silu          128      0      0    0.079086   0.255138
[LAYER-HEALTH]     blocks.2.bn2    silu          128      0      0    0.137132   0.314407
[LAYER-HEALTH]     tower_final_bn  silu          128      0      0    0.306815   0.523150
[LAYER-HEALTH]     policy.pre_bn   silu          128      0      0    0.203029   0.542437
[LAYER-HEALTH]     value.bn        silu           16      0      0    0.191351   0.302747
[LAYER-HEALTH]   FC hidden-unit velocity — zero: every weight-velocity entry exactly 0; low: nonzero but < 5% of the layer's p90 unit norm
[LAYER-HEALTH]     value.fc1.weight  silu  units 128  zero 0  low 0  median unit norm 0.005177
[LAYER-HEALTH]     (no SE blocks)
[LAYER-HEALTH]   ReZero: none
[LAYER-HEALTH]   non-finite: 0 values in 0 of 102 tensors (10263038 values examined)
[LAYER-HEALTH]   largest |value|: blocks.2.bn1.running_var 27.02, blocks.1.bn1.running_var 24.43, blocks.1.bn2.running_var 19.69, blocks.0.bn2.running_var 12.6, tower_final_bn.running_var 8.537
[REPLAY] enumerated checkpoint -> 20261008-lrBsiluall-relcap-replay-step40000.safetensors
[REPLAY] saved trainer model (final) step=40000 trainerStep=40000 nextGame=5152480 shard=11 epoch=0 -> 20261008-lrBsiluall-relcap-replay-latest.safetensors
[LAYER-HEALTH] checkpoint replay-final step=40000 trainerStep=40000 scope=all_tensors reluSites=0/10 dead=n/a off=n/a alwaysOn=n/a (no relu/leaky_relu BN sites) rvMaxOverMedian=92.3@blocks.2.bn1[127] rvOver10xMedian=20 rezero=none nonFinite=0 parkedSites=9/10 parkedCh=1040 parked=0 parkedOff=0 parkedBy=none seZeroVel=none valueFC1ZeroVel=0/128 maxAbs=27.02@blocks.2.bn1.running_var
[LAYER-HEALTH]   batch-norm sites — β/|γ|: dead < -3.00, mostly off < -2.00, always on > +3.00; classified for relu/leaky_relu only
[LAYER-HEALTH]     site            act            ch   dead    off     on  zeroγ nonfin  min β/|γ| [ch]     max β/|γ| [ch]     rv max/median [ch]  rv≥10x
[LAYER-HEALTH]     stem.bn         -             128    n/a    n/a    n/a      0      0     -0.96 [97]         +0.67 [51]            4.5 [68]           0
[LAYER-HEALTH]     blocks.0.bn1    silu          128    n/a    n/a    n/a      0      0     -0.86 [21]         +0.32 [64]            5.6 [43]           0
[LAYER-HEALTH]     blocks.0.bn2    silu          128    n/a    n/a    n/a      0      0     -1.35 [109]       +12.99 [49]            6.6 [96]           0
[LAYER-HEALTH]     blocks.1.bn1    silu          128    n/a    n/a    n/a      0      0     -1.35 [35]         -0.07 [31]           78.5 [127]          9
[LAYER-HEALTH]     blocks.1.bn2    silu          128    n/a    n/a    n/a      0      0     -1.58 [22]         -0.16 [101]          14.7 [32]           1
[LAYER-HEALTH]     blocks.2.bn1    silu          128    n/a    n/a    n/a      0      0     -1.94 [69]         +1.61 [31]           92.3 [127]          9
[LAYER-HEALTH]     blocks.2.bn2    silu          128    n/a    n/a    n/a      0      0     -1.51 [85]         +0.10 [105]           3.8 [122]          0
[LAYER-HEALTH]     tower_final_bn  silu          128    n/a    n/a    n/a      0      0     -0.66 [83]         +1.11 [111]          16.5 [127]          1
[LAYER-HEALTH]     policy.pre_bn   silu          128    n/a    n/a    n/a      0      0     -1.16 [47]         +2.15 [22]            4.2 [88]           0
[LAYER-HEALTH]     value.bn        silu           16    n/a    n/a    n/a      0      0     -1.13 [8]          +0.93 [6]             2.4 [6]            0
[LAYER-HEALTH]   parked channels — every activation: pass-through P = E|f'(γz+β)|, z ~ N(0,1); parked when P above its floor < 0.00135 of the range (Φ(-3)), mostly off < 0.02275 (Φ(-2)); equals dead / off for relu/leaky_relu
[LAYER-HEALTH]     site            act            ch parked    off       min P   median P
[LAYER-HEALTH]     blocks.0.bn1    silu          128      0      0    0.265345   0.425795
[LAYER-HEALTH]     blocks.0.bn2    silu          128      0      0    0.146631   0.337417
[LAYER-HEALTH]     blocks.1.bn1    silu          128      0      0    0.156008   0.292604
[LAYER-HEALTH]     blocks.1.bn2    silu          128      0      0    0.135104   0.267204
[LAYER-HEALTH]     blocks.2.bn1    silu          128      0      0    0.079086   0.255138
[LAYER-HEALTH]     blocks.2.bn2    silu          128      0      0    0.137132   0.314407
[LAYER-HEALTH]     tower_final_bn  silu          128      0      0    0.306815   0.523150
[LAYER-HEALTH]     policy.pre_bn   silu          128      0      0    0.203029   0.542437
[LAYER-HEALTH]     value.bn        silu           16      0      0    0.191351   0.302747
[LAYER-HEALTH]   FC hidden-unit velocity — zero: every weight-velocity entry exactly 0; low: nonzero but < 5% of the layer's p90 unit norm
[LAYER-HEALTH]     value.fc1.weight  silu  units 128  zero 0  low 0  median unit norm 0.005177
[LAYER-HEALTH]     (no SE blocks)
[LAYER-HEALTH]   ReZero: none
[LAYER-HEALTH]   non-finite: 0 values in 0 of 102 tensors (10263038 values examined)
[LAYER-HEALTH]   largest |value|: blocks.2.bn1.running_var 27.02, blocks.1.bn1.running_var 24.43, blocks.1.bn2.running_var 19.69, blocks.0.bn2.running_var 12.6, tower_final_bn.running_var 8.537
[REPLAY] enumerated checkpoint -> 20261008-lrBsiluall-relcap-replay-step40000.safetensors (replaced this run's own earlier save of trainer step 40000)
[HEALTH] check trainerStep=40000 generation=0 evaluations=2 live=0 checkpoint=2 stale=0 truncated=0 cost_ms=0.0 train_ms=0.0 liveReadFailed=0 lossMaxRatio=-- lossMedianRatio=-- gradMaxRatio=-- rvRiseMax=-- rvOutliers=-- nodata=none active=policy_offset_drift:warning final=true
[REPLAY] wrote results: /Users/andrew/cursor/drews-chess-machine/experiments/20261005-lr-schedule-ab/results-Bsiluall.json (stats=537)
[REPLAY] done: steps=40000 positionsFed=341561598 gamesFed=5152480 rejected=0 skipped=0 epochs=0
