warning: loc(fused["gradient for tower_final_bn/multiplication"("(mpsFileLoc): /AppleInternal/Library/BuildRoots/4~CYf0ugAFA2MHVp9fguae4KUVbl8-CIxgGlWKSUA/Library/Caches/com.apple.xbs/TemporaryDirectory.p76yMP/Sources/MetalPerformanceShadersGraph/mpsgraph/MetalPerformanceShadersGraph/Core/Files/MPSGraphUtilities.mm":234:0), "ane_validation_message"("Incompatible element type for ANE: expected fp16, f8E4M3, si8, ui8, si16, or ui16":0:0)]): Reached maxReorderingDistance 10
warning: loc(fused["gradient for tower_final_bn/multiplication"("(mpsFileLoc): /AppleInternal/Library/BuildRoots/4~CYf0ugAFA2MHVp9fguae4KUVbl8-CIxgGlWKSUA/Library/Caches/com.apple.xbs/TemporaryDirectory.p76yMP/Sources/MetalPerformanceShadersGraph/mpsgraph/MetalPerformanceShadersGraph/Core/Files/MPSGraphUtilities.mm":234:0), "ane_validation_message"("Incompatible element type for ANE: expected fp16, f8E4M3, si8, ui8, si16, or ui16":0:0)]): Reached maxReorderingDistance 10
warning: loc(fused["mps_add_23"("(mpsFileLoc): /AppleInternal/Library/BuildRoots/4~CYf0ugAFA2MHVp9fguae4KUVbl8-CIxgGlWKSUA/Library/Caches/com.apple.xbs/TemporaryDirectory.p76yMP/Sources/MetalPerformanceShadersGraph/mpsgraph/MetalPerformanceShadersGraph/Core/Files/MPSGraphUtilities.mm":234:0), "ane_validation_message"("Incompatible element type for ANE: expected fp16, f8E4M3, si8, ui8, si16, or ui16":0:0)]): Reached maxReorderingDistance 10
warning: loc(fused["mps_add_23"("(mpsFileLoc): /AppleInternal/Library/BuildRoots/4~CYf0ugAFA2MHVp9fguae4KUVbl8-CIxgGlWKSUA/Library/Caches/com.apple.xbs/TemporaryDirectory.p76yMP/Sources/MetalPerformanceShadersGraph/mpsgraph/MetalPerformanceShadersGraph/Core/Files/MPSGraphUtilities.mm":234:0), "ane_validation_message"("Incompatible element type for ANE: expected fp16, f8E4M3, si8, ui8, si16, or ui16":0:0)]): Reached maxReorderingDistance 10
warning: loc(fused["mps_add_33"("(mpsFileLoc): /AppleInternal/Library/BuildRoots/4~CYf0ugAFA2MHVp9fguae4KUVbl8-CIxgGlWKSUA/Library/Caches/com.apple.xbs/TemporaryDirectory.p76yMP/Sources/MetalPerformanceShadersGraph/mpsgraph/MetalPerformanceShadersGraph/Core/Files/MPSGraphUtilities.mm":234:0), "ane_validation_message"("Incompatible element type for ANE: expected fp16, f8E4M3, si8, ui8, si16, or ui16":0:0)]): Reached maxReorderingDistance 10
warning: loc(fused["mps_add_33"("(mpsFileLoc): /AppleInternal/Library/BuildRoots/4~CYf0ugAFA2MHVp9fguae4KUVbl8-CIxgGlWKSUA/Library/Caches/com.apple.xbs/TemporaryDirectory.p76yMP/Sources/MetalPerformanceShadersGraph/mpsgraph/MetalPerformanceShadersGraph/Core/Files/MPSGraphUtilities.mm":234:0), "ane_validation_message"("Incompatible element type for ANE: expected fp16, f8E4M3, si8, ui8, si16, or ui16":0:0)]): Reached maxReorderingDistance 10
warning: loc(fused["mps_add_43"("(mpsFileLoc): /AppleInternal/Library/BuildRoots/4~CYf0ugAFA2MHVp9fguae4KUVbl8-CIxgGlWKSUA/Library/Caches/com.apple.xbs/TemporaryDirectory.p76yMP/Sources/MetalPerformanceShadersGraph/mpsgraph/MetalPerformanceShadersGraph/Core/Files/MPSGraphUtilities.mm":234:0), "ane_validation_message"("Incompatible element type for ANE: expected fp16, f8E4M3, si8, ui8, si16, or ui16":0:0)]): Reached maxReorderingDistance 10
warning: loc(fused["gradient for tower_final_bn/multiplication"("(mpsFileLoc): /AppleInternal/Library/BuildRoots/4~CYf0ugAFA2MHVp9fguae4KUVbl8-CIxgGlWKSUA/Library/Caches/com.apple.xbs/TemporaryDirectory.p76yMP/Sources/MetalPerformanceShadersGraph/mpsgraph/MetalPerformanceShadersGraph/Core/Files/MPSGraphUtilities.mm":234:0), "ane_validation_message"("Incompatible element type for ANE: expected fp16, f8E4M3, si8, ui8, si16, or ui16":0:0)]): Reached maxReorderingDistance 10
warning: loc(fused["gradient for tower_final_bn/multiplication"("(mpsFileLoc): /AppleInternal/Library/BuildRoots/4~CYf0ugAFA2MHVp9fguae4KUVbl8-CIxgGlWKSUA/Library/Caches/com.apple.xbs/TemporaryDirectory.p76yMP/Sources/MetalPerformanceShadersGraph/mpsgraph/MetalPerformanceShadersGraph/Core/Files/MPSGraphUtilities.mm":234:0), "ane_validation_message"("Incompatible element type for ANE: expected fp16, f8E4M3, si8, ui8, si16, or ui16":0:0)]): Reached maxReorderingDistance 10
warning: loc(fused["mps_add_23"("(mpsFileLoc): /AppleInternal/Library/BuildRoots/4~CYf0ugAFA2MHVp9fguae4KUVbl8-CIxgGlWKSUA/Library/Caches/com.apple.xbs/TemporaryDirectory.p76yMP/Sources/MetalPerformanceShadersGraph/mpsgraph/MetalPerformanceShadersGraph/Core/Files/MPSGraphUtilities.mm":234:0), "ane_validation_message"("Incompatible element type for ANE: expected fp16, f8E4M3, si8, ui8, si16, or ui16":0:0)]): Reached maxReorderingDistance 10
warning: loc(fused["mps_add_23"("(mpsFileLoc): /AppleInternal/Library/BuildRoots/4~CYf0ugAFA2MHVp9fguae4KUVbl8-CIxgGlWKSUA/Library/Caches/com.apple.xbs/TemporaryDirectory.p76yMP/Sources/MetalPerformanceShadersGraph/mpsgraph/MetalPerformanceShadersGraph/Core/Files/MPSGraphUtilities.mm":234:0), "ane_validation_message"("Incompatible element type for ANE: expected fp16, f8E4M3, si8, ui8, si16, or ui16":0:0)]): Reached maxReorderingDistance 10
warning: loc(fused["mps_add_33"("(mpsFileLoc): /AppleInternal/Library/BuildRoots/4~CYf0ugAFA2MHVp9fguae4KUVbl8-CIxgGlWKSUA/Library/Caches/com.apple.xbs/TemporaryDirectory.p76yMP/Sources/MetalPerformanceShadersGraph/mpsgraph/MetalPerformanceShadersGraph/Core/Files/MPSGraphUtilities.mm":234:0), "ane_validation_message"("Incompatible element type for ANE: expected fp16, f8E4M3, si8, ui8, si16, or ui16":0:0)]): Reached maxReorderingDistance 10
warning: loc(fused["mps_add_33"("(mpsFileLoc): /AppleInternal/Library/BuildRoots/4~CYf0ugAFA2MHVp9fguae4KUVbl8-CIxgGlWKSUA/Library/Caches/com.apple.xbs/TemporaryDirectory.p76yMP/Sources/MetalPerformanceShadersGraph/mpsgraph/MetalPerformanceShadersGraph/Core/Files/MPSGraphUtilities.mm":234:0), "ane_validation_message"("Incompatible element type for ANE: expected fp16, f8E4M3, si8, ui8, si16, or ui16":0:0)]): Reached maxReorderingDistance 10
warning: loc(fused["mps_add_43"("(mpsFileLoc): /AppleInternal/Library/BuildRoots/4~CYf0ugAFA2MHVp9fguae4KUVbl8-CIxgGlWKSUA/Library/Caches/com.apple.xbs/TemporaryDirectory.p76yMP/Sources/MetalPerformanceShadersGraph/mpsgraph/MetalPerformanceShadersGraph/Core/Files/MPSGraphUtilities.mm":234:0), "ane_validation_message"("Incompatible element type for ANE: expected fp16, f8E4M3, si8, ui8, si16, or ui16":0:0)]): Reached maxReorderingDistance 10
warning: loc(fused["gradient for tower_final_bn/multiplication"("(mpsFileLoc): /AppleInternal/Library/BuildRoots/4~CYf0ugAFA2MHVp9fguae4KUVbl8-CIxgGlWKSUA/Library/Caches/com.apple.xbs/TemporaryDirectory.p76yMP/Sources/MetalPerformanceShadersGraph/mpsgraph/MetalPerformanceShadersGraph/Core/Files/MPSGraphUtilities.mm":234:0), "ane_validation_message"("Incompatible element type for ANE: expected fp16, f8E4M3, si8, ui8, si16, or ui16":0:0)]): Reached maxReorderingDistance 10
warning: loc(fused["gradient for tower_final_bn/multiplication"("(mpsFileLoc): /AppleInternal/Library/BuildRoots/4~CYf0ugAFA2MHVp9fguae4KUVbl8-CIxgGlWKSUA/Library/Caches/com.apple.xbs/TemporaryDirectory.p76yMP/Sources/MetalPerformanceShadersGraph/mpsgraph/MetalPerformanceShadersGraph/Core/Files/MPSGraphUtilities.mm":234:0), "ane_validation_message"("Incompatible element type for ANE: expected fp16, f8E4M3, si8, ui8, si16, or ui16":0:0)]): Reached maxReorderingDistance 10
warning: loc(fused["mps_add_23"("(mpsFileLoc): /AppleInternal/Library/BuildRoots/4~CYf0ugAFA2MHVp9fguae4KUVbl8-CIxgGlWKSUA/Library/Caches/com.apple.xbs/TemporaryDirectory.p76yMP/Sources/MetalPerformanceShadersGraph/mpsgraph/MetalPerformanceShadersGraph/Core/Files/MPSGraphUtilities.mm":234:0), "ane_validation_message"("Incompatible element type for ANE: expected fp16, f8E4M3, si8, ui8, si16, or ui16":0:0)]): Reached maxReorderingDistance 10
warning: loc(fused["mps_add_23"("(mpsFileLoc): /AppleInternal/Library/BuildRoots/4~CYf0ugAFA2MHVp9fguae4KUVbl8-CIxgGlWKSUA/Library/Caches/com.apple.xbs/TemporaryDirectory.p76yMP/Sources/MetalPerformanceShadersGraph/mpsgraph/MetalPerformanceShadersGraph/Core/Files/MPSGraphUtilities.mm":234:0), "ane_validation_message"("Incompatible element type for ANE: expected fp16, f8E4M3, si8, ui8, si16, or ui16":0:0)]): Reached maxReorderingDistance 10
warning: loc(fused["mps_add_33"("(mpsFileLoc): /AppleInternal/Library/BuildRoots/4~CYf0ugAFA2MHVp9fguae4KUVbl8-CIxgGlWKSUA/Library/Caches/com.apple.xbs/TemporaryDirectory.p76yMP/Sources/MetalPerformanceShadersGraph/mpsgraph/MetalPerformanceShadersGraph/Core/Files/MPSGraphUtilities.mm":234:0), "ane_validation_message"("Incompatible element type for ANE: expected fp16, f8E4M3, si8, ui8, si16, or ui16":0:0)]): Reached maxReorderingDistance 10
warning: loc(fused["mps_add_33"("(mpsFileLoc): /AppleInternal/Library/BuildRoots/4~CYf0ugAFA2MHVp9fguae4KUVbl8-CIxgGlWKSUA/Library/Caches/com.apple.xbs/TemporaryDirectory.p76yMP/Sources/MetalPerformanceShadersGraph/mpsgraph/MetalPerformanceShadersGraph/Core/Files/MPSGraphUtilities.mm":234:0), "ane_validation_message"("Incompatible element type for ANE: expected fp16, f8E4M3, si8, ui8, si16, or ui16":0:0)]): Reached maxReorderingDistance 10
warning: loc(fused["mps_add_43"("(mpsFileLoc): /AppleInternal/Library/BuildRoots/4~CYf0ugAFA2MHVp9fguae4KUVbl8-CIxgGlWKSUA/Library/Caches/com.apple.xbs/TemporaryDirectory.p76yMP/Sources/MetalPerformanceShadersGraph/mpsgraph/MetalPerformanceShadersGraph/Core/Files/MPSGraphUtilities.mm":234:0), "ane_validation_message"("Incompatible element type for ANE: expected fp16, f8E4M3, si8, ui8, si16, or ui16":0:0)]): Reached maxReorderingDistance 10
[REPLAY] starting offline corpus replay over 1 corpus path(s)
[REPLAY] start-model: 20261005-r7b24-fresh.safetensors modelID=20261005-22-yRzB encoding=basic24
[REPLAY-ARCH] (start-model) v5 . in basic24(24) -> stem 128 (7x7) . 3x[7x7+7x7 @128, no-SE, relu/pre, clean_add, no-ReZero, out:layer_norm, drop*1] . act relu . policy intermediate_conv(4864) . value WDL(16->FC128) . bfloat16 . 5,132,687 params
[REPLAY-HPARAMS] lr=0.01 batch=4096 wd=0.0003 momentum=0.9 gradClip=15 entropyBonus=0 drawPenalty=0 policyW=1 valueW=1 illegalW=1 pLabelSmooth=0.1 pLabelSmoothMode=fixed_total pLabelSmoothPerMove=0.0033 pLabelSmoothPerMoveCap=0.5 vLabelSmooth=0.013 dropout=0 lrWarmup=1000 bufCap=500000 replayRatio=0.48 minPrefill=250000 complementCE=on sqrtBatchLR=on batchStats=10 klProbe=100 sampling=(maxPerGame=400 maxDrawPct=100 targetLen=0 stratify=off applied=on)
[REPLAY] trainer-model output: /Users/andrew/Library/Application Support/DrewsChessMachine/Models/20261005-lrA-const01-replay-latest.safetensors (new file)
[REPLAY] enumerated checkpoints: /Users/andrew/Library/Application Support/DrewsChessMachine/Models/20261005-lrA-const01-replay-step1000.safetensors and siblings (never overwritten)
[REPLAY] corpus 20260624-192615-w3aA5b: 46 sealed shard(s)
[PARAM] random_seed from --seed: 20261005 (overrides random_seed_mode and random_seed=0 for this process)
[REPLAY] building network + trainer (encoding=basic24)
[NUMERICS] policy_tail_precision=fp32_from_pre_bn source=flag (affects bf16 / fp16 models only)
[REPLAY] start-model weights loaded into trainer (working+masters, velocity zeroed; new branch) + feeder net (base tensors=61)
[REPLAY-CYCLE] lr=off mom=off decay=[peak->1.00e-04 trough->1.00e-06 over 1000000st] momFollow=off origin=trainerStep 0 cycleStep 0 cycleLR=static cycleMom=static (new branch from 20261005-22-yRzB; its clock, warmup and velocity are not continued)
[RUN] path=replay run=2C66BFD0-B02B-441C-B26E-C0A74158821C seg=0 (branch from 20261005-22-yRzB sha=b750edb1883a) build=2320 git=1ab52554 dirty=true device="Apple M5 Max" vm=false os="Version 27.2 (Build 26B5091g)" seed=20261005 mode=seeded(--seed) derivation=v1 params_sha=360ed22905b1 cum_step=0 cum_games=0 cum_train_sec=0.0 argv="/Users/andrew/Library/Application Support/DrewsChessMachine/FrozenBuilds/DCM-2320-1ab52554.app/Contents/MacOS/DrewsChessMachine --replay-corpus 20260624-192615-w3aA5b --start-model /Users/andrew/Library/Application Support/DrewsChessMachine/Models/20261005-r7b24-fresh.safetensors --out-model /Users/andrew/Library/Application Support/DrewsChessMachine/Models/20261005-lrA-const01-replay-latest.safetensors --parameters /Users/andrew/cursor/drews-chess-machine/experiments/20261005-lr-schedule-ab/parameters-A.json --epochs 12 --training-step-limit 36000 --enumerate-checkpoints --policy-tail-precision fp32_from_pre_bn --seed 20261005"
[REPLAY] batchSize=4096 reuse=0.48 K=8533 minPrefill=250000 stepLimit=36000 epochLimit=12
[REPLAY] pre-filled: bufCount=250052 positionsFed=250052 gamesFed=3777 rejected=0 skipped=0
[REPLAY] step=1 loss=11.8138 pLoss=8.6299 vLoss=2.1901 pEnt=-- pIllM=0.9938 playedP=-- pW=-- pD=-- pL=-- vAbs=-- pLogitMean=-- vLogitMean=-- gNorm=31.172 lr=1e-05 ms=1111.2 buf=250052 plies=250052 games=3777 rejected=0 skipped=0 epoch=0 mom=0.9000 trainerStep=1
[LAYER-HEALTH] live trainerStep=1 scope=batch_norm_state_only reluSites=9/10 ch=1040 dead=0 off=0 alwaysOn=0 worst=none maxBetaOverGamma=+0.00@blocks.0.bn1[0] minBetaOverGamma=+0.00@blocks.0.bn1[0] rvMaxOverMedian=3.2@stem.bn[47] rezero=none nonFinite=0
[REPLAY] step=50 loss=9.3453 pLoss=7.4888 vLoss=0.9296 pEnt=2.516 pIllM=0.9268 playedP=0.063 pW=0.45 pD=0.08 pL=0.47 vAbs=0.183 pLogitMean=0.0166 vLogitMean=1.8556 gNorm=3.147 lr=0.0005 ms=1159.8 buf=500000 plies=668192 games=10125 rejected=0 skipped=0 epoch=0 mom=0.9000 trainerStep=50
[LAYER-HEALTH] live trainerStep=50 scope=batch_norm_state_only reluSites=9/10 ch=1040 dead=0 off=0 alwaysOn=0 worst=none maxBetaOverGamma=+0.00@policy.pre_bn[8] minBetaOverGamma=-0.01@policy.pre_bn[40] rvMaxOverMedian=3.4@stem.bn[47] rezero=none nonFinite=0
[REPLAY] step=100 loss=8.2180 pLoss=6.5761 vLoss=0.8827 pEnt=2.148 pIllM=0.7592 playedP=0.069 pW=0.47 pD=0.07 pL=0.46 vAbs=0.134 pLogitMean=0.0204 vLogitMean=1.8081 gNorm=2.075 lr=0.001 ms=1403.2 buf=500000 plies=1094822 games=16614 rejected=0 skipped=0 epoch=0 mom=0.9000 trainerStep=100
[LAYER-HEALTH] live trainerStep=100 scope=batch_norm_state_only reluSites=9/10 ch=1040 dead=0 off=0 alwaysOn=0 worst=none maxBetaOverGamma=+0.02@policy.pre_bn[8] minBetaOverGamma=-0.02@policy.pre_bn[40] rvMaxOverMedian=3.5@stem.bn[47] rezero=none nonFinite=0
[REPLAY] step=150 loss=7.4025 pLoss=5.9101 vLoss=0.8743 pEnt=2.214 pIllM=0.6180 playedP=0.074 pW=0.48 pD=0.06 pL=0.46 vAbs=0.125 pLogitMean=0.0336 vLogitMean=1.8274 gNorm=2.131 lr=0.0015 ms=1369.0 buf=500000 plies=1521507 games=23047 rejected=0 skipped=0 epoch=0 mom=0.9000 trainerStep=150
[LAYER-HEALTH] live trainerStep=150 scope=batch_norm_state_only reluSites=9/10 ch=1040 dead=0 off=0 alwaysOn=0 worst=none maxBetaOverGamma=+0.03@policy.pre_bn[8] minBetaOverGamma=-0.03@policy.pre_bn[40] rvMaxOverMedian=3.4@stem.bn[47] rezero=none nonFinite=0
[REPLAY] step=200 loss=6.5204 pLoss=5.1951 vLoss=0.8535 pEnt=2.384 pIllM=0.4718 playedP=0.086 pW=0.48 pD=0.06 pL=0.46 vAbs=0.136 pLogitMean=0.0654 vLogitMean=1.7502 gNorm=2.830 lr=0.002 ms=1346.0 buf=500000 plies=1948135 games=29513 rejected=0 skipped=0 epoch=0 mom=0.9000 trainerStep=200
[LAYER-HEALTH] live trainerStep=200 scope=batch_norm_state_only reluSites=9/10 ch=1040 dead=0 off=0 alwaysOn=0 worst=none maxBetaOverGamma=+0.04@policy.pre_bn[42] minBetaOverGamma=-0.03@policy.pre_bn[40] rvMaxOverMedian=3.5@stem.bn[47] rezero=none nonFinite=0
[REPLAY] step=250 loss=5.6604 pLoss=4.4614 vLoss=0.8599 pEnt=2.593 pIllM=0.3391 playedP=0.086 pW=0.47 pD=0.06 pL=0.47 vAbs=0.139 pLogitMean=0.1122 vLogitMean=1.7249 gNorm=3.672 lr=0.0025 ms=1361.0 buf=500000 plies=2374804 games=35963 rejected=0 skipped=0 epoch=0 mom=0.9000 trainerStep=250
[LAYER-HEALTH] live trainerStep=250 scope=batch_norm_state_only reluSites=9/10 ch=1040 dead=0 off=0 alwaysOn=0 worst=none maxBetaOverGamma=+0.04@policy.pre_bn[42] minBetaOverGamma=-0.03@policy.pre_bn[40] rvMaxOverMedian=3.5@stem.bn[47] rezero=none nonFinite=0
[REPLAY] step=300 loss=5.1357 pLoss=4.0105 vLoss=0.8482 pEnt=2.690 pIllM=0.2770 playedP=0.095 pW=0.46 pD=0.06 pL=0.48 vAbs=0.151 pLogitMean=0.1571 vLogitMean=1.6937 gNorm=3.524 lr=0.003 ms=1256.3 buf=500000 plies=2801422 games=42394 rejected=0 skipped=0 epoch=0 mom=0.9000 trainerStep=300
[LAYER-HEALTH] live trainerStep=300 scope=batch_norm_state_only reluSites=9/10 ch=1040 dead=0 off=0 alwaysOn=0 worst=none maxBetaOverGamma=+0.05@policy.pre_bn[42] minBetaOverGamma=-0.03@policy.pre_bn[40] rvMaxOverMedian=3.6@stem.bn[47] rezero=none nonFinite=0
[REPLAY] step=350 loss=4.9206 pLoss=3.8402 vLoss=0.8399 pEnt=2.767 pIllM=0.2404 playedP=0.095 pW=0.48 pD=0.05 pL=0.47 vAbs=0.157 pLogitMean=0.1920 vLogitMean=1.7151 gNorm=2.798 lr=0.0035 ms=1359.3 buf=500000 plies=3228166 games=48821 rejected=0 skipped=0 epoch=0 mom=0.9000 trainerStep=350
[LAYER-HEALTH] live trainerStep=350 scope=batch_norm_state_only reluSites=9/10 ch=1040 dead=0 off=0 alwaysOn=0 worst=none maxBetaOverGamma=+0.05@policy.pre_bn[42] minBetaOverGamma=-0.03@policy.pre_bn[40] rvMaxOverMedian=3.6@stem.bn[47] rezero=none nonFinite=0
[REPLAY] step=400 loss=4.7271 pLoss=3.6810 vLoss=0.8334 pEnt=2.790 pIllM=0.2127 playedP=0.101 pW=0.48 pD=0.05 pL=0.46 vAbs=0.170 pLogitMean=0.2201 vLogitMean=1.7762 gNorm=3.460 lr=0.004 ms=1375.0 buf=500000 plies=3654819 games=55255 rejected=0 skipped=0 epoch=0 mom=0.9000 trainerStep=400
[LAYER-HEALTH] live trainerStep=400 scope=batch_norm_state_only reluSites=9/10 ch=1040 dead=0 off=0 alwaysOn=0 worst=none maxBetaOverGamma=+0.05@policy.pre_bn[42] minBetaOverGamma=-0.03@policy.pre_bn[40] rvMaxOverMedian=3.7@stem.bn[32] rezero=none nonFinite=0
[REPLAY] step=450 loss=4.5880 pLoss=3.5595 vLoss=0.8407 pEnt=2.870 pIllM=0.1877 playedP=0.094 pW=0.44 pD=0.06 pL=0.49 vAbs=0.174 pLogitMean=0.2437 vLogitMean=1.7563 gNorm=2.668 lr=0.0045 ms=1557.6 buf=500000 plies=4081392 games=61710 rejected=0 skipped=0 epoch=0 mom=0.9000 trainerStep=450
[LAYER-HEALTH] live trainerStep=450 scope=batch_norm_state_only reluSites=9/10 ch=1040 dead=0 off=0 alwaysOn=0 worst=none maxBetaOverGamma=+0.05@tower_final_bn[31] minBetaOverGamma=-0.03@policy.pre_bn[40] rvMaxOverMedian=3.8@stem.bn[32] rezero=none nonFinite=0
[REPLAY] step=500 loss=4.5215 pLoss=3.5165 vLoss=0.8318 pEnt=2.879 pIllM=0.1732 playedP=0.098 pW=0.47 pD=0.06 pL=0.47 vAbs=0.155 pLogitMean=0.2599 vLogitMean=1.7355 gNorm=2.579 lr=0.005 ms=1248.1 buf=500000 plies=4508091 games=68143 rejected=0 skipped=0 epoch=0 mom=0.9000 trainerStep=500
[LAYER-HEALTH] live trainerStep=500 scope=batch_norm_state_only reluSites=9/10 ch=1040 dead=0 off=0 alwaysOn=0 worst=none maxBetaOverGamma=+0.06@tower_final_bn[31] minBetaOverGamma=-0.03@policy.pre_bn[40] rvMaxOverMedian=4.1@stem.bn[32] rezero=none nonFinite=0
[REPLAY] step=550 loss=4.4541 pLoss=3.4405 vLoss=0.8441 pEnt=2.847 pIllM=0.1696 playedP=0.108 pW=0.47 pD=0.07 pL=0.46 vAbs=0.172 pLogitMean=0.2766 vLogitMean=1.6791 gNorm=2.474 lr=0.0055 ms=1338.8 buf=500000 plies=4934688 games=74611 rejected=0 skipped=0 epoch=0 mom=0.9000 trainerStep=550
[LAYER-HEALTH] live trainerStep=550 scope=batch_norm_state_only reluSites=9/10 ch=1040 dead=0 off=0 alwaysOn=0 worst=none maxBetaOverGamma=+0.06@tower_final_bn[31] minBetaOverGamma=-0.03@policy.pre_bn[40] rvMaxOverMedian=4.3@stem.bn[32] rezero=none nonFinite=0
[REPLAY] step=600 loss=4.4450 pLoss=3.4276 vLoss=0.8562 pEnt=2.855 pIllM=0.1612 playedP=0.107 pW=0.48 pD=0.07 pL=0.45 vAbs=0.179 pLogitMean=0.2890 vLogitMean=1.7096 gNorm=2.571 lr=0.006 ms=1480.1 buf=500000 plies=5361349 games=81137 rejected=0 skipped=0 epoch=0 mom=0.9000 trainerStep=600
[LAYER-HEALTH] live trainerStep=600 scope=batch_norm_state_only reluSites=9/10 ch=1040 dead=0 off=0 alwaysOn=0 worst=none maxBetaOverGamma=+0.07@tower_final_bn[31] minBetaOverGamma=-0.03@policy.pre_bn[40] rvMaxOverMedian=4.5@stem.bn[32] rezero=none nonFinite=0
[REPLAY] step=650 loss=4.3460 pLoss=3.3725 vLoss=0.8264 pEnt=2.882 pIllM=0.1470 playedP=0.109 pW=0.48 pD=0.06 pL=0.46 vAbs=0.181 pLogitMean=0.3003 vLogitMean=1.7640 gNorm=2.597 lr=0.0065 ms=1339.1 buf=500000 plies=5787980 games=87653 rejected=0 skipped=0 epoch=0 mom=0.9000 trainerStep=650
[LAYER-HEALTH] live trainerStep=650 scope=batch_norm_state_only reluSites=9/10 ch=1040 dead=0 off=0 alwaysOn=0 worst=none maxBetaOverGamma=+0.07@tower_final_bn[31] minBetaOverGamma=-0.03@policy.pre_bn[40] rvMaxOverMedian=4.6@stem.bn[32] rezero=none nonFinite=0
[REPLAY] step=700 loss=4.2780 pLoss=3.3118 vLoss=0.8289 pEnt=2.886 pIllM=0.1373 playedP=0.111 pW=0.49 pD=0.06 pL=0.45 vAbs=0.178 pLogitMean=0.3115 vLogitMean=1.7981 gNorm=2.251 lr=0.007 ms=1387.0 buf=500000 plies=6214635 games=94100 rejected=0 skipped=0 epoch=0 mom=0.9000 trainerStep=700
[LAYER-HEALTH] live trainerStep=700 scope=batch_norm_state_only reluSites=9/10 ch=1040 dead=0 off=0 alwaysOn=0 worst=none maxBetaOverGamma=+0.08@tower_final_bn[31] minBetaOverGamma=-0.03@policy.pre_bn[40] rvMaxOverMedian=4.8@stem.bn[32] rezero=none nonFinite=0
[REPLAY] step=750 loss=4.2182 pLoss=3.2754 vLoss=0.8107 pEnt=2.871 pIllM=0.1321 playedP=0.115 pW=0.48 pD=0.05 pL=0.47 vAbs=0.182 pLogitMean=0.3207 vLogitMean=1.8326 gNorm=2.272 lr=0.0075 ms=1341.0 buf=500000 plies=6641305 games=100549 rejected=0 skipped=0 epoch=0 mom=0.9000 trainerStep=750
[LAYER-HEALTH] live trainerStep=750 scope=batch_norm_state_only reluSites=9/10 ch=1040 dead=0 off=0 alwaysOn=0 worst=none maxBetaOverGamma=+0.08@tower_final_bn[31] minBetaOverGamma=-0.03@policy.pre_bn[40] rvMaxOverMedian=4.9@stem.bn[32] rezero=none nonFinite=0
[REPLAY] step=800 loss=4.2366 pLoss=3.2857 vLoss=0.8301 pEnt=2.884 pIllM=0.1208 playedP=0.109 pW=0.45 pD=0.06 pL=0.49 vAbs=0.177 pLogitMean=0.3287 vLogitMean=1.7747 gNorm=3.084 lr=0.008 ms=1316.4 buf=500000 plies=7067936 games=106984 rejected=0 skipped=0 epoch=0 mom=0.9000 trainerStep=800
[LAYER-HEALTH] live trainerStep=800 scope=batch_norm_state_only reluSites=9/10 ch=1040 dead=0 off=0 alwaysOn=0 worst=none maxBetaOverGamma=+0.09@tower_final_bn[31] minBetaOverGamma=-0.03@policy.prewarning: loc(fused["gradient for tower_final_bn/multiplication"("(mpsFileLoc): /AppleInternal/Library/BuildRoots/4~CYf0ugAFA2MHVp9fguae4KUVbl8-CIxgGlWKSUA/Library/Caches/com.apple.xbs/TemporaryDirectory.p76yMP/Sources/MetalPerformanceShadersGraph/mpsgraph/MetalPerformanceShadersGraph/Core/Files/MPSGraphUtilities.mm":234:0), "ane_validation_message"("Incompatible element type for ANE: expected fp16, f8E4M3, si8, ui8, si16, or ui16":0:0)]): Reached maxReorderingDistance 10
warning: loc(fused["gradient for tower_final_bn/multiplication"("(mpsFileLoc): /AppleInternal/Library/BuildRoots/4~CYf0ugAFA2MHVp9fguae4KUVbl8-CIxgGlWKSUA/Library/Caches/com.apple.xbs/TemporaryDirectory.p76yMP/Sources/MetalPerformanceShadersGraph/mpsgraph/MetalPerformanceShadersGraph/Core/Files/MPSGraphUtilities.mm":234:0), "ane_validation_message"("Incompatible element type for ANE: expected fp16, f8E4M3, si8, ui8, si16, or ui16":0:0)]): Reached maxReorderingDistance 10
warning: loc(fused["mps_add_23"("(mpsFileLoc): /AppleInternal/Library/BuildRoots/4~CYf0ugAFA2MHVp9fguae4KUVbl8-CIxgGlWKSUA/Library/Caches/com.apple.xbs/TemporaryDirectory.p76yMP/Sources/MetalPerformanceShadersGraph/mpsgraph/MetalPerformanceShadersGraph/Core/Files/MPSGraphUtilities.mm":234:0), "ane_validation_message"("Incompatible element type for ANE: expected fp16, f8E4M3, si8, ui8, si16, or ui16":0:0)]): Reached maxReorderingDistance 10
warning: loc(fused["mps_add_23"("(mpsFileLoc): /AppleInternal/Library/BuildRoots/4~CYf0ugAFA2MHVp9fguae4KUVbl8-CIxgGlWKSUA/Library/Caches/com.apple.xbs/TemporaryDirectory.p76yMP/Sources/MetalPerformanceShadersGraph/mpsgraph/MetalPerformanceShadersGraph/Core/Files/MPSGraphUtilities.mm":234:0), "ane_validation_message"("Incompatible element type for ANE: expected fp16, f8E4M3, si8, ui8, si16, or ui16":0:0)]): Reached maxReorderingDistance 10
warning: loc(fused["mps_add_33"("(mpsFileLoc): /AppleInternal/Library/BuildRoots/4~CYf0ugAFA2MHVp9fguae4KUVbl8-CIxgGlWKSUA/Library/Caches/com.apple.xbs/TemporaryDirectory.p76yMP/Sources/MetalPerformanceShadersGraph/mpsgraph/MetalPerformanceShadersGraph/Core/Files/MPSGraphUtilities.mm":234:0), "ane_validation_message"("Incompatible element type for ANE: expected fp16, f8E4M3, si8, ui8, si16, or ui16":0:0)]): Reached maxReorderingDistance 10
warning: loc(fused["mps_add_33"("(mpsFileLoc): /AppleInternal/Library/BuildRoots/4~CYf0ugAFA2MHVp9fguae4KUVbl8-CIxgGlWKSUA/Library/Caches/com.apple.xbs/TemporaryDirectory.p76yMP/Sources/MetalPerformanceShadersGraph/mpsgraph/MetalPerformanceShadersGraph/Core/Files/MPSGraphUtilities.mm":234:0), "ane_validation_message"("Incompatible element type for ANE: expected fp16, f8E4M3, si8, ui8, si16, or ui16":0:0)]): Reached maxReorderingDistance 10
warning: loc(fused["mps_add_43"("(mpsFileLoc): /AppleInternal/Library/BuildRoots/4~CYf0ugAFA2MHVp9fguae4KUVbl8-CIxgGlWKSUA/Library/Caches/com.apple.xbs/TemporaryDirectory.p76yMP/Sources/MetalPerformanceShadersGraph/mpsgraph/MetalPerformanceShadersGraph/Core/Files/MPSGraphUtilities.mm":234:0), "ane_validation_message"("Incompatible element type for ANE: expected fp16, f8E4M3, si8, ui8, si16, or ui16":0:0)]): Reached maxReorderingDistance 10
_bn[40] rvMaxOverMedian=5.0@stem.bn[32] rezero=none nonFinite=0
[REPLAY] step=850 loss=4.1686 pLoss=3.2232 vLoss=0.8277 pEnt=2.883 pIllM=0.1177 playedP=0.115 pW=0.48 pD=0.06 pL=0.45 vAbs=0.187 pLogitMean=0.3361 vLogitMean=1.7879 gNorm=2.718 lr=0.0085 ms=1283.2 buf=500000 plies=7494593 games=113499 rejected=0 skipped=0 epoch=0 mom=0.9000 trainerStep=850
[LAYER-HEALTH] live trainerStep=850 scope=batch_norm_state_only reluSites=9/10 ch=1040 dead=0 off=0 alwaysOn=0 worst=none maxBetaOverGamma=+0.09@tower_final_bn[31] minBetaOverGamma=-0.03@policy.pre_bn[40] rvMaxOverMedian=5.0@stem.bn[32] rezero=none nonFinite=0
[REPLAY] step=900 loss=4.1507 pLoss=3.2188 vLoss=0.8172 pEnt=2.901 pIllM=0.1147 playedP=0.115 pW=0.47 pD=0.06 pL=0.47 vAbs=0.177 pLogitMean=0.3430 vLogitMean=1.8600 gNorm=2.054 lr=0.009 ms=1322.6 buf=500000 plies=7921223 games=119988 rejected=0 skipped=0 epoch=0 mom=0.9000 trainerStep=900
[LAYER-HEALTH] live trainerStep=900 scope=batch_norm_state_only reluSites=9/10 ch=1040 dead=0 off=0 alwaysOn=0 worst=none maxBetaOverGamma=+0.10@tower_final_bn[31] minBetaOverGamma=-0.03@policy.pre_bn[40] rvMaxOverMedian=5.1@stem.bn[32] rezero=none nonFinite=0
[REPLAY] step=950 loss=4.1185 pLoss=3.2064 vLoss=0.8067 pEnt=2.915 pIllM=0.1054 playedP=0.110 pW=0.46 pD=0.06 pL=0.48 vAbs=0.184 pLogitMean=0.3488 vLogitMean=1.9005 gNorm=2.338 lr=0.0095 ms=1371.5 buf=500000 plies=8347899 games=126489 rejected=0 skipped=0 epoch=0 mom=0.9000 trainerStep=950
[LAYER-HEALTH] live trainerStep=950 scope=batch_norm_state_only reluSites=9/10 ch=1040 dead=0 off=0 alwaysOn=0 worst=none maxBetaOverGamma=+0.11@tower_final_bn[31] minBetaOverGamma=-0.03@policy.pre_bn[40] rvMaxOverMedian=5.3@stem.bn[32] rezero=none nonFinite=0
[REPLAY] step=1000 loss=4.1172 pLoss=3.1814 vLoss=0.8321 pEnt=2.889 pIllM=0.1037 playedP=0.118 pW=0.46 pD=0.07 pL=0.47 vAbs=0.179 pLogitMean=0.3546 vLogitMean=1.7860 gNorm=2.040 lr=0.01 ms=1430.4 buf=500000 plies=8774530 games=132916 rejected=0 skipped=0 epoch=0 mom=0.9000 trainerStep=1000
[LAYER-HEALTH] live trainerStep=1000 scope=batch_norm_state_only reluSites=9/10 ch=1040 dead=0 off=0 alwaysOn=0 worst=none maxBetaOverGamma=+0.11@tower_final_bn[31] minBetaOverGamma=-0.03@policy.pre_bn[40] rvMaxOverMedian=5.4@stem.bn[32] rezero=none nonFinite=0
[REPLAY] saved trainer model (autosave) step=1000 trainerStep=1000 nextGame=132916 shard=0 epoch=0 -> 20261005-lrA-const01-replay-latest.safetensors
[LAYER-HEALTH] checkpoint replay-autosave step=1000 trainerStep=1000 scope=all_tensors reluSites=9/10 ch=1040 dead=0 off=0 alwaysOn=0 worst=none maxBetaOverGamma=+0.11@tower_final_bn[31] minBetaOverGamma=-0.03@policy.pre_bn[40] rvMaxOverMedian=5.4@stem.bn[32] rezero=none nonFinite=0 seZeroVel=none valueFC1ZeroVel=0/128 maxAbs=3.251@blocks.0.bn2.running_var
[LAYER-HEALTH]   batch-norm sites — β/|γ|: dead < -3.00, mostly off < -2.00, always on > +3.00; classified for relu/leaky_relu only
[LAYER-HEALTH]     site            act            ch   dead    off     on  zeroγ nonfin  min β/|γ| [ch]     max β/|γ| [ch]     rv max/median [ch]
[LAYER-HEALTH]     stem.bn         -             128    n/a    n/a    n/a      0      0     -0.00 [85]         +0.02 [31]            5.4 [32]
[LAYER-HEALTH]     blocks.0.bn1    relu          128      0      0      0      0      0     -0.01 [109]        +0.04 [31]            1.1 [31]
[LAYER-HEALTH]     blocks.0.bn2    relu          128      0      0      0      0      0     -0.01 [117]        +0.02 [8]             3.5 [20]
[LAYER-HEALTH]     blocks.1.bn1    relu          128      0      0      0      0      0     -0.00 [10]         +0.03 [97]            1.7 [31]
[LAYER-HEALTH]     blocks.1.bn2    relu          128      0      0      0      0      0     -0.01 [37]         +0.02 [26]            1.9 [28]
[LAYER-HEALTH]     blocks.2.bn1    relu          128      0      0      0      0      0     -0.01 [29]         +0.04 [30]            1.9 [29]
[LAYER-HEALTH]     blocks.2.bn2    relu          128      0      0      0      0      0     -0.00 [32]         +0.03 [29]            1.8 [7]
[LAYER-HEALTH]     tower_final_bn  relu          128      0      0      0      0      0     -0.02 [80]         +0.11 [31]            2.8 [19]
[LAYER-HEALTH]     policy.pre_bn   relu          128      0      0      0      0      0     -0.03 [40]         +0.07 [39]            2.8 [4]
[LAYER-HEALTH]     value.bn        relu           16      0      0      0      0      0     -0.02 [13]         +0.01 [0]             1.7 [1]
[LAYER-HEALTH]   FC hidden-unit velocity — zero: every weight-velocity entry exactly 0; low: nonzero but < 5% of the layer's p90 unit norm
[LAYER-HEALTH]     value.fc1.weight  relu  units 128  zero 0  low 7  median unit norm 0.01165
[LAYER-HEALTH]     (no SE blocks)
[LAYER-HEALTH]   ReZero: none
[LAYER-HEALTH]   non-finite: 0 values in 0 of 102 tensors (10263038 values examined)
[LAYER-HEALTH]   largest |value|: blocks.0.bn2.running_var 3.251, tower_final_bn.running_mean 2.648, blocks.2.bn1.running_mean 2.079, blocks.1.bn1.running_mean 2.073, policy.pre_bn.running_var 1.852
[REPLAY] enumerated checkpoint -> 20261005-lrA-const01-replay-step1000.safetensors
[REPLAY] step=1050 loss=4.1175 pLoss=3.1889 vLoss=0.8275 pEnt=2.871 pIllM=0.1011 playedP=0.121 pW=0.48 pD=0.06 pL=0.46 vAbs=0.174 pLogitMean=0.3604 vLogitMean=1.7949 gNorm=1.976 lr=0.01 ms=1358.1 buf=500000 plies=9201214 games=139396 rejected=0 skipped=0 epoch=0 mom=0.9000 trainerStep=1050
[LAYER-HEALTH] live trainerStep=1050 scope=batch_norm_state_only reluSites=9/10 ch=1040 dead=0 off=0 alwaysOn=0 worst=none maxBetaOverGamma=+0.12@tower_final_bn[31] minBetaOverGamma=-0.03@policy.pre_bn[40] rvMaxOverMedian=5.5@stem.bn[32] rezero=none nonFinite=0
[REPLAY] step=1100 loss=4.0884 pLoss=3.1736 vLoss=0.8151 pEnt=2.898 pIllM=0.0997 playedP=0.121 pW=0.49 pD=0.07 pL=0.45 vAbs=0.183 pLogitMean=0.3643 vLogitMean=1.7828 gNorm=1.726 lr=0.01 ms=1353.7 buf=500000 plies=9627836 games=145925 rejected=0 skipped=0 epoch=0 mom=0.9000 trainerStep=1100
[LAYER-HEALTH] live trainerStep=1100 scope=batch_norm_state_only reluSites=9/10 ch=1040 dead=0 off=0 alwaysOn=0 worst=none maxBetaOverGamma=+0.12@tower_final_bn[31] minBetaOverGamma=-0.03@policy.pre_bn[40] rvMaxOverMedian=5.6@stem.bn[32] rezero=none nonFinite=0
[REPLAY] step=1150 loss=4.0955 pLoss=3.1698 vLoss=0.8334 pEnt=2.871 pIllM=0.0923 playedP=0.122 pW=0.49 pD=0.06 pL=0.45 vAbs=0.190 pLogitMean=0.3666 vLogitMean=1.7768 gNorm=2.441 lr=0.01 ms=1382.5 buf=500000 plies=10054477 games=152388 rejected=0 skipped=0 epoch=0 mom=0.9000 trainerStep=1150
[LAYER-HEALTH] live trainerStep=1150 scope=batch_norm_state_only reluSites=9/10 ch=1040 dead=0 off=0 alwaysOn=0 worst=none maxBetaOverGamma=+0.13@tower_final_bn[31] minBetaOverGamma=-0.03@policy.pre_bn[40] rvMaxOverMedian=5.6@stem.bn[32] rezero=none nonFinite=0
[REPLAY] step=1200 loss=4.0220 pLoss=3.1102 vLoss=0.8184 pEnt=2.861 pIllM=0.0934 playedP=0.129 pW=0.45 pD=0.06 pL=0.48 vAbs=0.175 pLogitMean=0.3720 vLogitMean=1.7658 gNorm=2.056 lr=0.01 ms=1439.2 buf=500000 plies=10481119 games=158937 rejected=0 skipped=0 epoch=0 mom=0.9000 trainerStep=1200
[LAYER-HEALTH] live trainerStep=1200 scope=batch_norm_state_only reluSites=9/10 ch=1040 dead=0 off=0 alwaysOn=0 worst=none maxBetaOverGamma=+0.13@tower_final_bn[31] minBetaOverGamma=-0.03@policy.pre_bn[40] rvMaxOverMedian=5.7@stem.bn[32] rezero=none nonFinite=0
[REPLAY] step=1250 loss=4.0172 pLoss=3.1096 vLoss=0.8209 pEnt=2.883 pIllM=0.0867 playedP=0.125 pW=0.47 pD=0.06 pL=0.47 vAbs=0.184 pLogitMean=0.3741 vLogitMean=1.7726 gNorm=1.876 lr=0.01 ms=1293.8 buf=500000 plies=10907775 games=165443 rejected=0 skipped=0 epoch=0 mom=0.9000 trainerStep=1250
[LAYER-HEALTH] live trainerStep=1250 scope=batch_norm_state_only reluSites=9/10 ch=1040 dead=0 off=0 alwaysOn=0 worst=none maxBetaOverGamma=+0.14@tower_final_bn[31] minBetaOverGamma=-0.03@policy.pre_bn[40] rvMaxOverMedian=5.8@stem.bn[32] rezero=none nonFinite=0
[REPLAY] step=1300 loss=4.0233 pLoss=3.1390 vLoss=0.8025 pEnt=2.915 pIllM=0.0818 playedP=0.121 pW=0.49 pD=0.06 pL=0.46 vAbs=0.198 pLogitMean=0.3788 vLogitMean=1.8448 gNorm=1.966 lr=0.01 ms=1321.9 buf=500000 plies=11334448 games=171904 rejected=0 skipped=0 epoch=0 mom=0.9000 trainerStep=1300
[LAYER-HEALTH] live trainerStep=1300 scope=batch_norm_state_only reluSites=9/10 ch=1040 dead=0 off=0 alwaysOn=0 worst=none maxBetaOverGamma=+0.14@tower_final_bn[31] minBetaOverGamma=-0.03@policy.pre_bn[40] rvMaxOverMedian=5.9@stem.bn[32] rezero=none nonFinite=0
[REPLAY] step=1350 loss=4.0288 pLoss=3.1181 vLoss=0.8287 pEnt=2.881 pIllM=0.0821 playedP=0.125 pW=0.49 pD=0.06 pL=0.45 vAbs=0.188 pLogitMean=0.3815 vLogitMean=1.8359 gNorm=1.891 lr=0.01 ms=1428.7 buf=500000 plies=11761188 games=178282 rejected=0 skipped=0 epoch=0 mom=0.9000 trainerStep=1350
[LAYER-HEALTH] live trainerStep=1350 scope=batch_norm_state_only reluSites=9/10 ch=1040 dead=0 off=0 alwaysOn=0 worst=none maxBetaOverGamma=+0.15@tower_final_bn[31] minBetaOverGamma=-0.03@policy.pre_bn[40] rvMaxOverMedian=6.1@stem.bn[32] rezero=none nonFinite=0
[REPLAY] step=1400 loss=4.0083 pLoss=3.1079 vLoss=0.8206 pEnt=2.875 pIllM=0.0798 playedP=0.130 pW=0.49 pD=0.06 pL=0.45 vAbs=0.177 pLogitMean=0.3848 vLogitMean=1.8464 gNorm=1.985 lr=0.01 ms=1269.1 buf=500000 plies=12187759 games=184728 rejected=0 skipped=0 epoch=0 mom=0.9000 trainerStep=1400
[LAYER-HEALTH] live trainerStep=1400 scope=batch_norm_state_only reluSites=9/10 ch=1040 dead=0 off=0 alwaysOn=0 worst=none maxBetaOverGamma=+0.15@tower_final_bn[31] minBetaOverGamma=-0.03@policy.pre_bn[40] rvMaxOverMedian=6.0@stem.bn[32] rezero=none nonFinite=0
[REPLAY] step=1450 loss=3.9747 pLoss=3.0846 vLoss=0.8129 pEnt=2.878 pIllM=0.0773 playedP=0.124 pW=0.46 pD=0.07 pL=0.47 vAbs=0.191 pLogitMean=0.3869 vLogitMean=1.7781 gNorm=1.577 lr=0.01 ms=1328.5 buf=500000 plies=12614406 games=191184 rejected=0 skipped=0 epoch=0 mom=0.9000 trainerStep=1450
[LAYER-HEALTH] live trainerStep=1450 scope=batch_norm_state_only reluSites=9/10 ch=1040 dead=0 off=0 alwaysOn=0 worst=none maxBetaOverGamma=+0.15@tower_final_bn[31] minBetaOverGamma=-0.03@policy.pre_bn[40] rvMaxOverMedian=6.0@stem.bn[32] rezero=none nonFinite=0
[REPLAY] step=1500 loss=3.9722 pLoss=3.0718 vLoss=0.8240 pEnt=2.838 pIllM=0.0764 playedP=0.136 pW=0.47 pD=0.06 pL=0.47 vAbs=0.199 pLogitMean=0.3907 vLogitMean=1.8351 gNorm=1.835 lr=0.01 ms=1167.8 buf=500000 plies=13041037 games=197659 rejected=0 skipped=0 epoch=0 mom=0.9000 trainerStep=1500
[LAYER-HEALTH] live trainerStep=1500 scope=batch_norm_state_only reluSites=9/10 ch=1040 dead=0 off=0 alwaysOn=0 worst=none maxBetaOverGamma=+0.16@tower_final_bn[31] minBetaOverGamma=-0.03@policy.pre_bn[40] rvMaxOverMedian=6.0@stem.bn[32] rezero=none nonFinite=0
[REPLAY] step=1550 loss=3.9797 pLoss=3.0834 vLoss=0.8204 pEnt=2.882 pIllM=0.0759 playedP=0.130 pW=0.48 pD=0.06 pL=0.46 vAbs=0.172 pLogitMean=0.3920 vLogitMean=1.8673 gNorm=1.708 lr=0.01 ms=1450.9 buf=500000 plies=13467683 games=204002 rejected=0 skipped=0 epoch=0 mom=0.9000 trainerStep=1550
[LAYER-HEALTH] live trainerStep=1550 scope=batch_norm_state_only reluSites=9/10 ch=1040 dead=0 off=0 alwaysOn=0 worst=none maxBetaOverGamma=+0.16@tower_final_bn[31] minBetaOverGamma=-0.03@policy.pre_bn[40] rvMaxOverMedian=6.0@stem.bn[32] rezero=none nonFinite=0
[REPLAY] step=1600 loss=3.9609 pLoss=3.0642 vLoss=0.8225 pEnt=2.860 pIllM=0.0743 playedP=0.132 pW=0.46 pD=0.07 pL=0.48 vAbs=0.175 pLogitMean=0.3939 vLogitMean=1.8964 gNorm=1.765 lr=0.01 ms=1331.8 buf=500000 plies=13894401 games=210364 rejected=0 skipped=0 epoch=0 mom=0.9000 trainerStep=1600
[LAYER-HEALTH] live trainerStep=1600 scope=batch_norm_state_only reluSites=9/10 ch=1040 dead=0 off=0 alwaysOn=0 worst=none maxBetaOverGamma=+0.16@tower_final_bn[31] minBetaOverGamma=-0.03@policy.pre_bn[40] rvMaxOverMedian=6.1@stem.bn[32] rezero=none nonFinite=0
[REPLAY] step=1650 loss=3.9293 pLoss=3.0554 vLoss=0.8043 pEnt=2.881 pIllM=0.0696 playedP=0.126 pW=0.46 pD=0.06 pL=0.48 vAbs=0.178 pLogitMean=0.3971 vLogitMean=1.8830 gNorm=1.506 lr=0.01 ms=1372.2 buf=500000 plies=14320978 games=216805 rejected=0 skipped=0 epoch=0 mom=0.9000 trainerStep=1650
[LAYER-HEALTH] live trainerStep=1650 scope=batch_norm_state_only reluSites=9/10 ch=1040 dead=0 off=0 alwaysOn=0 worst=none maxBetaOverGamma=+0.17@tower_final_bn[31] minBetaOverGamma=-0.03@policy.pre_bn[40] rvMaxOverMedian=6.3@stem.bn[32] rezero=none nonFinite=0
[REPLAY] step=1700 loss=3.9114 pLoss=3.0351 vLoss=0.8084 pEnt=2.904 pIllM=0.0678 playedP=0.125 pW=0.49 pD=0.06 pL=0.45 vAbs=0.204 pLogitMean=0.3995 vLogitMean=1.8778 gNorm=1.623 lr=0.01 ms=1310.1 buf=500000 plies=14747619 games=223222 rejected=0 skipped=0 epoch=0 mom=0.9000 trainerStep=1700
[LAYER-HEALTH] live trainerStep=1700 scope=batch_norm_state_only reluSites=9/10 ch=1040 dead=0 off=0 alwaysOn=0 worst=none maxBetaOverGamma=+0.17@tower_final_bn[31] minBetaOverGamma=-0.03@policy.pre_bn[40] rvMaxOverMedian=6.5@stem.bn[32] rezero=none nonFinite=0
[REPLAY] step=1750 loss=3.9373 pLoss=3.0575 vLoss=0.8100 pEnt=2.869 pIllM=0.0698 playedP=0.132 pW=0.47 pD=0.06 pL=0.47 vAbs=0.187 pLogitMean=0.4023 vLogitMean=1.8585 gNorm=1.732 lr=0.01 ms=1292.4 buf=500000 plies=15174282 games=229727 rejected=0 skipped=0 epoch=0 mom=0.9000 trainerStep=1750
[LAYER-HEALTH] live trainerStep=1750 scope=batch_norm_state_only reluSites=9/10 ch=1040 dead=0 off=0 alwaysOn=0 worst=none maxBetaOverGamma=+0.17@tower_final_bn[31] minBetaOverGamma=-0.03@policy.pre_bn[40] rvMaxOverMedian=6.5@stem.bn[32] rezero=none nonFinite=0
[REPLAY] step=1800 loss=3.9191 pLoss=3.0446 vLoss=0.8071 pEnt=2.897 pIllM=0.0674 playedP=0.130 pW=0.47 pD=0.06 pL=0.47 vAbs=0.185 pLogitMean=0.4027 vLogitMean=1.8744 gNorm=1.833 lr=0.01 ms=1467.0 buf=500000 plies=15600921 games=236281 rejected=0 skipped=0 epoch=0 mom=0.9000 trainerStep=1800
[LAYER-HEALTH] live trainerStep=1800 scope=batch_norm_state_only reluSites=9/10 ch=1040 dead=0 off=0 alwaysOn=0 worst=none maxBetaOverGamma=+0.17@tower_final_bn[31] minBetaOverGamma=-0.03@policy.pre_bn[40] rvMaxOverMedian=6.6@stem.bn[32] rezero=none nonFinite=0
[REPLAY] step=1850 loss=3.8992 pLoss=3.0174 vLoss=0.8183 pEnt=2.878 pIllM=0.0636 playedP=0.131 pW=0.46 pD=0.06 pL=0.48 vAbs=0.193 pLogitMean=0.4035 vLogitMean=1.8447 gNorm=1.960 lr=0.01 ms=1341.2 buf=500000 plies=16027622 games=242762 rejected=0 skipped=0 epoch=0 mom=0.9000 trainerStep=1850
[LAYER-HEALTH] live trainerStep=1850 scope=batch_norm_state_only reluSites=9/10 ch=1040 dead=0 off=0 alwaysOn=0 worst=none maxBetaOverGamma=+0.18@tower_final_bn[31] minBetaOverGamma=-0.03@policy.pre_bn[40] rvMaxOverMedian=6.6@stem.bn[32] rezero=none nonFinite=0
[REPLAY] step=1900 loss=3.8749 pLoss=2.9975 vLoss=0.8163 pEnt=2.911 pIllM=0.0611 playedP=0.128 pW=0.46 pD=0.06 pL=0.47 vAbs=0.202 pLogitMean=0.4053 vLogitMean=1.8669 gNorm=1.631 lr=0.01 ms=1309.8 buf=500000 plies=16454219 games=249306 rejected=0 skipped=0 epoch=0 mom=0.9000 trainerStep=1900
[LAYER-HEALTH] live trainerStep=1900 scope=batch_norm_state_only reluSites=9/10 ch=1040 dead=0 off=0 alwaysOn=0 worst=none maxBetaOverGamma=+0.18@tower_final_bn[31] minBetaOverGamma=-0.03@policy.pre_bn[40] rvMaxOverMedian=6.6@stem.bn[32] rezero=none nonFinite=0
[REPLAY] step=1950 loss=3.9232 pLoss=3.0412 vLoss=0.8236 pEnt=2.925 pIllM=0.0584 playedP=0.127 pW=0.46 pD=0.07 pL=0.48 vAbs=0.184 pLogitMean=0.4075 vLogitMean=1.8083 gNorm=1.553 lr=0.01 ms=1377.1 buf=500000 plies=16880892 games=255747 rejected=0 skipped=0 epoch=0 mom=0.9000 trainerStep=1950
[LAYER-HEALTH] live trainerStep=1950 scope=batch_norm_state_only reluSites=9/10 ch=1040 dead=0 off=0 alwaysOn=0 worst=none maxBetaOverGamma=+0.18@tower_final_bn[31] minBetaOverGamma=-0.03@policy.pre_bn[40] rvMaxOverMedian=6.6@stem.bn[32] rezero=none nonFinite=0
[REPLAY] step=2000 loss=3.9051 pLoss=3.0233 vLoss=0.8170 pEnt=2.876 pIllM=0.0649 playedP=0.134 pW=0.47 pD=0.06 pL=0.46 vAbs=0.188 pLogitMean=0.4093 vLogitMean=1.8572 gNorm=1.721 lr=0.01 ms=1385.8 buf=500000 plies=17307559 games=262256 rejected=0 skipped=0 epoch=0 mom=0.9000 trainerStep=2000
[LAYER-HEALTH] live trainerStep=2000 scope=batch_norm_state_only reluSites=9/10 ch=1040 dead=0 off=0 alwaysOn=0 worst=none maxBetaOverGamma=+0.18@tower_final_bn[31] minBetaOverGamma=-0.03@policy.pre_bn[40] rvMaxOverMedian=6.7@stem.bn[32] rezero=none nonFinite=0
[REPLAY] saved trainer model (autosave) step=2000 trainerStep=2000 nextGame=262256 shard=0 epoch=0 -> 20261005-lrA-const01-replay-latest.safetensors
[LAYER-HEALTH] checkpoint replay-autosave step=2000 trainerStep=2000 scope=all_tensors reluSites=9/10 ch=1040 dead=0 off=0 alwaysOn=0 worst=none maxBetaOverGamma=+0.18@tower_final_bn[31] minBetaOverGamma=-0.03@policy.pre_bn[40] rvMaxOverMedian=6.7@stem.bn[32] rezero=none nonFinite=0 seZeroVel=none valueFC1ZeroVel=0/128 maxAbs=3.432@blocks.0.bn2.running_var
[LAYER-HEALTH]   batch-norm sites — β/|γ|: dead < -3.00, mostly off < -2.00, always on > +3.00; classified for relu/leaky_relu only
[LAYER-HEALTH]     site            act            ch   dead    off     on  zeroγ nonfin  min β/|γ| [ch]     max β/|γ| [ch]     rv max/median [ch]
[LAYER-HEALTH]     stem.bn         -             128    n/a    n/a    n/a      0      0     -0.01 [85]         +0.02 [31]            6.7 [32]
[LAYER-HEALTH]     blocks.0.bn1    relu          128      0      0      0      0      0     -0.01 [109]        +0.06 [31]            1.2 [97]
[LAYER-HEALTH]     blocks.0.bn2    relu          128      0      0      0      0      0     -0.02 [117]        +0.03 [8]             2.9 [20]
[LAYER-HEALTH]     blocks.1.bn1    relu          128      0      0      0      0      0     -0.01 [10]         +0.06 [31]            2.1 [31]
[LAYER-HEALTH]     blocks.1.bn2    relu          128      0      0      0      0      0     -0.01 [112]        +0.03 [1]             1.6 [40]
[LAYER-HEALTH]     blocks.2.bn1    relu          128      0      0      0      0      0     -0.01 [47]         +0.06 [30]            2.0 [108]
[LAYER-HEALTH]     blocks.2.bn2    relu          128      0      0      0      0      0     -0.00 [123]        +0.05 [29]            1.5 [7]
[LAYER-HEALTH]     tower_final_bn  relu          128      0      0      0      0      0     -0.03 [109]        +0.18 [31]            3.1 [19]
[LAYER-HEALTH]     policy.pre_bn   relu          128      0      0      0      0      0     -0.03 [40]         +0.09 [7]             2.8 [4]
[LAYER-HEALTH]     value.bn        relu           16      0      0      0      0      0     -0.02 [13]         +0.02 [0]             1.7 [11]
[LAYER-HEALTH]   FC hidden-unit velocity — zero: every weight-velocity entry exactly 0; low: nonzero but < 5% of the layer's p90 unit norm
[LAYER-HEALTH]     value.fc1.weight  relu  units 128  zero 0  low 8  median unit norm 0.009399
[LAYER-HEALTH]     (no SE blocks)
[LAYER-HEALTH]   ReZero: none
[LAYER-HEALTH]   non-finite: 0 values in 0 of 102 tensors (10263038 values examined)
[LAYER-HEALTH]   largest |value|: blocks.0.bn2.running_var 3.432, tower_final_bn.running_mean 2.484, blocks.2.bn1.running_mean 2.28, blocks.1.bn1.running_mean 2.115, policy.pre_bn.running_var 1.925
[REPLAY] enumerated checkpoint -> 20261005-lrA-const01-replay-step2000.safetensors
[REPLAY] step=2050 loss=3.9389 pLoss=3.0457 vLoss=0.8332 pEnt=2.876 pIllM=0.0601 playedP=0.134 pW=0.47 pD=0.07 pL=0.46 vAbs=0.177 pLogitMean=0.4109 vLogitMean=1.8323 gNorm=1.545 lr=0.01 ms=1306.2 buf=500000 plies=17734184 games=268713 rejected=0 skipped=0 epoch=0 mom=0.9000 trainerStep=2050
[LAYER-HEALTH] live trainerStep=2050 scope=batch_norm_state_only reluSites=9/10 ch=1040 dead=0 off=0 alwaysOn=0 worst=none maxBetaOverGamma=+0.19@tower_final_bn[31] minBetaOverGamma=-0.03@tower_final_bn[109] rvMaxOverMedian=6.6@stem.bn[32] rezero=none nonFinite=0
[REPLAY] step=2100 loss=3.9061 pLoss=3.0145 vLoss=0.8307 pEnt=2.884 pIllM=0.0610 playedP=0.130 pW=0.46 pD=0.07 pL=0.47 vAbs=0.174 pLogitMean=0.4132 vLogitMean=1.8069 gNorm=1.596 lr=0.01 ms=1310.0 buf=500000 plies=18160840 games=275254 rejected=0 skipped=0 epoch=0 mom=0.9000 trainerStep=2100
[LAYER-HEALTH] live trainerStep=2100 scope=batch_norm_state_only reluSites=9/10 ch=1040 dead=0 off=0 alwaysOn=0 worst=none maxBetaOverGamma=+0.19@tower_final_bn[31] minBetaOverGamma=-0.03@tower_final_bn[109] rvMaxOverMedian=6.6@stem.bn[32] rezero=none nonFinite=0
[REPLAY] step=2150 loss=3.9525 pLoss=3.0722 vLoss=0.8200 pEnt=2.897 pIllM=0.0603 playedP=0.130 pW=0.49 pD=0.06 pL=0.45 vAbs=0.179 pLogitMean=0.4147 vLogitMean=1.8629 gNorm=1.527 lr=0.01 ms=1458.5 buf=500000 plies=18587479 games=281746 rejected=0 skipped=0 epoch=0 mom=0.9000 trainerStep=2150
[LAYER-HEALTH] live trainerStep=2150 scope=batch_norm_state_only reluSites=9/10 ch=1040 dead=0 off=0 alwaysOn=0 worst=none maxBetaOverGamma=+0.19@tower_final_bn[31] minBetaOverGamma=-0.03@tower_final_bn[109] rvMaxOverMedian=6.6@stem.bn[32] rezero=none nonFinite=0
[REPLAY] step=2200 loss=3.8970 pLoss=3.0163 vLoss=0.8223 pEnt=2.861 pIllM=0.0583 playedP=0.137 pW=0.48 pD=0.07 pL=0.46 vAbs=0.185 pLogitMean=0.4163 vLogitMean=1.8628 gNorm=1.597 lr=0.01 ms=1465.9 buf=500000 plies=19014137 games=288219 rejected=0 skipped=0 epoch=0 mom=0.9000 trainerStep=2200
[LAYER-HEALTH] live trainerStep=2200 scope=batch_norm_state_only reluSites=9/10 ch=1040 dead=0 off=0 alwaysOn=0 worst=none maxBetaOverGamma=+0.19@tower_final_bn[31] minBetaOverGamma=-0.03@tower_final_bn[109] rvMaxOverMedian=6.8@stem.bn[32] rezero=none nonFinite=0
[REPLAY] step=2250 loss=3.8678 pLoss=2.9904 vLoss=0.8170 pEnt=2.853 pIllM=0.0605 playedP=0.137 pW=0.46 pD=0.07 pL=0.47 vAbs=0.183 pLogitMean=0.4169 vLogitMean=1.8218 gNorm=1.834 lr=0.01 ms=1336.7 buf=500000 plies=19440789 games=294642 rejected=0 skipped=0 epoch=0 mom=0.9000 trainerStep=2250
[LAYER-HEALTH] live trainerStep=2250 scope=batch_norm_state_only reluSites=9/10 ch=1040 dead=0 off=0 alwaysOn=0 worst=none maxBetaOverGamma=+0.20@tower_final_bn[31] minBetaOverGamma=-0.03@tower_final_bn[109] rvMaxOverMedian=6.8@stem.bn[32] rezero=none nonFinite=0
[REPLAY] step=2300 loss=3.8525 pLoss=2.9899 vLoss=0.8047 pEnt=2.856 pIllM=0.0579 playedP=0.139 pW=0.47 pD=0.06 pL=0.47 vAbs=0.192 pLogitMean=0.4169 vLogitMean=1.8949 gNorm=1.508 lr=0.01 ms=1418.7 buf=500000 plies=19867473 games=301048 rejected=0 skipped=0 epoch=0 mom=0.9000 trainerStep=2300
[LAYER-HEALTH] live trainerStep=2300 scope=batch_norm_state_only reluSites=9/10 ch=1040 dead=0 off=0 alwaysOn=0 worst=none maxBetaOverGamma=+0.20@tower_final_bn[31] minBetaOverGamma=-0.03@tower_final_bn[109] rvMaxOverMedian=6.7@stem.bn[32] rezero=none nonFinite=0
[REPLAY] step=2350 loss=3.8940 pLoss=3.0261 vLoss=0.8112 pEnt=2.885 pIllM=0.0567 playedP=0.132 pW=0.48 pD=0.06 pL=0.46 vAbs=0.184 pLogitMean=0.4199 vLogitMean=1.9221 gNorm=1.746 lr=0.01 ms=1456.0 buf=500000 plies=20294177 games=307559 rejected=0 skipped=0 epoch=0 mom=0.9000 trainerStep=2350
[LAYER-HEALTH] live trainerStep=2350 scope=batch_norm_state_only reluSites=9/10 ch=1040 dead=0 off=0 alwaysOn=0 worst=none maxBetaOverGamma=+0.20@tower_final_bn[31] minBetaOverGamma=-0.03@tower_final_bn[109] rvMaxOverMedian=6.6@stem.bn[32] rezero=none nonFinite=0
[REPLAY] step=2400 loss=3.9134 pLoss=3.0305 vLoss=0.8248 pEnt=2.864 pIllM=0.0582 playedP=0.139 pW=0.48 pD=0.06 pL=0.46 vAbs=0.182 pLogitMean=0.4190 vLogitMean=1.9067 gNorm=1.796 lr=0.01 ms=1445.0 buf=500000 plies=20720741 games=314048 rejected=0 skipped=0 epoch=0 mom=0.9000 trainerStep=2400
[LAYER-HEALTH] live trainerStep=2400 scope=batch_norm_state_only reluSites=9/10 ch=1040 dead=0 off=0 alwaysOn=0 worst=none maxBetaOverGamma=+0.20@tower_final_bn[31] minBetaOverGamma=-0.03@tower_final_bn[109] rvMaxOverMedian=6.8@stem.bn[32] rezero=none nonFinite=0
[REPLAY] step=2450 loss=3.8769 pLoss=2.9999 vLoss=0.8251 pEnt=2.870 pIllM=0.0520 playedP=0.138 pW=0.47 pD=0.06 pL=0.47 vAbs=0.186 pLogitMean=0.4199 vLogitMean=1.9122 gNorm=1.574 lr=0.01 ms=1459.7 buf=500000 plies=21147435 games=320530 rejected=0 skipped=0 epoch=0 mom=0.9000 trainerStep=2450
[LAYER-HEALTH] live trainerStep=2450 scope=batch_norm_state_only reluSites=9/10 ch=1040 dead=0 off=0 alwaysOn=0 worst=none maxBetaOverGamma=+0.20@tower_final_bn[31] minBetaOverGamma=-0.03@tower_final_bn[109] rvMaxOverMedian=7.0@stem.bn[32] rezero=none nonFinite=0
[REPLAY] step=2500 loss=3.8365 pLoss=2.9590 vLoss=0.8248 pEnt=2.857 pIllM=0.0527 playedP=0.141 pW=0.46 pD=0.07 pL=0.47 vAbs=0.180 pLogitMean=0.4230 vLogitMean=1.8410 gNorm=1.446 lr=0.01 ms=1439.4 buf=500000 plies=21574056 games=327070 rejected=0 skipped=0 epoch=0 mom=0.9000 trainerStep=2500
[LAYER-HEALTH] live trainerStep=2500 scope=batch_norm_state_only reluSites=9/10 ch=1040 dead=0 off=0 alwaysOn=0 worst=none maxBetaOverGamma=+0.21@tower_final_bn[31] minBetaOverGamma=-0.03@tower_final_bn[109] rvMaxOverMedian=7.0@stem.bn[32] rezero=none nonFinite=0
[REPLAY] step=2550 loss=3.8384 pLoss=2.9630 vLoss=0.8211 pEnt=2.869 pIllM=0.0543 playedP=0.141 pW=0.46 pD=0.07 pL=0.47 vAbs=0.188 pLogitMean=0.4239 vLogitMean=1.8042 gNorm=1.728 lr=0.01 ms=1425.1 buf=500000 plies=22000693 games=333595 rejected=0 skipped=0 epoch=0 mom=0.9000 trainerStep=2550
[LAYER-HEALTH] live trainerStep=2550 scope=batch_norm_state_only reluSites=9/10 ch=1040 dead=0 off=0 alwaysOn=0 worst=none maxBetaOverGamma=+0.21@tower_final_bn[31] minBetaOverGamma=-0.04@tower_final_bn[109] rvMaxOverMedian=7.0@stem.bn[32] rezero=none nonFinite=0
[REPLAY] step=2600 loss=3.8960 pLoss=3.0371 vLoss=0.8089 pEnt=2.899 pIllM=0.0500 playedP=0.133 pW=0.49 pD=0.06 pL=0.45 vAbs=0.189 pLogitMean=0.4253 vLogitMean=1.9006 gNorm=1.517 lr=0.01 ms=1408.6 buf=500000 plies=22427360 games=340111 rejected=0 skipped=0 epoch=0 mom=0.9000 trainerStep=2600
[LAYER-HEALTH] live trainerStep=2600 scope=batch_norm_state_only reluSites=9/10 ch=1040 dead=0 off=0 alwaysOn=0 worst=none maxBetaOverGamma=+0.21@tower_final_bn[31] minBetaOverGamma=-0.04@tower_final_bn[109] rvMaxOverMedian=7.0@stem.bn[32] rezero=none nonFinite=0
[REPLAY] step=2650 loss=3.8516 pLoss=2.9871 vLoss=0.8156 pEnt=2.901 pIllM=0.0489 playedP=0.131 pW=0.45 pD=0.06 pL=0.49 vAbs=0.202 pLogitMean=0.4250 vLogitMean=1.9304 gNorm=1.843 lr=0.01 ms=1359.3 buf=500000 plies=22853999 games=346612 rejected=0 skipped=0 epoch=0 mom=0.9000 trainerStep=2650
[LAYER-HEALTH] live trainerStep=2650 scope=batch_norm_state_only reluSites=9/10 ch=1040 dead=0 off=0 alwaysOn=0 worst=none maxBetaOverGamma=+0.21@tower_final_bn[31] minBetaOverGamma=-0.04@tower_final_bn[109] rvMaxOverMedian=6.9@stem.bn[32] rezero=none nonFinite=0
[REPLAY] step=2700 loss=3.8786 pLoss=3.0105 vLoss=0.8170 pEnt=2.889 pIllM=0.0511 playedP=0.136 pW=0.48 pD=0.06 pL=0.46 vAbs=0.202 pLogitMean=0.4262 vLogitMean=1.9367 gNorm=1.320 lr=0.01 ms=1442.3 buf=500000 plies=23280634 games=353072 rejected=0 skipped=0 epoch=0 mom=0.9000 trainerStep=2700
[LAYER-HEALTH] live trainerStep=2700 scope=batch_norm_state_only reluSites=9/10 ch=1040 dead=0 off=0 alwaysOn=0 worst=none maxBetaOverGamma=+0.21@tower_final_bn[31] minBetaOverGamma=-0.04@tower_final_bn[109] rvMaxOverMedian=7.0@stem.bn[32] rezero=none nonFinite=0
[REPLAY] step=2750 loss=3.8814 pLoss=3.0179 vLoss=0.8137 pEnt=2.891 pIllM=0.0498 playedP=0.136 pW=0.48 pD=0.06 pL=0.46 vAbs=0.185 pLogitMean=0.4280 vLogitMean=1.8741 gNorm=1.514 lr=0.01 ms=1430.1 buf=500000 plies=23707275 games=359536 rejected=0 skipped=0 epoch=0 mom=0.9000 trainerStep=2750
[LAYER-HEALTH] live trainerStep=2750 scope=batch_norm_state_only reluSites=9/10 ch=1040 dead=0 off=0 alwaysOn=0 worst=none maxBetaOverGamma=+0.21@tower_final_bn[31] minBetaOverGamma=-0.04@tower_final_bn[109] rvMaxOverMedian=6.9@stem.bn[32] rezero=none nonFinite=0
[REPLAY] step=2800 loss=3.8330 pLoss=2.9816 vLoss=0.8012 pEnt=2.897 pIllM=0.0501 playedP=0.135 pW=0.48 pD=0.06 pL=0.46 vAbs=0.200 pLogitMean=0.4304 vLogitMean=1.9119 gNorm=1.498 lr=0.01 ms=1541.7 buf=500000 plies=24133976 games=366065 rejected=0 skipped=0 epoch=0 mom=0.9000 trainerStep=2800
[LAYER-HEALTH] live trainerStep=2800 scope=batch_norm_state_only reluSites=9/10 ch=1040 dead=0 off=0 alwaysOn=0 worst=none maxBetaOverGamma=+0.22@tower_final_bn[31] minBetaOverGamma=-0.04@tower_final_bn[109] rvMaxOverMedian=6.8@stem.bn[32] rezero=none nonFinite=0
[REPLAY] step=2850 loss=3.8352 pLoss=2.9720 vLoss=0.8126 pEnt=2.872 pIllM=0.0506 playedP=0.141 pW=0.49 pD=0.06 pL=0.46 vAbs=0.201 pLogitMean=0.4306 vLogitMean=1.9166 gNorm=1.423 lr=0.01 ms=1421.3 buf=500000 plies=24560661 games=372598 rejected=0 skipped=0 epoch=0 mom=0.9000 trainerStep=2850
[LAYER-HEALTH] live trainerStep=2850 scope=batch_norm_state_only reluSites=9/10 ch=1040 dead=0 off=0 alwaysOn=0 worst=none maxBetaOverGamma=+0.22@tower_final_bn[31] minBetaOverGamma=-0.04@tower_final_bn[109] rvMaxOverMedian=6.8@stem.bn[32] rezero=none nonFinite=0
[REPLAY] step=2900 loss=3.8131 pLoss=2.9506 vLoss=0.8169 pEnt=2.885 pIllM=0.0456 playedP=0.137 pW=0.46 pD=0.06 pL=0.48 vAbs=0.209 pLogitMean=0.4301 vLogitMean=1.8680 gNorm=1.743 lr=0.01 ms=1409.7 buf=500000 plies=24987233 games=379098 rejected=0 skipped=0 epoch=0 mom=0.9000 trainerStep=2900
[LAYER-HEALTH] live trainerStep=2900 scope=batch_norm_state_only reluSites=9/10 ch=1040 dead=0 off=0 alwaysOn=0 worst=none maxBetaOverGamma=+0.22@tower_final_bn[31] minBetaOverGamma=-0.04@tower_final_bn[109] rvMaxOverMedian=6.8@stem.bn[32] rezero=none nonFinite=0
[REPLAY] step=2950 loss=3.8304 pLoss=2.9625 vLoss=0.8207 pEnt=2.885 pIllM=0.0472 playedP=0.138 pW=0.45 pD=0.06 pL=0.49 vAbs=0.199 pLogitMean=0.4308 vLogitMean=1.8909 gNorm=1.732 lr=0.01 ms=1460.2 buf=500000 plies=25413876 games=385541 rejected=0 skipped=0 epoch=0 mom=0.9000 trainerStep=2950
[LAYER-HEALTH] live trainerStep=2950 scope=batch_norm_state_only reluSites=9/10 ch=1040 dead=0 off=0 alwaysOn=0 worst=none maxBetaOverGamma=+0.22@tower_final_bn[31] minBetaOverGamma=-0.04@tower_final_bn[109] rvMaxOverMedian=6.7@stem.bn[32] rezero=none nonFinite=0
[REPLAY] step=3000 loss=3.8676 pLoss=3.0171 vLoss=0.8068 pEnt=2.896 pIllM=0.0437 playedP=0.137 pW=0.50 pD=0.05 pL=0.45 vAbs=0.184 pLogitMean=0.4316 vLogitMean=1.9291 gNorm=1.415 lr=0.01 ms=1471.7 buf=500000 plies=25840570 games=392016 rejected=0 skipped=0 epoch=0 mom=0.9000 trainerStep=3000
[LAYER-HEALTH] live trainerStep=3000 scope=batch_norm_state_only reluSites=9/10 ch=1040 dead=0 off=0 alwaysOn=0 worst=none maxBetaOverGamma=+0.22@tower_final_bn[31] minBetaOverGamma=-0.04@tower_final_bn[109] rvMaxOverMedian=6.7@stem.bn[32] rezero=none nonFinite=0
[REPLAY] saved trainer model (autosave) step=3000 trainerStep=3000 nextGame=392016 shard=0 epoch=0 -> 20261005-lrA-const01-replay-latest.safetensors
[LAYER-HEALTH] checkpoint replay-autosave step=3000 trainerStep=3000 scope=all_tensors reluSites=9/10 ch=1040 dead=0 off=0 alwaysOn=0 worst=none maxBetaOverGamma=+0.22@tower_final_bn[31] minBetaOverGamma=-0.04@tower_final_bn[109] rvMaxOverMedian=6.7@stem.bn[32] rezero=none nonFinite=0 seZeroVel=none valueFC1ZeroVel=0/128 maxAbs=3.131@blocks.0.bn2.running_var
[LAYER-HEALTH]   batch-norm sites — β/|γ|: dead < -3.00, mostly off < -2.00, always on > +3.00; classified for relu/leaky_relu only
[LAYER-HEALTH]     site            act            ch   dead    off     on  zeroγ nonfin  min β/|γ| [ch]     max β/|γ| [ch]     rv max/median [ch]
[LAYER-HEALTH]     stem.bn         -             128    n/a    n/a    n/a      0      0     -0.01 [85]         +0.03 [31]            6.7 [32]
[LAYER-HEALTH]     blocks.0.bn1    relu          128      0      0      0      0      0     -0.02 [109]        +0.07 [40]            1.3 [97]
[LAYER-HEALTH]     blocks.0.bn2    relu          128      0      0      0      0      0     -0.02 [95]         +0.04 [41]            2.3 [20]
[LAYER-HEALTH]     blocks.1.bn1    relu          128      0      0      0      0      0     -0.01 [10]         +0.07 [31]            2.2 [31]
[LAYER-HEALTH]     blocks.1.bn2    relu          128      0      0      0      0      0     -0.01 [112]        +0.03 [1]             1.5 [64]
[LAYER-HEALTH]     blocks.2.bn1    relu          128      0      0      0      0      0     -0.01 [47]         +0.08 [30]            2.1 [29]
[LAYER-HEALTH]     blocks.2.bn2    relu          128      0      0      0      0      0     -0.01 [123]        +0.07 [29]            1.5 [8]
[LAYER-HEALTH]     tower_final_bn  relu          128      0      0      0      0      0     -0.04 [109]        +0.22 [31]            3.3 [19]
[LAYER-HEALTH]     policy.pre_bn   relu          128      0      0      0      0      0     -0.03 [40]         +0.10 [7]             2.6 [4]
[LAYER-HEALTH]     value.bn        relu           16      0      0      0      0      0     -0.03 [12]         +0.02 [0]             1.7 [11]
[LAYER-HEALTH]   FC hidden-unit velocity — zero: every weight-velocity entry exactly 0; low: nonzero but < 5% of the layer's p90 unit norm
[LAYER-HEALTH]     value.fc1.weight  relu  units 128  zero 0  low 7  median unit norm 0.007067
[LAYER-HEALTH]     (no SE blocks)
[LAYER-HEALTH]   ReZero: none
[LAYER-HEALTH]   non-finite: 0 values in 0 of 102 tensors (10263038 values examined)
[LAYER-HEALTH]   largest |value|: blocks.0.bn2.running_var 3.131, tower_final_bn.running_mean 2.43, blocks.2.bn1.running_mean 2.27, blocks.1.bn1.running_mean 2.07, blocks.0.bn2.running_mean 1.923
[REPLAY] enumerated checkpoint -> 20261005-lrA-const01-replay-step3000.safetensors
[REPLAY] step=3050 loss=3.8426 pLoss=2.9808 vLoss=0.8159 pEnt=2.890 pIllM=0.0460 playedP=0.137 pW=0.48 pD=0.06 pL=0.46 vAbs=0.195 pLogitMean=0.4339 vLogitMean=1.9066 gNorm=1.528 lr=0.01 ms=1452.2 buf=500000 plies=26267195 games=398538 rejected=0 skipped=0 epoch=0 mom=0.9000 trainerStep=3050
[LAYER-HEALTH] live trainerStep=3050 scope=batch_norm_state_only reluSites=9/10 ch=1040 dead=0 off=0 alwaysOn=0 worst=none maxBetaOverGamma=+0.22@tower_final_bn[31] minBetaOverGamma=-0.04@tower_final_bn[109] rvMaxOverMedian=6.8@stem.bn[32] rezero=none nonFinite=0
[REPLAY] step=3100 loss=3.8209 pLoss=2.9735 vLoss=0.7996 pEnt=2.875 pIllM=0.0478 playedP=0.140 pW=0.47 pD=0.06 pL=0.47 vAbs=0.185 pLogitMean=0.4338 vLogitMean=1.9040 gNorm=1.493 lr=0.01 ms=1409.6 buf=500000 plies=26693861 games=405004 rejected=0 skipped=0 epoch=0 mom=0.9000 trainerStep=3100
[LAYER-HEALTH] live trainerStep=3100 scope=batch_norm_state_only reluSites=9/10 ch=1040 dead=0 off=0 alwaysOn=0 worst=none maxBetaOverGamma=+0.22@tower_final_bn[31] minBetaOverGamma=-0.04@tower_final_bn[109] rvMaxOverMedian=6.9@stem.bn[32] rezero=none nonFinite=0
[REPLAY] step=3150 loss=3.8097 pLoss=2.9546 vLoss=0.8098 pEnt=2.876 pIllM=0.0452 playedP=0.141 pW=0.46 pD=0.05 pL=0.48 vAbs=0.191 pLogitMean=0.4353 vLogitMean=1.9471 gNorm=1.532 lr=0.01 ms=1499.1 buf=500000 plies=27120493 games=411466 rejected=0 skipped=0 epoch=0 mom=0.9000 trainerStep=3150
[LAYER-HEALTH] live trainerStep=3150 scope=batch_norm_state_only reluSites=9/10 ch=1040 dead=0 off=0 alwaysOn=0 worst=none maxBetaOverGamma=+0.22@tower_final_bn[31] minBetaOverGamma=-0.04@tower_final_bn[109] rvMaxOverMedian=6.9@stem.bn[32] rezero=none nonFinite=0
[REPLAY] step=3200 loss=3.8287 pLoss=2.9749 vLoss=0.8073 pEnt=2.865 pIllM=0.0465 playedP=0.143 pW=0.49 pD=0.06 pL=0.45 vAbs=0.187 pLogitMean=0.4360 vLogitMean=1.9009 gNorm=1.281 lr=0.01 ms=1387.4 buf=500000 plies=27547195 games=418053 rejected=0 skipped=0 epoch=0 mom=0.9000 trainerStep=3200
[LAYER-HEALTH] live trainerStep=3200 scope=batch_norm_state_only reluSites=9/10 ch=1040 dead=0 off=0 alwaysOn=0 worst=none maxBetaOverGamma=+0.23@tower_final_bn[31] minBetaOverGamma=-0.04@tower_final_bn[109] rvMaxOverMedian=6.8@stem.bn[32] rezero=none nonFinite=0
[REPLAY] step=3250 loss=3.8220 pLoss=2.9524 vLoss=0.8256 pEnt=2.885 pIllM=0.0440 playedP=0.138 pW=0.45 pD=0.06 pL=0.48 vAbs=0.190 pLogitMean=0.4358 vLogitMean=1.9178 gNorm=1.396 lr=0.01 ms=1437.8 buf=500000 plies=27973870 games=424553 rejected=0 skipped=0 epoch=0 mom=0.9000 trainerStep=3250
[LAYER-HEALTH] live trainerStep=3250 scope=batch_norm_state_only reluSites=9/10 ch=1040 dead=0 off=0 alwaysOn=0 worst=none maxBetaOverGamma=+0.23@tower_final_bn[31] minBetaOverGamma=-0.04@tower_final_bn[109] rvMaxOverMedian=7.0@stem.bn[32] rezero=none nonFinite=0
[REPLAY] step=3300 loss=3.8722 pLoss=2.9942 vLoss=0.8312 pEnt=2.895 pIllM=0.0469 playedP=0.133 pW=0.48 pD=0.07 pL=0.45 vAbs=0.184 pLogitMean=0.4374 vLogitMean=1.9136 gNorm=1.644 lr=0.01 ms=1409.3 buf=500000 plies=28400479 games=431041 rejected=0 skipped=0 epoch=0 mom=0.9000 trainerStep=3300
[LAYER-HEALTH] live trainerStep=3300 scope=batch_norm_state_only reluSites=9/10 ch=1040 dead=0 off=0 alwaysOn=0 worst=none maxBetaOverGamma=+0.23@tower_final_bn[31] minBetaOverGamma=-0.04@tower_final_bn[109] rvMaxOverMedian=7.0@stem.bn[32] rezero=none nonFinite=0
[REPLAY] step=3350 loss=3.8103 pLoss=2.9422 vLoss=0.8255 pEnt=2.896 pIllM=0.0426 playedP=0.138 pW=0.47 pD=0.06 pL=0.47 vAbs=0.187 pLogitMean=0.4382 vLogitMean=1.9666 gNorm=1.477 lr=0.01 ms=1488.6 buf=500000 plies=28827128 games=437567 rejected=0 skipped=0 epoch=0 mom=0.9000 trainerStep=3350
[LAYER-HEALTH] live trainerStep=3350 scope=batch_norm_state_only reluSites=9/10 ch=1040 dead=0 off=0 alwaysOn=0 worst=none maxBetaOverGamma=+0.23@tower_final_bn[31] minBetaOverGamma=-0.04@tower_final_bn[109] rvMaxOverMedian=7.0@stem.bn[32] rezero=none nonFinite=0
[REPLAY] step=3400 loss=3.7843 pLoss=2.9206 vLoss=0.8210 pEnt=2.884 pIllM=0.0428 playedP=0.140 pW=0.46 pD=0.06 pL=0.48 vAbs=0.200 pLogitMean=0.4392 vLogitMean=1.9069 gNorm=1.384 lr=0.01 ms=1489.1 buf=500000 plies=29253742 games=443975 rejected=0 skipped=0 epoch=0 mom=0.9000 trainerStep=3400
[LAYER-HEALTH] live trainerStep=3400 scope=batch_norm_state_only reluSites=9/10 ch=1040 dead=0 off=0 alwaysOn=0 worst=none maxBetaOverGamma=+0.23@tower_final_bn[31] minBetaOverGamma=-0.04@tower_final_bn[109] rvMaxOverMedian=6.8@stem.bn[32] rezero=none nonFinite=0
[REPLAY] step=3450 loss=3.8291 pLoss=2.9743 vLoss=0.8143 pEnt=2.888 pIllM=0.0405 playedP=0.141 pW=0.48 pD=0.06 pL=0.46 vAbs=0.203 pLogitMean=0.4408 vLogitMean=1.9494 gNorm=1.345 lr=0.01 ms=1404.5 buf=500000 plies=29680413 games=450455 rejected=0 skipped=0 epoch=0 mom=0.9000 trainerStep=3450
[LAYER-HEALTH] live trainerStep=3450 scope=batch_norm_state_only reluSites=9/10 ch=1040 dead=0 off=0 alwaysOn=0 worst=none maxBetaOverGamma=+0.23@tower_final_bn[31] minBetaOverGamma=-0.04@tower_final_bn[109] rvMaxOverMedian=6.7@stem.bn[32] rezero=none nonFinite=0
[REPLAY] step=3500 loss=3.8440 pLoss=2.9908 vLoss=0.8140 pEnt=2.885 pIllM=0.0392 playedP=0.139 pW=0.49 pD=0.07 pL=0.44 vAbs=0.187 pLogitMean=0.4413 vLogitMean=1.8911 gNorm=1.553 lr=0.01 ms=1428.4 buf=500000 plies=30107054 games=456962 rejected=0 skipped=0 epoch=0 mom=0.9000 trainerStep=3500
[LAYER-HEALTH] live trainerStep=3500 scope=batch_norm_state_only reluSites=9/10 ch=1040 dead=0 off=0 alwaysOn=0 worst=none maxBetaOverGamma=+0.23@tower_final_bn[31] minBetaOverGamma=-0.04@tower_final_bn[109] rvMaxOverMedian=6.8@stem.bn[32] rezero=none nonFinite=0
[REPLAY] step=3550 loss=3.8030 pLoss=2.9343 vLoss=0.8236 pEnt=2.879 pIllM=0.0451 playedP=0.140 pW=0.46 pD=0.07 pL=0.48 vAbs=0.203 pLogitMean=0.4417 vLogitMean=1.9087 gNorm=1.348 lr=0.01 ms=1485.6 buf=500000 plies=30533671 games=463404 rejected=0 skipped=0 epoch=0 mom=0.9000 trainerStep=3550
[LAYER-HEALTH] live trainerStep=3550 scope=batch_norm_state_only reluSites=9/10 ch=1040 dead=0 off=0 alwaysOn=0 worst=none maxBetaOverGamma=+0.23@tower_final_bn[31] minBetaOverGamma=-0.04@tower_final_bn[109] rvMaxOverMedian=6.8@stem.bn[32] rezero=none nonFinite=0
[REPLAY] step=3600 loss=3.7716 pLoss=2.9178 vLoss=0.8118 pEnt=2.855 pIllM=0.0420 playedP=0.145 pW=0.49 pD=0.06 pL=0.45 vAbs=0.213 pLogitMean=0.4434 vLogitMean=1.9169 gNorm=1.571 lr=0.01 ms=1459.8 buf=500000 plies=30960388 games=469843 rejected=0 skipped=0 epoch=0 mom=0.9000 trainerStep=3600
[LAYER-HEALTH] live trainerStep=3600 scope=batch_norm_state_only reluSites=9/10 ch=1040 dead=0 off=0 alwaysOn=0 worst=none maxBetaOverGamma=+0.24@tower_final_bn[31] minBetaOverGamma=-0.04@tower_final_bn[109] rvMaxOverMedian=6.8@stem.bn[32] rezero=none nonFinite=0
[REPLAY] step=3650 loss=3.8156 pLoss=2.9409 vLoss=0.8305 pEnt=2.879 pIllM=0.0441 playedP=0.142 pW=0.46 pD=0.07 pL=0.48 vAbs=0.194 pLogitMean=0.4435 vLogitMean=1.9283 gNorm=1.462 lr=0.01 ms=1606.0 buf=500000 plies=31386984 games=476298 rejected=0 skipped=0 epoch=0 mom=0.9000 trainerStep=3650
[LAYER-HEALTH] live trainerStep=3650 scope=batch_norm_state_only reluSites=9/10 ch=1040 dead=0 off=0 alwaysOn=0 worst=none maxBetaOverGamma=+0.24@tower_final_bn[31] minBetaOverGamma=-0.04@tower_final_bn[109] rvMaxOverMedian=6.7@stem.bn[32] rezero=none nonFinite=0
[REPLAY] step=3700 loss=3.8159 pLoss=2.9546 vLoss=0.8209 pEnt=2.871 pIllM=0.0404 playedP=0.140 pW=0.48 pD=0.06 pL=0.45 vAbs=0.194 pLogitMean=0.4431 vLogitMean=1.8749 gNorm=1.430 lr=0.01 ms=1736.6 buf=500000 plies=31813641 games=482688 rejected=0 skipped=0 epoch=0 mom=0.9000 trainerStep=3700
[LAYER-HEALTH] live trainerStep=3700 scope=batch_norm_state_only reluSites=9/10 ch=1040 dead=0 off=0 alwaysOn=0 worst=none maxBetaOverGamma=+0.24@tower_final_bn[31] minBetaOverGamma=-0.04@tower_final_bn[109] rvMaxOverMedian=6.6@stem.bn[32] rezero=none nonFinite=0
[REPLAY] step=3750 loss=3.7889 pLoss=2.9301 vLoss=0.8193 pEnt=2.875 pIllM=0.0394 playedP=0.141 pW=0.47 pD=0.06 pL=0.47 vAbs=0.203 pLogitMean=0.4455 vLogitMean=1.8610 gNorm=1.531 lr=0.01 ms=1636.5 buf=500000 plies=32240337 games=489150 rejected=0 skipped=0 epoch=0 mom=0.9000 trainerStep=3750
[LAYER-HEALTH] live trainerStep=3750 scope=batch_norm_state_only reluSites=9/10 ch=1040 dead=0 off=0 alwaysOn=0 worst=none maxBetaOverGamma=+0.24@tower_final_bn[31] minBetaOverGamma=-0.04@tower_final_bn[109] rvMaxOverMedian=6.6@stem.bn[32] rezero=none nonFinite=0
[REPLAY] step=3800 loss=3.7554 pLoss=2.8905 vLoss=0.8233 pEnt=2.870 pIllM=0.0415 playedP=0.144 pW=0.45 pD=0.06 pL=0.49 vAbs=0.212 pLogitMean=0.4461 vLogitMean=1.8266 gNorm=1.363 lr=0.01 ms=1881.4 buf=500000 plies=32667020 games=495650 rejected=0 skipped=0 epoch=0 mom=0.9000 trainerStep=3800
[LAYER-HEALTH] live trainerStep=3800 scope=batch_norm_state_only reluSites=9/10 ch=1040 dead=0 off=0 alwaysOn=0 worst=none maxBetaOverGamma=+0.24@tower_final_bn[31] minBetaOverGamma=-0.04@tower_final_bn[109] rvMaxOverMedian=6.5@stem.bn[32] rezero=none nonFinite=0
[REPLAY] step=3850 loss=3.7708 pLoss=2.9170 vLoss=0.8139 pEnt=2.864 pIllM=0.0399 playedP=0.147 pW=0.48 pD=0.06 pL=0.46 vAbs=0.203 pLogitMean=0.4464 vLogitMean=1.8302 gNorm=1.252 lr=0.01 ms=1653.2 buf=500000 plies=33093603 games=502111 rejected=0 skipped=0 epoch=0 mom=0.9000 trainerStep=3850
[LAYER-HEALTH] live trainerStep=3850 scope=batch_norm_state_only reluSites=9/10 ch=1040 dead=0 off=0 alwaysOn=0 worst=none maxBetaOverGamma=+0.24@tower_final_bn[31] minBetaOverGamma=-0.04@tower_final_bn[109] rvMaxOverMedian=6.4@stem.bn[32] rezero=none nonFinite=0
[REPLAY] step=3900 loss=3.7756 pLoss=2.9094 vLoss=0.8269 pEnt=2.871 pIllM=0.0393 playedP=0.142 pW=0.47 pD=0.06 pL=0.47 vAbs=0.207 pLogitMean=0.4484 vLogitMean=1.8686 gNorm=1.503 lr=0.01 ms=1597.1 buf=500000 plies=33520243 games=508535 rejected=0 skipped=0 epoch=0 mom=0.9000 trainerStep=3900
[LAYER-HEALTH] live trainerStep=3900 scope=batch_norm_state_only reluSites=9/10 ch=1040 dead=0 off=0 alwaysOn=0 worst=none maxBetaOverGamma=+0.24@tower_final_bn[31] minBetaOverGamma=-0.04@tower_final_bn[109] rvMaxOverMedian=6.4@stem.bn[32] rezero=none nonFinite=0
[REPLAY] step=3950 loss=3.7585 pLoss=2.9045 vLoss=0.8132 pEnt=2.862 pIllM=0.0408 playedP=0.140 pW=0.47 pD=0.06 pL=0.47 vAbs=0.209 pLogitMean=0.4486 vLogitMean=1.9459 gNorm=1.432 lr=0.01 ms=1605.5 buf=500000 plies=33946984 games=514979 rejected=0 skipped=0 epoch=0 mom=0.9000 trainerStep=3950
[LAYER-HEALTH] live trainerStep=3950 scope=batch_norm_state_only reluSites=9/10 ch=1040 dead=0 off=0 alwaysOn=0 worst=none maxBetaOverGamma=+0.24@tower_final_bn[31] minBetaOverGamma=-0.04@tower_final_bn[109] rvMaxOverMedian=6.3@stem.bn[32] rezero=none nonFinite=0
[REPLAY] step=4000 loss=3.7623 pLoss=2.9123 vLoss=0.8087 pEnt=2.864 pIllM=0.0412 playedP=0.146 pW=0.46 pD=0.07 pL=0.47 vAbs=0.216 pLogitMean=0.4485 vLogitMean=1.9221 gNorm=1.386 lr=0.01 ms=1621.5 buf=500000 plies=34373556 games=521477 rejected=0 skipped=0 epoch=0 mom=0.9000 trainerStep=4000
[LAYER-HEALTH] live trainerStep=4000 scope=batch_norm_state_only reluSites=9/10 ch=1040 dead=0 off=0 alwaysOn=0 worst=none maxBetaOverGamma=+0.25@tower_final_bn[31] minBetaOverGamma=-0.04@tower_final_bn[109] rvMaxOverMedian=6.4@stem.bn[32] rezero=none nonFinite=0
[REPLAY] saved trainer model (autosave) step=4000 trainerStep=4000 nextGame=521477 shard=1 epoch=0 -> 20261005-lrA-const01-replay-latest.safetensors
[LAYER-HEALTH] checkpoint replay-autosave step=4000 trainerStep=4000 scope=all_tensors reluSites=9/10 ch=1040 dead=0 off=0 alwaysOn=0 worst=none maxBetaOverGamma=+0.25@tower_final_bn[31] minBetaOverGamma=-0.04@tower_final_bn[109] rvMaxOverMedian=6.4@stem.bn[32] rezero=none nonFinite=0 seZeroVel=none valueFC1ZeroVel=0/128 maxAbs=3.157@blocks.0.bn2.running_var
[LAYER-HEALTH]   batch-norm sites — β/|γ|: dead < -3.00, mostly off < -2.00, always on > +3.00; classified for relu/leaky_relu only
[LAYER-HEALTH]     site            act            ch   dead    off     on  zeroγ nonfin  min β/|γ| [ch]     max β/|γ| [ch]     rv max/median [ch]
[LAYER-HEALTH]     stem.bn         -             128    n/a    n/a    n/a      0      0     -0.02 [85]         +0.03 [31]            6.4 [32]
[LAYER-HEALTH]     blocks.0.bn1    relu          128      0      0      0      0      0     -0.02 [82]         +0.08 [14]            1.4 [97]
[LAYER-HEALTH]     blocks.0.bn2    relu          128      0      0      0      0      0     -0.03 [95]         +0.04 [41]            2.2 [20]
[LAYER-HEALTH]     blocks.1.bn1    relu          128      0      0      0      0      0     -0.01 [10]         +0.08 [121]           2.2 [31]
[LAYER-HEALTH]     blocks.1.bn2    relu          128      0      0      0      0      0     -0.02 [112]        +0.04 [110]           1.5 [11]
[LAYER-HEALTH]     blocks.2.bn1    relu          128      0      0      0      0      0     -0.01 [47]         +0.09 [30]            2.0 [108]
[LAYER-HEALTH]     blocks.2.bn2    relu          128      0      0      0      0      0     -0.01 [123]        +0.08 [29]            1.5 [7]
[LAYER-HEALTH]     tower_final_bn  relu          128      0      0      0      0      0     -0.04 [109]        +0.25 [31]            3.5 [19]
[LAYER-HEALTH]     policy.pre_bn   relu          128      0      0      0      0      0     -0.03 [40]         +0.11 [7]             2.5 [4]
[LAYER-HEALTH]     value.bn        relu           16      0      0      0      0      0     -0.03 [12]         +0.02 [0]             1.6 [11]
[LAYER-HEALTH]   FC hidden-unit velocity — zero: every weight-velocity entry exactly 0; low: nonzero but < 5% of the layer's p90 unit norm
[LAYER-HEALTH]     value.fc1.weight  relu  units 128  zero 0  low 10  median unit norm 0.006837
[LAYER-HEALTH]     (no SE blocks)
[LAYER-HEALTH]   ReZero: none
[LAYER-HEALTH]   non-finite: 0 values in 0 of 102 tensors (10263038 values examined)
[LAYER-HEALTH]   largest |value|: blocks.0.bn2.running_var 3.157, tower_final_bn.running_mean 2.468, blocks.2.bn1.running_mean 2.213, blocks.0.bn2.running_mean 1.981, blocks.1.bn1.running_mean 1.967
[REPLAY] enumerated checkpoint -> 20261005-lrA-const01-replay-step4000.safetensors
[REPLAY] step=4050 loss=3.8143 pLoss=2.9539 vLoss=0.8223 pEnt=2.886 pIllM=0.0381 playedP=0.144 pW=0.48 pD=0.06 pL=0.46 vAbs=0.184 pLogitMean=0.4485 vLogitMean=1.8393 gNorm=1.277 lr=0.01 ms=1555.3 buf=500000 plies=34800197 games=527962 rejected=0 skipped=0 epoch=0 mom=0.9000 trainerStep=4050
[LAYER-HEALTH] live trainerStep=4050 scope=batch_norm_state_only reluSites=9/10 ch=1040 dead=0 off=0 alwaysOn=0 worst=none maxBetaOverGamma=+0.25@tower_final_bn[31] minBetaOverGamma=-0.04@tower_final_bn[109] rvMaxOverMedian=6.4@stem.bn[32] rezero=none nonFinite=0
[REPLAY] step=4100 loss=3.7684 pLoss=2.9203 vLoss=0.8124 pEnt=2.877 pIllM=0.0358 playedP=0.145 pW=0.47 pD=0.07 pL=0.47 vAbs=0.188 pLogitMean=0.4488 vLogitMean=1.8658 gNorm=1.329 lr=0.01 ms=1599.2 buf=500000 plies=35226838 games=534425 rejected=0 skipped=0 epoch=0 mom=0.9000 trainerStep=4100
[LAYER-HEALTH] live trainerStep=4100 scope=batch_norm_state_only reluSites=9/10 ch=1040 dead=0 off=0 alwaysOn=0 worst=none maxBetaOverGamma=+0.25@tower_final_bn[31] minBetaOverGamma=-0.04@tower_final_bn[109] rvMaxOverMedian=6.4@stem.bn[32] rezero=none nonFinite=0
[REPLAY] step=4150 loss=3.7597 pLoss=2.9000 vLoss=0.8224 pEnt=2.862 pIllM=0.0372 playedP=0.145 pW=0.47 pD=0.06 pL=0.46 vAbs=0.207 pLogitMean=0.4497 vLogitMean=1.8907 gNorm=1.599 lr=0.01 ms=1432.8 buf=500000 plies=35653505 games=540923 rejected=0 skipped=0 epoch=0 mom=0.9000 trainerStep=4150
[LAYER-HEALTH] live trainerStep=4150 scope=batch_norm_state_only reluSites=9/10 ch=1040 dead=0 off=0 alwaysOn=0 worst=none maxBetaOverGamma=+0.25@tower_final_bn[31] minBetaOverGamma=-0.04@tower_final_bn[109] rvMaxOverMedian=6.4@stem.bn[32] rezero=none nonFinite=0
[REPLAY] step=4200 loss=3.7800 pLoss=2.9181 vLoss=0.8220 pEnt=2.884 pIllM=0.0399 playedP=0.144 pW=0.46 pD=0.07 pL=0.48 vAbs=0.190 pLogitMean=0.4505 vLogitMean=1.8616 gNorm=1.425 lr=0.01 ms=1500.5 buf=500000 plies=36080162 games=547451 rejected=0 skipped=0 epoch=0 mom=0.9000 trainerStep=4200
[LAYER-HEALTH] live trainerStep=4200 scope=batch_norm_state_only reluSites=9/10 ch=1040 dead=0 off=0 alwaysOn=0 worst=none maxBetaOverGamma=+0.25@tower_final_bn[31] minBetaOverGamma=-0.04@tower_final_bn[109] rvMaxOverMedian=6.3@stem.bn[32] rezero=none nonFinite=0
[REPLAY] step=4250 loss=3.7930 pLoss=2.9211 vLoss=0.8354 pEnt=2.889 pIllM=0.0365 playedP=0.137 pW=0.46 pD=0.07 pL=0.47 vAbs=0.204 pLogitMean=0.4529 vLogitMean=1.8729 gNorm=1.391 lr=0.01 ms=1603.8 buf=500000 plies=36506811 games=553901 rejected=0 skipped=0 epoch=0 mom=0.9000 trainerStep=4250
[LAYER-HEALTH] live trainerStep=4250 scope=batch_norm_state_only reluSites=9/10 ch=1040 dead=0 off=0 alwaysOn=0 worst=none maxBetaOverGamma=+0.25@tower_final_bn[31] minBetaOverGamma=-0.04@tower_final_bn[109] rvMaxOverMedian=6.2@stem.bn[32] rezero=none nonFinite=0
[REPLAY] step=4300 loss=3.7857 pLoss=2.9209 vLoss=0.8259 pEnt=2.875 pIllM=0.0389 playedP=0.143 pW=0.47 pD=0.07 pL=0.47 vAbs=0.201 pLogitMean=0.4514 vLogitMean=1.8635 gNorm=1.464 lr=0.01 ms=1451.0 buf=500000 plies=36933434 games=560308 rejected=0 skipped=0 epoch=0 mom=0.9000 trainerStep=4300
[LAYER-HEALTH] live trainerStep=4300 scope=batch_norm_state_only reluSites=9/10 ch=1040 dead=0 off=0 alwaysOn=0 worst=none maxBetaOverGamma=+0.25@tower_final_bn[31] minBetaOverGamma=-0.04@tower_final_bn[109] rvMaxOverMedian=6.2@stem.bn[32] rezero=none nonFinite=0
[REPLAY] step=4350 loss=3.7746 pLoss=2.9228 vLoss=0.8155 pEnt=2.873 pIllM=0.0362 playedP=0.140 pW=0.47 pD=0.07 pL=0.46 vAbs=0.202 pLogitMean=0.4529 vLogitMean=1.8742 gNorm=1.652 lr=0.01 ms=1409.1 buf=500000 plies=37360088 games=566724 rejected=0 skipped=0 epoch=0 mom=0.9000 trainerStep=4350
[LAYER-HEALTH] live trainerStep=4350 scope=batch_norm_state_only reluSites=9/10 ch=1040 dead=0 off=0 alwaysOn=0 worst=none maxBetaOverGamma=+0.25@tower_final_bn[31] minBetaOverGamma=-0.04@tower_final_bn[109] rvMaxOverMedian=6.3@stem.bn[32] rezero=none nonFinite=0
[REPLAY] step=4400 loss=3.7776 pLoss=2.9209 vLoss=0.8221 pEnt=2.869 pIllM=0.0346 playedP=0.144 pW=0.48 pD=0.07 pL=0.45 vAbs=0.216 pLogitMean=0.4541 vLogitMean=1.8601 gNorm=1.387 lr=0.01 ms=1574.1 buf=500000 plies=37786869 games=573180 rejected=0 skipped=0 epoch=0 mom=0.9000 trainerStep=4400
[LAYER-HEALTH] live trainerStep=4400 scope=batch_norm_state_only reluSites=9/10 ch=1040 dead=0 off=0 alwaysOn=0 worst=none maxBetaOverGamma=+0.25@tower_final_bn[31] minBetaOverGamma=-0.04@tower_final_bn[109] rvMaxOverMedian=6.3@stem.bn[32] rezero=none nonFinite=0
[REPLAY] step=4450 loss=3.7409 pLoss=2.8874 vLoss=0.8154 pEnt=2.882 pIllM=0.0381 playedP=0.141 pW=0.46 pD=0.07 pL=0.47 vAbs=0.222 pLogitMean=0.4540 vLogitMean=1.8880 gNorm=1.488 lr=0.01 ms=1573.1 buf=500000 plies=38213415 games=579616 rejected=0 skipped=0 epoch=0 mom=0.9000 trainerStep=4450
[LAYER-HEALTH] live trainerStep=4450 scope=batch_norm_state_only reluSites=9/10 ch=1040 dead=0 off=0 alwaysOn=0 worst=none maxBetaOverGamma=+0.25@tower_final_bn[31] minBetaOverGamma=-0.05@tower_final_bn[109] rvMaxOverMedian=6.2@stem.bn[32] rezero=none nonFinite=0
[REPLAY] step=4500 loss=3.7783 pLoss=2.9144 vLoss=0.8268 pEnt=2.887 pIllM=0.0371 playedP=0.141 pW=0.47 pD=0.06 pL=0.47 vAbs=0.205 pLogitMean=0.4541 vLogitMean=1.9009 gNorm=1.377 lr=0.01 ms=1577.0 buf=500000 plies=38640041 games=586105 rejected=0 skipped=0 epoch=0 mom=0.9000 trainerStep=4500
[LAYER-HEALTH] live trainerStep=4500 scope=batch_norm_state_only reluSites=9/10 ch=1040 dead=0 off=0 alwaysOn=0 worst=none maxBetaOverGamma=+0.26@tower_final_bn[31] minBetaOverGamma=-0.05@tower_final_bn[109] rvMaxOverMedian=6.4@stem.bn[32] rezero=none nonFinite=0
[REPLAY] step=4550 loss=3.7565 pLoss=2.9046 vLoss=0.8154 pEnt=2.838 pIllM=0.0365 playedP=0.153 pW=0.46 pD=0.06 pL=0.47 vAbs=0.214 pLogitMean=0.4539 vLogitMean=1.8767 gNorm=1.335 lr=0.01 ms=1454.8 buf=500000 plies=39066685 games=592539 rejected=0 skipped=0 epoch=0 mom=0.9000 trainerStep=4550
[LAYER-HEALTH] live trainerStep=4550 scope=batch_norm_state_only reluSites=9/10 ch=1040 dead=0 off=0 alwaysOn=0 worst=none maxBetaOverGamma=+0.26@tower_final_bn[31] minBetaOverGamma=-0.04@tower_final_bn[109] rvMaxOverMedian=6.4@stem.bn[32] rezero=none nonFinite=0
[REPLAY] step=4600 loss=3.7789 pLoss=2.9300 vLoss=0.8135 pEnt=2.896 pIllM=0.0354 playedP=0.141 pW=0.49 pD=0.06 pL=0.45 vAbs=0.206 pLogitMean=0.4546 vLogitMean=1.8818 gNorm=1.348 lr=0.01 ms=1625.7 buf=500000 plies=39493368 games=598979 rejected=0 skipped=0 epoch=0 mom=0.9000 trainerStep=4600
[LAYER-HEALTH] live trainerStep=4600 scope=batch_norm_state_only reluSites=9/10 ch=1040 dead=0 off=0 alwaysOn=0 worst=none maxBetaOverGamma=+0.26@tower_final_bn[31] minBetaOverGamma=-0.04@tower_final_bn[37] rvMaxOverMedian=6.4@stem.bn[32] rezero=none nonFinite=0
[REPLAY] step=4650 loss=3.7857 pLoss=2.9294 vLoss=0.8212 pEnt=2.882 pIllM=0.0352 playedP=0.142 pW=0.47 pD=0.07 pL=0.45 vAbs=0.204 pLogitMean=0.4550 vLogitMean=1.8563 gNorm=1.643 lr=0.01 ms=1437.8 buf=500000 plies=39919988 games=605451 rejected=0 skipped=0 epoch=0 mom=0.9000 trainerStep=4650
[LAYER-HEALTH] live trainerStep=4650 scope=batch_norm_state_only reluSites=9/10 ch=1040 dead=0 off=0 alwaysOn=0 worst=none maxBetaOverGamma=+0.26@tower_final_bn[31] minBetaOverGamma=-0.05@tower_final_bn[37] rvMaxOverMedian=6.5@stem.bn[32] rezero=none nonFinite=0
[REPLAY] step=4700 loss=3.8000 pLoss=2.9272 vLoss=0.8344 pEnt=2.854 pIllM=0.0384 playedP=0.146 pW=0.48 pD=0.07 pL=0.45 vAbs=0.201 pLogitMean=0.4570 vLogitMean=1.9134 gNorm=1.504 lr=0.01 ms=1455.6 buf=500000 plies=40346638 games=611945 rejected=0 skipped=0 epoch=0 mom=0.9000 trainerStep=4700
[LAYER-HEALTH] live trainerStep=4700 scope=batch_norm_state_only reluSites=9/10 ch=1040 dead=0 off=0 alwaysOn=0 worst=none maxBetaOverGamma=+0.26@tower_final_bn[31] minBetaOverGamma=-0.05@tower_final_bn[37] rvMaxOverMedian=6.5@stem.bn[32] rezero=none nonFinite=0
[REPLAY] step=4750 loss=3.7861 pLoss=2.9350 vLoss=0.8179 pEnt=2.891 pIllM=0.0331 playedP=0.141 pW=0.49 pD=0.06 pL=0.45 vAbs=0.210 pLogitMean=0.4578 vLogitMean=1.9230 gNorm=1.282 lr=0.01 ms=1480.4 buf=500000 plies=40773283 games=618435 rejected=0 skipped=0 epoch=0 mom=0.9000 trainerStep=4750
[LAYER-HEALTH] live trainerStep=4750 scope=batch_norm_state_only reluSites=9/10 ch=1040 dead=0 off=0 alwaysOn=0 worst=none maxBetaOverGamma=+0.26@tower_final_bn[31] minBetaOverGamma=-0.05@tower_final_bn[37] rvMaxOverMedian=6.4@stem.bn[32] rezero=none nonFinite=0
[REPLAY] step=4800 loss=3.7884 pLoss=2.9323 vLoss=0.8213 pEnt=2.881 pIllM=0.0347 playedP=0.146 pW=0.47 pD=0.07 pL=0.46 vAbs=0.198 pLogitMean=0.4567 vLogitMean=1.9256 gNorm=1.243 lr=0.01 ms=1490.3 buf=500000 plies=41200022 games=624928 rejected=0 skipped=0 epoch=0 mom=0.9000 trainerStep=4800
[LAYER-HEALTH] live trainerStep=4800 scope=batch_norm_state_only reluSites=9/10 ch=1040 dead=0 off=0 alwaysOn=0 worst=none maxBetaOverGamma=+0.26@tower_final_bn[31] minBetaOverGamma=-0.05@tower_final_bn[37] rvMaxOverMedian=6.4@stem.bn[32] rezero=none nonFinite=0
[REPLAY] step=4850 loss=3.7462 pLoss=2.9110 vLoss=0.8003 pEnt=2.865 pIllM=0.0349 playedP=0.149 pW=0.48 pD=0.06 pL=0.46 vAbs=0.214 pLogitMean=0.4565 vLogitMean=1.9675 gNorm=1.407 lr=0.01 ms=1677.5 buf=500000 plies=41626573 games=631458 rejected=0 skipped=0 epoch=0 mom=0.9000 trainerStep=4850
[LAYER-HEALTH] live trainerStep=4850 scope=batch_norm_state_only reluSites=9/10 ch=1040 dead=0 off=0 alwaysOn=0 worst=none maxBetaOverGamma=+0.26@tower_final_bn[31] minBetaOverGamma=-0.05@tower_final_bn[37] rvMaxOverMedian=6.3@stem.bn[32] rezero=none nonFinite=0
[REPLAY] step=4900 loss=3.7581 pLoss=2.9100 vLoss=0.8133 pEnt=2.873 pIllM=0.0348 playedP=0.146 pW=0.48 pD=0.06 pL=0.46 vAbs=0.204 pLogitMean=0.4583 vLogitMean=1.9689 gNorm=1.271 lr=0.01 ms=1684.3 buf=500000 plies=42053337 games=637948 rejected=0 skipped=0 epoch=0 mom=0.9000 trainerStep=4900
[LAYER-HEALTH] live trainerStep=4900 scope=batch_norm_state_only reluSites=9/10 ch=1040 dead=0 off=0 alwaysOn=0 worst=none maxBetaOverGamma=+0.26@tower_final_bn[31] minBetaOverGamma=-0.05@tower_final_bn[37] rvMaxOverMedian=6.3@stem.bn[32] rezero=none nonFinite=0
[REPLAY] step=4950 loss=3.8097 pLoss=2.9407 vLoss=0.8336 pEnt=2.867 pIllM=0.0354 playedP=0.145 pW=0.48 pD=0.07 pL=0.45 vAbs=0.192 pLogitMean=0.4583 vLogitMean=1.9263 gNorm=1.335 lr=0.01 ms=1646.2 buf=500000 plies=42479938 games=644392 rejected=0 skipped=0 epoch=0 mom=0.9000 trainerStep=4950
[LAYER-HEALTH] live trainerStep=4950 scope=batch_norm_state_only reluSites=9/10 ch=1040 dead=0 off=0 alwaysOn=0 worst=none maxBetaOverGamma=+0.26@tower_final_bn[31] minBetaOverGamma=-0.05@tower_final_bn[37] rvMaxOverMedian=6.3@stem.bn[32] rezero=none nonFinite=0
[REPLAY] step=5000 loss=3.7744 pLoss=2.9320 vLoss=0.8075 pEnt=2.892 pIllM=0.0348 playedP=0.138 pW=0.47 pD=0.06 pL=0.47 vAbs=0.202 pLogitMean=0.4588 vLogitMean=2.0220 gNorm=1.391 lr=0.01 ms=1423.3 buf=500000 plies=42906578 games=650871 rejected=0 skipped=0 epoch=0 mom=0.9000 trainerStep=5000
[LAYER-HEALTH] live trainerStep=5000 scope=batch_norm_state_only reluSites=9/10 ch=1040 dead=0 off=0 alwaysOn=0 worst=none maxBetaOverGamma=+0.26@tower_final_bn[31] minBetaOverGamma=-0.05@tower_final_bn[37] rvMaxOverMedian=6.4@stem.bn[32] rezero=none nonFinite=0
[REPLAY] saved trainer model (autosave) step=5000 trainerStep=5000 nextGame=650871 shard=1 epoch=0 -> 20261005-lrA-const01-replay-latest.safetensors
[LAYER-HEALTH] checkpoint replay-autosave step=5000 trainerStep=5000 scope=all_tensors reluSites=9/10 ch=1040 dead=0 off=0 alwaysOn=0 worst=none maxBetaOverGamma=+0.26@tower_final_bn[31] minBetaOverGamma=-0.05@tower_final_bn[37] rvMaxOverMedian=6.4@stem.bn[32] rezero=none nonFinite=0 seZeroVel=none valueFC1ZeroVel=0/128 maxAbs=3.28@blocks.0.bn2.running_var
[LAYER-HEALTH]   batch-norm sites — β/|γ|: dead < -3.00, mostly off < -2.00, always on > +3.00; classified for relu/leaky_relu only
[LAYER-HEALTH]     site            act            ch   dead    off     on  zeroγ nonfin  min β/|γ| [ch]     max β/|γ| [ch]     rv max/median [ch]
[LAYER-HEALTH]     stem.bn         -             128    n/a    n/a    n/a      0      0     -0.02 [85]         +0.03 [31]            6.4 [32]
[LAYER-HEALTH]     blocks.0.bn1    relu          128      0      0      0      0      0     -0.02 [109]        +0.09 [14]            1.4 [97]
[LAYER-HEALTH]     blocks.0.bn2    relu          128      0      0      0      0      0     -0.03 [95]         +0.04 [41]            2.3 [24]
[LAYER-HEALTH]     blocks.1.bn1    relu          128      0      0      0      0      0     -0.02 [10]         +0.09 [121]           2.2 [97]
[LAYER-HEALTH]     blocks.1.bn2    relu          128      0      0      0      0      0     -0.02 [112]        +0.04 [110]           1.6 [15]
[LAYER-HEALTH]     blocks.2.bn1    relu          128      0      0      0      0      0     -0.02 [47]         +0.09 [30]            2.1 [108]
[LAYER-HEALTH]     blocks.2.bn2    relu          128      0      0      0      0      0     -0.01 [123]        +0.09 [29]            1.5 [8]
[LAYER-HEALTH]     tower_final_bn  relu          128      0      0      0      0      0     -0.05 [37]         +0.26 [31]            3.6 [19]
[LAYER-HEALTH]     policy.pre_bn   relu          128      0      0      0      0      0     -0.03 [40]         +0.11 [7]             2.5 [47]
[LAYER-HEALTH]     value.bn        relu           16      0      0      0      0      0     -0.05 [10]         +0.02 [0]             1.6 [11]
[LAYER-HEALTH]   FC hidden-unit velocity — zero: every weight-velocity entry exactly 0; low: nonzero but < 5% of the layer's p90 unit norm
[LAYER-HEALTH]     value.fc1.weight  relu  units 128  zero 0  low 14  median unit norm 0.006534
[LAYER-HEALTH]     (no SE blocks)
[LAYER-HEALTH]   ReZero: none
[LAYER-HEALTH]   non-finite: 0 values in 0 of 102 tensors (10263038 values examined)
[LAYER-HEALTH]   largest |value|: blocks.0.bn2.running_var 3.28, tower_final_bn.running_mean 2.477, blocks.0.bn2.running_mean 2.062, blocks.2.bn1.running_mean 1.953, blocks.1.bn1.running_mean 1.913
[REPLAY] enumerated checkpoint -> 20261005-lrA-const01-replay-step5000.safetensors
[REPLAY] step=5050 loss=3.7558 pLoss=2.9090 vLoss=0.8131 pEnt=2.861 pIllM=0.0337 playedP=0.148 pW=0.47 pD=0.06 pL=0.47 vAbs=0.197 pLogitMean=0.4612 vLogitMean=1.9896 gNorm=1.449 lr=0.01 ms=1417.0 buf=500000 plies=43333211 games=657287 rejected=0 skipped=0 epoch=0 mom=0.9000 trainerStep=5050
[LAYER-HEALTH] live trainerStep=5050 scope=batch_norm_state_only reluSites=9/10 ch=1040 dead=0 off=0 alwaysOn=0 worst=none maxBetaOverGamma=+0.26@tower_final_bn[31] minBetaOverGamma=-0.05@tower_final_bn[37] rvMaxOverMedian=6.3@stem.bn[32] rezero=none nonFinite=0
[REPLAY] step=5100 loss=3.7554 pLoss=2.9011 vLoss=0.8187 pEnt=2.871 pIllM=0.0356 playedP=0.147 pW=0.46 pD=0.07 pL=0.47 vAbs=0.203 pLogitMean=0.4600 vLogitMean=1.9735 gNorm=1.387 lr=0.01 ms=1513.9 buf=500000 plies=43759834 games=663687 rejected=0 skipped=0 epoch=0 mom=0.9000 trainerStep=5100
[LAYER-HEALTH] live trainerStep=5100 scope=batch_norm_state_only reluSites=9/10 ch=1040 dead=0 off=0 alwaysOn=0 worst=none maxBetaOverGamma=+0.26@tower_final_bn[31] minBetaOverGamma=-0.05@tower_final_bn[37] rvMaxOverMedian=6.3@stem.bn[32] rezero=none nonFinite=0
[REPLAY] step=5150 loss=3.7905 pLoss=2.9308 vLoss=0.8273 pEnt=2.875 pIllM=0.0323 playedP=0.147 pW=0.48 pD=0.07 pL=0.44 vAbs=0.203 pLogitMean=0.4617 vLogitMean=1.9683 gNorm=1.365 lr=0.01 ms=1505.9 buf=500000 plies=44186474 games=670123 rejected=0 skipped=0 epoch=0 mom=0.9000 trainerStep=5150
[LAYER-HEALTH] live trainerStep=5150 scope=batch_norm_state_only reluSites=9/10 ch=1040 dead=0 off=0 alwaysOn=0 worst=none maxBetaOverGamma=+0.27@tower_final_bn[31] minBetaOverGamma=-0.05@tower_final_bn[37] rvMaxOverMedian=6.3@stem.bn[32] rezero=none nonFinite=0
[REPLAY] step=5200 loss=3.7233 pLoss=2.8842 vLoss=0.8056 pEnt=2.837 pIllM=0.0335 playedP=0.157 pW=0.49 pD=0.06 pL=0.44 vAbs=0.220 pLogitMean=0.4610 vLogitMean=1.9745 gNorm=1.180 lr=0.01 ms=1493.1 buf=500000 plies=44613136 games=676649 rejected=0 skipped=0 epoch=0 mom=0.9000 trainerStep=5200
[LAYER-HEALTH] live trainerStep=5200 scope=batch_norm_state_only reluSites=9/10 ch=1040 dead=0 off=0 alwaysOn=0 worst=none maxBetaOverGamma=+0.27@tower_final_bn[31] minBetaOverGamma=-0.05@tower_final_bn[37] rvMaxOverMedian=6.2@stem.bn[32] rezero=none nonFinite=0
[REPLAY] step=5250 loss=3.7419 pLoss=2.8849 vLoss=0.8231 pEnt=2.880 pIllM=0.0339 playedP=0.146 pW=0.45 pD=0.07 pL=0.48 vAbs=0.222 pLogitMean=0.4610 vLogitMean=1.9117 gNorm=1.289 lr=0.01 ms=1568.6 buf=500000 plies=45039807 games=683042 rejected=0 skipped=0 epoch=0 mom=0.9000 trainerStep=5250
[LAYER-HEALTH] live trainerStep=5250 scope=batch_norm_state_only reluSites=9/10 ch=1040 dead=0 off=0 alwaysOn=0 worst=none maxBetaOverGamma=+0.27@tower_final_bn[31] minBetaOverGamma=-0.05@tower_final_bn[37] rvMaxOverMedian=6.3@stem.bn[32] rezero=none nonFinite=0
[REPLAY] step=5300 loss=3.7658 pLoss=2.9106 vLoss=0.8228 pEnt=2.869 pIllM=0.0323 playedP=0.147 pW=0.47 pD=0.07 pL=0.46 vAbs=0.198 pLogitMean=0.4606 vLogitMean=1.9054 gNorm=1.329 lr=0.01 ms=1627.4 buf=500000 plies=45466421 games=689483 rejected=0 skipped=0 epoch=0 mom=0.9000 trainerStep=5300
[LAYER-HEALTH] live trainerStep=5300 scope=batch_norm_state_only reluSites=9/10 ch=1040 dead=0 off=0 alwaysOn=0 worst=none maxBetaOverGamma=+0.27@tower_final_bn[31] minBetaOverGamma=-0.05@tower_final_bn[37] rvMaxOverMedian=6.4@stem.bn[32] rezero=none nonFinite=0
[REPLAY] step=5350 loss=3.7411 pLoss=2.8768 vLoss=0.8324 pEnt=2.868 pIllM=0.0320 playedP=0.146 pW=0.45 pD=0.07 pL=0.48 vAbs=0.211 pLogitMean=0.4616 vLogitMean=1.8462 gNorm=1.424 lr=0.01 ms=1556.6 buf=500000 plies=45893081 games=695898 rejected=0 skipped=0 epoch=0 mom=0.9000 trainerStep=5350
[LAYER-HEALTH] live trainerStep=5350 scope=batch_norm_state_only reluSites=9/10 ch=1040 dead=0 off=0 alwaysOn=0 worst=none maxBetaOverGamma=+0.27@tower_final_bn[31] minBetaOverGamma=-0.05@value.bn[10] rvMaxOverMedian=6.5@stem.bn[32] rezero=none nonFinite=0
[REPLAY] step=5400 loss=3.7604 pLoss=2.9133 vLoss=0.8161 pEnt=2.880 pIllM=0.0310 playedP=0.145 pW=0.47 pD=0.07 pL=0.46 vAbs=0.203 pLogitMean=0.4635 vLogitMean=1.8657 gNorm=1.324 lr=0.01 ms=1360.7 buf=500000 plies=46319752 games=702375 rejected=0 skipped=0 epoch=0 mom=0.9000 trainerStep=5400
[LAYER-HEALTH] live trainerStep=5400 scope=batch_norm_state_only reluSites=9/10 ch=1040 dead=0 off=0 alwaysOn=0 worst=none maxBetaOverGamma=+0.27@tower_final_bn[31] minBetaOverGamma=-0.05@tower_final_bn[37] rvMaxOverMedian=6.5@stem.bn[32] rezero=none nonFinite=0
[REPLAY] step=5450 loss=3.7497 pLoss=2.9015 vLoss=0.8149 pEnt=2.848 pIllM=0.0333 playedP=0.148 pW=0.48 pD=0.06 pL=0.45 vAbs=0.202 pLogitMean=0.4636 vLogitMean=1.8702 gNorm=1.230 lr=0.01 ms=1451.7 buf=500000 plies=46746396 games=708766 rejected=0 skipped=0 epoch=0 mom=0.9000 trainerStep=5450
[LAYER-HEALTH] live trainerStep=5450 scope=batch_norm_state_only reluSites=9/10 ch=1040 dead=0 off=0 alwaysOn=0 worst=none maxBetaOverGamma=+0.27@tower_final_bn[31] minBetaOverGamma=-0.05@tower_final_bn[37] rvMaxOverMedian=6.5@stem.bn[32] rezero=none nonFinite=0
[REPLAY] step=5500 loss=3.7528 pLoss=2.9104 vLoss=0.8116 pEnt=2.889 pIllM=0.0308 playedP=0.144 pW=0.48 pD=0.06 pL=0.46 vAbs=0.213 pLogitMean=0.4655 vLogitMean=1.8209 gNorm=1.263 lr=0.01 ms=1626.2 buf=500000 plies=47173050 games=715271 rejected=0 skipped=0 epoch=0 mom=0.9000 trainerStep=5500
[LAYER-HEALTH] live trainerStep=5500 scope=batch_norm_state_only reluSites=9/10 ch=1040 dead=0 off=0 alwaysOn=0 worst=none maxBetaOverGamma=+0.27@tower_final_bn[31] minBetaOverGamma=-0.05@tower_final_bn[37] rvMaxOverMedian=6.5@stem.bn[32] rezero=none nonFinite=0
[REPLAY] step=5550 loss=3.7746 pLoss=2.9233 vLoss=0.8180 pEnt=2.871 pIllM=0.0333 playedP=0.151 pW=0.49 pD=0.07 pL=0.45 vAbs=0.194 pLogitMean=0.4656 vLogitMean=1.8187 gNorm=1.275 lr=0.01 ms=1415.7 buf=500000 plies=47599723 games=721780 rejected=0 skipped=0 epoch=0 mom=0.9000 trainerStep=5550
[LAYER-HEALTH] live trainerStep=5550 scope=batch_norm_state_only reluSites=9/10 ch=1040 dead=0 off=0 alwaysOn=0 worst=none maxBetaOverGamma=+0.27@tower_final_bn[31] minBetaOverGamma=-0.05@value.bn[10] rvMaxOverMedian=6.4@stem.bn[32] rezero=none nonFinite=0
[REPLAY] step=5600 loss=3.7517 pLoss=2.8854 vLoss=0.8325 pEnt=2.855 pIllM=0.0337 playedP=0.149 pW=0.47 pD=0.07 pL=0.45 vAbs=0.200 pLogitMean=0.4672 vLogitMean=1.8489 gNorm=1.246 lr=0.01 ms=1504.9 buf=500000 plies=48026380 games=728254 rejected=0 skipped=0 epoch=0 mom=0.9000 trainerStep=5600
[LAYER-HEALTH] live trainerStep=5600 scope=batch_norm_state_only reluSites=9/10 ch=1040 dead=0 off=0 alwaysOn=0 worst=none maxBetaOverGamma=+0.27@tower_final_bn[31] minBetaOverGamma=-0.05@value.bn[10] rvMaxOverMedian=6.3@stem.bn[32] rezero=none nonFinite=0
[REPLAY] step=5650 loss=3.7594 pLoss=2.9038 vLoss=0.8257 pEnt=2.888 pIllM=0.0299 playedP=0.147 pW=0.47 pD=0.06 pL=0.46 vAbs=0.200 pLogitMean=0.4657 vLogitMean=1.9034 gNorm=1.301 lr=0.01 ms=1652.8 buf=500000 plies=48452987 games=734716 rejected=0 skipped=0 epoch=0 mom=0.9000 trainerStep=5650
[LAYER-HEALTH] live trainerStep=5650 scope=batch_norm_state_only reluSites=9/10 ch=1040 dead=0 off=0 alwaysOn=0 worst=none maxBetaOverGamma=+0.27@tower_final_bn[31] minBetaOverGamma=-0.05@value.bn[10] rvMaxOverMedian=6.4@stem.bn[32] rezero=none nonFinite=0
[REPLAY] step=5700 loss=3.7485 pLoss=2.8911 vLoss=0.8248 pEnt=2.885 pIllM=0.0325 playedP=0.146 pW=0.45 pD=0.06 pL=0.48 vAbs=0.211 pLogitMean=0.4673 vLogitMean=1.8972 gNorm=1.349 lr=0.01 ms=1618.2 buf=500000 plies=48879628 games=741227 rejected=0 skipped=0 epoch=0 mom=0.9000 trainerStep=5700
[LAYER-HEALTH] live trainerStep=5700 scope=batch_norm_state_only reluSites=9/10 ch=1040 dead=0 off=0 alwaysOn=0 worst=none maxBetaOverGamma=+0.27@tower_final_bn[31] minBetaOverGamma=-0.05@tower_final_bn[37] rvMaxOverMedian=6.4@stem.bn[32] rezero=none nonFinite=0
[REPLAY] step=5750 loss=3.7600 pLoss=2.9070 vLoss=0.8223 pEnt=2.876 pIllM=0.0308 playedP=0.144 pW=0.48 pD=0.07 pL=0.45 vAbs=0.201 pLogitMean=0.4663 vLogitMean=1.8766 gNorm=1.490 lr=0.01 ms=1481.4 buf=500000 plies=49306384 games=747656 rejected=0 skipped=0 epoch=0 mom=0.9000 trainerStep=5750
[LAYER-HEALTH] live trainerStep=5750 scope=batch_norm_state_only reluSites=9/10 ch=1040 dead=0 off=0 alwaysOn=0 worst=none maxBetaOverGamma=+0.28@tower_final_bn[31] minBetaOverGamma=-0.05@tower_final_bn[37] rvMaxOverMedian=6.4@stem.bn[32] rezero=none nonFinite=0
[REPLAY] step=5800 loss=3.7578 pLoss=2.9030 vLoss=0.8238 pEnt=2.848 pIllM=0.0309 playedP=0.152 pW=0.48 pD=0.07 pL=0.45 vAbs=0.196 pLogitMean=0.4666 vLogitMean=1.8838 gNorm=1.249 lr=0.01 ms=1536.3 buf=500000 plies=49732925 games=754076 rejected=0 skipped=0 epoch=0 mom=0.9000 trainerStep=5800
[LAYER-HEALTH] live trainerStep=5800 scope=batch_norm_state_only reluSites=9/10 ch=1040 dead=0 off=0 alwaysOn=0 worst=none maxBetaOverGamma=+0.28@tower_final_bn[31] minBetaOverGamma=-0.05@tower_final_bn[37] rvMaxOverMedian=6.4@stem.bn[32] rezero=none nonFinite=0
[REPLAY] step=5850 loss=3.7689 pLoss=2.9141 vLoss=0.8243 pEnt=2.881 pIllM=0.0304 playedP=0.148 pW=0.48 pD=0.07 pL=0.45 vAbs=0.200 pLogitMean=0.4661 vLogitMean=1.8772 gNorm=1.281 lr=0.01 ms=1487.6 buf=500000 plies=50159650 games=760571 rejected=0 skipped=0 epoch=0 mom=0.9000 trainerStep=5850
[LAYER-HEALTH] live trainerStep=5850 scope=batch_norm_state_only reluSites=9/10 ch=1040 dead=0 off=0 alwaysOn=0 worst=none maxBetaOverGamma=+0.28@tower_final_bn[31] minBetaOverGamma=-0.05@tower_final_bn[37] rvMaxOverMedian=6.5@stem.bn[32] rezero=none nonFinite=0
[REPLAY] step=5900 loss=3.7247 pLoss=2.8812 vLoss=0.8130 pEnt=2.858 pIllM=0.0306 playedP=0.148 pW=0.46 pD=0.07 pL=0.47 vAbs=0.205 pLogitMean=0.4667 vLogitMean=1.8980 gNorm=1.200 lr=0.01 ms=1631.5 buf=500000 plies=50586251 games=766956 rejected=0 skipped=0 epoch=0 mom=0.9000 trainerStep=5900
[LAYER-HEALTH] live trainerStep=5900 scope=batch_norm_state_only reluSites=9/10 ch=1040 dead=0 off=0 alwaysOn=0 worst=none maxBetaOverGamma=+0.28@tower_final_bn[31] minBetaOverGamma=-0.06@value.bn[10] rvMaxOverMedian=6.7@stem.bn[32] rezero=none nonFinite=0
[REPLAY] step=5950 loss=3.7370 pLoss=2.8936 vLoss=0.8099 pEnt=2.881 pIllM=0.0336 playedP=0.148 pW=0.48 pD=0.06 pL=0.47 vAbs=0.201 pLogitMean=0.4681 vLogitMean=1.9425 gNorm=1.283 lr=0.01 ms=1501.7 buf=500000 plies=51012874 games=773419 rejected=0 skipped=0 epoch=0 mom=0.9000 trainerStep=5950
[LAYER-HEALTH] live trainerStep=5950 scope=batch_norm_state_only reluSites=9/10 ch=1040 dead=0 off=0 alwaysOn=0 worst=none maxBetaOverGamma=+0.28@tower_final_bn[31] minBetaOverGamma=-0.06@value.bn[10] rvMaxOverMedian=6.8@stem.bn[32] rezero=none nonFinite=0
[REPLAY] step=6000 loss=3.7308 pLoss=2.8695 vLoss=0.8285 pEnt=2.871 pIllM=0.0328 playedP=0.147 pW=0.45 pD=0.07 pL=0.48 vAbs=0.223 pLogitMean=0.4675 vLogitMean=1.8768 gNorm=1.333 lr=0.01 ms=1509.5 buf=500000 plies=51439544 games=779913 rejected=0 skipped=0 epoch=0 mom=0.9000 trainerStep=6000
[LAYER-HEALTH] live trainerStep=6000 scope=batch_norm_state_only reluSites=9/10 ch=1040 dead=0 off=0 alwaysOn=0 worst=none maxBetaOverGamma=+0.28@tower_final_bn[31] minBetaOverGamma=-0.06@value.bn[10] rvMaxOverMedian=6.7@stem.bn[32] rezero=none nonFinite=0
[REPLAY] saved trainer model (autosave) step=6000 trainerStep=6000 nextGame=779913 shard=1 epoch=0 -> 20261005-lrA-const01-replay-latest.safetensors
[LAYER-HEALTH] checkpoint replay-autosave step=6000 trainerStep=6000 scope=all_tensors reluSites=9/10 ch=1040 dead=0 off=0 alwaysOn=0 worst=none maxBetaOverGamma=+0.28@tower_final_bn[31] minBetaOverGamma=-0.06@value.bn[10] rvMaxOverMedian=6.7@stem.bn[32] rezero=none nonFinite=0 seZeroVel=none valueFC1ZeroVel=0/128 maxAbs=3.552@blocks.0.bn2.running_var
[LAYER-HEALTH]   batch-norm sites — β/|γ|: dead < -3.00, mostly off < -2.00, always on > +3.00; classified for relu/leaky_relu only
[LAYER-HEALTH]     site            act            ch   dead    off     on  zeroγ nonfin  min β/|γ| [ch]     max β/|γ| [ch]     rv max/median [ch]
[LAYER-HEALTH]     stem.bn         -             128    n/a    n/a    n/a      0      0     -0.02 [85]         +0.03 [31]            6.7 [32]
[LAYER-HEALTH]     blocks.0.bn1    relu          128      0      0      0      0      0     -0.03 [109]        +0.10 [14]            1.5 [97]
[LAYER-HEALTH]     blocks.0.bn2    relu          128      0      0      0      0      0     -0.04 [95]         +0.04 [41]            2.4 [24]
[LAYER-HEALTH]     blocks.1.bn1    relu          128      0      0      0      0      0     -0.02 [10]         +0.10 [121]           2.4 [97]
[LAYER-HEALTH]     blocks.1.bn2    relu          128      0      0      0      0      0     -0.02 [112]        +0.04 [110]           1.5 [15]
[LAYER-HEALTH]     blocks.2.bn1    relu          128      0      0      0      0      0     -0.02 [53]         +0.10 [30]            2.0 [16]
[LAYER-HEALTH]     blocks.2.bn2    relu          128      0      0      0      0      0     -0.01 [123]        +0.10 [29]            1.5 [8]
[LAYER-HEALTH]     tower_final_bn  relu          128      0      0      0      0      0     -0.05 [37]         +0.28 [31]            3.7 [19]
[LAYER-HEALTH]     policy.pre_bn   relu          128      0      0      0      0      0     -0.03 [40]         +0.12 [7]             2.5 [47]
[LAYER-HEALTH]     value.bn        relu           16      0      0      0      0      0     -0.06 [10]         +0.02 [0]             1.6 [11]
[LAYER-HEALTH]   FC hidden-unit velocity — zero: every weight-velocity entry exactly 0; low: nonzero but < 5% of the layer's p90 unit norm
[LAYER-HEALTH]     value.fc1.weight  relu  units 128  zero 0  low 10  median unit norm 0.005819
[LAYER-HEALTH]     (no SE blocks)
[LAYER-HEALTH]   ReZero: none
[LAYER-HEALTH]   non-finite: 0 values in 0 of 102 tensors (10263038 values examined)
[LAYER-HEALTH]   largest |value|: blocks.0.bn2.running_var 3.552, tower_final_bn.running_mean 2.487, blocks.0.bn2.running_mean 2.086, blocks.1.bn1.running_mean 2.041, blocks.2.bn2.running_var 1.865
[REPLAY] enumerated checkpoint -> 20261005-lrA-const01-replay-step6000.safetensors
[REPLAY] step=6050 loss=3.7797 pLoss=2.9244 vLoss=0.8265 pEnt=2.897 pIllM=0.0288 playedP=0.145 pW=0.47 pD=0.08 pL=0.45 vAbs=0.192 pLogitMean=0.4680 vLogitMean=1.8700 gNorm=1.410 lr=0.01 ms=1534.7 buf=500000 plies=51866229 games=786406 rejected=0 skipped=0 epoch=0 mom=0.9000 trainerStep=6050
[LAYER-HEALTH] live trainerStep=6050 scope=batch_norm_state_only reluSites=9/10 ch=1040 dead=0 off=0 alwaysOn=0 worst=none maxBetaOverGamma=+0.28@tower_final_bn[31] minBetaOverGamma=-0.05@value.bn[10] rvMaxOverMedian=6.6@stem.bn[32] rezero=none nonFinite=0
[REPLAY] step=6100 loss=3.7433 pLoss=2.8773 vLoss=0.8358 pEnt=2.852 pIllM=0.0302 playedP=0.150 pW=0.47 pD=0.07 pL=0.46 vAbs=0.209 pLogitMean=0.4684 vLogitMean=1.8894 gNorm=1.174 lr=0.01 ms=1527.5 buf=500000 plies=52292838 games=792868 rejected=0 skipped=0 epoch=0 mom=0.9000 trainerStep=6100
[LAYER-HEALTH] live trainerStep=6100 scope=batch_norm_state_only reluSites=9/10 ch=1040 dead=0 off=0 alwaysOn=0 worst=none maxBetaOverGamma=+0.28@tower_final_bn[31] minBetaOverGamma=-0.05@tower_final_bn[37] rvMaxOverMedian=6.6@stem.bn[32] rezero=none nonFinite=0
[REPLAY] step=6150 loss=3.7102 pLoss=2.8561 vLoss=0.8246 pEnt=2.871 pIllM=0.0296 playedP=0.148 pW=0.46 pD=0.06 pL=0.48 vAbs=0.212 pLogitMean=0.4693 vLogitMean=1.9095 gNorm=1.530 lr=0.01 ms=1415.5 buf=500000 plies=52719475 games=799270 rejected=0 skipped=0 epoch=0 mom=0.9000 trainerStep=6150
[LAYER-HEALTH] live trainerStep=6150 scope=batch_norm_state_only reluSites=9/10 ch=1040 dead=0 off=0 alwaysOn=0 worst=none maxBetaOverGamma=+0.28@tower_final_bn[31] minBetaOverGamma=-0.06@value.bn[10] rvMaxOverMedian=6.5@stem.bn[32] rezero=none nonFinite=0
[REPLAY] step=6200 loss=3.7442 pLoss=2.8910 vLoss=0.8231 pEnt=2.867 pIllM=0.0301 playedP=0.153 pW=0.47 pD=0.07 pL=0.46 vAbs=0.202 pLogitMean=0.4691 vLogitMean=1.8637 gNorm=1.257 lr=0.01 ms=1542.5 buf=500000 plies=53146138 games=805746 rejected=0 skipped=0 epoch=0 mom=0.9000 trainerStep=6200
[LAYER-HEALTH] live trainerStep=6200 scope=batch_norm_state_only reluSites=9/10 ch=1040 dead=0 off=0 alwaysOn=0 worst=none maxBetaOverGamma=+0.28@tower_final_bn[31] minBetaOverGamma=-0.06@value.bn[10] rvMaxOverMedian=6.5@stem.bn[32] rezero=none nonFinite=0
[REPLAY] step=6250 loss=3.6973 pLoss=2.8535 vLoss=0.8142 pEnt=2.867 pIllM=0.0297 playedP=0.152 pW=0.46 pD=0.07 pL=0.47 vAbs=0.208 pLogitMean=0.4705 vLogitMean=1.8588 gNorm=1.300 lr=0.01 ms=1623.3 buf=500000 plies=53572815 games=812138 rejected=0 skipped=0 epoch=0 mom=0.9000 trainerStep=6250
[LAYER-HEALTH] live trainerStep=6250 scope=batch_norm_state_only reluSites=9/10 ch=1040 dead=0 off=0 alwaysOn=0 worst=none maxBetaOverGamma=+0.28@tower_final_bn[31] minBetaOverGamma=-0.06@value.bn[10] rvMaxOverMedian=6.4@stem.bn[32] rezero=none nonFinite=0
[REPLAY] step=6300 loss=3.7222 pLoss=2.8665 vLoss=0.8260 pEnt=2.869 pIllM=0.0297 playedP=0.147 pW=0.47 pD=0.07 pL=0.46 vAbs=0.217 pLogitMean=0.4695 vLogitMean=1.8852 gNorm=1.260 lr=0.01 ms=1634.6 buf=500000 plies=53999428 games=818522 rejected=0 skipped=0 epoch=0 mom=0.9000 trainerStep=6300
[LAYER-HEALTH] live trainerStep=6300 scope=batch_norm_state_only reluSites=9/10 ch=1040 dead=0 off=0 alwaysOn=0 worst=none maxBetaOverGamma=+0.28@tower_final_bn[31] minBetaOverGamma=-0.06@value.bn[10] rvMaxOverMedian=6.4@stem.bn[32] rezero=none nonFinite=0
[REPLAY] step=6350 loss=3.7202 pLoss=2.8606 vLoss=0.8305 pEnt=2.871 pIllM=0.0290 playedP=0.148 pW=0.47 pD=0.07 pL=0.46 vAbs=0.203 pLogitMean=0.4687 vLogitMean=1.9398 gNorm=1.260 lr=0.01 ms=1625.4 buf=500000 plies=54426090 games=825032 rejected=0 skipped=0 epoch=0 mom=0.9000 trainerStep=6350
[LAYER-HEALTH] live trainerStep=6350 scope=batch_norm_state_only reluSites=9/10 ch=1040 dead=0 off=0 alwaysOn=0 worst=none maxBetaOverGamma=+0.28@tower_final_bn[31] minBetaOverGamma=-0.06@tower_final_bn[37] rvMaxOverMedian=6.4@stem.bn[32] rezero=none nonFinite=0
[REPLAY] step=6400 loss=3.7277 pLoss=2.8711 vLoss=0.8264 pEnt=2.889 pIllM=0.0302 playedP=0.144 pW=0.46 pD=0.07 pL=0.47 vAbs=0.211 pLogitMean=0.4679 vLogitMean=1.9405 gNorm=1.264 lr=0.01 ms=1734.0 buf=500000 plies=54852835 games=831471 rejected=0 skipped=0 epoch=0 mom=0.9000 trainerStep=6400
[LAYER-HEALTH] live trainerStep=6400 scope=batch_norm_state_only reluSites=9/10 ch=1040 dead=0 off=0 alwaysOn=0 worst=none maxBetaOverGamma=+0.28@tower_final_bn[31] minBetaOverGamma=-0.06@tower_final_bn[37] rvMaxOverMedian=6.5@stem.bn[32] rezero=none nonFinite=0
[REPLAY] step=6450 loss=3.7528 pLoss=2.8966 vLoss=0.8258 pEnt=2.882 pIllM=0.0303 playedP=0.146 pW=0.46 pD=0.08 pL=0.46 vAbs=0.209 pLogitMean=0.4683 vLogitMean=1.9560 gNorm=1.461 lr=0.01 ms=1635.6 buf=500000 plies=55279420 games=837906 rejected=0 skipped=0 epoch=0 mom=0.9000 trainerStep=6450
[LAYER-HEALTH] live trainerStep=6450 scope=batch_norm_state_only reluSites=9/10 ch=1040 dead=0 off=0 alwaysOn=0 worst=none maxBetaOverGamma=+0.28@tower_final_bn[31] minBetaOverGamma=-0.06@tower_final_bn[37] rvMaxOverMedian=6.4@stem.bn[32] rezero=none nonFinite=0
[REPLAY] step=6500 loss=3.7196 pLoss=2.8700 vLoss=0.8191 pEnt=2.863 pIllM=0.0305 playedP=0.154 pW=0.47 pD=0.06 pL=0.47 vAbs=0.217 pLogitMean=0.4686 vLogitMean=1.9660 gNorm=1.207 lr=0.01 ms=1553.0 buf=500000 plies=55706064 games=844339 rejected=0 skipped=0 epoch=0 mom=0.9000 trainerStep=6500
[LAYER-HEALTH] live trainerStep=6500 scope=batch_norm_state_only reluSites=9/10 ch=1040 dead=0 off=0 alwaysOn=0 worst=none maxBetaOverGamma=+0.29@tower_final_bn[31] minBetaOverGamma=-0.06@tower_final_bn[37] rvMaxOverMedian=6.4@stem.bn[32] rezero=none nonFinite=0
[REPLAY] step=6550 loss=3.7419 pLoss=2.8848 vLoss=0.8299 pEnt=2.854 pIllM=0.0272 playedP=0.151 pW=0.48 pD=0.07 pL=0.45 vAbs=0.207 pLogitMean=0.4695 vLogitMean=1.9355 gNorm=1.388 lr=0.01 ms=1521.6 buf=500000 plies=56132712 games=850788 rejected=0 skipped=0 epoch=0 mom=0.9000 trainerStep=6550
[LAYER-HEALTH] live trainerStep=6550 scope=batch_norm_state_only reluSites=9/10 ch=1040 dead=0 off=0 alwaysOn=0 worst=none maxBetaOverGamma=+0.29@tower_final_bn[31] minBetaOverGamma=-0.06@value.bn[10] rvMaxOverMedian=6.5@stem.bn[32] rezero=none nonFinite=0
[REPLAY] step=6600 loss=3.7205 pLoss=2.8737 vLoss=0.8172 pEnt=2.862 pIllM=0.0296 playedP=0.148 pW=0.48 pD=0.07 pL=0.45 vAbs=0.216 pLogitMean=0.4710 vLogitMean=1.9084 gNorm=1.313 lr=0.01 ms=1683.6 buf=500000 plies=56559338 games=857280 rejected=0 skipped=0 epoch=0 mom=0.9000 trainerStep=6600
[LAYER-HEALTH] live trainerStep=6600 scope=batch_norm_state_only reluSites=9/10 ch=1040 dead=0 off=0 alwaysOn=0 worst=none maxBetaOverGamma=+0.29@tower_final_bn[31] minBetaOverGamma=-0.06@value.bn[10] rvMaxOverMedian=6.5@stem.bn[32] rezero=none nonFinite=0
[REPLAY] step=6650 loss=3.7350 pLoss=2.8861 vLoss=0.8224 pEnt=2.876 pIllM=0.0265 playedP=0.147 pW=0.48 pD=0.07 pL=0.45 vAbs=0.217 pLogitMean=0.4707 vLogitMean=1.9196 gNorm=1.166 lr=0.01 ms=1645.9 buf=500000 plies=56986062 games=863736 rejected=0 skipped=0 epoch=0 mom=0.9000 trainerStep=6650
[LAYER-HEALTH] live trainerStep=6650 scope=batch_norm_state_only reluSites=9/10 ch=1040 dead=0 off=0 alwaysOn=0 worst=none maxBetaOverGamma=+0.29@tower_final_bn[31] minBetaOverGamma=-0.06@value.bn[10] rvMaxOverMedian=6.6@stem.bn[32] rezero=none nonFinite=0
[REPLAY] step=6700 loss=3.7411 pLoss=2.8962 vLoss=0.8172 pEnt=2.859 pIllM=0.0278 playedP=0.150 pW=0.48 pD=0.07 pL=0.45 vAbs=0.218 pLogitMean=0.4707 vLogitMean=1.9184 gNorm=1.189 lr=0.01 ms=1575.9 buf=500000 plies=57412640 games=870194 rejected=0 skipped=0 epoch=0 mom=0.9000 trainerStep=6700
[LAYER-HEALTH] live trainerStep=6700 scope=batch_norm_state_only reluSites=9/10 ch=1040 dead=0 off=0 alwaysOn=0 worst=none maxBetaOverGamma=+0.29@tower_final_bn[31] minBetaOverGamma=-0.06@value.bn[10] rvMaxOverMedian=6.7@stem.bn[32] rezero=none nonFinite=0
[REPLAY] step=6750 loss=3.7508 pLoss=2.8896 vLoss=0.8307 pEnt=2.853 pIllM=0.0305 playedP=0.152 pW=0.49 pD=0.07 pL=0.44 vAbs=0.207 pLogitMean=0.4702 vLogitMean=1.8929 gNorm=1.196 lr=0.01 ms=1678.9 buf=500000 plies=57839315 games=876656 rejected=0 skipped=0 epoch=0 mom=0.9000 trainerStep=6750
[LAYER-HEALTH] live trainerStep=6750 scope=batch_norm_state_only reluSites=9/10 ch=1040 dead=0 off=0 alwaysOn=0 worst=none maxBetaOverGamma=+0.29@tower_final_bn[31] minBetaOverGamma=-0.06@value.bn[10] rvMaxOverMedian=6.6@stem.bn[32] rezero=none nonFinite=0
[REPLAY] step=6800 loss=3.7229 pLoss=2.8662 vLoss=0.8289 pEnt=2.865 pIllM=0.0278 playedP=0.150 pW=0.45 pD=0.07 pL=0.48 vAbs=0.207 pLogitMean=0.4707 vLogitMean=1.8734 gNorm=1.280 lr=0.01 ms=1609.1 buf=500000 plies=58265953 games=883116 rejected=0 skipped=0 epoch=0 mom=0.9000 trainerStep=6800
[LAYER-HEALTH] live trainerStep=6800 scope=batch_norm_state_only reluSites=9/10 ch=1040 dead=0 off=0 alwaysOn=0 worst=none maxBetaOverGamma=+0.29@tower_final_bn[31] minBetaOverGamma=-0.06@value.bn[10] rvMaxOverMedian=6.7@stem.bn[32] rezero=none nonFinite=0
[REPLAY] step=6850 loss=3.7209 pLoss=2.8824 vLoss=0.8119 pEnt=2.868 pIllM=0.0266 playedP=0.150 pW=0.47 pD=0.06 pL=0.47 vAbs=0.199 pLogitMean=0.4703 vLogitMean=1.9574 gNorm=1.223 lr=0.01 ms=1547.6 buf=500000 plies=58692608 games=889596 rejected=0 skipped=0 epoch=0 mom=0.9000 trainerStep=6850
[LAYER-HEALTH] live trainerStep=6850 scope=batch_norm_state_only reluSites=9/10 ch=1040 dead=0 off=0 alwaysOn=0 worst=none maxBetaOverGamma=+0.29@tower_final_bn[31] minBetaOverGamma=-0.06@value.bn[10] rvMaxOverMedian=6.7@stem.bn[32] rezero=none nonFinite=0
[REPLAY] step=6900 loss=3.7276 pLoss=2.8786 vLoss=0.8209 pEnt=2.867 pIllM=0.0281 playedP=0.151 pW=0.47 pD=0.07 pL=0.46 vAbs=0.204 pLogitMean=0.4714 vLogitMean=1.8779 gNorm=1.165 lr=0.01 ms=1641.4 buf=500000 plies=59119249 games=896121 rejected=0 skipped=0 epoch=0 mom=0.9000 trainerStep=6900
[LAYER-HEALTH] live trainerStep=6900 scope=batch_norm_state_only reluSites=9/10 ch=1040 dead=0 off=0 alwaysOn=0 worst=none maxBetaOverGamma=+0.29@tower_final_bn[31] minBetaOverGamma=-0.06@value.bn[10] rvMaxOverMedian=6.7@stem.bn[32] rezero=none nonFinite=0
[REPLAY] step=6950 loss=3.7254 pLoss=2.8737 vLoss=0.8235 pEnt=2.865 pIllM=0.0282 playedP=0.153 pW=0.47 pD=0.07 pL=0.46 vAbs=0.205 pLogitMean=0.4718 vLogitMean=1.8501 gNorm=1.244 lr=0.01 ms=1528.4 buf=500000 plies=59545882 games=902529 rejected=0 skipped=0 epoch=0 mom=0.9000 trainerStep=6950
[LAYER-HEALTH] live trainerStep=6950 scope=batch_norm_state_only reluSites=9/10 ch=1040 dead=0 off=0 alwaysOn=0 worst=none maxBetaOverGamma=+0.29@tower_final_bn[31] minBetaOverGamma=-0.06@value.bn[10] rvMaxOverMedian=6.7@stem.bn[32] rezero=none nonFinite=0
[REPLAY] step=7000 loss=3.7232 pLoss=2.8737 vLoss=0.8211 pEnt=2.850 pIllM=0.0283 playedP=0.152 pW=0.47 pD=0.07 pL=0.46 vAbs=0.205 pLogitMean=0.4734 vLogitMean=1.8318 gNorm=1.335 lr=0.01 ms=1564.1 buf=500000 plies=59972543 games=908960 rejected=0 skipped=0 epoch=0 mom=0.9000 trainerStep=7000
[LAYER-HEALTH] live trainerStep=7000 scope=batch_norm_state_only reluSites=9/10 ch=1040 dead=0 off=0 alwaysOn=0 worst=none maxBetaOverGamma=+0.29@tower_final_bn[31] minBetaOverGamma=-0.06@value.bn[10] rvMaxOverMedian=6.8@stem.bn[32] rezero=none nonFinite=0
[REPLAY] saved trainer model (autosave) step=7000 trainerStep=7000 nextGame=908960 shard=1 epoch=0 -> 20261005-lrA-const01-replay-latest.safetensors
[LAYER-HEALTH] checkpoint replay-autosave step=7000 trainerStep=7000 scope=all_tensors reluSites=9/10 ch=1040 dead=0 off=0 alwaysOn=0 worst=none maxBetaOverGamma=+0.29@tower_final_bn[31] minBetaOverGamma=-0.06@value.bn[10] rvMaxOverMedian=6.8@stem.bn[32] rezero=none nonFinite=0 seZeroVel=none valueFC1ZeroVel=0/128 maxAbs=3.909@blocks.0.bn2.running_var
[LAYER-HEALTH]   batch-norm sites — β/|γ|: dead < -3.00, mostly off < -2.00, always on > +3.00; classified for relu/leaky_relu only
[LAYER-HEALTH]     site            act            ch   dead    off     on  zeroγ nonfin  min β/|γ| [ch]     max β/|γ| [ch]     rv max/median [ch]
[LAYER-HEALTH]     stem.bn         -             128    n/a    n/a    n/a      0      0     -0.03 [85]         +0.03 [121]           6.8 [32]
[LAYER-HEALTH]     blocks.0.bn1    relu          128      0      0      0      0      0     -0.03 [109]        +0.11 [62]            1.5 [97]
[LAYER-HEALTH]     blocks.0.bn2    relu          128      0      0      0      0      0     -0.04 [95]         +0.04 [41]            2.6 [24]
[LAYER-HEALTH]     blocks.1.bn1    relu          128      0      0      0      0      0     -0.02 [10]         +0.10 [121]           2.5 [97]
[LAYER-HEALTH]     blocks.1.bn2    relu          128      0      0      0      0      0     -0.02 [112]        +0.05 [110]           1.4 [55]
[LAYER-HEALTH]     blocks.2.bn1    relu          128      0      0      0      0      0     -0.03 [53]         +0.11 [30]            2.0 [16]
[LAYER-HEALTH]     blocks.2.bn2    relu          128      0      0      0      0      0     -0.02 [123]        +0.11 [29]            1.4 [7]
[LAYER-HEALTH]     tower_final_bn  relu          128      0      0      0      0      0     -0.06 [37]         +0.29 [31]            3.8 [19]
[LAYER-HEALTH]     policy.pre_bn   relu          128      0      0      0      0      0     -0.03 [40]         +0.12 [7]             2.5 [32]
[LAYER-HEALTH]     value.bn        relu           16      0      0      0      0      0     -0.06 [10]         +0.02 [0]             1.7 [11]
[LAYER-HEALTH]   FC hidden-unit velocity — zero: every weight-velocity entry exactly 0; low: nonzero but < 5% of the layer's p90 unit norm
[LAYER-HEALTH]     value.fc1.weight  relu  units 128  zero 0  low 17  median unit norm 0.005735
[LAYER-HEALTH]     (no SE blocks)
[LAYER-HEALTH]   ReZero: none
[LAYER-HEALTH]   non-finite: 0 values in 0 of 102 tensors (10263038 values examined)
[LAYER-HEALTH]   largest |value|: blocks.0.bn2.running_var 3.909, tower_final_bn.running_mean 2.501, blocks.0.bn2.running_mean 2.07, blocks.1.bn1.running_mean 2.012, blocks.2.bn1.running_mean 1.93
[REPLAY] enumerated checkpoint -> 20261005-lrA-const01-replay-step7000.safetensors
[REPLAY] step=7050 loss=3.6712 pLoss=2.8292 vLoss=0.8128 pEnt=2.847 pIllM=0.0292 playedP=0.155 pW=0.45 pD=0.08 pL=0.47 vAbs=0.216 pLogitMean=0.4719 vLogitMean=1.8783 gNorm=1.195 lr=0.01 ms=1603.9 buf=500000 plies=60399172 games=915405 rejected=0 skipped=0 epoch=0 mom=0.9000 trainerStep=7050
[LAYER-HEALTH] live trainerStep=7050 scope=batch_norm_state_only reluSites=9/10 ch=1040 dead=0 off=0 alwaysOn=0 worst=none maxBetaOverGamma=+0.29@tower_final_bn[31] minBetaOverGamma=-0.06@value.bn[10] rvMaxOverMedian=6.7@stem.bn[32] rezero=none nonFinite=0
[REPLAY] step=7100 loss=3.7518 pLoss=2.8943 vLoss=0.8305 pEnt=2.870 pIllM=0.0270 playedP=0.150 pW=0.48 pD=0.07 pL=0.45 vAbs=0.204 pLogitMean=0.4719 vLogitMean=1.8954 gNorm=1.362 lr=0.01 ms=1541.9 buf=500000 plies=60825827 games=921848 rejected=0 skipped=0 epoch=0 mom=0.9000 trainerStep=7100
[LAYER-HEALTH] live trainerStep=7100 scope=batch_norm_state_only reluSites=9/10 ch=1040 dead=0 off=0 alwaysOn=0 worst=none maxBetaOverGamma=+0.29@tower_final_bn[31] minBetaOverGamma=-0.06@value.bn[10] rvMaxOverMedian=6.7@stem.bn[32] rezero=none nonFinite=0
[REPLAY] step=7150 loss=3.7225 pLoss=2.8699 vLoss=0.8233 pEnt=2.847 pIllM=0.0293 playedP=0.155 pW=0.48 pD=0.07 pL=0.45 vAbs=0.204 pLogitMean=0.4737 vLogitMean=1.8770 gNorm=1.360 lr=0.01 ms=1560.0 buf=500000 plies=61252515 games=928272 rejected=0 skipped=0 epoch=0 mom=0.9000 trainerStep=7150
[LAYER-HEALTH] live trainerStep=7150 scope=batch_norm_state_only reluSites=9/10 ch=1040 dead=0 off=0 alwaysOn=0 worst=none maxBetaOverGamma=+0.29@tower_final_bn[31] minBetaOverGamma=-0.06@value.bn[10] rvMaxOverMedian=6.6@stem.bn[32] rezero=none nonFinite=0
[REPLAY] step=7200 loss=3.7337 pLoss=2.8716 vLoss=0.8341 pEnt=2.841 pIllM=0.0280 playedP=0.157 pW=0.48 pD=0.07 pL=0.45 vAbs=0.210 pLogitMean=0.4733 vLogitMean=1.8581 gNorm=1.309 lr=0.01 ms=1504.7 buf=500000 plies=61679144 games=934686 rejected=0 skipped=0 epoch=0 mom=0.9000 trainerStep=7200
[LAYER-HEALTH] live trainerStep=7200 scope=batch_norm_state_only reluSites=9/10 ch=1040 dead=0 off=0 alwaysOn=0 worst=none maxBetaOverGamma=+0.29@tower_final_bn[31] minBetaOverGamma=-0.06@value.bn[10] rvMaxOverMedian=6.5@stem.bn[32] rezero=none nonFinite=0
[REPLAY] step=7250 loss=3.6985 pLoss=2.8568 vLoss=0.8155 pEnt=2.865 pIllM=0.0262 playedP=0.151 pW=0.46 pD=0.06 pL=0.47 vAbs=0.218 pLogitMean=0.4737 vLogitMean=1.8980 gNorm=1.347 lr=0.01 ms=1390.1 buf=500000 plies=62105773 games=941087 rejected=0 skipped=0 epoch=0 mom=0.9000 trainerStep=7250
[LAYER-HEALTH] live trainerStep=7250 scope=batch_norm_state_only reluSites=9/10 ch=1040 dead=0 off=0 alwaysOn=0 worst=none maxBetaOverGamma=+0.29@tower_final_bn[31] minBetaOverGamma=-0.06@tower_final_bn[37] rvMaxOverMedian=6.5@stem.bn[32] rezero=none nonFinite=0
[REPLAY] step=7300 loss=3.7060 pLoss=2.8533 vLoss=0.8259 pEnt=2.869 pIllM=0.0267 playedP=0.148 pW=0.47 pD=0.07 pL=0.46 vAbs=0.208 pLogitMean=0.4740 vLogitMean=1.8863 gNorm=1.222 lr=0.01 ms=1563.7 buf=500000 plies=62532490 games=947471 rejected=0 skipped=0 epoch=0 mom=0.9000 trainerStep=7300
[LAYER-HEALTH] live trainerStep=7300 scope=batch_norm_state_only reluSites=9/10 ch=1040 dead=0 off=0 alwaysOn=0 worst=none maxBetaOverGamma=+0.30@tower_final_bn[31] minBetaOverGamma=-0.06@value.bn[10] rvMaxOverMedian=6.5@stem.bn[32] rezero=none nonFinite=0
[REPLAY] step=7350 loss=3.7313 pLoss=2.8724 vLoss=0.8323 pEnt=2.876 pIllM=0.0266 playedP=0.145 pW=0.45 pD=0.07 pL=0.48 vAbs=0.215 pLogitMean=0.4735 vLogitMean=1.8809 gNorm=1.314 lr=0.01 ms=1525.1 buf=500000 plies=62959114 games=953913 rejected=0 skipped=0 epoch=0 mom=0.9000 trainerStep=7350
[LAYER-HEALTH] live trainerStep=7350 scope=batch_norm_state_only reluSites=9/10 ch=1040 dead=0 off=0 alwaysOn=0 worst=none maxBetaOverGamma=+0.30@tower_final_bn[31] minBetaOverGamma=-0.06@value.bn[10] rvMaxOverMedian=6.5@stem.bn[32] rezero=none nonFinite=0
[REPLAY] step=7400 loss=3.6960 pLoss=2.8396 vLoss=0.8320 pEnt=2.890 pIllM=0.0244 playedP=0.148 pW=0.47 pD=0.08 pL=0.45 vAbs=0.219 pLogitMean=0.4740 vLogitMean=1.8220 gNorm=1.276 lr=0.01 ms=1565.1 buf=500000 plies=63385735 games=960323 rejected=0 skipped=0 epoch=0 mom=0.9000 trainerStep=7400
[LAYER-HEALTH] live trainerStep=7400 scope=batch_norm_state_only reluSites=9/10 ch=1040 dead=0 off=0 alwaysOn=0 worst=none maxBetaOverGamma=+0.30@tower_final_bn[31] minBetaOverGamma=-0.06@value.bn[10] rvMaxOverMedian=6.6@stem.bn[32] rezero=none nonFinite=0
[REPLAY] step=7450 loss=3.7489 pLoss=2.9016 vLoss=0.8213 pEnt=2.864 pIllM=0.0260 playedP=0.152 pW=0.48 pD=0.08 pL=0.45 vAbs=0.200 pLogitMean=0.4742 vLogitMean=1.8372 gNorm=1.266 lr=0.01 ms=1597.0 buf=500000 plies=63812398 games=966769 rejected=0 skipped=0 epoch=0 mom=0.9000 trainerStep=7450
[LAYER-HEALTH] live trainerStep=7450 scope=batch_norm_state_only reluSites=9/10 ch=1040 dead=0 off=0 alwaysOn=0 worst=none maxBetaOverGamma=+0.30@tower_final_bn[31] minBetaOverGamma=-0.06@value.bn[10] rvMaxOverMedian=6.6@stem.bn[32] rezero=none nonFinite=0
[REPLAY] step=7500 loss=3.7182 pLoss=2.8746 vLoss=0.8177 pEnt=2.886 pIllM=0.0259 playedP=0.149 pW=0.47 pD=0.06 pL=0.47 vAbs=0.204 pLogitMean=0.4734 vLogitMean=1.8620 gNorm=1.307 lr=0.01 ms=1560.4 buf=500000 plies=64239081 games=973183 rejected=0 skipped=0 epoch=0 mom=0.9000 trainerStep=7500
[LAYER-HEALTH] live trainerStep=7500 scope=batch_norm_state_only reluSites=9/10 ch=1040 dead=0 off=0 alwaysOn=0 worst=none maxBetaOverGamma=+0.30@tower_final_bn[31] minBetaOverGamma=-0.06@value.bn[10] rvMaxOverMedian=6.5@stem.bn[32] rezero=none nonFinite=0
[REPLAY] step=7550 loss=3.6991 pLoss=2.8619 vLoss=0.8077 pEnt=2.844 pIllM=0.0296 playedP=0.155 pW=0.48 pD=0.07 pL=0.46 vAbs=0.208 pLogitMean=0.4739 vLogitMean=1.8415 gNorm=1.276 lr=0.01 ms=1636.8 buf=500000 plies=64665722 games=979651 rejected=0 skipped=0 epoch=0 mom=0.9000 trainerStep=7550
[LAYER-HEALTH] live trainerStep=7550 scope=batch_norm_state_only reluSites=9/10 ch=1040 dead=0 off=0 alwaysOn=0 worst=none maxBetaOverGamma=+0.30@tower_final_bn[31] minBetaOverGamma=-0.06@value.bn[10] rvMaxOverMedian=6.5@stem.bn[32] rezero=none nonFinite=0
[REPLAY] step=7600 loss=3.7388 pLoss=2.8797 vLoss=0.8334 pEnt=2.860 pIllM=0.0258 playedP=0.152 pW=0.47 pD=0.07 pL=0.46 vAbs=0.211 pLogitMean=0.4748 vLogitMean=1.8192 gNorm=1.322 lr=0.01 ms=1569.6 buf=500000 plies=65092377 games=986077 rejected=0 skipped=0 epoch=0 mom=0.9000 trainerStep=7600
[LAYER-HEALTH] live trainerStep=7600 scope=batch_norm_state_only reluSites=9/10 ch=1040 dead=0 off=0 alwaysOn=0 worst=none maxBetaOverGamma=+0.30@tower_final_bn[31] minBetaOverGamma=-0.06@value.bn[10] rvMaxOverMedian=6.4@stem.bn[32] rezero=none nonFinite=0
[REPLAY] step=7650 loss=3.7286 pLoss=2.8730 vLoss=0.8291 pEnt=2.844 pIllM=0.0264 playedP=0.154 pW=0.47 pD=0.07 pL=0.46 vAbs=0.211 pLogitMean=0.4748 vLogitMean=1.8532 gNorm=1.467 lr=0.01 ms=1473.2 buf=500000 plies=65519006 games=992490 rejected=0 skipped=0 epoch=0 mom=0.9000 trainerStep=7650
[LAYER-HEALTH] live trainerStep=7650 scope=batch_norm_state_only reluSites=9/10 ch=1040 dead=0 off=0 alwaysOn=0 worst=none maxBetaOverGamma=+0.30@tower_final_bn[31] minBetaOverGamma=-0.06@value.bn[10] rvMaxOverMedian=6.4@stem.bn[32] rezero=none nonFinite=0
[REPLAY] step=7700 loss=3.7310 pLoss=2.8801 vLoss=0.8256 pEnt=2.875 pIllM=0.0253 playedP=0.148 pW=0.46 pD=0.07 pL=0.47 vAbs=0.203 pLogitMean=0.4744 vLogitMean=1.8483 gNorm=1.282 lr=0.01 ms=1669.3 buf=500000 plies=65945714 games=998918 rejected=0 skipped=0 epoch=0 mom=0.9000 trainerStep=7700
[LAYER-HEALTH] live trainerStep=7700 scope=batch_norm_state_only reluSites=9/10 ch=1040 dead=0 off=0 alwaysOn=0 worst=none maxBetaOverGamma=+0.30@tower_final_bn[31] minBetaOverGamma=-0.06@value.bn[10] rvMaxOverMedian=6.4@stem.bn[32] rezero=none nonFinite=0
[REPLAY] step=7750 loss=3.7032 pLoss=2.8595 vLoss=0.8175 pEnt=2.884 pIllM=0.0262 playedP=0.149 pW=0.46 pD=0.07 pL=0.46 vAbs=0.209 pLogitMean=0.4758 vLogitMean=1.8497 gNorm=1.164 lr=0.01 ms=1481.2 buf=500000 plies=66372323 games=1005407 rejected=0 skipped=0 epoch=0 mom=0.9000 trainerStep=7750
[LAYER-HEALTH] live trainerStep=7750 scope=batch_norm_state_only reluSites=9/10 ch=1040 dead=0 off=0 alwaysOn=0 worst=none maxBetaOverGamma=+0.30@tower_final_bn[31] minBetaOverGamma=-0.06@value.bn[10] rvMaxOverMedian=6.4@stem.bn[32] rezero=none nonFinite=0
[REPLAY] step=7800 loss=3.7122 pLoss=2.8701 vLoss=0.8169 pEnt=2.857 pIllM=0.0252 playedP=0.155 pW=0.48 pD=0.07 pL=0.45 vAbs=0.209 pLogitMean=0.4762 vLogitMean=1.8020 gNorm=1.205 lr=0.01 ms=1631.6 buf=500000 plies=66798988 games=1011890 rejected=0 skipped=0 epoch=0 mom=0.9000 trainerStep=7800
[LAYER-HEALTH] live trainerStep=7800 scope=batch_norm_state_only reluSites=9/10 ch=1040 dead=0 off=0 alwaysOn=0 worst=none maxBetaOverGamma=+0.30@tower_final_bn[31] minBetaOverGamma=-0.06@value.bn[10] rvMaxOverMedian=6.3@stem.bn[32] rezero=none nonFinite=0
[REPLAY] step=7850 loss=3.7262 pLoss=2.8822 vLoss=0.8163 pEnt=2.841 pIllM=0.0277 playedP=0.153 pW=0.48 pD=0.07 pL=0.45 vAbs=0.221 pLogitMean=0.4783 vLogitMean=1.7919 gNorm=1.522 lr=0.01 ms=1556.8 buf=500000 plies=67225614 games=1018343 rejected=0 skipped=0 epoch=0 mom=0.9000 trainerStep=7850
[LAYER-HEALTH] live trainerStep=7850 scope=batch_norm_state_only reluSites=9/10 ch=1040 dead=0 off=0 alwaysOn=0 worst=none maxBetaOverGamma=+0.30@tower_final_bn[31] minBetaOverGamma=-0.06@value.bn[10] rvMaxOverMedian=6.3@stem.bn[32] rezero=none nonFinite=0
[REPLAY] step=7900 loss=3.7566 pLoss=2.9102 vLoss=0.8230 pEnt=2.865 pIllM=0.0234 playedP=0.150 pW=0.50 pD=0.06 pL=0.44 vAbs=0.217 pLogitMean=0.4771 vLogitMean=1.8115 gNorm=1.475 lr=0.01 ms=1432.6 buf=500000 plies=67652239 games=1024817 rejected=0 skipped=0 epoch=0 mom=0.9000 trainerStep=7900
[LAYER-HEALTH] live trainerStep=7900 scope=batch_norm_state_only reluSites=9/10 ch=1040 dead=0 off=0 alwaysOn=0 worst=none maxBetaOverGamma=+0.30@tower_final_bn[31] minBetaOverGamma=-0.06@value.bn[10] rvMaxOverMedian=6.3@stem.bn[32] rezero=none nonFinite=0
[REPLAY] step=7950 loss=3.6985 pLoss=2.8608 vLoss=0.8130 pEnt=2.888 pIllM=0.0246 playedP=0.147 pW=0.47 pD=0.07 pL=0.47 vAbs=0.208 pLogitMean=0.4774 vLogitMean=1.8441 gNorm=1.197 lr=0.01 ms=1486.9 buf=500000 plies=68078911 games=1031335 rejected=0 skipped=0 epoch=0 mom=0.9000 trainerStep=7950
[LAYER-HEALTH] live trainerStep=7950 scope=batch_norm_state_only reluSites=9/10 ch=1040 dead=0 off=0 alwaysOn=0 worst=none maxBetaOverGamma=+0.30@tower_final_bn[31] minBetaOverGamma=-0.06@value.bn[10] rvMaxOverMedian=6.2@stem.bn[32] rezero=none nonFinite=0
[REPLAY] step=8000 loss=3.7219 pLoss=2.8763 vLoss=0.8221 pEnt=2.880 pIllM=0.0235 playedP=0.150 pW=0.47 pD=0.06 pL=0.47 vAbs=0.206 pLogitMean=0.4782 vLogitMean=1.8448 gNorm=1.133 lr=0.01 ms=1506.8 buf=500000 plies=68505532 games=1037766 rejected=0 skipped=0 epoch=0 mom=0.9000 trainerStep=8000
[LAYER-HEALTH] live trainerStep=8000 scope=batch_norm_state_only reluSites=9/10 ch=1040 dead=0 off=0 alwaysOn=0 worst=none maxBetaOverGamma=+0.30@tower_final_bn[31] minBetaOverGamma=-0.06@value.bn[10] rvMaxOverMedian=6.3@stem.bn[32] rezero=none nonFinite=0
[REPLAY] saved trainer model (autosave) step=8000 trainerStep=8000 nextGame=1037766 shard=2 epoch=0 -> 20261005-lrA-const01-replay-latest.safetensors
[LAYER-HEALTH] checkpoint replay-autosave step=8000 trainerStep=8000 scope=all_tensors reluSites=9/10 ch=1040 dead=0 off=0 alwaysOn=0 worst=none maxBetaOverGamma=+0.30@tower_final_bn[31] minBetaOverGamma=-0.06@value.bn[10] rvMaxOverMedian=6.3@stem.bn[32] rezero=none nonFinite=0 seZeroVel=none valueFC1ZeroVel=0/128 maxAbs=3.68@blocks.0.bn2.running_var
[LAYER-HEALTH]   batch-norm sites — β/|γ|: dead < -3.00, mostly off < -2.00, always on > +3.00; classified for relu/leaky_relu only
[LAYER-HEALTH]     site            act            ch   dead    off     on  zeroγ nonfin  min β/|γ| [ch]     max β/|γ| [ch]     rv max/median [ch]
[LAYER-HEALTH]     stem.bn         -             128    n/a    n/a    n/a      0      0     -0.03 [85]         +0.03 [121]           6.3 [32]
[LAYER-HEALTH]     blocks.0.bn1    relu          128      0      0      0      0      0     -0.03 [109]        +0.11 [62]            1.5 [97]
[LAYER-HEALTH]     blocks.0.bn2    relu          128      0      0      0      0      0     -0.04 [34]         +0.05 [41]            2.5 [24]
[LAYER-HEALTH]     blocks.1.bn1    relu          128      0      0      0      0      0     -0.02 [10]         +0.10 [121]           2.5 [97]
[LAYER-HEALTH]     blocks.1.bn2    relu          128      0      0      0      0      0     -0.03 [62]         +0.05 [110]           1.5 [55]
[LAYER-HEALTH]     blocks.2.bn1    relu          128      0      0      0      0      0     -0.03 [85]         +0.11 [30]            2.1 [16]
[LAYER-HEALTH]     blocks.2.bn2    relu          128      0      0      0      0      0     -0.02 [123]        +0.12 [29]            1.5 [8]
[LAYER-HEALTH]     tower_final_bn  relu          128      0      0      0      0      0     -0.06 [37]         +0.30 [31]            3.9 [19]
[LAYER-HEALTH]     policy.pre_bn   relu          128      0      0      0      0      0     -0.03 [40]         +0.13 [7]             2.6 [47]
[LAYER-HEALTH]     value.bn        relu           16      0      0      0      0      0     -0.06 [10]         +0.02 [0]             1.6 [11]
[LAYER-HEALTH]   FC hidden-unit velocity — zero: every weight-velocity entry exactly 0; low: nonzero but < 5% of the layer's p90 unit norm
[LAYER-HEALTH]     value.fc1.weight  relu  units 128  zero 0  low 19  median unit norm 0.005443
[LAYER-HEALTH]     (no SE blocks)
[LAYER-HEALTH]   ReZero: none
[LAYER-HEALTH]   non-finite: 0 values in 0 of 102 tensors (10263038 values examined)
[LAYER-HEALTH]   largest |value|: blocks.0.bn2.running_var 3.68, tower_final_bn.running_mean 2.508, blocks.0.bn2.running_mean 2.147, blocks.2.bn1.running_mean 2.117, blocks.1.bn1.running_mean 2.087
[REPLAY] enumerated checkpoint -> 20261005-lrA-const01-replay-step8000.safetensors
[REPLAY] step=8050 loss=3.7364 pLoss=2.8824 vLoss=0.8298 pEnt=2.855 pIllM=0.0243 playedP=0.157 pW=0.47 pD=0.07 pL=0.46 vAbs=0.204 pLogitMean=0.4789 vLogitMean=1.8433 gNorm=1.176 lr=0.01 ms=1578.5 buf=500000 plies=68932192 games=1044250 rejected=0 skipped=0 epoch=0 mom=0.9000 trainerStep=8050
[LAYER-HEALTH] live trainerStep=8050 scope=batch_norm_state_only reluSites=9/10 ch=1040 dead=0 off=0 alwaysOn=0 worst=none maxBetaOverGamma=+0.30@tower_final_bn[31] minBetaOverGamma=-0.06@value.bn[10] rvMaxOverMedian=6.3@stem.bn[32] rezero=none nonFinite=0
[REPLAY] step=8100 loss=3.7087 pLoss=2.8604 vLoss=0.8225 pEnt=2.861 pIllM=0.0258 playedP=0.151 pW=0.47 pD=0.07 pL=0.46 vAbs=0.219 pLogitMean=0.4778 vLogitMean=1.7989 gNorm=1.185 lr=0.01 ms=1550.5 buf=500000 plies=69358834 games=1050672 rejected=0 skipped=0 epoch=0 mom=0.9000 trainerStep=8100
[LAYER-HEALTH] live trainerStep=8100 scope=batch_norm_state_only reluSites=9/10 ch=1040 dead=0 off=0 alwaysOn=0 worst=none maxBetaOverGamma=+0.30@tower_final_bn[31] minBetaOverGamma=-0.06@value.bn[10] rvMaxOverMedian=6.2@stem.bn[32] rezero=none nonFinite=0
[REPLAY] step=8150 loss=3.6712 pLoss=2.8392 vLoss=0.8095 pEnt=2.881 pIllM=0.0225 playedP=0.151 pW=0.47 pD=0.07 pL=0.46 vAbs=0.213 pLogitMean=0.4784 vLogitMean=1.8066 gNorm=1.288 lr=0.01 ms=1398.9 buf=500000 plies=69785491 games=1057127 rejected=0 skipped=0 epoch=0 mom=0.9000 trainerStep=8150
[LAYER-HEALTH] live trainerStep=8150 scope=batch_norm_state_only reluSites=9/10 ch=1040 dead=0 off=0 alwaysOn=0 worst=none maxBetaOverGamma=+0.30@tower_final_bn[31] minBetaOverGamma=-0.06@value.bn[10] rvMaxOverMedian=6.2@stem.bn[32] rezero=none nonFinite=0
[REPLAY] step=8200 loss=3.6782 pLoss=2.8360 vLoss=0.8176 pEnt=2.876 pIllM=0.0246 playedP=0.149 pW=0.46 pD=0.06 pL=0.48 vAbs=0.204 pLogitMean=0.4781 vLogitMean=1.7653 gNorm=1.351 lr=0.01 ms=1606.3 buf=500000 plies=70212160 games=1063609 rejected=0 skipped=0 epoch=0 mom=0.9000 trainerStep=8200
[LAYER-HEALTH] live trainerStep=8200 scope=batch_norm_state_only reluSites=9/10 ch=1040 dead=0 off=0 alwaysOn=0 worst=none maxBetaOverGamma=+0.30@tower_final_bn[31] minBetaOverGamma=-0.06@value.bn[10] rvMaxOverMedian=6.2@stem.bn[32] rezero=none nonFinite=0
[REPLAY] step=8250 loss=3.6836 pLoss=2.8465 vLoss=0.8140 pEnt=2.863 pIllM=0.0231 playedP=0.153 pW=0.47 pD=0.07 pL=0.47 vAbs=0.214 pLogitMean=0.4785 vLogitMean=1.7625 gNorm=1.132 lr=0.01 ms=1587.6 buf=500000 plies=70638793 games=1070039 rejected=0 skipped=0 epoch=0 mom=0.9000 trainerStep=8250
[LAYER-HEALTH] live trainerStep=8250 scope=batch_norm_state_only reluSites=9/10 ch=1040 dead=0 off=0 alwaysOn=0 worst=none maxBetaOverGamma=+0.30@tower_final_bn[31] minBetaOverGamma=-0.06@value.bn[10] rvMaxOverMedian=6.2@stem.bn[32] rezero=none nonFinite=0
[REPLAY] step=8300 loss=3.7122 pLoss=2.8611 vLoss=0.8294 pEnt=2.866 pIllM=0.0216 playedP=0.155 pW=0.48 pD=0.07 pL=0.45 vAbs=0.201 pLogitMean=0.4797 vLogitMean=1.8054 gNorm=1.409 lr=0.01 ms=1425.0 buf=500000 plies=71065419 games=1076492 rejected=0 skipped=0 epoch=0 mom=0.9000 trainerStep=8300
[LAYER-HEALTH] live trainerStep=8300 scope=batch_norm_state_only reluSites=9/10 ch=1040 dead=0 off=0 alwaysOn=0 worst=none maxBetaOverGamma=+0.30@tower_final_bn[31] minBetaOverGamma=-0.06@value.bn[10] rvMaxOverMedian=6.3@stem.bn[32] rezero=none nonFinite=0
[REPLAY] step=8350 loss=3.6803 pLoss=2.8396 vLoss=0.8161 pEnt=2.872 pIllM=0.0245 playedP=0.153 pW=0.46 pD=0.06 pL=0.48 vAbs=0.221 pLogitMean=0.4789 vLogitMean=1.7671 gNorm=1.229 lr=0.01 ms=1451.8 buf=500000 plies=71492102 games=1082946 rejected=0 skipped=0 epoch=0 mom=0.9000 trainerStep=8350
[LAYER-HEALTH] live trainerStep=8350 scope=batch_norm_state_only reluSites=9/10 ch=1040 dead=0 off=0 alwaysOn=0 worst=none maxBetaOverGamma=+0.30@tower_final_bn[31] minBetaOverGamma=-0.06@value.bn[10] rvMaxOverMedian=6.2@stem.bn[32] rezero=none nonFinite=0
[REPLAY] step=8400 loss=3.6989 pLoss=2.8490 vLoss=0.8247 pEnt=2.879 pIllM=0.0251 playedP=0.153 pW=0.45 pD=0.07 pL=0.48 vAbs=0.207 pLogitMean=0.4797 vLogitMean=1.8026 gNorm=1.196 lr=0.01 ms=1473.6 buf=500000 plies=71918779 games=1089324 rejected=0 skipped=0 epoch=0 mom=0.9000 trainerStep=8400
[LAYER-HEALTH] live trainerStep=8400 scope=batch_norm_state_only reluSites=9/10 ch=1040 dead=0 off=0 alwaysOn=0 worst=none maxBetaOverGamma=+0.31@tower_final_bn[31] minBetaOverGamma=-0.07@value.bn[10] rvMaxOverMedian=6.1@stem.bn[32] rezero=none nonFinite=0
[REPLAY] step=8450 loss=3.7142 pLoss=2.8626 vLoss=0.8265 pEnt=2.887 pIllM=0.0251 playedP=0.150 pW=0.47 pD=0.07 pL=0.46 vAbs=0.206 pLogitMean=0.4793 vLogitMean=1.7841 gNorm=1.257 lr=0.01 ms=1565.1 buf=500000 plies=72345462 games=1095805 rejected=0 skipped=0 epoch=0 mom=0.9000 trainerStep=8450
[LAYER-HEALTH] live trainerStep=8450 scope=batch_norm_state_only reluSites=9/10 ch=1040 dead=0 off=0 alwaysOn=0 worst=none maxBetaOverGamma=+0.31@tower_final_bn[31] minBetaOverGamma=-0.07@value.bn[10] rvMaxOverMedian=6.1@stem.bn[32] rezero=none nonFinite=0
[REPLAY] step=8500 loss=3.7201 pLoss=2.8712 vLoss=0.8258 pEnt=2.883 pIllM=0.0231 playedP=0.152 pW=0.47 pD=0.07 pL=0.47 vAbs=0.207 pLogitMean=0.4783 vLogitMean=1.7881 gNorm=1.150 lr=0.01 ms=1573.6 buf=500000 plies=72772052 games=1102186 rejected=0 skipped=0 epoch=0 mom=0.9000 trainerStep=8500
[LAYER-HEALTH] live trainerStep=8500 scope=batch_norm_state_only reluSites=9/10 ch=1040 dead=0 off=0 alwaysOn=0 worst=none maxBetaOverGamma=+0.31@tower_final_bn[31] minBetaOverGamma=-0.07@value.bn[10] rvMaxOverMedian=6.1@stem.bn[32] rezero=none nonFinite=0
[REPLAY] step=8550 loss=3.6922 pLoss=2.8450 vLoss=0.8241 pEnt=2.854 pIllM=0.0231 playedP=0.156 pW=0.48 pD=0.07 pL=0.46 vAbs=0.213 pLogitMean=0.4785 vLogitMean=1.8129 gNorm=1.174 lr=0.01 ms=1569.7 buf=500000 plies=73198741 games=1108577 rejected=0 skipped=0 epoch=0 mom=0.9000 trainerStep=8550
[LAYER-HEALTH] live trainerStep=8550 scope=batch_norm_state_only reluSites=9/10 ch=1040 dead=0 off=0 alwaysOn=0 worst=none maxBetaOverGamma=+0.31@tower_final_bn[31] minBetaOverGamma=-0.07@value.bn[10] rvMaxOverMedian=6.1@stem.bn[32] rezero=none nonFinite=0
[REPLAY] step=8600 loss=3.6724 pLoss=2.8262 vLoss=0.8235 pEnt=2.871 pIllM=0.0227 playedP=0.154 pW=0.46 pD=0.07 pL=0.46 vAbs=0.212 pLogitMean=0.4785 vLogitMean=1.7980 gNorm=1.209 lr=0.01 ms=1387.3 buf=500000 plies=73625368 games=1114996 rejected=0 skipped=0 epoch=0 mom=0.9000 trainerStep=8600
[LAYER-HEALTH] live trainerStep=8600 scope=batch_norm_state_only reluSites=9/10 ch=1040 dead=0 off=0 alwaysOn=0 worst=none maxBetaOverGamma=+0.31@tower_final_bn[31] minBetaOverGamma=-0.07@value.bn[10] rvMaxOverMedian=6.0@stem.bn[32] rezero=none nonFinite=0
[REPLAY] step=8650 loss=3.6595 pLoss=2.8182 vLoss=0.8175 pEnt=2.878 pIllM=0.0238 playedP=0.155 pW=0.46 pD=0.07 pL=0.48 vAbs=0.217 pLogitMean=0.4794 vLogitMean=1.8113 gNorm=1.122 lr=0.01 ms=1638.9 buf=500000 plies=74051983 games=1121433 rejected=0 skipped=0 epoch=0 mom=0.9000 trainerStep=8650
[LAYER-HEALTH] live trainerStep=8650 scope=batch_norm_state_only reluSites=9/10 ch=1040 dead=0 off=0 alwaysOn=0 worst=none maxBetaOverGamma=+0.31@tower_final_bn[31] minBetaOverGamma=-0.07@value.bn[10] rvMaxOverMedian=6.0@stem.bn[32] rezero=none nonFinite=0
[REPLAY] step=8700 loss=3.6952 pLoss=2.8567 vLoss=0.8142 pEnt=2.869 pIllM=0.0243 playedP=0.152 pW=0.48 pD=0.06 pL=0.46 vAbs=0.206 pLogitMean=0.4786 vLogitMean=1.8048 gNorm=1.350 lr=0.01 ms=1419.7 buf=500000 plies=74478626 games=1127879 rejected=0 skipped=0 epoch=0 mom=0.9000 trainerStep=8700
[LAYER-HEALTH] live trainerStep=8700 scope=batch_norm_state_only reluSites=9/10 ch=1040 dead=0 off=0 alwaysOn=0 worst=none maxBetaOverGamma=+0.31@tower_final_bn[31] minBetaOverGamma=-0.07@value.bn[10] rvMaxOverMedian=5.9@stem.bn[32] rezero=none nonFinite=0
[REPLAY] step=8750 loss=3.7156 pLoss=2.8744 vLoss=0.8185 pEnt=2.886 pIllM=0.0227 playedP=0.152 pW=0.47 pD=0.07 pL=0.46 vAbs=0.208 pLogitMean=0.4784 vLogitMean=1.7563 gNorm=1.277 lr=0.01 ms=1657.1 buf=500000 plies=74905269 games=1134371 rejected=0 skipped=0 epoch=0 mom=0.9000 trainerStep=8750
[LAYER-HEALTH] live trainerStep=8750 scope=batch_norm_state_only reluSites=9/10 ch=1040 dead=0 off=0 alwaysOn=0 worst=none maxBetaOverGamma=+0.31@tower_final_bn[31] minBetaOverGamma=-0.07@value.bn[10] rvMaxOverMedian=6.0@stem.bn[32] rezero=none nonFinite=0
[REPLAY] step=8800 loss=3.7048 pLoss=2.8708 vLoss=0.8116 pEnt=2.874 pIllM=0.0224 playedP=0.153 pW=0.48 pD=0.06 pL=0.46 vAbs=0.208 pLogitMean=0.4784 vLogitMean=1.8166 gNorm=1.383 lr=0.01 ms=1568.8 buf=500000 plies=75331941 games=1140850 rejected=0 skipped=0 epoch=0 mom=0.9000 trainerStep=8800
[LAYER-HEALTH] live trainerStep=8800 scope=batch_norm_state_only reluSites=9/10 ch=1040 dead=0 off=0 alwaysOn=0 worst=none maxBetaOverGamma=+0.31@tower_final_bn[31] minBetaOverGamma=-0.07@value.bn[10] rvMaxOverMedian=6.0@stem.bn[32] rezero=none nonFinite=0
[REPLAY] step=8850 loss=3.7016 pLoss=2.8618 vLoss=0.8158 pEnt=2.839 pIllM=0.0240 playedP=0.155 pW=0.46 pD=0.07 pL=0.47 vAbs=0.200 pLogitMean=0.4795 vLogitMean=1.7969 gNorm=1.229 lr=0.01 ms=1579.6 buf=500000 plies=75758613 games=1147316 rejected=0 skipped=0 epoch=0 mom=0.9000 trainerStep=8850
[LAYER-HEALTH] live trainerStep=8850 scope=batch_norm_state_only reluSites=9/10 ch=1040 dead=0 off=0 alwaysOn=0 worst=none maxBetaOverGamma=+0.31@tower_final_bn[31] minBetaOverGamma=-0.07@value.bn[10] rvMaxOverMedian=6.1@stem.bn[32] rezero=none nonFinite=0
[REPLAY] step=8900 loss=3.6542 pLoss=2.8304 vLoss=0.8022 pEnt=2.870 pIllM=0.0217 playedP=0.151 pW=0.46 pD=0.06 pL=0.48 vAbs=0.214 pLogitMean=0.4809 vLogitMean=1.7828 gNorm=1.278 lr=0.01 ms=1510.0 buf=500000 plies=76185223 games=1153759 rejected=0 skipped=0 epoch=0 mom=0.9000 trainerStep=8900
[LAYER-HEALTH] live trainerStep=8900 scope=batch_norm_state_only reluSites=9/10 ch=1040 dead=0 off=0 alwaysOn=0 worst=none maxBetaOverGamma=+0.31@tower_final_bn[31] minBetaOverGamma=-0.07@value.bn[10] rvMaxOverMedian=6.0@stem.bn[32] rezero=none nonFinite=0
[REPLAY] step=8950 loss=3.6962 pLoss=2.8646 vLoss=0.8086 pEnt=2.859 pIllM=0.0230 playedP=0.155 pW=0.47 pD=0.06 pL=0.47 vAbs=0.219 pLogitMean=0.4798 vLogitMean=1.7807 gNorm=1.368 lr=0.01 ms=1617.5 buf=500000 plies=76611905 games=1160162 rejected=0 skipped=0 epoch=0 mom=0.9000 trainerStep=8950
[LAYER-HEALTH] live trainerStep=8950 scope=batch_norm_state_only reluSites=9/10 ch=1040 dead=0 off=0 alwaysOn=0 worst=none maxBetaOverGamma=+0.31@tower_final_bn[31] minBetaOverGamma=-0.07@value.bn[10] rvMaxOverMedian=6.1@stem.bn[32] rezero=none nonFinite=0
[REPLAY] step=9000 loss=3.6941 pLoss=2.8512 vLoss=0.8219 pEnt=2.900 pIllM=0.0210 playedP=0.146 pW=0.46 pD=0.06 pL=0.48 vAbs=0.223 pLogitMean=0.4818 vLogitMean=1.7519 gNorm=1.164 lr=0.01 ms=1569.9 buf=500000 plies=77038547 games=1166650 rejected=0 skipped=0 epoch=0 mom=0.9000 trainerStep=9000
[LAYER-HEALTH] live trainerStep=9000 scope=batch_norm_state_only reluSites=9/10 ch=1040 dead=0 off=0 alwaysOn=0 worst=none maxBetaOverGamma=+0.31@tower_final_bn[31] minBetaOverGamma=-0.07@value.bn[10] rvMaxOverMedian=6.0@stem.bn[32] rezero=none nonFinite=0
[REPLAY] saved trainer model (autosave) step=9000 trainerStep=9000 nextGame=1166650 shard=2 epoch=0 -> 20261005-lrA-const01-replay-latest.safetensors
[LAYER-HEALTH] checkpoint replay-autosave step=9000 trainerStep=9000 scope=all_tensors reluSites=9/10 ch=1040 dead=0 off=0 alwaysOn=0 worst=none maxBetaOverGamma=+0.31@tower_final_bn[31] minBetaOverGamma=-0.07@value.bn[10] rvMaxOverMedian=6.0@stem.bn[32] rezero=none nonFinite=0 seZeroVel=none valueFC1ZeroVel=0/128 maxAbs=3.292@blocks.0.bn2.running_var
[LAYER-HEALTH]   batch-norm sites — β/|γ|: dead < -3.00, mostly off < -2.00, always on > +3.00; classified for relu/leaky_relu only
[LAYER-HEALTH]     site            act            ch   dead    off     on  zeroγ nonfin  min β/|γ| [ch]     max β/|γ| [ch]     rv max/median [ch]
[LAYER-HEALTH]     stem.bn         -             128    n/a    n/a    n/a      0      0     -0.03 [85]         +0.03 [34]            6.0 [32]
[LAYER-HEALTH]     blocks.0.bn1    relu          128      0      0      0      0      0     -0.03 [109]        +0.12 [62]            1.6 [97]
[LAYER-HEALTH]     blocks.0.bn2    relu          128      0      0      0      0      0     -0.05 [34]         +0.05 [41]            2.2 [24]
[LAYER-HEALTH]     blocks.1.bn1    relu          128      0      0      0      0      0     -0.03 [53]         +0.11 [121]           2.6 [97]
[LAYER-HEALTH]     blocks.1.bn2    relu          128      0      0      0      0      0     -0.03 [62]         +0.05 [110]           1.5 [15]
[LAYER-HEALTH]     blocks.2.bn1    relu          128      0      0      0      0      0     -0.04 [53]         +0.11 [30]            2.3 [16]
[LAYER-HEALTH]     blocks.2.bn2    relu          128      0      0      0      0      0     -0.02 [123]        +0.12 [29]            1.4 [8]
[LAYER-HEALTH]     tower_final_bn  relu          128      0      0      0      0      0     -0.06 [37]         +0.31 [31]            4.0 [19]
[LAYER-HEALTH]     policy.pre_bn   relu          128      0      0      0      0      0     -0.02 [114]        +0.13 [7]             2.6 [47]
[LAYER-HEALTH]     value.bn        relu           16      0      0      0      0      0     -0.07 [10]         +0.02 [0]             1.6 [11]
[LAYER-HEALTH]   FC hidden-unit velocity — zero: every weight-velocity entry exactly 0; low: nonzero but < 5% of the layer's p90 unit norm
[LAYER-HEALTH]     value.fc1.weight  relu  units 128  zero 0  low 25  median unit norm 0.005419
[LAYER-HEALTH]     (no SE blocks)
[LAYER-HEALTH]   ReZero: none
[LAYER-HEALTH]   non-finite: 0 values in 0 of 102 tensors (10263038 values examined)
[LAYER-HEALTH]   largest |value|: blocks.0.bn2.running_var 3.292, tower_final_bn.running_mean 2.435, blocks.2.bn1.running_mean 2.282, blocks.1.bn1.running_mean 2.134, blocks.0.bn2.running_mean 2.105
[REPLAY] enumerated checkpoint -> 20261005-lrA-const01-replay-step9000.safetensors
[REPLAY] step=9050 loss=3.7059 pLoss=2.8797 vLoss=0.8041 pEnt=2.859 pIllM=0.0222 playedP=0.154 pW=0.48 pD=0.06 pL=0.46 vAbs=0.214 pLogitMean=0.4816 vLogitMean=1.7672 gNorm=1.135 lr=0.01 ms=1509.1 buf=500000 plies=77465181 games=1173136 rejected=0 skipped=0 epoch=0 mom=0.9000 trainerStep=9050
[LAYER-HEALTH] live trainerStep=9050 scope=batch_norm_state_only reluSites=9/10 ch=1040 dead=0 off=0 alwaysOn=0 worst=none maxBetaOverGamma=+0.31@tower_final_bn[31] minBetaOverGamma=-0.07@value.bn[10] rvMaxOverMedian=6.1@stem.bn[32] rezero=none nonFinite=0
[REPLAY] step=9100 loss=3.6546 pLoss=2.8181 vLoss=0.8147 pEnt=2.868 pIllM=0.0218 playedP=0.152 pW=0.46 pD=0.06 pL=0.47 vAbs=0.208 pLogitMean=0.4819 vLogitMean=1.7577 gNorm=1.212 lr=0.01 ms=1519.2 buf=500000 plies=77891858 games=1179611 rejected=0 skipped=0 epoch=0 mom=0.9000 trainerStep=9100
[LAYER-HEALTH] live trainerStep=9100 scope=batch_norm_state_only reluSites=9/10 ch=1040 dead=0 off=0 alwaysOn=0 worst=none maxBetaOverGamma=+0.31@tower_final_bn[31] minBetaOverGamma=-0.07@value.bn[10] rvMaxOverMedian=6.0@stem.bn[32] rezero=none nonFinite=0
[REPLAY] step=9150 loss=3.7148 pLoss=2.8666 vLoss=0.8227 pEnt=2.848 pIllM=0.0255 playedP=0.155 pW=0.48 pD=0.07 pL=0.45 vAbs=0.217 pLogitMean=0.4812 vLogitMean=1.7320 gNorm=1.095 lr=0.01 ms=1570.9 buf=500000 plies=78318486 games=1186045 rejected=0 skipped=0 epoch=0 mom=0.9000 trainerStep=9150
[LAYER-HEALTH] live trainerStep=9150 scope=batch_norm_state_only reluSites=9/10 ch=1040 dead=0 off=0 alwaysOn=0 worst=none maxBetaOverGamma=+0.31@tower_final_bn[31] minBetaOverGamma=-0.07@value.bn[10] rvMaxOverMedian=6.0@stem.bn[32] rezero=none nonFinite=0
[REPLAY] step=9200 loss=3.6632 pLoss=2.8344 vLoss=0.8066 pEnt=2.875 pIllM=0.0222 playedP=0.150 pW=0.46 pD=0.06 pL=0.47 vAbs=0.218 pLogitMean=0.4811 vLogitMean=1.7509 gNorm=1.182 lr=0.01 ms=1573.6 buf=500000 plies=78745141 games=1192506 rejected=0 skipped=0 epoch=0 mom=0.9000 trainerStep=9200
[LAYER-HEALTH] live trainerStep=9200 scope=batch_norm_state_only reluSites=9/10 ch=1040 dead=0 off=0 alwaysOn=0 worst=none maxBetaOverGamma=+0.31@tower_final_bn[31] minBetaOverGamma=-0.07@value.bn[10] rvMaxOverMedian=5.9@stem.bn[32] rezero=none nonFinite=0
[REPLAY] step=9250 loss=3.6804 pLoss=2.8565 vLoss=0.8018 pEnt=2.903 pIllM=0.0221 playedP=0.145 pW=0.48 pD=0.06 pL=0.46 vAbs=0.219 pLogitMean=0.4809 vLogitMean=1.8163 gNorm=1.217 lr=0.01 ms=1551.7 buf=500000 plies=79171811 games=1198988 rejected=0 skipped=0 epoch=0 mom=0.9000 trainerStep=9250
[LAYER-HEALTH] live trainerStep=9250 scope=batch_norm_state_only reluSites=9/10 ch=1040 dead=0 off=0 alwaysOn=0 worst=none maxBetaOverGamma=+0.31@tower_final_bn[31] minBetaOverGamma=-0.07@value.bn[10] rvMaxOverMedian=5.9@stem.bn[32] rezero=none nonFinite=0
[REPLAY] step=9300 loss=3.6743 pLoss=2.8328 vLoss=0.8188 pEnt=2.859 pIllM=0.0227 playedP=0.154 pW=0.46 pD=0.07 pL=0.47 vAbs=0.212 pLogitMean=0.4807 vLogitMean=1.8648 gNorm=1.166 lr=0.01 ms=1505.8 buf=500000 plies=79598445 games=1205484 rejected=0 skipped=0 epoch=0 mom=0.9000 trainerStep=9300
[LAYER-HEALTH] live trainerStep=9300 scope=batch_norm_state_only reluSites=9/10 ch=1040 dead=0 off=0 alwaysOn=0 worst=none maxBetaOverGamma=+0.31@tower_final_bn[31] minBetaOverGamma=-0.07@value.bn[10] rvMaxOverMedian=5.9@stem.bn[32] rezero=none nonFinite=0
[REPLAY] step=9350 loss=3.6811 pLoss=2.8407 vLoss=0.8201 pEnt=2.862 pIllM=0.0203 playedP=0.152 pW=0.46 pD=0.07 pL=0.47 vAbs=0.209 pLogitMean=0.4810 vLogitMean=1.8610 gNorm=1.344 lr=0.01 ms=1550.3 buf=500000 plies=80025143 games=1211890 rejected=0 skipped=0 epoch=0 mom=0.9000 trainerStep=9350
[LAYER-HEALTH] live trainerStep=9350 scope=batch_norm_state_only reluSites=9/10 ch=1040 dead=0 off=0 alwaysOn=0 worst=none maxBetaOverGamma=+0.31@tower_final_bn[31] minBetaOverGamma=-0.07@value.bn[10] rvMaxOverMedian=5.9@stem.bn[32] rezero=none nonFinite=0
[REPLAY] step=9400 loss=3.6407 pLoss=2.8081 vLoss=0.8100 pEnt=2.859 pIllM=0.0226 playedP=0.156 pW=0.46 pD=0.07 pL=0.47 vAbs=0.222 pLogitMean=0.4810 vLogitMean=1.8653 gNorm=1.104 lr=0.01 ms=1585.9 buf=500000 plies=80451741 games=1218309 rejected=0 skipped=0 epoch=0 mom=0.9000 trainerStep=9400
[LAYER-HEALTH] live trainerStep=9400 scope=batch_norm_state_only reluSites=9/10 ch=1040 dead=0 off=0 alwaysOn=0 worst=none maxBetaOverGamma=+0.31@tower_final_bn[31] minBetaOverGamma=-0.07@value.bn[10] rvMaxOverMedian=5.9@stem.bn[32] rezero=none nonFinite=0
[REPLAY] step=9450 loss=3.6905 pLoss=2.8449 vLoss=0.8231 pEnt=2.851 pIllM=0.0225 playedP=0.154 pW=0.48 pD=0.07 pL=0.45 vAbs=0.218 pLogitMean=0.4815 vLogitMean=1.8764 gNorm=1.078 lr=0.01 ms=1483.1 buf=500000 plies=80878416 games=1224780 rejected=0 skipped=0 epoch=0 mom=0.9000 trainerStep=9450
[LAYER-HEALTH] live trainerStep=9450 scope=batch_norm_state_only reluSites=9/10 ch=1040 dead=0 off=0 alwaysOn=0 worst=none maxBetaOverGamma=+0.32@tower_final_bn[31] minBetaOverGamma=-0.07@value.bn[10] rvMaxOverMedian=5.8@stem.bn[32] rezero=none nonFinite=0
[REPLAY] step=9500 loss=3.6670 pLoss=2.8309 vLoss=0.8163 pEnt=2.878 pIllM=0.0197 playedP=0.150 pW=0.46 pD=0.06 pL=0.47 vAbs=0.210 pLogitMean=0.4798 vLogitMean=1.8726 gNorm=1.162 lr=0.01 ms=1445.7 buf=500000 plies=81305091 games=1231190 rejected=0 skipped=0 epoch=0 mom=0.9000 trainerStep=9500
[LAYER-HEALTH] live trainerStep=9500 scope=batch_norm_state_only reluSites=9/10 ch=1040 dead=0 off=0 alwaysOn=0 worst=none maxBetaOverGamma=+0.32@tower_final_bn[31] minBetaOverGamma=-0.07@value.bn[10] rvMaxOverMedian=5.8@stem.bn[32] rezero=none nonFinite=0
[REPLAY] step=9550 loss=3.7084 pLoss=2.8654 vLoss=0.8234 pEnt=2.883 pIllM=0.0196 playedP=0.151 pW=0.48 pD=0.06 pL=0.46 vAbs=0.211 pLogitMean=0.4809 vLogitMean=1.8463 gNorm=1.385 lr=0.01 ms=1428.3 buf=500000 plies=81731692 games=1237687 rejected=0 skipped=0 epoch=0 mom=0.9000 trainerStep=9550
[LAYER-HEALTH] live trainerStep=9550 scope=batch_norm_state_only reluSites=9/10 ch=1040 dead=0 off=0 alwaysOn=0 worst=none maxBetaOverGamma=+0.32@tower_final_bn[31] minBetaOverGamma=-0.07@value.bn[10] rvMaxOverMedian=5.9@stem.bn[32] rezero=none nonFinite=0
[REPLAY] step=9600 loss=3.6696 pLoss=2.8366 vLoss=0.8088 pEnt=2.845 pIllM=0.0243 playedP=0.158 pW=0.49 pD=0.06 pL=0.45 vAbs=0.222 pLogitMean=0.4813 vLogitMean=1.8459 gNorm=1.149 lr=0.01 ms=1585.4 buf=500000 plies=82158329 games=1244138 rejected=0 skipped=0 epoch=0 mom=0.9000 trainerStep=9600
[LAYER-HEALTH] live trainerStep=9600 scope=batch_norm_state_only reluSites=9/10 ch=1040 dead=0 off=0 alwaysOn=0 worst=none maxBetaOverGamma=+0.32@tower_final_bn[31] minBetaOverGamma=-0.07@value.bn[10] rvMaxOverMedian=6.0@stem.bn[32] rezero=none nonFinite=0
[REPLAY] step=9650 loss=3.6709 pLoss=2.8273 vLoss=0.8203 pEnt=2.846 pIllM=0.0234 playedP=0.158 pW=0.47 pD=0.07 pL=0.46 vAbs=0.223 pLogitMean=0.4816 vLogitMean=1.8077 gNorm=1.371 lr=0.01 ms=1552.2 buf=500000 plies=82585049 games=1250562 rejected=0 skipped=0 epoch=0 mom=0.9000 trainerStep=9650
[LAYER-HEALTH] live trainerStep=9650 scope=batch_norm_state_only reluSites=9/10 ch=1040 dead=0 off=0 alwaysOn=0 worst=none maxBetaOverGamma=+0.32@tower_final_bn[31] minBetaOverGamma=-0.07@value.bn[10] rvMaxOverMedian=6.1@stem.bn[32] rezero=none nonFinite=0
[REPLAY] step=9700 loss=3.6865 pLoss=2.8542 vLoss=0.8118 pEnt=2.878 pIllM=0.0206 playedP=0.151 pW=0.47 pD=0.07 pL=0.46 vAbs=0.231 pLogitMean=0.4836 vLogitMean=1.8306 gNorm=1.414 lr=0.01 ms=1583.4 buf=500000 plies=83011639 games=1257007 rejected=0 skipped=0 epoch=0 mom=0.9000 trainerStep=9700
[LAYER-HEALTH] live trainerStep=9700 scope=batch_norm_state_only reluSites=9/10 ch=1040 dead=0 off=0 alwaysOn=0 worst=none maxBetaOverGamma=+0.32@tower_final_bn[31] minBetaOverGamma=-0.07@value.bn[10] rvMaxOverMedian=6.2@stem.bn[32] rezero=none nonFinite=0
[REPLAY] step=9750 loss=3.6683 pLoss=2.8280 vLoss=0.8167 pEnt=2.858 pIllM=0.0237 playedP=0.154 pW=0.47 pD=0.07 pL=0.46 vAbs=0.213 pLogitMean=0.4826 vLogitMean=1.8467 gNorm=1.245 lr=0.01 ms=1583.3 buf=500000 plies=83438397 games=1263433 rejected=0 skipped=0 epoch=0 mom=0.9000 trainerStep=9750
[LAYER-HEALTH] live trainerStep=9750 scope=batch_norm_state_only reluSites=9/10 ch=1040 dead=0 off=0 alwaysOn=0 worst=none maxBetaOverGamma=+0.32@tower_final_bn[31] minBetaOverGamma=-0.07@value.bn[10] rvMaxOverMedian=6.3@stem.bn[32] rezero=none nonFinite=0
[REPLAY] step=9800 loss=3.7065 pLoss=2.8739 vLoss=0.8112 pEnt=2.853 pIllM=0.0215 playedP=0.160 pW=0.47 pD=0.07 pL=0.46 vAbs=0.211 pLogitMean=0.4828 vLogitMean=1.8600 gNorm=1.203 lr=0.01 ms=1577.5 buf=500000 plies=83864962 games=1269939 rejected=0 skipped=0 epoch=0 mom=0.9000 trainerStep=9800
[LAYER-HEALTH] live trainerStep=9800 scope=batch_norm_state_only reluSites=9/10 ch=1040 dead=0 off=0 alwaysOn=0 worst=none maxBetaOverGamma=+0.32@tower_final_bn[31] minBetaOverGamma=-0.07@value.bn[10] rvMaxOverMedian=6.3@stem.bn[32] rezero=none nonFinite=0
[REPLAY] step=9850 loss=3.6863 pLoss=2.8470 vLoss=0.8199 pEnt=2.870 pIllM=0.0194 playedP=0.154 pW=0.48 pD=0.07 pL=0.45 vAbs=0.215 pLogitMean=0.4823 vLogitMean=1.8534 gNorm=1.361 lr=0.01 ms=1541.7 buf=500000 plies=84291668 games=1276414 rejected=0 skipped=0 epoch=0 mom=0.9000 trainerStep=9850
[LAYER-HEALTH] live trainerStep=9850 scope=batch_norm_state_only reluSites=9/10 ch=1040 dead=0 off=0 alwaysOn=0 worst=none maxBetaOverGamma=+0.32@tower_final_bn[31] minBetaOverGamma=-0.07@value.bn[10] rvMaxOverMedian=6.3@stem.bn[32] rezero=none nonFinite=0
[REPLAY] step=9900 loss=3.6675 pLoss=2.8301 vLoss=0.8182 pEnt=2.864 pIllM=0.0192 playedP=0.153 pW=0.47 pD=0.07 pL=0.46 vAbs=0.214 pLogitMean=0.4824 vLogitMean=1.7796 gNorm=1.191 lr=0.01 ms=1630.4 buf=500000 plies=84718221 games=1282805 rejected=0 skipped=0 epoch=0 mom=0.9000 trainerStep=9900
[LAYER-HEALTH] live trainerStep=9900 scope=batch_norm_state_only reluSites=9/10 ch=1040 dead=0 off=0 alwaysOn=0 worst=none maxBetaOverGamma=+0.32@tower_final_bn[31] minBetaOverGamma=-0.07@value.bn[10] rvMaxOverMedian=6.3@stem.bn[32] rezero=none nonFinite=0
[REPLAY] step=9950 loss=3.7042 pLoss=2.8550 vLoss=0.8294 pEnt=2.870 pIllM=0.0199 playedP=0.155 pW=0.47 pD=0.07 pL=0.46 vAbs=0.210 pLogitMean=0.4831 vLogitMean=1.7665 gNorm=1.218 lr=0.01 ms=1648.3 buf=500000 plies=85144934 games=1289302 rejected=0 skipped=0 epoch=0 mom=0.9000 trainerStep=9950
[LAYER-HEALTH] live trainerStep=9950 scope=batch_norm_state_only reluSites=9/10 ch=1040 dead=0 off=0 alwaysOn=0 worst=none maxBetaOverGamma=+0.32@tower_final_bn[31] minBetaOverGamma=-0.07@value.bn[10] rvMaxOverMedian=6.1@stem.bn[32] rezero=none nonFinite=0
[REPLAY] step=10000 loss=3.6611 pLoss=2.8208 vLoss=0.8213 pEnt=2.877 pIllM=0.0190 playedP=0.150 pW=0.46 pD=0.06 pL=0.48 vAbs=0.214 pLogitMean=0.4835 vLogitMean=1.8030 gNorm=1.248 lr=0.01 ms=1552.4 buf=500000 plies=85571543 games=1295809 rejected=0 skipped=0 epoch=0 mom=0.9000 trainerStep=10000
[LAYER-HEALTH] live trainerStep=10000 scope=batch_norm_state_only reluSites=9/10 ch=1040 dead=0 off=0 alwaysOn=0 worst=none maxBetaOverGamma=+0.32@tower_final_bn[31] minBetaOverGamma=-0.07@value.bn[10] rvMaxOverMedian=6.1@stem.bn[32] rezero=none nonFinite=0
[REPLAY] saved trainer model (autosave) step=10000 trainerStep=10000 nextGame=1295809 shard=2 epoch=0 -> 20261005-lrA-const01-replay-latest.safetensors
[LAYER-HEALTH] checkpoint replay-autosave step=10000 trainerStep=10000 scope=all_tensors reluSites=9/10 ch=1040 dead=0 off=0 alwaysOn=0 worst=none maxBetaOverGamma=+0.32@tower_final_bn[31] minBetaOverGamma=-0.07@value.bn[10] rvMaxOverMedian=6.1@stem.bn[32] rezero=none nonFinite=0 seZeroVel=none valueFC1ZeroVel=0/128 maxAbs=3.314@blocks.0.bn2.running_var
[LAYER-HEALTH]   batch-norm sites — β/|γ|: dead < -3.00, mostly off < -2.00, always on > +3.00; classified for relu/leaky_relu only
[LAYER-HEALTH]     site            act            ch   dead    off     on  zeroγ nonfin  min β/|γ| [ch]     max β/|γ| [ch]     rv max/median [ch]
[LAYER-HEALTH]     stem.bn         -             128    n/a    n/a    n/a      0      0     -0.03 [85]         +0.03 [34]            6.1 [32]
[LAYER-HEALTH]     blocks.0.bn1    relu          128      0      0      0      0      0     -0.04 [109]        +0.13 [62]            1.6 [97]
[LAYER-HEALTH]     blocks.0.bn2    relu          128      0      0      0      0      0     -0.05 [34]         +0.05 [41]            2.3 [24]
[LAYER-HEALTH]     blocks.1.bn1    relu          128      0      0      0      0      0     -0.04 [53]         +0.11 [121]           2.7 [97]
[LAYER-HEALTH]     blocks.1.bn2    relu          128      0      0      0      0      0     -0.05 [69]         +0.05 [110]           1.4 [25]
[LAYER-HEALTH]     blocks.2.bn1    relu          128      0      0      0      0      0     -0.05 [17]         +0.11 [30]            2.2 [16]
[LAYER-HEALTH]     blocks.2.bn2    relu          128      0      0      0      0      0     -0.02 [123]        +0.12 [29]            1.4 [8]
[LAYER-HEALTH]     tower_final_bn  relu          128      0      0      0      0      0     -0.06 [37]         +0.32 [31]            4.1 [19]
[LAYER-HEALTH]     policy.pre_bn   relu          128      0      0      0      0      0     -0.02 [114]        +0.14 [7]             2.5 [32]
[LAYER-HEALTH]     value.bn        relu           16      0      0      0      0      0     -0.07 [10]         +0.02 [0]             1.6 [11]
[LAYER-HEALTH]   FC hidden-unit velocity — zero: every weight-velocity entry exactly 0; low: nonzero but < 5% of the layer's p90 unit norm
[LAYER-HEALTH]     value.fc1.weight  relu  units 128  zero 0  low 27  median unit norm 0.005083
[LAYER-HEALTH]     (no SE blocks)
[LAYER-HEALTH]   ReZero: none
[LAYER-HEALTH]   non-finite: 0 values in 0 of 102 tensors (10263038 values examined)
[LAYER-HEALTH]   largest |value|: blocks.0.bn2.running_var 3.314, tower_final_bn.running_mean 2.472, blocks.2.bn1.running_mean 2.4, blocks.1.bn1.running_mean 2.1, blocks.0.bn2.running_mean 2.042
[REPLAY] enumerated checkpoint -> 20261005-lrA-const01-replay-step10000.safetensors
[REPLAY] step=10050 loss=3.6576 pLoss=2.8189 vLoss=0.8183 pEnt=2.849 pIllM=0.0204 playedP=0.162 pW=0.46 pD=0.07 pL=0.48 vAbs=0.218 pLogitMean=0.4839 vLogitMean=1.8182 gNorm=1.201 lr=0.01 ms=1514.0 buf=500000 plies=85998202 games=1302269 rejected=0 skipped=0 epoch=0 mom=0.9000 trainerStep=10050
[LAYER-HEALTH] live trainerStep=10050 scope=batch_norm_state_only reluSites=9/10 ch=1040 dead=0 off=0 alwaysOn=0 worst=none maxBetaOverGamma=+0.32@tower_final_bn[31] minBetaOverGamma=-0.07@value.bn[10] rvMaxOverMedian=6.0@stem.bn[32] rezero=none nonFinite=0
[REPLAY] step=10100 loss=3.6555 pLoss=2.8193 vLoss=0.8150 pEnt=2.895 pIllM=0.0212 playedP=0.152 pW=0.45 pD=0.07 pL=0.48 vAbs=0.218 pLogitMean=0.4824 vLogitMean=1.8085 gNorm=1.229 lr=0.01 ms=1642.5 buf=500000 plies=86424921 games=1308762 rejected=0 skipped=0 epoch=0 mom=0.9000 trainerStep=10100
[LAYER-HEALTH] live trainerStep=10100 scope=batch_norm_state_only reluSites=9/10 ch=1040 dead=0 off=0 alwaysOn=0 worst=none maxBetaOverGamma=+0.32@tower_final_bn[31] minBetaOverGamma=-0.07@value.bn[10] rvMaxOverMedian=6.1@stem.bn[32] rezero=none nonFinite=0
[REPLAY] step=10150 loss=3.6614 pLoss=2.8266 vLoss=0.8143 pEnt=2.865 pIllM=0.0205 playedP=0.157 pW=0.47 pD=0.06 pL=0.46 vAbs=0.209 pLogitMean=0.4835 vLogitMean=1.8401 gNorm=1.218 lr=0.01 ms=1513.2 buf=500000 plies=86851469 games=1315257 rejected=0 skipped=0 epoch=0 mom=0.9000 trainerStep=10150
[LAYER-HEALTH] live trainerStep=10150 scope=batch_norm_state_only reluSites=9/10 ch=1040 dead=0 off=0 alwaysOn=0 worst=none maxBetaOverGamma=+0.32@tower_final_bn[31] minBetaOverGamma=-0.07@value.bn[10] rvMaxOverMedian=6.1@stem.bn[32] rezero=none nonFinite=0
[REPLAY] step=10200 loss=3.6839 pLoss=2.8365 vLoss=0.8277 pEnt=2.859 pIllM=0.0197 playedP=0.153 pW=0.47 pD=0.07 pL=0.46 vAbs=0.221 pLogitMean=0.4847 vLogitMean=1.8508 gNorm=1.343 lr=0.01 ms=1610.7 buf=500000 plies=87278124 games=1321726 rejected=0 skipped=0 epoch=0 mom=0.9000 trainerStep=10200
[LAYER-HEALTH] live trainerStep=10200 scope=batch_norm_state_only reluSites=9/10 ch=1040 dead=0 off=0 alwaysOn=0 worst=none maxBetaOverGamma=+0.32@tower_final_bn[31] minBetaOverGamma=-0.07@value.bn[10] rvMaxOverMedian=6.1@stem.bn[32] rezero=none nonFinite=0
[REPLAY] step=10250 loss=3.6783 pLoss=2.8261 vLoss=0.8315 pEnt=2.880 pIllM=0.0207 playedP=0.154 pW=0.47 pD=0.07 pL=0.46 vAbs=0.209 pLogitMean=0.4841 vLogitMean=1.7598 gNorm=1.122 lr=0.01 ms=1411.8 buf=500000 plies=87704782 games=1328103 rejected=0 skipped=0 epoch=0 mom=0.9000 trainerStep=10250
[LAYER-HEALTH] live trainerStep=10250 scope=batch_norm_state_only reluSites=9/10 ch=1040 dead=0 off=0 alwaysOn=0 worst=none maxBetaOverGamma=+0.32@tower_final_bn[31] minBetaOverGamma=-0.07@value.bn[10] rvMaxOverMedian=6.1@stem.bn[32] rezero=none nonFinite=0
[REPLAY] step=10300 loss=3.6770 pLoss=2.8507 vLoss=0.8046 pEnt=2.875 pIllM=0.0217 playedP=0.153 pW=0.46 pD=0.06 pL=0.47 vAbs=0.221 pLogitMean=0.4853 vLogitMean=1.7829 gNorm=1.163 lr=0.01 ms=1595.1 buf=500000 plies=88131505 games=1334539 rejected=0 skipped=0 epoch=0 mom=0.9000 trainerStep=10300
[LAYER-HEALTH] live trainerStep=10300 scope=batch_norm_state_only reluSites=9/10 ch=1040 dead=0 off=0 alwaysOn=0 worst=none maxBetaOverGamma=+0.32@tower_final_bn[31] minBetaOverGamma=-0.07@value.bn[10] rvMaxOverMedian=6.0@stem.bn[32] rezero=none nonFinite=0
[REPLAY] step=10350 loss=3.6801 pLoss=2.8569 vLoss=0.8039 pEnt=2.874 pIllM=0.0193 playedP=0.155 pW=0.48 pD=0.06 pL=0.45 vAbs=0.219 pLogitMean=0.4854 vLogitMean=1.7817 gNorm=1.147 lr=0.01 ms=1477.7 buf=500000 plies=88558079 games=1340999 rejected=0 skipped=0 epoch=0 mom=0.9000 trainerStep=10350
[LAYER-HEALTH] live trainerStep=10350 scope=batch_norm_state_only reluSites=9/10 ch=1040 dead=0 off=0 alwaysOn=0 worst=none maxBetaOverGamma=+0.32@tower_final_bn[31] minBetaOverGamma=-0.07@value.bn[10] rvMaxOverMedian=6.0@stem.bn[32] rezero=none nonFinite=0
[REPLAY] step=10400 loss=3.6718 pLoss=2.8500 vLoss=0.8023 pEnt=2.858 pIllM=0.0196 playedP=0.155 pW=0.48 pD=0.07 pL=0.46 vAbs=0.220 pLogitMean=0.4872 vLogitMean=1.8087 gNorm=1.202 lr=0.01 ms=1506.5 buf=500000 plies=88984731 games=1347464 rejected=0 skipped=0 epoch=0 mom=0.9000 trainerStep=10400
[LAYER-HEALTH] live trainerStep=10400 scope=batch_norm_state_only reluSites=9/10 ch=1040 dead=0 off=0 alwaysOn=0 worst=none maxBetaOverGamma=+0.32@tower_final_bn[31] minBetaOverGamma=-0.07@value.bn[10] rvMaxOverMedian=6.1@stem.bn[32] rezero=none nonFinite=0
[REPLAY] step=10450 loss=3.6475 pLoss=2.8094 vLoss=0.8171 pEnt=2.842 pIllM=0.0210 playedP=0.158 pW=0.48 pD=0.07 pL=0.45 vAbs=0.225 pLogitMean=0.4853 vLogitMean=1.7996 gNorm=1.328 lr=0.01 ms=1557.7 buf=500000 plies=89411418 games=1353844 rejected=0 skipped=0 epoch=0 mom=0.9000 trainerStep=10450
[LAYER-HEALTH] live trainerStep=10450 scope=batch_norm_state_only reluSites=9/10 ch=1040 dead=0 off=0 alwaysOn=0 worst=none maxBetaOverGamma=+0.32@tower_final_bn[31] minBetaOverGamma=-0.07@value.bn[10] rvMaxOverMedian=6.0@stem.bn[32] rezero=none nonFinite=0
[REPLAY] step=10500 loss=3.6868 pLoss=2.8555 vLoss=0.8098 pEnt=2.880 pIllM=0.0214 playedP=0.152 pW=0.47 pD=0.06 pL=0.47 vAbs=0.214 pLogitMean=0.4871 vLogitMean=1.8107 gNorm=1.385 lr=0.01 ms=1622.7 buf=500000 plies=89838044 games=1360303 rejected=0 skipped=0 epoch=0 mom=0.9000 trainerStep=10500
[LAYER-HEALTH] live trainerStep=10500 scope=batch_norm_state_only reluSites=9/10 ch=1040 dead=0 off=0 alwaysOn=0 worst=none maxBetaOverGamma=+0.32@tower_final_bn[31] minBetaOverGamma=-0.07@value.bn[10] rvMaxOverMedian=6.1@stem.bn[32] rezero=none nonFinite=0
[REPLAY] step=10550 loss=3.6469 pLoss=2.8333 vLoss=0.7936 pEnt=2.849 pIllM=0.0200 playedP=0.154 pW=0.48 pD=0.07 pL=0.46 vAbs=0.220 pLogitMean=0.4866 vLogitMean=1.8111 gNorm=1.181 lr=0.01 ms=1576.9 buf=500000 plies=90264727 games=1366660 rejected=0 skipped=0 epoch=0 mom=0.9000 trainerStep=10550
[LAYER-HEALTH] live trainerStep=10550 scope=batch_norm_state_only reluSites=9/10 ch=1040 dead=0 off=0 alwaysOn=0 worst=none maxBetaOverGamma=+0.32@tower_final_bn[31] minBetaOverGamma=-0.07@value.bn[10] rvMaxOverMedian=6.1@stem.bn[32] rezero=none nonFinite=0
[REPLAY] step=10600 loss=3.6555 pLoss=2.8179 vLoss=0.8192 pEnt=2.856 pIllM=0.0183 playedP=0.156 pW=0.48 pD=0.07 pL=0.45 vAbs=0.219 pLogitMean=0.4873 vLogitMean=1.8111 gNorm=1.143 lr=0.01 ms=1488.1 buf=500000 plies=90691353 games=1373120 rejected=0 skipped=0 epoch=0 mom=0.9000 trainerStep=10600
[LAYER-HEALTH] live trainerStep=10600 scope=batch_norm_state_only reluSites=9/10 ch=1040 dead=0 off=0 alwaysOn=0 worst=none maxBetaOverGamma=+0.32@tower_final_bn[31] minBetaOverGamma=-0.07@value.bn[10] rvMaxOverMedian=6.2@stem.bn[32] rezero=none nonFinite=0
[REPLAY] step=10650 loss=3.6704 pLoss=2.8370 vLoss=0.8149 pEnt=2.865 pIllM=0.0186 playedP=0.151 pW=0.48 pD=0.07 pL=0.45 vAbs=0.221 pLogitMean=0.4872 vLogitMean=1.8015 gNorm=1.166 lr=0.01 ms=1455.2 buf=500000 plies=91118005 games=1379508 rejected=0 skipped=0 epoch=0 mom=0.9000 trainerStep=10650
[LAYER-HEALTH] live trainerStep=10650 scope=batch_norm_state_only reluSites=9/10 ch=1040 dead=0 off=0 alwaysOn=0 worst=none maxBetaOverGamma=+0.32@tower_final_bn[31] minBetaOverGamma=-0.07@blocks.2.bn1[17] rvMaxOverMedian=6.1@stem.bn[32] rezero=none nonFinite=0
[REPLAY] step=10700 loss=3.6958 pLoss=2.8571 vLoss=0.8204 pEnt=2.880 pIllM=0.0183 playedP=0.146 pW=0.47 pD=0.07 pL=0.46 vAbs=0.202 pLogitMean=0.4877 vLogitMean=1.7870 gNorm=1.244 lr=0.01 ms=1358.2 buf=500000 plies=91544641 games=1385939 rejected=0 skipped=0 epoch=0 mom=0.9000 trainerStep=10700
[LAYER-HEALTH] live trainerStep=10700 scope=batch_norm_state_only reluSites=9/10 ch=1040 dead=0 off=0 alwaysOn=0 worst=none maxBetaOverGamma=+0.33@tower_final_bn[31] minBetaOverGamma=-0.07@blocks.2.bn1[17] rvMaxOverMedian=6.0@stem.bn[32] rezero=none nonFinite=0
[REPLAY] step=10750 loss=3.6858 pLoss=2.8573 vLoss=0.8101 pEnt=2.884 pIllM=0.0183 playedP=0.151 pW=0.48 pD=0.07 pL=0.45 vAbs=0.209 pLogitMean=0.4868 vLogitMean=1.7972 gNorm=1.182 lr=0.01 ms=1352.2 buf=500000 plies=91971321 games=1392418 rejected=0 skipped=0 epoch=0 mom=0.9000 trainerStep=10750
[LAYER-HEALTH] live trainerStep=10750 scope=batch_norm_state_only reluSites=9/10 ch=1040 dead=0 off=0 alwaysOn=0 worst=none maxBetaOverGamma=+0.33@tower_final_bn[31] minBetaOverGamma=-0.07@blocks.2.bn1[17] rvMaxOverMedian=6.0@stem.bn[32] rezero=none nonFinite=0
[REPLAY] step=10800 loss=3.6302 pLoss=2.7838 vLoss=0.8254 pEnt=2.840 pIllM=0.0210 playedP=0.158 pW=0.46 pD=0.07 pL=0.47 vAbs=0.224 pLogitMean=0.4871 vLogitMean=1.7724 gNorm=1.120 lr=0.01 ms=1399.2 buf=500000 plies=92397926 games=1398905 rejected=0 skipped=0 epoch=0 mom=0.9000 trainerStep=10800
[LAYER-HEALTH] live trainerStep=10800 scope=batch_norm_state_only reluSites=9/10 ch=1040 dead=0 off=0 alwaysOn=0 worst=none maxBetaOverGamma=+0.33@tower_final_bn[31] minBetaOverGamma=-0.07@blocks.2.bn1[17] rvMaxOverMedian=5.9@stem.bn[32] rezero=none nonFinite=0
[REPLAY] step=10850 loss=3.6690 pLoss=2.8407 vLoss=0.8086 pEnt=2.870 pIllM=0.0197 playedP=0.154 pW=0.47 pD=0.07 pL=0.46 vAbs=0.217 pLogitMean=0.4876 vLogitMean=1.7852 gNorm=1.179 lr=0.01 ms=1488.2 buf=500000 plies=92824634 games=1405319 rejected=0 skipped=0 epoch=0 mom=0.9000 trainerStep=10850
[LAYER-HEALTH] live trainerStep=10850 scope=batch_norm_state_only reluSites=9/10 ch=1040 dead=0 off=0 alwaysOn=0 worst=none maxBetaOverGamma=+0.33@tower_final_bn[31] minBetaOverGamma=-0.08@blocks.2.bn1[17] rvMaxOverMedian=5.9@stem.bn[32] rezero=none nonFinite=0
[REPLAY] step=10900 loss=3.6658 pLoss=2.8346 vLoss=0.8110 pEnt=2.872 pIllM=0.0203 playedP=0.154 pW=0.47 pD=0.07 pL=0.46 vAbs=0.222 pLogitMean=0.4872 vLogitMean=1.7693 gNorm=1.140 lr=0.01 ms=1348.4 buf=500000 plies=93251291 games=1411767 rejected=0 skipped=0 epoch=0 mom=0.9000 trainerStep=10900
[LAYER-HEALTH] live trainerStep=10900 scope=batch_norm_state_only reluSites=9/10 ch=1040 dead=0 off=0 alwaysOn=0 worst=none maxBetaOverGamma=+0.33@tower_final_bn[31] minBetaOverGamma=-0.08@blocks.2.bn1[17] rvMaxOverMedian=5.9@stem.bn[32] rezero=none nonFinite=0
[REPLAY] step=10950 loss=3.6829 pLoss=2.8455 vLoss=0.8183 pEnt=2.858 pIllM=0.0191 playedP=0.159 pW=0.48 pD=0.07 pL=0.45 vAbs=0.211 pLogitMean=0.4875 vLogitMean=1.7907 gNorm=1.222 lr=0.01 ms=1692.4 buf=500000 plies=93677883 games=1418260 rejected=0 skipped=0 epoch=0 mom=0.9000 trainerStep=10950
[LAYER-HEALTH] live trainerStep=10950 scope=batch_norm_state_only reluSites=9/10 ch=1040 dead=0 off=0 alwaysOn=0 worst=none maxBetaOverGamma=+0.33@tower_final_bn[31] minBetaOverGamma=-0.08@blocks.2.bn1[17] rvMaxOverMedian=5.9@stem.bn[32] rezero=none nonFinite=0
[REPLAY] step=11000 loss=3.6640 pLoss=2.8335 vLoss=0.8098 pEnt=2.826 pIllM=0.0207 playedP=0.162 pW=0.47 pD=0.06 pL=0.47 vAbs=0.225 pLogitMean=0.4891 vLogitMean=1.8150 gNorm=1.366 lr=0.01 ms=1463.1 buf=500000 plies=94104542 games=1424661 rejected=0 skipped=0 epoch=0 mom=0.9000 trainerStep=11000
[LAYER-HEALTH] live trainerStep=11000 scope=batch_norm_state_only reluSites=9/10 ch=1040 dead=0 off=0 alwaysOn=0 worst=none maxBetaOverGamma=+0.33@tower_final_bn[31] minBetaOverGamma=-0.08@blocks.2.bn1[17] rvMaxOverMedian=5.9@stem.bn[32] rezero=none nonFinite=0
[REPLAY] saved trainer model (autosave) step=11000 trainerStep=11000 nextGame=1424661 shard=3 epoch=0 -> 20261005-lrA-const01-replay-latest.safetensors
[LAYER-HEALTH] checkpoint replay-autosave step=11000 trainerStep=11000 scope=all_tensors reluSites=9/10 ch=1040 dead=0 off=0 alwaysOn=0 worst=none maxBetaOverGamma=+0.33@tower_final_bn[31] minBetaOverGamma=-0.08@blocks.2.bn1[17] rvMaxOverMedian=5.9@stem.bn[32] rezero=none nonFinite=0 seZeroVel=none valueFC1ZeroVel=0/128 maxAbs=3.121@blocks.0.bn2.running_var
[LAYER-HEALTH]   batch-norm sites — β/|γ|: dead < -3.00, mostly off < -2.00, always on > +3.00; classified for relu/leaky_relu only
[LAYER-HEALTH]     site            act            ch   dead    off     on  zeroγ nonfin  min β/|γ| [ch]     max β/|γ| [ch]     rv max/median [ch]
[LAYER-HEALTH]     stem.bn         -             128    n/a    n/a    n/a      0      0     -0.03 [85]         +0.03 [121]           5.9 [32]
[LAYER-HEALTH]     blocks.0.bn1    relu          128      0      0      0      0      0     -0.04 [109]        +0.13 [62]            1.6 [97]
[LAYER-HEALTH]     blocks.0.bn2    relu          128      0      0      0      0      0     -0.05 [34]         +0.05 [14]            2.1 [24]
[LAYER-HEALTH]     blocks.1.bn1    relu          128      0      0      0      0      0     -0.06 [53]         +0.11 [121]           2.7 [97]
[LAYER-HEALTH]     blocks.1.bn2    relu          128      0      0      0      0      0     -0.06 [69]         +0.05 [110]           1.5 [55]
[LAYER-HEALTH]     blocks.2.bn1    relu          128      0      0      0      0      0     -0.08 [17]         +0.11 [30]            2.4 [16]
[LAYER-HEALTH]     blocks.2.bn2    relu          128      0      0      0      0      0     -0.02 [123]        +0.13 [29]            1.4 [8]
[LAYER-HEALTH]     tower_final_bn  relu          128      0      0      0      0      0     -0.06 [37]         +0.33 [31]            4.3 [19]
[LAYER-HEALTH]     policy.pre_bn   relu          128      0      0      0      0      0     -0.03 [114]        +0.14 [7]             2.6 [47]
[LAYER-HEALTH]     value.bn        relu           16      0      0      0      0      0     -0.07 [10]         +0.02 [0]             1.6 [11]
[LAYER-HEALTH]   FC hidden-unit velocity — zero: every weight-velocity entry exactly 0; low: nonzero but < 5% of the layer's p90 unit norm
[LAYER-HEALTH]     value.fc1.weight  relu  units 128  zero 0  low 24  median unit norm 0.004927
[LAYER-HEALTH]     (no SE blocks)
[LAYER-HEALTH]   ReZero: none
[LAYER-HEALTH]   non-finite: 0 values in 0 of 102 tensors (10263038 values examined)
[LAYER-HEALTH]   largest |value|: blocks.0.bn2.running_var 3.121, blocks.2.bn1.running_mean 2.597, tower_final_bn.running_mean 2.444, blocks.1.bn1.running_mean 2.106, blocks.0.bn2.running_mean 2.074
[REPLAY] enumerated checkpoint -> 20261005-lrA-const01-replay-step11000.safetensors
[REPLAY] step=11050 loss=3.6486 pLoss=2.8259 vLoss=0.8043 pEnt=2.877 pIllM=0.0184 playedP=0.152 pW=0.46 pD=0.07 pL=0.46 vAbs=0.218 pLogitMean=0.4890 vLogitMean=1.7678 gNorm=1.155 lr=0.01 ms=1449.7 buf=500000 plies=94531216 games=1431101 rejected=0 skipped=0 epoch=0 mom=0.9000 trainerStep=11050
[LAYER-HEALTH] live trainerStep=11050 scope=batch_norm_state_only reluSites=9/10 ch=1040 dead=0 off=0 alwaysOn=0 worst=none maxBetaOverGamma=+0.33@tower_final_bn[31] minBetaOverGamma=-0.08@blocks.2.bn1[17] rvMaxOverMedian=5.9@stem.bn[32] rezero=none nonFinite=0
[REPLAY] step=11100 loss=3.6428 pLoss=2.8090 vLoss=0.8132 pEnt=2.858 pIllM=0.0207 playedP=0.157 pW=0.46 pD=0.07 pL=0.47 vAbs=0.217 pLogitMean=0.4890 vLogitMean=1.7715 gNorm=1.190 lr=0.01 ms=1465.2 buf=500000 plies=94957918 games=1437522 rejected=0 skipped=0 epoch=0 mom=0.9000 trainerStep=11100
[LAYER-HEALTH] live trainerStep=11100 scope=batch_norm_state_only reluSites=9/10 ch=1040 dead=0 off=0 alwaysOn=0 worst=none maxBetaOverGamma=+0.33@tower_final_bn[31] minBetaOverGamma=-0.08@blocks.2.bn1[17] rvMaxOverMedian=5.8@stem.bn[32] rezero=none nonFinite=0
[REPLAY] step=11150 loss=3.6713 pLoss=2.8487 vLoss=0.8054 pEnt=2.868 pIllM=0.0172 playedP=0.153 pW=0.47 pD=0.07 pL=0.46 vAbs=0.224 pLogitMean=0.4898 vLogitMean=1.7946 gNorm=1.129 lr=0.01 ms=1492.1 buf=500000 plies=95384474 games=1443913 rejected=0 skipped=0 epoch=0 mom=0.9000 trainerStep=11150
[LAYER-HEALTH] live trainerStep=11150 scope=batch_norm_state_only reluSites=9/10 ch=1040 dead=0 off=0 alwaysOn=0 worst=none maxBetaOverGamma=+0.33@tower_final_bn[31] minBetaOverGamma=-0.08@blocks.2.bn1[17] rvMaxOverMedian=5.7@stem.bn[32] rezero=none nonFinite=0
[REPLAY] step=11200 loss=3.6848 pLoss=2.8475 vLoss=0.8188 pEnt=2.871 pIllM=0.0184 playedP=0.155 pW=0.46 pD=0.08 pL=0.46 vAbs=0.225 pLogitMean=0.4898 vLogitMean=1.7249 gNorm=1.067 lr=0.01 ms=1534.7 buf=500000 plies=95811119 games=1450341 rejected=0 skipped=0 epoch=0 mom=0.9000 trainerStep=11200
[LAYER-HEALTH] live trainerStep=11200 scope=batch_norm_state_only reluSites=9/10 ch=1040 dead=0 off=0 alwaysOn=0 worst=none maxBetaOverGamma=+0.33@tower_final_bn[31] minBetaOverGamma=-0.08@blocks.2.bn1[17] rvMaxOverMedian=5.7@stem.bn[32] rezero=none nonFinite=0
[REPLAY] step=11250 loss=3.6463 pLoss=2.8359 vLoss=0.7927 pEnt=2.848 pIllM=0.0176 playedP=0.159 pW=0.48 pD=0.06 pL=0.46 vAbs=0.232 pLogitMean=0.4897 vLogitMean=1.7269 gNorm=1.288 lr=0.01 ms=1459.1 buf=500000 plies=96237838 games=1456769 rejected=0 skipped=0 epoch=0 mom=0.9000 trainerStep=11250
[LAYER-HEALTH] live trainerStep=11250 scope=batch_norm_state_only reluSites=9/10 ch=1040 dead=0 off=0 alwaysOn=0 worst=none maxBetaOverGamma=+0.33@tower_final_bn[31] minBetaOverGamma=-0.09@blocks.2.bn1[17] rvMaxOverMedian=5.9@stem.bn[32] rezero=none nonFinite=0
[REPLAY] step=11300 loss=3.6496 pLoss=2.8257 vLoss=0.8058 pEnt=2.877 pIllM=0.0181 playedP=0.156 pW=0.47 pD=0.06 pL=0.47 vAbs=0.203 pLogitMean=0.4906 vLogitMean=1.7170 gNorm=1.205 lr=0.01 ms=1402.1 buf=500000 plies=96664470 games=1463271 rejected=0 skipped=0 epoch=0 mom=0.9000 trainerStep=11300
[LAYER-HEALTH] live trainerStep=11300 scope=batch_norm_state_only reluSites=9/10 ch=1040 dead=0 off=0 alwaysOn=0 worst=none maxBetaOverGamma=+0.33@tower_final_bn[31] minBetaOverGamma=-0.09@blocks.2.bn1[17] rvMaxOverMedian=6.0@stem.bn[32] rezero=none nonFinite=0
[REPLAY] step=11350 loss=3.6083 pLoss=2.7863 vLoss=0.8026 pEnt=2.873 pIllM=0.0194 playedP=0.156 pW=0.47 pD=0.06 pL=0.47 vAbs=0.230 pLogitMean=0.4898 vLogitMean=1.7351 gNorm=1.280 lr=0.01 ms=1476.4 buf=500000 plies=97091112 games=1469698 rejected=0 skipped=0 epoch=0 mom=0.9000 trainerStep=11350
[LAYER-HEALTH] live trainerStep=11350 scope=batch_norm_state_only reluSites=9/10 ch=1040 dead=0 off=0 alwaysOn=0 worst=none maxBetaOverGamma=+0.33@tower_final_bn[31] minBetaOverGamma=-0.09@blocks.2.bn1[17] rvMaxOverMedian=6.0@stem.bn[32] rezero=none nonFinite=0
[REPLAY] step=11400 loss=3.6646 pLoss=2.8468 vLoss=0.8002 pEnt=2.865 pIllM=0.0175 playedP=0.156 pW=0.47 pD=0.06 pL=0.47 vAbs=0.213 pLogitMean=0.4906 vLogitMean=1.7181 gNorm=1.159 lr=0.01 ms=1496.4 buf=500000 plies=97517788 games=1476118 rejected=0 skipped=0 epoch=0 mom=0.9000 trainerStep=11400
[LAYER-HEALTH] live trainerStep=11400 scope=batch_norm_state_only reluSites=9/10 ch=1040 dead=0 off=0 alwaysOn=0 worst=none maxBetaOverGamma=+0.33@tower_final_bn[31] minBetaOverGamma=-0.09@blocks.2.bn1[17] rvMaxOverMedian=5.9@stem.bn[32] rezero=none nonFinite=0
[REPLAY] step=11450 loss=3.6561 pLoss=2.8243 vLoss=0.8137 pEnt=2.878 pIllM=0.0181 playedP=0.152 pW=0.46 pD=0.07 pL=0.46 vAbs=0.229 pLogitMean=0.4926 vLogitMean=1.7201 gNorm=1.189 lr=0.01 ms=1423.9 buf=500000 plies=97944394 games=1482558 rejected=0 skipped=0 epoch=0 mom=0.9000 trainerStep=11450
[LAYER-HEALTH] live trainerStep=11450 scope=batch_norm_state_only reluSites=9/10 ch=1040 dead=0 off=0 alwaysOn=0 worst=none maxBetaOverGamma=+0.33@tower_final_bn[31] minBetaOverGamma=-0.09@blocks.2.bn1[17] rvMaxOverMedian=5.9@stem.bn[32] rezero=none nonFinite=0
[REPLAY] step=11500 loss=3.6448 pLoss=2.8122 vLoss=0.8158 pEnt=2.840 pIllM=0.0168 playedP=0.160 pW=0.47 pD=0.07 pL=0.47 vAbs=0.219 pLogitMean=0.4916 vLogitMean=1.7811 gNorm=1.265 lr=0.01 ms=1430.3 buf=500000 plies=98371019 games=1488938 rejected=0 skipped=0 epoch=0 mom=0.9000 trainerStep=11500
[LAYER-HEALTH] live trainerStep=11500 scope=batch_norm_state_only reluSites=9/10 ch=1040 dead=0 off=0 alwaysOn=0 worst=none maxBetaOverGamma=+0.33@tower_final_bn[31] minBetaOverGamma=-0.09@blocks.2.bn1[17] rvMaxOverMedian=5.9@stem.bn[32] rezero=none nonFinite=0
[REPLAY] step=11550 loss=3.6640 pLoss=2.8407 vLoss=0.8045 pEnt=2.840 pIllM=0.0188 playedP=0.161 pW=0.49 pD=0.07 pL=0.44 vAbs=0.224 pLogitMean=0.4912 vLogitMean=1.7351 gNorm=1.214 lr=0.01 ms=1517.2 buf=500000 plies=98797696 games=1495356 rejected=0 skipped=0 epoch=0 mom=0.9000 trainerStep=11550
[LAYER-HEALTH] live trainerStep=11550 scope=batch_norm_state_only reluSites=9/10 ch=1040 dead=0 off=0 alwaysOn=0 worst=none maxBetaOverGamma=+0.33@tower_final_bn[31] minBetaOverGamma=-0.09@blocks.2.bn1[17] rvMaxOverMedian=5.8@stem.bn[32] rezero=none nonFinite=0
[REPLAY] step=11600 loss=3.6495 pLoss=2.8153 vLoss=0.8157 pEnt=2.864 pIllM=0.0184 playedP=0.155 pW=0.47 pD=0.07 pL=0.46 vAbs=0.226 pLogitMean=0.4930 vLogitMean=1.7204 gNorm=1.234 lr=0.01 ms=1408.9 buf=500000 plies=99224335 games=1501845 rejected=0 skipped=0 epoch=0 mom=0.9000 trainerStep=11600
[LAYER-HEALTH] live trainerStep=11600 scope=batch_norm_state_only reluSites=9/10 ch=1040 dead=0 off=0 alwaysOn=0 worst=none maxBetaOverGamma=+0.33@tower_final_bn[31] minBetaOverGamma=-0.09@blocks.2.bn1[17] rvMaxOverMedian=5.9@stem.bn[32] rezero=none nonFinite=0
[REPLAY] step=11650 loss=3.6970 pLoss=2.8543 vLoss=0.8244 pEnt=2.882 pIllM=0.0183 playedP=0.152 pW=0.48 pD=0.06 pL=0.46 vAbs=0.216 pLogitMean=0.4903 vLogitMean=1.7386 gNorm=1.120 lr=0.01 ms=1429.0 buf=500000 plies=99650976 games=1508224 rejected=0 skipped=0 epoch=0 mom=0.9000 trainerStep=11650
[LAYER-HEALTH] live trainerStep=11650 scope=batch_norm_state_only reluSites=9/10 ch=1040 dead=0 off=0 alwaysOn=0 worst=none maxBetaOverGamma=+0.33@tower_final_bn[31] minBetaOverGamma=-0.10@blocks.2.bn1[17] rvMaxOverMedian=6.0@stem.bn[32] rezero=none nonFinite=0
[REPLAY] step=11700 loss=3.6530 pLoss=2.8311 vLoss=0.8043 pEnt=2.873 pIllM=0.0177 playedP=0.154 pW=0.48 pD=0.07 pL=0.46 vAbs=0.222 pLogitMean=0.4913 vLogitMean=1.7793 gNorm=1.209 lr=0.01 ms=1448.5 buf=500000 plies=100077631 games=1514614 rejected=0 skipped=0 epoch=0 mom=0.9000 trainerStep=11700
[LAYER-HEALTH] live trainerStep=11700 scope=batch_norm_state_only reluSites=9/10 ch=1040 dead=0 off=0 alwaysOn=0 worst=none maxBetaOverGamma=+0.33@tower_final_bn[31] minBetaOverGamma=-0.10@blocks.2.bn1[17] rvMaxOverMedian=5.9@stem.bn[32] rezero=none nonFinite=0
[REPLAY] step=11750 loss=3.6408 pLoss=2.8036 vLoss=0.8194 pEnt=2.872 pIllM=0.0177 playedP=0.154 pW=0.45 pD=0.06 pL=0.48 vAbs=0.224 pLogitMean=0.4927 vLogitMean=1.8073 gNorm=1.298 lr=0.01 ms=1630.2 buf=500000 plies=100504295 games=1521054 rejected=0 skipped=0 epoch=0 mom=0.9000 trainerStep=11750
[LAYER-HEALTH] live trainerStep=11750 scope=batch_norm_state_only reluSites=9/10 ch=1040 dead=0 off=0 alwaysOn=0 worst=none maxBetaOverGamma=+0.33@tower_final_bn[31] minBetaOverGamma=-0.10@blocks.2.bn1[17] rvMaxOverMedian=5.9@stem.bn[32] rezero=none nonFinite=0
[REPLAY] step=11800 loss=3.6775 pLoss=2.8483 vLoss=0.8118 pEnt=2.872 pIllM=0.0174 playedP=0.154 pW=0.46 pD=0.07 pL=0.47 vAbs=0.216 pLogitMean=0.4927 vLogitMean=1.7919 gNorm=1.083 lr=0.01 ms=1392.2 buf=500000 plies=100930926 games=1527536 rejected=0 skipped=0 epoch=0 mom=0.9000 trainerStep=11800
[LAYER-HEALTH] live trainerStep=11800 scope=batch_norm_state_only reluSites=9/10 ch=1040 dead=0 off=0 alwaysOn=0 worst=none maxBetaOverGamma=+0.33@tower_final_bn[31] minBetaOverGamma=-0.10@blocks.2.bn1[17] rvMaxOverMedian=5.7@stem.bn[32] rezero=none nonFinite=0
[REPLAY] step=11850 loss=3.6089 pLoss=2.7985 vLoss=0.7923 pEnt=2.855 pIllM=0.0180 playedP=0.158 pW=0.46 pD=0.06 pL=0.48 vAbs=0.235 pLogitMean=0.4926 vLogitMean=1.8224 gNorm=1.158 lr=0.01 ms=1702.6 buf=500000 plies=101357584 games=1533963 rejected=0 skipped=0 epoch=0 mom=0.9000 trainerStep=11850
[LAYER-HEALTH] live trainerStep=11850 scope=batch_norm_state_only reluSites=9/10 ch=1040 dead=0 off=0 alwaysOn=0 worst=none maxBetaOverGamma=+0.33@tower_final_bn[31] minBetaOverGamma=-0.10@blocks.2.bn1[17] rvMaxOverMedian=5.8@stem.bn[32] rezero=none nonFinite=0
[REPLAY] step=11900 loss=3.6477 pLoss=2.8070 vLoss=0.8243 pEnt=2.851 pIllM=0.0165 playedP=0.157 pW=0.47 pD=0.07 pL=0.47 vAbs=0.227 pLogitMean=0.4930 vLogitMean=1.7733 gNorm=1.136 lr=0.01 ms=1566.6 buf=500000 plies=101784238 games=1540330 rejected=0 skipped=0 epoch=0 mom=0.9000 trainerStep=11900
[LAYER-HEALTH] live trainerStep=11900 scope=batch_norm_state_only reluSites=9/10 ch=1040 dead=0 off=0 alwaysOn=0 worst=none maxBetaOverGamma=+0.33@tower_final_bn[31] minBetaOverGamma=-0.10@blocks.2.bn1[17] rvMaxOverMedian=5.8@stem.bn[32] rezero=none nonFinite=0
[REPLAY] step=11950 loss=3.6677 pLoss=2.8157 vLoss=0.8359 pEnt=2.880 pIllM=0.0161 playedP=0.153 pW=0.46 pD=0.07 pL=0.47 vAbs=0.213 pLogitMean=0.4925 vLogitMean=1.7533 gNorm=1.247 lr=0.01 ms=1586.3 buf=500000 plies=102210907 games=1546778 rejected=0 skipped=0 epoch=0 mom=0.9000 trainerStep=11950
[LAYER-HEALTH] live trainerStep=11950 scope=batch_norm_state_only reluSites=9/10 ch=1040 dead=0 off=0 alwaysOn=0 worst=none maxBetaOverGamma=+0.33@tower_final_bn[31] minBetaOverGamma=-0.10@blocks.2.bn1[17] rvMaxOverMedian=5.8@stem.bn[32] rezero=none nonFinite=0
[REPLAY] step=12000 loss=3.6337 pLoss=2.8017 vLoss=0.8133 pEnt=2.867 pIllM=0.0187 playedP=0.156 pW=0.47 pD=0.07 pL=0.47 vAbs=0.225 pLogitMean=0.4938 vLogitMean=1.7616 gNorm=1.165 lr=0.01 ms=1631.1 buf=500000 plies=102637558 games=1553208 rejected=0 skipped=0 epoch=0 mom=0.9000 trainerStep=12000
[LAYER-HEALTH] live trainerStep=12000 scope=batch_norm_state_only reluSites=9/10 ch=1040 dead=0 off=0 alwaysOn=0 worst=none maxBetaOverGamma=+0.33@tower_final_bn[31] minBetaOverGamma=-0.10@blocks.2.bn1[17] rvMaxOverMedian=5.8@stem.bn[32] rezero=none nonFinite=0
[REPLAY] saved trainer model (autosave) step=12000 trainerStep=12000 nextGame=1553208 shard=3 epoch=0 -> 20261005-lrA-const01-replay-latest.safetensors
[LAYER-HEALTH] checkpoint replay-autosave step=12000 trainerStep=12000 scope=all_tensors reluSites=9/10 ch=1040 dead=0 off=0 alwaysOn=0 worst=none maxBetaOverGamma=+0.33@tower_final_bn[31] minBetaOverGamma=-0.10@blocks.2.bn1[17] rvMaxOverMedian=5.8@stem.bn[32] rezero=none nonFinite=0 seZeroVel=none valueFC1ZeroVel=0/128 maxAbs=3.292@blocks.0.bn2.running_var
[LAYER-HEALTH]   batch-norm sites — β/|γ|: dead < -3.00, mostly off < -2.00, always on > +3.00; classified for relu/leaky_relu only
[LAYER-HEALTH]     site            act            ch   dead    off     on  zeroγ nonfin  min β/|γ| [ch]     max β/|γ| [ch]     rv max/median [ch]
[LAYER-HEALTH]     stem.bn         -             128    n/a    n/a    n/a      0      0     -0.04 [85]         +0.03 [34]            5.8 [32]
[LAYER-HEALTH]     blocks.0.bn1    relu          128      0      0      0      0      0     -0.04 [109]        +0.14 [62]            1.6 [97]
[LAYER-HEALTH]     blocks.0.bn2    relu          128      0      0      0      0      0     -0.06 [126]        +0.05 [14]            2.3 [24]
[LAYER-HEALTH]     blocks.1.bn1    relu          128      0      0      0      0      0     -0.07 [53]         +0.11 [121]           2.9 [97]
[LAYER-HEALTH]     blocks.1.bn2    relu          128      0      0      0      0      0     -0.08 [69]         +0.06 [110]           1.5 [55]
[LAYER-HEALTH]     blocks.2.bn1    relu          128      0      0      0      0      0     -0.10 [17]         +0.12 [30]            2.3 [16]
[LAYER-HEALTH]     blocks.2.bn2    relu          128      0      0      0      0      0     -0.03 [87]         +0.13 [29]            1.4 [7]
[LAYER-HEALTH]     tower_final_bn  relu          128      0      0      0      0      0     -0.06 [37]         +0.33 [31]            4.5 [19]
[LAYER-HEALTH]     policy.pre_bn   relu          128      0      0      0      0      0     -0.03 [114]        +0.14 [7]             2.5 [47]
[LAYER-HEALTH]     value.bn        relu           16      0      0      0      0      0     -0.07 [10]         +0.02 [0]             1.6 [11]
[LAYER-HEALTH]   FC hidden-unit velocity — zero: every weight-velocity entry exactly 0; low: nonzero but < 5% of the layer's p90 unit norm
[LAYER-HEALTH]     value.fc1.weight  relu  units 128  zero 0  low 28  median unit norm 0.005024
[LAYER-HEALTH]     (no SE blocks)
[LAYER-HEALTH]   ReZero: none
[LAYER-HEALTH]   non-finite: 0 values in 0 of 102 tensors (10263038 values examined)
[LAYER-HEALTH]   largest |value|: blocks.0.bn2.running_var 3.292, blocks.2.bn1.running_mean 2.726, tower_final_bn.running_mean 2.442, blocks.0.bn2.running_mean 2.111, blocks.1.bn1.running_mean 2.086
[REPLAY] enumerated checkpoint -> 20261005-lrA-const01-replay-step12000.safetensors
[REPLAY] step=12050 loss=3.6757 pLoss=2.8518 vLoss=0.8076 pEnt=2.880 pIllM=0.0163 playedP=0.156 pW=0.47 pD=0.07 pL=0.46 vAbs=0.206 pLogitMean=0.4937 vLogitMean=1.7952 gNorm=1.179 lr=0.01 ms=1623.9 buf=500000 plies=103064218 games=1559704 rejected=0 skipped=0 epoch=0 mom=0.9000 trainerStep=12050
[LAYER-HEALTH] live trainerStep=12050 scope=batch_norm_state_only reluSites=9/10 ch=1040 dead=0 off=0 alwaysOn=0 worst=none maxBetaOverGamma=+0.33@tower_final_bn[31] minBetaOverGamma=-0.10@blocks.2.bn1[17] rvMaxOverMedian=5.8@stem.bn[32] rezero=none nonFinite=0
[REPLAY] step=12100 loss=3.6532 pLoss=2.8103 vLoss=0.8259 pEnt=2.862 pIllM=0.0170 playedP=0.157 pW=0.48 pD=0.07 pL=0.45 vAbs=0.209 pLogitMean=0.4939 vLogitMean=1.7436 gNorm=1.044 lr=0.01 ms=1563.3 buf=500000 plies=103490857 games=1566072 rejected=0 skipped=0 epoch=0 mom=0.9000 trainerStep=12100
[LAYER-HEALTH] live trainerStep=12100 scope=batch_norm_state_only reluSites=9/10 ch=1040 dead=0 off=0 alwaysOn=0 worst=none maxBetaOverGamma=+0.34@tower_final_bn[31] minBetaOverGamma=-0.11@blocks.2.bn1[17] rvMaxOverMedian=5.7@stem.bn[32] rezero=none nonFinite=0
[REPLAY] step=12150 loss=3.6485 pLoss=2.8321 vLoss=0.8003 pEnt=2.874 pIllM=0.0161 playedP=0.154 pW=0.47 pD=0.06 pL=0.47 vAbs=0.224 pLogitMean=0.4944 vLogitMean=1.8053 gNorm=1.200 lr=0.01 ms=1610.7 buf=500000 plies=103917479 games=1572556 rejected=0 skipped=0 epoch=0 mom=0.9000 trainerStep=12150
[LAYER-HEALTH] live trainerStep=12150 scope=batch_norm_state_only reluSites=9/10 ch=1040 dead=0 off=0 alwaysOn=0 worst=none maxBetaOverGamma=+0.33@tower_final_bn[31] minBetaOverGamma=-0.11@blocks.2.bn1[17] rvMaxOverMedian=5.7@stem.bn[32] rezero=none nonFinite=0
[REPLAY] step=12200 loss=3.6407 pLoss=2.8222 vLoss=0.8025 pEnt=2.897 pIllM=0.0160 playedP=0.148 pW=0.46 pD=0.06 pL=0.47 vAbs=0.224 pLogitMean=0.4946 vLogitMean=1.7539 gNorm=1.246 lr=0.01 ms=1446.4 buf=500000 plies=104344153 games=1579018 rejected=0 skipped=0 epoch=0 mom=0.9000 trainerStep=12200
[LAYER-HEALTH] live trainerStep=12200 scope=batch_norm_state_only reluSites=9/10 ch=1040 dead=0 off=0 alwaysOn=0 worst=none maxBetaOverGamma=+0.34@tower_final_bn[31] minBetaOverGamma=-0.11@blocks.2.bn1[17] rvMaxOverMedian=5.6@stem.bn[32] rezero=none nonFinite=0
[REPLAY] step=12250 loss=3.6448 pLoss=2.8246 vLoss=0.8034 pEnt=2.849 pIllM=0.0168 playedP=0.162 pW=0.47 pD=0.06 pL=0.47 vAbs=0.206 pLogitMean=0.4940 vLogitMean=1.7899 gNorm=1.183 lr=0.01 ms=1583.5 buf=500000 plies=104770780 games=1585527 rejected=0 skipped=0 epoch=0 mom=0.9000 trainerStep=12250
[LAYER-HEALTH] live trainerStep=12250 scope=batch_norm_state_only reluSites=9/10 ch=1040 dead=0 off=0 alwaysOn=0 worst=none maxBetaOverGamma=+0.34@tower_final_bn[31] minBetaOverGamma=-0.11@blocks.2.bn1[17] rvMaxOverMedian=5.6@stem.bn[32] rezero=none nonFinite=0
[REPLAY] step=12300 loss=3.6884 pLoss=2.8640 vLoss=0.8076 pEnt=2.881 pIllM=0.0168 playedP=0.152 pW=0.48 pD=0.06 pL=0.46 vAbs=0.215 pLogitMean=0.4936 vLogitMean=1.7793 gNorm=1.146 lr=0.01 ms=1544.8 buf=500000 plies=105197479 games=1592014 rejected=0 skipped=0 epoch=0 mom=0.9000 trainerStep=12300
[LAYER-HEALTH] live trainerStep=12300 scope=batch_norm_state_only reluSites=9/10 ch=1040 dead=0 off=0 alwaysOn=0 worst=none maxBetaOverGamma=+0.34@tower_final_bn[31] minBetaOverGamma=-0.11@blocks.2.bn1[17] rvMaxOverMedian=5.6@stem.bn[32] rezero=none nonFinite=0
[REPLAY] step=12350 loss=3.6126 pLoss=2.7896 vLoss=0.8053 pEnt=2.863 pIllM=0.0177 playedP=0.157 pW=0.47 pD=0.06 pL=0.47 vAbs=0.226 pLogitMean=0.4952 vLogitMean=1.7855 gNorm=1.064 lr=0.01 ms=1704.8 buf=500000 plies=105624114 games=1598470 rejected=0 skipped=0 epoch=0 mom=0.9000 trainerStep=12350
[LAYER-HEALTH] live trainerStep=12350 scope=batch_norm_state_only reluSites=9/10 ch=1040 dead=0 off=0 alwaysOn=0 worst=none maxBetaOverGamma=+0.34@tower_final_bn[31] minBetaOverGamma=-0.11@blocks.2.bn1[17] rvMaxOverMedian=5.7@stem.bn[32] rezero=none nonFinite=0
[REPLAY] step=12400 loss=3.6057 pLoss=2.7860 vLoss=0.8036 pEnt=2.872 pIllM=0.0161 playedP=0.156 pW=0.46 pD=0.06 pL=0.48 vAbs=0.223 pLogitMean=0.4946 vLogitMean=1.7497 gNorm=1.264 lr=0.01 ms=1489.7 buf=500000 plies=106050736 games=1605005 rejected=0 skipped=0 epoch=0 mom=0.9000 trainerStep=12400
[LAYER-HEALTH] live trainerStep=12400 scope=batch_norm_state_only reluSites=9/10 ch=1040 dead=0 off=0 alwaysOn=0 worst=none maxBetaOverGamma=+0.34@tower_final_bn[31] minBetaOverGamma=-0.11@blocks.2.bn1[17] rvMaxOverMedian=5.7@stem.bn[32] rezero=none nonFinite=0
[REPLAY] step=12450 loss=3.6225 pLoss=2.8041 vLoss=0.8000 pEnt=2.853 pIllM=0.0185 playedP=0.160 pW=0.47 pD=0.07 pL=0.47 vAbs=0.212 pLogitMean=0.4955 vLogitMean=1.7723 gNorm=1.157 lr=0.01 ms=1543.6 buf=500000 plies=106477396 games=1611495 rejected=0 skipped=0 epoch=0 mom=0.9000 trainerStep=12450
[LAYER-HEALTH] live trainerStep=12450 scope=batch_norm_state_only reluSites=9/10 ch=1040 dead=0 off=0 alwaysOn=0 worst=none maxBetaOverGamma=+0.34@tower_final_bn[31] minBetaOverGamma=-0.11@blocks.2.bn1[17] rvMaxOverMedian=5.8@stem.bn[32] rezero=none nonFinite=0
[REPLAY] step=12500 loss=3.6357 pLoss=2.8201 vLoss=0.8003 pEnt=2.866 pIllM=0.0153 playedP=0.156 pW=0.48 pD=0.06 pL=0.46 vAbs=0.223 pLogitMean=0.4946 vLogitMean=1.8040 gNorm=1.134 lr=0.01 ms=1570.5 buf=500000 plies=106904029 games=1617942 rejected=0 skipped=0 epoch=0 mom=0.9000 trainerStep=12500
[LAYER-HEALTH] live trainerStep=12500 scope=batch_norm_state_only reluSites=9/10 ch=1040 dead=0 off=0 alwaysOn=0 worst=none maxBetaOverGamma=+0.34@tower_final_bn[31] minBetaOverGamma=-0.12@blocks.2.bn1[17] rvMaxOverMedian=5.8@stem.bn[32] rezero=none nonFinite=0
[REPLAY] step=12550 loss=3.6623 pLoss=2.8238 vLoss=0.8228 pEnt=2.864 pIllM=0.0157 playedP=0.155 pW=0.47 pD=0.07 pL=0.46 vAbs=0.215 pLogitMean=0.4956 vLogitMean=1.7585 gNorm=1.069 lr=0.01 ms=1664.4 buf=500000 plies=107330712 games=1624390 rejected=0 skipped=0 epoch=0 mom=0.9000 trainerStep=12550
[LAYER-HEALTH] live trainerStep=12550 scope=batch_norm_state_only reluSites=9/10 ch=1040 dead=0 off=0 alwaysOn=0 worst=none maxBetaOverGamma=+0.34@tower_final_bn[31] minBetaOverGamma=-0.12@blocks.2.bn1[17] rvMaxOverMedian=5.8@stem.bn[32] rezero=none nonFinite=0
[REPLAY] step=12600 loss=3.6778 pLoss=2.8394 vLoss=0.8219 pEnt=2.890 pIllM=0.0165 playedP=0.153 pW=0.48 pD=0.06 pL=0.45 vAbs=0.220 pLogitMean=0.4949 vLogitMean=1.7586 gNorm=1.029 lr=0.01 ms=1452.4 buf=500000 plies=107757331 games=1630843 rejected=0 skipped=0 epoch=0 mom=0.9000 trainerStep=12600
[LAYER-HEALTH] live trainerStep=12600 scope=batch_norm_state_only reluSites=9/10 ch=1040 dead=0 off=0 alwaysOn=0 worst=none maxBetaOverGamma=+0.34@tower_final_bn[31] minBetaOverGamma=-0.12@blocks.2.bn1[17] rvMaxOverMedian=5.8@stem.bn[32] rezero=none nonFinite=0
[REPLAY] step=12650 loss=3.5921 pLoss=2.7722 vLoss=0.8034 pEnt=2.851 pIllM=0.0165 playedP=0.157 pW=0.45 pD=0.07 pL=0.48 vAbs=0.240 pLogitMean=0.4958 vLogitMean=1.7521 gNorm=1.197 lr=0.01 ms=1552.0 buf=500000 plies=108184014 games=1637243 rejected=0 skipped=0 epoch=0 mom=0.9000 trainerStep=12650
[LAYER-HEALTH] live trainerStep=12650 scope=batch_norm_state_only reluSites=9/10 ch=1040 dead=0 off=0 alwaysOn=0 worst=none maxBetaOverGamma=+0.34@tower_final_bn[31] minBetaOverGamma=-0.12@blocks.2.bn1[17] rvMaxOverMedian=5.8@stem.bn[32] rezero=none nonFinite=0
[REPLAY] step=12700 loss=3.7012 pLoss=2.8473 vLoss=0.8371 pEnt=2.856 pIllM=0.0169 playedP=0.155 pW=0.47 pD=0.07 pL=0.46 vAbs=0.200 pLogitMean=0.4963 vLogitMean=1.7269 gNorm=1.197 lr=0.01 ms=1434.3 buf=500000 plies=108610648 games=1643670 rejected=0 skipped=0 epoch=0 mom=0.9000 trainerStep=12700
[LAYER-HEALTH] live trainerStep=12700 scope=batch_norm_state_only reluSites=9/10 ch=1040 dead=0 off=0 alwaysOn=0 worst=none maxBetaOverGamma=+0.34@tower_final_bn[31] minBetaOverGamma=-0.12@blocks.2.bn1[17] rvMaxOverMedian=5.9@stem.bn[32] rezero=none nonFinite=0
[REPLAY] step=12750 loss=3.6915 pLoss=2.8567 vLoss=0.8190 pEnt=2.877 pIllM=0.0158 playedP=0.155 pW=0.47 pD=0.07 pL=0.47 vAbs=0.215 pLogitMean=0.4959 vLogitMean=1.7604 gNorm=1.096 lr=0.01 ms=1621.6 buf=500000 plies=109037288 games=1650138 rejected=0 skipped=0 epoch=0 mom=0.9000 trainerStep=12750
[LAYER-HEALTH] live trainerStep=12750 scope=batch_norm_state_only reluSites=9/10 ch=1040 dead=0 off=0 alwaysOn=0 worst=none maxBetaOverGamma=+0.34@tower_final_bn[31] minBetaOverGamma=-0.12@blocks.2.bn1[17] rvMaxOverMedian=6.0@stem.bn[32] rezero=none nonFinite=0
[REPLAY] step=12800 loss=3.6390 pLoss=2.7998 vLoss=0.8232 pEnt=2.876 pIllM=0.0161 playedP=0.157 pW=0.46 pD=0.06 pL=0.48 vAbs=0.219 pLogitMean=0.4965 vLogitMean=1.7845 gNorm=1.360 lr=0.01 ms=1674.8 buf=500000 plies=109463922 games=1656544 rejected=0 skipped=0 epoch=0 mom=0.9000 trainerStep=12800
[LAYER-HEALTH] live trainerStep=12800 scope=batch_norm_state_only reluSites=9/10 ch=1040 dead=0 off=0 alwaysOn=0 worst=none maxBetaOverGamma=+0.34@tower_final_bn[31] minBetaOverGamma=-0.12@blocks.2.bn1[17] rvMaxOverMedian=6.0@stem.bn[32] rezero=none nonFinite=0
[REPLAY] step=12850 loss=3.6324 pLoss=2.8065 vLoss=0.8101 pEnt=2.900 pIllM=0.0158 playedP=0.148 pW=0.46 pD=0.07 pL=0.47 vAbs=0.215 pLogitMean=0.4961 vLogitMean=1.7413 gNorm=1.125 lr=0.01 ms=1549.4 buf=500000 plies=109890618 games=1663032 rejected=0 skipped=0 epoch=0 mom=0.9000 trainerStep=12850
[LAYER-HEALTH] live trainerStep=12850 scope=batch_norm_state_only reluSites=9/10 ch=1040 dead=0 off=0 alwaysOn=0 worst=none maxBetaOverGamma=+0.34@tower_final_bn[31] minBetaOverGamma=-0.12@blocks.2.bn1[17] rvMaxOverMedian=6.0@stem.bn[32] rezero=none nonFinite=0
[REPLAY] step=12900 loss=3.6525 pLoss=2.8083 vLoss=0.8287 pEnt=2.887 pIllM=0.0155 playedP=0.153 pW=0.45 pD=0.07 pL=0.48 vAbs=0.222 pLogitMean=0.4965 vLogitMean=1.7752 gNorm=1.123 lr=0.01 ms=1637.8 buf=500000 plies=110317220 games=1669476 rejected=0 skipped=0 epoch=0 mom=0.9000 trainerStep=12900
[LAYER-HEALTH] live trainerStep=12900 scope=batch_norm_state_only reluSites=9/10 ch=1040 dead=0 off=0 alwaysOn=0 worst=none maxBetaOverGamma=+0.34@tower_final_bn[31] minBetaOverGamma=-0.12@blocks.2.bn1[17] rvMaxOverMedian=6.1@stem.bn[32] rezero=none nonFinite=0
[REPLAY] step=12950 loss=3.6966 pLoss=2.8539 vLoss=0.8260 pEnt=2.877 pIllM=0.0168 playedP=0.154 pW=0.48 pD=0.06 pL=0.45 vAbs=0.205 pLogitMean=0.4984 vLogitMean=1.7832 gNorm=1.217 lr=0.01 ms=1369.4 buf=500000 plies=110743962 games=1675872 rejected=0 skipped=0 epoch=0 mom=0.9000 trainerStep=12950
[LAYER-HEALTH] live trainerStep=12950 scope=batch_norm_state_only reluSites=9/10 ch=1040 dead=0 off=0 alwaysOn=0 worst=none maxBetaOverGamma=+0.34@tower_final_bn[31] minBetaOverGamma=-0.13@blocks.2.bn1[17] rvMaxOverMedian=6.0@stem.bn[32] rezero=none nonFinite=0
[REPLAY] step=13000 loss=3.6603 pLoss=2.8302 vLoss=0.8142 pEnt=2.854 pIllM=0.0159 playedP=0.157 pW=0.47 pD=0.07 pL=0.46 vAbs=0.214 pLogitMean=0.4988 vLogitMean=1.7590 gNorm=1.131 lr=0.01 ms=1530.2 buf=500000 plies=111170539 games=1682291 rejected=0 skipped=0 epoch=0 mom=0.9000 trainerStep=13000
[LAYER-HEALTH] live trainerStep=13000 scope=batch_norm_state_only reluSites=9/10 ch=1040 dead=0 off=0 alwaysOn=0 worst=none maxBetaOverGamma=+0.34@tower_final_bn[31] minBetaOverGamma=-0.13@blocks.2.bn1[17] rvMaxOverMedian=5.9@stem.bn[32] rezero=none nonFinite=0
[REPLAY] saved trainer model (autosave) step=13000 trainerStep=13000 nextGame=1682291 shard=3 epoch=0 -> 20261005-lrA-const01-replay-latest.safetensors
[LAYER-HEALTH] checkpoint replay-autosave step=13000 trainerStep=13000 scope=all_tensors reluSites=9/10 ch=1040 dead=0 off=0 alwaysOn=0 worst=none maxBetaOverGamma=+0.34@tower_final_bn[31] minBetaOverGamma=-0.13@blocks.2.bn1[17] rvMaxOverMedian=5.9@stem.bn[32] rezero=none nonFinite=0 seZeroVel=none valueFC1ZeroVel=0/128 maxAbs=3.283@blocks.0.bn2.running_var
[LAYER-HEALTH]   batch-norm sites — β/|γ|: dead < -3.00, mostly off < -2.00, always on > +3.00; classified for relu/leaky_relu only
[LAYER-HEALTH]     site            act            ch   dead    off     on  zeroγ nonfin  min β/|γ| [ch]     max β/|γ| [ch]     rv max/median [ch]
[LAYER-HEALTH]     stem.bn         -             128    n/a    n/a    n/a      0      0     -0.04 [85]         +0.03 [34]            5.9 [32]
[LAYER-HEALTH]     blocks.0.bn1    relu          128      0      0      0      0      0     -0.04 [80]         +0.14 [62]            1.6 [97]
[LAYER-HEALTH]     blocks.0.bn2    relu          128      0      0      0      0      0     -0.06 [32]         +0.05 [14]            2.3 [24]
[LAYER-HEALTH]     blocks.1.bn1    relu          128      0      0      0      0      0     -0.09 [53]         +0.12 [121]           2.9 [97]
[LAYER-HEALTH]     blocks.1.bn2    relu          128      0      0      0      0      0     -0.09 [69]         +0.06 [110]           1.4 [54]
[LAYER-HEALTH]     blocks.2.bn1    relu          128      0      0      0      0      0     -0.13 [17]         +0.11 [30]            2.3 [16]
[LAYER-HEALTH]     blocks.2.bn2    relu          128      0      0      0      0      0     -0.04 [92]         +0.14 [29]            1.4 [7]
[LAYER-HEALTH]     tower_final_bn  relu          128      0      0      0      0      0     -0.06 [37]         +0.34 [31]            4.7 [19]
[LAYER-HEALTH]     policy.pre_bn   relu          128      0      0      0      0      0     -0.03 [114]        +0.14 [7]             2.5 [32]
[LAYER-HEALTH]     value.bn        relu           16      0      0      0      0      0     -0.08 [10]         +0.02 [0]             1.6 [11]
[LAYER-HEALTH]   FC hidden-unit velocity — zero: every weight-velocity entry exactly 0; low: nonzero but < 5% of the layer's p90 unit norm
[LAYER-HEALTH]     value.fc1.weight  relu  units 128  zero 0  low 25  median unit norm 0.005952
[LAYER-HEALTH]     (no SE blocks)
[LAYER-HEALTH]   ReZero: none
[LAYER-HEALTH]   non-finite: 0 values in 0 of 102 tensors (10263038 values examined)
[LAYER-HEALTH]   largest |value|: blocks.0.bn2.running_var 3.283, blocks.2.bn1.running_mean 2.769, tower_final_bn.running_mean 2.387, blocks.1.bn1.running_mean 2.074, blocks.0.bn2.running_mean 2.048
[REPLAY] enumerated checkpoint -> 20261005-lrA-const01-replay-step13000.safetensors
[REPLAY] step=13050 loss=3.6371 pLoss=2.8108 vLoss=0.8098 pEnt=2.857 pIllM=0.0164 playedP=0.158 pW=0.46 pD=0.06 pL=0.47 vAbs=0.235 pLogitMean=0.4990 vLogitMean=1.7781 gNorm=1.337 lr=0.01 ms=1339.1 buf=500000 plies=111597216 games=1688630 rejected=0 skipped=0 epoch=0 mom=0.9000 trainerStep=13050
[LAYER-HEALTH] live trainerStep=13050 scope=batch_norm_state_only reluSites=9/10 ch=1040 dead=0 off=0 alwaysOn=0 worst=none maxBetaOverGamma=+0.34@tower_final_bn[31] minBetaOverGamma=-0.13@blocks.2.bn1[17] rvMaxOverMedian=6.0@stem.bn[32] rezero=none nonFinite=0
[REPLAY] step=13100 loss=3.6475 pLoss=2.8014 vLoss=0.8294 pEnt=2.864 pIllM=0.0167 playedP=0.160 pW=0.45 pD=0.07 pL=0.47 vAbs=0.208 pLogitMean=0.4994 vLogitMean=1.7659 gNorm=1.225 lr=0.01 ms=1622.7 buf=500000 plies=112023845 games=1695067 rejected=0 skipped=0 epoch=0 mom=0.9000 trainerStep=13100
[LAYER-HEALTH] live trainerStep=13100 scope=batch_norm_state_only reluSites=9/10 ch=1040 dead=0 off=0 alwaysOn=0 worst=none maxBetaOverGamma=+0.34@tower_final_bn[31] minBetaOverGamma=-0.13@blocks.2.bn1[17] rvMaxOverMedian=5.9@stem.bn[32] rezero=none nonFinite=0
[REPLAY] step=13150 loss=3.6741 pLoss=2.8433 vLoss=0.8169 pEnt=2.878 pIllM=0.0139 playedP=0.157 pW=0.46 pD=0.06 pL=0.48 vAbs=0.215 pLogitMean=0.4978 vLogitMean=1.8095 gNorm=1.112 lr=0.01 ms=1459.7 buf=500000 plies=112450470 games=1701471 rejected=0 skipped=0 epoch=0 mom=0.9000 trainerStep=13150
[LAYER-HEALTH] live trainerStep=13150 scope=batch_norm_state_only reluSites=9/10 ch=1040 dead=0 off=0 alwaysOn=0 worst=none maxBetaOverGamma=+0.34@tower_final_bn[31] minBetaOverGamma=-0.13@blocks.2.bn1[17] rvMaxOverMedian=5.8@stem.bn[32] rezero=none nonFinite=0
[REPLAY] step=13200 loss=3.6654 pLoss=2.8377 vLoss=0.8118 pEnt=2.857 pIllM=0.0159 playedP=0.157 pW=0.48 pD=0.07 pL=0.45 vAbs=0.224 pLogitMean=0.4984 vLogitMean=1.7966 gNorm=1.126 lr=0.01 ms=1590.2 buf=500000 plies=112877126 games=1707881 rejected=0 skipped=0 epoch=0 mom=0.9000 trainerStep=13200
[LAYER-HEALTH] live trainerStep=13200 scope=batch_norm_state_only reluSites=9/10 ch=1040 dead=0 off=0 alwaysOn=0 worst=none maxBetaOverGamma=+0.34@tower_final_bn[31] minBetaOverGamma=-0.13@blocks.2.bn1[17] rvMaxOverMedian=5.8@stem.bn[32] rezero=none nonFinite=0
[REPLAY] step=13250 loss=3.6400 pLoss=2.8018 vLoss=0.8228 pEnt=2.881 pIllM=0.0154 playedP=0.153 pW=0.45 pD=0.07 pL=0.48 vAbs=0.226 pLogitMean=0.4980 vLogitMean=1.7847 gNorm=1.219 lr=0.01 ms=1641.4 buf=500000 plies=113303849 games=1714229 rejected=0 skipped=0 epoch=0 mom=0.9000 trainerStep=13250
[LAYER-HEALTH] live trainerStep=13250 scope=batch_norm_state_only reluSites=9/10 ch=1040 dead=0 off=0 alwaysOn=0 worst=none maxBetaOverGamma=+0.34@tower_final_bn[31] minBetaOverGamma=-0.13@blocks.2.bn1[17] rvMaxOverMedian=5.8@stem.bn[32] rezero=none nonFinite=0
[REPLAY] step=13300 loss=3.6489 pLoss=2.8094 vLoss=0.8243 pEnt=2.869 pIllM=0.0151 playedP=0.161 pW=0.47 pD=0.07 pL=0.46 vAbs=0.215 pLogitMean=0.4985 vLogitMean=1.8091 gNorm=1.152 lr=0.01 ms=1597.5 buf=500000 plies=113730454 games=1720682 rejected=0 skipped=0 epoch=0 mom=0.9000 trainerStep=13300
[LAYER-HEALTH] live trainerStep=13300 scope=batch_norm_state_only reluSites=9/10 ch=1040 dead=0 off=0 alwaysOn=0 worst=none maxBetaOverGamma=+0.34@tower_final_bn[31] minBetaOverGamma=-0.13@blocks.2.bn1[17] rvMaxOverMedian=5.7@stem.bn[32] rezero=none nonFinite=0
[REPLAY] step=13350 loss=3.6762 pLoss=2.8511 vLoss=0.8100 pEnt=2.867 pIllM=0.0150 playedP=0.156 pW=0.47 pD=0.07 pL=0.46 vAbs=0.215 pLogitMean=0.4992 vLogitMean=1.7974 gNorm=1.119 lr=0.01 ms=1671.8 buf=500000 plies=114157069 games=1727118 rejected=0 skipped=0 epoch=0 mom=0.9000 trainerStep=13350
[LAYER-HEALTH] live trainerStep=13350 scope=batch_norm_state_only reluSites=9/10 ch=1040 dead=0 off=0 alwaysOn=0 worst=none maxBetaOverGamma=+0.34@tower_final_bn[31] minBetaOverGamma=-0.14@blocks.2.bn1[17] rvMaxOverMedian=5.7@stem.bn[32] rezero=none nonFinite=0
[REPLAY] step=13400 loss=3.6675 pLoss=2.8407 vLoss=0.8125 pEnt=2.893 pIllM=0.0143 playedP=0.151 pW=0.47 pD=0.07 pL=0.46 vAbs=0.219 pLogitMean=0.4997 vLogitMean=1.7916 gNorm=1.129 lr=0.01 ms=1604.6 buf=500000 plies=114583740 games=1733538 rejected=0 skipped=0 epoch=0 mom=0.9000 trainerStep=13400
[LAYER-HEALTH] live trainerStep=13400 scope=batch_norm_state_only reluSites=9/10 ch=1040 dead=0 off=0 alwaysOn=0 worst=none maxBetaOverGamma=+0.34@tower_final_bn[31] minBetaOverGamma=-0.14@blocks.2.bn1[17] rvMaxOverMedian=5.7@stem.bn[32] rezero=none nonFinite=0
[REPLAY] step=13450 loss=3.6268 pLoss=2.7762 vLoss=0.8339 pEnt=2.879 pIllM=0.0168 playedP=0.155 pW=0.44 pD=0.07 pL=0.49 vAbs=0.237 pLogitMean=0.5003 vLogitMean=1.7673 gNorm=1.297 lr=0.01 ms=1456.8 buf=500000 plies=115010420 games=1739943 rejected=0 skipped=0 epoch=0 mom=0.9000 trainerStep=13450
[LAYER-HEALTH] live trainerStep=13450 scope=batch_norm_state_only reluSites=9/10 ch=1040 dead=0 off=0 alwaysOn=0 worst=none maxBetaOverGamma=+0.34@tower_final_bn[31] minBetaOverGamma=-0.14@blocks.2.bn1[17] rvMaxOverMedian=5.7@stem.bn[32] rezero=none nonFinite=0
[REPLAY] step=13500 loss=3.6387 pLoss=2.8089 vLoss=0.8141 pEnt=2.846 pIllM=0.0157 playedP=0.158 pW=0.47 pD=0.07 pL=0.46 vAbs=0.222 pLogitMean=0.5007 vLogitMean=1.7584 gNorm=1.306 lr=0.01 ms=1538.1 buf=500000 plies=115437054 games=1746327 rejected=0 skipped=0 epoch=0 mom=0.9000 trainerStep=13500
[LAYER-HEALTH] live trainerStep=13500 scope=batch_norm_state_only reluSites=9/10 ch=1040 dead=0 off=0 alwaysOn=0 worst=none maxBetaOverGamma=+0.34@tower_final_bn[31] minBetaOverGamma=-0.14@blocks.2.bn1[17] rvMaxOverMedian=5.7@stem.bn[32] rezero=none nonFinite=0
[REPLAY] step=13550 loss=3.6319 pLoss=2.8077 vLoss=0.8089 pEnt=2.865 pIllM=0.0154 playedP=0.159 pW=0.48 pD=0.06 pL=0.46 vAbs=0.223 pLogitMean=0.5016 vLogitMean=1.7743 gNorm=1.220 lr=0.01 ms=1559.7 buf=500000 plies=115863683 games=1752747 rejected=0 skipped=0 epoch=0 mom=0.9000 trainerStep=13550
[LAYER-HEALTH] live trainerStep=13550 scope=batch_norm_state_only reluSites=9/10 ch=1040 dead=0 off=0 alwaysOn=0 worst=none maxBetaOverGamma=+0.34@tower_final_bn[31] minBetaOverGamma=-0.14@blocks.2.bn1[17] rvMaxOverMedian=5.8@stem.bn[32] rezero=none nonFinite=0
[REPLAY] step=13600 loss=3.6451 pLoss=2.8157 vLoss=0.8141 pEnt=2.873 pIllM=0.0152 playedP=0.155 pW=0.48 pD=0.06 pL=0.46 vAbs=0.215 pLogitMean=0.5010 vLogitMean=1.7777 gNorm=1.101 lr=0.01 ms=1590.9 buf=500000 plies=116290329 games=1759226 rejected=0 skipped=0 epoch=0 mom=0.9000 trainerStep=13600
[LAYER-HEALTH] live trainerStep=13600 scope=batch_norm_state_only reluSites=9/10 ch=1040 dead=0 off=0 alwaysOn=0 worst=none maxBetaOverGamma=+0.34@tower_final_bn[31] minBetaOverGamma=-0.14@blocks.2.bn1[17] rvMaxOverMedian=5.6@stem.bn[32] rezero=none nonFinite=0
[REPLAY] step=13650 loss=3.6668 pLoss=2.8459 vLoss=0.8063 pEnt=2.875 pIllM=0.0146 playedP=0.155 pW=0.47 pD=0.06 pL=0.47 vAbs=0.215 pLogitMean=0.5029 vLogitMean=1.8431 gNorm=1.149 lr=0.01 ms=1570.1 buf=500000 plies=116717004 games=1765661 rejected=0 skipped=0 epoch=0 mom=0.9000 trainerStep=13650
[LAYER-HEALTH] live trainerStep=13650 scope=batch_norm_state_only reluSites=9/10 ch=1040 dead=0 off=0 alwaysOn=0 worst=none maxBetaOverGamma=+0.34@tower_final_bn[31] minBetaOverGamma=-0.14@blocks.2.bn1[17] rvMaxOverMedian=5.5@stem.bn[32] rezero=none nonFinite=0
[REPLAY] step=13700 loss=3.6708 pLoss=2.8502 vLoss=0.8062 pEnt=2.877 pIllM=0.0143 playedP=0.155 pW=0.48 pD=0.06 pL=0.46 vAbs=0.216 pLogitMean=0.5032 vLogitMean=1.7375 gNorm=1.124 lr=0.01 ms=1435.4 buf=500000 plies=117143685 games=1772137 rejected=0 skipped=0 epoch=0 mom=0.9000 trainerStep=13700
[LAYER-HEALTH] live trainerStep=13700 scope=batch_norm_state_only reluSites=9/10 ch=1040 dead=0 off=0 alwaysOn=0 worst=none maxBetaOverGamma=+0.34@tower_final_bn[31] minBetaOverGamma=-0.14@blocks.2.bn1[17] rvMaxOverMedian=5.6@stem.bn[32] rezero=none nonFinite=0
[REPLAY] step=13750 loss=3.6414 pLoss=2.8049 vLoss=0.8222 pEnt=2.855 pIllM=0.0143 playedP=0.156 pW=0.47 pD=0.07 pL=0.46 vAbs=0.208 pLogitMean=0.5027 vLogitMean=1.7422 gNorm=1.225 lr=0.01 ms=1507.0 buf=500000 plies=117570293 games=1778561 rejected=0 skipped=0 epoch=0 mom=0.9000 trainerStep=13750
[LAYER-HEALTH] live trainerStep=13750 scope=batch_norm_state_only reluSites=9/10 ch=1040 dead=0 off=0 alwaysOn=0 worst=none maxBetaOverGamma=+0.34@tower_final_bn[31] minBetaOverGamma=-0.14@blocks.2.bn1[17] rvMaxOverMedian=5.6@stem.bn[32] rezero=none nonFinite=0
[REPLAY] step=13800 loss=3.6099 pLoss=2.7792 vLoss=0.8157 pEnt=2.860 pIllM=0.0150 playedP=0.157 pW=0.47 pD=0.07 pL=0.46 vAbs=0.221 pLogitMean=0.5022 vLogitMean=1.7763 gNorm=1.141 lr=0.01 ms=1569.9 buf=500000 plies=117996986 games=1784993 rejected=0 skipped=0 epoch=0 mom=0.9000 trainerStep=13800
[LAYER-HEALTH] live trainerStep=13800 scope=batch_norm_state_only reluSites=9/10 ch=1040 dead=0 off=0 alwaysOn=0 worst=none maxBetaOverGamma=+0.34@tower_final_bn[31] minBetaOverGamma=-0.15@blocks.2.bn1[17] rvMaxOverMedian=5.7@stem.bn[32] rezero=none nonFinite=0
[REPLAY] step=13850 loss=3.6571 pLoss=2.8173 vLoss=0.8259 pEnt=2.871 pIllM=0.0139 playedP=0.154 pW=0.45 pD=0.07 pL=0.47 vAbs=0.205 pLogitMean=0.5040 vLogitMean=1.7295 gNorm=1.139 lr=0.01 ms=1435.4 buf=500000 plies=118423578 games=1791435 rejected=0 skipped=0 epoch=0 mom=0.9000 trainerStep=13850
[LAYER-HEALTH] live trainerStep=13850 scope=batch_norm_state_only reluSites=9/10 ch=1040 dead=0 off=0 alwaysOn=0 worst=none maxBetaOverGamma=+0.34@tower_final_bn[31] minBetaOverGamma=-0.15@blocks.2.bn1[17] rvMaxOverMedian=5.7@stem.bn[32] rezero=none nonFinite=0
[REPLAY] step=13900 loss=3.6004 pLoss=2.7755 vLoss=0.8097 pEnt=2.862 pIllM=0.0153 playedP=0.157 pW=0.47 pD=0.07 pL=0.46 vAbs=0.240 pLogitMean=0.5031 vLogitMean=1.7620 gNorm=1.139 lr=0.01 ms=1461.9 buf=500000 plies=118850240 games=1797821 rejected=0 skipped=0 epoch=0 mom=0.9000 trainerStep=13900
[LAYER-HEALTH] live trainerStep=13900 scope=batch_norm_state_only reluSites=9/10 ch=1040 dead=0 off=0 alwaysOn=0 worst=none maxBetaOverGamma=+0.35@tower_final_bn[31] minBetaOverGamma=-0.15@blocks.2.bn1[17] rvMaxOverMedian=5.8@stem.bn[32] rezero=none nonFinite=0
[REPLAY] step=13950 loss=3.6528 pLoss=2.8143 vLoss=0.8225 pEnt=2.870 pIllM=0.0160 playedP=0.156 pW=0.48 pD=0.06 pL=0.46 vAbs=0.218 pLogitMean=0.5039 vLogitMean=1.7436 gNorm=1.177 lr=0.01 ms=1461.8 buf=500000 plies=119276936 games=1804322 rejected=0 skipped=0 epoch=0 mom=0.9000 trainerStep=13950
[LAYER-HEALTH] live trainerStep=13950 scope=batch_norm_state_only reluSites=9/10 ch=1040 dead=0 off=0 alwaysOn=0 worst=none maxBetaOverGamma=+0.35@tower_final_bn[31] minBetaOverGamma=-0.15@blocks.2.bn1[17] rvMaxOverMedian=5.7@stem.bn[32] rezero=none nonFinite=0
[REPLAY] step=14000 loss=3.6514 pLoss=2.8172 vLoss=0.8203 pEnt=2.871 pIllM=0.0139 playedP=0.158 pW=0.47 pD=0.08 pL=0.45 vAbs=0.217 pLogitMean=0.5050 vLogitMean=1.7187 gNorm=1.050 lr=0.01 ms=1493.3 buf=500000 plies=119703537 games=1810785 rejected=0 skipped=0 epoch=0 mom=0.9000 trainerStep=14000
[LAYER-HEALTH] live trainerStep=14000 scope=batch_norm_state_only reluSites=9/10 ch=1040 dead=0 off=0 alwaysOn=0 worst=none maxBetaOverGamma=+0.35@tower_final_bn[31] minBetaOverGamma=-0.15@blocks.2.bn1[17] rvMaxOverMedian=5.7@stem.bn[32] rezero=none nonFinite=0
[REPLAY] saved trainer model (autosave) step=14000 trainerStep=14000 nextGame=1810785 shard=3 epoch=0 -> 20261005-lrA-const01-replay-latest.safetensors
[LAYER-HEALTH] checkpoint replay-autosave step=14000 trainerStep=14000 scope=all_tensors reluSites=9/10 ch=1040 dead=0 off=0 alwaysOn=0 worst=none maxBetaOverGamma=+0.35@tower_final_bn[31] minBetaOverGamma=-0.15@blocks.2.bn1[17] rvMaxOverMedian=5.7@stem.bn[32] rezero=none nonFinite=0 seZeroVel=none valueFC1ZeroVel=0/128 maxAbs=3.339@blocks.0.bn2.running_var
[LAYER-HEALTH]   batch-norm sites — β/|γ|: dead < -3.00, mostly off < -2.00, always on > +3.00; classified for relu/leaky_relu only
[LAYER-HEALTH]     site            act            ch   dead    off     on  zeroγ nonfin  min β/|γ| [ch]     max β/|γ| [ch]     rv max/median [ch]
[LAYER-HEALTH]     stem.bn         -             128    n/a    n/a    n/a      0      0     -0.04 [85]         +0.03 [34]            5.7 [32]
[LAYER-HEALTH]     blocks.0.bn1    relu          128      0      0      0      0      0     -0.05 [80]         +0.15 [62]            1.7 [97]
[LAYER-HEALTH]     blocks.0.bn2    relu          128      0      0      0      0      0     -0.08 [32]         +0.05 [86]            2.3 [24]
[LAYER-HEALTH]     blocks.1.bn1    relu          128      0      0      0      0      0     -0.11 [17]         +0.12 [121]           3.0 [97]
[LAYER-HEALTH]     blocks.1.bn2    relu          128      0      0      0      0      0     -0.11 [69]         +0.06 [110]           1.4 [55]
[LAYER-HEALTH]     blocks.2.bn1    relu          128      0      0      0      0      0     -0.15 [17]         +0.12 [30]            2.2 [16]
[LAYER-HEALTH]     blocks.2.bn2    relu          128      0      0      0      0      0     -0.06 [92]         +0.14 [29]            1.5 [7]
[LAYER-HEALTH]     tower_final_bn  relu          128      0      0      0      0      0     -0.06 [37]         +0.35 [31]            4.7 [19]
[LAYER-HEALTH]     policy.pre_bn   relu          128      0      0      0      0      0     -0.03 [114]        +0.14 [7]             2.6 [32]
[LAYER-HEALTH]     value.bn        relu           16      0      0      0      0      0     -0.08 [10]         +0.02 [0]             1.6 [11]
[LAYER-HEALTH]   FC hidden-unit velocity — zero: every weight-velocity entry exactly 0; low: nonzero but < 5% of the layer's p90 unit norm
[LAYER-HEALTH]     value.fc1.weight  relu  units 128  zero 0  low 36  median unit norm 0.006224
[LAYER-HEALTH]     (no SE blocks)
[LAYER-HEALTH]   ReZero: none
[LAYER-HEALTH]   non-finite: 0 values in 0 of 102 tensors (10263038 values examined)
[LAYER-HEALTH]   largest |value|: blocks.0.bn2.running_var 3.339, blocks.2.bn1.running_mean 2.908, tower_final_bn.running_mean 2.406, blocks.0.bn2.running_mean 2.114, blocks.1.bn1.running_mean 2.108
[REPLAY] enumerated checkpoint -> 20261005-lrA-const01-replay-step14000.safetensors
[REPLAY] step=14050 loss=3.6184 pLoss=2.7768 vLoss=0.8259 pEnt=2.845 pIllM=0.0157 playedP=0.160 pW=0.47 pD=0.08 pL=0.45 vAbs=0.229 pLogitMean=0.5029 vLogitMean=1.7342 gNorm=1.100 lr=0.01 ms=1585.5 buf=500000 plies=120130195 games=1817145 rejected=0 skipped=0 epoch=0 mom=0.9000 trainerStep=14050
[LAYER-HEALTH] live trainerStep=14050 scope=batch_norm_state_only reluSites=9/10 ch=1040 dead=0 off=0 alwaysOn=0 worst=none maxBetaOverGamma=+0.35@tower_final_bn[31] minBetaOverGamma=-0.15@blocks.2.bn1[17] rvMaxOverMedian=5.7@stem.bn[32] rezero=none nonFinite=0
[REPLAY] step=14100 loss=3.6661 pLoss=2.8352 vLoss=0.8166 pEnt=2.872 pIllM=0.0143 playedP=0.155 pW=0.47 pD=0.07 pL=0.45 vAbs=0.227 pLogitMean=0.5045 vLogitMean=1.6942 gNorm=1.225 lr=0.01 ms=1525.7 buf=500000 plies=120556866 games=1823555 rejected=0 skipped=0 epoch=0 mom=0.9000 trainerStep=14100
[LAYER-HEALTH] live trainerStep=14100 scope=batch_norm_state_only reluSites=9/10 ch=1040 dead=0 off=0 alwaysOn=0 worst=none maxBetaOverGamma=+0.35@tower_final_bn[31] minBetaOverGamma=-0.15@blocks.2.bn1[17] rvMaxOverMedian=5.8@stem.bn[32] rezero=none nonFinite=0
[REPLAY] step=14150 loss=3.6188 pLoss=2.7879 vLoss=0.8173 pEnt=2.876 pIllM=0.0136 playedP=0.161 pW=0.46 pD=0.07 pL=0.47 vAbs=0.223 pLogitMean=0.5037 vLogitMean=1.7661 gNorm=1.076 lr=0.01 ms=1429.9 buf=500000 plies=120983526 games=1829985 rejected=0 skipped=0 epoch=0 mom=0.9000 trainerStep=14150
[LAYER-HEALTH] live trainerStep=14150 scope=batch_norm_state_only reluSites=9/10 ch=1040 dead=0 off=0 alwaysOn=0 worst=none maxBetaOverGamma=+0.35@tower_final_bn[31] minBetaOverGamma=-0.15@blocks.2.bn1[17] rvMaxOverMedian=5.8@stem.bn[32] rezero=none nonFinite=0
[REPLAY] step=14200 loss=3.5828 pLoss=2.7733 vLoss=0.7954 pEnt=2.875 pIllM=0.0140 playedP=0.155 pW=0.45 pD=0.06 pL=0.49 vAbs=0.240 pLogitMean=0.5040 vLogitMean=1.7726 gNorm=1.226 lr=0.01 ms=1621.4 buf=500000 plies=121410212 games=1836444 rejected=0 skipped=0 epoch=0 mom=0.9000 trainerStep=14200
[LAYER-HEALTH] live trainerStep=14200 scope=batch_norm_state_only reluSites=9/10 ch=1040 dead=0 off=0 alwaysOn=0 worst=none maxBetaOverGamma=+0.35@tower_final_bn[31] minBetaOverGamma=-0.15@blocks.2.bn1[17] rvMaxOverMedian=5.8@stem.bn[32] rezero=none nonFinite=0
[REPLAY] step=14250 loss=3.6265 pLoss=2.8041 vLoss=0.8094 pEnt=2.889 pIllM=0.0130 playedP=0.150 pW=0.47 pD=0.07 pL=0.47 vAbs=0.227 pLogitMean=0.5044 vLogitMean=1.7572 gNorm=1.042 lr=0.01 ms=1583.3 buf=500000 plies=121836804 games=1842943 rejected=0 skipped=0 epoch=0 mom=0.9000 trainerStep=14250
[LAYER-HEALTH] live trainerStep=14250 scope=batch_norm_state_only reluSites=9/10 ch=1040 dead=0 off=0 alwaysOn=0 worst=none maxBetaOverGamma=+0.35@tower_final_bn[31] minBetaOverGamma=-0.16@blocks.2.bn1[17] rvMaxOverMedian=5.8@stem.bn[32] rezero=none nonFinite=0
[REPLAY] step=14300 loss=3.6512 pLoss=2.8120 vLoss=0.8251 pEnt=2.890 pIllM=0.0141 playedP=0.154 pW=0.46 pD=0.07 pL=0.47 vAbs=0.234 pLogitMean=0.5051 vLogitMean=1.7228 gNorm=1.117 lr=0.01 ms=1463.3 buf=500000 plies=122263420 games=1849371 rejected=0 skipped=0 epoch=0 mom=0.9000 trainerStep=14300
[LAYER-HEALTH] live trainerStep=14300 scope=batch_norm_state_only reluSites=9/10 ch=1040 dead=0 off=0 alwaysOn=0 worst=none maxBetaOverGamma=+0.35@tower_final_bn[31] minBetaOverGamma=-0.16@blocks.2.bn1[17] rvMaxOverMedian=5.8@stem.bn[32] rezero=none nonFinite=0
[REPLAY] step=14350 loss=3.6173 pLoss=2.7920 vLoss=0.8113 pEnt=2.848 pIllM=0.0140 playedP=0.161 pW=0.47 pD=0.06 pL=0.47 vAbs=0.229 pLogitMean=0.5063 vLogitMean=1.7300 gNorm=1.182 lr=0.01 ms=1560.0 buf=500000 plies=122690105 games=1855830 rejected=0 skipped=0 epoch=0 mom=0.9000 trainerStep=14350
[LAYER-HEALTH] live trainerStep=14350 scope=batch_norm_state_only reluSites=9/10 ch=1040 dead=0 off=0 alwaysOn=0 worst=none maxBetaOverGamma=+0.35@tower_final_bn[31] minBetaOverGamma=-0.16@blocks.2.bn1[17] rvMaxOverMedian=5.8@stem.bn[32] rezero=none nonFinite=0
[REPLAY] step=14400 loss=3.6392 pLoss=2.8093 vLoss=0.8160 pEnt=2.890 pIllM=0.0139 playedP=0.157 pW=0.47 pD=0.07 pL=0.46 vAbs=0.213 pLogitMean=0.5058 vLogitMean=1.6942 gNorm=1.008 lr=0.01 ms=1446.9 buf=500000 plies=123116731 games=1862265 rejected=0 skipped=0 epoch=0 mom=0.9000 trainerStep=14400
[LAYER-HEALTH] live trainerStep=14400 scope=batch_norm_state_only reluSites=9/10 ch=1040 dead=0 off=0 alwaysOn=0 worst=none maxBetaOverGamma=+0.35@tower_final_bn[31] minBetaOverGamma=-0.16@blocks.2.bn1[17] rvMaxOverMedian=5.8@stem.bn[32] rezero=none nonFinite=0
[REPLAY] step=14450 loss=3.6213 pLoss=2.7959 vLoss=0.8114 pEnt=2.875 pIllM=0.0140 playedP=0.161 pW=0.46 pD=0.07 pL=0.47 vAbs=0.219 pLogitMean=0.5059 vLogitMean=1.7235 gNorm=1.160 lr=0.01 ms=1548.3 buf=500000 plies=123543369 games=1868691 rejected=0 skipped=0 epoch=0 mom=0.9000 trainerStep=14450
[LAYER-HEALTH] live trainerStep=14450 scope=batch_norm_state_only reluSites=9/10 ch=1040 dead=0 off=0 alwaysOn=0 worst=none maxBetaOverGamma=+0.35@tower_final_bn[31] minBetaOverGamma=-0.16@blocks.2.bn1[17] rvMaxOverMedian=5.9@stem.bn[32] rezero=none nonFinite=0
[REPLAY] step=14500 loss=3.6259 pLoss=2.8118 vLoss=0.8005 pEnt=2.884 pIllM=0.0136 playedP=0.155 pW=0.47 pD=0.06 pL=0.47 vAbs=0.229 pLogitMean=0.5065 vLogitMean=1.7479 gNorm=1.098 lr=0.01 ms=1630.1 buf=500000 plies=123970090 games=1875096 rejected=0 skipped=0 epoch=0 mom=0.9000 trainerStep=14500
[LAYER-HEALTH] live trainerStep=14500 scope=batch_norm_state_only reluSites=9/10 ch=1040 dead=0 off=0 alwaysOn=0 worst=none maxBetaOverGamma=+0.35@tower_final_bn[31] minBetaOverGamma=-0.16@blocks.2.bn1[17] rvMaxOverMedian=5.9@stem.bn[32] rezero=none nonFinite=0
[REPLAY] step=14550 loss=3.6611 pLoss=2.8182 vLoss=0.8288 pEnt=2.874 pIllM=0.0141 playedP=0.158 pW=0.47 pD=0.07 pL=0.46 vAbs=0.223 pLogitMean=0.5075 vLogitMean=1.7317 gNorm=1.008 lr=0.01 ms=1599.3 buf=500000 plies=124396681 games=1881572 rejected=0 skipped=0 epoch=0 mom=0.9000 trainerStep=14550
[LAYER-HEALTH] live trainerStep=14550 scope=batch_norm_state_only reluSites=9/10 ch=1040 dead=0 off=0 alwaysOn=0 worst=none maxBetaOverGamma=+0.35@tower_final_bn[31] minBetaOverGamma=-0.16@blocks.2.bn1[17] rvMaxOverMedian=5.8@stem.bn[32] rezero=none nonFinite=0
[REPLAY] step=14600 loss=3.6429 pLoss=2.8057 vLoss=0.8214 pEnt=2.860 pIllM=0.0158 playedP=0.159 pW=0.48 pD=0.06 pL=0.45 vAbs=0.227 pLogitMean=0.5072 vLogitMean=1.8086 gNorm=1.249 lr=0.01 ms=1435.2 buf=500000 plies=124823339 games=1887949 rejected=0 skipped=0 epoch=0 mom=0.9000 trainerStep=14600
[LAYER-HEALTH] live trainerStep=14600 scope=batch_norm_state_only reluSites=9/10 ch=1040 dead=0 off=0 alwaysOn=0 worst=none maxBetaOverGamma=+0.35@tower_final_bn[31] minBetaOverGamma=-0.16@blocks.2.bn1[17] rvMaxOverMedian=5.9@stem.bn[32] rezero=none nonFinite=0
[REPLAY] step=14650 loss=3.6742 pLoss=2.8389 vLoss=0.8225 pEnt=2.907 pIllM=0.0127 playedP=0.151 pW=0.47 pD=0.07 pL=0.46 vAbs=0.216 pLogitMean=0.5082 vLogitMean=1.7444 gNorm=1.227 lr=0.01 ms=1578.1 buf=500000 plies=125250024 games=1894402 rejected=0 skipped=0 epoch=0 mom=0.9000 trainerStep=14650
[LAYER-HEALTH] live trainerStep=14650 scope=batch_norm_state_only reluSites=9/10 ch=1040 dead=0 off=0 alwaysOn=0 worst=none maxBetaOverGamma=+0.35@tower_final_bn[31] minBetaOverGamma=-0.16@blocks.2.bn1[17] rvMaxOverMedian=5.9@stem.bn[32] rezero=none nonFinite=0
[REPLAY] step=14700 loss=3.6154 pLoss=2.7949 vLoss=0.8054 pEnt=2.869 pIllM=0.0150 playedP=0.160 pW=0.46 pD=0.07 pL=0.47 vAbs=0.224 pLogitMean=0.5081 vLogitMean=1.6898 gNorm=1.209 lr=0.01 ms=1600.9 buf=500000 plies=125676673 games=1900825 rejected=0 skipped=0 epoch=0 mom=0.9000 trainerStep=14700
[LAYER-HEALTH] live trainerStep=14700 scope=batch_norm_state_only reluSites=9/10 ch=1040 dead=0 off=0 alwaysOn=0 worst=none maxBetaOverGamma=+0.35@tower_final_bn[31] minBetaOverGamma=-0.16@blocks.2.bn1[17] rvMaxOverMedian=5.8@stem.bn[32] rezero=none nonFinite=0
[REPLAY] step=14750 loss=3.6200 pLoss=2.7994 vLoss=0.8064 pEnt=2.847 pIllM=0.0142 playedP=0.160 pW=0.47 pD=0.06 pL=0.47 vAbs=0.227 pLogitMean=0.5087 vLogitMean=1.7113 gNorm=1.420 lr=0.01 ms=1482.4 buf=500000 plies=126103295 games=1907277 rejected=0 skipped=0 epoch=0 mom=0.9000 trainerStep=14750
[LAYER-HEALTH] live trainerStep=14750 scope=batch_norm_state_only reluSites=9/10 ch=1040 dead=0 off=0 alwaysOn=0 worst=none maxBetaOverGamma=+0.35@tower_final_bn[31] minBetaOverGamma=-0.17@blocks.2.bn1[17] rvMaxOverMedian=5.7@stem.bn[32] rezero=none nonFinite=0
[REPLAY] step=14800 loss=3.6398 pLoss=2.7983 vLoss=0.8282 pEnt=2.903 pIllM=0.0133 playedP=0.149 pW=0.46 pD=0.07 pL=0.47 vAbs=0.221 pLogitMean=0.5074 vLogitMean=1.6888 gNorm=1.204 lr=0.01 ms=1584.4 buf=500000 plies=126529956 games=1913704 rejected=0 skipped=0 epoch=0 mom=0.9000 trainerStep=14800
[LAYER-HEALTH] live trainerStep=14800 scope=batch_norm_state_only reluSites=9/10 ch=1040 dead=0 off=0 alwaysOn=0 worst=none maxBetaOverGamma=+0.35@tower_final_bn[31] minBetaOverGamma=-0.17@blocks.2.bn1[17] rvMaxOverMedian=5.8@stem.bn[32] rezero=none nonFinite=0
[REPLAY] step=14850 loss=3.6393 pLoss=2.8183 vLoss=0.8072 pEnt=2.855 pIllM=0.0139 playedP=0.158 pW=0.49 pD=0.06 pL=0.44 vAbs=0.232 pLogitMean=0.5086 vLogitMean=1.6830 gNorm=1.105 lr=0.01 ms=1657.0 buf=500000 plies=126956673 games=1920158 rejected=0 skipped=0 epoch=0 mom=0.9000 trainerStep=14850
[LAYER-HEALTH] live trainerStep=14850 scope=batch_norm_state_only reluSites=9/10 ch=1040 dead=0 off=0 alwaysOn=0 worst=none maxBetaOverGamma=+0.35@tower_final_bn[31] minBetaOverGamma=-0.17@blocks.2.bn1[17] rvMaxOverMedian=5.7@stem.bn[32] rezero=none nonFinite=0
[REPLAY] step=14900 loss=3.6170 pLoss=2.7890 vLoss=0.8137 pEnt=2.864 pIllM=0.0143 playedP=0.158 pW=0.46 pD=0.07 pL=0.47 vAbs=0.219 pLogitMean=0.5085 vLogitMean=1.6823 gNorm=1.127 lr=0.01 ms=1490.0 buf=500000 plies=127383221 games=1926621 rejected=0 skipped=0 epoch=0 mom=0.9000 trainerStep=14900
[LAYER-HEALTH] live trainerStep=14900 scope=batch_norm_state_only reluSites=9/10 ch=1040 dead=0 off=0 alwaysOn=0 worst=none maxBetaOverGamma=+0.35@tower_final_bn[31] minBetaOverGamma=-0.17@blocks.2.bn1[17] rvMaxOverMedian=5.7@stem.bn[32] rezero=none nonFinite=0
[REPLAY] step=14950 loss=3.6458 pLoss=2.8033 vLoss=0.8285 pEnt=2.853 pIllM=0.0140 playedP=0.164 pW=0.47 pD=0.08 pL=0.45 vAbs=0.212 pLogitMean=0.5093 vLogitMean=1.6583 gNorm=1.268 lr=0.01 ms=1639.2 buf=500000 plies=127809923 games=1933072 rejected=0 skipped=0 epoch=0 mom=0.9000 trainerStep=14950
[LAYER-HEALTH] live trainerStep=14950 scope=batch_norm_state_only reluSites=9/10 ch=1040 dead=0 off=0 alwaysOn=0 worst=none maxBetaOverGamma=+0.35@tower_final_bn[31] minBetaOverGamma=-0.17@blocks.2.bn1[17] rvMaxOverMedian=5.6@stem.bn[32] rezero=none nonFinite=0
[REPLAY] step=15000 loss=3.6295 pLoss=2.8006 vLoss=0.8165 pEnt=2.873 pIllM=0.0124 playedP=0.157 pW=0.48 pD=0.07 pL=0.45 vAbs=0.224 pLogitMean=0.5110 vLogitMean=1.6618 gNorm=1.159 lr=0.01 ms=1445.5 buf=500000 plies=128236536 games=1939460 rejected=0 skipped=0 epoch=0 mom=0.9000 trainerStep=15000
[LAYER-HEALTH] live trainerStep=15000 scope=batch_norm_state_only reluSites=9/10 ch=1040 dead=0 off=0 alwaysOn=0 worst=none maxBetaOverGamma=+0.35@tower_final_bn[31] minBetaOverGamma=-0.17@blocks.2.bn1[17] rvMaxOverMedian=5.5@stem.bn[32] rezero=none nonFinite=0
[REPLAY] saved trainer model (autosave) step=15000 trainerStep=15000 nextGame=1939460 shard=4 epoch=0 -> 20261005-lrA-const01-replay-latest.safetensors
[LAYER-HEALTH] checkpoint replay-autosave step=15000 trainerStep=15000 scope=all_tensors reluSites=9/10 ch=1040 dead=0 off=0 alwaysOn=0 worst=none maxBetaOverGamma=+0.35@tower_final_bn[31] minBetaOverGamma=-0.17@blocks.2.bn1[17] rvMaxOverMedian=5.5@stem.bn[32] rezero=none nonFinite=0 seZeroVel=none valueFC1ZeroVel=0/128 maxAbs=3.333@blocks.0.bn2.running_var
[LAYER-HEALTH]   batch-norm sites — β/|γ|: dead < -3.00, mostly off < -2.00, always on > +3.00; classified for relu/leaky_relu only
[LAYER-HEALTH]     site            act            ch   dead    off     on  zeroγ nonfin  min β/|γ| [ch]     max β/|γ| [ch]     rv max/median [ch]
[LAYER-HEALTH]     stem.bn         -             128    n/a    n/a    n/a      0      0     -0.04 [85]         +0.03 [121]           5.5 [32]
[LAYER-HEALTH]     blocks.0.bn1    relu          128      0      0      0      0      0     -0.05 [80]         +0.15 [62]            1.7 [97]
[LAYER-HEALTH]     blocks.0.bn2    relu          128      0      0      0      0      0     -0.09 [32]         +0.05 [14]            2.3 [24]
[LAYER-HEALTH]     blocks.1.bn1    relu          128      0      0      0      0      0     -0.13 [17]         +0.12 [121]           3.0 [97]
[LAYER-HEALTH]     blocks.1.bn2    relu          128      0      0      0      0      0     -0.13 [69]         +0.06 [110]           1.4 [116]
[LAYER-HEALTH]     blocks.2.bn1    relu          128      0      0      0      0      0     -0.17 [17]         +0.12 [30]            2.3 [16]
[LAYER-HEALTH]     blocks.2.bn2    relu          128      0      0      0      0      0     -0.08 [92]         +0.14 [29]            1.4 [7]
[LAYER-HEALTH]     tower_final_bn  relu          128      0      0      0      0      0     -0.06 [37]         +0.35 [31]            4.7 [19]
[LAYER-HEALTH]     policy.pre_bn   relu          128      0      0      0      0      0     -0.03 [114]        +0.15 [7]             2.6 [32]
[LAYER-HEALTH]     value.bn        relu           16      0      0      0      0      0     -0.08 [10]         +0.02 [0]             1.6 [11]
[LAYER-HEALTH]   FC hidden-unit velocity — zero: every weight-velocity entry exactly 0; low: nonzero but < 5% of the layer's p90 unit norm
[LAYER-HEALTH]     value.fc1.weight  relu  units 128  zero 0  low 26  median unit norm 0.004841
[LAYER-HEALTH]     (no SE blocks)
[LAYER-HEALTH]   ReZero: none
[LAYER-HEALTH]   non-finite: 0 values in 0 of 102 tensors (10263038 values examined)
[LAYER-HEALTH]   largest |value|: blocks.0.bn2.running_var 3.333, blocks.2.bn1.running_mean 3.002, tower_final_bn.running_mean 2.311, blocks.1.bn1.running_mean 2.231, blocks.0.bn2.running_mean 2.077
[REPLAY] enumerated checkpoint -> 20261005-lrA-const01-replay-step15000.safetensors
[REPLAY] step=15050 loss=3.6380 pLoss=2.8229 vLoss=0.8033 pEnt=2.886 pIllM=0.0117 playedP=0.154 pW=0.48 pD=0.07 pL=0.45 vAbs=0.224 pLogitMean=0.5113 vLogitMean=1.6584 gNorm=1.146 lr=0.01 ms=1570.0 buf=500000 plies=128663182 games=1945882 rejected=0 skipped=0 epoch=0 mom=0.9000 trainerStep=15050
[LAYER-HEALTH] live trainerStep=15050 scope=batch_norm_state_only reluSites=9/10 ch=1040 dead=0 off=0 alwaysOn=0 worst=none maxBetaOverGamma=+0.35@tower_final_bn[31] minBetaOverGamma=-0.17@blocks.2.bn1[17] rvMaxOverMedian=5.5@stem.bn[53] rezero=none nonFinite=0
[REPLAY] step=15100 loss=3.6757 pLoss=2.8399 vLoss=0.8209 pEnt=2.874 pIllM=0.0148 playedP=0.157 pW=0.48 pD=0.07 pL=0.45 vAbs=0.214 pLogitMean=0.5101 vLogitMean=1.6531 gNorm=1.094 lr=0.01 ms=1422.7 buf=500000 plies=129089953 games=1952348 rejected=0 skipped=0 epoch=0 mom=0.9000 trainerStep=15100
[LAYER-HEALTH] live trainerStep=15100 scope=batch_norm_state_only reluSites=9/10 ch=1040 dead=0 off=0 alwaysOn=0 worst=none maxBetaOverGamma=+0.35@tower_final_bn[31] minBetaOverGamma=-0.17@blocks.2.bn1[17] rvMaxOverMedian=5.5@stem.bn[53] rezero=none nonFinite=0
[REPLAY] step=15150 loss=3.6139 pLoss=2.7842 vLoss=0.8161 pEnt=2.868 pIllM=0.0136 playedP=0.157 pW=0.46 pD=0.06 pL=0.47 vAbs=0.235 pLogitMean=0.5111 vLogitMean=1.6906 gNorm=1.317 lr=0.01 ms=1437.9 buf=500000 plies=129516515 games=1958806 rejected=0 skipped=0 epoch=0 mom=0.9000 trainerStep=15150
[LAYER-HEALTH] live trainerStep=15150 scope=batch_norm_state_only reluSites=9/10 ch=1040 dead=0 off=0 alwaysOn=0 worst=none maxBetaOverGamma=+0.35@tower_final_bn[31] minBetaOverGamma=-0.17@blocks.2.bn1[17] rvMaxOverMedian=5.5@stem.bn[53] rezero=none nonFinite=0
[REPLAY] step=15200 loss=3.6157 pLoss=2.7958 vLoss=0.8070 pEnt=2.881 pIllM=0.0128 playedP=0.158 pW=0.46 pD=0.06 pL=0.47 vAbs=0.211 pLogitMean=0.5109 vLogitMean=1.6682 gNorm=1.067 lr=0.01 ms=1554.9 buf=500000 plies=129943160 games=1965291 rejected=0 skipped=0 epoch=0 mom=0.9000 trainerStep=15200
[LAYER-HEALTH] live trainerStep=15200 scope=batch_norm_state_only reluSites=9/10 ch=1040 dead=0 off=0 alwaysOn=0 worst=none maxBetaOverGamma=+0.35@tower_final_bn[31] minBetaOverGamma=-0.18@blocks.2.bn1[17] rvMaxOverMedian=5.5@stem.bn[53] rezero=none nonFinite=0
[REPLAY] step=15250 loss=3.6572 pLoss=2.8243 vLoss=0.8199 pEnt=2.890 pIllM=0.0131 playedP=0.154 pW=0.46 pD=0.07 pL=0.47 vAbs=0.216 pLogitMean=0.5119 vLogitMean=1.6575 gNorm=1.116 lr=0.01 ms=1338.7 buf=500000 plies=130369822 games=1971741 rejected=0 skipped=0 epoch=0 mom=0.9000 trainerStep=15250
[LAYER-HEALTH] live trainerStep=15250 scope=batch_norm_state_only reluSites=9/10 ch=1040 dead=0 off=0 alwaysOn=0 worst=none maxBetaOverGamma=+0.35@tower_final_bn[31] minBetaOverGamma=-0.18@blocks.2.bn1[17] rvMaxOverMedian=5.5@stem.bn[53] rezero=none nonFinite=0
[REPLAY] step=15300 loss=3.6597 pLoss=2.8319 vLoss=0.8145 pEnt=2.863 pIllM=0.0132 playedP=0.158 pW=0.47 pD=0.06 pL=0.47 vAbs=0.222 pLogitMean=0.5122 vLogitMean=1.6834 gNorm=1.243 lr=0.01 ms=1518.2 buf=500000 plies=130796447 games=1978179 rejected=0 skipped=0 epoch=0 mom=0.9000 trainerStep=15300
[LAYER-HEALTH] live trainerStep=15300 scope=batch_norm_state_only reluSites=9/10 ch=1040 dead=0 off=0 alwaysOn=0 worst=none maxBetaOverGamma=+0.35@tower_final_bn[31] minBetaOverGamma=-0.18@blocks.2.bn1[17] rvMaxOverMedian=5.7@stem.bn[53] rezero=none nonFinite=0
[REPLAY] step=15350 loss=3.6076 pLoss=2.7936 vLoss=0.7998 pEnt=2.891 pIllM=0.0142 playedP=0.156 pW=0.47 pD=0.06 pL=0.48 vAbs=0.236 pLogitMean=0.5103 vLogitMean=1.7514 gNorm=1.153 lr=0.01 ms=1457.6 buf=500000 plies=131223080 games=1984586 rejected=0 skipped=0 epoch=0 mom=0.9000 trainerStep=15350
[LAYER-HEALTH] live trainerStep=15350 scope=batch_norm_state_only reluSites=9/10 ch=1040 dead=0 off=0 alwaysOn=0 worst=none maxBetaOverGamma=+0.35@tower_final_bn[31] minBetaOverGamma=-0.18@blocks.2.bn1[17] rvMaxOverMedian=5.8@stem.bn[53] rezero=none nonFinite=0
[REPLAY] step=15400 loss=3.6366 pLoss=2.7929 vLoss=0.8310 pEnt=2.877 pIllM=0.0126 playedP=0.157 pW=0.46 pD=0.07 pL=0.47 vAbs=0.228 pLogitMean=0.5117 vLogitMean=1.7153 gNorm=1.188 lr=0.01 ms=1585.0 buf=500000 plies=131649799 games=1990953 rejected=0 skipped=0 epoch=0 mom=0.9000 trainerStep=15400
[LAYER-HEALTH] live trainerStep=15400 scope=batch_norm_state_only reluSites=9/10 ch=1040 dead=0 off=0 alwaysOn=0 worst=none maxBetaOverGamma=+0.35@tower_final_bn[31] minBetaOverGamma=-0.18@blocks.2.bn1[17] rvMaxOverMedian=5.9@stem.bn[53] rezero=none nonFinite=0
[REPLAY] step=15450 loss=3.6162 pLoss=2.7940 vLoss=0.8083 pEnt=2.867 pIllM=0.0139 playedP=0.159 pW=0.46 pD=0.07 pL=0.47 vAbs=0.231 pLogitMean=0.5120 vLogitMean=1.7386 gNorm=1.256 lr=0.01 ms=1407.0 buf=500000 plies=132076385 games=1997328 rejected=0 skipped=0 epoch=0 mom=0.9000 trainerStep=15450
[LAYER-HEALTH] live trainerStep=15450 scope=batch_norm_state_only reluSites=9/10 ch=1040 dead=0 off=0 alwaysOn=0 worst=none maxBetaOverGamma=+0.35@tower_final_bn[31] minBetaOverGamma=-0.18@blocks.2.bn1[17] rvMaxOverMedian=5.9@stem.bn[53] rezero=none nonFinite=0
[REPLAY] step=15500 loss=3.6314 pLoss=2.8086 vLoss=0.8097 pEnt=2.885 pIllM=0.0131 playedP=0.154 pW=0.47 pD=0.07 pL=0.46 vAbs=0.225 pLogitMean=0.5112 vLogitMean=1.7424 gNorm=1.127 lr=0.01 ms=1496.8 buf=500000 plies=132503068 games=2003720 rejected=0 skipped=0 epoch=0 mom=0.9000 trainerStep=15500
[LAYER-HEALTH] live trainerStep=15500 scope=batch_norm_state_only reluSites=9/10 ch=1040 dead=0 off=0 alwaysOn=0 worst=none maxBetaOverGamma=+0.35@tower_final_bn[31] minBetaOverGamma=-0.18@blocks.2.bn1[17] rvMaxOverMedian=5.9@stem.bn[53] rezero=none nonFinite=0
[REPLAY] step=15550 loss=3.6141 pLoss=2.7754 vLoss=0.8267 pEnt=2.889 pIllM=0.0120 playedP=0.151 pW=0.46 pD=0.07 pL=0.47 vAbs=0.213 pLogitMean=0.5115 vLogitMean=1.7153 gNorm=1.079 lr=0.01 ms=1554.7 buf=500000 plies=132929718 games=2010105 rejected=0 skipped=0 epoch=0 mom=0.9000 trainerStep=15550
[LAYER-HEALTH] live trainerStep=15550 scope=batch_norm_state_only reluSites=9/10 ch=1040 dead=0 off=0 alwaysOn=0 worst=none maxBetaOverGamma=+0.35@tower_final_bn[31] minBetaOverGamma=-0.18@blocks.2.bn1[17] rvMaxOverMedian=6.0@stem.bn[53] rezero=none nonFinite=0
[REPLAY] step=15600 loss=3.6160 pLoss=2.7882 vLoss=0.8130 pEnt=2.852 pIllM=0.0148 playedP=0.161 pW=0.46 pD=0.08 pL=0.47 vAbs=0.225 pLogitMean=0.5127 vLogitMean=1.7044 gNorm=1.174 lr=0.01 ms=1585.7 buf=500000 plies=133356347 games=2016453 rejected=0 skipped=0 epoch=0 mom=0.9000 trainerStep=15600
[LAYER-HEALTH] live trainerStep=15600 scope=batch_norm_state_only reluSites=9/10 ch=1040 dead=0 off=0 alwaysOn=0 worst=none maxBetaOverGamma=+0.35@tower_final_bn[31] minBetaOverGamma=-0.18@blocks.2.bn1[17] rvMaxOverMedian=6.0@stem.bn[53] rezero=none nonFinite=0
[REPLAY] step=15650 loss=3.6352 pLoss=2.8113 vLoss=0.8105 pEnt=2.865 pIllM=0.0134 playedP=0.158 pW=0.48 pD=0.07 pL=0.45 vAbs=0.227 pLogitMean=0.5115 vLogitMean=1.7016 gNorm=1.174 lr=0.01 ms=1451.2 buf=500000 plies=133782999 games=2022808 rejected=0 skipped=0 epoch=0 mom=0.9000 trainerStep=15650
[LAYER-HEALTH] live trainerStep=15650 scope=batch_norm_state_only reluSites=9/10 ch=1040 dead=0 off=0 alwaysOn=0 worst=none maxBetaOverGamma=+0.35@tower_final_bn[31] minBetaOverGamma=-0.18@blocks.2.bn1[17] rvMaxOverMedian=6.0@stem.bn[53] rezero=none nonFinite=0
[REPLAY] step=15700 loss=3.6226 pLoss=2.8045 vLoss=0.8050 pEnt=2.849 pIllM=0.0131 playedP=0.159 pW=0.47 pD=0.07 pL=0.46 vAbs=0.226 pLogitMean=0.5133 vLogitMean=1.7129 gNorm=1.191 lr=0.01 ms=1589.1 buf=500000 plies=134209628 games=2029244 rejected=0 skipped=0 epoch=0 mom=0.9000 trainerStep=15700
[LAYER-HEALTH] live trainerStep=15700 scope=batch_norm_state_only reluSites=9/10 ch=1040 dead=0 off=0 alwaysOn=0 worst=none maxBetaOverGamma=+0.36@tower_final_bn[31] minBetaOverGamma=-0.19@blocks.2.bn1[17] rvMaxOverMedian=6.1@stem.bn[53] rezero=none nonFinite=0
[REPLAY] step=15750 loss=3.6403 pLoss=2.8157 vLoss=0.8120 pEnt=2.884 pIllM=0.0126 playedP=0.156 pW=0.47 pD=0.07 pL=0.46 vAbs=0.220 pLogitMean=0.5132 vLogitMean=1.6996 gNorm=1.110 lr=0.01 ms=1532.1 buf=500000 plies=134636281 games=2035593 rejected=0 skipped=0 epoch=0 mom=0.9000 trainerStep=15750
[LAYER-HEALTH] live trainerStep=15750 scope=batch_norm_state_only reluSites=9/10 ch=1040 dead=0 off=0 alwaysOn=0 worst=none maxBetaOverGamma=+0.36@tower_final_bn[31] minBetaOverGamma=-0.19@blocks.2.bn1[17] rvMaxOverMedian=6.1@stem.bn[53] rezero=none nonFinite=0
[REPLAY] step=15800 loss=3.6041 pLoss=2.7816 vLoss=0.8089 pEnt=2.861 pIllM=0.0136 playedP=0.162 pW=0.46 pD=0.08 pL=0.46 vAbs=0.235 pLogitMean=0.5143 vLogitMean=1.6570 gNorm=1.127 lr=0.01 ms=1434.2 buf=500000 plies=135062937 games=2042012 rejected=0 skipped=0 epoch=0 mom=0.9000 trainerStep=15800
[LAYER-HEALTH] live trainerStep=15800 scope=batch_norm_state_only reluSites=9/10 ch=1040 dead=0 off=0 alwaysOn=0 worst=none maxBetaOverGamma=+0.35@tower_final_bn[31] minBetaOverGamma=-0.19@blocks.2.bn1[17] rvMaxOverMedian=6.1@stem.bn[53] rezero=none nonFinite=0
[REPLAY] step=15850 loss=3.6145 pLoss=2.7976 vLoss=0.8047 pEnt=2.872 pIllM=0.0121 playedP=0.158 pW=0.47 pD=0.07 pL=0.46 vAbs=0.222 pLogitMean=0.5133 vLogitMean=1.6643 gNorm=1.191 lr=0.01 ms=1558.9 buf=500000 plies=135489605 games=2048407 rejected=0 skipped=0 epoch=0 mom=0.9000 trainerStep=15850
[LAYER-HEALTH] live trainerStep=15850 scope=batch_norm_state_only reluSites=9/10 ch=1040 dead=0 off=0 alwaysOn=0 worst=none maxBetaOverGamma=+0.35@tower_final_bn[31] minBetaOverGamma=-0.19@blocks.2.bn1[17] rvMaxOverMedian=6.0@stem.bn[53] rezero=none nonFinite=0
[REPLAY] step=15900 loss=3.5756 pLoss=2.7448 vLoss=0.8194 pEnt=2.871 pIllM=0.0114 playedP=0.158 pW=0.45 pD=0.07 pL=0.48 vAbs=0.237 pLogitMean=0.5135 vLogitMean=1.7229 gNorm=1.236 lr=0.01 ms=1438.7 buf=500000 plies=135916238 games=2054898 rejected=0 skipped=0 epoch=0 mom=0.9000 trainerStep=15900
[LAYER-HEALTH] live trainerStep=15900 scope=batch_norm_state_only reluSites=9/10 ch=1040 dead=0 off=0 alwaysOn=0 worst=none maxBetaOverGamma=+0.36@tower_final_bn[31] minBetaOverGamma=-0.19@blocks.2.bn1[17] rvMaxOverMedian=5.9@stem.bn[53] rezero=none nonFinite=0
[REPLAY] step=15950 loss=3.5847 pLoss=2.7738 vLoss=0.7974 pEnt=2.874 pIllM=0.0136 playedP=0.158 pW=0.45 pD=0.07 pL=0.48 vAbs=0.233 pLogitMean=0.5136 vLogitMean=1.6925 gNorm=1.116 lr=0.01 ms=1600.2 buf=500000 plies=136342913 games=2061309 rejected=0 skipped=0 epoch=0 mom=0.9000 trainerStep=15950
[LAYER-HEALTH] live trainerStep=15950 scope=batch_norm_state_only reluSites=9/10 ch=1040 dead=0 off=0 alwaysOn=0 worst=none maxBetaOverGamma=+0.36@tower_final_bn[31] minBetaOverGamma=-0.19@blocks.2.bn1[17] rvMaxOverMedian=6.0@stem.bn[53] rezero=none nonFinite=0
[REPLAY] step=16000 loss=3.6204 pLoss=2.7924 vLoss=0.8160 pEnt=2.856 pIllM=0.0120 playedP=0.161 pW=0.47 pD=0.07 pL=0.46 vAbs=0.221 pLogitMean=0.5142 vLogitMean=1.7066 gNorm=1.269 lr=0.01 ms=1628.5 buf=500000 plies=136769555 games=2067758 rejected=0 skipped=0 epoch=0 mom=0.9000 trainerStep=16000
[LAYER-HEALTH] live trainerStep=16000 scope=batch_norm_state_only reluSites=9/10 ch=1040 dead=0 off=0 alwaysOn=0 worst=none maxBetaOverGamma=+0.36@tower_final_bn[31] minBetaOverGamma=-0.19@blocks.2.bn1[17] rvMaxOverMedian=6.0@stem.bn[53] rezero=none nonFinite=0
[REPLAY] saved trainer model (autosave) step=16000 trainerStep=16000 nextGame=2067758 shard=4 epoch=0 -> 20261005-lrA-const01-replay-latest.safetensors
[LAYER-HEALTH] checkpoint replay-autosave step=16000 trainerStep=16000 scope=all_tensors reluSites=9/10 ch=1040 dead=0 off=0 alwaysOn=0 worst=none maxBetaOverGamma=+0.36@tower_final_bn[31] minBetaOverGamma=-0.19@blocks.2.bn1[17] rvMaxOverMedian=6.0@stem.bn[53] rezero=none nonFinite=0 seZeroVel=none valueFC1ZeroVel=0/128 maxAbs=3.345@blocks.0.bn2.running_var
[LAYER-HEALTH]   batch-norm sites — β/|γ|: dead < -3.00, mostly off < -2.00, always on > +3.00; classified for relu/leaky_relu only
[LAYER-HEALTH]     site            act            ch   dead    off     on  zeroγ nonfin  min β/|γ| [ch]     max β/|γ| [ch]     rv max/median [ch]
[LAYER-HEALTH]     stem.bn         -             128    n/a    n/a    n/a      0      0     -0.04 [85]         +0.03 [34]            6.0 [53]
[LAYER-HEALTH]     blocks.0.bn1    relu          128      0      0      0      0      0     -0.05 [97]         +0.15 [62]            1.7 [97]
[LAYER-HEALTH]     blocks.0.bn2    relu          128      0      0      0      0      0     -0.10 [32]         +0.05 [14]            2.3 [24]
[LAYER-HEALTH]     blocks.1.bn1    relu          128      0      0      0      0      0     -0.15 [17]         +0.12 [121]           3.2 [97]
[LAYER-HEALTH]     blocks.1.bn2    relu          128      0      0      0      0      0     -0.14 [69]         +0.06 [110]           1.6 [116]
[LAYER-HEALTH]     blocks.2.bn1    relu          128      0      0      0      0      0     -0.19 [17]         +0.12 [30]            2.3 [97]
[LAYER-HEALTH]     blocks.2.bn2    relu          128      0      0      0      0      0     -0.09 [92]         +0.14 [29]            1.4 [7]
[LAYER-HEALTH]     tower_final_bn  relu          128      0      0      0      0      0     -0.06 [37]         +0.36 [31]            4.8 [19]
[LAYER-HEALTH]     policy.pre_bn   relu          128      0      0      0      0      0     -0.03 [114]        +0.15 [7]             2.6 [32]
[LAYER-HEALTH]     value.bn        relu           16      0      0      0      0      0     -0.08 [10]         +0.02 [0]             1.6 [11]
[LAYER-HEALTH]   FC hidden-unit velocity — zero: every weight-velocity entry exactly 0; low: nonzero but < 5% of the layer's p90 unit norm
[LAYER-HEALTH]     value.fc1.weight  relu  units 128  zero 0  low 35  median unit norm 0.006736
[LAYER-HEALTH]     (no SE blocks)
[LAYER-HEALTH]   ReZero: none
[LAYER-HEALTH]   non-finite: 0 values in 0 of 102 tensors (10263038 values examined)
[LAYER-HEALTH]   largest |value|: blocks.0.bn2.running_var 3.345, blocks.2.bn1.running_mean 3.073, tower_final_bn.running_mean 2.346, blocks.1.bn1.running_mean 2.272, blocks.2.bn2.running_var 2.139
[REPLAY] enumerated checkpoint -> 20261005-lrA-const01-replay-step16000.safetensors
[REPLAY] step=16050 loss=3.6225 pLoss=2.8010 vLoss=0.8093 pEnt=2.875 pIllM=0.0122 playedP=0.158 pW=0.45 pD=0.06 pL=0.49 vAbs=0.228 pLogitMean=0.5139 vLogitMean=1.6834 gNorm=1.196 lr=0.01 ms=1457.7 buf=500000 plies=137196215 games=2074193 rejected=0 skipped=0 epoch=0 mom=0.9000 trainerStep=16050
[LAYER-HEALTH] live trainerStep=16050 scope=batch_norm_state_only reluSites=9/10 ch=1040 dead=0 off=0 alwaysOn=0 worst=none maxBetaOverGamma=+0.36@tower_final_bn[31] minBetaOverGamma=-0.19@blocks.2.bn1[17] rvMaxOverMedian=6.0@stem.bn[53] rezero=none nonFinite=0
[REPLAY] step=16100 loss=3.5892 pLoss=2.7720 vLoss=0.8041 pEnt=2.860 pIllM=0.0131 playedP=0.162 pW=0.47 pD=0.07 pL=0.46 vAbs=0.225 pLogitMean=0.5143 vLogitMean=1.6733 gNorm=1.097 lr=0.01 ms=1569.9 buf=500000 plies=137622825 games=2080618 rejected=0 skipped=0 epoch=0 mom=0.9000 trainerStep=16100
[LAYER-HEALTH] live trainerStep=16100 scope=batch_norm_state_only reluSites=9/10 ch=1040 dead=0 off=0 alwaysOn=0 worst=none maxBetaOverGamma=+0.36@tower_final_bn[31] minBetaOverGamma=-0.19@blocks.2.bn1[17] rvMaxOverMedian=6.1@stem.bn[53] rezero=none nonFinite=0
[REPLAY] step=16150 loss=3.6150 pLoss=2.7835 vLoss=0.8197 pEnt=2.857 pIllM=0.0118 playedP=0.162 pW=0.46 pD=0.07 pL=0.47 vAbs=0.233 pLogitMean=0.5144 vLogitMean=1.7146 gNorm=1.231 lr=0.01 ms=1622.9 buf=500000 plies=138049542 games=2087076 rejected=0 skipped=0 epoch=0 mom=0.9000 trainerStep=16150
[LAYER-HEALTH] live trainerStep=16150 scope=batch_norm_state_only reluSites=9/10 ch=1040 dead=0 off=0 alwaysOn=0 worst=none maxBetaOverGamma=+0.36@tower_final_bn[31] minBetaOverGamma=-0.19@blocks.2.bn1[17] rvMaxOverMedian=6.1@stem.bn[53] rezero=none nonFinite=0
[REPLAY] step=16200 loss=3.6139 pLoss=2.7963 vLoss=0.8051 pEnt=2.854 pIllM=0.0126 playedP=0.164 pW=0.47 pD=0.07 pL=0.46 vAbs=0.225 pLogitMean=0.5149 vLogitMean=1.6987 gNorm=1.150 lr=0.01 ms=1451.3 buf=500000 plies=138476124 games=2093532 rejected=0 skipped=0 epoch=0 mom=0.9000 trainerStep=16200
[LAYER-HEALTH] live trainerStep=16200 scope=batch_norm_state_only reluSites=9/10 ch=1040 dead=0 off=0 alwaysOn=0 worst=none maxBetaOverGamma=+0.36@tower_final_bn[31] minBetaOverGamma=-0.19@blocks.2.bn1[17] rvMaxOverMedian=6.2@stem.bn[53] rezero=none nonFinite=0
[REPLAY] step=16250 loss=3.5901 pLoss=2.7675 vLoss=0.8090 pEnt=2.863 pIllM=0.0136 playedP=0.160 pW=0.47 pD=0.07 pL=0.46 vAbs=0.228 pLogitMean=0.5148 vLogitMean=1.6622 gNorm=0.960 lr=0.01 ms=1566.4 buf=500000 plies=138902776 games=2099892 rejected=0 skipped=0 epoch=0 mom=0.9000 trainerStep=16250
[LAYER-HEALTH] live trainerStep=16250 scope=batch_norm_state_only reluSites=9/10 ch=1040 dead=0 off=0 alwaysOn=0 worst=none maxBetaOverGamma=+0.36@tower_final_bn[31] minBetaOverGamma=-0.19@blocks.2.bn1[17] rvMaxOverMedian=6.1@stem.bn[53] rezero=none nonFinite=0
[REPLAY] step=16300 loss=3.6258 pLoss=2.8170 vLoss=0.7971 pEnt=2.899 pIllM=0.0117 playedP=0.150 pW=0.47 pD=0.06 pL=0.47 vAbs=0.238 pLogitMean=0.5158 vLogitMean=1.7019 gNorm=1.204 lr=0.01 ms=1505.0 buf=500000 plies=139329472 games=2106328 rejected=0 skipped=0 epoch=0 mom=0.9000 trainerStep=16300
[LAYER-HEALTH] live trainerStep=16300 scope=batch_norm_state_only reluSites=9/10 ch=1040 dead=0 off=0 alwaysOn=0 worst=none maxBetaOverGamma=+0.36@tower_final_bn[31] minBetaOverGamma=-0.19@blocks.2.bn1[17] rvMaxOverMedian=6.1@stem.bn[53] rezero=none nonFinite=0
[REPLAY] step=16350 loss=3.6230 pLoss=2.7998 vLoss=0.8112 pEnt=2.873 pIllM=0.0120 playedP=0.155 pW=0.47 pD=0.07 pL=0.46 vAbs=0.224 pLogitMean=0.5156 vLogitMean=1.6909 gNorm=1.130 lr=0.01 ms=1466.3 buf=500000 plies=139756120 games=2112709 rejected=0 skipped=0 epoch=0 mom=0.9000 trainerStep=16350
[LAYER-HEALTH] live trainerStep=16350 scope=batch_norm_state_only reluSites=9/10 ch=1040 dead=0 off=0 alwaysOn=0 worst=none maxBetaOverGamma=+0.36@tower_final_bn[31] minBetaOverGamma=-0.20@blocks.2.bn1[17] rvMaxOverMedian=6.1@stem.bn[53] rezero=none nonFinite=0
[REPLAY] step=16400 loss=3.6143 pLoss=2.7943 vLoss=0.8075 pEnt=2.855 pIllM=0.0125 playedP=0.157 pW=0.48 pD=0.07 pL=0.45 vAbs=0.238 pLogitMean=0.5154 vLogitMean=1.6593 gNorm=1.045 lr=0.01 ms=1435.5 buf=500000 plies=140182752 games=2119142 rejected=0 skipped=0 epoch=0 mom=0.9000 trainerStep=16400
[LAYER-HEALTH] live trainerStep=16400 scope=batch_norm_state_only reluSites=9/10 ch=1040 dead=0 off=0 alwaysOn=0 worst=none maxBetaOverGamma=+0.36@tower_final_bn[31] minBetaOverGamma=-0.20@blocks.2.bn1[17] rvMaxOverMedian=6.1@stem.bn[53] rezero=none nonFinite=0
[REPLAY] step=16450 loss=3.6042 pLoss=2.7911 vLoss=0.8005 pEnt=2.869 pIllM=0.0126 playedP=0.159 pW=0.48 pD=0.07 pL=0.45 vAbs=0.236 pLogitMean=0.5162 vLogitMean=1.6863 gNorm=1.121 lr=0.01 ms=1466.1 buf=500000 plies=140609391 games=2125559 rejected=0 skipped=0 epoch=0 mom=0.9000 trainerStep=16450
[LAYER-HEALTH] live trainerStep=16450 scope=batch_norm_state_only reluSites=9/10 ch=1040 dead=0 off=0 alwaysOn=0 worst=none maxBetaOverGamma=+0.36@tower_final_bn[31] minBetaOverGamma=-0.20@blocks.2.bn1[17] rvMaxOverMedian=6.1@stem.bn[53] rezero=none nonFinite=0
[REPLAY] step=16500 loss=3.6802 pLoss=2.8503 vLoss=0.8183 pEnt=2.890 pIllM=0.0115 playedP=0.153 pW=0.48 pD=0.07 pL=0.45 vAbs=0.213 pLogitMean=0.5161 vLogitMean=1.6833 gNorm=1.119 lr=0.01 ms=1551.3 buf=500000 plies=141036055 games=2131967 rejected=0 skipped=0 epoch=0 mom=0.9000 trainerStep=16500
[LAYER-HEALTH] live trainerStep=16500 scope=batch_norm_state_only reluSites=9/10 ch=1040 dead=0 off=0 alwaysOn=0 worst=none maxBetaOverGamma=+0.36@tower_final_bn[31] minBetaOverGamma=-0.20@blocks.2.bn1[17] rvMaxOverMedian=6.1@stem.bn[53] rezero=none nonFinite=0
[REPLAY] step=16550 loss=3.6442 pLoss=2.8009 vLoss=0.8311 pEnt=2.864 pIllM=0.0123 playedP=0.162 pW=0.47 pD=0.08 pL=0.46 vAbs=0.216 pLogitMean=0.5159 vLogitMean=1.6704 gNorm=1.042 lr=0.01 ms=1555.2 buf=500000 plies=141462709 games=2138354 rejected=0 skipped=0 epoch=0 mom=0.9000 trainerStep=16550
[LAYER-HEALTH] live trainerStep=16550 scope=batch_norm_state_only reluSites=9/10 ch=1040 dead=0 off=0 alwaysOn=0 worst=none maxBetaOverGamma=+0.36@tower_final_bn[31] minBetaOverGamma=-0.20@blocks.2.bn1[17] rvMaxOverMedian=6.1@stem.bn[53] rezero=none nonFinite=0
[REPLAY] step=16600 loss=3.6095 pLoss=2.7833 vLoss=0.8135 pEnt=2.843 pIllM=0.0127 playedP=0.165 pW=0.46 pD=0.08 pL=0.47 vAbs=0.218 pLogitMean=0.5176 vLogitMean=1.6795 gNorm=1.110 lr=0.01 ms=1426.6 buf=500000 plies=141889392 games=2144788 rejected=0 skipped=0 epoch=0 mom=0.9000 trainerStep=16600
[LAYER-HEALTH] live trainerStep=16600 scope=batch_norm_state_only reluSites=9/10 ch=1040 dead=0 off=0 alwaysOn=0 worst=none maxBetaOverGamma=+0.36@tower_final_bn[31] minBetaOverGamma=-0.20@blocks.2.bn1[17] rvMaxOverMedian=6.0@stem.bn[53] rezero=none nonFinite=0
[REPLAY] step=16650 loss=3.6043 pLoss=2.7767 vLoss=0.8152 pEnt=2.860 pIllM=0.0123 playedP=0.160 pW=0.47 pD=0.07 pL=0.47 vAbs=0.222 pLogitMean=0.5170 vLogitMean=1.6884 gNorm=1.131 lr=0.01 ms=1579.0 buf=500000 plies=142316069 games=2151214 rejected=0 skipped=0 epoch=0 mom=0.9000 trainerStep=16650
[LAYER-HEALTH] live trainerStep=16650 scope=batch_norm_state_only reluSites=9/10 ch=1040 dead=0 off=0 alwaysOn=0 worst=none maxBetaOverGamma=+0.36@tower_final_bn[31] minBetaOverGamma=-0.20@blocks.2.bn1[17] rvMaxOverMedian=6.0@stem.bn[53] rezero=none nonFinite=0
[REPLAY] step=16700 loss=3.6439 pLoss=2.8045 vLoss=0.8266 pEnt=2.858 pIllM=0.0129 playedP=0.161 pW=0.46 pD=0.07 pL=0.46 vAbs=0.207 pLogitMean=0.5168 vLogitMean=1.6565 gNorm=1.088 lr=0.01 ms=1442.9 buf=500000 plies=142742642 games=2157655 rejected=0 skipped=0 epoch=0 mom=0.9000 trainerStep=16700
[LAYER-HEALTH] live trainerStep=16700 scope=batch_norm_state_only reluSites=9/10 ch=1040 dead=0 off=0 alwaysOn=0 worst=none maxBetaOverGamma=+0.36@tower_final_bn[31] minBetaOverGamma=-0.20@blocks.2.bn1[17] rvMaxOverMedian=6.0@stem.bn[53] rezero=none nonFinite=0
[REPLAY] step=16750 loss=3.6321 pLoss=2.8074 vLoss=0.8115 pEnt=2.859 pIllM=0.0132 playedP=0.160 pW=0.47 pD=0.07 pL=0.46 vAbs=0.214 pLogitMean=0.5183 vLogitMean=1.6904 gNorm=1.180 lr=0.01 ms=1494.9 buf=500000 plies=143169370 games=2164045 rejected=0 skipped=0 epoch=0 mom=0.9000 trainerStep=16750
[LAYER-HEALTH] live trainerStep=16750 scope=batch_norm_state_only reluSites=9/10 ch=1040 dead=0 off=0 alwaysOn=0 worst=none maxBetaOverGamma=+0.36@tower_final_bn[31] minBetaOverGamma=-0.20@blocks.2.bn1[17] rvMaxOverMedian=5.9@stem.bn[53] rezero=none nonFinite=0
[REPLAY] step=16800 loss=3.6290 pLoss=2.8034 vLoss=0.8129 pEnt=2.866 pIllM=0.0127 playedP=0.158 pW=0.47 pD=0.07 pL=0.46 vAbs=0.222 pLogitMean=0.5167 vLogitMean=1.6934 gNorm=1.148 lr=0.01 ms=1544.9 buf=500000 plies=143595948 games=2170404 rejected=0 skipped=0 epoch=0 mom=0.9000 trainerStep=16800
[LAYER-HEALTH] live trainerStep=16800 scope=batch_norm_state_only reluSites=9/10 ch=1040 dead=0 off=0 alwaysOn=0 worst=none maxBetaOverGamma=+0.36@tower_final_bn[31] minBetaOverGamma=-0.20@blocks.2.bn1[17] rvMaxOverMedian=5.8@stem.bn[53] rezero=none nonFinite=0
[REPLAY] step=16850 loss=3.6350 pLoss=2.8075 vLoss=0.8159 pEnt=2.880 pIllM=0.0117 playedP=0.158 pW=0.48 pD=0.07 pL=0.45 vAbs=0.221 pLogitMean=0.5178 vLogitMean=1.6747 gNorm=1.035 lr=0.01 ms=1557.8 buf=500000 plies=144022589 games=2176776 rejected=0 skipped=0 epoch=0 mom=0.9000 trainerStep=16850
[LAYER-HEALTH] live trainerStep=16850 scope=batch_norm_state_only reluSites=9/10 ch=1040 dead=0 off=0 alwaysOn=0 worst=none maxBetaOverGamma=+0.36@tower_final_bn[31] minBetaOverGamma=-0.20@blocks.2.bn1[17] rvMaxOverMedian=5.9@stem.bn[53] rezero=none nonFinite=0
[REPLAY] step=16900 loss=3.6205 pLoss=2.7894 vLoss=0.8189 pEnt=2.847 pIllM=0.0122 playedP=0.160 pW=0.47 pD=0.07 pL=0.46 vAbs=0.228 pLogitMean=0.5191 vLogitMean=1.6862 gNorm=1.164 lr=0.01 ms=1566.1 buf=500000 plies=144449351 games=2183197 rejected=0 skipped=0 epoch=0 mom=0.9000 trainerStep=16900
[LAYER-HEALTH] live trainerStep=16900 scope=batch_norm_state_only reluSites=9/10 ch=1040 dead=0 off=0 alwaysOn=0 worst=none maxBetaOverGamma=+0.36@tower_final_bn[31] minBetaOverGamma=-0.20@blocks.2.bn1[17] rvMaxOverMedian=5.8@stem.bn[53] rezero=none nonFinite=0
[REPLAY] step=16950 loss=3.6761 pLoss=2.8355 vLoss=0.8300 pEnt=2.859 pIllM=0.0106 playedP=0.158 pW=0.48 pD=0.06 pL=0.46 vAbs=0.212 pLogitMean=0.5201 vLogitMean=1.7189 gNorm=1.262 lr=0.01 ms=1419.0 buf=500000 plies=144875930 games=2189534 rejected=0 skipped=0 epoch=0 mom=0.9000 trainerStep=16950
[LAYER-HEALTH] live trainerStep=16950 scope=batch_norm_state_only reluSites=9/10 ch=1040 dead=0 off=0 alwaysOn=0 worst=none maxBetaOverGamma=+0.36@tower_final_bn[31] minBetaOverGamma=-0.20@blocks.2.bn1[17] rvMaxOverMedian=5.7@stem.bn[53] rezero=none nonFinite=0
[REPLAY] step=17000 loss=3.6000 pLoss=2.7650 vLoss=0.8238 pEnt=2.859 pIllM=0.0112 playedP=0.161 pW=0.46 pD=0.07 pL=0.47 vAbs=0.223 pLogitMean=0.5192 vLogitMean=1.7572 gNorm=1.120 lr=0.01 ms=1527.2 buf=500000 plies=145302525 games=2195983 rejected=0 skipped=0 epoch=0 mom=0.9000 trainerStep=17000
[LAYER-HEALTH] live trainerStep=17000 scope=batch_norm_state_only reluSites=9/10 ch=1040 dead=0 off=0 alwaysOn=0 worst=none maxBetaOverGamma=+0.36@tower_final_bn[31] minBetaOverGamma=-0.21@blocks.2.bn1[17] rvMaxOverMedian=5.8@stem.bn[53] rezero=none nonFinite=0
[REPLAY] saved trainer model (autosave) step=17000 trainerStep=17000 nextGame=2195983 shard=4 epoch=0 -> 20261005-lrA-const01-replay-latest.safetensors
[LAYER-HEALTH] checkpoint replay-autosave step=17000 trainerStep=17000 scope=all_tensors reluSites=9/10 ch=1040 dead=0 off=0 alwaysOn=0 worst=none maxBetaOverGamma=+0.36@tower_final_bn[31] minBetaOverGamma=-0.21@blocks.2.bn1[17] rvMaxOverMedian=5.8@stem.bn[53] rezero=none nonFinite=0 seZeroVel=none valueFC1ZeroVel=0/128 maxAbs=3.159@blocks.2.bn1.running_mean
[LAYER-HEALTH]   batch-norm sites — β/|γ|: dead < -3.00, mostly off < -2.00, always on > +3.00; classified for relu/leaky_relu only
[LAYER-HEALTH]     site            act            ch   dead    off     on  zeroγ nonfin  min β/|γ| [ch]     max β/|γ| [ch]     rv max/median [ch]
[LAYER-HEALTH]     stem.bn         -             128    n/a    n/a    n/a      0      0     -0.04 [85]         +0.03 [34]            5.8 [53]
[LAYER-HEALTH]     blocks.0.bn1    relu          128      0      0      0      0      0     -0.06 [97]         +0.16 [62]            1.7 [97]
[LAYER-HEALTH]     blocks.0.bn2    relu          128      0      0      0      0      0     -0.11 [32]         +0.06 [86]            2.2 [24]
[LAYER-HEALTH]     blocks.1.bn1    relu          128      0      0      0      0      0     -0.17 [17]         +0.12 [121]           3.2 [97]
[LAYER-HEALTH]     blocks.1.bn2    relu          128      0      0      0      0      0     -0.16 [69]         +0.06 [110]           1.6 [116]
[LAYER-HEALTH]     blocks.2.bn1    relu          128      0      0      0      0      0     -0.21 [17]         +0.12 [30]            2.4 [31]
[LAYER-HEALTH]     blocks.2.bn2    relu          128      0      0      0      0      0     -0.11 [92]         +0.15 [29]            1.5 [7]
[LAYER-HEALTH]     tower_final_bn  relu          128      0      0      0      0      0     -0.06 [37]         +0.36 [31]            5.0 [19]
[LAYER-HEALTH]     policy.pre_bn   relu          128      0      0      0      0      0     -0.03 [114]        +0.15 [7]             2.5 [32]
[LAYER-HEALTH]     value.bn        relu           16      0      0      0      0      0     -0.08 [10]         +0.02 [0]             1.6 [11]
[LAYER-HEALTH]   FC hidden-unit velocity — zero: every weight-velocity entry exactly 0; low: nonzero but < 5% of the layer's p90 unit norm
[LAYER-HEALTH]     value.fc1.weight  relu  units 128  zero 0  low 23  median unit norm 0.004897
[LAYER-HEALTH]     (no SE blocks)
[LAYER-HEALTH]   ReZero: none
[LAYER-HEALTH]   non-finite: 0 values in 0 of 102 tensors (10263038 values examined)
[LAYER-HEALTH]   largest |value|: blocks.2.bn1.running_mean 3.159, blocks.0.bn2.running_var 3.109, blocks.1.bn1.running_mean 2.352, tower_final_bn.running_mean 2.327, blocks.2.bn2.running_var 2.217
[REPLAY] enumerated checkpoint -> 20261005-lrA-const01-replay-step17000.safetensors
[REPLAY] step=17050 loss=3.6115 pLoss=2.7856 vLoss=0.8148 pEnt=2.869 pIllM=0.0111 playedP=0.162 pW=0.46 pD=0.07 pL=0.47 vAbs=0.231 pLogitMean=0.5176 vLogitMean=1.7496 gNorm=1.169 lr=0.01 ms=1423.3 buf=500000 plies=145729209 games=2202354 rejected=0 skipped=0 epoch=0 mom=0.9000 trainerStep=17050
[LAYER-HEALTH] live trainerStep=17050 scope=batch_norm_state_only reluSites=9/10 ch=1040 dead=0 off=0 alwaysOn=0 worst=none maxBetaOverGamma=+0.36@tower_final_bn[31] minBetaOverGamma=-0.21@blocks.2.bn1[17] rvMaxOverMedian=5.8@stem.bn[53] rezero=none nonFinite=0
[REPLAY] step=17100 loss=3.6471 pLoss=2.8267 vLoss=0.8089 pEnt=2.864 pIllM=0.0116 playedP=0.160 pW=0.47 pD=0.07 pL=0.46 vAbs=0.217 pLogitMean=0.5197 vLogitMean=1.7127 gNorm=1.056 lr=0.01 ms=1500.6 buf=500000 plies=146155829 games=2208720 rejected=0 skipped=0 epoch=0 mom=0.9000 trainerStep=17100
[LAYER-HEALTH] live trainerStep=17100 scope=batch_norm_state_only reluSites=9/10 ch=1040 dead=0 off=0 alwaysOn=0 worst=none maxBetaOverGamma=+0.36@tower_final_bn[31] minBetaOverGamma=-0.21@blocks.2.bn1[17] rvMaxOverMedian=5.9@stem.bn[53] rezero=none nonFinite=0
[REPLAY] step=17150 loss=3.6528 pLoss=2.8392 vLoss=0.8020 pEnt=2.876 pIllM=0.0116 playedP=0.158 pW=0.50 pD=0.06 pL=0.44 vAbs=0.229 pLogitMean=0.5181 vLogitMean=1.7274 gNorm=1.245 lr=0.01 ms=1648.1 buf=500000 plies=146582514 games=2215121 rejected=0 skipped=0 epoch=0 mom=0.9000 trainerStep=17150
[LAYER-HEALTH] live trainerStep=17150 scope=batch_norm_state_only reluSites=9/10 ch=1040 dead=0 off=0 alwaysOn=0 worst=none maxBetaOverGamma=+0.36@tower_final_bn[31] minBetaOverGamma=-0.21@blocks.2.bn1[17] rvMaxOverMedian=6.0@stem.bn[53] rezero=none nonFinite=0
[REPLAY] step=17200 loss=3.5837 pLoss=2.7640 vLoss=0.8076 pEnt=2.864 pIllM=0.0122 playedP=0.164 pW=0.47 pD=0.06 pL=0.46 vAbs=0.229 pLogitMean=0.5199 vLogitMean=1.7029 gNorm=1.186 lr=0.01 ms=1466.0 buf=500000 plies=147009128 games=2221522 rejected=0 skipped=0 epoch=0 mom=0.9000 trainerStep=17200
[LAYER-HEALTH] live trainerStep=17200 scope=batch_norm_state_only reluSites=9/10 ch=1040 dead=0 off=0 alwaysOn=0 worst=none maxBetaOverGamma=+0.36@tower_final_bn[31] minBetaOverGamma=-0.21@blocks.2.bn1[17] rvMaxOverMedian=6.0@stem.bn[53] rezero=none nonFinite=0
[REPLAY] step=17250 loss=3.6478 pLoss=2.8228 vLoss=0.8136 pEnt=2.899 pIllM=0.0114 playedP=0.156 pW=0.47 pD=0.06 pL=0.47 vAbs=0.208 pLogitMean=0.5180 vLogitMean=1.7013 gNorm=1.230 lr=0.01 ms=1451.5 buf=500000 plies=147435779 games=2227958 rejected=0 skipped=0 epoch=0 mom=0.9000 trainerStep=17250
[LAYER-HEALTH] live trainerStep=17250 scope=batch_norm_state_only reluSites=9/10 ch=1040 dead=0 off=0 alwaysOn=0 worst=none maxBetaOverGamma=+0.36@tower_final_bn[31] minBetaOverGamma=-0.21@blocks.2.bn1[17] rvMaxOverMedian=6.0@stem.bn[53] rezero=none nonFinite=0
[REPLAY] step=17300 loss=3.6323 pLoss=2.8163 vLoss=0.8041 pEnt=2.864 pIllM=0.0118 playedP=0.157 pW=0.47 pD=0.07 pL=0.46 vAbs=0.225 pLogitMean=0.5187 vLogitMean=1.6589 gNorm=1.197 lr=0.01 ms=1617.4 buf=500000 plies=147862430 games=2234324 rejected=0 skipped=0 epoch=0 mom=0.9000 trainerStep=17300
[LAYER-HEALTH] live trainerStep=17300 scope=batch_norm_state_only reluSites=9/10 ch=1040 dead=0 off=0 alwaysOn=0 worst=none maxBetaOverGamma=+0.36@tower_final_bn[31] minBetaOverGamma=-0.21@blocks.2.bn1[17] rvMaxOverMedian=6.1@stem.bn[53] rezero=none nonFinite=0
[REPLAY] step=17350 loss=3.6327 pLoss=2.8137 vLoss=0.8086 pEnt=2.898 pIllM=0.0105 playedP=0.153 pW=0.47 pD=0.07 pL=0.47 vAbs=0.227 pLogitMean=0.5195 vLogitMean=1.6651 gNorm=1.019 lr=0.01 ms=1687.0 buf=500000 plies=148289085 games=2240789 rejected=0 skipped=0 epoch=0 mom=0.9000 trainerStep=17350
[LAYER-HEALTH] live trainerStep=17350 scope=batch_norm_state_only reluSites=9/10 ch=1040 dead=0 off=0 alwaysOn=0 worst=none maxBetaOverGamma=+0.36@tower_final_bn[31] minBetaOverGamma=-0.21@blocks.2.bn1[17] rvMaxOverMedian=6.2@stem.bn[53] rezero=none nonFinite=0
[REPLAY] step=17400 loss=3.6605 pLoss=2.8330 vLoss=0.8165 pEnt=2.856 pIllM=0.0110 playedP=0.159 pW=0.49 pD=0.07 pL=0.45 vAbs=0.223 pLogitMean=0.5206 vLogitMean=1.6999 gNorm=1.096 lr=0.01 ms=1568.3 buf=500000 plies=148715767 games=2247164 rejected=0 skipped=0 epoch=0 mom=0.9000 trainerStep=17400
[LAYER-HEALTH] live trainerStep=17400 scope=batch_norm_state_only reluSites=9/10 ch=1040 dead=0 off=0 alwaysOn=0 worst=none maxBetaOverGamma=+0.36@tower_final_bn[31] minBetaOverGamma=-0.21@blocks.2.bn1[17] rvMaxOverMedian=6.1@stem.bn[53] rezero=none nonFinite=0
[REPLAY] step=17450 loss=3.6029 pLoss=2.7799 vLoss=0.8125 pEnt=2.863 pIllM=0.0105 playedP=0.161 pW=0.46 pD=0.07 pL=0.46 vAbs=0.218 pLogitMean=0.5215 vLogitMean=1.6691 gNorm=1.196 lr=0.01 ms=1406.7 buf=500000 plies=149142388 games=2253568 rejected=0 skipped=0 epoch=0 mom=0.9000 trainerStep=17450
[LAYER-HEALTH] live trainerStep=17450 scope=batch_norm_state_only reluSites=9/10 ch=1040 dead=0 off=0 alwaysOn=0 worst=none maxBetaOverGamma=+0.36@tower_final_bn[31] minBetaOverGamma=-0.21@blocks.2.bn1[17] rvMaxOverMedian=6.1@stem.bn[53] rezero=none nonFinite=0
[REPLAY] step=17500 loss=3.6768 pLoss=2.8423 vLoss=0.8229 pEnt=2.868 pIllM=0.0117 playedP=0.158 pW=0.48 pD=0.07 pL=0.45 vAbs=0.211 pLogitMean=0.5208 vLogitMean=1.7042 gNorm=1.251 lr=0.01 ms=1555.4 buf=500000 plies=149569065 games=2259892 rejected=0 skipped=0 epoch=0 mom=0.9000 trainerStep=17500
[LAYER-HEALTH] live trainerStep=17500 scope=batch_norm_state_only reluSites=9/10 ch=1040 dead=0 off=0 alwaysOn=0 worst=none maxBetaOverGamma=+0.36@tower_final_bn[31] minBetaOverGamma=-0.21@blocks.2.bn1[17] rvMaxOverMedian=6.3@stem.bn[53] rezero=none nonFinite=0
[REPLAY] step=17550 loss=3.6397 pLoss=2.8073 vLoss=0.8201 pEnt=2.848 pIllM=0.0123 playedP=0.160 pW=0.47 pD=0.08 pL=0.45 vAbs=0.227 pLogitMean=0.5216 vLogitMean=1.7202 gNorm=1.272 lr=0.01 ms=1572.3 buf=500000 plies=149995730 games=2266349 rejected=0 skipped=0 epoch=0 mom=0.9000 trainerStep=17550
[LAYER-HEALTH] live trainerStep=17550 scope=batch_norm_state_only reluSites=9/10 ch=1040 dead=0 off=0 alwaysOn=0 worst=none maxBetaOverGamma=+0.37@tower_final_bn[31] minBetaOverGamma=-0.21@blocks.2.bn1[17] rvMaxOverMedian=6.2@stem.bn[53] rezero=none nonFinite=0
[REPLAY] step=17600 loss=3.6341 pLoss=2.8180 vLoss=0.8052 pEnt=2.870 pIllM=0.0108 playedP=0.160 pW=0.47 pD=0.07 pL=0.47 vAbs=0.229 pLogitMean=0.5213 vLogitMean=1.7210 gNorm=1.163 lr=0.01 ms=1505.5 buf=500000 plies=150422382 games=2272765 rejected=0 skipped=0 epoch=0 mom=0.9000 trainerStep=17600
[LAYER-HEALTH] live trainerStep=17600 scope=batch_norm_state_only reluSites=9/10 ch=1040 dead=0 off=0 alwaysOn=0 worst=none maxBetaOverGamma=+0.37@tower_final_bn[31] minBetaOverGamma=-0.21@blocks.2.bn1[17] rvMaxOverMedian=6.2@stem.bn[53] rezero=none nonFinite=0
[REPLAY] step=17650 loss=3.5928 pLoss=2.7773 vLoss=0.8032 pEnt=2.861 pIllM=0.0124 playedP=0.162 pW=0.47 pD=0.06 pL=0.47 vAbs=0.234 pLogitMean=0.5212 vLogitMean=1.7837 gNorm=1.067 lr=0.01 ms=1432.6 buf=500000 plies=150848994 games=2279200 rejected=0 skipped=0 epoch=0 mom=0.9000 trainerStep=17650
[LAYER-HEALTH] live trainerStep=17650 scope=batch_norm_state_only reluSites=9/10 ch=1040 dead=0 off=0 alwaysOn=0 worst=none maxBetaOverGamma=+0.37@tower_final_bn[31] minBetaOverGamma=-0.21@blocks.2.bn1[17] rvMaxOverMedian=6.4@stem.bn[53] rezero=none nonFinite=0
[REPLAY] step=17700 loss=3.6224 pLoss=2.8038 vLoss=0.8075 pEnt=2.871 pIllM=0.0111 playedP=0.160 pW=0.46 pD=0.07 pL=0.46 vAbs=0.215 pLogitMean=0.5204 vLogitMean=1.7340 gNorm=1.103 lr=0.01 ms=1276.4 buf=500000 plies=151275707 games=2285570 rejected=0 skipped=0 epoch=0 mom=0.9000 trainerStep=17700
[LAYER-HEALTH] live trainerStep=17700 scope=batch_norm_state_only reluSites=9/10 ch=1040 dead=0 off=0 alwaysOn=0 worst=none maxBetaOverGamma=+0.36@tower_final_bn[31] minBetaOverGamma=-0.22@blocks.2.bn1[17] rvMaxOverMedian=6.4@stem.bn[53] rezero=none nonFinite=0
[REPLAY] step=17750 loss=3.6748 pLoss=2.8424 vLoss=0.8212 pEnt=2.880 pIllM=0.0112 playedP=0.157 pW=0.48 pD=0.06 pL=0.45 vAbs=0.214 pLogitMean=0.5205 vLogitMean=1.7768 gNorm=1.202 lr=0.01 ms=1505.5 buf=500000 plies=151702296 games=2292035 rejected=0 skipped=0 epoch=0 mom=0.9000 trainerStep=17750
[LAYER-HEALTH] live trainerStep=17750 scope=batch_norm_state_only reluSites=9/10 ch=1040 dead=0 off=0 alwaysOn=0 worst=none maxBetaOverGamma=+0.37@tower_final_bn[31] minBetaOverGamma=-0.22@blocks.2.bn1[17] rvMaxOverMedian=6.5@stem.bn[53] rezero=none nonFinite=0
[REPLAY] step=17800 loss=3.6260 pLoss=2.8073 vLoss=0.8060 pEnt=2.869 pIllM=0.0127 playedP=0.160 pW=0.47 pD=0.06 pL=0.47 vAbs=0.214 pLogitMean=0.5207 vLogitMean=1.7476 gNorm=1.269 lr=0.01 ms=1478.3 buf=500000 plies=152128955 games=2298433 rejected=0 skipped=0 epoch=0 mom=0.9000 trainerStep=17800
[LAYER-HEALTH] live trainerStep=17800 scope=batch_norm_state_only reluSites=9/10 ch=1040 dead=0 off=0 alwaysOn=0 worst=none maxBetaOverGamma=+0.37@tower_final_bn[31] minBetaOverGamma=-0.22@blocks.2.bn1[17] rvMaxOverMedian=6.6@stem.bn[53] rezero=none nonFinite=0
[REPLAY] step=17850 loss=3.5892 pLoss=2.7498 vLoss=0.8269 pEnt=2.847 pIllM=0.0125 playedP=0.163 pW=0.47 pD=0.07 pL=0.46 vAbs=0.218 pLogitMean=0.5217 vLogitMean=1.6860 gNorm=1.134 lr=0.01 ms=1475.0 buf=500000 plies=152555600 games=2304825 rejected=0 skipped=0 epoch=0 mom=0.9000 trainerStep=17850
[LAYER-HEALTH] live trainerStep=17850 scope=batch_norm_state_only reluSites=9/10 ch=1040 dead=0 off=0 alwaysOn=0 worst=none maxBetaOverGamma=+0.37@tower_final_bn[31] minBetaOverGamma=-0.22@blocks.2.bn1[17] rvMaxOverMedian=6.7@stem.bn[53] rezero=none nonFinite=0
[REPLAY] step=17900 loss=3.6274 pLoss=2.7968 vLoss=0.8183 pEnt=2.872 pIllM=0.0124 playedP=0.158 pW=0.46 pD=0.07 pL=0.47 vAbs=0.217 pLogitMean=0.5224 vLogitMean=1.7202 gNorm=1.137 lr=0.01 ms=1514.4 buf=500000 plies=152982245 games=2311227 rejected=0 skipped=0 epoch=0 mom=0.9000 trainerStep=17900
[LAYER-HEALTH] live trainerStep=17900 scope=batch_norm_state_only reluSites=9/10 ch=1040 dead=0 off=0 alwaysOn=0 worst=none maxBetaOverGamma=+0.37@tower_final_bn[31] minBetaOverGamma=-0.22@blocks.2.bn1[17] rvMaxOverMedian=6.7@stem.bn[53] rezero=none nonFinite=0
[REPLAY] step=17950 loss=3.6546 pLoss=2.8337 vLoss=0.8103 pEnt=2.887 pIllM=0.0106 playedP=0.154 pW=0.49 pD=0.07 pL=0.44 vAbs=0.232 pLogitMean=0.5218 vLogitMean=1.7100 gNorm=1.182 lr=0.01 ms=1428.8 buf=500000 plies=153408905 games=2317605 rejected=0 skipped=0 epoch=0 mom=0.9000 trainerStep=17950
[LAYER-HEALTH] live trainerStep=17950 scope=batch_norm_state_only reluSites=9/10 ch=1040 dead=0 off=0 alwaysOn=0 worst=none maxBetaOverGamma=+0.37@tower_final_bn[31] minBetaOverGamma=-0.22@blocks.2.bn1[17] rvMaxOverMedian=6.6@stem.bn[53] rezero=none nonFinite=0
[REPLAY] step=18000 loss=3.6483 pLoss=2.8211 vLoss=0.8171 pEnt=2.882 pIllM=0.0100 playedP=0.155 pW=0.47 pD=0.07 pL=0.46 vAbs=0.214 pLogitMean=0.5234 vLogitMean=1.7172 gNorm=1.105 lr=0.01 ms=1520.2 buf=500000 plies=153835550 games=2323995 rejected=0 skipped=0 epoch=0 mom=0.9000 trainerStep=18000
[LAYER-HEALTH] live trainerStep=18000 scope=batch_norm_state_only reluSites=9/10 ch=1040 dead=0 off=0 alwaysOn=0 worst=none maxBetaOverGamma=+0.37@tower_final_bn[31] minBetaOverGamma=-0.22@blocks.2.bn1[17] rvMaxOverMedian=6.7@stem.bn[53] rezero=none nonFinite=0
[REPLAY] saved trainer model (autosave) step=18000 trainerStep=18000 nextGame=2323995 shard=5 epoch=0 -> 20261005-lrA-const01-replay-latest.safetensors
[LAYER-HEALTH] checkpoint replay-autosave step=18000 trainerStep=18000 scope=all_tensors reluSites=9/10 ch=1040 dead=0 off=0 alwaysOn=0 worst=none maxBetaOverGamma=+0.37@tower_final_bn[31] minBetaOverGamma=-0.22@blocks.2.bn1[17] rvMaxOverMedian=6.7@stem.bn[53] rezero=none nonFinite=0 seZeroVel=none valueFC1ZeroVel=0/128 maxAbs=3.274@blocks.0.bn2.running_var
[LAYER-HEALTH]   batch-norm sites — β/|γ|: dead < -3.00, mostly off < -2.00, always on > +3.00; classified for relu/leaky_relu only
[LAYER-HEALTH]     site            act            ch   dead    off     on  zeroγ nonfin  min β/|γ| [ch]     max β/|γ| [ch]     rv max/median [ch]
[LAYER-HEALTH]     stem.bn         -             128    n/a    n/a    n/a      0      0     -0.04 [85]         +0.04 [34]            6.7 [53]
[LAYER-HEALTH]     blocks.0.bn1    relu          128      0      0      0      0      0     -0.06 [97]         +0.16 [62]            1.8 [97]
[LAYER-HEALTH]     blocks.0.bn2    relu          128      0      0      0      0      0     -0.12 [32]         +0.06 [86]            2.3 [24]
[LAYER-HEALTH]     blocks.1.bn1    relu          128      0      0      0      0      0     -0.18 [17]         +0.12 [121]           3.4 [97]
[LAYER-HEALTH]     blocks.1.bn2    relu          128      0      0      0      0      0     -0.17 [69]         +0.06 [110]           1.5 [116]
[LAYER-HEALTH]     blocks.2.bn1    relu          128      0      0      0      0      0     -0.22 [17]         +0.12 [30]            2.3 [16]
[LAYER-HEALTH]     blocks.2.bn2    relu          128      0      0      0      0      0     -0.13 [92]         +0.15 [29]            1.4 [7]
[LAYER-HEALTH]     tower_final_bn  relu          128      0      0      0      0      0     -0.06 [37]         +0.37 [31]            5.1 [19]
[LAYER-HEALTH]     policy.pre_bn   relu          128      0      0      0      0      0     -0.03 [114]        +0.15 [7]             2.5 [47]
[LAYER-HEALTH]     value.bn        relu           16      0      0      0      0      0     -0.09 [10]         +0.02 [0]             1.6 [11]
[LAYER-HEALTH]   FC hidden-unit velocity — zero: every weight-velocity entry exactly 0; low: nonzero but < 5% of the layer's p90 unit norm
[LAYER-HEALTH]     value.fc1.weight  relu  units 128  zero 0  low 27  median unit norm 0.003949
[LAYER-HEALTH]     (no SE blocks)
[LAYER-HEALTH]   ReZero: none
[LAYER-HEALTH]   non-finite: 0 values in 0 of 102 tensors (10263038 values examined)
[LAYER-HEALTH]   largest |value|: blocks.0.bn2.running_var 3.274, blocks.2.bn1.running_mean 3.16, blocks.1.bn1.running_mean 2.421, tower_final_bn.running_mean 2.396, blocks.0.bn2.running_mean 2.176
[REPLAY] enumerated checkpoint -> 20261005-lrA-const01-replay-step18000.safetensors
[REPLAY] step=18050 loss=3.6226 pLoss=2.7933 vLoss=0.8167 pEnt=2.861 pIllM=0.0126 playedP=0.157 pW=0.48 pD=0.06 pL=0.46 vAbs=0.223 pLogitMean=0.5233 vLogitMean=1.7516 gNorm=1.209 lr=0.01 ms=1364.1 buf=500000 plies=154262183 games=2330326 rejected=0 skipped=0 epoch=0 mom=0.9000 trainerStep=18050
[LAYER-HEALTH] live trainerStep=18050 scope=batch_norm_state_only reluSites=9/10 ch=1040 dead=0 off=0 alwaysOn=0 worst=none maxBetaOverGamma=+0.37@tower_final_bn[31] minBetaOverGamma=-0.22@blocks.2.bn1[17] rvMaxOverMedian=6.6@stem.bn[53] rezero=none nonFinite=0
[REPLAY] step=18100 loss=3.6585 pLoss=2.8297 vLoss=0.8178 pEnt=2.904 pIllM=0.0110 playedP=0.151 pW=0.47 pD=0.07 pL=0.46 vAbs=0.212 pLogitMean=0.5230 vLogitMean=1.7483 gNorm=1.068 lr=0.01 ms=1444.3 buf=500000 plies=154688868 games=2336791 rejected=0 skipped=0 epoch=0 mom=0.9000 trainerStep=18100
[LAYER-HEALTH] live trainerStep=18100 scope=batch_norm_state_only reluSites=9/10 ch=1040 dead=0 off=0 alwaysOn=0 worst=none maxBetaOverGamma=+0.37@tower_final_bn[31] minBetaOverGamma=-0.22@blocks.2.bn1[17] rvMaxOverMedian=6.6@stem.bn[53] rezero=none nonFinite=0
[REPLAY] step=18150 loss=3.6265 pLoss=2.8139 vLoss=0.8008 pEnt=2.869 pIllM=0.0117 playedP=0.159 pW=0.48 pD=0.06 pL=0.46 vAbs=0.229 pLogitMean=0.5240 vLogitMean=1.7378 gNorm=1.080 lr=0.01 ms=1554.7 buf=500000 plies=155115483 games=2343231 rejected=0 skipped=0 epoch=0 mom=0.9000 trainerStep=18150
[LAYER-HEALTH] live trainerStep=18150 scope=batch_norm_state_only reluSites=9/10 ch=1040 dead=0 off=0 alwaysOn=0 worst=none maxBetaOverGamma=+0.37@tower_final_bn[31] minBetaOverGamma=-0.22@blocks.2.bn1[17] rvMaxOverMedian=6.6@stem.bn[53] rezero=none nonFinite=0
[REPLAY] step=18200 loss=3.6279 pLoss=2.8127 vLoss=0.8049 pEnt=2.857 pIllM=0.0102 playedP=0.163 pW=0.49 pD=0.07 pL=0.45 vAbs=0.223 pLogitMean=0.5242 vLogitMean=1.7212 gNorm=1.112 lr=0.01 ms=2700.2 buf=500000 plies=155542152 games=2349566 rejected=0 skipped=0 epoch=0 mom=0.9000 trainerStep=18200
[LAYER-HEALTH] live trainerStep=18200 scope=batch_norm_state_only reluSites=9/10 ch=1040 dead=0 off=0 alwaysOn=0 worst=none maxBetaOverGamma=+0.37@tower_final_bn[31] minBetaOverGamma=-0.22@blocks.2.bn1[17] rvMaxOverMedian=6.6@stem.bn[53] rezero=none nonFinite=0
[REPLAY] step=18250 loss=3.6621 pLoss=2.8393 vLoss=0.8126 pEnt=2.872 pIllM=0.0102 playedP=0.160 pW=0.48 pD=0.07 pL=0.46 vAbs=0.210 pLogitMean=0.5230 vLogitMean=1.7274 gNorm=1.101 lr=0.01 ms=2394.3 buf=500000 plies=155968775 games=2355958 rejected=0 skipped=0 epoch=0 mom=0.9000 trainerStep=18250
[LAYER-HEALTH] live trainerStep=18250 scope=batch_norm_state_only reluSites=9/10 ch=1040 dead=0 off=0 alwaysOn=0 worst=none maxBetaOverGamma=+0.37@tower_final_bn[31] minBetaOverGamma=-0.22@blocks.2.bn1[17] rvMaxOverMedian=6.6@stem.bn[53] rezero=none nonFinite=0
[REPLAY] step=18300 loss=3.6139 pLoss=2.7923 vLoss=0.8110 pEnt=2.858 pIllM=0.0106 playedP=0.162 pW=0.47 pD=0.07 pL=0.47 vAbs=0.214 pLogitMean=0.5246 vLogitMean=1.6983 gNorm=1.116 lr=0.01 ms=2632.8 buf=500000 plies=156395431 games=2362358 rejected=0 skipped=0 epoch=0 mom=0.9000 trainerStep=18300
[LAYER-HEALTH] live trainerStep=18300 scope=batch_norm_state_only reluSites=9/10 ch=1040 dead=0 off=0 alwaysOn=0 worst=none maxBetaOverGamma=+0.37@tower_final_bn[31] minBetaOverGamma=-0.22@blocks.2.bn1[17] rvMaxOverMedian=6.7@stem.bn[53] rezero=none nonFinite=0
[REPLAY] step=18350 loss=3.6360 pLoss=2.8066 vLoss=0.8186 pEnt=2.877 pIllM=0.0107 playedP=0.158 pW=0.47 pD=0.07 pL=0.46 vAbs=0.220 pLogitMean=0.5245 vLogitMean=1.7066 gNorm=1.145 lr=0.01 ms=2698.1 buf=500000 plies=156822085 games=2368700 rejected=0 skipped=0 epoch=0 mom=0.9000 trainerStep=18350
[LAYER-HEALTH] live trainerStep=18350 scope=batch_norm_state_only reluSites=9/10 ch=1040 dead=0 off=0 alwaysOn=0 worst=none maxBetaOverGamma=+0.37@tower_final_bn[31] minBetaOverGamma=-0.23@blocks.2.bn1[17] rvMaxOverMedian=6.5@stem.bn[53] rezero=none nonFinite=0
[REPLAY] step=18400 loss=3.5974 pLoss=2.7769 vLoss=0.8095 pEnt=2.860 pIllM=0.0110 playedP=0.160 pW=0.47 pD=0.08 pL=0.46 vAbs=0.226 pLogitMean=0.5244 vLogitMean=1.7099 gNorm=1.152 lr=0.01 ms=2218.6 buf=500000 plies=157248771 games=2375126 rejected=0 skipped=0 epoch=0 mom=0.9000 trainerStep=18400
[LAYER-HEALTH] live trainerStep=18400 scope=batch_norm_state_only reluSites=9/10 ch=1040 dead=0 off=0 alwaysOn=0 worst=none maxBetaOverGamma=+0.37@tower_final_bn[31] minBetaOverGamma=-0.23@blocks.2.bn1[17] rvMaxOverMedian=6.5@stem.bn[53] rezero=none nonFinite=0
[REPLAY] step=18450 loss=3.6135 pLoss=2.7838 vLoss=0.8192 pEnt=2.895 pIllM=0.0106 playedP=0.157 pW=0.46 pD=0.07 pL=0.47 vAbs=0.221 pLogitMean=0.5236 vLogitMean=1.7276 gNorm=1.244 lr=0.01 ms=2348.0 buf=500000 plies=157675410 games=2381448 rejected=0 skipped=0 epoch=0 mom=0.9000 trainerStep=18450
[LAYER-HEALTH] live trainerStep=18450 scope=batch_norm_state_only reluSites=9/10 ch=1040 dead=0 off=0 alwaysOn=0 worst=none maxBetaOverGamma=+0.37@tower_final_bn[31] minBetaOverGamma=-0.23@blocks.2.bn1[17] rvMaxOverMedian=6.6@stem.bn[53] rezero=none nonFinite=0
[REPLAY] step=18500 loss=3.6238 pLoss=2.8045 vLoss=0.8087 pEnt=2.890 pIllM=0.0106 playedP=0.155 pW=0.47 pD=0.06 pL=0.46 vAbs=0.220 pLogitMean=0.5239 vLogitMean=1.7414 gNorm=0.987 lr=0.01 ms=2610.3 buf=500000 plies=158102039 games=2387794 rejected=0 skipped=0 epoch=0 mom=0.9000 trainerStep=18500
[LAYER-HEALTH] live trainerStep=18500 scope=batch_norm_state_only reluSites=9/10 ch=1040 dead=0 off=0 alwaysOn=0 worst=none maxBetaOverGamma=+0.37@tower_final_bn[31] minBetaOverGamma=-0.23@blocks.2.bn1[17] rvMaxOverMedian=6.4@stem.bn[53] rezero=none nonFinite=0
[REPLAY] step=18550 loss=3.6353 pLoss=2.8043 vLoss=0.8206 pEnt=2.873 pIllM=0.0104 playedP=0.159 pW=0.48 pD=0.06 pL=0.46 vAbs=0.212 pLogitMean=0.5239 vLogitMean=1.7468 gNorm=1.031 lr=0.01 ms=2375.4 buf=500000 plies=158528678 games=2394184 rejected=0 skipped=0 epoch=0 mom=0.9000 trainerStep=18550
[LAYER-HEALTH] live trainerStep=18550 scope=batch_norm_state_only reluSites=9/10 ch=1040 dead=0 off=0 alwaysOn=0 worst=none maxBetaOverGamma=+0.37@tower_final_bn[31] minBetaOverGamma=-0.23@blocks.2.bn1[17] rvMaxOverMedian=6.4@stem.bn[53] rezero=none nonFinite=0
[REPLAY] step=18600 loss=3.6450 pLoss=2.8117 vLoss=0.8234 pEnt=2.871 pIllM=0.0099 playedP=0.158 pW=0.47 pD=0.07 pL=0.46 vAbs=0.221 pLogitMean=0.5247 vLogitMean=1.6938 gNorm=1.075 lr=0.01 ms=2824.2 buf=500000 plies=158955369 games=2400521 rejected=0 skipped=0 epoch=0 mom=0.9000 trainerStep=18600
[LAYER-HEALTH] live trainerStep=18600 scope=batch_norm_state_only reluSites=9/10 ch=1040 dead=0 off=0 alwaysOn=0 worst=none maxBetaOverGamma=+0.37@tower_final_bn[31] minBetaOverGamma=-0.23@blocks.2.bn1[17] rvMaxOverMedian=6.2@stem.bn[53] rezero=none nonFinite=0
[REPLAY] step=18650 loss=3.6391 pLoss=2.8155 vLoss=0.8123 pEnt=2.885 pIllM=0.0113 playedP=0.154 pW=0.48 pD=0.06 pL=0.46 vAbs=0.223 pLogitMean=0.5246 vLogitMean=1.7146 gNorm=1.166 lr=0.01 ms=2387.9 buf=500000 plies=159381982 games=2406894 rejected=0 skipped=0 epoch=0 mom=0.9000 trainerStep=18650
[LAYER-HEALTH] live trainerStep=18650 scope=batch_norm_state_only reluSites=9/10 ch=1040 dead=0 off=0 alwaysOn=0 worst=none maxBetaOverGamma=+0.37@tower_final_bn[31] minBetaOverGamma=-0.23@blocks.2.bn1[17] rvMaxOverMedian=6.2@stem.bn[53] rezero=none nonFinite=0
[REPLAY] step=18700 loss=3.5817 pLoss=2.7551 vLoss=0.8163 pEnt=2.836 pIllM=0.0104 playedP=0.162 pW=0.46 pD=0.07 pL=0.47 vAbs=0.224 pLogitMean=0.5238 vLogitMean=1.6993 gNorm=1.159 lr=0.01 ms=1457.7 buf=500000 plies=159808639 games=2413259 rejected=0 skipped=0 epoch=0 mom=0.9000 trainerStep=18700
[LAYER-HEALTH] live trainerStep=18700 scope=batch_norm_state_only reluSites=9/10 ch=1040 dead=0 off=0 alwaysOn=0 worst=none maxBetaOverGamma=+0.37@tower_final_bn[31] minBetaOverGamma=-0.23@blocks.2.bn1[17] rvMaxOverMedian=6.2@stem.bn[53] rezero=none nonFinite=0
[REPLAY] step=18750 loss=3.6309 pLoss=2.8001 vLoss=0.8197 pEnt=2.853 pIllM=0.0111 playedP=0.165 pW=0.47 pD=0.07 pL=0.46 vAbs=0.218 pLogitMean=0.5255 vLogitMean=1.6926 gNorm=1.123 lr=0.01 ms=1389.0 buf=500000 plies=160235284 games=2419632 rejected=0 skipped=0 epoch=0 mom=0.9000 trainerStep=18750
[LAYER-HEALTH] live trainerStep=18750 scope=batch_norm_state_only reluSites=9/10 ch=1040 dead=0 off=0 alwaysOn=0 worst=none maxBetaOverGamma=+0.37@tower_final_bn[31] minBetaOverGamma=-0.23@blocks.2.bn1[17] rvMaxOverMedian=6.2@stem.bn[53] rezero=none nonFinite=0
[REPLAY] step=18800 loss=3.5977 pLoss=2.7730 vLoss=0.8140 pEnt=2.854 pIllM=0.0108 playedP=0.164 pW=0.47 pD=0.07 pL=0.46 vAbs=0.234 pLogitMean=0.5254 vLogitMean=1.7163 gNorm=1.045 lr=0.01 ms=1321.1 buf=500000 plies=160661954 games=2426061 rejected=0 skipped=0 epoch=0 mom=0.9000 trainerStep=18800
[LAYER-HEALTH] live trainerStep=18800 scope=batch_norm_state_only reluSites=9/10 ch=1040 dead=0 off=0 alwaysOn=0 worst=none maxBetaOverGamma=+0.37@tower_final_bn[31] minBetaOverGamma=-0.23@blocks.2.bn1[17] rvMaxOverMedian=6.3@stem.bn[53] rezero=none nonFinite=0
[REPLAY] step=18850 loss=3.6077 pLoss=2.7872 vLoss=0.8091 pEnt=2.867 pIllM=0.0113 playedP=0.158 pW=0.47 pD=0.07 pL=0.47 vAbs=0.225 pLogitMean=0.5254 vLogitMean=1.7294 gNorm=1.054 lr=0.01 ms=1429.3 buf=500000 plies=161088579 games=2432458 rejected=0 skipped=0 epoch=0 mom=0.9000 trainerStep=18850
[LAYER-HEALTH] live trainerStep=18850 scope=batch_norm_state_only reluSites=9/10 ch=1040 dead=0 off=0 alwaysOn=0 worst=none maxBetaOverGamma=+0.37@tower_final_bn[31] minBetaOverGamma=-0.23@blocks.2.bn1[17] rvMaxOverMedian=6.3@stem.bn[53] rezero=none nonFinite=0
[REPLAY] step=18900 loss=3.6287 pLoss=2.8100 vLoss=0.8078 pEnt=2.875 pIllM=0.0109 playedP=0.157 pW=0.47 pD=0.07 pL=0.46 vAbs=0.208 pLogitMean=0.5244 vLogitMean=1.6959 gNorm=1.044 lr=0.01 ms=1447.8 buf=500000 plies=161515221 games=2438868 rejected=0 skipped=0 epoch=0 mom=0.9000 trainerStep=18900
[LAYER-HEALTH] live trainerStep=18900 scope=batch_norm_state_only reluSites=9/10 ch=1040 dead=0 off=0 alwaysOn=0 worst=none maxBetaOverGamma=+0.37@tower_final_bn[31] minBetaOverGamma=-0.23@blocks.2.bn1[17] rvMaxOverMedian=6.5@stem.bn[53] rezero=none nonFinite=0
[REPLAY] step=18950 loss=3.6122 pLoss=2.7857 vLoss=0.8149 pEnt=2.860 pIllM=0.0116 playedP=0.161 pW=0.46 pD=0.07 pL=0.47 vAbs=0.220 pLogitMean=0.5256 vLogitMean=1.6807 gNorm=1.212 lr=0.01 ms=1439.3 buf=500000 plies=161941880 games=2445239 rejected=0 skipped=0 epoch=0 mom=0.9000 trainerStep=18950
[LAYER-HEALTH] live trainerStep=18950 scope=batch_norm_state_only reluSites=9/10 ch=1040 dead=0 off=0 alwaysOn=0 worst=none maxBetaOverGamma=+0.37@tower_final_bn[31] minBetaOverGamma=-0.23@blocks.2.bn1[17] rvMaxOverMedian=6.5@stem.bn[53] rezero=none nonFinite=0
[REPLAY] step=19000 loss=3.5729 pLoss=2.7616 vLoss=0.8006 pEnt=2.874 pIllM=0.0106 playedP=0.161 pW=0.47 pD=0.07 pL=0.46 vAbs=0.231 pLogitMean=0.5267 vLogitMean=1.7020 gNorm=1.050 lr=0.01 ms=1348.2 buf=500000 plies=162368577 games=2451597 rejected=0 skipped=0 epoch=0 mom=0.9000 trainerStep=19000
[LAYER-HEALTH] live trainerStep=19000 scope=batch_norm_state_only reluSites=9/10 ch=1040 dead=0 off=0 alwaysOn=0 worst=none maxBetaOverGamma=+0.37@tower_final_bn[31] minBetaOverGamma=-0.23@blocks.2.bn1[17] rvMaxOverMedian=6.5@stem.bn[53] rezero=none nonFinite=0
[REPLAY] saved trainer model (autosave) step=19000 trainerStep=19000 nextGame=2451597 shard=5 epoch=0 -> 20261005-lrA-const01-replay-latest.safetensors
[LAYER-HEALTH] checkpoint replay-autosave step=19000 trainerStep=19000 scope=all_tensors reluSites=9/10 ch=1040 dead=0 off=0 alwaysOn=0 worst=none maxBetaOverGamma=+0.37@tower_final_bn[31] minBetaOverGamma=-0.23@blocks.2.bn1[17] rvMaxOverMedian=6.5@stem.bn[53] rezero=none nonFinite=0 seZeroVel=none valueFC1ZeroVel=0/128 maxAbs=3.243@blocks.2.bn1.running_mean
[LAYER-HEALTH]   batch-norm sites — β/|γ|: dead < -3.00, mostly off < -2.00, always on > +3.00; classified for relu/leaky_relu only
[LAYER-HEALTH]     site            act            ch   dead    off     on  zeroγ nonfin  min β/|γ| [ch]     max β/|γ| [ch]     rv max/median [ch]
[LAYER-HEALTH]     stem.bn         -             128    n/a    n/a    n/a      0      0     -0.05 [85]         +0.04 [62]            6.5 [53]
[LAYER-HEALTH]     blocks.0.bn1    relu          128      0      0      0      0      0     -0.07 [97]         +0.16 [62]            1.8 [97]
[LAYER-HEALTH]     blocks.0.bn2    relu          128      0      0      0      0      0     -0.13 [32]         +0.06 [14]            2.3 [24]
[LAYER-HEALTH]     blocks.1.bn1    relu          128      0      0      0      0      0     -0.19 [17]         +0.12 [121]           3.6 [97]
[LAYER-HEALTH]     blocks.1.bn2    relu          128      0      0      0      0      0     -0.18 [69]         +0.06 [110]           1.6 [25]
[LAYER-HEALTH]     blocks.2.bn1    relu          128      0      0      0      0      0     -0.23 [17]         +0.12 [30]            2.4 [97]
[LAYER-HEALTH]     blocks.2.bn2    relu          128      0      0      0      0      0     -0.14 [92]         +0.15 [29]            1.4 [7]
[LAYER-HEALTH]     tower_final_bn  relu          128      0      0      0      0      0     -0.06 [37]         +0.37 [31]            5.1 [19]
[LAYER-HEALTH]     policy.pre_bn   relu          128      0      0      0      0      0     -0.03 [114]        +0.15 [7]             2.6 [32]
[LAYER-HEALTH]     value.bn        relu           16      0      0      0      0      0     -0.09 [10]         +0.02 [0]             1.7 [11]
[LAYER-HEALTH]   FC hidden-unit velocity — zero: every weight-velocity entry exactly 0; low: nonzero but < 5% of the layer's p90 unit norm
[LAYER-HEALTH]     value.fc1.weight  relu  units 128  zero 0  low 39  median unit norm 0.006079
[LAYER-HEALTH]     (no SE blocks)
[LAYER-HEALTH]   ReZero: none
[LAYER-HEALTH]   non-finite: 0 values in 0 of 102 tensors (10263038 values examined)
[LAYER-HEALTH]   largest |value|: blocks.2.bn1.running_mean 3.243, blocks.0.bn2.running_var 3.212, blocks.1.bn1.running_mean 2.587, tower_final_bn.running_mean 2.384, blocks.2.bn2.running_var 2.186
[REPLAY] enumerated checkpoint -> 20261005-lrA-const01-replay-step19000.safetensors
[REPLAY] step=19050 loss=3.6051 pLoss=2.7985 vLoss=0.7967 pEnt=2.860 pIllM=0.0100 playedP=0.163 pW=0.46 pD=0.07 pL=0.47 vAbs=0.218 pLogitMean=0.5262 vLogitMean=1.6738 gNorm=1.070 lr=0.01 ms=1296.8 buf=500000 plies=162795201 games=2457916 rejected=0 skipped=0 epoch=0 mom=0.9000 trainerStep=19050
[LAYER-HEALTH] live trainerStep=19050 scope=batch_norm_state_only reluSites=9/10 ch=1040 dead=0 off=0 alwaysOn=0 worst=none maxBetaOverGamma=+0.37@tower_final_bn[31] minBetaOverGamma=-0.23@blocks.2.bn1[17] rvMaxOverMedian=6.6@stem.bn[53] rezero=none nonFinite=0
[REPLAY] step=19100 loss=3.5936 pLoss=2.7904 vLoss=0.7933 pEnt=2.877 pIllM=0.0099 playedP=0.158 pW=0.46 pD=0.06 pL=0.48 vAbs=0.222 pLogitMean=0.5267 vLogitMean=1.6601 gNorm=1.048 lr=0.01 ms=1481.0 buf=500000 plies=163221856 games=2464396 rejected=0 skipped=0 epoch=0 mom=0.9000 trainerStep=19100
[LAYER-HEALTH] live trainerStep=19100 scope=batch_norm_state_only reluSites=9/10 ch=1040 dead=0 off=0 alwaysOn=0 worst=none maxBetaOverGamma=+0.37@tower_final_bn[31] minBetaOverGamma=-0.23@blocks.2.bn1[17] rvMaxOverMedian=6.7@stem.bn[53] rezero=none nonFinite=0
[REPLAY] step=19150 loss=3.6179 pLoss=2.7800 vLoss=0.8270 pEnt=2.877 pIllM=0.0108 playedP=0.160 pW=0.47 pD=0.07 pL=0.46 vAbs=0.217 pLogitMean=0.5277 vLogitMean=1.6789 gNorm=1.218 lr=0.01 ms=1324.7 buf=500000 plies=163648489 games=2470775 rejected=0 skipped=0 epoch=0 mom=0.9000 trainerStep=19150
[LAYER-HEALTH] live trainerStep=19150 scope=batch_norm_state_only reluSites=9/10 ch=1040 dead=0 off=0 alwaysOn=0 worst=none maxBetaOverGamma=+0.37@tower_final_bn[31] minBetaOverGamma=-0.24@blocks.2.bn1[17] rvMaxOverMedian=6.7@stem.bn[53] rezero=none nonFinite=0
[REPLAY] step=19200 loss=3.6012 pLoss=2.7725 vLoss=0.8188 pEnt=2.851 pIllM=0.0099 playedP=0.165 pW=0.48 pD=0.07 pL=0.46 vAbs=0.232 pLogitMean=0.5275 vLogitMean=1.6631 gNorm=1.121 lr=0.01 ms=1291.3 buf=500000 plies=164075158 games=2477139 rejected=0 skipped=0 epoch=0 mom=0.9000 trainerStep=19200
[LAYER-HEALTH] live trainerStep=19200 scope=batch_norm_state_only reluSites=9/10 ch=1040 dead=0 off=0 alwaysOn=0 worst=none maxBetaOverGamma=+0.37@tower_final_bn[31] minBetaOverGamma=-0.24@blocks.2.bn1[17] rvMaxOverMedian=6.7@stem.bn[53] rezero=none nonFinite=0
[REPLAY] step=19250 loss=3.6552 pLoss=2.8266 vLoss=0.8185 pEnt=2.893 pIllM=0.0101 playedP=0.153 pW=0.48 pD=0.06 pL=0.45 vAbs=0.212 pLogitMean=0.5276 vLogitMean=1.6870 gNorm=1.100 lr=0.01 ms=1474.0 buf=500000 plies=164501797 games=2483470 rejected=0 skipped=0 epoch=0 mom=0.9000 trainerStep=19250
[LAYER-HEALTH] live trainerStep=19250 scope=batch_norm_state_only reluSites=9/10 ch=1040 dead=0 off=0 alwaysOn=0 worst=none maxBetaOverGamma=+0.37@tower_final_bn[31] minBetaOverGamma=-0.24@blocks.2.bn1[17] rvMaxOverMedian=6.6@stem.bn[53] rezero=none nonFinite=0
[REPLAY] step=19300 loss=3.6325 pLoss=2.7979 vLoss=0.8242 pEnt=2.854 pIllM=0.0104 playedP=0.158 pW=0.47 pD=0.07 pL=0.46 vAbs=0.221 pLogitMean=0.5283 vLogitMean=1.6582 gNorm=1.200 lr=0.01 ms=1324.8 buf=500000 plies=164928425 games=2489780 rejected=0 skipped=0 epoch=0 mom=0.9000 trainerStep=19300
[LAYER-HEALTH] live trainerStep=19300 scope=batch_norm_state_only reluSites=9/10 ch=1040 dead=0 off=0 alwaysOn=0 worst=none maxBetaOverGamma=+0.37@tower_final_bn[31] minBetaOverGamma=-0.24@blocks.2.bn1[17] rvMaxOverMedian=6.6@stem.bn[53] rezero=none nonFinite=0
[REPLAY] step=19350 loss=3.5957 pLoss=2.7679 vLoss=0.8182 pEnt=2.863 pIllM=0.0096 playedP=0.161 pW=0.47 pD=0.07 pL=0.46 vAbs=0.225 pLogitMean=0.5293 vLogitMean=1.6467 gNorm=1.107 lr=0.01 ms=1349.7 buf=500000 plies=165355138 games=2496115 rejected=0 skipped=0 epoch=0 mom=0.9000 trainerStep=19350
[LAYER-HEALTH] live trainerStep=19350 scope=batch_norm_state_only reluSites=9/10 ch=1040 dead=0 off=0 alwaysOn=0 worst=none maxBetaOverGamma=+0.37@tower_final_bn[31] minBetaOverGamma=-0.24@blocks.2.bn1[17] rvMaxOverMedian=6.6@stem.bn[53] rezero=none nonFinite=0
[REPLAY] step=19400 loss=3.5917 pLoss=2.7750 vLoss=0.8061 pEnt=2.871 pIllM=0.0106 playedP=0.164 pW=0.47 pD=0.07 pL=0.46 vAbs=0.211 pLogitMean=0.5272 vLogitMean=1.6277 gNorm=1.016 lr=0.01 ms=1346.5 buf=500000 plies=165781729 games=2502489 rejected=0 skipped=0 epoch=0 mom=0.9000 trainerStep=19400
[LAYER-HEALTH] live trainerStep=19400 scope=batch_norm_state_only reluSites=9/10 ch=1040 dead=0 off=0 alwaysOn=0 worst=none maxBetaOverGamma=+0.37@tower_final_bn[31] minBetaOverGamma=-0.24@blocks.2.bn1[17] rvMaxOverMedian=6.6@stem.bn[53] rezero=none nonFinite=0
[REPLAY] step=19450 loss=3.6146 pLoss=2.7944 vLoss=0.8095 pEnt=2.866 pIllM=0.0106 playedP=0.163 pW=0.46 pD=0.06 pL=0.48 vAbs=0.217 pLogitMean=0.5284 vLogitMean=1.6581 gNorm=1.015 lr=0.01 ms=1321.8 buf=500000 plies=166208476 games=2508903 rejected=0 skipped=0 epoch=0 mom=0.9000 trainerStep=19450
[LAYER-HEALTH] live trainerStep=19450 scope=batch_norm_state_only reluSites=9/10 ch=1040 dead=0 off=0 alwaysOn=0 worst=none maxBetaOverGamma=+0.37@tower_final_bn[31] minBetaOverGamma=-0.24@blocks.2.bn1[17] rvMaxOverMedian=6.5@stem.bn[53] rezero=none nonFinite=0
[REPLAY] step=19500 loss=3.6305 pLoss=2.7936 vLoss=0.8266 pEnt=2.859 pIllM=0.0103 playedP=0.163 pW=0.47 pD=0.08 pL=0.45 vAbs=0.207 pLogitMean=0.5276 vLogitMean=1.6276 gNorm=1.216 lr=0.01 ms=1149.7 buf=500000 plies=166635028 games=2515267 rejected=0 skipped=0 epoch=0 mom=0.9000 trainerStep=19500
[LAYER-HEALTH] live trainerStep=19500 scope=batch_norm_state_only reluSites=9/10 ch=1040 dead=0 off=0 alwaysOn=0 worst=none maxBetaOverGamma=+0.37@tower_final_bn[31] minBetaOverGamma=-0.24@blocks.2.bn1[17] rvMaxOverMedian=6.4@stem.bn[53] rezero=none nonFinite=0
[REPLAY] step=19550 loss=3.6010 pLoss=2.7780 vLoss=0.8129 pEnt=2.882 pIllM=0.0101 playedP=0.157 pW=0.46 pD=0.06 pL=0.48 vAbs=0.222 pLogitMean=0.5286 vLogitMean=1.6410 gNorm=1.171 lr=0.01 ms=1292.4 buf=500000 plies=167061742 games=2521662 rejected=0 skipped=0 epoch=0 mom=0.9000 trainerStep=19550
[LAYER-HEALTH] live trainerStep=19550 scope=batch_norm_state_only reluSites=9/10 ch=1040 dead=0 off=0 alwaysOn=0 worst=none maxBetaOverGamma=+0.37@tower_final_bn[31] minBetaOverGamma=-0.24@blocks.2.bn1[17] rvMaxOverMedian=6.5@stem.bn[53] rezero=none nonFinite=0
[REPLAY] step=19600 loss=3.6604 pLoss=2.8155 vLoss=0.8350 pEnt=2.899 pIllM=0.0099 playedP=0.152 pW=0.47 pD=0.07 pL=0.46 vAbs=0.212 pLogitMean=0.5291 vLogitMean=1.5830 gNorm=1.153 lr=0.01 ms=1309.5 buf=500000 plies=167488331 games=2528030 rejected=0 skipped=0 epoch=0 mom=0.9000 trainerStep=19600
[LAYER-HEALTH] live trainerStep=19600 scope=batch_norm_state_only reluSites=9/10 ch=1040 dead=0 off=0 alwaysOn=0 worst=none maxBetaOverGamma=+0.37@tower_final_bn[31] minBetaOverGamma=-0.24@blocks.2.bn1[17] rvMaxOverMedian=6.6@stem.bn[53] rezero=none nonFinite=0
[REPLAY] step=19650 loss=3.6238 pLoss=2.7875 vLoss=0.8260 pEnt=2.866 pIllM=0.0103 playedP=0.162 pW=0.46 pD=0.07 pL=0.47 vAbs=0.210 pLogitMean=0.5299 vLogitMean=1.5967 gNorm=1.209 lr=0.01 ms=1347.9 buf=500000 plies=167915022 games=2534370 rejected=0 skipped=0 epoch=0 mom=0.9000 trainerStep=19650
[LAYER-HEALTH] live trainerStep=19650 scope=batch_norm_state_only reluSites=9/10 ch=1040 dead=0 off=0 alwaysOn=0 worst=none maxBetaOverGamma=+0.37@tower_final_bn[31] minBetaOverGamma=-0.24@blocks.2.bn1[17] rvMaxOverMedian=6.5@stem.bn[53] rezero=none nonFinite=0
[REPLAY] step=19700 loss=3.6390 pLoss=2.8343 vLoss=0.7946 pEnt=2.854 pIllM=0.0101 playedP=0.165 pW=0.47 pD=0.06 pL=0.47 vAbs=0.216 pLogitMean=0.5307 vLogitMean=1.5881 gNorm=1.212 lr=0.01 ms=1276.6 buf=500000 plies=168341688 games=2540798 rejected=0 skipped=0 epoch=0 mom=0.9000 trainerStep=19700
[LAYER-HEALTH] live trainerStep=19700 scope=batch_norm_state_only reluSites=9/10 ch=1040 dead=0 off=0 alwaysOn=0 worst=none maxBetaOverGamma=+0.37@tower_final_bn[31] minBetaOverGamma=-0.24@blocks.2.bn1[17] rvMaxOverMedian=6.5@stem.bn[53] rezero=none nonFinite=0
[REPLAY] step=19750 loss=3.6287 pLoss=2.8271 vLoss=0.7932 pEnt=2.883 pIllM=0.0084 playedP=0.155 pW=0.48 pD=0.06 pL=0.46 vAbs=0.214 pLogitMean=0.5311 vLogitMean=1.5875 gNorm=1.172 lr=0.01 ms=1398.6 buf=500000 plies=168768321 games=2547178 rejected=0 skipped=0 epoch=0 mom=0.9000 trainerStep=19750
[LAYER-HEALTH] live trainerStep=19750 scope=batch_norm_state_only reluSites=9/10 ch=1040 dead=0 off=0 alwaysOn=0 worst=none maxBetaOverGamma=+0.37@tower_final_bn[31] minBetaOverGamma=-0.24@blocks.2.bn1[17] rvMaxOverMedian=6.5@stem.bn[53] rezero=none nonFinite=0
[REPLAY] step=19800 loss=3.6119 pLoss=2.7915 vLoss=0.8104 pEnt=2.866 pIllM=0.0100 playedP=0.163 pW=0.46 pD=0.07 pL=0.48 vAbs=0.219 pLogitMean=0.5306 vLogitMean=1.5629 gNorm=1.142 lr=0.01 ms=1388.7 buf=500000 plies=169194976 games=2553596 rejected=0 skipped=0 epoch=0 mom=0.9000 trainerStep=19800
[LAYER-HEALTH] live trainerStep=19800 scope=batch_norm_state_only reluSites=9/10 ch=1040 dead=0 off=0 alwaysOn=0 worst=none maxBetaOverGamma=+0.38@tower_final_bn[31] minBetaOverGamma=-0.24@blocks.2.bn1[17] rvMaxOverMedian=6.5@stem.bn[53] rezero=none nonFinite=0
[REPLAY] step=19850 loss=3.6429 pLoss=2.8224 vLoss=0.8105 pEnt=2.912 pIllM=0.0100 playedP=0.150 pW=0.47 pD=0.07 pL=0.47 vAbs=0.219 pLogitMean=0.5307 vLogitMean=1.5757 gNorm=1.163 lr=0.01 ms=1323.7 buf=500000 plies=169621609 games=2559939 rejected=0 skipped=0 epoch=0 mom=0.9000 trainerStep=19850
[LAYER-HEALTH] live trainerStep=19850 scope=batch_norm_state_only reluSites=9/10 ch=1040 dead=0 off=0 alwaysOn=0 worst=none maxBetaOverGamma=+0.38@tower_final_bn[31] minBetaOverGamma=-0.24@blocks.2.bn1[17] rvMaxOverMedian=6.5@stem.bn[53] rezero=none nonFinite=0
[REPLAY] step=19900 loss=3.6120 pLoss=2.7826 vLoss=0.8201 pEnt=2.873 pIllM=0.0093 playedP=0.159 pW=0.47 pD=0.07 pL=0.45 vAbs=0.234 pLogitMean=0.5308 vLogitMean=1.5525 gNorm=0.999 lr=0.01 ms=1337.7 buf=500000 plies=170048267 games=2566275 rejected=0 skipped=0 epoch=0 mom=0.9000 trainerStep=19900
[LAYER-HEALTH] live trainerStep=19900 scope=batch_norm_state_only reluSites=9/10 ch=1040 dead=0 off=0 alwaysOn=0 worst=none maxBetaOverGamma=+0.38@tower_final_bn[31] minBetaOverGamma=-0.24@blocks.2.bn1[17] rvMaxOverMedian=6.4@stem.bn[53] rezero=none nonFinite=0
[REPLAY] step=19950 loss=3.5886 pLoss=2.7735 vLoss=0.8054 pEnt=2.880 pIllM=0.0097 playedP=0.158 pW=0.46 pD=0.06 pL=0.47 vAbs=0.233 pLogitMean=0.5305 vLogitMean=1.5776 gNorm=1.182 lr=0.01 ms=1312.1 buf=500000 plies=170474903 games=2572676 rejected=0 skipped=0 epoch=0 mom=0.9000 trainerStep=19950
[LAYER-HEALTH] live trainerStep=19950 scope=batch_norm_state_only reluSites=9/10 ch=1040 dead=0 off=0 alwaysOn=0 worst=none maxBetaOverGamma=+0.38@tower_final_bn[31] minBetaOverGamma=-0.24@blocks.2.bn1[17] rvMaxOverMedian=6.5@stem.bn[53] rezero=none nonFinite=0
[REPLAY] step=20000 loss=3.6080 pLoss=2.7884 vLoss=0.8096 pEnt=2.895 pIllM=0.0099 playedP=0.155 pW=0.46 pD=0.06 pL=0.48 vAbs=0.210 pLogitMean=0.5306 vLogitMean=1.5752 gNorm=1.174 lr=0.01 ms=1298.0 buf=500000 plies=170901532 games=2579110 rejected=0 skipped=0 epoch=0 mom=0.9000 trainerStep=20000
[LAYER-HEALTH] live trainerStep=20000 scope=batch_norm_state_only reluSites=9/10 ch=1040 dead=0 off=0 alwaysOn=0 worst=none maxBetaOverGamma=+0.38@tower_final_bn[31] minBetaOverGamma=-0.25@blocks.2.bn1[17] rvMaxOverMedian=6.6@stem.bn[53] rezero=none nonFinite=0
[REPLAY] saved trainer model (autosave) step=20000 trainerStep=20000 nextGame=2579110 shard=5 epoch=0 -> 20261005-lrA-const01-replay-latest.safetensors
[LAYER-HEALTH] checkpoint replay-autosave step=20000 trainerStep=20000 scope=all_tensors reluSites=9/10 ch=1040 dead=0 off=0 alwaysOn=0 worst=none maxBetaOverGamma=+0.38@tower_final_bn[31] minBetaOverGamma=-0.25@blocks.2.bn1[17] rvMaxOverMedian=6.6@stem.bn[53] rezero=none nonFinite=0 seZeroVel=none valueFC1ZeroVel=0/128 maxAbs=3.387@blocks.0.bn2.running_var
[LAYER-HEALTH]   batch-norm sites — β/|γ|: dead < -3.00, mostly off < -2.00, always on > +3.00; classified for relu/leaky_relu only
[LAYER-HEALTH]     site            act            ch   dead    off     on  zeroγ nonfin  min β/|γ| [ch]     max β/|γ| [ch]     rv max/median [ch]
[LAYER-HEALTH]     stem.bn         -             128    n/a    n/a    n/a      0      0     -0.05 [85]         +0.04 [62]            6.6 [53]
[LAYER-HEALTH]     blocks.0.bn1    relu          128      0      0      0      0      0     -0.07 [97]         +0.17 [62]            1.8 [97]
[LAYER-HEALTH]     blocks.0.bn2    relu          128      0      0      0      0      0     -0.13 [32]         +0.06 [86]            2.4 [24]
[LAYER-HEALTH]     blocks.1.bn1    relu          128      0      0      0      0      0     -0.21 [17]         +0.12 [121]           3.7 [97]
[LAYER-HEALTH]     blocks.1.bn2    relu          128      0      0      0      0      0     -0.20 [69]         +0.07 [110]           1.5 [25]
[LAYER-HEALTH]     blocks.2.bn1    relu          128      0      0      0      0      0     -0.25 [17]         +0.12 [30]            2.6 [97]
[LAYER-HEALTH]     blocks.2.bn2    relu          128      0      0      0      0      0     -0.15 [92]         +0.15 [29]            1.4 [7]
[LAYER-HEALTH]     tower_final_bn  relu          128      0      0      0      0      0     -0.06 [37]         +0.38 [31]            5.4 [19]
[LAYER-HEALTH]     policy.pre_bn   relu          128      0      0      0      0      0     -0.03 [114]        +0.15 [7]             2.7 [32]
[LAYER-HEALTH]     value.bn        relu           16      0      0      0      0      0     -0.10 [10]         +0.02 [0]             1.7 [11]
[LAYER-HEALTH]   FC hidden-unit velocity — zero: every weight-velocity entry exactly 0; low: nonzero but < 5% of the layer's p90 unit norm
[LAYER-HEALTH]     value.fc1.weight  relu  units 128  zero 0  low 27  median unit norm 0.006091
[LAYER-HEALTH]     (no SE blocks)
[LAYER-HEALTH]   ReZero: none
[LAYER-HEALTH]   non-finite: 0 values in 0 of 102 tensors (10263038 values examined)
[LAYER-HEALTH]   largest |value|: blocks.0.bn2.running_var 3.387, blocks.2.bn1.running_mean 3.37, blocks.1.bn1.running_mean 2.67, tower_final_bn.running_mean 2.366, blocks.2.bn2.running_var 2.157
[REPLAY] enumerated checkpoint -> 20261005-lrA-const01-replay-step20000.safetensors
[REPLAY] step=20050 loss=3.6322 pLoss=2.8100 vLoss=0.8113 pEnt=2.888 pIllM=0.0109 playedP=0.160 pW=0.47 pD=0.06 pL=0.47 vAbs=0.211 pLogitMean=0.5304 vLogitMean=1.6050 gNorm=1.197 lr=0.01 ms=1327.8 buf=500000 plies=171328186 games=2585485 rejected=0 skipped=0 epoch=0 mom=0.9000 trainerStep=20050
[LAYER-HEALTH] live trainerStep=20050 scope=batch_norm_state_only reluSites=9/10 ch=1040 dead=0 off=0 alwaysOn=0 worst=none maxBetaOverGamma=+0.38@tower_final_bn[31] minBetaOverGamma=-0.25@blocks.2.bn1[17] rvMaxOverMedian=6.6@stem.bn[53] rezero=none nonFinite=0
[REPLAY] step=20100 loss=3.6238 pLoss=2.8141 vLoss=0.7990 pEnt=2.873 pIllM=0.0107 playedP=0.163 pW=0.49 pD=0.06 pL=0.45 vAbs=0.210 pLogitMean=0.5315 vLogitMean=1.6182 gNorm=1.049 lr=0.01 ms=1305.6 buf=500000 plies=171754911 games=2591859 rejected=0 skipped=0 epoch=0 mom=0.9000 trainerStep=20100
[LAYER-HEALTH] live trainerStep=20100 scope=batch_norm_state_only reluSites=9/10 ch=1040 dead=0 off=0 alwaysOn=0 worst=none maxBetaOverGamma=+0.38@tower_final_bn[31] minBetaOverGamma=-0.25@blocks.2.bn1[17] rvMaxOverMedian=6.6@stem.bn[53] rezero=none nonFinite=0
[REPLAY] step=20150 loss=3.5992 pLoss=2.7847 vLoss=0.8042 pEnt=2.863 pIllM=0.0102 playedP=0.162 pW=0.48 pD=0.07 pL=0.46 vAbs=0.231 pLogitMean=0.5341 vLogitMean=1.6139 gNorm=1.019 lr=0.01 ms=1294.0 buf=500000 plies=172181470 games=2598180 rejected=0 skipped=0 epoch=0 mom=0.9000 trainerStep=20150
[LAYER-HEALTH] live trainerStep=20150 scope=batch_norm_state_only reluSites=9/10 ch=1040 dead=0 off=0 alwaysOn=0 worst=none maxBetaOverGamma=+0.38@tower_final_bn[31] minBetaOverGamma=-0.25@blocks.2.bn1[17] rvMaxOverMedian=6.6@stem.bn[53] rezero=none nonFinite=0
[REPLAY] step=20200 loss=3.6659 pLoss=2.8357 vLoss=0.8202 pEnt=2.866 pIllM=0.0100 playedP=0.165 pW=0.49 pD=0.06 pL=0.44 vAbs=0.235 pLogitMean=0.5327 vLogitMean=1.5877 gNorm=1.232 lr=0.01 ms=1305.6 buf=500000 plies=172608178 games=2604539 rejected=0 skipped=0 epoch=0 mom=0.9000 trainerStep=20200
[LAYER-HEALTH] live trainerStep=20200 scope=batch_norm_state_only reluSites=9/10 ch=1040 dead=0 off=0 alwaysOn=0 worst=none maxBetaOverGamma=+0.38@tower_final_bn[31] minBetaOverGamma=-0.25@blocks.2.bn1[17] rvMaxOverMedian=6.5@stem.bn[53] rezero=none nonFinite=0
[REPLAY] step=20250 loss=3.6330 pLoss=2.8094 vLoss=0.8144 pEnt=2.865 pIllM=0.0091 playedP=0.161 pW=0.47 pD=0.06 pL=0.47 vAbs=0.202 pLogitMean=0.5323 vLogitMean=1.5896 gNorm=1.043 lr=0.01 ms=1375.3 buf=500000 plies=173034811 games=2610901 rejected=0 skipped=0 epoch=0 mom=0.9000 trainerStep=20250
[LAYER-HEALTH] live trainerStep=20250 scope=batch_norm_state_only reluSites=9/10 ch=1040 dead=0 off=0 alwaysOn=0 worst=none maxBetaOverGamma=+0.38@tower_final_bn[31] minBetaOverGamma=-0.25@blocks.2.bn1[17] rvMaxOverMedian=6.5@stem.bn[53] rezero=none nonFinite=0
[REPLAY] step=20300 loss=3.6154 pLoss=2.7948 vLoss=0.8110 pEnt=2.888 pIllM=0.0096 playedP=0.159 pW=0.47 pD=0.06 pL=0.46 vAbs=0.210 pLogitMean=0.5330 vLogitMean=1.6249 gNorm=1.075 lr=0.01 ms=1456.1 buf=500000 plies=173461489 games=2617305 rejected=0 skipped=0 epoch=0 mom=0.9000 trainerStep=20300
[LAYER-HEALTH] live trainerStep=20300 scope=batch_norm_state_only reluSites=9/10 ch=1040 dead=0 off=0 alwaysOn=0 worst=none maxBetaOverGamma=+0.38@tower_final_bn[31] minBetaOverGamma=-0.25@blocks.2.bn1[17] rvMaxOverMedian=6.3@stem.bn[53] rezero=none nonFinite=0
[REPLAY] step=20350 loss=3.6123 pLoss=2.8013 vLoss=0.8016 pEnt=2.865 pIllM=0.0094 playedP=0.162 pW=0.48 pD=0.06 pL=0.46 vAbs=0.217 pLogitMean=0.5328 vLogitMean=1.6196 gNorm=1.020 lr=0.01 ms=1304.0 buf=500000 plies=173888121 games=2623732 rejected=0 skipped=0 epoch=0 mom=0.9000 trainerStep=20350
[LAYER-HEALTH] live trainerStep=20350 scope=batch_norm_state_only reluSites=9/10 ch=1040 dead=0 off=0 alwaysOn=0 worst=none maxBetaOverGamma=+0.38@tower_final_bn[31] minBetaOverGamma=-0.25@blocks.2.bn1[17] rvMaxOverMedian=6.3@stem.bn[53] rezero=none nonFinite=0
[REPLAY] step=20400 loss=3.6347 pLoss=2.8108 vLoss=0.8130 pEnt=2.857 pIllM=0.0109 playedP=0.160 pW=0.48 pD=0.06 pL=0.45 vAbs=0.226 pLogitMean=0.5333 vLogitMean=1.5928 gNorm=1.140 lr=0.01 ms=1441.7 buf=500000 plies=174314739 games=2630021 rejected=0 skipped=0 epoch=0 mom=0.9000 trainerStep=20400
[LAYER-HEALTH] live trainerStep=20400 scope=batch_norm_state_only reluSites=9/10 ch=1040 dead=0 off=0 alwaysOn=0 worst=none maxBetaOverGamma=+0.38@tower_final_bn[31] minBetaOverGamma=-0.25@blocks.2.bn1[17] rvMaxOverMedian=6.3@stem.bn[53] rezero=none nonFinite=0
[REPLAY] step=20450 loss=3.6198 pLoss=2.7928 vLoss=0.8173 pEnt=2.859 pIllM=0.0097 playedP=0.165 pW=0.48 pD=0.07 pL=0.45 vAbs=0.220 pLogitMean=0.5347 vLogitMean=1.5841 gNorm=1.078 lr=0.01 ms=1443.6 buf=500000 plies=174741369 games=2636397 rejected=0 skipped=0 epoch=0 mom=0.9000 trainerStep=20450
[LAYER-HEALTH] live trainerStep=20450 scope=batch_norm_state_only reluSites=9/10 ch=1040 dead=0 off=0 alwaysOn=0 worst=none maxBetaOverGamma=+0.38@tower_final_bn[31] minBetaOverGamma=-0.25@blocks.2.bn1[17] rvMaxOverMedian=6.2@stem.bn[53] rezero=none nonFinite=0
[REPLAY] step=20500 loss=3.5901 pLoss=2.7704 vLoss=0.8098 pEnt=2.861 pIllM=0.0099 playedP=0.161 pW=0.46 pD=0.07 pL=0.47 vAbs=0.230 pLogitMean=0.5338 vLogitMean=1.6185 gNorm=1.133 lr=0.01 ms=1400.3 buf=500000 plies=175168060 games=2642759 rejected=0 skipped=0 epoch=0 mom=0.9000 trainerStep=20500
[LAYER-HEALTH] live trainerStep=20500 scope=batch_norm_state_only reluSites=9/10 ch=1040 dead=0 off=0 alwaysOn=0 worst=none maxBetaOverGamma=+0.38@tower_final_bn[31] minBetaOverGamma=-0.25@blocks.2.bn1[17] rvMaxOverMedian=6.3@stem.bn[53] rezero=none nonFinite=0
[REPLAY] step=20550 loss=3.6278 pLoss=2.7874 vLoss=0.8301 pEnt=2.872 pIllM=0.0103 playedP=0.159 pW=0.46 pD=0.07 pL=0.47 vAbs=0.219 pLogitMean=0.5357 vLogitMean=1.6183 gNorm=1.135 lr=0.01 ms=1396.0 buf=500000 plies=175594727 games=2649157 rejected=0 skipped=0 epoch=0 mom=0.9000 trainerStep=20550
[LAYER-HEALTH] live trainerStep=20550 scope=batch_norm_state_only reluSites=9/10 ch=1040 dead=0 off=0 alwaysOn=0 worst=none maxBetaOverGamma=+0.38@tower_final_bn[31] minBetaOverGamma=-0.25@blocks.2.bn1[17] rvMaxOverMedian=6.3@stem.bn[53] rezero=none nonFinite=0
[REPLAY] step=20600 loss=3.6631 pLoss=2.8301 vLoss=0.8238 pEnt=2.842 pIllM=0.0092 playedP=0.165 pW=0.48 pD=0.07 pL=0.46 vAbs=0.202 pLogitMean=0.5343 vLogitMean=1.6078 gNorm=1.196 lr=0.01 ms=1300.3 buf=500000 plies=176021366 games=2655523 rejected=0 skipped=0 epoch=0 mom=0.9000 trainerStep=20600
[LAYER-HEALTH] live trainerStep=20600 scope=batch_norm_state_only reluSites=9/10 ch=1040 dead=0 off=0 alwaysOn=0 worst=none maxBetaOverGamma=+0.38@tower_final_bn[31] minBetaOverGamma=-0.25@blocks.2.bn1[17] rvMaxOverMedian=6.2@stem.bn[53] rezero=none nonFinite=0
[REPLAY] step=20650 loss=3.5862 pLoss=2.7663 vLoss=0.8099 pEnt=2.882 pIllM=0.0100 playedP=0.153 pW=0.46 pD=0.06 pL=0.47 vAbs=0.221 pLogitMean=0.5339 vLogitMean=1.5961 gNorm=1.174 lr=0.01 ms=1345.6 buf=500000 plies=176448015 games=2661911 rejected=0 skipped=0 epoch=0 mom=0.9000 trainerStep=20650
[LAYER-HEALTH] live trainerStep=20650 scope=batch_norm_state_only reluSites=9/10 ch=1040 dead=0 off=0 alwaysOn=0 worst=none maxBetaOverGamma=+0.38@tower_final_bn[31] minBetaOverGamma=-0.25@blocks.2.bn1[17] rvMaxOverMedian=6.3@stem.bn[53] rezero=none nonFinite=0
[REPLAY] step=20700 loss=3.5985 pLoss=2.7817 vLoss=0.8064 pEnt=2.874 pIllM=0.0104 playedP=0.157 pW=0.48 pD=0.06 pL=0.46 vAbs=0.226 pLogitMean=0.5360 vLogitMean=1.5829 gNorm=1.054 lr=0.01 ms=1493.4 buf=500000 plies=176874636 games=2668299 rejected=0 skipped=0 epoch=0 mom=0.9000 trainerStep=20700
[LAYER-HEALTH] live trainerStep=20700 scope=batch_norm_state_only reluSites=9/10 ch=1040 dead=0 off=0 alwaysOn=0 worst=none maxBetaOverGamma=+0.38@tower_final_bn[31] minBetaOverGamma=-0.25@blocks.2.bn1[17] rvMaxOverMedian=6.3@stem.bn[53] rezero=none nonFinite=0
[REPLAY] step=20750 loss=3.6085 pLoss=2.7900 vLoss=0.8088 pEnt=2.883 pIllM=0.0097 playedP=0.159 pW=0.48 pD=0.06 pL=0.46 vAbs=0.225 pLogitMean=0.5363 vLogitMean=1.5831 gNorm=1.069 lr=0.01 ms=1485.9 buf=500000 plies=177301274 games=2674663 rejected=0 skipped=0 epoch=0 mom=0.9000 trainerStep=20750
[LAYER-HEALTH] live trainerStep=20750 scope=batch_norm_state_only reluSites=9/10 ch=1040 dead=0 off=0 alwaysOn=0 worst=none maxBetaOverGamma=+0.38@tower_final_bn[31] minBetaOverGamma=-0.25@blocks.2.bn1[17] rvMaxOverMedian=6.2@stem.bn[53] rezero=none nonFinite=0
[REPLAY] step=20800 loss=3.6437 pLoss=2.8162 vLoss=0.8177 pEnt=2.885 pIllM=0.0098 playedP=0.156 pW=0.48 pD=0.06 pL=0.46 vAbs=0.217 pLogitMean=0.5366 vLogitMean=1.5886 gNorm=1.127 lr=0.01 ms=1408.4 buf=500000 plies=177727971 games=2681077 rejected=0 skipped=0 epoch=0 mom=0.9000 trainerStep=20800
[LAYER-HEALTH] live trainerStep=20800 scope=batch_norm_state_only reluSites=9/10 ch=1040 dead=0 off=0 alwaysOn=0 worst=none maxBetaOverGamma=+0.38@tower_final_bn[31] minBetaOverGamma=-0.25@blocks.2.bn1[17] rvMaxOverMedian=6.2@stem.bn[53] rezero=none nonFinite=0
[REPLAY] step=20850 loss=3.5701 pLoss=2.7503 vLoss=0.8102 pEnt=2.883 pIllM=0.0095 playedP=0.158 pW=0.45 pD=0.06 pL=0.48 vAbs=0.225 pLogitMean=0.5364 vLogitMean=1.6015 gNorm=1.070 lr=0.01 ms=1378.6 buf=500000 plies=178154597 games=2687451 rejected=0 skipped=0 epoch=0 mom=0.9000 trainerStep=20850
[LAYER-HEALTH] live trainerStep=20850 scope=batch_norm_state_only reluSites=9/10 ch=1040 dead=0 off=0 alwaysOn=0 worst=none maxBetaOverGamma=+0.38@tower_final_bn[31] minBetaOverGamma=-0.25@blocks.2.bn1[17] rvMaxOverMedian=6.2@stem.bn[53] rezero=none nonFinite=0
[REPLAY] step=20900 loss=3.5934 pLoss=2.7760 vLoss=0.8079 pEnt=2.857 pIllM=0.0095 playedP=0.165 pW=0.48 pD=0.06 pL=0.46 vAbs=0.223 pLogitMean=0.5365 vLogitMean=1.6132 gNorm=1.132 lr=0.01 ms=1452.5 buf=500000 plies=178581301 games=2693793 rejected=0 skipped=0 epoch=0 mom=0.9000 trainerStep=20900
[LAYER-HEALTH] live trainerStep=20900 scope=batch_norm_state_only reluSites=9/10 ch=1040 dead=0 off=0 alwaysOn=0 worst=none maxBetaOverGamma=+0.38@tower_final_bn[31] minBetaOverGamma=-0.25@blocks.2.bn1[17] rvMaxOverMedian=6.3@stem.bn[53] rezero=none nonFinite=0
[REPLAY] step=20950 loss=3.6095 pLoss=2.7979 vLoss=0.8017 pEnt=2.865 pIllM=0.0099 playedP=0.163 pW=0.47 pD=0.06 pL=0.47 vAbs=0.219 pLogitMean=0.5369 vLogitMean=1.6092 gNorm=1.149 lr=0.01 ms=1396.3 buf=500000 plies=179007955 games=2700192 rejected=0 skipped=0 epoch=0 mom=0.9000 trainerStep=20950
[LAYER-HEALTH] live trainerStep=20950 scope=batch_norm_state_only reluSites=9/10 ch=1040 dead=0 off=0 alwaysOn=0 worst=none maxBetaOverGamma=+0.38@tower_final_bn[31] minBetaOverGamma=-0.25@blocks.2.bn1[17] rvMaxOverMedian=6.3@stem.bn[53] rezero=none nonFinite=0
[REPLAY] step=21000 loss=3.6108 pLoss=2.7942 vLoss=0.8074 pEnt=2.873 pIllM=0.0092 playedP=0.159 pW=0.48 pD=0.06 pL=0.46 vAbs=0.223 pLogitMean=0.5378 vLogitMean=1.6360 gNorm=1.007 lr=0.01 ms=1445.8 buf=500000 plies=179434549 games=2706558 rejected=0 skipped=0 epoch=0 mom=0.9000 trainerStep=21000
[LAYER-HEALTH] live trainerStep=21000 scope=batch_norm_state_only reluSites=9/10 ch=1040 dead=0 off=0 alwaysOn=0 worst=none maxBetaOverGamma=+0.38@tower_final_bn[31] minBetaOverGamma=-0.25@blocks.2.bn1[17] rvMaxOverMedian=6.5@stem.bn[53] rezero=none nonFinite=0
[REPLAY] saved trainer model (autosave) step=21000 trainerStep=21000 nextGame=2706558 shard=5 epoch=0 -> 20261005-lrA-const01-replay-latest.safetensors
[LAYER-HEALTH] checkpoint replay-autosave step=21000 trainerStep=21000 scope=all_tensors reluSites=9/10 ch=1040 dead=0 off=0 alwaysOn=0 worst=none maxBetaOverGamma=+0.38@tower_final_bn[31] minBetaOverGamma=-0.25@blocks.2.bn1[17] rvMaxOverMedian=6.5@stem.bn[53] rezero=none nonFinite=0 seZeroVel=none valueFC1ZeroVel=0/128 maxAbs=3.366@blocks.2.bn1.running_mean
[LAYER-HEALTH]   batch-norm sites — β/|γ|: dead < -3.00, mostly off < -2.00, always on > +3.00; classified for relu/leaky_relu only
[LAYER-HEALTH]     site            act            ch   dead    off     on  zeroγ nonfin  min β/|γ| [ch]     max β/|γ| [ch]     rv max/median [ch]
[LAYER-HEALTH]     stem.bn         -             128    n/a    n/a    n/a      0      0     -0.05 [85]         +0.04 [62]            6.5 [53]
[LAYER-HEALTH]     blocks.0.bn1    relu          128      0      0      0      0      0     -0.08 [97]         +0.17 [62]            1.8 [97]
[LAYER-HEALTH]     blocks.0.bn2    relu          128      0      0      0      0      0     -0.14 [32]         +0.06 [14]            2.1 [24]
[LAYER-HEALTH]     blocks.1.bn1    relu          128      0      0      0      0      0     -0.22 [17]         +0.12 [121]           3.8 [97]
[LAYER-HEALTH]     blocks.1.bn2    relu          128      0      0      0      0      0     -0.21 [69]         +0.07 [110]           1.5 [116]
[LAYER-HEALTH]     blocks.2.bn1    relu          128      0      0      0      0      0     -0.25 [17]         +0.12 [30]            2.6 [97]
[LAYER-HEALTH]     blocks.2.bn2    relu          128      0      0      0      0      0     -0.17 [92]         +0.16 [29]            1.5 [7]
[LAYER-HEALTH]     tower_final_bn  relu          128      0      0      0      0      0     -0.06 [35]         +0.38 [31]            5.3 [19]
[LAYER-HEALTH]     policy.pre_bn   relu          128      0      0      0      0      0     -0.03 [114]        +0.16 [7]             2.6 [32]
[LAYER-HEALTH]     value.bn        relu           16      0      0      0      0      0     -0.10 [10]         +0.02 [0]             1.6 [11]
[LAYER-HEALTH]   FC hidden-unit velocity — zero: every weight-velocity entry exactly 0; low: nonzero but < 5% of the layer's p90 unit norm
[LAYER-HEALTH]     value.fc1.weight  relu  units 128  zero 0  low 40  median unit norm 0.005866
[LAYER-HEALTH]     (no SE blocks)
[LAYER-HEALTH]   ReZero: none
[LAYER-HEALTH]   non-finite: 0 values in 0 of 102 tensors (10263038 values examined)
[LAYER-HEALTH]   largest |value|: blocks.2.bn1.running_mean 3.366, blocks.0.bn2.running_var 2.97, blocks.1.bn1.running_mean 2.7, tower_final_bn.running_mean 2.357, blocks.0.bn2.running_mean 2.217
[REPLAY] enumerated checkpoint -> 20261005-lrA-const01-replay-step21000.safetensors
[REPLAY] step=21050 loss=3.6243 pLoss=2.8086 vLoss=0.8049 pEnt=2.862 pIllM=0.0108 playedP=0.159 pW=0.48 pD=0.06 pL=0.46 vAbs=0.220 pLogitMean=0.5380 vLogitMean=1.6013 gNorm=1.190 lr=0.01 ms=1286.9 buf=500000 plies=179861183 games=2712894 rejected=0 skipped=0 epoch=0 mom=0.9000 trainerStep=21050
[LAYER-HEALTH] live trainerStep=21050 scope=batch_norm_state_only reluSites=9/10 ch=1040 dead=0 off=0 alwaysOn=0 worst=none maxBetaOverGamma=+0.38@tower_final_bn[31] minBetaOverGamma=-0.25@blocks.2.bn1[17] rvMaxOverMedian=6.6@stem.bn[53] rezero=none nonFinite=0
[REPLAY] step=21100 loss=3.6153 pLoss=2.7865 vLoss=0.8195 pEnt=2.894 pIllM=0.0094 playedP=0.157 pW=0.46 pD=0.06 pL=0.48 vAbs=0.213 pLogitMean=0.5391 vLogitMean=1.6398 gNorm=1.164 lr=0.01 ms=1490.8 buf=500000 plies=180287864 games=2719281 rejected=0 skipped=0 epoch=0 mom=0.9000 trainerStep=21100
[LAYER-HEALTH] live trainerStep=21100 scope=batch_norm_state_only reluSites=9/10 ch=1040 dead=0 off=0 alwaysOn=0 worst=none maxBetaOverGamma=+0.38@tower_final_bn[31] minBetaOverGamma=-0.26@blocks.2.bn1[17] rvMaxOverMedian=6.7@stem.bn[53] rezero=none nonFinite=0
[REPLAY] step=21150 loss=3.5856 pLoss=2.7694 vLoss=0.8068 pEnt=2.879 pIllM=0.0094 playedP=0.157 pW=0.46 pD=0.07 pL=0.47 vAbs=0.228 pLogitMean=0.5379 vLogitMean=1.6322 gNorm=1.209 lr=0.01 ms=1296.3 buf=500000 plies=180714511 games=2725593 rejected=0 skipped=0 epoch=0 mom=0.9000 trainerStep=21150
[LAYER-HEALTH] live trainerStep=21150 scope=batch_norm_state_only reluSites=9/10 ch=1040 dead=0 off=0 alwaysOn=0 worst=none maxBetaOverGamma=+0.38@tower_final_bn[31] minBetaOverGamma=-0.26@blocks.2.bn1[17] rvMaxOverMedian=6.6@stem.bn[53] rezero=none nonFinite=0
[REPLAY] step=21200 loss=3.6559 pLoss=2.8377 vLoss=0.8084 pEnt=2.886 pIllM=0.0098 playedP=0.158 pW=0.49 pD=0.06 pL=0.44 vAbs=0.218 pLogitMean=0.5382 vLogitMean=1.5983 gNorm=1.285 lr=0.01 ms=1189.4 buf=500000 plies=181141190 games=2731979 rejected=0 skipped=0 epoch=0 mom=0.9000 trainerStep=21200
[LAYER-HEALTH] live trainerStep=21200 scope=batch_norm_state_only reluSites=9/10 ch=1040 dead=0 off=0 alwaysOn=0 worst=none maxBetaOverGamma=+0.38@tower_final_bn[31] minBetaOverGamma=-0.26@blocks.2.bn1[17] rvMaxOverMedian=6.8@stem.bn[53] rezero=none nonFinite=0
[REPLAY] step=21250 loss=3.5946 pLoss=2.7841 vLoss=0.8011 pEnt=2.854 pIllM=0.0094 playedP=0.163 pW=0.49 pD=0.07 pL=0.44 vAbs=0.223 pLogitMean=0.5384 vLogitMean=1.5973 gNorm=1.057 lr=0.01 ms=1251.2 buf=500000 plies=181567782 games=2738369 rejected=0 skipped=0 epoch=0 mom=0.9000 trainerStep=21250
[LAYER-HEALTH] live trainerStep=21250 scope=batch_norm_state_only reluSites=9/10 ch=1040 dead=0 off=0 alwaysOn=0 worst=none maxBetaOverGamma=+0.38@tower_final_bn[31] minBetaOverGamma=-0.26@blocks.2.bn1[17] rvMaxOverMedian=6.8@stem.bn[53] rezero=none nonFinite=0
[REPLAY] step=21300 loss=3.5977 pLoss=2.7693 vLoss=0.8189 pEnt=2.879 pIllM=0.0095 playedP=0.162 pW=0.46 pD=0.06 pL=0.48 vAbs=0.211 pLogitMean=0.5391 vLogitMean=1.6180 gNorm=1.100 lr=0.01 ms=1262.4 buf=500000 plies=181994443 games=2744786 rejected=0 skipped=0 epoch=0 mom=0.9000 trainerStep=21300
[LAYER-HEALTH] live trainerStep=21300 scope=batch_norm_state_only reluSites=9/10 ch=1040 dead=0 off=0 alwaysOn=0 worst=none maxBetaOverGamma=+0.38@tower_final_bn[31] minBetaOverGamma=-0.26@blocks.2.bn1[17] rvMaxOverMedian=6.9@stem.bn[53] rezero=none nonFinite=0
[REPLAY] step=21350 loss=3.5948 pLoss=2.7919 vLoss=0.7923 pEnt=2.860 pIllM=0.0106 playedP=0.163 pW=0.47 pD=0.06 pL=0.48 vAbs=0.214 pLogitMean=0.5393 vLogitMean=1.6202 gNorm=1.038 lr=0.01 ms=1326.2 buf=500000 plies=182421165 games=2751135 rejected=0 skipped=0 epoch=0 mom=0.9000 trainerStep=21350
[LAYER-HEALTH] live trainerStep=21350 scope=batch_norm_state_only reluSites=9/10 ch=1040 dead=0 off=0 alwaysOn=0 worst=none maxBetaOverGamma=+0.38@tower_final_bn[31] minBetaOverGamma=-0.26@blocks.2.bn1[17] rvMaxOverMedian=6.7@stem.bn[53] rezero=none nonFinite=0
[REPLAY] step=21400 loss=3.6111 pLoss=2.7891 vLoss=0.8124 pEnt=2.886 pIllM=0.0097 playedP=0.160 pW=0.48 pD=0.07 pL=0.45 vAbs=0.223 pLogitMean=0.5375 vLogitMean=1.6311 gNorm=0.949 lr=0.01 ms=1215.7 buf=500000 plies=182847758 games=2757549 rejected=0 skipped=0 epoch=0 mom=0.9000 trainerStep=21400
[LAYER-HEALTH] live trainerStep=21400 scope=batch_norm_state_only reluSites=9/10 ch=1040 dead=0 off=0 alwaysOn=0 worst=none maxBetaOverGamma=+0.38@tower_final_bn[31] minBetaOverGamma=-0.26@blocks.2.bn1[17] rvMaxOverMedian=6.7@stem.bn[53] rezero=none nonFinite=0
[REPLAY] step=21450 loss=3.6089 pLoss=2.8008 vLoss=0.7992 pEnt=2.881 pIllM=0.0090 playedP=0.159 pW=0.46 pD=0.06 pL=0.48 vAbs=0.219 pLogitMean=0.5385 vLogitMean=1.6637 gNorm=1.245 lr=0.01 ms=1305.3 buf=500000 plies=183274434 games=2763942 rejected=0 skipped=0 epoch=0 mom=0.9000 trainerStep=21450
[LAYER-HEALTH] live trainerStep=21450 scope=batch_norm_state_only reluSites=9/10 ch=1040 dead=0 off=0 alwaysOn=0 worst=none maxBetaOverGamma=+0.38@tower_final_bn[31] minBetaOverGamma=-0.26@blocks.2.bn1[17] rvMaxOverMedian=6.7@stem.bn[53] rezero=none nonFinite=0
[REPLAY] step=21500 loss=3.5687 pLoss=2.7667 vLoss=0.7930 pEnt=2.871 pIllM=0.0090 playedP=0.160 pW=0.45 pD=0.06 pL=0.49 vAbs=0.244 pLogitMean=0.5399 vLogitMean=1.6867 gNorm=1.164 lr=0.01 ms=1323.8 buf=500000 plies=183701028 games=2770380 rejected=0 skipped=0 epoch=0 mom=0.9000 trainerStep=21500
[LAYER-HEALTH] live trainerStep=21500 scope=batch_norm_state_only reluSites=9/10 ch=1040 dead=0 off=0 alwaysOn=0 worst=none maxBetaOverGamma=+0.38@tower_final_bn[31] minBetaOverGamma=-0.26@blocks.2.bn1[17] rvMaxOverMedian=6.7@stem.bn[53] rezero=none nonFinite=0
[REPLAY] step=21550 loss=3.6312 pLoss=2.8081 vLoss=0.8131 pEnt=2.874 pIllM=0.0101 playedP=0.160 pW=0.48 pD=0.07 pL=0.46 vAbs=0.215 pLogitMean=0.5395 vLogitMean=1.6498 gNorm=0.967 lr=0.01 ms=1195.1 buf=500000 plies=184127695 games=2776765 rejected=0 skipped=0 epoch=0 mom=0.9000 trainerStep=21550
[LAYER-HEALTH] live trainerStep=21550 scope=batch_norm_state_only reluSites=9/10 ch=1040 dead=0 off=0 alwaysOn=0 worst=none maxBetaOverGamma=+0.38@tower_final_bn[31] minBetaOverGamma=-0.26@blocks.2.bn1[17] rvMaxOverMedian=6.7@stem.bn[53] rezero=none nonFinite=0
[REPLAY] step=21600 loss=3.6407 pLoss=2.8207 vLoss=0.8089 pEnt=2.886 pIllM=0.0111 playedP=0.158 pW=0.46 pD=0.06 pL=0.47 vAbs=0.214 pLogitMean=0.5410 vLogitMean=1.6406 gNorm=1.229 lr=0.01 ms=1320.3 buf=500000 plies=184554343 games=2783174 rejected=0 skipped=0 epoch=0 mom=0.9000 trainerStep=21600
[LAYER-HEALTH] live trainerStep=21600 scope=batch_norm_state_only reluSites=9/10 ch=1040 dead=0 off=0 alwaysOn=0 worst=none maxBetaOverGamma=+0.38@tower_final_bn[31] minBetaOverGamma=-0.26@blocks.2.bn1[17] rvMaxOverMedian=6.7@stem.bn[53] rezero=none nonFinite=0
[REPLAY] step=21650 loss=3.6328 pLoss=2.8214 vLoss=0.8021 pEnt=2.861 pIllM=0.0094 playedP=0.163 pW=0.48 pD=0.07 pL=0.46 vAbs=0.215 pLogitMean=0.5402 vLogitMean=1.6530 gNorm=1.001 lr=0.01 ms=1270.4 buf=500000 plies=184981023 games=2789520 rejected=0 skipped=0 epoch=0 mom=0.9000 trainerStep=21650
[LAYER-HEALTH] live trainerStep=21650 scope=batch_norm_state_only reluSites=9/10 ch=1040 dead=0 off=0 alwaysOn=0 worst=none maxBetaOverGamma=+0.38@tower_final_bn[31] minBetaOverGamma=-0.26@blocks.2.bn1[17] rvMaxOverMedian=6.7@stem.bn[53] rezero=none nonFinite=0
[REPLAY] step=21700 loss=3.6043 pLoss=2.7909 vLoss=0.8035 pEnt=2.853 pIllM=0.0099 playedP=0.166 pW=0.48 pD=0.06 pL=0.46 vAbs=0.222 pLogitMean=0.5404 vLogitMean=1.6477 gNorm=1.091 lr=0.01 ms=1148.8 buf=500000 plies=185407660 games=2795959 rejected=0 skipped=0 epoch=0 mom=0.9000 trainerStep=21700
[LAYER-HEALTH] live trainerStep=21700 scope=batch_norm_state_only reluSites=9/10 ch=1040 dead=0 off=0 alwaysOn=0 worst=none maxBetaOverGamma=+0.38@tower_final_bn[31] minBetaOverGamma=-0.26@blocks.2.bn1[17] rvMaxOverMedian=6.9@stem.bn[53] rezero=none nonFinite=0
[REPLAY] step=21750 loss=3.6525 pLoss=2.8216 vLoss=0.8216 pEnt=2.880 pIllM=0.0092 playedP=0.160 pW=0.49 pD=0.06 pL=0.45 vAbs=0.213 pLogitMean=0.5412 vLogitMean=1.6424 gNorm=1.236 lr=0.01 ms=1181.0 buf=500000 plies=185834280 games=2802397 rejected=0 skipped=0 epoch=0 mom=0.9000 trainerStep=21750
[LAYER-HEALTH] live trainerStep=21750 scope=batch_norm_state_only reluSites=9/10 ch=1040 dead=0 off=0 alwaysOn=0 worst=none maxBetaOverGamma=+0.38@tower_final_bn[31] minBetaOverGamma=-0.26@blocks.2.bn1[17] rvMaxOverMedian=6.8@stem.bn[53] rezero=none nonFinite=0
[REPLAY] step=21800 loss=3.6292 pLoss=2.7946 vLoss=0.8249 pEnt=2.880 pIllM=0.0098 playedP=0.161 pW=0.47 pD=0.06 pL=0.47 vAbs=0.211 pLogitMean=0.5404 vLogitMean=1.6364 gNorm=1.132 lr=0.01 ms=1307.9 buf=500000 plies=186260960 games=2808737 rejected=0 skipped=0 epoch=0 mom=0.9000 trainerStep=21800
[LAYER-HEALTH] live trainerStep=21800 scope=batch_norm_state_only reluSites=9/10 ch=1040 dead=0 off=0 alwaysOn=0 worst=none maxBetaOverGamma=+0.38@tower_final_bn[31] minBetaOverGamma=-0.26@blocks.2.bn1[17] rvMaxOverMedian=6.8@stem.bn[53] rezero=none nonFinite=0
[REPLAY] step=21850 loss=3.6086 pLoss=2.7984 vLoss=0.8010 pEnt=2.885 pIllM=0.0091 playedP=0.155 pW=0.48 pD=0.06 pL=0.46 vAbs=0.212 pLogitMean=0.5420 vLogitMean=1.6499 gNorm=1.271 lr=0.01 ms=1414.1 buf=500000 plies=186687612 games=2815143 rejected=0 skipped=0 epoch=0 mom=0.9000 trainerStep=21850
[LAYER-HEALTH] live trainerStep=21850 scope=batch_norm_state_only reluSites=9/10 ch=1040 dead=0 off=0 alwaysOn=0 worst=none maxBetaOverGamma=+0.38@tower_final_bn[31] minBetaOverGamma=-0.26@blocks.2.bn1[17] rvMaxOverMedian=6.8@stem.bn[53] rezero=none nonFinite=0
[REPLAY] step=21900 loss=3.6021 pLoss=2.7914 vLoss=0.8018 pEnt=2.863 pIllM=0.0090 playedP=0.162 pW=0.47 pD=0.06 pL=0.47 vAbs=0.217 pLogitMean=0.5426 vLogitMean=1.6575 gNorm=1.077 lr=0.01 ms=1379.8 buf=500000 plies=187114238 games=2821514 rejected=0 skipped=0 epoch=0 mom=0.9000 trainerStep=21900
[LAYER-HEALTH] live trainerStep=21900 scope=batch_norm_state_only reluSites=9/10 ch=1040 dead=0 off=0 alwaysOn=0 worst=none maxBetaOverGamma=+0.38@tower_final_bn[31] minBetaOverGamma=-0.26@blocks.2.bn1[17] rvMaxOverMedian=6.8@stem.bn[53] rezero=none nonFinite=0
[REPLAY] step=21950 loss=3.6009 pLoss=2.7800 vLoss=0.8108 pEnt=2.875 pIllM=0.0100 playedP=0.160 pW=0.47 pD=0.06 pL=0.47 vAbs=0.214 pLogitMean=0.5426 vLogitMean=1.6586 gNorm=1.139 lr=0.01 ms=1331.7 buf=500000 plies=187540898 games=2827872 rejected=0 skipped=0 epoch=0 mom=0.9000 trainerStep=21950
[LAYER-HEALTH] live trainerStep=21950 scope=batch_norm_state_only reluSites=9/10 ch=1040 dead=0 off=0 alwaysOn=0 worst=none maxBetaOverGamma=+0.38@tower_final_bn[31] minBetaOverGamma=-0.26@blocks.2.bn1[17] rvMaxOverMedian=6.7@stem.bn[53] rezero=none nonFinite=0
[REPLAY] step=22000 loss=3.6219 pLoss=2.8049 vLoss=0.8080 pEnt=2.885 pIllM=0.0090 playedP=0.161 pW=0.49 pD=0.06 pL=0.45 vAbs=0.219 pLogitMean=0.5423 vLogitMean=1.6597 gNorm=1.007 lr=0.01 ms=1199.9 buf=500000 plies=187967542 games=2834224 rejected=0 skipped=0 epoch=0 mom=0.9000 trainerStep=22000
[LAYER-HEALTH] live trainerStep=22000 scope=batch_norm_state_only reluSites=9/10 ch=1040 dead=0 off=0 alwaysOn=0 worst=none maxBetaOverGamma=+0.38@tower_final_bn[31] minBetaOverGamma=-0.26@blocks.2.bn1[17] rvMaxOverMedian=6.6@stem.bn[53] rezero=none nonFinite=0
[REPLAY] saved trainer model (autosave) step=22000 trainerStep=22000 nextGame=2834224 shard=6 epoch=0 -> 20261005-lrA-const01-replay-latest.safetensors
[LAYER-HEALTH] checkpoint replay-autosave step=22000 trainerStep=22000 scope=all_tensors reluSites=9/10 ch=1040 dead=0 off=0 alwaysOn=0 worst=none maxBetaOverGamma=+0.38@tower_final_bn[31] minBetaOverGamma=-0.26@blocks.2.bn1[17] rvMaxOverMedian=6.6@stem.bn[53] rezero=none nonFinite=0 seZeroVel=none valueFC1ZeroVel=0/128 maxAbs=3.355@blocks.2.bn1.running_mean
[LAYER-HEALTH]   batch-norm sites — β/|γ|: dead < -3.00, mostly off < -2.00, always on > +3.00; classified for relu/leaky_relu only
[LAYER-HEALTH]     site            act            ch   dead    off     on  zeroγ nonfin  min β/|γ| [ch]     max β/|γ| [ch]     rv max/median [ch]
[LAYER-HEALTH]     stem.bn         -             128    n/a    n/a    n/a      0      0     -0.05 [85]         +0.04 [62]            6.6 [53]
[LAYER-HEALTH]     blocks.0.bn1    relu          128      0      0      0      0      0     -0.08 [97]         +0.17 [62]            1.9 [97]
[LAYER-HEALTH]     blocks.0.bn2    relu          128      0      0      0      0      0     -0.14 [32]         +0.06 [14]            2.0 [24]
[LAYER-HEALTH]     blocks.1.bn1    relu          128      0      0      0      0      0     -0.23 [17]         +0.12 [121]           3.9 [97]
[LAYER-HEALTH]     blocks.1.bn2    relu          128      0      0      0      0      0     -0.22 [69]         +0.07 [110]           1.5 [11]
[LAYER-HEALTH]     blocks.2.bn1    relu          128      0      0      0      0      0     -0.26 [17]         +0.12 [30]            2.6 [97]
[LAYER-HEALTH]     blocks.2.bn2    relu          128      0      0      0      0      0     -0.18 [92]         +0.16 [29]            1.4 [7]
[LAYER-HEALTH]     tower_final_bn  relu          128      0      0      0      0      0     -0.06 [35]         +0.38 [31]            5.1 [19]
[LAYER-HEALTH]     policy.pre_bn   relu          128      0      0      0      0      0     -0.04 [114]        +0.16 [7]             2.6 [32]
[LAYER-HEALTH]     value.bn        relu           16      0      0      0      0      0     -0.10 [10]         +0.02 [0]             1.6 [11]
[LAYER-HEALTH]   FC hidden-unit velocity — zero: every weight-velocity entry exactly 0; low: nonzero but < 5% of the layer's p90 unit norm
[LAYER-HEALTH]     value.fc1.weight  relu  units 128  zero 0  low 39  median unit norm 0.004928
[LAYER-HEALTH]     (no SE blocks)
[LAYER-HEALTH]   ReZero: none
[LAYER-HEALTH]   non-finite: 0 values in 0 of 102 tensors (10263038 values examined)
[LAYER-HEALTH]   largest |value|: blocks.2.bn1.running_mean 3.355, blocks.0.bn2.running_var 2.855, blocks.1.bn1.running_mean 2.736, tower_final_bn.running_mean 2.404, blocks.0.bn2.running_mean 2.223
[REPLAY] enumerated checkpoint -> 20261005-lrA-const01-replay-step22000.safetensors
[REPLAY] step=22050 loss=3.6467 pLoss=2.8326 vLoss=0.8049 pEnt=2.862 pIllM=0.0091 playedP=0.161 pW=0.49 pD=0.06 pL=0.45 vAbs=0.220 pLogitMean=0.5415 vLogitMean=1.6442 gNorm=1.159 lr=0.01 ms=1364.3 buf=500000 plies=188394212 games=2840559 rejected=0 skipped=0 epoch=0 mom=0.9000 trainerStep=22050
[LAYER-HEALTH] live trainerStep=22050 scope=batch_norm_state_only reluSites=9/10 ch=1040 dead=0 off=0 alwaysOn=0 worst=none maxBetaOverGamma=+0.38@tower_final_bn[31] minBetaOverGamma=-0.26@blocks.2.bn1[17] rvMaxOverMedian=6.5@stem.bn[53] rezero=none nonFinite=0
[REPLAY] step=22100 loss=3.6015 pLoss=2.7758 vLoss=0.8161 pEnt=2.873 pIllM=0.0097 playedP=0.159 pW=0.47 pD=0.07 pL=0.47 vAbs=0.214 pLogitMean=0.5422 vLogitMean=1.6177 gNorm=1.081 lr=0.01 ms=1468.6 buf=500000 plies=188820890 games=2846951 rejected=0 skipped=0 epoch=0 mom=0.9000 trainerStep=22100
[LAYER-HEALTH] live trainerStep=22100 scope=batch_norm_state_only reluSites=9/10 ch=1040 dead=0 off=0 alwaysOn=0 worst=none maxBetaOverGamma=+0.39@tower_final_bn[31] minBetaOverGamma=-0.27@blocks.2.bn1[17] rvMaxOverMedian=6.6@stem.bn[53] rezero=none nonFinite=0
[REPLAY] step=22150 loss=3.6315 pLoss=2.8055 vLoss=0.8173 pEnt=2.884 pIllM=0.0087 playedP=0.161 pW=0.46 pD=0.06 pL=0.48 vAbs=0.220 pLogitMean=0.5411 vLogitMean=1.6468 gNorm=1.026 lr=0.01 ms=1411.9 buf=500000 plies=189247602 games=2853319 rejected=0 skipped=0 epoch=0 mom=0.9000 trainerStep=22150
[LAYER-HEALTH] live trainerStep=22150 scope=batch_norm_state_only reluSites=9/10 ch=1040 dead=0 off=0 alwaysOn=0 worst=none maxBetaOverGamma=+0.39@tower_final_bn[31] minBetaOverGamma=-0.27@blocks.2.bn1[17] rvMaxOverMedian=6.5@stem.bn[53] rezero=none nonFinite=0
[REPLAY] step=22200 loss=3.6515 pLoss=2.8178 vLoss=0.8256 pEnt=2.919 pIllM=0.0080 playedP=0.152 pW=0.46 pD=0.07 pL=0.47 vAbs=0.205 pLogitMean=0.5400 vLogitMean=1.5871 gNorm=1.073 lr=0.01 ms=1344.2 buf=500000 plies=189674204 games=2859740 rejected=0 skipped=0 epoch=0 mom=0.9000 trainerStep=22200
[LAYER-HEALTH] live trainerStep=22200 scope=batch_norm_state_only reluSites=9/10 ch=1040 dead=0 off=0 alwaysOn=0 worst=none maxBetaOverGamma=+0.39@tower_final_bn[31] minBetaOverGamma=-0.27@blocks.2.bn1[17] rvMaxOverMedian=6.6@stem.bn[53] rezero=none nonFinite=0
[REPLAY] step=22250 loss=3.6196 pLoss=2.7848 vLoss=0.8246 pEnt=2.878 pIllM=0.0102 playedP=0.161 pW=0.46 pD=0.07 pL=0.46 vAbs=0.208 pLogitMean=0.5410 vLogitMean=1.5789 gNorm=1.023 lr=0.01 ms=1422.1 buf=500000 plies=190100807 games=2866090 rejected=0 skipped=0 epoch=0 mom=0.9000 trainerStep=22250
[LAYER-HEALTH] live trainerStep=22250 scope=batch_norm_state_only reluSites=9/10 ch=1040 dead=0 off=0 alwaysOn=0 worst=none maxBetaOverGamma=+0.39@tower_final_bn[31] minBetaOverGamma=-0.27@blocks.2.bn1[17] rvMaxOverMedian=6.6@stem.bn[53] rezero=none nonFinite=0
[REPLAY] step=22300 loss=3.5793 pLoss=2.7606 vLoss=0.8095 pEnt=2.854 pIllM=0.0091 playedP=0.168 pW=0.48 pD=0.07 pL=0.46 vAbs=0.218 pLogitMean=0.5425 vLogitMean=1.6218 gNorm=1.011 lr=0.01 ms=1448.2 buf=500000 plies=190527441 games=2872452 rejected=0 skipped=0 epoch=0 mom=0.9000 trainerStep=22300
[LAYER-HEALTH] live trainerStep=22300 scope=batch_norm_state_only reluSites=9/10 ch=1040 dead=0 off=0 alwaysOn=0 worst=none maxBetaOverGamma=+0.39@tower_final_bn[31] minBetaOverGamma=-0.27@blocks.2.bn1[72] rvMaxOverMedian=6.7@stem.bn[53] rezero=none nonFinite=0
[REPLAY] step=22350 loss=3.6197 pLoss=2.8071 vLoss=0.8040 pEnt=2.893 pIllM=0.0085 playedP=0.157 pW=0.47 pD=0.06 pL=0.47 vAbs=0.211 pLogitMean=0.5420 vLogitMean=1.6019 gNorm=1.183 lr=0.01 ms=1379.5 buf=500000 plies=190954133 games=2878871 rejected=0 skipped=0 epoch=0 mom=0.9000 trainerStep=22350
[LAYER-HEALTH] live trainerStep=22350 scope=batch_norm_state_only reluSites=9/10 ch=1040 dead=0 off=0 alwaysOn=0 worst=none maxBetaOverGamma=+0.39@tower_final_bn[31] minBetaOverGamma=-0.27@blocks.2.bn1[17] rvMaxOverMedian=6.8@stem.bn[53] rezero=none nonFinite=0
[REPLAY] step=22400 loss=3.6036 pLoss=2.7867 vLoss=0.8065 pEnt=2.890 pIllM=0.0104 playedP=0.160 pW=0.48 pD=0.06 pL=0.46 vAbs=0.218 pLogitMean=0.5439 vLogitMean=1.6453 gNorm=1.078 lr=0.01 ms=1368.1 buf=500000 plies=191380766 games=2885315 rejected=0 skipped=0 epoch=0 mom=0.9000 trainerStep=22400
[LAYER-HEALTH] live trainerStep=22400 scope=batch_norm_state_only reluSites=9/10 ch=1040 dead=0 off=0 alwaysOn=0 worst=none maxBetaOverGamma=+0.39@tower_final_bn[31] minBetaOverGamma=-0.27@blocks.2.bn1[17] rvMaxOverMedian=7.0@stem.bn[53] rezero=none nonFinite=0
[REPLAY] step=22450 loss=3.5923 pLoss=2.7914 vLoss=0.7913 pEnt=2.888 pIllM=0.0096 playedP=0.158 pW=0.47 pD=0.05 pL=0.48 vAbs=0.216 pLogitMean=0.5410 vLogitMean=1.6531 gNorm=1.061 lr=0.01 ms=1373.5 buf=500000 plies=191807426 games=2891700 rejected=0 skipped=0 epoch=0 mom=0.9000 trainerStep=22450
[LAYER-HEALTH] live trainerStep=22450 scope=batch_norm_state_only reluSites=9/10 ch=1040 dead=0 off=0 alwaysOn=0 worst=none maxBetaOverGamma=+0.39@tower_final_bn[31] minBetaOverGamma=-0.27@blocks.2.bn1[17] rvMaxOverMedian=7.1@stem.bn[53] rezero=none nonFinite=0
[REPLAY] step=22500 loss=3.6176 pLoss=2.7959 vLoss=0.8118 pEnt=2.874 pIllM=0.0099 playedP=0.161 pW=0.49 pD=0.06 pL=0.45 vAbs=0.227 pLogitMean=0.5421 vLogitMean=1.6419 gNorm=0.993 lr=0.01 ms=1327.0 buf=500000 plies=192234025 games=2898113 rejected=0 skipped=0 epoch=0 mom=0.9000 trainerStep=22500
[LAYER-HEALTH] live trainerStep=22500 scope=batch_norm_state_only reluSites=9/10 ch=1040 dead=0 off=0 alwaysOn=0 worst=none maxBetaOverGamma=+0.39@tower_final_bn[31] minBetaOverGamma=-0.27@blocks.2.bn1[72] rvMaxOverMedian=7.2@stem.bn[53] rezero=none nonFinite=0
[REPLAY] step=22550 loss=3.6014 pLoss=2.7767 vLoss=0.8166 pEnt=2.889 pIllM=0.0081 playedP=0.159 pW=0.47 pD=0.06 pL=0.47 vAbs=0.213 pLogitMean=0.5420 vLogitMean=1.6488 gNorm=1.065 lr=0.01 ms=1254.6 buf=500000 plies=192660721 games=2904531 rejected=0 skipped=0 epoch=0 mom=0.9000 trainerStep=22550
[LAYER-HEALTH] live trainerStep=22550 scope=batch_norm_state_only reluSites=9/10 ch=1040 dead=0 off=0 alwaysOn=0 worst=none maxBetaOverGamma=+0.39@tower_final_bn[31] minBetaOverGamma=-0.27@blocks.2.bn1[72] rvMaxOverMedian=7.1@stem.bn[53] rezero=none nonFinite=0
[REPLAY] step=22600 loss=3.6109 pLoss=2.7994 vLoss=0.8020 pEnt=2.870 pIllM=0.0094 playedP=0.162 pW=0.47 pD=0.06 pL=0.46 vAbs=0.210 pLogitMean=0.5424 vLogitMean=1.6584 gNorm=1.082 lr=0.01 ms=1494.6 buf=500000 plies=193087343 games=2910983 rejected=0 skipped=0 epoch=0 mom=0.9000 trainerStep=22600
[LAYER-HEALTH] live trainerStep=22600 scope=batch_norm_state_only reluSites=9/10 ch=1040 dead=0 off=0 alwaysOn=0 worst=none maxBetaOverGamma=+0.39@tower_final_bn[31] minBetaOverGamma=-0.27@blocks.2.bn1[72] rvMaxOverMedian=7.0@stem.bn[53] rezero=none nonFinite=0
[REPLAY] step=22650 loss=3.5697 pLoss=2.7654 vLoss=0.7949 pEnt=2.864 pIllM=0.0094 playedP=0.163 pW=0.46 pD=0.06 pL=0.47 vAbs=0.219 pLogitMean=0.5431 vLogitMean=1.6654 gNorm=1.117 lr=0.01 ms=1445.5 buf=500000 plies=193513988 games=2917290 rejected=0 skipped=0 epoch=0 mom=0.9000 trainerStep=22650
[LAYER-HEALTH] live trainerStep=22650 scope=batch_norm_state_only reluSites=9/10 ch=1040 dead=0 off=0 alwaysOn=0 worst=none maxBetaOverGamma=+0.39@tower_final_bn[31] minBetaOverGamma=-0.27@blocks.2.bn1[72] rvMaxOverMedian=6.9@stem.bn[53] rezero=none nonFinite=0
[REPLAY] step=22700 loss=3.6257 pLoss=2.8104 vLoss=0.8062 pEnt=2.896 pIllM=0.0090 playedP=0.153 pW=0.47 pD=0.06 pL=0.47 vAbs=0.219 pLogitMean=0.5439 vLogitMean=1.6662 gNorm=1.063 lr=0.01 ms=1316.3 buf=500000 plies=193940668 games=2923694 rejected=0 skipped=0 epoch=0 mom=0.9000 trainerStep=22700
[LAYER-HEALTH] live trainerStep=22700 scope=batch_norm_state_only reluSites=9/10 ch=1040 dead=0 off=0 alwaysOn=0 worst=none maxBetaOverGamma=+0.39@tower_final_bn[31] minBetaOverGamma=-0.27@blocks.2.bn1[72] rvMaxOverMedian=6.7@stem.bn[53] rezero=none nonFinite=0
[REPLAY] step=22750 loss=3.6145 pLoss=2.7980 vLoss=0.8076 pEnt=2.900 pIllM=0.0089 playedP=0.155 pW=0.46 pD=0.06 pL=0.47 vAbs=0.213 pLogitMean=0.5439 vLogitMean=1.6518 gNorm=1.010 lr=0.01 ms=1317.7 buf=500000 plies=194367284 games=2930075 rejected=0 skipped=0 epoch=0 mom=0.9000 trainerStep=22750
[LAYER-HEALTH] live trainerStep=22750 scope=batch_norm_state_only reluSites=9/10 ch=1040 dead=0 off=0 alwaysOn=0 worst=none maxBetaOverGamma=+0.39@tower_final_bn[31] minBetaOverGamma=-0.27@blocks.2.bn1[72] rvMaxOverMedian=6.6@stem.bn[53] rezero=none nonFinite=0
[REPLAY] step=22800 loss=3.6204 pLoss=2.8046 vLoss=0.8069 pEnt=2.890 pIllM=0.0089 playedP=0.158 pW=0.47 pD=0.06 pL=0.46 vAbs=0.206 pLogitMean=0.5442 vLogitMean=1.6341 gNorm=1.083 lr=0.01 ms=1454.0 buf=500000 plies=194793945 games=2936475 rejected=0 skipped=0 epoch=0 mom=0.9000 trainerStep=22800
[LAYER-HEALTH] live trainerStep=22800 scope=batch_norm_state_only reluSites=9/10 ch=1040 dead=0 off=0 alwaysOn=0 worst=none maxBetaOverGamma=+0.39@tower_final_bn[31] minBetaOverGamma=-0.27@blocks.2.bn1[72] rvMaxOverMedian=6.5@stem.bn[53] rezero=none nonFinite=0
[REPLAY] step=22850 loss=3.6451 pLoss=2.8140 vLoss=0.8221 pEnt=2.869 pIllM=0.0090 playedP=0.162 pW=0.47 pD=0.07 pL=0.46 vAbs=0.204 pLogitMean=0.5450 vLogitMean=1.6093 gNorm=1.079 lr=0.01 ms=1386.4 buf=500000 plies=195220587 games=2942879 rejected=0 skipped=0 epoch=0 mom=0.9000 trainerStep=22850
[LAYER-HEALTH] live trainerStep=22850 scope=batch_norm_state_only reluSites=9/10 ch=1040 dead=0 off=0 alwaysOn=0 worst=none maxBetaOverGamma=+0.39@tower_final_bn[31] minBetaOverGamma=-0.27@blocks.2.bn1[72] rvMaxOverMedian=6.6@stem.bn[53] rezero=none nonFinite=0
[REPLAY] step=22900 loss=3.6149 pLoss=2.7901 vLoss=0.8157 pEnt=2.878 pIllM=0.0091 playedP=0.160 pW=0.47 pD=0.06 pL=0.47 vAbs=0.205 pLogitMean=0.5453 vLogitMean=1.6318 gNorm=1.056 lr=0.01 ms=1324.0 buf=500000 plies=195647308 games=2949286 rejected=0 skipped=0 epoch=0 mom=0.9000 trainerStep=22900
[LAYER-HEALTH] live trainerStep=22900 scope=batch_norm_state_only reluSites=9/10 ch=1040 dead=0 off=0 alwaysOn=0 worst=none maxBetaOverGamma=+0.39@tower_final_bn[31] minBetaOverGamma=-0.27@blocks.2.bn1[72] rvMaxOverMedian=6.5@stem.bn[53] rezero=none nonFinite=0
[REPLAY] step=22950 loss=3.6488 pLoss=2.8290 vLoss=0.8107 pEnt=2.891 pIllM=0.0091 playedP=0.157 pW=0.48 pD=0.07 pL=0.45 vAbs=0.213 pLogitMean=0.5440 vLogitMean=1.6075 gNorm=0.943 lr=0.01 ms=1454.9 buf=500000 plies=196073908 games=2955722 rejected=0 skipped=0 epoch=0 mom=0.9000 trainerStep=22950
[LAYER-HEALTH] live trainerStep=22950 scope=batch_norm_state_only reluSites=9/10 ch=1040 dead=0 off=0 alwaysOn=0 worst=none maxBetaOverGamma=+0.39@tower_final_bn[31] minBetaOverGamma=-0.27@blocks.2.bn1[72] rvMaxOverMedian=6.5@stem.bn[53] rezero=none nonFinite=0
[REPLAY] step=23000 loss=3.6247 pLoss=2.8055 vLoss=0.8102 pEnt=2.866 pIllM=0.0090 playedP=0.163 pW=0.47 pD=0.06 pL=0.47 vAbs=0.216 pLogitMean=0.5454 vLogitMean=1.6134 gNorm=0.955 lr=0.01 ms=1436.6 buf=500000 plies=196500576 games=2962130 rejected=0 skipped=0 epoch=0 mom=0.9000 trainerStep=23000
[LAYER-HEALTH] live trainerStep=23000 scope=batch_norm_state_only reluSites=9/10 ch=1040 dead=0 off=0 alwaysOn=0 worst=none maxBetaOverGamma=+0.39@tower_final_bn[31] minBetaOverGamma=-0.28@blocks.2.bn1[72] rvMaxOverMedian=6.5@stem.bn[53] rezero=none nonFinite=0
[REPLAY] saved trainer model (autosave) step=23000 trainerStep=23000 nextGame=2962130 shard=6 epoch=0 -> 20261005-lrA-const01-replay-latest.safetensors
[LAYER-HEALTH] checkpoint replay-autosave step=23000 trainerStep=23000 scope=all_tensors reluSites=9/10 ch=1040 dead=0 off=0 alwaysOn=0 worst=none maxBetaOverGamma=+0.39@tower_final_bn[31] minBetaOverGamma=-0.28@blocks.2.bn1[72] rvMaxOverMedian=6.5@stem.bn[53] rezero=none nonFinite=0 seZeroVel=none valueFC1ZeroVel=0/128 maxAbs=3.501@blocks.2.bn1.running_mean
[LAYER-HEALTH]   batch-norm sites — β/|γ|: dead < -3.00, mostly off < -2.00, always on > +3.00; classified for relu/leaky_relu only
[LAYER-HEALTH]     site            act            ch   dead    off     on  zeroγ nonfin  min β/|γ| [ch]     max β/|γ| [ch]     rv max/median [ch]
[LAYER-HEALTH]     stem.bn         -             128    n/a    n/a    n/a      0      0     -0.05 [85]         +0.04 [62]            6.5 [53]
[LAYER-HEALTH]     blocks.0.bn1    relu          128      0      0      0      0      0     -0.09 [97]         +0.17 [62]            1.9 [97]
[LAYER-HEALTH]     blocks.0.bn2    relu          128      0      0      0      0      0     -0.15 [32]         +0.06 [86]            2.0 [24]
[LAYER-HEALTH]     blocks.1.bn1    relu          128      0      0      0      0      0     -0.24 [17]         +0.12 [121]           4.0 [97]
[LAYER-HEALTH]     blocks.1.bn2    relu          128      0      0      0      0      0     -0.23 [69]         +0.07 [110]           1.5 [116]
[LAYER-HEALTH]     blocks.2.bn1    relu          128      0      0      0      0      0     -0.28 [72]         +0.13 [30]            2.8 [97]
[LAYER-HEALTH]     blocks.2.bn2    relu          128      0      0      0      0      0     -0.19 [92]         +0.16 [29]            1.5 [7]
[LAYER-HEALTH]     tower_final_bn  relu          128      0      0      0      0      0     -0.07 [35]         +0.39 [31]            5.3 [19]
[LAYER-HEALTH]     policy.pre_bn   relu          128      0      0      0      0      0     -0.04 [114]        +0.16 [7]             2.6 [32]
[LAYER-HEALTH]     value.bn        relu           16      0      0      0      0      0     -0.10 [10]         +0.02 [0]             1.5 [11]
[LAYER-HEALTH]   FC hidden-unit velocity — zero: every weight-velocity entry exactly 0; low: nonzero but < 5% of the layer's p90 unit norm
[LAYER-HEALTH]     value.fc1.weight  relu  units 128  zero 0  low 32  median unit norm 0.004701
[LAYER-HEALTH]     (no SE blocks)
[LAYER-HEALTH]   ReZero: none
[LAYER-HEALTH]   non-finite: 0 values in 0 of 102 tensors (10263038 values examined)
[LAYER-HEALTH]   largest |value|: blocks.2.bn1.running_mean 3.501, blocks.1.bn1.running_mean 2.908, blocks.0.bn2.running_var 2.771, tower_final_bn.running_mean 2.375, blocks.2.bn2.running_var 2.333
[REPLAY] enumerated checkpoint -> 20261005-lrA-const01-replay-step23000.safetensors
[REPLAY] step=23050 loss=3.6244 pLoss=2.7934 vLoss=0.8221 pEnt=2.869 pIllM=0.0089 playedP=0.161 pW=0.46 pD=0.07 pL=0.48 vAbs=0.219 pLogitMean=0.5446 vLogitMean=1.6174 gNorm=1.120 lr=0.01 ms=1335.9 buf=500000 plies=196927193 games=2968472 rejected=0 skipped=0 epoch=0 mom=0.9000 trainerStep=23050
[LAYER-HEALTH] live trainerStep=23050 scope=batch_norm_state_only reluSites=9/10 ch=1040 dead=0 off=0 alwaysOn=0 worst=none maxBetaOverGamma=+0.39@tower_final_bn[31] minBetaOverGamma=-0.28@blocks.2.bn1[72] rvMaxOverMedian=6.5@stem.bn[53] rezero=none nonFinite=0
[REPLAY] step=23100 loss=3.5954 pLoss=2.7816 vLoss=0.8046 pEnt=2.858 pIllM=0.0093 playedP=0.165 pW=0.48 pD=0.07 pL=0.46 vAbs=0.224 pLogitMean=0.5459 vLogitMean=1.5929 gNorm=0.998 lr=0.01 ms=1430.0 buf=500000 plies=197353878 games=2974827 rejected=0 skipped=0 epoch=0 mom=0.9000 trainerStep=23100
[LAYER-HEALTH] live trainerStep=23100 scope=batch_norm_state_only reluSites=9/10 ch=1040 dead=0 off=0 alwaysOn=0 worst=none maxBetaOverGamma=+0.39@tower_final_bn[31] minBetaOverGamma=-0.28@blocks.2.bn1[72] rvMaxOverMedian=6.6@stem.bn[53] rezero=none nonFinite=0
[REPLAY] step=23150 loss=3.6103 pLoss=2.7888 vLoss=0.8119 pEnt=2.875 pIllM=0.0097 playedP=0.159 pW=0.47 pD=0.07 pL=0.46 vAbs=0.219 pLogitMean=0.5468 vLogitMean=1.5785 gNorm=1.182 lr=0.01 ms=1350.1 buf=500000 plies=197780481 games=2981222 rejected=0 skipped=0 epoch=0 mom=0.9000 trainerStep=23150
[LAYER-HEALTH] live trainerStep=23150 scope=batch_norm_state_only reluSites=9/10 ch=1040 dead=0 off=0 alwaysOn=0 worst=none maxBetaOverGamma=+0.39@tower_final_bn[31] minBetaOverGamma=-0.28@blocks.2.bn1[72] rvMaxOverMedian=6.7@stem.bn[53] rezero=none nonFinite=0
[REPLAY] step=23200 loss=3.6000 pLoss=2.7945 vLoss=0.7963 pEnt=2.893 pIllM=0.0091 playedP=0.157 pW=0.46 pD=0.06 pL=0.48 vAbs=0.222 pLogitMean=0.5459 vLogitMean=1.6162 gNorm=1.222 lr=0.01 ms=1453.7 buf=500000 plies=198207137 games=2987655 rejected=0 skipped=0 epoch=0 mom=0.9000 trainerStep=23200
[LAYER-HEALTH] live trainerStep=23200 scope=batch_norm_state_only reluSites=9/10 ch=1040 dead=0 off=0 alwaysOn=0 worst=none maxBetaOverGamma=+0.39@tower_final_bn[31] minBetaOverGamma=-0.28@blocks.2.bn1[72] rvMaxOverMedian=6.7@stem.bn[53] rezero=none nonFinite=0
[REPLAY] step=23250 loss=3.6135 pLoss=2.7898 vLoss=0.8150 pEnt=2.880 pIllM=0.0087 playedP=0.157 pW=0.47 pD=0.06 pL=0.47 vAbs=0.234 pLogitMean=0.5445 vLogitMean=1.6424 gNorm=1.083 lr=0.01 ms=1242.7 buf=500000 plies=198633801 games=2994067 rejected=0 skipped=0 epoch=0 mom=0.9000 trainerStep=23250
[LAYER-HEALTH] live trainerStep=23250 scope=batch_norm_state_only reluSites=9/10 ch=1040 dead=0 off=0 alwaysOn=0 worst=none maxBetaOverGamma=+0.39@tower_final_bn[31] minBetaOverGamma=-0.28@blocks.2.bn1[72] rvMaxOverMedian=6.7@stem.bn[53] rezero=none nonFinite=0
[REPLAY] step=23300 loss=3.5949 pLoss=2.7721 vLoss=0.8146 pEnt=2.905 pIllM=0.0082 playedP=0.154 pW=0.46 pD=0.06 pL=0.48 vAbs=0.229 pLogitMean=0.5465 vLogitMean=1.6222 gNorm=1.167 lr=0.01 ms=1394.0 buf=500000 plies=199060473 games=3000444 rejected=0 skipped=0 epoch=0 mom=0.9000 trainerStep=23300
[LAYER-HEALTH] live trainerStep=23300 scope=batch_norm_state_only reluSites=9/10 ch=1040 dead=0 off=0 alwaysOn=0 worst=none maxBetaOverGamma=+0.39@tower_final_bn[31] minBetaOverGamma=-0.28@blocks.2.bn1[72] rvMaxOverMedian=6.8@stem.bn[53] rezero=none nonFinite=0
[REPLAY] step=23350 loss=3.6095 pLoss=2.7920 vLoss=0.8094 pEnt=2.892 pIllM=0.0081 playedP=0.157 pW=0.47 pD=0.07 pL=0.47 vAbs=0.220 pLogitMean=0.5463 vLogitMean=1.5996 gNorm=1.027 lr=0.01 ms=1333.0 buf=500000 plies=199487112 games=3006830 rejected=0 skipped=0 epoch=0 mom=0.9000 trainerStep=23350
[LAYER-HEALTH] live trainerStep=23350 scope=batch_norm_state_only reluSites=9/10 ch=1040 dead=0 off=0 alwaysOn=0 worst=none maxBetaOverGamma=+0.39@tower_final_bn[31] minBetaOverGamma=-0.28@blocks.2.bn1[72] rvMaxOverMedian=6.8@stem.bn[53] rezero=none nonFinite=0
[REPLAY] step=23400 loss=3.5819 pLoss=2.7621 vLoss=0.8104 pEnt=2.889 pIllM=0.0094 playedP=0.159 pW=0.47 pD=0.07 pL=0.46 vAbs=0.238 pLogitMean=0.5462 vLogitMean=1.6235 gNorm=1.052 lr=0.01 ms=1460.0 buf=500000 plies=199913754 games=3013268 rejected=0 skipped=0 epoch=0 mom=0.9000 trainerStep=23400
[LAYER-HEALTH] live trainerStep=23400 scope=batch_norm_state_only reluSites=9/10 ch=1040 dead=0 off=0 alwaysOn=0 worst=none maxBetaOverGamma=+0.39@tower_final_bn[31] minBetaOverGamma=-0.28@blocks.2.bn1[72] rvMaxOverMedian=6.8@stem.bn[53] rezero=none nonFinite=0
[REPLAY] step=23450 loss=3.6344 pLoss=2.8135 vLoss=0.8128 pEnt=2.887 pIllM=0.0082 playedP=0.158 pW=0.47 pD=0.07 pL=0.46 vAbs=0.214 pLogitMean=0.5459 vLogitMean=1.5838 gNorm=1.045 lr=0.01 ms=1389.5 buf=500000 plies=200340443 games=3019704 rejected=0 skipped=0 epoch=0 mom=0.9000 trainerStep=23450
[LAYER-HEALTH] live trainerStep=23450 scope=batch_norm_state_only reluSites=9/10 ch=1040 dead=0 off=0 alwaysOn=0 worst=none maxBetaOverGamma=+0.39@tower_final_bn[31] minBetaOverGamma=-0.28@blocks.2.bn1[72] rvMaxOverMedian=6.7@stem.bn[53] rezero=none nonFinite=0
[REPLAY] step=23500 loss=3.6105 pLoss=2.7951 vLoss=0.8071 pEnt=2.887 pIllM=0.0082 playedP=0.160 pW=0.47 pD=0.06 pL=0.47 vAbs=0.224 pLogitMean=0.5469 vLogitMean=1.6026 gNorm=1.092 lr=0.01 ms=1446.1 buf=500000 plies=200767036 games=3026157 rejected=0 skipped=0 epoch=0 mom=0.9000 trainerStep=23500
[LAYER-HEALTH] live trainerStep=23500 scope=batch_norm_state_only reluSites=9/10 ch=1040 dead=0 off=0 alwaysOn=0 worst=none maxBetaOverGamma=+0.39@tower_final_bn[31] minBetaOverGamma=-0.28@blocks.2.bn1[72] rvMaxOverMedian=6.6@stem.bn[53] rezero=none nonFinite=0
[REPLAY] step=23550 loss=3.6142 pLoss=2.8158 vLoss=0.7896 pEnt=2.882 pIllM=0.0088 playedP=0.160 pW=0.49 pD=0.06 pL=0.46 vAbs=0.231 pLogitMean=0.5476 vLogitMean=1.6071 gNorm=0.964 lr=0.01 ms=1486.9 buf=500000 plies=201193718 games=3032597 rejected=0 skipped=0 epoch=0 mom=0.9000 trainerStep=23550
[LAYER-HEALTH] live trainerStep=23550 scope=batch_norm_state_only reluSites=9/10 ch=1040 dead=0 off=0 alwaysOn=0 worst=none maxBetaOverGamma=+0.39@tower_final_bn[31] minBetaOverGamma=-0.28@blocks.2.bn1[72] rvMaxOverMedian=6.7@stem.bn[53] rezero=none nonFinite=0
[REPLAY] step=23600 loss=3.5919 pLoss=2.7726 vLoss=0.8113 pEnt=2.910 pIllM=0.0080 playedP=0.154 pW=0.47 pD=0.06 pL=0.47 vAbs=0.224 pLogitMean=0.5473 vLogitMean=1.6043 gNorm=1.129 lr=0.01 ms=1472.2 buf=500000 plies=201620330 games=3038971 rejected=0 skipped=0 epoch=0 mom=0.9000 trainerStep=23600
[LAYER-HEALTH] live trainerStep=23600 scope=batch_norm_state_only reluSites=9/10 ch=1040 dead=0 off=0 alwaysOn=0 worst=none maxBetaOverGamma=+0.39@tower_final_bn[31] minBetaOverGamma=-0.28@blocks.2.bn1[72] rvMaxOverMedian=6.7@stem.bn[53] rezero=none nonFinite=0
[REPLAY] step=23650 loss=3.5568 pLoss=2.7557 vLoss=0.7924 pEnt=2.867 pIllM=0.0087 playedP=0.162 pW=0.46 pD=0.06 pL=0.47 vAbs=0.228 pLogitMean=0.5483 vLogitMean=1.5829 gNorm=1.025 lr=0.01 ms=1359.3 buf=500000 plies=202047032 games=3045450 rejected=0 skipped=0 epoch=0 mom=0.9000 trainerStep=23650
[LAYER-HEALTH] live trainerStep=23650 scope=batch_norm_state_only reluSites=9/10 ch=1040 dead=0 off=0 alwaysOn=0 worst=none maxBetaOverGamma=+0.39@tower_final_bn[31] minBetaOverGamma=-0.28@blocks.2.bn1[72] rvMaxOverMedian=6.8@stem.bn[53] rezero=none nonFinite=0
[REPLAY] step=23700 loss=3.6223 pLoss=2.8058 vLoss=0.8083 pEnt=2.906 pIllM=0.0082 playedP=0.155 pW=0.46 pD=0.06 pL=0.48 vAbs=0.226 pLogitMean=0.5494 vLogitMean=1.5891 gNorm=1.034 lr=0.01 ms=1470.6 buf=500000 plies=202473638 games=3051902 rejected=0 skipped=0 epoch=0 mom=0.9000 trainerStep=23700
[LAYER-HEALTH] live trainerStep=23700 scope=batch_norm_state_only reluSites=9/10 ch=1040 dead=0 off=0 alwaysOn=0 worst=none maxBetaOverGamma=+0.39@tower_final_bn[31] minBetaOverGamma=-0.28@blocks.2.bn1[72] rvMaxOverMedian=7.0@stem.bn[53] rezero=none nonFinite=0
[REPLAY] step=23750 loss=3.6196 pLoss=2.7967 vLoss=0.8145 pEnt=2.888 pIllM=0.0084 playedP=0.160 pW=0.47 pD=0.06 pL=0.46 vAbs=0.204 pLogitMean=0.5472 vLogitMean=1.5712 gNorm=1.009 lr=0.01 ms=1299.8 buf=500000 plies=202900285 games=3058357 rejected=0 skipped=0 epoch=0 mom=0.9000 trainerStep=23750
[LAYER-HEALTH] live trainerStep=23750 scope=batch_norm_state_only reluSites=9/10 ch=1040 dead=0 off=0 alwaysOn=0 worst=none maxBetaOverGamma=+0.39@tower_final_bn[31] minBetaOverGamma=-0.28@blocks.2.bn1[72] rvMaxOverMedian=7.0@stem.bn[53] rezero=none nonFinite=0
[REPLAY] step=23800 loss=3.6166 pLoss=2.7992 vLoss=0.8095 pEnt=2.910 pIllM=0.0079 playedP=0.155 pW=0.47 pD=0.06 pL=0.47 vAbs=0.214 pLogitMean=0.5486 vLogitMean=1.5878 gNorm=1.078 lr=0.01 ms=1463.8 buf=500000 plies=203326935 games=3064839 rejected=0 skipped=0 epoch=0 mom=0.9000 trainerStep=23800
[LAYER-HEALTH] live trainerStep=23800 scope=batch_norm_state_only reluSites=9/10 ch=1040 dead=0 off=0 alwaysOn=0 worst=none maxBetaOverGamma=+0.39@tower_final_bn[31] minBetaOverGamma=-0.28@blocks.2.bn1[72] rvMaxOverMedian=6.9@stem.bn[53] rezero=none nonFinite=0
[REPLAY] step=23850 loss=3.5926 pLoss=2.7635 vLoss=0.8200 pEnt=2.882 pIllM=0.0091 playedP=0.159 pW=0.47 pD=0.07 pL=0.46 vAbs=0.219 pLogitMean=0.5488 vLogitMean=1.5896 gNorm=1.052 lr=0.01 ms=1348.0 buf=500000 plies=203753600 games=3071247 rejected=0 skipped=0 epoch=0 mom=0.9000 trainerStep=23850
[LAYER-HEALTH] live trainerStep=23850 scope=batch_norm_state_only reluSites=9/10 ch=1040 dead=0 off=0 alwaysOn=0 worst=none maxBetaOverGamma=+0.39@tower_final_bn[31] minBetaOverGamma=-0.29@blocks.2.bn1[72] rvMaxOverMedian=6.9@stem.bn[53] rezero=none nonFinite=0
[REPLAY] step=23900 loss=3.5761 pLoss=2.7693 vLoss=0.7981 pEnt=2.880 pIllM=0.0087 playedP=0.159 pW=0.47 pD=0.06 pL=0.47 vAbs=0.222 pLogitMean=0.5490 vLogitMean=1.6333 gNorm=1.082 lr=0.01 ms=1368.0 buf=500000 plies=204180289 games=3077751 rejected=0 skipped=0 epoch=0 mom=0.9000 trainerStep=23900
[LAYER-HEALTH] live trainerStep=23900 scope=batch_norm_state_only reluSites=9/10 ch=1040 dead=0 off=0 alwaysOn=0 worst=none maxBetaOverGamma=+0.39@tower_final_bn[31] minBetaOverGamma=-0.29@blocks.2.bn1[72] rvMaxOverMedian=6.9@stem.bn[53] rezero=none nonFinite=0
[REPLAY] step=23950 loss=3.6394 pLoss=2.8231 vLoss=0.8080 pEnt=2.888 pIllM=0.0083 playedP=0.158 pW=0.48 pD=0.06 pL=0.46 vAbs=0.214 pLogitMean=0.5496 vLogitMean=1.6467 gNorm=1.067 lr=0.01 ms=1466.7 buf=500000 plies=204606919 games=3084181 rejected=0 skipped=0 epoch=0 mom=0.9000 trainerStep=23950
[LAYER-HEALTH] live trainerStep=23950 scope=batch_norm_state_only reluSites=9/10 ch=1040 dead=0 off=0 alwaysOn=0 worst=none maxBetaOverGamma=+0.39@tower_final_bn[31] minBetaOverGamma=-0.29@blocks.2.bn1[72] rvMaxOverMedian=7.0@stem.bn[53] rezero=none nonFinite=0
[REPLAY] step=24000 loss=3.5804 pLoss=2.7699 vLoss=0.8021 pEnt=2.859 pIllM=0.0083 playedP=0.162 pW=0.47 pD=0.06 pL=0.47 vAbs=0.217 pLogitMean=0.5491 vLogitMean=1.6384 gNorm=1.048 lr=0.01 ms=1459.2 buf=500000 plies=205033545 games=3090581 rejected=0 skipped=0 epoch=0 mom=0.9000 trainerStep=24000
[LAYER-HEALTH] live trainerStep=24000 scope=batch_norm_state_only reluSites=9/10 ch=1040 dead=0 off=0 alwaysOn=0 worst=none maxBetaOverGamma=+0.39@tower_final_bn[31] minBetaOverGamma=-0.29@blocks.2.bn1[72] rvMaxOverMedian=7.0@stem.bn[53] rezero=none nonFinite=0
[REPLAY] saved trainer model (autosave) step=24000 trainerStep=24000 nextGame=3090581 shard=6 epoch=0 -> 20261005-lrA-const01-replay-latest.safetensors
[LAYER-HEALTH] checkpoint replay-autosave step=24000 trainerStep=24000 scope=all_tensors reluSites=9/10 ch=1040 dead=0 off=0 alwaysOn=0 worst=none maxBetaOverGamma=+0.39@tower_final_bn[31] minBetaOverGamma=-0.29@blocks.2.bn1[72] rvMaxOverMedian=7.0@stem.bn[53] rezero=none nonFinite=0 seZeroVel=none valueFC1ZeroVel=0/128 maxAbs=3.468@blocks.2.bn1.running_mean
[LAYER-HEALTH]   batch-norm sites — β/|γ|: dead < -3.00, mostly off < -2.00, always on > +3.00; classified for relu/leaky_relu only
[LAYER-HEALTH]     site            act            ch   dead    off     on  zeroγ nonfin  min β/|γ| [ch]     max β/|γ| [ch]     rv max/median [ch]
[LAYER-HEALTH]     stem.bn         -             128    n/a    n/a    n/a      0      0     -0.05 [85]         +0.04 [62]            7.0 [53]
[LAYER-HEALTH]     blocks.0.bn1    relu          128      0      0      0      0      0     -0.09 [97]         +0.18 [62]            1.9 [97]
[LAYER-HEALTH]     blocks.0.bn2    relu          128      0      0      0      0      0     -0.15 [32]         +0.06 [14]            2.0 [24]
[LAYER-HEALTH]     blocks.1.bn1    relu          128      0      0      0      0      0     -0.25 [17]         +0.12 [121]           4.1 [97]
[LAYER-HEALTH]     blocks.1.bn2    relu          128      0      0      0      0      0     -0.24 [69]         +0.07 [110]           1.5 [55]
[LAYER-HEALTH]     blocks.2.bn1    relu          128      0      0      0      0      0     -0.29 [72]         +0.12 [30]            2.8 [97]
[LAYER-HEALTH]     blocks.2.bn2    relu          128      0      0      0      0      0     -0.20 [92]         +0.16 [29]            1.5 [7]
[LAYER-HEALTH]     tower_final_bn  relu          128      0      0      0      0      0     -0.07 [35]         +0.39 [31]            5.3 [19]
[LAYER-HEALTH]     policy.pre_bn   relu          128      0      0      0      0      0     -0.04 [114]        +0.16 [7]             2.6 [32]
[LAYER-HEALTH]     value.bn        relu           16      0      0      0      0      0     -0.10 [10]         +0.02 [0]             1.5 [1]
[LAYER-HEALTH]   FC hidden-unit velocity — zero: every weight-velocity entry exactly 0; low: nonzero but < 5% of the layer's p90 unit norm
[LAYER-HEALTH]     value.fc1.weight  relu  units 128  zero 0  low 34  median unit norm 0.004649
[LAYER-HEALTH]     (no SE blocks)
[LAYER-HEALTH]   ReZero: none
[LAYER-HEALTH]   non-finite: 0 values in 0 of 102 tensors (10263038 values examined)
[LAYER-HEALTH]   largest |value|: blocks.2.bn1.running_mean 3.468, blocks.1.bn1.running_mean 2.85, blocks.0.bn2.running_var 2.705, tower_final_bn.running_mean 2.37, blocks.2.bn2.running_var 2.343
[REPLAY] enumerated checkpoint -> 20261005-lrA-const01-replay-step24000.safetensors
[REPLAY] step=24050 loss=3.5799 pLoss=2.7763 vLoss=0.7950 pEnt=2.862 pIllM=0.0086 playedP=0.165 pW=0.48 pD=0.06 pL=0.46 vAbs=0.222 pLogitMean=0.5501 vLogitMean=1.6223 gNorm=0.980 lr=0.01 ms=1515.0 buf=500000 plies=205460218 games=3097035 rejected=0 skipped=0 epoch=0 mom=0.9000 trainerStep=24050
[LAYER-HEALTH] live trainerStep=24050 scope=batch_norm_state_only reluSites=9/10 ch=1040 dead=0 off=0 alwaysOn=0 worst=none maxBetaOverGamma=+0.39@tower_final_bn[31] minBetaOverGamma=-0.29@blocks.2.bn1[72] rvMaxOverMedian=6.9@stem.bn[53] rezero=none nonFinite=0
[REPLAY] step=24100 loss=3.6072 pLoss=2.7881 vLoss=0.8108 pEnt=2.880 pIllM=0.0083 playedP=0.158 pW=0.46 pD=0.06 pL=0.47 vAbs=0.224 pLogitMean=0.5495 vLogitMean=1.6395 gNorm=1.147 lr=0.01 ms=1522.4 buf=500000 plies=205886850 games=3103398 rejected=0 skipped=0 epoch=0 mom=0.9000 trainerStep=24100
[LAYER-HEALTH] live trainerStep=24100 scope=batch_norm_state_only reluSites=9/10 ch=1040 dead=0 off=0 alwaysOn=0 worst=none maxBetaOverGamma=+0.39@tower_final_bn[31] minBetaOverGamma=-0.29@blocks.2.bn1[72] rvMaxOverMedian=6.9@stem.bn[53] rezero=none nonFinite=0
[REPLAY] step=24150 loss=3.5947 pLoss=2.7898 vLoss=0.7969 pEnt=2.878 pIllM=0.0079 playedP=0.163 pW=0.48 pD=0.06 pL=0.46 vAbs=0.221 pLogitMean=0.5474 vLogitMean=1.6201 gNorm=1.040 lr=0.01 ms=1462.0 buf=500000 plies=206313503 games=3109837 rejected=0 skipped=0 epoch=0 mom=0.9000 trainerStep=24150
[LAYER-HEALTH] live trainerStep=24150 scope=batch_norm_state_only reluSites=9/10 ch=1040 dead=0 off=0 alwaysOn=0 worst=none maxBetaOverGamma=+0.39@tower_final_bn[31] minBetaOverGamma=-0.29@blocks.2.bn1[72] rvMaxOverMedian=6.9@stem.bn[53] rezero=none nonFinite=0
[REPLAY] step=24200 loss=3.6070 pLoss=2.7945 vLoss=0.8041 pEnt=2.895 pIllM=0.0084 playedP=0.159 pW=0.46 pD=0.06 pL=0.48 vAbs=0.214 pLogitMean=0.5490 vLogitMean=1.6312 gNorm=1.091 lr=0.01 ms=1339.3 buf=500000 plies=206740150 games=3116295 rejected=0 skipped=0 epoch=0 mom=0.9000 trainerStep=24200
[LAYER-HEALTH] live trainerStep=24200 scope=batch_norm_state_only reluSites=9/10 ch=1040 dead=0 off=0 alwaysOn=0 worst=none maxBetaOverGamma=+0.39@tower_final_bn[31] minBetaOverGamma=-0.29@blocks.2.bn1[72] rvMaxOverMedian=6.9@stem.bn[53] rezero=none nonFinite=0
[REPLAY] step=24250 loss=3.6064 pLoss=2.7850 vLoss=0.8128 pEnt=2.872 pIllM=0.0085 playedP=0.161 pW=0.46 pD=0.06 pL=0.47 vAbs=0.227 pLogitMean=0.5498 vLogitMean=1.6013 gNorm=1.149 lr=0.01 ms=1398.1 buf=500000 plies=207166773 games=3122728 rejected=0 skipped=0 epoch=0 mom=0.9000 trainerStep=24250
[LAYER-HEALTH] live trainerStep=24250 scope=batch_norm_state_only reluSites=9/10 ch=1040 dead=0 off=0 alwaysOn=0 worst=none maxBetaOverGamma=+0.39@tower_final_bn[31] minBetaOverGamma=-0.29@blocks.2.bn1[72] rvMaxOverMedian=6.7@stem.bn[53] rezero=none nonFinite=0
[REPLAY] step=24300 loss=3.5950 pLoss=2.7920 vLoss=0.7941 pEnt=2.884 pIllM=0.0089 playedP=0.159 pW=0.47 pD=0.06 pL=0.47 vAbs=0.234 pLogitMean=0.5496 vLogitMean=1.6115 gNorm=1.041 lr=0.01 ms=1474.1 buf=500000 plies=207593437 games=3129173 rejected=0 skipped=0 epoch=0 mom=0.9000 trainerStep=24300
[LAYER-HEALTH] live trainerStep=24300 scope=batch_norm_state_only reluSites=9/10 ch=1040 dead=0 off=0 alwaysOn=0 worst=none maxBetaOverGamma=+0.39@tower_final_bn[31] minBetaOverGamma=-0.29@blocks.2.bn1[72] rvMaxOverMedian=6.8@stem.bn[53] rezero=none nonFinite=0
[REPLAY] step=24350 loss=3.6449 pLoss=2.8385 vLoss=0.7980 pEnt=2.888 pIllM=0.0083 playedP=0.158 pW=0.49 pD=0.06 pL=0.45 vAbs=0.216 pLogitMean=0.5482 vLogitMean=1.6008 gNorm=1.024 lr=0.01 ms=1293.7 buf=500000 plies=208020108 games=3135638 rejected=0 skipped=0 epoch=0 mom=0.9000 trainerStep=24350
[LAYER-HEALTH] live trainerStep=24350 scope=batch_norm_state_only reluSites=9/10 ch=1040 dead=0 off=0 alwaysOn=0 worst=none maxBetaOverGamma=+0.39@tower_final_bn[31] minBetaOverGamma=-0.29@blocks.2.bn1[72] rvMaxOverMedian=6.9@stem.bn[53] rezero=none nonFinite=0
[REPLAY] step=24400 loss=3.6163 pLoss=2.8054 vLoss=0.8021 pEnt=2.886 pIllM=0.0088 playedP=0.160 pW=0.48 pD=0.06 pL=0.46 vAbs=0.222 pLogitMean=0.5488 vLogitMean=1.5941 gNorm=1.077 lr=0.01 ms=1404.2 buf=500000 plies=208446803 games=3142119 rejected=0 skipped=0 epoch=0 mom=0.9000 trainerStep=24400
[LAYER-HEALTH] live trainerStep=24400 scope=batch_norm_state_only reluSites=9/10 ch=1040 dead=0 off=0 alwaysOn=0 worst=none maxBetaOverGamma=+0.39@tower_final_bn[31] minBetaOverGamma=-0.29@blocks.2.bn1[72] rvMaxOverMedian=6.9@stem.bn[53] rezero=none nonFinite=0
[REPLAY] step=24450 loss=3.6524 pLoss=2.8293 vLoss=0.8136 pEnt=2.883 pIllM=0.0095 playedP=0.157 pW=0.48 pD=0.06 pL=0.46 vAbs=0.232 pLogitMean=0.5495 vLogitMean=1.5699 gNorm=1.156 lr=0.01 ms=1517.8 buf=500000 plies=208873412 games=3148581 rejected=0 skipped=0 epoch=0 mom=0.9000 trainerStep=24450
[LAYER-HEALTH] live trainerStep=24450 scope=batch_norm_state_only reluSites=9/10 ch=1040 dead=0 off=0 alwaysOn=0 worst=none maxBetaOverGamma=+0.39@tower_final_bn[31] minBetaOverGamma=-0.29@blocks.2.bn1[72] rvMaxOverMedian=7.0@stem.bn[53] rezero=none nonFinite=0
[REPLAY] step=24500 loss=3.6477 pLoss=2.8379 vLoss=0.8022 pEnt=2.891 pIllM=0.0076 playedP=0.157 pW=0.48 pD=0.07 pL=0.46 vAbs=0.221 pLogitMean=0.5497 vLogitMean=1.5740 gNorm=1.029 lr=0.01 ms=1353.8 buf=500000 plies=209300095 games=3155018 rejected=0 skipped=0 epoch=0 mom=0.9000 trainerStep=24500
[LAYER-HEALTH] live trainerStep=24500 scope=batch_norm_state_only reluSites=9/10 ch=1040 dead=0 off=0 alwaysOn=0 worst=none maxBetaOverGamma=+0.39@tower_final_bn[31] minBetaOverGamma=-0.29@blocks.2.bn1[72] rvMaxOverMedian=6.9@stem.bn[53] rezero=none nonFinite=0
[REPLAY] step=24550 loss=3.6248 pLoss=2.8112 vLoss=0.8052 pEnt=2.891 pIllM=0.0084 playedP=0.156 pW=0.48 pD=0.06 pL=0.46 vAbs=0.218 pLogitMean=0.5497 vLogitMean=1.5644 gNorm=1.071 lr=0.01 ms=1504.0 buf=500000 plies=209726686 games=3161413 rejected=0 skipped=0 epoch=0 mom=0.9000 trainerStep=24550
[LAYER-HEALTH] live trainerStep=24550 scope=batch_norm_state_only reluSites=9/10 ch=1040 dead=0 off=0 alwaysOn=0 worst=none maxBetaOverGamma=+0.39@tower_final_bn[31] minBetaOverGamma=-0.29@blocks.2.bn1[72] rvMaxOverMedian=6.9@stem.bn[53] rezero=none nonFinite=0
[REPLAY] step=24600 loss=3.5857 pLoss=2.7899 vLoss=0.7878 pEnt=2.886 pIllM=0.0080 playedP=0.162 pW=0.49 pD=0.06 pL=0.46 vAbs=0.209 pLogitMean=0.5469 vLogitMean=1.6123 gNorm=1.009 lr=0.01 ms=1459.9 buf=500000 plies=210153367 games=3167856 rejected=0 skipped=0 epoch=0 mom=0.9000 trainerStep=24600
[LAYER-HEALTH] live trainerStep=24600 scope=batch_norm_state_only reluSites=9/10 ch=1040 dead=0 off=0 alwaysOn=0 worst=none maxBetaOverGamma=+0.39@tower_final_bn[31] minBetaOverGamma=-0.29@blocks.2.bn1[72] rvMaxOverMedian=7.0@stem.bn[53] rezero=none nonFinite=0
[REPLAY] step=24650 loss=3.5918 pLoss=2.7794 vLoss=0.8045 pEnt=2.854 pIllM=0.0079 playedP=0.169 pW=0.48 pD=0.06 pL=0.46 vAbs=0.216 pLogitMean=0.5510 vLogitMean=1.5783 gNorm=0.953 lr=0.01 ms=1356.9 buf=500000 plies=210580062 games=3174246 rejected=0 skipped=0 epoch=0 mom=0.9000 trainerStep=24650
[LAYER-HEALTH] live trainerStep=24650 scope=batch_norm_state_only reluSites=9/10 ch=1040 dead=0 off=0 alwaysOn=0 worst=none maxBetaOverGamma=+0.39@tower_final_bn[31] minBetaOverGamma=-0.29@blocks.2.bn1[72] rvMaxOverMedian=6.9@stem.bn[53] rezero=none nonFinite=0
[REPLAY] step=24700 loss=3.6233 pLoss=2.8153 vLoss=0.7996 pEnt=2.896 pIllM=0.0084 playedP=0.156 pW=0.48 pD=0.06 pL=0.45 vAbs=0.218 pLogitMean=0.5488 vLogitMean=1.5236 gNorm=1.155 lr=0.01 ms=1331.3 buf=500000 plies=211006647 games=3180710 rejected=0 skipped=0 epoch=0 mom=0.9000 trainerStep=24700
[LAYER-HEALTH] live trainerStep=24700 scope=batch_norm_state_only reluSites=9/10 ch=1040 dead=0 off=0 alwaysOn=0 worst=none maxBetaOverGamma=+0.39@tower_final_bn[31] minBetaOverGamma=-0.30@blocks.2.bn1[72] rvMaxOverMedian=6.7@stem.bn[53] rezero=none nonFinite=0
[REPLAY] step=24750 loss=3.6038 pLoss=2.8033 vLoss=0.7929 pEnt=2.874 pIllM=0.0076 playedP=0.163 pW=0.49 pD=0.05 pL=0.46 vAbs=0.220 pLogitMean=0.5499 vLogitMean=1.5562 gNorm=1.060 lr=0.01 ms=1462.0 buf=500000 plies=211433409 games=3187230 rejected=0 skipped=0 epoch=0 mom=0.9000 trainerStep=24750
[LAYER-HEALTH] live trainerStep=24750 scope=batch_norm_state_only reluSites=9/10 ch=1040 dead=0 off=0 alwaysOn=0 worst=none maxBetaOverGamma=+0.39@tower_final_bn[31] minBetaOverGamma=-0.30@blocks.2.bn1[72] rvMaxOverMedian=6.7@stem.bn[53] rezero=none nonFinite=0
[REPLAY] step=24800 loss=3.5739 pLoss=2.7668 vLoss=0.7987 pEnt=2.901 pIllM=0.0083 playedP=0.155 pW=0.46 pD=0.06 pL=0.48 vAbs=0.237 pLogitMean=0.5508 vLogitMean=1.5299 gNorm=1.056 lr=0.01 ms=1422.7 buf=500000 plies=211859929 games=3193695 rejected=0 skipped=0 epoch=0 mom=0.9000 trainerStep=24800
[LAYER-HEALTH] live trainerStep=24800 scope=batch_norm_state_only reluSites=9/10 ch=1040 dead=0 off=0 alwaysOn=0 worst=none maxBetaOverGamma=+0.39@tower_final_bn[31] minBetaOverGamma=-0.30@blocks.2.bn1[72] rvMaxOverMedian=6.6@stem.bn[53] rezero=none nonFinite=0
[REPLAY] step=24850 loss=3.5785 pLoss=2.7759 vLoss=0.7939 pEnt=2.859 pIllM=0.0087 playedP=0.165 pW=0.47 pD=0.06 pL=0.47 vAbs=0.221 pLogitMean=0.5510 vLogitMean=1.5235 gNorm=1.102 lr=0.01 ms=1547.0 buf=500000 plies=212286629 games=3200152 rejected=0 skipped=0 epoch=0 mom=0.9000 trainerStep=24850
[LAYER-HEALTH] live trainerStep=24850 scope=batch_norm_state_only reluSites=9/10 ch=1040 dead=0 off=0 alwaysOn=0 worst=none maxBetaOverGamma=+0.39@tower_final_bn[31] minBetaOverGamma=-0.30@blocks.2.bn1[72] rvMaxOverMedian=6.7@stem.bn[53] rezero=none nonFinite=0
[REPLAY] step=24900 loss=3.6207 pLoss=2.8058 vLoss=0.8065 pEnt=2.900 pIllM=0.0084 playedP=0.157 pW=0.47 pD=0.07 pL=0.47 vAbs=0.209 pLogitMean=0.5502 vLogitMean=1.5195 gNorm=1.024 lr=0.01 ms=1445.8 buf=500000 plies=212713243 games=3206626 rejected=0 skipped=0 epoch=0 mom=0.9000 trainerStep=24900
[LAYER-HEALTH] live trainerStep=24900 scope=batch_norm_state_only reluSites=9/10 ch=1040 dead=0 off=0 alwaysOn=0 worst=none maxBetaOverGamma=+0.39@tower_final_bn[31] minBetaOverGamma=-0.30@blocks.2.bn1[72] rvMaxOverMedian=6.8@stem.bn[53] rezero=none nonFinite=0
[REPLAY] step=24950 loss=3.5946 pLoss=2.7901 vLoss=0.7957 pEnt=2.861 pIllM=0.0088 playedP=0.165 pW=0.48 pD=0.06 pL=0.46 vAbs=0.218 pLogitMean=0.5520 vLogitMean=1.5450 gNorm=1.068 lr=0.01 ms=1452.4 buf=500000 plies=213139877 games=3213123 rejected=0 skipped=0 epoch=0 mom=0.9000 trainerStep=24950
[LAYER-HEALTH] live trainerStep=24950 scope=batch_norm_state_only reluSites=9/10 ch=1040 dead=0 off=0 alwaysOn=0 worst=none maxBetaOverGamma=+0.39@tower_final_bn[31] minBetaOverGamma=-0.30@blocks.2.bn1[72] rvMaxOverMedian=6.8@stem.bn[53] rezero=none nonFinite=0
[REPLAY] step=25000 loss=3.6138 pLoss=2.8085 vLoss=0.7977 pEnt=2.932 pIllM=0.0076 playedP=0.152 pW=0.46 pD=0.06 pL=0.48 vAbs=0.223 pLogitMean=0.5512 vLogitMean=1.5467 gNorm=1.173 lr=0.01 ms=1455.9 buf=500000 plies=213566571 games=3219673 rejected=0 skipped=0 epoch=0 mom=0.9000 trainerStep=25000
[LAYER-HEALTH] live trainerStep=25000 scope=batch_norm_state_only reluSites=9/10 ch=1040 dead=0 off=0 alwaysOn=0 worst=none maxBetaOverGamma=+0.39@tower_final_bn[31] minBetaOverGamma=-0.30@blocks.2.bn1[72] rvMaxOverMedian=6.9@stem.bn[53] rezero=none nonFinite=0
[REPLAY] saved trainer model (autosave) step=25000 trainerStep=25000 nextGame=3219673 shard=7 epoch=0 -> 20261005-lrA-const01-replay-latest.safetensors
[LAYER-HEALTH] checkpoint replay-autosave step=25000 trainerStep=25000 scope=all_tensors reluSites=9/10 ch=1040 dead=0 off=0 alwaysOn=0 worst=none maxBetaOverGamma=+0.39@tower_final_bn[31] minBetaOverGamma=-0.30@blocks.2.bn1[72] rvMaxOverMedian=6.9@stem.bn[53] rezero=none nonFinite=0 seZeroVel=none valueFC1ZeroVel=0/128 maxAbs=3.453@blocks.2.bn1.running_mean
[LAYER-HEALTH]   batch-norm sites — β/|γ|: dead < -3.00, mostly off < -2.00, always on > +3.00; classified for relu/leaky_relu only
[LAYER-HEALTH]     site            act            ch   dead    off     on  zeroγ nonfin  min β/|γ| [ch]     max β/|γ| [ch]     rv max/median [ch]
[LAYER-HEALTH]     stem.bn         -             128    n/a    n/a    n/a      0      0     -0.05 [85]         +0.04 [62]            6.9 [53]
[LAYER-HEALTH]     blocks.0.bn1    relu          128      0      0      0      0      0     -0.09 [97]         +0.18 [62]            1.9 [97]
[LAYER-HEALTH]     blocks.0.bn2    relu          128      0      0      0      0      0     -0.16 [32]         +0.06 [14]            2.1 [24]
[LAYER-HEALTH]     blocks.1.bn1    relu          128      0      0      0      0      0     -0.26 [17]         +0.12 [121]           4.2 [97]
[LAYER-HEALTH]     blocks.1.bn2    relu          128      0      0      0      0      0     -0.25 [69]         +0.07 [110]           1.6 [25]
[LAYER-HEALTH]     blocks.2.bn1    relu          128      0      0      0      0      0     -0.30 [72]         +0.12 [30]            2.8 [97]
[LAYER-HEALTH]     blocks.2.bn2    relu          128      0      0      0      0      0     -0.22 [92]         +0.16 [29]            1.5 [72]
[LAYER-HEALTH]     tower_final_bn  relu          128      0      0      0      0      0     -0.07 [35]         +0.39 [31]            5.3 [19]
[LAYER-HEALTH]     policy.pre_bn   relu          128      0      0      0      0      0     -0.04 [114]        +0.16 [7]             2.6 [32]
[LAYER-HEALTH]     value.bn        relu           16      0      0      0      0      0     -0.10 [10]         +0.02 [0]             1.5 [1]
[LAYER-HEALTH]   FC hidden-unit velocity — zero: every weight-velocity entry exactly 0; low: nonzero but < 5% of the layer's p90 unit norm
[LAYER-HEALTH]     value.fc1.weight  relu  units 128  zero 0  low 39  median unit norm 0.00427
[LAYER-HEALTH]     (no SE blocks)
[LAYER-HEALTH]   ReZero: none
[LAYER-HEALTH]   non-finite: 0 values in 0 of 102 tensors (10263038 values examined)
[LAYER-HEALTH]   largest |value|: blocks.2.bn1.running_mean 3.453, blocks.0.bn2.running_var 2.888, blocks.1.bn1.running_mean 2.874, tower_final_bn.running_mean 2.377, blocks.2.bn2.running_var 2.261
[REPLAY] enumerated checkpoint -> 20261005-lrA-const01-replay-step25000.safetensors
[REPLAY] step=25050 loss=3.6035 pLoss=2.7925 vLoss=0.8027 pEnt=2.900 pIllM=0.0084 playedP=0.156 pW=0.47 pD=0.05 pL=0.47 vAbs=0.215 pLogitMean=0.5535 vLogitMean=1.5562 gNorm=1.062 lr=0.01 ms=1450.2 buf=500000 plies=213993234 games=3226156 rejected=0 skipped=0 epoch=0 mom=0.9000 trainerStep=25050
[LAYER-HEALTH] live trainerStep=25050 scope=batch_norm_state_only reluSites=9/10 ch=1040 dead=0 off=0 alwaysOn=0 worst=none maxBetaOverGamma=+0.40@tower_final_bn[31] minBetaOverGamma=-0.30@blocks.2.bn1[72] rvMaxOverMedian=6.9@stem.bn[53] rezero=none nonFinite=0
[REPLAY] step=25100 loss=3.6239 pLoss=2.8116 vLoss=0.8041 pEnt=2.900 pIllM=0.0082 playedP=0.157 pW=0.47 pD=0.06 pL=0.47 vAbs=0.217 pLogitMean=0.5523 vLogitMean=1.5489 gNorm=1.035 lr=0.01 ms=1434.0 buf=500000 plies=214419853 games=3232611 rejected=0 skipped=0 epoch=0 mom=0.9000 trainerStep=25100
[LAYER-HEALTH] live trainerStep=25100 scope=batch_norm_state_only reluSites=9/10 ch=1040 dead=0 off=0 alwaysOn=0 worst=none maxBetaOverGamma=+0.40@tower_final_bn[31] minBetaOverGamma=-0.30@blocks.2.bn1[72] rvMaxOverMedian=6.6@stem.bn[53] rezero=none nonFinite=0
[REPLAY] step=25150 loss=3.5937 pLoss=2.7865 vLoss=0.7990 pEnt=2.862 pIllM=0.0082 playedP=0.163 pW=0.47 pD=0.06 pL=0.47 vAbs=0.216 pLogitMean=0.5540 vLogitMean=1.5705 gNorm=1.054 lr=0.01 ms=1473.2 buf=500000 plies=214846479 games=3239131 rejected=0 skipped=0 epoch=0 mom=0.9000 trainerStep=25150
[LAYER-HEALTH] live trainerStep=25150 scope=batch_norm_state_only reluSites=9/10 ch=1040 dead=0 off=0 alwaysOn=0 worst=none maxBetaOverGamma=+0.40@tower_final_bn[31] minBetaOverGamma=-0.30@blocks.2.bn1[72] rvMaxOverMedian=6.6@stem.bn[53] rezero=none nonFinite=0
[REPLAY] step=25200 loss=3.6202 pLoss=2.8199 vLoss=0.7926 pEnt=2.887 pIllM=0.0077 playedP=0.162 pW=0.48 pD=0.06 pL=0.46 vAbs=0.214 pLogitMean=0.5529 vLogitMean=1.5816 gNorm=1.031 lr=0.01 ms=1478.4 buf=500000 plies=215273144 games=3245541 rejected=0 skipped=0 epoch=0 mom=0.9000 trainerStep=25200
[LAYER-HEALTH] live trainerStep=25200 scope=batch_norm_state_only reluSites=9/10 ch=1040 dead=0 off=0 alwaysOn=0 worst=none maxBetaOverGamma=+0.40@tower_final_bn[31] minBetaOverGamma=-0.30@blocks.2.bn1[72] rvMaxOverMedian=6.7@stem.bn[53] rezero=none nonFinite=0
[REPLAY] step=25250 loss=3.6110 pLoss=2.8029 vLoss=0.7994 pEnt=2.878 pIllM=0.0087 playedP=0.162 pW=0.47 pD=0.06 pL=0.48 vAbs=0.220 pLogitMean=0.5534 vLogitMean=1.5689 gNorm=1.120 lr=0.01 ms=1388.6 buf=500000 plies=215699876 games=3251991 rejected=0 skipped=0 epoch=0 mom=0.9000 trainerStep=25250
[LAYER-HEALTH] live trainerStep=25250 scope=batch_norm_state_only reluSites=9/10 ch=1040 dead=0 off=0 alwaysOn=0 worst=none maxBetaOverGamma=+0.40@tower_final_bn[31] minBetaOverGamma=-0.30@blocks.2.bn1[72] rvMaxOverMedian=6.8@stem.bn[53] rezero=none nonFinite=0
[REPLAY] step=25300 loss=3.6034 pLoss=2.7961 vLoss=0.7995 pEnt=2.886 pIllM=0.0078 playedP=0.157 pW=0.47 pD=0.06 pL=0.47 vAbs=0.208 pLogitMean=0.5538 vLogitMean=1.5640 gNorm=1.076 lr=0.01 ms=1473.1 buf=500000 plies=216126440 games=3258493 rejected=0 skipped=0 epoch=0 mom=0.9000 trainerStep=25300
[LAYER-HEALTH] live trainerStep=25300 scope=batch_norm_state_only reluSites=9/10 ch=1040 dead=0 off=0 alwaysOn=0 worst=none maxBetaOverGamma=+0.40@tower_final_bn[31] minBetaOverGamma=-0.30@blocks.2.bn1[72] rvMaxOverMedian=6.9@stem.bn[53] rezero=none nonFinite=0
[REPLAY] step=25350 loss=3.6407 pLoss=2.8273 vLoss=0.8052 pEnt=2.898 pIllM=0.0083 playedP=0.155 pW=0.48 pD=0.06 pL=0.46 vAbs=0.226 pLogitMean=0.5536 vLogitMean=1.5837 gNorm=0.993 lr=0.01 ms=1464.4 buf=500000 plies=216553108 games=3264960 rejected=0 skipped=0 epoch=0 mom=0.9000 trainerStep=25350
[LAYER-HEALTH] live trainerStep=25350 scope=batch_norm_state_only reluSites=9/10 ch=1040 dead=0 off=0 alwaysOn=0 worst=none maxBetaOverGamma=+0.40@tower_final_bn[31] minBetaOverGamma=-0.30@blocks.2.bn1[72] rvMaxOverMedian=7.0@stem.bn[53] rezero=none nonFinite=0
[REPLAY] step=25400 loss=3.6148 pLoss=2.7964 vLoss=0.8108 pEnt=2.880 pIllM=0.0076 playedP=0.161 pW=0.47 pD=0.06 pL=0.47 vAbs=0.214 pLogitMean=0.5535 vLogitMean=1.5990 gNorm=1.013 lr=0.01 ms=1452.9 buf=500000 plies=216979754 games=3271394 rejected=0 skipped=0 epoch=0 mom=0.9000 trainerStep=25400
[LAYER-HEALTH] live trainerStep=25400 scope=batch_norm_state_only reluSites=9/10 ch=1040 dead=0 off=0 alwaysOn=0 worst=none maxBetaOverGamma=+0.40@tower_final_bn[31] minBetaOverGamma=-0.30@blocks.2.bn1[72] rvMaxOverMedian=6.9@stem.bn[53] rezero=none nonFinite=0
[REPLAY] step=25450 loss=3.6177 pLoss=2.8041 vLoss=0.8048 pEnt=2.892 pIllM=0.0087 playedP=0.161 pW=0.48 pD=0.05 pL=0.46 vAbs=0.214 pLogitMean=0.5540 vLogitMean=1.6329 gNorm=1.089 lr=0.01 ms=1434.1 buf=500000 plies=217406376 games=3277937 rejected=0 skipped=0 epoch=0 mom=0.9000 trainerStep=25450
[LAYER-HEALTH] live trainerStep=25450 scope=batch_norm_state_only reluSites=9/10 ch=1040 dead=0 off=0 alwaysOn=0 worst=none maxBetaOverGamma=+0.40@tower_final_bn[31] minBetaOverGamma=-0.30@blocks.2.bn1[72] rvMaxOverMedian=6.8@stem.bn[53] rezero=none nonFinite=0
[REPLAY] step=25500 loss=3.6480 pLoss=2.8192 vLoss=0.8191 pEnt=2.893 pIllM=0.0097 playedP=0.157 pW=0.47 pD=0.07 pL=0.46 vAbs=0.215 pLogitMean=0.5536 vLogitMean=1.5778 gNorm=1.081 lr=0.01 ms=1384.1 buf=500000 plies=217833062 games=3284433 rejected=0 skipped=0 epoch=0 mom=0.9000 trainerStep=25500
[LAYER-HEALTH] live trainerStep=25500 scope=batch_norm_state_only reluSites=9/10 ch=1040 dead=0 off=0 alwaysOn=0 worst=none maxBetaOverGamma=+0.40@tower_final_bn[31] minBetaOverGamma=-0.30@blocks.2.bn1[72] rvMaxOverMedian=6.8@stem.bn[53] rezero=none nonFinite=0
[REPLAY] step=25550 loss=3.6138 pLoss=2.7930 vLoss=0.8134 pEnt=2.874 pIllM=0.0074 playedP=0.160 pW=0.47 pD=0.07 pL=0.46 vAbs=0.217 pLogitMean=0.5544 vLogitMean=1.6064 gNorm=1.044 lr=0.01 ms=1309.0 buf=500000 plies=218259682 games=3290895 rejected=0 skipped=0 epoch=0 mom=0.9000 trainerStep=25550
[LAYER-HEALTH] live trainerStep=25550 scope=batch_norm_state_only reluSites=9/10 ch=1040 dead=0 off=0 alwaysOn=0 worst=none maxBetaOverGamma=+0.40@tower_final_bn[31] minBetaOverGamma=-0.30@blocks.2.bn1[72] rvMaxOverMedian=6.7@stem.bn[53] rezero=none nonFinite=0
[REPLAY] step=25600 loss=3.6360 pLoss=2.8305 vLoss=0.7976 pEnt=2.883 pIllM=0.0079 playedP=0.162 pW=0.48 pD=0.06 pL=0.47 vAbs=0.212 pLogitMean=0.5539 vLogitMean=1.6342 gNorm=1.115 lr=0.01 ms=1492.9 buf=500000 plies=218686320 games=3297453 rejected=0 skipped=0 epoch=0 mom=0.9000 trainerStep=25600
[LAYER-HEALTH] live trainerStep=25600 scope=batch_norm_state_only reluSites=9/10 ch=1040 dead=0 off=0 alwaysOn=0 worst=none maxBetaOverGamma=+0.40@tower_final_bn[31] minBetaOverGamma=-0.30@blocks.2.bn1[72] rvMaxOverMedian=6.7@stem.bn[53] rezero=none nonFinite=0
[REPLAY] step=25650 loss=3.5970 pLoss=2.7822 vLoss=0.8066 pEnt=2.891 pIllM=0.0081 playedP=0.161 pW=0.47 pD=0.06 pL=0.47 vAbs=0.212 pLogitMean=0.5546 vLogitMean=1.6238 gNorm=1.026 lr=0.01 ms=1423.4 buf=500000 plies=219113006 games=3303931 rejected=0 skipped=0 epoch=0 mom=0.9000 trainerStep=25650
[LAYER-HEALTH] live trainerStep=25650 scope=batch_norm_state_only reluSites=9/10 ch=1040 dead=0 off=0 alwaysOn=0 worst=none maxBetaOverGamma=+0.40@tower_final_bn[31] minBetaOverGamma=-0.30@blocks.2.bn1[72] rvMaxOverMedian=6.4@stem.bn[53] rezero=none nonFinite=0
[REPLAY] step=25700 loss=3.6142 pLoss=2.7994 vLoss=0.8075 pEnt=2.896 pIllM=0.0073 playedP=0.159 pW=0.47 pD=0.06 pL=0.46 vAbs=0.213 pLogitMean=0.5541 vLogitMean=1.6186 gNorm=0.980 lr=0.01 ms=1431.8 buf=500000 plies=219539642 games=3310425 rejected=0 skipped=0 epoch=0 mom=0.9000 trainerStep=25700
[LAYER-HEALTH] live trainerStep=25700 scope=batch_norm_state_only reluSites=9/10 ch=1040 dead=0 off=0 alwaysOn=0 worst=none maxBetaOverGamma=+0.40@tower_final_bn[31] minBetaOverGamma=-0.30@blocks.2.bn1[72] rvMaxOverMedian=6.3@stem.bn[53] rezero=none nonFinite=0
[REPLAY] step=25750 loss=3.5940 pLoss=2.7869 vLoss=0.7985 pEnt=2.891 pIllM=0.0086 playedP=0.161 pW=0.48 pD=0.06 pL=0.46 vAbs=0.213 pLogitMean=0.5539 vLogitMean=1.5936 gNorm=1.033 lr=0.01 ms=1475.1 buf=500000 plies=219966301 games=3316884 rejected=0 skipped=0 epoch=0 mom=0.9000 trainerStep=25750
[LAYER-HEALTH] live trainerStep=25750 scope=batch_norm_state_only reluSites=9/10 ch=1040 dead=0 off=0 alwaysOn=0 worst=none maxBetaOverGamma=+0.40@tower_final_bn[31] minBetaOverGamma=-0.30@blocks.2.bn1[72] rvMaxOverMedian=6.3@stem.bn[53] rezero=none nonFinite=0
[REPLAY] step=25800 loss=3.5705 pLoss=2.7584 vLoss=0.8033 pEnt=2.856 pIllM=0.0087 playedP=0.168 pW=0.46 pD=0.06 pL=0.47 vAbs=0.216 pLogitMean=0.5551 vLogitMean=1.6271 gNorm=1.065 lr=0.01 ms=1322.0 buf=500000 plies=220392919 games=3323351 rejected=0 skipped=0 epoch=0 mom=0.9000 trainerStep=25800
[LAYER-HEALTH] live trainerStep=25800 scope=batch_norm_state_only reluSites=9/10 ch=1040 dead=0 off=0 alwaysOn=0 worst=none maxBetaOverGamma=+0.40@tower_final_bn[31] minBetaOverGamma=-0.31@blocks.2.bn1[72] rvMaxOverMedian=6.4@stem.bn[53] rezero=none nonFinite=0
[REPLAY] step=25850 loss=3.6280 pLoss=2.8178 vLoss=0.8018 pEnt=2.878 pIllM=0.0084 playedP=0.164 pW=0.49 pD=0.06 pL=0.46 vAbs=0.211 pLogitMean=0.5562 vLogitMean=1.6304 gNorm=1.064 lr=0.01 ms=1452.5 buf=500000 plies=220819615 games=3329837 rejected=0 skipped=0 epoch=0 mom=0.9000 trainerStep=25850
[LAYER-HEALTH] live trainerStep=25850 scope=batch_norm_state_only reluSites=9/10 ch=1040 dead=0 off=0 alwaysOn=0 worst=none maxBetaOverGamma=+0.40@tower_final_bn[31] minBetaOverGamma=-0.31@blocks.2.bn1[72] rvMaxOverMedian=6.4@stem.bn[53] rezero=none nonFinite=0
[REPLAY] step=25900 loss=3.6032 pLoss=2.7777 vLoss=0.8182 pEnt=2.885 pIllM=0.0073 playedP=0.160 pW=0.45 pD=0.07 pL=0.48 vAbs=0.220 pLogitMean=0.5574 vLogitMean=1.6118 gNorm=1.048 lr=0.01 ms=1443.5 buf=500000 plies=221246257 games=3336375 rejected=0 skipped=0 epoch=0 mom=0.9000 trainerStep=25900
[LAYER-HEALTH] live trainerStep=25900 scope=batch_norm_state_only reluSites=9/10 ch=1040 dead=0 off=0 alwaysOn=0 worst=none maxBetaOverGamma=+0.40@tower_final_bn[31] minBetaOverGamma=-0.31@blocks.2.bn1[72] rvMaxOverMedian=6.3@stem.bn[53] rezero=none nonFinite=0
[REPLAY] step=25950 loss=3.6051 pLoss=2.7803 vLoss=0.8175 pEnt=2.863 pIllM=0.0073 playedP=0.161 pW=0.47 pD=0.07 pL=0.46 vAbs=0.192 pLogitMean=0.5570 vLogitMean=1.5796 gNorm=1.101 lr=0.01 ms=1447.8 buf=500000 plies=221672929 games=3342835 rejected=0 skipped=0 epoch=0 mom=0.9000 trainerStep=25950
[LAYER-HEALTH] live trainerStep=25950 scope=batch_norm_state_only reluSites=9/10 ch=1040 dead=0 off=0 alwaysOn=0 worst=none maxBetaOverGamma=+0.40@tower_final_bn[31] minBetaOverGamma=-0.31@blocks.2.bn1[72] rvMaxOverMedian=6.4@stem.bn[53] rezero=none nonFinite=0
[REPLAY] step=26000 loss=3.5981 pLoss=2.7741 vLoss=0.8158 pEnt=2.900 pIllM=0.0081 playedP=0.161 pW=0.47 pD=0.06 pL=0.47 vAbs=0.209 pLogitMean=0.5574 vLogitMean=1.5896 gNorm=1.020 lr=0.01 ms=1458.4 buf=500000 plies=222099580 games=3349289 rejected=0 skipped=0 epoch=0 mom=0.9000 trainerStep=26000
[LAYER-HEALTH] live trainerStep=26000 scope=batch_norm_state_only reluSites=9/10 ch=1040 dead=0 off=0 alwaysOn=0 worst=none maxBetaOverGamma=+0.40@tower_final_bn[31] minBetaOverGamma=-0.31@blocks.2.bn1[72] rvMaxOverMedian=6.4@stem.bn[53] rezero=none nonFinite=0
[REPLAY] saved trainer model (autosave) step=26000 trainerStep=26000 nextGame=3349289 shard=7 epoch=0 -> 20261005-lrA-const01-replay-latest.safetensors
[LAYER-HEALTH] checkpoint replay-autosave step=26000 trainerStep=26000 scope=all_tensors reluSites=9/10 ch=1040 dead=0 off=0 alwaysOn=0 worst=none maxBetaOverGamma=+0.40@tower_final_bn[31] minBetaOverGamma=-0.31@blocks.2.bn1[72] rvMaxOverMedian=6.4@stem.bn[53] rezero=none nonFinite=0 seZeroVel=none valueFC1ZeroVel=0/128 maxAbs=3.492@blocks.2.bn1.running_mean
[LAYER-HEALTH]   batch-norm sites — β/|γ|: dead < -3.00, mostly off < -2.00, always on > +3.00; classified for relu/leaky_relu only
[LAYER-HEALTH]     site            act            ch   dead    off     on  zeroγ nonfin  min β/|γ| [ch]     max β/|γ| [ch]     rv max/median [ch]
[LAYER-HEALTH]     stem.bn         -             128    n/a    n/a    n/a      0      0     -0.06 [85]         +0.04 [62]            6.4 [53]
[LAYER-HEALTH]     blocks.0.bn1    relu          128      0      0      0      0      0     -0.10 [97]         +0.18 [62]            2.0 [97]
[LAYER-HEALTH]     blocks.0.bn2    relu          128      0      0      0      0      0     -0.16 [32]         +0.06 [14]            2.2 [24]
[LAYER-HEALTH]     blocks.1.bn1    relu          128      0      0      0      0      0     -0.27 [17]         +0.12 [121]           4.4 [97]
[LAYER-HEALTH]     blocks.1.bn2    relu          128      0      0      0      0      0     -0.26 [69]         +0.07 [110]           1.5 [25]
[LAYER-HEALTH]     blocks.2.bn1    relu          128      0      0      0      0      0     -0.31 [72]         +0.13 [30]            3.1 [97]
[LAYER-HEALTH]     blocks.2.bn2    relu          128      0      0      0      0      0     -0.23 [92]         +0.16 [29]            1.4 [7]
[LAYER-HEALTH]     tower_final_bn  relu          128      0      0      0      0      0     -0.07 [35]         +0.40 [31]            5.4 [39]
[LAYER-HEALTH]     policy.pre_bn   relu          128      0      0      0      0      0     -0.04 [114]        +0.16 [7]             2.6 [47]
[LAYER-HEALTH]     value.bn        relu           16      0      0      0      0      0     -0.11 [10]         +0.01 [0]             1.5 [13]
[LAYER-HEALTH]   FC hidden-unit velocity — zero: every weight-velocity entry exactly 0; low: nonzero but < 5% of the layer's p90 unit norm
[LAYER-HEALTH]     value.fc1.weight  relu  units 128  zero 0  low 35  median unit norm 0.004721
[LAYER-HEALTH]     (no SE blocks)
[LAYER-HEALTH]   ReZero: none
[LAYER-HEALTH]   non-finite: 0 values in 0 of 102 tensors (10263038 values examined)
[LAYER-HEALTH]   largest |value|: blocks.2.bn1.running_mean 3.492, blocks.0.bn2.running_var 2.928, blocks.1.bn1.running_mean 2.89, tower_final_bn.running_mean 2.371, blocks.2.bn2.running_var 2.236
[REPLAY] enumerated checkpoint -> 20261005-lrA-const01-replay-step26000.safetensors
[REPLAY] step=26050 loss=3.6070 pLoss=2.7872 vLoss=0.8118 pEnt=2.895 pIllM=0.0080 playedP=0.160 pW=0.47 pD=0.06 pL=0.47 vAbs=0.215 pLogitMean=0.5580 vLogitMean=1.5761 gNorm=1.006 lr=0.01 ms=1361.1 buf=500000 plies=222526277 games=3355795 rejected=0 skipped=0 epoch=0 mom=0.9000 trainerStep=26050
[LAYER-HEALTH] live trainerStep=26050 scope=batch_norm_state_only reluSites=9/10 ch=1040 dead=0 off=0 alwaysOn=0 worst=none maxBetaOverGamma=+0.40@tower_final_bn[31] minBetaOverGamma=-0.31@blocks.2.bn1[72] rvMaxOverMedian=6.4@stem.bn[53] rezero=none nonFinite=0
[REPLAY] step=26100 loss=3.6300 pLoss=2.8246 vLoss=0.7978 pEnt=2.867 pIllM=0.0075 playedP=0.158 pW=0.48 pD=0.07 pL=0.46 vAbs=0.217 pLogitMean=0.5579 vLogitMean=1.5425 gNorm=1.132 lr=0.01 ms=1342.2 buf=500000 plies=222952823 games=3362304 rejected=0 skipped=0 epoch=0 mom=0.9000 trainerStep=26100
[LAYER-HEALTH] live trainerStep=26100 scope=batch_norm_state_only reluSites=9/10 ch=1040 dead=0 off=0 alwaysOn=0 worst=none maxBetaOverGamma=+0.40@tower_final_bn[31] minBetaOverGamma=-0.31@blocks.2.bn1[72] rvMaxOverMedian=6.6@stem.bn[53] rezero=none nonFinite=0
[REPLAY] step=26150 loss=3.6011 pLoss=2.7819 vLoss=0.8116 pEnt=2.898 pIllM=0.0077 playedP=0.159 pW=0.45 pD=0.06 pL=0.48 vAbs=0.214 pLogitMean=0.5580 vLogitMean=1.5458 gNorm=1.121 lr=0.01 ms=1319.0 buf=500000 plies=223379488 games=3368793 rejected=0 skipped=0 epoch=0 mom=0.9000 trainerStep=26150
[LAYER-HEALTH] live trainerStep=26150 scope=batch_norm_state_only reluSites=9/10 ch=1040 dead=0 off=0 alwaysOn=0 worst=none maxBetaOverGamma=+0.40@tower_final_bn[31] minBetaOverGamma=-0.31@blocks.2.bn1[72] rvMaxOverMedian=6.6@stem.bn[53] rezero=none nonFinite=0
[REPLAY] step=26200 loss=3.5965 pLoss=2.7908 vLoss=0.7980 pEnt=2.872 pIllM=0.0077 playedP=0.164 pW=0.47 pD=0.06 pL=0.47 vAbs=0.226 pLogitMean=0.5579 vLogitMean=1.5651 gNorm=1.048 lr=0.01 ms=1436.4 buf=500000 plies=223806202 games=3375244 rejected=0 skipped=0 epoch=0 mom=0.9000 trainerStep=26200
[LAYER-HEALTH] live trainerStep=26200 scope=batch_norm_state_only reluSites=9/10 ch=1040 dead=0 off=0 alwaysOn=0 worst=none maxBetaOverGamma=+0.40@tower_final_bn[31] minBetaOverGamma=-0.31@blocks.2.bn1[72] rvMaxOverMedian=6.6@stem.bn[53] rezero=none nonFinite=0
[REPLAY] step=26250 loss=3.5970 pLoss=2.7872 vLoss=0.8018 pEnt=2.873 pIllM=0.0081 playedP=0.163 pW=0.47 pD=0.06 pL=0.47 vAbs=0.217 pLogitMean=0.5576 vLogitMean=1.5667 gNorm=1.050 lr=0.01 ms=1376.0 buf=500000 plies=224232782 games=3381656 rejected=0 skipped=0 epoch=0 mom=0.9000 trainerStep=26250
[LAYER-HEALTH] live trainerStep=26250 scope=batch_norm_state_only reluSites=9/10 ch=1040 dead=0 off=0 alwaysOn=0 worst=none maxBetaOverGamma=+0.40@tower_final_bn[31] minBetaOverGamma=-0.31@blocks.2.bn1[72] rvMaxOverMedian=6.6@stem.bn[53] rezero=none nonFinite=0
[REPLAY] step=26300 loss=3.5821 pLoss=2.7659 vLoss=0.8081 pEnt=2.881 pIllM=0.0081 playedP=0.160 pW=0.46 pD=0.07 pL=0.48 vAbs=0.217 pLogitMean=0.5574 vLogitMean=1.5474 gNorm=0.970 lr=0.01 ms=2724.7 buf=500000 plies=224659437 games=3388093 rejected=0 skipped=0 epoch=0 mom=0.9000 trainerStep=26300
[LAYER-HEALTH] live trainerStep=26300 scope=batch_norm_state_only reluSites=9/10 ch=1040 dead=0 off=0 alwaysOn=0 worst=none maxBetaOverGamma=+0.40@tower_final_bn[31] minBetaOverGamma=-0.31@blocks.2.bn1[72] rvMaxOverMedian=6.5@stem.bn[53] rezero=none nonFinite=0
[REPLAY] step=26350 loss=3.5959 pLoss=2.7770 vLoss=0.8114 pEnt=2.876 pIllM=0.0074 playedP=0.160 pW=0.47 pD=0.06 pL=0.47 vAbs=0.222 pLogitMean=0.5585 vLogitMean=1.5314 gNorm=1.220 lr=0.01 ms=2528.1 buf=500000 plies=225086107 games=3394491 rejected=0 skipped=0 epoch=0 mom=0.9000 trainerStep=26350
[LAYER-HEALTH] live trainerStep=26350 scope=batch_norm_state_only reluSites=9/10 ch=1040 dead=0 off=0 alwaysOn=0 worst=none maxBetaOverGamma=+0.40@tower_final_bn[31] minBetaOverGamma=-0.31@blocks.2.bn1[72] rvMaxOverMedian=6.5@stem.bn[53] rezero=none nonFinite=0
[REPLAY] step=26400 loss=3.5985 pLoss=2.7805 vLoss=0.8106 pEnt=2.861 pIllM=0.0074 playedP=0.165 pW=0.47 pD=0.07 pL=0.46 vAbs=0.222 pLogitMean=0.5595 vLogitMean=1.5562 gNorm=1.060 lr=0.01 ms=2489.9 buf=500000 plies=225512763 games=3400948 rejected=0 skipped=0 epoch=0 mom=0.9000 trainerStep=26400
[LAYER-HEALTH] live trainerStep=26400 scope=batch_norm_state_only reluSites=9/10 ch=1040 dead=0 off=0 alwaysOn=0 worst=none maxBetaOverGamma=+0.40@tower_final_bn[31] minBetaOverGamma=-0.31@blocks.2.bn1[72] rvMaxOverMedian=6.5@stem.bn[53] rezero=none nonFinite=0
[REPLAY] step=26450 loss=3.5375 pLoss=2.7220 vLoss=0.8082 pEnt=2.850 pIllM=0.0073 playedP=0.165 pW=0.47 pD=0.07 pL=0.46 vAbs=0.232 pLogitMean=0.5589 vLogitMean=1.5419 gNorm=0.931 lr=0.01 ms=2573.6 buf=500000 plies=225939410 games=3407365 rejected=0 skipped=0 epoch=0 mom=0.9000 trainerStep=26450
[LAYER-HEALTH] live trainerStep=26450 scope=batch_norm_state_only reluSites=9/10 ch=1040 dead=0 off=0 alwaysOn=0 worst=none maxBetaOverGamma=+0.40@tower_final_bn[31] minBetaOverGamma=-0.31@blocks.2.bn1[72] rvMaxOverMedian=6.6@stem.bn[53] rezero=none nonFinite=0
[REPLAY] step=26500 loss=3.6115 pLoss=2.7725 vLoss=0.8310 pEnt=2.870 pIllM=0.0080 playedP=0.163 pW=0.46 pD=0.08 pL=0.46 vAbs=0.229 pLogitMean=0.5587 vLogitMean=1.5146 gNorm=1.219 lr=0.01 ms=2528.8 buf=500000 plies=226366028 games=3413790 rejected=0 skipped=0 epoch=0 mom=0.9000 trainerStep=26500
[LAYER-HEALTH] live trainerStep=26500 scope=batch_norm_state_only reluSites=9/10 ch=1040 dead=0 off=0 alwaysOn=0 worst=none maxBetaOverGamma=+0.40@tower_final_bn[31] minBetaOverGamma=-0.31@blocks.2.bn1[72] rvMaxOverMedian=6.7@stem.bn[53] rezero=none nonFinite=0
[REPLAY] step=26550 loss=3.6157 pLoss=2.7929 vLoss=0.8146 pEnt=2.859 pIllM=0.0082 playedP=0.170 pW=0.47 pD=0.07 pL=0.46 vAbs=0.223 pLogitMean=0.5585 vLogitMean=1.5204 gNorm=1.007 lr=0.01 ms=2404.4 buf=500000 plies=226792732 games=3420335 rejected=0 skipped=0 epoch=0 mom=0.9000 trainerStep=26550
[LAYER-HEALTH] live trainerStep=26550 scope=batch_norm_state_only reluSites=9/10 ch=1040 dead=0 off=0 alwaysOn=0 worst=none maxBetaOverGamma=+0.40@tower_final_bn[31] minBetaOverGamma=-0.31@blocks.2.bn1[72] rvMaxOverMedian=6.7@stem.bn[53] rezero=none nonFinite=0
[REPLAY] step=26600 loss=3.6459 pLoss=2.8147 vLoss=0.8239 pEnt=2.907 pIllM=0.0073 playedP=0.155 pW=0.46 pD=0.07 pL=0.47 vAbs=0.202 pLogitMean=0.5578 vLogitMean=1.5233 gNorm=1.063 lr=0.01 ms=2517.0 buf=500000 plies=227219368 games=3426893 rejected=0 skipped=0 epoch=0 mom=0.9000 trainerStep=26600
[LAYER-HEALTH] live trainerStep=26600 scope=batch_norm_state_only reluSites=9/10 ch=1040 dead=0 off=0 alwaysOn=0 worst=none maxBetaOverGamma=+0.40@tower_final_bn[31] minBetaOverGamma=-0.31@blocks.2.bn1[72] rvMaxOverMedian=6.7@stem.bn[53] rezero=none nonFinite=0
[REPLAY] step=26650 loss=3.6451 pLoss=2.8106 vLoss=0.8274 pEnt=2.903 pIllM=0.0070 playedP=0.159 pW=0.47 pD=0.06 pL=0.46 vAbs=0.209 pLogitMean=0.5574 vLogitMean=1.5157 gNorm=1.031 lr=0.01 ms=2174.6 buf=500000 plies=227645989 games=3433316 rejected=0 skipped=0 epoch=0 mom=0.9000 trainerStep=26650
[LAYER-HEALTH] live trainerStep=26650 scope=batch_norm_state_only reluSites=9/10 ch=1040 dead=0 off=0 alwaysOn=0 worst=none maxBetaOverGamma=+0.40@tower_final_bn[31] minBetaOverGamma=-0.31@blocks.2.bn1[72] rvMaxOverMedian=6.7@stem.bn[53] rezero=none nonFinite=0
[REPLAY] step=26700 loss=3.6107 pLoss=2.8090 vLoss=0.7940 pEnt=2.890 pIllM=0.0078 playedP=0.162 pW=0.48 pD=0.07 pL=0.46 vAbs=0.220 pLogitMean=0.5585 vLogitMean=1.5221 gNorm=1.062 lr=0.01 ms=2405.5 buf=500000 plies=228072672 games=3439778 rejected=0 skipped=0 epoch=0 mom=0.9000 trainerStep=26700
[LAYER-HEALTH] live trainerStep=26700 scope=batch_norm_state_only reluSites=9/10 ch=1040 dead=0 off=0 alwaysOn=0 worst=none maxBetaOverGamma=+0.40@tower_final_bn[31] minBetaOverGamma=-0.31@blocks.2.bn1[72] rvMaxOverMedian=6.6@stem.bn[53] rezero=none nonFinite=0
[REPLAY] step=26750 loss=3.6108 pLoss=2.7948 vLoss=0.8089 pEnt=2.892 pIllM=0.0072 playedP=0.159 pW=0.46 pD=0.07 pL=0.47 vAbs=0.222 pLogitMean=0.5585 vLogitMean=1.5112 gNorm=1.107 lr=0.01 ms=2815.1 buf=500000 plies=228499349 games=3446268 rejected=0 skipped=0 epoch=0 mom=0.9000 trainerStep=26750
[LAYER-HEALTH] live trainerStep=26750 scope=batch_norm_state_only reluSites=9/10 ch=1040 dead=0 off=0 alwaysOn=0 worst=none maxBetaOverGamma=+0.40@tower_final_bn[31] minBetaOverGamma=-0.32@blocks.2.bn1[72] rvMaxOverMedian=6.5@stem.bn[53] rezero=none nonFinite=0
[REPLAY] step=26800 loss=3.6434 pLoss=2.8196 vLoss=0.8164 pEnt=2.894 pIllM=0.0075 playedP=0.160 pW=0.49 pD=0.06 pL=0.45 vAbs=0.220 pLogitMean=0.5589 vLogitMean=1.5216 gNorm=0.930 lr=0.01 ms=2385.9 buf=500000 plies=228925926 games=3452741 rejected=0 skipped=0 epoch=0 mom=0.9000 trainerStep=26800
[LAYER-HEALTH] live trainerStep=26800 scope=batch_norm_state_only reluSites=9/10 ch=1040 dead=0 off=0 alwaysOn=0 worst=none maxBetaOverGamma=+0.40@tower_final_bn[31] minBetaOverGamma=-0.32@blocks.2.bn1[72] rvMaxOverMedian=6.5@stem.bn[53] rezero=none nonFinite=0
[REPLAY] step=26850 loss=3.5731 pLoss=2.7636 vLoss=0.8018 pEnt=2.879 pIllM=0.0077 playedP=0.162 pW=0.46 pD=0.07 pL=0.47 vAbs=0.227 pLogitMean=0.5613 vLogitMean=1.5484 gNorm=1.050 lr=0.01 ms=2318.4 buf=500000 plies=229352620 games=3459238 rejected=0 skipped=0 epoch=0 mom=0.9000 trainerStep=26850
[LAYER-HEALTH] live trainerStep=26850 scope=batch_norm_state_only reluSites=9/10 ch=1040 dead=0 off=0 alwaysOn=0 worst=none maxBetaOverGamma=+0.40@tower_final_bn[31] minBetaOverGamma=-0.32@blocks.2.bn1[72] rvMaxOverMedian=6.7@stem.bn[53] rezero=none nonFinite=0
[REPLAY] step=26900 loss=3.5668 pLoss=2.7595 vLoss=0.7990 pEnt=2.853 pIllM=0.0084 playedP=0.166 pW=0.46 pD=0.06 pL=0.48 vAbs=0.231 pLogitMean=0.5604 vLogitMean=1.5631 gNorm=1.019 lr=0.01 ms=2802.0 buf=500000 plies=229779249 games=3465678 rejected=0 skipped=0 epoch=0 mom=0.9000 trainerStep=26900
[LAYER-HEALTH] live trainerStep=26900 scope=batch_norm_state_only reluSites=9/10 ch=1040 dead=0 off=0 alwaysOn=0 worst=none maxBetaOverGamma=+0.40@tower_final_bn[31] minBetaOverGamma=-0.32@blocks.2.bn1[72] rvMaxOverMedian=6.7@stem.bn[53] rezero=none nonFinite=0
[REPLAY] step=26950 loss=3.5681 pLoss=2.7648 vLoss=0.7954 pEnt=2.879 pIllM=0.0079 playedP=0.162 pW=0.47 pD=0.06 pL=0.47 vAbs=0.226 pLogitMean=0.5618 vLogitMean=1.5428 gNorm=1.155 lr=0.01 ms=2341.4 buf=500000 plies=230205891 games=3472124 rejected=0 skipped=0 epoch=0 mom=0.9000 trainerStep=26950
[LAYER-HEALTH] live trainerStep=26950 scope=batch_norm_state_only reluSites=9/10 ch=1040 dead=0 off=0 alwaysOn=0 worst=none maxBetaOverGamma=+0.40@tower_final_bn[31] minBetaOverGamma=-0.32@blocks.2.bn1[72] rvMaxOverMedian=6.8@stem.bn[53] rezero=none nonFinite=0
[REPLAY] step=27000 loss=3.5772 pLoss=2.7674 vLoss=0.8028 pEnt=2.879 pIllM=0.0071 playedP=0.165 pW=0.47 pD=0.07 pL=0.46 vAbs=0.223 pLogitMean=0.5608 vLogitMean=1.5338 gNorm=1.067 lr=0.01 ms=2554.5 buf=500000 plies=230632578 games=3478591 rejected=0 skipped=0 epoch=0 mom=0.9000 trainerStep=27000
[LAYER-HEALTH] live trainerStep=27000 scope=batch_norm_state_only reluSites=9/10 ch=1040 dead=0 off=0 alwaysOn=0 worst=none maxBetaOverGamma=+0.40@tower_final_bn[31] minBetaOverGamma=-0.32@blocks.2.bn1[72] rvMaxOverMedian=6.7@stem.bn[53] rezero=none nonFinite=0
[REPLAY] saved trainer model (autosave) step=27000 trainerStep=27000 nextGame=3478591 shard=7 epoch=0 -> 20261005-lrA-const01-replay-latest.safetensors
[LAYER-HEALTH] checkpoint replay-autosave step=27000 trainerStep=27000 scope=all_tensors reluSites=9/10 ch=1040 dead=0 off=0 alwaysOn=0 worst=none maxBetaOverGamma=+0.40@tower_final_bn[31] minBetaOverGamma=-0.32@blocks.2.bn1[72] rvMaxOverMedian=6.7@stem.bn[53] rezero=none nonFinite=0 seZeroVel=none valueFC1ZeroVel=0/128 maxAbs=3.539@blocks.2.bn1.running_mean
[LAYER-HEALTH]   batch-norm sites — β/|γ|: dead < -3.00, mostly off < -2.00, always on > +3.00; classified for relu/leaky_relu only
[LAYER-HEALTH]     site            act            ch   dead    off     on  zeroγ nonfin  min β/|γ| [ch]     max β/|γ| [ch]     rv max/median [ch]
[LAYER-HEALTH]     stem.bn         -             128    n/a    n/a    n/a      0      0     -0.06 [85]         +0.04 [62]            6.7 [53]
[LAYER-HEALTH]     blocks.0.bn1    relu          128      0      0      0      0      0     -0.10 [97]         +0.18 [62]            2.0 [97]
[LAYER-HEALTH]     blocks.0.bn2    relu          128      0      0      0      0      0     -0.16 [32]         +0.06 [14]            2.3 [24]
[LAYER-HEALTH]     blocks.1.bn1    relu          128      0      0      0      0      0     -0.27 [17]         +0.12 [121]           4.5 [97]
[LAYER-HEALTH]     blocks.1.bn2    relu          128      0      0      0      0      0     -0.27 [69]         +0.07 [110]           1.6 [116]
[LAYER-HEALTH]     blocks.2.bn1    relu          128      0      0      0      0      0     -0.32 [72]         +0.13 [30]            3.1 [97]
[LAYER-HEALTH]     blocks.2.bn2    relu          128      0      0      0      0      0     -0.24 [92]         +0.17 [29]            1.4 [34]
[LAYER-HEALTH]     tower_final_bn  relu          128      0      0      0      0      0     -0.07 [35]         +0.40 [31]            5.3 [39]
[LAYER-HEALTH]     policy.pre_bn   relu          128      0      0      0      0      0     -0.04 [114]        +0.16 [7]             2.7 [32]
[LAYER-HEALTH]     value.bn        relu           16      0      0      0      0      0     -0.11 [10]         +0.02 [0]             1.5 [13]
[LAYER-HEALTH]   FC hidden-unit velocity — zero: every weight-velocity entry exactly 0; low: nonzero but < 5% of the layer's p90 unit norm
[LAYER-HEALTH]     value.fc1.weight  relu  units 128  zero 0  low 34  median unit norm 0.004085
[LAYER-HEALTH]     (no SE blocks)
[LAYER-HEALTH]   ReZero: none
[LAYER-HEALTH]   non-finite: 0 values in 0 of 102 tensors (10263038 values examined)
[LAYER-HEALTH]   largest |value|: blocks.2.bn1.running_mean 3.539, blocks.0.bn2.running_var 3.101, blocks.1.bn1.running_mean 2.972, tower_final_bn.running_mean 2.381, blocks.0.bn2.running_mean 2.291
[REPLAY] enumerated checkpoint -> 20261005-lrA-const01-replay-step27000.safetensors
[REPLAY] step=27050 loss=3.5831 pLoss=2.7615 vLoss=0.8131 pEnt=2.861 pIllM=0.0085 playedP=0.163 pW=0.47 pD=0.07 pL=0.46 vAbs=0.228 pLogitMean=0.5619 vLogitMean=1.4992 gNorm=1.053 lr=0.01 ms=2584.1 buf=500000 plies=231059212 games=3485084 rejected=0 skipped=0 epoch=0 mom=0.9000 trainerStep=27050
[LAYER-HEALTH] live trainerStep=27050 scope=batch_norm_state_only reluSites=9/10 ch=1040 dead=0 off=0 alwaysOn=0 worst=none maxBetaOverGamma=+0.40@tower_final_bn[31] minBetaOverGamma=-0.32@blocks.2.bn1[72] rvMaxOverMedian=6.7@stem.bn[53] rezero=none nonFinite=0
[REPLAY] step=27100 loss=3.5762 pLoss=2.7731 vLoss=0.7952 pEnt=2.857 pIllM=0.0079 playedP=0.165 pW=0.48 pD=0.06 pL=0.46 vAbs=0.236 pLogitMean=0.5622 vLogitMean=1.5328 gNorm=1.070 lr=0.01 ms=2315.8 buf=500000 plies=231485837 games=3491472 rejected=0 skipped=0 epoch=0 mom=0.9000 trainerStep=27100
[LAYER-HEALTH] live trainerStep=27100 scope=batch_norm_state_only reluSites=9/10 ch=1040 dead=0 off=0 alwaysOn=0 worst=none maxBetaOverGamma=+0.40@tower_final_bn[31] minBetaOverGamma=-0.32@blocks.2.bn1[72] rvMaxOverMedian=6.6@stem.bn[53] rezero=none nonFinite=0
[REPLAY] step=27150 loss=3.5914 pLoss=2.7734 vLoss=0.8108 pEnt=2.867 pIllM=0.0072 playedP=0.169 pW=0.48 pD=0.06 pL=0.46 vAbs=0.221 pLogitMean=0.5618 vLogitMean=1.5365 gNorm=0.968 lr=0.01 ms=2546.6 buf=500000 plies=231912500 games=3497979 rejected=0 skipped=0 epoch=0 mom=0.9000 trainerStep=27150
[LAYER-HEALTH] live trainerStep=27150 scope=batch_norm_state_only reluSites=9/10 ch=1040 dead=0 off=0 alwaysOn=0 worst=none maxBetaOverGamma=+0.40@tower_final_bn[31] minBetaOverGamma=-0.32@blocks.2.bn1[72] rvMaxOverMedian=6.6@stem.bn[53] rezero=none nonFinite=0
[REPLAY] step=27200 loss=3.6078 pLoss=2.7914 vLoss=0.8083 pEnt=2.846 pIllM=0.0081 playedP=0.167 pW=0.48 pD=0.07 pL=0.46 vAbs=0.214 pLogitMean=0.5625 vLogitMean=1.5552 gNorm=0.980 lr=0.01 ms=2155.7 buf=500000 plies=232339208 games=3504414 rejected=0 skipped=0 epoch=0 mom=0.9000 trainerStep=27200
[LAYER-HEALTH] live trainerStep=27200 scope=batch_norm_state_only reluSites=9/10 ch=1040 dead=0 off=0 alwaysOn=0 worst=none maxBetaOverGamma=+0.40@tower_final_bn[31] minBetaOverGamma=-0.32@blocks.2.bn1[72] rvMaxOverMedian=6.6@stem.bn[53] rezero=none nonFinite=0
[REPLAY] step=27250 loss=3.5832 pLoss=2.7621 vLoss=0.8128 pEnt=2.858 pIllM=0.0083 playedP=0.165 pW=0.48 pD=0.06 pL=0.46 vAbs=0.224 pLogitMean=0.5643 vLogitMean=1.5748 gNorm=1.080 lr=0.01 ms=2362.7 buf=500000 plies=232765787 games=3510844 rejected=0 skipped=0 epoch=0 mom=0.9000 trainerStep=27250
[LAYER-HEALTH] live trainerStep=27250 scope=batch_norm_state_only reluSites=9/10 ch=1040 dead=0 off=0 alwaysOn=0 worst=none maxBetaOverGamma=+0.40@tower_final_bn[31] minBetaOverGamma=-0.32@blocks.2.bn1[72] rvMaxOverMedian=6.7@stem.bn[53] rezero=none nonFinite=0
[REPLAY] step=27300 loss=3.5751 pLoss=2.7687 vLoss=0.7980 pEnt=2.848 pIllM=0.0083 playedP=0.169 pW=0.47 pD=0.06 pL=0.47 vAbs=0.225 pLogitMean=0.5627 vLogitMean=1.5537 gNorm=1.041 lr=0.01 ms=2429.7 buf=500000 plies=233192462 games=3517290 rejected=0 skipped=0 epoch=0 mom=0.9000 trainerStep=27300
[LAYER-HEALTH] live trainerStep=27300 scope=batch_norm_state_only reluSites=9/10 ch=1040 dead=0 off=0 alwaysOn=0 worst=none maxBetaOverGamma=+0.40@tower_final_bn[31] minBetaOverGamma=-0.32@blocks.2.bn1[72] rvMaxOverMedian=6.6@stem.bn[53] rezero=none nonFinite=0
[REPLAY] step=27350 loss=3.6100 pLoss=2.7853 vLoss=0.8170 pEnt=2.880 pIllM=0.0078 playedP=0.160 pW=0.46 pD=0.07 pL=0.47 vAbs=0.227 pLogitMean=0.5639 vLogitMean=1.5259 gNorm=1.024 lr=0.01 ms=2237.3 buf=500000 plies=233619117 games=3523699 rejected=0 skipped=0 epoch=0 mom=0.9000 trainerStep=27350
[LAYER-HEALTH] live trainerStep=27350 scope=batch_norm_state_only reluSites=9/10 ch=1040 dead=0 off=0 alwaysOn=0 worst=none maxBetaOverGamma=+0.40@tower_final_bn[31] minBetaOverGamma=-0.32@blocks.2.bn1[72] rvMaxOverMedian=6.6@stem.bn[53] rezero=none nonFinite=0
[REPLAY] step=27400 loss=3.6137 pLoss=2.7957 vLoss=0.8112 pEnt=2.882 pIllM=0.0068 playedP=0.161 pW=0.46 pD=0.06 pL=0.47 vAbs=0.223 pLogitMean=0.5633 vLogitMean=1.5341 gNorm=0.984 lr=0.01 ms=2162.6 buf=500000 plies=234045755 games=3530079 rejected=0 skipped=0 epoch=0 mom=0.9000 trainerStep=27400
[LAYER-HEALTH] live trainerStep=27400 scope=batch_norm_state_only reluSites=9/10 ch=1040 dead=0 off=0 alwaysOn=0 worst=none maxBetaOverGamma=+0.40@tower_final_bn[31] minBetaOverGamma=-0.32@blocks.2.bn1[72] rvMaxOverMedian=6.8@stem.bn[53] rezero=none nonFinite=0
[REPLAY] step=27450 loss=3.5643 pLoss=2.7458 vLoss=0.8105 pEnt=2.873 pIllM=0.0079 playedP=0.166 pW=0.47 pD=0.07 pL=0.46 vAbs=0.225 pLogitMean=0.5632 vLogitMean=1.5295 gNorm=1.045 lr=0.01 ms=2076.7 buf=500000 plies=234472436 games=3536533 rejected=0 skipped=0 epoch=0 mom=0.9000 trainerStep=27450
[LAYER-HEALTH] live trainerStep=27450 scope=batch_norm_state_only reluSites=9/10 ch=1040 dead=0 off=0 alwaysOn=0 worst=none maxBetaOverGamma=+0.40@tower_final_bn[31] minBetaOverGamma=-0.32@blocks.2.bn1[72] rvMaxOverMedian=6.5@stem.bn[53] rezero=none nonFinite=0
[REPLAY] step=27500 loss=3.5931 pLoss=2.7936 vLoss=0.7912 pEnt=2.873 pIllM=0.0084 playedP=0.161 pW=0.48 pD=0.06 pL=0.46 vAbs=0.235 pLogitMean=0.5631 vLogitMean=1.5301 gNorm=1.111 lr=0.01 ms=2335.9 buf=500000 plies=234899070 games=3543010 rejected=0 skipped=0 epoch=0 mom=0.9000 trainerStep=27500
[LAYER-HEALTH] live trainerStep=27500 scope=batch_norm_state_only reluSites=9/10 ch=1040 dead=0 off=0 alwaysOn=0 worst=none maxBetaOverGamma=+0.40@tower_final_bn[31] minBetaOverGamma=-0.32@blocks.2.bn1[72] rvMaxOverMedian=6.5@stem.bn[53] rezero=none nonFinite=0
[REPLAY] step=27550 loss=3.5852 pLoss=2.7840 vLoss=0.7933 pEnt=2.872 pIllM=0.0079 playedP=0.163 pW=0.48 pD=0.06 pL=0.46 vAbs=0.215 pLogitMean=0.5635 vLogitMean=1.5134 gNorm=1.057 lr=0.01 ms=1995.0 buf=500000 plies=235325706 games=3549463 rejected=0 skipped=0 epoch=0 mom=0.9000 trainerStep=27550
[LAYER-HEALTH] live trainerStep=27550 scope=batch_norm_state_only reluSites=9/10 ch=1040 dead=0 off=0 alwaysOn=0 worst=none maxBetaOverGamma=+0.40@tower_final_bn[31] minBetaOverGamma=-0.32@blocks.2.bn1[72] rvMaxOverMedian=6.4@stem.bn[53] rezero=none nonFinite=0
[REPLAY] step=27600 loss=3.6286 pLoss=2.8012 vLoss=0.8197 pEnt=2.854 pIllM=0.0077 playedP=0.166 pW=0.47 pD=0.07 pL=0.46 vAbs=0.223 pLogitMean=0.5631 vLogitMean=1.5127 gNorm=1.081 lr=0.01 ms=2071.9 buf=500000 plies=235752397 games=3555899 rejected=0 skipped=0 epoch=0 mom=0.9000 trainerStep=27600
[LAYER-HEALTH] live trainerStep=27600 scope=batch_norm_state_only reluSites=9/10 ch=1040 dead=0 off=0 alwaysOn=0 worst=none maxBetaOverGamma=+0.40@tower_final_bn[31] minBetaOverGamma=-0.32@blocks.2.bn1[72] rvMaxOverMedian=6.3@stem.bn[53] rezero=none nonFinite=0
[REPLAY] step=27650 loss=3.5784 pLoss=2.7596 vLoss=0.8112 pEnt=2.871 pIllM=0.0076 playedP=0.162 pW=0.47 pD=0.07 pL=0.46 vAbs=0.223 pLogitMean=0.5624 vLogitMean=1.5332 gNorm=1.093 lr=0.01 ms=2562.0 buf=500000 plies=236178970 games=3562347 rejected=0 skipped=0 epoch=0 mom=0.9000 trainerStep=27650
[LAYER-HEALTH] live trainerStep=27650 scope=batch_norm_state_only reluSites=9/10 ch=1040 dead=0 off=0 alwaysOn=0 worst=none maxBetaOverGamma=+0.41@tower_final_bn[31] minBetaOverGamma=-0.32@blocks.2.bn1[72] rvMaxOverMedian=6.2@stem.bn[53] rezero=none nonFinite=0
[REPLAY] step=27700 loss=3.6057 pLoss=2.7893 vLoss=0.8079 pEnt=2.857 pIllM=0.0085 playedP=0.167 pW=0.47 pD=0.06 pL=0.47 vAbs=0.199 pLogitMean=0.5626 vLogitMean=1.5695 gNorm=0.995 lr=0.01 ms=2275.4 buf=500000 plies=236605642 games=3568768 rejected=0 skipped=0 epoch=0 mom=0.9000 trainerStep=27700
[LAYER-HEALTH] live trainerStep=27700 scope=batch_norm_state_only reluSites=9/10 ch=1040 dead=0 off=0 alwaysOn=0 worst=none maxBetaOverGamma=+0.40@tower_final_bn[31] minBetaOverGamma=-0.32@blocks.2.bn1[72] rvMaxOverMedian=6.4@stem.bn[53] rezero=none nonFinite=0
[REPLAY] step=27750 loss=3.5899 pLoss=2.7626 vLoss=0.8205 pEnt=2.860 pIllM=0.0068 playedP=0.167 pW=0.46 pD=0.07 pL=0.47 vAbs=0.227 pLogitMean=0.5627 vLogitMean=1.5658 gNorm=0.963 lr=0.01 ms=2894.3 buf=500000 plies=237032283 games=3575148 rejected=0 skipped=0 epoch=0 mom=0.9000 trainerStep=27750
[LAYER-HEALTH] live trainerStep=27750 scope=batch_norm_state_only reluSites=9/10 ch=1040 dead=0 off=0 alwaysOn=0 worst=none maxBetaOverGamma=+0.40@tower_final_bn[31] minBetaOverGamma=-0.32@blocks.2.bn1[72] rvMaxOverMedian=6.4@stem.bn[53] rezero=none nonFinite=0
[REPLAY] step=27800 loss=3.5849 pLoss=2.7753 vLoss=0.8024 pEnt=2.901 pIllM=0.0072 playedP=0.160 pW=0.47 pD=0.06 pL=0.47 vAbs=0.221 pLogitMean=0.5638 vLogitMean=1.5957 gNorm=1.053 lr=0.01 ms=2409.1 buf=500000 plies=237458949 games=3581575 rejected=0 skipped=0 epoch=0 mom=0.9000 trainerStep=27800
[LAYER-HEALTH] live trainerStep=27800 scope=batch_norm_state_only reluSites=9/10 ch=1040 dead=0 off=0 alwaysOn=0 worst=none maxBetaOverGamma=+0.41@tower_final_bn[31] minBetaOverGamma=-0.32@blocks.2.bn1[72] rvMaxOverMedian=6.4@stem.bn[53] rezero=none nonFinite=0
[REPLAY] step=27850 loss=3.5865 pLoss=2.7683 vLoss=0.8107 pEnt=2.876 pIllM=0.0075 playedP=0.164 pW=0.48 pD=0.06 pL=0.46 vAbs=0.224 pLogitMean=0.5636 vLogitMean=1.5890 gNorm=1.124 lr=0.01 ms=2400.6 buf=500000 plies=237885646 games=3588036 rejected=0 skipped=0 epoch=0 mom=0.9000 trainerStep=27850
[LAYER-HEALTH] live trainerStep=27850 scope=batch_norm_state_only reluSites=9/10 ch=1040 dead=0 off=0 alwaysOn=0 worst=none maxBetaOverGamma=+0.41@tower_final_bn[31] minBetaOverGamma=-0.33@blocks.2.bn1[72] rvMaxOverMedian=6.5@stem.bn[53] rezero=none nonFinite=0
[REPLAY] step=27900 loss=3.6004 pLoss=2.7813 vLoss=0.8127 pEnt=2.893 pIllM=0.0064 playedP=0.158 pW=0.46 pD=0.06 pL=0.47 vAbs=0.228 pLogitMean=0.5641 vLogitMean=1.5439 gNorm=1.105 lr=0.01 ms=2294.4 buf=500000 plies=238312242 games=3594450 rejected=0 skipped=0 epoch=0 mom=0.9000 trainerStep=27900
[LAYER-HEALTH] live trainerStep=27900 scope=batch_norm_state_only reluSites=9/10 ch=1040 dead=0 off=0 alwaysOn=0 worst=none maxBetaOverGamma=+0.41@tower_final_bn[31] minBetaOverGamma=-0.33@blocks.2.bn1[72] rvMaxOverMedian=6.6@stem.bn[53] rezero=none nonFinite=0
[REPLAY] step=27950 loss=3.6131 pLoss=2.8015 vLoss=0.8045 pEnt=2.871 pIllM=0.0071 playedP=0.161 pW=0.49 pD=0.06 pL=0.45 vAbs=0.219 pLogitMean=0.5644 vLogitMean=1.5570 gNorm=1.074 lr=0.01 ms=2763.1 buf=500000 plies=238738950 games=3600934 rejected=0 skipped=0 epoch=0 mom=0.9000 trainerStep=27950
[LAYER-HEALTH] live trainerStep=27950 scope=batch_norm_state_only reluSites=9/10 ch=1040 dead=0 off=0 alwaysOn=0 worst=none maxBetaOverGamma=+0.41@tower_final_bn[31] minBetaOverGamma=-0.33@blocks.2.bn1[72] rvMaxOverMedian=6.6@stem.bn[53] rezero=none nonFinite=0
[REPLAY] step=28000 loss=3.5626 pLoss=2.7508 vLoss=0.8040 pEnt=2.859 pIllM=0.0077 playedP=0.165 pW=0.46 pD=0.07 pL=0.47 vAbs=0.227 pLogitMean=0.5643 vLogitMean=1.5247 gNorm=1.098 lr=0.01 ms=2123.4 buf=500000 plies=239165604 games=3607314 rejected=0 skipped=0 epoch=0 mom=0.9000 trainerStep=28000
[LAYER-HEALTH] live trainerStep=28000 scope=batch_norm_state_only reluSites=9/10 ch=1040 dead=0 off=0 alwaysOn=0 worst=none maxBetaOverGamma=+0.41@tower_final_bn[31] minBetaOverGamma=-0.33@blocks.2.bn1[72] rvMaxOverMedian=6.7@stem.bn[53] rezero=none nonFinite=0
[REPLAY] saved trainer model (autosave) step=28000 trainerStep=28000 nextGame=3607314 shard=7 epoch=0 -> 20261005-lrA-const01-replay-latest.safetensors
[LAYER-HEALTH] checkpoint replay-autosave step=28000 trainerStep=28000 scope=all_tensors reluSites=9/10 ch=1040 dead=0 off=0 alwaysOn=0 worst=none maxBetaOverGamma=+0.41@tower_final_bn[31] minBetaOverGamma=-0.33@blocks.2.bn1[72] rvMaxOverMedian=6.7@stem.bn[53] rezero=none nonFinite=0 seZeroVel=none valueFC1ZeroVel=0/128 maxAbs=3.57@blocks.2.bn1.running_mean
[LAYER-HEALTH]   batch-norm sites — β/|γ|: dead < -3.00, mostly off < -2.00, always on > +3.00; classified for relu/leaky_relu only
[LAYER-HEALTH]     site            act            ch   dead    off     on  zeroγ nonfin  min β/|γ| [ch]     max β/|γ| [ch]     rv max/median [ch]
[LAYER-HEALTH]     stem.bn         -             128    n/a    n/a    n/a      0      0     -0.06 [85]         +0.04 [62]            6.7 [53]
[LAYER-HEALTH]     blocks.0.bn1    relu          128      0      0      0      0      0     -0.10 [97]         +0.18 [62]            2.0 [97]
[LAYER-HEALTH]     blocks.0.bn2    relu          128      0      0      0      0      0     -0.17 [32]         +0.06 [14]            2.2 [24]
[LAYER-HEALTH]     blocks.1.bn1    relu          128      0      0      0      0      0     -0.28 [17]         +0.13 [121]           4.7 [97]
[LAYER-HEALTH]     blocks.1.bn2    relu          128      0      0      0      0      0     -0.28 [69]         +0.07 [110]           1.7 [116]
[LAYER-HEALTH]     blocks.2.bn1    relu          128      0      0      0      0      0     -0.33 [72]         +0.13 [30]            3.0 [97]
[LAYER-HEALTH]     blocks.2.bn2    relu          128      0      0      0      0      0     -0.25 [92]         +0.17 [29]            1.4 [111]
[LAYER-HEALTH]     tower_final_bn  relu          128      0      0      0      0      0     -0.07 [35]         +0.41 [31]            5.3 [39]
[LAYER-HEALTH]     policy.pre_bn   relu          128      0      0      0      0      0     -0.04 [114]        +0.16 [7]             2.8 [32]
[LAYER-HEALTH]     value.bn        relu           16      0      0      0      0      0     -0.11 [10]         +0.01 [0]             1.5 [13]
[LAYER-HEALTH]   FC hidden-unit velocity — zero: every weight-velocity entry exactly 0; low: nonzero but < 5% of the layer's p90 unit norm
[LAYER-HEALTH]     value.fc1.weight  relu  units 128  zero 0  low 29  median unit norm 0.004711
[LAYER-HEALTH]     (no SE blocks)
[LAYER-HEALTH]   ReZero: none
[LAYER-HEALTH]   non-finite: 0 values in 0 of 102 tensors (10263038 values examined)
[LAYER-HEALTH]   largest |value|: blocks.2.bn1.running_mean 3.57, blocks.1.bn1.running_mean 2.987, blocks.0.bn2.running_var 2.909, tower_final_bn.running_mean 2.398, blocks.0.bn2.running_mean 2.368
[REPLAY] enumerated checkpoint -> 20261005-lrA-const01-replay-step28000.safetensors
[REPLAY] step=28050 loss=3.5718 pLoss=2.7638 vLoss=0.8013 pEnt=2.900 pIllM=0.0067 playedP=0.163 pW=0.46 pD=0.06 pL=0.47 vAbs=0.222 pLogitMean=0.5632 vLogitMean=1.5721 gNorm=1.021 lr=0.01 ms=2459.4 buf=500000 plies=239592232 games=3613786 rejected=0 skipped=0 epoch=0 mom=0.9000 trainerStep=28050
[LAYER-HEALTH] live trainerStep=28050 scope=batch_norm_state_only reluSites=9/10 ch=1040 dead=0 off=0 alwaysOn=0 worst=none maxBetaOverGamma=+0.41@tower_final_bn[31] minBetaOverGamma=-0.33@blocks.2.bn1[72] rvMaxOverMedian=6.8@stem.bn[53] rezero=none nonFinite=0
[REPLAY] step=28100 loss=3.6423 pLoss=2.8047 vLoss=0.8308 pEnt=2.890 pIllM=0.0068 playedP=0.160 pW=0.46 pD=0.08 pL=0.46 vAbs=0.206 pLogitMean=0.5650 vLogitMean=1.5450 gNorm=1.028 lr=0.01 ms=2310.8 buf=500000 plies=240018882 games=3620229 rejected=0 skipped=0 epoch=0 mom=0.9000 trainerStep=28100
[LAYER-HEALTH] live trainerStep=28100 scope=batch_norm_state_only reluSites=9/10 ch=1040 dead=0 off=0 alwaysOn=0 worst=none maxBetaOverGamma=+0.41@tower_final_bn[31] minBetaOverGamma=-0.33@blocks.2.bn1[72] rvMaxOverMedian=6.8@stem.bn[53] rezero=none nonFinite=0
[REPLAY] step=28150 loss=3.5656 pLoss=2.7447 vLoss=0.8132 pEnt=2.887 pIllM=0.0077 playedP=0.161 pW=0.47 pD=0.06 pL=0.47 vAbs=0.222 pLogitMean=0.5646 vLogitMean=1.5867 gNorm=0.994 lr=0.01 ms=2214.1 buf=500000 plies=240445544 games=3626692 rejected=0 skipped=0 epoch=0 mom=0.9000 trainerStep=28150
[LAYER-HEALTH] live trainerStep=28150 scope=batch_norm_state_only reluSites=9/10 ch=1040 dead=0 off=0 alwaysOn=0 worst=none maxBetaOverGamma=+0.41@tower_final_bn[31] minBetaOverGamma=-0.33@blocks.2.bn1[72] rvMaxOverMedian=6.8@stem.bn[53] rezero=none nonFinite=0
[REPLAY] step=28200 loss=3.6064 pLoss=2.8071 vLoss=0.7918 pEnt=2.885 pIllM=0.0075 playedP=0.157 pW=0.49 pD=0.06 pL=0.45 vAbs=0.239 pLogitMean=0.5658 vLogitMean=1.6123 gNorm=0.980 lr=0.01 ms=2162.0 buf=500000 plies=240872165 games=3633205 rejected=0 skipped=0 epoch=0 mom=0.9000 trainerStep=28200
[LAYER-HEALTH] live trainerStep=28200 scope=batch_norm_state_only reluSites=9/10 ch=1040 dead=0 off=0 alwaysOn=0 worst=none maxBetaOverGamma=+0.41@tower_final_bn[31] minBetaOverGamma=-0.33@blocks.2.bn1[72] rvMaxOverMedian=6.7@stem.bn[53] rezero=none nonFinite=0
[REPLAY] step=28250 loss=3.6262 pLoss=2.8034 vLoss=0.8152 pEnt=2.883 pIllM=0.0076 playedP=0.162 pW=0.46 pD=0.07 pL=0.47 vAbs=0.207 pLogitMean=0.5650 vLogitMean=1.5838 gNorm=1.065 lr=0.01 ms=2429.7 buf=500000 plies=241298775 games=3639674 rejected=0 skipped=0 epoch=0 mom=0.9000 trainerStep=28250
[LAYER-HEALTH] live trainerStep=28250 scope=batch_norm_state_only reluSites=9/10 ch=1040 dead=0 off=0 alwaysOn=0 worst=none maxBetaOverGamma=+0.41@tower_final_bn[31] minBetaOverGamma=-0.33@blocks.2.bn1[72] rvMaxOverMedian=6.7@stem.bn[53] rezero=none nonFinite=0
[REPLAY] step=28300 loss=3.6096 pLoss=2.7927 vLoss=0.8093 pEnt=2.844 pIllM=0.0076 playedP=0.167 pW=0.48 pD=0.07 pL=0.45 vAbs=0.228 pLogitMean=0.5669 vLogitMean=1.5454 gNorm=1.189 lr=0.01 ms=2527.8 buf=500000 plies=241725565 games=3646210 rejected=0 skipped=0 epoch=0 mom=0.9000 trainerStep=28300
[LAYER-HEALTH] live trainerStep=28300 scope=batch_norm_state_only reluSites=9/10 ch=1040 dead=0 off=0 alwaysOn=0 worst=none maxBetaOverGamma=+0.41@tower_final_bn[31] minBetaOverGamma=-0.33@blocks.2.bn1[72] rvMaxOverMedian=6.8@stem.bn[53] rezero=none nonFinite=0
[REPLAY] step=28350 loss=3.5318 pLoss=2.7315 vLoss=0.7925 pEnt=2.863 pIllM=0.0078 playedP=0.165 pW=0.47 pD=0.07 pL=0.47 vAbs=0.233 pLogitMean=0.5658 vLogitMean=1.5104 gNorm=1.093 lr=0.01 ms=2434.6 buf=500000 plies=242152116 games=3652674 rejected=0 skipped=0 epoch=0 mom=0.9000 trainerStep=28350
[LAYER-HEALTH] live trainerStep=28350 scope=batch_norm_state_only reluSites=9/10 ch=1040 dead=0 off=0 alwaysOn=0 worst=none maxBetaOverGamma=+0.41@tower_final_bn[31] minBetaOverGamma=-0.33@blocks.2.bn1[72] rvMaxOverMedian=6.7@stem.bn[53] rezero=none nonFinite=0
[REPLAY] step=28400 loss=3.5979 pLoss=2.7758 vLoss=0.8147 pEnt=2.879 pIllM=0.0074 playedP=0.164 pW=0.47 pD=0.07 pL=0.46 vAbs=0.238 pLogitMean=0.5675 vLogitMean=1.5107 gNorm=1.067 lr=0.01 ms=2344.0 buf=500000 plies=242578721 games=3659121 rejected=0 skipped=0 epoch=0 mom=0.9000 trainerStep=28400
[LAYER-HEALTH] live trainerStep=28400 scope=batch_norm_state_only reluSites=9/10 ch=1040 dead=0 off=0 alwaysOn=0 worst=none maxBetaOverGamma=+0.41@tower_final_bn[31] minBetaOverGamma=-0.33@blocks.2.bn1[72] rvMaxOverMedian=6.8@stem.bn[53] rezero=none nonFinite=0
[REPLAY] step=28450 loss=3.5887 pLoss=2.7721 vLoss=0.8091 pEnt=2.887 pIllM=0.0075 playedP=0.159 pW=0.47 pD=0.06 pL=0.47 vAbs=0.225 pLogitMean=0.5657 vLogitMean=1.5327 gNorm=1.051 lr=0.01 ms=2542.3 buf=500000 plies=243005372 games=3665548 rejected=0 skipped=0 epoch=0 mom=0.9000 trainerStep=28450
[LAYER-HEALTH] live trainerStep=28450 scope=batch_norm_state_only reluSites=9/10 ch=1040 dead=0 off=0 alwaysOn=0 worst=none maxBetaOverGamma=+0.41@tower_final_bn[31] minBetaOverGamma=-0.33@blocks.2.bn1[72] rvMaxOverMedian=6.7@stem.bn[53] rezero=none nonFinite=0
[REPLAY] step=28500 loss=3.5804 pLoss=2.7691 vLoss=0.8039 pEnt=2.870 pIllM=0.0074 playedP=0.161 pW=0.47 pD=0.07 pL=0.47 vAbs=0.219 pLogitMean=0.5655 vLogitMean=1.5111 gNorm=1.046 lr=0.01 ms=2493.5 buf=500000 plies=243432048 games=3671991 rejected=0 skipped=0 epoch=0 mom=0.9000 trainerStep=28500
[LAYER-HEALTH] live trainerStep=28500 scope=batch_norm_state_only reluSites=9/10 ch=1040 dead=0 off=0 alwaysOn=0 worst=none maxBetaOverGamma=+0.41@tower_final_bn[31] minBetaOverGamma=-0.33@blocks.2.bn1[72] rvMaxOverMedian=6.7@stem.bn[53] rezero=none nonFinite=0
[REPLAY] step=28550 loss=3.5550 pLoss=2.7459 vLoss=0.8020 pEnt=2.857 pIllM=0.0071 playedP=0.165 pW=0.47 pD=0.07 pL=0.46 vAbs=0.228 pLogitMean=0.5659 vLogitMean=1.4658 gNorm=1.045 lr=0.01 ms=2369.7 buf=500000 plies=243858716 games=3678427 rejected=0 skipped=0 epoch=0 mom=0.9000 trainerStep=28550
[LAYER-HEALTH] live trainerStep=28550 scope=batch_norm_state_only reluSites=9/10 ch=1040 dead=0 off=0 alwaysOn=0 worst=none maxBetaOverGamma=+0.41@tower_final_bn[31] minBetaOverGamma=-0.33@blocks.2.bn1[72] rvMaxOverMedian=6.7@stem.bn[53] rezero=none nonFinite=0
[REPLAY] step=28600 loss=3.5677 pLoss=2.7534 vLoss=0.8072 pEnt=2.851 pIllM=0.0071 playedP=0.169 pW=0.47 pD=0.07 pL=0.46 vAbs=0.229 pLogitMean=0.5656 vLogitMean=1.4726 gNorm=0.971 lr=0.01 ms=2605.0 buf=500000 plies=244285357 games=3684910 rejected=0 skipped=0 epoch=0 mom=0.9000 trainerStep=28600
[LAYER-HEALTH] live trainerStep=28600 scope=batch_norm_state_only reluSites=9/10 ch=1040 dead=0 off=0 alwaysOn=0 worst=none maxBetaOverGamma=+0.41@tower_final_bn[31] minBetaOverGamma=-0.33@blocks.2.bn1[72] rvMaxOverMedian=6.5@stem.bn[53] rezero=none nonFinite=0
[REPLAY] step=28650 loss=3.6140 pLoss=2.7797 vLoss=0.8278 pEnt=2.864 pIllM=0.0064 playedP=0.162 pW=0.46 pD=0.07 pL=0.46 vAbs=0.219 pLogitMean=0.5649 vLogitMean=1.4746 gNorm=1.111 lr=0.01 ms=2254.7 buf=500000 plies=244711971 games=3691341 rejected=0 skipped=0 epoch=0 mom=0.9000 trainerStep=28650
[LAYER-HEALTH] live trainerStep=28650 scope=batch_norm_state_only reluSites=9/10 ch=1040 dead=0 off=0 alwaysOn=0 worst=none maxBetaOverGamma=+0.41@tower_final_bn[31] minBetaOverGamma=-0.33@blocks.2.bn1[72] rvMaxOverMedian=6.4@stem.bn[53] rezero=none nonFinite=0
[REPLAY] step=28700 loss=3.6244 pLoss=2.8058 vLoss=0.8116 pEnt=2.870 pIllM=0.0071 playedP=0.164 pW=0.48 pD=0.07 pL=0.45 vAbs=0.216 pLogitMean=0.5650 vLogitMean=1.4725 gNorm=1.070 lr=0.01 ms=2330.3 buf=500000 plies=245138654 games=3697797 rejected=0 skipped=0 epoch=0 mom=0.9000 trainerStep=28700
[LAYER-HEALTH] live trainerStep=28700 scope=batch_norm_state_only reluSites=9/10 ch=1040 dead=0 off=0 alwaysOn=0 worst=none maxBetaOverGamma=+0.41@tower_final_bn[31] minBetaOverGamma=-0.33@blocks.2.bn1[72] rvMaxOverMedian=6.3@stem.bn[53] rezero=none nonFinite=0
[REPLAY] step=28750 loss=3.5886 pLoss=2.7773 vLoss=0.8043 pEnt=2.879 pIllM=0.0070 playedP=0.162 pW=0.47 pD=0.07 pL=0.46 vAbs=0.235 pLogitMean=0.5657 vLogitMean=1.5187 gNorm=1.207 lr=0.01 ms=2194.7 buf=500000 plies=245565280 games=3704231 rejected=0 skipped=0 epoch=0 mom=0.9000 trainerStep=28750
[LAYER-HEALTH] live trainerStep=28750 scope=batch_norm_state_only reluSites=9/10 ch=1040 dead=0 off=0 alwaysOn=0 worst=none maxBetaOverGamma=+0.41@tower_final_bn[31] minBetaOverGamma=-0.33@blocks.2.bn1[72] rvMaxOverMedian=6.2@stem.bn[53] rezero=none nonFinite=0
[REPLAY] step=28800 loss=3.5764 pLoss=2.7543 vLoss=0.8145 pEnt=2.877 pIllM=0.0075 playedP=0.159 pW=0.46 pD=0.07 pL=0.47 vAbs=0.226 pLogitMean=0.5667 vLogitMean=1.5026 gNorm=1.088 lr=0.01 ms=2234.4 buf=500000 plies=245991992 games=3710658 rejected=0 skipped=0 epoch=0 mom=0.9000 trainerStep=28800
[LAYER-HEALTH] live trainerStep=28800 scope=batch_norm_state_only reluSites=9/10 ch=1040 dead=0 off=0 alwaysOn=0 worst=none maxBetaOverGamma=+0.41@tower_final_bn[31] minBetaOverGamma=-0.33@blocks.2.bn1[72] rvMaxOverMedian=6.2@stem.bn[53] rezero=none nonFinite=0
[REPLAY] step=28850 loss=3.6297 pLoss=2.7897 vLoss=0.8338 pEnt=2.870 pIllM=0.0062 playedP=0.161 pW=0.47 pD=0.08 pL=0.46 vAbs=0.217 pLogitMean=0.5682 vLogitMean=1.4794 gNorm=1.021 lr=0.01 ms=2574.7 buf=500000 plies=246418593 games=3717050 rejected=0 skipped=0 epoch=0 mom=0.9000 trainerStep=28850
[LAYER-HEALTH] live trainerStep=28850 scope=batch_norm_state_only reluSites=9/10 ch=1040 dead=0 off=0 alwaysOn=0 worst=none maxBetaOverGamma=+0.41@tower_final_bn[31] minBetaOverGamma=-0.33@blocks.2.bn1[72] rvMaxOverMedian=6.1@stem.bn[53] rezero=none nonFinite=0
[REPLAY] step=28900 loss=3.6026 pLoss=2.7766 vLoss=0.8187 pEnt=2.894 pIllM=0.0073 playedP=0.160 pW=0.46 pD=0.08 pL=0.46 vAbs=0.229 pLogitMean=0.5662 vLogitMean=1.4620 gNorm=0.994 lr=0.01 ms=2688.6 buf=500000 plies=246845245 games=3723473 rejected=0 skipped=0 epoch=0 mom=0.9000 trainerStep=28900
[LAYER-HEALTH] live trainerStep=28900 scope=batch_norm_state_only reluSites=9/10 ch=1040 dead=0 off=0 alwaysOn=0 worst=none maxBetaOverGamma=+0.41@tower_final_bn[31] minBetaOverGamma=-0.33@blocks.2.bn1[72] rvMaxOverMedian=6.1@stem.bn[53] rezero=none nonFinite=0
[REPLAY] step=28950 loss=3.5740 pLoss=2.7555 vLoss=0.8111 pEnt=2.853 pIllM=0.0074 playedP=0.167 pW=0.47 pD=0.07 pL=0.46 vAbs=0.232 pLogitMean=0.5672 vLogitMean=1.5051 gNorm=1.130 lr=0.01 ms=2666.9 buf=500000 plies=247271920 games=3729939 rejected=0 skipped=0 epoch=0 mom=0.9000 trainerStep=28950
[LAYER-HEALTH] live trainerStep=28950 scope=batch_norm_state_only reluSites=9/10 ch=1040 dead=0 off=0 alwaysOn=0 worst=none maxBetaOverGamma=+0.41@tower_final_bn[31] minBetaOverGamma=-0.34@blocks.2.bn1[72] rvMaxOverMedian=6.3@stem.bn[53] rezero=none nonFinite=0
[REPLAY] step=29000 loss=3.5678 pLoss=2.7461 vLoss=0.8148 pEnt=2.881 pIllM=0.0069 playedP=0.160 pW=0.46 pD=0.07 pL=0.47 vAbs=0.242 pLogitMean=0.5671 vLogitMean=1.4956 gNorm=1.142 lr=0.01 ms=2634.4 buf=500000 plies=247698541 games=3736331 rejected=0 skipped=0 epoch=0 mom=0.9000 trainerStep=29000
[LAYER-HEALTH] live trainerStep=29000 scope=batch_norm_state_only reluSites=9/10 ch=1040 dead=0 off=0 alwaysOn=0 worst=none maxBetaOverGamma=+0.41@tower_final_bn[31] minBetaOverGamma=-0.33@blocks.2.bn1[72] rvMaxOverMedian=6.3@stem.bn[53] rezero=none nonFinite=0
[REPLAY] saved trainer model (autosave) step=29000 trainerStep=29000 nextGame=3736331 shard=8 epoch=0 -> 20261005-lrA-const01-replay-latest.safetensors
[LAYER-HEALTH] checkpoint replay-autosave step=29000 trainerStep=29000 scope=all_tensors reluSites=9/10 ch=1040 dead=0 off=0 alwaysOn=0 worst=none maxBetaOverGamma=+0.41@tower_final_bn[31] minBetaOverGamma=-0.33@blocks.2.bn1[72] rvMaxOverMedian=6.3@stem.bn[53] rezero=none nonFinite=0 seZeroVel=none valueFC1ZeroVel=0/128 maxAbs=3.543@blocks.2.bn1.running_mean
[LAYER-HEALTH]   batch-norm sites — β/|γ|: dead < -3.00, mostly off < -2.00, always on > +3.00; classified for relu/leaky_relu only
[LAYER-HEALTH]     site            act            ch   dead    off     on  zeroγ nonfin  min β/|γ| [ch]     max β/|γ| [ch]     rv max/median [ch]
[LAYER-HEALTH]     stem.bn         -             128    n/a    n/a    n/a      0      0     -0.06 [85]         +0.05 [62]            6.3 [53]
[LAYER-HEALTH]     blocks.0.bn1    relu          128      0      0      0      0      0     -0.11 [97]         +0.18 [62]            2.0 [97]
[LAYER-HEALTH]     blocks.0.bn2    relu          128      0      0      0      0      0     -0.17 [32]         +0.06 [14]            2.2 [24]
[LAYER-HEALTH]     blocks.1.bn1    relu          128      0      0      0      0      0     -0.29 [17]         +0.13 [121]           4.8 [97]
[LAYER-HEALTH]     blocks.1.bn2    relu          128      0      0      0      0      0     -0.29 [69]         +0.08 [110]           1.6 [116]
[LAYER-HEALTH]     blocks.2.bn1    relu          128      0      0      0      0      0     -0.33 [72]         +0.13 [30]            3.1 [97]
[LAYER-HEALTH]     blocks.2.bn2    relu          128      0      0      0      0      0     -0.26 [92]         +0.17 [29]            1.5 [111]
[LAYER-HEALTH]     tower_final_bn  relu          128      0      0      0      0      0     -0.07 [35]         +0.41 [31]            5.4 [39]
[LAYER-HEALTH]     policy.pre_bn   relu          128      0      0      0      0      0     -0.04 [114]        +0.16 [7]             2.8 [32]
[LAYER-HEALTH]     value.bn        relu           16      0      0      0      0      0     -0.11 [10]         +0.01 [0]             1.5 [1]
[LAYER-HEALTH]   FC hidden-unit velocity — zero: every weight-velocity entry exactly 0; low: nonzero but < 5% of the layer's p90 unit norm
[LAYER-HEALTH]     value.fc1.weight  relu  units 128  zero 0  low 36  median unit norm 0.00554
[LAYER-HEALTH]     (no SE blocks)
[LAYER-HEALTH]   ReZero: none
[LAYER-HEALTH]   non-finite: 0 values in 0 of 102 tensors (10263038 values examined)
[LAYER-HEALTH]   largest |value|: blocks.2.bn1.running_mean 3.543, blocks.1.bn1.running_mean 2.979, blocks.0.bn2.running_var 2.865, blocks.0.bn2.running_mean 2.407, tower_final_bn.running_mean 2.376
[REPLAY] enumerated checkpoint -> 20261005-lrA-const01-replay-step29000.safetensors
[REPLAY] step=29050 loss=3.5991 pLoss=2.7868 vLoss=0.8043 pEnt=2.857 pIllM=0.0079 playedP=0.164 pW=0.48 pD=0.06 pL=0.46 vAbs=0.225 pLogitMean=0.5672 vLogitMean=1.5245 gNorm=1.044 lr=0.01 ms=2718.8 buf=500000 plies=248125283 games=3742728 rejected=0 skipped=0 epoch=0 mom=0.9000 trainerStep=29050
[LAYER-HEALTH] live trainerStep=29050 scope=batch_norm_state_only reluSites=9/10 ch=1040 dead=0 off=0 alwaysOn=0 worst=none maxBetaOverGamma=+0.41@tower_final_bn[31] minBetaOverGamma=-0.34@blocks.2.bn1[72] rvMaxOverMedian=6.3@stem.bn[53] rezero=none nonFinite=0
[REPLAY] step=29100 loss=3.5786 pLoss=2.7571 vLoss=0.8146 pEnt=2.868 pIllM=0.0069 playedP=0.165 pW=0.47 pD=0.07 pL=0.46 vAbs=0.240 pLogitMean=0.5700 vLogitMean=1.5130 gNorm=1.088 lr=0.01 ms=2982.7 buf=500000 plies=248551850 games=3749205 rejected=0 skipped=0 epoch=0 mom=0.9000 trainerStep=29100
[LAYER-HEALTH] live trainerStep=29100 scope=batch_norm_state_only reluSites=9/10 ch=1040 dead=0 off=0 alwaysOn=0 worst=none maxBetaOverGamma=+0.41@tower_final_bn[31] minBetaOverGamma=-0.34@blocks.2.bn1[72] rvMaxOverMedian=6.4@stem.bn[53] rezero=none nonFinite=0
[REPLAY] step=29150 loss=3.5977 pLoss=2.7968 vLoss=0.7939 pEnt=2.884 pIllM=0.0069 playedP=0.165 pW=0.47 pD=0.06 pL=0.47 vAbs=0.239 pLogitMean=0.5698 vLogitMean=1.5331 gNorm=1.142 lr=0.01 ms=2635.7 buf=500000 plies=248978479 games=3755602 rejected=0 skipped=0 epoch=0 mom=0.9000 trainerStep=29150
[LAYER-HEALTH] live trainerStep=29150 scope=batch_norm_state_only reluSites=9/10 ch=1040 dead=0 off=0 alwaysOn=0 worst=none maxBetaOverGamma=+0.41@tower_final_bn[31] minBetaOverGamma=-0.34@blocks.2.bn1[72] rvMaxOverMedian=6.5@stem.bn[53] rezero=none nonFinite=0
[REPLAY] step=29200 loss=3.6155 pLoss=2.7945 vLoss=0.8136 pEnt=2.890 pIllM=0.0075 playedP=0.159 pW=0.47 pD=0.07 pL=0.46 vAbs=0.228 pLogitMean=0.5674 vLogitMean=1.4911 gNorm=0.899 lr=0.01 ms=2661.2 buf=500000 plies=249405160 games=3762039 rejected=0 skipped=0 epoch=0 mom=0.9000 trainerStep=29200
[LAYER-HEALTH] live trainerStep=29200 scope=batch_norm_state_only reluSites=9/10 ch=1040 dead=0 off=0 alwaysOn=0 worst=none maxBetaOverGamma=+0.41@tower_final_bn[31] minBetaOverGamma=-0.34@blocks.2.bn1[72] rvMaxOverMedian=6.5@stem.bn[53] rezero=none nonFinite=0
[REPLAY] step=29250 loss=3.5891 pLoss=2.7690 vLoss=0.8128 pEnt=2.880 pIllM=0.0073 playedP=0.159 pW=0.49 pD=0.06 pL=0.45 vAbs=0.255 pLogitMean=0.5685 vLogitMean=1.4923 gNorm=1.100 lr=0.01 ms=2847.5 buf=500000 plies=249831805 games=3768463 rejected=0 skipped=0 epoch=0 mom=0.9000 trainerStep=29250
[LAYER-HEALTH] live trainerStep=29250 scope=batch_norm_state_only reluSites=9/10 ch=1040 dead=0 off=0 alwaysOn=0 worst=none maxBetaOverGamma=+0.41@tower_final_bn[31] minBetaOverGamma=-0.34@blocks.2.bn1[72] rvMaxOverMedian=6.5@stem.bn[53] rezero=none nonFinite=0
[REPLAY] step=29300 loss=3.6106 pLoss=2.7879 vLoss=0.8157 pEnt=2.879 pIllM=0.0070 playedP=0.161 pW=0.47 pD=0.07 pL=0.46 vAbs=0.228 pLogitMean=0.5684 vLogitMean=1.4794 gNorm=1.075 lr=0.01 ms=2429.4 buf=500000 plies=250258464 games=3774930 rejected=0 skipped=0 epoch=0 mom=0.9000 trainerStep=29300
[LAYER-HEALTH] live trainerStep=29300 scope=batch_norm_state_only reluSites=9/10 ch=1040 dead=0 off=0 alwaysOn=0 worst=none maxBetaOverGamma=+0.41@tower_final_bn[31] minBetaOverGamma=-0.34@blocks.2.bn1[72] rvMaxOverMedian=6.4@stem.bn[53] rezero=none nonFinite=0
[REPLAY] step=29350 loss=3.5981 pLoss=2.7817 vLoss=0.8102 pEnt=2.877 pIllM=0.0063 playedP=0.165 pW=0.48 pD=0.07 pL=0.45 vAbs=0.238 pLogitMean=0.5692 vLogitMean=1.4940 gNorm=0.986 lr=0.01 ms=2617.9 buf=500000 plies=250685078 games=3781428 rejected=0 skipped=0 epoch=0 mom=0.9000 trainerStep=29350
[LAYER-HEALTH] live trainerStep=29350 scope=batch_norm_state_only reluSites=9/10 ch=1040 dead=0 off=0 alwaysOn=0 worst=none maxBetaOverGamma=+0.41@tower_final_bn[31] minBetaOverGamma=-0.34@blocks.2.bn1[72] rvMaxOverMedian=6.4@stem.bn[53] rezero=none nonFinite=0
[REPLAY] step=29400 loss=3.6057 pLoss=2.7922 vLoss=0.8065 pEnt=2.889 pIllM=0.0070 playedP=0.159 pW=0.47 pD=0.06 pL=0.47 vAbs=0.233 pLogitMean=0.5694 vLogitMean=1.4938 gNorm=1.122 lr=0.01 ms=1990.8 buf=500000 plies=251111723 games=3787902 rejected=0 skipped=0 epoch=0 mom=0.9000 trainerStep=29400
[LAYER-HEALTH] live trainerStep=29400 scope=batch_norm_state_only reluSites=9/10 ch=1040 dead=0 off=0 alwaysOn=0 worst=none maxBetaOverGamma=+0.41@tower_final_bn[31] minBetaOverGamma=-0.34@blocks.2.bn1[72] rvMaxOverMedian=6.5@stem.bn[53] rezero=none nonFinite=0
[REPLAY] step=29450 loss=3.5739 pLoss=2.7755 vLoss=0.7915 pEnt=2.885 pIllM=0.0069 playedP=0.159 pW=0.47 pD=0.06 pL=0.47 vAbs=0.221 pLogitMean=0.5694 vLogitMean=1.5197 gNorm=0.987 lr=0.01 ms=2118.4 buf=500000 plies=251538395 games=3794344 rejected=0 skipped=0 epoch=0 mom=0.9000 trainerStep=29450
[LAYER-HEALTH] live trainerStep=29450 scope=batch_norm_state_only reluSites=9/10 ch=1040 dead=0 off=0 alwaysOn=0 worst=none maxBetaOverGamma=+0.41@tower_final_bn[31] minBetaOverGamma=-0.34@blocks.2.bn1[72] rvMaxOverMedian=6.6@stem.bn[53] rezero=none nonFinite=0
[REPLAY] step=29500 loss=3.5842 pLoss=2.7633 vLoss=0.8142 pEnt=2.886 pIllM=0.0067 playedP=0.160 pW=0.46 pD=0.07 pL=0.47 vAbs=0.230 pLogitMean=0.5700 vLogitMean=1.5037 gNorm=0.965 lr=0.01 ms=2705.0 buf=500000 plies=251965124 games=3800788 rejected=0 skipped=0 epoch=0 mom=0.9000 trainerStep=29500
[LAYER-HEALTH] live trainerStep=29500 scope=batch_norm_state_only reluSites=9/10 ch=1040 dead=0 off=0 alwaysOn=0 worst=none maxBetaOverGamma=+0.41@tower_final_bn[31] minBetaOverGamma=-0.34@blocks.2.bn1[72] rvMaxOverMedian=6.6@stem.bn[53] rezero=none nonFinite=0
[REPLAY] step=29550 loss=3.5819 pLoss=2.7692 vLoss=0.8048 pEnt=2.858 pIllM=0.0078 playedP=0.165 pW=0.47 pD=0.07 pL=0.46 vAbs=0.231 pLogitMean=0.5694 vLogitMean=1.5091 gNorm=1.090 lr=0.01 ms=2733.1 buf=500000 plies=252391756 games=3807241 rejected=0 skipped=0 epoch=0 mom=0.9000 trainerStep=29550
[LAYER-HEALTH] live trainerStep=29550 scope=batch_norm_state_only reluSites=9/10 ch=1040 dead=0 off=0 alwaysOn=0 worst=none maxBetaOverGamma=+0.41@tower_final_bn[31] minBetaOverGamma=-0.34@blocks.2.bn1[72] rvMaxOverMedian=6.6@stem.bn[53] rezero=none nonFinite=0
[REPLAY] step=29600 loss=3.5802 pLoss=2.7515 vLoss=0.8221 pEnt=2.886 pIllM=0.0065 playedP=0.162 pW=0.47 pD=0.07 pL=0.46 vAbs=0.210 pLogitMean=0.5720 vLogitMean=1.5260 gNorm=1.112 lr=0.01 ms=2600.3 buf=500000 plies=252818351 games=3813682 rejected=0 skipped=0 epoch=0 mom=0.9000 trainerStep=29600
[LAYER-HEALTH] live trainerStep=29600 scope=batch_norm_state_only reluSites=9/10 ch=1040 dead=0 off=0 alwaysOn=0 worst=none maxBetaOverGamma=+0.41@tower_final_bn[31] minBetaOverGamma=-0.34@blocks.2.bn1[72] rvMaxOverMedian=6.6@stem.bn[53] rezero=none nonFinite=0
[REPLAY] step=29650 loss=3.6048 pLoss=2.7923 vLoss=0.8051 pEnt=2.878 pIllM=0.0073 playedP=0.160 pW=0.48 pD=0.07 pL=0.46 vAbs=0.226 pLogitMean=0.5725 vLogitMean=1.5100 gNorm=0.985 lr=0.01 ms=2390.5 buf=500000 plies=253245028 games=3820090 rejected=0 skipped=0 epoch=0 mom=0.9000 trainerStep=29650
[LAYER-HEALTH] live trainerStep=29650 scope=batch_norm_state_only reluSites=9/10 ch=1040 dead=0 off=0 alwaysOn=0 worst=none maxBetaOverGamma=+0.41@tower_final_bn[31] minBetaOverGamma=-0.34@blocks.2.bn1[72] rvMaxOverMedian=6.6@stem.bn[53] rezero=none nonFinite=0
[REPLAY] step=29700 loss=3.5664 pLoss=2.7525 vLoss=0.8072 pEnt=2.873 pIllM=0.0068 playedP=0.161 pW=0.47 pD=0.06 pL=0.46 vAbs=0.232 pLogitMean=0.5713 vLogitMean=1.5321 gNorm=1.132 lr=0.01 ms=2467.4 buf=500000 plies=253671665 games=3826539 rejected=0 skipped=0 epoch=0 mom=0.9000 trainerStep=29700
[LAYER-HEALTH] live trainerStep=29700 scope=batch_norm_state_only reluSites=9/10 ch=1040 dead=0 off=0 alwaysOn=0 worst=none maxBetaOverGamma=+0.41@tower_final_bn[31] minBetaOverGamma=-0.34@blocks.2.bn1[72] rvMaxOverMedian=6.6@stem.bn[53] rezero=none nonFinite=0
[REPLAY] step=29750 loss=3.5997 pLoss=2.7793 vLoss=0.8128 pEnt=2.861 pIllM=0.0075 playedP=0.165 pW=0.48 pD=0.06 pL=0.46 vAbs=0.224 pLogitMean=0.5726 vLogitMean=1.5598 gNorm=1.043 lr=0.01 ms=2537.5 buf=500000 plies=254098321 games=3833003 rejected=0 skipped=0 epoch=0 mom=0.9000 trainerStep=29750
[LAYER-HEALTH] live trainerStep=29750 scope=batch_norm_state_only reluSites=9/10 ch=1040 dead=0 off=0 alwaysOn=0 worst=none maxBetaOverGamma=+0.41@tower_final_bn[31] minBetaOverGamma=-0.34@blocks.2.bn1[72] rvMaxOverMedian=6.5@stem.bn[53] rezero=none nonFinite=0
[REPLAY] step=29800 loss=3.5708 pLoss=2.7514 vLoss=0.8137 pEnt=2.875 pIllM=0.0057 playedP=0.162 pW=0.46 pD=0.07 pL=0.46 vAbs=0.230 pLogitMean=0.5706 vLogitMean=1.5336 gNorm=1.167 lr=0.01 ms=2639.6 buf=500000 plies=254525032 games=3839381 rejected=0 skipped=0 epoch=0 mom=0.9000 trainerStep=29800
[LAYER-HEALTH] live trainerStep=29800 scope=batch_norm_state_only reluSites=9/10 ch=1040 dead=0 off=0 alwaysOn=0 worst=none maxBetaOverGamma=+0.41@tower_final_bn[31] minBetaOverGamma=-0.34@blocks.2.bn1[72] rvMaxOverMedian=6.5@stem.bn[53] rezero=none nonFinite=0
[REPLAY] step=29850 loss=3.5872 pLoss=2.7567 vLoss=0.8232 pEnt=2.859 pIllM=0.0073 playedP=0.166 pW=0.47 pD=0.08 pL=0.46 vAbs=0.229 pLogitMean=0.5728 vLogitMean=1.5147 gNorm=1.020 lr=0.01 ms=2710.0 buf=500000 plies=254951625 games=3845811 rejected=0 skipped=0 epoch=0 mom=0.9000 trainerStep=29850
[LAYER-HEALTH] live trainerStep=29850 scope=batch_norm_state_only reluSites=9/10 ch=1040 dead=0 off=0 alwaysOn=0 worst=none maxBetaOverGamma=+0.41@tower_final_bn[31] minBetaOverGamma=-0.34@blocks.2.bn1[72] rvMaxOverMedian=6.5@stem.bn[53] rezero=none nonFinite=0
[REPLAY] step=29900 loss=3.6051 pLoss=2.7670 vLoss=0.8312 pEnt=2.892 pIllM=0.0068 playedP=0.159 pW=0.46 pD=0.07 pL=0.46 vAbs=0.223 pLogitMean=0.5724 vLogitMean=1.4845 gNorm=1.098 lr=0.01 ms=2478.8 buf=500000 plies=255378316 games=3852215 rejected=0 skipped=0 epoch=0 mom=0.9000 trainerStep=29900
[LAYER-HEALTH] live trainerStep=29900 scope=batch_norm_state_only reluSites=9/10 ch=1040 dead=0 off=0 alwaysOn=0 worst=none maxBetaOverGamma=+0.41@tower_final_bn[31] minBetaOverGamma=-0.34@blocks.2.bn1[72] rvMaxOverMedian=6.4@stem.bn[53] rezero=none nonFinite=0
[REPLAY] step=29950 loss=3.6199 pLoss=2.8008 vLoss=0.8121 pEnt=2.894 pIllM=0.0070 playedP=0.161 pW=0.47 pD=0.07 pL=0.46 vAbs=0.217 pLogitMean=0.5732 vLogitMean=1.4792 gNorm=0.925 lr=0.01 ms=2561.0 buf=500000 plies=255804884 games=3858646 rejected=0 skipped=0 epoch=0 mom=0.9000 trainerStep=29950
[LAYER-HEALTH] live trainerStep=29950 scope=batch_norm_state_only reluSites=9/10 ch=1040 dead=0 off=0 alwaysOn=0 worst=none maxBetaOverGamma=+0.41@tower_final_bn[31] minBetaOverGamma=-0.34@blocks.2.bn1[72] rvMaxOverMedian=6.2@stem.bn[53] rezero=none nonFinite=0
[REPLAY] step=30000 loss=3.5887 pLoss=2.7658 vLoss=0.8161 pEnt=2.867 pIllM=0.0068 playedP=0.163 pW=0.47 pD=0.07 pL=0.46 vAbs=0.230 pLogitMean=0.5721 vLogitMean=1.5217 gNorm=1.060 lr=0.01 ms=2716.4 buf=500000 plies=256231545 games=3865042 rejected=0 skipped=0 epoch=0 mom=0.9000 trainerStep=30000
[LAYER-HEALTH] live trainerStep=30000 scope=batch_norm_state_only reluSites=9/10 ch=1040 dead=0 off=0 alwaysOn=0 worst=none maxBetaOverGamma=+0.41@tower_final_bn[31] minBetaOverGamma=-0.34@blocks.2.bn1[72] rvMaxOverMedian=6.2@stem.bn[53] rezero=none nonFinite=0
[REPLAY] saved trainer model (autosave) step=30000 trainerStep=30000 nextGame=3865042 shard=8 epoch=0 -> 20261005-lrA-const01-replay-latest.safetensors
[LAYER-HEALTH] checkpoint replay-autosave step=30000 trainerStep=30000 scope=all_tensors reluSites=9/10 ch=1040 dead=0 off=0 alwaysOn=0 worst=none maxBetaOverGamma=+0.41@tower_final_bn[31] minBetaOverGamma=-0.34@blocks.2.bn1[72] rvMaxOverMedian=6.2@stem.bn[53] rezero=none nonFinite=0 seZeroVel=none valueFC1ZeroVel=0/128 maxAbs=3.622@blocks.2.bn1.running_mean
[LAYER-HEALTH]   batch-norm sites — β/|γ|: dead < -3.00, mostly off < -2.00, always on > +3.00; classified for relu/leaky_relu only
[LAYER-HEALTH]     site            act            ch   dead    off     on  zeroγ nonfin  min β/|γ| [ch]     max β/|γ| [ch]     rv max/median [ch]
[LAYER-HEALTH]     stem.bn         -             128    n/a    n/a    n/a      0      0     -0.06 [85]         +0.05 [62]            6.2 [53]
[LAYER-HEALTH]     blocks.0.bn1    relu          128      0      0      0      0      0     -0.11 [97]         +0.18 [62]            2.0 [97]
[LAYER-HEALTH]     blocks.0.bn2    relu          128      0      0      0      0      0     -0.17 [32]         +0.07 [86]            2.1 [24]
[LAYER-HEALTH]     blocks.1.bn1    relu          128      0      0      0      0      0     -0.30 [17]         +0.13 [121]           5.0 [97]
[LAYER-HEALTH]     blocks.1.bn2    relu          128      0      0      0      0      0     -0.30 [69]         +0.08 [110]           1.6 [116]
[LAYER-HEALTH]     blocks.2.bn1    relu          128      0      0      0      0      0     -0.34 [72]         +0.13 [30]            3.1 [97]
[LAYER-HEALTH]     blocks.2.bn2    relu          128      0      0      0      0      0     -0.27 [92]         +0.17 [29]            1.5 [34]
[LAYER-HEALTH]     tower_final_bn  relu          128      0      0      0      0      0     -0.07 [35]         +0.41 [31]            5.6 [39]
[LAYER-HEALTH]     policy.pre_bn   relu          128      0      0      0      0      0     -0.04 [114]        +0.17 [7]             2.7 [32]
[LAYER-HEALTH]     value.bn        relu           16      0      0      0      0      0     -0.11 [10]         +0.01 [0]             1.5 [1]
[LAYER-HEALTH]   FC hidden-unit velocity — zero: every weight-velocity entry exactly 0; low: nonzero but < 5% of the layer's p90 unit norm
[LAYER-HEALTH]     value.fc1.weight  relu  units 128  zero 0  low 32  median unit norm 0.004505
[LAYER-HEALTH]     (no SE blocks)
[LAYER-HEALTH]   ReZero: none
[LAYER-HEALTH]   non-finite: 0 values in 0 of 102 tensors (10263038 values examined)
[LAYER-HEALTH]   largest |value|: blocks.2.bn1.running_mean 3.622, blocks.1.bn1.running_mean 3.096, blocks.0.bn2.running_var 2.709, blocks.0.bn2.running_mean 2.454, tower_final_bn.running_mean 2.41
[REPLAY] enumerated checkpoint -> 20261005-lrA-const01-replay-step30000.safetensors
[REPLAY] step=30050 loss=3.6282 pLoss=2.8003 vLoss=0.8195 pEnt=2.854 pIllM=0.0084 playedP=0.164 pW=0.48 pD=0.07 pL=0.46 vAbs=0.217 pLogitMean=0.5735 vLogitMean=1.5104 gNorm=1.111 lr=0.01 ms=2577.1 buf=500000 plies=256658209 games=3871460 rejected=0 skipped=0 epoch=0 mom=0.9000 trainerStep=30050
[LAYER-HEALTH] live trainerStep=30050 scope=batch_norm_state_only reluSites=9/10 ch=1040 dead=0 off=0 alwaysOn=0 worst=none maxBetaOverGamma=+0.41@tower_final_bn[31] minBetaOverGamma=-0.34@blocks.2.bn1[72] rvMaxOverMedian=6.2@stem.bn[53] rezero=none nonFinite=0
[REPLAY] step=30100 loss=3.6028 pLoss=2.7782 vLoss=0.8182 pEnt=2.890 pIllM=0.0064 playedP=0.163 pW=0.47 pD=0.07 pL=0.46 vAbs=0.232 pLogitMean=0.5727 vLogitMean=1.4731 gNorm=0.953 lr=0.01 ms=2715.1 buf=500000 plies=257084838 games=3877870 rejected=0 skipped=0 epoch=0 mom=0.9000 trainerStep=30100
[LAYER-HEALTH] live trainerStep=30100 scope=batch_norm_state_only reluSites=9/10 ch=1040 dead=0 off=0 alwaysOn=0 worst=none maxBetaOverGamma=+0.41@tower_final_bn[31] minBetaOverGamma=-0.34@blocks.2.bn1[72] rvMaxOverMedian=6.3@stem.bn[53] rezero=none nonFinite=0
[REPLAY] step=30150 loss=3.6229 pLoss=2.7943 vLoss=0.8220 pEnt=2.891 pIllM=0.0066 playedP=0.159 pW=0.47 pD=0.07 pL=0.46 vAbs=0.212 pLogitMean=0.5733 vLogitMean=1.4741 gNorm=0.967 lr=0.01 ms=2734.8 buf=500000 plies=257511477 games=3884340 rejected=0 skipped=0 epoch=0 mom=0.9000 trainerStep=30150
[LAYER-HEALTH] live trainerStep=30150 scope=batch_norm_state_only reluSites=9/10 ch=1040 dead=0 off=0 alwaysOn=0 worst=none maxBetaOverGamma=+0.41@tower_final_bn[31] minBetaOverGamma=-0.34@blocks.2.bn1[72] rvMaxOverMedian=6.2@stem.bn[53] rezero=none nonFinite=0
[REPLAY] step=30200 loss=3.6112 pLoss=2.7781 vLoss=0.8255 pEnt=2.845 pIllM=0.0077 playedP=0.167 pW=0.46 pD=0.07 pL=0.47 vAbs=0.212 pLogitMean=0.5748 vLogitMean=1.4646 gNorm=1.063 lr=0.01 ms=2777.2 buf=500000 plies=257938151 games=3890739 rejected=0 skipped=0 epoch=0 mom=0.9000 trainerStep=30200
[LAYER-HEALTH] live trainerStep=30200 scope=batch_norm_state_only reluSites=9/10 ch=1040 dead=0 off=0 alwaysOn=0 worst=none maxBetaOverGamma=+0.41@tower_final_bn[31] minBetaOverGamma=-0.35@blocks.2.bn1[72] rvMaxOverMedian=6.2@stem.bn[53] rezero=none nonFinite=0
[REPLAY] step=30250 loss=3.5886 pLoss=2.7592 vLoss=0.8227 pEnt=2.874 pIllM=0.0067 playedP=0.162 pW=0.48 pD=0.07 pL=0.45 vAbs=0.241 pLogitMean=0.5734 vLogitMean=1.4728 gNorm=1.007 lr=0.01 ms=2407.0 buf=500000 plies=258364813 games=3897164 rejected=0 skipped=0 epoch=0 mom=0.9000 trainerStep=30250
[LAYER-HEALTH] live trainerStep=30250 scope=batch_norm_state_only reluSites=9/10 ch=1040 dead=0 off=0 alwaysOn=0 worst=none maxBetaOverGamma=+0.41@tower_final_bn[31] minBetaOverGamma=-0.35@blocks.2.bn1[72] rvMaxOverMedian=6.2@stem.bn[53] rezero=none nonFinite=0
[REPLAY] step=30300 loss=3.6165 pLoss=2.7948 vLoss=0.8147 pEnt=2.876 pIllM=0.0070 playedP=0.162 pW=0.48 pD=0.07 pL=0.45 vAbs=0.219 pLogitMean=0.5741 vLogitMean=1.4886 gNorm=1.149 lr=0.01 ms=2106.2 buf=500000 plies=258791445 games=3903653 rejected=0 skipped=0 epoch=0 mom=0.9000 trainerStep=30300
[LAYER-HEALTH] live trainerStep=30300 scope=batch_norm_state_only reluSites=9/10 ch=1040 dead=0 off=0 alwaysOn=0 worst=none maxBetaOverGamma=+0.41@tower_final_bn[31] minBetaOverGamma=-0.35@blocks.2.bn1[72] rvMaxOverMedian=6.3@stem.bn[53] rezero=none nonFinite=0
[REPLAY] step=30350 loss=3.5721 pLoss=2.7415 vLoss=0.8241 pEnt=2.894 pIllM=0.0065 playedP=0.159 pW=0.44 pD=0.08 pL=0.48 vAbs=0.239 pLogitMean=0.5736 vLogitMean=1.4758 gNorm=1.120 lr=0.01 ms=2584.9 buf=500000 plies=259218150 games=3910118 rejected=0 skipped=0 epoch=0 mom=0.9000 trainerStep=30350
[LAYER-HEALTH] live trainerStep=30350 scope=batch_norm_state_only reluSites=9/10 ch=1040 dead=0 off=0 alwaysOn=0 worst=none maxBetaOverGamma=+0.42@tower_final_bn[31] minBetaOverGamma=-0.35@blocks.2.bn1[72] rvMaxOverMedian=6.3@stem.bn[53] rezero=none nonFinite=0
[REPLAY] step=30400 loss=3.5848 pLoss=2.7581 vLoss=0.8194 pEnt=2.846 pIllM=0.0073 playedP=0.165 pW=0.48 pD=0.07 pL=0.44 vAbs=0.238 pLogitMean=0.5740 vLogitMean=1.5236 gNorm=1.072 lr=0.01 ms=2641.5 buf=500000 plies=259644741 games=3916500 rejected=0 skipped=0 epoch=0 mom=0.9000 trainerStep=30400
[LAYER-HEALTH] live trainerStep=30400 scope=batch_norm_state_only reluSites=9/10 ch=1040 dead=0 off=0 alwaysOn=0 worst=none maxBetaOverGamma=+0.42@tower_final_bn[31] minBetaOverGamma=-0.35@blocks.2.bn1[72] rvMaxOverMedian=6.2@stem.bn[53] rezero=none nonFinite=0
[REPLAY] step=30450 loss=3.5905 pLoss=2.7736 vLoss=0.8094 pEnt=2.877 pIllM=0.0075 playedP=0.163 pW=0.46 pD=0.07 pL=0.48 vAbs=0.214 pLogitMean=0.5754 vLogitMean=1.5067 gNorm=1.108 lr=0.01 ms=2169.9 buf=500000 plies=260071442 games=3922936 rejected=0 skipped=0 epoch=0 mom=0.9000 trainerStep=30450
[LAYER-HEALTH] live trainerStep=30450 scope=batch_norm_state_only reluSites=9/10 ch=1040 dead=0 off=0 alwaysOn=0 worst=none maxBetaOverGamma=+0.42@tower_final_bn[31] minBetaOverGamma=-0.35@blocks.2.bn1[72] rvMaxOverMedian=6.3@stem.bn[53] rezero=none nonFinite=0
[REPLAY] step=30500 loss=3.5702 pLoss=2.7487 vLoss=0.8149 pEnt=2.861 pIllM=0.0066 playedP=0.164 pW=0.46 pD=0.07 pL=0.47 vAbs=0.220 pLogitMean=0.5762 vLogitMean=1.5009 gNorm=1.079 lr=0.01 ms=2823.3 buf=500000 plies=260498042 games=3929334 rejected=0 skipped=0 epoch=0 mom=0.9000 trainerStep=30500
[LAYER-HEALTH] live trainerStep=30500 scope=batch_norm_state_only reluSites=9/10 ch=1040 dead=0 off=0 alwaysOn=0 worst=none maxBetaOverGamma=+0.42@tower_final_bn[31] minBetaOverGamma=-0.35@blocks.2.bn1[72] rvMaxOverMedian=6.3@stem.bn[53] rezero=none nonFinite=0
[REPLAY] step=30550 loss=3.5693 pLoss=2.7696 vLoss=0.7927 pEnt=2.893 pIllM=0.0070 playedP=0.161 pW=0.47 pD=0.06 pL=0.47 vAbs=0.237 pLogitMean=0.5754 vLogitMean=1.5372 gNorm=1.038 lr=0.01 ms=2488.3 buf=500000 plies=260924759 games=3935800 rejected=0 skipped=0 epoch=0 mom=0.9000 trainerStep=30550
[LAYER-HEALTH] live trainerStep=30550 scope=batch_norm_state_only reluSites=9/10 ch=1040 dead=0 off=0 alwaysOn=0 worst=none maxBetaOverGamma=+0.42@tower_final_bn[31] minBetaOverGamma=-0.35@blocks.2.bn1[72] rvMaxOverMedian=6.5@stem.bn[53] rezero=none nonFinite=0
[REPLAY] step=30600 loss=3.5803 pLoss=2.7649 vLoss=0.8084 pEnt=2.867 pIllM=0.0069 playedP=0.166 pW=0.47 pD=0.07 pL=0.46 vAbs=0.227 pLogitMean=0.5748 vLogitMean=1.4977 gNorm=1.023 lr=0.01 ms=3010.7 buf=500000 plies=261351348 games=3942243 rejected=0 skipped=0 epoch=0 mom=0.9000 trainerStep=30600
[LAYER-HEALTH] live trainerStep=30600 scope=batch_norm_state_only reluSites=9/10 ch=1040 dead=0 off=0 alwaysOn=0 worst=none maxBetaOverGamma=+0.42@tower_final_bn[31] minBetaOverGamma=-0.35@blocks.2.bn1[72] rvMaxOverMedian=6.6@stem.bn[53] rezero=none nonFinite=0
[REPLAY] step=30650 loss=3.6035 pLoss=2.7845 vLoss=0.8116 pEnt=2.873 pIllM=0.0074 playedP=0.164 pW=0.47 pD=0.06 pL=0.47 vAbs=0.226 pLogitMean=0.5740 vLogitMean=1.5095 gNorm=1.018 lr=0.01 ms=2468.0 buf=500000 plies=261777975 games=3948692 rejected=0 skipped=0 epoch=0 mom=0.9000 trainerStep=30650
[LAYER-HEALTH] live trainerStep=30650 scope=batch_norm_state_only reluSites=9/10 ch=1040 dead=0 off=0 alwaysOn=0 worst=none maxBetaOverGamma=+0.42@tower_final_bn[31] minBetaOverGamma=-0.35@blocks.2.bn1[72] rvMaxOverMedian=6.7@stem.bn[53] rezero=none nonFinite=0
[REPLAY] step=30700 loss=3.5856 pLoss=2.7704 vLoss=0.8090 pEnt=2.876 pIllM=0.0062 playedP=0.160 pW=0.47 pD=0.07 pL=0.47 vAbs=0.219 pLogitMean=0.5743 vLogitMean=1.4897 gNorm=1.088 lr=0.01 ms=2432.3 buf=500000 plies=262204640 games=3955148 rejected=0 skipped=0 epoch=0 mom=0.9000 trainerStep=30700
[LAYER-HEALTH] live trainerStep=30700 scope=batch_norm_state_only reluSites=9/10 ch=1040 dead=0 off=0 alwaysOn=0 worst=none maxBetaOverGamma=+0.42@tower_final_bn[31] minBetaOverGamma=-0.35@blocks.2.bn1[72] rvMaxOverMedian=6.7@stem.bn[53] rezero=none nonFinite=0
[REPLAY] step=30750 loss=3.5920 pLoss=2.7688 vLoss=0.8168 pEnt=2.896 pIllM=0.0065 playedP=0.161 pW=0.48 pD=0.07 pL=0.46 vAbs=0.234 pLogitMean=0.5749 vLogitMean=1.5041 gNorm=0.997 lr=0.01 ms=2252.7 buf=500000 plies=262631304 games=3961589 rejected=0 skipped=0 epoch=0 mom=0.9000 trainerStep=30750
[LAYER-HEALTH] live trainerStep=30750 scope=batch_norm_state_only reluSites=9/10 ch=1040 dead=0 off=0 alwaysOn=0 worst=none maxBetaOverGamma=+0.42@tower_final_bn[31] minBetaOverGamma=-0.35@blocks.2.bn1[72] rvMaxOverMedian=6.6@stem.bn[53] rezero=none nonFinite=0
[REPLAY] step=30800 loss=3.5213 pLoss=2.7184 vLoss=0.7958 pEnt=2.876 pIllM=0.0071 playedP=0.162 pW=0.47 pD=0.06 pL=0.47 vAbs=0.253 pLogitMean=0.5766 vLogitMean=1.5258 gNorm=0.984 lr=0.01 ms=2034.6 buf=500000 plies=263057989 games=3968048 rejected=0 skipped=0 epoch=0 mom=0.9000 trainerStep=30800
[LAYER-HEALTH] live trainerStep=30800 scope=batch_norm_state_only reluSites=9/10 ch=1040 dead=0 off=0 alwaysOn=0 worst=none maxBetaOverGamma=+0.42@tower_final_bn[31] minBetaOverGamma=-0.35@blocks.2.bn1[72] rvMaxOverMedian=6.7@stem.bn[53] rezero=none nonFinite=0
[REPLAY] step=30850 loss=3.5761 pLoss=2.7731 vLoss=0.7962 pEnt=2.846 pIllM=0.0069 playedP=0.169 pW=0.47 pD=0.06 pL=0.46 vAbs=0.238 pLogitMean=0.5751 vLogitMean=1.5266 gNorm=1.045 lr=0.01 ms=2813.3 buf=500000 plies=263484599 games=3974525 rejected=0 skipped=0 epoch=0 mom=0.9000 trainerStep=30850
[LAYER-HEALTH] live trainerStep=30850 scope=batch_norm_state_only reluSites=9/10 ch=1040 dead=0 off=0 alwaysOn=0 worst=none maxBetaOverGamma=+0.42@tower_final_bn[31] minBetaOverGamma=-0.35@blocks.2.bn1[72] rvMaxOverMedian=6.7@stem.bn[53] rezero=none nonFinite=0
[REPLAY] step=30900 loss=3.5865 pLoss=2.7709 vLoss=0.8091 pEnt=2.882 pIllM=0.0065 playedP=0.165 pW=0.46 pD=0.07 pL=0.47 vAbs=0.225 pLogitMean=0.5746 vLogitMean=1.4894 gNorm=1.109 lr=0.01 ms=2769.1 buf=500000 plies=263911251 games=3981019 rejected=0 skipped=0 epoch=0 mom=0.9000 trainerStep=30900
[LAYER-HEALTH] live trainerStep=30900 scope=batch_norm_state_only reluSites=9/10 ch=1040 dead=0 off=0 alwaysOn=0 worst=none maxBetaOverGamma=+0.42@tower_final_bn[31] minBetaOverGamma=-0.35@blocks.2.bn1[72] rvMaxOverMedian=6.7@stem.bn[53] rezero=none nonFinite=0
[REPLAY] step=30950 loss=3.6045 pLoss=2.7884 vLoss=0.8097 pEnt=2.896 pIllM=0.0065 playedP=0.160 pW=0.47 pD=0.06 pL=0.47 vAbs=0.231 pLogitMean=0.5748 vLogitMean=1.4869 gNorm=1.029 lr=0.01 ms=2414.9 buf=500000 plies=264338000 games=3987564 rejected=0 skipped=0 epoch=0 mom=0.9000 trainerStep=30950
[LAYER-HEALTH] live trainerStep=30950 scope=batch_norm_state_only reluSites=9/10 ch=1040 dead=0 off=0 alwaysOn=0 worst=none maxBetaOverGamma=+0.42@tower_final_bn[31] minBetaOverGamma=-0.35@blocks.2.bn1[72] rvMaxOverMedian=6.7@stem.bn[53] rezero=none nonFinite=0
[REPLAY] step=31000 loss=3.6118 pLoss=2.7850 vLoss=0.8202 pEnt=2.862 pIllM=0.0066 playedP=0.166 pW=0.47 pD=0.07 pL=0.46 vAbs=0.226 pLogitMean=0.5758 vLogitMean=1.4976 gNorm=1.086 lr=0.01 ms=2455.1 buf=500000 plies=264764554 games=3993956 rejected=0 skipped=0 epoch=0 mom=0.9000 trainerStep=31000
[LAYER-HEALTH] live trainerStep=31000 scope=batch_norm_state_only reluSites=9/10 ch=1040 dead=0 off=0 alwaysOn=0 worst=none maxBetaOverGamma=+0.42@tower_final_bn[31] minBetaOverGamma=-0.35@blocks.2.bn1[72] rvMaxOverMedian=6.6@stem.bn[53] rezero=none nonFinite=0
[REPLAY] saved trainer model (autosave) step=31000 trainerStep=31000 nextGame=3993956 shard=8 epoch=0 -> 20261005-lrA-const01-replay-latest.safetensors
[LAYER-HEALTH] checkpoint replay-autosave step=31000 trainerStep=31000 scope=all_tensors reluSites=9/10 ch=1040 dead=0 off=0 alwaysOn=0 worst=none maxBetaOverGamma=+0.42@tower_final_bn[31] minBetaOverGamma=-0.35@blocks.2.bn1[72] rvMaxOverMedian=6.6@stem.bn[53] rezero=none nonFinite=0 seZeroVel=none valueFC1ZeroVel=0/128 maxAbs=3.665@blocks.2.bn1.running_mean
[LAYER-HEALTH]   batch-norm sites — β/|γ|: dead < -3.00, mostly off < -2.00, always on > +3.00; classified for relu/leaky_relu only
[LAYER-HEALTH]     site            act            ch   dead    off     on  zeroγ nonfin  min β/|γ| [ch]     max β/|γ| [ch]     rv max/median [ch]
[LAYER-HEALTH]     stem.bn         -             128    n/a    n/a    n/a      0      0     -0.06 [85]         +0.05 [62]            6.6 [53]
[LAYER-HEALTH]     blocks.0.bn1    relu          128      0      0      0      0      0     -0.12 [97]         +0.19 [62]            2.1 [97]
[LAYER-HEALTH]     blocks.0.bn2    relu          128      0      0      0      0      0     -0.17 [32]         +0.07 [86]            2.1 [24]
[LAYER-HEALTH]     blocks.1.bn1    relu          128      0      0      0      0      0     -0.31 [17]         +0.13 [121]           5.1 [97]
[LAYER-HEALTH]     blocks.1.bn2    relu          128      0      0      0      0      0     -0.31 [69]         +0.08 [110]           1.5 [116]
[LAYER-HEALTH]     blocks.2.bn1    relu          128      0      0      0      0      0     -0.35 [72]         +0.13 [30]            3.3 [97]
[LAYER-HEALTH]     blocks.2.bn2    relu          128      0      0      0      0      0     -0.28 [92]         +0.17 [29]            1.4 [111]
[LAYER-HEALTH]     tower_final_bn  relu          128      0      0      0      0      0     -0.07 [35]         +0.42 [31]            5.5 [39]
[LAYER-HEALTH]     policy.pre_bn   relu          128      0      0      0      0      0     -0.04 [114]        +0.17 [7]             2.7 [32]
[LAYER-HEALTH]     value.bn        relu           16      0      0      0      0      0     -0.12 [10]         +0.01 [0]             1.5 [11]
[LAYER-HEALTH]   FC hidden-unit velocity — zero: every weight-velocity entry exactly 0; low: nonzero but < 5% of the layer's p90 unit norm
[LAYER-HEALTH]     value.fc1.weight  relu  units 128  zero 0  low 31  median unit norm 0.004619
[LAYER-HEALTH]     (no SE blocks)
[LAYER-HEALTH]   ReZero: none
[LAYER-HEALTH]   non-finite: 0 values in 0 of 102 tensors (10263038 values examined)
[LAYER-HEALTH]   largest |value|: blocks.2.bn1.running_mean 3.665, blocks.1.bn1.running_mean 3.135, blocks.0.bn2.running_var 2.719, blocks.0.bn2.running_mean 2.398, tower_final_bn.running_mean 2.395
[REPLAY] enumerated checkpoint -> 20261005-lrA-const01-replay-step31000.safetensors
[REPLAY] step=31050 loss=3.6120 pLoss=2.7749 vLoss=0.8301 pEnt=2.860 pIllM=0.0069 playedP=0.169 pW=0.48 pD=0.07 pL=0.45 vAbs=0.214 pLogitMean=0.5762 vLogitMean=1.4668 gNorm=0.974 lr=0.01 ms=2395.0 buf=500000 plies=265191184 games=4000404 rejected=0 skipped=0 epoch=0 mom=0.9000 trainerStep=31050
[LAYER-HEALTH] live trainerStep=31050 scope=batch_norm_state_only reluSites=9/10 ch=1040 dead=0 off=0 alwaysOn=0 worst=none maxBetaOverGamma=+0.42@tower_final_bn[31] minBetaOverGamma=-0.35@blocks.2.bn1[72] rvMaxOverMedian=6.5@stem.bn[53] rezero=none nonFinite=0
[REPLAY] step=31100 loss=3.5667 pLoss=2.7537 vLoss=0.8060 pEnt=2.849 pIllM=0.0070 playedP=0.169 pW=0.47 pD=0.07 pL=0.46 vAbs=0.222 pLogitMean=0.5756 vLogitMean=1.4791 gNorm=1.024 lr=0.01 ms=2494.5 buf=500000 plies=265617920 games=4006867 rejected=0 skipped=0 epoch=0 mom=0.9000 trainerStep=31100
[LAYER-HEALTH] live trainerStep=31100 scope=batch_norm_state_only reluSites=9/10 ch=1040 dead=0 off=0 alwaysOn=0 worst=none maxBetaOverGamma=+0.42@tower_final_bn[31] minBetaOverGamma=-0.35@blocks.2.bn1[72] rvMaxOverMedian=6.5@stem.bn[53] rezero=none nonFinite=0
[REPLAY] step=31150 loss=3.5943 pLoss=2.7729 vLoss=0.8144 pEnt=2.890 pIllM=0.0070 playedP=0.164 pW=0.47 pD=0.07 pL=0.46 vAbs=0.221 pLogitMean=0.5764 vLogitMean=1.4727 gNorm=0.984 lr=0.01 ms=2644.5 buf=500000 plies=266044503 games=4013294 rejected=0 skipped=0 epoch=0 mom=0.9000 trainerStep=31150
[LAYER-HEALTH] live trainerStep=31150 scope=batch_norm_state_only reluSites=9/10 ch=1040 dead=0 off=0 alwaysOn=0 worst=none maxBetaOverGamma=+0.42@tower_final_bn[31] minBetaOverGamma=-0.35@blocks.2.bn1[72] rvMaxOverMedian=6.5@stem.bn[53] rezero=none nonFinite=0
[REPLAY] step=31200 loss=3.6004 pLoss=2.7803 vLoss=0.8135 pEnt=2.880 pIllM=0.0065 playedP=0.161 pW=0.47 pD=0.07 pL=0.46 vAbs=0.216 pLogitMean=0.5763 vLogitMean=1.4524 gNorm=1.020 lr=0.01 ms=2289.9 buf=500000 plies=266471163 games=4019765 rejected=0 skipped=0 epoch=0 mom=0.9000 trainerStep=31200
[LAYER-HEALTH] live trainerStep=31200 scope=batch_norm_state_only reluSites=9/10 ch=1040 dead=0 off=0 alwaysOn=0 worst=none maxBetaOverGamma=+0.42@tower_final_bn[31] minBetaOverGamma=-0.35@blocks.2.bn1[72] rvMaxOverMedian=6.4@stem.bn[53] rezero=none nonFinite=0
[REPLAY] step=31250 loss=3.5629 pLoss=2.7581 vLoss=0.7977 pEnt=2.874 pIllM=0.0071 playedP=0.163 pW=0.47 pD=0.06 pL=0.47 vAbs=0.222 pLogitMean=0.5778 vLogitMean=1.4694 gNorm=1.039 lr=0.01 ms=2596.5 buf=500000 plies=266897805 games=4026263 rejected=0 skipped=0 epoch=0 mom=0.9000 trainerStep=31250
[LAYER-HEALTH] live trainerStep=31250 scope=batch_norm_state_only reluSites=9/10 ch=1040 dead=0 off=0 alwaysOn=0 worst=none maxBetaOverGamma=+0.42@tower_final_bn[31] minBetaOverGamma=-0.35@blocks.2.bn1[72] rvMaxOverMedian=6.4@stem.bn[53] rezero=none nonFinite=0
[REPLAY] step=31300 loss=3.6175 pLoss=2.7945 vLoss=0.8164 pEnt=2.878 pIllM=0.0066 playedP=0.163 pW=0.50 pD=0.06 pL=0.44 vAbs=0.238 pLogitMean=0.5772 vLogitMean=1.4610 gNorm=1.116 lr=0.01 ms=2128.9 buf=500000 plies=267324474 games=4032747 rejected=0 skipped=0 epoch=0 mom=0.9000 trainerStep=31300
[LAYER-HEALTH] live trainerStep=31300 scope=batch_norm_state_only reluSites=9/10 ch=1040 dead=0 off=0 alwaysOn=0 worst=none maxBetaOverGamma=+0.42@tower_final_bn[31] minBetaOverGamma=-0.35@blocks.2.bn1[72] rvMaxOverMedian=6.4@stem.bn[53] rezero=none nonFinite=0
[REPLAY] step=31350 loss=3.5962 pLoss=2.7837 vLoss=0.8052 pEnt=2.882 pIllM=0.0073 playedP=0.164 pW=0.47 pD=0.06 pL=0.47 vAbs=0.215 pLogitMean=0.5778 vLogitMean=1.4542 gNorm=0.993 lr=0.01 ms=2477.7 buf=500000 plies=267751129 games=4039169 rejected=0 skipped=0 epoch=0 mom=0.9000 trainerStep=31350
[LAYER-HEALTH] live trainerStep=31350 scope=batch_norm_state_only reluSites=9/10 ch=1040 dead=0 off=0 alwaysOn=0 worst=none maxBetaOverGamma=+0.42@tower_final_bn[31] minBetaOverGamma=-0.35@blocks.2.bn1[72] rvMaxOverMedian=6.4@stem.bn[53] rezero=none nonFinite=0
[REPLAY] step=31400 loss=3.5651 pLoss=2.7557 vLoss=0.8016 pEnt=2.873 pIllM=0.0078 playedP=0.162 pW=0.48 pD=0.06 pL=0.46 vAbs=0.232 pLogitMean=0.5766 vLogitMean=1.4983 gNorm=1.008 lr=0.01 ms=2334.0 buf=500000 plies=268177748 games=4045635 rejected=0 skipped=0 epoch=0 mom=0.9000 trainerStep=31400
[LAYER-HEALTH] live trainerStep=31400 scope=batch_norm_state_only reluSites=9/10 ch=1040 dead=0 off=0 alwaysOn=0 worst=none maxBetaOverGamma=+0.42@tower_final_bn[31] minBetaOverGamma=-0.35@blocks.2.bn1[72] rvMaxOverMedian=6.5@stem.bn[53] rezero=none nonFinite=0
[REPLAY] step=31450 loss=3.5807 pLoss=2.7668 vLoss=0.8067 pEnt=2.856 pIllM=0.0072 playedP=0.168 pW=0.48 pD=0.06 pL=0.46 vAbs=0.226 pLogitMean=0.5766 vLogitMean=1.4812 gNorm=0.977 lr=0.01 ms=2728.2 buf=500000 plies=268604386 games=4052078 rejected=0 skipped=0 epoch=0 mom=0.9000 trainerStep=31450
[LAYER-HEALTH] live trainerStep=31450 scope=batch_norm_state_only reluSites=9/10 ch=1040 dead=0 off=0 alwaysOn=0 worst=none maxBetaOverGamma=+0.42@tower_final_bn[31] minBetaOverGamma=-0.35@blocks.2.bn1[72] rvMaxOverMedian=6.5@stem.bn[53] rezero=none nonFinite=0
[REPLAY] step=31500 loss=3.5818 pLoss=2.7418 vLoss=0.8330 pEnt=2.841 pIllM=0.0070 playedP=0.171 pW=0.48 pD=0.07 pL=0.45 vAbs=0.224 pLogitMean=0.5770 vLogitMean=1.4430 gNorm=1.095 lr=0.01 ms=2752.8 buf=500000 plies=269031021 games=4058585 rejected=0 skipped=0 epoch=0 mom=0.9000 trainerStep=31500
[LAYER-HEALTH] live trainerStep=31500 scope=batch_norm_state_only reluSites=9/10 ch=1040 dead=0 off=0 alwaysOn=0 worst=none maxBetaOverGamma=+0.42@tower_final_bn[31] minBetaOverGamma=-0.35@blocks.2.bn1[72] rvMaxOverMedian=6.7@stem.bn[53] rezero=none nonFinite=0
[REPLAY] step=31550 loss=3.5918 pLoss=2.7742 vLoss=0.8111 pEnt=2.871 pIllM=0.0065 playedP=0.163 pW=0.49 pD=0.07 pL=0.44 vAbs=0.222 pLogitMean=0.5785 vLogitMean=1.4405 gNorm=0.937 lr=0.01 ms=2399.1 buf=500000 plies=269457704 games=4065032 rejected=0 skipped=0 epoch=0 mom=0.9000 trainerStep=31550
[LAYER-HEALTH] live trainerStep=31550 scope=batch_norm_state_only reluSites=9/10 ch=1040 dead=0 off=0 alwaysOn=0 worst=none maxBetaOverGamma=+0.42@tower_final_bn[31] minBetaOverGamma=-0.36@blocks.2.bn1[72] rvMaxOverMedian=6.7@stem.bn[53] rezero=none nonFinite=0
[REPLAY] step=31600 loss=3.5806 pLoss=2.7608 vLoss=0.8139 pEnt=2.857 pIllM=0.0060 playedP=0.165 pW=0.47 pD=0.07 pL=0.45 vAbs=0.238 pLogitMean=0.5787 vLogitMean=1.4454 gNorm=1.038 lr=0.01 ms=2654.0 buf=500000 plies=269884340 games=4071504 rejected=0 skipped=0 epoch=0 mom=0.9000 trainerStep=31600
[LAYER-HEALTH] live trainerStep=31600 scope=batch_norm_state_only reluSites=9/10 ch=1040 dead=0 off=0 alwaysOn=0 worst=none maxBetaOverGamma=+0.42@tower_final_bn[31] minBetaOverGamma=-0.36@blocks.2.bn1[72] rvMaxOverMedian=6.8@stem.bn[53] rezero=none nonFinite=0
[REPLAY] step=31650 loss=3.5750 pLoss=2.7510 vLoss=0.8173 pEnt=2.870 pIllM=0.0067 playedP=0.165 pW=0.46 pD=0.08 pL=0.46 vAbs=0.225 pLogitMean=0.5779 vLogitMean=1.4368 gNorm=1.080 lr=0.01 ms=2499.0 buf=500000 plies=270310970 games=4077879 rejected=0 skipped=0 epoch=0 mom=0.9000 trainerStep=31650
[LAYER-HEALTH] live trainerStep=31650 scope=batch_norm_state_only reluSites=9/10 ch=1040 dead=0 off=0 alwaysOn=0 worst=none maxBetaOverGamma=+0.42@tower_final_bn[31] minBetaOverGamma=-0.36@blocks.2.bn1[72] rvMaxOverMedian=6.9@stem.bn[53] rezero=none nonFinite=0
[REPLAY] step=31700 loss=3.6558 pLoss=2.8130 vLoss=0.8360 pEnt=2.886 pIllM=0.0068 playedP=0.162 pW=0.48 pD=0.08 pL=0.44 vAbs=0.226 pLogitMean=0.5776 vLogitMean=1.4207 gNorm=0.998 lr=0.01 ms=2583.6 buf=500000 plies=270737670 games=4084342 rejected=0 skipped=0 epoch=0 mom=0.9000 trainerStep=31700
[LAYER-HEALTH] live trainerStep=31700 scope=batch_norm_state_only reluSites=9/10 ch=1040 dead=0 off=0 alwaysOn=0 worst=none maxBetaOverGamma=+0.42@tower_final_bn[31] minBetaOverGamma=-0.36@blocks.2.bn1[72] rvMaxOverMedian=6.7@stem.bn[53] rezero=none nonFinite=0
[REPLAY] step=31750 loss=3.5790 pLoss=2.7436 vLoss=0.8289 pEnt=2.871 pIllM=0.0066 playedP=0.165 pW=0.46 pD=0.08 pL=0.46 vAbs=0.223 pLogitMean=0.5781 vLogitMean=1.4318 gNorm=1.011 lr=0.01 ms=2754.3 buf=500000 plies=271164306 games=4090758 rejected=0 skipped=0 epoch=0 mom=0.9000 trainerStep=31750
[LAYER-HEALTH] live trainerStep=31750 scope=batch_norm_state_only reluSites=9/10 ch=1040 dead=0 off=0 alwaysOn=0 worst=none maxBetaOverGamma=+0.42@tower_final_bn[31] minBetaOverGamma=-0.36@blocks.2.bn1[72] rvMaxOverMedian=6.5@stem.bn[53] rezero=none nonFinite=0
[REPLAY] step=31800 loss=3.5807 pLoss=2.7684 vLoss=0.8061 pEnt=2.877 pIllM=0.0063 playedP=0.164 pW=0.46 pD=0.07 pL=0.47 vAbs=0.226 pLogitMean=0.5774 vLogitMean=1.4328 gNorm=1.066 lr=0.01 ms=2526.0 buf=500000 plies=271590937 games=4097224 rejected=0 skipped=0 epoch=0 mom=0.9000 trainerStep=31800
[LAYER-HEALTH] live trainerStep=31800 scope=batch_norm_state_only reluSites=9/10 ch=1040 dead=0 off=0 alwaysOn=0 worst=none maxBetaOverGamma=+0.42@tower_final_bn[31] minBetaOverGamma=-0.36@blocks.2.bn1[72] rvMaxOverMedian=6.4@stem.bn[53] rezero=none nonFinite=0
[REPLAY] step=31850 loss=3.5287 pLoss=2.7180 vLoss=0.8049 pEnt=2.863 pIllM=0.0058 playedP=0.165 pW=0.46 pD=0.07 pL=0.48 vAbs=0.243 pLogitMean=0.5778 vLogitMean=1.4597 gNorm=1.041 lr=0.01 ms=2484.4 buf=500000 plies=272017669 games=4103648 rejected=0 skipped=0 epoch=0 mom=0.9000 trainerStep=31850
[LAYER-HEALTH] live trainerStep=31850 scope=batch_norm_state_only reluSites=9/10 ch=1040 dead=0 off=0 alwaysOn=0 worst=none maxBetaOverGamma=+0.42@tower_final_bn[31] minBetaOverGamma=-0.36@blocks.2.bn1[72] rvMaxOverMedian=6.4@stem.bn[53] rezero=none nonFinite=0
[REPLAY] step=31900 loss=3.5719 pLoss=2.7611 vLoss=0.8040 pEnt=2.844 pIllM=0.0069 playedP=0.167 pW=0.48 pD=0.06 pL=0.46 vAbs=0.228 pLogitMean=0.5793 vLogitMean=1.5058 gNorm=1.104 lr=0.01 ms=1490.8 buf=500000 plies=272444233 games=4110073 rejected=0 skipped=0 epoch=0 mom=0.9000 trainerStep=31900
[LAYER-HEALTH] live trainerStep=31900 scope=batch_norm_state_only reluSites=9/10 ch=1040 dead=0 off=0 alwaysOn=0 worst=none maxBetaOverGamma=+0.42@tower_final_bn[31] minBetaOverGamma=-0.36@blocks.2.bn1[72] rvMaxOverMedian=6.5@stem.bn[53] rezero=none nonFinite=0
[REPLAY] step=31950 loss=3.5620 pLoss=2.7482 vLoss=0.8076 pEnt=2.864 pIllM=0.0062 playedP=0.164 pW=0.47 pD=0.06 pL=0.46 vAbs=0.240 pLogitMean=0.5770 vLogitMean=1.4990 gNorm=1.002 lr=0.01 ms=1364.6 buf=500000 plies=272870956 games=4116465 rejected=0 skipped=0 epoch=0 mom=0.9000 trainerStep=31950
[LAYER-HEALTH] live trainerStep=31950 scope=batch_norm_state_only reluSites=9/10 ch=1040 dead=0 off=0 alwaysOn=0 worst=none maxBetaOverGamma=+0.42@tower_final_bn[31] minBetaOverGamma=-0.36@blocks.2.bn1[72] rvMaxOverMedian=6.6@stem.bn[53] rezero=none nonFinite=0
[REPLAY] step=32000 loss=3.5926 pLoss=2.7851 vLoss=0.8007 pEnt=2.871 pIllM=0.0067 playedP=0.163 pW=0.48 pD=0.07 pL=0.45 vAbs=0.243 pLogitMean=0.5787 vLogitMean=1.4821 gNorm=1.023 lr=0.01 ms=1491.9 buf=500000 plies=273297555 games=4122972 rejected=0 skipped=0 epoch=0 mom=0.9000 trainerStep=32000
[LAYER-HEALTH] live trainerStep=32000 scope=batch_norm_state_only reluSites=9/10 ch=1040 dead=0 off=0 alwaysOn=0 worst=none maxBetaOverGamma=+0.42@tower_final_bn[31] minBetaOverGamma=-0.36@blocks.2.bn1[72] rvMaxOverMedian=6.4@stem.bn[53] rezero=none nonFinite=0
[REPLAY] saved trainer model (autosave) step=32000 trainerStep=32000 nextGame=4122972 shard=9 epoch=0 -> 20261005-lrA-const01-replay-latest.safetensors
[LAYER-HEALTH] checkpoint replay-autosave step=32000 trainerStep=32000 scope=all_tensors reluSites=9/10 ch=1040 dead=0 off=0 alwaysOn=0 worst=none maxBetaOverGamma=+0.42@tower_final_bn[31] minBetaOverGamma=-0.36@blocks.2.bn1[72] rvMaxOverMedian=6.4@stem.bn[53] rezero=none nonFinite=0 seZeroVel=none valueFC1ZeroVel=0/128 maxAbs=3.724@blocks.2.bn1.running_mean
[LAYER-HEALTH]   batch-norm sites — β/|γ|: dead < -3.00, mostly off < -2.00, always on > +3.00; classified for relu/leaky_relu only
[LAYER-HEALTH]     site            act            ch   dead    off     on  zeroγ nonfin  min β/|γ| [ch]     max β/|γ| [ch]     rv max/median [ch]
[LAYER-HEALTH]     stem.bn         -             128    n/a    n/a    n/a      0      0     -0.06 [85]         +0.05 [62]            6.4 [53]
[LAYER-HEALTH]     blocks.0.bn1    relu          128      0      0      0      0      0     -0.12 [97]         +0.19 [62]            2.1 [97]
[LAYER-HEALTH]     blocks.0.bn2    relu          128      0      0      0      0      0     -0.18 [122]        +0.07 [86]            2.0 [24]
[LAYER-HEALTH]     blocks.1.bn1    relu          128      0      0      0      0      0     -0.32 [17]         +0.12 [121]           5.1 [97]
[LAYER-HEALTH]     blocks.1.bn2    relu          128      0      0      0      0      0     -0.32 [69]         +0.08 [110]           1.5 [116]
[LAYER-HEALTH]     blocks.2.bn1    relu          128      0      0      0      0      0     -0.36 [72]         +0.13 [30]            3.3 [97]
[LAYER-HEALTH]     blocks.2.bn2    relu          128      0      0      0      0      0     -0.29 [92]         +0.17 [29]            1.5 [34]
[LAYER-HEALTH]     tower_final_bn  relu          128      0      0      0      0      0     -0.07 [35]         +0.42 [31]            5.8 [39]
[LAYER-HEALTH]     policy.pre_bn   relu          128      0      0      0      0      0     -0.04 [114]        +0.17 [100]           2.8 [32]
[LAYER-HEALTH]     value.bn        relu           16      0      0      0      0      0     -0.12 [10]         +0.01 [0]             1.5 [1]
[LAYER-HEALTH]   FC hidden-unit velocity — zero: every weight-velocity entry exactly 0; low: nonzero but < 5% of the layer's p90 unit norm
[LAYER-HEALTH]     value.fc1.weight  relu  units 128  zero 0  low 34  median unit norm 0.00462
[LAYER-HEALTH]     (no SE blocks)
[LAYER-HEALTH]   ReZero: none
[LAYER-HEALTH]   non-finite: 0 values in 0 of 102 tensors (10263038 values examined)
[LAYER-HEALTH]   largest |value|: blocks.2.bn1.running_mean 3.724, blocks.1.bn1.running_mean 3.181, blocks.0.bn2.running_var 2.583, blocks.0.bn2.running_mean 2.407, tower_final_bn.running_mean 2.401
[REPLAY] enumerated checkpoint -> 20261005-lrA-const01-replay-step32000.safetensors
[REPLAY] step=32050 loss=3.5875 pLoss=2.7710 vLoss=0.8104 pEnt=2.900 pIllM=0.0062 playedP=0.158 pW=0.46 pD=0.07 pL=0.47 vAbs=0.229 pLogitMean=0.5785 vLogitMean=1.4805 gNorm=1.056 lr=0.01 ms=1460.8 buf=500000 plies=273724200 games=4129418 rejected=0 skipped=0 epoch=0 mom=0.9000 trainerStep=32050
[LAYER-HEALTH] live trainerStep=32050 scope=batch_norm_state_only reluSites=9/10 ch=1040 dead=0 off=0 alwaysOn=0 worst=none maxBetaOverGamma=+0.42@tower_final_bn[31] minBetaOverGamma=-0.36@blocks.2.bn1[72] rvMaxOverMedian=6.3@stem.bn[53] rezero=none nonFinite=0
[REPLAY] step=32100 loss=3.6199 pLoss=2.7968 vLoss=0.8166 pEnt=2.871 pIllM=0.0065 playedP=0.164 pW=0.48 pD=0.07 pL=0.45 vAbs=0.230 pLogitMean=0.5787 vLogitMean=1.4605 gNorm=1.149 lr=0.01 ms=1374.5 buf=500000 plies=274150879 games=4135858 rejected=0 skipped=0 epoch=0 mom=0.9000 trainerStep=32100
[LAYER-HEALTH] live trainerStep=32100 scope=batch_norm_state_only reluSites=9/10 ch=1040 dead=0 off=0 alwaysOn=0 worst=none maxBetaOverGamma=+0.42@tower_final_bn[31] minBetaOverGamma=-0.36@blocks.2.bn1[72] rvMaxOverMedian=6.4@stem.bn[53] rezero=none nonFinite=0
[REPLAY] step=32150 loss=3.5762 pLoss=2.7544 vLoss=0.8152 pEnt=2.848 pIllM=0.0066 playedP=0.170 pW=0.48 pD=0.07 pL=0.46 vAbs=0.242 pLogitMean=0.5804 vLogitMean=1.4690 gNorm=1.058 lr=0.01 ms=1459.0 buf=500000 plies=274577536 games=4142304 rejected=0 skipped=0 epoch=0 mom=0.9000 trainerStep=32150
[LAYER-HEALTH] live trainerStep=32150 scope=batch_norm_state_only reluSites=9/10 ch=1040 dead=0 off=0 alwaysOn=0 worst=none maxBetaOverGamma=+0.42@tower_final_bn[31] minBetaOverGamma=-0.36@blocks.2.bn1[72] rvMaxOverMedian=6.5@stem.bn[53] rezero=none nonFinite=0
[REPLAY] step=32200 loss=3.5750 pLoss=2.7578 vLoss=0.8106 pEnt=2.877 pIllM=0.0066 playedP=0.162 pW=0.47 pD=0.07 pL=0.46 vAbs=0.234 pLogitMean=0.5806 vLogitMean=1.4810 gNorm=0.998 lr=0.01 ms=1492.4 buf=500000 plies=275004204 games=4148763 rejected=0 skipped=0 epoch=0 mom=0.9000 trainerStep=32200
[LAYER-HEALTH] live trainerStep=32200 scope=batch_norm_state_only reluSites=9/10 ch=1040 dead=0 off=0 alwaysOn=0 worst=none maxBetaOverGamma=+0.42@tower_final_bn[31] minBetaOverGamma=-0.36@blocks.2.bn1[72] rvMaxOverMedian=6.6@stem.bn[53] rezero=none nonFinite=0
[REPLAY] step=32250 loss=3.5816 pLoss=2.7682 vLoss=0.8069 pEnt=2.881 pIllM=0.0065 playedP=0.162 pW=0.48 pD=0.06 pL=0.46 vAbs=0.235 pLogitMean=0.5801 vLogitMean=1.4710 gNorm=0.954 lr=0.01 ms=1601.9 buf=500000 plies=275430833 games=4155242 rejected=0 skipped=0 epoch=0 mom=0.9000 trainerStep=32250
[LAYER-HEALTH] live trainerStep=32250 scope=batch_norm_state_only reluSites=9/10 ch=1040 dead=0 off=0 alwaysOn=0 worst=none maxBetaOverGamma=+0.42@tower_final_bn[31] minBetaOverGamma=-0.36@blocks.2.bn1[72] rvMaxOverMedian=6.7@stem.bn[53] rezero=none nonFinite=0
[REPLAY] step=32300 loss=3.5810 pLoss=2.7647 vLoss=0.8093 pEnt=2.858 pIllM=0.0070 playedP=0.168 pW=0.47 pD=0.06 pL=0.47 vAbs=0.227 pLogitMean=0.5794 vLogitMean=1.4379 gNorm=1.028 lr=0.01 ms=1541.3 buf=500000 plies=275857463 games=4161722 rejected=0 skipped=0 epoch=0 mom=0.9000 trainerStep=32300
[LAYER-HEALTH] live trainerStep=32300 scope=batch_norm_state_only reluSites=9/10 ch=1040 dead=0 off=0 alwaysOn=0 worst=none maxBetaOverGamma=+0.42@tower_final_bn[31] minBetaOverGamma=-0.36@blocks.2.bn1[72] rvMaxOverMedian=6.9@stem.bn[53] rezero=none nonFinite=0
[REPLAY] step=32350 loss=3.6186 pLoss=2.7875 vLoss=0.8244 pEnt=2.871 pIllM=0.0067 playedP=0.161 pW=0.46 pD=0.07 pL=0.47 vAbs=0.222 pLogitMean=0.5789 vLogitMean=1.4103 gNorm=0.999 lr=0.01 ms=1479.4 buf=500000 plies=276284077 games=4168140 rejected=0 skipped=0 epoch=0 mom=0.9000 trainerStep=32350
[LAYER-HEALTH] live trainerStep=32350 scope=batch_norm_state_only reluSites=9/10 ch=1040 dead=0 off=0 alwaysOn=0 worst=none maxBetaOverGamma=+0.42@tower_final_bn[31] minBetaOverGamma=-0.36@blocks.2.bn1[72] rvMaxOverMedian=6.9@stem.bn[53] rezero=none nonFinite=0
[REPLAY] step=32400 loss=3.5752 pLoss=2.7559 vLoss=0.8124 pEnt=2.861 pIllM=0.0069 playedP=0.166 pW=0.47 pD=0.07 pL=0.46 vAbs=0.239 pLogitMean=0.5802 vLogitMean=1.4110 gNorm=0.969 lr=0.01 ms=1577.5 buf=500000 plies=276710768 games=4174564 rejected=0 skipped=0 epoch=0 mom=0.9000 trainerStep=32400
[LAYER-HEALTH] live trainerStep=32400 scope=batch_norm_state_only reluSites=9/10 ch=1040 dead=0 off=0 alwaysOn=0 worst=none maxBetaOverGamma=+0.42@tower_final_bn[31] minBetaOverGamma=-0.36@blocks.2.bn1[72] rvMaxOverMedian=6.9@stem.bn[53] rezero=none nonFinite=0
[REPLAY] step=32450 loss=3.5539 pLoss=2.7473 vLoss=0.8000 pEnt=2.883 pIllM=0.0067 playedP=0.163 pW=0.47 pD=0.07 pL=0.46 vAbs=0.238 pLogitMean=0.5805 vLogitMean=1.4070 gNorm=1.141 lr=0.01 ms=1606.5 buf=500000 plies=277137386 games=4181023 rejected=0 skipped=0 epoch=0 mom=0.9000 trainerStep=32450
[LAYER-HEALTH] live trainerStep=32450 scope=batch_norm_state_only reluSites=9/10 ch=1040 dead=0 off=0 alwaysOn=0 worst=none maxBetaOverGamma=+0.42@tower_final_bn[31] minBetaOverGamma=-0.36@blocks.2.bn1[72] rvMaxOverMedian=6.9@stem.bn[53] rezero=none nonFinite=0
[REPLAY] step=32500 loss=3.5925 pLoss=2.7616 vLoss=0.8248 pEnt=2.882 pIllM=0.0061 playedP=0.162 pW=0.47 pD=0.07 pL=0.46 vAbs=0.226 pLogitMean=0.5799 vLogitMean=1.4291 gNorm=1.251 lr=0.01 ms=1436.4 buf=500000 plies=277564045 games=4187470 rejected=0 skipped=0 epoch=0 mom=0.9000 trainerStep=32500
[LAYER-HEALTH] live trainerStep=32500 scope=batch_norm_state_only reluSites=9/10 ch=1040 dead=0 off=0 alwaysOn=0 worst=none maxBetaOverGamma=+0.42@tower_final_bn[31] minBetaOverGamma=-0.36@blocks.2.bn1[72] rvMaxOverMedian=6.8@stem.bn[53] rezero=none nonFinite=0
[REPLAY] step=32550 loss=3.5804 pLoss=2.7645 vLoss=0.8091 pEnt=2.860 pIllM=0.0069 playedP=0.164 pW=0.48 pD=0.07 pL=0.45 vAbs=0.219 pLogitMean=0.5808 vLogitMean=1.4468 gNorm=1.035 lr=0.01 ms=1393.2 buf=500000 plies=277990689 games=4193841 rejected=0 skipped=0 epoch=0 mom=0.9000 trainerStep=32550
[LAYER-HEALTH] live trainerStep=32550 scope=batch_norm_state_only reluSites=9/10 ch=1040 dead=0 off=0 alwaysOn=0 worst=none maxBetaOverGamma=+0.42@tower_final_bn[31] minBetaOverGamma=-0.36@blocks.2.bn1[72] rvMaxOverMedian=6.6@stem.bn[53] rezero=none nonFinite=0
[REPLAY] step=32600 loss=3.5563 pLoss=2.7464 vLoss=0.8028 pEnt=2.852 pIllM=0.0072 playedP=0.164 pW=0.47 pD=0.07 pL=0.46 vAbs=0.242 pLogitMean=0.5802 vLogitMean=1.4511 gNorm=1.046 lr=0.01 ms=1554.0 buf=500000 plies=278417425 games=4200218 rejected=0 skipped=0 epoch=0 mom=0.9000 trainerStep=32600
[LAYER-HEALTH] live trainerStep=32600 scope=batch_norm_state_only reluSites=9/10 ch=1040 dead=0 off=0 alwaysOn=0 worst=none maxBetaOverGamma=+0.42@tower_final_bn[31] minBetaOverGamma=-0.36@blocks.2.bn1[72] rvMaxOverMedian=6.7@stem.bn[53] rezero=none nonFinite=0
[REPLAY] step=32650 loss=3.5730 pLoss=2.7596 vLoss=0.8060 pEnt=2.870 pIllM=0.0073 playedP=0.167 pW=0.48 pD=0.07 pL=0.46 vAbs=0.232 pLogitMean=0.5794 vLogitMean=1.4602 gNorm=1.047 lr=0.01 ms=1286.7 buf=500000 plies=278844032 games=4206675 rejected=0 skipped=0 epoch=0 mom=0.9000 trainerStep=32650
[LAYER-HEALTH] live trainerStep=32650 scope=batch_norm_state_only reluSites=9/10 ch=1040 dead=0 off=0 alwaysOn=0 worst=none maxBetaOverGamma=+0.43@tower_final_bn[31] minBetaOverGamma=-0.36@blocks.2.bn1[72] rvMaxOverMedian=6.7@stem.bn[53] rezero=none nonFinite=0
[REPLAY] step=32700 loss=3.5768 pLoss=2.7679 vLoss=0.8022 pEnt=2.876 pIllM=0.0067 playedP=0.164 pW=0.47 pD=0.06 pL=0.47 vAbs=0.233 pLogitMean=0.5798 vLogitMean=1.4630 gNorm=1.073 lr=0.01 ms=1446.1 buf=500000 plies=279270647 games=4213075 rejected=0 skipped=0 epoch=0 mom=0.9000 trainerStep=32700
[LAYER-HEALTH] live trainerStep=32700 scope=batch_norm_state_only reluSites=9/10 ch=1040 dead=0 off=0 alwaysOn=0 worst=none maxBetaOverGamma=+0.43@tower_final_bn[31] minBetaOverGamma=-0.36@blocks.2.bn1[72] rvMaxOverMedian=6.8@stem.bn[53] rezero=none nonFinite=0
[REPLAY] step=32750 loss=3.5928 pLoss=2.7728 vLoss=0.8134 pEnt=2.834 pIllM=0.0066 playedP=0.170 pW=0.48 pD=0.07 pL=0.45 vAbs=0.224 pLogitMean=0.5809 vLogitMean=1.4259 gNorm=0.988 lr=0.01 ms=1411.3 buf=500000 plies=279697398 games=4219509 rejected=0 skipped=0 epoch=0 mom=0.9000 trainerStep=32750
[LAYER-HEALTH] live trainerStep=32750 scope=batch_norm_state_only reluSites=9/10 ch=1040 dead=0 off=0 alwaysOn=0 worst=none maxBetaOverGamma=+0.42@tower_final_bn[31] minBetaOverGamma=-0.36@blocks.2.bn1[72] rvMaxOverMedian=6.8@stem.bn[53] rezero=none nonFinite=0
[REPLAY] step=32800 loss=3.5568 pLoss=2.7447 vLoss=0.8056 pEnt=2.860 pIllM=0.0064 playedP=0.166 pW=0.46 pD=0.06 pL=0.47 vAbs=0.231 pLogitMean=0.5808 vLogitMean=1.4385 gNorm=1.038 lr=0.01 ms=1422.8 buf=500000 plies=280123967 games=4225921 rejected=0 skipped=0 epoch=0 mom=0.9000 trainerStep=32800
[LAYER-HEALTH] live trainerStep=32800 scope=batch_norm_state_only reluSites=9/10 ch=1040 dead=0 off=0 alwaysOn=0 worst=none maxBetaOverGamma=+0.43@tower_final_bn[31] minBetaOverGamma=-0.36@blocks.2.bn1[72] rvMaxOverMedian=6.8@stem.bn[53] rezero=none nonFinite=0
[REPLAY] step=32850 loss=3.5817 pLoss=2.7576 vLoss=0.8174 pEnt=2.883 pIllM=0.0066 playedP=0.165 pW=0.47 pD=0.07 pL=0.46 vAbs=0.217 pLogitMean=0.5801 vLogitMean=1.4141 gNorm=0.981 lr=0.01 ms=1719.1 buf=500000 plies=280550592 games=4232393 rejected=0 skipped=0 epoch=0 mom=0.9000 trainerStep=32850
[LAYER-HEALTH] live trainerStep=32850 scope=batch_norm_state_only reluSites=9/10 ch=1040 dead=0 off=0 alwaysOn=0 worst=none maxBetaOverGamma=+0.43@tower_final_bn[31] minBetaOverGamma=-0.36@blocks.2.bn1[72] rvMaxOverMedian=6.7@stem.bn[53] rezero=none nonFinite=0
[REPLAY] step=32900 loss=3.5379 pLoss=2.7374 vLoss=0.7939 pEnt=2.870 pIllM=0.0066 playedP=0.163 pW=0.48 pD=0.05 pL=0.47 vAbs=0.256 pLogitMean=0.5800 vLogitMean=1.4505 gNorm=1.066 lr=0.01 ms=1415.7 buf=500000 plies=280977308 games=4238871 rejected=0 skipped=0 epoch=0 mom=0.9000 trainerStep=32900
[LAYER-HEALTH] live trainerStep=32900 scope=batch_norm_state_only reluSites=9/10 ch=1040 dead=0 off=0 alwaysOn=0 worst=none maxBetaOverGamma=+0.43@tower_final_bn[31] minBetaOverGamma=-0.36@blocks.2.bn1[72] rvMaxOverMedian=6.5@stem.bn[53] rezero=none nonFinite=0
[REPLAY] step=32950 loss=3.5723 pLoss=2.7764 vLoss=0.7898 pEnt=2.877 pIllM=0.0062 playedP=0.164 pW=0.48 pD=0.06 pL=0.45 vAbs=0.251 pLogitMean=0.5812 vLogitMean=1.3911 gNorm=1.100 lr=0.01 ms=1410.7 buf=500000 plies=281403962 games=4245340 rejected=0 skipped=0 epoch=0 mom=0.9000 trainerStep=32950
[LAYER-HEALTH] live trainerStep=32950 scope=batch_norm_state_only reluSites=9/10 ch=1040 dead=0 off=0 alwaysOn=0 worst=none maxBetaOverGamma=+0.43@tower_final_bn[31] minBetaOverGamma=-0.36@blocks.2.bn1[72] rvMaxOverMedian=6.5@stem.bn[53] rezero=none nonFinite=0
[REPLAY] step=33000 loss=3.5606 pLoss=2.7550 vLoss=0.7993 pEnt=2.869 pIllM=0.0063 playedP=0.163 pW=0.46 pD=0.07 pL=0.47 vAbs=0.220 pLogitMean=0.5815 vLogitMean=1.3890 gNorm=0.937 lr=0.01 ms=1490.0 buf=500000 plies=281830524 games=4251788 rejected=0 skipped=0 epoch=0 mom=0.9000 trainerStep=33000
[LAYER-HEALTH] live trainerStep=33000 scope=batch_norm_state_only reluSites=9/10 ch=1040 dead=0 off=0 alwaysOn=0 worst=none maxBetaOverGamma=+0.43@tower_final_bn[31] minBetaOverGamma=-0.36@blocks.2.bn1[72] rvMaxOverMedian=6.6@stem.bn[53] rezero=none nonFinite=0
[REPLAY] saved trainer model (autosave) step=33000 trainerStep=33000 nextGame=4251788 shard=9 epoch=0 -> 20261005-lrA-const01-replay-latest.safetensors
[LAYER-HEALTH] checkpoint replay-autosave step=33000 trainerStep=33000 scope=all_tensors reluSites=9/10 ch=1040 dead=0 off=0 alwaysOn=0 worst=none maxBetaOverGamma=+0.43@tower_final_bn[31] minBetaOverGamma=-0.36@blocks.2.bn1[72] rvMaxOverMedian=6.6@stem.bn[53] rezero=none nonFinite=0 seZeroVel=none valueFC1ZeroVel=0/128 maxAbs=3.737@blocks.2.bn1.running_mean
[LAYER-HEALTH]   batch-norm sites — β/|γ|: dead < -3.00, mostly off < -2.00, always on > +3.00; classified for relu/leaky_relu only
[LAYER-HEALTH]     site            act            ch   dead    off     on  zeroγ nonfin  min β/|γ| [ch]     max β/|γ| [ch]     rv max/median [ch]
[LAYER-HEALTH]     stem.bn         -             128    n/a    n/a    n/a      0      0     -0.06 [85]         +0.05 [62]            6.6 [53]
[LAYER-HEALTH]     blocks.0.bn1    relu          128      0      0      0      0      0     -0.12 [97]         +0.19 [62]            2.1 [97]
[LAYER-HEALTH]     blocks.0.bn2    relu          128      0      0      0      0      0     -0.18 [122]        +0.07 [14]            2.3 [24]
[LAYER-HEALTH]     blocks.1.bn1    relu          128      0      0      0      0      0     -0.33 [17]         +0.12 [121]           5.4 [97]
[LAYER-HEALTH]     blocks.1.bn2    relu          128      0      0      0      0      0     -0.33 [69]         +0.08 [110]           1.6 [116]
[LAYER-HEALTH]     blocks.2.bn1    relu          128      0      0      0      0      0     -0.36 [72]         +0.12 [30]            3.4 [97]
[LAYER-HEALTH]     blocks.2.bn2    relu          128      0      0      0      0      0     -0.30 [92]         +0.18 [29]            1.5 [34]
[LAYER-HEALTH]     tower_final_bn  relu          128      0      0      0      0      0     -0.07 [35]         +0.43 [31]            5.8 [39]
[LAYER-HEALTH]     policy.pre_bn   relu          128      0      0      0      0      0     -0.04 [114]        +0.17 [100]           2.9 [32]
[LAYER-HEALTH]     value.bn        relu           16      0      0      0      0      0     -0.12 [10]         +0.01 [0]             1.5 [1]
[LAYER-HEALTH]   FC hidden-unit velocity — zero: every weight-velocity entry exactly 0; low: nonzero but < 5% of the layer's p90 unit norm
[LAYER-HEALTH]     value.fc1.weight  relu  units 128  zero 0  low 34  median unit norm 0.005358
[LAYER-HEALTH]     (no SE blocks)
[LAYER-HEALTH]   ReZero: none
[LAYER-HEALTH]   non-finite: 0 values in 0 of 102 tensors (10263038 values examined)
[LAYER-HEALTH]   largest |value|: blocks.2.bn1.running_mean 3.737, blocks.1.bn1.running_mean 3.228, blocks.0.bn2.running_var 2.936, blocks.0.bn2.running_mean 2.424, tower_final_bn.running_mean 2.38
[REPLAY] enumerated checkpoint -> 20261005-lrA-const01-replay-step33000.safetensors
[REPLAY] step=33050 loss=3.5791 pLoss=2.7573 vLoss=0.8155 pEnt=2.872 pIllM=0.0063 playedP=0.162 pW=0.48 pD=0.07 pL=0.45 vAbs=0.245 pLogitMean=0.5826 vLogitMean=1.4094 gNorm=0.963 lr=0.01 ms=1419.3 buf=500000 plies=282257247 games=4258182 rejected=0 skipped=0 epoch=0 mom=0.9000 trainerStep=33050
[LAYER-HEALTH] live trainerStep=33050 scope=batch_norm_state_only reluSites=9/10 ch=1040 dead=0 off=0 alwaysOn=0 worst=none maxBetaOverGamma=+0.43@tower_final_bn[31] minBetaOverGamma=-0.36@blocks.2.bn1[72] rvMaxOverMedian=6.7@stem.bn[53] rezero=none nonFinite=0
[REPLAY] step=33100 loss=3.5560 pLoss=2.7473 vLoss=0.8026 pEnt=2.861 pIllM=0.0062 playedP=0.167 pW=0.47 pD=0.06 pL=0.46 vAbs=0.228 pLogitMean=0.5815 vLogitMean=1.4380 gNorm=1.011 lr=0.01 ms=1420.5 buf=500000 plies=282683833 games=4264632 rejected=0 skipped=0 epoch=0 mom=0.9000 trainerStep=33100
[LAYER-HEALTH] live trainerStep=33100 scope=batch_norm_state_only reluSites=9/10 ch=1040 dead=0 off=0 alwaysOn=0 worst=none maxBetaOverGamma=+0.43@tower_final_bn[31] minBetaOverGamma=-0.37@blocks.2.bn1[72] rvMaxOverMedian=6.9@stem.bn[53] rezero=none nonFinite=0
[REPLAY] step=33150 loss=3.5592 pLoss=2.7540 vLoss=0.7994 pEnt=2.880 pIllM=0.0059 playedP=0.163 pW=0.49 pD=0.06 pL=0.45 vAbs=0.231 pLogitMean=0.5831 vLogitMean=1.4407 gNorm=1.040 lr=0.01 ms=1414.4 buf=500000 plies=283110480 games=4271140 rejected=0 skipped=0 epoch=0 mom=0.9000 trainerStep=33150
[LAYER-HEALTH] live trainerStep=33150 scope=batch_norm_state_only reluSites=9/10 ch=1040 dead=0 off=0 alwaysOn=0 worst=none maxBetaOverGamma=+0.43@tower_final_bn[31] minBetaOverGamma=-0.37@blocks.2.bn1[72] rvMaxOverMedian=7.1@stem.bn[53] rezero=none nonFinite=0
[REPLAY] step=33200 loss=3.5855 pLoss=2.7812 vLoss=0.7981 pEnt=2.875 pIllM=0.0063 playedP=0.164 pW=0.47 pD=0.06 pL=0.47 vAbs=0.226 pLogitMean=0.5822 vLogitMean=1.4463 gNorm=0.964 lr=0.01 ms=1503.6 buf=500000 plies=283537145 games=4277593 rejected=0 skipped=0 epoch=0 mom=0.9000 trainerStep=33200
[LAYER-HEALTH] live trainerStep=33200 scope=batch_norm_state_only reluSites=9/10 ch=1040 dead=0 off=0 alwaysOn=0 worst=none maxBetaOverGamma=+0.43@tower_final_bn[31] minBetaOverGamma=-0.37@blocks.2.bn1[72] rvMaxOverMedian=7.1@stem.bn[53] rezero=none nonFinite=0
[REPLAY] step=33250 loss=3.6035 pLoss=2.7788 vLoss=0.8189 pEnt=2.863 pIllM=0.0059 playedP=0.166 pW=0.48 pD=0.07 pL=0.45 vAbs=0.226 pLogitMean=0.5829 vLogitMean=1.4239 gNorm=1.065 lr=0.01 ms=1445.9 buf=500000 plies=283963822 games=4284053 rejected=0 skipped=0 epoch=0 mom=0.9000 trainerStep=33250
[LAYER-HEALTH] live trainerStep=33250 scope=batch_norm_state_only reluSites=9/10 ch=1040 dead=0 off=0 alwaysOn=0 worst=none maxBetaOverGamma=+0.43@tower_final_bn[31] minBetaOverGamma=-0.37@blocks.2.bn1[72] rvMaxOverMedian=7.0@stem.bn[53] rezero=none nonFinite=0
[REPLAY] step=33300 loss=3.5856 pLoss=2.7729 vLoss=0.8063 pEnt=2.886 pIllM=0.0064 playedP=0.161 pW=0.47 pD=0.07 pL=0.46 vAbs=0.231 pLogitMean=0.5827 vLogitMean=1.4299 gNorm=1.042 lr=0.01 ms=1496.6 buf=500000 plies=284390429 games=4290531 rejected=0 skipped=0 epoch=0 mom=0.9000 trainerStep=33300
[LAYER-HEALTH] live trainerStep=33300 scope=batch_norm_state_only reluSites=9/10 ch=1040 dead=0 off=0 alwaysOn=0 worst=none maxBetaOverGamma=+0.43@tower_final_bn[31] minBetaOverGamma=-0.37@blocks.2.bn1[72] rvMaxOverMedian=6.8@stem.bn[53] rezero=none nonFinite=0
[REPLAY] step=33350 loss=3.5999 pLoss=2.7834 vLoss=0.8099 pEnt=2.876 pIllM=0.0066 playedP=0.167 pW=0.47 pD=0.07 pL=0.46 vAbs=0.224 pLogitMean=0.5826 vLogitMean=1.4449 gNorm=0.919 lr=0.01 ms=1478.9 buf=500000 plies=284817170 games=4296971 rejected=0 skipped=0 epoch=0 mom=0.9000 trainerStep=33350
[LAYER-HEALTH] live trainerStep=33350 scope=batch_norm_state_only reluSites=9/10 ch=1040 dead=0 off=0 alwaysOn=0 worst=none maxBetaOverGamma=+0.43@tower_final_bn[31] minBetaOverGamma=-0.37@blocks.2.bn1[72] rvMaxOverMedian=6.7@stem.bn[53] rezero=none nonFinite=0
[REPLAY] step=33400 loss=3.5937 pLoss=2.7671 vLoss=0.8209 pEnt=2.851 pIllM=0.0058 playedP=0.169 pW=0.48 pD=0.07 pL=0.46 vAbs=0.228 pLogitMean=0.5835 vLogitMean=1.4633 gNorm=1.043 lr=0.01 ms=1520.8 buf=500000 plies=285243725 games=4303337 rejected=0 skipped=0 epoch=0 mom=0.9000 trainerStep=33400
[LAYER-HEALTH] live trainerStep=33400 scope=batch_norm_state_only reluSites=9/10 ch=1040 dead=0 off=0 alwaysOn=0 worst=none maxBetaOverGamma=+0.43@tower_final_bn[31] minBetaOverGamma=-0.37@blocks.2.bn1[72] rvMaxOverMedian=6.9@stem.bn[53] rezero=none nonFinite=0
[REPLAY] step=33450 loss=3.5515 pLoss=2.7370 vLoss=0.8081 pEnt=2.847 pIllM=0.0065 playedP=0.170 pW=0.47 pD=0.07 pL=0.46 vAbs=0.238 pLogitMean=0.5841 vLogitMean=1.4478 gNorm=1.072 lr=0.01 ms=1400.9 buf=500000 plies=285670464 games=4309758 rejected=0 skipped=0 epoch=0 mom=0.9000 trainerStep=33450
[LAYER-HEALTH] live trainerStep=33450 scope=batch_norm_state_only reluSites=9/10 ch=1040 dead=0 off=0 alwaysOn=0 worst=none maxBetaOverGamma=+0.43@tower_final_bn[31] minBetaOverGamma=-0.37@blocks.2.bn1[72] rvMaxOverMedian=6.9@stem.bn[53] rezero=none nonFinite=0
[REPLAY] step=33500 loss=3.5751 pLoss=2.7574 vLoss=0.8108 pEnt=2.865 pIllM=0.0069 playedP=0.163 pW=0.47 pD=0.07 pL=0.45 vAbs=0.244 pLogitMean=0.5851 vLogitMean=1.4189 gNorm=0.971 lr=0.01 ms=1475.9 buf=500000 plies=286097065 games=4316173 rejected=0 skipped=0 epoch=0 mom=0.9000 trainerStep=33500
[LAYER-HEALTH] live trainerStep=33500 scope=batch_norm_state_only reluSites=9/10 ch=1040 dead=0 off=0 alwaysOn=0 worst=none maxBetaOverGamma=+0.43@tower_final_bn[31] minBetaOverGamma=-0.37@blocks.2.bn1[72] rvMaxOverMedian=6.9@stem.bn[53] rezero=none nonFinite=0
[REPLAY] step=33550 loss=3.5743 pLoss=2.7546 vLoss=0.8127 pEnt=2.875 pIllM=0.0069 playedP=0.163 pW=0.46 pD=0.07 pL=0.48 vAbs=0.239 pLogitMean=0.5847 vLogitMean=1.4277 gNorm=1.234 lr=0.01 ms=1379.8 buf=500000 plies=286523704 games=4322632 rejected=0 skipped=0 epoch=0 mom=0.9000 trainerStep=33550
[LAYER-HEALTH] live trainerStep=33550 scope=batch_norm_state_only reluSites=9/10 ch=1040 dead=0 off=0 alwaysOn=0 worst=none maxBetaOverGamma=+0.43@tower_final_bn[31] minBetaOverGamma=-0.37@blocks.2.bn1[72] rvMaxOverMedian=6.9@stem.bn[53] rezero=none nonFinite=0
[REPLAY] step=33600 loss=3.5650 pLoss=2.7546 vLoss=0.8039 pEnt=2.886 pIllM=0.0064 playedP=0.161 pW=0.47 pD=0.06 pL=0.47 vAbs=0.232 pLogitMean=0.5841 vLogitMean=1.4254 gNorm=0.926 lr=0.01 ms=1461.6 buf=500000 plies=286950327 games=4329099 rejected=0 skipped=0 epoch=0 mom=0.9000 trainerStep=33600
[LAYER-HEALTH] live trainerStep=33600 scope=batch_norm_state_only reluSites=9/10 ch=1040 dead=0 off=0 alwaysOn=0 worst=none maxBetaOverGamma=+0.43@tower_final_bn[31] minBetaOverGamma=-0.37@blocks.2.bn1[72] rvMaxOverMedian=6.8@stem.bn[53] rezero=none nonFinite=0
[REPLAY] step=33650 loss=3.5544 pLoss=2.7521 vLoss=0.7957 pEnt=2.880 pIllM=0.0066 playedP=0.164 pW=0.46 pD=0.06 pL=0.48 vAbs=0.238 pLogitMean=0.5834 vLogitMean=1.4261 gNorm=1.093 lr=0.01 ms=1488.2 buf=500000 plies=287377018 games=4335576 rejected=0 skipped=0 epoch=0 mom=0.9000 trainerStep=33650
[LAYER-HEALTH] live trainerStep=33650 scope=batch_norm_state_only reluSites=9/10 ch=1040 dead=0 off=0 alwaysOn=0 worst=none maxBetaOverGamma=+0.43@tower_final_bn[31] minBetaOverGamma=-0.37@blocks.2.bn1[72] rvMaxOverMedian=7.0@stem.bn[53] rezero=none nonFinite=0
[REPLAY] step=33700 loss=3.5341 pLoss=2.7225 vLoss=0.8054 pEnt=2.864 pIllM=0.0062 playedP=0.168 pW=0.47 pD=0.06 pL=0.47 vAbs=0.230 pLogitMean=0.5839 vLogitMean=1.4255 gNorm=1.026 lr=0.01 ms=1442.5 buf=500000 plies=287803625 games=4342042 rejected=0 skipped=0 epoch=0 mom=0.9000 trainerStep=33700
[LAYER-HEALTH] live trainerStep=33700 scope=batch_norm_state_only reluSites=9/10 ch=1040 dead=0 off=0 alwaysOn=0 worst=none maxBetaOverGamma=+0.43@tower_final_bn[31] minBetaOverGamma=-0.37@blocks.2.bn1[72] rvMaxOverMedian=7.0@stem.bn[53] rezero=none nonFinite=0
[REPLAY] step=33750 loss=3.5253 pLoss=2.7262 vLoss=0.7928 pEnt=2.841 pIllM=0.0064 playedP=0.170 pW=0.46 pD=0.06 pL=0.48 vAbs=0.238 pLogitMean=0.5842 vLogitMean=1.4613 gNorm=1.015 lr=0.01 ms=1361.8 buf=500000 plies=288230310 games=4348477 rejected=0 skipped=0 epoch=0 mom=0.9000 trainerStep=33750
[LAYER-HEALTH] live trainerStep=33750 scope=batch_norm_state_only reluSites=9/10 ch=1040 dead=0 off=0 alwaysOn=0 worst=none maxBetaOverGamma=+0.43@tower_final_bn[31] minBetaOverGamma=-0.37@blocks.2.bn1[72] rvMaxOverMedian=7.0@stem.bn[53] rezero=none nonFinite=0
[REPLAY] step=33800 loss=3.5856 pLoss=2.7728 vLoss=0.8072 pEnt=2.879 pIllM=0.0056 playedP=0.166 pW=0.48 pD=0.07 pL=0.45 vAbs=0.233 pLogitMean=0.5854 vLogitMean=1.4301 gNorm=1.047 lr=0.01 ms=1419.3 buf=500000 plies=288656951 games=4354977 rejected=0 skipped=0 epoch=0 mom=0.9000 trainerStep=33800
[LAYER-HEALTH] live trainerStep=33800 scope=batch_norm_state_only reluSites=9/10 ch=1040 dead=0 off=0 alwaysOn=0 worst=none maxBetaOverGamma=+0.43@tower_final_bn[31] minBetaOverGamma=-0.37@blocks.2.bn1[72] rvMaxOverMedian=7.1@stem.bn[53] rezero=none nonFinite=0
[REPLAY] step=33850 loss=3.5662 pLoss=2.7475 vLoss=0.8128 pEnt=2.852 pIllM=0.0059 playedP=0.171 pW=0.46 pD=0.07 pL=0.47 vAbs=0.216 pLogitMean=0.5846 vLogitMean=1.4107 gNorm=1.043 lr=0.01 ms=1474.9 buf=500000 plies=289083632 games=4361495 rejected=0 skipped=0 epoch=0 mom=0.9000 trainerStep=33850
[LAYER-HEALTH] live trainerStep=33850 scope=batch_norm_state_only reluSites=9/10 ch=1040 dead=0 off=0 alwaysOn=0 worst=none maxBetaOverGamma=+0.43@tower_final_bn[31] minBetaOverGamma=-0.37@blocks.2.bn1[72] rvMaxOverMedian=7.1@stem.bn[53] rezero=none nonFinite=0
[REPLAY] step=33900 loss=3.5955 pLoss=2.7662 vLoss=0.8222 pEnt=2.871 pIllM=0.0071 playedP=0.163 pW=0.47 pD=0.07 pL=0.46 vAbs=0.232 pLogitMean=0.5855 vLogitMean=1.3741 gNorm=0.978 lr=0.01 ms=1405.0 buf=500000 plies=289510225 games=4367977 rejected=0 skipped=0 epoch=0 mom=0.9000 trainerStep=33900
[LAYER-HEALTH] live trainerStep=33900 scope=batch_norm_state_only reluSites=9/10 ch=1040 dead=0 off=0 alwaysOn=0 worst=none maxBetaOverGamma=+0.43@tower_final_bn[31] minBetaOverGamma=-0.37@blocks.2.bn1[72] rvMaxOverMedian=6.9@stem.bn[53] rezero=none nonFinite=0
[REPLAY] step=33950 loss=3.5229 pLoss=2.7253 vLoss=0.7916 pEnt=2.858 pIllM=0.0061 playedP=0.169 pW=0.47 pD=0.06 pL=0.47 vAbs=0.247 pLogitMean=0.5869 vLogitMean=1.3799 gNorm=0.859 lr=0.01 ms=1302.8 buf=500000 plies=289936878 games=4374437 rejected=0 skipped=0 epoch=0 mom=0.9000 trainerStep=33950
[LAYER-HEALTH] live trainerStep=33950 scope=batch_norm_state_only reluSites=9/10 ch=1040 dead=0 off=0 alwaysOn=0 worst=none maxBetaOverGamma=+0.43@tower_final_bn[31] minBetaOverGamma=-0.37@blocks.2.bn1[72] rvMaxOverMedian=7.1@stem.bn[53] rezero=none nonFinite=0
[REPLAY] step=34000 loss=3.5352 pLoss=2.7238 vLoss=0.8046 pEnt=2.847 pIllM=0.0068 playedP=0.170 pW=0.47 pD=0.06 pL=0.47 vAbs=0.224 pLogitMean=0.5860 vLogitMean=1.3816 gNorm=0.964 lr=0.01 ms=1266.3 buf=500000 plies=290363587 games=4380944 rejected=0 skipped=0 epoch=0 mom=0.9000 trainerStep=34000
[LAYER-HEALTH] live trainerStep=34000 scope=batch_norm_state_only reluSites=9/10 ch=1040 dead=0 off=0 alwaysOn=0 worst=none maxBetaOverGamma=+0.43@tower_final_bn[31] minBetaOverGamma=-0.37@blocks.2.bn1[72] rvMaxOverMedian=7.2@stem.bn[53] rezero=none nonFinite=0
[REPLAY] saved trainer model (autosave) step=34000 trainerStep=34000 nextGame=4380944 shard=9 epoch=0 -> 20261005-lrA-const01-replay-latest.safetensors
[LAYER-HEALTH] checkpoint replay-autosave step=34000 trainerStep=34000 scope=all_tensors reluSites=9/10 ch=1040 dead=0 off=0 alwaysOn=0 worst=none maxBetaOverGamma=+0.43@tower_final_bn[31] minBetaOverGamma=-0.37@blocks.2.bn1[72] rvMaxOverMedian=7.2@stem.bn[53] rezero=none nonFinite=0 seZeroVel=none valueFC1ZeroVel=0/128 maxAbs=3.77@blocks.2.bn1.running_mean
[LAYER-HEALTH]   batch-norm sites — β/|γ|: dead < -3.00, mostly off < -2.00, always on > +3.00; classified for relu/leaky_relu only
[LAYER-HEALTH]     site            act            ch   dead    off     on  zeroγ nonfin  min β/|γ| [ch]     max β/|γ| [ch]     rv max/median [ch]
[LAYER-HEALTH]     stem.bn         -             128    n/a    n/a    n/a      0      0     -0.06 [85]         +0.05 [62]            7.2 [53]
[LAYER-HEALTH]     blocks.0.bn1    relu          128      0      0      0      0      0     -0.12 [97]         +0.19 [62]            2.1 [97]
[LAYER-HEALTH]     blocks.0.bn2    relu          128      0      0      0      0      0     -0.19 [122]        +0.07 [14]            2.2 [24]
[LAYER-HEALTH]     blocks.1.bn1    relu          128      0      0      0      0      0     -0.33 [17]         +0.12 [121]           5.6 [97]
[LAYER-HEALTH]     blocks.1.bn2    relu          128      0      0      0      0      0     -0.34 [69]         +0.08 [110]           1.6 [103]
[LAYER-HEALTH]     blocks.2.bn1    relu          128      0      0      0      0      0     -0.37 [72]         +0.13 [30]            3.5 [97]
[LAYER-HEALTH]     blocks.2.bn2    relu          128      0      0      0      0      0     -0.31 [92]         +0.18 [29]            1.5 [34]
[LAYER-HEALTH]     tower_final_bn  relu          128      0      0      0      0      0     -0.07 [35]         +0.43 [31]            5.7 [39]
[LAYER-HEALTH]     policy.pre_bn   relu          128      0      0      0      0      0     -0.04 [114]        +0.17 [100]           2.8 [32]
[LAYER-HEALTH]     value.bn        relu           16      0      0      0      0      0     -0.13 [10]         +0.01 [0]             1.5 [1]
[LAYER-HEALTH]   FC hidden-unit velocity — zero: every weight-velocity entry exactly 0; low: nonzero but < 5% of the layer's p90 unit norm
[LAYER-HEALTH]     value.fc1.weight  relu  units 128  zero 0  low 32  median unit norm 0.004253
[LAYER-HEALTH]     (no SE blocks)
[LAYER-HEALTH]   ReZero: none
[LAYER-HEALTH]   non-finite: 0 values in 0 of 102 tensors (10263038 values examined)
[LAYER-HEALTH]   largest |value|: blocks.2.bn1.running_mean 3.77, blocks.1.bn1.running_mean 3.223, blocks.0.bn2.running_var 2.722, blocks.0.bn2.running_mean 2.448, blocks.1.bn1.running_var 2.407
[REPLAY] enumerated checkpoint -> 20261005-lrA-const01-replay-step34000.safetensors
[REPLAY] step=34050 loss=3.5803 pLoss=2.7681 vLoss=0.8062 pEnt=2.868 pIllM=0.0061 playedP=0.164 pW=0.48 pD=0.07 pL=0.46 vAbs=0.230 pLogitMean=0.5880 vLogitMean=1.3936 gNorm=0.950 lr=0.01 ms=1537.0 buf=500000 plies=290790184 games=4387395 rejected=0 skipped=0 epoch=0 mom=0.9000 trainerStep=34050
[LAYER-HEALTH] live trainerStep=34050 scope=batch_norm_state_only reluSites=9/10 ch=1040 dead=0 off=0 alwaysOn=0 worst=none maxBetaOverGamma=+0.43@tower_final_bn[31] minBetaOverGamma=-0.37@blocks.2.bn1[72] rvMaxOverMedian=7.2@stem.bn[53] rezero=none nonFinite=0
[REPLAY] step=34100 loss=3.5581 pLoss=2.7613 vLoss=0.7900 pEnt=2.845 pIllM=0.0068 playedP=0.169 pW=0.47 pD=0.07 pL=0.46 vAbs=0.231 pLogitMean=0.5883 vLogitMean=1.3878 gNorm=1.149 lr=0.01 ms=1368.9 buf=500000 plies=291216824 games=4393851 rejected=0 skipped=0 epoch=0 mom=0.9000 trainerStep=34100
[LAYER-HEALTH] live trainerStep=34100 scope=batch_norm_state_only reluSites=9/10 ch=1040 dead=0 off=0 alwaysOn=0 worst=none maxBetaOverGamma=+0.43@tower_final_bn[31] minBetaOverGamma=-0.37@blocks.2.bn1[72] rvMaxOverMedian=7.2@stem.bn[53] rezero=none nonFinite=0
[REPLAY] step=34150 loss=3.5928 pLoss=2.7732 vLoss=0.8139 pEnt=2.862 pIllM=0.0057 playedP=0.167 pW=0.47 pD=0.07 pL=0.47 vAbs=0.220 pLogitMean=0.5882 vLogitMean=1.4068 gNorm=1.000 lr=0.01 ms=1394.9 buf=500000 plies=291643503 games=4400308 rejected=0 skipped=0 epoch=0 mom=0.9000 trainerStep=34150
[LAYER-HEALTH] live trainerStep=34150 scope=batch_norm_state_only reluSites=9/10 ch=1040 dead=0 off=0 alwaysOn=0 worst=none maxBetaOverGamma=+0.43@tower_final_bn[31] minBetaOverGamma=-0.37@blocks.2.bn1[72] rvMaxOverMedian=7.2@stem.bn[53] rezero=none nonFinite=0
[REPLAY] step=34200 loss=3.5800 pLoss=2.7665 vLoss=0.8071 pEnt=2.857 pIllM=0.0064 playedP=0.166 pW=0.47 pD=0.07 pL=0.46 vAbs=0.215 pLogitMean=0.5867 vLogitMean=1.4046 gNorm=0.957 lr=0.01 ms=1405.4 buf=500000 plies=292070168 games=4406733 rejected=0 skipped=0 epoch=0 mom=0.9000 trainerStep=34200
[LAYER-HEALTH] live trainerStep=34200 scope=batch_norm_state_only reluSites=9/10 ch=1040 dead=0 off=0 alwaysOn=0 worst=none maxBetaOverGamma=+0.43@tower_final_bn[31] minBetaOverGamma=-0.37@blocks.2.bn1[72] rvMaxOverMedian=7.2@stem.bn[53] rezero=none nonFinite=0
[REPLAY] step=34250 loss=3.5651 pLoss=2.7627 vLoss=0.7961 pEnt=2.854 pIllM=0.0063 playedP=0.167 pW=0.47 pD=0.07 pL=0.47 vAbs=0.241 pLogitMean=0.5879 vLogitMean=1.4088 gNorm=1.075 lr=0.01 ms=1478.1 buf=500000 plies=292496833 games=4413188 rejected=0 skipped=0 epoch=0 mom=0.9000 trainerStep=34250
[LAYER-HEALTH] live trainerStep=34250 scope=batch_norm_state_only reluSites=9/10 ch=1040 dead=0 off=0 alwaysOn=0 worst=none maxBetaOverGamma=+0.43@tower_final_bn[31] minBetaOverGamma=-0.37@blocks.2.bn1[72] rvMaxOverMedian=7.4@stem.bn[53] rezero=none nonFinite=0
[REPLAY] step=34300 loss=3.5314 pLoss=2.7286 vLoss=0.7969 pEnt=2.825 pIllM=0.0060 playedP=0.172 pW=0.47 pD=0.07 pL=0.46 vAbs=0.249 pLogitMean=0.5875 vLogitMean=1.3820 gNorm=0.996 lr=0.01 ms=1393.1 buf=500000 plies=292923517 games=4419636 rejected=0 skipped=0 epoch=0 mom=0.9000 trainerStep=34300
[LAYER-HEALTH] live trainerStep=34300 scope=batch_norm_state_only reluSites=9/10 ch=1040 dead=0 off=0 alwaysOn=0 worst=none maxBetaOverGamma=+0.43@tower_final_bn[31] minBetaOverGamma=-0.37@blocks.2.bn1[72] rvMaxOverMedian=7.4@stem.bn[53] rezero=none nonFinite=0
[REPLAY] step=34350 loss=3.5950 pLoss=2.7855 vLoss=0.8033 pEnt=2.874 pIllM=0.0062 playedP=0.160 pW=0.47 pD=0.06 pL=0.46 vAbs=0.233 pLogitMean=0.5880 vLogitMean=1.3713 gNorm=1.071 lr=0.01 ms=1376.6 buf=500000 plies=293350111 games=4426146 rejected=0 skipped=0 epoch=0 mom=0.9000 trainerStep=34350
[LAYER-HEALTH] live trainerStep=34350 scope=batch_norm_state_only reluSites=9/10 ch=1040 dead=0 off=0 alwaysOn=0 worst=none maxBetaOverGamma=+0.43@tower_final_bn[31] minBetaOverGamma=-0.38@blocks.2.bn1[72] rvMaxOverMedian=7.2@stem.bn[53] rezero=none nonFinite=0
[REPLAY] step=34400 loss=3.5650 pLoss=2.7604 vLoss=0.7993 pEnt=2.892 pIllM=0.0053 playedP=0.161 pW=0.48 pD=0.07 pL=0.45 vAbs=0.229 pLogitMean=0.5867 vLogitMean=1.3756 gNorm=1.036 lr=0.01 ms=1455.3 buf=500000 plies=293776727 games=4432665 rejected=0 skipped=0 epoch=0 mom=0.9000 trainerStep=34400
[LAYER-HEALTH] live trainerStep=34400 scope=batch_norm_state_only reluSites=9/10 ch=1040 dead=0 off=0 alwaysOn=0 worst=none maxBetaOverGamma=+0.43@tower_final_bn[31] minBetaOverGamma=-0.38@blocks.2.bn1[72] rvMaxOverMedian=7.2@stem.bn[53] rezero=none nonFinite=0
[REPLAY] step=34450 loss=3.5814 pLoss=2.7617 vLoss=0.8126 pEnt=2.871 pIllM=0.0071 playedP=0.166 pW=0.47 pD=0.06 pL=0.46 vAbs=0.222 pLogitMean=0.5871 vLogitMean=1.3674 gNorm=0.959 lr=0.01 ms=1554.8 buf=500000 plies=294203418 games=4439085 rejected=0 skipped=0 epoch=0 mom=0.9000 trainerStep=34450
[LAYER-HEALTH] live trainerStep=34450 scope=batch_norm_state_only reluSites=9/10 ch=1040 dead=0 off=0 alwaysOn=0 worst=none maxBetaOverGamma=+0.43@tower_final_bn[31] minBetaOverGamma=-0.38@blocks.2.bn1[72] rvMaxOverMedian=7.3@stem.bn[53] rezero=none nonFinite=0
[REPLAY] step=34500 loss=3.5559 pLoss=2.7457 vLoss=0.8038 pEnt=2.850 pIllM=0.0065 playedP=0.172 pW=0.47 pD=0.07 pL=0.46 vAbs=0.229 pLogitMean=0.5873 vLogitMean=1.3816 gNorm=1.095 lr=0.01 ms=1510.4 buf=500000 plies=294630036 games=4445509 rejected=0 skipped=0 epoch=0 mom=0.9000 trainerStep=34500
[LAYER-HEALTH] live trainerStep=34500 scope=batch_norm_state_only reluSites=9/10 ch=1040 dead=0 off=0 alwaysOn=0 worst=none maxBetaOverGamma=+0.43@tower_final_bn[31] minBetaOverGamma=-0.38@blocks.2.bn1[72] rvMaxOverMedian=7.3@stem.bn[53] rezero=none nonFinite=0
[REPLAY] step=34550 loss=3.5530 pLoss=2.7484 vLoss=0.7979 pEnt=2.853 pIllM=0.0068 playedP=0.167 pW=0.48 pD=0.07 pL=0.46 vAbs=0.239 pLogitMean=0.5865 vLogitMean=1.4092 gNorm=1.041 lr=0.01 ms=1392.8 buf=500000 plies=295056699 games=4452045 rejected=0 skipped=0 epoch=0 mom=0.9000 trainerStep=34550
[LAYER-HEALTH] live trainerStep=34550 scope=batch_norm_state_only reluSites=9/10 ch=1040 dead=0 off=0 alwaysOn=0 worst=none maxBetaOverGamma=+0.43@tower_final_bn[31] minBetaOverGamma=-0.38@blocks.2.bn1[72] rvMaxOverMedian=7.2@stem.bn[53] rezero=none nonFinite=0
[REPLAY] step=34600 loss=3.5649 pLoss=2.7444 vLoss=0.8143 pEnt=2.864 pIllM=0.0062 playedP=0.166 pW=0.45 pD=0.08 pL=0.47 vAbs=0.230 pLogitMean=0.5869 vLogitMean=1.3934 gNorm=0.968 lr=0.01 ms=1439.5 buf=500000 plies=295483399 games=4458499 rejected=0 skipped=0 epoch=0 mom=0.9000 trainerStep=34600
[LAYER-HEALTH] live trainerStep=34600 scope=batch_norm_state_only reluSites=9/10 ch=1040 dead=0 off=0 alwaysOn=0 worst=none maxBetaOverGamma=+0.43@tower_final_bn[31] minBetaOverGamma=-0.38@blocks.2.bn1[72] rvMaxOverMedian=7.4@stem.bn[53] rezero=none nonFinite=0
[REPLAY] step=34650 loss=3.5310 pLoss=2.7213 vLoss=0.8029 pEnt=2.866 pIllM=0.0068 playedP=0.166 pW=0.46 pD=0.06 pL=0.47 vAbs=0.235 pLogitMean=0.5876 vLogitMean=1.4078 gNorm=1.079 lr=0.01 ms=1402.8 buf=500000 plies=295910014 games=4464883 rejected=0 skipped=0 epoch=0 mom=0.9000 trainerStep=34650
[LAYER-HEALTH] live trainerStep=34650 scope=batch_norm_state_only reluSites=9/10 ch=1040 dead=0 off=0 alwaysOn=0 worst=none maxBetaOverGamma=+0.43@tower_final_bn[31] minBetaOverGamma=-0.38@blocks.2.bn1[72] rvMaxOverMedian=7.4@stem.bn[53] rezero=none nonFinite=0
[REPLAY] step=34700 loss=3.5732 pLoss=2.7599 vLoss=0.8072 pEnt=2.866 pIllM=0.0061 playedP=0.164 pW=0.46 pD=0.06 pL=0.48 vAbs=0.232 pLogitMean=0.5891 vLogitMean=1.4202 gNorm=1.041 lr=0.01 ms=1493.0 buf=500000 plies=296336653 games=4471251 rejected=0 skipped=0 epoch=0 mom=0.9000 trainerStep=34700
[LAYER-HEALTH] live trainerStep=34700 scope=batch_norm_state_only reluSites=9/10 ch=1040 dead=0 off=0 alwaysOn=0 worst=none maxBetaOverGamma=+0.43@tower_final_bn[31] minBetaOverGamma=-0.38@blocks.2.bn1[72] rvMaxOverMedian=7.3@stem.bn[53] rezero=none nonFinite=0
[REPLAY] step=34750 loss=3.5661 pLoss=2.7468 vLoss=0.8131 pEnt=2.857 pIllM=0.0062 playedP=0.167 pW=0.48 pD=0.07 pL=0.45 vAbs=0.228 pLogitMean=0.5888 vLogitMean=1.4347 gNorm=1.035 lr=0.01 ms=1440.8 buf=500000 plies=296763326 games=4477707 rejected=0 skipped=0 epoch=0 mom=0.9000 trainerStep=34750
[LAYER-HEALTH] live trainerStep=34750 scope=batch_norm_state_only reluSites=9/10 ch=1040 dead=0 off=0 alwaysOn=0 worst=none maxBetaOverGamma=+0.43@tower_final_bn[31] minBetaOverGamma=-0.38@blocks.2.bn1[72] rvMaxOverMedian=7.3@stem.bn[53] rezero=none nonFinite=0
[REPLAY] step=34800 loss=3.5725 pLoss=2.7677 vLoss=0.7984 pEnt=2.863 pIllM=0.0065 playedP=0.164 pW=0.48 pD=0.06 pL=0.45 vAbs=0.231 pLogitMean=0.5878 vLogitMean=1.4140 gNorm=1.050 lr=0.01 ms=1412.3 buf=500000 plies=297189981 games=4484189 rejected=0 skipped=0 epoch=0 mom=0.9000 trainerStep=34800
[LAYER-HEALTH] live trainerStep=34800 scope=batch_norm_state_only reluSites=9/10 ch=1040 dead=0 off=0 alwaysOn=0 worst=none maxBetaOverGamma=+0.43@tower_final_bn[31] minBetaOverGamma=-0.38@blocks.2.bn1[72] rvMaxOverMedian=7.3@stem.bn[53] rezero=none nonFinite=0
[REPLAY] step=34850 loss=3.5733 pLoss=2.7614 vLoss=0.8057 pEnt=2.875 pIllM=0.0062 playedP=0.163 pW=0.47 pD=0.07 pL=0.46 vAbs=0.239 pLogitMean=0.5893 vLogitMean=1.3906 gNorm=0.927 lr=0.01 ms=1515.3 buf=500000 plies=297616636 games=4490738 rejected=0 skipped=0 epoch=0 mom=0.9000 trainerStep=34850
[LAYER-HEALTH] live trainerStep=34850 scope=batch_norm_state_only reluSites=9/10 ch=1040 dead=0 off=0 alwaysOn=0 worst=none maxBetaOverGamma=+0.43@tower_final_bn[31] minBetaOverGamma=-0.38@blocks.2.bn1[72] rvMaxOverMedian=7.0@stem.bn[53] rezero=none nonFinite=0
[REPLAY] step=34900 loss=3.5825 pLoss=2.7481 vLoss=0.8289 pEnt=2.859 pIllM=0.0055 playedP=0.169 pW=0.47 pD=0.07 pL=0.46 vAbs=0.228 pLogitMean=0.5895 vLogitMean=1.3820 gNorm=0.989 lr=0.01 ms=1506.4 buf=500000 plies=298043273 games=4497180 rejected=0 skipped=0 epoch=0 mom=0.9000 trainerStep=34900
[LAYER-HEALTH] live trainerStep=34900 scope=batch_norm_state_only reluSites=9/10 ch=1040 dead=0 off=0 alwaysOn=0 worst=none maxBetaOverGamma=+0.43@tower_final_bn[31] minBetaOverGamma=-0.38@blocks.2.bn1[72] rvMaxOverMedian=6.9@stem.bn[53] rezero=none nonFinite=0
[REPLAY] step=34950 loss=3.5579 pLoss=2.7497 vLoss=0.8021 pEnt=2.874 pIllM=0.0060 playedP=0.163 pW=0.46 pD=0.07 pL=0.47 vAbs=0.229 pLogitMean=0.5889 vLogitMean=1.4034 gNorm=0.982 lr=0.01 ms=1466.0 buf=500000 plies=298469879 games=4503676 rejected=0 skipped=0 epoch=0 mom=0.9000 trainerStep=34950
[LAYER-HEALTH] live trainerStep=34950 scope=batch_norm_state_only reluSites=9/10 ch=1040 dead=0 off=0 alwaysOn=0 worst=none maxBetaOverGamma=+0.43@tower_final_bn[31] minBetaOverGamma=-0.38@blocks.2.bn1[72] rvMaxOverMedian=6.9@stem.bn[53] rezero=none nonFinite=0
[REPLAY] step=35000 loss=3.5925 pLoss=2.7638 vLoss=0.8223 pEnt=2.843 pIllM=0.0064 playedP=0.172 pW=0.47 pD=0.07 pL=0.46 vAbs=0.219 pLogitMean=0.5895 vLogitMean=1.3878 gNorm=1.124 lr=0.01 ms=1459.7 buf=500000 plies=298896572 games=4510144 rejected=0 skipped=0 epoch=0 mom=0.9000 trainerStep=35000
[LAYER-HEALTH] live trainerStep=35000 scope=batch_norm_state_only reluSites=9/10 ch=1040 dead=0 off=0 alwaysOn=0 worst=none maxBetaOverGamma=+0.43@tower_final_bn[31] minBetaOverGamma=-0.38@blocks.2.bn1[72] rvMaxOverMedian=6.9@stem.bn[53] rezero=none nonFinite=0
[REPLAY] saved trainer model (autosave) step=35000 trainerStep=35000 nextGame=4510144 shard=9 epoch=0 -> 20261005-lrA-const01-replay-latest.safetensors
[LAYER-HEALTH] checkpoint replay-autosave step=35000 trainerStep=35000 scope=all_tensors reluSites=9/10 ch=1040 dead=0 off=0 alwaysOn=0 worst=none maxBetaOverGamma=+0.43@tower_final_bn[31] minBetaOverGamma=-0.38@blocks.2.bn1[72] rvMaxOverMedian=6.9@stem.bn[53] rezero=none nonFinite=0 seZeroVel=none valueFC1ZeroVel=0/128 maxAbs=3.775@blocks.2.bn1.running_mean
[LAYER-HEALTH]   batch-norm sites — β/|γ|: dead < -3.00, mostly off < -2.00, always on > +3.00; classified for relu/leaky_relu only
[LAYER-HEALTH]     site            act            ch   dead    off     on  zeroγ nonfin  min β/|γ| [ch]     max β/|γ| [ch]     rv max/median [ch]
[LAYER-HEALTH]     stem.bn         -             128    n/a    n/a    n/a      0      0     -0.07 [85]         +0.05 [62]            6.9 [53]
[LAYER-HEALTH]     blocks.0.bn1    relu          128      0      0      0      0      0     -0.12 [97]         +0.19 [62]            2.2 [97]
[LAYER-HEALTH]     blocks.0.bn2    relu          128      0      0      0      0      0     -0.19 [122]        +0.07 [86]            2.3 [24]
[LAYER-HEALTH]     blocks.1.bn1    relu          128      0      0      0      0      0     -0.34 [17]         +0.12 [121]           5.6 [97]
[LAYER-HEALTH]     blocks.1.bn2    relu          128      0      0      0      0      0     -0.34 [69]         +0.08 [110]           1.6 [116]
[LAYER-HEALTH]     blocks.2.bn1    relu          128      0      0      0      0      0     -0.38 [72]         +0.12 [30]            3.5 [97]
[LAYER-HEALTH]     blocks.2.bn2    relu          128      0      0      0      0      0     -0.32 [92]         +0.18 [29]            1.5 [34]
[LAYER-HEALTH]     tower_final_bn  relu          128      0      0      0      0      0     -0.07 [35]         +0.43 [31]            5.7 [39]
[LAYER-HEALTH]     policy.pre_bn   relu          128      0      0      0      0      0     -0.04 [114]        +0.17 [100]           2.7 [32]
[LAYER-HEALTH]     value.bn        relu           16      0      0      0      0      0     -0.12 [10]         +0.01 [0]             1.6 [11]
[LAYER-HEALTH]   FC hidden-unit velocity — zero: every weight-velocity entry exactly 0; low: nonzero but < 5% of the layer's p90 unit norm
[LAYER-HEALTH]     value.fc1.weight  relu  units 128  zero 0  low 30  median unit norm 0.004934
[LAYER-HEALTH]     (no SE blocks)
[LAYER-HEALTH]   ReZero: none
[LAYER-HEALTH]   non-finite: 0 values in 0 of 102 tensors (10263038 values examined)
[LAYER-HEALTH]   largest |value|: blocks.2.bn1.running_mean 3.775, blocks.1.bn1.running_mean 3.173, blocks.0.bn2.running_var 2.826, blocks.1.bn1.running_var 2.404, blocks.0.bn2.running_mean 2.396
[REPLAY] enumerated checkpoint -> 20261005-lrA-const01-replay-step35000.safetensors
[REPLAY] step=35050 loss=3.5230 pLoss=2.7072 vLoss=0.8097 pEnt=2.858 pIllM=0.0060 playedP=0.168 pW=0.46 pD=0.07 pL=0.47 vAbs=0.255 pLogitMean=0.5892 vLogitMean=1.4153 gNorm=1.056 lr=0.01 ms=1502.4 buf=500000 plies=299323207 games=4516549 rejected=0 skipped=0 epoch=0 mom=0.9000 trainerStep=35050
[LAYER-HEALTH] live trainerStep=35050 scope=batch_norm_state_only reluSites=9/10 ch=1040 dead=0 off=0 alwaysOn=0 worst=none maxBetaOverGamma=+0.43@tower_final_bn[31] minBetaOverGamma=-0.38@blocks.2.bn1[72] rvMaxOverMedian=6.8@stem.bn[53] rezero=none nonFinite=0
[REPLAY] step=35100 loss=3.5505 pLoss=2.7437 vLoss=0.7998 pEnt=2.863 pIllM=0.0070 playedP=0.169 pW=0.46 pD=0.07 pL=0.47 vAbs=0.231 pLogitMean=0.5895 vLogitMean=1.3920 gNorm=1.147 lr=0.01 ms=1472.9 buf=500000 plies=299749831 games=4523027 rejected=0 skipped=0 epoch=0 mom=0.9000 trainerStep=35100
[LAYER-HEALTH] live trainerStep=35100 scope=batch_norm_state_only reluSites=9/10 ch=1040 dead=0 off=0 alwaysOn=0 worst=none maxBetaOverGamma=+0.43@tower_final_bn[31] minBetaOverGamma=-0.38@blocks.2.bn1[72] rvMaxOverMedian=6.9@stem.bn[53] rezero=none nonFinite=0
[REPLAY] step=35150 loss=3.5736 pLoss=2.7426 vLoss=0.8253 pEnt=2.851 pIllM=0.0058 playedP=0.169 pW=0.47 pD=0.07 pL=0.46 vAbs=0.230 pLogitMean=0.5902 vLogitMean=1.3806 gNorm=1.069 lr=0.01 ms=1518.1 buf=500000 plies=300176479 games=4529462 rejected=0 skipped=0 epoch=0 mom=0.9000 trainerStep=35150
[LAYER-HEALTH] live trainerStep=35150 scope=batch_norm_state_only reluSites=9/10 ch=1040 dead=0 off=0 alwaysOn=0 worst=none maxBetaOverGamma=+0.43@tower_final_bn[31] minBetaOverGamma=-0.38@blocks.2.bn1[72] rvMaxOverMedian=7.0@stem.bn[53] rezero=none nonFinite=0
[REPLAY] step=35200 loss=3.5824 pLoss=2.7573 vLoss=0.8185 pEnt=2.826 pIllM=0.0066 playedP=0.172 pW=0.46 pD=0.07 pL=0.46 vAbs=0.235 pLogitMean=0.5901 vLogitMean=1.3696 gNorm=1.143 lr=0.01 ms=1421.1 buf=500000 plies=300603141 games=4535852 rejected=0 skipped=0 epoch=0 mom=0.9000 trainerStep=35200
[LAYER-HEALTH] live trainerStep=35200 scope=batch_norm_state_only reluSites=9/10 ch=1040 dead=0 off=0 alwaysOn=0 worst=none maxBetaOverGamma=+0.43@tower_final_bn[31] minBetaOverGamma=-0.38@blocks.2.bn1[72] rvMaxOverMedian=7.0@stem.bn[53] rezero=none nonFinite=0
[REPLAY] step=35250 loss=3.6094 pLoss=2.7894 vLoss=0.8143 pEnt=2.881 pIllM=0.0057 playedP=0.160 pW=0.46 pD=0.07 pL=0.47 vAbs=0.224 pLogitMean=0.5901 vLogitMean=1.3953 gNorm=0.994 lr=0.01 ms=1318.1 buf=500000 plies=301029789 games=4542298 rejected=0 skipped=0 epoch=0 mom=0.9000 trainerStep=35250
[LAYER-HEALTH] live trainerStep=35250 scope=batch_norm_state_only reluSites=9/10 ch=1040 dead=0 off=0 alwaysOn=0 worst=none maxBetaOverGamma=+0.43@tower_final_bn[31] minBetaOverGamma=-0.38@blocks.2.bn1[72] rvMaxOverMedian=6.9@stem.bn[53] rezero=none nonFinite=0
[REPLAY] step=35300 loss=3.5721 pLoss=2.7464 vLoss=0.8195 pEnt=2.863 pIllM=0.0062 playedP=0.167 pW=0.47 pD=0.07 pL=0.46 vAbs=0.229 pLogitMean=0.5903 vLogitMean=1.4311 gNorm=0.976 lr=0.01 ms=1488.5 buf=500000 plies=301456439 games=4548765 rejected=0 skipped=0 epoch=0 mom=0.9000 trainerStep=35300
[LAYER-HEALTH] live trainerStep=35300 scope=batch_norm_state_only reluSites=9/10 ch=1040 dead=0 off=0 alwaysOn=0 worst=none maxBetaOverGamma=+0.43@tower_final_bn[31] minBetaOverGamma=-0.38@blocks.2.bn1[72] rvMaxOverMedian=6.9@stem.bn[53] rezero=none nonFinite=0
[REPLAY] step=35350 loss=3.5647 pLoss=2.7637 vLoss=0.7943 pEnt=2.843 pIllM=0.0066 playedP=0.170 pW=0.48 pD=0.07 pL=0.45 vAbs=0.253 pLogitMean=0.5909 vLogitMean=1.4061 gNorm=1.120 lr=0.01 ms=1379.2 buf=500000 plies=301883144 games=4555212 rejected=0 skipped=0 epoch=0 mom=0.9000 trainerStep=35350
[LAYER-HEALTH] live trainerStep=35350 scope=batch_norm_state_only reluSites=9/10 ch=1040 dead=0 off=0 alwaysOn=0 worst=none maxBetaOverGamma=+0.43@tower_final_bn[31] minBetaOverGamma=-0.38@blocks.2.bn1[72] rvMaxOverMedian=6.8@stem.bn[53] rezero=none nonFinite=0
[REPLAY] step=35400 loss=3.5404 pLoss=2.7442 vLoss=0.7907 pEnt=2.877 pIllM=0.0055 playedP=0.165 pW=0.47 pD=0.07 pL=0.47 vAbs=0.244 pLogitMean=0.5910 vLogitMean=1.4071 gNorm=0.863 lr=0.01 ms=1409.8 buf=500000 plies=302309733 games=4561638 rejected=0 skipped=0 epoch=0 mom=0.9000 trainerStep=35400
[LAYER-HEALTH] live trainerStep=35400 scope=batch_norm_state_only reluSites=9/10 ch=1040 dead=0 off=0 alwaysOn=0 worst=none maxBetaOverGamma=+0.43@tower_final_bn[31] minBetaOverGamma=-0.38@blocks.2.bn1[72] rvMaxOverMedian=6.9@stem.bn[53] rezero=none nonFinite=0
[REPLAY] step=35450 loss=3.5475 pLoss=2.7407 vLoss=0.8008 pEnt=2.860 pIllM=0.0060 playedP=0.165 pW=0.47 pD=0.07 pL=0.46 vAbs=0.225 pLogitMean=0.5899 vLogitMean=1.3970 gNorm=0.920 lr=0.01 ms=1386.5 buf=500000 plies=302736391 games=4568024 rejected=0 skipped=0 epoch=0 mom=0.9000 trainerStep=35450
[LAYER-HEALTH] live trainerStep=35450 scope=batch_norm_state_only reluSites=9/10 ch=1040 dead=0 off=0 alwaysOn=0 worst=none maxBetaOverGamma=+0.43@tower_final_bn[31] minBetaOverGamma=-0.38@blocks.2.bn1[72] rvMaxOverMedian=6.9@stem.bn[53] rezero=none nonFinite=0
[REPLAY] step=35500 loss=3.5798 pLoss=2.7464 vLoss=0.8278 pEnt=2.874 pIllM=0.0056 playedP=0.166 pW=0.46 pD=0.07 pL=0.48 vAbs=0.228 pLogitMean=0.5904 vLogitMean=1.3639 gNorm=1.023 lr=0.01 ms=1357.8 buf=500000 plies=303163023 games=4574468 rejected=0 skipped=0 epoch=0 mom=0.9000 trainerStep=35500
[LAYER-HEALTH] live trainerStep=35500 scope=batch_norm_state_only reluSites=9/10 ch=1040 dead=0 off=0 alwaysOn=0 worst=none maxBetaOverGamma=+0.43@tower_final_bn[31] minBetaOverGamma=-0.38@blocks.2.bn1[72] rvMaxOverMedian=6.9@stem.bn[53] rezero=none nonFinite=0
[REPLAY] step=35550 loss=3.5937 pLoss=2.7719 vLoss=0.8157 pEnt=2.894 pIllM=0.0061 playedP=0.158 pW=0.47 pD=0.07 pL=0.46 vAbs=0.224 pLogitMean=0.5904 vLogitMean=1.3518 gNorm=0.979 lr=0.01 ms=1464.1 buf=500000 plies=303589755 games=4580950 rejected=0 skipped=0 epoch=0 mom=0.9000 trainerStep=35550
[LAYER-HEALTH] live trainerStep=35550 scope=batch_norm_state_only reluSites=9/10 ch=1040 dead=0 off=0 alwaysOn=0 worst=none maxBetaOverGamma=+0.43@tower_final_bn[31] minBetaOverGamma=-0.38@blocks.2.bn1[72] rvMaxOverMedian=7.0@stem.bn[53] rezero=none nonFinite=0
[REPLAY] step=35600 loss=3.5488 pLoss=2.7468 vLoss=0.7961 pEnt=2.864 pIllM=0.0059 playedP=0.166 pW=0.47 pD=0.06 pL=0.47 vAbs=0.227 pLogitMean=0.5906 vLogitMean=1.3908 gNorm=0.972 lr=0.01 ms=1430.0 buf=500000 plies=304016324 games=4587341 rejected=0 skipped=0 epoch=0 mom=0.9000 trainerStep=35600
[LAYER-HEALTH] live trainerStep=35600 scope=batch_norm_state_only reluSites=9/10 ch=1040 dead=0 off=0 alwaysOn=0 worst=none maxBetaOverGamma=+0.43@tower_final_bn[31] minBetaOverGamma=-0.38@blocks.2.bn1[72] rvMaxOverMedian=7.0@stem.bn[53] rezero=none nonFinite=0
[REPLAY] step=35650 loss=3.5442 pLoss=2.7378 vLoss=0.8001 pEnt=2.843 pIllM=0.0063 playedP=0.172 pW=0.47 pD=0.06 pL=0.47 vAbs=0.232 pLogitMean=0.5927 vLogitMean=1.3845 gNorm=0.971 lr=0.01 ms=1461.9 buf=500000 plies=304442997 games=4593709 rejected=0 skipped=0 epoch=0 mom=0.9000 trainerStep=35650
[LAYER-HEALTH] live trainerStep=35650 scope=batch_norm_state_only reluSites=9/10 ch=1040 dead=0 off=0 alwaysOn=0 worst=none maxBetaOverGamma=+0.43@tower_final_bn[31] minBetaOverGamma=-0.38@blocks.2.bn1[72] rvMaxOverMedian=7.0@stem.bn[53] rezero=none nonFinite=0
[REPLAY] step=35700 loss=3.6124 pLoss=2.7850 vLoss=0.8211 pEnt=2.871 pIllM=0.0063 playedP=0.162 pW=0.47 pD=0.07 pL=0.46 vAbs=0.229 pLogitMean=0.5916 vLogitMean=1.3422 gNorm=1.164 lr=0.01 ms=1376.2 buf=500000 plies=304869655 games=4600099 rejected=0 skipped=0 epoch=0 mom=0.9000 trainerStep=35700
[LAYER-HEALTH] live trainerStep=35700 scope=batch_norm_state_only reluSites=9/10 ch=1040 dead=0 off=0 alwaysOn=0 worst=none maxBetaOverGamma=+0.44@tower_final_bn[31] minBetaOverGamma=-0.38@blocks.2.bn1[72] rvMaxOverMedian=7.0@stem.bn[53] rezero=none nonFinite=0
[REPLAY] step=35750 loss=3.5553 pLoss=2.7244 vLoss=0.8248 pEnt=2.857 pIllM=0.0062 playedP=0.171 pW=0.45 pD=0.07 pL=0.48 vAbs=0.226 pLogitMean=0.5935 vLogitMean=1.3511 gNorm=1.070 lr=0.01 ms=1439.4 buf=500000 plies=305296312 games=4606546 rejected=0 skipped=0 epoch=0 mom=0.9000 trainerStep=35750
[LAYER-HEALTH] live trainerStep=35750 scope=batch_norm_state_only reluSites=9/10 ch=1040 dead=0 off=0 alwaysOn=0 worst=none maxBetaOverGamma=+0.43@tower_final_bn[31] minBetaOverGamma=-0.38@blocks.2.bn1[72] rvMaxOverMedian=7.0@stem.bn[53] rezero=none nonFinite=0
[REPLAY] step=35800 loss=3.5481 pLoss=2.7424 vLoss=0.7996 pEnt=2.847 pIllM=0.0061 playedP=0.169 pW=0.48 pD=0.07 pL=0.46 vAbs=0.232 pLogitMean=0.5922 vLogitMean=1.3705 gNorm=0.971 lr=0.01 ms=1371.5 buf=500000 plies=305723002 games=4612911 rejected=0 skipped=0 epoch=0 mom=0.9000 trainerStep=35800
[LAYER-HEALTH] live trainerStep=35800 scope=batch_norm_state_only reluSites=9/10 ch=1040 dead=0 off=0 alwaysOn=0 worst=none maxBetaOverGamma=+0.44@tower_final_bn[31] minBetaOverGamma=-0.39@blocks.2.bn1[72] rvMaxOverMedian=7.1@stem.bn[53] rezero=none nonFinite=0
[REPLAY] step=35850 loss=3.5617 pLoss=2.7451 vLoss=0.8110 pEnt=2.851 pIllM=0.0056 playedP=0.171 pW=0.47 pD=0.07 pL=0.46 vAbs=0.227 pLogitMean=0.5920 vLogitMean=1.3617 gNorm=0.989 lr=0.01 ms=1446.5 buf=500000 plies=306149582 games=4619374 rejected=0 skipped=0 epoch=0 mom=0.9000 trainerStep=35850
[LAYER-HEALTH] live trainerStep=35850 scope=batch_norm_state_only reluSites=9/10 ch=1040 dead=0 off=0 alwaysOn=0 worst=none maxBetaOverGamma=+0.44@tower_final_bn[31] minBetaOverGamma=-0.39@blocks.2.bn1[72] rvMaxOverMedian=6.9@stem.bn[53] rezero=none nonFinite=0
[REPLAY] step=35900 loss=3.5656 pLoss=2.7539 vLoss=0.8051 pEnt=2.867 pIllM=0.0067 playedP=0.167 pW=0.48 pD=0.06 pL=0.46 vAbs=0.236 pLogitMean=0.5930 vLogitMean=1.3989 gNorm=1.088 lr=0.01 ms=1390.7 buf=500000 plies=306576239 games=4625868 rejected=0 skipped=0 epoch=0 mom=0.9000 trainerStep=35900
[LAYER-HEALTH] live trainerStep=35900 scope=batch_norm_state_only reluSites=9/10 ch=1040 dead=0 off=0 alwaysOn=0 worst=none maxBetaOverGamma=+0.44@tower_final_bn[31] minBetaOverGamma=-0.39@blocks.2.bn1[72] rvMaxOverMedian=6.9@stem.bn[53] rezero=none nonFinite=0
[REPLAY] step=35950 loss=3.5895 pLoss=2.7791 vLoss=0.8042 pEnt=2.868 pIllM=0.0061 playedP=0.163 pW=0.47 pD=0.06 pL=0.47 vAbs=0.221 pLogitMean=0.5927 vLogitMean=1.4128 gNorm=0.988 lr=0.01 ms=1449.5 buf=500000 plies=307002906 games=4632298 rejected=0 skipped=0 epoch=0 mom=0.9000 trainerStep=35950
[LAYER-HEALTH] live trainerStep=35950 scope=batch_norm_state_only reluSites=9/10 ch=1040 dead=0 off=0 alwaysOn=0 worst=none maxBetaOverGamma=+0.44@tower_final_bn[31] minBetaOverGamma=-0.39@blocks.2.bn1[72] rvMaxOverMedian=6.9@stem.bn[53] rezero=none nonFinite=0
[REPLAY] step=36000 loss=3.5388 pLoss=2.7263 vLoss=0.8066 pEnt=2.865 pIllM=0.0059 playedP=0.168 pW=0.47 pD=0.06 pL=0.47 vAbs=0.236 pLogitMean=0.5931 vLogitMean=1.4010 gNorm=0.983 lr=0.01 ms=1461.1 buf=500000 plies=307429526 games=4638717 rejected=0 skipped=0 epoch=0 mom=0.9000 trainerStep=36000
[LAYER-HEALTH] live trainerStep=36000 scope=batch_norm_state_only reluSites=9/10 ch=1040 dead=0 off=0 alwaysOn=0 worst=none maxBetaOverGamma=+0.44@tower_final_bn[31] minBetaOverGamma=-0.39@blocks.2.bn1[72] rvMaxOverMedian=6.9@stem.bn[53] rezero=none nonFinite=0
[REPLAY] saved trainer model (autosave) step=36000 trainerStep=36000 nextGame=4638717 shard=10 epoch=0 -> 20261005-lrA-const01-replay-latest.safetensors
[LAYER-HEALTH] checkpoint replay-autosave step=36000 trainerStep=36000 scope=all_tensors reluSites=9/10 ch=1040 dead=0 off=0 alwaysOn=0 worst=none maxBetaOverGamma=+0.44@tower_final_bn[31] minBetaOverGamma=-0.39@blocks.2.bn1[72] rvMaxOverMedian=6.9@stem.bn[53] rezero=none nonFinite=0 seZeroVel=none valueFC1ZeroVel=0/128 maxAbs=3.775@blocks.2.bn1.running_mean
[LAYER-HEALTH]   batch-norm sites — β/|γ|: dead < -3.00, mostly off < -2.00, always on > +3.00; classified for relu/leaky_relu only
[LAYER-HEALTH]     site            act            ch   dead    off     on  zeroγ nonfin  min β/|γ| [ch]     max β/|γ| [ch]     rv max/median [ch]
[LAYER-HEALTH]     stem.bn         -             128    n/a    n/a    n/a      0      0     -0.07 [85]         +0.05 [62]            6.9 [53]
[LAYER-HEALTH]     blocks.0.bn1    relu          128      0      0      0      0      0     -0.13 [97]         +0.19 [62]            2.2 [97]
[LAYER-HEALTH]     blocks.0.bn2    relu          128      0      0      0      0      0     -0.20 [122]        +0.07 [86]            2.1 [24]
[LAYER-HEALTH]     blocks.1.bn1    relu          128      0      0      0      0      0     -0.35 [17]         +0.13 [121]           5.6 [97]
[LAYER-HEALTH]     blocks.1.bn2    relu          128      0      0      0      0      0     -0.35 [69]         +0.08 [110]           1.7 [103]
[LAYER-HEALTH]     blocks.2.bn1    relu          128      0      0      0      0      0     -0.39 [72]         +0.12 [30]            3.5 [97]
[LAYER-HEALTH]     blocks.2.bn2    relu          128      0      0      0      0      0     -0.33 [92]         +0.18 [29]            1.5 [51]
[LAYER-HEALTH]     tower_final_bn  relu          128      0      0      0      0      0     -0.07 [35]         +0.44 [31]            5.9 [39]
[LAYER-HEALTH]     policy.pre_bn   relu          128      0      0      0      0      0     -0.04 [114]        +0.17 [100]           2.7 [32]
[LAYER-HEALTH]     value.bn        relu           16      0      0      0      0      0     -0.13 [10]         +0.00 [0]             1.5 [11]
[LAYER-HEALTH]   FC hidden-unit velocity — zero: every weight-velocity entry exactly 0; low: nonzero but < 5% of the layer's p90 unit norm
[LAYER-HEALTH]     value.fc1.weight  relu  units 128  zero 0  low 38  median unit norm 0.00387
[LAYER-HEALTH]     (no SE blocks)
[LAYER-HEALTH]   ReZero: none
[LAYER-HEALTH]   non-finite: 0 values in 0 of 102 tensors (10263038 values examined)
[LAYER-HEALTH]   largest |value|: blocks.2.bn1.running_mean 3.775, blocks.1.bn1.running_mean 3.186, blocks.0.bn2.running_var 2.613, blocks.1.bn1.running_var 2.414, tower_final_bn.running_mean 2.373
[REPLAY] enumerated checkpoint -> 20261005-lrA-const01-replay-step36000.safetensors
[REPLAY] saved trainer model (final) step=36000 trainerStep=36000 nextGame=4638717 shard=10 epoch=0 -> 20261005-lrA-const01-replay-latest.safetensors
[LAYER-HEALTH] checkpoint replay-final step=36000 trainerStep=36000 scope=all_tensors reluSites=9/10 ch=1040 dead=0 off=0 alwaysOn=0 worst=none maxBetaOverGamma=+0.44@tower_final_bn[31] minBetaOverGamma=-0.39@blocks.2.bn1[72] rvMaxOverMedian=6.9@stem.bn[53] rezero=none nonFinite=0 seZeroVel=none valueFC1ZeroVel=0/128 maxAbs=3.775@blocks.2.bn1.running_mean
[LAYER-HEALTH]   batch-norm sites — β/|γ|: dead < -3.00, mostly off < -2.00, always on > +3.00; classified for relu/leaky_relu only
[LAYER-HEALTH]     site            act            ch   dead    off     on  zeroγ nonfin  min β/|γ| [ch]     max β/|γ| [ch]     rv max/median [ch]
[LAYER-HEALTH]     stem.bn         -             128    n/a    n/a    n/a      0      0     -0.07 [85]         +0.05 [62]            6.9 [53]
[LAYER-HEALTH]     blocks.0.bn1    relu          128      0      0      0      0      0     -0.13 [97]         +0.19 [62]            2.2 [97]
[LAYER-HEALTH]     blocks.0.bn2    relu          128      0      0      0      0      0     -0.20 [122]        +0.07 [86]            2.1 [24]
[LAYER-HEALTH]     blocks.1.bn1    relu          128      0      0      0      0      0     -0.35 [17]         +0.13 [121]           5.6 [97]
[LAYER-HEALTH]     blocks.1.bn2    relu          128      0      0      0      0      0     -0.35 [69]         +0.08 [110]           1.7 [103]
[LAYER-HEALTH]     blocks.2.bn1    relu          128      0      0      0      0      0     -0.39 [72]         +0.12 [30]            3.5 [97]
[LAYER-HEALTH]     blocks.2.bn2    relu          128      0      0      0      0      0     -0.33 [92]         +0.18 [29]            1.5 [51]
[LAYER-HEALTH]     tower_final_bn  relu          128      0      0      0      0      0     -0.07 [35]         +0.44 [31]            5.9 [39]
[LAYER-HEALTH]     policy.pre_bn   relu          128      0      0      0      0      0     -0.04 [114]        +0.17 [100]           2.7 [32]
[LAYER-HEALTH]     value.bn        relu           16      0      0      0      0      0     -0.13 [10]         +0.00 [0]             1.5 [11]
[LAYER-HEALTH]   FC hidden-unit velocity — zero: every weight-velocity entry exactly 0; low: nonzero but < 5% of the layer's p90 unit norm
[LAYER-HEALTH]     value.fc1.weight  relu  units 128  zero 0  low 38  median unit norm 0.00387
[LAYER-HEALTH]     (no SE blocks)
[LAYER-HEALTH]   ReZero: none
[LAYER-HEALTH]   non-finite: 0 values in 0 of 102 tensors (10263038 values examined)
[LAYER-HEALTH]   largest |value|: blocks.2.bn1.running_mean 3.775, blocks.1.bn1.running_mean 3.186, blocks.0.bn2.running_var 2.613, blocks.1.bn1.running_var 2.414, tower_final_bn.running_mean 2.373
[REPLAY] enumerated checkpoint -> 20261005-lrA-const01-replay-step36000.safetensors (replaced this run's own earlier save of step 36000)
[REPLAY] done: steps=36000 positionsFed=307429526 gamesFed=4638717 rejected=0 skipped=0 epochs=0
