warning: loc(fused["gradient for tower_final_bn/multiplication_2"("(mpsFileLoc): /AppleInternal/Library/BuildRoots/4~CYf0ugAFA2MHVp9fguae4KUVbl8-CIxgGlWKSUA/Library/Caches/com.apple.xbs/TemporaryDirectory.p76yMP/Sources/MetalPerformanceShadersGraph/mpsgraph/MetalPerformanceShadersGraph/Core/Files/MPSGraphUtilities.mm":234:0), "ane_validation_message"("Incompatible element type for ANE: expected fp16, f8E4M3, si8, ui8, si16, or ui16":0:0)]): Reached maxReorderingDistance 10
warning: loc(fused["gradient for tower_final_bn/multiplication_2"("(mpsFileLoc): /AppleInternal/Library/BuildRoots/4~CYf0ugAFA2MHVp9fguae4KUVbl8-CIxgGlWKSUA/Library/Caches/com.apple.xbs/TemporaryDirectory.p76yMP/Sources/MetalPerformanceShadersGraph/mpsgraph/MetalPerformanceShadersGraph/Core/Files/MPSGraphUtilities.mm":234:0), "ane_validation_message"("Incompatible element type for ANE: expected fp16, f8E4M3, si8, ui8, si16, or ui16":0:0)]): Reached maxReorderingDistance 10
warning: loc(fused["mps_add_23"("(mpsFileLoc): /AppleInternal/Library/BuildRoots/4~CYf0ugAFA2MHVp9fguae4KUVbl8-CIxgGlWKSUA/Library/Caches/com.apple.xbs/TemporaryDirectory.p76yMP/Sources/MetalPerformanceShadersGraph/mpsgraph/MetalPerformanceShadersGraph/Core/Files/MPSGraphUtilities.mm":234:0), "ane_validation_message"("Incompatible element type for ANE: expected fp16, f8E4M3, si8, ui8, si16, or ui16":0:0)]): Reached maxReorderingDistance 10
warning: loc(fused["mps_add_23"("(mpsFileLoc): /AppleInternal/Library/BuildRoots/4~CYf0ugAFA2MHVp9fguae4KUVbl8-CIxgGlWKSUA/Library/Caches/com.apple.xbs/TemporaryDirectory.p76yMP/Sources/MetalPerformanceShadersGraph/mpsgraph/MetalPerformanceShadersGraph/Core/Files/MPSGraphUtilities.mm":234:0), "ane_validation_message"("Incompatible element type for ANE: expected fp16, f8E4M3, si8, ui8, si16, or ui16":0:0)]): Reached maxReorderingDistance 10
warning: loc(fused["mps_add_33"("(mpsFileLoc): /AppleInternal/Library/BuildRoots/4~CYf0ugAFA2MHVp9fguae4KUVbl8-CIxgGlWKSUA/Library/Caches/com.apple.xbs/TemporaryDirectory.p76yMP/Sources/MetalPerformanceShadersGraph/mpsgraph/MetalPerformanceShadersGraph/Core/Files/MPSGraphUtilities.mm":234:0), "ane_validation_message"("Incompatible element type for ANE: expected fp16, f8E4M3, si8, ui8, si16, or ui16":0:0)]): Reached maxReorderingDistance 10
warning: loc(fused["mps_add_33"("(mpsFileLoc): /AppleInternal/Library/BuildRoots/4~CYf0ugAFA2MHVp9fguae4KUVbl8-CIxgGlWKSUA/Library/Caches/com.apple.xbs/TemporaryDirectory.p76yMP/Sources/MetalPerformanceShadersGraph/mpsgraph/MetalPerformanceShadersGraph/Core/Files/MPSGraphUtilities.mm":234:0), "ane_validation_message"("Incompatible element type for ANE: expected fp16, f8E4M3, si8, ui8, si16, or ui16":0:0)]): Reached maxReorderingDistance 10
warning: loc(fused["mps_add_43"("(mpsFileLoc): /AppleInternal/Library/BuildRoots/4~CYf0ugAFA2MHVp9fguae4KUVbl8-CIxgGlWKSUA/Library/Caches/com.apple.xbs/TemporaryDirectory.p76yMP/Sources/MetalPerformanceShadersGraph/mpsgraph/MetalPerformanceShadersGraph/Core/Files/MPSGraphUtilities.mm":234:0), "ane_validation_message"("Incompatible element type for ANE: expected fp16, f8E4M3, si8, ui8, si16, or ui16":0:0)]): Reached maxReorderingDistance 10
warning: loc(fused["gradient for tower_final_bn/multiplication_2"("(mpsFileLoc): /AppleInternal/Library/BuildRoots/4~CYf0ugAFA2MHVp9fguae4KUVbl8-CIxgGlWKSUA/Library/Caches/com.apple.xbs/TemporaryDirectory.p76yMP/Sources/MetalPerformanceShadersGraph/mpsgraph/MetalPerformanceShadersGraph/Core/Files/MPSGraphUtilities.mm":234:0), "ane_validation_message"("Incompatible element type for ANE: expected fp16, f8E4M3, si8, ui8, si16, or ui16":0:0)]): Reached maxReorderingDistance 10
warning: loc(fused["gradient for tower_final_bn/multiplication_2"("(mpsFileLoc): /AppleInternal/Library/BuildRoots/4~CYf0ugAFA2MHVp9fguae4KUVbl8-CIxgGlWKSUA/Library/Caches/com.apple.xbs/TemporaryDirectory.p76yMP/Sources/MetalPerformanceShadersGraph/mpsgraph/MetalPerformanceShadersGraph/Core/Files/MPSGraphUtilities.mm":234:0), "ane_validation_message"("Incompatible element type for ANE: expected fp16, f8E4M3, si8, ui8, si16, or ui16":0:0)]): Reached maxReorderingDistance 10
warning: loc(fused["mps_add_23"("(mpsFileLoc): /AppleInternal/Library/BuildRoots/4~CYf0ugAFA2MHVp9fguae4KUVbl8-CIxgGlWKSUA/Library/Caches/com.apple.xbs/TemporaryDirectory.p76yMP/Sources/MetalPerformanceShadersGraph/mpsgraph/MetalPerformanceShadersGraph/Core/Files/MPSGraphUtilities.mm":234:0), "ane_validation_message"("Incompatible element type for ANE: expected fp16, f8E4M3, si8, ui8, si16, or ui16":0:0)]): Reached maxReorderingDistance 10
warning: loc(fused["mps_add_23"("(mpsFileLoc): /AppleInternal/Library/BuildRoots/4~CYf0ugAFA2MHVp9fguae4KUVbl8-CIxgGlWKSUA/Library/Caches/com.apple.xbs/TemporaryDirectory.p76yMP/Sources/MetalPerformanceShadersGraph/mpsgraph/MetalPerformanceShadersGraph/Core/Files/MPSGraphUtilities.mm":234:0), "ane_validation_message"("Incompatible element type for ANE: expected fp16, f8E4M3, si8, ui8, si16, or ui16":0:0)]): Reached maxReorderingDistance 10
warning: loc(fused["mps_add_33"("(mpsFileLoc): /AppleInternal/Library/BuildRoots/4~CYf0ugAFA2MHVp9fguae4KUVbl8-CIxgGlWKSUA/Library/Caches/com.apple.xbs/TemporaryDirectory.p76yMP/Sources/MetalPerformanceShadersGraph/mpsgraph/MetalPerformanceShadersGraph/Core/Files/MPSGraphUtilities.mm":234:0), "ane_validation_message"("Incompatible element type for ANE: expected fp16, f8E4M3, si8, ui8, si16, or ui16":0:0)]): Reached maxReorderingDistance 10
warning: loc(fused["mps_add_33"("(mpsFileLoc): /AppleInternal/Library/BuildRoots/4~CYf0ugAFA2MHVp9fguae4KUVbl8-CIxgGlWKSUA/Library/Caches/com.apple.xbs/TemporaryDirectory.p76yMP/Sources/MetalPerformanceShadersGraph/mpsgraph/MetalPerformanceShadersGraph/Core/Files/MPSGraphUtilities.mm":234:0), "ane_validation_message"("Incompatible element type for ANE: expected fp16, f8E4M3, si8, ui8, si16, or ui16":0:0)]): Reached maxReorderingDistance 10
warning: loc(fused["mps_add_43"("(mpsFileLoc): /AppleInternal/Library/BuildRoots/4~CYf0ugAFA2MHVp9fguae4KUVbl8-CIxgGlWKSUA/Library/Caches/com.apple.xbs/TemporaryDirectory.p76yMP/Sources/MetalPerformanceShadersGraph/mpsgraph/MetalPerformanceShadersGraph/Core/Files/MPSGraphUtilities.mm":234:0), "ane_validation_message"("Incompatible element type for ANE: expected fp16, f8E4M3, si8, ui8, si16, or ui16":0:0)]): Reached maxReorderingDistance 10
warning: loc(fused["gradient for tower_final_bn/multiplication_2"("(mpsFileLoc): /AppleInternal/Library/BuildRoots/4~CYf0ugAFA2MHVp9fguae4KUVbl8-CIxgGlWKSUA/Library/Caches/com.apple.xbs/TemporaryDirectory.p76yMP/Sources/MetalPerformanceShadersGraph/mpsgraph/MetalPerformanceShadersGraph/Core/Files/MPSGraphUtilities.mm":234:0), "ane_validation_message"("Incompatible element type for ANE: expected fp16, f8E4M3, si8, ui8, si16, or ui16":0:0)]): Reached maxReorderingDistance 10
warning: loc(fused["gradient for tower_final_bn/multiplication_2"("(mpsFileLoc): /AppleInternal/Library/BuildRoots/4~CYf0ugAFA2MHVp9fguae4KUVbl8-CIxgGlWKSUA/Library/Caches/com.apple.xbs/TemporaryDirectory.p76yMP/Sources/MetalPerformanceShadersGraph/mpsgraph/MetalPerformanceShadersGraph/Core/Files/MPSGraphUtilities.mm":234:0), "ane_validation_message"("Incompatible element type for ANE: expected fp16, f8E4M3, si8, ui8, si16, or ui16":0:0)]): Reached maxReorderingDistance 10
warning: loc(fused["mps_add_23"("(mpsFileLoc): /AppleInternal/Library/BuildRoots/4~CYf0ugAFA2MHVp9fguae4KUVbl8-CIxgGlWKSUA/Library/Caches/com.apple.xbs/TemporaryDirectory.p76yMP/Sources/MetalPerformanceShadersGraph/mpsgraph/MetalPerformanceShadersGraph/Core/Files/MPSGraphUtilities.mm":234:0), "ane_validation_message"("Incompatible element type for ANE: expected fp16, f8E4M3, si8, ui8, si16, or ui16":0:0)]): Reached maxReorderingDistance 10
warning: loc(fused["mps_add_23"("(mpsFileLoc): /AppleInternal/Library/BuildRoots/4~CYf0ugAFA2MHVp9fguae4KUVbl8-CIxgGlWKSUA/Library/Caches/com.apple.xbs/TemporaryDirectory.p76yMP/Sources/MetalPerformanceShadersGraph/mpsgraph/MetalPerformanceShadersGraph/Core/Files/MPSGraphUtilities.mm":234:0), "ane_validation_message"("Incompatible element type for ANE: expected fp16, f8E4M3, si8, ui8, si16, or ui16":0:0)]): Reached maxReorderingDistance 10
warning: loc(fused["mps_add_33"("(mpsFileLoc): /AppleInternal/Library/BuildRoots/4~CYf0ugAFA2MHVp9fguae4KUVbl8-CIxgGlWKSUA/Library/Caches/com.apple.xbs/TemporaryDirectory.p76yMP/Sources/MetalPerformanceShadersGraph/mpsgraph/MetalPerformanceShadersGraph/Core/Files/MPSGraphUtilities.mm":234:0), "ane_validation_message"("Incompatible element type for ANE: expected fp16, f8E4M3, si8, ui8, si16, or ui16":0:0)]): Reached maxReorderingDistance 10
warning: loc(fused["mps_add_33"("(mpsFileLoc): /AppleInternal/Library/BuildRoots/4~CYf0ugAFA2MHVp9fguae4KUVbl8-CIxgGlWKSUA/Library/Caches/com.apple.xbs/TemporaryDirectory.p76yMP/Sources/MetalPerformanceShadersGraph/mpsgraph/MetalPerformanceShadersGraph/Core/Files/MPSGraphUtilities.mm":234:0), "ane_validation_message"("Incompatible element type for ANE: expected fp16, f8E4M3, si8, ui8, si16, or ui16":0:0)]): Reached maxReorderingDistance 10
warning: loc(fused["mps_add_43"("(mpsFileLoc): /AppleInternal/Library/BuildRoots/4~CYf0ugAFA2MHVp9fguae4KUVbl8-CIxgGlWKSUA/Library/Caches/com.apple.xbs/TemporaryDirectory.p76yMP/Sources/MetalPerformanceShadersGraph/mpsgraph/MetalPerformanceShadersGraph/Core/Files/MPSGraphUtilities.mm":234:0), "ane_validation_message"("Incompatible element type for ANE: expected fp16, f8E4M3, si8, ui8, si16, or ui16":0:0)]): Reached maxReorderingDistance 10
[REPLAY] starting offline corpus replay over 1 corpus path(s)
[REPLAY] start-model: 20261005-r7b24-leakyall-fresh.safetensors modelID=20261006-40-7URa encoding=basic24
[REPLAY-ARCH] (start-model) v5 . in basic24(24) -> stem 128 (7x7) . 3x[7x7+7x7 @128, no-SE, leaky_relu/pre, clean_add, no-ReZero, out:layer_norm, drop*1] . act leaky_relu . policy intermediate_conv(4864) . value WDL(16->FC128) . bfloat16 . 5,132,687 params
[REPLAY-HPARAMS] lr=0.001 batch=4096 wd=0.0003 momentum=0.9 gradClip=15 entropyBonus=0 drawPenalty=0 policyW=1 valueW=1 illegalW=1 pLabelSmooth=0.1 pLabelSmoothMode=fixed_total pLabelSmoothPerMove=0.0033 pLabelSmoothPerMoveCap=0.5 vLabelSmooth=0.013 dropout=0 lrWarmup=1000 bufCap=500000 replayRatio=0.48 minPrefill=250000 complementCE=on sqrtBatchLR=on batchStats=10 klProbe=100 sampling=(maxPerGame=400 maxDrawPct=100 targetLen=0 stratify=off applied=on)
[REPLAY] trainer-model output: /Users/andrew/Library/Application Support/DrewsChessMachine/Models/20261005-lrBleakyall-cyc1-replay-latest.safetensors (new file)
[REPLAY] enumerated checkpoints: /Users/andrew/Library/Application Support/DrewsChessMachine/Models/20261005-lrBleakyall-cyc1-replay-step1000.safetensors and siblings (never overwritten)
[REPLAY] corpus 20260624-192615-w3aA5b: 46 sealed shard(s)
[PARAM] random_seed from --seed: 20261005 (overrides random_seed_mode and random_seed=0 for this process)
[REPLAY] building network + trainer (encoding=basic24)
[NUMERICS] policy_tail_precision=fp32_from_pre_bn source=flag (affects bf16 / fp16 models only)
[REPLAY] start-model weights loaded into trainer (working+masters, velocity zeroed; new branch) + feeder net (base tensors=61)
[REPLAY-CYCLE] lr=[trough 1.00e-03,peak 1.00e+00]^10000st cnt=0 inv=true mom=[0.75,0.90]^1000st cnt=0 inv=false decay=[peak->1.00e-04 trough->1.00e-05 over 10000000st] momFollow=[low 0.850->0.900 high 0.950->0.950] origin=trainerStep 0 cycleStep 0 cycleLR=1.0000e+00 cycleMom=0.8500 (new branch from 20261006-40-7URa; its clock, warmup and velocity are not continued)
[RUN] path=replay run=A41BEB12-0CAF-4F19-8B67-1D91D708B90C seg=0 (branch from 20261006-40-7URa sha=865753225f8d) build=2330 git=4e70c615 dirty=true device="Apple M5 Max" vm=false os="Version 27.2 (Build 26B5091g)" seed=20261005 mode=seeded(--seed) derivation=v1 params_sha=b6cb733707db cum_step=0 cum_games=0 cum_train_sec=0.0 argv="/Users/andrew/Library/Application Support/DrewsChessMachine/FrozenBuilds/DCM-2331-4e70c615-p1headact.app/Contents/MacOS/DrewsChessMachine --replay-corpus 20260624-192615-w3aA5b --start-model /Users/andrew/Library/Application Support/DrewsChessMachine/Models/20261005-r7b24-leakyall-fresh.safetensors --out-model /Users/andrew/Library/Application Support/DrewsChessMachine/Models/20261005-lrBleakyall-cyc1-replay-latest.safetensors --parameters /Users/andrew/cursor/drews-chess-machine/experiments/20261005-lr-schedule-ab/parameters-B.json --epochs 12 --training-step-limit 40000 --enumerate-checkpoints --policy-tail-precision fp32_from_pre_bn --seed 20261005"
[REPLAY] batchSize=4096 reuse=0.48 K=8533 minPrefill=250000 stepLimit=40000 epochLimit=12
[REPLAY] pre-filled: bufCount=250052 positionsFed=250052 gamesFed=3777 rejected=0 skipped=0
[REPLAY] step=1 loss=11.8121 pLoss=8.6282 vLoss=2.1901 pEnt=-- pIllM=0.9938 playedP=-- pW=-- pD=-- pL=-- vAbs=-- pLogitMean=-- vLogitMean=-- gNorm=31.379 lr=0.001 ms=2118.2 buf=250052 plies=250052 games=3777 rejected=0 skipped=0 epoch=0 mom=0.8500 lrCyc[pk=1.0e+00,tr=1.0e-03] trainerStep=1
[LAYER-HEALTH] live trainerStep=1 scope=batch_norm_state_only reluSites=9/10 ch=1040 dead=0 off=0 alwaysOn=0 worst=none maxBetaOverGamma=+0.00@blocks.0.bn1[0] minBetaOverGamma=+0.00@blocks.0.bn1[0] rvMaxOverMedian=3.2@stem.bn[47] rezero=none nonFinite=0
[REPLAY] step=50 loss=5.4698 pLoss=4.2644 vLoss=0.8853 pEnt=2.709 pIllM=0.3201 playedP=0.079 pW=0.49 pD=0.08 pL=0.43 vAbs=0.102 pLogitMean=0.1548 vLogitMean=1.7538 gNorm=4.446 lr=0.05 ms=2065.2 buf=500000 plies=668192 games=10125 rejected=0 skipped=0 epoch=0 mom=0.8500 lrCyc[pk=1.0e+00,tr=1.0e-03] trainerStep=50
[LAYER-HEALTH] live trainerStep=50 scope=batch_norm_state_only reluSites=9/10 ch=1040 dead=0 off=0 alwaysOn=0 worst=none maxBetaOverGamma=+0.06@policy.pre_bn[42] minBetaOverGamma=-0.05@policy.pre_bn[40] rvMaxOverMedian=3.3@stem.bn[47] rezero=none nonFinite=0
[REPLAY] step=100 loss=4.4585 pLoss=3.4517 vLoss=0.8464 pEnt=2.875 pIllM=0.1604 playedP=0.102 pW=0.46 pD=0.07 pL=0.47 vAbs=0.148 pLogitMean=0.3259 vLogitMean=1.4844 gNorm=1.817 lr=0.1 ms=2764.4 buf=500000 plies=1094822 games=16614 rejected=0 skipped=0 epoch=0 mom=0.8500 lrCyc[pk=1.0e+00,tr=1.0e-03] trainerStep=100
[LAYER-HEALTH] live trainerStep=100 scope=batch_norm_state_only reluSites=9/10 ch=1040 dead=0 off=0 alwaysOn=0 worst=none maxBetaOverGamma=+0.11@tower_final_bn[31] minBetaOverGamma=-0.06@policy.pre_bn[40] rvMaxOverMedian=3.4@stem.bn[47] rezero=none nonFinite=0
[REPLAY] step=150 loss=4.5748 pLoss=3.5740 vLoss=0.8419 pEnt=2.822 pIllM=0.1589 playedP=0.101 pW=0.48 pD=0.07 pL=0.45 vAbs=0.132 pLogitMean=0.3640 vLogitMean=1.3966 gNorm=2.044 lr=0.15 ms=2551.3 buf=500000 plies=1521507 games=23047 rejected=0 skipped=0 epoch=0 mom=0.8500 lrCyc[pk=1.0e+00,tr=1.0e-03] trainerStep=150
[LAYER-HEALTH] live trainerStep=150 scope=batch_norm_state_only reluSites=9/10 ch=1040 dead=0 off=0 alwaysOn=0 worst=none maxBetaOverGamma=+0.23@tower_final_bn[31] minBetaOverGamma=-0.11@policy.pre_bn[113] rvMaxOverMedian=25.9@stem.bn[96] rezero=none nonFinite=0
[REPLAY] step=200 loss=4.1776 pLoss=3.2342 vLoss=0.8111 pEnt=2.809 pIllM=0.1322 playedP=0.117 pW=0.44 pD=0.06 pL=0.50 vAbs=0.186 pLogitMean=0.3466 vLogitMean=1.1372 gNorm=1.583 lr=0.2 ms=2068.2 buf=500000 plies=1948135 games=29513 rejected=0 skipped=0 epoch=0 mom=0.8500 lrCyc[pk=1.0e+00,tr=1.0e-03] trainerStep=200
[LAYER-HEALTH] live trainerStep=200 scope=batch_norm_state_only reluSites=9/10 ch=1040 dead=0 off=0 alwaysOn=0 worst=none maxBetaOverGamma=+0.29@tower_final_bn[31] minBetaOverGamma=-0.13@policy.pre_bn[113] rvMaxOverMedian=58.0@stem.bn[88] rezero=none nonFinite=0
[REPLAY] step=250 loss=4.1374 pLoss=3.2057 vLoss=0.8225 pEnt=2.784 pIllM=0.1092 playedP=0.127 pW=0.51 pD=0.06 pL=0.44 vAbs=0.179 pLogitMean=0.2173 vLogitMean=1.2251 gNorm=1.320 lr=0.25 ms=1992.7 buf=500000 plies=2374804 games=35963 rejected=0 skipped=0 epoch=0 mom=0.8500 lrCyc[pk=1.0e+00,tr=1.0e-03] trainerStep=250
[LAYER-HEALTH] live trainerStep=250 scope=batch_norm_state_only reluSites=9/10 ch=1040 dead=0 off=0 alwaysOn=0 worst=none maxBetaOverGamma=+0.39@tower_final_bn[31] minBetaOverGamma=-0.19@policy.pre_bn[113] rvMaxOverMedian=71.2@stem.bn[88] rezero=none nonFinite=0
[REPLAY] step=300 loss=4.1508 pLoss=3.2168 vLoss=0.8175 pEnt=2.775 pIllM=0.1165 playedP=0.121 pW=0.42 pD=0.07 pL=0.51 vAbs=0.194 pLogitMean=0.0473 vLogitMean=0.9910 gNorm=1.039 lr=0.3 ms=2362.7 buf=500000 plies=2801422 games=42394 rejected=0 skipped=0 epoch=0 mom=0.8500 lrCyc[pk=1.0e+00,tr=1.0e-03] trainerStep=300
[LAYER-HEALTH] live trainerStep=300 scope=batch_norm_state_only reluSites=9/10 ch=1040 dead=0 off=0 alwaysOn=0 worst=none maxBetaOverGamma=+0.44@tower_final_bn[31] minBetaOverGamma=-0.27@policy.pre_bn[40] rvMaxOverMedian=80.5@stem.bn[88] rezero=none nonFinite=0
[REPLAY] step=350 loss=4.6138 pLoss=3.6498 vLoss=0.8219 pEnt=2.646 pIllM=0.1421 playedP=0.111 pW=0.52 pD=0.07 pL=0.41 vAbs=0.207 pLogitMean=-0.0916 vLogitMean=1.0508 gNorm=1.682 lr=0.35 ms=2188.6 buf=500000 plies=3228166 games=48821 rejected=0 skipped=0 epoch=0 mom=0.8500 lrCyc[pk=1.0e+00,tr=1.0e-03] trainerStep=350
[LAYER-HEALTH] live trainerStep=350 scope=batch_norm_state_only reluSites=9/10 ch=1040 dead=0 off=0 alwaysOn=0 worst=none maxBetaOverGamma=+0.47@tower_final_bn[31] minBetaOverGamma=-0.49@policy.pre_bn[80] rvMaxOverMedian=85.0@stem.bn[88] rezero=none nonFinite=0
[REPLAY] step=400 loss=4.2123 pLoss=3.3196 vLoss=0.8106 pEnt=2.721 pIllM=0.0821 playedP=0.120 pW=0.51 pD=0.06 pL=0.42 vAbs=0.191 pLogitMean=-0.2554 vLogitMean=0.9434 gNorm=1.263 lr=0.4 ms=2189.9 buf=500000 plies=3654819 games=55255 rejected=0 skipped=0 epoch=0 mom=0.8500 lrCyc[pk=1.0e+00,tr=1.0e-03] trainerStep=400
[LAYER-HEALTH] live trainerStep=400 scope=batch_norm_state_only reluSites=9/10 ch=1040 dead=0 off=0 alwaysOn=0 worst=none maxBetaOverGamma=+0.52@tower_final_bn[31] minBetaOverGamma=-0.50@policy.pre_bn[80] rvMaxOverMedian=80.8@stem.bn[88] rezero=none nonFinite=0
[REPLAY] step=450 loss=3.9910 pLoss=3.1024 vLoss=0.8213 pEnt=2.885 pIllM=0.0673 playedP=0.117 pW=0.46 pD=0.07 pL=0.47 vAbs=0.196 pLogitMean=-0.4343 vLogitMean=0.9009 gNorm=0.945 lr=0.45 ms=2336.7 buf=500000 plies=4081392 games=61710 rejected=0 skipped=0 epoch=0 mom=0.8500 lrCyc[pk=1.0e+00,tr=1.0e-03] trainerStep=450
[LAYER-HEALTH] live trainerStep=450 scope=batch_norm_state_only reluSites=9/10 ch=1040 dead=0 off=0 alwaysOn=0 worst=none maxBetaOverGamma=+0.55@tower_final_bn[31] minBetaOverGamma=-0.57@policy.pre_bn[80] rvMaxOverMedian=81.7@stem.bn[88] rezero=none nonFinite=0
[REPLAY] step=500 loss=3.9548 pLoss=3.0856 vLoss=0.8111 pEnt=2.870 pIllM=0.0581 playedP=0.120 pW=0.48 pD=0.07 pL=0.45 vAbs=0.190 pLogitMean=-0.5805 vLogitMean=0.8543 gNorm=1.018 lr=0.5 ms=2024.9 buf=500000 plies=4508091 games=68143 rejected=0 skipped=0 epoch=0 mom=0.8500 lrCyc[pk=1.0e+00,tr=1.0e-03] trainerStep=500
[LAYER-HEALTH] live trainerStep=500 scope=batch_norm_state_only reluSites=9/10 ch=1040 dead=0 off=0 alwaysOn=0 worst=none maxBetaOverGamma=+0.58@tower_final_bn[31] minBetaOverGamma=-0.58@policy.pre_bn[80] rvMaxOverMedian=78.4@stem.bn[88] rezero=none nonFinite=0
[REPLAY] step=550 loss=4.1006 pLoss=3.1760 vLoss=0.8288 pEnt=2.823 pIllM=0.0957 playedP=0.127 pW=0.51 pD=0.07 pL=0.42 vAbs=0.206 pLogitMean=-1.1498 vLogitMean=0.9051 gNorm=0.712 lr=0.55 ms=2104.4 buf=500000 plies=4934688 games=74611 rejected=0 skipped=0 epoch=0 mom=0.8500 lrCyc[pk=1.0e+00,tr=1.0e-03] trainerStep=550
[LAYER-HEALTH] live trainerStep=550 scope=batch_norm_state_only reluSites=9/10 ch=1040 dead=0 off=0 alwaysOn=0 worst=none maxBetaOverGamma=+0.56@tower_final_bn[31] minBetaOverGamma=-0.70@policy.pre_bn[80] rvMaxOverMedian=66.1@stem.bn[88] rezero=none nonFinite=0
[REPLAY] step=600 loss=3.9424 pLoss=3.0511 vLoss=0.8336 pEnt=2.780 pIllM=0.0577 playedP=0.140 pW=0.46 pD=0.07 pL=0.46 vAbs=0.196 pLogitMean=-1.5316 vLogitMean=0.8479 gNorm=0.883 lr=0.6 ms=2023.7 buf=500000 plies=5361349 games=81137 rejected=0 skipped=0 epoch=0 mom=0.8500 lrCyc[pk=1.0e+00,tr=1.0e-03] trainerStep=600
[LAYER-HEALTH] live trainerStep=600 scope=batch_norm_state_only reluSites=9/10 ch=1040 dead=0 off=0 alwaysOn=0 worst=none maxBetaOverGamma=+0.62@policy.pre_bn[12] minBetaOverGamma=-0.69@policy.pre_bn[126] rvMaxOverMedian=58.8@stem.bn[88] rezero=none nonFinite=0
[REPLAY] step=650 loss=4.0890 pLoss=3.1979 vLoss=0.8167 pEnt=2.768 pIllM=0.0744 playedP=0.136 pW=0.52 pD=0.06 pL=0.43 vAbs=0.197 pLogitMean=-1.8905 vLogitMean=0.7523 gNorm=0.733 lr=0.65 ms=2095.8 buf=500000 plies=5787980 games=87653 rejected=0 skipped=0 epoch=0 mom=0.8500 lrCyc[pk=1.0e+00,tr=1.0e-03] trainerStep=650
[LAYER-HEALTH] live trainerStep=650 scope=batch_norm_state_only reluSites=9/10 ch=1040 dead=0 off=0 alwaysOn=0 worst=none maxBetaOverGamma=+0.66@policy.pre_bn[12] minBetaOverGamma=-0.86@value.bn[6] rvMaxOverMedian=55.2@stem.bn[88] rezero=none nonFinite=0
[REPLAY] step=700 loss=3.8852 pLoss=3.0150 vLoss=0.8175 pEnt=2.855 pIllM=0.0527 playedP=0.132 pW=0.44 pD=0.07 pL=0.50 vAbs=0.199 pLogitMean=-2.3750 vLogitMean=0.7360 gNorm=0.663 lr=0.7 ms=2086.5 buf=500000 plies=6214635 games=94100 rejected=0 skipped=0 epoch=0 mom=0.8500 lrCyc[pk=1.0e+00,tr=1.0e-03] trainerStep=700
[LAYER-HEALTH] live trainerStep=700 scope=batch_norm_state_only reluSites=9/10 ch=1040 dead=0 off=0 alwaysOn=0 worst=none maxBetaOverGamma=+0.72@policy.pre_bn[12] minBetaOverGamma=-0.92@value.bn[6] rvMaxOverMedian=51.6@stem.bn[88] rezero=none nonFinite=0
[REPLAY] step=750 loss=3.7963 pLoss=2.9556 vLoss=0.8002 pEnt=2.845 pIllM=0.0405 playedP=0.141 pW=0.45 pD=0.05 pL=0.50 vAbs=0.191 pLogitMean=-2.5954 vLogitMean=0.7723 gNorm=0.515 lr=0.75 ms=2144.6 buf=500000 plies=6641305 games=100549 rejected=0 skipped=0 epoch=0 mom=0.8500 lrCyc[pk=1.0e+00,tr=1.0e-03] trainerStep=750
[LAYER-HEALTH] live trainerStep=750 scope=batch_norm_state_only reluSites=9/10 ch=1040 dead=0 off=0 alwaysOn=0 worst=nwarning: loc(fused["gradient for tower_final_bn/multiplication_2"("(mpsFileLoc): /AppleInternal/Library/BuildRoots/4~CYf0ugAFA2MHVp9fguae4KUVbl8-CIxgGlWKSUA/Library/Caches/com.apple.xbs/TemporaryDirectory.p76yMP/Sources/MetalPerformanceShadersGraph/mpsgraph/MetalPerformanceShadersGraph/Core/Files/MPSGraphUtilities.mm":234:0), "ane_validation_message"("Incompatible element type for ANE: expected fp16, f8E4M3, si8, ui8, si16, or ui16":0:0)]): Reached maxReorderingDistance 10
warning: loc(fused["gradient for tower_final_bn/multiplication_2"("(mpsFileLoc): /AppleInternal/Library/BuildRoots/4~CYf0ugAFA2MHVp9fguae4KUVbl8-CIxgGlWKSUA/Library/Caches/com.apple.xbs/TemporaryDirectory.p76yMP/Sources/MetalPerformanceShadersGraph/mpsgraph/MetalPerformanceShadersGraph/Core/Files/MPSGraphUtilities.mm":234:0), "ane_validation_message"("Incompatible element type for ANE: expected fp16, f8E4M3, si8, ui8, si16, or ui16":0:0)]): Reached maxReorderingDistance 10
warning: loc(fused["mps_add_23"("(mpsFileLoc): /AppleInternal/Library/BuildRoots/4~CYf0ugAFA2MHVp9fguae4KUVbl8-CIxgGlWKSUA/Library/Caches/com.apple.xbs/TemporaryDirectory.p76yMP/Sources/MetalPerformanceShadersGraph/mpsgraph/MetalPerformanceShadersGraph/Core/Files/MPSGraphUtilities.mm":234:0), "ane_validation_message"("Incompatible element type for ANE: expected fp16, f8E4M3, si8, ui8, si16, or ui16":0:0)]): Reached maxReorderingDistance 10
warning: loc(fused["mps_add_23"("(mpsFileLoc): /AppleInternal/Library/BuildRoots/4~CYf0ugAFA2MHVp9fguae4KUVbl8-CIxgGlWKSUA/Library/Caches/com.apple.xbs/TemporaryDirectory.p76yMP/Sources/MetalPerformanceShadersGraph/mpsgraph/MetalPerformanceShadersGraph/Core/Files/MPSGraphUtilities.mm":234:0), "ane_validation_message"("Incompatible element type for ANE: expected fp16, f8E4M3, si8, ui8, si16, or ui16":0:0)]): Reached maxReorderingDistance 10
warning: loc(fused["mps_add_33"("(mpsFileLoc): /AppleInternal/Library/BuildRoots/4~CYf0ugAFA2MHVp9fguae4KUVbl8-CIxgGlWKSUA/Library/Caches/com.apple.xbs/TemporaryDirectory.p76yMP/Sources/MetalPerformanceShadersGraph/mpsgraph/MetalPerformanceShadersGraph/Core/Files/MPSGraphUtilities.mm":234:0), "ane_validation_message"("Incompatible element type for ANE: expected fp16, f8E4M3, si8, ui8, si16, or ui16":0:0)]): Reached maxReorderingDistance 10
warning: loc(fused["mps_add_33"("(mpsFileLoc): /AppleInternal/Library/BuildRoots/4~CYf0ugAFA2MHVp9fguae4KUVbl8-CIxgGlWKSUA/Library/Caches/com.apple.xbs/TemporaryDirectory.p76yMP/Sources/MetalPerformanceShadersGraph/mpsgraph/MetalPerformanceShadersGraph/Core/Files/MPSGraphUtilities.mm":234:0), "ane_validation_message"("Incompatible element type for ANE: expected fp16, f8E4M3, si8, ui8, si16, or ui16":0:0)]): Reached maxReorderingDistance 10
warning: loc(fused["mps_add_43"("(mpsFileLoc): /AppleInternal/Library/BuildRoots/4~CYf0ugAFA2MHVp9fguae4KUVbl8-CIxgGlWKSUA/Library/Caches/com.apple.xbs/TemporaryDirectory.p76yMP/Sources/MetalPerformanceShadersGraph/mpsgraph/MetalPerformanceShadersGraph/Core/Files/MPSGraphUtilities.mm":234:0), "ane_validation_message"("Incompatible element type for ANE: expected fp16, f8E4M3, si8, ui8, si16, or ui16":0:0)]): Reached maxReorderingDistance 10
one maxBetaOverGamma=+0.78@policy.pre_bn[12] minBetaOverGamma=-0.91@value.bn[6] rvMaxOverMedian=49.3@stem.bn[88] rezero=none nonFinite=0
[REPLAY] step=800 loss=3.8692 pLoss=3.0244 vLoss=0.8103 pEnt=2.868 pIllM=0.0345 playedP=0.135 pW=0.49 pD=0.07 pL=0.45 vAbs=0.195 pLogitMean=-2.8199 vLogitMean=0.7215 gNorm=0.569 lr=0.8 ms=2089.9 buf=500000 plies=7067936 games=106984 rejected=0 skipped=0 epoch=0 mom=0.8500 lrCyc[pk=1.0e+00,tr=1.0e-03] trainerStep=800
[LAYER-HEALTH] live trainerStep=800 scope=batch_norm_state_only reluSites=9/10 ch=1040 dead=0 off=0 alwaysOn=0 worst=none maxBetaOverGamma=+0.82@policy.pre_bn[12] minBetaOverGamma=-0.97@value.bn[6] rvMaxOverMedian=47.5@stem.bn[88] rezero=none nonFinite=0
[REPLAY] step=850 loss=3.8962 pLoss=3.0394 vLoss=0.8098 pEnt=2.829 pIllM=0.0470 playedP=0.134 pW=0.51 pD=0.06 pL=0.43 vAbs=0.216 pLogitMean=-3.0931 vLogitMean=0.7237 gNorm=0.687 lr=0.85 ms=2184.4 buf=500000 plies=7494593 games=113499 rejected=0 skipped=0 epoch=0 mom=0.8500 lrCyc[pk=1.0e+00,tr=1.0e-03] trainerStep=850
[LAYER-HEALTH] live trainerStep=850 scope=batch_norm_state_only reluSites=9/10 ch=1040 dead=0 off=0 alwaysOn=0 worst=none maxBetaOverGamma=+0.85@policy.pre_bn[12] minBetaOverGamma=-1.04@value.bn[8] rvMaxOverMedian=44.9@stem.bn[88] rezero=none nonFinite=0
[REPLAY] step=900 loss=3.7812 pLoss=2.9339 vLoss=0.8111 pEnt=2.876 pIllM=0.0362 playedP=0.140 pW=0.46 pD=0.06 pL=0.48 vAbs=0.212 pLogitMean=-3.6006 vLogitMean=0.7474 gNorm=0.480 lr=0.9 ms=2262.2 buf=500000 plies=7921223 games=119988 rejected=0 skipped=0 epoch=0 mom=0.8500 lrCyc[pk=1.0e+00,tr=1.0e-03] trainerStep=900
[LAYER-HEALTH] live trainerStep=900 scope=batch_norm_state_only reluSites=9/10 ch=1040 dead=0 off=0 alwaysOn=0 worst=none maxBetaOverGamma=+0.91@policy.pre_bn[12] minBetaOverGamma=-1.15@value.bn[8] rvMaxOverMedian=42.1@stem.bn[88] rezero=none nonFinite=0
[REPLAY] step=950 loss=3.8131 pLoss=2.9874 vLoss=0.7929 pEnt=2.888 pIllM=0.0329 playedP=0.132 pW=0.46 pD=0.06 pL=0.47 vAbs=0.190 pLogitMean=-4.0526 vLogitMean=0.7244 gNorm=0.650 lr=0.95 ms=2683.9 buf=500000 plies=8347899 games=126489 rejected=0 skipped=0 epoch=0 mom=0.8500 lrCyc[pk=1.0e+00,tr=1.0e-03] trainerStep=950
[LAYER-HEALTH] live trainerStep=950 scope=batch_norm_state_only reluSites=9/10 ch=1040 dead=0 off=0 alwaysOn=0 worst=none maxBetaOverGamma=+0.95@policy.pre_bn[12] minBetaOverGamma=-1.27@value.bn[7] rvMaxOverMedian=37.5@stem.bn[88] rezero=none nonFinite=0
[REPLAY] step=1000 loss=3.8234 pLoss=2.9779 vLoss=0.8182 pEnt=2.862 pIllM=0.0273 playedP=0.143 pW=0.52 pD=0.07 pL=0.42 vAbs=0.214 pLogitMean=-4.4971 vLogitMean=0.7100 gNorm=0.473 lr=1 ms=2030.7 buf=500000 plies=8774530 games=132916 rejected=0 skipped=0 epoch=0 mom=0.8500 lrCyc[pk=1.0e+00,tr=1.0e-03] trainerStep=1000
[LAYER-HEALTH] live trainerStep=1000 scope=batch_norm_state_only reluSites=9/10 ch=1040 dead=0 off=0 alwaysOn=0 worst=none maxBetaOverGamma=+0.98@policy.pre_bn[12] minBetaOverGamma=-1.17@value.bn[7] rvMaxOverMedian=35.3@stem.bn[88] rezero=none nonFinite=0
[REPLAY] saved trainer model (autosave) step=1000 trainerStep=1000 nextGame=132916 shard=0 epoch=0 -> 20261005-lrBleakyall-cyc1-replay-latest.safetensors
[LAYER-HEALTH] checkpoint replay-autosave step=1000 trainerStep=1000 scope=all_tensors reluSites=9/10 ch=1040 dead=0 off=0 alwaysOn=0 worst=none maxBetaOverGamma=+0.98@policy.pre_bn[12] minBetaOverGamma=-1.17@value.bn[7] rvMaxOverMedian=35.3@stem.bn[88] rezero=none nonFinite=0 seZeroVel=none valueFC1ZeroVel=0/128 maxAbs=18.05@blocks.0.bn2.running_var
[LAYER-HEALTH]   batch-norm sites — β/|γ|: dead < -3.00, mostly off < -2.00, always on > +3.00; classified for relu/leaky_relu only
[LAYER-HEALTH]     site            act            ch   dead    off     on  zeroγ nonfin  min β/|γ| [ch]     max β/|γ| [ch]     rv max/median [ch]
[LAYER-HEALTH]     stem.bn         -             128    n/a    n/a    n/a      0      0     -0.14 [11]         +0.11 [26]           35.3 [88]
[LAYER-HEALTH]     blocks.0.bn1    leaky_relu    128      0      0      0      0      0     -0.28 [47]         +0.11 [62]            1.6 [16]
[LAYER-HEALTH]     blocks.0.bn2    leaky_relu    128      0      0      0      0      0     -0.60 [79]         -0.10 [58]            7.5 [96]
[LAYER-HEALTH]     blocks.1.bn1    leaky_relu    128      0      0      0      0      0     -0.34 [68]         +0.07 [31]            5.4 [88]
[LAYER-HEALTH]     blocks.1.bn2    leaky_relu    128      0      0      0      0      0     -0.54 [80]         -0.13 [113]           2.5 [81]
[LAYER-HEALTH]     blocks.2.bn1    leaky_relu    128      0      0      0      0      0     -0.37 [69]         +0.09 [31]            4.5 [16]
[LAYER-HEALTH]     blocks.2.bn2    leaky_relu    128      0      0      0      0      0     -0.69 [85]         -0.18 [50]            1.6 [26]
[LAYER-HEALTH]     tower_final_bn  leaky_relu    128      0      0      0      0      0     -0.14 [16]         +0.58 [31]            3.4 [75]
[LAYER-HEALTH]     policy.pre_bn   leaky_relu    128      0      0      0      0      0     -0.88 [26]         +0.98 [12]            3.0 [12]
[LAYER-HEALTH]     value.bn        leaky_relu     16      0      0      0      0      0     -1.17 [7]          -0.77 [1]             1.9 [8]
[LAYER-HEALTH]   FC hidden-unit velocity — zero: every weight-velocity entry exactly 0; low: nonzero but < 5% of the layer's p90 unit norm
[LAYER-HEALTH]     value.fc1.weight  leaky_relu  units 128  zero 0  low 4  median unit norm 0.003751
[LAYER-HEALTH]     (no SE blocks)
[LAYER-HEALTH]   ReZero: none
[LAYER-HEALTH]   non-finite: 0 values in 0 of 102 tensors (10263038 values examined)
[LAYER-HEALTH]   largest |value|: blocks.0.bn2.running_var 18.05, policy.pre_bn.running_var 7.025, blocks.1.bn2.running_var 5.906, blocks.2.bn2.running_var 5.309, blocks.0.bn2.running_mean 5.108
[REPLAY] enumerated checkpoint -> 20261005-lrBleakyall-cyc1-replay-step1000.safetensors
[REPLAY] step=1050 loss=3.7850 pLoss=2.9481 vLoss=0.8116 pEnt=2.842 pIllM=0.0253 playedP=0.143 pW=0.46 pD=0.06 pL=0.48 vAbs=0.207 pLogitMean=-4.7559 vLogitMean=0.7092 gNorm=0.588 lr=0.998 ms=2698.8 buf=500000 plies=9201214 games=139396 rejected=0 skipped=0 epoch=0 mom=0.8500 lrCyc[pk=1.0e+00,tr=1.0e-03] trainerStep=1050
[LAYER-HEALTH] live trainerStep=1050 scope=batch_norm_state_only reluSites=9/10 ch=1040 dead=0 off=0 alwaysOn=0 worst=none maxBetaOverGamma=+1.01@policy.pre_bn[12] minBetaOverGamma=-1.40@value.bn[7] rvMaxOverMedian=31.4@stem.bn[88] rezero=none nonFinite=0
[REPLAY] step=1100 loss=3.7698 pLoss=2.9383 vLoss=0.8041 pEnt=2.869 pIllM=0.0274 playedP=0.145 pW=0.48 pD=0.06 pL=0.46 vAbs=0.209 pLogitMean=-4.9644 vLogitMean=0.7129 gNorm=0.437 lr=0.993 ms=2181.7 buf=500000 plies=9627836 games=145925 rejected=0 skipped=0 epoch=0 mom=0.8501 lrCyc[pk=1.0e+00,tr=1.0e-03] trainerStep=1100
[LAYER-HEALTH] live trainerStep=1100 scope=batch_norm_state_only reluSites=9/10 ch=1040 dead=0 off=0 alwaysOn=0 worst=none maxBetaOverGamma=+1.05@policy.pre_bn[12] minBetaOverGamma=-1.21@value.bn[4] rvMaxOverMedian=28.9@stem.bn[88] rezero=none nonFinite=0
[REPLAY] step=1150 loss=3.7481 pLoss=2.9051 vLoss=0.8193 pEnt=2.865 pIllM=0.0237 playedP=0.144 pW=0.48 pD=0.07 pL=0.45 vAbs=0.229 pLogitMean=-5.1836 vLogitMean=0.7038 gNorm=0.463 lr=0.985 ms=1918.5 buf=500000 plies=10054477 games=152388 rejected=0 skipped=0 epoch=0 mom=0.8502 lrCyc[pk=1.0e+00,tr=1.0e-03] trainerStep=1150
[LAYER-HEALTH] live trainerStep=1150 scope=batch_norm_state_only reluSites=9/10 ch=1040 dead=0 off=0 alwaysOn=0 worst=none maxBetaOverGamma=+1.10@policy.pre_bn[12] minBetaOverGamma=-1.50@value.bn[7] rvMaxOverMedian=26.9@stem.bn[88] rezero=none nonFinite=0
[REPLAY] step=1200 loss=3.7040 pLoss=2.8767 vLoss=0.8046 pEnt=2.889 pIllM=0.0227 playedP=0.143 pW=0.48 pD=0.06 pL=0.46 vAbs=0.214 pLogitMean=-5.3747 vLogitMean=0.6842 gNorm=0.397 lr=0.973 ms=2010.4 buf=500000 plies=10481119 games=158937 rejected=0 skipped=0 epoch=0 mom=0.8504 lrCyc[pk=1.0e+00,tr=1.0e-03] trainerStep=1200
[LAYER-HEALTH] live trainerStep=1200 scope=batch_norm_state_only reluSites=9/10 ch=1040 dead=0 off=0 alwaysOn=0 worst=none maxBetaOverGamma=+1.09@policy.pre_bn[12] minBetaOverGamma=-1.59@value.bn[7] rvMaxOverMedian=26.0@stem.bn[88] rezero=none nonFinite=0
[REPLAY] step=1250 loss=3.7686 pLoss=2.9398 vLoss=0.8084 pEnt=2.906 pIllM=0.0204 playedP=0.140 pW=0.50 pD=0.07 pL=0.43 vAbs=0.184 pLogitMean=-5.5425 vLogitMean=0.6413 gNorm=0.469 lr=0.958 ms=2150.9 buf=500000 plies=10907775 games=165443 rejected=0 skipped=0 epoch=0 mom=0.8506 lrCyc[pk=1.0e+00,tr=1.0e-03] trainerStep=1250
[LAYER-HEALTH] live trainerStep=1250 scope=batch_norm_state_only reluSites=9/10 ch=1040 dead=0 off=0 alwaysOn=0 worst=none maxBetaOverGamma=+1.10@policy.pre_bn[12] minBetaOverGamma=-1.42@value.bn[8] rvMaxOverMedian=24.5@stem.bn[88] rezero=none nonFinite=0
[REPLAY] step=1300 loss=3.7167 pLoss=2.9153 vLoss=0.7815 pEnt=2.928 pIllM=0.0200 playedP=0.136 pW=0.49 pD=0.06 pL=0.46 vAbs=0.215 pLogitMean=-5.6973 vLogitMean=0.6713 gNorm=0.431 lr=0.94 ms=2166.4 buf=500000 plies=11334448 games=171904 rejected=0 skipped=0 epoch=0 mom=0.8509 lrCyc[pk=1.0e+00,tr=1.0e-03] trainerStep=1300
[LAYER-HEALTH] live trainerStep=1300 scope=batch_norm_state_only reluSites=9/10 ch=1040 dead=0 off=0 alwaysOn=0 worst=none maxBetaOverGamma=+1.18@policy.pre_bn[12] minBetaOverGamma=-1.50@value.bn[8] rvMaxOverMedian=23.0@stem.bn[88] rezero=none nonFinite=0
[REPLAY] step=1350 loss=3.7964 pLoss=2.9625 vLoss=0.8148 pEnt=2.894 pIllM=0.0191 playedP=0.134 pW=0.48 pD=0.07 pL=0.45 vAbs=0.212 pLogitMean=-5.8302 vLogitMean=0.6814 gNorm=0.609 lr=0.92 ms=2099.6 buf=500000 plies=11761188 games=178282 rejected=0 skipped=0 epoch=0 mom=0.8512 lrCyc[pk=1.0e+00,tr=1.0e-03] trainerStep=1350
[LAYER-HEALTH] live trainerStep=1350 scope=batch_norm_state_only reluSites=9/10 ch=1040 dead=0 off=0 alwaysOn=0 worst=none maxBetaOverGamma=+1.16@policy.pre_bn[12] minBetaOverGamma=-1.47@value.bn[8] rvMaxOverMedian=21.3@stem.bn[88] rezero=none nonFinite=0
[REPLAY] step=1400 loss=3.7025 pLoss=2.8825 vLoss=0.8027 pEnt=2.877 pIllM=0.0173 playedP=0.148 pW=0.47 pD=0.06 pL=0.46 vAbs=0.233 pLogitMean=-5.9749 vLogitMean=0.6750 gNorm=0.480 lr=0.897 ms=2237.3 buf=500000 plies=12187759 games=184728 rejected=0 skipped=0 epoch=0 mom=0.8516 lrCyc[pk=1.0e+00,tr=1.0e-03] trainerStep=1400
[LAYER-HEALTH] live trainerStep=1400 scope=batch_norm_state_only reluSites=9/10 ch=1040 dead=0 off=0 alwaysOn=0 worst=none maxBetaOverGamma=+1.17@policy.pre_bn[12] minBetaOverGamma=-1.30@value.bn[9] rvMaxOverMedian=19.7@stem.bn[88] rezero=none nonFinite=0
[REPLAY] step=1450 loss=3.7054 pLoss=2.8856 vLoss=0.8005 pEnt=2.877 pIllM=0.0193 playedP=0.147 pW=0.47 pD=0.07 pL=0.46 vAbs=0.212 pLogitMean=-6.0875 vLogitMean=0.6845 gNorm=0.375 lr=0.871 ms=2153.2 buf=500000 plies=12614406 games=191184 rejected=0 skipped=0 epoch=0 mom=0.8520 lrCyc[pk=1.0e+00,tr=1.0e-03] trainerStep=1450
[LAYER-HEALTH] live trainerStep=1450 scope=batch_norm_state_only reluSites=9/10 ch=1040 dead=0 off=0 alwaysOn=0 worst=none maxBetaOverGamma=+1.28@policy.pre_bn[60] minBetaOverGamma=-1.37@value.bn[8] rvMaxOverMedian=21.2@stem.bn[68] rezero=none nonFinite=0
[REPLAY] step=1500 loss=3.6316 pLoss=2.8172 vLoss=0.7989 pEnt=2.877 pIllM=0.0154 playedP=0.151 pW=0.45 pD=0.06 pL=0.49 vAbs=0.232 pLogitMean=-6.2279 vLogitMean=0.7118 gNorm=0.386 lr=0.844 ms=1992.1 buf=500000 plies=13041037 games=197659 rejected=0 skipped=0 epoch=0 mom=0.8524 lrCyc[pk=1.0e+00,tr=1.0e-03] trainerStep=1500
[LAYER-HEALTH] live trainerStep=1500 scope=batch_norm_state_only reluSites=9/10 ch=1040 dead=0 off=0 alwaysOn=0 worst=none maxBetaOverGamma=+1.38@policy.pre_bn[60] minBetaOverGamma=-1.44@value.bn[8] rvMaxOverMedian=23.0@stem.bn[68] rezero=none nonFinite=0
[REPLAY] step=1550 loss=3.6304 pLoss=2.8170 vLoss=0.7995 pEnt=2.913 pIllM=0.0139 playedP=0.146 pW=0.46 pD=0.06 pL=0.48 vAbs=0.216 pLogitMean=-6.3239 vLogitMean=0.6998 gNorm=0.324 lr=0.815 ms=2046.7 buf=500000 plies=13467683 games=204002 rejected=0 skipped=0 epoch=0 mom=0.8530 lrCyc[pk=1.0e+00,tr=1.0e-03] trainerStep=1550
[LAYER-HEALTH] live trainerStep=1550 scope=batch_norm_state_only reluSites=9/10 ch=1040 dead=0 off=0 alwaysOn=0 worst=none maxBetaOverGamma=+1.34@policy.pre_bn[60] minBetaOverGamma=-1.51@value.bn[7] rvMaxOverMedian=23.5@stem.bn[68] rezero=none nonFinite=0
[REPLAY] step=1600 loss=3.6626 pLoss=2.8395 vLoss=0.8077 pEnt=2.877 pIllM=0.0154 playedP=0.149 pW=0.46 pD=0.06 pL=0.48 vAbs=0.214 pLogitMean=-6.4153 vLogitMean=0.6916 gNorm=0.326 lr=0.784 ms=2163.4 buf=500000 plies=13894401 games=210364 rejected=0 skipped=0 epoch=0 mom=0.8535 lrCyc[pk=1.0e+00,tr=1.0e-03] trainerStep=1600
[LAYER-HEALTH] live trainerStep=1600 scope=batch_norm_state_only reluSites=9/10 ch=1040 dead=0 off=0 alwaysOn=0 worst=none maxBetaOverGamma=+1.27@policy.pre_bn[60] minBetaOverGamma=-1.60@value.bn[7] rvMaxOverMedian=22.5@stem.bn[68] rezero=none nonFinite=0
[REPLAY] step=1650 loss=3.6481 pLoss=2.8484 vLoss=0.7867 pEnt=2.865 pIllM=0.0130 playedP=0.153 pW=0.49 pD=0.06 pL=0.45 vAbs=0.225 pLogitMean=-6.4738 vLogitMean=0.6595 gNorm=0.378 lr=0.752 ms=2363.1 buf=500000 plies=14320978 games=216805 rejected=0 skipped=0 epoch=0 mom=0.8541 lrCyc[pk=1.0e+00,tr=1.0e-03] trainerStep=1650
[LAYER-HEALTH] live trainerStep=1650 scope=batch_norm_state_only reluSites=9/10 ch=1040 dead=0 off=0 alwaysOn=0 worst=none maxBetaOverGamma=+1.37@policy.pre_bn[60] minBetaOverGamma=-1.45@value.bn[7] rvMaxOverMedian=20.9@stem.bn[68] rezero=none nonFinite=0
[REPLAY] step=1700 loss=3.6053 pLoss=2.8048 vLoss=0.7888 pEnt=2.893 pIllM=0.0118 playedP=0.149 pW=0.47 pD=0.06 pL=0.47 vAbs=0.228 pLogitMean=-6.5498 vLogitMean=0.6447 gNorm=0.339 lr=0.719 ms=2002.0 buf=500000 plies=14747619 games=223222 rejected=0 skipped=0 epoch=0 mom=0.8548 lrCyc[pk=1.0e+00,tr=1.0e-03] trainerStep=1700
[LAYER-HEALTH] live trainerStep=1700 scope=batch_norm_state_only reluSites=9/10 ch=1040 dead=0 off=0 alwaysOn=0 worst=none maxBetaOverGamma=+1.29@policy.pre_bn[60] minBetaOverGamma=-1.81@value.bn[7] rvMaxOverMedian=19.0@stem.bn[68] rezero=none nonFinite=0
[REPLAY] step=1750 loss=3.6579 pLoss=2.8473 vLoss=0.7984 pEnt=2.851 pIllM=0.0122 playedP=0.158 pW=0.49 pD=0.06 pL=0.45 vAbs=0.247 pLogitMean=-6.6039 vLogitMean=0.6404 gNorm=0.371 lr=0.686 ms=2277.4 buf=500000 plies=15174282 games=229727 rejected=0 skipped=0 epoch=0 mom=0.8555 lrCyc[pk=1.0e+00,tr=1.0e-03] trainerStep=1750
[LAYER-HEALTH] live trainerStep=1750 scope=batch_norm_state_only reluSites=9/10 ch=1040 dead=0 off=0 alwaysOn=0 worst=none maxBetaOverGamma=+1.34@policy.pre_bn[60] minBetaOverGamma=-1.48@value.bn[9] rvMaxOverMedian=16.1@stem.bn[68] rezero=none nonFinite=0
[REPLAY] step=1800 loss=3.6171 pLoss=2.8136 vLoss=0.7922 pEnt=2.868 pIllM=0.0112 playedP=0.159 pW=0.48 pD=0.06 pL=0.46 vAbs=0.229 pLogitMean=-6.6435 vLogitMean=0.6333 gNorm=0.340 lr=0.652 ms=1976.0 buf=500000 plies=15600921 games=236281 rejected=0 skipped=0 epoch=0 mom=0.8562 lrCyc[pk=1.0e+00,tr=1.0e-03] trainerStep=1800
[LAYER-HEALTH] live trainerStep=1800 scope=batch_norm_state_only reluSites=9/10 ch=1040 dead=0 off=0 alwaysOn=0 worst=none maxBetaOverGamma=+1.29@policy.pre_bn[12] minBetaOverGamma=-1.63@value.bn[8] rvMaxOverMedian=14.2@stem.bn[68] rezero=none nonFinite=0
[REPLAY] step=1850 loss=3.6205 pLoss=2.8106 vLoss=0.7984 pEnt=2.899 pIllM=0.0115 playedP=0.148 pW=0.47 pD=0.06 pL=0.48 vAbs=0.226 pLogitMean=-6.6803 vLogitMean=0.6553 gNorm=0.367 lr=0.618 ms=2374.4 buf=500000 plies=16027622 games=242762 rejected=0 skipped=0 epoch=0 mom=0.8570 lrCyc[pk=1.0e+00,tr=1.0e-03] trainerStep=1850
[LAYER-HEALTH] live trainerStep=1850 scope=batch_norm_state_only reluSites=9/10 ch=1040 dead=0 off=0 alwaysOn=0 worst=none maxBetaOverGamma=+1.33@policy.pre_bn[60] minBetaOverGamma=-1.62@value.bn[9] rvMaxOverMedian=12.2@stem.bn[68] rezero=none nonFinite=0
[REPLAY] step=1900 loss=3.5912 pLoss=2.7786 vLoss=0.8019 pEnt=2.888 pIllM=0.0107 playedP=0.156 pW=0.48 pD=0.06 pL=0.46 vAbs=0.244 pLogitMean=-6.7097 vLogitMean=0.6580 gNorm=0.323 lr=0.584 ms=2147.6 buf=500000 plies=16454219 games=249306 rejected=0 skipped=0 epoch=0 mom=0.8578 lrCyc[pk=1.0e+00,tr=1.0e-03] trainerStep=1900
[LAYER-HEALTH] live trainerStep=1900 scope=batch_norm_state_only reluSites=9/10 ch=1040 dead=0 off=0 alwaysOn=0 worst=none maxBetaOverGamma=+1.39@policy.pre_bn[60] minBetaOverGamma=-1.74@value.bn[9] rvMaxOverMedian=10.5@stem.bn[68] rezero=none nonFinite=0
[REPLAY] step=1950 loss=3.6462 pLoss=2.8329 vLoss=0.8037 pEnt=2.929 pIllM=0.0095 playedP=0.151 pW=0.45 pD=0.06 pL=0.48 vAbs=0.218 pLogitMean=-6.7534 vLogitMean=0.6349 gNorm=0.312 lr=0.55 ms=2432.4 buf=500000 plies=16880892 games=255747 rejected=0 skipped=0 epoch=0 mom=0.8587 lrCyc[pk=1.0e+00,tr=1.0e-03] trainerStep=1950
[LAYER-HEALTH] live trainerStep=1950 scope=batch_norm_state_only reluSites=9/10 ch=1040 dead=0 off=0 alwaysOn=0 worst=none maxBetaOverGamma=+1.43@policy.pre_bn[60] minBetaOverGamma=-1.69@value.bn[9] rvMaxOverMedian=9.5@stem.bn[88] rezero=none nonFinite=0
[REPLAY] step=2000 loss=3.6102 pLoss=2.8000 vLoss=0.7991 pEnt=2.900 pIllM=0.0110 playedP=0.152 pW=0.47 pD=0.06 pL=0.46 vAbs=0.223 pLogitMean=-6.7672 vLogitMean=0.6346 gNorm=0.319 lr=0.517 ms=1870.4 buf=500000 plies=17307559 games=262256 rejected=0 skipped=0 epoch=0 mom=0.8596 lrCyc[pk=1.0e+00,tr=1.0e-03] trainerStep=2000
[LAYER-HEALTH] live trainerStep=2000 scope=batch_norm_state_only reluSites=9/10 ch=1040 dead=0 off=0 alwaysOn=0 worst=none maxBetaOverGamma=+1.36@policy.pre_bn[60] minBetaOverGamma=-1.69@value.bn[9] rvMaxOverMedian=9.3@stem.bn[88] rezero=none nonFinite=0
[REPLAY] saved trainer model (autosave) step=2000 trainerStep=2000 nextGame=262256 shard=0 epoch=0 -> 20261005-lrBleakyall-cyc1-replay-latest.safetensors
[LAYER-HEALTH] checkpoint replay-autosave step=2000 trainerStep=2000 scope=all_tensors reluSites=9/10 ch=1040 dead=0 off=0 alwaysOn=0 worst=none maxBetaOverGamma=+1.36@policy.pre_bn[60] minBetaOverGamma=-1.69@value.bn[9] rvMaxOverMedian=9.3@stem.bn[88] rezero=none nonFinite=0 seZeroVel=none valueFC1ZeroVel=0/128 maxAbs=22.18@blocks.0.bn2.running_var
[LAYER-HEALTH]   batch-norm sites — β/|γ|: dead < -3.00, mostly off < -2.00, always on > +3.00; classified for relu/leaky_relu only
[LAYER-HEALTH]     site            act            ch   dead    off     on  zeroγ nonfin  min β/|γ| [ch]     max β/|γ| [ch]     rv max/median [ch]
[LAYER-HEALTH]     stem.bn         -             128    n/a    n/a    n/a      0      0     -0.32 [11]         +0.16 [26]            9.3 [88]
[LAYER-HEALTH]     blocks.0.bn1    leaky_relu    128      0      0      0      0      0     -0.43 [47]         +0.16 [62]            2.2 [14]
[LAYER-HEALTH]     blocks.0.bn2    leaky_relu    128      0      0      0      0      0     -0.96 [79]         -0.19 [115]           7.1 [96]
[LAYER-HEALTH]     blocks.1.bn1    leaky_relu    128      0      0      0      0      0     -0.71 [11]         -0.00 [31]            7.1 [31]
[LAYER-HEALTH]     blocks.1.bn2    leaky_relu    128      0      0      0      0      0     -1.04 [80]         -0.26 [49]            2.2 [32]
[LAYER-HEALTH]     blocks.2.bn1    leaky_relu    128      0      0      0      0      0     -0.94 [69]         +0.15 [31]            7.2 [31]
[LAYER-HEALTH]     blocks.2.bn2    leaky_relu    128      0      0      0      0      0     -1.43 [85]         -0.19 [46]            2.4 [26]
[LAYER-HEALTH]     tower_final_bn  leaky_relu    128      0      0      0      0      0     -0.30 [16]         +0.76 [61]            2.7 [75]
[LAYER-HEALTH]     policy.pre_bn   leaky_relu    128      0      0      0      0      0     -0.89 [7]          +1.36 [60]            2.7 [12]
[LAYER-HEALTH]     value.bn        leaky_relu     16      0      0      0      0      0     -1.69 [9]          -0.83 [12]            2.9 [14]
[LAYER-HEALTH]   FC hidden-unit velocity — zero: every weight-velocity entry exactly 0; low: nonzero but < 5% of the layer's p90 unit norm
[LAYER-HEALTH]     value.fc1.weight  leaky_relu  units 128  zero 0  low 4  median unit norm 0.004045
[LAYER-HEALTH]     (no SE blocks)
[LAYER-HEALTH]   ReZero: none
[LAYER-HEALTH]   non-finite: 0 values in 0 of 102 tensors (10263038 values examined)
[LAYER-HEALTH]   largest |value|: blocks.0.bn2.running_var 22.18, policy.pre_bn.running_var 6.3, blocks.2.bn2.running_var 6.172, blocks.0.bn2.running_mean 6.131, blocks.1.bn2.running_var 5.663
[REPLAY] enumerated checkpoint -> 20261005-lrBleakyall-cyc1-replay-step2000.safetensors
[REPLAY] step=2050 loss=3.6473 pLoss=2.8230 vLoss=0.8142 pEnt=2.889 pIllM=0.0102 playedP=0.154 pW=0.46 pD=0.07 pL=0.47 vAbs=0.213 pLogitMean=-6.7952 vLogitMean=0.6403 gNorm=0.334 lr=0.484 ms=1981.4 buf=500000 plies=17734184 games=268713 rejected=0 skipped=0 epoch=0 mom=0.8605 lrCyc[pk=1.0e+00,tr=1.0e-03] trainerStep=2050
[LAYER-HEALTH] live trainerStep=2050 scope=batch_norm_state_only reluSites=9/10 ch=1040 dead=0 off=0 alwaysOn=0 worst=none maxBetaOverGamma=+1.41@policy.pre_bn[60] minBetaOverGamma=-1.81@value.bn[9] rvMaxOverMedian=9.2@stem.bn[88] rezero=none nonFinite=0
[REPLAY] step=2100 loss=3.6038 pLoss=2.7796 vLoss=0.8154 pEnt=2.867 pIllM=0.0088 playedP=0.160 pW=0.45 pD=0.06 pL=0.49 vAbs=0.218 pLogitMean=-6.8292 vLogitMean=0.6355 gNorm=0.328 lr=0.452 ms=1899.9 buf=500000 plies=18160840 games=275254 rejected=0 skipped=0 epoch=0 mom=0.8615 lrCyc[pk=1.0e+00,tr=1.0e-03] trainerStep=2100
[LAYER-HEALTH] live trainerStep=2100 scope=batch_norm_state_only reluSites=9/10 ch=1040 dead=0 off=0 alwaysOn=0 worst=none maxBetaOverGamma=+1.47@policy.pre_bn[60] minBetaOverGamma=-1.70@value.bn[9] rvMaxOverMedian=9.1@stem.bn[88] rezero=none nonFinite=0
[REPLAY] step=2150 loss=3.6772 pLoss=2.8666 vLoss=0.8011 pEnt=2.918 pIllM=0.0095 playedP=0.150 pW=0.48 pD=0.06 pL=0.45 vAbs=0.210 pLogitMean=-6.8452 vLogitMean=0.6424 gNorm=0.301 lr=0.421 ms=2097.6 buf=500000 plies=18587479 games=281746 rejected=0 skipped=0 epoch=0 mom=0.8625 lrCyc[pk=1.0e+00,tr=1.0e-03] trainerStep=2150
[LAYER-HEALTH] live trainerStep=2150 scope=batch_norm_state_only reluSites=9/10 ch=1040 dead=0 off=0 alwaysOn=0 worst=none maxBetaOverGamma=+1.51@policy.pre_bn[60] minBetaOverGamma=-1.63@value.bn[9] rvMaxOverMedian=9.0@stem.bn[88] rezero=none nonFinite=0
[REPLAY] step=2200 loss=3.6422 pLoss=2.8250 vLoss=0.8070 pEnt=2.888 pIllM=0.0102 playedP=0.156 pW=0.48 pD=0.07 pL=0.45 vAbs=0.206 pLogitMean=-6.8600 vLogitMean=0.6240 gNorm=0.334 lr=0.392 ms=2979.9 buf=500000 plies=19014137 games=288219 rejected=0 skipped=0 epoch=0 mom=0.8636 lrCyc[pk=1.0e+00,tr=1.0e-03] trainerStep=2200
[LAYER-HEALTH] live trainerStep=2200 scope=batch_norm_state_only reluSites=9/10 ch=1040 dead=0 off=0 alwaysOn=0 worst=none maxBetaOverGamma=+1.52@policy.pre_bn[60] minBetaOverGamma=-1.73@value.bn[9] rvMaxOverMedian=8.9@stem.bn[88] rezero=none nonFinite=0
[REPLAY] step=2250 loss=3.5943 pLoss=2.7809 vLoss=0.8048 pEnt=2.859 pIllM=0.0085 playedP=0.162 pW=0.46 pD=0.06 pL=0.48 vAbs=0.215 pLogitMean=-6.8750 vLogitMean=0.6152 gNorm=0.323 lr=0.363 ms=2429.6 buf=500000 plies=19440789 games=294642 rejected=0 skipped=0 epoch=0 mom=0.8647 lrCyc[pk=1.0e+00,tr=1.0e-03] trainerStep=2250
[LAYER-HEALTH] live trainerStep=2250 scope=batch_norm_state_only reluSites=9/10 ch=1040 dead=0 off=0 alwaysOn=0 worst=none maxBetaOverGamma=+1.46@policy.pre_bn[60] minBetaOverGamma=-1.86@value.bn[9] rvMaxOverMedian=8.5@stem.bn[88] rezero=none nonFinite=0
[REPLAY] step=2300 loss=3.6000 pLoss=2.8012 vLoss=0.7898 pEnt=2.882 pIllM=0.0089 playedP=0.159 pW=0.48 pD=0.06 pL=0.46 vAbs=0.233 pLogitMean=-6.8773 vLogitMean=0.6126 gNorm=0.330 lr=0.336 ms=2477.6 buf=500000 plies=19867473 games=301048 rejected=0 skipped=0 epoch=0 mom=0.8658 lrCyc[pk=1.0e+00,tr=1.0e-03] trainerStep=2300
[LAYER-HEALTH] live trainerStep=2300 scope=batch_norm_state_only reluSites=9/10 ch=1040 dead=0 off=0 alwaysOn=0 worst=none maxBetaOverGamma=+1.48@policy.pre_bn[60] minBetaOverGamma=-1.81@value.bn[9] rvMaxOverMedian=8.0@stem.bn[88] rezero=none nonFinite=0
[REPLAY] step=2350 loss=3.6060 pLoss=2.8001 vLoss=0.7987 pEnt=2.888 pIllM=0.0073 playedP=0.157 pW=0.46 pD=0.06 pL=0.48 vAbs=0.231 pLogitMean=-6.8751 vLogitMean=0.6033 gNorm=0.344 lr=0.31 ms=2442.1 buf=500000 plies=20294177 games=307559 rejected=0 skipped=0 epoch=0 mom=0.8669 lrCyc[pk=1.0e+00,tr=1.0e-03] trainerStep=2350
[LAYER-HEALTH] live trainerStep=2350 scope=batch_norm_state_only reluSites=9/10 ch=1040 dead=0 off=0 alwaysOn=0 worst=none maxBetaOverGamma=+1.45@policy.pre_bn[60] minBetaOverGamma=-1.79@value.bn[9] rvMaxOverMedian=8.0@blocks.1.bn1[14] rezero=none nonFinite=0
[REPLAY] step=2400 loss=3.6730 pLoss=2.8530 vLoss=0.8116 pEnt=2.862 pIllM=0.0084 playedP=0.164 pW=0.50 pD=0.06 pL=0.44 vAbs=0.221 pLogitMean=-6.8902 vLogitMean=0.6183 gNorm=0.341 lr=0.286 ms=2048.0 buf=500000 plies=20720741 games=314048 rejected=0 skipped=0 epoch=0 mom=0.8681 lrCyc[pk=1.0e+00,tr=1.0e-03] trainerStep=2400
[LAYER-HEALTH] live trainerStep=2400 scope=batch_norm_state_only reluSites=9/10 ch=1040 dead=0 off=0 alwaysOn=0 worst=none maxBetaOverGamma=+1.44@policy.pre_bn[60] minBetaOverGamma=-1.66@value.bn[9] rvMaxOverMedian=8.1@blocks.1.bn1[14] rezero=none nonFinite=0
[REPLAY] step=2450 loss=3.6141 pLoss=2.7976 vLoss=0.8086 pEnt=2.877 pIllM=0.0078 playedP=0.160 pW=0.48 pD=0.06 pL=0.46 vAbs=0.216 pLogitMean=-6.8856 vLogitMean=0.6241 gNorm=0.317 lr=0.262 ms=2160.2 buf=500000 plies=21147435 games=320530 rejected=0 skipped=0 epoch=0 mom=0.8694 lrCyc[pk=1.0e+00,tr=1.0e-03] trainerStep=2450
[LAYER-HEALTH] live trainerStep=2450 scope=batch_norm_state_only reluSites=9/10 ch=1040 dead=0 off=0 alwaysOn=0 worst=none maxBetaOverGamma=+1.42@policy.pre_bn[60] minBetaOverGamma=-1.54@value.bn[9] rvMaxOverMedian=8.2@blocks.1.bn1[14] rezero=none nonFinite=0
[REPLAY] step=2500 loss=3.5780 pLoss=2.7623 vLoss=0.8081 pEnt=2.902 pIllM=0.0076 playedP=0.156 pW=0.47 pD=0.06 pL=0.47 vAbs=0.209 pLogitMean=-6.8937 vLogitMean=0.6238 gNorm=0.309 lr=0.241 ms=1667.6 buf=500000 plies=21574056 games=327070 rejected=0 skipped=0 epoch=0 mom=0.8706 lrCyc[pk=1.0e+00,tr=1.0e-03] trainerStep=2500
[LAYER-HEALTH] live trainerStep=2500 scope=batch_norm_state_only reluSites=9/10 ch=1040 dead=0 off=0 alwaysOn=0 worst=none maxBetaOverGamma=+1.42@policy.pre_bn[60] minBetaOverGamma=-1.57@value.bn[9] rvMaxOverMedian=8.2@blocks.1.bn1[14] rezero=none nonFinite=0
[REPLAY] step=2550 loss=3.6130 pLoss=2.7957 vLoss=0.8097 pEnt=2.879 pIllM=0.0077 playedP=0.161 pW=0.48 pD=0.07 pL=0.45 vAbs=0.207 pLogitMean=-6.8933 vLogitMean=0.6183 gNorm=0.308 lr=0.22 ms=2088.5 buf=500000 plies=22000693 games=333595 rejected=0 skipped=0 epoch=0 mom=0.8719 lrCyc[pk=1.0e+00,tr=1.0e-03] trainerStep=2550
[LAYER-HEALTH] live trainerStep=2550 scope=batch_norm_state_only reluSites=9/10 ch=1040 dead=0 off=0 alwaysOn=0 worst=none maxBetaOverGamma=+1.43@policy.pre_bn[60] minBetaOverGamma=-1.58@value.bn[6] rvMaxOverMedian=8.2@blocks.1.bn1[14] rezero=none nonFinite=0
[REPLAY] step=2600 loss=3.6519 pLoss=2.8500 vLoss=0.7949 pEnt=2.910 pIllM=0.0070 playedP=0.156 pW=0.48 pD=0.06 pL=0.46 vAbs=0.217 pLogitMean=-6.9065 vLogitMean=0.6189 gNorm=0.346 lr=0.201 ms=2186.8 buf=500000 plies=22427360 games=340111 rejected=0 skipped=0 epoch=0 mom=0.8732 lrCyc[pk=1.0e+00,tr=1.0e-03] trainerStep=2600
[LAYER-HEALTH] live trainerStep=2600 scope=batch_norm_state_only reluSites=9/10 ch=1040 dead=0 off=0 alwaysOn=0 worst=none maxBetaOverGamma=+1.44@policy.pre_bn[60] minBetaOverGamma=-1.59@value.bn[6] rvMaxOverMedian=8.4@blocks.1.bn1[14] rezero=none nonFinite=0
[REPLAY] step=2650 loss=3.5856 pLoss=2.7834 vLoss=0.7959 pEnt=2.930 pIllM=0.0063 playedP=0.152 pW=0.46 pD=0.06 pL=0.48 vAbs=0.237 pLogitMean=-6.9052 vLogitMean=0.6290 gNorm=0.342 lr=0.183 ms=1987.6 buf=500000 plies=22853999 games=346612 rejected=0 skipped=0 epoch=0 mom=0.8746 lrCyc[pk=1.0e+00,tr=1.0e-03] trainerStep=2650
[LAYER-HEALTH] live trainerStep=2650 scope=batch_norm_state_only reluSites=9/10 ch=1040 dead=0 off=0 alwaysOn=0 worst=none maxBetaOverGamma=+1.48@policy.pre_bn[60] minBetaOverGamma=-1.64@value.bn[9] rvMaxOverMedian=8.5@blocks.1.bn1[14] rezero=none nonFinite=0
[REPLAY] step=2700 loss=3.6048 pLoss=2.7962 vLoss=0.8023 pEnt=2.899 pIllM=0.0062 playedP=0.159 pW=0.47 pD=0.06 pL=0.47 vAbs=0.233 pLogitMean=-6.9064 vLogitMean=0.6216 gNorm=0.312 lr=0.167 ms=2143.7 buf=500000 plies=23280634 games=353072 rejected=0 skipped=0 epoch=0 mom=0.8759 lrCyc[pk=1.0e+00,tr=1.0e-03] trainerStep=2700
[LAYER-HEALTH] live trainerStep=2700 scope=batch_norm_state_only reluSites=9/10 ch=1040 dead=0 off=0 alwaysOn=0 worst=none maxBetaOverGamma=+1.44@policy.pre_bn[60] minBetaOverGamma=-1.58@value.bn[9] rvMaxOverMedian=8.6@blocks.1.bn1[14] rezero=none nonFinite=0
[REPLAY] step=2750 loss=3.6373 pLoss=2.8308 vLoss=0.8004 pEnt=2.920 pIllM=0.0062 playedP=0.153 pW=0.49 pD=0.06 pL=0.45 vAbs=0.219 pLogitMean=-6.9096 vLogitMean=0.6201 gNorm=0.322 lr=0.151 ms=2148.3 buf=500000 plies=23707275 games=359536 rejected=0 skipped=0 epoch=0 mom=0.8773 lrCyc[pk=1.0e+00,tr=1.0e-03] trainerStep=2750
[LAYER-HEALTH] live trainerStep=2750 scope=batch_norm_state_only reluSites=9/10 ch=1040 dead=0 off=0 alwaysOn=0 worst=none maxBetaOverGamma=+1.47@policy.pre_bn[60] minBetaOverGamma=-1.56@value.bn[6] rvMaxOverMedian=8.5@blocks.1.bn1[14] rezero=none nonFinite=0
[REPLAY] step=2800 loss=3.5585 pLoss=2.7641 vLoss=0.7883 pEnt=2.903 pIllM=0.0061 playedP=0.160 pW=0.48 pD=0.06 pL=0.46 vAbs=0.239 pLogitMean=-6.9072 vLogitMean=0.6167 gNorm=0.291 lr=0.137 ms=2186.6 buf=500000 plies=24133976 games=366065 rejected=0 skipped=0 epoch=0 mom=0.8787 lrCyc[pk=1.0e+00,tr=1.0e-03] trainerStep=2800
[LAYER-HEALTH] live trainerStep=2800 scope=batch_norm_state_only reluSites=9/10 ch=1040 dead=0 off=0 alwaysOn=0 worst=none maxBetaOverGamma=+1.49@policy.pre_bn[60] minBetaOverGamma=-1.54@value.bn[6] rvMaxOverMedian=8.6@blocks.1.bn1[14] rezero=none nonFinite=0
[REPLAY] step=2850 loss=3.5629 pLoss=2.7571 vLoss=0.7991 pEnt=2.888 pIllM=0.0068 playedP=0.162 pW=0.47 pD=0.06 pL=0.47 vAbs=0.226 pLogitMean=-6.9063 vLogitMean=0.6311 gNorm=0.287 lr=0.124 ms=2033.2 buf=500000 plies=24560661 games=372598 rejected=0 skipped=0 epoch=0 mom=0.8801 lrCyc[pk=1.0e+00,tr=1.0e-03] trainerStep=2850
[LAYER-HEALTH] live trainerStep=2850 scope=batch_norm_state_only reluSites=9/10 ch=1040 dead=0 off=0 alwaysOn=0 worst=none maxBetaOverGamma=+1.49@policy.pre_bn[60] minBetaOverGamma=-1.57@value.bn[6] rvMaxOverMedian=8.6@blocks.1.bn1[14] rezero=none nonFinite=0
[REPLAY] step=2900 loss=3.5735 pLoss=2.7666 vLoss=0.8013 pEnt=2.911 pIllM=0.0056 playedP=0.156 pW=0.46 pD=0.06 pL=0.48 vAbs=0.229 pLogitMean=-6.9094 vLogitMean=0.6221 gNorm=0.331 lr=0.113 ms=2096.3 buf=500000 plies=24987233 games=379098 rejected=0 skipped=0 epoch=0 mom=0.8816 lrCyc[pk=1.0e+00,tr=1.0e-03] trainerStep=2900
[LAYER-HEALTH] live trainerStep=2900 scope=batch_norm_state_only reluSites=9/10 ch=1040 dead=0 off=0 alwaysOn=0 worst=none maxBetaOverGamma=+1.51@policy.pre_bn[60] minBetaOverGamma=-1.60@value.bn[6] rvMaxOverMedian=8.6@blocks.1.bn1[14] rezero=none nonFinite=0
[REPLAY] step=2950 loss=3.6074 pLoss=2.8003 vLoss=0.8005 pEnt=2.896 pIllM=0.0066 playedP=0.159 pW=0.47 pD=0.07 pL=0.46 vAbs=0.216 pLogitMean=-6.9011 vLogitMean=0.6327 gNorm=0.300 lr=0.102 ms=2250.5 buf=500000 plies=25413876 games=385541 rejected=0 skipped=0 epoch=0 mom=0.8831 lrCyc[pk=1.0e+00,tr=1.0e-03] trainerStep=2950
[LAYER-HEALTH] live trainerStep=2950 scope=batch_norm_state_only reluSites=9/10 ch=1040 dead=0 off=0 alwaysOn=0 worst=none maxBetaOverGamma=+1.50@policy.pre_bn[60] minBetaOverGamma=-1.52@value.bn[6] rvMaxOverMedian=8.7@blocks.1.bn1[14] rezero=none nonFinite=0
[REPLAY] step=3000 loss=3.5987 pLoss=2.7967 vLoss=0.7965 pEnt=2.901 pIllM=0.0055 playedP=0.162 pW=0.47 pD=0.05 pL=0.48 vAbs=0.210 pLogitMean=-6.9055 vLogitMean=0.6276 gNorm=0.304 lr=0.0918 ms=2034.6 buf=500000 plies=25840570 games=392016 rejected=0 skipped=0 epoch=0 mom=0.8846 lrCyc[pk=1.0e+00,tr=1.0e-03] trainerStep=3000
[LAYER-HEALTH] live trainerStep=3000 scope=batch_norm_state_only reluSites=9/10 ch=1040 dead=0 off=0 alwaysOn=0 worst=none maxBetaOverGamma=+1.50@policy.pre_bn[60] minBetaOverGamma=-1.52@value.bn[6] rvMaxOverMedian=8.7@blocks.1.bn1[14] rezero=none nonFinite=0
[REPLAY] saved trainer model (autosave) step=3000 trainerStep=3000 nextGame=392016 shard=0 epoch=0 -> 20261005-lrBleakyall-cyc1-replay-latest.safetensors
[LAYER-HEALTH] checkpoint replay-autosave step=3000 trainerStep=3000 scope=all_tensors reluSites=9/10 ch=1040 dead=0 off=0 alwaysOn=0 worst=none maxBetaOverGamma=+1.50@policy.pre_bn[60] minBetaOverGamma=-1.52@value.bn[6] rvMaxOverMedian=8.7@blocks.1.bn1[14] rezero=none nonFinite=0 seZeroVel=none valueFC1ZeroVel=0/128 maxAbs=19.56@blocks.0.bn2.running_var
[LAYER-HEALTH]   batch-norm sites — β/|γ|: dead < -3.00, mostly off < -2.00, always on > +3.00; classified for relu/leaky_relu only
[LAYER-HEALTH]     site            act            ch   dead    off     on  zeroγ nonfin  min β/|γ| [ch]     max β/|γ| [ch]     rv max/median [ch]
[LAYER-HEALTH]     stem.bn         -             128    n/a    n/a    n/a      0      0     -0.36 [11]         +0.18 [26]            7.7 [88]
[LAYER-HEALTH]     blocks.0.bn1    leaky_relu    128      0      0      0      0      0     -0.47 [47]         +0.16 [18]            2.4 [14]
[LAYER-HEALTH]     blocks.0.bn2    leaky_relu    128      0      0      0      0      0     -0.96 [109]        -0.08 [49]            6.7 [96]
[LAYER-HEALTH]     blocks.1.bn1    leaky_relu    128      0      0      0      0      0     -0.76 [11]         -0.03 [31]            8.7 [14]
[LAYER-HEALTH]     blocks.1.bn2    leaky_relu    128      0      0      0      0      0     -1.13 [80]         -0.28 [49]            2.3 [32]
[LAYER-HEALTH]     blocks.2.bn1    leaky_relu    128      0      0      0      0      0     -1.02 [69]         +0.19 [31]            8.5 [31]
[LAYER-HEALTH]     blocks.2.bn2    leaky_relu    128      0      0      0      0      0     -1.42 [85]         -0.13 [55]            2.5 [26]
[LAYER-HEALTH]     tower_final_bn  leaky_relu    128      0      0      0      0      0     -0.33 [16]         +0.85 [61]            3.0 [75]
[LAYER-HEALTH]     policy.pre_bn   leaky_relu    128      0      0      0      0      0     -0.85 [7]          +1.50 [60]            2.6 [12]
[LAYER-HEALTH]     value.bn        leaky_relu     16      0      0      0      0      0     -1.52 [6]          -0.73 [1]             2.6 [14]
[LAYER-HEALTH]   FC hidden-unit velocity — zero: every weight-velocity entry exactly 0; low: nonzero but < 5% of the layer's p90 unit norm
[LAYER-HEALTH]     value.fc1.weight  leaky_relu  units 128  zero 0  low 5  median unit norm 0.003936
[LAYER-HEALTH]     (no SE blocks)
[LAYER-HEALTH]   ReZero: none
[LAYER-HEALTH]   non-finite: 0 values in 0 of 102 tensors (10263038 values examined)
[LAYER-HEALTH]   largest |value|: blocks.0.bn2.running_var 19.56, blocks.0.bn2.running_mean 5.904, policy.pre_bn.running_var 5.348, policy.conv.bias 5.094, blocks.2.bn2.running_var 5.087
[REPLAY] enumerated checkpoint -> 20261005-lrBleakyall-cyc1-replay-step3000.safetensors
[REPLAY] step=3050 loss=3.6110 pLoss=2.7975 vLoss=0.8081 pEnt=2.900 pIllM=0.0053 playedP=0.161 pW=0.47 pD=0.06 pL=0.46 vAbs=0.220 pLogitMean=-6.9058 vLogitMean=0.6251 gNorm=0.302 lr=0.0828 ms=2143.2 buf=500000 plies=26267195 games=398538 rejected=0 skipped=0 epoch=0 mom=0.8861 lrCyc[pk=1.0e+00,tr=1.0e-03] trainerStep=3050
[LAYER-HEALTH] live trainerStep=3050 scope=batch_norm_state_only reluSites=9/10 ch=1040 dead=0 off=0 alwaysOn=0 worst=none maxBetaOverGamma=+1.49@policy.pre_bn[60] minBetaOverGamma=-1.49@value.bn[6] rvMaxOverMedian=8.6@blocks.1.bn1[14] rezero=none nonFinite=0
[REPLAY] step=3100 loss=3.5904 pLoss=2.7934 vLoss=0.7915 pEnt=2.879 pIllM=0.0054 playedP=0.164 pW=0.47 pD=0.06 pL=0.47 vAbs=0.217 pLogitMean=-6.9133 vLogitMean=0.6246 gNorm=0.289 lr=0.0745 ms=2061.8 buf=500000 plies=26693861 games=405004 rejected=0 skipped=0 epoch=0 mom=0.8876 lrCyc[pk=1.0e+00,tr=1.0e-03] trainerStep=3100
[LAYER-HEALTH] live trainerStep=3100 scope=batch_norm_state_only reluSites=9/10 ch=1040 dead=0 off=0 alwaysOn=0 worst=none maxBetaOverGamma=+1.50@policy.pre_bn[60] minBetaOverGamma=-1.52@value.bn[6] rvMaxOverMedian=8.9@blocks.1.bn1[14] rezero=none nonFinite=0
[REPLAY] step=3150 loss=3.5835 pLoss=2.7809 vLoss=0.7971 pEnt=2.891 pIllM=0.0055 playedP=0.162 pW=0.47 pD=0.06 pL=0.47 vAbs=0.210 pLogitMean=-6.9103 vLogitMean=0.6230 gNorm=0.294 lr=0.0671 ms=2166.4 buf=500000 plies=27120493 games=411466 rejected=0 skipped=0 epoch=0 mom=0.8891 lrCyc[pk=1.0e+00,tr=1.0e-03] trainerStep=3150
[LAYER-HEALTH] live trainerStep=3150 scope=batch_norm_state_only reluSites=9/10 ch=1040 dead=0 off=0 alwaysOn=0 worst=none maxBetaOverGamma=+1.51@policy.pre_bn[60] minBetaOverGamma=-1.49@value.bn[6] rvMaxOverMedian=9.1@blocks.1.bn1[14] rezero=none nonFinite=0
[REPLAY] step=3200 loss=3.5801 pLoss=2.7830 vLoss=0.7915 pEnt=2.881 pIllM=0.0056 playedP=0.164 pW=0.48 pD=0.06 pL=0.47 vAbs=0.211 pLogitMean=-6.9093 vLogitMean=0.6200 gNorm=0.290 lr=0.0603 ms=2240.8 buf=500000 plies=27547195 games=418053 rejected=0 skipped=0 epoch=0 mom=0.8906 lrCyc[pk=1.0e+00,tr=1.0e-03] trainerStep=3200
[LAYER-HEALTH] live trainerStep=3200 scope=batch_norm_state_only reluSites=9/10 ch=1040 dead=0 off=0 alwaysOn=0 worst=none maxBetaOverGamma=+1.48@policy.pre_bn[60] minBetaOverGamma=-1.43@value.bn[6] rvMaxOverMedian=9.1@blocks.1.bn1[14] rezero=none nonFinite=0
[REPLAY] step=3250 loss=3.6199 pLoss=2.7989 vLoss=0.8156 pEnt=2.902 pIllM=0.0054 playedP=0.157 pW=0.48 pD=0.07 pL=0.46 vAbs=0.211 pLogitMean=-6.9073 vLogitMean=0.6229 gNorm=0.290 lr=0.0542 ms=2764.4 buf=500000 plies=27973870 games=424553 rejected=0 skipped=0 epoch=0 mom=0.8922 lrCyc[pk=1.0e+00,tr=1.0e-03] trainerStep=3250
[LAYER-HEALTH] live trainerStep=3250 scope=batch_norm_state_only reluSites=9/10 ch=1040 dead=0 off=0 alwaysOn=0 worst=none maxBetaOverGamma=+1.49@policy.pre_bn[60] minBetaOverGamma=-1.43@value.bn[6] rvMaxOverMedian=9.1@blocks.1.bn1[14] rezero=none nonFinite=0
[REPLAY] step=3300 loss=3.6464 pLoss=2.8218 vLoss=0.8196 pEnt=2.885 pIllM=0.0051 playedP=0.161 pW=0.48 pD=0.06 pL=0.46 vAbs=0.206 pLogitMean=-6.9119 vLogitMean=0.6154 gNorm=0.291 lr=0.0487 ms=2166.2 buf=500000 plies=28400479 games=431041 rejected=0 skipped=0 epoch=0 mom=0.8937 lrCyc[pk=1.0e+00,tr=1.0e-03] trainerStep=3300
[LAYER-HEALTH] live trainerStep=3300 scope=batch_norm_state_only reluSites=9/10 ch=1040 dead=0 off=0 alwaysOn=0 worst=none maxBetaOverGamma=+1.51@policy.pre_bn[60] minBetaOverGamma=-1.43@value.bn[6] rvMaxOverMedian=9.2@blocks.1.bn1[14] rezero=none nonFinite=0
[REPLAY] step=3350 loss=3.5965 pLoss=2.7753 vLoss=0.8161 pEnt=2.905 pIllM=0.0051 playedP=0.162 pW=0.47 pD=0.06 pL=0.47 vAbs=0.212 pLogitMean=-6.9148 vLogitMean=0.6175 gNorm=0.301 lr=0.0437 ms=2053.0 buf=500000 plies=28827128 games=437567 rejected=0 skipped=0 epoch=0 mom=0.8953 lrCyc[pk=1.0e+00,tr=1.0e-03] trainerStep=3350
[LAYER-HEALTH] live trainerStep=3350 scope=batch_norm_state_only reluSites=9/10 ch=1040 dead=0 off=0 alwaysOn=0 worst=none maxBetaOverGamma=+1.50@policy.pre_bn[60] minBetaOverGamma=-1.44@value.bn[6] rvMaxOverMedian=9.2@blocks.1.bn1[14] rezero=none nonFinite=0
[REPLAY] step=3400 loss=3.5596 pLoss=2.7449 vLoss=0.8096 pEnt=2.909 pIllM=0.0050 playedP=0.156 pW=0.47 pD=0.06 pL=0.47 vAbs=0.227 pLogitMean=-6.9117 vLogitMean=0.6240 gNorm=0.294 lr=0.0392 ms=2038.5 buf=500000 plies=29253742 games=443975 rejected=0 skipped=0 epoch=0 mom=0.8969 lrCyc[pk=1.0e+00,tr=1.0e-03] trainerStep=3400
[LAYER-HEALTH] live trainerStep=3400 scope=batch_norm_state_only reluSites=9/10 ch=1040 dead=0 off=0 alwaysOn=0 worst=none maxBetaOverGamma=+1.51@policy.pre_bn[60] minBetaOverGamma=-1.45@value.bn[9] rvMaxOverMedian=9.1@blocks.1.bn1[14] rezero=none nonFinite=0
[REPLAY] step=3450 loss=3.6099 pLoss=2.7986 vLoss=0.8061 pEnt=2.902 pIllM=0.0053 playedP=0.161 pW=0.47 pD=0.06 pL=0.47 vAbs=0.224 pLogitMean=-6.9124 vLogitMean=0.6176 gNorm=0.318 lr=0.0352 ms=2033.8 buf=500000 plies=29680413 games=450455 rejected=0 skipped=0 epoch=0 mom=0.8984 lrCyc[pk=1.0e+00,tr=1.0e-03] trainerStep=3450
[LAYER-HEALTH] live trainerStep=3450 scope=batch_norm_state_only reluSites=9/10 ch=1040 dead=0 off=0 alwaysOn=0 worst=none maxBetaOverGamma=+1.51@policy.pre_bn[60] minBetaOverGamma=-1.46@value.bn[9] rvMaxOverMedian=9.1@blocks.1.bn1[14] rezero=none nonFinite=0
[REPLAY] step=3500 loss=3.6028 pLoss=2.7946 vLoss=0.8034 pEnt=2.898 pIllM=0.0047 playedP=0.162 pW=0.47 pD=0.06 pL=0.46 vAbs=0.209 pLogitMean=-6.9153 vLogitMean=0.6207 gNorm=0.289 lr=0.0316 ms=2333.7 buf=500000 plies=30107054 games=456962 rejected=0 skipped=0 epoch=0 mom=0.9000 lrCyc[pk=1.0e+00,tr=1.0e-03] trainerStep=3500
[LAYER-HEALTH] live trainerStep=3500 scope=batch_norm_state_only reluSites=9/10 ch=1040 dead=0 off=0 alwaysOn=0 worst=none maxBetaOverGamma=+1.51@policy.pre_bn[60] minBetaOverGamma=-1.45@value.bn[9] rvMaxOverMedian=8.9@blocks.1.bn1[14] rezero=none nonFinite=0
[REPLAY] step=3550 loss=3.5970 pLoss=2.7780 vLoss=0.8136 pEnt=2.891 pIllM=0.0054 playedP=0.161 pW=0.47 pD=0.06 pL=0.47 vAbs=0.219 pLogitMean=-6.9148 vLogitMean=0.6199 gNorm=0.276 lr=0.0283 ms=2105.6 buf=500000 plies=30533671 games=463404 rejected=0 skipped=0 epoch=0 mom=0.9016 lrCyc[pk=1.0e+00,tr=1.0e-03] trainerStep=3550
[LAYER-HEALTH] live trainerStep=3550 scope=batch_norm_state_only reluSites=9/10 ch=1040 dead=0 off=0 alwaysOn=0 worst=none maxBetaOverGamma=+1.50@policy.pre_bn[60] minBetaOverGamma=-1.45@value.bn[9] rvMaxOverMedian=8.9@blocks.1.bn1[14] rezero=none nonFinite=0
[REPLAY] step=3600 loss=3.5449 pLoss=2.7397 vLoss=0.8001 pEnt=2.873 pIllM=0.0051 playedP=0.166 pW=0.47 pD=0.06 pL=0.47 vAbs=0.235 pLogitMean=-6.9110 vLogitMean=0.6234 gNorm=0.311 lr=0.0254 ms=2853.9 buf=500000 plies=30960388 games=469843 rejected=0 skipped=0 epoch=0 mom=0.9031 lrCyc[pk=1.0e+00,tr=1.0e-03] trainerStep=3600
[LAYER-HEALTH] live trainerStep=3600 scope=batch_norm_state_only reluSites=9/10 ch=1040 dead=0 off=0 alwaysOn=0 worst=none maxBetaOverGamma=+1.49@policy.pre_bn[60] minBetaOverGamma=-1.47@value.bn[9] rvMaxOverMedian=9.0@blocks.1.bn1[14] rezero=none nonFinite=0
[REPLAY] step=3650 loss=3.6128 pLoss=2.7869 vLoss=0.8209 pEnt=2.885 pIllM=0.0050 playedP=0.161 pW=0.47 pD=0.07 pL=0.46 vAbs=0.215 pLogitMean=-6.9119 vLogitMean=0.6208 gNorm=0.313 lr=0.0228 ms=2759.2 buf=500000 plies=31386984 games=476298 rejected=0 skipped=0 epoch=0 mom=0.9047 lrCyc[pk=1.0e+00,tr=1.0e-03] trainerStep=3650
[LAYER-HEALTH] live trainerStep=3650 scope=batch_norm_state_only reluSites=9/10 ch=1040 dead=0 off=0 alwaysOn=0 worst=none maxBetaOverGamma=+1.49@policy.pre_bn[60] minBetaOverGamma=-1.51@value.bn[9] rvMaxOverMedian=9.0@blocks.1.bn1[14] rezero=none nonFinite=0
[REPLAY] step=3700 loss=3.5636 pLoss=2.7499 vLoss=0.8085 pEnt=2.870 pIllM=0.0053 playedP=0.165 pW=0.47 pD=0.06 pL=0.46 vAbs=0.223 pLogitMean=-6.9135 vLogitMean=0.6204 gNorm=0.294 lr=0.0205 ms=2070.8 buf=500000 plies=31813641 games=482688 rejected=0 skipped=0 epoch=0 mom=0.9063 lrCyc[pk=1.0e+00,tr=1.0e-03] trainerStep=3700
[LAYER-HEALTH] live trainerStep=3700 scope=batch_norm_state_only reluSites=9/10 ch=1040 dead=0 off=0 alwaysOn=0 worst=none maxBetaOverGamma=+1.48@policy.pre_bn[60] minBetaOverGamma=-1.50@value.bn[9] rvMaxOverMedian=9.0@blocks.1.bn1[14] rezero=none nonFinite=0
[REPLAY] step=3750 loss=3.5875 pLoss=2.7686 vLoss=0.8139 pEnt=2.877 pIllM=0.0050 playedP=0.164 pW=0.47 pD=0.06 pL=0.46 vAbs=0.221 pLogitMean=-6.9160 vLogitMean=0.6232 gNorm=0.278 lr=0.0184 ms=2102.3 buf=500000 plies=32240337 games=489150 rejected=0 skipped=0 epoch=0 mom=0.9078 lrCyc[pk=1.0e+00,tr=1.0e-03] trainerStep=3750
[LAYER-HEALTH] live trainerStep=3750 scope=batch_norm_state_only reluSites=9/10 ch=1040 dead=0 off=0 alwaysOn=0 worst=none maxBetaOverGamma=+1.49@policy.pre_bn[60] minBetaOverGamma=-1.49@value.bn[9] rvMaxOverMedian=9.0@blocks.1.bn1[14] rezero=none nonFinite=0
[REPLAY] step=3800 loss=3.5676 pLoss=2.7521 vLoss=0.8099 pEnt=2.866 pIllM=0.0055 playedP=0.168 pW=0.47 pD=0.07 pL=0.46 vAbs=0.218 pLogitMean=-6.9140 vLogitMean=0.6262 gNorm=0.280 lr=0.0165 ms=2166.7 buf=500000 plies=32667020 games=495650 rejected=0 skipped=0 epoch=0 mom=0.9094 lrCyc[pk=1.0e+00,tr=1.0e-03] trainerStep=3800
[LAYER-HEALTH] live trainerStep=3800 scope=batch_norm_state_only reluSites=9/10 ch=1040 dead=0 off=0 alwaysOn=0 worst=none maxBetaOverGamma=+1.49@policy.pre_bn[60] minBetaOverGamma=-1.47@value.bn[9] rvMaxOverMedian=9.0@blocks.1.bn1[14] rezero=none nonFinite=0
[REPLAY] step=3850 loss=3.5448 pLoss=2.7403 vLoss=0.7998 pEnt=2.875 pIllM=0.0047 playedP=0.167 pW=0.47 pD=0.06 pL=0.47 vAbs=0.232 pLogitMean=-6.9155 vLogitMean=0.6244 gNorm=0.264 lr=0.0149 ms=2331.4 buf=500000 plies=33093603 games=502111 rejected=0 skipped=0 epoch=0 mom=0.9109 lrCyc[pk=1.0e+00,tr=1.0e-03] trainerStep=3850
[LAYER-HEALTH] live trainerStep=3850 scope=batch_norm_state_only reluSites=9/10 ch=1040 dead=0 off=0 alwaysOn=0 worst=none maxBetaOverGamma=+1.49@policy.pre_bn[60] minBetaOverGamma=-1.46@value.bn[9] rvMaxOverMedian=9.1@blocks.1.bn1[14] rezero=none nonFinite=0
[REPLAY] step=3900 loss=3.5796 pLoss=2.7579 vLoss=0.8169 pEnt=2.889 pIllM=0.0048 playedP=0.161 pW=0.47 pD=0.06 pL=0.47 vAbs=0.225 pLogitMean=-6.9142 vLogitMean=0.6238 gNorm=0.296 lr=0.0134 ms=2318.7 buf=500000 plies=33520243 games=508535 rejected=0 skipped=0 epoch=0 mom=0.9124 lrCyc[pk=1.0e+00,tr=1.0e-03] trainerStep=3900
[LAYER-HEALTH] live trainerStep=3900 scope=batch_norm_state_only reluSites=9/10 ch=1040 dead=0 off=0 alwaysOn=0 worst=none maxBetaOverGamma=+1.49@policy.pre_bn[60] minBetaOverGamma=-1.45@value.bn[9] rvMaxOverMedian=9.3@blocks.1.bn1[14] rezero=none nonFinite=0
[REPLAY] step=3950 loss=3.5645 pLoss=2.7586 vLoss=0.8010 pEnt=2.886 pIllM=0.0050 playedP=0.160 pW=0.47 pD=0.06 pL=0.47 vAbs=0.230 pLogitMean=-6.9152 vLogitMean=0.6218 gNorm=0.295 lr=0.012 ms=2260.9 buf=500000 plies=33946984 games=514979 rejected=0 skipped=0 epoch=0 mom=0.9140 lrCyc[pk=1.0e+00,tr=1.0e-03] trainerStep=3950
[LAYER-HEALTH] live trainerStep=3950 scope=batch_norm_state_only reluSites=9/10 ch=1040 dead=0 off=0 alwaysOn=0 worst=none maxBetaOverGamma=+1.49@policy.pre_bn[60] minBetaOverGamma=-1.45@value.bn[9] rvMaxOverMedian=9.3@blocks.1.bn1[14] rezero=none nonFinite=0
[REPLAY] step=4000 loss=3.5643 pLoss=2.7578 vLoss=0.8015 pEnt=2.884 pIllM=0.0050 playedP=0.166 pW=0.47 pD=0.06 pL=0.46 vAbs=0.235 pLogitMean=-6.9141 vLogitMean=0.6205 gNorm=0.279 lr=0.0109 ms=2171.6 buf=500000 plies=34373556 games=521477 rejected=0 skipped=0 epoch=0 mom=0.9155 lrCyc[pk=1.0e+00,tr=1.0e-03] trainerStep=4000
[LAYER-HEALTH] live trainerStep=4000 scope=batch_norm_state_only reluSites=9/10 ch=1040 dead=0 off=0 alwaysOn=0 worst=none maxBetaOverGamma=+1.49@policy.pre_bn[60] minBetaOverGamma=-1.44@value.bn[9] rvMaxOverMedian=9.3@blocks.1.bn1[14] rezero=none nonFinite=0
[REPLAY] saved trainer model (autosave) step=4000 trainerStep=4000 nextGame=521477 shard=1 epoch=0 -> 20261005-lrBleakyall-cyc1-replay-latest.safetensors
[LAYER-HEALTH] checkpoint replay-autosave step=4000 trainerStep=4000 scope=all_tensors reluSites=9/10 ch=1040 dead=0 off=0 alwaysOn=0 worst=none maxBetaOverGamma=+1.49@policy.pre_bn[60] minBetaOverGamma=-1.44@value.bn[9] rvMaxOverMedian=9.3@blocks.1.bn1[14] rezero=none nonFinite=0 seZeroVel=none valueFC1ZeroVel=0/128 maxAbs=17.6@blocks.0.bn2.running_var
[LAYER-HEALTH]   batch-norm sites — β/|γ|: dead < -3.00, mostly off < -2.00, always on > +3.00; classified for relu/leaky_relu only
[LAYER-HEALTH]     site            act            ch   dead    off     on  zeroγ nonfin  min β/|γ| [ch]     max β/|γ| [ch]     rv max/median [ch]
[LAYER-HEALTH]     stem.bn         -             128    n/a    n/a    n/a      0      0     -0.36 [11]         +0.18 [26]            7.5 [88]
[LAYER-HEALTH]     blocks.0.bn1    leaky_relu    128      0      0      0      0      0     -0.48 [10]         +0.16 [18]            2.5 [14]
[LAYER-HEALTH]     blocks.0.bn2    leaky_relu    128      0      0      0      0      0     -0.95 [109]        -0.03 [49]            6.1 [96]
[LAYER-HEALTH]     blocks.1.bn1    leaky_relu    128      0      0      0      0      0     -0.77 [11]         -0.03 [31]            9.3 [14]
[LAYER-HEALTH]     blocks.1.bn2    leaky_relu    128      0      0      0      0      0     -1.13 [80]         -0.26 [49]            2.3 [32]
[LAYER-HEALTH]     blocks.2.bn1    leaky_relu    128      0      0      0      0      0     -1.03 [69]         +0.20 [31]            8.6 [31]
[LAYER-HEALTH]     blocks.2.bn2    leaky_relu    128      0      0      0      0      0     -1.41 [85]         -0.11 [46]            2.5 [26]
[LAYER-HEALTH]     tower_final_bn  leaky_relu    128      0      0      0      0      0     -0.34 [16]         +0.86 [61]            3.2 [75]
[LAYER-HEALTH]     policy.pre_bn   leaky_relu    128      0      0      0      0      0     -0.85 [7]          +1.49 [60]            2.7 [12]
[LAYER-HEALTH]     value.bn        leaky_relu     16      0      0      0      0      0     -1.44 [9]          -0.71 [1]             2.8 [14]
[LAYER-HEALTH]   FC hidden-unit velocity — zero: every weight-velocity entry exactly 0; low: nonzero but < 5% of the layer's p90 unit norm
[LAYER-HEALTH]     value.fc1.weight  leaky_relu  units 128  zero 0  low 7  median unit norm 0.004988
[LAYER-HEALTH]     (no SE blocks)
[LAYER-HEALTH]   ReZero: none
[LAYER-HEALTH]   non-finite: 0 values in 0 of 102 tensors (10263038 values examined)
[LAYER-HEALTH]   largest |value|: blocks.0.bn2.running_var 17.6, blocks.0.bn2.running_mean 5.64, policy.pre_bn.running_var 5.195, policy.conv.bias 5.119, blocks.2.bn2.running_var 4.872
[REPLAY] enumerated checkpoint -> 20261005-lrBleakyall-cyc1-replay-step4000.safetensors
[REPLAY] step=4050 loss=3.5988 pLoss=2.7810 vLoss=0.8134 pEnt=2.894 pIllM=0.0044 playedP=0.165 pW=0.47 pD=0.06 pL=0.47 vAbs=0.214 pLogitMean=-6.9142 vLogitMean=0.6204 gNorm=0.280 lr=0.0098 ms=2460.6 buf=500000 plies=34800197 games=527962 rejected=0 skipped=0 epoch=0 mom=0.9169 lrCyc[pk=1.0e+00,tr=1.0e-03] trainerStep=4050
[LAYER-HEALTH] live trainerStep=4050 scope=batch_norm_state_only reluSites=9/10 ch=1040 dead=0 off=0 alwaysOn=0 worst=none maxBetaOverGamma=+1.49@policy.pre_bn[60] minBetaOverGamma=-1.44@value.bn[9] rvMaxOverMedian=9.2@blocks.1.bn1[14] rezero=none nonFinite=0
[REPLAY] step=4100 loss=3.5589 pLoss=2.7561 vLoss=0.7981 pEnt=2.884 pIllM=0.0047 playedP=0.167 pW=0.47 pD=0.07 pL=0.47 vAbs=0.215 pLogitMean=-6.9140 vLogitMean=0.6238 gNorm=0.289 lr=0.00885 ms=2213.0 buf=500000 plies=35226838 games=534425 rejected=0 skipped=0 epoch=0 mom=0.9184 lrCyc[pk=1.0e+00,tr=1.0e-03] trainerStep=4100
[LAYER-HEALTH] live trainerStep=4100 scope=batch_norm_state_only reluSites=9/10 ch=1040 dead=0 off=0 alwaysOn=0 worst=none maxBetaOverGamma=+1.49@policy.pre_bn[60] minBetaOverGamma=-1.44@value.bn[9] rvMaxOverMedian=9.2@blocks.1.bn1[14] rezero=none nonFinite=0
[REPLAY] step=4150 loss=3.5573 pLoss=2.7410 vLoss=0.8121 pEnt=2.878 pIllM=0.0043 playedP=0.166 pW=0.47 pD=0.06 pL=0.47 vAbs=0.228 pLogitMean=-6.9145 vLogitMean=0.6228 gNorm=0.305 lr=0.00801 ms=2317.4 buf=500000 plies=35653505 games=540923 rejected=0 skipped=0 epoch=0 mom=0.9199 lrCyc[pk=1.0e+00,tr=1.0e-03] trainerStep=4150
[LAYER-HEALTH] live trainerStep=4150 scope=batch_norm_state_only reluSites=9/10 ch=1040 dead=0 off=0 alwaysOn=0 worst=none maxBetaOverGamma=+1.49@policy.pre_bn[60] minBetaOverGamma=-1.44@value.bn[9] rvMaxOverMedian=9.2@blocks.1.bn1[14] rezero=none nonFinite=0
[REPLAY] step=4200 loss=3.5749 pLoss=2.7610 vLoss=0.8091 pEnt=2.904 pIllM=0.0049 playedP=0.162 pW=0.47 pD=0.07 pL=0.46 vAbs=0.213 pLogitMean=-6.9148 vLogitMean=0.6217 gNorm=0.297 lr=0.00725 ms=2613.0 buf=500000 plies=36080162 games=547451 rejected=0 skipped=0 epoch=0 mom=0.9213 lrCyc[pk=1.0e+00,tr=1.0e-03] trainerStep=4200
[LAYER-HEALTH] live trainerStep=4200 scope=batch_norm_state_only reluSites=9/10 ch=1040 dead=0 off=0 alwaysOn=0 worst=none maxBetaOverGamma=+1.49@policy.pre_bn[60] minBetaOverGamma=-1.45@value.bn[9] rvMaxOverMedian=9.1@blocks.1.bn1[14] rezero=none nonFinite=0
[REPLAY] step=4250 loss=3.5796 pLoss=2.7543 vLoss=0.8205 pEnt=2.908 pIllM=0.0048 playedP=0.158 pW=0.47 pD=0.06 pL=0.47 vAbs=0.226 pLogitMean=-6.9145 vLogitMean=0.6203 gNorm=0.282 lr=0.00658 ms=2410.2 buf=500000 plies=36506811 games=553901 rejected=0 skipped=0 epoch=0 mom=0.9227 lrCyc[pk=1.0e+00,tr=1.0e-03] trainerStep=4250
[LAYER-HEALTH] live trainerStep=4250 scope=batch_norm_state_only reluSites=9/10 ch=1040 dead=0 off=0 alwaysOn=0 worst=none maxBetaOverGamma=+1.50@policy.pre_bn[60] minBetaOverGamma=-1.44@value.bn[9] rvMaxOverMedian=9.2@blocks.1.bn1[14] rezero=none nonFinite=0
[REPLAY] step=4300 loss=3.5836 pLoss=2.7615 vLoss=0.8174 pEnt=2.889 pIllM=0.0047 playedP=0.162 pW=0.47 pD=0.06 pL=0.47 vAbs=0.226 pLogitMean=-6.9148 vLogitMean=0.6241 gNorm=0.292 lr=0.00598 ms=2950.3 buf=500000 plies=36933434 games=560308 rejected=0 skipped=0 epoch=0 mom=0.9241 lrCyc[pk=1.0e+00,tr=1.0e-03] trainerStep=4300
[LAYER-HEALTH] live trainerStep=4300 scope=batch_norm_state_only reluSites=9/10 ch=1040 dead=0 off=0 alwaysOn=0 worst=none maxBetaOverGamma=+1.50@policy.pre_bn[60] minBetaOverGamma=-1.44@value.bn[9] rvMaxOverMedian=9.2@blocks.1.bn1[14] rezero=none nonFinite=0
[REPLAY] step=4350 loss=3.5646 pLoss=2.7560 vLoss=0.8042 pEnt=2.886 pIllM=0.0044 playedP=0.161 pW=0.47 pD=0.07 pL=0.46 vAbs=0.223 pLogitMean=-6.9141 vLogitMean=0.6236 gNorm=0.292 lr=0.00544 ms=2768.1 buf=500000 plies=37360088 games=566724 rejected=0 skipped=0 epoch=0 mom=0.9255 lrCyc[pk=1.0e+00,tr=1.0e-03] trainerStep=4350
[LAYER-HEALTH] live trainerStep=4350 scope=batch_norm_state_only reluSites=9/10 ch=1040 dead=0 off=0 alwaysOn=0 worst=none maxBetaOverGamma=+1.50@policy.pre_bn[60] minBetaOverGamma=-1.45@value.bn[9] rvMaxOverMedian=9.2@blocks.1.bn1[14] rezero=none nonFinite=0
[REPLAY] step=4400 loss=3.5782 pLoss=2.7634 vLoss=0.8103 pEnt=2.901 pIllM=0.0045 playedP=0.160 pW=0.47 pD=0.07 pL=0.46 vAbs=0.225 pLogitMean=-6.9145 vLogitMean=0.6244 gNorm=0.295 lr=0.00496 ms=2913.0 buf=500000 plies=37786869 games=573180 rejected=0 skipped=0 epoch=0 mom=0.9268 lrCyc[pk=1.0e+00,tr=1.0e-03] trainerStep=4400
[LAYER-HEALTH] live trainerStep=4400 scope=batch_norm_state_only reluSites=9/10 ch=1040 dead=0 off=0 alwaysOn=0 worst=none maxBetaOverGamma=+1.50@policy.pre_bn[60] minBetaOverGamma=-1.44@value.bn[9] rvMaxOverMedian=9.1@blocks.1.bn1[14] rezero=none nonFinite=0
[REPLAY] step=4450 loss=3.5706 pLoss=2.7600 vLoss=0.8060 pEnt=2.884 pIllM=0.0046 playedP=0.163 pW=0.47 pD=0.07 pL=0.46 vAbs=0.233 pLogitMean=-6.9146 vLogitMean=0.6234 gNorm=0.289 lr=0.00453 ms=2596.8 buf=500000 plies=38213415 games=579616 rejected=0 skipped=0 epoch=0 mom=0.9281 lrCyc[pk=1.0e+00,tr=1.0e-03] trainerStep=4450
[LAYER-HEALTH] live trainerStep=4450 scope=batch_norm_state_only reluSites=9/10 ch=1040 dead=0 off=0 alwaysOn=0 worst=none maxBetaOverGamma=+1.50@policy.pre_bn[60] minBetaOverGamma=-1.44@value.bn[9] rvMaxOverMedian=9.2@blocks.1.bn1[14] rezero=none nonFinite=0
[REPLAY] step=4500 loss=3.5893 pLoss=2.7741 vLoss=0.8107 pEnt=2.892 pIllM=0.0046 playedP=0.161 pW=0.47 pD=0.07 pL=0.46 vAbs=0.229 pLogitMean=-6.9153 vLogitMean=0.6225 gNorm=0.283 lr=0.00414 ms=2390.5 buf=500000 plies=38640041 games=586105 rejected=0 skipped=0 epoch=0 mom=0.9294 lrCyc[pk=1.0e+00,tr=1.0e-03] trainerStep=4500
[LAYER-HEALTH] live trainerStep=4500 scope=batch_norm_state_only reluSites=9/10 ch=1040 dead=0 off=0 alwaysOn=0 worst=none maxBetaOverGamma=+1.50@policy.pre_bn[60] minBetaOverGamma=-1.45@value.bn[9] rvMaxOverMedian=9.2@blocks.1.bn1[14] rezero=none nonFinite=0
[REPLAY] step=4550 loss=3.5767 pLoss=2.7678 vLoss=0.8043 pEnt=2.872 pIllM=0.0046 playedP=0.169 pW=0.47 pD=0.07 pL=0.47 vAbs=0.230 pLogitMean=-6.9155 vLogitMean=0.6201 gNorm=0.300 lr=0.0038 ms=2466.7 buf=500000 plies=39066685 games=592539 rejected=0 skipped=0 epoch=0 mom=0.9306 lrCyc[pk=1.0e+00,tr=1.0e-03] trainerStep=4550
[LAYER-HEALTH] live trainerStep=4550 scope=batch_norm_state_only reluSites=9/10 ch=1040 dead=0 off=0 alwaysOn=0 worst=none maxBetaOverGamma=+1.51@policy.pre_bn[60] minBetaOverGamma=-1.45@value.bn[9] rvMaxOverMedian=9.2@blocks.1.bn1[14] rezero=none nonFinite=0
[REPLAY] step=4600 loss=3.5781 pLoss=2.7693 vLoss=0.8034 pEnt=2.904 pIllM=0.0054 playedP=0.161 pW=0.47 pD=0.06 pL=0.47 vAbs=0.225 pLogitMean=-6.9157 vLogitMean=0.6209 gNorm=0.286 lr=0.00349 ms=2723.7 buf=500000 plies=39493368 games=598979 rejected=0 skipped=0 epoch=0 mom=0.9319 lrCyc[pk=1.0e+00,tr=1.0e-03] trainerStep=4600
[LAYER-HEALTH] live trainerStep=4600 scope=batch_norm_state_only reluSites=9/10 ch=1040 dead=0 off=0 alwaysOn=0 worst=none maxBetaOverGamma=+1.51@policy.pre_bn[60] minBetaOverGamma=-1.44@value.bn[9] rvMaxOverMedian=9.3@blocks.1.bn1[14] rezero=none nonFinite=0
[REPLAY] step=4650 loss=3.5547 pLoss=2.7376 vLoss=0.8120 pEnt=2.881 pIllM=0.0051 playedP=0.166 pW=0.47 pD=0.06 pL=0.47 vAbs=0.230 pLogitMean=-6.9166 vLogitMean=0.6223 gNorm=0.284 lr=0.00321 ms=2930.8 buf=500000 plies=39919988 games=605451 rejected=0 skipped=0 epoch=0 mom=0.9331 lrCyc[pk=1.0e+00,tr=1.0e-03] trainerStep=4650
[LAYER-HEALTH] live trainerStep=4650 scope=batch_norm_state_only reluSites=9/10 ch=1040 dead=0 off=0 alwaysOn=0 worst=none maxBetaOverGamma=+1.51@policy.pre_bn[60] minBetaOverGamma=-1.44@value.bn[9] rvMaxOverMedian=9.3@blocks.1.bn1[14] rezero=none nonFinite=0
[REPLAY] step=4700 loss=3.5872 pLoss=2.7546 vLoss=0.8281 pEnt=2.874 pIllM=0.0045 playedP=0.166 pW=0.47 pD=0.07 pL=0.46 vAbs=0.216 pLogitMean=-6.9153 vLogitMean=0.6216 gNorm=0.278 lr=0.00297 ms=2808.7 buf=500000 plies=40346638 games=611945 rejected=0 skipped=0 epoch=0 mom=0.9342 lrCyc[pk=1.0e+00,tr=1.0e-03] trainerStep=4700
[LAYER-HEALTH] live trainerStep=4700 scope=batch_norm_state_only reluSites=9/10 ch=1040 dead=0 off=0 alwaysOn=0 worst=none maxBetaOverGamma=+1.51@policy.pre_bn[60] minBetaOverGamma=-1.44@value.bn[9] rvMaxOverMedian=9.3@blocks.1.bn1[14] rezero=none nonFinite=0
[REPLAY] step=4750 loss=3.5712 pLoss=2.7582 vLoss=0.8085 pEnt=2.891 pIllM=0.0045 playedP=0.165 pW=0.47 pD=0.07 pL=0.46 vAbs=0.226 pLogitMean=-6.9167 vLogitMean=0.6233 gNorm=0.279 lr=0.00274 ms=2396.3 buf=500000 plies=40773283 games=618435 rejected=0 skipped=0 epoch=0 mom=0.9354 lrCyc[pk=1.0e+00,tr=1.0e-03] trainerStep=4750
[LAYER-HEALTH] live trainerStep=4750 scope=batch_norm_state_only reluSites=9/10 ch=1040 dead=0 off=0 alwaysOn=0 worst=none maxBetaOverGamma=+1.51@policy.pre_bn[60] minBetaOverGamma=-1.44@value.bn[9] rvMaxOverMedian=9.3@blocks.1.bn1[14] rezero=none nonFinite=0
[REPLAY] step=4800 loss=3.5993 pLoss=2.7808 vLoss=0.8140 pEnt=2.893 pIllM=0.0045 playedP=0.164 pW=0.47 pD=0.07 pL=0.46 vAbs=0.221 pLogitMean=-6.9169 vLogitMean=0.6209 gNorm=0.275 lr=0.00254 ms=2399.8 buf=500000 plies=41200022 games=624928 rejected=0 skipped=0 epoch=0 mom=0.9365 lrCyc[pk=1.0e+00,tr=1.0e-03] trainerStep=4800
[LAYER-HEALTH] live trainerStep=4800 scope=batch_norm_state_only reluSites=9/10 ch=1040 dead=0 off=0 alwaysOn=0 worst=none maxBetaOverGamma=+1.51@policy.pre_bn[60] minBetaOverGamma=-1.44@value.bn[9] rvMaxOverMedian=9.3@blocks.1.bn1[14] rezero=none nonFinite=0
[REPLAY] step=4850 loss=3.5508 pLoss=2.7577 vLoss=0.7888 pEnt=2.896 pIllM=0.0043 playedP=0.163 pW=0.47 pD=0.06 pL=0.46 vAbs=0.231 pLogitMean=-6.9169 vLogitMean=0.6206 gNorm=0.313 lr=0.00237 ms=2223.7 buf=500000 plies=41626573 games=631458 rejected=0 skipped=0 epoch=0 mom=0.9375 lrCyc[pk=1.0e+00,tr=1.0e-03] trainerStep=4850
[LAYER-HEALTH] live trainerStep=4850 scope=batch_norm_state_only reluSites=9/10 ch=1040 dead=0 off=0 alwaysOn=0 worst=none maxBetaOverGamma=+1.51@policy.pre_bn[60] minBetaOverGamma=-1.44@value.bn[9] rvMaxOverMedian=9.3@blocks.1.bn1[14] rezero=none nonFinite=0
[REPLAY] step=4900 loss=3.5686 pLoss=2.7611 vLoss=0.8030 pEnt=2.885 pIllM=0.0044 playedP=0.163 pW=0.47 pD=0.06 pL=0.47 vAbs=0.229 pLogitMean=-6.9151 vLogitMean=0.6227 gNorm=0.278 lr=0.0022 ms=2470.7 buf=500000 plies=42053337 games=637948 rejected=0 skipped=0 epoch=0 mom=0.9385 lrCyc[pk=1.0e+00,tr=1.0e-03] trainerStep=4900
[LAYER-HEALTH] live trainerStep=4900 scope=batch_norm_state_only reluSites=9/10 ch=1040 dead=0 off=0 alwaysOn=0 worst=none maxBetaOverGamma=+1.51@policy.pre_bn[60] minBetaOverGamma=-1.44@value.bn[9] rvMaxOverMedian=9.4@blocks.1.bn1[14] rezero=none nonFinite=0
[REPLAY] step=4950 loss=3.6233 pLoss=2.7907 vLoss=0.8279 pEnt=2.881 pIllM=0.0047 playedP=0.163 pW=0.47 pD=0.07 pL=0.46 vAbs=0.218 pLogitMean=-6.9161 vLogitMean=0.6219 gNorm=0.285 lr=0.00206 ms=2332.7 buf=500000 plies=42479938 games=644392 rejected=0 skipped=0 epoch=0 mom=0.9395 lrCyc[pk=1.0e+00,tr=1.0e-03] trainerStep=4950
[LAYER-HEALTH] live trainerStep=4950 scope=batch_norm_state_only reluSites=9/10 ch=1040 dead=0 off=0 alwaysOn=0 worst=none maxBetaOverGamma=+1.51@policy.pre_bn[60] minBetaOverGamma=-1.44@value.bn[9] rvMaxOverMedian=9.4@blocks.1.bn1[14] rezero=none nonFinite=0
[REPLAY] step=5000 loss=3.5652 pLoss=2.7661 vLoss=0.7943 pEnt=2.900 pIllM=0.0048 playedP=0.159 pW=0.47 pD=0.06 pL=0.46 vAbs=0.226 pLogitMean=-6.9182 vLogitMean=0.6212 gNorm=0.289 lr=0.00193 ms=2063.0 buf=500000 plies=42906578 games=650871 rejected=0 skipped=0 epoch=0 mom=0.9405 lrCyc[pk=1.0e+00,tr=1.0e-03] trainerStep=5000
[LAYER-HEALTH] live trainerStep=5000 scope=batch_norm_state_only reluSites=9/10 ch=1040 dead=0 off=0 alwaysOn=0 worst=none maxBetaOverGamma=+1.51@policy.pre_bn[60] minBetaOverGamma=-1.44@value.bn[9] rvMaxOverMedian=9.4@blocks.1.bn1[14] rezero=none nonFinite=0
[REPLAY] saved trainer model (autosave) step=5000 trainerStep=5000 nextGame=650871 shard=1 epoch=0 -> 20261005-lrBleakyall-cyc1-replay-latest.safetensors
[LAYER-HEALTH] checkpoint replay-autosave step=5000 trainerStep=5000 scope=all_tensors reluSites=9/10 ch=1040 dead=0 off=0 alwaysOn=0 worst=none maxBetaOverGamma=+1.51@policy.pre_bn[60] minBetaOverGamma=-1.44@value.bn[9] rvMaxOverMedian=9.4@blocks.1.bn1[14] rezero=none nonFinite=0 seZeroVel=none valueFC1ZeroVel=0/128 maxAbs=17.7@blocks.0.bn2.running_var
[LAYER-HEALTH]   batch-norm sites — β/|γ|: dead < -3.00, mostly off < -2.00, always on > +3.00; classified for relu/leaky_relu only
[LAYER-HEALTH]     site            act            ch   dead    off     on  zeroγ nonfin  min β/|γ| [ch]     max β/|γ| [ch]     rv max/median [ch]
[LAYER-HEALTH]     stem.bn         -             128    n/a    n/a    n/a      0      0     -0.36 [11]         +0.18 [26]            7.5 [88]
[LAYER-HEALTH]     blocks.0.bn1    leaky_relu    128      0      0      0      0      0     -0.48 [47]         +0.16 [62]            2.5 [14]
[LAYER-HEALTH]     blocks.0.bn2    leaky_relu    128      0      0      0      0      0     -0.96 [109]        -0.02 [49]            6.2 [96]
[LAYER-HEALTH]     blocks.1.bn1    leaky_relu    128      0      0      0      0      0     -0.77 [11]         -0.03 [31]            9.4 [14]
[LAYER-HEALTH]     blocks.1.bn2    leaky_relu    128      0      0      0      0      0     -1.13 [80]         -0.25 [49]            2.3 [32]
[LAYER-HEALTH]     blocks.2.bn1    leaky_relu    128      0      0      0      0      0     -1.03 [69]         +0.20 [31]            8.7 [31]
[LAYER-HEALTH]     blocks.2.bn2    leaky_relu    128      0      0      0      0      0     -1.41 [85]         -0.11 [46]            2.5 [26]
[LAYER-HEALTH]     tower_final_bn  leaky_relu    128      0      0      0      0      0     -0.34 [16]         +0.86 [61]            3.2 [75]
[LAYER-HEALTH]     policy.pre_bn   leaky_relu    128      0      0      0      0      0     -0.84 [7]          +1.51 [60]            2.7 [12]
[LAYER-HEALTH]     value.bn        leaky_relu     16      0      0      0      0      0     -1.44 [9]          -0.71 [1]             2.8 [14]
[LAYER-HEALTH]   FC hidden-unit velocity — zero: every weight-velocity entry exactly 0; low: nonzero but < 5% of the layer's p90 unit norm
[LAYER-HEALTH]     value.fc1.weight  leaky_relu  units 128  zero 0  low 12  median unit norm 0.006967
[LAYER-HEALTH]     (no SE blocks)
[LAYER-HEALTH]   ReZero: none
[LAYER-HEALTH]   non-finite: 0 values in 0 of 102 tensors (10263038 values examined)
[LAYER-HEALTH]   largest |value|: blocks.0.bn2.running_var 17.7, blocks.0.bn2.running_mean 5.595, policy.pre_bn.running_var 5.184, policy.conv.bias 5.124, blocks.2.bn2.running_var 4.819
[REPLAY] enumerated checkpoint -> 20261005-lrBleakyall-cyc1-replay-step5000.safetensors
[REPLAY] step=5050 loss=3.5690 pLoss=2.7603 vLoss=0.8042 pEnt=2.878 pIllM=0.0044 playedP=0.163 pW=0.47 pD=0.06 pL=0.47 vAbs=0.223 pLogitMean=-6.9177 vLogitMean=0.6212 gNorm=0.295 lr=0.00181 ms=2196.3 buf=500000 plies=43333211 games=657287 rejected=0 skipped=0 epoch=0 mom=0.9414 lrCyc[pk=1.0e+00,tr=1.0e-03] trainerStep=5050
[LAYER-HEALTH] live trainerStep=5050 scope=batch_norm_state_only reluSites=9/10 ch=1040 dead=0 off=0 alwaysOn=0 worst=none maxBetaOverGamma=+1.51@policy.pre_bn[60] minBetaOverGamma=-1.44@value.bn[6] rvMaxOverMedian=9.4@blocks.1.bn1[14] rezero=none nonFinite=0
[REPLAY] step=5100 loss=3.5919 pLoss=2.7737 vLoss=0.8140 pEnt=2.883 pIllM=0.0043 playedP=0.165 pW=0.47 pD=0.06 pL=0.46 vAbs=0.222 pLogitMean=-6.9169 vLogitMean=0.6219 gNorm=0.281 lr=0.00171 ms=2460.7 buf=500000 plies=43759834 games=663687 rejected=0 skipped=0 epoch=0 mom=0.9422 lrCyc[pk=1.0e+00,tr=1.0e-03] trainerStep=5100
[LAYER-HEALTH] live trainerStep=5100 scope=batch_norm_state_only reluSites=9/10 ch=1040 dead=0 off=0 alwaysOn=0 worst=none maxBetaOverGamma=+1.51@policy.pre_bn[60] minBetaOverGamma=-1.44@value.bn[6] rvMaxOverMedian=9.4@blocks.1.bn1[14] rezero=none nonFinite=0
[REPLAY] step=5150 loss=3.5982 pLoss=2.7761 vLoss=0.8173 pEnt=2.888 pIllM=0.0048 playedP=0.164 pW=0.47 pD=0.07 pL=0.46 vAbs=0.221 pLogitMean=-6.9198 vLogitMean=0.6273 gNorm=0.284 lr=0.00161 ms=2323.8 buf=500000 plies=44186474 games=670123 rejected=0 skipped=0 epoch=0 mom=0.9430 lrCyc[pk=1.0e+00,tr=1.0e-03] trainerStep=5150
[LAYER-HEALTH] live trainerStep=5150 scope=batch_norm_state_only reluSites=9/10 ch=1040 dead=0 off=0 alwaysOn=0 worst=none maxBetaOverGamma=+1.51@policy.pre_bn[60] minBetaOverGamma=-1.44@value.bn[9] rvMaxOverMedian=9.5@blocks.1.bn1[14] rezero=none nonFinite=0
[REPLAY] step=5200 loss=3.5362 pLoss=2.7344 vLoss=0.7969 pEnt=2.872 pIllM=0.0048 playedP=0.171 pW=0.47 pD=0.07 pL=0.46 vAbs=0.227 pLogitMean=-6.9178 vLogitMean=0.6236 gNorm=0.286 lr=0.00153 ms=2449.7 buf=500000 plies=44613136 games=676649 rejected=0 skipped=0 epoch=0 mom=0.9438 lrCyc[pk=1.0e+00,tr=1.0e-03] trainerStep=5200
[LAYER-HEALTH] live trainerStep=5200 scope=batch_norm_state_only reluSites=9/10 ch=1040 dead=0 off=0 alwaysOn=0 worst=none maxBetaOverGamma=+1.51@policy.pre_bn[60] minBetaOverGamma=-1.44@value.bn[9] rvMaxOverMedian=9.4@blocks.1.bn1[14] rezero=none nonFinite=0
[REPLAY] step=5250 loss=3.5933 pLoss=2.7756 vLoss=0.8132 pEnt=2.882 pIllM=0.0045 playedP=0.164 pW=0.47 pD=0.06 pL=0.46 vAbs=0.233 pLogitMean=-6.9176 vLogitMean=0.6245 gNorm=0.290 lr=0.00145 ms=2871.5 buf=500000 plies=45039807 games=683042 rejected=0 skipped=0 epoch=0 mom=0.9446 lrCyc[pk=1.0e+00,tr=1.0e-03] trainerStep=5250
[LAYER-HEALTH] live trainerStep=5250 scope=batch_norm_state_only reluSites=9/10 ch=1040 dead=0 off=0 alwaysOn=0 worst=none maxBetaOverGamma=+1.51@policy.pre_bn[60] minBetaOverGamma=-1.44@value.bn[9] rvMaxOverMedian=9.4@blocks.1.bn1[14] rezero=none nonFinite=0
[REPLAY] step=5300 loss=3.5827 pLoss=2.7626 vLoss=0.8157 pEnt=2.881 pIllM=0.0044 playedP=0.166 pW=0.47 pD=0.07 pL=0.46 vAbs=0.227 pLogitMean=-6.9188 vLogitMean=0.6241 gNorm=0.290 lr=0.00139 ms=2108.0 buf=500000 plies=45466421 games=689483 rejected=0 skipped=0 epoch=0 mom=0.9452 lrCyc[pk=1.0e+00,tr=1.0e-03] trainerStep=5300
[LAYER-HEALTH] live trainerStep=5300 scope=batch_norm_state_only reluSites=9/10 ch=1040 dead=0 off=0 alwaysOn=0 worst=none maxBetaOverGamma=+1.51@policy.pre_bn[60] minBetaOverGamma=-1.44@value.bn[9] rvMaxOverMedian=9.4@blocks.1.bn1[14] rezero=none nonFinite=0
[REPLAY] step=5350 loss=3.5892 pLoss=2.7606 vLoss=0.8239 pEnt=2.890 pIllM=0.0047 playedP=0.163 pW=0.47 pD=0.07 pL=0.46 vAbs=0.225 pLogitMean=-6.9184 vLogitMean=0.6236 gNorm=0.287 lr=0.00133 ms=2187.1 buf=500000 plies=45893081 games=695898 rejected=0 skipped=0 epoch=0 mom=0.9459 lrCyc[pk=1.0e+00,tr=1.0e-03] trainerStep=5350
[LAYER-HEALTH] live trainerStep=5350 scope=batch_norm_state_only reluSites=9/10 ch=1040 dead=0 off=0 alwaysOn=0 worst=none maxBetaOverGamma=+1.51@policy.pre_bn[60] minBetaOverGamma=-1.44@value.bn[9] rvMaxOverMedian=9.4@blocks.1.bn1[14] rezero=none nonFinite=0
[REPLAY] step=5400 loss=3.5920 pLoss=2.7792 vLoss=0.8085 pEnt=2.888 pIllM=0.0044 playedP=0.166 pW=0.47 pD=0.07 pL=0.46 vAbs=0.223 pLogitMean=-6.9191 vLogitMean=0.6232 gNorm=0.280 lr=0.00127 ms=2114.5 buf=500000 plies=46319752 games=702375 rejected=0 skipped=0 epoch=0 mom=0.9465 lrCyc[pk=1.0e+00,tr=1.0e-03] trainerStep=5400
[LAYER-HEALTH] live trainerStep=5400 scope=batch_norm_state_only reluSites=9/10 ch=1040 dead=0 off=0 alwaysOn=0 worst=none maxBetaOverGamma=+1.51@policy.pre_bn[60] minBetaOverGamma=-1.44@value.bn[9] rvMaxOverMedian=9.4@blocks.1.bn1[14] rezero=none nonFinite=0
[REPLAY] step=5450 loss=3.5519 pLoss=2.7416 vLoss=0.8053 pEnt=2.873 pIllM=0.0050 playedP=0.166 pW=0.47 pD=0.07 pL=0.46 vAbs=0.226 pLogitMean=-6.9193 vLogitMean=0.6243 gNorm=0.287 lr=0.00122 ms=2299.2 buf=500000 plies=46746396 games=708766 rejected=0 skipped=0 epoch=0 mom=0.9470 lrCyc[pk=1.0e+00,tr=1.0e-03] trainerStep=5450
[LAYER-HEALTH] live trainerStep=5450 scope=batch_norm_state_only reluSites=9/10 ch=1040 dead=0 off=0 alwaysOn=0 worst=none maxBetaOverGamma=+1.51@policy.pre_bn[60] minBetaOverGamma=-1.44@value.bn[9] rvMaxOverMedian=9.4@blocks.1.bn1[14] rezero=none nonFinite=0
[REPLAY] step=5500 loss=3.5685 pLoss=2.7562 vLoss=0.8080 pEnt=2.904 pIllM=0.0044 playedP=0.161 pW=0.47 pD=0.06 pL=0.46 vAbs=0.228 pLogitMean=-6.9191 vLogitMean=0.6237 gNorm=0.285 lr=0.00118 ms=2067.1 buf=500000 plies=47173050 games=715271 rejected=0 skipped=0 epoch=0 mom=0.9476 lrCyc[pk=1.0e+00,tr=1.0e-03] trainerStep=5500
[LAYER-HEALTH] live trainerStep=5500 scope=batch_norm_state_only reluSites=9/10 ch=1040 dead=0 off=0 alwaysOn=0 worst=none maxBetaOverGamma=+1.51@policy.pre_bn[60] minBetaOverGamma=-1.44@value.bn[9] rvMaxOverMedian=9.4@blocks.1.bn1[14] rezero=none nonFinite=0
[REPLAY] step=5550 loss=3.5759 pLoss=2.7639 vLoss=0.8076 pEnt=2.889 pIllM=0.0044 playedP=0.166 pW=0.47 pD=0.06 pL=0.46 vAbs=0.223 pLogitMean=-6.9198 vLogitMean=0.6218 gNorm=0.291 lr=0.00114 ms=2016.6 buf=500000 plies=47599723 games=721780 rejected=0 skipped=0 epoch=0 mom=0.9480 lrCyc[pk=1.0e+00,tr=1.0e-03] trainerStep=5550
[LAYER-HEALTH] live trainerStep=5550 scope=batch_norm_state_only reluSites=9/10 ch=1040 dead=0 off=0 alwaysOn=0 worst=none maxBetaOverGamma=+1.51@policy.pre_bn[60] minBetaOverGamma=-1.44@value.bn[9] rvMaxOverMedian=9.4@blocks.1.bn1[14] rezero=none nonFinite=0
[REPLAY] step=5600 loss=3.5597 pLoss=2.7319 vLoss=0.8230 pEnt=2.860 pIllM=0.0048 playedP=0.169 pW=0.47 pD=0.07 pL=0.46 vAbs=0.228 pLogitMean=-6.9189 vLogitMean=0.6259 gNorm=0.294 lr=0.00111 ms=2215.8 buf=500000 plies=48026380 games=728254 rejected=0 skipped=0 epoch=0 mom=0.9484 lrCyc[pk=1.0e+00,tr=1.0e-03] trainerStep=5600
[LAYER-HEALTH] live trainerStep=5600 scope=batch_norm_state_only reluSites=9/10 ch=1040 dead=0 off=0 alwaysOn=0 worst=none maxBetaOverGamma=+1.51@policy.pre_bn[60] minBetaOverGamma=-1.44@value.bn[9] rvMaxOverMedian=9.4@blocks.1.bn1[14] rezero=none nonFinite=0
[REPLAY] step=5650 loss=3.5942 pLoss=2.7701 vLoss=0.8200 pEnt=2.896 pIllM=0.0042 playedP=0.165 pW=0.47 pD=0.07 pL=0.46 vAbs=0.221 pLogitMean=-6.9214 vLogitMean=0.6222 gNorm=0.288 lr=0.00108 ms=2096.3 buf=500000 plies=48452987 games=734716 rejected=0 skipped=0 epoch=0 mom=0.9488 lrCyc[pk=1.0e+00,tr=1.0e-03] trainerStep=5650
[LAYER-HEALTH] live trainerStep=5650 scope=batch_norm_state_only reluSites=9/10 ch=1040 dead=0 off=0 alwaysOn=0 worst=none maxBetaOverGamma=+1.51@policy.pre_bn[60] minBetaOverGamma=-1.44@value.bn[9] rvMaxOverMedian=9.3@blocks.1.bn1[14] rezero=none nonFinite=0
[REPLAY] step=5700 loss=3.6018 pLoss=2.7769 vLoss=0.8204 pEnt=2.896 pIllM=0.0046 playedP=0.163 pW=0.47 pD=0.07 pL=0.46 vAbs=0.223 pLogitMean=-6.9203 vLogitMean=0.6238 gNorm=0.291 lr=0.00106 ms=1999.7 buf=500000 plies=48879628 games=741227 rejected=0 skipped=0 epoch=0 mom=0.9491 lrCyc[pk=1.0e+00,tr=1.0e-03] trainerStep=5700
[LAYER-HEALTH] live trainerStep=5700 scope=batch_norm_state_only reluSites=9/10 ch=1040 dead=0 off=0 alwaysOn=0 worst=none maxBetaOverGamma=+1.51@policy.pre_bn[60] minBetaOverGamma=-1.44@value.bn[9] rvMaxOverMedian=9.3@blocks.1.bn1[14] rezero=none nonFinite=0
[REPLAY] step=5750 loss=3.5669 pLoss=2.7491 vLoss=0.8132 pEnt=2.877 pIllM=0.0045 playedP=0.166 pW=0.47 pD=0.07 pL=0.46 vAbs=0.222 pLogitMean=-6.9193 vLogitMean=0.6221 gNorm=0.310 lr=0.00104 ms=2863.8 buf=500000 plies=49306384 games=747656 rejected=0 skipped=0 epoch=0 mom=0.9494 lrCyc[pk=1.0e+00,tr=1.0e-03] trainerStep=5750
[LAYER-HEALTH] live trainerStep=5750 scope=batch_norm_state_only reluSites=9/10 ch=1040 dead=0 off=0 alwaysOn=0 worst=none maxBetaOverGamma=+1.51@policy.pre_bn[60] minBetaOverGamma=-1.44@value.bn[9] rvMaxOverMedian=9.3@blocks.1.bn1[14] rezero=none nonFinite=0
[REPLAY] step=5800 loss=3.5736 pLoss=2.7529 vLoss=0.8164 pEnt=2.874 pIllM=0.0043 playedP=0.166 pW=0.47 pD=0.07 pL=0.46 vAbs=0.222 pLogitMean=-6.9203 vLogitMean=0.6237 gNorm=0.277 lr=0.00103 ms=2118.3 buf=500000 plies=49732925 games=754076 rejected=0 skipped=0 epoch=0 mom=0.9496 lrCyc[pk=1.0e+00,tr=1.0e-03] trainerStep=5800
[LAYER-HEALTH] live trainerStep=5800 scope=batch_norm_state_only reluSites=9/10 ch=1040 dead=0 off=0 alwaysOn=0 worst=none maxBetaOverGamma=+1.51@policy.pre_bn[60] minBetaOverGamma=-1.44@value.bn[9] rvMaxOverMedian=9.3@blocks.1.bn1[14] rezero=none nonFinite=0
[REPLAY] step=5850 loss=3.5801 pLoss=2.7590 vLoss=0.8164 pEnt=2.893 pIllM=0.0047 playedP=0.168 pW=0.47 pD=0.07 pL=0.46 vAbs=0.225 pLogitMean=-6.9203 vLogitMean=0.6218 gNorm=0.281 lr=0.00101 ms=2077.4 buf=500000 plies=50159650 games=760571 rejected=0 skipped=0 epoch=0 mom=0.9498 lrCyc[pk=1.0e+00,tr=1.0e-03] trainerStep=5850
[LAYER-HEALTH] live trainerStep=5850 scope=batch_norm_state_only reluSites=9/10 ch=1040 dead=0 off=0 alwaysOn=0 worst=none maxBetaOverGamma=+1.51@policy.pre_bn[60] minBetaOverGamma=-1.44@value.bn[9] rvMaxOverMedian=9.4@blocks.1.bn1[14] rezero=none nonFinite=0
[REPLAY] step=5900 loss=3.5794 pLoss=2.7644 vLoss=0.8102 pEnt=2.876 pIllM=0.0048 playedP=0.164 pW=0.47 pD=0.07 pL=0.46 vAbs=0.224 pLogitMean=-6.9191 vLogitMean=0.6247 gNorm=0.283 lr=0.001 ms=3253.5 buf=500000 plies=50586251 games=766956 rejected=0 skipped=0 epoch=0 mom=0.9499 lrCyc[pk=1.0e+00,tr=1.0e-03] trainerStep=5900
[LAYER-HEALTH] live trainerStep=5900 scope=batch_norm_state_only reluSites=9/10 ch=1040 dead=0 off=0 alwaysOn=0 worst=none maxBetaOverGamma=+1.51@policy.pre_bn[60] minBetaOverGamma=-1.44@value.bn[9] rvMaxOverMedian=9.4@blocks.1.bn1[14] rezero=none nonFinite=0
[REPLAY] step=5950 loss=3.5446 pLoss=2.7381 vLoss=0.8019 pEnt=2.889 pIllM=0.0046 playedP=0.166 pW=0.47 pD=0.07 pL=0.47 vAbs=0.218 pLogitMean=-6.9205 vLogitMean=0.6231 gNorm=0.299 lr=0.000999 ms=2414.9 buf=500000 plies=51012874 games=773419 rejected=0 skipped=0 epoch=0 mom=0.9500 lrCyc[pk=1.0e+00,tr=1.0e-03] trainerStep=5950
[LAYER-HEALTH] live trainerStep=5950 scope=batch_norm_state_only reluSites=9/10 ch=1040 dead=0 off=0 alwaysOn=0 worst=none maxBetaOverGamma=+1.51@policy.pre_bn[60] minBetaOverGamma=-1.44@value.bn[9] rvMaxOverMedian=9.4@blocks.1.bn1[14] rezero=none nonFinite=0
[REPLAY] step=6000 loss=3.5687 pLoss=2.7484 vLoss=0.8153 pEnt=2.877 pIllM=0.0050 playedP=0.166 pW=0.47 pD=0.07 pL=0.46 vAbs=0.223 pLogitMean=-6.9188 vLogitMean=0.6221 gNorm=0.270 lr=0.000998 ms=2543.0 buf=500000 plies=51439544 games=779913 rejected=0 skipped=0 epoch=0 mom=0.9500 lrCyc[pk=1.0e+00,tr=1.0e-03] trainerStep=6000
[LAYER-HEALTH] live trainerStep=6000 scope=batch_norm_state_only reluSites=9/10 ch=1040 dead=0 off=0 alwaysOn=0 worst=none maxBetaOverGamma=+1.51@policy.pre_bn[60] minBetaOverGamma=-1.44@value.bn[9] rvMaxOverMedian=9.4@blocks.1.bn1[14] rezero=none nonFinite=0
[REPLAY] saved trainer model (autosave) step=6000 trainerStep=6000 nextGame=779913 shard=1 epoch=0 -> 20261005-lrBleakyall-cyc1-replay-latest.safetensors
[LAYER-HEALTH] checkpoint replay-autosave step=6000 trainerStep=6000 scope=all_tensors reluSites=9/10 ch=1040 dead=0 off=0 alwaysOn=0 worst=none maxBetaOverGamma=+1.51@policy.pre_bn[60] minBetaOverGamma=-1.44@value.bn[9] rvMaxOverMedian=9.4@blocks.1.bn1[14] rezero=none nonFinite=0 seZeroVel=none valueFC1ZeroVel=0/128 maxAbs=17.92@blocks.0.bn2.running_var
[LAYER-HEALTH]   batch-norm sites — β/|γ|: dead < -3.00, mostly off < -2.00, always on > +3.00; classified for relu/leaky_relu only
[LAYER-HEALTH]     site            act            ch   dead    off     on  zeroγ nonfin  min β/|γ| [ch]     max β/|γ| [ch]     rv max/median [ch]
[LAYER-HEALTH]     stem.bn         -             128    n/a    n/a    n/a      0      0     -0.36 [11]         +0.18 [26]            7.5 [88]
[LAYER-HEALTH]     blocks.0.bn1    leaky_relu    128      0      0      0      0      0     -0.48 [10]         +0.16 [62]            2.5 [14]
[LAYER-HEALTH]     blocks.0.bn2    leaky_relu    128      0      0      0      0      0     -0.96 [109]        -0.02 [49]            6.3 [96]
[LAYER-HEALTH]     blocks.1.bn1    leaky_relu    128      0      0      0      0      0     -0.77 [11]         -0.03 [31]            9.4 [14]
[LAYER-HEALTH]     blocks.1.bn2    leaky_relu    128      0      0      0      0      0     -1.13 [80]         -0.25 [49]            2.2 [32]
[LAYER-HEALTH]     blocks.2.bn1    leaky_relu    128      0      0      0      0      0     -1.03 [69]         +0.20 [31]            8.7 [31]
[LAYER-HEALTH]     blocks.2.bn2    leaky_relu    128      0      0      0      0      0     -1.41 [85]         -0.11 [46]            2.5 [26]
[LAYER-HEALTH]     tower_final_bn  leaky_relu    128      0      0      0      0      0     -0.34 [16]         +0.86 [61]            3.2 [75]
[LAYER-HEALTH]     policy.pre_bn   leaky_relu    128      0      0      0      0      0     -0.84 [7]          +1.51 [60]            2.7 [12]
[LAYER-HEALTH]     value.bn        leaky_relu     16      0      0      0      0      0     -1.44 [9]          -0.70 [1]             2.8 [14]
[LAYER-HEALTH]   FC hidden-unit velocity — zero: every weight-velocity entry exactly 0; low: nonzero but < 5% of the layer's p90 unit norm
[LAYER-HEALTH]     value.fc1.weight  leaky_relu  units 128  zero 0  low 10  median unit norm 0.00708
[LAYER-HEALTH]     (no SE blocks)
[LAYER-HEALTH]   ReZero: none
[LAYER-HEALTH]   non-finite: 0 values in 0 of 102 tensors (10263038 values examined)
[LAYER-HEALTH]   largest |value|: blocks.0.bn2.running_var 17.92, blocks.0.bn2.running_mean 5.582, policy.pre_bn.running_var 5.149, policy.conv.bias 5.126, blocks.2.bn2.running_var 4.819
[REPLAY] enumerated checkpoint -> 20261005-lrBleakyall-cyc1-replay-step6000.safetensors
[REPLAY] step=6050 loss=3.6052 pLoss=2.7851 vLoss=0.8155 pEnt=2.912 pIllM=0.0046 playedP=0.158 pW=0.47 pD=0.07 pL=0.46 vAbs=0.217 pLogitMean=-6.9220 vLogitMean=0.6213 gNorm=0.294 lr=0.000999 ms=2319.4 buf=500000 plies=51866229 games=786406 rejected=0 skipped=0 epoch=0 mom=0.9500 lrCyc[pk=1.0e+00,tr=1.0e-03] trainerStep=6050
[LAYER-HEALTH] live trainerStep=6050 scope=batch_norm_state_only reluSites=9/10 ch=1040 dead=0 off=0 alwaysOn=0 worst=none maxBetaOverGamma=+1.51@policy.pre_bn[60] minBetaOverGamma=-1.44@value.bn[9] rvMaxOverMedian=9.4@blocks.1.bn1[14] rezero=none nonFinite=0
[REPLAY] step=6100 loss=3.5944 pLoss=2.7589 vLoss=0.8307 pEnt=2.885 pIllM=0.0047 playedP=0.163 pW=0.47 pD=0.07 pL=0.46 vAbs=0.221 pLogitMean=-6.9210 vLogitMean=0.6233 gNorm=0.288 lr=0.001 ms=3073.1 buf=500000 plies=52292838 games=792868 rejected=0 skipped=0 epoch=0 mom=0.9499 lrCyc[pk=1.0e+00,tr=1.0e-03] trainerStep=6100
[LAYER-HEALTH] live trainerStep=6100 scope=batch_norm_state_only reluSites=9/10 ch=1040 dead=0 off=0 alwaysOn=0 worst=none maxBetaOverGamma=+1.51@policy.pre_bn[60] minBetaOverGamma=-1.45@value.bn[9] rvMaxOverMedian=9.3@blocks.1.bn1[14] rezero=none nonFinite=0
[REPLAY] step=6150 loss=3.5671 pLoss=2.7487 vLoss=0.8137 pEnt=2.890 pIllM=0.0048 playedP=0.166 pW=0.47 pD=0.07 pL=0.46 vAbs=0.220 pLogitMean=-6.9218 vLogitMean=0.6228 gNorm=0.310 lr=0.00101 ms=2542.6 buf=500000 plies=52719475 games=799270 rejected=0 skipped=0 epoch=0 mom=0.9498 lrCyc[pk=1.0e+00,tr=1.0e-03] trainerStep=6150
[LAYER-HEALTH] live trainerStep=6150 scope=batch_norm_state_only reluSites=9/10 ch=1040 dead=0 off=0 alwaysOn=0 worst=none maxBetaOverGamma=+1.51@policy.pre_bn[60] minBetaOverGamma=-1.45@value.bn[9] rvMaxOverMedian=9.4@blocks.1.bn1[14] rezero=none nonFinite=0
[REPLAY] step=6200 loss=3.5753 pLoss=2.7565 vLoss=0.8143 pEnt=2.881 pIllM=0.0045 playedP=0.167 pW=0.47 pD=0.07 pL=0.46 vAbs=0.226 pLogitMean=-6.9216 vLogitMean=0.6209 gNorm=0.283 lr=0.00103 ms=2654.7 buf=500000 plies=53146138 games=805746 rejected=0 skipped=0 epoch=0 mom=0.9496 lrCyc[pk=1.0e+00,tr=1.0e-03] trainerStep=6200
[LAYER-HEALTH] live trainerStep=6200 scope=batch_norm_state_only reluSites=9/10 ch=1040 dead=0 off=0 alwaysOn=0 worst=none maxBetaOverGamma=+1.51@policy.pre_bn[60] minBetaOverGamma=-1.45@value.bn[9] rvMaxOverMedian=9.4@blocks.1.bn1[14] rezero=none nonFinite=0
[REPLAY] step=6250 loss=3.5569 pLoss=2.7447 vLoss=0.8075 pEnt=2.883 pIllM=0.0047 playedP=0.168 pW=0.47 pD=0.07 pL=0.46 vAbs=0.223 pLogitMean=-6.9223 vLogitMean=0.6210 gNorm=0.274 lr=0.00104 ms=2858.4 buf=500000 plies=53572815 games=812138 rejected=0 skipped=0 epoch=0 mom=0.9494 lrCyc[pk=1.0e+00,tr=1.0e-03] trainerStep=6250
[LAYER-HEALTH] live trainerStep=6250 scope=batch_norm_state_only reluSites=9/10 ch=1040 dead=0 off=0 alwaysOn=0 worst=none maxBetaOverGamma=+1.51@policy.pre_bn[60] minBetaOverGamma=-1.45@value.bn[9] rvMaxOverMedian=9.4@blocks.1.bn1[14] rezero=none nonFinite=0
[REPLAY] step=6300 loss=3.5398 pLoss=2.7192 vLoss=0.8159 pEnt=2.887 pIllM=0.0047 playedP=0.164 pW=0.47 pD=0.07 pL=0.47 vAbs=0.231 pLogitMean=-6.9211 vLogitMean=0.6237 gNorm=0.273 lr=0.00106 ms=2487.8 buf=500000 plies=53999428 games=818522 rejected=0 skipped=0 epoch=0 mom=0.9491 lrCyc[pk=1.0e+00,tr=1.0e-03] trainerStep=6300
[LAYER-HEALTH] live trainerStep=6300 scope=batch_norm_state_only reluSites=9/10 ch=1040 dead=0 off=0 alwaysOn=0 worst=none maxBetaOverGamma=+1.51@policy.pre_bn[60] minBetaOverGamma=-1.45@value.bn[9] rvMaxOverMedian=9.4@blocks.1.bn1[14] rezero=none nonFinite=0
[REPLAY] step=6350 loss=3.5572 pLoss=2.7307 vLoss=0.8219 pEnt=2.878 pIllM=0.0046 playedP=0.163 pW=0.47 pD=0.07 pL=0.46 vAbs=0.231 pLogitMean=-6.9226 vLogitMean=0.6223 gNorm=0.298 lr=0.00108 ms=2732.4 buf=500000 plies=54426090 games=825032 rejected=0 skipped=0 epoch=0 mom=0.9488 lrCyc[pk=1.0e+00,tr=1.0e-03] trainerStep=6350
[LAYER-HEALTH] live trainerStep=6350 scope=batch_norm_state_only reluSites=9/10 ch=1040 dead=0 off=0 alwaysOn=0 worst=none maxBetaOverGamma=+1.51@policy.pre_bn[60] minBetaOverGamma=-1.45@value.bn[9] rvMaxOverMedian=9.4@blocks.1.bn1[14] rezero=none nonFinite=0
[REPLAY] step=6400 loss=3.5833 pLoss=2.7533 vLoss=0.8251 pEnt=2.899 pIllM=0.0049 playedP=0.160 pW=0.47 pD=0.07 pL=0.46 vAbs=0.227 pLogitMean=-6.9231 vLogitMean=0.6249 gNorm=0.290 lr=0.00111 ms=2881.1 buf=500000 plies=54852835 games=831471 rejected=0 skipped=0 epoch=0 mom=0.9484 lrCyc[pk=1.0e+00,tr=1.0e-03] trainerStep=6400
[LAYER-HEALTH] live trainerStep=6400 scope=batch_norm_state_only reluSites=9/10 ch=1040 dead=0 off=0 alwaysOn=0 worst=none maxBetaOverGamma=+1.51@policy.pre_bn[60] minBetaOverGamma=-1.45@value.bn[9] rvMaxOverMedian=9.4@blocks.1.bn1[14] rezero=none nonFinite=0
[REPLAY] step=6450 loss=3.5929 pLoss=2.7758 vLoss=0.8127 pEnt=2.889 pIllM=0.0044 playedP=0.163 pW=0.47 pD=0.08 pL=0.46 vAbs=0.225 pLogitMean=-6.9229 vLogitMean=0.6238 gNorm=0.289 lr=0.00114 ms=2261.2 buf=500000 plies=55279420 games=837906 rejected=0 skipped=0 epoch=0 mom=0.9480 lrCyc[pk=9.9e-01,tr=1.0e-03] trainerStep=6450
[LAYER-HEALTH] live trainerStep=6450 scope=batch_norm_state_only reluSites=9/10 ch=1040 dead=0 off=0 alwaysOn=0 worst=none maxBetaOverGamma=+1.51@policy.pre_bn[60] minBetaOverGamma=-1.45@value.bn[9] rvMaxOverMedian=9.4@blocks.1.bn1[14] rezero=none nonFinite=0
[REPLAY] step=6500 loss=3.5777 pLoss=2.7589 vLoss=0.8139 pEnt=2.876 pIllM=0.0049 playedP=0.167 pW=0.47 pD=0.07 pL=0.46 vAbs=0.227 pLogitMean=-6.9228 vLogitMean=0.6247 gNorm=0.285 lr=0.00118 ms=2347.2 buf=500000 plies=55706064 games=844339 rejected=0 skipped=0 epoch=0 mom=0.9476 lrCyc[pk=9.9e-01,tr=1.0e-03] trainerStep=6500
[LAYER-HEALTH] live trainerStep=6500 scope=batch_norm_state_only reluSites=9/10 ch=1040 dead=0 off=0 alwaysOn=0 worst=none maxBetaOverGamma=+1.51@policy.pre_bn[60] minBetaOverGamma=-1.45@value.bn[9] rvMaxOverMedian=9.4@blocks.1.bn1[14] rezero=none nonFinite=0
[REPLAY] step=6550 loss=3.5685 pLoss=2.7450 vLoss=0.8189 pEnt=2.881 pIllM=0.0046 playedP=0.164 pW=0.47 pD=0.07 pL=0.46 vAbs=0.225 pLogitMean=-6.9233 vLogitMean=0.6218 gNorm=0.284 lr=0.00122 ms=2465.8 buf=500000 plies=56132712 games=850788 rejected=0 skipped=0 epoch=0 mom=0.9470 lrCyc[pk=9.9e-01,tr=1.0e-03] trainerStep=6550
[LAYER-HEALTH] live trainerStep=6550 scope=batch_norm_state_only reluSites=9/10 ch=1040 dead=0 off=0 alwaysOn=0 worst=none maxBetaOverGamma=+1.51@policy.pre_bn[60] minBetaOverGamma=-1.45@value.bn[9] rvMaxOverMedian=9.4@blocks.1.bn1[14] rezero=none nonFinite=0
[REPLAY] step=6600 loss=3.5589 pLoss=2.7446 vLoss=0.8095 pEnt=2.880 pIllM=0.0047 playedP=0.163 pW=0.47 pD=0.07 pL=0.46 vAbs=0.230 pLogitMean=-6.9232 vLogitMean=0.6212 gNorm=0.299 lr=0.00127 ms=2067.6 buf=500000 plies=56559338 games=857280 rejected=0 skipped=0 epoch=0 mom=0.9465 lrCyc[pk=9.9e-01,tr=1.0e-03] trainerStep=6600
[LAYER-HEALTH] live trainerStep=6600 scope=batch_norm_state_only reluSites=9/10 ch=1040 dead=0 off=0 alwaysOn=0 worst=none maxBetaOverGamma=+1.51@policy.pre_bn[60] minBetaOverGamma=-1.45@value.bn[9] rvMaxOverMedian=9.4@blocks.1.bn1[14] rezero=none nonFinite=0
[REPLAY] step=6650 loss=3.5742 pLoss=2.7579 vLoss=0.8121 pEnt=2.895 pIllM=0.0042 playedP=0.161 pW=0.47 pD=0.07 pL=0.46 vAbs=0.225 pLogitMean=-6.9233 vLogitMean=0.6224 gNorm=0.279 lr=0.00132 ms=2108.7 buf=500000 plies=56986062 games=863736 rejected=0 skipped=0 epoch=0 mom=0.9459 lrCyc[pk=9.9e-01,tr=1.0e-03] trainerStep=6650
[LAYER-HEALTH] live trainerStep=6650 scope=batch_norm_state_only reluSites=9/10 ch=1040 dead=0 off=0 alwaysOn=0 worst=none maxBetaOverGamma=+1.51@policy.pre_bn[60] minBetaOverGamma=-1.45@value.bn[9] rvMaxOverMedian=9.4@blocks.1.bn1[14] rezero=none nonFinite=0
[REPLAY] step=6700 loss=3.5818 pLoss=2.7664 vLoss=0.8111 pEnt=2.876 pIllM=0.0043 playedP=0.165 pW=0.47 pD=0.07 pL=0.46 vAbs=0.225 pLogitMean=-6.9252 vLogitMean=0.6218 gNorm=0.290 lr=0.00139 ms=3092.9 buf=500000 plies=57412640 games=870194 rejected=0 skipped=0 epoch=0 mom=0.9452 lrCyc[pk=9.9e-01,tr=1.0e-03] trainerStep=6700
[LAYER-HEALTH] live trainerStep=6700 scope=batch_norm_state_only reluSites=9/10 ch=1040 dead=0 off=0 alwaysOn=0 worst=none maxBetaOverGamma=+1.51@policy.pre_bn[60] minBetaOverGamma=-1.45@value.bn[9] rvMaxOverMedian=9.4@blocks.1.bn1[14] rezero=none nonFinite=0
[REPLAY] step=6750 loss=3.5560 pLoss=2.7318 vLoss=0.8196 pEnt=2.872 pIllM=0.0046 playedP=0.164 pW=0.46 pD=0.07 pL=0.46 vAbs=0.227 pLogitMean=-6.9252 vLogitMean=0.6195 gNorm=0.295 lr=0.00145 ms=2855.7 buf=500000 plies=57839315 games=876656 rejected=0 skipped=0 epoch=0 mom=0.9446 lrCyc[pk=9.9e-01,tr=1.0e-03] trainerStep=6750
[LAYER-HEALTH] live trainerStep=6750 scope=batch_norm_state_only reluSites=9/10 ch=1040 dead=0 off=0 alwaysOn=0 worst=none maxBetaOverGamma=+1.51@policy.pre_bn[60] minBetaOverGamma=-1.45@value.bn[9] rvMaxOverMedian=9.4@blocks.1.bn1[14] rezero=none nonFinite=0
[REPLAY] step=6800 loss=3.5985 pLoss=2.7732 vLoss=0.8209 pEnt=2.883 pIllM=0.0045 playedP=0.164 pW=0.47 pD=0.07 pL=0.46 vAbs=0.217 pLogitMean=-6.9248 vLogitMean=0.6200 gNorm=0.287 lr=0.00153 ms=2742.8 buf=500000 plies=58265953 games=883116 rejected=0 skipped=0 epoch=0 mom=0.9438 lrCyc[pk=9.9e-01,tr=1.0e-03] trainerStep=6800
[LAYER-HEALTH] live trainerStep=6800 scope=batch_norm_state_only reluSites=9/10 ch=1040 dead=0 off=0 alwaysOn=0 worst=none maxBetaOverGamma=+1.51@policy.pre_bn[60] minBetaOverGamma=-1.45@value.bn[9] rvMaxOverMedian=9.4@blocks.1.bn1[14] rezero=none nonFinite=0
[REPLAY] step=6850 loss=3.5749 pLoss=2.7664 vLoss=0.8036 pEnt=2.883 pIllM=0.0049 playedP=0.164 pW=0.47 pD=0.07 pL=0.46 vAbs=0.221 pLogitMean=-6.9244 vLogitMean=0.6227 gNorm=0.287 lr=0.00161 ms=2686.6 buf=500000 plies=58692608 games=889596 rejected=0 skipped=0 epoch=0 mom=0.9430 lrCyc[pk=9.9e-01,tr=1.0e-03] trainerStep=6850
[LAYER-HEALTH] live trainerStep=6850 scope=batch_norm_state_only reluSites=9/10 ch=1040 dead=0 off=0 alwaysOn=0 worst=none maxBetaOverGamma=+1.51@policy.pre_bn[60] minBetaOverGamma=-1.45@value.bn[9] rvMaxOverMedian=9.4@blocks.1.bn1[14] rezero=none nonFinite=0
[REPLAY] step=6900 loss=3.5621 pLoss=2.7459 vLoss=0.8114 pEnt=2.879 pIllM=0.0048 playedP=0.166 pW=0.47 pD=0.07 pL=0.46 vAbs=0.224 pLogitMean=-6.9241 vLogitMean=0.6208 gNorm=0.286 lr=0.00171 ms=2898.5 buf=500000 plies=59119249 games=896121 rejected=0 skipped=0 epoch=0 mom=0.9422 lrCyc[pk=9.9e-01,tr=1.0e-03] trainerStep=6900
[LAYER-HEALTH] live trainerStep=6900 scope=batch_norm_state_only reluSites=9/10 ch=1040 dead=0 off=0 alwaysOn=0 worst=none maxBetaOverGamma=+1.51@policy.pre_bn[60] minBetaOverGamma=-1.45@value.bn[9] rvMaxOverMedian=9.4@blocks.1.bn1[14] rezero=none nonFinite=0
[REPLAY] step=6950 loss=3.5739 pLoss=2.7512 vLoss=0.8176 pEnt=2.895 pIllM=0.0050 playedP=0.164 pW=0.47 pD=0.07 pL=0.46 vAbs=0.221 pLogitMean=-6.9248 vLogitMean=0.6210 gNorm=0.289 lr=0.00181 ms=2442.4 buf=500000 plies=59545882 games=902529 rejected=0 skipped=0 epoch=0 mom=0.9414 lrCyc[pk=9.9e-01,tr=1.0e-03] trainerStep=6950
[LAYER-HEALTH] live trainerStep=6950 scope=batch_norm_state_only reluSites=9/10 ch=1040 dead=0 off=0 alwaysOn=0 worst=none maxBetaOverGamma=+1.51@policy.pre_bn[60] minBetaOverGamma=-1.45@value.bn[9] rvMaxOverMedian=9.3@blocks.1.bn1[14] rezero=none nonFinite=0
[REPLAY] step=7000 loss=3.5741 pLoss=2.7531 vLoss=0.8159 pEnt=2.870 pIllM=0.0052 playedP=0.164 pW=0.47 pD=0.07 pL=0.46 vAbs=0.224 pLogitMean=-6.9245 vLogitMean=0.6222 gNorm=0.287 lr=0.00193 ms=2286.1 buf=500000 plies=59972543 games=908960 rejected=0 skipped=0 epoch=0 mom=0.9405 lrCyc[pk=9.9e-01,tr=1.0e-03] trainerStep=7000
[LAYER-HEALTH] live trainerStep=7000 scope=batch_norm_state_only reluSites=9/10 ch=1040 dead=0 off=0 alwaysOn=0 worst=none maxBetaOverGamma=+1.51@policy.pre_bn[60] minBetaOverGamma=-1.45@value.bn[9] rvMaxOverMedian=9.3@blocks.1.bn1[14] rezero=none nonFinite=0
[REPLAY] saved trainer model (autosave) step=7000 trainerStep=7000 nextGame=908960 shard=1 epoch=0 -> 20261005-lrBleakyall-cyc1-replay-latest.safetensors
[LAYER-HEALTH] checkpoint replay-autosave step=7000 trainerStep=7000 scope=all_tensors reluSites=9/10 ch=1040 dead=0 off=0 alwaysOn=0 worst=none maxBetaOverGamma=+1.51@policy.pre_bn[60] minBetaOverGamma=-1.45@value.bn[9] rvMaxOverMedian=9.3@blocks.1.bn1[14] rezero=none nonFinite=0 seZeroVel=none valueFC1ZeroVel=0/128 maxAbs=17.42@blocks.0.bn2.running_var
[LAYER-HEALTH]   batch-norm sites — β/|γ|: dead < -3.00, mostly off < -2.00, always on > +3.00; classified for relu/leaky_relu only
[LAYER-HEALTH]     site            act            ch   dead    off     on  zeroγ nonfin  min β/|γ| [ch]     max β/|γ| [ch]     rv max/median [ch]
[LAYER-HEALTH]     stem.bn         -             128    n/a    n/a    n/a      0      0     -0.36 [11]         +0.18 [26]            7.6 [88]
[LAYER-HEALTH]     blocks.0.bn1    leaky_relu    128      0      0      0      0      0     -0.48 [10]         +0.16 [62]            2.5 [14]
[LAYER-HEALTH]     blocks.0.bn2    leaky_relu    128      0      0      0      0      0     -0.96 [109]        -0.02 [49]            6.1 [96]
[LAYER-HEALTH]     blocks.1.bn1    leaky_relu    128      0      0      0      0      0     -0.77 [11]         -0.03 [31]            9.3 [14]
[LAYER-HEALTH]     blocks.1.bn2    leaky_relu    128      0      0      0      0      0     -1.13 [80]         -0.25 [49]            2.2 [32]
[LAYER-HEALTH]     blocks.2.bn1    leaky_relu    128      0      0      0      0      0     -1.03 [69]         +0.20 [31]            8.7 [31]
[LAYER-HEALTH]     blocks.2.bn2    leaky_relu    128      0      0      0      0      0     -1.41 [85]         -0.10 [46]            2.5 [26]
[LAYER-HEALTH]     tower_final_bn  leaky_relu    128      0      0      0      0      0     -0.33 [16]         +0.87 [61]            3.3 [75]
[LAYER-HEALTH]     policy.pre_bn   leaky_relu    128      0      0      0      0      0     -0.84 [7]          +1.51 [60]            2.7 [12]
[LAYER-HEALTH]     value.bn        leaky_relu     16      0      0      0      0      0     -1.45 [9]          -0.72 [1]             2.8 [14]
[LAYER-HEALTH]   FC hidden-unit velocity — zero: every weight-velocity entry exactly 0; low: nonzero but < 5% of the layer's p90 unit norm
[LAYER-HEALTH]     value.fc1.weight  leaky_relu  units 128  zero 0  low 8  median unit norm 0.005972
[LAYER-HEALTH]     (no SE blocks)
[LAYER-HEALTH]   ReZero: none
[LAYER-HEALTH]   non-finite: 0 values in 0 of 102 tensors (10263038 values examined)
[LAYER-HEALTH]   largest |value|: blocks.0.bn2.running_var 17.42, blocks.0.bn2.running_mean 5.566, policy.pre_bn.running_var 5.157, policy.conv.bias 5.128, blocks.2.bn2.running_var 4.818
[REPLAY] enumerated checkpoint -> 20261005-lrBleakyall-cyc1-replay-step7000.safetensors
[REPLAY] step=7050 loss=3.5456 pLoss=2.7366 vLoss=0.8044 pEnt=2.859 pIllM=0.0047 playedP=0.170 pW=0.47 pD=0.07 pL=0.46 vAbs=0.227 pLogitMean=-6.9242 vLogitMean=0.6232 gNorm=0.289 lr=0.00206 ms=2616.6 buf=500000 plies=60399172 games=915405 rejected=0 skipped=0 epoch=0 mom=0.9395 lrCyc[pk=9.9e-01,tr=1.0e-03] trainerStep=7050
[LAYER-HEALTH] live trainerStep=7050 scope=batch_norm_state_only reluSites=9/10 ch=1040 dead=0 off=0 alwaysOn=0 worst=none maxBetaOverGamma=+1.51@policy.pre_bn[60] minBetaOverGamma=-1.46@value.bn[9] rvMaxOverMedian=9.4@blocks.1.bn1[14] rezero=none nonFinite=0
[REPLAY] step=7100 loss=3.5824 pLoss=2.7536 vLoss=0.8241 pEnt=2.887 pIllM=0.0047 playedP=0.165 pW=0.47 pD=0.07 pL=0.46 vAbs=0.220 pLogitMean=-6.9263 vLogitMean=0.6222 gNorm=0.284 lr=0.0022 ms=2734.9 buf=500000 plies=60825827 games=921848 rejected=0 skipped=0 epoch=0 mom=0.9385 lrCyc[pk=9.9e-01,tr=1.0e-03] trainerStep=7100
[LAYER-HEALTH] live trainerStep=7100 scope=batch_norm_state_only reluSites=9/10 ch=1040 dead=0 off=0 alwaysOn=0 worst=none maxBetaOverGamma=+1.51@policy.pre_bn[60] minBetaOverGamma=-1.46@value.bn[9] rvMaxOverMedian=9.4@blocks.1.bn1[14] rezero=none nonFinite=0
[REPLAY] step=7150 loss=3.5595 pLoss=2.7411 vLoss=0.8136 pEnt=2.862 pIllM=0.0048 playedP=0.169 pW=0.47 pD=0.07 pL=0.46 vAbs=0.222 pLogitMean=-6.9229 vLogitMean=0.6230 gNorm=0.280 lr=0.00236 ms=2376.2 buf=500000 plies=61252515 games=928272 rejected=0 skipped=0 epoch=0 mom=0.9375 lrCyc[pk=9.9e-01,tr=1.0e-03] trainerStep=7150
[LAYER-HEALTH] live trainerStep=7150 scope=batch_norm_state_only reluSites=9/10 ch=1040 dead=0 off=0 alwaysOn=0 worst=none maxBetaOverGamma=+1.51@policy.pre_bn[60] minBetaOverGamma=-1.46@value.bn[9] rvMaxOverMedian=9.4@blocks.1.bn1[14] rezero=none nonFinite=0
[REPLAY] step=7200 loss=3.5700 pLoss=2.7393 vLoss=0.8260 pEnt=2.862 pIllM=0.0047 playedP=0.171 pW=0.47 pD=0.07 pL=0.46 vAbs=0.223 pLogitMean=-6.9234 vLogitMean=0.6223 gNorm=0.283 lr=0.00254 ms=2462.4 buf=500000 plies=61679144 games=934686 rejected=0 skipped=0 epoch=0 mom=0.9365 lrCyc[pk=9.9e-01,tr=1.0e-03] trainerStep=7200
[LAYER-HEALTH] live trainerStep=7200 scope=batch_norm_state_only reluSites=9/10 ch=1040 dead=0 off=0 alwaysOn=0 worst=none maxBetaOverGamma=+1.51@policy.pre_bn[60] minBetaOverGamma=-1.46@value.bn[9] rvMaxOverMedian=9.4@blocks.1.bn1[14] rezero=none nonFinite=0
[REPLAY] step=7250 loss=3.5687 pLoss=2.7604 vLoss=0.8040 pEnt=2.881 pIllM=0.0043 playedP=0.164 pW=0.47 pD=0.07 pL=0.46 vAbs=0.223 pLogitMean=-6.9243 vLogitMean=0.6219 gNorm=0.275 lr=0.00274 ms=2347.1 buf=500000 plies=62105773 games=941087 rejected=0 skipped=0 epoch=0 mom=0.9354 lrCyc[pk=9.9e-01,tr=1.0e-03] trainerStep=7250
[LAYER-HEALTH] live trainerStep=7250 scope=batch_norm_state_only reluSites=9/10 ch=1040 dead=0 off=0 alwaysOn=0 worst=none maxBetaOverGamma=+1.51@policy.pre_bn[60] minBetaOverGamma=-1.45@value.bn[9] rvMaxOverMedian=9.4@blocks.1.bn1[14] rezero=none nonFinite=0
[REPLAY] step=7300 loss=3.5385 pLoss=2.7149 vLoss=0.8195 pEnt=2.867 pIllM=0.0041 playedP=0.167 pW=0.47 pD=0.07 pL=0.46 vAbs=0.233 pLogitMean=-6.9242 vLogitMean=0.6244 gNorm=0.296 lr=0.00296 ms=2179.2 buf=500000 plies=62532490 games=947471 rejected=0 skipped=0 epoch=0 mom=0.9342 lrCyc[pk=9.9e-01,tr=1.0e-03] trainerStep=7300
[LAYER-HEALTH] live trainerStep=7300 scope=batch_norm_state_only reluSites=9/10 ch=1040 dead=0 off=0 alwaysOn=0 worst=none maxBetaOverGamma=+1.51@policy.pre_bn[60] minBetaOverGamma=-1.45@value.bn[9] rvMaxOverMedian=9.4@blocks.1.bn1[14] rezero=none nonFinite=0
[REPLAY] step=7350 loss=3.6158 pLoss=2.7863 vLoss=0.8252 pEnt=2.888 pIllM=0.0043 playedP=0.161 pW=0.47 pD=0.07 pL=0.46 vAbs=0.223 pLogitMean=-6.9290 vLogitMean=0.6202 gNorm=0.288 lr=0.00321 ms=3061.0 buf=500000 plies=62959114 games=953913 rejected=0 skipped=0 epoch=0 mom=0.9331 lrCyc[pk=9.9e-01,tr=1.0e-03] trainerStep=7350
[LAYER-HEALTH] live trainerStep=7350 scope=batch_norm_state_only reluSites=9/10 ch=1040 dead=0 off=0 alwaysOn=0 worst=none maxBetaOverGamma=+1.51@policy.pre_bn[60] minBetaOverGamma=-1.45@value.bn[9] rvMaxOverMedian=9.4@blocks.1.bn1[14] rezero=none nonFinite=0
[REPLAY] step=7400 loss=3.5527 pLoss=2.7225 vLoss=0.8258 pEnt=2.893 pIllM=0.0044 playedP=0.164 pW=0.47 pD=0.07 pL=0.46 vAbs=0.230 pLogitMean=-6.9289 vLogitMean=0.6223 gNorm=0.294 lr=0.00349 ms=2183.4 buf=500000 plies=63385735 games=960323 rejected=0 skipped=0 epoch=0 mom=0.9319 lrCyc[pk=9.9e-01,tr=1.0e-03] trainerStep=7400
[LAYER-HEALTH] live trainerStep=7400 scope=batch_norm_state_only reluSites=9/10 ch=1040 dead=0 off=0 alwaysOn=0 worst=none maxBetaOverGamma=+1.51@policy.pre_bn[60] minBetaOverGamma=-1.46@value.bn[9] rvMaxOverMedian=9.4@blocks.1.bn1[14] rezero=none nonFinite=0
[REPLAY] step=7450 loss=3.5846 pLoss=2.7690 vLoss=0.8113 pEnt=2.885 pIllM=0.0042 playedP=0.163 pW=0.47 pD=0.08 pL=0.46 vAbs=0.227 pLogitMean=-6.9285 vLogitMean=0.6240 gNorm=0.288 lr=0.00379 ms=2138.8 buf=500000 plies=63812398 games=966769 rejected=0 skipped=0 epoch=0 mom=0.9307 lrCyc[pk=9.9e-01,tr=1.0e-03] trainerStep=7450
[LAYER-HEALTH] live trainerStep=7450 scope=batch_norm_state_only reluSites=9/10 ch=1040 dead=0 off=0 alwaysOn=0 worst=none maxBetaOverGamma=+1.51@policy.pre_bn[60] minBetaOverGamma=-1.46@value.bn[9] rvMaxOverMedian=9.4@blocks.1.bn1[14] rezero=none nonFinite=0
[REPLAY] step=7500 loss=3.5894 pLoss=2.7732 vLoss=0.8119 pEnt=2.898 pIllM=0.0043 playedP=0.161 pW=0.47 pD=0.07 pL=0.46 vAbs=0.221 pLogitMean=-6.9305 vLogitMean=0.6192 gNorm=0.296 lr=0.00414 ms=2273.3 buf=500000 plies=64239081 games=973183 rejected=0 skipped=0 epoch=0 mom=0.9294 lrCyc[pk=9.9e-01,tr=1.0e-03] trainerStep=7500
[LAYER-HEALTH] live trainerStep=7500 scope=batch_norm_state_only reluSites=9/10 ch=1040 dead=0 off=0 alwaysOn=0 worst=none maxBetaOverGamma=+1.51@policy.pre_bn[60] minBetaOverGamma=-1.45@value.bn[9] rvMaxOverMedian=9.3@blocks.1.bn1[14] rezero=none nonFinite=0
[REPLAY] step=7550 loss=3.5542 pLoss=2.7437 vLoss=0.8055 pEnt=2.881 pIllM=0.0051 playedP=0.164 pW=0.47 pD=0.07 pL=0.46 vAbs=0.228 pLogitMean=-6.9295 vLogitMean=0.6195 gNorm=0.318 lr=0.00452 ms=2219.9 buf=500000 plies=64665722 games=979651 rejected=0 skipped=0 epoch=0 mom=0.9281 lrCyc[pk=9.9e-01,tr=1.0e-03] trainerStep=7550
[LAYER-HEALTH] live trainerStep=7550 scope=batch_norm_state_only reluSites=9/10 ch=1040 dead=0 off=0 alwaysOn=0 worst=none maxBetaOverGamma=+1.51@policy.pre_bn[60] minBetaOverGamma=-1.45@value.bn[9] rvMaxOverMedian=9.3@blocks.1.bn1[14] rezero=none nonFinite=0
[REPLAY] step=7600 loss=3.5757 pLoss=2.7424 vLoss=0.8292 pEnt=2.892 pIllM=0.0042 playedP=0.162 pW=0.47 pD=0.07 pL=0.46 vAbs=0.236 pLogitMean=-6.9300 vLogitMean=0.6219 gNorm=0.297 lr=0.00495 ms=2284.3 buf=500000 plies=65092377 games=986077 rejected=0 skipped=0 epoch=0 mom=0.9268 lrCyc[pk=9.9e-01,tr=1.0e-03] trainerStep=7600
[LAYER-HEALTH] live trainerStep=7600 scope=batch_norm_state_only reluSites=9/10 ch=1040 dead=0 off=0 alwaysOn=0 worst=none maxBetaOverGamma=+1.50@policy.pre_bn[60] minBetaOverGamma=-1.46@value.bn[9] rvMaxOverMedian=9.4@blocks.1.bn1[14] rezero=none nonFinite=0
[REPLAY] step=7650 loss=3.5817 pLoss=2.7615 vLoss=0.8158 pEnt=2.878 pIllM=0.0044 playedP=0.167 pW=0.47 pD=0.07 pL=0.46 vAbs=0.218 pLogitMean=-6.9278 vLogitMean=0.6236 gNorm=0.302 lr=0.00543 ms=2244.8 buf=500000 plies=65519006 games=992490 rejected=0 skipped=0 epoch=0 mom=0.9255 lrCyc[pk=9.9e-01,tr=1.0e-03] trainerStep=7650
[LAYER-HEALTH] live trainerStep=7650 scope=batch_norm_state_only reluSites=9/10 ch=1040 dead=0 off=0 alwaysOn=0 worst=none maxBetaOverGamma=+1.50@policy.pre_bn[60] minBetaOverGamma=-1.45@value.bn[9] rvMaxOverMedian=9.5@blocks.1.bn1[14] rezero=none nonFinite=0
[REPLAY] step=7700 loss=3.5995 pLoss=2.7800 vLoss=0.8152 pEnt=2.896 pIllM=0.0043 playedP=0.160 pW=0.47 pD=0.07 pL=0.46 vAbs=0.220 pLogitMean=-6.9289 vLogitMean=0.6222 gNorm=0.292 lr=0.00597 ms=1879.2 buf=500000 plies=65945714 games=998918 rejected=0 skipped=0 epoch=0 mom=0.9241 lrCyc[pk=9.9e-01,tr=1.0e-03] trainerStep=7700
[LAYER-HEALTH] live trainerStep=7700 scope=batch_norm_state_only reluSites=9/10 ch=1040 dead=0 off=0 alwaysOn=0 worst=none maxBetaOverGamma=+1.51@policy.pre_bn[60] minBetaOverGamma=-1.46@value.bn[9] rvMaxOverMedian=9.5@blocks.1.bn1[14] rezero=none nonFinite=0
[REPLAY] step=7750 loss=3.5667 pLoss=2.7520 vLoss=0.8101 pEnt=2.878 pIllM=0.0045 playedP=0.165 pW=0.47 pD=0.07 pL=0.46 vAbs=0.232 pLogitMean=-6.9297 vLogitMean=0.6246 gNorm=0.292 lr=0.00657 ms=2213.1 buf=500000 plies=66372323 games=1005407 rejected=0 skipped=0 epoch=0 mom=0.9227 lrCyc[pk=9.9e-01,tr=1.0e-03] trainerStep=7750
[LAYER-HEALTH] live trainerStep=7750 scope=batch_norm_state_only reluSites=9/10 ch=1040 dead=0 off=0 alwaysOn=0 worst=none maxBetaOverGamma=+1.51@policy.pre_bn[60] minBetaOverGamma=-1.45@value.bn[9] rvMaxOverMedian=9.5@blocks.1.bn1[14] rezero=none nonFinite=0
[REPLAY] step=7800 loss=3.5489 pLoss=2.7382 vLoss=0.8061 pEnt=2.883 pIllM=0.0045 playedP=0.166 pW=0.47 pD=0.07 pL=0.46 vAbs=0.224 pLogitMean=-6.9281 vLogitMean=0.6237 gNorm=0.303 lr=0.00724 ms=2161.1 buf=500000 plies=66798988 games=1011890 rejected=0 skipped=0 epoch=0 mom=0.9213 lrCyc[pk=9.9e-01,tr=1.0e-03] trainerStep=7800
[LAYER-HEALTH] live trainerStep=7800 scope=batch_norm_state_only reluSites=9/10 ch=1040 dead=0 off=0 alwaysOn=0 worst=none maxBetaOverGamma=+1.51@policy.pre_bn[60] minBetaOverGamma=-1.45@value.bn[9] rvMaxOverMedian=9.5@blocks.1.bn1[14] rezero=none nonFinite=0
[REPLAY] step=7850 loss=3.5852 pLoss=2.7734 vLoss=0.8070 pEnt=2.864 pIllM=0.0048 playedP=0.166 pW=0.47 pD=0.06 pL=0.46 vAbs=0.234 pLogitMean=-6.9304 vLogitMean=0.6209 gNorm=0.318 lr=0.00799 ms=2155.3 buf=500000 plies=67225614 games=1018343 rejected=0 skipped=0 epoch=0 mom=0.9199 lrCyc[pk=9.9e-01,tr=1.0e-03] trainerStep=7850
[LAYER-HEALTH] live trainerStep=7850 scope=batch_norm_state_only reluSites=9/10 ch=1040 dead=0 off=0 alwaysOn=0 worst=none maxBetaOverGamma=+1.51@policy.pre_bn[60] minBetaOverGamma=-1.43@value.bn[9] rvMaxOverMedian=9.4@blocks.1.bn1[14] rezero=none nonFinite=0
[REPLAY] step=7900 loss=3.5924 pLoss=2.7740 vLoss=0.8139 pEnt=2.879 pIllM=0.0045 playedP=0.165 pW=0.47 pD=0.06 pL=0.46 vAbs=0.226 pLogitMean=-6.9315 vLogitMean=0.6201 gNorm=0.306 lr=0.00883 ms=2513.1 buf=500000 plies=67652239 games=1024817 rejected=0 skipped=0 epoch=0 mom=0.9184 lrCyc[pk=9.9e-01,tr=1.0e-03] trainerStep=7900
[LAYER-HEALTH] live trainerStep=7900 scope=batch_norm_state_only reluSites=9/10 ch=1040 dead=0 off=0 alwaysOn=0 worst=none maxBetaOverGamma=+1.51@policy.pre_bn[60] minBetaOverGamma=-1.43@value.bn[9] rvMaxOverMedian=9.5@blocks.1.bn1[14] rezero=none nonFinite=0
[REPLAY] step=7950 loss=3.5725 pLoss=2.7629 vLoss=0.8052 pEnt=2.892 pIllM=0.0044 playedP=0.163 pW=0.47 pD=0.06 pL=0.47 vAbs=0.224 pLogitMean=-6.9295 vLogitMean=0.6209 gNorm=0.288 lr=0.00977 ms=2396.8 buf=500000 plies=68078911 games=1031335 rejected=0 skipped=0 epoch=0 mom=0.9169 lrCyc[pk=9.9e-01,tr=1.0e-03] trainerStep=7950
[LAYER-HEALTH] live trainerStep=7950 scope=batch_norm_state_only reluSites=9/10 ch=1040 dead=0 off=0 alwaysOn=0 worst=none maxBetaOverGamma=+1.50@policy.pre_bn[60] minBetaOverGamma=-1.44@value.bn[9] rvMaxOverMedian=9.5@blocks.1.bn1[14] rezero=none nonFinite=0
[REPLAY] step=8000 loss=3.6093 pLoss=2.7869 vLoss=0.8182 pEnt=2.887 pIllM=0.0042 playedP=0.164 pW=0.48 pD=0.07 pL=0.46 vAbs=0.219 pLogitMean=-6.9288 vLogitMean=0.6251 gNorm=0.307 lr=0.0108 ms=2238.8 buf=500000 plies=68505532 games=1037766 rejected=0 skipped=0 epoch=0 mom=0.9155 lrCyc[pk=9.9e-01,tr=1.0e-03] trainerStep=8000
[LAYER-HEALTH] live trainerStep=8000 scope=batch_norm_state_only reluSites=9/10 ch=1040 dead=0 off=0 alwaysOn=0 worst=none maxBetaOverGamma=+1.51@policy.pre_bn[60] minBetaOverGamma=-1.44@value.bn[9] rvMaxOverMedian=9.5@blocks.1.bn1[14] rezero=none nonFinite=0
[REPLAY] saved trainer model (autosave) step=8000 trainerStep=8000 nextGame=1037766 shard=2 epoch=0 -> 20261005-lrBleakyall-cyc1-replay-latest.safetensors
[LAYER-HEALTH] checkpoint replay-autosave step=8000 trainerStep=8000 scope=all_tensors reluSites=9/10 ch=1040 dead=0 off=0 alwaysOn=0 worst=none maxBetaOverGamma=+1.51@policy.pre_bn[60] minBetaOverGamma=-1.44@value.bn[9] rvMaxOverMedian=9.5@blocks.1.bn1[14] rezero=none nonFinite=0 seZeroVel=none valueFC1ZeroVel=0/128 maxAbs=16.86@blocks.0.bn2.running_var
[LAYER-HEALTH]   batch-norm sites — β/|γ|: dead < -3.00, mostly off < -2.00, always on > +3.00; classified for relu/leaky_relu only
[LAYER-HEALTH]     site            act            ch   dead    off     on  zeroγ nonfin  min β/|γ| [ch]     max β/|γ| [ch]     rv max/median [ch]
[LAYER-HEALTH]     stem.bn         -             128    n/a    n/a    n/a      0      0     -0.37 [11]         +0.18 [26]            7.6 [88]
[LAYER-HEALTH]     blocks.0.bn1    leaky_relu    128      0      0      0      0      0     -0.48 [10]         +0.16 [62]            2.5 [14]
[LAYER-HEALTH]     blocks.0.bn2    leaky_relu    128      0      0      0      0      0     -0.96 [122]        -0.01 [49]            5.9 [96]
[LAYER-HEALTH]     blocks.1.bn1    leaky_relu    128      0      0      0      0      0     -0.77 [11]         -0.03 [31]            9.5 [14]
[LAYER-HEALTH]     blocks.1.bn2    leaky_relu    128      0      0      0      0      0     -1.14 [80]         -0.25 [49]            2.2 [32]
[LAYER-HEALTH]     blocks.2.bn1    leaky_relu    128      0      0      0      0      0     -1.03 [69]         +0.20 [31]            8.7 [31]
[LAYER-HEALTH]     blocks.2.bn2    leaky_relu    128      0      0      0      0      0     -1.41 [85]         -0.10 [46]            2.5 [26]
[LAYER-HEALTH]     tower_final_bn  leaky_relu    128      0      0      0      0      0     -0.33 [16]         +0.87 [61]            3.3 [75]
[LAYER-HEALTH]     policy.pre_bn   leaky_relu    128      0      0      0      0      0     -0.84 [7]          +1.51 [60]            2.7 [12]
[LAYER-HEALTH]     value.bn        leaky_relu     16      0      0      0      0      0     -1.44 [9]          -0.69 [1]             2.8 [14]
[LAYER-HEALTH]   FC hidden-unit velocity — zero: every weight-velocity entry exactly 0; low: nonzero but < 5% of the layer's p90 unit norm
[LAYER-HEALTH]     value.fc1.weight  leaky_relu  units 128  zero 0  low 8  median unit norm 0.004983
[LAYER-HEALTH]     (no SE blocks)
[LAYER-HEALTH]   ReZero: none
[LAYER-HEALTH]   non-finite: 0 values in 0 of 102 tensors (10263038 values examined)
[LAYER-HEALTH]   largest |value|: blocks.0.bn2.running_var 16.86, blocks.0.bn2.running_mean 5.553, policy.pre_bn.running_var 5.165, policy.conv.bias 5.132, blocks.2.bn2.running_var 4.781
[REPLAY] enumerated checkpoint -> 20261005-lrBleakyall-cyc1-replay-step8000.safetensors
[REPLAY] step=8050 loss=3.6205 pLoss=2.7928 vLoss=0.8232 pEnt=2.881 pIllM=0.0045 playedP=0.165 pW=0.47 pD=0.07 pL=0.46 vAbs=0.221 pLogitMean=-6.9303 vLogitMean=0.6231 gNorm=0.291 lr=0.012 ms=2388.0 buf=500000 plies=68932192 games=1044250 rejected=0 skipped=0 epoch=0 mom=0.9140 lrCyc[pk=9.9e-01,tr=1.0e-03] trainerStep=8050
[LAYER-HEALTH] live trainerStep=8050 scope=batch_norm_state_only reluSites=9/10 ch=1040 dead=0 off=0 alwaysOn=0 worst=none maxBetaOverGamma=+1.51@policy.pre_bn[60] minBetaOverGamma=-1.45@value.bn[9] rvMaxOverMedian=9.6@blocks.1.bn1[14] rezero=none nonFinite=0
[REPLAY] step=8100 loss=3.5606 pLoss=2.7417 vLoss=0.8141 pEnt=2.869 pIllM=0.0049 playedP=0.164 pW=0.47 pD=0.07 pL=0.46 vAbs=0.227 pLogitMean=-6.9296 vLogitMean=0.6234 gNorm=0.293 lr=0.0133 ms=2407.4 buf=500000 plies=69358834 games=1050672 rejected=0 skipped=0 epoch=0 mom=0.9124 lrCyc[pk=9.9e-01,tr=1.0e-03] trainerStep=8100
[LAYER-HEALTH] live trainerStep=8100 scope=batch_norm_state_only reluSites=9/10 ch=1040 dead=0 off=0 alwaysOn=0 worst=none maxBetaOverGamma=+1.51@policy.pre_bn[60] minBetaOverGamma=-1.45@value.bn[9] rvMaxOverMedian=9.6@blocks.1.bn1[14] rezero=none nonFinite=0
[REPLAY] step=8150 loss=3.5420 pLoss=2.7384 vLoss=0.7994 pEnt=2.882 pIllM=0.0042 playedP=0.166 pW=0.47 pD=0.07 pL=0.46 vAbs=0.236 pLogitMean=-6.9289 vLogitMean=0.6231 gNorm=0.297 lr=0.0148 ms=1911.3 buf=500000 plies=69785491 games=1057127 rejected=0 skipped=0 epoch=0 mom=0.9109 lrCyc[pk=9.9e-01,tr=1.0e-03] trainerStep=8150
[LAYER-HEALTH] live trainerStep=8150 scope=batch_norm_state_only reluSites=9/10 ch=1040 dead=0 off=0 alwaysOn=0 worst=none maxBetaOverGamma=+1.52@policy.pre_bn[60] minBetaOverGamma=-1.45@value.bn[9] rvMaxOverMedian=9.6@blocks.1.bn1[14] rezero=none nonFinite=0
[REPLAY] step=8200 loss=3.5575 pLoss=2.7489 vLoss=0.8043 pEnt=2.894 pIllM=0.0043 playedP=0.161 pW=0.47 pD=0.06 pL=0.47 vAbs=0.215 pLogitMean=-6.9272 vLogitMean=0.6182 gNorm=0.301 lr=0.0165 ms=2291.3 buf=500000 plies=70212160 games=1063609 rejected=0 skipped=0 epoch=0 mom=0.9094 lrCyc[pk=9.9e-01,tr=1.0e-03] trainerStep=8200
[LAYER-HEALTH] live trainerStep=8200 scope=batch_norm_state_only reluSites=9/10 ch=1040 dead=0 off=0 alwaysOn=0 worst=none maxBetaOverGamma=+1.52@policy.pre_bn[60] minBetaOverGamma=-1.44@value.bn[3] rvMaxOverMedian=9.6@blocks.1.bn1[14] rezero=none nonFinite=0
[REPLAY] step=8250 loss=3.5557 pLoss=2.7459 vLoss=0.8057 pEnt=2.880 pIllM=0.0041 playedP=0.165 pW=0.47 pD=0.07 pL=0.46 vAbs=0.231 pLogitMean=-6.9263 vLogitMean=0.6226 gNorm=0.284 lr=0.0183 ms=2778.5 buf=500000 plies=70638793 games=1070039 rejected=0 skipped=0 epoch=0 mom=0.9078 lrCyc[pk=9.9e-01,tr=1.0e-03] trainerStep=8250
[LAYER-HEALTH] live trainerStep=8250 scope=batch_norm_state_only reluSites=9/10 ch=1040 dead=0 off=0 alwaysOn=0 worst=none maxBetaOverGamma=+1.52@policy.pre_bn[60] minBetaOverGamma=-1.44@value.bn[3] rvMaxOverMedian=9.5@blocks.1.bn1[14] rezero=none nonFinite=0
[REPLAY] step=8300 loss=3.5494 pLoss=2.7357 vLoss=0.8094 pEnt=2.880 pIllM=0.0042 playedP=0.167 pW=0.47 pD=0.07 pL=0.46 vAbs=0.231 pLogitMean=-6.9278 vLogitMean=0.6195 gNorm=0.311 lr=0.0204 ms=2476.9 buf=500000 plies=71065419 games=1076492 rejected=0 skipped=0 epoch=0 mom=0.9063 lrCyc[pk=9.9e-01,tr=1.0e-03] trainerStep=8300
[LAYER-HEALTH] live trainerStep=8300 scope=batch_norm_state_only reluSites=9/10 ch=1040 dead=0 off=0 alwaysOn=0 worst=none maxBetaOverGamma=+1.52@policy.pre_bn[60] minBetaOverGamma=-1.44@value.bn[3] rvMaxOverMedian=9.5@blocks.1.bn1[14] rezero=none nonFinite=0
[REPLAY] step=8350 loss=3.5639 pLoss=2.7506 vLoss=0.8086 pEnt=2.879 pIllM=0.0046 playedP=0.165 pW=0.47 pD=0.06 pL=0.47 vAbs=0.234 pLogitMean=-6.9278 vLogitMean=0.6206 gNorm=0.300 lr=0.0227 ms=2968.2 buf=500000 plies=71492102 games=1082946 rejected=0 skipped=0 epoch=0 mom=0.9047 lrCyc[pk=9.9e-01,tr=1.0e-03] trainerStep=8350
[LAYER-HEALTH] live trainerStep=8350 scope=batch_norm_state_only reluSites=9/10 ch=1040 dead=0 off=0 alwaysOn=0 worst=none maxBetaOverGamma=+1.52@policy.pre_bn[60] minBetaOverGamma=-1.43@value.bn[9] rvMaxOverMedian=9.4@blocks.1.bn1[14] rezero=none nonFinite=0
[REPLAY] step=8400 loss=3.5778 pLoss=2.7556 vLoss=0.8176 pEnt=2.888 pIllM=0.0046 playedP=0.165 pW=0.46 pD=0.07 pL=0.47 vAbs=0.218 pLogitMean=-6.9280 vLogitMean=0.6200 gNorm=0.301 lr=0.0253 ms=2300.1 buf=500000 plies=71918779 games=1089324 rejected=0 skipped=0 epoch=0 mom=0.9032 lrCyc[pk=9.9e-01,tr=1.0e-03] trainerStep=8400
[LAYER-HEALTH] live trainerStep=8400 scope=batch_norm_state_only reluSites=9/10 ch=1040 dead=0 off=0 alwaysOn=0 worst=none maxBetaOverGamma=+1.52@policy.pre_bn[60] minBetaOverGamma=-1.41@blocks.2.bn2[85] rvMaxOverMedian=9.5@blocks.1.bn1[14] rezero=none nonFinite=0
[REPLAY] step=8450 loss=3.5980 pLoss=2.7727 vLoss=0.8205 pEnt=2.888 pIllM=0.0047 playedP=0.165 pW=0.47 pD=0.07 pL=0.46 vAbs=0.222 pLogitMean=-6.9251 vLogitMean=0.6201 gNorm=0.291 lr=0.0282 ms=2833.2 buf=500000 plies=72345462 games=1095805 rejected=0 skipped=0 epoch=0 mom=0.9016 lrCyc[pk=9.9e-01,tr=1.0e-03] trainerStep=8450
[LAYER-HEALTH] live trainerStep=8450 scope=batch_norm_state_only reluSites=9/10 ch=1040 dead=0 off=0 alwaysOn=0 worst=none maxBetaOverGamma=+1.52@policy.pre_bn[60] minBetaOverGamma=-1.42@value.bn[9] rvMaxOverMedian=9.5@blocks.1.bn1[14] rezero=none nonFinite=0
[REPLAY] step=8500 loss=3.5874 pLoss=2.7652 vLoss=0.8178 pEnt=2.896 pIllM=0.0044 playedP=0.164 pW=0.47 pD=0.07 pL=0.46 vAbs=0.224 pLogitMean=-6.9267 vLogitMean=0.6218 gNorm=0.314 lr=0.0315 ms=3297.0 buf=500000 plies=72772052 games=1102186 rejected=0 skipped=0 epoch=0 mom=0.9000 lrCyc[pk=9.9e-01,tr=1.0e-03] trainerStep=8500
[LAYER-HEALTH] live trainerStep=8500 scope=batch_norm_state_only reluSites=9/10 ch=1040 dead=0 off=0 alwaysOn=0 worst=none maxBetaOverGamma=+1.51@policy.pre_bn[60] minBetaOverGamma=-1.45@value.bn[9] rvMaxOverMedian=9.6@blocks.1.bn1[14] rezero=none nonFinite=0
[REPLAY] step=8550 loss=3.5580 pLoss=2.7335 vLoss=0.8198 pEnt=2.867 pIllM=0.0047 playedP=0.169 pW=0.47 pD=0.07 pL=0.46 vAbs=0.231 pLogitMean=-6.9199 vLogitMean=0.6252 gNorm=0.313 lr=0.0351 ms=3109.2 buf=500000 plies=73198741 games=1108577 rejected=0 skipped=0 epoch=0 mom=0.8984 lrCyc[pk=9.9e-01,tr=1.0e-03] trainerStep=8550
[LAYER-HEALTH] live trainerStep=8550 scope=batch_norm_state_only reluSites=9/10 ch=1040 dead=0 off=0 alwaysOn=0 worst=none maxBetaOverGamma=+1.53@policy.pre_bn[60] minBetaOverGamma=-1.45@value.bn[9] rvMaxOverMedian=9.5@blocks.1.bn1[14] rezero=none nonFinite=0
[REPLAY] step=8600 loss=3.5534 pLoss=2.7362 vLoss=0.8130 pEnt=2.885 pIllM=0.0042 playedP=0.166 pW=0.47 pD=0.07 pL=0.46 vAbs=0.231 pLogitMean=-6.9212 vLogitMean=0.6257 gNorm=0.355 lr=0.0391 ms=2197.1 buf=500000 plies=73625368 games=1114996 rejected=0 skipped=0 epoch=0 mom=0.8969 lrCyc[pk=9.9e-01,tr=1.0e-03] trainerStep=8600
[LAYER-HEALTH] live trainerStep=8600 scope=batch_norm_state_only reluSites=9/10 ch=1040 dead=0 off=0 alwaysOn=0 worst=none maxBetaOverGamma=+1.53@policy.pre_bn[60] minBetaOverGamma=-1.45@value.bn[9] rvMaxOverMedian=9.5@blocks.1.bn1[14] rezero=none nonFinite=0
[REPLAY] step=8650 loss=3.5432 pLoss=2.7303 vLoss=0.8082 pEnt=2.886 pIllM=0.0047 playedP=0.167 pW=0.47 pD=0.07 pL=0.46 vAbs=0.233 pLogitMean=-6.9190 vLogitMean=0.6245 gNorm=0.310 lr=0.0435 ms=2270.2 buf=500000 plies=74051983 games=1121433 rejected=0 skipped=0 epoch=0 mom=0.8953 lrCyc[pk=9.9e-01,tr=1.0e-03] trainerStep=8650
[LAYER-HEALTH] live trainerStep=8650 scope=batch_norm_state_only reluSites=9/10 ch=1040 dead=0 off=0 alwaysOn=0 worst=none maxBetaOverGamma=+1.53@policy.pre_bn[60] minBetaOverGamma=-1.45@value.bn[9] rvMaxOverMedian=9.4@blocks.1.bn1[14] rezero=none nonFinite=0
[REPLAY] step=8700 loss=3.5534 pLoss=2.7430 vLoss=0.8056 pEnt=2.878 pIllM=0.0048 playedP=0.164 pW=0.47 pD=0.06 pL=0.47 vAbs=0.226 pLogitMean=-6.9172 vLogitMean=0.6225 gNorm=0.318 lr=0.0485 ms=2598.1 buf=500000 plies=74478626 games=1127879 rejected=0 skipped=0 epoch=0 mom=0.8938 lrCyc[pk=9.9e-01,tr=1.0e-03] trainerStep=8700
[LAYER-HEALTH] live trainerStep=8700 scope=batch_norm_state_only reluSites=9/10 ch=1040 dead=0 off=0 alwaysOn=0 worst=none maxBetaOverGamma=+1.52@policy.pre_bn[60] minBetaOverGamma=-1.44@value.bn[9] rvMaxOverMedian=9.4@blocks.1.bn1[14] rezero=none nonFinite=0
[REPLAY] step=8750 loss=3.5736 pLoss=2.7616 vLoss=0.8075 pEnt=2.897 pIllM=0.0044 playedP=0.166 pW=0.47 pD=0.07 pL=0.46 vAbs=0.216 pLogitMean=-6.9159 vLogitMean=0.6285 gNorm=0.316 lr=0.054 ms=2103.8 buf=500000 plies=74905269 games=1134371 rejected=0 skipped=0 epoch=0 mom=0.8922 lrCyc[pk=9.9e-01,tr=1.0e-03] trainerStep=8750
[LAYER-HEALTH] live trainerStep=8750 scope=batch_norm_state_only reluSites=9/10 ch=1040 dead=0 off=0 alwaysOn=0 worst=none maxBetaOverGamma=+1.53@policy.pre_bn[60] minBetaOverGamma=-1.45@value.bn[3] rvMaxOverMedian=9.5@blocks.1.bn1[14] rezero=none nonFinite=0
[REPLAY] step=8800 loss=3.5732 pLoss=2.7661 vLoss=0.8027 pEnt=2.881 pIllM=0.0044 playedP=0.165 pW=0.47 pD=0.06 pL=0.47 vAbs=0.225 pLogitMean=-6.9163 vLogitMean=0.6203 gNorm=0.332 lr=0.0601 ms=2268.4 buf=500000 plies=75331941 games=1140850 rejected=0 skipped=0 epoch=0 mom=0.8907 lrCyc[pk=9.9e-01,tr=1.0e-03] trainerStep=8800
[LAYER-HEALTH] live trainerStep=8800 scope=batch_norm_state_only reluSites=9/10 ch=1040 dead=0 off=0 alwaysOn=0 worst=none maxBetaOverGamma=+1.51@policy.pre_bn[60] minBetaOverGamma=-1.46@value.bn[9] rvMaxOverMedian=9.7@blocks.1.bn1[14] rezero=none nonFinite=0
[REPLAY] step=8850 loss=3.5658 pLoss=2.7513 vLoss=0.8094 pEnt=2.880 pIllM=0.0052 playedP=0.161 pW=0.46 pD=0.07 pL=0.47 vAbs=0.226 pLogitMean=-6.9108 vLogitMean=0.6242 gNorm=0.333 lr=0.0668 ms=2809.2 buf=500000 plies=75758613 games=1147316 rejected=0 skipped=0 epoch=0 mom=0.8891 lrCyc[pk=9.9e-01,tr=1.0e-03] trainerStep=8850
[LAYER-HEALTH] live trainerStep=8850 scope=batch_norm_state_only reluSites=9/10 ch=1040 dead=0 off=0 alwaysOn=0 worst=none maxBetaOverGamma=+1.53@policy.pre_bn[60] minBetaOverGamma=-1.48@value.bn[9] rvMaxOverMedian=9.9@blocks.1.bn1[14] rezero=none nonFinite=0
[REPLAY] step=8900 loss=3.5283 pLoss=2.7266 vLoss=0.7973 pEnt=2.886 pIllM=0.0044 playedP=0.163 pW=0.47 pD=0.06 pL=0.47 vAbs=0.239 pLogitMean=-6.9055 vLogitMean=0.6223 gNorm=0.358 lr=0.0742 ms=2425.5 buf=500000 plies=76185223 games=1153759 rejected=0 skipped=0 epoch=0 mom=0.8876 lrCyc[pk=9.9e-01,tr=1.0e-03] trainerStep=8900
[LAYER-HEALTH] live trainerStep=8900 scope=batch_norm_state_only reluSites=9/10 ch=1040 dead=0 off=0 alwaysOn=0 worst=none maxBetaOverGamma=+1.52@policy.pre_bn[60] minBetaOverGamma=-1.48@value.bn[9] rvMaxOverMedian=9.8@blocks.1.bn1[14] rezero=none nonFinite=0
[REPLAY] step=8950 loss=3.5740 pLoss=2.7690 vLoss=0.7999 pEnt=2.868 pIllM=0.0051 playedP=0.167 pW=0.47 pD=0.07 pL=0.46 vAbs=0.246 pLogitMean=-6.8996 vLogitMean=0.6202 gNorm=0.354 lr=0.0824 ms=2051.7 buf=500000 plies=76611905 games=1160162 rejected=0 skipped=0 epoch=0 mom=0.8861 lrCyc[pk=9.9e-01,tr=1.0e-03] trainerStep=8950
[LAYER-HEALTH] live trainerStep=8950 scope=batch_norm_state_only reluSites=9/10 ch=1040 dead=0 off=0 alwaysOn=0 worst=none maxBetaOverGamma=+1.50@policy.pre_bn[60] minBetaOverGamma=-1.51@value.bn[9] rvMaxOverMedian=9.8@blocks.1.bn1[14] rezero=none nonFinite=0
[REPLAY] step=9000 loss=3.5703 pLoss=2.7568 vLoss=0.8094 pEnt=2.881 pIllM=0.0042 playedP=0.164 pW=0.47 pD=0.06 pL=0.46 vAbs=0.249 pLogitMean=-6.9018 vLogitMean=0.6203 gNorm=0.333 lr=0.0914 ms=2765.3 buf=500000 plies=77038547 games=1166650 rejected=0 skipped=0 epoch=0 mom=0.8846 lrCyc[pk=9.9e-01,tr=1.0e-03] trainerStep=9000
[LAYER-HEALTH] live trainerStep=9000 scope=batch_norm_state_only reluSites=9/10 ch=1040 dead=0 off=0 alwaysOn=0 worst=none maxBetaOverGamma=+1.49@policy.pre_bn[60] minBetaOverGamma=-1.49@value.bn[9] rvMaxOverMedian=9.7@blocks.1.bn1[14] rezero=none nonFinite=0
[REPLAY] saved trainer model (autosave) step=9000 trainerStep=9000 nextGame=1166650 shard=2 epoch=0 -> 20261005-lrBleakyall-cyc1-replay-latest.safetensors
[LAYER-HEALTH] checkpoint replay-autosave step=9000 trainerStep=9000 scope=all_tensors reluSites=9/10 ch=1040 dead=0 off=0 alwaysOn=0 worst=none maxBetaOverGamma=+1.49@policy.pre_bn[60] minBetaOverGamma=-1.49@value.bn[9] rvMaxOverMedian=9.7@blocks.1.bn1[14] rezero=none nonFinite=0 seZeroVel=none valueFC1ZeroVel=0/128 maxAbs=17.34@blocks.0.bn2.running_var
[LAYER-HEALTH]   batch-norm sites — β/|γ|: dead < -3.00, mostly off < -2.00, always on > +3.00; classified for relu/leaky_relu only
[LAYER-HEALTH]     site            act            ch   dead    off     on  zeroγ nonfin  min β/|γ| [ch]     max β/|γ| [ch]     rv max/median [ch]
[LAYER-HEALTH]     stem.bn         -             128    n/a    n/a    n/a      0      0     -0.38 [11]         +0.18 [26]            7.3 [88]
[LAYER-HEALTH]     blocks.0.bn1    leaky_relu    128      0      0      0      0      0     -0.49 [47]         +0.17 [62]            2.5 [14]
[LAYER-HEALTH]     blocks.0.bn2    leaky_relu    128      0      0      0      0      0     -0.96 [122]        -0.01 [49]            6.3 [96]
[LAYER-HEALTH]     blocks.1.bn1    leaky_relu    128      0      0      0      0      0     -0.78 [11]         -0.03 [31]            9.7 [14]
[LAYER-HEALTH]     blocks.1.bn2    leaky_relu    128      0      0      0      0      0     -1.14 [80]         -0.24 [49]            2.2 [32]
[LAYER-HEALTH]     blocks.2.bn1    leaky_relu    128      0      0      0      0      0     -1.04 [69]         +0.21 [31]            8.7 [31]
[LAYER-HEALTH]     blocks.2.bn2    leaky_relu    128      0      0      0      0      0     -1.42 [85]         -0.08 [46]            2.5 [26]
[LAYER-HEALTH]     tower_final_bn  leaky_relu    128      0      0      0      0      0     -0.33 [16]         +0.88 [61]            3.2 [75]
[LAYER-HEALTH]     policy.pre_bn   leaky_relu    128      0      0      0      0      0     -0.86 [7]          +1.49 [60]            2.8 [12]
[LAYER-HEALTH]     value.bn        leaky_relu     16      0      0      0      0      0     -1.49 [9]          -0.71 [1]             2.9 [14]
[LAYER-HEALTH]   FC hidden-unit velocity — zero: every weight-velocity entry exactly 0; low: nonzero but < 5% of the layer's p90 unit norm
[LAYER-HEALTH]     value.fc1.weight  leaky_relu  units 128  zero 0  low 6  median unit norm 0.003715
[LAYER-HEALTH]     (no SE blocks)
[LAYER-HEALTH]   ReZero: none
[LAYER-HEALTH]   non-finite: 0 values in 0 of 102 tensors (10263038 values examined)
[LAYER-HEALTH]   largest |value|: blocks.0.bn2.running_var 17.34, blocks.0.bn2.running_mean 5.581, policy.conv.bias 5.147, policy.pre_bn.running_var 5.061, blocks.2.bn2.running_var 4.55
[REPLAY] enumerated checkpoint -> 20261005-lrBleakyall-cyc1-replay-step9000.safetensors
[REPLAY] step=9050 loss=3.5718 pLoss=2.7738 vLoss=0.7937 pEnt=2.867 pIllM=0.0043 playedP=0.168 pW=0.47 pD=0.06 pL=0.47 vAbs=0.235 pLogitMean=-6.8971 vLogitMean=0.6176 gNorm=0.343 lr=0.101 ms=2841.4 buf=500000 plies=77465181 games=1173136 rejected=0 skipped=0 epoch=0 mom=0.8831 lrCyc[pk=9.9e-01,tr=1.0e-03] trainerStep=9050
[LAYER-HEALTH] live trainerStep=9050 scope=batch_norm_state_only reluSites=9/10 ch=1040 dead=0 off=0 alwaysOn=0 worst=none maxBetaOverGamma=+1.50@policy.pre_bn[60] minBetaOverGamma=-1.45@value.bn[9] rvMaxOverMedian=9.8@blocks.1.bn1[14] rezero=none nonFinite=0
[REPLAY] step=9100 loss=3.5356 pLoss=2.7267 vLoss=0.8038 pEnt=2.866 pIllM=0.0051 playedP=0.166 pW=0.47 pD=0.06 pL=0.46 vAbs=0.227 pLogitMean=-6.8901 vLogitMean=0.6184 gNorm=0.340 lr=0.112 ms=2465.3 buf=500000 plies=77891858 games=1179611 rejected=0 skipped=0 epoch=0 mom=0.8816 lrCyc[pk=9.9e-01,tr=1.0e-03] trainerStep=9100
[LAYER-HEALTH] live trainerStep=9100 scope=batch_norm_state_only reluSites=9/10 ch=1040 dead=0 off=0 alwaysOn=0 worst=none maxBetaOverGamma=+1.52@policy.pre_bn[60] minBetaOverGamma=-1.48@value.bn[9] rvMaxOverMedian=9.8@blocks.1.bn1[14] rezero=none nonFinite=0
[REPLAY] step=9150 loss=3.5895 pLoss=2.7719 vLoss=0.8119 pEnt=2.850 pIllM=0.0057 playedP=0.167 pW=0.48 pD=0.07 pL=0.45 vAbs=0.235 pLogitMean=-6.8840 vLogitMean=0.6257 gNorm=0.336 lr=0.124 ms=2320.3 buf=500000 plies=78318486 games=1186045 rejected=0 skipped=0 epoch=0 mom=0.8802 lrCyc[pk=9.9e-01,tr=1.0e-03] trainerStep=9150
[LAYER-HEALTH] live trainerStep=9150 scope=batch_norm_state_only reluSites=9/10 ch=1040 dead=0 off=0 alwaysOn=0 worst=none maxBetaOverGamma=+1.51@policy.pre_bn[60] minBetaOverGamma=-1.46@value.bn[3] rvMaxOverMedian=9.9@blocks.1.bn1[14] rezero=none nonFinite=0
[REPLAY] step=9200 loss=3.5621 pLoss=2.7581 vLoss=0.7992 pEnt=2.890 pIllM=0.0048 playedP=0.160 pW=0.47 pD=0.06 pL=0.47 vAbs=0.231 pLogitMean=-6.8764 vLogitMean=0.6265 gNorm=0.321 lr=0.137 ms=2265.9 buf=500000 plies=78745141 games=1192506 rejected=0 skipped=0 epoch=0 mom=0.8787 lrCyc[pk=9.9e-01,tr=1.0e-03] trainerStep=9200
[LAYER-HEALTH] live trainerStep=9200 scope=batch_norm_state_only reluSites=9/10 ch=1040 dead=0 off=0 alwaysOn=0 worst=none maxBetaOverGamma=+1.48@policy.pre_bn[60] minBetaOverGamma=-1.50@value.bn[6] rvMaxOverMedian=10.1@blocks.1.bn1[14] rezero=none nonFinite=0
[REPLAY] step=9250 loss=3.5343 pLoss=2.7376 vLoss=0.7912 pEnt=2.892 pIllM=0.0056 playedP=0.161 pW=0.47 pD=0.06 pL=0.47 vAbs=0.255 pLogitMean=-6.8672 vLogitMean=0.6214 gNorm=0.372 lr=0.151 ms=3012.0 buf=500000 plies=79171811 games=1198988 rejected=0 skipped=0 epoch=0 mom=0.8773 lrCyc[pk=9.9e-01,tr=1.0e-03] trainerStep=9250
[LAYER-HEALTH] live trainerStep=9250 scope=batch_norm_state_only reluSites=9/10 ch=1040 dead=0 off=0 alwaysOn=0 worst=none maxBetaOverGamma=+1.51@policy.pre_bn[60] minBetaOverGamma=-1.55@value.bn[9] rvMaxOverMedian=10.1@blocks.1.bn1[14] rezero=none nonFinite=0
[REPLAY] step=9300 loss=3.5525 pLoss=2.7385 vLoss=0.8091 pEnt=2.878 pIllM=0.0049 playedP=0.163 pW=0.47 pD=0.07 pL=0.47 vAbs=0.232 pLogitMean=-6.8623 vLogitMean=0.6230 gNorm=0.362 lr=0.166 ms=2216.3 buf=500000 plies=79598445 games=1205484 rejected=0 skipped=0 epoch=0 mom=0.8759 lrCyc[pk=9.9e-01,tr=1.0e-03] trainerStep=9300
[LAYER-HEALTH] live trainerStep=9300 scope=batch_norm_state_only reluSites=9/10 ch=1040 dead=0 off=0 alwaysOn=0 worst=none maxBetaOverGamma=+1.49@policy.pre_bn[60] minBetaOverGamma=-1.50@value.bn[9] rvMaxOverMedian=9.9@blocks.1.bn1[14] rezero=none nonFinite=0
[REPLAY] step=9350 loss=3.5561 pLoss=2.7405 vLoss=0.8096 pEnt=2.878 pIllM=0.0059 playedP=0.165 pW=0.47 pD=0.07 pL=0.46 vAbs=0.225 pLogitMean=-6.8609 vLogitMean=0.6263 gNorm=0.323 lr=0.182 ms=2559.0 buf=500000 plies=80025143 games=1211890 rejected=0 skipped=0 epoch=0 mom=0.8746 lrCyc[pk=9.9e-01,tr=1.0e-03] trainerStep=9350
[LAYER-HEALTH] live trainerStep=9350 scope=batch_norm_state_only reluSites=9/10 ch=1040 dead=0 off=0 alwaysOn=0 worst=none maxBetaOverGamma=+1.54@policy.pre_bn[60] minBetaOverGamma=-1.55@value.bn[9] rvMaxOverMedian=10.0@blocks.1.bn1[14] rezero=none nonFinite=0
[REPLAY] step=9400 loss=3.5217 pLoss=2.7173 vLoss=0.7991 pEnt=2.867 pIllM=0.0053 playedP=0.166 pW=0.48 pD=0.07 pL=0.46 vAbs=0.255 pLogitMean=-6.8483 vLogitMean=0.6259 gNorm=0.348 lr=0.2 ms=2293.3 buf=500000 plies=80451741 games=1218309 rejected=0 skipped=0 epoch=0 mom=0.8732 lrCyc[pk=9.9e-01,tr=1.0e-03] trainerStep=9400
[LAYER-HEALTH] live trainerStep=9400 scope=batch_norm_state_only reluSites=9/10 ch=1040 dead=0 off=0 alwaysOn=0 worst=none maxBetaOverGamma=+1.52@policy.pre_bn[60] minBetaOverGamma=-1.55@value.bn[9] rvMaxOverMedian=10.1@blocks.1.bn1[14] rezero=none nonFinite=0
[REPLAY] step=9450 loss=3.5818 pLoss=2.7623 vLoss=0.8136 pEnt=2.866 pIllM=0.0058 playedP=0.164 pW=0.47 pD=0.08 pL=0.45 vAbs=0.224 pLogitMean=-6.8412 vLogitMean=0.6253 gNorm=0.311 lr=0.219 ms=2206.6 buf=500000 plies=80878416 games=1224780 rejected=0 skipped=0 epoch=0 mom=0.8719 lrCyc[pk=9.9e-01,tr=1.0e-03] trainerStep=9450
[LAYER-HEALTH] live trainerStep=9450 scope=batch_norm_state_only reluSites=9/10 ch=1040 dead=0 off=0 alwaysOn=0 worst=none maxBetaOverGamma=+1.50@policy.pre_bn[60] minBetaOverGamma=-1.44@value.bn[9] rvMaxOverMedian=10.3@blocks.1.bn1[14] rezero=none nonFinite=0
[REPLAY] step=9500 loss=3.5623 pLoss=2.7522 vLoss=0.8047 pEnt=2.881 pIllM=0.0054 playedP=0.162 pW=0.47 pD=0.06 pL=0.46 vAbs=0.234 pLogitMean=-6.8398 vLogitMean=0.6247 gNorm=0.335 lr=0.239 ms=2168.1 buf=500000 plies=81305091 games=1231190 rejected=0 skipped=0 epoch=0 mom=0.8706 lrCyc[pk=9.9e-01,tr=1.0e-03] trainerStep=9500
[LAYER-HEALTH] live trainerStep=9500 scope=batch_norm_state_only reluSites=9/10 ch=1040 dead=0 off=0 alwaysOn=0 worst=none maxBetaOverGamma=+1.53@policy.pre_bn[60] minBetaOverGamma=-1.43@value.bn[9] rvMaxOverMedian=10.6@blocks.1.bn1[14] rezero=none nonFinite=0
[REPLAY] step=9550 loss=3.5817 pLoss=2.7695 vLoss=0.8069 pEnt=2.902 pIllM=0.0053 playedP=0.161 pW=0.48 pD=0.06 pL=0.46 vAbs=0.230 pLogitMean=-6.8350 vLogitMean=0.6247 gNorm=0.332 lr=0.261 ms=2258.1 buf=500000 plies=81731692 games=1237687 rejected=0 skipped=0 epoch=0 mom=0.8694 lrCyc[pk=9.9e-01,tr=1.0e-03] trainerStep=9550
[LAYER-HEALTH] live trainerStep=9550 scope=batch_norm_state_only reluSites=9/10 ch=1040 dead=0 off=0 alwaysOn=0 worst=none maxBetaOverGamma=+1.54@policy.pre_bn[60] minBetaOverGamma=-1.43@blocks.2.bn2[85] rvMaxOverMedian=10.8@blocks.1.bn1[14] rezero=none nonFinite=0
[REPLAY] step=9600 loss=3.5294 pLoss=2.7308 vLoss=0.7922 pEnt=2.854 pIllM=0.0063 playedP=0.167 pW=0.49 pD=0.06 pL=0.45 vAbs=0.250 pLogitMean=-6.8242 vLogitMean=0.6196 gNorm=0.335 lr=0.284 ms=2430.2 buf=500000 plies=82158329 games=1244138 rejected=0 skipped=0 epoch=0 mom=0.8682 lrCyc[pk=9.9e-01,tr=1.0e-03] trainerStep=9600
[LAYER-HEALTH] live trainerStep=9600 scope=batch_norm_state_only reluSites=9/10 ch=1040 dead=0 off=0 alwaysOn=0 worst=none maxBetaOverGamma=+1.52@policy.pre_bn[60] minBetaOverGamma=-1.44@value.bn[9] rvMaxOverMedian=10.7@blocks.1.bn1[14] rezero=none nonFinite=0
[REPLAY] step=9650 loss=3.5486 pLoss=2.7358 vLoss=0.8056 pEnt=2.858 pIllM=0.0073 playedP=0.167 pW=0.48 pD=0.07 pL=0.46 vAbs=0.237 pLogitMean=-6.8291 vLogitMean=0.6268 gNorm=0.377 lr=0.308 ms=3279.8 buf=500000 plies=82585049 games=1250562 rejected=0 skipped=0 epoch=0 mom=0.8670 lrCyc[pk=9.9e-01,tr=1.0e-03] trainerStep=9650
[LAYER-HEALTH] live trainerStep=9650 scope=batch_norm_state_only reluSites=9/10 ch=1040 dead=0 off=0 alwaysOn=0 worst=none maxBetaOverGamma=+1.50@policy.pre_bn[60] minBetaOverGamma=-1.52@value.bn[9] rvMaxOverMedian=10.7@blocks.1.bn1[14] rezero=none nonFinite=0
[REPLAY] step=9700 loss=3.5859 pLoss=2.7790 vLoss=0.8008 pEnt=2.831 pIllM=0.0061 playedP=0.172 pW=0.48 pD=0.07 pL=0.45 vAbs=0.252 pLogitMean=-6.8324 vLogitMean=0.6233 gNorm=0.391 lr=0.334 ms=2616.2 buf=500000 plies=83011639 games=1257007 rejected=0 skipped=0 epoch=0 mom=0.8658 lrCyc[pk=9.9e-01,tr=1.0e-03] trainerStep=9700
[LAYER-HEALTH] live trainerStep=9700 scope=batch_norm_state_only reluSites=9/10 ch=1040 dead=0 off=0 alwaysOn=0 worst=none maxBetaOverGamma=+1.50@policy.pre_bn[60] minBetaOverGamma=-1.47@value.bn[9] rvMaxOverMedian=10.8@blocks.1.bn1[14] rezero=none nonFinite=0
[REPLAY] step=9750 loss=3.5560 pLoss=2.7397 vLoss=0.8095 pEnt=2.862 pIllM=0.0068 playedP=0.163 pW=0.47 pD=0.08 pL=0.46 vAbs=0.239 pLogitMean=-6.8264 vLogitMean=0.6408 gNorm=0.400 lr=0.361 ms=3331.8 buf=500000 plies=83438397 games=1263433 rejected=0 skipped=0 epoch=0 mom=0.8647 lrCyc[pk=9.9e-01,tr=1.0e-03] trainerStep=9750
[LAYER-HEALTH] live trainerStep=9750 scope=batch_norm_state_only reluSites=9/10 ch=1040 dead=0 off=0 alwaysOn=0 worst=none maxBetaOverGamma=+1.58@policy.pre_bn[60] minBetaOverGamma=-1.43@blocks.2.bn2[85] rvMaxOverMedian=11.0@blocks.1.bn1[14] rezero=none nonFinite=0
[REPLAY] step=9800 loss=3.6240 pLoss=2.8173 vLoss=0.7986 pEnt=2.840 pIllM=0.0080 playedP=0.171 pW=0.48 pD=0.07 pL=0.45 vAbs=0.220 pLogitMean=-6.8477 vLogitMean=0.6314 gNorm=0.375 lr=0.389 ms=3301.3 buf=500000 plies=83864962 games=1269939 rejected=0 skipped=0 epoch=0 mom=0.8636 lrCyc[pk=9.9e-01,tr=1.0e-03] trainerStep=9800
[LAYER-HEALTH] live trainerStep=9800 scope=batch_norm_state_only reluSites=9/10 ch=1040 dead=0 off=0 alwaysOn=0 worst=none maxBetaOverGamma=+1.60@policy.pre_bn[60] minBetaOverGamma=-1.43@blocks.2.bn2[85] rvMaxOverMedian=11.3@blocks.1.bn1[14] rezero=none nonFinite=0
[REPLAY] step=9850 loss=3.5423 pLoss=2.7198 vLoss=0.8155 pEnt=2.892 pIllM=0.0070 playedP=0.158 pW=0.46 pD=0.06 pL=0.48 vAbs=0.276 pLogitMean=-6.8456 vLogitMean=0.6418 gNorm=0.403 lr=0.419 ms=2804.0 buf=500000 plies=84291668 games=1276414 rejected=0 skipped=0 epoch=0 mom=0.8625 lrCyc[pk=9.9e-01,tr=1.0e-03] trainerStep=9850
[LAYER-HEALTH] live trainerStep=9850 scope=batch_norm_state_only reluSites=9/10 ch=1040 dead=0 off=0 alwaysOn=0 worst=none maxBetaOverGamma=+1.59@policy.pre_bn[60] minBetaOverGamma=-1.45@blocks.2.bn2[85] rvMaxOverMedian=11.9@blocks.1.bn1[14] rezero=none nonFinite=0
[REPLAY] step=9900 loss=3.5581 pLoss=2.7458 vLoss=0.8052 pEnt=2.886 pIllM=0.0070 playedP=0.158 pW=0.45 pD=0.07 pL=0.48 vAbs=0.246 pLogitMean=-6.8588 vLogitMean=0.6510 gNorm=0.411 lr=0.449 ms=2906.7 buf=500000 plies=84718221 games=1282805 rejected=0 skipped=0 epoch=0 mom=0.8615 lrCyc[pk=9.9e-01,tr=1.0e-03] trainerStep=9900
[LAYER-HEALTH] live trainerStep=9900 scope=batch_norm_state_only reluSites=9/10 ch=1040 dead=0 off=0 alwaysOn=0 worst=none maxBetaOverGamma=+1.72@policy.pre_bn[60] minBetaOverGamma=-1.48@blocks.2.bn2[85] rvMaxOverMedian=12.2@blocks.1.bn1[14] rezero=none nonFinite=0
[REPLAY] step=9950 loss=3.5853 pLoss=2.7630 vLoss=0.8142 pEnt=2.855 pIllM=0.0080 playedP=0.163 pW=0.45 pD=0.08 pL=0.47 vAbs=0.237 pLogitMean=-6.8736 vLogitMean=0.6438 gNorm=0.414 lr=0.481 ms=2282.7 buf=500000 plies=85144934 games=1289302 rejected=0 skipped=0 epoch=0 mom=0.8605 lrCyc[pk=9.9e-01,tr=1.0e-03] trainerStep=9950
[LAYER-HEALTH] live trainerStep=9950 scope=batch_norm_state_only reluSites=9/10 ch=1040 dead=0 off=0 alwaysOn=0 worst=none maxBetaOverGamma=+1.52@policy.pre_bn[60] minBetaOverGamma=-1.52@blocks.2.bn2[85] rvMaxOverMedian=12.5@blocks.1.bn1[14] rezero=none nonFinite=0
[REPLAY] step=10000 loss=3.5685 pLoss=2.7475 vLoss=0.8132 pEnt=2.878 pIllM=0.0077 playedP=0.158 pW=0.46 pD=0.06 pL=0.48 vAbs=0.240 pLogitMean=-6.9075 vLogitMean=0.6432 gNorm=0.395 lr=0.513 ms=3217.5 buf=500000 plies=85571543 games=1295809 rejected=0 skipped=0 epoch=0 mom=0.8596 lrCyc[pk=9.9e-01,tr=1.0e-03] trainerStep=10000
[LAYER-HEALTH] live trainerStep=10000 scope=batch_norm_state_only reluSites=9/10 ch=1040 dead=0 off=0 alwaysOn=0 worst=none maxBetaOverGamma=+1.57@policy.pre_bn[60] minBetaOverGamma=-1.53@blocks.2.bn2[85] rvMaxOverMedian=12.9@blocks.1.bn1[14] rezero=none nonFinite=0
[REPLAY] saved trainer model (autosave) step=10000 trainerStep=10000 nextGame=1295809 shard=2 epoch=0 -> 20261005-lrBleakyall-cyc1-replay-latest.safetensors
[LAYER-HEALTH] checkpoint replay-autosave step=10000 trainerStep=10000 scope=all_tensors reluSites=9/10 ch=1040 dead=0 off=0 alwaysOn=0 worst=none maxBetaOverGamma=+1.57@policy.pre_bn[60] minBetaOverGamma=-1.53@blocks.2.bn2[85] rvMaxOverMedian=12.9@blocks.1.bn1[14] rezero=none nonFinite=0 seZeroVel=none valueFC1ZeroVel=0/128 maxAbs=16.32@blocks.0.bn2.running_var
[LAYER-HEALTH]   batch-norm sites — β/|γ|: dead < -3.00, mostly off < -2.00, always on > +3.00; classified for relu/leaky_relu only
[LAYER-HEALTH]     site            act            ch   dead    off     on  zeroγ nonfin  min β/|γ| [ch]     max β/|γ| [ch]     rv max/median [ch]
[LAYER-HEALTH]     stem.bn         -             128    n/a    n/a    n/a      0      0     -0.43 [11]         +0.19 [26]            7.0 [88]
[LAYER-HEALTH]     blocks.0.bn1    leaky_relu    128      0      0      0      0      0     -0.53 [47]         +0.18 [64]            2.7 [14]
[LAYER-HEALTH]     blocks.0.bn2    leaky_relu    128      0      0      0      0      0     -0.98 [122]        -0.09 [49]            6.6 [96]
[LAYER-HEALTH]     blocks.1.bn1    leaky_relu    128      0      0      0      0      0     -0.87 [11]         -0.05 [31]           12.9 [14]
[LAYER-HEALTH]     blocks.1.bn2    leaky_relu    128      0      0      0      0      0     -1.25 [80]         -0.31 [110]           2.9 [32]
[LAYER-HEALTH]     blocks.2.bn1    leaky_relu    128      0      0      0      0      0     -1.20 [69]         +0.19 [31]            8.5 [31]
[LAYER-HEALTH]     blocks.2.bn2    leaky_relu    128      0      0      0      0      0     -1.53 [85]         -0.05 [46]            2.7 [26]
[LAYER-HEALTH]     tower_final_bn  leaky_relu    128      0      0      0      0      0     -0.39 [16]         +0.92 [61]            3.1 [75]
[LAYER-HEALTH]     policy.pre_bn   leaky_relu    128      0      0      0      0      0     -0.96 [7]          +1.57 [60]            2.6 [12]
[LAYER-HEALTH]     value.bn        leaky_relu     16      0      0      0      0      0     -1.38 [6]          -0.89 [1]             2.8 [14]
[LAYER-HEALTH]   FC hidden-unit velocity — zero: every weight-velocity entry exactly 0; low: nonzero but < 5% of the layer's p90 unit norm
[LAYER-HEALTH]     value.fc1.weight  leaky_relu  units 128  zero 0  low 4  median unit norm 0.00407
[LAYER-HEALTH]     (no SE blocks)
[LAYER-HEALTH]   ReZero: none
[LAYER-HEALTH]   non-finite: 0 values in 0 of 102 tensors (10263038 values examined)
[LAYER-HEALTH]   largest |value|: blocks.0.bn2.running_var 16.32, blocks.0.bn2.running_mean 5.596, policy.conv.bias 5.137, blocks.1.bn2.running_var 5.133, policy.pre_bn.running_var 4.67
[REPLAY] enumerated checkpoint -> 20261005-lrBleakyall-cyc1-replay-step10000.safetensors
[REPLAY] step=10050 loss=3.6317 pLoss=2.8201 vLoss=0.8037 pEnt=2.866 pIllM=0.0079 playedP=0.162 pW=0.47 pD=0.07 pL=0.46 vAbs=0.210 pLogitMean=-6.9277 vLogitMean=0.6272 gNorm=0.489 lr=0.546 ms=2710.3 buf=500000 plies=85998202 games=1302269 rejected=0 skipped=0 epoch=0 mom=0.8587 lrCyc[pk=9.9e-01,tr=1.0e-03] trainerStep=10050
[LAYER-HEALTH] live trainerStep=10050 scope=batch_norm_state_only reluSites=9/10 ch=1040 dead=0 off=0 alwaysOn=0 worst=none maxBetaOverGamma=+1.63@policy.pre_bn[60] minBetaOverGamma=-1.54@blocks.2.bn2[85] rvMaxOverMedian=13.3@blocks.1.bn1[14] rezero=none nonFinite=0
[REPLAY] step=10100 loss=3.6156 pLoss=2.8075 vLoss=0.8005 pEnt=2.868 pIllM=0.0076 playedP=0.161 pW=0.49 pD=0.06 pL=0.45 vAbs=0.230 pLogitMean=-6.9777 vLogitMean=0.6354 gNorm=0.408 lr=0.579 ms=2618.4 buf=500000 plies=86424921 games=1308762 rejected=0 skipped=0 epoch=0 mom=0.8578 lrCyc[pk=9.9e-01,tr=1.0e-03] trainerStep=10100
[LAYER-HEALTH] live trainerStep=10100 scope=batch_norm_state_only reluSites=9/10 ch=1040 dead=0 off=0 alwaysOn=0 worst=none maxBetaOverGamma=+1.60@policy.pre_bn[60] minBetaOverGamma=-1.57@blocks.2.bn2[85] rvMaxOverMedian=13.5@blocks.1.bn1[14] rezero=none nonFinite=0
[REPLAY] step=10150 loss=3.5625 pLoss=2.7501 vLoss=0.8042 pEnt=2.857 pIllM=0.0082 playedP=0.164 pW=0.47 pD=0.07 pL=0.47 vAbs=0.244 pLogitMean=-7.0206 vLogitMean=0.6423 gNorm=0.400 lr=0.613 ms=2667.9 buf=500000 plies=86851469 games=1315257 rejected=0 skipped=0 epoch=0 mom=0.8570 lrCyc[pk=9.9e-01,tr=1.0e-03] trainerStep=10150
[LAYER-HEALTH] live trainerStep=10150 scope=batch_norm_state_only reluSites=9/10 ch=1040 dead=0 off=0 alwaysOn=0 worst=none maxBetaOverGamma=+1.61@policy.pre_bn[60] minBetaOverGamma=-1.57@blocks.2.bn2[85] rvMaxOverMedian=13.5@blocks.1.bn1[14] rezero=none nonFinite=0
[REPLAY] step=10200 loss=3.5953 pLoss=2.7769 vLoss=0.8095 pEnt=2.869 pIllM=0.0088 playedP=0.157 pW=0.47 pD=0.07 pL=0.46 vAbs=0.244 pLogitMean=-7.0658 vLogitMean=0.6146 gNorm=0.414 lr=0.647 ms=2409.4 buf=500000 plies=87278124 games=1321726 rejected=0 skipped=0 epoch=0 mom=0.8562 lrCyc[pk=9.9e-01,tr=1.0e-03] trainerStep=10200
[LAYER-HEALTH] live trainerStep=10200 scope=batch_norm_state_only reluSites=9/10 ch=1040 dead=0 off=0 alwaysOn=0 worst=none maxBetaOverGamma=+1.61@policy.pre_bn[60] minBetaOverGamma=-1.59@blocks.2.bn2[85] rvMaxOverMedian=14.0@blocks.1.bn1[14] rezero=none nonFinite=0
[REPLAY] step=10250 loss=3.6239 pLoss=2.7948 vLoss=0.8196 pEnt=2.856 pIllM=0.0095 playedP=0.164 pW=0.49 pD=0.07 pL=0.44 vAbs=0.230 pLogitMean=-7.1199 vLogitMean=0.6186 gNorm=0.351 lr=0.681 ms=2524.5 buf=500000 plies=87704782 games=1328103 rejected=0 skipped=0 epoch=0 mom=0.8555 lrCyc[pk=9.9e-01,tr=1.0e-03] trainerStep=10250
[LAYER-HEALTH] live trainerStep=10250 scope=batch_norm_state_only reluSites=9/10 ch=1040 dead=0 off=0 alwaysOn=0 worst=none maxBetaOverGamma=+1.65@policy.pre_bn[60] minBetaOverGamma=-1.58@blocks.2.bn2[85] rvMaxOverMedian=14.2@blocks.1.bn1[14] rezero=none nonFinite=0
[REPLAY] step=10300 loss=3.5802 pLoss=2.7780 vLoss=0.7928 pEnt=2.869 pIllM=0.0094 playedP=0.159 pW=0.47 pD=0.06 pL=0.47 vAbs=0.257 pLogitMean=-7.1758 vLogitMean=0.6093 gNorm=0.368 lr=0.714 ms=2694.0 buf=500000 plies=88131505 games=1334539 rejected=0 skipped=0 epoch=0 mom=0.8548 lrCyc[pk=9.9e-01,tr=1.0e-03] trainerStep=10300
[LAYER-HEALTH] live trainerStep=10300 scope=batch_norm_state_only reluSites=9/10 ch=1040 dead=0 off=0 alwaysOn=0 worst=none maxBetaOverGamma=+1.67@policy.pre_bn[60] minBetaOverGamma=-1.59@blocks.2.bn2[85] rvMaxOverMedian=14.7@blocks.1.bn1[14] rezero=none nonFinite=0
[REPLAY] step=10350 loss=3.5772 pLoss=2.7878 vLoss=0.7810 pEnt=2.885 pIllM=0.0084 playedP=0.155 pW=0.47 pD=0.06 pL=0.47 vAbs=0.250 pLogitMean=-7.2560 vLogitMean=0.6057 gNorm=0.485 lr=0.746 ms=2730.1 buf=500000 plies=88558079 games=1340999 rejected=0 skipped=0 epoch=0 mom=0.8542 lrCyc[pk=9.9e-01,tr=1.0e-03] trainerStep=10350
[LAYER-HEALTH] live trainerStep=10350 scope=batch_norm_state_only reluSites=9/10 ch=1040 dead=0 off=0 alwaysOn=0 worst=none maxBetaOverGamma=+1.74@policy.pre_bn[60] minBetaOverGamma=-1.62@blocks.2.bn2[85] rvMaxOverMedian=14.9@blocks.1.bn1[14] rezero=none nonFinite=0
[REPLAY] step=10400 loss=3.5697 pLoss=2.7736 vLoss=0.7849 pEnt=2.847 pIllM=0.0111 playedP=0.163 pW=0.48 pD=0.07 pL=0.46 vAbs=0.253 pLogitMean=-7.3110 vLogitMean=0.5979 gNorm=0.408 lr=0.778 ms=2865.6 buf=500000 plies=88984731 games=1347464 rejected=0 skipped=0 epoch=0 mom=0.8536 lrCyc[pk=9.9e-01,tr=1.0e-03] trainerStep=10400
[LAYER-HEALTH] live trainerStep=10400 scope=batch_norm_state_only reluSites=9/10 ch=1040 dead=0 off=0 alwaysOn=0 worst=none maxBetaOverGamma=+1.72@policy.pre_bn[60] minBetaOverGamma=-1.59@blocks.2.bn2[85] rvMaxOverMedian=15.5@blocks.1.bn1[14] rezero=none nonFinite=0
[REPLAY] step=10450 loss=3.5122 pLoss=2.6971 vLoss=0.8050 pEnt=2.845 pIllM=0.0101 playedP=0.164 pW=0.45 pD=0.07 pL=0.49 vAbs=0.268 pLogitMean=-7.3937 vLogitMean=0.5966 gNorm=0.394 lr=0.808 ms=2629.7 buf=500000 plies=89411418 games=1353844 rejected=0 skipped=0 epoch=0 mom=0.8530 lrCyc[pk=9.9e-01,tr=1.0e-03] trainerStep=10450
[LAYER-HEALTH] live trainerStep=10450 scope=batch_norm_state_only reluSites=9/10 ch=1040 dead=0 off=0 alwaysOn=0 worst=none maxBetaOverGamma=+1.77@policy.pre_bn[60] minBetaOverGamma=-1.62@blocks.2.bn2[85] rvMaxOverMedian=16.3@blocks.1.bn1[14] rezero=none nonFinite=0
[REPLAY] step=10500 loss=3.5984 pLoss=2.7902 vLoss=0.7974 pEnt=2.882 pIllM=0.0108 playedP=0.152 pW=0.47 pD=0.06 pL=0.47 vAbs=0.251 pLogitMean=-7.4839 vLogitMean=0.5933 gNorm=0.474 lr=0.837 ms=3181.9 buf=500000 plies=89838044 games=1360303 rejected=0 skipped=0 epoch=0 mom=0.8525 lrCyc[pk=9.9e-01,tr=1.0e-03] trainerStep=10500
[LAYER-HEALTH] live trainerStep=10500 scope=batch_norm_state_only reluSites=9/10 ch=1040 dead=0 off=0 alwaysOn=0 worst=none maxBetaOverGamma=+1.75@policy.pre_bn[60] minBetaOverGamma=-1.68@blocks.2.bn2[85] rvMaxOverMedian=17.0@blocks.1.bn1[14] rezero=none nonFinite=0
[REPLAY] step=10550 loss=3.5404 pLoss=2.7459 vLoss=0.7844 pEnt=2.831 pIllM=0.0101 playedP=0.166 pW=0.47 pD=0.07 pL=0.46 vAbs=0.245 pLogitMean=-7.5729 vLogitMean=0.5967 gNorm=0.387 lr=0.864 ms=2386.8 buf=500000 plies=90264727 games=1366660 rejected=0 skipped=0 epoch=0 mom=0.8520 lrCyc[pk=9.9e-01,tr=1.0e-03] trainerStep=10550
[LAYER-HEALTH] live trainerStep=10550 scope=batch_norm_state_only reluSites=9/10 ch=1040 dead=0 off=0 alwaysOn=0 worst=none maxBetaOverGamma=+1.82@policy.pre_bn[60] minBetaOverGamma=-1.66@blocks.2.bn2[85] rvMaxOverMedian=17.4@blocks.1.bn1[14] rezero=none nonFinite=0
[REPLAY] step=10600 loss=3.5852 pLoss=2.7710 vLoss=0.8047 pEnt=2.847 pIllM=0.0095 playedP=0.159 pW=0.49 pD=0.07 pL=0.43 vAbs=0.251 pLogitMean=-7.6606 vLogitMean=0.5999 gNorm=0.416 lr=0.889 ms=2739.3 buf=500000 plies=90691353 games=1373120 rejected=0 skipped=0 epoch=0 mom=0.8516 lrCyc[pk=9.9e-01,tr=1.0e-03] trainerStep=10600
[LAYER-HEALTH] live trainerStep=10600 scope=batch_norm_state_only reluSites=9/10 ch=1040 dead=0 off=0 alwaysOn=0 worst=none maxBetaOverGamma=+1.79@policy.pre_bn[60] minBetaOverGamma=-1.67@blocks.2.bn2[85] rvMaxOverMedian=18.1@blocks.1.bn1[14] rezero=none nonFinite=0
[REPLAY] step=10650 loss=3.5729 pLoss=2.7722 vLoss=0.7904 pEnt=2.838 pIllM=0.0103 playedP=0.158 pW=0.47 pD=0.07 pL=0.45 vAbs=0.248 pLogitMean=-7.7308 vLogitMean=0.6032 gNorm=0.416 lr=0.912 ms=2461.2 buf=500000 plies=91118005 games=1379508 rejected=0 skipped=0 epoch=0 mom=0.8513 lrCyc[pk=9.9e-01,tr=1.0e-03] trainerStep=10650
[LAYER-HEALTH] live trainerStep=10650 scope=batch_norm_state_only reluSites=9/10 ch=1040 dead=0 off=0 alwaysOn=0 worst=none maxBetaOverGamma=+1.79@policy.pre_bn[60] minBetaOverGamma=-1.66@blocks.2.bn2[85] rvMaxOverMedian=17.9@blocks.1.bn1[14] rezero=none nonFinite=0
[REPLAY] step=10700 loss=3.7151 pLoss=2.8885 vLoss=0.8164 pEnt=2.843 pIllM=0.0102 playedP=0.156 pW=0.53 pD=0.06 pL=0.41 vAbs=0.240 pLogitMean=-7.8411 vLogitMean=0.5963 gNorm=0.493 lr=0.932 ms=2286.7 buf=500000 plies=91544641 games=1385939 rejected=0 skipped=0 epoch=0 mom=0.8509 lrCyc[pk=9.9e-01,tr=1.0e-03] trainerStep=10700
[LAYER-HEALTH] live trainerStep=10700 scope=batch_norm_state_only reluSites=9/10 ch=1040 dead=0 off=0 alwaysOn=0 worst=none maxBetaOverGamma=+1.83@policy.pre_bn[60] minBetaOverGamma=-1.72@blocks.2.bn2[85] rvMaxOverMedian=18.7@blocks.1.bn1[14] rezero=none nonFinite=0
[REPLAY] step=10750 loss=3.6471 pLoss=2.8300 vLoss=0.8034 pEnt=2.807 pIllM=0.0137 playedP=0.164 pW=0.49 pD=0.07 pL=0.44 vAbs=0.230 pLogitMean=-7.9262 vLogitMean=0.6097 gNorm=0.466 lr=0.95 ms=2444.7 buf=500000 plies=91971321 games=1392418 rejected=0 skipped=0 epoch=0 mom=0.8507 lrCyc[pk=9.9e-01,tr=1.0e-03] trainerStep=10750
[LAYER-HEALTH] live trainerStep=10750 scope=batch_norm_state_only reluSites=9/10 ch=1040 dead=0 off=0 alwaysOn=0 worst=none maxBetaOverGamma=+1.82@policy.pre_bn[60] minBetaOverGamma=-1.81@blocks.2.bn2[85] rvMaxOverMedian=19.2@blocks.1.bn1[14] rezero=none nonFinite=0
[REPLAY] step=10800 loss=3.6111 pLoss=2.7833 vLoss=0.8171 pEnt=2.841 pIllM=0.0106 playedP=0.155 pW=0.49 pD=0.08 pL=0.43 vAbs=0.263 pLogitMean=-8.0453 vLogitMean=0.6161 gNorm=0.458 lr=0.964 ms=1987.0 buf=500000 plies=92397926 games=1398905 rejected=0 skipped=0 epoch=0 mom=0.8504 lrCyc[pk=9.9e-01,tr=1.0e-03] trainerStep=10800
[LAYER-HEALTH] live trainerStep=10800 scope=batch_norm_state_only reluSites=9/10 ch=1040 dead=0 off=0 alwaysOn=0 worst=none maxBetaOverGamma=+1.83@policy.pre_bn[60] minBetaOverGamma=-1.74@blocks.2.bn2[85] rvMaxOverMedian=20.0@blocks.1.bn1[14] rezero=none nonFinite=0
[REPLAY] step=10850 loss=3.6217 pLoss=2.8192 vLoss=0.7928 pEnt=2.836 pIllM=0.0097 playedP=0.166 pW=0.49 pD=0.06 pL=0.45 vAbs=0.239 pLogitMean=-8.1548 vLogitMean=0.6255 gNorm=0.348 lr=0.976 ms=3140.3 buf=500000 plies=92824634 games=1405319 rejected=0 skipped=0 epoch=0 mom=0.8503 lrCyc[pk=9.9e-01,tr=1.0e-03] trainerStep=10850
[LAYER-HEALTH] live trainerStep=10850 scope=batch_norm_state_only reluSites=9/10 ch=1040 dead=0 off=0 alwaysOn=0 worst=none maxBetaOverGamma=+1.82@policy.pre_bn[60] minBetaOverGamma=-1.79@blocks.2.bn2[85] rvMaxOverMedian=21.6@blocks.1.bn1[14] rezero=none nonFinite=0
[REPLAY] step=10900 loss=3.5383 pLoss=2.7331 vLoss=0.7958 pEnt=2.888 pIllM=0.0093 playedP=0.154 pW=0.43 pD=0.07 pL=0.49 vAbs=0.248 pLogitMean=-8.2581 vLogitMean=0.6212 gNorm=0.367 lr=0.984 ms=2211.6 buf=500000 plies=93251291 games=1411767 rejected=0 skipped=0 epoch=0 mom=0.8501 lrCyc[pk=9.9e-01,tr=1.0e-03] trainerStep=10900
[LAYER-HEALTH] live trainerStep=10900 scope=batch_norm_state_only reluSites=9/10 ch=1040 dead=0 off=0 alwaysOn=0 worst=none maxBetaOverGamma=+1.73@policy.pre_bn[60] minBetaOverGamma=-1.77@blocks.2.bn2[85] rvMaxOverMedian=22.5@blocks.1.bn1[14] rezero=none nonFinite=0
[REPLAY] step=10950 loss=3.5901 pLoss=2.7787 vLoss=0.8027 pEnt=2.874 pIllM=0.0088 playedP=0.161 pW=0.47 pD=0.08 pL=0.46 vAbs=0.226 pLogitMean=-8.3086 vLogitMean=0.6304 gNorm=0.362 lr=0.989 ms=2020.7 buf=500000 plies=93677883 games=1418260 rejected=0 skipped=0 epoch=0 mom=0.8501 lrCyc[pk=9.9e-01,tr=1.0e-03] trainerStep=10950
[LAYER-HEALTH] live trainerStep=10950 scope=batch_norm_state_only reluSites=9/10 ch=1040 dead=0 off=0 alwaysOn=0 worst=none maxBetaOverGamma=+1.75@policy.pre_bn[60] minBetaOverGamma=-1.77@blocks.2.bn2[85] rvMaxOverMedian=22.4@blocks.1.bn1[14] rezero=none nonFinite=0
[REPLAY] step=11000 loss=3.5606 pLoss=2.7693 vLoss=0.7813 pEnt=2.845 pIllM=0.0101 playedP=0.162 pW=0.46 pD=0.06 pL=0.48 vAbs=0.242 pLogitMean=-8.4200 vLogitMean=0.6388 gNorm=0.376 lr=0.991 ms=2211.0 buf=500000 plies=94104542 games=1424661 rejected=0 skipped=0 epoch=0 mom=0.8500 lrCyc[pk=9.9e-01,tr=1.0e-03] trainerStep=11000
[LAYER-HEALTH] live trainerStep=11000 scope=batch_norm_state_only reluSites=9/10 ch=1040 dead=0 off=0 alwaysOn=0 worst=none maxBetaOverGamma=+1.65@policy.pre_bn[60] minBetaOverGamma=-1.76@blocks.2.bn2[85] rvMaxOverMedian=23.3@blocks.1.bn1[14] rezero=none nonFinite=0
[REPLAY] saved trainer model (autosave) step=11000 trainerStep=11000 nextGame=1424661 shard=3 epoch=0 -> 20261005-lrBleakyall-cyc1-replay-latest.safetensors
[LAYER-HEALTH] checkpoint replay-autosave step=11000 trainerStep=11000 scope=all_tensors reluSites=9/10 ch=1040 dead=0 off=0 alwaysOn=0 worst=none maxBetaOverGamma=+1.65@policy.pre_bn[60] minBetaOverGamma=-1.76@blocks.2.bn2[85] rvMaxOverMedian=23.3@blocks.1.bn1[14] rezero=none nonFinite=0 seZeroVel=none valueFC1ZeroVel=0/128 maxAbs=14.41@blocks.0.bn2.running_var
[LAYER-HEALTH]   batch-norm sites — β/|γ|: dead < -3.00, mostly off < -2.00, always on > +3.00; classified for relu/leaky_relu only
[LAYER-HEALTH]     site            act            ch   dead    off     on  zeroγ nonfin  min β/|γ| [ch]     max β/|γ| [ch]     rv max/median [ch]
[LAYER-HEALTH]     stem.bn         -             128    n/a    n/a    n/a      0      0     -0.65 [11]         +0.23 [26]            3.6 [88]
[LAYER-HEALTH]     blocks.0.bn1    leaky_relu    128      0      0      0      0      0     -0.62 [47]         +0.19 [18]            3.2 [14]
[LAYER-HEALTH]     blocks.0.bn2    leaky_relu    128      0      0      0      0      0     -1.17 [122]        -0.17 [58]            4.9 [96]
[LAYER-HEALTH]     blocks.1.bn1    leaky_relu    128      0      0      0      0      0     -1.16 [11]         -0.14 [41]           23.3 [14]
[LAYER-HEALTH]     blocks.1.bn2    leaky_relu    128      0      0      0      0      0     -1.51 [80]         -0.43 [28]            4.5 [32]
[LAYER-HEALTH]     blocks.2.bn1    leaky_relu    128      0      0      0      0      0     -1.60 [69]         +0.24 [31]           10.8 [125]
[LAYER-HEALTH]     blocks.2.bn2    leaky_relu    128      0      0      0      0      0     -1.76 [85]         -0.20 [46]            3.1 [26]
[LAYER-HEALTH]     tower_final_bn  leaky_relu    128      0      0      0      0      0     -0.51 [16]         +1.00 [61]            3.1 [97]
[LAYER-HEALTH]     policy.pre_bn   leaky_relu    128      0      0      0      0      0     -1.14 [7]          +1.65 [60]            2.4 [41]
[LAYER-HEALTH]     value.bn        leaky_relu     16      0      0      0      0      0     -1.49 [7]          -0.84 [1]             2.5 [5]
[LAYER-HEALTH]   FC hidden-unit velocity — zero: every weight-velocity entry exactly 0; low: nonzero but < 5% of the layer's p90 unit norm
[LAYER-HEALTH]     value.fc1.weight  leaky_relu  units 128  zero 0  low 6  median unit norm 0.005455
[LAYER-HEALTH]     (no SE blocks)
[LAYER-HEALTH]   ReZero: none
[LAYER-HEALTH]   non-finite: 0 values in 0 of 102 tensors (10263038 values examined)
[LAYER-HEALTH]   largest |value|: blocks.0.bn2.running_var 14.41, blocks.1.bn2.running_var 7.654, blocks.0.bn2.running_mean 5.604, policy.conv.bias 5.382, blocks.1.bn1.running_var 5.375
[REPLAY] enumerated checkpoint -> 20261005-lrBleakyall-cyc1-replay-step11000.safetensors
[REPLAY] step=11050 loss=3.5982 pLoss=2.8002 vLoss=0.7884 pEnt=2.837 pIllM=0.0096 playedP=0.162 pW=0.48 pD=0.07 pL=0.46 vAbs=0.244 pLogitMean=-8.4878 vLogitMean=0.6297 gNorm=0.429 lr=0.989 ms=2505.8 buf=500000 plies=94531216 games=1431101 rejected=0 skipped=0 epoch=0 mom=0.8501 lrCyc[pk=9.9e-01,tr=1.0e-03] trainerStep=11050
[LAYER-HEALTH] live trainerStep=11050 scope=batch_norm_state_only reluSites=9/10 ch=1040 dead=0 off=0 alwaysOn=0 worst=none maxBetaOverGamma=+1.75@policy.pre_bn[60] minBetaOverGamma=-1.80@blocks.2.bn2[85] rvMaxOverMedian=24.6@blocks.1.bn1[14] rezero=none nonFinite=0
[REPLAY] step=11100 loss=3.5723 pLoss=2.7662 vLoss=0.7956 pEnt=2.850 pIllM=0.0105 playedP=0.163 pW=0.48 pD=0.07 pL=0.45 vAbs=0.244 pLogitMean=-8.5956 vLogitMean=0.6378 gNorm=0.356 lr=0.984 ms=2263.1 buf=500000 plies=94957918 games=1437522 rejected=0 skipped=0 epoch=0 mom=0.8501 lrCyc[pk=9.9e-01,tr=1.0e-03] trainerStep=11100
[LAYER-HEALTH] live trainerStep=11100 scope=batch_norm_state_only reluSites=9/10 ch=1040 dead=0 off=0 alwaysOn=0 worst=none maxBetaOverGamma=+1.82@policy.pre_bn[60] minBetaOverGamma=-1.86@blocks.2.bn2[85] rvMaxOverMedian=25.8@blocks.1.bn1[14] rezero=none nonFinite=0
[REPLAY] step=11150 loss=3.5924 pLoss=2.7963 vLoss=0.7859 pEnt=2.915 pIllM=0.0102 playedP=0.148 pW=0.46 pD=0.07 pL=0.47 vAbs=0.233 pLogitMean=-8.6645 vLogitMean=0.6396 gNorm=0.356 lr=0.976 ms=2427.7 buf=500000 plies=95384474 games=1443913 rejected=0 skipped=0 epoch=0 mom=0.8503 lrCyc[pk=9.9e-01,tr=1.0e-03] trainerStep=11150
[LAYER-HEALTH] live trainerStep=11150 scope=batch_norm_state_only reluSites=9/10 ch=1040 dead=0 off=0 alwaysOn=0 worst=none maxBetaOverGamma=+1.83@policy.pre_bn[60] minBetaOverGamma=-1.89@blocks.2.bn2[85] rvMaxOverMedian=26.9@blocks.1.bn1[14] rezero=none nonFinite=0
[REPLAY] step=11200 loss=3.5441 pLoss=2.7254 vLoss=0.8094 pEnt=2.901 pIllM=0.0092 playedP=0.150 pW=0.44 pD=0.07 pL=0.49 vAbs=0.277 pLogitMean=-8.7267 vLogitMean=0.6513 gNorm=0.393 lr=0.964 ms=2225.6 buf=500000 plies=95811119 games=1450341 rejected=0 skipped=0 epoch=0 mom=0.8504 lrCyc[pk=9.9e-01,tr=1.0e-03] trainerStep=11200
[LAYER-HEALTH] live trainerStep=11200 scope=batch_norm_state_only reluSites=9/10 ch=1040 dead=0 off=0 alwaysOn=0 worst=none maxBetaOverGamma=+1.89@policy.pre_bn[60] minBetaOverGamma=-1.83@blocks.2.bn2[85] rvMaxOverMedian=28.1@blocks.1.bn1[14] rezero=none nonFinite=0
[REPLAY] step=11250 loss=3.5451 pLoss=2.7646 vLoss=0.7725 pEnt=2.888 pIllM=0.0080 playedP=0.152 pW=0.46 pD=0.06 pL=0.48 vAbs=0.264 pLogitMean=-8.7832 vLogitMean=0.6321 gNorm=0.419 lr=0.949 ms=2577.0 buf=500000 plies=96237838 games=1456769 rejected=0 skipped=0 epoch=0 mom=0.8507 lrCyc[pk=9.9e-01,tr=1.0e-03] trainerStep=11250
[LAYER-HEALTH] live trainerStep=11250 scope=batch_norm_state_only reluSites=9/10 ch=1040 dead=0 off=0 alwaysOn=0 worst=none maxBetaOverGamma=+1.84@policy.pre_bn[60] minBetaOverGamma=-1.83@blocks.2.bn2[85] rvMaxOverMedian=28.4@blocks.1.bn1[14] rezero=none nonFinite=0
[REPLAY] step=11300 loss=3.5411 pLoss=2.7555 vLoss=0.7773 pEnt=2.871 pIllM=0.0084 playedP=0.165 pW=0.47 pD=0.06 pL=0.47 vAbs=0.240 pLogitMean=-8.8807 vLogitMean=0.6358 gNorm=0.339 lr=0.932 ms=2777.2 buf=500000 plies=96664470 games=1463271 rejected=0 skipped=0 epoch=0 mom=0.8509 lrCyc[pk=9.9e-01,tr=1.0e-03] trainerStep=11300
[LAYER-HEALTH] live trainerStep=11300 scope=batch_norm_state_only reluSites=9/10 ch=1040 dead=0 off=0 alwaysOn=0 worst=none maxBetaOverGamma=+1.68@policy.pre_bn[60] minBetaOverGamma=-1.86@blocks.2.bn2[85] rvMaxOverMedian=28.5@blocks.1.bn1[14] rezero=none nonFinite=0
[REPLAY] step=11350 loss=3.5572 pLoss=2.7640 vLoss=0.7847 pEnt=2.825 pIllM=0.0085 playedP=0.169 pW=0.49 pD=0.07 pL=0.45 vAbs=0.254 pLogitMean=-8.9164 vLogitMean=0.6456 gNorm=0.457 lr=0.912 ms=2871.4 buf=500000 plies=97091112 games=1469698 rejected=0 skipped=0 epoch=0 mom=0.8513 lrCyc[pk=9.9e-01,tr=1.0e-03] trainerStep=11350
[LAYER-HEALTH] live trainerStep=11350 scope=batch_norm_state_only reluSites=9/10 ch=1040 dead=0 off=0 alwaysOn=0 worst=none maxBetaOverGamma=+1.72@policy.pre_bn[60] minBetaOverGamma=-1.88@blocks.2.bn2[85] rvMaxOverMedian=29.5@blocks.1.bn1[14] rezero=none nonFinite=0
[REPLAY] step=11400 loss=3.5738 pLoss=2.7843 vLoss=0.7807 pEnt=2.873 pIllM=0.0088 playedP=0.159 pW=0.48 pD=0.06 pL=0.46 vAbs=0.249 pLogitMean=-8.9590 vLogitMean=0.6416 gNorm=0.339 lr=0.889 ms=2855.6 buf=500000 plies=97517788 games=1476118 rejected=0 skipped=0 epoch=0 mom=0.8516 lrCyc[pk=9.9e-01,tr=1.0e-03] trainerStep=11400
[LAYER-HEALTH] live trainerStep=11400 scope=batch_norm_state_only reluSites=9/10 ch=1040 dead=0 off=0 alwaysOn=0 worst=none maxBetaOverGamma=+1.81@policy.pre_bn[60] minBetaOverGamma=-1.86@blocks.2.bn2[85] rvMaxOverMedian=30.5@blocks.1.bn1[14] rezero=none nonFinite=0
[REPLAY] step=11450 loss=3.5704 pLoss=2.7620 vLoss=0.8002 pEnt=2.843 pIllM=0.0082 playedP=0.164 pW=0.48 pD=0.07 pL=0.44 vAbs=0.258 pLogitMean=-9.0049 vLogitMean=0.6212 gNorm=0.364 lr=0.864 ms=2626.0 buf=500000 plies=97944394 games=1482558 rejected=0 skipped=0 epoch=0 mom=0.8520 lrCyc[pk=9.9e-01,tr=1.0e-03] trainerStep=11450
[LAYER-HEALTH] live trainerStep=11450 scope=batch_norm_state_only reluSites=9/10 ch=1040 dead=0 off=0 alwaysOn=0 worst=none maxBetaOverGamma=+1.78@policy.pre_bn[60] minBetaOverGamma=-1.83@blocks.2.bn2[85] rvMaxOverMedian=31.5@blocks.1.bn1[14] rezero=none nonFinite=0
[REPLAY] step=11500 loss=3.5373 pLoss=2.7303 vLoss=0.7989 pEnt=2.835 pIllM=0.0082 playedP=0.168 pW=0.47 pD=0.07 pL=0.46 vAbs=0.250 pLogitMean=-9.0396 vLogitMean=0.6120 gNorm=0.341 lr=0.836 ms=2721.9 buf=500000 plies=98371019 games=1488938 rejected=0 skipped=0 epoch=0 mom=0.8525 lrCyc[pk=9.9e-01,tr=1.0e-03] trainerStep=11500
[LAYER-HEALTH] live trainerStep=11500 scope=batch_norm_state_only reluSites=9/10 ch=1040 dead=0 off=0 alwaysOn=0 worst=none maxBetaOverGamma=+1.77@policy.pre_bn[60] minBetaOverGamma=-1.80@blocks.2.bn2[85] rvMaxOverMedian=30.9@blocks.1.bn1[14] rezero=none nonFinite=0
[REPLAY] step=11550 loss=3.5158 pLoss=2.7304 vLoss=0.7767 pEnt=2.860 pIllM=0.0088 playedP=0.163 pW=0.45 pD=0.08 pL=0.47 vAbs=0.259 pLogitMean=-9.0755 vLogitMean=0.6175 gNorm=0.337 lr=0.808 ms=3247.8 buf=500000 plies=98797696 games=1495356 rejected=0 skipped=0 epoch=0 mom=0.8530 lrCyc[pk=9.9e-01,tr=1.0e-03] trainerStep=11550
[LAYER-HEALTH] live trainerStep=11550 scope=batch_norm_state_only reluSites=9/10 ch=1040 dead=0 off=0 alwaysOn=0 worst=none maxBetaOverGamma=+1.67@policy.pre_bn[61] minBetaOverGamma=-1.88@blocks.2.bn2[85] rvMaxOverMedian=32.8@blocks.1.bn1[14] rezero=none nonFinite=0
[REPLAY] step=11600 loss=3.5329 pLoss=2.7271 vLoss=0.7983 pEnt=2.844 pIllM=0.0075 playedP=0.166 pW=0.45 pD=0.07 pL=0.48 vAbs=0.250 pLogitMean=-9.1149 vLogitMean=0.6185 gNorm=0.359 lr=0.777 ms=2240.3 buf=500000 plies=99224335 games=1501845 rejected=0 skipped=0 epoch=0 mom=0.8536 lrCyc[pk=9.9e-01,tr=1.0e-03] trainerStep=11600
[LAYER-HEALTH] live trainerStep=11600 scope=batch_norm_state_only reluSites=9/10 ch=1040 dead=0 off=0 alwaysOn=0 worst=none maxBetaOverGamma=+1.81@policy.pre_bn[60] minBetaOverGamma=-1.84@blocks.2.bn2[85] rvMaxOverMedian=33.6@blocks.1.bn1[14] rezero=none nonFinite=0
[REPLAY] step=11650 loss=3.5733 pLoss=2.7643 vLoss=0.8021 pEnt=2.887 pIllM=0.0069 playedP=0.161 pW=0.46 pD=0.06 pL=0.47 vAbs=0.227 pLogitMean=-9.1430 vLogitMean=0.6155 gNorm=0.295 lr=0.746 ms=2277.5 buf=500000 plies=99650976 games=1508224 rejected=0 skipped=0 epoch=0 mom=0.8542 lrCyc[pk=9.9e-01,tr=1.0e-03] trainerStep=11650
[LAYER-HEALTH] live trainerStep=11650 scope=batch_norm_state_only reluSites=9/10 ch=1040 dead=0 off=0 alwaysOn=0 worst=none maxBetaOverGamma=+1.84@policy.pre_bn[60] minBetaOverGamma=-1.87@blocks.2.bn2[85] rvMaxOverMedian=34.9@blocks.1.bn1[14] rezero=none nonFinite=0
[REPLAY] step=11700 loss=3.5293 pLoss=2.7289 vLoss=0.7937 pEnt=2.871 pIllM=0.0066 playedP=0.163 pW=0.48 pD=0.06 pL=0.46 vAbs=0.262 pLogitMean=-9.1709 vLogitMean=0.6174 gNorm=0.311 lr=0.713 ms=2522.1 buf=500000 plies=100077631 games=1514614 rejected=0 skipped=0 epoch=0 mom=0.8548 lrCyc[pk=9.9e-01,tr=1.0e-03] trainerStep=11700
[LAYER-HEALTH] live trainerStep=11700 scope=batch_norm_state_only reluSites=9/10 ch=1040 dead=0 off=0 alwaysOn=0 worst=none maxBetaOverGamma=+1.78@policy.pre_bn[60] minBetaOverGamma=-1.83@blocks.2.bn2[85] rvMaxOverMedian=36.5@blocks.1.bn1[14] rezero=none nonFinite=0
[REPLAY] step=11750 loss=3.5453 pLoss=2.7380 vLoss=0.8007 pEnt=2.884 pIllM=0.0065 playedP=0.158 pW=0.47 pD=0.07 pL=0.46 vAbs=0.254 pLogitMean=-9.1979 vLogitMean=0.6161 gNorm=0.347 lr=0.68 ms=2697.3 buf=500000 plies=100504295 games=1521054 rejected=0 skipped=0 epoch=0 mom=0.8555 lrCyc[pk=9.9e-01,tr=1.0e-03] trainerStep=11750
[LAYER-HEALTH] live trainerStep=11750 scope=batch_norm_state_only reluSites=9/10 ch=1040 dead=0 off=0 alwaysOn=0 worst=none maxBetaOverGamma=+1.86@policy.pre_bn[60] minBetaOverGamma=-1.83@blocks.2.bn2[85] rvMaxOverMedian=37.2@blocks.1.bn1[14] rezero=none nonFinite=0
[REPLAY] step=11800 loss=3.5926 pLoss=2.7923 vLoss=0.7943 pEnt=2.846 pIllM=0.0060 playedP=0.168 pW=0.47 pD=0.07 pL=0.46 vAbs=0.219 pLogitMean=-9.2113 vLogitMean=0.6302 gNorm=0.308 lr=0.646 ms=3070.8 buf=500000 plies=100930926 games=1527536 rejected=0 skipped=0 epoch=0 mom=0.8562 lrCyc[pk=9.9e-01,tr=1.0e-03] trainerStep=11800
[LAYER-HEALTH] live trainerStep=11800 scope=batch_norm_state_only reluSites=9/10 ch=1040 dead=0 off=0 alwaysOn=0 worst=none maxBetaOverGamma=+1.85@policy.pre_bn[60] minBetaOverGamma=-1.85@blocks.2.bn2[85] rvMaxOverMedian=39.4@blocks.1.bn1[14] rezero=none nonFinite=0
[REPLAY] step=11850 loss=3.5222 pLoss=2.7379 vLoss=0.7780 pEnt=2.851 pIllM=0.0063 playedP=0.165 pW=0.47 pD=0.06 pL=0.47 vAbs=0.256 pLogitMean=-9.2134 vLogitMean=0.6309 gNorm=0.380 lr=0.612 ms=3015.7 buf=500000 plies=101357584 games=1533963 rejected=0 skipped=0 epoch=0 mom=0.8570 lrCyc[pk=9.9e-01,tr=1.0e-03] trainerStep=11850
[LAYER-HEALTH] live trainerStep=11850 scope=batch_norm_state_only reluSites=9/10 ch=1040 dead=0 off=0 alwaysOn=0 worst=none maxBetaOverGamma=+1.79@policy.pre_bn[60] minBetaOverGamma=-1.89@blocks.2.bn2[85] rvMaxOverMedian=40.0@blocks.1.bn1[14] rezero=none nonFinite=0
[REPLAY] step=11900 loss=3.5647 pLoss=2.7529 vLoss=0.8058 pEnt=2.845 pIllM=0.0060 playedP=0.170 pW=0.48 pD=0.07 pL=0.45 vAbs=0.255 pLogitMean=-9.2148 vLogitMean=0.6314 gNorm=0.312 lr=0.578 ms=2836.3 buf=500000 plies=101784238 games=1540330 rejected=0 skipped=0 epoch=0 mom=0.8578 lrCyc[pk=9.9e-01,tr=9.9e-04] trainerStep=11900
[LAYER-HEALTH] live trainerStep=11900 scope=batch_norm_state_only reluSites=9/10 ch=1040 dead=0 off=0 alwaysOn=0 worst=none maxBetaOverGamma=+1.82@policy.pre_bn[60] minBetaOverGamma=-1.89@blocks.2.bn2[85] rvMaxOverMedian=39.1@blocks.1.bn1[14] rezero=none nonFinite=0
[REPLAY] step=11950 loss=3.5648 pLoss=2.7393 vLoss=0.8200 pEnt=2.874 pIllM=0.0055 playedP=0.164 pW=0.46 pD=0.07 pL=0.48 vAbs=0.234 pLogitMean=-9.2190 vLogitMean=0.6286 gNorm=0.309 lr=0.545 ms=2566.2 buf=500000 plies=102210907 games=1546778 rejected=0 skipped=0 epoch=0 mom=0.8587 lrCyc[pk=9.9e-01,tr=9.9e-04] trainerStep=11950
[LAYER-HEALTH] live trainerStep=11950 scope=batch_norm_state_only reluSites=9/10 ch=1040 dead=0 off=0 alwaysOn=0 worst=none maxBetaOverGamma=+1.78@policy.pre_bn[60] minBetaOverGamma=-1.86@blocks.2.bn2[85] rvMaxOverMedian=39.5@blocks.1.bn1[14] rezero=none nonFinite=0
[REPLAY] step=12000 loss=3.5256 pLoss=2.7251 vLoss=0.7946 pEnt=2.866 pIllM=0.0059 playedP=0.167 pW=0.47 pD=0.07 pL=0.47 vAbs=0.250 pLogitMean=-9.2373 vLogitMean=0.6272 gNorm=0.320 lr=0.512 ms=3086.5 buf=500000 plies=102637558 games=1553208 rejected=0 skipped=0 epoch=0 mom=0.8596 lrCyc[pk=9.9e-01,tr=9.9e-04] trainerStep=12000
[LAYER-HEALTH] live trainerStep=12000 scope=batch_norm_state_only reluSites=9/10 ch=1040 dead=0 off=0 alwaysOn=0 worst=none maxBetaOverGamma=+1.80@policy.pre_bn[60] minBetaOverGamma=-1.85@blocks.2.bn2[85] rvMaxOverMedian=39.2@blocks.1.bn1[14] rezero=none nonFinite=0
[REPLAY] saved trainer model (autosave) step=12000 trainerStep=12000 nextGame=1553208 shard=3 epoch=0 -> 20261005-lrBleakyall-cyc1-replay-latest.safetensors
[LAYER-HEALTH] checkpoint replay-autosave step=12000 trainerStep=12000 scope=all_tensors reluSites=9/10 ch=1040 dead=0 off=0 alwaysOn=0 worst=none maxBetaOverGamma=+1.80@policy.pre_bn[60] minBetaOverGamma=-1.85@blocks.2.bn2[85] rvMaxOverMedian=39.2@blocks.1.bn1[14] rezero=none nonFinite=0 seZeroVel=none valueFC1ZeroVel=0/128 maxAbs=13.62@blocks.0.bn2.running_var
[LAYER-HEALTH]   batch-norm sites — β/|γ|: dead < -3.00, mostly off < -2.00, always on > +3.00; classified for relu/leaky_relu only
[LAYER-HEALTH]     site            act            ch   dead    off     on  zeroγ nonfin  min β/|γ| [ch]     max β/|γ| [ch]     rv max/median [ch]
[LAYER-HEALTH]     stem.bn         -             128    n/a    n/a    n/a      0      0     -0.98 [11]         +0.28 [26]            6.0 [88]
[LAYER-HEALTH]     blocks.0.bn1    leaky_relu    128      0      0      0      0      0     -0.71 [47]         +0.25 [18]            3.9 [14]
[LAYER-HEALTH]     blocks.0.bn2    leaky_relu    128      0      0      0      0      0     -1.21 [122]        -0.19 [49]            4.5 [96]
[LAYER-HEALTH]     blocks.1.bn1    leaky_relu    128      0      0      0      0      0     -1.28 [11]         -0.27 [31]           39.2 [14]
[LAYER-HEALTH]     blocks.1.bn2    leaky_relu    128      0      0      0      0      0     -1.65 [80]         -0.51 [23]            5.4 [32]
[LAYER-HEALTH]     blocks.2.bn1    leaky_relu    128      0      0      0      0      0     -1.73 [69]         +0.64 [31]           15.3 [31]
[LAYER-HEALTH]     blocks.2.bn2    leaky_relu    128      0      0      0      0      0     -1.85 [85]         -0.19 [55]            3.3 [26]
[LAYER-HEALTH]     tower_final_bn  leaky_relu    128      0      0      0      0      0     -0.59 [16]         +1.18 [61]            3.7 [31]
[LAYER-HEALTH]     policy.pre_bn   leaky_relu    128      0      0      0      0      0     -1.28 [7]          +1.80 [60]            2.5 [41]
[LAYER-HEALTH]     value.bn        leaky_relu     16      0      0      0      0      0     -1.52 [7]          -0.82 [1]             2.2 [14]
[LAYER-HEALTH]   FC hidden-unit velocity — zero: every weight-velocity entry exactly 0; low: nonzero but < 5% of the layer's p90 unit norm
[LAYER-HEALTH]     value.fc1.weight  leaky_relu  units 128  zero 0  low 4  median unit norm 0.005208
[LAYER-HEALTH]     (no SE blocks)
[LAYER-HEALTH]   ReZero: none
[LAYER-HEALTH]   non-finite: 0 values in 0 of 102 tensors (10263038 values examined)
[LAYER-HEALTH]   largest |value|: blocks.0.bn2.running_var 13.62, blocks.1.bn1.running_var 8.479, blocks.1.bn2.running_var 7.185, blocks.0.bn2.running_mean 5.862, policy.conv.bias 5.52
[REPLAY] enumerated checkpoint -> 20261005-lrBleakyall-cyc1-replay-step12000.safetensors
[REPLAY] step=12050 loss=3.5569 pLoss=2.7586 vLoss=0.7923 pEnt=2.841 pIllM=0.0060 playedP=0.173 pW=0.46 pD=0.07 pL=0.47 vAbs=0.242 pLogitMean=-9.2549 vLogitMean=0.6308 gNorm=0.309 lr=0.48 ms=3043.8 buf=500000 plies=103064218 games=1559704 rejected=0 skipped=0 epoch=0 mom=0.8605 lrCyc[pk=9.9e-01,tr=9.9e-04] trainerStep=12050
[LAYER-HEALTH] live trainerStep=12050 scope=batch_norm_state_only reluSites=9/10 ch=1040 dead=0 off=0 alwaysOn=0 worst=none maxBetaOverGamma=+1.75@policy.pre_bn[60] minBetaOverGamma=-1.85@blocks.2.bn2[85] rvMaxOverMedian=38.0@blocks.1.bn1[14] rezero=none nonFinite=0
[REPLAY] step=12100 loss=3.5277 pLoss=2.7166 vLoss=0.8059 pEnt=2.877 pIllM=0.0052 playedP=0.163 pW=0.47 pD=0.07 pL=0.46 vAbs=0.239 pLogitMean=-9.2842 vLogitMean=0.6264 gNorm=0.305 lr=0.448 ms=2866.5 buf=500000 plies=103490857 games=1566072 rejected=0 skipped=0 epoch=0 mom=0.8615 lrCyc[pk=9.9e-01,tr=9.9e-04] trainerStep=12100
[LAYER-HEALTH] live trainerStep=12100 scope=batch_norm_state_only reluSites=9/10 ch=1040 dead=0 off=0 alwaysOn=0 worst=none maxBetaOverGamma=+1.83@policy.pre_bn[60] minBetaOverGamma=-1.86@blocks.2.bn2[85] rvMaxOverMedian=38.3@blocks.1.bn1[14] rezero=none nonFinite=0
[REPLAY] step=12150 loss=3.5617 pLoss=2.7722 vLoss=0.7844 pEnt=2.875 pIllM=0.0051 playedP=0.166 pW=0.47 pD=0.06 pL=0.47 vAbs=0.247 pLogitMean=-9.2692 vLogitMean=0.6226 gNorm=0.283 lr=0.418 ms=2373.9 buf=500000 plies=103917479 games=1572556 rejected=0 skipped=0 epoch=0 mom=0.8625 lrCyc[pk=9.9e-01,tr=9.9e-04] trainerStep=12150
[LAYER-HEALTH] live trainerStep=12150 scope=batch_norm_state_only reluSites=9/10 ch=1040 dead=0 off=0 alwaysOn=0 worst=none maxBetaOverGamma=+1.78@policy.pre_bn[60] minBetaOverGamma=-1.85@blocks.2.bn2[85] rvMaxOverMedian=38.9@blocks.1.bn1[14] rezero=none nonFinite=0
[REPLAY] step=12200 loss=3.5122 pLoss=2.7197 vLoss=0.7883 pEnt=2.883 pIllM=0.0042 playedP=0.161 pW=0.46 pD=0.06 pL=0.49 vAbs=0.235 pLogitMean=-9.2785 vLogitMean=0.6205 gNorm=0.328 lr=0.388 ms=3276.0 buf=500000 plies=104344153 games=1579018 rejected=0 skipped=0 epoch=0 mom=0.8636 lrCyc[pk=9.9e-01,tr=9.9e-04] trainerStep=12200
[LAYER-HEALTH] live trainerStep=12200 scope=batch_norm_state_only reluSites=9/10 ch=1040 dead=0 off=0 alwaysOn=0 worst=none maxBetaOverGamma=+1.83@policy.pre_bn[60] minBetaOverGamma=-1.88@blocks.2.bn2[85] rvMaxOverMedian=39.2@blocks.1.bn1[14] rezero=none nonFinite=0
[REPLAY] step=12250 loss=3.5434 pLoss=2.7501 vLoss=0.7884 pEnt=2.836 pIllM=0.0049 playedP=0.177 pW=0.49 pD=0.06 pL=0.45 vAbs=0.252 pLogitMean=-9.2806 vLogitMean=0.6151 gNorm=0.292 lr=0.36 ms=2569.0 buf=500000 plies=104770780 games=1585527 rejected=0 skipped=0 epoch=0 mom=0.8647 lrCyc[pk=9.9e-01,tr=9.9e-04] trainerStep=12250
[LAYER-HEALTH] live trainerStep=12250 scope=batch_norm_state_only reluSites=9/10 ch=1040 dead=0 off=0 alwaysOn=0 worst=none maxBetaOverGamma=+1.92@policy.pre_bn[60] minBetaOverGamma=-1.87@blocks.2.bn2[85] rvMaxOverMedian=39.6@blocks.1.bn1[14] rezero=none nonFinite=0
[REPLAY] step=12300 loss=3.5700 pLoss=2.7664 vLoss=0.7985 pEnt=2.872 pIllM=0.0051 playedP=0.165 pW=0.47 pD=0.06 pL=0.47 vAbs=0.240 pLogitMean=-9.2685 vLogitMean=0.6201 gNorm=0.288 lr=0.333 ms=3061.0 buf=500000 plies=105197479 games=1592014 rejected=0 skipped=0 epoch=0 mom=0.8658 lrCyc[pk=9.9e-01,tr=9.9e-04] trainerStep=12300
[LAYER-HEALTH] live trainerStep=12300 scope=batch_norm_state_only reluSites=9/10 ch=1040 dead=0 off=0 alwaysOn=0 worst=none maxBetaOverGamma=+1.78@policy.pre_bn[60] minBetaOverGamma=-1.84@blocks.2.bn2[85] rvMaxOverMedian=40.1@blocks.1.bn1[14] rezero=none nonFinite=0
[REPLAY] step=12350 loss=3.5142 pLoss=2.7178 vLoss=0.7914 pEnt=2.871 pIllM=0.0050 playedP=0.168 pW=0.47 pD=0.06 pL=0.47 vAbs=0.240 pLogitMean=-9.2767 vLogitMean=0.6205 gNorm=0.303 lr=0.307 ms=2647.0 buf=500000 plies=105624114 games=1598470 rejected=0 skipped=0 epoch=0 mom=0.8670 lrCyc[pk=9.9e-01,tr=9.9e-04] trainerStep=12350
[LAYER-HEALTH] live trainerStep=12350 scope=batch_norm_state_only reluSites=9/10 ch=1040 dead=0 off=0 alwaysOn=0 worst=none maxBetaOverGamma=+1.75@policy.pre_bn[60] minBetaOverGamma=-1.84@blocks.2.bn2[85] rvMaxOverMedian=40.1@blocks.1.bn1[14] rezero=none nonFinite=0
[REPLAY] step=12400 loss=3.5088 pLoss=2.7113 vLoss=0.7934 pEnt=2.872 pIllM=0.0041 playedP=0.170 pW=0.46 pD=0.06 pL=0.48 vAbs=0.233 pLogitMean=-9.2810 vLogitMean=0.6224 gNorm=0.277 lr=0.283 ms=2296.0 buf=500000 plies=106050736 games=1605005 rejected=0 skipped=0 epoch=0 mom=0.8682 lrCyc[pk=9.9e-01,tr=9.9e-04] trainerStep=12400
[LAYER-HEALTH] live trainerStep=12400 scope=batch_norm_state_only reluSites=9/10 ch=1040 dead=0 off=0 alwaysOn=0 worst=none maxBetaOverGamma=+1.79@policy.pre_bn[60] minBetaOverGamma=-1.81@blocks.2.bn2[85] rvMaxOverMedian=40.4@blocks.1.bn1[14] rezero=none nonFinite=0
[REPLAY] step=12450 loss=3.5149 pLoss=2.7301 vLoss=0.7808 pEnt=2.840 pIllM=0.0041 playedP=0.177 pW=0.48 pD=0.07 pL=0.46 vAbs=0.236 pLogitMean=-9.2761 vLogitMean=0.6107 gNorm=0.268 lr=0.26 ms=2957.2 buf=500000 plies=106477396 games=1611495 rejected=0 skipped=0 epoch=0 mom=0.8694 lrCyc[pk=9.9e-01,tr=9.9e-04] trainerStep=12450
[LAYER-HEALTH] live trainerStep=12450 scope=batch_norm_state_only reluSites=9/10 ch=1040 dead=0 off=0 alwaysOn=0 worst=none maxBetaOverGamma=+1.83@policy.pre_bn[60] minBetaOverGamma=-1.83@blocks.2.bn2[85] rvMaxOverMedian=40.8@blocks.1.bn1[14] rezero=none nonFinite=0
[REPLAY] step=12500 loss=3.5125 pLoss=2.7183 vLoss=0.7902 pEnt=2.852 pIllM=0.0040 playedP=0.175 pW=0.48 pD=0.06 pL=0.46 vAbs=0.258 pLogitMean=-9.2721 vLogitMean=0.6146 gNorm=0.281 lr=0.239 ms=2877.0 buf=500000 plies=106904029 games=1617942 rejected=0 skipped=0 epoch=0 mom=0.8707 lrCyc[pk=9.9e-01,tr=9.9e-04] trainerStep=12500
[LAYER-HEALTH] live trainerStep=12500 scope=batch_norm_state_only reluSites=9/10 ch=1040 dead=0 off=0 alwaysOn=0 worst=none maxBetaOverGamma=+1.86@policy.pre_bn[60] minBetaOverGamma=-1.83@blocks.2.bn2[85] rvMaxOverMedian=40.8@blocks.1.bn1[14] rezero=none nonFinite=0
[REPLAY] step=12550 loss=3.5509 pLoss=2.7349 vLoss=0.8124 pEnt=2.858 pIllM=0.0037 playedP=0.172 pW=0.47 pD=0.07 pL=0.46 vAbs=0.230 pLogitMean=-9.2653 vLogitMean=0.6096 gNorm=0.274 lr=0.218 ms=3047.8 buf=500000 plies=107330712 games=1624390 rejected=0 skipped=0 epoch=0 mom=0.8719 lrCyc[pk=9.9e-01,tr=9.9e-04] trainerStep=12550
[LAYER-HEALTH] live trainerStep=12550 scope=batch_norm_state_only reluSites=9/10 ch=1040 dead=0 off=0 alwaysOn=0 worst=none maxBetaOverGamma=+1.81@policy.pre_bn[60] minBetaOverGamma=-1.82@blocks.2.bn2[85] rvMaxOverMedian=41.9@blocks.1.bn1[14] rezero=none nonFinite=0
[REPLAY] step=12600 loss=3.5444 pLoss=2.7319 vLoss=0.8082 pEnt=2.900 pIllM=0.0043 playedP=0.164 pW=0.47 pD=0.06 pL=0.47 vAbs=0.226 pLogitMean=-9.2669 vLogitMean=0.6095 gNorm=0.279 lr=0.199 ms=3087.9 buf=500000 plies=107757331 games=1630843 rejected=0 skipped=0 epoch=0 mom=0.8733 lrCyc[pk=9.9e-01,tr=9.9e-04] trainerStep=12600
[LAYER-HEALTH] live trainerStep=12600 scope=batch_norm_state_only reluSites=9/10 ch=1040 dead=0 off=0 alwaysOn=0 worst=none maxBetaOverGamma=+1.81@policy.pre_bn[60] minBetaOverGamma=-1.85@blocks.2.bn2[85] rvMaxOverMedian=42.8@blocks.1.bn1[14] rezero=none nonFinite=0
[REPLAY] step=12650 loss=3.4684 pLoss=2.6742 vLoss=0.7904 pEnt=2.846 pIllM=0.0038 playedP=0.173 pW=0.45 pD=0.07 pL=0.48 vAbs=0.253 pLogitMean=-9.2634 vLogitMean=0.6099 gNorm=0.301 lr=0.182 ms=3515.4 buf=500000 plies=108184014 games=1637243 rejected=0 skipped=0 epoch=0 mom=0.8746 lrCyc[pk=9.9e-01,tr=9.9e-04] trainerStep=12650
[LAYER-HEALTH] live trainerStep=12650 scope=batch_norm_state_only reluSites=9/10 ch=1040 dead=0 off=0 alwaysOn=0 worst=none maxBetaOverGamma=+1.77@policy.pre_bn[60] minBetaOverGamma=-1.81@blocks.2.bn2[85] rvMaxOverMedian=42.7@blocks.1.bn1[14] rezero=none nonFinite=0
[REPLAY] step=12700 loss=3.5665 pLoss=2.7370 vLoss=0.8259 pEnt=2.850 pIllM=0.0036 playedP=0.172 pW=0.46 pD=0.07 pL=0.46 vAbs=0.234 pLogitMean=-9.2750 vLogitMean=0.6129 gNorm=0.296 lr=0.165 ms=3315.4 buf=500000 plies=108610648 games=1643670 rejected=0 skipped=0 epoch=0 mom=0.8760 lrCyc[pk=9.9e-01,tr=9.9e-04] trainerStep=12700
[LAYER-HEALTH] live trainerStep=12700 scope=batch_norm_state_only reluSites=9/10 ch=1040 dead=0 off=0 alwaysOn=0 worst=none maxBetaOverGamma=+1.75@policy.pre_bn[60] minBetaOverGamma=-1.82@blocks.2.bn2[85] rvMaxOverMedian=42.9@blocks.1.bn1[14] rezero=none nonFinite=0
[REPLAY] step=12750 loss=3.5903 pLoss=2.7744 vLoss=0.8123 pEnt=2.868 pIllM=0.0036 playedP=0.171 pW=0.46 pD=0.07 pL=0.47 vAbs=0.224 pLogitMean=-9.2695 vLogitMean=0.6181 gNorm=0.277 lr=0.15 ms=3080.0 buf=500000 plies=109037288 games=1650138 rejected=0 skipped=0 epoch=0 mom=0.8773 lrCyc[pk=9.9e-01,tr=9.9e-04] trainerStep=12750
[LAYER-HEALTH] live trainerStep=12750 scope=batch_norm_state_only reluSites=9/10 ch=1040 dead=0 off=0 alwaysOn=0 worst=none maxBetaOverGamma=+1.77@policy.pre_bn[60] minBetaOverGamma=-1.81@blocks.2.bn2[85] rvMaxOverMedian=43.0@blocks.1.bn1[14] rezero=none nonFinite=0
[REPLAY] step=12800 loss=3.5293 pLoss=2.7126 vLoss=0.8133 pEnt=2.874 pIllM=0.0033 playedP=0.172 pW=0.47 pD=0.07 pL=0.46 vAbs=0.232 pLogitMean=-9.2691 vLogitMean=0.6183 gNorm=0.288 lr=0.136 ms=3033.0 buf=500000 plies=109463922 games=1656544 rejected=0 skipped=0 epoch=0 mom=0.8788 lrCyc[pk=9.9e-01,tr=9.9e-04] trainerStep=12800
[LAYER-HEALTH] live trainerStep=12800 scope=batch_norm_state_only reluSites=9/10 ch=1040 dead=0 off=0 alwaysOn=0 worst=none maxBetaOverGamma=+1.81@policy.pre_bn[60] minBetaOverGamma=-1.81@blocks.2.bn2[85] rvMaxOverMedian=41.9@blocks.1.bn1[14] rezero=none nonFinite=0
[REPLAY] step=12850 loss=3.5094 pLoss=2.7114 vLoss=0.7950 pEnt=2.886 pIllM=0.0030 playedP=0.166 pW=0.47 pD=0.07 pL=0.46 vAbs=0.241 pLogitMean=-9.2727 vLogitMean=0.6160 gNorm=0.264 lr=0.124 ms=2991.0 buf=500000 plies=109890618 games=1663032 rejected=0 skipped=0 epoch=0 mom=0.8802 lrCyc[pk=9.9e-01,tr=9.9e-04] trainerStep=12850
[LAYER-HEALTH] live trainerStep=12850 scope=batch_norm_state_only reluSites=9/10 ch=1040 dead=0 off=0 alwaysOn=0 worst=none maxBetaOverGamma=+1.83@policy.pre_bn[60] minBetaOverGamma=-1.81@blocks.2.bn2[85] rvMaxOverMedian=42.7@blocks.1.bn1[14] rezero=none nonFinite=0
[REPLAY] step=12900 loss=3.5421 pLoss=2.7205 vLoss=0.8185 pEnt=2.877 pIllM=0.0032 playedP=0.171 pW=0.47 pD=0.07 pL=0.46 vAbs=0.245 pLogitMean=-9.2667 vLogitMean=0.6133 gNorm=0.262 lr=0.112 ms=3506.9 buf=500000 plies=110317220 games=1669476 rejected=0 skipped=0 epoch=0 mom=0.8816 lrCyc[pk=9.9e-01,tr=9.9e-04] trainerStep=12900
[LAYER-HEALTH] live trainerStep=12900 scope=batch_norm_state_only reluSites=9/10 ch=1040 dead=0 off=0 alwaysOn=0 worst=none maxBetaOverGamma=+1.82@policy.pre_bn[60] minBetaOverGamma=-1.81@blocks.2.bn2[85] rvMaxOverMedian=42.9@blocks.1.bn1[14] rezero=none nonFinite=0
[REPLAY] step=12950 loss=3.5662 pLoss=2.7446 vLoss=0.8182 pEnt=2.860 pIllM=0.0034 playedP=0.173 pW=0.47 pD=0.07 pL=0.46 vAbs=0.225 pLogitMean=-9.2671 vLogitMean=0.6160 gNorm=0.260 lr=0.101 ms=3326.5 buf=500000 plies=110743962 games=1675872 rejected=0 skipped=0 epoch=0 mom=0.8831 lrCyc[pk=9.9e-01,tr=9.9e-04] trainerStep=12950
[LAYER-HEALTH] live trainerStep=12950 scope=batch_norm_state_only reluSites=9/10 ch=1040 dead=0 off=0 alwaysOn=0 worst=none maxBetaOverGamma=+1.82@policy.pre_bn[60] minBetaOverGamma=-1.81@blocks.2.bn2[85] rvMaxOverMedian=42.3@blocks.1.bn1[14] rezero=none nonFinite=0
[REPLAY] step=13000 loss=3.5328 pLoss=2.7265 vLoss=0.8030 pEnt=2.861 pIllM=0.0033 playedP=0.171 pW=0.46 pD=0.07 pL=0.47 vAbs=0.233 pLogitMean=-9.2594 vLogitMean=0.6160 gNorm=0.268 lr=0.0911 ms=3306.1 buf=500000 plies=111170539 games=1682291 rejected=0 skipped=0 epoch=0 mom=0.8846 lrCyc[pk=9.9e-01,tr=9.9e-04] trainerStep=13000
[LAYER-HEALTH] live trainerStep=13000 scope=batch_norm_state_only reluSites=9/10 ch=1040 dead=0 off=0 alwaysOn=0 worst=none maxBetaOverGamma=+1.84@policy.pre_bn[60] minBetaOverGamma=-1.81@blocks.2.bn2[85] rvMaxOverMedian=42.1@blocks.1.bn1[14] rezero=none nonFinite=0
[REPLAY] saved trainer model (autosave) step=13000 trainerStep=13000 nextGame=1682291 shard=3 epoch=0 -> 20261005-lrBleakyall-cyc1-replay-latest.safetensors
[LAYER-HEALTH] checkpoint replay-autosave step=13000 trainerStep=13000 scope=all_tensors reluSites=9/10 ch=1040 dead=0 off=0 alwaysOn=0 worst=none maxBetaOverGamma=+1.84@policy.pre_bn[60] minBetaOverGamma=-1.81@blocks.2.bn2[85] rvMaxOverMedian=42.1@blocks.1.bn1[14] rezero=none nonFinite=0 seZeroVel=none valueFC1ZeroVel=0/128 maxAbs=13.54@blocks.0.bn2.running_var
[LAYER-HEALTH]   batch-norm sites — β/|γ|: dead < -3.00, mostly off < -2.00, always on > +3.00; classified for relu/leaky_relu only
[LAYER-HEALTH]     site            act            ch   dead    off     on  zeroγ nonfin  min β/|γ| [ch]     max β/|γ| [ch]     rv max/median [ch]
[LAYER-HEALTH]     stem.bn         -             128    n/a    n/a    n/a      0      0     -1.04 [11]         +0.30 [26]            3.5 [88]
[LAYER-HEALTH]     blocks.0.bn1    leaky_relu    128      0      0      0      0      0     -0.74 [47]         +0.27 [18]            4.0 [14]
[LAYER-HEALTH]     blocks.0.bn2    leaky_relu    128      0      0      0      0      0     -1.21 [122]        -0.07 [49]            4.7 [96]
[LAYER-HEALTH]     blocks.1.bn1    leaky_relu    128      0      0      0      0      0     -1.31 [11]         -0.28 [31]           42.1 [14]
[LAYER-HEALTH]     blocks.1.bn2    leaky_relu    128      0      0      0      0      0     -1.64 [80]         -0.47 [110]           5.3 [32]
[LAYER-HEALTH]     blocks.2.bn1    leaky_relu    128      0      0      0      0      0     -1.75 [69]         +0.67 [31]           39.9 [76]
[LAYER-HEALTH]     blocks.2.bn2    leaky_relu    128      0      0      0      0      0     -1.81 [85]         -0.16 [46]            3.4 [26]
[LAYER-HEALTH]     tower_final_bn  leaky_relu    128      0      0      0      0      0     -0.57 [16]         +1.30 [61]            4.2 [76]
[LAYER-HEALTH]     policy.pre_bn   leaky_relu    128      0      0      0      0      0     -1.29 [7]          +1.84 [60]            2.5 [22]
[LAYER-HEALTH]     value.bn        leaky_relu     16      0      0      0      0      0     -1.61 [12]         -0.66 [1]             2.4 [14]
[LAYER-HEALTH]   FC hidden-unit velocity — zero: every weight-velocity entry exactly 0; low: nonzero but < 5% of the layer's p90 unit norm
[LAYER-HEALTH]     value.fc1.weight  leaky_relu  units 128  zero 0  low 6  median unit norm 0.004144
[LAYER-HEALTH]     (no SE blocks)
[LAYER-HEALTH]   ReZero: none
[LAYER-HEALTH]   non-finite: 0 values in 0 of 102 tensors (10263038 values examined)
[LAYER-HEALTH]   largest |value|: blocks.0.bn2.running_var 13.54, blocks.2.bn1.running_var 9.438, blocks.1.bn1.running_var 8.209, blocks.1.bn2.running_var 6.019, policy.conv.bias 5.614
[REPLAY] enumerated checkpoint -> 20261005-lrBleakyall-cyc1-replay-step13000.safetensors
[REPLAY] step=13050 loss=3.5286 pLoss=2.7261 vLoss=0.7991 pEnt=2.853 pIllM=0.0034 playedP=0.174 pW=0.47 pD=0.06 pL=0.46 vAbs=0.243 pLogitMean=-9.2658 vLogitMean=0.6143 gNorm=0.262 lr=0.0821 ms=2071.7 buf=500000 plies=111597216 games=1688630 rejected=0 skipped=0 epoch=0 mom=0.8861 lrCyc[pk=9.9e-01,tr=9.9e-04] trainerStep=13050
[LAYER-HEALTH] live trainerStep=13050 scope=batch_norm_state_only reluSites=9/10 ch=1040 dead=0 off=0 alwaysOn=0 worst=none maxBetaOverGamma=+1.84@policy.pre_bn[60] minBetaOverGamma=-1.81@blocks.2.bn2[85] rvMaxOverMedian=43.1@blocks.1.bn1[14] rezero=none nonFinite=0
[REPLAY] step=13100 loss=3.5558 pLoss=2.7298 vLoss=0.8224 pEnt=2.846 pIllM=0.0035 playedP=0.178 pW=0.47 pD=0.07 pL=0.46 vAbs=0.225 pLogitMean=-9.2756 vLogitMean=0.6147 gNorm=0.276 lr=0.074 ms=2072.5 buf=500000 plies=112023845 games=1695067 rejected=0 skipped=0 epoch=0 mom=0.8876 lrCyc[pk=9.9e-01,tr=9.9e-04] trainerStep=13100
[LAYER-HEALTH] live trainerStep=13100 scope=batch_norm_state_only reluSites=9/10 ch=1040 dead=0 off=0 alwaysOn=0 worst=none maxBetaOverGamma=+1.84@policy.pre_bn[60] minBetaOverGamma=-1.81@blocks.2.bn2[85] rvMaxOverMedian=43.5@blocks.1.bn1[14] rezero=none nonFinite=0
[REPLAY] step=13150 loss=3.5696 pLoss=2.7612 vLoss=0.8053 pEnt=2.879 pIllM=0.0030 playedP=0.173 pW=0.47 pD=0.06 pL=0.47 vAbs=0.229 pLogitMean=-9.2713 vLogitMean=0.6146 gNorm=0.254 lr=0.0666 ms=2420.9 buf=500000 plies=112450470 games=1701471 rejected=0 skipped=0 epoch=0 mom=0.8891 lrCyc[pk=9.9e-01,tr=9.9e-04] trainerStep=13150
[LAYER-HEALTH] live trainerStep=13150 scope=batch_norm_state_only reluSites=9/10 ch=1040 dead=0 off=0 alwaysOn=0 worst=none maxBetaOverGamma=+1.81@policy.pre_bn[60] minBetaOverGamma=-1.80@blocks.2.bn2[85] rvMaxOverMedian=43.6@blocks.1.bn1[14] rezero=none nonFinite=0
[REPLAY] step=13200 loss=3.5365 pLoss=2.7299 vLoss=0.8037 pEnt=2.854 pIllM=0.0030 playedP=0.174 pW=0.47 pD=0.07 pL=0.46 vAbs=0.236 pLogitMean=-9.2708 vLogitMean=0.6152 gNorm=0.257 lr=0.0599 ms=2889.9 buf=500000 plies=112877126 games=1707881 rejected=0 skipped=0 epoch=0 mom=0.8907 lrCyc[pk=9.9e-01,tr=9.9e-04] trainerStep=13200
[LAYER-HEALTH] live trainerStep=13200 scope=batch_norm_state_only reluSites=9/10 ch=1040 dead=0 off=0 alwaysOn=0 worst=none maxBetaOverGamma=+1.81@policy.pre_bn[60] minBetaOverGamma=-1.80@blocks.2.bn2[85] rvMaxOverMedian=43.9@blocks.1.bn1[14] rezero=none nonFinite=0
[REPLAY] step=13250 loss=3.5315 pLoss=2.7162 vLoss=0.8124 pEnt=2.880 pIllM=0.0029 playedP=0.169 pW=0.46 pD=0.07 pL=0.47 vAbs=0.246 pLogitMean=-9.2674 vLogitMean=0.6144 gNorm=0.287 lr=0.0538 ms=2128.2 buf=500000 plies=113303849 games=1714229 rejected=0 skipped=0 epoch=0 mom=0.8922 lrCyc[pk=9.9e-01,tr=9.9e-04] trainerStep=13250
[LAYER-HEALTH] live trainerStep=13250 scope=batch_norm_state_only reluSites=9/10 ch=1040 dead=0 off=0 alwaysOn=0 worst=none maxBetaOverGamma=+1.83@policy.pre_bn[60] minBetaOverGamma=-1.80@blocks.2.bn2[85] rvMaxOverMedian=43.3@blocks.1.bn1[14] rezero=none nonFinite=0
[REPLAY] step=13300 loss=3.5227 pLoss=2.7086 vLoss=0.8113 pEnt=2.871 pIllM=0.0027 playedP=0.175 pW=0.47 pD=0.07 pL=0.47 vAbs=0.233 pLogitMean=-9.2708 vLogitMean=0.6173 gNorm=0.271 lr=0.0483 ms=2200.1 buf=500000 plies=113730454 games=1720682 rejected=0 skipped=0 epoch=0 mom=0.8938 lrCyc[pk=9.9e-01,tr=9.9e-04] trainerStep=13300
[LAYER-HEALTH] live trainerStep=13300 scope=batch_norm_state_only reluSites=9/10 ch=1040 dead=0 off=0 alwaysOn=0 worst=none maxBetaOverGamma=+1.83@policy.pre_bn[60] minBetaOverGamma=-1.80@blocks.2.bn2[85] rvMaxOverMedian=43.2@blocks.1.bn1[14] rezero=none nonFinite=0
[REPLAY] step=13350 loss=3.5536 pLoss=2.7507 vLoss=0.7998 pEnt=2.866 pIllM=0.0032 playedP=0.171 pW=0.47 pD=0.07 pL=0.46 vAbs=0.235 pLogitMean=-9.2700 vLogitMean=0.6159 gNorm=0.254 lr=0.0434 ms=2401.3 buf=500000 plies=114157069 games=1727118 rejected=0 skipped=0 epoch=0 mom=0.8953 lrCyc[pk=9.9e-01,tr=9.9e-04] trainerStep=13350
[LAYER-HEALTH] live trainerStep=13350 scope=batch_norm_state_only reluSites=9/10 ch=1040 dead=0 off=0 alwaysOn=0 worst=none maxBetaOverGamma=+1.82@policy.pre_bn[60] minBetaOverGamma=-1.80@blocks.2.bn2[85] rvMaxOverMedian=43.4@blocks.1.bn1[14] rezero=none nonFinite=0
[REPLAY] step=13400 loss=3.5529 pLoss=2.7420 vLoss=0.8080 pEnt=2.890 pIllM=0.0029 playedP=0.168 pW=0.47 pD=0.07 pL=0.46 vAbs=0.240 pLogitMean=-9.2687 vLogitMean=0.6190 gNorm=0.277 lr=0.0389 ms=2276.5 buf=500000 plies=114583740 games=1733538 rejected=0 skipped=0 epoch=0 mom=0.8969 lrCyc[pk=9.9e-01,tr=9.9e-04] trainerStep=13400
[LAYER-HEALTH] live trainerStep=13400 scope=batch_norm_state_only reluSites=9/10 ch=1040 dead=0 off=0 alwaysOn=0 worst=none maxBetaOverGamma=+1.83@policy.pre_bn[60] minBetaOverGamma=-1.79@blocks.2.bn2[85] rvMaxOverMedian=43.9@blocks.1.bn1[14] rezero=none nonFinite=0
[REPLAY] step=13450 loss=3.5520 pLoss=2.7260 vLoss=0.8232 pEnt=2.864 pIllM=0.0028 playedP=0.175 pW=0.47 pD=0.07 pL=0.46 vAbs=0.239 pLogitMean=-9.2704 vLogitMean=0.6156 gNorm=0.277 lr=0.0349 ms=2732.6 buf=500000 plies=115010420 games=1739943 rejected=0 skipped=0 epoch=0 mom=0.8985 lrCyc[pk=9.9e-01,tr=9.9e-04] trainerStep=13450
[LAYER-HEALTH] live trainerStep=13450 scope=batch_norm_state_only reluSites=9/10 ch=1040 dead=0 off=0 alwaysOn=0 worst=none maxBetaOverGamma=+1.82@policy.pre_bn[60] minBetaOverGamma=-1.79@blocks.2.bn2[85] rvMaxOverMedian=44.3@blocks.1.bn1[14] rezero=none nonFinite=0
[REPLAY] step=13500 loss=3.5038 pLoss=2.6968 vLoss=0.8042 pEnt=2.863 pIllM=0.0028 playedP=0.171 pW=0.47 pD=0.07 pL=0.47 vAbs=0.242 pLogitMean=-9.2661 vLogitMean=0.6161 gNorm=0.279 lr=0.0314 ms=2268.4 buf=500000 plies=115437054 games=1746327 rejected=0 skipped=0 epoch=0 mom=0.9000 lrCyc[pk=9.9e-01,tr=9.9e-04] trainerStep=13500
[LAYER-HEALTH] live trainerStep=13500 scope=batch_norm_state_only reluSites=9/10 ch=1040 dead=0 off=0 alwaysOn=0 worst=none maxBetaOverGamma=+1.81@policy.pre_bn[60] minBetaOverGamma=-1.80@blocks.2.bn2[85] rvMaxOverMedian=44.5@blocks.1.bn1[14] rezero=none nonFinite=0
[REPLAY] step=13550 loss=3.5127 pLoss=2.7108 vLoss=0.7993 pEnt=2.869 pIllM=0.0026 playedP=0.175 pW=0.47 pD=0.07 pL=0.47 vAbs=0.243 pLogitMean=-9.2694 vLogitMean=0.6179 gNorm=0.279 lr=0.0281 ms=2916.0 buf=500000 plies=115863683 games=1752747 rejected=0 skipped=0 epoch=0 mom=0.9016 lrCyc[pk=9.9e-01,tr=9.9e-04] trainerStep=13550
[LAYER-HEALTH] live trainerStep=13550 scope=batch_norm_state_only reluSites=9/10 ch=1040 dead=0 off=0 alwaysOn=0 worst=none maxBetaOverGamma=+1.82@policy.pre_bn[60] minBetaOverGamma=-1.80@blocks.2.bn2[85] rvMaxOverMedian=44.5@blocks.1.bn1[14] rezero=none nonFinite=0
[REPLAY] step=13600 loss=3.5121 pLoss=2.7022 vLoss=0.8071 pEnt=2.868 pIllM=0.0029 playedP=0.171 pW=0.47 pD=0.06 pL=0.47 vAbs=0.228 pLogitMean=-9.2707 vLogitMean=0.6184 gNorm=0.257 lr=0.0252 ms=2343.3 buf=500000 plies=116290329 games=1759226 rejected=0 skipped=0 epoch=0 mom=0.9032 lrCyc[pk=9.9e-01,tr=9.9e-04] trainerStep=13600
[LAYER-HEALTH] live trainerStep=13600 scope=batch_norm_state_only reluSites=9/10 ch=1040 dead=0 off=0 alwaysOn=0 worst=none maxBetaOverGamma=+1.83@policy.pre_bn[60] minBetaOverGamma=-1.79@blocks.2.bn2[85] rvMaxOverMedian=45.0@blocks.1.bn1[14] rezero=none nonFinite=0
[REPLAY] step=13650 loss=3.5499 pLoss=2.7486 vLoss=0.7986 pEnt=2.873 pIllM=0.0027 playedP=0.173 pW=0.47 pD=0.06 pL=0.46 vAbs=0.228 pLogitMean=-9.2701 vLogitMean=0.6183 gNorm=0.279 lr=0.0227 ms=2867.0 buf=500000 plies=116717004 games=1765661 rejected=0 skipped=0 epoch=0 mom=0.9047 lrCyc[pk=9.9e-01,tr=9.9e-04] trainerStep=13650
[LAYER-HEALTH] live trainerStep=13650 scope=batch_norm_state_only reluSites=9/10 ch=1040 dead=0 off=0 alwaysOn=0 worst=none maxBetaOverGamma=+1.83@policy.pre_bn[60] minBetaOverGamma=-1.79@blocks.2.bn2[85] rvMaxOverMedian=45.4@blocks.1.bn1[14] rezero=none nonFinite=0
[REPLAY] step=13700 loss=3.5656 pLoss=2.7628 vLoss=0.8005 pEnt=2.878 pIllM=0.0023 playedP=0.169 pW=0.48 pD=0.06 pL=0.47 vAbs=0.223 pLogitMean=-9.2703 vLogitMean=0.6209 gNorm=0.258 lr=0.0203 ms=2680.7 buf=500000 plies=117143685 games=1772137 rejected=0 skipped=0 epoch=0 mom=0.9063 lrCyc[pk=9.9e-01,tr=9.9e-04] trainerStep=13700
[LAYER-HEALTH] live trainerStep=13700 scope=batch_norm_state_only reluSites=9/10 ch=1040 dead=0 off=0 alwaysOn=0 worst=none maxBetaOverGamma=+1.83@policy.pre_bn[60] minBetaOverGamma=-1.79@blocks.2.bn2[85] rvMaxOverMedian=45.9@blocks.1.bn1[14] rezero=none nonFinite=0
[REPLAY] step=13750 loss=3.5230 pLoss=2.7119 vLoss=0.8085 pEnt=2.850 pIllM=0.0026 playedP=0.173 pW=0.47 pD=0.07 pL=0.46 vAbs=0.231 pLogitMean=-9.2690 vLogitMean=0.6194 gNorm=0.256 lr=0.0183 ms=2717.1 buf=500000 plies=117570293 games=1778561 rejected=0 skipped=0 epoch=0 mom=0.9078 lrCyc[pk=9.9e-01,tr=9.9e-04] trainerStep=13750
[LAYER-HEALTH] live trainerStep=13750 scope=batch_norm_state_only reluSites=9/10 ch=1040 dead=0 off=0 alwaysOn=0 worst=none maxBetaOverGamma=+1.83@policy.pre_bn[60] minBetaOverGamma=-1.79@blocks.2.bn2[85] rvMaxOverMedian=45.9@blocks.1.bn1[14] rezero=none nonFinite=0
[REPLAY] step=13800 loss=3.4768 pLoss=2.6715 vLoss=0.8026 pEnt=2.852 pIllM=0.0027 playedP=0.177 pW=0.47 pD=0.07 pL=0.46 vAbs=0.241 pLogitMean=-9.2650 vLogitMean=0.6209 gNorm=0.259 lr=0.0164 ms=2306.2 buf=500000 plies=117996986 games=1784993 rejected=0 skipped=0 epoch=0 mom=0.9094 lrCyc[pk=9.9e-01,tr=9.9e-04] trainerStep=13800
[LAYER-HEALTH] live trainerStep=13800 scope=batch_norm_state_only reluSites=9/10 ch=1040 dead=0 off=0 alwaysOn=0 worst=none maxBetaOverGamma=+1.83@policy.pre_bn[60] minBetaOverGamma=-1.78@blocks.2.bn2[85] rvMaxOverMedian=45.8@blocks.1.bn1[14] rezero=none nonFinite=0
[REPLAY] step=13850 loss=3.5423 pLoss=2.7225 vLoss=0.8172 pEnt=2.874 pIllM=0.0026 playedP=0.169 pW=0.47 pD=0.07 pL=0.46 vAbs=0.228 pLogitMean=-9.2662 vLogitMean=0.6198 gNorm=0.272 lr=0.0148 ms=2709.5 buf=500000 plies=118423578 games=1791435 rejected=0 skipped=0 epoch=0 mom=0.9109 lrCyc[pk=9.9e-01,tr=9.9e-04] trainerStep=13850
[LAYER-HEALTH] live trainerStep=13850 scope=batch_norm_state_only reluSites=9/10 ch=1040 dead=0 off=0 alwaysOn=0 worst=none maxBetaOverGamma=+1.82@policy.pre_bn[60] minBetaOverGamma=-1.78@blocks.2.bn2[85] rvMaxOverMedian=45.4@blocks.1.bn1[14] rezero=none nonFinite=0
[REPLAY] step=13900 loss=3.5031 pLoss=2.6944 vLoss=0.8061 pEnt=2.861 pIllM=0.0027 playedP=0.173 pW=0.47 pD=0.07 pL=0.46 vAbs=0.244 pLogitMean=-9.2669 vLogitMean=0.6192 gNorm=0.262 lr=0.0133 ms=2674.5 buf=500000 plies=118850240 games=1797821 rejected=0 skipped=0 epoch=0 mom=0.9125 lrCyc[pk=9.9e-01,tr=9.9e-04] trainerStep=13900
[LAYER-HEALTH] live trainerStep=13900 scope=batch_norm_state_only reluSites=9/10 ch=1040 dead=0 off=0 alwaysOn=0 worst=none maxBetaOverGamma=+1.83@policy.pre_bn[60] minBetaOverGamma=-1.78@blocks.2.bn2[85] rvMaxOverMedian=45.2@blocks.1.bn1[14] rezero=none nonFinite=0
[REPLAY] step=13950 loss=3.5237 pLoss=2.7084 vLoss=0.8123 pEnt=2.874 pIllM=0.0030 playedP=0.174 pW=0.47 pD=0.06 pL=0.46 vAbs=0.227 pLogitMean=-9.2692 vLogitMean=0.6181 gNorm=0.249 lr=0.012 ms=2760.1 buf=500000 plies=119276936 games=1804322 rejected=0 skipped=0 epoch=0 mom=0.9140 lrCyc[pk=9.9e-01,tr=9.9e-04] trainerStep=13950
[LAYER-HEALTH] live trainerStep=13950 scope=batch_norm_state_only reluSites=9/10 ch=1040 dead=0 off=0 alwaysOn=0 worst=none maxBetaOverGamma=+1.82@policy.pre_bn[60] minBetaOverGamma=-1.78@blocks.2.bn2[85] rvMaxOverMedian=44.9@blocks.1.bn1[14] rezero=none nonFinite=0
[REPLAY] step=14000 loss=3.5398 pLoss=2.7209 vLoss=0.8163 pEnt=2.863 pIllM=0.0026 playedP=0.175 pW=0.47 pD=0.07 pL=0.46 vAbs=0.230 pLogitMean=-9.2704 vLogitMean=0.6171 gNorm=0.261 lr=0.0108 ms=2644.8 buf=500000 plies=119703537 games=1810785 rejected=0 skipped=0 epoch=0 mom=0.9155 lrCyc[pk=9.9e-01,tr=9.9e-04] trainerStep=14000
[LAYER-HEALTH] live trainerStep=14000 scope=batch_norm_state_only reluSites=9/10 ch=1040 dead=0 off=0 alwaysOn=0 worst=none maxBetaOverGamma=+1.82@policy.pre_bn[60] minBetaOverGamma=-1.78@blocks.2.bn2[85] rvMaxOverMedian=45.0@blocks.1.bn1[14] rezero=none nonFinite=0
[REPLAY] saved trainer model (autosave) step=14000 trainerStep=14000 nextGame=1810785 shard=3 epoch=0 -> 20261005-lrBleakyall-cyc1-replay-latest.safetensors
[LAYER-HEALTH] checkpoint replay-autosave step=14000 trainerStep=14000 scope=all_tensors reluSites=9/10 ch=1040 dead=0 off=0 alwaysOn=0 worst=none maxBetaOverGamma=+1.82@policy.pre_bn[60] minBetaOverGamma=-1.78@blocks.2.bn2[85] rvMaxOverMedian=45.0@blocks.1.bn1[14] rezero=none nonFinite=0 seZeroVel=none valueFC1ZeroVel=0/128 maxAbs=13.22@blocks.0.bn2.running_var
[LAYER-HEALTH]   batch-norm sites — β/|γ|: dead < -3.00, mostly off < -2.00, always on > +3.00; classified for relu/leaky_relu only
[LAYER-HEALTH]     site            act            ch   dead    off     on  zeroγ nonfin  min β/|γ| [ch]     max β/|γ| [ch]     rv max/median [ch]
[LAYER-HEALTH]     stem.bn         -             128    n/a    n/a    n/a      0      0     -1.02 [11]         +0.30 [26]            3.2 [88]
[LAYER-HEALTH]     blocks.0.bn1    leaky_relu    128      0      0      0      0      0     -0.75 [47]         +0.27 [18]            4.0 [14]
[LAYER-HEALTH]     blocks.0.bn2    leaky_relu    128      0      0      0      0      0     -1.18 [122]        +0.01 [49]            4.7 [96]
[LAYER-HEALTH]     blocks.1.bn1    leaky_relu    128      0      0      0      0      0     -1.32 [11]         -0.28 [31]           45.0 [14]
[LAYER-HEALTH]     blocks.1.bn2    leaky_relu    128      0      0      0      0      0     -1.65 [80]         -0.48 [110]           5.2 [32]
[LAYER-HEALTH]     blocks.2.bn1    leaky_relu    128      0      0      0      0      0     -1.76 [69]         +0.71 [31]           39.6 [76]
[LAYER-HEALTH]     blocks.2.bn2    leaky_relu    128      0      0      0      0      0     -1.78 [85]         -0.12 [46]            3.4 [26]
[LAYER-HEALTH]     tower_final_bn  leaky_relu    128      0      0      0      0      0     -0.58 [16]         +1.31 [61]            4.1 [76]
[LAYER-HEALTH]     policy.pre_bn   leaky_relu    128      0      0      0      0      0     -1.29 [7]          +1.82 [60]            2.7 [22]
[LAYER-HEALTH]     value.bn        leaky_relu     16      0      0      0      0      0     -1.68 [12]         -0.69 [1]             2.3 [14]
[LAYER-HEALTH]   FC hidden-unit velocity — zero: every weight-velocity entry exactly 0; low: nonzero but < 5% of the layer's p90 unit norm
[LAYER-HEALTH]     value.fc1.weight  leaky_relu  units 128  zero 0  low 7  median unit norm 0.004682
[LAYER-HEALTH]     (no SE blocks)
[LAYER-HEALTH]   ReZero: none
[LAYER-HEALTH]   non-finite: 0 values in 0 of 102 tensors (10263038 values examined)
[LAYER-HEALTH]   largest |value|: blocks.0.bn2.running_var 13.22, blocks.2.bn1.running_var 9.043, blocks.1.bn1.running_var 8.556, blocks.1.bn2.running_var 5.798, policy.conv.bias 5.646
[REPLAY] enumerated checkpoint -> 20261005-lrBleakyall-cyc1-replay-step14000.safetensors
[REPLAY] step=14050 loss=3.4977 pLoss=2.6764 vLoss=0.8182 pEnt=2.850 pIllM=0.0031 playedP=0.175 pW=0.47 pD=0.07 pL=0.46 vAbs=0.250 pLogitMean=-9.2657 vLogitMean=0.6186 gNorm=0.270 lr=0.00974 ms=2460.9 buf=500000 plies=120130195 games=1817145 rejected=0 skipped=0 epoch=0 mom=0.9170 lrCyc[pk=9.9e-01,tr=9.9e-04] trainerStep=14050
[LAYER-HEALTH] live trainerStep=14050 scope=batch_norm_state_only reluSites=9/10 ch=1040 dead=0 off=0 alwaysOn=0 worst=none maxBetaOverGamma=+1.83@policy.pre_bn[60] minBetaOverGamma=-1.78@blocks.2.bn2[85] rvMaxOverMedian=45.0@blocks.1.bn1[14] rezero=none nonFinite=0
[REPLAY] step=14100 loss=3.5357 pLoss=2.7265 vLoss=0.8063 pEnt=2.862 pIllM=0.0029 playedP=0.174 pW=0.47 pD=0.07 pL=0.46 vAbs=0.247 pLogitMean=-9.2669 vLogitMean=0.6176 gNorm=0.263 lr=0.0088 ms=3025.7 buf=500000 plies=120556866 games=1823555 rejected=0 skipped=0 epoch=0 mom=0.9184 lrCyc[pk=9.9e-01,tr=9.9e-04] trainerStep=14100
[LAYER-HEALTH] live trainerStep=14100 scope=batch_norm_state_only reluSites=9/10 ch=1040 dead=0 off=0 alwaysOn=0 worst=none maxBetaOverGamma=+1.82@policy.pre_bn[60] minBetaOverGamma=-1.78@blocks.2.bn2[85] rvMaxOverMedian=44.7@blocks.1.bn1[14] rezero=none nonFinite=0
[REPLAY] step=14150 loss=3.5174 pLoss=2.7029 vLoss=0.8121 pEnt=2.871 pIllM=0.0024 playedP=0.179 pW=0.47 pD=0.07 pL=0.46 vAbs=0.237 pLogitMean=-9.2662 vLogitMean=0.6182 gNorm=0.273 lr=0.00796 ms=2867.5 buf=500000 plies=120983526 games=1829985 rejected=0 skipped=0 epoch=0 mom=0.9199 lrCyc[pk=9.9e-01,tr=9.9e-04] trainerStep=14150
[LAYER-HEALTH] live trainerStep=14150 scope=batch_norm_state_only reluSites=9/10 ch=1040 dead=0 off=0 alwaysOn=0 worst=none maxBetaOverGamma=+1.82@policy.pre_bn[60] minBetaOverGamma=-1.78@blocks.2.bn2[85] rvMaxOverMedian=44.5@blocks.1.bn1[14] rezero=none nonFinite=0
[REPLAY] step=14200 loss=3.4969 pLoss=2.7038 vLoss=0.7907 pEnt=2.855 pIllM=0.0024 playedP=0.175 pW=0.47 pD=0.07 pL=0.46 vAbs=0.243 pLogitMean=-9.2659 vLogitMean=0.6160 gNorm=0.257 lr=0.00721 ms=2845.7 buf=500000 plies=121410212 games=1836444 rejected=0 skipped=0 epoch=0 mom=0.9213 lrCyc[pk=9.9e-01,tr=9.9e-04] trainerStep=14200
[LAYER-HEALTH] live trainerStep=14200 scope=batch_norm_state_only reluSites=9/10 ch=1040 dead=0 off=0 alwaysOn=0 worst=none maxBetaOverGamma=+1.82@policy.pre_bn[60] minBetaOverGamma=-1.78@blocks.2.bn2[85] rvMaxOverMedian=44.6@blocks.1.bn1[14] rezero=none nonFinite=0
[REPLAY] step=14250 loss=3.5115 pLoss=2.7065 vLoss=0.8021 pEnt=2.875 pIllM=0.0028 playedP=0.169 pW=0.47 pD=0.06 pL=0.47 vAbs=0.240 pLogitMean=-9.2658 vLogitMean=0.6177 gNorm=0.256 lr=0.00654 ms=2740.3 buf=500000 plies=121836804 games=1842943 rejected=0 skipped=0 epoch=0 mom=0.9227 lrCyc[pk=9.9e-01,tr=9.9e-04] trainerStep=14250
[LAYER-HEALTH] live trainerStep=14250 scope=batch_norm_state_only reluSites=9/10 ch=1040 dead=0 off=0 alwaysOn=0 worst=none maxBetaOverGamma=+1.82@policy.pre_bn[60] minBetaOverGamma=-1.78@blocks.2.bn2[85] rvMaxOverMedian=44.5@blocks.1.bn1[14] rezero=none nonFinite=0
[REPLAY] step=14300 loss=3.5790 pLoss=2.7535 vLoss=0.8229 pEnt=2.882 pIllM=0.0026 playedP=0.170 pW=0.47 pD=0.07 pL=0.46 vAbs=0.239 pLogitMean=-9.2671 vLogitMean=0.6153 gNorm=0.264 lr=0.00594 ms=2216.7 buf=500000 plies=122263420 games=1849371 rejected=0 skipped=0 epoch=0 mom=0.9241 lrCyc[pk=9.9e-01,tr=9.9e-04] trainerStep=14300
[LAYER-HEALTH] live trainerStep=14300 scope=batch_norm_state_only reluSites=9/10 ch=1040 dead=0 off=0 alwaysOn=0 worst=none maxBetaOverGamma=+1.83@policy.pre_bn[60] minBetaOverGamma=-1.78@blocks.2.bn2[85] rvMaxOverMedian=44.5@blocks.1.bn1[14] rezero=none nonFinite=0
[REPLAY] step=14350 loss=3.5178 pLoss=2.7131 vLoss=0.8022 pEnt=2.866 pIllM=0.0025 playedP=0.174 pW=0.47 pD=0.07 pL=0.46 vAbs=0.244 pLogitMean=-9.2654 vLogitMean=0.6166 gNorm=0.274 lr=0.00541 ms=2853.2 buf=500000 plies=122690105 games=1855830 rejected=0 skipped=0 epoch=0 mom=0.9255 lrCyc[pk=9.9e-01,tr=9.9e-04] trainerStep=14350
[LAYER-HEALTH] live trainerStep=14350 scope=batch_norm_state_only reluSites=9/10 ch=1040 dead=0 off=0 alwaysOn=0 worst=none maxBetaOverGamma=+1.83@policy.pre_bn[60] minBetaOverGamma=-1.78@blocks.2.bn2[85] rvMaxOverMedian=44.4@blocks.1.bn1[14] rezero=none nonFinite=0
[REPLAY] step=14400 loss=3.5248 pLoss=2.7131 vLoss=0.8093 pEnt=2.872 pIllM=0.0024 playedP=0.175 pW=0.47 pD=0.06 pL=0.47 vAbs=0.235 pLogitMean=-9.2650 vLogitMean=0.6173 gNorm=0.266 lr=0.00493 ms=2949.8 buf=500000 plies=123116731 games=1862265 rejected=0 skipped=0 epoch=0 mom=0.9268 lrCyc[pk=9.9e-01,tr=9.9e-04] trainerStep=14400
[LAYER-HEALTH] live trainerStep=14400 scope=batch_norm_state_only reluSites=9/10 ch=1040 dead=0 off=0 alwaysOn=0 worst=none maxBetaOverGamma=+1.82@policy.pre_bn[60] minBetaOverGamma=-1.78@blocks.2.bn2[85] rvMaxOverMedian=44.3@blocks.1.bn1[14] rezero=none nonFinite=0
[REPLAY] step=14450 loss=3.5063 pLoss=2.6981 vLoss=0.8055 pEnt=2.866 pIllM=0.0027 playedP=0.177 pW=0.47 pD=0.07 pL=0.46 vAbs=0.241 pLogitMean=-9.2663 vLogitMean=0.6202 gNorm=0.271 lr=0.0045 ms=2707.9 buf=500000 plies=123543369 games=1868691 rejected=0 skipped=0 epoch=0 mom=0.9281 lrCyc[pk=9.9e-01,tr=9.9e-04] trainerStep=14450
[LAYER-HEALTH] live trainerStep=14450 scope=batch_norm_state_only reluSites=9/10 ch=1040 dead=0 off=0 alwaysOn=0 worst=none maxBetaOverGamma=+1.82@policy.pre_bn[60] minBetaOverGamma=-1.78@blocks.2.bn2[85] rvMaxOverMedian=44.2@blocks.1.bn1[14] rezero=none nonFinite=0
[REPLAY] step=14500 loss=3.5114 pLoss=2.7130 vLoss=0.7960 pEnt=2.875 pIllM=0.0025 playedP=0.173 pW=0.47 pD=0.07 pL=0.46 vAbs=0.243 pLogitMean=-9.2657 vLogitMean=0.6175 gNorm=0.259 lr=0.00412 ms=2249.2 buf=500000 plies=123970090 games=1875096 rejected=0 skipped=0 epoch=0 mom=0.9294 lrCyc[pk=9.9e-01,tr=9.9e-04] trainerStep=14500
[LAYER-HEALTH] live trainerStep=14500 scope=batch_norm_state_only reluSites=9/10 ch=1040 dead=0 off=0 alwaysOn=0 worst=none maxBetaOverGamma=+1.82@policy.pre_bn[60] minBetaOverGamma=-1.78@blocks.2.bn2[85] rvMaxOverMedian=44.1@blocks.1.bn1[14] rezero=none nonFinite=0
[REPLAY] step=14550 loss=3.5586 pLoss=2.7304 vLoss=0.8259 pEnt=2.873 pIllM=0.0022 playedP=0.172 pW=0.47 pD=0.07 pL=0.46 vAbs=0.232 pLogitMean=-9.2649 vLogitMean=0.6189 gNorm=0.252 lr=0.00378 ms=2934.1 buf=500000 plies=124396681 games=1881572 rejected=0 skipped=0 epoch=0 mom=0.9307 lrCyc[pk=9.9e-01,tr=9.9e-04] trainerStep=14550
[LAYER-HEALTH] live trainerStep=14550 scope=batch_norm_state_only reluSites=9/10 ch=1040 dead=0 off=0 alwaysOn=0 worst=none maxBetaOverGamma=+1.82@policy.pre_bn[60] minBetaOverGamma=-1.78@blocks.2.bn2[85] rvMaxOverMedian=43.9@blocks.1.bn1[14] rezero=none nonFinite=0
[REPLAY] step=14600 loss=3.5258 pLoss=2.7080 vLoss=0.8150 pEnt=2.868 pIllM=0.0027 playedP=0.173 pW=0.47 pD=0.07 pL=0.46 vAbs=0.231 pLogitMean=-9.2654 vLogitMean=0.6170 gNorm=0.272 lr=0.00347 ms=2636.6 buf=500000 plies=124823339 games=1887949 rejected=0 skipped=0 epoch=0 mom=0.9319 lrCyc[pk=9.9e-01,tr=9.9e-04] trainerStep=14600
[LAYER-HEALTH] live trainerStep=14600 scope=batch_norm_state_only reluSites=9/10 ch=1040 dead=0 off=0 alwaysOn=0 worst=none maxBetaOverGamma=+1.82@policy.pre_bn[60] minBetaOverGamma=-1.78@blocks.2.bn2[85] rvMaxOverMedian=43.8@blocks.1.bn1[14] rezero=none nonFinite=0
[REPLAY] step=14650 loss=3.5578 pLoss=2.7401 vLoss=0.8149 pEnt=2.891 pIllM=0.0028 playedP=0.171 pW=0.47 pD=0.07 pL=0.46 vAbs=0.236 pLogitMean=-9.2694 vLogitMean=0.6192 gNorm=0.268 lr=0.0032 ms=2416.6 buf=500000 plies=125250024 games=1894402 rejected=0 skipped=0 epoch=0 mom=0.9331 lrCyc[pk=9.9e-01,tr=9.9e-04] trainerStep=14650
[LAYER-HEALTH] live trainerStep=14650 scope=batch_norm_state_only reluSites=9/10 ch=1040 dead=0 off=0 alwaysOn=0 worst=none maxBetaOverGamma=+1.82@policy.pre_bn[60] minBetaOverGamma=-1.78@blocks.2.bn2[85] rvMaxOverMedian=43.8@blocks.1.bn1[14] rezero=none nonFinite=0
[REPLAY] step=14700 loss=3.5006 pLoss=2.6998 vLoss=0.7981 pEnt=2.868 pIllM=0.0027 playedP=0.173 pW=0.47 pD=0.07 pL=0.46 vAbs=0.241 pLogitMean=-9.2657 vLogitMean=0.6179 gNorm=0.258 lr=0.00295 ms=2229.8 buf=500000 plies=125676673 games=1900825 rejected=0 skipped=0 epoch=0 mom=0.9342 lrCyc[pk=9.9e-01,tr=9.9e-04] trainerStep=14700
[LAYER-HEALTH] live trainerStep=14700 scope=batch_norm_state_only reluSites=9/10 ch=1040 dead=0 off=0 alwaysOn=0 worst=none maxBetaOverGamma=+1.83@policy.pre_bn[60] minBetaOverGamma=-1.78@blocks.2.bn2[85] rvMaxOverMedian=43.8@blocks.1.bn1[14] rezero=none nonFinite=0
[REPLAY] step=14750 loss=3.5026 pLoss=2.6963 vLoss=0.8036 pEnt=2.850 pIllM=0.0026 playedP=0.177 pW=0.47 pD=0.07 pL=0.46 vAbs=0.241 pLogitMean=-9.2705 vLogitMean=0.6171 gNorm=0.274 lr=0.00273 ms=2719.9 buf=500000 plies=126103295 games=1907277 rejected=0 skipped=0 epoch=0 mom=0.9354 lrCyc[pk=9.9e-01,tr=9.9e-04] trainerStep=14750
[LAYER-HEALTH] live trainerStep=14750 scope=batch_norm_state_only reluSites=9/10 ch=1040 dead=0 off=0 alwaysOn=0 worst=none maxBetaOverGamma=+1.83@policy.pre_bn[60] minBetaOverGamma=-1.78@blocks.2.bn2[85] rvMaxOverMedian=44.0@blocks.1.bn1[14] rezero=none nonFinite=0
[REPLAY] step=14800 loss=3.5347 pLoss=2.7094 vLoss=0.8229 pEnt=2.885 pIllM=0.0024 playedP=0.170 pW=0.47 pD=0.07 pL=0.46 vAbs=0.240 pLogitMean=-9.2693 vLogitMean=0.6196 gNorm=0.258 lr=0.00253 ms=2673.2 buf=500000 plies=126529956 games=1913704 rejected=0 skipped=0 epoch=0 mom=0.9365 lrCyc[pk=9.9e-01,tr=9.9e-04] trainerStep=14800
[LAYER-HEALTH] live trainerStep=14800 scope=batch_norm_state_only reluSites=9/10 ch=1040 dead=0 off=0 alwaysOn=0 worst=none maxBetaOverGamma=+1.83@policy.pre_bn[60] minBetaOverGamma=-1.78@blocks.2.bn2[85] rvMaxOverMedian=44.1@blocks.1.bn1[14] rezero=none nonFinite=0
[REPLAY] step=14850 loss=3.5084 pLoss=2.7026 vLoss=0.8034 pEnt=2.866 pIllM=0.0024 playedP=0.172 pW=0.47 pD=0.07 pL=0.46 vAbs=0.245 pLogitMean=-9.2708 vLogitMean=0.6179 gNorm=0.264 lr=0.00235 ms=2815.7 buf=500000 plies=126956673 games=1920158 rejected=0 skipped=0 epoch=0 mom=0.9375 lrCyc[pk=9.9e-01,tr=9.9e-04] trainerStep=14850
[LAYER-HEALTH] live trainerStep=14850 scope=batch_norm_state_only reluSites=9/10 ch=1040 dead=0 off=0 alwaysOn=0 worst=none maxBetaOverGamma=+1.83@policy.pre_bn[60] minBetaOverGamma=-1.78@blocks.2.bn2[85] rvMaxOverMedian=44.3@blocks.1.bn1[14] rezero=none nonFinite=0
[REPLAY] step=14900 loss=3.4974 pLoss=2.6924 vLoss=0.8028 pEnt=2.854 pIllM=0.0022 playedP=0.176 pW=0.47 pD=0.07 pL=0.46 vAbs=0.244 pLogitMean=-9.2694 vLogitMean=0.6199 gNorm=0.255 lr=0.00219 ms=2637.8 buf=500000 plies=127383221 games=1926621 rejected=0 skipped=0 epoch=0 mom=0.9385 lrCyc[pk=9.9e-01,tr=9.9e-04] trainerStep=14900
[LAYER-HEALTH] live trainerStep=14900 scope=batch_norm_state_only reluSites=9/10 ch=1040 dead=0 off=0 alwaysOn=0 worst=none maxBetaOverGamma=+1.83@policy.pre_bn[60] minBetaOverGamma=-1.78@blocks.2.bn2[85] rvMaxOverMedian=44.4@blocks.1.bn1[14] rezero=none nonFinite=0
[REPLAY] step=14950 loss=3.5162 pLoss=2.6935 vLoss=0.8201 pEnt=2.870 pIllM=0.0026 playedP=0.177 pW=0.47 pD=0.07 pL=0.46 vAbs=0.237 pLogitMean=-9.2693 vLogitMean=0.6190 gNorm=0.272 lr=0.00205 ms=2584.9 buf=500000 plies=127809923 games=1933072 rejected=0 skipped=0 epoch=0 mom=0.9395 lrCyc[pk=9.9e-01,tr=9.9e-04] trainerStep=14950
[LAYER-HEALTH] live trainerStep=14950 scope=batch_norm_state_only reluSites=9/10 ch=1040 dead=0 off=0 alwaysOn=0 worst=none maxBetaOverGamma=+1.83@policy.pre_bn[60] minBetaOverGamma=-1.78@blocks.2.bn2[85] rvMaxOverMedian=44.5@blocks.1.bn1[14] rezero=none nonFinite=0
[REPLAY] step=15000 loss=3.5069 pLoss=2.6992 vLoss=0.8054 pEnt=2.857 pIllM=0.0024 playedP=0.176 pW=0.47 pD=0.07 pL=0.46 vAbs=0.239 pLogitMean=-9.2695 vLogitMean=0.6170 gNorm=0.251 lr=0.00192 ms=2406.0 buf=500000 plies=128236536 games=1939460 rejected=0 skipped=0 epoch=0 mom=0.9405 lrCyc[pk=9.9e-01,tr=9.9e-04] trainerStep=15000
[LAYER-HEALTH] live trainerStep=15000 scope=batch_norm_state_only reluSites=9/10 ch=1040 dead=0 off=0 alwaysOn=0 worst=none maxBetaOverGamma=+1.83@policy.pre_bn[60] minBetaOverGamma=-1.78@blocks.2.bn2[85] rvMaxOverMedian=44.4@blocks.1.bn1[14] rezero=none nonFinite=0
[REPLAY] saved trainer model (autosave) step=15000 trainerStep=15000 nextGame=1939460 shard=4 epoch=0 -> 20261005-lrBleakyall-cyc1-replay-latest.safetensors
[LAYER-HEALTH] checkpoint replay-autosave step=15000 trainerStep=15000 scope=all_tensors reluSites=9/10 ch=1040 dead=0 off=0 alwaysOn=0 worst=none maxBetaOverGamma=+1.83@policy.pre_bn[60] minBetaOverGamma=-1.78@blocks.2.bn2[85] rvMaxOverMedian=44.4@blocks.1.bn1[14] rezero=none nonFinite=0 seZeroVel=none valueFC1ZeroVel=0/128 maxAbs=13.38@blocks.0.bn2.running_var
[LAYER-HEALTH]   batch-norm sites — β/|γ|: dead < -3.00, mostly off < -2.00, always on > +3.00; classified for relu/leaky_relu only
[LAYER-HEALTH]     site            act            ch   dead    off     on  zeroγ nonfin  min β/|γ| [ch]     max β/|γ| [ch]     rv max/median [ch]
[LAYER-HEALTH]     stem.bn         -             128    n/a    n/a    n/a      0      0     -1.02 [11]         +0.30 [26]            3.2 [43]
[LAYER-HEALTH]     blocks.0.bn1    leaky_relu    128      0      0      0      0      0     -0.75 [47]         +0.28 [18]            4.1 [14]
[LAYER-HEALTH]     blocks.0.bn2    leaky_relu    128      0      0      0      0      0     -1.18 [122]        +0.02 [49]            4.7 [96]
[LAYER-HEALTH]     blocks.1.bn1    leaky_relu    128      0      0      0      0      0     -1.32 [11]         -0.28 [31]           44.4 [14]
[LAYER-HEALTH]     blocks.1.bn2    leaky_relu    128      0      0      0      0      0     -1.65 [80]         -0.48 [110]           5.2 [32]
[LAYER-HEALTH]     blocks.2.bn1    leaky_relu    128      0      0      0      0      0     -1.76 [69]         +0.71 [31]           39.4 [76]
[LAYER-HEALTH]     blocks.2.bn2    leaky_relu    128      0      0      0      0      0     -1.78 [85]         -0.12 [46]            3.4 [26]
[LAYER-HEALTH]     tower_final_bn  leaky_relu    128      0      0      0      0      0     -0.58 [16]         +1.31 [61]            4.1 [76]
[LAYER-HEALTH]     policy.pre_bn   leaky_relu    128      0      0      0      0      0     -1.30 [7]          +1.83 [60]            2.7 [22]
[LAYER-HEALTH]     value.bn        leaky_relu     16      0      0      0      0      0     -1.68 [12]         -0.69 [1]             2.4 [14]
[LAYER-HEALTH]   FC hidden-unit velocity — zero: every weight-velocity entry exactly 0; low: nonzero but < 5% of the layer's p90 unit norm
[LAYER-HEALTH]     value.fc1.weight  leaky_relu  units 128  zero 0  low 7  median unit norm 0.005704
[LAYER-HEALTH]     (no SE blocks)
[LAYER-HEALTH]   ReZero: none
[LAYER-HEALTH]   non-finite: 0 values in 0 of 102 tensors (10263038 values examined)
[LAYER-HEALTH]   largest |value|: blocks.0.bn2.running_var 13.38, blocks.2.bn1.running_var 8.961, blocks.1.bn1.running_var 8.341, blocks.1.bn2.running_var 5.768, policy.conv.bias 5.651
[REPLAY] enumerated checkpoint -> 20261005-lrBleakyall-cyc1-replay-step15000.safetensors
[REPLAY] step=15050 loss=3.5201 pLoss=2.7241 vLoss=0.7938 pEnt=2.871 pIllM=0.0022 playedP=0.172 pW=0.47 pD=0.07 pL=0.46 vAbs=0.236 pLogitMean=-9.2706 vLogitMean=0.6182 gNorm=0.257 lr=0.0018 ms=2468.4 buf=500000 plies=128663182 games=1945882 rejected=0 skipped=0 epoch=0 mom=0.9414 lrCyc[pk=9.9e-01,tr=9.9e-04] trainerStep=15050
[LAYER-HEALTH] live trainerStep=15050 scope=batch_norm_state_only reluSites=9/10 ch=1040 dead=0 off=0 alwaysOn=0 worst=none maxBetaOverGamma=+1.83@policy.pre_bn[60] minBetaOverGamma=-1.78@blocks.2.bn2[85] rvMaxOverMedian=44.4@blocks.1.bn1[14] rezero=none nonFinite=0
[REPLAY] step=15100 loss=3.5547 pLoss=2.7404 vLoss=0.8116 pEnt=2.878 pIllM=0.0027 playedP=0.169 pW=0.47 pD=0.07 pL=0.46 vAbs=0.230 pLogitMean=-9.2729 vLogitMean=0.6170 gNorm=0.250 lr=0.0017 ms=2359.9 buf=500000 plies=129089953 games=1952348 rejected=0 skipped=0 epoch=0 mom=0.9422 lrCyc[pk=9.9e-01,tr=9.9e-04] trainerStep=15100
[LAYER-HEALTH] live trainerStep=15100 scope=batch_norm_state_only reluSites=9/10 ch=1040 dead=0 off=0 alwaysOn=0 worst=none maxBetaOverGamma=+1.83@policy.pre_bn[60] minBetaOverGamma=-1.78@blocks.2.bn2[85] rvMaxOverMedian=44.5@blocks.1.bn1[14] rezero=none nonFinite=0
[REPLAY] step=15150 loss=3.5252 pLoss=2.7127 vLoss=0.8100 pEnt=2.866 pIllM=0.0025 playedP=0.173 pW=0.47 pD=0.07 pL=0.46 vAbs=0.237 pLogitMean=-9.2731 vLogitMean=0.6185 gNorm=0.262 lr=0.00161 ms=1742.7 buf=500000 plies=129516515 games=1958806 rejected=0 skipped=0 epoch=0 mom=0.9430 lrCyc[pk=9.9e-01,tr=9.9e-04] trainerStep=15150
[LAYER-HEALTH] live trainerStep=15150 scope=batch_norm_state_only reluSites=9/10 ch=1040 dead=0 off=0 alwaysOn=0 worst=none maxBetaOverGamma=+1.83@policy.pre_bn[60] minBetaOverGamma=-1.78@blocks.2.bn2[85] rvMaxOverMedian=44.6@blocks.1.bn1[14] rezero=none nonFinite=0
[REPLAY] step=15200 loss=3.5064 pLoss=2.7022 vLoss=0.8016 pEnt=2.877 pIllM=0.0025 playedP=0.175 pW=0.47 pD=0.07 pL=0.46 vAbs=0.238 pLogitMean=-9.2716 vLogitMean=0.6175 gNorm=0.271 lr=0.00152 ms=2831.9 buf=500000 plies=129943160 games=1965291 rejected=0 skipped=0 epoch=0 mom=0.9438 lrCyc[pk=9.9e-01,tr=9.9e-04] trainerStep=15200
[LAYER-HEALTH] live trainerStep=15200 scope=batch_norm_state_only reluSites=9/10 ch=1040 dead=0 off=0 alwaysOn=0 worst=none maxBetaOverGamma=+1.83@policy.pre_bn[60] minBetaOverGamma=-1.78@blocks.2.bn2[85] rvMaxOverMedian=44.6@blocks.1.bn1[14] rezero=none nonFinite=0
[REPLAY] step=15250 loss=3.5632 pLoss=2.7445 vLoss=0.8163 pEnt=2.869 pIllM=0.0024 playedP=0.173 pW=0.47 pD=0.07 pL=0.46 vAbs=0.233 pLogitMean=-9.2716 vLogitMean=0.6179 gNorm=0.256 lr=0.00145 ms=2726.5 buf=500000 plies=130369822 games=1971741 rejected=0 skipped=0 epoch=0 mom=0.9446 lrCyc[pk=9.9e-01,tr=9.9e-04] trainerStep=15250
[LAYER-HEALTH] live trainerStep=15250 scope=batch_norm_state_only reluSites=9/10 ch=1040 dead=0 off=0 alwaysOn=0 worst=none maxBetaOverGamma=+1.84@policy.pre_bn[60] minBetaOverGamma=-1.78@blocks.2.bn2[85] rvMaxOverMedian=44.4@blocks.1.bn1[14] rezero=none nonFinite=0
[REPLAY] step=15300 loss=3.5543 pLoss=2.7432 vLoss=0.8085 pEnt=2.871 pIllM=0.0026 playedP=0.171 pW=0.47 pD=0.07 pL=0.46 vAbs=0.230 pLogitMean=-9.2713 vLogitMean=0.6163 gNorm=0.264 lr=0.00138 ms=2466.5 buf=500000 plies=130796447 games=1978179 rejected=0 skipped=0 epoch=0 mom=0.9452 lrCyc[pk=9.9e-01,tr=9.9e-04] trainerStep=15300
[LAYER-HEALTH] live trainerStep=15300 scope=batch_norm_state_only reluSites=9/10 ch=1040 dead=0 off=0 alwaysOn=0 worst=none maxBetaOverGamma=+1.84@policy.pre_bn[60] minBetaOverGamma=-1.78@blocks.2.bn2[85] rvMaxOverMedian=44.1@blocks.1.bn1[14] rezero=none nonFinite=0
[REPLAY] step=15350 loss=3.5358 pLoss=2.7406 vLoss=0.7927 pEnt=2.870 pIllM=0.0025 playedP=0.175 pW=0.47 pD=0.06 pL=0.46 vAbs=0.240 pLogitMean=-9.2718 vLogitMean=0.6174 gNorm=0.258 lr=0.00132 ms=2710.5 buf=500000 plies=131223080 games=1984586 rejected=0 skipped=0 epoch=0 mom=0.9459 lrCyc[pk=9.9e-01,tr=9.9e-04] trainerStep=15350
[LAYER-HEALTH] live trainerStep=15350 scope=batch_norm_state_only reluSites=9/10 ch=1040 dead=0 off=0 alwaysOn=0 worst=none maxBetaOverGamma=+1.84@policy.pre_bn[60] minBetaOverGamma=-1.78@blocks.2.bn2[85] rvMaxOverMedian=44.0@blocks.1.bn1[14] rezero=none nonFinite=0
[REPLAY] step=15400 loss=3.5587 pLoss=2.7330 vLoss=0.8232 pEnt=2.878 pIllM=0.0025 playedP=0.172 pW=0.47 pD=0.07 pL=0.46 vAbs=0.238 pLogitMean=-9.2719 vLogitMean=0.6170 gNorm=0.270 lr=0.00127 ms=3067.8 buf=500000 plies=131649799 games=1990953 rejected=0 skipped=0 epoch=0 mom=0.9465 lrCyc[pk=9.9e-01,tr=9.9e-04] trainerStep=15400
[LAYER-HEALTH] live trainerStep=15400 scope=batch_norm_state_only reluSites=9/10 ch=1040 dead=0 off=0 alwaysOn=0 worst=none maxBetaOverGamma=+1.84@policy.pre_bn[60] minBetaOverGamma=-1.78@blocks.2.bn2[85] rvMaxOverMedian=43.8@blocks.1.bn1[14] rezero=none nonFinite=0
[REPLAY] step=15450 loss=3.5185 pLoss=2.7169 vLoss=0.7992 pEnt=2.849 pIllM=0.0023 playedP=0.178 pW=0.47 pD=0.07 pL=0.46 vAbs=0.241 pLogitMean=-9.2715 vLogitMean=0.6190 gNorm=0.264 lr=0.00122 ms=2989.5 buf=500000 plies=132076385 games=1997328 rejected=0 skipped=0 epoch=0 mom=0.9470 lrCyc[pk=9.9e-01,tr=9.9e-04] trainerStep=15450
[LAYER-HEALTH] live trainerStep=15450 scope=batch_norm_state_only reluSites=9/10 ch=1040 dead=0 off=0 alwaysOn=0 worst=none maxBetaOverGamma=+1.84@policy.pre_bn[60] minBetaOverGamma=-1.78@blocks.2.bn2[85] rvMaxOverMedian=43.8@blocks.1.bn1[14] rezero=none nonFinite=0
[REPLAY] step=15500 loss=3.5085 pLoss=2.7015 vLoss=0.8045 pEnt=2.881 pIllM=0.0026 playedP=0.170 pW=0.47 pD=0.07 pL=0.46 vAbs=0.242 pLogitMean=-9.2726 vLogitMean=0.6213 gNorm=0.273 lr=0.00118 ms=2423.9 buf=500000 plies=132503068 games=2003720 rejected=0 skipped=0 epoch=0 mom=0.9476 lrCyc[pk=9.9e-01,tr=9.9e-04] trainerStep=15500
[LAYER-HEALTH] live trainerStep=15500 scope=batch_norm_state_only reluSites=9/10 ch=1040 dead=0 off=0 alwaysOn=0 worst=none maxBetaOverGamma=+1.84@policy.pre_bn[60] minBetaOverGamma=-1.78@blocks.2.bn2[85] rvMaxOverMedian=43.8@blocks.1.bn1[14] rezero=none nonFinite=0
[REPLAY] step=15550 loss=3.5116 pLoss=2.6899 vLoss=0.8194 pEnt=2.876 pIllM=0.0023 playedP=0.169 pW=0.47 pD=0.07 pL=0.46 vAbs=0.240 pLogitMean=-9.2725 vLogitMean=0.6174 gNorm=0.272 lr=0.00114 ms=2679.9 buf=500000 plies=132929718 games=2010105 rejected=0 skipped=0 epoch=0 mom=0.9480 lrCyc[pk=9.9e-01,tr=9.9e-04] trainerStep=15550
[LAYER-HEALTH] live trainerStep=15550 scope=batch_norm_state_only reluSites=9/10 ch=1040 dead=0 off=0 alwaysOn=0 worst=none maxBetaOverGamma=+1.84@policy.pre_bn[60] minBetaOverGamma=-1.78@blocks.2.bn2[85] rvMaxOverMedian=43.9@blocks.1.bn1[14] rezero=none nonFinite=0
[REPLAY] step=15600 loss=3.5178 pLoss=2.7159 vLoss=0.7993 pEnt=2.850 pIllM=0.0026 playedP=0.176 pW=0.47 pD=0.07 pL=0.46 vAbs=0.242 pLogitMean=-9.2719 vLogitMean=0.6185 gNorm=0.249 lr=0.00111 ms=2875.4 buf=500000 plies=133356347 games=2016453 rejected=0 skipped=0 epoch=0 mom=0.9484 lrCyc[pk=9.9e-01,tr=9.9e-04] trainerStep=15600
[LAYER-HEALTH] live trainerStep=15600 scope=batch_norm_state_only reluSites=9/10 ch=1040 dead=0 off=0 alwaysOn=0 worst=none maxBetaOverGamma=+1.84@policy.pre_bn[60] minBetaOverGamma=-1.78@blocks.2.bn2[85] rvMaxOverMedian=43.9@blocks.1.bn1[14] rezero=none nonFinite=0
[REPLAY] step=15650 loss=3.4992 pLoss=2.6924 vLoss=0.8041 pEnt=2.860 pIllM=0.0026 playedP=0.174 pW=0.47 pD=0.07 pL=0.46 vAbs=0.244 pLogitMean=-9.2722 vLogitMean=0.6167 gNorm=0.260 lr=0.00108 ms=2944.8 buf=500000 plies=133782999 games=2022808 rejected=0 skipped=0 epoch=0 mom=0.9488 lrCyc[pk=9.9e-01,tr=9.9e-04] trainerStep=15650
[LAYER-HEALTH] live trainerStep=15650 scope=batch_norm_state_only reluSites=9/10 ch=1040 dead=0 off=0 alwaysOn=0 worst=none maxBetaOverGamma=+1.84@policy.pre_bn[60] minBetaOverGamma=-1.78@blocks.2.bn2[85] rvMaxOverMedian=44.1@blocks.1.bn1[14] rezero=none nonFinite=0
[REPLAY] step=15700 loss=3.5049 pLoss=2.7049 vLoss=0.7976 pEnt=2.852 pIllM=0.0024 playedP=0.174 pW=0.47 pD=0.07 pL=0.46 vAbs=0.244 pLogitMean=-9.2726 vLogitMean=0.6207 gNorm=0.259 lr=0.00106 ms=2841.6 buf=500000 plies=134209628 games=2029244 rejected=0 skipped=0 epoch=0 mom=0.9491 lrCyc[pk=9.9e-01,tr=9.9e-04] trainerStep=15700
[LAYER-HEALTH] live trainerStep=15700 scope=batch_norm_state_only reluSites=9/10 ch=1040 dead=0 off=0 alwaysOn=0 worst=none maxBetaOverGamma=+1.84@policy.pre_bn[60] minBetaOverGamma=-1.78@blocks.2.bn2[85] rvMaxOverMedian=44.3@blocks.1.bn1[14] rezero=none nonFinite=0
[REPLAY] step=15750 loss=3.5281 pLoss=2.7198 vLoss=0.8059 pEnt=2.870 pIllM=0.0024 playedP=0.174 pW=0.47 pD=0.07 pL=0.46 vAbs=0.245 pLogitMean=-9.2739 vLogitMean=0.6193 gNorm=0.265 lr=0.00104 ms=2824.4 buf=500000 plies=134636281 games=2035593 rejected=0 skipped=0 epoch=0 mom=0.9494 lrCyc[pk=9.9e-01,tr=9.9e-04] trainerStep=15750
[LAYER-HEALTH] live trainerStep=15750 scope=batch_norm_state_only reluSites=9/10 ch=1040 dead=0 off=0 alwaysOn=0 worst=none maxBetaOverGamma=+1.84@policy.pre_bn[60] minBetaOverGamma=-1.78@blocks.2.bn2[85] rvMaxOverMedian=44.3@blocks.1.bn1[14] rezero=none nonFinite=0
[REPLAY] step=15800 loss=3.5003 pLoss=2.6942 vLoss=0.8033 pEnt=2.843 pIllM=0.0027 playedP=0.180 pW=0.47 pD=0.07 pL=0.46 vAbs=0.245 pLogitMean=-9.2725 vLogitMean=0.6208 gNorm=0.254 lr=0.00102 ms=3024.6 buf=500000 plies=135062937 games=2042012 rejected=0 skipped=0 epoch=0 mom=0.9496 lrCyc[pk=9.9e-01,tr=9.9e-04] trainerStep=15800
[LAYER-HEALTH] live trainerStep=15800 scope=batch_norm_state_only reluSites=9/10 ch=1040 dead=0 off=0 alwaysOn=0 worst=none maxBetaOverGamma=+1.84@policy.pre_bn[60] minBetaOverGamma=-1.78@blocks.2.bn2[85] rvMaxOverMedian=44.3@blocks.1.bn1[14] rezero=none nonFinite=0
[REPLAY] step=15850 loss=3.5056 pLoss=2.7047 vLoss=0.7984 pEnt=2.850 pIllM=0.0024 playedP=0.178 pW=0.47 pD=0.07 pL=0.46 vAbs=0.241 pLogitMean=-9.2709 vLogitMean=0.6179 gNorm=0.256 lr=0.00101 ms=3092.5 buf=500000 plies=135489605 games=2048407 rejected=0 skipped=0 epoch=0 mom=0.9498 lrCyc[pk=9.9e-01,tr=9.9e-04] trainerStep=15850
[LAYER-HEALTH] live trainerStep=15850 scope=batch_norm_state_only reluSites=9/10 ch=1040 dead=0 off=0 alwaysOn=0 worst=none maxBetaOverGamma=+1.84@policy.pre_bn[60] minBetaOverGamma=-1.78@blocks.2.bn2[85] rvMaxOverMedian=44.4@blocks.1.bn1[14] rezero=none nonFinite=0
[REPLAY] step=15900 loss=3.5062 pLoss=2.6947 vLoss=0.8091 pEnt=2.860 pIllM=0.0024 playedP=0.174 pW=0.47 pD=0.07 pL=0.46 vAbs=0.246 pLogitMean=-9.2723 vLogitMean=0.6175 gNorm=0.277 lr=0.001 ms=3243.7 buf=500000 plies=135916238 games=2054898 rejected=0 skipped=0 epoch=0 mom=0.9499 lrCyc[pk=9.9e-01,tr=9.9e-04] trainerStep=15900
[LAYER-HEALTH] live trainerStep=15900 scope=batch_norm_state_only reluSites=9/10 ch=1040 dead=0 off=0 alwaysOn=0 worst=none maxBetaOverGamma=+1.84@policy.pre_bn[60] minBetaOverGamma=-1.78@blocks.2.bn2[85] rvMaxOverMedian=44.3@blocks.1.bn1[14] rezero=none nonFinite=0
[REPLAY] step=15950 loss=3.4962 pLoss=2.7075 vLoss=0.7859 pEnt=2.858 pIllM=0.0027 playedP=0.176 pW=0.47 pD=0.07 pL=0.46 vAbs=0.245 pLogitMean=-9.2728 vLogitMean=0.6207 gNorm=0.264 lr=0.000995 ms=2964.9 buf=500000 plies=136342913 games=2061309 rejected=0 skipped=0 epoch=0 mom=0.9500 lrCyc[pk=9.9e-01,tr=9.9e-04] trainerStep=15950
[LAYER-HEALTH] live trainerStep=15950 scope=batch_norm_state_only reluSites=9/10 ch=1040 dead=0 off=0 alwaysOn=0 worst=none maxBetaOverGamma=+1.84@policy.pre_bn[60] minBetaOverGamma=-1.78@blocks.2.bn2[85] rvMaxOverMedian=44.3@blocks.1.bn1[14] rezero=none nonFinite=0
[REPLAY] step=16000 loss=3.4974 pLoss=2.6841 vLoss=0.8110 pEnt=2.865 pIllM=0.0024 playedP=0.174 pW=0.47 pD=0.07 pL=0.46 vAbs=0.248 pLogitMean=-9.2721 vLogitMean=0.6199 gNorm=0.271 lr=0.000993 ms=2905.7 buf=500000 plies=136769555 games=2067758 rejected=0 skipped=0 epoch=0 mom=0.9500 lrCyc[pk=9.9e-01,tr=9.9e-04] trainerStep=16000
[LAYER-HEALTH] live trainerStep=16000 scope=batch_norm_state_only reluSites=9/10 ch=1040 dead=0 off=0 alwaysOn=0 worst=none maxBetaOverGamma=+1.84@policy.pre_bn[60] minBetaOverGamma=-1.78@blocks.2.bn2[85] rvMaxOverMedian=44.1@blocks.1.bn1[14] rezero=none nonFinite=0
[REPLAY] saved trainer model (autosave) step=16000 trainerStep=16000 nextGame=2067758 shard=4 epoch=0 -> 20261005-lrBleakyall-cyc1-replay-latest.safetensors
[LAYER-HEALTH] checkpoint replay-autosave step=16000 trainerStep=16000 scope=all_tensors reluSites=9/10 ch=1040 dead=0 off=0 alwaysOn=0 worst=none maxBetaOverGamma=+1.84@policy.pre_bn[60] minBetaOverGamma=-1.78@blocks.2.bn2[85] rvMaxOverMedian=44.1@blocks.1.bn1[14] rezero=none nonFinite=0 seZeroVel=none valueFC1ZeroVel=0/128 maxAbs=13.28@blocks.0.bn2.running_var
[LAYER-HEALTH]   batch-norm sites — β/|γ|: dead < -3.00, mostly off < -2.00, always on > +3.00; classified for relu/leaky_relu only
[LAYER-HEALTH]     site            act            ch   dead    off     on  zeroγ nonfin  min β/|γ| [ch]     max β/|γ| [ch]     rv max/median [ch]
[LAYER-HEALTH]     stem.bn         -             128    n/a    n/a    n/a      0      0     -1.02 [11]         +0.30 [26]            3.3 [24]
[LAYER-HEALTH]     blocks.0.bn1    leaky_relu    128      0      0      0      0      0     -0.75 [47]         +0.28 [18]            4.1 [14]
[LAYER-HEALTH]     blocks.0.bn2    leaky_relu    128      0      0      0      0      0     -1.18 [122]        +0.02 [49]            4.6 [96]
[LAYER-HEALTH]     blocks.1.bn1    leaky_relu    128      0      0      0      0      0     -1.32 [11]         -0.28 [31]           44.1 [14]
[LAYER-HEALTH]     blocks.1.bn2    leaky_relu    128      0      0      0      0      0     -1.65 [80]         -0.48 [110]           5.3 [32]
[LAYER-HEALTH]     blocks.2.bn1    leaky_relu    128      0      0      0      0      0     -1.75 [69]         +0.72 [31]           39.5 [76]
[LAYER-HEALTH]     blocks.2.bn2    leaky_relu    128      0      0      0      0      0     -1.78 [85]         -0.12 [46]            3.4 [26]
[LAYER-HEALTH]     tower_final_bn  leaky_relu    128      0      0      0      0      0     -0.58 [16]         +1.32 [61]            4.1 [76]
[LAYER-HEALTH]     policy.pre_bn   leaky_relu    128      0      0      0      0      0     -1.30 [7]          +1.84 [60]            2.7 [22]
[LAYER-HEALTH]     value.bn        leaky_relu     16      0      0      0      0      0     -1.68 [12]         -0.69 [1]             2.4 [14]
[LAYER-HEALTH]   FC hidden-unit velocity — zero: every weight-velocity entry exactly 0; low: nonzero but < 5% of the layer's p90 unit norm
[LAYER-HEALTH]     value.fc1.weight  leaky_relu  units 128  zero 0  low 8  median unit norm 0.007623
[LAYER-HEALTH]     (no SE blocks)
[LAYER-HEALTH]   ReZero: none
[LAYER-HEALTH]   non-finite: 0 values in 0 of 102 tensors (10263038 values examined)
[LAYER-HEALTH]   largest |value|: blocks.0.bn2.running_var 13.28, blocks.2.bn1.running_var 8.949, blocks.1.bn1.running_var 8.295, blocks.1.bn2.running_var 5.786, policy.conv.bias 5.653
[REPLAY] enumerated checkpoint -> 20261005-lrBleakyall-cyc1-replay-step16000.safetensors
[REPLAY] step=16050 loss=3.5400 pLoss=2.7343 vLoss=0.8032 pEnt=2.862 pIllM=0.0025 playedP=0.174 pW=0.47 pD=0.07 pL=0.46 vAbs=0.243 pLogitMean=-9.2723 vLogitMean=0.6183 gNorm=0.269 lr=0.000995 ms=3342.5 buf=500000 plies=137196215 games=2074193 rejected=0 skipped=0 epoch=0 mom=0.9500 lrCyc[pk=9.9e-01,tr=9.9e-04] trainerStep=16050
[LAYER-HEALTH] live trainerStep=16050 scope=batch_norm_state_only reluSites=9/10 ch=1040 dead=0 off=0 alwaysOn=0 worst=none maxBetaOverGamma=+1.84@policy.pre_bn[60] minBetaOverGamma=-1.78@blocks.2.bn2[85] rvMaxOverMedian=44.0@blocks.1.bn1[14] rezero=none nonFinite=0
[REPLAY] step=16100 loss=3.4866 pLoss=2.6868 vLoss=0.7972 pEnt=2.855 pIllM=0.0026 playedP=0.176 pW=0.47 pD=0.07 pL=0.46 vAbs=0.244 pLogitMean=-9.2719 vLogitMean=0.6192 gNorm=0.268 lr=0.001 ms=3241.7 buf=500000 plies=137622825 games=2080618 rejected=0 skipped=0 epoch=0 mom=0.9499 lrCyc[pk=9.9e-01,tr=9.9e-04] trainerStep=16100
[LAYER-HEALTH] live trainerStep=16100 scope=batch_norm_state_only reluSites=9/10 ch=1040 dead=0 off=0 alwaysOn=0 worst=none maxBetaOverGamma=+1.84@policy.pre_bn[60] minBetaOverGamma=-1.78@blocks.2.bn2[85] rvMaxOverMedian=44.0@blocks.1.bn1[14] rezero=none nonFinite=0
[REPLAY] step=16150 loss=3.5211 pLoss=2.7064 vLoss=0.8120 pEnt=2.848 pIllM=0.0028 playedP=0.178 pW=0.47 pD=0.07 pL=0.46 vAbs=0.243 pLogitMean=-9.2723 vLogitMean=0.6186 gNorm=0.283 lr=0.00101 ms=3074.2 buf=500000 plies=138049542 games=2087076 rejected=0 skipped=0 epoch=0 mom=0.9498 lrCyc[pk=9.9e-01,tr=9.9e-04] trainerStep=16150
[LAYER-HEALTH] live trainerStep=16150 scope=batch_norm_state_only reluSites=9/10 ch=1040 dead=0 off=0 alwaysOn=0 worst=none maxBetaOverGamma=+1.84@policy.pre_bn[60] minBetaOverGamma=-1.78@blocks.2.bn2[85] rvMaxOverMedian=44.0@blocks.1.bn1[14] rezero=none nonFinite=0
[REPLAY] step=16200 loss=3.5083 pLoss=2.7074 vLoss=0.7983 pEnt=2.856 pIllM=0.0026 playedP=0.179 pW=0.47 pD=0.07 pL=0.46 vAbs=0.239 pLogitMean=-9.2725 vLogitMean=0.6162 gNorm=0.267 lr=0.00102 ms=2291.3 buf=500000 plies=138476124 games=2093532 rejected=0 skipped=0 epoch=0 mom=0.9496 lrCyc[pk=9.9e-01,tr=9.9e-04] trainerStep=16200
[LAYER-HEALTH] live trainerStep=16200 scope=batch_norm_state_only reluSites=9/10 ch=1040 dead=0 off=0 alwaysOn=0 worst=none maxBetaOverGamma=+1.84@policy.pre_bn[60] minBetaOverGamma=-1.78@blocks.2.bn2[85] rvMaxOverMedian=44.2@blocks.1.bn1[14] rezero=none nonFinite=0
[REPLAY] step=16250 loss=3.4943 pLoss=2.6896 vLoss=0.8022 pEnt=2.850 pIllM=0.0026 playedP=0.177 pW=0.47 pD=0.07 pL=0.46 vAbs=0.242 pLogitMean=-9.2782 vLogitMean=0.6185 gNorm=0.258 lr=0.00104 ms=2499.5 buf=500000 plies=138902776 games=2099892 rejected=0 skipped=0 epoch=0 mom=0.9494 lrCyc[pk=9.9e-01,tr=9.9e-04] trainerStep=16250
[LAYER-HEALTH] live trainerStep=16250 scope=batch_norm_state_only reluSites=9/10 ch=1040 dead=0 off=0 alwaysOn=0 worst=none maxBetaOverGamma=+1.84@policy.pre_bn[60] minBetaOverGamma=-1.78@blocks.2.bn2[85] rvMaxOverMedian=44.4@blocks.1.bn1[14] rezero=none nonFinite=0
[REPLAY] step=16300 loss=3.5371 pLoss=2.7423 vLoss=0.7926 pEnt=2.886 pIllM=0.0022 playedP=0.169 pW=0.47 pD=0.07 pL=0.46 vAbs=0.239 pLogitMean=-9.2803 vLogitMean=0.6184 gNorm=0.291 lr=0.00106 ms=2247.3 buf=500000 plies=139329472 games=2106328 rejected=0 skipped=0 epoch=0 mom=0.9491 lrCyc[pk=9.9e-01,tr=9.9e-04] trainerStep=16300
[LAYER-HEALTH] live trainerStep=16300 scope=batch_norm_state_only reluSites=9/10 ch=1040 dead=0 off=0 alwaysOn=0 worst=none maxBetaOverGamma=+1.84@policy.pre_bn[60] minBetaOverGamma=-1.78@blocks.2.bn2[85] rvMaxOverMedian=44.2@blocks.1.bn1[14] rezero=none nonFinite=0
[REPLAY] step=16350 loss=3.5105 pLoss=2.7043 vLoss=0.8035 pEnt=2.857 pIllM=0.0027 playedP=0.173 pW=0.47 pD=0.07 pL=0.46 vAbs=0.246 pLogitMean=-9.2801 vLogitMean=0.6176 gNorm=0.261 lr=0.00108 ms=2685.6 buf=500000 plies=139756120 games=2112709 rejected=0 skipped=0 epoch=0 mom=0.9488 lrCyc[pk=9.9e-01,tr=9.9e-04] trainerStep=16350
[LAYER-HEALTH] live trainerStep=16350 scope=batch_norm_state_only reluSites=9/10 ch=1040 dead=0 off=0 alwaysOn=0 worst=none maxBetaOverGamma=+1.84@policy.pre_bn[60] minBetaOverGamma=-1.78@blocks.2.bn2[85] rvMaxOverMedian=44.2@blocks.1.bn1[14] rezero=none nonFinite=0
[REPLAY] step=16400 loss=3.5053 pLoss=2.7002 vLoss=0.8023 pEnt=2.834 pIllM=0.0027 playedP=0.177 pW=0.47 pD=0.07 pL=0.46 vAbs=0.246 pLogitMean=-9.2777 vLogitMean=0.6187 gNorm=0.257 lr=0.00111 ms=2527.3 buf=500000 plies=140182752 games=2119142 rejected=0 skipped=0 epoch=0 mom=0.9484 lrCyc[pk=9.9e-01,tr=9.9e-04] trainerStep=16400
[LAYER-HEALTH] live trainerStep=16400 scope=batch_norm_state_only reluSites=9/10 ch=1040 dead=0 off=0 alwaysOn=0 worst=none maxBetaOverGamma=+1.84@policy.pre_bn[60] minBetaOverGamma=-1.78@blocks.2.bn2[85] rvMaxOverMedian=43.9@blocks.1.bn1[14] rezero=none nonFinite=0
[REPLAY] step=16450 loss=3.4936 pLoss=2.6942 vLoss=0.7969 pEnt=2.856 pIllM=0.0024 playedP=0.177 pW=0.47 pD=0.07 pL=0.46 vAbs=0.244 pLogitMean=-9.2796 vLogitMean=0.6184 gNorm=0.264 lr=0.00114 ms=2513.0 buf=500000 plies=140609391 games=2125559 rejected=0 skipped=0 epoch=0 mom=0.9480 lrCyc[pk=9.9e-01,tr=9.9e-04] trainerStep=16450
[LAYER-HEALTH] live trainerStep=16450 scope=batch_norm_state_only reluSites=9/10 ch=1040 dead=0 off=0 alwaysOn=0 worst=none maxBetaOverGamma=+1.84@policy.pre_bn[60] minBetaOverGamma=-1.78@blocks.2.bn2[85] rvMaxOverMedian=43.9@blocks.1.bn1[14] rezero=none nonFinite=0
[REPLAY] step=16500 loss=3.5474 pLoss=2.7329 vLoss=0.8118 pEnt=2.873 pIllM=0.0027 playedP=0.171 pW=0.47 pD=0.07 pL=0.46 vAbs=0.248 pLogitMean=-9.2780 vLogitMean=0.6192 gNorm=0.273 lr=0.00118 ms=2371.9 buf=500000 plies=141036055 games=2131967 rejected=0 skipped=0 epoch=0 mom=0.9476 lrCyc[pk=9.9e-01,tr=9.9e-04] trainerStep=16500
[LAYER-HEALTH] live trainerStep=16500 scope=batch_norm_state_only reluSites=9/10 ch=1040 dead=0 off=0 alwaysOn=0 worst=none maxBetaOverGamma=+1.84@policy.pre_bn[60] minBetaOverGamma=-1.78@blocks.2.bn2[85] rvMaxOverMedian=43.9@blocks.1.bn1[14] rezero=none nonFinite=0
[REPLAY] step=16550 loss=3.5325 pLoss=2.7033 vLoss=0.8269 pEnt=2.865 pIllM=0.0024 playedP=0.174 pW=0.47 pD=0.07 pL=0.46 vAbs=0.239 pLogitMean=-9.2770 vLogitMean=0.6204 gNorm=0.270 lr=0.00122 ms=2671.1 buf=500000 plies=141462709 games=2138354 rejected=0 skipped=0 epoch=0 mom=0.9470 lrCyc[pk=9.9e-01,tr=9.9e-04] trainerStep=16550
[LAYER-HEALTH] live trainerStep=16550 scope=batch_norm_state_only reluSites=9/10 ch=1040 dead=0 off=0 alwaysOn=0 worst=none maxBetaOverGamma=+1.84@policy.pre_bn[60] minBetaOverGamma=-1.78@blocks.2.bn2[85] rvMaxOverMedian=43.9@blocks.1.bn1[14] rezero=none nonFinite=0
[REPLAY] step=16600 loss=3.5113 pLoss=2.7017 vLoss=0.8070 pEnt=2.855 pIllM=0.0026 playedP=0.177 pW=0.47 pD=0.07 pL=0.46 vAbs=0.235 pLogitMean=-9.2780 vLogitMean=0.6178 gNorm=0.259 lr=0.00127 ms=2647.5 buf=500000 plies=141889392 games=2144788 rejected=0 skipped=0 epoch=0 mom=0.9465 lrCyc[pk=9.9e-01,tr=9.9e-04] trainerStep=16600
[LAYER-HEALTH] live trainerStep=16600 scope=batch_norm_state_only reluSites=9/10 ch=1040 dead=0 off=0 alwaysOn=0 worst=none maxBetaOverGamma=+1.84@policy.pre_bn[60] minBetaOverGamma=-1.78@blocks.2.bn2[85] rvMaxOverMedian=43.9@blocks.1.bn1[14] rezero=none nonFinite=0
[REPLAY] step=16650 loss=3.5046 pLoss=2.6918 vLoss=0.8102 pEnt=2.852 pIllM=0.0026 playedP=0.176 pW=0.47 pD=0.07 pL=0.46 vAbs=0.234 pLogitMean=-9.2808 vLogitMean=0.6155 gNorm=0.257 lr=0.00132 ms=3155.7 buf=500000 plies=142316069 games=2151214 rejected=0 skipped=0 epoch=0 mom=0.9459 lrCyc[pk=9.9e-01,tr=9.9e-04] trainerStep=16650
[LAYER-HEALTH] live trainerStep=16650 scope=batch_norm_state_only reluSites=9/10 ch=1040 dead=0 off=0 alwaysOn=0 worst=none maxBetaOverGamma=+1.84@policy.pre_bn[60] minBetaOverGamma=-1.77@blocks.2.bn2[85] rvMaxOverMedian=44.0@blocks.1.bn1[14] rezero=none nonFinite=0
[REPLAY] step=16700 loss=3.5452 pLoss=2.7218 vLoss=0.8208 pEnt=2.853 pIllM=0.0025 playedP=0.174 pW=0.47 pD=0.07 pL=0.46 vAbs=0.230 pLogitMean=-9.2819 vLogitMean=0.6153 gNorm=0.263 lr=0.00138 ms=2513.2 buf=500000 plies=142742642 games=2157655 rejected=0 skipped=0 epoch=0 mom=0.9452 lrCyc[pk=9.9e-01,tr=9.9e-04] trainerStep=16700
[LAYER-HEALTH] live trainerStep=16700 scope=batch_norm_state_only reluSites=9/10 ch=1040 dead=0 off=0 alwaysOn=0 worst=none maxBetaOverGamma=+1.84@policy.pre_bn[60] minBetaOverGamma=-1.77@blocks.2.bn2[85] rvMaxOverMedian=44.0@blocks.1.bn1[14] rezero=none nonFinite=0
[REPLAY] step=16750 loss=3.5201 pLoss=2.7151 vLoss=0.8026 pEnt=2.859 pIllM=0.0025 playedP=0.174 pW=0.47 pD=0.07 pL=0.46 vAbs=0.231 pLogitMean=-9.2790 vLogitMean=0.6173 gNorm=0.251 lr=0.00145 ms=3122.0 buf=500000 plies=143169370 games=2164045 rejected=0 skipped=0 epoch=0 mom=0.9446 lrCyc[pk=9.9e-01,tr=9.9e-04] trainerStep=16750
[LAYER-HEALTH] live trainerStep=16750 scope=batch_norm_state_only reluSites=9/10 ch=1040 dead=0 off=0 alwaysOn=0 worst=none maxBetaOverGamma=+1.84@policy.pre_bn[60] minBetaOverGamma=-1.77@blocks.2.bn2[85] rvMaxOverMedian=44.1@blocks.1.bn1[14] rezero=none nonFinite=0
[REPLAY] step=16800 loss=3.5374 pLoss=2.7284 vLoss=0.8065 pEnt=2.854 pIllM=0.0025 playedP=0.174 pW=0.47 pD=0.07 pL=0.46 vAbs=0.238 pLogitMean=-9.2818 vLogitMean=0.6191 gNorm=0.265 lr=0.00152 ms=3095.1 buf=500000 plies=143595948 games=2170404 rejected=0 skipped=0 epoch=0 mom=0.9438 lrCyc[pk=9.9e-01,tr=9.9e-04] trainerStep=16800
[LAYER-HEALTH] live trainerStep=16800 scope=batch_norm_state_only reluSites=9/10 ch=1040 dead=0 off=0 alwaysOn=0 worst=none maxBetaOverGamma=+1.84@policy.pre_bn[60] minBetaOverGamma=-1.78@blocks.2.bn2[85] rvMaxOverMedian=44.1@blocks.1.bn1[14] rezero=none nonFinite=0
[REPLAY] step=16850 loss=3.5111 pLoss=2.6996 vLoss=0.8093 pEnt=2.870 pIllM=0.0023 playedP=0.175 pW=0.47 pD=0.07 pL=0.46 vAbs=0.241 pLogitMean=-9.2832 vLogitMean=0.6167 gNorm=0.250 lr=0.00161 ms=2783.2 buf=500000 plies=144022589 games=2176776 rejected=0 skipped=0 epoch=0 mom=0.9430 lrCyc[pk=9.9e-01,tr=9.9e-04] trainerStep=16850
[LAYER-HEALTH] live trainerStep=16850 scope=batch_norm_state_only reluSites=9/10 ch=1040 dead=0 off=0 alwaysOn=0 worst=none maxBetaOverGamma=+1.84@policy.pre_bn[60] minBetaOverGamma=-1.78@blocks.2.bn2[85] rvMaxOverMedian=44.2@blocks.1.bn1[14] rezero=none nonFinite=0
[REPLAY] step=16900 loss=3.5220 pLoss=2.7041 vLoss=0.8153 pEnt=2.843 pIllM=0.0026 playedP=0.176 pW=0.47 pD=0.07 pL=0.46 vAbs=0.237 pLogitMean=-9.2841 vLogitMean=0.6161 gNorm=0.245 lr=0.0017 ms=2688.5 buf=500000 plies=144449351 games=2183197 rejected=0 skipped=0 epoch=0 mom=0.9422 lrCyc[pk=9.9e-01,tr=9.9e-04] trainerStep=16900
[LAYER-HEALTH] live trainerStep=16900 scope=batch_norm_state_only reluSites=9/10 ch=1040 dead=0 off=0 alwaysOn=0 worst=none maxBetaOverGamma=+1.84@policy.pre_bn[60] minBetaOverGamma=-1.78@blocks.2.bn2[85] rvMaxOverMedian=44.3@blocks.1.bn1[14] rezero=none nonFinite=0
[REPLAY] step=16950 loss=3.5586 pLoss=2.7332 vLoss=0.8231 pEnt=2.871 pIllM=0.0023 playedP=0.171 pW=0.47 pD=0.07 pL=0.46 vAbs=0.232 pLogitMean=-9.2859 vLogitMean=0.6170 gNorm=0.285 lr=0.0018 ms=2871.1 buf=500000 plies=144875930 games=2189534 rejected=0 skipped=0 epoch=0 mom=0.9414 lrCyc[pk=9.9e-01,tr=9.9e-04] trainerStep=16950
[LAYER-HEALTH] live trainerStep=16950 scope=batch_norm_state_only reluSites=9/10 ch=1040 dead=0 off=0 alwaysOn=0 worst=none maxBetaOverGamma=+1.84@policy.pre_bn[60] minBetaOverGamma=-1.77@blocks.2.bn2[85] rvMaxOverMedian=44.4@blocks.1.bn1[14] rezero=none nonFinite=0
[REPLAY] step=17000 loss=3.5292 pLoss=2.7132 vLoss=0.8137 pEnt=2.857 pIllM=0.0022 playedP=0.175 pW=0.47 pD=0.07 pL=0.46 vAbs=0.226 pLogitMean=-9.2835 vLogitMean=0.6187 gNorm=0.272 lr=0.00192 ms=2833.5 buf=500000 plies=145302525 games=2195983 rejected=0 skipped=0 epoch=0 mom=0.9405 lrCyc[pk=9.9e-01,tr=9.9e-04] trainerStep=17000
[LAYER-HEALTH] live trainerStep=17000 scope=batch_norm_state_only reluSites=9/10 ch=1040 dead=0 off=0 alwaysOn=0 worst=none maxBetaOverGamma=+1.84@policy.pre_bn[60] minBetaOverGamma=-1.77@blocks.2.bn2[85] rvMaxOverMedian=44.4@blocks.1.bn1[14] rezero=none nonFinite=0
[REPLAY] saved trainer model (autosave) step=17000 trainerStep=17000 nextGame=2195983 shard=4 epoch=0 -> 20261005-lrBleakyall-cyc1-replay-latest.safetensors
[LAYER-HEALTH] checkpoint replay-autosave step=17000 trainerStep=17000 scope=all_tensors reluSites=9/10 ch=1040 dead=0 off=0 alwaysOn=0 worst=none maxBetaOverGamma=+1.84@policy.pre_bn[60] minBetaOverGamma=-1.77@blocks.2.bn2[85] rvMaxOverMedian=44.4@blocks.1.bn1[14] rezero=none nonFinite=0 seZeroVel=none valueFC1ZeroVel=0/128 maxAbs=13.56@blocks.0.bn2.running_var
[LAYER-HEALTH]   batch-norm sites — β/|γ|: dead < -3.00, mostly off < -2.00, always on > +3.00; classified for relu/leaky_relu only
[LAYER-HEALTH]     site            act            ch   dead    off     on  zeroγ nonfin  min β/|γ| [ch]     max β/|γ| [ch]     rv max/median [ch]
[LAYER-HEALTH]     stem.bn         -             128    n/a    n/a    n/a      0      0     -1.02 [11]         +0.30 [26]            3.2 [24]
[LAYER-HEALTH]     blocks.0.bn1    leaky_relu    128      0      0      0      0      0     -0.75 [47]         +0.28 [18]            4.1 [14]
[LAYER-HEALTH]     blocks.0.bn2    leaky_relu    128      0      0      0      0      0     -1.18 [122]        +0.03 [49]            4.7 [96]
[LAYER-HEALTH]     blocks.1.bn1    leaky_relu    128      0      0      0      0      0     -1.31 [11]         -0.28 [31]           44.4 [14]
[LAYER-HEALTH]     blocks.1.bn2    leaky_relu    128      0      0      0      0      0     -1.65 [80]         -0.48 [110]           5.2 [32]
[LAYER-HEALTH]     blocks.2.bn1    leaky_relu    128      0      0      0      0      0     -1.75 [69]         +0.72 [31]           39.6 [76]
[LAYER-HEALTH]     blocks.2.bn2    leaky_relu    128      0      0      0      0      0     -1.77 [85]         -0.12 [46]            3.4 [26]
[LAYER-HEALTH]     tower_final_bn  leaky_relu    128      0      0      0      0      0     -0.58 [16]         +1.32 [61]            4.1 [76]
[LAYER-HEALTH]     policy.pre_bn   leaky_relu    128      0      0      0      0      0     -1.30 [7]          +1.84 [60]            2.7 [22]
[LAYER-HEALTH]     value.bn        leaky_relu     16      0      0      0      0      0     -1.68 [12]         -0.69 [1]             2.4 [14]
[LAYER-HEALTH]   FC hidden-unit velocity — zero: every weight-velocity entry exactly 0; low: nonzero but < 5% of the layer's p90 unit norm
[LAYER-HEALTH]     value.fc1.weight  leaky_relu  units 128  zero 0  low 8  median unit norm 0.006419
[LAYER-HEALTH]     (no SE blocks)
[LAYER-HEALTH]   ReZero: none
[LAYER-HEALTH]   non-finite: 0 values in 0 of 102 tensors (10263038 values examined)
[LAYER-HEALTH]   largest |value|: blocks.0.bn2.running_var 13.56, blocks.2.bn1.running_var 8.953, blocks.1.bn1.running_var 8.322, blocks.1.bn2.running_var 5.763, policy.conv.bias 5.656
[REPLAY] enumerated checkpoint -> 20261005-lrBleakyall-cyc1-replay-step17000.safetensors
[REPLAY] step=17050 loss=3.5277 pLoss=2.7182 vLoss=0.8073 pEnt=2.864 pIllM=0.0023 playedP=0.175 pW=0.47 pD=0.07 pL=0.46 vAbs=0.231 pLogitMean=-9.2859 vLogitMean=0.6196 gNorm=0.270 lr=0.00205 ms=2710.2 buf=500000 plies=145729209 games=2202354 rejected=0 skipped=0 epoch=0 mom=0.9395 lrCyc[pk=9.9e-01,tr=9.9e-04] trainerStep=17050
[LAYER-HEALTH] live trainerStep=17050 scope=batch_norm_state_only reluSites=9/10 ch=1040 dead=0 off=0 alwaysOn=0 worst=none maxBetaOverGamma=+1.84@policy.pre_bn[60] minBetaOverGamma=-1.77@blocks.2.bn2[85] rvMaxOverMedian=44.5@blocks.1.bn1[14] rezero=none nonFinite=0
[REPLAY] step=17100 loss=3.5480 pLoss=2.7442 vLoss=0.8015 pEnt=2.867 pIllM=0.0023 playedP=0.173 pW=0.47 pD=0.07 pL=0.46 vAbs=0.234 pLogitMean=-9.2862 vLogitMean=0.6187 gNorm=0.262 lr=0.00219 ms=2613.5 buf=500000 plies=146155829 games=2208720 rejected=0 skipped=0 epoch=0 mom=0.9385 lrCyc[pk=9.9e-01,tr=9.9e-04] trainerStep=17100
[LAYER-HEALTH] live trainerStep=17100 scope=batch_norm_state_only reluSites=9/10 ch=1040 dead=0 off=0 alwaysOn=0 worst=none maxBetaOverGamma=+1.84@policy.pre_bn[60] minBetaOverGamma=-1.77@blocks.2.bn2[85] rvMaxOverMedian=44.4@blocks.1.bn1[14] rezero=none nonFinite=0
[REPLAY] step=17150 loss=3.5222 pLoss=2.7292 vLoss=0.7905 pEnt=2.877 pIllM=0.0025 playedP=0.172 pW=0.47 pD=0.07 pL=0.46 vAbs=0.230 pLogitMean=-9.2850 vLogitMean=0.6161 gNorm=0.266 lr=0.00235 ms=2721.9 buf=500000 plies=146582514 games=2215121 rejected=0 skipped=0 epoch=0 mom=0.9375 lrCyc[pk=9.9e-01,tr=9.9e-04] trainerStep=17150
[LAYER-HEALTH] live trainerStep=17150 scope=batch_norm_state_only reluSites=9/10 ch=1040 dead=0 off=0 alwaysOn=0 worst=none maxBetaOverGamma=+1.84@policy.pre_bn[60] minBetaOverGamma=-1.77@blocks.2.bn2[85] rvMaxOverMedian=44.4@blocks.1.bn1[14] rezero=none nonFinite=0
[REPLAY] step=17200 loss=3.4987 pLoss=2.6958 vLoss=0.8005 pEnt=2.858 pIllM=0.0025 playedP=0.177 pW=0.47 pD=0.07 pL=0.46 vAbs=0.240 pLogitMean=-9.2871 vLogitMean=0.6161 gNorm=0.266 lr=0.00253 ms=2755.4 buf=500000 plies=147009128 games=2221522 rejected=0 skipped=0 epoch=0 mom=0.9365 lrCyc[pk=9.9e-01,tr=9.9e-04] trainerStep=17200
[LAYER-HEALTH] live trainerStep=17200 scope=batch_norm_state_only reluSites=9/10 ch=1040 dead=0 off=0 alwaysOn=0 worst=none maxBetaOverGamma=+1.83@policy.pre_bn[60] minBetaOverGamma=-1.77@blocks.2.bn2[85] rvMaxOverMedian=44.3@blocks.1.bn1[14] rezero=none nonFinite=0
[REPLAY] step=17250 loss=3.5481 pLoss=2.7397 vLoss=0.8061 pEnt=2.889 pIllM=0.0024 playedP=0.171 pW=0.47 pD=0.07 pL=0.46 vAbs=0.235 pLogitMean=-9.2863 vLogitMean=0.6162 gNorm=0.271 lr=0.00273 ms=2425.2 buf=500000 plies=147435779 games=2227958 rejected=0 skipped=0 epoch=0 mom=0.9354 lrCyc[pk=9.9e-01,tr=9.9e-04] trainerStep=17250
[LAYER-HEALTH] live trainerStep=17250 scope=batch_norm_state_only reluSites=9/10 ch=1040 dead=0 off=0 alwaysOn=0 worst=none maxBetaOverGamma=+1.84@policy.pre_bn[60] minBetaOverGamma=-1.77@blocks.2.bn2[85] rvMaxOverMedian=44.4@blocks.1.bn1[14] rezero=none nonFinite=0
[REPLAY] step=17300 loss=3.5261 pLoss=2.7303 vLoss=0.7929 pEnt=2.856 pIllM=0.0029 playedP=0.174 pW=0.47 pD=0.06 pL=0.46 vAbs=0.238 pLogitMean=-9.2857 vLogitMean=0.6176 gNorm=0.259 lr=0.00295 ms=2383.4 buf=500000 plies=147862430 games=2234324 rejected=0 skipped=0 epoch=0 mom=0.9342 lrCyc[pk=9.9e-01,tr=9.9e-04] trainerStep=17300
[LAYER-HEALTH] live trainerStep=17300 scope=batch_norm_state_only reluSites=9/10 ch=1040 dead=0 off=0 alwaysOn=0 worst=none maxBetaOverGamma=+1.84@policy.pre_bn[60] minBetaOverGamma=-1.77@blocks.2.bn2[85] rvMaxOverMedian=44.4@blocks.1.bn1[14] rezero=none nonFinite=0
[REPLAY] step=17350 loss=3.5369 pLoss=2.7344 vLoss=0.8004 pEnt=2.888 pIllM=0.0021 playedP=0.171 pW=0.47 pD=0.06 pL=0.47 vAbs=0.240 pLogitMean=-9.2891 vLogitMean=0.6168 gNorm=0.261 lr=0.00319 ms=2761.9 buf=500000 plies=148289085 games=2240789 rejected=0 skipped=0 epoch=0 mom=0.9331 lrCyc[pk=9.9e-01,tr=9.9e-04] trainerStep=17350
[LAYER-HEALTH] live trainerStep=17350 scope=batch_norm_state_only reluSites=9/10 ch=1040 dead=0 off=0 alwaysOn=0 worst=none maxBetaOverGamma=+1.84@policy.pre_bn[60] minBetaOverGamma=-1.77@blocks.2.bn2[85] rvMaxOverMedian=44.4@blocks.1.bn1[14] rezero=none nonFinite=0
[REPLAY] step=17400 loss=3.5334 pLoss=2.7242 vLoss=0.8068 pEnt=2.870 pIllM=0.0024 playedP=0.171 pW=0.47 pD=0.07 pL=0.46 vAbs=0.242 pLogitMean=-9.2886 vLogitMean=0.6175 gNorm=0.249 lr=0.00347 ms=1656.4 buf=500000 plies=148715767 games=2247164 rejected=0 skipped=0 epoch=0 mom=0.9319 lrCyc[pk=9.9e-01,tr=9.9e-04] trainerStep=17400
[LAYER-HEALTH] live trainerStep=17400 scope=batch_norm_state_only reluSites=9/10 ch=1040 dead=0 off=0 alwaysOn=0 worst=none maxBetaOverGamma=+1.84@policy.pre_bn[60] minBetaOverGamma=-1.77@blocks.2.bn2[85] rvMaxOverMedian=44.7@blocks.1.bn1[14] rezero=none nonFinite=0
[REPLAY] step=17450 loss=3.5278 pLoss=2.7214 vLoss=0.8043 pEnt=2.860 pIllM=0.0021 playedP=0.175 pW=0.47 pD=0.07 pL=0.46 vAbs=0.230 pLogitMean=-9.2900 vLogitMean=0.6191 gNorm=0.248 lr=0.00377 ms=2548.7 buf=500000 plies=149142388 games=2253568 rejected=0 skipped=0 epoch=0 mom=0.9307 lrCyc[pk=9.8e-01,tr=9.9e-04] trainerStep=17450
[LAYER-HEALTH] live trainerStep=17450 scope=batch_norm_state_only reluSites=9/10 ch=1040 dead=0 off=0 alwaysOn=0 worst=none maxBetaOverGamma=+1.84@policy.pre_bn[60] minBetaOverGamma=-1.77@blocks.2.bn2[85] rvMaxOverMedian=44.9@blocks.1.bn1[14] rezero=none nonFinite=0
[REPLAY] step=17500 loss=3.5389 pLoss=2.7230 vLoss=0.8135 pEnt=2.854 pIllM=0.0025 playedP=0.176 pW=0.47 pD=0.07 pL=0.46 vAbs=0.237 pLogitMean=-9.2887 vLogitMean=0.6213 gNorm=0.296 lr=0.00411 ms=2562.6 buf=500000 plies=149569065 games=2259892 rejected=0 skipped=0 epoch=0 mom=0.9294 lrCyc[pk=9.8e-01,tr=9.9e-04] trainerStep=17500
[LAYER-HEALTH] live trainerStep=17500 scope=batch_norm_state_only reluSites=9/10 ch=1040 dead=0 off=0 alwaysOn=0 worst=none maxBetaOverGamma=+1.84@policy.pre_bn[60] minBetaOverGamma=-1.77@blocks.2.bn2[85] rvMaxOverMedian=45.0@blocks.1.bn1[14] rezero=none nonFinite=0
[REPLAY] step=17550 loss=3.5423 pLoss=2.7265 vLoss=0.8132 pEnt=2.860 pIllM=0.0025 playedP=0.172 pW=0.47 pD=0.07 pL=0.46 vAbs=0.228 pLogitMean=-9.2892 vLogitMean=0.6182 gNorm=0.261 lr=0.0045 ms=2420.7 buf=500000 plies=149995730 games=2266349 rejected=0 skipped=0 epoch=0 mom=0.9281 lrCyc[pk=9.8e-01,tr=9.9e-04] trainerStep=17550
[LAYER-HEALTH] live trainerStep=17550 scope=batch_norm_state_only reluSites=9/10 ch=1040 dead=0 off=0 alwaysOn=0 worst=none maxBetaOverGamma=+1.85@policy.pre_bn[60] minBetaOverGamma=-1.77@blocks.2.bn2[85] rvMaxOverMedian=44.6@blocks.1.bn1[14] rezero=none nonFinite=0
[REPLAY] step=17600 loss=3.5461 pLoss=2.7457 vLoss=0.7981 pEnt=2.862 pIllM=0.0024 playedP=0.175 pW=0.47 pD=0.07 pL=0.46 vAbs=0.239 pLogitMean=-9.2916 vLogitMean=0.6193 gNorm=0.261 lr=0.00492 ms=2187.1 buf=500000 plies=150422382 games=2272765 rejected=0 skipped=0 epoch=0 mom=0.9268 lrCyc[pk=9.8e-01,tr=9.9e-04] trainerStep=17600
[LAYER-HEALTH] live trainerStep=17600 scope=batch_norm_state_only reluSites=9/10 ch=1040 dead=0 off=0 alwaysOn=0 worst=none maxBetaOverGamma=+1.85@policy.pre_bn[60] minBetaOverGamma=-1.77@blocks.2.bn2[85] rvMaxOverMedian=44.6@blocks.1.bn1[14] rezero=none nonFinite=0
[REPLAY] step=17650 loss=3.5038 pLoss=2.7010 vLoss=0.8003 pEnt=2.864 pIllM=0.0025 playedP=0.176 pW=0.47 pD=0.07 pL=0.46 vAbs=0.245 pLogitMean=-9.2914 vLogitMean=0.6165 gNorm=0.264 lr=0.0054 ms=2475.2 buf=500000 plies=150848994 games=2279200 rejected=0 skipped=0 epoch=0 mom=0.9255 lrCyc[pk=9.8e-01,tr=9.9e-04] trainerStep=17650
[LAYER-HEALTH] live trainerStep=17650 scope=batch_norm_state_only reluSites=9/10 ch=1040 dead=0 off=0 alwaysOn=0 worst=none maxBetaOverGamma=+1.84@policy.pre_bn[60] minBetaOverGamma=-1.77@blocks.2.bn2[85] rvMaxOverMedian=44.4@blocks.1.bn1[14] rezero=none nonFinite=0
[REPLAY] step=17700 loss=3.5279 pLoss=2.7247 vLoss=0.8006 pEnt=2.859 pIllM=0.0026 playedP=0.175 pW=0.47 pD=0.07 pL=0.46 vAbs=0.238 pLogitMean=-9.2939 vLogitMean=0.6208 gNorm=0.256 lr=0.00593 ms=2125.7 buf=500000 plies=151275707 games=2285570 rejected=0 skipped=0 epoch=0 mom=0.9241 lrCyc[pk=9.8e-01,tr=9.9e-04] trainerStep=17700
[LAYER-HEALTH] live trainerStep=17700 scope=batch_norm_state_only reluSites=9/10 ch=1040 dead=0 off=0 alwaysOn=0 worst=none maxBetaOverGamma=+1.84@policy.pre_bn[60] minBetaOverGamma=-1.77@blocks.2.bn2[85] rvMaxOverMedian=44.4@blocks.1.bn1[14] rezero=none nonFinite=0
[REPLAY] step=17750 loss=3.5559 pLoss=2.7413 vLoss=0.8121 pEnt=2.867 pIllM=0.0025 playedP=0.176 pW=0.47 pD=0.07 pL=0.46 vAbs=0.232 pLogitMean=-9.2950 vLogitMean=0.6187 gNorm=0.267 lr=0.00653 ms=3104.5 buf=500000 plies=151702296 games=2292035 rejected=0 skipped=0 epoch=0 mom=0.9227 lrCyc[pk=9.8e-01,tr=9.9e-04] trainerStep=17750
[LAYER-HEALTH] live trainerStep=17750 scope=batch_norm_state_only reluSites=9/10 ch=1040 dead=0 off=0 alwaysOn=0 worst=none maxBetaOverGamma=+1.84@policy.pre_bn[60] minBetaOverGamma=-1.77@blocks.2.bn2[85] rvMaxOverMedian=44.7@blocks.1.bn1[14] rezero=none nonFinite=0
[REPLAY] step=17800 loss=3.5303 pLoss=2.7250 vLoss=0.8026 pEnt=2.863 pIllM=0.0028 playedP=0.174 pW=0.47 pD=0.07 pL=0.46 vAbs=0.232 pLogitMean=-9.2919 vLogitMean=0.6183 gNorm=0.255 lr=0.00719 ms=2480.6 buf=500000 plies=152128955 games=2298433 rejected=0 skipped=0 epoch=0 mom=0.9213 lrCyc[pk=9.8e-01,tr=9.9e-04] trainerStep=17800
[LAYER-HEALTH] live trainerStep=17800 scope=batch_norm_state_only reluSites=9/10 ch=1040 dead=0 off=0 alwaysOn=0 worst=none maxBetaOverGamma=+1.85@policy.pre_bn[60] minBetaOverGamma=-1.77@blocks.2.bn2[85] rvMaxOverMedian=45.0@blocks.1.bn1[14] rezero=none nonFinite=0
[REPLAY] step=17850 loss=3.4832 pLoss=2.6667 vLoss=0.8140 pEnt=2.837 pIllM=0.0025 playedP=0.179 pW=0.47 pD=0.07 pL=0.46 vAbs=0.236 pLogitMean=-9.2897 vLogitMean=0.6193 gNorm=0.265 lr=0.00794 ms=2385.2 buf=500000 plies=152555600 games=2304825 rejected=0 skipped=0 epoch=0 mom=0.9199 lrCyc[pk=9.8e-01,tr=9.9e-04] trainerStep=17850
[LAYER-HEALTH] live trainerStep=17850 scope=batch_norm_state_only reluSites=9/10 ch=1040 dead=0 off=0 alwaysOn=0 worst=none maxBetaOverGamma=+1.85@policy.pre_bn[60] minBetaOverGamma=-1.77@blocks.2.bn2[85] rvMaxOverMedian=44.8@blocks.1.bn1[14] rezero=none nonFinite=0
[REPLAY] step=17900 loss=3.5299 pLoss=2.7168 vLoss=0.8105 pEnt=2.855 pIllM=0.0027 playedP=0.176 pW=0.47 pD=0.07 pL=0.46 vAbs=0.225 pLogitMean=-9.2914 vLogitMean=0.6161 gNorm=0.251 lr=0.00878 ms=2072.1 buf=500000 plies=152982245 games=2311227 rejected=0 skipped=0 epoch=0 mom=0.9184 lrCyc[pk=9.8e-01,tr=9.9e-04] trainerStep=17900
[LAYER-HEALTH] live trainerStep=17900 scope=batch_norm_state_only reluSites=9/10 ch=1040 dead=0 off=0 alwaysOn=0 worst=none maxBetaOverGamma=+1.85@policy.pre_bn[60] minBetaOverGamma=-1.77@blocks.2.bn2[85] rvMaxOverMedian=44.6@blocks.1.bn1[14] rezero=none nonFinite=0
[REPLAY] step=17950 loss=3.5344 pLoss=2.7233 vLoss=0.8087 pEnt=2.875 pIllM=0.0025 playedP=0.171 pW=0.47 pD=0.06 pL=0.47 vAbs=0.239 pLogitMean=-9.2943 vLogitMean=0.6184 gNorm=0.284 lr=0.00971 ms=2736.2 buf=500000 plies=153408905 games=2317605 rejected=0 skipped=0 epoch=0 mom=0.9170 lrCyc[pk=9.8e-01,tr=9.9e-04] trainerStep=17950
[LAYER-HEALTH] live trainerStep=17950 scope=batch_norm_state_only reluSites=9/10 ch=1040 dead=0 off=0 alwaysOn=0 worst=none maxBetaOverGamma=+1.84@policy.pre_bn[60] minBetaOverGamma=-1.77@blocks.2.bn2[85] rvMaxOverMedian=44.4@blocks.1.bn1[14] rezero=none nonFinite=0
[REPLAY] step=18000 loss=3.5469 pLoss=2.7366 vLoss=0.8081 pEnt=2.873 pIllM=0.0023 playedP=0.173 pW=0.47 pD=0.07 pL=0.46 vAbs=0.232 pLogitMean=-9.2928 vLogitMean=0.6180 gNorm=0.268 lr=0.0108 ms=2663.2 buf=500000 plies=153835550 games=2323995 rejected=0 skipped=0 epoch=0 mom=0.9155 lrCyc[pk=9.8e-01,tr=9.9e-04] trainerStep=18000
[LAYER-HEALTH] live trainerStep=18000 scope=batch_norm_state_only reluSites=9/10 ch=1040 dead=0 off=0 alwaysOn=0 worst=none maxBetaOverGamma=+1.84@policy.pre_bn[60] minBetaOverGamma=-1.77@blocks.2.bn2[85] rvMaxOverMedian=44.3@blocks.1.bn1[14] rezero=none nonFinite=0
[REPLAY] saved trainer model (autosave) step=18000 trainerStep=18000 nextGame=2323995 shard=5 epoch=0 -> 20261005-lrBleakyall-cyc1-replay-latest.safetensors
[LAYER-HEALTH] checkpoint replay-autosave step=18000 trainerStep=18000 scope=all_tensors reluSites=9/10 ch=1040 dead=0 off=0 alwaysOn=0 worst=none maxBetaOverGamma=+1.84@policy.pre_bn[60] minBetaOverGamma=-1.77@blocks.2.bn2[85] rvMaxOverMedian=44.3@blocks.1.bn1[14] rezero=none nonFinite=0 seZeroVel=none valueFC1ZeroVel=0/128 maxAbs=13.07@blocks.0.bn2.running_var
[LAYER-HEALTH]   batch-norm sites — β/|γ|: dead < -3.00, mostly off < -2.00, always on > +3.00; classified for relu/leaky_relu only
[LAYER-HEALTH]     site            act            ch   dead    off     on  zeroγ nonfin  min β/|γ| [ch]     max β/|γ| [ch]     rv max/median [ch]
[LAYER-HEALTH]     stem.bn         -             128    n/a    n/a    n/a      0      0     -1.02 [11]         +0.30 [26]            3.3 [24]
[LAYER-HEALTH]     blocks.0.bn1    leaky_relu    128      0      0      0      0      0     -0.75 [47]         +0.28 [18]            4.1 [14]
[LAYER-HEALTH]     blocks.0.bn2    leaky_relu    128      0      0      0      0      0     -1.18 [122]        +0.03 [49]            4.6 [96]
[LAYER-HEALTH]     blocks.1.bn1    leaky_relu    128      0      0      0      0      0     -1.31 [11]         -0.28 [31]           44.3 [14]
[LAYER-HEALTH]     blocks.1.bn2    leaky_relu    128      0      0      0      0      0     -1.65 [80]         -0.48 [110]           5.3 [32]
[LAYER-HEALTH]     blocks.2.bn1    leaky_relu    128      0      0      0      0      0     -1.76 [69]         +0.73 [31]           39.3 [76]
[LAYER-HEALTH]     blocks.2.bn2    leaky_relu    128      0      0      0      0      0     -1.77 [85]         -0.12 [46]            3.4 [26]
[LAYER-HEALTH]     tower_final_bn  leaky_relu    128      0      0      0      0      0     -0.58 [16]         +1.32 [61]            4.0 [76]
[LAYER-HEALTH]     policy.pre_bn   leaky_relu    128      0      0      0      0      0     -1.30 [7]          +1.84 [60]            2.7 [22]
[LAYER-HEALTH]     value.bn        leaky_relu     16      0      0      0      0      0     -1.68 [12]         -0.69 [1]             2.4 [14]
[LAYER-HEALTH]   FC hidden-unit velocity — zero: every weight-velocity entry exactly 0; low: nonzero but < 5% of the layer's p90 unit norm
[LAYER-HEALTH]     value.fc1.weight  leaky_relu  units 128  zero 0  low 7  median unit norm 0.004755
[LAYER-HEALTH]     (no SE blocks)
[LAYER-HEALTH]   ReZero: none
[LAYER-HEALTH]   non-finite: 0 values in 0 of 102 tensors (10263038 values examined)
[LAYER-HEALTH]   largest |value|: blocks.0.bn2.running_var 13.07, blocks.2.bn1.running_var 8.856, blocks.1.bn1.running_var 8.294, blocks.1.bn2.running_var 5.766, policy.conv.bias 5.66
[REPLAY] enumerated checkpoint -> 20261005-lrBleakyall-cyc1-replay-step18000.safetensors
[REPLAY] step=18050 loss=3.5072 pLoss=2.7001 vLoss=0.8045 pEnt=2.855 pIllM=0.0026 playedP=0.173 pW=0.47 pD=0.07 pL=0.47 vAbs=0.239 pLogitMean=-9.2911 vLogitMean=0.6195 gNorm=0.275 lr=0.0119 ms=2451.3 buf=500000 plies=154262183 games=2330326 rejected=0 skipped=0 epoch=0 mom=0.9140 lrCyc[pk=9.8e-01,tr=9.9e-04] trainerStep=18050
[LAYER-HEALTH] live trainerStep=18050 scope=batch_norm_state_only reluSites=9/10 ch=1040 dead=0 off=0 alwaysOn=0 worst=none maxBetaOverGamma=+1.84@policy.pre_bn[60] minBetaOverGamma=-1.77@blocks.2.bn2[85] rvMaxOverMedian=44.3@blocks.1.bn1[14] rezero=none nonFinite=0
[REPLAY] step=18100 loss=3.5486 pLoss=2.7371 vLoss=0.8089 pEnt=2.872 pIllM=0.0026 playedP=0.169 pW=0.46 pD=0.07 pL=0.46 vAbs=0.231 pLogitMean=-9.2920 vLogitMean=0.6182 gNorm=0.264 lr=0.0133 ms=2434.0 buf=500000 plies=154688868 games=2336791 rejected=0 skipped=0 epoch=0 mom=0.9125 lrCyc[pk=9.8e-01,tr=9.9e-04] trainerStep=18100
[LAYER-HEALTH] live trainerStep=18100 scope=batch_norm_state_only reluSites=9/10 ch=1040 dead=0 off=0 alwaysOn=0 worst=none maxBetaOverGamma=+1.84@policy.pre_bn[60] minBetaOverGamma=-1.77@blocks.2.bn2[85] rvMaxOverMedian=44.3@blocks.1.bn1[14] rezero=none nonFinite=0
[REPLAY] step=18150 loss=3.5138 pLoss=2.7160 vLoss=0.7953 pEnt=2.861 pIllM=0.0025 playedP=0.176 pW=0.47 pD=0.06 pL=0.47 vAbs=0.244 pLogitMean=-9.2906 vLogitMean=0.6153 gNorm=0.284 lr=0.0147 ms=2737.4 buf=500000 plies=155115483 games=2343231 rejected=0 skipped=0 epoch=0 mom=0.9109 lrCyc[pk=9.8e-01,tr=9.9e-04] trainerStep=18150
[LAYER-HEALTH] live trainerStep=18150 scope=batch_norm_state_only reluSites=9/10 ch=1040 dead=0 off=0 alwaysOn=0 worst=none maxBetaOverGamma=+1.84@policy.pre_bn[60] minBetaOverGamma=-1.76@blocks.2.bn2[85] rvMaxOverMedian=44.3@blocks.1.bn1[14] rezero=none nonFinite=0
[REPLAY] step=18200 loss=3.5135 pLoss=2.7179 vLoss=0.7932 pEnt=2.857 pIllM=0.0023 playedP=0.176 pW=0.47 pD=0.06 pL=0.47 vAbs=0.238 pLogitMean=-9.2920 vLogitMean=0.6181 gNorm=0.258 lr=0.0164 ms=2452.9 buf=500000 plies=155542152 games=2349566 rejected=0 skipped=0 epoch=0 mom=0.9094 lrCyc[pk=9.8e-01,tr=9.9e-04] trainerStep=18200
[LAYER-HEALTH] live trainerStep=18200 scope=batch_norm_state_only reluSites=9/10 ch=1040 dead=0 off=0 alwaysOn=0 worst=none maxBetaOverGamma=+1.85@policy.pre_bn[60] minBetaOverGamma=-1.76@blocks.2.bn2[85] rvMaxOverMedian=44.0@blocks.1.bn1[14] rezero=none nonFinite=0
[REPLAY] step=18250 loss=3.5712 pLoss=2.7621 vLoss=0.8068 pEnt=2.864 pIllM=0.0022 playedP=0.174 pW=0.47 pD=0.07 pL=0.46 vAbs=0.226 pLogitMean=-9.2894 vLogitMean=0.6165 gNorm=0.269 lr=0.0182 ms=2654.1 buf=500000 plies=155968775 games=2355958 rejected=0 skipped=0 epoch=0 mom=0.9079 lrCyc[pk=9.8e-01,tr=9.9e-04] trainerStep=18250
[LAYER-HEALTH] live trainerStep=18250 scope=batch_norm_state_only reluSites=9/10 ch=1040 dead=0 off=0 alwaysOn=0 worst=none maxBetaOverGamma=+1.86@policy.pre_bn[60] minBetaOverGamma=-1.76@blocks.2.bn2[85] rvMaxOverMedian=44.2@blocks.1.bn1[14] rezero=none nonFinite=0
[REPLAY] step=18300 loss=3.5380 pLoss=2.7331 vLoss=0.8024 pEnt=2.854 pIllM=0.0026 playedP=0.174 pW=0.47 pD=0.07 pL=0.46 vAbs=0.232 pLogitMean=-9.2901 vLogitMean=0.6164 gNorm=0.267 lr=0.0203 ms=2636.8 buf=500000 plies=156395431 games=2362358 rejected=0 skipped=0 epoch=0 mom=0.9063 lrCyc[pk=9.8e-01,tr=9.9e-04] trainerStep=18300
[LAYER-HEALTH] live trainerStep=18300 scope=batch_norm_state_only reluSites=9/10 ch=1040 dead=0 off=0 alwaysOn=0 worst=none maxBetaOverGamma=+1.87@policy.pre_bn[60] minBetaOverGamma=-1.76@blocks.2.bn2[85] rvMaxOverMedian=44.3@blocks.1.bn1[14] rezero=none nonFinite=0
[REPLAY] step=18350 loss=3.5221 pLoss=2.7126 vLoss=0.8073 pEnt=2.872 pIllM=0.0022 playedP=0.174 pW=0.47 pD=0.07 pL=0.47 vAbs=0.236 pLogitMean=-9.2862 vLogitMean=0.6181 gNorm=0.283 lr=0.0226 ms=2799.5 buf=500000 plies=156822085 games=2368700 rejected=0 skipped=0 epoch=0 mom=0.9047 lrCyc[pk=9.8e-01,tr=9.9e-04] trainerStep=18350
[LAYER-HEALTH] live trainerStep=18350 scope=batch_norm_state_only reluSites=9/10 ch=1040 dead=0 off=0 alwaysOn=0 worst=none maxBetaOverGamma=+1.86@policy.pre_bn[60] minBetaOverGamma=-1.76@blocks.2.bn2[85] rvMaxOverMedian=44.5@blocks.1.bn1[14] rezero=none nonFinite=0
[REPLAY] step=18400 loss=3.4940 pLoss=2.6872 vLoss=0.8043 pEnt=2.870 pIllM=0.0025 playedP=0.170 pW=0.47 pD=0.07 pL=0.46 vAbs=0.248 pLogitMean=-9.2868 vLogitMean=0.6177 gNorm=0.277 lr=0.0252 ms=2315.3 buf=500000 plies=157248771 games=2375126 rejected=0 skipped=0 epoch=0 mom=0.9032 lrCyc[pk=9.8e-01,tr=9.9e-04] trainerStep=18400
[LAYER-HEALTH] live trainerStep=18400 scope=batch_norm_state_only reluSites=9/10 ch=1040 dead=0 off=0 alwaysOn=0 worst=none maxBetaOverGamma=+1.87@policy.pre_bn[60] minBetaOverGamma=-1.77@blocks.2.bn2[85] rvMaxOverMedian=44.3@blocks.1.bn1[14] rezero=none nonFinite=0
[REPLAY] step=18450 loss=3.5377 pLoss=2.7232 vLoss=0.8122 pEnt=2.879 pIllM=0.0023 playedP=0.174 pW=0.48 pD=0.07 pL=0.46 vAbs=0.238 pLogitMean=-9.2871 vLogitMean=0.6163 gNorm=0.281 lr=0.028 ms=2135.1 buf=500000 plies=157675410 games=2381448 rejected=0 skipped=0 epoch=0 mom=0.9016 lrCyc[pk=9.8e-01,tr=9.9e-04] trainerStep=18450
[LAYER-HEALTH] live trainerStep=18450 scope=batch_norm_state_only reluSites=9/10 ch=1040 dead=0 off=0 alwaysOn=0 worst=none maxBetaOverGamma=+1.86@policy.pre_bn[60] minBetaOverGamma=-1.76@blocks.2.bn2[85] rvMaxOverMedian=44.1@blocks.1.bn1[14] rezero=none nonFinite=0
[REPLAY] step=18500 loss=3.5147 pLoss=2.7099 vLoss=0.8026 pEnt=2.865 pIllM=0.0023 playedP=0.173 pW=0.47 pD=0.06 pL=0.46 vAbs=0.237 pLogitMean=-9.2878 vLogitMean=0.6156 gNorm=0.264 lr=0.0312 ms=2393.2 buf=500000 plies=158102039 games=2387794 rejected=0 skipped=0 epoch=0 mom=0.9000 lrCyc[pk=9.8e-01,tr=9.9e-04] trainerStep=18500
[LAYER-HEALTH] live trainerStep=18500 scope=batch_norm_state_only reluSites=9/10 ch=1040 dead=0 off=0 alwaysOn=0 worst=none maxBetaOverGamma=+1.85@policy.pre_bn[60] minBetaOverGamma=-1.76@blocks.2.bn2[85] rvMaxOverMedian=44.0@blocks.1.bn1[14] rezero=none nonFinite=0
[REPLAY] step=18550 loss=3.5249 pLoss=2.7068 vLoss=0.8158 pEnt=2.858 pIllM=0.0023 playedP=0.175 pW=0.47 pD=0.07 pL=0.47 vAbs=0.229 pLogitMean=-9.2907 vLogitMean=0.6192 gNorm=0.275 lr=0.0348 ms=2127.1 buf=500000 plies=158528678 games=2394184 rejected=0 skipped=0 epoch=0 mom=0.8985 lrCyc[pk=9.8e-01,tr=9.9e-04] trainerStep=18550
[LAYER-HEALTH] live trainerStep=18550 scope=batch_norm_state_only reluSites=9/10 ch=1040 dead=0 off=0 alwaysOn=0 worst=none maxBetaOverGamma=+1.86@policy.pre_bn[60] minBetaOverGamma=-1.76@blocks.2.bn2[85] rvMaxOverMedian=44.0@blocks.1.bn1[14] rezero=none nonFinite=0
[REPLAY] step=18600 loss=3.5462 pLoss=2.7252 vLoss=0.8184 pEnt=2.857 pIllM=0.0025 playedP=0.173 pW=0.47 pD=0.07 pL=0.46 vAbs=0.234 pLogitMean=-9.2824 vLogitMean=0.6180 gNorm=0.270 lr=0.0388 ms=2456.9 buf=500000 plies=158955369 games=2400521 rejected=0 skipped=0 epoch=0 mom=0.8969 lrCyc[pk=9.8e-01,tr=9.9e-04] trainerStep=18600
[LAYER-HEALTH] live trainerStep=18600 scope=batch_norm_state_only reluSites=9/10 ch=1040 dead=0 off=0 alwaysOn=0 worst=none maxBetaOverGamma=+1.85@policy.pre_bn[60] minBetaOverGamma=-1.76@blocks.2.bn2[85] rvMaxOverMedian=44.2@blocks.1.bn1[14] rezero=none nonFinite=0
[REPLAY] step=18650 loss=3.5326 pLoss=2.7287 vLoss=0.8013 pEnt=2.857 pIllM=0.0026 playedP=0.173 pW=0.47 pD=0.07 pL=0.46 vAbs=0.234 pLogitMean=-9.2786 vLogitMean=0.6151 gNorm=0.278 lr=0.0432 ms=2425.2 buf=500000 plies=159381982 games=2406894 rejected=0 skipped=0 epoch=0 mom=0.8953 lrCyc[pk=9.8e-01,tr=9.9e-04] trainerStep=18650
[LAYER-HEALTH] live trainerStep=18650 scope=batch_norm_state_only reluSites=9/10 ch=1040 dead=0 off=0 alwaysOn=0 worst=none maxBetaOverGamma=+1.86@policy.pre_bn[60] minBetaOverGamma=-1.76@blocks.2.bn1[69] rvMaxOverMedian=44.6@blocks.1.bn1[14] rezero=none nonFinite=0
[REPLAY] step=18700 loss=3.4908 pLoss=2.6832 vLoss=0.8054 pEnt=2.839 pIllM=0.0021 playedP=0.174 pW=0.47 pD=0.07 pL=0.46 vAbs=0.240 pLogitMean=-9.2789 vLogitMean=0.6138 gNorm=0.263 lr=0.0481 ms=2175.6 buf=500000 plies=159808639 games=2413259 rejected=0 skipped=0 epoch=0 mom=0.8938 lrCyc[pk=9.8e-01,tr=9.9e-04] trainerStep=18700
[LAYER-HEALTH] live trainerStep=18700 scope=batch_norm_state_only reluSites=9/10 ch=1040 dead=0 off=0 alwaysOn=0 worst=none maxBetaOverGamma=+1.87@policy.pre_bn[60] minBetaOverGamma=-1.76@blocks.2.bn2[85] rvMaxOverMedian=43.8@blocks.1.bn1[14] rezero=none nonFinite=0
[REPLAY] step=18750 loss=3.5303 pLoss=2.7187 vLoss=0.8093 pEnt=2.847 pIllM=0.0023 playedP=0.179 pW=0.47 pD=0.06 pL=0.46 vAbs=0.238 pLogitMean=-9.2741 vLogitMean=0.6135 gNorm=0.286 lr=0.0536 ms=2026.6 buf=500000 plies=160235284 games=2419632 rejected=0 skipped=0 epoch=0 mom=0.8922 lrCyc[pk=9.8e-01,tr=9.9e-04] trainerStep=18750
[LAYER-HEALTH] live trainerStep=18750 scope=batch_norm_state_only reluSites=9/10 ch=1040 dead=0 off=0 alwaysOn=0 worst=none maxBetaOverGamma=+1.86@policy.pre_bn[60] minBetaOverGamma=-1.76@blocks.2.bn2[85] rvMaxOverMedian=43.6@blocks.1.bn1[14] rezero=none nonFinite=0
[REPLAY] step=18800 loss=3.4867 pLoss=2.6828 vLoss=0.8012 pEnt=2.848 pIllM=0.0027 playedP=0.179 pW=0.47 pD=0.07 pL=0.46 vAbs=0.251 pLogitMean=-9.2714 vLogitMean=0.6194 gNorm=0.284 lr=0.0596 ms=2576.1 buf=500000 plies=160661954 games=2426061 rejected=0 skipped=0 epoch=0 mom=0.8907 lrCyc[pk=9.8e-01,tr=9.9e-04] trainerStep=18800
[LAYER-HEALTH] live trainerStep=18800 scope=batch_norm_state_only reluSites=9/10 ch=1040 dead=0 off=0 alwaysOn=0 worst=none maxBetaOverGamma=+1.85@policy.pre_bn[60] minBetaOverGamma=-1.76@blocks.2.bn1[69] rvMaxOverMedian=43.5@blocks.1.bn1[14] rezero=none nonFinite=0
[REPLAY] step=18850 loss=3.5036 pLoss=2.7016 vLoss=0.7994 pEnt=2.847 pIllM=0.0025 playedP=0.175 pW=0.47 pD=0.07 pL=0.47 vAbs=0.248 pLogitMean=-9.2649 vLogitMean=0.6171 gNorm=0.275 lr=0.0663 ms=2601.5 buf=500000 plies=161088579 games=2432458 rejected=0 skipped=0 epoch=0 mom=0.8891 lrCyc[pk=9.8e-01,tr=9.9e-04] trainerStep=18850
[LAYER-HEALTH] live trainerStep=18850 scope=batch_norm_state_only reluSites=9/10 ch=1040 dead=0 off=0 alwaysOn=0 worst=none maxBetaOverGamma=+1.85@policy.pre_bn[60] minBetaOverGamma=-1.75@blocks.2.bn2[85] rvMaxOverMedian=43.8@blocks.1.bn1[14] rezero=none nonFinite=0
[REPLAY] step=18900 loss=3.5391 pLoss=2.7371 vLoss=0.7996 pEnt=2.873 pIllM=0.0024 playedP=0.170 pW=0.47 pD=0.07 pL=0.46 vAbs=0.226 pLogitMean=-9.2547 vLogitMean=0.6146 gNorm=0.280 lr=0.0737 ms=2691.8 buf=500000 plies=161515221 games=2438868 rejected=0 skipped=0 epoch=0 mom=0.8876 lrCyc[pk=9.8e-01,tr=9.9e-04] trainerStep=18900
[LAYER-HEALTH] live trainerStep=18900 scope=batch_norm_state_only reluSites=9/10 ch=1040 dead=0 off=0 alwaysOn=0 worst=none maxBetaOverGamma=+1.87@policy.pre_bn[60] minBetaOverGamma=-1.75@blocks.2.bn1[69] rvMaxOverMedian=43.6@blocks.1.bn1[14] rezero=none nonFinite=0
[REPLAY] step=18950 loss=3.5177 pLoss=2.7069 vLoss=0.8084 pEnt=2.862 pIllM=0.0024 playedP=0.173 pW=0.47 pD=0.07 pL=0.47 vAbs=0.237 pLogitMean=-9.2478 vLogitMean=0.6172 gNorm=0.285 lr=0.0818 ms=2215.6 buf=500000 plies=161941880 games=2445239 rejected=0 skipped=0 epoch=0 mom=0.8861 lrCyc[pk=9.8e-01,tr=9.9e-04] trainerStep=18950
[LAYER-HEALTH] live trainerStep=18950 scope=batch_norm_state_only reluSites=9/10 ch=1040 dead=0 off=0 alwaysOn=0 worst=none maxBetaOverGamma=+1.85@policy.pre_bn[60] minBetaOverGamma=-1.76@blocks.2.bn1[69] rvMaxOverMedian=44.8@blocks.1.bn1[14] rezero=none nonFinite=0
[REPLAY] step=19000 loss=3.4664 pLoss=2.6733 vLoss=0.7905 pEnt=2.845 pIllM=0.0027 playedP=0.179 pW=0.47 pD=0.07 pL=0.47 vAbs=0.251 pLogitMean=-9.2481 vLogitMean=0.6160 gNorm=0.298 lr=0.0907 ms=2530.6 buf=500000 plies=162368577 games=2451597 rejected=0 skipped=0 epoch=0 mom=0.8846 lrCyc[pk=9.8e-01,tr=9.9e-04] trainerStep=19000
[LAYER-HEALTH] live trainerStep=19000 scope=batch_norm_state_only reluSites=9/10 ch=1040 dead=0 off=0 alwaysOn=0 worst=none maxBetaOverGamma=+1.83@policy.pre_bn[60] minBetaOverGamma=-1.76@blocks.2.bn1[69] rvMaxOverMedian=44.6@blocks.1.bn1[14] rezero=none nonFinite=0
[REPLAY] saved trainer model (autosave) step=19000 trainerStep=19000 nextGame=2451597 shard=5 epoch=0 -> 20261005-lrBleakyall-cyc1-replay-latest.safetensors
[LAYER-HEALTH] checkpoint replay-autosave step=19000 trainerStep=19000 scope=all_tensors reluSites=9/10 ch=1040 dead=0 off=0 alwaysOn=0 worst=none maxBetaOverGamma=+1.83@policy.pre_bn[60] minBetaOverGamma=-1.76@blocks.2.bn1[69] rvMaxOverMedian=44.6@blocks.1.bn1[14] rezero=none nonFinite=0 seZeroVel=none valueFC1ZeroVel=0/128 maxAbs=13.52@blocks.0.bn2.running_var
[LAYER-HEALTH]   batch-norm sites — β/|γ|: dead < -3.00, mostly off < -2.00, always on > +3.00; classified for relu/leaky_relu only
[LAYER-HEALTH]     site            act            ch   dead    off     on  zeroγ nonfin  min β/|γ| [ch]     max β/|γ| [ch]     rv max/median [ch]
[LAYER-HEALTH]     stem.bn         -             128    n/a    n/a    n/a      0      0     -1.01 [11]         +0.30 [26]            3.5 [10]
[LAYER-HEALTH]     blocks.0.bn1    leaky_relu    128      0      0      0      0      0     -0.75 [47]         +0.29 [18]            4.1 [14]
[LAYER-HEALTH]     blocks.0.bn2    leaky_relu    128      0      0      0      0      0     -1.18 [122]        +0.07 [49]            4.9 [96]
[LAYER-HEALTH]     blocks.1.bn1    leaky_relu    128      0      0      0      0      0     -1.32 [11]         -0.29 [31]           44.6 [14]
[LAYER-HEALTH]     blocks.1.bn2    leaky_relu    128      0      0      0      0      0     -1.66 [80]         -0.47 [110]           5.4 [32]
[LAYER-HEALTH]     blocks.2.bn1    leaky_relu    128      0      0      0      0      0     -1.76 [69]         +0.75 [31]           38.6 [76]
[LAYER-HEALTH]     blocks.2.bn2    leaky_relu    128      0      0      0      0      0     -1.75 [85]         -0.10 [46]            3.5 [26]
[LAYER-HEALTH]     tower_final_bn  leaky_relu    128      0      0      0      0      0     -0.58 [16]         +1.34 [61]            4.0 [76]
[LAYER-HEALTH]     policy.pre_bn   leaky_relu    128      0      0      0      0      0     -1.30 [7]          +1.83 [60]            2.6 [22]
[LAYER-HEALTH]     value.bn        leaky_relu     16      0      0      0      0      0     -1.70 [12]         -0.69 [1]             2.4 [14]
[LAYER-HEALTH]   FC hidden-unit velocity — zero: every weight-velocity entry exactly 0; low: nonzero but < 5% of the layer's p90 unit norm
[LAYER-HEALTH]     value.fc1.weight  leaky_relu  units 128  zero 0  low 10  median unit norm 0.003529
[LAYER-HEALTH]     (no SE blocks)
[LAYER-HEALTH]   ReZero: none
[LAYER-HEALTH]   non-finite: 0 values in 0 of 102 tensors (10263038 values examined)
[LAYER-HEALTH]   largest |value|: blocks.0.bn2.running_var 13.52, blocks.2.bn1.running_var 8.604, blocks.1.bn1.running_var 8.265, policy.conv.bias 5.678, blocks.1.bn2.running_var 5.677
[REPLAY] enumerated checkpoint -> 20261005-lrBleakyall-cyc1-replay-step19000.safetensors
[REPLAY] step=19050 loss=3.5142 pLoss=2.7242 vLoss=0.7874 pEnt=2.848 pIllM=0.0026 playedP=0.176 pW=0.46 pD=0.07 pL=0.47 vAbs=0.240 pLogitMean=-9.2346 vLogitMean=0.6183 gNorm=0.293 lr=0.1 ms=1862.4 buf=500000 plies=162795201 games=2457916 rejected=0 skipped=0 epoch=0 mom=0.8831 lrCyc[pk=9.8e-01,tr=9.9e-04] trainerStep=19050
[LAYER-HEALTH] live trainerStep=19050 scope=batch_norm_state_only reluSites=9/10 ch=1040 dead=0 off=0 alwaysOn=0 worst=none maxBetaOverGamma=+1.85@policy.pre_bn[60] minBetaOverGamma=-1.76@blocks.2.bn1[11] rvMaxOverMedian=44.1@blocks.1.bn1[14] rezero=none nonFinite=0
[REPLAY] step=19100 loss=3.5119 pLoss=2.7255 vLoss=0.7838 pEnt=2.874 pIllM=0.0026 playedP=0.171 pW=0.46 pD=0.07 pL=0.48 vAbs=0.237 pLogitMean=-9.2315 vLogitMean=0.6146 gNorm=0.280 lr=0.111 ms=2330.6 buf=500000 plies=163221856 games=2464396 rejected=0 skipped=0 epoch=0 mom=0.8817 lrCyc[pk=9.8e-01,tr=9.9e-04] trainerStep=19100
[LAYER-HEALTH] live trainerStep=19100 scope=batch_norm_state_only reluSites=9/10 ch=1040 dead=0 off=0 alwaysOn=0 worst=none maxBetaOverGamma=+1.85@policy.pre_bn[60] minBetaOverGamma=-1.75@blocks.2.bn1[69] rvMaxOverMedian=44.2@blocks.1.bn1[14] rezero=none nonFinite=0
[REPLAY] step=19150 loss=3.5473 pLoss=2.7312 vLoss=0.8135 pEnt=2.858 pIllM=0.0026 playedP=0.175 pW=0.47 pD=0.07 pL=0.46 vAbs=0.216 pLogitMean=-9.2248 vLogitMean=0.6123 gNorm=0.311 lr=0.123 ms=2168.1 buf=500000 plies=163648489 games=2470775 rejected=0 skipped=0 epoch=0 mom=0.8802 lrCyc[pk=9.8e-01,tr=9.9e-04] trainerStep=19150
[LAYER-HEALTH] live trainerStep=19150 scope=batch_norm_state_only reluSites=9/10 ch=1040 dead=0 off=0 alwaysOn=0 worst=none maxBetaOverGamma=+1.83@policy.pre_bn[60] minBetaOverGamma=-1.76@blocks.2.bn1[69] rvMaxOverMedian=43.8@blocks.1.bn1[14] rezero=none nonFinite=0
[REPLAY] step=19200 loss=3.4869 pLoss=2.6741 vLoss=0.8102 pEnt=2.850 pIllM=0.0026 playedP=0.177 pW=0.47 pD=0.07 pL=0.46 vAbs=0.260 pLogitMean=-9.2162 vLogitMean=0.6148 gNorm=0.319 lr=0.136 ms=2376.1 buf=500000 plies=164075158 games=2477139 rejected=0 skipped=0 epoch=0 mom=0.8788 lrCyc[pk=9.8e-01,tr=9.9e-04] trainerStep=19200
[LAYER-HEALTH] live trainerStep=19200 scope=batch_norm_state_only reluSites=9/10 ch=1040 dead=0 off=0 alwaysOn=0 worst=none maxBetaOverGamma=+1.85@policy.pre_bn[60] minBetaOverGamma=-1.75@blocks.2.bn1[69] rvMaxOverMedian=44.5@blocks.1.bn1[14] rezero=none nonFinite=0
[REPLAY] step=19250 loss=3.5517 pLoss=2.7389 vLoss=0.8101 pEnt=2.888 pIllM=0.0026 playedP=0.166 pW=0.48 pD=0.07 pL=0.45 vAbs=0.238 pLogitMean=-9.2187 vLogitMean=0.6202 gNorm=0.309 lr=0.15 ms=1960.2 buf=500000 plies=164501797 games=2483470 rejected=0 skipped=0 epoch=0 mom=0.8774 lrCyc[pk=9.8e-01,tr=9.9e-04] trainerStep=19250
[LAYER-HEALTH] live trainerStep=19250 scope=batch_norm_state_only reluSites=9/10 ch=1040 dead=0 off=0 alwaysOn=0 worst=none maxBetaOverGamma=+1.86@policy.pre_bn[60] minBetaOverGamma=-1.75@blocks.2.bn2[85] rvMaxOverMedian=44.8@blocks.1.bn1[14] rezero=none nonFinite=0
[REPLAY] step=19300 loss=3.5158 pLoss=2.6985 vLoss=0.8145 pEnt=2.859 pIllM=0.0028 playedP=0.172 pW=0.47 pD=0.07 pL=0.46 vAbs=0.256 pLogitMean=-9.2013 vLogitMean=0.6217 gNorm=0.345 lr=0.165 ms=2256.1 buf=500000 plies=164928425 games=2489780 rejected=0 skipped=0 epoch=0 mom=0.8760 lrCyc[pk=9.8e-01,tr=9.9e-04] trainerStep=19300
[LAYER-HEALTH] live trainerStep=19300 scope=batch_norm_state_only reluSites=9/10 ch=1040 dead=0 off=0 alwaysOn=0 worst=none maxBetaOverGamma=+1.86@policy.pre_bn[60] minBetaOverGamma=-1.76@blocks.2.bn2[85] rvMaxOverMedian=44.5@blocks.1.bn1[14] rezero=none nonFinite=0
[REPLAY] step=19350 loss=3.5042 pLoss=2.6988 vLoss=0.8029 pEnt=2.851 pIllM=0.0025 playedP=0.177 pW=0.48 pD=0.07 pL=0.45 vAbs=0.243 pLogitMean=-9.1769 vLogitMean=0.6196 gNorm=0.301 lr=0.181 ms=2214.6 buf=500000 plies=165355138 games=2496115 rejected=0 skipped=0 epoch=0 mom=0.8746 lrCyc[pk=9.8e-01,tr=9.9e-04] trainerStep=19350
[LAYER-HEALTH] live trainerStep=19350 scope=batch_norm_state_only reluSites=9/10 ch=1040 dead=0 off=0 alwaysOn=0 worst=none maxBetaOverGamma=+1.83@policy.pre_bn[60] minBetaOverGamma=-1.77@blocks.2.bn1[69] rvMaxOverMedian=45.0@blocks.1.bn1[14] rezero=none nonFinite=0
[REPLAY] step=19400 loss=3.4952 pLoss=2.6977 vLoss=0.7945 pEnt=2.872 pIllM=0.0030 playedP=0.174 pW=0.47 pD=0.07 pL=0.47 vAbs=0.233 pLogitMean=-9.1716 vLogitMean=0.6167 gNorm=0.309 lr=0.198 ms=2493.4 buf=500000 plies=165781729 games=2502489 rejected=0 skipped=0 epoch=0 mom=0.8733 lrCyc[pk=9.8e-01,tr=9.9e-04] trainerStep=19400
[LAYER-HEALTH] live trainerStep=19400 scope=batch_norm_state_only reluSites=9/10 ch=1040 dead=0 off=0 alwaysOn=0 worst=none maxBetaOverGamma=+1.88@policy.pre_bn[60] minBetaOverGamma=-1.77@blocks.2.bn1[11] rvMaxOverMedian=44.2@blocks.1.bn1[14] rezero=none nonFinite=0
[REPLAY] step=19450 loss=3.5300 pLoss=2.7283 vLoss=0.7988 pEnt=2.875 pIllM=0.0029 playedP=0.170 pW=0.47 pD=0.06 pL=0.47 vAbs=0.239 pLogitMean=-9.1457 vLogitMean=0.6212 gNorm=0.310 lr=0.217 ms=2189.4 buf=500000 plies=166208476 games=2508903 rejected=0 skipped=0 epoch=0 mom=0.8720 lrCyc[pk=9.8e-01,tr=9.9e-04] trainerStep=19450
[LAYER-HEALTH] live trainerStep=19450 scope=batch_norm_state_only reluSites=9/10 ch=1040 dead=0 off=0 alwaysOn=0 worst=none maxBetaOverGamma=+1.93@policy.pre_bn[60] minBetaOverGamma=-1.75@blocks.2.bn1[69] rvMaxOverMedian=45.2@blocks.1.bn1[14] rezero=none nonFinite=0
[REPLAY] step=19500 loss=3.5220 pLoss=2.7075 vLoss=0.8114 pEnt=2.844 pIllM=0.0031 playedP=0.176 pW=0.47 pD=0.07 pL=0.46 vAbs=0.230 pLogitMean=-9.1347 vLogitMean=0.6214 gNorm=0.309 lr=0.237 ms=2557.9 buf=500000 plies=166635028 games=2515267 rejected=0 skipped=0 epoch=0 mom=0.8707 lrCyc[pk=9.8e-01,tr=9.9e-04] trainerStep=19500
[LAYER-HEALTH] live trainerStep=19500 scope=batch_norm_state_only reluSites=9/10 ch=1040 dead=0 off=0 alwaysOn=0 worst=none maxBetaOverGamma=+1.91@policy.pre_bn[60] minBetaOverGamma=-1.77@blocks.2.bn1[11] rvMaxOverMedian=46.3@blocks.1.bn1[14] rezero=none nonFinite=0
[REPLAY] step=19550 loss=3.5097 pLoss=2.7047 vLoss=0.8017 pEnt=2.861 pIllM=0.0033 playedP=0.172 pW=0.45 pD=0.07 pL=0.49 vAbs=0.230 pLogitMean=-9.1143 vLogitMean=0.6200 gNorm=0.342 lr=0.259 ms=2679.9 buf=500000 plies=167061742 games=2521662 rejected=0 skipped=0 epoch=0 mom=0.8694 lrCyc[pk=9.8e-01,tr=9.9e-04] trainerStep=19550
[LAYER-HEALTH] live trainerStep=19550 scope=batch_norm_state_only reluSites=9/10 ch=1040 dead=0 off=0 alwaysOn=0 worst=none maxBetaOverGamma=+1.83@policy.pre_bn[60] minBetaOverGamma=-1.78@blocks.2.bn1[11] rvMaxOverMedian=46.4@blocks.1.bn1[14] rezero=none nonFinite=0
[REPLAY] step=19600 loss=3.5526 pLoss=2.7274 vLoss=0.8223 pEnt=2.880 pIllM=0.0028 playedP=0.168 pW=0.46 pD=0.08 pL=0.46 vAbs=0.222 pLogitMean=-9.1097 vLogitMean=0.6218 gNorm=0.305 lr=0.281 ms=2369.2 buf=500000 plies=167488331 games=2528030 rejected=0 skipped=0 epoch=0 mom=0.8682 lrCyc[pk=9.8e-01,tr=9.9e-04] trainerStep=19600
[LAYER-HEALTH] live trainerStep=19600 scope=batch_norm_state_only reluSites=9/10 ch=1040 dead=0 off=0 alwaysOn=0 worst=none maxBetaOverGamma=+1.79@policy.pre_bn[60] minBetaOverGamma=-1.78@blocks.2.bn1[11] rvMaxOverMedian=46.6@blocks.1.bn1[14] rezero=none nonFinite=0
[REPLAY] step=19650 loss=3.5739 pLoss=2.7578 vLoss=0.8127 pEnt=2.831 pIllM=0.0033 playedP=0.178 pW=0.48 pD=0.07 pL=0.46 vAbs=0.219 pLogitMean=-9.0897 vLogitMean=0.6133 gNorm=0.321 lr=0.306 ms=1989.8 buf=500000 plies=167915022 games=2534370 rejected=0 skipped=0 epoch=0 mom=0.8670 lrCyc[pk=9.8e-01,tr=9.9e-04] trainerStep=19650
[LAYER-HEALTH] live trainerStep=19650 scope=batch_norm_state_only reluSites=9/10 ch=1040 dead=0 off=0 alwaysOn=0 worst=none maxBetaOverGamma=+1.76@policy.pre_bn[60] minBetaOverGamma=-1.79@blocks.2.bn1[69] rvMaxOverMedian=48.1@blocks.1.bn1[14] rezero=none nonFinite=0
[REPLAY] step=19700 loss=3.5492 pLoss=2.7630 vLoss=0.7822 pEnt=2.857 pIllM=0.0039 playedP=0.176 pW=0.48 pD=0.06 pL=0.45 vAbs=0.271 pLogitMean=-9.0736 vLogitMean=0.6137 gNorm=0.347 lr=0.331 ms=1819.1 buf=500000 plies=168341688 games=2540798 rejected=0 skipped=0 epoch=0 mom=0.8659 lrCyc[pk=9.8e-01,tr=9.9e-04] trainerStep=19700
[LAYER-HEALTH] live trainerStep=19700 scope=batch_norm_state_only reluSites=9/10 ch=1040 dead=0 off=0 alwaysOn=0 worst=none maxBetaOverGamma=+1.78@policy.pre_bn[60] minBetaOverGamma=-1.80@blocks.2.bn1[69] rvMaxOverMedian=47.4@blocks.1.bn1[14] rezero=none nonFinite=0
[REPLAY] step=19750 loss=3.5103 pLoss=2.7304 vLoss=0.7763 pEnt=2.875 pIllM=0.0037 playedP=0.168 pW=0.47 pD=0.06 pL=0.47 vAbs=0.253 pLogitMean=-9.0657 vLogitMean=0.6192 gNorm=0.336 lr=0.358 ms=2087.1 buf=500000 plies=168768321 games=2547178 rejected=0 skipped=0 epoch=0 mom=0.8647 lrCyc[pk=9.8e-01,tr=9.9e-04] trainerStep=19750
[LAYER-HEALTH] live trainerStep=19750 scope=batch_norm_state_only reluSites=9/10 ch=1040 dead=0 off=0 alwaysOn=0 worst=none maxBetaOverGamma=+1.81@policy.pre_bn[60] minBetaOverGamma=-1.79@blocks.2.bn1[69] rvMaxOverMedian=47.3@blocks.1.bn1[14] rezero=none nonFinite=0
[REPLAY] step=19800 loss=3.5205 pLoss=2.7164 vLoss=0.8000 pEnt=2.876 pIllM=0.0041 playedP=0.170 pW=0.45 pD=0.07 pL=0.48 vAbs=0.230 pLogitMean=-9.0424 vLogitMean=0.6154 gNorm=0.319 lr=0.386 ms=1885.2 buf=500000 plies=169194976 games=2553596 rejected=0 skipped=0 epoch=0 mom=0.8636 lrCyc[pk=9.8e-01,tr=9.9e-04] trainerStep=19800
[LAYER-HEALTH] live trainerStep=19800 scope=batch_norm_state_only reluSites=9/10 ch=1040 dead=0 off=0 alwaysOn=0 worst=none maxBetaOverGamma=+1.83@policy.pre_bn[60] minBetaOverGamma=-1.82@blocks.2.bn1[69] rvMaxOverMedian=48.7@blocks.1.bn1[14] rezero=none nonFinite=0
[REPLAY] step=19850 loss=3.5482 pLoss=2.7520 vLoss=0.7916 pEnt=2.869 pIllM=0.0045 playedP=0.167 pW=0.48 pD=0.07 pL=0.45 vAbs=0.257 pLogitMean=-9.0398 vLogitMean=0.6134 gNorm=0.333 lr=0.415 ms=1637.2 buf=500000 plies=169621609 games=2559939 rejected=0 skipped=0 epoch=0 mom=0.8626 lrCyc[pk=9.8e-01,tr=9.9e-04] trainerStep=19850
[LAYER-HEALTH] live trainerStep=19850 scope=batch_norm_state_only reluSites=9/10 ch=1040 dead=0 off=0 alwaysOn=0 worst=none maxBetaOverGamma=+1.80@policy.pre_bn[61] minBetaOverGamma=-1.81@blocks.2.bn1[69] rvMaxOverMedian=48.4@blocks.1.bn1[14] rezero=none nonFinite=0
[REPLAY] step=19900 loss=3.5193 pLoss=2.7035 vLoss=0.8116 pEnt=2.884 pIllM=0.0042 playedP=0.162 pW=0.45 pD=0.07 pL=0.48 vAbs=0.245 pLogitMean=-9.0251 vLogitMean=0.6191 gNorm=0.394 lr=0.445 ms=1910.5 buf=500000 plies=170048267 games=2566275 rejected=0 skipped=0 epoch=0 mom=0.8616 lrCyc[pk=9.8e-01,tr=9.9e-04] trainerStep=19900
[LAYER-HEALTH] live trainerStep=19900 scope=batch_norm_state_only reluSites=9/10 ch=1040 dead=0 off=0 alwaysOn=0 worst=none maxBetaOverGamma=+1.79@policy.pre_bn[61] minBetaOverGamma=-1.81@blocks.2.bn1[69] rvMaxOverMedian=49.0@blocks.1.bn1[14] rezero=none nonFinite=0
[REPLAY] step=19950 loss=3.5417 pLoss=2.7478 vLoss=0.7889 pEnt=2.818 pIllM=0.0050 playedP=0.177 pW=0.48 pD=0.07 pL=0.46 vAbs=0.246 pLogitMean=-9.0320 vLogitMean=0.6156 gNorm=0.351 lr=0.476 ms=1886.7 buf=500000 plies=170474903 games=2572676 rejected=0 skipped=0 epoch=0 mom=0.8606 lrCyc[pk=9.8e-01,tr=9.9e-04] trainerStep=19950
[LAYER-HEALTH] live trainerStep=19950 scope=batch_norm_state_only reluSites=9/10 ch=1040 dead=0 off=0 alwaysOn=0 worst=none maxBetaOverGamma=+1.81@policy.pre_bn[61] minBetaOverGamma=-1.81@blocks.2.bn1[69] rvMaxOverMedian=49.2@blocks.1.bn1[14] rezero=none nonFinite=0
[REPLAY] step=20000 loss=3.5244 pLoss=2.7278 vLoss=0.7921 pEnt=2.822 pIllM=0.0045 playedP=0.177 pW=0.47 pD=0.06 pL=0.46 vAbs=0.247 pLogitMean=-9.0432 vLogitMean=0.6139 gNorm=0.394 lr=0.508 ms=1961.0 buf=500000 plies=170901532 games=2579110 rejected=0 skipped=0 epoch=0 mom=0.8596 lrCyc[pk=9.8e-01,tr=9.9e-04] trainerStep=20000
[LAYER-HEALTH] live trainerStep=20000 scope=batch_norm_state_only reluSites=9/10 ch=1040 dead=0 off=0 alwaysOn=0 worst=none maxBetaOverGamma=+1.87@policy.pre_bn[60] minBetaOverGamma=-1.85@blocks.2.bn1[69] rvMaxOverMedian=48.5@blocks.1.bn1[14] rezero=none nonFinite=0
[REPLAY] saved trainer model (autosave) step=20000 trainerStep=20000 nextGame=2579110 shard=5 epoch=0 -> 20261005-lrBleakyall-cyc1-replay-latest.safetensors
[LAYER-HEALTH] checkpoint replay-autosave step=20000 trainerStep=20000 scope=all_tensors reluSites=9/10 ch=1040 dead=0 off=0 alwaysOn=0 worst=none maxBetaOverGamma=+1.87@policy.pre_bn[60] minBetaOverGamma=-1.85@blocks.2.bn1[69] rvMaxOverMedian=48.5@blocks.1.bn1[14] rezero=none nonFinite=0 seZeroVel=none valueFC1ZeroVel=0/128 maxAbs=11.58@blocks.0.bn2.running_var
[LAYER-HEALTH]   batch-norm sites — β/|γ|: dead < -3.00, mostly off < -2.00, always on > +3.00; classified for relu/leaky_relu only
[LAYER-HEALTH]     site            act            ch   dead    off     on  zeroγ nonfin  min β/|γ| [ch]     max β/|γ| [ch]     rv max/median [ch]
[LAYER-HEALTH]     stem.bn         -             128    n/a    n/a    n/a      0      0     -1.10 [11]         +0.31 [26]            3.9 [88]
[LAYER-HEALTH]     blocks.0.bn1    leaky_relu    128      0      0      0      0      0     -0.76 [47]         +0.30 [64]            4.3 [14]
[LAYER-HEALTH]     blocks.0.bn2    leaky_relu    128      0      0      0      0      0     -1.17 [79]         -0.04 [49]            4.9 [96]
[LAYER-HEALTH]     blocks.1.bn1    leaky_relu    128      0      0      0      0      0     -1.39 [11]         -0.31 [41]           48.5 [14]
[LAYER-HEALTH]     blocks.1.bn2    leaky_relu    128      0      0      0      0      0     -1.71 [80]         -0.50 [23]            5.8 [32]
[LAYER-HEALTH]     blocks.2.bn1    leaky_relu    128      0      0      0      0      0     -1.85 [69]         +0.67 [31]           35.3 [76]
[LAYER-HEALTH]     blocks.2.bn2    leaky_relu    128      0      0      0      0      0     -1.76 [85]         -0.10 [46]            3.5 [26]
[LAYER-HEALTH]     tower_final_bn  leaky_relu    128      0      0      0      0      0     -0.61 [16]         +1.36 [61]            3.9 [76]
[LAYER-HEALTH]     policy.pre_bn   leaky_relu    128      0      0      0      0      0     -1.36 [7]          +1.87 [60]            2.6 [22]
[LAYER-HEALTH]     value.bn        leaky_relu     16      0      0      0      0      0     -1.54 [4]          -0.60 [1]             2.3 [14]
[LAYER-HEALTH]   FC hidden-unit velocity — zero: every weight-velocity entry exactly 0; low: nonzero but < 5% of the layer's p90 unit norm
[LAYER-HEALTH]     value.fc1.weight  leaky_relu  units 128  zero 0  low 4  median unit norm 0.003829
[LAYER-HEALTH]     (no SE blocks)
[LAYER-HEALTH]   ReZero: none
[LAYER-HEALTH]   non-finite: 0 values in 0 of 102 tensors (10263038 values examined)
[LAYER-HEALTH]   largest |value|: blocks.0.bn2.running_var 11.58, blocks.1.bn1.running_var 8.777, blocks.2.bn1.running_var 8.025, policy.conv.bias 5.628, blocks.1.bn2.running_var 5.291
[REPLAY] enumerated checkpoint -> 20261005-lrBleakyall-cyc1-replay-step20000.safetensors
[REPLAY] step=20050 loss=3.5807 pLoss=2.7758 vLoss=0.7994 pEnt=2.845 pIllM=0.0054 playedP=0.175 pW=0.49 pD=0.06 pL=0.45 vAbs=0.238 pLogitMean=-9.0437 vLogitMean=0.6087 gNorm=0.334 lr=0.541 ms=2164.0 buf=500000 plies=171328186 games=2585485 rejected=0 skipped=0 epoch=0 mom=0.8587 lrCyc[pk=9.8e-01,tr=9.9e-04] trainerStep=20050
[LAYER-HEALTH] live trainerStep=20050 scope=batch_norm_state_only reluSites=9/10 ch=1040 dead=0 off=0 alwaysOn=0 worst=none maxBetaOverGamma=+1.83@policy.pre_bn[60] minBetaOverGamma=-1.86@blocks.2.bn1[69] rvMaxOverMedian=49.9@blocks.1.bn1[14] rezero=none nonFinite=0
[REPLAY] step=20100 loss=3.5119 pLoss=2.7201 vLoss=0.7864 pEnt=2.880 pIllM=0.0054 playedP=0.167 pW=0.47 pD=0.06 pL=0.47 vAbs=0.249 pLogitMean=-9.0528 vLogitMean=0.6121 gNorm=0.343 lr=0.574 ms=2078.0 buf=500000 plies=171754911 games=2591859 rejected=0 skipped=0 epoch=0 mom=0.8579 lrCyc[pk=9.8e-01,tr=9.9e-04] trainerStep=20100
[LAYER-HEALTH] live trainerStep=20100 scope=batch_norm_state_only reluSites=9/10 ch=1040 dead=0 off=0 alwaysOn=0 worst=none maxBetaOverGamma=+1.76@policy.pre_bn[60] minBetaOverGamma=-1.89@blocks.2.bn1[69] rvMaxOverMedian=49.2@blocks.1.bn1[14] rezero=none nonFinite=0
[REPLAY] step=20150 loss=3.5252 pLoss=2.7325 vLoss=0.7860 pEnt=2.845 pIllM=0.0067 playedP=0.173 pW=0.47 pD=0.06 pL=0.47 vAbs=0.245 pLogitMean=-9.0486 vLogitMean=0.6117 gNorm=0.401 lr=0.608 ms=2448.0 buf=500000 plies=172181470 games=2598180 rejected=0 skipped=0 epoch=0 mom=0.8571 lrCyc[pk=9.8e-01,tr=9.9e-04] trainerStep=20150
[LAYER-HEALTH] live trainerStep=20150 scope=batch_norm_state_only reluSites=9/10 ch=1040 dead=0 off=0 alwaysOn=0 worst=none maxBetaOverGamma=+1.74@policy.pre_bn[61] minBetaOverGamma=-1.90@blocks.2.bn1[69] rvMaxOverMedian=48.5@blocks.1.bn1[14] rezero=none nonFinite=0
[REPLAY] step=20200 loss=3.5667 pLoss=2.7614 vLoss=0.7995 pEnt=2.883 pIllM=0.0057 playedP=0.165 pW=0.48 pD=0.06 pL=0.45 vAbs=0.262 pLogitMean=-9.0636 vLogitMean=0.6020 gNorm=0.361 lr=0.641 ms=2074.5 buf=500000 plies=172608178 games=2604539 rejected=0 skipped=0 epoch=0 mom=0.8563 lrCyc[pk=9.8e-01,tr=9.9e-04] trainerStep=20200
[LAYER-HEALTH] live trainerStep=20200 scope=batch_norm_state_only reluSites=9/10 ch=1040 dead=0 off=0 alwaysOn=0 worst=none maxBetaOverGamma=+1.75@policy.pre_bn[61] minBetaOverGamma=-1.91@blocks.2.bn1[69] rvMaxOverMedian=48.0@blocks.1.bn1[14] rezero=none nonFinite=0
[REPLAY] step=20250 loss=3.5748 pLoss=2.7692 vLoss=0.7996 pEnt=2.828 pIllM=0.0059 playedP=0.169 pW=0.48 pD=0.06 pL=0.46 vAbs=0.234 pLogitMean=-9.0912 vLogitMean=0.6122 gNorm=0.411 lr=0.675 ms=2544.1 buf=500000 plies=173034811 games=2610901 rejected=0 skipped=0 epoch=0 mom=0.8555 lrCyc[pk=9.8e-01,tr=9.9e-04] trainerStep=20250
[LAYER-HEALTH] live trainerStep=20250 scope=batch_norm_state_only reluSites=9/10 ch=1040 dead=0 off=0 alwaysOn=0 worst=none maxBetaOverGamma=+1.76@policy.pre_bn[60] minBetaOverGamma=-1.90@blocks.2.bn1[69] rvMaxOverMedian=48.1@blocks.1.bn1[14] rezero=none nonFinite=0
[REPLAY] step=20300 loss=3.5569 pLoss=2.7575 vLoss=0.7929 pEnt=2.833 pIllM=0.0065 playedP=0.172 pW=0.46 pD=0.07 pL=0.47 vAbs=0.230 pLogitMean=-9.1152 vLogitMean=0.6115 gNorm=0.406 lr=0.707 ms=2236.4 buf=500000 plies=173461489 games=2617305 rejected=0 skipped=0 epoch=0 mom=0.8549 lrCyc[pk=9.8e-01,tr=9.9e-04] trainerStep=20300
[LAYER-HEALTH] live trainerStep=20300 scope=batch_norm_state_only reluSites=9/10 ch=1040 dead=0 off=0 alwaysOn=0 worst=none maxBetaOverGamma=+1.76@policy.pre_bn[60] minBetaOverGamma=-1.93@blocks.2.bn1[69] rvMaxOverMedian=49.7@blocks.1.bn1[14] rezero=none nonFinite=0
[REPLAY] step=20350 loss=3.5596 pLoss=2.7625 vLoss=0.7908 pEnt=2.842 pIllM=0.0062 playedP=0.171 pW=0.50 pD=0.06 pL=0.44 vAbs=0.262 pLogitMean=-9.1608 vLogitMean=0.6030 gNorm=0.384 lr=0.74 ms=2205.1 buf=500000 plies=173888121 games=2623732 rejected=0 skipped=0 epoch=0 mom=0.8542 lrCyc[pk=9.8e-01,tr=9.9e-04] trainerStep=20350
[LAYER-HEALTH] live trainerStep=20350 scope=batch_norm_state_only reluSites=9/10 ch=1040 dead=0 off=0 alwaysOn=0 worst=none maxBetaOverGamma=+1.78@policy.pre_bn[60] minBetaOverGamma=-1.92@blocks.2.bn1[69] rvMaxOverMedian=49.3@blocks.1.bn1[14] rezero=none nonFinite=0
[REPLAY] step=20400 loss=3.5209 pLoss=2.7192 vLoss=0.7948 pEnt=2.871 pIllM=0.0070 playedP=0.164 pW=0.45 pD=0.06 pL=0.49 vAbs=0.247 pLogitMean=-9.2206 vLogitMean=0.6077 gNorm=0.358 lr=0.771 ms=2349.6 buf=500000 plies=174314739 games=2630021 rejected=0 skipped=0 epoch=0 mom=0.8536 lrCyc[pk=9.8e-01,tr=9.9e-04] trainerStep=20400
[LAYER-HEALTH] live trainerStep=20400 scope=batch_norm_state_only reluSites=9/10 ch=1040 dead=0 off=0 alwaysOn=0 worst=none maxBetaOverGamma=+1.74@policy.pre_bn[60] minBetaOverGamma=-1.96@blocks.2.bn1[69] rvMaxOverMedian=50.1@blocks.1.bn1[14] rezero=none nonFinite=0
[REPLAY] step=20450 loss=3.5406 pLoss=2.7314 vLoss=0.8024 pEnt=2.838 pIllM=0.0068 playedP=0.176 pW=0.47 pD=0.07 pL=0.46 vAbs=0.225 pLogitMean=-9.2661 vLogitMean=0.6066 gNorm=0.372 lr=0.801 ms=2168.1 buf=500000 plies=174741369 games=2636397 rejected=0 skipped=0 epoch=0 mom=0.8531 lrCyc[pk=9.8e-01,tr=9.9e-04] trainerStep=20450
[LAYER-HEALTH] live trainerStep=20450 scope=batch_norm_state_only reluSites=9/10 ch=1040 dead=0 off=0 alwaysOn=0 worst=none maxBetaOverGamma=+1.75@policy.pre_bn[61] minBetaOverGamma=-1.96@blocks.2.bn1[69] rvMaxOverMedian=52.2@blocks.1.bn1[14] rezero=none nonFinite=0
[REPLAY] step=20500 loss=3.5296 pLoss=2.7304 vLoss=0.7922 pEnt=2.854 pIllM=0.0070 playedP=0.167 pW=0.47 pD=0.07 pL=0.46 vAbs=0.253 pLogitMean=-9.2926 vLogitMean=0.6035 gNorm=0.374 lr=0.83 ms=2638.0 buf=500000 plies=175168060 games=2642759 rejected=0 skipped=0 epoch=0 mom=0.8525 lrCyc[pk=9.8e-01,tr=9.9e-04] trainerStep=20500
[LAYER-HEALTH] live trainerStep=20500 scope=batch_norm_state_only reluSites=9/10 ch=1040 dead=0 off=0 alwaysOn=0 worst=none maxBetaOverGamma=+1.81@policy.pre_bn[60] minBetaOverGamma=-1.98@blocks.2.bn1[69] rvMaxOverMedian=52.2@blocks.1.bn1[14] rezero=none nonFinite=0
[REPLAY] step=20550 loss=3.5301 pLoss=2.7103 vLoss=0.8134 pEnt=2.840 pIllM=0.0064 playedP=0.165 pW=0.45 pD=0.07 pL=0.48 vAbs=0.251 pLogitMean=-9.3536 vLogitMean=0.6096 gNorm=0.401 lr=0.856 ms=2354.4 buf=500000 plies=175594727 games=2649157 rejected=0 skipped=0 epoch=0 mom=0.8521 lrCyc[pk=9.8e-01,tr=9.9e-04] trainerStep=20550
[LAYER-HEALTH] live trainerStep=20550 scope=batch_norm_state_only reluSites=9/10 ch=1040 dead=0 off=1 alwaysOn=0 worst=blocks.2.bn1(dead 0 off 1 on 0) maxBetaOverGamma=+1.87@policy.pre_bn[60] minBetaOverGamma=-2.03@blocks.2.bn1[69] rvMaxOverMedian=52.3@blocks.1.bn1[14] rezero=none nonFinite=0
[REPLAY] step=20600 loss=3.5874 pLoss=2.7780 vLoss=0.8028 pEnt=2.843 pIllM=0.0066 playedP=0.167 pW=0.47 pD=0.06 pL=0.47 vAbs=0.245 pLogitMean=-9.4017 vLogitMean=0.6103 gNorm=0.344 lr=0.881 ms=2160.2 buf=500000 plies=176021366 games=2655523 rejected=0 skipped=0 epoch=0 mom=0.8517 lrCyc[pk=9.8e-01,tr=9.9e-04] trainerStep=20600
[LAYER-HEALTH] live trainerStep=20600 scope=batch_norm_state_only reluSites=9/10 ch=1040 dead=0 off=1 alwaysOn=0 worst=blocks.2.bn1(dead 0 off 1 on 0) maxBetaOverGamma=+1.74@policy.pre_bn[61] minBetaOverGamma=-2.03@blocks.2.bn1[69] rvMaxOverMedian=54.5@blocks.1.bn1[14] rezero=none nonFinite=0
[REPLAY] step=20650 loss=3.5554 pLoss=2.7662 vLoss=0.7824 pEnt=2.841 pIllM=0.0068 playedP=0.166 pW=0.48 pD=0.07 pL=0.45 vAbs=0.227 pLogitMean=-9.4650 vLogitMean=0.6042 gNorm=0.382 lr=0.904 ms=1992.9 buf=500000 plies=176448015 games=2661911 rejected=0 skipped=0 epoch=0 mom=0.8513 lrCyc[pk=9.8e-01,tr=9.9e-04] trainerStep=20650
[LAYER-HEALTH] live trainerStep=20650 scope=batch_norm_state_only reluSites=9/10 ch=1040 dead=0 off=1 alwaysOn=0 worst=blocks.2.bn1(dead 0 off 1 on 0) maxBetaOverGamma=+1.77@policy.pre_bn[60] minBetaOverGamma=-2.08@blocks.2.bn1[69] rvMaxOverMedian=53.3@blocks.1.bn1[14] rezero=none nonFinite=0
[REPLAY] step=20700 loss=3.5170 pLoss=2.7196 vLoss=0.7891 pEnt=2.867 pIllM=0.0082 playedP=0.163 pW=0.46 pD=0.06 pL=0.48 vAbs=0.240 pLogitMean=-9.5352 vLogitMean=0.6095 gNorm=0.378 lr=0.924 ms=2374.7 buf=500000 plies=176874636 games=2668299 rejected=0 skipped=0 epoch=0 mom=0.8510 lrCyc[pk=9.8e-01,tr=9.9e-04] trainerStep=20700
[LAYER-HEALTH] live trainerStep=20700 scope=batch_norm_state_only reluSites=9/10 ch=1040 dead=0 off=1 alwaysOn=0 worst=blocks.2.bn1(dead 0 off 1 on 0) maxBetaOverGamma=+1.76@policy.pre_bn[60] minBetaOverGamma=-2.03@blocks.2.bn1[69] rvMaxOverMedian=53.7@blocks.1.bn1[14] rezero=none nonFinite=0
[REPLAY] step=20750 loss=3.5245 pLoss=2.7261 vLoss=0.7920 pEnt=2.848 pIllM=0.0064 playedP=0.168 pW=0.47 pD=0.06 pL=0.47 vAbs=0.243 pLogitMean=-9.6167 vLogitMean=0.6081 gNorm=0.361 lr=0.941 ms=1860.4 buf=500000 plies=177301274 games=2674663 rejected=0 skipped=0 epoch=0 mom=0.8507 lrCyc[pk=9.8e-01,tr=9.9e-04] trainerStep=20750
[LAYER-HEALTH] live trainerStep=20750 scope=batch_norm_state_only reluSites=9/10 ch=1040 dead=0 off=1 alwaysOn=0 worst=blocks.2.bn1(dead 0 off 1 on 0) maxBetaOverGamma=+1.77@policy.pre_bn[61] minBetaOverGamma=-2.07@blocks.2.bn1[69] rvMaxOverMedian=54.4@blocks.1.bn1[14] rezero=none nonFinite=0
[REPLAY] step=20800 loss=3.6041 pLoss=2.7961 vLoss=0.8006 pEnt=2.821 pIllM=0.0074 playedP=0.170 pW=0.47 pD=0.07 pL=0.46 vAbs=0.214 pLogitMean=-9.6714 vLogitMean=0.6015 gNorm=0.461 lr=0.956 ms=1898.3 buf=500000 plies=177727971 games=2681077 rejected=0 skipped=0 epoch=0 mom=0.8505 lrCyc[pk=9.8e-01,tr=9.9e-04] trainerStep=20800
[LAYER-HEALTH] live trainerStep=20800 scope=batch_norm_state_only reluSites=9/10 ch=1040 dead=0 off=1 alwaysOn=0 worst=blocks.2.bn1(dead 0 off 1 on 0) maxBetaOverGamma=+1.74@policy.pre_bn[60] minBetaOverGamma=-2.06@blocks.2.bn1[69] rvMaxOverMedian=55.1@blocks.1.bn1[14] rezero=none nonFinite=0
[REPLAY] step=20850 loss=3.5316 pLoss=2.7263 vLoss=0.7978 pEnt=2.837 pIllM=0.0075 playedP=0.167 pW=0.46 pD=0.07 pL=0.47 vAbs=0.235 pLogitMean=-9.7464 vLogitMean=0.6115 gNorm=0.360 lr=0.967 ms=2132.9 buf=500000 plies=178154597 games=2687451 rejected=0 skipped=0 epoch=0 mom=0.8503 lrCyc[pk=9.8e-01,tr=9.9e-04] trainerStep=20850
[LAYER-HEALTH] live trainerStep=20850 scope=batch_norm_state_only reluSites=9/10 ch=1040 dead=0 off=1 alwaysOn=0 worst=blocks.2.bn1(dead 0 off 1 on 0) maxBetaOverGamma=+1.80@policy.pre_bn[60] minBetaOverGamma=-2.06@blocks.2.bn1[69] rvMaxOverMedian=54.2@blocks.1.bn1[14] rezero=none nonFinite=0
[REPLAY] step=20900 loss=3.5272 pLoss=2.7268 vLoss=0.7934 pEnt=2.841 pIllM=0.0070 playedP=0.170 pW=0.49 pD=0.06 pL=0.44 vAbs=0.278 pLogitMean=-9.8069 vLogitMean=0.6108 gNorm=0.366 lr=0.975 ms=2387.6 buf=500000 plies=178581301 games=2693793 rejected=0 skipped=0 epoch=0 mom=0.8502 lrCyc[pk=9.8e-01,tr=9.9e-04] trainerStep=20900
[LAYER-HEALTH] live trainerStep=20900 scope=batch_norm_state_only reluSites=9/10 ch=1040 dead=0 off=1 alwaysOn=0 worst=blocks.2.bn1(dead 0 off 1 on 0) maxBetaOverGamma=+1.81@policy.pre_bn[60] minBetaOverGamma=-2.04@blocks.2.bn1[69] rvMaxOverMedian=56.1@blocks.1.bn1[14] rezero=none nonFinite=0
[REPLAY] step=20950 loss=3.5740 pLoss=2.7790 vLoss=0.7884 pEnt=2.837 pIllM=0.0065 playedP=0.170 pW=0.48 pD=0.06 pL=0.45 vAbs=0.250 pLogitMean=-9.8690 vLogitMean=0.6118 gNorm=0.326 lr=0.98 ms=2535.8 buf=500000 plies=179007955 games=2700192 rejected=0 skipped=0 epoch=0 mom=0.8501 lrCyc[pk=9.8e-01,tr=9.9e-04] trainerStep=20950
[LAYER-HEALTH] live trainerStep=20950 scope=batch_norm_state_only reluSites=9/10 ch=1040 dead=0 off=1 alwaysOn=0 worst=blocks.2.bn1(dead 0 off 1 on 0) maxBetaOverGamma=+1.96@policy.pre_bn[60] minBetaOverGamma=-2.11@blocks.2.bn1[69] rvMaxOverMedian=55.1@blocks.1.bn1[14] rezero=none nonFinite=0
[REPLAY] step=21000 loss=3.5695 pLoss=2.7805 vLoss=0.7820 pEnt=2.839 pIllM=0.0069 playedP=0.167 pW=0.50 pD=0.06 pL=0.44 vAbs=0.249 pLogitMean=-9.9150 vLogitMean=0.6113 gNorm=0.378 lr=0.982 ms=2603.3 buf=500000 plies=179434549 games=2706558 rejected=0 skipped=0 epoch=0 mom=0.8501 lrCyc[pk=9.8e-01,tr=9.9e-04] trainerStep=21000
[LAYER-HEALTH] live trainerStep=21000 scope=batch_norm_state_only reluSites=9/10 ch=1040 dead=0 off=1 alwaysOn=0 worst=blocks.2.bn1(dead 0 off 1 on 0) maxBetaOverGamma=+1.81@policy.pre_bn[60] minBetaOverGamma=-2.11@blocks.2.bn1[69] rvMaxOverMedian=55.8@blocks.1.bn1[14] rezero=none nonFinite=0
[REPLAY] saved trainer model (autosave) step=21000 trainerStep=21000 nextGame=2706558 shard=5 epoch=0 -> 20261005-lrBleakyall-cyc1-replay-latest.safetensors
[LAYER-HEALTH] checkpoint replay-autosave step=21000 trainerStep=21000 scope=all_tensors reluSites=9/10 ch=1040 dead=0 off=1 alwaysOn=0 worst=blocks.2.bn1(dead 0 off 1 on 0) maxBetaOverGamma=+1.81@policy.pre_bn[60] minBetaOverGamma=-2.11@blocks.2.bn1[69] rvMaxOverMedian=55.8@blocks.1.bn1[14] rezero=none nonFinite=0 seZeroVel=none valueFC1ZeroVel=0/128 maxAbs=10.83@blocks.1.bn1.running_var
[LAYER-HEALTH]   batch-norm sites — β/|γ|: dead < -3.00, mostly off < -2.00, always on > +3.00; classified for relu/leaky_relu only
[LAYER-HEALTH]     site            act            ch   dead    off     on  zeroγ nonfin  min β/|γ| [ch]     max β/|γ| [ch]     rv max/median [ch]
[LAYER-HEALTH]     stem.bn         -             128    n/a    n/a    n/a      0      0     -1.07 [69]         +0.36 [26]            4.6 [116]
[LAYER-HEALTH]     blocks.0.bn1    leaky_relu    128      0      0      0      0      0     -0.80 [47]         +0.29 [64]            4.5 [14]
[LAYER-HEALTH]     blocks.0.bn2    leaky_relu    128      0      0      0      0      0     -1.27 [122]        -0.13 [49]            4.1 [96]
[LAYER-HEALTH]     blocks.1.bn1    leaky_relu    128      0      0      0      0      0     -1.47 [11]         -0.34 [41]           55.8 [14]
[LAYER-HEALTH]     blocks.1.bn2    leaky_relu    128      0      0      0      0      0     -1.91 [80]         -0.51 [60]            6.5 [32]
[LAYER-HEALTH]     blocks.2.bn1    leaky_relu    128      0      1      0      0      0     -2.11 [69]         +0.60 [31]           31.0 [76]
[LAYER-HEALTH]     blocks.2.bn2    leaky_relu    128      0      0      0      0      0     -1.84 [85]         -0.22 [46]            3.3 [26]
[LAYER-HEALTH]     tower_final_bn  leaky_relu    128      0      0      0      0      0     -0.68 [16]         +1.38 [61]            4.3 [125]
[LAYER-HEALTH]     policy.pre_bn   leaky_relu    128      0      0      0      0      0     -1.42 [7]          +1.81 [60]            2.5 [22]
[LAYER-HEALTH]     value.bn        leaky_relu     16      0      0      0      0      0     -1.69 [6]          -0.80 [1]             2.1 [11]
[LAYER-HEALTH]   FC hidden-unit velocity — zero: every weight-velocity entry exactly 0; low: nonzero but < 5% of the layer's p90 unit norm
[LAYER-HEALTH]     value.fc1.weight  leaky_relu  units 128  zero 0  low 3  median unit norm 0.004746
[LAYER-HEALTH]     (no SE blocks)
[LAYER-HEALTH]   ReZero: none
[LAYER-HEALTH]   non-finite: 0 values in 0 of 102 tensors (10263038 values examined)
[LAYER-HEALTH]   largest |value|: blocks.1.bn1.running_var 10.83, blocks.0.bn2.running_var 10.14, blocks.2.bn1.running_var 7.614, blocks.1.bn2.running_var 5.559, policy.conv.bias 5.55
[REPLAY] enumerated checkpoint -> 20261005-lrBleakyall-cyc1-replay-step21000.safetensors
[REPLAY] step=21050 loss=3.4998 pLoss=2.7072 vLoss=0.7850 pEnt=2.865 pIllM=0.0075 playedP=0.162 pW=0.44 pD=0.06 pL=0.49 vAbs=0.249 pLogitMean=-9.9877 vLogitMean=0.6128 gNorm=0.348 lr=0.98 ms=2146.8 buf=500000 plies=179861183 games=2712894 rejected=0 skipped=0 epoch=0 mom=0.8501 lrCyc[pk=9.8e-01,tr=9.9e-04] trainerStep=21050
[LAYER-HEALTH] live trainerStep=21050 scope=batch_norm_state_only reluSites=9/10 ch=1040 dead=0 off=1 alwaysOn=0 worst=blocks.2.bn1(dead 0 off 1 on 0) maxBetaOverGamma=+1.80@policy.pre_bn[60] minBetaOverGamma=-2.11@blocks.2.bn1[69] rvMaxOverMedian=54.5@blocks.1.bn1[14] rezero=none nonFinite=0
[REPLAY] step=21100 loss=3.5329 pLoss=2.7317 vLoss=0.7940 pEnt=2.852 pIllM=0.0072 playedP=0.167 pW=0.45 pD=0.06 pL=0.49 vAbs=0.252 pLogitMean=-10.0493 vLogitMean=0.6091 gNorm=0.377 lr=0.975 ms=2349.9 buf=500000 plies=180287864 games=2719281 rejected=0 skipped=0 epoch=0 mom=0.8502 lrCyc[pk=9.8e-01,tr=9.9e-04] trainerStep=21100
[LAYER-HEALTH] live trainerStep=21100 scope=batch_norm_state_only reluSites=9/10 ch=1040 dead=0 off=2 alwaysOn=0 worst=blocks.2.bn1(dead 0 off 2 on 0) maxBetaOverGamma=+1.94@policy.pre_bn[60] minBetaOverGamma=-2.27@blocks.2.bn1[69] rvMaxOverMedian=54.5@blocks.1.bn1[14] rezero=none nonFinite=0
[REPLAY] step=21150 loss=3.5103 pLoss=2.7171 vLoss=0.7859 pEnt=2.852 pIllM=0.0073 playedP=0.164 pW=0.48 pD=0.07 pL=0.45 vAbs=0.274 pLogitMean=-10.0964 vLogitMean=0.6040 gNorm=0.395 lr=0.967 ms=2155.6 buf=500000 plies=180714511 games=2725593 rejected=0 skipped=0 epoch=0 mom=0.8503 lrCyc[pk=9.8e-01,tr=9.9e-04] trainerStep=21150
[LAYER-HEALTH] live trainerStep=21150 scope=batch_norm_state_only reluSites=9/10 ch=1040 dead=0 off=1 alwaysOn=0 worst=blocks.2.bn1(dead 0 off 1 on 0) maxBetaOverGamma=+1.80@policy.pre_bn[61] minBetaOverGamma=-2.19@blocks.2.bn1[69] rvMaxOverMedian=54.1@blocks.1.bn1[14] rezero=none nonFinite=0
[REPLAY] step=21200 loss=3.5141 pLoss=2.7207 vLoss=0.7860 pEnt=2.909 pIllM=0.0073 playedP=0.157 pW=0.46 pD=0.06 pL=0.48 vAbs=0.254 pLogitMean=-10.1109 vLogitMean=0.6091 gNorm=0.329 lr=0.955 ms=2640.1 buf=500000 plies=181141190 games=2731979 rejected=0 skipped=0 epoch=0 mom=0.8505 lrCyc[pk=9.8e-01,tr=9.9e-04] trainerStep=21200
[LAYER-HEALTH] live trainerStep=21200 scope=batch_norm_state_only reluSites=9/10 ch=1040 dead=0 off=2 alwaysOn=0 worst=blocks.2.bn1(dead 0 off 2 on 0) maxBetaOverGamma=+1.88@policy.pre_bn[60] minBetaOverGamma=-2.23@blocks.2.bn1[69] rvMaxOverMedian=55.8@blocks.1.bn1[14] rezero=none nonFinite=0
[REPLAY] step=21250 loss=3.5188 pLoss=2.7266 vLoss=0.7854 pEnt=2.818 pIllM=0.0068 playedP=0.171 pW=0.49 pD=0.07 pL=0.44 vAbs=0.257 pLogitMean=-10.1629 vLogitMean=0.6059 gNorm=0.413 lr=0.941 ms=2646.0 buf=500000 plies=181567782 games=2738369 rejected=0 skipped=0 epoch=0 mom=0.8507 lrCyc[pk=9.8e-01,tr=9.9e-04] trainerStep=21250
[LAYER-HEALTH] live trainerStep=21250 scope=batch_norm_state_only reluSites=9/10 ch=1040 dead=0 off=2 alwaysOn=0 worst=blocks.2.bn1(dead 0 off 1 on 0) maxBetaOverGamma=+1.84@policy.pre_bn[98] minBetaOverGamma=-2.24@blocks.2.bn1[69] rvMaxOverMedian=55.6@blocks.1.bn1[14] rezero=none nonFinite=0
[REPLAY] step=21300 loss=3.5326 pLoss=2.7288 vLoss=0.7977 pEnt=2.836 pIllM=0.0060 playedP=0.170 pW=0.45 pD=0.06 pL=0.48 vAbs=0.234 pLogitMean=-10.2004 vLogitMean=0.6065 gNorm=0.451 lr=0.923 ms=2088.7 buf=500000 plies=181994443 games=2744786 rejected=0 skipped=0 epoch=0 mom=0.8510 lrCyc[pk=9.8e-01,tr=9.9e-04] trainerStep=21300
[LAYER-HEALTH] live trainerStep=21300 scope=batch_norm_state_only reluSites=9/10 ch=1040 dead=0 off=3 alwaysOn=0 worst=blocks.1.bn2(dead 0 off 1 on 0) maxBetaOverGamma=+1.80@policy.pre_bn[108] minBetaOverGamma=-2.30@blocks.2.bn1[69] rvMaxOverMedian=56.1@blocks.1.bn1[14] rezero=none nonFinite=0
[REPLAY] step=21350 loss=3.5211 pLoss=2.7395 vLoss=0.7747 pEnt=2.807 pIllM=0.0070 playedP=0.175 pW=0.47 pD=0.06 pL=0.47 vAbs=0.262 pLogitMean=-10.2392 vLogitMean=0.6086 gNorm=0.464 lr=0.903 ms=2272.9 buf=500000 plies=182421165 games=2751135 rejected=0 skipped=0 epoch=0 mom=0.8513 lrCyc[pk=9.8e-01,tr=9.9e-04] trainerStep=21350
[LAYER-HEALTH] live trainerStep=21350 scope=batch_norm_state_only reluSites=9/10 ch=1040 dead=0 off=3 alwaysOn=0 worst=blocks.1.bn2(dead 0 off 1 on 0) maxBetaOverGamma=+1.81@policy.pre_bn[98] minBetaOverGamma=-2.28@blocks.2.bn1[69] rvMaxOverMedian=56.8@blocks.1.bn1[14] rezero=none nonFinite=0
[REPLAY] step=21400 loss=3.5166 pLoss=2.7197 vLoss=0.7909 pEnt=2.878 pIllM=0.0060 playedP=0.163 pW=0.48 pD=0.06 pL=0.45 vAbs=0.276 pLogitMean=-10.2651 vLogitMean=0.6116 gNorm=0.352 lr=0.881 ms=2232.5 buf=500000 plies=182847758 games=2757549 rejected=0 skipped=0 epoch=0 mom=0.8517 lrCyc[pk=9.8e-01,tr=9.9e-04] trainerStep=21400
[LAYER-HEALTH] live trainerStep=21400 scope=batch_norm_state_only reluSites=9/10 ch=1040 dead=0 off=2 alwaysOn=0 worst=blocks.2.bn1(dead 0 off 1 on 0) maxBetaOverGamma=+1.84@policy.pre_bn[60] minBetaOverGamma=-2.36@blocks.2.bn1[69] rvMaxOverMedian=57.8@blocks.1.bn1[14] rezero=none nonFinite=0
[REPLAY] step=21450 loss=3.5456 pLoss=2.7558 vLoss=0.7843 pEnt=2.885 pIllM=0.0056 playedP=0.162 pW=0.47 pD=0.06 pL=0.46 vAbs=0.256 pLogitMean=-10.2548 vLogitMean=0.6092 gNorm=0.334 lr=0.856 ms=1971.1 buf=500000 plies=183274434 games=2763942 rejected=0 skipped=0 epoch=0 mom=0.8521 lrCyc[pk=9.8e-01,tr=9.9e-04] trainerStep=21450
[LAYER-HEALTH] live trainerStep=21450 scope=batch_norm_state_only reluSites=9/10 ch=1040 dead=0 off=4 alwaysOn=0 worst=blocks.2.bn1(dead 0 off 2 on 0) maxBetaOverGamma=+1.90@policy.pre_bn[60] minBetaOverGamma=-2.31@blocks.2.bn1[69] rvMaxOverMedian=58.6@blocks.1.bn1[14] rezero=none nonFinite=0
[REPLAY] step=21500 loss=3.5471 pLoss=2.7741 vLoss=0.7674 pEnt=2.866 pIllM=0.0057 playedP=0.165 pW=0.47 pD=0.06 pL=0.47 vAbs=0.242 pLogitMean=-10.2999 vLogitMean=0.6135 gNorm=0.409 lr=0.829 ms=2603.7 buf=500000 plies=183701028 games=2770380 rejected=0 skipped=0 epoch=0 mom=0.8525 lrCyc[pk=9.8e-01,tr=9.9e-04] trainerStep=21500
[LAYER-HEALTH] live trainerStep=21500 scope=batch_norm_state_only reluSites=9/10 ch=1040 dead=0 off=3 alwaysOn=0 worst=blocks.2.bn1(dead 0 off 2 on 0) maxBetaOverGamma=+1.98@policy.pre_bn[60] minBetaOverGamma=-2.42@blocks.2.bn1[69] rvMaxOverMedian=60.6@blocks.1.bn1[14] rezero=none nonFinite=0
[REPLAY] step=21550 loss=3.5642 pLoss=2.7649 vLoss=0.7921 pEnt=2.865 pIllM=0.0072 playedP=0.165 pW=0.49 pD=0.06 pL=0.45 vAbs=0.244 pLogitMean=-10.2985 vLogitMean=0.6159 gNorm=0.289 lr=0.8 ms=2707.6 buf=500000 plies=184127695 games=2776765 rejected=0 skipped=0 epoch=0 mom=0.8531 lrCyc[pk=9.8e-01,tr=9.9e-04] trainerStep=21550
[LAYER-HEALTH] live trainerStep=21550 scope=batch_norm_state_only reluSites=9/10 ch=1040 dead=0 off=3 alwaysOn=0 worst=blocks.2.bn1(dead 0 off 2 on 0) maxBetaOverGamma=+1.87@policy.pre_bn[60] minBetaOverGamma=-2.36@blocks.2.bn1[69] rvMaxOverMedian=61.6@blocks.1.bn1[14] rezero=none nonFinite=0
[REPLAY] step=21600 loss=3.5847 pLoss=2.7924 vLoss=0.7858 pEnt=2.806 pIllM=0.0065 playedP=0.178 pW=0.47 pD=0.06 pL=0.46 vAbs=0.236 pLogitMean=-10.3084 vLogitMean=0.6174 gNorm=0.361 lr=0.77 ms=1818.3 buf=500000 plies=184554343 games=2783174 rejected=0 skipped=0 epoch=0 mom=0.8536 lrCyc[pk=9.8e-01,tr=9.9e-04] trainerStep=21600
[LAYER-HEALTH] live trainerStep=21600 scope=batch_norm_state_only reluSites=9/10 ch=1040 dead=0 off=3 alwaysOn=0 worst=blocks.2.bn1(dead 0 off 2 on 0) maxBetaOverGamma=+1.82@policy.pre_bn[108] minBetaOverGamma=-2.36@blocks.2.bn1[69] rvMaxOverMedian=62.1@blocks.1.bn1[14] rezero=none nonFinite=0
[REPLAY] step=21650 loss=3.5515 pLoss=2.7646 vLoss=0.7814 pEnt=2.836 pIllM=0.0056 playedP=0.171 pW=0.47 pD=0.06 pL=0.47 vAbs=0.241 pLogitMean=-10.3337 vLogitMean=0.6141 gNorm=0.370 lr=0.739 ms=2431.3 buf=500000 plies=184981023 games=2789520 rejected=0 skipped=0 epoch=0 mom=0.8542 lrCyc[pk=9.8e-01,tr=9.9e-04] trainerStep=21650
[LAYER-HEALTH] live trainerStep=21650 scope=batch_norm_state_only reluSites=9/10 ch=1040 dead=0 off=3 alwaysOn=0 worst=blocks.2.bn1(dead 0 off 2 on 0) maxBetaOverGamma=+1.80@policy.pre_bn[108] minBetaOverGamma=-2.29@blocks.2.bn1[69] rvMaxOverMedian=62.8@blocks.1.bn1[14] rezero=none nonFinite=0
[REPLAY] step=21700 loss=3.5333 pLoss=2.7398 vLoss=0.7882 pEnt=2.832 pIllM=0.0054 playedP=0.176 pW=0.48 pD=0.06 pL=0.46 vAbs=0.238 pLogitMean=-10.3488 vLogitMean=0.6052 gNorm=0.305 lr=0.707 ms=1940.1 buf=500000 plies=185407660 games=2795959 rejected=0 skipped=0 epoch=0 mom=0.8549 lrCyc[pk=9.8e-01,tr=9.9e-04] trainerStep=21700
[LAYER-HEALTH] live trainerStep=21700 scope=batch_norm_state_only reluSites=9/10 ch=1040 dead=0 off=4 alwaysOn=0 worst=blocks.2.bn1(dead 0 off 2 on 0) maxBetaOverGamma=+1.82@policy.pre_bn[60] minBetaOverGamma=-2.31@blocks.2.bn1[69] rvMaxOverMedian=61.9@blocks.1.bn1[14] rezero=none nonFinite=0
[REPLAY] step=21750 loss=3.5382 pLoss=2.7305 vLoss=0.8024 pEnt=2.904 pIllM=0.0052 playedP=0.161 pW=0.47 pD=0.06 pL=0.47 vAbs=0.244 pLogitMean=-10.3872 vLogitMean=0.6067 gNorm=0.307 lr=0.674 ms=2061.9 buf=500000 plies=185834280 games=2802397 rejected=0 skipped=0 epoch=0 mom=0.8555 lrCyc[pk=9.8e-01,tr=9.9e-04] trainerStep=21750
[LAYER-HEALTH] live trainerStep=21750 scope=batch_norm_state_only reluSites=9/10 ch=1040 dead=0 off=3 alwaysOn=0 worst=blocks.2.bn1(dead 0 off 2 on 0) maxBetaOverGamma=+1.82@policy.pre_bn[60] minBetaOverGamma=-2.31@blocks.2.bn1[69] rvMaxOverMedian=61.4@blocks.1.bn1[14] rezero=none nonFinite=0
[REPLAY] step=21800 loss=3.5954 pLoss=2.7743 vLoss=0.8160 pEnt=2.871 pIllM=0.0050 playedP=0.169 pW=0.50 pD=0.06 pL=0.43 vAbs=0.253 pLogitMean=-10.3828 vLogitMean=0.6064 gNorm=0.319 lr=0.64 ms=1881.9 buf=500000 plies=186260960 games=2808737 rejected=0 skipped=0 epoch=0 mom=0.8563 lrCyc[pk=9.8e-01,tr=9.9e-04] trainerStep=21800
[LAYER-HEALTH] live trainerStep=21800 scope=batch_norm_state_only reluSites=9/10 ch=1040 dead=0 off=2 alwaysOn=0 worst=blocks.2.bn1(dead 0 off 1 on 0) maxBetaOverGamma=+1.81@policy.pre_bn[108] minBetaOverGamma=-2.38@blocks.2.bn1[69] rvMaxOverMedian=63.4@blocks.1.bn1[14] rezero=none nonFinite=0
[REPLAY] step=21850 loss=3.5165 pLoss=2.7280 vLoss=0.7841 pEnt=2.872 pIllM=0.0044 playedP=0.163 pW=0.45 pD=0.06 pL=0.49 vAbs=0.228 pLogitMean=-10.4051 vLogitMean=0.6142 gNorm=0.341 lr=0.607 ms=1776.2 buf=500000 plies=186687612 games=2815143 rejected=0 skipped=0 epoch=0 mom=0.8571 lrCyc[pk=9.8e-01,tr=9.9e-04] trainerStep=21850
[LAYER-HEALTH] live trainerStep=21850 scope=batch_norm_state_only reluSites=9/10 ch=1040 dead=0 off=4 alwaysOn=0 worst=blocks.2.bn1(dead 0 off 2 on 0) maxBetaOverGamma=+1.89@policy.pre_bn[60] minBetaOverGamma=-2.29@blocks.2.bn1[69] rvMaxOverMedian=63.3@blocks.1.bn1[14] rezero=none nonFinite=0
[REPLAY] step=21900 loss=3.5097 pLoss=2.7149 vLoss=0.7899 pEnt=2.846 pIllM=0.0048 playedP=0.171 pW=0.46 pD=0.06 pL=0.48 vAbs=0.245 pLogitMean=-10.4026 vLogitMean=0.6081 gNorm=0.301 lr=0.573 ms=1522.2 buf=500000 plies=187114238 games=2821514 rejected=0 skipped=0 epoch=0 mom=0.8579 lrCyc[pk=9.8e-01,tr=9.9e-04] trainerStep=21900
[LAYER-HEALTH] live trainerStep=21900 scope=batch_norm_state_only reluSites=9/10 ch=1040 dead=0 off=2 alwaysOn=0 worst=blocks.1.bn2(dead 0 off 1 on 0) maxBetaOverGamma=+1.90@policy.pre_bn[60] minBetaOverGamma=-2.31@blocks.2.bn1[69] rvMaxOverMedian=64.1@blocks.1.bn1[14] rezero=none nonFinite=0
[REPLAY] step=21950 loss=3.4868 pLoss=2.6859 vLoss=0.7973 pEnt=2.857 pIllM=0.0036 playedP=0.172 pW=0.46 pD=0.07 pL=0.47 vAbs=0.254 pLogitMean=-10.3885 vLogitMean=0.6078 gNorm=0.336 lr=0.54 ms=2498.0 buf=500000 plies=187540898 games=2827872 rejected=0 skipped=0 epoch=0 mom=0.8587 lrCyc[pk=9.8e-01,tr=9.9e-04] trainerStep=21950
[LAYER-HEALTH] live trainerStep=21950 scope=batch_norm_state_only reluSites=9/10 ch=1040 dead=0 off=3 alwaysOn=0 worst=blocks.2.bn1(dead 0 off 2 on 0) maxBetaOverGamma=+2.00@policy.pre_bn[60] minBetaOverGamma=-2.27@blocks.2.bn1[69] rvMaxOverMedian=63.0@blocks.1.bn1[14] rezero=none nonFinite=0
[REPLAY] step=22000 loss=3.5086 pLoss=2.7161 vLoss=0.7887 pEnt=2.856 pIllM=0.0038 playedP=0.173 pW=0.47 pD=0.06 pL=0.46 vAbs=0.245 pLogitMean=-10.3923 vLogitMean=0.6093 gNorm=0.302 lr=0.508 ms=2558.3 buf=500000 plies=187967542 games=2834224 rejected=0 skipped=0 epoch=0 mom=0.8596 lrCyc[pk=9.8e-01,tr=9.9e-04] trainerStep=22000
[LAYER-HEALTH] live trainerStep=22000 scope=batch_norm_state_only reluSites=9/10 ch=1040 dead=0 off=3 alwaysOn=0 worst=blocks.2.bn1(dead 0 off 2 on 0) maxBetaOverGamma=+1.93@policy.pre_bn[60] minBetaOverGamma=-2.34@blocks.2.bn1[69] rvMaxOverMedian=63.1@blocks.1.bn1[14] rezero=none nonFinite=0
[REPLAY] saved trainer model (autosave) step=22000 trainerStep=22000 nextGame=2834224 shard=6 epoch=0 -> 20261005-lrBleakyall-cyc1-replay-latest.safetensors
[LAYER-HEALTH] checkpoint replay-autosave step=22000 trainerStep=22000 scope=all_tensors reluSites=9/10 ch=1040 dead=0 off=3 alwaysOn=0 worst=blocks.2.bn1(dead 0 off 2 on 0) maxBetaOverGamma=+1.93@policy.pre_bn[60] minBetaOverGamma=-2.34@blocks.2.bn1[69] rvMaxOverMedian=63.1@blocks.1.bn1[14] rezero=none nonFinite=0 seZeroVel=none valueFC1ZeroVel=0/128 maxAbs=12.21@blocks.1.bn1.running_var
[LAYER-HEALTH]   batch-norm sites — β/|γ|: dead < -3.00, mostly off < -2.00, always on > +3.00; classified for relu/leaky_relu only
[LAYER-HEALTH]     site            act            ch   dead    off     on  zeroγ nonfin  min β/|γ| [ch]     max β/|γ| [ch]     rv max/median [ch]
[LAYER-HEALTH]     stem.bn         -             128    n/a    n/a    n/a      0      0     -1.37 [69]         +0.38 [26]            3.7 [88]
[LAYER-HEALTH]     blocks.0.bn1    leaky_relu    128      0      0      0      0      0     -0.93 [47]         +0.42 [64]            5.2 [76]
[LAYER-HEALTH]     blocks.0.bn2    leaky_relu    128      0      0      0      0      0     -1.36 [71]         -0.09 [49]            3.9 [109]
[LAYER-HEALTH]     blocks.1.bn1    leaky_relu    128      0      0      0      0      0     -1.54 [11]         -0.35 [41]           63.1 [14]
[LAYER-HEALTH]     blocks.1.bn2    leaky_relu    128      0      1      0      0      0     -2.02 [80]         -0.53 [60]            6.6 [32]
[LAYER-HEALTH]     blocks.2.bn1    leaky_relu    128      0      2      0      0      0     -2.34 [69]         +0.78 [31]           32.6 [76]
[LAYER-HEALTH]     blocks.2.bn2    leaky_relu    128      0      0      0      0      0     -1.93 [85]         -0.27 [55]            3.2 [26]
[LAYER-HEALTH]     tower_final_bn  leaky_relu    128      0      0      0      0      0     -0.71 [16]         +1.47 [61]            4.9 [31]
[LAYER-HEALTH]     policy.pre_bn   leaky_relu    128      0      0      0      0      0     -1.49 [7]          +1.93 [60]            2.6 [103]
[LAYER-HEALTH]     value.bn        leaky_relu     16      0      0      0      0      0     -1.82 [15]         -0.69 [1]             2.3 [11]
[LAYER-HEALTH]   FC hidden-unit velocity — zero: every weight-velocity entry exactly 0; low: nonzero but < 5% of the layer's p90 unit norm
[LAYER-HEALTH]     value.fc1.weight  leaky_relu  units 128  zero 0  low 2  median unit norm 0.004794
[LAYER-HEALTH]     (no SE blocks)
[LAYER-HEALTH]   ReZero: none
[LAYER-HEALTH]   non-finite: 0 values in 0 of 102 tensors (10263038 values examined)
[LAYER-HEALTH]   largest |value|: blocks.1.bn1.running_var 12.21, blocks.0.bn2.running_var 9.852, blocks.2.bn1.running_var 7.279, policy.conv.bias 5.647, blocks.1.bn2.running_var 5.137
[REPLAY] enumerated checkpoint -> 20261005-lrBleakyall-cyc1-replay-step22000.safetensors
[REPLAY] step=22050 loss=3.5445 pLoss=2.7530 vLoss=0.7879 pEnt=2.861 pIllM=0.0036 playedP=0.172 pW=0.49 pD=0.06 pL=0.45 vAbs=0.250 pLogitMean=-10.4041 vLogitMean=0.6093 gNorm=0.332 lr=0.476 ms=2028.7 buf=500000 plies=188394212 games=2840559 rejected=0 skipped=0 epoch=0 mom=0.8606 lrCyc[pk=9.8e-01,tr=9.9e-04] trainerStep=22050
[LAYER-HEALTH] live trainerStep=22050 scope=batch_norm_state_only reluSites=9/10 ch=1040 dead=0 off=2 alwaysOn=0 worst=blocks.1.bn2(dead 0 off 1 on 0) maxBetaOverGamma=+1.88@policy.pre_bn[60] minBetaOverGamma=-2.36@blocks.2.bn1[69] rvMaxOverMedian=64.5@blocks.1.bn1[14] rezero=none nonFinite=0
[REPLAY] step=22100 loss=3.5303 pLoss=2.7268 vLoss=0.7999 pEnt=2.857 pIllM=0.0037 playedP=0.169 pW=0.46 pD=0.07 pL=0.47 vAbs=0.225 pLogitMean=-10.3957 vLogitMean=0.6084 gNorm=0.317 lr=0.444 ms=2470.9 buf=500000 plies=188820890 games=2846951 rejected=0 skipped=0 epoch=0 mom=0.8616 lrCyc[pk=9.8e-01,tr=9.9e-04] trainerStep=22100
[LAYER-HEALTH] live trainerStep=22100 scope=batch_norm_state_only reluSites=9/10 ch=1040 dead=0 off=4 alwaysOn=0 worst=blocks.2.bn1(dead 0 off 2 on 0) maxBetaOverGamma=+1.83@policy.pre_bn[60] minBetaOverGamma=-2.37@blocks.2.bn1[69] rvMaxOverMedian=66.0@blocks.1.bn1[14] rezero=none nonFinite=0
[REPLAY] step=22150 loss=3.5393 pLoss=2.7299 vLoss=0.8055 pEnt=2.853 pIllM=0.0038 playedP=0.174 pW=0.47 pD=0.06 pL=0.47 vAbs=0.265 pLogitMean=-10.4011 vLogitMean=0.6087 gNorm=0.307 lr=0.414 ms=2047.3 buf=500000 plies=189247602 games=2853319 rejected=0 skipped=0 epoch=0 mom=0.8626 lrCyc[pk=9.8e-01,tr=9.9e-04] trainerStep=22150
[LAYER-HEALTH] live trainerStep=22150 scope=batch_norm_state_only reluSites=9/10 ch=1040 dead=0 off=4 alwaysOn=0 worst=blocks.2.bn1(dead 0 off 2 on 0) maxBetaOverGamma=+1.81@policy.pre_bn[108] minBetaOverGamma=-2.38@blocks.2.bn1[69] rvMaxOverMedian=65.6@blocks.1.bn1[14] rezero=none nonFinite=0
[REPLAY] step=22200 loss=3.5642 pLoss=2.7477 vLoss=0.8131 pEnt=2.905 pIllM=0.0034 playedP=0.163 pW=0.47 pD=0.07 pL=0.47 vAbs=0.237 pLogitMean=-10.3858 vLogitMean=0.6119 gNorm=0.290 lr=0.385 ms=2090.7 buf=500000 plies=189674204 games=2859740 rejected=0 skipped=0 epoch=0 mom=0.8636 lrCyc[pk=9.8e-01,tr=9.9e-04] trainerStep=22200
[LAYER-HEALTH] live trainerStep=22200 scope=batch_norm_state_only reluSites=9/10 ch=1040 dead=0 off=3 alwaysOn=0 worst=blocks.2.bn1(dead 0 off 2 on 0) maxBetaOverGamma=+1.82@policy.pre_bn[108] minBetaOverGamma=-2.38@blocks.2.bn1[69] rvMaxOverMedian=65.6@blocks.1.bn1[14] rezero=none nonFinite=0
[REPLAY] step=22250 loss=3.5565 pLoss=2.7371 vLoss=0.8152 pEnt=2.877 pIllM=0.0042 playedP=0.170 pW=0.47 pD=0.07 pL=0.46 vAbs=0.211 pLogitMean=-10.3804 vLogitMean=0.6113 gNorm=0.258 lr=0.357 ms=2567.3 buf=500000 plies=190100807 games=2866090 rejected=0 skipped=0 epoch=0 mom=0.8647 lrCyc[pk=9.8e-01,tr=9.9e-04] trainerStep=22250
[LAYER-HEALTH] live trainerStep=22250 scope=batch_norm_state_only reluSites=9/10 ch=1040 dead=0 off=3 alwaysOn=0 worst=blocks.2.bn1(dead 0 off 2 on 0) maxBetaOverGamma=+1.81@policy.pre_bn[108] minBetaOverGamma=-2.40@blocks.2.bn1[69] rvMaxOverMedian=65.7@blocks.1.bn1[14] rezero=none nonFinite=0
[REPLAY] step=22300 loss=3.5192 pLoss=2.7161 vLoss=0.7996 pEnt=2.832 pIllM=0.0035 playedP=0.183 pW=0.48 pD=0.07 pL=0.45 vAbs=0.229 pLogitMean=-10.3945 vLogitMean=0.6059 gNorm=0.289 lr=0.33 ms=2071.7 buf=500000 plies=190527441 games=2872452 rejected=0 skipped=0 epoch=0 mom=0.8659 lrCyc[pk=9.8e-01,tr=9.9e-04] trainerStep=22300
[LAYER-HEALTH] live trainerStep=22300 scope=batch_norm_state_only reluSites=9/10 ch=1040 dead=0 off=3 alwaysOn=0 worst=blocks.2.bn1(dead 0 off 2 on 0) maxBetaOverGamma=+1.82@policy.pre_bn[108] minBetaOverGamma=-2.39@blocks.2.bn1[69] rvMaxOverMedian=65.5@blocks.1.bn1[14] rezero=none nonFinite=0
[REPLAY] step=22350 loss=3.5275 pLoss=2.7323 vLoss=0.7922 pEnt=2.890 pIllM=0.0030 playedP=0.168 pW=0.46 pD=0.06 pL=0.48 vAbs=0.234 pLogitMean=-10.3831 vLogitMean=0.6185 gNorm=0.288 lr=0.305 ms=2386.4 buf=500000 plies=190954133 games=2878871 rejected=0 skipped=0 epoch=0 mom=0.8670 lrCyc[pk=9.8e-01,tr=9.9e-04] trainerStep=22350
[LAYER-HEALTH] live trainerStep=22350 scope=batch_norm_state_only reluSites=9/10 ch=1040 dead=0 off=5 alwaysOn=0 worst=blocks.2.bn1(dead 0 off 2 on 0) maxBetaOverGamma=+1.82@policy.pre_bn[108] minBetaOverGamma=-2.39@blocks.2.bn1[69] rvMaxOverMedian=65.5@blocks.1.bn1[14] rezero=none nonFinite=0
[REPLAY] step=22400 loss=3.5050 pLoss=2.7033 vLoss=0.7982 pEnt=2.857 pIllM=0.0035 playedP=0.175 pW=0.48 pD=0.06 pL=0.47 vAbs=0.248 pLogitMean=-10.3758 vLogitMean=0.6172 gNorm=0.286 lr=0.281 ms=1927.4 buf=500000 plies=191380766 games=2885315 rejected=0 skipped=0 epoch=0 mom=0.8682 lrCyc[pk=9.8e-01,tr=9.9e-04] trainerStep=22400
[LAYER-HEALTH] live trainerStep=22400 scope=batch_norm_state_only reluSites=9/10 ch=1040 dead=0 off=5 alwaysOn=0 worst=blocks.2.bn1(dead 0 off 2 on 0) maxBetaOverGamma=+1.83@policy.pre_bn[108] minBetaOverGamma=-2.41@blocks.2.bn1[69] rvMaxOverMedian=65.6@blocks.1.bn1[14] rezero=none nonFinite=0
[REPLAY] step=22450 loss=3.5299 pLoss=2.7414 vLoss=0.7851 pEnt=2.864 pIllM=0.0034 playedP=0.171 pW=0.47 pD=0.06 pL=0.47 vAbs=0.230 pLogitMean=-10.3653 vLogitMean=0.6143 gNorm=0.290 lr=0.258 ms=2414.9 buf=500000 plies=191807426 games=2891700 rejected=0 skipped=0 epoch=0 mom=0.8694 lrCyc[pk=9.8e-01,tr=9.9e-04] trainerStep=22450
[LAYER-HEALTH] live trainerStep=22450 scope=batch_norm_state_only reluSites=9/10 ch=1040 dead=0 off=4 alwaysOn=0 worst=blocks.2.bn1(dead 0 off 2 on 0) maxBetaOverGamma=+1.83@policy.pre_bn[60] minBetaOverGamma=-2.39@blocks.2.bn1[69] rvMaxOverMedian=66.3@blocks.1.bn1[14] rezero=none nonFinite=0
[REPLAY] step=22500 loss=3.5299 pLoss=2.7215 vLoss=0.8053 pEnt=2.861 pIllM=0.0031 playedP=0.172 pW=0.48 pD=0.06 pL=0.46 vAbs=0.237 pLogitMean=-10.3586 vLogitMean=0.6129 gNorm=0.289 lr=0.237 ms=2748.8 buf=500000 plies=192234025 games=2898113 rejected=0 skipped=0 epoch=0 mom=0.8707 lrCyc[pk=9.8e-01,tr=9.9e-04] trainerStep=22500
[LAYER-HEALTH] live trainerStep=22500 scope=batch_norm_state_only reluSites=9/10 ch=1040 dead=0 off=4 alwaysOn=0 worst=blocks.2.bn1(dead 0 off 2 on 0) maxBetaOverGamma=+1.82@policy.pre_bn[108] minBetaOverGamma=-2.40@blocks.2.bn1[69] rvMaxOverMedian=65.5@blocks.1.bn1[14] rezero=none nonFinite=0
[REPLAY] step=22550 loss=3.5208 pLoss=2.7106 vLoss=0.8075 pEnt=2.875 pIllM=0.0026 playedP=0.171 pW=0.47 pD=0.06 pL=0.47 vAbs=0.227 pLogitMean=-10.3580 vLogitMean=0.6185 gNorm=0.291 lr=0.216 ms=3010.2 buf=500000 plies=192660721 games=2904531 rejected=0 skipped=0 epoch=0 mom=0.8720 lrCyc[pk=9.8e-01,tr=9.9e-04] trainerStep=22550
[LAYER-HEALTH] live trainerStep=22550 scope=batch_norm_state_only reluSites=9/10 ch=1040 dead=0 off=3 alwaysOn=0 worst=blocks.2.bn1(dead 0 off 2 on 0) maxBetaOverGamma=+1.83@policy.pre_bn[108] minBetaOverGamma=-2.36@blocks.2.bn1[69] rvMaxOverMedian=65.8@blocks.1.bn1[14] rezero=none nonFinite=0
[REPLAY] step=22600 loss=3.5394 pLoss=2.7413 vLoss=0.7953 pEnt=2.843 pIllM=0.0027 playedP=0.177 pW=0.47 pD=0.06 pL=0.46 vAbs=0.217 pLogitMean=-10.3534 vLogitMean=0.6173 gNorm=0.276 lr=0.198 ms=2737.5 buf=500000 plies=193087343 games=2910983 rejected=0 skipped=0 epoch=0 mom=0.8733 lrCyc[pk=9.8e-01,tr=9.9e-04] trainerStep=22600
[LAYER-HEALTH] live trainerStep=22600 scope=batch_norm_state_only reluSites=9/10 ch=1040 dead=0 off=4 alwaysOn=0 worst=blocks.2.bn1(dead 0 off 2 on 0) maxBetaOverGamma=+1.83@policy.pre_bn[60] minBetaOverGamma=-2.37@blocks.2.bn1[69] rvMaxOverMedian=68.4@blocks.1.bn1[14] rezero=none nonFinite=0
[REPLAY] step=22650 loss=3.4946 pLoss=2.7050 vLoss=0.7871 pEnt=2.856 pIllM=0.0026 playedP=0.177 pW=0.47 pD=0.06 pL=0.47 vAbs=0.222 pLogitMean=-10.3553 vLogitMean=0.6155 gNorm=0.254 lr=0.18 ms=2796.1 buf=500000 plies=193513988 games=2917290 rejected=0 skipped=0 epoch=0 mom=0.8746 lrCyc[pk=9.8e-01,tr=9.9e-04] trainerStep=22650
[LAYER-HEALTH] live trainerStep=22650 scope=batch_norm_state_only reluSites=9/10 ch=1040 dead=0 off=5 alwaysOn=0 worst=value.bn(dead 0 off 3 on 0) maxBetaOverGamma=+1.85@policy.pre_bn[60] minBetaOverGamma=-2.38@blocks.2.bn1[69] rvMaxOverMedian=69.3@blocks.1.bn1[14] rezero=none nonFinite=0
[REPLAY] step=22700 loss=3.5530 pLoss=2.7527 vLoss=0.7979 pEnt=2.880 pIllM=0.0024 playedP=0.167 pW=0.48 pD=0.06 pL=0.47 vAbs=0.234 pLogitMean=-10.3523 vLogitMean=0.6160 gNorm=0.260 lr=0.164 ms=2290.4 buf=500000 plies=193940668 games=2923694 rejected=0 skipped=0 epoch=0 mom=0.8760 lrCyc[pk=9.8e-01,tr=9.9e-04] trainerStep=22700
[LAYER-HEALTH] live trainerStep=22700 scope=batch_norm_state_only reluSites=9/10 ch=1040 dead=0 off=5 alwaysOn=0 worst=value.bn(dead 0 off 3 on 0) maxBetaOverGamma=+1.90@policy.pre_bn[60] minBetaOverGamma=-2.37@blocks.2.bn1[69] rvMaxOverMedian=70.7@blocks.1.bn1[14] rezero=none nonFinite=0
[REPLAY] step=22750 loss=3.5425 pLoss=2.7381 vLoss=0.8020 pEnt=2.894 pIllM=0.0025 playedP=0.168 pW=0.47 pD=0.06 pL=0.46 vAbs=0.231 pLogitMean=-10.3478 vLogitMean=0.6136 gNorm=0.263 lr=0.149 ms=2402.3 buf=500000 plies=194367284 games=2930075 rejected=0 skipped=0 epoch=0 mom=0.8774 lrCyc[pk=9.8e-01,tr=9.9e-04] trainerStep=22750
[LAYER-HEALTH] live trainerStep=22750 scope=batch_norm_state_only reluSites=9/10 ch=1040 dead=0 off=4 alwaysOn=0 worst=value.bn(dead 0 off 3 on 0) maxBetaOverGamma=+1.89@policy.pre_bn[60] minBetaOverGamma=-2.41@blocks.2.bn1[69] rvMaxOverMedian=71.8@blocks.1.bn1[14] rezero=none nonFinite=0
[REPLAY] step=22800 loss=3.5210 pLoss=2.7192 vLoss=0.7994 pEnt=2.872 pIllM=0.0024 playedP=0.174 pW=0.47 pD=0.06 pL=0.47 vAbs=0.213 pLogitMean=-10.3446 vLogitMean=0.6122 gNorm=0.269 lr=0.135 ms=2431.4 buf=500000 plies=194793945 games=2936475 rejected=0 skipped=0 epoch=0 mom=0.8788 lrCyc[pk=9.8e-01,tr=9.9e-04] trainerStep=22800
[LAYER-HEALTH] live trainerStep=22800 scope=batch_norm_state_only reluSites=9/10 ch=1040 dead=0 off=3 alwaysOn=0 worst=value.bn(dead 0 off 2 on 0) maxBetaOverGamma=+1.86@policy.pre_bn[60] minBetaOverGamma=-2.39@blocks.2.bn1[69] rvMaxOverMedian=68.1@blocks.1.bn1[14] rezero=none nonFinite=0
[REPLAY] step=22850 loss=3.5348 pLoss=2.7217 vLoss=0.8105 pEnt=2.863 pIllM=0.0025 playedP=0.175 pW=0.47 pD=0.07 pL=0.46 vAbs=0.223 pLogitMean=-10.3418 vLogitMean=0.6133 gNorm=0.273 lr=0.123 ms=2467.3 buf=500000 plies=195220587 games=2942879 rejected=0 skipped=0 epoch=0 mom=0.8802 lrCyc[pk=9.8e-01,tr=9.9e-04] trainerStep=22850
[LAYER-HEALTH] live trainerStep=22850 scope=batch_norm_state_only reluSites=9/10 ch=1040 dead=0 off=4 alwaysOn=0 worst=blocks.2.bn1(dead 0 off 2 on 0) maxBetaOverGamma=+1.84@policy.pre_bn[60] minBetaOverGamma=-2.39@blocks.2.bn1[69] rvMaxOverMedian=68.9@blocks.1.bn1[14] rezero=none nonFinite=0
[REPLAY] step=22900 loss=3.5288 pLoss=2.7187 vLoss=0.8079 pEnt=2.869 pIllM=0.0023 playedP=0.174 pW=0.47 pD=0.07 pL=0.47 vAbs=0.225 pLogitMean=-10.3430 vLogitMean=0.6102 gNorm=0.252 lr=0.111 ms=2687.2 buf=500000 plies=195647308 games=2949286 rejected=0 skipped=0 epoch=0 mom=0.8817 lrCyc[pk=9.8e-01,tr=9.9e-04] trainerStep=22900
[LAYER-HEALTH] live trainerStep=22900 scope=batch_norm_state_only reluSites=9/10 ch=1040 dead=0 off=5 alwaysOn=0 worst=blocks.2.bn1(dead 0 off 2 on 0) maxBetaOverGamma=+1.83@policy.pre_bn[60] minBetaOverGamma=-2.37@blocks.2.bn1[69] rvMaxOverMedian=71.3@blocks.1.bn1[14] rezero=none nonFinite=0
[REPLAY] step=22950 loss=3.5507 pLoss=2.7482 vLoss=0.8002 pEnt=2.865 pIllM=0.0023 playedP=0.175 pW=0.47 pD=0.07 pL=0.46 vAbs=0.233 pLogitMean=-10.3417 vLogitMean=0.6127 gNorm=0.268 lr=0.1 ms=2476.4 buf=500000 plies=196073908 games=2955722 rejected=0 skipped=0 epoch=0 mom=0.8831 lrCyc[pk=9.8e-01,tr=9.9e-04] trainerStep=22950
[LAYER-HEALTH] live trainerStep=22950 scope=batch_norm_state_only reluSites=9/10 ch=1040 dead=0 off=5 alwaysOn=0 worst=blocks.2.bn1(dead 0 off 2 on 0) maxBetaOverGamma=+1.85@policy.pre_bn[60] minBetaOverGamma=-2.37@blocks.2.bn1[69] rvMaxOverMedian=72.0@blocks.1.bn1[14] rezero=none nonFinite=0
[REPLAY] step=23000 loss=3.5249 pLoss=2.7178 vLoss=0.8049 pEnt=2.863 pIllM=0.0022 playedP=0.174 pW=0.47 pD=0.06 pL=0.47 vAbs=0.238 pLogitMean=-10.3360 vLogitMean=0.6152 gNorm=0.267 lr=0.0904 ms=2591.7 buf=500000 plies=196500576 games=2962130 rejected=0 skipped=0 epoch=0 mom=0.8846 lrCyc[pk=9.8e-01,tr=9.9e-04] trainerStep=23000
[LAYER-HEALTH] live trainerStep=23000 scope=batch_norm_state_only reluSites=9/10 ch=1040 dead=0 off=5 alwaysOn=0 worst=blocks.2.bn1(dead 0 off 2 on 0) maxBetaOverGamma=+1.86@policy.pre_bn[60] minBetaOverGamma=-2.36@blocks.2.bn1[69] rvMaxOverMedian=72.7@blocks.1.bn1[14] rezero=none nonFinite=0
[REPLAY] saved trainer model (autosave) step=23000 trainerStep=23000 nextGame=2962130 shard=6 epoch=0 -> 20261005-lrBleakyall-cyc1-replay-latest.safetensors
[LAYER-HEALTH] checkpoint replay-autosave step=23000 trainerStep=23000 scope=all_tensors reluSites=9/10 ch=1040 dead=0 off=5 alwaysOn=0 worst=blocks.2.bn1(dead 0 off 2 on 0) maxBetaOverGamma=+1.86@policy.pre_bn[60] minBetaOverGamma=-2.36@blocks.2.bn1[69] rvMaxOverMedian=72.7@blocks.1.bn1[14] rezero=none nonFinite=0 seZeroVel=none valueFC1ZeroVel=0/128 maxAbs=12.57@blocks.1.bn1.running_var
[LAYER-HEALTH]   batch-norm sites — β/|γ|: dead < -3.00, mostly off < -2.00, always on > +3.00; classified for relu/leaky_relu only
[LAYER-HEALTH]     site            act            ch   dead    off     on  zeroγ nonfin  min β/|γ| [ch]     max β/|γ| [ch]     rv max/median [ch]
[LAYER-HEALTH]     stem.bn         -             128    n/a    n/a    n/a      0      0     -1.46 [69]         +0.38 [26]            5.3 [88]
[LAYER-HEALTH]     blocks.0.bn1    leaky_relu    128      0      0      0      0      0     -0.96 [47]         +0.39 [64]            5.7 [76]
[LAYER-HEALTH]     blocks.0.bn2    leaky_relu    128      0      0      0      0      0     -1.36 [71]         +0.09 [49]            3.9 [96]
[LAYER-HEALTH]     blocks.1.bn1    leaky_relu    128      0      0      0      0      0     -1.53 [11]         -0.36 [41]           72.7 [14]
[LAYER-HEALTH]     blocks.1.bn2    leaky_relu    128      0      1      0      0      0     -2.02 [80]         -0.55 [60]            6.6 [32]
[LAYER-HEALTH]     blocks.2.bn1    leaky_relu    128      0      2      0      0      0     -2.36 [69]         +0.92 [31]           31.3 [76]
[LAYER-HEALTH]     blocks.2.bn2    leaky_relu    128      0      0      0      0      0     -1.93 [85]         -0.23 [46]            3.4 [26]
[LAYER-HEALTH]     tower_final_bn  leaky_relu    128      0      0      0      0      0     -0.70 [16]         +1.51 [61]            5.5 [31]
[LAYER-HEALTH]     policy.pre_bn   leaky_relu    128      0      0      0      0      0     -1.50 [7]          +1.86 [60]            2.7 [103]
[LAYER-HEALTH]     value.bn        leaky_relu     16      0      2      0      0      0     -2.29 [15]         -0.69 [1]             2.3 [11]
[LAYER-HEALTH]   FC hidden-unit velocity — zero: every weight-velocity entry exactly 0; low: nonzero but < 5% of the layer's p90 unit norm
[LAYER-HEALTH]     value.fc1.weight  leaky_relu  units 128  zero 0  low 12  median unit norm 0.003379
[LAYER-HEALTH]     (no SE blocks)
[LAYER-HEALTH]   ReZero: none
[LAYER-HEALTH]   non-finite: 0 values in 0 of 102 tensors (10263038 values examined)
[LAYER-HEALTH]   largest |value|: blocks.1.bn1.running_var 12.57, blocks.0.bn2.running_var 9.357, blocks.2.bn1.running_var 6.743, policy.conv.bias 5.723, policy.pre_bn.bias 4.638
[REPLAY] enumerated checkpoint -> 20261005-lrBleakyall-cyc1-replay-step23000.safetensors
[REPLAY] step=23050 loss=3.5537 pLoss=2.7417 vLoss=0.8097 pEnt=2.856 pIllM=0.0023 playedP=0.175 pW=0.47 pD=0.07 pL=0.46 vAbs=0.237 pLogitMean=-10.3532 vLogitMean=0.6103 gNorm=0.258 lr=0.0815 ms=2684.5 buf=500000 plies=196927193 games=2968472 rejected=0 skipped=0 epoch=0 mom=0.8861 lrCyc[pk=9.8e-01,tr=9.9e-04] trainerStep=23050
[LAYER-HEALTH] live trainerStep=23050 scope=batch_norm_state_only reluSites=9/10 ch=1040 dead=0 off=5 alwaysOn=0 worst=blocks.2.bn1(dead 0 off 2 on 0) maxBetaOverGamma=+1.87@policy.pre_bn[60] minBetaOverGamma=-2.36@blocks.2.bn1[69] rvMaxOverMedian=72.1@blocks.1.bn1[14] rezero=none nonFinite=0
[REPLAY] step=23100 loss=3.4838 pLoss=2.6783 vLoss=0.8033 pEnt=2.858 pIllM=0.0022 playedP=0.179 pW=0.46 pD=0.06 pL=0.47 vAbs=0.243 pLogitMean=-10.3490 vLogitMean=0.6125 gNorm=0.260 lr=0.0734 ms=2520.1 buf=500000 plies=197353878 games=2974827 rejected=0 skipped=0 epoch=0 mom=0.8876 lrCyc[pk=9.8e-01,tr=9.9e-04] trainerStep=23100
[LAYER-HEALTH] live trainerStep=23100 scope=batch_norm_state_only reluSites=9/10 ch=1040 dead=0 off=5 alwaysOn=0 worst=blocks.2.bn1(dead 0 off 2 on 0) maxBetaOverGamma=+1.85@policy.pre_bn[60] minBetaOverGamma=-2.36@blocks.2.bn1[69] rvMaxOverMedian=73.8@blocks.1.bn1[14] rezero=none nonFinite=0
[REPLAY] step=23150 loss=3.5193 pLoss=2.7112 vLoss=0.8057 pEnt=2.857 pIllM=0.0023 playedP=0.176 pW=0.47 pD=0.07 pL=0.46 vAbs=0.235 pLogitMean=-10.3483 vLogitMean=0.6134 gNorm=0.255 lr=0.0661 ms=2004.4 buf=500000 plies=197780481 games=2981222 rejected=0 skipped=0 epoch=0 mom=0.8892 lrCyc[pk=9.8e-01,tr=9.9e-04] trainerStep=23150
[LAYER-HEALTH] live trainerStep=23150 scope=batch_norm_state_only reluSites=9/10 ch=1040 dead=0 off=5 alwaysOn=0 worst=blocks.2.bn1(dead 0 off 2 on 0) maxBetaOverGamma=+1.90@policy.pre_bn[60] minBetaOverGamma=-2.37@blocks.2.bn1[69] rvMaxOverMedian=73.0@blocks.1.bn1[14] rezero=none nonFinite=0
[REPLAY] step=23200 loss=3.5295 pLoss=2.7385 vLoss=0.7890 pEnt=2.881 pIllM=0.0020 playedP=0.172 pW=0.48 pD=0.06 pL=0.46 vAbs=0.235 pLogitMean=-10.3458 vLogitMean=0.6117 gNorm=0.257 lr=0.0594 ms=2733.7 buf=500000 plies=198207137 games=2987655 rejected=0 skipped=0 epoch=0 mom=0.8907 lrCyc[pk=9.8e-01,tr=9.9e-04] trainerStep=23200
[LAYER-HEALTH] live trainerStep=23200 scope=batch_norm_state_only reluSites=9/10 ch=1040 dead=0 off=5 alwaysOn=0 worst=blocks.2.bn1(dead 0 off 2 on 0) maxBetaOverGamma=+1.88@policy.pre_bn[60] minBetaOverGamma=-2.36@blocks.2.bn1[69] rvMaxOverMedian=73.1@blocks.1.bn1[14] rezero=none nonFinite=0
[REPLAY] step=23250 loss=3.5274 pLoss=2.7117 vLoss=0.8135 pEnt=2.875 pIllM=0.0022 playedP=0.172 pW=0.47 pD=0.06 pL=0.47 vAbs=0.243 pLogitMean=-10.3435 vLogitMean=0.6112 gNorm=0.265 lr=0.0534 ms=2452.5 buf=500000 plies=198633801 games=2994067 rejected=0 skipped=0 epoch=0 mom=0.8922 lrCyc[pk=9.8e-01,tr=9.9e-04] trainerStep=23250
[LAYER-HEALTH] live trainerStep=23250 scope=batch_norm_state_only reluSites=9/10 ch=1040 dead=0 off=5 alwaysOn=0 worst=blocks.2.bn1(dead 0 off 2 on 0) maxBetaOverGamma=+1.88@policy.pre_bn[60] minBetaOverGamma=-2.36@blocks.2.bn1[69] rvMaxOverMedian=72.5@blocks.1.bn1[14] rezero=none nonFinite=0
[REPLAY] step=23300 loss=3.5255 pLoss=2.7200 vLoss=0.8036 pEnt=2.879 pIllM=0.0020 playedP=0.170 pW=0.47 pD=0.06 pL=0.46 vAbs=0.234 pLogitMean=-10.3482 vLogitMean=0.6119 gNorm=0.258 lr=0.048 ms=2899.7 buf=500000 plies=199060473 games=3000444 rejected=0 skipped=0 epoch=0 mom=0.8938 lrCyc[pk=9.8e-01,tr=9.9e-04] trainerStep=23300
[LAYER-HEALTH] live trainerStep=23300 scope=batch_norm_state_only reluSites=9/10 ch=1040 dead=0 off=5 alwaysOn=0 worst=blocks.2.bn1(dead 0 off 2 on 0) maxBetaOverGamma=+1.89@policy.pre_bn[60] minBetaOverGamma=-2.36@blocks.2.bn1[69] rvMaxOverMedian=73.2@blocks.1.bn1[14] rezero=none nonFinite=0
[REPLAY] step=23350 loss=3.5349 pLoss=2.7269 vLoss=0.8061 pEnt=2.869 pIllM=0.0019 playedP=0.174 pW=0.47 pD=0.07 pL=0.47 vAbs=0.232 pLogitMean=-10.3513 vLogitMean=0.6115 gNorm=0.250 lr=0.0431 ms=2541.6 buf=500000 plies=199487112 games=3006830 rejected=0 skipped=0 epoch=0 mom=0.8954 lrCyc[pk=9.8e-01,tr=9.9e-04] trainerStep=23350
[LAYER-HEALTH] live trainerStep=23350 scope=batch_norm_state_only reluSites=9/10 ch=1040 dead=0 off=5 alwaysOn=0 worst=blocks.2.bn1(dead 0 off 2 on 0) maxBetaOverGamma=+1.89@policy.pre_bn[60] minBetaOverGamma=-2.36@blocks.2.bn1[69] rvMaxOverMedian=73.9@blocks.1.bn1[14] rezero=none nonFinite=0
[REPLAY] step=23400 loss=3.4949 pLoss=2.6924 vLoss=0.8005 pEnt=2.860 pIllM=0.0020 playedP=0.178 pW=0.47 pD=0.06 pL=0.47 vAbs=0.251 pLogitMean=-10.3465 vLogitMean=0.6133 gNorm=0.260 lr=0.0387 ms=1885.2 buf=500000 plies=199913754 games=3013268 rejected=0 skipped=0 epoch=0 mom=0.8969 lrCyc[pk=9.8e-01,tr=9.9e-04] trainerStep=23400
[LAYER-HEALTH] live trainerStep=23400 scope=batch_norm_state_only reluSites=9/10 ch=1040 dead=0 off=5 alwaysOn=0 worst=blocks.2.bn1(dead 0 off 2 on 0) maxBetaOverGamma=+1.88@policy.pre_bn[60] minBetaOverGamma=-2.36@blocks.2.bn1[69] rvMaxOverMedian=73.2@blocks.1.bn1[14] rezero=none nonFinite=0
[REPLAY] step=23450 loss=3.5601 pLoss=2.7539 vLoss=0.8041 pEnt=2.862 pIllM=0.0021 playedP=0.176 pW=0.47 pD=0.07 pL=0.46 vAbs=0.221 pLogitMean=-10.3445 vLogitMean=0.6116 gNorm=0.253 lr=0.0347 ms=2371.3 buf=500000 plies=200340443 games=3019704 rejected=0 skipped=0 epoch=0 mom=0.8985 lrCyc[pk=9.8e-01,tr=9.9e-04] trainerStep=23450
[LAYER-HEALTH] live trainerStep=23450 scope=batch_norm_state_only reluSites=9/10 ch=1040 dead=0 off=5 alwaysOn=0 worst=blocks.2.bn1(dead 0 off 2 on 0) maxBetaOverGamma=+1.89@policy.pre_bn[60] minBetaOverGamma=-2.37@blocks.2.bn1[69] rvMaxOverMedian=72.6@blocks.1.bn1[14] rezero=none nonFinite=0
[REPLAY] step=23500 loss=3.5493 pLoss=2.7441 vLoss=0.8035 pEnt=2.881 pIllM=0.0017 playedP=0.174 pW=0.47 pD=0.06 pL=0.47 vAbs=0.230 pLogitMean=-10.3490 vLogitMean=0.6118 gNorm=0.251 lr=0.0311 ms=2338.7 buf=500000 plies=200767036 games=3026157 rejected=0 skipped=0 epoch=0 mom=0.9001 lrCyc[pk=9.8e-01,tr=9.9e-04] trainerStep=23500
[LAYER-HEALTH] live trainerStep=23500 scope=batch_norm_state_only reluSites=9/10 ch=1040 dead=0 off=5 alwaysOn=0 worst=blocks.2.bn1(dead 0 off 2 on 0) maxBetaOverGamma=+1.89@policy.pre_bn[60] minBetaOverGamma=-2.36@blocks.2.bn1[69] rvMaxOverMedian=72.8@blocks.1.bn1[14] rezero=none nonFinite=0
[REPLAY] step=23550 loss=3.5228 pLoss=2.7348 vLoss=0.7860 pEnt=2.880 pIllM=0.0020 playedP=0.174 pW=0.47 pD=0.06 pL=0.47 vAbs=0.235 pLogitMean=-10.3456 vLogitMean=0.6108 gNorm=0.271 lr=0.0279 ms=2345.7 buf=500000 plies=201193718 games=3032597 rejected=0 skipped=0 epoch=0 mom=0.9016 lrCyc[pk=9.8e-01,tr=9.9e-04] trainerStep=23550
[LAYER-HEALTH] live trainerStep=23550 scope=batch_norm_state_only reluSites=9/10 ch=1040 dead=0 off=5 alwaysOn=0 worst=blocks.2.bn1(dead 0 off 2 on 0) maxBetaOverGamma=+1.89@policy.pre_bn[60] minBetaOverGamma=-2.36@blocks.2.bn1[69] rvMaxOverMedian=74.4@blocks.1.bn1[14] rezero=none nonFinite=0
[REPLAY] step=23600 loss=3.5081 pLoss=2.7028 vLoss=0.8034 pEnt=2.890 pIllM=0.0019 playedP=0.172 pW=0.47 pD=0.06 pL=0.47 vAbs=0.237 pLogitMean=-10.3488 vLogitMean=0.6132 gNorm=0.254 lr=0.0251 ms=2928.5 buf=500000 plies=201620330 games=3038971 rejected=0 skipped=0 epoch=0 mom=0.9032 lrCyc[pk=9.8e-01,tr=9.9e-04] trainerStep=23600
[LAYER-HEALTH] live trainerStep=23600 scope=batch_norm_state_only reluSites=9/10 ch=1040 dead=0 off=5 alwaysOn=0 worst=blocks.2.bn1(dead 0 off 2 on 0) maxBetaOverGamma=+1.89@policy.pre_bn[60] minBetaOverGamma=-2.36@blocks.2.bn1[69] rvMaxOverMedian=74.9@blocks.1.bn1[14] rezero=none nonFinite=0
[REPLAY] step=23650 loss=3.4768 pLoss=2.6866 vLoss=0.7880 pEnt=2.850 pIllM=0.0021 playedP=0.179 pW=0.47 pD=0.06 pL=0.47 vAbs=0.241 pLogitMean=-10.3449 vLogitMean=0.6141 gNorm=0.242 lr=0.0225 ms=2932.5 buf=500000 plies=202047032 games=3045450 rejected=0 skipped=0 epoch=0 mom=0.9048 lrCyc[pk=9.8e-01,tr=9.9e-04] trainerStep=23650
[LAYER-HEALTH] live trainerStep=23650 scope=batch_norm_state_only reluSites=9/10 ch=1040 dead=0 off=5 alwaysOn=0 worst=blocks.2.bn1(dead 0 off 2 on 0) maxBetaOverGamma=+1.89@policy.pre_bn[60] minBetaOverGamma=-2.35@blocks.2.bn1[69] rvMaxOverMedian=74.1@blocks.1.bn1[14] rezero=none nonFinite=0
[REPLAY] step=23700 loss=3.5644 pLoss=2.7597 vLoss=0.8029 pEnt=2.881 pIllM=0.0019 playedP=0.171 pW=0.48 pD=0.06 pL=0.46 vAbs=0.234 pLogitMean=-10.3481 vLogitMean=0.6124 gNorm=0.251 lr=0.0202 ms=2435.6 buf=500000 plies=202473638 games=3051902 rejected=0 skipped=0 epoch=0 mom=0.9063 lrCyc[pk=9.8e-01,tr=9.9e-04] trainerStep=23700
[LAYER-HEALTH] live trainerStep=23700 scope=batch_norm_state_only reluSites=9/10 ch=1040 dead=0 off=5 alwaysOn=0 worst=blocks.2.bn1(dead 0 off 2 on 0) maxBetaOverGamma=+1.89@policy.pre_bn[60] minBetaOverGamma=-2.35@blocks.2.bn1[69] rvMaxOverMedian=73.8@blocks.1.bn1[14] rezero=none nonFinite=0
[REPLAY] step=23750 loss=3.5368 pLoss=2.7242 vLoss=0.8106 pEnt=2.866 pIllM=0.0019 playedP=0.177 pW=0.47 pD=0.06 pL=0.46 vAbs=0.220 pLogitMean=-10.3480 vLogitMean=0.6115 gNorm=0.266 lr=0.0182 ms=2356.7 buf=500000 plies=202900285 games=3058357 rejected=0 skipped=0 epoch=0 mom=0.9079 lrCyc[pk=9.8e-01,tr=9.9e-04] trainerStep=23750
[LAYER-HEALTH] live trainerStep=23750 scope=batch_norm_state_only reluSites=9/10 ch=1040 dead=0 off=5 alwaysOn=0 worst=blocks.2.bn1(dead 0 off 2 on 0) maxBetaOverGamma=+1.88@policy.pre_bn[60] minBetaOverGamma=-2.35@blocks.2.bn1[69] rvMaxOverMedian=73.8@blocks.1.bn1[14] rezero=none nonFinite=0
[REPLAY] step=23800 loss=3.5352 pLoss=2.7328 vLoss=0.8006 pEnt=2.884 pIllM=0.0017 playedP=0.173 pW=0.48 pD=0.06 pL=0.46 vAbs=0.224 pLogitMean=-10.3494 vLogitMean=0.6113 gNorm=0.249 lr=0.0163 ms=2647.8 buf=500000 plies=203326935 games=3064839 rejected=0 skipped=0 epoch=0 mom=0.9094 lrCyc[pk=9.8e-01,tr=9.9e-04] trainerStep=23800
[LAYER-HEALTH] live trainerStep=23800 scope=batch_norm_state_only reluSites=9/10 ch=1040 dead=0 off=5 alwaysOn=0 worst=blocks.2.bn1(dead 0 off 2 on 0) maxBetaOverGamma=+1.88@policy.pre_bn[60] minBetaOverGamma=-2.35@blocks.2.bn1[69] rvMaxOverMedian=73.7@blocks.1.bn1[14] rezero=none nonFinite=0
[REPLAY] step=23850 loss=3.5158 pLoss=2.7014 vLoss=0.8126 pEnt=2.876 pIllM=0.0018 playedP=0.175 pW=0.47 pD=0.07 pL=0.46 vAbs=0.224 pLogitMean=-10.3505 vLogitMean=0.6122 gNorm=0.242 lr=0.0147 ms=3061.0 buf=500000 plies=203753600 games=3071247 rejected=0 skipped=0 epoch=0 mom=0.9110 lrCyc[pk=9.8e-01,tr=9.9e-04] trainerStep=23850
[LAYER-HEALTH] live trainerStep=23850 scope=batch_norm_state_only reluSites=9/10 ch=1040 dead=0 off=5 alwaysOn=0 worst=blocks.2.bn1(dead 0 off 2 on 0) maxBetaOverGamma=+1.88@policy.pre_bn[60] minBetaOverGamma=-2.35@blocks.2.bn1[69] rvMaxOverMedian=73.8@blocks.1.bn1[14] rezero=none nonFinite=0
[REPLAY] step=23900 loss=3.4973 pLoss=2.7033 vLoss=0.7918 pEnt=2.866 pIllM=0.0021 playedP=0.175 pW=0.47 pD=0.07 pL=0.47 vAbs=0.235 pLogitMean=-10.3487 vLogitMean=0.6103 gNorm=0.276 lr=0.0132 ms=2691.9 buf=500000 plies=204180289 games=3077751 rejected=0 skipped=0 epoch=0 mom=0.9125 lrCyc[pk=9.8e-01,tr=9.9e-04] trainerStep=23900
[LAYER-HEALTH] live trainerStep=23900 scope=batch_norm_state_only reluSites=9/10 ch=1040 dead=0 off=5 alwaysOn=0 worst=blocks.2.bn1(dead 0 off 2 on 0) maxBetaOverGamma=+1.87@policy.pre_bn[60] minBetaOverGamma=-2.36@blocks.2.bn1[69] rvMaxOverMedian=73.7@blocks.1.bn1[14] rezero=none nonFinite=0
[REPLAY] step=23950 loss=3.5520 pLoss=2.7445 vLoss=0.8057 pEnt=2.881 pIllM=0.0019 playedP=0.171 pW=0.47 pD=0.06 pL=0.47 vAbs=0.225 pLogitMean=-10.3472 vLogitMean=0.6138 gNorm=0.255 lr=0.0119 ms=2509.6 buf=500000 plies=204606919 games=3084181 rejected=0 skipped=0 epoch=0 mom=0.9140 lrCyc[pk=9.8e-01,tr=9.9e-04] trainerStep=23950
[LAYER-HEALTH] live trainerStep=23950 scope=batch_norm_state_only reluSites=9/10 ch=1040 dead=0 off=5 alwaysOn=0 worst=blocks.2.bn1(dead 0 off 2 on 0) maxBetaOverGamma=+1.88@policy.pre_bn[60] minBetaOverGamma=-2.36@blocks.2.bn1[69] rvMaxOverMedian=73.9@blocks.1.bn1[14] rezero=none nonFinite=0
[REPLAY] step=24000 loss=3.5054 pLoss=2.7063 vLoss=0.7972 pEnt=2.844 pIllM=0.0019 playedP=0.178 pW=0.47 pD=0.06 pL=0.47 vAbs=0.224 pLogitMean=-10.3469 vLogitMean=0.6142 gNorm=0.252 lr=0.0107 ms=2788.1 buf=500000 plies=205033545 games=3090581 rejected=0 skipped=0 epoch=0 mom=0.9155 lrCyc[pk=9.8e-01,tr=9.9e-04] trainerStep=24000
[LAYER-HEALTH] live trainerStep=24000 scope=batch_norm_state_only reluSites=9/10 ch=1040 dead=0 off=5 alwaysOn=0 worst=blocks.2.bn1(dead 0 off 2 on 0) maxBetaOverGamma=+1.88@policy.pre_bn[60] minBetaOverGamma=-2.35@blocks.2.bn1[69] rvMaxOverMedian=73.9@blocks.1.bn1[14] rezero=none nonFinite=0
[REPLAY] saved trainer model (autosave) step=24000 trainerStep=24000 nextGame=3090581 shard=6 epoch=0 -> 20261005-lrBleakyall-cyc1-replay-latest.safetensors
[LAYER-HEALTH] checkpoint replay-autosave step=24000 trainerStep=24000 scope=all_tensors reluSites=9/10 ch=1040 dead=0 off=5 alwaysOn=0 worst=blocks.2.bn1(dead 0 off 2 on 0) maxBetaOverGamma=+1.88@policy.pre_bn[60] minBetaOverGamma=-2.35@blocks.2.bn1[69] rvMaxOverMedian=73.9@blocks.1.bn1[14] rezero=none nonFinite=0 seZeroVel=none valueFC1ZeroVel=0/128 maxAbs=12.69@blocks.1.bn1.running_var
[LAYER-HEALTH]   batch-norm sites — β/|γ|: dead < -3.00, mostly off < -2.00, always on > +3.00; classified for relu/leaky_relu only
[LAYER-HEALTH]     site            act            ch   dead    off     on  zeroγ nonfin  min β/|γ| [ch]     max β/|γ| [ch]     rv max/median [ch]
[LAYER-HEALTH]     stem.bn         -             128    n/a    n/a    n/a      0      0     -1.47 [69]         +0.39 [26]            4.7 [88]
[LAYER-HEALTH]     blocks.0.bn1    leaky_relu    128      0      0      0      0      0     -0.95 [47]         +0.40 [64]            5.7 [76]
[LAYER-HEALTH]     blocks.0.bn2    leaky_relu    128      0      0      0      0      0     -1.35 [44]         +0.10 [49]            4.0 [96]
[LAYER-HEALTH]     blocks.1.bn1    leaky_relu    128      0      0      0      0      0     -1.55 [11]         -0.36 [41]           73.9 [14]
[LAYER-HEALTH]     blocks.1.bn2    leaky_relu    128      0      1      0      0      0     -2.03 [80]         -0.55 [60]            6.5 [32]
[LAYER-HEALTH]     blocks.2.bn1    leaky_relu    128      0      2      0      0      0     -2.35 [69]         +0.97 [31]           31.2 [76]
[LAYER-HEALTH]     blocks.2.bn2    leaky_relu    128      0      0      0      0      0     -1.92 [85]         -0.22 [46]            3.5 [26]
[LAYER-HEALTH]     tower_final_bn  leaky_relu    128      0      0      0      0      0     -0.70 [16]         +1.52 [61]            5.7 [31]
[LAYER-HEALTH]     policy.pre_bn   leaky_relu    128      0      0      0      0      0     -1.49 [7]          +1.88 [60]            2.8 [103]
[LAYER-HEALTH]     value.bn        leaky_relu     16      0      2      0      0      0     -2.25 [15]         -0.65 [1]             2.3 [11]
[LAYER-HEALTH]   FC hidden-unit velocity — zero: every weight-velocity entry exactly 0; low: nonzero but < 5% of the layer's p90 unit norm
[LAYER-HEALTH]     value.fc1.weight  leaky_relu  units 128  zero 0  low 11  median unit norm 0.003928
[LAYER-HEALTH]     (no SE blocks)
[LAYER-HEALTH]   ReZero: none
[LAYER-HEALTH]   non-finite: 0 values in 0 of 102 tensors (10263038 values examined)
[LAYER-HEALTH]   largest |value|: blocks.1.bn1.running_var 12.69, blocks.0.bn2.running_var 9.322, blocks.2.bn1.running_var 6.522, policy.conv.bias 5.741, policy.pre_bn.bias 4.651
[REPLAY] enumerated checkpoint -> 20261005-lrBleakyall-cyc1-replay-step24000.safetensors
[REPLAY] step=24050 loss=3.4940 pLoss=2.7067 vLoss=0.7856 pEnt=2.861 pIllM=0.0018 playedP=0.177 pW=0.47 pD=0.06 pL=0.47 vAbs=0.236 pLogitMean=-10.3473 vLogitMean=0.6130 gNorm=0.251 lr=0.00968 ms=2773.2 buf=500000 plies=205460218 games=3097035 rejected=0 skipped=0 epoch=0 mom=0.9170 lrCyc[pk=9.8e-01,tr=9.9e-04] trainerStep=24050
[LAYER-HEALTH] live trainerStep=24050 scope=batch_norm_state_only reluSites=9/10 ch=1040 dead=0 off=5 alwaysOn=0 worst=blocks.2.bn1(dead 0 off 2 on 0) maxBetaOverGamma=+1.89@policy.pre_bn[60] minBetaOverGamma=-2.35@blocks.2.bn1[69] rvMaxOverMedian=73.5@blocks.1.bn1[14] rezero=none nonFinite=0
[REPLAY] step=24100 loss=3.5328 pLoss=2.7248 vLoss=0.8063 pEnt=2.868 pIllM=0.0017 playedP=0.173 pW=0.47 pD=0.06 pL=0.47 vAbs=0.233 pLogitMean=-10.3477 vLogitMean=0.6142 gNorm=0.259 lr=0.00874 ms=2719.3 buf=500000 plies=205886850 games=3103398 rejected=0 skipped=0 epoch=0 mom=0.9184 lrCyc[pk=9.8e-01,tr=9.9e-04] trainerStep=24100
[LAYER-HEALTH] live trainerStep=24100 scope=batch_norm_state_only reluSites=9/10 ch=1040 dead=0 off=5 alwaysOn=0 worst=blocks.2.bn1(dead 0 off 2 on 0) maxBetaOverGamma=+1.90@policy.pre_bn[60] minBetaOverGamma=-2.36@blocks.2.bn1[69] rvMaxOverMedian=73.3@blocks.1.bn1[14] rezero=none nonFinite=0
[REPLAY] step=24150 loss=3.5007 pLoss=2.7054 vLoss=0.7936 pEnt=2.866 pIllM=0.0018 playedP=0.177 pW=0.47 pD=0.06 pL=0.47 vAbs=0.236 pLogitMean=-10.3491 vLogitMean=0.6128 gNorm=0.260 lr=0.00791 ms=2438.9 buf=500000 plies=206313503 games=3109837 rejected=0 skipped=0 epoch=0 mom=0.9199 lrCyc[pk=9.8e-01,tr=9.9e-04] trainerStep=24150
[LAYER-HEALTH] live trainerStep=24150 scope=batch_norm_state_only reluSites=9/10 ch=1040 dead=0 off=5 alwaysOn=0 worst=blocks.2.bn1(dead 0 off 2 on 0) maxBetaOverGamma=+1.90@policy.pre_bn[60] minBetaOverGamma=-2.35@blocks.2.bn1[69] rvMaxOverMedian=72.8@blocks.1.bn1[14] rezero=none nonFinite=0
[REPLAY] step=24200 loss=3.5327 pLoss=2.7308 vLoss=0.8002 pEnt=2.878 pIllM=0.0018 playedP=0.176 pW=0.47 pD=0.05 pL=0.47 vAbs=0.227 pLogitMean=-10.3475 vLogitMean=0.6142 gNorm=0.256 lr=0.00717 ms=2256.5 buf=500000 plies=206740150 games=3116295 rejected=0 skipped=0 epoch=0 mom=0.9213 lrCyc[pk=9.8e-01,tr=9.9e-04] trainerStep=24200
[LAYER-HEALTH] live trainerStep=24200 scope=batch_norm_state_only reluSites=9/10 ch=1040 dead=0 off=5 alwaysOn=0 worst=blocks.2.bn1(dead 0 off 2 on 0) maxBetaOverGamma=+1.90@policy.pre_bn[60] minBetaOverGamma=-2.35@blocks.2.bn1[69] rvMaxOverMedian=73.4@blocks.1.bn1[14] rezero=none nonFinite=0
[REPLAY] step=24250 loss=3.5313 pLoss=2.7213 vLoss=0.8083 pEnt=2.854 pIllM=0.0018 playedP=0.178 pW=0.47 pD=0.06 pL=0.47 vAbs=0.230 pLogitMean=-10.3466 vLogitMean=0.6120 gNorm=0.244 lr=0.0065 ms=2526.4 buf=500000 plies=207166773 games=3122728 rejected=0 skipped=0 epoch=0 mom=0.9227 lrCyc[pk=9.8e-01,tr=9.9e-04] trainerStep=24250
[LAYER-HEALTH] live trainerStep=24250 scope=batch_norm_state_only reluSites=9/10 ch=1040 dead=0 off=5 alwaysOn=0 worst=blocks.2.bn1(dead 0 off 2 on 0) maxBetaOverGamma=+1.89@policy.pre_bn[60] minBetaOverGamma=-2.35@blocks.2.bn1[69] rvMaxOverMedian=73.7@blocks.1.bn1[14] rezero=none nonFinite=0
[REPLAY] step=24300 loss=3.5172 pLoss=2.7288 vLoss=0.7865 pEnt=2.870 pIllM=0.0019 playedP=0.175 pW=0.48 pD=0.06 pL=0.47 vAbs=0.245 pLogitMean=-10.3485 vLogitMean=0.6133 gNorm=0.256 lr=0.00591 ms=2164.1 buf=500000 plies=207593437 games=3129173 rejected=0 skipped=0 epoch=0 mom=0.9241 lrCyc[pk=9.8e-01,tr=9.9e-04] trainerStep=24300
[LAYER-HEALTH] live trainerStep=24300 scope=batch_norm_state_only reluSites=9/10 ch=1040 dead=0 off=5 alwaysOn=0 worst=blocks.2.bn1(dead 0 off 2 on 0) maxBetaOverGamma=+1.89@policy.pre_bn[60] minBetaOverGamma=-2.35@blocks.2.bn1[69] rvMaxOverMedian=73.9@blocks.1.bn1[14] rezero=none nonFinite=0
[REPLAY] step=24350 loss=3.5435 pLoss=2.7517 vLoss=0.7901 pEnt=2.871 pIllM=0.0016 playedP=0.176 pW=0.48 pD=0.06 pL=0.47 vAbs=0.229 pLogitMean=-10.3473 vLogitMean=0.6132 gNorm=0.248 lr=0.00538 ms=2412.6 buf=500000 plies=208020108 games=3135638 rejected=0 skipped=0 epoch=0 mom=0.9255 lrCyc[pk=9.8e-01,tr=9.9e-04] trainerStep=24350
[LAYER-HEALTH] live trainerStep=24350 scope=batch_norm_state_only reluSites=9/10 ch=1040 dead=0 off=5 alwaysOn=0 worst=blocks.2.bn1(dead 0 off 2 on 0) maxBetaOverGamma=+1.89@policy.pre_bn[60] minBetaOverGamma=-2.35@blocks.2.bn1[69] rvMaxOverMedian=74.5@blocks.1.bn1[14] rezero=none nonFinite=0
[REPLAY] step=24400 loss=3.5263 pLoss=2.7276 vLoss=0.7968 pEnt=2.868 pIllM=0.0018 playedP=0.176 pW=0.48 pD=0.06 pL=0.46 vAbs=0.233 pLogitMean=-10.3474 vLogitMean=0.6140 gNorm=0.238 lr=0.0049 ms=2081.0 buf=500000 plies=208446803 games=3142119 rejected=0 skipped=0 epoch=0 mom=0.9268 lrCyc[pk=9.8e-01,tr=9.9e-04] trainerStep=24400
[LAYER-HEALTH] live trainerStep=24400 scope=batch_norm_state_only reluSites=9/10 ch=1040 dead=0 off=5 alwaysOn=0 worst=blocks.2.bn1(dead 0 off 2 on 0) maxBetaOverGamma=+1.89@policy.pre_bn[60] minBetaOverGamma=-2.35@blocks.2.bn1[69] rvMaxOverMedian=75.3@blocks.1.bn1[14] rezero=none nonFinite=0
[REPLAY] step=24450 loss=3.5534 pLoss=2.7445 vLoss=0.8069 pEnt=2.870 pIllM=0.0020 playedP=0.176 pW=0.47 pD=0.06 pL=0.47 vAbs=0.232 pLogitMean=-10.3477 vLogitMean=0.6150 gNorm=0.253 lr=0.00448 ms=2709.4 buf=500000 plies=208873412 games=3148581 rejected=0 skipped=0 epoch=0 mom=0.9281 lrCyc[pk=9.8e-01,tr=9.9e-04] trainerStep=24450
[LAYER-HEALTH] live trainerStep=24450 scope=batch_norm_state_only reluSites=9/10 ch=1040 dead=0 off=5 alwaysOn=0 worst=blocks.2.bn1(dead 0 off 2 on 0) maxBetaOverGamma=+1.89@policy.pre_bn[60] minBetaOverGamma=-2.35@blocks.2.bn1[69] rvMaxOverMedian=75.2@blocks.1.bn1[14] rezero=none nonFinite=0
[REPLAY] step=24500 loss=3.5555 pLoss=2.7550 vLoss=0.7987 pEnt=2.867 pIllM=0.0018 playedP=0.174 pW=0.47 pD=0.06 pL=0.47 vAbs=0.227 pLogitMean=-10.3484 vLogitMean=0.6146 gNorm=0.272 lr=0.0041 ms=2621.6 buf=500000 plies=209300095 games=3155018 rejected=0 skipped=0 epoch=0 mom=0.9294 lrCyc[pk=9.8e-01,tr=9.9e-04] trainerStep=24500
[LAYER-HEALTH] live trainerStep=24500 scope=batch_norm_state_only reluSites=9/10 ch=1040 dead=0 off=5 alwaysOn=0 worst=blocks.2.bn1(dead 0 off 2 on 0) maxBetaOverGamma=+1.89@policy.pre_bn[60] minBetaOverGamma=-2.35@blocks.2.bn1[69] rvMaxOverMedian=75.3@blocks.1.bn1[14] rezero=none nonFinite=0
[REPLAY] step=24550 loss=3.5478 pLoss=2.7443 vLoss=0.8018 pEnt=2.870 pIllM=0.0017 playedP=0.175 pW=0.47 pD=0.06 pL=0.46 vAbs=0.224 pLogitMean=-10.3465 vLogitMean=0.6104 gNorm=0.248 lr=0.00376 ms=2618.2 buf=500000 plies=209726686 games=3161413 rejected=0 skipped=0 epoch=0 mom=0.9307 lrCyc[pk=9.8e-01,tr=9.9e-04] trainerStep=24550
[LAYER-HEALTH] live trainerStep=24550 scope=batch_norm_state_only reluSites=9/10 ch=1040 dead=0 off=5 alwaysOn=0 worst=blocks.2.bn1(dead 0 off 2 on 0) maxBetaOverGamma=+1.89@policy.pre_bn[60] minBetaOverGamma=-2.35@blocks.2.bn1[69] rvMaxOverMedian=75.0@blocks.1.bn1[14] rezero=none nonFinite=0
[REPLAY] step=24600 loss=3.4851 pLoss=2.6973 vLoss=0.7859 pEnt=2.872 pIllM=0.0019 playedP=0.179 pW=0.48 pD=0.06 pL=0.47 vAbs=0.235 pLogitMean=-10.3491 vLogitMean=0.6140 gNorm=0.248 lr=0.00345 ms=2482.3 buf=500000 plies=210153367 games=3167856 rejected=0 skipped=0 epoch=0 mom=0.9319 lrCyc[pk=9.8e-01,tr=9.9e-04] trainerStep=24600
[LAYER-HEALTH] live trainerStep=24600 scope=batch_norm_state_only reluSites=9/10 ch=1040 dead=0 off=5 alwaysOn=0 worst=blocks.2.bn1(dead 0 off 2 on 0) maxBetaOverGamma=+1.89@policy.pre_bn[60] minBetaOverGamma=-2.35@blocks.2.bn1[69] rvMaxOverMedian=75.6@blocks.1.bn1[14] rezero=none nonFinite=0
[REPLAY] step=24650 loss=3.5040 pLoss=2.7004 vLoss=0.8018 pEnt=2.862 pIllM=0.0019 playedP=0.181 pW=0.47 pD=0.06 pL=0.47 vAbs=0.226 pLogitMean=-10.3466 vLogitMean=0.6132 gNorm=0.247 lr=0.00318 ms=2501.6 buf=500000 plies=210580062 games=3174246 rejected=0 skipped=0 epoch=0 mom=0.9331 lrCyc[pk=9.8e-01,tr=9.9e-04] trainerStep=24650
[LAYER-HEALTH] live trainerStep=24650 scope=batch_norm_state_only reluSites=9/10 ch=1040 dead=0 off=5 alwaysOn=0 worst=blocks.2.bn1(dead 0 off 2 on 0) maxBetaOverGamma=+1.89@policy.pre_bn[60] minBetaOverGamma=-2.35@blocks.2.bn1[69] rvMaxOverMedian=75.8@blocks.1.bn1[14] rezero=none nonFinite=0
[REPLAY] step=24700 loss=3.5180 pLoss=2.7258 vLoss=0.7905 pEnt=2.877 pIllM=0.0018 playedP=0.174 pW=0.47 pD=0.06 pL=0.46 vAbs=0.228 pLogitMean=-10.3483 vLogitMean=0.6142 gNorm=0.247 lr=0.00294 ms=3083.7 buf=500000 plies=211006647 games=3180710 rejected=0 skipped=0 epoch=0 mom=0.9342 lrCyc[pk=9.8e-01,tr=9.9e-04] trainerStep=24700
[LAYER-HEALTH] live trainerStep=24700 scope=batch_norm_state_only reluSites=9/10 ch=1040 dead=0 off=5 alwaysOn=0 worst=blocks.2.bn1(dead 0 off 2 on 0) maxBetaOverGamma=+1.89@policy.pre_bn[60] minBetaOverGamma=-2.35@blocks.2.bn1[69] rvMaxOverMedian=76.4@blocks.1.bn1[14] rezero=none nonFinite=0
[REPLAY] step=24750 loss=3.4947 pLoss=2.7108 vLoss=0.7822 pEnt=2.866 pIllM=0.0017 playedP=0.180 pW=0.47 pD=0.06 pL=0.47 vAbs=0.234 pLogitMean=-10.3490 vLogitMean=0.6143 gNorm=0.252 lr=0.00272 ms=2283.1 buf=500000 plies=211433409 games=3187230 rejected=0 skipped=0 epoch=0 mom=0.9354 lrCyc[pk=9.8e-01,tr=9.9e-04] trainerStep=24750
[LAYER-HEALTH] live trainerStep=24750 scope=batch_norm_state_only reluSites=9/10 ch=1040 dead=0 off=5 alwaysOn=0 worst=blocks.2.bn1(dead 0 off 2 on 0) maxBetaOverGamma=+1.89@policy.pre_bn[60] minBetaOverGamma=-2.35@blocks.2.bn1[69] rvMaxOverMedian=76.7@blocks.1.bn1[14] rezero=none nonFinite=0
[REPLAY] step=24800 loss=3.5047 pLoss=2.7076 vLoss=0.7951 pEnt=2.871 pIllM=0.0019 playedP=0.174 pW=0.47 pD=0.06 pL=0.47 vAbs=0.239 pLogitMean=-10.3472 vLogitMean=0.6135 gNorm=0.246 lr=0.00252 ms=1756.8 buf=500000 plies=211859929 games=3193695 rejected=0 skipped=0 epoch=0 mom=0.9365 lrCyc[pk=9.8e-01,tr=9.9e-04] trainerStep=24800
[LAYER-HEALTH] live trainerStep=24800 scope=batch_norm_state_only reluSites=9/10 ch=1040 dead=0 off=5 alwaysOn=0 worst=blocks.2.bn1(dead 0 off 2 on 0) maxBetaOverGamma=+1.89@policy.pre_bn[60] minBetaOverGamma=-2.35@blocks.2.bn1[69] rvMaxOverMedian=77.5@blocks.1.bn1[14] rezero=none nonFinite=0
[REPLAY] step=24850 loss=3.4887 pLoss=2.6993 vLoss=0.7874 pEnt=2.862 pIllM=0.0019 playedP=0.177 pW=0.47 pD=0.06 pL=0.47 vAbs=0.233 pLogitMean=-10.3487 vLogitMean=0.6131 gNorm=0.262 lr=0.00234 ms=2464.3 buf=500000 plies=212286629 games=3200152 rejected=0 skipped=0 epoch=0 mom=0.9375 lrCyc[pk=9.8e-01,tr=9.9e-04] trainerStep=24850
[LAYER-HEALTH] live trainerStep=24850 scope=batch_norm_state_only reluSites=9/10 ch=1040 dead=0 off=5 alwaysOn=0 worst=blocks.2.bn1(dead 0 off 2 on 0) maxBetaOverGamma=+1.89@policy.pre_bn[60] minBetaOverGamma=-2.35@blocks.2.bn1[69] rvMaxOverMedian=78.7@blocks.1.bn1[14] rezero=none nonFinite=0
[REPLAY] step=24900 loss=3.5359 pLoss=2.7307 vLoss=0.8035 pEnt=2.879 pIllM=0.0018 playedP=0.175 pW=0.47 pD=0.06 pL=0.46 vAbs=0.226 pLogitMean=-10.3504 vLogitMean=0.6154 gNorm=0.253 lr=0.00218 ms=2845.0 buf=500000 plies=212713243 games=3206626 rejected=0 skipped=0 epoch=0 mom=0.9385 lrCyc[pk=9.8e-01,tr=9.9e-04] trainerStep=24900
[LAYER-HEALTH] live trainerStep=24900 scope=batch_norm_state_only reluSites=9/10 ch=1040 dead=0 off=5 alwaysOn=0 worst=blocks.2.bn1(dead 0 off 2 on 0) maxBetaOverGamma=+1.89@policy.pre_bn[60] minBetaOverGamma=-2.35@blocks.2.bn1[69] rvMaxOverMedian=78.5@blocks.1.bn1[14] rezero=none nonFinite=0
[REPLAY] step=24950 loss=3.5133 pLoss=2.7203 vLoss=0.7910 pEnt=2.861 pIllM=0.0020 playedP=0.179 pW=0.47 pD=0.06 pL=0.46 vAbs=0.221 pLogitMean=-10.3480 vLogitMean=0.6149 gNorm=0.254 lr=0.00204 ms=2431.1 buf=500000 plies=213139877 games=3213123 rejected=0 skipped=0 epoch=0 mom=0.9395 lrCyc[pk=9.8e-01,tr=9.9e-04] trainerStep=24950
[LAYER-HEALTH] live trainerStep=24950 scope=batch_norm_state_only reluSites=9/10 ch=1040 dead=0 off=5 alwaysOn=0 worst=blocks.2.bn1(dead 0 off 2 on 0) maxBetaOverGamma=+1.89@policy.pre_bn[60] minBetaOverGamma=-2.35@blocks.2.bn1[69] rvMaxOverMedian=78.0@blocks.1.bn1[14] rezero=none nonFinite=0
[REPLAY] step=25000 loss=3.5493 pLoss=2.7578 vLoss=0.7898 pEnt=2.906 pIllM=0.0017 playedP=0.172 pW=0.47 pD=0.06 pL=0.47 vAbs=0.228 pLogitMean=-10.3492 vLogitMean=0.6145 gNorm=0.254 lr=0.00191 ms=2614.3 buf=500000 plies=213566571 games=3219673 rejected=0 skipped=0 epoch=0 mom=0.9405 lrCyc[pk=9.8e-01,tr=9.9e-04] trainerStep=25000
[LAYER-HEALTH] live trainerStep=25000 scope=batch_norm_state_only reluSites=9/10 ch=1040 dead=0 off=5 alwaysOn=0 worst=blocks.2.bn1(dead 0 off 2 on 0) maxBetaOverGamma=+1.89@policy.pre_bn[60] minBetaOverGamma=-2.35@blocks.2.bn1[69] rvMaxOverMedian=78.0@blocks.1.bn1[14] rezero=none nonFinite=0
[REPLAY] saved trainer model (autosave) step=25000 trainerStep=25000 nextGame=3219673 shard=7 epoch=0 -> 20261005-lrBleakyall-cyc1-replay-latest.safetensors
[LAYER-HEALTH] checkpoint replay-autosave step=25000 trainerStep=25000 scope=all_tensors reluSites=9/10 ch=1040 dead=0 off=5 alwaysOn=0 worst=blocks.2.bn1(dead 0 off 2 on 0) maxBetaOverGamma=+1.89@policy.pre_bn[60] minBetaOverGamma=-2.35@blocks.2.bn1[69] rvMaxOverMedian=78.0@blocks.1.bn1[14] rezero=none nonFinite=0 seZeroVel=none valueFC1ZeroVel=0/128 maxAbs=12.82@blocks.1.bn1.running_var
[LAYER-HEALTH]   batch-norm sites — β/|γ|: dead < -3.00, mostly off < -2.00, always on > +3.00; classified for relu/leaky_relu only
[LAYER-HEALTH]     site            act            ch   dead    off     on  zeroγ nonfin  min β/|γ| [ch]     max β/|γ| [ch]     rv max/median [ch]
[LAYER-HEALTH]     stem.bn         -             128    n/a    n/a    n/a      0      0     -1.47 [69]         +0.39 [26]            4.5 [88]
[LAYER-HEALTH]     blocks.0.bn1    leaky_relu    128      0      0      0      0      0     -0.95 [47]         +0.40 [64]            5.7 [76]
[LAYER-HEALTH]     blocks.0.bn2    leaky_relu    128      0      0      0      0      0     -1.35 [44]         +0.11 [49]            4.0 [109]
[LAYER-HEALTH]     blocks.1.bn1    leaky_relu    128      0      0      0      0      0     -1.53 [11]         -0.36 [41]           78.0 [14]
[LAYER-HEALTH]     blocks.1.bn2    leaky_relu    128      0      1      0      0      0     -2.02 [80]         -0.55 [60]            6.5 [32]
[LAYER-HEALTH]     blocks.2.bn1    leaky_relu    128      0      2      0      0      0     -2.35 [69]         +0.98 [31]           31.3 [76]
[LAYER-HEALTH]     blocks.2.bn2    leaky_relu    128      0      0      0      0      0     -1.92 [85]         -0.23 [46]            3.5 [26]
[LAYER-HEALTH]     tower_final_bn  leaky_relu    128      0      0      0      0      0     -0.70 [16]         +1.51 [61]            5.8 [31]
[LAYER-HEALTH]     policy.pre_bn   leaky_relu    128      0      0      0      0      0     -1.49 [7]          +1.89 [60]            2.8 [103]
[LAYER-HEALTH]     value.bn        leaky_relu     16      0      2      0      0      0     -2.27 [15]         -0.65 [1]             2.3 [11]
[LAYER-HEALTH]   FC hidden-unit velocity — zero: every weight-velocity entry exactly 0; low: nonzero but < 5% of the layer's p90 unit norm
[LAYER-HEALTH]     value.fc1.weight  leaky_relu  units 128  zero 0  low 17  median unit norm 0.005358
[LAYER-HEALTH]     (no SE blocks)
[LAYER-HEALTH]   ReZero: none
[LAYER-HEALTH]   non-finite: 0 values in 0 of 102 tensors (10263038 values examined)
[LAYER-HEALTH]   largest |value|: blocks.1.bn1.running_var 12.82, blocks.0.bn2.running_var 9.331, blocks.2.bn1.running_var 6.504, policy.conv.bias 5.747, policy.pre_bn.bias 4.653
[REPLAY] enumerated checkpoint -> 20261005-lrBleakyall-cyc1-replay-step25000.safetensors
[REPLAY] step=25050 loss=3.5094 pLoss=2.7111 vLoss=0.7967 pEnt=2.887 pIllM=0.0017 playedP=0.172 pW=0.47 pD=0.06 pL=0.47 vAbs=0.232 pLogitMean=-10.3469 vLogitMean=0.6141 gNorm=0.251 lr=0.0018 ms=2477.4 buf=500000 plies=213993234 games=3226156 rejected=0 skipped=0 epoch=0 mom=0.9414 lrCyc[pk=9.8e-01,tr=9.9e-04] trainerStep=25050
[LAYER-HEALTH] live trainerStep=25050 scope=batch_norm_state_only reluSites=9/10 ch=1040 dead=0 off=5 alwaysOn=0 worst=blocks.2.bn1(dead 0 off 2 on 0) maxBetaOverGamma=+1.89@policy.pre_bn[60] minBetaOverGamma=-2.35@blocks.2.bn1[69] rvMaxOverMedian=77.6@blocks.1.bn1[14] rezero=none nonFinite=0
[REPLAY] step=25100 loss=3.5414 pLoss=2.7425 vLoss=0.7972 pEnt=2.882 pIllM=0.0017 playedP=0.174 pW=0.47 pD=0.06 pL=0.47 vAbs=0.229 pLogitMean=-10.3491 vLogitMean=0.6134 gNorm=0.268 lr=0.00169 ms=2754.7 buf=500000 plies=214419853 games=3232611 rejected=0 skipped=0 epoch=0 mom=0.9422 lrCyc[pk=9.8e-01,tr=9.9e-04] trainerStep=25100
[LAYER-HEALTH] live trainerStep=25100 scope=batch_norm_state_only reluSites=9/10 ch=1040 dead=0 off=5 alwaysOn=0 worst=blocks.2.bn1(dead 0 off 2 on 0) maxBetaOverGamma=+1.89@policy.pre_bn[60] minBetaOverGamma=-2.35@blocks.2.bn1[69] rvMaxOverMedian=77.6@blocks.1.bn1[14] rezero=none nonFinite=0
[REPLAY] step=25150 loss=3.5156 pLoss=2.7165 vLoss=0.7974 pEnt=2.849 pIllM=0.0016 playedP=0.178 pW=0.47 pD=0.06 pL=0.47 vAbs=0.229 pLogitMean=-10.3481 vLogitMean=0.6143 gNorm=0.251 lr=0.0016 ms=2729.7 buf=500000 plies=214846479 games=3239131 rejected=0 skipped=0 epoch=0 mom=0.9430 lrCyc[pk=9.8e-01,tr=9.9e-04] trainerStep=25150
[LAYER-HEALTH] live trainerStep=25150 scope=batch_norm_state_only reluSites=9/10 ch=1040 dead=0 off=5 alwaysOn=0 worst=blocks.2.bn1(dead 0 off 2 on 0) maxBetaOverGamma=+1.89@policy.pre_bn[60] minBetaOverGamma=-2.35@blocks.2.bn1[69] rvMaxOverMedian=78.0@blocks.1.bn1[14] rezero=none nonFinite=0
[REPLAY] step=25200 loss=3.5300 pLoss=2.7397 vLoss=0.7888 pEnt=2.880 pIllM=0.0015 playedP=0.175 pW=0.47 pD=0.06 pL=0.47 vAbs=0.227 pLogitMean=-10.3491 vLogitMean=0.6146 gNorm=0.243 lr=0.00151 ms=2496.9 buf=500000 plies=215273144 games=3245541 rejected=0 skipped=0 epoch=0 mom=0.9438 lrCyc[pk=9.8e-01,tr=9.9e-04] trainerStep=25200
[LAYER-HEALTH] live trainerStep=25200 scope=batch_norm_state_only reluSites=9/10 ch=1040 dead=0 off=5 alwaysOn=0 worst=blocks.2.bn1(dead 0 off 2 on 0) maxBetaOverGamma=+1.89@policy.pre_bn[60] minBetaOverGamma=-2.35@blocks.2.bn1[69] rvMaxOverMedian=78.2@blocks.1.bn1[14] rezero=none nonFinite=0
[REPLAY] step=25250 loss=3.5279 pLoss=2.7345 vLoss=0.7916 pEnt=2.861 pIllM=0.0018 playedP=0.179 pW=0.47 pD=0.06 pL=0.47 vAbs=0.232 pLogitMean=-10.3489 vLogitMean=0.6126 gNorm=0.258 lr=0.00144 ms=2386.2 buf=500000 plies=215699876 games=3251991 rejected=0 skipped=0 epoch=0 mom=0.9446 lrCyc[pk=9.8e-01,tr=9.9e-04] trainerStep=25250
[LAYER-HEALTH] live trainerStep=25250 scope=batch_norm_state_only reluSites=9/10 ch=1040 dead=0 off=5 alwaysOn=0 worst=blocks.2.bn1(dead 0 off 2 on 0) maxBetaOverGamma=+1.89@policy.pre_bn[60] minBetaOverGamma=-2.35@blocks.2.bn1[69] rvMaxOverMedian=78.0@blocks.1.bn1[14] rezero=none nonFinite=0
[REPLAY] step=25300 loss=3.5227 pLoss=2.7306 vLoss=0.7904 pEnt=2.877 pIllM=0.0017 playedP=0.173 pW=0.47 pD=0.06 pL=0.47 vAbs=0.227 pLogitMean=-10.3488 vLogitMean=0.6143 gNorm=0.241 lr=0.00137 ms=2181.4 buf=500000 plies=216126440 games=3258493 rejected=0 skipped=0 epoch=0 mom=0.9452 lrCyc[pk=9.8e-01,tr=9.9e-04] trainerStep=25300
[LAYER-HEALTH] live trainerStep=25300 scope=batch_norm_state_only reluSites=9/10 ch=1040 dead=0 off=5 alwaysOn=0 worst=blocks.2.bn1(dead 0 off 2 on 0) maxBetaOverGamma=+1.88@policy.pre_bn[60] minBetaOverGamma=-2.35@blocks.2.bn1[69] rvMaxOverMedian=78.1@blocks.1.bn1[14] rezero=none nonFinite=0
[REPLAY] step=25350 loss=3.5545 pLoss=2.7552 vLoss=0.7976 pEnt=2.877 pIllM=0.0017 playedP=0.173 pW=0.47 pD=0.06 pL=0.47 vAbs=0.226 pLogitMean=-10.3508 vLogitMean=0.6142 gNorm=0.251 lr=0.00131 ms=2396.5 buf=500000 plies=216553108 games=3264960 rejected=0 skipped=0 epoch=0 mom=0.9459 lrCyc[pk=9.8e-01,tr=9.9e-04] trainerStep=25350
[LAYER-HEALTH] live trainerStep=25350 scope=batch_norm_state_only reluSites=9/10 ch=1040 dead=0 off=5 alwaysOn=0 worst=blocks.2.bn1(dead 0 off 2 on 0) maxBetaOverGamma=+1.89@policy.pre_bn[60] minBetaOverGamma=-2.35@blocks.2.bn1[69] rvMaxOverMedian=78.4@blocks.1.bn1[14] rezero=none nonFinite=0
[REPLAY] step=25400 loss=3.5335 pLoss=2.7286 vLoss=0.8034 pEnt=2.870 pIllM=0.0015 playedP=0.176 pW=0.47 pD=0.06 pL=0.47 vAbs=0.228 pLogitMean=-10.3485 vLogitMean=0.6140 gNorm=0.258 lr=0.00126 ms=2055.6 buf=500000 plies=216979754 games=3271394 rejected=0 skipped=0 epoch=0 mom=0.9465 lrCyc[pk=9.8e-01,tr=9.9e-04] trainerStep=25400
[LAYER-HEALTH] live trainerStep=25400 scope=batch_norm_state_only reluSites=9/10 ch=1040 dead=0 off=5 alwaysOn=0 worst=blocks.2.bn1(dead 0 off 2 on 0) maxBetaOverGamma=+1.89@policy.pre_bn[60] minBetaOverGamma=-2.35@blocks.2.bn1[69] rvMaxOverMedian=78.4@blocks.1.bn1[14] rezero=none nonFinite=0
[REPLAY] step=25450 loss=3.5315 pLoss=2.7305 vLoss=0.7989 pEnt=2.872 pIllM=0.0021 playedP=0.177 pW=0.47 pD=0.06 pL=0.47 vAbs=0.222 pLogitMean=-10.3487 vLogitMean=0.6139 gNorm=0.238 lr=0.00121 ms=2592.0 buf=500000 plies=217406376 games=3277937 rejected=0 skipped=0 epoch=0 mom=0.9470 lrCyc[pk=9.8e-01,tr=9.9e-04] trainerStep=25450
[LAYER-HEALTH] live trainerStep=25450 scope=batch_norm_state_only reluSites=9/10 ch=1040 dead=0 off=5 alwaysOn=0 worst=blocks.2.bn1(dead 0 off 2 on 0) maxBetaOverGamma=+1.89@policy.pre_bn[60] minBetaOverGamma=-2.35@blocks.2.bn1[69] rvMaxOverMedian=78.6@blocks.1.bn1[14] rezero=none nonFinite=0
[REPLAY] step=25500 loss=3.5489 pLoss=2.7324 vLoss=0.8145 pEnt=2.876 pIllM=0.0020 playedP=0.172 pW=0.47 pD=0.06 pL=0.47 vAbs=0.221 pLogitMean=-10.3488 vLogitMean=0.6142 gNorm=0.258 lr=0.00117 ms=1836.0 buf=500000 plies=217833062 games=3284433 rejected=0 skipped=0 epoch=0 mom=0.9476 lrCyc[pk=9.8e-01,tr=9.9e-04] trainerStep=25500
[LAYER-HEALTH] live trainerStep=25500 scope=batch_norm_state_only reluSites=9/10 ch=1040 dead=0 off=5 alwaysOn=0 worst=blocks.2.bn1(dead 0 off 2 on 0) maxBetaOverGamma=+1.89@policy.pre_bn[60] minBetaOverGamma=-2.35@blocks.2.bn1[69] rvMaxOverMedian=78.4@blocks.1.bn1[14] rezero=none nonFinite=0
[REPLAY] step=25550 loss=3.5296 pLoss=2.7201 vLoss=0.8076 pEnt=2.859 pIllM=0.0019 playedP=0.177 pW=0.47 pD=0.06 pL=0.46 vAbs=0.222 pLogitMean=-10.3478 vLogitMean=0.6097 gNorm=0.235 lr=0.00113 ms=2761.4 buf=500000 plies=218259682 games=3290895 rejected=0 skipped=0 epoch=0 mom=0.9480 lrCyc[pk=9.8e-01,tr=9.9e-04] trainerStep=25550
[LAYER-HEALTH] live trainerStep=25550 scope=batch_norm_state_only reluSites=9/10 ch=1040 dead=0 off=5 alwaysOn=0 worst=blocks.2.bn1(dead 0 off 2 on 0) maxBetaOverGamma=+1.89@policy.pre_bn[60] minBetaOverGamma=-2.35@blocks.2.bn1[69] rvMaxOverMedian=78.5@blocks.1.bn1[14] rezero=none nonFinite=0
[REPLAY] step=25600 loss=3.5419 pLoss=2.7511 vLoss=0.7890 pEnt=2.863 pIllM=0.0019 playedP=0.179 pW=0.47 pD=0.06 pL=0.46 vAbs=0.226 pLogitMean=-10.3486 vLogitMean=0.6111 gNorm=0.244 lr=0.0011 ms=2558.2 buf=500000 plies=218686320 games=3297453 rejected=0 skipped=0 epoch=0 mom=0.9484 lrCyc[pk=9.8e-01,tr=9.9e-04] trainerStep=25600
[LAYER-HEALTH] live trainerStep=25600 scope=batch_norm_state_only reluSites=9/10 ch=1040 dead=0 off=5 alwaysOn=0 worst=blocks.2.bn1(dead 0 off 2 on 0) maxBetaOverGamma=+1.89@policy.pre_bn[60] minBetaOverGamma=-2.35@blocks.2.bn1[69] rvMaxOverMedian=78.7@blocks.1.bn1[14] rezero=none nonFinite=0
[REPLAY] step=25650 loss=3.5149 pLoss=2.7162 vLoss=0.7972 pEnt=2.874 pIllM=0.0016 playedP=0.174 pW=0.47 pD=0.06 pL=0.47 vAbs=0.228 pLogitMean=-10.3502 vLogitMean=0.6152 gNorm=0.248 lr=0.00107 ms=2056.4 buf=500000 plies=219113006 games=3303931 rejected=0 skipped=0 epoch=0 mom=0.9488 lrCyc[pk=9.8e-01,tr=9.9e-04] trainerStep=25650
[LAYER-HEALTH] live trainerStep=25650 scope=batch_norm_state_only reluSites=9/10 ch=1040 dead=0 off=5 alwaysOn=0 worst=blocks.2.bn1(dead 0 off 2 on 0) maxBetaOverGamma=+1.89@policy.pre_bn[60] minBetaOverGamma=-2.35@blocks.2.bn1[69] rvMaxOverMedian=78.3@blocks.1.bn1[14] rezero=none nonFinite=0
[REPLAY] step=25700 loss=3.5367 pLoss=2.7311 vLoss=0.8037 pEnt=2.867 pIllM=0.0018 playedP=0.176 pW=0.48 pD=0.06 pL=0.46 vAbs=0.226 pLogitMean=-10.3504 vLogitMean=0.6110 gNorm=0.256 lr=0.00105 ms=2249.8 buf=500000 plies=219539642 games=3310425 rejected=0 skipped=0 epoch=0 mom=0.9491 lrCyc[pk=9.8e-01,tr=9.9e-04] trainerStep=25700
[LAYER-HEALTH] live trainerStep=25700 scope=batch_norm_state_only reluSites=9/10 ch=1040 dead=0 off=5 alwaysOn=0 worst=blocks.2.bn1(dead 0 off 2 on 0) maxBetaOverGamma=+1.89@policy.pre_bn[60] minBetaOverGamma=-2.35@blocks.2.bn1[69] rvMaxOverMedian=78.1@blocks.1.bn1[14] rezero=none nonFinite=0
[REPLAY] step=25750 loss=3.4985 pLoss=2.7029 vLoss=0.7939 pEnt=2.870 pIllM=0.0018 playedP=0.177 pW=0.47 pD=0.06 pL=0.47 vAbs=0.229 pLogitMean=-10.3503 vLogitMean=0.6154 gNorm=0.260 lr=0.00103 ms=2775.7 buf=500000 plies=219966301 games=3316884 rejected=0 skipped=0 epoch=0 mom=0.9494 lrCyc[pk=9.8e-01,tr=9.9e-04] trainerStep=25750
[LAYER-HEALTH] live trainerStep=25750 scope=batch_norm_state_only reluSites=9/10 ch=1040 dead=0 off=5 alwaysOn=0 worst=blocks.2.bn1(dead 0 off 2 on 0) maxBetaOverGamma=+1.89@policy.pre_bn[60] minBetaOverGamma=-2.35@blocks.2.bn1[69] rvMaxOverMedian=78.4@blocks.1.bn1[14] rezero=none nonFinite=0
[REPLAY] step=25800 loss=3.5067 pLoss=2.7086 vLoss=0.7960 pEnt=2.854 pIllM=0.0021 playedP=0.180 pW=0.47 pD=0.06 pL=0.47 vAbs=0.227 pLogitMean=-10.3501 vLogitMean=0.6152 gNorm=0.248 lr=0.00102 ms=2580.2 buf=500000 plies=220392919 games=3323351 rejected=0 skipped=0 epoch=0 mom=0.9496 lrCyc[pk=9.8e-01,tr=9.9e-04] trainerStep=25800
[LAYER-HEALTH] live trainerStep=25800 scope=batch_norm_state_only reluSites=9/10 ch=1040 dead=0 off=5 alwaysOn=0 worst=blocks.2.bn1(dead 0 off 2 on 0) maxBetaOverGamma=+1.89@policy.pre_bn[60] minBetaOverGamma=-2.35@blocks.2.bn1[69] rvMaxOverMedian=79.0@blocks.1.bn1[14] rezero=none nonFinite=0
[REPLAY] step=25850 loss=3.5228 pLoss=2.7253 vLoss=0.7957 pEnt=2.873 pIllM=0.0017 playedP=0.177 pW=0.47 pD=0.06 pL=0.47 vAbs=0.231 pLogitMean=-10.3503 vLogitMean=0.6152 gNorm=0.257 lr=0.001 ms=2660.5 buf=500000 plies=220819615 games=3329837 rejected=0 skipped=0 epoch=0 mom=0.9498 lrCyc[pk=9.8e-01,tr=9.9e-04] trainerStep=25850
[LAYER-HEALTH] live trainerStep=25850 scope=batch_norm_state_only reluSites=9/10 ch=1040 dead=0 off=5 alwaysOn=0 worst=blocks.2.bn1(dead 0 off 2 on 0) maxBetaOverGamma=+1.88@policy.pre_bn[60] minBetaOverGamma=-2.35@blocks.2.bn1[69] rvMaxOverMedian=78.7@blocks.1.bn1[14] rezero=none nonFinite=0
[REPLAY] step=25900 loss=3.5515 pLoss=2.7360 vLoss=0.8136 pEnt=2.867 pIllM=0.0019 playedP=0.176 pW=0.47 pD=0.06 pL=0.47 vAbs=0.225 pLogitMean=-10.3512 vLogitMean=0.6150 gNorm=0.253 lr=0.000995 ms=1525.5 buf=500000 plies=221246257 games=3336375 rejected=0 skipped=0 epoch=0 mom=0.9499 lrCyc[pk=9.8e-01,tr=9.9e-04] trainerStep=25900
[LAYER-HEALTH] live trainerStep=25900 scope=batch_norm_state_only reluSites=9/10 ch=1040 dead=0 off=5 alwaysOn=0 worst=blocks.2.bn1(dead 0 off 2 on 0) maxBetaOverGamma=+1.88@policy.pre_bn[60] minBetaOverGamma=-2.35@blocks.2.bn1[69] rvMaxOverMedian=78.8@blocks.1.bn1[14] rezero=none nonFinite=0
[REPLAY] step=25950 loss=3.4993 pLoss=2.6853 vLoss=0.8122 pEnt=2.852 pIllM=0.0019 playedP=0.178 pW=0.47 pD=0.06 pL=0.47 vAbs=0.219 pLogitMean=-10.3512 vLogitMean=0.6107 gNorm=0.248 lr=0.00099 ms=2573.5 buf=500000 plies=221672929 games=3342835 rejected=0 skipped=0 epoch=0 mom=0.9500 lrCyc[pk=9.8e-01,tr=9.9e-04] trainerStep=25950
[LAYER-HEALTH] live trainerStep=25950 scope=batch_norm_state_only reluSites=9/10 ch=1040 dead=0 off=5 alwaysOn=0 worst=blocks.2.bn1(dead 0 off 2 on 0) maxBetaOverGamma=+1.88@policy.pre_bn[60] minBetaOverGamma=-2.35@blocks.2.bn1[69] rvMaxOverMedian=78.7@blocks.1.bn1[14] rezero=none nonFinite=0
[REPLAY] step=26000 loss=3.5240 pLoss=2.7147 vLoss=0.8073 pEnt=2.873 pIllM=0.0020 playedP=0.179 pW=0.47 pD=0.06 pL=0.46 vAbs=0.217 pLogitMean=-10.3515 vLogitMean=0.6121 gNorm=0.260 lr=0.000989 ms=1845.3 buf=500000 plies=222099580 games=3349289 rejected=0 skipped=0 epoch=0 mom=0.9500 lrCyc[pk=9.8e-01,tr=9.9e-04] trainerStep=26000
[LAYER-HEALTH] live trainerStep=26000 scope=batch_norm_state_only reluSites=9/10 ch=1040 dead=0 off=5 alwaysOn=0 worst=blocks.2.bn1(dead 0 off 2 on 0) maxBetaOverGamma=+1.89@policy.pre_bn[60] minBetaOverGamma=-2.35@blocks.2.bn1[69] rvMaxOverMedian=79.1@blocks.1.bn1[14] rezero=none nonFinite=0
[REPLAY] saved trainer model (autosave) step=26000 trainerStep=26000 nextGame=3349289 shard=7 epoch=0 -> 20261005-lrBleakyall-cyc1-replay-latest.safetensors
[LAYER-HEALTH] checkpoint replay-autosave step=26000 trainerStep=26000 scope=all_tensors reluSites=9/10 ch=1040 dead=0 off=5 alwaysOn=0 worst=blocks.2.bn1(dead 0 off 2 on 0) maxBetaOverGamma=+1.89@policy.pre_bn[60] minBetaOverGamma=-2.35@blocks.2.bn1[69] rvMaxOverMedian=79.1@blocks.1.bn1[14] rezero=none nonFinite=0 seZeroVel=none valueFC1ZeroVel=0/128 maxAbs=12.89@blocks.1.bn1.running_var
[LAYER-HEALTH]   batch-norm sites — β/|γ|: dead < -3.00, mostly off < -2.00, always on > +3.00; classified for relu/leaky_relu only
[LAYER-HEALTH]     site            act            ch   dead    off     on  zeroγ nonfin  min β/|γ| [ch]     max β/|γ| [ch]     rv max/median [ch]
[LAYER-HEALTH]     stem.bn         -             128    n/a    n/a    n/a      0      0     -1.47 [69]         +0.39 [26]            4.5 [88]
[LAYER-HEALTH]     blocks.0.bn1    leaky_relu    128      0      0      0      0      0     -0.95 [47]         +0.40 [64]            5.7 [76]
[LAYER-HEALTH]     blocks.0.bn2    leaky_relu    128      0      0      0      0      0     -1.35 [44]         +0.12 [49]            4.0 [96]
[LAYER-HEALTH]     blocks.1.bn1    leaky_relu    128      0      0      0      0      0     -1.54 [11]         -0.36 [41]           79.1 [14]
[LAYER-HEALTH]     blocks.1.bn2    leaky_relu    128      0      1      0      0      0     -2.03 [80]         -0.55 [60]            6.5 [32]
[LAYER-HEALTH]     blocks.2.bn1    leaky_relu    128      0      2      0      0      0     -2.35 [69]         +0.99 [31]           31.5 [76]
[LAYER-HEALTH]     blocks.2.bn2    leaky_relu    128      0      0      0      0      0     -1.92 [85]         -0.22 [46]            3.5 [26]
[LAYER-HEALTH]     tower_final_bn  leaky_relu    128      0      0      0      0      0     -0.70 [16]         +1.52 [61]            5.8 [31]
[LAYER-HEALTH]     policy.pre_bn   leaky_relu    128      0      0      0      0      0     -1.49 [7]          +1.89 [60]            2.9 [103]
[LAYER-HEALTH]     value.bn        leaky_relu     16      0      2      0      0      0     -2.28 [15]         -0.65 [1]             2.3 [11]
[LAYER-HEALTH]   FC hidden-unit velocity — zero: every weight-velocity entry exactly 0; low: nonzero but < 5% of the layer's p90 unit norm
[LAYER-HEALTH]     value.fc1.weight  leaky_relu  units 128  zero 0  low 10  median unit norm 0.006483
[LAYER-HEALTH]     (no SE blocks)
[LAYER-HEALTH]   ReZero: none
[LAYER-HEALTH]   non-finite: 0 values in 0 of 102 tensors (10263038 values examined)
[LAYER-HEALTH]   largest |value|: blocks.1.bn1.running_var 12.89, blocks.0.bn2.running_var 9.364, blocks.2.bn1.running_var 6.517, policy.conv.bias 5.75, policy.pre_bn.bias 4.654
[REPLAY] enumerated checkpoint -> 20261005-lrBleakyall-cyc1-replay-step26000.safetensors
[REPLAY] step=26050 loss=3.5414 pLoss=2.7321 vLoss=0.8077 pEnt=2.877 pIllM=0.0016 playedP=0.176 pW=0.47 pD=0.06 pL=0.46 vAbs=0.223 pLogitMean=-10.3519 vLogitMean=0.6111 gNorm=0.250 lr=0.00099 ms=2286.6 buf=500000 plies=222526277 games=3355795 rejected=0 skipped=0 epoch=0 mom=0.9500 lrCyc[pk=9.8e-01,tr=9.9e-04] trainerStep=26050
[LAYER-HEALTH] live trainerStep=26050 scope=batch_norm_state_only reluSites=9/10 ch=1040 dead=0 off=5 alwaysOn=0 worst=blocks.2.bn1(dead 0 off 2 on 0) maxBetaOverGamma=+1.89@policy.pre_bn[60] minBetaOverGamma=-2.35@blocks.2.bn1[69] rvMaxOverMedian=78.9@blocks.1.bn1[14] rezero=none nonFinite=0
[REPLAY] step=26100 loss=3.5426 pLoss=2.7437 vLoss=0.7972 pEnt=2.864 pIllM=0.0016 playedP=0.173 pW=0.47 pD=0.06 pL=0.47 vAbs=0.227 pLogitMean=-10.3517 vLogitMean=0.6110 gNorm=0.238 lr=0.000995 ms=2116.6 buf=500000 plies=222952823 games=3362304 rejected=0 skipped=0 epoch=0 mom=0.9499 lrCyc[pk=9.8e-01,tr=9.9e-04] trainerStep=26100
[LAYER-HEALTH] live trainerStep=26100 scope=batch_norm_state_only reluSites=9/10 ch=1040 dead=0 off=5 alwaysOn=0 worst=blocks.2.bn1(dead 0 off 2 on 0) maxBetaOverGamma=+1.89@policy.pre_bn[60] minBetaOverGamma=-2.35@blocks.2.bn1[69] rvMaxOverMedian=78.3@blocks.1.bn1[14] rezero=none nonFinite=0
[REPLAY] step=26150 loss=3.5360 pLoss=2.7251 vLoss=0.8092 pEnt=2.868 pIllM=0.0016 playedP=0.180 pW=0.47 pD=0.06 pL=0.46 vAbs=0.226 pLogitMean=-10.3546 vLogitMean=0.6127 gNorm=0.255 lr=0.001 ms=2678.2 buf=500000 plies=223379488 games=3368793 rejected=0 skipped=0 epoch=0 mom=0.9498 lrCyc[pk=9.8e-01,tr=9.9e-04] trainerStep=26150
[LAYER-HEALTH] live trainerStep=26150 scope=batch_norm_state_only reluSites=9/10 ch=1040 dead=0 off=5 alwaysOn=0 worst=blocks.2.bn1(dead 0 off 2 on 0) maxBetaOverGamma=+1.88@policy.pre_bn[60] minBetaOverGamma=-2.35@blocks.2.bn1[69] rvMaxOverMedian=78.2@blocks.1.bn1[14] rezero=none nonFinite=0
[REPLAY] step=26200 loss=3.5270 pLoss=2.7311 vLoss=0.7942 pEnt=2.875 pIllM=0.0017 playedP=0.176 pW=0.47 pD=0.06 pL=0.47 vAbs=0.230 pLogitMean=-10.3536 vLogitMean=0.6127 gNorm=0.249 lr=0.00102 ms=2463.7 buf=500000 plies=223806202 games=3375244 rejected=0 skipped=0 epoch=0 mom=0.9496 lrCyc[pk=9.8e-01,tr=9.9e-04] trainerStep=26200
[LAYER-HEALTH] live trainerStep=26200 scope=batch_norm_state_only reluSites=9/10 ch=1040 dead=0 off=5 alwaysOn=0 worst=blocks.2.bn1(dead 0 off 2 on 0) maxBetaOverGamma=+1.88@policy.pre_bn[60] minBetaOverGamma=-2.35@blocks.2.bn1[69] rvMaxOverMedian=77.8@blocks.1.bn1[14] rezero=none nonFinite=0
[REPLAY] step=26250 loss=3.5200 pLoss=2.7253 vLoss=0.7927 pEnt=2.859 pIllM=0.0019 playedP=0.179 pW=0.47 pD=0.06 pL=0.47 vAbs=0.234 pLogitMean=-10.3533 vLogitMean=0.6113 gNorm=0.244 lr=0.00103 ms=2463.0 buf=500000 plies=224232782 games=3381656 rejected=0 skipped=0 epoch=0 mom=0.9494 lrCyc[pk=9.8e-01,tr=9.9e-04] trainerStep=26250
[LAYER-HEALTH] live trainerStep=26250 scope=batch_norm_state_only reluSites=9/10 ch=1040 dead=0 off=5 alwaysOn=0 worst=blocks.2.bn1(dead 0 off 2 on 0) maxBetaOverGamma=+1.88@policy.pre_bn[60] minBetaOverGamma=-2.35@blocks.2.bn1[69] rvMaxOverMedian=77.6@blocks.1.bn1[14] rezero=none nonFinite=0
[REPLAY] step=26300 loss=3.5194 pLoss=2.7153 vLoss=0.8021 pEnt=2.865 pIllM=0.0020 playedP=0.175 pW=0.47 pD=0.06 pL=0.46 vAbs=0.232 pLogitMean=-10.3532 vLogitMean=0.6122 gNorm=0.255 lr=0.00105 ms=2965.4 buf=500000 plies=224659437 games=3388093 rejected=0 skipped=0 epoch=0 mom=0.9491 lrCyc[pk=9.8e-01,tr=9.9e-04] trainerStep=26300
[LAYER-HEALTH] live trainerStep=26300 scope=batch_norm_state_only reluSites=9/10 ch=1040 dead=0 off=5 alwaysOn=0 worst=blocks.2.bn1(dead 0 off 2 on 0) maxBetaOverGamma=+1.89@policy.pre_bn[60] minBetaOverGamma=-2.35@blocks.2.bn1[69] rvMaxOverMedian=77.7@blocks.1.bn1[14] rezero=none nonFinite=0
[REPLAY] step=26350 loss=3.5122 pLoss=2.7055 vLoss=0.8051 pEnt=2.873 pIllM=0.0016 playedP=0.174 pW=0.47 pD=0.06 pL=0.46 vAbs=0.231 pLogitMean=-10.3527 vLogitMean=0.6127 gNorm=0.251 lr=0.00107 ms=2980.2 buf=500000 plies=225086107 games=3394491 rejected=0 skipped=0 epoch=0 mom=0.9488 lrCyc[pk=9.8e-01,tr=9.9e-04] trainerStep=26350
[LAYER-HEALTH] live trainerStep=26350 scope=batch_norm_state_only reluSites=9/10 ch=1040 dead=0 off=5 alwaysOn=0 worst=blocks.2.bn1(dead 0 off 2 on 0) maxBetaOverGamma=+1.88@policy.pre_bn[60] minBetaOverGamma=-2.35@blocks.2.bn1[69] rvMaxOverMedian=77.7@blocks.1.bn1[14] rezero=none nonFinite=0
[REPLAY] step=26400 loss=3.5204 pLoss=2.7155 vLoss=0.8033 pEnt=2.849 pIllM=0.0016 playedP=0.180 pW=0.47 pD=0.06 pL=0.46 vAbs=0.236 pLogitMean=-10.3525 vLogitMean=0.6124 gNorm=0.241 lr=0.0011 ms=3364.8 buf=500000 plies=225512763 games=3400948 rejected=0 skipped=0 epoch=0 mom=0.9484 lrCyc[pk=9.8e-01,tr=9.9e-04] trainerStep=26400
[LAYER-HEALTH] live trainerStep=26400 scope=batch_norm_state_only reluSites=9/10 ch=1040 dead=0 off=5 alwaysOn=0 worst=blocks.2.bn1(dead 0 off 2 on 0) maxBetaOverGamma=+1.88@policy.pre_bn[60] minBetaOverGamma=-2.35@blocks.2.bn1[69] rvMaxOverMedian=78.0@blocks.1.bn1[14] rezero=none nonFinite=0
[REPLAY] step=26450 loss=3.4833 pLoss=2.6754 vLoss=0.8063 pEnt=2.848 pIllM=0.0016 playedP=0.178 pW=0.47 pD=0.06 pL=0.46 vAbs=0.239 pLogitMean=-10.3525 vLogitMean=0.6128 gNorm=0.247 lr=0.00113 ms=2798.0 buf=500000 plies=225939410 games=3407365 rejected=0 skipped=0 epoch=0 mom=0.9480 lrCyc[pk=9.8e-01,tr=9.9e-04] trainerStep=26450
[LAYER-HEALTH] live trainerStep=26450 scope=batch_norm_state_only reluSites=9/10 ch=1040 dead=0 off=5 alwaysOn=0 worst=blocks.2.bn1(dead 0 off 2 on 0) maxBetaOverGamma=+1.89@policy.pre_bn[60] minBetaOverGamma=-2.35@blocks.2.bn1[69] rvMaxOverMedian=78.1@blocks.1.bn1[14] rezero=none nonFinite=0
[REPLAY] step=26500 loss=3.5486 pLoss=2.7187 vLoss=0.8282 pEnt=2.866 pIllM=0.0017 playedP=0.175 pW=0.47 pD=0.07 pL=0.46 vAbs=0.239 pLogitMean=-10.3533 vLogitMean=0.6122 gNorm=0.265 lr=0.00117 ms=2466.2 buf=500000 plies=226366028 games=3413790 rejected=0 skipped=0 epoch=0 mom=0.9476 lrCyc[pk=9.8e-01,tr=9.9e-04] trainerStep=26500
[LAYER-HEALTH] live trainerStep=26500 scope=batch_norm_state_only reluSites=9/10 ch=1040 dead=0 off=5 alwaysOn=0 worst=blocks.2.bn1(dead 0 off 2 on 0) maxBetaOverGamma=+1.89@policy.pre_bn[60] minBetaOverGamma=-2.35@blocks.2.bn1[69] rvMaxOverMedian=78.0@blocks.1.bn1[14] rezero=none nonFinite=0
[REPLAY] step=26550 loss=3.5370 pLoss=2.7247 vLoss=0.8105 pEnt=2.857 pIllM=0.0018 playedP=0.182 pW=0.47 pD=0.07 pL=0.46 vAbs=0.238 pLogitMean=-10.3529 vLogitMean=0.6112 gNorm=0.253 lr=0.00121 ms=2729.5 buf=500000 plies=226792732 games=3420335 rejected=0 skipped=0 epoch=0 mom=0.9470 lrCyc[pk=9.8e-01,tr=9.9e-04] trainerStep=26550
[LAYER-HEALTH] live trainerStep=26550 scope=batch_norm_state_only reluSites=9/10 ch=1040 dead=0 off=5 alwaysOn=0 worst=blocks.2.bn1(dead 0 off 2 on 0) maxBetaOverGamma=+1.89@policy.pre_bn[60] minBetaOverGamma=-2.35@blocks.2.bn1[69] rvMaxOverMedian=78.2@blocks.1.bn1[14] rezero=none nonFinite=0
[REPLAY] step=26600 loss=3.5702 pLoss=2.7459 vLoss=0.8225 pEnt=2.888 pIllM=0.0017 playedP=0.173 pW=0.47 pD=0.07 pL=0.46 vAbs=0.228 pLogitMean=-10.3547 vLogitMean=0.6113 gNorm=0.255 lr=0.00126 ms=2940.9 buf=500000 plies=227219368 games=3426893 rejected=0 skipped=0 epoch=0 mom=0.9465 lrCyc[pk=9.8e-01,tr=9.9e-04] trainerStep=26600
[LAYER-HEALTH] live trainerStep=26600 scope=batch_norm_state_only reluSites=9/10 ch=1040 dead=0 off=5 alwaysOn=0 worst=blocks.2.bn1(dead 0 off 2 on 0) maxBetaOverGamma=+1.89@policy.pre_bn[60] minBetaOverGamma=-2.35@blocks.2.bn1[69] rvMaxOverMedian=78.6@blocks.1.bn1[14] rezero=none nonFinite=0
[REPLAY] step=26650 loss=3.5568 pLoss=2.7321 vLoss=0.8231 pEnt=2.889 pIllM=0.0016 playedP=0.174 pW=0.47 pD=0.07 pL=0.46 vAbs=0.223 pLogitMean=-10.3550 vLogitMean=0.6112 gNorm=0.245 lr=0.00131 ms=2440.9 buf=500000 plies=227645989 games=3433316 rejected=0 skipped=0 epoch=0 mom=0.9459 lrCyc[pk=9.8e-01,tr=9.9e-04] trainerStep=26650
[LAYER-HEALTH] live trainerStep=26650 scope=batch_norm_state_only reluSites=9/10 ch=1040 dead=0 off=5 alwaysOn=0 worst=blocks.2.bn1(dead 0 off 2 on 0) maxBetaOverGamma=+1.89@policy.pre_bn[60] minBetaOverGamma=-2.35@blocks.2.bn1[69] rvMaxOverMedian=78.8@blocks.1.bn1[14] rezero=none nonFinite=0
[REPLAY] step=26700 loss=3.5250 pLoss=2.7330 vLoss=0.7902 pEnt=2.883 pIllM=0.0018 playedP=0.177 pW=0.47 pD=0.07 pL=0.46 vAbs=0.228 pLogitMean=-10.3538 vLogitMean=0.6110 gNorm=0.248 lr=0.00137 ms=2135.5 buf=500000 plies=228072672 games=3439778 rejected=0 skipped=0 epoch=0 mom=0.9452 lrCyc[pk=9.8e-01,tr=9.9e-04] trainerStep=26700
[LAYER-HEALTH] live trainerStep=26700 scope=batch_norm_state_only reluSites=9/10 ch=1040 dead=0 off=5 alwaysOn=0 worst=blocks.2.bn1(dead 0 off 2 on 0) maxBetaOverGamma=+1.89@policy.pre_bn[60] minBetaOverGamma=-2.35@blocks.2.bn1[69] rvMaxOverMedian=78.7@blocks.1.bn1[14] rezero=none nonFinite=0
[REPLAY] step=26750 loss=3.5317 pLoss=2.7297 vLoss=0.8004 pEnt=2.886 pIllM=0.0017 playedP=0.173 pW=0.47 pD=0.06 pL=0.46 vAbs=0.233 pLogitMean=-10.3543 vLogitMean=0.6104 gNorm=0.260 lr=0.00144 ms=2456.1 buf=500000 plies=228499349 games=3446268 rejected=0 skipped=0 epoch=0 mom=0.9446 lrCyc[pk=9.8e-01,tr=9.9e-04] trainerStep=26750
[LAYER-HEALTH] live trainerStep=26750 scope=batch_norm_state_only reluSites=9/10 ch=1040 dead=0 off=5 alwaysOn=0 worst=blocks.2.bn1(dead 0 off 2 on 0) maxBetaOverGamma=+1.89@policy.pre_bn[60] minBetaOverGamma=-2.35@blocks.2.bn1[69] rvMaxOverMedian=78.5@blocks.1.bn1[14] rezero=none nonFinite=0
[REPLAY] step=26800 loss=3.5342 pLoss=2.7217 vLoss=0.8108 pEnt=2.887 pIllM=0.0017 playedP=0.174 pW=0.47 pD=0.06 pL=0.47 vAbs=0.235 pLogitMean=-10.3533 vLogitMean=0.6121 gNorm=0.258 lr=0.00151 ms=3322.7 buf=500000 plies=228925926 games=3452741 rejected=0 skipped=0 epoch=0 mom=0.9438 lrCyc[pk=9.8e-01,tr=9.9e-04] trainerStep=26800
[LAYER-HEALTH] live trainerStep=26800 scope=batch_norm_state_only reluSites=9/10 ch=1040 dead=0 off=5 alwaysOn=0 worst=blocks.2.bn1(dead 0 off 2 on 0) maxBetaOverGamma=+1.89@policy.pre_bn[60] minBetaOverGamma=-2.35@blocks.2.bn1[69] rvMaxOverMedian=78.5@blocks.1.bn1[14] rezero=none nonFinite=0
[REPLAY] step=26850 loss=3.4998 pLoss=2.7029 vLoss=0.7952 pEnt=2.863 pIllM=0.0017 playedP=0.178 pW=0.47 pD=0.07 pL=0.46 vAbs=0.235 pLogitMean=-10.3521 vLogitMean=0.6100 gNorm=0.248 lr=0.0016 ms=2080.2 buf=500000 plies=229352620 games=3459238 rejected=0 skipped=0 epoch=0 mom=0.9430 lrCyc[pk=9.8e-01,tr=9.9e-04] trainerStep=26850
[LAYER-HEALTH] live trainerStep=26850 scope=batch_norm_state_only reluSites=9/10 ch=1040 dead=0 off=5 alwaysOn=0 worst=blocks.2.bn1(dead 0 off 2 on 0) maxBetaOverGamma=+1.89@policy.pre_bn[60] minBetaOverGamma=-2.35@blocks.2.bn1[69] rvMaxOverMedian=78.3@blocks.1.bn1[14] rezero=none nonFinite=0
[REPLAY] step=26900 loss=3.5063 pLoss=2.7126 vLoss=0.7921 pEnt=2.849 pIllM=0.0016 playedP=0.179 pW=0.47 pD=0.07 pL=0.46 vAbs=0.237 pLogitMean=-10.3507 vLogitMean=0.6148 gNorm=0.248 lr=0.00169 ms=2705.4 buf=500000 plies=229779249 games=3465678 rejected=0 skipped=0 epoch=0 mom=0.9422 lrCyc[pk=9.8e-01,tr=9.9e-04] trainerStep=26900
[LAYER-HEALTH] live trainerStep=26900 scope=batch_norm_state_only reluSites=9/10 ch=1040 dead=0 off=5 alwaysOn=0 worst=blocks.2.bn1(dead 0 off 2 on 0) maxBetaOverGamma=+1.89@policy.pre_bn[60] minBetaOverGamma=-2.35@blocks.2.bn1[69] rvMaxOverMedian=78.0@blocks.1.bn1[14] rezero=none nonFinite=0
[REPLAY] step=26950 loss=3.4912 pLoss=2.7008 vLoss=0.7889 pEnt=2.870 pIllM=0.0015 playedP=0.177 pW=0.47 pD=0.06 pL=0.46 vAbs=0.236 pLogitMean=-10.3515 vLogitMean=0.6136 gNorm=0.248 lr=0.00179 ms=2487.8 buf=500000 plies=230205891 games=3472124 rejected=0 skipped=0 epoch=0 mom=0.9414 lrCyc[pk=9.8e-01,tr=9.9e-04] trainerStep=26950
[LAYER-HEALTH] live trainerStep=26950 scope=batch_norm_state_only reluSites=9/10 ch=1040 dead=0 off=5 alwaysOn=0 worst=blocks.2.bn1(dead 0 off 2 on 0) maxBetaOverGamma=+1.89@policy.pre_bn[60] minBetaOverGamma=-2.35@blocks.2.bn1[69] rvMaxOverMedian=78.0@blocks.1.bn1[14] rezero=none nonFinite=0
[REPLAY] step=27000 loss=3.4992 pLoss=2.6976 vLoss=0.7998 pEnt=2.866 pIllM=0.0019 playedP=0.181 pW=0.47 pD=0.06 pL=0.47 vAbs=0.234 pLogitMean=-10.3528 vLogitMean=0.6139 gNorm=0.260 lr=0.00191 ms=2102.2 buf=500000 plies=230632578 games=3478591 rejected=0 skipped=0 epoch=0 mom=0.9405 lrCyc[pk=9.8e-01,tr=9.9e-04] trainerStep=27000
[LAYER-HEALTH] live trainerStep=27000 scope=batch_norm_state_only reluSites=9/10 ch=1040 dead=0 off=5 alwaysOn=0 worst=blocks.2.bn1(dead 0 off 2 on 0) maxBetaOverGamma=+1.89@policy.pre_bn[60] minBetaOverGamma=-2.35@blocks.2.bn1[69] rvMaxOverMedian=78.1@blocks.1.bn1[14] rezero=none nonFinite=0
[REPLAY] saved trainer model (autosave) step=27000 trainerStep=27000 nextGame=3478591 shard=7 epoch=0 -> 20261005-lrBleakyall-cyc1-replay-latest.safetensors
[LAYER-HEALTH] checkpoint replay-autosave step=27000 trainerStep=27000 scope=all_tensors reluSites=9/10 ch=1040 dead=0 off=5 alwaysOn=0 worst=blocks.2.bn1(dead 0 off 2 on 0) maxBetaOverGamma=+1.89@policy.pre_bn[60] minBetaOverGamma=-2.35@blocks.2.bn1[69] rvMaxOverMedian=78.1@blocks.1.bn1[14] rezero=none nonFinite=0 seZeroVel=none valueFC1ZeroVel=0/128 maxAbs=12.84@blocks.1.bn1.running_var
[LAYER-HEALTH]   batch-norm sites — β/|γ|: dead < -3.00, mostly off < -2.00, always on > +3.00; classified for relu/leaky_relu only
[LAYER-HEALTH]     site            act            ch   dead    off     on  zeroγ nonfin  min β/|γ| [ch]     max β/|γ| [ch]     rv max/median [ch]
[LAYER-HEALTH]     stem.bn         -             128    n/a    n/a    n/a      0      0     -1.48 [69]         +0.39 [26]            4.6 [88]
[LAYER-HEALTH]     blocks.0.bn1    leaky_relu    128      0      0      0      0      0     -0.95 [47]         +0.40 [64]            5.7 [76]
[LAYER-HEALTH]     blocks.0.bn2    leaky_relu    128      0      0      0      0      0     -1.35 [44]         +0.13 [49]            4.1 [96]
[LAYER-HEALTH]     blocks.1.bn1    leaky_relu    128      0      0      0      0      0     -1.54 [11]         -0.36 [41]           78.1 [14]
[LAYER-HEALTH]     blocks.1.bn2    leaky_relu    128      0      1      0      0      0     -2.03 [80]         -0.55 [60]            6.4 [32]
[LAYER-HEALTH]     blocks.2.bn1    leaky_relu    128      0      2      0      0      0     -2.35 [69]         +0.99 [31]           31.8 [76]
[LAYER-HEALTH]     blocks.2.bn2    leaky_relu    128      0      0      0      0      0     -1.92 [85]         -0.22 [46]            3.5 [26]
[LAYER-HEALTH]     tower_final_bn  leaky_relu    128      0      0      0      0      0     -0.70 [16]         +1.52 [61]            5.8 [31]
[LAYER-HEALTH]     policy.pre_bn   leaky_relu    128      0      0      0      0      0     -1.49 [7]          +1.89 [60]            2.8 [103]
[LAYER-HEALTH]     value.bn        leaky_relu     16      0      2      0      0      0     -2.29 [15]         -0.65 [1]             2.3 [11]
[LAYER-HEALTH]   FC hidden-unit velocity — zero: every weight-velocity entry exactly 0; low: nonzero but < 5% of the layer's p90 unit norm
[LAYER-HEALTH]     value.fc1.weight  leaky_relu  units 128  zero 0  low 9  median unit norm 0.004736
[LAYER-HEALTH]     (no SE blocks)
[LAYER-HEALTH]   ReZero: none
[LAYER-HEALTH]   non-finite: 0 values in 0 of 102 tensors (10263038 values examined)
[LAYER-HEALTH]   largest |value|: blocks.1.bn1.running_var 12.84, blocks.0.bn2.running_var 9.513, blocks.2.bn1.running_var 6.541, policy.conv.bias 5.752, policy.pre_bn.bias 4.655
[REPLAY] enumerated checkpoint -> 20261005-lrBleakyall-cyc1-replay-step27000.safetensors
[REPLAY] step=27050 loss=3.4949 pLoss=2.6861 vLoss=0.8071 pEnt=2.855 pIllM=0.0017 playedP=0.177 pW=0.47 pD=0.07 pL=0.47 vAbs=0.238 pLogitMean=-10.3523 vLogitMean=0.6133 gNorm=0.264 lr=0.00204 ms=2065.1 buf=500000 plies=231059212 games=3485084 rejected=0 skipped=0 epoch=0 mom=0.9395 lrCyc[pk=9.8e-01,tr=9.9e-04] trainerStep=27050
[LAYER-HEALTH] live trainerStep=27050 scope=batch_norm_state_only reluSites=9/10 ch=1040 dead=0 off=5 alwaysOn=0 worst=blocks.2.bn1(dead 0 off 2 on 0) maxBetaOverGamma=+1.89@policy.pre_bn[60] minBetaOverGamma=-2.35@blocks.2.bn1[69] rvMaxOverMedian=78.0@blocks.1.bn1[14] rezero=none nonFinite=0
[REPLAY] step=27100 loss=3.5003 pLoss=2.7059 vLoss=0.7925 pEnt=2.859 pIllM=0.0019 playedP=0.179 pW=0.47 pD=0.07 pL=0.46 vAbs=0.241 pLogitMean=-10.3535 vLogitMean=0.6124 gNorm=0.253 lr=0.00218 ms=2108.9 buf=500000 plies=231485837 games=3491472 rejected=0 skipped=0 epoch=0 mom=0.9385 lrCyc[pk=9.8e-01,tr=9.9e-04] trainerStep=27100
[LAYER-HEALTH] live trainerStep=27100 scope=batch_norm_state_only reluSites=9/10 ch=1040 dead=0 off=5 alwaysOn=0 worst=blocks.2.bn1(dead 0 off 2 on 0) maxBetaOverGamma=+1.89@policy.pre_bn[60] minBetaOverGamma=-2.35@blocks.2.bn1[69] rvMaxOverMedian=78.1@blocks.1.bn1[14] rezero=none nonFinite=0
[REPLAY] step=27150 loss=3.5049 pLoss=2.6936 vLoss=0.8097 pEnt=2.858 pIllM=0.0016 playedP=0.182 pW=0.47 pD=0.06 pL=0.46 vAbs=0.237 pLogitMean=-10.3528 vLogitMean=0.6100 gNorm=0.249 lr=0.00234 ms=1961.6 buf=500000 plies=231912500 games=3497979 rejected=0 skipped=0 epoch=0 mom=0.9375 lrCyc[pk=9.8e-01,tr=9.9e-04] trainerStep=27150
[LAYER-HEALTH] live trainerStep=27150 scope=batch_norm_state_only reluSites=9/10 ch=1040 dead=0 off=5 alwaysOn=0 worst=blocks.2.bn1(dead 0 off 2 on 0) maxBetaOverGamma=+1.89@policy.pre_bn[60] minBetaOverGamma=-2.35@blocks.2.bn1[69] rvMaxOverMedian=78.2@blocks.1.bn1[14] rezero=none nonFinite=0
[REPLAY] step=27200 loss=3.5148 pLoss=2.7069 vLoss=0.8061 pEnt=2.847 pIllM=0.0019 playedP=0.179 pW=0.47 pD=0.06 pL=0.46 vAbs=0.232 pLogitMean=-10.3520 vLogitMean=0.6124 gNorm=0.248 lr=0.00252 ms=1940.4 buf=500000 plies=232339208 games=3504414 rejected=0 skipped=0 epoch=0 mom=0.9365 lrCyc[pk=9.8e-01,tr=9.9e-04] trainerStep=27200
[LAYER-HEALTH] live trainerStep=27200 scope=batch_norm_state_only reluSites=9/10 ch=1040 dead=0 off=5 alwaysOn=0 worst=blocks.2.bn1(dead 0 off 2 on 0) maxBetaOverGamma=+1.89@policy.pre_bn[60] minBetaOverGamma=-2.35@blocks.2.bn1[69] rvMaxOverMedian=78.0@blocks.1.bn1[14] rezero=none nonFinite=0
[REPLAY] step=27250 loss=3.5092 pLoss=2.6997 vLoss=0.8075 pEnt=2.848 pIllM=0.0019 playedP=0.181 pW=0.47 pD=0.07 pL=0.46 vAbs=0.227 pLogitMean=-10.3522 vLogitMean=0.6124 gNorm=0.252 lr=0.00271 ms=1816.8 buf=500000 plies=232765787 games=3510844 rejected=0 skipped=0 epoch=0 mom=0.9354 lrCyc[pk=9.8e-01,tr=9.9e-04] trainerStep=27250
[LAYER-HEALTH] live trainerStep=27250 scope=batch_norm_state_only reluSites=9/10 ch=1040 dead=0 off=5 alwaysOn=0 worst=blocks.2.bn1(dead 0 off 2 on 0) maxBetaOverGamma=+1.89@policy.pre_bn[60] minBetaOverGamma=-2.35@blocks.2.bn1[69] rvMaxOverMedian=77.9@blocks.1.bn1[14] rezero=none nonFinite=0
[REPLAY] step=27300 loss=3.5011 pLoss=2.7074 vLoss=0.7917 pEnt=2.846 pIllM=0.0020 playedP=0.181 pW=0.47 pD=0.06 pL=0.47 vAbs=0.241 pLogitMean=-10.3523 vLogitMean=0.6141 gNorm=0.249 lr=0.00293 ms=1905.4 buf=500000 plies=233192462 games=3517290 rejected=0 skipped=0 epoch=0 mom=0.9342 lrCyc[pk=9.8e-01,tr=9.9e-04] trainerStep=27300
[LAYER-HEALTH] live trainerStep=27300 scope=batch_norm_state_only reluSites=9/10 ch=1040 dead=0 off=5 alwaysOn=0 worst=blocks.2.bn1(dead 0 off 2 on 0) maxBetaOverGamma=+1.89@policy.pre_bn[60] minBetaOverGamma=-2.35@blocks.2.bn1[69] rvMaxOverMedian=77.9@blocks.1.bn1[14] rezero=none nonFinite=0
[REPLAY] step=27350 loss=3.5467 pLoss=2.7344 vLoss=0.8104 pEnt=2.858 pIllM=0.0019 playedP=0.177 pW=0.47 pD=0.07 pL=0.46 vAbs=0.236 pLogitMean=-10.3528 vLogitMean=0.6108 gNorm=0.257 lr=0.00318 ms=2177.0 buf=500000 plies=233619117 games=3523699 rejected=0 skipped=0 epoch=0 mom=0.9331 lrCyc[pk=9.8e-01,tr=9.9e-04] trainerStep=27350
[LAYER-HEALTH] live trainerStep=27350 scope=batch_norm_state_only reluSites=9/10 ch=1040 dead=0 off=5 alwaysOn=0 worst=blocks.2.bn1(dead 0 off 2 on 0) maxBetaOverGamma=+1.89@policy.pre_bn[60] minBetaOverGamma=-2.35@blocks.2.bn1[69] rvMaxOverMedian=77.9@blocks.1.bn1[14] rezero=none nonFinite=0
[REPLAY] step=27400 loss=3.5475 pLoss=2.7409 vLoss=0.8051 pEnt=2.869 pIllM=0.0015 playedP=0.176 pW=0.47 pD=0.07 pL=0.46 vAbs=0.237 pLogitMean=-10.3526 vLogitMean=0.6109 gNorm=0.254 lr=0.00345 ms=2315.3 buf=500000 plies=234045755 games=3530079 rejected=0 skipped=0 epoch=0 mom=0.9319 lrCyc[pk=9.8e-01,tr=9.9e-04] trainerStep=27400
[LAYER-HEALTH] live trainerStep=27400 scope=batch_norm_state_only reluSites=9/10 ch=1040 dead=0 off=5 alwaysOn=0 worst=blocks.2.bn1(dead 0 off 2 on 0) maxBetaOverGamma=+1.89@policy.pre_bn[60] minBetaOverGamma=-2.35@blocks.2.bn1[69] rvMaxOverMedian=78.0@blocks.1.bn1[14] rezero=none nonFinite=0
[REPLAY] step=27450 loss=3.4974 pLoss=2.6862 vLoss=0.8094 pEnt=2.850 pIllM=0.0018 playedP=0.182 pW=0.47 pD=0.07 pL=0.46 vAbs=0.228 pLogitMean=-10.3531 vLogitMean=0.6120 gNorm=0.248 lr=0.00375 ms=2969.0 buf=500000 plies=234472436 games=3536533 rejected=0 skipped=0 epoch=0 mom=0.9307 lrCyc[pk=9.8e-01,tr=9.9e-04] trainerStep=27450
[LAYER-HEALTH] live trainerStep=27450 scope=batch_norm_state_only reluSites=9/10 ch=1040 dead=0 off=5 alwaysOn=0 worst=blocks.2.bn1(dead 0 off 2 on 0) maxBetaOverGamma=+1.89@policy.pre_bn[60] minBetaOverGamma=-2.35@blocks.2.bn1[69] rvMaxOverMedian=78.8@blocks.1.bn1[14] rezero=none nonFinite=0
[REPLAY] step=27500 loss=3.5036 pLoss=2.7155 vLoss=0.7861 pEnt=2.871 pIllM=0.0021 playedP=0.176 pW=0.47 pD=0.07 pL=0.46 vAbs=0.246 pLogitMean=-10.3529 vLogitMean=0.6143 gNorm=0.256 lr=0.00409 ms=2226.6 buf=500000 plies=234899070 games=3543010 rejected=0 skipped=0 epoch=0 mom=0.9294 lrCyc[pk=9.8e-01,tr=9.9e-04] trainerStep=27500
[LAYER-HEALTH] live trainerStep=27500 scope=batch_norm_state_only reluSites=9/10 ch=1040 dead=0 off=5 alwaysOn=0 worst=blocks.2.bn1(dead 0 off 2 on 0) maxBetaOverGamma=+1.89@policy.pre_bn[60] minBetaOverGamma=-2.35@blocks.2.bn1[69] rvMaxOverMedian=79.2@blocks.1.bn1[14] rezero=none nonFinite=0
[REPLAY] step=27550 loss=3.5028 pLoss=2.7130 vLoss=0.7879 pEnt=2.857 pIllM=0.0019 playedP=0.179 pW=0.47 pD=0.06 pL=0.47 vAbs=0.230 pLogitMean=-10.3523 vLogitMean=0.6138 gNorm=0.260 lr=0.00447 ms=2860.5 buf=500000 plies=235325706 games=3549463 rejected=0 skipped=0 epoch=0 mom=0.9281 lrCyc[pk=9.8e-01,tr=9.9e-04] trainerStep=27550
[LAYER-HEALTH] live trainerStep=27550 scope=batch_norm_state_only reluSites=9/10 ch=1040 dead=0 off=6 alwaysOn=0 worst=blocks.2.bn1(dead 0 off 3 on 0) maxBetaOverGamma=+1.89@policy.pre_bn[60] minBetaOverGamma=-2.35@blocks.2.bn1[69] rvMaxOverMedian=78.7@blocks.1.bn1[14] rezero=none nonFinite=0
[REPLAY] step=27600 loss=3.5520 pLoss=2.7349 vLoss=0.8154 pEnt=2.855 pIllM=0.0017 playedP=0.178 pW=0.47 pD=0.07 pL=0.46 vAbs=0.225 pLogitMean=-10.3502 vLogitMean=0.6110 gNorm=0.251 lr=0.00489 ms=2450.7 buf=500000 plies=235752397 games=3555899 rejected=0 skipped=0 epoch=0 mom=0.9268 lrCyc[pk=9.8e-01,tr=9.9e-04] trainerStep=27600
[LAYER-HEALTH] live trainerStep=27600 scope=batch_norm_state_only reluSites=9/10 ch=1040 dead=0 off=6 alwaysOn=0 worst=blocks.2.bn1(dead 0 off 3 on 0) maxBetaOverGamma=+1.89@policy.pre_bn[60] minBetaOverGamma=-2.35@blocks.2.bn1[69] rvMaxOverMedian=78.6@blocks.1.bn1[14] rezero=none nonFinite=0
[REPLAY] step=27650 loss=3.5017 pLoss=2.6923 vLoss=0.8078 pEnt=2.867 pIllM=0.0016 playedP=0.177 pW=0.47 pD=0.07 pL=0.46 vAbs=0.238 pLogitMean=-10.3501 vLogitMean=0.6122 gNorm=0.262 lr=0.00537 ms=2435.3 buf=500000 plies=236178970 games=3562347 rejected=0 skipped=0 epoch=0 mom=0.9255 lrCyc[pk=9.8e-01,tr=9.9e-04] trainerStep=27650
[LAYER-HEALTH] live trainerStep=27650 scope=batch_norm_state_only reluSites=9/10 ch=1040 dead=0 off=6 alwaysOn=0 worst=blocks.2.bn1(dead 0 off 3 on 0) maxBetaOverGamma=+1.88@policy.pre_bn[60] minBetaOverGamma=-2.35@blocks.2.bn1[69] rvMaxOverMedian=78.0@blocks.1.bn1[14] rezero=none nonFinite=0
[REPLAY] step=27700 loss=3.5148 pLoss=2.7109 vLoss=0.8023 pEnt=2.860 pIllM=0.0017 playedP=0.180 pW=0.47 pD=0.07 pL=0.46 vAbs=0.221 pLogitMean=-10.3507 vLogitMean=0.6123 gNorm=0.247 lr=0.0059 ms=2944.9 buf=500000 plies=236605642 games=3568768 rejected=0 skipped=0 epoch=0 mom=0.9241 lrCyc[pk=9.8e-01,tr=9.9e-04] trainerStep=27700
[LAYER-HEALTH] live trainerStep=27700 scope=batch_norm_state_only reluSites=9/10 ch=1040 dead=0 off=6 alwaysOn=0 worst=blocks.2.bn1(dead 0 off 3 on 0) maxBetaOverGamma=+1.88@policy.pre_bn[60] minBetaOverGamma=-2.35@blocks.2.bn1[69] rvMaxOverMedian=77.6@blocks.1.bn1[14] rezero=none nonFinite=0
[REPLAY] step=27750 loss=3.5286 pLoss=2.7173 vLoss=0.8098 pEnt=2.867 pIllM=0.0015 playedP=0.177 pW=0.47 pD=0.07 pL=0.46 vAbs=0.237 pLogitMean=-10.3518 vLogitMean=0.6134 gNorm=0.259 lr=0.00649 ms=2361.8 buf=500000 plies=237032283 games=3575148 rejected=0 skipped=0 epoch=0 mom=0.9227 lrCyc[pk=9.8e-01,tr=9.9e-04] trainerStep=27750
[LAYER-HEALTH] live trainerStep=27750 scope=batch_norm_state_only reluSites=9/10 ch=1040 dead=0 off=6 alwaysOn=0 worst=blocks.2.bn1(dead 0 off 3 on 0) maxBetaOverGamma=+1.88@policy.pre_bn[60] minBetaOverGamma=-2.35@blocks.2.bn1[69] rvMaxOverMedian=77.2@blocks.1.bn1[14] rezero=none nonFinite=0
[REPLAY] step=27800 loss=3.5041 pLoss=2.7078 vLoss=0.7948 pEnt=2.878 pIllM=0.0015 playedP=0.177 pW=0.47 pD=0.06 pL=0.46 vAbs=0.236 pLogitMean=-10.3518 vLogitMean=0.6136 gNorm=0.253 lr=0.00715 ms=1796.2 buf=500000 plies=237458949 games=3581575 rejected=0 skipped=0 epoch=0 mom=0.9213 lrCyc[pk=9.8e-01,tr=9.9e-04] trainerStep=27800
[LAYER-HEALTH] live trainerStep=27800 scope=batch_norm_state_only reluSites=9/10 ch=1040 dead=0 off=6 alwaysOn=0 worst=blocks.2.bn1(dead 0 off 3 on 0) maxBetaOverGamma=+1.87@policy.pre_bn[60] minBetaOverGamma=-2.35@blocks.2.bn1[69] rvMaxOverMedian=76.6@blocks.1.bn1[14] rezero=none nonFinite=0
[REPLAY] step=27850 loss=3.4919 pLoss=2.6843 vLoss=0.8059 pEnt=2.866 pIllM=0.0017 playedP=0.177 pW=0.47 pD=0.06 pL=0.46 vAbs=0.241 pLogitMean=-10.3524 vLogitMean=0.6144 gNorm=0.263 lr=0.00789 ms=1226.9 buf=500000 plies=237885646 games=3588036 rejected=0 skipped=0 epoch=0 mom=0.9199 lrCyc[pk=9.8e-01,tr=9.9e-04] trainerStep=27850
[LAYER-HEALTH] live trainerStep=27850 scope=batch_norm_state_only reluSites=9/10 ch=1040 dead=0 off=6 alwaysOn=0 worst=blocks.2.bn1(dead 0 off 3 on 0) maxBetaOverGamma=+1.87@policy.pre_bn[60] minBetaOverGamma=-2.35@blocks.2.bn1[69] rvMaxOverMedian=76.1@blocks.1.bn1[14] rezero=none nonFinite=0
[REPLAY] step=27900 loss=3.5291 pLoss=2.7218 vLoss=0.8057 pEnt=2.865 pIllM=0.0016 playedP=0.179 pW=0.47 pD=0.07 pL=0.46 vAbs=0.238 pLogitMean=-10.3512 vLogitMean=0.6125 gNorm=0.252 lr=0.00872 ms=1232.3 buf=500000 plies=238312242 games=3594450 rejected=0 skipped=0 epoch=0 mom=0.9184 lrCyc[pk=9.8e-01,tr=9.9e-04] trainerStep=27900
[LAYER-HEALTH] live trainerStep=27900 scope=batch_norm_state_only reluSites=9/10 ch=1040 dead=0 off=5 alwaysOn=0 worst=blocks.2.bn1(dead 0 off 2 on 0) maxBetaOverGamma=+1.87@policy.pre_bn[60] minBetaOverGamma=-2.35@blocks.2.bn1[69] rvMaxOverMedian=76.7@blocks.1.bn1[14] rezero=none nonFinite=0
[REPLAY] step=27950 loss=3.5114 pLoss=2.7116 vLoss=0.7983 pEnt=2.858 pIllM=0.0015 playedP=0.177 pW=0.48 pD=0.07 pL=0.46 vAbs=0.234 pLogitMean=-10.3522 vLogitMean=0.6119 gNorm=0.247 lr=0.00965 ms=1311.0 buf=500000 plies=238738950 games=3600934 rejected=0 skipped=0 epoch=0 mom=0.9170 lrCyc[pk=9.8e-01,tr=9.9e-04] trainerStep=27950
[LAYER-HEALTH] live trainerStep=27950 scope=batch_norm_state_only reluSites=9/10 ch=1040 dead=0 off=5 alwaysOn=0 worst=blocks.2.bn1(dead 0 off 2 on 0) maxBetaOverGamma=+1.87@policy.pre_bn[60] minBetaOverGamma=-2.35@blocks.2.bn1[69] rvMaxOverMedian=77.1@blocks.1.bn1[14] rezero=none nonFinite=0
[REPLAY] step=28000 loss=3.4963 pLoss=2.6936 vLoss=0.8008 pEnt=2.852 pIllM=0.0018 playedP=0.177 pW=0.47 pD=0.07 pL=0.46 vAbs=0.239 pLogitMean=-10.3516 vLogitMean=0.6145 gNorm=0.264 lr=0.0107 ms=1262.5 buf=500000 plies=239165604 games=3607314 rejected=0 skipped=0 epoch=0 mom=0.9155 lrCyc[pk=9.8e-01,tr=9.9e-04] trainerStep=28000
[LAYER-HEALTH] live trainerStep=28000 scope=batch_norm_state_only reluSites=9/10 ch=1040 dead=0 off=5 alwaysOn=0 worst=blocks.2.bn1(dead 0 off 2 on 0) maxBetaOverGamma=+1.87@policy.pre_bn[60] minBetaOverGamma=-2.34@blocks.2.bn1[69] rvMaxOverMedian=77.1@blocks.1.bn1[14] rezero=none nonFinite=0
[REPLAY] saved trainer model (autosave) step=28000 trainerStep=28000 nextGame=3607314 shard=7 epoch=0 -> 20261005-lrBleakyall-cyc1-replay-latest.safetensors
[LAYER-HEALTH] checkpoint replay-autosave step=28000 trainerStep=28000 scope=all_tensors reluSites=9/10 ch=1040 dead=0 off=5 alwaysOn=0 worst=blocks.2.bn1(dead 0 off 2 on 0) maxBetaOverGamma=+1.87@policy.pre_bn[60] minBetaOverGamma=-2.34@blocks.2.bn1[69] rvMaxOverMedian=77.1@blocks.1.bn1[14] rezero=none nonFinite=0 seZeroVel=none valueFC1ZeroVel=0/128 maxAbs=12.81@blocks.1.bn1.running_var
[LAYER-HEALTH]   batch-norm sites — β/|γ|: dead < -3.00, mostly off < -2.00, always on > +3.00; classified for relu/leaky_relu only
[LAYER-HEALTH]     site            act            ch   dead    off     on  zeroγ nonfin  min β/|γ| [ch]     max β/|γ| [ch]     rv max/median [ch]
[LAYER-HEALTH]     stem.bn         -             128    n/a    n/a    n/a      0      0     -1.48 [69]         +0.39 [26]            4.6 [88]
[LAYER-HEALTH]     blocks.0.bn1    leaky_relu    128      0      0      0      0      0     -0.95 [47]         +0.40 [64]            5.8 [76]
[LAYER-HEALTH]     blocks.0.bn2    leaky_relu    128      0      0      0      0      0     -1.36 [44]         +0.15 [49]            4.0 [109]
[LAYER-HEALTH]     blocks.1.bn1    leaky_relu    128      0      0      0      0      0     -1.54 [11]         -0.36 [41]           77.1 [14]
[LAYER-HEALTH]     blocks.1.bn2    leaky_relu    128      0      1      0      0      0     -2.02 [80]         -0.55 [60]            6.5 [32]
[LAYER-HEALTH]     blocks.2.bn1    leaky_relu    128      0      2      0      0      0     -2.34 [69]         +1.01 [31]           31.3 [76]
[LAYER-HEALTH]     blocks.2.bn2    leaky_relu    128      0      0      0      0      0     -1.92 [85]         -0.22 [46]            3.5 [26]
[LAYER-HEALTH]     tower_final_bn  leaky_relu    128      0      0      0      0      0     -0.70 [16]         +1.52 [61]            5.8 [31]
[LAYER-HEALTH]     policy.pre_bn   leaky_relu    128      0      0      0      0      0     -1.49 [7]          +1.87 [60]            2.9 [103]
[LAYER-HEALTH]     value.bn        leaky_relu     16      0      2      0      0      0     -2.30 [15]         -0.65 [1]             2.3 [11]
[LAYER-HEALTH]   FC hidden-unit velocity — zero: every weight-velocity entry exactly 0; low: nonzero but < 5% of the layer's p90 unit norm
[LAYER-HEALTH]     value.fc1.weight  leaky_relu  units 128  zero 0  low 10  median unit norm 0.004463
[LAYER-HEALTH]     (no SE blocks)
[LAYER-HEALTH]   ReZero: none
[LAYER-HEALTH]   non-finite: 0 values in 0 of 102 tensors (10263038 values examined)
[LAYER-HEALTH]   largest |value|: blocks.1.bn1.running_var 12.81, blocks.0.bn2.running_var 9.348, blocks.2.bn1.running_var 6.455, policy.conv.bias 5.757, policy.pre_bn.bias 4.658
[REPLAY] enumerated checkpoint -> 20261005-lrBleakyall-cyc1-replay-step28000.safetensors
[REPLAY] step=28050 loss=3.4917 pLoss=2.6939 vLoss=0.7963 pEnt=2.871 pIllM=0.0015 playedP=0.180 pW=0.47 pD=0.07 pL=0.47 vAbs=0.236 pLogitMean=-10.3522 vLogitMean=0.6136 gNorm=0.261 lr=0.0119 ms=1292.6 buf=500000 plies=239592232 games=3613786 rejected=0 skipped=0 epoch=0 mom=0.9140 lrCyc[pk=9.8e-01,tr=9.9e-04] trainerStep=28050
[LAYER-HEALTH] live trainerStep=28050 scope=batch_norm_state_only reluSites=9/10 ch=1040 dead=0 off=6 alwaysOn=0 worst=blocks.2.bn1(dead 0 off 3 on 0) maxBetaOverGamma=+1.88@policy.pre_bn[60] minBetaOverGamma=-2.35@blocks.2.bn1[69] rvMaxOverMedian=78.2@blocks.1.bn1[14] rezero=none nonFinite=0
[REPLAY] step=28100 loss=3.5673 pLoss=2.7393 vLoss=0.8266 pEnt=2.872 pIllM=0.0015 playedP=0.176 pW=0.46 pD=0.07 pL=0.46 vAbs=0.217 pLogitMean=-10.3518 vLogitMean=0.6115 gNorm=0.265 lr=0.0132 ms=1170.8 buf=500000 plies=240018882 games=3620229 rejected=0 skipped=0 epoch=0 mom=0.9125 lrCyc[pk=9.8e-01,tr=9.9e-04] trainerStep=28100
[LAYER-HEALTH] live trainerStep=28100 scope=batch_norm_state_only reluSites=9/10 ch=1040 dead=0 off=6 alwaysOn=0 worst=blocks.2.bn1(dead 0 off 3 on 0) maxBetaOverGamma=+1.87@policy.pre_bn[60] minBetaOverGamma=-2.35@blocks.2.bn1[69] rvMaxOverMedian=79.1@blocks.1.bn1[14] rezero=none nonFinite=0
[REPLAY] step=28150 loss=3.4946 pLoss=2.6811 vLoss=0.8115 pEnt=2.868 pIllM=0.0020 playedP=0.175 pW=0.47 pD=0.07 pL=0.46 vAbs=0.235 pLogitMean=-10.3526 vLogitMean=0.6123 gNorm=0.273 lr=0.0146 ms=1444.3 buf=500000 plies=240445544 games=3626692 rejected=0 skipped=0 epoch=0 mom=0.9110 lrCyc[pk=9.8e-01,tr=9.9e-04] trainerStep=28150
[LAYER-HEALTH] live trainerStep=28150 scope=batch_norm_state_only reluSites=9/10 ch=1040 dead=0 off=6 alwaysOn=0 worst=blocks.2.bn1(dead 0 off 3 on 0) maxBetaOverGamma=+1.87@policy.pre_bn[60] minBetaOverGamma=-2.34@blocks.2.bn1[69] rvMaxOverMedian=78.3@blocks.1.bn1[14] rezero=none nonFinite=0
[REPLAY] step=28200 loss=3.5043 pLoss=2.7148 vLoss=0.7878 pEnt=2.878 pIllM=0.0017 playedP=0.170 pW=0.47 pD=0.06 pL=0.47 vAbs=0.248 pLogitMean=-10.3512 vLogitMean=0.6130 gNorm=0.263 lr=0.0163 ms=1333.3 buf=500000 plies=240872165 games=3633205 rejected=0 skipped=0 epoch=0 mom=0.9094 lrCyc[pk=9.8e-01,tr=9.9e-04] trainerStep=28200
[LAYER-HEALTH] live trainerStep=28200 scope=batch_norm_state_only reluSites=9/10 ch=1040 dead=0 off=6 alwaysOn=0 worst=blocks.2.bn1(dead 0 off 3 on 0) maxBetaOverGamma=+1.88@policy.pre_bn[60] minBetaOverGamma=-2.35@blocks.2.bn1[69] rvMaxOverMedian=78.3@blocks.1.bn1[14] rezero=none nonFinite=0
[REPLAY] step=28250 loss=3.5467 pLoss=2.7385 vLoss=0.8066 pEnt=2.864 pIllM=0.0016 playedP=0.178 pW=0.47 pD=0.06 pL=0.47 vAbs=0.228 pLogitMean=-10.3501 vLogitMean=0.6166 gNorm=0.247 lr=0.0181 ms=1287.4 buf=500000 plies=241298775 games=3639674 rejected=0 skipped=0 epoch=0 mom=0.9079 lrCyc[pk=9.8e-01,tr=9.9e-04] trainerStep=28250
[LAYER-HEALTH] live trainerStep=28250 scope=batch_norm_state_only reluSites=9/10 ch=1040 dead=0 off=6 alwaysOn=0 worst=blocks.2.bn1(dead 0 off 3 on 0) maxBetaOverGamma=+1.88@policy.pre_bn[60] minBetaOverGamma=-2.34@blocks.2.bn1[69] rvMaxOverMedian=78.0@blocks.1.bn1[14] rezero=none nonFinite=0
[REPLAY] step=28300 loss=3.5001 pLoss=2.6961 vLoss=0.8022 pEnt=2.845 pIllM=0.0017 playedP=0.182 pW=0.47 pD=0.07 pL=0.46 vAbs=0.239 pLogitMean=-10.3503 vLogitMean=0.6114 gNorm=0.259 lr=0.0201 ms=1346.6 buf=500000 plies=241725565 games=3646210 rejected=0 skipped=0 epoch=0 mom=0.9063 lrCyc[pk=9.8e-01,tr=9.9e-04] trainerStep=28300
[LAYER-HEALTH] live trainerStep=28300 scope=batch_norm_state_only reluSites=9/10 ch=1040 dead=0 off=6 alwaysOn=0 worst=blocks.2.bn1(dead 0 off 3 on 0) maxBetaOverGamma=+1.88@policy.pre_bn[60] minBetaOverGamma=-2.35@blocks.2.bn1[69] rvMaxOverMedian=77.5@blocks.1.bn1[14] rezero=none nonFinite=0
[REPLAY] step=28350 loss=3.4610 pLoss=2.6710 vLoss=0.7883 pEnt=2.854 pIllM=0.0017 playedP=0.180 pW=0.47 pD=0.07 pL=0.46 vAbs=0.241 pLogitMean=-10.3476 vLogitMean=0.6132 gNorm=0.255 lr=0.0224 ms=1329.5 buf=500000 plies=242152116 games=3652674 rejected=0 skipped=0 epoch=0 mom=0.9048 lrCyc[pk=9.8e-01,tr=9.9e-04] trainerStep=28350
[LAYER-HEALTH] live trainerStep=28350 scope=batch_norm_state_only reluSites=9/10 ch=1040 dead=0 off=6 alwaysOn=0 worst=blocks.2.bn1(dead 0 off 3 on 0) maxBetaOverGamma=+1.88@policy.pre_bn[60] minBetaOverGamma=-2.34@blocks.2.bn1[69] rvMaxOverMedian=77.5@blocks.1.bn1[14] rezero=none nonFinite=0
[REPLAY] step=28400 loss=3.5354 pLoss=2.7229 vLoss=0.8108 pEnt=2.873 pIllM=0.0017 playedP=0.177 pW=0.47 pD=0.07 pL=0.46 vAbs=0.243 pLogitMean=-10.3521 vLogitMean=0.6131 gNorm=0.252 lr=0.025 ms=1330.4 buf=500000 plies=242578721 games=3659121 rejected=0 skipped=0 epoch=0 mom=0.9032 lrCyc[pk=9.8e-01,tr=9.9e-04] trainerStep=28400
[LAYER-HEALTH] live trainerStep=28400 scope=batch_norm_state_only reluSites=9/10 ch=1040 dead=0 off=6 alwaysOn=0 worst=blocks.2.bn1(dead 0 off 3 on 0) maxBetaOverGamma=+1.88@policy.pre_bn[60] minBetaOverGamma=-2.34@blocks.2.bn1[69] rvMaxOverMedian=77.0@blocks.1.bn1[14] rezero=none nonFinite=0
[REPLAY] step=28450 loss=3.4926 pLoss=2.6842 vLoss=0.8069 pEnt=2.863 pIllM=0.0015 playedP=0.176 pW=0.47 pD=0.07 pL=0.47 vAbs=0.242 pLogitMean=-10.3442 vLogitMean=0.6127 gNorm=0.258 lr=0.0278 ms=1468.6 buf=500000 plies=243005372 games=3665548 rejected=0 skipped=0 epoch=0 mom=0.9016 lrCyc[pk=9.8e-01,tr=9.9e-04] trainerStep=28450
[LAYER-HEALTH] live trainerStep=28450 scope=batch_norm_state_only reluSites=9/10 ch=1040 dead=0 off=6 alwaysOn=0 worst=blocks.2.bn1(dead 0 off 3 on 0) maxBetaOverGamma=+1.89@policy.pre_bn[60] minBetaOverGamma=-2.34@blocks.2.bn1[69] rvMaxOverMedian=75.2@blocks.1.bn1[14] rezero=none nonFinite=0
[REPLAY] step=28500 loss=3.4876 pLoss=2.6888 vLoss=0.7971 pEnt=2.867 pIllM=0.0017 playedP=0.174 pW=0.46 pD=0.06 pL=0.47 vAbs=0.233 pLogitMean=-10.3442 vLogitMean=0.6129 gNorm=0.286 lr=0.031 ms=1336.4 buf=500000 plies=243432048 games=3671991 rejected=0 skipped=0 epoch=0 mom=0.9001 lrCyc[pk=9.7e-01,tr=9.9e-04] trainerStep=28500
[LAYER-HEALTH] live trainerStep=28500 scope=batch_norm_state_only reluSites=9/10 ch=1040 dead=0 off=6 alwaysOn=0 worst=blocks.2.bn1(dead 0 off 3 on 0) maxBetaOverGamma=+1.89@policy.pre_bn[60] minBetaOverGamma=-2.34@blocks.2.bn1[69] rvMaxOverMedian=75.1@blocks.1.bn1[14] rezero=none nonFinite=0
[REPLAY] step=28550 loss=3.4838 pLoss=2.6870 vLoss=0.7952 pEnt=2.849 pIllM=0.0015 playedP=0.178 pW=0.48 pD=0.06 pL=0.46 vAbs=0.240 pLogitMean=-10.3398 vLogitMean=0.6135 gNorm=0.262 lr=0.0346 ms=1248.3 buf=500000 plies=243858716 games=3678427 rejected=0 skipped=0 epoch=0 mom=0.8985 lrCyc[pk=9.7e-01,tr=9.9e-04] trainerStep=28550
[LAYER-HEALTH] live trainerStep=28550 scope=batch_norm_state_only reluSites=9/10 ch=1040 dead=0 off=6 alwaysOn=0 worst=blocks.2.bn1(dead 0 off 3 on 0) maxBetaOverGamma=+1.89@policy.pre_bn[60] minBetaOverGamma=-2.35@blocks.2.bn1[69] rvMaxOverMedian=74.8@blocks.1.bn1[14] rezero=none nonFinite=0
[REPLAY] step=28600 loss=3.5010 pLoss=2.6994 vLoss=0.7997 pEnt=2.861 pIllM=0.0019 playedP=0.178 pW=0.47 pD=0.07 pL=0.46 vAbs=0.243 pLogitMean=-10.3411 vLogitMean=0.6103 gNorm=0.269 lr=0.0385 ms=1417.7 buf=500000 plies=244285357 games=3684910 rejected=0 skipped=0 epoch=0 mom=0.8969 lrCyc[pk=9.7e-01,tr=9.9e-04] trainerStep=28600
[LAYER-HEALTH] live trainerStep=28600 scope=batch_norm_state_only reluSites=9/10 ch=1040 dead=0 off=6 alwaysOn=0 worst=blocks.2.bn1(dead 0 off 3 on 0) maxBetaOverGamma=+1.88@policy.pre_bn[60] minBetaOverGamma=-2.35@blocks.2.bn1[69] rvMaxOverMedian=75.1@blocks.1.bn1[14] rezero=none nonFinite=0
[REPLAY] step=28650 loss=3.5307 pLoss=2.7124 vLoss=0.8166 pEnt=2.848 pIllM=0.0017 playedP=0.177 pW=0.46 pD=0.07 pL=0.46 vAbs=0.234 pLogitMean=-10.3391 vLogitMean=0.6131 gNorm=0.263 lr=0.0429 ms=1194.0 buf=500000 plies=244711971 games=3691341 rejected=0 skipped=0 epoch=0 mom=0.8954 lrCyc[pk=9.7e-01,tr=9.9e-04] trainerStep=28650
[LAYER-HEALTH] live trainerStep=28650 scope=batch_norm_state_only reluSites=9/10 ch=1040 dead=0 off=6 alwaysOn=0 worst=blocks.2.bn1(dead 0 off 3 on 0) maxBetaOverGamma=+1.89@policy.pre_bn[60] minBetaOverGamma=-2.35@blocks.2.bn1[69] rvMaxOverMedian=77.1@blocks.1.bn1[14] rezero=none nonFinite=0
[REPLAY] step=28700 loss=3.5251 pLoss=2.7176 vLoss=0.8059 pEnt=2.858 pIllM=0.0016 playedP=0.178 pW=0.47 pD=0.07 pL=0.46 vAbs=0.232 pLogitMean=-10.3353 vLogitMean=0.6130 gNorm=0.268 lr=0.0478 ms=1360.7 buf=500000 plies=245138654 games=3697797 rejected=0 skipped=0 epoch=0 mom=0.8938 lrCyc[pk=9.7e-01,tr=9.9e-04] trainerStep=28700
[LAYER-HEALTH] live trainerStep=28700 scope=batch_norm_state_only reluSites=9/10 ch=1040 dead=0 off=6 alwaysOn=0 worst=blocks.2.bn1(dead 0 off 3 on 0) maxBetaOverGamma=+1.85@policy.pre_bn[60] minBetaOverGamma=-2.35@value.bn[15] rvMaxOverMedian=76.8@blocks.1.bn1[14] rezero=none nonFinite=0
[REPLAY] step=28750 loss=3.5092 pLoss=2.7064 vLoss=0.8012 pEnt=2.869 pIllM=0.0016 playedP=0.175 pW=0.47 pD=0.07 pL=0.46 vAbs=0.253 pLogitMean=-10.3299 vLogitMean=0.6133 gNorm=0.284 lr=0.0532 ms=948.0 buf=500000 plies=245565280 games=3704231 rejected=0 skipped=0 epoch=0 mom=0.8923 lrCyc[pk=9.7e-01,tr=9.9e-04] trainerStep=28750
[LAYER-HEALTH] live trainerStep=28750 scope=batch_norm_state_only reluSites=9/10 ch=1040 dead=0 off=6 alwaysOn=0 worst=blocks.2.bn1(dead 0 off 3 on 0) maxBetaOverGamma=+1.85@policy.pre_bn[60] minBetaOverGamma=-2.34@value.bn[15] rvMaxOverMedian=76.2@blocks.1.bn1[14] rezero=none nonFinite=0
[REPLAY] step=28800 loss=3.4987 pLoss=2.6911 vLoss=0.8060 pEnt=2.856 pIllM=0.0016 playedP=0.175 pW=0.47 pD=0.07 pL=0.47 vAbs=0.235 pLogitMean=-10.3292 vLogitMean=0.6138 gNorm=0.284 lr=0.0592 ms=1737.6 buf=500000 plies=245991992 games=3710658 rejected=0 skipped=0 epoch=0 mom=0.8907 lrCyc[pk=9.7e-01,tr=9.9e-04] trainerStep=28800
[LAYER-HEALTH] live trainerStep=28800 scope=batch_norm_state_only reluSites=9/10 ch=1040 dead=0 off=6 alwaysOn=0 worst=blocks.2.bn1(dead 0 off 3 on 0) maxBetaOverGamma=+1.84@policy.pre_bn[60] minBetaOverGamma=-2.33@blocks.2.bn1[69] rvMaxOverMedian=75.3@blocks.1.bn1[14] rezero=none nonFinite=0
[REPLAY] step=28850 loss=3.5458 pLoss=2.7201 vLoss=0.8241 pEnt=2.831 pIllM=0.0016 playedP=0.180 pW=0.47 pD=0.08 pL=0.45 vAbs=0.232 pLogitMean=-10.3207 vLogitMean=0.6130 gNorm=0.281 lr=0.0658 ms=1077.0 buf=500000 plies=246418593 games=3717050 rejected=0 skipped=0 epoch=0 mom=0.8892 lrCyc[pk=9.7e-01,tr=9.9e-04] trainerStep=28850
[LAYER-HEALTH] live trainerStep=28850 scope=batch_norm_state_only reluSites=9/10 ch=1040 dead=0 off=6 alwaysOn=0 worst=blocks.2.bn1(dead 0 off 3 on 0) maxBetaOverGamma=+1.83@policy.pre_bn[60] minBetaOverGamma=-2.34@blocks.2.bn1[69] rvMaxOverMedian=75.7@blocks.1.bn1[14] rezero=none nonFinite=0
[REPLAY] step=28900 loss=3.5192 pLoss=2.7079 vLoss=0.8096 pEnt=2.870 pIllM=0.0018 playedP=0.174 pW=0.46 pD=0.08 pL=0.46 vAbs=0.247 pLogitMean=-10.3127 vLogitMean=0.6129 gNorm=0.277 lr=0.0731 ms=1409.7 buf=500000 plies=246845245 games=3723473 rejected=0 skipped=0 epoch=0 mom=0.8877 lrCyc[pk=9.7e-01,tr=9.9e-04] trainerStep=28900
[LAYER-HEALTH] live trainerStep=28900 scope=batch_norm_state_only reluSites=9/10 ch=1040 dead=0 off=5 alwaysOn=0 worst=blocks.2.bn1(dead 0 off 3 on 0) maxBetaOverGamma=+1.83@policy.pre_bn[108] minBetaOverGamma=-2.34@blocks.2.bn1[69] rvMaxOverMedian=73.6@blocks.1.bn1[14] rezero=none nonFinite=0
[REPLAY] step=28950 loss=3.4912 pLoss=2.6872 vLoss=0.8024 pEnt=2.860 pIllM=0.0016 playedP=0.177 pW=0.47 pD=0.07 pL=0.46 vAbs=0.248 pLogitMean=-10.3029 vLogitMean=0.6107 gNorm=0.282 lr=0.0812 ms=1338.4 buf=500000 plies=247271920 games=3729939 rejected=0 skipped=0 epoch=0 mom=0.8861 lrCyc[pk=9.7e-01,tr=9.9e-04] trainerStep=28950
[LAYER-HEALTH] live trainerStep=28950 scope=batch_norm_state_only reluSites=9/10 ch=1040 dead=0 off=6 alwaysOn=0 worst=blocks.2.bn1(dead 0 off 3 on 0) maxBetaOverGamma=+1.83@policy.pre_bn[108] minBetaOverGamma=-2.34@blocks.2.bn1[69] rvMaxOverMedian=73.5@blocks.1.bn1[14] rezero=none nonFinite=0
[REPLAY] step=29000 loss=3.4801 pLoss=2.6757 vLoss=0.8025 pEnt=2.872 pIllM=0.0020 playedP=0.173 pW=0.47 pD=0.06 pL=0.47 vAbs=0.259 pLogitMean=-10.2992 vLogitMean=0.6147 gNorm=0.297 lr=0.09 ms=1385.1 buf=500000 plies=247698541 games=3736331 rejected=0 skipped=0 epoch=0 mom=0.8846 lrCyc[pk=9.7e-01,tr=9.9e-04] trainerStep=29000
[LAYER-HEALTH] live trainerStep=29000 scope=batch_norm_state_only reluSites=9/10 ch=1040 dead=0 off=6 alwaysOn=0 worst=blocks.2.bn1(dead 0 off 3 on 0) maxBetaOverGamma=+1.83@policy.pre_bn[108] minBetaOverGamma=-2.35@blocks.2.bn1[69] rvMaxOverMedian=75.4@blocks.1.bn1[14] rezero=none nonFinite=0
[REPLAY] saved trainer model (autosave) step=29000 trainerStep=29000 nextGame=3736331 shard=8 epoch=0 -> 20261005-lrBleakyall-cyc1-replay-latest.safetensors
[LAYER-HEALTH] checkpoint replay-autosave step=29000 trainerStep=29000 scope=all_tensors reluSites=9/10 ch=1040 dead=0 off=6 alwaysOn=0 worst=blocks.2.bn1(dead 0 off 3 on 0) maxBetaOverGamma=+1.83@policy.pre_bn[108] minBetaOverGamma=-2.35@blocks.2.bn1[69] rvMaxOverMedian=75.4@blocks.1.bn1[14] rezero=none nonFinite=0 seZeroVel=none valueFC1ZeroVel=0/128 maxAbs=12.51@blocks.1.bn1.running_var
[LAYER-HEALTH]   batch-norm sites — β/|γ|: dead < -3.00, mostly off < -2.00, always on > +3.00; classified for relu/leaky_relu only
[LAYER-HEALTH]     site            act            ch   dead    off     on  zeroγ nonfin  min β/|γ| [ch]     max β/|γ| [ch]     rv max/median [ch]
[LAYER-HEALTH]     stem.bn         -             128    n/a    n/a    n/a      0      0     -1.48 [69]         +0.40 [26]            4.6 [88]
[LAYER-HEALTH]     blocks.0.bn1    leaky_relu    128      0      0      0      0      0     -0.94 [47]         +0.40 [64]            5.7 [76]
[LAYER-HEALTH]     blocks.0.bn2    leaky_relu    128      0      0      0      0      0     -1.37 [71]         +0.14 [49]            4.2 [96]
[LAYER-HEALTH]     blocks.1.bn1    leaky_relu    128      0      0      0      0      0     -1.55 [11]         -0.36 [41]           75.4 [14]
[LAYER-HEALTH]     blocks.1.bn2    leaky_relu    128      0      1      0      0      0     -2.02 [80]         -0.55 [60]            6.5 [32]
[LAYER-HEALTH]     blocks.2.bn1    leaky_relu    128      0      3      0      0      0     -2.35 [69]         +1.03 [31]           31.1 [76]
[LAYER-HEALTH]     blocks.2.bn2    leaky_relu    128      0      0      0      0      0     -1.92 [85]         -0.21 [46]            3.5 [26]
[LAYER-HEALTH]     tower_final_bn  leaky_relu    128      0      0      0      0      0     -0.70 [16]         +1.54 [61]            5.9 [31]
[LAYER-HEALTH]     policy.pre_bn   leaky_relu    128      0      0      0      0      0     -1.50 [7]          +1.83 [108]           2.8 [103]
[LAYER-HEALTH]     value.bn        leaky_relu     16      0      2      0      0      0     -2.32 [4]          -0.68 [1]             2.2 [11]
[LAYER-HEALTH]   FC hidden-unit velocity — zero: every weight-velocity entry exactly 0; low: nonzero but < 5% of the layer's p90 unit norm
[LAYER-HEALTH]     value.fc1.weight  leaky_relu  units 128  zero 0  low 12  median unit norm 0.003501
[LAYER-HEALTH]     (no SE blocks)
[LAYER-HEALTH]   ReZero: none
[LAYER-HEALTH]   non-finite: 0 values in 0 of 102 tensors (10263038 values examined)
[LAYER-HEALTH]   largest |value|: blocks.1.bn1.running_var 12.51, blocks.0.bn2.running_var 9.596, blocks.2.bn1.running_var 6.238, policy.conv.bias 5.772, policy.pre_bn.bias 4.666
[REPLAY] enumerated checkpoint -> 20261005-lrBleakyall-cyc1-replay-step29000.safetensors
[REPLAY] step=29050 loss=3.5002 pLoss=2.7028 vLoss=0.7956 pEnt=2.866 pIllM=0.0018 playedP=0.174 pW=0.47 pD=0.07 pL=0.47 vAbs=0.254 pLogitMean=-10.2905 vLogitMean=0.6142 gNorm=0.293 lr=0.0997 ms=1615.2 buf=500000 plies=248125283 games=3742728 rejected=0 skipped=0 epoch=0 mom=0.8832 lrCyc[pk=9.7e-01,tr=9.9e-04] trainerStep=29050
[LAYER-HEALTH] live trainerStep=29050 scope=batch_norm_state_only reluSites=9/10 ch=1040 dead=0 off=6 alwaysOn=0 worst=blocks.2.bn1(dead 0 off 3 on 0) maxBetaOverGamma=+1.83@policy.pre_bn[108] minBetaOverGamma=-2.35@blocks.2.bn1[69] rvMaxOverMedian=75.5@blocks.1.bn1[14] rezero=none nonFinite=0
[REPLAY] step=29100 loss=3.5032 pLoss=2.6951 vLoss=0.8063 pEnt=2.848 pIllM=0.0018 playedP=0.180 pW=0.47 pD=0.07 pL=0.46 vAbs=0.252 pLogitMean=-10.2816 vLogitMean=0.6138 gNorm=0.290 lr=0.11 ms=1709.3 buf=500000 plies=248551850 games=3749205 rejected=0 skipped=0 epoch=0 mom=0.8817 lrCyc[pk=9.7e-01,tr=9.9e-04] trainerStep=29100
[LAYER-HEALTH] live trainerStep=29100 scope=batch_norm_state_only reluSites=9/10 ch=1040 dead=0 off=6 alwaysOn=0 worst=blocks.2.bn1(dead 0 off 3 on 0) maxBetaOverGamma=+1.83@policy.pre_bn[108] minBetaOverGamma=-2.34@blocks.2.bn1[69] rvMaxOverMedian=75.1@blocks.1.bn1[14] rezero=none nonFinite=0
[REPLAY] step=29150 loss=3.5301 pLoss=2.7402 vLoss=0.7882 pEnt=2.869 pIllM=0.0018 playedP=0.178 pW=0.48 pD=0.06 pL=0.46 vAbs=0.249 pLogitMean=-10.2701 vLogitMean=0.6118 gNorm=0.286 lr=0.122 ms=1763.7 buf=500000 plies=248978479 games=3755602 rejected=0 skipped=0 epoch=0 mom=0.8802 lrCyc[pk=9.7e-01,tr=9.9e-04] trainerStep=29150
[LAYER-HEALTH] live trainerStep=29150 scope=batch_norm_state_only reluSites=9/10 ch=1040 dead=0 off=6 alwaysOn=0 worst=blocks.2.bn1(dead 0 off 3 on 0) maxBetaOverGamma=+1.83@policy.pre_bn[108] minBetaOverGamma=-2.34@blocks.2.bn1[69] rvMaxOverMedian=75.6@blocks.1.bn1[14] rezero=none nonFinite=0
[REPLAY] step=29200 loss=3.5335 pLoss=2.7255 vLoss=0.8061 pEnt=2.881 pIllM=0.0020 playedP=0.172 pW=0.47 pD=0.06 pL=0.46 vAbs=0.243 pLogitMean=-10.2539 vLogitMean=0.6133 gNorm=0.256 lr=0.135 ms=1592.7 buf=500000 plies=249405160 games=3762039 rejected=0 skipped=0 epoch=0 mom=0.8788 lrCyc[pk=9.7e-01,tr=9.9e-04] trainerStep=29200
[LAYER-HEALTH] live trainerStep=29200 scope=batch_norm_state_only reluSites=9/10 ch=1040 dead=0 off=5 alwaysOn=0 worst=blocks.2.bn1(dead 0 off 2 on 0) maxBetaOverGamma=+1.83@policy.pre_bn[108] minBetaOverGamma=-2.34@value.bn[15] rvMaxOverMedian=74.7@blocks.1.bn1[14] rezero=none nonFinite=0
[REPLAY] step=29250 loss=3.5108 pLoss=2.7092 vLoss=0.7997 pEnt=2.841 pIllM=0.0019 playedP=0.178 pW=0.48 pD=0.07 pL=0.45 vAbs=0.248 pLogitMean=-10.2470 vLogitMean=0.6125 gNorm=0.295 lr=0.148 ms=1863.9 buf=500000 plies=249831805 games=3768463 rejected=0 skipped=0 epoch=0 mom=0.8774 lrCyc[pk=9.7e-01,tr=9.9e-04] trainerStep=29250
[LAYER-HEALTH] live trainerStep=29250 scope=batch_norm_state_only reluSites=9/10 ch=1040 dead=0 off=7 alwaysOn=0 worst=blocks.2.bn1(dead 0 off 3 on 0) maxBetaOverGamma=+1.83@policy.pre_bn[108] minBetaOverGamma=-2.37@value.bn[15] rvMaxOverMedian=75.4@blocks.1.bn1[14] rezero=none nonFinite=0
[REPLAY] step=29300 loss=3.5345 pLoss=2.7291 vLoss=0.8034 pEnt=2.866 pIllM=0.0019 playedP=0.173 pW=0.47 pD=0.07 pL=0.46 vAbs=0.241 pLogitMean=-10.2325 vLogitMean=0.6134 gNorm=0.288 lr=0.163 ms=3367.8 buf=500000 plies=250258464 games=3774930 rejected=0 skipped=0 epoch=0 mom=0.8760 lrCyc[pk=9.7e-01,tr=9.9e-04] trainerStep=29300
[LAYER-HEALTH] live trainerStep=29300 scope=batch_norm_state_only reluSites=9/10 ch=1040 dead=0 off=7 alwaysOn=0 worst=blocks.2.bn1(dead 0 off 3 on 0) maxBetaOverGamma=+1.83@policy.pre_bn[108] minBetaOverGamma=-2.38@value.bn[15] rvMaxOverMedian=75.2@blocks.1.bn1[14] rezero=none nonFinite=0
[REPLAY] step=29350 loss=3.4915 pLoss=2.6901 vLoss=0.7994 pEnt=2.881 pIllM=0.0020 playedP=0.175 pW=0.46 pD=0.06 pL=0.47 vAbs=0.257 pLogitMean=-10.2322 vLogitMean=0.6148 gNorm=0.295 lr=0.179 ms=3123.7 buf=500000 plies=250685078 games=3781428 rejected=0 skipped=0 epoch=0 mom=0.8747 lrCyc[pk=9.7e-01,tr=9.9e-04] trainerStep=29350
[LAYER-HEALTH] live trainerStep=29350 scope=batch_norm_state_only reluSites=9/10 ch=1040 dead=0 off=7 alwaysOn=0 worst=blocks.2.bn1(dead 0 off 3 on 0) maxBetaOverGamma=+1.83@policy.pre_bn[108] minBetaOverGamma=-2.37@value.bn[15] rvMaxOverMedian=75.5@blocks.1.bn1[14] rezero=none nonFinite=0
[REPLAY] step=29400 loss=3.5072 pLoss=2.7080 vLoss=0.7973 pEnt=2.866 pIllM=0.0019 playedP=0.178 pW=0.47 pD=0.06 pL=0.47 vAbs=0.252 pLogitMean=-10.1989 vLogitMean=0.6121 gNorm=0.325 lr=0.197 ms=2924.3 buf=500000 plies=251111723 games=3787902 rejected=0 skipped=0 epoch=0 mom=0.8733 lrCyc[pk=9.7e-01,tr=9.9e-04] trainerStep=29400
[LAYER-HEALTH] live trainerStep=29400 scope=batch_norm_state_only reluSites=9/10 ch=1040 dead=0 off=7 alwaysOn=0 worst=blocks.2.bn1(dead 0 off 3 on 0) maxBetaOverGamma=+1.88@policy.pre_bn[60] minBetaOverGamma=-2.36@value.bn[4] rvMaxOverMedian=77.0@blocks.1.bn1[14] rezero=none nonFinite=0
[REPLAY] step=29450 loss=3.4977 pLoss=2.7110 vLoss=0.7846 pEnt=2.867 pIllM=0.0021 playedP=0.171 pW=0.46 pD=0.06 pL=0.48 vAbs=0.240 pLogitMean=-10.1887 vLogitMean=0.6145 gNorm=0.296 lr=0.215 ms=2821.2 buf=500000 plies=251538395 games=3794344 rejected=0 skipped=0 epoch=0 mom=0.8720 lrCyc[pk=9.7e-01,tr=9.9e-04] trainerStep=29450
[LAYER-HEALTH] live trainerStep=29450 scope=batch_norm_state_only reluSites=9/10 ch=1040 dead=0 off=4 alwaysOn=0 worst=blocks.2.bn1(dead 0 off 2 on 0) maxBetaOverGamma=+1.93@policy.pre_bn[60] minBetaOverGamma=-2.34@blocks.2.bn1[69] rvMaxOverMedian=75.0@blocks.1.bn1[14] rezero=none nonFinite=0
[REPLAY] step=29500 loss=3.4960 pLoss=2.6860 vLoss=0.8076 pEnt=2.878 pIllM=0.0023 playedP=0.171 pW=0.46 pD=0.07 pL=0.47 vAbs=0.244 pLogitMean=-10.1783 vLogitMean=0.6132 gNorm=0.297 lr=0.235 ms=2654.9 buf=500000 plies=251965124 games=3800788 rejected=0 skipped=0 epoch=0 mom=0.8707 lrCyc[pk=9.7e-01,tr=9.9e-04] trainerStep=29500
[LAYER-HEALTH] live trainerStep=29500 scope=batch_norm_state_only reluSites=9/10 ch=1040 dead=0 off=4 alwaysOn=0 worst=blocks.2.bn1(dead 0 off 2 on 0) maxBetaOverGamma=+1.93@policy.pre_bn[60] minBetaOverGamma=-2.34@blocks.2.bn1[69] rvMaxOverMedian=73.1@blocks.1.bn1[14] rezero=none nonFinite=0
[REPLAY] step=29550 loss=3.4992 pLoss=2.7011 vLoss=0.7958 pEnt=2.857 pIllM=0.0023 playedP=0.177 pW=0.47 pD=0.07 pL=0.47 vAbs=0.240 pLogitMean=-10.1566 vLogitMean=0.6118 gNorm=0.282 lr=0.256 ms=2651.4 buf=500000 plies=252391756 games=3807241 rejected=0 skipped=0 epoch=0 mom=0.8695 lrCyc[pk=9.7e-01,tr=9.9e-04] trainerStep=29550
[LAYER-HEALTH] live trainerStep=29550 scope=batch_norm_state_only reluSites=9/10 ch=1040 dead=0 off=4 alwaysOn=0 worst=blocks.2.bn1(dead 0 off 2 on 0) maxBetaOverGamma=+1.83@policy.pre_bn[108] minBetaOverGamma=-2.38@blocks.2.bn1[69] rvMaxOverMedian=72.2@blocks.1.bn1[14] rezero=none nonFinite=0
[REPLAY] step=29600 loss=3.5038 pLoss=2.6867 vLoss=0.8148 pEnt=2.850 pIllM=0.0023 playedP=0.178 pW=0.46 pD=0.07 pL=0.47 vAbs=0.222 pLogitMean=-10.1455 vLogitMean=0.6108 gNorm=0.318 lr=0.279 ms=2772.2 buf=500000 plies=252818351 games=3813682 rejected=0 skipped=0 epoch=0 mom=0.8682 lrCyc[pk=9.7e-01,tr=9.9e-04] trainerStep=29600
[LAYER-HEALTH] live trainerStep=29600 scope=batch_norm_state_only reluSites=9/10 ch=1040 dead=0 off=5 alwaysOn=0 worst=blocks.2.bn1(dead 0 off 2 on 0) maxBetaOverGamma=+1.85@policy.pre_bn[60] minBetaOverGamma=-2.35@blocks.2.bn1[69] rvMaxOverMedian=73.5@blocks.1.bn1[14] rezero=none nonFinite=0
[REPLAY] step=29650 loss=3.5417 pLoss=2.7471 vLoss=0.7922 pEnt=2.863 pIllM=0.0024 playedP=0.169 pW=0.47 pD=0.07 pL=0.46 vAbs=0.236 pLogitMean=-10.1440 vLogitMean=0.6114 gNorm=0.311 lr=0.303 ms=2137.7 buf=500000 plies=253245028 games=3820090 rejected=0 skipped=0 epoch=0 mom=0.8671 lrCyc[pk=9.7e-01,tr=9.9e-04] trainerStep=29650
[LAYER-HEALTH] live trainerStep=29650 scope=batch_norm_state_only reluSites=9/10 ch=1040 dead=0 off=5 alwaysOn=0 worst=blocks.2.bn1(dead 0 off 2 on 0) maxBetaOverGamma=+1.92@policy.pre_bn[60] minBetaOverGamma=-2.37@blocks.2.bn1[69] rvMaxOverMedian=73.9@blocks.1.bn1[14] rezero=none nonFinite=0
[REPLAY] step=29700 loss=3.4850 pLoss=2.6878 vLoss=0.7947 pEnt=2.838 pIllM=0.0024 playedP=0.177 pW=0.48 pD=0.06 pL=0.46 vAbs=0.259 pLogitMean=-10.1116 vLogitMean=0.6101 gNorm=0.295 lr=0.328 ms=2414.6 buf=500000 plies=253671665 games=3826539 rejected=0 skipped=0 epoch=0 mom=0.8659 lrCyc[pk=9.7e-01,tr=9.9e-04] trainerStep=29700
[LAYER-HEALTH] live trainerStep=29700 scope=batch_norm_state_only reluSites=9/10 ch=1040 dead=0 off=6 alwaysOn=0 worst=value.bn(dead 0 off 3 on 0) maxBetaOverGamma=+1.85@policy.pre_bn[60] minBetaOverGamma=-2.35@blocks.2.bn1[69] rvMaxOverMedian=75.1@blocks.1.bn1[14] rezero=none nonFinite=0
[REPLAY] step=29750 loss=3.5258 pLoss=2.7251 vLoss=0.7980 pEnt=2.878 pIllM=0.0027 playedP=0.170 pW=0.47 pD=0.07 pL=0.47 vAbs=0.226 pLogitMean=-10.1083 vLogitMean=0.6089 gNorm=0.303 lr=0.355 ms=2495.4 buf=500000 plies=254098321 games=3833003 rejected=0 skipped=0 epoch=0 mom=0.8648 lrCyc[pk=9.7e-01,tr=9.9e-04] trainerStep=29750
[LAYER-HEALTH] live trainerStep=29750 scope=batch_norm_state_only reluSites=9/10 ch=1040 dead=0 off=6 alwaysOn=0 worst=value.bn(dead 0 off 3 on 0) maxBetaOverGamma=+1.83@policy.pre_bn[108] minBetaOverGamma=-2.36@blocks.2.bn1[69] rvMaxOverMedian=75.1@blocks.1.bn1[14] rezero=none nonFinite=0
[REPLAY] step=29800 loss=3.5080 pLoss=2.7034 vLoss=0.8019 pEnt=2.865 pIllM=0.0028 playedP=0.172 pW=0.46 pD=0.07 pL=0.48 vAbs=0.235 pLogitMean=-10.0704 vLogitMean=0.6099 gNorm=0.356 lr=0.383 ms=2517.6 buf=500000 plies=254525032 games=3839381 rejected=0 skipped=0 epoch=0 mom=0.8637 lrCyc[pk=9.7e-01,tr=9.9e-04] trainerStep=29800
[LAYER-HEALTH] live trainerStep=29800 scope=batch_norm_state_only reluSites=9/10 ch=1040 dead=0 off=5 alwaysOn=0 worst=value.bn(dead 0 off 3 on 0) maxBetaOverGamma=+1.83@policy.pre_bn[108] minBetaOverGamma=-2.33@value.bn[4] rvMaxOverMedian=75.2@blocks.1.bn1[14] rezero=none nonFinite=0
[REPLAY] step=29850 loss=3.4827 pLoss=2.6785 vLoss=0.8012 pEnt=2.843 pIllM=0.0030 playedP=0.176 pW=0.46 pD=0.07 pL=0.46 vAbs=0.258 pLogitMean=-10.0640 vLogitMean=0.6090 gNorm=0.324 lr=0.411 ms=2673.1 buf=500000 plies=254951625 games=3845811 rejected=0 skipped=0 epoch=0 mom=0.8626 lrCyc[pk=9.7e-01,tr=9.9e-04] trainerStep=29850
[LAYER-HEALTH] live trainerStep=29850 scope=batch_norm_state_only reluSites=9/10 ch=1040 dead=0 off=6 alwaysOn=0 worst=value.bn(dead 0 off 3 on 0) maxBetaOverGamma=+1.83@policy.pre_bn[108] minBetaOverGamma=-2.36@blocks.2.bn1[69] rvMaxOverMedian=75.4@blocks.1.bn1[14] rezero=none nonFinite=0
[REPLAY] step=29900 loss=3.5218 pLoss=2.7048 vLoss=0.8139 pEnt=2.871 pIllM=0.0032 playedP=0.170 pW=0.46 pD=0.08 pL=0.46 vAbs=0.237 pLogitMean=-10.0612 vLogitMean=0.6084 gNorm=0.311 lr=0.441 ms=3199.2 buf=500000 plies=255378316 games=3852215 rejected=0 skipped=0 epoch=0 mom=0.8616 lrCyc[pk=9.7e-01,tr=9.9e-04] trainerStep=29900
[LAYER-HEALTH] live trainerStep=29900 scope=batch_norm_state_only reluSites=9/10 ch=1040 dead=0 off=6 alwaysOn=0 worst=value.bn(dead 0 off 3 on 0) maxBetaOverGamma=+1.89@policy.pre_bn[60] minBetaOverGamma=-2.33@blocks.2.bn1[69] rvMaxOverMedian=76.3@blocks.1.bn1[14] rezero=none nonFinite=0
[REPLAY] step=29950 loss=3.5171 pLoss=2.7150 vLoss=0.7984 pEnt=2.866 pIllM=0.0038 playedP=0.173 pW=0.46 pD=0.07 pL=0.47 vAbs=0.261 pLogitMean=-10.0338 vLogitMean=0.6105 gNorm=0.379 lr=0.472 ms=2327.7 buf=500000 plies=255804884 games=3858646 rejected=0 skipped=0 epoch=0 mom=0.8606 lrCyc[pk=9.7e-01,tr=9.9e-04] trainerStep=29950
[LAYER-HEALTH] live trainerStep=29950 scope=batch_norm_state_only reluSites=9/10 ch=1040 dead=0 off=6 alwaysOn=0 worst=value.bn(dead 0 off 3 on 0) maxBetaOverGamma=+1.87@policy.pre_bn[60] minBetaOverGamma=-2.34@blocks.2.bn1[69] rvMaxOverMedian=75.2@blocks.1.bn1[14] rezero=none nonFinite=0
[REPLAY] step=30000 loss=3.5524 pLoss=2.7485 vLoss=0.8000 pEnt=2.844 pIllM=0.0039 playedP=0.173 pW=0.49 pD=0.07 pL=0.44 vAbs=0.242 pLogitMean=-10.0231 vLogitMean=0.6073 gNorm=0.366 lr=0.504 ms=2429.1 buf=500000 plies=256231545 games=3865042 rejected=0 skipped=0 epoch=0 mom=0.8597 lrCyc[pk=9.7e-01,tr=9.9e-04] trainerStep=30000
[LAYER-HEALTH] live trainerStep=30000 scope=batch_norm_state_only reluSites=9/10 ch=1040 dead=0 off=5 alwaysOn=0 worst=blocks.2.bn1(dead 0 off 2 on 0) maxBetaOverGamma=+1.84@policy.pre_bn[60] minBetaOverGamma=-2.32@blocks.2.bn1[69] rvMaxOverMedian=74.3@blocks.1.bn1[14] rezero=none nonFinite=0
[REPLAY] saved trainer model (autosave) step=30000 trainerStep=30000 nextGame=3865042 shard=8 epoch=0 -> 20261005-lrBleakyall-cyc1-replay-latest.safetensors
[LAYER-HEALTH] checkpoint replay-autosave step=30000 trainerStep=30000 scope=all_tensors reluSites=9/10 ch=1040 dead=0 off=5 alwaysOn=0 worst=blocks.2.bn1(dead 0 off 2 on 0) maxBetaOverGamma=+1.84@policy.pre_bn[60] minBetaOverGamma=-2.32@blocks.2.bn1[69] rvMaxOverMedian=74.3@blocks.1.bn1[14] rezero=none nonFinite=0 seZeroVel=none valueFC1ZeroVel=0/128 maxAbs=12.32@blocks.1.bn1.running_var
[LAYER-HEALTH]   batch-norm sites — β/|γ|: dead < -3.00, mostly off < -2.00, always on > +3.00; classified for relu/leaky_relu only
[LAYER-HEALTH]     site            act            ch   dead    off     on  zeroγ nonfin  min β/|γ| [ch]     max β/|γ| [ch]     rv max/median [ch]
[LAYER-HEALTH]     stem.bn         -             128    n/a    n/a    n/a      0      0     -1.58 [69]         +0.40 [26]            5.3 [88]
[LAYER-HEALTH]     blocks.0.bn1    leaky_relu    128      0      0      0      0      0     -0.94 [47]         +0.46 [64]            5.8 [76]
[LAYER-HEALTH]     blocks.0.bn2    leaky_relu    128      0      0      0      0      0     -1.34 [44]         -0.05 [49]            4.3 [96]
[LAYER-HEALTH]     blocks.1.bn1    leaky_relu    128      0      0      0      0      0     -1.56 [11]         -0.36 [41]           74.3 [14]
[LAYER-HEALTH]     blocks.1.bn2    leaky_relu    128      0      1      0      0      0     -2.05 [80]         -0.54 [116]           7.0 [32]
[LAYER-HEALTH]     blocks.2.bn1    leaky_relu    128      0      2      0      0      0     -2.32 [69]         +0.90 [31]           40.5 [22]
[LAYER-HEALTH]     blocks.2.bn2    leaky_relu    128      0      0      0      0      0     -1.90 [85]         -0.19 [46]            3.2 [26]
[LAYER-HEALTH]     tower_final_bn  leaky_relu    128      0      0      0      0      0     -0.72 [16]         +1.59 [61]            6.0 [22]
[LAYER-HEALTH]     policy.pre_bn   leaky_relu    128      0      0      0      0      0     -1.55 [7]          +1.84 [60]            2.8 [103]
[LAYER-HEALTH]     value.bn        leaky_relu     16      0      2      0      0      0     -2.29 [15]         -0.66 [1]             2.3 [11]
[LAYER-HEALTH]   FC hidden-unit velocity — zero: every weight-velocity entry exactly 0; low: nonzero but < 5% of the layer's p90 unit norm
[LAYER-HEALTH]     value.fc1.weight  leaky_relu  units 128  zero 0  low 8  median unit norm 0.004051
[LAYER-HEALTH]     (no SE blocks)
[LAYER-HEALTH]   ReZero: none
[LAYER-HEALTH]   non-finite: 0 values in 0 of 102 tensors (10263038 values examined)
[LAYER-HEALTH]   largest |value|: blocks.1.bn1.running_var 12.32, blocks.0.bn2.running_var 8.617, blocks.2.bn1.running_var 7.718, policy.conv.bias 5.713, policy.pre_bn.bias 4.713
[REPLAY] enumerated checkpoint -> 20261005-lrBleakyall-cyc1-replay-step30000.safetensors
[REPLAY] step=30050 loss=3.5414 pLoss=2.7395 vLoss=0.7979 pEnt=2.854 pIllM=0.0040 playedP=0.171 pW=0.48 pD=0.07 pL=0.46 vAbs=0.242 pLogitMean=-10.0297 vLogitMean=0.6063 gNorm=0.344 lr=0.536 ms=2484.1 buf=500000 plies=256658209 games=3871460 rejected=0 skipped=0 epoch=0 mom=0.8588 lrCyc[pk=9.7e-01,tr=9.9e-04] trainerStep=30050
[LAYER-HEALTH] live trainerStep=30050 scope=batch_norm_state_only reluSites=9/10 ch=1040 dead=0 off=4 alwaysOn=0 worst=blocks.2.bn1(dead 0 off 2 on 0) maxBetaOverGamma=+1.91@policy.pre_bn[60] minBetaOverGamma=-2.35@blocks.2.bn1[69] rvMaxOverMedian=76.4@blocks.1.bn1[14] rezero=none nonFinite=0
[REPLAY] step=30100 loss=3.5317 pLoss=2.7280 vLoss=0.7994 pEnt=2.853 pIllM=0.0043 playedP=0.173 pW=0.47 pD=0.07 pL=0.46 vAbs=0.257 pLogitMean=-10.0052 vLogitMean=0.6061 gNorm=0.323 lr=0.569 ms=2368.2 buf=500000 plies=257084838 games=3877870 rejected=0 skipped=0 epoch=0 mom=0.8579 lrCyc[pk=9.7e-01,tr=9.9e-04] trainerStep=30100
[LAYER-HEALTH] live trainerStep=30100 scope=batch_norm_state_only reluSites=9/10 ch=1040 dead=0 off=3 alwaysOn=0 worst=blocks.2.bn1(dead 0 off 2 on 0) maxBetaOverGamma=+1.83@policy.pre_bn[108] minBetaOverGamma=-2.40@blocks.2.bn1[69] rvMaxOverMedian=75.6@blocks.1.bn1[14] rezero=none nonFinite=0
[REPLAY] step=30150 loss=3.5100 pLoss=2.6913 vLoss=0.8143 pEnt=2.876 pIllM=0.0043 playedP=0.168 pW=0.45 pD=0.07 pL=0.48 vAbs=0.271 pLogitMean=-10.0378 vLogitMean=0.6084 gNorm=0.409 lr=0.602 ms=2663.5 buf=500000 plies=257511477 games=3884340 rejected=0 skipped=0 epoch=0 mom=0.8571 lrCyc[pk=9.7e-01,tr=9.9e-04] trainerStep=30150
[LAYER-HEALTH] live trainerStep=30150 scope=batch_norm_state_only reluSites=9/10 ch=1040 dead=0 off=3 alwaysOn=0 worst=blocks.2.bn1(dead 0 off 2 on 0) maxBetaOverGamma=+1.83@policy.pre_bn[108] minBetaOverGamma=-2.37@blocks.2.bn1[69] rvMaxOverMedian=75.4@blocks.1.bn1[14] rezero=none nonFinite=0
[REPLAY] step=30200 loss=3.5378 pLoss=2.7286 vLoss=0.8045 pEnt=2.811 pIllM=0.0048 playedP=0.182 pW=0.45 pD=0.07 pL=0.47 vAbs=0.231 pLogitMean=-10.0227 vLogitMean=0.6080 gNorm=0.343 lr=0.636 ms=2912.1 buf=500000 plies=257938151 games=3890739 rejected=0 skipped=0 epoch=0 mom=0.8563 lrCyc[pk=9.7e-01,tr=9.9e-04] trainerStep=30200
[LAYER-HEALTH] live trainerStep=30200 scope=batch_norm_state_only reluSites=9/10 ch=1040 dead=0 off=3 alwaysOn=0 worst=blocks.2.bn1(dead 0 off 2 on 0) maxBetaOverGamma=+1.84@policy.pre_bn[60] minBetaOverGamma=-2.44@blocks.2.bn1[69] rvMaxOverMedian=76.9@blocks.1.bn1[14] rezero=none nonFinite=0
[REPLAY] step=30250 loss=3.5203 pLoss=2.7167 vLoss=0.7988 pEnt=2.841 pIllM=0.0048 playedP=0.175 pW=0.48 pD=0.07 pL=0.46 vAbs=0.255 pLogitMean=-10.0228 vLogitMean=0.6092 gNorm=0.369 lr=0.669 ms=2551.4 buf=500000 plies=258364813 games=3897164 rejected=0 skipped=0 epoch=0 mom=0.8556 lrCyc[pk=9.7e-01,tr=9.9e-04] trainerStep=30250
[LAYER-HEALTH] live trainerStep=30250 scope=batch_norm_state_only reluSites=9/10 ch=1040 dead=0 off=4 alwaysOn=0 worst=blocks.2.bn1(dead 0 off 3 on 0) maxBetaOverGamma=+1.92@policy.pre_bn[60] minBetaOverGamma=-2.43@blocks.2.bn1[69] rvMaxOverMedian=76.6@blocks.1.bn1[14] rezero=none nonFinite=0
[REPLAY] step=30300 loss=3.5127 pLoss=2.7057 vLoss=0.8012 pEnt=2.889 pIllM=0.0058 playedP=0.164 pW=0.44 pD=0.07 pL=0.49 vAbs=0.251 pLogitMean=-10.0514 vLogitMean=0.6119 gNorm=0.382 lr=0.701 ms=2652.2 buf=500000 plies=258791445 games=3903653 rejected=0 skipped=0 epoch=0 mom=0.8549 lrCyc[pk=9.7e-01,tr=9.9e-04] trainerStep=30300
[LAYER-HEALTH] live trainerStep=30300 scope=batch_norm_state_only reluSites=9/10 ch=1040 dead=0 off=3 alwaysOn=0 worst=blocks.2.bn1(dead 0 off 2 on 0) maxBetaOverGamma=+1.84@policy.pre_bn[108] minBetaOverGamma=-2.47@blocks.2.bn1[69] rvMaxOverMedian=76.9@blocks.1.bn1[14] rezero=none nonFinite=0
[REPLAY] step=30350 loss=3.5665 pLoss=2.7550 vLoss=0.8063 pEnt=2.845 pIllM=0.0052 playedP=0.173 pW=0.47 pD=0.07 pL=0.46 vAbs=0.247 pLogitMean=-10.0669 vLogitMean=0.6101 gNorm=0.355 lr=0.733 ms=2970.3 buf=500000 plies=259218150 games=3910118 rejected=0 skipped=0 epoch=0 mom=0.8543 lrCyc[pk=9.7e-01,tr=9.9e-04] trainerStep=30350
[LAYER-HEALTH] live trainerStep=30350 scope=batch_norm_state_only reluSites=9/10 ch=1040 dead=0 off=3 alwaysOn=0 worst=blocks.2.bn1(dead 0 off 2 on 0) maxBetaOverGamma=+1.83@policy.pre_bn[108] minBetaOverGamma=-2.48@blocks.2.bn1[69] rvMaxOverMedian=76.8@blocks.1.bn1[14] rezero=none nonFinite=0
[REPLAY] step=30400 loss=3.4750 pLoss=2.6697 vLoss=0.7998 pEnt=2.863 pIllM=0.0055 playedP=0.165 pW=0.46 pD=0.07 pL=0.46 vAbs=0.280 pLogitMean=-10.0819 vLogitMean=0.6159 gNorm=0.346 lr=0.764 ms=2549.9 buf=500000 plies=259644741 games=3916500 rejected=0 skipped=0 epoch=0 mom=0.8537 lrCyc[pk=9.7e-01,tr=9.9e-04] trainerStep=30400
[LAYER-HEALTH] live trainerStep=30400 scope=batch_norm_state_only reluSites=9/10 ch=1040 dead=0 off=3 alwaysOn=0 worst=blocks.2.bn1(dead 0 off 2 on 0) maxBetaOverGamma=+1.91@policy.pre_bn[60] minBetaOverGamma=-2.50@blocks.2.bn1[69] rvMaxOverMedian=77.6@blocks.1.bn1[14] rezero=none nonFinite=0
[REPLAY] step=30450 loss=3.5084 pLoss=2.7171 vLoss=0.7854 pEnt=2.859 pIllM=0.0059 playedP=0.170 pW=0.47 pD=0.07 pL=0.45 vAbs=0.255 pLogitMean=-10.1128 vLogitMean=0.6116 gNorm=0.343 lr=0.794 ms=2569.2 buf=500000 plies=260071442 games=3922936 rejected=0 skipped=0 epoch=0 mom=0.8531 lrCyc[pk=9.7e-01,tr=9.9e-04] trainerStep=30450
[LAYER-HEALTH] live trainerStep=30450 scope=batch_norm_state_only reluSites=9/10 ch=1040 dead=0 off=3 alwaysOn=0 worst=blocks.2.bn1(dead 0 off 2 on 0) maxBetaOverGamma=+1.82@policy.pre_bn[108] minBetaOverGamma=-2.55@blocks.2.bn1[69] rvMaxOverMedian=78.8@blocks.1.bn1[14] rezero=none nonFinite=0
[REPLAY] step=30500 loss=3.5582 pLoss=2.7532 vLoss=0.7996 pEnt=2.844 pIllM=0.0054 playedP=0.171 pW=0.50 pD=0.07 pL=0.43 vAbs=0.267 pLogitMean=-10.1502 vLogitMean=0.6113 gNorm=0.367 lr=0.822 ms=3100.6 buf=500000 plies=260498042 games=3929334 rejected=0 skipped=0 epoch=0 mom=0.8526 lrCyc[pk=9.7e-01,tr=9.9e-04] trainerStep=30500
[LAYER-HEALTH] live trainerStep=30500 scope=batch_norm_state_only reluSites=9/10 ch=1040 dead=0 off=4 alwaysOn=0 worst=blocks.2.bn1(dead 0 off 3 on 0) maxBetaOverGamma=+1.86@policy.pre_bn[60] minBetaOverGamma=-2.50@blocks.2.bn1[69] rvMaxOverMedian=79.3@blocks.1.bn1[14] rezero=none nonFinite=0
[REPLAY] step=30550 loss=3.4922 pLoss=2.7156 vLoss=0.7701 pEnt=2.872 pIllM=0.0065 playedP=0.164 pW=0.47 pD=0.06 pL=0.47 vAbs=0.284 pLogitMean=-10.1678 vLogitMean=0.6115 gNorm=0.411 lr=0.849 ms=2201.3 buf=500000 plies=260924759 games=3935800 rejected=0 skipped=0 epoch=0 mom=0.8521 lrCyc[pk=9.7e-01,tr=9.9e-04] trainerStep=30550
[LAYER-HEALTH] live trainerStep=30550 scope=batch_norm_state_only reluSites=9/10 ch=1040 dead=0 off=4 alwaysOn=0 worst=blocks.2.bn1(dead 0 off 3 on 0) maxBetaOverGamma=+1.82@policy.pre_bn[108] minBetaOverGamma=-2.60@blocks.2.bn1[69] rvMaxOverMedian=80.4@blocks.1.bn1[14] rezero=none nonFinite=0
[REPLAY] step=30600 loss=3.4647 pLoss=2.6651 vLoss=0.7931 pEnt=2.846 pIllM=0.0065 playedP=0.172 pW=0.43 pD=0.07 pL=0.50 vAbs=0.279 pLogitMean=-10.1958 vLogitMean=0.6207 gNorm=0.407 lr=0.873 ms=2824.4 buf=500000 plies=261351348 games=3942243 rejected=0 skipped=0 epoch=0 mom=0.8517 lrCyc[pk=9.7e-01,tr=9.9e-04] trainerStep=30600
[LAYER-HEALTH] live trainerStep=30600 scope=batch_norm_state_only reluSites=9/10 ch=1040 dead=0 off=4 alwaysOn=0 worst=blocks.2.bn1(dead 0 off 3 on 0) maxBetaOverGamma=+1.85@policy.pre_bn[60] minBetaOverGamma=-2.58@blocks.2.bn1[69] rvMaxOverMedian=79.3@blocks.1.bn1[14] rezero=none nonFinite=0
[REPLAY] step=30650 loss=3.5224 pLoss=2.7281 vLoss=0.7873 pEnt=2.868 pIllM=0.0071 playedP=0.165 pW=0.47 pD=0.07 pL=0.47 vAbs=0.263 pLogitMean=-10.2869 vLogitMean=0.6173 gNorm=0.407 lr=0.896 ms=2912.2 buf=500000 plies=261777975 games=3948692 rejected=0 skipped=0 epoch=0 mom=0.8514 lrCyc[pk=9.7e-01,tr=9.9e-04] trainerStep=30650
[LAYER-HEALTH] live trainerStep=30650 scope=batch_norm_state_only reluSites=9/10 ch=1040 dead=0 off=4 alwaysOn=0 worst=blocks.2.bn1(dead 0 off 3 on 0) maxBetaOverGamma=+1.95@policy.pre_bn[60] minBetaOverGamma=-2.60@blocks.2.bn1[69] rvMaxOverMedian=74.8@blocks.1.bn1[14] rezero=none nonFinite=0
[REPLAY] step=30700 loss=3.5355 pLoss=2.7408 vLoss=0.7887 pEnt=2.812 pIllM=0.0060 playedP=0.174 pW=0.46 pD=0.07 pL=0.47 vAbs=0.250 pLogitMean=-10.3034 vLogitMean=0.6117 gNorm=0.409 lr=0.915 ms=3422.8 buf=500000 plies=262204640 games=3955148 rejected=0 skipped=0 epoch=0 mom=0.8510 lrCyc[pk=9.7e-01,tr=9.9e-04] trainerStep=30700
[LAYER-HEALTH] live trainerStep=30700 scope=batch_norm_state_only reluSites=9/10 ch=1040 dead=0 off=4 alwaysOn=0 worst=blocks.2.bn1(dead 0 off 3 on 0) maxBetaOverGamma=+1.88@policy.pre_bn[60] minBetaOverGamma=-2.54@blocks.2.bn1[69] rvMaxOverMedian=76.0@blocks.1.bn1[14] rezero=none nonFinite=0
[REPLAY] step=30750 loss=3.5093 pLoss=2.7122 vLoss=0.7905 pEnt=2.879 pIllM=0.0066 playedP=0.164 pW=0.46 pD=0.06 pL=0.48 vAbs=0.260 pLogitMean=-10.3652 vLogitMean=0.6101 gNorm=0.417 lr=0.933 ms=2627.8 buf=500000 plies=262631304 games=3961589 rejected=0 skipped=0 epoch=0 mom=0.8508 lrCyc[pk=9.7e-01,tr=9.9e-04] trainerStep=30750
[LAYER-HEALTH] live trainerStep=30750 scope=batch_norm_state_only reluSites=9/10 ch=1040 dead=0 off=4 alwaysOn=0 worst=blocks.2.bn1(dead 0 off 3 on 0) maxBetaOverGamma=+1.94@policy.pre_bn[60] minBetaOverGamma=-2.52@blocks.2.bn1[69] rvMaxOverMedian=75.0@blocks.1.bn1[14] rezero=none nonFinite=0
[REPLAY] step=30800 loss=3.4600 pLoss=2.6755 vLoss=0.7785 pEnt=2.852 pIllM=0.0060 playedP=0.167 pW=0.44 pD=0.06 pL=0.50 vAbs=0.254 pLogitMean=-10.4273 vLogitMean=0.6078 gNorm=0.380 lr=0.947 ms=3047.6 buf=500000 plies=263057989 games=3968048 rejected=0 skipped=0 epoch=0 mom=0.8505 lrCyc[pk=9.7e-01,tr=9.9e-04] trainerStep=30800
[LAYER-HEALTH] live trainerStep=30800 scope=batch_norm_state_only reluSites=9/10 ch=1040 dead=0 off=4 alwaysOn=0 worst=blocks.2.bn1(dead 0 off 2 on 0) maxBetaOverGamma=+1.87@policy.pre_bn[108] minBetaOverGamma=-2.62@blocks.2.bn1[69] rvMaxOverMedian=75.6@blocks.1.bn1[14] rezero=none nonFinite=0
[REPLAY] step=30850 loss=3.5181 pLoss=2.7342 vLoss=0.7768 pEnt=2.851 pIllM=0.0071 playedP=0.171 pW=0.48 pD=0.06 pL=0.46 vAbs=0.276 pLogitMean=-10.4545 vLogitMean=0.6100 gNorm=0.325 lr=0.958 ms=2459.6 buf=500000 plies=263484599 games=3974525 rejected=0 skipped=0 epoch=0 mom=0.8504 lrCyc[pk=9.7e-01,tr=9.9e-04] trainerStep=30850
[LAYER-HEALTH] live trainerStep=30850 scope=batch_norm_state_only reluSites=9/10 ch=1040 dead=0 off=4 alwaysOn=0 worst=blocks.2.bn1(dead 0 off 2 on 0) maxBetaOverGamma=+2.00@policy.pre_bn[60] minBetaOverGamma=-2.61@blocks.2.bn1[69] rvMaxOverMedian=75.9@blocks.1.bn1[14] rezero=none nonFinite=0
[REPLAY] step=30900 loss=3.5305 pLoss=2.7447 vLoss=0.7803 pEnt=2.840 pIllM=0.0056 playedP=0.173 pW=0.47 pD=0.07 pL=0.46 vAbs=0.261 pLogitMean=-10.5153 vLogitMean=0.6086 gNorm=0.377 lr=0.966 ms=2502.6 buf=500000 plies=263911251 games=3981019 rejected=0 skipped=0 epoch=0 mom=0.8502 lrCyc[pk=9.7e-01,tr=9.9e-04] trainerStep=30900
[LAYER-HEALTH] live trainerStep=30900 scope=batch_norm_state_only reluSites=9/10 ch=1040 dead=0 off=4 alwaysOn=0 worst=blocks.2.bn1(dead 0 off 3 on 0) maxBetaOverGamma=+2.13@policy.pre_bn[60] minBetaOverGamma=-2.58@blocks.2.bn1[69] rvMaxOverMedian=76.5@blocks.1.bn1[14] rezero=none nonFinite=0
[REPLAY] step=30950 loss=3.5059 pLoss=2.7114 vLoss=0.7892 pEnt=2.859 pIllM=0.0053 playedP=0.169 pW=0.45 pD=0.06 pL=0.49 vAbs=0.261 pLogitMean=-10.5770 vLogitMean=0.6089 gNorm=0.356 lr=0.971 ms=2920.2 buf=500000 plies=264338000 games=3987564 rejected=0 skipped=0 epoch=0 mom=0.8502 lrCyc[pk=9.7e-01,tr=9.9e-04] trainerStep=30950
[LAYER-HEALTH] live trainerStep=30950 scope=batch_norm_state_only reluSites=9/10 ch=1040 dead=0 off=5 alwaysOn=0 worst=blocks.2.bn1(dead 0 off 3 on 0) maxBetaOverGamma=+1.90@policy.pre_bn[108] minBetaOverGamma=-2.61@blocks.2.bn1[69] rvMaxOverMedian=75.8@blocks.1.bn1[14] rezero=none nonFinite=0
[REPLAY] step=31000 loss=3.5458 pLoss=2.7398 vLoss=0.7998 pEnt=2.852 pIllM=0.0062 playedP=0.168 pW=0.47 pD=0.08 pL=0.45 vAbs=0.268 pLogitMean=-10.6402 vLogitMean=0.6135 gNorm=0.368 lr=0.973 ms=2542.0 buf=500000 plies=264764554 games=3993956 rejected=0 skipped=0 epoch=0 mom=0.8501 lrCyc[pk=9.7e-01,tr=9.9e-04] trainerStep=31000
[LAYER-HEALTH] live trainerStep=31000 scope=batch_norm_state_only reluSites=9/10 ch=1040 dead=0 off=6 alwaysOn=0 worst=blocks.2.bn1(dead 0 off 4 on 0) maxBetaOverGamma=+1.89@policy.pre_bn[108] minBetaOverGamma=-2.67@blocks.2.bn1[69] rvMaxOverMedian=76.5@blocks.1.bn1[14] rezero=none nonFinite=0
[REPLAY] saved trainer model (autosave) step=31000 trainerStep=31000 nextGame=3993956 shard=8 epoch=0 -> 20261005-lrBleakyall-cyc1-replay-latest.safetensors
[LAYER-HEALTH] checkpoint replay-autosave step=31000 trainerStep=31000 scope=all_tensors reluSites=9/10 ch=1040 dead=0 off=6 alwaysOn=0 worst=blocks.2.bn1(dead 0 off 4 on 0) maxBetaOverGamma=+1.89@policy.pre_bn[108] minBetaOverGamma=-2.67@blocks.2.bn1[69] rvMaxOverMedian=76.5@blocks.1.bn1[14] rezero=none nonFinite=0 seZeroVel=none valueFC1ZeroVel=0/128 maxAbs=13.73@blocks.1.bn1.running_var
[LAYER-HEALTH]   batch-norm sites — β/|γ|: dead < -3.00, mostly off < -2.00, always on > +3.00; classified for relu/leaky_relu only
[LAYER-HEALTH]     site            act            ch   dead    off     on  zeroγ nonfin  min β/|γ| [ch]     max β/|γ| [ch]     rv max/median [ch]
[LAYER-HEALTH]     stem.bn         -             128    n/a    n/a    n/a      0      0     -2.32 [69]         +0.44 [26]            4.1 [88]
[LAYER-HEALTH]     blocks.0.bn1    leaky_relu    128      0      0      0      0      0     -0.99 [47]         +0.43 [64]            6.4 [76]
[LAYER-HEALTH]     blocks.0.bn2    leaky_relu    128      0      0      0      0      0     -1.46 [44]         -0.14 [49]            3.6 [109]
[LAYER-HEALTH]     blocks.1.bn1    leaky_relu    128      0      0      0      0      0     -1.73 [11]         -0.38 [41]           76.5 [14]
[LAYER-HEALTH]     blocks.1.bn2    leaky_relu    128      0      1      0      0      0     -2.11 [80]         -0.64 [60]            7.5 [32]
[LAYER-HEALTH]     blocks.2.bn1    leaky_relu    128      0      4      0      0      0     -2.67 [69]         +0.89 [31]           29.3 [31]
[LAYER-HEALTH]     blocks.2.bn2    leaky_relu    128      0      1      0      0      0     -2.02 [85]         -0.26 [46]            3.0 [26]
[LAYER-HEALTH]     tower_final_bn  leaky_relu    128      0      0      0      0      0     -0.76 [16]         +1.60 [61]            5.4 [31]
[LAYER-HEALTH]     policy.pre_bn   leaky_relu    128      0      0      0      0      0     -1.55 [7]          +1.89 [108]           3.0 [110]
[LAYER-HEALTH]     value.bn        leaky_relu     16      0      0      0      0      0     -1.81 [15]         -0.71 [1]             1.9 [11]
[LAYER-HEALTH]   FC hidden-unit velocity — zero: every weight-velocity entry exactly 0; low: nonzero but < 5% of the layer's p90 unit norm
[LAYER-HEALTH]     value.fc1.weight  leaky_relu  units 128  zero 0  low 3  median unit norm 0.006323
[LAYER-HEALTH]     (no SE blocks)
[LAYER-HEALTH]   ReZero: none
[LAYER-HEALTH]   non-finite: 0 values in 0 of 102 tensors (10263038 values examined)
[LAYER-HEALTH]   largest |value|: blocks.1.bn1.running_var 13.73, blocks.0.bn2.running_var 7.38, policy.conv.bias 5.744, blocks.2.bn1.running_var 5.585, policy.pre_bn.bias 4.869
[REPLAY] enumerated checkpoint -> 20261005-lrBleakyall-cyc1-replay-step31000.safetensors
[REPLAY] step=31050 loss=3.5227 pLoss=2.7089 vLoss=0.8074 pEnt=2.902 pIllM=0.0063 playedP=0.158 pW=0.45 pD=0.07 pL=0.48 vAbs=0.241 pLogitMean=-10.6678 vLogitMean=0.6136 gNorm=0.430 lr=0.971 ms=2970.0 buf=500000 plies=265191184 games=4000404 rejected=0 skipped=0 epoch=0 mom=0.8502 lrCyc[pk=9.7e-01,tr=9.9e-04] trainerStep=31050
[LAYER-HEALTH] live trainerStep=31050 scope=batch_norm_state_only reluSites=9/10 ch=1040 dead=0 off=5 alwaysOn=0 worst=blocks.2.bn1(dead 0 off 3 on 0) maxBetaOverGamma=+1.95@policy.pre_bn[60] minBetaOverGamma=-2.59@blocks.2.bn1[69] rvMaxOverMedian=75.9@blocks.1.bn1[14] rezero=none nonFinite=0
[REPLAY] step=31100 loss=3.4542 pLoss=2.6625 vLoss=0.7856 pEnt=2.856 pIllM=0.0061 playedP=0.171 pW=0.45 pD=0.06 pL=0.49 vAbs=0.270 pLogitMean=-10.6868 vLogitMean=0.6154 gNorm=0.336 lr=0.966 ms=2685.9 buf=500000 plies=265617920 games=4006867 rejected=0 skipped=0 epoch=0 mom=0.8502 lrCyc[pk=9.7e-01,tr=9.9e-04] trainerStep=31100
[LAYER-HEALTH] live trainerStep=31100 scope=batch_norm_state_only reluSites=9/10 ch=1040 dead=0 off=5 alwaysOn=0 worst=blocks.2.bn1(dead 0 off 3 on 0) maxBetaOverGamma=+1.86@policy.pre_bn[60] minBetaOverGamma=-2.55@blocks.2.bn1[69] rvMaxOverMedian=76.7@blocks.1.bn1[14] rezero=none nonFinite=0
[REPLAY] step=31150 loss=3.5014 pLoss=2.7057 vLoss=0.7892 pEnt=2.902 pIllM=0.0065 playedP=0.159 pW=0.45 pD=0.06 pL=0.48 vAbs=0.260 pLogitMean=-10.7070 vLogitMean=0.6134 gNorm=0.383 lr=0.958 ms=2540.4 buf=500000 plies=266044503 games=4013294 rejected=0 skipped=0 epoch=0 mom=0.8504 lrCyc[pk=9.7e-01,tr=9.9e-04] trainerStep=31150
[LAYER-HEALTH] live trainerStep=31150 scope=batch_norm_state_only reluSites=9/10 ch=1040 dead=0 off=5 alwaysOn=0 worst=blocks.2.bn1(dead 0 off 3 on 0) maxBetaOverGamma=+1.85@policy.pre_bn[108] minBetaOverGamma=-2.59@blocks.2.bn1[69] rvMaxOverMedian=79.0@blocks.1.bn1[14] rezero=none nonFinite=0
[REPLAY] step=31200 loss=3.5050 pLoss=2.7041 vLoss=0.7953 pEnt=2.882 pIllM=0.0057 playedP=0.161 pW=0.44 pD=0.07 pL=0.49 vAbs=0.242 pLogitMean=-10.7545 vLogitMean=0.6139 gNorm=0.353 lr=0.946 ms=2674.1 buf=500000 plies=266471163 games=4019765 rejected=0 skipped=0 epoch=0 mom=0.8505 lrCyc[pk=9.7e-01,tr=9.9e-04] trainerStep=31200
[LAYER-HEALTH] live trainerStep=31200 scope=batch_norm_state_only reluSites=9/10 ch=1040 dead=0 off=5 alwaysOn=0 worst=blocks.2.bn1(dead 0 off 3 on 0) maxBetaOverGamma=+1.86@policy.pre_bn[108] minBetaOverGamma=-2.66@blocks.2.bn1[69] rvMaxOverMedian=77.4@blocks.1.bn1[14] rezero=none nonFinite=0
[REPLAY] step=31250 loss=3.5168 pLoss=2.7312 vLoss=0.7786 pEnt=2.864 pIllM=0.0070 playedP=0.166 pW=0.49 pD=0.07 pL=0.45 vAbs=0.266 pLogitMean=-10.7808 vLogitMean=0.6136 gNorm=0.342 lr=0.932 ms=2962.9 buf=500000 plies=266897805 games=4026263 rejected=0 skipped=0 epoch=0 mom=0.8508 lrCyc[pk=9.7e-01,tr=9.9e-04] trainerStep=31250
[LAYER-HEALTH] live trainerStep=31250 scope=batch_norm_state_only reluSites=9/10 ch=1040 dead=0 off=5 alwaysOn=0 worst=blocks.2.bn1(dead 0 off 3 on 0) maxBetaOverGamma=+1.98@policy.pre_bn[60] minBetaOverGamma=-2.58@blocks.2.bn1[69] rvMaxOverMedian=77.4@blocks.1.bn1[14] rezero=none nonFinite=0
[REPLAY] step=31300 loss=3.5543 pLoss=2.7551 vLoss=0.7941 pEnt=2.870 pIllM=0.0050 playedP=0.165 pW=0.48 pD=0.07 pL=0.45 vAbs=0.259 pLogitMean=-10.8330 vLogitMean=0.6131 gNorm=0.326 lr=0.915 ms=2567.7 buf=500000 plies=267324474 games=4032747 rejected=0 skipped=0 epoch=0 mom=0.8510 lrCyc[pk=9.7e-01,tr=9.9e-04] trainerStep=31300
[LAYER-HEALTH] live trainerStep=31300 scope=batch_norm_state_only reluSites=9/10 ch=1040 dead=0 off=6 alwaysOn=0 worst=blocks.2.bn1(dead 0 off 4 on 0) maxBetaOverGamma=+1.87@policy.pre_bn[108] minBetaOverGamma=-2.57@blocks.2.bn1[69] rvMaxOverMedian=77.3@blocks.1.bn1[14] rezero=none nonFinite=0
[REPLAY] step=31350 loss=3.4748 pLoss=2.6781 vLoss=0.7917 pEnt=2.882 pIllM=0.0049 playedP=0.165 pW=0.45 pD=0.06 pL=0.49 vAbs=0.277 pLogitMean=-10.8391 vLogitMean=0.6100 gNorm=0.368 lr=0.895 ms=2951.4 buf=500000 plies=267751129 games=4039169 rejected=0 skipped=0 epoch=0 mom=0.8514 lrCyc[pk=9.7e-01,tr=9.9e-04] trainerStep=31350
[LAYER-HEALTH] live trainerStep=31350 scope=batch_norm_state_only reluSites=9/10 ch=1040 dead=0 off=6 alwaysOn=0 worst=blocks.2.bn1(dead 0 off 4 on 0) maxBetaOverGamma=+1.88@policy.pre_bn[108] minBetaOverGamma=-2.61@blocks.2.bn1[69] rvMaxOverMedian=79.2@blocks.1.bn1[14] rezero=none nonFinite=0
[REPLAY] step=31400 loss=3.4884 pLoss=2.7005 vLoss=0.7823 pEnt=2.848 pIllM=0.0056 playedP=0.170 pW=0.47 pD=0.06 pL=0.47 vAbs=0.257 pLogitMean=-10.8791 vLogitMean=0.6082 gNorm=0.387 lr=0.873 ms=2127.5 buf=500000 plies=268177748 games=4045635 rejected=0 skipped=0 epoch=0 mom=0.8517 lrCyc[pk=9.7e-01,tr=9.9e-04] trainerStep=31400
[LAYER-HEALTH] live trainerStep=31400 scope=batch_norm_state_only reluSites=9/10 ch=1040 dead=0 off=6 alwaysOn=0 worst=blocks.2.bn1(dead 0 off 4 on 0) maxBetaOverGamma=+1.86@policy.pre_bn[108] minBetaOverGamma=-2.68@blocks.2.bn1[69] rvMaxOverMedian=82.6@blocks.1.bn1[14] rezero=none nonFinite=0
[REPLAY] step=31450 loss=3.4819 pLoss=2.6870 vLoss=0.7905 pEnt=2.871 pIllM=0.0045 playedP=0.168 pW=0.46 pD=0.06 pL=0.48 vAbs=0.265 pLogitMean=-10.9039 vLogitMean=0.6087 gNorm=0.346 lr=0.848 ms=2095.2 buf=500000 plies=268604386 games=4052078 rejected=0 skipped=0 epoch=0 mom=0.8521 lrCyc[pk=9.7e-01,tr=9.9e-04] trainerStep=31450
[LAYER-HEALTH] live trainerStep=31450 scope=batch_norm_state_only reluSites=9/10 ch=1040 dead=0 off=5 alwaysOn=0 worst=blocks.2.bn1(dead 0 off 3 on 0) maxBetaOverGamma=+1.87@policy.pre_bn[108] minBetaOverGamma=-2.61@blocks.2.bn1[69] rvMaxOverMedian=86.3@blocks.1.bn1[14] rezero=none nonFinite=0
[REPLAY] step=31500 loss=3.4889 pLoss=2.6665 vLoss=0.8167 pEnt=2.853 pIllM=0.0058 playedP=0.171 pW=0.45 pD=0.07 pL=0.48 vAbs=0.262 pLogitMean=-10.8895 vLogitMean=0.6095 gNorm=0.360 lr=0.821 ms=3303.5 buf=500000 plies=269031021 games=4058585 rejected=0 skipped=0 epoch=0 mom=0.8526 lrCyc[pk=9.7e-01,tr=9.9e-04] trainerStep=31500
[LAYER-HEALTH] live trainerStep=31500 scope=batch_norm_state_only reluSites=9/10 ch=1040 dead=0 off=6 alwaysOn=0 worst=blocks.2.bn1(dead 0 off 4 on 0) maxBetaOverGamma=+1.87@policy.pre_bn[108] minBetaOverGamma=-2.68@blocks.2.bn1[69] rvMaxOverMedian=87.1@blocks.1.bn1[14] rezero=none nonFinite=0
[REPLAY] step=31550 loss=3.5133 pLoss=2.7156 vLoss=0.7930 pEnt=2.869 pIllM=0.0047 playedP=0.167 pW=0.48 pD=0.07 pL=0.45 vAbs=0.258 pLogitMean=-10.9175 vLogitMean=0.6050 gNorm=0.310 lr=0.793 ms=3294.9 buf=500000 plies=269457704 games=4065032 rejected=0 skipped=0 epoch=0 mom=0.8531 lrCyc[pk=9.7e-01,tr=9.9e-04] trainerStep=31550
[LAYER-HEALTH] live trainerStep=31550 scope=batch_norm_state_only reluSites=9/10 ch=1040 dead=0 off=6 alwaysOn=0 worst=blocks.2.bn1(dead 0 off 4 on 0) maxBetaOverGamma=+1.87@policy.pre_bn[108] minBetaOverGamma=-2.67@blocks.2.bn1[69] rvMaxOverMedian=88.1@blocks.1.bn1[14] rezero=none nonFinite=0
[REPLAY] step=31600 loss=3.5328 pLoss=2.7306 vLoss=0.7973 pEnt=2.876 pIllM=0.0049 playedP=0.164 pW=0.47 pD=0.07 pL=0.46 vAbs=0.240 pLogitMean=-10.9161 vLogitMean=0.6066 gNorm=0.320 lr=0.763 ms=3195.6 buf=500000 plies=269884340 games=4071504 rejected=0 skipped=0 epoch=0 mom=0.8537 lrCyc[pk=9.7e-01,tr=9.9e-04] trainerStep=31600
[LAYER-HEALTH] live trainerStep=31600 scope=batch_norm_state_only reluSites=9/10 ch=1040 dead=0 off=6 alwaysOn=0 worst=blocks.2.bn1(dead 0 off 4 on 0) maxBetaOverGamma=+1.88@policy.pre_bn[60] minBetaOverGamma=-2.67@blocks.2.bn1[69] rvMaxOverMedian=87.2@blocks.1.bn1[14] rezero=none nonFinite=0
[REPLAY] step=31650 loss=3.5017 pLoss=2.7022 vLoss=0.7947 pEnt=2.850 pIllM=0.0049 playedP=0.171 pW=0.47 pD=0.08 pL=0.45 vAbs=0.266 pLogitMean=-10.9362 vLogitMean=0.6032 gNorm=0.308 lr=0.732 ms=2912.1 buf=500000 plies=270310970 games=4077879 rejected=0 skipped=0 epoch=0 mom=0.8543 lrCyc[pk=9.7e-01,tr=9.9e-04] trainerStep=31650
[LAYER-HEALTH] live trainerStep=31650 scope=batch_norm_state_only reluSites=9/10 ch=1040 dead=0 off=6 alwaysOn=0 worst=blocks.2.bn1(dead 0 off 4 on 0) maxBetaOverGamma=+1.85@policy.pre_bn[108] minBetaOverGamma=-2.60@blocks.2.bn1[69] rvMaxOverMedian=85.7@blocks.1.bn1[14] rezero=none nonFinite=0
[REPLAY] step=31700 loss=3.5625 pLoss=2.7452 vLoss=0.8123 pEnt=2.917 pIllM=0.0051 playedP=0.159 pW=0.47 pD=0.08 pL=0.46 vAbs=0.257 pLogitMean=-10.9826 vLogitMean=0.6048 gNorm=0.323 lr=0.7 ms=3554.5 buf=500000 plies=270737670 games=4084342 rejected=0 skipped=0 epoch=0 mom=0.8549 lrCyc[pk=9.7e-01,tr=9.9e-04] trainerStep=31700
[LAYER-HEALTH] live trainerStep=31700 scope=batch_norm_state_only reluSites=9/10 ch=1040 dead=0 off=6 alwaysOn=0 worst=blocks.2.bn1(dead 0 off 4 on 0) maxBetaOverGamma=+1.86@policy.pre_bn[108] minBetaOverGamma=-2.67@blocks.2.bn1[69] rvMaxOverMedian=86.9@blocks.1.bn1[14] rezero=none nonFinite=0
[REPLAY] step=31750 loss=3.5168 pLoss=2.7055 vLoss=0.8070 pEnt=2.812 pIllM=0.0044 playedP=0.181 pW=0.49 pD=0.07 pL=0.44 vAbs=0.281 pLogitMean=-10.9462 vLogitMean=0.6046 gNorm=0.320 lr=0.668 ms=3371.4 buf=500000 plies=271164306 games=4090758 rejected=0 skipped=0 epoch=0 mom=0.8556 lrCyc[pk=9.7e-01,tr=9.9e-04] trainerStep=31750
[LAYER-HEALTH] live trainerStep=31750 scope=batch_norm_state_only reluSites=9/10 ch=1040 dead=0 off=5 alwaysOn=0 worst=blocks.2.bn1(dead 0 off 3 on 0) maxBetaOverGamma=+1.84@policy.pre_bn[108] minBetaOverGamma=-2.68@blocks.2.bn1[69] rvMaxOverMedian=89.1@blocks.1.bn1[14] rezero=none nonFinite=0
[REPLAY] step=31800 loss=3.5171 pLoss=2.7265 vLoss=0.7864 pEnt=2.858 pIllM=0.0042 playedP=0.171 pW=0.47 pD=0.07 pL=0.46 vAbs=0.256 pLogitMean=-10.9544 vLogitMean=0.6039 gNorm=0.320 lr=0.635 ms=3010.3 buf=500000 plies=271590937 games=4097224 rejected=0 skipped=0 epoch=0 mom=0.8563 lrCyc[pk=9.7e-01,tr=9.9e-04] trainerStep=31800
[LAYER-HEALTH] live trainerStep=31800 scope=batch_norm_state_only reluSites=9/10 ch=1040 dead=0 off=6 alwaysOn=0 worst=blocks.2.bn1(dead 0 off 4 on 0) maxBetaOverGamma=+1.85@policy.pre_bn[108] minBetaOverGamma=-2.76@blocks.2.bn1[69] rvMaxOverMedian=89.1@blocks.1.bn1[14] rezero=none nonFinite=0
[REPLAY] step=31850 loss=3.4829 pLoss=2.6935 vLoss=0.7857 pEnt=2.856 pIllM=0.0037 playedP=0.171 pW=0.47 pD=0.06 pL=0.47 vAbs=0.252 pLogitMean=-10.9495 vLogitMean=0.6022 gNorm=0.300 lr=0.601 ms=2839.5 buf=500000 plies=272017669 games=4103648 rejected=0 skipped=0 epoch=0 mom=0.8571 lrCyc[pk=9.7e-01,tr=9.9e-04] trainerStep=31850
[LAYER-HEALTH] live trainerStep=31850 scope=batch_norm_state_only reluSites=9/10 ch=1040 dead=0 off=6 alwaysOn=0 worst=blocks.2.bn1(dead 0 off 4 on 0) maxBetaOverGamma=+1.85@policy.pre_bn[108] minBetaOverGamma=-2.73@blocks.2.bn1[69] rvMaxOverMedian=92.0@blocks.1.bn1[14] rezero=none nonFinite=0
[REPLAY] step=31900 loss=3.4718 pLoss=2.6832 vLoss=0.7844 pEnt=2.852 pIllM=0.0041 playedP=0.170 pW=0.45 pD=0.07 pL=0.48 vAbs=0.257 pLogitMean=-10.9530 vLogitMean=0.6009 gNorm=0.316 lr=0.568 ms=3656.1 buf=500000 plies=272444233 games=4110073 rejected=0 skipped=0 epoch=0 mom=0.8579 lrCyc[pk=9.7e-01,tr=9.9e-04] trainerStep=31900
[LAYER-HEALTH] live trainerStep=31900 scope=batch_norm_state_only reluSites=9/10 ch=1040 dead=0 off=6 alwaysOn=0 worst=blocks.2.bn1(dead 0 off 4 on 0) maxBetaOverGamma=+1.86@policy.pre_bn[60] minBetaOverGamma=-2.70@blocks.2.bn1[69] rvMaxOverMedian=93.0@blocks.1.bn1[14] rezero=none nonFinite=0
[REPLAY] step=31950 loss=3.5226 pLoss=2.7247 vLoss=0.7948 pEnt=2.846 pIllM=0.0031 playedP=0.172 pW=0.47 pD=0.07 pL=0.46 vAbs=0.235 pLogitMean=-10.9621 vLogitMean=0.6024 gNorm=0.291 lr=0.536 ms=3917.1 buf=500000 plies=272870956 games=4116465 rejected=0 skipped=0 epoch=0 mom=0.8588 lrCyc[pk=9.7e-01,tr=9.9e-04] trainerStep=31950
[LAYER-HEALTH] live trainerStep=31950 scope=batch_norm_state_only reluSites=9/10 ch=1040 dead=0 off=5 alwaysOn=0 worst=blocks.2.bn1(dead 0 off 4 on 0) maxBetaOverGamma=+1.86@policy.pre_bn[108] minBetaOverGamma=-2.74@blocks.2.bn1[69] rvMaxOverMedian=89.8@blocks.1.bn1[14] rezero=none nonFinite=0
[REPLAY] step=32000 loss=3.5217 pLoss=2.7337 vLoss=0.7845 pEnt=2.844 pIllM=0.0036 playedP=0.173 pW=0.49 pD=0.07 pL=0.44 vAbs=0.263 pLogitMean=-10.9587 vLogitMean=0.6029 gNorm=0.290 lr=0.503 ms=3413.0 buf=500000 plies=273297555 games=4122972 rejected=0 skipped=0 epoch=0 mom=0.8597 lrCyc[pk=9.7e-01,tr=9.9e-04] trainerStep=32000
[LAYER-HEALTH] live trainerStep=32000 scope=batch_norm_state_only reluSites=9/10 ch=1040 dead=0 off=6 alwaysOn=0 worst=blocks.2.bn1(dead 0 off 4 on 0) maxBetaOverGamma=+1.86@policy.pre_bn[108] minBetaOverGamma=-2.72@blocks.2.bn1[69] rvMaxOverMedian=89.8@blocks.1.bn1[14] rezero=none nonFinite=0
[REPLAY] saved trainer model (autosave) step=32000 trainerStep=32000 nextGame=4122972 shard=9 epoch=0 -> 20261005-lrBleakyall-cyc1-replay-latest.safetensors
[LAYER-HEALTH] checkpoint replay-autosave step=32000 trainerStep=32000 scope=all_tensors reluSites=9/10 ch=1040 dead=0 off=6 alwaysOn=0 worst=blocks.2.bn1(dead 0 off 4 on 0) maxBetaOverGamma=+1.86@policy.pre_bn[108] minBetaOverGamma=-2.72@blocks.2.bn1[69] rvMaxOverMedian=89.8@blocks.1.bn1[14] rezero=none nonFinite=0 seZeroVel=none valueFC1ZeroVel=0/128 maxAbs=15.39@blocks.1.bn1.running_var
[LAYER-HEALTH]   batch-norm sites — β/|γ|: dead < -3.00, mostly off < -2.00, always on > +3.00; classified for relu/leaky_relu only
[LAYER-HEALTH]     site            act            ch   dead    off     on  zeroγ nonfin  min β/|γ| [ch]     max β/|γ| [ch]     rv max/median [ch]
[LAYER-HEALTH]     stem.bn         -             128    n/a    n/a    n/a      0      0     -2.73 [69]         +0.49 [34]            5.5 [88]
[LAYER-HEALTH]     blocks.0.bn1    leaky_relu    128      0      0      0      0      0     -1.03 [47]         +0.44 [64]            7.0 [76]
[LAYER-HEALTH]     blocks.0.bn2    leaky_relu    128      0      0      0      0      0     -1.60 [44]         -0.18 [49]            4.0 [96]
[LAYER-HEALTH]     blocks.1.bn1    leaky_relu    128      0      0      0      0      0     -1.64 [52]         -0.41 [41]           89.8 [14]
[LAYER-HEALTH]     blocks.1.bn2    leaky_relu    128      0      1      0      0      0     -2.21 [80]         -0.62 [60]            7.6 [32]
[LAYER-HEALTH]     blocks.2.bn1    leaky_relu    128      0      4      0      0      0     -2.72 [69]         +0.92 [31]           34.7 [31]
[LAYER-HEALTH]     blocks.2.bn2    leaky_relu    128      0      1      0      0      0     -2.03 [85]         -0.32 [87]            3.1 [103]
[LAYER-HEALTH]     tower_final_bn  leaky_relu    128      0      0      0      0      0     -0.77 [16]         +1.65 [55]            6.5 [31]
[LAYER-HEALTH]     policy.pre_bn   leaky_relu    128      0      0      0      0      0     -1.59 [7]          +1.86 [108]           3.0 [110]
[LAYER-HEALTH]     value.bn        leaky_relu     16      0      0      0      0      0     -1.87 [4]          -0.66 [1]             2.0 [11]
[LAYER-HEALTH]   FC hidden-unit velocity — zero: every weight-velocity entry exactly 0; low: nonzero but < 5% of the layer's p90 unit norm
[LAYER-HEALTH]     value.fc1.weight  leaky_relu  units 128  zero 0  low 5  median unit norm 0.004728
[LAYER-HEALTH]     (no SE blocks)
[LAYER-HEALTH]   ReZero: none
[LAYER-HEALTH]   non-finite: 0 values in 0 of 102 tensors (10263038 values examined)
[LAYER-HEALTH]   largest |value|: blocks.1.bn1.running_var 15.39, blocks.0.bn2.running_var 8.55, blocks.2.bn1.running_var 6.482, policy.conv.bias 5.744, policy.pre_bn.bias 4.994
[REPLAY] enumerated checkpoint -> 20261005-lrBleakyall-cyc1-replay-step32000.safetensors
[REPLAY] step=32050 loss=3.5257 pLoss=2.7246 vLoss=0.7976 pEnt=2.891 pIllM=0.0035 playedP=0.167 pW=0.47 pD=0.07 pL=0.46 vAbs=0.249 pLogitMean=-10.9408 vLogitMean=0.6052 gNorm=0.294 lr=0.471 ms=3075.2 buf=500000 plies=273724200 games=4129418 rejected=0 skipped=0 epoch=0 mom=0.8606 lrCyc[pk=9.7e-01,tr=9.9e-04] trainerStep=32050
[LAYER-HEALTH] live trainerStep=32050 scope=batch_norm_state_only reluSites=9/10 ch=1040 dead=0 off=6 alwaysOn=0 worst=blocks.2.bn1(dead 0 off 4 on 0) maxBetaOverGamma=+1.85@policy.pre_bn[108] minBetaOverGamma=-2.77@blocks.2.bn1[69] rvMaxOverMedian=89.7@blocks.1.bn1[14] rezero=none nonFinite=0
[REPLAY] step=32100 loss=3.5599 pLoss=2.7502 vLoss=0.8062 pEnt=2.879 pIllM=0.0035 playedP=0.170 pW=0.48 pD=0.08 pL=0.45 vAbs=0.247 pLogitMean=-10.9308 vLogitMean=0.6027 gNorm=0.314 lr=0.441 ms=4282.1 buf=500000 plies=274150879 games=4135858 rejected=0 skipped=0 epoch=0 mom=0.8616 lrCyc[pk=9.7e-01,tr=9.9e-04] trainerStep=32100
[LAYER-HEALTH] live trainerStep=32100 scope=batch_norm_state_only reluSites=9/10 ch=1040 dead=0 off=6 alwaysOn=0 worst=blocks.2.bn1(dead 0 off 4 on 0) maxBetaOverGamma=+1.86@policy.pre_bn[108] minBetaOverGamma=-2.75@blocks.2.bn1[69] rvMaxOverMedian=88.6@blocks.1.bn1[14] rezero=none nonFinite=0
[REPLAY] step=32150 loss=3.5121 pLoss=2.7050 vLoss=0.8040 pEnt=2.849 pIllM=0.0032 playedP=0.176 pW=0.47 pD=0.07 pL=0.45 vAbs=0.256 pLogitMean=-10.9383 vLogitMean=0.6032 gNorm=0.282 lr=0.411 ms=3692.3 buf=500000 plies=274577536 games=4142304 rejected=0 skipped=0 epoch=0 mom=0.8626 lrCyc[pk=9.7e-01,tr=9.9e-04] trainerStep=32150
[LAYER-HEALTH] live trainerStep=32150 scope=batch_norm_state_only reluSites=9/10 ch=1040 dead=0 off=5 alwaysOn=0 worst=blocks.2.bn1(dead 0 off 3 on 0) maxBetaOverGamma=+1.85@policy.pre_bn[108] minBetaOverGamma=-2.77@blocks.2.bn1[69] rvMaxOverMedian=90.6@blocks.1.bn1[14] rezero=none nonFinite=0
[REPLAY] step=32200 loss=3.5015 pLoss=2.6908 vLoss=0.8075 pEnt=2.846 pIllM=0.0032 playedP=0.174 pW=0.48 pD=0.07 pL=0.46 vAbs=0.265 pLogitMean=-10.9190 vLogitMean=0.5994 gNorm=0.288 lr=0.382 ms=2899.1 buf=500000 plies=275004204 games=4148763 rejected=0 skipped=0 epoch=0 mom=0.8637 lrCyc[pk=9.7e-01,tr=9.9e-04] trainerStep=32200
[LAYER-HEALTH] live trainerStep=32200 scope=batch_norm_state_only reluSites=9/10 ch=1040 dead=0 off=6 alwaysOn=0 worst=blocks.2.bn1(dead 0 off 3 on 0) maxBetaOverGamma=+1.85@policy.pre_bn[108] minBetaOverGamma=-2.75@blocks.2.bn1[69] rvMaxOverMedian=94.8@blocks.1.bn1[14] rezero=none nonFinite=0
[REPLAY] step=32250 loss=3.4939 pLoss=2.7002 vLoss=0.7907 pEnt=2.895 pIllM=0.0030 playedP=0.166 pW=0.46 pD=0.06 pL=0.48 vAbs=0.254 pLogitMean=-10.9008 vLogitMean=0.6012 gNorm=0.312 lr=0.354 ms=3264.7 buf=500000 plies=275430833 games=4155242 rejected=0 skipped=0 epoch=0 mom=0.8648 lrCyc[pk=9.7e-01,tr=9.9e-04] trainerStep=32250
[LAYER-HEALTH] live trainerStep=32250 scope=batch_norm_state_only reluSites=9/10 ch=1040 dead=0 off=6 alwaysOn=0 worst=blocks.2.bn1(dead 0 off 3 on 0) maxBetaOverGamma=+1.85@policy.pre_bn[108] minBetaOverGamma=-2.74@blocks.2.bn1[69] rvMaxOverMedian=97.8@blocks.1.bn1[14] rezero=none nonFinite=0
[REPLAY] step=32300 loss=3.5382 pLoss=2.7363 vLoss=0.7987 pEnt=2.844 pIllM=0.0031 playedP=0.179 pW=0.49 pD=0.06 pL=0.45 vAbs=0.248 pLogitMean=-10.8918 vLogitMean=0.5992 gNorm=0.275 lr=0.328 ms=3053.0 buf=500000 plies=275857463 games=4161722 rejected=0 skipped=0 epoch=0 mom=0.8659 lrCyc[pk=9.7e-01,tr=9.9e-04] trainerStep=32300
[LAYER-HEALTH] live trainerStep=32300 scope=batch_norm_state_only reluSites=9/10 ch=1040 dead=0 off=7 alwaysOn=0 worst=blocks.2.bn1(dead 0 off 4 on 0) maxBetaOverGamma=+1.86@policy.pre_bn[108] minBetaOverGamma=-2.68@blocks.2.bn1[69] rvMaxOverMedian=98.9@blocks.1.bn1[14] rezero=none nonFinite=0
[REPLAY] step=32350 loss=3.5491 pLoss=2.7324 vLoss=0.8143 pEnt=2.866 pIllM=0.0023 playedP=0.171 pW=0.47 pD=0.06 pL=0.47 vAbs=0.240 pLogitMean=-10.9090 vLogitMean=0.6000 gNorm=0.271 lr=0.302 ms=3630.0 buf=500000 plies=276284077 games=4168140 rejected=0 skipped=0 epoch=0 mom=0.8671 lrCyc[pk=9.7e-01,tr=9.9e-04] trainerStep=32350
[LAYER-HEALTH] live trainerStep=32350 scope=batch_norm_state_only reluSites=9/10 ch=1040 dead=0 off=6 alwaysOn=0 worst=blocks.2.bn1(dead 0 off 4 on 0) maxBetaOverGamma=+1.86@policy.pre_bn[108] minBetaOverGamma=-2.69@blocks.2.bn1[69] rvMaxOverMedian=99.5@blocks.1.bn1[14] rezero=none nonFinite=0
[REPLAY] step=32400 loss=3.5191 pLoss=2.7156 vLoss=0.8005 pEnt=2.847 pIllM=0.0030 playedP=0.178 pW=0.47 pD=0.07 pL=0.47 vAbs=0.235 pLogitMean=-10.8986 vLogitMean=0.6031 gNorm=0.275 lr=0.278 ms=2983.8 buf=500000 plies=276710768 games=4174564 rejected=0 skipped=0 epoch=0 mom=0.8683 lrCyc[pk=9.7e-01,tr=9.9e-04] trainerStep=32400
[LAYER-HEALTH] live trainerStep=32400 scope=batch_norm_state_only reluSites=9/10 ch=1040 dead=0 off=7 alwaysOn=0 worst=blocks.2.bn1(dead 0 off 4 on 0) maxBetaOverGamma=+1.86@policy.pre_bn[108] minBetaOverGamma=-2.70@blocks.2.bn1[69] rvMaxOverMedian=99.6@blocks.1.bn1[14] rezero=none nonFinite=0
[REPLAY] step=32450 loss=3.4716 pLoss=2.6800 vLoss=0.7889 pEnt=2.864 pIllM=0.0028 playedP=0.176 pW=0.46 pD=0.07 pL=0.48 vAbs=0.247 pLogitMean=-10.8851 vLogitMean=0.6033 gNorm=0.266 lr=0.256 ms=2598.0 buf=500000 plies=277137386 games=4181023 rejected=0 skipped=0 epoch=0 mom=0.8695 lrCyc[pk=9.7e-01,tr=9.9e-04] trainerStep=32450
[LAYER-HEALTH] live trainerStep=32450 scope=batch_norm_state_only reluSites=9/10 ch=1040 dead=0 off=7 alwaysOn=0 worst=blocks.2.bn1(dead 0 off 4 on 0) maxBetaOverGamma=+1.86@policy.pre_bn[108] minBetaOverGamma=-2.67@blocks.2.bn1[69] rvMaxOverMedian=101.2@blocks.1.bn1[14] rezero=none nonFinite=0
[REPLAY] step=32500 loss=3.5238 pLoss=2.7043 vLoss=0.8168 pEnt=2.861 pIllM=0.0027 playedP=0.175 pW=0.47 pD=0.07 pL=0.46 vAbs=0.243 pLogitMean=-10.8899 vLogitMean=0.6028 gNorm=0.282 lr=0.235 ms=4108.5 buf=500000 plies=277564045 games=4187470 rejected=0 skipped=0 epoch=0 mom=0.8707 lrCyc[pk=9.7e-01,tr=9.9e-04] trainerStep=32500
[LAYER-HEALTH] live trainerStep=32500 scope=batch_norm_state_only reluSites=9/10 ch=1040 dead=0 off=6 alwaysOn=0 worst=blocks.2.bn1(dead 0 off 4 on 0) maxBetaOverGamma=+1.91@policy.pre_bn[60] minBetaOverGamma=-2.68@blocks.2.bn1[69] rvMaxOverMedian=102.5@blocks.1.bn1[14] rezero=none nonFinite=0
[REPLAY] step=32550 loss=3.4901 pLoss=2.6870 vLoss=0.8007 pEnt=2.871 pIllM=0.0025 playedP=0.171 pW=0.46 pD=0.07 pL=0.47 vAbs=0.245 pLogitMean=-10.8766 vLogitMean=0.6012 gNorm=0.288 lr=0.215 ms=3428.5 buf=500000 plies=277990689 games=4193841 rejected=0 skipped=0 epoch=0 mom=0.8720 lrCyc[pk=9.7e-01,tr=9.9e-04] trainerStep=32550
[LAYER-HEALTH] live trainerStep=32550 scope=batch_norm_state_only reluSites=9/10 ch=1040 dead=0 off=6 alwaysOn=0 worst=blocks.2.bn1(dead 0 off 4 on 0) maxBetaOverGamma=+1.87@policy.pre_bn[108] minBetaOverGamma=-2.68@blocks.2.bn1[69] rvMaxOverMedian=102.8@blocks.1.bn1[14] rezero=none nonFinite=0
[REPLAY] step=32600 loss=3.4612 pLoss=2.6656 vLoss=0.7935 pEnt=2.841 pIllM=0.0022 playedP=0.175 pW=0.46 pD=0.07 pL=0.47 vAbs=0.261 pLogitMean=-10.8746 vLogitMean=0.6027 gNorm=0.282 lr=0.196 ms=3739.8 buf=500000 plies=278417425 games=4200218 rejected=0 skipped=0 epoch=0 mom=0.8733 lrCyc[pk=9.7e-01,tr=9.9e-04] trainerStep=32600
[LAYER-HEALTH] live trainerStep=32600 scope=batch_norm_state_only reluSites=9/10 ch=1040 dead=0 off=6 alwaysOn=0 worst=blocks.2.bn1(dead 0 off 4 on 0) maxBetaOverGamma=+1.88@policy.pre_bn[108] minBetaOverGamma=-2.66@blocks.2.bn1[69] rvMaxOverMedian=102.0@blocks.1.bn1[14] rezero=none nonFinite=0
[REPLAY] step=32650 loss=3.4927 pLoss=2.6939 vLoss=0.7965 pEnt=2.846 pIllM=0.0023 playedP=0.181 pW=0.47 pD=0.06 pL=0.46 vAbs=0.254 pLogitMean=-10.8709 vLogitMean=0.6034 gNorm=0.262 lr=0.179 ms=3427.4 buf=500000 plies=278844032 games=4206675 rejected=0 skipped=0 epoch=0 mom=0.8747 lrCyc[pk=9.7e-01,tr=9.9e-04] trainerStep=32650
[LAYER-HEALTH] live trainerStep=32650 scope=batch_norm_state_only reluSites=9/10 ch=1040 dead=0 off=7 alwaysOn=0 worst=blocks.2.bn1(dead 0 off 4 on 0) maxBetaOverGamma=+1.87@policy.pre_bn[108] minBetaOverGamma=-2.66@blocks.2.bn1[69] rvMaxOverMedian=100.7@blocks.1.bn1[14] rezero=none nonFinite=0
[REPLAY] step=32700 loss=3.5164 pLoss=2.7144 vLoss=0.7997 pEnt=2.871 pIllM=0.0023 playedP=0.175 pW=0.47 pD=0.07 pL=0.47 vAbs=0.243 pLogitMean=-10.8610 vLogitMean=0.6018 gNorm=0.261 lr=0.163 ms=3470.0 buf=500000 plies=279270647 games=4213075 rejected=0 skipped=0 epoch=0 mom=0.8760 lrCyc[pk=9.7e-01,tr=9.9e-04] trainerStep=32700
[LAYER-HEALTH] live trainerStep=32700 scope=batch_norm_state_only reluSites=9/10 ch=1040 dead=0 off=6 alwaysOn=0 worst=blocks.2.bn1(dead 0 off 4 on 0) maxBetaOverGamma=+1.87@policy.pre_bn[108] minBetaOverGamma=-2.69@blocks.2.bn1[69] rvMaxOverMedian=100.7@blocks.1.bn1[14] rezero=none nonFinite=0
[REPLAY] step=32750 loss=3.5175 pLoss=2.7065 vLoss=0.8087 pEnt=2.833 pIllM=0.0024 playedP=0.178 pW=0.48 pD=0.07 pL=0.45 vAbs=0.247 pLogitMean=-10.8526 vLogitMean=0.6046 gNorm=0.268 lr=0.148 ms=2695.2 buf=500000 plies=279697398 games=4219509 rejected=0 skipped=0 epoch=0 mom=0.8774 lrCyc[pk=9.7e-01,tr=9.9e-04] trainerStep=32750
[LAYER-HEALTH] live trainerStep=32750 scope=batch_norm_state_only reluSites=9/10 ch=1040 dead=0 off=6 alwaysOn=0 worst=blocks.2.bn1(dead 0 off 4 on 0) maxBetaOverGamma=+1.88@policy.pre_bn[108] minBetaOverGamma=-2.70@blocks.2.bn1[69] rvMaxOverMedian=101.1@blocks.1.bn1[14] rezero=none nonFinite=0
[REPLAY] step=32800 loss=3.4864 pLoss=2.6907 vLoss=0.7938 pEnt=2.850 pIllM=0.0019 playedP=0.178 pW=0.47 pD=0.06 pL=0.47 vAbs=0.241 pLogitMean=-10.8712 vLogitMean=0.6028 gNorm=0.261 lr=0.134 ms=3647.6 buf=500000 plies=280123967 games=4225921 rejected=0 skipped=0 epoch=0 mom=0.8788 lrCyc[pk=9.7e-01,tr=9.9e-04] trainerStep=32800
[LAYER-HEALTH] live trainerStep=32800 scope=batch_norm_state_only reluSites=9/10 ch=1040 dead=0 off=6 alwaysOn=0 worst=blocks.2.bn1(dead 0 off 4 on 0) maxBetaOverGamma=+1.88@policy.pre_bn[60] minBetaOverGamma=-2.69@blocks.2.bn1[69] rvMaxOverMedian=103.2@blocks.1.bn1[14] rezero=none nonFinite=0
[REPLAY] step=32850 loss=3.4977 pLoss=2.6841 vLoss=0.8116 pEnt=2.876 pIllM=0.0020 playedP=0.176 pW=0.46 pD=0.07 pL=0.47 vAbs=0.234 pLogitMean=-10.8547 vLogitMean=0.6025 gNorm=0.262 lr=0.122 ms=4184.8 buf=500000 plies=280550592 games=4232393 rejected=0 skipped=0 epoch=0 mom=0.8803 lrCyc[pk=9.7e-01,tr=9.9e-04] trainerStep=32850
[LAYER-HEALTH] live trainerStep=32850 scope=batch_norm_state_only reluSites=9/10 ch=1040 dead=0 off=6 alwaysOn=0 worst=blocks.2.bn1(dead 0 off 4 on 0) maxBetaOverGamma=+1.87@policy.pre_bn[108] minBetaOverGamma=-2.69@blocks.2.bn1[69] rvMaxOverMedian=103.7@blocks.1.bn1[14] rezero=none nonFinite=0
[REPLAY] step=32900 loss=3.4662 pLoss=2.6778 vLoss=0.7864 pEnt=2.857 pIllM=0.0019 playedP=0.176 pW=0.48 pD=0.06 pL=0.46 vAbs=0.270 pLogitMean=-10.8539 vLogitMean=0.6029 gNorm=0.258 lr=0.11 ms=3840.7 buf=500000 plies=280977308 games=4238871 rejected=0 skipped=0 epoch=0 mom=0.8817 lrCyc[pk=9.7e-01,tr=9.9e-04] trainerStep=32900
[LAYER-HEALTH] live trainerStep=32900 scope=batch_norm_state_only reluSites=9/10 ch=1040 dead=0 off=6 alwaysOn=0 worst=blocks.2.bn1(dead 0 off 4 on 0) maxBetaOverGamma=+1.87@policy.pre_bn[108] minBetaOverGamma=-2.72@blocks.2.bn1[69] rvMaxOverMedian=103.4@blocks.1.bn1[14] rezero=none nonFinite=0
[REPLAY] step=32950 loss=3.4821 pLoss=2.6970 vLoss=0.7834 pEnt=2.868 pIllM=0.0017 playedP=0.177 pW=0.47 pD=0.06 pL=0.47 vAbs=0.256 pLogitMean=-10.8521 vLogitMean=0.6031 gNorm=0.261 lr=0.0994 ms=4337.5 buf=500000 plies=281403962 games=4245340 rejected=0 skipped=0 epoch=0 mom=0.8832 lrCyc[pk=9.7e-01,tr=9.9e-04] trainerStep=32950
[LAYER-HEALTH] live trainerStep=32950 scope=batch_norm_state_only reluSites=9/10 ch=1040 dead=0 off=6 alwaysOn=0 worst=blocks.2.bn1(dead 0 off 4 on 0) maxBetaOverGamma=+1.87@policy.pre_bn[108] minBetaOverGamma=-2.71@blocks.2.bn1[69] rvMaxOverMedian=103.9@blocks.1.bn1[14] rezero=none nonFinite=0
[REPLAY] step=33000 loss=3.4885 pLoss=2.6914 vLoss=0.7952 pEnt=2.857 pIllM=0.0019 playedP=0.176 pW=0.46 pD=0.07 pL=0.47 vAbs=0.241 pLogitMean=-10.8502 vLogitMean=0.6048 gNorm=0.280 lr=0.0897 ms=3889.0 buf=500000 plies=281830524 games=4251788 rejected=0 skipped=0 epoch=0 mom=0.8847 lrCyc[pk=9.7e-01,tr=9.9e-04] trainerStep=33000
[LAYER-HEALTH] live trainerStep=33000 scope=batch_norm_state_only reluSites=9/10 ch=1040 dead=0 off=6 alwaysOn=0 worst=blocks.2.bn1(dead 0 off 4 on 0) maxBetaOverGamma=+1.87@policy.pre_bn[108] minBetaOverGamma=-2.69@blocks.2.bn1[69] rvMaxOverMedian=103.0@blocks.1.bn1[14] rezero=none nonFinite=0
[REPLAY] saved trainer model (autosave) step=33000 trainerStep=33000 nextGame=4251788 shard=9 epoch=0 -> 20261005-lrBleakyall-cyc1-replay-latest.safetensors
[LAYER-HEALTH] checkpoint replay-autosave step=33000 trainerStep=33000 scope=all_tensors reluSites=9/10 ch=1040 dead=0 off=6 alwaysOn=0 worst=blocks.2.bn1(dead 0 off 4 on 0) maxBetaOverGamma=+1.87@policy.pre_bn[108] minBetaOverGamma=-2.69@blocks.2.bn1[69] rvMaxOverMedian=103.0@blocks.1.bn1[14] rezero=none nonFinite=0 seZeroVel=none valueFC1ZeroVel=0/128 maxAbs=15.11@blocks.1.bn1.running_var
[LAYER-HEALTH]   batch-norm sites — β/|γ|: dead < -3.00, mostly off < -2.00, always on > +3.00; classified for relu/leaky_relu only
[LAYER-HEALTH]     site            act            ch   dead    off     on  zeroγ nonfin  min β/|γ| [ch]     max β/|γ| [ch]     rv max/median [ch]
[LAYER-HEALTH]     stem.bn         -             128    n/a    n/a    n/a      0      0     -2.97 [69]         +0.51 [34]            5.0 [88]
[LAYER-HEALTH]     blocks.0.bn1    leaky_relu    128      0      0      0      0      0     -1.04 [47]         +0.53 [64]            7.6 [76]
[LAYER-HEALTH]     blocks.0.bn2    leaky_relu    128      0      0      0      0      0     -1.55 [44]         -0.02 [49]            4.6 [96]
[LAYER-HEALTH]     blocks.1.bn1    leaky_relu    128      0      0      0      0      0     -1.68 [11]         -0.32 [12]          103.0 [14]
[LAYER-HEALTH]     blocks.1.bn2    leaky_relu    128      0      1      0      0      0     -2.22 [80]         -0.60 [60]            7.2 [32]
[LAYER-HEALTH]     blocks.2.bn1    leaky_relu    128      0      4      0      0      0     -2.69 [69]         +1.14 [31]           41.1 [31]
[LAYER-HEALTH]     blocks.2.bn2    leaky_relu    128      0      0      0      0      0     -1.98 [85]         -0.27 [46]            3.1 [103]
[LAYER-HEALTH]     tower_final_bn  leaky_relu    128      0      0      0      0      0     -0.79 [16]         +1.71 [61]            7.5 [31]
[LAYER-HEALTH]     policy.pre_bn   leaky_relu    128      0      0      0      0      0     -1.58 [7]          +1.87 [108]           3.1 [110]
[LAYER-HEALTH]     value.bn        leaky_relu     16      0      1      0      0      0     -2.24 [4]          -0.53 [1]             2.3 [13]
[LAYER-HEALTH]   FC hidden-unit velocity — zero: every weight-velocity entry exactly 0; low: nonzero but < 5% of the layer's p90 unit norm
[LAYER-HEALTH]     value.fc1.weight  leaky_relu  units 128  zero 0  low 12  median unit norm 0.003254
[LAYER-HEALTH]     (no SE blocks)
[LAYER-HEALTH]   ReZero: none
[LAYER-HEALTH]   non-finite: 0 values in 0 of 102 tensors (10263038 values examined)
[LAYER-HEALTH]   largest |value|: blocks.1.bn1.running_var 15.11, blocks.0.bn2.running_var 9.184, blocks.2.bn1.running_var 7.093, policy.conv.bias 5.822, policy.pre_bn.bias 5.052
[REPLAY] enumerated checkpoint -> 20261005-lrBleakyall-cyc1-replay-step33000.safetensors
[REPLAY] step=33050 loss=3.4821 pLoss=2.6702 vLoss=0.8101 pEnt=2.847 pIllM=0.0018 playedP=0.177 pW=0.46 pD=0.07 pL=0.47 vAbs=0.256 pLogitMean=-10.8508 vLogitMean=0.6043 gNorm=0.266 lr=0.0809 ms=3574.1 buf=500000 plies=282257247 games=4258182 rejected=0 skipped=0 epoch=0 mom=0.8862 lrCyc[pk=9.7e-01,tr=9.9e-04] trainerStep=33050
[LAYER-HEALTH] live trainerStep=33050 scope=batch_norm_state_only reluSites=9/10 ch=1040 dead=0 off=6 alwaysOn=0 worst=blocks.2.bn1(dead 0 off 4 on 0) maxBetaOverGamma=+1.87@policy.pre_bn[108] minBetaOverGamma=-2.70@blocks.2.bn1[69] rvMaxOverMedian=102.1@blocks.1.bn1[14] rezero=none nonFinite=0
[REPLAY] step=33100 loss=3.4964 pLoss=2.6955 vLoss=0.7990 pEnt=2.859 pIllM=0.0018 playedP=0.178 pW=0.47 pD=0.07 pL=0.46 vAbs=0.239 pLogitMean=-10.8444 vLogitMean=0.6055 gNorm=0.249 lr=0.0729 ms=2803.2 buf=500000 plies=282683833 games=4264632 rejected=0 skipped=0 epoch=0 mom=0.8877 lrCyc[pk=9.7e-01,tr=9.9e-04] trainerStep=33100
[LAYER-HEALTH] live trainerStep=33100 scope=batch_norm_state_only reluSites=9/10 ch=1040 dead=0 off=6 alwaysOn=0 worst=blocks.2.bn1(dead 0 off 4 on 0) maxBetaOverGamma=+1.87@policy.pre_bn[108] minBetaOverGamma=-2.70@blocks.2.bn1[69] rvMaxOverMedian=103.2@blocks.1.bn1[14] rezero=none nonFinite=0
[REPLAY] step=33150 loss=3.4616 pLoss=2.6682 vLoss=0.7918 pEnt=2.859 pIllM=0.0016 playedP=0.178 pW=0.47 pD=0.06 pL=0.47 vAbs=0.242 pLogitMean=-10.8491 vLogitMean=0.6047 gNorm=0.259 lr=0.0656 ms=3632.9 buf=500000 plies=283110480 games=4271140 rejected=0 skipped=0 epoch=0 mom=0.8892 lrCyc[pk=9.7e-01,tr=9.9e-04] trainerStep=33150
[LAYER-HEALTH] live trainerStep=33150 scope=batch_norm_state_only reluSites=9/10 ch=1040 dead=0 off=6 alwaysOn=0 worst=blocks.2.bn1(dead 0 off 4 on 0) maxBetaOverGamma=+1.87@policy.pre_bn[108] minBetaOverGamma=-2.69@blocks.2.bn1[69] rvMaxOverMedian=104.5@blocks.1.bn1[14] rezero=none nonFinite=0
[REPLAY] step=33200 loss=3.5439 pLoss=2.7492 vLoss=0.7932 pEnt=2.854 pIllM=0.0015 playedP=0.178 pW=0.48 pD=0.06 pL=0.46 vAbs=0.238 pLogitMean=-10.8425 vLogitMean=0.6036 gNorm=0.260 lr=0.059 ms=5722.8 buf=500000 plies=283537145 games=4277593 rejected=0 skipped=0 epoch=0 mom=0.8907 lrCyc[pk=9.7e-01,tr=9.9e-04] trainerStep=33200
[LAYER-HEALTH] live trainerStep=33200 scope=batch_norm_state_only reluSites=9/10 ch=1040 dead=0 off=6 alwaysOn=0 worst=blocks.2.bn1(dead 0 off 4 on 0) maxBetaOverGamma=+1.87@policy.pre_bn[108] minBetaOverGamma=-2.69@blocks.2.bn1[69] rvMaxOverMedian=104.4@blocks.1.bn1[14] rezero=none nonFinite=0
[REPLAY] step=33250 loss=3.5228 pLoss=2.7087 vLoss=0.8123 pEnt=2.860 pIllM=0.0018 playedP=0.177 pW=0.47 pD=0.07 pL=0.45 vAbs=0.239 pLogitMean=-10.8440 vLogitMean=0.6056 gNorm=0.256 lr=0.053 ms=3073.7 buf=500000 plies=283963822 games=4284053 rejected=0 skipped=0 epoch=0 mom=0.8923 lrCyc[pk=9.7e-01,tr=9.9e-04] trainerStep=33250
[LAYER-HEALTH] live trainerStep=33250 scope=batch_norm_state_only reluSites=9/10 ch=1040 dead=0 off=6 alwaysOn=0 worst=blocks.2.bn1(dead 0 off 4 on 0) maxBetaOverGamma=+1.87@policy.pre_bn[108] minBetaOverGamma=-2.68@blocks.2.bn1[69] rvMaxOverMedian=104.5@blocks.1.bn1[14] rezero=none nonFinite=0
[REPLAY] step=33300 loss=3.5157 pLoss=2.7143 vLoss=0.7999 pEnt=2.862 pIllM=0.0016 playedP=0.176 pW=0.47 pD=0.06 pL=0.46 vAbs=0.251 pLogitMean=-10.8418 vLogitMean=0.6044 gNorm=0.258 lr=0.0476 ms=3315.3 buf=500000 plies=284390429 games=4290531 rejected=0 skipped=0 epoch=0 mom=0.8938 lrCyc[pk=9.7e-01,tr=9.9e-04] trainerStep=33300
[LAYER-HEALTH] live trainerStep=33300 scope=batch_norm_state_only reluSites=9/10 ch=1040 dead=0 off=6 alwaysOn=0 worst=blocks.2.bn1(dead 0 off 4 on 0) maxBetaOverGamma=+1.87@policy.pre_bn[108] minBetaOverGamma=-2.67@blocks.2.bn1[69] rvMaxOverMedian=104.0@blocks.1.bn1[14] rezero=none nonFinite=0
[REPLAY] step=33350 loss=3.5334 pLoss=2.7269 vLoss=0.8046 pEnt=2.857 pIllM=0.0019 playedP=0.181 pW=0.48 pD=0.06 pL=0.45 vAbs=0.243 pLogitMean=-10.8407 vLogitMean=0.6044 gNorm=0.250 lr=0.0428 ms=3666.4 buf=500000 plies=284817170 games=4296971 rejected=0 skipped=0 epoch=0 mom=0.8954 lrCyc[pk=9.7e-01,tr=9.9e-04] trainerStep=33350
[LAYER-HEALTH] live trainerStep=33350 scope=batch_norm_state_only reluSites=9/10 ch=1040 dead=0 off=6 alwaysOn=0 worst=blocks.2.bn1(dead 0 off 4 on 0) maxBetaOverGamma=+1.87@policy.pre_bn[108] minBetaOverGamma=-2.67@blocks.2.bn1[69] rvMaxOverMedian=102.2@blocks.1.bn1[14] rezero=none nonFinite=0
[REPLAY] step=33400 loss=3.5074 pLoss=2.6916 vLoss=0.8143 pEnt=2.846 pIllM=0.0015 playedP=0.181 pW=0.47 pD=0.07 pL=0.46 vAbs=0.236 pLogitMean=-10.8407 vLogitMean=0.6053 gNorm=0.251 lr=0.0384 ms=3672.9 buf=500000 plies=285243725 games=4303337 rejected=0 skipped=0 epoch=0 mom=0.8969 lrCyc[pk=9.7e-01,tr=9.9e-04] trainerStep=33400
[LAYER-HEALTH] live trainerStep=33400 scope=batch_norm_state_only reluSites=9/10 ch=1040 dead=0 off=6 alwaysOn=0 worst=blocks.2.bn1(dead 0 off 4 on 0) maxBetaOverGamma=+1.87@policy.pre_bn[108] minBetaOverGamma=-2.67@blocks.2.bn1[69] rvMaxOverMedian=105.0@blocks.1.bn1[14] rezero=none nonFinite=0
[REPLAY] step=33450 loss=3.4750 pLoss=2.6699 vLoss=0.8034 pEnt=2.854 pIllM=0.0017 playedP=0.181 pW=0.47 pD=0.07 pL=0.46 vAbs=0.249 pLogitMean=-10.8462 vLogitMean=0.6051 gNorm=0.254 lr=0.0345 ms=3813.4 buf=500000 plies=285670464 games=4309758 rejected=0 skipped=0 epoch=0 mom=0.8985 lrCyc[pk=9.7e-01,tr=9.9e-04] trainerStep=33450
[LAYER-HEALTH] live trainerStep=33450 scope=batch_norm_state_only reluSites=9/10 ch=1040 dead=0 off=6 alwaysOn=0 worst=blocks.2.bn1(dead 0 off 4 on 0) maxBetaOverGamma=+1.88@policy.pre_bn[108] minBetaOverGamma=-2.67@blocks.2.bn1[69] rvMaxOverMedian=104.9@blocks.1.bn1[14] rezero=none nonFinite=0
[REPLAY] step=33500 loss=3.4919 pLoss=2.6857 vLoss=0.8046 pEnt=2.836 pIllM=0.0016 playedP=0.179 pW=0.47 pD=0.07 pL=0.46 vAbs=0.261 pLogitMean=-10.8422 vLogitMean=0.6039 gNorm=0.246 lr=0.0309 ms=4062.9 buf=500000 plies=286097065 games=4316173 rejected=0 skipped=0 epoch=0 mom=0.9001 lrCyc[pk=9.7e-01,tr=9.9e-04] trainerStep=33500
[LAYER-HEALTH] live trainerStep=33500 scope=batch_norm_state_only reluSites=9/10 ch=1040 dead=0 off=6 alwaysOn=0 worst=blocks.2.bn1(dead 0 off 4 on 0) maxBetaOverGamma=+1.88@policy.pre_bn[108] minBetaOverGamma=-2.68@blocks.2.bn1[69] rvMaxOverMedian=104.4@blocks.1.bn1[14] rezero=none nonFinite=0
[REPLAY] step=33550 loss=3.5116 pLoss=2.7065 vLoss=0.8034 pEnt=2.859 pIllM=0.0017 playedP=0.176 pW=0.47 pD=0.07 pL=0.47 vAbs=0.245 pLogitMean=-10.8414 vLogitMean=0.6041 gNorm=0.252 lr=0.0277 ms=1553.4 buf=500000 plies=286523704 games=4322632 rejected=0 skipped=0 epoch=0 mom=0.9016 lrCyc[pk=9.7e-01,tr=9.9e-04] trainerStep=33550
[LAYER-HEALTH] live trainerStep=33550 scope=batch_norm_state_only reluSites=9/10 ch=1040 dead=0 off=6 alwaysOn=0 worst=blocks.2.bn1(dead 0 off 4 on 0) maxBetaOverGamma=+1.87@policy.pre_bn[108] minBetaOverGamma=-2.67@blocks.2.bn1[69] rvMaxOverMedian=104.6@blocks.1.bn1[14] rezero=none nonFinite=0
[REPLAY] step=33600 loss=3.4931 pLoss=2.6914 vLoss=0.8003 pEnt=2.878 pIllM=0.0014 playedP=0.172 pW=0.47 pD=0.07 pL=0.46 vAbs=0.246 pLogitMean=-10.8422 vLogitMean=0.6031 gNorm=0.245 lr=0.0249 ms=4094.6 buf=500000 plies=286950327 games=4329099 rejected=0 skipped=0 epoch=0 mom=0.9032 lrCyc[pk=9.7e-01,tr=9.9e-04] trainerStep=33600
[LAYER-HEALTH] live trainerStep=33600 scope=batch_norm_state_only reluSites=9/10 ch=1040 dead=0 off=7 alwaysOn=0 worst=blocks.2.bn1(dead 0 off 4 on 0) maxBetaOverGamma=+1.88@policy.pre_bn[108] minBetaOverGamma=-2.68@blocks.2.bn1[69] rvMaxOverMedian=102.4@blocks.1.bn1[14] rezero=none nonFinite=0
[REPLAY] step=33650 loss=3.5195 pLoss=2.7245 vLoss=0.7936 pEnt=2.845 pIllM=0.0015 playedP=0.181 pW=0.48 pD=0.06 pL=0.46 vAbs=0.241 pLogitMean=-10.8378 vLogitMean=0.6055 gNorm=0.260 lr=0.0224 ms=3842.3 buf=500000 plies=287377018 games=4335576 rejected=0 skipped=0 epoch=0 mom=0.9048 lrCyc[pk=9.7e-01,tr=9.9e-04] trainerStep=33650
[LAYER-HEALTH] live trainerStep=33650 scope=batch_norm_state_only reluSites=9/10 ch=1040 dead=0 off=7 alwaysOn=0 worst=blocks.2.bn1(dead 0 off 4 on 0) maxBetaOverGamma=+1.88@policy.pre_bn[108] minBetaOverGamma=-2.67@blocks.2.bn1[69] rvMaxOverMedian=102.6@blocks.1.bn1[14] rezero=none nonFinite=0
[REPLAY] step=33700 loss=3.4749 pLoss=2.6724 vLoss=0.8008 pEnt=2.867 pIllM=0.0016 playedP=0.178 pW=0.47 pD=0.06 pL=0.47 vAbs=0.240 pLogitMean=-10.8374 vLogitMean=0.6043 gNorm=0.250 lr=0.0201 ms=4555.1 buf=500000 plies=287803625 games=4342042 rejected=0 skipped=0 epoch=0 mom=0.9063 lrCyc[pk=9.7e-01,tr=9.9e-04] trainerStep=33700
[LAYER-HEALTH] live trainerStep=33700 scope=batch_norm_state_only reluSites=9/10 ch=1040 dead=0 off=7 alwaysOn=0 worst=blocks.2.bn1(dead 0 off 4 on 0) maxBetaOverGamma=+1.88@policy.pre_bn[108] minBetaOverGamma=-2.67@blocks.2.bn1[69] rvMaxOverMedian=101.9@blocks.1.bn1[14] rezero=none nonFinite=0
[REPLAY] step=33750 loss=3.4895 pLoss=2.7002 vLoss=0.7876 pEnt=2.832 pIllM=0.0017 playedP=0.183 pW=0.47 pD=0.06 pL=0.46 vAbs=0.236 pLogitMean=-10.8430 vLogitMean=0.6053 gNorm=0.237 lr=0.018 ms=3267.1 buf=500000 plies=288230310 games=4348477 rejected=0 skipped=0 epoch=0 mom=0.9079 lrCyc[pk=9.7e-01,tr=9.9e-04] trainerStep=33750
[LAYER-HEALTH] live trainerStep=33750 scope=batch_norm_state_only reluSites=9/10 ch=1040 dead=0 off=7 alwaysOn=0 worst=blocks.2.bn1(dead 0 off 4 on 0) maxBetaOverGamma=+1.88@policy.pre_bn[108] minBetaOverGamma=-2.67@blocks.2.bn1[69] rvMaxOverMedian=100.9@blocks.1.bn1[14] rezero=none nonFinite=0
[REPLAY] step=33800 loss=3.5112 pLoss=2.7070 vLoss=0.8028 pEnt=2.867 pIllM=0.0014 playedP=0.179 pW=0.47 pD=0.06 pL=0.46 vAbs=0.234 pLogitMean=-10.8483 vLogitMean=0.6044 gNorm=0.264 lr=0.0162 ms=3829.9 buf=500000 plies=288656951 games=4354977 rejected=0 skipped=0 epoch=0 mom=0.9094 lrCyc[pk=9.7e-01,tr=9.9e-04] trainerStep=33800
[LAYER-HEALTH] live trainerStep=33800 scope=batch_norm_state_only reluSites=9/10 ch=1040 dead=0 off=7 alwaysOn=0 worst=blocks.2.bn1(dead 0 off 4 on 0) maxBetaOverGamma=+1.88@policy.pre_bn[108] minBetaOverGamma=-2.67@blocks.2.bn1[69] rvMaxOverMedian=101.6@blocks.1.bn1[14] rezero=none nonFinite=0
[REPLAY] step=33850 loss=3.5198 pLoss=2.7102 vLoss=0.8082 pEnt=2.855 pIllM=0.0014 playedP=0.181 pW=0.47 pD=0.07 pL=0.46 vAbs=0.228 pLogitMean=-10.8473 vLogitMean=0.6043 gNorm=0.243 lr=0.0146 ms=2591.3 buf=500000 plies=289083632 games=4361495 rejected=0 skipped=0 epoch=0 mom=0.9110 lrCyc[pk=9.7e-01,tr=9.8e-04] trainerStep=33850
[LAYER-HEALTH] live trainerStep=33850 scope=batch_norm_state_only reluSites=9/10 ch=1040 dead=0 off=7 alwaysOn=0 worst=blocks.2.bn1(dead 0 off 4 on 0) maxBetaOverGamma=+1.88@policy.pre_bn[108] minBetaOverGamma=-2.67@blocks.2.bn1[69] rvMaxOverMedian=101.5@blocks.1.bn1[14] rezero=none nonFinite=0
[REPLAY] step=33900 loss=3.5304 pLoss=2.7089 vLoss=0.8197 pEnt=2.860 pIllM=0.0018 playedP=0.178 pW=0.47 pD=0.07 pL=0.46 vAbs=0.235 pLogitMean=-10.8495 vLogitMean=0.6059 gNorm=0.259 lr=0.0131 ms=4546.0 buf=500000 plies=289510225 games=4367977 rejected=0 skipped=0 epoch=0 mom=0.9125 lrCyc[pk=9.7e-01,tr=9.8e-04] trainerStep=33900
[LAYER-HEALTH] live trainerStep=33900 scope=batch_norm_state_only reluSites=9/10 ch=1040 dead=0 off=7 alwaysOn=0 worst=blocks.2.bn1(dead 0 off 4 on 0) maxBetaOverGamma=+1.88@policy.pre_bn[108] minBetaOverGamma=-2.67@blocks.2.bn1[69] rvMaxOverMedian=101.8@blocks.1.bn1[14] rezero=none nonFinite=0
[REPLAY] step=33950 loss=3.4515 pLoss=2.6622 vLoss=0.7878 pEnt=2.849 pIllM=0.0015 playedP=0.181 pW=0.47 pD=0.07 pL=0.47 vAbs=0.249 pLogitMean=-10.8463 vLogitMean=0.6071 gNorm=0.235 lr=0.0118 ms=3646.2 buf=500000 plies=289936878 games=4374437 rejected=0 skipped=0 epoch=0 mom=0.9140 lrCyc[pk=9.7e-01,tr=9.8e-04] trainerStep=33950
[LAYER-HEALTH] live trainerStep=33950 scope=batch_norm_state_only reluSites=9/10 ch=1040 dead=0 off=7 alwaysOn=0 worst=blocks.2.bn1(dead 0 off 4 on 0) maxBetaOverGamma=+1.88@policy.pre_bn[108] minBetaOverGamma=-2.67@blocks.2.bn1[69] rvMaxOverMedian=101.1@blocks.1.bn1[14] rezero=none nonFinite=0
[REPLAY] step=34000 loss=3.4613 pLoss=2.6625 vLoss=0.7972 pEnt=2.832 pIllM=0.0016 playedP=0.184 pW=0.46 pD=0.07 pL=0.47 vAbs=0.232 pLogitMean=-10.8489 vLogitMean=0.6049 gNorm=0.248 lr=0.0107 ms=5372.5 buf=500000 plies=290363587 games=4380944 rejected=0 skipped=0 epoch=0 mom=0.9155 lrCyc[pk=9.7e-01,tr=9.8e-04] trainerStep=34000
[LAYER-HEALTH] live trainerStep=34000 scope=batch_norm_state_only reluSites=9/10 ch=1040 dead=0 off=7 alwaysOn=0 worst=blocks.2.bn1(dead 0 off 4 on 0) maxBetaOverGamma=+1.88@policy.pre_bn[108] minBetaOverGamma=-2.67@blocks.2.bn1[69] rvMaxOverMedian=100.0@blocks.1.bn1[14] rezero=none nonFinite=0
[REPLAY] saved trainer model (autosave) step=34000 trainerStep=34000 nextGame=4380944 shard=9 epoch=0 -> 20261005-lrBleakyall-cyc1-replay-latest.safetensors
[LAYER-HEALTH] checkpoint replay-autosave step=34000 trainerStep=34000 scope=all_tensors reluSites=9/10 ch=1040 dead=0 off=7 alwaysOn=0 worst=blocks.2.bn1(dead 0 off 4 on 0) maxBetaOverGamma=+1.88@policy.pre_bn[108] minBetaOverGamma=-2.67@blocks.2.bn1[69] rvMaxOverMedian=100.0@blocks.1.bn1[14] rezero=none nonFinite=0 seZeroVel=none valueFC1ZeroVel=0/128 maxAbs=15.04@blocks.1.bn1.running_var
[LAYER-HEALTH]   batch-norm sites — β/|γ|: dead < -3.00, mostly off < -2.00, always on > +3.00; classified for relu/leaky_relu only
[LAYER-HEALTH]     site            act            ch   dead    off     on  zeroγ nonfin  min β/|γ| [ch]     max β/|γ| [ch]     rv max/median [ch]
[LAYER-HEALTH]     stem.bn         -             128    n/a    n/a    n/a      0      0     -2.93 [69]         +0.52 [34]            4.3 [88]
[LAYER-HEALTH]     blocks.0.bn1    leaky_relu    128      0      0      0      0      0     -1.04 [47]         +0.54 [64]            7.5 [76]
[LAYER-HEALTH]     blocks.0.bn2    leaky_relu    128      0      0      0      0      0     -1.56 [44]         +0.05 [49]            4.3 [96]
[LAYER-HEALTH]     blocks.1.bn1    leaky_relu    128      0      0      0      0      0     -1.68 [52]         -0.31 [12]          100.0 [14]
[LAYER-HEALTH]     blocks.1.bn2    leaky_relu    128      0      1      0      0      0     -2.22 [80]         -0.59 [60]            7.2 [32]
[LAYER-HEALTH]     blocks.2.bn1    leaky_relu    128      0      4      0      0      0     -2.67 [69]         +1.17 [31]           42.3 [31]
[LAYER-HEALTH]     blocks.2.bn2    leaky_relu    128      0      0      0      0      0     -1.96 [85]         -0.27 [46]            3.1 [103]
[LAYER-HEALTH]     tower_final_bn  leaky_relu    128      0      0      0      0      0     -0.79 [16]         +1.75 [55]            7.9 [31]
[LAYER-HEALTH]     policy.pre_bn   leaky_relu    128      0      0      0      0      0     -1.59 [7]          +1.88 [108]           3.2 [110]
[LAYER-HEALTH]     value.bn        leaky_relu     16      0      2      0      0      0     -2.29 [4]          -0.48 [1]             2.3 [13]
[LAYER-HEALTH]   FC hidden-unit velocity — zero: every weight-velocity entry exactly 0; low: nonzero but < 5% of the layer's p90 unit norm
[LAYER-HEALTH]     value.fc1.weight  leaky_relu  units 128  zero 0  low 18  median unit norm 0.004673
[LAYER-HEALTH]     (no SE blocks)
[LAYER-HEALTH]   ReZero: none
[LAYER-HEALTH]   non-finite: 0 values in 0 of 102 tensors (10263038 values examined)
[LAYER-HEALTH]   largest |value|: blocks.1.bn1.running_var 15.04, blocks.0.bn2.running_var 8.704, blocks.2.bn1.running_var 7.243, policy.conv.bias 5.842, policy.pre_bn.bias 5.063
[REPLAY] enumerated checkpoint -> 20261005-lrBleakyall-cyc1-replay-step34000.safetensors
[REPLAY] step=34050 loss=3.5037 pLoss=2.7023 vLoss=0.8000 pEnt=2.857 pIllM=0.0015 playedP=0.178 pW=0.47 pD=0.07 pL=0.46 vAbs=0.237 pLogitMean=-10.8481 vLogitMean=0.6045 gNorm=0.242 lr=0.00962 ms=5395.4 buf=500000 plies=290790184 games=4387395 rejected=0 skipped=0 epoch=0 mom=0.9170 lrCyc[pk=9.7e-01,tr=9.8e-04] trainerStep=34050
[LAYER-HEALTH] live trainerStep=34050 scope=batch_norm_state_only reluSites=9/10 ch=1040 dead=0 off=7 alwaysOn=0 worst=blocks.2.bn1(dead 0 off 4 on 0) maxBetaOverGamma=+1.88@policy.pre_bn[108] minBetaOverGamma=-2.66@blocks.2.bn1[69] rvMaxOverMedian=101.4@blocks.1.bn1[14] rezero=none nonFinite=0
[REPLAY] step=34100 loss=3.4780 pLoss=2.6906 vLoss=0.7857 pEnt=2.858 pIllM=0.0016 playedP=0.178 pW=0.47 pD=0.07 pL=0.46 vAbs=0.242 pLogitMean=-10.8471 vLogitMean=0.6045 gNorm=0.238 lr=0.00869 ms=3624.7 buf=500000 plies=291216824 games=4393851 rejected=0 skipped=0 epoch=0 mom=0.9185 lrCyc[pk=9.7e-01,tr=9.8e-04] trainerStep=34100
[LAYER-HEALTH] live trainerStep=34100 scope=batch_norm_state_only reluSites=9/10 ch=1040 dead=0 off=7 alwaysOn=0 worst=blocks.2.bn1(dead 0 off 4 on 0) maxBetaOverGamma=+1.88@policy.pre_bn[108] minBetaOverGamma=-2.66@blocks.2.bn1[69] rvMaxOverMedian=102.6@blocks.1.bn1[14] rezero=none nonFinite=0
[REPLAY] step=34150 loss=3.5240 pLoss=2.7086 vLoss=0.8139 pEnt=2.854 pIllM=0.0014 playedP=0.178 pW=0.47 pD=0.07 pL=0.47 vAbs=0.237 pLogitMean=-10.8460 vLogitMean=0.6046 gNorm=0.252 lr=0.00786 ms=4532.9 buf=500000 plies=291643503 games=4400308 rejected=0 skipped=0 epoch=0 mom=0.9199 lrCyc[pk=9.7e-01,tr=9.8e-04] trainerStep=34150
[LAYER-HEALTH] live trainerStep=34150 scope=batch_norm_state_only reluSites=9/10 ch=1040 dead=0 off=7 alwaysOn=0 worst=blocks.2.bn1(dead 0 off 4 on 0) maxBetaOverGamma=+1.88@policy.pre_bn[108] minBetaOverGamma=-2.66@blocks.2.bn1[69] rvMaxOverMedian=103.0@blocks.1.bn1[14] rezero=none nonFinite=0
[REPLAY] step=34200 loss=3.5001 pLoss=2.6989 vLoss=0.7996 pEnt=2.841 pIllM=0.0016 playedP=0.180 pW=0.47 pD=0.07 pL=0.46 vAbs=0.234 pLogitMean=-10.8443 vLogitMean=0.6058 gNorm=0.244 lr=0.00712 ms=3978.3 buf=500000 plies=292070168 games=4406733 rejected=0 skipped=0 epoch=0 mom=0.9213 lrCyc[pk=9.7e-01,tr=9.8e-04] trainerStep=34200
[LAYER-HEALTH] live trainerStep=34200 scope=batch_norm_state_only reluSites=9/10 ch=1040 dead=0 off=7 alwaysOn=0 worst=blocks.2.bn1(dead 0 off 4 on 0) maxBetaOverGamma=+1.88@policy.pre_bn[108] minBetaOverGamma=-2.66@blocks.2.bn1[69] rvMaxOverMedian=103.9@blocks.1.bn1[14] rezero=none nonFinite=0
[REPLAY] step=34250 loss=3.5108 pLoss=2.7175 vLoss=0.7918 pEnt=2.835 pIllM=0.0015 playedP=0.181 pW=0.47 pD=0.06 pL=0.47 vAbs=0.245 pLogitMean=-10.8464 vLogitMean=0.6034 gNorm=0.252 lr=0.00646 ms=3732.4 buf=500000 plies=292496833 games=4413188 rejected=0 skipped=0 epoch=0 mom=0.9227 lrCyc[pk=9.7e-01,tr=9.8e-04] trainerStep=34250
[LAYER-HEALTH] live trainerStep=34250 scope=batch_norm_state_only reluSites=9/10 ch=1040 dead=0 off=7 alwaysOn=0 worst=blocks.2.bn1(dead 0 off 4 on 0) maxBetaOverGamma=+1.88@policy.pre_bn[108] minBetaOverGamma=-2.66@blocks.2.bn1[69] rvMaxOverMedian=104.5@blocks.1.bn1[14] rezero=none nonFinite=0
[REPLAY] step=34300 loss=3.4818 pLoss=2.6882 vLoss=0.7921 pEnt=2.828 pIllM=0.0016 playedP=0.181 pW=0.47 pD=0.06 pL=0.46 vAbs=0.242 pLogitMean=-10.8457 vLogitMean=0.6046 gNorm=0.228 lr=0.00587 ms=4638.5 buf=500000 plies=292923517 games=4419636 rejected=0 skipped=0 epoch=0 mom=0.9241 lrCyc[pk=9.7e-01,tr=9.8e-04] trainerStep=34300
[LAYER-HEALTH] live trainerStep=34300 scope=batch_norm_state_only reluSites=9/10 ch=1040 dead=0 off=7 alwaysOn=0 worst=blocks.2.bn1(dead 0 off 4 on 0) maxBetaOverGamma=+1.88@policy.pre_bn[108] minBetaOverGamma=-2.66@blocks.2.bn1[69] rvMaxOverMedian=105.3@blocks.1.bn1[14] rezero=none nonFinite=0
[REPLAY] step=34350 loss=3.5257 pLoss=2.7211 vLoss=0.8030 pEnt=2.868 pIllM=0.0015 playedP=0.173 pW=0.47 pD=0.06 pL=0.46 vAbs=0.244 pLogitMean=-10.8457 vLogitMean=0.6046 gNorm=0.237 lr=0.00535 ms=3682.2 buf=500000 plies=293350111 games=4426146 rejected=0 skipped=0 epoch=0 mom=0.9255 lrCyc[pk=9.7e-01,tr=9.8e-04] trainerStep=34350
[LAYER-HEALTH] live trainerStep=34350 scope=batch_norm_state_only reluSites=9/10 ch=1040 dead=0 off=7 alwaysOn=0 worst=blocks.2.bn1(dead 0 off 4 on 0) maxBetaOverGamma=+1.88@policy.pre_bn[108] minBetaOverGamma=-2.66@blocks.2.bn1[69] rvMaxOverMedian=105.2@blocks.1.bn1[14] rezero=none nonFinite=0
[REPLAY] step=34400 loss=3.4824 pLoss=2.6856 vLoss=0.7955 pEnt=2.872 pIllM=0.0013 playedP=0.177 pW=0.47 pD=0.06 pL=0.47 vAbs=0.244 pLogitMean=-10.8479 vLogitMean=0.6033 gNorm=0.254 lr=0.00488 ms=3964.5 buf=500000 plies=293776727 games=4432665 rejected=0 skipped=0 epoch=0 mom=0.9268 lrCyc[pk=9.7e-01,tr=9.8e-04] trainerStep=34400
[LAYER-HEALTH] live trainerStep=34400 scope=batch_norm_state_only reluSites=9/10 ch=1040 dead=0 off=7 alwaysOn=0 worst=blocks.2.bn1(dead 0 off 4 on 0) maxBetaOverGamma=+1.88@policy.pre_bn[108] minBetaOverGamma=-2.66@blocks.2.bn1[69] rvMaxOverMedian=105.4@blocks.1.bn1[14] rezero=none nonFinite=0
[REPLAY] step=34450 loss=3.5017 pLoss=2.6934 vLoss=0.8069 pEnt=2.853 pIllM=0.0014 playedP=0.180 pW=0.47 pD=0.07 pL=0.46 vAbs=0.238 pLogitMean=-10.8481 vLogitMean=0.6060 gNorm=0.245 lr=0.00445 ms=3949.5 buf=500000 plies=294203418 games=4439085 rejected=0 skipped=0 epoch=0 mom=0.9281 lrCyc[pk=9.7e-01,tr=9.8e-04] trainerStep=34450
[LAYER-HEALTH] live trainerStep=34450 scope=batch_norm_state_only reluSites=9/10 ch=1040 dead=0 off=7 alwaysOn=0 worst=blocks.2.bn1(dead 0 off 4 on 0) maxBetaOverGamma=+1.88@policy.pre_bn[108] minBetaOverGamma=-2.66@blocks.2.bn1[69] rvMaxOverMedian=105.8@blocks.1.bn1[14] rezero=none nonFinite=0
[REPLAY] step=34500 loss=3.4791 pLoss=2.6767 vLoss=0.8010 pEnt=2.851 pIllM=0.0014 playedP=0.182 pW=0.47 pD=0.06 pL=0.47 vAbs=0.235 pLogitMean=-10.8482 vLogitMean=0.6033 gNorm=0.244 lr=0.00408 ms=3407.7 buf=500000 plies=294630036 games=4445509 rejected=0 skipped=0 epoch=0 mom=0.9294 lrCyc[pk=9.7e-01,tr=9.8e-04] trainerStep=34500
[LAYER-HEALTH] live trainerStep=34500 scope=batch_norm_state_only reluSites=9/10 ch=1040 dead=0 off=7 alwaysOn=0 worst=blocks.2.bn1(dead 0 off 4 on 0) maxBetaOverGamma=+1.88@policy.pre_bn[108] minBetaOverGamma=-2.66@blocks.2.bn1[69] rvMaxOverMedian=105.9@blocks.1.bn1[14] rezero=none nonFinite=0
[REPLAY] step=34550 loss=3.4870 pLoss=2.6932 vLoss=0.7923 pEnt=2.849 pIllM=0.0016 playedP=0.180 pW=0.47 pD=0.06 pL=0.47 vAbs=0.244 pLogitMean=-10.8466 vLogitMean=0.6030 gNorm=0.241 lr=0.00374 ms=3143.4 buf=500000 plies=295056699 games=4452045 rejected=0 skipped=0 epoch=0 mom=0.9307 lrCyc[pk=9.7e-01,tr=9.8e-04] trainerStep=34550
[LAYER-HEALTH] live trainerStep=34550 scope=batch_norm_state_only reluSites=9/10 ch=1040 dead=0 off=7 alwaysOn=0 worst=blocks.2.bn1(dead 0 off 4 on 0) maxBetaOverGamma=+1.88@policy.pre_bn[108] minBetaOverGamma=-2.66@blocks.2.bn1[69] rvMaxOverMedian=105.7@blocks.1.bn1[14] rezero=none nonFinite=0
[REPLAY] step=34600 loss=3.5062 pLoss=2.6910 vLoss=0.8136 pEnt=2.855 pIllM=0.0016 playedP=0.180 pW=0.47 pD=0.07 pL=0.47 vAbs=0.247 pLogitMean=-10.8468 vLogitMean=0.6044 gNorm=0.252 lr=0.00343 ms=3253.1 buf=500000 plies=295483399 games=4458499 rejected=0 skipped=0 epoch=0 mom=0.9319 lrCyc[pk=9.7e-01,tr=9.8e-04] trainerStep=34600
[LAYER-HEALTH] live trainerStep=34600 scope=batch_norm_state_only reluSites=9/10 ch=1040 dead=0 off=7 alwaysOn=0 worst=blocks.2.bn1(dead 0 off 4 on 0) maxBetaOverGamma=+1.88@policy.pre_bn[108] minBetaOverGamma=-2.66@blocks.2.bn1[69] rvMaxOverMedian=105.8@blocks.1.bn1[14] rezero=none nonFinite=0
[REPLAY] step=34650 loss=3.4729 pLoss=2.6687 vLoss=0.8026 pEnt=2.855 pIllM=0.0016 playedP=0.182 pW=0.47 pD=0.07 pL=0.46 vAbs=0.242 pLogitMean=-10.8478 vLogitMean=0.6045 gNorm=0.272 lr=0.00316 ms=3298.3 buf=500000 plies=295910014 games=4464883 rejected=0 skipped=0 epoch=0 mom=0.9331 lrCyc[pk=9.7e-01,tr=9.8e-04] trainerStep=34650
[LAYER-HEALTH] live trainerStep=34650 scope=batch_norm_state_only reluSites=9/10 ch=1040 dead=0 off=7 alwaysOn=0 worst=blocks.2.bn1(dead 0 off 4 on 0) maxBetaOverGamma=+1.88@policy.pre_bn[108] minBetaOverGamma=-2.66@blocks.2.bn1[69] rvMaxOverMedian=105.8@blocks.1.bn1[14] rezero=none nonFinite=0
[REPLAY] step=34700 loss=3.5332 pLoss=2.7286 vLoss=0.8030 pEnt=2.852 pIllM=0.0016 playedP=0.179 pW=0.47 pD=0.06 pL=0.46 vAbs=0.235 pLogitMean=-10.8468 vLogitMean=0.6042 gNorm=0.254 lr=0.00292 ms=3798.8 buf=500000 plies=296336653 games=4471251 rejected=0 skipped=0 epoch=0 mom=0.9343 lrCyc[pk=9.7e-01,tr=9.8e-04] trainerStep=34700
[LAYER-HEALTH] live trainerStep=34700 scope=batch_norm_state_only reluSites=9/10 ch=1040 dead=0 off=7 alwaysOn=0 worst=blocks.2.bn1(dead 0 off 4 on 0) maxBetaOverGamma=+1.88@policy.pre_bn[108] minBetaOverGamma=-2.66@blocks.2.bn1[69] rvMaxOverMedian=105.5@blocks.1.bn1[14] rezero=none nonFinite=0
[REPLAY] step=34750 loss=3.4835 pLoss=2.6701 vLoss=0.8119 pEnt=2.849 pIllM=0.0016 playedP=0.179 pW=0.47 pD=0.07 pL=0.46 vAbs=0.237 pLogitMean=-10.8464 vLogitMean=0.6042 gNorm=0.247 lr=0.0027 ms=3285.3 buf=500000 plies=296763326 games=4477707 rejected=0 skipped=0 epoch=0 mom=0.9354 lrCyc[pk=9.7e-01,tr=9.8e-04] trainerStep=34750
[LAYER-HEALTH] live trainerStep=34750 scope=batch_norm_state_only reluSites=9/10 ch=1040 dead=0 off=7 alwaysOn=0 worst=blocks.2.bn1(dead 0 off 4 on 0) maxBetaOverGamma=+1.88@policy.pre_bn[108] minBetaOverGamma=-2.66@blocks.2.bn1[69] rvMaxOverMedian=105.4@blocks.1.bn1[14] rezero=none nonFinite=0
[REPLAY] step=34800 loss=3.4771 pLoss=2.6828 vLoss=0.7928 pEnt=2.857 pIllM=0.0015 playedP=0.178 pW=0.47 pD=0.07 pL=0.46 vAbs=0.241 pLogitMean=-10.8471 vLogitMean=0.6058 gNorm=0.245 lr=0.00251 ms=3121.7 buf=500000 plies=297189981 games=4484189 rejected=0 skipped=0 epoch=0 mom=0.9365 lrCyc[pk=9.7e-01,tr=9.8e-04] trainerStep=34800
[LAYER-HEALTH] live trainerStep=34800 scope=batch_norm_state_only reluSites=9/10 ch=1040 dead=0 off=7 alwaysOn=0 worst=blocks.2.bn1(dead 0 off 4 on 0) maxBetaOverGamma=+1.88@policy.pre_bn[108] minBetaOverGamma=-2.66@blocks.2.bn1[69] rvMaxOverMedian=105.5@blocks.1.bn1[14] rezero=none nonFinite=0
[REPLAY] step=34850 loss=3.5036 pLoss=2.7021 vLoss=0.8002 pEnt=2.857 pIllM=0.0013 playedP=0.178 pW=0.47 pD=0.06 pL=0.47 vAbs=0.247 pLogitMean=-10.8490 vLogitMean=0.6068 gNorm=0.240 lr=0.00233 ms=3592.3 buf=500000 plies=297616636 games=4490738 rejected=0 skipped=0 epoch=0 mom=0.9375 lrCyc[pk=9.7e-01,tr=9.8e-04] trainerStep=34850
[LAYER-HEALTH] live trainerStep=34850 scope=batch_norm_state_only reluSites=9/10 ch=1040 dead=0 off=7 alwaysOn=0 worst=blocks.2.bn1(dead 0 off 4 on 0) maxBetaOverGamma=+1.88@policy.pre_bn[108] minBetaOverGamma=-2.66@blocks.2.bn1[69] rvMaxOverMedian=105.4@blocks.1.bn1[14] rezero=none nonFinite=0
[REPLAY] step=34900 loss=3.5185 pLoss=2.6940 vLoss=0.8230 pEnt=2.852 pIllM=0.0015 playedP=0.181 pW=0.47 pD=0.07 pL=0.46 vAbs=0.238 pLogitMean=-10.8513 vLogitMean=0.6029 gNorm=0.242 lr=0.00217 ms=3772.9 buf=500000 plies=298043273 games=4497180 rejected=0 skipped=0 epoch=0 mom=0.9385 lrCyc[pk=9.7e-01,tr=9.8e-04] trainerStep=34900
[LAYER-HEALTH] live trainerStep=34900 scope=batch_norm_state_only reluSites=9/10 ch=1040 dead=0 off=7 alwaysOn=0 worst=blocks.2.bn1(dead 0 off 4 on 0) maxBetaOverGamma=+1.88@policy.pre_bn[108] minBetaOverGamma=-2.66@blocks.2.bn1[69] rvMaxOverMedian=105.3@blocks.1.bn1[14] rezero=none nonFinite=0
[REPLAY] step=34950 loss=3.5073 pLoss=2.7097 vLoss=0.7963 pEnt=2.846 pIllM=0.0014 playedP=0.178 pW=0.47 pD=0.07 pL=0.46 vAbs=0.241 pLogitMean=-10.8508 vLogitMean=0.6042 gNorm=0.242 lr=0.00203 ms=3744.8 buf=500000 plies=298469879 games=4503676 rejected=0 skipped=0 epoch=0 mom=0.9395 lrCyc[pk=9.7e-01,tr=9.8e-04] trainerStep=34950
[LAYER-HEALTH] live trainerStep=34950 scope=batch_norm_state_only reluSites=9/10 ch=1040 dead=0 off=7 alwaysOn=0 worst=blocks.2.bn1(dead 0 off 4 on 0) maxBetaOverGamma=+1.88@policy.pre_bn[108] minBetaOverGamma=-2.66@blocks.2.bn1[69] rvMaxOverMedian=105.1@blocks.1.bn1[14] rezero=none nonFinite=0
[REPLAY] step=35000 loss=3.5300 pLoss=2.7075 vLoss=0.8208 pEnt=2.846 pIllM=0.0017 playedP=0.182 pW=0.47 pD=0.07 pL=0.46 vAbs=0.233 pLogitMean=-10.8497 vLogitMean=0.6058 gNorm=0.248 lr=0.0019 ms=3435.2 buf=500000 plies=298896572 games=4510144 rejected=0 skipped=0 epoch=0 mom=0.9405 lrCyc[pk=9.7e-01,tr=9.8e-04] trainerStep=35000
[LAYER-HEALTH] live trainerStep=35000 scope=batch_norm_state_only reluSites=9/10 ch=1040 dead=0 off=7 alwaysOn=0 worst=blocks.2.bn1(dead 0 off 4 on 0) maxBetaOverGamma=+1.88@policy.pre_bn[108] minBetaOverGamma=-2.66@blocks.2.bn1[69] rvMaxOverMedian=105.2@blocks.1.bn1[14] rezero=none nonFinite=0
[REPLAY] saved trainer model (autosave) step=35000 trainerStep=35000 nextGame=4510144 shard=9 epoch=0 -> 20261005-lrBleakyall-cyc1-replay-latest.safetensors
[LAYER-HEALTH] checkpoint replay-autosave step=35000 trainerStep=35000 scope=all_tensors reluSites=9/10 ch=1040 dead=0 off=7 alwaysOn=0 worst=blocks.2.bn1(dead 0 off 4 on 0) maxBetaOverGamma=+1.88@policy.pre_bn[108] minBetaOverGamma=-2.66@blocks.2.bn1[69] rvMaxOverMedian=105.2@blocks.1.bn1[14] rezero=none nonFinite=0 seZeroVel=none valueFC1ZeroVel=0/128 maxAbs=15.07@blocks.1.bn1.running_var
[LAYER-HEALTH]   batch-norm sites — β/|γ|: dead < -3.00, mostly off < -2.00, always on > +3.00; classified for relu/leaky_relu only
[LAYER-HEALTH]     site            act            ch   dead    off     on  zeroγ nonfin  min β/|γ| [ch]     max β/|γ| [ch]     rv max/median [ch]
[LAYER-HEALTH]     stem.bn         -             128    n/a    n/a    n/a      0      0     -2.94 [69]         +0.52 [34]            4.2 [88]
[LAYER-HEALTH]     blocks.0.bn1    leaky_relu    128      0      0      0      0      0     -1.04 [47]         +0.54 [64]            7.5 [76]
[LAYER-HEALTH]     blocks.0.bn2    leaky_relu    128      0      0      0      0      0     -1.56 [44]         +0.06 [49]            4.1 [96]
[LAYER-HEALTH]     blocks.1.bn1    leaky_relu    128      0      0      0      0      0     -1.69 [11]         -0.30 [12]          105.2 [14]
[LAYER-HEALTH]     blocks.1.bn2    leaky_relu    128      0      1      0      0      0     -2.22 [80]         -0.59 [60]            7.1 [32]
[LAYER-HEALTH]     blocks.2.bn1    leaky_relu    128      0      4      0      0      0     -2.66 [69]         +1.17 [31]           42.8 [31]
[LAYER-HEALTH]     blocks.2.bn2    leaky_relu    128      0      0      0      0      0     -1.95 [85]         -0.27 [46]            3.1 [103]
[LAYER-HEALTH]     tower_final_bn  leaky_relu    128      0      0      0      0      0     -0.79 [16]         +1.75 [55]            8.0 [31]
[LAYER-HEALTH]     policy.pre_bn   leaky_relu    128      0      0      0      0      0     -1.58 [7]          +1.88 [108]           3.2 [110]
[LAYER-HEALTH]     value.bn        leaky_relu     16      0      2      0      0      0     -2.30 [4]          -0.48 [1]             2.3 [13]
[LAYER-HEALTH]   FC hidden-unit velocity — zero: every weight-velocity entry exactly 0; low: nonzero but < 5% of the layer's p90 unit norm
[LAYER-HEALTH]     value.fc1.weight  leaky_relu  units 128  zero 0  low 15  median unit norm 0.005515
[LAYER-HEALTH]     (no SE blocks)
[LAYER-HEALTH]   ReZero: none
[LAYER-HEALTH]   non-finite: 0 values in 0 of 102 tensors (10263038 values examined)
[LAYER-HEALTH]   largest |value|: blocks.1.bn1.running_var 15.07, blocks.0.bn2.running_var 8.252, blocks.2.bn1.running_var 7.238, policy.conv.bias 5.847, policy.pre_bn.bias 5.065
[REPLAY] enumerated checkpoint -> 20261005-lrBleakyall-cyc1-replay-step35000.safetensors
[REPLAY] step=35050 loss=3.4914 pLoss=2.6844 vLoss=0.8057 pEnt=2.872 pIllM=0.0013 playedP=0.175 pW=0.47 pD=0.07 pL=0.47 vAbs=0.238 pLogitMean=-10.8495 vLogitMean=0.6042 gNorm=0.238 lr=0.00179 ms=3718.5 buf=500000 plies=299323207 games=4516549 rejected=0 skipped=0 epoch=0 mom=0.9414 lrCyc[pk=9.7e-01,tr=9.8e-04] trainerStep=35050
[LAYER-HEALTH] live trainerStep=35050 scope=batch_norm_state_only reluSites=9/10 ch=1040 dead=0 off=7 alwaysOn=0 worst=blocks.2.bn1(dead 0 off 4 on 0) maxBetaOverGamma=+1.88@policy.pre_bn[108] minBetaOverGamma=-2.66@blocks.2.bn1[69] rvMaxOverMedian=105.1@blocks.1.bn1[14] rezero=none nonFinite=0
[REPLAY] step=35100 loss=3.4740 pLoss=2.6779 vLoss=0.7945 pEnt=2.862 pIllM=0.0016 playedP=0.181 pW=0.47 pD=0.07 pL=0.46 vAbs=0.246 pLogitMean=-10.8515 vLogitMean=0.6030 gNorm=0.250 lr=0.00168 ms=3217.6 buf=500000 plies=299749831 games=4523027 rejected=0 skipped=0 epoch=0 mom=0.9422 lrCyc[pk=9.7e-01,tr=9.8e-04] trainerStep=35100
[LAYER-HEALTH] live trainerStep=35100 scope=batch_norm_state_only reluSites=9/10 ch=1040 dead=0 off=7 alwaysOn=0 worst=blocks.2.bn1(dead 0 off 4 on 0) maxBetaOverGamma=+1.88@policy.pre_bn[108] minBetaOverGamma=-2.66@blocks.2.bn1[69] rvMaxOverMedian=105.2@blocks.1.bn1[14] rezero=none nonFinite=0
[REPLAY] step=35150 loss=3.5032 pLoss=2.6798 vLoss=0.8221 pEnt=2.844 pIllM=0.0013 playedP=0.185 pW=0.47 pD=0.07 pL=0.46 vAbs=0.241 pLogitMean=-10.8505 vLogitMean=0.6040 gNorm=0.238 lr=0.00159 ms=3292.3 buf=500000 plies=300176479 games=4529462 rejected=0 skipped=0 epoch=0 mom=0.9430 lrCyc[pk=9.7e-01,tr=9.8e-04] trainerStep=35150
[LAYER-HEALTH] live trainerStep=35150 scope=batch_norm_state_only reluSites=9/10 ch=1040 dead=0 off=7 alwaysOn=0 worst=blocks.2.bn1(dead 0 off 4 on 0) maxBetaOverGamma=+1.88@policy.pre_bn[108] minBetaOverGamma=-2.66@blocks.2.bn1[69] rvMaxOverMedian=105.4@blocks.1.bn1[14] rezero=none nonFinite=0
[REPLAY] step=35200 loss=3.5329 pLoss=2.7182 vLoss=0.8133 pEnt=2.847 pIllM=0.0014 playedP=0.180 pW=0.47 pD=0.07 pL=0.46 vAbs=0.241 pLogitMean=-10.8525 vLogitMean=0.6056 gNorm=0.261 lr=0.00151 ms=4100.4 buf=500000 plies=300603141 games=4535852 rejected=0 skipped=0 epoch=0 mom=0.9438 lrCyc[pk=9.7e-01,tr=9.8e-04] trainerStep=35200
[LAYER-HEALTH] live trainerStep=35200 scope=batch_norm_state_only reluSites=9/10 ch=1040 dead=0 off=7 alwaysOn=0 worst=blocks.2.bn1(dead 0 off 4 on 0) maxBetaOverGamma=+1.88@policy.pre_bn[108] minBetaOverGamma=-2.66@blocks.2.bn1[69] rvMaxOverMedian=105.2@blocks.1.bn1[14] rezero=none nonFinite=0
[REPLAY] step=35250 loss=3.5468 pLoss=2.7391 vLoss=0.8063 pEnt=2.877 pIllM=0.0014 playedP=0.170 pW=0.47 pD=0.07 pL=0.46 vAbs=0.244 pLogitMean=-10.8518 vLogitMean=0.6055 gNorm=0.245 lr=0.00143 ms=3811.6 buf=500000 plies=301029789 games=4542298 rejected=0 skipped=0 epoch=0 mom=0.9446 lrCyc[pk=9.7e-01,tr=9.8e-04] trainerStep=35250
[LAYER-HEALTH] live trainerStep=35250 scope=batch_norm_state_only reluSites=9/10 ch=1040 dead=0 off=7 alwaysOn=0 worst=blocks.2.bn1(dead 0 off 4 on 0) maxBetaOverGamma=+1.88@policy.pre_bn[108] minBetaOverGamma=-2.66@blocks.2.bn1[69] rvMaxOverMedian=105.3@blocks.1.bn1[14] rezero=none nonFinite=0
[REPLAY] step=35300 loss=3.4966 pLoss=2.6797 vLoss=0.8154 pEnt=2.852 pIllM=0.0015 playedP=0.179 pW=0.47 pD=0.07 pL=0.46 vAbs=0.238 pLogitMean=-10.8522 vLogitMean=0.6042 gNorm=0.240 lr=0.00137 ms=3114.3 buf=500000 plies=301456439 games=4548765 rejected=0 skipped=0 epoch=0 mom=0.9452 lrCyc[pk=9.7e-01,tr=9.8e-04] trainerStep=35300
[LAYER-HEALTH] live trainerStep=35300 scope=batch_norm_state_only reluSites=9/10 ch=1040 dead=0 off=7 alwaysOn=0 worst=blocks.2.bn1(dead 0 off 4 on 0) maxBetaOverGamma=+1.88@policy.pre_bn[108] minBetaOverGamma=-2.66@blocks.2.bn1[69] rvMaxOverMedian=105.3@blocks.1.bn1[14] rezero=none nonFinite=0
[REPLAY] step=35350 loss=3.4794 pLoss=2.6894 vLoss=0.7882 pEnt=2.832 pIllM=0.0018 playedP=0.184 pW=0.47 pD=0.07 pL=0.46 vAbs=0.242 pLogitMean=-10.8512 vLogitMean=0.6040 gNorm=0.247 lr=0.00131 ms=4793.7 buf=500000 plies=301883144 games=4555212 rejected=0 skipped=0 epoch=0 mom=0.9459 lrCyc[pk=9.7e-01,tr=9.8e-04] trainerStep=35350
[LAYER-HEALTH] live trainerStep=35350 scope=batch_norm_state_only reluSites=9/10 ch=1040 dead=0 off=7 alwaysOn=0 worst=blocks.2.bn1(dead 0 off 4 on 0) maxBetaOverGamma=+1.88@policy.pre_bn[108] minBetaOverGamma=-2.66@blocks.2.bn1[69] rvMaxOverMedian=105.2@blocks.1.bn1[14] rezero=none nonFinite=0
[REPLAY] step=35400 loss=3.4929 pLoss=2.7027 vLoss=0.7889 pEnt=2.866 pIllM=0.0014 playedP=0.177 pW=0.47 pD=0.07 pL=0.47 vAbs=0.248 pLogitMean=-10.8530 vLogitMean=0.6028 gNorm=0.242 lr=0.00125 ms=3169.6 buf=500000 plies=302309733 games=4561638 rejected=0 skipped=0 epoch=0 mom=0.9465 lrCyc[pk=9.7e-01,tr=9.8e-04] trainerStep=35400
[LAYER-HEALTH] live trainerStep=35400 scope=batch_norm_state_only reluSites=9/10 ch=1040 dead=0 off=7 alwaysOn=0 worst=blocks.2.bn1(dead 0 off 4 on 0) maxBetaOverGamma=+1.88@policy.pre_bn[108] minBetaOverGamma=-2.66@blocks.2.bn1[69] rvMaxOverMedian=105.2@blocks.1.bn1[14] rezero=none nonFinite=0
[REPLAY] step=35450 loss=3.4594 pLoss=2.6623 vLoss=0.7957 pEnt=2.857 pIllM=0.0014 playedP=0.180 pW=0.47 pD=0.07 pL=0.46 vAbs=0.250 pLogitMean=-10.8519 vLogitMean=0.6028 gNorm=0.247 lr=0.00121 ms=3423.8 buf=500000 plies=302736391 games=4568024 rejected=0 skipped=0 epoch=0 mom=0.9470 lrCyc[pk=9.7e-01,tr=9.8e-04] trainerStep=35450
[LAYER-HEALTH] live trainerStep=35450 scope=batch_norm_state_only reluSites=9/10 ch=1040 dead=0 off=7 alwaysOn=0 worst=blocks.2.bn1(dead 0 off 4 on 0) maxBetaOverGamma=+1.88@policy.pre_bn[108] minBetaOverGamma=-2.66@blocks.2.bn1[69] rvMaxOverMedian=105.2@blocks.1.bn1[14] rezero=none nonFinite=0
[REPLAY] step=35500 loss=3.5379 pLoss=2.7135 vLoss=0.8229 pEnt=2.876 pIllM=0.0014 playedP=0.177 pW=0.47 pD=0.07 pL=0.46 vAbs=0.236 pLogitMean=-10.8522 vLogitMean=0.6028 gNorm=0.246 lr=0.00117 ms=3900.8 buf=500000 plies=303163023 games=4574468 rejected=0 skipped=0 epoch=0 mom=0.9476 lrCyc[pk=9.7e-01,tr=9.8e-04] trainerStep=35500
[LAYER-HEALTH] live trainerStep=35500 scope=batch_norm_state_only reluSites=9/10 ch=1040 dead=0 off=7 alwaysOn=0 worst=blocks.2.bn1(dead 0 off 4 on 0) maxBetaOverGamma=+1.88@policy.pre_bn[108] minBetaOverGamma=-2.66@blocks.2.bn1[69] rvMaxOverMedian=105.2@blocks.1.bn1[14] rezero=none nonFinite=0
[REPLAY] step=35550 loss=3.5370 pLoss=2.7228 vLoss=0.8128 pEnt=2.868 pIllM=0.0013 playedP=0.175 pW=0.47 pD=0.07 pL=0.46 vAbs=0.232 pLogitMean=-10.8508 vLogitMean=0.6041 gNorm=0.242 lr=0.00113 ms=3218.5 buf=500000 plies=303589755 games=4580950 rejected=0 skipped=0 epoch=0 mom=0.9480 lrCyc[pk=9.7e-01,tr=9.8e-04] trainerStep=35550
[LAYER-HEALTH] live trainerStep=35550 scope=batch_norm_state_only reluSites=9/10 ch=1040 dead=0 off=7 alwaysOn=0 worst=blocks.2.bn1(dead 0 off 4 on 0) maxBetaOverGamma=+1.88@policy.pre_bn[108] minBetaOverGamma=-2.66@blocks.2.bn1[69] rvMaxOverMedian=105.2@blocks.1.bn1[14] rezero=none nonFinite=0
[REPLAY] step=35600 loss=3.4827 pLoss=2.6895 vLoss=0.7918 pEnt=2.836 pIllM=0.0015 playedP=0.183 pW=0.47 pD=0.07 pL=0.46 vAbs=0.237 pLogitMean=-10.8504 vLogitMean=0.6044 gNorm=0.243 lr=0.0011 ms=4465.9 buf=500000 plies=304016324 games=4587341 rejected=0 skipped=0 epoch=0 mom=0.9484 lrCyc[pk=9.7e-01,tr=9.8e-04] trainerStep=35600
[LAYER-HEALTH] live trainerStep=35600 scope=batch_norm_state_only reluSites=9/10 ch=1040 dead=0 off=7 alwaysOn=0 worst=blocks.2.bn1(dead 0 off 4 on 0) maxBetaOverGamma=+1.88@policy.pre_bn[108] minBetaOverGamma=-2.66@blocks.2.bn1[69] rvMaxOverMedian=105.2@blocks.1.bn1[14] rezero=none nonFinite=0
[REPLAY] step=35650 loss=3.4996 pLoss=2.6995 vLoss=0.7986 pEnt=2.838 pIllM=0.0015 playedP=0.183 pW=0.47 pD=0.07 pL=0.46 vAbs=0.237 pLogitMean=-10.8499 vLogitMean=0.6057 gNorm=0.239 lr=0.00107 ms=3496.2 buf=500000 plies=304442997 games=4593709 rejected=0 skipped=0 epoch=0 mom=0.9488 lrCyc[pk=9.7e-01,tr=9.8e-04] trainerStep=35650
[LAYER-HEALTH] live trainerStep=35650 scope=batch_norm_state_only reluSites=9/10 ch=1040 dead=0 off=7 alwaysOn=0 worst=blocks.2.bn1(dead 0 off 4 on 0) maxBetaOverGamma=+1.88@policy.pre_bn[108] minBetaOverGamma=-2.66@blocks.2.bn1[69] rvMaxOverMedian=105.1@blocks.1.bn1[14] rezero=none nonFinite=0
[REPLAY] step=35700 loss=3.5216 pLoss=2.7048 vLoss=0.8153 pEnt=2.864 pIllM=0.0015 playedP=0.175 pW=0.47 pD=0.07 pL=0.46 vAbs=0.239 pLogitMean=-10.8512 vLogitMean=0.6029 gNorm=0.242 lr=0.00105 ms=3928.0 buf=500000 plies=304869655 games=4600099 rejected=0 skipped=0 epoch=0 mom=0.9491 lrCyc[pk=9.7e-01,tr=9.8e-04] trainerStep=35700
[LAYER-HEALTH] live trainerStep=35700 scope=batch_norm_state_only reluSites=9/10 ch=1040 dead=0 off=7 alwaysOn=0 worst=blocks.2.bn1(dead 0 off 4 on 0) maxBetaOverGamma=+1.88@policy.pre_bn[108] minBetaOverGamma=-2.66@blocks.2.bn1[69] rvMaxOverMedian=105.1@blocks.1.bn1[14] rezero=none nonFinite=0
[REPLAY] step=35750 loss=3.5087 pLoss=2.6912 vLoss=0.8162 pEnt=2.843 pIllM=0.0013 playedP=0.184 pW=0.47 pD=0.07 pL=0.46 vAbs=0.236 pLogitMean=-10.8506 vLogitMean=0.6046 gNorm=0.238 lr=0.00103 ms=2533.2 buf=500000 plies=305296312 games=4606546 rejected=0 skipped=0 epoch=0 mom=0.9494 lrCyc[pk=9.7e-01,tr=9.8e-04] trainerStep=35750
[LAYER-HEALTH] live trainerStep=35750 scope=batch_norm_state_only reluSites=9/10 ch=1040 dead=0 off=7 alwaysOn=0 worst=blocks.2.bn1(dead 0 off 4 on 0) maxBetaOverGamma=+1.88@policy.pre_bn[108] minBetaOverGamma=-2.66@blocks.2.bn1[69] rvMaxOverMedian=105.2@blocks.1.bn1[14] rezero=none nonFinite=0
[REPLAY] step=35800 loss=3.4773 pLoss=2.6786 vLoss=0.7972 pEnt=2.840 pIllM=0.0015 playedP=0.183 pW=0.47 pD=0.07 pL=0.46 vAbs=0.235 pLogitMean=-10.8507 vLogitMean=0.6044 gNorm=0.251 lr=0.00101 ms=4340.1 buf=500000 plies=305723002 games=4612911 rejected=0 skipped=0 epoch=0 mom=0.9496 lrCyc[pk=9.7e-01,tr=9.8e-04] trainerStep=35800
[LAYER-HEALTH] live trainerStep=35800 scope=batch_norm_state_only reluSites=9/10 ch=1040 dead=0 off=7 alwaysOn=0 worst=blocks.2.bn1(dead 0 off 4 on 0) maxBetaOverGamma=+1.88@policy.pre_bn[108] minBetaOverGamma=-2.66@blocks.2.bn1[69] rvMaxOverMedian=105.4@blocks.1.bn1[14] rezero=none nonFinite=0
[REPLAY] step=35850 loss=3.4864 pLoss=2.6794 vLoss=0.8057 pEnt=2.844 pIllM=0.0014 playedP=0.184 pW=0.47 pD=0.07 pL=0.46 vAbs=0.244 pLogitMean=-10.8514 vLogitMean=0.6041 gNorm=0.248 lr=0.000999 ms=3553.7 buf=500000 plies=306149582 games=4619374 rejected=0 skipped=0 epoch=0 mom=0.9498 lrCyc[pk=9.7e-01,tr=9.8e-04] trainerStep=35850
[LAYER-HEALTH] live trainerStep=35850 scope=batch_norm_state_only reluSites=9/10 ch=1040 dead=0 off=7 alwaysOn=0 worst=blocks.2.bn1(dead 0 off 4 on 0) maxBetaOverGamma=+1.88@policy.pre_bn[108] minBetaOverGamma=-2.66@blocks.2.bn1[69] rvMaxOverMedian=105.3@blocks.1.bn1[14] rezero=none nonFinite=0
[REPLAY] step=35900 loss=3.5006 pLoss=2.6960 vLoss=0.8030 pEnt=2.866 pIllM=0.0016 playedP=0.180 pW=0.47 pD=0.07 pL=0.46 vAbs=0.237 pLogitMean=-10.8522 vLogitMean=0.6043 gNorm=0.260 lr=0.000991 ms=3089.3 buf=500000 plies=306576239 games=4625868 rejected=0 skipped=0 epoch=0 mom=0.9499 lrCyc[pk=9.7e-01,tr=9.8e-04] trainerStep=35900
[LAYER-HEALTH] live trainerStep=35900 scope=batch_norm_state_only reluSites=9/10 ch=1040 dead=0 off=7 alwaysOn=0 worst=blocks.2.bn1(dead 0 off 4 on 0) maxBetaOverGamma=+1.88@policy.pre_bn[108] minBetaOverGamma=-2.66@blocks.2.bn1[69] rvMaxOverMedian=105.3@blocks.1.bn1[14] rezero=none nonFinite=0
[REPLAY] step=35950 loss=3.5085 pLoss=2.7061 vLoss=0.8009 pEnt=2.859 pIllM=0.0015 playedP=0.178 pW=0.47 pD=0.07 pL=0.47 vAbs=0.235 pLogitMean=-10.8523 vLogitMean=0.6043 gNorm=0.243 lr=0.000986 ms=3265.8 buf=500000 plies=307002906 games=4632298 rejected=0 skipped=0 epoch=0 mom=0.9500 lrCyc[pk=9.7e-01,tr=9.8e-04] trainerStep=35950
[LAYER-HEALTH] live trainerStep=35950 scope=batch_norm_state_only reluSites=9/10 ch=1040 dead=0 off=7 alwaysOn=0 worst=blocks.2.bn1(dead 0 off 4 on 0) maxBetaOverGamma=+1.88@policy.pre_bn[108] minBetaOverGamma=-2.66@blocks.2.bn1[69] rvMaxOverMedian=105.4@blocks.1.bn1[14] rezero=none nonFinite=0
[REPLAY] step=36000 loss=3.4895 pLoss=2.6868 vLoss=0.8013 pEnt=2.850 pIllM=0.0015 playedP=0.181 pW=0.47 pD=0.06 pL=0.46 vAbs=0.239 pLogitMean=-10.8514 vLogitMean=0.6068 gNorm=0.243 lr=0.000984 ms=4134.8 buf=500000 plies=307429526 games=4638717 rejected=0 skipped=0 epoch=0 mom=0.9500 lrCyc[pk=9.7e-01,tr=9.8e-04] trainerStep=36000
[LAYER-HEALTH] live trainerStep=36000 scope=batch_norm_state_only reluSites=9/10 ch=1040 dead=0 off=7 alwaysOn=0 worst=blocks.2.bn1(dead 0 off 4 on 0) maxBetaOverGamma=+1.88@policy.pre_bn[108] minBetaOverGamma=-2.66@blocks.2.bn1[69] rvMaxOverMedian=105.3@blocks.1.bn1[14] rezero=none nonFinite=0
[REPLAY] saved trainer model (autosave) step=36000 trainerStep=36000 nextGame=4638717 shard=10 epoch=0 -> 20261005-lrBleakyall-cyc1-replay-latest.safetensors
[LAYER-HEALTH] checkpoint replay-autosave step=36000 trainerStep=36000 scope=all_tensors reluSites=9/10 ch=1040 dead=0 off=7 alwaysOn=0 worst=blocks.2.bn1(dead 0 off 4 on 0) maxBetaOverGamma=+1.88@policy.pre_bn[108] minBetaOverGamma=-2.66@blocks.2.bn1[69] rvMaxOverMedian=105.3@blocks.1.bn1[14] rezero=none nonFinite=0 seZeroVel=none valueFC1ZeroVel=0/128 maxAbs=15.06@blocks.1.bn1.running_var
[LAYER-HEALTH]   batch-norm sites — β/|γ|: dead < -3.00, mostly off < -2.00, always on > +3.00; classified for relu/leaky_relu only
[LAYER-HEALTH]     site            act            ch   dead    off     on  zeroγ nonfin  min β/|γ| [ch]     max β/|γ| [ch]     rv max/median [ch]
[LAYER-HEALTH]     stem.bn         -             128    n/a    n/a    n/a      0      0     -2.93 [69]         +0.52 [34]            4.2 [88]
[LAYER-HEALTH]     blocks.0.bn1    leaky_relu    128      0      0      0      0      0     -1.04 [47]         +0.55 [64]            7.5 [76]
[LAYER-HEALTH]     blocks.0.bn2    leaky_relu    128      0      0      0      0      0     -1.56 [44]         +0.06 [49]            4.2 [96]
[LAYER-HEALTH]     blocks.1.bn1    leaky_relu    128      0      0      0      0      0     -1.69 [11]         -0.30 [12]          105.3 [14]
[LAYER-HEALTH]     blocks.1.bn2    leaky_relu    128      0      1      0      0      0     -2.22 [80]         -0.58 [60]            7.2 [32]
[LAYER-HEALTH]     blocks.2.bn1    leaky_relu    128      0      4      0      0      0     -2.66 [69]         +1.17 [31]           42.8 [31]
[LAYER-HEALTH]     blocks.2.bn2    leaky_relu    128      0      0      0      0      0     -1.95 [85]         -0.26 [46]            3.1 [103]
[LAYER-HEALTH]     tower_final_bn  leaky_relu    128      0      0      0      0      0     -0.79 [16]         +1.76 [55]            8.0 [31]
[LAYER-HEALTH]     policy.pre_bn   leaky_relu    128      0      0      0      0      0     -1.58 [7]          +1.88 [108]           3.2 [110]
[LAYER-HEALTH]     value.bn        leaky_relu     16      0      2      0      0      0     -2.31 [4]          -0.47 [1]             2.3 [13]
[LAYER-HEALTH]   FC hidden-unit velocity — zero: every weight-velocity entry exactly 0; low: nonzero but < 5% of the layer's p90 unit norm
[LAYER-HEALTH]     value.fc1.weight  leaky_relu  units 128  zero 0  low 18  median unit norm 0.006074
[LAYER-HEALTH]     (no SE blocks)
[LAYER-HEALTH]   ReZero: none
[LAYER-HEALTH]   non-finite: 0 values in 0 of 102 tensors (10263038 values examined)
[LAYER-HEALTH]   largest |value|: blocks.1.bn1.running_var 15.06, blocks.0.bn2.running_var 8.58, blocks.2.bn1.running_var 7.231, policy.conv.bias 5.848, policy.pre_bn.bias 5.066
[REPLAY] enumerated checkpoint -> 20261005-lrBleakyall-cyc1-replay-step36000.safetensors
[REPLAY] step=36050 loss=3.4769 pLoss=2.6758 vLoss=0.7997 pEnt=2.852 pIllM=0.0013 playedP=0.181 pW=0.47 pD=0.07 pL=0.46 vAbs=0.241 pLogitMean=-10.8530 vLogitMean=0.6045 gNorm=0.254 lr=0.000986 ms=2695.9 buf=500000 plies=307856217 games=4645197 rejected=0 skipped=0 epoch=0 mom=0.9500 lrCyc[pk=9.7e-01,tr=9.8e-04] trainerStep=36050
[LAYER-HEALTH] live trainerStep=36050 scope=batch_norm_state_only reluSites=9/10 ch=1040 dead=0 off=7 alwaysOn=0 worst=blocks.2.bn1(dead 0 off 4 on 0) maxBetaOverGamma=+1.88@policy.pre_bn[108] minBetaOverGamma=-2.66@blocks.2.bn1[69] rvMaxOverMedian=105.3@blocks.1.bn1[14] rezero=none nonFinite=0
[REPLAY] step=36100 loss=3.5146 pLoss=2.6931 vLoss=0.8199 pEnt=2.840 pIllM=0.0016 playedP=0.184 pW=0.47 pD=0.07 pL=0.46 vAbs=0.237 pLogitMean=-10.8506 vLogitMean=0.6033 gNorm=0.236 lr=0.000991 ms=2870.3 buf=500000 plies=308282908 games=4651655 rejected=0 skipped=0 epoch=0 mom=0.9499 lrCyc[pk=9.7e-01,tr=9.8e-04] trainerStep=36100
[LAYER-HEALTH] live trainerStep=36100 scope=batch_norm_state_only reluSites=9/10 ch=1040 dead=0 off=7 alwaysOn=0 worst=blocks.2.bn1(dead 0 off 4 on 0) maxBetaOverGamma=+1.88@policy.pre_bn[108] minBetaOverGamma=-2.66@blocks.2.bn1[69] rvMaxOverMedian=105.3@blocks.1.bn1[14] rezero=none nonFinite=0
[REPLAY] step=36150 loss=3.5065 pLoss=2.7064 vLoss=0.7988 pEnt=2.852 pIllM=0.0013 playedP=0.182 pW=0.47 pD=0.07 pL=0.46 vAbs=0.228 pLogitMean=-10.8527 vLogitMean=0.6033 gNorm=0.243 lr=0.000999 ms=3514.9 buf=500000 plies=308709475 games=4658116 rejected=0 skipped=0 epoch=0 mom=0.9498 lrCyc[pk=9.7e-01,tr=9.8e-04] trainerStep=36150
[LAYER-HEALTH] live trainerStep=36150 scope=batch_norm_state_only reluSites=9/10 ch=1040 dead=0 off=7 alwaysOn=0 worst=blocks.2.bn1(dead 0 off 4 on 0) maxBetaOverGamma=+1.88@policy.pre_bn[108] minBetaOverGamma=-2.66@blocks.2.bn1[69] rvMaxOverMedian=105.3@blocks.1.bn1[14] rezero=none nonFinite=0
[REPLAY] step=36200 loss=3.5123 pLoss=2.7053 vLoss=0.8057 pEnt=2.854 pIllM=0.0013 playedP=0.179 pW=0.47 pD=0.07 pL=0.46 vAbs=0.238 pLogitMean=-10.8530 vLogitMean=0.6032 gNorm=0.244 lr=0.00101 ms=3014.6 buf=500000 plies=309136162 games=4664577 rejected=0 skipped=0 epoch=0 mom=0.9496 lrCyc[pk=9.7e-01,tr=9.8e-04] trainerStep=36200
[LAYER-HEALTH] live trainerStep=36200 scope=batch_norm_state_only reluSites=9/10 ch=1040 dead=0 off=7 alwaysOn=0 worst=blocks.2.bn1(dead 0 off 4 on 0) maxBetaOverGamma=+1.88@policy.pre_bn[108] minBetaOverGamma=-2.66@blocks.2.bn1[69] rvMaxOverMedian=105.4@blocks.1.bn1[14] rezero=none nonFinite=0
[REPLAY] step=36250 loss=3.4996 pLoss=2.6928 vLoss=0.8054 pEnt=2.839 pIllM=0.0015 playedP=0.181 pW=0.47 pD=0.07 pL=0.47 vAbs=0.240 pLogitMean=-10.8533 vLogitMean=0.6031 gNorm=0.248 lr=0.00103 ms=2735.7 buf=500000 plies=309562796 games=4671055 rejected=0 skipped=0 epoch=0 mom=0.9494 lrCyc[pk=9.7e-01,tr=9.8e-04] trainerStep=36250
[LAYER-HEALTH] live trainerStep=36250 scope=batch_norm_state_only reluSites=9/10 ch=1040 dead=0 off=7 alwaysOn=0 worst=blocks.2.bn1(dead 0 off 4 on 0) maxBetaOverGamma=+1.88@policy.pre_bn[108] minBetaOverGamma=-2.66@blocks.2.bn1[69] rvMaxOverMedian=105.3@blocks.1.bn1[14] rezero=none nonFinite=0
[REPLAY] step=36300 loss=3.5037 pLoss=2.7093 vLoss=0.7931 pEnt=2.857 pIllM=0.0013 playedP=0.178 pW=0.47 pD=0.07 pL=0.46 vAbs=0.242 pLogitMean=-10.8537 vLogitMean=0.6053 gNorm=0.244 lr=0.00105 ms=3422.4 buf=500000 plies=309989451 games=4677556 rejected=0 skipped=0 epoch=0 mom=0.9491 lrCyc[pk=9.7e-01,tr=9.8e-04] trainerStep=36300
[LAYER-HEALTH] live trainerStep=36300 scope=batch_norm_state_only reluSites=9/10 ch=1040 dead=0 off=7 alwaysOn=0 worst=blocks.2.bn1(dead 0 off 4 on 0) maxBetaOverGamma=+1.88@policy.pre_bn[108] minBetaOverGamma=-2.66@blocks.2.bn1[69] rvMaxOverMedian=105.4@blocks.1.bn1[14] rezero=none nonFinite=0
[REPLAY] step=36350 loss=3.5387 pLoss=2.7179 vLoss=0.8193 pEnt=2.849 pIllM=0.0015 playedP=0.180 pW=0.47 pD=0.07 pL=0.46 vAbs=0.235 pLogitMean=-10.8537 vLogitMean=0.6030 gNorm=0.240 lr=0.00107 ms=2955.7 buf=500000 plies=310416090 games=4684015 rejected=0 skipped=0 epoch=0 mom=0.9488 lrCyc[pk=9.7e-01,tr=9.8e-04] trainerStep=36350
[LAYER-HEALTH] live trainerStep=36350 scope=batch_norm_state_only reluSites=9/10 ch=1040 dead=0 off=7 alwaysOn=0 worst=blocks.2.bn1(dead 0 off 4 on 0) maxBetaOverGamma=+1.88@policy.pre_bn[108] minBetaOverGamma=-2.66@blocks.2.bn1[69] rvMaxOverMedian=105.4@blocks.1.bn1[14] rezero=none nonFinite=0
[REPLAY] step=36400 loss=3.4819 pLoss=2.6768 vLoss=0.8035 pEnt=2.853 pIllM=0.0015 playedP=0.181 pW=0.47 pD=0.07 pL=0.46 vAbs=0.234 pLogitMean=-10.8540 vLogitMean=0.6044 gNorm=0.253 lr=0.0011 ms=2561.0 buf=500000 plies=310842733 games=4690449 rejected=0 skipped=0 epoch=0 mom=0.9484 lrCyc[pk=9.7e-01,tr=9.8e-04] trainerStep=36400
[LAYER-HEALTH] live trainerStep=36400 scope=batch_norm_state_only reluSites=9/10 ch=1040 dead=0 off=7 alwaysOn=0 worst=blocks.2.bn1(dead 0 off 4 on 0) maxBetaOverGamma=+1.88@policy.pre_bn[108] minBetaOverGamma=-2.66@blocks.2.bn1[69] rvMaxOverMedian=105.3@blocks.1.bn1[14] rezero=none nonFinite=0
[REPLAY] step=36450 loss=3.5005 pLoss=2.6984 vLoss=0.8005 pEnt=2.854 pIllM=0.0015 playedP=0.179 pW=0.47 pD=0.07 pL=0.46 vAbs=0.245 pLogitMean=-10.8555 vLogitMean=0.6043 gNorm=0.248 lr=0.00113 ms=3211.3 buf=500000 plies=311269433 games=4696900 rejected=0 skipped=0 epoch=0 mom=0.9480 lrCyc[pk=9.7e-01,tr=9.8e-04] trainerStep=36450
[LAYER-HEALTH] live trainerStep=36450 scope=batch_norm_state_only reluSites=9/10 ch=1040 dead=0 off=7 alwaysOn=0 worst=blocks.2.bn1(dead 0 off 4 on 0) maxBetaOverGamma=+1.88@policy.pre_bn[108] minBetaOverGamma=-2.66@blocks.2.bn1[69] rvMaxOverMedian=105.2@blocks.1.bn1[14] rezero=none nonFinite=0
[REPLAY] step=36500 loss=3.5160 pLoss=2.7140 vLoss=0.8006 pEnt=2.856 pIllM=0.0014 playedP=0.180 pW=0.47 pD=0.07 pL=0.46 vAbs=0.243 pLogitMean=-10.8552 vLogitMean=0.6029 gNorm=0.235 lr=0.00116 ms=2854.5 buf=500000 plies=311696032 games=4703377 rejected=0 skipped=0 epoch=0 mom=0.9476 lrCyc[pk=9.7e-01,tr=9.8e-04] trainerStep=36500
[LAYER-HEALTH] live trainerStep=36500 scope=batch_norm_state_only reluSites=9/10 ch=1040 dead=0 off=7 alwaysOn=0 worst=blocks.2.bn1(dead 0 off 4 on 0) maxBetaOverGamma=+1.88@policy.pre_bn[108] minBetaOverGamma=-2.66@blocks.2.bn1[69] rvMaxOverMedian=105.4@blocks.1.bn1[14] rezero=none nonFinite=0
[REPLAY] step=36550 loss=3.4835 pLoss=2.6828 vLoss=0.7993 pEnt=2.846 pIllM=0.0014 playedP=0.181 pW=0.47 pD=0.07 pL=0.46 vAbs=0.250 pLogitMean=-10.8529 vLogitMean=0.6070 gNorm=0.236 lr=0.00121 ms=3549.4 buf=500000 plies=312122681 games=4709770 rejected=0 skipped=0 epoch=0 mom=0.9470 lrCyc[pk=9.7e-01,tr=9.8e-04] trainerStep=36550
[LAYER-HEALTH] live trainerStep=36550 scope=batch_norm_state_only reluSites=9/10 ch=1040 dead=0 off=7 alwaysOn=0 worst=blocks.2.bn1(dead 0 off 4 on 0) maxBetaOverGamma=+1.88@policy.pre_bn[108] minBetaOverGamma=-2.66@blocks.2.bn1[69] rvMaxOverMedian=105.3@blocks.1.bn1[14] rezero=none nonFinite=0
[REPLAY] step=36600 loss=3.4938 pLoss=2.6763 vLoss=0.8158 pEnt=2.849 pIllM=0.0017 playedP=0.180 pW=0.47 pD=0.07 pL=0.46 vAbs=0.240 pLogitMean=-10.8543 vLogitMean=0.6042 gNorm=0.250 lr=0.00125 ms=4090.2 buf=500000 plies=312549323 games=4716143 rejected=0 skipped=0 epoch=0 mom=0.9465 lrCyc[pk=9.7e-01,tr=9.8e-04] trainerStep=36600
[LAYER-HEALTH] live trainerStep=36600 scope=batch_norm_state_only reluSites=9/10 ch=1040 dead=0 off=7 alwaysOn=0 worst=blocks.2.bn1(dead 0 off 4 on 0) maxBetaOverGamma=+1.88@policy.pre_bn[108] minBetaOverGamma=-2.66@blocks.2.bn1[69] rvMaxOverMedian=105.3@blocks.1.bn1[14] rezero=none nonFinite=0
[REPLAY] step=36650 loss=3.5280 pLoss=2.7141 vLoss=0.8126 pEnt=2.879 pIllM=0.0013 playedP=0.175 pW=0.47 pD=0.07 pL=0.46 vAbs=0.238 pLogitMean=-10.8565 vLogitMean=0.6055 gNorm=0.245 lr=0.00131 ms=2752.8 buf=500000 plies=312976089 games=4722555 rejected=0 skipped=0 epoch=0 mom=0.9459 lrCyc[pk=9.7e-01,tr=9.8e-04] trainerStep=36650
[LAYER-HEALTH] live trainerStep=36650 scope=batch_norm_state_only reluSites=9/10 ch=1040 dead=0 off=7 alwaysOn=0 worst=blocks.2.bn1(dead 0 off 4 on 0) maxBetaOverGamma=+1.88@policy.pre_bn[108] minBetaOverGamma=-2.66@blocks.2.bn1[69] rvMaxOverMedian=105.4@blocks.1.bn1[14] rezero=none nonFinite=0
[REPLAY] step=36700 loss=3.4838 pLoss=2.6823 vLoss=0.8001 pEnt=2.856 pIllM=0.0015 playedP=0.181 pW=0.47 pD=0.07 pL=0.46 vAbs=0.234 pLogitMean=-10.8560 vLogitMean=0.6057 gNorm=0.249 lr=0.00137 ms=2905.5 buf=500000 plies=313402687 games=4728952 rejected=0 skipped=0 epoch=0 mom=0.9452 lrCyc[pk=9.7e-01,tr=9.8e-04] trainerStep=36700
[LAYER-HEALTH] live trainerStep=36700 scope=batch_norm_state_only reluSites=9/10 ch=1040 dead=0 off=7 alwaysOn=0 worst=blocks.2.bn1(dead 0 off 4 on 0) maxBetaOverGamma=+1.88@policy.pre_bn[108] minBetaOverGamma=-2.66@blocks.2.bn1[69] rvMaxOverMedian=105.5@blocks.1.bn1[14] rezero=none nonFinite=0
[REPLAY] step=36750 loss=3.4777 pLoss=2.6737 vLoss=0.8027 pEnt=2.852 pIllM=0.0013 playedP=0.179 pW=0.47 pD=0.07 pL=0.46 vAbs=0.235 pLogitMean=-10.8546 vLogitMean=0.6045 gNorm=0.246 lr=0.00143 ms=3071.8 buf=500000 plies=313829271 games=4735408 rejected=0 skipped=0 epoch=0 mom=0.9446 lrCyc[pk=9.7e-01,tr=9.8e-04] trainerStep=36750
[LAYER-HEALTH] live trainerStep=36750 scope=batch_norm_state_only reluSites=9/10 ch=1040 dead=0 off=7 alwaysOn=0 worst=blocks.2.bn1(dead 0 off 4 on 0) maxBetaOverGamma=+1.88@policy.pre_bn[108] minBetaOverGamma=-2.66@blocks.2.bn1[69] rvMaxOverMedian=105.4@blocks.1.bn1[14] rezero=none nonFinite=0
[REPLAY] step=36800 loss=3.4964 pLoss=2.6948 vLoss=0.8003 pEnt=2.852 pIllM=0.0013 playedP=0.178 pW=0.47 pD=0.07 pL=0.46 vAbs=0.233 pLogitMean=-10.8551 vLogitMean=0.6044 gNorm=0.251 lr=0.00151 ms=3281.2 buf=500000 plies=314255968 games=4741848 rejected=0 skipped=0 epoch=0 mom=0.9438 lrCyc[pk=9.7e-01,tr=9.8e-04] trainerStep=36800
[LAYER-HEALTH] live trainerStep=36800 scope=batch_norm_state_only reluSites=9/10 ch=1040 dead=0 off=7 alwaysOn=0 worst=blocks.2.bn1(dead 0 off 4 on 0) maxBetaOverGamma=+1.88@policy.pre_bn[108] minBetaOverGamma=-2.66@blocks.2.bn1[69] rvMaxOverMedian=105.3@blocks.1.bn1[14] rezero=none nonFinite=0
[REPLAY] step=36850 loss=3.4983 pLoss=2.6855 vLoss=0.8116 pEnt=2.874 pIllM=0.0013 playedP=0.180 pW=0.47 pD=0.07 pL=0.46 vAbs=0.245 pLogitMean=-10.8543 vLogitMean=0.6030 gNorm=0.242 lr=0.00159 ms=3566.3 buf=500000 plies=314682579 games=4748284 rejected=0 skipped=0 epoch=0 mom=0.9430 lrCyc[pk=9.7e-01,tr=9.8e-04] trainerStep=36850
[LAYER-HEALTH] live trainerStep=36850 scope=batch_norm_state_only reluSites=9/10 ch=1040 dead=0 off=7 alwaysOn=0 worst=blocks.2.bn1(dead 0 off 4 on 0) maxBetaOverGamma=+1.88@policy.pre_bn[108] minBetaOverGamma=-2.66@blocks.2.bn1[69] rvMaxOverMedian=105.0@blocks.1.bn1[14] rezero=none nonFinite=0
[REPLAY] step=36900 loss=3.4897 pLoss=2.6779 vLoss=0.8103 pEnt=2.852 pIllM=0.0014 playedP=0.180 pW=0.47 pD=0.07 pL=0.46 vAbs=0.241 pLogitMean=-10.8549 vLogitMean=0.6031 gNorm=0.244 lr=0.00168 ms=2319.2 buf=500000 plies=315109268 games=4754735 rejected=0 skipped=0 epoch=0 mom=0.9422 lrCyc[pk=9.7e-01,tr=9.8e-04] trainerStep=36900
[LAYER-HEALTH] live trainerStep=36900 scope=batch_norm_state_only reluSites=9/10 ch=1040 dead=0 off=7 alwaysOn=0 worst=blocks.2.bn1(dead 0 off 4 on 0) maxBetaOverGamma=+1.88@policy.pre_bn[108] minBetaOverGamma=-2.66@blocks.2.bn1[69] rvMaxOverMedian=105.0@blocks.1.bn1[14] rezero=none nonFinite=0
[REPLAY] step=36950 loss=3.5005 pLoss=2.6811 vLoss=0.8181 pEnt=2.847 pIllM=0.0014 playedP=0.184 pW=0.47 pD=0.07 pL=0.46 vAbs=0.238 pLogitMean=-10.8536 vLogitMean=0.6046 gNorm=0.255 lr=0.00178 ms=1994.1 buf=500000 plies=315535873 games=4761099 rejected=0 skipped=0 epoch=0 mom=0.9414 lrCyc[pk=9.7e-01,tr=9.8e-04] trainerStep=36950
[LAYER-HEALTH] live trainerStep=36950 scope=batch_norm_state_only reluSites=9/10 ch=1040 dead=0 off=7 alwaysOn=0 worst=blocks.2.bn1(dead 0 off 4 on 0) maxBetaOverGamma=+1.88@policy.pre_bn[108] minBetaOverGamma=-2.66@blocks.2.bn1[69] rvMaxOverMedian=104.8@blocks.1.bn1[14] rezero=none nonFinite=0
[REPLAY] step=37000 loss=3.5208 pLoss=2.7118 vLoss=0.8076 pEnt=2.863 pIllM=0.0014 playedP=0.178 pW=0.47 pD=0.07 pL=0.46 vAbs=0.235 pLogitMean=-10.8550 vLogitMean=0.6054 gNorm=0.244 lr=0.0019 ms=3215.2 buf=500000 plies=315962569 games=4767621 rejected=0 skipped=0 epoch=0 mom=0.9405 lrCyc[pk=9.7e-01,tr=9.8e-04] trainerStep=37000
[LAYER-HEALTH] live trainerStep=37000 scope=batch_norm_state_only reluSites=9/10 ch=1040 dead=0 off=7 alwaysOn=0 worst=blocks.2.bn1(dead 0 off 4 on 0) maxBetaOverGamma=+1.88@policy.pre_bn[108] minBetaOverGamma=-2.66@blocks.2.bn1[69] rvMaxOverMedian=104.7@blocks.1.bn1[14] rezero=none nonFinite=0
[REPLAY] saved trainer model (autosave) step=37000 trainerStep=37000 nextGame=4767621 shard=10 epoch=0 -> 20261005-lrBleakyall-cyc1-replay-latest.safetensors
[LAYER-HEALTH] checkpoint replay-autosave step=37000 trainerStep=37000 scope=all_tensors reluSites=9/10 ch=1040 dead=0 off=7 alwaysOn=0 worst=blocks.2.bn1(dead 0 off 4 on 0) maxBetaOverGamma=+1.88@policy.pre_bn[108] minBetaOverGamma=-2.66@blocks.2.bn1[69] rvMaxOverMedian=104.7@blocks.1.bn1[14] rezero=none nonFinite=0 seZeroVel=none valueFC1ZeroVel=0/128 maxAbs=15.02@blocks.1.bn1.running_var
[LAYER-HEALTH]   batch-norm sites — β/|γ|: dead < -3.00, mostly off < -2.00, always on > +3.00; classified for relu/leaky_relu only
[LAYER-HEALTH]     site            act            ch   dead    off     on  zeroγ nonfin  min β/|γ| [ch]     max β/|γ| [ch]     rv max/median [ch]
[LAYER-HEALTH]     stem.bn         -             128    n/a    n/a    n/a      0      0     -2.93 [69]         +0.52 [34]            4.3 [88]
[LAYER-HEALTH]     blocks.0.bn1    leaky_relu    128      0      0      0      0      0     -1.04 [47]         +0.55 [64]            7.5 [76]
[LAYER-HEALTH]     blocks.0.bn2    leaky_relu    128      0      0      0      0      0     -1.56 [44]         +0.07 [49]            4.3 [96]
[LAYER-HEALTH]     blocks.1.bn1    leaky_relu    128      0      0      0      0      0     -1.70 [11]         -0.30 [12]          104.7 [14]
[LAYER-HEALTH]     blocks.1.bn2    leaky_relu    128      0      1      0      0      0     -2.23 [80]         -0.58 [60]            7.1 [32]
[LAYER-HEALTH]     blocks.2.bn1    leaky_relu    128      0      4      0      0      0     -2.66 [69]         +1.18 [31]           42.3 [31]
[LAYER-HEALTH]     blocks.2.bn2    leaky_relu    128      0      0      0      0      0     -1.95 [85]         -0.26 [46]            3.1 [103]
[LAYER-HEALTH]     tower_final_bn  leaky_relu    128      0      0      0      0      0     -0.79 [16]         +1.76 [55]            7.9 [31]
[LAYER-HEALTH]     policy.pre_bn   leaky_relu    128      0      0      0      0      0     -1.58 [7]          +1.88 [108]           3.2 [110]
[LAYER-HEALTH]     value.bn        leaky_relu     16      0      2      0      0      0     -2.31 [4]          -0.48 [1]             2.3 [13]
[LAYER-HEALTH]   FC hidden-unit velocity — zero: every weight-velocity entry exactly 0; low: nonzero but < 5% of the layer's p90 unit norm
[LAYER-HEALTH]     value.fc1.weight  leaky_relu  units 128  zero 0  low 16  median unit norm 0.006111
[LAYER-HEALTH]     (no SE blocks)
[LAYER-HEALTH]   ReZero: none
[LAYER-HEALTH]   non-finite: 0 values in 0 of 102 tensors (10263038 values examined)
[LAYER-HEALTH]   largest |value|: blocks.1.bn1.running_var 15.02, blocks.0.bn2.running_var 8.626, blocks.2.bn1.running_var 7.179, policy.conv.bias 5.85, policy.pre_bn.bias 5.067
[REPLAY] enumerated checkpoint -> 20261005-lrBleakyall-cyc1-replay-step37000.safetensors
[REPLAY] step=37050 loss=3.4589 pLoss=2.6540 vLoss=0.8035 pEnt=2.840 pIllM=0.0015 playedP=0.182 pW=0.47 pD=0.07 pL=0.46 vAbs=0.243 pLogitMean=-10.8560 vLogitMean=0.6041 gNorm=0.239 lr=0.00203 ms=3064.9 buf=500000 plies=316389216 games=4774049 rejected=0 skipped=0 epoch=0 mom=0.9395 lrCyc[pk=9.7e-01,tr=9.8e-04] trainerStep=37050
[LAYER-HEALTH] live trainerStep=37050 scope=batch_norm_state_only reluSites=9/10 ch=1040 dead=0 off=7 alwaysOn=0 worst=blocks.2.bn1(dead 0 off 4 on 0) maxBetaOverGamma=+1.88@policy.pre_bn[108] minBetaOverGamma=-2.66@blocks.2.bn1[69] rvMaxOverMedian=104.8@blocks.1.bn1[14] rezero=none nonFinite=0
[REPLAY] step=37100 loss=3.4736 pLoss=2.6820 vLoss=0.7899 pEnt=2.850 pIllM=0.0017 playedP=0.181 pW=0.47 pD=0.06 pL=0.47 vAbs=0.247 pLogitMean=-10.8540 vLogitMean=0.6054 gNorm=0.228 lr=0.00217 ms=3586.8 buf=500000 plies=316815826 games=4780528 rejected=0 skipped=0 epoch=0 mom=0.9385 lrCyc[pk=9.7e-01,tr=9.8e-04] trainerStep=37100
[LAYER-HEALTH] live trainerStep=37100 scope=batch_norm_state_only reluSites=9/10 ch=1040 dead=0 off=7 alwaysOn=0 worst=blocks.2.bn1(dead 0 off 4 on 0) maxBetaOverGamma=+1.88@policy.pre_bn[108] minBetaOverGamma=-2.66@blocks.2.bn1[69] rvMaxOverMedian=105.0@blocks.1.bn1[14] rezero=none nonFinite=0
[REPLAY] step=37150 loss=3.5076 pLoss=2.6916 vLoss=0.8141 pEnt=2.854 pIllM=0.0018 playedP=0.179 pW=0.47 pD=0.06 pL=0.47 vAbs=0.246 pLogitMean=-10.8551 vLogitMean=0.6045 gNorm=0.238 lr=0.00233 ms=3737.8 buf=500000 plies=317242481 games=4786955 rejected=0 skipped=0 epoch=0 mom=0.9375 lrCyc[pk=9.7e-01,tr=9.8e-04] trainerStep=37150
[LAYER-HEALTH] live trainerStep=37150 scope=batch_norm_state_only reluSites=9/10 ch=1040 dead=0 off=7 alwaysOn=0 worst=blocks.2.bn1(dead 0 off 4 on 0) maxBetaOverGamma=+1.88@policy.pre_bn[108] minBetaOverGamma=-2.66@blocks.2.bn1[69] rvMaxOverMedian=105.0@blocks.1.bn1[14] rezero=none nonFinite=0
[REPLAY] step=37200 loss=3.5162 pLoss=2.7046 vLoss=0.8101 pEnt=2.846 pIllM=0.0015 playedP=0.182 pW=0.47 pD=0.07 pL=0.46 vAbs=0.239 pLogitMean=-10.8553 vLogitMean=0.6044 gNorm=0.249 lr=0.0025 ms=2225.9 buf=500000 plies=317669203 games=4793370 rejected=0 skipped=0 epoch=0 mom=0.9365 lrCyc[pk=9.7e-01,tr=9.8e-04] trainerStep=37200
[LAYER-HEALTH] live trainerStep=37200 scope=batch_norm_state_only reluSites=9/10 ch=1040 dead=0 off=7 alwaysOn=0 worst=blocks.2.bn1(dead 0 off 4 on 0) maxBetaOverGamma=+1.88@policy.pre_bn[108] minBetaOverGamma=-2.66@blocks.2.bn1[69] rvMaxOverMedian=104.7@blocks.1.bn1[14] rezero=none nonFinite=0
[REPLAY] step=37250 loss=3.4816 pLoss=2.6846 vLoss=0.7956 pEnt=2.832 pIllM=0.0014 playedP=0.186 pW=0.47 pD=0.07 pL=0.46 vAbs=0.234 pLogitMean=-10.8548 vLogitMean=0.6044 gNorm=0.237 lr=0.0027 ms=2559.0 buf=500000 plies=318095841 games=4799809 rejected=0 skipped=0 epoch=0 mom=0.9354 lrCyc[pk=9.7e-01,tr=9.8e-04] trainerStep=37250
[LAYER-HEALTH] live trainerStep=37250 scope=batch_norm_state_only reluSites=9/10 ch=1040 dead=0 off=7 alwaysOn=0 worst=blocks.2.bn1(dead 0 off 4 on 0) maxBetaOverGamma=+1.88@policy.pre_bn[108] minBetaOverGamma=-2.66@blocks.2.bn1[69] rvMaxOverMedian=104.6@blocks.1.bn1[14] rezero=none nonFinite=0
[REPLAY] step=37300 loss=3.5163 pLoss=2.7058 vLoss=0.8089 pEnt=2.861 pIllM=0.0016 playedP=0.177 pW=0.47 pD=0.07 pL=0.46 vAbs=0.236 pLogitMean=-10.8584 vLogitMean=0.6045 gNorm=0.249 lr=0.00292 ms=3830.5 buf=500000 plies=318522426 games=4806259 rejected=0 skipped=0 epoch=0 mom=0.9343 lrCyc[pk=9.7e-01,tr=9.8e-04] trainerStep=37300
[LAYER-HEALTH] live trainerStep=37300 scope=batch_norm_state_only reluSites=9/10 ch=1040 dead=0 off=7 alwaysOn=0 worst=blocks.2.bn1(dead 0 off 4 on 0) maxBetaOverGamma=+1.88@policy.pre_bn[108] minBetaOverGamma=-2.66@blocks.2.bn1[69] rvMaxOverMedian=104.7@blocks.1.bn1[14] rezero=none nonFinite=0
[REPLAY] step=37350 loss=3.5286 pLoss=2.7240 vLoss=0.8033 pEnt=2.881 pIllM=0.0013 playedP=0.173 pW=0.47 pD=0.07 pL=0.46 vAbs=0.236 pLogitMean=-10.8583 vLogitMean=0.6043 gNorm=0.243 lr=0.00316 ms=2799.7 buf=500000 plies=318949099 games=4812596 rejected=0 skipped=0 epoch=0 mom=0.9331 lrCyc[pk=9.7e-01,tr=9.8e-04] trainerStep=37350
[LAYER-HEALTH] live trainerStep=37350 scope=batch_norm_state_only reluSites=9/10 ch=1040 dead=0 off=7 alwaysOn=0 worst=blocks.2.bn1(dead 0 off 4 on 0) maxBetaOverGamma=+1.88@policy.pre_bn[108] minBetaOverGamma=-2.66@blocks.2.bn1[69] rvMaxOverMedian=104.6@blocks.1.bn1[14] rezero=none nonFinite=0
[REPLAY] step=37400 loss=3.5369 pLoss=2.7182 vLoss=0.8173 pEnt=2.864 pIllM=0.0014 playedP=0.177 pW=0.47 pD=0.07 pL=0.46 vAbs=0.232 pLogitMean=-10.8583 vLogitMean=0.6055 gNorm=0.246 lr=0.00343 ms=3878.9 buf=500000 plies=319375734 games=4819068 rejected=0 skipped=0 epoch=0 mom=0.9319 lrCyc[pk=9.7e-01,tr=9.8e-04] trainerStep=37400
[LAYER-HEALTH] live trainerStep=37400 scope=batch_norm_state_only reluSites=9/10 ch=1040 dead=0 off=7 alwaysOn=0 worst=blocks.2.bn1(dead 0 off 4 on 0) maxBetaOverGamma=+1.88@policy.pre_bn[108] minBetaOverGamma=-2.66@blocks.2.bn1[69] rvMaxOverMedian=104.6@blocks.1.bn1[14] rezero=none nonFinite=0
[REPLAY] step=37450 loss=3.5317 pLoss=2.7003 vLoss=0.8301 pEnt=2.847 pIllM=0.0013 playedP=0.179 pW=0.47 pD=0.07 pL=0.46 vAbs=0.225 pLogitMean=-10.8583 vLogitMean=0.6029 gNorm=0.238 lr=0.00373 ms=3070.7 buf=500000 plies=319802408 games=4825436 rejected=0 skipped=0 epoch=0 mom=0.9307 lrCyc[pk=9.7e-01,tr=9.8e-04] trainerStep=37450
[LAYER-HEALTH] live trainerStep=37450 scope=batch_norm_state_only reluSites=9/10 ch=1040 dead=0 off=7 alwaysOn=0 worst=blocks.2.bn1(dead 0 off 4 on 0) maxBetaOverGamma=+1.88@policy.pre_bn[108] minBetaOverGamma=-2.66@blocks.2.bn1[69] rvMaxOverMedian=104.4@blocks.1.bn1[14] rezero=none nonFinite=0
[REPLAY] step=37500 loss=3.5531 pLoss=2.7421 vLoss=0.8097 pEnt=2.853 pIllM=0.0013 playedP=0.179 pW=0.47 pD=0.07 pL=0.46 vAbs=0.233 pLogitMean=-10.8592 vLogitMean=0.6066 gNorm=0.260 lr=0.00407 ms=3542.1 buf=500000 plies=320229038 games=4831879 rejected=0 skipped=0 epoch=0 mom=0.9294 lrCyc[pk=9.7e-01,tr=9.8e-04] trainerStep=37500
[LAYER-HEALTH] live trainerStep=37500 scope=batch_norm_state_only reluSites=9/10 ch=1040 dead=0 off=7 alwaysOn=0 worst=blocks.2.bn1(dead 0 off 4 on 0) maxBetaOverGamma=+1.88@policy.pre_bn[108] minBetaOverGamma=-2.66@blocks.2.bn1[69] rvMaxOverMedian=104.5@blocks.1.bn1[14] rezero=none nonFinite=0
[REPLAY] step=37550 loss=3.5246 pLoss=2.7154 vLoss=0.8077 pEnt=2.862 pIllM=0.0014 playedP=0.177 pW=0.47 pD=0.07 pL=0.46 vAbs=0.215 pLogitMean=-10.8577 vLogitMean=0.6040 gNorm=0.253 lr=0.00445 ms=2123.3 buf=500000 plies=320655738 games=4838328 rejected=0 skipped=0 epoch=0 mom=0.9281 lrCyc[pk=9.7e-01,tr=9.8e-04] trainerStep=37550
[LAYER-HEALTH] live trainerStep=37550 scope=batch_norm_state_only reluSites=9/10 ch=1040 dead=0 off=7 alwaysOn=0 worst=blocks.2.bn1(dead 0 off 4 on 0) maxBetaOverGamma=+1.88@policy.pre_bn[108] minBetaOverGamma=-2.65@blocks.2.bn1[69] rvMaxOverMedian=104.9@blocks.1.bn1[14] rezero=none nonFinite=0
[REPLAY] step=37600 loss=3.5010 pLoss=2.6921 vLoss=0.8076 pEnt=2.839 pIllM=0.0014 playedP=0.180 pW=0.47 pD=0.07 pL=0.46 vAbs=0.238 pLogitMean=-10.8596 vLogitMean=0.6030 gNorm=0.237 lr=0.00487 ms=1784.8 buf=500000 plies=321082347 games=4844775 rejected=0 skipped=0 epoch=0 mom=0.9268 lrCyc[pk=9.7e-01,tr=9.8e-04] trainerStep=37600
[LAYER-HEALTH] live trainerStep=37600 scope=batch_norm_state_only reluSites=9/10 ch=1040 dead=0 off=7 alwaysOn=0 worst=blocks.2.bn1(dead 0 off 4 on 0) maxBetaOverGamma=+1.88@policy.pre_bn[108] minBetaOverGamma=-2.66@blocks.2.bn1[69] rvMaxOverMedian=105.2@blocks.1.bn1[14] rezero=none nonFinite=0
[REPLAY] step=37650 loss=3.5185 pLoss=2.7146 vLoss=0.8025 pEnt=2.863 pIllM=0.0014 playedP=0.177 pW=0.47 pD=0.06 pL=0.46 vAbs=0.243 pLogitMean=-10.8572 vLogitMean=0.6071 gNorm=0.246 lr=0.00534 ms=1780.5 buf=500000 plies=321509145 games=4851241 rejected=0 skipped=0 epoch=0 mom=0.9255 lrCyc[pk=9.7e-01,tr=9.8e-04] trainerStep=37650
[LAYER-HEALTH] live trainerStep=37650 scope=batch_norm_state_only reluSites=9/10 ch=1040 dead=0 off=7 alwaysOn=0 worst=blocks.2.bn1(dead 0 off 4 on 0) maxBetaOverGamma=+1.88@policy.pre_bn[108] minBetaOverGamma=-2.66@blocks.2.bn1[69] rvMaxOverMedian=105.1@blocks.1.bn1[14] rezero=none nonFinite=0
[REPLAY] step=37700 loss=3.4583 pLoss=2.6546 vLoss=0.8021 pEnt=2.838 pIllM=0.0015 playedP=0.183 pW=0.47 pD=0.07 pL=0.46 vAbs=0.257 pLogitMean=-10.8587 vLogitMean=0.6056 gNorm=0.239 lr=0.00586 ms=1694.5 buf=500000 plies=321935670 games=4857635 rejected=0 skipped=0 epoch=0 mom=0.9241 lrCyc[pk=9.7e-01,tr=9.8e-04] trainerStep=37700
[LAYER-HEALTH] live trainerStep=37700 scope=batch_norm_state_only reluSites=9/10 ch=1040 dead=0 off=7 alwaysOn=0 worst=blocks.2.bn1(dead 0 off 4 on 0) maxBetaOverGamma=+1.88@policy.pre_bn[108] minBetaOverGamma=-2.65@blocks.2.bn1[69] rvMaxOverMedian=104.8@blocks.1.bn1[14] rezero=none nonFinite=0
[REPLAY] step=37750 loss=3.5119 pLoss=2.7097 vLoss=0.8008 pEnt=2.837 pIllM=0.0014 playedP=0.179 pW=0.47 pD=0.07 pL=0.46 vAbs=0.238 pLogitMean=-10.8590 vLogitMean=0.6057 gNorm=0.242 lr=0.00645 ms=1557.0 buf=500000 plies=322362270 games=4864024 rejected=0 skipped=0 epoch=0 mom=0.9227 lrCyc[pk=9.7e-01,tr=9.8e-04] trainerStep=37750
[LAYER-HEALTH] live trainerStep=37750 scope=batch_norm_state_only reluSites=9/10 ch=1040 dead=0 off=7 alwaysOn=0 worst=blocks.2.bn1(dead 0 off 4 on 0) maxBetaOverGamma=+1.88@policy.pre_bn[108] minBetaOverGamma=-2.66@blocks.2.bn1[69] rvMaxOverMedian=104.6@blocks.1.bn1[14] rezero=none nonFinite=0
[REPLAY] step=37800 loss=3.4751 pLoss=2.6798 vLoss=0.7939 pEnt=2.847 pIllM=0.0013 playedP=0.179 pW=0.47 pD=0.07 pL=0.46 vAbs=0.240 pLogitMean=-10.8578 vLogitMean=0.6040 gNorm=0.249 lr=0.00711 ms=1850.7 buf=500000 plies=322788950 games=4870445 rejected=0 skipped=0 epoch=0 mom=0.9213 lrCyc[pk=9.7e-01,tr=9.8e-04] trainerStep=37800
[LAYER-HEALTH] live trainerStep=37800 scope=batch_norm_state_only reluSites=9/10 ch=1040 dead=0 off=7 alwaysOn=0 worst=blocks.2.bn1(dead 0 off 4 on 0) maxBetaOverGamma=+1.88@policy.pre_bn[108] minBetaOverGamma=-2.66@blocks.2.bn1[69] rvMaxOverMedian=104.4@blocks.1.bn1[14] rezero=none nonFinite=0
[REPLAY] step=37850 loss=3.4968 pLoss=2.6994 vLoss=0.7960 pEnt=2.854 pIllM=0.0013 playedP=0.180 pW=0.47 pD=0.06 pL=0.46 vAbs=0.245 pLogitMean=-10.8596 vLogitMean=0.6068 gNorm=0.237 lr=0.00785 ms=1753.8 buf=500000 plies=323215633 games=4876896 rejected=0 skipped=0 epoch=0 mom=0.9199 lrCyc[pk=9.7e-01,tr=9.8e-04] trainerStep=37850
[LAYER-HEALTH] live trainerStep=37850 scope=batch_norm_state_only reluSites=9/10 ch=1040 dead=0 off=7 alwaysOn=0 worst=blocks.2.bn1(dead 0 off 4 on 0) maxBetaOverGamma=+1.88@policy.pre_bn[108] minBetaOverGamma=-2.66@blocks.2.bn1[69] rvMaxOverMedian=104.3@blocks.1.bn1[14] rezero=none nonFinite=0
[REPLAY] step=37900 loss=3.5136 pLoss=2.7078 vLoss=0.8044 pEnt=2.864 pIllM=0.0014 playedP=0.180 pW=0.47 pD=0.07 pL=0.46 vAbs=0.246 pLogitMean=-10.8588 vLogitMean=0.6044 gNorm=0.253 lr=0.00867 ms=1644.3 buf=500000 plies=323642280 games=4883367 rejected=0 skipped=0 epoch=0 mom=0.9185 lrCyc[pk=9.7e-01,tr=9.8e-04] trainerStep=37900
[LAYER-HEALTH] live trainerStep=37900 scope=batch_norm_state_only reluSites=9/10 ch=1040 dead=0 off=7 alwaysOn=0 worst=blocks.2.bn1(dead 0 off 4 on 0) maxBetaOverGamma=+1.88@policy.pre_bn[108] minBetaOverGamma=-2.66@blocks.2.bn1[69] rvMaxOverMedian=104.1@blocks.1.bn1[14] rezero=none nonFinite=0
[REPLAY] step=37950 loss=3.5479 pLoss=2.7255 vLoss=0.8210 pEnt=2.856 pIllM=0.0014 playedP=0.177 pW=0.47 pD=0.07 pL=0.46 vAbs=0.238 pLogitMean=-10.8564 vLogitMean=0.6044 gNorm=0.260 lr=0.0096 ms=1265.9 buf=500000 plies=324068878 games=4889769 rejected=0 skipped=0 epoch=0 mom=0.9170 lrCyc[pk=9.7e-01,tr=9.8e-04] trainerStep=37950
[LAYER-HEALTH] live trainerStep=37950 scope=batch_norm_state_only reluSites=9/10 ch=1040 dead=0 off=7 alwaysOn=0 worst=blocks.2.bn1(dead 0 off 4 on 0) maxBetaOverGamma=+1.88@policy.pre_bn[108] minBetaOverGamma=-2.66@blocks.2.bn1[69] rvMaxOverMedian=103.5@blocks.1.bn1[14] rezero=none nonFinite=0
[REPLAY] step=38000 loss=3.4960 pLoss=2.6938 vLoss=0.8009 pEnt=2.853 pIllM=0.0014 playedP=0.180 pW=0.47 pD=0.07 pL=0.47 vAbs=0.233 pLogitMean=-10.8587 vLogitMean=0.6069 gNorm=0.240 lr=0.0106 ms=1370.6 buf=500000 plies=324495595 games=4896225 rejected=0 skipped=0 epoch=0 mom=0.9155 lrCyc[pk=9.7e-01,tr=9.8e-04] trainerStep=38000
[LAYER-HEALTH] live trainerStep=38000 scope=batch_norm_state_only reluSites=9/10 ch=1040 dead=0 off=7 alwaysOn=0 worst=blocks.2.bn1(dead 0 off 4 on 0) maxBetaOverGamma=+1.88@policy.pre_bn[108] minBetaOverGamma=-2.65@blocks.2.bn1[69] rvMaxOverMedian=103.4@blocks.1.bn1[14] rezero=none nonFinite=0
[REPLAY] saved trainer model (autosave) step=38000 trainerStep=38000 nextGame=4896225 shard=10 epoch=0 -> 20261005-lrBleakyall-cyc1-replay-latest.safetensors
[LAYER-HEALTH] checkpoint replay-autosave step=38000 trainerStep=38000 scope=all_tensors reluSites=9/10 ch=1040 dead=0 off=7 alwaysOn=0 worst=blocks.2.bn1(dead 0 off 4 on 0) maxBetaOverGamma=+1.88@policy.pre_bn[108] minBetaOverGamma=-2.65@blocks.2.bn1[69] rvMaxOverMedian=103.4@blocks.1.bn1[14] rezero=none nonFinite=0 seZeroVel=none valueFC1ZeroVel=0/128 maxAbs=14.93@blocks.1.bn1.running_var
[LAYER-HEALTH]   batch-norm sites — β/|γ|: dead < -3.00, mostly off < -2.00, always on > +3.00; classified for relu/leaky_relu only
[LAYER-HEALTH]     site            act            ch   dead    off     on  zeroγ nonfin  min β/|γ| [ch]     max β/|γ| [ch]     rv max/median [ch]
[LAYER-HEALTH]     stem.bn         -             128    n/a    n/a    n/a      0      0     -2.91 [69]         +0.52 [34]            4.4 [88]
[LAYER-HEALTH]     blocks.0.bn1    leaky_relu    128      0      0      0      0      0     -1.04 [47]         +0.55 [64]            7.5 [76]
[LAYER-HEALTH]     blocks.0.bn2    leaky_relu    128      0      0      0      0      0     -1.56 [44]         +0.07 [49]            4.2 [96]
[LAYER-HEALTH]     blocks.1.bn1    leaky_relu    128      0      0      0      0      0     -1.70 [11]         -0.30 [12]          103.4 [14]
[LAYER-HEALTH]     blocks.1.bn2    leaky_relu    128      0      1      0      0      0     -2.22 [80]         -0.58 [60]            7.2 [32]
[LAYER-HEALTH]     blocks.2.bn1    leaky_relu    128      0      4      0      0      0     -2.65 [69]         +1.18 [31]           42.9 [31]
[LAYER-HEALTH]     blocks.2.bn2    leaky_relu    128      0      0      0      0      0     -1.94 [85]         -0.26 [46]            3.1 [103]
[LAYER-HEALTH]     tower_final_bn  leaky_relu    128      0      0      0      0      0     -0.79 [16]         +1.77 [55]            8.1 [31]
[LAYER-HEALTH]     policy.pre_bn   leaky_relu    128      0      0      0      0      0     -1.58 [7]          +1.88 [108]           3.2 [110]
[LAYER-HEALTH]     value.bn        leaky_relu     16      0      2      0      0      0     -2.31 [4]          -0.48 [1]             2.3 [13]
[LAYER-HEALTH]   FC hidden-unit velocity — zero: every weight-velocity entry exactly 0; low: nonzero but < 5% of the layer's p90 unit norm
[LAYER-HEALTH]     value.fc1.weight  leaky_relu  units 128  zero 0  low 20  median unit norm 0.00346
[LAYER-HEALTH]     (no SE blocks)
[LAYER-HEALTH]   ReZero: none
[LAYER-HEALTH]   non-finite: 0 values in 0 of 102 tensors (10263038 values examined)
[LAYER-HEALTH]   largest |value|: blocks.1.bn1.running_var 14.93, blocks.0.bn2.running_var 8.501, blocks.2.bn1.running_var 7.34, policy.conv.bias 5.854, policy.pre_bn.bias 5.069
[REPLAY] enumerated checkpoint -> 20261005-lrBleakyall-cyc1-replay-step38000.safetensors
[REPLAY] step=38050 loss=3.5066 pLoss=2.7014 vLoss=0.8038 pEnt=2.850 pIllM=0.0014 playedP=0.180 pW=0.47 pD=0.07 pL=0.46 vAbs=0.237 pLogitMean=-10.8576 vLogitMean=0.6057 gNorm=0.244 lr=0.0118 ms=1443.1 buf=500000 plies=324922248 games=4902692 rejected=0 skipped=0 epoch=0 mom=0.9140 lrCyc[pk=9.7e-01,tr=9.8e-04] trainerStep=38050
[LAYER-HEALTH] live trainerStep=38050 scope=batch_norm_state_only reluSites=9/10 ch=1040 dead=0 off=7 alwaysOn=0 worst=blocks.2.bn1(dead 0 off 4 on 0) maxBetaOverGamma=+1.88@policy.pre_bn[108] minBetaOverGamma=-2.66@blocks.2.bn1[69] rvMaxOverMedian=103.2@blocks.1.bn1[14] rezero=none nonFinite=0
[REPLAY] step=38100 loss=3.4696 pLoss=2.6661 vLoss=0.8024 pEnt=2.858 pIllM=0.0012 playedP=0.179 pW=0.47 pD=0.07 pL=0.46 vAbs=0.240 pLogitMean=-10.8596 vLogitMean=0.6058 gNorm=0.242 lr=0.0131 ms=1519.4 buf=500000 plies=325348824 games=4909089 rejected=0 skipped=0 epoch=0 mom=0.9125 lrCyc[pk=9.7e-01,tr=9.8e-04] trainerStep=38100
[LAYER-HEALTH] live trainerStep=38100 scope=batch_norm_state_only reluSites=9/10 ch=1040 dead=0 off=7 alwaysOn=0 worst=blocks.2.bn1(dead 0 off 4 on 0) maxBetaOverGamma=+1.88@policy.pre_bn[108] minBetaOverGamma=-2.66@blocks.2.bn1[69] rvMaxOverMedian=103.4@blocks.1.bn1[14] rezero=none nonFinite=0
[REPLAY] step=38150 loss=3.4680 pLoss=2.6584 vLoss=0.8082 pEnt=2.847 pIllM=0.0014 playedP=0.181 pW=0.47 pD=0.07 pL=0.46 vAbs=0.245 pLogitMean=-10.8572 vLogitMean=0.6056 gNorm=0.263 lr=0.0145 ms=1730.5 buf=500000 plies=325775485 games=4915490 rejected=0 skipped=0 epoch=0 mom=0.9110 lrCyc[pk=9.7e-01,tr=9.8e-04] trainerStep=38150
[LAYER-HEALTH] live trainerStep=38150 scope=batch_norm_state_only reluSites=9/10 ch=1040 dead=0 off=7 alwaysOn=0 worst=blocks.2.bn1(dead 0 off 4 on 0) maxBetaOverGamma=+1.88@policy.pre_bn[108] minBetaOverGamma=-2.66@blocks.2.bn1[69] rvMaxOverMedian=103.3@blocks.1.bn1[14] rezero=none nonFinite=0
[REPLAY] step=38200 loss=3.4896 pLoss=2.6900 vLoss=0.7979 pEnt=2.856 pIllM=0.0017 playedP=0.182 pW=0.47 pD=0.06 pL=0.47 vAbs=0.247 pLogitMean=-10.8579 vLogitMean=0.6067 gNorm=0.249 lr=0.0162 ms=1437.5 buf=500000 plies=326202126 games=4921929 rejected=0 skipped=0 epoch=0 mom=0.9094 lrCyc[pk=9.7e-01,tr=9.8e-04] trainerStep=38200
[LAYER-HEALTH] live trainerStep=38200 scope=batch_norm_state_only reluSites=9/10 ch=1040 dead=0 off=7 alwaysOn=0 worst=blocks.2.bn1(dead 0 off 4 on 0) maxBetaOverGamma=+1.88@policy.pre_bn[108] minBetaOverGamma=-2.66@blocks.2.bn1[69] rvMaxOverMedian=103.4@blocks.1.bn1[14] rezero=none nonFinite=0
[REPLAY] step=38250 loss=3.4721 pLoss=2.6656 vLoss=0.8051 pEnt=2.841 pIllM=0.0013 playedP=0.183 pW=0.47 pD=0.07 pL=0.46 vAbs=0.251 pLogitMean=-10.8555 vLogitMean=0.6043 gNorm=0.259 lr=0.018 ms=1490.8 buf=500000 plies=326628805 games=4928278 rejected=0 skipped=0 epoch=0 mom=0.9079 lrCyc[pk=9.7e-01,tr=9.8e-04] trainerStep=38250
[LAYER-HEALTH] live trainerStep=38250 scope=batch_norm_state_only reluSites=9/10 ch=1040 dead=0 off=7 alwaysOn=0 worst=blocks.2.bn1(dead 0 off 4 on 0) maxBetaOverGamma=+1.88@policy.pre_bn[108] minBetaOverGamma=-2.66@blocks.2.bn1[69] rvMaxOverMedian=103.8@blocks.1.bn1[14] rezero=none nonFinite=0
[REPLAY] step=38300 loss=3.4888 pLoss=2.6988 vLoss=0.7887 pEnt=2.856 pIllM=0.0013 playedP=0.177 pW=0.47 pD=0.06 pL=0.47 vAbs=0.246 pLogitMean=-10.8552 vLogitMean=0.6031 gNorm=0.266 lr=0.02 ms=1790.7 buf=500000 plies=327055455 games=4934611 rejected=0 skipped=0 epoch=0 mom=0.9063 lrCyc[pk=9.7e-01,tr=9.8e-04] trainerStep=38300
[LAYER-HEALTH] live trainerStep=38300 scope=batch_norm_state_only reluSites=9/10 ch=1040 dead=0 off=7 alwaysOn=0 worst=blocks.2.bn1(dead 0 off 4 on 0) maxBetaOverGamma=+1.88@policy.pre_bn[108] minBetaOverGamma=-2.66@blocks.2.bn1[69] rvMaxOverMedian=104.1@blocks.1.bn1[14] rezero=none nonFinite=0
[REPLAY] step=38350 loss=3.5064 pLoss=2.7039 vLoss=0.8011 pEnt=2.845 pIllM=0.0014 playedP=0.180 pW=0.48 pD=0.07 pL=0.46 vAbs=0.242 pLogitMean=-10.8554 vLogitMean=0.6033 gNorm=0.251 lr=0.0223 ms=1739.8 buf=500000 plies=327482146 games=4940976 rejected=0 skipped=0 epoch=0 mom=0.9048 lrCyc[pk=9.7e-01,tr=9.8e-04] trainerStep=38350
[LAYER-HEALTH] live trainerStep=38350 scope=batch_norm_state_only reluSites=9/10 ch=1040 dead=0 off=7 alwaysOn=0 worst=blocks.2.bn1(dead 0 off 4 on 0) maxBetaOverGamma=+1.88@policy.pre_bn[108] minBetaOverGamma=-2.66@blocks.2.bn1[69] rvMaxOverMedian=104.1@blocks.1.bn1[14] rezero=none nonFinite=0
[REPLAY] step=38400 loss=3.5150 pLoss=2.7063 vLoss=0.8074 pEnt=2.859 pIllM=0.0013 playedP=0.179 pW=0.47 pD=0.07 pL=0.46 vAbs=0.246 pLogitMean=-10.8523 vLogitMean=0.6046 gNorm=0.258 lr=0.0248 ms=1382.9 buf=500000 plies=327908729 games=4947455 rejected=0 skipped=0 epoch=0 mom=0.9032 lrCyc[pk=9.7e-01,tr=9.8e-04] trainerStep=38400
[LAYER-HEALTH] live trainerStep=38400 scope=batch_norm_state_only reluSites=9/10 ch=1040 dead=0 off=7 alwaysOn=0 worst=blocks.2.bn1(dead 0 off 4 on 0) maxBetaOverGamma=+1.88@policy.pre_bn[108] minBetaOverGamma=-2.66@blocks.2.bn1[69] rvMaxOverMedian=104.1@blocks.1.bn1[14] rezero=none nonFinite=0
[REPLAY] step=38450 loss=3.4974 pLoss=2.6994 vLoss=0.7966 pEnt=2.888 pIllM=0.0014 playedP=0.176 pW=0.48 pD=0.06 pL=0.46 vAbs=0.248 pLogitMean=-10.8515 vLogitMean=0.6032 gNorm=0.250 lr=0.0277 ms=1797.5 buf=500000 plies=328335379 games=4953908 rejected=0 skipped=0 epoch=0 mom=0.9017 lrCyc[pk=9.7e-01,tr=9.8e-04] trainerStep=38450
[LAYER-HEALTH] live trainerStep=38450 scope=batch_norm_state_only reluSites=9/10 ch=1040 dead=0 off=7 alwaysOn=0 worst=blocks.2.bn1(dead 0 off 4 on 0) maxBetaOverGamma=+1.88@policy.pre_bn[108] minBetaOverGamma=-2.66@blocks.2.bn1[69] rvMaxOverMedian=104.3@blocks.1.bn1[14] rezero=none nonFinite=0
[REPLAY] step=38500 loss=3.4803 pLoss=2.6909 vLoss=0.7881 pEnt=2.850 pIllM=0.0013 playedP=0.182 pW=0.47 pD=0.07 pL=0.47 vAbs=0.246 pLogitMean=-10.8514 vLogitMean=0.6032 gNorm=0.279 lr=0.0308 ms=1681.7 buf=500000 plies=328762045 games=4960329 rejected=0 skipped=0 epoch=0 mom=0.9001 lrCyc[pk=9.7e-01,tr=9.8e-04] trainerStep=38500
[LAYER-HEALTH] live trainerStep=38500 scope=batch_norm_state_only reluSites=9/10 ch=1040 dead=0 off=7 alwaysOn=0 worst=blocks.2.bn1(dead 0 off 4 on 0) maxBetaOverGamma=+1.88@policy.pre_bn[108] minBetaOverGamma=-2.66@blocks.2.bn1[69] rvMaxOverMedian=105.3@blocks.1.bn1[14] rezero=none nonFinite=0
[REPLAY] step=38550 loss=3.5319 pLoss=2.7264 vLoss=0.8042 pEnt=2.862 pIllM=0.0013 playedP=0.179 pW=0.48 pD=0.07 pL=0.46 vAbs=0.230 pLogitMean=-10.8478 vLogitMean=0.6049 gNorm=0.266 lr=0.0343 ms=1639.5 buf=500000 plies=329188708 games=4966734 rejected=0 skipped=0 epoch=0 mom=0.8985 lrCyc[pk=9.7e-01,tr=9.8e-04] trainerStep=38550
[LAYER-HEALTH] live trainerStep=38550 scope=batch_norm_state_only reluSites=9/10 ch=1040 dead=0 off=7 alwaysOn=0 worst=blocks.2.bn1(dead 0 off 4 on 0) maxBetaOverGamma=+1.88@policy.pre_bn[108] minBetaOverGamma=-2.66@blocks.2.bn1[69] rvMaxOverMedian=105.6@blocks.1.bn1[14] rezero=none nonFinite=0
[REPLAY] step=38600 loss=3.4793 pLoss=2.6923 vLoss=0.7856 pEnt=2.852 pIllM=0.0013 playedP=0.179 pW=0.48 pD=0.06 pL=0.46 vAbs=0.251 pLogitMean=-10.8479 vLogitMean=0.6074 gNorm=0.258 lr=0.0383 ms=1671.6 buf=500000 plies=329615326 games=4973128 rejected=0 skipped=0 epoch=0 mom=0.8970 lrCyc[pk=9.7e-01,tr=9.8e-04] trainerStep=38600
[LAYER-HEALTH] live trainerStep=38600 scope=batch_norm_state_only reluSites=9/10 ch=1040 dead=0 off=7 alwaysOn=0 worst=blocks.2.bn1(dead 0 off 4 on 0) maxBetaOverGamma=+1.88@policy.pre_bn[108] minBetaOverGamma=-2.66@blocks.2.bn1[69] rvMaxOverMedian=105.1@blocks.1.bn1[14] rezero=none nonFinite=0
[REPLAY] step=38650 loss=3.4954 pLoss=2.6992 vLoss=0.7948 pEnt=2.848 pIllM=0.0014 playedP=0.182 pW=0.48 pD=0.06 pL=0.46 vAbs=0.242 pLogitMean=-10.8435 vLogitMean=0.6053 gNorm=0.255 lr=0.0426 ms=2032.3 buf=500000 plies=330042014 games=4979530 rejected=0 skipped=0 epoch=0 mom=0.8954 lrCyc[pk=9.7e-01,tr=9.8e-04] trainerStep=38650
[LAYER-HEALTH] live trainerStep=38650 scope=batch_norm_state_only reluSites=9/10 ch=1040 dead=0 off=7 alwaysOn=0 worst=blocks.2.bn1(dead 0 off 4 on 0) maxBetaOverGamma=+1.88@policy.pre_bn[108] minBetaOverGamma=-2.65@blocks.2.bn1[69] rvMaxOverMedian=105.4@blocks.1.bn1[14] rezero=none nonFinite=0
[REPLAY] step=38700 loss=3.5468 pLoss=2.7186 vLoss=0.8269 pEnt=2.856 pIllM=0.0013 playedP=0.178 pW=0.48 pD=0.07 pL=0.46 vAbs=0.231 pLogitMean=-10.8420 vLogitMean=0.6060 gNorm=0.263 lr=0.0474 ms=1459.9 buf=500000 plies=330468684 games=4985932 rejected=0 skipped=0 epoch=0 mom=0.8938 lrCyc[pk=9.7e-01,tr=9.8e-04] trainerStep=38700
[LAYER-HEALTH] live trainerStep=38700 scope=batch_norm_state_only reluSites=9/10 ch=1040 dead=0 off=7 alwaysOn=0 worst=blocks.2.bn1(dead 0 off 4 on 0) maxBetaOverGamma=+1.88@policy.pre_bn[108] minBetaOverGamma=-2.65@blocks.2.bn1[69] rvMaxOverMedian=104.0@blocks.1.bn1[14] rezero=none nonFinite=0
[REPLAY] step=38750 loss=3.4978 pLoss=2.6989 vLoss=0.7975 pEnt=2.834 pIllM=0.0014 playedP=0.182 pW=0.47 pD=0.07 pL=0.46 vAbs=0.238 pLogitMean=-10.8341 vLogitMean=0.6049 gNorm=0.255 lr=0.0528 ms=1385.5 buf=500000 plies=330895276 games=4992344 rejected=0 skipped=0 epoch=0 mom=0.8923 lrCyc[pk=9.7e-01,tr=9.8e-04] trainerStep=38750
[LAYER-HEALTH] live trainerStep=38750 scope=batch_norm_state_only reluSites=9/10 ch=1040 dead=0 off=7 alwaysOn=0 worst=blocks.2.bn1(dead 0 off 4 on 0) maxBetaOverGamma=+1.88@policy.pre_bn[108] minBetaOverGamma=-2.65@blocks.2.bn1[69] rvMaxOverMedian=103.3@blocks.1.bn1[14] rezero=none nonFinite=0
[REPLAY] step=38800 loss=3.4989 pLoss=2.6985 vLoss=0.7990 pEnt=2.842 pIllM=0.0014 playedP=0.184 pW=0.46 pD=0.07 pL=0.47 vAbs=0.237 pLogitMean=-10.8309 vLogitMean=0.6062 gNorm=0.265 lr=0.0588 ms=1376.5 buf=500000 plies=331321963 games=4998745 rejected=0 skipped=0 epoch=0 mom=0.8907 lrCyc[pk=9.7e-01,tr=9.8e-04] trainerStep=38800
[LAYER-HEALTH] live trainerStep=38800 scope=batch_norm_state_only reluSites=9/10 ch=1040 dead=0 off=7 alwaysOn=0 worst=blocks.2.bn1(dead 0 off 4 on 0) maxBetaOverGamma=+1.88@policy.pre_bn[108] minBetaOverGamma=-2.64@blocks.2.bn1[69] rvMaxOverMedian=103.6@blocks.1.bn1[14] rezero=none nonFinite=0
[REPLAY] step=38850 loss=3.4740 pLoss=2.6736 vLoss=0.7989 pEnt=2.839 pIllM=0.0015 playedP=0.186 pW=0.47 pD=0.07 pL=0.46 vAbs=0.239 pLogitMean=-10.8274 vLogitMean=0.6060 gNorm=0.266 lr=0.0653 ms=1468.4 buf=500000 plies=331748584 games=5005147 rejected=0 skipped=0 epoch=0 mom=0.8892 lrCyc[pk=9.7e-01,tr=9.8e-04] trainerStep=38850
[LAYER-HEALTH] live trainerStep=38850 scope=batch_norm_state_only reluSites=9/10 ch=1040 dead=0 off=7 alwaysOn=0 worst=blocks.2.bn1(dead 0 off 4 on 0) maxBetaOverGamma=+1.88@policy.pre_bn[108] minBetaOverGamma=-2.64@blocks.2.bn1[69] rvMaxOverMedian=103.9@blocks.1.bn1[14] rezero=none nonFinite=0
[REPLAY] step=38900 loss=3.5022 pLoss=2.6976 vLoss=0.8034 pEnt=2.846 pIllM=0.0012 playedP=0.181 pW=0.46 pD=0.07 pL=0.47 vAbs=0.230 pLogitMean=-10.8219 vLogitMean=0.6043 gNorm=0.263 lr=0.0726 ms=1395.3 buf=500000 plies=332175291 games=5011573 rejected=0 skipped=0 epoch=0 mom=0.8877 lrCyc[pk=9.7e-01,tr=9.8e-04] trainerStep=38900
[LAYER-HEALTH] live trainerStep=38900 scope=batch_norm_state_only reluSites=9/10 ch=1040 dead=0 off=7 alwaysOn=0 worst=blocks.2.bn1(dead 0 off 4 on 0) maxBetaOverGamma=+1.88@policy.pre_bn[108] minBetaOverGamma=-2.65@blocks.2.bn1[69] rvMaxOverMedian=105.3@blocks.1.bn1[14] rezero=none nonFinite=0
[REPLAY] step=38950 loss=3.4868 pLoss=2.6838 vLoss=0.8016 pEnt=2.861 pIllM=0.0015 playedP=0.174 pW=0.47 pD=0.07 pL=0.46 vAbs=0.253 pLogitMean=-10.8104 vLogitMean=0.6056 gNorm=0.256 lr=0.0805 ms=1527.2 buf=500000 plies=332601881 games=5017976 rejected=0 skipped=0 epoch=0 mom=0.8862 lrCyc[pk=9.7e-01,tr=9.8e-04] trainerStep=38950
[LAYER-HEALTH] live trainerStep=38950 scope=batch_norm_state_only reluSites=9/10 ch=1040 dead=0 off=7 alwaysOn=0 worst=blocks.2.bn1(dead 0 off 4 on 0) maxBetaOverGamma=+1.88@policy.pre_bn[108] minBetaOverGamma=-2.65@blocks.2.bn1[69] rvMaxOverMedian=105.0@blocks.1.bn1[14] rezero=none nonFinite=0
[REPLAY] step=39000 loss=3.4833 pLoss=2.6712 vLoss=0.8102 pEnt=2.846 pIllM=0.0019 playedP=0.181 pW=0.46 pD=0.07 pL=0.46 vAbs=0.245 pLogitMean=-10.7998 vLogitMean=0.6067 gNorm=0.260 lr=0.0893 ms=1384.6 buf=500000 plies=333028613 games=5024392 rejected=0 skipped=0 epoch=0 mom=0.8847 lrCyc[pk=9.7e-01,tr=9.8e-04] trainerStep=39000
[LAYER-HEALTH] live trainerStep=39000 scope=batch_norm_state_only reluSites=9/10 ch=1040 dead=0 off=7 alwaysOn=0 worst=blocks.2.bn1(dead 0 off 4 on 0) maxBetaOverGamma=+1.88@policy.pre_bn[108] minBetaOverGamma=-2.65@blocks.2.bn1[69] rvMaxOverMedian=105.1@blocks.1.bn1[14] rezero=none nonFinite=0
[REPLAY] saved trainer model (autosave) step=39000 trainerStep=39000 nextGame=5024392 shard=11 epoch=0 -> 20261005-lrBleakyall-cyc1-replay-latest.safetensors
[LAYER-HEALTH] checkpoint replay-autosave step=39000 trainerStep=39000 scope=all_tensors reluSites=9/10 ch=1040 dead=0 off=7 alwaysOn=0 worst=blocks.2.bn1(dead 0 off 4 on 0) maxBetaOverGamma=+1.88@policy.pre_bn[108] minBetaOverGamma=-2.65@blocks.2.bn1[69] rvMaxOverMedian=105.1@blocks.1.bn1[14] rezero=none nonFinite=0 seZeroVel=none valueFC1ZeroVel=0/128 maxAbs=14.91@blocks.1.bn1.running_var
[LAYER-HEALTH]   batch-norm sites — β/|γ|: dead < -3.00, mostly off < -2.00, always on > +3.00; classified for relu/leaky_relu only
[LAYER-HEALTH]     site            act            ch   dead    off     on  zeroγ nonfin  min β/|γ| [ch]     max β/|γ| [ch]     rv max/median [ch]
[LAYER-HEALTH]     stem.bn         -             128    n/a    n/a    n/a      0      0     -2.92 [69]         +0.52 [34]            5.0 [88]
[LAYER-HEALTH]     blocks.0.bn1    leaky_relu    128      0      0      0      0      0     -1.03 [47]         +0.57 [64]            7.6 [76]
[LAYER-HEALTH]     blocks.0.bn2    leaky_relu    128      0      0      0      0      0     -1.56 [44]         +0.09 [49]            4.4 [96]
[LAYER-HEALTH]     blocks.1.bn1    leaky_relu    128      0      0      0      0      0     -1.72 [11]         -0.29 [12]          105.1 [14]
[LAYER-HEALTH]     blocks.1.bn2    leaky_relu    128      0      1      0      0      0     -2.23 [80]         -0.57 [60]            7.2 [32]
[LAYER-HEALTH]     blocks.2.bn1    leaky_relu    128      0      4      0      0      0     -2.65 [69]         +1.21 [31]           44.3 [31]
[LAYER-HEALTH]     blocks.2.bn2    leaky_relu    128      0      0      0      0      0     -1.92 [85]         -0.25 [46]            3.1 [103]
[LAYER-HEALTH]     tower_final_bn  leaky_relu    128      0      0      0      0      0     -0.80 [16]         +1.79 [55]            8.3 [31]
[LAYER-HEALTH]     policy.pre_bn   leaky_relu    128      0      0      0      0      0     -1.61 [7]          +1.88 [108]           3.2 [110]
[LAYER-HEALTH]     value.bn        leaky_relu     16      0      2      0      0      0     -2.35 [4]          -0.48 [1]             2.2 [13]
[LAYER-HEALTH]   FC hidden-unit velocity — zero: every weight-velocity entry exactly 0; low: nonzero but < 5% of the layer's p90 unit norm
[LAYER-HEALTH]     value.fc1.weight  leaky_relu  units 128  zero 0  low 16  median unit norm 0.002796
[LAYER-HEALTH]     (no SE blocks)
[LAYER-HEALTH]   ReZero: none
[LAYER-HEALTH]   non-finite: 0 values in 0 of 102 tensors (10263038 values examined)
[LAYER-HEALTH]   largest |value|: blocks.1.bn1.running_var 14.91, blocks.0.bn2.running_var 8.629, blocks.2.bn1.running_var 7.374, policy.conv.bias 5.868, policy.pre_bn.bias 5.075
[REPLAY] enumerated checkpoint -> 20261005-lrBleakyall-cyc1-replay-step39000.safetensors
[REPLAY] step=39050 loss=3.5225 pLoss=2.7204 vLoss=0.8006 pEnt=2.836 pIllM=0.0015 playedP=0.181 pW=0.48 pD=0.07 pL=0.45 vAbs=0.243 pLogitMean=-10.7958 vLogitMean=0.6041 gNorm=0.292 lr=0.0989 ms=1509.6 buf=500000 plies=333455251 games=5030784 rejected=0 skipped=0 epoch=0 mom=0.8832 lrCyc[pk=9.7e-01,tr=9.8e-04] trainerStep=39050
[LAYER-HEALTH] live trainerStep=39050 scope=batch_norm_state_only reluSites=9/10 ch=1040 dead=0 off=7 alwaysOn=0 worst=blocks.2.bn1(dead 0 off 4 on 0) maxBetaOverGamma=+1.88@policy.pre_bn[108] minBetaOverGamma=-2.67@blocks.2.bn1[69] rvMaxOverMedian=105.1@blocks.1.bn1[14] rezero=none nonFinite=0
[REPLAY] step=39100 loss=3.4919 pLoss=2.6774 vLoss=0.8130 pEnt=2.853 pIllM=0.0015 playedP=0.181 pW=0.47 pD=0.07 pL=0.46 vAbs=0.244 pLogitMean=-10.7948 vLogitMean=0.6046 gNorm=0.266 lr=0.109 ms=1337.8 buf=500000 plies=333881865 games=5037122 rejected=0 skipped=0 epoch=0 mom=0.8817 lrCyc[pk=9.7e-01,tr=9.8e-04] trainerStep=39100
[LAYER-HEALTH] live trainerStep=39100 scope=batch_norm_state_only reluSites=9/10 ch=1040 dead=0 off=7 alwaysOn=0 worst=blocks.2.bn1(dead 0 off 4 on 0) maxBetaOverGamma=+1.88@policy.pre_bn[108] minBetaOverGamma=-2.68@blocks.2.bn1[69] rvMaxOverMedian=104.2@blocks.1.bn1[14] rezero=none nonFinite=0
[REPLAY] step=39150 loss=3.5323 pLoss=2.7154 vLoss=0.8155 pEnt=2.875 pIllM=0.0014 playedP=0.170 pW=0.47 pD=0.07 pL=0.46 vAbs=0.234 pLogitMean=-10.7843 vLogitMean=0.6044 gNorm=0.289 lr=0.121 ms=1321.1 buf=500000 plies=334308501 games=5043548 rejected=0 skipped=0 epoch=0 mom=0.8803 lrCyc[pk=9.7e-01,tr=9.8e-04] trainerStep=39150
[LAYER-HEALTH] live trainerStep=39150 scope=batch_norm_state_only reluSites=9/10 ch=1040 dead=0 off=7 alwaysOn=0 worst=blocks.2.bn1(dead 0 off 4 on 0) maxBetaOverGamma=+1.88@policy.pre_bn[108] minBetaOverGamma=-2.67@blocks.2.bn1[69] rvMaxOverMedian=104.4@blocks.1.bn1[14] rezero=none nonFinite=0
[REPLAY] step=39200 loss=3.5092 pLoss=2.7021 vLoss=0.8050 pEnt=2.850 pIllM=0.0020 playedP=0.181 pW=0.47 pD=0.07 pL=0.47 vAbs=0.237 pLogitMean=-10.7633 vLogitMean=0.6053 gNorm=0.288 lr=0.134 ms=1342.5 buf=500000 plies=334735171 games=5049987 rejected=0 skipped=0 epoch=0 mom=0.8788 lrCyc[pk=9.7e-01,tr=9.8e-04] trainerStep=39200
[LAYER-HEALTH] live trainerStep=39200 scope=batch_norm_state_only reluSites=9/10 ch=1040 dead=0 off=7 alwaysOn=0 worst=blocks.2.bn1(dead 0 off 4 on 0) maxBetaOverGamma=+1.88@policy.pre_bn[108] minBetaOverGamma=-2.63@blocks.2.bn1[69] rvMaxOverMedian=103.6@blocks.1.bn1[14] rezero=none nonFinite=0
[REPLAY] step=39250 loss=3.5091 pLoss=2.6980 vLoss=0.8096 pEnt=2.879 pIllM=0.0015 playedP=0.172 pW=0.47 pD=0.06 pL=0.46 vAbs=0.236 pLogitMean=-10.7468 vLogitMean=0.6044 gNorm=0.294 lr=0.147 ms=1263.0 buf=500000 plies=335161792 games=5056371 rejected=0 skipped=0 epoch=0 mom=0.8774 lrCyc[pk=9.7e-01,tr=9.8e-04] trainerStep=39250
[LAYER-HEALTH] live trainerStep=39250 scope=batch_norm_state_only reluSites=9/10 ch=1040 dead=0 off=7 alwaysOn=0 worst=blocks.2.bn1(dead 0 off 4 on 0) maxBetaOverGamma=+1.88@policy.pre_bn[108] minBetaOverGamma=-2.66@blocks.2.bn1[69] rvMaxOverMedian=104.1@blocks.1.bn1[14] rezero=none nonFinite=0
[REPLAY] step=39300 loss=3.5057 pLoss=2.6962 vLoss=0.8080 pEnt=2.818 pIllM=0.0016 playedP=0.186 pW=0.47 pD=0.07 pL=0.47 vAbs=0.252 pLogitMean=-10.7360 vLogitMean=0.6040 gNorm=0.300 lr=0.162 ms=1312.1 buf=500000 plies=335588504 games=5062825 rejected=0 skipped=0 epoch=0 mom=0.8761 lrCyc[pk=9.7e-01,tr=9.8e-04] trainerStep=39300
[LAYER-HEALTH] live trainerStep=39300 scope=batch_norm_state_only reluSites=9/10 ch=1040 dead=0 off=7 alwaysOn=0 worst=blocks.2.bn1(dead 0 off 4 on 0) maxBetaOverGamma=+1.88@policy.pre_bn[108] minBetaOverGamma=-2.68@blocks.2.bn1[69] rvMaxOverMedian=104.8@blocks.1.bn1[14] rezero=none nonFinite=0
[REPLAY] step=39350 loss=3.5505 pLoss=2.7560 vLoss=0.7931 pEnt=2.860 pIllM=0.0015 playedP=0.177 pW=0.47 pD=0.06 pL=0.47 vAbs=0.249 pLogitMean=-10.7065 vLogitMean=0.6032 gNorm=0.281 lr=0.178 ms=1237.3 buf=500000 plies=336015072 games=5069254 rejected=0 skipped=0 epoch=0 mom=0.8747 lrCyc[pk=9.7e-01,tr=9.8e-04] trainerStep=39350
[LAYER-HEALTH] live trainerStep=39350 scope=batch_norm_state_only reluSites=9/10 ch=1040 dead=0 off=7 alwaysOn=0 worst=blocks.2.bn1(dead 0 off 4 on 0) maxBetaOverGamma=+1.88@policy.pre_bn[108] minBetaOverGamma=-2.68@blocks.2.bn1[69] rvMaxOverMedian=104.6@blocks.1.bn1[14] rezero=none nonFinite=0
[REPLAY] step=39400 loss=3.5088 pLoss=2.6858 vLoss=0.8215 pEnt=2.868 pIllM=0.0016 playedP=0.177 pW=0.46 pD=0.07 pL=0.47 vAbs=0.241 pLogitMean=-10.6979 vLogitMean=0.6053 gNorm=0.297 lr=0.195 ms=1391.6 buf=500000 plies=336441763 games=5075644 rejected=0 skipped=0 epoch=0 mom=0.8734 lrCyc[pk=9.7e-01,tr=9.8e-04] trainerStep=39400
[LAYER-HEALTH] live trainerStep=39400 scope=batch_norm_state_only reluSites=9/10 ch=1040 dead=0 off=7 alwaysOn=0 worst=blocks.2.bn1(dead 0 off 4 on 0) maxBetaOverGamma=+1.87@policy.pre_bn[108] minBetaOverGamma=-2.66@blocks.2.bn1[69] rvMaxOverMedian=103.9@blocks.1.bn1[14] rezero=none nonFinite=0
[REPLAY] step=39450 loss=3.5460 pLoss=2.7411 vLoss=0.8032 pEnt=2.864 pIllM=0.0018 playedP=0.176 pW=0.47 pD=0.07 pL=0.46 vAbs=0.234 pLogitMean=-10.6903 vLogitMean=0.6027 gNorm=0.316 lr=0.214 ms=1230.0 buf=500000 plies=336868384 games=5082056 rejected=0 skipped=0 epoch=0 mom=0.8720 lrCyc[pk=9.7e-01,tr=9.8e-04] trainerStep=39450
[LAYER-HEALTH] live trainerStep=39450 scope=batch_norm_state_only reluSites=9/10 ch=1040 dead=0 off=7 alwaysOn=0 worst=blocks.2.bn1(dead 0 off 4 on 0) maxBetaOverGamma=+1.87@policy.pre_bn[108] minBetaOverGamma=-2.68@blocks.2.bn1[69] rvMaxOverMedian=103.2@blocks.1.bn1[14] rezero=none nonFinite=0
[REPLAY] step=39500 loss=3.5023 pLoss=2.7155 vLoss=0.7847 pEnt=2.840 pIllM=0.0021 playedP=0.182 pW=0.49 pD=0.06 pL=0.46 vAbs=0.249 pLogitMean=-10.6676 vLogitMean=0.6058 gNorm=0.291 lr=0.233 ms=1253.8 buf=500000 plies=337295047 games=5088518 rejected=0 skipped=0 epoch=0 mom=0.8708 lrCyc[pk=9.7e-01,tr=9.8e-04] trainerStep=39500
[LAYER-HEALTH] live trainerStep=39500 scope=batch_norm_state_only reluSites=9/10 ch=1040 dead=0 off=7 alwaysOn=0 worst=blocks.2.bn1(dead 0 off 4 on 0) maxBetaOverGamma=+1.87@policy.pre_bn[108] minBetaOverGamma=-2.66@blocks.2.bn1[69] rvMaxOverMedian=103.3@blocks.1.bn1[14] rezero=none nonFinite=0
[REPLAY] step=39550 loss=3.4825 pLoss=2.6694 vLoss=0.8112 pEnt=2.854 pIllM=0.0019 playedP=0.176 pW=0.46 pD=0.07 pL=0.47 vAbs=0.260 pLogitMean=-10.6392 vLogitMean=0.6036 gNorm=0.332 lr=0.254 ms=1160.7 buf=500000 plies=337721706 games=5094938 rejected=0 skipped=0 epoch=0 mom=0.8695 lrCyc[pk=9.7e-01,tr=9.8e-04] trainerStep=39550
[LAYER-HEALTH] live trainerStep=39550 scope=batch_norm_state_only reluSites=9/10 ch=1040 dead=0 off=7 alwaysOn=0 worst=blocks.2.bn1(dead 0 off 4 on 0) maxBetaOverGamma=+1.87@policy.pre_bn[108] minBetaOverGamma=-2.68@blocks.2.bn1[69] rvMaxOverMedian=102.6@blocks.1.bn1[14] rezero=none nonFinite=0
[REPLAY] step=39600 loss=3.4505 pLoss=2.6452 vLoss=0.8033 pEnt=2.852 pIllM=0.0020 playedP=0.178 pW=0.47 pD=0.06 pL=0.47 vAbs=0.274 pLogitMean=-10.6180 vLogitMean=0.6042 gNorm=0.301 lr=0.277 ms=1277.5 buf=500000 plies=338148339 games=5101346 rejected=0 skipped=0 epoch=0 mom=0.8683 lrCyc[pk=9.7e-01,tr=9.8e-04] trainerStep=39600
[LAYER-HEALTH] live trainerStep=39600 scope=batch_norm_state_only reluSites=9/10 ch=1040 dead=0 off=8 alwaysOn=0 worst=blocks.2.bn1(dead 0 off 4 on 0) maxBetaOverGamma=+1.87@policy.pre_bn[108] minBetaOverGamma=-2.69@blocks.2.bn1[69] rvMaxOverMedian=101.8@blocks.1.bn1[14] rezero=none nonFinite=0
[REPLAY] step=39650 loss=3.4827 pLoss=2.6882 vLoss=0.7922 pEnt=2.847 pIllM=0.0022 playedP=0.177 pW=0.47 pD=0.06 pL=0.46 vAbs=0.275 pLogitMean=-10.6120 vLogitMean=0.6062 gNorm=0.311 lr=0.3 ms=1271.9 buf=500000 plies=338575040 games=5107703 rejected=0 skipped=0 epoch=0 mom=0.8671 lrCyc[pk=9.7e-01,tr=9.8e-04] trainerStep=39650
[LAYER-HEALTH] live trainerStep=39650 scope=batch_norm_state_only reluSites=9/10 ch=1040 dead=0 off=8 alwaysOn=0 worst=blocks.2.bn1(dead 0 off 4 on 0) maxBetaOverGamma=+1.88@policy.pre_bn[108] minBetaOverGamma=-2.69@blocks.2.bn1[69] rvMaxOverMedian=100.4@blocks.1.bn1[14] rezero=none nonFinite=0
[REPLAY] step=39700 loss=3.5012 pLoss=2.6919 vLoss=0.8070 pEnt=2.865 pIllM=0.0023 playedP=0.174 pW=0.47 pD=0.07 pL=0.46 vAbs=0.236 pLogitMean=-10.5804 vLogitMean=0.6069 gNorm=0.298 lr=0.326 ms=1315.7 buf=500000 plies=339001656 games=5114104 rejected=0 skipped=0 epoch=0 mom=0.8659 lrCyc[pk=9.6e-01,tr=9.8e-04] trainerStep=39700
[LAYER-HEALTH] live trainerStep=39700 scope=batch_norm_state_only reluSites=9/10 ch=1040 dead=0 off=8 alwaysOn=0 worst=blocks.2.bn1(dead 0 off 4 on 0) maxBetaOverGamma=+1.87@policy.pre_bn[108] minBetaOverGamma=-2.71@blocks.2.bn1[69] rvMaxOverMedian=100.3@blocks.1.bn1[14] rezero=none nonFinite=0
[REPLAY] step=39750 loss=3.4745 pLoss=2.6757 vLoss=0.7964 pEnt=2.848 pIllM=0.0024 playedP=0.178 pW=0.45 pD=0.06 pL=0.49 vAbs=0.232 pLogitMean=-10.5699 vLogitMean=0.6033 gNorm=0.321 lr=0.352 ms=1316.0 buf=500000 plies=339428285 games=5120499 rejected=0 skipped=0 epoch=0 mom=0.8648 lrCyc[pk=9.6e-01,tr=9.8e-04] trainerStep=39750
[LAYER-HEALTH] live trainerStep=39750 scope=batch_norm_state_only reluSites=9/10 ch=1040 dead=0 off=8 alwaysOn=0 worst=blocks.2.bn1(dead 0 off 4 on 0) maxBetaOverGamma=+1.87@policy.pre_bn[108] minBetaOverGamma=-2.69@blocks.2.bn1[69] rvMaxOverMedian=99.4@blocks.1.bn1[14] rezero=none nonFinite=0
[REPLAY] step=39800 loss=3.5283 pLoss=2.7165 vLoss=0.8092 pEnt=2.843 pIllM=0.0025 playedP=0.175 pW=0.48 pD=0.07 pL=0.44 vAbs=0.253 pLogitMean=-10.5496 vLogitMean=0.6063 gNorm=0.307 lr=0.379 ms=1257.3 buf=500000 plies=339854923 games=5126958 rejected=0 skipped=0 epoch=0 mom=0.8637 lrCyc[pk=9.6e-01,tr=9.8e-04] trainerStep=39800
[LAYER-HEALTH] live trainerStep=39800 scope=batch_norm_state_only reluSites=9/10 ch=1040 dead=0 off=6 alwaysOn=0 worst=blocks.2.bn1(dead 0 off 4 on 0) maxBetaOverGamma=+1.87@policy.pre_bn[108] minBetaOverGamma=-2.67@blocks.2.bn1[69] rvMaxOverMedian=101.1@blocks.1.bn1[14] rezero=none nonFinite=0
[REPLAY] step=39850 loss=3.4944 pLoss=2.7050 vLoss=0.7869 pEnt=2.856 pIllM=0.0025 playedP=0.175 pW=0.47 pD=0.06 pL=0.47 vAbs=0.252 pLogitMean=-10.5392 vLogitMean=0.6049 gNorm=0.349 lr=0.408 ms=1273.1 buf=500000 plies=340281640 games=5133325 rejected=0 skipped=0 epoch=0 mom=0.8627 lrCyc[pk=9.6e-01,tr=9.8e-04] trainerStep=39850
[LAYER-HEALTH] live trainerStep=39850 scope=batch_norm_state_only reluSites=9/10 ch=1040 dead=0 off=7 alwaysOn=0 worst=blocks.2.bn1(dead 0 off 4 on 0) maxBetaOverGamma=+1.87@policy.pre_bn[108] minBetaOverGamma=-2.68@blocks.2.bn1[69] rvMaxOverMedian=101.3@blocks.1.bn1[14] rezero=none nonFinite=0
[REPLAY] step=39900 loss=3.5105 pLoss=2.7025 vLoss=0.8048 pEnt=2.863 pIllM=0.0032 playedP=0.176 pW=0.46 pD=0.07 pL=0.47 vAbs=0.223 pLogitMean=-10.5175 vLogitMean=0.6058 gNorm=0.365 lr=0.438 ms=1272.9 buf=500000 plies=340708224 games=5139724 rejected=0 skipped=0 epoch=0 mom=0.8616 lrCyc[pk=9.6e-01,tr=9.8e-04] trainerStep=39900
[LAYER-HEALTH] live trainerStep=39900 scope=batch_norm_state_only reluSites=9/10 ch=1040 dead=0 off=6 alwaysOn=0 worst=blocks.2.bn1(dead 0 off 4 on 0) maxBetaOverGamma=+1.88@policy.pre_bn[108] minBetaOverGamma=-2.72@blocks.2.bn1[69] rvMaxOverMedian=100.6@blocks.1.bn1[14] rezero=none nonFinite=0
[REPLAY] step=39950 loss=3.5383 pLoss=2.7489 vLoss=0.7865 pEnt=2.864 pIllM=0.0029 playedP=0.170 pW=0.48 pD=0.07 pL=0.45 vAbs=0.238 pLogitMean=-10.4821 vLogitMean=0.6050 gNorm=0.306 lr=0.468 ms=1237.7 buf=500000 plies=341134995 games=5146121 rejected=0 skipped=0 epoch=0 mom=0.8607 lrCyc[pk=9.6e-01,tr=9.8e-04] trainerStep=39950
[LAYER-HEALTH] live trainerStep=39950 scope=batch_norm_state_only reluSites=9/10 ch=1040 dead=0 off=6 alwaysOn=0 worst=blocks.2.bn1(dead 0 off 4 on 0) maxBetaOverGamma=+1.87@policy.pre_bn[108] minBetaOverGamma=-2.69@blocks.2.bn1[69] rvMaxOverMedian=101.1@blocks.1.bn1[14] rezero=none nonFinite=0
[REPLAY] step=40000 loss=3.4949 pLoss=2.6985 vLoss=0.7926 pEnt=2.808 pIllM=0.0038 playedP=0.180 pW=0.47 pD=0.07 pL=0.46 vAbs=0.248 pLogitMean=-10.4666 vLogitMean=0.6068 gNorm=0.344 lr=0.5 ms=1298.4 buf=500000 plies=341561598 games=5152480 rejected=0 skipped=0 epoch=0 mom=0.8597 lrCyc[pk=9.6e-01,tr=9.8e-04] trainerStep=40000
[LAYER-HEALTH] live trainerStep=40000 scope=batch_norm_state_only reluSites=9/10 ch=1040 dead=0 off=6 alwaysOn=0 worst=blocks.2.bn1(dead 0 off 4 on 0) maxBetaOverGamma=+1.87@policy.pre_bn[108] minBetaOverGamma=-2.70@blocks.2.bn1[69] rvMaxOverMedian=101.8@blocks.1.bn1[14] rezero=none nonFinite=0
[REPLAY] saved trainer model (autosave) step=40000 trainerStep=40000 nextGame=5152480 shard=11 epoch=0 -> 20261005-lrBleakyall-cyc1-replay-latest.safetensors
[LAYER-HEALTH] checkpoint replay-autosave step=40000 trainerStep=40000 scope=all_tensors reluSites=9/10 ch=1040 dead=0 off=6 alwaysOn=0 worst=blocks.2.bn1(dead 0 off 4 on 0) maxBetaOverGamma=+1.87@policy.pre_bn[108] minBetaOverGamma=-2.70@blocks.2.bn1[69] rvMaxOverMedian=101.8@blocks.1.bn1[14] rezero=none nonFinite=0 seZeroVel=none valueFC1ZeroVel=0/128 maxAbs=14.94@blocks.1.bn1.running_var
[LAYER-HEALTH]   batch-norm sites — β/|γ|: dead < -3.00, mostly off < -2.00, always on > +3.00; classified for relu/leaky_relu only
[LAYER-HEALTH]     site            act            ch   dead    off     on  zeroγ nonfin  min β/|γ| [ch]     max β/|γ| [ch]     rv max/median [ch]
[LAYER-HEALTH]     stem.bn         -             128    n/a    n/a    n/a      0      0     -3.42 [69]         +0.52 [34]            3.4 [88]
[LAYER-HEALTH]     blocks.0.bn1    leaky_relu    128      0      0      0      0      0     -1.02 [47]         +0.64 [64]            7.5 [76]
[LAYER-HEALTH]     blocks.0.bn2    leaky_relu    128      0      0      0      0      0     -1.51 [44]         -0.09 [49]            4.2 [96]
[LAYER-HEALTH]     blocks.1.bn1    leaky_relu    128      0      0      0      0      0     -1.71 [52]         -0.29 [41]          101.8 [14]
[LAYER-HEALTH]     blocks.1.bn2    leaky_relu    128      0      1      0      0      0     -2.26 [80]         -0.62 [60]            7.7 [32]
[LAYER-HEALTH]     blocks.2.bn1    leaky_relu    128      0      4      0      0      0     -2.70 [69]         +1.07 [31]           46.1 [31]
[LAYER-HEALTH]     blocks.2.bn2    leaky_relu    128      0      0      0      0      0     -1.97 [85]         -0.21 [46]            3.2 [103]
[LAYER-HEALTH]     tower_final_bn  leaky_relu    128      0      0      0      0      0     -0.82 [16]         +1.75 [55]            8.0 [31]
[LAYER-HEALTH]     policy.pre_bn   leaky_relu    128      0      0      0      0      0     -1.65 [7]          +1.87 [108]           3.1 [110]
[LAYER-HEALTH]     value.bn        leaky_relu     16      0      1      0      0      0     -2.24 [4]          -0.54 [1]             2.2 [13]
[LAYER-HEALTH]   FC hidden-unit velocity — zero: every weight-velocity entry exactly 0; low: nonzero but < 5% of the layer's p90 unit norm
[LAYER-HEALTH]     value.fc1.weight  leaky_relu  units 128  zero 0  low 7  median unit norm 0.003496
[LAYER-HEALTH]     (no SE blocks)
[LAYER-HEALTH]   ReZero: none
[LAYER-HEALTH]   non-finite: 0 values in 0 of 102 tensors (10263038 values examined)
[LAYER-HEALTH]   largest |value|: blocks.1.bn1.running_var 14.94, blocks.0.bn2.running_var 7.343, blocks.2.bn1.running_var 7.2, policy.conv.bias 5.802, policy.pre_bn.bias 5.108
[REPLAY] enumerated checkpoint -> 20261005-lrBleakyall-cyc1-replay-step40000.safetensors
[REPLAY] saved trainer model (final) step=40000 trainerStep=40000 nextGame=5152480 shard=11 epoch=0 -> 20261005-lrBleakyall-cyc1-replay-latest.safetensors
[LAYER-HEALTH] checkpoint replay-final step=40000 trainerStep=40000 scope=all_tensors reluSites=9/10 ch=1040 dead=0 off=6 alwaysOn=0 worst=blocks.2.bn1(dead 0 off 4 on 0) maxBetaOverGamma=+1.87@policy.pre_bn[108] minBetaOverGamma=-2.70@blocks.2.bn1[69] rvMaxOverMedian=101.8@blocks.1.bn1[14] rezero=none nonFinite=0 seZeroVel=none valueFC1ZeroVel=0/128 maxAbs=14.94@blocks.1.bn1.running_var
[LAYER-HEALTH]   batch-norm sites — β/|γ|: dead < -3.00, mostly off < -2.00, always on > +3.00; classified for relu/leaky_relu only
[LAYER-HEALTH]     site            act            ch   dead    off     on  zeroγ nonfin  min β/|γ| [ch]     max β/|γ| [ch]     rv max/median [ch]
[LAYER-HEALTH]     stem.bn         -             128    n/a    n/a    n/a      0      0     -3.42 [69]         +0.52 [34]            3.4 [88]
[LAYER-HEALTH]     blocks.0.bn1    leaky_relu    128      0      0      0      0      0     -1.02 [47]         +0.64 [64]            7.5 [76]
[LAYER-HEALTH]     blocks.0.bn2    leaky_relu    128      0      0      0      0      0     -1.51 [44]         -0.09 [49]            4.2 [96]
[LAYER-HEALTH]     blocks.1.bn1    leaky_relu    128      0      0      0      0      0     -1.71 [52]         -0.29 [41]          101.8 [14]
[LAYER-HEALTH]     blocks.1.bn2    leaky_relu    128      0      1      0      0      0     -2.26 [80]         -0.62 [60]            7.7 [32]
[LAYER-HEALTH]     blocks.2.bn1    leaky_relu    128      0      4      0      0      0     -2.70 [69]         +1.07 [31]           46.1 [31]
[LAYER-HEALTH]     blocks.2.bn2    leaky_relu    128      0      0      0      0      0     -1.97 [85]         -0.21 [46]            3.2 [103]
[LAYER-HEALTH]     tower_final_bn  leaky_relu    128      0      0      0      0      0     -0.82 [16]         +1.75 [55]            8.0 [31]
[LAYER-HEALTH]     policy.pre_bn   leaky_relu    128      0      0      0      0      0     -1.65 [7]          +1.87 [108]           3.1 [110]
[LAYER-HEALTH]     value.bn        leaky_relu     16      0      1      0      0      0     -2.24 [4]          -0.54 [1]             2.2 [13]
[LAYER-HEALTH]   FC hidden-unit velocity — zero: every weight-velocity entry exactly 0; low: nonzero but < 5% of the layer's p90 unit norm
[LAYER-HEALTH]     value.fc1.weight  leaky_relu  units 128  zero 0  low 7  median unit norm 0.003496
[LAYER-HEALTH]     (no SE blocks)
[LAYER-HEALTH]   ReZero: none
[LAYER-HEALTH]   non-finite: 0 values in 0 of 102 tensors (10263038 values examined)
[LAYER-HEALTH]   largest |value|: blocks.1.bn1.running_var 14.94, blocks.0.bn2.running_var 7.343, blocks.2.bn1.running_var 7.2, policy.conv.bias 5.802, policy.pre_bn.bias 5.108
[REPLAY] enumerated checkpoint -> 20261005-lrBleakyall-cyc1-replay-step40000.safetensors (replaced this run's own earlier save of step 40000)
[REPLAY] done: steps=40000 positionsFed=341561598 gamesFed=5152480 rejected=0 skipped=0 epochs=0
