warning: loc(fused["mps_add_18"("(mpsFileLoc): /AppleInternal/Library/BuildRoots/4~CYf0ugAFA2MHVp9fguae4KUVbl8-CIxgGlWKSUA/Library/Caches/com.apple.xbs/TemporaryDirectory.p76yMP/Sources/MetalPerformanceShadersGraph/mpsgraph/MetalPerformanceShadersGraph/Core/Files/MPSGraphUtilities.mm":234:0), "ane_validation_message"("Incompatible element type for ANE: expected fp16, f8E4M3, si8, ui8, si16, or ui16":0:0)]): Reached maxReorderingDistance 10
warning: loc(fused["mps_add_18"("(mpsFileLoc): /AppleInternal/Library/BuildRoots/4~CYf0ugAFA2MHVp9fguae4KUVbl8-CIxgGlWKSUA/Library/Caches/com.apple.xbs/TemporaryDirectory.p76yMP/Sources/MetalPerformanceShadersGraph/mpsgraph/MetalPerformanceShadersGraph/Core/Files/MPSGraphUtilities.mm":234:0), "ane_validation_message"("Incompatible element type for ANE: expected fp16, f8E4M3, si8, ui8, si16, or ui16":0:0)]): Reached maxReorderingDistance 10
warning: loc(fused["mps_add_24"("(mpsFileLoc): /AppleInternal/Library/BuildRoots/4~CYf0ugAFA2MHVp9fguae4KUVbl8-CIxgGlWKSUA/Library/Caches/com.apple.xbs/TemporaryDirectory.p76yMP/Sources/MetalPerformanceShadersGraph/mpsgraph/MetalPerformanceShadersGraph/Core/Files/MPSGraphUtilities.mm":234:0), "ane_validation_message"("Incompatible element type for ANE: expected fp16, f8E4M3, si8, ui8, si16, or ui16":0:0)]): Reached maxReorderingDistance 10
warning: loc(fused["mps_add_24"("(mpsFileLoc): /AppleInternal/Library/BuildRoots/4~CYf0ugAFA2MHVp9fguae4KUVbl8-CIxgGlWKSUA/Library/Caches/com.apple.xbs/TemporaryDirectory.p76yMP/Sources/MetalPerformanceShadersGraph/mpsgraph/MetalPerformanceShadersGraph/Core/Files/MPSGraphUtilities.mm":234:0), "ane_validation_message"("Incompatible element type for ANE: expected fp16, f8E4M3, si8, ui8, si16, or ui16":0:0)]): Reached maxReorderingDistance 10
warning: loc(fused["mps_add_36"("(mpsFileLoc): /AppleInternal/Library/BuildRoots/4~CYf0ugAFA2MHVp9fguae4KUVbl8-CIxgGlWKSUA/Library/Caches/com.apple.xbs/TemporaryDirectory.p76yMP/Sources/MetalPerformanceShadersGraph/mpsgraph/MetalPerformanceShadersGraph/Core/Files/MPSGraphUtilities.mm":234:0), "ane_validation_message"("Incompatible element type for ANE: expected fp16, f8E4M3, si8, ui8, si16, or ui16":0:0)]): Reached maxReorderingDistance 10
warning: loc(fused["mps_add_36"("(mpsFileLoc): /AppleInternal/Library/BuildRoots/4~CYf0ugAFA2MHVp9fguae4KUVbl8-CIxgGlWKSUA/Library/Caches/com.apple.xbs/TemporaryDirectory.p76yMP/Sources/MetalPerformanceShadersGraph/mpsgraph/MetalPerformanceShadersGraph/Core/Files/MPSGraphUtilities.mm":234:0), "ane_validation_message"("Incompatible element type for ANE: expected fp16, f8E4M3, si8, ui8, si16, or ui16":0:0)]): Reached maxReorderingDistance 10
warning: loc(fused["mps_add_48"("(mpsFileLoc): /AppleInternal/Library/BuildRoots/4~CYf0ugAFA2MHVp9fguae4KUVbl8-CIxgGlWKSUA/Library/Caches/com.apple.xbs/TemporaryDirectory.p76yMP/Sources/MetalPerformanceShadersGraph/mpsgraph/MetalPerformanceShadersGraph/Core/Files/MPSGraphUtilities.mm":234:0), "ane_validation_message"("Incompatible element type for ANE: expected fp16, f8E4M3, si8, ui8, si16, or ui16":0:0)]): Reached maxReorderingDistance 10
warning: loc(fused["mps_add_18"("(mpsFileLoc): /AppleInternal/Library/BuildRoots/4~CYf0ugAFA2MHVp9fguae4KUVbl8-CIxgGlWKSUA/Library/Caches/com.apple.xbs/TemporaryDirectory.p76yMP/Sources/MetalPerformanceShadersGraph/mpsgraph/MetalPerformanceShadersGraph/Core/Files/MPSGraphUtilities.mm":234:0), "ane_validation_message"("Incompatible element type for ANE: expected fp16, f8E4M3, si8, ui8, si16, or ui16":0:0)]): Reached maxReorderingDistance 10
warning: loc(fused["mps_add_18"("(mpsFileLoc): /AppleInternal/Library/BuildRoots/4~CYf0ugAFA2MHVp9fguae4KUVbl8-CIxgGlWKSUA/Library/Caches/com.apple.xbs/TemporaryDirectory.p76yMP/Sources/MetalPerformanceShadersGraph/mpsgraph/MetalPerformanceShadersGraph/Core/Files/MPSGraphUtilities.mm":234:0), "ane_validation_message"("Incompatible element type for ANE: expected fp16, f8E4M3, si8, ui8, si16, or ui16":0:0)]): Reached maxReorderingDistance 10
warning: loc(fused["mps_add_24"("(mpsFileLoc): /AppleInternal/Library/BuildRoots/4~CYf0ugAFA2MHVp9fguae4KUVbl8-CIxgGlWKSUA/Library/Caches/com.apple.xbs/TemporaryDirectory.p76yMP/Sources/MetalPerformanceShadersGraph/mpsgraph/MetalPerformanceShadersGraph/Core/Files/MPSGraphUtilities.mm":234:0), "ane_validation_message"("Incompatible element type for ANE: expected fp16, f8E4M3, si8, ui8, si16, or ui16":0:0)]): Reached maxReorderingDistance 10
warning: loc(fused["mps_add_24"("(mpsFileLoc): /AppleInternal/Library/BuildRoots/4~CYf0ugAFA2MHVp9fguae4KUVbl8-CIxgGlWKSUA/Library/Caches/com.apple.xbs/TemporaryDirectory.p76yMP/Sources/MetalPerformanceShadersGraph/mpsgraph/MetalPerformanceShadersGraph/Core/Files/MPSGraphUtilities.mm":234:0), "ane_validation_message"("Incompatible element type for ANE: expected fp16, f8E4M3, si8, ui8, si16, or ui16":0:0)]): Reached maxReorderingDistance 10
warning: loc(fused["mps_add_36"("(mpsFileLoc): /AppleInternal/Library/BuildRoots/4~CYf0ugAFA2MHVp9fguae4KUVbl8-CIxgGlWKSUA/Library/Caches/com.apple.xbs/TemporaryDirectory.p76yMP/Sources/MetalPerformanceShadersGraph/mpsgraph/MetalPerformanceShadersGraph/Core/Files/MPSGraphUtilities.mm":234:0), "ane_validation_message"("Incompatible element type for ANE: expected fp16, f8E4M3, si8, ui8, si16, or ui16":0:0)]): Reached maxReorderingDistance 10
warning: loc(fused["mps_add_36"("(mpsFileLoc): /AppleInternal/Library/BuildRoots/4~CYf0ugAFA2MHVp9fguae4KUVbl8-CIxgGlWKSUA/Library/Caches/com.apple.xbs/TemporaryDirectory.p76yMP/Sources/MetalPerformanceShadersGraph/mpsgraph/MetalPerformanceShadersGraph/Core/Files/MPSGraphUtilities.mm":234:0), "ane_validation_message"("Incompatible element type for ANE: expected fp16, f8E4M3, si8, ui8, si16, or ui16":0:0)]): Reached maxReorderingDistance 10
warning: loc(fused["mps_add_48"("(mpsFileLoc): /AppleInternal/Library/BuildRoots/4~CYf0ugAFA2MHVp9fguae4KUVbl8-CIxgGlWKSUA/Library/Caches/com.apple.xbs/TemporaryDirectory.p76yMP/Sources/MetalPerformanceShadersGraph/mpsgraph/MetalPerformanceShadersGraph/Core/Files/MPSGraphUtilities.mm":234:0), "ane_validation_message"("Incompatible element type for ANE: expected fp16, f8E4M3, si8, ui8, si16, or ui16":0:0)]): Reached maxReorderingDistance 10
warning: loc(fused["mps_add_18"("(mpsFileLoc): /AppleInternal/Library/BuildRoots/4~CYf0ugAFA2MHVp9fguae4KUVbl8-CIxgGlWKSUA/Library/Caches/com.apple.xbs/TemporaryDirectory.p76yMP/Sources/MetalPerformanceShadersGraph/mpsgraph/MetalPerformanceShadersGraph/Core/Files/MPSGraphUtilities.mm":234:0), "ane_validation_message"("Incompatible element type for ANE: expected fp16, f8E4M3, si8, ui8, si16, or ui16":0:0)]): Reached maxReorderingDistance 10
warning: loc(fused["mps_add_18"("(mpsFileLoc): /AppleInternal/Library/BuildRoots/4~CYf0ugAFA2MHVp9fguae4KUVbl8-CIxgGlWKSUA/Library/Caches/com.apple.xbs/TemporaryDirectory.p76yMP/Sources/MetalPerformanceShadersGraph/mpsgraph/MetalPerformanceShadersGraph/Core/Files/MPSGraphUtilities.mm":234:0), "ane_validation_message"("Incompatible element type for ANE: expected fp16, f8E4M3, si8, ui8, si16, or ui16":0:0)]): Reached maxReorderingDistance 10
warning: loc(fused["mps_add_24"("(mpsFileLoc): /AppleInternal/Library/BuildRoots/4~CYf0ugAFA2MHVp9fguae4KUVbl8-CIxgGlWKSUA/Library/Caches/com.apple.xbs/TemporaryDirectory.p76yMP/Sources/MetalPerformanceShadersGraph/mpsgraph/MetalPerformanceShadersGraph/Core/Files/MPSGraphUtilities.mm":234:0), "ane_validation_message"("Incompatible element type for ANE: expected fp16, f8E4M3, si8, ui8, si16, or ui16":0:0)]): Reached maxReorderingDistance 10
warning: loc(fused["mps_add_24"("(mpsFileLoc): /AppleInternal/Library/BuildRoots/4~CYf0ugAFA2MHVp9fguae4KUVbl8-CIxgGlWKSUA/Library/Caches/com.apple.xbs/TemporaryDirectory.p76yMP/Sources/MetalPerformanceShadersGraph/mpsgraph/MetalPerformanceShadersGraph/Core/Files/MPSGraphUtilities.mm":234:0), "ane_validation_message"("Incompatible element type for ANE: expected fp16, f8E4M3, si8, ui8, si16, or ui16":0:0)]): Reached maxReorderingDistance 10
warning: loc(fused["mps_add_36"("(mpsFileLoc): /AppleInternal/Library/BuildRoots/4~CYf0ugAFA2MHVp9fguae4KUVbl8-CIxgGlWKSUA/Library/Caches/com.apple.xbs/TemporaryDirectory.p76yMP/Sources/MetalPerformanceShadersGraph/mpsgraph/MetalPerformanceShadersGraph/Core/Files/MPSGraphUtilities.mm":234:0), "ane_validation_message"("Incompatible element type for ANE: expected fp16, f8E4M3, si8, ui8, si16, or ui16":0:0)]): Reached maxReorderingDistance 10
warning: loc(fused["mps_add_36"("(mpsFileLoc): /AppleInternal/Library/BuildRoots/4~CYf0ugAFA2MHVp9fguae4KUVbl8-CIxgGlWKSUA/Library/Caches/com.apple.xbs/TemporaryDirectory.p76yMP/Sources/MetalPerformanceShadersGraph/mpsgraph/MetalPerformanceShadersGraph/Core/Files/MPSGraphUtilities.mm":234:0), "ane_validation_message"("Incompatible element type for ANE: expected fp16, f8E4M3, si8, ui8, si16, or ui16":0:0)]): Reached maxReorderingDistance 10
warning: loc(fused["mps_add_48"("(mpsFileLoc): /AppleInternal/Library/BuildRoots/4~CYf0ugAFA2MHVp9fguae4KUVbl8-CIxgGlWKSUA/Library/Caches/com.apple.xbs/TemporaryDirectory.p76yMP/Sources/MetalPerformanceShadersGraph/mpsgraph/MetalPerformanceShadersGraph/Core/Files/MPSGraphUtilities.mm":234:0), "ane_validation_message"("Incompatible element type for ANE: expected fp16, f8E4M3, si8, ui8, si16, or ui16":0:0)]): Reached maxReorderingDistance 10
[REPLAY] starting offline corpus replay over 1 corpus path(s)
[REPLAY] start-model: 20261005-r7b24-silublocks-leakyheads-fresh.safetensors modelID=20261006-42-Lzj4 encoding=basic24
[REPLAY-ARCH] (start-model) v5 . in basic24(24) -> stem 128 (7x7) . 3x[7x7+7x7 @128, no-SE, silu/pre, clean_add, no-ReZero, out:layer_norm, drop*1] . act tower_end silu, policy leaky_relu, value_conv leaky_relu, value_fc1_hidden leaky_relu . policy intermediate_conv(4864) . value WDL(16->FC128) . bfloat16 . 5,132,687 params
[REPLAY-HPARAMS] lr=0.001 batch=4096 wd=0.0003 momentum=0.9 gradClip=15 entropyBonus=0 drawPenalty=0 policyW=1 valueW=1 illegalW=1 pLabelSmooth=0.1 pLabelSmoothMode=fixed_total pLabelSmoothPerMove=0.0033 pLabelSmoothPerMoveCap=0.5 vLabelSmooth=0.013 dropout=0 lrWarmup=1000 bufCap=500000 replayRatio=0.48 minPrefill=250000 complementCE=on sqrtBatchLR=on batchStats=10 klProbe=100 sampling=(maxPerGame=400 maxDrawPct=100 targetLen=0 stratify=off applied=on)
[REPLAY] trainer-model output: /Users/andrew/Library/Application Support/DrewsChessMachine/Models/20261005-lrBsilu-cyc1-replay-latest.safetensors (new file)
[REPLAY] enumerated checkpoints: /Users/andrew/Library/Application Support/DrewsChessMachine/Models/20261005-lrBsilu-cyc1-replay-step1000.safetensors and siblings (never overwritten)
[REPLAY] corpus 20260624-192615-w3aA5b: 46 sealed shard(s)
[PARAM] random_seed from --seed: 20261005 (overrides random_seed_mode and random_seed=0 for this process)
[REPLAY] building network + trainer (encoding=basic24)
[NUMERICS] policy_tail_precision=fp32_from_pre_bn source=flag (affects bf16 / fp16 models only)
[REPLAY] start-model weights loaded into trainer (working+masters, velocity zeroed; new branch) + feeder net (base tensors=61)
[REPLAY-CYCLE] lr=[trough 1.00e-03,peak 1.00e+00]^10000st cnt=0 inv=true mom=[0.75,0.90]^1000st cnt=0 inv=false decay=[peak->1.00e-04 trough->1.00e-05 over 10000000st] momFollow=[low 0.850->0.900 high 0.950->0.950] origin=trainerStep 0 cycleStep 0 cycleLR=1.0000e+00 cycleMom=0.8500 (new branch from 20261006-42-Lzj4; its clock, warmup and velocity are not continued)
[RUN] path=replay run=085EF48A-CD92-47F9-AE00-512F86091177 seg=0 (branch from 20261006-42-Lzj4 sha=59f8e3726e02) build=2330 git=4e70c615 dirty=true device="Apple M5 Max" vm=false os="Version 27.2 (Build 26B5091g)" seed=20261005 mode=seeded(--seed) derivation=v1 params_sha=b6cb733707db cum_step=0 cum_games=0 cum_train_sec=0.0 argv="/Users/andrew/Library/Application Support/DrewsChessMachine/FrozenBuilds/DCM-2331-4e70c615-p1headact.app/Contents/MacOS/DrewsChessMachine --replay-corpus 20260624-192615-w3aA5b --start-model /Users/andrew/Library/Application Support/DrewsChessMachine/Models/20261005-r7b24-silublocks-leakyheads-fresh.safetensors --out-model /Users/andrew/Library/Application Support/DrewsChessMachine/Models/20261005-lrBsilu-cyc1-replay-latest.safetensors --parameters /Users/andrew/cursor/drews-chess-machine/experiments/20261005-lr-schedule-ab/parameters-B.json --epochs 12 --training-step-limit 40000 --enumerate-checkpoints --policy-tail-precision fp32_from_pre_bn --seed 20261005"
[REPLAY] batchSize=4096 reuse=0.48 K=8533 minPrefill=250000 stepLimit=40000 epochLimit=12
[REPLAY] pre-filled: bufCount=250052 positionsFed=250052 gamesFed=3777 rejected=0 skipped=0
[REPLAY] step=1 loss=11.8550 pLoss=8.6172 vLoss=2.2438 pEnt=-- pIllM=0.9940 playedP=-- pW=-- pD=-- pL=-- vAbs=-- pLogitMean=-- vLogitMean=-- gNorm=27.239 lr=0.001 ms=4203.7 buf=250052 plies=250052 games=3777 rejected=0 skipped=0 epoch=0 mom=0.8500 lrCyc[pk=1.0e+00,tr=1.0e-03] trainerStep=1
[LAYER-HEALTH] live trainerStep=1 scope=batch_norm_state_only reluSites=2/10 ch=144 dead=0 off=0 alwaysOn=0 worst=none maxBetaOverGamma=+0.00@policy.pre_bn[0] minBetaOverGamma=+0.00@policy.pre_bn[0] rvMaxOverMedian=3.2@stem.bn[47] rezero=none nonFinite=0
[REPLAY] step=50 loss=5.2535 pLoss=4.0602 vLoss=0.8999 pEnt=2.753 pIllM=0.2935 playedP=0.078 pW=0.42 pD=0.08 pL=0.50 vAbs=0.182 pLogitMean=0.1698 vLogitMean=1.9205 gNorm=3.574 lr=0.05 ms=2101.3 buf=500000 plies=668192 games=10125 rejected=0 skipped=0 epoch=0 mom=0.8500 lrCyc[pk=1.0e+00,tr=1.0e-03] trainerStep=50
[LAYER-HEALTH] live trainerStep=50 scope=batch_norm_state_only reluSites=2/10 ch=144 dead=0 off=0 alwaysOn=0 worst=none maxBetaOverGamma=+0.06@policy.pre_bn[42] minBetaOverGamma=-0.05@policy.pre_bn[40] rvMaxOverMedian=3.2@stem.bn[47] rezero=none nonFinite=0
[REPLAY] step=100 loss=4.4107 pLoss=3.4186 vLoss=0.8419 pEnt=2.831 pIllM=0.1502 playedP=0.109 pW=0.47 pD=0.06 pL=0.47 vAbs=0.155 pLogitMean=0.3105 vLogitMean=1.7056 gNorm=1.883 lr=0.1 ms=2618.9 buf=500000 plies=1094822 games=16614 rejected=0 skipped=0 epoch=0 mom=0.8500 lrCyc[pk=1.0e+00,tr=1.0e-03] trainerStep=100
[LAYER-HEALTH] live trainerStep=100 scope=batch_norm_state_only reluSites=2/10 ch=144 dead=0 off=0 alwaysOn=0 worst=none maxBetaOverGamma=+0.07@policy.pre_bn[42] minBetaOverGamma=-0.06@policy.pre_bn[40] rvMaxOverMedian=3.6@stem.bn[47] rezero=none nonFinite=0
[REPLAY] step=150 loss=4.6117 pLoss=3.5595 vLoss=0.8611 pEnt=2.875 pIllM=0.1912 playedP=0.097 pW=0.48 pD=0.08 pL=0.44 vAbs=0.080 pLogitMean=0.2966 vLogitMean=1.5589 gNorm=1.861 lr=0.15 ms=2612.7 buf=500000 plies=1521507 games=23047 rejected=0 skipped=0 epoch=0 mom=0.8500 lrCyc[pk=1.0e+00,tr=1.0e-03] trainerStep=150
[LAYER-HEALTH] live trainerStep=150 scope=batch_norm_state_only reluSites=2/10 ch=144 dead=0 off=0 alwaysOn=0 worst=none maxBetaOverGamma=+0.06@policy.pre_bn[103] minBetaOverGamma=-0.13@value.bn[14] rvMaxOverMedian=6.9@stem.bn[79] rezero=none nonFinite=0
[REPLAY] step=200 loss=4.2622 pLoss=3.3049 vLoss=0.8326 pEnt=2.812 pIllM=0.1247 playedP=0.120 pW=0.52 pD=0.05 pL=0.43 vAbs=0.179 pLogitMean=0.3117 vLogitMean=1.1964 gNorm=1.904 lr=0.2 ms=2244.0 buf=500000 plies=1948135 games=29513 rejected=0 skipped=0 epoch=0 mom=0.8500 lrCyc[pk=1.0e+00,tr=1.0e-03] trainerStep=200
[LAYER-HEALTH] live trainerStep=200 scope=batch_norm_state_only reluSites=2/10 ch=144 dead=0 off=0 alwaysOn=0 worst=none maxBetaOverGamma=+0.09@policy.pre_bn[12] minBetaOverGamma=-0.16@policy.pre_bn[40] rvMaxOverMedian=24.1@stem.bn[79] rezero=none nonFinite=0
[REPLAY] step=250 loss=4.1565 pLoss=3.2067 vLoss=0.8389 pEnt=2.745 pIllM=0.1109 playedP=0.136 pW=0.56 pD=0.08 pL=0.36 vAbs=0.277 pLogitMean=0.2495 vLogitMean=1.0920 gNorm=1.389 lr=0.25 ms=2063.6 buf=500000 plies=2374804 games=35963 rejected=0 skipped=0 epoch=0 mom=0.8500 lrCyc[pk=1.0e+00,tr=1.0e-03] trainerStep=250
[LAYER-HEALTH] live trainerStep=250 scope=batch_norm_state_only reluSites=2/10 ch=144 dead=0 off=0 alwaysOn=0 worst=none maxBetaOverGamma=+0.10@policy.pre_bn[12] minBetaOverGamma=-0.18@policy.pre_bn[40] rvMaxOverMedian=44.5@stem.bn[79] rezero=none nonFinite=0
[REPLAY] step=300 loss=4.1153 pLoss=3.1874 vLoss=0.8343 pEnt=2.815 pIllM=0.0936 playedP=0.125 pW=0.52 pD=0.08 pL=0.40 vAbs=0.215 pLogitMean=0.0452 vLogitMean=0.9747 gNorm=1.122 lr=0.3 ms=2225.3 buf=500000 plies=2801422 games=42394 rejected=0 skipped=0 epoch=0 mom=0.8500 lrCyc[pk=1.0e+00,tr=1.0e-03] trainerStep=300
[LAYER-HEALTH] live trainerStep=300 scope=batch_norm_state_only reluSites=2/10 ch=144 dead=0 off=0 alwaysOn=0 worst=none maxBetaOverGamma=+0.14@policy.pre_bn[12] minBetaOverGamma=-0.30@policy.pre_bn[80] rvMaxOverMedian=57.5@stem.bn[79] rezero=none nonFinite=0
[REPLAY] step=350 loss=4.0564 pLoss=3.1563 vLoss=0.8191 pEnt=2.822 pIllM=0.0810 playedP=0.130 pW=0.53 pD=0.05 pL=0.41 vAbs=0.237 pLogitMean=-0.0999 vLogitMean=1.0252 gNorm=0.988 lr=0.35 ms=2232.5 buf=500000 plies=3228166 games=48821 rejected=0 skipped=0 epoch=0 mom=0.8500 lrCyc[pk=1.0e+00,tr=1.0e-03] trainerStep=350
[LAYER-HEALTH] live trainerStep=350 scope=batch_norm_state_only reluSites=2/10 ch=144 dead=0 off=0 alwaysOn=0 worst=none maxBetaOverGamma=+0.17@policy.pre_bn[108] minBetaOverGamma=-0.35@policy.pre_bn[80] rvMaxOverMedian=56.6@stem.bn[79] rezero=none nonFinite=0
[REPLAY] step=400 loss=4.1765 pLoss=3.2830 vLoss=0.8089 pEnt=2.739 pIllM=0.0845 playedP=0.119 pW=0.45 pD=0.06 pL=0.48 vAbs=0.187 pLogitMean=-0.2826 vLogitMean=0.8453 gNorm=1.364 lr=0.4 ms=2268.4 buf=500000 plies=3654819 games=55255 rejected=0 skipped=0 epoch=0 mom=0.8500 lrCyc[pk=1.0e+00,tr=1.0e-03] trainerStep=400
[LAYER-HEALTH] live trainerStep=400 scope=batch_norm_state_only reluSites=2/10 ch=144 dead=0 off=0 alwaysOn=0 worst=none maxBetaOverGamma=+0.23@policy.pre_bn[108] minBetaOverGamma=-0.45@policy.pre_bn[80] rvMaxOverMedian=57.1@stem.bn[79] rezero=none nonFinite=0
[REPLAY] step=450 loss=3.9232 pLoss=3.0504 vLoss=0.8175 pEnt=2.905 pIllM=0.0553 playedP=0.125 pW=0.47 pD=0.07 pL=0.46 vAbs=0.185 pLogitMean=-0.4437 vLogitMean=0.7368 gNorm=0.600 lr=0.45 ms=2039.8 buf=500000 plies=4081392 games=61710 rejected=0 skipped=0 epoch=0 mom=0.8500 lrCyc[pk=1.0e+00,tr=1.0e-03] trainerStep=450
[LAYER-HEALTH] live trainerStep=450 scope=batch_norm_state_only reluSites=2/10 ch=144 dead=0 off=0 alwaysOn=0 worst=none maxBetaOverGamma=+0.29@policy.pre_bn[108] minBetaOverGamma=-0.51@policy.pre_bn[80] rvMaxOverMedian=56.9@stem.bn[79] rezero=none nonFinite=0
[REPLAY] step=500 loss=3.9652 pLoss=3.0984 vLoss=0.8139 pEnt=2.767 pIllM=0.0529 playedP=0.126 pW=0.46 pD=0.07 pL=0.47 vAbs=0.220 pLogitMean=-0.6231 vLogitMean=0.7505 gNorm=1.335 lr=0.5 ms=2362.6 buf=500000 plies=4508091 games=68143 rejected=0 skipped=0 epoch=0 mom=0.8500 lrCyc[pk=1.0e+00,tr=1.0e-03] trainerStep=500
[LAYER-HEALTH] live trainerStep=500 scope=batch_norm_state_only reluSites=2/10 ch=144 dead=0 off=0 alwaysOn=0 worst=none maxBetaOverGamma=+0.34@policy.pre_bn[108] minBetaOverGamma=-0.57@policy.pre_bn[26] rvMaxOverMedian=60.0@stem.bn[79] rezero=none nonFinite=0
[REPLAY] step=550 loss=4.2841 pLoss=3.3339 vLoss=0.8241 pEnt=2.640 pIllM=0.1261 playedP=0.133 pW=0.48 pD=0.08 pL=0.45 vAbs=0.165 pLogitMean=-1.0564 vLogitMean=0.7578 gNorm=1.201 lr=0.55 ms=2291.9 buf=500000 plies=4934688 games=74611 rejected=0 skipped=0 epoch=0 mom=0.8500 lrCyc[pk=1.0e+00,tr=1.0e-03] trainerStep=550
[LAYER-HEALTH] live trainerStep=550 scope=batch_norm_state_only reluSites=2/10 ch=144 dead=0 off=0 alwaysOn=0 worst=none maxBetaOverGamma=+0.46@policy.pre_bn[108] minBetaOverGamma=-0.78@policy.pre_bn[80] rvMaxOverMedian=56.1@stem.bn[79] rezero=none nonFinite=0
[REPLAY] step=600 loss=3.9567 pLoss=3.0618 vLoss=0.8353 pEnt=2.861 pIllM=0.0596 playedP=0.126 pW=0.47 pD=0.08 pL=0.45 vAbs=0.176 pLogitMean=-1.3641 vLogitMean=0.7196 gNorm=0.715 lr=0.6 ms=2009.2 buf=500000 plies=5361349 games=81137 rejected=0 skipped=0 epoch=0 mom=0.8500 lrCyc[pk=1.0e+00,tr=1.0e-03] trainerStep=600
[LAYER-HEALTH] live trainerStep=600 scope=batch_norm_state_only reluSites=2/10 ch=144 dead=0 off=0 alwaysOn=0 worst=none maxBetaOverGamma=+0.56@policy.pre_bn[108] minBetaOverGamma=-0.72@value.bn[14] rvMaxOverMedian=51.2@stem.bn[79] rezero=none nonFinite=0
[REPLAY] step=650 loss=3.9933 pLoss=3.1347 vLoss=0.8103 pEnt=2.766 pIllM=0.0484 playedP=0.138 pW=0.52 pD=0.06 pL=0.42 vAbs=0.212 pLogitMean=-1.6136 vLogitMean=0.7050 gNorm=1.156 lr=0.65 ms=2195.1 buf=500000 plies=5787980 games=87653 rejected=0 skipped=0 epoch=0 mom=0.8500 lrCyc[pk=1.0e+00,tr=1.0e-03] trainerStep=650
[LAYER-HEALTH] live trainerStep=650 scope=batch_norm_state_only reluSites=2/10 ch=144 dead=0 off=0 alwaysOn=0 worst=none maxBetaOverGamma=+0.62@policy.pre_bn[108] minBetaOverGamma=-0.81@value.bn[7] rvMaxOverMedian=50.3@stem.bn[79] rezero=none nonFinite=0
[REPLAY] step=700 loss=3.8569 pLoss=2.9988 vLoss=0.8156 pEnt=2.835 pIllM=0.0426 playedP=0.139 pW=0.46 pD=0.07 pL=0.47 vAbs=0.206 pLogitMean=-2.0140 vLogitMean=0.6888 gNorm=0.675 lr=0.7 ms=1966.9 buf=500000 plies=6214635 games=94100 rejected=0 skipped=0 epoch=0 mom=0.8500 lrCyc[pk=1.0e+00,tr=1.0e-03] trainerStep=700
[LAYER-HEALTH] live trainerStep=700 scope=batch_norm_state_only reluSites=2/10 ch=144 dead=0 off=0 alwaysOn=0 worst=none maxBetaOverGamma=+0.72@policy.pre_bn[108] minBetaOverGamma=-0.90@value.bn[7] rvMaxOverMedian=49.7@stem.bn[79] rezero=none nonFinite=0
[REPLAY] step=750 loss=3.8365 pLoss=2.9862 vLoss=0.7997 pEnt=2.858 pIllM=0.0505 playedP=0.137 pW=0.46 pD=0.05 pL=0.49 vAbs=0.200 pLogitMean=-2.4093 vLogitMean=0.6703 gNorm=0.477 lr=0.75 ms=2106.2 buf=500000 plies=6641305 games=100549 rejected=0 skipped=0 epoch=0 mom=0.8500 lrCyc[pk=1.0e+00,tr=1.0e-03] trainerStep=750
[LAYER-HEALTH] live trainerStep=750 scope=batch_norm_state_only warning: loc(fused["mps_add_18"("(mpsFileLoc): /AppleInternal/Library/BuildRoots/4~CYf0ugAFA2MHVp9fguae4KUVbl8-CIxgGlWKSUA/Library/Caches/com.apple.xbs/TemporaryDirectory.p76yMP/Sources/MetalPerformanceShadersGraph/mpsgraph/MetalPerformanceShadersGraph/Core/Files/MPSGraphUtilities.mm":234:0), "ane_validation_message"("Incompatible element type for ANE: expected fp16, f8E4M3, si8, ui8, si16, or ui16":0:0)]): Reached maxReorderingDistance 10
warning: loc(fused["mps_add_18"("(mpsFileLoc): /AppleInternal/Library/BuildRoots/4~CYf0ugAFA2MHVp9fguae4KUVbl8-CIxgGlWKSUA/Library/Caches/com.apple.xbs/TemporaryDirectory.p76yMP/Sources/MetalPerformanceShadersGraph/mpsgraph/MetalPerformanceShadersGraph/Core/Files/MPSGraphUtilities.mm":234:0), "ane_validation_message"("Incompatible element type for ANE: expected fp16, f8E4M3, si8, ui8, si16, or ui16":0:0)]): Reached maxReorderingDistance 10
warning: loc(fused["mps_add_24"("(mpsFileLoc): /AppleInternal/Library/BuildRoots/4~CYf0ugAFA2MHVp9fguae4KUVbl8-CIxgGlWKSUA/Library/Caches/com.apple.xbs/TemporaryDirectory.p76yMP/Sources/MetalPerformanceShadersGraph/mpsgraph/MetalPerformanceShadersGraph/Core/Files/MPSGraphUtilities.mm":234:0), "ane_validation_message"("Incompatible element type for ANE: expected fp16, f8E4M3, si8, ui8, si16, or ui16":0:0)]): Reached maxReorderingDistance 10
warning: loc(fused["mps_add_24"("(mpsFileLoc): /AppleInternal/Library/BuildRoots/4~CYf0ugAFA2MHVp9fguae4KUVbl8-CIxgGlWKSUA/Library/Caches/com.apple.xbs/TemporaryDirectory.p76yMP/Sources/MetalPerformanceShadersGraph/mpsgraph/MetalPerformanceShadersGraph/Core/Files/MPSGraphUtilities.mm":234:0), "ane_validation_message"("Incompatible element type for ANE: expected fp16, f8E4M3, si8, ui8, si16, or ui16":0:0)]): Reached maxReorderingDistance 10
warning: loc(fused["mps_add_36"("(mpsFileLoc): /AppleInternal/Library/BuildRoots/4~CYf0ugAFA2MHVp9fguae4KUVbl8-CIxgGlWKSUA/Library/Caches/com.apple.xbs/TemporaryDirectory.p76yMP/Sources/MetalPerformanceShadersGraph/mpsgraph/MetalPerformanceShadersGraph/Core/Files/MPSGraphUtilities.mm":234:0), "ane_validation_message"("Incompatible element type for ANE: expected fp16, f8E4M3, si8, ui8, si16, or ui16":0:0)]): Reached maxReorderingDistance 10
warning: loc(fused["mps_add_36"("(mpsFileLoc): /AppleInternal/Library/BuildRoots/4~CYf0ugAFA2MHVp9fguae4KUVbl8-CIxgGlWKSUA/Library/Caches/com.apple.xbs/TemporaryDirectory.p76yMP/Sources/MetalPerformanceShadersGraph/mpsgraph/MetalPerformanceShadersGraph/Core/Files/MPSGraphUtilities.mm":234:0), "ane_validation_message"("Incompatible element type for ANE: expected fp16, f8E4M3, si8, ui8, si16, or ui16":0:0)]): Reached maxReorderingDistance 10
warning: loc(fused["mps_add_48"("(mpsFileLoc): /AppleInternal/Library/BuildRoots/4~CYf0ugAFA2MHVp9fguae4KUVbl8-CIxgGlWKSUA/Library/Caches/com.apple.xbs/TemporaryDirectory.p76yMP/Sources/MetalPerformanceShadersGraph/mpsgraph/MetalPerformanceShadersGraph/Core/Files/MPSGraphUtilities.mm":234:0), "ane_validation_message"("Incompatible element type for ANE: expected fp16, f8E4M3, si8, ui8, si16, or ui16":0:0)]): Reached maxReorderingDistance 10
reluSites=2/10 ch=144 dead=0 off=0 alwaysOn=0 worst=none maxBetaOverGamma=+0.79@policy.pre_bn[108] minBetaOverGamma=-0.90@value.bn[7] rvMaxOverMedian=46.6@stem.bn[79] rezero=none nonFinite=0
[REPLAY] step=800 loss=3.8842 pLoss=3.0432 vLoss=0.8076 pEnt=2.793 pIllM=0.0333 playedP=0.142 pW=0.49 pD=0.06 pL=0.45 vAbs=0.199 pLogitMean=-2.8657 vLogitMean=0.6705 gNorm=0.782 lr=0.8 ms=2242.0 buf=500000 plies=7067936 games=106984 rejected=0 skipped=0 epoch=0 mom=0.8500 lrCyc[pk=1.0e+00,tr=1.0e-03] trainerStep=800
[LAYER-HEALTH] live trainerStep=800 scope=batch_norm_state_only reluSites=2/10 ch=144 dead=0 off=0 alwaysOn=0 worst=none maxBetaOverGamma=+0.88@policy.pre_bn[108] minBetaOverGamma=-1.01@value.bn[7] rvMaxOverMedian=42.8@stem.bn[79] rezero=none nonFinite=0
[REPLAY] step=850 loss=3.7810 pLoss=2.9322 vLoss=0.8087 pEnt=2.873 pIllM=0.0402 playedP=0.142 pW=0.48 pD=0.07 pL=0.45 vAbs=0.214 pLogitMean=-3.2422 vLogitMean=0.6704 gNorm=0.451 lr=0.85 ms=2355.5 buf=500000 plies=7494593 games=113499 rejected=0 skipped=0 epoch=0 mom=0.8500 lrCyc[pk=1.0e+00,tr=1.0e-03] trainerStep=850
[LAYER-HEALTH] live trainerStep=850 scope=batch_norm_state_only reluSites=2/10 ch=144 dead=0 off=0 alwaysOn=0 worst=none maxBetaOverGamma=+0.93@policy.pre_bn[108] minBetaOverGamma=-1.02@value.bn[7] rvMaxOverMedian=40.2@stem.bn[79] rezero=none nonFinite=0
[REPLAY] step=900 loss=3.7956 pLoss=2.9544 vLoss=0.8053 pEnt=2.837 pIllM=0.0359 playedP=0.145 pW=0.46 pD=0.06 pL=0.48 vAbs=0.211 pLogitMean=-3.6107 vLogitMean=0.6757 gNorm=0.555 lr=0.9 ms=2379.6 buf=500000 plies=7921223 games=119988 rejected=0 skipped=0 epoch=0 mom=0.8500 lrCyc[pk=1.0e+00,tr=1.0e-03] trainerStep=900
[LAYER-HEALTH] live trainerStep=900 scope=batch_norm_state_only reluSites=2/10 ch=144 dead=0 off=0 alwaysOn=0 worst=none maxBetaOverGamma=+0.98@policy.pre_bn[108] minBetaOverGamma=-1.10@value.bn[9] rvMaxOverMedian=37.3@stem.bn[79] rezero=none nonFinite=0
[REPLAY] step=950 loss=3.7972 pLoss=2.9762 vLoss=0.7908 pEnt=2.894 pIllM=0.0302 playedP=0.132 pW=0.47 pD=0.06 pL=0.47 vAbs=0.201 pLogitMean=-4.1452 vLogitMean=0.6848 gNorm=0.602 lr=0.95 ms=1727.7 buf=500000 plies=8347899 games=126489 rejected=0 skipped=0 epoch=0 mom=0.8500 lrCyc[pk=1.0e+00,tr=1.0e-03] trainerStep=950
[LAYER-HEALTH] live trainerStep=950 scope=batch_norm_state_only reluSites=2/10 ch=144 dead=0 off=0 alwaysOn=0 worst=none maxBetaOverGamma=+1.06@policy.pre_bn[108] minBetaOverGamma=-1.12@value.bn[1] rvMaxOverMedian=32.8@stem.bn[79] rezero=none nonFinite=0
[REPLAY] step=1000 loss=3.7997 pLoss=2.9665 vLoss=0.8074 pEnt=2.863 pIllM=0.0258 playedP=0.136 pW=0.49 pD=0.06 pL=0.45 vAbs=0.214 pLogitMean=-4.5630 vLogitMean=0.6798 gNorm=0.541 lr=1 ms=2355.4 buf=500000 plies=8774530 games=132916 rejected=0 skipped=0 epoch=0 mom=0.8500 lrCyc[pk=1.0e+00,tr=1.0e-03] trainerStep=1000
[LAYER-HEALTH] live trainerStep=1000 scope=batch_norm_state_only reluSites=2/10 ch=144 dead=0 off=0 alwaysOn=0 worst=none maxBetaOverGamma=+1.10@policy.pre_bn[108] minBetaOverGamma=-1.14@value.bn[8] rvMaxOverMedian=30.2@stem.bn[79] rezero=none nonFinite=0
[REPLAY] saved trainer model (autosave) step=1000 trainerStep=1000 nextGame=132916 shard=0 epoch=0 -> 20261005-lrBsilu-cyc1-replay-latest.safetensors
[LAYER-HEALTH] checkpoint replay-autosave step=1000 trainerStep=1000 scope=all_tensors reluSites=2/10 ch=144 dead=0 off=0 alwaysOn=0 worst=none maxBetaOverGamma=+1.10@policy.pre_bn[108] minBetaOverGamma=-1.14@value.bn[8] rvMaxOverMedian=30.2@stem.bn[79] rezero=none nonFinite=0 seZeroVel=none valueFC1ZeroVel=0/128 maxAbs=15.27@blocks.0.bn2.running_var
[LAYER-HEALTH]   batch-norm sites — β/|γ|: dead < -3.00, mostly off < -2.00, always on > +3.00; classified for relu/leaky_relu only
[LAYER-HEALTH]     site            act            ch   dead    off     on  zeroγ nonfin  min β/|γ| [ch]     max β/|γ| [ch]     rv max/median [ch]
[LAYER-HEALTH]     stem.bn         -             128    n/a    n/a    n/a      0      0     -0.15 [17]         +0.12 [31]           30.2 [79]
[LAYER-HEALTH]     blocks.0.bn1    silu          128    n/a    n/a    n/a      0      0     -0.25 [5]          +0.12 [31]            1.6 [14]
[LAYER-HEALTH]     blocks.0.bn2    silu          128    n/a    n/a    n/a      0      0     -0.49 [66]         +0.11 [48]            9.2 [79]
[LAYER-HEALTH]     blocks.1.bn1    silu          128    n/a    n/a    n/a      0      0     -0.45 [17]         +0.10 [31]            4.6 [31]
[LAYER-HEALTH]     blocks.1.bn2    silu          128    n/a    n/a    n/a      0      0     -0.44 [120]        -0.03 [21]            6.5 [103]
[LAYER-HEALTH]     blocks.2.bn1    silu          128    n/a    n/a    n/a      0      0     -0.63 [17]         +0.16 [31]            8.0 [31]
[LAYER-HEALTH]     blocks.2.bn2    silu          128    n/a    n/a    n/a      0      0     -0.62 [78]         -0.10 [16]            1.7 [26]
[LAYER-HEALTH]     tower_final_bn  silu          128    n/a    n/a    n/a      0      0     -0.18 [64]         +0.44 [31]            3.2 [75]
[LAYER-HEALTH]     policy.pre_bn   leaky_relu    128      0      0      0      0      0     -0.94 [26]         +1.10 [108]           2.4 [41]
[LAYER-HEALTH]     value.bn        leaky_relu     16      0      0      0      0      0     -1.14 [8]          -0.85 [0]             1.5 [14]
[LAYER-HEALTH]   FC hidden-unit velocity — zero: every weight-velocity entry exactly 0; low: nonzero but < 5% of the layer's p90 unit norm
[LAYER-HEALTH]     value.fc1.weight  leaky_relu  units 128  zero 0  low 1  median unit norm 0.005876
[LAYER-HEALTH]     (no SE blocks)
[LAYER-HEALTH]   ReZero: none
[LAYER-HEALTH]   non-finite: 0 values in 0 of 102 tensors (10263038 values examined)
[LAYER-HEALTH]   largest |value|: blocks.0.bn2.running_var 15.27, blocks.1.bn2.running_var 10.55, policy.pre_bn.running_var 4.802, blocks.2.bn2.running_var 4.303, blocks.2.bn1.running_var 3.785
[REPLAY] enumerated checkpoint -> 20261005-lrBsilu-cyc1-replay-step1000.safetensors
[REPLAY] step=1050 loss=3.7666 pLoss=2.9197 vLoss=0.8133 pEnt=2.807 pIllM=0.0335 playedP=0.149 pW=0.44 pD=0.06 pL=0.49 vAbs=0.217 pLogitMean=-4.8980 vLogitMean=0.6725 gNorm=0.586 lr=0.998 ms=2246.5 buf=500000 plies=9201214 games=139396 rejected=0 skipped=0 epoch=0 mom=0.8500 lrCyc[pk=1.0e+00,tr=1.0e-03] trainerStep=1050
[LAYER-HEALTH] live trainerStep=1050 scope=batch_norm_state_only reluSites=2/10 ch=144 dead=0 off=0 alwaysOn=0 worst=none maxBetaOverGamma=+1.10@policy.pre_bn[108] minBetaOverGamma=-1.19@value.bn[13] rvMaxOverMedian=28.4@stem.bn[79] rezero=none nonFinite=0
[REPLAY] step=1100 loss=3.7971 pLoss=2.9635 vLoss=0.7969 pEnt=2.873 pIllM=0.0367 playedP=0.143 pW=0.46 pD=0.06 pL=0.48 vAbs=0.202 pLogitMean=-5.3046 vLogitMean=0.6804 gNorm=0.475 lr=0.993 ms=2334.1 buf=500000 plies=9627836 games=145925 rejected=0 skipped=0 epoch=0 mom=0.8501 lrCyc[pk=1.0e+00,tr=1.0e-03] trainerStep=1100
[LAYER-HEALTH] live trainerStep=1100 scope=batch_norm_state_only reluSites=2/10 ch=144 dead=0 off=0 alwaysOn=0 worst=none maxBetaOverGamma=+1.21@policy.pre_bn[60] minBetaOverGamma=-1.39@value.bn[7] rvMaxOverMedian=25.6@stem.bn[79] rezero=none nonFinite=0
[REPLAY] step=1150 loss=3.7580 pLoss=2.9234 vLoss=0.8119 pEnt=2.859 pIllM=0.0227 playedP=0.145 pW=0.49 pD=0.07 pL=0.45 vAbs=0.220 pLogitMean=-5.5903 vLogitMean=0.6697 gNorm=0.513 lr=0.985 ms=2327.6 buf=500000 plies=10054477 games=152388 rejected=0 skipped=0 epoch=0 mom=0.8502 lrCyc[pk=1.0e+00,tr=1.0e-03] trainerStep=1150
[LAYER-HEALTH] live trainerStep=1150 scope=batch_norm_state_only reluSites=2/10 ch=144 dead=0 off=0 alwaysOn=0 worst=none maxBetaOverGamma=+1.20@policy.pre_bn[103] minBetaOverGamma=-1.43@value.bn[7] rvMaxOverMedian=23.9@stem.bn[79] rezero=none nonFinite=0
[REPLAY] step=1200 loss=3.7069 pLoss=2.8847 vLoss=0.8033 pEnt=2.881 pIllM=0.0189 playedP=0.147 pW=0.48 pD=0.06 pL=0.46 vAbs=0.198 pLogitMean=-5.8323 vLogitMean=0.6801 gNorm=0.366 lr=0.973 ms=2206.0 buf=500000 plies=10481119 games=158937 rejected=0 skipped=0 epoch=0 mom=0.8504 lrCyc[pk=1.0e+00,tr=1.0e-03] trainerStep=1200
[LAYER-HEALTH] live trainerStep=1200 scope=batch_norm_state_only reluSites=2/10 ch=144 dead=0 off=0 alwaysOn=0 worst=none maxBetaOverGamma=+1.27@policy.pre_bn[60] minBetaOverGamma=-1.37@value.bn[2] rvMaxOverMedian=22.6@stem.bn[79] rezero=none nonFinite=0
[REPLAY] step=1250 loss=3.7489 pLoss=2.9260 vLoss=0.8042 pEnt=2.892 pIllM=0.0187 playedP=0.143 pW=0.50 pD=0.07 pL=0.44 vAbs=0.194 pLogitMean=-6.0114 vLogitMean=0.6423 gNorm=0.414 lr=0.958 ms=2172.5 buf=500000 plies=10907775 games=165443 rejected=0 skipped=0 epoch=0 mom=0.8506 lrCyc[pk=1.0e+00,tr=1.0e-03] trainerStep=1250
[LAYER-HEALTH] live trainerStep=1250 scope=batch_norm_state_only reluSites=2/10 ch=144 dead=0 off=0 alwaysOn=0 worst=none maxBetaOverGamma=+1.28@policy.pre_bn[103] minBetaOverGamma=-1.24@value.bn[4] rvMaxOverMedian=21.6@stem.bn[79] rezero=none nonFinite=0
[REPLAY] step=1300 loss=3.6758 pLoss=2.8798 vLoss=0.7777 pEnt=2.913 pIllM=0.0183 playedP=0.144 pW=0.48 pD=0.06 pL=0.47 vAbs=0.218 pLogitMean=-6.1632 vLogitMean=0.6604 gNorm=0.362 lr=0.94 ms=2282.5 buf=500000 plies=11334448 games=171904 rejected=0 skipped=0 epoch=0 mom=0.8509 lrCyc[pk=1.0e+00,tr=1.0e-03] trainerStep=1300
[LAYER-HEALTH] live trainerStep=1300 scope=batch_norm_state_only reluSites=2/10 ch=144 dead=0 off=0 alwaysOn=0 worst=none maxBetaOverGamma=+1.34@policy.pre_bn[103] minBetaOverGamma=-1.27@value.bn[14] rvMaxOverMedian=19.9@stem.bn[79] rezero=none nonFinite=0
[REPLAY] step=1350 loss=3.7364 pLoss=2.9079 vLoss=0.8108 pEnt=2.911 pIllM=0.0178 playedP=0.140 pW=0.49 pD=0.06 pL=0.45 vAbs=0.220 pLogitMean=-6.3173 vLogitMean=0.6600 gNorm=0.373 lr=0.92 ms=3071.7 buf=500000 plies=11761188 games=178282 rejected=0 skipped=0 epoch=0 mom=0.8512 lrCyc[pk=1.0e+00,tr=1.0e-03] trainerStep=1350
[LAYER-HEALTH] live trainerStep=1350 scope=batch_norm_state_only reluSites=2/10 ch=144 dead=0 off=0 alwaysOn=0 worst=none maxBetaOverGamma=+1.36@policy.pre_bn[103] minBetaOverGamma=-1.32@value.bn[3] rvMaxOverMedian=18.7@stem.bn[79] rezero=none nonFinite=0
[REPLAY] step=1400 loss=3.6561 pLoss=2.8437 vLoss=0.7961 pEnt=2.898 pIllM=0.0164 playedP=0.148 pW=0.47 pD=0.06 pL=0.47 vAbs=0.234 pLogitMean=-6.4438 vLogitMean=0.6637 gNorm=0.368 lr=0.897 ms=2141.6 buf=500000 plies=12187759 games=184728 rejected=0 skipped=0 epoch=0 mom=0.8516 lrCyc[pk=1.0e+00,tr=1.0e-03] trainerStep=1400
[LAYER-HEALTH] live trainerStep=1400 scope=batch_norm_state_only reluSites=2/10 ch=144 dead=0 off=0 alwaysOn=0 worst=none maxBetaOverGamma=+1.41@policy.pre_bn[103] minBetaOverGamma=-1.36@value.bn[3] rvMaxOverMedian=17.7@stem.bn[79] rezero=none nonFinite=0
[REPLAY] step=1450 loss=3.6959 pLoss=2.8808 vLoss=0.7967 pEnt=2.829 pIllM=0.0185 playedP=0.153 pW=0.47 pD=0.07 pL=0.46 vAbs=0.228 pLogitMean=-6.5451 vLogitMean=0.6446 gNorm=0.490 lr=0.871 ms=2443.1 buf=500000 plies=12614406 games=191184 rejected=0 skipped=0 epoch=0 mom=0.8520 lrCyc[pk=1.0e+00,tr=1.0e-03] trainerStep=1450
[LAYER-HEALTH] live trainerStep=1450 scope=batch_norm_state_only reluSites=2/10 ch=144 dead=0 off=0 alwaysOn=0 worst=none maxBetaOverGamma=+1.40@policy.pre_bn[103] minBetaOverGamma=-1.38@value.bn[10] rvMaxOverMedian=17.4@stem.bn[79] rezero=none nonFinite=0
[REPLAY] step=1500 loss=3.6152 pLoss=2.8043 vLoss=0.7963 pEnt=2.870 pIllM=0.0146 playedP=0.154 pW=0.46 pD=0.06 pL=0.48 vAbs=0.245 pLogitMean=-6.6970 vLogitMean=0.6618 gNorm=0.310 lr=0.844 ms=2045.5 buf=500000 plies=13041037 games=197659 rejected=0 skipped=0 epoch=0 mom=0.8524 lrCyc[pk=1.0e+00,tr=1.0e-03] trainerStep=1500
[LAYER-HEALTH] live trainerStep=1500 scope=batch_norm_state_only reluSites=2/10 ch=144 dead=0 off=0 alwaysOn=0 worst=none maxBetaOverGamma=+1.44@policy.pre_bn[103] minBetaOverGamma=-1.21@value.bn[14] rvMaxOverMedian=16.1@stem.bn[79] rezero=none nonFinite=0
[REPLAY] step=1550 loss=3.6519 pLoss=2.8387 vLoss=0.7996 pEnt=2.887 pIllM=0.0136 playedP=0.152 pW=0.49 pD=0.06 pL=0.45 vAbs=0.215 pLogitMean=-6.8048 vLogitMean=0.6523 gNorm=0.316 lr=0.815 ms=2256.3 buf=500000 plies=13467683 games=204002 rejected=0 skipped=0 epoch=0 mom=0.8530 lrCyc[pk=1.0e+00,tr=1.0e-03] trainerStep=1550
[LAYER-HEALTH] live trainerStep=1550 scope=batch_norm_state_only reluSites=2/10 ch=144 dead=0 off=0 alwaysOn=0 worst=none maxBetaOverGamma=+1.42@policy.pre_bn[103] minBetaOverGamma=-1.20@value.bn[14] rvMaxOverMedian=15.4@stem.bn[79] rezero=none nonFinite=0
[REPLAY] step=1600 loss=3.6525 pLoss=2.8382 vLoss=0.7998 pEnt=2.876 pIllM=0.0145 playedP=0.150 pW=0.48 pD=0.06 pL=0.46 vAbs=0.215 pLogitMean=-6.8723 vLogitMean=0.6601 gNorm=0.300 lr=0.784 ms=2286.4 buf=500000 plies=13894401 games=210364 rejected=0 skipped=0 epoch=0 mom=0.8535 lrCyc[pk=1.0e+00,tr=1.0e-03] trainerStep=1600
[LAYER-HEALTH] live trainerStep=1600 scope=batch_norm_state_only reluSites=2/10 ch=144 dead=0 off=0 alwaysOn=0 worst=none maxBetaOverGamma=+1.42@policy.pre_bn[103] minBetaOverGamma=-1.34@value.bn[15] rvMaxOverMedian=15.0@stem.bn[79] rezero=none nonFinite=0
[REPLAY] step=1650 loss=3.6329 pLoss=2.8359 vLoss=0.7847 pEnt=2.876 pIllM=0.0123 playedP=0.153 pW=0.49 pD=0.06 pL=0.45 vAbs=0.230 pLogitMean=-6.9620 vLogitMean=0.6636 gNorm=0.337 lr=0.752 ms=2922.3 buf=500000 plies=14320978 games=216805 rejected=0 skipped=0 epoch=0 mom=0.8541 lrCyc[pk=1.0e+00,tr=1.0e-03] trainerStep=1650
[LAYER-HEALTH] live trainerStep=1650 scope=batch_norm_state_only reluSites=2/10 ch=144 dead=0 off=0 alwaysOn=0 worst=none maxBetaOverGamma=+1.43@policy.pre_bn[103] minBetaOverGamma=-1.47@value.bn[15] rvMaxOverMedian=14.9@stem.bn[79] rezero=none nonFinite=0
[REPLAY] step=1700 loss=3.6013 pLoss=2.7960 vLoss=0.7933 pEnt=2.894 pIllM=0.0120 playedP=0.150 pW=0.48 pD=0.06 pL=0.47 vAbs=0.232 pLogitMean=-7.0241 vLogitMean=0.6678 gNorm=0.338 lr=0.719 ms=2235.0 buf=500000 plies=14747619 games=223222 rejected=0 skipped=0 epoch=0 mom=0.8548 lrCyc[pk=1.0e+00,tr=1.0e-03] trainerStep=1700
[LAYER-HEALTH] live trainerStep=1700 scope=batch_norm_state_only reluSites=2/10 ch=144 dead=0 off=0 alwaysOn=0 worst=none maxBetaOverGamma=+1.43@policy.pre_bn[103] minBetaOverGamma=-1.60@value.bn[15] rvMaxOverMedian=15.1@blocks.2.bn1[31] rezero=none nonFinite=0
[REPLAY] step=1750 loss=3.6528 pLoss=2.8417 vLoss=0.8007 pEnt=2.833 pIllM=0.0104 playedP=0.162 pW=0.49 pD=0.06 pL=0.45 vAbs=0.250 pLogitMean=-7.0739 vLogitMean=0.6639 gNorm=0.358 lr=0.686 ms=2690.8 buf=500000 plies=15174282 games=229727 rejected=0 skipped=0 epoch=0 mom=0.8555 lrCyc[pk=1.0e+00,tr=1.0e-03] trainerStep=1750
[LAYER-HEALTH] live trainerStep=1750 scope=batch_norm_state_only reluSites=2/10 ch=144 dead=0 off=0 alwaysOn=0 worst=none maxBetaOverGamma=+1.44@policy.pre_bn[103] minBetaOverGamma=-1.49@value.bn[15] rvMaxOverMedian=15.6@blocks.2.bn1[31] rezero=none nonFinite=0
[REPLAY] step=1800 loss=3.6131 pLoss=2.8105 vLoss=0.7922 pEnt=2.868 pIllM=0.0104 playedP=0.159 pW=0.48 pD=0.05 pL=0.47 vAbs=0.234 pLogitMean=-7.1503 vLogitMean=0.6571 gNorm=0.326 lr=0.652 ms=2178.9 buf=500000 plies=15600921 games=236281 rejected=0 skipped=0 epoch=0 mom=0.8562 lrCyc[pk=1.0e+00,tr=1.0e-03] trainerStep=1800
[LAYER-HEALTH] live trainerStep=1800 scope=batch_norm_state_only reluSites=2/10 ch=144 dead=0 off=0 alwaysOn=0 worst=none maxBetaOverGamma=+1.45@policy.pre_bn[103] minBetaOverGamma=-1.43@value.bn[15] rvMaxOverMedian=16.2@blocks.2.bn1[31] rezero=none nonFinite=0
[REPLAY] step=1850 loss=3.6142 pLoss=2.8091 vLoss=0.7938 pEnt=2.910 pIllM=0.0113 playedP=0.147 pW=0.48 pD=0.05 pL=0.47 vAbs=0.223 pLogitMean=-7.1912 vLogitMean=0.6546 gNorm=0.333 lr=0.618 ms=2477.9 buf=500000 plies=16027622 games=242762 rejected=0 skipped=0 epoch=0 mom=0.8570 lrCyc[pk=1.0e+00,tr=1.0e-03] trainerStep=1850
[LAYER-HEALTH] live trainerStep=1850 scope=batch_norm_state_only reluSites=2/10 ch=144 dead=0 off=0 alwaysOn=0 worst=none maxBetaOverGamma=+1.44@policy.pre_bn[103] minBetaOverGamma=-1.38@value.bn[4] rvMaxOverMedian=16.4@blocks.2.bn1[31] rezero=none nonFinite=0
[REPLAY] step=1900 loss=3.5829 pLoss=2.7718 vLoss=0.8012 pEnt=2.906 pIllM=0.0099 playedP=0.154 pW=0.48 pD=0.06 pL=0.46 vAbs=0.238 pLogitMean=-7.2255 vLogitMean=0.6549 gNorm=0.312 lr=0.584 ms=2359.0 buf=500000 plies=16454219 games=249306 rejected=0 skipped=0 epoch=0 mom=0.8578 lrCyc[pk=1.0e+00,tr=1.0e-03] trainerStep=1900
[LAYER-HEALTH] live trainerStep=1900 scope=batch_norm_state_only reluSites=2/10 ch=144 dead=0 off=0 alwaysOn=0 worst=none maxBetaOverGamma=+1.54@policy.pre_bn[103] minBetaOverGamma=-1.40@value.bn[4] rvMaxOverMedian=16.7@blocks.2.bn1[31] rezero=none nonFinite=0
[REPLAY] step=1950 loss=3.6452 pLoss=2.8302 vLoss=0.8061 pEnt=2.916 pIllM=0.0089 playedP=0.154 pW=0.45 pD=0.06 pL=0.49 vAbs=0.213 pLogitMean=-7.2620 vLogitMean=0.6438 gNorm=0.313 lr=0.55 ms=2408.5 buf=500000 plies=16880892 games=255747 rejected=0 skipped=0 epoch=0 mom=0.8587 lrCyc[pk=1.0e+00,tr=1.0e-03] trainerStep=1950
[LAYER-HEALTH] live trainerStep=1950 scope=batch_norm_state_only reluSites=2/10 ch=144 dead=0 off=0 alwaysOn=0 worst=none maxBetaOverGamma=+1.58@policy.pre_bn[103] minBetaOverGamma=-1.40@value.bn[15] rvMaxOverMedian=17.0@blocks.2.bn1[31] rezero=none nonFinite=0
[REPLAY] step=2000 loss=3.6076 pLoss=2.7994 vLoss=0.7985 pEnt=2.875 pIllM=0.0097 playedP=0.157 pW=0.48 pD=0.06 pL=0.46 vAbs=0.221 pLogitMean=-7.2779 vLogitMean=0.6404 gNorm=0.326 lr=0.517 ms=2196.0 buf=500000 plies=17307559 games=262256 rejected=0 skipped=0 epoch=0 mom=0.8596 lrCyc[pk=1.0e+00,tr=1.0e-03] trainerStep=2000
[LAYER-HEALTH] live trainerStep=2000 scope=batch_norm_state_only reluSites=2/10 ch=144 dead=0 off=0 alwaysOn=0 worst=none maxBetaOverGamma=+1.57@policy.pre_bn[103] minBetaOverGamma=-1.35@value.bn[15] rvMaxOverMedian=17.4@blocks.2.bn1[31] rezero=none nonFinite=0
[REPLAY] saved trainer model (autosave) step=2000 trainerStep=2000 nextGame=262256 shard=0 epoch=0 -> 20261005-lrBsilu-cyc1-replay-latest.safetensors
[LAYER-HEALTH] checkpoint replay-autosave step=2000 trainerStep=2000 scope=all_tensors reluSites=2/10 ch=144 dead=0 off=0 alwaysOn=0 worst=none maxBetaOverGamma=+1.57@policy.pre_bn[103] minBetaOverGamma=-1.35@value.bn[15] rvMaxOverMedian=17.4@blocks.2.bn1[31] rezero=none nonFinite=0 seZeroVel=none valueFC1ZeroVel=0/128 maxAbs=18.35@blocks.0.bn2.running_var
[LAYER-HEALTH]   batch-norm sites — β/|γ|: dead < -3.00, mostly off < -2.00, always on > +3.00; classified for relu/leaky_relu only
[LAYER-HEALTH]     site            act            ch   dead    off     on  zeroγ nonfin  min β/|γ| [ch]     max β/|γ| [ch]     rv max/median [ch]
[LAYER-HEALTH]     stem.bn         -             128    n/a    n/a    n/a      0      0     -0.25 [35]         +0.15 [31]           11.9 [79]
[LAYER-HEALTH]     blocks.0.bn1    silu          128    n/a    n/a    n/a      0      0     -0.36 [5]          +0.14 [31]            2.0 [14]
[LAYER-HEALTH]     blocks.0.bn2    silu          128    n/a    n/a    n/a      0      0     -0.76 [66]         +0.25 [48]            9.1 [79]
[LAYER-HEALTH]     blocks.1.bn1    silu          128    n/a    n/a    n/a      0      0     -0.85 [17]         +0.08 [31]           12.4 [31]
[LAYER-HEALTH]     blocks.1.bn2    silu          128    n/a    n/a    n/a      0      0     -0.85 [120]        -0.06 [63]            5.8 [103]
[LAYER-HEALTH]     blocks.2.bn1    silu          128    n/a    n/a    n/a      0      0     -1.26 [17]         +0.39 [31]           17.4 [31]
[LAYER-HEALTH]     blocks.2.bn2    silu          128    n/a    n/a    n/a      0      0     -1.17 [78]         -0.10 [16]            2.6 [26]
[LAYER-HEALTH]     tower_final_bn  silu          128    n/a    n/a    n/a      0      0     -0.25 [90]         +0.52 [61]            3.3 [31]
[LAYER-HEALTH]     policy.pre_bn   leaky_relu    128      0      0      0      0      0     -0.83 [26]         +1.57 [103]           2.3 [41]
[LAYER-HEALTH]     value.bn        leaky_relu     16      0      0      0      0      0     -1.35 [15]         -0.98 [1]             1.8 [14]
[LAYER-HEALTH]   FC hidden-unit velocity — zero: every weight-velocity entry exactly 0; low: nonzero but < 5% of the layer's p90 unit norm
[LAYER-HEALTH]     value.fc1.weight  leaky_relu  units 128  zero 0  low 2  median unit norm 0.005827
[LAYER-HEALTH]     (no SE blocks)
[LAYER-HEALTH]   ReZero: none
[LAYER-HEALTH]   non-finite: 0 values in 0 of 102 tensors (10263038 values examined)
[LAYER-HEALTH]   largest |value|: blocks.0.bn2.running_var 18.35, blocks.1.bn2.running_var 10.61, blocks.2.bn1.running_var 7.971, blocks.2.bn2.running_var 7.476, blocks.1.bn1.running_var 6.26
[REPLAY] enumerated checkpoint -> 20261005-lrBsilu-cyc1-replay-step2000.safetensors
[REPLAY] step=2050 loss=3.6228 pLoss=2.8042 vLoss=0.8098 pEnt=2.889 pIllM=0.0088 playedP=0.156 pW=0.46 pD=0.07 pL=0.47 vAbs=0.224 pLogitMean=-7.3007 vLogitMean=0.6354 gNorm=0.328 lr=0.484 ms=2317.2 buf=500000 plies=17734184 games=268713 rejected=0 skipped=0 epoch=0 mom=0.8605 lrCyc[pk=1.0e+00,tr=1.0e-03] trainerStep=2050
[LAYER-HEALTH] live trainerStep=2050 scope=batch_norm_state_only reluSites=2/10 ch=144 dead=0 off=0 alwaysOn=0 worst=none maxBetaOverGamma=+1.57@policy.pre_bn[103] minBetaOverGamma=-1.40@value.bn[15] rvMaxOverMedian=17.6@blocks.2.bn1[31] rezero=none nonFinite=0
[REPLAY] step=2100 loss=3.5924 pLoss=2.7670 vLoss=0.8167 pEnt=2.885 pIllM=0.0087 playedP=0.156 pW=0.45 pD=0.06 pL=0.49 vAbs=0.221 pLogitMean=-7.3296 vLogitMean=0.6303 gNorm=0.316 lr=0.452 ms=2111.5 buf=500000 plies=18160840 games=275254 rejected=0 skipped=0 epoch=0 mom=0.8615 lrCyc[pk=1.0e+00,tr=1.0e-03] trainerStep=2100
[LAYER-HEALTH] live trainerStep=2100 scope=batch_norm_state_only reluSites=2/10 ch=144 dead=0 off=0 alwaysOn=0 worst=none maxBetaOverGamma=+1.56@policy.pre_bn[103] minBetaOverGamma=-1.36@value.bn[15] rvMaxOverMedian=17.5@blocks.2.bn1[31] rezero=none nonFinite=0
[REPLAY] step=2150 loss=3.6507 pLoss=2.8462 vLoss=0.7957 pEnt=2.924 pIllM=0.0088 playedP=0.150 pW=0.47 pD=0.06 pL=0.46 vAbs=0.210 pLogitMean=-7.3514 vLogitMean=0.6458 gNorm=0.276 lr=0.421 ms=2154.7 buf=500000 plies=18587479 games=281746 rejected=0 skipped=0 epoch=0 mom=0.8625 lrCyc[pk=1.0e+00,tr=1.0e-03] trainerStep=2150
[LAYER-HEALTH] live trainerStep=2150 scope=batch_norm_state_only reluSites=2/10 ch=144 dead=0 off=0 alwaysOn=0 worst=none maxBetaOverGamma=+1.55@policy.pre_bn[103] minBetaOverGamma=-1.42@value.bn[15] rvMaxOverMedian=17.9@blocks.2.bn1[31] rezero=none nonFinite=0
[REPLAY] step=2200 loss=3.6242 pLoss=2.8099 vLoss=0.8057 pEnt=2.895 pIllM=0.0087 playedP=0.156 pW=0.48 pD=0.07 pL=0.45 vAbs=0.219 pLogitMean=-7.3757 vLogitMean=0.6311 gNorm=0.326 lr=0.392 ms=2718.5 buf=500000 plies=19014137 games=288219 rejected=0 skipped=0 epoch=0 mom=0.8636 lrCyc[pk=1.0e+00,tr=1.0e-03] trainerStep=2200
[LAYER-HEALTH] live trainerStep=2200 scope=batch_norm_state_only reluSites=2/10 ch=144 dead=0 off=0 alwaysOn=0 worst=none maxBetaOverGamma=+1.56@policy.pre_bn[103] minBetaOverGamma=-1.60@value.bn[15] rvMaxOverMedian=18.4@blocks.2.bn1[31] rezero=none nonFinite=0
[REPLAY] step=2250 loss=3.5989 pLoss=2.7856 vLoss=0.8041 pEnt=2.858 pIllM=0.0091 playedP=0.162 pW=0.47 pD=0.06 pL=0.47 vAbs=0.213 pLogitMean=-7.3846 vLogitMean=0.6156 gNorm=0.316 lr=0.363 ms=2199.3 buf=500000 plies=19440789 games=294642 rejected=0 skipped=0 epoch=0 mom=0.8647 lrCyc[pk=1.0e+00,tr=1.0e-03] trainerStep=2250
[LAYER-HEALTH] live trainerStep=2250 scope=batch_norm_state_only reluSites=2/10 ch=144 dead=0 off=0 alwaysOn=0 worst=none maxBetaOverGamma=+1.56@policy.pre_bn[103] minBetaOverGamma=-1.63@value.bn[15] rvMaxOverMedian=18.7@blocks.2.bn1[31] rezero=none nonFinite=0
[REPLAY] step=2300 loss=3.5998 pLoss=2.8026 vLoss=0.7895 pEnt=2.876 pIllM=0.0078 playedP=0.161 pW=0.48 pD=0.06 pL=0.46 vAbs=0.220 pLogitMean=-7.3909 vLogitMean=0.6191 gNorm=0.324 lr=0.336 ms=2573.7 buf=500000 plies=19867473 games=301048 rejected=0 skipped=0 epoch=0 mom=0.8658 lrCyc[pk=1.0e+00,tr=1.0e-03] trainerStep=2300
[LAYER-HEALTH] live trainerStep=2300 scope=batch_norm_state_only reluSites=2/10 ch=144 dead=0 off=0 alwaysOn=0 worst=none maxBetaOverGamma=+1.55@policy.pre_bn[103] minBetaOverGamma=-1.76@value.bn[15] rvMaxOverMedian=19.2@blocks.2.bn1[31] rezero=none nonFinite=0
[REPLAY] step=2350 loss=3.5977 pLoss=2.7947 vLoss=0.7961 pEnt=2.888 pIllM=0.0069 playedP=0.158 pW=0.47 pD=0.06 pL=0.48 vAbs=0.237 pLogitMean=-7.3989 vLogitMean=0.6209 gNorm=0.328 lr=0.31 ms=2263.4 buf=500000 plies=20294177 games=307559 rejected=0 skipped=0 epoch=0 mom=0.8669 lrCyc[pk=1.0e+00,tr=1.0e-03] trainerStep=2350
[LAYER-HEALTH] live trainerStep=2350 scope=batch_norm_state_only reluSites=2/10 ch=144 dead=0 off=0 alwaysOn=0 worst=none maxBetaOverGamma=+1.53@policy.pre_bn[103] minBetaOverGamma=-1.68@value.bn[15] rvMaxOverMedian=19.2@blocks.2.bn1[31] rezero=none nonFinite=0
[REPLAY] step=2400 loss=3.6589 pLoss=2.8413 vLoss=0.8093 pEnt=2.865 pIllM=0.0082 playedP=0.164 pW=0.49 pD=0.06 pL=0.45 vAbs=0.215 pLogitMean=-7.4151 vLogitMean=0.6265 gNorm=0.335 lr=0.286 ms=2572.9 buf=500000 plies=20720741 games=314048 rejected=0 skipped=0 epoch=0 mom=0.8681 lrCyc[pk=1.0e+00,tr=1.0e-03] trainerStep=2400
[LAYER-HEALTH] live trainerStep=2400 scope=batch_norm_state_only reluSites=2/10 ch=144 dead=0 off=0 alwaysOn=0 worst=none maxBetaOverGamma=+1.57@policy.pre_bn[103] minBetaOverGamma=-1.74@value.bn[15] rvMaxOverMedian=19.6@blocks.2.bn1[31] rezero=none nonFinite=0
[REPLAY] step=2450 loss=3.6108 pLoss=2.7956 vLoss=0.8081 pEnt=2.873 pIllM=0.0070 playedP=0.162 pW=0.48 pD=0.06 pL=0.46 vAbs=0.220 pLogitMean=-7.4162 vLogitMean=0.6199 gNorm=0.298 lr=0.262 ms=2378.7 buf=500000 plies=21147435 games=320530 rejected=0 skipped=0 epoch=0 mom=0.8694 lrCyc[pk=1.0e+00,tr=1.0e-03] trainerStep=2450
[LAYER-HEALTH] live trainerStep=2450 scope=batch_norm_state_only reluSites=2/10 ch=144 dead=0 off=0 alwaysOn=0 worst=none maxBetaOverGamma=+1.62@policy.pre_bn[103] minBetaOverGamma=-1.83@value.bn[15] rvMaxOverMedian=19.8@blocks.2.bn1[31] rezero=none nonFinite=0
[REPLAY] step=2500 loss=3.5681 pLoss=2.7518 vLoss=0.8090 pEnt=2.901 pIllM=0.0074 playedP=0.157 pW=0.47 pD=0.06 pL=0.47 vAbs=0.215 pLogitMean=-7.4135 vLogitMean=0.6258 gNorm=0.316 lr=0.241 ms=2751.3 buf=500000 plies=21574056 games=327070 rejected=0 skipped=0 epoch=0 mom=0.8706 lrCyc[pk=1.0e+00,tr=1.0e-03] trainerStep=2500
[LAYER-HEALTH] live trainerStep=2500 scope=batch_norm_state_only reluSites=2/10 ch=144 dead=0 off=0 alwaysOn=0 worst=none maxBetaOverGamma=+1.60@policy.pre_bn[103] minBetaOverGamma=-1.79@value.bn[15] rvMaxOverMedian=20.4@blocks.2.bn1[31] rezero=none nonFinite=0
[REPLAY] step=2550 loss=3.6005 pLoss=2.7830 vLoss=0.8106 pEnt=2.873 pIllM=0.0069 playedP=0.164 pW=0.47 pD=0.07 pL=0.46 vAbs=0.206 pLogitMean=-7.4137 vLogitMean=0.6182 gNorm=0.303 lr=0.22 ms=2296.6 buf=500000 plies=22000693 games=333595 rejected=0 skipped=0 epoch=0 mom=0.8719 lrCyc[pk=1.0e+00,tr=1.0e-03] trainerStep=2550
[LAYER-HEALTH] live trainerStep=2550 scope=batch_norm_state_only reluSites=2/10 ch=144 dead=0 off=0 alwaysOn=0 worst=none maxBetaOverGamma=+1.61@policy.pre_bn[103] minBetaOverGamma=-1.73@value.bn[15] rvMaxOverMedian=20.8@blocks.2.bn1[31] rezero=none nonFinite=0
[REPLAY] step=2600 loss=3.6362 pLoss=2.8360 vLoss=0.7936 pEnt=2.903 pIllM=0.0066 playedP=0.159 pW=0.48 pD=0.06 pL=0.46 vAbs=0.216 pLogitMean=-7.4243 vLogitMean=0.6257 gNorm=0.320 lr=0.201 ms=2133.3 buf=500000 plies=22427360 games=340111 rejected=0 skipped=0 epoch=0 mom=0.8732 lrCyc[pk=1.0e+00,tr=1.0e-03] trainerStep=2600
[LAYER-HEALTH] live trainerStep=2600 scope=batch_norm_state_only reluSites=2/10 ch=144 dead=0 off=0 alwaysOn=0 worst=none maxBetaOverGamma=+1.61@policy.pre_bn[103] minBetaOverGamma=-1.70@value.bn[15] rvMaxOverMedian=21.1@blocks.2.bn1[31] rezero=none nonFinite=0
[REPLAY] step=2650 loss=3.5760 pLoss=2.7732 vLoss=0.7972 pEnt=2.918 pIllM=0.0055 playedP=0.155 pW=0.46 pD=0.06 pL=0.48 vAbs=0.238 pLogitMean=-7.4277 vLogitMean=0.6149 gNorm=0.341 lr=0.183 ms=2274.9 buf=500000 plies=22853999 games=346612 rejected=0 skipped=0 epoch=0 mom=0.8746 lrCyc[pk=1.0e+00,tr=1.0e-03] trainerStep=2650
[LAYER-HEALTH] live trainerStep=2650 scope=batch_norm_state_only reluSites=2/10 ch=144 dead=0 off=0 alwaysOn=0 worst=none maxBetaOverGamma=+1.58@policy.pre_bn[103] minBetaOverGamma=-1.78@value.bn[15] rvMaxOverMedian=21.2@blocks.2.bn1[31] rezero=none nonFinite=0
[REPLAY] step=2700 loss=3.6034 pLoss=2.7938 vLoss=0.8035 pEnt=2.900 pIllM=0.0061 playedP=0.160 pW=0.47 pD=0.06 pL=0.47 vAbs=0.225 pLogitMean=-7.4215 vLogitMean=0.6138 gNorm=0.289 lr=0.167 ms=2161.2 buf=500000 plies=23280634 games=353072 rejected=0 skipped=0 epoch=0 mom=0.8759 lrCyc[pk=1.0e+00,tr=1.0e-03] trainerStep=2700
[LAYER-HEALTH] live trainerStep=2700 scope=batch_norm_state_only reluSites=2/10 ch=144 dead=0 off=0 alwaysOn=0 worst=none maxBetaOverGamma=+1.57@policy.pre_bn[103] minBetaOverGamma=-1.75@value.bn[15] rvMaxOverMedian=21.6@blocks.2.bn1[31] rezero=none nonFinite=0
[REPLAY] step=2750 loss=3.6322 pLoss=2.8239 vLoss=0.8028 pEnt=2.916 pIllM=0.0055 playedP=0.155 pW=0.48 pD=0.06 pL=0.45 vAbs=0.217 pLogitMean=-7.4222 vLogitMean=0.6139 gNorm=0.309 lr=0.151 ms=2235.7 buf=500000 plies=23707275 games=359536 rejected=0 skipped=0 epoch=0 mom=0.8773 lrCyc[pk=1.0e+00,tr=1.0e-03] trainerStep=2750
[LAYER-HEALTH] live trainerStep=2750 scope=batch_norm_state_only reluSites=2/10 ch=144 dead=0 off=0 alwaysOn=0 worst=none maxBetaOverGamma=+1.58@policy.pre_bn[103] minBetaOverGamma=-1.77@value.bn[15] rvMaxOverMedian=21.6@blocks.2.bn1[31] rezero=none nonFinite=0
[REPLAY] step=2800 loss=3.5514 pLoss=2.7578 vLoss=0.7876 pEnt=2.900 pIllM=0.0061 playedP=0.161 pW=0.48 pD=0.06 pL=0.46 vAbs=0.242 pLogitMean=-7.4213 vLogitMean=0.6129 gNorm=0.276 lr=0.137 ms=2282.6 buf=500000 plies=24133976 games=366065 rejected=0 skipped=0 epoch=0 mom=0.8787 lrCyc[pk=1.0e+00,tr=1.0e-03] trainerStep=2800
[LAYER-HEALTH] live trainerStep=2800 scope=batch_norm_state_only reluSites=2/10 ch=144 dead=0 off=0 alwaysOn=0 worst=none maxBetaOverGamma=+1.58@policy.pre_bn[103] minBetaOverGamma=-1.77@value.bn[15] rvMaxOverMedian=21.7@blocks.2.bn1[31] rezero=none nonFinite=0
[REPLAY] step=2850 loss=3.5648 pLoss=2.7617 vLoss=0.7975 pEnt=2.887 pIllM=0.0056 playedP=0.165 pW=0.47 pD=0.06 pL=0.47 vAbs=0.227 pLogitMean=-7.4246 vLogitMean=0.6135 gNorm=0.275 lr=0.124 ms=2214.1 buf=500000 plies=24560661 games=372598 rejected=0 skipped=0 epoch=0 mom=0.8801 lrCyc[pk=1.0e+00,tr=1.0e-03] trainerStep=2850
[LAYER-HEALTH] live trainerStep=2850 scope=batch_norm_state_only reluSites=2/10 ch=144 dead=0 off=0 alwaysOn=0 worst=none maxBetaOverGamma=+1.58@policy.pre_bn[103] minBetaOverGamma=-1.66@value.bn[15] rvMaxOverMedian=21.8@blocks.2.bn1[31] rezero=none nonFinite=0
[REPLAY] step=2900 loss=3.5654 pLoss=2.7563 vLoss=0.8037 pEnt=2.912 pIllM=0.0054 playedP=0.158 pW=0.46 pD=0.06 pL=0.48 vAbs=0.234 pLogitMean=-7.4398 vLogitMean=0.6058 gNorm=0.331 lr=0.113 ms=2156.5 buf=500000 plies=24987233 games=379098 rejected=0 skipped=0 epoch=0 mom=0.8816 lrCyc[pk=1.0e+00,tr=1.0e-03] trainerStep=2900
[LAYER-HEALTH] live trainerStep=2900 scope=batch_norm_state_only reluSites=2/10 ch=144 dead=0 off=0 alwaysOn=0 worst=none maxBetaOverGamma=+1.58@policy.pre_bn[103] minBetaOverGamma=-1.70@value.bn[15] rvMaxOverMedian=21.9@blocks.2.bn1[31] rezero=none nonFinite=0
[REPLAY] step=2950 loss=3.5994 pLoss=2.7950 vLoss=0.7988 pEnt=2.896 pIllM=0.0056 playedP=0.160 pW=0.47 pD=0.07 pL=0.46 vAbs=0.216 pLogitMean=-7.4321 vLogitMean=0.6079 gNorm=0.275 lr=0.102 ms=2277.8 buf=500000 plies=25413876 games=385541 rejected=0 skipped=0 epoch=0 mom=0.8831 lrCyc[pk=1.0e+00,tr=1.0e-03] trainerStep=2950
[LAYER-HEALTH] live trainerStep=2950 scope=batch_norm_state_only reluSites=2/10 ch=144 dead=0 off=0 alwaysOn=0 worst=none maxBetaOverGamma=+1.56@policy.pre_bn[103] minBetaOverGamma=-1.69@value.bn[15] rvMaxOverMedian=22.3@blocks.2.bn1[31] rezero=none nonFinite=0
[REPLAY] step=3000 loss=3.5939 pLoss=2.7931 vLoss=0.7959 pEnt=2.897 pIllM=0.0050 playedP=0.163 pW=0.47 pD=0.05 pL=0.48 vAbs=0.213 pLogitMean=-7.4273 vLogitMean=0.6159 gNorm=0.301 lr=0.0918 ms=2129.7 buf=500000 plies=25840570 games=392016 rejected=0 skipped=0 epoch=0 mom=0.8846 lrCyc[pk=1.0e+00,tr=1.0e-03] trainerStep=3000
[LAYER-HEALTH] live trainerStep=3000 scope=batch_norm_state_only reluSites=2/10 ch=144 dead=0 off=0 alwaysOn=0 worst=none maxBetaOverGamma=+1.56@policy.pre_bn[103] minBetaOverGamma=-1.75@value.bn[15] rvMaxOverMedian=22.7@blocks.2.bn1[31] rezero=none nonFinite=0
[REPLAY] saved trainer model (autosave) step=3000 trainerStep=3000 nextGame=392016 shard=0 epoch=0 -> 20261005-lrBsilu-cyc1-replay-latest.safetensors
[LAYER-HEALTH] checkpoint replay-autosave step=3000 trainerStep=3000 scope=all_tensors reluSites=2/10 ch=144 dead=0 off=0 alwaysOn=0 worst=none maxBetaOverGamma=+1.56@policy.pre_bn[103] minBetaOverGamma=-1.75@value.bn[15] rvMaxOverMedian=22.7@blocks.2.bn1[31] rezero=none nonFinite=0 seZeroVel=none valueFC1ZeroVel=0/128 maxAbs=14.82@blocks.0.bn2.running_var
[LAYER-HEALTH]   batch-norm sites — β/|γ|: dead < -3.00, mostly off < -2.00, always on > +3.00; classified for relu/leaky_relu only
[LAYER-HEALTH]     site            act            ch   dead    off     on  zeroγ nonfin  min β/|γ| [ch]     max β/|γ| [ch]     rv max/median [ch]
[LAYER-HEALTH]     stem.bn         -             128    n/a    n/a    n/a      0      0     -0.27 [35]         +0.15 [20]           11.7 [79]
[LAYER-HEALTH]     blocks.0.bn1    silu          128    n/a    n/a    n/a      0      0     -0.39 [5]          +0.13 [31]            2.1 [14]
[LAYER-HEALTH]     blocks.0.bn2    silu          128    n/a    n/a    n/a      0      0     -0.78 [66]         +0.29 [48]            7.9 [79]
[LAYER-HEALTH]     blocks.1.bn1    silu          128    n/a    n/a    n/a      0      0     -0.93 [17]         +0.08 [31]           15.8 [31]
[LAYER-HEALTH]     blocks.1.bn2    silu          128    n/a    n/a    n/a      0      0     -0.92 [120]        -0.06 [101]           5.5 [103]
[LAYER-HEALTH]     blocks.2.bn1    silu          128    n/a    n/a    n/a      0      0     -1.40 [17]         +0.47 [31]           22.7 [31]
[LAYER-HEALTH]     blocks.2.bn2    silu          128    n/a    n/a    n/a      0      0     -1.29 [78]         -0.05 [16]            2.8 [26]
[LAYER-HEALTH]     tower_final_bn  silu          128    n/a    n/a    n/a      0      0     -0.27 [90]         +0.56 [61]            4.2 [31]
[LAYER-HEALTH]     policy.pre_bn   leaky_relu    128      0      0      0      0      0     -0.78 [26]         +1.56 [103]           2.4 [41]
[LAYER-HEALTH]     value.bn        leaky_relu     16      0      0      0      0      0     -1.75 [15]         -0.89 [13]            2.0 [14]
[LAYER-HEALTH]   FC hidden-unit velocity — zero: every weight-velocity entry exactly 0; low: nonzero but < 5% of the layer's p90 unit norm
[LAYER-HEALTH]     value.fc1.weight  leaky_relu  units 128  zero 0  low 1  median unit norm 0.004277
[LAYER-HEALTH]     (no SE blocks)
[LAYER-HEALTH]   ReZero: none
[LAYER-HEALTH]   non-finite: 0 values in 0 of 102 tensors (10263038 values examined)
[LAYER-HEALTH]   largest |value|: blocks.0.bn2.running_var 14.82, blocks.2.bn1.running_var 9.825, blocks.1.bn2.running_var 8.745, blocks.1.bn1.running_var 7.134, blocks.2.bn2.running_var 7.048
[REPLAY] enumerated checkpoint -> 20261005-lrBsilu-cyc1-replay-step3000.safetensors
[REPLAY] step=3050 loss=3.6126 pLoss=2.8010 vLoss=0.8066 pEnt=2.901 pIllM=0.0050 playedP=0.162 pW=0.47 pD=0.07 pL=0.46 vAbs=0.216 pLogitMean=-7.4314 vLogitMean=0.6148 gNorm=0.283 lr=0.0828 ms=2297.9 buf=500000 plies=26267195 games=398538 rejected=0 skipped=0 epoch=0 mom=0.8861 lrCyc[pk=1.0e+00,tr=1.0e-03] trainerStep=3050
[LAYER-HEALTH] live trainerStep=3050 scope=batch_norm_state_only reluSites=2/10 ch=144 dead=0 off=0 alwaysOn=0 worst=none maxBetaOverGamma=+1.58@policy.pre_bn[103] minBetaOverGamma=-1.78@value.bn[15] rvMaxOverMedian=22.6@blocks.2.bn1[31] rezero=none nonFinite=0
[REPLAY] step=3100 loss=3.5910 pLoss=2.7941 vLoss=0.7917 pEnt=2.877 pIllM=0.0052 playedP=0.164 pW=0.48 pD=0.06 pL=0.46 vAbs=0.217 pLogitMean=-7.4311 vLogitMean=0.6110 gNorm=0.278 lr=0.0745 ms=2173.5 buf=500000 plies=26693861 games=405004 rejected=0 skipped=0 epoch=0 mom=0.8876 lrCyc[pk=1.0e+00,tr=1.0e-03] trainerStep=3100
[LAYER-HEALTH] live trainerStep=3100 scope=batch_norm_state_only reluSites=2/10 ch=144 dead=0 off=0 alwaysOn=0 worst=none maxBetaOverGamma=+1.57@policy.pre_bn[103] minBetaOverGamma=-1.78@value.bn[15] rvMaxOverMedian=22.7@blocks.2.bn1[31] rezero=none nonFinite=0
[REPLAY] step=3150 loss=3.5763 pLoss=2.7749 vLoss=0.7960 pEnt=2.887 pIllM=0.0053 playedP=0.164 pW=0.47 pD=0.06 pL=0.47 vAbs=0.210 pLogitMean=-7.4307 vLogitMean=0.6186 gNorm=0.290 lr=0.0671 ms=2275.0 buf=500000 plies=27120493 games=411466 rejected=0 skipped=0 epoch=0 mom=0.8891 lrCyc[pk=1.0e+00,tr=1.0e-03] trainerStep=3150
[LAYER-HEALTH] live trainerStep=3150 scope=batch_norm_state_only reluSites=2/10 ch=144 dead=0 off=0 alwaysOn=0 worst=none maxBetaOverGamma=+1.56@policy.pre_bn[103] minBetaOverGamma=-1.80@value.bn[15] rvMaxOverMedian=22.6@blocks.2.bn1[31] rezero=none nonFinite=0
[REPLAY] step=3200 loss=3.5777 pLoss=2.7801 vLoss=0.7926 pEnt=2.889 pIllM=0.0050 playedP=0.163 pW=0.48 pD=0.06 pL=0.47 vAbs=0.214 pLogitMean=-7.4339 vLogitMean=0.6187 gNorm=0.280 lr=0.0603 ms=2275.5 buf=500000 plies=27547195 games=418053 rejected=0 skipped=0 epoch=0 mom=0.8906 lrCyc[pk=1.0e+00,tr=1.0e-03] trainerStep=3200
[LAYER-HEALTH] live trainerStep=3200 scope=batch_norm_state_only reluSites=2/10 ch=144 dead=0 off=0 alwaysOn=0 worst=none maxBetaOverGamma=+1.57@policy.pre_bn[103] minBetaOverGamma=-1.82@value.bn[15] rvMaxOverMedian=22.8@blocks.2.bn1[31] rezero=none nonFinite=0
[REPLAY] step=3250 loss=3.6103 pLoss=2.7890 vLoss=0.8166 pEnt=2.908 pIllM=0.0047 playedP=0.156 pW=0.47 pD=0.07 pL=0.46 vAbs=0.207 pLogitMean=-7.4328 vLogitMean=0.6120 gNorm=0.279 lr=0.0542 ms=2682.8 buf=500000 plies=27973870 games=424553 rejected=0 skipped=0 epoch=0 mom=0.8922 lrCyc[pk=1.0e+00,tr=1.0e-03] trainerStep=3250
[LAYER-HEALTH] live trainerStep=3250 scope=batch_norm_state_only reluSites=2/10 ch=144 dead=0 off=0 alwaysOn=0 worst=none maxBetaOverGamma=+1.56@policy.pre_bn[103] minBetaOverGamma=-1.84@value.bn[15] rvMaxOverMedian=22.9@blocks.2.bn1[31] rezero=none nonFinite=0
[REPLAY] step=3300 loss=3.6412 pLoss=2.8119 vLoss=0.8244 pEnt=2.881 pIllM=0.0049 playedP=0.163 pW=0.48 pD=0.06 pL=0.46 vAbs=0.207 pLogitMean=-7.4281 vLogitMean=0.6145 gNorm=0.273 lr=0.0487 ms=2452.9 buf=500000 plies=28400479 games=431041 rejected=0 skipped=0 epoch=0 mom=0.8937 lrCyc[pk=1.0e+00,tr=1.0e-03] trainerStep=3300
[LAYER-HEALTH] live trainerStep=3300 scope=batch_norm_state_only reluSites=2/10 ch=144 dead=0 off=0 alwaysOn=0 worst=none maxBetaOverGamma=+1.56@policy.pre_bn[103] minBetaOverGamma=-1.79@value.bn[15] rvMaxOverMedian=23.0@blocks.2.bn1[31] rezero=none nonFinite=0
[REPLAY] step=3350 loss=3.5886 pLoss=2.7673 vLoss=0.8171 pEnt=2.904 pIllM=0.0043 playedP=0.163 pW=0.47 pD=0.06 pL=0.48 vAbs=0.213 pLogitMean=-7.4272 vLogitMean=0.6119 gNorm=0.306 lr=0.0437 ms=2628.0 buf=500000 plies=28827128 games=437567 rejected=0 skipped=0 epoch=0 mom=0.8953 lrCyc[pk=1.0e+00,tr=1.0e-03] trainerStep=3350
[LAYER-HEALTH] live trainerStep=3350 scope=batch_norm_state_only reluSites=2/10 ch=144 dead=0 off=0 alwaysOn=0 worst=none maxBetaOverGamma=+1.55@policy.pre_bn[103] minBetaOverGamma=-1.77@value.bn[15] rvMaxOverMedian=23.1@blocks.2.bn1[31] rezero=none nonFinite=0
[REPLAY] step=3400 loss=3.5441 pLoss=2.7314 vLoss=0.8080 pEnt=2.903 pIllM=0.0047 playedP=0.159 pW=0.46 pD=0.06 pL=0.47 vAbs=0.229 pLogitMean=-7.4261 vLogitMean=0.6126 gNorm=0.291 lr=0.0392 ms=2330.9 buf=500000 plies=29253742 games=443975 rejected=0 skipped=0 epoch=0 mom=0.8969 lrCyc[pk=1.0e+00,tr=1.0e-03] trainerStep=3400
[LAYER-HEALTH] live trainerStep=3400 scope=batch_norm_state_only reluSites=2/10 ch=144 dead=0 off=0 alwaysOn=0 worst=none maxBetaOverGamma=+1.56@policy.pre_bn[103] minBetaOverGamma=-1.81@value.bn[15] rvMaxOverMedian=23.1@blocks.2.bn1[31] rezero=none nonFinite=0
[REPLAY] step=3450 loss=3.5957 pLoss=2.7871 vLoss=0.8040 pEnt=2.900 pIllM=0.0046 playedP=0.163 pW=0.47 pD=0.06 pL=0.47 vAbs=0.225 pLogitMean=-7.4284 vLogitMean=0.6159 gNorm=0.316 lr=0.0352 ms=2722.0 buf=500000 plies=29680413 games=450455 rejected=0 skipped=0 epoch=0 mom=0.8984 lrCyc[pk=1.0e+00,tr=1.0e-03] trainerStep=3450
[LAYER-HEALTH] live trainerStep=3450 scope=batch_norm_state_only reluSites=2/10 ch=144 dead=0 off=0 alwaysOn=0 worst=none maxBetaOverGamma=+1.56@policy.pre_bn[103] minBetaOverGamma=-1.82@value.bn[15] rvMaxOverMedian=23.2@blocks.2.bn1[31] rezero=none nonFinite=0
[REPLAY] step=3500 loss=3.5850 pLoss=2.7783 vLoss=0.8022 pEnt=2.894 pIllM=0.0046 playedP=0.164 pW=0.47 pD=0.06 pL=0.47 vAbs=0.210 pLogitMean=-7.4287 vLogitMean=0.6133 gNorm=0.278 lr=0.0316 ms=2739.1 buf=500000 plies=30107054 games=456962 rejected=0 skipped=0 epoch=0 mom=0.9000 lrCyc[pk=1.0e+00,tr=1.0e-03] trainerStep=3500
[LAYER-HEALTH] live trainerStep=3500 scope=batch_norm_state_only reluSites=2/10 ch=144 dead=0 off=0 alwaysOn=0 worst=none maxBetaOverGamma=+1.57@policy.pre_bn[103] minBetaOverGamma=-1.80@value.bn[15] rvMaxOverMedian=23.3@blocks.2.bn1[31] rezero=none nonFinite=0
[REPLAY] step=3550 loss=3.5826 pLoss=2.7660 vLoss=0.8118 pEnt=2.891 pIllM=0.0047 playedP=0.162 pW=0.47 pD=0.06 pL=0.47 vAbs=0.223 pLogitMean=-7.4290 vLogitMean=0.6098 gNorm=0.273 lr=0.0283 ms=2591.1 buf=500000 plies=30533671 games=463404 rejected=0 skipped=0 epoch=0 mom=0.9016 lrCyc[pk=1.0e+00,tr=1.0e-03] trainerStep=3550
[LAYER-HEALTH] live trainerStep=3550 scope=batch_norm_state_only reluSites=2/10 ch=144 dead=0 off=0 alwaysOn=0 worst=none maxBetaOverGamma=+1.56@policy.pre_bn[103] minBetaOverGamma=-1.77@value.bn[15] rvMaxOverMedian=23.6@blocks.2.bn1[31] rezero=none nonFinite=0
[REPLAY] step=3600 loss=3.5273 pLoss=2.7243 vLoss=0.7986 pEnt=2.868 pIllM=0.0045 playedP=0.167 pW=0.47 pD=0.06 pL=0.47 vAbs=0.237 pLogitMean=-7.4302 vLogitMean=0.6167 gNorm=0.303 lr=0.0254 ms=2161.5 buf=500000 plies=30960388 games=469843 rejected=0 skipped=0 epoch=0 mom=0.9031 lrCyc[pk=1.0e+00,tr=1.0e-03] trainerStep=3600
[LAYER-HEALTH] live trainerStep=3600 scope=batch_norm_state_only reluSites=2/10 ch=144 dead=0 off=0 alwaysOn=0 worst=none maxBetaOverGamma=+1.57@policy.pre_bn[103] minBetaOverGamma=-1.77@value.bn[15] rvMaxOverMedian=23.6@blocks.2.bn1[31] rezero=none nonFinite=0
[REPLAY] step=3650 loss=3.5984 pLoss=2.7769 vLoss=0.8168 pEnt=2.882 pIllM=0.0046 playedP=0.165 pW=0.48 pD=0.06 pL=0.46 vAbs=0.216 pLogitMean=-7.4337 vLogitMean=0.6135 gNorm=0.309 lr=0.0228 ms=2302.3 buf=500000 plies=31386984 games=476298 rejected=0 skipped=0 epoch=0 mom=0.9047 lrCyc[pk=1.0e+00,tr=1.0e-03] trainerStep=3650
[LAYER-HEALTH] live trainerStep=3650 scope=batch_norm_state_only reluSites=2/10 ch=144 dead=0 off=0 alwaysOn=0 worst=none maxBetaOverGamma=+1.57@policy.pre_bn[103] minBetaOverGamma=-1.77@value.bn[15] rvMaxOverMedian=23.5@blocks.2.bn1[31] rezero=none nonFinite=0
[REPLAY] step=3700 loss=3.5531 pLoss=2.7407 vLoss=0.8078 pEnt=2.867 pIllM=0.0046 playedP=0.166 pW=0.47 pD=0.06 pL=0.47 vAbs=0.226 pLogitMean=-7.4300 vLogitMean=0.6138 gNorm=0.281 lr=0.0205 ms=2259.1 buf=500000 plies=31813641 games=482688 rejected=0 skipped=0 epoch=0 mom=0.9063 lrCyc[pk=1.0e+00,tr=1.0e-03] trainerStep=3700
[LAYER-HEALTH] live trainerStep=3700 scope=batch_norm_state_only reluSites=2/10 ch=144 dead=0 off=0 alwaysOn=0 worst=none maxBetaOverGamma=+1.57@policy.pre_bn[103] minBetaOverGamma=-1.77@value.bn[15] rvMaxOverMedian=23.3@blocks.2.bn1[31] rezero=none nonFinite=0
[REPLAY] step=3750 loss=3.5851 pLoss=2.7669 vLoss=0.8138 pEnt=2.877 pIllM=0.0044 playedP=0.165 pW=0.48 pD=0.06 pL=0.46 vAbs=0.221 pLogitMean=-7.4354 vLogitMean=0.6119 gNorm=0.286 lr=0.0184 ms=2239.5 buf=500000 plies=32240337 games=489150 rejected=0 skipped=0 epoch=0 mom=0.9078 lrCyc[pk=1.0e+00,tr=1.0e-03] trainerStep=3750
[LAYER-HEALTH] live trainerStep=3750 scope=batch_norm_state_only reluSites=2/10 ch=144 dead=0 off=0 alwaysOn=0 worst=none maxBetaOverGamma=+1.57@policy.pre_bn[103] minBetaOverGamma=-1.76@value.bn[15] rvMaxOverMedian=23.4@blocks.2.bn1[31] rezero=none nonFinite=0
[REPLAY] step=3800 loss=3.5627 pLoss=2.7487 vLoss=0.8092 pEnt=2.864 pIllM=0.0048 playedP=0.170 pW=0.47 pD=0.07 pL=0.46 vAbs=0.220 pLogitMean=-7.4316 vLogitMean=0.6118 gNorm=0.274 lr=0.0165 ms=2048.2 buf=500000 plies=32667020 games=495650 rejected=0 skipped=0 epoch=0 mom=0.9094 lrCyc[pk=1.0e+00,tr=1.0e-03] trainerStep=3800
[LAYER-HEALTH] live trainerStep=3800 scope=batch_norm_state_only reluSites=2/10 ch=144 dead=0 off=0 alwaysOn=0 worst=none maxBetaOverGamma=+1.57@policy.pre_bn[103] minBetaOverGamma=-1.76@value.bn[15] rvMaxOverMedian=23.4@blocks.2.bn1[31] rezero=none nonFinite=0
[REPLAY] step=3850 loss=3.5385 pLoss=2.7363 vLoss=0.7980 pEnt=2.871 pIllM=0.0042 playedP=0.169 pW=0.47 pD=0.06 pL=0.47 vAbs=0.233 pLogitMean=-7.4334 vLogitMean=0.6121 gNorm=0.259 lr=0.0149 ms=2253.5 buf=500000 plies=33093603 games=502111 rejected=0 skipped=0 epoch=0 mom=0.9109 lrCyc[pk=1.0e+00,tr=1.0e-03] trainerStep=3850
[LAYER-HEALTH] live trainerStep=3850 scope=batch_norm_state_only reluSites=2/10 ch=144 dead=0 off=0 alwaysOn=0 worst=none maxBetaOverGamma=+1.57@policy.pre_bn[103] minBetaOverGamma=-1.75@value.bn[15] rvMaxOverMedian=23.5@blocks.2.bn1[31] rezero=none nonFinite=0
[REPLAY] step=3900 loss=3.5698 pLoss=2.7492 vLoss=0.8163 pEnt=2.883 pIllM=0.0043 playedP=0.163 pW=0.47 pD=0.06 pL=0.47 vAbs=0.228 pLogitMean=-7.4335 vLogitMean=0.6149 gNorm=0.294 lr=0.0134 ms=2488.3 buf=500000 plies=33520243 games=508535 rejected=0 skipped=0 epoch=0 mom=0.9124 lrCyc[pk=1.0e+00,tr=1.0e-03] trainerStep=3900
[LAYER-HEALTH] live trainerStep=3900 scope=batch_norm_state_only reluSites=2/10 ch=144 dead=0 off=0 alwaysOn=0 worst=none maxBetaOverGamma=+1.57@policy.pre_bn[103] minBetaOverGamma=-1.76@value.bn[15] rvMaxOverMedian=23.6@blocks.2.bn1[31] rezero=none nonFinite=0
[REPLAY] step=3950 loss=3.5564 pLoss=2.7540 vLoss=0.7982 pEnt=2.882 pIllM=0.0042 playedP=0.162 pW=0.47 pD=0.06 pL=0.47 vAbs=0.228 pLogitMean=-7.4341 vLogitMean=0.6162 gNorm=0.282 lr=0.012 ms=2215.4 buf=500000 plies=33946984 games=514979 rejected=0 skipped=0 epoch=0 mom=0.9140 lrCyc[pk=1.0e+00,tr=1.0e-03] trainerStep=3950
[LAYER-HEALTH] live trainerStep=3950 scope=batch_norm_state_only reluSites=2/10 ch=144 dead=0 off=0 alwaysOn=0 worst=none maxBetaOverGamma=+1.57@policy.pre_bn[103] minBetaOverGamma=-1.76@value.bn[15] rvMaxOverMedian=23.7@blocks.2.bn1[31] rezero=none nonFinite=0
[REPLAY] step=4000 loss=3.5563 pLoss=2.7513 vLoss=0.8003 pEnt=2.884 pIllM=0.0047 playedP=0.167 pW=0.47 pD=0.06 pL=0.46 vAbs=0.233 pLogitMean=-7.4362 vLogitMean=0.6110 gNorm=0.271 lr=0.0109 ms=2343.0 buf=500000 plies=34373556 games=521477 rejected=0 skipped=0 epoch=0 mom=0.9155 lrCyc[pk=1.0e+00,tr=1.0e-03] trainerStep=4000
[LAYER-HEALTH] live trainerStep=4000 scope=batch_norm_state_only reluSites=2/10 ch=144 dead=0 off=0 alwaysOn=0 worst=none maxBetaOverGamma=+1.57@policy.pre_bn[103] minBetaOverGamma=-1.77@value.bn[15] rvMaxOverMedian=23.7@blocks.2.bn1[31] rezero=none nonFinite=0
[REPLAY] saved trainer model (autosave) step=4000 trainerStep=4000 nextGame=521477 shard=1 epoch=0 -> 20261005-lrBsilu-cyc1-replay-latest.safetensors
[LAYER-HEALTH] checkpoint replay-autosave step=4000 trainerStep=4000 scope=all_tensors reluSites=2/10 ch=144 dead=0 off=0 alwaysOn=0 worst=none maxBetaOverGamma=+1.57@policy.pre_bn[103] minBetaOverGamma=-1.77@value.bn[15] rvMaxOverMedian=23.7@blocks.2.bn1[31] rezero=none nonFinite=0 seZeroVel=none valueFC1ZeroVel=0/128 maxAbs=14.58@blocks.0.bn2.running_var
[LAYER-HEALTH]   batch-norm sites — β/|γ|: dead < -3.00, mostly off < -2.00, always on > +3.00; classified for relu/leaky_relu only
[LAYER-HEALTH]     site            act            ch   dead    off     on  zeroγ nonfin  min β/|γ| [ch]     max β/|γ| [ch]     rv max/median [ch]
[LAYER-HEALTH]     stem.bn         -             128    n/a    n/a    n/a      0      0     -0.27 [35]         +0.16 [20]           11.7 [79]
[LAYER-HEALTH]     blocks.0.bn1    silu          128    n/a    n/a    n/a      0      0     -0.40 [5]          +0.13 [31]            2.1 [14]
[LAYER-HEALTH]     blocks.0.bn2    silu          128    n/a    n/a    n/a      0      0     -0.78 [53]         +0.30 [48]            8.1 [79]
[LAYER-HEALTH]     blocks.1.bn1    silu          128    n/a    n/a    n/a      0      0     -0.94 [17]         +0.08 [31]           16.1 [31]
[LAYER-HEALTH]     blocks.1.bn2    silu          128    n/a    n/a    n/a      0      0     -0.93 [120]        -0.05 [101]           5.6 [103]
[LAYER-HEALTH]     blocks.2.bn1    silu          128    n/a    n/a    n/a      0      0     -1.41 [17]         +0.48 [31]           23.7 [31]
[LAYER-HEALTH]     blocks.2.bn2    silu          128    n/a    n/a    n/a      0      0     -1.30 [78]         -0.04 [16]            2.9 [26]
[LAYER-HEALTH]     tower_final_bn  silu          128    n/a    n/a    n/a      0      0     -0.27 [90]         +0.57 [61]            4.5 [31]
[LAYER-HEALTH]     policy.pre_bn   leaky_relu    128      0      0      0      0      0     -0.74 [26]         +1.57 [103]           2.5 [41]
[LAYER-HEALTH]     value.bn        leaky_relu     16      0      0      0      0      0     -1.77 [15]         -0.87 [5]             2.1 [14]
[LAYER-HEALTH]   FC hidden-unit velocity — zero: every weight-velocity entry exactly 0; low: nonzero but < 5% of the layer's p90 unit norm
[LAYER-HEALTH]     value.fc1.weight  leaky_relu  units 128  zero 0  low 1  median unit norm 0.00513
[LAYER-HEALTH]     (no SE blocks)
[LAYER-HEALTH]   ReZero: none
[LAYER-HEALTH]   non-finite: 0 values in 0 of 102 tensors (10263038 values examined)
[LAYER-HEALTH]   largest |value|: blocks.0.bn2.running_var 14.58, blocks.2.bn1.running_var 10.12, blocks.1.bn2.running_var 8.456, blocks.1.bn1.running_var 6.942, blocks.2.bn2.running_var 6.933
[REPLAY] enumerated checkpoint -> 20261005-lrBsilu-cyc1-replay-step4000.safetensors
[REPLAY] step=4050 loss=3.5960 pLoss=2.7803 vLoss=0.8116 pEnt=2.890 pIllM=0.0041 playedP=0.166 pW=0.47 pD=0.06 pL=0.46 vAbs=0.217 pLogitMean=-7.4362 vLogitMean=0.6116 gNorm=0.276 lr=0.0098 ms=2411.8 buf=500000 plies=34800197 games=527962 rejected=0 skipped=0 epoch=0 mom=0.9169 lrCyc[pk=1.0e+00,tr=1.0e-03] trainerStep=4050
[LAYER-HEALTH] live trainerStep=4050 scope=batch_norm_state_only reluSites=2/10 ch=144 dead=0 off=0 alwaysOn=0 worst=none maxBetaOverGamma=+1.57@policy.pre_bn[103] minBetaOverGamma=-1.78@value.bn[15] rvMaxOverMedian=23.7@blocks.2.bn1[31] rezero=none nonFinite=0
[REPLAY] step=4100 loss=3.5514 pLoss=2.7470 vLoss=0.8001 pEnt=2.884 pIllM=0.0043 playedP=0.168 pW=0.47 pD=0.07 pL=0.47 vAbs=0.220 pLogitMean=-7.4362 vLogitMean=0.6121 gNorm=0.279 lr=0.00885 ms=1953.3 buf=500000 plies=35226838 games=534425 rejected=0 skipped=0 epoch=0 mom=0.9184 lrCyc[pk=1.0e+00,tr=1.0e-03] trainerStep=4100
[LAYER-HEALTH] live trainerStep=4100 scope=batch_norm_state_only reluSites=2/10 ch=144 dead=0 off=0 alwaysOn=0 worst=none maxBetaOverGamma=+1.57@policy.pre_bn[103] minBetaOverGamma=-1.78@value.bn[15] rvMaxOverMedian=23.7@blocks.2.bn1[31] rezero=none nonFinite=0
[REPLAY] step=4150 loss=3.5541 pLoss=2.7373 vLoss=0.8128 pEnt=2.876 pIllM=0.0039 playedP=0.167 pW=0.48 pD=0.06 pL=0.47 vAbs=0.229 pLogitMean=-7.4364 vLogitMean=0.6148 gNorm=0.296 lr=0.00801 ms=3120.2 buf=500000 plies=35653505 games=540923 rejected=0 skipped=0 epoch=0 mom=0.9199 lrCyc[pk=1.0e+00,tr=1.0e-03] trainerStep=4150
[LAYER-HEALTH] live trainerStep=4150 scope=batch_norm_state_only reluSites=2/10 ch=144 dead=0 off=0 alwaysOn=0 worst=none maxBetaOverGamma=+1.57@policy.pre_bn[103] minBetaOverGamma=-1.79@value.bn[15] rvMaxOverMedian=23.7@blocks.2.bn1[31] rezero=none nonFinite=0
[REPLAY] step=4200 loss=3.5658 pLoss=2.7498 vLoss=0.8116 pEnt=2.900 pIllM=0.0044 playedP=0.164 pW=0.47 pD=0.07 pL=0.46 vAbs=0.214 pLogitMean=-7.4382 vLogitMean=0.6124 gNorm=0.306 lr=0.00725 ms=2873.2 buf=500000 plies=36080162 games=547451 rejected=0 skipped=0 epoch=0 mom=0.9213 lrCyc[pk=1.0e+00,tr=1.0e-03] trainerStep=4200
[LAYER-HEALTH] live trainerStep=4200 scope=batch_norm_state_only reluSites=2/10 ch=144 dead=0 off=0 alwaysOn=0 worst=none maxBetaOverGamma=+1.57@policy.pre_bn[103] minBetaOverGamma=-1.80@value.bn[15] rvMaxOverMedian=23.7@blocks.2.bn1[31] rezero=none nonFinite=0
[REPLAY] step=4250 loss=3.5727 pLoss=2.7452 vLoss=0.8233 pEnt=2.903 pIllM=0.0042 playedP=0.160 pW=0.47 pD=0.06 pL=0.47 vAbs=0.229 pLogitMean=-7.4375 vLogitMean=0.6111 gNorm=0.275 lr=0.00658 ms=2991.7 buf=500000 plies=36506811 games=553901 rejected=0 skipped=0 epoch=0 mom=0.9227 lrCyc[pk=1.0e+00,tr=1.0e-03] trainerStep=4250
[LAYER-HEALTH] live trainerStep=4250 scope=batch_norm_state_only reluSites=2/10 ch=144 dead=0 off=0 alwaysOn=0 worst=none maxBetaOverGamma=+1.57@policy.pre_bn[103] minBetaOverGamma=-1.80@value.bn[15] rvMaxOverMedian=23.6@blocks.2.bn1[31] rezero=none nonFinite=0
[REPLAY] step=4300 loss=3.5682 pLoss=2.7491 vLoss=0.8147 pEnt=2.885 pIllM=0.0044 playedP=0.164 pW=0.47 pD=0.06 pL=0.47 vAbs=0.226 pLogitMean=-7.4398 vLogitMean=0.6151 gNorm=0.287 lr=0.00598 ms=2509.2 buf=500000 plies=36933434 games=560308 rejected=0 skipped=0 epoch=0 mom=0.9241 lrCyc[pk=1.0e+00,tr=1.0e-03] trainerStep=4300
[LAYER-HEALTH] live trainerStep=4300 scope=batch_norm_state_only reluSites=2/10 ch=144 dead=0 off=0 alwaysOn=0 worst=none maxBetaOverGamma=+1.57@policy.pre_bn[103] minBetaOverGamma=-1.80@value.bn[15] rvMaxOverMedian=23.5@blocks.2.bn1[31] rezero=none nonFinite=0
[REPLAY] step=4350 loss=3.5562 pLoss=2.7459 vLoss=0.8063 pEnt=2.885 pIllM=0.0040 playedP=0.163 pW=0.47 pD=0.07 pL=0.46 vAbs=0.223 pLogitMean=-7.4420 vLogitMean=0.6148 gNorm=0.280 lr=0.00544 ms=2295.6 buf=500000 plies=37360088 games=566724 rejected=0 skipped=0 epoch=0 mom=0.9255 lrCyc[pk=1.0e+00,tr=1.0e-03] trainerStep=4350
[LAYER-HEALTH] live trainerStep=4350 scope=batch_norm_state_only reluSites=2/10 ch=144 dead=0 off=0 alwaysOn=0 worst=none maxBetaOverGamma=+1.56@policy.pre_bn[103] minBetaOverGamma=-1.80@value.bn[15] rvMaxOverMedian=23.6@blocks.2.bn1[31] rezero=none nonFinite=0
[REPLAY] step=4400 loss=3.5731 pLoss=2.7603 vLoss=0.8089 pEnt=2.896 pIllM=0.0039 playedP=0.163 pW=0.47 pD=0.07 pL=0.46 vAbs=0.225 pLogitMean=-7.4421 vLogitMean=0.6151 gNorm=0.290 lr=0.00496 ms=2439.5 buf=500000 plies=37786869 games=573180 rejected=0 skipped=0 epoch=0 mom=0.9268 lrCyc[pk=1.0e+00,tr=1.0e-03] trainerStep=4400
[LAYER-HEALTH] live trainerStep=4400 scope=batch_norm_state_only reluSites=2/10 ch=144 dead=0 off=0 alwaysOn=0 worst=none maxBetaOverGamma=+1.56@policy.pre_bn[103] minBetaOverGamma=-1.79@value.bn[15] rvMaxOverMedian=23.6@blocks.2.bn1[31] rezero=none nonFinite=0
[REPLAY] step=4450 loss=3.5583 pLoss=2.7485 vLoss=0.8057 pEnt=2.881 pIllM=0.0041 playedP=0.165 pW=0.47 pD=0.07 pL=0.46 vAbs=0.234 pLogitMean=-7.4427 vLogitMean=0.6141 gNorm=0.281 lr=0.00453 ms=2597.6 buf=500000 plies=38213415 games=579616 rejected=0 skipped=0 epoch=0 mom=0.9281 lrCyc[pk=1.0e+00,tr=1.0e-03] trainerStep=4450
[LAYER-HEALTH] live trainerStep=4450 scope=batch_norm_state_only reluSites=2/10 ch=144 dead=0 off=0 alwaysOn=0 worst=none maxBetaOverGamma=+1.56@policy.pre_bn[103] minBetaOverGamma=-1.79@value.bn[15] rvMaxOverMedian=23.6@blocks.2.bn1[31] rezero=none nonFinite=0
[REPLAY] step=4500 loss=3.5845 pLoss=2.7665 vLoss=0.8140 pEnt=2.890 pIllM=0.0040 playedP=0.163 pW=0.47 pD=0.07 pL=0.46 vAbs=0.231 pLogitMean=-7.4422 vLogitMean=0.6160 gNorm=0.290 lr=0.00414 ms=2756.6 buf=500000 plies=38640041 games=586105 rejected=0 skipped=0 epoch=0 mom=0.9294 lrCyc[pk=1.0e+00,tr=1.0e-03] trainerStep=4500
[LAYER-HEALTH] live trainerStep=4500 scope=batch_norm_state_only reluSites=2/10 ch=144 dead=0 off=0 alwaysOn=0 worst=none maxBetaOverGamma=+1.56@policy.pre_bn[103] minBetaOverGamma=-1.79@value.bn[15] rvMaxOverMedian=23.6@blocks.2.bn1[31] rezero=none nonFinite=0
[REPLAY] step=4550 loss=3.5627 pLoss=2.7539 vLoss=0.8048 pEnt=2.871 pIllM=0.0040 playedP=0.170 pW=0.47 pD=0.07 pL=0.47 vAbs=0.229 pLogitMean=-7.4425 vLogitMean=0.6109 gNorm=0.277 lr=0.0038 ms=2854.9 buf=500000 plies=39066685 games=592539 rejected=0 skipped=0 epoch=0 mom=0.9306 lrCyc[pk=1.0e+00,tr=1.0e-03] trainerStep=4550
[LAYER-HEALTH] live trainerStep=4550 scope=batch_norm_state_only reluSites=2/10 ch=144 dead=0 off=0 alwaysOn=0 worst=none maxBetaOverGamma=+1.56@policy.pre_bn[103] minBetaOverGamma=-1.78@value.bn[15] rvMaxOverMedian=23.7@blocks.2.bn1[31] rezero=none nonFinite=0
[REPLAY] step=4600 loss=3.5657 pLoss=2.7585 vLoss=0.8025 pEnt=2.899 pIllM=0.0048 playedP=0.163 pW=0.47 pD=0.06 pL=0.47 vAbs=0.226 pLogitMean=-7.4430 vLogitMean=0.6141 gNorm=0.283 lr=0.00349 ms=3093.2 buf=500000 plies=39493368 games=598979 rejected=0 skipped=0 epoch=0 mom=0.9319 lrCyc[pk=1.0e+00,tr=1.0e-03] trainerStep=4600
[LAYER-HEALTH] live trainerStep=4600 scope=batch_norm_state_only reluSites=2/10 ch=144 dead=0 off=0 alwaysOn=0 worst=none maxBetaOverGamma=+1.56@policy.pre_bn[103] minBetaOverGamma=-1.77@value.bn[15] rvMaxOverMedian=23.7@blocks.2.bn1[31] rezero=none nonFinite=0
[REPLAY] step=4650 loss=3.5507 pLoss=2.7338 vLoss=0.8122 pEnt=2.873 pIllM=0.0047 playedP=0.169 pW=0.47 pD=0.06 pL=0.46 vAbs=0.230 pLogitMean=-7.4422 vLogitMean=0.6100 gNorm=0.274 lr=0.00321 ms=2475.9 buf=500000 plies=39919988 games=605451 rejected=0 skipped=0 epoch=0 mom=0.9331 lrCyc[pk=1.0e+00,tr=1.0e-03] trainerStep=4650
[LAYER-HEALTH] live trainerStep=4650 scope=batch_norm_state_only reluSites=2/10 ch=144 dead=0 off=0 alwaysOn=0 worst=none maxBetaOverGamma=+1.56@policy.pre_bn[103] minBetaOverGamma=-1.77@value.bn[15] rvMaxOverMedian=23.8@blocks.2.bn1[31] rezero=none nonFinite=0
[REPLAY] step=4700 loss=3.5846 pLoss=2.7529 vLoss=0.8273 pEnt=2.874 pIllM=0.0044 playedP=0.167 pW=0.47 pD=0.07 pL=0.46 vAbs=0.218 pLogitMean=-7.4417 vLogitMean=0.6135 gNorm=0.273 lr=0.00297 ms=2714.2 buf=500000 plies=40346638 games=611945 rejected=0 skipped=0 epoch=0 mom=0.9342 lrCyc[pk=1.0e+00,tr=1.0e-03] trainerStep=4700
[LAYER-HEALTH] live trainerStep=4700 scope=batch_norm_state_only reluSites=2/10 ch=144 dead=0 off=0 alwaysOn=0 worst=none maxBetaOverGamma=+1.56@policy.pre_bn[103] minBetaOverGamma=-1.78@value.bn[15] rvMaxOverMedian=23.9@blocks.2.bn1[31] rezero=none nonFinite=0
[REPLAY] step=4750 loss=3.5590 pLoss=2.7465 vLoss=0.8084 pEnt=2.892 pIllM=0.0042 playedP=0.165 pW=0.47 pD=0.07 pL=0.46 vAbs=0.226 pLogitMean=-7.4435 vLogitMean=0.6114 gNorm=0.268 lr=0.00274 ms=2651.4 buf=500000 plies=40773283 games=618435 rejected=0 skipped=0 epoch=0 mom=0.9354 lrCyc[pk=1.0e+00,tr=1.0e-03] trainerStep=4750
[LAYER-HEALTH] live trainerStep=4750 scope=batch_norm_state_only reluSites=2/10 ch=144 dead=0 off=0 alwaysOn=0 worst=none maxBetaOverGamma=+1.56@policy.pre_bn[103] minBetaOverGamma=-1.77@value.bn[15] rvMaxOverMedian=23.9@blocks.2.bn1[31] rezero=none nonFinite=0
[REPLAY] step=4800 loss=3.5915 pLoss=2.7740 vLoss=0.8136 pEnt=2.889 pIllM=0.0039 playedP=0.166 pW=0.47 pD=0.07 pL=0.46 vAbs=0.221 pLogitMean=-7.4429 vLogitMean=0.6128 gNorm=0.267 lr=0.00254 ms=2512.6 buf=500000 plies=41200022 games=624928 rejected=0 skipped=0 epoch=0 mom=0.9365 lrCyc[pk=1.0e+00,tr=1.0e-03] trainerStep=4800
[LAYER-HEALTH] live trainerStep=4800 scope=batch_norm_state_only reluSites=2/10 ch=144 dead=0 off=0 alwaysOn=0 worst=none maxBetaOverGamma=+1.56@policy.pre_bn[103] minBetaOverGamma=-1.77@value.bn[15] rvMaxOverMedian=23.9@blocks.2.bn1[31] rezero=none nonFinite=0
[REPLAY] step=4850 loss=3.5396 pLoss=2.7481 vLoss=0.7877 pEnt=2.893 pIllM=0.0038 playedP=0.165 pW=0.47 pD=0.06 pL=0.46 vAbs=0.229 pLogitMean=-7.4412 vLogitMean=0.6102 gNorm=0.304 lr=0.00237 ms=2513.7 buf=500000 plies=41626573 games=631458 rejected=0 skipped=0 epoch=0 mom=0.9375 lrCyc[pk=1.0e+00,tr=1.0e-03] trainerStep=4850
[LAYER-HEALTH] live trainerStep=4850 scope=batch_norm_state_only reluSites=2/10 ch=144 dead=0 off=0 alwaysOn=0 worst=none maxBetaOverGamma=+1.56@policy.pre_bn[103] minBetaOverGamma=-1.77@value.bn[15] rvMaxOverMedian=23.9@blocks.2.bn1[31] rezero=none nonFinite=0
[REPLAY] step=4900 loss=3.5598 pLoss=2.7500 vLoss=0.8056 pEnt=2.882 pIllM=0.0041 playedP=0.165 pW=0.47 pD=0.06 pL=0.47 vAbs=0.231 pLogitMean=-7.4406 vLogitMean=0.6123 gNorm=0.270 lr=0.0022 ms=3139.1 buf=500000 plies=42053337 games=637948 rejected=0 skipped=0 epoch=0 mom=0.9385 lrCyc[pk=1.0e+00,tr=1.0e-03] trainerStep=4900
[LAYER-HEALTH] live trainerStep=4900 scope=batch_norm_state_only reluSites=2/10 ch=144 dead=0 off=0 alwaysOn=0 worst=none maxBetaOverGamma=+1.56@policy.pre_bn[103] minBetaOverGamma=-1.77@value.bn[15] rvMaxOverMedian=24.0@blocks.2.bn1[31] rezero=none nonFinite=0
[REPLAY] step=4950 loss=3.6177 pLoss=2.7857 vLoss=0.8278 pEnt=2.882 pIllM=0.0043 playedP=0.164 pW=0.47 pD=0.07 pL=0.46 vAbs=0.220 pLogitMean=-7.4411 vLogitMean=0.6129 gNorm=0.284 lr=0.00206 ms=2406.6 buf=500000 plies=42479938 games=644392 rejected=0 skipped=0 epoch=0 mom=0.9395 lrCyc[pk=1.0e+00,tr=1.0e-03] trainerStep=4950
[LAYER-HEALTH] live trainerStep=4950 scope=batch_norm_state_only reluSites=2/10 ch=144 dead=0 off=0 alwaysOn=0 worst=none maxBetaOverGamma=+1.56@policy.pre_bn[103] minBetaOverGamma=-1.78@value.bn[15] rvMaxOverMedian=24.1@blocks.2.bn1[31] rezero=none nonFinite=0
[REPLAY] step=5000 loss=3.5597 pLoss=2.7620 vLoss=0.7936 pEnt=2.898 pIllM=0.0041 playedP=0.159 pW=0.47 pD=0.06 pL=0.47 vAbs=0.227 pLogitMean=-7.4414 vLogitMean=0.6121 gNorm=0.290 lr=0.00193 ms=3574.4 buf=500000 plies=42906578 games=650871 rejected=0 skipped=0 epoch=0 mom=0.9405 lrCyc[pk=1.0e+00,tr=1.0e-03] trainerStep=5000
[LAYER-HEALTH] live trainerStep=5000 scope=batch_norm_state_only reluSites=2/10 ch=144 dead=0 off=0 alwaysOn=0 worst=none maxBetaOverGamma=+1.56@policy.pre_bn[103] minBetaOverGamma=-1.77@value.bn[15] rvMaxOverMedian=24.2@blocks.2.bn1[31] rezero=none nonFinite=0
[REPLAY] saved trainer model (autosave) step=5000 trainerStep=5000 nextGame=650871 shard=1 epoch=0 -> 20261005-lrBsilu-cyc1-replay-latest.safetensors
[LAYER-HEALTH] checkpoint replay-autosave step=5000 trainerStep=5000 scope=all_tensors reluSites=2/10 ch=144 dead=0 off=0 alwaysOn=0 worst=none maxBetaOverGamma=+1.56@policy.pre_bn[103] minBetaOverGamma=-1.77@value.bn[15] rvMaxOverMedian=24.2@blocks.2.bn1[31] rezero=none nonFinite=0 seZeroVel=none valueFC1ZeroVel=0/128 maxAbs=14.23@blocks.0.bn2.running_var
[LAYER-HEALTH]   batch-norm sites — β/|γ|: dead < -3.00, mostly off < -2.00, always on > +3.00; classified for relu/leaky_relu only
[LAYER-HEALTH]     site            act            ch   dead    off     on  zeroγ nonfin  min β/|γ| [ch]     max β/|γ| [ch]     rv max/median [ch]
[LAYER-HEALTH]     stem.bn         -             128    n/a    n/a    n/a      0      0     -0.27 [35]         +0.16 [20]           11.8 [79]
[LAYER-HEALTH]     blocks.0.bn1    silu          128    n/a    n/a    n/a      0      0     -0.40 [5]          +0.13 [31]            2.1 [14]
[LAYER-HEALTH]     blocks.0.bn2    silu          128    n/a    n/a    n/a      0      0     -0.78 [53]         +0.30 [48]            8.0 [79]
[LAYER-HEALTH]     blocks.1.bn1    silu          128    n/a    n/a    n/a      0      0     -0.94 [17]         +0.08 [31]           16.2 [31]
[LAYER-HEALTH]     blocks.1.bn2    silu          128    n/a    n/a    n/a      0      0     -0.93 [120]        -0.05 [101]           5.4 [103]
[LAYER-HEALTH]     blocks.2.bn1    silu          128    n/a    n/a    n/a      0      0     -1.42 [17]         +0.49 [31]           24.2 [31]
[LAYER-HEALTH]     blocks.2.bn2    silu          128    n/a    n/a    n/a      0      0     -1.30 [78]         -0.04 [16]            2.9 [26]
[LAYER-HEALTH]     tower_final_bn  silu          128    n/a    n/a    n/a      0      0     -0.27 [90]         +0.57 [61]            4.5 [31]
[LAYER-HEALTH]     policy.pre_bn   leaky_relu    128      0      0      0      0      0     -0.73 [26]         +1.56 [103]           2.5 [41]
[LAYER-HEALTH]     value.bn        leaky_relu     16      0      0      0      0      0     -1.77 [15]         -0.87 [5]             2.0 [14]
[LAYER-HEALTH]   FC hidden-unit velocity — zero: every weight-velocity entry exactly 0; low: nonzero but < 5% of the layer's p90 unit norm
[LAYER-HEALTH]     value.fc1.weight  leaky_relu  units 128  zero 0  low 7  median unit norm 0.007653
[LAYER-HEALTH]     (no SE blocks)
[LAYER-HEALTH]   ReZero: none
[LAYER-HEALTH]   non-finite: 0 values in 0 of 102 tensors (10263038 values examined)
[LAYER-HEALTH]   largest |value|: blocks.0.bn2.running_var 14.23, blocks.2.bn1.running_var 10.23, blocks.1.bn2.running_var 8.146, blocks.1.bn1.running_var 6.962, blocks.2.bn2.running_var 6.901
[REPLAY] enumerated checkpoint -> 20261005-lrBsilu-cyc1-replay-step5000.safetensors
[REPLAY] step=5050 loss=3.5612 pLoss=2.7531 vLoss=0.8041 pEnt=2.874 pIllM=0.0041 playedP=0.165 pW=0.47 pD=0.06 pL=0.46 vAbs=0.224 pLogitMean=-7.4418 vLogitMean=0.6097 gNorm=0.294 lr=0.00181 ms=2499.2 buf=500000 plies=43333211 games=657287 rejected=0 skipped=0 epoch=0 mom=0.9414 lrCyc[pk=1.0e+00,tr=1.0e-03] trainerStep=5050
[LAYER-HEALTH] live trainerStep=5050 scope=batch_norm_state_only reluSites=2/10 ch=144 dead=0 off=0 alwaysOn=0 worst=none maxBetaOverGamma=+1.56@policy.pre_bn[103] minBetaOverGamma=-1.77@value.bn[15] rvMaxOverMedian=24.2@blocks.2.bn1[31] rezero=none nonFinite=0
[REPLAY] step=5100 loss=3.5760 pLoss=2.7585 vLoss=0.8137 pEnt=2.882 pIllM=0.0037 playedP=0.166 pW=0.47 pD=0.06 pL=0.47 vAbs=0.221 pLogitMean=-7.4417 vLogitMean=0.6116 gNorm=0.276 lr=0.00171 ms=2471.5 buf=500000 plies=43759834 games=663687 rejected=0 skipped=0 epoch=0 mom=0.9422 lrCyc[pk=1.0e+00,tr=1.0e-03] trainerStep=5100
[LAYER-HEALTH] live trainerStep=5100 scope=batch_norm_state_only reluSites=2/10 ch=144 dead=0 off=0 alwaysOn=0 worst=none maxBetaOverGamma=+1.56@policy.pre_bn[103] minBetaOverGamma=-1.77@value.bn[15] rvMaxOverMedian=24.3@blocks.2.bn1[31] rezero=none nonFinite=0
[REPLAY] step=5150 loss=3.5936 pLoss=2.7717 vLoss=0.8173 pEnt=2.884 pIllM=0.0046 playedP=0.166 pW=0.47 pD=0.07 pL=0.46 vAbs=0.222 pLogitMean=-7.4433 vLogitMean=0.6105 gNorm=0.281 lr=0.00161 ms=2117.8 buf=500000 plies=44186474 games=670123 rejected=0 skipped=0 epoch=0 mom=0.9430 lrCyc[pk=1.0e+00,tr=1.0e-03] trainerStep=5150
[LAYER-HEALTH] live trainerStep=5150 scope=batch_norm_state_only reluSites=2/10 ch=144 dead=0 off=0 alwaysOn=0 worst=none maxBetaOverGamma=+1.56@policy.pre_bn[103] minBetaOverGamma=-1.77@value.bn[15] rvMaxOverMedian=24.2@blocks.2.bn1[31] rezero=none nonFinite=0
[REPLAY] step=5200 loss=3.5326 pLoss=2.7308 vLoss=0.7974 pEnt=2.872 pIllM=0.0044 playedP=0.172 pW=0.47 pD=0.07 pL=0.46 vAbs=0.228 pLogitMean=-7.4420 vLogitMean=0.6114 gNorm=0.301 lr=0.00153 ms=2299.8 buf=500000 plies=44613136 games=676649 rejected=0 skipped=0 epoch=0 mom=0.9438 lrCyc[pk=1.0e+00,tr=1.0e-03] trainerStep=5200
[LAYER-HEALTH] live trainerStep=5200 scope=batch_norm_state_only reluSites=2/10 ch=144 dead=0 off=0 alwaysOn=0 worst=none maxBetaOverGamma=+1.57@policy.pre_bn[103] minBetaOverGamma=-1.76@value.bn[15] rvMaxOverMedian=24.2@blocks.2.bn1[31] rezero=none nonFinite=0
[REPLAY] step=5250 loss=3.5847 pLoss=2.7665 vLoss=0.8141 pEnt=2.882 pIllM=0.0041 playedP=0.166 pW=0.47 pD=0.06 pL=0.46 vAbs=0.231 pLogitMean=-7.4427 vLogitMean=0.6113 gNorm=0.283 lr=0.00145 ms=2306.8 buf=500000 plies=45039807 games=683042 rejected=0 skipped=0 epoch=0 mom=0.9446 lrCyc[pk=1.0e+00,tr=1.0e-03] trainerStep=5250
[LAYER-HEALTH] live trainerStep=5250 scope=batch_norm_state_only reluSites=2/10 ch=144 dead=0 off=0 alwaysOn=0 worst=none maxBetaOverGamma=+1.57@policy.pre_bn[103] minBetaOverGamma=-1.76@value.bn[15] rvMaxOverMedian=24.2@blocks.2.bn1[31] rezero=none nonFinite=0
[REPLAY] step=5300 loss=3.5758 pLoss=2.7583 vLoss=0.8138 pEnt=2.882 pIllM=0.0037 playedP=0.166 pW=0.47 pD=0.07 pL=0.46 vAbs=0.226 pLogitMean=-7.4444 vLogitMean=0.6124 gNorm=0.276 lr=0.00139 ms=2804.2 buf=500000 plies=45466421 games=689483 rejected=0 skipped=0 epoch=0 mom=0.9452 lrCyc[pk=1.0e+00,tr=1.0e-03] trainerStep=5300
[LAYER-HEALTH] live trainerStep=5300 scope=batch_norm_state_only reluSites=2/10 ch=144 dead=0 off=0 alwaysOn=0 worst=none maxBetaOverGamma=+1.56@policy.pre_bn[103] minBetaOverGamma=-1.76@value.bn[15] rvMaxOverMedian=24.2@blocks.2.bn1[31] rezero=none nonFinite=0
[REPLAY] step=5350 loss=3.5805 pLoss=2.7526 vLoss=0.8235 pEnt=2.887 pIllM=0.0044 playedP=0.165 pW=0.47 pD=0.07 pL=0.46 vAbs=0.228 pLogitMean=-7.4431 vLogitMean=0.6125 gNorm=0.282 lr=0.00133 ms=2267.2 buf=500000 plies=45893081 games=695898 rejected=0 skipped=0 epoch=0 mom=0.9459 lrCyc[pk=1.0e+00,tr=1.0e-03] trainerStep=5350
[LAYER-HEALTH] live trainerStep=5350 scope=batch_norm_state_only reluSites=2/10 ch=144 dead=0 off=0 alwaysOn=0 worst=none maxBetaOverGamma=+1.56@policy.pre_bn[103] minBetaOverGamma=-1.76@value.bn[15] rvMaxOverMedian=24.2@blocks.2.bn1[31] rezero=none nonFinite=0
[REPLAY] step=5400 loss=3.5827 pLoss=2.7713 vLoss=0.8075 pEnt=2.884 pIllM=0.0039 playedP=0.167 pW=0.47 pD=0.07 pL=0.46 vAbs=0.225 pLogitMean=-7.4448 vLogitMean=0.6111 gNorm=0.278 lr=0.00127 ms=2688.9 buf=500000 plies=46319752 games=702375 rejected=0 skipped=0 epoch=0 mom=0.9465 lrCyc[pk=1.0e+00,tr=1.0e-03] trainerStep=5400
[LAYER-HEALTH] live trainerStep=5400 scope=batch_norm_state_only reluSites=2/10 ch=144 dead=0 off=0 alwaysOn=0 worst=none maxBetaOverGamma=+1.56@policy.pre_bn[103] minBetaOverGamma=-1.76@value.bn[15] rvMaxOverMedian=24.2@blocks.2.bn1[31] rezero=none nonFinite=0
[REPLAY] step=5450 loss=3.5473 pLoss=2.7381 vLoss=0.8046 pEnt=2.873 pIllM=0.0045 playedP=0.168 pW=0.47 pD=0.07 pL=0.46 vAbs=0.227 pLogitMean=-7.4441 vLogitMean=0.6138 gNorm=0.278 lr=0.00122 ms=2946.3 buf=500000 plies=46746396 games=708766 rejected=0 skipped=0 epoch=0 mom=0.9470 lrCyc[pk=1.0e+00,tr=1.0e-03] trainerStep=5450
[LAYER-HEALTH] live trainerStep=5450 scope=batch_norm_state_only reluSites=2/10 ch=144 dead=0 off=0 alwaysOn=0 worst=none maxBetaOverGamma=+1.56@policy.pre_bn[103] minBetaOverGamma=-1.76@value.bn[15] rvMaxOverMedian=24.3@blocks.2.bn1[31] rezero=none nonFinite=0
[REPLAY] step=5500 loss=3.5613 pLoss=2.7510 vLoss=0.8065 pEnt=2.903 pIllM=0.0039 playedP=0.162 pW=0.47 pD=0.06 pL=0.46 vAbs=0.229 pLogitMean=-7.4443 vLogitMean=0.6119 gNorm=0.284 lr=0.00118 ms=2968.1 buf=500000 plies=47173050 games=715271 rejected=0 skipped=0 epoch=0 mom=0.9476 lrCyc[pk=1.0e+00,tr=1.0e-03] trainerStep=5500
[LAYER-HEALTH] live trainerStep=5500 scope=batch_norm_state_only reluSites=2/10 ch=144 dead=0 off=0 alwaysOn=0 worst=none maxBetaOverGamma=+1.56@policy.pre_bn[103] minBetaOverGamma=-1.76@value.bn[15] rvMaxOverMedian=24.3@blocks.2.bn1[31] rezero=none nonFinite=0
[REPLAY] step=5550 loss=3.5662 pLoss=2.7548 vLoss=0.8071 pEnt=2.888 pIllM=0.0042 playedP=0.167 pW=0.47 pD=0.06 pL=0.46 vAbs=0.228 pLogitMean=-7.4443 vLogitMean=0.6108 gNorm=0.278 lr=0.00114 ms=2208.5 buf=500000 plies=47599723 games=721780 rejected=0 skipped=0 epoch=0 mom=0.9480 lrCyc[pk=1.0e+00,tr=1.0e-03] trainerStep=5550
[LAYER-HEALTH] live trainerStep=5550 scope=batch_norm_state_only reluSites=2/10 ch=144 dead=0 off=0 alwaysOn=0 worst=none maxBetaOverGamma=+1.56@policy.pre_bn[103] minBetaOverGamma=-1.76@value.bn[15] rvMaxOverMedian=24.3@blocks.2.bn1[31] rezero=none nonFinite=0
[REPLAY] step=5600 loss=3.5471 pLoss=2.7213 vLoss=0.8217 pEnt=2.856 pIllM=0.0041 playedP=0.170 pW=0.47 pD=0.07 pL=0.46 vAbs=0.229 pLogitMean=-7.4433 vLogitMean=0.6130 gNorm=0.302 lr=0.00111 ms=2350.9 buf=500000 plies=48026380 games=728254 rejected=0 skipped=0 epoch=0 mom=0.9484 lrCyc[pk=1.0e+00,tr=1.0e-03] trainerStep=5600
[LAYER-HEALTH] live trainerStep=5600 scope=batch_norm_state_only reluSites=2/10 ch=144 dead=0 off=0 alwaysOn=0 worst=none maxBetaOverGamma=+1.56@policy.pre_bn[103] minBetaOverGamma=-1.76@value.bn[15] rvMaxOverMedian=24.3@blocks.2.bn1[31] rezero=none nonFinite=0
[REPLAY] step=5650 loss=3.5925 pLoss=2.7679 vLoss=0.8205 pEnt=2.896 pIllM=0.0041 playedP=0.166 pW=0.47 pD=0.07 pL=0.46 vAbs=0.222 pLogitMean=-7.4451 vLogitMean=0.6127 gNorm=0.293 lr=0.00108 ms=2959.2 buf=500000 plies=48452987 games=734716 rejected=0 skipped=0 epoch=0 mom=0.9488 lrCyc[pk=1.0e+00,tr=1.0e-03] trainerStep=5650
[LAYER-HEALTH] live trainerStep=5650 scope=batch_norm_state_only reluSites=2/10 ch=144 dead=0 off=0 alwaysOn=0 worst=none maxBetaOverGamma=+1.56@policy.pre_bn[103] minBetaOverGamma=-1.77@value.bn[15] rvMaxOverMedian=24.2@blocks.2.bn1[31] rezero=none nonFinite=0
[REPLAY] step=5700 loss=3.5891 pLoss=2.7665 vLoss=0.8185 pEnt=2.895 pIllM=0.0041 playedP=0.165 pW=0.47 pD=0.07 pL=0.46 vAbs=0.225 pLogitMean=-7.4451 vLogitMean=0.6134 gNorm=0.281 lr=0.00106 ms=2549.3 buf=500000 plies=48879628 games=741227 rejected=0 skipped=0 epoch=0 mom=0.9491 lrCyc[pk=1.0e+00,tr=1.0e-03] trainerStep=5700
[LAYER-HEALTH] live trainerStep=5700 scope=batch_norm_state_only reluSites=2/10 ch=144 dead=0 off=0 alwaysOn=0 worst=none maxBetaOverGamma=+1.56@policy.pre_bn[103] minBetaOverGamma=-1.77@value.bn[15] rvMaxOverMedian=24.2@blocks.2.bn1[31] rezero=none nonFinite=0
[REPLAY] step=5750 loss=3.5677 pLoss=2.7522 vLoss=0.8116 pEnt=2.879 pIllM=0.0039 playedP=0.166 pW=0.47 pD=0.07 pL=0.46 vAbs=0.224 pLogitMean=-7.4440 vLogitMean=0.6134 gNorm=0.299 lr=0.00104 ms=3245.3 buf=500000 plies=49306384 games=747656 rejected=0 skipped=0 epoch=0 mom=0.9494 lrCyc[pk=1.0e+00,tr=1.0e-03] trainerStep=5750
[LAYER-HEALTH] live trainerStep=5750 scope=batch_norm_state_only reluSites=2/10 ch=144 dead=0 off=0 alwaysOn=0 worst=none maxBetaOverGamma=+1.56@policy.pre_bn[103] minBetaOverGamma=-1.77@value.bn[15] rvMaxOverMedian=24.1@blocks.2.bn1[31] rezero=none nonFinite=0
[REPLAY] step=5800 loss=3.5658 pLoss=2.7464 vLoss=0.8152 pEnt=2.873 pIllM=0.0042 playedP=0.167 pW=0.47 pD=0.07 pL=0.46 vAbs=0.225 pLogitMean=-7.4445 vLogitMean=0.6124 gNorm=0.269 lr=0.00103 ms=2166.1 buf=500000 plies=49732925 games=754076 rejected=0 skipped=0 epoch=0 mom=0.9496 lrCyc[pk=1.0e+00,tr=1.0e-03] trainerStep=5800
[LAYER-HEALTH] live trainerStep=5800 scope=batch_norm_state_only reluSites=2/10 ch=144 dead=0 off=0 alwaysOn=0 worst=none maxBetaOverGamma=+1.56@policy.pre_bn[103] minBetaOverGamma=-1.77@value.bn[15] rvMaxOverMedian=24.2@blocks.2.bn1[31] rezero=none nonFinite=0
[REPLAY] step=5850 loss=3.5754 pLoss=2.7550 vLoss=0.8165 pEnt=2.893 pIllM=0.0040 playedP=0.168 pW=0.47 pD=0.07 pL=0.46 vAbs=0.224 pLogitMean=-7.4456 vLogitMean=0.6133 gNorm=0.274 lr=0.00101 ms=2908.6 buf=500000 plies=50159650 games=760571 rejected=0 skipped=0 epoch=0 mom=0.9498 lrCyc[pk=1.0e+00,tr=1.0e-03] trainerStep=5850
[LAYER-HEALTH] live trainerStep=5850 scope=batch_norm_state_only reluSites=2/10 ch=144 dead=0 off=0 alwaysOn=0 worst=none maxBetaOverGamma=+1.56@policy.pre_bn[103] minBetaOverGamma=-1.77@value.bn[15] rvMaxOverMedian=24.2@blocks.2.bn1[31] rezero=none nonFinite=0
[REPLAY] step=5900 loss=3.5686 pLoss=2.7562 vLoss=0.8083 pEnt=2.872 pIllM=0.0041 playedP=0.164 pW=0.47 pD=0.07 pL=0.46 vAbs=0.225 pLogitMean=-7.4439 vLogitMean=0.6108 gNorm=0.274 lr=0.001 ms=2635.2 buf=500000 plies=50586251 games=766956 rejected=0 skipped=0 epoch=0 mom=0.9499 lrCyc[pk=1.0e+00,tr=1.0e-03] trainerStep=5900
[LAYER-HEALTH] live trainerStep=5900 scope=batch_norm_state_only reluSites=2/10 ch=144 dead=0 off=0 alwaysOn=0 worst=none maxBetaOverGamma=+1.56@policy.pre_bn[103] minBetaOverGamma=-1.77@value.bn[15] rvMaxOverMedian=24.2@blocks.2.bn1[31] rezero=none nonFinite=0
[REPLAY] step=5950 loss=3.5413 pLoss=2.7359 vLoss=0.8014 pEnt=2.886 pIllM=0.0041 playedP=0.168 pW=0.47 pD=0.07 pL=0.46 vAbs=0.218 pLogitMean=-7.4452 vLogitMean=0.6138 gNorm=0.287 lr=0.000999 ms=2878.1 buf=500000 plies=51012874 games=773419 rejected=0 skipped=0 epoch=0 mom=0.9500 lrCyc[pk=1.0e+00,tr=1.0e-03] trainerStep=5950
[LAYER-HEALTH] live trainerStep=5950 scope=batch_norm_state_only reluSites=2/10 ch=144 dead=0 off=0 alwaysOn=0 worst=none maxBetaOverGamma=+1.56@policy.pre_bn[103] minBetaOverGamma=-1.77@value.bn[15] rvMaxOverMedian=24.3@blocks.2.bn1[31] rezero=none nonFinite=0
[REPLAY] step=6000 loss=3.5626 pLoss=2.7437 vLoss=0.8146 pEnt=2.878 pIllM=0.0044 playedP=0.167 pW=0.47 pD=0.07 pL=0.46 vAbs=0.225 pLogitMean=-7.4441 vLogitMean=0.6128 gNorm=0.266 lr=0.000998 ms=2399.3 buf=500000 plies=51439544 games=779913 rejected=0 skipped=0 epoch=0 mom=0.9500 lrCyc[pk=1.0e+00,tr=1.0e-03] trainerStep=6000
[LAYER-HEALTH] live trainerStep=6000 scope=batch_norm_state_only reluSites=2/10 ch=144 dead=0 off=0 alwaysOn=0 worst=none maxBetaOverGamma=+1.56@policy.pre_bn[103] minBetaOverGamma=-1.77@value.bn[15] rvMaxOverMedian=24.3@blocks.2.bn1[31] rezero=none nonFinite=0
[REPLAY] saved trainer model (autosave) step=6000 trainerStep=6000 nextGame=779913 shard=1 epoch=0 -> 20261005-lrBsilu-cyc1-replay-latest.safetensors
[LAYER-HEALTH] checkpoint replay-autosave step=6000 trainerStep=6000 scope=all_tensors reluSites=2/10 ch=144 dead=0 off=0 alwaysOn=0 worst=none maxBetaOverGamma=+1.56@policy.pre_bn[103] minBetaOverGamma=-1.77@value.bn[15] rvMaxOverMedian=24.3@blocks.2.bn1[31] rezero=none nonFinite=0 seZeroVel=none valueFC1ZeroVel=0/128 maxAbs=14.05@blocks.0.bn2.running_var
[LAYER-HEALTH]   batch-norm sites — β/|γ|: dead < -3.00, mostly off < -2.00, always on > +3.00; classified for relu/leaky_relu only
[LAYER-HEALTH]     site            act            ch   dead    off     on  zeroγ nonfin  min β/|γ| [ch]     max β/|γ| [ch]     rv max/median [ch]
[LAYER-HEALTH]     stem.bn         -             128    n/a    n/a    n/a      0      0     -0.27 [35]         +0.16 [20]           11.8 [79]
[LAYER-HEALTH]     blocks.0.bn1    silu          128    n/a    n/a    n/a      0      0     -0.40 [5]          +0.13 [31]            2.1 [14]
[LAYER-HEALTH]     blocks.0.bn2    silu          128    n/a    n/a    n/a      0      0     -0.78 [53]         +0.30 [48]            7.9 [79]
[LAYER-HEALTH]     blocks.1.bn1    silu          128    n/a    n/a    n/a      0      0     -0.94 [17]         +0.08 [31]           16.2 [31]
[LAYER-HEALTH]     blocks.1.bn2    silu          128    n/a    n/a    n/a      0      0     -0.93 [120]        -0.05 [101]           5.5 [103]
[LAYER-HEALTH]     blocks.2.bn1    silu          128    n/a    n/a    n/a      0      0     -1.42 [17]         +0.49 [31]           24.3 [31]
[LAYER-HEALTH]     blocks.2.bn2    silu          128    n/a    n/a    n/a      0      0     -1.30 [78]         -0.03 [16]            2.9 [26]
[LAYER-HEALTH]     tower_final_bn  silu          128    n/a    n/a    n/a      0      0     -0.27 [90]         +0.57 [61]            4.5 [31]
[LAYER-HEALTH]     policy.pre_bn   leaky_relu    128      0      0      0      0      0     -0.73 [26]         +1.56 [103]           2.5 [41]
[LAYER-HEALTH]     value.bn        leaky_relu     16      0      0      0      0      0     -1.77 [15]         -0.87 [5]             2.0 [14]
[LAYER-HEALTH]   FC hidden-unit velocity — zero: every weight-velocity entry exactly 0; low: nonzero but < 5% of the layer's p90 unit norm
[LAYER-HEALTH]     value.fc1.weight  leaky_relu  units 128  zero 0  low 2  median unit norm 0.007627
[LAYER-HEALTH]     (no SE blocks)
[LAYER-HEALTH]   ReZero: none
[LAYER-HEALTH]   non-finite: 0 values in 0 of 102 tensors (10263038 values examined)
[LAYER-HEALTH]   largest |value|: blocks.0.bn2.running_var 14.05, blocks.2.bn1.running_var 10.25, blocks.1.bn2.running_var 8.253, blocks.1.bn1.running_var 6.998, blocks.2.bn2.running_var 6.897
[REPLAY] enumerated checkpoint -> 20261005-lrBsilu-cyc1-replay-step6000.safetensors
[REPLAY] step=6050 loss=3.5965 pLoss=2.7770 vLoss=0.8152 pEnt=2.910 pIllM=0.0043 playedP=0.159 pW=0.47 pD=0.07 pL=0.46 vAbs=0.218 pLogitMean=-7.4448 vLogitMean=0.6140 gNorm=0.283 lr=0.000999 ms=2633.7 buf=500000 plies=51866229 games=786406 rejected=0 skipped=0 epoch=0 mom=0.9500 lrCyc[pk=1.0e+00,tr=1.0e-03] trainerStep=6050
[LAYER-HEALTH] live trainerStep=6050 scope=batch_norm_state_only reluSites=2/10 ch=144 dead=0 off=0 alwaysOn=0 worst=none maxBetaOverGamma=+1.56@policy.pre_bn[103] minBetaOverGamma=-1.77@value.bn[15] rvMaxOverMedian=24.4@blocks.2.bn1[31] rezero=none nonFinite=0
[REPLAY] step=6100 loss=3.5832 pLoss=2.7503 vLoss=0.8287 pEnt=2.879 pIllM=0.0042 playedP=0.165 pW=0.47 pD=0.07 pL=0.46 vAbs=0.223 pLogitMean=-7.4454 vLogitMean=0.6086 gNorm=0.285 lr=0.001 ms=2503.3 buf=500000 plies=52292838 games=792868 rejected=0 skipped=0 epoch=0 mom=0.9499 lrCyc[pk=1.0e+00,tr=1.0e-03] trainerStep=6100
[LAYER-HEALTH] live trainerStep=6100 scope=batch_norm_state_only reluSites=2/10 ch=144 dead=0 off=0 alwaysOn=0 worst=none maxBetaOverGamma=+1.56@policy.pre_bn[103] minBetaOverGamma=-1.77@value.bn[15] rvMaxOverMedian=24.4@blocks.2.bn1[31] rezero=none nonFinite=0
[REPLAY] step=6150 loss=3.5565 pLoss=2.7391 vLoss=0.8128 pEnt=2.885 pIllM=0.0046 playedP=0.167 pW=0.47 pD=0.07 pL=0.46 vAbs=0.222 pLogitMean=-7.4463 vLogitMean=0.6101 gNorm=0.326 lr=0.00101 ms=2801.1 buf=500000 plies=52719475 games=799270 rejected=0 skipped=0 epoch=0 mom=0.9498 lrCyc[pk=1.0e+00,tr=1.0e-03] trainerStep=6150
[LAYER-HEALTH] live trainerStep=6150 scope=batch_norm_state_only reluSites=2/10 ch=144 dead=0 off=0 alwaysOn=0 worst=none maxBetaOverGamma=+1.56@policy.pre_bn[103] minBetaOverGamma=-1.77@value.bn[15] rvMaxOverMedian=24.4@blocks.2.bn1[31] rezero=none nonFinite=0
[REPLAY] step=6200 loss=3.5644 pLoss=2.7479 vLoss=0.8126 pEnt=2.878 pIllM=0.0038 playedP=0.169 pW=0.47 pD=0.07 pL=0.46 vAbs=0.227 pLogitMean=-7.4460 vLogitMean=0.6111 gNorm=0.277 lr=0.00103 ms=2485.4 buf=500000 plies=53146138 games=805746 rejected=0 skipped=0 epoch=0 mom=0.9496 lrCyc[pk=1.0e+00,tr=1.0e-03] trainerStep=6200
[LAYER-HEALTH] live trainerStep=6200 scope=batch_norm_state_only reluSites=2/10 ch=144 dead=0 off=0 alwaysOn=0 worst=none maxBetaOverGamma=+1.56@policy.pre_bn[103] minBetaOverGamma=-1.77@value.bn[15] rvMaxOverMedian=24.4@blocks.2.bn1[31] rezero=none nonFinite=0
[REPLAY] step=6250 loss=3.5476 pLoss=2.7365 vLoss=0.8069 pEnt=2.882 pIllM=0.0041 playedP=0.169 pW=0.47 pD=0.07 pL=0.46 vAbs=0.224 pLogitMean=-7.4460 vLogitMean=0.6099 gNorm=0.277 lr=0.00104 ms=2293.9 buf=500000 plies=53572815 games=812138 rejected=0 skipped=0 epoch=0 mom=0.9494 lrCyc[pk=1.0e+00,tr=1.0e-03] trainerStep=6250
[LAYER-HEALTH] live trainerStep=6250 scope=batch_norm_state_only reluSites=2/10 ch=144 dead=0 off=0 alwaysOn=0 worst=none maxBetaOverGamma=+1.56@policy.pre_bn[103] minBetaOverGamma=-1.77@value.bn[15] rvMaxOverMedian=24.3@blocks.2.bn1[31] rezero=none nonFinite=0
[REPLAY] step=6300 loss=3.5358 pLoss=2.7141 vLoss=0.8176 pEnt=2.886 pIllM=0.0041 playedP=0.166 pW=0.47 pD=0.07 pL=0.46 vAbs=0.233 pLogitMean=-7.4444 vLogitMean=0.6123 gNorm=0.280 lr=0.00106 ms=2233.1 buf=500000 plies=53999428 games=818522 rejected=0 skipped=0 epoch=0 mom=0.9491 lrCyc[pk=1.0e+00,tr=1.0e-03] trainerStep=6300
[LAYER-HEALTH] live trainerStep=6300 scope=batch_norm_state_only reluSites=2/10 ch=144 dead=0 off=0 alwaysOn=0 worst=none maxBetaOverGamma=+1.56@policy.pre_bn[103] minBetaOverGamma=-1.77@value.bn[15] rvMaxOverMedian=24.2@blocks.2.bn1[31] rezero=none nonFinite=0
[REPLAY] step=6350 loss=3.5465 pLoss=2.7220 vLoss=0.8204 pEnt=2.874 pIllM=0.0042 playedP=0.166 pW=0.47 pD=0.07 pL=0.46 vAbs=0.231 pLogitMean=-7.4458 vLogitMean=0.6100 gNorm=0.292 lr=0.00108 ms=2456.8 buf=500000 plies=54426090 games=825032 rejected=0 skipped=0 epoch=0 mom=0.9488 lrCyc[pk=1.0e+00,tr=1.0e-03] trainerStep=6350
[LAYER-HEALTH] live trainerStep=6350 scope=batch_norm_state_only reluSites=2/10 ch=144 dead=0 off=0 alwaysOn=0 worst=none maxBetaOverGamma=+1.56@policy.pre_bn[103] minBetaOverGamma=-1.77@value.bn[15] rvMaxOverMedian=24.2@blocks.2.bn1[31] rezero=none nonFinite=0
[REPLAY] step=6400 loss=3.5746 pLoss=2.7460 vLoss=0.8242 pEnt=2.897 pIllM=0.0044 playedP=0.162 pW=0.47 pD=0.07 pL=0.46 vAbs=0.227 pLogitMean=-7.4457 vLogitMean=0.6108 gNorm=0.292 lr=0.00111 ms=2506.8 buf=500000 plies=54852835 games=831471 rejected=0 skipped=0 epoch=0 mom=0.9484 lrCyc[pk=1.0e+00,tr=1.0e-03] trainerStep=6400
[LAYER-HEALTH] live trainerStep=6400 scope=batch_norm_state_only reluSites=2/10 ch=144 dead=0 off=0 alwaysOn=0 worst=none maxBetaOverGamma=+1.56@policy.pre_bn[103] minBetaOverGamma=-1.77@value.bn[15] rvMaxOverMedian=24.2@blocks.2.bn1[31] rezero=none nonFinite=0
[REPLAY] step=6450 loss=3.5887 pLoss=2.7704 vLoss=0.8143 pEnt=2.885 pIllM=0.0040 playedP=0.164 pW=0.47 pD=0.07 pL=0.46 vAbs=0.226 pLogitMean=-7.4450 vLogitMean=0.6111 gNorm=0.290 lr=0.00114 ms=3009.4 buf=500000 plies=55279420 games=837906 rejected=0 skipped=0 epoch=0 mom=0.9480 lrCyc[pk=9.9e-01,tr=1.0e-03] trainerStep=6450
[LAYER-HEALTH] live trainerStep=6450 scope=batch_norm_state_only reluSites=2/10 ch=144 dead=0 off=0 alwaysOn=0 worst=none maxBetaOverGamma=+1.56@policy.pre_bn[103] minBetaOverGamma=-1.77@value.bn[15] rvMaxOverMedian=24.3@blocks.2.bn1[31] rezero=none nonFinite=0
[REPLAY] step=6500 loss=3.5637 pLoss=2.7480 vLoss=0.8114 pEnt=2.874 pIllM=0.0043 playedP=0.170 pW=0.47 pD=0.07 pL=0.46 vAbs=0.228 pLogitMean=-7.4447 vLogitMean=0.6099 gNorm=0.277 lr=0.00118 ms=2415.0 buf=500000 plies=55706064 games=844339 rejected=0 skipped=0 epoch=0 mom=0.9476 lrCyc[pk=9.9e-01,tr=1.0e-03] trainerStep=6500
[LAYER-HEALTH] live trainerStep=6500 scope=batch_norm_state_only reluSites=2/10 ch=144 dead=0 off=0 alwaysOn=0 worst=none maxBetaOverGamma=+1.56@policy.pre_bn[103] minBetaOverGamma=-1.77@value.bn[15] rvMaxOverMedian=24.3@blocks.2.bn1[31] rezero=none nonFinite=0
[REPLAY] step=6550 loss=3.5634 pLoss=2.7395 vLoss=0.8198 pEnt=2.877 pIllM=0.0041 playedP=0.166 pW=0.47 pD=0.07 pL=0.46 vAbs=0.227 pLogitMean=-7.4455 vLogitMean=0.6108 gNorm=0.279 lr=0.00122 ms=3493.7 buf=500000 plies=56132712 games=850788 rejected=0 skipped=0 epoch=0 mom=0.9470 lrCyc[pk=9.9e-01,tr=1.0e-03] trainerStep=6550
[LAYER-HEALTH] live trainerStep=6550 scope=batch_norm_state_only reluSites=2/10 ch=144 dead=0 off=0 alwaysOn=0 worst=none maxBetaOverGamma=+1.56@policy.pre_bn[103] minBetaOverGamma=-1.77@value.bn[15] rvMaxOverMedian=24.2@blocks.2.bn1[31] rezero=none nonFinite=0
[REPLAY] step=6600 loss=3.5539 pLoss=2.7409 vLoss=0.8089 pEnt=2.879 pIllM=0.0041 playedP=0.165 pW=0.47 pD=0.07 pL=0.46 vAbs=0.229 pLogitMean=-7.4446 vLogitMean=0.6098 gNorm=0.297 lr=0.00127 ms=2584.1 buf=500000 plies=56559338 games=857280 rejected=0 skipped=0 epoch=0 mom=0.9465 lrCyc[pk=9.9e-01,tr=1.0e-03] trainerStep=6600
[LAYER-HEALTH] live trainerStep=6600 scope=batch_norm_state_only reluSites=2/10 ch=144 dead=0 off=0 alwaysOn=0 worst=none maxBetaOverGamma=+1.56@policy.pre_bn[103] minBetaOverGamma=-1.77@value.bn[15] rvMaxOverMedian=24.2@blocks.2.bn1[31] rezero=none nonFinite=0
[REPLAY] step=6650 loss=3.5665 pLoss=2.7478 vLoss=0.8151 pEnt=2.894 pIllM=0.0037 playedP=0.162 pW=0.47 pD=0.07 pL=0.46 vAbs=0.225 pLogitMean=-7.4462 vLogitMean=0.6103 gNorm=0.286 lr=0.00132 ms=2310.3 buf=500000 plies=56986062 games=863736 rejected=0 skipped=0 epoch=0 mom=0.9459 lrCyc[pk=9.9e-01,tr=1.0e-03] trainerStep=6650
[LAYER-HEALTH] live trainerStep=6650 scope=batch_norm_state_only reluSites=2/10 ch=144 dead=0 off=0 alwaysOn=0 worst=none maxBetaOverGamma=+1.56@policy.pre_bn[103] minBetaOverGamma=-1.77@value.bn[15] rvMaxOverMedian=24.2@blocks.2.bn1[31] rezero=none nonFinite=0
[REPLAY] step=6700 loss=3.5714 pLoss=2.7555 vLoss=0.8119 pEnt=2.875 pIllM=0.0039 playedP=0.167 pW=0.47 pD=0.07 pL=0.46 vAbs=0.227 pLogitMean=-7.4458 vLogitMean=0.6110 gNorm=0.285 lr=0.00139 ms=2326.3 buf=500000 plies=57412640 games=870194 rejected=0 skipped=0 epoch=0 mom=0.9452 lrCyc[pk=9.9e-01,tr=1.0e-03] trainerStep=6700
[LAYER-HEALTH] live trainerStep=6700 scope=batch_norm_state_only reluSites=2/10 ch=144 dead=0 off=0 alwaysOn=0 worst=none maxBetaOverGamma=+1.56@policy.pre_bn[103] minBetaOverGamma=-1.77@value.bn[15] rvMaxOverMedian=24.2@blocks.2.bn1[31] rezero=none nonFinite=0
[REPLAY] step=6750 loss=3.5512 pLoss=2.7277 vLoss=0.8194 pEnt=2.871 pIllM=0.0041 playedP=0.166 pW=0.47 pD=0.07 pL=0.46 vAbs=0.228 pLogitMean=-7.4460 vLogitMean=0.6101 gNorm=0.283 lr=0.00145 ms=3092.3 buf=500000 plies=57839315 games=876656 rejected=0 skipped=0 epoch=0 mom=0.9446 lrCyc[pk=9.9e-01,tr=1.0e-03] trainerStep=6750
[LAYER-HEALTH] live trainerStep=6750 scope=batch_norm_state_only reluSites=2/10 ch=144 dead=0 off=0 alwaysOn=0 worst=none maxBetaOverGamma=+1.56@policy.pre_bn[103] minBetaOverGamma=-1.77@value.bn[15] rvMaxOverMedian=24.3@blocks.2.bn1[31] rezero=none nonFinite=0
[REPLAY] step=6800 loss=3.5906 pLoss=2.7661 vLoss=0.8201 pEnt=2.878 pIllM=0.0043 playedP=0.166 pW=0.47 pD=0.07 pL=0.46 vAbs=0.219 pLogitMean=-7.4468 vLogitMean=0.6116 gNorm=0.293 lr=0.00153 ms=2644.6 buf=500000 plies=58265953 games=883116 rejected=0 skipped=0 epoch=0 mom=0.9438 lrCyc[pk=9.9e-01,tr=1.0e-03] trainerStep=6800
[LAYER-HEALTH] live trainerStep=6800 scope=batch_norm_state_only reluSites=2/10 ch=144 dead=0 off=0 alwaysOn=0 worst=none maxBetaOverGamma=+1.56@policy.pre_bn[103] minBetaOverGamma=-1.77@value.bn[15] rvMaxOverMedian=24.3@blocks.2.bn1[31] rezero=none nonFinite=0
[REPLAY] step=6850 loss=3.5658 pLoss=2.7586 vLoss=0.8029 pEnt=2.879 pIllM=0.0043 playedP=0.166 pW=0.47 pD=0.07 pL=0.46 vAbs=0.222 pLogitMean=-7.4454 vLogitMean=0.6144 gNorm=0.281 lr=0.00161 ms=2476.4 buf=500000 plies=58692608 games=889596 rejected=0 skipped=0 epoch=0 mom=0.9430 lrCyc[pk=9.9e-01,tr=1.0e-03] trainerStep=6850
[LAYER-HEALTH] live trainerStep=6850 scope=batch_norm_state_only reluSites=2/10 ch=144 dead=0 off=0 alwaysOn=0 worst=none maxBetaOverGamma=+1.56@policy.pre_bn[103] minBetaOverGamma=-1.76@value.bn[15] rvMaxOverMedian=24.4@blocks.2.bn1[31] rezero=none nonFinite=0
[REPLAY] step=6900 loss=3.5569 pLoss=2.7404 vLoss=0.8124 pEnt=2.877 pIllM=0.0041 playedP=0.167 pW=0.47 pD=0.07 pL=0.47 vAbs=0.224 pLogitMean=-7.4463 vLogitMean=0.6123 gNorm=0.278 lr=0.00171 ms=2387.1 buf=500000 plies=59119249 games=896121 rejected=0 skipped=0 epoch=0 mom=0.9422 lrCyc[pk=9.9e-01,tr=1.0e-03] trainerStep=6900
[LAYER-HEALTH] live trainerStep=6900 scope=batch_norm_state_only reluSites=2/10 ch=144 dead=0 off=0 alwaysOn=0 worst=none maxBetaOverGamma=+1.56@policy.pre_bn[103] minBetaOverGamma=-1.77@value.bn[15] rvMaxOverMedian=24.4@blocks.2.bn1[31] rezero=none nonFinite=0
[REPLAY] step=6950 loss=3.5655 pLoss=2.7441 vLoss=0.8175 pEnt=2.892 pIllM=0.0040 playedP=0.167 pW=0.47 pD=0.07 pL=0.46 vAbs=0.221 pLogitMean=-7.4465 vLogitMean=0.6098 gNorm=0.292 lr=0.00181 ms=2424.4 buf=500000 plies=59545882 games=902529 rejected=0 skipped=0 epoch=0 mom=0.9414 lrCyc[pk=9.9e-01,tr=1.0e-03] trainerStep=6950
[LAYER-HEALTH] live trainerStep=6950 scope=batch_norm_state_only reluSites=2/10 ch=144 dead=0 off=0 alwaysOn=0 worst=none maxBetaOverGamma=+1.56@policy.pre_bn[103] minBetaOverGamma=-1.76@value.bn[15] rvMaxOverMedian=24.4@blocks.2.bn1[31] rezero=none nonFinite=0
[REPLAY] step=7000 loss=3.5725 pLoss=2.7511 vLoss=0.8169 pEnt=2.871 pIllM=0.0045 playedP=0.165 pW=0.47 pD=0.07 pL=0.46 vAbs=0.223 pLogitMean=-7.4458 vLogitMean=0.6098 gNorm=0.285 lr=0.00193 ms=2501.6 buf=500000 plies=59972543 games=908960 rejected=0 skipped=0 epoch=0 mom=0.9405 lrCyc[pk=9.9e-01,tr=1.0e-03] trainerStep=7000
[LAYER-HEALTH] live trainerStep=7000 scope=batch_norm_state_only reluSites=2/10 ch=144 dead=0 off=0 alwaysOn=0 worst=none maxBetaOverGamma=+1.56@policy.pre_bn[103] minBetaOverGamma=-1.76@value.bn[15] rvMaxOverMedian=24.5@blocks.2.bn1[31] rezero=none nonFinite=0
[REPLAY] saved trainer model (autosave) step=7000 trainerStep=7000 nextGame=908960 shard=1 epoch=0 -> 20261005-lrBsilu-cyc1-replay-latest.safetensors
[LAYER-HEALTH] checkpoint replay-autosave step=7000 trainerStep=7000 scope=all_tensors reluSites=2/10 ch=144 dead=0 off=0 alwaysOn=0 worst=none maxBetaOverGamma=+1.56@policy.pre_bn[103] minBetaOverGamma=-1.76@value.bn[15] rvMaxOverMedian=24.5@blocks.2.bn1[31] rezero=none nonFinite=0 seZeroVel=none valueFC1ZeroVel=0/128 maxAbs=13.81@blocks.0.bn2.running_var
[LAYER-HEALTH]   batch-norm sites — β/|γ|: dead < -3.00, mostly off < -2.00, always on > +3.00; classified for relu/leaky_relu only
[LAYER-HEALTH]     site            act            ch   dead    off     on  zeroγ nonfin  min β/|γ| [ch]     max β/|γ| [ch]     rv max/median [ch]
[LAYER-HEALTH]     stem.bn         -             128    n/a    n/a    n/a      0      0     -0.28 [35]         +0.16 [20]           11.9 [79]
[LAYER-HEALTH]     blocks.0.bn1    silu          128    n/a    n/a    n/a      0      0     -0.40 [5]          +0.13 [31]            2.1 [14]
[LAYER-HEALTH]     blocks.0.bn2    silu          128    n/a    n/a    n/a      0      0     -0.78 [53]         +0.30 [48]            7.8 [79]
[LAYER-HEALTH]     blocks.1.bn1    silu          128    n/a    n/a    n/a      0      0     -0.94 [17]         +0.08 [31]           16.5 [31]
[LAYER-HEALTH]     blocks.1.bn2    silu          128    n/a    n/a    n/a      0      0     -0.93 [120]        -0.05 [101]           5.6 [103]
[LAYER-HEALTH]     blocks.2.bn1    silu          128    n/a    n/a    n/a      0      0     -1.42 [17]         +0.49 [31]           24.5 [31]
[LAYER-HEALTH]     blocks.2.bn2    silu          128    n/a    n/a    n/a      0      0     -1.30 [78]         -0.03 [16]            2.9 [26]
[LAYER-HEALTH]     tower_final_bn  silu          128    n/a    n/a    n/a      0      0     -0.27 [90]         +0.57 [61]            4.6 [31]
[LAYER-HEALTH]     policy.pre_bn   leaky_relu    128      0      0      0      0      0     -0.73 [26]         +1.56 [103]           2.5 [41]
[LAYER-HEALTH]     value.bn        leaky_relu     16      0      0      0      0      0     -1.76 [15]         -0.87 [5]             2.0 [14]
[LAYER-HEALTH]   FC hidden-unit velocity — zero: every weight-velocity entry exactly 0; low: nonzero but < 5% of the layer's p90 unit norm
[LAYER-HEALTH]     value.fc1.weight  leaky_relu  units 128  zero 0  low 2  median unit norm 0.007174
[LAYER-HEALTH]     (no SE blocks)
[LAYER-HEALTH]   ReZero: none
[LAYER-HEALTH]   non-finite: 0 values in 0 of 102 tensors (10263038 values examined)
[LAYER-HEALTH]   largest |value|: blocks.0.bn2.running_var 13.81, blocks.2.bn1.running_var 10.32, blocks.1.bn2.running_var 8.308, blocks.1.bn1.running_var 6.98, blocks.2.bn2.running_var 6.876
[REPLAY] enumerated checkpoint -> 20261005-lrBsilu-cyc1-replay-step7000.safetensors
[REPLAY] step=7050 loss=3.5442 pLoss=2.7354 vLoss=0.8044 pEnt=2.856 pIllM=0.0044 playedP=0.172 pW=0.47 pD=0.07 pL=0.46 vAbs=0.228 pLogitMean=-7.4455 vLogitMean=0.6097 gNorm=0.288 lr=0.00206 ms=2398.2 buf=500000 plies=60399172 games=915405 rejected=0 skipped=0 epoch=0 mom=0.9395 lrCyc[pk=9.9e-01,tr=1.0e-03] trainerStep=7050
[LAYER-HEALTH] live trainerStep=7050 scope=batch_norm_state_only reluSites=2/10 ch=144 dead=0 off=0 alwaysOn=0 worst=none maxBetaOverGamma=+1.56@policy.pre_bn[103] minBetaOverGamma=-1.76@value.bn[15] rvMaxOverMedian=24.5@blocks.2.bn1[31] rezero=none nonFinite=0
[REPLAY] step=7100 loss=3.5766 pLoss=2.7504 vLoss=0.8222 pEnt=2.882 pIllM=0.0041 playedP=0.167 pW=0.47 pD=0.07 pL=0.46 vAbs=0.222 pLogitMean=-7.4484 vLogitMean=0.6105 gNorm=0.292 lr=0.0022 ms=2502.0 buf=500000 plies=60825827 games=921848 rejected=0 skipped=0 epoch=0 mom=0.9385 lrCyc[pk=9.9e-01,tr=1.0e-03] trainerStep=7100
[LAYER-HEALTH] live trainerStep=7100 scope=batch_norm_state_only reluSites=2/10 ch=144 dead=0 off=0 alwaysOn=0 worst=none maxBetaOverGamma=+1.56@policy.pre_bn[103] minBetaOverGamma=-1.76@value.bn[15] rvMaxOverMedian=24.5@blocks.2.bn1[31] rezero=none nonFinite=0
[REPLAY] step=7150 loss=3.5602 pLoss=2.7399 vLoss=0.8159 pEnt=2.856 pIllM=0.0044 playedP=0.171 pW=0.47 pD=0.07 pL=0.46 vAbs=0.222 pLogitMean=-7.4462 vLogitMean=0.6112 gNorm=0.293 lr=0.00236 ms=2476.9 buf=500000 plies=61252515 games=928272 rejected=0 skipped=0 epoch=0 mom=0.9375 lrCyc[pk=9.9e-01,tr=1.0e-03] trainerStep=7150
[LAYER-HEALTH] live trainerStep=7150 scope=batch_norm_state_only reluSites=2/10 ch=144 dead=0 off=0 alwaysOn=0 worst=none maxBetaOverGamma=+1.56@policy.pre_bn[103] minBetaOverGamma=-1.76@value.bn[15] rvMaxOverMedian=24.4@blocks.2.bn1[31] rezero=none nonFinite=0
[REPLAY] step=7200 loss=3.5595 pLoss=2.7294 vLoss=0.8260 pEnt=2.862 pIllM=0.0041 playedP=0.171 pW=0.47 pD=0.07 pL=0.46 vAbs=0.225 pLogitMean=-7.4448 vLogitMean=0.6122 gNorm=0.278 lr=0.00254 ms=2220.3 buf=500000 plies=61679144 games=934686 rejected=0 skipped=0 epoch=0 mom=0.9365 lrCyc[pk=9.9e-01,tr=1.0e-03] trainerStep=7200
[LAYER-HEALTH] live trainerStep=7200 scope=batch_norm_state_only reluSites=2/10 ch=144 dead=0 off=0 alwaysOn=0 worst=none maxBetaOverGamma=+1.56@policy.pre_bn[103] minBetaOverGamma=-1.76@value.bn[15] rvMaxOverMedian=24.4@blocks.2.bn1[31] rezero=none nonFinite=0
[REPLAY] step=7250 loss=3.5588 pLoss=2.7518 vLoss=0.8031 pEnt=2.878 pIllM=0.0039 playedP=0.166 pW=0.47 pD=0.07 pL=0.46 vAbs=0.225 pLogitMean=-7.4478 vLogitMean=0.6134 gNorm=0.278 lr=0.00274 ms=2341.6 buf=500000 plies=62105773 games=941087 rejected=0 skipped=0 epoch=0 mom=0.9354 lrCyc[pk=9.9e-01,tr=1.0e-03] trainerStep=7250
[LAYER-HEALTH] live trainerStep=7250 scope=batch_norm_state_only reluSites=2/10 ch=144 dead=0 off=0 alwaysOn=0 worst=none maxBetaOverGamma=+1.56@policy.pre_bn[103] minBetaOverGamma=-1.76@value.bn[15] rvMaxOverMedian=24.4@blocks.2.bn1[31] rezero=none nonFinite=0
[REPLAY] step=7300 loss=3.5360 pLoss=2.7133 vLoss=0.8191 pEnt=2.864 pIllM=0.0036 playedP=0.168 pW=0.47 pD=0.07 pL=0.46 vAbs=0.235 pLogitMean=-7.4469 vLogitMean=0.6153 gNorm=0.303 lr=0.00296 ms=2126.1 buf=500000 plies=62532490 games=947471 rejected=0 skipped=0 epoch=0 mom=0.9342 lrCyc[pk=9.9e-01,tr=1.0e-03] trainerStep=7300
[LAYER-HEALTH] live trainerStep=7300 scope=batch_norm_state_only reluSites=2/10 ch=144 dead=0 off=0 alwaysOn=0 worst=none maxBetaOverGamma=+1.56@policy.pre_bn[103] minBetaOverGamma=-1.76@value.bn[15] rvMaxOverMedian=24.4@blocks.2.bn1[31] rezero=none nonFinite=0
[REPLAY] step=7350 loss=3.6103 pLoss=2.7789 vLoss=0.8275 pEnt=2.891 pIllM=0.0040 playedP=0.162 pW=0.47 pD=0.07 pL=0.46 vAbs=0.223 pLogitMean=-7.4462 vLogitMean=0.6123 gNorm=0.281 lr=0.00321 ms=2293.9 buf=500000 plies=62959114 games=953913 rejected=0 skipped=0 epoch=0 mom=0.9331 lrCyc[pk=9.9e-01,tr=1.0e-03] trainerStep=7350
[LAYER-HEALTH] live trainerStep=7350 scope=batch_norm_state_only reluSites=2/10 ch=144 dead=0 off=0 alwaysOn=0 worst=none maxBetaOverGamma=+1.56@policy.pre_bn[103] minBetaOverGamma=-1.75@value.bn[15] rvMaxOverMedian=24.4@blocks.2.bn1[31] rezero=none nonFinite=0
[REPLAY] step=7400 loss=3.5455 pLoss=2.7158 vLoss=0.8255 pEnt=2.893 pIllM=0.0042 playedP=0.165 pW=0.47 pD=0.07 pL=0.46 vAbs=0.230 pLogitMean=-7.4473 vLogitMean=0.6136 gNorm=0.292 lr=0.00349 ms=2344.6 buf=500000 plies=63385735 games=960323 rejected=0 skipped=0 epoch=0 mom=0.9319 lrCyc[pk=9.9e-01,tr=1.0e-03] trainerStep=7400
[LAYER-HEALTH] live trainerStep=7400 scope=batch_norm_state_only reluSites=2/10 ch=144 dead=0 off=0 alwaysOn=0 worst=none maxBetaOverGamma=+1.56@policy.pre_bn[103] minBetaOverGamma=-1.75@value.bn[15] rvMaxOverMedian=24.4@blocks.2.bn1[31] rezero=none nonFinite=0
[REPLAY] step=7450 loss=3.5678 pLoss=2.7541 vLoss=0.8098 pEnt=2.882 pIllM=0.0039 playedP=0.165 pW=0.46 pD=0.08 pL=0.46 vAbs=0.228 pLogitMean=-7.4452 vLogitMean=0.6123 gNorm=0.280 lr=0.00379 ms=2114.5 buf=500000 plies=63812398 games=966769 rejected=0 skipped=0 epoch=0 mom=0.9307 lrCyc[pk=9.9e-01,tr=1.0e-03] trainerStep=7450
[LAYER-HEALTH] live trainerStep=7450 scope=batch_norm_state_only reluSites=2/10 ch=144 dead=0 off=0 alwaysOn=0 worst=none maxBetaOverGamma=+1.56@policy.pre_bn[103] minBetaOverGamma=-1.75@value.bn[15] rvMaxOverMedian=24.5@blocks.2.bn1[31] rezero=none nonFinite=0
[REPLAY] step=7500 loss=3.5860 pLoss=2.7694 vLoss=0.8126 pEnt=2.896 pIllM=0.0040 playedP=0.162 pW=0.47 pD=0.07 pL=0.46 vAbs=0.222 pLogitMean=-7.4464 vLogitMean=0.6106 gNorm=0.290 lr=0.00414 ms=2422.5 buf=500000 plies=64239081 games=973183 rejected=0 skipped=0 epoch=0 mom=0.9294 lrCyc[pk=9.9e-01,tr=1.0e-03] trainerStep=7500
[LAYER-HEALTH] live trainerStep=7500 scope=batch_norm_state_only reluSites=2/10 ch=144 dead=0 off=0 alwaysOn=0 worst=none maxBetaOverGamma=+1.56@policy.pre_bn[103] minBetaOverGamma=-1.76@value.bn[15] rvMaxOverMedian=24.5@blocks.2.bn1[31] rezero=none nonFinite=0
[REPLAY] step=7550 loss=3.5410 pLoss=2.7331 vLoss=0.8034 pEnt=2.876 pIllM=0.0045 playedP=0.165 pW=0.47 pD=0.07 pL=0.46 vAbs=0.227 pLogitMean=-7.4459 vLogitMean=0.6101 gNorm=0.305 lr=0.00452 ms=2634.8 buf=500000 plies=64665722 games=979651 rejected=0 skipped=0 epoch=0 mom=0.9281 lrCyc[pk=9.9e-01,tr=1.0e-03] trainerStep=7550
[LAYER-HEALTH] live trainerStep=7550 scope=batch_norm_state_only reluSites=2/10 ch=144 dead=0 off=0 alwaysOn=0 worst=none maxBetaOverGamma=+1.56@policy.pre_bn[103] minBetaOverGamma=-1.76@value.bn[15] rvMaxOverMedian=24.4@blocks.2.bn1[31] rezero=none nonFinite=0
[REPLAY] step=7600 loss=3.5681 pLoss=2.7392 vLoss=0.8252 pEnt=2.888 pIllM=0.0037 playedP=0.164 pW=0.47 pD=0.07 pL=0.46 vAbs=0.238 pLogitMean=-7.4469 vLogitMean=0.6108 gNorm=0.304 lr=0.00495 ms=2263.2 buf=500000 plies=65092377 games=986077 rejected=0 skipped=0 epoch=0 mom=0.9268 lrCyc[pk=9.9e-01,tr=1.0e-03] trainerStep=7600
[LAYER-HEALTH] live trainerStep=7600 scope=batch_norm_state_only reluSites=2/10 ch=144 dead=0 off=0 alwaysOn=0 worst=none maxBetaOverGamma=+1.56@policy.pre_bn[103] minBetaOverGamma=-1.75@value.bn[15] rvMaxOverMedian=24.3@blocks.2.bn1[31] rezero=none nonFinite=0
[REPLAY] step=7650 loss=3.5734 pLoss=2.7539 vLoss=0.8157 pEnt=2.876 pIllM=0.0038 playedP=0.168 pW=0.47 pD=0.07 pL=0.46 vAbs=0.219 pLogitMean=-7.4481 vLogitMean=0.6115 gNorm=0.293 lr=0.00543 ms=3092.1 buf=500000 plies=65519006 games=992490 rejected=0 skipped=0 epoch=0 mom=0.9255 lrCyc[pk=9.9e-01,tr=1.0e-03] trainerStep=7650
[LAYER-HEALTH] live trainerStep=7650 scope=batch_norm_state_only reluSites=2/10 ch=144 dead=0 off=0 alwaysOn=0 worst=none maxBetaOverGamma=+1.56@policy.pre_bn[103] minBetaOverGamma=-1.75@value.bn[15] rvMaxOverMedian=24.3@blocks.2.bn1[31] rezero=none nonFinite=0
[REPLAY] step=7700 loss=3.5924 pLoss=2.7744 vLoss=0.8142 pEnt=2.892 pIllM=0.0038 playedP=0.161 pW=0.47 pD=0.07 pL=0.46 vAbs=0.221 pLogitMean=-7.4491 vLogitMean=0.6113 gNorm=0.293 lr=0.00597 ms=2403.0 buf=500000 plies=65945714 games=998918 rejected=0 skipped=0 epoch=0 mom=0.9241 lrCyc[pk=9.9e-01,tr=1.0e-03] trainerStep=7700
[LAYER-HEALTH] live trainerStep=7700 scope=batch_norm_state_only reluSites=2/10 ch=144 dead=0 off=0 alwaysOn=0 worst=none maxBetaOverGamma=+1.56@policy.pre_bn[103] minBetaOverGamma=-1.75@value.bn[15] rvMaxOverMedian=24.3@blocks.2.bn1[31] rezero=none nonFinite=0
[REPLAY] step=7750 loss=3.5585 pLoss=2.7453 vLoss=0.8090 pEnt=2.874 pIllM=0.0041 playedP=0.167 pW=0.47 pD=0.07 pL=0.46 vAbs=0.233 pLogitMean=-7.4489 vLogitMean=0.6131 gNorm=0.293 lr=0.00657 ms=2354.2 buf=500000 plies=66372323 games=1005407 rejected=0 skipped=0 epoch=0 mom=0.9227 lrCyc[pk=9.9e-01,tr=1.0e-03] trainerStep=7750
[LAYER-HEALTH] live trainerStep=7750 scope=batch_norm_state_only reluSites=2/10 ch=144 dead=0 off=0 alwaysOn=0 worst=none maxBetaOverGamma=+1.56@policy.pre_bn[103] minBetaOverGamma=-1.75@value.bn[15] rvMaxOverMedian=24.4@blocks.2.bn1[31] rezero=none nonFinite=0
[REPLAY] step=7800 loss=3.5463 pLoss=2.7356 vLoss=0.8067 pEnt=2.879 pIllM=0.0040 playedP=0.167 pW=0.47 pD=0.07 pL=0.46 vAbs=0.224 pLogitMean=-7.4477 vLogitMean=0.6098 gNorm=0.290 lr=0.00724 ms=2190.5 buf=500000 plies=66798988 games=1011890 rejected=0 skipped=0 epoch=0 mom=0.9213 lrCyc[pk=9.9e-01,tr=1.0e-03] trainerStep=7800
[LAYER-HEALTH] live trainerStep=7800 scope=batch_norm_state_only reluSites=2/10 ch=144 dead=0 off=0 alwaysOn=0 worst=none maxBetaOverGamma=+1.56@policy.pre_bn[103] minBetaOverGamma=-1.74@value.bn[15] rvMaxOverMedian=24.5@blocks.2.bn1[31] rezero=none nonFinite=0
[REPLAY] step=7850 loss=3.5769 pLoss=2.7665 vLoss=0.8059 pEnt=2.862 pIllM=0.0045 playedP=0.167 pW=0.47 pD=0.06 pL=0.46 vAbs=0.235 pLogitMean=-7.4471 vLogitMean=0.6103 gNorm=0.301 lr=0.00799 ms=2301.0 buf=500000 plies=67225614 games=1018343 rejected=0 skipped=0 epoch=0 mom=0.9199 lrCyc[pk=9.9e-01,tr=1.0e-03] trainerStep=7850
[LAYER-HEALTH] live trainerStep=7850 scope=batch_norm_state_only reluSites=2/10 ch=144 dead=0 off=0 alwaysOn=0 worst=none maxBetaOverGamma=+1.56@policy.pre_bn[103] minBetaOverGamma=-1.75@value.bn[15] rvMaxOverMedian=24.5@blocks.2.bn1[31] rezero=none nonFinite=0
[REPLAY] step=7900 loss=3.5815 pLoss=2.7636 vLoss=0.8138 pEnt=2.874 pIllM=0.0041 playedP=0.166 pW=0.47 pD=0.06 pL=0.46 vAbs=0.230 pLogitMean=-7.4499 vLogitMean=0.6134 gNorm=0.311 lr=0.00883 ms=2336.3 buf=500000 plies=67652239 games=1024817 rejected=0 skipped=0 epoch=0 mom=0.9184 lrCyc[pk=9.9e-01,tr=1.0e-03] trainerStep=7900
[LAYER-HEALTH] live trainerStep=7900 scope=batch_norm_state_only reluSites=2/10 ch=144 dead=0 off=0 alwaysOn=0 worst=none maxBetaOverGamma=+1.56@policy.pre_bn[103] minBetaOverGamma=-1.76@value.bn[15] rvMaxOverMedian=24.5@blocks.2.bn1[31] rezero=none nonFinite=0
[REPLAY] step=7950 loss=3.5623 pLoss=2.7538 vLoss=0.8044 pEnt=2.894 pIllM=0.0041 playedP=0.162 pW=0.47 pD=0.06 pL=0.47 vAbs=0.228 pLogitMean=-7.4483 vLogitMean=0.6169 gNorm=0.293 lr=0.00977 ms=2479.0 buf=500000 plies=68078911 games=1031335 rejected=0 skipped=0 epoch=0 mom=0.9169 lrCyc[pk=9.9e-01,tr=1.0e-03] trainerStep=7950
[LAYER-HEALTH] live trainerStep=7950 scope=batch_norm_state_only reluSites=2/10 ch=144 dead=0 off=0 alwaysOn=0 worst=none maxBetaOverGamma=+1.56@policy.pre_bn[103] minBetaOverGamma=-1.77@value.bn[15] rvMaxOverMedian=24.5@blocks.2.bn1[31] rezero=none nonFinite=0
[REPLAY] step=8000 loss=3.5978 pLoss=2.7761 vLoss=0.8180 pEnt=2.878 pIllM=0.0038 playedP=0.168 pW=0.47 pD=0.07 pL=0.46 vAbs=0.220 pLogitMean=-7.4490 vLogitMean=0.6148 gNorm=0.314 lr=0.0108 ms=3117.7 buf=500000 plies=68505532 games=1037766 rejected=0 skipped=0 epoch=0 mom=0.9155 lrCyc[pk=9.9e-01,tr=1.0e-03] trainerStep=8000
[LAYER-HEALTH] live trainerStep=8000 scope=batch_norm_state_only reluSites=2/10 ch=144 dead=0 off=0 alwaysOn=0 worst=none maxBetaOverGamma=+1.56@policy.pre_bn[103] minBetaOverGamma=-1.77@value.bn[15] rvMaxOverMedian=24.5@blocks.2.bn1[31] rezero=none nonFinite=0
[REPLAY] saved trainer model (autosave) step=8000 trainerStep=8000 nextGame=1037766 shard=2 epoch=0 -> 20261005-lrBsilu-cyc1-replay-latest.safetensors
[LAYER-HEALTH] checkpoint replay-autosave step=8000 trainerStep=8000 scope=all_tensors reluSites=2/10 ch=144 dead=0 off=0 alwaysOn=0 worst=none maxBetaOverGamma=+1.56@policy.pre_bn[103] minBetaOverGamma=-1.77@value.bn[15] rvMaxOverMedian=24.5@blocks.2.bn1[31] rezero=none nonFinite=0 seZeroVel=none valueFC1ZeroVel=0/128 maxAbs=13.92@blocks.0.bn2.running_var
[LAYER-HEALTH]   batch-norm sites — β/|γ|: dead < -3.00, mostly off < -2.00, always on > +3.00; classified for relu/leaky_relu only
[LAYER-HEALTH]     site            act            ch   dead    off     on  zeroγ nonfin  min β/|γ| [ch]     max β/|γ| [ch]     rv max/median [ch]
[LAYER-HEALTH]     stem.bn         -             128    n/a    n/a    n/a      0      0     -0.28 [35]         +0.16 [20]           12.0 [79]
[LAYER-HEALTH]     blocks.0.bn1    silu          128    n/a    n/a    n/a      0      0     -0.41 [5]          +0.13 [31]            2.1 [14]
[LAYER-HEALTH]     blocks.0.bn2    silu          128    n/a    n/a    n/a      0      0     -0.78 [53]         +0.31 [48]            7.8 [79]
[LAYER-HEALTH]     blocks.1.bn1    silu          128    n/a    n/a    n/a      0      0     -0.95 [17]         +0.09 [31]           16.1 [31]
[LAYER-HEALTH]     blocks.1.bn2    silu          128    n/a    n/a    n/a      0      0     -0.94 [120]        -0.05 [101]           5.8 [103]
[LAYER-HEALTH]     blocks.2.bn1    silu          128    n/a    n/a    n/a      0      0     -1.42 [17]         +0.49 [31]           24.5 [31]
[LAYER-HEALTH]     blocks.2.bn2    silu          128    n/a    n/a    n/a      0      0     -1.31 [78]         -0.03 [16]            2.9 [26]
[LAYER-HEALTH]     tower_final_bn  silu          128    n/a    n/a    n/a      0      0     -0.27 [90]         +0.57 [61]            4.6 [31]
[LAYER-HEALTH]     policy.pre_bn   leaky_relu    128      0      0      0      0      0     -0.73 [26]         +1.56 [103]           2.5 [41]
[LAYER-HEALTH]     value.bn        leaky_relu     16      0      0      0      0      0     -1.77 [15]         -0.86 [5]             2.0 [14]
[LAYER-HEALTH]   FC hidden-unit velocity — zero: every weight-velocity entry exactly 0; low: nonzero but < 5% of the layer's p90 unit norm
[LAYER-HEALTH]     value.fc1.weight  leaky_relu  units 128  zero 0  low 1  median unit norm 0.005928
[LAYER-HEALTH]     (no SE blocks)
[LAYER-HEALTH]   ReZero: none
[LAYER-HEALTH]   non-finite: 0 values in 0 of 102 tensors (10263038 values examined)
[LAYER-HEALTH]   largest |value|: blocks.0.bn2.running_var 13.92, blocks.2.bn1.running_var 10.38, blocks.1.bn2.running_var 8.584, blocks.1.bn1.running_var 6.933, blocks.2.bn2.running_var 6.828
[REPLAY] enumerated checkpoint -> 20261005-lrBsilu-cyc1-replay-step8000.safetensors
[REPLAY] step=8050 loss=3.6066 pLoss=2.7799 vLoss=0.8227 pEnt=2.876 pIllM=0.0041 playedP=0.169 pW=0.47 pD=0.07 pL=0.46 vAbs=0.222 pLogitMean=-7.4506 vLogitMean=0.6159 gNorm=0.283 lr=0.012 ms=2413.9 buf=500000 plies=68932192 games=1044250 rejected=0 skipped=0 epoch=0 mom=0.9140 lrCyc[pk=9.9e-01,tr=1.0e-03] trainerStep=8050
[LAYER-HEALTH] live trainerStep=8050 scope=batch_norm_state_only reluSites=2/10 ch=144 dead=0 off=0 alwaysOn=0 worst=none maxBetaOverGamma=+1.56@policy.pre_bn[103] minBetaOverGamma=-1.77@value.bn[15] rvMaxOverMedian=24.5@blocks.2.bn1[31] rezero=none nonFinite=0
[REPLAY] step=8100 loss=3.5545 pLoss=2.7352 vLoss=0.8152 pEnt=2.869 pIllM=0.0041 playedP=0.166 pW=0.47 pD=0.07 pL=0.46 vAbs=0.229 pLogitMean=-7.4495 vLogitMean=0.6159 gNorm=0.296 lr=0.0133 ms=2195.2 buf=500000 plies=69358834 games=1050672 rejected=0 skipped=0 epoch=0 mom=0.9124 lrCyc[pk=9.9e-01,tr=1.0e-03] trainerStep=8100
[LAYER-HEALTH] live trainerStep=8100 scope=batch_norm_state_only reluSites=2/10 ch=144 dead=0 off=0 alwaysOn=0 worst=none maxBetaOverGamma=+1.56@policy.pre_bn[103] minBetaOverGamma=-1.79@value.bn[15] rvMaxOverMedian=24.6@blocks.2.bn1[31] rezero=none nonFinite=0
[REPLAY] step=8150 loss=3.5295 pLoss=2.7252 vLoss=0.8006 pEnt=2.878 pIllM=0.0036 playedP=0.169 pW=0.47 pD=0.07 pL=0.46 vAbs=0.238 pLogitMean=-7.4476 vLogitMean=0.6131 gNorm=0.296 lr=0.0148 ms=2710.1 buf=500000 plies=69785491 games=1057127 rejected=0 skipped=0 epoch=0 mom=0.9109 lrCyc[pk=9.9e-01,tr=1.0e-03] trainerStep=8150
[LAYER-HEALTH] live trainerStep=8150 scope=batch_norm_state_only reluSites=2/10 ch=144 dead=0 off=0 alwaysOn=0 worst=none maxBetaOverGamma=+1.56@policy.pre_bn[103] minBetaOverGamma=-1.79@value.bn[15] rvMaxOverMedian=24.6@blocks.2.bn1[31] rezero=none nonFinite=0
[REPLAY] step=8200 loss=3.5452 pLoss=2.7367 vLoss=0.8048 pEnt=2.897 pIllM=0.0037 playedP=0.161 pW=0.47 pD=0.06 pL=0.47 vAbs=0.217 pLogitMean=-7.4492 vLogitMean=0.6154 gNorm=0.292 lr=0.0165 ms=2728.1 buf=500000 plies=70212160 games=1063609 rejected=0 skipped=0 epoch=0 mom=0.9094 lrCyc[pk=9.9e-01,tr=1.0e-03] trainerStep=8200
[LAYER-HEALTH] live trainerStep=8200 scope=batch_norm_state_only reluSites=2/10 ch=144 dead=0 off=0 alwaysOn=0 worst=none maxBetaOverGamma=+1.56@policy.pre_bn[103] minBetaOverGamma=-1.80@value.bn[15] rvMaxOverMedian=24.6@blocks.2.bn1[31] rezero=none nonFinite=0
[REPLAY] step=8250 loss=3.5487 pLoss=2.7399 vLoss=0.8051 pEnt=2.876 pIllM=0.0036 playedP=0.167 pW=0.46 pD=0.07 pL=0.46 vAbs=0.232 pLogitMean=-7.4453 vLogitMean=0.6114 gNorm=0.283 lr=0.0183 ms=2303.1 buf=500000 plies=70638793 games=1070039 rejected=0 skipped=0 epoch=0 mom=0.9078 lrCyc[pk=9.9e-01,tr=1.0e-03] trainerStep=8250
[LAYER-HEALTH] live trainerStep=8250 scope=batch_norm_state_only reluSites=2/10 ch=144 dead=0 off=0 alwaysOn=0 worst=none maxBetaOverGamma=+1.56@policy.pre_bn[103] minBetaOverGamma=-1.80@value.bn[15] rvMaxOverMedian=24.6@blocks.2.bn1[31] rezero=none nonFinite=0
[REPLAY] step=8300 loss=3.5470 pLoss=2.7327 vLoss=0.8108 pEnt=2.873 pIllM=0.0035 playedP=0.170 pW=0.47 pD=0.07 pL=0.46 vAbs=0.233 pLogitMean=-7.4480 vLogitMean=0.6122 gNorm=0.294 lr=0.0204 ms=2330.6 buf=500000 plies=71065419 games=1076492 rejected=0 skipped=0 epoch=0 mom=0.9063 lrCyc[pk=9.9e-01,tr=1.0e-03] trainerStep=8300
[LAYER-HEALTH] live trainerStep=8300 scope=batch_norm_state_only reluSites=2/10 ch=144 dead=0 off=0 alwaysOn=0 worst=none maxBetaOverGamma=+1.55@policy.pre_bn[103] minBetaOverGamma=-1.80@value.bn[15] rvMaxOverMedian=24.7@blocks.2.bn1[31] rezero=none nonFinite=0
[REPLAY] step=8350 loss=3.5650 pLoss=2.7498 vLoss=0.8113 pEnt=2.875 pIllM=0.0039 playedP=0.167 pW=0.47 pD=0.06 pL=0.47 vAbs=0.233 pLogitMean=-7.4476 vLogitMean=0.6104 gNorm=0.306 lr=0.0227 ms=2170.0 buf=500000 plies=71492102 games=1082946 rejected=0 skipped=0 epoch=0 mom=0.9047 lrCyc[pk=9.9e-01,tr=1.0e-03] trainerStep=8350
[LAYER-HEALTH] live trainerStep=8350 scope=batch_norm_state_only reluSites=2/10 ch=144 dead=0 off=0 alwaysOn=0 worst=none maxBetaOverGamma=+1.55@policy.pre_bn[103] minBetaOverGamma=-1.79@value.bn[15] rvMaxOverMedian=24.7@blocks.2.bn1[31] rezero=none nonFinite=0
[REPLAY] step=8400 loss=3.5730 pLoss=2.7505 vLoss=0.8184 pEnt=2.892 pIllM=0.0041 playedP=0.166 pW=0.46 pD=0.07 pL=0.47 vAbs=0.219 pLogitMean=-7.4454 vLogitMean=0.6142 gNorm=0.294 lr=0.0253 ms=2260.5 buf=500000 plies=71918779 games=1089324 rejected=0 skipped=0 epoch=0 mom=0.9032 lrCyc[pk=9.9e-01,tr=1.0e-03] trainerStep=8400
[LAYER-HEALTH] live trainerStep=8400 scope=batch_norm_state_only reluSites=2/10 ch=144 dead=0 off=0 alwaysOn=0 worst=none maxBetaOverGamma=+1.56@policy.pre_bn[103] minBetaOverGamma=-1.80@value.bn[15] rvMaxOverMedian=24.6@blocks.2.bn1[31] rezero=none nonFinite=0
[REPLAY] step=8450 loss=3.5908 pLoss=2.7640 vLoss=0.8229 pEnt=2.884 pIllM=0.0039 playedP=0.167 pW=0.47 pD=0.07 pL=0.46 vAbs=0.223 pLogitMean=-7.4437 vLogitMean=0.6100 gNorm=0.283 lr=0.0282 ms=2239.5 buf=500000 plies=72345462 games=1095805 rejected=0 skipped=0 epoch=0 mom=0.9016 lrCyc[pk=9.9e-01,tr=1.0e-03] trainerStep=8450
[LAYER-HEALTH] live trainerStep=8450 scope=batch_norm_state_only reluSites=2/10 ch=144 dead=0 off=0 alwaysOn=0 worst=none maxBetaOverGamma=+1.55@policy.pre_bn[103] minBetaOverGamma=-1.78@value.bn[15] rvMaxOverMedian=24.5@blocks.2.bn1[31] rezero=none nonFinite=0
[REPLAY] step=8500 loss=3.5833 pLoss=2.7632 vLoss=0.8161 pEnt=2.896 pIllM=0.0040 playedP=0.164 pW=0.47 pD=0.07 pL=0.46 vAbs=0.227 pLogitMean=-7.4439 vLogitMean=0.6088 gNorm=0.316 lr=0.0315 ms=2637.3 buf=500000 plies=72772052 games=1102186 rejected=0 skipped=0 epoch=0 mom=0.9000 lrCyc[pk=9.9e-01,tr=1.0e-03] trainerStep=8500
[LAYER-HEALTH] live trainerStep=8500 scope=batch_norm_state_only reluSites=2/10 ch=144 dead=0 off=0 alwaysOn=0 worst=none maxBetaOverGamma=+1.56@policy.pre_bn[103] minBetaOverGamma=-1.77@value.bn[15] rvMaxOverMedian=24.4@blocks.2.bn1[31] rezero=none nonFinite=0
[REPLAY] step=8550 loss=3.5490 pLoss=2.7249 vLoss=0.8199 pEnt=2.870 pIllM=0.0042 playedP=0.171 pW=0.47 pD=0.07 pL=0.46 vAbs=0.238 pLogitMean=-7.4385 vLogitMean=0.6073 gNorm=0.313 lr=0.0351 ms=2663.8 buf=500000 plies=73198741 games=1108577 rejected=0 skipped=0 epoch=0 mom=0.8984 lrCyc[pk=9.9e-01,tr=1.0e-03] trainerStep=8550
[LAYER-HEALTH] live trainerStep=8550 scope=batch_norm_state_only reluSites=2/10 ch=144 dead=0 off=0 alwaysOn=0 worst=none maxBetaOverGamma=+1.55@policy.pre_bn[103] minBetaOverGamma=-1.75@value.bn[15] rvMaxOverMedian=24.6@blocks.2.bn1[31] rezero=none nonFinite=0
[REPLAY] step=8600 loss=3.5458 pLoss=2.7268 vLoss=0.8152 pEnt=2.877 pIllM=0.0038 playedP=0.169 pW=0.47 pD=0.07 pL=0.46 vAbs=0.233 pLogitMean=-7.4442 vLogitMean=0.6068 gNorm=0.357 lr=0.0391 ms=3192.6 buf=500000 plies=73625368 games=1114996 rejected=0 skipped=0 epoch=0 mom=0.8969 lrCyc[pk=9.9e-01,tr=1.0e-03] trainerStep=8600
[LAYER-HEALTH] live trainerStep=8600 scope=batch_norm_state_only reluSites=2/10 ch=144 dead=0 off=0 alwaysOn=0 worst=none maxBetaOverGamma=+1.55@policy.pre_bn[103] minBetaOverGamma=-1.76@value.bn[15] rvMaxOverMedian=24.6@blocks.2.bn1[31] rezero=none nonFinite=0
[REPLAY] step=8650 loss=3.5419 pLoss=2.7285 vLoss=0.8090 pEnt=2.885 pIllM=0.0045 playedP=0.168 pW=0.47 pD=0.07 pL=0.46 vAbs=0.237 pLogitMean=-7.4391 vLogitMean=0.6107 gNorm=0.310 lr=0.0435 ms=2343.7 buf=500000 plies=74051983 games=1121433 rejected=0 skipped=0 epoch=0 mom=0.8953 lrCyc[pk=9.9e-01,tr=1.0e-03] trainerStep=8650
[LAYER-HEALTH] live trainerStep=8650 scope=batch_norm_state_only reluSites=2/10 ch=144 dead=0 off=0 alwaysOn=0 worst=none maxBetaOverGamma=+1.56@policy.pre_bn[103] minBetaOverGamma=-1.74@value.bn[15] rvMaxOverMedian=24.8@blocks.2.bn1[31] rezero=none nonFinite=0
[REPLAY] step=8700 loss=3.5429 pLoss=2.7345 vLoss=0.8041 pEnt=2.877 pIllM=0.0043 playedP=0.166 pW=0.47 pD=0.06 pL=0.47 vAbs=0.228 pLogitMean=-7.4391 vLogitMean=0.6079 gNorm=0.335 lr=0.0485 ms=2988.8 buf=500000 plies=74478626 games=1127879 rejected=0 skipped=0 epoch=0 mom=0.8938 lrCyc[pk=9.9e-01,tr=1.0e-03] trainerStep=8700
[LAYER-HEALTH] live trainerStep=8700 scope=batch_norm_state_only reluSites=2/10 ch=144 dead=0 off=0 alwaysOn=0 worst=none maxBetaOverGamma=+1.56@policy.pre_bn[103] minBetaOverGamma=-1.72@value.bn[15] rvMaxOverMedian=24.9@blocks.2.bn1[31] rezero=none nonFinite=0
[REPLAY] step=8750 loss=3.5762 pLoss=2.7639 vLoss=0.8085 pEnt=2.892 pIllM=0.0039 playedP=0.167 pW=0.47 pD=0.07 pL=0.46 vAbs=0.214 pLogitMean=-7.4390 vLogitMean=0.6049 gNorm=0.316 lr=0.054 ms=2376.9 buf=500000 plies=74905269 games=1134371 rejected=0 skipped=0 epoch=0 mom=0.8922 lrCyc[pk=9.9e-01,tr=1.0e-03] trainerStep=8750
[LAYER-HEALTH] live trainerStep=8750 scope=batch_norm_state_only reluSites=2/10 ch=144 dead=0 off=0 alwaysOn=0 worst=none maxBetaOverGamma=+1.56@policy.pre_bn[103] minBetaOverGamma=-1.67@value.bn[15] rvMaxOverMedian=25.0@blocks.2.bn1[31] rezero=none nonFinite=0
[REPLAY] step=8800 loss=3.5673 pLoss=2.7592 vLoss=0.8042 pEnt=2.876 pIllM=0.0038 playedP=0.168 pW=0.47 pD=0.06 pL=0.47 vAbs=0.227 pLogitMean=-7.4416 vLogitMean=0.6047 gNorm=0.346 lr=0.0601 ms=2382.0 buf=500000 plies=75331941 games=1140850 rejected=0 skipped=0 epoch=0 mom=0.8907 lrCyc[pk=9.9e-01,tr=1.0e-03] trainerStep=8800
[LAYER-HEALTH] live trainerStep=8800 scope=batch_norm_state_only reluSites=2/10 ch=144 dead=0 off=0 alwaysOn=0 worst=none maxBetaOverGamma=+1.56@policy.pre_bn[103] minBetaOverGamma=-1.72@value.bn[15] rvMaxOverMedian=25.2@blocks.2.bn1[31] rezero=none nonFinite=0
[REPLAY] step=8850 loss=3.5581 pLoss=2.7440 vLoss=0.8099 pEnt=2.874 pIllM=0.0042 playedP=0.163 pW=0.46 pD=0.07 pL=0.47 vAbs=0.228 pLogitMean=-7.4372 vLogitMean=0.6066 gNorm=0.315 lr=0.0668 ms=2543.1 buf=500000 plies=75758613 games=1147316 rejected=0 skipped=0 epoch=0 mom=0.8891 lrCyc[pk=9.9e-01,tr=1.0e-03] trainerStep=8850
[LAYER-HEALTH] live trainerStep=8850 scope=batch_norm_state_only reluSites=2/10 ch=144 dead=0 off=0 alwaysOn=0 worst=none maxBetaOverGamma=+1.55@policy.pre_bn[103] minBetaOverGamma=-1.74@value.bn[15] rvMaxOverMedian=25.4@blocks.2.bn1[31] rezero=none nonFinite=0
[REPLAY] step=8900 loss=3.5301 pLoss=2.7293 vLoss=0.7968 pEnt=2.879 pIllM=0.0040 playedP=0.164 pW=0.47 pD=0.06 pL=0.47 vAbs=0.230 pLogitMean=-7.4293 vLogitMean=0.6103 gNorm=0.364 lr=0.0742 ms=3163.5 buf=500000 plies=76185223 games=1153759 rejected=0 skipped=0 epoch=0 mom=0.8876 lrCyc[pk=9.9e-01,tr=1.0e-03] trainerStep=8900
[LAYER-HEALTH] live trainerStep=8900 scope=batch_norm_state_only reluSites=2/10 ch=144 dead=0 off=0 alwaysOn=0 worst=none maxBetaOverGamma=+1.55@policy.pre_bn[103] minBetaOverGamma=-1.74@value.bn[15] rvMaxOverMedian=25.3@blocks.2.bn1[31] rezero=none nonFinite=0
[REPLAY] step=8950 loss=3.5731 pLoss=2.7669 vLoss=0.8020 pEnt=2.871 pIllM=0.0043 playedP=0.167 pW=0.48 pD=0.07 pL=0.46 vAbs=0.243 pLogitMean=-7.4355 vLogitMean=0.6049 gNorm=0.366 lr=0.0824 ms=2432.9 buf=500000 plies=76611905 games=1160162 rejected=0 skipped=0 epoch=0 mom=0.8861 lrCyc[pk=9.9e-01,tr=1.0e-03] trainerStep=8950
[LAYER-HEALTH] live trainerStep=8950 scope=batch_norm_state_only reluSites=2/10 ch=144 dead=0 off=0 alwaysOn=0 worst=none maxBetaOverGamma=+1.56@policy.pre_bn[103] minBetaOverGamma=-1.78@value.bn[15] rvMaxOverMedian=25.3@blocks.2.bn1[31] rezero=none nonFinite=0
[REPLAY] step=9000 loss=3.5743 pLoss=2.7610 vLoss=0.8089 pEnt=2.878 pIllM=0.0043 playedP=0.165 pW=0.48 pD=0.06 pL=0.46 vAbs=0.245 pLogitMean=-7.4274 vLogitMean=0.6063 gNorm=0.313 lr=0.0914 ms=2501.2 buf=500000 plies=77038547 games=1166650 rejected=0 skipped=0 epoch=0 mom=0.8846 lrCyc[pk=9.9e-01,tr=1.0e-03] trainerStep=9000
[LAYER-HEALTH] live trainerStep=9000 scope=batch_norm_state_only reluSites=2/10 ch=144 dead=0 off=0 alwaysOn=0 worst=none maxBetaOverGamma=+1.57@policy.pre_bn[103] minBetaOverGamma=-1.81@value.bn[15] rvMaxOverMedian=25.2@blocks.2.bn1[31] rezero=none nonFinite=0
[REPLAY] saved trainer model (autosave) step=9000 trainerStep=9000 nextGame=1166650 shard=2 epoch=0 -> 20261005-lrBsilu-cyc1-replay-latest.safetensors
[LAYER-HEALTH] checkpoint replay-autosave step=9000 trainerStep=9000 scope=all_tensors reluSites=2/10 ch=144 dead=0 off=0 alwaysOn=0 worst=none maxBetaOverGamma=+1.57@policy.pre_bn[103] minBetaOverGamma=-1.81@value.bn[15] rvMaxOverMedian=25.2@blocks.2.bn1[31] rezero=none nonFinite=0 seZeroVel=none valueFC1ZeroVel=0/128 maxAbs=14.48@blocks.0.bn2.running_var
[LAYER-HEALTH]   batch-norm sites — β/|γ|: dead < -3.00, mostly off < -2.00, always on > +3.00; classified for relu/leaky_relu only
[LAYER-HEALTH]     site            act            ch   dead    off     on  zeroγ nonfin  min β/|γ| [ch]     max β/|γ| [ch]     rv max/median [ch]
[LAYER-HEALTH]     stem.bn         -             128    n/a    n/a    n/a      0      0     -0.28 [35]         +0.16 [20]           11.3 [79]
[LAYER-HEALTH]     blocks.0.bn1    silu          128    n/a    n/a    n/a      0      0     -0.41 [5]          +0.13 [31]            2.1 [14]
[LAYER-HEALTH]     blocks.0.bn2    silu          128    n/a    n/a    n/a      0      0     -0.78 [66]         +0.31 [48]            8.4 [79]
[LAYER-HEALTH]     blocks.1.bn1    silu          128    n/a    n/a    n/a      0      0     -0.96 [17]         +0.09 [31]           16.4 [31]
[LAYER-HEALTH]     blocks.1.bn2    silu          128    n/a    n/a    n/a      0      0     -0.94 [120]        -0.06 [63]            5.9 [103]
[LAYER-HEALTH]     blocks.2.bn1    silu          128    n/a    n/a    n/a      0      0     -1.43 [17]         +0.49 [31]           25.2 [31]
[LAYER-HEALTH]     blocks.2.bn2    silu          128    n/a    n/a    n/a      0      0     -1.31 [78]         -0.02 [16]            3.0 [26]
[LAYER-HEALTH]     tower_final_bn  silu          128    n/a    n/a    n/a      0      0     -0.27 [90]         +0.58 [61]            4.7 [31]
[LAYER-HEALTH]     policy.pre_bn   leaky_relu    128      0      0      0      0      0     -0.72 [26]         +1.57 [103]           2.5 [41]
[LAYER-HEALTH]     value.bn        leaky_relu     16      0      0      0      0      0     -1.81 [15]         -0.86 [5]             2.1 [14]
[LAYER-HEALTH]   FC hidden-unit velocity — zero: every weight-velocity entry exactly 0; low: nonzero but < 5% of the layer's p90 unit norm
[LAYER-HEALTH]     value.fc1.weight  leaky_relu  units 128  zero 0  low 1  median unit norm 0.003897
[LAYER-HEALTH]     (no SE blocks)
[LAYER-HEALTH]   ReZero: none
[LAYER-HEALTH]   non-finite: 0 values in 0 of 102 tensors (10263038 values examined)
[LAYER-HEALTH]   largest |value|: blocks.0.bn2.running_var 14.48, blocks.2.bn1.running_var 10.45, blocks.1.bn2.running_var 8.507, blocks.1.bn1.running_var 6.862, blocks.2.bn2.running_var 6.668
[REPLAY] enumerated checkpoint -> 20261005-lrBsilu-cyc1-replay-step9000.safetensors
[REPLAY] step=9050 loss=3.5662 pLoss=2.7667 vLoss=0.7957 pEnt=2.857 pIllM=0.0038 playedP=0.171 pW=0.47 pD=0.06 pL=0.47 vAbs=0.236 pLogitMean=-7.4245 vLogitMean=0.6135 gNorm=0.356 lr=0.101 ms=2569.9 buf=500000 plies=77465181 games=1173136 rejected=0 skipped=0 epoch=0 mom=0.8831 lrCyc[pk=9.9e-01,tr=1.0e-03] trainerStep=9050
[LAYER-HEALTH] live trainerStep=9050 scope=batch_norm_state_only reluSites=2/10 ch=144 dead=0 off=0 alwaysOn=0 worst=none maxBetaOverGamma=+1.56@policy.pre_bn[103] minBetaOverGamma=-1.83@value.bn[15] rvMaxOverMedian=25.1@blocks.2.bn1[31] rezero=none nonFinite=0
[REPLAY] step=9100 loss=3.5209 pLoss=2.7110 vLoss=0.8058 pEnt=2.869 pIllM=0.0042 playedP=0.166 pW=0.47 pD=0.06 pL=0.47 vAbs=0.232 pLogitMean=-7.4212 vLogitMean=0.6091 gNorm=0.340 lr=0.112 ms=2336.9 buf=500000 plies=77891858 games=1179611 rejected=0 skipped=0 epoch=0 mom=0.8816 lrCyc[pk=9.9e-01,tr=1.0e-03] trainerStep=9100
[LAYER-HEALTH] live trainerStep=9100 scope=batch_norm_state_only reluSites=2/10 ch=144 dead=0 off=0 alwaysOn=0 worst=none maxBetaOverGamma=+1.56@policy.pre_bn[103] minBetaOverGamma=-1.73@value.bn[15] rvMaxOverMedian=24.9@blocks.2.bn1[31] rezero=none nonFinite=0
[REPLAY] step=9150 loss=3.5941 pLoss=2.7763 vLoss=0.8130 pEnt=2.846 pIllM=0.0048 playedP=0.168 pW=0.48 pD=0.07 pL=0.44 vAbs=0.238 pLogitMean=-7.4145 vLogitMean=0.6099 gNorm=0.335 lr=0.124 ms=2371.9 buf=500000 plies=78318486 games=1186045 rejected=0 skipped=0 epoch=0 mom=0.8802 lrCyc[pk=9.9e-01,tr=1.0e-03] trainerStep=9150
[LAYER-HEALTH] live trainerStep=9150 scope=batch_norm_state_only reluSites=2/10 ch=144 dead=0 off=0 alwaysOn=0 worst=none maxBetaOverGamma=+1.56@policy.pre_bn[103] minBetaOverGamma=-1.71@value.bn[15] rvMaxOverMedian=24.5@blocks.2.bn1[31] rezero=none nonFinite=0
[REPLAY] step=9200 loss=3.5506 pLoss=2.7464 vLoss=0.7999 pEnt=2.889 pIllM=0.0043 playedP=0.162 pW=0.47 pD=0.06 pL=0.47 vAbs=0.236 pLogitMean=-7.4116 vLogitMean=0.6100 gNorm=0.319 lr=0.137 ms=3058.1 buf=500000 plies=78745141 games=1192506 rejected=0 skipped=0 epoch=0 mom=0.8787 lrCyc[pk=9.9e-01,tr=1.0e-03] trainerStep=9200
[LAYER-HEALTH] live trainerStep=9200 scope=batch_norm_state_only reluSites=2/10 ch=144 dead=0 off=0 alwaysOn=0 worst=none maxBetaOverGamma=+1.59@policy.pre_bn[103] minBetaOverGamma=-1.75@value.bn[15] rvMaxOverMedian=24.5@blocks.2.bn1[31] rezero=none nonFinite=0
[REPLAY] step=9250 loss=3.5305 pLoss=2.7331 vLoss=0.7923 pEnt=2.886 pIllM=0.0051 playedP=0.163 pW=0.47 pD=0.06 pL=0.47 vAbs=0.259 pLogitMean=-7.4046 vLogitMean=0.6169 gNorm=0.370 lr=0.151 ms=2782.9 buf=500000 plies=79171811 games=1198988 rejected=0 skipped=0 epoch=0 mom=0.8773 lrCyc[pk=9.9e-01,tr=1.0e-03] trainerStep=9250
[LAYER-HEALTH] live trainerStep=9250 scope=batch_norm_state_only reluSites=2/10 ch=144 dead=0 off=0 alwaysOn=0 worst=none maxBetaOverGamma=+1.59@policy.pre_bn[103] minBetaOverGamma=-1.74@value.bn[15] rvMaxOverMedian=24.5@blocks.2.bn1[31] rezero=none nonFinite=0
[REPLAY] step=9300 loss=3.5538 pLoss=2.7439 vLoss=0.8053 pEnt=2.872 pIllM=0.0045 playedP=0.165 pW=0.47 pD=0.07 pL=0.46 vAbs=0.234 pLogitMean=-7.4000 vLogitMean=0.6130 gNorm=0.340 lr=0.166 ms=3602.5 buf=500000 plies=79598445 games=1205484 rejected=0 skipped=0 epoch=0 mom=0.8759 lrCyc[pk=9.9e-01,tr=1.0e-03] trainerStep=9300
[LAYER-HEALTH] live trainerStep=9300 scope=batch_norm_state_only reluSites=2/10 ch=144 dead=0 off=0 alwaysOn=0 worst=none maxBetaOverGamma=+1.58@policy.pre_bn[103] minBetaOverGamma=-1.67@value.bn[15] rvMaxOverMedian=24.0@blocks.2.bn1[31] rezero=none nonFinite=0
[REPLAY] step=9350 loss=3.5433 pLoss=2.7289 vLoss=0.8092 pEnt=2.862 pIllM=0.0052 playedP=0.168 pW=0.47 pD=0.07 pL=0.46 vAbs=0.228 pLogitMean=-7.3879 vLogitMean=0.6097 gNorm=0.341 lr=0.182 ms=3792.5 buf=500000 plies=80025143 games=1211890 rejected=0 skipped=0 epoch=0 mom=0.8746 lrCyc[pk=9.9e-01,tr=1.0e-03] trainerStep=9350
[LAYER-HEALTH] live trainerStep=9350 scope=batch_norm_state_only reluSites=2/10 ch=144 dead=0 off=0 alwaysOn=0 worst=none maxBetaOverGamma=+1.59@policy.pre_bn[103] minBetaOverGamma=-1.60@value.bn[15] rvMaxOverMedian=23.6@blocks.2.bn1[31] rezero=none nonFinite=0
[REPLAY] step=9400 loss=3.5212 pLoss=2.7174 vLoss=0.7988 pEnt=2.857 pIllM=0.0050 playedP=0.169 pW=0.47 pD=0.07 pL=0.46 vAbs=0.242 pLogitMean=-7.3765 vLogitMean=0.6091 gNorm=0.336 lr=0.2 ms=2780.3 buf=500000 plies=80451741 games=1218309 rejected=0 skipped=0 epoch=0 mom=0.8732 lrCyc[pk=9.9e-01,tr=1.0e-03] trainerStep=9400
[LAYER-HEALTH] live trainerStep=9400 scope=batch_norm_state_only reluSites=2/10 ch=144 dead=0 off=0 alwaysOn=0 worst=none maxBetaOverGamma=+1.61@policy.pre_bn[103] minBetaOverGamma=-1.55@value.bn[15] rvMaxOverMedian=23.6@blocks.2.bn1[31] rezero=none nonFinite=0
[REPLAY] step=9450 loss=3.5772 pLoss=2.7571 vLoss=0.8146 pEnt=2.860 pIllM=0.0054 playedP=0.165 pW=0.47 pD=0.08 pL=0.45 vAbs=0.225 pLogitMean=-7.3788 vLogitMean=0.6077 gNorm=0.302 lr=0.219 ms=3576.6 buf=500000 plies=80878416 games=1224780 rejected=0 skipped=0 epoch=0 mom=0.8719 lrCyc[pk=9.9e-01,tr=1.0e-03] trainerStep=9450
[LAYER-HEALTH] live trainerStep=9450 scope=batch_norm_state_only reluSites=2/10 ch=144 dead=0 off=0 alwaysOn=0 worst=none maxBetaOverGamma=+1.57@policy.pre_bn[103] minBetaOverGamma=-1.60@value.bn[15] rvMaxOverMedian=23.8@blocks.2.bn1[31] rezero=none nonFinite=0
[REPLAY] step=9500 loss=3.5450 pLoss=2.7371 vLoss=0.8028 pEnt=2.882 pIllM=0.0051 playedP=0.164 pW=0.47 pD=0.06 pL=0.47 vAbs=0.233 pLogitMean=-7.3619 vLogitMean=0.6076 gNorm=0.351 lr=0.239 ms=3355.8 buf=500000 plies=81305091 games=1231190 rejected=0 skipped=0 epoch=0 mom=0.8706 lrCyc[pk=9.9e-01,tr=1.0e-03] trainerStep=9500
[LAYER-HEALTH] live trainerStep=9500 scope=batch_norm_state_only reluSites=2/10 ch=144 dead=0 off=0 alwaysOn=0 worst=none maxBetaOverGamma=+1.56@policy.pre_bn[103] minBetaOverGamma=-1.66@value.bn[15] rvMaxOverMedian=24.3@blocks.2.bn1[31] rezero=none nonFinite=0
[REPLAY] step=9550 loss=3.5796 pLoss=2.7658 vLoss=0.8088 pEnt=2.900 pIllM=0.0049 playedP=0.161 pW=0.47 pD=0.06 pL=0.46 vAbs=0.231 pLogitMean=-7.3658 vLogitMean=0.6080 gNorm=0.363 lr=0.261 ms=2934.0 buf=500000 plies=81731692 games=1237687 rejected=0 skipped=0 epoch=0 mom=0.8694 lrCyc[pk=9.9e-01,tr=1.0e-03] trainerStep=9550
[LAYER-HEALTH] live trainerStep=9550 scope=batch_norm_state_only reluSites=2/10 ch=144 dead=0 off=0 alwaysOn=0 worst=none maxBetaOverGamma=+1.57@policy.pre_bn[103] minBetaOverGamma=-1.63@value.bn[15] rvMaxOverMedian=24.3@blocks.2.bn1[31] rezero=none nonFinite=0
[REPLAY] step=9600 loss=3.5345 pLoss=2.7350 vLoss=0.7938 pEnt=2.861 pIllM=0.0057 playedP=0.166 pW=0.49 pD=0.06 pL=0.45 vAbs=0.250 pLogitMean=-7.3502 vLogitMean=0.6102 gNorm=0.325 lr=0.284 ms=3275.8 buf=500000 plies=82158329 games=1244138 rejected=0 skipped=0 epoch=0 mom=0.8682 lrCyc[pk=9.9e-01,tr=1.0e-03] trainerStep=9600
[LAYER-HEALTH] live trainerStep=9600 scope=batch_norm_state_only reluSites=2/10 ch=144 dead=0 off=0 alwaysOn=0 worst=none maxBetaOverGamma=+1.59@policy.pre_bn[103] minBetaOverGamma=-1.62@value.bn[15] rvMaxOverMedian=24.3@blocks.2.bn1[31] rezero=none nonFinite=0
[REPLAY] step=9650 loss=3.5484 pLoss=2.7384 vLoss=0.8028 pEnt=2.853 pIllM=0.0071 playedP=0.169 pW=0.48 pD=0.07 pL=0.45 vAbs=0.244 pLogitMean=-7.3525 vLogitMean=0.5960 gNorm=0.371 lr=0.308 ms=3768.7 buf=500000 plies=82585049 games=1250562 rejected=0 skipped=0 epoch=0 mom=0.8670 lrCyc[pk=9.9e-01,tr=1.0e-03] trainerStep=9650
[LAYER-HEALTH] live trainerStep=9650 scope=batch_norm_state_only reluSites=2/10 ch=144 dead=0 off=0 alwaysOn=0 worst=none maxBetaOverGamma=+1.58@policy.pre_bn[103] minBetaOverGamma=-1.47@value.bn[15] rvMaxOverMedian=24.3@blocks.2.bn1[31] rezero=none nonFinite=0
[REPLAY] step=9700 loss=3.5914 pLoss=2.7862 vLoss=0.7998 pEnt=2.832 pIllM=0.0054 playedP=0.171 pW=0.48 pD=0.07 pL=0.45 vAbs=0.247 pLogitMean=-7.3581 vLogitMean=0.5912 gNorm=0.368 lr=0.334 ms=2592.7 buf=500000 plies=83011639 games=1257007 rejected=0 skipped=0 epoch=0 mom=0.8658 lrCyc[pk=9.9e-01,tr=1.0e-03] trainerStep=9700
[LAYER-HEALTH] live trainerStep=9700 scope=batch_norm_state_only reluSites=2/10 ch=144 dead=0 off=0 alwaysOn=0 worst=none maxBetaOverGamma=+1.59@policy.pre_bn[103] minBetaOverGamma=-1.43@value.bn[15] rvMaxOverMedian=24.5@blocks.2.bn1[31] rezero=none nonFinite=0
[REPLAY] step=9750 loss=3.5554 pLoss=2.7417 vLoss=0.8069 pEnt=2.870 pIllM=0.0068 playedP=0.163 pW=0.47 pD=0.07 pL=0.46 vAbs=0.236 pLogitMean=-7.3640 vLogitMean=0.5866 gNorm=0.365 lr=0.361 ms=2720.1 buf=500000 plies=83438397 games=1263433 rejected=0 skipped=0 epoch=0 mom=0.8647 lrCyc[pk=9.9e-01,tr=1.0e-03] trainerStep=9750
[LAYER-HEALTH] live trainerStep=9750 scope=batch_norm_state_only reluSites=2/10 ch=144 dead=0 off=0 alwaysOn=0 worst=none maxBetaOverGamma=+1.63@policy.pre_bn[103] minBetaOverGamma=-1.50@value.bn[4] rvMaxOverMedian=24.6@blocks.2.bn1[31] rezero=none nonFinite=0
[REPLAY] step=9800 loss=3.6174 pLoss=2.8115 vLoss=0.7994 pEnt=2.851 pIllM=0.0065 playedP=0.169 pW=0.48 pD=0.07 pL=0.45 vAbs=0.229 pLogitMean=-7.3792 vLogitMean=0.5995 gNorm=0.367 lr=0.389 ms=2593.5 buf=500000 plies=83864962 games=1269939 rejected=0 skipped=0 epoch=0 mom=0.8636 lrCyc[pk=9.9e-01,tr=1.0e-03] trainerStep=9800
[LAYER-HEALTH] live trainerStep=9800 scope=batch_norm_state_only reluSites=2/10 ch=144 dead=0 off=0 alwaysOn=0 worst=none maxBetaOverGamma=+1.65@policy.pre_bn[103] minBetaOverGamma=-1.46@value.bn[4] rvMaxOverMedian=24.9@blocks.2.bn1[31] rezero=none nonFinite=0
[REPLAY] step=9850 loss=3.5499 pLoss=2.7332 vLoss=0.8100 pEnt=2.881 pIllM=0.0067 playedP=0.161 pW=0.46 pD=0.07 pL=0.47 vAbs=0.253 pLogitMean=-7.3728 vLogitMean=0.6025 gNorm=0.375 lr=0.419 ms=3278.5 buf=500000 plies=84291668 games=1276414 rejected=0 skipped=0 epoch=0 mom=0.8625 lrCyc[pk=9.9e-01,tr=1.0e-03] trainerStep=9850
[LAYER-HEALTH] live trainerStep=9850 scope=batch_norm_state_only reluSites=2/10 ch=144 dead=0 off=0 alwaysOn=0 worst=none maxBetaOverGamma=+1.65@policy.pre_bn[103] minBetaOverGamma=-1.47@value.bn[4] rvMaxOverMedian=24.7@blocks.2.bn1[31] rezero=none nonFinite=0
[REPLAY] step=9900 loss=3.5464 pLoss=2.7351 vLoss=0.8048 pEnt=2.864 pIllM=0.0065 playedP=0.160 pW=0.45 pD=0.07 pL=0.48 vAbs=0.255 pLogitMean=-7.3905 vLogitMean=0.6115 gNorm=0.440 lr=0.449 ms=2650.6 buf=500000 plies=84718221 games=1282805 rejected=0 skipped=0 epoch=0 mom=0.8615 lrCyc[pk=9.9e-01,tr=1.0e-03] trainerStep=9900
[LAYER-HEALTH] live trainerStep=9900 scope=batch_norm_state_only reluSites=2/10 ch=144 dead=0 off=0 alwaysOn=0 worst=none maxBetaOverGamma=+1.65@policy.pre_bn[103] minBetaOverGamma=-1.35@value.bn[15] rvMaxOverMedian=24.7@blocks.2.bn1[31] rezero=none nonFinite=0
[REPLAY] step=9950 loss=3.6045 pLoss=2.7805 vLoss=0.8161 pEnt=2.867 pIllM=0.0079 playedP=0.164 pW=0.47 pD=0.08 pL=0.45 vAbs=0.249 pLogitMean=-7.4177 vLogitMean=0.6147 gNorm=0.349 lr=0.481 ms=3520.2 buf=500000 plies=85144934 games=1289302 rejected=0 skipped=0 epoch=0 mom=0.8605 lrCyc[pk=9.9e-01,tr=1.0e-03] trainerStep=9950
[LAYER-HEALTH] live trainerStep=9950 scope=batch_norm_state_only reluSites=2/10 ch=144 dead=0 off=0 alwaysOn=0 worst=none maxBetaOverGamma=+1.66@policy.pre_bn[103] minBetaOverGamma=-1.29@value.bn[15] rvMaxOverMedian=24.5@blocks.2.bn1[31] rezero=none nonFinite=0
[REPLAY] step=10000 loss=3.5645 pLoss=2.7457 vLoss=0.8106 pEnt=2.872 pIllM=0.0083 playedP=0.161 pW=0.45 pD=0.06 pL=0.49 vAbs=0.234 pLogitMean=-7.4432 vLogitMean=0.6155 gNorm=0.382 lr=0.513 ms=2666.4 buf=500000 plies=85571543 games=1295809 rejected=0 skipped=0 epoch=0 mom=0.8596 lrCyc[pk=9.9e-01,tr=1.0e-03] trainerStep=10000
[LAYER-HEALTH] live trainerStep=10000 scope=batch_norm_state_only reluSites=2/10 ch=144 dead=0 off=0 alwaysOn=0 worst=none maxBetaOverGamma=+1.71@policy.pre_bn[103] minBetaOverGamma=-1.27@value.bn[2] rvMaxOverMedian=24.2@blocks.2.bn1[31] rezero=none nonFinite=0
[REPLAY] saved trainer model (autosave) step=10000 trainerStep=10000 nextGame=1295809 shard=2 epoch=0 -> 20261005-lrBsilu-cyc1-replay-latest.safetensors
[LAYER-HEALTH] checkpoint replay-autosave step=10000 trainerStep=10000 scope=all_tensors reluSites=2/10 ch=144 dead=0 off=0 alwaysOn=0 worst=none maxBetaOverGamma=+1.71@policy.pre_bn[103] minBetaOverGamma=-1.27@value.bn[2] rvMaxOverMedian=24.2@blocks.2.bn1[31] rezero=none nonFinite=0 seZeroVel=none valueFC1ZeroVel=0/128 maxAbs=11.83@blocks.0.bn2.running_var
[LAYER-HEALTH]   batch-norm sites — β/|γ|: dead < -3.00, mostly off < -2.00, always on > +3.00; classified for relu/leaky_relu only
[LAYER-HEALTH]     site            act            ch   dead    off     on  zeroγ nonfin  min β/|γ| [ch]     max β/|γ| [ch]     rv max/median [ch]
[LAYER-HEALTH]     stem.bn         -             128    n/a    n/a    n/a      0      0     -0.31 [35]         +0.17 [20]            8.1 [79]
[LAYER-HEALTH]     blocks.0.bn1    silu          128    n/a    n/a    n/a      0      0     -0.45 [5]          +0.13 [87]            2.3 [14]
[LAYER-HEALTH]     blocks.0.bn2    silu          128    n/a    n/a    n/a      0      0     -0.79 [66]         +0.33 [48]            7.4 [79]
[LAYER-HEALTH]     blocks.1.bn1    silu          128    n/a    n/a    n/a      0      0     -1.00 [17]         +0.06 [31]           17.1 [31]
[LAYER-HEALTH]     blocks.1.bn2    silu          128    n/a    n/a    n/a      0      0     -0.98 [120]        -0.07 [101]           5.7 [103]
[LAYER-HEALTH]     blocks.2.bn1    silu          128    n/a    n/a    n/a      0      0     -1.53 [17]         +0.52 [31]           24.2 [31]
[LAYER-HEALTH]     blocks.2.bn2    silu          128    n/a    n/a    n/a      0      0     -1.35 [78]         -0.00 [16]            3.1 [26]
[LAYER-HEALTH]     tower_final_bn  silu          128    n/a    n/a    n/a      0      0     -0.31 [90]         +0.62 [61]            4.6 [31]
[LAYER-HEALTH]     policy.pre_bn   leaky_relu    128      0      0      0      0      0     -0.80 [26]         +1.71 [103]           2.4 [41]
[LAYER-HEALTH]     value.bn        leaky_relu     16      0      0      0      0      0     -1.27 [2]          -0.85 [1]             2.1 [14]
[LAYER-HEALTH]   FC hidden-unit velocity — zero: every weight-velocity entry exactly 0; low: nonzero but < 5% of the layer's p90 unit norm
[LAYER-HEALTH]     value.fc1.weight  leaky_relu  units 128  zero 0  low 3  median unit norm 0.005247
[LAYER-HEALTH]     (no SE blocks)
[LAYER-HEALTH]   ReZero: none
[LAYER-HEALTH]   non-finite: 0 values in 0 of 102 tensors (10263038 values examined)
[LAYER-HEALTH]   largest |value|: blocks.0.bn2.running_var 11.83, blocks.2.bn1.running_var 10.2, blocks.1.bn2.running_var 7.756, blocks.1.bn1.running_var 7.093, blocks.2.bn2.running_var 6.155
[REPLAY] enumerated checkpoint -> 20261005-lrBsilu-cyc1-replay-step10000.safetensors
[REPLAY] step=10050 loss=3.5864 pLoss=2.7794 vLoss=0.7999 pEnt=2.850 pIllM=0.0071 playedP=0.167 pW=0.46 pD=0.06 pL=0.47 vAbs=0.231 pLogitMean=-7.4764 vLogitMean=0.6193 gNorm=0.457 lr=0.546 ms=3341.0 buf=500000 plies=85998202 games=1302269 rejected=0 skipped=0 epoch=0 mom=0.8587 lrCyc[pk=9.9e-01,tr=1.0e-03] trainerStep=10050
[LAYER-HEALTH] live trainerStep=10050 scope=batch_norm_state_only reluSites=2/10 ch=144 dead=0 off=0 alwaysOn=0 worst=none maxBetaOverGamma=+1.68@policy.pre_bn[103] minBetaOverGamma=-1.32@value.bn[8] rvMaxOverMedian=23.8@blocks.2.bn1[31] rezero=none nonFinite=0
[REPLAY] step=10100 loss=3.6232 pLoss=2.8149 vLoss=0.8011 pEnt=2.889 pIllM=0.0071 playedP=0.158 pW=0.49 pD=0.06 pL=0.45 vAbs=0.223 pLogitMean=-7.5113 vLogitMean=0.6208 gNorm=0.348 lr=0.579 ms=3195.7 buf=500000 plies=86424921 games=1308762 rejected=0 skipped=0 epoch=0 mom=0.8578 lrCyc[pk=9.9e-01,tr=1.0e-03] trainerStep=10100
[LAYER-HEALTH] live trainerStep=10100 scope=batch_norm_state_only reluSites=2/10 ch=144 dead=0 off=0 alwaysOn=0 worst=none maxBetaOverGamma=+1.71@policy.pre_bn[103] minBetaOverGamma=-1.30@value.bn[9] rvMaxOverMedian=23.6@blocks.2.bn1[31] rezero=none nonFinite=0
[REPLAY] step=10150 loss=3.5528 pLoss=2.7417 vLoss=0.8033 pEnt=2.864 pIllM=0.0078 playedP=0.161 pW=0.46 pD=0.07 pL=0.47 vAbs=0.247 pLogitMean=-7.5519 vLogitMean=0.6349 gNorm=0.460 lr=0.613 ms=2809.7 buf=500000 plies=86851469 games=1315257 rejected=0 skipped=0 epoch=0 mom=0.8570 lrCyc[pk=9.9e-01,tr=1.0e-03] trainerStep=10150
[LAYER-HEALTH] live trainerStep=10150 scope=batch_norm_state_only reluSites=2/10 ch=144 dead=0 off=0 alwaysOn=0 worst=none maxBetaOverGamma=+1.70@policy.pre_bn[103] minBetaOverGamma=-1.27@value.bn[11] rvMaxOverMedian=23.9@blocks.2.bn1[31] rezero=none nonFinite=0
[REPLAY] step=10200 loss=3.5959 pLoss=2.7832 vLoss=0.8049 pEnt=2.858 pIllM=0.0079 playedP=0.159 pW=0.47 pD=0.06 pL=0.47 vAbs=0.239 pLogitMean=-7.5946 vLogitMean=0.6451 gNorm=0.452 lr=0.647 ms=2857.6 buf=500000 plies=87278124 games=1321726 rejected=0 skipped=0 epoch=0 mom=0.8562 lrCyc[pk=9.9e-01,tr=1.0e-03] trainerStep=10200
[LAYER-HEALTH] live trainerStep=10200 scope=batch_norm_state_only reluSites=2/10 ch=144 dead=0 off=0 alwaysOn=0 worst=none maxBetaOverGamma=+1.73@policy.pre_bn[103] minBetaOverGamma=-1.35@value.bn[11] rvMaxOverMedian=24.2@blocks.2.bn1[31] rezero=none nonFinite=0
[REPLAY] step=10250 loss=3.5949 pLoss=2.7684 vLoss=0.8173 pEnt=2.864 pIllM=0.0092 playedP=0.162 pW=0.48 pD=0.07 pL=0.45 vAbs=0.226 pLogitMean=-7.6465 vLogitMean=0.6151 gNorm=0.347 lr=0.681 ms=2801.6 buf=500000 plies=87704782 games=1328103 rejected=0 skipped=0 epoch=0 mom=0.8555 lrCyc[pk=9.9e-01,tr=1.0e-03] trainerStep=10250
[LAYER-HEALTH] live trainerStep=10250 scope=batch_norm_state_only reluSites=2/10 ch=144 dead=0 off=0 alwaysOn=0 worst=none maxBetaOverGamma=+1.74@policy.pre_bn[103] minBetaOverGamma=-1.36@value.bn[2] rvMaxOverMedian=24.5@blocks.2.bn1[31] rezero=none nonFinite=0
[REPLAY] step=10300 loss=3.5942 pLoss=2.7931 vLoss=0.7916 pEnt=2.840 pIllM=0.0095 playedP=0.165 pW=0.48 pD=0.06 pL=0.46 vAbs=0.257 pLogitMean=-7.7034 vLogitMean=0.6244 gNorm=0.366 lr=0.714 ms=2153.1 buf=500000 plies=88131505 games=1334539 rejected=0 skipped=0 epoch=0 mom=0.8548 lrCyc[pk=9.9e-01,tr=1.0e-03] trainerStep=10300
[LAYER-HEALTH] live trainerStep=10300 scope=batch_norm_state_only reluSites=2/10 ch=144 dead=0 off=0 alwaysOn=0 worst=none maxBetaOverGamma=+1.76@policy.pre_bn[103] minBetaOverGamma=-1.31@value.bn[15] rvMaxOverMedian=24.2@blocks.2.bn1[31] rezero=none nonFinite=0
[REPLAY] step=10350 loss=3.5671 pLoss=2.7790 vLoss=0.7798 pEnt=2.876 pIllM=0.0083 playedP=0.161 pW=0.48 pD=0.06 pL=0.46 vAbs=0.249 pLogitMean=-7.7732 vLogitMean=0.6193 gNorm=0.369 lr=0.746 ms=2334.3 buf=500000 plies=88558079 games=1340999 rejected=0 skipped=0 epoch=0 mom=0.8542 lrCyc[pk=9.9e-01,tr=1.0e-03] trainerStep=10350
[LAYER-HEALTH] live trainerStep=10350 scope=batch_norm_state_only reluSites=2/10 ch=144 dead=0 off=0 alwaysOn=0 worst=none maxBetaOverGamma=+1.85@policy.pre_bn[103] minBetaOverGamma=-1.39@value.bn[8] rvMaxOverMedian=24.8@blocks.2.bn1[31] rezero=none nonFinite=0
[REPLAY] step=10400 loss=3.5696 pLoss=2.7766 vLoss=0.7830 pEnt=2.830 pIllM=0.0100 playedP=0.166 pW=0.48 pD=0.07 pL=0.45 vAbs=0.249 pLogitMean=-7.8268 vLogitMean=0.6174 gNorm=0.393 lr=0.778 ms=2366.0 buf=500000 plies=88984731 games=1347464 rejected=0 skipped=0 epoch=0 mom=0.8536 lrCyc[pk=9.9e-01,tr=1.0e-03] trainerStep=10400
[LAYER-HEALTH] live trainerStep=10400 scope=batch_norm_state_only reluSites=2/10 ch=144 dead=0 off=0 alwaysOn=0 worst=none maxBetaOverGamma=+1.90@policy.pre_bn[103] minBetaOverGamma=-1.44@value.bn[8] rvMaxOverMedian=25.4@blocks.2.bn1[31] rezero=none nonFinite=0
[REPLAY] step=10450 loss=3.5013 pLoss=2.6945 vLoss=0.7961 pEnt=2.858 pIllM=0.0107 playedP=0.161 pW=0.45 pD=0.07 pL=0.48 vAbs=0.276 pLogitMean=-7.8965 vLogitMean=0.6123 gNorm=0.405 lr=0.808 ms=2547.6 buf=500000 plies=89411418 games=1353844 rejected=0 skipped=0 epoch=0 mom=0.8530 lrCyc[pk=9.9e-01,tr=1.0e-03] trainerStep=10450
[LAYER-HEALTH] live trainerStep=10450 scope=batch_norm_state_only reluSites=2/10 ch=144 dead=0 off=0 alwaysOn=0 worst=none maxBetaOverGamma=+1.98@policy.pre_bn[103] minBetaOverGamma=-1.66@value.bn[8] rvMaxOverMedian=25.6@blocks.2.bn1[31] rezero=none nonFinite=0
[REPLAY] step=10500 loss=3.5602 pLoss=2.7594 vLoss=0.7901 pEnt=2.885 pIllM=0.0107 playedP=0.154 pW=0.45 pD=0.06 pL=0.49 vAbs=0.258 pLogitMean=-7.9971 vLogitMean=0.6188 gNorm=0.425 lr=0.837 ms=2281.0 buf=500000 plies=89838044 games=1360303 rejected=0 skipped=0 epoch=0 mom=0.8525 lrCyc[pk=9.9e-01,tr=1.0e-03] trainerStep=10500
[LAYER-HEALTH] live trainerStep=10500 scope=batch_norm_state_only reluSites=2/10 ch=144 dead=0 off=0 alwaysOn=0 worst=none maxBetaOverGamma=+1.96@policy.pre_bn[103] minBetaOverGamma=-1.47@value.bn[8] rvMaxOverMedian=26.1@blocks.2.bn1[31] rezero=none nonFinite=0
[REPLAY] step=10550 loss=3.5328 pLoss=2.7484 vLoss=0.7738 pEnt=2.835 pIllM=0.0107 playedP=0.163 pW=0.48 pD=0.06 pL=0.45 vAbs=0.265 pLogitMean=-8.0699 vLogitMean=0.6063 gNorm=0.440 lr=0.864 ms=2173.4 buf=500000 plies=90264727 games=1366660 rejected=0 skipped=0 epoch=0 mom=0.8520 lrCyc[pk=9.9e-01,tr=1.0e-03] trainerStep=10550
[LAYER-HEALTH] live trainerStep=10550 scope=batch_norm_state_only reluSites=2/10 ch=144 dead=0 off=0 alwaysOn=0 worst=none maxBetaOverGamma=+2.09@policy.pre_bn[103] minBetaOverGamma=-1.31@value.bn[15] rvMaxOverMedian=26.8@blocks.2.bn1[31] rezero=none nonFinite=0
[REPLAY] step=10600 loss=3.6113 pLoss=2.8030 vLoss=0.7982 pEnt=2.840 pIllM=0.0100 playedP=0.155 pW=0.50 pD=0.07 pL=0.43 vAbs=0.263 pLogitMean=-8.1622 vLogitMean=0.6004 gNorm=0.611 lr=0.889 ms=2840.8 buf=500000 plies=90691353 games=1373120 rejected=0 skipped=0 epoch=0 mom=0.8516 lrCyc[pk=9.9e-01,tr=1.0e-03] trainerStep=10600
[LAYER-HEALTH] live trainerStep=10600 scope=batch_norm_state_only reluSites=2/10 ch=144 dead=0 off=0 alwaysOn=0 worst=none maxBetaOverGamma=+1.88@policy.pre_bn[103] minBetaOverGamma=-1.37@value.bn[8] rvMaxOverMedian=27.5@blocks.2.bn1[31] rezero=none nonFinite=0
[REPLAY] step=10650 loss=3.5108 pLoss=2.7073 vLoss=0.7942 pEnt=2.893 pIllM=0.0093 playedP=0.150 pW=0.46 pD=0.07 pL=0.48 vAbs=0.270 pLogitMean=-8.2777 vLogitMean=0.6047 gNorm=0.342 lr=0.912 ms=2535.0 buf=500000 plies=91118005 games=1379508 rejected=0 skipped=0 epoch=0 mom=0.8513 lrCyc[pk=9.9e-01,tr=1.0e-03] trainerStep=10650
[LAYER-HEALTH] live trainerStep=10650 scope=batch_norm_state_only reluSites=2/10 ch=144 dead=0 off=0 alwaysOn=0 worst=none maxBetaOverGamma=+1.95@policy.pre_bn[103] minBetaOverGamma=-1.52@value.bn[8] rvMaxOverMedian=27.9@blocks.2.bn1[31] rezero=none nonFinite=0
[REPLAY] step=10700 loss=3.6807 pLoss=2.8613 vLoss=0.8082 pEnt=2.842 pIllM=0.0112 playedP=0.158 pW=0.53 pD=0.07 pL=0.41 vAbs=0.251 pLogitMean=-8.3634 vLogitMean=0.6044 gNorm=0.447 lr=0.932 ms=2353.6 buf=500000 plies=91544641 games=1385939 rejected=0 skipped=0 epoch=0 mom=0.8509 lrCyc[pk=9.9e-01,tr=1.0e-03] trainerStep=10700
[LAYER-HEALTH] live trainerStep=10700 scope=batch_norm_state_only reluSites=2/10 ch=144 dead=0 off=0 alwaysOn=0 worst=none maxBetaOverGamma=+2.09@policy.pre_bn[103] minBetaOverGamma=-1.49@value.bn[8] rvMaxOverMedian=28.0@blocks.2.bn1[31] rezero=none nonFinite=0
[REPLAY] step=10750 loss=3.6516 pLoss=2.8415 vLoss=0.7989 pEnt=2.843 pIllM=0.0112 playedP=0.161 pW=0.51 pD=0.07 pL=0.42 vAbs=0.253 pLogitMean=-8.4645 vLogitMean=0.6104 gNorm=0.401 lr=0.95 ms=2998.6 buf=500000 plies=91971321 games=1392418 rejected=0 skipped=0 epoch=0 mom=0.8507 lrCyc[pk=9.9e-01,tr=1.0e-03] trainerStep=10750
[LAYER-HEALTH] live trainerStep=10750 scope=batch_norm_state_only reluSites=2/10 ch=144 dead=0 off=0 alwaysOn=0 worst=none maxBetaOverGamma=+1.94@policy.pre_bn[103] minBetaOverGamma=-1.52@value.bn[4] rvMaxOverMedian=28.5@blocks.2.bn1[31] rezero=none nonFinite=0
[REPLAY] step=10800 loss=3.5770 pLoss=2.7571 vLoss=0.8106 pEnt=2.840 pIllM=0.0093 playedP=0.156 pW=0.49 pD=0.07 pL=0.44 vAbs=0.278 pLogitMean=-8.5588 vLogitMean=0.6087 gNorm=0.487 lr=0.964 ms=2526.9 buf=500000 plies=92397926 games=1398905 rejected=0 skipped=0 epoch=0 mom=0.8504 lrCyc[pk=9.9e-01,tr=1.0e-03] trainerStep=10800
[LAYER-HEALTH] live trainerStep=10800 scope=batch_norm_state_only reluSites=2/10 ch=144 dead=0 off=0 alwaysOn=0 worst=none maxBetaOverGamma=+2.03@policy.pre_bn[103] minBetaOverGamma=-1.46@value.bn[15] rvMaxOverMedian=29.3@blocks.2.bn1[31] rezero=none nonFinite=0
[REPLAY] step=10850 loss=3.5933 pLoss=2.8009 vLoss=0.7819 pEnt=2.855 pIllM=0.0105 playedP=0.163 pW=0.49 pD=0.06 pL=0.45 vAbs=0.242 pLogitMean=-8.6690 vLogitMean=0.6022 gNorm=0.334 lr=0.976 ms=2554.6 buf=500000 plies=92824634 games=1405319 rejected=0 skipped=0 epoch=0 mom=0.8503 lrCyc[pk=9.9e-01,tr=1.0e-03] trainerStep=10850
[LAYER-HEALTH] live trainerStep=10850 scope=batch_norm_state_only reluSites=2/10 ch=144 dead=0 off=0 alwaysOn=0 worst=none maxBetaOverGamma=+2.15@policy.pre_bn[103] minBetaOverGamma=-1.45@value.bn[15] rvMaxOverMedian=30.8@blocks.2.bn1[31] rezero=none nonFinite=0
[REPLAY] step=10900 loss=3.5077 pLoss=2.7076 vLoss=0.7908 pEnt=2.882 pIllM=0.0094 playedP=0.154 pW=0.42 pD=0.07 pL=0.51 vAbs=0.280 pLogitMean=-8.7562 vLogitMean=0.5963 gNorm=0.453 lr=0.984 ms=2453.2 buf=500000 plies=93251291 games=1411767 rejected=0 skipped=0 epoch=0 mom=0.8501 lrCyc[pk=9.9e-01,tr=1.0e-03] trainerStep=10900
[LAYER-HEALTH] live trainerStep=10900 scope=batch_norm_state_only reluSites=2/10 ch=144 dead=0 off=0 alwaysOn=0 worst=none maxBetaOverGamma=+2.01@policy.pre_bn[103] minBetaOverGamma=-1.46@value.bn[10] rvMaxOverMedian=31.5@blocks.2.bn1[31] rezero=none nonFinite=0
[REPLAY] step=10950 loss=3.5901 pLoss=2.7863 vLoss=0.7940 pEnt=2.879 pIllM=0.0098 playedP=0.159 pW=0.47 pD=0.07 pL=0.46 vAbs=0.230 pLogitMean=-8.8303 vLogitMean=0.5994 gNorm=0.358 lr=0.989 ms=3175.6 buf=500000 plies=93677883 games=1418260 rejected=0 skipped=0 epoch=0 mom=0.8501 lrCyc[pk=9.9e-01,tr=1.0e-03] trainerStep=10950
[LAYER-HEALTH] live trainerStep=10950 scope=batch_norm_state_only reluSites=2/10 ch=144 dead=0 off=0 alwaysOn=0 worst=none maxBetaOverGamma=+2.02@policy.pre_bn[103] minBetaOverGamma=-1.42@value.bn[11] rvMaxOverMedian=31.7@blocks.2.bn1[31] rezero=none nonFinite=0
[REPLAY] step=11000 loss=3.5571 pLoss=2.7697 vLoss=0.7778 pEnt=2.832 pIllM=0.0097 playedP=0.164 pW=0.46 pD=0.06 pL=0.47 vAbs=0.247 pLogitMean=-8.9214 vLogitMean=0.6058 gNorm=0.386 lr=0.991 ms=2385.3 buf=500000 plies=94104542 games=1424661 rejected=0 skipped=0 epoch=0 mom=0.8500 lrCyc[pk=9.9e-01,tr=1.0e-03] trainerStep=11000
[LAYER-HEALTH] live trainerStep=11000 scope=batch_norm_state_only reluSites=2/10 ch=144 dead=0 off=0 alwaysOn=0 worst=none maxBetaOverGamma=+2.13@policy.pre_bn[103] minBetaOverGamma=-1.39@value.bn[11] rvMaxOverMedian=31.5@blocks.2.bn1[31] rezero=none nonFinite=0
[REPLAY] saved trainer model (autosave) step=11000 trainerStep=11000 nextGame=1424661 shard=3 epoch=0 -> 20261005-lrBsilu-cyc1-replay-latest.safetensors
[LAYER-HEALTH] checkpoint replay-autosave step=11000 trainerStep=11000 scope=all_tensors reluSites=2/10 ch=144 dead=0 off=0 alwaysOn=0 worst=none maxBetaOverGamma=+2.13@policy.pre_bn[103] minBetaOverGamma=-1.39@value.bn[11] rvMaxOverMedian=31.5@blocks.2.bn1[31] rezero=none nonFinite=0 seZeroVel=none valueFC1ZeroVel=0/128 maxAbs=13.87@blocks.2.bn1.running_var
[LAYER-HEALTH]   batch-norm sites — β/|γ|: dead < -3.00, mostly off < -2.00, always on > +3.00; classified for relu/leaky_relu only
[LAYER-HEALTH]     site            act            ch   dead    off     on  zeroγ nonfin  min β/|γ| [ch]     max β/|γ| [ch]     rv max/median [ch]
[LAYER-HEALTH]     stem.bn         -             128    n/a    n/a    n/a      0      0     -0.38 [104]        +0.21 [20]            3.6 [76]
[LAYER-HEALTH]     blocks.0.bn1    silu          128    n/a    n/a    n/a      0      0     -0.53 [5]          +0.12 [103]           2.6 [14]
[LAYER-HEALTH]     blocks.0.bn2    silu          128    n/a    n/a    n/a      0      0     -0.95 [53]         +0.55 [48]            6.9 [79]
[LAYER-HEALTH]     blocks.1.bn1    silu          128    n/a    n/a    n/a      0      0     -1.08 [17]         +0.03 [31]           30.1 [31]
[LAYER-HEALTH]     blocks.1.bn2    silu          128    n/a    n/a    n/a      0      0     -1.12 [120]        -0.09 [101]           7.5 [70]
[LAYER-HEALTH]     blocks.2.bn1    silu          128    n/a    n/a    n/a      0      0     -1.75 [17]         +0.80 [31]           31.5 [31]
[LAYER-HEALTH]     blocks.2.bn2    silu          128    n/a    n/a    n/a      0      0     -1.50 [78]         -0.03 [16]            3.5 [26]
[LAYER-HEALTH]     tower_final_bn  silu          128    n/a    n/a    n/a      0      0     -0.41 [90]         +0.64 [6]             4.7 [31]
[LAYER-HEALTH]     policy.pre_bn   leaky_relu    128      0      0      0      0      0     -0.88 [26]         +2.13 [103]           2.4 [53]
[LAYER-HEALTH]     value.bn        leaky_relu     16      0      0      0      0      0     -1.39 [11]         -0.89 [13]            1.8 [11]
[LAYER-HEALTH]   FC hidden-unit velocity — zero: every weight-velocity entry exactly 0; low: nonzero but < 5% of the layer's p90 unit norm
[LAYER-HEALTH]     value.fc1.weight  leaky_relu  units 128  zero 0  low 3  median unit norm 0.006758
[LAYER-HEALTH]     (no SE blocks)
[LAYER-HEALTH]   ReZero: none
[LAYER-HEALTH]   non-finite: 0 values in 0 of 102 tensors (10263038 values examined)
[LAYER-HEALTH]   largest |value|: blocks.2.bn1.running_var 13.87, blocks.0.bn2.running_var 13.16, blocks.1.bn1.running_var 12.88, blocks.1.bn2.running_var 12.67, blocks.2.bn2.running_var 7.814
[REPLAY] enumerated checkpoint -> 20261005-lrBsilu-cyc1-replay-step11000.safetensors
[REPLAY] step=11050 loss=3.5625 pLoss=2.7721 vLoss=0.7813 pEnt=2.815 pIllM=0.0091 playedP=0.168 pW=0.47 pD=0.07 pL=0.46 vAbs=0.249 pLogitMean=-8.9841 vLogitMean=0.6037 gNorm=0.399 lr=0.989 ms=3267.8 buf=500000 plies=94531216 games=1431101 rejected=0 skipped=0 epoch=0 mom=0.8501 lrCyc[pk=9.9e-01,tr=1.0e-03] trainerStep=11050
[LAYER-HEALTH] live trainerStep=11050 scope=batch_norm_state_only reluSites=2/10 ch=144 dead=0 off=0 alwaysOn=0 worst=none maxBetaOverGamma=+2.12@policy.pre_bn[103] minBetaOverGamma=-1.41@value.bn[14] rvMaxOverMedian=31.7@blocks.1.bn1[31] rezero=none nonFinite=0
[REPLAY] step=11100 loss=3.5610 pLoss=2.7564 vLoss=0.7942 pEnt=2.857 pIllM=0.0104 playedP=0.162 pW=0.47 pD=0.07 pL=0.46 vAbs=0.244 pLogitMean=-9.0226 vLogitMean=0.6003 gNorm=0.374 lr=0.984 ms=2522.4 buf=500000 plies=94957918 games=1437522 rejected=0 skipped=0 epoch=0 mom=0.8501 lrCyc[pk=9.9e-01,tr=1.0e-03] trainerStep=11100
[LAYER-HEALTH] live trainerStep=11100 scope=batch_norm_state_only reluSites=2/10 ch=144 dead=0 off=0 alwaysOn=0 worst=none maxBetaOverGamma=+2.06@policy.pre_bn[103] minBetaOverGamma=-1.34@value.bn[14] rvMaxOverMedian=33.2@blocks.1.bn1[31] rezero=none nonFinite=0
[REPLAY] step=11150 loss=3.5928 pLoss=2.8027 vLoss=0.7816 pEnt=2.893 pIllM=0.0085 playedP=0.151 pW=0.47 pD=0.07 pL=0.46 vAbs=0.249 pLogitMean=-9.1164 vLogitMean=0.5940 gNorm=0.419 lr=0.976 ms=2468.0 buf=500000 plies=95384474 games=1443913 rejected=0 skipped=0 epoch=0 mom=0.8503 lrCyc[pk=9.9e-01,tr=1.0e-03] trainerStep=11150
[LAYER-HEALTH] live trainerStep=11150 scope=batch_norm_state_only reluSites=2/10 ch=144 dead=0 off=0 alwaysOn=0 worst=none maxBetaOverGamma=+2.00@policy.pre_bn[103] minBetaOverGamma=-1.45@value.bn[14] rvMaxOverMedian=34.7@blocks.1.bn1[31] rezero=none nonFinite=0
[REPLAY] step=11200 loss=3.5531 pLoss=2.7410 vLoss=0.8033 pEnt=2.922 pIllM=0.0087 playedP=0.145 pW=0.44 pD=0.07 pL=0.50 vAbs=0.272 pLogitMean=-9.1553 vLogitMean=0.5850 gNorm=0.453 lr=0.964 ms=2517.1 buf=500000 plies=95811119 games=1450341 rejected=0 skipped=0 epoch=0 mom=0.8504 lrCyc[pk=9.9e-01,tr=1.0e-03] trainerStep=11200
[LAYER-HEALTH] live trainerStep=11200 scope=batch_norm_state_only reluSites=2/10 ch=144 dead=0 off=0 alwaysOn=0 worst=none maxBetaOverGamma=+2.08@policy.pre_bn[103] minBetaOverGamma=-1.51@value.bn[14] rvMaxOverMedian=35.8@blocks.1.bn1[31] rezero=none nonFinite=0
[REPLAY] step=11250 loss=3.5625 pLoss=2.7858 vLoss=0.7675 pEnt=2.861 pIllM=0.0093 playedP=0.155 pW=0.46 pD=0.06 pL=0.47 vAbs=0.253 pLogitMean=-9.2240 vLogitMean=0.5916 gNorm=0.449 lr=0.949 ms=3166.2 buf=500000 plies=96237838 games=1456769 rejected=0 skipped=0 epoch=0 mom=0.8507 lrCyc[pk=9.9e-01,tr=1.0e-03] trainerStep=11250
[LAYER-HEALTH] live trainerStep=11250 scope=batch_norm_state_only reluSites=2/10 ch=144 dead=0 off=0 alwaysOn=0 worst=none maxBetaOverGamma=+2.20@policy.pre_bn[103] minBetaOverGamma=-1.45@value.bn[9] rvMaxOverMedian=36.9@blocks.1.bn1[31] rezero=none nonFinite=0
[REPLAY] step=11300 loss=3.5283 pLoss=2.7440 vLoss=0.7751 pEnt=2.897 pIllM=0.0092 playedP=0.158 pW=0.47 pD=0.06 pL=0.48 vAbs=0.250 pLogitMean=-9.2977 vLogitMean=0.5994 gNorm=0.325 lr=0.932 ms=2578.1 buf=500000 plies=96664470 games=1463271 rejected=0 skipped=0 epoch=0 mom=0.8509 lrCyc[pk=9.9e-01,tr=1.0e-03] trainerStep=11300
[LAYER-HEALTH] live trainerStep=11300 scope=batch_norm_state_only reluSites=2/10 ch=144 dead=0 off=0 alwaysOn=0 worst=none maxBetaOverGamma=+2.16@policy.pre_bn[103] minBetaOverGamma=-1.55@value.bn[9] rvMaxOverMedian=37.4@blocks.1.bn1[31] rezero=none nonFinite=0
[REPLAY] step=11350 loss=3.5383 pLoss=2.7495 vLoss=0.7800 pEnt=2.848 pIllM=0.0088 playedP=0.167 pW=0.50 pD=0.06 pL=0.44 vAbs=0.262 pLogitMean=-9.3532 vLogitMean=0.5816 gNorm=0.374 lr=0.912 ms=2192.7 buf=500000 plies=97091112 games=1469698 rejected=0 skipped=0 epoch=0 mom=0.8513 lrCyc[pk=9.9e-01,tr=1.0e-03] trainerStep=11350
[LAYER-HEALTH] live trainerStep=11350 scope=batch_norm_state_only reluSites=2/10 ch=144 dead=0 off=0 alwaysOn=0 worst=none maxBetaOverGamma=+2.13@policy.pre_bn[103] minBetaOverGamma=-1.61@value.bn[9] rvMaxOverMedian=38.2@blocks.1.bn1[31] rezero=none nonFinite=0
[REPLAY] step=11400 loss=3.5441 pLoss=2.7603 vLoss=0.7752 pEnt=2.899 pIllM=0.0086 playedP=0.155 pW=0.48 pD=0.06 pL=0.46 vAbs=0.258 pLogitMean=-9.4081 vLogitMean=0.5871 gNorm=0.319 lr=0.889 ms=2740.5 buf=500000 plies=97517788 games=1476118 rejected=0 skipped=0 epoch=0 mom=0.8516 lrCyc[pk=9.9e-01,tr=1.0e-03] trainerStep=11400
[LAYER-HEALTH] live trainerStep=11400 scope=batch_norm_state_only reluSites=2/10 ch=144 dead=0 off=0 alwaysOn=0 worst=none maxBetaOverGamma=+2.17@policy.pre_bn[103] minBetaOverGamma=-1.67@value.bn[9] rvMaxOverMedian=38.9@blocks.1.bn1[31] rezero=none nonFinite=0
[REPLAY] step=11450 loss=3.5883 pLoss=2.7799 vLoss=0.7998 pEnt=2.850 pIllM=0.0087 playedP=0.163 pW=0.49 pD=0.07 pL=0.43 vAbs=0.264 pLogitMean=-9.4600 vLogitMean=0.5928 gNorm=0.350 lr=0.864 ms=3348.7 buf=500000 plies=97944394 games=1482558 rejected=0 skipped=0 epoch=0 mom=0.8520 lrCyc[pk=9.9e-01,tr=1.0e-03] trainerStep=11450
[LAYER-HEALTH] live trainerStep=11450 scope=batch_norm_state_only reluSites=2/10 ch=144 dead=0 off=0 alwaysOn=0 worst=none maxBetaOverGamma=+2.08@policy.pre_bn[103] minBetaOverGamma=-1.63@value.bn[10] rvMaxOverMedian=39.6@blocks.1.bn1[31] rezero=none nonFinite=0
[REPLAY] step=11500 loss=3.5224 pLoss=2.7196 vLoss=0.7946 pEnt=2.848 pIllM=0.0081 playedP=0.166 pW=0.47 pD=0.07 pL=0.47 vAbs=0.252 pLogitMean=-9.4876 vLogitMean=0.5888 gNorm=0.308 lr=0.836 ms=3387.1 buf=500000 plies=98371019 games=1488938 rejected=0 skipped=0 epoch=0 mom=0.8525 lrCyc[pk=9.9e-01,tr=1.0e-03] trainerStep=11500
[LAYER-HEALTH] live trainerStep=11500 scope=batch_norm_state_only reluSites=2/10 ch=144 dead=0 off=0 alwaysOn=0 worst=none maxBetaOverGamma=+2.04@policy.pre_bn[103] minBetaOverGamma=-1.70@value.bn[10] rvMaxOverMedian=40.8@blocks.1.bn1[31] rezero=none nonFinite=0
[REPLAY] step=11550 loss=3.5160 pLoss=2.7272 vLoss=0.7805 pEnt=2.840 pIllM=0.0083 playedP=0.167 pW=0.45 pD=0.07 pL=0.47 vAbs=0.261 pLogitMean=-9.5377 vLogitMean=0.5912 gNorm=0.315 lr=0.808 ms=3620.4 buf=500000 plies=98797696 games=1495356 rejected=0 skipped=0 epoch=0 mom=0.8530 lrCyc[pk=9.9e-01,tr=1.0e-03] trainerStep=11550
[LAYER-HEALTH] live trainerStep=11550 scope=batch_norm_state_only reluSites=2/10 ch=144 dead=0 off=0 alwaysOn=0 worst=none maxBetaOverGamma=+2.11@policy.pre_bn[103] minBetaOverGamma=-1.64@value.bn[9] rvMaxOverMedian=42.0@blocks.1.bn1[31] rezero=none nonFinite=0
[REPLAY] step=11600 loss=3.5205 pLoss=2.7220 vLoss=0.7910 pEnt=2.879 pIllM=0.0075 playedP=0.162 pW=0.45 pD=0.08 pL=0.47 vAbs=0.249 pLogitMean=-9.5919 vLogitMean=0.5875 gNorm=0.313 lr=0.777 ms=2798.5 buf=500000 plies=99224335 games=1501845 rejected=0 skipped=0 epoch=0 mom=0.8536 lrCyc[pk=9.9e-01,tr=1.0e-03] trainerStep=11600
[LAYER-HEALTH] live trainerStep=11600 scope=batch_norm_state_only reluSites=2/10 ch=144 dead=0 off=0 alwaysOn=0 worst=none maxBetaOverGamma=+2.08@policy.pre_bn[103] minBetaOverGamma=-1.63@value.bn[4] rvMaxOverMedian=43.3@blocks.1.bn1[31] rezero=none nonFinite=0
[REPLAY] step=11650 loss=3.5510 pLoss=2.7456 vLoss=0.7990 pEnt=2.899 pIllM=0.0064 playedP=0.157 pW=0.46 pD=0.06 pL=0.47 vAbs=0.253 pLogitMean=-9.6202 vLogitMean=0.5902 gNorm=0.307 lr=0.746 ms=2925.0 buf=500000 plies=99650976 games=1508224 rejected=0 skipped=0 epoch=0 mom=0.8542 lrCyc[pk=9.9e-01,tr=1.0e-03] trainerStep=11650
[LAYER-HEALTH] live trainerStep=11650 scope=batch_norm_state_only reluSites=2/10 ch=144 dead=0 off=0 alwaysOn=0 worst=none maxBetaOverGamma=+2.15@policy.pre_bn[103] minBetaOverGamma=-1.60@value.bn[4] rvMaxOverMedian=44.3@blocks.1.bn1[31] rezero=none nonFinite=0
[REPLAY] step=11700 loss=3.5106 pLoss=2.7206 vLoss=0.7839 pEnt=2.871 pIllM=0.0062 playedP=0.162 pW=0.48 pD=0.06 pL=0.46 vAbs=0.280 pLogitMean=-9.6354 vLogitMean=0.5988 gNorm=0.308 lr=0.713 ms=3478.5 buf=500000 plies=100077631 games=1514614 rejected=0 skipped=0 epoch=0 mom=0.8548 lrCyc[pk=9.9e-01,tr=1.0e-03] trainerStep=11700
[LAYER-HEALTH] live trainerStep=11700 scope=batch_norm_state_only reluSites=2/10 ch=144 dead=0 off=0 alwaysOn=0 worst=none maxBetaOverGamma=+2.13@policy.pre_bn[103] minBetaOverGamma=-1.69@value.bn[3] rvMaxOverMedian=45.4@blocks.1.bn1[31] rezero=none nonFinite=0
[REPLAY] step=11750 loss=3.5184 pLoss=2.7101 vLoss=0.8021 pEnt=2.888 pIllM=0.0062 playedP=0.159 pW=0.47 pD=0.07 pL=0.47 vAbs=0.263 pLogitMean=-9.6687 vLogitMean=0.6013 gNorm=0.315 lr=0.68 ms=3027.4 buf=500000 plies=100504295 games=1521054 rejected=0 skipped=0 epoch=0 mom=0.8555 lrCyc[pk=9.9e-01,tr=1.0e-03] trainerStep=11750
[LAYER-HEALTH] live trainerStep=11750 scope=batch_norm_state_only reluSites=2/10 ch=144 dead=0 off=0 alwaysOn=0 worst=none maxBetaOverGamma=+2.08@policy.pre_bn[103] minBetaOverGamma=-1.63@value.bn[3] rvMaxOverMedian=46.9@blocks.1.bn1[31] rezero=none nonFinite=0
[REPLAY] step=11800 loss=3.5749 pLoss=2.7782 vLoss=0.7903 pEnt=2.845 pIllM=0.0064 playedP=0.169 pW=0.46 pD=0.07 pL=0.47 vAbs=0.236 pLogitMean=-9.6937 vLogitMean=0.5940 gNorm=0.337 lr=0.646 ms=3356.9 buf=500000 plies=100930926 games=1527536 rejected=0 skipped=0 epoch=0 mom=0.8562 lrCyc[pk=9.9e-01,tr=1.0e-03] trainerStep=11800
[LAYER-HEALTH] live trainerStep=11800 scope=batch_norm_state_only reluSites=2/10 ch=144 dead=0 off=0 alwaysOn=0 worst=none maxBetaOverGamma=+2.11@policy.pre_bn[103] minBetaOverGamma=-1.54@value.bn[3] rvMaxOverMedian=47.8@blocks.1.bn1[31] rezero=none nonFinite=0
[REPLAY] step=11850 loss=3.4933 pLoss=2.7166 vLoss=0.7701 pEnt=2.860 pIllM=0.0066 playedP=0.162 pW=0.47 pD=0.06 pL=0.47 vAbs=0.269 pLogitMean=-9.7064 vLogitMean=0.5973 gNorm=0.411 lr=0.612 ms=2513.6 buf=500000 plies=101357584 games=1533963 rejected=0 skipped=0 epoch=0 mom=0.8570 lrCyc[pk=9.9e-01,tr=1.0e-03] trainerStep=11850
[LAYER-HEALTH] live trainerStep=11850 scope=batch_norm_state_only reluSites=2/10 ch=144 dead=0 off=0 alwaysOn=0 worst=none maxBetaOverGamma=+2.08@policy.pre_bn[103] minBetaOverGamma=-1.48@value.bn[14] rvMaxOverMedian=49.4@blocks.1.bn1[31] rezero=none nonFinite=0
[REPLAY] step=11900 loss=3.5668 pLoss=2.7573 vLoss=0.8038 pEnt=2.856 pIllM=0.0057 playedP=0.167 pW=0.48 pD=0.07 pL=0.45 vAbs=0.243 pLogitMean=-9.6938 vLogitMean=0.5919 gNorm=0.308 lr=0.578 ms=3164.0 buf=500000 plies=101784238 games=1540330 rejected=0 skipped=0 epoch=0 mom=0.8578 lrCyc[pk=9.9e-01,tr=9.9e-04] trainerStep=11900
[LAYER-HEALTH] live trainerStep=11900 scope=batch_norm_state_only reluSites=2/10 ch=144 dead=0 off=0 alwaysOn=0 worst=none maxBetaOverGamma=+2.05@policy.pre_bn[103] minBetaOverGamma=-1.57@value.bn[8] rvMaxOverMedian=48.8@blocks.1.bn1[31] rezero=none nonFinite=0
[REPLAY] step=11950 loss=3.5458 pLoss=2.7250 vLoss=0.8148 pEnt=2.872 pIllM=0.0059 playedP=0.164 pW=0.46 pD=0.07 pL=0.47 vAbs=0.245 pLogitMean=-9.6953 vLogitMean=0.5884 gNorm=0.321 lr=0.545 ms=2630.8 buf=500000 plies=102210907 games=1546778 rejected=0 skipped=0 epoch=0 mom=0.8587 lrCyc[pk=9.9e-01,tr=9.9e-04] trainerStep=11950
[LAYER-HEALTH] live trainerStep=11950 scope=batch_norm_state_only reluSites=2/10 ch=144 dead=0 off=0 alwaysOn=0 worst=none maxBetaOverGamma=+2.09@policy.pre_bn[103] minBetaOverGamma=-1.74@value.bn[8] rvMaxOverMedian=49.0@blocks.1.bn1[31] rezero=none nonFinite=0
[REPLAY] step=12000 loss=3.5032 pLoss=2.7045 vLoss=0.7929 pEnt=2.852 pIllM=0.0058 playedP=0.169 pW=0.46 pD=0.06 pL=0.48 vAbs=0.264 pLogitMean=-9.6946 vLogitMean=0.5863 gNorm=0.319 lr=0.512 ms=2592.3 buf=500000 plies=102637558 games=1553208 rejected=0 skipped=0 epoch=0 mom=0.8596 lrCyc[pk=9.9e-01,tr=9.9e-04] trainerStep=12000
[LAYER-HEALTH] live trainerStep=12000 scope=batch_norm_state_only reluSites=2/10 ch=144 dead=0 off=0 alwaysOn=0 worst=none maxBetaOverGamma=+2.10@policy.pre_bn[103] minBetaOverGamma=-1.82@value.bn[2] rvMaxOverMedian=50.1@blocks.1.bn1[31] rezero=none nonFinite=0
[REPLAY] saved trainer model (autosave) step=12000 trainerStep=12000 nextGame=1553208 shard=3 epoch=0 -> 20261005-lrBsilu-cyc1-replay-latest.safetensors
[LAYER-HEALTH] checkpoint replay-autosave step=12000 trainerStep=12000 scope=all_tensors reluSites=2/10 ch=144 dead=0 off=0 alwaysOn=0 worst=none maxBetaOverGamma=+2.10@policy.pre_bn[103] minBetaOverGamma=-1.82@value.bn[2] rvMaxOverMedian=50.1@blocks.1.bn1[31] rezero=none nonFinite=0 seZeroVel=none valueFC1ZeroVel=0/128 maxAbs=18.72@blocks.1.bn1.running_var
[LAYER-HEALTH]   batch-norm sites — β/|γ|: dead < -3.00, mostly off < -2.00, always on > +3.00; classified for relu/leaky_relu only
[LAYER-HEALTH]     site            act            ch   dead    off     on  zeroγ nonfin  min β/|γ| [ch]     max β/|γ| [ch]     rv max/median [ch]
[LAYER-HEALTH]     stem.bn         -             128    n/a    n/a    n/a      0      0     -0.46 [104]        +0.25 [20]            5.0 [79]
[LAYER-HEALTH]     blocks.0.bn1    silu          128    n/a    n/a    n/a      0      0     -0.59 [5]          +0.13 [103]           3.0 [14]
[LAYER-HEALTH]     blocks.0.bn2    silu          128    n/a    n/a    n/a      0      0     -1.02 [53]         +0.90 [48]            5.7 [79]
[LAYER-HEALTH]     blocks.1.bn1    silu          128    n/a    n/a    n/a      0      0     -1.17 [17]         +0.03 [31]           50.1 [31]
[LAYER-HEALTH]     blocks.1.bn2    silu          128    n/a    n/a    n/a      0      0     -1.22 [20]         -0.11 [101]           8.5 [70]
[LAYER-HEALTH]     blocks.2.bn1    silu          128    n/a    n/a    n/a      0      0     -1.88 [17]         +1.18 [31]           43.9 [31]
[LAYER-HEALTH]     blocks.2.bn2    silu          128    n/a    n/a    n/a      0      0     -1.55 [78]         -0.03 [16]            3.6 [26]
[LAYER-HEALTH]     tower_final_bn  silu          128    n/a    n/a    n/a      0      0     -0.43 [90]         +0.74 [6]             5.8 [31]
[LAYER-HEALTH]     policy.pre_bn   leaky_relu    128      0      0      0      0      0     -0.82 [26]         +2.10 [103]           2.8 [53]
[LAYER-HEALTH]     value.bn        leaky_relu     16      0      0      0      0      0     -1.82 [2]          -0.93 [0]             2.0 [11]
[LAYER-HEALTH]   FC hidden-unit velocity — zero: every weight-velocity entry exactly 0; low: nonzero but < 5% of the layer's p90 unit norm
[LAYER-HEALTH]     value.fc1.weight  leaky_relu  units 128  zero 0  low 5  median unit norm 0.005064
[LAYER-HEALTH]     (no SE blocks)
[LAYER-HEALTH]   ReZero: none
[LAYER-HEALTH]   non-finite: 0 values in 0 of 102 tensors (10263038 values examined)
[LAYER-HEALTH]   largest |value|: blocks.1.bn1.running_var 18.72, blocks.2.bn1.running_var 18.22, blocks.1.bn2.running_var 14.66, blocks.0.bn2.running_var 12.38, blocks.2.bn2.running_var 7.71
[REPLAY] enumerated checkpoint -> 20261005-lrBsilu-cyc1-replay-step12000.safetensors
[REPLAY] step=12050 loss=3.5458 pLoss=2.7512 vLoss=0.7889 pEnt=2.848 pIllM=0.0058 playedP=0.171 pW=0.47 pD=0.06 pL=0.47 vAbs=0.245 pLogitMean=-9.7285 vLogitMean=0.5849 gNorm=0.306 lr=0.48 ms=3143.4 buf=500000 plies=103064218 games=1559704 rejected=0 skipped=0 epoch=0 mom=0.8605 lrCyc[pk=9.9e-01,tr=9.9e-04] trainerStep=12050
[LAYER-HEALTH] live trainerStep=12050 scope=batch_norm_state_only reluSites=2/10 ch=144 dead=0 off=0 alwaysOn=0 worst=none maxBetaOverGamma=+2.10@policy.pre_bn[103] minBetaOverGamma=-1.71@value.bn[2] rvMaxOverMedian=50.8@blocks.1.bn1[31] rezero=none nonFinite=0
[REPLAY] step=12100 loss=3.5340 pLoss=2.7207 vLoss=0.8081 pEnt=2.866 pIllM=0.0052 playedP=0.165 pW=0.47 pD=0.08 pL=0.45 vAbs=0.239 pLogitMean=-9.7305 vLogitMean=0.5888 gNorm=0.302 lr=0.448 ms=2813.0 buf=500000 plies=103490857 games=1566072 rejected=0 skipped=0 epoch=0 mom=0.8615 lrCyc[pk=9.9e-01,tr=9.9e-04] trainerStep=12100
[LAYER-HEALTH] live trainerStep=12100 scope=batch_norm_state_only reluSites=2/10 ch=144 dead=0 off=0 alwaysOn=0 worst=none maxBetaOverGamma=+2.10@policy.pre_bn[103] minBetaOverGamma=-1.76@value.bn[8] rvMaxOverMedian=50.3@blocks.1.bn1[31] rezero=none nonFinite=0
[REPLAY] step=12150 loss=3.5605 pLoss=2.7697 vLoss=0.7858 pEnt=2.859 pIllM=0.0049 playedP=0.168 pW=0.48 pD=0.06 pL=0.47 vAbs=0.252 pLogitMean=-9.7374 vLogitMean=0.5964 gNorm=0.277 lr=0.418 ms=3388.2 buf=500000 plies=103917479 games=1572556 rejected=0 skipped=0 epoch=0 mom=0.8625 lrCyc[pk=9.9e-01,tr=9.9e-04] trainerStep=12150
[LAYER-HEALTH] live trainerStep=12150 scope=batch_norm_state_only reluSites=2/10 ch=144 dead=0 off=0 alwaysOn=0 worst=none maxBetaOverGamma=+2.08@policy.pre_bn[103] minBetaOverGamma=-1.75@value.bn[8] rvMaxOverMedian=50.8@blocks.1.bn1[31] rezero=none nonFinite=0
[REPLAY] step=12200 loss=3.5244 pLoss=2.7324 vLoss=0.7877 pEnt=2.883 pIllM=0.0043 playedP=0.160 pW=0.46 pD=0.06 pL=0.48 vAbs=0.239 pLogitMean=-9.7572 vLogitMean=0.5859 gNorm=0.350 lr=0.388 ms=3429.9 buf=500000 plies=104344153 games=1579018 rejected=0 skipped=0 epoch=0 mom=0.8636 lrCyc[pk=9.9e-01,tr=9.9e-04] trainerStep=12200
[LAYER-HEALTH] live trainerStep=12200 scope=batch_norm_state_only reluSites=2/10 ch=144 dead=0 off=0 alwaysOn=0 worst=none maxBetaOverGamma=+2.21@policy.pre_bn[103] minBetaOverGamma=-1.68@value.bn[8] rvMaxOverMedian=51.4@blocks.1.bn1[31] rezero=none nonFinite=0
[REPLAY] step=12250 loss=3.5301 pLoss=2.7399 vLoss=0.7853 pEnt=2.847 pIllM=0.0050 playedP=0.174 pW=0.49 pD=0.06 pL=0.46 vAbs=0.251 pLogitMean=-9.7585 vLogitMean=0.5897 gNorm=0.271 lr=0.36 ms=3203.5 buf=500000 plies=104770780 games=1585527 rejected=0 skipped=0 epoch=0 mom=0.8647 lrCyc[pk=9.9e-01,tr=9.9e-04] trainerStep=12250
[LAYER-HEALTH] live trainerStep=12250 scope=batch_norm_state_only reluSites=2/10 ch=144 dead=0 off=0 alwaysOn=0 worst=none maxBetaOverGamma=+2.11@policy.pre_bn[103] minBetaOverGamma=-1.60@value.bn[4] rvMaxOverMedian=52.4@blocks.1.bn1[31] rezero=none nonFinite=0
[REPLAY] step=12300 loss=3.5603 pLoss=2.7579 vLoss=0.7975 pEnt=2.868 pIllM=0.0049 playedP=0.165 pW=0.47 pD=0.06 pL=0.47 vAbs=0.243 pLogitMean=-9.7691 vLogitMean=0.5901 gNorm=0.277 lr=0.333 ms=3433.7 buf=500000 plies=105197479 games=1592014 rejected=0 skipped=0 epoch=0 mom=0.8658 lrCyc[pk=9.9e-01,tr=9.9e-04] trainerStep=12300
[LAYER-HEALTH] live trainerStep=12300 scope=batch_norm_state_only reluSites=2/10 ch=144 dead=0 off=0 alwaysOn=0 worst=none maxBetaOverGamma=+2.09@policy.pre_bn[103] minBetaOverGamma=-1.65@value.bn[4] rvMaxOverMedian=53.1@blocks.1.bn1[31] rezero=none nonFinite=0
[REPLAY] step=12350 loss=3.5037 pLoss=2.7067 vLoss=0.7924 pEnt=2.875 pIllM=0.0046 playedP=0.167 pW=0.47 pD=0.06 pL=0.47 vAbs=0.243 pLogitMean=-9.7659 vLogitMean=0.5843 gNorm=0.297 lr=0.307 ms=2591.2 buf=500000 plies=105624114 games=1598470 rejected=0 skipped=0 epoch=0 mom=0.8670 lrCyc[pk=9.9e-01,tr=9.9e-04] trainerStep=12350
[LAYER-HEALTH] live trainerStep=12350 scope=batch_norm_state_only reluSites=2/10 ch=144 dead=0 off=0 alwaysOn=0 worst=none maxBetaOverGamma=+2.14@policy.pre_bn[103] minBetaOverGamma=-1.70@value.bn[4] rvMaxOverMedian=54.5@blocks.1.bn1[31] rezero=none nonFinite=0
[REPLAY] step=12400 loss=3.5051 pLoss=2.7075 vLoss=0.7936 pEnt=2.873 pIllM=0.0040 playedP=0.170 pW=0.46 pD=0.06 pL=0.48 vAbs=0.232 pLogitMean=-9.7759 vLogitMean=0.5849 gNorm=0.262 lr=0.283 ms=3279.5 buf=500000 plies=106050736 games=1605005 rejected=0 skipped=0 epoch=0 mom=0.8682 lrCyc[pk=9.9e-01,tr=9.9e-04] trainerStep=12400
[LAYER-HEALTH] live trainerStep=12400 scope=batch_norm_state_only reluSites=2/10 ch=144 dead=0 off=0 alwaysOn=0 worst=none maxBetaOverGamma=+2.13@policy.pre_bn[103] minBetaOverGamma=-1.73@value.bn[4] rvMaxOverMedian=54.3@blocks.1.bn1[31] rezero=none nonFinite=0
[REPLAY] step=12450 loss=3.5138 pLoss=2.7276 vLoss=0.7822 pEnt=2.841 pIllM=0.0040 playedP=0.176 pW=0.48 pD=0.07 pL=0.46 vAbs=0.237 pLogitMean=-9.7791 vLogitMean=0.5924 gNorm=0.255 lr=0.26 ms=3552.7 buf=500000 plies=106477396 games=1611495 rejected=0 skipped=0 epoch=0 mom=0.8694 lrCyc[pk=9.9e-01,tr=9.9e-04] trainerStep=12450
[LAYER-HEALTH] live trainerStep=12450 scope=batch_norm_state_only reluSites=2/10 ch=144 dead=0 off=0 alwaysOn=0 worst=none maxBetaOverGamma=+2.13@policy.pre_bn[103] minBetaOverGamma=-1.83@value.bn[4] rvMaxOverMedian=53.5@blocks.1.bn1[31] rezero=none nonFinite=0
[REPLAY] step=12500 loss=3.5081 pLoss=2.7137 vLoss=0.7904 pEnt=2.854 pIllM=0.0040 playedP=0.175 pW=0.48 pD=0.06 pL=0.46 vAbs=0.255 pLogitMean=-9.7831 vLogitMean=0.6024 gNorm=0.266 lr=0.239 ms=3354.5 buf=500000 plies=106904029 games=1617942 rejected=0 skipped=0 epoch=0 mom=0.8707 lrCyc[pk=9.9e-01,tr=9.9e-04] trainerStep=12500
[LAYER-HEALTH] live trainerStep=12500 scope=batch_norm_state_only reluSites=2/10 ch=144 dead=0 off=0 alwaysOn=0 worst=none maxBetaOverGamma=+2.11@policy.pre_bn[103] minBetaOverGamma=-1.86@value.bn[4] rvMaxOverMedian=54.4@blocks.1.bn1[31] rezero=none nonFinite=0
[REPLAY] step=12550 loss=3.5500 pLoss=2.7353 vLoss=0.8110 pEnt=2.864 pIllM=0.0037 playedP=0.170 pW=0.48 pD=0.07 pL=0.45 vAbs=0.234 pLogitMean=-9.7755 vLogitMean=0.5980 gNorm=0.264 lr=0.218 ms=2822.8 buf=500000 plies=107330712 games=1624390 rejected=0 skipped=0 epoch=0 mom=0.8719 lrCyc[pk=9.9e-01,tr=9.9e-04] trainerStep=12550
[LAYER-HEALTH] live trainerStep=12550 scope=batch_norm_state_only reluSites=2/10 ch=144 dead=0 off=0 alwaysOn=0 worst=none maxBetaOverGamma=+2.10@policy.pre_bn[103] minBetaOverGamma=-1.90@value.bn[4] rvMaxOverMedian=54.2@blocks.1.bn1[31] rezero=none nonFinite=0
[REPLAY] step=12600 loss=3.5421 pLoss=2.7291 vLoss=0.8091 pEnt=2.900 pIllM=0.0039 playedP=0.164 pW=0.47 pD=0.06 pL=0.47 vAbs=0.235 pLogitMean=-9.7749 vLogitMean=0.5946 gNorm=0.274 lr=0.199 ms=2654.3 buf=500000 plies=107757331 games=1630843 rejected=0 skipped=0 epoch=0 mom=0.8733 lrCyc[pk=9.9e-01,tr=9.9e-04] trainerStep=12600
[LAYER-HEALTH] live trainerStep=12600 scope=batch_norm_state_only reluSites=2/10 ch=144 dead=0 off=0 alwaysOn=0 worst=none maxBetaOverGamma=+2.08@policy.pre_bn[103] minBetaOverGamma=-1.89@value.bn[4] rvMaxOverMedian=54.3@blocks.1.bn1[31] rezero=none nonFinite=0
[REPLAY] step=12650 loss=3.4718 pLoss=2.6739 vLoss=0.7943 pEnt=2.850 pIllM=0.0037 playedP=0.173 pW=0.45 pD=0.07 pL=0.48 vAbs=0.254 pLogitMean=-9.7703 vLogitMean=0.5907 gNorm=0.292 lr=0.182 ms=2840.5 buf=500000 plies=108184014 games=1637243 rejected=0 skipped=0 epoch=0 mom=0.8746 lrCyc[pk=9.9e-01,tr=9.9e-04] trainerStep=12650
[LAYER-HEALTH] live trainerStep=12650 scope=batch_norm_state_only reluSites=2/10 ch=144 dead=0 off=0 alwaysOn=0 worst=none maxBetaOverGamma=+2.07@policy.pre_bn[103] minBetaOverGamma=-1.89@value.bn[4] rvMaxOverMedian=54.7@blocks.1.bn1[31] rezero=none nonFinite=0
[REPLAY] step=12700 loss=3.5705 pLoss=2.7389 vLoss=0.8283 pEnt=2.849 pIllM=0.0034 playedP=0.172 pW=0.46 pD=0.07 pL=0.46 vAbs=0.227 pLogitMean=-9.7645 vLogitMean=0.5933 gNorm=0.281 lr=0.165 ms=2606.4 buf=500000 plies=108610648 games=1643670 rejected=0 skipped=0 epoch=0 mom=0.8760 lrCyc[pk=9.9e-01,tr=9.9e-04] trainerStep=12700
[LAYER-HEALTH] live trainerStep=12700 scope=batch_norm_state_only reluSites=2/10 ch=144 dead=0 off=0 alwaysOn=0 worst=none maxBetaOverGamma=+2.06@policy.pre_bn[103] minBetaOverGamma=-1.89@value.bn[4] rvMaxOverMedian=55.6@blocks.1.bn1[31] rezero=none nonFinite=0
[REPLAY] step=12750 loss=3.5864 pLoss=2.7727 vLoss=0.8103 pEnt=2.863 pIllM=0.0034 playedP=0.172 pW=0.46 pD=0.07 pL=0.47 vAbs=0.224 pLogitMean=-9.7664 vLogitMean=0.5949 gNorm=0.259 lr=0.15 ms=2303.0 buf=500000 plies=109037288 games=1650138 rejected=0 skipped=0 epoch=0 mom=0.8773 lrCyc[pk=9.9e-01,tr=9.9e-04] trainerStep=12750
[LAYER-HEALTH] live trainerStep=12750 scope=batch_norm_state_only reluSites=2/10 ch=144 dead=0 off=0 alwaysOn=0 worst=none maxBetaOverGamma=+2.08@policy.pre_bn[103] minBetaOverGamma=-1.88@value.bn[4] rvMaxOverMedian=56.1@blocks.1.bn1[31] rezero=none nonFinite=0
[REPLAY] step=12800 loss=3.5214 pLoss=2.7072 vLoss=0.8109 pEnt=2.874 pIllM=0.0032 playedP=0.173 pW=0.47 pD=0.07 pL=0.46 vAbs=0.235 pLogitMean=-9.7675 vLogitMean=0.5938 gNorm=0.280 lr=0.136 ms=2266.5 buf=500000 plies=109463922 games=1656544 rejected=0 skipped=0 epoch=0 mom=0.8788 lrCyc[pk=9.9e-01,tr=9.9e-04] trainerStep=12800
[LAYER-HEALTH] live trainerStep=12800 scope=batch_norm_state_only reluSites=2/10 ch=144 dead=0 off=0 alwaysOn=0 worst=none maxBetaOverGamma=+2.11@policy.pre_bn[103] minBetaOverGamma=-1.92@value.bn[4] rvMaxOverMedian=57.0@blocks.1.bn1[31] rezero=none nonFinite=0
[REPLAY] step=12850 loss=3.5048 pLoss=2.7054 vLoss=0.7962 pEnt=2.886 pIllM=0.0032 playedP=0.167 pW=0.47 pD=0.07 pL=0.46 vAbs=0.243 pLogitMean=-9.7745 vLogitMean=0.5967 gNorm=0.254 lr=0.124 ms=2905.0 buf=500000 plies=109890618 games=1663032 rejected=0 skipped=0 epoch=0 mom=0.8802 lrCyc[pk=9.9e-01,tr=9.9e-04] trainerStep=12850
[LAYER-HEALTH] live trainerStep=12850 scope=batch_norm_state_only reluSites=2/10 ch=144 dead=0 off=0 alwaysOn=0 worst=none maxBetaOverGamma=+2.12@policy.pre_bn[103] minBetaOverGamma=-1.90@value.bn[4] rvMaxOverMedian=58.3@blocks.1.bn1[31] rezero=none nonFinite=0
[REPLAY] step=12900 loss=3.5450 pLoss=2.7240 vLoss=0.8178 pEnt=2.874 pIllM=0.0032 playedP=0.171 pW=0.47 pD=0.07 pL=0.46 vAbs=0.244 pLogitMean=-9.7715 vLogitMean=0.5918 gNorm=0.246 lr=0.112 ms=3009.2 buf=500000 plies=110317220 games=1669476 rejected=0 skipped=0 epoch=0 mom=0.8816 lrCyc[pk=9.9e-01,tr=9.9e-04] trainerStep=12900
[LAYER-HEALTH] live trainerStep=12900 scope=batch_norm_state_only reluSites=2/10 ch=144 dead=0 off=0 alwaysOn=0 worst=none maxBetaOverGamma=+2.10@policy.pre_bn[103] minBetaOverGamma=-1.87@value.bn[4] rvMaxOverMedian=59.5@blocks.1.bn1[31] rezero=none nonFinite=0
[REPLAY] step=12950 loss=3.5671 pLoss=2.7437 vLoss=0.8203 pEnt=2.862 pIllM=0.0031 playedP=0.172 pW=0.47 pD=0.07 pL=0.46 vAbs=0.226 pLogitMean=-9.7808 vLogitMean=0.5916 gNorm=0.242 lr=0.101 ms=2414.9 buf=500000 plies=110743962 games=1675872 rejected=0 skipped=0 epoch=0 mom=0.8831 lrCyc[pk=9.9e-01,tr=9.9e-04] trainerStep=12950
[LAYER-HEALTH] live trainerStep=12950 scope=batch_norm_state_only reluSites=2/10 ch=144 dead=0 off=0 alwaysOn=0 worst=none maxBetaOverGamma=+2.07@policy.pre_bn[103] minBetaOverGamma=-1.91@value.bn[9] rvMaxOverMedian=59.3@blocks.1.bn1[31] rezero=none nonFinite=0
[REPLAY] step=13000 loss=3.5319 pLoss=2.7256 vLoss=0.8032 pEnt=2.867 pIllM=0.0031 playedP=0.170 pW=0.46 pD=0.07 pL=0.47 vAbs=0.233 pLogitMean=-9.7812 vLogitMean=0.5930 gNorm=0.264 lr=0.0911 ms=2214.6 buf=500000 plies=111170539 games=1682291 rejected=0 skipped=0 epoch=0 mom=0.8846 lrCyc[pk=9.9e-01,tr=9.9e-04] trainerStep=13000
[LAYER-HEALTH] live trainerStep=13000 scope=batch_norm_state_only reluSites=2/10 ch=144 dead=0 off=0 alwaysOn=0 worst=none maxBetaOverGamma=+2.07@policy.pre_bn[103] minBetaOverGamma=-1.93@value.bn[9] rvMaxOverMedian=58.8@blocks.1.bn1[31] rezero=none nonFinite=0
[REPLAY] saved trainer model (autosave) step=13000 trainerStep=13000 nextGame=1682291 shard=3 epoch=0 -> 20261005-lrBsilu-cyc1-replay-latest.safetensors
[LAYER-HEALTH] checkpoint replay-autosave step=13000 trainerStep=13000 scope=all_tensors reluSites=2/10 ch=144 dead=0 off=0 alwaysOn=0 worst=none maxBetaOverGamma=+2.07@policy.pre_bn[103] minBetaOverGamma=-1.93@value.bn[9] rvMaxOverMedian=58.8@blocks.1.bn1[31] rezero=none nonFinite=0 seZeroVel=none valueFC1ZeroVel=0/128 maxAbs=20.34@blocks.2.bn1.running_var
[LAYER-HEALTH]   batch-norm sites — β/|γ|: dead < -3.00, mostly off < -2.00, always on > +3.00; classified for relu/leaky_relu only
[LAYER-HEALTH]     site            act            ch   dead    off     on  zeroγ nonfin  min β/|γ| [ch]     max β/|γ| [ch]     rv max/median [ch]
[LAYER-HEALTH]     stem.bn         -             128    n/a    n/a    n/a      0      0     -0.47 [104]        +0.26 [20]            5.2 [76]
[LAYER-HEALTH]     blocks.0.bn1    silu          128    n/a    n/a    n/a      0      0     -0.65 [5]          +0.14 [103]           3.1 [14]
[LAYER-HEALTH]     blocks.0.bn2    silu          128    n/a    n/a    n/a      0      0     -1.02 [53]         +1.03 [48]            5.6 [79]
[LAYER-HEALTH]     blocks.1.bn1    silu          128    n/a    n/a    n/a      0      0     -1.20 [17]         +0.05 [31]           58.8 [31]
[LAYER-HEALTH]     blocks.1.bn2    silu          128    n/a    n/a    n/a      0      0     -1.23 [120]        -0.07 [101]           8.8 [70]
[LAYER-HEALTH]     blocks.2.bn1    silu          128    n/a    n/a    n/a      0      0     -1.90 [17]         +1.27 [31]           55.3 [31]
[LAYER-HEALTH]     blocks.2.bn2    silu          128    n/a    n/a    n/a      0      0     -1.55 [78]         -0.01 [16]            3.7 [26]
[LAYER-HEALTH]     tower_final_bn  silu          128    n/a    n/a    n/a      0      0     -0.44 [90]         +0.78 [6]             7.1 [31]
[LAYER-HEALTH]     policy.pre_bn   leaky_relu    128      0      0      0      0      0     -0.79 [26]         +2.07 [103]           2.8 [53]
[LAYER-HEALTH]     value.bn        leaky_relu     16      0      0      0      0      0     -1.93 [9]          -0.86 [13]            2.2 [11]
[LAYER-HEALTH]   FC hidden-unit velocity — zero: every weight-velocity entry exactly 0; low: nonzero but < 5% of the layer's p90 unit norm
[LAYER-HEALTH]     value.fc1.weight  leaky_relu  units 128  zero 0  low 7  median unit norm 0.004408
[LAYER-HEALTH]     (no SE blocks)
[LAYER-HEALTH]   ReZero: none
[LAYER-HEALTH]   non-finite: 0 values in 0 of 102 tensors (10263038 values examined)
[LAYER-HEALTH]   largest |value|: blocks.2.bn1.running_var 20.34, blocks.1.bn1.running_var 19.27, blocks.1.bn2.running_var 13.27, blocks.0.bn2.running_var 11.52, blocks.2.bn2.running_var 7.4
[REPLAY] enumerated checkpoint -> 20261005-lrBsilu-cyc1-replay-step13000.safetensors
[REPLAY] step=13050 loss=3.5275 pLoss=2.7248 vLoss=0.7994 pEnt=2.857 pIllM=0.0033 playedP=0.174 pW=0.47 pD=0.06 pL=0.46 vAbs=0.241 pLogitMean=-9.7802 vLogitMean=0.5927 gNorm=0.257 lr=0.0821 ms=2975.3 buf=500000 plies=111597216 games=1688630 rejected=0 skipped=0 epoch=0 mom=0.8861 lrCyc[pk=9.9e-01,tr=9.9e-04] trainerStep=13050
[LAYER-HEALTH] live trainerStep=13050 scope=batch_norm_state_only reluSites=2/10 ch=144 dead=0 off=0 alwaysOn=0 worst=none maxBetaOverGamma=+2.06@policy.pre_bn[103] minBetaOverGamma=-1.94@value.bn[9] rvMaxOverMedian=57.1@blocks.1.bn1[31] rezero=none nonFinite=0
[REPLAY] step=13100 loss=3.5554 pLoss=2.7295 vLoss=0.8226 pEnt=2.841 pIllM=0.0033 playedP=0.180 pW=0.47 pD=0.07 pL=0.46 vAbs=0.222 pLogitMean=-9.7827 vLogitMean=0.5905 gNorm=0.266 lr=0.074 ms=2611.0 buf=500000 plies=112023845 games=1695067 rejected=0 skipped=0 epoch=0 mom=0.8876 lrCyc[pk=9.9e-01,tr=9.9e-04] trainerStep=13100
[LAYER-HEALTH] live trainerStep=13100 scope=batch_norm_state_only reluSites=2/10 ch=144 dead=0 off=0 alwaysOn=0 worst=none maxBetaOverGamma=+2.06@policy.pre_bn[103] minBetaOverGamma=-1.93@value.bn[9] rvMaxOverMedian=56.7@blocks.1.bn1[31] rezero=none nonFinite=0
[REPLAY] step=13150 loss=3.5653 pLoss=2.7560 vLoss=0.8066 pEnt=2.880 pIllM=0.0027 playedP=0.172 pW=0.47 pD=0.06 pL=0.47 vAbs=0.233 pLogitMean=-9.7765 vLogitMean=0.5899 gNorm=0.246 lr=0.0666 ms=2574.8 buf=500000 plies=112450470 games=1701471 rejected=0 skipped=0 epoch=0 mom=0.8891 lrCyc[pk=9.9e-01,tr=9.9e-04] trainerStep=13150
[LAYER-HEALTH] live trainerStep=13150 scope=batch_norm_state_only reluSites=2/10 ch=144 dead=0 off=0 alwaysOn=0 worst=none maxBetaOverGamma=+2.07@policy.pre_bn[103] minBetaOverGamma=-1.94@value.bn[4] rvMaxOverMedian=57.4@blocks.1.bn1[31] rezero=none nonFinite=0
[REPLAY] step=13200 loss=3.5287 pLoss=2.7270 vLoss=0.7990 pEnt=2.848 pIllM=0.0027 playedP=0.175 pW=0.47 pD=0.07 pL=0.46 vAbs=0.236 pLogitMean=-9.7715 vLogitMean=0.5899 gNorm=0.250 lr=0.0599 ms=2700.5 buf=500000 plies=112877126 games=1707881 rejected=0 skipped=0 epoch=0 mom=0.8907 lrCyc[pk=9.9e-01,tr=9.9e-04] trainerStep=13200
[LAYER-HEALTH] live trainerStep=13200 scope=batch_norm_state_only reluSites=2/10 ch=144 dead=0 off=0 alwaysOn=0 worst=none maxBetaOverGamma=+2.07@policy.pre_bn[103] minBetaOverGamma=-1.95@value.bn[4] rvMaxOverMedian=58.0@blocks.1.bn1[31] rezero=none nonFinite=0
[REPLAY] step=13250 loss=3.5223 pLoss=2.7097 vLoss=0.8100 pEnt=2.876 pIllM=0.0027 playedP=0.171 pW=0.46 pD=0.07 pL=0.47 vAbs=0.248 pLogitMean=-9.7699 vLogitMean=0.5905 gNorm=0.277 lr=0.0538 ms=2490.1 buf=500000 plies=113303849 games=1714229 rejected=0 skipped=0 epoch=0 mom=0.8922 lrCyc[pk=9.9e-01,tr=9.9e-04] trainerStep=13250
[LAYER-HEALTH] live trainerStep=13250 scope=batch_norm_state_only reluSites=2/10 ch=144 dead=0 off=0 alwaysOn=0 worst=none maxBetaOverGamma=+2.07@policy.pre_bn[103] minBetaOverGamma=-1.97@value.bn[4] rvMaxOverMedian=58.3@blocks.1.bn1[31] rezero=none nonFinite=0
[REPLAY] step=13300 loss=3.5211 pLoss=2.7051 vLoss=0.8135 pEnt=2.871 pIllM=0.0025 playedP=0.175 pW=0.47 pD=0.07 pL=0.46 vAbs=0.232 pLogitMean=-9.7790 vLogitMean=0.5905 gNorm=0.257 lr=0.0483 ms=2591.2 buf=500000 plies=113730454 games=1720682 rejected=0 skipped=0 epoch=0 mom=0.8938 lrCyc[pk=9.9e-01,tr=9.9e-04] trainerStep=13300
[LAYER-HEALTH] live trainerStep=13300 scope=batch_norm_state_only reluSites=2/10 ch=144 dead=0 off=0 alwaysOn=0 worst=none maxBetaOverGamma=+2.07@policy.pre_bn[103] minBetaOverGamma=-1.98@value.bn[4] rvMaxOverMedian=58.0@blocks.1.bn1[31] rezero=none nonFinite=0
[REPLAY] step=13350 loss=3.5460 pLoss=2.7410 vLoss=0.8021 pEnt=2.867 pIllM=0.0029 playedP=0.172 pW=0.47 pD=0.07 pL=0.46 vAbs=0.235 pLogitMean=-9.7760 vLogitMean=0.5940 gNorm=0.245 lr=0.0434 ms=3159.5 buf=500000 plies=114157069 games=1727118 rejected=0 skipped=0 epoch=0 mom=0.8953 lrCyc[pk=9.9e-01,tr=9.9e-04] trainerStep=13350
[LAYER-HEALTH] live trainerStep=13350 scope=batch_norm_state_only reluSites=2/10 ch=144 dead=0 off=0 alwaysOn=0 worst=none maxBetaOverGamma=+2.07@policy.pre_bn[103] minBetaOverGamma=-1.99@value.bn[4] rvMaxOverMedian=58.7@blocks.1.bn1[31] rezero=none nonFinite=0
[REPLAY] step=13400 loss=3.5442 pLoss=2.7347 vLoss=0.8068 pEnt=2.891 pIllM=0.0028 playedP=0.168 pW=0.47 pD=0.07 pL=0.45 vAbs=0.242 pLogitMean=-9.7824 vLogitMean=0.5936 gNorm=0.260 lr=0.0389 ms=2353.3 buf=500000 plies=114583740 games=1733538 rejected=0 skipped=0 epoch=0 mom=0.8969 lrCyc[pk=9.9e-01,tr=9.9e-04] trainerStep=13400
[LAYER-HEALTH] live trainerStep=13400 scope=batch_norm_state_only reluSites=2/10 ch=144 dead=0 off=0 alwaysOn=0 worst=none maxBetaOverGamma=+2.07@policy.pre_bn[103] minBetaOverGamma=-2.00@value.bn[4] rvMaxOverMedian=59.2@blocks.1.bn1[31] rezero=none nonFinite=0
[REPLAY] step=13450 loss=3.5438 pLoss=2.7190 vLoss=0.8220 pEnt=2.859 pIllM=0.0028 playedP=0.176 pW=0.47 pD=0.07 pL=0.46 vAbs=0.241 pLogitMean=-9.7815 vLogitMean=0.5936 gNorm=0.263 lr=0.0349 ms=3042.9 buf=500000 plies=115010420 games=1739943 rejected=0 skipped=0 epoch=0 mom=0.8985 lrCyc[pk=9.9e-01,tr=9.9e-04] trainerStep=13450
[LAYER-HEALTH] live trainerStep=13450 scope=batch_norm_state_only reluSites=2/10 ch=144 dead=0 off=1 alwaysOn=0 worst=value.bn(dead 0 off 1 on 0) maxBetaOverGamma=+2.07@policy.pre_bn[103] minBetaOverGamma=-2.00@value.bn[4] rvMaxOverMedian=59.7@blocks.1.bn1[31] rezero=none nonFinite=0
[REPLAY] step=13500 loss=3.5020 pLoss=2.6958 vLoss=0.8036 pEnt=2.862 pIllM=0.0026 playedP=0.171 pW=0.47 pD=0.07 pL=0.46 vAbs=0.241 pLogitMean=-9.7820 vLogitMean=0.5928 gNorm=0.269 lr=0.0314 ms=2531.2 buf=500000 plies=115437054 games=1746327 rejected=0 skipped=0 epoch=0 mom=0.9000 lrCyc[pk=9.9e-01,tr=9.9e-04] trainerStep=13500
[LAYER-HEALTH] live trainerStep=13500 scope=batch_norm_state_only reluSites=2/10 ch=144 dead=0 off=1 alwaysOn=0 worst=value.bn(dead 0 off 1 on 0) maxBetaOverGamma=+2.08@policy.pre_bn[103] minBetaOverGamma=-2.01@value.bn[4] rvMaxOverMedian=59.7@blocks.1.bn1[31] rezero=none nonFinite=0
[REPLAY] step=13550 loss=3.5153 pLoss=2.7142 vLoss=0.7988 pEnt=2.867 pIllM=0.0024 playedP=0.176 pW=0.47 pD=0.07 pL=0.46 vAbs=0.244 pLogitMean=-9.7820 vLogitMean=0.5938 gNorm=0.275 lr=0.0281 ms=2311.7 buf=500000 plies=115863683 games=1752747 rejected=0 skipped=0 epoch=0 mom=0.9016 lrCyc[pk=9.9e-01,tr=9.9e-04] trainerStep=13550
[LAYER-HEALTH] live trainerStep=13550 scope=batch_norm_state_only reluSites=2/10 ch=144 dead=0 off=0 alwaysOn=0 worst=none maxBetaOverGamma=+2.08@policy.pre_bn[103] minBetaOverGamma=-1.99@value.bn[4] rvMaxOverMedian=59.8@blocks.1.bn1[31] rezero=none nonFinite=0
[REPLAY] step=13600 loss=3.5018 pLoss=2.6944 vLoss=0.8046 pEnt=2.866 pIllM=0.0027 playedP=0.174 pW=0.47 pD=0.07 pL=0.47 vAbs=0.230 pLogitMean=-9.7851 vLogitMean=0.5908 gNorm=0.244 lr=0.0252 ms=2889.9 buf=500000 plies=116290329 games=1759226 rejected=0 skipped=0 epoch=0 mom=0.9032 lrCyc[pk=9.9e-01,tr=9.9e-04] trainerStep=13600
[LAYER-HEALTH] live trainerStep=13600 scope=batch_norm_state_only reluSites=2/10 ch=144 dead=0 off=0 alwaysOn=0 worst=none maxBetaOverGamma=+2.09@policy.pre_bn[103] minBetaOverGamma=-1.99@value.bn[4] rvMaxOverMedian=59.6@blocks.1.bn1[31] rezero=none nonFinite=0
[REPLAY] step=13650 loss=3.5492 pLoss=2.7495 vLoss=0.7973 pEnt=2.872 pIllM=0.0025 playedP=0.173 pW=0.47 pD=0.06 pL=0.46 vAbs=0.227 pLogitMean=-9.7859 vLogitMean=0.5920 gNorm=0.260 lr=0.0227 ms=2614.3 buf=500000 plies=116717004 games=1765661 rejected=0 skipped=0 epoch=0 mom=0.9047 lrCyc[pk=9.9e-01,tr=9.9e-04] trainerStep=13650
[LAYER-HEALTH] live trainerStep=13650 scope=batch_norm_state_only reluSites=2/10 ch=144 dead=0 off=0 alwaysOn=0 worst=none maxBetaOverGamma=+2.08@policy.pre_bn[103] minBetaOverGamma=-1.99@value.bn[4] rvMaxOverMedian=59.8@blocks.1.bn1[31] rezero=none nonFinite=0
[REPLAY] step=13700 loss=3.5524 pLoss=2.7509 vLoss=0.7992 pEnt=2.879 pIllM=0.0023 playedP=0.170 pW=0.48 pD=0.06 pL=0.47 vAbs=0.224 pLogitMean=-9.7881 vLogitMean=0.5929 gNorm=0.248 lr=0.0203 ms=2794.4 buf=500000 plies=117143685 games=1772137 rejected=0 skipped=0 epoch=0 mom=0.9063 lrCyc[pk=9.9e-01,tr=9.9e-04] trainerStep=13700
[LAYER-HEALTH] live trainerStep=13700 scope=batch_norm_state_only reluSites=2/10 ch=144 dead=0 off=0 alwaysOn=0 worst=none maxBetaOverGamma=+2.08@policy.pre_bn[103] minBetaOverGamma=-2.00@value.bn[4] rvMaxOverMedian=59.7@blocks.1.bn1[31] rezero=none nonFinite=0
[REPLAY] step=13750 loss=3.5219 pLoss=2.7089 vLoss=0.8105 pEnt=2.850 pIllM=0.0025 playedP=0.175 pW=0.47 pD=0.07 pL=0.46 vAbs=0.231 pLogitMean=-9.7838 vLogitMean=0.5911 gNorm=0.243 lr=0.0183 ms=2883.2 buf=500000 plies=117570293 games=1778561 rejected=0 skipped=0 epoch=0 mom=0.9078 lrCyc[pk=9.9e-01,tr=9.9e-04] trainerStep=13750
[LAYER-HEALTH] live trainerStep=13750 scope=batch_norm_state_only reluSites=2/10 ch=144 dead=0 off=1 alwaysOn=0 worst=value.bn(dead 0 off 1 on 0) maxBetaOverGamma=+2.08@policy.pre_bn[103] minBetaOverGamma=-2.00@value.bn[4] rvMaxOverMedian=59.6@blocks.1.bn1[31] rezero=none nonFinite=0
[REPLAY] step=13800 loss=3.4736 pLoss=2.6685 vLoss=0.8022 pEnt=2.851 pIllM=0.0029 playedP=0.177 pW=0.47 pD=0.07 pL=0.46 vAbs=0.241 pLogitMean=-9.7827 vLogitMean=0.5927 gNorm=0.244 lr=0.0164 ms=1982.3 buf=500000 plies=117996986 games=1784993 rejected=0 skipped=0 epoch=0 mom=0.9094 lrCyc[pk=9.9e-01,tr=9.9e-04] trainerStep=13800
[LAYER-HEALTH] live trainerStep=13800 scope=batch_norm_state_only reluSites=2/10 ch=144 dead=0 off=0 alwaysOn=0 worst=none maxBetaOverGamma=+2.08@policy.pre_bn[103] minBetaOverGamma=-1.99@value.bn[4] rvMaxOverMedian=59.1@blocks.1.bn1[31] rezero=none nonFinite=0
[REPLAY] step=13850 loss=3.5342 pLoss=2.7160 vLoss=0.8158 pEnt=2.872 pIllM=0.0025 playedP=0.170 pW=0.46 pD=0.07 pL=0.46 vAbs=0.234 pLogitMean=-9.7846 vLogitMean=0.5938 gNorm=0.261 lr=0.0148 ms=2798.3 buf=500000 plies=118423578 games=1791435 rejected=0 skipped=0 epoch=0 mom=0.9109 lrCyc[pk=9.9e-01,tr=9.9e-04] trainerStep=13850
[LAYER-HEALTH] live trainerStep=13850 scope=batch_norm_state_only reluSites=2/10 ch=144 dead=0 off=0 alwaysOn=0 worst=none maxBetaOverGamma=+2.08@policy.pre_bn[103] minBetaOverGamma=-1.99@value.bn[4] rvMaxOverMedian=58.9@blocks.1.bn1[31] rezero=none nonFinite=0
[REPLAY] step=13900 loss=3.5021 pLoss=2.6936 vLoss=0.8059 pEnt=2.860 pIllM=0.0026 playedP=0.173 pW=0.47 pD=0.07 pL=0.46 vAbs=0.245 pLogitMean=-9.7799 vLogitMean=0.5941 gNorm=0.254 lr=0.0133 ms=2858.6 buf=500000 plies=118850240 games=1797821 rejected=0 skipped=0 epoch=0 mom=0.9125 lrCyc[pk=9.9e-01,tr=9.9e-04] trainerStep=13900
[LAYER-HEALTH] live trainerStep=13900 scope=batch_norm_state_only reluSites=2/10 ch=144 dead=0 off=0 alwaysOn=0 worst=none maxBetaOverGamma=+2.08@policy.pre_bn[103] minBetaOverGamma=-2.00@value.bn[4] rvMaxOverMedian=59.0@blocks.1.bn1[31] rezero=none nonFinite=0
[REPLAY] step=13950 loss=3.5229 pLoss=2.7077 vLoss=0.8124 pEnt=2.864 pIllM=0.0028 playedP=0.176 pW=0.47 pD=0.06 pL=0.46 vAbs=0.228 pLogitMean=-9.7827 vLogitMean=0.5938 gNorm=0.244 lr=0.012 ms=2355.6 buf=500000 plies=119276936 games=1804322 rejected=0 skipped=0 epoch=0 mom=0.9140 lrCyc[pk=9.9e-01,tr=9.9e-04] trainerStep=13950
[LAYER-HEALTH] live trainerStep=13950 scope=batch_norm_state_only reluSites=2/10 ch=144 dead=0 off=0 alwaysOn=0 worst=none maxBetaOverGamma=+2.08@policy.pre_bn[103] minBetaOverGamma=-2.00@value.bn[4] rvMaxOverMedian=59.2@blocks.1.bn1[31] rezero=none nonFinite=0
[REPLAY] step=14000 loss=3.5344 pLoss=2.7139 vLoss=0.8181 pEnt=2.863 pIllM=0.0024 playedP=0.176 pW=0.47 pD=0.07 pL=0.46 vAbs=0.233 pLogitMean=-9.7846 vLogitMean=0.5934 gNorm=0.247 lr=0.0108 ms=3144.9 buf=500000 plies=119703537 games=1810785 rejected=0 skipped=0 epoch=0 mom=0.9155 lrCyc[pk=9.9e-01,tr=9.9e-04] trainerStep=14000
[LAYER-HEALTH] live trainerStep=14000 scope=batch_norm_state_only reluSites=2/10 ch=144 dead=0 off=0 alwaysOn=0 worst=none maxBetaOverGamma=+2.08@policy.pre_bn[103] minBetaOverGamma=-2.00@value.bn[4] rvMaxOverMedian=59.7@blocks.1.bn1[31] rezero=none nonFinite=0
[REPLAY] saved trainer model (autosave) step=14000 trainerStep=14000 nextGame=1810785 shard=3 epoch=0 -> 20261005-lrBsilu-cyc1-replay-latest.safetensors
[LAYER-HEALTH] checkpoint replay-autosave step=14000 trainerStep=14000 scope=all_tensors reluSites=2/10 ch=144 dead=0 off=0 alwaysOn=0 worst=none maxBetaOverGamma=+2.08@policy.pre_bn[103] minBetaOverGamma=-2.00@value.bn[4] rvMaxOverMedian=59.7@blocks.1.bn1[31] rezero=none nonFinite=0 seZeroVel=none valueFC1ZeroVel=0/128 maxAbs=20.93@blocks.2.bn1.running_var
[LAYER-HEALTH]   batch-norm sites — β/|γ|: dead < -3.00, mostly off < -2.00, always on > +3.00; classified for relu/leaky_relu only
[LAYER-HEALTH]     site            act            ch   dead    off     on  zeroγ nonfin  min β/|γ| [ch]     max β/|γ| [ch]     rv max/median [ch]
[LAYER-HEALTH]     stem.bn         -             128    n/a    n/a    n/a      0      0     -0.47 [104]        +0.26 [20]            5.4 [76]
[LAYER-HEALTH]     blocks.0.bn1    silu          128    n/a    n/a    n/a      0      0     -0.66 [5]          +0.14 [103]           3.0 [14]
[LAYER-HEALTH]     blocks.0.bn2    silu          128    n/a    n/a    n/a      0      0     -1.02 [53]         +1.04 [48]            5.3 [79]
[LAYER-HEALTH]     blocks.1.bn1    silu          128    n/a    n/a    n/a      0      0     -1.22 [17]         +0.05 [31]           59.7 [31]
[LAYER-HEALTH]     blocks.1.bn2    silu          128    n/a    n/a    n/a      0      0     -1.24 [120]        -0.06 [101]           9.0 [70]
[LAYER-HEALTH]     blocks.2.bn1    silu          128    n/a    n/a    n/a      0      0     -1.91 [17]         +1.29 [31]           58.9 [31]
[LAYER-HEALTH]     blocks.2.bn2    silu          128    n/a    n/a    n/a      0      0     -1.56 [78]         +0.01 [16]            3.8 [26]
[LAYER-HEALTH]     tower_final_bn  silu          128    n/a    n/a    n/a      0      0     -0.45 [90]         +0.78 [6]             7.6 [31]
[LAYER-HEALTH]     policy.pre_bn   leaky_relu    128      0      0      0      0      0     -0.77 [26]         +2.08 [103]           2.7 [53]
[LAYER-HEALTH]     value.bn        leaky_relu     16      0      0      0      0      0     -2.00 [4]          -0.78 [13]            2.3 [11]
[LAYER-HEALTH]   FC hidden-unit velocity — zero: every weight-velocity entry exactly 0; low: nonzero but < 5% of the layer's p90 unit norm
[LAYER-HEALTH]     value.fc1.weight  leaky_relu  units 128  zero 0  low 12  median unit norm 0.005367
[LAYER-HEALTH]     (no SE blocks)
[LAYER-HEALTH]   ReZero: none
[LAYER-HEALTH]   non-finite: 0 values in 0 of 102 tensors (10263038 values examined)
[LAYER-HEALTH]   largest |value|: blocks.2.bn1.running_var 20.93, blocks.1.bn1.running_var 19.38, blocks.1.bn2.running_var 12.93, blocks.0.bn2.running_var 10.14, blocks.2.bn2.running_var 7.364
[REPLAY] enumerated checkpoint -> 20261005-lrBsilu-cyc1-replay-step14000.safetensors
[REPLAY] step=14050 loss=3.4946 pLoss=2.6756 vLoss=0.8160 pEnt=2.850 pIllM=0.0031 playedP=0.176 pW=0.47 pD=0.07 pL=0.46 vAbs=0.247 pLogitMean=-9.7838 vLogitMean=0.5900 gNorm=0.264 lr=0.00974 ms=2346.3 buf=500000 plies=120130195 games=1817145 rejected=0 skipped=0 epoch=0 mom=0.9170 lrCyc[pk=9.9e-01,tr=9.9e-04] trainerStep=14050
[LAYER-HEALTH] live trainerStep=14050 scope=batch_norm_state_only reluSites=2/10 ch=144 dead=0 off=0 alwaysOn=0 worst=none maxBetaOverGamma=+2.08@policy.pre_bn[103] minBetaOverGamma=-2.00@value.bn[4] rvMaxOverMedian=60.0@blocks.1.bn1[31] rezero=none nonFinite=0
[REPLAY] step=14100 loss=3.5293 pLoss=2.7205 vLoss=0.8063 pEnt=2.857 pIllM=0.0025 playedP=0.176 pW=0.47 pD=0.07 pL=0.46 vAbs=0.247 pLogitMean=-9.7855 vLogitMean=0.5909 gNorm=0.260 lr=0.0088 ms=2603.6 buf=500000 plies=120556866 games=1823555 rejected=0 skipped=0 epoch=0 mom=0.9184 lrCyc[pk=9.9e-01,tr=9.9e-04] trainerStep=14100
[LAYER-HEALTH] live trainerStep=14100 scope=batch_norm_state_only reluSites=2/10 ch=144 dead=0 off=0 alwaysOn=0 worst=none maxBetaOverGamma=+2.08@policy.pre_bn[103] minBetaOverGamma=-1.99@value.bn[4] rvMaxOverMedian=59.9@blocks.1.bn1[31] rezero=none nonFinite=0
[REPLAY] step=14150 loss=3.5113 pLoss=2.6986 vLoss=0.8103 pEnt=2.868 pIllM=0.0024 playedP=0.179 pW=0.47 pD=0.07 pL=0.46 vAbs=0.240 pLogitMean=-9.7835 vLogitMean=0.5894 gNorm=0.258 lr=0.00796 ms=2467.1 buf=500000 plies=120983526 games=1829985 rejected=0 skipped=0 epoch=0 mom=0.9199 lrCyc[pk=9.9e-01,tr=9.9e-04] trainerStep=14150
[LAYER-HEALTH] live trainerStep=14150 scope=batch_norm_state_only reluSites=2/10 ch=144 dead=0 off=0 alwaysOn=0 worst=none maxBetaOverGamma=+2.08@policy.pre_bn[103] minBetaOverGamma=-1.99@value.bn[4] rvMaxOverMedian=59.4@blocks.1.bn1[31] rezero=none nonFinite=0
[REPLAY] step=14200 loss=3.4953 pLoss=2.7034 vLoss=0.7896 pEnt=2.853 pIllM=0.0023 playedP=0.176 pW=0.47 pD=0.07 pL=0.46 vAbs=0.243 pLogitMean=-9.7834 vLogitMean=0.5939 gNorm=0.253 lr=0.00721 ms=3255.3 buf=500000 plies=121410212 games=1836444 rejected=0 skipped=0 epoch=0 mom=0.9213 lrCyc[pk=9.9e-01,tr=9.9e-04] trainerStep=14200
[LAYER-HEALTH] live trainerStep=14200 scope=batch_norm_state_only reluSites=2/10 ch=144 dead=0 off=0 alwaysOn=0 worst=none maxBetaOverGamma=+2.08@policy.pre_bn[103] minBetaOverGamma=-1.99@value.bn[4] rvMaxOverMedian=59.3@blocks.2.bn1[31] rezero=none nonFinite=0
[REPLAY] step=14250 loss=3.5096 pLoss=2.7088 vLoss=0.7983 pEnt=2.871 pIllM=0.0025 playedP=0.169 pW=0.47 pD=0.06 pL=0.47 vAbs=0.243 pLogitMean=-9.7832 vLogitMean=0.5939 gNorm=0.250 lr=0.00654 ms=3298.0 buf=500000 plies=121836804 games=1842943 rejected=0 skipped=0 epoch=0 mom=0.9227 lrCyc[pk=9.9e-01,tr=9.9e-04] trainerStep=14250
[LAYER-HEALTH] live trainerStep=14250 scope=batch_norm_state_only reluSites=2/10 ch=144 dead=0 off=0 alwaysOn=0 worst=none maxBetaOverGamma=+2.07@policy.pre_bn[103] minBetaOverGamma=-1.99@value.bn[4] rvMaxOverMedian=59.4@blocks.1.bn1[31] rezero=none nonFinite=0
[REPLAY] step=14300 loss=3.5698 pLoss=2.7446 vLoss=0.8227 pEnt=2.874 pIllM=0.0025 playedP=0.173 pW=0.47 pD=0.07 pL=0.46 vAbs=0.243 pLogitMean=-9.7853 vLogitMean=0.5921 gNorm=0.249 lr=0.00594 ms=2983.3 buf=500000 plies=122263420 games=1849371 rejected=0 skipped=0 epoch=0 mom=0.9241 lrCyc[pk=9.9e-01,tr=9.9e-04] trainerStep=14300
[LAYER-HEALTH] live trainerStep=14300 scope=batch_norm_state_only reluSites=2/10 ch=144 dead=0 off=0 alwaysOn=0 worst=none maxBetaOverGamma=+2.07@policy.pre_bn[103] minBetaOverGamma=-1.99@value.bn[4] rvMaxOverMedian=59.5@blocks.1.bn1[31] rezero=none nonFinite=0
[REPLAY] step=14350 loss=3.5111 pLoss=2.7071 vLoss=0.8015 pEnt=2.858 pIllM=0.0025 playedP=0.177 pW=0.47 pD=0.07 pL=0.46 vAbs=0.246 pLogitMean=-9.7866 vLogitMean=0.5940 gNorm=0.262 lr=0.00541 ms=3047.2 buf=500000 plies=122690105 games=1855830 rejected=0 skipped=0 epoch=0 mom=0.9255 lrCyc[pk=9.9e-01,tr=9.9e-04] trainerStep=14350
[LAYER-HEALTH] live trainerStep=14350 scope=batch_norm_state_only reluSites=2/10 ch=144 dead=0 off=0 alwaysOn=0 worst=none maxBetaOverGamma=+2.07@policy.pre_bn[103] minBetaOverGamma=-1.99@value.bn[4] rvMaxOverMedian=59.7@blocks.1.bn1[31] rezero=none nonFinite=0
[REPLAY] step=14400 loss=3.5052 pLoss=2.6960 vLoss=0.8070 pEnt=2.873 pIllM=0.0022 playedP=0.175 pW=0.47 pD=0.06 pL=0.47 vAbs=0.238 pLogitMean=-9.7862 vLogitMean=0.5934 gNorm=0.258 lr=0.00493 ms=3000.1 buf=500000 plies=123116731 games=1862265 rejected=0 skipped=0 epoch=0 mom=0.9268 lrCyc[pk=9.9e-01,tr=9.9e-04] trainerStep=14400
[LAYER-HEALTH] live trainerStep=14400 scope=batch_norm_state_only reluSites=2/10 ch=144 dead=0 off=0 alwaysOn=0 worst=none maxBetaOverGamma=+2.07@policy.pre_bn[103] minBetaOverGamma=-1.99@value.bn[4] rvMaxOverMedian=59.8@blocks.1.bn1[31] rezero=none nonFinite=0
[REPLAY] step=14450 loss=3.4981 pLoss=2.6892 vLoss=0.8064 pEnt=2.863 pIllM=0.0026 playedP=0.179 pW=0.47 pD=0.07 pL=0.46 vAbs=0.245 pLogitMean=-9.7861 vLogitMean=0.5938 gNorm=0.263 lr=0.0045 ms=3338.2 buf=500000 plies=123543369 games=1868691 rejected=0 skipped=0 epoch=0 mom=0.9281 lrCyc[pk=9.9e-01,tr=9.9e-04] trainerStep=14450
[LAYER-HEALTH] live trainerStep=14450 scope=batch_norm_state_only reluSites=2/10 ch=144 dead=0 off=0 alwaysOn=0 worst=none maxBetaOverGamma=+2.07@policy.pre_bn[103] minBetaOverGamma=-1.99@value.bn[4] rvMaxOverMedian=59.7@blocks.1.bn1[31] rezero=none nonFinite=0
[REPLAY] step=14500 loss=3.5057 pLoss=2.7088 vLoss=0.7946 pEnt=2.874 pIllM=0.0024 playedP=0.173 pW=0.47 pD=0.07 pL=0.46 vAbs=0.246 pLogitMean=-9.7863 vLogitMean=0.5940 gNorm=0.256 lr=0.00412 ms=3005.2 buf=500000 plies=123970090 games=1875096 rejected=0 skipped=0 epoch=0 mom=0.9294 lrCyc[pk=9.9e-01,tr=9.9e-04] trainerStep=14500
[LAYER-HEALTH] live trainerStep=14500 scope=batch_norm_state_only reluSites=2/10 ch=144 dead=0 off=0 alwaysOn=0 worst=none maxBetaOverGamma=+2.07@policy.pre_bn[103] minBetaOverGamma=-1.99@value.bn[4] rvMaxOverMedian=59.6@blocks.1.bn1[31] rezero=none nonFinite=0
[REPLAY] step=14550 loss=3.5528 pLoss=2.7233 vLoss=0.8273 pEnt=2.869 pIllM=0.0023 playedP=0.175 pW=0.47 pD=0.07 pL=0.46 vAbs=0.235 pLogitMean=-9.7866 vLogitMean=0.5913 gNorm=0.242 lr=0.00378 ms=3034.0 buf=500000 plies=124396681 games=1881572 rejected=0 skipped=0 epoch=0 mom=0.9307 lrCyc[pk=9.9e-01,tr=9.9e-04] trainerStep=14550
[LAYER-HEALTH] live trainerStep=14550 scope=batch_norm_state_only reluSites=2/10 ch=144 dead=0 off=0 alwaysOn=0 worst=none maxBetaOverGamma=+2.07@policy.pre_bn[103] minBetaOverGamma=-1.98@value.bn[4] rvMaxOverMedian=59.8@blocks.1.bn1[31] rezero=none nonFinite=0
[REPLAY] step=14600 loss=3.5143 pLoss=2.6985 vLoss=0.8131 pEnt=2.869 pIllM=0.0028 playedP=0.174 pW=0.47 pD=0.07 pL=0.46 vAbs=0.233 pLogitMean=-9.7861 vLogitMean=0.5920 gNorm=0.269 lr=0.00347 ms=3099.4 buf=500000 plies=124823339 games=1887949 rejected=0 skipped=0 epoch=0 mom=0.9319 lrCyc[pk=9.9e-01,tr=9.9e-04] trainerStep=14600
[LAYER-HEALTH] live trainerStep=14600 scope=batch_norm_state_only reluSites=2/10 ch=144 dead=0 off=0 alwaysOn=0 worst=none maxBetaOverGamma=+2.07@policy.pre_bn[103] minBetaOverGamma=-1.98@value.bn[4] rvMaxOverMedian=59.8@blocks.1.bn1[31] rezero=none nonFinite=0
[REPLAY] step=14650 loss=3.5520 pLoss=2.7359 vLoss=0.8135 pEnt=2.889 pIllM=0.0026 playedP=0.172 pW=0.47 pD=0.07 pL=0.46 vAbs=0.238 pLogitMean=-9.7894 vLogitMean=0.5920 gNorm=0.268 lr=0.0032 ms=3027.3 buf=500000 plies=125250024 games=1894402 rejected=0 skipped=0 epoch=0 mom=0.9331 lrCyc[pk=9.9e-01,tr=9.9e-04] trainerStep=14650
[LAYER-HEALTH] live trainerStep=14650 scope=batch_norm_state_only reluSites=2/10 ch=144 dead=0 off=0 alwaysOn=0 worst=none maxBetaOverGamma=+2.07@policy.pre_bn[103] minBetaOverGamma=-1.98@value.bn[4] rvMaxOverMedian=59.9@blocks.1.bn1[31] rezero=none nonFinite=0
[REPLAY] step=14700 loss=3.4986 pLoss=2.6999 vLoss=0.7960 pEnt=2.865 pIllM=0.0026 playedP=0.174 pW=0.47 pD=0.07 pL=0.46 vAbs=0.241 pLogitMean=-9.7858 vLogitMean=0.5919 gNorm=0.250 lr=0.00295 ms=2943.9 buf=500000 plies=125676673 games=1900825 rejected=0 skipped=0 epoch=0 mom=0.9342 lrCyc[pk=9.9e-01,tr=9.9e-04] trainerStep=14700
[LAYER-HEALTH] live trainerStep=14700 scope=batch_norm_state_only reluSites=2/10 ch=144 dead=0 off=0 alwaysOn=0 worst=none maxBetaOverGamma=+2.07@policy.pre_bn[103] minBetaOverGamma=-1.98@value.bn[4] rvMaxOverMedian=59.9@blocks.1.bn1[31] rezero=none nonFinite=0
[REPLAY] step=14750 loss=3.5046 pLoss=2.6981 vLoss=0.8038 pEnt=2.848 pIllM=0.0026 playedP=0.178 pW=0.47 pD=0.07 pL=0.46 vAbs=0.242 pLogitMean=-9.7866 vLogitMean=0.5939 gNorm=0.269 lr=0.00273 ms=3190.8 buf=500000 plies=126103295 games=1907277 rejected=0 skipped=0 epoch=0 mom=0.9354 lrCyc[pk=9.9e-01,tr=9.9e-04] trainerStep=14750
[LAYER-HEALTH] live trainerStep=14750 scope=batch_norm_state_only reluSites=2/10 ch=144 dead=0 off=0 alwaysOn=0 worst=none maxBetaOverGamma=+2.07@policy.pre_bn[103] minBetaOverGamma=-1.98@value.bn[4] rvMaxOverMedian=59.9@blocks.1.bn1[31] rezero=none nonFinite=0
[REPLAY] step=14800 loss=3.5265 pLoss=2.7015 vLoss=0.8225 pEnt=2.887 pIllM=0.0024 playedP=0.170 pW=0.47 pD=0.07 pL=0.46 vAbs=0.244 pLogitMean=-9.7869 vLogitMean=0.5944 gNorm=0.246 lr=0.00253 ms=3035.6 buf=500000 plies=126529956 games=1913704 rejected=0 skipped=0 epoch=0 mom=0.9365 lrCyc[pk=9.9e-01,tr=9.9e-04] trainerStep=14800
[LAYER-HEALTH] live trainerStep=14800 scope=batch_norm_state_only reluSites=2/10 ch=144 dead=0 off=0 alwaysOn=0 worst=none maxBetaOverGamma=+2.07@policy.pre_bn[103] minBetaOverGamma=-1.98@value.bn[4] rvMaxOverMedian=59.8@blocks.1.bn1[31] rezero=none nonFinite=0
[REPLAY] step=14850 loss=3.5012 pLoss=2.6966 vLoss=0.8023 pEnt=2.863 pIllM=0.0023 playedP=0.174 pW=0.47 pD=0.07 pL=0.46 vAbs=0.247 pLogitMean=-9.7886 vLogitMean=0.5916 gNorm=0.257 lr=0.00235 ms=2801.6 buf=500000 plies=126956673 games=1920158 rejected=0 skipped=0 epoch=0 mom=0.9375 lrCyc[pk=9.9e-01,tr=9.9e-04] trainerStep=14850
[LAYER-HEALTH] live trainerStep=14850 scope=batch_norm_state_only reluSites=2/10 ch=144 dead=0 off=0 alwaysOn=0 worst=none maxBetaOverGamma=+2.07@policy.pre_bn[103] minBetaOverGamma=-1.98@value.bn[4] rvMaxOverMedian=59.7@blocks.1.bn1[31] rezero=none nonFinite=0
[REPLAY] step=14900 loss=3.4990 pLoss=2.6951 vLoss=0.8018 pEnt=2.854 pIllM=0.0021 playedP=0.176 pW=0.47 pD=0.07 pL=0.46 vAbs=0.246 pLogitMean=-9.7885 vLogitMean=0.5929 gNorm=0.256 lr=0.00219 ms=2817.0 buf=500000 plies=127383221 games=1926621 rejected=0 skipped=0 epoch=0 mom=0.9385 lrCyc[pk=9.9e-01,tr=9.9e-04] trainerStep=14900
[LAYER-HEALTH] live trainerStep=14900 scope=batch_norm_state_only reluSites=2/10 ch=144 dead=0 off=0 alwaysOn=0 worst=none maxBetaOverGamma=+2.07@policy.pre_bn[103] minBetaOverGamma=-1.98@value.bn[4] rvMaxOverMedian=59.8@blocks.1.bn1[31] rezero=none nonFinite=0
[REPLAY] step=14950 loss=3.5137 pLoss=2.6924 vLoss=0.8189 pEnt=2.871 pIllM=0.0024 playedP=0.177 pW=0.47 pD=0.07 pL=0.46 vAbs=0.240 pLogitMean=-9.7867 vLogitMean=0.5913 gNorm=0.263 lr=0.00205 ms=2736.3 buf=500000 plies=127809923 games=1933072 rejected=0 skipped=0 epoch=0 mom=0.9395 lrCyc[pk=9.9e-01,tr=9.9e-04] trainerStep=14950
[LAYER-HEALTH] live trainerStep=14950 scope=batch_norm_state_only reluSites=2/10 ch=144 dead=0 off=0 alwaysOn=0 worst=none maxBetaOverGamma=+2.07@policy.pre_bn[103] minBetaOverGamma=-1.98@value.bn[4] rvMaxOverMedian=59.8@blocks.1.bn1[31] rezero=none nonFinite=0
[REPLAY] step=15000 loss=3.4994 pLoss=2.6887 vLoss=0.8086 pEnt=2.853 pIllM=0.0021 playedP=0.178 pW=0.47 pD=0.07 pL=0.46 vAbs=0.241 pLogitMean=-9.7890 vLogitMean=0.5947 gNorm=0.243 lr=0.00192 ms=2819.6 buf=500000 plies=128236536 games=1939460 rejected=0 skipped=0 epoch=0 mom=0.9405 lrCyc[pk=9.9e-01,tr=9.9e-04] trainerStep=15000
[LAYER-HEALTH] live trainerStep=15000 scope=batch_norm_state_only reluSites=2/10 ch=144 dead=0 off=0 alwaysOn=0 worst=none maxBetaOverGamma=+2.07@policy.pre_bn[103] minBetaOverGamma=-1.97@value.bn[4] rvMaxOverMedian=59.7@blocks.1.bn1[31] rezero=none nonFinite=0
[REPLAY] saved trainer model (autosave) step=15000 trainerStep=15000 nextGame=1939460 shard=4 epoch=0 -> 20261005-lrBsilu-cyc1-replay-latest.safetensors
[LAYER-HEALTH] checkpoint replay-autosave step=15000 trainerStep=15000 scope=all_tensors reluSites=2/10 ch=144 dead=0 off=0 alwaysOn=0 worst=none maxBetaOverGamma=+2.07@policy.pre_bn[103] minBetaOverGamma=-1.97@value.bn[4] rvMaxOverMedian=59.7@blocks.1.bn1[31] rezero=none nonFinite=0 seZeroVel=none valueFC1ZeroVel=0/128 maxAbs=20.96@blocks.2.bn1.running_var
[LAYER-HEALTH]   batch-norm sites — β/|γ|: dead < -3.00, mostly off < -2.00, always on > +3.00; classified for relu/leaky_relu only
[LAYER-HEALTH]     site            act            ch   dead    off     on  zeroγ nonfin  min β/|γ| [ch]     max β/|γ| [ch]     rv max/median [ch]
[LAYER-HEALTH]     stem.bn         -             128    n/a    n/a    n/a      0      0     -0.47 [104]        +0.26 [20]            5.5 [76]
[LAYER-HEALTH]     blocks.0.bn1    silu          128    n/a    n/a    n/a      0      0     -0.66 [5]          +0.14 [103]           3.1 [14]
[LAYER-HEALTH]     blocks.0.bn2    silu          128    n/a    n/a    n/a      0      0     -1.02 [53]         +1.04 [48]            5.1 [79]
[LAYER-HEALTH]     blocks.1.bn1    silu          128    n/a    n/a    n/a      0      0     -1.22 [17]         +0.05 [31]           59.7 [31]
[LAYER-HEALTH]     blocks.1.bn2    silu          128    n/a    n/a    n/a      0      0     -1.24 [120]        -0.06 [101]           8.9 [70]
[LAYER-HEALTH]     blocks.2.bn1    silu          128    n/a    n/a    n/a      0      0     -1.91 [17]         +1.29 [31]           58.9 [31]
[LAYER-HEALTH]     blocks.2.bn2    silu          128    n/a    n/a    n/a      0      0     -1.55 [78]         +0.01 [16]            3.8 [26]
[LAYER-HEALTH]     tower_final_bn  silu          128    n/a    n/a    n/a      0      0     -0.45 [90]         +0.78 [6]             7.7 [31]
[LAYER-HEALTH]     policy.pre_bn   leaky_relu    128      0      0      0      0      0     -0.77 [26]         +2.07 [103]           2.7 [53]
[LAYER-HEALTH]     value.bn        leaky_relu     16      0      0      0      0      0     -1.97 [4]          -0.78 [13]            2.3 [11]
[LAYER-HEALTH]   FC hidden-unit velocity — zero: every weight-velocity entry exactly 0; low: nonzero but < 5% of the layer's p90 unit norm
[LAYER-HEALTH]     value.fc1.weight  leaky_relu  units 128  zero 0  low 9  median unit norm 0.00595
[LAYER-HEALTH]     (no SE blocks)
[LAYER-HEALTH]   ReZero: none
[LAYER-HEALTH]   non-finite: 0 values in 0 of 102 tensors (10263038 values examined)
[LAYER-HEALTH]   largest |value|: blocks.2.bn1.running_var 20.96, blocks.1.bn1.running_var 19.16, blocks.1.bn2.running_var 12.79, blocks.0.bn2.running_var 9.84, blocks.2.bn2.running_var 7.344
[REPLAY] enumerated checkpoint -> 20261005-lrBsilu-cyc1-replay-step15000.safetensors
[REPLAY] step=15050 loss=3.5101 pLoss=2.7156 vLoss=0.7923 pEnt=2.871 pIllM=0.0022 playedP=0.173 pW=0.47 pD=0.07 pL=0.46 vAbs=0.239 pLogitMean=-9.7891 vLogitMean=0.5928 gNorm=0.248 lr=0.0018 ms=3027.7 buf=500000 plies=128663182 games=1945882 rejected=0 skipped=0 epoch=0 mom=0.9414 lrCyc[pk=9.9e-01,tr=9.9e-04] trainerStep=15050
[LAYER-HEALTH] live trainerStep=15050 scope=batch_norm_state_only reluSites=2/10 ch=144 dead=0 off=0 alwaysOn=0 worst=none maxBetaOverGamma=+2.06@policy.pre_bn[103] minBetaOverGamma=-1.97@value.bn[4] rvMaxOverMedian=59.6@blocks.1.bn1[31] rezero=none nonFinite=0
[REPLAY] step=15100 loss=3.5513 pLoss=2.7356 vLoss=0.8132 pEnt=2.873 pIllM=0.0025 playedP=0.169 pW=0.47 pD=0.07 pL=0.46 vAbs=0.234 pLogitMean=-9.7915 vLogitMean=0.5955 gNorm=0.248 lr=0.0017 ms=2374.7 buf=500000 plies=129089953 games=1952348 rejected=0 skipped=0 epoch=0 mom=0.9422 lrCyc[pk=9.9e-01,tr=9.9e-04] trainerStep=15100
[LAYER-HEALTH] live trainerStep=15100 scope=batch_norm_state_only reluSites=2/10 ch=144 dead=0 off=0 alwaysOn=0 worst=none maxBetaOverGamma=+2.06@policy.pre_bn[103] minBetaOverGamma=-1.98@value.bn[4] rvMaxOverMedian=59.7@blocks.1.bn1[31] rezero=none nonFinite=0
[REPLAY] step=15150 loss=3.5205 pLoss=2.7077 vLoss=0.8104 pEnt=2.864 pIllM=0.0024 playedP=0.174 pW=0.47 pD=0.07 pL=0.46 vAbs=0.239 pLogitMean=-9.7897 vLogitMean=0.5952 gNorm=0.265 lr=0.00161 ms=2929.6 buf=500000 plies=129516515 games=1958806 rejected=0 skipped=0 epoch=0 mom=0.9430 lrCyc[pk=9.9e-01,tr=9.9e-04] trainerStep=15150
[LAYER-HEALTH] live trainerStep=15150 scope=batch_norm_state_only reluSites=2/10 ch=144 dead=0 off=0 alwaysOn=0 worst=none maxBetaOverGamma=+2.06@policy.pre_bn[103] minBetaOverGamma=-1.98@value.bn[4] rvMaxOverMedian=59.6@blocks.1.bn1[31] rezero=none nonFinite=0
[REPLAY] step=15200 loss=3.5026 pLoss=2.7027 vLoss=0.7975 pEnt=2.874 pIllM=0.0025 playedP=0.175 pW=0.47 pD=0.06 pL=0.46 vAbs=0.242 pLogitMean=-9.7883 vLogitMean=0.5940 gNorm=0.261 lr=0.00152 ms=3082.2 buf=500000 plies=129943160 games=1965291 rejected=0 skipped=0 epoch=0 mom=0.9438 lrCyc[pk=9.9e-01,tr=9.9e-04] trainerStep=15200
[LAYER-HEALTH] live trainerStep=15200 scope=batch_norm_state_only reluSites=2/10 ch=144 dead=0 off=0 alwaysOn=0 worst=none maxBetaOverGamma=+2.06@policy.pre_bn[103] minBetaOverGamma=-1.98@value.bn[4] rvMaxOverMedian=59.7@blocks.1.bn1[31] rezero=none nonFinite=0
[REPLAY] step=15250 loss=3.5593 pLoss=2.7399 vLoss=0.8171 pEnt=2.868 pIllM=0.0022 playedP=0.174 pW=0.47 pD=0.07 pL=0.46 vAbs=0.234 pLogitMean=-9.7888 vLogitMean=0.5936 gNorm=0.245 lr=0.00145 ms=3173.2 buf=500000 plies=130369822 games=1971741 rejected=0 skipped=0 epoch=0 mom=0.9446 lrCyc[pk=9.9e-01,tr=9.9e-04] trainerStep=15250
[LAYER-HEALTH] live trainerStep=15250 scope=batch_norm_state_only reluSites=2/10 ch=144 dead=0 off=0 alwaysOn=0 worst=none maxBetaOverGamma=+2.06@policy.pre_bn[103] minBetaOverGamma=-1.98@value.bn[4] rvMaxOverMedian=59.8@blocks.1.bn1[31] rezero=none nonFinite=0
[REPLAY] step=15300 loss=3.5523 pLoss=2.7422 vLoss=0.8077 pEnt=2.867 pIllM=0.0024 playedP=0.173 pW=0.47 pD=0.07 pL=0.46 vAbs=0.233 pLogitMean=-9.7890 vLogitMean=0.5950 gNorm=0.257 lr=0.00138 ms=3026.0 buf=500000 plies=130796447 games=1978179 rejected=0 skipped=0 epoch=0 mom=0.9452 lrCyc[pk=9.9e-01,tr=9.9e-04] trainerStep=15300
[LAYER-HEALTH] live trainerStep=15300 scope=batch_norm_state_only reluSites=2/10 ch=144 dead=0 off=0 alwaysOn=0 worst=none maxBetaOverGamma=+2.06@policy.pre_bn[103] minBetaOverGamma=-1.98@value.bn[4] rvMaxOverMedian=59.9@blocks.1.bn1[31] rezero=none nonFinite=0
[REPLAY] step=15350 loss=3.5300 pLoss=2.7338 vLoss=0.7938 pEnt=2.869 pIllM=0.0024 playedP=0.177 pW=0.47 pD=0.06 pL=0.46 vAbs=0.239 pLogitMean=-9.7887 vLogitMean=0.5939 gNorm=0.247 lr=0.00132 ms=2595.3 buf=500000 plies=131223080 games=1984586 rejected=0 skipped=0 epoch=0 mom=0.9459 lrCyc[pk=9.9e-01,tr=9.9e-04] trainerStep=15350
[LAYER-HEALTH] live trainerStep=15350 scope=batch_norm_state_only reluSites=2/10 ch=144 dead=0 off=0 alwaysOn=0 worst=none maxBetaOverGamma=+2.06@policy.pre_bn[103] minBetaOverGamma=-1.98@value.bn[4] rvMaxOverMedian=60.0@blocks.1.bn1[31] rezero=none nonFinite=0
[REPLAY] step=15400 loss=3.5542 pLoss=2.7310 vLoss=0.8208 pEnt=2.874 pIllM=0.0024 playedP=0.173 pW=0.47 pD=0.07 pL=0.46 vAbs=0.239 pLogitMean=-9.7884 vLogitMean=0.5924 gNorm=0.270 lr=0.00127 ms=3329.5 buf=500000 plies=131649799 games=1990953 rejected=0 skipped=0 epoch=0 mom=0.9465 lrCyc[pk=9.9e-01,tr=9.9e-04] trainerStep=15400
[LAYER-HEALTH] live trainerStep=15400 scope=batch_norm_state_only reluSites=2/10 ch=144 dead=0 off=0 alwaysOn=0 worst=none maxBetaOverGamma=+2.06@policy.pre_bn[103] minBetaOverGamma=-1.98@value.bn[4] rvMaxOverMedian=60.0@blocks.1.bn1[31] rezero=none nonFinite=0
[REPLAY] step=15450 loss=3.5211 pLoss=2.7197 vLoss=0.7991 pEnt=2.844 pIllM=0.0023 playedP=0.179 pW=0.47 pD=0.07 pL=0.46 vAbs=0.244 pLogitMean=-9.7884 vLogitMean=0.5958 gNorm=0.253 lr=0.00122 ms=2913.5 buf=500000 plies=132076385 games=1997328 rejected=0 skipped=0 epoch=0 mom=0.9470 lrCyc[pk=9.9e-01,tr=9.9e-04] trainerStep=15450
[LAYER-HEALTH] live trainerStep=15450 scope=batch_norm_state_only reluSites=2/10 ch=144 dead=0 off=0 alwaysOn=0 worst=none maxBetaOverGamma=+2.06@policy.pre_bn[103] minBetaOverGamma=-1.97@value.bn[4] rvMaxOverMedian=60.1@blocks.1.bn1[31] rezero=none nonFinite=0
[REPLAY] step=15500 loss=3.5077 pLoss=2.7007 vLoss=0.8045 pEnt=2.873 pIllM=0.0025 playedP=0.172 pW=0.47 pD=0.07 pL=0.46 vAbs=0.245 pLogitMean=-9.7889 vLogitMean=0.5934 gNorm=0.273 lr=0.00118 ms=3175.5 buf=500000 plies=132503068 games=2003720 rejected=0 skipped=0 epoch=0 mom=0.9476 lrCyc[pk=9.9e-01,tr=9.9e-04] trainerStep=15500
[LAYER-HEALTH] live trainerStep=15500 scope=batch_norm_state_only reluSites=2/10 ch=144 dead=0 off=0 alwaysOn=0 worst=none maxBetaOverGamma=+2.06@policy.pre_bn[103] minBetaOverGamma=-1.97@value.bn[4] rvMaxOverMedian=60.0@blocks.1.bn1[31] rezero=none nonFinite=0
[REPLAY] step=15550 loss=3.5064 pLoss=2.6852 vLoss=0.8188 pEnt=2.877 pIllM=0.0023 playedP=0.170 pW=0.47 pD=0.07 pL=0.46 vAbs=0.242 pLogitMean=-9.7892 vLogitMean=0.5964 gNorm=0.276 lr=0.00114 ms=3404.8 buf=500000 plies=132929718 games=2010105 rejected=0 skipped=0 epoch=0 mom=0.9480 lrCyc[pk=9.9e-01,tr=9.9e-04] trainerStep=15550
[LAYER-HEALTH] live trainerStep=15550 scope=batch_norm_state_only reluSites=2/10 ch=144 dead=0 off=0 alwaysOn=0 worst=none maxBetaOverGamma=+2.06@policy.pre_bn[103] minBetaOverGamma=-1.98@value.bn[4] rvMaxOverMedian=60.0@blocks.1.bn1[31] rezero=none nonFinite=0
[REPLAY] step=15600 loss=3.5171 pLoss=2.7155 vLoss=0.7991 pEnt=2.851 pIllM=0.0025 playedP=0.177 pW=0.47 pD=0.07 pL=0.46 vAbs=0.246 pLogitMean=-9.7895 vLogitMean=0.5942 gNorm=0.239 lr=0.00111 ms=2558.0 buf=500000 plies=133356347 games=2016453 rejected=0 skipped=0 epoch=0 mom=0.9484 lrCyc[pk=9.9e-01,tr=9.9e-04] trainerStep=15600
[LAYER-HEALTH] live trainerStep=15600 scope=batch_norm_state_only reluSites=2/10 ch=144 dead=0 off=0 alwaysOn=0 worst=none maxBetaOverGamma=+2.06@policy.pre_bn[103] minBetaOverGamma=-1.98@value.bn[4] rvMaxOverMedian=59.9@blocks.1.bn1[31] rezero=none nonFinite=0
[REPLAY] step=15650 loss=3.5062 pLoss=2.6994 vLoss=0.8044 pEnt=2.857 pIllM=0.0025 playedP=0.174 pW=0.47 pD=0.07 pL=0.46 vAbs=0.246 pLogitMean=-9.7904 vLogitMean=0.5969 gNorm=0.254 lr=0.00108 ms=3162.4 buf=500000 plies=133782999 games=2022808 rejected=0 skipped=0 epoch=0 mom=0.9488 lrCyc[pk=9.9e-01,tr=9.9e-04] trainerStep=15650
[LAYER-HEALTH] live trainerStep=15650 scope=batch_norm_state_only reluSites=2/10 ch=144 dead=0 off=0 alwaysOn=0 worst=none maxBetaOverGamma=+2.06@policy.pre_bn[103] minBetaOverGamma=-1.98@value.bn[4] rvMaxOverMedian=59.9@blocks.1.bn1[31] rezero=none nonFinite=0
[REPLAY] step=15700 loss=3.5084 pLoss=2.7082 vLoss=0.7980 pEnt=2.850 pIllM=0.0021 playedP=0.174 pW=0.47 pD=0.07 pL=0.46 vAbs=0.246 pLogitMean=-9.7904 vLogitMean=0.5973 gNorm=0.258 lr=0.00106 ms=2547.3 buf=500000 plies=134209628 games=2029244 rejected=0 skipped=0 epoch=0 mom=0.9491 lrCyc[pk=9.9e-01,tr=9.9e-04] trainerStep=15700
[LAYER-HEALTH] live trainerStep=15700 scope=batch_norm_state_only reluSites=2/10 ch=144 dead=0 off=0 alwaysOn=0 worst=none maxBetaOverGamma=+2.06@policy.pre_bn[103] minBetaOverGamma=-1.98@value.bn[4] rvMaxOverMedian=59.8@blocks.1.bn1[31] rezero=none nonFinite=0
[REPLAY] step=15750 loss=3.5262 pLoss=2.7168 vLoss=0.8070 pEnt=2.868 pIllM=0.0024 playedP=0.175 pW=0.47 pD=0.07 pL=0.46 vAbs=0.246 pLogitMean=-9.7922 vLogitMean=0.5951 gNorm=0.259 lr=0.00104 ms=2783.7 buf=500000 plies=134636281 games=2035593 rejected=0 skipped=0 epoch=0 mom=0.9494 lrCyc[pk=9.9e-01,tr=9.9e-04] trainerStep=15750
[LAYER-HEALTH] live trainerStep=15750 scope=batch_norm_state_only reluSites=2/10 ch=144 dead=0 off=0 alwaysOn=0 worst=none maxBetaOverGamma=+2.06@policy.pre_bn[103] minBetaOverGamma=-1.98@value.bn[4] rvMaxOverMedian=59.8@blocks.1.bn1[31] rezero=none nonFinite=0
[REPLAY] step=15800 loss=3.4955 pLoss=2.6887 vLoss=0.8042 pEnt=2.840 pIllM=0.0025 playedP=0.181 pW=0.47 pD=0.07 pL=0.46 vAbs=0.247 pLogitMean=-9.7898 vLogitMean=0.5956 gNorm=0.246 lr=0.00102 ms=2589.1 buf=500000 plies=135062937 games=2042012 rejected=0 skipped=0 epoch=0 mom=0.9496 lrCyc[pk=9.9e-01,tr=9.9e-04] trainerStep=15800
[LAYER-HEALTH] live trainerStep=15800 scope=batch_norm_state_only reluSites=2/10 ch=144 dead=0 off=0 alwaysOn=0 worst=none maxBetaOverGamma=+2.06@policy.pre_bn[103] minBetaOverGamma=-1.98@value.bn[4] rvMaxOverMedian=59.7@blocks.1.bn1[31] rezero=none nonFinite=0
[REPLAY] step=15850 loss=3.5050 pLoss=2.7040 vLoss=0.7986 pEnt=2.851 pIllM=0.0024 playedP=0.178 pW=0.47 pD=0.07 pL=0.46 vAbs=0.244 pLogitMean=-9.7880 vLogitMean=0.5907 gNorm=0.249 lr=0.00101 ms=2701.9 buf=500000 plies=135489605 games=2048407 rejected=0 skipped=0 epoch=0 mom=0.9498 lrCyc[pk=9.9e-01,tr=9.9e-04] trainerStep=15850
[LAYER-HEALTH] live trainerStep=15850 scope=batch_norm_state_only reluSites=2/10 ch=144 dead=0 off=0 alwaysOn=0 worst=none maxBetaOverGamma=+2.06@policy.pre_bn[103] minBetaOverGamma=-1.98@value.bn[4] rvMaxOverMedian=59.7@blocks.1.bn1[31] rezero=none nonFinite=0
[REPLAY] step=15900 loss=3.4994 pLoss=2.6860 vLoss=0.8110 pEnt=2.862 pIllM=0.0024 playedP=0.175 pW=0.47 pD=0.07 pL=0.46 vAbs=0.247 pLogitMean=-9.7896 vLogitMean=0.5913 gNorm=0.274 lr=0.001 ms=3209.7 buf=500000 plies=135916238 games=2054898 rejected=0 skipped=0 epoch=0 mom=0.9499 lrCyc[pk=9.9e-01,tr=9.9e-04] trainerStep=15900
[LAYER-HEALTH] live trainerStep=15900 scope=batch_norm_state_only reluSites=2/10 ch=144 dead=0 off=0 alwaysOn=0 worst=none maxBetaOverGamma=+2.06@policy.pre_bn[103] minBetaOverGamma=-1.98@value.bn[4] rvMaxOverMedian=59.7@blocks.1.bn1[31] rezero=none nonFinite=0
[REPLAY] step=15950 loss=3.4963 pLoss=2.7061 vLoss=0.7878 pEnt=2.860 pIllM=0.0024 playedP=0.176 pW=0.47 pD=0.07 pL=0.46 vAbs=0.247 pLogitMean=-9.7897 vLogitMean=0.5938 gNorm=0.250 lr=0.000995 ms=2657.6 buf=500000 plies=136342913 games=2061309 rejected=0 skipped=0 epoch=0 mom=0.9500 lrCyc[pk=9.9e-01,tr=9.9e-04] trainerStep=15950
[LAYER-HEALTH] live trainerStep=15950 scope=batch_norm_state_only reluSites=2/10 ch=144 dead=0 off=0 alwaysOn=0 worst=none maxBetaOverGamma=+2.06@policy.pre_bn[103] minBetaOverGamma=-1.98@value.bn[4] rvMaxOverMedian=59.7@blocks.1.bn1[31] rezero=none nonFinite=0
[REPLAY] step=16000 loss=3.4929 pLoss=2.6822 vLoss=0.8084 pEnt=2.864 pIllM=0.0023 playedP=0.174 pW=0.47 pD=0.07 pL=0.46 vAbs=0.250 pLogitMean=-9.7913 vLogitMean=0.5954 gNorm=0.262 lr=0.000993 ms=2785.7 buf=500000 plies=136769555 games=2067758 rejected=0 skipped=0 epoch=0 mom=0.9500 lrCyc[pk=9.9e-01,tr=9.9e-04] trainerStep=16000
[LAYER-HEALTH] live trainerStep=16000 scope=batch_norm_state_only reluSites=2/10 ch=144 dead=0 off=0 alwaysOn=0 worst=none maxBetaOverGamma=+2.06@policy.pre_bn[103] minBetaOverGamma=-1.98@value.bn[4] rvMaxOverMedian=59.5@blocks.1.bn1[31] rezero=none nonFinite=0
[REPLAY] saved trainer model (autosave) step=16000 trainerStep=16000 nextGame=2067758 shard=4 epoch=0 -> 20261005-lrBsilu-cyc1-replay-latest.safetensors
[LAYER-HEALTH] checkpoint replay-autosave step=16000 trainerStep=16000 scope=all_tensors reluSites=2/10 ch=144 dead=0 off=0 alwaysOn=0 worst=none maxBetaOverGamma=+2.06@policy.pre_bn[103] minBetaOverGamma=-1.98@value.bn[4] rvMaxOverMedian=59.5@blocks.1.bn1[31] rezero=none nonFinite=0 seZeroVel=none valueFC1ZeroVel=0/128 maxAbs=20.94@blocks.2.bn1.running_var
[LAYER-HEALTH]   batch-norm sites — β/|γ|: dead < -3.00, mostly off < -2.00, always on > +3.00; classified for relu/leaky_relu only
[LAYER-HEALTH]     site            act            ch   dead    off     on  zeroγ nonfin  min β/|γ| [ch]     max β/|γ| [ch]     rv max/median [ch]
[LAYER-HEALTH]     stem.bn         -             128    n/a    n/a    n/a      0      0     -0.47 [104]        +0.26 [20]            5.6 [76]
[LAYER-HEALTH]     blocks.0.bn1    silu          128    n/a    n/a    n/a      0      0     -0.66 [5]          +0.14 [103]           3.1 [14]
[LAYER-HEALTH]     blocks.0.bn2    silu          128    n/a    n/a    n/a      0      0     -1.02 [53]         +1.04 [48]            5.2 [79]
[LAYER-HEALTH]     blocks.1.bn1    silu          128    n/a    n/a    n/a      0      0     -1.22 [17]         +0.05 [31]           59.5 [31]
[LAYER-HEALTH]     blocks.1.bn2    silu          128    n/a    n/a    n/a      0      0     -1.24 [120]        -0.06 [101]           8.9 [70]
[LAYER-HEALTH]     blocks.2.bn1    silu          128    n/a    n/a    n/a      0      0     -1.91 [17]         +1.29 [31]           59.2 [31]
[LAYER-HEALTH]     blocks.2.bn2    silu          128    n/a    n/a    n/a      0      0     -1.55 [78]         +0.01 [16]            3.8 [26]
[LAYER-HEALTH]     tower_final_bn  silu          128    n/a    n/a    n/a      0      0     -0.45 [90]         +0.78 [6]             7.7 [31]
[LAYER-HEALTH]     policy.pre_bn   leaky_relu    128      0      0      0      0      0     -0.77 [26]         +2.06 [103]           2.7 [53]
[LAYER-HEALTH]     value.bn        leaky_relu     16      0      0      0      0      0     -1.98 [4]          -0.77 [13]            2.3 [11]
[LAYER-HEALTH]   FC hidden-unit velocity — zero: every weight-velocity entry exactly 0; low: nonzero but < 5% of the layer's p90 unit norm
[LAYER-HEALTH]     value.fc1.weight  leaky_relu  units 128  zero 0  low 11  median unit norm 0.007049
[LAYER-HEALTH]     (no SE blocks)
[LAYER-HEALTH]   ReZero: none
[LAYER-HEALTH]   non-finite: 0 values in 0 of 102 tensors (10263038 values examined)
[LAYER-HEALTH]   largest |value|: blocks.2.bn1.running_var 20.94, blocks.1.bn1.running_var 19.18, blocks.1.bn2.running_var 12.83, blocks.0.bn2.running_var 9.939, blocks.2.bn2.running_var 7.325
[REPLAY] enumerated checkpoint -> 20261005-lrBsilu-cyc1-replay-step16000.safetensors
[REPLAY] step=16050 loss=3.5365 pLoss=2.7323 vLoss=0.8019 pEnt=2.860 pIllM=0.0023 playedP=0.175 pW=0.47 pD=0.07 pL=0.46 vAbs=0.246 pLogitMean=-9.7898 vLogitMean=0.5952 gNorm=0.260 lr=0.000995 ms=2998.3 buf=500000 plies=137196215 games=2074193 rejected=0 skipped=0 epoch=0 mom=0.9500 lrCyc[pk=9.9e-01,tr=9.9e-04] trainerStep=16050
[LAYER-HEALTH] live trainerStep=16050 scope=batch_norm_state_only reluSites=2/10 ch=144 dead=0 off=0 alwaysOn=0 worst=none maxBetaOverGamma=+2.06@policy.pre_bn[103] minBetaOverGamma=-1.98@value.bn[4] rvMaxOverMedian=59.6@blocks.1.bn1[31] rezero=none nonFinite=0
[REPLAY] step=16100 loss=3.4824 pLoss=2.6829 vLoss=0.7974 pEnt=2.853 pIllM=0.0021 playedP=0.178 pW=0.47 pD=0.07 pL=0.46 vAbs=0.246 pLogitMean=-9.7897 vLogitMean=0.5952 gNorm=0.260 lr=0.001 ms=2050.5 buf=500000 plies=137622825 games=2080618 rejected=0 skipped=0 epoch=0 mom=0.9499 lrCyc[pk=9.9e-01,tr=9.9e-04] trainerStep=16100
[LAYER-HEALTH] live trainerStep=16100 scope=batch_norm_state_only reluSites=2/10 ch=144 dead=0 off=0 alwaysOn=0 worst=none maxBetaOverGamma=+2.06@policy.pre_bn[103] minBetaOverGamma=-1.98@value.bn[4] rvMaxOverMedian=59.6@blocks.1.bn1[31] rezero=none nonFinite=0
[REPLAY] step=16150 loss=3.5244 pLoss=2.7083 vLoss=0.8135 pEnt=2.845 pIllM=0.0025 playedP=0.179 pW=0.47 pD=0.07 pL=0.46 vAbs=0.244 pLogitMean=-9.7894 vLogitMean=0.5934 gNorm=0.279 lr=0.00101 ms=2678.0 buf=500000 plies=138049542 games=2087076 rejected=0 skipped=0 epoch=0 mom=0.9498 lrCyc[pk=9.9e-01,tr=9.9e-04] trainerStep=16150
[LAYER-HEALTH] live trainerStep=16150 scope=batch_norm_state_only reluSites=2/10 ch=144 dead=0 off=0 alwaysOn=0 worst=none maxBetaOverGamma=+2.06@policy.pre_bn[103] minBetaOverGamma=-1.98@value.bn[4] rvMaxOverMedian=59.6@blocks.1.bn1[31] rezero=none nonFinite=0
[REPLAY] step=16200 loss=3.5043 pLoss=2.7020 vLoss=0.7999 pEnt=2.853 pIllM=0.0024 playedP=0.180 pW=0.47 pD=0.07 pL=0.46 vAbs=0.240 pLogitMean=-9.7898 vLogitMean=0.5934 gNorm=0.267 lr=0.00102 ms=2386.5 buf=500000 plies=138476124 games=2093532 rejected=0 skipped=0 epoch=0 mom=0.9496 lrCyc[pk=9.9e-01,tr=9.9e-04] trainerStep=16200
[LAYER-HEALTH] live trainerStep=16200 scope=batch_norm_state_only reluSites=2/10 ch=144 dead=0 off=0 alwaysOn=0 worst=none maxBetaOverGamma=+2.06@policy.pre_bn[103] minBetaOverGamma=-1.98@value.bn[4] rvMaxOverMedian=59.6@blocks.1.bn1[31] rezero=none nonFinite=0
[REPLAY] step=16250 loss=3.4874 pLoss=2.6840 vLoss=0.8011 pEnt=2.853 pIllM=0.0024 playedP=0.178 pW=0.47 pD=0.07 pL=0.46 vAbs=0.243 pLogitMean=-9.7901 vLogitMean=0.5955 gNorm=0.243 lr=0.00104 ms=2405.7 buf=500000 plies=138902776 games=2099892 rejected=0 skipped=0 epoch=0 mom=0.9494 lrCyc[pk=9.9e-01,tr=9.9e-04] trainerStep=16250
[LAYER-HEALTH] live trainerStep=16250 scope=batch_norm_state_only reluSites=2/10 ch=144 dead=0 off=0 alwaysOn=0 worst=none maxBetaOverGamma=+2.06@policy.pre_bn[103] minBetaOverGamma=-1.98@value.bn[4] rvMaxOverMedian=59.6@blocks.1.bn1[31] rezero=none nonFinite=0
[REPLAY] step=16300 loss=3.5355 pLoss=2.7400 vLoss=0.7934 pEnt=2.882 pIllM=0.0020 playedP=0.169 pW=0.47 pD=0.07 pL=0.46 vAbs=0.241 pLogitMean=-9.7913 vLogitMean=0.5958 gNorm=0.281 lr=0.00106 ms=2386.9 buf=500000 plies=139329472 games=2106328 rejected=0 skipped=0 epoch=0 mom=0.9491 lrCyc[pk=9.9e-01,tr=9.9e-04] trainerStep=16300
[LAYER-HEALTH] live trainerStep=16300 scope=batch_norm_state_only reluSites=2/10 ch=144 dead=0 off=0 alwaysOn=0 worst=none maxBetaOverGamma=+2.06@policy.pre_bn[103] minBetaOverGamma=-1.98@value.bn[4] rvMaxOverMedian=59.6@blocks.1.bn1[31] rezero=none nonFinite=0
[REPLAY] step=16350 loss=3.5062 pLoss=2.7026 vLoss=0.8011 pEnt=2.854 pIllM=0.0025 playedP=0.173 pW=0.47 pD=0.07 pL=0.46 vAbs=0.249 pLogitMean=-9.7905 vLogitMean=0.5942 gNorm=0.254 lr=0.00108 ms=3002.9 buf=500000 plies=139756120 games=2112709 rejected=0 skipped=0 epoch=0 mom=0.9488 lrCyc[pk=9.9e-01,tr=9.9e-04] trainerStep=16350
[LAYER-HEALTH] live trainerStep=16350 scope=batch_norm_state_only reluSites=2/10 ch=144 dead=0 off=0 alwaysOn=0 worst=none maxBetaOverGamma=+2.06@policy.pre_bn[103] minBetaOverGamma=-1.98@value.bn[4] rvMaxOverMedian=59.6@blocks.1.bn1[31] rezero=none nonFinite=0
[REPLAY] step=16400 loss=3.5003 pLoss=2.6956 vLoss=0.8022 pEnt=2.833 pIllM=0.0025 playedP=0.178 pW=0.47 pD=0.07 pL=0.46 vAbs=0.245 pLogitMean=-9.7879 vLogitMean=0.5949 gNorm=0.249 lr=0.00111 ms=3096.6 buf=500000 plies=140182752 games=2119142 rejected=0 skipped=0 epoch=0 mom=0.9484 lrCyc[pk=9.9e-01,tr=9.9e-04] trainerStep=16400
[LAYER-HEALTH] live trainerStep=16400 scope=batch_norm_state_only reluSites=2/10 ch=144 dead=0 off=0 alwaysOn=0 worst=none maxBetaOverGamma=+2.06@policy.pre_bn[103] minBetaOverGamma=-1.98@value.bn[4] rvMaxOverMedian=59.5@blocks.1.bn1[31] rezero=none nonFinite=0
[REPLAY] step=16450 loss=3.4881 pLoss=2.6895 vLoss=0.7963 pEnt=2.853 pIllM=0.0024 playedP=0.178 pW=0.47 pD=0.07 pL=0.46 vAbs=0.244 pLogitMean=-9.7902 vLogitMean=0.5952 gNorm=0.258 lr=0.00114 ms=3043.4 buf=500000 plies=140609391 games=2125559 rejected=0 skipped=0 epoch=0 mom=0.9480 lrCyc[pk=9.9e-01,tr=9.9e-04] trainerStep=16450
[LAYER-HEALTH] live trainerStep=16450 scope=batch_norm_state_only reluSites=2/10 ch=144 dead=0 off=0 alwaysOn=0 worst=none maxBetaOverGamma=+2.06@policy.pre_bn[103] minBetaOverGamma=-1.98@value.bn[4] rvMaxOverMedian=59.4@blocks.1.bn1[31] rezero=none nonFinite=0
[REPLAY] step=16500 loss=3.5478 pLoss=2.7325 vLoss=0.8127 pEnt=2.872 pIllM=0.0026 playedP=0.172 pW=0.47 pD=0.07 pL=0.46 vAbs=0.249 pLogitMean=-9.7899 vLogitMean=0.5954 gNorm=0.270 lr=0.00118 ms=1890.7 buf=500000 plies=141036055 games=2131967 rejected=0 skipped=0 epoch=0 mom=0.9476 lrCyc[pk=9.9e-01,tr=9.9e-04] trainerStep=16500
[LAYER-HEALTH] live trainerStep=16500 scope=batch_norm_state_only reluSites=2/10 ch=144 dead=0 off=0 alwaysOn=0 worst=none maxBetaOverGamma=+2.06@policy.pre_bn[103] minBetaOverGamma=-1.98@value.bn[4] rvMaxOverMedian=59.4@blocks.1.bn1[31] rezero=none nonFinite=0
[REPLAY] step=16550 loss=3.5289 pLoss=2.7013 vLoss=0.8253 pEnt=2.864 pIllM=0.0023 playedP=0.175 pW=0.47 pD=0.07 pL=0.46 vAbs=0.240 pLogitMean=-9.7894 vLogitMean=0.5965 gNorm=0.264 lr=0.00122 ms=2629.8 buf=500000 plies=141462709 games=2138354 rejected=0 skipped=0 epoch=0 mom=0.9470 lrCyc[pk=9.9e-01,tr=9.9e-04] trainerStep=16550
[LAYER-HEALTH] live trainerStep=16550 scope=batch_norm_state_only reluSites=2/10 ch=144 dead=0 off=0 alwaysOn=0 worst=none maxBetaOverGamma=+2.06@policy.pre_bn[103] minBetaOverGamma=-1.98@value.bn[4] rvMaxOverMedian=59.3@blocks.2.bn1[31] rezero=none nonFinite=0
[REPLAY] step=16600 loss=3.5098 pLoss=2.7001 vLoss=0.8073 pEnt=2.852 pIllM=0.0024 playedP=0.178 pW=0.47 pD=0.07 pL=0.46 vAbs=0.237 pLogitMean=-9.7897 vLogitMean=0.5942 gNorm=0.248 lr=0.00127 ms=2962.0 buf=500000 plies=141889392 games=2144788 rejected=0 skipped=0 epoch=0 mom=0.9465 lrCyc[pk=9.9e-01,tr=9.9e-04] trainerStep=16600
[LAYER-HEALTH] live trainerStep=16600 scope=batch_norm_state_only reluSites=2/10 ch=144 dead=0 off=0 alwaysOn=0 worst=none maxBetaOverGamma=+2.06@policy.pre_bn[103] minBetaOverGamma=-1.98@value.bn[4] rvMaxOverMedian=59.4@blocks.2.bn1[31] rezero=none nonFinite=0
[REPLAY] step=16650 loss=3.5040 pLoss=2.6881 vLoss=0.8136 pEnt=2.850 pIllM=0.0024 playedP=0.177 pW=0.47 pD=0.07 pL=0.46 vAbs=0.235 pLogitMean=-9.7901 vLogitMean=0.5922 gNorm=0.256 lr=0.00132 ms=2793.6 buf=500000 plies=142316069 games=2151214 rejected=0 skipped=0 epoch=0 mom=0.9459 lrCyc[pk=9.9e-01,tr=9.9e-04] trainerStep=16650
[LAYER-HEALTH] live trainerStep=16650 scope=batch_norm_state_only reluSites=2/10 ch=144 dead=0 off=0 alwaysOn=0 worst=none maxBetaOverGamma=+2.06@policy.pre_bn[103] minBetaOverGamma=-1.98@value.bn[4] rvMaxOverMedian=59.4@blocks.2.bn1[31] rezero=none nonFinite=0
[REPLAY] step=16700 loss=3.5451 pLoss=2.7238 vLoss=0.8188 pEnt=2.850 pIllM=0.0024 playedP=0.175 pW=0.47 pD=0.07 pL=0.46 vAbs=0.232 pLogitMean=-9.7902 vLogitMean=0.5913 gNorm=0.256 lr=0.00138 ms=1917.0 buf=500000 plies=142742642 games=2157655 rejected=0 skipped=0 epoch=0 mom=0.9452 lrCyc[pk=9.9e-01,tr=9.9e-04] trainerStep=16700
[LAYER-HEALTH] live trainerStep=16700 scope=batch_norm_state_only reluSites=2/10 ch=144 dead=0 off=0 alwaysOn=0 worst=none maxBetaOverGamma=+2.06@policy.pre_bn[103] minBetaOverGamma=-1.98@value.bn[4] rvMaxOverMedian=59.4@blocks.2.bn1[31] rezero=none nonFinite=0
[REPLAY] step=16750 loss=3.5202 pLoss=2.7162 vLoss=0.8015 pEnt=2.855 pIllM=0.0025 playedP=0.175 pW=0.47 pD=0.07 pL=0.46 vAbs=0.233 pLogitMean=-9.7926 vLogitMean=0.5909 gNorm=0.260 lr=0.00145 ms=2778.6 buf=500000 plies=143169370 games=2164045 rejected=0 skipped=0 epoch=0 mom=0.9446 lrCyc[pk=9.9e-01,tr=9.9e-04] trainerStep=16750
[LAYER-HEALTH] live trainerStep=16750 scope=batch_norm_state_only reluSites=2/10 ch=144 dead=0 off=0 alwaysOn=0 worst=none maxBetaOverGamma=+2.06@policy.pre_bn[103] minBetaOverGamma=-1.98@value.bn[4] rvMaxOverMedian=59.6@blocks.2.bn1[31] rezero=none nonFinite=0
[REPLAY] step=16800 loss=3.5259 pLoss=2.7167 vLoss=0.8069 pEnt=2.858 pIllM=0.0024 playedP=0.173 pW=0.47 pD=0.07 pL=0.46 vAbs=0.240 pLogitMean=-9.7915 vLogitMean=0.5960 gNorm=0.259 lr=0.00152 ms=2636.2 buf=500000 plies=143595948 games=2170404 rejected=0 skipped=0 epoch=0 mom=0.9438 lrCyc[pk=9.9e-01,tr=9.9e-04] trainerStep=16800
[LAYER-HEALTH] live trainerStep=16800 scope=batch_norm_state_only reluSites=2/10 ch=144 dead=0 off=0 alwaysOn=0 worst=none maxBetaOverGamma=+2.06@policy.pre_bn[103] minBetaOverGamma=-1.98@value.bn[4] rvMaxOverMedian=59.7@blocks.2.bn1[31] rezero=none nonFinite=0
[REPLAY] step=16850 loss=3.5027 pLoss=2.6921 vLoss=0.8084 pEnt=2.870 pIllM=0.0022 playedP=0.176 pW=0.47 pD=0.07 pL=0.46 vAbs=0.241 pLogitMean=-9.7920 vLogitMean=0.5932 gNorm=0.243 lr=0.00161 ms=2986.9 buf=500000 plies=144022589 games=2176776 rejected=0 skipped=0 epoch=0 mom=0.9430 lrCyc[pk=9.9e-01,tr=9.9e-04] trainerStep=16850
[LAYER-HEALTH] live trainerStep=16850 scope=batch_norm_state_only reluSites=2/10 ch=144 dead=0 off=0 alwaysOn=0 worst=none maxBetaOverGamma=+2.06@policy.pre_bn[103] minBetaOverGamma=-1.98@value.bn[4] rvMaxOverMedian=59.7@blocks.2.bn1[31] rezero=none nonFinite=0
[REPLAY] step=16900 loss=3.5220 pLoss=2.7054 vLoss=0.8143 pEnt=2.843 pIllM=0.0023 playedP=0.177 pW=0.47 pD=0.07 pL=0.46 vAbs=0.238 pLogitMean=-9.7919 vLogitMean=0.5908 gNorm=0.241 lr=0.0017 ms=2199.6 buf=500000 plies=144449351 games=2183197 rejected=0 skipped=0 epoch=0 mom=0.9422 lrCyc[pk=9.9e-01,tr=9.9e-04] trainerStep=16900
[LAYER-HEALTH] live trainerStep=16900 scope=batch_norm_state_only reluSites=2/10 ch=144 dead=0 off=0 alwaysOn=0 worst=none maxBetaOverGamma=+2.06@policy.pre_bn[103] minBetaOverGamma=-1.98@value.bn[4] rvMaxOverMedian=59.7@blocks.2.bn1[31] rezero=none nonFinite=0
[REPLAY] step=16950 loss=3.5539 pLoss=2.7277 vLoss=0.8241 pEnt=2.869 pIllM=0.0021 playedP=0.172 pW=0.47 pD=0.07 pL=0.46 vAbs=0.234 pLogitMean=-9.7939 vLogitMean=0.5961 gNorm=0.272 lr=0.0018 ms=3132.3 buf=500000 plies=144875930 games=2189534 rejected=0 skipped=0 epoch=0 mom=0.9414 lrCyc[pk=9.9e-01,tr=9.9e-04] trainerStep=16950
[LAYER-HEALTH] live trainerStep=16950 scope=batch_norm_state_only reluSites=2/10 ch=144 dead=0 off=0 alwaysOn=0 worst=none maxBetaOverGamma=+2.06@policy.pre_bn[103] minBetaOverGamma=-1.98@value.bn[4] rvMaxOverMedian=59.7@blocks.2.bn1[31] rezero=none nonFinite=0
[REPLAY] step=17000 loss=3.5279 pLoss=2.7127 vLoss=0.8131 pEnt=2.850 pIllM=0.0021 playedP=0.177 pW=0.47 pD=0.07 pL=0.46 vAbs=0.228 pLogitMean=-9.7913 vLogitMean=0.5947 gNorm=0.257 lr=0.00192 ms=2942.7 buf=500000 plies=145302525 games=2195983 rejected=0 skipped=0 epoch=0 mom=0.9405 lrCyc[pk=9.9e-01,tr=9.9e-04] trainerStep=17000
[LAYER-HEALTH] live trainerStep=17000 scope=batch_norm_state_only reluSites=2/10 ch=144 dead=0 off=0 alwaysOn=0 worst=none maxBetaOverGamma=+2.06@policy.pre_bn[103] minBetaOverGamma=-1.98@value.bn[4] rvMaxOverMedian=59.7@blocks.2.bn1[31] rezero=none nonFinite=0
[REPLAY] saved trainer model (autosave) step=17000 trainerStep=17000 nextGame=2195983 shard=4 epoch=0 -> 20261005-lrBsilu-cyc1-replay-latest.safetensors
[LAYER-HEALTH] checkpoint replay-autosave step=17000 trainerStep=17000 scope=all_tensors reluSites=2/10 ch=144 dead=0 off=0 alwaysOn=0 worst=none maxBetaOverGamma=+2.06@policy.pre_bn[103] minBetaOverGamma=-1.98@value.bn[4] rvMaxOverMedian=59.7@blocks.2.bn1[31] rezero=none nonFinite=0 seZeroVel=none valueFC1ZeroVel=0/128 maxAbs=21.01@blocks.2.bn1.running_var
[LAYER-HEALTH]   batch-norm sites — β/|γ|: dead < -3.00, mostly off < -2.00, always on > +3.00; classified for relu/leaky_relu only
[LAYER-HEALTH]     site            act            ch   dead    off     on  zeroγ nonfin  min β/|γ| [ch]     max β/|γ| [ch]     rv max/median [ch]
[LAYER-HEALTH]     stem.bn         -             128    n/a    n/a    n/a      0      0     -0.47 [104]        +0.26 [20]            5.6 [76]
[LAYER-HEALTH]     blocks.0.bn1    silu          128    n/a    n/a    n/a      0      0     -0.66 [5]          +0.14 [103]           3.1 [14]
[LAYER-HEALTH]     blocks.0.bn2    silu          128    n/a    n/a    n/a      0      0     -1.02 [53]         +1.04 [48]            5.1 [79]
[LAYER-HEALTH]     blocks.1.bn1    silu          128    n/a    n/a    n/a      0      0     -1.22 [17]         +0.05 [31]           58.1 [31]
[LAYER-HEALTH]     blocks.1.bn2    silu          128    n/a    n/a    n/a      0      0     -1.24 [120]        -0.06 [101]           8.9 [70]
[LAYER-HEALTH]     blocks.2.bn1    silu          128    n/a    n/a    n/a      0      0     -1.90 [17]         +1.29 [31]           59.7 [31]
[LAYER-HEALTH]     blocks.2.bn2    silu          128    n/a    n/a    n/a      0      0     -1.55 [78]         +0.01 [16]            3.8 [26]
[LAYER-HEALTH]     tower_final_bn  silu          128    n/a    n/a    n/a      0      0     -0.45 [90]         +0.78 [6]             7.8 [31]
[LAYER-HEALTH]     policy.pre_bn   leaky_relu    128      0      0      0      0      0     -0.77 [26]         +2.06 [103]           2.7 [53]
[LAYER-HEALTH]     value.bn        leaky_relu     16      0      0      0      0      0     -1.98 [4]          -0.77 [13]            2.3 [11]
[LAYER-HEALTH]   FC hidden-unit velocity — zero: every weight-velocity entry exactly 0; low: nonzero but < 5% of the layer's p90 unit norm
[LAYER-HEALTH]     value.fc1.weight  leaky_relu  units 128  zero 0  low 14  median unit norm 0.006763
[LAYER-HEALTH]     (no SE blocks)
[LAYER-HEALTH]   ReZero: none
[LAYER-HEALTH]   non-finite: 0 values in 0 of 102 tensors (10263038 values examined)
[LAYER-HEALTH]   largest |value|: blocks.2.bn1.running_var 21.01, blocks.1.bn1.running_var 19.05, blocks.1.bn2.running_var 12.82, blocks.0.bn2.running_var 9.669, blocks.2.bn2.running_var 7.34
[REPLAY] enumerated checkpoint -> 20261005-lrBsilu-cyc1-replay-step17000.safetensors
[REPLAY] step=17050 loss=3.5292 pLoss=2.7201 vLoss=0.8069 pEnt=2.864 pIllM=0.0022 playedP=0.176 pW=0.47 pD=0.07 pL=0.46 vAbs=0.232 pLogitMean=-9.7934 vLogitMean=0.5925 gNorm=0.259 lr=0.00205 ms=2191.6 buf=500000 plies=145729209 games=2202354 rejected=0 skipped=0 epoch=0 mom=0.9395 lrCyc[pk=9.9e-01,tr=9.9e-04] trainerStep=17050
[LAYER-HEALTH] live trainerStep=17050 scope=batch_norm_state_only reluSites=2/10 ch=144 dead=0 off=0 alwaysOn=0 worst=none maxBetaOverGamma=+2.06@policy.pre_bn[103] minBetaOverGamma=-1.98@value.bn[4] rvMaxOverMedian=59.6@blocks.2.bn1[31] rezero=none nonFinite=0
[REPLAY] step=17100 loss=3.5447 pLoss=2.7410 vLoss=0.8015 pEnt=2.866 pIllM=0.0022 playedP=0.173 pW=0.47 pD=0.07 pL=0.46 vAbs=0.235 pLogitMean=-9.7969 vLogitMean=0.5935 gNorm=0.257 lr=0.00219 ms=2419.2 buf=500000 plies=146155829 games=2208720 rejected=0 skipped=0 epoch=0 mom=0.9385 lrCyc[pk=9.9e-01,tr=9.9e-04] trainerStep=17100
[LAYER-HEALTH] live trainerStep=17100 scope=batch_norm_state_only reluSites=2/10 ch=144 dead=0 off=0 alwaysOn=0 worst=none maxBetaOverGamma=+2.06@policy.pre_bn[103] minBetaOverGamma=-1.98@value.bn[4] rvMaxOverMedian=59.6@blocks.2.bn1[31] rezero=none nonFinite=0
[REPLAY] step=17150 loss=3.5190 pLoss=2.7271 vLoss=0.7896 pEnt=2.868 pIllM=0.0023 playedP=0.176 pW=0.47 pD=0.07 pL=0.46 vAbs=0.232 pLogitMean=-9.7928 vLogitMean=0.5930 gNorm=0.253 lr=0.00235 ms=2135.7 buf=500000 plies=146582514 games=2215121 rejected=0 skipped=0 epoch=0 mom=0.9375 lrCyc[pk=9.9e-01,tr=9.9e-04] trainerStep=17150
[LAYER-HEALTH] live trainerStep=17150 scope=batch_norm_state_only reluSites=2/10 ch=144 dead=0 off=0 alwaysOn=0 worst=none maxBetaOverGamma=+2.06@policy.pre_bn[103] minBetaOverGamma=-1.98@value.bn[4] rvMaxOverMedian=59.6@blocks.2.bn1[31] rezero=none nonFinite=0
[REPLAY] step=17200 loss=3.4939 pLoss=2.6919 vLoss=0.7997 pEnt=2.853 pIllM=0.0022 playedP=0.178 pW=0.47 pD=0.07 pL=0.46 vAbs=0.238 pLogitMean=-9.7938 vLogitMean=0.5935 gNorm=0.262 lr=0.00253 ms=2328.3 buf=500000 plies=147009128 games=2221522 rejected=0 skipped=0 epoch=0 mom=0.9365 lrCyc[pk=9.9e-01,tr=9.9e-04] trainerStep=17200
[LAYER-HEALTH] live trainerStep=17200 scope=batch_norm_state_only reluSites=2/10 ch=144 dead=0 off=0 alwaysOn=0 worst=none maxBetaOverGamma=+2.06@policy.pre_bn[103] minBetaOverGamma=-1.98@value.bn[4] rvMaxOverMedian=59.6@blocks.2.bn1[31] rezero=none nonFinite=0
[REPLAY] step=17250 loss=3.5460 pLoss=2.7359 vLoss=0.8080 pEnt=2.889 pIllM=0.0021 playedP=0.171 pW=0.47 pD=0.07 pL=0.46 vAbs=0.236 pLogitMean=-9.7968 vLogitMean=0.5933 gNorm=0.268 lr=0.00273 ms=2580.3 buf=500000 plies=147435779 games=2227958 rejected=0 skipped=0 epoch=0 mom=0.9354 lrCyc[pk=9.9e-01,tr=9.9e-04] trainerStep=17250
[LAYER-HEALTH] live trainerStep=17250 scope=batch_norm_state_only reluSites=2/10 ch=144 dead=0 off=0 alwaysOn=0 worst=none maxBetaOverGamma=+2.06@policy.pre_bn[103] minBetaOverGamma=-1.98@value.bn[4] rvMaxOverMedian=59.7@blocks.2.bn1[31] rezero=none nonFinite=0
[REPLAY] step=17300 loss=3.5224 pLoss=2.7274 vLoss=0.7925 pEnt=2.854 pIllM=0.0025 playedP=0.175 pW=0.47 pD=0.07 pL=0.46 vAbs=0.238 pLogitMean=-9.7937 vLogitMean=0.5953 gNorm=0.252 lr=0.00295 ms=2672.2 buf=500000 plies=147862430 games=2234324 rejected=0 skipped=0 epoch=0 mom=0.9342 lrCyc[pk=9.9e-01,tr=9.9e-04] trainerStep=17300
[LAYER-HEALTH] live trainerStep=17300 scope=batch_norm_state_only reluSites=2/10 ch=144 dead=0 off=0 alwaysOn=0 worst=none maxBetaOverGamma=+2.06@policy.pre_bn[103] minBetaOverGamma=-1.98@value.bn[4] rvMaxOverMedian=59.7@blocks.2.bn1[31] rezero=none nonFinite=0
[REPLAY] step=17350 loss=3.5362 pLoss=2.7337 vLoss=0.8004 pEnt=2.887 pIllM=0.0021 playedP=0.172 pW=0.47 pD=0.06 pL=0.46 vAbs=0.243 pLogitMean=-9.7956 vLogitMean=0.5942 gNorm=0.254 lr=0.00319 ms=2307.7 buf=500000 plies=148289085 games=2240789 rejected=0 skipped=0 epoch=0 mom=0.9331 lrCyc[pk=9.9e-01,tr=9.9e-04] trainerStep=17350
[LAYER-HEALTH] live trainerStep=17350 scope=batch_norm_state_only reluSites=2/10 ch=144 dead=0 off=0 alwaysOn=0 worst=none maxBetaOverGamma=+2.06@policy.pre_bn[103] minBetaOverGamma=-1.98@value.bn[4] rvMaxOverMedian=59.7@blocks.2.bn1[31] rezero=none nonFinite=0
[REPLAY] step=17400 loss=3.5240 pLoss=2.7145 vLoss=0.8072 pEnt=2.869 pIllM=0.0024 playedP=0.173 pW=0.47 pD=0.07 pL=0.46 vAbs=0.245 pLogitMean=-9.7968 vLogitMean=0.5945 gNorm=0.245 lr=0.00347 ms=2858.5 buf=500000 plies=148715767 games=2247164 rejected=0 skipped=0 epoch=0 mom=0.9319 lrCyc[pk=9.9e-01,tr=9.9e-04] trainerStep=17400
[LAYER-HEALTH] live trainerStep=17400 scope=batch_norm_state_only reluSites=2/10 ch=144 dead=0 off=0 alwaysOn=0 worst=none maxBetaOverGamma=+2.06@policy.pre_bn[103] minBetaOverGamma=-1.97@value.bn[4] rvMaxOverMedian=59.7@blocks.2.bn1[31] rezero=none nonFinite=0
[REPLAY] step=17450 loss=3.5169 pLoss=2.7109 vLoss=0.8040 pEnt=2.861 pIllM=0.0020 playedP=0.175 pW=0.47 pD=0.07 pL=0.46 vAbs=0.233 pLogitMean=-9.7981 vLogitMean=0.5944 gNorm=0.243 lr=0.00377 ms=2997.1 buf=500000 plies=149142388 games=2253568 rejected=0 skipped=0 epoch=0 mom=0.9307 lrCyc[pk=9.8e-01,tr=9.9e-04] trainerStep=17450
[LAYER-HEALTH] live trainerStep=17450 scope=batch_norm_state_only reluSites=2/10 ch=144 dead=0 off=0 alwaysOn=0 worst=none maxBetaOverGamma=+2.06@policy.pre_bn[103] minBetaOverGamma=-1.98@value.bn[4] rvMaxOverMedian=59.6@blocks.2.bn1[31] rezero=none nonFinite=0
[REPLAY] step=17500 loss=3.5374 pLoss=2.7224 vLoss=0.8127 pEnt=2.856 pIllM=0.0023 playedP=0.175 pW=0.47 pD=0.07 pL=0.46 vAbs=0.238 pLogitMean=-9.7968 vLogitMean=0.5944 gNorm=0.279 lr=0.00411 ms=2630.1 buf=500000 plies=149569065 games=2259892 rejected=0 skipped=0 epoch=0 mom=0.9294 lrCyc[pk=9.8e-01,tr=9.9e-04] trainerStep=17500
[LAYER-HEALTH] live trainerStep=17500 scope=batch_norm_state_only reluSites=2/10 ch=144 dead=0 off=0 alwaysOn=0 worst=none maxBetaOverGamma=+2.06@policy.pre_bn[103] minBetaOverGamma=-1.97@value.bn[4] rvMaxOverMedian=59.6@blocks.2.bn1[31] rezero=none nonFinite=0
[REPLAY] step=17550 loss=3.5342 pLoss=2.7188 vLoss=0.8132 pEnt=2.861 pIllM=0.0023 playedP=0.172 pW=0.47 pD=0.07 pL=0.46 vAbs=0.231 pLogitMean=-9.7971 vLogitMean=0.5923 gNorm=0.247 lr=0.0045 ms=2645.6 buf=500000 plies=149995730 games=2266349 rejected=0 skipped=0 epoch=0 mom=0.9281 lrCyc[pk=9.8e-01,tr=9.9e-04] trainerStep=17550
[LAYER-HEALTH] live trainerStep=17550 scope=batch_norm_state_only reluSites=2/10 ch=144 dead=0 off=0 alwaysOn=0 worst=none maxBetaOverGamma=+2.06@policy.pre_bn[103] minBetaOverGamma=-1.98@value.bn[4] rvMaxOverMedian=59.6@blocks.2.bn1[31] rezero=none nonFinite=0
[REPLAY] step=17600 loss=3.5381 pLoss=2.7369 vLoss=0.7990 pEnt=2.862 pIllM=0.0022 playedP=0.176 pW=0.47 pD=0.07 pL=0.46 vAbs=0.240 pLogitMean=-9.7979 vLogitMean=0.5921 gNorm=0.258 lr=0.00492 ms=2702.3 buf=500000 plies=150422382 games=2272765 rejected=0 skipped=0 epoch=0 mom=0.9268 lrCyc[pk=9.8e-01,tr=9.9e-04] trainerStep=17600
[LAYER-HEALTH] live trainerStep=17600 scope=batch_norm_state_only reluSites=2/10 ch=144 dead=0 off=0 alwaysOn=0 worst=none maxBetaOverGamma=+2.06@policy.pre_bn[103] minBetaOverGamma=-1.98@value.bn[4] rvMaxOverMedian=59.5@blocks.2.bn1[31] rezero=none nonFinite=0
[REPLAY] step=17650 loss=3.4927 pLoss=2.6943 vLoss=0.7961 pEnt=2.864 pIllM=0.0023 playedP=0.176 pW=0.47 pD=0.07 pL=0.46 vAbs=0.249 pLogitMean=-9.7995 vLogitMean=0.5949 gNorm=0.259 lr=0.0054 ms=2442.7 buf=500000 plies=150848994 games=2279200 rejected=0 skipped=0 epoch=0 mom=0.9255 lrCyc[pk=9.8e-01,tr=9.9e-04] trainerStep=17650
[LAYER-HEALTH] live trainerStep=17650 scope=batch_norm_state_only reluSites=2/10 ch=144 dead=0 off=0 alwaysOn=0 worst=none maxBetaOverGamma=+2.06@policy.pre_bn[103] minBetaOverGamma=-1.98@value.bn[4] rvMaxOverMedian=59.6@blocks.2.bn1[31] rezero=none nonFinite=0
[REPLAY] step=17700 loss=3.5238 pLoss=2.7242 vLoss=0.7972 pEnt=2.859 pIllM=0.0024 playedP=0.177 pW=0.47 pD=0.07 pL=0.46 vAbs=0.241 pLogitMean=-9.8002 vLogitMean=0.5957 gNorm=0.252 lr=0.00593 ms=2169.5 buf=500000 plies=151275707 games=2285570 rejected=0 skipped=0 epoch=0 mom=0.9241 lrCyc[pk=9.8e-01,tr=9.9e-04] trainerStep=17700
[LAYER-HEALTH] live trainerStep=17700 scope=batch_norm_state_only reluSites=2/10 ch=144 dead=0 off=0 alwaysOn=0 worst=none maxBetaOverGamma=+2.06@policy.pre_bn[103] minBetaOverGamma=-1.97@value.bn[4] rvMaxOverMedian=59.5@blocks.2.bn1[31] rezero=none nonFinite=0
[REPLAY] step=17750 loss=3.5502 pLoss=2.7389 vLoss=0.8092 pEnt=2.864 pIllM=0.0021 playedP=0.177 pW=0.47 pD=0.07 pL=0.46 vAbs=0.232 pLogitMean=-9.7999 vLogitMean=0.5952 gNorm=0.270 lr=0.00653 ms=2811.6 buf=500000 plies=151702296 games=2292035 rejected=0 skipped=0 epoch=0 mom=0.9227 lrCyc[pk=9.8e-01,tr=9.9e-04] trainerStep=17750
[LAYER-HEALTH] live trainerStep=17750 scope=batch_norm_state_only reluSites=2/10 ch=144 dead=0 off=0 alwaysOn=0 worst=none maxBetaOverGamma=+2.06@policy.pre_bn[103] minBetaOverGamma=-1.98@value.bn[4] rvMaxOverMedian=59.6@blocks.2.bn1[31] rezero=none nonFinite=0
[REPLAY] step=17800 loss=3.5251 pLoss=2.7207 vLoss=0.8020 pEnt=2.862 pIllM=0.0023 playedP=0.175 pW=0.47 pD=0.07 pL=0.46 vAbs=0.236 pLogitMean=-9.7964 vLogitMean=0.5959 gNorm=0.246 lr=0.00719 ms=2841.3 buf=500000 plies=152128955 games=2298433 rejected=0 skipped=0 epoch=0 mom=0.9213 lrCyc[pk=9.8e-01,tr=9.9e-04] trainerStep=17800
[LAYER-HEALTH] live trainerStep=17800 scope=batch_norm_state_only reluSites=2/10 ch=144 dead=0 off=0 alwaysOn=0 worst=none maxBetaOverGamma=+2.06@policy.pre_bn[103] minBetaOverGamma=-1.97@value.bn[4] rvMaxOverMedian=59.7@blocks.2.bn1[31] rezero=none nonFinite=0
[REPLAY] step=17850 loss=3.4810 pLoss=2.6654 vLoss=0.8132 pEnt=2.838 pIllM=0.0024 playedP=0.180 pW=0.47 pD=0.07 pL=0.46 vAbs=0.237 pLogitMean=-9.7943 vLogitMean=0.5916 gNorm=0.260 lr=0.00794 ms=2484.8 buf=500000 plies=152555600 games=2304825 rejected=0 skipped=0 epoch=0 mom=0.9199 lrCyc[pk=9.8e-01,tr=9.9e-04] trainerStep=17850
[LAYER-HEALTH] live trainerStep=17850 scope=batch_norm_state_only reluSites=2/10 ch=144 dead=0 off=0 alwaysOn=0 worst=none maxBetaOverGamma=+2.06@policy.pre_bn[103] minBetaOverGamma=-1.97@value.bn[4] rvMaxOverMedian=59.8@blocks.2.bn1[31] rezero=none nonFinite=0
[REPLAY] step=17900 loss=3.5304 pLoss=2.7184 vLoss=0.8094 pEnt=2.856 pIllM=0.0025 playedP=0.175 pW=0.47 pD=0.07 pL=0.46 vAbs=0.225 pLogitMean=-9.7970 vLogitMean=0.5960 gNorm=0.251 lr=0.00878 ms=2707.6 buf=500000 plies=152982245 games=2311227 rejected=0 skipped=0 epoch=0 mom=0.9184 lrCyc[pk=9.8e-01,tr=9.9e-04] trainerStep=17900
[LAYER-HEALTH] live trainerStep=17900 scope=batch_norm_state_only reluSites=2/10 ch=144 dead=0 off=0 alwaysOn=0 worst=none maxBetaOverGamma=+2.06@policy.pre_bn[103] minBetaOverGamma=-1.97@value.bn[4] rvMaxOverMedian=59.9@blocks.2.bn1[31] rezero=none nonFinite=0
[REPLAY] step=17950 loss=3.5268 pLoss=2.7163 vLoss=0.8082 pEnt=2.872 pIllM=0.0023 playedP=0.172 pW=0.47 pD=0.06 pL=0.46 vAbs=0.242 pLogitMean=-9.7990 vLogitMean=0.5938 gNorm=0.268 lr=0.00971 ms=2590.5 buf=500000 plies=153408905 games=2317605 rejected=0 skipped=0 epoch=0 mom=0.9170 lrCyc[pk=9.8e-01,tr=9.9e-04] trainerStep=17950
[LAYER-HEALTH] live trainerStep=17950 scope=batch_norm_state_only reluSites=2/10 ch=144 dead=0 off=0 alwaysOn=0 worst=none maxBetaOverGamma=+2.06@policy.pre_bn[103] minBetaOverGamma=-1.98@value.bn[4] rvMaxOverMedian=60.0@blocks.2.bn1[31] rezero=none nonFinite=0
[REPLAY] step=18000 loss=3.5379 pLoss=2.7279 vLoss=0.8079 pEnt=2.871 pIllM=0.0021 playedP=0.174 pW=0.47 pD=0.07 pL=0.47 vAbs=0.232 pLogitMean=-9.7965 vLogitMean=0.5946 gNorm=0.275 lr=0.0108 ms=2022.6 buf=500000 plies=153835550 games=2323995 rejected=0 skipped=0 epoch=0 mom=0.9155 lrCyc[pk=9.8e-01,tr=9.9e-04] trainerStep=18000
[LAYER-HEALTH] live trainerStep=18000 scope=batch_norm_state_only reluSites=2/10 ch=144 dead=0 off=0 alwaysOn=0 worst=none maxBetaOverGamma=+2.06@policy.pre_bn[103] minBetaOverGamma=-1.97@value.bn[4] rvMaxOverMedian=59.8@blocks.2.bn1[31] rezero=none nonFinite=0
[REPLAY] saved trainer model (autosave) step=18000 trainerStep=18000 nextGame=2323995 shard=5 epoch=0 -> 20261005-lrBsilu-cyc1-replay-latest.safetensors
[LAYER-HEALTH] checkpoint replay-autosave step=18000 trainerStep=18000 scope=all_tensors reluSites=2/10 ch=144 dead=0 off=0 alwaysOn=0 worst=none maxBetaOverGamma=+2.06@policy.pre_bn[103] minBetaOverGamma=-1.97@value.bn[4] rvMaxOverMedian=59.8@blocks.2.bn1[31] rezero=none nonFinite=0 seZeroVel=none valueFC1ZeroVel=0/128 maxAbs=21.05@blocks.2.bn1.running_var
[LAYER-HEALTH]   batch-norm sites — β/|γ|: dead < -3.00, mostly off < -2.00, always on > +3.00; classified for relu/leaky_relu only
[LAYER-HEALTH]     site            act            ch   dead    off     on  zeroγ nonfin  min β/|γ| [ch]     max β/|γ| [ch]     rv max/median [ch]
[LAYER-HEALTH]     stem.bn         -             128    n/a    n/a    n/a      0      0     -0.48 [104]        +0.26 [20]            5.5 [76]
[LAYER-HEALTH]     blocks.0.bn1    silu          128    n/a    n/a    n/a      0      0     -0.67 [5]          +0.14 [103]           3.1 [14]
[LAYER-HEALTH]     blocks.0.bn2    silu          128    n/a    n/a    n/a      0      0     -1.02 [53]         +1.05 [48]            4.9 [79]
[LAYER-HEALTH]     blocks.1.bn1    silu          128    n/a    n/a    n/a      0      0     -1.22 [17]         +0.05 [31]           57.9 [31]
[LAYER-HEALTH]     blocks.1.bn2    silu          128    n/a    n/a    n/a      0      0     -1.24 [120]        -0.05 [101]           8.9 [70]
[LAYER-HEALTH]     blocks.2.bn1    silu          128    n/a    n/a    n/a      0      0     -1.90 [17]         +1.30 [31]           59.8 [31]
[LAYER-HEALTH]     blocks.2.bn2    silu          128    n/a    n/a    n/a      0      0     -1.56 [78]         +0.02 [16]            3.8 [26]
[LAYER-HEALTH]     tower_final_bn  silu          128    n/a    n/a    n/a      0      0     -0.45 [90]         +0.78 [6]             7.8 [31]
[LAYER-HEALTH]     policy.pre_bn   leaky_relu    128      0      0      0      0      0     -0.76 [26]         +2.06 [103]           2.7 [53]
[LAYER-HEALTH]     value.bn        leaky_relu     16      0      0      0      0      0     -1.97 [4]          -0.76 [13]            2.2 [11]
[LAYER-HEALTH]   FC hidden-unit velocity — zero: every weight-velocity entry exactly 0; low: nonzero but < 5% of the layer's p90 unit norm
[LAYER-HEALTH]     value.fc1.weight  leaky_relu  units 128  zero 0  low 9  median unit norm 0.004698
[LAYER-HEALTH]     (no SE blocks)
[LAYER-HEALTH]   ReZero: none
[LAYER-HEALTH]   non-finite: 0 values in 0 of 102 tensors (10263038 values examined)
[LAYER-HEALTH]   largest |value|: blocks.2.bn1.running_var 21.05, blocks.1.bn1.running_var 19.05, blocks.1.bn2.running_var 12.68, blocks.0.bn2.running_var 9.338, blocks.2.bn2.running_var 7.332
[REPLAY] enumerated checkpoint -> 20261005-lrBsilu-cyc1-replay-step18000.safetensors
[REPLAY] step=18050 loss=3.5098 pLoss=2.7017 vLoss=0.8056 pEnt=2.855 pIllM=0.0025 playedP=0.174 pW=0.47 pD=0.07 pL=0.46 vAbs=0.240 pLogitMean=-9.7952 vLogitMean=0.5972 gNorm=0.262 lr=0.0119 ms=2709.5 buf=500000 plies=154262183 games=2330326 rejected=0 skipped=0 epoch=0 mom=0.9140 lrCyc[pk=9.8e-01,tr=9.9e-04] trainerStep=18050
[LAYER-HEALTH] live trainerStep=18050 scope=batch_norm_state_only reluSites=2/10 ch=144 dead=0 off=0 alwaysOn=0 worst=none maxBetaOverGamma=+2.06@policy.pre_bn[103] minBetaOverGamma=-1.97@value.bn[4] rvMaxOverMedian=59.6@blocks.2.bn1[31] rezero=none nonFinite=0
[REPLAY] step=18100 loss=3.5507 pLoss=2.7368 vLoss=0.8112 pEnt=2.870 pIllM=0.0026 playedP=0.171 pW=0.47 pD=0.07 pL=0.46 vAbs=0.232 pLogitMean=-9.7979 vLogitMean=0.5937 gNorm=0.254 lr=0.0133 ms=2834.6 buf=500000 plies=154688868 games=2336791 rejected=0 skipped=0 epoch=0 mom=0.9125 lrCyc[pk=9.8e-01,tr=9.9e-04] trainerStep=18100
[LAYER-HEALTH] live trainerStep=18100 scope=batch_norm_state_only reluSites=2/10 ch=144 dead=0 off=0 alwaysOn=0 worst=none maxBetaOverGamma=+2.06@policy.pre_bn[103] minBetaOverGamma=-1.97@value.bn[4] rvMaxOverMedian=59.6@blocks.2.bn1[31] rezero=none nonFinite=0
[REPLAY] step=18150 loss=3.5091 pLoss=2.7138 vLoss=0.7931 pEnt=2.857 pIllM=0.0022 playedP=0.176 pW=0.47 pD=0.06 pL=0.47 vAbs=0.249 pLogitMean=-9.7961 vLogitMean=0.5949 gNorm=0.274 lr=0.0147 ms=2620.9 buf=500000 plies=155115483 games=2343231 rejected=0 skipped=0 epoch=0 mom=0.9109 lrCyc[pk=9.8e-01,tr=9.9e-04] trainerStep=18150
[LAYER-HEALTH] live trainerStep=18150 scope=batch_norm_state_only reluSites=2/10 ch=144 dead=0 off=0 alwaysOn=0 worst=none maxBetaOverGamma=+2.05@policy.pre_bn[103] minBetaOverGamma=-1.97@value.bn[4] rvMaxOverMedian=59.7@blocks.2.bn1[31] rezero=none nonFinite=0
[REPLAY] step=18200 loss=3.5102 pLoss=2.7157 vLoss=0.7924 pEnt=2.858 pIllM=0.0022 playedP=0.176 pW=0.47 pD=0.06 pL=0.46 vAbs=0.241 pLogitMean=-9.7960 vLogitMean=0.5944 gNorm=0.252 lr=0.0164 ms=1965.7 buf=500000 plies=155542152 games=2349566 rejected=0 skipped=0 epoch=0 mom=0.9094 lrCyc[pk=9.8e-01,tr=9.9e-04] trainerStep=18200
[LAYER-HEALTH] live trainerStep=18200 scope=batch_norm_state_only reluSites=2/10 ch=144 dead=0 off=0 alwaysOn=0 worst=none maxBetaOverGamma=+2.05@policy.pre_bn[103] minBetaOverGamma=-1.97@value.bn[4] rvMaxOverMedian=59.8@blocks.2.bn1[31] rezero=none nonFinite=0
[REPLAY] step=18250 loss=3.5722 pLoss=2.7613 vLoss=0.8087 pEnt=2.864 pIllM=0.0022 playedP=0.174 pW=0.48 pD=0.07 pL=0.46 vAbs=0.231 pLogitMean=-9.7963 vLogitMean=0.5950 gNorm=0.278 lr=0.0182 ms=2079.4 buf=500000 plies=155968775 games=2355958 rejected=0 skipped=0 epoch=0 mom=0.9079 lrCyc[pk=9.8e-01,tr=9.9e-04] trainerStep=18250
[LAYER-HEALTH] live trainerStep=18250 scope=batch_norm_state_only reluSites=2/10 ch=144 dead=0 off=0 alwaysOn=0 worst=none maxBetaOverGamma=+2.05@policy.pre_bn[103] minBetaOverGamma=-1.97@value.bn[4] rvMaxOverMedian=60.1@blocks.2.bn1[31] rezero=none nonFinite=0
[REPLAY] step=18300 loss=3.5301 pLoss=2.7249 vLoss=0.8028 pEnt=2.845 pIllM=0.0024 playedP=0.178 pW=0.47 pD=0.07 pL=0.46 vAbs=0.234 pLogitMean=-9.7974 vLogitMean=0.5966 gNorm=0.260 lr=0.0203 ms=2765.8 buf=500000 plies=156395431 games=2362358 rejected=0 skipped=0 epoch=0 mom=0.9063 lrCyc[pk=9.8e-01,tr=9.9e-04] trainerStep=18300
[LAYER-HEALTH] live trainerStep=18300 scope=batch_norm_state_only reluSites=2/10 ch=144 dead=0 off=0 alwaysOn=0 worst=none maxBetaOverGamma=+2.05@policy.pre_bn[103] minBetaOverGamma=-1.97@value.bn[4] rvMaxOverMedian=60.5@blocks.2.bn1[31] rezero=none nonFinite=0
[REPLAY] step=18350 loss=3.5224 pLoss=2.7132 vLoss=0.8071 pEnt=2.874 pIllM=0.0020 playedP=0.173 pW=0.47 pD=0.07 pL=0.46 vAbs=0.239 pLogitMean=-9.7957 vLogitMean=0.5958 gNorm=0.278 lr=0.0226 ms=2808.1 buf=500000 plies=156822085 games=2368700 rejected=0 skipped=0 epoch=0 mom=0.9047 lrCyc[pk=9.8e-01,tr=9.9e-04] trainerStep=18350
[LAYER-HEALTH] live trainerStep=18350 scope=batch_norm_state_only reluSites=2/10 ch=144 dead=0 off=0 alwaysOn=0 worst=none maxBetaOverGamma=+2.05@policy.pre_bn[103] minBetaOverGamma=-1.97@value.bn[4] rvMaxOverMedian=60.8@blocks.2.bn1[31] rezero=none nonFinite=0
[REPLAY] step=18400 loss=3.4946 pLoss=2.6852 vLoss=0.8070 pEnt=2.864 pIllM=0.0024 playedP=0.173 pW=0.47 pD=0.07 pL=0.46 vAbs=0.248 pLogitMean=-9.7972 vLogitMean=0.5942 gNorm=0.292 lr=0.0252 ms=2154.2 buf=500000 plies=157248771 games=2375126 rejected=0 skipped=0 epoch=0 mom=0.9032 lrCyc[pk=9.8e-01,tr=9.9e-04] trainerStep=18400
[LAYER-HEALTH] live trainerStep=18400 scope=batch_norm_state_only reluSites=2/10 ch=144 dead=0 off=0 alwaysOn=0 worst=none maxBetaOverGamma=+2.05@policy.pre_bn[103] minBetaOverGamma=-1.97@value.bn[9] rvMaxOverMedian=60.9@blocks.2.bn1[31] rezero=none nonFinite=0
[REPLAY] step=18450 loss=3.5376 pLoss=2.7229 vLoss=0.8125 pEnt=2.871 pIllM=0.0021 playedP=0.176 pW=0.47 pD=0.07 pL=0.46 vAbs=0.240 pLogitMean=-9.7966 vLogitMean=0.5921 gNorm=0.281 lr=0.028 ms=2312.8 buf=500000 plies=157675410 games=2381448 rejected=0 skipped=0 epoch=0 mom=0.9016 lrCyc[pk=9.8e-01,tr=9.9e-04] trainerStep=18450
[LAYER-HEALTH] live trainerStep=18450 scope=batch_norm_state_only reluSites=2/10 ch=144 dead=0 off=0 alwaysOn=0 worst=none maxBetaOverGamma=+2.05@policy.pre_bn[103] minBetaOverGamma=-1.98@value.bn[4] rvMaxOverMedian=60.6@blocks.2.bn1[31] rezero=none nonFinite=0
[REPLAY] step=18500 loss=3.5117 pLoss=2.7084 vLoss=0.8012 pEnt=2.862 pIllM=0.0021 playedP=0.173 pW=0.47 pD=0.06 pL=0.46 vAbs=0.237 pLogitMean=-9.7979 vLogitMean=0.5957 gNorm=0.263 lr=0.0312 ms=2688.4 buf=500000 plies=158102039 games=2387794 rejected=0 skipped=0 epoch=0 mom=0.9000 lrCyc[pk=9.8e-01,tr=9.9e-04] trainerStep=18500
[LAYER-HEALTH] live trainerStep=18500 scope=batch_norm_state_only reluSites=2/10 ch=144 dead=0 off=0 alwaysOn=0 worst=none maxBetaOverGamma=+2.05@policy.pre_bn[103] minBetaOverGamma=-1.99@value.bn[4] rvMaxOverMedian=60.8@blocks.2.bn1[31] rezero=none nonFinite=0
[REPLAY] step=18550 loss=3.5149 pLoss=2.6999 vLoss=0.8128 pEnt=2.859 pIllM=0.0023 playedP=0.176 pW=0.47 pD=0.07 pL=0.47 vAbs=0.233 pLogitMean=-9.7941 vLogitMean=0.5945 gNorm=0.268 lr=0.0348 ms=2796.3 buf=500000 plies=158528678 games=2394184 rejected=0 skipped=0 epoch=0 mom=0.8985 lrCyc[pk=9.8e-01,tr=9.9e-04] trainerStep=18550
[LAYER-HEALTH] live trainerStep=18550 scope=batch_norm_state_only reluSites=2/10 ch=144 dead=0 off=0 alwaysOn=0 worst=none maxBetaOverGamma=+2.05@policy.pre_bn[103] minBetaOverGamma=-1.98@value.bn[4] rvMaxOverMedian=60.6@blocks.2.bn1[31] rezero=none nonFinite=0
[REPLAY] step=18600 loss=3.5433 pLoss=2.7240 vLoss=0.8169 pEnt=2.855 pIllM=0.0024 playedP=0.174 pW=0.47 pD=0.07 pL=0.46 vAbs=0.235 pLogitMean=-9.7929 vLogitMean=0.5957 gNorm=0.259 lr=0.0388 ms=2604.3 buf=500000 plies=158955369 games=2400521 rejected=0 skipped=0 epoch=0 mom=0.8969 lrCyc[pk=9.8e-01,tr=9.9e-04] trainerStep=18600
[LAYER-HEALTH] live trainerStep=18600 scope=batch_norm_state_only reluSites=2/10 ch=144 dead=0 off=0 alwaysOn=0 worst=none maxBetaOverGamma=+2.05@policy.pre_bn[103] minBetaOverGamma=-1.97@value.bn[4] rvMaxOverMedian=60.8@blocks.2.bn1[31] rezero=none nonFinite=0
[REPLAY] step=18650 loss=3.5379 pLoss=2.7350 vLoss=0.8001 pEnt=2.860 pIllM=0.0027 playedP=0.173 pW=0.47 pD=0.07 pL=0.46 vAbs=0.235 pLogitMean=-9.7989 vLogitMean=0.5952 gNorm=0.271 lr=0.0432 ms=2334.4 buf=500000 plies=159381982 games=2406894 rejected=0 skipped=0 epoch=0 mom=0.8953 lrCyc[pk=9.8e-01,tr=9.9e-04] trainerStep=18650
[LAYER-HEALTH] live trainerStep=18650 scope=batch_norm_state_only reluSites=2/10 ch=144 dead=0 off=0 alwaysOn=0 worst=none maxBetaOverGamma=+2.05@policy.pre_bn[103] minBetaOverGamma=-1.99@value.bn[4] rvMaxOverMedian=61.0@blocks.2.bn1[31] rezero=none nonFinite=0
[REPLAY] step=18700 loss=3.4832 pLoss=2.6763 vLoss=0.8048 pEnt=2.836 pIllM=0.0021 playedP=0.177 pW=0.47 pD=0.07 pL=0.46 vAbs=0.242 pLogitMean=-9.7959 vLogitMean=0.5926 gNorm=0.256 lr=0.0481 ms=2702.6 buf=500000 plies=159808639 games=2413259 rejected=0 skipped=0 epoch=0 mom=0.8938 lrCyc[pk=9.8e-01,tr=9.9e-04] trainerStep=18700
[LAYER-HEALTH] live trainerStep=18700 scope=batch_norm_state_only reluSites=2/10 ch=144 dead=0 off=1 alwaysOn=0 worst=value.bn(dead 0 off 1 on 0) maxBetaOverGamma=+2.05@policy.pre_bn[103] minBetaOverGamma=-2.01@value.bn[4] rvMaxOverMedian=61.0@blocks.2.bn1[31] rezero=none nonFinite=0
[REPLAY] step=18750 loss=3.5449 pLoss=2.7307 vLoss=0.8119 pEnt=2.852 pIllM=0.0023 playedP=0.178 pW=0.48 pD=0.07 pL=0.46 vAbs=0.235 pLogitMean=-9.7909 vLogitMean=0.5943 gNorm=0.281 lr=0.0536 ms=2639.8 buf=500000 plies=160235284 games=2419632 rejected=0 skipped=0 epoch=0 mom=0.8922 lrCyc[pk=9.8e-01,tr=9.9e-04] trainerStep=18750
[LAYER-HEALTH] live trainerStep=18750 scope=batch_norm_state_only reluSites=2/10 ch=144 dead=0 off=1 alwaysOn=0 worst=value.bn(dead 0 off 1 on 0) maxBetaOverGamma=+2.05@policy.pre_bn[103] minBetaOverGamma=-2.00@value.bn[4] rvMaxOverMedian=61.1@blocks.2.bn1[31] rezero=none nonFinite=0
[REPLAY] step=18800 loss=3.4842 pLoss=2.6823 vLoss=0.7995 pEnt=2.848 pIllM=0.0024 playedP=0.179 pW=0.47 pD=0.07 pL=0.46 vAbs=0.250 pLogitMean=-9.7844 vLogitMean=0.5923 gNorm=0.275 lr=0.0596 ms=2778.5 buf=500000 plies=160661954 games=2426061 rejected=0 skipped=0 epoch=0 mom=0.8907 lrCyc[pk=9.8e-01,tr=9.9e-04] trainerStep=18800
[LAYER-HEALTH] live trainerStep=18800 scope=batch_norm_state_only reluSites=2/10 ch=144 dead=0 off=0 alwaysOn=0 worst=none maxBetaOverGamma=+2.05@policy.pre_bn[103] minBetaOverGamma=-2.00@value.bn[9] rvMaxOverMedian=61.2@blocks.2.bn1[31] rezero=none nonFinite=0
[REPLAY] step=18850 loss=3.5047 pLoss=2.7004 vLoss=0.8017 pEnt=2.851 pIllM=0.0026 playedP=0.175 pW=0.47 pD=0.07 pL=0.47 vAbs=0.249 pLogitMean=-9.7838 vLogitMean=0.5953 gNorm=0.269 lr=0.0663 ms=2226.1 buf=500000 plies=161088579 games=2432458 rejected=0 skipped=0 epoch=0 mom=0.8891 lrCyc[pk=9.8e-01,tr=9.9e-04] trainerStep=18850
[LAYER-HEALTH] live trainerStep=18850 scope=batch_norm_state_only reluSites=2/10 ch=144 dead=0 off=0 alwaysOn=0 worst=none maxBetaOverGamma=+2.06@policy.pre_bn[103] minBetaOverGamma=-1.99@value.bn[9] rvMaxOverMedian=61.4@blocks.2.bn1[31] rezero=none nonFinite=0
[REPLAY] step=18900 loss=3.5382 pLoss=2.7380 vLoss=0.7981 pEnt=2.871 pIllM=0.0022 playedP=0.171 pW=0.47 pD=0.07 pL=0.46 vAbs=0.228 pLogitMean=-9.7803 vLogitMean=0.5920 gNorm=0.268 lr=0.0737 ms=1901.5 buf=500000 plies=161515221 games=2438868 rejected=0 skipped=0 epoch=0 mom=0.8876 lrCyc[pk=9.8e-01,tr=9.9e-04] trainerStep=18900
[LAYER-HEALTH] live trainerStep=18900 scope=batch_norm_state_only reluSites=2/10 ch=144 dead=0 off=0 alwaysOn=0 worst=none maxBetaOverGamma=+2.07@policy.pre_bn[103] minBetaOverGamma=-1.99@value.bn[4] rvMaxOverMedian=61.4@blocks.2.bn1[31] rezero=none nonFinite=0
[REPLAY] step=18950 loss=3.5110 pLoss=2.7008 vLoss=0.8077 pEnt=2.862 pIllM=0.0025 playedP=0.173 pW=0.46 pD=0.07 pL=0.47 vAbs=0.239 pLogitMean=-9.7760 vLogitMean=0.5938 gNorm=0.275 lr=0.0818 ms=2085.0 buf=500000 plies=161941880 games=2445239 rejected=0 skipped=0 epoch=0 mom=0.8861 lrCyc[pk=9.8e-01,tr=9.9e-04] trainerStep=18950
[LAYER-HEALTH] live trainerStep=18950 scope=batch_norm_state_only reluSites=2/10 ch=144 dead=0 off=0 alwaysOn=0 worst=none maxBetaOverGamma=+2.07@policy.pre_bn[103] minBetaOverGamma=-1.98@value.bn[4] rvMaxOverMedian=61.7@blocks.2.bn1[31] rezero=none nonFinite=0
[REPLAY] step=19000 loss=3.4656 pLoss=2.6726 vLoss=0.7906 pEnt=2.840 pIllM=0.0023 playedP=0.181 pW=0.47 pD=0.07 pL=0.47 vAbs=0.248 pLogitMean=-9.7721 vLogitMean=0.5934 gNorm=0.288 lr=0.0907 ms=2121.5 buf=500000 plies=162368577 games=2451597 rejected=0 skipped=0 epoch=0 mom=0.8846 lrCyc[pk=9.8e-01,tr=9.9e-04] trainerStep=19000
[LAYER-HEALTH] live trainerStep=19000 scope=batch_norm_state_only reluSites=2/10 ch=144 dead=0 off=0 alwaysOn=0 worst=none maxBetaOverGamma=+2.07@policy.pre_bn[103] minBetaOverGamma=-2.00@value.bn[4] rvMaxOverMedian=61.9@blocks.2.bn1[31] rezero=none nonFinite=0
[REPLAY] saved trainer model (autosave) step=19000 trainerStep=19000 nextGame=2451597 shard=5 epoch=0 -> 20261005-lrBsilu-cyc1-replay-latest.safetensors
[LAYER-HEALTH] checkpoint replay-autosave step=19000 trainerStep=19000 scope=all_tensors reluSites=2/10 ch=144 dead=0 off=0 alwaysOn=0 worst=none maxBetaOverGamma=+2.07@policy.pre_bn[103] minBetaOverGamma=-2.00@value.bn[4] rvMaxOverMedian=61.9@blocks.2.bn1[31] rezero=none nonFinite=0 seZeroVel=none valueFC1ZeroVel=0/128 maxAbs=21.64@blocks.2.bn1.running_var
[LAYER-HEALTH]   batch-norm sites — β/|γ|: dead < -3.00, mostly off < -2.00, always on > +3.00; classified for relu/leaky_relu only
[LAYER-HEALTH]     site            act            ch   dead    off     on  zeroγ nonfin  min β/|γ| [ch]     max β/|γ| [ch]     rv max/median [ch]
[LAYER-HEALTH]     stem.bn         -             128    n/a    n/a    n/a      0      0     -0.48 [104]        +0.26 [20]            5.4 [5]
[LAYER-HEALTH]     blocks.0.bn1    silu          128    n/a    n/a    n/a      0      0     -0.67 [5]          +0.14 [103]           3.1 [14]
[LAYER-HEALTH]     blocks.0.bn2    silu          128    n/a    n/a    n/a      0      0     -1.02 [53]         +1.04 [48]            5.2 [79]
[LAYER-HEALTH]     blocks.1.bn1    silu          128    n/a    n/a    n/a      0      0     -1.23 [17]         +0.05 [31]           59.9 [31]
[LAYER-HEALTH]     blocks.1.bn2    silu          128    n/a    n/a    n/a      0      0     -1.24 [120]        -0.05 [101]           8.9 [70]
[LAYER-HEALTH]     blocks.2.bn1    silu          128    n/a    n/a    n/a      0      0     -1.91 [17]         +1.31 [31]           61.9 [31]
[LAYER-HEALTH]     blocks.2.bn2    silu          128    n/a    n/a    n/a      0      0     -1.54 [78]         +0.03 [16]            3.7 [26]
[LAYER-HEALTH]     tower_final_bn  silu          128    n/a    n/a    n/a      0      0     -0.45 [90]         +0.79 [6]             8.2 [31]
[LAYER-HEALTH]     policy.pre_bn   leaky_relu    128      0      0      0      0      0     -0.77 [26]         +2.07 [103]           2.7 [53]
[LAYER-HEALTH]     value.bn        leaky_relu     16      0      0      0      0      0     -2.00 [4]          -0.73 [13]            2.2 [11]
[LAYER-HEALTH]   FC hidden-unit velocity — zero: every weight-velocity entry exactly 0; low: nonzero but < 5% of the layer's p90 unit norm
[LAYER-HEALTH]     value.fc1.weight  leaky_relu  units 128  zero 0  low 13  median unit norm 0.003812
[LAYER-HEALTH]     (no SE blocks)
[LAYER-HEALTH]   ReZero: none
[LAYER-HEALTH]   non-finite: 0 values in 0 of 102 tensors (10263038 values examined)
[LAYER-HEALTH]   largest |value|: blocks.2.bn1.running_var 21.64, blocks.1.bn1.running_var 18.99, blocks.1.bn2.running_var 12.35, blocks.0.bn2.running_var 9.45, blocks.2.bn2.running_var 7.114
[REPLAY] enumerated checkpoint -> 20261005-lrBsilu-cyc1-replay-step19000.safetensors
[REPLAY] step=19050 loss=3.5118 pLoss=2.7213 vLoss=0.7881 pEnt=2.849 pIllM=0.0024 playedP=0.177 pW=0.46 pD=0.07 pL=0.47 vAbs=0.238 pLogitMean=-9.7624 vLogitMean=0.5895 gNorm=0.281 lr=0.1 ms=1807.9 buf=500000 plies=162795201 games=2457916 rejected=0 skipped=0 epoch=0 mom=0.8831 lrCyc[pk=9.8e-01,tr=9.9e-04] trainerStep=19050
[LAYER-HEALTH] live trainerStep=19050 scope=batch_norm_state_only reluSites=2/10 ch=144 dead=0 off=1 alwaysOn=0 worst=value.bn(dead 0 off 1 on 0) maxBetaOverGamma=+2.07@policy.pre_bn[103] minBetaOverGamma=-2.03@value.bn[4] rvMaxOverMedian=62.1@blocks.2.bn1[31] rezero=none nonFinite=0
[REPLAY] step=19100 loss=3.4999 pLoss=2.7125 vLoss=0.7849 pEnt=2.879 pIllM=0.0025 playedP=0.170 pW=0.46 pD=0.06 pL=0.48 vAbs=0.241 pLogitMean=-9.7577 vLogitMean=0.5932 gNorm=0.275 lr=0.111 ms=2254.6 buf=500000 plies=163221856 games=2464396 rejected=0 skipped=0 epoch=0 mom=0.8817 lrCyc[pk=9.8e-01,tr=9.9e-04] trainerStep=19100
[LAYER-HEALTH] live trainerStep=19100 scope=batch_norm_state_only reluSites=2/10 ch=144 dead=0 off=1 alwaysOn=0 worst=value.bn(dead 0 off 1 on 0) maxBetaOverGamma=+2.06@policy.pre_bn[103] minBetaOverGamma=-2.01@value.bn[4] rvMaxOverMedian=61.9@blocks.2.bn1[31] rezero=none nonFinite=0
[REPLAY] step=19150 loss=3.5412 pLoss=2.7196 vLoss=0.8191 pEnt=2.851 pIllM=0.0025 playedP=0.177 pW=0.47 pD=0.07 pL=0.46 vAbs=0.222 pLogitMean=-9.7440 vLogitMean=0.5933 gNorm=0.303 lr=0.123 ms=2267.2 buf=500000 plies=163648489 games=2470775 rejected=0 skipped=0 epoch=0 mom=0.8802 lrCyc[pk=9.8e-01,tr=9.9e-04] trainerStep=19150
[LAYER-HEALTH] live trainerStep=19150 scope=batch_norm_state_only reluSites=2/10 ch=144 dead=0 off=0 alwaysOn=0 worst=none maxBetaOverGamma=+2.07@policy.pre_bn[103] minBetaOverGamma=-2.00@value.bn[4] rvMaxOverMedian=62.0@blocks.2.bn1[31] rezero=none nonFinite=0
[REPLAY] step=19200 loss=3.4824 pLoss=2.6735 vLoss=0.8066 pEnt=2.850 pIllM=0.0024 playedP=0.178 pW=0.47 pD=0.07 pL=0.46 vAbs=0.256 pLogitMean=-9.7393 vLogitMean=0.5941 gNorm=0.291 lr=0.136 ms=2251.4 buf=500000 plies=164075158 games=2477139 rejected=0 skipped=0 epoch=0 mom=0.8788 lrCyc[pk=9.8e-01,tr=9.9e-04] trainerStep=19200
[LAYER-HEALTH] live trainerStep=19200 scope=batch_norm_state_only reluSites=2/10 ch=144 dead=0 off=1 alwaysOn=0 worst=value.bn(dead 0 off 1 on 0) maxBetaOverGamma=+2.06@policy.pre_bn[103] minBetaOverGamma=-2.00@value.bn[4] rvMaxOverMedian=61.6@blocks.2.bn1[31] rezero=none nonFinite=0
[REPLAY] step=19250 loss=3.5530 pLoss=2.7423 vLoss=0.8082 pEnt=2.882 pIllM=0.0025 playedP=0.168 pW=0.48 pD=0.07 pL=0.45 vAbs=0.240 pLogitMean=-9.7350 vLogitMean=0.5960 gNorm=0.300 lr=0.15 ms=2358.5 buf=500000 plies=164501797 games=2483470 rejected=0 skipped=0 epoch=0 mom=0.8774 lrCyc[pk=9.8e-01,tr=9.9e-04] trainerStep=19250
[LAYER-HEALTH] live trainerStep=19250 scope=batch_norm_state_only reluSites=2/10 ch=144 dead=0 off=1 alwaysOn=0 worst=value.bn(dead 0 off 1 on 0) maxBetaOverGamma=+2.05@policy.pre_bn[103] minBetaOverGamma=-2.04@value.bn[4] rvMaxOverMedian=61.3@blocks.2.bn1[31] rezero=none nonFinite=0
[REPLAY] step=19300 loss=3.5211 pLoss=2.7012 vLoss=0.8173 pEnt=2.862 pIllM=0.0027 playedP=0.171 pW=0.48 pD=0.07 pL=0.46 vAbs=0.253 pLogitMean=-9.7275 vLogitMean=0.5964 gNorm=0.338 lr=0.165 ms=2583.1 buf=500000 plies=164928425 games=2489780 rejected=0 skipped=0 epoch=0 mom=0.8760 lrCyc[pk=9.8e-01,tr=9.9e-04] trainerStep=19300
[LAYER-HEALTH] live trainerStep=19300 scope=batch_norm_state_only reluSites=2/10 ch=144 dead=0 off=1 alwaysOn=0 worst=value.bn(dead 0 off 1 on 0) maxBetaOverGamma=+2.04@policy.pre_bn[103] minBetaOverGamma=-2.00@value.bn[4] rvMaxOverMedian=62.2@blocks.2.bn1[31] rezero=none nonFinite=0
[REPLAY] step=19350 loss=3.5016 pLoss=2.6927 vLoss=0.8065 pEnt=2.854 pIllM=0.0024 playedP=0.176 pW=0.47 pD=0.07 pL=0.46 vAbs=0.241 pLogitMean=-9.7054 vLogitMean=0.5955 gNorm=0.291 lr=0.181 ms=2746.0 buf=500000 plies=165355138 games=2496115 rejected=0 skipped=0 epoch=0 mom=0.8746 lrCyc[pk=9.8e-01,tr=9.9e-04] trainerStep=19350
[LAYER-HEALTH] live trainerStep=19350 scope=batch_norm_state_only reluSites=2/10 ch=144 dead=0 off=0 alwaysOn=0 worst=none maxBetaOverGamma=+2.08@policy.pre_bn[103] minBetaOverGamma=-1.98@value.bn[9] rvMaxOverMedian=62.6@blocks.2.bn1[31] rezero=none nonFinite=0
[REPLAY] step=19400 loss=3.4958 pLoss=2.6998 vLoss=0.7934 pEnt=2.863 pIllM=0.0027 playedP=0.176 pW=0.47 pD=0.07 pL=0.47 vAbs=0.231 pLogitMean=-9.6909 vLogitMean=0.5986 gNorm=0.319 lr=0.198 ms=2301.1 buf=500000 plies=165781729 games=2502489 rejected=0 skipped=0 epoch=0 mom=0.8733 lrCyc[pk=9.8e-01,tr=9.9e-04] trainerStep=19400
[LAYER-HEALTH] live trainerStep=19400 scope=batch_norm_state_only reluSites=2/10 ch=144 dead=0 off=1 alwaysOn=0 worst=value.bn(dead 0 off 1 on 0) maxBetaOverGamma=+2.07@policy.pre_bn[103] minBetaOverGamma=-2.02@value.bn[9] rvMaxOverMedian=61.9@blocks.2.bn1[31] rezero=none nonFinite=0
[REPLAY] step=19450 loss=3.5210 pLoss=2.7184 vLoss=0.7998 pEnt=2.874 pIllM=0.0028 playedP=0.172 pW=0.47 pD=0.06 pL=0.47 vAbs=0.246 pLogitMean=-9.6707 vLogitMean=0.5977 gNorm=0.299 lr=0.217 ms=2580.2 buf=500000 plies=166208476 games=2508903 rejected=0 skipped=0 epoch=0 mom=0.8720 lrCyc[pk=9.8e-01,tr=9.9e-04] trainerStep=19450
[LAYER-HEALTH] live trainerStep=19450 scope=batch_norm_state_only reluSites=2/10 ch=144 dead=0 off=1 alwaysOn=0 worst=value.bn(dead 0 off 1 on 0) maxBetaOverGamma=+2.09@policy.pre_bn[103] minBetaOverGamma=-2.03@value.bn[9] rvMaxOverMedian=61.8@blocks.2.bn1[31] rezero=none nonFinite=0
[REPLAY] step=19500 loss=3.5213 pLoss=2.7082 vLoss=0.8103 pEnt=2.841 pIllM=0.0028 playedP=0.178 pW=0.47 pD=0.07 pL=0.45 vAbs=0.230 pLogitMean=-9.6672 vLogitMean=0.5910 gNorm=0.295 lr=0.237 ms=2602.4 buf=500000 plies=166635028 games=2515267 rejected=0 skipped=0 epoch=0 mom=0.8707 lrCyc[pk=9.8e-01,tr=9.9e-04] trainerStep=19500
[LAYER-HEALTH] live trainerStep=19500 scope=batch_norm_state_only reluSites=2/10 ch=144 dead=0 off=1 alwaysOn=0 worst=value.bn(dead 0 off 1 on 0) maxBetaOverGamma=+2.11@policy.pre_bn[103] minBetaOverGamma=-2.05@value.bn[9] rvMaxOverMedian=62.4@blocks.2.bn1[31] rezero=none nonFinite=0
[REPLAY] step=19550 loss=3.5110 pLoss=2.7044 vLoss=0.8038 pEnt=2.849 pIllM=0.0028 playedP=0.174 pW=0.45 pD=0.07 pL=0.49 vAbs=0.232 pLogitMean=-9.6613 vLogitMean=0.5888 gNorm=0.331 lr=0.259 ms=2315.4 buf=500000 plies=167061742 games=2521662 rejected=0 skipped=0 epoch=0 mom=0.8694 lrCyc[pk=9.8e-01,tr=9.9e-04] trainerStep=19550
[LAYER-HEALTH] live trainerStep=19550 scope=batch_norm_state_only reluSites=2/10 ch=144 dead=0 off=1 alwaysOn=0 worst=value.bn(dead 0 off 1 on 0) maxBetaOverGamma=+2.09@policy.pre_bn[103] minBetaOverGamma=-2.01@value.bn[9] rvMaxOverMedian=63.0@blocks.2.bn1[31] rezero=none nonFinite=0
[REPLAY] step=19600 loss=3.5609 pLoss=2.7333 vLoss=0.8247 pEnt=2.881 pIllM=0.0029 playedP=0.167 pW=0.46 pD=0.08 pL=0.46 vAbs=0.234 pLogitMean=-9.6384 vLogitMean=0.5879 gNorm=0.331 lr=0.281 ms=1991.9 buf=500000 plies=167488331 games=2528030 rejected=0 skipped=0 epoch=0 mom=0.8682 lrCyc[pk=9.8e-01,tr=9.9e-04] trainerStep=19600
[LAYER-HEALTH] live trainerStep=19600 scope=batch_norm_state_only reluSites=2/10 ch=144 dead=0 off=1 alwaysOn=0 worst=value.bn(dead 0 off 1 on 0) maxBetaOverGamma=+2.08@policy.pre_bn[103] minBetaOverGamma=-2.04@value.bn[9] rvMaxOverMedian=63.4@blocks.2.bn1[31] rezero=none nonFinite=0
[REPLAY] step=19650 loss=3.5581 pLoss=2.7424 vLoss=0.8125 pEnt=2.833 pIllM=0.0032 playedP=0.179 pW=0.47 pD=0.07 pL=0.46 vAbs=0.221 pLogitMean=-9.6195 vLogitMean=0.5896 gNorm=0.327 lr=0.306 ms=2207.9 buf=500000 plies=167915022 games=2534370 rejected=0 skipped=0 epoch=0 mom=0.8670 lrCyc[pk=9.8e-01,tr=9.9e-04] trainerStep=19650
[LAYER-HEALTH] live trainerStep=19650 scope=batch_norm_state_only reluSites=2/10 ch=144 dead=0 off=1 alwaysOn=0 worst=value.bn(dead 0 off 1 on 0) maxBetaOverGamma=+2.11@policy.pre_bn[103] minBetaOverGamma=-2.02@value.bn[9] rvMaxOverMedian=63.4@blocks.2.bn1[31] rezero=none nonFinite=0
[REPLAY] step=19700 loss=3.5525 pLoss=2.7621 vLoss=0.7868 pEnt=2.840 pIllM=0.0036 playedP=0.178 pW=0.48 pD=0.06 pL=0.46 vAbs=0.268 pLogitMean=-9.6112 vLogitMean=0.5992 gNorm=0.353 lr=0.331 ms=2114.1 buf=500000 plies=168341688 games=2540798 rejected=0 skipped=0 epoch=0 mom=0.8659 lrCyc[pk=9.8e-01,tr=9.9e-04] trainerStep=19700
[LAYER-HEALTH] live trainerStep=19700 scope=batch_norm_state_only reluSites=2/10 ch=144 dead=0 off=1 alwaysOn=0 worst=value.bn(dead 0 off 1 on 0) maxBetaOverGamma=+2.09@policy.pre_bn[103] minBetaOverGamma=-2.04@value.bn[9] rvMaxOverMedian=62.6@blocks.2.bn1[31] rezero=none nonFinite=0
[REPLAY] step=19750 loss=3.5110 pLoss=2.7281 vLoss=0.7792 pEnt=2.873 pIllM=0.0036 playedP=0.168 pW=0.47 pD=0.06 pL=0.47 vAbs=0.250 pLogitMean=-9.5964 vLogitMean=0.5999 gNorm=0.327 lr=0.358 ms=2472.1 buf=500000 plies=168768321 games=2547178 rejected=0 skipped=0 epoch=0 mom=0.8647 lrCyc[pk=9.8e-01,tr=9.9e-04] trainerStep=19750
[LAYER-HEALTH] live trainerStep=19750 scope=batch_norm_state_only reluSites=2/10 ch=144 dead=0 off=0 alwaysOn=0 worst=none maxBetaOverGamma=+2.12@policy.pre_bn[103] minBetaOverGamma=-1.99@value.bn[4] rvMaxOverMedian=61.7@blocks.2.bn1[31] rezero=none nonFinite=0
[REPLAY] step=19800 loss=3.5357 pLoss=2.7275 vLoss=0.8036 pEnt=2.873 pIllM=0.0046 playedP=0.169 pW=0.45 pD=0.07 pL=0.48 vAbs=0.229 pLogitMean=-9.5788 vLogitMean=0.5924 gNorm=0.379 lr=0.386 ms=2514.7 buf=500000 plies=169194976 games=2553596 rejected=0 skipped=0 epoch=0 mom=0.8636 lrCyc[pk=9.8e-01,tr=9.9e-04] trainerStep=19800
[LAYER-HEALTH] live trainerStep=19800 scope=batch_norm_state_only reluSites=2/10 ch=144 dead=0 off=0 alwaysOn=0 worst=none maxBetaOverGamma=+1.98@policy.pre_bn[103] minBetaOverGamma=-1.95@value.bn[4] rvMaxOverMedian=154.0@blocks.2.bn1[76] rezero=none nonFinite=0
[REPLAY] step=19850 loss=3.5672 pLoss=2.7674 vLoss=0.7955 pEnt=2.891 pIllM=0.0042 playedP=0.162 pW=0.49 pD=0.06 pL=0.45 vAbs=0.258 pLogitMean=-9.6030 vLogitMean=0.5988 gNorm=0.335 lr=0.415 ms=1805.0 buf=500000 plies=169621609 games=2559939 rejected=0 skipped=0 epoch=0 mom=0.8626 lrCyc[pk=9.8e-01,tr=9.9e-04] trainerStep=19850
[LAYER-HEALTH] live trainerStep=19850 scope=batch_norm_state_only reluSites=2/10 ch=144 dead=0 off=0 alwaysOn=0 worst=none maxBetaOverGamma=+2.05@policy.pre_bn[103] minBetaOverGamma=-1.92@value.bn[9] rvMaxOverMedian=603.8@blocks.2.bn1[76] rezero=none nonFinite=0
[REPLAY] step=19900 loss=3.5329 pLoss=2.7203 vLoss=0.8079 pEnt=2.854 pIllM=0.0047 playedP=0.168 pW=0.46 pD=0.07 pL=0.47 vAbs=0.243 pLogitMean=-9.6159 vLogitMean=0.5951 gNorm=0.378 lr=0.445 ms=2000.8 buf=500000 plies=170048267 games=2566275 rejected=0 skipped=0 epoch=0 mom=0.8616 lrCyc[pk=9.8e-01,tr=9.9e-04] trainerStep=19900
[LAYER-HEALTH] live trainerStep=19900 scope=batch_norm_state_only reluSites=2/10 ch=144 dead=0 off=0 alwaysOn=0 worst=none maxBetaOverGamma=+2.15@policy.pre_bn[103] minBetaOverGamma=-1.91@value.bn[4] rvMaxOverMedian=851.4@blocks.2.bn1[76] rezero=none nonFinite=0
[REPLAY] step=19950 loss=3.5319 pLoss=2.7390 vLoss=0.7880 pEnt=2.817 pIllM=0.0049 playedP=0.176 pW=0.48 pD=0.06 pL=0.46 vAbs=0.257 pLogitMean=-9.6370 vLogitMean=0.6011 gNorm=0.377 lr=0.476 ms=2724.6 buf=500000 plies=170474903 games=2572676 rejected=0 skipped=0 epoch=0 mom=0.8606 lrCyc[pk=9.8e-01,tr=9.9e-04] trainerStep=19950
[LAYER-HEALTH] live trainerStep=19950 scope=batch_norm_state_only reluSites=2/10 ch=144 dead=0 off=0 alwaysOn=0 worst=none maxBetaOverGamma=+2.12@policy.pre_bn[103] minBetaOverGamma=-1.85@value.bn[9] rvMaxOverMedian=956.7@blocks.2.bn1[76] rezero=none nonFinite=0
[REPLAY] step=20000 loss=3.5435 pLoss=2.7425 vLoss=0.7965 pEnt=2.823 pIllM=0.0045 playedP=0.178 pW=0.48 pD=0.06 pL=0.46 vAbs=0.231 pLogitMean=-9.6062 vLogitMean=0.6017 gNorm=0.349 lr=0.508 ms=2221.0 buf=500000 plies=170901532 games=2579110 rejected=0 skipped=0 epoch=0 mom=0.8596 lrCyc[pk=9.8e-01,tr=9.9e-04] trainerStep=20000
[LAYER-HEALTH] live trainerStep=20000 scope=batch_norm_state_only reluSites=2/10 ch=144 dead=0 off=0 alwaysOn=0 worst=none maxBetaOverGamma=+2.12@policy.pre_bn[103] minBetaOverGamma=-1.91@value.bn[9] rvMaxOverMedian=980.1@blocks.2.bn1[76] rezero=none nonFinite=0
[REPLAY] saved trainer model (autosave) step=20000 trainerStep=20000 nextGame=2579110 shard=5 epoch=0 -> 20261005-lrBsilu-cyc1-replay-latest.safetensors
[LAYER-HEALTH] checkpoint replay-autosave step=20000 trainerStep=20000 scope=all_tensors reluSites=2/10 ch=144 dead=0 off=0 alwaysOn=0 worst=none maxBetaOverGamma=+2.12@policy.pre_bn[103] minBetaOverGamma=-1.91@value.bn[9] rvMaxOverMedian=980.1@blocks.2.bn1[76] rezero=none nonFinite=0 seZeroVel=none valueFC1ZeroVel=0/128 maxAbs=353.8@blocks.2.bn1.running_var
[LAYER-HEALTH]   batch-norm sites — β/|γ|: dead < -3.00, mostly off < -2.00, always on > +3.00; classified for relu/leaky_relu only
[LAYER-HEALTH]     site            act            ch   dead    off     on  zeroγ nonfin  min β/|γ| [ch]     max β/|γ| [ch]     rv max/median [ch]
[LAYER-HEALTH]     stem.bn         -             128    n/a    n/a    n/a      0      0     -0.49 [104]        +0.27 [20]            5.0 [5]
[LAYER-HEALTH]     blocks.0.bn1    silu          128    n/a    n/a    n/a      0      0     -0.66 [21]         +0.13 [103]           3.1 [14]
[LAYER-HEALTH]     blocks.0.bn2    silu          128    n/a    n/a    n/a      0      0     -1.01 [53]         +1.09 [48]            5.1 [79]
[LAYER-HEALTH]     blocks.1.bn1    silu          128    n/a    n/a    n/a      0      0     -1.24 [17]         +0.03 [31]           69.7 [31]
[LAYER-HEALTH]     blocks.1.bn2    silu          128    n/a    n/a    n/a      0      0     -1.27 [120]        -0.04 [101]          10.9 [70]
[LAYER-HEALTH]     blocks.2.bn1    silu          128    n/a    n/a    n/a      0      0     -1.96 [17]         +1.33 [31]          980.1 [76]
[LAYER-HEALTH]     blocks.2.bn2    silu          128    n/a    n/a    n/a      0      0     -1.50 [78]         +0.07 [16]            3.6 [26]
[LAYER-HEALTH]     tower_final_bn  silu          128    n/a    n/a    n/a      0      0     -0.45 [90]         +0.84 [6]            52.5 [76]
[LAYER-HEALTH]     policy.pre_bn   leaky_relu    128      0      0      0      0      0     -0.79 [26]         +2.12 [103]           2.6 [120]
[LAYER-HEALTH]     value.bn        leaky_relu     16      0      0      0      0      0     -1.91 [9]          -0.58 [13]            2.8 [11]
[LAYER-HEALTH]   FC hidden-unit velocity — zero: every weight-velocity entry exactly 0; low: nonzero but < 5% of the layer's p90 unit norm
[LAYER-HEALTH]     value.fc1.weight  leaky_relu  units 128  zero 0  low 6  median unit norm 0.004229
[LAYER-HEALTH]     (no SE blocks)
[LAYER-HEALTH]   ReZero: none
[LAYER-HEALTH]   non-finite: 0 values in 0 of 102 tensors (10263038 values examined)
[LAYER-HEALTH]   largest |value|: blocks.2.bn1.running_var 353.8, blocks.1.res_ln.weight 23.28, tower_final_bn.running_var 22.65, blocks.1.bn1.running_var 22.4, blocks.1.bn2.running_var 14.19
[REPLAY] enumerated checkpoint -> 20261005-lrBsilu-cyc1-replay-step20000.safetensors
[REPLAY] step=20050 loss=3.5850 pLoss=2.7801 vLoss=0.8003 pEnt=2.841 pIllM=0.0046 playedP=0.174 pW=0.50 pD=0.06 pL=0.44 vAbs=0.243 pLogitMean=-9.6126 vLogitMean=0.5996 gNorm=0.318 lr=0.541 ms=2728.9 buf=500000 plies=171328186 games=2585485 rejected=0 skipped=0 epoch=0 mom=0.8587 lrCyc[pk=9.8e-01,tr=9.9e-04] trainerStep=20050
[LAYER-HEALTH] live trainerStep=20050 scope=batch_norm_state_only reluSites=2/10 ch=144 dead=0 off=0 alwaysOn=0 worst=none maxBetaOverGamma=+2.13@policy.pre_bn[103] minBetaOverGamma=-1.96@value.bn[4] rvMaxOverMedian=976.0@blocks.2.bn1[76] rezero=none nonFinite=0
[REPLAY] step=20100 loss=3.5046 pLoss=2.7167 vLoss=0.7829 pEnt=2.867 pIllM=0.0050 playedP=0.170 pW=0.47 pD=0.06 pL=0.47 vAbs=0.259 pLogitMean=-9.6060 vLogitMean=0.6066 gNorm=0.327 lr=0.574 ms=2764.3 buf=500000 plies=171754911 games=2591859 rejected=0 skipped=0 epoch=0 mom=0.8579 lrCyc[pk=9.8e-01,tr=9.9e-04] trainerStep=20100
[LAYER-HEALTH] live trainerStep=20100 scope=batch_norm_state_only reluSites=2/10 ch=144 dead=0 off=0 alwaysOn=0 worst=none maxBetaOverGamma=+2.19@policy.pre_bn[103] minBetaOverGamma=-1.93@value.bn[4] rvMaxOverMedian=981.2@blocks.2.bn1[76] rezero=none nonFinite=0
[REPLAY] step=20150 loss=3.5129 pLoss=2.7263 vLoss=0.7810 pEnt=2.834 pIllM=0.0055 playedP=0.174 pW=0.46 pD=0.06 pL=0.47 vAbs=0.247 pLogitMean=-9.6121 vLogitMean=0.6030 gNorm=0.391 lr=0.608 ms=2471.6 buf=500000 plies=172181470 games=2598180 rejected=0 skipped=0 epoch=0 mom=0.8571 lrCyc[pk=9.8e-01,tr=9.9e-04] trainerStep=20150
[LAYER-HEALTH] live trainerStep=20150 scope=batch_norm_state_only reluSites=2/10 ch=144 dead=0 off=0 alwaysOn=0 worst=none maxBetaOverGamma=+2.16@policy.pre_bn[103] minBetaOverGamma=-1.85@value.bn[4] rvMaxOverMedian=980.3@blocks.2.bn1[76] rezero=none nonFinite=0
[REPLAY] step=20200 loss=3.5599 pLoss=2.7584 vLoss=0.7951 pEnt=2.874 pIllM=0.0064 playedP=0.167 pW=0.48 pD=0.06 pL=0.45 vAbs=0.270 pLogitMean=-9.5897 vLogitMean=0.6036 gNorm=0.369 lr=0.641 ms=2080.3 buf=500000 plies=172608178 games=2604539 rejected=0 skipped=0 epoch=0 mom=0.8563 lrCyc[pk=9.8e-01,tr=9.9e-04] trainerStep=20200
[LAYER-HEALTH] live trainerStep=20200 scope=batch_norm_state_only reluSites=2/10 ch=144 dead=0 off=0 alwaysOn=0 worst=none maxBetaOverGamma=+2.15@policy.pre_bn[103] minBetaOverGamma=-1.74@value.bn[4] rvMaxOverMedian=988.2@blocks.2.bn1[76] rezero=none nonFinite=0
[REPLAY] step=20250 loss=3.5836 pLoss=2.7806 vLoss=0.7973 pEnt=2.821 pIllM=0.0057 playedP=0.170 pW=0.49 pD=0.06 pL=0.45 vAbs=0.241 pLogitMean=-9.6243 vLogitMean=0.5986 gNorm=0.408 lr=0.675 ms=2500.6 buf=500000 plies=173034811 games=2610901 rejected=0 skipped=0 epoch=0 mom=0.8555 lrCyc[pk=9.8e-01,tr=9.9e-04] trainerStep=20250
[LAYER-HEALTH] live trainerStep=20250 scope=batch_norm_state_only reluSites=2/10 ch=144 dead=0 off=0 alwaysOn=0 worst=none maxBetaOverGamma=+2.20@policy.pre_bn[103] minBetaOverGamma=-1.75@value.bn[9] rvMaxOverMedian=966.1@blocks.2.bn1[76] rezero=none nonFinite=0
[REPLAY] step=20300 loss=3.5281 pLoss=2.7304 vLoss=0.7916 pEnt=2.840 pIllM=0.0060 playedP=0.171 pW=0.46 pD=0.07 pL=0.47 vAbs=0.247 pLogitMean=-9.6357 vLogitMean=0.5863 gNorm=0.424 lr=0.707 ms=2546.0 buf=500000 plies=173461489 games=2617305 rejected=0 skipped=0 epoch=0 mom=0.8549 lrCyc[pk=9.8e-01,tr=9.9e-04] trainerStep=20300
[LAYER-HEALTH] live trainerStep=20300 scope=batch_norm_state_only reluSites=2/10 ch=144 dead=0 off=0 alwaysOn=0 worst=none maxBetaOverGamma=+2.17@policy.pre_bn[103] minBetaOverGamma=-1.87@value.bn[9] rvMaxOverMedian=971.7@blocks.2.bn1[76] rezero=none nonFinite=0
[REPLAY] step=20350 loss=3.5275 pLoss=2.7425 vLoss=0.7785 pEnt=2.855 pIllM=0.0065 playedP=0.167 pW=0.49 pD=0.06 pL=0.45 vAbs=0.267 pLogitMean=-9.6755 vLogitMean=0.5858 gNorm=0.361 lr=0.74 ms=2763.6 buf=500000 plies=173888121 games=2623732 rejected=0 skipped=0 epoch=0 mom=0.8542 lrCyc[pk=9.8e-01,tr=9.9e-04] trainerStep=20350
[LAYER-HEALTH] live trainerStep=20350 scope=batch_norm_state_only reluSites=2/10 ch=144 dead=0 off=0 alwaysOn=0 worst=none maxBetaOverGamma=+2.16@policy.pre_bn[103] minBetaOverGamma=-1.72@value.bn[9] rvMaxOverMedian=967.9@blocks.2.bn1[76] rezero=none nonFinite=0
[REPLAY] step=20400 loss=3.4806 pLoss=2.6875 vLoss=0.7862 pEnt=2.870 pIllM=0.0068 playedP=0.164 pW=0.45 pD=0.06 pL=0.49 vAbs=0.262 pLogitMean=-9.6796 vLogitMean=0.5878 gNorm=0.346 lr=0.771 ms=2316.2 buf=500000 plies=174314739 games=2630021 rejected=0 skipped=0 epoch=0 mom=0.8536 lrCyc[pk=9.8e-01,tr=9.9e-04] trainerStep=20400
[LAYER-HEALTH] live trainerStep=20400 scope=batch_norm_state_only reluSites=2/10 ch=144 dead=0 off=0 alwaysOn=0 worst=none maxBetaOverGamma=+2.25@policy.pre_bn[103] minBetaOverGamma=-1.79@value.bn[9] rvMaxOverMedian=982.1@blocks.2.bn1[76] rezero=none nonFinite=0
[REPLAY] step=20450 loss=3.5478 pLoss=2.7404 vLoss=0.8003 pEnt=2.853 pIllM=0.0072 playedP=0.173 pW=0.49 pD=0.07 pL=0.43 vAbs=0.244 pLogitMean=-9.7323 vLogitMean=0.5952 gNorm=0.357 lr=0.801 ms=2778.9 buf=500000 plies=174741369 games=2636397 rejected=0 skipped=0 epoch=0 mom=0.8531 lrCyc[pk=9.8e-01,tr=9.9e-04] trainerStep=20450
[LAYER-HEALTH] live trainerStep=20450 scope=batch_norm_state_only reluSites=2/10 ch=144 dead=0 off=0 alwaysOn=0 worst=none maxBetaOverGamma=+2.20@policy.pre_bn[103] minBetaOverGamma=-1.81@value.bn[9] rvMaxOverMedian=950.4@blocks.2.bn1[76] rezero=none nonFinite=0
[REPLAY] step=20500 loss=3.5427 pLoss=2.7519 vLoss=0.7837 pEnt=2.847 pIllM=0.0071 playedP=0.166 pW=0.49 pD=0.07 pL=0.44 vAbs=0.266 pLogitMean=-9.7615 vLogitMean=0.5955 gNorm=0.409 lr=0.83 ms=1862.1 buf=500000 plies=175168060 games=2642759 rejected=0 skipped=0 epoch=0 mom=0.8525 lrCyc[pk=9.8e-01,tr=9.9e-04] trainerStep=20500
[LAYER-HEALTH] live trainerStep=20500 scope=batch_norm_state_only reluSites=2/10 ch=144 dead=0 off=0 alwaysOn=0 worst=none maxBetaOverGamma=+2.14@policy.pre_bn[103] minBetaOverGamma=-1.74@value.bn[9] rvMaxOverMedian=937.4@blocks.2.bn1[76] rezero=none nonFinite=0
[REPLAY] step=20550 loss=3.5416 pLoss=2.7284 vLoss=0.8054 pEnt=2.808 pIllM=0.0078 playedP=0.172 pW=0.46 pD=0.07 pL=0.47 vAbs=0.246 pLogitMean=-9.8166 vLogitMean=0.5875 gNorm=0.363 lr=0.856 ms=2027.4 buf=500000 plies=175594727 games=2649157 rejected=0 skipped=0 epoch=0 mom=0.8521 lrCyc[pk=9.8e-01,tr=9.9e-04] trainerStep=20550
[LAYER-HEALTH] live trainerStep=20550 scope=batch_norm_state_only reluSites=2/10 ch=144 dead=0 off=0 alwaysOn=0 worst=none maxBetaOverGamma=+2.22@policy.pre_bn[103] minBetaOverGamma=-1.69@value.bn[9] rvMaxOverMedian=917.6@blocks.2.bn1[76] rezero=none nonFinite=0
[REPLAY] step=20600 loss=4.1303 pLoss=3.2805 vLoss=0.8403 pEnt=2.683 pIllM=0.0095 playedP=0.149 pW=0.50 pD=0.06 pL=0.43 vAbs=0.252 pLogitMean=-9.7148 vLogitMean=0.5900 gNorm=2.566 lr=0.881 ms=1986.7 buf=500000 plies=176021366 games=2655523 rejected=0 skipped=0 epoch=0 mom=0.8517 lrCyc[pk=9.8e-01,tr=9.9e-04] trainerStep=20600
[LAYER-HEALTH] live trainerStep=20600 scope=batch_norm_state_only reluSites=2/10 ch=144 dead=0 off=0 alwaysOn=0 worst=none maxBetaOverGamma=+1.96@policy.pre_bn[103] minBetaOverGamma=-1.70@value.bn[4] rvMaxOverMedian=1031.9@blocks.2.bn1[76] rezero=none nonFinite=0
[REPLAY] step=20650 loss=7.7890 pLoss=6.1078 vLoss=0.8824 pEnt=2.544 pIllM=0.7988 playedP=0.063 pW=0.48 pD=0.06 pL=0.46 vAbs=0.024 pLogitMean=-1.2826 vLogitMean=0.5899 gNorm=0.264 lr=0.904 ms=2657.8 buf=500000 plies=176448015 games=2661911 rejected=0 skipped=0 epoch=0 mom=0.8513 lrCyc[pk=9.8e-01,tr=9.9e-04] trainerStep=20650
[LAYER-HEALTH] live trainerStep=20650 scope=batch_norm_state_only reluSites=2/10 ch=144 dead=20 off=12 alwaysOn=0 worst=policy.pre_bn(dead 19 off 7 on 0) maxBetaOverGamma=+0.60@policy.pre_bn[58] minBetaOverGamma=-30.98@policy.pre_bn[116] rvMaxOverMedian=22157.7@blocks.1.bn1[76] rezero=none nonFinite=0
[REPLAY] step=20700 loss=7.5623 pLoss=5.9072 vLoss=0.8735 pEnt=2.653 pIllM=0.7817 playedP=0.064 pW=0.48 pD=0.06 pL=0.46 vAbs=0.020 pLogitMean=-1.1746 vLogitMean=0.5935 gNorm=0.376 lr=0.924 ms=1877.3 buf=500000 plies=176874636 games=2668299 rejected=0 skipped=0 epoch=0 mom=0.8510 lrCyc[pk=9.8e-01,tr=9.9e-04] trainerStep=20700
[LAYER-HEALTH] live trainerStep=20700 scope=batch_norm_state_only reluSites=2/10 ch=144 dead=19 off=14 alwaysOn=0 worst=policy.pre_bn(dead 18 off 9 on 0) maxBetaOverGamma=+0.54@policy.pre_bn[58] minBetaOverGamma=-50.77@policy.pre_bn[49] rvMaxOverMedian=43283.6@blocks.1.bn1[76] rezero=none nonFinite=0
[REPLAY] step=20750 loss=7.4223 pLoss=5.7745 vLoss=0.8780 pEnt=2.662 pIllM=0.7699 playedP=0.065 pW=0.47 pD=0.06 pL=0.46 vAbs=0.027 pLogitMean=-1.1100 vLogitMean=0.5880 gNorm=0.369 lr=0.941 ms=2183.9 buf=500000 plies=177301274 games=2674663 rejected=0 skipped=0 epoch=0 mom=0.8507 lrCyc[pk=9.8e-01,tr=9.9e-04] trainerStep=20750
[LAYER-HEALTH] live trainerStep=20750 scope=batch_norm_state_only reluSites=2/10 ch=144 dead=21 off=12 alwaysOn=0 worst=policy.pre_bn(dead 20 off 7 on 0) maxBetaOverGamma=+0.50@policy.pre_bn[58] minBetaOverGamma=-42.92@policy.pre_bn[49] rvMaxOverMedian=60924.9@blocks.1.bn1[76] rezero=none nonFinite=0
[REPLAY] step=20800 loss=7.3054 pLoss=5.6521 vLoss=0.8835 pEnt=2.749 pIllM=0.7698 playedP=0.064 pW=0.48 pD=0.07 pL=0.46 vAbs=0.049 pLogitMean=-1.0554 vLogitMean=0.5971 gNorm=0.500 lr=0.956 ms=1531.0 buf=500000 plies=177727971 games=2681077 rejected=0 skipped=0 epoch=0 mom=0.8505 lrCyc[pk=9.8e-01,tr=9.9e-04] trainerStep=20800
[LAYER-HEALTH] live trainerStep=20800 scope=batch_norm_state_only reluSites=2/10 ch=144 dead=21 off=13 alwaysOn=0 worst=policy.pre_bn(dead 20 off 8 on 0) maxBetaOverGamma=+0.45@policy.pre_bn[58] minBetaOverGamma=-47.94@policy.pre_bn[41] rvMaxOverMedian=71500.0@blocks.1.bn1[76] rezero=none nonFinite=0
[REPLAY] step=20850 loss=7.0608 pLoss=5.4498 vLoss=0.8753 pEnt=2.715 pIllM=0.7357 playedP=0.064 pW=0.45 pD=0.07 pL=0.48 vAbs=0.083 pLogitMean=-1.0783 vLogitMean=0.5940 gNorm=0.520 lr=0.967 ms=2283.6 buf=500000 plies=178154597 games=2687451 rejected=0 skipped=0 epoch=0 mom=0.8503 lrCyc[pk=9.8e-01,tr=9.9e-04] trainerStep=20850
[LAYER-HEALTH] live trainerStep=20850 scope=batch_norm_state_only reluSites=2/10 ch=144 dead=21 off=13 alwaysOn=0 worst=policy.pre_bn(dead 20 off 8 on 0) maxBetaOverGamma=+0.51@policy.pre_bn[66] minBetaOverGamma=-52.78@policy.pre_bn[41] rvMaxOverMedian=69116.7@blocks.1.bn1[76] rezero=none nonFinite=0
[REPLAY] step=20900 loss=6.6258 pLoss=5.1029 vLoss=0.8659 pEnt=2.718 pIllM=0.6570 playedP=0.063 pW=0.47 pD=0.06 pL=0.47 vAbs=0.121 pLogitMean=-1.1483 vLogitMean=0.5891 gNorm=0.339 lr=0.975 ms=2832.9 buf=500000 plies=178581301 games=2693793 rejected=0 skipped=0 epoch=0 mom=0.8502 lrCyc[pk=9.8e-01,tr=9.9e-04] trainerStep=20900
[LAYER-HEALTH] live trainerStep=20900 scope=batch_norm_state_only reluSites=2/10 ch=144 dead=21 off=13 alwaysOn=0 worst=policy.pre_bn(dead 20 off 8 on 0) maxBetaOverGamma=+0.51@policy.pre_bn[66] minBetaOverGamma=-68.79@policy.pre_bn[49] rvMaxOverMedian=57583.1@blocks.1.bn1[76] rezero=none nonFinite=0
[REPLAY] step=20950 loss=5.9927 pLoss=4.6308 vLoss=0.8535 pEnt=2.735 pIllM=0.5085 playedP=0.069 pW=0.47 pD=0.06 pL=0.47 vAbs=0.086 pLogitMean=-1.4207 vLogitMean=0.5879 gNorm=0.550 lr=0.98 ms=1931.7 buf=500000 plies=179007955 games=2700192 rejected=0 skipped=0 epoch=0 mom=0.8501 lrCyc[pk=9.8e-01,tr=9.9e-04] trainerStep=20950
[LAYER-HEALTH] live trainerStep=20950 scope=batch_norm_state_only reluSites=2/10 ch=144 dead=21 off=11 alwaysOn=0 worst=policy.pre_bn(dead 20 off 7 on 0) maxBetaOverGamma=+0.53@policy.pre_bn[70] minBetaOverGamma=-130.10@policy.pre_bn[49] rvMaxOverMedian=50189.1@blocks.1.bn1[76] rezero=none nonFinite=0
[REPLAY] step=21000 loss=5.4704 pLoss=4.2215 vLoss=0.8475 pEnt=2.864 pIllM=0.4014 playedP=0.066 pW=0.50 pD=0.06 pL=0.44 vAbs=0.123 pLogitMean=-2.1912 vLogitMean=0.5920 gNorm=0.573 lr=0.982 ms=2122.3 buf=500000 plies=179434549 games=2706558 rejected=0 skipped=0 epoch=0 mom=0.8501 lrCyc[pk=9.8e-01,tr=9.9e-04] trainerStep=21000
[LAYER-HEALTH] live trainerStep=21000 scope=batch_norm_state_only reluSites=2/10 ch=144 dead=21 off=11 alwaysOn=0 worst=policy.pre_bn(dead 20 off 7 on 0) maxBetaOverGamma=+0.84@policy.pre_bn[96] minBetaOverGamma=-709.50@policy.pre_bn[41] rvMaxOverMedian=45186.0@blocks.1.bn1[76] rezero=none nonFinite=0
[REPLAY] saved trainer model (autosave) step=21000 trainerStep=21000 nextGame=2706558 shard=5 epoch=0 -> 20261005-lrBsilu-cyc1-replay-latest.safetensors
[LAYER-HEALTH] checkpoint replay-autosave step=21000 trainerStep=21000 scope=all_tensors reluSites=2/10 ch=144 dead=21 off=11 alwaysOn=0 worst=policy.pre_bn(dead 20 off 7 on 0) maxBetaOverGamma=+0.84@policy.pre_bn[96] minBetaOverGamma=-709.50@policy.pre_bn[41] rvMaxOverMedian=45186.0@blocks.1.bn1[76] rezero=none nonFinite=0 seZeroVel=none valueFC1ZeroVel=0/128 maxAbs=4.264e+04@blocks.0.bn2.running_var
[LAYER-HEALTH]   batch-norm sites — β/|γ|: dead < -3.00, mostly off < -2.00, always on > +3.00; classified for relu/leaky_relu only
[LAYER-HEALTH]     site            act            ch   dead    off     on  zeroγ nonfin  min β/|γ| [ch]     max β/|γ| [ch]     rv max/median [ch]
[LAYER-HEALTH]     stem.bn         -             128    n/a    n/a    n/a      0      0     -1.46 [76]         +0.45 [102]          18.6 [43]
[LAYER-HEALTH]     blocks.0.bn1    silu          128    n/a    n/a    n/a      0      0     -8.35 [16]         +0.43 [43]            7.5 [31]
[LAYER-HEALTH]     blocks.0.bn2    silu          128    n/a    n/a    n/a      0      0    -34.06 [21]        +85.08 [3]           156.6 [14]
[LAYER-HEALTH]     blocks.1.bn1    silu          128    n/a    n/a    n/a      0      0   -139.51 [105]        +0.70 [67]        45186.0 [76]
[LAYER-HEALTH]     blocks.1.bn2    silu          128    n/a    n/a    n/a      0      0    -11.21 [103]        +0.70 [54]           89.7 [86]
[LAYER-HEALTH]     blocks.2.bn1    silu          128    n/a    n/a    n/a      0      0    -23.01 [24]         +1.74 [31]        42205.4 [76]
[LAYER-HEALTH]     blocks.2.bn2    silu          128    n/a    n/a    n/a      0      0     -2.67 [24]         +2.05 [16]           13.3 [117]
[LAYER-HEALTH]     tower_final_bn  silu          128    n/a    n/a    n/a      0      0     -1.00 [28]         +2.00 [111]         135.0 [76]
[LAYER-HEALTH]     policy.pre_bn   leaky_relu    128     20      7      0      0      0   -709.50 [41]         +0.84 [96]           49.0 [108]
[LAYER-HEALTH]     value.bn        leaky_relu     16      1      4      0      0      0     -4.81 [10]         -0.08 [0]             4.5 [0]
[LAYER-HEALTH]   FC hidden-unit velocity — zero: every weight-velocity entry exactly 0; low: nonzero but < 5% of the layer's p90 unit norm
[LAYER-HEALTH]     value.fc1.weight  leaky_relu  units 128  zero 0  low 36  median unit norm 9.000e-04
[LAYER-HEALTH]     (no SE blocks)
[LAYER-HEALTH]   ReZero: none
[LAYER-HEALTH]   non-finite: 0 values in 0 of 102 tensors (10263038 values examined)
[LAYER-HEALTH]   largest |value|: blocks.0.bn2.running_var 4.264e+04, blocks.1.bn2.running_var 3.494e+04, blocks.1.bn1.running_var 1.004e+04, blocks.2.bn1.running_var 9399, blocks.2.bn2.running_var 1921
[REPLAY] enumerated checkpoint -> 20261005-lrBsilu-cyc1-replay-step21000.safetensors
[REPLAY] step=21050 loss=5.2104 pLoss=4.0309 vLoss=0.8331 pEnt=2.850 pIllM=0.3464 playedP=0.076 pW=0.47 pD=0.06 pL=0.47 vAbs=0.139 pLogitMean=-3.2834 vLogitMean=0.5887 gNorm=0.779 lr=0.98 ms=2772.1 buf=500000 plies=179861183 games=2712894 rejected=0 skipped=0 epoch=0 mom=0.8501 lrCyc[pk=9.8e-01,tr=9.9e-04] trainerStep=21050
[LAYER-HEALTH] live trainerStep=21050 scope=batch_norm_state_only reluSites=2/10 ch=144 dead=21 off=11 alwaysOn=0 worst=policy.pre_bn(dead 20 off 7 on 0) maxBetaOverGamma=+1.04@policy.pre_bn[96] minBetaOverGamma=-654.36@policy.pre_bn[41] rvMaxOverMedian=41854.0@blocks.2.bn1[76] rezero=none nonFinite=0
[REPLAY] step=21100 loss=4.7931 pLoss=3.7121 vLoss=0.8390 pEnt=2.888 pIllM=0.2420 playedP=0.075 pW=0.47 pD=0.06 pL=0.47 vAbs=0.159 pLogitMean=-4.0495 vLogitMean=0.5920 gNorm=0.745 lr=0.975 ms=2804.2 buf=500000 plies=180287864 games=2719281 rejected=0 skipped=0 epoch=0 mom=0.8502 lrCyc[pk=9.8e-01,tr=9.9e-04] trainerStep=21100
[LAYER-HEALTH] live trainerStep=21100 scope=batch_norm_state_only reluSites=2/10 ch=144 dead=21 off=12 alwaysOn=0 worst=policy.pre_bn(dead 20 off 8 on 0) maxBetaOverGamma=+1.38@policy.pre_bn[96] minBetaOverGamma=-1068.94@policy.pre_bn[41] rvMaxOverMedian=38758.5@blocks.2.bn1[76] rezero=none nonFinite=0
[REPLAY] step=21150 loss=4.5402 pLoss=3.5057 vLoss=0.8336 pEnt=2.946 pIllM=0.2010 playedP=0.084 pW=0.46 pD=0.07 pL=0.47 vAbs=0.157 pLogitMean=-5.2675 vLogitMean=0.5886 gNorm=0.545 lr=0.967 ms=2336.8 buf=500000 plies=180714511 games=2725593 rejected=0 skipped=0 epoch=0 mom=0.8503 lrCyc[pk=9.8e-01,tr=9.9e-04] trainerStep=21150
[LAYER-HEALTH] live trainerStep=21150 scope=batch_norm_state_only reluSites=2/10 ch=144 dead=21 off=12 alwaysOn=0 worst=policy.pre_bn(dead 20 off 8 on 0) maxBetaOverGamma=+1.57@policy.pre_bn[96] minBetaOverGamma=-360.84@policy.pre_bn[41] rvMaxOverMedian=35491.6@blocks.2.bn1[76] rezero=none nonFinite=0
[REPLAY] step=21200 loss=4.4516 pLoss=3.4443 vLoss=0.8385 pEnt=2.982 pIllM=0.1688 playedP=0.086 pW=0.49 pD=0.06 pL=0.45 vAbs=0.145 pLogitMean=-5.9118 vLogitMean=0.5933 gNorm=0.508 lr=0.955 ms=2656.2 buf=500000 plies=181141190 games=2731979 rejected=0 skipped=0 epoch=0 mom=0.8505 lrCyc[pk=9.8e-01,tr=9.9e-04] trainerStep=21200
[LAYER-HEALTH] live trainerStep=21200 scope=batch_norm_state_only reluSites=2/10 ch=144 dead=22 off=11 alwaysOn=0 worst=policy.pre_bn(dead 21 off 7 on 0) maxBetaOverGamma=+1.60@policy.pre_bn[96] minBetaOverGamma=-198.06@policy.pre_bn[41] rvMaxOverMedian=32325.3@blocks.2.bn1[76] rezero=none nonFinite=0
[REPLAY] step=21250 loss=4.3341 pLoss=3.3427 vLoss=0.8320 pEnt=2.953 pIllM=0.1594 playedP=0.097 pW=0.49 pD=0.07 pL=0.44 vAbs=0.152 pLogitMean=-6.4862 vLogitMean=0.5929 gNorm=0.453 lr=0.941 ms=2703.1 buf=500000 plies=181567782 games=2738369 rejected=0 skipped=0 epoch=0 mom=0.8507 lrCyc[pk=9.8e-01,tr=9.9e-04] trainerStep=21250
[LAYER-HEALTH] live trainerStep=21250 scope=batch_norm_state_only reluSites=2/10 ch=144 dead=22 off=12 alwaysOn=0 worst=policy.pre_bn(dead 21 off 8 on 0) maxBetaOverGamma=+1.65@policy.pre_bn[96] minBetaOverGamma=-130.83@policy.pre_bn[41] rvMaxOverMedian=28094.1@blocks.2.bn1[76] rezero=none nonFinite=0
[REPLAY] step=21300 loss=4.3093 pLoss=3.3265 vLoss=0.8313 pEnt=2.974 pIllM=0.1514 playedP=0.098 pW=0.48 pD=0.06 pL=0.46 vAbs=0.165 pLogitMean=-6.7999 vLogitMean=0.5910 gNorm=0.501 lr=0.923 ms=2612.6 buf=500000 plies=181994443 games=2744786 rejected=0 skipped=0 epoch=0 mom=0.8510 lrCyc[pk=9.8e-01,tr=9.9e-04] trainerStep=21300
[LAYER-HEALTH] live trainerStep=21300 scope=batch_norm_state_only reluSites=2/10 ch=144 dead=22 off=12 alwaysOn=0 worst=policy.pre_bn(dead 21 off 8 on 0) maxBetaOverGamma=+1.65@policy.pre_bn[96] minBetaOverGamma=-107.46@policy.pre_bn[41] rvMaxOverMedian=24596.1@blocks.1.bn1[76] rezero=none nonFinite=0
[REPLAY] step=21350 loss=4.2182 pLoss=3.2538 vLoss=0.8222 pEnt=2.965 pIllM=0.1422 playedP=0.104 pW=0.49 pD=0.06 pL=0.45 vAbs=0.178 pLogitMean=-7.0517 vLogitMean=0.5960 gNorm=0.391 lr=0.903 ms=2892.9 buf=500000 plies=182421165 games=2751135 rejected=0 skipped=0 epoch=0 mom=0.8513 lrCyc[pk=9.8e-01,tr=9.9e-04] trainerStep=21350
[LAYER-HEALTH] live trainerStep=21350 scope=batch_norm_state_only reluSites=2/10 ch=144 dead=22 off=12 alwaysOn=0 worst=policy.pre_bn(dead 21 off 8 on 0) maxBetaOverGamma=+1.75@policy.pre_bn[96] minBetaOverGamma=-85.06@policy.pre_bn[41] rvMaxOverMedian=23175.7@blocks.1.bn1[76] rezero=none nonFinite=0
[REPLAY] step=21400 loss=4.2119 pLoss=3.2614 vLoss=0.8318 pEnt=2.952 pIllM=0.1187 playedP=0.098 pW=0.45 pD=0.06 pL=0.49 vAbs=0.179 pLogitMean=-7.3017 vLogitMean=0.5932 gNorm=0.589 lr=0.881 ms=2287.9 buf=500000 plies=182847758 games=2757549 rejected=0 skipped=0 epoch=0 mom=0.8517 lrCyc[pk=9.8e-01,tr=9.9e-04] trainerStep=21400
[LAYER-HEALTH] live trainerStep=21400 scope=batch_norm_state_only reluSites=2/10 ch=144 dead=22 off=12 alwaysOn=0 worst=policy.pre_bn(dead 21 off 8 on 0) maxBetaOverGamma=+1.77@policy.pre_bn[96] minBetaOverGamma=-73.95@policy.pre_bn[75] rvMaxOverMedian=22457.2@blocks.1.bn1[76] rezero=none nonFinite=0
[REPLAY] step=21450 loss=4.1519 pLoss=3.2211 vLoss=0.8212 pEnt=2.995 pIllM=0.1095 playedP=0.097 pW=0.46 pD=0.06 pL=0.47 vAbs=0.175 pLogitMean=-7.5556 vLogitMean=0.5938 gNorm=0.373 lr=0.856 ms=2389.7 buf=500000 plies=183274434 games=2763942 rejected=0 skipped=0 epoch=0 mom=0.8521 lrCyc[pk=9.8e-01,tr=9.9e-04] trainerStep=21450
[LAYER-HEALTH] live trainerStep=21450 scope=batch_norm_state_only reluSites=2/10 ch=144 dead=22 off=12 alwaysOn=0 worst=policy.pre_bn(dead 21 off 8 on 0) maxBetaOverGamma=+1.80@policy.pre_bn[96] minBetaOverGamma=-110.60@policy.pre_bn[75] rvMaxOverMedian=21579.8@blocks.1.bn1[76] rezero=none nonFinite=0
[REPLAY] step=21500 loss=4.1790 pLoss=3.2622 vLoss=0.8112 pEnt=2.945 pIllM=0.1057 playedP=0.099 pW=0.49 pD=0.05 pL=0.46 vAbs=0.188 pLogitMean=-7.6930 vLogitMean=0.5940 gNorm=0.588 lr=0.829 ms=2645.8 buf=500000 plies=183701028 games=2770380 rejected=0 skipped=0 epoch=0 mom=0.8525 lrCyc[pk=9.8e-01,tr=9.9e-04] trainerStep=21500
[LAYER-HEALTH] live trainerStep=21500 scope=batch_norm_state_only reluSites=2/10 ch=144 dead=22 off=12 alwaysOn=0 worst=policy.pre_bn(dead 21 off 8 on 0) maxBetaOverGamma=+1.71@policy.pre_bn[96] minBetaOverGamma=-140.88@policy.pre_bn[75] rvMaxOverMedian=20868.1@blocks.1.bn1[76] rezero=none nonFinite=0
[REPLAY] step=21550 loss=4.1118 pLoss=3.1784 vLoss=0.8318 pEnt=2.921 pIllM=0.1016 playedP=0.111 pW=0.49 pD=0.06 pL=0.44 vAbs=0.202 pLogitMean=-7.7525 vLogitMean=0.5942 gNorm=0.439 lr=0.8 ms=3057.7 buf=500000 plies=184127695 games=2776765 rejected=0 skipped=0 epoch=0 mom=0.8531 lrCyc[pk=9.8e-01,tr=9.9e-04] trainerStep=21550
[LAYER-HEALTH] live trainerStep=21550 scope=batch_norm_state_only reluSites=2/10 ch=144 dead=22 off=12 alwaysOn=0 worst=policy.pre_bn(dead 21 off 8 on 0) maxBetaOverGamma=+1.76@policy.pre_bn[96] minBetaOverGamma=-280.62@policy.pre_bn[75] rvMaxOverMedian=19804.6@blocks.1.bn1[76] rezero=none nonFinite=0
[REPLAY] step=21600 loss=4.1271 pLoss=3.2078 vLoss=0.8238 pEnt=2.933 pIllM=0.0954 playedP=0.108 pW=0.48 pD=0.06 pL=0.46 vAbs=0.160 pLogitMean=-7.8523 vLogitMean=0.5937 gNorm=0.397 lr=0.77 ms=2824.5 buf=500000 plies=184554343 games=2783174 rejected=0 skipped=0 epoch=0 mom=0.8536 lrCyc[pk=9.8e-01,tr=9.9e-04] trainerStep=21600
[LAYER-HEALTH] live trainerStep=21600 scope=batch_norm_state_only reluSites=2/10 ch=144 dead=22 off=12 alwaysOn=0 worst=policy.pre_bn(dead 21 off 8 on 0) maxBetaOverGamma=+1.77@policy.pre_bn[96] minBetaOverGamma=-1106.15@policy.pre_bn[75] rvMaxOverMedian=19060.3@blocks.1.bn1[76] rezero=none nonFinite=0
[REPLAY] step=21650 loss=4.0616 pLoss=3.1475 vLoss=0.8164 pEnt=2.906 pIllM=0.0978 playedP=0.116 pW=0.46 pD=0.07 pL=0.47 vAbs=0.176 pLogitMean=-7.9811 vLogitMean=0.5965 gNorm=0.482 lr=0.739 ms=2834.3 buf=500000 plies=184981023 games=2789520 rejected=0 skipped=0 epoch=0 mom=0.8542 lrCyc[pk=9.8e-01,tr=9.9e-04] trainerStep=21650
[LAYER-HEALTH] live trainerStep=21650 scope=batch_norm_state_only reluSites=2/10 ch=144 dead=22 off=12 alwaysOn=0 worst=policy.pre_bn(dead 21 off 8 on 0) maxBetaOverGamma=+1.78@policy.pre_bn[96] minBetaOverGamma=-1419.22@policy.pre_bn[75] rvMaxOverMedian=18482.5@blocks.1.bn1[76] rezero=none nonFinite=0
[REPLAY] step=21700 loss=4.0348 pLoss=3.1309 vLoss=0.8186 pEnt=2.923 pIllM=0.0854 playedP=0.113 pW=0.48 pD=0.06 pL=0.47 vAbs=0.177 pLogitMean=-8.0568 vLogitMean=0.5967 gNorm=0.471 lr=0.707 ms=2778.6 buf=500000 plies=185407660 games=2795959 rejected=0 skipped=0 epoch=0 mom=0.8549 lrCyc[pk=9.8e-01,tr=9.9e-04] trainerStep=21700
[LAYER-HEALTH] live trainerStep=21700 scope=batch_norm_state_only reluSites=2/10 ch=144 dead=22 off=12 alwaysOn=0 worst=policy.pre_bn(dead 21 off 8 on 0) maxBetaOverGamma=+1.80@policy.pre_bn[96] minBetaOverGamma=-468.19@policy.pre_bn[75] rvMaxOverMedian=18013.9@blocks.1.bn1[76] rezero=none nonFinite=0
[REPLAY] step=21750 loss=4.0343 pLoss=3.1239 vLoss=0.8318 pEnt=2.974 pIllM=0.0786 playedP=0.108 pW=0.47 pD=0.06 pL=0.47 vAbs=0.191 pLogitMean=-8.0918 vLogitMean=0.5941 gNorm=0.401 lr=0.674 ms=2192.7 buf=500000 plies=185834280 games=2802397 rejected=0 skipped=0 epoch=0 mom=0.8555 lrCyc[pk=9.8e-01,tr=9.9e-04] trainerStep=21750
[LAYER-HEALTH] live trainerStep=21750 scope=batch_norm_state_only reluSites=2/10 ch=144 dead=22 off=13 alwaysOn=0 worst=policy.pre_bn(dead 21 off 8 on 0) maxBetaOverGamma=+1.82@policy.pre_bn[96] minBetaOverGamma=-251.73@policy.pre_bn[75] rvMaxOverMedian=17626.9@blocks.1.bn1[76] rezero=none nonFinite=0
[REPLAY] step=21800 loss=4.0491 pLoss=3.1334 vLoss=0.8378 pEnt=2.959 pIllM=0.0778 playedP=0.113 pW=0.50 pD=0.06 pL=0.44 vAbs=0.182 pLogitMean=-8.1592 vLogitMean=0.5898 gNorm=0.358 lr=0.64 ms=2185.1 buf=500000 plies=186260960 games=2808737 rejected=0 skipped=0 epoch=0 mom=0.8563 lrCyc[pk=9.8e-01,tr=9.9e-04] trainerStep=21800
[LAYER-HEALTH] live trainerStep=21800 scope=batch_norm_state_only reluSites=2/10 ch=144 dead=22 off=12 alwaysOn=0 worst=policy.pre_bn(dead 21 off 8 on 0) maxBetaOverGamma=+1.76@policy.pre_bn[96] minBetaOverGamma=-174.71@policy.pre_bn[75] rvMaxOverMedian=17259.3@blocks.1.bn1[76] rezero=none nonFinite=0
[REPLAY] step=21850 loss=3.9976 pLoss=3.1108 vLoss=0.8112 pEnt=2.928 pIllM=0.0757 playedP=0.114 pW=0.46 pD=0.06 pL=0.48 vAbs=0.172 pLogitMean=-8.2440 vLogitMean=0.5877 gNorm=0.423 lr=0.607 ms=2300.8 buf=500000 plies=186687612 games=2815143 rejected=0 skipped=0 epoch=0 mom=0.8571 lrCyc[pk=9.8e-01,tr=9.9e-04] trainerStep=21850
[LAYER-HEALTH] live trainerStep=21850 scope=batch_norm_state_only reluSites=2/10 ch=144 dead=22 off=12 alwaysOn=0 worst=policy.pre_bn(dead 21 off 8 on 0) maxBetaOverGamma=+1.76@policy.pre_bn[96] minBetaOverGamma=-136.37@policy.pre_bn[75] rvMaxOverMedian=17043.8@blocks.1.bn1[76] rezero=none nonFinite=0
[REPLAY] step=21900 loss=3.9823 pLoss=3.0896 vLoss=0.8154 pEnt=2.954 pIllM=0.0773 playedP=0.114 pW=0.48 pD=0.07 pL=0.46 vAbs=0.179 pLogitMean=-8.2813 vLogitMean=0.5918 gNorm=0.405 lr=0.573 ms=2526.8 buf=500000 plies=187114238 games=2821514 rejected=0 skipped=0 epoch=0 mom=0.8579 lrCyc[pk=9.8e-01,tr=9.9e-04] trainerStep=21900
[LAYER-HEALTH] live trainerStep=21900 scope=batch_norm_state_only reluSites=2/10 ch=144 dead=22 off=12 alwaysOn=0 worst=policy.pre_bn(dead 21 off 8 on 0) maxBetaOverGamma=+1.74@policy.pre_bn[96] minBetaOverGamma=-119.47@policy.pre_bn[75] rvMaxOverMedian=16726.4@blocks.1.bn1[76] rezero=none nonFinite=0
[REPLAY] step=21950 loss=3.9875 pLoss=3.0879 vLoss=0.8245 pEnt=2.920 pIllM=0.0751 playedP=0.117 pW=0.46 pD=0.07 pL=0.47 vAbs=0.183 pLogitMean=-8.2998 vLogitMean=0.5954 gNorm=0.484 lr=0.54 ms=1744.1 buf=500000 plies=187540898 games=2827872 rejected=0 skipped=0 epoch=0 mom=0.8587 lrCyc[pk=9.8e-01,tr=9.9e-04] trainerStep=21950
[LAYER-HEALTH] live trainerStep=21950 scope=batch_norm_state_only reluSites=2/10 ch=144 dead=22 off=12 alwaysOn=0 worst=policy.pre_bn(dead 21 off 8 on 0) maxBetaOverGamma=+1.75@policy.pre_bn[96] minBetaOverGamma=-103.63@policy.pre_bn[75] rvMaxOverMedian=16671.7@blocks.1.bn1[76] rezero=none nonFinite=0
[REPLAY] step=22000 loss=3.9294 pLoss=3.0414 vLoss=0.8164 pEnt=2.973 pIllM=0.0717 playedP=0.110 pW=0.47 pD=0.06 pL=0.47 vAbs=0.194 pLogitMean=-8.3500 vLogitMean=0.5933 gNorm=0.401 lr=0.508 ms=2403.3 buf=500000 plies=187967542 games=2834224 rejected=0 skipped=0 epoch=0 mom=0.8596 lrCyc[pk=9.8e-01,tr=9.9e-04] trainerStep=22000
[LAYER-HEALTH] live trainerStep=22000 scope=batch_norm_state_only reluSites=2/10 ch=144 dead=22 off=12 alwaysOn=0 worst=policy.pre_bn(dead 21 off 8 on 0) maxBetaOverGamma=+1.72@policy.pre_bn[96] minBetaOverGamma=-95.53@policy.pre_bn[75] rvMaxOverMedian=16194.1@blocks.1.bn1[76] rezero=none nonFinite=0
[REPLAY] saved trainer model (autosave) step=22000 trainerStep=22000 nextGame=2834224 shard=6 epoch=0 -> 20261005-lrBsilu-cyc1-replay-latest.safetensors
[LAYER-HEALTH] checkpoint replay-autosave step=22000 trainerStep=22000 scope=all_tensors reluSites=2/10 ch=144 dead=22 off=12 alwaysOn=0 worst=policy.pre_bn(dead 21 off 8 on 0) maxBetaOverGamma=+1.72@policy.pre_bn[96] minBetaOverGamma=-95.53@policy.pre_bn[75] rvMaxOverMedian=16194.1@blocks.1.bn1[76] rezero=none nonFinite=0 seZeroVel=none valueFC1ZeroVel=0/128 maxAbs=8731@blocks.0.bn2.running_var
[LAYER-HEALTH]   batch-norm sites — β/|γ|: dead < -3.00, mostly off < -2.00, always on > +3.00; classified for relu/leaky_relu only
[LAYER-HEALTH]     site            act            ch   dead    off     on  zeroγ nonfin  min β/|γ| [ch]     max β/|γ| [ch]     rv max/median [ch]
[LAYER-HEALTH]     stem.bn         -             128    n/a    n/a    n/a      0      0     -1.48 [76]         +0.44 [102]          16.9 [43]
[LAYER-HEALTH]     blocks.0.bn1    silu          128    n/a    n/a    n/a      0      0    -40.52 [10]         +0.62 [113]           7.8 [31]
[LAYER-HEALTH]     blocks.0.bn2    silu          128    n/a    n/a    n/a      0      0    -33.57 [36]        +29.98 [117]         214.4 [48]
[LAYER-HEALTH]     blocks.1.bn1    silu          128    n/a    n/a    n/a      0      0   -164.54 [105]        +2.22 [67]        16194.1 [76]
[LAYER-HEALTH]     blocks.1.bn2    silu          128    n/a    n/a    n/a      0      0    -12.14 [103]        +1.64 [37]           45.0 [86]
[LAYER-HEALTH]     blocks.2.bn1    silu          128    n/a    n/a    n/a      0      0    -23.64 [24]         +2.12 [31]        11262.7 [76]
[LAYER-HEALTH]     blocks.2.bn2    silu          128    n/a    n/a    n/a      0      0     -4.88 [24]         +6.55 [16]            7.3 [117]
[LAYER-HEALTH]     tower_final_bn  silu          128    n/a    n/a    n/a      0      0     -1.36 [64]         +3.02 [47]           32.8 [31]
[LAYER-HEALTH]     policy.pre_bn   leaky_relu    128     21      8      0      0      0    -95.53 [75]         +1.72 [96]           14.4 [108]
[LAYER-HEALTH]     value.bn        leaky_relu     16      1      4      0      0      0     -4.83 [10]         -0.44 [0]             2.2 [0]
[LAYER-HEALTH]   FC hidden-unit velocity — zero: every weight-velocity entry exactly 0; low: nonzero but < 5% of the layer's p90 unit norm
[LAYER-HEALTH]     value.fc1.weight  leaky_relu  units 128  zero 0  low 40  median unit norm 0.001419
[LAYER-HEALTH]     (no SE blocks)
[LAYER-HEALTH]   ReZero: none
[LAYER-HEALTH]   non-finite: 0 values in 0 of 102 tensors (10263038 values examined)
[LAYER-HEALTH]   largest |value|: blocks.0.bn2.running_var 8731, blocks.1.bn2.running_var 2187, blocks.1.bn1.running_var 2027, blocks.2.bn1.running_var 1139, stem.bn.running_var 323.3
[REPLAY] enumerated checkpoint -> 20261005-lrBsilu-cyc1-replay-step22000.safetensors
[REPLAY] step=22050 loss=3.9672 pLoss=3.0885 vLoss=0.8156 pEnt=2.914 pIllM=0.0631 playedP=0.121 pW=0.48 pD=0.06 pL=0.46 vAbs=0.203 pLogitMean=-8.3714 vLogitMean=0.5938 gNorm=0.421 lr=0.476 ms=2896.6 buf=500000 plies=188394212 games=2840559 rejected=0 skipped=0 epoch=0 mom=0.8606 lrCyc[pk=9.8e-01,tr=9.9e-04] trainerStep=22050
[LAYER-HEALTH] live trainerStep=22050 scope=batch_norm_state_only reluSites=2/10 ch=144 dead=22 off=12 alwaysOn=0 worst=policy.pre_bn(dead 21 off 8 on 0) maxBetaOverGamma=+1.75@policy.pre_bn[96] minBetaOverGamma=-92.93@policy.pre_bn[75] rvMaxOverMedian=15815.9@blocks.1.bn1[76] rezero=none nonFinite=0
[REPLAY] step=22100 loss=3.9504 pLoss=3.0506 vLoss=0.8327 pEnt=2.968 pIllM=0.0670 playedP=0.112 pW=0.46 pD=0.06 pL=0.48 vAbs=0.176 pLogitMean=-8.3943 vLogitMean=0.5949 gNorm=0.429 lr=0.444 ms=2665.7 buf=500000 plies=188820890 games=2846951 rejected=0 skipped=0 epoch=0 mom=0.8616 lrCyc[pk=9.8e-01,tr=9.9e-04] trainerStep=22100
[LAYER-HEALTH] live trainerStep=22100 scope=batch_norm_state_only reluSites=2/10 ch=144 dead=22 off=12 alwaysOn=0 worst=policy.pre_bn(dead 21 off 8 on 0) maxBetaOverGamma=+1.71@policy.pre_bn[96] minBetaOverGamma=-87.09@policy.pre_bn[75] rvMaxOverMedian=15717.0@blocks.1.bn1[76] rezero=none nonFinite=0
[REPLAY] step=22150 loss=3.9411 pLoss=3.0507 vLoss=0.8264 pEnt=2.944 pIllM=0.0640 playedP=0.122 pW=0.48 pD=0.06 pL=0.46 vAbs=0.199 pLogitMean=-8.4238 vLogitMean=0.5920 gNorm=0.383 lr=0.414 ms=2677.3 buf=500000 plies=189247602 games=2853319 rejected=0 skipped=0 epoch=0 mom=0.8626 lrCyc[pk=9.8e-01,tr=9.9e-04] trainerStep=22150
[LAYER-HEALTH] live trainerStep=22150 scope=batch_norm_state_only reluSites=2/10 ch=144 dead=22 off=11 alwaysOn=0 worst=policy.pre_bn(dead 21 off 8 on 0) maxBetaOverGamma=+1.69@policy.pre_bn[96] minBetaOverGamma=-83.76@policy.pre_bn[75] rvMaxOverMedian=15433.2@blocks.1.bn1[76] rezero=none nonFinite=0
[REPLAY] step=22200 loss=3.9664 pLoss=3.0737 vLoss=0.8340 pEnt=2.973 pIllM=0.0587 playedP=0.114 pW=0.47 pD=0.07 pL=0.47 vAbs=0.166 pLogitMean=-8.4631 vLogitMean=0.5929 gNorm=0.380 lr=0.385 ms=2426.5 buf=500000 plies=189674204 games=2859740 rejected=0 skipped=0 epoch=0 mom=0.8636 lrCyc[pk=9.8e-01,tr=9.9e-04] trainerStep=22200
[LAYER-HEALTH] live trainerStep=22200 scope=batch_norm_state_only reluSites=2/10 ch=144 dead=22 off=11 alwaysOn=0 worst=policy.pre_bn(dead 21 off 8 on 0) maxBetaOverGamma=+1.68@policy.pre_bn[96] minBetaOverGamma=-81.64@policy.pre_bn[75] rvMaxOverMedian=15382.2@blocks.1.bn1[76] rezero=none nonFinite=0
[REPLAY] step=22250 loss=3.9147 pLoss=3.0185 vLoss=0.8370 pEnt=2.934 pIllM=0.0592 playedP=0.125 pW=0.45 pD=0.07 pL=0.48 vAbs=0.173 pLogitMean=-8.4640 vLogitMean=0.5909 gNorm=0.359 lr=0.357 ms=2833.9 buf=500000 plies=190100807 games=2866090 rejected=0 skipped=0 epoch=0 mom=0.8647 lrCyc[pk=9.8e-01,tr=9.9e-04] trainerStep=22250
[LAYER-HEALTH] live trainerStep=22250 scope=batch_norm_state_only reluSites=2/10 ch=144 dead=22 off=11 alwaysOn=0 worst=policy.pre_bn(dead 21 off 8 on 0) maxBetaOverGamma=+1.68@policy.pre_bn[96] minBetaOverGamma=-80.13@policy.pre_bn[75] rvMaxOverMedian=15272.0@blocks.1.bn1[76] rezero=none nonFinite=0
[REPLAY] step=22300 loss=3.9293 pLoss=3.0472 vLoss=0.8224 pEnt=2.931 pIllM=0.0597 playedP=0.124 pW=0.48 pD=0.07 pL=0.45 vAbs=0.169 pLogitMean=-8.4908 vLogitMean=0.5920 gNorm=0.450 lr=0.33 ms=2931.1 buf=500000 plies=190527441 games=2872452 rejected=0 skipped=0 epoch=0 mom=0.8659 lrCyc[pk=9.8e-01,tr=9.9e-04] trainerStep=22300
[LAYER-HEALTH] live trainerStep=22300 scope=batch_norm_state_only reluSites=2/10 ch=144 dead=22 off=13 alwaysOn=0 worst=policy.pre_bn(dead 21 off 8 on 0) maxBetaOverGamma=+1.69@policy.pre_bn[96] minBetaOverGamma=-78.22@policy.pre_bn[75] rvMaxOverMedian=15252.0@blocks.1.bn1[76] rezero=none nonFinite=0
[REPLAY] step=22350 loss=3.9007 pLoss=3.0289 vLoss=0.8128 pEnt=2.956 pIllM=0.0590 playedP=0.122 pW=0.47 pD=0.06 pL=0.47 vAbs=0.193 pLogitMean=-8.4838 vLogitMean=0.5856 gNorm=0.394 lr=0.305 ms=2353.3 buf=500000 plies=190954133 games=2878871 rejected=0 skipped=0 epoch=0 mom=0.8670 lrCyc[pk=9.8e-01,tr=9.9e-04] trainerStep=22350
[LAYER-HEALTH] live trainerStep=22350 scope=batch_norm_state_only reluSites=2/10 ch=144 dead=22 off=12 alwaysOn=0 worst=policy.pre_bn(dead 21 off 8 on 0) maxBetaOverGamma=+1.70@policy.pre_bn[96] minBetaOverGamma=-76.69@policy.pre_bn[75] rvMaxOverMedian=15304.5@blocks.1.bn1[76] rezero=none nonFinite=0
[REPLAY] step=22400 loss=3.8866 pLoss=3.0116 vLoss=0.8163 pEnt=2.938 pIllM=0.0586 playedP=0.126 pW=0.47 pD=0.06 pL=0.47 vAbs=0.193 pLogitMean=-8.5188 vLogitMean=0.5894 gNorm=0.470 lr=0.281 ms=2300.9 buf=500000 plies=191380766 games=2885315 rejected=0 skipped=0 epoch=0 mom=0.8682 lrCyc[pk=9.8e-01,tr=9.9e-04] trainerStep=22400
[LAYER-HEALTH] live trainerStep=22400 scope=batch_norm_state_only reluSites=2/10 ch=144 dead=22 off=11 alwaysOn=0 worst=policy.pre_bn(dead 21 off 8 on 0) maxBetaOverGamma=+1.65@policy.pre_bn[96] minBetaOverGamma=-75.67@policy.pre_bn[75] rvMaxOverMedian=15285.1@blocks.1.bn1[76] rezero=none nonFinite=0
[REPLAY] step=22450 loss=3.8561 pLoss=3.0030 vLoss=0.8006 pEnt=2.959 pIllM=0.0526 playedP=0.121 pW=0.48 pD=0.06 pL=0.46 vAbs=0.192 pLogitMean=-8.5277 vLogitMean=0.5898 gNorm=0.324 lr=0.258 ms=2908.4 buf=500000 plies=191807426 games=2891700 rejected=0 skipped=0 epoch=0 mom=0.8694 lrCyc[pk=9.8e-01,tr=9.9e-04] trainerStep=22450
[LAYER-HEALTH] live trainerStep=22450 scope=batch_norm_state_only reluSites=2/10 ch=144 dead=22 off=12 alwaysOn=0 worst=policy.pre_bn(dead 21 off 8 on 0) maxBetaOverGamma=+1.67@policy.pre_bn[96] minBetaOverGamma=-72.94@policy.pre_bn[75] rvMaxOverMedian=15154.0@blocks.1.bn1[76] rezero=none nonFinite=0
[REPLAY] step=22500 loss=3.8772 pLoss=3.0026 vLoss=0.8217 pEnt=2.950 pIllM=0.0529 playedP=0.122 pW=0.47 pD=0.06 pL=0.47 vAbs=0.195 pLogitMean=-8.5269 vLogitMean=0.5882 gNorm=0.401 lr=0.237 ms=2333.9 buf=500000 plies=192234025 games=2898113 rejected=0 skipped=0 epoch=0 mom=0.8707 lrCyc[pk=9.8e-01,tr=9.9e-04] trainerStep=22500
[LAYER-HEALTH] live trainerStep=22500 scope=batch_norm_state_only reluSites=2/10 ch=144 dead=22 off=13 alwaysOn=0 worst=policy.pre_bn(dead 21 off 8 on 0) maxBetaOverGamma=+1.70@policy.pre_bn[96] minBetaOverGamma=-73.09@policy.pre_bn[75] rvMaxOverMedian=15030.4@blocks.1.bn1[76] rezero=none nonFinite=0
[REPLAY] step=22550 loss=3.8629 pLoss=2.9792 vLoss=0.8316 pEnt=2.937 pIllM=0.0521 playedP=0.126 pW=0.47 pD=0.06 pL=0.47 vAbs=0.191 pLogitMean=-8.5331 vLogitMean=0.5873 gNorm=0.353 lr=0.216 ms=2205.2 buf=500000 plies=192660721 games=2904531 rejected=0 skipped=0 epoch=0 mom=0.8720 lrCyc[pk=9.8e-01,tr=9.9e-04] trainerStep=22550
[LAYER-HEALTH] live trainerStep=22550 scope=batch_norm_state_only reluSites=2/10 ch=144 dead=21 off=14 alwaysOn=0 worst=policy.pre_bn(dead 20 off 9 on 0) maxBetaOverGamma=+1.69@policy.pre_bn[96] minBetaOverGamma=-71.68@policy.pre_bn[75] rvMaxOverMedian=15052.4@blocks.1.bn1[76] rezero=none nonFinite=0
[REPLAY] step=22600 loss=3.8548 pLoss=2.9872 vLoss=0.8133 pEnt=2.935 pIllM=0.0544 playedP=0.129 pW=0.46 pD=0.06 pL=0.47 vAbs=0.186 pLogitMean=-8.5480 vLogitMean=0.5882 gNorm=0.370 lr=0.198 ms=2344.3 buf=500000 plies=193087343 games=2910983 rejected=0 skipped=0 epoch=0 mom=0.8733 lrCyc[pk=9.8e-01,tr=9.9e-04] trainerStep=22600
[LAYER-HEALTH] live trainerStep=22600 scope=batch_norm_state_only reluSites=2/10 ch=144 dead=21 off=14 alwaysOn=0 worst=policy.pre_bn(dead 20 off 9 on 0) maxBetaOverGamma=+1.69@policy.pre_bn[96] minBetaOverGamma=-72.81@policy.pre_bn[75] rvMaxOverMedian=15126.6@blocks.1.bn1[76] rezero=none nonFinite=0
[REPLAY] step=22650 loss=3.8295 pLoss=2.9716 vLoss=0.8064 pEnt=2.938 pIllM=0.0515 playedP=0.125 pW=0.46 pD=0.06 pL=0.48 vAbs=0.193 pLogitMean=-8.5595 vLogitMean=0.5907 gNorm=0.358 lr=0.18 ms=3019.0 buf=500000 plies=193513988 games=2917290 rejected=0 skipped=0 epoch=0 mom=0.8746 lrCyc[pk=9.8e-01,tr=9.9e-04] trainerStep=22650
[LAYER-HEALTH] live trainerStep=22650 scope=batch_norm_state_only reluSites=2/10 ch=144 dead=21 off=13 alwaysOn=0 worst=policy.pre_bn(dead 20 off 8 on 0) maxBetaOverGamma=+1.68@policy.pre_bn[96] minBetaOverGamma=-71.78@policy.pre_bn[75] rvMaxOverMedian=15158.3@blocks.1.bn1[76] rezero=none nonFinite=0
[REPLAY] step=22700 loss=3.8549 pLoss=2.9941 vLoss=0.8112 pEnt=2.946 pIllM=0.0497 playedP=0.122 pW=0.47 pD=0.06 pL=0.47 vAbs=0.190 pLogitMean=-8.5558 vLogitMean=0.5882 gNorm=0.351 lr=0.164 ms=2745.2 buf=500000 plies=193940668 games=2923694 rejected=0 skipped=0 epoch=0 mom=0.8760 lrCyc[pk=9.8e-01,tr=9.9e-04] trainerStep=22700
[LAYER-HEALTH] live trainerStep=22700 scope=batch_norm_state_only reluSites=2/10 ch=144 dead=21 off=13 alwaysOn=0 worst=policy.pre_bn(dead 20 off 8 on 0) maxBetaOverGamma=+1.67@policy.pre_bn[96] minBetaOverGamma=-71.20@policy.pre_bn[75] rvMaxOverMedian=15109.1@blocks.1.bn1[76] rezero=none nonFinite=0
[REPLAY] step=22750 loss=3.8625 pLoss=2.9981 vLoss=0.8171 pEnt=2.972 pIllM=0.0473 playedP=0.120 pW=0.47 pD=0.06 pL=0.47 vAbs=0.186 pLogitMean=-8.5607 vLogitMean=0.5892 gNorm=0.352 lr=0.149 ms=2455.8 buf=500000 plies=194367284 games=2930075 rejected=0 skipped=0 epoch=0 mom=0.8774 lrCyc[pk=9.8e-01,tr=9.9e-04] trainerStep=22750
[LAYER-HEALTH] live trainerStep=22750 scope=batch_norm_state_only reluSites=2/10 ch=144 dead=21 off=14 alwaysOn=0 worst=policy.pre_bn(dead 20 off 9 on 0) maxBetaOverGamma=+1.67@policy.pre_bn[96] minBetaOverGamma=-71.44@policy.pre_bn[75] rvMaxOverMedian=15168.4@blocks.1.bn1[76] rezero=none nonFinite=0
[REPLAY] step=22800 loss=3.8601 pLoss=2.9985 vLoss=0.8156 pEnt=2.965 pIllM=0.0460 playedP=0.121 pW=0.48 pD=0.06 pL=0.46 vAbs=0.180 pLogitMean=-8.5511 vLogitMean=0.5908 gNorm=0.317 lr=0.135 ms=2673.2 buf=500000 plies=194793945 games=2936475 rejected=0 skipped=0 epoch=0 mom=0.8788 lrCyc[pk=9.8e-01,tr=9.9e-04] trainerStep=22800
[LAYER-HEALTH] live trainerStep=22800 scope=batch_norm_state_only reluSites=2/10 ch=144 dead=21 off=12 alwaysOn=0 worst=policy.pre_bn(dead 20 off 8 on 0) maxBetaOverGamma=+1.67@policy.pre_bn[96] minBetaOverGamma=-71.74@policy.pre_bn[75] rvMaxOverMedian=15352.0@blocks.1.bn1[76] rezero=none nonFinite=0
[REPLAY] step=22850 loss=3.8601 pLoss=2.9838 vLoss=0.8311 pEnt=2.944 pIllM=0.0452 playedP=0.127 pW=0.47 pD=0.07 pL=0.47 vAbs=0.177 pLogitMean=-8.5570 vLogitMean=0.5885 gNorm=0.365 lr=0.123 ms=2515.9 buf=500000 plies=195220587 games=2942879 rejected=0 skipped=0 epoch=0 mom=0.8802 lrCyc[pk=9.8e-01,tr=9.9e-04] trainerStep=22850
[LAYER-HEALTH] live trainerStep=22850 scope=batch_norm_state_only reluSites=2/10 ch=144 dead=21 off=11 alwaysOn=0 worst=policy.pre_bn(dead 20 off 7 on 0) maxBetaOverGamma=+1.67@policy.pre_bn[96] minBetaOverGamma=-71.26@policy.pre_bn[75] rvMaxOverMedian=15310.1@blocks.1.bn1[76] rezero=none nonFinite=0
[REPLAY] step=22900 loss=3.8398 pLoss=2.9694 vLoss=0.8253 pEnt=2.938 pIllM=0.0451 playedP=0.127 pW=0.47 pD=0.07 pL=0.47 vAbs=0.188 pLogitMean=-8.5618 vLogitMean=0.5886 gNorm=0.350 lr=0.111 ms=2572.6 buf=500000 plies=195647308 games=2949286 rejected=0 skipped=0 epoch=0 mom=0.8817 lrCyc[pk=9.8e-01,tr=9.9e-04] trainerStep=22900
[LAYER-HEALTH] live trainerStep=22900 scope=batch_norm_state_only reluSites=2/10 ch=144 dead=21 off=11 alwaysOn=0 worst=policy.pre_bn(dead 20 off 7 on 0) maxBetaOverGamma=+1.65@policy.pre_bn[96] minBetaOverGamma=-71.51@policy.pre_bn[75] rvMaxOverMedian=15390.3@blocks.1.bn1[76] rezero=none nonFinite=0
[REPLAY] step=22950 loss=3.8713 pLoss=3.0037 vLoss=0.8215 pEnt=2.958 pIllM=0.0462 playedP=0.126 pW=0.48 pD=0.07 pL=0.45 vAbs=0.186 pLogitMean=-8.5774 vLogitMean=0.5909 gNorm=0.358 lr=0.1 ms=2718.7 buf=500000 plies=196073908 games=2955722 rejected=0 skipped=0 epoch=0 mom=0.8831 lrCyc[pk=9.8e-01,tr=9.9e-04] trainerStep=22950
[LAYER-HEALTH] live trainerStep=22950 scope=batch_norm_state_only reluSites=2/10 ch=144 dead=21 off=11 alwaysOn=0 worst=policy.pre_bn(dead 20 off 7 on 0) maxBetaOverGamma=+1.66@policy.pre_bn[96] minBetaOverGamma=-71.74@policy.pre_bn[75] rvMaxOverMedian=15249.4@blocks.1.bn1[76] rezero=none nonFinite=0
[REPLAY] step=23000 loss=3.8331 pLoss=2.9671 vLoss=0.8199 pEnt=2.945 pIllM=0.0462 playedP=0.127 pW=0.47 pD=0.06 pL=0.47 vAbs=0.197 pLogitMean=-8.5711 vLogitMean=0.5900 gNorm=0.338 lr=0.0904 ms=2087.6 buf=500000 plies=196500576 games=2962130 rejected=0 skipped=0 epoch=0 mom=0.8846 lrCyc[pk=9.8e-01,tr=9.9e-04] trainerStep=23000
[LAYER-HEALTH] live trainerStep=23000 scope=batch_norm_state_only reluSites=2/10 ch=144 dead=21 off=11 alwaysOn=0 worst=policy.pre_bn(dead 20 off 7 on 0) maxBetaOverGamma=+1.65@policy.pre_bn[96] minBetaOverGamma=-71.74@policy.pre_bn[75] rvMaxOverMedian=15140.1@blocks.1.bn1[76] rezero=none nonFinite=0
[REPLAY] saved trainer model (autosave) step=23000 trainerStep=23000 nextGame=2962130 shard=6 epoch=0 -> 20261005-lrBsilu-cyc1-replay-latest.safetensors
[LAYER-HEALTH] checkpoint replay-autosave step=23000 trainerStep=23000 scope=all_tensors reluSites=2/10 ch=144 dead=21 off=11 alwaysOn=0 worst=policy.pre_bn(dead 20 off 7 on 0) maxBetaOverGamma=+1.65@policy.pre_bn[96] minBetaOverGamma=-71.74@policy.pre_bn[75] rvMaxOverMedian=15140.1@blocks.1.bn1[76] rezero=none nonFinite=0 seZeroVel=none valueFC1ZeroVel=0/128 maxAbs=6357@blocks.0.bn2.running_var
[LAYER-HEALTH]   batch-norm sites — β/|γ|: dead < -3.00, mostly off < -2.00, always on > +3.00; classified for relu/leaky_relu only
[LAYER-HEALTH]     site            act            ch   dead    off     on  zeroγ nonfin  min β/|γ| [ch]     max β/|γ| [ch]     rv max/median [ch]
[LAYER-HEALTH]     stem.bn         -             128    n/a    n/a    n/a      0      0     -1.48 [76]         +0.43 [102]          17.5 [43]
[LAYER-HEALTH]     blocks.0.bn1    silu          128    n/a    n/a    n/a      0      0    -57.66 [88]         +0.61 [113]           8.0 [31]
[LAYER-HEALTH]     blocks.0.bn2    silu          128    n/a    n/a    n/a      0      0    -35.51 [36]        +23.65 [117]         205.1 [48]
[LAYER-HEALTH]     blocks.1.bn1    silu          128    n/a    n/a    n/a      0      0   -213.02 [105]        +2.37 [67]        15140.1 [76]
[LAYER-HEALTH]     blocks.1.bn2    silu          128    n/a    n/a    n/a      0      0    -12.16 [103]        +1.72 [37]           36.4 [86]
[LAYER-HEALTH]     blocks.2.bn1    silu          128    n/a    n/a    n/a      0      0    -24.40 [24]         +2.10 [31]        10504.3 [76]
[LAYER-HEALTH]     blocks.2.bn2    silu          128    n/a    n/a    n/a      0      0     -5.00 [24]         +9.15 [16]            7.5 [73]
[LAYER-HEALTH]     tower_final_bn  silu          128    n/a    n/a    n/a      0      0     -1.40 [64]         +3.09 [47]           36.0 [31]
[LAYER-HEALTH]     policy.pre_bn   leaky_relu    128     20      7      0      0      0    -71.74 [75]         +1.65 [96]           12.9 [108]
[LAYER-HEALTH]     value.bn        leaky_relu     16      1      4      0      0      0     -4.85 [10]         -0.54 [0]             2.1 [0]
[LAYER-HEALTH]   FC hidden-unit velocity — zero: every weight-velocity entry exactly 0; low: nonzero but < 5% of the layer's p90 unit norm
[LAYER-HEALTH]     value.fc1.weight  leaky_relu  units 128  zero 0  low 45  median unit norm 0.001628
[LAYER-HEALTH]     (no SE blocks)
[LAYER-HEALTH]   ReZero: none
[LAYER-HEALTH]   non-finite: 0 values in 0 of 102 tensors (10263038 values examined)
[LAYER-HEALTH]   largest |value|: blocks.0.bn2.running_var 6357, blocks.1.bn1.running_var 1724, blocks.1.bn2.running_var 1397, blocks.2.bn1.running_var 981.8, stem.bn.running_var 269.8
[REPLAY] enumerated checkpoint -> 20261005-lrBsilu-cyc1-replay-step23000.safetensors
[REPLAY] step=23050 loss=3.8419 pLoss=2.9675 vLoss=0.8282 pEnt=2.946 pIllM=0.0463 playedP=0.127 pW=0.47 pD=0.07 pL=0.47 vAbs=0.193 pLogitMean=-8.5680 vLogitMean=0.5882 gNorm=0.342 lr=0.0815 ms=2215.4 buf=500000 plies=196927193 games=2968472 rejected=0 skipped=0 epoch=0 mom=0.8861 lrCyc[pk=9.8e-01,tr=9.9e-04] trainerStep=23050
[LAYER-HEALTH] live trainerStep=23050 scope=batch_norm_state_only reluSites=2/10 ch=144 dead=21 off=11 alwaysOn=0 worst=policy.pre_bn(dead 20 off 7 on 0) maxBetaOverGamma=+1.66@policy.pre_bn[96] minBetaOverGamma=-72.13@policy.pre_bn[75] rvMaxOverMedian=15064.2@blocks.1.bn1[76] rezero=none nonFinite=0
[REPLAY] step=23100 loss=3.8074 pLoss=2.9438 vLoss=0.8204 pEnt=2.949 pIllM=0.0432 playedP=0.127 pW=0.47 pD=0.06 pL=0.47 vAbs=0.206 pLogitMean=-8.5700 vLogitMean=0.5882 gNorm=0.358 lr=0.0734 ms=2536.0 buf=500000 plies=197353878 games=2974827 rejected=0 skipped=0 epoch=0 mom=0.8876 lrCyc[pk=9.8e-01,tr=9.9e-04] trainerStep=23100
[LAYER-HEALTH] live trainerStep=23100 scope=batch_norm_state_only reluSites=2/10 ch=144 dead=21 off=11 alwaysOn=0 worst=policy.pre_bn(dead 20 off 7 on 0) maxBetaOverGamma=+1.65@policy.pre_bn[96] minBetaOverGamma=-71.49@policy.pre_bn[75] rvMaxOverMedian=14969.5@blocks.1.bn1[76] rezero=none nonFinite=0
[REPLAY] step=23150 loss=3.8190 pLoss=2.9530 vLoss=0.8216 pEnt=2.952 pIllM=0.0444 playedP=0.125 pW=0.47 pD=0.07 pL=0.46 vAbs=0.201 pLogitMean=-8.5692 vLogitMean=0.5900 gNorm=0.369 lr=0.0661 ms=2593.0 buf=500000 plies=197780481 games=2981222 rejected=0 skipped=0 epoch=0 mom=0.8892 lrCyc[pk=9.8e-01,tr=9.9e-04] trainerStep=23150
[LAYER-HEALTH] live trainerStep=23150 scope=batch_norm_state_only reluSites=2/10 ch=144 dead=21 off=11 alwaysOn=0 worst=policy.pre_bn(dead 20 off 7 on 0) maxBetaOverGamma=+1.64@policy.pre_bn[96] minBetaOverGamma=-72.00@policy.pre_bn[75] rvMaxOverMedian=14903.5@blocks.1.bn1[76] rezero=none nonFinite=0
[REPLAY] step=23200 loss=3.8307 pLoss=2.9851 vLoss=0.8027 pEnt=2.962 pIllM=0.0429 playedP=0.124 pW=0.47 pD=0.06 pL=0.46 vAbs=0.199 pLogitMean=-8.5651 vLogitMean=0.5898 gNorm=0.365 lr=0.0594 ms=2342.9 buf=500000 plies=198207137 games=2987655 rejected=0 skipped=0 epoch=0 mom=0.8907 lrCyc[pk=9.8e-01,tr=9.9e-04] trainerStep=23200
[LAYER-HEALTH] live trainerStep=23200 scope=batch_norm_state_only reluSites=2/10 ch=144 dead=21 off=11 alwaysOn=0 worst=policy.pre_bn(dead 20 off 7 on 0) maxBetaOverGamma=+1.64@policy.pre_bn[96] minBetaOverGamma=-71.75@policy.pre_bn[75] rvMaxOverMedian=14790.5@blocks.1.bn1[76] rezero=none nonFinite=0
[REPLAY] step=23250 loss=3.8431 pLoss=2.9769 vLoss=0.8221 pEnt=2.956 pIllM=0.0441 playedP=0.126 pW=0.47 pD=0.06 pL=0.47 vAbs=0.200 pLogitMean=-8.5769 vLogitMean=0.5900 gNorm=0.345 lr=0.0534 ms=2317.5 buf=500000 plies=198633801 games=2994067 rejected=0 skipped=0 epoch=0 mom=0.8922 lrCyc[pk=9.8e-01,tr=9.9e-04] trainerStep=23250
[LAYER-HEALTH] live trainerStep=23250 scope=batch_norm_state_only reluSites=2/10 ch=144 dead=21 off=12 alwaysOn=0 worst=policy.pre_bn(dead 20 off 7 on 0) maxBetaOverGamma=+1.65@policy.pre_bn[96] minBetaOverGamma=-71.91@policy.pre_bn[75] rvMaxOverMedian=14718.5@blocks.1.bn1[76] rezero=none nonFinite=0
[REPLAY] step=23300 loss=3.8286 pLoss=2.9662 vLoss=0.8232 pEnt=2.961 pIllM=0.0392 playedP=0.123 pW=0.47 pD=0.07 pL=0.46 vAbs=0.193 pLogitMean=-8.5808 vLogitMean=0.5898 gNorm=0.361 lr=0.048 ms=2335.6 buf=500000 plies=199060473 games=3000444 rejected=0 skipped=0 epoch=0 mom=0.8938 lrCyc[pk=9.8e-01,tr=9.9e-04] trainerStep=23300
[LAYER-HEALTH] live trainerStep=23300 scope=batch_norm_state_only reluSites=2/10 ch=144 dead=21 off=12 alwaysOn=0 worst=policy.pre_bn(dead 20 off 7 on 0) maxBetaOverGamma=+1.65@policy.pre_bn[96] minBetaOverGamma=-71.76@policy.pre_bn[75] rvMaxOverMedian=14706.7@blocks.1.bn1[76] rezero=none nonFinite=0
[REPLAY] step=23350 loss=3.8092 pLoss=2.9529 vLoss=0.8175 pEnt=2.949 pIllM=0.0388 playedP=0.127 pW=0.47 pD=0.07 pL=0.46 vAbs=0.197 pLogitMean=-8.5842 vLogitMean=0.5904 gNorm=0.321 lr=0.0431 ms=2586.4 buf=500000 plies=199487112 games=3006830 rejected=0 skipped=0 epoch=0 mom=0.8954 lrCyc[pk=9.8e-01,tr=9.9e-04] trainerStep=23350
[LAYER-HEALTH] live trainerStep=23350 scope=batch_norm_state_only reluSites=2/10 ch=144 dead=21 off=12 alwaysOn=0 worst=policy.pre_bn(dead 20 off 7 on 0) maxBetaOverGamma=+1.64@policy.pre_bn[96] minBetaOverGamma=-71.79@policy.pre_bn[75] rvMaxOverMedian=14671.8@blocks.1.bn1[76] rezero=none nonFinite=0
[REPLAY] step=23400 loss=3.7863 pLoss=2.9231 vLoss=0.8204 pEnt=2.948 pIllM=0.0428 playedP=0.129 pW=0.47 pD=0.06 pL=0.46 vAbs=0.208 pLogitMean=-8.5838 vLogitMean=0.5885 gNorm=0.383 lr=0.0387 ms=2436.0 buf=500000 plies=199913754 games=3013268 rejected=0 skipped=0 epoch=0 mom=0.8969 lrCyc[pk=9.8e-01,tr=9.9e-04] trainerStep=23400
[LAYER-HEALTH] live trainerStep=23400 scope=batch_norm_state_only reluSites=2/10 ch=144 dead=21 off=12 alwaysOn=0 worst=policy.pre_bn(dead 20 off 7 on 0) maxBetaOverGamma=+1.64@policy.pre_bn[96] minBetaOverGamma=-71.55@policy.pre_bn[75] rvMaxOverMedian=14608.7@blocks.1.bn1[76] rezero=none nonFinite=0
[REPLAY] step=23450 loss=3.8479 pLoss=2.9868 vLoss=0.8205 pEnt=2.942 pIllM=0.0406 playedP=0.129 pW=0.47 pD=0.07 pL=0.46 vAbs=0.186 pLogitMean=-8.5812 vLogitMean=0.5889 gNorm=0.297 lr=0.0347 ms=2854.7 buf=500000 plies=200340443 games=3019704 rejected=0 skipped=0 epoch=0 mom=0.8985 lrCyc[pk=9.8e-01,tr=9.9e-04] trainerStep=23450
[LAYER-HEALTH] live trainerStep=23450 scope=batch_norm_state_only reluSites=2/10 ch=144 dead=21 off=12 alwaysOn=0 worst=policy.pre_bn(dead 20 off 7 on 0) maxBetaOverGamma=+1.64@policy.pre_bn[96] minBetaOverGamma=-71.68@policy.pre_bn[75] rvMaxOverMedian=14531.5@blocks.1.bn1[76] rezero=none nonFinite=0
[REPLAY] step=23500 loss=3.8170 pLoss=2.9567 vLoss=0.8207 pEnt=2.960 pIllM=0.0397 playedP=0.128 pW=0.47 pD=0.06 pL=0.47 vAbs=0.199 pLogitMean=-8.5864 vLogitMean=0.5885 gNorm=0.339 lr=0.0311 ms=2742.2 buf=500000 plies=200767036 games=3026157 rejected=0 skipped=0 epoch=0 mom=0.9001 lrCyc[pk=9.8e-01,tr=9.9e-04] trainerStep=23500
[LAYER-HEALTH] live trainerStep=23500 scope=batch_norm_state_only reluSites=2/10 ch=144 dead=21 off=12 alwaysOn=0 worst=policy.pre_bn(dead 20 off 7 on 0) maxBetaOverGamma=+1.64@policy.pre_bn[96] minBetaOverGamma=-71.37@policy.pre_bn[75] rvMaxOverMedian=14461.9@blocks.1.bn1[76] rezero=none nonFinite=0
[REPLAY] step=23550 loss=3.8088 pLoss=2.9653 vLoss=0.8019 pEnt=2.962 pIllM=0.0416 playedP=0.126 pW=0.47 pD=0.06 pL=0.47 vAbs=0.205 pLogitMean=-8.5912 vLogitMean=0.5911 gNorm=0.349 lr=0.0279 ms=2627.4 buf=500000 plies=201193718 games=3032597 rejected=0 skipped=0 epoch=0 mom=0.9016 lrCyc[pk=9.8e-01,tr=9.9e-04] trainerStep=23550
[LAYER-HEALTH] live trainerStep=23550 scope=batch_norm_state_only reluSites=2/10 ch=144 dead=21 off=12 alwaysOn=0 worst=policy.pre_bn(dead 20 off 7 on 0) maxBetaOverGamma=+1.64@policy.pre_bn[96] minBetaOverGamma=-71.43@policy.pre_bn[75] rvMaxOverMedian=14486.1@blocks.1.bn1[76] rezero=none nonFinite=0
[REPLAY] step=23600 loss=3.8051 pLoss=2.9426 vLoss=0.8236 pEnt=2.976 pIllM=0.0389 playedP=0.123 pW=0.47 pD=0.06 pL=0.47 vAbs=0.204 pLogitMean=-8.5891 vLogitMean=0.5897 gNorm=0.345 lr=0.0251 ms=2569.9 buf=500000 plies=201620330 games=3038971 rejected=0 skipped=0 epoch=0 mom=0.9032 lrCyc[pk=9.8e-01,tr=9.9e-04] trainerStep=23600
[LAYER-HEALTH] live trainerStep=23600 scope=batch_norm_state_only reluSites=2/10 ch=144 dead=21 off=12 alwaysOn=0 worst=policy.pre_bn(dead 20 off 7 on 0) maxBetaOverGamma=+1.63@policy.pre_bn[96] minBetaOverGamma=-71.58@policy.pre_bn[75] rvMaxOverMedian=14477.2@blocks.1.bn1[76] rezero=none nonFinite=0
[REPLAY] step=23650 loss=3.7860 pLoss=2.9398 vLoss=0.8023 pEnt=2.937 pIllM=0.0440 playedP=0.130 pW=0.47 pD=0.06 pL=0.47 vAbs=0.205 pLogitMean=-8.5936 vLogitMean=0.5880 gNorm=0.448 lr=0.0225 ms=2771.5 buf=500000 plies=202047032 games=3045450 rejected=0 skipped=0 epoch=0 mom=0.9048 lrCyc[pk=9.8e-01,tr=9.9e-04] trainerStep=23650
[LAYER-HEALTH] live trainerStep=23650 scope=batch_norm_state_only reluSites=2/10 ch=144 dead=21 off=12 alwaysOn=0 worst=policy.pre_bn(dead 20 off 7 on 0) maxBetaOverGamma=+1.63@policy.pre_bn[96] minBetaOverGamma=-71.59@policy.pre_bn[75] rvMaxOverMedian=14424.1@blocks.1.bn1[76] rezero=none nonFinite=0
[REPLAY] step=23700 loss=3.8287 pLoss=2.9748 vLoss=0.8158 pEnt=2.968 pIllM=0.0382 playedP=0.124 pW=0.47 pD=0.06 pL=0.46 vAbs=0.205 pLogitMean=-8.5896 vLogitMean=0.5896 gNorm=0.330 lr=0.0202 ms=2877.6 buf=500000 plies=202473638 games=3051902 rejected=0 skipped=0 epoch=0 mom=0.9063 lrCyc[pk=9.8e-01,tr=9.9e-04] trainerStep=23700
[LAYER-HEALTH] live trainerStep=23700 scope=batch_norm_state_only reluSites=2/10 ch=144 dead=21 off=12 alwaysOn=0 worst=policy.pre_bn(dead 20 off 7 on 0) maxBetaOverGamma=+1.63@policy.pre_bn[96] minBetaOverGamma=-71.55@policy.pre_bn[75] rvMaxOverMedian=14350.2@blocks.1.bn1[76] rezero=none nonFinite=0
[REPLAY] step=23750 loss=3.8184 pLoss=2.9530 vLoss=0.8250 pEnt=2.947 pIllM=0.0404 playedP=0.129 pW=0.47 pD=0.06 pL=0.47 vAbs=0.184 pLogitMean=-8.5876 vLogitMean=0.5893 gNorm=0.341 lr=0.0182 ms=1941.0 buf=500000 plies=202900285 games=3058357 rejected=0 skipped=0 epoch=0 mom=0.9079 lrCyc[pk=9.8e-01,tr=9.9e-04] trainerStep=23750
[LAYER-HEALTH] live trainerStep=23750 scope=batch_norm_state_only reluSites=2/10 ch=144 dead=21 off=12 alwaysOn=0 worst=policy.pre_bn(dead 20 off 7 on 0) maxBetaOverGamma=+1.63@policy.pre_bn[96] minBetaOverGamma=-71.22@policy.pre_bn[75] rvMaxOverMedian=14331.2@blocks.1.bn1[76] rezero=none nonFinite=0
[REPLAY] step=23800 loss=3.8289 pLoss=2.9731 vLoss=0.8186 pEnt=2.968 pIllM=0.0372 playedP=0.125 pW=0.47 pD=0.07 pL=0.46 vAbs=0.187 pLogitMean=-8.5874 vLogitMean=0.5863 gNorm=0.318 lr=0.0163 ms=2712.0 buf=500000 plies=203326935 games=3064839 rejected=0 skipped=0 epoch=0 mom=0.9094 lrCyc[pk=9.8e-01,tr=9.9e-04] trainerStep=23800
[LAYER-HEALTH] live trainerStep=23800 scope=batch_norm_state_only reluSites=2/10 ch=144 dead=21 off=12 alwaysOn=0 worst=policy.pre_bn(dead 20 off 7 on 0) maxBetaOverGamma=+1.62@policy.pre_bn[96] minBetaOverGamma=-71.22@policy.pre_bn[75] rvMaxOverMedian=14346.7@blocks.1.bn1[76] rezero=none nonFinite=0
[REPLAY] step=23850 loss=3.7987 pLoss=2.9266 vLoss=0.8302 pEnt=2.957 pIllM=0.0418 playedP=0.130 pW=0.47 pD=0.07 pL=0.46 vAbs=0.192 pLogitMean=-8.5886 vLogitMean=0.5890 gNorm=0.349 lr=0.0147 ms=2556.1 buf=500000 plies=203753600 games=3071247 rejected=0 skipped=0 epoch=0 mom=0.9110 lrCyc[pk=9.8e-01,tr=9.9e-04] trainerStep=23850
[LAYER-HEALTH] live trainerStep=23850 scope=batch_norm_state_only reluSites=2/10 ch=144 dead=21 off=12 alwaysOn=0 worst=policy.pre_bn(dead 20 off 7 on 0) maxBetaOverGamma=+1.62@policy.pre_bn[96] minBetaOverGamma=-71.21@policy.pre_bn[75] rvMaxOverMedian=14321.1@blocks.1.bn1[76] rezero=none nonFinite=0
[REPLAY] step=23900 loss=3.7962 pLoss=2.9448 vLoss=0.8098 pEnt=2.939 pIllM=0.0417 playedP=0.131 pW=0.47 pD=0.07 pL=0.47 vAbs=0.199 pLogitMean=-8.5937 vLogitMean=0.5894 gNorm=0.364 lr=0.0132 ms=2565.1 buf=500000 plies=204180289 games=3077751 rejected=0 skipped=0 epoch=0 mom=0.9125 lrCyc[pk=9.8e-01,tr=9.9e-04] trainerStep=23900
[LAYER-HEALTH] live trainerStep=23900 scope=batch_norm_state_only reluSites=2/10 ch=144 dead=21 off=12 alwaysOn=0 worst=policy.pre_bn(dead 20 off 7 on 0) maxBetaOverGamma=+1.63@policy.pre_bn[96] minBetaOverGamma=-71.28@policy.pre_bn[75] rvMaxOverMedian=14297.0@blocks.1.bn1[76] rezero=none nonFinite=0
[REPLAY] step=23950 loss=3.8328 pLoss=2.9780 vLoss=0.8168 pEnt=2.961 pIllM=0.0380 playedP=0.125 pW=0.47 pD=0.06 pL=0.47 vAbs=0.191 pLogitMean=-8.5956 vLogitMean=0.5880 gNorm=0.342 lr=0.0119 ms=1790.7 buf=500000 plies=204606919 games=3084181 rejected=0 skipped=0 epoch=0 mom=0.9140 lrCyc[pk=9.8e-01,tr=9.9e-04] trainerStep=23950
[LAYER-HEALTH] live trainerStep=23950 scope=batch_norm_state_only reluSites=2/10 ch=144 dead=21 off=12 alwaysOn=0 worst=policy.pre_bn(dead 20 off 7 on 0) maxBetaOverGamma=+1.63@policy.pre_bn[96] minBetaOverGamma=-71.31@policy.pre_bn[75] rvMaxOverMedian=14300.6@blocks.1.bn1[76] rezero=none nonFinite=0
[REPLAY] step=24000 loss=3.7796 pLoss=2.9349 vLoss=0.8069 pEnt=2.926 pIllM=0.0378 playedP=0.132 pW=0.47 pD=0.06 pL=0.47 vAbs=0.192 pLogitMean=-8.5960 vLogitMean=0.5909 gNorm=0.348 lr=0.0107 ms=2354.9 buf=500000 plies=205033545 games=3090581 rejected=0 skipped=0 epoch=0 mom=0.9155 lrCyc[pk=9.8e-01,tr=9.9e-04] trainerStep=24000
[LAYER-HEALTH] live trainerStep=24000 scope=batch_norm_state_only reluSites=2/10 ch=144 dead=21 off=12 alwaysOn=0 worst=policy.pre_bn(dead 20 off 7 on 0) maxBetaOverGamma=+1.62@policy.pre_bn[96] minBetaOverGamma=-71.33@policy.pre_bn[75] rvMaxOverMedian=14289.7@blocks.1.bn1[76] rezero=none nonFinite=0
[REPLAY] saved trainer model (autosave) step=24000 trainerStep=24000 nextGame=3090581 shard=6 epoch=0 -> 20261005-lrBsilu-cyc1-replay-latest.safetensors
[LAYER-HEALTH] checkpoint replay-autosave step=24000 trainerStep=24000 scope=all_tensors reluSites=2/10 ch=144 dead=21 off=12 alwaysOn=0 worst=policy.pre_bn(dead 20 off 7 on 0) maxBetaOverGamma=+1.62@policy.pre_bn[96] minBetaOverGamma=-71.33@policy.pre_bn[75] rvMaxOverMedian=14289.7@blocks.1.bn1[76] rezero=none nonFinite=0 seZeroVel=none valueFC1ZeroVel=0/128 maxAbs=6141@blocks.0.bn2.running_var
[LAYER-HEALTH]   batch-norm sites — β/|γ|: dead < -3.00, mostly off < -2.00, always on > +3.00; classified for relu/leaky_relu only
[LAYER-HEALTH]     site            act            ch   dead    off     on  zeroγ nonfin  min β/|γ| [ch]     max β/|γ| [ch]     rv max/median [ch]
[LAYER-HEALTH]     stem.bn         -             128    n/a    n/a    n/a      0      0     -1.48 [76]         +0.43 [102]          17.5 [43]
[LAYER-HEALTH]     blocks.0.bn1    silu          128    n/a    n/a    n/a      0      0   -114.72 [88]         +0.63 [113]           8.0 [31]
[LAYER-HEALTH]     blocks.0.bn2    silu          128    n/a    n/a    n/a      0      0    -35.85 [36]        +23.48 [117]         195.6 [48]
[LAYER-HEALTH]     blocks.1.bn1    silu          128    n/a    n/a    n/a      0      0   -243.38 [105]        +2.41 [67]        14289.7 [76]
[LAYER-HEALTH]     blocks.1.bn2    silu          128    n/a    n/a    n/a      0      0    -12.20 [103]        +1.72 [37]           34.8 [86]
[LAYER-HEALTH]     blocks.2.bn1    silu          128    n/a    n/a    n/a      0      0    -24.57 [24]         +2.11 [31]        10807.9 [76]
[LAYER-HEALTH]     blocks.2.bn2    silu          128    n/a    n/a    n/a      0      0     -5.17 [24]        +11.52 [16]            7.6 [73]
[LAYER-HEALTH]     tower_final_bn  silu          128    n/a    n/a    n/a      0      0     -1.40 [64]         +3.07 [47]           36.7 [31]
[LAYER-HEALTH]     policy.pre_bn   leaky_relu    128     20      7      0      0      0    -71.33 [75]         +1.62 [96]           12.3 [108]
[LAYER-HEALTH]     value.bn        leaky_relu     16      1      5      0      0      0     -4.85 [10]         -0.57 [0]             2.0 [0]
[LAYER-HEALTH]   FC hidden-unit velocity — zero: every weight-velocity entry exactly 0; low: nonzero but < 5% of the layer's p90 unit norm
[LAYER-HEALTH]     value.fc1.weight  leaky_relu  units 128  zero 0  low 45  median unit norm 0.002444
[LAYER-HEALTH]     (no SE blocks)
[LAYER-HEALTH]   ReZero: none
[LAYER-HEALTH]   non-finite: 0 values in 0 of 102 tensors (10263038 values examined)
[LAYER-HEALTH]   largest |value|: blocks.0.bn2.running_var 6141, blocks.1.bn1.running_var 1654, blocks.1.bn2.running_var 1260, blocks.2.bn1.running_var 961.6, stem.bn.running_var 263.4
[REPLAY] enumerated checkpoint -> 20261005-lrBsilu-cyc1-replay-step24000.safetensors
[REPLAY] step=24050 loss=3.7685 pLoss=2.9216 vLoss=0.8047 pEnt=2.929 pIllM=0.0421 playedP=0.135 pW=0.47 pD=0.06 pL=0.47 vAbs=0.199 pLogitMean=-8.5969 vLogitMean=0.5884 gNorm=0.424 lr=0.00968 ms=2871.1 buf=500000 plies=205460218 games=3097035 rejected=0 skipped=0 epoch=0 mom=0.9170 lrCyc[pk=9.8e-01,tr=9.9e-04] trainerStep=24050
[LAYER-HEALTH] live trainerStep=24050 scope=batch_norm_state_only reluSites=2/10 ch=144 dead=21 off=12 alwaysOn=0 worst=policy.pre_bn(dead 20 off 7 on 0) maxBetaOverGamma=+1.62@policy.pre_bn[96] minBetaOverGamma=-71.22@policy.pre_bn[75] rvMaxOverMedian=14327.5@blocks.1.bn1[76] rezero=none nonFinite=0
[REPLAY] step=24100 loss=3.8171 pLoss=2.9598 vLoss=0.8180 pEnt=2.947 pIllM=0.0393 playedP=0.128 pW=0.47 pD=0.06 pL=0.47 vAbs=0.198 pLogitMean=-8.5952 vLogitMean=0.5895 gNorm=0.344 lr=0.00874 ms=2324.2 buf=500000 plies=205886850 games=3103398 rejected=0 skipped=0 epoch=0 mom=0.9184 lrCyc[pk=9.8e-01,tr=9.9e-04] trainerStep=24100
[LAYER-HEALTH] live trainerStep=24100 scope=batch_norm_state_only reluSites=2/10 ch=144 dead=21 off=12 alwaysOn=0 worst=policy.pre_bn(dead 20 off 7 on 0) maxBetaOverGamma=+1.62@policy.pre_bn[96] minBetaOverGamma=-71.32@policy.pre_bn[75] rvMaxOverMedian=14317.7@blocks.1.bn1[76] rezero=none nonFinite=0
[REPLAY] step=24150 loss=3.7844 pLoss=2.9374 vLoss=0.8108 pEnt=2.948 pIllM=0.0363 playedP=0.130 pW=0.47 pD=0.06 pL=0.47 vAbs=0.200 pLogitMean=-8.5934 vLogitMean=0.5909 gNorm=0.360 lr=0.00791 ms=2168.6 buf=500000 plies=206313503 games=3109837 rejected=0 skipped=0 epoch=0 mom=0.9199 lrCyc[pk=9.8e-01,tr=9.9e-04] trainerStep=24150
[LAYER-HEALTH] live trainerStep=24150 scope=batch_norm_state_only reluSites=2/10 ch=144 dead=21 off=12 alwaysOn=0 worst=policy.pre_bn(dead 20 off 7 on 0) maxBetaOverGamma=+1.62@policy.pre_bn[96] minBetaOverGamma=-71.32@policy.pre_bn[75] rvMaxOverMedian=14313.5@blocks.1.bn1[76] rezero=none nonFinite=0
[REPLAY] step=24200 loss=3.8069 pLoss=2.9571 vLoss=0.8093 pEnt=2.969 pIllM=0.0405 playedP=0.127 pW=0.48 pD=0.06 pL=0.47 vAbs=0.192 pLogitMean=-8.5975 vLogitMean=0.5896 gNorm=0.361 lr=0.00717 ms=2389.1 buf=500000 plies=206740150 games=3116295 rejected=0 skipped=0 epoch=0 mom=0.9213 lrCyc[pk=9.8e-01,tr=9.9e-04] trainerStep=24200
[LAYER-HEALTH] live trainerStep=24200 scope=batch_norm_state_only reluSites=2/10 ch=144 dead=21 off=12 alwaysOn=0 worst=policy.pre_bn(dead 20 off 7 on 0) maxBetaOverGamma=+1.62@policy.pre_bn[96] minBetaOverGamma=-71.24@policy.pre_bn[75] rvMaxOverMedian=14277.4@blocks.1.bn1[76] rezero=none nonFinite=0
[REPLAY] step=24250 loss=3.8131 pLoss=2.9531 vLoss=0.8194 pEnt=2.939 pIllM=0.0405 playedP=0.131 pW=0.48 pD=0.06 pL=0.46 vAbs=0.194 pLogitMean=-8.5946 vLogitMean=0.5885 gNorm=0.337 lr=0.0065 ms=2063.6 buf=500000 plies=207166773 games=3122728 rejected=0 skipped=0 epoch=0 mom=0.9227 lrCyc[pk=9.8e-01,tr=9.9e-04] trainerStep=24250
[LAYER-HEALTH] live trainerStep=24250 scope=batch_norm_state_only reluSites=2/10 ch=144 dead=21 off=12 alwaysOn=0 worst=policy.pre_bn(dead 20 off 7 on 0) maxBetaOverGamma=+1.62@policy.pre_bn[96] minBetaOverGamma=-71.24@policy.pre_bn[75] rvMaxOverMedian=14256.9@blocks.1.bn1[76] rezero=none nonFinite=0
[REPLAY] step=24300 loss=3.8251 pLoss=2.9830 vLoss=0.8033 pEnt=2.954 pIllM=0.0387 playedP=0.126 pW=0.48 pD=0.06 pL=0.47 vAbs=0.208 pLogitMean=-8.5938 vLogitMean=0.5871 gNorm=0.375 lr=0.00591 ms=2198.2 buf=500000 plies=207593437 games=3129173 rejected=0 skipped=0 epoch=0 mom=0.9241 lrCyc[pk=9.8e-01,tr=9.9e-04] trainerStep=24300
[LAYER-HEALTH] live trainerStep=24300 scope=batch_norm_state_only reluSites=2/10 ch=144 dead=21 off=12 alwaysOn=0 worst=policy.pre_bn(dead 20 off 7 on 0) maxBetaOverGamma=+1.62@policy.pre_bn[96] minBetaOverGamma=-71.29@policy.pre_bn[75] rvMaxOverMedian=14245.2@blocks.1.bn1[76] rezero=none nonFinite=0
[REPLAY] step=24350 loss=3.8204 pLoss=2.9772 vLoss=0.8049 pEnt=2.958 pIllM=0.0382 playedP=0.126 pW=0.48 pD=0.06 pL=0.47 vAbs=0.198 pLogitMean=-8.5968 vLogitMean=0.5894 gNorm=0.349 lr=0.00538 ms=2562.3 buf=500000 plies=208020108 games=3135638 rejected=0 skipped=0 epoch=0 mom=0.9255 lrCyc[pk=9.8e-01,tr=9.9e-04] trainerStep=24350
[LAYER-HEALTH] live trainerStep=24350 scope=batch_norm_state_only reluSites=2/10 ch=144 dead=21 off=12 alwaysOn=0 worst=policy.pre_bn(dead 20 off 7 on 0) maxBetaOverGamma=+1.62@policy.pre_bn[96] minBetaOverGamma=-71.25@policy.pre_bn[75] rvMaxOverMedian=14204.9@blocks.1.bn1[76] rezero=none nonFinite=0
[REPLAY] step=24400 loss=3.7976 pLoss=2.9516 vLoss=0.8092 pEnt=2.957 pIllM=0.0368 playedP=0.126 pW=0.48 pD=0.06 pL=0.46 vAbs=0.199 pLogitMean=-8.5984 vLogitMean=0.5879 gNorm=0.314 lr=0.0049 ms=2373.3 buf=500000 plies=208446803 games=3142119 rejected=0 skipped=0 epoch=0 mom=0.9268 lrCyc[pk=9.8e-01,tr=9.9e-04] trainerStep=24400
[LAYER-HEALTH] live trainerStep=24400 scope=batch_norm_state_only reluSites=2/10 ch=144 dead=21 off=12 alwaysOn=0 worst=policy.pre_bn(dead 20 off 7 on 0) maxBetaOverGamma=+1.62@policy.pre_bn[96] minBetaOverGamma=-71.22@policy.pre_bn[75] rvMaxOverMedian=14181.3@blocks.1.bn1[76] rezero=none nonFinite=0
[REPLAY] step=24450 loss=3.8326 pLoss=2.9776 vLoss=0.8179 pEnt=2.955 pIllM=0.0371 playedP=0.128 pW=0.47 pD=0.06 pL=0.47 vAbs=0.195 pLogitMean=-8.5952 vLogitMean=0.5884 gNorm=0.345 lr=0.00448 ms=2248.2 buf=500000 plies=208873412 games=3148581 rejected=0 skipped=0 epoch=0 mom=0.9281 lrCyc[pk=9.8e-01,tr=9.9e-04] trainerStep=24450
[LAYER-HEALTH] live trainerStep=24450 scope=batch_norm_state_only reluSites=2/10 ch=144 dead=21 off=12 alwaysOn=0 worst=policy.pre_bn(dead 20 off 7 on 0) maxBetaOverGamma=+1.62@policy.pre_bn[96] minBetaOverGamma=-71.18@policy.pre_bn[75] rvMaxOverMedian=14201.0@blocks.1.bn1[76] rezero=none nonFinite=0
[REPLAY] step=24500 loss=3.8291 pLoss=2.9800 vLoss=0.8132 pEnt=2.957 pIllM=0.0359 playedP=0.125 pW=0.47 pD=0.06 pL=0.46 vAbs=0.194 pLogitMean=-8.5977 vLogitMean=0.5897 gNorm=0.344 lr=0.0041 ms=3280.8 buf=500000 plies=209300095 games=3155018 rejected=0 skipped=0 epoch=0 mom=0.9294 lrCyc[pk=9.8e-01,tr=9.9e-04] trainerStep=24500
[LAYER-HEALTH] live trainerStep=24500 scope=batch_norm_state_only reluSites=2/10 ch=144 dead=21 off=12 alwaysOn=0 worst=policy.pre_bn(dead 20 off 7 on 0) maxBetaOverGamma=+1.62@policy.pre_bn[96] minBetaOverGamma=-71.23@policy.pre_bn[75] rvMaxOverMedian=14219.1@blocks.1.bn1[76] rezero=none nonFinite=0
[REPLAY] step=24550 loss=3.8107 pLoss=2.9566 vLoss=0.8175 pEnt=2.958 pIllM=0.0366 playedP=0.128 pW=0.47 pD=0.06 pL=0.46 vAbs=0.195 pLogitMean=-8.5975 vLogitMean=0.5909 gNorm=0.330 lr=0.00376 ms=2380.5 buf=500000 plies=209726686 games=3161413 rejected=0 skipped=0 epoch=0 mom=0.9307 lrCyc[pk=9.8e-01,tr=9.9e-04] trainerStep=24550
[LAYER-HEALTH] live trainerStep=24550 scope=batch_norm_state_only reluSites=2/10 ch=144 dead=21 off=12 alwaysOn=0 worst=policy.pre_bn(dead 20 off 7 on 0) maxBetaOverGamma=+1.62@policy.pre_bn[96] minBetaOverGamma=-71.18@policy.pre_bn[75] rvMaxOverMedian=14256.3@blocks.1.bn1[76] rezero=none nonFinite=0
[REPLAY] step=24600 loss=3.7662 pLoss=2.9318 vLoss=0.7981 pEnt=2.964 pIllM=0.0362 playedP=0.130 pW=0.47 pD=0.06 pL=0.47 vAbs=0.200 pLogitMean=-8.6007 vLogitMean=0.5884 gNorm=0.344 lr=0.00345 ms=2495.8 buf=500000 plies=210153367 games=3167856 rejected=0 skipped=0 epoch=0 mom=0.9319 lrCyc[pk=9.8e-01,tr=9.9e-04] trainerStep=24600
[LAYER-HEALTH] live trainerStep=24600 scope=batch_norm_state_only reluSites=2/10 ch=144 dead=21 off=12 alwaysOn=0 worst=policy.pre_bn(dead 20 off 7 on 0) maxBetaOverGamma=+1.62@policy.pre_bn[96] minBetaOverGamma=-71.16@policy.pre_bn[75] rvMaxOverMedian=14286.9@blocks.1.bn1[76] rezero=none nonFinite=0
[REPLAY] step=24650 loss=3.7786 pLoss=2.9252 vLoss=0.8142 pEnt=2.945 pIllM=0.0393 playedP=0.132 pW=0.48 pD=0.06 pL=0.47 vAbs=0.198 pLogitMean=-8.6032 vLogitMean=0.5892 gNorm=0.337 lr=0.00318 ms=2331.3 buf=500000 plies=210580062 games=3174246 rejected=0 skipped=0 epoch=0 mom=0.9331 lrCyc[pk=9.8e-01,tr=9.9e-04] trainerStep=24650
[LAYER-HEALTH] live trainerStep=24650 scope=batch_norm_state_only reluSites=2/10 ch=144 dead=21 off=12 alwaysOn=0 worst=policy.pre_bn(dead 20 off 7 on 0) maxBetaOverGamma=+1.62@policy.pre_bn[96] minBetaOverGamma=-71.21@policy.pre_bn[75] rvMaxOverMedian=14264.5@blocks.1.bn1[76] rezero=none nonFinite=0
[REPLAY] step=24700 loss=3.7996 pLoss=2.9541 vLoss=0.8074 pEnt=2.959 pIllM=0.0380 playedP=0.125 pW=0.47 pD=0.06 pL=0.47 vAbs=0.195 pLogitMean=-8.6009 vLogitMean=0.5884 gNorm=0.368 lr=0.00294 ms=2839.2 buf=500000 plies=211006647 games=3180710 rejected=0 skipped=0 epoch=0 mom=0.9342 lrCyc[pk=9.8e-01,tr=9.9e-04] trainerStep=24700
[LAYER-HEALTH] live trainerStep=24700 scope=batch_norm_state_only reluSites=2/10 ch=144 dead=21 off=12 alwaysOn=0 worst=policy.pre_bn(dead 20 off 7 on 0) maxBetaOverGamma=+1.62@policy.pre_bn[96] minBetaOverGamma=-71.16@policy.pre_bn[75] rvMaxOverMedian=14337.7@blocks.1.bn1[76] rezero=none nonFinite=0
[REPLAY] step=24750 loss=3.7898 pLoss=2.9477 vLoss=0.8026 pEnt=2.959 pIllM=0.0394 playedP=0.131 pW=0.47 pD=0.06 pL=0.47 vAbs=0.199 pLogitMean=-8.6003 vLogitMean=0.5883 gNorm=0.326 lr=0.00272 ms=2789.7 buf=500000 plies=211433409 games=3187230 rejected=0 skipped=0 epoch=0 mom=0.9354 lrCyc[pk=9.8e-01,tr=9.9e-04] trainerStep=24750
[LAYER-HEALTH] live trainerStep=24750 scope=batch_norm_state_only reluSites=2/10 ch=144 dead=21 off=12 alwaysOn=0 worst=policy.pre_bn(dead 20 off 7 on 0) maxBetaOverGamma=+1.62@policy.pre_bn[96] minBetaOverGamma=-71.19@policy.pre_bn[75] rvMaxOverMedian=14325.5@blocks.1.bn1[76] rezero=none nonFinite=0
[REPLAY] step=24800 loss=3.7888 pLoss=2.9413 vLoss=0.8091 pEnt=2.951 pIllM=0.0385 playedP=0.129 pW=0.47 pD=0.06 pL=0.47 vAbs=0.206 pLogitMean=-8.6027 vLogitMean=0.5886 gNorm=0.352 lr=0.00252 ms=2554.1 buf=500000 plies=211859929 games=3193695 rejected=0 skipped=0 epoch=0 mom=0.9365 lrCyc[pk=9.8e-01,tr=9.9e-04] trainerStep=24800
[LAYER-HEALTH] live trainerStep=24800 scope=batch_norm_state_only reluSites=2/10 ch=144 dead=21 off=12 alwaysOn=0 worst=policy.pre_bn(dead 20 off 7 on 0) maxBetaOverGamma=+1.62@policy.pre_bn[96] minBetaOverGamma=-71.22@policy.pre_bn[75] rvMaxOverMedian=14275.8@blocks.1.bn1[76] rezero=none nonFinite=0
[REPLAY] step=24850 loss=3.7885 pLoss=2.9428 vLoss=0.8046 pEnt=2.947 pIllM=0.0410 playedP=0.128 pW=0.47 pD=0.06 pL=0.47 vAbs=0.198 pLogitMean=-8.6082 vLogitMean=0.5897 gNorm=0.334 lr=0.00234 ms=2664.9 buf=500000 plies=212286629 games=3200152 rejected=0 skipped=0 epoch=0 mom=0.9375 lrCyc[pk=9.8e-01,tr=9.9e-04] trainerStep=24850
[LAYER-HEALTH] live trainerStep=24850 scope=batch_norm_state_only reluSites=2/10 ch=144 dead=21 off=12 alwaysOn=0 worst=policy.pre_bn(dead 20 off 7 on 0) maxBetaOverGamma=+1.62@policy.pre_bn[96] minBetaOverGamma=-71.23@policy.pre_bn[75] rvMaxOverMedian=14252.8@blocks.1.bn1[76] rezero=none nonFinite=0
[REPLAY] step=24900 loss=3.8027 pLoss=2.9516 vLoss=0.8147 pEnt=2.960 pIllM=0.0364 playedP=0.128 pW=0.47 pD=0.06 pL=0.47 vAbs=0.195 pLogitMean=-8.6047 vLogitMean=0.5898 gNorm=0.327 lr=0.00218 ms=2610.1 buf=500000 plies=212713243 games=3206626 rejected=0 skipped=0 epoch=0 mom=0.9385 lrCyc[pk=9.8e-01,tr=9.9e-04] trainerStep=24900
[LAYER-HEALTH] live trainerStep=24900 scope=batch_norm_state_only reluSites=2/10 ch=144 dead=21 off=12 alwaysOn=0 worst=policy.pre_bn(dead 20 off 7 on 0) maxBetaOverGamma=+1.62@policy.pre_bn[96] minBetaOverGamma=-71.17@policy.pre_bn[75] rvMaxOverMedian=14264.7@blocks.1.bn1[76] rezero=none nonFinite=0
[REPLAY] step=24950 loss=3.7930 pLoss=2.9493 vLoss=0.8060 pEnt=2.944 pIllM=0.0377 playedP=0.132 pW=0.47 pD=0.06 pL=0.46 vAbs=0.190 pLogitMean=-8.6057 vLogitMean=0.5900 gNorm=0.351 lr=0.00204 ms=2557.9 buf=500000 plies=213139877 games=3213123 rejected=0 skipped=0 epoch=0 mom=0.9395 lrCyc[pk=9.8e-01,tr=9.9e-04] trainerStep=24950
[LAYER-HEALTH] live trainerStep=24950 scope=batch_norm_state_only reluSites=2/10 ch=144 dead=21 off=12 alwaysOn=0 worst=policy.pre_bn(dead 20 off 7 on 0) maxBetaOverGamma=+1.62@policy.pre_bn[96] minBetaOverGamma=-71.19@policy.pre_bn[75] rvMaxOverMedian=14249.7@blocks.1.bn1[76] rezero=none nonFinite=0
[REPLAY] step=25000 loss=3.8411 pLoss=2.9996 vLoss=0.8059 pEnt=2.989 pIllM=0.0356 playedP=0.123 pW=0.47 pD=0.06 pL=0.47 vAbs=0.192 pLogitMean=-8.6060 vLogitMean=0.5895 gNorm=0.349 lr=0.00191 ms=2227.0 buf=500000 plies=213566571 games=3219673 rejected=0 skipped=0 epoch=0 mom=0.9405 lrCyc[pk=9.8e-01,tr=9.9e-04] trainerStep=25000
[LAYER-HEALTH] live trainerStep=25000 scope=batch_norm_state_only reluSites=2/10 ch=144 dead=21 off=12 alwaysOn=0 worst=policy.pre_bn(dead 20 off 7 on 0) maxBetaOverGamma=+1.62@policy.pre_bn[96] minBetaOverGamma=-71.18@policy.pre_bn[75] rvMaxOverMedian=14253.8@blocks.1.bn1[76] rezero=none nonFinite=0
[REPLAY] saved trainer model (autosave) step=25000 trainerStep=25000 nextGame=3219673 shard=7 epoch=0 -> 20261005-lrBsilu-cyc1-replay-latest.safetensors
[LAYER-HEALTH] checkpoint replay-autosave step=25000 trainerStep=25000 scope=all_tensors reluSites=2/10 ch=144 dead=21 off=12 alwaysOn=0 worst=policy.pre_bn(dead 20 off 7 on 0) maxBetaOverGamma=+1.62@policy.pre_bn[96] minBetaOverGamma=-71.18@policy.pre_bn[75] rvMaxOverMedian=14253.8@blocks.1.bn1[76] rezero=none nonFinite=0 seZeroVel=none valueFC1ZeroVel=0/128 maxAbs=6181@blocks.0.bn2.running_var
[LAYER-HEALTH]   batch-norm sites — β/|γ|: dead < -3.00, mostly off < -2.00, always on > +3.00; classified for relu/leaky_relu only
[LAYER-HEALTH]     site            act            ch   dead    off     on  zeroγ nonfin  min β/|γ| [ch]     max β/|γ| [ch]     rv max/median [ch]
[LAYER-HEALTH]     stem.bn         -             128    n/a    n/a    n/a      0      0     -1.48 [76]         +0.43 [102]          17.5 [43]
[LAYER-HEALTH]     blocks.0.bn1    silu          128    n/a    n/a    n/a      0      0   -125.59 [88]         +0.63 [113]           8.0 [31]
[LAYER-HEALTH]     blocks.0.bn2    silu          128    n/a    n/a    n/a      0      0    -35.93 [36]        +23.21 [117]         196.8 [48]
[LAYER-HEALTH]     blocks.1.bn1    silu          128    n/a    n/a    n/a      0      0   -255.79 [105]        +2.42 [67]        14253.8 [76]
[LAYER-HEALTH]     blocks.1.bn2    silu          128    n/a    n/a    n/a      0      0    -12.20 [103]        +1.72 [37]           34.4 [86]
[LAYER-HEALTH]     blocks.2.bn1    silu          128    n/a    n/a    n/a      0      0    -24.60 [24]         +2.11 [31]        10718.6 [76]
[LAYER-HEALTH]     blocks.2.bn2    silu          128    n/a    n/a    n/a      0      0     -5.17 [24]        +11.64 [16]            7.6 [73]
[LAYER-HEALTH]     tower_final_bn  silu          128    n/a    n/a    n/a      0      0     -1.41 [64]         +3.07 [47]           36.8 [31]
[LAYER-HEALTH]     policy.pre_bn   leaky_relu    128     20      7      0      0      0    -71.18 [75]         +1.62 [96]           12.3 [108]
[LAYER-HEALTH]     value.bn        leaky_relu     16      1      5      0      0      0     -4.85 [10]         -0.56 [0]             2.0 [0]
[LAYER-HEALTH]   FC hidden-unit velocity — zero: every weight-velocity entry exactly 0; low: nonzero but < 5% of the layer's p90 unit norm
[LAYER-HEALTH]     value.fc1.weight  leaky_relu  units 128  zero 0  low 49  median unit norm 0.002903
[LAYER-HEALTH]     (no SE blocks)
[LAYER-HEALTH]   ReZero: none
[LAYER-HEALTH]   non-finite: 0 values in 0 of 102 tensors (10263038 values examined)
[LAYER-HEALTH]   largest |value|: blocks.0.bn2.running_var 6181, blocks.1.bn1.running_var 1644, blocks.1.bn2.running_var 1225, blocks.2.bn1.running_var 947.1, stem.bn.running_var 262.6
[REPLAY] enumerated checkpoint -> 20261005-lrBsilu-cyc1-replay-step25000.safetensors
[REPLAY] step=25050 loss=3.7953 pLoss=2.9500 vLoss=0.8083 pEnt=2.965 pIllM=0.0370 playedP=0.128 pW=0.47 pD=0.06 pL=0.47 vAbs=0.199 pLogitMean=-8.6056 vLogitMean=0.5882 gNorm=0.336 lr=0.0018 ms=2963.6 buf=500000 plies=213993234 games=3226156 rejected=0 skipped=0 epoch=0 mom=0.9414 lrCyc[pk=9.8e-01,tr=9.9e-04] trainerStep=25050
[LAYER-HEALTH] live trainerStep=25050 scope=batch_norm_state_only reluSites=2/10 ch=144 dead=21 off=12 alwaysOn=0 worst=policy.pre_bn(dead 20 off 7 on 0) maxBetaOverGamma=+1.62@policy.pre_bn[96] minBetaOverGamma=-71.17@policy.pre_bn[75] rvMaxOverMedian=14265.0@blocks.1.bn1[76] rezero=none nonFinite=0
[REPLAY] step=25100 loss=3.8204 pLoss=2.9714 vLoss=0.8109 pEnt=2.970 pIllM=0.0381 playedP=0.126 pW=0.47 pD=0.06 pL=0.47 vAbs=0.195 pLogitMean=-8.6076 vLogitMean=0.5882 gNorm=0.363 lr=0.00169 ms=3029.5 buf=500000 plies=214419853 games=3232611 rejected=0 skipped=0 epoch=0 mom=0.9422 lrCyc[pk=9.8e-01,tr=9.9e-04] trainerStep=25100
[LAYER-HEALTH] live trainerStep=25100 scope=batch_norm_state_only reluSites=2/10 ch=144 dead=21 off=12 alwaysOn=0 worst=policy.pre_bn(dead 20 off 7 on 0) maxBetaOverGamma=+1.62@policy.pre_bn[96] minBetaOverGamma=-71.25@policy.pre_bn[75] rvMaxOverMedian=14259.0@blocks.1.bn1[76] rezero=none nonFinite=0
[REPLAY] step=25150 loss=3.7869 pLoss=2.9424 vLoss=0.8074 pEnt=2.929 pIllM=0.0371 playedP=0.130 pW=0.48 pD=0.06 pL=0.47 vAbs=0.201 pLogitMean=-8.6042 vLogitMean=0.5882 gNorm=0.330 lr=0.0016 ms=2888.4 buf=500000 plies=214846479 games=3239131 rejected=0 skipped=0 epoch=0 mom=0.9430 lrCyc[pk=9.8e-01,tr=9.9e-04] trainerStep=25150
[LAYER-HEALTH] live trainerStep=25150 scope=batch_norm_state_only reluSites=2/10 ch=144 dead=21 off=12 alwaysOn=0 worst=policy.pre_bn(dead 20 off 7 on 0) maxBetaOverGamma=+1.62@policy.pre_bn[96] minBetaOverGamma=-71.25@policy.pre_bn[75] rvMaxOverMedian=14259.6@blocks.1.bn1[76] rezero=none nonFinite=0
[REPLAY] step=25200 loss=3.8192 pLoss=2.9796 vLoss=0.8013 pEnt=2.965 pIllM=0.0382 playedP=0.130 pW=0.47 pD=0.06 pL=0.47 vAbs=0.197 pLogitMean=-8.6050 vLogitMean=0.5910 gNorm=0.321 lr=0.00151 ms=2716.9 buf=500000 plies=215273144 games=3245541 rejected=0 skipped=0 epoch=0 mom=0.9438 lrCyc[pk=9.8e-01,tr=9.9e-04] trainerStep=25200
[LAYER-HEALTH] live trainerStep=25200 scope=batch_norm_state_only reluSites=2/10 ch=144 dead=21 off=12 alwaysOn=0 worst=policy.pre_bn(dead 20 off 7 on 0) maxBetaOverGamma=+1.62@policy.pre_bn[96] minBetaOverGamma=-71.26@policy.pre_bn[75] rvMaxOverMedian=14267.5@blocks.1.bn1[76] rezero=none nonFinite=0
[REPLAY] step=25250 loss=3.8030 pLoss=2.9567 vLoss=0.8077 pEnt=2.946 pIllM=0.0387 playedP=0.130 pW=0.47 pD=0.06 pL=0.47 vAbs=0.200 pLogitMean=-8.6058 vLogitMean=0.5911 gNorm=0.339 lr=0.00144 ms=3278.3 buf=500000 plies=215699876 games=3251991 rejected=0 skipped=0 epoch=0 mom=0.9446 lrCyc[pk=9.8e-01,tr=9.9e-04] trainerStep=25250
[LAYER-HEALTH] live trainerStep=25250 scope=batch_norm_state_only reluSites=2/10 ch=144 dead=21 off=12 alwaysOn=0 worst=policy.pre_bn(dead 20 off 7 on 0) maxBetaOverGamma=+1.62@policy.pre_bn[96] minBetaOverGamma=-71.23@policy.pre_bn[75] rvMaxOverMedian=14277.0@blocks.1.bn1[76] rezero=none nonFinite=0
[REPLAY] step=25300 loss=3.8009 pLoss=2.9554 vLoss=0.8088 pEnt=2.956 pIllM=0.0367 playedP=0.126 pW=0.47 pD=0.06 pL=0.47 vAbs=0.196 pLogitMean=-8.6082 vLogitMean=0.5910 gNorm=0.329 lr=0.00137 ms=2846.8 buf=500000 plies=216126440 games=3258493 rejected=0 skipped=0 epoch=0 mom=0.9452 lrCyc[pk=9.8e-01,tr=9.9e-04] trainerStep=25300
[LAYER-HEALTH] live trainerStep=25300 scope=batch_norm_state_only reluSites=2/10 ch=144 dead=21 off=12 alwaysOn=0 worst=policy.pre_bn(dead 20 off 7 on 0) maxBetaOverGamma=+1.62@policy.pre_bn[96] minBetaOverGamma=-71.24@policy.pre_bn[75] rvMaxOverMedian=14226.7@blocks.1.bn1[76] rezero=none nonFinite=0
[REPLAY] step=25350 loss=3.8290 pLoss=2.9757 vLoss=0.8149 pEnt=2.961 pIllM=0.0383 playedP=0.127 pW=0.47 pD=0.06 pL=0.47 vAbs=0.192 pLogitMean=-8.6088 vLogitMean=0.5909 gNorm=0.333 lr=0.00131 ms=2914.6 buf=500000 plies=216553108 games=3264960 rejected=0 skipped=0 epoch=0 mom=0.9459 lrCyc[pk=9.8e-01,tr=9.9e-04] trainerStep=25350
[LAYER-HEALTH] live trainerStep=25350 scope=batch_norm_state_only reluSites=2/10 ch=144 dead=21 off=12 alwaysOn=0 worst=policy.pre_bn(dead 20 off 7 on 0) maxBetaOverGamma=+1.62@policy.pre_bn[96] minBetaOverGamma=-71.24@policy.pre_bn[75] rvMaxOverMedian=14195.1@blocks.1.bn1[76] rezero=none nonFinite=0
[REPLAY] step=25400 loss=3.7966 pLoss=2.9423 vLoss=0.8174 pEnt=2.954 pIllM=0.0370 playedP=0.129 pW=0.47 pD=0.06 pL=0.47 vAbs=0.195 pLogitMean=-8.6083 vLogitMean=0.5879 gNorm=0.328 lr=0.00126 ms=3015.1 buf=500000 plies=216979754 games=3271394 rejected=0 skipped=0 epoch=0 mom=0.9465 lrCyc[pk=9.8e-01,tr=9.9e-04] trainerStep=25400
[LAYER-HEALTH] live trainerStep=25400 scope=batch_norm_state_only reluSites=2/10 ch=144 dead=21 off=12 alwaysOn=0 worst=policy.pre_bn(dead 20 off 7 on 0) maxBetaOverGamma=+1.62@policy.pre_bn[96] minBetaOverGamma=-71.23@policy.pre_bn[75] rvMaxOverMedian=14193.7@blocks.1.bn1[76] rezero=none nonFinite=0
[REPLAY] step=25450 loss=3.8144 pLoss=2.9661 vLoss=0.8099 pEnt=2.957 pIllM=0.0384 playedP=0.129 pW=0.48 pD=0.06 pL=0.47 vAbs=0.189 pLogitMean=-8.6094 vLogitMean=0.5908 gNorm=0.367 lr=0.00121 ms=3411.5 buf=500000 plies=217406376 games=3277937 rejected=0 skipped=0 epoch=0 mom=0.9470 lrCyc[pk=9.8e-01,tr=9.9e-04] trainerStep=25450
[LAYER-HEALTH] live trainerStep=25450 scope=batch_norm_state_only reluSites=2/10 ch=144 dead=21 off=12 alwaysOn=0 worst=policy.pre_bn(dead 20 off 7 on 0) maxBetaOverGamma=+1.62@policy.pre_bn[96] minBetaOverGamma=-71.22@policy.pre_bn[75] rvMaxOverMedian=14196.1@blocks.1.bn1[76] rezero=none nonFinite=0
[REPLAY] step=25500 loss=3.8316 pLoss=2.9683 vLoss=0.8244 pEnt=2.952 pIllM=0.0389 playedP=0.129 pW=0.47 pD=0.06 pL=0.47 vAbs=0.189 pLogitMean=-8.6053 vLogitMean=0.5882 gNorm=0.343 lr=0.00117 ms=2945.7 buf=500000 plies=217833062 games=3284433 rejected=0 skipped=0 epoch=0 mom=0.9476 lrCyc[pk=9.8e-01,tr=9.9e-04] trainerStep=25500
[LAYER-HEALTH] live trainerStep=25500 scope=batch_norm_state_only reluSites=2/10 ch=144 dead=21 off=12 alwaysOn=0 worst=policy.pre_bn(dead 20 off 7 on 0) maxBetaOverGamma=+1.62@policy.pre_bn[96] minBetaOverGamma=-71.20@policy.pre_bn[75] rvMaxOverMedian=14192.5@blocks.1.bn1[76] rezero=none nonFinite=0
[REPLAY] step=25550 loss=3.7987 pLoss=2.9367 vLoss=0.8234 pEnt=2.940 pIllM=0.0385 playedP=0.131 pW=0.47 pD=0.06 pL=0.47 vAbs=0.191 pLogitMean=-8.6094 vLogitMean=0.5895 gNorm=0.393 lr=0.00113 ms=2561.9 buf=500000 plies=218259682 games=3290895 rejected=0 skipped=0 epoch=0 mom=0.9480 lrCyc[pk=9.8e-01,tr=9.9e-04] trainerStep=25550
[LAYER-HEALTH] live trainerStep=25550 scope=batch_norm_state_only reluSites=2/10 ch=144 dead=21 off=12 alwaysOn=0 worst=policy.pre_bn(dead 20 off 7 on 0) maxBetaOverGamma=+1.62@policy.pre_bn[96] minBetaOverGamma=-71.26@policy.pre_bn[75] rvMaxOverMedian=14226.4@blocks.1.bn1[76] rezero=none nonFinite=0
[REPLAY] step=25600 loss=3.8192 pLoss=2.9785 vLoss=0.8017 pEnt=2.952 pIllM=0.0390 playedP=0.131 pW=0.47 pD=0.06 pL=0.46 vAbs=0.196 pLogitMean=-8.6098 vLogitMean=0.5894 gNorm=0.331 lr=0.0011 ms=3216.5 buf=500000 plies=218686320 games=3297453 rejected=0 skipped=0 epoch=0 mom=0.9484 lrCyc[pk=9.8e-01,tr=9.9e-04] trainerStep=25600
[LAYER-HEALTH] live trainerStep=25600 scope=batch_norm_state_only reluSites=2/10 ch=144 dead=21 off=12 alwaysOn=0 worst=policy.pre_bn(dead 20 off 7 on 0) maxBetaOverGamma=+1.62@policy.pre_bn[96] minBetaOverGamma=-71.26@policy.pre_bn[75] rvMaxOverMedian=14254.0@blocks.1.bn1[76] rezero=none nonFinite=0
[REPLAY] step=25650 loss=3.8001 pLoss=2.9502 vLoss=0.8129 pEnt=2.962 pIllM=0.0370 playedP=0.127 pW=0.48 pD=0.06 pL=0.47 vAbs=0.194 pLogitMean=-8.6129 vLogitMean=0.5909 gNorm=0.332 lr=0.00107 ms=1802.5 buf=500000 plies=219113006 games=3303931 rejected=0 skipped=0 epoch=0 mom=0.9488 lrCyc[pk=9.8e-01,tr=9.9e-04] trainerStep=25650
[LAYER-HEALTH] live trainerStep=25650 scope=batch_norm_state_only reluSites=2/10 ch=144 dead=21 off=12 alwaysOn=0 worst=policy.pre_bn(dead 20 off 7 on 0) maxBetaOverGamma=+1.62@policy.pre_bn[96] minBetaOverGamma=-71.25@policy.pre_bn[75] rvMaxOverMedian=14289.7@blocks.1.bn1[76] rezero=none nonFinite=0
[REPLAY] step=25700 loss=3.8170 pLoss=2.9638 vLoss=0.8181 pEnt=2.955 pIllM=0.0351 playedP=0.130 pW=0.48 pD=0.06 pL=0.46 vAbs=0.193 pLogitMean=-8.6107 vLogitMean=0.5909 gNorm=0.343 lr=0.00105 ms=2900.7 buf=500000 plies=219539642 games=3310425 rejected=0 skipped=0 epoch=0 mom=0.9491 lrCyc[pk=9.8e-01,tr=9.9e-04] trainerStep=25700
[LAYER-HEALTH] live trainerStep=25700 scope=batch_norm_state_only reluSites=2/10 ch=144 dead=21 off=12 alwaysOn=0 worst=policy.pre_bn(dead 20 off 7 on 0) maxBetaOverGamma=+1.62@policy.pre_bn[96] minBetaOverGamma=-71.26@policy.pre_bn[75] rvMaxOverMedian=14287.5@blocks.1.bn1[76] rezero=none nonFinite=0
[REPLAY] step=25750 loss=3.7782 pLoss=2.9313 vLoss=0.8092 pEnt=2.960 pIllM=0.0377 playedP=0.130 pW=0.47 pD=0.06 pL=0.47 vAbs=0.197 pLogitMean=-8.6092 vLogitMean=0.5895 gNorm=0.345 lr=0.00103 ms=1836.3 buf=500000 plies=219966301 games=3316884 rejected=0 skipped=0 epoch=0 mom=0.9494 lrCyc[pk=9.8e-01,tr=9.9e-04] trainerStep=25750
[LAYER-HEALTH] live trainerStep=25750 scope=batch_norm_state_only reluSites=2/10 ch=144 dead=21 off=12 alwaysOn=0 worst=policy.pre_bn(dead 20 off 7 on 0) maxBetaOverGamma=+1.62@policy.pre_bn[96] minBetaOverGamma=-71.26@policy.pre_bn[75] rvMaxOverMedian=14298.2@blocks.1.bn1[76] rezero=none nonFinite=0
[REPLAY] step=25800 loss=3.7891 pLoss=2.9371 vLoss=0.8108 pEnt=2.935 pIllM=0.0411 playedP=0.133 pW=0.47 pD=0.06 pL=0.47 vAbs=0.198 pLogitMean=-8.6113 vLogitMean=0.5897 gNorm=0.362 lr=0.00102 ms=3022.2 buf=500000 plies=220392919 games=3323351 rejected=0 skipped=0 epoch=0 mom=0.9496 lrCyc[pk=9.8e-01,tr=9.9e-04] trainerStep=25800
[LAYER-HEALTH] live trainerStep=25800 scope=batch_norm_state_only reluSites=2/10 ch=144 dead=21 off=12 alwaysOn=0 worst=policy.pre_bn(dead 20 off 7 on 0) maxBetaOverGamma=+1.62@policy.pre_bn[96] minBetaOverGamma=-71.27@policy.pre_bn[75] rvMaxOverMedian=14305.9@blocks.1.bn1[76] rezero=none nonFinite=0
[REPLAY] step=25850 loss=3.7936 pLoss=2.9455 vLoss=0.8118 pEnt=2.961 pIllM=0.0362 playedP=0.128 pW=0.47 pD=0.06 pL=0.47 vAbs=0.202 pLogitMean=-8.6123 vLogitMean=0.5893 gNorm=0.349 lr=0.001 ms=2698.5 buf=500000 plies=220819615 games=3329837 rejected=0 skipped=0 epoch=0 mom=0.9498 lrCyc[pk=9.8e-01,tr=9.9e-04] trainerStep=25850
[LAYER-HEALTH] live trainerStep=25850 scope=batch_norm_state_only reluSites=2/10 ch=144 dead=21 off=12 alwaysOn=0 worst=policy.pre_bn(dead 20 off 7 on 0) maxBetaOverGamma=+1.62@policy.pre_bn[96] minBetaOverGamma=-71.26@policy.pre_bn[75] rvMaxOverMedian=14305.5@blocks.1.bn1[76] rezero=none nonFinite=0
[REPLAY] step=25900 loss=3.8146 pLoss=2.9515 vLoss=0.8260 pEnt=2.947 pIllM=0.0370 playedP=0.132 pW=0.47 pD=0.06 pL=0.47 vAbs=0.192 pLogitMean=-8.6129 vLogitMean=0.5893 gNorm=0.408 lr=0.000995 ms=2904.3 buf=500000 plies=221246257 games=3336375 rejected=0 skipped=0 epoch=0 mom=0.9499 lrCyc[pk=9.8e-01,tr=9.9e-04] trainerStep=25900
[LAYER-HEALTH] live trainerStep=25900 scope=batch_norm_state_only reluSites=2/10 ch=144 dead=21 off=12 alwaysOn=0 worst=policy.pre_bn(dead 20 off 7 on 0) maxBetaOverGamma=+1.62@policy.pre_bn[96] minBetaOverGamma=-71.28@policy.pre_bn[75] rvMaxOverMedian=14279.7@blocks.1.bn1[76] rezero=none nonFinite=0
[REPLAY] step=25950 loss=3.7701 pLoss=2.9018 vLoss=0.8289 pEnt=2.919 pIllM=0.0394 playedP=0.135 pW=0.47 pD=0.07 pL=0.47 vAbs=0.193 pLogitMean=-8.6097 vLogitMean=0.5881 gNorm=0.330 lr=0.00099 ms=1886.2 buf=500000 plies=221672929 games=3342835 rejected=0 skipped=0 epoch=0 mom=0.9500 lrCyc[pk=9.8e-01,tr=9.9e-04] trainerStep=25950
[LAYER-HEALTH] live trainerStep=25950 scope=batch_norm_state_only reluSites=2/10 ch=144 dead=21 off=12 alwaysOn=0 worst=policy.pre_bn(dead 20 off 7 on 0) maxBetaOverGamma=+1.62@policy.pre_bn[96] minBetaOverGamma=-71.27@policy.pre_bn[75] rvMaxOverMedian=14258.3@blocks.1.bn1[76] rezero=none nonFinite=0
[REPLAY] step=26000 loss=3.8108 pLoss=2.9476 vLoss=0.8240 pEnt=2.967 pIllM=0.0392 playedP=0.127 pW=0.47 pD=0.06 pL=0.47 vAbs=0.187 pLogitMean=-8.6102 vLogitMean=0.5881 gNorm=0.348 lr=0.000989 ms=2154.1 buf=500000 plies=222099580 games=3349289 rejected=0 skipped=0 epoch=0 mom=0.9500 lrCyc[pk=9.8e-01,tr=9.9e-04] trainerStep=26000
[LAYER-HEALTH] live trainerStep=26000 scope=batch_norm_state_only reluSites=2/10 ch=144 dead=21 off=12 alwaysOn=0 worst=policy.pre_bn(dead 20 off 7 on 0) maxBetaOverGamma=+1.62@policy.pre_bn[96] minBetaOverGamma=-71.30@policy.pre_bn[75] rvMaxOverMedian=14276.7@blocks.1.bn1[76] rezero=none nonFinite=0
[REPLAY] saved trainer model (autosave) step=26000 trainerStep=26000 nextGame=3349289 shard=7 epoch=0 -> 20261005-lrBsilu-cyc1-replay-latest.safetensors
[LAYER-HEALTH] checkpoint replay-autosave step=26000 trainerStep=26000 scope=all_tensors reluSites=2/10 ch=144 dead=21 off=12 alwaysOn=0 worst=policy.pre_bn(dead 20 off 7 on 0) maxBetaOverGamma=+1.62@policy.pre_bn[96] minBetaOverGamma=-71.30@policy.pre_bn[75] rvMaxOverMedian=14276.7@blocks.1.bn1[76] rezero=none nonFinite=0 seZeroVel=none valueFC1ZeroVel=0/128 maxAbs=6100@blocks.0.bn2.running_var
[LAYER-HEALTH]   batch-norm sites — β/|γ|: dead < -3.00, mostly off < -2.00, always on > +3.00; classified for relu/leaky_relu only
[LAYER-HEALTH]     site            act            ch   dead    off     on  zeroγ nonfin  min β/|γ| [ch]     max β/|γ| [ch]     rv max/median [ch]
[LAYER-HEALTH]     stem.bn         -             128    n/a    n/a    n/a      0      0     -1.48 [76]         +0.43 [102]          17.5 [43]
[LAYER-HEALTH]     blocks.0.bn1    silu          128    n/a    n/a    n/a      0      0   -125.81 [88]         +0.63 [113]           8.0 [31]
[LAYER-HEALTH]     blocks.0.bn2    silu          128    n/a    n/a    n/a      0      0    -35.95 [36]        +23.22 [117]         193.2 [48]
[LAYER-HEALTH]     blocks.1.bn1    silu          128    n/a    n/a    n/a      0      0   -257.58 [105]        +2.42 [67]        14276.7 [76]
[LAYER-HEALTH]     blocks.1.bn2    silu          128    n/a    n/a    n/a      0      0    -12.20 [103]        +1.72 [37]           35.1 [86]
[LAYER-HEALTH]     blocks.2.bn1    silu          128    n/a    n/a    n/a      0      0    -24.61 [24]         +2.11 [31]        10889.5 [76]
[LAYER-HEALTH]     blocks.2.bn2    silu          128    n/a    n/a    n/a      0      0     -5.18 [24]        +11.82 [16]            7.6 [73]
[LAYER-HEALTH]     tower_final_bn  silu          128    n/a    n/a    n/a      0      0     -1.41 [64]         +3.08 [47]           36.7 [31]
[LAYER-HEALTH]     policy.pre_bn   leaky_relu    128     20      7      0      0      0    -71.30 [75]         +1.62 [96]           12.1 [108]
[LAYER-HEALTH]     value.bn        leaky_relu     16      1      5      0      0      0     -4.85 [10]         -0.56 [0]             2.0 [0]
[LAYER-HEALTH]   FC hidden-unit velocity — zero: every weight-velocity entry exactly 0; low: nonzero but < 5% of the layer's p90 unit norm
[LAYER-HEALTH]     value.fc1.weight  leaky_relu  units 128  zero 0  low 46  median unit norm 0.002962
[LAYER-HEALTH]     (no SE blocks)
[LAYER-HEALTH]   ReZero: none
[LAYER-HEALTH]   non-finite: 0 values in 0 of 102 tensors (10263038 values examined)
[LAYER-HEALTH]   largest |value|: blocks.0.bn2.running_var 6100, blocks.1.bn1.running_var 1652, blocks.1.bn2.running_var 1260, blocks.2.bn1.running_var 966.3, stem.bn.running_var 262.3
[REPLAY] enumerated checkpoint -> 20261005-lrBsilu-cyc1-replay-step26000.safetensors
[REPLAY] step=26050 loss=3.8072 pLoss=2.9483 vLoss=0.8215 pEnt=2.959 pIllM=0.0373 playedP=0.129 pW=0.47 pD=0.06 pL=0.47 vAbs=0.193 pLogitMean=-8.6104 vLogitMean=0.5907 gNorm=0.349 lr=0.00099 ms=2118.9 buf=500000 plies=222526277 games=3355795 rejected=0 skipped=0 epoch=0 mom=0.9500 lrCyc[pk=9.8e-01,tr=9.9e-04] trainerStep=26050
[LAYER-HEALTH] live trainerStep=26050 scope=batch_norm_state_only reluSites=2/10 ch=144 dead=21 off=12 alwaysOn=0 worst=policy.pre_bn(dead 20 off 7 on 0) maxBetaOverGamma=+1.62@policy.pre_bn[96] minBetaOverGamma=-71.29@policy.pre_bn[75] rvMaxOverMedian=14276.1@blocks.1.bn1[76] rezero=none nonFinite=0
[REPLAY] step=26100 loss=3.8086 pLoss=2.9626 vLoss=0.8071 pEnt=2.937 pIllM=0.0390 playedP=0.127 pW=0.47 pD=0.06 pL=0.47 vAbs=0.189 pLogitMean=-8.6127 vLogitMean=0.5884 gNorm=0.325 lr=0.000995 ms=2310.2 buf=500000 plies=222952823 games=3362304 rejected=0 skipped=0 epoch=0 mom=0.9499 lrCyc[pk=9.8e-01,tr=9.9e-04] trainerStep=26100
[LAYER-HEALTH] live trainerStep=26100 scope=batch_norm_state_only reluSites=2/10 ch=144 dead=21 off=12 alwaysOn=0 worst=policy.pre_bn(dead 20 off 7 on 0) maxBetaOverGamma=+1.62@policy.pre_bn[96] minBetaOverGamma=-71.28@policy.pre_bn[75] rvMaxOverMedian=14311.2@blocks.1.bn1[76] rezero=none nonFinite=0
[REPLAY] step=26150 loss=3.8026 pLoss=2.9452 vLoss=0.8208 pEnt=2.962 pIllM=0.0367 playedP=0.129 pW=0.47 pD=0.06 pL=0.47 vAbs=0.193 pLogitMean=-8.6096 vLogitMean=0.5895 gNorm=0.312 lr=0.001 ms=2029.9 buf=500000 plies=223379488 games=3368793 rejected=0 skipped=0 epoch=0 mom=0.9498 lrCyc[pk=9.8e-01,tr=9.9e-04] trainerStep=26150
[LAYER-HEALTH] live trainerStep=26150 scope=batch_norm_state_only reluSites=2/10 ch=144 dead=21 off=12 alwaysOn=0 worst=policy.pre_bn(dead 20 off 7 on 0) maxBetaOverGamma=+1.62@policy.pre_bn[96] minBetaOverGamma=-71.27@policy.pre_bn[75] rvMaxOverMedian=14287.6@blocks.1.bn1[76] rezero=none nonFinite=0
[REPLAY] step=26200 loss=3.8087 pLoss=2.9630 vLoss=0.8077 pEnt=2.965 pIllM=0.0380 playedP=0.127 pW=0.47 pD=0.06 pL=0.46 vAbs=0.199 pLogitMean=-8.6090 vLogitMean=0.5881 gNorm=0.334 lr=0.00102 ms=2058.4 buf=500000 plies=223806202 games=3375244 rejected=0 skipped=0 epoch=0 mom=0.9496 lrCyc[pk=9.8e-01,tr=9.9e-04] trainerStep=26200
[LAYER-HEALTH] live trainerStep=26200 scope=batch_norm_state_only reluSites=2/10 ch=144 dead=21 off=12 alwaysOn=0 worst=policy.pre_bn(dead 20 off 7 on 0) maxBetaOverGamma=+1.62@policy.pre_bn[96] minBetaOverGamma=-71.24@policy.pre_bn[75] rvMaxOverMedian=14293.7@blocks.1.bn1[76] rezero=none nonFinite=0
[REPLAY] step=26250 loss=3.7993 pLoss=2.9545 vLoss=0.8055 pEnt=2.946 pIllM=0.0392 playedP=0.130 pW=0.47 pD=0.06 pL=0.47 vAbs=0.200 pLogitMean=-8.6093 vLogitMean=0.5910 gNorm=0.322 lr=0.00103 ms=2640.6 buf=500000 plies=224232782 games=3381656 rejected=0 skipped=0 epoch=0 mom=0.9494 lrCyc[pk=9.8e-01,tr=9.9e-04] trainerStep=26250
[LAYER-HEALTH] live trainerStep=26250 scope=batch_norm_state_only reluSites=2/10 ch=144 dead=21 off=12 alwaysOn=0 worst=policy.pre_bn(dead 20 off 7 on 0) maxBetaOverGamma=+1.62@policy.pre_bn[96] minBetaOverGamma=-71.24@policy.pre_bn[75] rvMaxOverMedian=14351.5@blocks.1.bn1[76] rezero=none nonFinite=0
[REPLAY] step=26300 loss=3.8014 pLoss=2.9429 vLoss=0.8189 pEnt=2.950 pIllM=0.0396 playedP=0.130 pW=0.47 pD=0.06 pL=0.46 vAbs=0.197 pLogitMean=-8.6109 vLogitMean=0.5881 gNorm=0.337 lr=0.00105 ms=2151.9 buf=500000 plies=224659437 games=3388093 rejected=0 skipped=0 epoch=0 mom=0.9491 lrCyc[pk=9.8e-01,tr=9.9e-04] trainerStep=26300
[LAYER-HEALTH] live trainerStep=26300 scope=batch_norm_state_only reluSites=2/10 ch=144 dead=21 off=12 alwaysOn=0 worst=policy.pre_bn(dead 20 off 7 on 0) maxBetaOverGamma=+1.62@policy.pre_bn[96] minBetaOverGamma=-71.26@policy.pre_bn[75] rvMaxOverMedian=14335.1@blocks.1.bn1[76] rezero=none nonFinite=0
[REPLAY] step=26350 loss=3.7875 pLoss=2.9271 vLoss=0.8213 pEnt=2.948 pIllM=0.0392 playedP=0.128 pW=0.47 pD=0.06 pL=0.46 vAbs=0.201 pLogitMean=-8.6127 vLogitMean=0.5894 gNorm=0.365 lr=0.00107 ms=3096.2 buf=500000 plies=225086107 games=3394491 rejected=0 skipped=0 epoch=0 mom=0.9488 lrCyc[pk=9.8e-01,tr=9.9e-04] trainerStep=26350
[LAYER-HEALTH] live trainerStep=26350 scope=batch_norm_state_only reluSites=2/10 ch=144 dead=21 off=12 alwaysOn=0 worst=policy.pre_bn(dead 20 off 7 on 0) maxBetaOverGamma=+1.62@policy.pre_bn[96] minBetaOverGamma=-71.27@policy.pre_bn[75] rvMaxOverMedian=14354.6@blocks.1.bn1[76] rezero=none nonFinite=0
[REPLAY] step=26400 loss=3.7870 pLoss=2.9289 vLoss=0.8212 pEnt=2.937 pIllM=0.0369 playedP=0.133 pW=0.47 pD=0.06 pL=0.46 vAbs=0.202 pLogitMean=-8.6097 vLogitMean=0.5882 gNorm=0.326 lr=0.0011 ms=2624.6 buf=500000 plies=225512763 games=3400948 rejected=0 skipped=0 epoch=0 mom=0.9484 lrCyc[pk=9.8e-01,tr=9.9e-04] trainerStep=26400
[LAYER-HEALTH] live trainerStep=26400 scope=batch_norm_state_only reluSites=2/10 ch=144 dead=21 off=12 alwaysOn=0 worst=policy.pre_bn(dead 20 off 7 on 0) maxBetaOverGamma=+1.62@policy.pre_bn[96] minBetaOverGamma=-71.28@policy.pre_bn[75] rvMaxOverMedian=14310.0@blocks.1.bn1[76] rezero=none nonFinite=0
[REPLAY] step=26450 loss=3.7653 pLoss=2.9102 vLoss=0.8185 pEnt=2.939 pIllM=0.0365 playedP=0.130 pW=0.47 pD=0.06 pL=0.46 vAbs=0.206 pLogitMean=-8.6117 vLogitMean=0.5895 gNorm=0.366 lr=0.00113 ms=2993.0 buf=500000 plies=225939410 games=3407365 rejected=0 skipped=0 epoch=0 mom=0.9480 lrCyc[pk=9.8e-01,tr=9.9e-04] trainerStep=26450
[LAYER-HEALTH] live trainerStep=26450 scope=batch_norm_state_only reluSites=2/10 ch=144 dead=21 off=12 alwaysOn=0 worst=policy.pre_bn(dead 20 off 7 on 0) maxBetaOverGamma=+1.62@policy.pre_bn[96] minBetaOverGamma=-71.27@policy.pre_bn[75] rvMaxOverMedian=14311.3@blocks.1.bn1[76] rezero=none nonFinite=0
[REPLAY] step=26500 loss=3.8265 pLoss=2.9466 vLoss=0.8425 pEnt=2.946 pIllM=0.0374 playedP=0.129 pW=0.47 pD=0.07 pL=0.46 vAbs=0.204 pLogitMean=-8.6102 vLogitMean=0.5923 gNorm=0.355 lr=0.00117 ms=2509.5 buf=500000 plies=226366028 games=3413790 rejected=0 skipped=0 epoch=0 mom=0.9476 lrCyc[pk=9.8e-01,tr=9.9e-04] trainerStep=26500
[LAYER-HEALTH] live trainerStep=26500 scope=batch_norm_state_only reluSites=2/10 ch=144 dead=21 off=12 alwaysOn=0 worst=policy.pre_bn(dead 20 off 7 on 0) maxBetaOverGamma=+1.62@policy.pre_bn[96] minBetaOverGamma=-71.27@policy.pre_bn[75] rvMaxOverMedian=14353.9@blocks.1.bn1[76] rezero=none nonFinite=0
[REPLAY] step=26550 loss=3.8081 pLoss=2.9443 vLoss=0.8243 pEnt=2.941 pIllM=0.0394 playedP=0.135 pW=0.47 pD=0.07 pL=0.46 vAbs=0.205 pLogitMean=-8.6115 vLogitMean=0.5883 gNorm=0.347 lr=0.00121 ms=2230.2 buf=500000 plies=226792732 games=3420335 rejected=0 skipped=0 epoch=0 mom=0.9470 lrCyc[pk=9.8e-01,tr=9.9e-04] trainerStep=26550
[LAYER-HEALTH] live trainerStep=26550 scope=batch_norm_state_only reluSites=2/10 ch=144 dead=21 off=12 alwaysOn=0 worst=policy.pre_bn(dead 20 off 7 on 0) maxBetaOverGamma=+1.62@policy.pre_bn[96] minBetaOverGamma=-71.28@policy.pre_bn[75] rvMaxOverMedian=14340.3@blocks.1.bn1[76] rezero=none nonFinite=0
[REPLAY] step=26600 loss=3.8300 pLoss=2.9649 vLoss=0.8312 pEnt=2.978 pIllM=0.0339 playedP=0.125 pW=0.47 pD=0.07 pL=0.46 vAbs=0.197 pLogitMean=-8.6128 vLogitMean=0.5884 gNorm=0.355 lr=0.00126 ms=2123.7 buf=500000 plies=227219368 games=3426893 rejected=0 skipped=0 epoch=0 mom=0.9465 lrCyc[pk=9.8e-01,tr=9.9e-04] trainerStep=26600
[LAYER-HEALTH] live trainerStep=26600 scope=batch_norm_state_only reluSites=2/10 ch=144 dead=21 off=12 alwaysOn=0 worst=policy.pre_bn(dead 20 off 7 on 0) maxBetaOverGamma=+1.62@policy.pre_bn[96] minBetaOverGamma=-71.29@policy.pre_bn[75] rvMaxOverMedian=14317.5@blocks.1.bn1[76] rezero=none nonFinite=0
[REPLAY] step=26650 loss=3.8377 pLoss=2.9700 vLoss=0.8324 pEnt=2.979 pIllM=0.0353 playedP=0.125 pW=0.47 pD=0.07 pL=0.46 vAbs=0.196 pLogitMean=-8.6105 vLogitMean=0.5909 gNorm=0.349 lr=0.00131 ms=2510.8 buf=500000 plies=227645989 games=3433316 rejected=0 skipped=0 epoch=0 mom=0.9459 lrCyc[pk=9.8e-01,tr=9.9e-04] trainerStep=26650
[LAYER-HEALTH] live trainerStep=26650 scope=batch_norm_state_only reluSites=2/10 ch=144 dead=21 off=12 alwaysOn=0 worst=policy.pre_bn(dead 20 off 7 on 0) maxBetaOverGamma=+1.62@policy.pre_bn[96] minBetaOverGamma=-71.28@policy.pre_bn[75] rvMaxOverMedian=14291.3@blocks.1.bn1[76] rezero=none nonFinite=0
[REPLAY] step=26700 loss=3.7993 pLoss=2.9622 vLoss=0.8027 pEnt=2.969 pIllM=0.0344 playedP=0.127 pW=0.47 pD=0.06 pL=0.46 vAbs=0.199 pLogitMean=-8.6110 vLogitMean=0.5910 gNorm=0.319 lr=0.00137 ms=1446.3 buf=500000 plies=228072672 games=3439778 rejected=0 skipped=0 epoch=0 mom=0.9452 lrCyc[pk=9.8e-01,tr=9.9e-04] trainerStep=26700
[LAYER-HEALTH] live trainerStep=26700 scope=batch_norm_state_only reluSites=2/10 ch=144 dead=21 off=12 alwaysOn=0 worst=policy.pre_bn(dead 20 off 7 on 0) maxBetaOverGamma=+1.62@policy.pre_bn[96] minBetaOverGamma=-71.30@policy.pre_bn[75] rvMaxOverMedian=14286.6@blocks.1.bn1[76] rezero=none nonFinite=0
[REPLAY] step=26750 loss=3.8206 pLoss=2.9674 vLoss=0.8152 pEnt=2.980 pIllM=0.0381 playedP=0.123 pW=0.47 pD=0.06 pL=0.46 vAbs=0.203 pLogitMean=-8.6162 vLogitMean=0.5894 gNorm=0.337 lr=0.00144 ms=1406.2 buf=500000 plies=228499349 games=3446268 rejected=0 skipped=0 epoch=0 mom=0.9446 lrCyc[pk=9.8e-01,tr=9.9e-04] trainerStep=26750
[LAYER-HEALTH] live trainerStep=26750 scope=batch_norm_state_only reluSites=2/10 ch=144 dead=21 off=12 alwaysOn=0 worst=policy.pre_bn(dead 20 off 7 on 0) maxBetaOverGamma=+1.62@policy.pre_bn[96] minBetaOverGamma=-71.33@policy.pre_bn[75] rvMaxOverMedian=14297.8@blocks.1.bn1[76] rezero=none nonFinite=0
[REPLAY] step=26800 loss=3.8034 pLoss=2.9448 vLoss=0.8237 pEnt=2.970 pIllM=0.0349 playedP=0.128 pW=0.47 pD=0.06 pL=0.47 vAbs=0.199 pLogitMean=-8.6174 vLogitMean=0.5896 gNorm=0.332 lr=0.00151 ms=1360.7 buf=500000 plies=228925926 games=3452741 rejected=0 skipped=0 epoch=0 mom=0.9438 lrCyc[pk=9.8e-01,tr=9.9e-04] trainerStep=26800
[LAYER-HEALTH] live trainerStep=26800 scope=batch_norm_state_only reluSites=2/10 ch=144 dead=21 off=12 alwaysOn=0 worst=policy.pre_bn(dead 20 off 7 on 0) maxBetaOverGamma=+1.61@policy.pre_bn[96] minBetaOverGamma=-71.29@policy.pre_bn[75] rvMaxOverMedian=14262.2@blocks.1.bn1[76] rezero=none nonFinite=0
[REPLAY] step=26850 loss=3.7681 pLoss=2.9202 vLoss=0.8106 pEnt=2.945 pIllM=0.0373 playedP=0.131 pW=0.47 pD=0.07 pL=0.47 vAbs=0.198 pLogitMean=-8.6145 vLogitMean=0.5897 gNorm=0.324 lr=0.0016 ms=1251.2 buf=500000 plies=229352620 games=3459238 rejected=0 skipped=0 epoch=0 mom=0.9430 lrCyc[pk=9.8e-01,tr=9.9e-04] trainerStep=26850
[LAYER-HEALTH] live trainerStep=26850 scope=batch_norm_state_only reluSites=2/10 ch=144 dead=21 off=12 alwaysOn=0 worst=policy.pre_bn(dead 20 off 7 on 0) maxBetaOverGamma=+1.62@policy.pre_bn[96] minBetaOverGamma=-71.27@policy.pre_bn[75] rvMaxOverMedian=14274.5@blocks.1.bn1[76] rezero=none nonFinite=0
[REPLAY] step=26900 loss=3.7757 pLoss=2.9293 vLoss=0.8068 pEnt=2.934 pIllM=0.0397 playedP=0.132 pW=0.47 pD=0.06 pL=0.46 vAbs=0.207 pLogitMean=-8.6151 vLogitMean=0.5882 gNorm=0.335 lr=0.00169 ms=1323.2 buf=500000 plies=229779249 games=3465678 rejected=0 skipped=0 epoch=0 mom=0.9422 lrCyc[pk=9.8e-01,tr=9.9e-04] trainerStep=26900
[LAYER-HEALTH] live trainerStep=26900 scope=batch_norm_state_only reluSites=2/10 ch=144 dead=21 off=12 alwaysOn=0 worst=policy.pre_bn(dead 20 off 7 on 0) maxBetaOverGamma=+1.62@policy.pre_bn[96] minBetaOverGamma=-71.31@policy.pre_bn[75] rvMaxOverMedian=14293.0@blocks.1.bn1[76] rezero=none nonFinite=0
[REPLAY] step=26950 loss=3.7676 pLoss=2.9235 vLoss=0.8063 pEnt=2.955 pIllM=0.0378 playedP=0.129 pW=0.47 pD=0.06 pL=0.46 vAbs=0.204 pLogitMean=-8.6160 vLogitMean=0.5883 gNorm=0.332 lr=0.00179 ms=1269.5 buf=500000 plies=230205891 games=3472124 rejected=0 skipped=0 epoch=0 mom=0.9414 lrCyc[pk=9.8e-01,tr=9.9e-04] trainerStep=26950
[LAYER-HEALTH] live trainerStep=26950 scope=batch_norm_state_only reluSites=2/10 ch=144 dead=21 off=12 alwaysOn=0 worst=policy.pre_bn(dead 20 off 7 on 0) maxBetaOverGamma=+1.62@policy.pre_bn[96] minBetaOverGamma=-71.30@policy.pre_bn[75] rvMaxOverMedian=14305.1@blocks.1.bn1[76] rezero=none nonFinite=0
[REPLAY] step=27000 loss=3.7822 pLoss=2.9319 vLoss=0.8122 pEnt=2.950 pIllM=0.0380 playedP=0.132 pW=0.47 pD=0.06 pL=0.47 vAbs=0.199 pLogitMean=-8.6195 vLogitMean=0.5876 gNorm=0.369 lr=0.00191 ms=1466.4 buf=500000 plies=230632578 games=3478591 rejected=0 skipped=0 epoch=0 mom=0.9405 lrCyc[pk=9.8e-01,tr=9.9e-04] trainerStep=27000
[LAYER-HEALTH] live trainerStep=27000 scope=batch_norm_state_only reluSites=2/10 ch=144 dead=21 off=12 alwaysOn=0 worst=policy.pre_bn(dead 20 off 7 on 0) maxBetaOverGamma=+1.61@policy.pre_bn[96] minBetaOverGamma=-71.31@policy.pre_bn[75] rvMaxOverMedian=14290.3@blocks.1.bn1[76] rezero=none nonFinite=0
[REPLAY] saved trainer model (autosave) step=27000 trainerStep=27000 nextGame=3478591 shard=7 epoch=0 -> 20261005-lrBsilu-cyc1-replay-latest.safetensors
[LAYER-HEALTH] checkpoint replay-autosave step=27000 trainerStep=27000 scope=all_tensors reluSites=2/10 ch=144 dead=21 off=12 alwaysOn=0 worst=policy.pre_bn(dead 20 off 7 on 0) maxBetaOverGamma=+1.61@policy.pre_bn[96] minBetaOverGamma=-71.31@policy.pre_bn[75] rvMaxOverMedian=14290.3@blocks.1.bn1[76] rezero=none nonFinite=0 seZeroVel=none valueFC1ZeroVel=0/128 maxAbs=6114@blocks.0.bn2.running_var
[LAYER-HEALTH]   batch-norm sites — β/|γ|: dead < -3.00, mostly off < -2.00, always on > +3.00; classified for relu/leaky_relu only
[LAYER-HEALTH]     site            act            ch   dead    off     on  zeroγ nonfin  min β/|γ| [ch]     max β/|γ| [ch]     rv max/median [ch]
[LAYER-HEALTH]     stem.bn         -             128    n/a    n/a    n/a      0      0     -1.48 [76]         +0.43 [102]          17.5 [43]
[LAYER-HEALTH]     blocks.0.bn1    silu          128    n/a    n/a    n/a      0      0   -149.81 [88]         +0.63 [113]           8.0 [31]
[LAYER-HEALTH]     blocks.0.bn2    silu          128    n/a    n/a    n/a      0      0    -35.98 [36]        +23.17 [117]         195.7 [48]
[LAYER-HEALTH]     blocks.1.bn1    silu          128    n/a    n/a    n/a      0      0   -260.57 [105]        +2.43 [67]        14290.3 [76]
[LAYER-HEALTH]     blocks.1.bn2    silu          128    n/a    n/a    n/a      0      0    -12.20 [103]        +1.72 [37]           34.7 [86]
[LAYER-HEALTH]     blocks.2.bn1    silu          128    n/a    n/a    n/a      0      0    -24.60 [24]         +2.11 [31]        10841.6 [76]
[LAYER-HEALTH]     blocks.2.bn2    silu          128    n/a    n/a    n/a      0      0     -5.18 [24]        +11.90 [16]            7.6 [73]
[LAYER-HEALTH]     tower_final_bn  silu          128    n/a    n/a    n/a      0      0     -1.41 [64]         +3.08 [47]           36.4 [31]
[LAYER-HEALTH]     policy.pre_bn   leaky_relu    128     20      7      0      0      0    -71.31 [75]         +1.61 [96]           12.1 [108]
[LAYER-HEALTH]     value.bn        leaky_relu     16      1      5      0      0      0     -4.85 [10]         -0.56 [0]             1.9 [0]
[LAYER-HEALTH]   FC hidden-unit velocity — zero: every weight-velocity entry exactly 0; low: nonzero but < 5% of the layer's p90 unit norm
[LAYER-HEALTH]     value.fc1.weight  leaky_relu  units 128  zero 0  low 46  median unit norm 0.002772
[LAYER-HEALTH]     (no SE blocks)
[LAYER-HEALTH]   ReZero: none
[LAYER-HEALTH]   non-finite: 0 values in 0 of 102 tensors (10263038 values examined)
[LAYER-HEALTH]   largest |value|: blocks.0.bn2.running_var 6114, blocks.1.bn1.running_var 1649, blocks.1.bn2.running_var 1251, blocks.2.bn1.running_var 962.1, stem.bn.running_var 261.6
[REPLAY] enumerated checkpoint -> 20261005-lrBsilu-cyc1-replay-step27000.safetensors
[REPLAY] step=27050 loss=3.7954 pLoss=2.9315 vLoss=0.8268 pEnt=2.938 pIllM=0.0372 playedP=0.128 pW=0.47 pD=0.07 pL=0.46 vAbs=0.203 pLogitMean=-8.6169 vLogitMean=0.5898 gNorm=0.398 lr=0.00204 ms=1388.3 buf=500000 plies=231059212 games=3485084 rejected=0 skipped=0 epoch=0 mom=0.9395 lrCyc[pk=9.8e-01,tr=9.9e-04] trainerStep=27050
[LAYER-HEALTH] live trainerStep=27050 scope=batch_norm_state_only reluSites=2/10 ch=144 dead=21 off=12 alwaysOn=0 worst=policy.pre_bn(dead 20 off 7 on 0) maxBetaOverGamma=+1.61@policy.pre_bn[96] minBetaOverGamma=-71.36@policy.pre_bn[75] rvMaxOverMedian=14295.7@blocks.1.bn1[76] rezero=none nonFinite=0
[REPLAY] step=27100 loss=3.7771 pLoss=2.9355 vLoss=0.8040 pEnt=2.949 pIllM=0.0376 playedP=0.130 pW=0.47 pD=0.07 pL=0.46 vAbs=0.212 pLogitMean=-8.6209 vLogitMean=0.5908 gNorm=0.317 lr=0.00218 ms=1293.5 buf=500000 plies=231485837 games=3491472 rejected=0 skipped=0 epoch=0 mom=0.9385 lrCyc[pk=9.8e-01,tr=9.9e-04] trainerStep=27100
[LAYER-HEALTH] live trainerStep=27100 scope=batch_norm_state_only reluSites=2/10 ch=144 dead=21 off=12 alwaysOn=0 worst=policy.pre_bn(dead 20 off 7 on 0) maxBetaOverGamma=+1.61@policy.pre_bn[96] minBetaOverGamma=-71.32@policy.pre_bn[75] rvMaxOverMedian=14289.8@blocks.1.bn1[76] rezero=none nonFinite=0
[REPLAY] step=27150 loss=3.7705 pLoss=2.9145 vLoss=0.8200 pEnt=2.949 pIllM=0.0360 playedP=0.133 pW=0.47 pD=0.06 pL=0.46 vAbs=0.207 pLogitMean=-8.6196 vLogitMean=0.5894 gNorm=0.335 lr=0.00234 ms=1340.9 buf=500000 plies=231912500 games=3497979 rejected=0 skipped=0 epoch=0 mom=0.9375 lrCyc[pk=9.8e-01,tr=9.9e-04] trainerStep=27150
[LAYER-HEALTH] live trainerStep=27150 scope=batch_norm_state_only reluSites=2/10 ch=144 dead=21 off=12 alwaysOn=0 worst=policy.pre_bn(dead 20 off 7 on 0) maxBetaOverGamma=+1.61@policy.pre_bn[96] minBetaOverGamma=-71.32@policy.pre_bn[75] rvMaxOverMedian=14304.5@blocks.1.bn1[76] rezero=none nonFinite=0
[REPLAY] step=27200 loss=3.8003 pLoss=2.9410 vLoss=0.8190 pEnt=2.935 pIllM=0.0403 playedP=0.133 pW=0.47 pD=0.06 pL=0.46 vAbs=0.198 pLogitMean=-8.6210 vLogitMean=0.5895 gNorm=0.337 lr=0.00252 ms=1230.9 buf=500000 plies=232339208 games=3504414 rejected=0 skipped=0 epoch=0 mom=0.9365 lrCyc[pk=9.8e-01,tr=9.9e-04] trainerStep=27200
[LAYER-HEALTH] live trainerStep=27200 scope=batch_norm_state_only reluSites=2/10 ch=144 dead=21 off=12 alwaysOn=0 worst=policy.pre_bn(dead 20 off 7 on 0) maxBetaOverGamma=+1.61@policy.pre_bn[96] minBetaOverGamma=-71.31@policy.pre_bn[75] rvMaxOverMedian=14307.2@blocks.1.bn1[76] rezero=none nonFinite=0
[REPLAY] step=27250 loss=3.7924 pLoss=2.9332 vLoss=0.8206 pEnt=2.931 pIllM=0.0386 playedP=0.131 pW=0.47 pD=0.07 pL=0.46 vAbs=0.197 pLogitMean=-8.6175 vLogitMean=0.5908 gNorm=0.357 lr=0.00271 ms=1287.2 buf=500000 plies=232765787 games=3510844 rejected=0 skipped=0 epoch=0 mom=0.9354 lrCyc[pk=9.8e-01,tr=9.9e-04] trainerStep=27250
[LAYER-HEALTH] live trainerStep=27250 scope=batch_norm_state_only reluSites=2/10 ch=144 dead=21 off=12 alwaysOn=0 worst=policy.pre_bn(dead 20 off 7 on 0) maxBetaOverGamma=+1.62@policy.pre_bn[96] minBetaOverGamma=-71.28@policy.pre_bn[75] rvMaxOverMedian=14316.0@blocks.1.bn1[76] rezero=none nonFinite=0
[REPLAY] step=27300 loss=3.7754 pLoss=2.9306 vLoss=0.8058 pEnt=2.930 pIllM=0.0390 playedP=0.134 pW=0.47 pD=0.06 pL=0.47 vAbs=0.206 pLogitMean=-8.6220 vLogitMean=0.5882 gNorm=0.369 lr=0.00293 ms=1629.3 buf=500000 plies=233192462 games=3517290 rejected=0 skipped=0 epoch=0 mom=0.9342 lrCyc[pk=9.8e-01,tr=9.9e-04] trainerStep=27300
[LAYER-HEALTH] live trainerStep=27300 scope=batch_norm_state_only reluSites=2/10 ch=144 dead=21 off=12 alwaysOn=0 worst=policy.pre_bn(dead 20 off 7 on 0) maxBetaOverGamma=+1.62@policy.pre_bn[96] minBetaOverGamma=-71.33@policy.pre_bn[75] rvMaxOverMedian=14339.9@blocks.1.bn1[76] rezero=none nonFinite=0
[REPLAY] step=27350 loss=3.8091 pLoss=2.9459 vLoss=0.8265 pEnt=2.947 pIllM=0.0368 playedP=0.130 pW=0.47 pD=0.07 pL=0.47 vAbs=0.206 pLogitMean=-8.6197 vLogitMean=0.5911 gNorm=0.361 lr=0.00318 ms=1314.1 buf=500000 plies=233619117 games=3523699 rejected=0 skipped=0 epoch=0 mom=0.9331 lrCyc[pk=9.8e-01,tr=9.9e-04] trainerStep=27350
[LAYER-HEALTH] live trainerStep=27350 scope=batch_norm_state_only reluSites=2/10 ch=144 dead=21 off=12 alwaysOn=0 worst=policy.pre_bn(dead 20 off 7 on 0) maxBetaOverGamma=+1.61@policy.pre_bn[96] minBetaOverGamma=-71.32@policy.pre_bn[75] rvMaxOverMedian=14353.7@blocks.1.bn1[76] rezero=none nonFinite=0
[REPLAY] step=27400 loss=3.8193 pLoss=2.9642 vLoss=0.8175 pEnt=2.948 pIllM=0.0376 playedP=0.129 pW=0.47 pD=0.07 pL=0.46 vAbs=0.203 pLogitMean=-8.6198 vLogitMean=0.5910 gNorm=0.372 lr=0.00345 ms=1336.4 buf=500000 plies=234045755 games=3530079 rejected=0 skipped=0 epoch=0 mom=0.9319 lrCyc[pk=9.8e-01,tr=9.9e-04] trainerStep=27400
[LAYER-HEALTH] live trainerStep=27400 scope=batch_norm_state_only reluSites=2/10 ch=144 dead=21 off=12 alwaysOn=0 worst=policy.pre_bn(dead 20 off 7 on 0) maxBetaOverGamma=+1.61@policy.pre_bn[96] minBetaOverGamma=-71.32@policy.pre_bn[75] rvMaxOverMedian=14374.7@blocks.1.bn1[76] rezero=none nonFinite=0
[REPLAY] step=27450 loss=3.7850 pLoss=2.9207 vLoss=0.8240 pEnt=2.936 pIllM=0.0402 playedP=0.133 pW=0.47 pD=0.07 pL=0.46 vAbs=0.195 pLogitMean=-8.6174 vLogitMean=0.5911 gNorm=0.382 lr=0.00375 ms=1358.5 buf=500000 plies=234472436 games=3536533 rejected=0 skipped=0 epoch=0 mom=0.9307 lrCyc[pk=9.8e-01,tr=9.9e-04] trainerStep=27450
[LAYER-HEALTH] live trainerStep=27450 scope=batch_norm_state_only reluSites=2/10 ch=144 dead=21 off=11 alwaysOn=0 worst=policy.pre_bn(dead 20 off 7 on 0) maxBetaOverGamma=+1.61@policy.pre_bn[96] minBetaOverGamma=-71.34@policy.pre_bn[75] rvMaxOverMedian=14356.2@blocks.1.bn1[76] rezero=none nonFinite=0
[REPLAY] step=27500 loss=3.8012 pLoss=2.9569 vLoss=0.8035 pEnt=2.950 pIllM=0.0409 playedP=0.130 pW=0.47 pD=0.07 pL=0.46 vAbs=0.206 pLogitMean=-8.6177 vLogitMean=0.5913 gNorm=0.352 lr=0.00409 ms=1260.4 buf=500000 plies=234899070 games=3543010 rejected=0 skipped=0 epoch=0 mom=0.9294 lrCyc[pk=9.8e-01,tr=9.9e-04] trainerStep=27500
[LAYER-HEALTH] live trainerStep=27500 scope=batch_norm_state_only reluSites=2/10 ch=144 dead=21 off=12 alwaysOn=0 worst=policy.pre_bn(dead 20 off 7 on 0) maxBetaOverGamma=+1.61@policy.pre_bn[96] minBetaOverGamma=-71.29@policy.pre_bn[75] rvMaxOverMedian=14331.8@blocks.1.bn1[76] rezero=none nonFinite=0
[REPLAY] step=27550 loss=3.7852 pLoss=2.9416 vLoss=0.8045 pEnt=2.941 pIllM=0.0390 playedP=0.131 pW=0.48 pD=0.06 pL=0.46 vAbs=0.199 pLogitMean=-8.6170 vLogitMean=0.5885 gNorm=0.378 lr=0.00447 ms=1278.2 buf=500000 plies=235325706 games=3549463 rejected=0 skipped=0 epoch=0 mom=0.9281 lrCyc[pk=9.8e-01,tr=9.9e-04] trainerStep=27550
[LAYER-HEALTH] live trainerStep=27550 scope=batch_norm_state_only reluSites=2/10 ch=144 dead=21 off=12 alwaysOn=0 worst=policy.pre_bn(dead 20 off 7 on 0) maxBetaOverGamma=+1.61@policy.pre_bn[96] minBetaOverGamma=-71.27@policy.pre_bn[75] rvMaxOverMedian=14316.3@blocks.1.bn1[76] rezero=none nonFinite=0
[REPLAY] step=27600 loss=3.8204 pLoss=2.9481 vLoss=0.8327 pEnt=2.935 pIllM=0.0396 playedP=0.132 pW=0.47 pD=0.07 pL=0.46 vAbs=0.193 pLogitMean=-8.6200 vLogitMean=0.5904 gNorm=0.365 lr=0.00489 ms=1417.8 buf=500000 plies=235752397 games=3555899 rejected=0 skipped=0 epoch=0 mom=0.9268 lrCyc[pk=9.8e-01,tr=9.9e-04] trainerStep=27600
[LAYER-HEALTH] live trainerStep=27600 scope=batch_norm_state_only reluSites=2/10 ch=144 dead=21 off=12 alwaysOn=0 worst=policy.pre_bn(dead 20 off 7 on 0) maxBetaOverGamma=+1.61@policy.pre_bn[96] minBetaOverGamma=-71.31@policy.pre_bn[75] rvMaxOverMedian=14306.1@blocks.1.bn1[76] rezero=none nonFinite=0
[REPLAY] step=27650 loss=3.7915 pLoss=2.9310 vLoss=0.8211 pEnt=2.952 pIllM=0.0395 playedP=0.129 pW=0.47 pD=0.07 pL=0.46 vAbs=0.206 pLogitMean=-8.6227 vLogitMean=0.5906 gNorm=0.389 lr=0.00537 ms=1342.7 buf=500000 plies=236178970 games=3562347 rejected=0 skipped=0 epoch=0 mom=0.9255 lrCyc[pk=9.8e-01,tr=9.9e-04] trainerStep=27650
[LAYER-HEALTH] live trainerStep=27650 scope=batch_norm_state_only reluSites=2/10 ch=144 dead=21 off=12 alwaysOn=0 worst=policy.pre_bn(dead 20 off 7 on 0) maxBetaOverGamma=+1.61@policy.pre_bn[96] minBetaOverGamma=-71.28@policy.pre_bn[75] rvMaxOverMedian=14353.3@blocks.1.bn1[76] rezero=none nonFinite=0
[REPLAY] step=27700 loss=3.7935 pLoss=2.9401 vLoss=0.8155 pEnt=2.938 pIllM=0.0379 playedP=0.133 pW=0.47 pD=0.07 pL=0.46 vAbs=0.190 pLogitMean=-8.6196 vLogitMean=0.5916 gNorm=0.335 lr=0.0059 ms=1408.0 buf=500000 plies=236605642 games=3568768 rejected=0 skipped=0 epoch=0 mom=0.9241 lrCyc[pk=9.8e-01,tr=9.9e-04] trainerStep=27700
[LAYER-HEALTH] live trainerStep=27700 scope=batch_norm_state_only reluSites=2/10 ch=144 dead=21 off=12 alwaysOn=0 worst=policy.pre_bn(dead 20 off 7 on 0) maxBetaOverGamma=+1.61@policy.pre_bn[96] minBetaOverGamma=-71.25@policy.pre_bn[75] rvMaxOverMedian=14327.8@blocks.1.bn1[76] rezero=none nonFinite=0
[REPLAY] step=27750 loss=3.7996 pLoss=2.9340 vLoss=0.8306 pEnt=2.950 pIllM=0.0350 playedP=0.130 pW=0.47 pD=0.07 pL=0.46 vAbs=0.200 pLogitMean=-8.6194 vLogitMean=0.5911 gNorm=0.349 lr=0.00649 ms=1250.1 buf=500000 plies=237032283 games=3575148 rejected=0 skipped=0 epoch=0 mom=0.9227 lrCyc[pk=9.8e-01,tr=9.9e-04] trainerStep=27750
[LAYER-HEALTH] live trainerStep=27750 scope=batch_norm_state_only reluSites=2/10 ch=144 dead=21 off=12 alwaysOn=0 worst=policy.pre_bn(dead 20 off 7 on 0) maxBetaOverGamma=+1.61@policy.pre_bn[96] minBetaOverGamma=-71.30@policy.pre_bn[75] rvMaxOverMedian=14402.5@blocks.1.bn1[76] rezero=none nonFinite=0
[REPLAY] step=27800 loss=3.7839 pLoss=2.9357 vLoss=0.8135 pEnt=2.968 pIllM=0.0348 playedP=0.130 pW=0.47 pD=0.06 pL=0.46 vAbs=0.197 pLogitMean=-8.6208 vLogitMean=0.5900 gNorm=0.371 lr=0.00715 ms=1217.7 buf=500000 plies=237458949 games=3581575 rejected=0 skipped=0 epoch=0 mom=0.9213 lrCyc[pk=9.8e-01,tr=9.9e-04] trainerStep=27800
[LAYER-HEALTH] live trainerStep=27800 scope=batch_norm_state_only reluSites=2/10 ch=144 dead=21 off=12 alwaysOn=0 worst=policy.pre_bn(dead 20 off 7 on 0) maxBetaOverGamma=+1.61@policy.pre_bn[96] minBetaOverGamma=-71.25@policy.pre_bn[75] rvMaxOverMedian=14371.6@blocks.1.bn1[76] rezero=none nonFinite=0
[REPLAY] step=27850 loss=3.7846 pLoss=2.9251 vLoss=0.8211 pEnt=2.956 pIllM=0.0383 playedP=0.130 pW=0.47 pD=0.06 pL=0.46 vAbs=0.206 pLogitMean=-8.6156 vLogitMean=0.5890 gNorm=0.441 lr=0.00789 ms=1748.4 buf=500000 plies=237885646 games=3588036 rejected=0 skipped=0 epoch=0 mom=0.9199 lrCyc[pk=9.8e-01,tr=9.9e-04] trainerStep=27850
[LAYER-HEALTH] live trainerStep=27850 scope=batch_norm_state_only reluSites=2/10 ch=144 dead=21 off=11 alwaysOn=0 worst=policy.pre_bn(dead 20 off 7 on 0) maxBetaOverGamma=+1.61@policy.pre_bn[96] minBetaOverGamma=-71.32@policy.pre_bn[75] rvMaxOverMedian=14327.1@blocks.1.bn1[76] rezero=none nonFinite=0
[REPLAY] step=27900 loss=3.7857 pLoss=2.9278 vLoss=0.8226 pEnt=2.959 pIllM=0.0353 playedP=0.130 pW=0.47 pD=0.07 pL=0.46 vAbs=0.203 pLogitMean=-8.6190 vLogitMean=0.5888 gNorm=0.385 lr=0.00872 ms=1874.2 buf=500000 plies=238312242 games=3594450 rejected=0 skipped=0 epoch=0 mom=0.9184 lrCyc[pk=9.8e-01,tr=9.9e-04] trainerStep=27900
[LAYER-HEALTH] live trainerStep=27900 scope=batch_norm_state_only reluSites=2/10 ch=144 dead=21 off=11 alwaysOn=0 worst=policy.pre_bn(dead 20 off 7 on 0) maxBetaOverGamma=+1.61@policy.pre_bn[96] minBetaOverGamma=-71.22@policy.pre_bn[75] rvMaxOverMedian=14326.1@blocks.1.bn1[76] rezero=none nonFinite=0
[REPLAY] step=27950 loss=3.7857 pLoss=2.9363 vLoss=0.8138 pEnt=2.949 pIllM=0.0357 playedP=0.127 pW=0.47 pD=0.07 pL=0.46 vAbs=0.203 pLogitMean=-8.6206 vLogitMean=0.5899 gNorm=0.399 lr=0.00965 ms=1692.7 buf=500000 plies=238738950 games=3600934 rejected=0 skipped=0 epoch=0 mom=0.9170 lrCyc[pk=9.8e-01,tr=9.9e-04] trainerStep=27950
[LAYER-HEALTH] live trainerStep=27950 scope=batch_norm_state_only reluSites=2/10 ch=144 dead=21 off=11 alwaysOn=0 worst=policy.pre_bn(dead 20 off 7 on 0) maxBetaOverGamma=+1.61@policy.pre_bn[96] minBetaOverGamma=-71.29@policy.pre_bn[75] rvMaxOverMedian=14334.8@blocks.1.bn1[76] rezero=none nonFinite=0
[REPLAY] step=28000 loss=3.7746 pLoss=2.9210 vLoss=0.8148 pEnt=2.936 pIllM=0.0388 playedP=0.131 pW=0.47 pD=0.07 pL=0.46 vAbs=0.203 pLogitMean=-8.6206 vLogitMean=0.5899 gNorm=0.340 lr=0.0107 ms=1854.1 buf=500000 plies=239165604 games=3607314 rejected=0 skipped=0 epoch=0 mom=0.9155 lrCyc[pk=9.8e-01,tr=9.9e-04] trainerStep=28000
[LAYER-HEALTH] live trainerStep=28000 scope=batch_norm_state_only reluSites=2/10 ch=144 dead=21 off=11 alwaysOn=0 worst=policy.pre_bn(dead 20 off 7 on 0) maxBetaOverGamma=+1.61@policy.pre_bn[96] minBetaOverGamma=-71.28@policy.pre_bn[75] rvMaxOverMedian=14321.3@blocks.1.bn1[76] rezero=none nonFinite=0
[REPLAY] saved trainer model (autosave) step=28000 trainerStep=28000 nextGame=3607314 shard=7 epoch=0 -> 20261005-lrBsilu-cyc1-replay-latest.safetensors
[LAYER-HEALTH] checkpoint replay-autosave step=28000 trainerStep=28000 scope=all_tensors reluSites=2/10 ch=144 dead=21 off=11 alwaysOn=0 worst=policy.pre_bn(dead 20 off 7 on 0) maxBetaOverGamma=+1.61@policy.pre_bn[96] minBetaOverGamma=-71.28@policy.pre_bn[75] rvMaxOverMedian=14321.3@blocks.1.bn1[76] rezero=none nonFinite=0 seZeroVel=none valueFC1ZeroVel=0/128 maxAbs=6140@blocks.0.bn2.running_var
[LAYER-HEALTH]   batch-norm sites — β/|γ|: dead < -3.00, mostly off < -2.00, always on > +3.00; classified for relu/leaky_relu only
[LAYER-HEALTH]     site            act            ch   dead    off     on  zeroγ nonfin  min β/|γ| [ch]     max β/|γ| [ch]     rv max/median [ch]
[LAYER-HEALTH]     stem.bn         -             128    n/a    n/a    n/a      0      0     -1.48 [76]         +0.43 [102]          17.5 [43]
[LAYER-HEALTH]     blocks.0.bn1    silu          128    n/a    n/a    n/a      0      0   -156.86 [88]         +0.63 [113]           8.0 [31]
[LAYER-HEALTH]     blocks.0.bn2    silu          128    n/a    n/a    n/a      0      0    -36.03 [36]        +23.19 [117]         197.1 [48]
[LAYER-HEALTH]     blocks.1.bn1    silu          128    n/a    n/a    n/a      0      0   -268.06 [105]        +2.44 [67]        14321.3 [76]
[LAYER-HEALTH]     blocks.1.bn2    silu          128    n/a    n/a    n/a      0      0    -12.21 [103]        +1.73 [37]           34.8 [86]
[LAYER-HEALTH]     blocks.2.bn1    silu          128    n/a    n/a    n/a      0      0    -24.64 [24]         +2.10 [31]        10941.6 [76]
[LAYER-HEALTH]     blocks.2.bn2    silu          128    n/a    n/a    n/a      0      0     -5.21 [24]        +12.40 [16]            7.5 [73]
[LAYER-HEALTH]     tower_final_bn  silu          128    n/a    n/a    n/a      0      0     -1.41 [64]         +3.08 [47]           37.0 [31]
[LAYER-HEALTH]     policy.pre_bn   leaky_relu    128     20      7      0      0      0    -71.28 [75]         +1.61 [96]           12.0 [108]
[LAYER-HEALTH]     value.bn        leaky_relu     16      1      4      0      0      0     -4.86 [10]         -0.57 [0]             1.9 [0]
[LAYER-HEALTH]   FC hidden-unit velocity — zero: every weight-velocity entry exactly 0; low: nonzero but < 5% of the layer's p90 unit norm
[LAYER-HEALTH]     value.fc1.weight  leaky_relu  units 128  zero 0  low 48  median unit norm 0.002176
[LAYER-HEALTH]     (no SE blocks)
[LAYER-HEALTH]   ReZero: none
[LAYER-HEALTH]   non-finite: 0 values in 0 of 102 tensors (10263038 values examined)
[LAYER-HEALTH]   largest |value|: blocks.0.bn2.running_var 6140, blocks.1.bn1.running_var 1650, blocks.1.bn2.running_var 1250, blocks.2.bn1.running_var 968.4, stem.bn.running_var 259.6
[REPLAY] enumerated checkpoint -> 20261005-lrBsilu-cyc1-replay-step28000.safetensors
[REPLAY] step=28050 loss=3.7683 pLoss=2.9216 vLoss=0.8132 pEnt=2.957 pIllM=0.0334 playedP=0.132 pW=0.47 pD=0.06 pL=0.47 vAbs=0.208 pLogitMean=-8.6203 vLogitMean=0.5895 gNorm=0.368 lr=0.0119 ms=2011.4 buf=500000 plies=239592232 games=3613786 rejected=0 skipped=0 epoch=0 mom=0.9140 lrCyc[pk=9.8e-01,tr=9.9e-04] trainerStep=28050
[LAYER-HEALTH] live trainerStep=28050 scope=batch_norm_state_only reluSites=2/10 ch=144 dead=21 off=11 alwaysOn=0 worst=policy.pre_bn(dead 20 off 7 on 0) maxBetaOverGamma=+1.61@policy.pre_bn[96] minBetaOverGamma=-71.24@policy.pre_bn[75] rvMaxOverMedian=14368.2@blocks.1.bn1[76] rezero=none nonFinite=0
[REPLAY] step=28100 loss=3.8318 pLoss=2.9561 vLoss=0.8398 pEnt=2.956 pIllM=0.0359 playedP=0.128 pW=0.46 pD=0.07 pL=0.46 vAbs=0.188 pLogitMean=-8.6197 vLogitMean=0.5911 gNorm=0.397 lr=0.0132 ms=1791.7 buf=500000 plies=240018882 games=3620229 rejected=0 skipped=0 epoch=0 mom=0.9125 lrCyc[pk=9.8e-01,tr=9.9e-04] trainerStep=28100
[LAYER-HEALTH] live trainerStep=28100 scope=batch_norm_state_only reluSites=2/10 ch=144 dead=21 off=11 alwaysOn=0 worst=policy.pre_bn(dead 20 off 7 on 0) maxBetaOverGamma=+1.61@policy.pre_bn[96] minBetaOverGamma=-71.35@policy.pre_bn[75] rvMaxOverMedian=14369.7@blocks.1.bn1[76] rezero=none nonFinite=0
[REPLAY] step=28150 loss=3.7815 pLoss=2.9181 vLoss=0.8263 pEnt=2.952 pIllM=0.0372 playedP=0.127 pW=0.47 pD=0.07 pL=0.46 vAbs=0.200 pLogitMean=-8.6189 vLogitMean=0.5874 gNorm=0.375 lr=0.0146 ms=2659.6 buf=500000 plies=240445544 games=3626692 rejected=0 skipped=0 epoch=0 mom=0.9110 lrCyc[pk=9.8e-01,tr=9.9e-04] trainerStep=28150
[LAYER-HEALTH] live trainerStep=28150 scope=batch_norm_state_only reluSites=2/10 ch=144 dead=21 off=11 alwaysOn=0 worst=policy.pre_bn(dead 20 off 7 on 0) maxBetaOverGamma=+1.61@policy.pre_bn[96] minBetaOverGamma=-71.35@policy.pre_bn[75] rvMaxOverMedian=14373.0@blocks.1.bn1[76] rezero=none nonFinite=0
[REPLAY] step=28200 loss=3.7933 pLoss=2.9511 vLoss=0.8056 pEnt=2.956 pIllM=0.0365 playedP=0.123 pW=0.47 pD=0.06 pL=0.47 vAbs=0.209 pLogitMean=-8.6235 vLogitMean=0.5910 gNorm=0.449 lr=0.0163 ms=3253.6 buf=500000 plies=240872165 games=3633205 rejected=0 skipped=0 epoch=0 mom=0.9094 lrCyc[pk=9.8e-01,tr=9.9e-04] trainerStep=28200
[LAYER-HEALTH] live trainerStep=28200 scope=batch_norm_state_only reluSites=2/10 ch=144 dead=21 off=12 alwaysOn=0 worst=policy.pre_bn(dead 20 off 7 on 0) maxBetaOverGamma=+1.61@policy.pre_bn[96] minBetaOverGamma=-71.41@policy.pre_bn[75] rvMaxOverMedian=14338.2@blocks.1.bn1[76] rezero=none nonFinite=0
[REPLAY] step=28250 loss=3.8178 pLoss=2.9582 vLoss=0.8218 pEnt=2.959 pIllM=0.0379 playedP=0.127 pW=0.47 pD=0.06 pL=0.47 vAbs=0.199 pLogitMean=-8.6258 vLogitMean=0.5912 gNorm=0.341 lr=0.0181 ms=3008.5 buf=500000 plies=241298775 games=3639674 rejected=0 skipped=0 epoch=0 mom=0.9079 lrCyc[pk=9.8e-01,tr=9.9e-04] trainerStep=28250
[LAYER-HEALTH] live trainerStep=28250 scope=batch_norm_state_only reluSites=2/10 ch=144 dead=21 off=12 alwaysOn=0 worst=policy.pre_bn(dead 20 off 7 on 0) maxBetaOverGamma=+1.61@policy.pre_bn[96] minBetaOverGamma=-71.23@policy.pre_bn[75] rvMaxOverMedian=14370.4@blocks.1.bn1[76] rezero=none nonFinite=0
[REPLAY] step=28300 loss=3.7885 pLoss=2.9338 vLoss=0.8189 pEnt=2.923 pIllM=0.0358 playedP=0.133 pW=0.47 pD=0.07 pL=0.46 vAbs=0.206 pLogitMean=-8.6204 vLogitMean=0.5905 gNorm=0.433 lr=0.0201 ms=3573.1 buf=500000 plies=241725565 games=3646210 rejected=0 skipped=0 epoch=0 mom=0.9063 lrCyc[pk=9.8e-01,tr=9.9e-04] trainerStep=28300
[LAYER-HEALTH] live trainerStep=28300 scope=batch_norm_state_only reluSites=2/10 ch=144 dead=21 off=11 alwaysOn=0 worst=policy.pre_bn(dead 20 off 7 on 0) maxBetaOverGamma=+1.61@policy.pre_bn[96] minBetaOverGamma=-71.22@policy.pre_bn[75] rvMaxOverMedian=14303.6@blocks.1.bn1[76] rezero=none nonFinite=0
[REPLAY] step=28350 loss=3.7503 pLoss=2.9099 vLoss=0.8018 pEnt=2.929 pIllM=0.0386 playedP=0.133 pW=0.47 pD=0.07 pL=0.46 vAbs=0.204 pLogitMean=-8.6239 vLogitMean=0.5874 gNorm=0.391 lr=0.0224 ms=2166.9 buf=500000 plies=242152116 games=3652674 rejected=0 skipped=0 epoch=0 mom=0.9048 lrCyc[pk=9.8e-01,tr=9.9e-04] trainerStep=28350
[LAYER-HEALTH] live trainerStep=28350 scope=batch_norm_state_only reluSites=2/10 ch=144 dead=21 off=12 alwaysOn=0 worst=policy.pre_bn(dead 20 off 7 on 0) maxBetaOverGamma=+1.61@policy.pre_bn[96] minBetaOverGamma=-71.18@policy.pre_bn[75] rvMaxOverMedian=14212.9@blocks.1.bn1[76] rezero=none nonFinite=0
[REPLAY] step=28400 loss=3.8037 pLoss=2.9459 vLoss=0.8237 pEnt=2.961 pIllM=0.0342 playedP=0.129 pW=0.46 pD=0.07 pL=0.47 vAbs=0.203 pLogitMean=-8.6227 vLogitMean=0.5871 gNorm=0.431 lr=0.025 ms=2088.5 buf=500000 plies=242578721 games=3659121 rejected=0 skipped=0 epoch=0 mom=0.9032 lrCyc[pk=9.8e-01,tr=9.9e-04] trainerStep=28400
[LAYER-HEALTH] live trainerStep=28400 scope=batch_norm_state_only reluSites=2/10 ch=144 dead=21 off=12 alwaysOn=0 worst=policy.pre_bn(dead 20 off 7 on 0) maxBetaOverGamma=+1.61@policy.pre_bn[96] minBetaOverGamma=-71.20@policy.pre_bn[75] rvMaxOverMedian=14166.6@blocks.1.bn1[76] rezero=none nonFinite=0
[REPLAY] step=28450 loss=3.7772 pLoss=2.9214 vLoss=0.8200 pEnt=2.935 pIllM=0.0358 playedP=0.133 pW=0.47 pD=0.07 pL=0.46 vAbs=0.208 pLogitMean=-8.6231 vLogitMean=0.5883 gNorm=0.424 lr=0.0278 ms=2783.6 buf=500000 plies=243005372 games=3665548 rejected=0 skipped=0 epoch=0 mom=0.9016 lrCyc[pk=9.8e-01,tr=9.9e-04] trainerStep=28450
[LAYER-HEALTH] live trainerStep=28450 scope=batch_norm_state_only reluSites=2/10 ch=144 dead=21 off=12 alwaysOn=0 worst=policy.pre_bn(dead 20 off 7 on 0) maxBetaOverGamma=+1.60@policy.pre_bn[96] minBetaOverGamma=-71.27@policy.pre_bn[75] rvMaxOverMedian=14170.5@blocks.1.bn1[76] rezero=none nonFinite=0
[REPLAY] step=28500 loss=3.7916 pLoss=2.9399 vLoss=0.8148 pEnt=2.942 pIllM=0.0369 playedP=0.125 pW=0.47 pD=0.06 pL=0.47 vAbs=0.200 pLogitMean=-8.6202 vLogitMean=0.5883 gNorm=0.522 lr=0.031 ms=2245.5 buf=500000 plies=243432048 games=3671991 rejected=0 skipped=0 epoch=0 mom=0.9001 lrCyc[pk=9.7e-01,tr=9.9e-04] trainerStep=28500
[LAYER-HEALTH] live trainerStep=28500 scope=batch_norm_state_only reluSites=2/10 ch=144 dead=21 off=12 alwaysOn=0 worst=policy.pre_bn(dead 20 off 7 on 0) maxBetaOverGamma=+1.60@policy.pre_bn[96] minBetaOverGamma=-71.25@policy.pre_bn[75] rvMaxOverMedian=14165.1@blocks.1.bn1[76] rezero=none nonFinite=0
[REPLAY] step=28550 loss=3.7421 pLoss=2.8958 vLoss=0.8092 pEnt=2.926 pIllM=0.0371 playedP=0.135 pW=0.47 pD=0.06 pL=0.46 vAbs=0.203 pLogitMean=-8.6258 vLogitMean=0.5906 gNorm=0.438 lr=0.0346 ms=2552.7 buf=500000 plies=243858716 games=3678427 rejected=0 skipped=0 epoch=0 mom=0.8985 lrCyc[pk=9.7e-01,tr=9.9e-04] trainerStep=28550
[LAYER-HEALTH] live trainerStep=28550 scope=batch_norm_state_only reluSites=2/10 ch=144 dead=21 off=12 alwaysOn=0 worst=policy.pre_bn(dead 20 off 7 on 0) maxBetaOverGamma=+1.60@policy.pre_bn[96] minBetaOverGamma=-71.43@policy.pre_bn[75] rvMaxOverMedian=14145.6@blocks.1.bn1[76] rezero=none nonFinite=0
[REPLAY] step=28600 loss=3.7615 pLoss=2.9111 vLoss=0.8157 pEnt=2.936 pIllM=0.0347 playedP=0.133 pW=0.47 pD=0.07 pL=0.46 vAbs=0.206 pLogitMean=-8.6165 vLogitMean=0.5883 gNorm=0.427 lr=0.0385 ms=2402.0 buf=500000 plies=244285357 games=3684910 rejected=0 skipped=0 epoch=0 mom=0.8969 lrCyc[pk=9.7e-01,tr=9.9e-04] trainerStep=28600
[LAYER-HEALTH] live trainerStep=28600 scope=batch_norm_state_only reluSites=2/10 ch=144 dead=21 off=12 alwaysOn=0 worst=policy.pre_bn(dead 20 off 7 on 0) maxBetaOverGamma=+1.60@policy.pre_bn[96] minBetaOverGamma=-71.73@policy.pre_bn[75] rvMaxOverMedian=14101.3@blocks.1.bn1[76] rezero=none nonFinite=0
[REPLAY] step=28650 loss=3.7965 pLoss=2.9275 vLoss=0.8350 pEnt=2.935 pIllM=0.0339 playedP=0.128 pW=0.46 pD=0.07 pL=0.47 vAbs=0.198 pLogitMean=-8.6153 vLogitMean=0.5907 gNorm=0.517 lr=0.0429 ms=2777.9 buf=500000 plies=244711971 games=3691341 rejected=0 skipped=0 epoch=0 mom=0.8954 lrCyc[pk=9.7e-01,tr=9.9e-04] trainerStep=28650
[LAYER-HEALTH] live trainerStep=28650 scope=batch_norm_state_only reluSites=2/10 ch=144 dead=21 off=12 alwaysOn=0 worst=policy.pre_bn(dead 20 off 7 on 0) maxBetaOverGamma=+1.60@policy.pre_bn[96] minBetaOverGamma=-71.72@policy.pre_bn[75] rvMaxOverMedian=14183.9@blocks.1.bn1[76] rezero=none nonFinite=0
[REPLAY] step=28700 loss=3.8011 pLoss=2.9453 vLoss=0.8212 pEnt=2.922 pIllM=0.0345 playedP=0.136 pW=0.47 pD=0.07 pL=0.46 vAbs=0.193 pLogitMean=-8.6079 vLogitMean=0.5908 gNorm=0.461 lr=0.0478 ms=1723.3 buf=500000 plies=245138654 games=3697797 rejected=0 skipped=0 epoch=0 mom=0.8938 lrCyc[pk=9.7e-01,tr=9.9e-04] trainerStep=28700
[LAYER-HEALTH] live trainerStep=28700 scope=batch_norm_state_only reluSites=2/10 ch=144 dead=21 off=12 alwaysOn=0 worst=policy.pre_bn(dead 20 off 7 on 0) maxBetaOverGamma=+1.61@policy.pre_bn[96] minBetaOverGamma=-71.72@policy.pre_bn[75] rvMaxOverMedian=14209.1@blocks.1.bn1[76] rezero=none nonFinite=0
[REPLAY] step=28750 loss=3.7843 pLoss=2.9334 vLoss=0.8147 pEnt=2.949 pIllM=0.0361 playedP=0.127 pW=0.47 pD=0.07 pL=0.47 vAbs=0.217 pLogitMean=-8.6166 vLogitMean=0.5888 gNorm=0.466 lr=0.0532 ms=2640.6 buf=500000 plies=245565280 games=3704231 rejected=0 skipped=0 epoch=0 mom=0.8923 lrCyc[pk=9.7e-01,tr=9.9e-04] trainerStep=28750
[LAYER-HEALTH] live trainerStep=28750 scope=batch_norm_state_only reluSites=2/10 ch=144 dead=21 off=11 alwaysOn=0 worst=policy.pre_bn(dead 20 off 7 on 0) maxBetaOverGamma=+1.61@policy.pre_bn[96] minBetaOverGamma=-71.59@policy.pre_bn[75] rvMaxOverMedian=14127.0@blocks.1.bn1[76] rezero=none nonFinite=0
[REPLAY] step=28800 loss=3.7655 pLoss=2.9077 vLoss=0.8239 pEnt=2.930 pIllM=0.0340 playedP=0.130 pW=0.46 pD=0.07 pL=0.47 vAbs=0.206 pLogitMean=-8.6043 vLogitMean=0.5924 gNorm=0.481 lr=0.0592 ms=2421.3 buf=500000 plies=245991992 games=3710658 rejected=0 skipped=0 epoch=0 mom=0.8907 lrCyc[pk=9.7e-01,tr=9.9e-04] trainerStep=28800
[LAYER-HEALTH] live trainerStep=28800 scope=batch_norm_state_only reluSites=2/10 ch=144 dead=21 off=11 alwaysOn=0 worst=policy.pre_bn(dead 20 off 7 on 0) maxBetaOverGamma=+1.61@policy.pre_bn[96] minBetaOverGamma=-71.76@policy.pre_bn[75] rvMaxOverMedian=14116.5@blocks.1.bn1[76] rezero=none nonFinite=0
[REPLAY] step=28850 loss=3.8337 pLoss=2.9556 vLoss=0.8410 pEnt=2.927 pIllM=0.0372 playedP=0.130 pW=0.48 pD=0.08 pL=0.45 vAbs=0.200 pLogitMean=-8.6066 vLogitMean=0.5896 gNorm=0.447 lr=0.0658 ms=2998.0 buf=500000 plies=246418593 games=3717050 rejected=0 skipped=0 epoch=0 mom=0.8892 lrCyc[pk=9.7e-01,tr=9.9e-04] trainerStep=28850
[LAYER-HEALTH] live trainerStep=28850 scope=batch_norm_state_only reluSites=2/10 ch=144 dead=21 off=12 alwaysOn=0 worst=policy.pre_bn(dead 20 off 7 on 0) maxBetaOverGamma=+1.60@policy.pre_bn[96] minBetaOverGamma=-72.04@policy.pre_bn[75] rvMaxOverMedian=14098.3@blocks.1.bn1[76] rezero=none nonFinite=0
[REPLAY] step=28900 loss=3.8089 pLoss=2.9433 vLoss=0.8280 pEnt=2.957 pIllM=0.0376 playedP=0.126 pW=0.46 pD=0.08 pL=0.45 vAbs=0.205 pLogitMean=-8.5978 vLogitMean=0.5896 gNorm=0.691 lr=0.0731 ms=2809.5 buf=500000 plies=246845245 games=3723473 rejected=0 skipped=0 epoch=0 mom=0.8877 lrCyc[pk=9.7e-01,tr=9.9e-04] trainerStep=28900
[LAYER-HEALTH] live trainerStep=28900 scope=batch_norm_state_only reluSites=2/10 ch=144 dead=21 off=12 alwaysOn=0 worst=policy.pre_bn(dead 20 off 7 on 0) maxBetaOverGamma=+1.60@policy.pre_bn[96] minBetaOverGamma=-71.62@policy.pre_bn[75] rvMaxOverMedian=14134.6@blocks.1.bn1[76] rezero=none nonFinite=0
[REPLAY] step=28950 loss=3.7684 pLoss=2.9095 vLoss=0.8247 pEnt=2.930 pIllM=0.0342 playedP=0.131 pW=0.46 pD=0.07 pL=0.47 vAbs=0.208 pLogitMean=-8.5925 vLogitMean=0.5877 gNorm=0.424 lr=0.0812 ms=2954.7 buf=500000 plies=247271920 games=3729939 rejected=0 skipped=0 epoch=0 mom=0.8861 lrCyc[pk=9.7e-01,tr=9.9e-04] trainerStep=28950
[LAYER-HEALTH] live trainerStep=28950 scope=batch_norm_state_only reluSites=2/10 ch=144 dead=21 off=12 alwaysOn=0 worst=policy.pre_bn(dead 20 off 7 on 0) maxBetaOverGamma=+1.60@policy.pre_bn[96] minBetaOverGamma=-72.11@policy.pre_bn[75] rvMaxOverMedian=14181.4@blocks.1.bn1[76] rezero=none nonFinite=0
[REPLAY] step=29000 loss=3.7902 pLoss=2.9294 vLoss=0.8236 pEnt=2.946 pIllM=0.0371 playedP=0.128 pW=0.47 pD=0.07 pL=0.46 vAbs=0.210 pLogitMean=-8.5927 vLogitMean=0.5893 gNorm=0.492 lr=0.09 ms=2700.1 buf=500000 plies=247698541 games=3736331 rejected=0 skipped=0 epoch=0 mom=0.8846 lrCyc[pk=9.7e-01,tr=9.9e-04] trainerStep=29000
[LAYER-HEALTH] live trainerStep=29000 scope=batch_norm_state_only reluSites=2/10 ch=144 dead=21 off=11 alwaysOn=0 worst=policy.pre_bn(dead 20 off 7 on 0) maxBetaOverGamma=+1.60@policy.pre_bn[96] minBetaOverGamma=-72.19@policy.pre_bn[75] rvMaxOverMedian=14159.7@blocks.1.bn1[76] rezero=none nonFinite=0
[REPLAY] saved trainer model (autosave) step=29000 trainerStep=29000 nextGame=3736331 shard=8 epoch=0 -> 20261005-lrBsilu-cyc1-replay-latest.safetensors
[LAYER-HEALTH] checkpoint replay-autosave step=29000 trainerStep=29000 scope=all_tensors reluSites=2/10 ch=144 dead=21 off=11 alwaysOn=0 worst=policy.pre_bn(dead 20 off 7 on 0) maxBetaOverGamma=+1.60@policy.pre_bn[96] minBetaOverGamma=-72.19@policy.pre_bn[75] rvMaxOverMedian=14159.7@blocks.1.bn1[76] rezero=none nonFinite=0 seZeroVel=none valueFC1ZeroVel=0/128 maxAbs=6079@blocks.0.bn2.running_var
[LAYER-HEALTH]   batch-norm sites — β/|γ|: dead < -3.00, mostly off < -2.00, always on > +3.00; classified for relu/leaky_relu only
[LAYER-HEALTH]     site            act            ch   dead    off     on  zeroγ nonfin  min β/|γ| [ch]     max β/|γ| [ch]     rv max/median [ch]
[LAYER-HEALTH]     stem.bn         -             128    n/a    n/a    n/a      0      0     -1.48 [76]         +0.43 [102]          17.6 [43]
[LAYER-HEALTH]     blocks.0.bn1    silu          128    n/a    n/a    n/a      0      0   -161.17 [88]         +0.63 [113]           7.9 [31]
[LAYER-HEALTH]     blocks.0.bn2    silu          128    n/a    n/a    n/a      0      0    -36.24 [36]        +22.70 [117]         202.7 [48]
[LAYER-HEALTH]     blocks.1.bn1    silu          128    n/a    n/a    n/a      0      0   -281.86 [105]        +2.44 [67]        14159.7 [76]
[LAYER-HEALTH]     blocks.1.bn2    silu          128    n/a    n/a    n/a      0      0    -12.22 [103]        +1.73 [37]           34.6 [86]
[LAYER-HEALTH]     blocks.2.bn1    silu          128    n/a    n/a    n/a      0      0    -24.90 [24]         +2.15 [31]        10624.6 [76]
[LAYER-HEALTH]     blocks.2.bn2    silu          128    n/a    n/a    n/a      0      0     -5.33 [24]        +14.88 [16]            7.6 [73]
[LAYER-HEALTH]     tower_final_bn  silu          128    n/a    n/a    n/a      0      0     -1.41 [64]         +3.04 [47]           38.1 [31]
[LAYER-HEALTH]     policy.pre_bn   leaky_relu    128     20      7      0      0      0    -72.19 [75]         +1.60 [96]           11.9 [108]
[LAYER-HEALTH]     value.bn        leaky_relu     16      1      4      0      0      0     -4.85 [10]         -0.59 [0]             1.9 [0]
[LAYER-HEALTH]   FC hidden-unit velocity — zero: every weight-velocity entry exactly 0; low: nonzero but < 5% of the layer's p90 unit norm
[LAYER-HEALTH]     value.fc1.weight  leaky_relu  units 128  zero 0  low 46  median unit norm 0.001907
[LAYER-HEALTH]     (no SE blocks)
[LAYER-HEALTH]   ReZero: none
[LAYER-HEALTH]   non-finite: 0 values in 0 of 102 tensors (10263038 values examined)
[LAYER-HEALTH]   largest |value|: blocks.0.bn2.running_var 6079, blocks.1.bn1.running_var 1622, blocks.1.bn2.running_var 1186, blocks.2.bn1.running_var 916.1, stem.bn.running_var 255.7
[REPLAY] enumerated checkpoint -> 20261005-lrBsilu-cyc1-replay-step29000.safetensors
[REPLAY] step=29050 loss=3.7921 pLoss=2.9386 vLoss=0.8142 pEnt=2.938 pIllM=0.0393 playedP=0.130 pW=0.47 pD=0.06 pL=0.46 vAbs=0.210 pLogitMean=-8.5965 vLogitMean=0.5888 gNorm=0.479 lr=0.0997 ms=2428.0 buf=500000 plies=248125283 games=3742728 rejected=0 skipped=0 epoch=0 mom=0.8832 lrCyc[pk=9.7e-01,tr=9.9e-04] trainerStep=29050
[LAYER-HEALTH] live trainerStep=29050 scope=batch_norm_state_only reluSites=2/10 ch=144 dead=21 off=12 alwaysOn=0 worst=policy.pre_bn(dead 20 off 7 on 0) maxBetaOverGamma=+1.61@policy.pre_bn[96] minBetaOverGamma=-72.19@policy.pre_bn[75] rvMaxOverMedian=14150.7@blocks.1.bn1[76] rezero=none nonFinite=0
[REPLAY] step=29100 loss=3.7845 pLoss=2.9273 vLoss=0.8233 pEnt=2.933 pIllM=0.0339 playedP=0.130 pW=0.47 pD=0.07 pL=0.46 vAbs=0.214 pLogitMean=-8.5881 vLogitMean=0.5900 gNorm=0.526 lr=0.11 ms=2578.0 buf=500000 plies=248551850 games=3749205 rejected=0 skipped=0 epoch=0 mom=0.8817 lrCyc[pk=9.7e-01,tr=9.9e-04] trainerStep=29100
[LAYER-HEALTH] live trainerStep=29100 scope=batch_norm_state_only reluSites=2/10 ch=144 dead=21 off=12 alwaysOn=0 worst=policy.pre_bn(dead 20 off 7 on 0) maxBetaOverGamma=+1.60@policy.pre_bn[96] minBetaOverGamma=-72.45@policy.pre_bn[75] rvMaxOverMedian=14090.5@blocks.1.bn1[76] rezero=none nonFinite=0
[REPLAY] step=29150 loss=3.8179 pLoss=2.9729 vLoss=0.8075 pEnt=2.953 pIllM=0.0374 playedP=0.131 pW=0.47 pD=0.06 pL=0.47 vAbs=0.200 pLogitMean=-8.5961 vLogitMean=0.5888 gNorm=0.478 lr=0.122 ms=3128.8 buf=500000 plies=248978479 games=3755602 rejected=0 skipped=0 epoch=0 mom=0.8802 lrCyc[pk=9.7e-01,tr=9.9e-04] trainerStep=29150
[LAYER-HEALTH] live trainerStep=29150 scope=batch_norm_state_only reluSites=2/10 ch=144 dead=21 off=12 alwaysOn=0 worst=policy.pre_bn(dead 20 off 7 on 0) maxBetaOverGamma=+1.60@policy.pre_bn[96] minBetaOverGamma=-72.71@policy.pre_bn[75] rvMaxOverMedian=13891.0@blocks.1.bn1[76] rezero=none nonFinite=0
[REPLAY] step=29200 loss=3.8357 pLoss=2.9724 vLoss=0.8243 pEnt=2.955 pIllM=0.0390 playedP=0.127 pW=0.47 pD=0.07 pL=0.46 vAbs=0.204 pLogitMean=-8.5689 vLogitMean=0.5863 gNorm=0.452 lr=0.135 ms=2955.0 buf=500000 plies=249405160 games=3762039 rejected=0 skipped=0 epoch=0 mom=0.8788 lrCyc[pk=9.7e-01,tr=9.9e-04] trainerStep=29200
[LAYER-HEALTH] live trainerStep=29200 scope=batch_norm_state_only reluSites=2/10 ch=144 dead=21 off=12 alwaysOn=0 worst=policy.pre_bn(dead 20 off 7 on 0) maxBetaOverGamma=+1.59@policy.pre_bn[96] minBetaOverGamma=-72.30@policy.pre_bn[75] rvMaxOverMedian=13839.0@blocks.1.bn1[76] rezero=none nonFinite=0
[REPLAY] step=29250 loss=3.7853 pLoss=2.9309 vLoss=0.8147 pEnt=2.936 pIllM=0.0397 playedP=0.128 pW=0.48 pD=0.06 pL=0.46 vAbs=0.218 pLogitMean=-8.5610 vLogitMean=0.5879 gNorm=0.492 lr=0.148 ms=3012.8 buf=500000 plies=249831805 games=3768463 rejected=0 skipped=0 epoch=0 mom=0.8774 lrCyc[pk=9.7e-01,tr=9.9e-04] trainerStep=29250
[LAYER-HEALTH] live trainerStep=29250 scope=batch_norm_state_only reluSites=2/10 ch=144 dead=21 off=12 alwaysOn=0 worst=policy.pre_bn(dead 20 off 7 on 0) maxBetaOverGamma=+1.58@policy.pre_bn[96] minBetaOverGamma=-72.91@policy.pre_bn[75] rvMaxOverMedian=13816.4@blocks.1.bn1[76] rezero=none nonFinite=0
[REPLAY] step=29300 loss=3.8363 pLoss=2.9718 vLoss=0.8263 pEnt=2.935 pIllM=0.0383 playedP=0.128 pW=0.48 pD=0.07 pL=0.45 vAbs=0.201 pLogitMean=-8.5620 vLogitMean=0.5897 gNorm=0.567 lr=0.163 ms=2887.6 buf=500000 plies=250258464 games=3774930 rejected=0 skipped=0 epoch=0 mom=0.8760 lrCyc[pk=9.7e-01,tr=9.9e-04] trainerStep=29300
[LAYER-HEALTH] live trainerStep=29300 scope=batch_norm_state_only reluSites=2/10 ch=144 dead=21 off=12 alwaysOn=0 worst=policy.pre_bn(dead 20 off 7 on 0) maxBetaOverGamma=+1.60@policy.pre_bn[96] minBetaOverGamma=-73.57@policy.pre_bn[75] rvMaxOverMedian=13871.6@blocks.1.bn1[76] rezero=none nonFinite=0
[REPLAY] step=29350 loss=3.8081 pLoss=2.9471 vLoss=0.8231 pEnt=2.954 pIllM=0.0379 playedP=0.127 pW=0.47 pD=0.07 pL=0.46 vAbs=0.208 pLogitMean=-8.5560 vLogitMean=0.5884 gNorm=0.468 lr=0.179 ms=3282.7 buf=500000 plies=250685078 games=3781428 rejected=0 skipped=0 epoch=0 mom=0.8747 lrCyc[pk=9.7e-01,tr=9.9e-04] trainerStep=29350
[LAYER-HEALTH] live trainerStep=29350 scope=batch_norm_state_only reluSites=2/10 ch=144 dead=21 off=12 alwaysOn=0 worst=policy.pre_bn(dead 20 off 7 on 0) maxBetaOverGamma=+1.59@policy.pre_bn[96] minBetaOverGamma=-73.09@policy.pre_bn[75] rvMaxOverMedian=13791.1@blocks.1.bn1[76] rezero=none nonFinite=0
[REPLAY] step=29400 loss=3.8199 pLoss=2.9690 vLoss=0.8143 pEnt=2.960 pIllM=0.0366 playedP=0.126 pW=0.48 pD=0.06 pL=0.46 vAbs=0.200 pLogitMean=-8.5480 vLogitMean=0.5869 gNorm=0.475 lr=0.197 ms=3036.5 buf=500000 plies=251111723 games=3787902 rejected=0 skipped=0 epoch=0 mom=0.8733 lrCyc[pk=9.7e-01,tr=9.9e-04] trainerStep=29400
[LAYER-HEALTH] live trainerStep=29400 scope=batch_norm_state_only reluSites=2/10 ch=144 dead=21 off=11 alwaysOn=0 worst=policy.pre_bn(dead 20 off 7 on 0) maxBetaOverGamma=+1.60@policy.pre_bn[96] minBetaOverGamma=-73.56@policy.pre_bn[75] rvMaxOverMedian=13765.4@blocks.1.bn1[76] rezero=none nonFinite=0
[REPLAY] step=29450 loss=3.7784 pLoss=2.9380 vLoss=0.8006 pEnt=2.910 pIllM=0.0398 playedP=0.134 pW=0.46 pD=0.06 pL=0.48 vAbs=0.200 pLogitMean=-8.5234 vLogitMean=0.5876 gNorm=0.483 lr=0.215 ms=3485.5 buf=500000 plies=251538395 games=3794344 rejected=0 skipped=0 epoch=0 mom=0.8720 lrCyc[pk=9.7e-01,tr=9.9e-04] trainerStep=29450
[LAYER-HEALTH] live trainerStep=29450 scope=batch_norm_state_only reluSites=2/10 ch=144 dead=21 off=10 alwaysOn=0 worst=policy.pre_bn(dead 20 off 7 on 0) maxBetaOverGamma=+1.60@policy.pre_bn[96] minBetaOverGamma=-72.98@policy.pre_bn[75] rvMaxOverMedian=13743.0@blocks.1.bn1[76] rezero=none nonFinite=0
[REPLAY] step=29500 loss=3.8248 pLoss=2.9575 vLoss=0.8263 pEnt=2.932 pIllM=0.0409 playedP=0.131 pW=0.48 pD=0.06 pL=0.46 vAbs=0.200 pLogitMean=-8.5161 vLogitMean=0.5880 gNorm=0.461 lr=0.235 ms=3203.9 buf=500000 plies=251965124 games=3800788 rejected=0 skipped=0 epoch=0 mom=0.8707 lrCyc[pk=9.7e-01,tr=9.9e-04] trainerStep=29500
[LAYER-HEALTH] live trainerStep=29500 scope=batch_norm_state_only reluSites=2/10 ch=144 dead=21 off=10 alwaysOn=0 worst=policy.pre_bn(dead 20 off 7 on 0) maxBetaOverGamma=+1.62@policy.pre_bn[96] minBetaOverGamma=-72.79@policy.pre_bn[75] rvMaxOverMedian=13846.3@blocks.1.bn1[76] rezero=none nonFinite=0
[REPLAY] step=29550 loss=3.8264 pLoss=2.9729 vLoss=0.8166 pEnt=2.928 pIllM=0.0368 playedP=0.128 pW=0.48 pD=0.06 pL=0.45 vAbs=0.198 pLogitMean=-8.5011 vLogitMean=0.5887 gNorm=0.476 lr=0.256 ms=3119.2 buf=500000 plies=252391756 games=3807241 rejected=0 skipped=0 epoch=0 mom=0.8695 lrCyc[pk=9.7e-01,tr=9.9e-04] trainerStep=29550
[LAYER-HEALTH] live trainerStep=29550 scope=batch_norm_state_only reluSites=2/10 ch=144 dead=21 off=10 alwaysOn=0 worst=policy.pre_bn(dead 20 off 7 on 0) maxBetaOverGamma=+1.62@policy.pre_bn[96] minBetaOverGamma=-72.42@policy.pre_bn[75] rvMaxOverMedian=13795.7@blocks.1.bn1[76] rezero=none nonFinite=0
[REPLAY] step=29600 loss=3.8129 pLoss=2.9427 vLoss=0.8322 pEnt=2.926 pIllM=0.0380 playedP=0.129 pW=0.46 pD=0.07 pL=0.46 vAbs=0.171 pLogitMean=-8.4912 vLogitMean=0.5916 gNorm=0.566 lr=0.279 ms=3082.4 buf=500000 plies=252818351 games=3813682 rejected=0 skipped=0 epoch=0 mom=0.8682 lrCyc[pk=9.7e-01,tr=9.9e-04] trainerStep=29600
[LAYER-HEALTH] live trainerStep=29600 scope=batch_norm_state_only reluSites=2/10 ch=144 dead=21 off=10 alwaysOn=0 worst=policy.pre_bn(dead 20 off 7 on 0) maxBetaOverGamma=+1.63@policy.pre_bn[96] minBetaOverGamma=-73.33@policy.pre_bn[75] rvMaxOverMedian=13655.1@blocks.1.bn1[76] rezero=none nonFinite=0
[REPLAY] step=29650 loss=3.7971 pLoss=2.9427 vLoss=0.8168 pEnt=2.926 pIllM=0.0377 playedP=0.130 pW=0.45 pD=0.06 pL=0.49 vAbs=0.199 pLogitMean=-8.4846 vLogitMean=0.5898 gNorm=0.547 lr=0.303 ms=3236.9 buf=500000 plies=253245028 games=3820090 rejected=0 skipped=0 epoch=0 mom=0.8671 lrCyc[pk=9.7e-01,tr=9.9e-04] trainerStep=29650
[LAYER-HEALTH] live trainerStep=29650 scope=batch_norm_state_only reluSites=2/10 ch=144 dead=21 off=10 alwaysOn=0 worst=policy.pre_bn(dead 20 off 7 on 0) maxBetaOverGamma=+1.60@policy.pre_bn[96] minBetaOverGamma=-73.61@policy.pre_bn[75] rvMaxOverMedian=13449.4@blocks.1.bn1[76] rezero=none nonFinite=0
[REPLAY] step=29700 loss=3.7771 pLoss=2.9237 vLoss=0.8186 pEnt=2.924 pIllM=0.0348 playedP=0.130 pW=0.48 pD=0.06 pL=0.46 vAbs=0.212 pLogitMean=-8.4654 vLogitMean=0.5910 gNorm=0.423 lr=0.328 ms=2793.3 buf=500000 plies=253671665 games=3826539 rejected=0 skipped=0 epoch=0 mom=0.8659 lrCyc[pk=9.7e-01,tr=9.9e-04] trainerStep=29700
[LAYER-HEALTH] live trainerStep=29700 scope=batch_norm_state_only reluSites=2/10 ch=144 dead=21 off=10 alwaysOn=0 worst=policy.pre_bn(dead 20 off 7 on 0) maxBetaOverGamma=+1.62@policy.pre_bn[96] minBetaOverGamma=-71.88@policy.pre_bn[75] rvMaxOverMedian=13227.2@blocks.1.bn1[76] rezero=none nonFinite=0
[REPLAY] step=29750 loss=3.8385 pLoss=2.9702 vLoss=0.8296 pEnt=2.916 pIllM=0.0387 playedP=0.130 pW=0.48 pD=0.06 pL=0.46 vAbs=0.205 pLogitMean=-8.4547 vLogitMean=0.5943 gNorm=0.577 lr=0.355 ms=2889.4 buf=500000 plies=254098321 games=3833003 rejected=0 skipped=0 epoch=0 mom=0.8648 lrCyc[pk=9.7e-01,tr=9.9e-04] trainerStep=29750
[LAYER-HEALTH] live trainerStep=29750 scope=batch_norm_state_only reluSites=2/10 ch=144 dead=21 off=10 alwaysOn=0 worst=policy.pre_bn(dead 20 off 7 on 0) maxBetaOverGamma=+1.62@policy.pre_bn[96] minBetaOverGamma=-71.04@policy.pre_bn[75] rvMaxOverMedian=13100.6@blocks.1.bn1[76] rezero=none nonFinite=0
[REPLAY] step=29800 loss=3.8076 pLoss=2.9421 vLoss=0.8307 pEnt=2.942 pIllM=0.0348 playedP=0.127 pW=0.46 pD=0.07 pL=0.47 vAbs=0.191 pLogitMean=-8.4283 vLogitMean=0.5899 gNorm=0.500 lr=0.383 ms=3168.9 buf=500000 plies=254525032 games=3839381 rejected=0 skipped=0 epoch=0 mom=0.8637 lrCyc[pk=9.7e-01,tr=9.9e-04] trainerStep=29800
[LAYER-HEALTH] live trainerStep=29800 scope=batch_norm_state_only reluSites=2/10 ch=144 dead=21 off=10 alwaysOn=0 worst=policy.pre_bn(dead 20 off 7 on 0) maxBetaOverGamma=+1.62@policy.pre_bn[96] minBetaOverGamma=-68.51@policy.pre_bn[75] rvMaxOverMedian=13260.7@blocks.1.bn1[76] rezero=none nonFinite=0
[REPLAY] step=29850 loss=3.8112 pLoss=2.9356 vLoss=0.8321 pEnt=2.937 pIllM=0.0435 playedP=0.123 pW=0.46 pD=0.07 pL=0.47 vAbs=0.212 pLogitMean=-8.4701 vLogitMean=0.5895 gNorm=0.663 lr=0.411 ms=2969.2 buf=500000 plies=254951625 games=3845811 rejected=0 skipped=0 epoch=0 mom=0.8626 lrCyc[pk=9.7e-01,tr=9.9e-04] trainerStep=29850
[LAYER-HEALTH] live trainerStep=29850 scope=batch_norm_state_only reluSites=2/10 ch=144 dead=21 off=10 alwaysOn=0 worst=policy.pre_bn(dead 20 off 7 on 0) maxBetaOverGamma=+1.62@policy.pre_bn[96] minBetaOverGamma=-67.59@policy.pre_bn[75] rvMaxOverMedian=13327.6@blocks.1.bn1[76] rezero=none nonFinite=0
[REPLAY] step=29900 loss=3.8320 pLoss=2.9505 vLoss=0.8412 pEnt=2.938 pIllM=0.0403 playedP=0.129 pW=0.46 pD=0.07 pL=0.46 vAbs=0.203 pLogitMean=-8.4344 vLogitMean=0.5906 gNorm=0.483 lr=0.441 ms=2761.0 buf=500000 plies=255378316 games=3852215 rejected=0 skipped=0 epoch=0 mom=0.8616 lrCyc[pk=9.7e-01,tr=9.9e-04] trainerStep=29900
[LAYER-HEALTH] live trainerStep=29900 scope=batch_norm_state_only reluSites=2/10 ch=144 dead=21 off=10 alwaysOn=0 worst=policy.pre_bn(dead 20 off 7 on 0) maxBetaOverGamma=+1.63@policy.pre_bn[96] minBetaOverGamma=-65.38@policy.pre_bn[75] rvMaxOverMedian=13359.3@blocks.1.bn1[76] rezero=none nonFinite=0
[REPLAY] step=29950 loss=3.8368 pLoss=2.9752 vLoss=0.8251 pEnt=2.932 pIllM=0.0365 playedP=0.127 pW=0.46 pD=0.07 pL=0.47 vAbs=0.196 pLogitMean=-8.3877 vLogitMean=0.5877 gNorm=0.645 lr=0.472 ms=2109.9 buf=500000 plies=255804884 games=3858646 rejected=0 skipped=0 epoch=0 mom=0.8606 lrCyc[pk=9.7e-01,tr=9.9e-04] trainerStep=29950
[LAYER-HEALTH] live trainerStep=29950 scope=batch_norm_state_only reluSites=2/10 ch=144 dead=21 off=10 alwaysOn=0 worst=policy.pre_bn(dead 20 off 7 on 0) maxBetaOverGamma=+1.63@policy.pre_bn[96] minBetaOverGamma=-63.86@policy.pre_bn[75] rvMaxOverMedian=13304.4@blocks.1.bn1[76] rezero=none nonFinite=0
[REPLAY] step=30000 loss=3.8273 pLoss=2.9680 vLoss=0.8229 pEnt=2.925 pIllM=0.0364 playedP=0.127 pW=0.48 pD=0.06 pL=0.45 vAbs=0.197 pLogitMean=-8.4214 vLogitMean=0.5882 gNorm=0.517 lr=0.504 ms=2478.6 buf=500000 plies=256231545 games=3865042 rejected=0 skipped=0 epoch=0 mom=0.8597 lrCyc[pk=9.7e-01,tr=9.9e-04] trainerStep=30000
[LAYER-HEALTH] live trainerStep=30000 scope=batch_norm_state_only reluSites=2/10 ch=144 dead=21 off=10 alwaysOn=0 worst=policy.pre_bn(dead 20 off 7 on 0) maxBetaOverGamma=+1.65@policy.pre_bn[96] minBetaOverGamma=-61.46@policy.pre_bn[75] rvMaxOverMedian=13238.3@blocks.1.bn1[76] rezero=none nonFinite=0
[REPLAY] saved trainer model (autosave) step=30000 trainerStep=30000 nextGame=3865042 shard=8 epoch=0 -> 20261005-lrBsilu-cyc1-replay-latest.safetensors
[LAYER-HEALTH] checkpoint replay-autosave step=30000 trainerStep=30000 scope=all_tensors reluSites=2/10 ch=144 dead=21 off=10 alwaysOn=0 worst=policy.pre_bn(dead 20 off 7 on 0) maxBetaOverGamma=+1.65@policy.pre_bn[96] minBetaOverGamma=-61.46@policy.pre_bn[75] rvMaxOverMedian=13238.3@blocks.1.bn1[76] rezero=none nonFinite=0 seZeroVel=none valueFC1ZeroVel=0/128 maxAbs=5024@blocks.0.bn2.running_var
[LAYER-HEALTH]   batch-norm sites — β/|γ|: dead < -3.00, mostly off < -2.00, always on > +3.00; classified for relu/leaky_relu only
[LAYER-HEALTH]     site            act            ch   dead    off     on  zeroγ nonfin  min β/|γ| [ch]     max β/|γ| [ch]     rv max/median [ch]
[LAYER-HEALTH]     stem.bn         -             128    n/a    n/a    n/a      0      0     -1.48 [76]         +0.44 [102]          18.3 [43]
[LAYER-HEALTH]     blocks.0.bn1    silu          128    n/a    n/a    n/a      0      0    -86.87 [88]         +0.50 [113]           8.0 [31]
[LAYER-HEALTH]     blocks.0.bn2    silu          128    n/a    n/a    n/a      0      0    -37.57 [36]        +16.35 [117]         242.3 [48]
[LAYER-HEALTH]     blocks.1.bn1    silu          128    n/a    n/a    n/a      0      0   -441.28 [105]        +2.28 [67]        13238.3 [76]
[LAYER-HEALTH]     blocks.1.bn2    silu          128    n/a    n/a    n/a      0      0    -12.37 [103]        +1.77 [37]           37.1 [86]
[LAYER-HEALTH]     blocks.2.bn1    silu          128    n/a    n/a    n/a      0      0    -25.13 [24]         +2.05 [31]         9282.9 [76]
[LAYER-HEALTH]     blocks.2.bn2    silu          128    n/a    n/a    n/a      0      0     -5.57 [24]        +13.29 [16]            7.1 [117]
[LAYER-HEALTH]     tower_final_bn  silu          128    n/a    n/a    n/a      0      0     -1.40 [64]         +2.95 [47]           36.3 [31]
[LAYER-HEALTH]     policy.pre_bn   leaky_relu    128     20      7      0      0      0    -61.46 [75]         +1.65 [96]           11.5 [108]
[LAYER-HEALTH]     value.bn        leaky_relu     16      1      3      0      0      0     -4.85 [10]         -0.57 [0]             2.1 [3]
[LAYER-HEALTH]   FC hidden-unit velocity — zero: every weight-velocity entry exactly 0; low: nonzero but < 5% of the layer's p90 unit norm
[LAYER-HEALTH]     value.fc1.weight  leaky_relu  units 128  zero 0  low 53  median unit norm 0.001575
[LAYER-HEALTH]     (no SE blocks)
[LAYER-HEALTH]   ReZero: none
[LAYER-HEALTH]   non-finite: 0 values in 0 of 102 tensors (10263038 values examined)
[LAYER-HEALTH]   largest |value|: blocks.0.bn2.running_var 5024, blocks.1.bn1.running_var 1464, blocks.1.bn2.running_var 1020, blocks.2.bn1.running_var 783.5, stem.bn.running_var 224.2
[REPLAY] enumerated checkpoint -> 20261005-lrBsilu-cyc1-replay-step30000.safetensors
[REPLAY] step=30050 loss=3.8595 pLoss=2.9787 vLoss=0.8333 pEnt=2.907 pIllM=0.0475 playedP=0.129 pW=0.47 pD=0.06 pL=0.47 vAbs=0.209 pLogitMean=-8.4115 vLogitMean=0.5900 gNorm=0.486 lr=0.536 ms=2133.3 buf=500000 plies=256658209 games=3871460 rejected=0 skipped=0 epoch=0 mom=0.8588 lrCyc[pk=9.7e-01,tr=9.9e-04] trainerStep=30050
[LAYER-HEALTH] live trainerStep=30050 scope=batch_norm_state_only reluSites=2/10 ch=144 dead=21 off=10 alwaysOn=0 worst=policy.pre_bn(dead 20 off 7 on 0) maxBetaOverGamma=+1.66@policy.pre_bn[96] minBetaOverGamma=-58.45@policy.pre_bn[75] rvMaxOverMedian=13031.2@blocks.1.bn1[76] rezero=none nonFinite=0
[REPLAY] step=30100 loss=3.8371 pLoss=2.9774 vLoss=0.8270 pEnt=2.948 pIllM=0.0327 playedP=0.126 pW=0.47 pD=0.08 pL=0.45 vAbs=0.184 pLogitMean=-8.4154 vLogitMean=0.5881 gNorm=0.480 lr=0.569 ms=2629.9 buf=500000 plies=257084838 games=3877870 rejected=0 skipped=0 epoch=0 mom=0.8579 lrCyc[pk=9.7e-01,tr=9.9e-04] trainerStep=30100
[LAYER-HEALTH] live trainerStep=30100 scope=batch_norm_state_only reluSites=2/10 ch=144 dead=21 off=11 alwaysOn=0 worst=policy.pre_bn(dead 20 off 7 on 0) maxBetaOverGamma=+1.70@policy.pre_bn[96] minBetaOverGamma=-57.60@policy.pre_bn[75] rvMaxOverMedian=12880.1@blocks.1.bn1[76] rezero=none nonFinite=0
[REPLAY] step=30150 loss=3.8003 pLoss=2.9338 vLoss=0.8303 pEnt=2.941 pIllM=0.0362 playedP=0.128 pW=0.45 pD=0.07 pL=0.48 vAbs=0.214 pLogitMean=-8.3995 vLogitMean=0.5934 gNorm=0.493 lr=0.602 ms=2813.5 buf=500000 plies=257511477 games=3884340 rejected=0 skipped=0 epoch=0 mom=0.8571 lrCyc[pk=9.7e-01,tr=9.9e-04] trainerStep=30150
[LAYER-HEALTH] live trainerStep=30150 scope=batch_norm_state_only reluSites=2/10 ch=144 dead=21 off=11 alwaysOn=0 worst=policy.pre_bn(dead 20 off 7 on 0) maxBetaOverGamma=+1.68@policy.pre_bn[96] minBetaOverGamma=-54.37@policy.pre_bn[75] rvMaxOverMedian=12763.0@blocks.1.bn1[76] rezero=none nonFinite=0
[REPLAY] step=30200 loss=3.8357 pLoss=2.9629 vLoss=0.8374 pEnt=2.879 pIllM=0.0354 playedP=0.138 pW=0.47 pD=0.08 pL=0.45 vAbs=0.183 pLogitMean=-8.3581 vLogitMean=0.5916 gNorm=0.486 lr=0.636 ms=3262.7 buf=500000 plies=257938151 games=3890739 rejected=0 skipped=0 epoch=0 mom=0.8563 lrCyc[pk=9.7e-01,tr=9.9e-04] trainerStep=30200
[LAYER-HEALTH] live trainerStep=30200 scope=batch_norm_state_only reluSites=2/10 ch=144 dead=21 off=10 alwaysOn=0 worst=policy.pre_bn(dead 20 off 7 on 0) maxBetaOverGamma=+1.65@policy.pre_bn[96] minBetaOverGamma=-52.04@policy.pre_bn[75] rvMaxOverMedian=12505.9@blocks.1.bn1[76] rezero=none nonFinite=0
[REPLAY] step=30250 loss=3.8140 pLoss=2.9557 vLoss=0.8278 pEnt=2.912 pIllM=0.0304 playedP=0.129 pW=0.47 pD=0.07 pL=0.45 vAbs=0.199 pLogitMean=-8.4368 vLogitMean=0.5948 gNorm=0.485 lr=0.669 ms=3660.4 buf=500000 plies=258364813 games=3897164 rejected=0 skipped=0 epoch=0 mom=0.8556 lrCyc[pk=9.7e-01,tr=9.9e-04] trainerStep=30250
[LAYER-HEALTH] live trainerStep=30250 scope=batch_norm_state_only reluSites=2/10 ch=144 dead=21 off=10 alwaysOn=0 worst=policy.pre_bn(dead 20 off 7 on 0) maxBetaOverGamma=+1.70@policy.pre_bn[96] minBetaOverGamma=-51.27@policy.pre_bn[75] rvMaxOverMedian=12410.5@blocks.1.bn1[76] rezero=none nonFinite=0
[REPLAY] step=30300 loss=3.8326 pLoss=2.9690 vLoss=0.8229 pEnt=2.886 pIllM=0.0407 playedP=0.135 pW=0.45 pD=0.07 pL=0.48 vAbs=0.186 pLogitMean=-8.4397 vLogitMean=0.5946 gNorm=0.636 lr=0.701 ms=3373.9 buf=500000 plies=258791445 games=3903653 rejected=0 skipped=0 epoch=0 mom=0.8549 lrCyc[pk=9.7e-01,tr=9.9e-04] trainerStep=30300
[LAYER-HEALTH] live trainerStep=30300 scope=batch_norm_state_only reluSites=2/10 ch=144 dead=21 off=10 alwaysOn=0 worst=policy.pre_bn(dead 20 off 7 on 0) maxBetaOverGamma=+1.71@policy.pre_bn[96] minBetaOverGamma=-47.82@policy.pre_bn[75] rvMaxOverMedian=12254.0@blocks.1.bn1[76] rezero=none nonFinite=0
[REPLAY] step=30350 loss=3.8737 pLoss=3.0091 vLoss=0.8318 pEnt=2.842 pIllM=0.0328 playedP=0.139 pW=0.47 pD=0.08 pL=0.46 vAbs=0.179 pLogitMean=-8.4509 vLogitMean=0.5914 gNorm=0.727 lr=0.733 ms=3106.1 buf=500000 plies=259218150 games=3910118 rejected=0 skipped=0 epoch=0 mom=0.8543 lrCyc[pk=9.7e-01,tr=9.9e-04] trainerStep=30350
[LAYER-HEALTH] live trainerStep=30350 scope=batch_norm_state_only reluSites=2/10 ch=144 dead=21 off=9 alwaysOn=0 worst=policy.pre_bn(dead 20 off 6 on 0) maxBetaOverGamma=+1.80@policy.pre_bn[96] minBetaOverGamma=-43.77@policy.pre_bn[75] rvMaxOverMedian=12076.6@blocks.1.bn1[76] rezero=none nonFinite=0
[REPLAY] step=30400 loss=3.7678 pLoss=2.9038 vLoss=0.8325 pEnt=2.908 pIllM=0.0314 playedP=0.130 pW=0.48 pD=0.07 pL=0.46 vAbs=0.219 pLogitMean=-8.4526 vLogitMean=0.5906 gNorm=0.449 lr=0.764 ms=3637.9 buf=500000 plies=259644741 games=3916500 rejected=0 skipped=0 epoch=0 mom=0.8537 lrCyc[pk=9.7e-01,tr=9.9e-04] trainerStep=30400
[LAYER-HEALTH] live trainerStep=30400 scope=batch_norm_state_only reluSites=2/10 ch=144 dead=21 off=9 alwaysOn=0 worst=policy.pre_bn(dead 20 off 6 on 0) maxBetaOverGamma=+1.72@policy.pre_bn[96] minBetaOverGamma=-41.25@policy.pre_bn[75] rvMaxOverMedian=12157.6@blocks.1.bn1[76] rezero=none nonFinite=0
[REPLAY] step=30450 loss=3.7944 pLoss=2.9455 vLoss=0.8219 pEnt=2.891 pIllM=0.0270 playedP=0.137 pW=0.45 pD=0.07 pL=0.48 vAbs=0.188 pLogitMean=-8.4672 vLogitMean=0.5924 gNorm=0.513 lr=0.794 ms=3369.3 buf=500000 plies=260071442 games=3922936 rejected=0 skipped=0 epoch=0 mom=0.8531 lrCyc[pk=9.7e-01,tr=9.9e-04] trainerStep=30450
[LAYER-HEALTH] live trainerStep=30450 scope=batch_norm_state_only reluSites=2/10 ch=144 dead=21 off=10 alwaysOn=0 worst=policy.pre_bn(dead 20 off 7 on 0) maxBetaOverGamma=+1.76@policy.pre_bn[96] minBetaOverGamma=-38.69@policy.pre_bn[75] rvMaxOverMedian=11996.7@blocks.1.bn1[76] rezero=none nonFinite=0
[REPLAY] step=30500 loss=3.8052 pLoss=2.9474 vLoss=0.8313 pEnt=2.886 pIllM=0.0265 playedP=0.136 pW=0.50 pD=0.07 pL=0.44 vAbs=0.202 pLogitMean=-8.5272 vLogitMean=0.5926 gNorm=0.392 lr=0.822 ms=2626.2 buf=500000 plies=260498042 games=3929334 rejected=0 skipped=0 epoch=0 mom=0.8526 lrCyc[pk=9.7e-01,tr=9.9e-04] trainerStep=30500
[LAYER-HEALTH] live trainerStep=30500 scope=batch_norm_state_only reluSites=2/10 ch=144 dead=21 off=10 alwaysOn=0 worst=policy.pre_bn(dead 20 off 7 on 0) maxBetaOverGamma=+1.77@policy.pre_bn[96] minBetaOverGamma=-36.99@policy.pre_bn[75] rvMaxOverMedian=12006.4@blocks.1.bn1[76] rezero=none nonFinite=0
[REPLAY] step=30550 loss=3.7829 pLoss=2.9489 vLoss=0.8034 pEnt=2.919 pIllM=0.0306 playedP=0.132 pW=0.48 pD=0.06 pL=0.46 vAbs=0.205 pLogitMean=-8.4848 vLogitMean=0.5926 gNorm=0.419 lr=0.849 ms=3033.9 buf=500000 plies=260924759 games=3935800 rejected=0 skipped=0 epoch=0 mom=0.8521 lrCyc[pk=9.7e-01,tr=9.9e-04] trainerStep=30550
[LAYER-HEALTH] live trainerStep=30550 scope=batch_norm_state_only reluSites=2/10 ch=144 dead=21 off=10 alwaysOn=0 worst=policy.pre_bn(dead 20 off 7 on 0) maxBetaOverGamma=+1.81@policy.pre_bn[96] minBetaOverGamma=-34.65@policy.pre_bn[75] rvMaxOverMedian=11829.6@blocks.1.bn1[76] rezero=none nonFinite=0
[REPLAY] step=30600 loss=3.7399 pLoss=2.8910 vLoss=0.8182 pEnt=2.874 pIllM=0.0307 playedP=0.144 pW=0.44 pD=0.07 pL=0.48 vAbs=0.212 pLogitMean=-8.5067 vLogitMean=0.5923 gNorm=0.419 lr=0.873 ms=3742.0 buf=500000 plies=261351348 games=3942243 rejected=0 skipped=0 epoch=0 mom=0.8517 lrCyc[pk=9.7e-01,tr=9.9e-04] trainerStep=30600
[LAYER-HEALTH] live trainerStep=30600 scope=batch_norm_state_only reluSites=2/10 ch=144 dead=21 off=10 alwaysOn=0 worst=policy.pre_bn(dead 20 off 7 on 0) maxBetaOverGamma=+1.72@policy.pre_bn[96] minBetaOverGamma=-32.25@policy.pre_bn[75] rvMaxOverMedian=11750.6@blocks.1.bn1[76] rezero=none nonFinite=0
[REPLAY] step=30650 loss=3.7472 pLoss=2.9009 vLoss=0.8184 pEnt=2.924 pIllM=0.0279 playedP=0.135 pW=0.47 pD=0.06 pL=0.46 vAbs=0.230 pLogitMean=-8.5654 vLogitMean=0.5921 gNorm=0.372 lr=0.896 ms=3944.3 buf=500000 plies=261777975 games=3948692 rejected=0 skipped=0 epoch=0 mom=0.8514 lrCyc[pk=9.7e-01,tr=9.9e-04] trainerStep=30650
[LAYER-HEALTH] live trainerStep=30650 scope=batch_norm_state_only reluSites=2/10 ch=144 dead=21 off=10 alwaysOn=0 worst=policy.pre_bn(dead 20 off 7 on 0) maxBetaOverGamma=+1.78@policy.pre_bn[96] minBetaOverGamma=-31.17@policy.pre_bn[75] rvMaxOverMedian=11384.7@blocks.1.bn1[76] rezero=none nonFinite=0
[REPLAY] step=30700 loss=3.7690 pLoss=2.9243 vLoss=0.8213 pEnt=2.890 pIllM=0.0234 playedP=0.133 pW=0.47 pD=0.07 pL=0.46 vAbs=0.207 pLogitMean=-8.5989 vLogitMean=0.5896 gNorm=0.444 lr=0.915 ms=4189.7 buf=500000 plies=262204640 games=3955148 rejected=0 skipped=0 epoch=0 mom=0.8510 lrCyc[pk=9.7e-01,tr=9.9e-04] trainerStep=30700
[LAYER-HEALTH] live trainerStep=30700 scope=batch_norm_state_only reluSites=2/10 ch=144 dead=22 off=9 alwaysOn=0 worst=policy.pre_bn(dead 20 off 7 on 0) maxBetaOverGamma=+1.75@policy.pre_bn[96] minBetaOverGamma=-30.61@policy.pre_bn[116] rvMaxOverMedian=11161.8@blocks.1.bn1[76] rezero=none nonFinite=0
[REPLAY] step=30750 loss=3.7522 pLoss=2.9022 vLoss=0.8244 pEnt=2.943 pIllM=0.0257 playedP=0.129 pW=0.45 pD=0.07 pL=0.49 vAbs=0.208 pLogitMean=-8.6628 vLogitMean=0.5898 gNorm=0.456 lr=0.933 ms=3779.3 buf=500000 plies=262631304 games=3961589 rejected=0 skipped=0 epoch=0 mom=0.8508 lrCyc[pk=9.7e-01,tr=9.9e-04] trainerStep=30750
[LAYER-HEALTH] live trainerStep=30750 scope=batch_norm_state_only reluSites=2/10 ch=144 dead=22 off=9 alwaysOn=0 worst=policy.pre_bn(dead 20 off 7 on 0) maxBetaOverGamma=+1.80@policy.pre_bn[96] minBetaOverGamma=-30.89@policy.pre_bn[116] rvMaxOverMedian=11100.6@blocks.1.bn1[76] rezero=none nonFinite=0
[REPLAY] step=30800 loss=3.7110 pLoss=2.8755 vLoss=0.8124 pEnt=2.913 pIllM=0.0231 playedP=0.133 pW=0.44 pD=0.06 pL=0.49 vAbs=0.210 pLogitMean=-8.6661 vLogitMean=0.5983 gNorm=0.468 lr=0.947 ms=3123.4 buf=500000 plies=263057989 games=3968048 rejected=0 skipped=0 epoch=0 mom=0.8505 lrCyc[pk=9.7e-01,tr=9.9e-04] trainerStep=30800
[LAYER-HEALTH] live trainerStep=30800 scope=batch_norm_state_only reluSites=2/10 ch=144 dead=22 off=9 alwaysOn=0 worst=policy.pre_bn(dead 20 off 7 on 0) maxBetaOverGamma=+1.71@policy.pre_bn[96] minBetaOverGamma=-30.77@policy.pre_bn[116] rvMaxOverMedian=11023.2@blocks.1.bn1[76] rezero=none nonFinite=0
[REPLAY] step=30850 loss=3.7687 pLoss=2.9388 vLoss=0.8032 pEnt=2.881 pIllM=0.0267 playedP=0.140 pW=0.48 pD=0.06 pL=0.46 vAbs=0.197 pLogitMean=-8.7030 vLogitMean=0.5925 gNorm=0.457 lr=0.958 ms=3050.0 buf=500000 plies=263484599 games=3974525 rejected=0 skipped=0 epoch=0 mom=0.8504 lrCyc[pk=9.7e-01,tr=9.9e-04] trainerStep=30850
[LAYER-HEALTH] live trainerStep=30850 scope=batch_norm_state_only reluSites=2/10 ch=144 dead=22 off=9 alwaysOn=0 worst=policy.pre_bn(dead 20 off 7 on 0) maxBetaOverGamma=+1.73@policy.pre_bn[96] minBetaOverGamma=-31.65@policy.pre_bn[116] rvMaxOverMedian=10792.1@blocks.1.bn1[76] rezero=none nonFinite=0
[REPLAY] step=30900 loss=3.7610 pLoss=2.9193 vLoss=0.8152 pEnt=2.913 pIllM=0.0265 playedP=0.141 pW=0.49 pD=0.06 pL=0.45 vAbs=0.227 pLogitMean=-8.7731 vLogitMean=0.5904 gNorm=0.327 lr=0.966 ms=3353.1 buf=500000 plies=263911251 games=3981019 rejected=0 skipped=0 epoch=0 mom=0.8502 lrCyc[pk=9.7e-01,tr=9.9e-04] trainerStep=30900
[LAYER-HEALTH] live trainerStep=30900 scope=batch_norm_state_only reluSites=2/10 ch=144 dead=21 off=10 alwaysOn=0 worst=policy.pre_bn(dead 20 off 7 on 0) maxBetaOverGamma=+1.76@policy.pre_bn[96] minBetaOverGamma=-31.82@policy.pre_bn[116] rvMaxOverMedian=10427.1@blocks.1.bn1[76] rezero=none nonFinite=0
[REPLAY] step=30950 loss=3.7477 pLoss=2.9047 vLoss=0.8193 pEnt=2.941 pIllM=0.0237 playedP=0.133 pW=0.45 pD=0.06 pL=0.49 vAbs=0.197 pLogitMean=-8.7583 vLogitMean=0.5949 gNorm=0.441 lr=0.971 ms=5371.5 buf=500000 plies=264338000 games=3987564 rejected=0 skipped=0 epoch=0 mom=0.8502 lrCyc[pk=9.7e-01,tr=9.9e-04] trainerStep=30950
[LAYER-HEALTH] live trainerStep=30950 scope=batch_norm_state_only reluSites=2/10 ch=144 dead=21 off=10 alwaysOn=0 worst=policy.pre_bn(dead 20 off 7 on 0) maxBetaOverGamma=+1.79@policy.pre_bn[96] minBetaOverGamma=-32.43@policy.pre_bn[116] rvMaxOverMedian=10544.8@blocks.1.bn1[76] rezero=none nonFinite=0
[REPLAY] step=31000 loss=3.7662 pLoss=2.9106 vLoss=0.8288 pEnt=2.944 pIllM=0.0268 playedP=0.131 pW=0.47 pD=0.07 pL=0.46 vAbs=0.208 pLogitMean=-8.7635 vLogitMean=0.5901 gNorm=0.452 lr=0.973 ms=4025.0 buf=500000 plies=264764554 games=3993956 rejected=0 skipped=0 epoch=0 mom=0.8501 lrCyc[pk=9.7e-01,tr=9.9e-04] trainerStep=31000
[LAYER-HEALTH] live trainerStep=31000 scope=batch_norm_state_only reluSites=2/10 ch=144 dead=21 off=9 alwaysOn=0 worst=policy.pre_bn(dead 20 off 7 on 0) maxBetaOverGamma=+1.71@policy.pre_bn[96] minBetaOverGamma=-33.05@policy.pre_bn[116] rvMaxOverMedian=10724.8@blocks.1.bn1[76] rezero=none nonFinite=0
[REPLAY] saved trainer model (autosave) step=31000 trainerStep=31000 nextGame=3993956 shard=8 epoch=0 -> 20261005-lrBsilu-cyc1-replay-latest.safetensors
[LAYER-HEALTH] checkpoint replay-autosave step=31000 trainerStep=31000 scope=all_tensors reluSites=2/10 ch=144 dead=21 off=9 alwaysOn=0 worst=policy.pre_bn(dead 20 off 7 on 0) maxBetaOverGamma=+1.71@policy.pre_bn[96] minBetaOverGamma=-33.05@policy.pre_bn[116] rvMaxOverMedian=10724.8@blocks.1.bn1[76] rezero=none nonFinite=0 seZeroVel=none valueFC1ZeroVel=0/128 maxAbs=2600@blocks.0.bn2.running_var
[LAYER-HEALTH]   batch-norm sites — β/|γ|: dead < -3.00, mostly off < -2.00, always on > +3.00; classified for relu/leaky_relu only
[LAYER-HEALTH]     site            act            ch   dead    off     on  zeroγ nonfin  min β/|γ| [ch]     max β/|γ| [ch]     rv max/median [ch]
[LAYER-HEALTH]     stem.bn         -             128    n/a    n/a    n/a      0      0     -2.54 [69]         +0.45 [102]          18.5 [43]
[LAYER-HEALTH]     blocks.0.bn1    silu          128    n/a    n/a    n/a      0      0    -36.13 [16]         +0.32 [113]           8.4 [35]
[LAYER-HEALTH]     blocks.0.bn2    silu          128    n/a    n/a    n/a      0      0    -41.51 [36]       +129.69 [26]          294.3 [48]
[LAYER-HEALTH]     blocks.1.bn1    silu          128    n/a    n/a    n/a      0      0  -1717.45 [105]        +2.09 [67]        10724.8 [76]
[LAYER-HEALTH]     blocks.1.bn2    silu          128    n/a    n/a    n/a      0      0    -12.73 [103]        +1.82 [37]           30.0 [86]
[LAYER-HEALTH]     blocks.2.bn1    silu          128    n/a    n/a    n/a      0      0    -27.55 [24]         +1.86 [31]         7645.0 [76]
[LAYER-HEALTH]     blocks.2.bn2    silu          128    n/a    n/a    n/a      0      0     -6.63 [24]        +13.75 [113]           6.2 [72]
[LAYER-HEALTH]     tower_final_bn  silu          128    n/a    n/a    n/a      0      0     -1.24 [64]         +2.52 [47]           22.4 [31]
[LAYER-HEALTH]     policy.pre_bn   leaky_relu    128     20      7      0      0      0    -33.05 [116]        +1.71 [96]            8.4 [108]
[LAYER-HEALTH]     value.bn        leaky_relu     16      1      2      0      0      0     -4.76 [10]         -0.52 [0]             3.0 [3]
[LAYER-HEALTH]   FC hidden-unit velocity — zero: every weight-velocity entry exactly 0; low: nonzero but < 5% of the layer's p90 unit norm
[LAYER-HEALTH]     value.fc1.weight  leaky_relu  units 128  zero 0  low 43  median unit norm 0.002256
[LAYER-HEALTH]     (no SE blocks)
[LAYER-HEALTH]   ReZero: none
[LAYER-HEALTH]   non-finite: 0 values in 0 of 102 tensors (10263038 values examined)
[LAYER-HEALTH]   largest |value|: blocks.0.bn2.running_var 2600, blocks.1.bn1.running_var 1050, blocks.2.bn1.running_var 560.2, blocks.1.bn2.running_var 457.2, blocks.2.bn1.running_mean 206.1
[REPLAY] enumerated checkpoint -> 20261005-lrBsilu-cyc1-replay-step31000.safetensors
[REPLAY] step=31050 loss=3.7436 pLoss=2.8812 vLoss=0.8388 pEnt=2.907 pIllM=0.0235 playedP=0.141 pW=0.46 pD=0.07 pL=0.47 vAbs=0.193 pLogitMean=-8.8069 vLogitMean=0.5915 gNorm=0.368 lr=0.971 ms=2458.7 buf=500000 plies=265191184 games=4000404 rejected=0 skipped=0 epoch=0 mom=0.8502 lrCyc[pk=9.7e-01,tr=9.9e-04] trainerStep=31050
[LAYER-HEALTH] live trainerStep=31050 scope=batch_norm_state_only reluSites=2/10 ch=144 dead=21 off=10 alwaysOn=0 worst=policy.pre_bn(dead 20 off 7 on 0) maxBetaOverGamma=+1.72@policy.pre_bn[96] minBetaOverGamma=-33.08@policy.pre_bn[116] rvMaxOverMedian=10519.6@blocks.1.bn1[76] rezero=none nonFinite=0
[REPLAY] step=31100 loss=3.7060 pLoss=2.8674 vLoss=0.8201 pEnt=2.873 pIllM=0.0186 playedP=0.148 pW=0.45 pD=0.06 pL=0.49 vAbs=0.211 pLogitMean=-8.8086 vLogitMean=0.5928 gNorm=0.357 lr=0.966 ms=3772.6 buf=500000 plies=265617920 games=4006867 rejected=0 skipped=0 epoch=0 mom=0.8502 lrCyc[pk=9.7e-01,tr=9.9e-04] trainerStep=31100
[LAYER-HEALTH] live trainerStep=31100 scope=batch_norm_state_only reluSites=2/10 ch=144 dead=21 off=9 alwaysOn=0 worst=policy.pre_bn(dead 20 off 6 on 0) maxBetaOverGamma=+1.73@policy.pre_bn[96] minBetaOverGamma=-33.44@policy.pre_bn[116] rvMaxOverMedian=10476.6@blocks.1.bn1[76] rezero=none nonFinite=0
[REPLAY] step=31150 loss=3.7229 pLoss=2.8794 vLoss=0.8217 pEnt=2.894 pIllM=0.0218 playedP=0.144 pW=0.46 pD=0.06 pL=0.48 vAbs=0.221 pLogitMean=-8.8368 vLogitMean=0.5942 gNorm=0.416 lr=0.958 ms=3026.0 buf=500000 plies=266044503 games=4013294 rejected=0 skipped=0 epoch=0 mom=0.8504 lrCyc[pk=9.7e-01,tr=9.9e-04] trainerStep=31150
[LAYER-HEALTH] live trainerStep=31150 scope=batch_norm_state_only reluSites=2/10 ch=144 dead=21 off=9 alwaysOn=0 worst=policy.pre_bn(dead 20 off 6 on 0) maxBetaOverGamma=+1.75@policy.pre_bn[96] minBetaOverGamma=-33.94@policy.pre_bn[116] rvMaxOverMedian=10522.2@blocks.1.bn1[76] rezero=none nonFinite=0
[REPLAY] step=31200 loss=3.7341 pLoss=2.8915 vLoss=0.8224 pEnt=2.925 pIllM=0.0202 playedP=0.136 pW=0.46 pD=0.07 pL=0.48 vAbs=0.195 pLogitMean=-8.8998 vLogitMean=0.5940 gNorm=0.359 lr=0.946 ms=3737.2 buf=500000 plies=266471163 games=4019765 rejected=0 skipped=0 epoch=0 mom=0.8505 lrCyc[pk=9.7e-01,tr=9.9e-04] trainerStep=31200
[LAYER-HEALTH] live trainerStep=31200 scope=batch_norm_state_only reluSites=2/10 ch=144 dead=22 off=7 alwaysOn=0 worst=policy.pre_bn(dead 20 off 6 on 0) maxBetaOverGamma=+1.77@policy.pre_bn[96] minBetaOverGamma=-34.34@policy.pre_bn[116] rvMaxOverMedian=10422.6@blocks.1.bn1[76] rezero=none nonFinite=0
[REPLAY] step=31250 loss=3.7311 pLoss=2.9034 vLoss=0.8082 pEnt=2.922 pIllM=0.0195 playedP=0.140 pW=0.49 pD=0.06 pL=0.45 vAbs=0.193 pLogitMean=-8.8636 vLogitMean=0.5916 gNorm=0.357 lr=0.932 ms=7110.9 buf=500000 plies=266897805 games=4026263 rejected=0 skipped=0 epoch=0 mom=0.8508 lrCyc[pk=9.7e-01,tr=9.9e-04] trainerStep=31250
[LAYER-HEALTH] live trainerStep=31250 scope=batch_norm_state_only reluSites=2/10 ch=144 dead=22 off=8 alwaysOn=0 worst=policy.pre_bn(dead 20 off 6 on 0) maxBetaOverGamma=+1.70@policy.pre_bn[96] minBetaOverGamma=-34.56@policy.pre_bn[116] rvMaxOverMedian=10235.8@blocks.1.bn1[76] rezero=none nonFinite=0
[REPLAY] step=31300 loss=3.7447 pLoss=2.9015 vLoss=0.8246 pEnt=2.901 pIllM=0.0185 playedP=0.143 pW=0.49 pD=0.07 pL=0.44 vAbs=0.201 pLogitMean=-8.8580 vLogitMean=0.5858 gNorm=0.350 lr=0.915 ms=3092.9 buf=500000 plies=267324474 games=4032747 rejected=0 skipped=0 epoch=0 mom=0.8510 lrCyc[pk=9.7e-01,tr=9.9e-04] trainerStep=31300
[LAYER-HEALTH] live trainerStep=31300 scope=batch_norm_state_only reluSites=2/10 ch=144 dead=22 off=7 alwaysOn=0 worst=policy.pre_bn(dead 20 off 6 on 0) maxBetaOverGamma=+1.71@policy.pre_bn[96] minBetaOverGamma=-34.46@policy.pre_bn[116] rvMaxOverMedian=10037.4@blocks.1.bn1[76] rezero=none nonFinite=0
[REPLAY] step=31350 loss=3.7009 pLoss=2.8715 vLoss=0.8113 pEnt=2.921 pIllM=0.0181 playedP=0.140 pW=0.45 pD=0.06 pL=0.48 vAbs=0.205 pLogitMean=-8.8562 vLogitMean=0.5877 gNorm=0.345 lr=0.895 ms=3151.5 buf=500000 plies=267751129 games=4039169 rejected=0 skipped=0 epoch=0 mom=0.8514 lrCyc[pk=9.7e-01,tr=9.9e-04] trainerStep=31350
[LAYER-HEALTH] live trainerStep=31350 scope=batch_norm_state_only reluSites=2/10 ch=144 dead=22 off=7 alwaysOn=0 worst=policy.pre_bn(dead 20 off 6 on 0) maxBetaOverGamma=+1.73@policy.pre_bn[96] minBetaOverGamma=-34.91@policy.pre_bn[116] rvMaxOverMedian=10059.1@blocks.1.bn1[76] rezero=none nonFinite=0
[REPLAY] step=31400 loss=3.6863 pLoss=2.8595 vLoss=0.8095 pEnt=2.894 pIllM=0.0173 playedP=0.144 pW=0.49 pD=0.06 pL=0.45 vAbs=0.206 pLogitMean=-8.9171 vLogitMean=0.5901 gNorm=0.345 lr=0.873 ms=3149.9 buf=500000 plies=268177748 games=4045635 rejected=0 skipped=0 epoch=0 mom=0.8517 lrCyc[pk=9.7e-01,tr=9.9e-04] trainerStep=31400
[LAYER-HEALTH] live trainerStep=31400 scope=batch_norm_state_only reluSites=2/10 ch=144 dead=22 off=8 alwaysOn=0 worst=policy.pre_bn(dead 20 off 6 on 0) maxBetaOverGamma=+1.81@policy.pre_bn[96] minBetaOverGamma=-35.57@policy.pre_bn[116] rvMaxOverMedian=9869.7@blocks.1.bn1[76] rezero=none nonFinite=0
[REPLAY] step=31450 loss=3.6888 pLoss=2.8562 vLoss=0.8157 pEnt=2.903 pIllM=0.0169 playedP=0.145 pW=0.45 pD=0.06 pL=0.48 vAbs=0.194 pLogitMean=-8.8787 vLogitMean=0.5877 gNorm=0.332 lr=0.848 ms=3290.2 buf=500000 plies=268604386 games=4052078 rejected=0 skipped=0 epoch=0 mom=0.8521 lrCyc[pk=9.7e-01,tr=9.9e-04] trainerStep=31450
[LAYER-HEALTH] live trainerStep=31450 scope=batch_norm_state_only reluSites=2/10 ch=144 dead=22 off=7 alwaysOn=0 worst=policy.pre_bn(dead 20 off 6 on 0) maxBetaOverGamma=+1.72@policy.pre_bn[96] minBetaOverGamma=-35.19@policy.pre_bn[116] rvMaxOverMedian=9725.0@blocks.1.bn1[76] rezero=none nonFinite=0
[REPLAY] step=31500 loss=3.6903 pLoss=2.8311 vLoss=0.8399 pEnt=2.899 pIllM=0.0192 playedP=0.145 pW=0.46 pD=0.07 pL=0.47 vAbs=0.199 pLogitMean=-8.8961 vLogitMean=0.5903 gNorm=0.321 lr=0.821 ms=5267.0 buf=500000 plies=269031021 games=4058585 rejected=0 skipped=0 epoch=0 mom=0.8526 lrCyc[pk=9.7e-01,tr=9.9e-04] trainerStep=31500
[LAYER-HEALTH] live trainerStep=31500 scope=batch_norm_state_only reluSites=2/10 ch=144 dead=22 off=7 alwaysOn=0 worst=policy.pre_bn(dead 20 off 6 on 0) maxBetaOverGamma=+1.69@policy.pre_bn[96] minBetaOverGamma=-35.07@policy.pre_bn[116] rvMaxOverMedian=9678.9@blocks.1.bn1[76] rezero=none nonFinite=0
[REPLAY] step=31550 loss=3.6868 pLoss=2.8523 vLoss=0.8172 pEnt=2.900 pIllM=0.0173 playedP=0.143 pW=0.47 pD=0.07 pL=0.46 vAbs=0.214 pLogitMean=-8.9063 vLogitMean=0.5929 gNorm=0.414 lr=0.793 ms=3815.7 buf=500000 plies=269457704 games=4065032 rejected=0 skipped=0 epoch=0 mom=0.8531 lrCyc[pk=9.7e-01,tr=9.9e-04] trainerStep=31550
[LAYER-HEALTH] live trainerStep=31550 scope=batch_norm_state_only reluSites=2/10 ch=144 dead=22 off=7 alwaysOn=0 worst=policy.pre_bn(dead 20 off 6 on 0) maxBetaOverGamma=+1.69@policy.pre_bn[96] minBetaOverGamma=-35.58@policy.pre_bn[116] rvMaxOverMedian=9439.3@blocks.1.bn1[76] rezero=none nonFinite=0
[REPLAY] step=31600 loss=3.6954 pLoss=2.8602 vLoss=0.8181 pEnt=2.918 pIllM=0.0171 playedP=0.140 pW=0.47 pD=0.07 pL=0.46 vAbs=0.193 pLogitMean=-8.9026 vLogitMean=0.5920 gNorm=0.326 lr=0.763 ms=4180.5 buf=500000 plies=269884340 games=4071504 rejected=0 skipped=0 epoch=0 mom=0.8537 lrCyc[pk=9.7e-01,tr=9.9e-04] trainerStep=31600
[LAYER-HEALTH] live trainerStep=31600 scope=batch_norm_state_only reluSites=2/10 ch=144 dead=22 off=7 alwaysOn=0 worst=policy.pre_bn(dead 20 off 6 on 0) maxBetaOverGamma=+1.73@policy.pre_bn[96] minBetaOverGamma=-35.78@policy.pre_bn[116] rvMaxOverMedian=9316.4@blocks.1.bn1[76] rezero=none nonFinite=0
[REPLAY] step=31650 loss=3.6716 pLoss=2.8318 vLoss=0.8258 pEnt=2.907 pIllM=0.0141 playedP=0.144 pW=0.47 pD=0.07 pL=0.45 vAbs=0.222 pLogitMean=-8.8881 vLogitMean=0.5909 gNorm=0.301 lr=0.732 ms=3685.1 buf=500000 plies=270310970 games=4077879 rejected=0 skipped=0 epoch=0 mom=0.8543 lrCyc[pk=9.7e-01,tr=9.9e-04] trainerStep=31650
[LAYER-HEALTH] live trainerStep=31650 scope=batch_norm_state_only reluSites=2/10 ch=144 dead=22 off=7 alwaysOn=0 worst=policy.pre_bn(dead 20 off 6 on 0) maxBetaOverGamma=+1.68@policy.pre_bn[96] minBetaOverGamma=-35.86@policy.pre_bn[116] rvMaxOverMedian=9349.6@blocks.1.bn1[76] rezero=none nonFinite=0
[REPLAY] step=31700 loss=3.7205 pLoss=2.8599 vLoss=0.8447 pEnt=2.934 pIllM=0.0159 playedP=0.140 pW=0.45 pD=0.08 pL=0.47 vAbs=0.222 pLogitMean=-8.9089 vLogitMean=0.5933 gNorm=0.344 lr=0.7 ms=3179.2 buf=500000 plies=270737670 games=4084342 rejected=0 skipped=0 epoch=0 mom=0.8549 lrCyc[pk=9.7e-01,tr=9.9e-04] trainerStep=31700
[LAYER-HEALTH] live trainerStep=31700 scope=batch_norm_state_only reluSites=2/10 ch=144 dead=22 off=7 alwaysOn=0 worst=policy.pre_bn(dead 20 off 6 on 0) maxBetaOverGamma=+1.72@policy.pre_bn[96] minBetaOverGamma=-36.22@policy.pre_bn[116] rvMaxOverMedian=9408.7@blocks.1.bn1[76] rezero=none nonFinite=0
[REPLAY] step=31750 loss=3.6715 pLoss=2.8257 vLoss=0.8316 pEnt=2.894 pIllM=0.0142 playedP=0.150 pW=0.48 pD=0.07 pL=0.45 vAbs=0.222 pLogitMean=-8.9134 vLogitMean=0.5915 gNorm=0.290 lr=0.668 ms=4092.2 buf=500000 plies=271164306 games=4090758 rejected=0 skipped=0 epoch=0 mom=0.8556 lrCyc[pk=9.7e-01,tr=9.9e-04] trainerStep=31750
[LAYER-HEALTH] live trainerStep=31750 scope=batch_norm_state_only reluSites=2/10 ch=144 dead=22 off=8 alwaysOn=0 worst=policy.pre_bn(dead 20 off 6 on 0) maxBetaOverGamma=+1.71@policy.pre_bn[96] minBetaOverGamma=-36.36@policy.pre_bn[116] rvMaxOverMedian=9273.6@blocks.1.bn1[76] rezero=none nonFinite=0
[REPLAY] step=31800 loss=3.6794 pLoss=2.8521 vLoss=0.8140 pEnt=2.905 pIllM=0.0133 playedP=0.146 pW=0.46 pD=0.07 pL=0.47 vAbs=0.201 pLogitMean=-8.9062 vLogitMean=0.5941 gNorm=0.291 lr=0.635 ms=3571.1 buf=500000 plies=271590937 games=4097224 rejected=0 skipped=0 epoch=0 mom=0.8563 lrCyc[pk=9.7e-01,tr=9.9e-04] trainerStep=31800
[LAYER-HEALTH] live trainerStep=31800 scope=batch_norm_state_only reluSites=2/10 ch=144 dead=22 off=8 alwaysOn=0 worst=policy.pre_bn(dead 20 off 6 on 0) maxBetaOverGamma=+1.67@policy.pre_bn[96] minBetaOverGamma=-36.35@policy.pre_bn[116] rvMaxOverMedian=9547.3@blocks.1.bn1[76] rezero=none nonFinite=0
[REPLAY] step=31850 loss=3.6518 pLoss=2.8304 vLoss=0.8095 pEnt=2.905 pIllM=0.0119 playedP=0.146 pW=0.47 pD=0.07 pL=0.46 vAbs=0.210 pLogitMean=-8.9166 vLogitMean=0.5946 gNorm=0.303 lr=0.601 ms=4709.8 buf=500000 plies=272017669 games=4103648 rejected=0 skipped=0 epoch=0 mom=0.8571 lrCyc[pk=9.7e-01,tr=9.9e-04] trainerStep=31850
[LAYER-HEALTH] live trainerStep=31850 scope=batch_norm_state_only reluSites=2/10 ch=144 dead=22 off=8 alwaysOn=0 worst=policy.pre_bn(dead 20 off 6 on 0) maxBetaOverGamma=+1.73@policy.pre_bn[96] minBetaOverGamma=-36.58@policy.pre_bn[116] rvMaxOverMedian=9622.6@blocks.1.bn1[76] rezero=none nonFinite=0
[REPLAY] step=31900 loss=3.6306 pLoss=2.8119 vLoss=0.8056 pEnt=2.883 pIllM=0.0131 playedP=0.148 pW=0.45 pD=0.07 pL=0.48 vAbs=0.204 pLogitMean=-8.9156 vLogitMean=0.5928 gNorm=0.315 lr=0.568 ms=3468.1 buf=500000 plies=272444233 games=4110073 rejected=0 skipped=0 epoch=0 mom=0.8579 lrCyc[pk=9.7e-01,tr=9.9e-04] trainerStep=31900
[LAYER-HEALTH] live trainerStep=31900 scope=batch_norm_state_only reluSites=2/10 ch=144 dead=22 off=8 alwaysOn=0 worst=policy.pre_bn(dead 20 off 6 on 0) maxBetaOverGamma=+1.74@policy.pre_bn[96] minBetaOverGamma=-36.94@policy.pre_bn[40] rvMaxOverMedian=9522.3@blocks.1.bn1[76] rezero=none nonFinite=0
[REPLAY] step=31950 loss=3.6481 pLoss=2.8259 vLoss=0.8096 pEnt=2.888 pIllM=0.0127 playedP=0.148 pW=0.48 pD=0.07 pL=0.46 vAbs=0.226 pLogitMean=-8.9010 vLogitMean=0.5921 gNorm=0.331 lr=0.536 ms=3876.4 buf=500000 plies=272870956 games=4116465 rejected=0 skipped=0 epoch=0 mom=0.8588 lrCyc[pk=9.7e-01,tr=9.9e-04] trainerStep=31950
[LAYER-HEALTH] live trainerStep=31950 scope=batch_norm_state_only reluSites=2/10 ch=144 dead=22 off=7 alwaysOn=0 worst=policy.pre_bn(dead 20 off 5 on 0) maxBetaOverGamma=+1.70@policy.pre_bn[96] minBetaOverGamma=-37.74@policy.pre_bn[40] rvMaxOverMedian=9652.3@blocks.1.bn1[76] rezero=none nonFinite=0
[REPLAY] step=32000 loss=3.6522 pLoss=2.8349 vLoss=0.8058 pEnt=2.918 pIllM=0.0115 playedP=0.144 pW=0.47 pD=0.07 pL=0.46 vAbs=0.227 pLogitMean=-8.9321 vLogitMean=0.5878 gNorm=0.296 lr=0.503 ms=3225.5 buf=500000 plies=273297555 games=4122972 rejected=0 skipped=0 epoch=0 mom=0.8597 lrCyc[pk=9.7e-01,tr=9.9e-04] trainerStep=32000
[LAYER-HEALTH] live trainerStep=32000 scope=batch_norm_state_only reluSites=2/10 ch=144 dead=22 off=7 alwaysOn=0 worst=policy.pre_bn(dead 20 off 5 on 0) maxBetaOverGamma=+1.76@policy.pre_bn[96] minBetaOverGamma=-38.06@policy.pre_bn[40] rvMaxOverMedian=9663.2@blocks.1.bn1[76] rezero=none nonFinite=0
[REPLAY] saved trainer model (autosave) step=32000 trainerStep=32000 nextGame=4122972 shard=9 epoch=0 -> 20261005-lrBsilu-cyc1-replay-latest.safetensors
[LAYER-HEALTH] checkpoint replay-autosave step=32000 trainerStep=32000 scope=all_tensors reluSites=2/10 ch=144 dead=22 off=7 alwaysOn=0 worst=policy.pre_bn(dead 20 off 5 on 0) maxBetaOverGamma=+1.76@policy.pre_bn[96] minBetaOverGamma=-38.06@policy.pre_bn[40] rvMaxOverMedian=9663.2@blocks.1.bn1[76] rezero=none nonFinite=0 seZeroVel=none valueFC1ZeroVel=0/128 maxAbs=1537@blocks.0.bn2.running_var
[LAYER-HEALTH]   batch-norm sites — β/|γ|: dead < -3.00, mostly off < -2.00, always on > +3.00; classified for relu/leaky_relu only
[LAYER-HEALTH]     site            act            ch   dead    off     on  zeroγ nonfin  min β/|γ| [ch]     max β/|γ| [ch]     rv max/median [ch]
[LAYER-HEALTH]     stem.bn         -             128    n/a    n/a    n/a      0      0     -7.72 [40]         +0.45 [102]          18.5 [43]
[LAYER-HEALTH]     blocks.0.bn1    silu          128    n/a    n/a    n/a      0      0   -234.86 [34]         +0.36 [35]            8.9 [35]
[LAYER-HEALTH]     blocks.0.bn2    silu          128    n/a    n/a    n/a      0      0    -45.08 [36]        +35.17 [3]           305.5 [48]
[LAYER-HEALTH]     blocks.1.bn1    silu          128    n/a    n/a    n/a      0      0  -7986.73 [105]        +2.04 [67]         9663.2 [76]
[LAYER-HEALTH]     blocks.1.bn2    silu          128    n/a    n/a    n/a      0      0    -12.86 [103]        +1.76 [37]           20.2 [86]
[LAYER-HEALTH]     blocks.2.bn1    silu          128    n/a    n/a    n/a      0      0    -30.76 [24]         +1.95 [22]         6953.2 [76]
[LAYER-HEALTH]     blocks.2.bn2    silu          128    n/a    n/a    n/a      0      0     -6.99 [24]        +12.19 [113]           6.2 [72]
[LAYER-HEALTH]     tower_final_bn  silu          128    n/a    n/a    n/a      0      0     -1.18 [64]         +2.61 [47]           17.4 [31]
[LAYER-HEALTH]     policy.pre_bn   leaky_relu    128     20      5      0      0      0    -38.06 [40]         +1.76 [96]            6.8 [108]
[LAYER-HEALTH]     value.bn        leaky_relu     16      2      2      0      0      0     -4.66 [10]         -0.68 [0]             3.0 [3]
[LAYER-HEALTH]   FC hidden-unit velocity — zero: every weight-velocity entry exactly 0; low: nonzero but < 5% of the layer's p90 unit norm
[LAYER-HEALTH]     value.fc1.weight  leaky_relu  units 128  zero 0  low 47  median unit norm 0.002097
[LAYER-HEALTH]     (no SE blocks)
[LAYER-HEALTH]   ReZero: none
[LAYER-HEALTH]   non-finite: 0 values in 0 of 102 tensors (10263038 values examined)
[LAYER-HEALTH]   largest |value|: blocks.0.bn2.running_var 1537, blocks.1.bn1.running_var 839.7, blocks.2.bn1.running_var 442.7, blocks.1.bn2.running_var 231.2, blocks.2.bn1.running_mean 201.3
[REPLAY] enumerated checkpoint -> 20261005-lrBsilu-cyc1-replay-step32000.safetensors
[REPLAY] step=32050 loss=3.6674 pLoss=2.8446 vLoss=0.8121 pEnt=2.954 pIllM=0.0106 playedP=0.139 pW=0.47 pD=0.07 pL=0.47 vAbs=0.210 pLogitMean=-8.9390 vLogitMean=0.5905 gNorm=0.290 lr=0.471 ms=3878.7 buf=500000 plies=273724200 games=4129418 rejected=0 skipped=0 epoch=0 mom=0.8606 lrCyc[pk=9.7e-01,tr=9.9e-04] trainerStep=32050
[LAYER-HEALTH] live trainerStep=32050 scope=batch_norm_state_only reluSites=2/10 ch=144 dead=22 off=7 alwaysOn=0 worst=policy.pre_bn(dead 20 off 5 on 0) maxBetaOverGamma=+1.73@policy.pre_bn[96] minBetaOverGamma=-38.95@policy.pre_bn[40] rvMaxOverMedian=9752.5@blocks.1.bn1[76] rezero=none nonFinite=0
[REPLAY] step=32100 loss=3.6958 pLoss=2.8609 vLoss=0.8240 pEnt=2.928 pIllM=0.0110 playedP=0.144 pW=0.49 pD=0.07 pL=0.44 vAbs=0.226 pLogitMean=-8.9372 vLogitMean=0.5935 gNorm=0.300 lr=0.441 ms=3145.5 buf=500000 plies=274150879 games=4135858 rejected=0 skipped=0 epoch=0 mom=0.8616 lrCyc[pk=9.7e-01,tr=9.9e-04] trainerStep=32100
[LAYER-HEALTH] live trainerStep=32100 scope=batch_norm_state_only reluSites=2/10 ch=144 dead=22 off=7 alwaysOn=0 worst=policy.pre_bn(dead 20 off 5 on 0) maxBetaOverGamma=+1.69@policy.pre_bn[96] minBetaOverGamma=-40.04@policy.pre_bn[40] rvMaxOverMedian=9845.4@blocks.1.bn1[76] rezero=none nonFinite=0
[REPLAY] step=32150 loss=3.6492 pLoss=2.8184 vLoss=0.8195 pEnt=2.907 pIllM=0.0113 playedP=0.150 pW=0.49 pD=0.07 pL=0.45 vAbs=0.228 pLogitMean=-8.9452 vLogitMean=0.5929 gNorm=0.299 lr=0.411 ms=4080.9 buf=500000 plies=274577536 games=4142304 rejected=0 skipped=0 epoch=0 mom=0.8626 lrCyc[pk=9.7e-01,tr=9.9e-04] trainerStep=32150
[LAYER-HEALTH] live trainerStep=32150 scope=batch_norm_state_only reluSites=2/10 ch=144 dead=22 off=7 alwaysOn=0 worst=policy.pre_bn(dead 20 off 5 on 0) maxBetaOverGamma=+1.73@policy.pre_bn[96] minBetaOverGamma=-40.78@policy.pre_bn[40] rvMaxOverMedian=9961.2@blocks.1.bn1[76] rezero=none nonFinite=0
[REPLAY] step=32200 loss=3.6365 pLoss=2.8106 vLoss=0.8155 pEnt=2.900 pIllM=0.0103 playedP=0.149 pW=0.48 pD=0.07 pL=0.46 vAbs=0.220 pLogitMean=-8.9305 vLogitMean=0.5915 gNorm=0.307 lr=0.382 ms=2896.6 buf=500000 plies=275004204 games=4148763 rejected=0 skipped=0 epoch=0 mom=0.8637 lrCyc[pk=9.7e-01,tr=9.9e-04] trainerStep=32200
[LAYER-HEALTH] live trainerStep=32200 scope=batch_norm_state_only reluSites=2/10 ch=144 dead=22 off=7 alwaysOn=0 worst=policy.pre_bn(dead 20 off 5 on 0) maxBetaOverGamma=+1.71@policy.pre_bn[96] minBetaOverGamma=-41.55@policy.pre_bn[40] rvMaxOverMedian=9888.9@blocks.1.bn1[76] rezero=none nonFinite=0
[REPLAY] step=32250 loss=3.6052 pLoss=2.7846 vLoss=0.8100 pEnt=2.921 pIllM=0.0107 playedP=0.149 pW=0.46 pD=0.06 pL=0.48 vAbs=0.226 pLogitMean=-8.9003 vLogitMean=0.5940 gNorm=0.274 lr=0.354 ms=3470.7 buf=500000 plies=275430833 games=4155242 rejected=0 skipped=0 epoch=0 mom=0.8648 lrCyc[pk=9.7e-01,tr=9.9e-04] trainerStep=32250
[LAYER-HEALTH] live trainerStep=32250 scope=batch_norm_state_only reluSites=2/10 ch=144 dead=22 off=7 alwaysOn=0 worst=policy.pre_bn(dead 20 off 5 on 0) maxBetaOverGamma=+1.70@policy.pre_bn[96] minBetaOverGamma=-43.01@policy.pre_bn[40] rvMaxOverMedian=9934.6@blocks.1.bn1[76] rezero=none nonFinite=0
[REPLAY] step=32300 loss=3.6479 pLoss=2.8272 vLoss=0.8103 pEnt=2.905 pIllM=0.0104 playedP=0.152 pW=0.48 pD=0.06 pL=0.46 vAbs=0.224 pLogitMean=-8.9184 vLogitMean=0.5949 gNorm=0.273 lr=0.328 ms=3154.0 buf=500000 plies=275857463 games=4161722 rejected=0 skipped=0 epoch=0 mom=0.8659 lrCyc[pk=9.7e-01,tr=9.9e-04] trainerStep=32300
[LAYER-HEALTH] live trainerStep=32300 scope=batch_norm_state_only reluSites=2/10 ch=144 dead=22 off=7 alwaysOn=0 worst=policy.pre_bn(dead 20 off 5 on 0) maxBetaOverGamma=+1.71@policy.pre_bn[96] minBetaOverGamma=-43.55@policy.pre_bn[40] rvMaxOverMedian=10149.4@blocks.1.bn1[76] rezero=none nonFinite=0
[REPLAY] step=32350 loss=3.6738 pLoss=2.8360 vLoss=0.8280 pEnt=2.922 pIllM=0.0098 playedP=0.145 pW=0.47 pD=0.06 pL=0.47 vAbs=0.212 pLogitMean=-8.9242 vLogitMean=0.5923 gNorm=0.307 lr=0.302 ms=4615.7 buf=500000 plies=276284077 games=4168140 rejected=0 skipped=0 epoch=0 mom=0.8671 lrCyc[pk=9.7e-01,tr=9.9e-04] trainerStep=32350
[LAYER-HEALTH] live trainerStep=32350 scope=batch_norm_state_only reluSites=2/10 ch=144 dead=22 off=7 alwaysOn=0 worst=policy.pre_bn(dead 20 off 5 on 0) maxBetaOverGamma=+1.72@policy.pre_bn[96] minBetaOverGamma=-44.31@policy.pre_bn[40] rvMaxOverMedian=10066.5@blocks.1.bn1[76] rezero=none nonFinite=0
[REPLAY] step=32400 loss=3.6320 pLoss=2.8090 vLoss=0.8143 pEnt=2.899 pIllM=0.0087 playedP=0.152 pW=0.47 pD=0.07 pL=0.46 vAbs=0.232 pLogitMean=-8.8993 vLogitMean=0.5927 gNorm=0.318 lr=0.278 ms=2687.5 buf=500000 plies=276710768 games=4174564 rejected=0 skipped=0 epoch=0 mom=0.8683 lrCyc[pk=9.7e-01,tr=9.9e-04] trainerStep=32400
[LAYER-HEALTH] live trainerStep=32400 scope=batch_norm_state_only reluSites=2/10 ch=144 dead=22 off=7 alwaysOn=0 worst=policy.pre_bn(dead 20 off 5 on 0) maxBetaOverGamma=+1.72@policy.pre_bn[96] minBetaOverGamma=-45.65@policy.pre_bn[40] rvMaxOverMedian=10232.2@blocks.1.bn1[76] rezero=none nonFinite=0
[REPLAY] step=32450 loss=3.6057 pLoss=2.7917 vLoss=0.8046 pEnt=2.917 pIllM=0.0095 playedP=0.149 pW=0.47 pD=0.07 pL=0.46 vAbs=0.222 pLogitMean=-8.8937 vLogitMean=0.5945 gNorm=0.299 lr=0.256 ms=3124.2 buf=500000 plies=277137386 games=4181023 rejected=0 skipped=0 epoch=0 mom=0.8695 lrCyc[pk=9.7e-01,tr=9.9e-04] trainerStep=32450
[LAYER-HEALTH] live trainerStep=32450 scope=batch_norm_state_only reluSites=2/10 ch=144 dead=22 off=7 alwaysOn=0 worst=policy.pre_bn(dead 20 off 5 on 0) maxBetaOverGamma=+1.73@policy.pre_bn[96] minBetaOverGamma=-46.72@policy.pre_bn[40] rvMaxOverMedian=10224.5@blocks.1.bn1[76] rezero=none nonFinite=0
[REPLAY] step=32500 loss=3.6425 pLoss=2.8030 vLoss=0.8311 pEnt=2.911 pIllM=0.0084 playedP=0.151 pW=0.47 pD=0.07 pL=0.46 vAbs=0.227 pLogitMean=-8.9122 vLogitMean=0.5925 gNorm=0.319 lr=0.235 ms=3148.1 buf=500000 plies=277564045 games=4187470 rejected=0 skipped=0 epoch=0 mom=0.8707 lrCyc[pk=9.7e-01,tr=9.9e-04] trainerStep=32500
[LAYER-HEALTH] live trainerStep=32500 scope=batch_norm_state_only reluSites=2/10 ch=144 dead=22 off=7 alwaysOn=0 worst=policy.pre_bn(dead 20 off 5 on 0) maxBetaOverGamma=+1.74@policy.pre_bn[96] minBetaOverGamma=-47.56@policy.pre_bn[40] rvMaxOverMedian=9943.7@blocks.1.bn1[76] rezero=none nonFinite=0
[REPLAY] step=32550 loss=3.6100 pLoss=2.7868 vLoss=0.8137 pEnt=2.908 pIllM=0.0094 playedP=0.148 pW=0.46 pD=0.07 pL=0.47 vAbs=0.225 pLogitMean=-8.9014 vLogitMean=0.5947 gNorm=0.351 lr=0.215 ms=3565.1 buf=500000 plies=277990689 games=4193841 rejected=0 skipped=0 epoch=0 mom=0.8720 lrCyc[pk=9.7e-01,tr=9.9e-04] trainerStep=32550
[LAYER-HEALTH] live trainerStep=32550 scope=batch_norm_state_only reluSites=2/10 ch=144 dead=22 off=7 alwaysOn=0 worst=policy.pre_bn(dead 20 off 5 on 0) maxBetaOverGamma=+1.74@policy.pre_bn[96] minBetaOverGamma=-48.40@policy.pre_bn[40] rvMaxOverMedian=9825.9@blocks.1.bn1[76] rezero=none nonFinite=0
[REPLAY] step=32600 loss=3.5790 pLoss=2.7633 vLoss=0.8074 pEnt=2.891 pIllM=0.0084 playedP=0.152 pW=0.46 pD=0.07 pL=0.47 vAbs=0.243 pLogitMean=-8.9047 vLogitMean=0.5954 gNorm=0.309 lr=0.196 ms=3744.2 buf=500000 plies=278417425 games=4200218 rejected=0 skipped=0 epoch=0 mom=0.8733 lrCyc[pk=9.7e-01,tr=9.9e-04] trainerStep=32600
[LAYER-HEALTH] live trainerStep=32600 scope=batch_norm_state_only reluSites=2/10 ch=144 dead=22 off=7 alwaysOn=0 worst=policy.pre_bn(dead 20 off 5 on 0) maxBetaOverGamma=+1.72@policy.pre_bn[96] minBetaOverGamma=-48.89@policy.pre_bn[40] rvMaxOverMedian=9864.4@blocks.1.bn1[76] rezero=none nonFinite=0
[REPLAY] step=32650 loss=3.6012 pLoss=2.7836 vLoss=0.8093 pEnt=2.890 pIllM=0.0083 playedP=0.158 pW=0.47 pD=0.07 pL=0.46 vAbs=0.234 pLogitMean=-8.9006 vLogitMean=0.5929 gNorm=0.291 lr=0.179 ms=4220.9 buf=500000 plies=278844032 games=4206675 rejected=0 skipped=0 epoch=0 mom=0.8747 lrCyc[pk=9.7e-01,tr=9.9e-04] trainerStep=32650
[LAYER-HEALTH] live trainerStep=32650 scope=batch_norm_state_only reluSites=2/10 ch=144 dead=22 off=7 alwaysOn=0 worst=policy.pre_bn(dead 20 off 5 on 0) maxBetaOverGamma=+1.73@policy.pre_bn[96] minBetaOverGamma=-49.46@policy.pre_bn[40] rvMaxOverMedian=9852.5@blocks.1.bn1[76] rezero=none nonFinite=0
[REPLAY] step=32700 loss=3.6173 pLoss=2.8015 vLoss=0.8082 pEnt=2.920 pIllM=0.0076 playedP=0.151 pW=0.47 pD=0.06 pL=0.47 vAbs=0.230 pLogitMean=-8.9064 vLogitMean=0.5944 gNorm=0.304 lr=0.163 ms=3954.8 buf=500000 plies=279270647 games=4213075 rejected=0 skipped=0 epoch=0 mom=0.8760 lrCyc[pk=9.7e-01,tr=9.9e-04] trainerStep=32700
[LAYER-HEALTH] live trainerStep=32700 scope=batch_norm_state_only reluSites=2/10 ch=144 dead=22 off=7 alwaysOn=0 worst=policy.pre_bn(dead 20 off 5 on 0) maxBetaOverGamma=+1.74@policy.pre_bn[96] minBetaOverGamma=-49.78@policy.pre_bn[40] rvMaxOverMedian=9810.2@blocks.1.bn1[76] rezero=none nonFinite=0
[REPLAY] step=32750 loss=3.6222 pLoss=2.7958 vLoss=0.8183 pEnt=2.880 pIllM=0.0082 playedP=0.156 pW=0.48 pD=0.07 pL=0.45 vAbs=0.221 pLogitMean=-8.8940 vLogitMean=0.5948 gNorm=0.291 lr=0.148 ms=4168.3 buf=500000 plies=279697398 games=4219509 rejected=0 skipped=0 epoch=0 mom=0.8774 lrCyc[pk=9.7e-01,tr=9.9e-04] trainerStep=32750
[LAYER-HEALTH] live trainerStep=32750 scope=batch_norm_state_only reluSites=2/10 ch=144 dead=22 off=7 alwaysOn=0 worst=policy.pre_bn(dead 20 off 5 on 0) maxBetaOverGamma=+1.73@policy.pre_bn[96] minBetaOverGamma=-50.46@policy.pre_bn[40] rvMaxOverMedian=9684.3@blocks.1.bn1[76] rezero=none nonFinite=0
[REPLAY] step=32800 loss=3.6018 pLoss=2.7847 vLoss=0.8091 pEnt=2.893 pIllM=0.0080 playedP=0.154 pW=0.47 pD=0.06 pL=0.46 vAbs=0.224 pLogitMean=-8.9101 vLogitMean=0.5934 gNorm=0.295 lr=0.134 ms=3994.5 buf=500000 plies=280123967 games=4225921 rejected=0 skipped=0 epoch=0 mom=0.8788 lrCyc[pk=9.7e-01,tr=9.9e-04] trainerStep=32800
[LAYER-HEALTH] live trainerStep=32800 scope=batch_norm_state_only reluSites=2/10 ch=144 dead=22 off=7 alwaysOn=0 worst=policy.pre_bn(dead 20 off 5 on 0) maxBetaOverGamma=+1.74@policy.pre_bn[96] minBetaOverGamma=-51.04@policy.pre_bn[40] rvMaxOverMedian=9643.4@blocks.1.bn1[76] rezero=none nonFinite=0
[REPLAY] step=32850 loss=3.6289 pLoss=2.8006 vLoss=0.8208 pEnt=2.914 pIllM=0.0074 playedP=0.153 pW=0.47 pD=0.07 pL=0.46 vAbs=0.209 pLogitMean=-8.9109 vLogitMean=0.5954 gNorm=0.274 lr=0.122 ms=3547.3 buf=500000 plies=280550592 games=4232393 rejected=0 skipped=0 epoch=0 mom=0.8803 lrCyc[pk=9.7e-01,tr=9.9e-04] trainerStep=32850
[LAYER-HEALTH] live trainerStep=32850 scope=batch_norm_state_only reluSites=2/10 ch=144 dead=22 off=7 alwaysOn=0 worst=policy.pre_bn(dead 20 off 5 on 0) maxBetaOverGamma=+1.73@policy.pre_bn[96] minBetaOverGamma=-51.82@policy.pre_bn[40] rvMaxOverMedian=9637.6@blocks.1.bn1[76] rezero=none nonFinite=0
[REPLAY] step=32900 loss=3.5727 pLoss=2.7722 vLoss=0.7934 pEnt=2.914 pIllM=0.0071 playedP=0.152 pW=0.48 pD=0.06 pL=0.46 vAbs=0.244 pLogitMean=-8.9073 vLogitMean=0.5933 gNorm=0.276 lr=0.11 ms=3294.3 buf=500000 plies=280977308 games=4238871 rejected=0 skipped=0 epoch=0 mom=0.8817 lrCyc[pk=9.7e-01,tr=9.9e-04] trainerStep=32900
[LAYER-HEALTH] live trainerStep=32900 scope=batch_norm_state_only reluSites=2/10 ch=144 dead=22 off=7 alwaysOn=0 worst=policy.pre_bn(dead 20 off 5 on 0) maxBetaOverGamma=+1.74@policy.pre_bn[96] minBetaOverGamma=-52.44@policy.pre_bn[40] rvMaxOverMedian=9627.8@blocks.1.bn1[76] rezero=none nonFinite=0
[REPLAY] step=32950 loss=3.6001 pLoss=2.8006 vLoss=0.7927 pEnt=2.904 pIllM=0.0069 playedP=0.155 pW=0.48 pD=0.06 pL=0.46 vAbs=0.238 pLogitMean=-8.9154 vLogitMean=0.5930 gNorm=0.282 lr=0.0994 ms=3614.4 buf=500000 plies=281403962 games=4245340 rejected=0 skipped=0 epoch=0 mom=0.8832 lrCyc[pk=9.7e-01,tr=9.9e-04] trainerStep=32950
[LAYER-HEALTH] live trainerStep=32950 scope=batch_norm_state_only reluSites=2/10 ch=144 dead=22 off=7 alwaysOn=0 worst=policy.pre_bn(dead 20 off 5 on 0) maxBetaOverGamma=+1.74@policy.pre_bn[96] minBetaOverGamma=-53.02@policy.pre_bn[40] rvMaxOverMedian=9523.4@blocks.1.bn1[76] rezero=none nonFinite=0
[REPLAY] step=33000 loss=3.5862 pLoss=2.7739 vLoss=0.8050 pEnt=2.906 pIllM=0.0072 playedP=0.153 pW=0.45 pD=0.07 pL=0.48 vAbs=0.220 pLogitMean=-8.9117 vLogitMean=0.5941 gNorm=0.280 lr=0.0897 ms=3840.8 buf=500000 plies=281830524 games=4251788 rejected=0 skipped=0 epoch=0 mom=0.8847 lrCyc[pk=9.7e-01,tr=9.9e-04] trainerStep=33000
[LAYER-HEALTH] live trainerStep=33000 scope=batch_norm_state_only reluSites=2/10 ch=144 dead=22 off=7 alwaysOn=0 worst=policy.pre_bn(dead 20 off 5 on 0) maxBetaOverGamma=+1.76@policy.pre_bn[96] minBetaOverGamma=-53.27@policy.pre_bn[40] rvMaxOverMedian=9423.7@blocks.1.bn1[76] rezero=none nonFinite=0
[REPLAY] saved trainer model (autosave) step=33000 trainerStep=33000 nextGame=4251788 shard=9 epoch=0 -> 20261005-lrBsilu-cyc1-replay-latest.safetensors
[LAYER-HEALTH] checkpoint replay-autosave step=33000 trainerStep=33000 scope=all_tensors reluSites=2/10 ch=144 dead=22 off=7 alwaysOn=0 worst=policy.pre_bn(dead 20 off 5 on 0) maxBetaOverGamma=+1.76@policy.pre_bn[96] minBetaOverGamma=-53.27@policy.pre_bn[40] rvMaxOverMedian=9423.7@blocks.1.bn1[76] rezero=none nonFinite=0 seZeroVel=none valueFC1ZeroVel=0/128 maxAbs=1221@blocks.0.bn2.running_var
[LAYER-HEALTH]   batch-norm sites — β/|γ|: dead < -3.00, mostly off < -2.00, always on > +3.00; classified for relu/leaky_relu only
[LAYER-HEALTH]     site            act            ch   dead    off     on  zeroγ nonfin  min β/|γ| [ch]     max β/|γ| [ch]     rv max/median [ch]
[LAYER-HEALTH]     stem.bn         -             128    n/a    n/a    n/a      0      0     -9.13 [40]         +0.45 [102]          19.2 [43]
[LAYER-HEALTH]     blocks.0.bn1    silu          128    n/a    n/a    n/a      0      0  -1672.89 [34]         +0.38 [35]            9.0 [35]
[LAYER-HEALTH]     blocks.0.bn2    silu          128    n/a    n/a    n/a      0      0    -45.75 [36]        +35.14 [3]           296.7 [48]
[LAYER-HEALTH]     blocks.1.bn1    silu          128    n/a    n/a    n/a      0      0  -2833.37 [105]        +2.01 [67]         9423.7 [76]
[LAYER-HEALTH]     blocks.1.bn2    silu          128    n/a    n/a    n/a      0      0    -12.93 [103]        +1.78 [37]           18.7 [86]
[LAYER-HEALTH]     blocks.2.bn1    silu          128    n/a    n/a    n/a      0      0    -32.47 [24]         +2.03 [22]         7276.1 [76]
[LAYER-HEALTH]     blocks.2.bn2    silu          128    n/a    n/a    n/a      0      0     -7.16 [24]        +20.01 [113]           6.7 [72]
[LAYER-HEALTH]     tower_final_bn  silu          128    n/a    n/a    n/a      0      0     -1.17 [64]         +2.70 [47]           17.6 [31]
[LAYER-HEALTH]     policy.pre_bn   leaky_relu    128     20      5      0      0      0    -53.27 [40]         +1.76 [96]            6.6 [63]
[LAYER-HEALTH]     value.bn        leaky_relu     16      2      2      0      0      0     -4.64 [10]         -0.65 [3]             3.0 [3]
[LAYER-HEALTH]   FC hidden-unit velocity — zero: every weight-velocity entry exactly 0; low: nonzero but < 5% of the layer's p90 unit norm
[LAYER-HEALTH]     value.fc1.weight  leaky_relu  units 128  zero 0  low 46  median unit norm 0.003217
[LAYER-HEALTH]     (no SE blocks)
[LAYER-HEALTH]   ReZero: none
[LAYER-HEALTH]   non-finite: 0 values in 0 of 102 tensors (10263038 values examined)
[LAYER-HEALTH]   largest |value|: blocks.0.bn2.running_var 1221, blocks.1.bn1.running_var 783.6, blocks.2.bn1.running_var 441.3, blocks.2.bn1.running_mean 198.3, blocks.1.bn2.running_var 172
[REPLAY] enumerated checkpoint -> 20261005-lrBsilu-cyc1-replay-step33000.safetensors
[REPLAY] step=33050 loss=3.5990 pLoss=2.7720 vLoss=0.8202 pEnt=2.894 pIllM=0.0069 playedP=0.154 pW=0.47 pD=0.07 pL=0.46 vAbs=0.235 pLogitMean=-8.9147 vLogitMean=0.5951 gNorm=0.284 lr=0.0809 ms=3831.0 buf=500000 plies=282257247 games=4258182 rejected=0 skipped=0 epoch=0 mom=0.8862 lrCyc[pk=9.7e-01,tr=9.9e-04] trainerStep=33050
[LAYER-HEALTH] live trainerStep=33050 scope=batch_norm_state_only reluSites=2/10 ch=144 dead=22 off=7 alwaysOn=0 worst=policy.pre_bn(dead 20 off 5 on 0) maxBetaOverGamma=+1.76@policy.pre_bn[96] minBetaOverGamma=-53.60@policy.pre_bn[40] rvMaxOverMedian=9300.2@blocks.1.bn1[76] rezero=none nonFinite=0
[REPLAY] step=33100 loss=3.5971 pLoss=2.7875 vLoss=0.8030 pEnt=2.909 pIllM=0.0067 playedP=0.153 pW=0.47 pD=0.07 pL=0.46 vAbs=0.217 pLogitMean=-8.9178 vLogitMean=0.5944 gNorm=0.271 lr=0.0729 ms=4007.6 buf=500000 plies=282683833 games=4264632 rejected=0 skipped=0 epoch=0 mom=0.8877 lrCyc[pk=9.7e-01,tr=9.9e-04] trainerStep=33100
[LAYER-HEALTH] live trainerStep=33100 scope=batch_norm_state_only reluSites=2/10 ch=144 dead=22 off=7 alwaysOn=0 worst=policy.pre_bn(dead 20 off 5 on 0) maxBetaOverGamma=+1.74@policy.pre_bn[96] minBetaOverGamma=-53.93@policy.pre_bn[40] rvMaxOverMedian=9113.9@blocks.1.bn1[76] rezero=none nonFinite=0
[REPLAY] step=33150 loss=3.5717 pLoss=2.7623 vLoss=0.8037 pEnt=2.908 pIllM=0.0057 playedP=0.154 pW=0.47 pD=0.06 pL=0.46 vAbs=0.224 pLogitMean=-8.9222 vLogitMean=0.5942 gNorm=0.293 lr=0.0656 ms=3672.0 buf=500000 plies=283110480 games=4271140 rejected=0 skipped=0 epoch=0 mom=0.8892 lrCyc[pk=9.7e-01,tr=9.9e-04] trainerStep=33150
[LAYER-HEALTH] live trainerStep=33150 scope=batch_norm_state_only reluSites=2/10 ch=144 dead=22 off=7 alwaysOn=0 worst=policy.pre_bn(dead 20 off 5 on 0) maxBetaOverGamma=+1.74@policy.pre_bn[96] minBetaOverGamma=-54.38@policy.pre_bn[40] rvMaxOverMedian=9121.4@blocks.1.bn1[76] rezero=none nonFinite=0
[REPLAY] step=33200 loss=3.6215 pLoss=2.8134 vLoss=0.8022 pEnt=2.908 pIllM=0.0059 playedP=0.154 pW=0.47 pD=0.06 pL=0.47 vAbs=0.224 pLogitMean=-8.9244 vLogitMean=0.5940 gNorm=0.300 lr=0.059 ms=3389.8 buf=500000 plies=283537145 games=4277593 rejected=0 skipped=0 epoch=0 mom=0.8907 lrCyc[pk=9.7e-01,tr=9.9e-04] trainerStep=33200
[LAYER-HEALTH] live trainerStep=33200 scope=batch_norm_state_only reluSites=2/10 ch=144 dead=22 off=7 alwaysOn=0 worst=policy.pre_bn(dead 20 off 5 on 0) maxBetaOverGamma=+1.73@policy.pre_bn[96] minBetaOverGamma=-54.69@policy.pre_bn[40] rvMaxOverMedian=9162.6@blocks.1.bn1[76] rezero=none nonFinite=0
[REPLAY] step=33250 loss=3.6287 pLoss=2.7999 vLoss=0.8222 pEnt=2.906 pIllM=0.0067 playedP=0.154 pW=0.47 pD=0.07 pL=0.45 vAbs=0.220 pLogitMean=-8.9176 vLogitMean=0.5936 gNorm=0.306 lr=0.053 ms=3937.9 buf=500000 plies=283963822 games=4284053 rejected=0 skipped=0 epoch=0 mom=0.8923 lrCyc[pk=9.7e-01,tr=9.9e-04] trainerStep=33250
[LAYER-HEALTH] live trainerStep=33250 scope=batch_norm_state_only reluSites=2/10 ch=144 dead=22 off=7 alwaysOn=0 worst=policy.pre_bn(dead 20 off 5 on 0) maxBetaOverGamma=+1.73@policy.pre_bn[96] minBetaOverGamma=-55.12@policy.pre_bn[40] rvMaxOverMedian=9113.3@blocks.1.bn1[76] rezero=none nonFinite=0
[REPLAY] step=33300 loss=3.6146 pLoss=2.7962 vLoss=0.8121 pEnt=2.910 pIllM=0.0063 playedP=0.153 pW=0.47 pD=0.06 pL=0.46 vAbs=0.230 pLogitMean=-8.9215 vLogitMean=0.5930 gNorm=0.308 lr=0.0476 ms=3584.2 buf=500000 plies=284390429 games=4290531 rejected=0 skipped=0 epoch=0 mom=0.8938 lrCyc[pk=9.7e-01,tr=9.9e-04] trainerStep=33300
[LAYER-HEALTH] live trainerStep=33300 scope=batch_norm_state_only reluSites=2/10 ch=144 dead=22 off=7 alwaysOn=0 worst=policy.pre_bn(dead 20 off 5 on 0) maxBetaOverGamma=+1.74@policy.pre_bn[96] minBetaOverGamma=-55.35@policy.pre_bn[40] rvMaxOverMedian=9114.1@blocks.1.bn1[76] rezero=none nonFinite=0
[REPLAY] step=33350 loss=3.6343 pLoss=2.8132 vLoss=0.8142 pEnt=2.910 pIllM=0.0068 playedP=0.156 pW=0.48 pD=0.06 pL=0.45 vAbs=0.223 pLogitMean=-8.9136 vLogitMean=0.5921 gNorm=0.273 lr=0.0428 ms=3535.2 buf=500000 plies=284817170 games=4296971 rejected=0 skipped=0 epoch=0 mom=0.8954 lrCyc[pk=9.7e-01,tr=9.9e-04] trainerStep=33350
[LAYER-HEALTH] live trainerStep=33350 scope=batch_norm_state_only reluSites=2/10 ch=144 dead=22 off=7 alwaysOn=0 worst=policy.pre_bn(dead 20 off 5 on 0) maxBetaOverGamma=+1.74@policy.pre_bn[96] minBetaOverGamma=-55.54@policy.pre_bn[40] rvMaxOverMedian=9144.2@blocks.1.bn1[76] rezero=none nonFinite=0
[REPLAY] step=33400 loss=3.6153 pLoss=2.7832 vLoss=0.8266 pEnt=2.895 pIllM=0.0055 playedP=0.156 pW=0.47 pD=0.07 pL=0.46 vAbs=0.221 pLogitMean=-8.9167 vLogitMean=0.5963 gNorm=0.294 lr=0.0384 ms=3675.5 buf=500000 plies=285243725 games=4303337 rejected=0 skipped=0 epoch=0 mom=0.8969 lrCyc[pk=9.7e-01,tr=9.9e-04] trainerStep=33400
[LAYER-HEALTH] live trainerStep=33400 scope=batch_norm_state_only reluSites=2/10 ch=144 dead=22 off=7 alwaysOn=0 worst=policy.pre_bn(dead 20 off 5 on 0) maxBetaOverGamma=+1.74@policy.pre_bn[96] minBetaOverGamma=-55.84@policy.pre_bn[40] rvMaxOverMedian=9253.3@blocks.1.bn1[76] rezero=none nonFinite=0
[REPLAY] step=33450 loss=3.5654 pLoss=2.7458 vLoss=0.8129 pEnt=2.899 pIllM=0.0067 playedP=0.157 pW=0.47 pD=0.07 pL=0.47 vAbs=0.236 pLogitMean=-8.9110 vLogitMean=0.5947 gNorm=0.288 lr=0.0345 ms=3877.6 buf=500000 plies=285670464 games=4309758 rejected=0 skipped=0 epoch=0 mom=0.8985 lrCyc[pk=9.7e-01,tr=9.9e-04] trainerStep=33450
[LAYER-HEALTH] live trainerStep=33450 scope=batch_norm_state_only reluSites=2/10 ch=144 dead=22 off=7 alwaysOn=0 worst=policy.pre_bn(dead 20 off 5 on 0) maxBetaOverGamma=+1.74@policy.pre_bn[96] minBetaOverGamma=-55.95@policy.pre_bn[40] rvMaxOverMedian=9317.7@blocks.1.bn1[76] rezero=none nonFinite=0
[REPLAY] step=33500 loss=3.5929 pLoss=2.7729 vLoss=0.8126 pEnt=2.889 pIllM=0.0075 playedP=0.155 pW=0.47 pD=0.07 pL=0.46 vAbs=0.243 pLogitMean=-8.9166 vLogitMean=0.5959 gNorm=0.319 lr=0.0309 ms=3567.5 buf=500000 plies=286097065 games=4316173 rejected=0 skipped=0 epoch=0 mom=0.9001 lrCyc[pk=9.7e-01,tr=9.9e-04] trainerStep=33500
[LAYER-HEALTH] live trainerStep=33500 scope=batch_norm_state_only reluSites=2/10 ch=144 dead=22 off=7 alwaysOn=0 worst=policy.pre_bn(dead 20 off 5 on 0) maxBetaOverGamma=+1.73@policy.pre_bn[96] minBetaOverGamma=-56.41@policy.pre_bn[40] rvMaxOverMedian=9360.6@blocks.1.bn1[76] rezero=none nonFinite=0
[REPLAY] step=33550 loss=3.6186 pLoss=2.7981 vLoss=0.8144 pEnt=2.906 pIllM=0.0061 playedP=0.152 pW=0.47 pD=0.07 pL=0.46 vAbs=0.224 pLogitMean=-8.9213 vLogitMean=0.5930 gNorm=0.270 lr=0.0277 ms=4257.3 buf=500000 plies=286523704 games=4322632 rejected=0 skipped=0 epoch=0 mom=0.9016 lrCyc[pk=9.7e-01,tr=9.9e-04] trainerStep=33550
[LAYER-HEALTH] live trainerStep=33550 scope=batch_norm_state_only reluSites=2/10 ch=144 dead=22 off=7 alwaysOn=0 worst=policy.pre_bn(dead 20 off 5 on 0) maxBetaOverGamma=+1.73@policy.pre_bn[96] minBetaOverGamma=-56.59@policy.pre_bn[40] rvMaxOverMedian=9298.7@blocks.1.bn1[76] rezero=none nonFinite=0
[REPLAY] step=33600 loss=3.5941 pLoss=2.7809 vLoss=0.8076 pEnt=2.915 pIllM=0.0056 playedP=0.152 pW=0.47 pD=0.06 pL=0.46 vAbs=0.229 pLogitMean=-8.9194 vLogitMean=0.5945 gNorm=0.264 lr=0.0249 ms=2244.4 buf=500000 plies=286950327 games=4329099 rejected=0 skipped=0 epoch=0 mom=0.9032 lrCyc[pk=9.7e-01,tr=9.9e-04] trainerStep=33600
[LAYER-HEALTH] live trainerStep=33600 scope=batch_norm_state_only reluSites=2/10 ch=144 dead=22 off=7 alwaysOn=0 worst=policy.pre_bn(dead 20 off 5 on 0) maxBetaOverGamma=+1.73@policy.pre_bn[96] minBetaOverGamma=-56.58@policy.pre_bn[40] rvMaxOverMedian=9272.8@blocks.1.bn1[76] rezero=none nonFinite=0
[REPLAY] step=33650 loss=3.6052 pLoss=2.7996 vLoss=0.7990 pEnt=2.901 pIllM=0.0066 playedP=0.156 pW=0.48 pD=0.06 pL=0.46 vAbs=0.225 pLogitMean=-8.9181 vLogitMean=0.5924 gNorm=0.293 lr=0.0224 ms=2321.4 buf=500000 plies=287377018 games=4335576 rejected=0 skipped=0 epoch=0 mom=0.9048 lrCyc[pk=9.7e-01,tr=9.9e-04] trainerStep=33650
[LAYER-HEALTH] live trainerStep=33650 scope=batch_norm_state_only reluSites=2/10 ch=144 dead=22 off=7 alwaysOn=0 worst=policy.pre_bn(dead 20 off 5 on 0) maxBetaOverGamma=+1.73@policy.pre_bn[96] minBetaOverGamma=-56.89@policy.pre_bn[40] rvMaxOverMedian=9297.2@blocks.1.bn1[76] rezero=none nonFinite=0
[REPLAY] step=33700 loss=3.5611 pLoss=2.7450 vLoss=0.8101 pEnt=2.916 pIllM=0.0060 playedP=0.155 pW=0.47 pD=0.06 pL=0.47 vAbs=0.225 pLogitMean=-8.9194 vLogitMean=0.5931 gNorm=0.291 lr=0.0201 ms=3326.0 buf=500000 plies=287803625 games=4342042 rejected=0 skipped=0 epoch=0 mom=0.9063 lrCyc[pk=9.7e-01,tr=9.9e-04] trainerStep=33700
[LAYER-HEALTH] live trainerStep=33700 scope=batch_norm_state_only reluSites=2/10 ch=144 dead=22 off=7 alwaysOn=0 worst=policy.pre_bn(dead 20 off 5 on 0) maxBetaOverGamma=+1.73@policy.pre_bn[96] minBetaOverGamma=-57.09@policy.pre_bn[40] rvMaxOverMedian=9324.3@blocks.1.bn1[76] rezero=none nonFinite=0
[REPLAY] step=33750 loss=3.5771 pLoss=2.7746 vLoss=0.7959 pEnt=2.874 pIllM=0.0066 playedP=0.161 pW=0.47 pD=0.06 pL=0.47 vAbs=0.222 pLogitMean=-8.9124 vLogitMean=0.5944 gNorm=0.260 lr=0.018 ms=2957.7 buf=500000 plies=288230310 games=4348477 rejected=0 skipped=0 epoch=0 mom=0.9079 lrCyc[pk=9.7e-01,tr=9.9e-04] trainerStep=33750
[LAYER-HEALTH] live trainerStep=33750 scope=batch_norm_state_only reluSites=2/10 ch=144 dead=22 off=7 alwaysOn=0 worst=policy.pre_bn(dead 20 off 5 on 0) maxBetaOverGamma=+1.73@policy.pre_bn[96] minBetaOverGamma=-57.20@policy.pre_bn[40] rvMaxOverMedian=9268.8@blocks.1.bn1[76] rezero=none nonFinite=0
[REPLAY] step=33800 loss=3.6058 pLoss=2.7908 vLoss=0.8096 pEnt=2.914 pIllM=0.0055 playedP=0.156 pW=0.47 pD=0.06 pL=0.46 vAbs=0.222 pLogitMean=-8.9184 vLogitMean=0.5917 gNorm=0.298 lr=0.0162 ms=4205.1 buf=500000 plies=288656951 games=4354977 rejected=0 skipped=0 epoch=0 mom=0.9094 lrCyc[pk=9.7e-01,tr=9.9e-04] trainerStep=33800
[LAYER-HEALTH] live trainerStep=33800 scope=batch_norm_state_only reluSites=2/10 ch=144 dead=22 off=7 alwaysOn=0 worst=policy.pre_bn(dead 20 off 5 on 0) maxBetaOverGamma=+1.73@policy.pre_bn[96] minBetaOverGamma=-57.35@policy.pre_bn[40] rvMaxOverMedian=9213.9@blocks.1.bn1[76] rezero=none nonFinite=0
[REPLAY] step=33850 loss=3.6138 pLoss=2.7891 vLoss=0.8187 pEnt=2.905 pIllM=0.0060 playedP=0.156 pW=0.48 pD=0.07 pL=0.46 vAbs=0.213 pLogitMean=-8.9215 vLogitMean=0.5918 gNorm=0.258 lr=0.0146 ms=5928.9 buf=500000 plies=289083632 games=4361495 rejected=0 skipped=0 epoch=0 mom=0.9110 lrCyc[pk=9.7e-01,tr=9.8e-04] trainerStep=33850
[LAYER-HEALTH] live trainerStep=33850 scope=batch_norm_state_only reluSites=2/10 ch=144 dead=22 off=7 alwaysOn=0 worst=policy.pre_bn(dead 20 off 5 on 0) maxBetaOverGamma=+1.73@policy.pre_bn[96] minBetaOverGamma=-57.45@policy.pre_bn[40] rvMaxOverMedian=9169.8@blocks.1.bn1[76] rezero=none nonFinite=0
[REPLAY] step=33900 loss=3.6231 pLoss=2.7913 vLoss=0.8246 pEnt=2.910 pIllM=0.0072 playedP=0.154 pW=0.47 pD=0.07 pL=0.46 vAbs=0.223 pLogitMean=-8.9195 vLogitMean=0.5940 gNorm=0.283 lr=0.0131 ms=3408.8 buf=500000 plies=289510225 games=4367977 rejected=0 skipped=0 epoch=0 mom=0.9125 lrCyc[pk=9.7e-01,tr=9.8e-04] trainerStep=33900
[LAYER-HEALTH] live trainerStep=33900 scope=batch_norm_state_only reluSites=2/10 ch=144 dead=22 off=7 alwaysOn=0 worst=policy.pre_bn(dead 20 off 5 on 0) maxBetaOverGamma=+1.73@policy.pre_bn[96] minBetaOverGamma=-57.68@policy.pre_bn[40] rvMaxOverMedian=9096.0@blocks.1.bn1[76] rezero=none nonFinite=0
[REPLAY] step=33950 loss=3.5479 pLoss=2.7482 vLoss=0.7936 pEnt=2.892 pIllM=0.0061 playedP=0.159 pW=0.47 pD=0.07 pL=0.47 vAbs=0.235 pLogitMean=-8.9169 vLogitMean=0.5941 gNorm=0.252 lr=0.0118 ms=3100.2 buf=500000 plies=289936878 games=4374437 rejected=0 skipped=0 epoch=0 mom=0.9140 lrCyc[pk=9.7e-01,tr=9.8e-04] trainerStep=33950
[LAYER-HEALTH] live trainerStep=33950 scope=batch_norm_state_only reluSites=2/10 ch=144 dead=22 off=7 alwaysOn=0 worst=policy.pre_bn(dead 20 off 5 on 0) maxBetaOverGamma=+1.73@policy.pre_bn[96] minBetaOverGamma=-57.60@policy.pre_bn[40] rvMaxOverMedian=9042.9@blocks.1.bn1[76] rezero=none nonFinite=0
[REPLAY] step=34000 loss=3.5515 pLoss=2.7362 vLoss=0.8084 pEnt=2.883 pIllM=0.0068 playedP=0.160 pW=0.47 pD=0.07 pL=0.47 vAbs=0.225 pLogitMean=-8.9230 vLogitMean=0.5931 gNorm=0.268 lr=0.0107 ms=4118.4 buf=500000 plies=290363587 games=4380944 rejected=0 skipped=0 epoch=0 mom=0.9155 lrCyc[pk=9.7e-01,tr=9.8e-04] trainerStep=34000
[LAYER-HEALTH] live trainerStep=34000 scope=batch_norm_state_only reluSites=2/10 ch=144 dead=22 off=7 alwaysOn=0 worst=policy.pre_bn(dead 20 off 5 on 0) maxBetaOverGamma=+1.73@policy.pre_bn[96] minBetaOverGamma=-57.64@policy.pre_bn[40] rvMaxOverMedian=9062.9@blocks.1.bn1[76] rezero=none nonFinite=0
[REPLAY] saved trainer model (autosave) step=34000 trainerStep=34000 nextGame=4380944 shard=9 epoch=0 -> 20261005-lrBsilu-cyc1-replay-latest.safetensors
[LAYER-HEALTH] checkpoint replay-autosave step=34000 trainerStep=34000 scope=all_tensors reluSites=2/10 ch=144 dead=22 off=7 alwaysOn=0 worst=policy.pre_bn(dead 20 off 5 on 0) maxBetaOverGamma=+1.73@policy.pre_bn[96] minBetaOverGamma=-57.64@policy.pre_bn[40] rvMaxOverMedian=9062.9@blocks.1.bn1[76] rezero=none nonFinite=0 seZeroVel=none valueFC1ZeroVel=0/128 maxAbs=1156@blocks.0.bn2.running_var
[LAYER-HEALTH]   batch-norm sites — β/|γ|: dead < -3.00, mostly off < -2.00, always on > +3.00; classified for relu/leaky_relu only
[LAYER-HEALTH]     site            act            ch   dead    off     on  zeroγ nonfin  min β/|γ| [ch]     max β/|γ| [ch]     rv max/median [ch]
[LAYER-HEALTH]     stem.bn         -             128    n/a    n/a    n/a      0      0     -9.32 [40]         +0.45 [102]          19.2 [43]
[LAYER-HEALTH]     blocks.0.bn1    silu          128    n/a    n/a    n/a      0      0   -391.35 [34]         +0.40 [87]            9.0 [35]
[LAYER-HEALTH]     blocks.0.bn2    silu          128    n/a    n/a    n/a      0      0    -45.82 [36]        +34.31 [3]           289.0 [48]
[LAYER-HEALTH]     blocks.1.bn1    silu          128    n/a    n/a    n/a      0      0  -1747.74 [105]        +1.99 [67]         9062.9 [76]
[LAYER-HEALTH]     blocks.1.bn2    silu          128    n/a    n/a    n/a      0      0    -12.94 [103]        +1.78 [37]           19.0 [86]
[LAYER-HEALTH]     blocks.2.bn1    silu          128    n/a    n/a    n/a      0      0    -32.82 [24]         +2.07 [22]         7536.8 [76]
[LAYER-HEALTH]     blocks.2.bn2    silu          128    n/a    n/a    n/a      0      0     -7.23 [24]        +19.99 [113]           6.5 [72]
[LAYER-HEALTH]     tower_final_bn  silu          128    n/a    n/a    n/a      0      0     -1.18 [64]         +2.74 [47]           18.0 [31]
[LAYER-HEALTH]     policy.pre_bn   leaky_relu    128     20      5      0      0      0    -57.64 [40]         +1.73 [96]            6.3 [125]
[LAYER-HEALTH]     value.bn        leaky_relu     16      2      2      0      0      0     -4.64 [10]         -0.66 [3]             3.1 [3]
[LAYER-HEALTH]   FC hidden-unit velocity — zero: every weight-velocity entry exactly 0; low: nonzero but < 5% of the layer's p90 unit norm
[LAYER-HEALTH]     value.fc1.weight  leaky_relu  units 128  zero 0  low 47  median unit norm 0.003247
[LAYER-HEALTH]     (no SE blocks)
[LAYER-HEALTH]   ReZero: none
[LAYER-HEALTH]   non-finite: 0 values in 0 of 102 tensors (10263038 values examined)
[LAYER-HEALTH]   largest |value|: blocks.0.bn2.running_var 1156, blocks.1.bn1.running_var 769.4, blocks.2.bn1.running_var 444.8, blocks.2.bn1.running_mean 198, blocks.1.bn2.running_var 160.4
[REPLAY] enumerated checkpoint -> 20261005-lrBsilu-cyc1-replay-step34000.safetensors
[REPLAY] step=34050 loss=3.6105 pLoss=2.7927 vLoss=0.8121 pEnt=2.905 pIllM=0.0057 playedP=0.155 pW=0.47 pD=0.07 pL=0.46 vAbs=0.219 pLogitMean=-8.9177 vLogitMean=0.5941 gNorm=0.264 lr=0.00962 ms=3570.3 buf=500000 plies=290790184 games=4387395 rejected=0 skipped=0 epoch=0 mom=0.9170 lrCyc[pk=9.7e-01,tr=9.8e-04] trainerStep=34050
[LAYER-HEALTH] live trainerStep=34050 scope=batch_norm_state_only reluSites=2/10 ch=144 dead=22 off=7 alwaysOn=0 worst=policy.pre_bn(dead 20 off 5 on 0) maxBetaOverGamma=+1.73@policy.pre_bn[96] minBetaOverGamma=-57.74@policy.pre_bn[40] rvMaxOverMedian=9035.7@blocks.1.bn1[76] rezero=none nonFinite=0
[REPLAY] step=34100 loss=3.5706 pLoss=2.7705 vLoss=0.7939 pEnt=2.903 pIllM=0.0062 playedP=0.155 pW=0.47 pD=0.07 pL=0.47 vAbs=0.234 pLogitMean=-8.9267 vLogitMean=0.5955 gNorm=0.285 lr=0.00869 ms=3138.4 buf=500000 plies=291216824 games=4393851 rejected=0 skipped=0 epoch=0 mom=0.9185 lrCyc[pk=9.7e-01,tr=9.8e-04] trainerStep=34100
[LAYER-HEALTH] live trainerStep=34100 scope=batch_norm_state_only reluSites=2/10 ch=144 dead=22 off=7 alwaysOn=0 worst=policy.pre_bn(dead 20 off 5 on 0) maxBetaOverGamma=+1.73@policy.pre_bn[96] minBetaOverGamma=-57.89@policy.pre_bn[40] rvMaxOverMedian=9014.0@blocks.1.bn1[76] rezero=none nonFinite=0
[REPLAY] step=34150 loss=3.6121 pLoss=2.7873 vLoss=0.8191 pEnt=2.905 pIllM=0.0057 playedP=0.156 pW=0.47 pD=0.07 pL=0.47 vAbs=0.219 pLogitMean=-8.9274 vLogitMean=0.5956 gNorm=0.276 lr=0.00786 ms=3477.9 buf=500000 plies=291643503 games=4400308 rejected=0 skipped=0 epoch=0 mom=0.9199 lrCyc[pk=9.7e-01,tr=9.8e-04] trainerStep=34150
[LAYER-HEALTH] live trainerStep=34150 scope=batch_norm_state_only reluSites=2/10 ch=144 dead=22 off=7 alwaysOn=0 worst=policy.pre_bn(dead 20 off 5 on 0) maxBetaOverGamma=+1.73@policy.pre_bn[96] minBetaOverGamma=-57.90@policy.pre_bn[40] rvMaxOverMedian=9028.7@blocks.1.bn1[76] rezero=none nonFinite=0
[REPLAY] step=34200 loss=3.5947 pLoss=2.7775 vLoss=0.8112 pEnt=2.893 pIllM=0.0060 playedP=0.157 pW=0.47 pD=0.07 pL=0.46 vAbs=0.221 pLogitMean=-8.9248 vLogitMean=0.5930 gNorm=0.266 lr=0.00712 ms=3932.8 buf=500000 plies=292070168 games=4406733 rejected=0 skipped=0 epoch=0 mom=0.9213 lrCyc[pk=9.7e-01,tr=9.8e-04] trainerStep=34200
[LAYER-HEALTH] live trainerStep=34200 scope=batch_norm_state_only reluSites=2/10 ch=144 dead=22 off=7 alwaysOn=0 worst=policy.pre_bn(dead 20 off 5 on 0) maxBetaOverGamma=+1.73@policy.pre_bn[96] minBetaOverGamma=-57.99@policy.pre_bn[40] rvMaxOverMedian=9045.9@blocks.1.bn1[76] rezero=none nonFinite=0
[REPLAY] step=34250 loss=3.5957 pLoss=2.7850 vLoss=0.8044 pEnt=2.890 pIllM=0.0063 playedP=0.158 pW=0.48 pD=0.06 pL=0.46 vAbs=0.230 pLogitMean=-8.9322 vLogitMean=0.5957 gNorm=0.278 lr=0.00646 ms=3568.4 buf=500000 plies=292496833 games=4413188 rejected=0 skipped=0 epoch=0 mom=0.9227 lrCyc[pk=9.7e-01,tr=9.8e-04] trainerStep=34250
[LAYER-HEALTH] live trainerStep=34250 scope=batch_norm_state_only reluSites=2/10 ch=144 dead=22 off=7 alwaysOn=0 worst=policy.pre_bn(dead 20 off 5 on 0) maxBetaOverGamma=+1.73@policy.pre_bn[96] minBetaOverGamma=-58.09@policy.pre_bn[40] rvMaxOverMedian=9039.7@blocks.1.bn1[76] rezero=none nonFinite=0
[REPLAY] step=34300 loss=3.5528 pLoss=2.7472 vLoss=0.7993 pEnt=2.869 pIllM=0.0063 playedP=0.161 pW=0.47 pD=0.06 pL=0.47 vAbs=0.229 pLogitMean=-8.9287 vLogitMean=0.5946 gNorm=0.253 lr=0.00587 ms=2008.7 buf=500000 plies=292923517 games=4419636 rejected=0 skipped=0 epoch=0 mom=0.9241 lrCyc[pk=9.7e-01,tr=9.8e-04] trainerStep=34300
[LAYER-HEALTH] live trainerStep=34300 scope=batch_norm_state_only reluSites=2/10 ch=144 dead=22 off=7 alwaysOn=0 worst=policy.pre_bn(dead 20 off 5 on 0) maxBetaOverGamma=+1.73@policy.pre_bn[96] minBetaOverGamma=-58.14@policy.pre_bn[40] rvMaxOverMedian=9055.2@blocks.1.bn1[76] rezero=none nonFinite=0
[REPLAY] step=34350 loss=3.6148 pLoss=2.8025 vLoss=0.8066 pEnt=2.919 pIllM=0.0057 playedP=0.150 pW=0.47 pD=0.06 pL=0.46 vAbs=0.225 pLogitMean=-8.9279 vLogitMean=0.5931 gNorm=0.249 lr=0.00535 ms=3016.1 buf=500000 plies=293350111 games=4426146 rejected=0 skipped=0 epoch=0 mom=0.9255 lrCyc[pk=9.7e-01,tr=9.8e-04] trainerStep=34350
[LAYER-HEALTH] live trainerStep=34350 scope=batch_norm_state_only reluSites=2/10 ch=144 dead=22 off=7 alwaysOn=0 worst=policy.pre_bn(dead 20 off 5 on 0) maxBetaOverGamma=+1.73@policy.pre_bn[96] minBetaOverGamma=-58.13@policy.pre_bn[40] rvMaxOverMedian=9014.0@blocks.1.bn1[76] rezero=none nonFinite=0
[REPLAY] step=34400 loss=3.5725 pLoss=2.7637 vLoss=0.8032 pEnt=2.924 pIllM=0.0055 playedP=0.154 pW=0.47 pD=0.06 pL=0.47 vAbs=0.233 pLogitMean=-8.9326 vLogitMean=0.5946 gNorm=0.274 lr=0.00488 ms=3202.3 buf=500000 plies=293776727 games=4432665 rejected=0 skipped=0 epoch=0 mom=0.9268 lrCyc[pk=9.7e-01,tr=9.8e-04] trainerStep=34400
[LAYER-HEALTH] live trainerStep=34400 scope=batch_norm_state_only reluSites=2/10 ch=144 dead=22 off=7 alwaysOn=0 worst=policy.pre_bn(dead 20 off 5 on 0) maxBetaOverGamma=+1.73@policy.pre_bn[96] minBetaOverGamma=-58.23@policy.pre_bn[40] rvMaxOverMedian=8980.8@blocks.1.bn1[76] rezero=none nonFinite=0
[REPLAY] step=34450 loss=3.5975 pLoss=2.7760 vLoss=0.8152 pEnt=2.903 pIllM=0.0063 playedP=0.157 pW=0.47 pD=0.07 pL=0.46 vAbs=0.225 pLogitMean=-8.9302 vLogitMean=0.5945 gNorm=0.264 lr=0.00445 ms=2444.4 buf=500000 plies=294203418 games=4439085 rejected=0 skipped=0 epoch=0 mom=0.9281 lrCyc[pk=9.7e-01,tr=9.8e-04] trainerStep=34450
[LAYER-HEALTH] live trainerStep=34450 scope=batch_norm_state_only reluSites=2/10 ch=144 dead=22 off=7 alwaysOn=0 worst=policy.pre_bn(dead 20 off 5 on 0) maxBetaOverGamma=+1.73@policy.pre_bn[96] minBetaOverGamma=-58.28@policy.pre_bn[40] rvMaxOverMedian=8995.1@blocks.1.bn1[76] rezero=none nonFinite=0
[REPLAY] step=34500 loss=3.5629 pLoss=2.7495 vLoss=0.8074 pEnt=2.902 pIllM=0.0060 playedP=0.158 pW=0.47 pD=0.06 pL=0.47 vAbs=0.221 pLogitMean=-8.9293 vLogitMean=0.5918 gNorm=0.273 lr=0.00408 ms=2583.0 buf=500000 plies=294630036 games=4445509 rejected=0 skipped=0 epoch=0 mom=0.9294 lrCyc[pk=9.7e-01,tr=9.8e-04] trainerStep=34500
[LAYER-HEALTH] live trainerStep=34500 scope=batch_norm_state_only reluSites=2/10 ch=144 dead=22 off=7 alwaysOn=0 worst=policy.pre_bn(dead 20 off 5 on 0) maxBetaOverGamma=+1.73@policy.pre_bn[96] minBetaOverGamma=-58.34@policy.pre_bn[40] rvMaxOverMedian=9021.6@blocks.1.bn1[76] rezero=none nonFinite=0
[REPLAY] step=34550 loss=3.5775 pLoss=2.7696 vLoss=0.8016 pEnt=2.902 pIllM=0.0063 playedP=0.156 pW=0.47 pD=0.07 pL=0.47 vAbs=0.222 pLogitMean=-8.9321 vLogitMean=0.5916 gNorm=0.267 lr=0.00374 ms=2866.4 buf=500000 plies=295056699 games=4452045 rejected=0 skipped=0 epoch=0 mom=0.9307 lrCyc[pk=9.7e-01,tr=9.8e-04] trainerStep=34550
[LAYER-HEALTH] live trainerStep=34550 scope=batch_norm_state_only reluSites=2/10 ch=144 dead=22 off=7 alwaysOn=0 worst=policy.pre_bn(dead 20 off 5 on 0) maxBetaOverGamma=+1.73@policy.pre_bn[96] minBetaOverGamma=-58.35@policy.pre_bn[40] rvMaxOverMedian=8989.8@blocks.1.bn1[76] rezero=none nonFinite=0
[REPLAY] step=34600 loss=3.6019 pLoss=2.7738 vLoss=0.8220 pEnt=2.910 pIllM=0.0060 playedP=0.155 pW=0.47 pD=0.07 pL=0.46 vAbs=0.229 pLogitMean=-8.9308 vLogitMean=0.5958 gNorm=0.277 lr=0.00343 ms=3213.0 buf=500000 plies=295483399 games=4458499 rejected=0 skipped=0 epoch=0 mom=0.9319 lrCyc[pk=9.7e-01,tr=9.8e-04] trainerStep=34600
[LAYER-HEALTH] live trainerStep=34600 scope=batch_norm_state_only reluSites=2/10 ch=144 dead=22 off=7 alwaysOn=0 worst=policy.pre_bn(dead 20 off 5 on 0) maxBetaOverGamma=+1.73@policy.pre_bn[96] minBetaOverGamma=-58.38@policy.pre_bn[40] rvMaxOverMedian=8990.1@blocks.1.bn1[76] rezero=none nonFinite=0
[REPLAY] step=34650 loss=3.5613 pLoss=2.7454 vLoss=0.8089 pEnt=2.905 pIllM=0.0070 playedP=0.158 pW=0.47 pD=0.07 pL=0.46 vAbs=0.229 pLogitMean=-8.9270 vLogitMean=0.5957 gNorm=0.265 lr=0.00316 ms=2389.6 buf=500000 plies=295910014 games=4464883 rejected=0 skipped=0 epoch=0 mom=0.9331 lrCyc[pk=9.7e-01,tr=9.8e-04] trainerStep=34650
[LAYER-HEALTH] live trainerStep=34650 scope=batch_norm_state_only reluSites=2/10 ch=144 dead=22 off=7 alwaysOn=0 worst=policy.pre_bn(dead 20 off 5 on 0) maxBetaOverGamma=+1.73@policy.pre_bn[96] minBetaOverGamma=-58.40@policy.pre_bn[40] rvMaxOverMedian=9008.9@blocks.1.bn1[76] rezero=none nonFinite=0
[REPLAY] step=34700 loss=3.6238 pLoss=2.8069 vLoss=0.8109 pEnt=2.899 pIllM=0.0060 playedP=0.156 pW=0.48 pD=0.06 pL=0.46 vAbs=0.223 pLogitMean=-8.9295 vLogitMean=0.5958 gNorm=0.274 lr=0.00292 ms=2905.0 buf=500000 plies=296336653 games=4471251 rejected=0 skipped=0 epoch=0 mom=0.9343 lrCyc[pk=9.7e-01,tr=9.8e-04] trainerStep=34700
[LAYER-HEALTH] live trainerStep=34700 scope=batch_norm_state_only reluSites=2/10 ch=144 dead=22 off=7 alwaysOn=0 worst=policy.pre_bn(dead 20 off 5 on 0) maxBetaOverGamma=+1.73@policy.pre_bn[96] minBetaOverGamma=-58.46@policy.pre_bn[40] rvMaxOverMedian=8987.8@blocks.1.bn1[76] rezero=none nonFinite=0
[REPLAY] step=34750 loss=3.5643 pLoss=2.7408 vLoss=0.8177 pEnt=2.903 pIllM=0.0058 playedP=0.156 pW=0.47 pD=0.07 pL=0.47 vAbs=0.224 pLogitMean=-8.9332 vLogitMean=0.5932 gNorm=0.275 lr=0.0027 ms=3277.3 buf=500000 plies=296763326 games=4477707 rejected=0 skipped=0 epoch=0 mom=0.9354 lrCyc[pk=9.7e-01,tr=9.8e-04] trainerStep=34750
[LAYER-HEALTH] live trainerStep=34750 scope=batch_norm_state_only reluSites=2/10 ch=144 dead=22 off=7 alwaysOn=0 worst=policy.pre_bn(dead 20 off 5 on 0) maxBetaOverGamma=+1.73@policy.pre_bn[96] minBetaOverGamma=-58.51@policy.pre_bn[40] rvMaxOverMedian=8970.0@blocks.1.bn1[76] rezero=none nonFinite=0
[REPLAY] step=34800 loss=3.5786 pLoss=2.7669 vLoss=0.8060 pEnt=2.909 pIllM=0.0057 playedP=0.154 pW=0.47 pD=0.07 pL=0.46 vAbs=0.228 pLogitMean=-8.9336 vLogitMean=0.5944 gNorm=0.267 lr=0.00251 ms=3707.4 buf=500000 plies=297189981 games=4484189 rejected=0 skipped=0 epoch=0 mom=0.9365 lrCyc[pk=9.7e-01,tr=9.8e-04] trainerStep=34800
[LAYER-HEALTH] live trainerStep=34800 scope=batch_norm_state_only reluSites=2/10 ch=144 dead=22 off=7 alwaysOn=0 worst=policy.pre_bn(dead 20 off 5 on 0) maxBetaOverGamma=+1.73@policy.pre_bn[96] minBetaOverGamma=-58.53@policy.pre_bn[40] rvMaxOverMedian=8963.9@blocks.1.bn1[76] rezero=none nonFinite=0
[REPLAY] step=34850 loss=3.5841 pLoss=2.7707 vLoss=0.8076 pEnt=2.903 pIllM=0.0059 playedP=0.156 pW=0.47 pD=0.06 pL=0.47 vAbs=0.231 pLogitMean=-8.9370 vLogitMean=0.5959 gNorm=0.269 lr=0.00233 ms=3016.0 buf=500000 plies=297616636 games=4490738 rejected=0 skipped=0 epoch=0 mom=0.9375 lrCyc[pk=9.7e-01,tr=9.8e-04] trainerStep=34850
[LAYER-HEALTH] live trainerStep=34850 scope=batch_norm_state_only reluSites=2/10 ch=144 dead=22 off=7 alwaysOn=0 worst=policy.pre_bn(dead 20 off 5 on 0) maxBetaOverGamma=+1.73@policy.pre_bn[96] minBetaOverGamma=-58.56@policy.pre_bn[40] rvMaxOverMedian=8966.6@blocks.1.bn1[76] rezero=none nonFinite=0
[REPLAY] step=34900 loss=3.6025 pLoss=2.7660 vLoss=0.8312 pEnt=2.896 pIllM=0.0053 playedP=0.158 pW=0.47 pD=0.07 pL=0.46 vAbs=0.227 pLogitMean=-8.9352 vLogitMean=0.5931 gNorm=0.264 lr=0.00217 ms=3255.4 buf=500000 plies=298043273 games=4497180 rejected=0 skipped=0 epoch=0 mom=0.9385 lrCyc[pk=9.7e-01,tr=9.8e-04] trainerStep=34900
[LAYER-HEALTH] live trainerStep=34900 scope=batch_norm_state_only reluSites=2/10 ch=144 dead=22 off=7 alwaysOn=0 worst=policy.pre_bn(dead 20 off 5 on 0) maxBetaOverGamma=+1.73@policy.pre_bn[96] minBetaOverGamma=-58.58@policy.pre_bn[40] rvMaxOverMedian=8966.7@blocks.1.bn1[76] rezero=none nonFinite=0
[REPLAY] step=34950 loss=3.5869 pLoss=2.7755 vLoss=0.8064 pEnt=2.899 pIllM=0.0049 playedP=0.155 pW=0.47 pD=0.07 pL=0.46 vAbs=0.228 pLogitMean=-8.9349 vLogitMean=0.5929 gNorm=0.258 lr=0.00203 ms=3455.9 buf=500000 plies=298469879 games=4503676 rejected=0 skipped=0 epoch=0 mom=0.9395 lrCyc[pk=9.7e-01,tr=9.8e-04] trainerStep=34950
[LAYER-HEALTH] live trainerStep=34950 scope=batch_norm_state_only reluSites=2/10 ch=144 dead=22 off=7 alwaysOn=0 worst=policy.pre_bn(dead 20 off 5 on 0) maxBetaOverGamma=+1.73@policy.pre_bn[96] minBetaOverGamma=-58.64@policy.pre_bn[40] rvMaxOverMedian=8981.4@blocks.1.bn1[76] rezero=none nonFinite=0
[REPLAY] step=35000 loss=3.6114 pLoss=2.7802 vLoss=0.8257 pEnt=2.892 pIllM=0.0055 playedP=0.160 pW=0.47 pD=0.07 pL=0.46 vAbs=0.217 pLogitMean=-8.9351 vLogitMean=0.5917 gNorm=0.288 lr=0.0019 ms=3248.0 buf=500000 plies=298896572 games=4510144 rejected=0 skipped=0 epoch=0 mom=0.9405 lrCyc[pk=9.7e-01,tr=9.8e-04] trainerStep=35000
[LAYER-HEALTH] live trainerStep=35000 scope=batch_norm_state_only reluSites=2/10 ch=144 dead=22 off=7 alwaysOn=0 worst=policy.pre_bn(dead 20 off 5 on 0) maxBetaOverGamma=+1.73@policy.pre_bn[96] minBetaOverGamma=-58.63@policy.pre_bn[40] rvMaxOverMedian=9017.6@blocks.1.bn1[76] rezero=none nonFinite=0
[REPLAY] saved trainer model (autosave) step=35000 trainerStep=35000 nextGame=4510144 shard=9 epoch=0 -> 20261005-lrBsilu-cyc1-replay-latest.safetensors
[LAYER-HEALTH] checkpoint replay-autosave step=35000 trainerStep=35000 scope=all_tensors reluSites=2/10 ch=144 dead=22 off=7 alwaysOn=0 worst=policy.pre_bn(dead 20 off 5 on 0) maxBetaOverGamma=+1.73@policy.pre_bn[96] minBetaOverGamma=-58.63@policy.pre_bn[40] rvMaxOverMedian=9017.6@blocks.1.bn1[76] rezero=none nonFinite=0 seZeroVel=none valueFC1ZeroVel=0/128 maxAbs=1154@blocks.0.bn2.running_var
[LAYER-HEALTH]   batch-norm sites — β/|γ|: dead < -3.00, mostly off < -2.00, always on > +3.00; classified for relu/leaky_relu only
[LAYER-HEALTH]     site            act            ch   dead    off     on  zeroγ nonfin  min β/|γ| [ch]     max β/|γ| [ch]     rv max/median [ch]
[LAYER-HEALTH]     stem.bn         -             128    n/a    n/a    n/a      0      0     -9.49 [40]         +0.45 [102]          19.2 [43]
[LAYER-HEALTH]     blocks.0.bn1    silu          128    n/a    n/a    n/a      0      0   -440.87 [34]         +0.41 [87]            9.0 [35]
[LAYER-HEALTH]     blocks.0.bn2    silu          128    n/a    n/a    n/a      0      0    -45.87 [36]        +34.00 [3]           288.3 [48]
[LAYER-HEALTH]     blocks.1.bn1    silu          128    n/a    n/a    n/a      0      0  -1669.22 [105]        +2.00 [67]         9017.6 [76]
[LAYER-HEALTH]     blocks.1.bn2    silu          128    n/a    n/a    n/a      0      0    -12.94 [103]        +1.78 [37]           19.4 [86]
[LAYER-HEALTH]     blocks.2.bn1    silu          128    n/a    n/a    n/a      0      0    -32.94 [24]         +2.06 [22]         7619.8 [76]
[LAYER-HEALTH]     blocks.2.bn2    silu          128    n/a    n/a    n/a      0      0     -7.22 [24]        +19.92 [113]           6.6 [72]
[LAYER-HEALTH]     tower_final_bn  silu          128    n/a    n/a    n/a      0      0     -1.18 [64]         +2.74 [47]           18.1 [31]
[LAYER-HEALTH]     policy.pre_bn   leaky_relu    128     20      5      0      0      0    -58.63 [40]         +1.73 [96]            6.2 [125]
[LAYER-HEALTH]     value.bn        leaky_relu     16      2      2      0      0      0     -4.64 [10]         -0.67 [3]             3.1 [3]
[LAYER-HEALTH]   FC hidden-unit velocity — zero: every weight-velocity entry exactly 0; low: nonzero but < 5% of the layer's p90 unit norm
[LAYER-HEALTH]     value.fc1.weight  leaky_relu  units 128  zero 0  low 49  median unit norm 0.004726
[LAYER-HEALTH]     (no SE blocks)
[LAYER-HEALTH]   ReZero: none
[LAYER-HEALTH]   non-finite: 0 values in 0 of 102 tensors (10263038 values examined)
[LAYER-HEALTH]   largest |value|: blocks.0.bn2.running_var 1154, blocks.1.bn1.running_var 773.8, blocks.2.bn1.running_var 454.4, blocks.2.bn1.running_mean 198, blocks.1.bn2.running_var 164.4
[REPLAY] enumerated checkpoint -> 20261005-lrBsilu-cyc1-replay-step35000.safetensors
[REPLAY] step=35050 loss=3.5893 pLoss=2.7726 vLoss=0.8111 pEnt=2.915 pIllM=0.0055 playedP=0.152 pW=0.47 pD=0.07 pL=0.47 vAbs=0.226 pLogitMean=-8.9356 vLogitMean=0.5917 gNorm=0.261 lr=0.00179 ms=3428.0 buf=500000 plies=299323207 games=4516549 rejected=0 skipped=0 epoch=0 mom=0.9414 lrCyc[pk=9.7e-01,tr=9.8e-04] trainerStep=35050
[LAYER-HEALTH] live trainerStep=35050 scope=batch_norm_state_only reluSites=2/10 ch=144 dead=22 off=7 alwaysOn=0 worst=policy.pre_bn(dead 20 off 5 on 0) maxBetaOverGamma=+1.73@policy.pre_bn[96] minBetaOverGamma=-58.68@policy.pre_bn[40] rvMaxOverMedian=9052.3@blocks.1.bn1[76] rezero=none nonFinite=0
[REPLAY] step=35100 loss=3.5892 pLoss=2.7780 vLoss=0.8049 pEnt=2.913 pIllM=0.0063 playedP=0.155 pW=0.47 pD=0.07 pL=0.46 vAbs=0.225 pLogitMean=-8.9346 vLogitMean=0.5928 gNorm=0.288 lr=0.00168 ms=3611.0 buf=500000 plies=299749831 games=4523027 rejected=0 skipped=0 epoch=0 mom=0.9422 lrCyc[pk=9.7e-01,tr=9.8e-04] trainerStep=35100
[LAYER-HEALTH] live trainerStep=35100 scope=batch_norm_state_only reluSites=2/10 ch=144 dead=22 off=7 alwaysOn=0 worst=policy.pre_bn(dead 20 off 5 on 0) maxBetaOverGamma=+1.73@policy.pre_bn[96] minBetaOverGamma=-58.70@policy.pre_bn[40] rvMaxOverMedian=9053.2@blocks.1.bn1[76] rezero=none nonFinite=0
[REPLAY] step=35150 loss=3.5840 pLoss=2.7486 vLoss=0.8298 pEnt=2.892 pIllM=0.0055 playedP=0.161 pW=0.47 pD=0.07 pL=0.46 vAbs=0.227 pLogitMean=-8.9350 vLogitMean=0.5943 gNorm=0.262 lr=0.00159 ms=3270.4 buf=500000 plies=300176479 games=4529462 rejected=0 skipped=0 epoch=0 mom=0.9430 lrCyc[pk=9.7e-01,tr=9.8e-04] trainerStep=35150
[LAYER-HEALTH] live trainerStep=35150 scope=batch_norm_state_only reluSites=2/10 ch=144 dead=22 off=7 alwaysOn=0 worst=policy.pre_bn(dead 20 off 5 on 0) maxBetaOverGamma=+1.73@policy.pre_bn[96] minBetaOverGamma=-58.74@policy.pre_bn[40] rvMaxOverMedian=9078.4@blocks.1.bn1[76] rezero=none nonFinite=0
[REPLAY] step=35200 loss=3.6175 pLoss=2.7882 vLoss=0.8235 pEnt=2.895 pIllM=0.0059 playedP=0.157 pW=0.47 pD=0.07 pL=0.46 vAbs=0.225 pLogitMean=-8.9320 vLogitMean=0.5956 gNorm=0.292 lr=0.00151 ms=3693.9 buf=500000 plies=300603141 games=4535852 rejected=0 skipped=0 epoch=0 mom=0.9438 lrCyc[pk=9.7e-01,tr=9.8e-04] trainerStep=35200
[LAYER-HEALTH] live trainerStep=35200 scope=batch_norm_state_only reluSites=2/10 ch=144 dead=22 off=7 alwaysOn=0 worst=policy.pre_bn(dead 20 off 5 on 0) maxBetaOverGamma=+1.73@policy.pre_bn[96] minBetaOverGamma=-58.74@policy.pre_bn[40] rvMaxOverMedian=9091.4@blocks.1.bn1[76] rezero=none nonFinite=0
[REPLAY] step=35250 loss=3.6359 pLoss=2.8154 vLoss=0.8149 pEnt=2.924 pIllM=0.0056 playedP=0.149 pW=0.47 pD=0.07 pL=0.46 vAbs=0.228 pLogitMean=-8.9353 vLogitMean=0.5941 gNorm=0.277 lr=0.00143 ms=3268.2 buf=500000 plies=301029789 games=4542298 rejected=0 skipped=0 epoch=0 mom=0.9446 lrCyc[pk=9.7e-01,tr=9.8e-04] trainerStep=35250
[LAYER-HEALTH] live trainerStep=35250 scope=batch_norm_state_only reluSites=2/10 ch=144 dead=22 off=7 alwaysOn=0 worst=policy.pre_bn(dead 20 off 5 on 0) maxBetaOverGamma=+1.73@policy.pre_bn[96] minBetaOverGamma=-58.75@policy.pre_bn[40] rvMaxOverMedian=9090.9@blocks.1.bn1[76] rezero=none nonFinite=0
[REPLAY] step=35300 loss=3.5828 pLoss=2.7554 vLoss=0.8212 pEnt=2.901 pIllM=0.0061 playedP=0.157 pW=0.47 pD=0.07 pL=0.46 vAbs=0.224 pLogitMean=-8.9366 vLogitMean=0.5932 gNorm=0.272 lr=0.00137 ms=3893.6 buf=500000 plies=301456439 games=4548765 rejected=0 skipped=0 epoch=0 mom=0.9452 lrCyc[pk=9.7e-01,tr=9.8e-04] trainerStep=35300
[LAYER-HEALTH] live trainerStep=35300 scope=batch_norm_state_only reluSites=2/10 ch=144 dead=22 off=7 alwaysOn=0 worst=policy.pre_bn(dead 20 off 5 on 0) maxBetaOverGamma=+1.73@policy.pre_bn[96] minBetaOverGamma=-58.73@policy.pre_bn[40] rvMaxOverMedian=9091.3@blocks.1.bn1[76] rezero=none nonFinite=0
[REPLAY] step=35350 loss=3.5711 pLoss=2.7670 vLoss=0.7971 pEnt=2.881 pIllM=0.0070 playedP=0.163 pW=0.47 pD=0.07 pL=0.47 vAbs=0.230 pLogitMean=-8.9338 vLogitMean=0.5930 gNorm=0.283 lr=0.00131 ms=3639.5 buf=500000 plies=301883144 games=4555212 rejected=0 skipped=0 epoch=0 mom=0.9459 lrCyc[pk=9.7e-01,tr=9.8e-04] trainerStep=35350
[LAYER-HEALTH] live trainerStep=35350 scope=batch_norm_state_only reluSites=2/10 ch=144 dead=22 off=7 alwaysOn=0 worst=policy.pre_bn(dead 20 off 5 on 0) maxBetaOverGamma=+1.73@policy.pre_bn[96] minBetaOverGamma=-58.78@policy.pre_bn[40] rvMaxOverMedian=9076.6@blocks.1.bn1[76] rezero=none nonFinite=0
[REPLAY] step=35400 loss=3.5793 pLoss=2.7816 vLoss=0.7927 pEnt=2.920 pIllM=0.0050 playedP=0.153 pW=0.47 pD=0.07 pL=0.46 vAbs=0.228 pLogitMean=-8.9369 vLogitMean=0.5943 gNorm=0.260 lr=0.00125 ms=1916.6 buf=500000 plies=302309733 games=4561638 rejected=0 skipped=0 epoch=0 mom=0.9465 lrCyc[pk=9.7e-01,tr=9.8e-04] trainerStep=35400
[LAYER-HEALTH] live trainerStep=35400 scope=batch_norm_state_only reluSites=2/10 ch=144 dead=22 off=7 alwaysOn=0 worst=policy.pre_bn(dead 20 off 5 on 0) maxBetaOverGamma=+1.73@policy.pre_bn[96] minBetaOverGamma=-58.78@policy.pre_bn[40] rvMaxOverMedian=9051.5@blocks.1.bn1[76] rezero=none nonFinite=0
[REPLAY] step=35450 loss=3.5566 pLoss=2.7439 vLoss=0.8068 pEnt=2.903 pIllM=0.0059 playedP=0.157 pW=0.47 pD=0.07 pL=0.46 vAbs=0.231 pLogitMean=-8.9325 vLogitMean=0.5946 gNorm=0.256 lr=0.00121 ms=2606.7 buf=500000 plies=302736391 games=4568024 rejected=0 skipped=0 epoch=0 mom=0.9470 lrCyc[pk=9.7e-01,tr=9.8e-04] trainerStep=35450
[LAYER-HEALTH] live trainerStep=35450 scope=batch_norm_state_only reluSites=2/10 ch=144 dead=22 off=7 alwaysOn=0 worst=policy.pre_bn(dead 20 off 5 on 0) maxBetaOverGamma=+1.73@policy.pre_bn[96] minBetaOverGamma=-58.82@policy.pre_bn[40] rvMaxOverMedian=9055.0@blocks.1.bn1[76] rezero=none nonFinite=0
[REPLAY] step=35500 loss=3.6265 pLoss=2.7913 vLoss=0.8292 pEnt=2.926 pIllM=0.0060 playedP=0.154 pW=0.47 pD=0.07 pL=0.46 vAbs=0.225 pLogitMean=-8.9370 vLogitMean=0.5932 gNorm=0.277 lr=0.00117 ms=3386.1 buf=500000 plies=303163023 games=4574468 rejected=0 skipped=0 epoch=0 mom=0.9476 lrCyc[pk=9.7e-01,tr=9.8e-04] trainerStep=35500
[LAYER-HEALTH] live trainerStep=35500 scope=batch_norm_state_only reluSites=2/10 ch=144 dead=22 off=7 alwaysOn=0 worst=policy.pre_bn(dead 20 off 5 on 0) maxBetaOverGamma=+1.73@policy.pre_bn[96] minBetaOverGamma=-58.83@policy.pre_bn[40] rvMaxOverMedian=9075.3@blocks.1.bn1[76] rezero=none nonFinite=0
[REPLAY] step=35550 loss=3.6254 pLoss=2.8012 vLoss=0.8190 pEnt=2.923 pIllM=0.0052 playedP=0.151 pW=0.47 pD=0.07 pL=0.46 vAbs=0.219 pLogitMean=-8.9377 vLogitMean=0.5929 gNorm=0.245 lr=0.00113 ms=2309.7 buf=500000 plies=303589755 games=4580950 rejected=0 skipped=0 epoch=0 mom=0.9480 lrCyc[pk=9.7e-01,tr=9.8e-04] trainerStep=35550
[LAYER-HEALTH] live trainerStep=35550 scope=batch_norm_state_only reluSites=2/10 ch=144 dead=22 off=7 alwaysOn=0 worst=policy.pre_bn(dead 20 off 5 on 0) maxBetaOverGamma=+1.73@policy.pre_bn[96] minBetaOverGamma=-58.86@policy.pre_bn[40] rvMaxOverMedian=9085.4@blocks.1.bn1[76] rezero=none nonFinite=0
[REPLAY] step=35600 loss=3.5682 pLoss=2.7617 vLoss=0.8006 pEnt=2.890 pIllM=0.0059 playedP=0.158 pW=0.47 pD=0.07 pL=0.46 vAbs=0.223 pLogitMean=-8.9348 vLogitMean=0.5930 gNorm=0.260 lr=0.0011 ms=2158.4 buf=500000 plies=304016324 games=4587341 rejected=0 skipped=0 epoch=0 mom=0.9484 lrCyc[pk=9.7e-01,tr=9.8e-04] trainerStep=35600
[LAYER-HEALTH] live trainerStep=35600 scope=batch_norm_state_only reluSites=2/10 ch=144 dead=22 off=7 alwaysOn=0 worst=policy.pre_bn(dead 20 off 5 on 0) maxBetaOverGamma=+1.73@policy.pre_bn[96] minBetaOverGamma=-58.86@policy.pre_bn[40] rvMaxOverMedian=9108.6@blocks.1.bn1[76] rezero=none nonFinite=0
[REPLAY] step=35650 loss=3.5856 pLoss=2.7740 vLoss=0.8054 pEnt=2.891 pIllM=0.0062 playedP=0.158 pW=0.47 pD=0.07 pL=0.46 vAbs=0.222 pLogitMean=-8.9368 vLogitMean=0.5920 gNorm=0.247 lr=0.00107 ms=3231.9 buf=500000 plies=304442997 games=4593709 rejected=0 skipped=0 epoch=0 mom=0.9488 lrCyc[pk=9.7e-01,tr=9.8e-04] trainerStep=35650
[LAYER-HEALTH] live trainerStep=35650 scope=batch_norm_state_only reluSites=2/10 ch=144 dead=22 off=7 alwaysOn=0 worst=policy.pre_bn(dead 20 off 5 on 0) maxBetaOverGamma=+1.73@policy.pre_bn[96] minBetaOverGamma=-58.87@policy.pre_bn[40] rvMaxOverMedian=9111.2@blocks.1.bn1[76] rezero=none nonFinite=0
[REPLAY] step=35700 loss=3.6307 pLoss=2.7995 vLoss=0.8254 pEnt=2.908 pIllM=0.0058 playedP=0.152 pW=0.47 pD=0.07 pL=0.46 vAbs=0.224 pLogitMean=-8.9380 vLogitMean=0.5918 gNorm=0.268 lr=0.00105 ms=3369.6 buf=500000 plies=304869655 games=4600099 rejected=0 skipped=0 epoch=0 mom=0.9491 lrCyc[pk=9.7e-01,tr=9.8e-04] trainerStep=35700
[LAYER-HEALTH] live trainerStep=35700 scope=batch_norm_state_only reluSites=2/10 ch=144 dead=22 off=7 alwaysOn=0 worst=policy.pre_bn(dead 20 off 5 on 0) maxBetaOverGamma=+1.73@policy.pre_bn[96] minBetaOverGamma=-58.88@policy.pre_bn[40] rvMaxOverMedian=9129.3@blocks.1.bn1[76] rezero=none nonFinite=0
[REPLAY] step=35750 loss=3.6043 pLoss=2.7709 vLoss=0.8281 pEnt=2.892 pIllM=0.0053 playedP=0.160 pW=0.47 pD=0.07 pL=0.46 vAbs=0.220 pLogitMean=-8.9380 vLogitMean=0.5941 gNorm=0.258 lr=0.00103 ms=3362.9 buf=500000 plies=305296312 games=4606546 rejected=0 skipped=0 epoch=0 mom=0.9494 lrCyc[pk=9.7e-01,tr=9.8e-04] trainerStep=35750
[LAYER-HEALTH] live trainerStep=35750 scope=batch_norm_state_only reluSites=2/10 ch=144 dead=22 off=7 alwaysOn=0 worst=policy.pre_bn(dead 20 off 5 on 0) maxBetaOverGamma=+1.73@policy.pre_bn[96] minBetaOverGamma=-58.88@policy.pre_bn[40] rvMaxOverMedian=9129.2@blocks.1.bn1[76] rezero=none nonFinite=0
[REPLAY] step=35800 loss=3.5701 pLoss=2.7588 vLoss=0.8055 pEnt=2.892 pIllM=0.0057 playedP=0.157 pW=0.47 pD=0.07 pL=0.46 vAbs=0.222 pLogitMean=-8.9382 vLogitMean=0.5943 gNorm=0.272 lr=0.00101 ms=3119.0 buf=500000 plies=305723002 games=4612911 rejected=0 skipped=0 epoch=0 mom=0.9496 lrCyc[pk=9.7e-01,tr=9.8e-04] trainerStep=35800
[LAYER-HEALTH] live trainerStep=35800 scope=batch_norm_state_only reluSites=2/10 ch=144 dead=22 off=7 alwaysOn=0 worst=policy.pre_bn(dead 20 off 5 on 0) maxBetaOverGamma=+1.73@policy.pre_bn[96] minBetaOverGamma=-58.92@policy.pre_bn[40] rvMaxOverMedian=9112.7@blocks.1.bn1[76] rezero=none nonFinite=0
[REPLAY] step=35850 loss=3.5749 pLoss=2.7538 vLoss=0.8158 pEnt=2.890 pIllM=0.0052 playedP=0.161 pW=0.47 pD=0.07 pL=0.47 vAbs=0.228 pLogitMean=-8.9370 vLogitMean=0.5930 gNorm=0.258 lr=0.000999 ms=3972.1 buf=500000 plies=306149582 games=4619374 rejected=0 skipped=0 epoch=0 mom=0.9498 lrCyc[pk=9.7e-01,tr=9.8e-04] trainerStep=35850
[LAYER-HEALTH] live trainerStep=35850 scope=batch_norm_state_only reluSites=2/10 ch=144 dead=22 off=7 alwaysOn=0 worst=policy.pre_bn(dead 20 off 5 on 0) maxBetaOverGamma=+1.73@policy.pre_bn[96] minBetaOverGamma=-58.95@policy.pre_bn[40] rvMaxOverMedian=9114.1@blocks.1.bn1[76] rezero=none nonFinite=0
[REPLAY] step=35900 loss=3.5870 pLoss=2.7719 vLoss=0.8093 pEnt=2.921 pIllM=0.0058 playedP=0.154 pW=0.47 pD=0.07 pL=0.46 vAbs=0.223 pLogitMean=-8.9391 vLogitMean=0.5931 gNorm=0.282 lr=0.000991 ms=4325.0 buf=500000 plies=306576239 games=4625868 rejected=0 skipped=0 epoch=0 mom=0.9499 lrCyc[pk=9.7e-01,tr=9.8e-04] trainerStep=35900
[LAYER-HEALTH] live trainerStep=35900 scope=batch_norm_state_only reluSites=2/10 ch=144 dead=22 off=7 alwaysOn=0 worst=policy.pre_bn(dead 20 off 5 on 0) maxBetaOverGamma=+1.73@policy.pre_bn[96] minBetaOverGamma=-58.96@policy.pre_bn[40] rvMaxOverMedian=9112.0@blocks.1.bn1[76] rezero=none nonFinite=0
[REPLAY] step=35950 loss=3.6059 pLoss=2.7903 vLoss=0.8098 pEnt=2.911 pIllM=0.0058 playedP=0.154 pW=0.47 pD=0.06 pL=0.47 vAbs=0.221 pLogitMean=-8.9392 vLogitMean=0.5917 gNorm=0.253 lr=0.000986 ms=3724.9 buf=500000 plies=307002906 games=4632298 rejected=0 skipped=0 epoch=0 mom=0.9500 lrCyc[pk=9.7e-01,tr=9.8e-04] trainerStep=35950
[LAYER-HEALTH] live trainerStep=35950 scope=batch_norm_state_only reluSites=2/10 ch=144 dead=22 off=7 alwaysOn=0 worst=policy.pre_bn(dead 20 off 5 on 0) maxBetaOverGamma=+1.73@policy.pre_bn[96] minBetaOverGamma=-58.96@policy.pre_bn[40] rvMaxOverMedian=9120.0@blocks.1.bn1[76] rezero=none nonFinite=0
[REPLAY] step=36000 loss=3.5778 pLoss=2.7618 vLoss=0.8103 pEnt=2.901 pIllM=0.0057 playedP=0.158 pW=0.47 pD=0.06 pL=0.46 vAbs=0.224 pLogitMean=-8.9410 vLogitMean=0.5944 gNorm=0.262 lr=0.000984 ms=4321.7 buf=500000 plies=307429526 games=4638717 rejected=0 skipped=0 epoch=0 mom=0.9500 lrCyc[pk=9.7e-01,tr=9.8e-04] trainerStep=36000
[LAYER-HEALTH] live trainerStep=36000 scope=batch_norm_state_only reluSites=2/10 ch=144 dead=22 off=7 alwaysOn=0 worst=policy.pre_bn(dead 20 off 5 on 0) maxBetaOverGamma=+1.73@policy.pre_bn[96] minBetaOverGamma=-58.96@policy.pre_bn[40] rvMaxOverMedian=9122.4@blocks.1.bn1[76] rezero=none nonFinite=0
[REPLAY] saved trainer model (autosave) step=36000 trainerStep=36000 nextGame=4638717 shard=10 epoch=0 -> 20261005-lrBsilu-cyc1-replay-latest.safetensors
[LAYER-HEALTH] checkpoint replay-autosave step=36000 trainerStep=36000 scope=all_tensors reluSites=2/10 ch=144 dead=22 off=7 alwaysOn=0 worst=policy.pre_bn(dead 20 off 5 on 0) maxBetaOverGamma=+1.73@policy.pre_bn[96] minBetaOverGamma=-58.96@policy.pre_bn[40] rvMaxOverMedian=9122.4@blocks.1.bn1[76] rezero=none nonFinite=0 seZeroVel=none valueFC1ZeroVel=0/128 maxAbs=1158@blocks.0.bn2.running_var
[LAYER-HEALTH]   batch-norm sites — β/|γ|: dead < -3.00, mostly off < -2.00, always on > +3.00; classified for relu/leaky_relu only
[LAYER-HEALTH]     site            act            ch   dead    off     on  zeroγ nonfin  min β/|γ| [ch]     max β/|γ| [ch]     rv max/median [ch]
[LAYER-HEALTH]     stem.bn         -             128    n/a    n/a    n/a      0      0     -9.48 [40]         +0.45 [102]          19.2 [43]
[LAYER-HEALTH]     blocks.0.bn1    silu          128    n/a    n/a    n/a      0      0   -438.75 [34]         +0.41 [87]            9.0 [35]
[LAYER-HEALTH]     blocks.0.bn2    silu          128    n/a    n/a    n/a      0      0    -45.89 [36]        +34.09 [3]           289.5 [48]
[LAYER-HEALTH]     blocks.1.bn1    silu          128    n/a    n/a    n/a      0      0  -1571.88 [105]        +2.00 [67]         9122.4 [76]
[LAYER-HEALTH]     blocks.1.bn2    silu          128    n/a    n/a    n/a      0      0    -12.94 [103]        +1.78 [37]           19.2 [86]
[LAYER-HEALTH]     blocks.2.bn1    silu          128    n/a    n/a    n/a      0      0    -32.95 [24]         +2.07 [22]         7505.4 [76]
[LAYER-HEALTH]     blocks.2.bn2    silu          128    n/a    n/a    n/a      0      0     -7.23 [24]        +20.20 [113]           6.6 [72]
[LAYER-HEALTH]     tower_final_bn  silu          128    n/a    n/a    n/a      0      0     -1.18 [64]         +2.75 [47]           18.1 [31]
[LAYER-HEALTH]     policy.pre_bn   leaky_relu    128     20      5      0      0      0    -58.96 [40]         +1.73 [96]            6.2 [125]
[LAYER-HEALTH]     value.bn        leaky_relu     16      2      2      0      0      0     -4.64 [10]         -0.66 [3]             3.2 [3]
[LAYER-HEALTH]   FC hidden-unit velocity — zero: every weight-velocity entry exactly 0; low: nonzero but < 5% of the layer's p90 unit norm
[LAYER-HEALTH]     value.fc1.weight  leaky_relu  units 128  zero 0  low 50  median unit norm 0.005921
[LAYER-HEALTH]     (no SE blocks)
[LAYER-HEALTH]   ReZero: none
[LAYER-HEALTH]   non-finite: 0 values in 0 of 102 tensors (10263038 values examined)
[LAYER-HEALTH]   largest |value|: blocks.0.bn2.running_var 1158, blocks.1.bn1.running_var 768.6, blocks.2.bn1.running_var 447.8, blocks.2.bn1.running_mean 198, blocks.1.bn2.running_var 165.5
[REPLAY] enumerated checkpoint -> 20261005-lrBsilu-cyc1-replay-step36000.safetensors
[REPLAY] step=36050 loss=3.5684 pLoss=2.7551 vLoss=0.8075 pEnt=2.900 pIllM=0.0059 playedP=0.157 pW=0.47 pD=0.07 pL=0.46 vAbs=0.223 pLogitMean=-8.9399 vLogitMean=0.5920 gNorm=0.291 lr=0.000986 ms=3517.6 buf=500000 plies=307856217 games=4645197 rejected=0 skipped=0 epoch=0 mom=0.9500 lrCyc[pk=9.7e-01,tr=9.8e-04] trainerStep=36050
[LAYER-HEALTH] live trainerStep=36050 scope=batch_norm_state_only reluSites=2/10 ch=144 dead=22 off=7 alwaysOn=0 worst=policy.pre_bn(dead 20 off 5 on 0) maxBetaOverGamma=+1.73@policy.pre_bn[96] minBetaOverGamma=-59.01@policy.pre_bn[40] rvMaxOverMedian=9104.0@blocks.1.bn1[76] rezero=none nonFinite=0
[REPLAY] SIGINT received — finishing current step, saving, then exiting (Ctrl-C again to force-quit)
[REPLAY] abort requested — stopping at step 36066
[REPLAY] saved trainer model (abort) step=36066 trainerStep=36066 nextGame=4647312 shard=10 epoch=0 -> 20261005-lrBsilu-cyc1-replay-latest.safetensors
[LAYER-HEALTH] checkpoint replay-abort step=36066 trainerStep=36066 scope=all_tensors reluSites=2/10 ch=144 dead=22 off=7 alwaysOn=0 worst=policy.pre_bn(dead 20 off 5 on 0) maxBetaOverGamma=+1.73@policy.pre_bn[96] minBetaOverGamma=-59.03@policy.pre_bn[40] rvMaxOverMedian=9097.1@blocks.1.bn1[76] rezero=none nonFinite=0 seZeroVel=none valueFC1ZeroVel=0/128 maxAbs=1156@blocks.0.bn2.running_var
[LAYER-HEALTH]   batch-norm sites — β/|γ|: dead < -3.00, mostly off < -2.00, always on > +3.00; classified for relu/leaky_relu only
[LAYER-HEALTH]     site            act            ch   dead    off     on  zeroγ nonfin  min β/|γ| [ch]     max β/|γ| [ch]     rv max/median [ch]
[LAYER-HEALTH]     stem.bn         -             128    n/a    n/a    n/a      0      0     -9.49 [40]         +0.45 [102]          19.2 [43]
[LAYER-HEALTH]     blocks.0.bn1    silu          128    n/a    n/a    n/a      0      0   -422.59 [34]         +0.41 [87]            9.0 [35]
[LAYER-HEALTH]     blocks.0.bn2    silu          128    n/a    n/a    n/a      0      0    -45.89 [36]        +34.08 [3]           289.3 [48]
[LAYER-HEALTH]     blocks.1.bn1    silu          128    n/a    n/a    n/a      0      0  -1562.65 [105]        +2.00 [67]         9097.1 [76]
[LAYER-HEALTH]     blocks.1.bn2    silu          128    n/a    n/a    n/a      0      0    -12.94 [103]        +1.78 [37]           19.3 [86]
[LAYER-HEALTH]     blocks.2.bn1    silu          128    n/a    n/a    n/a      0      0    -32.94 [24]         +2.07 [22]         7499.3 [76]
[LAYER-HEALTH]     blocks.2.bn2    silu          128    n/a    n/a    n/a      0      0     -7.23 [24]        +20.32 [113]           6.6 [72]
[LAYER-HEALTH]     tower_final_bn  silu          128    n/a    n/a    n/a      0      0     -1.18 [64]         +2.75 [47]           18.1 [31]
[LAYER-HEALTH]     policy.pre_bn   leaky_relu    128     20      5      0      0      0    -59.03 [40]         +1.73 [96]            6.2 [125]
[LAYER-HEALTH]     value.bn        leaky_relu     16      2      2      0      0      0     -4.64 [10]         -0.66 [3]             3.1 [3]
[LAYER-HEALTH]   FC hidden-unit velocity — zero: every weight-velocity entry exactly 0; low: nonzero but < 5% of the layer's p90 unit norm
[LAYER-HEALTH]     value.fc1.weight  leaky_relu  units 128  zero 0  low 48  median unit norm 0.004839
[LAYER-HEALTH]     (no SE blocks)
[LAYER-HEALTH]   ReZero: none
[LAYER-HEALTH]   non-finite: 0 values in 0 of 102 tensors (10263038 values examined)
[LAYER-HEALTH]   largest |value|: blocks.0.bn2.running_var 1156, blocks.1.bn1.running_var 766.9, blocks.2.bn1.running_var 447.6, blocks.2.bn1.running_mean 198, blocks.1.bn2.running_var 165
[REPLAY] enumerated checkpoint -> 20261005-lrBsilu-cyc1-replay-step36066.safetensors
[REPLAY] done: steps=36066 positionsFed=307992724 gamesFed=4647312 rejected=0 skipped=0 epochs=0
