warning: loc(fused["mps_add_18"("(mpsFileLoc): /AppleInternal/Library/BuildRoots/4~CYf0ugAFA2MHVp9fguae4KUVbl8-CIxgGlWKSUA/Library/Caches/com.apple.xbs/TemporaryDirectory.p76yMP/Sources/MetalPerformanceShadersGraph/mpsgraph/MetalPerformanceShadersGraph/Core/Files/MPSGraphUtilities.mm":234:0), "ane_validation_message"("Incompatible element type for ANE: expected fp16, f8E4M3, si8, ui8, si16, or ui16":0:0)]): Reached maxReorderingDistance 10
warning: loc(fused["mps_add_18"("(mpsFileLoc): /AppleInternal/Library/BuildRoots/4~CYf0ugAFA2MHVp9fguae4KUVbl8-CIxgGlWKSUA/Library/Caches/com.apple.xbs/TemporaryDirectory.p76yMP/Sources/MetalPerformanceShadersGraph/mpsgraph/MetalPerformanceShadersGraph/Core/Files/MPSGraphUtilities.mm":234:0), "ane_validation_message"("Incompatible element type for ANE: expected fp16, f8E4M3, si8, ui8, si16, or ui16":0:0)]): Reached maxReorderingDistance 10
warning: loc(fused["mps_add_24"("(mpsFileLoc): /AppleInternal/Library/BuildRoots/4~CYf0ugAFA2MHVp9fguae4KUVbl8-CIxgGlWKSUA/Library/Caches/com.apple.xbs/TemporaryDirectory.p76yMP/Sources/MetalPerformanceShadersGraph/mpsgraph/MetalPerformanceShadersGraph/Core/Files/MPSGraphUtilities.mm":234:0), "ane_validation_message"("Incompatible element type for ANE: expected fp16, f8E4M3, si8, ui8, si16, or ui16":0:0)]): Reached maxReorderingDistance 10
warning: loc(fused["mps_add_24"("(mpsFileLoc): /AppleInternal/Library/BuildRoots/4~CYf0ugAFA2MHVp9fguae4KUVbl8-CIxgGlWKSUA/Library/Caches/com.apple.xbs/TemporaryDirectory.p76yMP/Sources/MetalPerformanceShadersGraph/mpsgraph/MetalPerformanceShadersGraph/Core/Files/MPSGraphUtilities.mm":234:0), "ane_validation_message"("Incompatible element type for ANE: expected fp16, f8E4M3, si8, ui8, si16, or ui16":0:0)]): Reached maxReorderingDistance 10
warning: loc(fused["mps_add_36"("(mpsFileLoc): /AppleInternal/Library/BuildRoots/4~CYf0ugAFA2MHVp9fguae4KUVbl8-CIxgGlWKSUA/Library/Caches/com.apple.xbs/TemporaryDirectory.p76yMP/Sources/MetalPerformanceShadersGraph/mpsgraph/MetalPerformanceShadersGraph/Core/Files/MPSGraphUtilities.mm":234:0), "ane_validation_message"("Incompatible element type for ANE: expected fp16, f8E4M3, si8, ui8, si16, or ui16":0:0)]): Reached maxReorderingDistance 10
warning: loc(fused["mps_add_36"("(mpsFileLoc): /AppleInternal/Library/BuildRoots/4~CYf0ugAFA2MHVp9fguae4KUVbl8-CIxgGlWKSUA/Library/Caches/com.apple.xbs/TemporaryDirectory.p76yMP/Sources/MetalPerformanceShadersGraph/mpsgraph/MetalPerformanceShadersGraph/Core/Files/MPSGraphUtilities.mm":234:0), "ane_validation_message"("Incompatible element type for ANE: expected fp16, f8E4M3, si8, ui8, si16, or ui16":0:0)]): Reached maxReorderingDistance 10
warning: loc(fused["mps_add_48"("(mpsFileLoc): /AppleInternal/Library/BuildRoots/4~CYf0ugAFA2MHVp9fguae4KUVbl8-CIxgGlWKSUA/Library/Caches/com.apple.xbs/TemporaryDirectory.p76yMP/Sources/MetalPerformanceShadersGraph/mpsgraph/MetalPerformanceShadersGraph/Core/Files/MPSGraphUtilities.mm":234:0), "ane_validation_message"("Incompatible element type for ANE: expected fp16, f8E4M3, si8, ui8, si16, or ui16":0:0)]): Reached maxReorderingDistance 10
warning: loc(fused["mps_add_18"("(mpsFileLoc): /AppleInternal/Library/BuildRoots/4~CYf0ugAFA2MHVp9fguae4KUVbl8-CIxgGlWKSUA/Library/Caches/com.apple.xbs/TemporaryDirectory.p76yMP/Sources/MetalPerformanceShadersGraph/mpsgraph/MetalPerformanceShadersGraph/Core/Files/MPSGraphUtilities.mm":234:0), "ane_validation_message"("Incompatible element type for ANE: expected fp16, f8E4M3, si8, ui8, si16, or ui16":0:0)]): Reached maxReorderingDistance 10
warning: loc(fused["mps_add_18"("(mpsFileLoc): /AppleInternal/Library/BuildRoots/4~CYf0ugAFA2MHVp9fguae4KUVbl8-CIxgGlWKSUA/Library/Caches/com.apple.xbs/TemporaryDirectory.p76yMP/Sources/MetalPerformanceShadersGraph/mpsgraph/MetalPerformanceShadersGraph/Core/Files/MPSGraphUtilities.mm":234:0), "ane_validation_message"("Incompatible element type for ANE: expected fp16, f8E4M3, si8, ui8, si16, or ui16":0:0)]): Reached maxReorderingDistance 10
warning: loc(fused["mps_add_24"("(mpsFileLoc): /AppleInternal/Library/BuildRoots/4~CYf0ugAFA2MHVp9fguae4KUVbl8-CIxgGlWKSUA/Library/Caches/com.apple.xbs/TemporaryDirectory.p76yMP/Sources/MetalPerformanceShadersGraph/mpsgraph/MetalPerformanceShadersGraph/Core/Files/MPSGraphUtilities.mm":234:0), "ane_validation_message"("Incompatible element type for ANE: expected fp16, f8E4M3, si8, ui8, si16, or ui16":0:0)]): Reached maxReorderingDistance 10
warning: loc(fused["mps_add_24"("(mpsFileLoc): /AppleInternal/Library/BuildRoots/4~CYf0ugAFA2MHVp9fguae4KUVbl8-CIxgGlWKSUA/Library/Caches/com.apple.xbs/TemporaryDirectory.p76yMP/Sources/MetalPerformanceShadersGraph/mpsgraph/MetalPerformanceShadersGraph/Core/Files/MPSGraphUtilities.mm":234:0), "ane_validation_message"("Incompatible element type for ANE: expected fp16, f8E4M3, si8, ui8, si16, or ui16":0:0)]): Reached maxReorderingDistance 10
warning: loc(fused["mps_add_36"("(mpsFileLoc): /AppleInternal/Library/BuildRoots/4~CYf0ugAFA2MHVp9fguae4KUVbl8-CIxgGlWKSUA/Library/Caches/com.apple.xbs/TemporaryDirectory.p76yMP/Sources/MetalPerformanceShadersGraph/mpsgraph/MetalPerformanceShadersGraph/Core/Files/MPSGraphUtilities.mm":234:0), "ane_validation_message"("Incompatible element type for ANE: expected fp16, f8E4M3, si8, ui8, si16, or ui16":0:0)]): Reached maxReorderingDistance 10
warning: loc(fused["mps_add_36"("(mpsFileLoc): /AppleInternal/Library/BuildRoots/4~CYf0ugAFA2MHVp9fguae4KUVbl8-CIxgGlWKSUA/Library/Caches/com.apple.xbs/TemporaryDirectory.p76yMP/Sources/MetalPerformanceShadersGraph/mpsgraph/MetalPerformanceShadersGraph/Core/Files/MPSGraphUtilities.mm":234:0), "ane_validation_message"("Incompatible element type for ANE: expected fp16, f8E4M3, si8, ui8, si16, or ui16":0:0)]): Reached maxReorderingDistance 10
warning: loc(fused["mps_add_48"("(mpsFileLoc): /AppleInternal/Library/BuildRoots/4~CYf0ugAFA2MHVp9fguae4KUVbl8-CIxgGlWKSUA/Library/Caches/com.apple.xbs/TemporaryDirectory.p76yMP/Sources/MetalPerformanceShadersGraph/mpsgraph/MetalPerformanceShadersGraph/Core/Files/MPSGraphUtilities.mm":234:0), "ane_validation_message"("Incompatible element type for ANE: expected fp16, f8E4M3, si8, ui8, si16, or ui16":0:0)]): Reached maxReorderingDistance 10
warning: loc(fused["mps_add_18"("(mpsFileLoc): /AppleInternal/Library/BuildRoots/4~CYf0ugAFA2MHVp9fguae4KUVbl8-CIxgGlWKSUA/Library/Caches/com.apple.xbs/TemporaryDirectory.p76yMP/Sources/MetalPerformanceShadersGraph/mpsgraph/MetalPerformanceShadersGraph/Core/Files/MPSGraphUtilities.mm":234:0), "ane_validation_message"("Incompatible element type for ANE: expected fp16, f8E4M3, si8, ui8, si16, or ui16":0:0)]): Reached maxReorderingDistance 10
warning: loc(fused["mps_add_18"("(mpsFileLoc): /AppleInternal/Library/BuildRoots/4~CYf0ugAFA2MHVp9fguae4KUVbl8-CIxgGlWKSUA/Library/Caches/com.apple.xbs/TemporaryDirectory.p76yMP/Sources/MetalPerformanceShadersGraph/mpsgraph/MetalPerformanceShadersGraph/Core/Files/MPSGraphUtilities.mm":234:0), "ane_validation_message"("Incompatible element type for ANE: expected fp16, f8E4M3, si8, ui8, si16, or ui16":0:0)]): Reached maxReorderingDistance 10
warning: loc(fused["mps_add_24"("(mpsFileLoc): /AppleInternal/Library/BuildRoots/4~CYf0ugAFA2MHVp9fguae4KUVbl8-CIxgGlWKSUA/Library/Caches/com.apple.xbs/TemporaryDirectory.p76yMP/Sources/MetalPerformanceShadersGraph/mpsgraph/MetalPerformanceShadersGraph/Core/Files/MPSGraphUtilities.mm":234:0), "ane_validation_message"("Incompatible element type for ANE: expected fp16, f8E4M3, si8, ui8, si16, or ui16":0:0)]): Reached maxReorderingDistance 10
warning: loc(fused["mps_add_24"("(mpsFileLoc): /AppleInternal/Library/BuildRoots/4~CYf0ugAFA2MHVp9fguae4KUVbl8-CIxgGlWKSUA/Library/Caches/com.apple.xbs/TemporaryDirectory.p76yMP/Sources/MetalPerformanceShadersGraph/mpsgraph/MetalPerformanceShadersGraph/Core/Files/MPSGraphUtilities.mm":234:0), "ane_validation_message"("Incompatible element type for ANE: expected fp16, f8E4M3, si8, ui8, si16, or ui16":0:0)]): Reached maxReorderingDistance 10
warning: loc(fused["mps_add_36"("(mpsFileLoc): /AppleInternal/Library/BuildRoots/4~CYf0ugAFA2MHVp9fguae4KUVbl8-CIxgGlWKSUA/Library/Caches/com.apple.xbs/TemporaryDirectory.p76yMP/Sources/MetalPerformanceShadersGraph/mpsgraph/MetalPerformanceShadersGraph/Core/Files/MPSGraphUtilities.mm":234:0), "ane_validation_message"("Incompatible element type for ANE: expected fp16, f8E4M3, si8, ui8, si16, or ui16":0:0)]): Reached maxReorderingDistance 10
warning: loc(fused["mps_add_36"("(mpsFileLoc): /AppleInternal/Library/BuildRoots/4~CYf0ugAFA2MHVp9fguae4KUVbl8-CIxgGlWKSUA/Library/Caches/com.apple.xbs/TemporaryDirectory.p76yMP/Sources/MetalPerformanceShadersGraph/mpsgraph/MetalPerformanceShadersGraph/Core/Files/MPSGraphUtilities.mm":234:0), "ane_validation_message"("Incompatible element type for ANE: expected fp16, f8E4M3, si8, ui8, si16, or ui16":0:0)]): Reached maxReorderingDistance 10
warning: loc(fused["mps_add_48"("(mpsFileLoc): /AppleInternal/Library/BuildRoots/4~CYf0ugAFA2MHVp9fguae4KUVbl8-CIxgGlWKSUA/Library/Caches/com.apple.xbs/TemporaryDirectory.p76yMP/Sources/MetalPerformanceShadersGraph/mpsgraph/MetalPerformanceShadersGraph/Core/Files/MPSGraphUtilities.mm":234:0), "ane_validation_message"("Incompatible element type for ANE: expected fp16, f8E4M3, si8, ui8, si16, or ui16":0:0)]): Reached maxReorderingDistance 10
warning: loc(fused["mps_add_18"("(mpsFileLoc): /AppleInternal/Library/BuildRoots/4~CYf0ugAFA2MHVp9fguae4KUVbl8-CIxgGlWKSUA/Library/Caches/com.apple.xbs/TemporaryDirectory.p76yMP/Sources/MetalPerformanceShadersGraph/mpsgraph/MetalPerformanceShadersGraph/Core/Files/MPSGraphUtilities.mm":234:0), "ane_validation_message"("Incompatible element type for ANE: expected fp16, f8E4M3, si8, ui8, si16, or ui16":0:0)]): Reached maxReorderingDistance 10
warning: loc(fused["mps_add_18"("(mpsFileLoc): /AppleInternal/Library/BuildRoots/4~CYf0ugAFA2MHVp9fguae4KUVbl8-CIxgGlWKSUA/Library/Caches/com.apple.xbs/TemporaryDirectory.p76yMP/Sources/MetalPerformanceShadersGraph/mpsgraph/MetalPerformanceShadersGraph/Core/Files/MPSGraphUtilities.mm":234:0), "ane_validation_message"("Incompatible element type for ANE: expected fp16, f8E4M3, si8, ui8, si16, or ui16":0:0)]): Reached maxReorderingDistance 10
warning: loc(fused["mps_add_24"("(mpsFileLoc): /AppleInternal/Library/BuildRoots/4~CYf0ugAFA2MHVp9fguae4KUVbl8-CIxgGlWKSUA/Library/Caches/com.apple.xbs/TemporaryDirectory.p76yMP/Sources/MetalPerformanceShadersGraph/mpsgraph/MetalPerformanceShadersGraph/Core/Files/MPSGraphUtilities.mm":234:0), "ane_validation_message"("Incompatible element type for ANE: expected fp16, f8E4M3, si8, ui8, si16, or ui16":0:0)]): Reached maxReorderingDistance 10
warning: loc(fused["mps_add_24"("(mpsFileLoc): /AppleInternal/Library/BuildRoots/4~CYf0ugAFA2MHVp9fguae4KUVbl8-CIxgGlWKSUA/Library/Caches/com.apple.xbs/TemporaryDirectory.p76yMP/Sources/MetalPerformanceShadersGraph/mpsgraph/MetalPerformanceShadersGraph/Core/Files/MPSGraphUtilities.mm":234:0), "ane_validation_message"("Incompatible element type for ANE: expected fp16, f8E4M3, si8, ui8, si16, or ui16":0:0)]): Reached maxReorderingDistance 10
warning: loc(fused["mps_add_36"("(mpsFileLoc): /AppleInternal/Library/BuildRoots/4~CYf0ugAFA2MHVp9fguae4KUVbl8-CIxgGlWKSUA/Library/Caches/com.apple.xbs/TemporaryDirectory.p76yMP/Sources/MetalPerformanceShadersGraph/mpsgraph/MetalPerformanceShadersGraph/Core/Files/MPSGraphUtilities.mm":234:0), "ane_validation_message"("Incompatible element type for ANE: expected fp16, f8E4M3, si8, ui8, si16, or ui16":0:0)]): Reached maxReorderingDistance 10
warning: loc(fused["mps_add_36"("(mpsFileLoc): /AppleInternal/Library/BuildRoots/4~CYf0ugAFA2MHVp9fguae4KUVbl8-CIxgGlWKSUA/Library/Caches/com.apple.xbs/TemporaryDirectory.p76yMP/Sources/MetalPerformanceShadersGraph/mpsgraph/MetalPerformanceShadersGraph/Core/Files/MPSGraphUtilities.mm":234:0), "ane_validation_message"("Incompatible element type for ANE: expected fp16, f8E4M3, si8, ui8, si16, or ui16":0:0)]): Reached maxReorderingDistance 10
warning: loc(fused["mps_add_48"("(mpsFileLoc): /AppleInternal/Library/BuildRoots/4~CYf0ugAFA2MHVp9fguae4KUVbl8-CIxgGlWKSUA/Library/Caches/com.apple.xbs/TemporaryDirectory.p76yMP/Sources/MetalPerformanceShadersGraph/mpsgraph/MetalPerformanceShadersGraph/Core/Files/MPSGraphUtilities.mm":234:0), "ane_validation_message"("Incompatible element type for ANE: expected fp16, f8E4M3, si8, ui8, si16, or ui16":0:0)]): Reached maxReorderingDistance 10
[REPLAY] starting offline corpus replay over 1 corpus path(s)
[REPLAY] start-model: 20261005-lrBsilu-cyc1-replay-step18000.safetensors modelID=20261006-44-8ipq encoding=basic24
[RESUME-NUMERICS] policy_tail_precision=fp32_from_pre_bn matches the checkpoint
[REPLAY-ARCH] (start-model) v5 . in basic24(24) -> stem 128 (7x7) . 3x[7x7+7x7 @128, no-SE, silu/pre, clean_add, no-ReZero, out:layer_norm, drop*1] . act tower_end silu, policy leaky_relu, value_conv leaky_relu, value_fc1_hidden leaky_relu . policy intermediate_conv(4864) . value WDL(16->FC128) . bfloat16 . 5,132,687 params
[REPLAY-HPARAMS] lr=0.001 batch=4096 wd=0.0003 momentum=0.9 gradClip=1 entropyBonus=0 drawPenalty=0 policyW=1 valueW=1 illegalW=1 pLabelSmooth=0.1 pLabelSmoothMode=fixed_total pLabelSmoothPerMove=0.0033 pLabelSmoothPerMoveCap=0.5 vLabelSmooth=0.013 dropout=0 lrWarmup=1000 bufCap=500000 replayRatio=0.48 minPrefill=250000 complementCE=on sqrtBatchLR=on batchStats=10 klProbe=100 sampling=(maxPerGame=400 maxDrawPct=100 targetLen=0 stratify=off applied=on)
[REPLAY] trainer-model output: /Users/andrew/Library/Application Support/DrewsChessMachine/Models/20261006-lrBsilu-clip1-replay-latest.safetensors (new file)
[REPLAY] enumerated checkpoints: /Users/andrew/Library/Application Support/DrewsChessMachine/Models/20261006-lrBsilu-clip1-replay-seg1-step1000.safetensors and siblings (never overwritten)
[REPLAY] corpus 20260624-192615-w3aA5b: 46 sealed shard(s)
[RESUME] EXACT
[PARAM] random_seed_mode and random_seed=0 not used: an exact resume keeps the run's seed
[REPLAY] building network + trainer (encoding=basic24)
[NUMERICS] policy_tail_precision=fp32_from_pre_bn source=flag (affects bf16 / fp16 models only)
[RESUME] rng: sampler=restored
[RESUME] rng: dropout stream=restored
[REPLAY] start-model trainer state restored exactly (fp32 masters, velocity, trainerStep=18000) + feeder net (base tensors=61)
[REPLAY-CYCLE] lr=[trough 1.00e-03,peak 1.00e+00]^10000st cnt=0 inv=true mom=[0.75,0.90]^1000st cnt=0 inv=false decay=[peak->1.00e-04 trough->1.00e-05 over 10000000st] momFollow=[low 0.850->0.900 high 0.950->0.950] origin=trainerStep 18000 cycleStep 17000 cycleLR=1.0762e-02 cycleMom=0.9155 (exact resume of 20261006-44-8ipq)
[RUN] path=replay run=085EF48A-CD92-47F9-AE00-512F86091177 seg=1 (exact resume of 20261006-44-8ipq sha=4697674c64a7) build=2330 git=4e70c615 dirty=true device="Apple M5 Max" vm=false os="Version 27.2 (Build 26B5091g)" seed=20261005 mode=resumed(configured) derivation=v1 params_sha=84c648a13319 cum_step=18000 cum_games=2323995 cum_train_sec=40841.48844122887 argv="/Users/andrew/Library/Application Support/DrewsChessMachine/FrozenBuilds/DCM-2331-4e70c615-p1headact.app/Contents/MacOS/DrewsChessMachine --replay-corpus 20260624-192615-w3aA5b --start-model /Users/andrew/Library/Application Support/DrewsChessMachine/Models/20261005-lrBsilu-cyc1-replay-step18000.safetensors --resume-exact --accept-inexact params --out-model /Users/andrew/Library/Application Support/DrewsChessMachine/Models/20261006-lrBsilu-clip1-replay-latest.safetensors --parameters /Users/andrew/cursor/drews-chess-machine/experiments/20261005-lr-schedule-ab/parameters-Bsilu-clip1.json --epochs 12 --training-step-limit 22000 --enumerate-checkpoints --policy-tail-precision fp32_from_pre_bn --seed 20261005"
[REPLAY] batchSize=4096 reuse=0.48 K=8533 minPrefill=250000 stepLimit=22000 epochLimit=12
[REPLAY] pre-filled: bufCount=500000 positionsFed=757384 gamesFed=11325 rejected=0 skipped=0
[REPLAY] step=1 loss=3.5164 pLoss=2.7190 vLoss=0.7954 pEnt=-- pIllM=0.0021 playedP=-- pW=-- pD=-- pL=-- vAbs=-- pLogitMean=-- vLogitMean=-- gNorm=0.249 lr=0.0108 ms=5584.2 buf=500000 plies=765925 games=11447 rejected=0 skipped=0 epoch=0 mom=0.9155 lrCyc[pk=9.8e-01,tr=9.9e-04] trainerStep=18001
[LAYER-HEALTH] live trainerStep=18001 scope=batch_norm_state_only reluSites=2/10 ch=144 dead=0 off=0 alwaysOn=0 worst=none maxBetaOverGamma=+2.06@policy.pre_bn[103] minBetaOverGamma=-1.97@value.bn[4] rvMaxOverMedian=59.8@blocks.2.bn1[31] rezero=none nonFinite=0
[REPLAY] step=50 loss=3.5098 pLoss=2.7017 vLoss=0.8056 pEnt=2.855 pIllM=0.0025 playedP=0.174 pW=0.47 pD=0.07 pL=0.46 vAbs=0.240 pLogitMean=-9.7952 vLogitMean=0.5972 gNorm=0.262 lr=0.0119 ms=3012.5 buf=500000 plies=1184017 games=17656 rejected=0 skipped=0 epoch=0 mom=0.9140 lrCyc[pk=9.8e-01,tr=9.9e-04] trainerStep=18050
[LAYER-HEALTH] live trainerStep=18050 scope=batch_norm_state_only reluSites=2/10 ch=144 dead=0 off=0 alwaysOn=0 worst=none maxBetaOverGamma=+2.06@policy.pre_bn[103] minBetaOverGamma=-1.97@value.bn[4] rvMaxOverMedian=59.6@blocks.2.bn1[31] rezero=none nonFinite=0
[REPLAY] step=100 loss=3.5507 pLoss=2.7368 vLoss=0.8112 pEnt=2.870 pIllM=0.0026 playedP=0.171 pW=0.47 pD=0.07 pL=0.46 vAbs=0.232 pLogitMean=-9.7979 vLogitMean=0.5937 gNorm=0.254 lr=0.0133 ms=3396.0 buf=500000 plies=1610702 games=24121 rejected=0 skipped=0 epoch=0 mom=0.9125 lrCyc[pk=9.8e-01,tr=9.9e-04] trainerStep=18100
[LAYER-HEALTH] live trainerStep=18100 scope=batch_norm_state_only reluSites=2/10 ch=144 dead=0 off=0 alwaysOn=0 worst=none maxBetaOverGamma=+2.06@policy.pre_bn[103] minBetaOverGamma=-1.97@value.bn[4] rvMaxOverMedian=59.6@blocks.2.bn1[31] rezero=none nonFinite=0
[REPLAY] step=150 loss=3.5091 pLoss=2.7138 vLoss=0.7931 pEnt=2.857 pIllM=0.0022 playedP=0.176 pW=0.47 pD=0.06 pL=0.47 vAbs=0.249 pLogitMean=-9.7961 vLogitMean=0.5949 gNorm=0.274 lr=0.0147 ms=2487.9 buf=500000 plies=2037317 games=30561 rejected=0 skipped=0 epoch=0 mom=0.9109 lrCyc[pk=9.8e-01,tr=9.9e-04] trainerStep=18150
[LAYER-HEALTH] live trainerStep=18150 scope=batch_norm_state_only reluSites=2/10 ch=144 dead=0 off=0 alwaysOn=0 worst=none maxBetaOverGamma=+2.05@policy.pre_bn[103] minBetaOverGamma=-1.97@value.bn[4] rvMaxOverMedian=59.7@blocks.2.bn1[31] rezero=none nonFinite=0
[REPLAY] step=200 loss=3.5102 pLoss=2.7157 vLoss=0.7924 pEnt=2.858 pIllM=0.0022 playedP=0.176 pW=0.47 pD=0.06 pL=0.46 vAbs=0.241 pLogitMean=-9.7960 vLogitMean=0.5944 gNorm=0.252 lr=0.0164 ms=3029.6 buf=500000 plies=2463986 games=36896 rejected=0 skipped=0 epoch=0 mom=0.9094 lrCyc[pk=9.8e-01,tr=9.9e-04] trainerStep=18200
[LAYER-HEALTH] live trainerStep=18200 scope=batch_norm_state_only reluSites=2/10 ch=144 dead=0 off=0 alwaysOn=0 worst=none maxBetaOverGamma=+2.05@policy.pre_bn[103] minBetaOverGamma=-1.97@value.bn[4] rvMaxOverMedian=59.8@blocks.2.bn1[31] rezero=none nonFinite=0
[REPLAY] step=250 loss=3.5722 pLoss=2.7613 vLoss=0.8087 pEnt=2.864 pIllM=0.0022 playedP=0.174 pW=0.48 pD=0.07 pL=0.46 vAbs=0.231 pLogitMean=-9.7963 vLogitMean=0.5950 gNorm=0.278 lr=0.0182 ms=2690.7 buf=500000 plies=2890609 games=43288 rejected=0 skipped=0 epoch=0 mom=0.9079 lrCyc[pk=9.8e-01,tr=9.9e-04] trainerStep=18250
[LAYER-HEALTH] live trainerStep=18250 scope=batch_norm_state_only reluSites=2/10 ch=144 dead=0 off=0 alwaysOn=0 worst=none maxBetaOverGamma=+2.05@policy.pre_bn[103] minBetaOverGamma=-1.97@value.bn[4] rvMaxOverMedian=60.1@blocks.2.bn1[31] rezero=none nonFinite=0
[REPLAY] step=300 loss=3.5301 pLoss=2.7249 vLoss=0.8028 pEnt=2.845 pIllM=0.0024 playedP=0.178 pW=0.47 pD=0.07 pL=0.46 vAbs=0.234 pLogitMean=-9.7974 vLogitMean=0.5966 gNorm=0.260 lr=0.0203 ms=2657.9 buf=500000 plies=3317265 games=49688 rejected=0 skipped=0 epoch=0 mom=0.9063 lrCyc[pk=9.8e-01,tr=9.9e-04] trainerStep=18300
[LAYER-HEALTH] live trainerStep=18300 scope=batch_norm_state_only reluSites=2/10 ch=144 dead=0 off=0 alwaysOn=0 worst=none maxBetaOverGamma=+2.05@policy.pre_bn[103] minBetaOverGamma=-1.97@value.bn[4] rvMaxOverMedian=60.5@blocks.2.bn1[31] rezero=none nonFinite=0
[REPLAY] step=350 loss=3.5224 pLoss=2.7132 vLoss=0.8071 pEnt=2.874 pIllM=0.0020 playedP=0.173 pW=0.47 pD=0.07 pL=0.46 vAbs=0.239 pLogitMean=-9.7957 vLogitMean=0.5958 gNorm=0.278 lr=0.0226 ms=2424.2 buf=500000 plies=3743919 games=56030 rejected=0 skipped=0 epoch=0 mom=0.9047 lrCyc[pk=9.8e-01,tr=9.9e-04] trainerStep=18350
[LAYER-HEALTH] live trainerStep=18350 scope=batch_norm_state_only reluSites=2/10 ch=144 dead=0 off=0 alwaysOn=0 worst=none maxBetaOverGamma=+2.05@policy.pre_bn[103] minBetaOverGamma=-1.97@value.bn[4] rvMaxOverMedian=60.8@blocks.2.bn1[31] rezero=none nonFinite=0
[REPLAY] step=400 loss=3.4946 pLoss=2.6852 vLoss=0.8070 pEnt=2.864 pIllM=0.0024 playedP=0.173 pW=0.47 pD=0.07 pL=0.46 vAbs=0.248 pLogitMean=-9.7972 vLogitMean=0.5942 gNorm=0.292 lr=0.0252 ms=2483.9 buf=500000 plies=4170605 games=62456 rejected=0 skipped=0 epoch=0 mom=0.9032 lrCyc[pk=9.8e-01,tr=9.9e-04] trainerStep=18400
[LAYER-HEALTH] live trainerStep=18400 scope=batch_norm_state_only reluSites=2/10 ch=144 dead=0 off=0 alwaysOn=0 worst=none maxBetaOverGamma=+2.05@policy.pre_bn[103] minBetaOverGamma=-1.97@value.bn[9] rvMaxOverMedian=60.9@blocks.2.bn1[31] rezero=none nonFinite=0
[REPLAY] step=450 loss=3.5376 pLoss=2.7229 vLoss=0.8125 pEnt=2.871 pIllM=0.0021 playedP=0.176 pW=0.47 pD=0.07 pL=0.46 vAbs=0.240 pLogitMean=-9.7966 vLogitMean=0.5921 gNorm=0.281 lr=0.028 ms=2827.0 buf=500000 plies=4597244 games=68778 rejected=0 skipped=0 epoch=0 mom=0.9016 lrCyc[pk=9.8e-01,tr=9.9e-04] trainerStep=18450
[LAYER-HEALTH] live trainerStep=18450 scope=batch_norm_state_only reluSites=2/10 ch=144 dead=0 off=0 alwaysOn=0 worst=none maxBetaOverGamma=+2.05@policy.pre_bn[103] minBetaOverGamma=-1.98@value.bn[4] rvMaxOverMedian=60.6@blocks.2.bn1[31] rezero=none nonFinite=0
[REPLAY] step=500 loss=3.5117 pLoss=2.7084 vLoss=0.8012 pEnt=2.862 pIllM=0.0021 playedP=0.173 pW=0.47 pD=0.06 pL=0.46 vAbs=0.237 pLogitMean=-9.7979 vLogitMean=0.5957 gNorm=0.263 lr=0.0312 ms=2806.9 buf=500000 plies=5023873 games=75124 rejected=0 skipped=0 epoch=0 mom=0.9000 lrCyc[pk=9.8e-01,tr=9.9e-04] trainerStep=18500
[LAYER-HEALTH] live trainerStep=18500 scope=batch_norm_state_only reluSites=2/10 ch=144 dead=0 off=0 alwaysOn=0 worst=none maxBetaOverGamma=+2.05@policy.pre_bn[103] minBetaOverGamma=-1.99@value.bn[4] rvMaxOverMedian=60.8@blocks.2.bn1[31] rezero=none nonFinite=0
[REPLAY] step=550 loss=3.5149 pLoss=2.6999 vLoss=0.8128 pEnt=2.859 pIllM=0.0023 playedP=0.176 pW=0.47 pD=0.07 pL=0.47 vAbs=0.233 pLogitMean=-9.7941 vLogitMean=0.5945 gNorm=0.268 lr=0.0348 ms=2441.9 buf=500000 plies=5450512 games=81514 rejected=0 skipped=0 epoch=0 mom=0.8985 lrCyc[pk=9.8e-01,tr=9.9e-04] trainerStep=18550
[LAYER-HEALTH] live trainerStep=18550 scope=batch_norm_state_only reluSites=2/10 ch=144 dead=0 off=0 alwaysOn=0 worst=none maxBetaOverGamma=+2.05@policy.pre_bn[103] minBetaOverGamma=-1.98@value.bn[4] rvMaxOverMedian=60.6@blocks.2.bn1[31] rezero=none nonFinite=0
[REPLAY] step=600 loss=3.5433 pLoss=2.7240 vLoss=0.8169 pEnt=2.855 pIllM=0.0024 playedP=0.174 pW=0.47 pD=0.07 pL=0.46 vAbs=0.235 pLogitMean=-9.7929 vLogitMean=0.5957 gNorm=0.259 lr=0.0388 ms=2330.1 buf=500000 plies=5877203 games=87851 rejected=0 skipped=0 epoch=0 mom=0.8969 lrCyc[pk=9.8e-01,tr=9.9e-04] trainerStep=18600
[LAYER-HEALTH] live trainerStep=18600 scope=batch_norm_state_only reluSites=2/10 ch=144 dead=0 off=0 alwaysOn=0 worst=none maxBetaOverGamma=+2.05@policy.pre_bn[103] minBetaOverGamma=-1.97@value.bn[4] rvMaxOverMedian=60.8@blocks.2.bn1[31] rezero=none nonFinite=0
[REPLAY] step=650 loss=3.5379 pLoss=2.7350 vLoss=0.8001 pEnt=2.860 pIllM=0.0027 playedP=0.173 pW=0.47 pD=0.07 pL=0.46 vAbs=0.235 pLogitMean=-9.7989 vLogitMean=0.5952 gNorm=0.271 lr=0.0432 ms=1901.3 buf=500000 plies=6303816 games=94224 rejected=0 skipped=0 epoch=0 mom=0.8953 lrCyc[pk=9.8e-01,tr=9.9e-04] trainerStep=18650
[LAYER-HEALTH] live trainerStep=18650 scope=batch_norm_state_only reluSites=2/10 ch=144 dead=0 off=0 alwaysOn=0 worst=none maxBetaOverGamma=+2.05@policy.pre_bn[103] minBetaOverGamma=-1.99@value.bn[4] rvMaxOverMedian=61.0@blocks.2.bn1[31] rezero=none nonFinite=0
[REPLAY] step=700 loss=3.4832 pLoss=2.6763 vLoss=0.8048 pEnt=2.836 pIllM=0.0021 playedP=0.177 pW=0.47 pD=0.07 pL=0.46 vAbs=0.242 pLogitMean=-9.7959 vLogitMean=0.5926 gNorm=0.256 lr=0.0481 ms=2693.2 buf=500000 plies=6730473 games=100589 rejected=0 skipped=0 epoch=0 mom=0.8938 lrCyc[pk=9.8e-01,tr=9.9e-04] trainerStep=18700
[LAYER-HEALTH] live trainerStep=18700 scope=batch_norm_state_only reluSites=2/10 ch=144 dead=0 off=1 alwaysOn=0 worst=value.bn(dead 0 off 1 on 0) maxBetaOverGamma=+2.05@policy.pre_bn[103] minBetaOverGamma=-2.01@value.bn[4] rvMaxOverMedian=61.0@blocks.2.bn1[31] rezero=none nonFinite=0
[REPLAY] step=750 loss=3.5449 pLoss=2.7307 vLoss=0.8119 pEnt=2.852 pIllM=0.0023 playedP=0.178 pW=0.48 pD=0.07 pL=0.46 vAbs=0.235 pLogitMean=-9.7909 vLogitMean=0.5943 gNorm=0.281 lr=0.0536 ms=2422.5 buf=500000 plies=7157118 games=106962 rejected=0 skipped=0 epoch=0 mom=0.8922 lrCyc[pk=9.8e-01,tr=9.9e-04] trainerStep=18750
[LAYER-HEALTH] live trainerStep=18750 scope=batch_norm_state_only reluSites=2/10 ch=144 dead=0 off=1 alwaysOn=0 worst=value.bn(dead 0 off 1 on 0) maxBetaOverGamma=+2.05@policy.pre_bn[103] minBetaOverGamma=-2.00@value.bn[4] rvMaxOverMedian=61.1@blocks.2.bn1[31] rezero=none nonFinite=0
[REPLAY] step=800 loss=3.4842 pLoss=2.6823 vLoss=0.7995 pEnt=2.848 pIllM=0.0024 playedP=0.179 pW=0.47 pD=0.07 pL=0.46 vAbs=0.250 pLogitMean=-9.7844 vLogitMean=0.5923 gNorm=0.275 lr=0.0596 ms=2012.6 buf=500000 plies=7583788 games=113391 rejected=0 skipped=0 epoch=0 mom=0.8907 lrCyc[pk=9.8e-01,tr=9.9e-04] trainerStep=18800
[LAYER-HEALTH] live trainerStep=18800 scope=batch_norm_state_only reluSites=2/10 ch=144 dead=0 off=0 alwaysOn=0 worst=none maxBetaOverGamma=+2.05@policy.pre_bn[103] minBetaOverGamma=-2.00@value.bn[9] rvMaxOverMedian=61.2@blocks.2.bn1[31] rezero=none nonFinite=0
[REPLAY] step=850 loss=3.5047 pLoss=2.7004 vLoss=0.8017 pEnt=2.851 pIllM=0.0026 playedP=0.175 pW=0.47 pD=0.07 pL=0.47 vAbs=0.249 pLogitMean=-9.7838 vLogitMean=0.5953 gNorm=0.269 lr=0.0663 ms=2569.3 buf=500000 plies=8010413 games=119788 rejected=0 skipped=0 epoch=0 mom=0.8891 lrCyc[pk=9.8e-01,tr=9.9e-04] trainerStep=18850
[LAYER-HEALTH] live trainerStep=18850 scope=batch_norm_state_only reluSites=2/10 ch=144 dead=0 off=0 alwaysOn=0 worst=none maxBetaOverGamma=+2.06@policy.pre_bn[103] minBetaOverGamma=-1.99@value.bn[9] rvMaxOverMedian=61.4@blocks.2.bn1[31] rezero=none nonFinite=0
[REPLAY] step=900 loss=3.5382 pLoss=2.7380 vLoss=0.7981 pEnt=2.871 pIllM=0.0022 playedP=0.171 pW=0.47 pD=0.07 pL=0.46 vAbs=0.228 pLogitMean=-9.7803 vLogitMean=0.5920 gNorm=0.268 lr=0.0737 ms=2529.7 buf=500000 plies=8437055 games=126198 rejected=0 skipped=0 epoch=0 mom=0.8876 lrCyc[pk=9.8e-01,tr=9.9e-04] trainerStep=18900
[LAYER-HEALTH] live trainerStep=18900 scope=batch_norm_state_only reluSites=2/10 ch=144 dead=0 off=0 alwaysOn=0 worst=none maxBetaOverGamma=+2.07@policy.pre_bn[103] minBetaOverGamma=-1.99@value.bn[4] rvMaxOverMedian=61.4@blocks.2.bn1[31] rezero=none nonFinite=0
[REPLAY] step=950 loss=3.5110 pLoss=2.7008 vLoss=0.8077 pEnt=2.862 pIllM=0.0025 playedP=0.173 pW=0.46 pD=0.07 pL=0.47 vAbs=0.239 pLogitMean=-9.7760 vLogitMean=0.5938 gNorm=0.275 lr=0.0818 ms=2607.8 buf=500000 plies=8863714 games=132569 rejected=0 skipped=0 epoch=0 mom=0.8861 lrCyc[pk=9.8e-01,tr=9.9e-04] trainerStep=18950
[LAYER-HEALTH] live trainerStep=18950 scope=batch_norm_state_only reluSites=2/10 ch=144 dead=0 off=0 alwaysOn=0 worst=none maxBetaOverGamma=+2.07@policy.pre_bn[103] minBetaOverGamma=-1.98@value.bn[4] rvMaxOverMedian=61.7@blocks.2.bn1[31] rezero=none nonFinite=0
[REPLAY] step=1000 loss=3.4656 pLoss=2.6726 vLoss=0.7906 pEnt=2.840 pIllM=0.0023 playedP=0.181 pW=0.47 pD=0.07 pL=0.47 vAbs=0.248 pLogitMean=-9.7721 vLogitMean=0.5934 gNorm=0.288 lr=0.0907 ms=2745.4 buf=500000 plies=9290411 games=138927 rejected=0 skipped=0 epoch=0 mom=0.8846 lrCyc[pk=9.8e-01,tr=9.9e-04] trainerStep=19000
[LAYER-HEALTH] live trainerStep=19000 scope=batch_norm_state_only reluSites=2/10 ch=144 dead=0 off=0 alwaysOn=0 worst=none maxBetaOverGamma=+2.07@policy.pre_bn[103] minBetaOverGamma=-2.00@value.bn[4] rvMaxOverMedian=61.9@blocks.2.bn1[31] rezero=none nonFinite=0
[REPLAY] saved trainer model (autosave) step=1000 trainerStep=19000 nextGame=2451597 shard=5 epoch=0 -> 20261006-lrBsilu-clip1-replay-latest.safetensors
[LAYER-HEALTH] checkpoint replay-autosave step=1000 trainerStep=19000 scope=all_tensors reluSites=2/10 ch=144 dead=0 off=0 alwaysOn=0 worst=none maxBetaOverGamma=+2.07@policy.pre_bn[103] minBetaOverGamma=-2.00@value.bn[4] rvMaxOverMedian=61.9@blocks.2.bn1[31] rezero=none nonFinite=0 seZeroVel=none valueFC1ZeroVel=0/128 maxAbs=21.64@blocks.2.bn1.running_var
[LAYER-HEALTH]   batch-norm sites — β/|γ|: dead < -3.00, mostly off < -2.00, always on > +3.00; classified for relu/leaky_relu only
[LAYER-HEALTH]     site            act            ch   dead    off     on  zeroγ nonfin  min β/|γ| [ch]     max β/|γ| [ch]     rv max/median [ch]
[LAYER-HEALTH]     stem.bn         -             128    n/a    n/a    n/a      0      0     -0.48 [104]        +0.26 [20]            5.4 [5]
[LAYER-HEALTH]     blocks.0.bn1    silu          128    n/a    n/a    n/a      0      0     -0.67 [5]          +0.14 [103]           3.1 [14]
[LAYER-HEALTH]     blocks.0.bn2    silu          128    n/a    n/a    n/a      0      0     -1.02 [53]         +1.04 [48]            5.2 [79]
[LAYER-HEALTH]     blocks.1.bn1    silu          128    n/a    n/a    n/a      0      0     -1.23 [17]         +0.05 [31]           59.9 [31]
[LAYER-HEALTH]     blocks.1.bn2    silu          128    n/a    n/a    n/a      0      0     -1.24 [120]        -0.05 [101]           8.9 [70]
[LAYER-HEALTH]     blocks.2.bn1    silu          128    n/a    n/a    n/a      0      0     -1.91 [17]         +1.31 [31]           61.9 [31]
[LAYER-HEALTH]     blocks.2.bn2    silu          128    n/a    n/a    n/a      0      0     -1.54 [78]         +0.03 [16]            3.7 [26]
[LAYER-HEALTH]     tower_final_bn  silu          128    n/a    n/a    n/a      0      0     -0.45 [90]         +0.79 [6]             8.2 [31]
[LAYER-HEALTH]     policy.pre_bn   leaky_relu    128      0      0      0      0      0     -0.77 [26]         +2.07 [103]           2.7 [53]
[LAYER-HEALTH]     value.bn        leaky_relu     16      0      0      0      0      0     -2.00 [4]          -0.73 [13]            2.2 [11]
[LAYER-HEALTH]   FC hidden-unit velocity — zero: every weight-velocity entry exactly 0; low: nonzero but < 5% of the layer's p90 unit norm
[LAYER-HEALTH]     value.fc1.weight  leaky_relu  units 128  zero 0  low 13  median unit norm 0.003812
[LAYER-HEALTH]     (no SE blocks)
[LAYER-HEALTH]   ReZero: none
[LAYER-HEALTH]   non-finite: 0 values in 0 of 102 tensors (10263038 values examined)
[LAYER-HEALTH]   largest |value|: blocks.2.bn1.running_var 21.64, blocks.1.bn1.running_var 18.99, blocks.1.bn2.running_var 12.35, blocks.0.bn2.running_var 9.45, blocks.2.bn2.running_var 7.114
[REPLAY] enumerated checkpoint -> 20261006-lrBsilu-clip1-replay-seg1-step1000.safetensors
[REPLAY] step=1050 loss=3.5118 pLoss=2.7213 vLoss=0.7881 pEnt=2.849 pIllM=0.0024 playedP=0.177 pW=0.46 pD=0.07 pL=0.47 vAbs=0.238 pLogitMean=-9.7624 vLogitMean=0.5895 gNorm=0.281 lr=0.1 ms=2748.2 buf=500000 plies=9717035 games=145246 rejected=0 skipped=0 epoch=0 mom=0.8831 lrCyc[pk=9.8e-01,tr=9.9e-04] trainerStep=19050
[LAYER-HEALTH] live trainerStep=19050 scope=batch_norm_state_only reluSites=2/10 ch=144 dead=0 off=1 alwaysOn=0 worst=value.bn(dead 0 off 1 on 0) maxBetaOverGamma=+2.07@policy.pre_bn[103] minBetaOverGamma=-2.03@value.bn[4] rvMaxOverMedian=62.1@blocks.2.bn1[31] rezero=none nonFinite=0
[REPLAY] step=1100 loss=3.4999 pLoss=2.7125 vLoss=0.7849 pEnt=2.879 pIllM=0.0025 playedP=0.170 pW=0.46 pD=0.06 pL=0.48 vAbs=0.241 pLogitMean=-9.7577 vLogitMean=0.5932 gNorm=0.275 lr=0.111 ms=2939.5 buf=500000 plies=10143690 games=151726 rejected=0 skipped=0 epoch=0 mom=0.8817 lrCyc[pk=9.8e-01,tr=9.9e-04] trainerStep=19100
[LAYER-HEALTH] live trainerStep=19100 scope=batch_norm_state_only reluSites=2/10 ch=144 dead=0 off=1 alwaysOn=0 worst=value.bn(dead 0 off 1 on 0) maxBetaOverGamma=+2.06@policy.pre_bn[103] minBetaOverGamma=-2.01@value.bn[4] rvMaxOverMedian=61.9@blocks.2.bn1[31] rezero=none nonFinite=0
[REPLAY] step=1150 loss=3.5412 pLoss=2.7196 vLoss=0.8191 pEnt=2.851 pIllM=0.0025 playedP=0.177 pW=0.47 pD=0.07 pL=0.46 vAbs=0.222 pLogitMean=-9.7440 vLogitMean=0.5933 gNorm=0.303 lr=0.123 ms=2808.3 buf=500000 plies=10570323 games=158105 rejected=0 skipped=0 epoch=0 mom=0.8802 lrCyc[pk=9.8e-01,tr=9.9e-04] trainerStep=19150
[LAYER-HEALTH] live trainerStep=19150 scope=batch_norm_state_only reluSites=2/10 ch=144 dead=0 off=0 alwaysOn=0 worst=none maxBetaOverGamma=+2.07@policy.pre_bn[103] minBetaOverGamma=-2.00@value.bn[4] rvMaxOverMedian=62.0@blocks.2.bn1[31] rezero=none nonFinite=0
[REPLAY] step=1200 loss=3.4824 pLoss=2.6735 vLoss=0.8066 pEnt=2.850 pIllM=0.0024 playedP=0.178 pW=0.47 pD=0.07 pL=0.46 vAbs=0.256 pLogitMean=-9.7393 vLogitMean=0.5941 gNorm=0.291 lr=0.136 ms=3016.2 buf=500000 plies=10996992 games=164469 rejected=0 skipped=0 epoch=0 mom=0.8788 lrCyc[pk=9.8e-01,tr=9.9e-04] trainerStep=19200
[LAYER-HEALTH] live trainerStep=19200 scope=batch_norm_state_only reluSites=2/10 ch=144 dead=0 off=1 alwaysOn=0 worst=value.bn(dead 0 off 1 on 0) maxBetaOverGamma=+2.06@policy.pre_bn[103] minBetaOverGamma=-2.00@value.bn[4] rvMaxOverMedian=61.6@blocks.2.bn1[31] rezero=none nonFinite=0
[REPLAY] step=1250 loss=3.5530 pLoss=2.7423 vLoss=0.8082 pEnt=2.882 pIllM=0.0025 playedP=0.168 pW=0.48 pD=0.07 pL=0.45 vAbs=0.240 pLogitMean=-9.7350 vLogitMean=0.5960 gNorm=0.300 lr=0.15 ms=2522.9 buf=500000 plies=11423631 games=170800 rejected=0 skipped=0 epoch=0 mom=0.8774 lrCyc[pk=9.8e-01,tr=9.9e-04] trainerStep=19250
[LAYER-HEALTH] live trainerStep=19250 scope=batch_norm_state_only reluSites=2/10 ch=144 dead=0 off=1 alwaysOn=0 worst=value.bn(dead 0 off 1 on 0) maxBetaOverGamma=+2.05@policy.pre_bn[103] minBetaOverGamma=-2.04@value.bn[4] rvMaxOverMedian=61.3@blocks.2.bn1[31] rezero=none nonFinite=0
[REPLAY] step=1300 loss=3.5211 pLoss=2.7012 vLoss=0.8173 pEnt=2.862 pIllM=0.0027 playedP=0.171 pW=0.48 pD=0.07 pL=0.46 vAbs=0.253 pLogitMean=-9.7275 vLogitMean=0.5964 gNorm=0.338 lr=0.165 ms=2802.1 buf=500000 plies=11850259 games=177110 rejected=0 skipped=0 epoch=0 mom=0.8760 lrCyc[pk=9.8e-01,tr=9.9e-04] trainerStep=19300
[LAYER-HEALTH] live trainerStep=19300 scope=batch_norm_state_only reluSites=2/10 ch=144 dead=0 off=1 alwaysOn=0 worst=value.bn(dead 0 off 1 on 0) maxBetaOverGamma=+2.04@policy.pre_bn[103] minBetaOverGamma=-2.00@value.bn[4] rvMaxOverMedian=62.2@blocks.2.bn1[31] rezero=none nonFinite=0
[REPLAY] step=1350 loss=3.5016 pLoss=2.6927 vLoss=0.8065 pEnt=2.854 pIllM=0.0024 playedP=0.176 pW=0.47 pD=0.07 pL=0.46 vAbs=0.241 pLogitMean=-9.7054 vLogitMean=0.5955 gNorm=0.291 lr=0.181 ms=2874.8 buf=500000 plies=12276972 games=183445 rejected=0 skipped=0 epoch=0 mom=0.8746 lrCyc[pk=9.8e-01,tr=9.9e-04] trainerStep=19350
[LAYER-HEALTH] live trainerStep=19350 scope=batch_norm_state_only reluSites=2/10 ch=144 dead=0 off=0 alwaysOn=0 worst=none maxBetaOverGamma=+2.08@policy.pre_bn[103] minBetaOverGamma=-1.98@value.bn[9] rvMaxOverMedian=62.6@blocks.2.bn1[31] rezero=none nonFinite=0
[REPLAY] step=1400 loss=3.4958 pLoss=2.6998 vLoss=0.7934 pEnt=2.863 pIllM=0.0027 playedP=0.176 pW=0.47 pD=0.07 pL=0.47 vAbs=0.231 pLogitMean=-9.6909 vLogitMean=0.5986 gNorm=0.319 lr=0.198 ms=2964.1 buf=500000 plies=12703563 games=189819 rejected=0 skipped=0 epoch=0 mom=0.8733 lrCyc[pk=9.8e-01,tr=9.9e-04] trainerStep=19400
[LAYER-HEALTH] live trainerStep=19400 scope=batch_norm_state_only reluSites=2/10 ch=144 dead=0 off=1 alwaysOn=0 worst=value.bn(dead 0 off 1 on 0) maxBetaOverGamma=+2.07@policy.pre_bn[103] minBetaOverGamma=-2.02@value.bn[9] rvMaxOverMedian=61.9@blocks.2.bn1[31] rezero=none nonFinite=0
[REPLAY] step=1450 loss=3.5210 pLoss=2.7184 vLoss=0.7998 pEnt=2.874 pIllM=0.0028 playedP=0.172 pW=0.47 pD=0.06 pL=0.47 vAbs=0.246 pLogitMean=-9.6707 vLogitMean=0.5977 gNorm=0.299 lr=0.217 ms=3197.4 buf=500000 plies=13130310 games=196233 rejected=0 skipped=0 epoch=0 mom=0.8720 lrCyc[pk=9.8e-01,tr=9.9e-04] trainerStep=19450
[LAYER-HEALTH] live trainerStep=19450 scope=batch_norm_state_only reluSites=2/10 ch=144 dead=0 off=1 alwaysOn=0 worst=value.bn(dead 0 off 1 on 0) maxBetaOverGamma=+2.09@policy.pre_bn[103] minBetaOverGamma=-2.03@value.bn[9] rvMaxOverMedian=61.8@blocks.2.bn1[31] rezero=none nonFinite=0
[REPLAY] step=1500 loss=3.5213 pLoss=2.7082 vLoss=0.8103 pEnt=2.841 pIllM=0.0028 playedP=0.178 pW=0.47 pD=0.07 pL=0.45 vAbs=0.230 pLogitMean=-9.6672 vLogitMean=0.5910 gNorm=0.295 lr=0.237 ms=2752.1 buf=500000 plies=13556862 games=202597 rejected=0 skipped=0 epoch=0 mom=0.8707 lrCyc[pk=9.8e-01,tr=9.9e-04] trainerStep=19500
[LAYER-HEALTH] live trainerStep=19500 scope=batch_norm_state_only reluSites=2/10 ch=144 dead=0 off=1 alwaysOn=0 worst=value.bn(dead 0 off 1 on 0) maxBetaOverGamma=+2.11@policy.pre_bn[103] minBetaOverGamma=-2.05@value.bn[9] rvMaxOverMedian=62.4@blocks.2.bn1[31] rezero=none nonFinite=0
[REPLAY] step=1550 loss=3.5110 pLoss=2.7044 vLoss=0.8038 pEnt=2.849 pIllM=0.0028 playedP=0.174 pW=0.45 pD=0.07 pL=0.49 vAbs=0.232 pLogitMean=-9.6613 vLogitMean=0.5888 gNorm=0.331 lr=0.259 ms=2773.2 buf=500000 plies=13983576 games=208992 rejected=0 skipped=0 epoch=0 mom=0.8694 lrCyc[pk=9.8e-01,tr=9.9e-04] trainerStep=19550
[LAYER-HEALTH] live trainerStep=19550 scope=batch_norm_state_only reluSites=2/10 ch=144 dead=0 off=1 alwaysOn=0 worst=value.bn(dead 0 off 1 on 0) maxBetaOverGamma=+2.09@policy.pre_bn[103] minBetaOverGamma=-2.01@value.bn[9] rvMaxOverMedian=63.0@blocks.2.bn1[31] rezero=none nonFinite=0
[REPLAY] step=1600 loss=3.5609 pLoss=2.7333 vLoss=0.8247 pEnt=2.881 pIllM=0.0029 playedP=0.167 pW=0.46 pD=0.08 pL=0.46 vAbs=0.234 pLogitMean=-9.6384 vLogitMean=0.5879 gNorm=0.331 lr=0.281 ms=2963.8 buf=500000 plies=14410165 games=215360 rejected=0 skipped=0 epoch=0 mom=0.8682 lrCyc[pk=9.8e-01,tr=9.9e-04] trainerStep=19600
[LAYER-HEALTH] live trainerStep=19600 scope=batch_norm_state_only reluSites=2/10 ch=144 dead=0 off=1 alwaysOn=0 worst=value.bn(dead 0 off 1 on 0) maxBetaOverGamma=+2.08@policy.pre_bn[103] minBetaOverGamma=-2.04@value.bn[9] rvMaxOverMedian=63.4@blocks.2.bn1[31] rezero=none nonFinite=0
[REPLAY] step=1650 loss=3.5581 pLoss=2.7424 vLoss=0.8125 pEnt=2.833 pIllM=0.0032 playedP=0.179 pW=0.47 pD=0.07 pL=0.46 vAbs=0.221 pLogitMean=-9.6195 vLogitMean=0.5896 gNorm=0.327 lr=0.306 ms=2998.4 buf=500000 plies=14836856 games=221700 rejected=0 skipped=0 epoch=0 mom=0.8670 lrCyc[pk=9.8e-01,tr=9.9e-04] trainerStep=19650
[LAYER-HEALTH] live trainerStep=19650 scope=batch_norm_state_only reluSites=2/10 ch=144 dead=0 off=1 alwaysOn=0 worst=value.bn(dead 0 off 1 on 0) maxBetaOverGamma=+2.11@policy.pre_bn[103] minBetaOverGamma=-2.02@value.bn[9] rvMaxOverMedian=63.4@blocks.2.bn1[31] rezero=none nonFinite=0
[REPLAY] step=1700 loss=3.5525 pLoss=2.7621 vLoss=0.7868 pEnt=2.840 pIllM=0.0036 playedP=0.178 pW=0.48 pD=0.06 pL=0.46 vAbs=0.268 pLogitMean=-9.6112 vLogitMean=0.5992 gNorm=0.353 lr=0.331 ms=2950.7 buf=500000 plies=15263522 games=228128 rejected=0 skipped=0 epoch=0 mom=0.8659 lrCyc[pk=9.8e-01,tr=9.9e-04] trainerStep=19700
[LAYER-HEALTH] live trainerStep=19700 scope=batch_norm_state_only reluSites=2/10 ch=144 dead=0 off=1 alwaysOn=0 worst=value.bn(dead 0 off 1 on 0) maxBetaOverGamma=+2.09@policy.pre_bn[103] minBetaOverGamma=-2.04@value.bn[9] rvMaxOverMedian=62.6@blocks.2.bn1[31] rezero=none nonFinite=0
[REPLAY] step=1750 loss=3.5110 pLoss=2.7281 vLoss=0.7792 pEnt=2.873 pIllM=0.0036 playedP=0.168 pW=0.47 pD=0.06 pL=0.47 vAbs=0.250 pLogitMean=-9.5964 vLogitMean=0.5999 gNorm=0.327 lr=0.358 ms=2508.7 buf=500000 plies=15690155 games=234508 rejected=0 skipped=0 epoch=0 mom=0.8647 lrCyc[pk=9.8e-01,tr=9.9e-04] trainerStep=19750
[LAYER-HEALTH] live trainerStep=19750 scope=batch_norm_state_only reluSites=2/10 ch=144 dead=0 off=0 alwaysOn=0 worst=none maxBetaOverGamma=+2.12@policy.pre_bn[103] minBetaOverGamma=-1.99@value.bn[4] rvMaxOverMedian=61.7@blocks.2.bn1[31] rezero=none nonFinite=0
[REPLAY] step=1800 loss=3.5356 pLoss=2.7276 vLoss=0.8038 pEnt=2.854 pIllM=0.0042 playedP=0.175 pW=0.46 pD=0.07 pL=0.48 vAbs=0.229 pLogitMean=-9.5736 vLogitMean=0.5946 gNorm=0.332 lr=0.386 ms=2016.4 buf=500000 plies=16116810 games=240926 rejected=0 skipped=0 epoch=0 mom=0.8636 lrCyc[pk=9.8e-01,tr=9.9e-04] trainerStep=19800
[LAYER-HEALTH] live trainerStep=19800 scope=batch_norm_state_only reluSites=2/10 ch=144 dead=0 off=0 alwaysOn=0 worst=none maxBetaOverGamma=+2.15@policy.pre_bn[103] minBetaOverGamma=-1.91@value.bn[4] rvMaxOverMedian=60.5@blocks.2.bn1[31] rezero=none nonFinite=0
[REPLAY] step=1850 loss=3.5520 pLoss=2.7537 vLoss=0.7942 pEnt=2.874 pIllM=0.0040 playedP=0.165 pW=0.48 pD=0.06 pL=0.45 vAbs=0.259 pLogitMean=-9.5648 vLogitMean=0.5993 gNorm=0.341 lr=0.415 ms=2925.3 buf=500000 plies=16543443 games=247269 rejected=0 skipped=0 epoch=0 mom=0.8626 lrCyc[pk=9.8e-01,tr=9.9e-04] trainerStep=19850
[LAYER-HEALTH] live trainerStep=19850 scope=batch_norm_state_only reluSites=2/10 ch=144 dead=0 off=0 alwaysOn=0 worst=none maxBetaOverGamma=+2.14@policy.pre_bn[103] minBetaOverGamma=-1.91@value.bn[9] rvMaxOverMedian=61.0@blocks.2.bn1[31] rezero=none nonFinite=0
[REPLAY] step=1900 loss=3.5260 pLoss=2.7134 vLoss=0.8083 pEnt=2.860 pIllM=0.0042 playedP=0.167 pW=0.46 pD=0.07 pL=0.47 vAbs=0.246 pLogitMean=-9.5566 vLogitMean=0.5913 gNorm=0.365 lr=0.445 ms=2118.8 buf=500000 plies=16970101 games=253605 rejected=0 skipped=0 epoch=0 mom=0.8616 lrCyc[pk=9.8e-01,tr=9.9e-04] trainerStep=19900
[LAYER-HEALTH] live trainerStep=19900 scope=batch_norm_state_only reluSites=2/10 ch=144 dead=0 off=0 alwaysOn=0 worst=none maxBetaOverGamma=+2.16@policy.pre_bn[103] minBetaOverGamma=-1.88@value.bn[4] rvMaxOverMedian=62.0@blocks.2.bn1[31] rezero=none nonFinite=0
[REPLAY] step=1950 loss=3.5333 pLoss=2.7404 vLoss=0.7880 pEnt=2.817 pIllM=0.0049 playedP=0.177 pW=0.48 pD=0.07 pL=0.46 vAbs=0.248 pLogitMean=-9.5764 vLogitMean=0.6015 gNorm=0.357 lr=0.476 ms=2673.1 buf=500000 plies=17396737 games=260006 rejected=0 skipped=0 epoch=0 mom=0.8606 lrCyc[pk=9.8e-01,tr=9.9e-04] trainerStep=19950
[LAYER-HEALTH] live trainerStep=19950 scope=batch_norm_state_only reluSites=2/10 ch=144 dead=0 off=0 alwaysOn=0 worst=none maxBetaOverGamma=+2.15@policy.pre_bn[103] minBetaOverGamma=-1.88@value.bn[9] rvMaxOverMedian=62.9@blocks.2.bn1[31] rezero=none nonFinite=0
[REPLAY] step=2000 loss=3.5360 pLoss=2.7365 vLoss=0.7951 pEnt=2.813 pIllM=0.0044 playedP=0.180 pW=0.48 pD=0.06 pL=0.46 vAbs=0.240 pLogitMean=-9.5632 vLogitMean=0.6065 gNorm=0.353 lr=0.508 ms=2382.6 buf=500000 plies=17823366 games=266440 rejected=0 skipped=0 epoch=0 mom=0.8596 lrCyc[pk=9.8e-01,tr=9.9e-04] trainerStep=20000
[LAYER-HEALTH] live trainerStep=20000 scope=batch_norm_state_only reluSites=2/10 ch=144 dead=0 off=0 alwaysOn=0 worst=none maxBetaOverGamma=+2.14@policy.pre_bn[103] minBetaOverGamma=-1.80@value.bn[9] rvMaxOverMedian=63.4@blocks.2.bn1[31] rezero=none nonFinite=0
[REPLAY] saved trainer model (autosave) step=2000 trainerStep=20000 nextGame=2579110 shard=5 epoch=0 -> 20261006-lrBsilu-clip1-replay-latest.safetensors
[LAYER-HEALTH] checkpoint replay-autosave step=2000 trainerStep=20000 scope=all_tensors reluSites=2/10 ch=144 dead=0 off=0 alwaysOn=0 worst=none maxBetaOverGamma=+2.14@policy.pre_bn[103] minBetaOverGamma=-1.80@value.bn[9] rvMaxOverMedian=63.4@blocks.2.bn1[31] rezero=none nonFinite=0 seZeroVel=none valueFC1ZeroVel=0/128 maxAbs=22.32@blocks.2.bn1.running_var
[LAYER-HEALTH]   batch-norm sites — β/|γ|: dead < -3.00, mostly off < -2.00, always on > +3.00; classified for relu/leaky_relu only
[LAYER-HEALTH]     site            act            ch   dead    off     on  zeroγ nonfin  min β/|γ| [ch]     max β/|γ| [ch]     rv max/median [ch]
[LAYER-HEALTH]     stem.bn         -             128    n/a    n/a    n/a      0      0     -0.49 [104]        +0.27 [20]            5.0 [79]
[LAYER-HEALTH]     blocks.0.bn1    silu          128    n/a    n/a    n/a      0      0     -0.67 [21]         +0.13 [103]           3.1 [14]
[LAYER-HEALTH]     blocks.0.bn2    silu          128    n/a    n/a    n/a      0      0     -1.00 [53]         +1.10 [48]            5.1 [79]
[LAYER-HEALTH]     blocks.1.bn1    silu          128    n/a    n/a    n/a      0      0     -1.23 [17]         +0.02 [31]           62.1 [31]
[LAYER-HEALTH]     blocks.1.bn2    silu          128    n/a    n/a    n/a      0      0     -1.24 [120]        -0.07 [101]           9.6 [70]
[LAYER-HEALTH]     blocks.2.bn1    silu          128    n/a    n/a    n/a      0      0     -1.95 [17]         +1.33 [31]           63.4 [31]
[LAYER-HEALTH]     blocks.2.bn2    silu          128    n/a    n/a    n/a      0      0     -1.54 [78]         +0.03 [16]            3.7 [26]
[LAYER-HEALTH]     tower_final_bn  silu          128    n/a    n/a    n/a      0      0     -0.47 [90]         +0.83 [6]             8.5 [31]
[LAYER-HEALTH]     policy.pre_bn   leaky_relu    128      0      0      0      0      0     -0.81 [26]         +2.14 [103]           2.8 [53]
[LAYER-HEALTH]     value.bn        leaky_relu     16      0      0      0      0      0     -1.80 [9]          -0.62 [13]            2.4 [11]
[LAYER-HEALTH]   FC hidden-unit velocity — zero: every weight-velocity entry exactly 0; low: nonzero but < 5% of the layer's p90 unit norm
[LAYER-HEALTH]     value.fc1.weight  leaky_relu  units 128  zero 0  low 7  median unit norm 0.004155
[LAYER-HEALTH]     (no SE blocks)
[LAYER-HEALTH]   ReZero: none
[LAYER-HEALTH]   non-finite: 0 values in 0 of 102 tensors (10263038 values examined)
[LAYER-HEALTH]   largest |value|: blocks.2.bn1.running_var 22.32, blocks.1.bn1.running_var 19.93, blocks.1.bn2.running_var 11.98, blocks.0.bn2.running_var 8.39, blocks.2.bn2.running_var 5.928
[REPLAY] enumerated checkpoint -> 20261006-lrBsilu-clip1-replay-seg1-step2000.safetensors
[REPLAY] step=2050 loss=3.5732 pLoss=2.7709 vLoss=0.7980 pEnt=2.838 pIllM=0.0042 playedP=0.175 pW=0.50 pD=0.06 pL=0.44 vAbs=0.250 pLogitMean=-9.5712 vLogitMean=0.6032 gNorm=0.321 lr=0.541 ms=3087.6 buf=500000 plies=18250020 games=272815 rejected=0 skipped=0 epoch=0 mom=0.8587 lrCyc[pk=9.8e-01,tr=9.9e-04] trainerStep=20050
[LAYER-HEALTH] live trainerStep=20050 scope=batch_norm_state_only reluSites=2/10 ch=144 dead=0 off=0 alwaysOn=0 worst=none maxBetaOverGamma=+2.15@policy.pre_bn[103] minBetaOverGamma=-1.66@value.bn[4] rvMaxOverMedian=63.8@blocks.2.bn1[31] rezero=none nonFinite=0
[REPLAY] step=2100 loss=3.4762 pLoss=2.6904 vLoss=0.7807 pEnt=2.860 pIllM=0.0051 playedP=0.171 pW=0.45 pD=0.06 pL=0.49 vAbs=0.262 pLogitMean=-9.5582 vLogitMean=0.6056 gNorm=0.338 lr=0.574 ms=2239.0 buf=500000 plies=18676745 games=279189 rejected=0 skipped=0 epoch=0 mom=0.8579 lrCyc[pk=9.8e-01,tr=9.9e-04] trainerStep=20100
[LAYER-HEALTH] live trainerStep=20100 scope=batch_norm_state_only reluSites=2/10 ch=144 dead=0 off=0 alwaysOn=0 worst=none maxBetaOverGamma=+2.14@policy.pre_bn[103] minBetaOverGamma=-1.64@value.bn[4] rvMaxOverMedian=63.8@blocks.2.bn1[31] rezero=none nonFinite=0
[REPLAY] step=2150 loss=3.4849 pLoss=2.6997 vLoss=0.7796 pEnt=2.841 pIllM=0.0056 playedP=0.174 pW=0.46 pD=0.06 pL=0.48 vAbs=0.257 pLogitMean=-9.5536 vLogitMean=0.6015 gNorm=0.360 lr=0.608 ms=3557.1 buf=500000 plies=19103304 games=285510 rejected=0 skipped=0 epoch=0 mom=0.8571 lrCyc[pk=9.8e-01,tr=9.9e-04] trainerStep=20150
[LAYER-HEALTH] live trainerStep=20150 scope=batch_norm_state_only reluSites=2/10 ch=144 dead=0 off=0 alwaysOn=0 worst=none maxBetaOverGamma=+2.16@policy.pre_bn[103] minBetaOverGamma=-1.66@value.bn[8] rvMaxOverMedian=63.0@blocks.1.bn1[31] rezero=none nonFinite=0
[REPLAY] step=2200 loss=3.5520 pLoss=2.7534 vLoss=0.7924 pEnt=2.863 pIllM=0.0062 playedP=0.170 pW=0.48 pD=0.07 pL=0.45 vAbs=0.265 pLogitMean=-9.5473 vLogitMean=0.6010 gNorm=0.350 lr=0.641 ms=3169.3 buf=500000 plies=19530012 games=291869 rejected=0 skipped=0 epoch=0 mom=0.8563 lrCyc[pk=9.8e-01,tr=9.9e-04] trainerStep=20200
[LAYER-HEALTH] live trainerStep=20200 scope=batch_norm_state_only reluSites=2/10 ch=144 dead=0 off=0 alwaysOn=0 worst=none maxBetaOverGamma=+2.16@policy.pre_bn[103] minBetaOverGamma=-1.54@value.bn[8] rvMaxOverMedian=63.9@blocks.1.bn1[31] rezero=none nonFinite=0
[REPLAY] step=2250 loss=3.5802 pLoss=2.7788 vLoss=0.7961 pEnt=2.808 pIllM=0.0053 playedP=0.172 pW=0.48 pD=0.06 pL=0.46 vAbs=0.234 pLogitMean=-9.5902 vLogitMean=0.6004 gNorm=0.392 lr=0.675 ms=2940.7 buf=500000 plies=19956645 games=298231 rejected=0 skipped=0 epoch=0 mom=0.8555 lrCyc[pk=9.8e-01,tr=9.9e-04] trainerStep=20250
[LAYER-HEALTH] live trainerStep=20250 scope=batch_norm_state_only reluSites=2/10 ch=144 dead=0 off=0 alwaysOn=0 worst=none maxBetaOverGamma=+2.25@policy.pre_bn[103] minBetaOverGamma=-1.56@value.bn[9] rvMaxOverMedian=63.8@blocks.1.bn1[31] rezero=none nonFinite=0
[REPLAY] step=2300 loss=3.5144 pLoss=2.7174 vLoss=0.7904 pEnt=2.845 pIllM=0.0066 playedP=0.170 pW=0.45 pD=0.07 pL=0.48 vAbs=0.248 pLogitMean=-9.6242 vLogitMean=0.5891 gNorm=0.410 lr=0.707 ms=2423.1 buf=500000 plies=20383323 games=304635 rejected=0 skipped=0 epoch=0 mom=0.8549 lrCyc[pk=9.8e-01,tr=9.9e-04] trainerStep=20300
[LAYER-HEALTH] live trainerStep=20300 scope=batch_norm_state_only reluSites=2/10 ch=144 dead=0 off=0 alwaysOn=0 worst=none maxBetaOverGamma=+2.15@policy.pre_bn[103] minBetaOverGamma=-1.57@value.bn[9] rvMaxOverMedian=63.6@blocks.1.bn1[31] rezero=none nonFinite=0
[REPLAY] step=2350 loss=3.5384 pLoss=2.7552 vLoss=0.7768 pEnt=2.845 pIllM=0.0065 playedP=0.168 pW=0.49 pD=0.06 pL=0.45 vAbs=0.256 pLogitMean=-9.6389 vLogitMean=0.5875 gNorm=0.435 lr=0.74 ms=3438.5 buf=500000 plies=20809955 games=311062 rejected=0 skipped=0 epoch=0 mom=0.8542 lrCyc[pk=9.8e-01,tr=9.9e-04] trainerStep=20350
[LAYER-HEALTH] live trainerStep=20350 scope=batch_norm_state_only reluSites=2/10 ch=144 dead=0 off=0 alwaysOn=0 worst=none maxBetaOverGamma=+2.16@policy.pre_bn[103] minBetaOverGamma=-1.57@value.bn[14] rvMaxOverMedian=63.5@blocks.1.bn1[31] rezero=none nonFinite=0
[REPLAY] step=2400 loss=3.4987 pLoss=2.7054 vLoss=0.7864 pEnt=2.858 pIllM=0.0069 playedP=0.165 pW=0.44 pD=0.06 pL=0.49 vAbs=0.246 pLogitMean=-9.6762 vLogitMean=0.5884 gNorm=0.384 lr=0.771 ms=3464.3 buf=500000 plies=21236573 games=317351 rejected=0 skipped=0 epoch=0 mom=0.8536 lrCyc[pk=9.8e-01,tr=9.9e-04] trainerStep=20400
[LAYER-HEALTH] live trainerStep=20400 scope=batch_norm_state_only reluSites=2/10 ch=144 dead=0 off=0 alwaysOn=0 worst=none maxBetaOverGamma=+2.22@policy.pre_bn[103] minBetaOverGamma=-1.50@value.bn[14] rvMaxOverMedian=62.4@blocks.1.bn1[31] rezero=none nonFinite=0
[REPLAY] step=2450 loss=3.5448 pLoss=2.7370 vLoss=0.8010 pEnt=2.855 pIllM=0.0068 playedP=0.171 pW=0.48 pD=0.08 pL=0.45 vAbs=0.234 pLogitMean=-9.7413 vLogitMean=0.5984 gNorm=0.348 lr=0.801 ms=4112.1 buf=500000 plies=21663203 games=323727 rejected=0 skipped=0 epoch=0 mom=0.8531 lrCyc[pk=9.8e-01,tr=9.9e-04] trainerStep=20450
[LAYER-HEALTH] live trainerStep=20450 scope=batch_norm_state_only reluSites=2/10 ch=144 dead=0 off=0 alwaysOn=0 worst=none maxBetaOverGamma=+2.20@policy.pre_bn[103] minBetaOverGamma=-1.52@value.bn[4] rvMaxOverMedian=65.1@blocks.1.bn1[31] rezero=none nonFinite=0
[REPLAY] step=2500 loss=3.5407 pLoss=2.7377 vLoss=0.7957 pEnt=2.837 pIllM=0.0074 playedP=0.169 pW=0.47 pD=0.07 pL=0.46 vAbs=0.258 pLogitMean=-9.7747 vLogitMean=0.5930 gNorm=0.425 lr=0.83 ms=3453.2 buf=500000 plies=22089894 games=330089 rejected=0 skipped=0 epoch=0 mom=0.8525 lrCyc[pk=9.8e-01,tr=9.9e-04] trainerStep=20500
[LAYER-HEALTH] live trainerStep=20500 scope=batch_norm_state_only reluSites=2/10 ch=144 dead=0 off=0 alwaysOn=0 worst=none maxBetaOverGamma=+2.14@policy.pre_bn[103] minBetaOverGamma=-1.57@value.bn[4] rvMaxOverMedian=66.0@blocks.1.bn1[31] rezero=none nonFinite=0
[REPLAY] step=2550 loss=3.5256 pLoss=2.7189 vLoss=0.7995 pEnt=2.826 pIllM=0.0072 playedP=0.170 pW=0.46 pD=0.07 pL=0.47 vAbs=0.263 pLogitMean=-9.8406 vLogitMean=0.5965 gNorm=0.368 lr=0.856 ms=3925.9 buf=500000 plies=22516561 games=336487 rejected=0 skipped=0 epoch=0 mom=0.8521 lrCyc[pk=9.8e-01,tr=9.9e-04] trainerStep=20550
[LAYER-HEALTH] live trainerStep=20550 scope=batch_norm_state_only reluSites=2/10 ch=144 dead=0 off=0 alwaysOn=0 worst=none maxBetaOverGamma=+2.23@policy.pre_bn[103] minBetaOverGamma=-1.59@value.bn[4] rvMaxOverMedian=66.4@blocks.1.bn1[31] rezero=none nonFinite=0
[REPLAY] step=2600 loss=3.5584 pLoss=2.7609 vLoss=0.7910 pEnt=2.840 pIllM=0.0065 playedP=0.166 pW=0.46 pD=0.06 pL=0.47 vAbs=0.261 pLogitMean=-9.8744 vLogitMean=0.5959 gNorm=0.364 lr=0.881 ms=3321.1 buf=500000 plies=22943200 games=342853 rejected=0 skipped=0 epoch=0 mom=0.8517 lrCyc[pk=9.8e-01,tr=9.9e-04] trainerStep=20600
[LAYER-HEALTH] live trainerStep=20600 scope=batch_norm_state_only reluSites=2/10 ch=144 dead=0 off=0 alwaysOn=0 worst=none maxBetaOverGamma=+2.23@policy.pre_bn[103] minBetaOverGamma=-1.66@value.bn[4] rvMaxOverMedian=67.0@blocks.1.bn1[31] rezero=none nonFinite=0
[REPLAY] step=2650 loss=3.5245 pLoss=2.7391 vLoss=0.7779 pEnt=2.847 pIllM=0.0075 playedP=0.164 pW=0.48 pD=0.07 pL=0.46 vAbs=0.247 pLogitMean=-9.9471 vLogitMean=0.5993 gNorm=0.364 lr=0.904 ms=3409.2 buf=500000 plies=23369849 games=349241 rejected=0 skipped=0 epoch=0 mom=0.8513 lrCyc[pk=9.8e-01,tr=9.9e-04] trainerStep=20650
[LAYER-HEALTH] live trainerStep=20650 scope=batch_norm_state_only reluSites=2/10 ch=144 dead=0 off=0 alwaysOn=0 worst=none maxBetaOverGamma=+2.24@policy.pre_bn[103] minBetaOverGamma=-1.54@value.bn[4] rvMaxOverMedian=67.6@blocks.1.bn1[31] rezero=none nonFinite=0
[REPLAY] step=2700 loss=3.5118 pLoss=2.7315 vLoss=0.7724 pEnt=2.878 pIllM=0.0080 playedP=0.159 pW=0.47 pD=0.06 pL=0.46 vAbs=0.255 pLogitMean=-10.0130 vLogitMean=0.6061 gNorm=0.392 lr=0.924 ms=3325.9 buf=500000 plies=23796470 games=355629 rejected=0 skipped=0 epoch=0 mom=0.8510 lrCyc[pk=9.8e-01,tr=9.9e-04] trainerStep=20700
[LAYER-HEALTH] live trainerStep=20700 scope=batch_norm_state_only reluSites=2/10 ch=144 dead=0 off=0 alwaysOn=0 worst=none maxBetaOverGamma=+2.27@policy.pre_bn[103] minBetaOverGamma=-1.54@value.bn[4] rvMaxOverMedian=69.5@blocks.1.bn1[31] rezero=none nonFinite=0
[REPLAY] step=2750 loss=3.5010 pLoss=2.7180 vLoss=0.7758 pEnt=2.882 pIllM=0.0073 playedP=0.160 pW=0.47 pD=0.07 pL=0.47 vAbs=0.254 pLogitMean=-10.1001 vLogitMean=0.6037 gNorm=0.360 lr=0.941 ms=3108.3 buf=500000 plies=24223108 games=361993 rejected=0 skipped=0 epoch=0 mom=0.8507 lrCyc[pk=9.8e-01,tr=9.9e-04] trainerStep=20750
[LAYER-HEALTH] live trainerStep=20750 scope=batch_norm_state_only reluSites=2/10 ch=144 dead=0 off=0 alwaysOn=0 worst=none maxBetaOverGamma=+2.29@policy.pre_bn[103] minBetaOverGamma=-1.67@value.bn[4] rvMaxOverMedian=70.5@blocks.1.bn1[31] rezero=none nonFinite=0
[REPLAY] step=2800 loss=3.5691 pLoss=2.7743 vLoss=0.7872 pEnt=2.862 pIllM=0.0076 playedP=0.165 pW=0.48 pD=0.07 pL=0.46 vAbs=0.252 pLogitMean=-10.1167 vLogitMean=0.6083 gNorm=0.353 lr=0.956 ms=2923.4 buf=500000 plies=24649805 games=368407 rejected=0 skipped=0 epoch=0 mom=0.8505 lrCyc[pk=9.8e-01,tr=9.9e-04] trainerStep=20800
[LAYER-HEALTH] live trainerStep=20800 scope=batch_norm_state_only reluSites=2/10 ch=144 dead=0 off=0 alwaysOn=0 worst=none maxBetaOverGamma=+2.29@policy.pre_bn[103] minBetaOverGamma=-1.62@value.bn[4] rvMaxOverMedian=70.7@blocks.1.bn1[31] rezero=none nonFinite=0
[REPLAY] step=2850 loss=3.4985 pLoss=2.7044 vLoss=0.7865 pEnt=2.835 pIllM=0.0076 playedP=0.167 pW=0.47 pD=0.08 pL=0.46 vAbs=0.257 pLogitMean=-10.1773 vLogitMean=0.6009 gNorm=0.374 lr=0.967 ms=4416.7 buf=500000 plies=25076431 games=374781 rejected=0 skipped=0 epoch=0 mom=0.8503 lrCyc[pk=9.8e-01,tr=9.9e-04] trainerStep=20850
[LAYER-HEALTH] live trainerStep=20850 scope=batch_norm_state_only reluSites=2/10 ch=144 dead=0 off=0 alwaysOn=0 worst=none maxBetaOverGamma=+2.18@policy.pre_bn[103] minBetaOverGamma=-1.86@value.bn[4] rvMaxOverMedian=73.9@blocks.1.bn1[31] rezero=none nonFinite=0
[REPLAY] step=2900 loss=3.5330 pLoss=2.7403 vLoss=0.7848 pEnt=2.853 pIllM=0.0080 playedP=0.166 pW=0.50 pD=0.06 pL=0.44 vAbs=0.285 pLogitMean=-10.1729 vLogitMean=0.5975 gNorm=0.401 lr=0.975 ms=3405.4 buf=500000 plies=25503135 games=381123 rejected=0 skipped=0 epoch=0 mom=0.8502 lrCyc[pk=9.8e-01,tr=9.9e-04] trainerStep=20900
[LAYER-HEALTH] live trainerStep=20900 scope=batch_norm_state_only reluSites=2/10 ch=144 dead=0 off=0 alwaysOn=0 worst=none maxBetaOverGamma=+2.32@policy.pre_bn[103] minBetaOverGamma=-1.66@value.bn[4] rvMaxOverMedian=76.5@blocks.1.bn1[31] rezero=none nonFinite=0
[REPLAY] step=2950 loss=3.5502 pLoss=2.7595 vLoss=0.7836 pEnt=2.810 pIllM=0.0071 playedP=0.173 pW=0.48 pD=0.06 pL=0.46 vAbs=0.254 pLogitMean=-10.2414 vLogitMean=0.5943 gNorm=0.348 lr=0.98 ms=3491.8 buf=500000 plies=25929789 games=387522 rejected=0 skipped=0 epoch=0 mom=0.8501 lrCyc[pk=9.8e-01,tr=9.9e-04] trainerStep=20950
[LAYER-HEALTH] live trainerStep=20950 scope=batch_norm_state_only reluSites=2/10 ch=144 dead=0 off=0 alwaysOn=0 worst=none maxBetaOverGamma=+2.30@policy.pre_bn[103] minBetaOverGamma=-1.70@value.bn[4] rvMaxOverMedian=81.7@blocks.1.bn1[31] rezero=none nonFinite=0
[REPLAY] step=3000 loss=3.5265 pLoss=2.7507 vLoss=0.7685 pEnt=2.829 pIllM=0.0072 playedP=0.170 pW=0.49 pD=0.06 pL=0.45 vAbs=0.270 pLogitMean=-10.3222 vLogitMean=0.5953 gNorm=0.368 lr=0.982 ms=3345.0 buf=500000 plies=26356383 games=393888 rejected=0 skipped=0 epoch=0 mom=0.8501 lrCyc[pk=9.8e-01,tr=9.9e-04] trainerStep=21000
[LAYER-HEALTH] live trainerStep=21000 scope=batch_norm_state_only reluSites=2/10 ch=144 dead=0 off=0 alwaysOn=0 worst=none maxBetaOverGamma=+2.15@policy.pre_bn[103] minBetaOverGamma=-1.70@value.bn[4] rvMaxOverMedian=84.0@blocks.1.bn1[31] rezero=none nonFinite=0
[REPLAY] saved trainer model (autosave) step=3000 trainerStep=21000 nextGame=2706558 shard=5 epoch=0 -> 20261006-lrBsilu-clip1-replay-latest.safetensors
[LAYER-HEALTH] checkpoint replay-autosave step=3000 trainerStep=21000 scope=all_tensors reluSites=2/10 ch=144 dead=0 off=0 alwaysOn=0 worst=none maxBetaOverGamma=+2.15@policy.pre_bn[103] minBetaOverGamma=-1.70@value.bn[4] rvMaxOverMedian=84.0@blocks.1.bn1[31] rezero=none nonFinite=0 seZeroVel=none valueFC1ZeroVel=0/128 maxAbs=28.27@blocks.1.bn1.running_var
[LAYER-HEALTH]   batch-norm sites — β/|γ|: dead < -3.00, mostly off < -2.00, always on > +3.00; classified for relu/leaky_relu only
[LAYER-HEALTH]     site            act            ch   dead    off     on  zeroγ nonfin  min β/|γ| [ch]     max β/|γ| [ch]     rv max/median [ch]
[LAYER-HEALTH]     stem.bn         -             128    n/a    n/a    n/a      0      0     -0.55 [104]        +0.29 [20]            4.0 [101]
[LAYER-HEALTH]     blocks.0.bn1    silu          128    n/a    n/a    n/a      0      0     -0.75 [5]          +0.13 [18]            3.5 [76]
[LAYER-HEALTH]     blocks.0.bn2    silu          128    n/a    n/a    n/a      0      0     -1.12 [53]         +1.93 [48]            4.6 [94]
[LAYER-HEALTH]     blocks.1.bn1    silu          128    n/a    n/a    n/a      0      0     -1.23 [17]         -0.01 [31]           84.0 [31]
[LAYER-HEALTH]     blocks.1.bn2    silu          128    n/a    n/a    n/a      0      0     -1.36 [120]        -0.12 [101]           9.8 [70]
[LAYER-HEALTH]     blocks.2.bn1    silu          128    n/a    n/a    n/a      0      0     -2.12 [17]         +1.83 [31]           70.4 [31]
[LAYER-HEALTH]     blocks.2.bn2    silu          128    n/a    n/a    n/a      0      0     -1.60 [78]         -0.00 [16]            3.5 [26]
[LAYER-HEALTH]     tower_final_bn  silu          128    n/a    n/a    n/a      0      0     -0.52 [90]         +0.91 [6]             7.7 [31]
[LAYER-HEALTH]     policy.pre_bn   leaky_relu    128      0      0      0      0      0     -0.89 [26]         +2.15 [103]           2.8 [120]
[LAYER-HEALTH]     value.bn        leaky_relu     16      0      0      0      0      0     -1.70 [4]          -0.81 [0]             2.1 [11]
[LAYER-HEALTH]   FC hidden-unit velocity — zero: every weight-velocity entry exactly 0; low: nonzero but < 5% of the layer's p90 unit norm
[LAYER-HEALTH]     value.fc1.weight  leaky_relu  units 128  zero 0  low 4  median unit norm 0.006999
[LAYER-HEALTH]     (no SE blocks)
[LAYER-HEALTH]   ReZero: none
[LAYER-HEALTH]   non-finite: 0 values in 0 of 102 tensors (10263038 values examined)
[LAYER-HEALTH]   largest |value|: blocks.1.bn1.running_var 28.27, blocks.2.bn1.running_var 25.53, blocks.1.bn2.running_var 15.41, blocks.0.bn2.running_var 9.005, blocks.2.bn2.running_var 6.122
[REPLAY] enumerated checkpoint -> 20261006-lrBsilu-clip1-replay-seg1-step3000.safetensors
[REPLAY] step=3050 loss=3.4950 pLoss=2.7059 vLoss=0.7804 pEnt=2.861 pIllM=0.0088 playedP=0.164 pW=0.46 pD=0.07 pL=0.48 vAbs=0.268 pLogitMean=-10.3680 vLogitMean=0.5941 gNorm=0.334 lr=0.98 ms=3469.2 buf=500000 plies=26783017 games=400224 rejected=0 skipped=0 epoch=0 mom=0.8501 lrCyc[pk=9.8e-01,tr=9.9e-04] trainerStep=21050
[LAYER-HEALTH] live trainerStep=21050 scope=batch_norm_state_only reluSites=2/10 ch=144 dead=0 off=0 alwaysOn=0 worst=none maxBetaOverGamma=+2.27@policy.pre_bn[103] minBetaOverGamma=-1.61@value.bn[4] rvMaxOverMedian=82.7@blocks.1.bn1[31] rezero=none nonFinite=0
[REPLAY] step=3100 loss=3.4975 pLoss=2.7080 vLoss=0.7822 pEnt=2.857 pIllM=0.0073 playedP=0.166 pW=0.46 pD=0.06 pL=0.49 vAbs=0.271 pLogitMean=-10.4290 vLogitMean=0.5905 gNorm=0.365 lr=0.975 ms=2418.2 buf=500000 plies=27209698 games=406611 rejected=0 skipped=0 epoch=0 mom=0.8502 lrCyc[pk=9.8e-01,tr=9.9e-04] trainerStep=21100
[LAYER-HEALTH] live trainerStep=21100 scope=batch_norm_state_only reluSites=2/10 ch=144 dead=0 off=0 alwaysOn=0 worst=none maxBetaOverGamma=+2.22@policy.pre_bn[103] minBetaOverGamma=-1.45@value.bn[4] rvMaxOverMedian=82.7@blocks.1.bn1[31] rezero=none nonFinite=0
[REPLAY] step=3150 loss=3.5156 pLoss=2.7296 vLoss=0.7774 pEnt=2.855 pIllM=0.0087 playedP=0.161 pW=0.48 pD=0.07 pL=0.45 vAbs=0.274 pLogitMean=-10.4923 vLogitMean=0.5954 gNorm=0.462 lr=0.967 ms=3614.3 buf=500000 plies=27636345 games=412923 rejected=0 skipped=0 epoch=0 mom=0.8503 lrCyc[pk=9.8e-01,tr=9.9e-04] trainerStep=21150
[LAYER-HEALTH] live trainerStep=21150 scope=batch_norm_state_only reluSites=2/10 ch=144 dead=0 off=0 alwaysOn=0 worst=none maxBetaOverGamma=+2.14@policy.pre_bn[103] minBetaOverGamma=-1.50@value.bn[2] rvMaxOverMedian=84.1@blocks.1.bn1[31] rezero=none nonFinite=0
[REPLAY] step=3200 loss=3.4768 pLoss=2.6947 vLoss=0.7745 pEnt=2.894 pIllM=0.0077 playedP=0.159 pW=0.46 pD=0.07 pL=0.47 vAbs=0.274 pLogitMean=-10.5107 vLogitMean=0.6007 gNorm=0.324 lr=0.955 ms=2772.7 buf=500000 plies=28063024 games=419309 rejected=0 skipped=0 epoch=0 mom=0.8505 lrCyc[pk=9.8e-01,tr=9.9e-04] trainerStep=21200
[LAYER-HEALTH] live trainerStep=21200 scope=batch_norm_state_only reluSites=2/10 ch=144 dead=0 off=0 alwaysOn=0 worst=none maxBetaOverGamma=+2.21@policy.pre_bn[103] minBetaOverGamma=-1.60@value.bn[4] rvMaxOverMedian=85.0@blocks.1.bn1[31] rezero=none nonFinite=0
[REPLAY] step=3250 loss=3.4563 pLoss=2.6786 vLoss=0.7710 pEnt=2.822 pIllM=0.0067 playedP=0.175 pW=0.48 pD=0.07 pL=0.45 vAbs=0.275 pLogitMean=-10.5724 vLogitMean=0.5961 gNorm=0.333 lr=0.941 ms=3140.7 buf=500000 plies=28489616 games=425699 rejected=0 skipped=0 epoch=0 mom=0.8507 lrCyc[pk=9.8e-01,tr=9.9e-04] trainerStep=21250
[LAYER-HEALTH] live trainerStep=21250 scope=batch_norm_state_only reluSites=2/10 ch=144 dead=0 off=0 alwaysOn=0 worst=none maxBetaOverGamma=+2.27@policy.pre_bn[103] minBetaOverGamma=-1.56@value.bn[10] rvMaxOverMedian=87.8@blocks.1.bn1[31] rezero=none nonFinite=0
[REPLAY] step=3300 loss=3.5165 pLoss=2.7266 vLoss=0.7826 pEnt=2.852 pIllM=0.0072 playedP=0.168 pW=0.46 pD=0.07 pL=0.47 vAbs=0.247 pLogitMean=-10.5926 vLogitMean=0.5873 gNorm=0.393 lr=0.923 ms=3875.9 buf=500000 plies=28916277 games=432116 rejected=0 skipped=0 epoch=0 mom=0.8510 lrCyc[pk=9.8e-01,tr=9.9e-04] trainerStep=21300
[LAYER-HEALTH] live trainerStep=21300 scope=batch_norm_state_only reluSites=2/10 ch=144 dead=0 off=0 alwaysOn=0 worst=none maxBetaOverGamma=+2.23@policy.pre_bn[103] minBetaOverGamma=-1.53@value.bn[10] rvMaxOverMedian=90.5@blocks.1.bn1[31] rezero=none nonFinite=0
[REPLAY] step=3350 loss=3.5041 pLoss=2.7289 vLoss=0.7681 pEnt=2.809 pIllM=0.0071 playedP=0.178 pW=0.48 pD=0.06 pL=0.46 vAbs=0.272 pLogitMean=-10.6511 vLogitMean=0.5853 gNorm=0.395 lr=0.903 ms=3654.5 buf=500000 plies=29342999 games=438465 rejected=0 skipped=0 epoch=0 mom=0.8513 lrCyc[pk=9.8e-01,tr=9.9e-04] trainerStep=21350
[LAYER-HEALTH] live trainerStep=21350 scope=batch_norm_state_only reluSites=2/10 ch=144 dead=0 off=0 alwaysOn=0 worst=none maxBetaOverGamma=+2.26@policy.pre_bn[103] minBetaOverGamma=-1.68@value.bn[6] rvMaxOverMedian=91.2@blocks.1.bn1[31] rezero=none nonFinite=0
[REPLAY] step=3400 loss=3.5186 pLoss=2.7269 vLoss=0.7857 pEnt=2.846 pIllM=0.0059 playedP=0.169 pW=0.49 pD=0.06 pL=0.45 vAbs=0.274 pLogitMean=-10.6651 vLogitMean=0.5933 gNorm=0.342 lr=0.881 ms=3307.7 buf=500000 plies=29769592 games=444879 rejected=0 skipped=0 epoch=0 mom=0.8517 lrCyc[pk=9.8e-01,tr=9.9e-04] trainerStep=21400
[LAYER-HEALTH] live trainerStep=21400 scope=batch_norm_state_only reluSites=2/10 ch=144 dead=0 off=0 alwaysOn=0 worst=none maxBetaOverGamma=+2.25@policy.pre_bn[103] minBetaOverGamma=-1.49@value.bn[10] rvMaxOverMedian=92.1@blocks.1.bn1[31] rezero=none nonFinite=0
[REPLAY] step=3450 loss=3.5091 pLoss=2.7270 vLoss=0.7760 pEnt=2.868 pIllM=0.0061 playedP=0.166 pW=0.46 pD=0.06 pL=0.47 vAbs=0.256 pLogitMean=-10.6920 vLogitMean=0.5877 gNorm=0.301 lr=0.856 ms=3577.7 buf=500000 plies=30196268 games=451272 rejected=0 skipped=0 epoch=0 mom=0.8521 lrCyc[pk=9.8e-01,tr=9.9e-04] trainerStep=21450
[LAYER-HEALTH] live trainerStep=21450 scope=batch_norm_state_only reluSites=2/10 ch=144 dead=0 off=0 alwaysOn=0 worst=none maxBetaOverGamma=+2.20@policy.pre_bn[103] minBetaOverGamma=-1.56@value.bn[6] rvMaxOverMedian=90.6@blocks.1.bn1[31] rezero=none nonFinite=0
[REPLAY] step=3500 loss=3.4934 pLoss=2.7213 vLoss=0.7660 pEnt=2.875 pIllM=0.0061 playedP=0.164 pW=0.46 pD=0.05 pL=0.48 vAbs=0.265 pLogitMean=-10.7456 vLogitMean=0.5893 gNorm=0.343 lr=0.829 ms=3788.8 buf=500000 plies=30622862 games=457710 rejected=0 skipped=0 epoch=0 mom=0.8525 lrCyc[pk=9.8e-01,tr=9.9e-04] trainerStep=21500
[LAYER-HEALTH] live trainerStep=21500 scope=batch_norm_state_only reluSites=2/10 ch=144 dead=0 off=0 alwaysOn=0 worst=none maxBetaOverGamma=+2.18@policy.pre_bn[103] minBetaOverGamma=-1.54@value.bn[9] rvMaxOverMedian=92.2@blocks.1.bn1[31] rezero=none nonFinite=0
[REPLAY] step=3550 loss=3.5687 pLoss=2.7708 vLoss=0.7908 pEnt=2.858 pIllM=0.0070 playedP=0.165 pW=0.49 pD=0.06 pL=0.45 vAbs=0.260 pLogitMean=-10.7509 vLogitMean=0.5901 gNorm=0.333 lr=0.8 ms=3896.7 buf=500000 plies=31049529 games=464095 rejected=0 skipped=0 epoch=0 mom=0.8531 lrCyc[pk=9.8e-01,tr=9.9e-04] trainerStep=21550
[LAYER-HEALTH] live trainerStep=21550 scope=batch_norm_state_only reluSites=2/10 ch=144 dead=0 off=0 alwaysOn=0 worst=none maxBetaOverGamma=+2.26@policy.pre_bn[103] minBetaOverGamma=-1.66@value.bn[9] rvMaxOverMedian=93.0@blocks.1.bn1[31] rezero=none nonFinite=0
[REPLAY] step=3600 loss=3.5697 pLoss=2.7807 vLoss=0.7815 pEnt=2.802 pIllM=0.0074 playedP=0.177 pW=0.47 pD=0.06 pL=0.47 vAbs=0.233 pLogitMean=-10.7655 vLogitMean=0.5848 gNorm=0.346 lr=0.77 ms=4585.9 buf=500000 plies=31476177 games=470504 rejected=0 skipped=0 epoch=0 mom=0.8536 lrCyc[pk=9.8e-01,tr=9.9e-04] trainerStep=21600
[LAYER-HEALTH] live trainerStep=21600 scope=batch_norm_state_only reluSites=2/10 ch=144 dead=0 off=0 alwaysOn=0 worst=none maxBetaOverGamma=+2.29@policy.pre_bn[103] minBetaOverGamma=-1.56@value.bn[9] rvMaxOverMedian=93.8@blocks.1.bn1[31] rezero=none nonFinite=0
[REPLAY] step=3650 loss=3.5280 pLoss=2.7476 vLoss=0.7748 pEnt=2.842 pIllM=0.0057 playedP=0.172 pW=0.47 pD=0.06 pL=0.47 vAbs=0.257 pLogitMean=-10.7761 vLogitMean=0.5904 gNorm=0.325 lr=0.739 ms=3924.1 buf=500000 plies=31902857 games=476850 rejected=0 skipped=0 epoch=0 mom=0.8542 lrCyc[pk=9.8e-01,tr=9.9e-04] trainerStep=21650
[LAYER-HEALTH] live trainerStep=21650 scope=batch_norm_state_only reluSites=2/10 ch=144 dead=0 off=0 alwaysOn=0 worst=none maxBetaOverGamma=+2.28@policy.pre_bn[103] minBetaOverGamma=-1.54@value.bn[3] rvMaxOverMedian=95.9@blocks.1.bn1[31] rezero=none nonFinite=0
[REPLAY] step=3700 loss=3.4967 pLoss=2.7072 vLoss=0.7833 pEnt=2.848 pIllM=0.0062 playedP=0.175 pW=0.47 pD=0.06 pL=0.47 vAbs=0.247 pLogitMean=-10.8265 vLogitMean=0.5833 gNorm=0.297 lr=0.707 ms=3985.0 buf=500000 plies=32329494 games=483289 rejected=0 skipped=0 epoch=0 mom=0.8549 lrCyc[pk=9.8e-01,tr=9.9e-04] trainerStep=21700
[LAYER-HEALTH] live trainerStep=21700 scope=batch_norm_state_only reluSites=2/10 ch=144 dead=0 off=0 alwaysOn=0 worst=none maxBetaOverGamma=+2.22@policy.pre_bn[103] minBetaOverGamma=-1.75@value.bn[2] rvMaxOverMedian=95.9@blocks.1.bn1[31] rezero=none nonFinite=0
[REPLAY] step=3750 loss=3.5113 pLoss=2.7099 vLoss=0.7961 pEnt=2.908 pIllM=0.0052 playedP=0.159 pW=0.47 pD=0.06 pL=0.47 vAbs=0.261 pLogitMean=-10.8516 vLogitMean=0.5846 gNorm=0.298 lr=0.674 ms=4308.0 buf=500000 plies=32756114 games=489727 rejected=0 skipped=0 epoch=0 mom=0.8555 lrCyc[pk=9.8e-01,tr=9.9e-04] trainerStep=21750
[LAYER-HEALTH] live trainerStep=21750 scope=batch_norm_state_only reluSites=2/10 ch=144 dead=0 off=0 alwaysOn=0 worst=none maxBetaOverGamma=+2.21@policy.pre_bn[103] minBetaOverGamma=-1.64@value.bn[2] rvMaxOverMedian=95.4@blocks.1.bn1[31] rezero=none nonFinite=0
[REPLAY] step=3800 loss=3.5733 pLoss=2.7598 vLoss=0.8085 pEnt=2.884 pIllM=0.0050 playedP=0.165 pW=0.49 pD=0.07 pL=0.44 vAbs=0.242 pLogitMean=-10.8376 vLogitMean=0.5835 gNorm=0.331 lr=0.64 ms=3867.8 buf=500000 plies=33182794 games=496067 rejected=0 skipped=0 epoch=0 mom=0.8563 lrCyc[pk=9.8e-01,tr=9.9e-04] trainerStep=21800
[LAYER-HEALTH] live trainerStep=21800 scope=batch_norm_state_only reluSites=2/10 ch=144 dead=0 off=0 alwaysOn=0 worst=none maxBetaOverGamma=+2.22@policy.pre_bn[103] minBetaOverGamma=-1.70@value.bn[4] rvMaxOverMedian=95.7@blocks.1.bn1[31] rezero=none nonFinite=0
[REPLAY] step=3850 loss=3.4751 pLoss=2.6895 vLoss=0.7814 pEnt=2.863 pIllM=0.0042 playedP=0.165 pW=0.45 pD=0.06 pL=0.50 vAbs=0.250 pLogitMean=-10.8788 vLogitMean=0.5795 gNorm=0.343 lr=0.607 ms=3701.0 buf=500000 plies=33609446 games=502473 rejected=0 skipped=0 epoch=0 mom=0.8571 lrCyc[pk=9.8e-01,tr=9.9e-04] trainerStep=21850
[LAYER-HEALTH] live trainerStep=21850 scope=batch_norm_state_only reluSites=2/10 ch=144 dead=0 off=0 alwaysOn=0 worst=none maxBetaOverGamma=+2.23@policy.pre_bn[103] minBetaOverGamma=-1.72@value.bn[4] rvMaxOverMedian=95.7@blocks.1.bn1[31] rezero=none nonFinite=0
[REPLAY] step=3900 loss=3.5166 pLoss=2.7339 vLoss=0.7775 pEnt=2.848 pIllM=0.0052 playedP=0.173 pW=0.49 pD=0.06 pL=0.45 vAbs=0.260 pLogitMean=-10.8666 vLogitMean=0.5826 gNorm=0.282 lr=0.573 ms=2744.7 buf=500000 plies=34036072 games=508844 rejected=0 skipped=0 epoch=0 mom=0.8579 lrCyc[pk=9.8e-01,tr=9.9e-04] trainerStep=21900
[LAYER-HEALTH] live trainerStep=21900 scope=batch_norm_state_only reluSites=2/10 ch=144 dead=0 off=0 alwaysOn=0 worst=none maxBetaOverGamma=+2.23@policy.pre_bn[103] minBetaOverGamma=-1.68@value.bn[4] rvMaxOverMedian=96.5@blocks.1.bn1[31] rezero=none nonFinite=0
[REPLAY] step=3950 loss=3.4699 pLoss=2.6771 vLoss=0.7889 pEnt=2.843 pIllM=0.0039 playedP=0.174 pW=0.46 pD=0.07 pL=0.47 vAbs=0.266 pLogitMean=-10.8785 vLogitMean=0.5814 gNorm=0.296 lr=0.54 ms=3545.6 buf=500000 plies=34462732 games=515202 rejected=0 skipped=0 epoch=0 mom=0.8587 lrCyc[pk=9.8e-01,tr=9.9e-04] trainerStep=21950
[LAYER-HEALTH] live trainerStep=21950 scope=batch_norm_state_only reluSites=2/10 ch=144 dead=0 off=0 alwaysOn=0 worst=none maxBetaOverGamma=+2.30@policy.pre_bn[103] minBetaOverGamma=-1.74@value.bn[4] rvMaxOverMedian=96.9@blocks.1.bn1[31] rezero=none nonFinite=0
[REPLAY] step=4000 loss=3.5039 pLoss=2.7094 vLoss=0.7904 pEnt=2.841 pIllM=0.0041 playedP=0.177 pW=0.47 pD=0.06 pL=0.46 vAbs=0.244 pLogitMean=-10.8878 vLogitMean=0.5867 gNorm=0.311 lr=0.508 ms=2857.4 buf=500000 plies=34889376 games=521554 rejected=0 skipped=0 epoch=0 mom=0.8596 lrCyc[pk=9.8e-01,tr=9.9e-04] trainerStep=22000
[LAYER-HEALTH] live trainerStep=22000 scope=batch_norm_state_only reluSites=2/10 ch=144 dead=0 off=0 alwaysOn=0 worst=none maxBetaOverGamma=+2.30@policy.pre_bn[103] minBetaOverGamma=-1.67@value.bn[10] rvMaxOverMedian=95.4@blocks.1.bn1[31] rezero=none nonFinite=0
[REPLAY] saved trainer model (autosave) step=4000 trainerStep=22000 nextGame=2834224 shard=6 epoch=0 -> 20261006-lrBsilu-clip1-replay-latest.safetensors
[LAYER-HEALTH] checkpoint replay-autosave step=4000 trainerStep=22000 scope=all_tensors reluSites=2/10 ch=144 dead=0 off=0 alwaysOn=0 worst=none maxBetaOverGamma=+2.30@policy.pre_bn[103] minBetaOverGamma=-1.67@value.bn[10] rvMaxOverMedian=95.4@blocks.1.bn1[31] rezero=none nonFinite=0 seZeroVel=none valueFC1ZeroVel=0/128 maxAbs=32.53@blocks.1.bn1.running_var
[LAYER-HEALTH]   batch-norm sites — β/|γ|: dead < -3.00, mostly off < -2.00, always on > +3.00; classified for relu/leaky_relu only
[LAYER-HEALTH]     site            act            ch   dead    off     on  zeroγ nonfin  min β/|γ| [ch]     max β/|γ| [ch]     rv max/median [ch]
[LAYER-HEALTH]     stem.bn         -             128    n/a    n/a    n/a      0      0     -0.64 [69]         +0.32 [95]            4.7 [76]
[LAYER-HEALTH]     blocks.0.bn1    silu          128    n/a    n/a    n/a      0      0     -0.84 [21]         +0.15 [18]            4.4 [76]
[LAYER-HEALTH]     blocks.0.bn2    silu          128    n/a    n/a    n/a      0      0     -1.16 [53]         +2.99 [48]            5.0 [94]
[LAYER-HEALTH]     blocks.1.bn1    silu          128    n/a    n/a    n/a      0      0     -1.27 [58]         -0.02 [31]           95.4 [31]
[LAYER-HEALTH]     blocks.1.bn2    silu          128    n/a    n/a    n/a      0      0     -1.48 [3]          -0.16 [8]             9.8 [70]
[LAYER-HEALTH]     blocks.2.bn1    silu          128    n/a    n/a    n/a      0      0     -2.23 [17]         +1.92 [31]           81.6 [31]
[LAYER-HEALTH]     blocks.2.bn2    silu          128    n/a    n/a    n/a      0      0     -1.57 [78]         -0.04 [16]            3.5 [26]
[LAYER-HEALTH]     tower_final_bn  silu          128    n/a    n/a    n/a      0      0     -0.57 [90]         +1.02 [111]           8.3 [31]
[LAYER-HEALTH]     policy.pre_bn   leaky_relu    128      0      0      0      0      0     -0.91 [7]          +2.30 [103]           2.8 [120]
[LAYER-HEALTH]     value.bn        leaky_relu     16      0      0      0      0      0     -1.67 [10]         -0.73 [0]             1.9 [11]
[LAYER-HEALTH]   FC hidden-unit velocity — zero: every weight-velocity entry exactly 0; low: nonzero but < 5% of the layer's p90 unit norm
[LAYER-HEALTH]     value.fc1.weight  leaky_relu  units 128  zero 0  low 6  median unit norm 0.005001
[LAYER-HEALTH]     (no SE blocks)
[LAYER-HEALTH]   ReZero: none
[LAYER-HEALTH]   non-finite: 0 values in 0 of 102 tensors (10263038 values examined)
[LAYER-HEALTH]   largest |value|: blocks.1.bn1.running_var 32.53, blocks.2.bn1.running_var 27.52, blocks.1.bn2.running_var 16.54, blocks.0.bn2.running_var 10.76, blocks.2.bn2.running_var 6.271
[REPLAY] enumerated checkpoint -> 20261006-lrBsilu-clip1-replay-seg1-step4000.safetensors
[REPLAY] step=4050 loss=3.5454 pLoss=2.7580 vLoss=0.7837 pEnt=2.866 pIllM=0.0038 playedP=0.170 pW=0.49 pD=0.06 pL=0.45 vAbs=0.241 pLogitMean=-10.8935 vLogitMean=0.5857 gNorm=0.310 lr=0.476 ms=2204.1 buf=500000 plies=35316046 games=527889 rejected=0 skipped=0 epoch=0 mom=0.8606 lrCyc[pk=9.8e-01,tr=9.9e-04] trainerStep=22050
[LAYER-HEALTH] live trainerStep=22050 scope=batch_norm_state_only reluSites=2/10 ch=144 dead=0 off=0 alwaysOn=0 worst=none maxBetaOverGamma=+2.32@policy.pre_bn[103] minBetaOverGamma=-1.74@value.bn[4] rvMaxOverMedian=96.0@blocks.1.bn1[31] rezero=none nonFinite=0
[REPLAY] step=4100 loss=3.5206 pLoss=2.7181 vLoss=0.7989 pEnt=2.859 pIllM=0.0036 playedP=0.170 pW=0.46 pD=0.07 pL=0.47 vAbs=0.224 pLogitMean=-10.8997 vLogitMean=0.5886 gNorm=0.308 lr=0.444 ms=4078.0 buf=500000 plies=35742724 games=534281 rejected=0 skipped=0 epoch=0 mom=0.8616 lrCyc[pk=9.8e-01,tr=9.9e-04] trainerStep=22100
[LAYER-HEALTH] live trainerStep=22100 scope=batch_norm_state_only reluSites=2/10 ch=144 dead=0 off=0 alwaysOn=0 worst=none maxBetaOverGamma=+2.24@policy.pre_bn[103] minBetaOverGamma=-1.71@value.bn[4] rvMaxOverMedian=98.7@blocks.1.bn1[31] rezero=none nonFinite=0
[REPLAY] step=4150 loss=3.5417 pLoss=2.7312 vLoss=0.8065 pEnt=2.848 pIllM=0.0040 playedP=0.175 pW=0.48 pD=0.06 pL=0.46 vAbs=0.268 pLogitMean=-10.8948 vLogitMean=0.5851 gNorm=0.282 lr=0.414 ms=3464.8 buf=500000 plies=36169436 games=540649 rejected=0 skipped=0 epoch=0 mom=0.8626 lrCyc[pk=9.8e-01,tr=9.9e-04] trainerStep=22150
[LAYER-HEALTH] live trainerStep=22150 scope=batch_norm_state_only reluSites=2/10 ch=144 dead=0 off=0 alwaysOn=0 worst=none maxBetaOverGamma=+2.28@policy.pre_bn[103] minBetaOverGamma=-1.75@value.bn[4] rvMaxOverMedian=99.6@blocks.1.bn1[31] rezero=none nonFinite=0
[REPLAY] step=4200 loss=3.5517 pLoss=2.7355 vLoss=0.8130 pEnt=2.901 pIllM=0.0032 playedP=0.163 pW=0.47 pD=0.07 pL=0.47 vAbs=0.244 pLogitMean=-10.9076 vLogitMean=0.5828 gNorm=0.280 lr=0.385 ms=3826.9 buf=500000 plies=36596038 games=547070 rejected=0 skipped=0 epoch=0 mom=0.8636 lrCyc[pk=9.8e-01,tr=9.9e-04] trainerStep=22200
[LAYER-HEALTH] live trainerStep=22200 scope=batch_norm_state_only reluSites=2/10 ch=144 dead=0 off=0 alwaysOn=0 worst=none maxBetaOverGamma=+2.24@policy.pre_bn[103] minBetaOverGamma=-1.77@value.bn[2] rvMaxOverMedian=100.2@blocks.1.bn1[31] rezero=none nonFinite=0
[REPLAY] step=4250 loss=3.5475 pLoss=2.7312 vLoss=0.8125 pEnt=2.868 pIllM=0.0038 playedP=0.172 pW=0.46 pD=0.07 pL=0.47 vAbs=0.201 pLogitMean=-10.9064 vLogitMean=0.5778 gNorm=0.252 lr=0.357 ms=4888.7 buf=500000 plies=37022641 games=553420 rejected=0 skipped=0 epoch=0 mom=0.8647 lrCyc[pk=9.8e-01,tr=9.9e-04] trainerStep=22250
[LAYER-HEALTH] live trainerStep=22250 scope=batch_norm_state_only reluSites=2/10 ch=144 dead=0 off=0 alwaysOn=0 worst=none maxBetaOverGamma=+2.23@policy.pre_bn[103] minBetaOverGamma=-1.75@value.bn[2] rvMaxOverMedian=102.1@blocks.1.bn1[31] rezero=none nonFinite=0
[REPLAY] step=4300 loss=3.5162 pLoss=2.7175 vLoss=0.7955 pEnt=2.838 pIllM=0.0032 playedP=0.181 pW=0.49 pD=0.06 pL=0.45 vAbs=0.238 pLogitMean=-10.9058 vLogitMean=0.5769 gNorm=0.282 lr=0.33 ms=2740.3 buf=500000 plies=37449275 games=559782 rejected=0 skipped=0 epoch=0 mom=0.8659 lrCyc[pk=9.8e-01,tr=9.9e-04] trainerStep=22300
[LAYER-HEALTH] live trainerStep=22300 scope=batch_norm_state_only reluSites=2/10 ch=144 dead=0 off=0 alwaysOn=0 worst=none maxBetaOverGamma=+2.27@policy.pre_bn[103] minBetaOverGamma=-1.75@value.bn[4] rvMaxOverMedian=103.4@blocks.1.bn1[31] rezero=none nonFinite=0
[REPLAY] step=4350 loss=3.5298 pLoss=2.7311 vLoss=0.7954 pEnt=2.900 pIllM=0.0033 playedP=0.168 pW=0.46 pD=0.07 pL=0.48 vAbs=0.234 pLogitMean=-10.9091 vLogitMean=0.5762 gNorm=0.281 lr=0.305 ms=3279.6 buf=500000 plies=37875967 games=566201 rejected=0 skipped=0 epoch=0 mom=0.8670 lrCyc[pk=9.8e-01,tr=9.9e-04] trainerStep=22350
[LAYER-HEALTH] live trainerStep=22350 scope=batch_norm_state_only reluSites=2/10 ch=144 dead=0 off=0 alwaysOn=0 worst=none maxBetaOverGamma=+2.27@policy.pre_bn[103] minBetaOverGamma=-1.74@value.bn[9] rvMaxOverMedian=103.8@blocks.1.bn1[31] rezero=none nonFinite=0
[REPLAY] step=4400 loss=3.5030 pLoss=2.7028 vLoss=0.7966 pEnt=2.848 pIllM=0.0037 playedP=0.177 pW=0.48 pD=0.05 pL=0.47 vAbs=0.250 pLogitMean=-10.9114 vLogitMean=0.5761 gNorm=0.277 lr=0.281 ms=3717.4 buf=500000 plies=38302600 games=572645 rejected=0 skipped=0 epoch=0 mom=0.8682 lrCyc[pk=9.8e-01,tr=9.9e-04] trainerStep=22400
[LAYER-HEALTH] live trainerStep=22400 scope=batch_norm_state_only reluSites=2/10 ch=144 dead=0 off=0 alwaysOn=0 worst=none maxBetaOverGamma=+2.27@policy.pre_bn[103] minBetaOverGamma=-1.72@value.bn[4] rvMaxOverMedian=101.6@blocks.1.bn1[31] rezero=none nonFinite=0
[REPLAY] step=4450 loss=3.5345 pLoss=2.7464 vLoss=0.7850 pEnt=2.867 pIllM=0.0031 playedP=0.171 pW=0.48 pD=0.06 pL=0.47 vAbs=0.232 pLogitMean=-10.9094 vLogitMean=0.5792 gNorm=0.286 lr=0.258 ms=3440.8 buf=500000 plies=38729260 games=579030 rejected=0 skipped=0 epoch=0 mom=0.8694 lrCyc[pk=9.8e-01,tr=9.9e-04] trainerStep=22450
[LAYER-HEALTH] live trainerStep=22450 scope=batch_norm_state_only reluSites=2/10 ch=144 dead=0 off=0 alwaysOn=0 worst=none maxBetaOverGamma=+2.26@policy.pre_bn[103] minBetaOverGamma=-1.74@value.bn[4] rvMaxOverMedian=100.8@blocks.1.bn1[31] rezero=none nonFinite=0
[REPLAY] step=4500 loss=3.5176 pLoss=2.7105 vLoss=0.8040 pEnt=2.861 pIllM=0.0031 playedP=0.172 pW=0.48 pD=0.06 pL=0.47 vAbs=0.240 pLogitMean=-10.8991 vLogitMean=0.5765 gNorm=0.281 lr=0.237 ms=3813.4 buf=500000 plies=39155859 games=585443 rejected=0 skipped=0 epoch=0 mom=0.8707 lrCyc[pk=9.8e-01,tr=9.9e-04] trainerStep=22500
[LAYER-HEALTH] live trainerStep=22500 scope=batch_norm_state_only reluSites=2/10 ch=144 dead=0 off=0 alwaysOn=0 worst=none maxBetaOverGamma=+2.22@policy.pre_bn[103] minBetaOverGamma=-1.72@value.bn[9] rvMaxOverMedian=100.0@blocks.1.bn1[31] rezero=none nonFinite=0
[REPLAY] step=4550 loss=3.5296 pLoss=2.7180 vLoss=0.8090 pEnt=2.874 pIllM=0.0026 playedP=0.171 pW=0.47 pD=0.06 pL=0.47 vAbs=0.230 pLogitMean=-10.8967 vLogitMean=0.5779 gNorm=0.267 lr=0.216 ms=4186.0 buf=500000 plies=39582555 games=591861 rejected=0 skipped=0 epoch=0 mom=0.8720 lrCyc[pk=9.8e-01,tr=9.9e-04] trainerStep=22550
[LAYER-HEALTH] live trainerStep=22550 scope=batch_norm_state_only reluSites=2/10 ch=144 dead=0 off=0 alwaysOn=0 worst=none maxBetaOverGamma=+2.23@policy.pre_bn[103] minBetaOverGamma=-1.74@value.bn[4] rvMaxOverMedian=100.5@blocks.1.bn1[31] rezero=none nonFinite=0
[REPLAY] step=4600 loss=3.5271 pLoss=2.7294 vLoss=0.7950 pEnt=2.849 pIllM=0.0027 playedP=0.176 pW=0.47 pD=0.06 pL=0.47 vAbs=0.225 pLogitMean=-10.8909 vLogitMean=0.5789 gNorm=0.264 lr=0.198 ms=4208.5 buf=500000 plies=40009177 games=598313 rejected=0 skipped=0 epoch=0 mom=0.8733 lrCyc[pk=9.8e-01,tr=9.9e-04] trainerStep=22600
[LAYER-HEALTH] live trainerStep=22600 scope=batch_norm_state_only reluSites=2/10 ch=144 dead=0 off=0 alwaysOn=0 worst=none maxBetaOverGamma=+2.21@policy.pre_bn[103] minBetaOverGamma=-1.76@value.bn[4] rvMaxOverMedian=103.1@blocks.1.bn1[31] rezero=none nonFinite=0
[REPLAY] step=4650 loss=3.4988 pLoss=2.7095 vLoss=0.7866 pEnt=2.857 pIllM=0.0027 playedP=0.177 pW=0.47 pD=0.06 pL=0.47 vAbs=0.225 pLogitMean=-10.8997 vLogitMean=0.5793 gNorm=0.252 lr=0.18 ms=3670.6 buf=500000 plies=40435822 games=604620 rejected=0 skipped=0 epoch=0 mom=0.8746 lrCyc[pk=9.8e-01,tr=9.9e-04] trainerStep=22650
[LAYER-HEALTH] live trainerStep=22650 scope=batch_norm_state_only reluSites=2/10 ch=144 dead=0 off=0 alwaysOn=0 worst=none maxBetaOverGamma=+2.21@policy.pre_bn[103] minBetaOverGamma=-1.81@value.bn[3] rvMaxOverMedian=102.8@blocks.1.bn1[31] rezero=none nonFinite=0
[REPLAY] step=4700 loss=3.5480 pLoss=2.7503 vLoss=0.7955 pEnt=2.887 pIllM=0.0023 playedP=0.167 pW=0.48 pD=0.06 pL=0.47 vAbs=0.234 pLogitMean=-10.9064 vLogitMean=0.5792 gNorm=0.245 lr=0.164 ms=5406.3 buf=500000 plies=40862502 games=611024 rejected=0 skipped=0 epoch=0 mom=0.8760 lrCyc[pk=9.8e-01,tr=9.9e-04] trainerStep=22700
[LAYER-HEALTH] live trainerStep=22700 scope=batch_norm_state_only reluSites=2/10 ch=144 dead=0 off=0 alwaysOn=0 worst=none maxBetaOverGamma=+2.24@policy.pre_bn[103] minBetaOverGamma=-1.82@value.bn[3] rvMaxOverMedian=102.2@blocks.1.bn1[31] rezero=none nonFinite=0
[REPLAY] step=4750 loss=3.5389 pLoss=2.7352 vLoss=0.8013 pEnt=2.888 pIllM=0.0024 playedP=0.169 pW=0.47 pD=0.06 pL=0.47 vAbs=0.233 pLogitMean=-10.9089 vLogitMean=0.5794 gNorm=0.254 lr=0.149 ms=3908.0 buf=500000 plies=41289118 games=617405 rejected=0 skipped=0 epoch=0 mom=0.8774 lrCyc[pk=9.8e-01,tr=9.9e-04] trainerStep=22750
[LAYER-HEALTH] live trainerStep=22750 scope=batch_norm_state_only reluSites=2/10 ch=144 dead=0 off=0 alwaysOn=0 worst=none maxBetaOverGamma=+2.23@policy.pre_bn[103] minBetaOverGamma=-1.80@value.bn[9] rvMaxOverMedian=103.4@blocks.1.bn1[31] rezero=none nonFinite=0
[REPLAY] step=4800 loss=3.5314 pLoss=2.7289 vLoss=0.8000 pEnt=2.877 pIllM=0.0024 playedP=0.172 pW=0.47 pD=0.06 pL=0.46 vAbs=0.213 pLogitMean=-10.9068 vLogitMean=0.5793 gNorm=0.245 lr=0.135 ms=3301.2 buf=500000 plies=41715779 games=623805 rejected=0 skipped=0 epoch=0 mom=0.8788 lrCyc[pk=9.8e-01,tr=9.9e-04] trainerStep=22800
[LAYER-HEALTH] live trainerStep=22800 scope=batch_norm_state_only reluSites=2/10 ch=144 dead=0 off=0 alwaysOn=0 worst=none maxBetaOverGamma=+2.23@policy.pre_bn[103] minBetaOverGamma=-1.80@value.bn[2] rvMaxOverMedian=104.9@blocks.1.bn1[31] rezero=none nonFinite=0
[REPLAY] step=4850 loss=3.5329 pLoss=2.7228 vLoss=0.8078 pEnt=2.861 pIllM=0.0023 playedP=0.175 pW=0.47 pD=0.07 pL=0.46 vAbs=0.223 pLogitMean=-10.9040 vLogitMean=0.5829 gNorm=0.258 lr=0.123 ms=3398.6 buf=500000 plies=42142421 games=630209 rejected=0 skipped=0 epoch=0 mom=0.8802 lrCyc[pk=9.8e-01,tr=9.9e-04] trainerStep=22850
[LAYER-HEALTH] live trainerStep=22850 scope=batch_norm_state_only reluSites=2/10 ch=144 dead=0 off=0 alwaysOn=0 worst=none maxBetaOverGamma=+2.23@policy.pre_bn[103] minBetaOverGamma=-1.81@value.bn[2] rvMaxOverMedian=107.8@blocks.1.bn1[31] rezero=none nonFinite=0
[REPLAY] step=4900 loss=3.5259 pLoss=2.7146 vLoss=0.8091 pEnt=2.865 pIllM=0.0023 playedP=0.176 pW=0.46 pD=0.07 pL=0.47 vAbs=0.226 pLogitMean=-10.8986 vLogitMean=0.5797 gNorm=0.244 lr=0.111 ms=3861.1 buf=500000 plies=42569142 games=636616 rejected=0 skipped=0 epoch=0 mom=0.8817 lrCyc[pk=9.8e-01,tr=9.9e-04] trainerStep=22900
[LAYER-HEALTH] live trainerStep=22900 scope=batch_norm_state_only reluSites=2/10 ch=144 dead=0 off=0 alwaysOn=0 worst=none maxBetaOverGamma=+2.21@policy.pre_bn[103] minBetaOverGamma=-1.82@value.bn[2] rvMaxOverMedian=109.3@blocks.1.bn1[31] rezero=none nonFinite=0
[REPLAY] step=4950 loss=3.5436 pLoss=2.7369 vLoss=0.8046 pEnt=2.865 pIllM=0.0021 playedP=0.175 pW=0.47 pD=0.07 pL=0.46 vAbs=0.231 pLogitMean=-10.8996 vLogitMean=0.5806 gNorm=0.249 lr=0.1 ms=3256.2 buf=500000 plies=42995742 games=643052 rejected=0 skipped=0 epoch=0 mom=0.8831 lrCyc[pk=9.8e-01,tr=9.9e-04] trainerStep=22950
[LAYER-HEALTH] live trainerStep=22950 scope=batch_norm_state_only reluSites=2/10 ch=144 dead=0 off=0 alwaysOn=0 worst=none maxBetaOverGamma=+2.21@policy.pre_bn[103] minBetaOverGamma=-1.84@value.bn[2] rvMaxOverMedian=107.2@blocks.1.bn1[31] rezero=none nonFinite=0
[REPLAY] step=5000 loss=3.5242 pLoss=2.7171 vLoss=0.8051 pEnt=2.861 pIllM=0.0020 playedP=0.176 pW=0.47 pD=0.06 pL=0.47 vAbs=0.244 pLogitMean=-10.8969 vLogitMean=0.5808 gNorm=0.246 lr=0.0904 ms=3927.4 buf=500000 plies=43422410 games=649460 rejected=0 skipped=0 epoch=0 mom=0.8846 lrCyc[pk=9.8e-01,tr=9.9e-04] trainerStep=23000
[LAYER-HEALTH] live trainerStep=23000 scope=batch_norm_state_only reluSites=2/10 ch=144 dead=0 off=0 alwaysOn=0 worst=none maxBetaOverGamma=+2.20@policy.pre_bn[103] minBetaOverGamma=-1.85@value.bn[2] rvMaxOverMedian=106.7@blocks.1.bn1[31] rezero=none nonFinite=0
[REPLAY] saved trainer model (autosave) step=5000 trainerStep=23000 nextGame=2962130 shard=6 epoch=0 -> 20261006-lrBsilu-clip1-replay-latest.safetensors
[LAYER-HEALTH] checkpoint replay-autosave step=5000 trainerStep=23000 scope=all_tensors reluSites=2/10 ch=144 dead=0 off=0 alwaysOn=0 worst=none maxBetaOverGamma=+2.20@policy.pre_bn[103] minBetaOverGamma=-1.85@value.bn[2] rvMaxOverMedian=106.7@blocks.1.bn1[31] rezero=none nonFinite=0 seZeroVel=none valueFC1ZeroVel=0/128 maxAbs=32.53@blocks.1.bn1.running_var
[LAYER-HEALTH]   batch-norm sites — β/|γ|: dead < -3.00, mostly off < -2.00, always on > +3.00; classified for relu/leaky_relu only
[LAYER-HEALTH]     site            act            ch   dead    off     on  zeroγ nonfin  min β/|γ| [ch]     max β/|γ| [ch]     rv max/median [ch]
[LAYER-HEALTH]     stem.bn         -             128    n/a    n/a    n/a      0      0     -0.68 [69]         +0.33 [95]            5.6 [76]
[LAYER-HEALTH]     blocks.0.bn1    silu          128    n/a    n/a    n/a      0      0     -0.92 [5]          +0.16 [18]            4.5 [76]
[LAYER-HEALTH]     blocks.0.bn2    silu          128    n/a    n/a    n/a      0      0     -1.16 [53]         +3.34 [48]            5.1 [94]
[LAYER-HEALTH]     blocks.1.bn1    silu          128    n/a    n/a    n/a      0      0     -1.29 [58]         -0.02 [31]          106.7 [31]
[LAYER-HEALTH]     blocks.1.bn2    silu          128    n/a    n/a    n/a      0      0     -1.46 [3]          -0.15 [8]             9.7 [70]
[LAYER-HEALTH]     blocks.2.bn1    silu          128    n/a    n/a    n/a      0      0     -2.20 [17]         +2.03 [31]           97.7 [31]
[LAYER-HEALTH]     blocks.2.bn2    silu          128    n/a    n/a    n/a      0      0     -1.57 [78]         +0.01 [16]            3.5 [26]
[LAYER-HEALTH]     tower_final_bn  silu          128    n/a    n/a    n/a      0      0     -0.60 [90]         +1.01 [111]          10.4 [31]
[LAYER-HEALTH]     policy.pre_bn   leaky_relu    128      0      0      0      0      0     -0.86 [7]          +2.20 [103]           2.9 [120]
[LAYER-HEALTH]     value.bn        leaky_relu     16      0      0      0      0      0     -1.85 [2]          -0.46 [13]            2.1 [11]
[LAYER-HEALTH]   FC hidden-unit velocity — zero: every weight-velocity entry exactly 0; low: nonzero but < 5% of the layer's p90 unit norm
[LAYER-HEALTH]     value.fc1.weight  leaky_relu  units 128  zero 0  low 9  median unit norm 0.003116
[LAYER-HEALTH]     (no SE blocks)
[LAYER-HEALTH]   ReZero: none
[LAYER-HEALTH]   non-finite: 0 values in 0 of 102 tensors (10263038 values examined)
[LAYER-HEALTH]   largest |value|: blocks.1.bn1.running_var 32.53, blocks.2.bn1.running_var 30.15, blocks.1.bn2.running_var 14.88, blocks.0.bn2.running_var 10.54, tower_final_bn.running_var 6.144
[REPLAY] enumerated checkpoint -> 20261006-lrBsilu-clip1-replay-seg1-step5000.safetensors
[REPLAY] step=5050 loss=3.5516 pLoss=2.7394 vLoss=0.8100 pEnt=2.858 pIllM=0.0022 playedP=0.175 pW=0.47 pD=0.07 pL=0.46 vAbs=0.233 pLogitMean=-10.9045 vLogitMean=0.5787 gNorm=0.247 lr=0.0815 ms=3354.7 buf=500000 plies=43849027 games=655802 rejected=0 skipped=0 epoch=0 mom=0.8861 lrCyc[pk=9.8e-01,tr=9.9e-04] trainerStep=23050
[LAYER-HEALTH] live trainerStep=23050 scope=batch_norm_state_only reluSites=2/10 ch=144 dead=0 off=0 alwaysOn=0 worst=none maxBetaOverGamma=+2.21@policy.pre_bn[103] minBetaOverGamma=-1.84@value.bn[2] rvMaxOverMedian=107.3@blocks.1.bn1[31] rezero=none nonFinite=0
[REPLAY] step=5100 loss=3.4887 pLoss=2.6830 vLoss=0.8037 pEnt=2.854 pIllM=0.0020 playedP=0.178 pW=0.47 pD=0.06 pL=0.47 vAbs=0.245 pLogitMean=-10.9056 vLogitMean=0.5789 gNorm=0.246 lr=0.0734 ms=5534.5 buf=500000 plies=44275712 games=662157 rejected=0 skipped=0 epoch=0 mom=0.8876 lrCyc[pk=9.8e-01,tr=9.9e-04] trainerStep=23100
[LAYER-HEALTH] live trainerStep=23100 scope=batch_norm_state_only reluSites=2/10 ch=144 dead=0 off=0 alwaysOn=0 worst=none maxBetaOverGamma=+2.19@policy.pre_bn[103] minBetaOverGamma=-1.84@value.bn[2] rvMaxOverMedian=110.7@blocks.1.bn1[31] rezero=none nonFinite=0
[REPLAY] step=5150 loss=3.5083 pLoss=2.7022 vLoss=0.8041 pEnt=2.860 pIllM=0.0020 playedP=0.176 pW=0.47 pD=0.07 pL=0.46 vAbs=0.237 pLogitMean=-10.9029 vLogitMean=0.5796 gNorm=0.243 lr=0.0661 ms=3391.3 buf=500000 plies=44702315 games=668552 rejected=0 skipped=0 epoch=0 mom=0.8892 lrCyc[pk=9.8e-01,tr=9.9e-04] trainerStep=23150
[LAYER-HEALTH] live trainerStep=23150 scope=batch_norm_state_only reluSites=2/10 ch=144 dead=0 off=0 alwaysOn=0 worst=none maxBetaOverGamma=+2.20@policy.pre_bn[103] minBetaOverGamma=-1.85@value.bn[2] rvMaxOverMedian=110.3@blocks.1.bn1[31] rezero=none nonFinite=0
[REPLAY] step=5200 loss=3.5320 pLoss=2.7393 vLoss=0.7908 pEnt=2.880 pIllM=0.0018 playedP=0.172 pW=0.48 pD=0.06 pL=0.46 vAbs=0.233 pLogitMean=-10.9041 vLogitMean=0.5807 gNorm=0.252 lr=0.0594 ms=3566.9 buf=500000 plies=45128971 games=674985 rejected=0 skipped=0 epoch=0 mom=0.8907 lrCyc[pk=9.8e-01,tr=9.9e-04] trainerStep=23200
[LAYER-HEALTH] live trainerStep=23200 scope=batch_norm_state_only reluSites=2/10 ch=144 dead=0 off=0 alwaysOn=0 worst=none maxBetaOverGamma=+2.20@policy.pre_bn[103] minBetaOverGamma=-1.85@value.bn[2] rvMaxOverMedian=109.6@blocks.1.bn1[31] rezero=none nonFinite=0
[REPLAY] step=5250 loss=3.5317 pLoss=2.7167 vLoss=0.8127 pEnt=2.871 pIllM=0.0023 playedP=0.174 pW=0.47 pD=0.06 pL=0.47 vAbs=0.242 pLogitMean=-10.9063 vLogitMean=0.5793 gNorm=0.253 lr=0.0534 ms=3348.3 buf=500000 plies=45555635 games=681397 rejected=0 skipped=0 epoch=0 mom=0.8922 lrCyc[pk=9.8e-01,tr=9.9e-04] trainerStep=23250
[LAYER-HEALTH] live trainerStep=23250 scope=batch_norm_state_only reluSites=2/10 ch=144 dead=0 off=0 alwaysOn=0 worst=none maxBetaOverGamma=+2.20@policy.pre_bn[103] minBetaOverGamma=-1.85@value.bn[2] rvMaxOverMedian=109.1@blocks.1.bn1[31] rezero=none nonFinite=0
[REPLAY] step=5300 loss=3.5279 pLoss=2.7227 vLoss=0.8032 pEnt=2.876 pIllM=0.0020 playedP=0.171 pW=0.47 pD=0.07 pL=0.46 vAbs=0.235 pLogitMean=-10.9109 vLogitMean=0.5802 gNorm=0.247 lr=0.048 ms=3576.6 buf=500000 plies=45982307 games=687774 rejected=0 skipped=0 epoch=0 mom=0.8938 lrCyc[pk=9.8e-01,tr=9.9e-04] trainerStep=23300
[LAYER-HEALTH] live trainerStep=23300 scope=batch_norm_state_only reluSites=2/10 ch=144 dead=0 off=0 alwaysOn=0 worst=none maxBetaOverGamma=+2.21@policy.pre_bn[103] minBetaOverGamma=-1.84@value.bn[2] rvMaxOverMedian=109.3@blocks.1.bn1[31] rezero=none nonFinite=0
[REPLAY] step=5350 loss=3.5276 pLoss=2.7190 vLoss=0.8069 pEnt=2.864 pIllM=0.0017 playedP=0.175 pW=0.47 pD=0.07 pL=0.46 vAbs=0.233 pLogitMean=-10.9102 vLogitMean=0.5827 gNorm=0.239 lr=0.0431 ms=3109.8 buf=500000 plies=46408946 games=694160 rejected=0 skipped=0 epoch=0 mom=0.8954 lrCyc[pk=9.8e-01,tr=9.9e-04] trainerStep=23350
[LAYER-HEALTH] live trainerStep=23350 scope=batch_norm_state_only reluSites=2/10 ch=144 dead=0 off=0 alwaysOn=0 worst=none maxBetaOverGamma=+2.21@policy.pre_bn[103] minBetaOverGamma=-1.85@value.bn[2] rvMaxOverMedian=109.6@blocks.1.bn1[31] rezero=none nonFinite=0
[REPLAY] step=5400 loss=3.4917 pLoss=2.6889 vLoss=0.8007 pEnt=2.863 pIllM=0.0020 playedP=0.177 pW=0.47 pD=0.06 pL=0.47 vAbs=0.253 pLogitMean=-10.9099 vLogitMean=0.5846 gNorm=0.250 lr=0.0387 ms=3635.0 buf=500000 plies=46835588 games=700598 rejected=0 skipped=0 epoch=0 mom=0.8969 lrCyc[pk=9.8e-01,tr=9.9e-04] trainerStep=23400
[LAYER-HEALTH] live trainerStep=23400 scope=batch_norm_state_only reluSites=2/10 ch=144 dead=0 off=0 alwaysOn=0 worst=none maxBetaOverGamma=+2.21@policy.pre_bn[103] minBetaOverGamma=-1.86@value.bn[2] rvMaxOverMedian=109.8@blocks.1.bn1[31] rezero=none nonFinite=0
[REPLAY] step=5450 loss=3.5640 pLoss=2.7556 vLoss=0.8065 pEnt=2.862 pIllM=0.0019 playedP=0.177 pW=0.47 pD=0.07 pL=0.46 vAbs=0.220 pLogitMean=-10.9074 vLogitMean=0.5812 gNorm=0.238 lr=0.0347 ms=2911.5 buf=500000 plies=47262277 games=707034 rejected=0 skipped=0 epoch=0 mom=0.8985 lrCyc[pk=9.8e-01,tr=9.9e-04] trainerStep=23450
[LAYER-HEALTH] live trainerStep=23450 scope=batch_norm_state_only reluSites=2/10 ch=144 dead=0 off=0 alwaysOn=0 worst=none maxBetaOverGamma=+2.21@policy.pre_bn[103] minBetaOverGamma=-1.86@value.bn[2] rvMaxOverMedian=110.2@blocks.1.bn1[31] rezero=none nonFinite=0
[REPLAY] step=5500 loss=3.5519 pLoss=2.7478 vLoss=0.8024 pEnt=2.886 pIllM=0.0018 playedP=0.174 pW=0.48 pD=0.06 pL=0.46 vAbs=0.231 pLogitMean=-10.9091 vLogitMean=0.5815 gNorm=0.234 lr=0.0311 ms=2797.8 buf=500000 plies=47688870 games=713487 rejected=0 skipped=0 epoch=0 mom=0.9001 lrCyc[pk=9.8e-01,tr=9.9e-04] trainerStep=23500
[LAYER-HEALTH] live trainerStep=23500 scope=batch_norm_state_only reluSites=2/10 ch=144 dead=0 off=0 alwaysOn=0 worst=none maxBetaOverGamma=+2.21@policy.pre_bn[103] minBetaOverGamma=-1.86@value.bn[2] rvMaxOverMedian=110.6@blocks.1.bn1[31] rezero=none nonFinite=0
[REPLAY] step=5550 loss=3.5201 pLoss=2.7310 vLoss=0.7874 pEnt=2.878 pIllM=0.0017 playedP=0.175 pW=0.47 pD=0.06 pL=0.47 vAbs=0.239 pLogitMean=-10.9068 vLogitMean=0.5819 gNorm=0.251 lr=0.0279 ms=2168.3 buf=500000 plies=48115552 games=719927 rejected=0 skipped=0 epoch=0 mom=0.9016 lrCyc[pk=9.8e-01,tr=9.9e-04] trainerStep=23550
[LAYER-HEALTH] live trainerStep=23550 scope=batch_norm_state_only reluSites=2/10 ch=144 dead=0 off=0 alwaysOn=0 worst=none maxBetaOverGamma=+2.21@policy.pre_bn[103] minBetaOverGamma=-1.86@value.bn[2] rvMaxOverMedian=111.0@blocks.1.bn1[31] rezero=none nonFinite=0
[REPLAY] step=5600 loss=3.5069 pLoss=2.7007 vLoss=0.8044 pEnt=2.888 pIllM=0.0018 playedP=0.172 pW=0.47 pD=0.06 pL=0.47 vAbs=0.237 pLogitMean=-10.9073 vLogitMean=0.5807 gNorm=0.243 lr=0.0251 ms=3959.0 buf=500000 plies=48542164 games=726301 rejected=0 skipped=0 epoch=0 mom=0.9032 lrCyc[pk=9.8e-01,tr=9.9e-04] trainerStep=23600
[LAYER-HEALTH] live trainerStep=23600 scope=batch_norm_state_only reluSites=2/10 ch=144 dead=0 off=0 alwaysOn=0 worst=none maxBetaOverGamma=+2.20@policy.pre_bn[103] minBetaOverGamma=-1.86@value.bn[2] rvMaxOverMedian=110.7@blocks.1.bn1[31] rezero=none nonFinite=0
[REPLAY] step=5650 loss=3.4665 pLoss=2.6787 vLoss=0.7858 pEnt=2.855 pIllM=0.0020 playedP=0.179 pW=0.47 pD=0.06 pL=0.47 vAbs=0.240 pLogitMean=-10.9056 vLogitMean=0.5822 gNorm=0.229 lr=0.0225 ms=3347.4 buf=500000 plies=48968866 games=732780 rejected=0 skipped=0 epoch=0 mom=0.9048 lrCyc[pk=9.8e-01,tr=9.9e-04] trainerStep=23650
[LAYER-HEALTH] live trainerStep=23650 scope=batch_norm_state_only reluSites=2/10 ch=144 dead=0 off=0 alwaysOn=0 worst=none maxBetaOverGamma=+2.20@policy.pre_bn[103] minBetaOverGamma=-1.86@value.bn[2] rvMaxOverMedian=110.6@blocks.1.bn1[31] rezero=none nonFinite=0
[REPLAY] step=5700 loss=3.5579 pLoss=2.7554 vLoss=0.8006 pEnt=2.878 pIllM=0.0019 playedP=0.173 pW=0.48 pD=0.06 pL=0.46 vAbs=0.236 pLogitMean=-10.9064 vLogitMean=0.5805 gNorm=0.235 lr=0.0202 ms=3286.9 buf=500000 plies=49395472 games=739232 rejected=0 skipped=0 epoch=0 mom=0.9063 lrCyc[pk=9.8e-01,tr=9.9e-04] trainerStep=23700
[LAYER-HEALTH] live trainerStep=23700 scope=batch_norm_state_only reluSites=2/10 ch=144 dead=0 off=0 alwaysOn=0 worst=none maxBetaOverGamma=+2.20@policy.pre_bn[103] minBetaOverGamma=-1.85@value.bn[2] rvMaxOverMedian=110.4@blocks.1.bn1[31] rezero=none nonFinite=0
[REPLAY] step=5750 loss=3.5278 pLoss=2.7151 vLoss=0.8109 pEnt=2.867 pIllM=0.0019 playedP=0.176 pW=0.47 pD=0.07 pL=0.46 vAbs=0.220 pLogitMean=-10.9094 vLogitMean=0.5804 gNorm=0.248 lr=0.0182 ms=4133.2 buf=500000 plies=49822119 games=745687 rejected=0 skipped=0 epoch=0 mom=0.9079 lrCyc[pk=9.8e-01,tr=9.9e-04] trainerStep=23750
[LAYER-HEALTH] live trainerStep=23750 scope=batch_norm_state_only reluSites=2/10 ch=144 dead=0 off=0 alwaysOn=0 worst=none maxBetaOverGamma=+2.20@policy.pre_bn[103] minBetaOverGamma=-1.85@value.bn[2] rvMaxOverMedian=111.6@blocks.1.bn1[31] rezero=none nonFinite=0
[REPLAY] step=5800 loss=3.5311 pLoss=2.7305 vLoss=0.7990 pEnt=2.878 pIllM=0.0016 playedP=0.176 pW=0.47 pD=0.06 pL=0.46 vAbs=0.223 pLogitMean=-10.9109 vLogitMean=0.5805 gNorm=0.238 lr=0.0163 ms=4350.2 buf=500000 plies=50248769 games=752169 rejected=0 skipped=0 epoch=0 mom=0.9094 lrCyc[pk=9.8e-01,tr=9.9e-04] trainerStep=23800
[LAYER-HEALTH] live trainerStep=23800 scope=batch_norm_state_only reluSites=2/10 ch=144 dead=0 off=0 alwaysOn=0 worst=none maxBetaOverGamma=+2.20@policy.pre_bn[103] minBetaOverGamma=-1.85@value.bn[2] rvMaxOverMedian=112.3@blocks.1.bn1[31] rezero=none nonFinite=0
[REPLAY] step=5850 loss=3.5130 pLoss=2.6981 vLoss=0.8129 pEnt=2.877 pIllM=0.0020 playedP=0.176 pW=0.47 pD=0.07 pL=0.46 vAbs=0.228 pLogitMean=-10.9130 vLogitMean=0.5792 gNorm=0.230 lr=0.0147 ms=3224.2 buf=500000 plies=50675434 games=758577 rejected=0 skipped=0 epoch=0 mom=0.9110 lrCyc[pk=9.8e-01,tr=9.9e-04] trainerStep=23850
[LAYER-HEALTH] live trainerStep=23850 scope=batch_norm_state_only reluSites=2/10 ch=144 dead=0 off=0 alwaysOn=0 worst=none maxBetaOverGamma=+2.21@policy.pre_bn[103] minBetaOverGamma=-1.85@value.bn[2] rvMaxOverMedian=112.5@blocks.1.bn1[31] rezero=none nonFinite=0
[REPLAY] step=5900 loss=3.5009 pLoss=2.7049 vLoss=0.7942 pEnt=2.869 pIllM=0.0018 playedP=0.175 pW=0.47 pD=0.07 pL=0.47 vAbs=0.236 pLogitMean=-10.9130 vLogitMean=0.5808 gNorm=0.262 lr=0.0132 ms=4048.5 buf=500000 plies=51102123 games=765081 rejected=0 skipped=0 epoch=0 mom=0.9125 lrCyc[pk=9.8e-01,tr=9.9e-04] trainerStep=23900
[LAYER-HEALTH] live trainerStep=23900 scope=batch_norm_state_only reluSites=2/10 ch=144 dead=0 off=0 alwaysOn=0 worst=none maxBetaOverGamma=+2.21@policy.pre_bn[103] minBetaOverGamma=-1.85@value.bn[2] rvMaxOverMedian=113.1@blocks.1.bn1[31] rezero=none nonFinite=0
[REPLAY] step=5950 loss=3.5431 pLoss=2.7367 vLoss=0.8047 pEnt=2.882 pIllM=0.0018 playedP=0.172 pW=0.47 pD=0.06 pL=0.47 vAbs=0.225 pLogitMean=-10.9123 vLogitMean=0.5795 gNorm=0.240 lr=0.0119 ms=3404.6 buf=500000 plies=51528753 games=771511 rejected=0 skipped=0 epoch=0 mom=0.9140 lrCyc[pk=9.8e-01,tr=9.9e-04] trainerStep=23950
[LAYER-HEALTH] live trainerStep=23950 scope=batch_norm_state_only reluSites=2/10 ch=144 dead=0 off=0 alwaysOn=0 worst=none maxBetaOverGamma=+2.20@policy.pre_bn[103] minBetaOverGamma=-1.86@value.bn[2] rvMaxOverMedian=113.4@blocks.1.bn1[31] rezero=none nonFinite=0
[REPLAY] step=6000 loss=3.5077 pLoss=2.7095 vLoss=0.7963 pEnt=2.842 pIllM=0.0019 playedP=0.179 pW=0.47 pD=0.06 pL=0.47 vAbs=0.226 pLogitMean=-10.9099 vLogitMean=0.5820 gNorm=0.251 lr=0.0107 ms=3244.4 buf=500000 plies=51955379 games=777911 rejected=0 skipped=0 epoch=0 mom=0.9155 lrCyc[pk=9.8e-01,tr=9.9e-04] trainerStep=24000
[LAYER-HEALTH] live trainerStep=24000 scope=batch_norm_state_only reluSites=2/10 ch=144 dead=0 off=0 alwaysOn=0 worst=none maxBetaOverGamma=+2.20@policy.pre_bn[103] minBetaOverGamma=-1.86@value.bn[2] rvMaxOverMedian=113.5@blocks.1.bn1[31] rezero=none nonFinite=0
[REPLAY] saved trainer model (autosave) step=6000 trainerStep=24000 nextGame=3090581 shard=6 epoch=0 -> 20261006-lrBsilu-clip1-replay-latest.safetensors
[LAYER-HEALTH] checkpoint replay-autosave step=6000 trainerStep=24000 scope=all_tensors reluSites=2/10 ch=144 dead=0 off=0 alwaysOn=0 worst=none maxBetaOverGamma=+2.20@policy.pre_bn[103] minBetaOverGamma=-1.86@value.bn[2] rvMaxOverMedian=113.5@blocks.1.bn1[31] rezero=none nonFinite=0 seZeroVel=none valueFC1ZeroVel=0/128 maxAbs=33.29@blocks.1.bn1.running_var
[LAYER-HEALTH]   batch-norm sites — β/|γ|: dead < -3.00, mostly off < -2.00, always on > +3.00; classified for relu/leaky_relu only
[LAYER-HEALTH]     site            act            ch   dead    off     on  zeroγ nonfin  min β/|γ| [ch]     max β/|γ| [ch]     rv max/median [ch]
[LAYER-HEALTH]     stem.bn         -             128    n/a    n/a    n/a      0      0     -0.69 [69]         +0.33 [95]            5.8 [76]
[LAYER-HEALTH]     blocks.0.bn1    silu          128    n/a    n/a    n/a      0      0     -0.93 [5]          +0.16 [18]            4.5 [76]
[LAYER-HEALTH]     blocks.0.bn2    silu          128    n/a    n/a    n/a      0      0     -1.16 [53]         +3.25 [48]            5.1 [94]
[LAYER-HEALTH]     blocks.1.bn1    silu          128    n/a    n/a    n/a      0      0     -1.29 [17]         -0.02 [31]          113.5 [31]
[LAYER-HEALTH]     blocks.1.bn2    silu          128    n/a    n/a    n/a      0      0     -1.47 [3]          -0.14 [8]             9.8 [70]
[LAYER-HEALTH]     blocks.2.bn1    silu          128    n/a    n/a    n/a      0      0     -2.20 [17]         +2.07 [31]          106.8 [31]
[LAYER-HEALTH]     blocks.2.bn2    silu          128    n/a    n/a    n/a      0      0     -1.57 [78]         +0.02 [16]            3.6 [26]
[LAYER-HEALTH]     tower_final_bn  silu          128    n/a    n/a    n/a      0      0     -0.60 [90]         +1.01 [111]          11.4 [31]
[LAYER-HEALTH]     policy.pre_bn   leaky_relu    128      0      0      0      0      0     -0.86 [7]          +2.20 [103]           2.9 [120]
[LAYER-HEALTH]     value.bn        leaky_relu     16      0      0      0      0      0     -1.86 [2]          -0.46 [13]            2.1 [11]
[LAYER-HEALTH]   FC hidden-unit velocity — zero: every weight-velocity entry exactly 0; low: nonzero but < 5% of the layer's p90 unit norm
[LAYER-HEALTH]     value.fc1.weight  leaky_relu  units 128  zero 0  low 11  median unit norm 0.00358
[LAYER-HEALTH]     (no SE blocks)
[LAYER-HEALTH]   ReZero: none
[LAYER-HEALTH]   non-finite: 0 values in 0 of 102 tensors (10263038 values examined)
[LAYER-HEALTH]   largest |value|: blocks.1.bn1.running_var 33.29, blocks.2.bn1.running_var 31.72, blocks.1.bn2.running_var 14.7, blocks.0.bn2.running_var 10.35, tower_final_bn.running_var 6.532
[REPLAY] enumerated checkpoint -> 20261006-lrBsilu-clip1-replay-seg1-step6000.safetensors
[REPLAY] step=6050 loss=3.4894 pLoss=2.7007 vLoss=0.7868 pEnt=2.856 pIllM=0.0018 playedP=0.179 pW=0.47 pD=0.06 pL=0.47 vAbs=0.236 pLogitMean=-10.9139 vLogitMean=0.5829 gNorm=0.252 lr=0.00968 ms=3916.4 buf=500000 plies=52382052 games=784365 rejected=0 skipped=0 epoch=0 mom=0.9170 lrCyc[pk=9.8e-01,tr=9.9e-04] trainerStep=24050
[LAYER-HEALTH] live trainerStep=24050 scope=batch_norm_state_only reluSites=2/10 ch=144 dead=0 off=0 alwaysOn=0 worst=none maxBetaOverGamma=+2.20@policy.pre_bn[103] minBetaOverGamma=-1.86@value.bn[2] rvMaxOverMedian=113.2@blocks.1.bn1[31] rezero=none nonFinite=0
[REPLAY] step=6100 loss=3.5344 pLoss=2.7276 vLoss=0.8049 pEnt=2.866 pIllM=0.0019 playedP=0.175 pW=0.47 pD=0.06 pL=0.47 vAbs=0.235 pLogitMean=-10.9127 vLogitMean=0.5818 gNorm=0.255 lr=0.00874 ms=5211.4 buf=500000 plies=52808684 games=790728 rejected=0 skipped=0 epoch=0 mom=0.9184 lrCyc[pk=9.8e-01,tr=9.9e-04] trainerStep=24100
[LAYER-HEALTH] live trainerStep=24100 scope=batch_norm_state_only reluSites=2/10 ch=144 dead=0 off=0 alwaysOn=0 worst=none maxBetaOverGamma=+2.20@policy.pre_bn[103] minBetaOverGamma=-1.86@value.bn[2] rvMaxOverMedian=113.2@blocks.1.bn1[31] rezero=none nonFinite=0
[REPLAY] step=6150 loss=3.4980 pLoss=2.7054 vLoss=0.7909 pEnt=2.864 pIllM=0.0017 playedP=0.178 pW=0.47 pD=0.06 pL=0.47 vAbs=0.237 pLogitMean=-10.9116 vLogitMean=0.5808 gNorm=0.248 lr=0.00791 ms=4963.4 buf=500000 plies=53235337 games=797167 rejected=0 skipped=0 epoch=0 mom=0.9199 lrCyc[pk=9.8e-01,tr=9.9e-04] trainerStep=24150
[LAYER-HEALTH] live trainerStep=24150 scope=batch_norm_state_only reluSites=2/10 ch=144 dead=0 off=0 alwaysOn=0 worst=none maxBetaOverGamma=+2.19@policy.pre_bn[103] minBetaOverGamma=-1.86@value.bn[2] rvMaxOverMedian=113.1@blocks.1.bn1[31] rezero=none nonFinite=0
[REPLAY] step=6200 loss=3.5248 pLoss=2.7249 vLoss=0.7981 pEnt=2.877 pIllM=0.0018 playedP=0.177 pW=0.47 pD=0.05 pL=0.47 vAbs=0.228 pLogitMean=-10.9133 vLogitMean=0.5832 gNorm=0.242 lr=0.00717 ms=3961.6 buf=500000 plies=53661984 games=803625 rejected=0 skipped=0 epoch=0 mom=0.9213 lrCyc[pk=9.8e-01,tr=9.9e-SessionLogger: write failed: Error Domain=NSCocoaErrorDomain Code=640 "The file couldn’t be saved because there isn’t enough space." UserInfo={NSUnderlyingError=0x7c88242a60 {Error Domain=NSPOSIXErrorDomain Code=28 "No space left on device"}}
04] trainerStep=24200
[LAYER-HEALTH] live trainerStep=24200 scope=batch_norm_state_only reluSites=2/10 ch=144 dead=0 off=0 alwaysOn=0 worst=none maxBetaOverGamma=+2.19@policy.pre_bn[103] minBetaOverGamma=-1.87@value.bn[2] rvMaxOverMedian=113.4@blocks.1.bn1[31] rezero=none nonFinite=0
[REPLAY] step=6250 loss=3.5246 pLoss=2.7141 vLoss=0.8087 pEnt=2.854 pIllM=0.0018 playedP=0.179 pW=0.47 pD=0.06 pL=0.47 vAbs=0.231 pLogitMean=-10.9104 vLogitMean=0.5823 gNorm=0.233 lr=0.0065 ms=3177.9 buf=500000 plies=54088607 games=810058 rejected=0 skipped=0 epoch=0 mom=0.9227 lrCyc[pk=9.8e-01,tr=9.9e-04] trainerStep=24250
[LAYER-HEALTH] live trainerStep=24250 scope=batch_norm_state_only reluSites=2/10 ch=144 dead=0 off=0 alwaysOn=0 worst=none maxBetaOverGamma=+2.19@policy.pre_bn[103] minBetaOverGamma=-1.87@value.bn[2] rvMaxOverMedian=113.2@blocks.1.bn1[31] rezero=none nonFinite=0
[REPLAY] step=6300 loss=3.5171 pLoss=2.7281 vLoss=0.7871 pEnt=2.869 pIllM=0.0019 playedP=0.175 pW=0.48 pD=0.06 pL=0.47 vAbs=0.246 pLogitMean=-10.9146 vLogitMean=0.5814 gNorm=0.256 lr=0.00591 ms=3549.3 buf=500000 plies=54515271 games=816503 rejected=0 skipped=0 epoch=0 mom=0.9241 lrCyc[pk=9.8e-01,tr=9.9e-04] trainerStep=24300
[LAYER-HEALTH] live trainerStep=24300 scope=batch_norm_state_only reluSites=2/10 ch=144 dead=0 off=0 alwaysOn=0 worst=none maxBetaOverGamma=+2.20@policy.pre_bn[103] minBetaOverGamma=-1.87@value.bn[2] rvMaxOverMedian=112.9@blocks.1.bn1[31] rezero=none nonFinite=0
[REPLAY] step=6350 loss=3.5374 pLoss=2.7461 vLoss=0.7896 pEnt=2.868 pIllM=0.0018 playedP=0.177 pW=0.48 pD=0.06 pL=0.47 vAbs=0.232 pLogitMean=-10.9114 vLogitMean=0.5807 gNorm=0.241 lr=0.00538 ms=10377.9 buf=500000 plies=54941942 games=822968 rejected=0 skipped=0 epoch=0 mom=0.9255 lrCyc[pk=9.8e-01,tr=9.9e-04] trainerStep=24350
[LAYER-HEALTH] live trainerStep=24350 scope=batch_norm_state_only reluSites=2/10 ch=144 dead=0 off=0 alwaysOn=0 worst=none maxBetaOverGamma=+2.19@policy.pre_bn[103] minBetaOverGamma=-1.87@value.bn[2] rvMaxOverMedian=112.9@blocks.1.bn1[31] rezero=none nonFinite=0
[REPLAY] step=6400 loss=3.5274 pLoss=2.7279 vLoss=0.7978 pEnt=2.870 pIllM=0.0017 playedP=0.176 pW=0.48 pD=0.06 pL=0.46 vAbs=0.235 pLogitMean=-10.9125 vLogitMean=0.5805 gNorm=0.229 lr=0.0049 ms=3623.3 buf=500000 plies=55368637 games=829449 rejected=0 skipped=0 epoch=0 mom=0.9268 lrCyc[pk=9.8e-01,tr=9.9e-04] trainerStep=24400
[LAYER-HEALTH] live trainerStep=24400 scope=batch_norm_state_only reluSites=2/10 ch=144 dead=0 off=0 alwaysOn=0 worst=none maxBetaOverGamma=+2.19@policy.pre_bn[103] minBetaOverGamma=-1.87@value.bn[2] rvMaxOverMedian=112.9@blocks.1.bn1[31] rezero=none nonFinite=0
[REPLAY] step=6450 loss=3.5534 pLoss=2.7460 vLoss=0.8054 pEnt=2.869 pIllM=0.0019 playedP=0.176 pW=0.47 pD=0.06 pL=0.47 vAbs=0.236 pLogitMean=-10.9107 vLogitMean=0.5820 gNorm=0.240 lr=0.00448 ms=1561.7 buf=500000 plies=55795246 games=835911 rejected=0 skipped=0 epoch=0 mom=0.9281 lrCyc[pk=9.8e-01,tr=9.9e-04] trainerStep=24450
[LAYER-HEALTH] live trainerStep=24450 scope=batch_norm_state_only reluSites=2/10 ch=144 dead=0 off=0 alwaysOn=0 worst=none maxBetaOverGamma=+2.20@policy.pre_bn[103] minBetaOverGamma=-1.87@value.bn[2] rvMaxOverMedian=112.9@blocks.1.bn1[31] rezero=none nonFinite=0
[REPLAY] step=6500 loss=3.5597 pLoss=2.7574 vLoss=0.8005 pEnt=2.872 pIllM=0.0019 playedP=0.174 pW=0.47 pD=0.06 pL=0.46 vAbs=0.227 pLogitMean=-10.9129 vLogitMean=0.5808 gNorm=0.255 lr=0.0041 ms=3822.6 buf=500000 plies=56221929 games=842348 rejected=0 skipped=0 epoch=0 mom=0.9294 lrCyc[pk=9.8e-01,tr=9.9e-04] trainerStep=24500
[LAYER-HEALTH] live trainerStep=24500 scope=batch_norm_state_only reluSites=2/10 ch=144 dead=0 off=0 alwaysOn=0 worst=none maxBetaOverGamma=+2.20@policy.pre_bn[103] minBetaOverGamma=-1.87@value.bn[2] rvMaxOverMedian=112.7@blocks.1.bn1[31] rezero=none nonFinite=0
[REPLAY] step=6550 loss=3.5488 pLoss=2.7449 vLoss=0.8022 pEnt=2.874 pIllM=0.0017 playedP=0.174 pW=0.47 pD=0.06 pL=0.46 vAbs=0.226 pLogitMean=-10.9112 vLogitMean=0.5801 gNorm=0.246 lr=0.00376 ms=1812.2 buf=500000 plies=56648520 games=848743 rejected=0 skipped=0 epoch=0 mom=0.9307 lrCyc[pk=9.8e-01,tr=9.9e-04] trainerStep=24550
[LAYER-HEALTH] live trainerStep=24550 scope=batch_norm_state_only reluSites=2/10 ch=144 dead=0 off=0 alwaysOn=0 worst=none maxBetaOverGamma=+2.20@policy.pre_bn[103] minBetaOverGamma=-1.87@value.bn[2] rvMaxOverMedian=112.4@blocks.1.bn1[31] rezero=none nonFinite=0
[REPLAY] step=6600 loss=3.4763 pLoss=2.6903 vLoss=0.7841 pEnt=2.878 pIllM=0.0019 playedP=0.178 pW=0.47 pD=0.06 pL=0.47 vAbs=0.239 pLogitMean=-10.9126 vLogitMean=0.5826 gNorm=0.237 lr=0.00345 ms=2739.3 buf=500000 plies=57075201 games=855186 rejected=0 skipped=0 epoch=0 mom=0.9319 lrCyc[pk=9.8e-01,tr=9.9e-04] trainerStep=24600
[LAYER-HEALTH] live trainerStep=24600 scope=batch_norm_state_only reluSites=2/10 ch=144 dead=0 off=0 alwaysOn=0 worst=none maxBetaOverGamma=+2.20@policy.pre_bn[103] minBetaOverGamma=-1.87@value.bn[2] rvMaxOverMedian=112.1@blocks.1.bn1[31] rezero=none nonFinite=0
[REPLAY] step=6650 loss=3.4996 pLoss=2.6966 vLoss=0.8010 pEnt=2.862 pIllM=0.0020 playedP=0.182 pW=0.48 pD=0.06 pL=0.47 vAbs=0.231 pLogitMean=-10.9102 vLogitMean=0.5810 gNorm=0.239 lr=0.00318 ms=2735.5 buf=500000 plies=57501896 games=861576 rejected=0 skipped=0 epoch=0 mom=0.9331 lrCyc[pk=9.8e-01,tr=9.9e-04] trainerStep=24650
[LAYER-HEALTH] live trainerStep=24650 scope=batch_norm_state_only reluSites=2/10 ch=144 dead=0 off=0 alwaysOn=0 worst=none maxBetaOverGamma=+2.20@policy.pre_bn[103] minBetaOverGamma=-1.87@value.bn[2] rvMaxOverMedian=112.0@blocks.1.bn1[31] rezero=none nonFinite=0
[REPLAY] step=6700 loss=3.5177 pLoss=2.7249 vLoss=0.7911 pEnt=2.876 pIllM=0.0017 playedP=0.175 pW=0.47 pD=0.06 pL=0.47 vAbs=0.230 pLogitMean=-10.9118 vLogitMean=0.5825 gNorm=0.240 lr=0.00294 ms=3204.0 buf=500000 plies=57928481 games=868040 rejected=0 skipped=0 epoch=0 mom=0.9342 lrCyc[pk=9.8e-01,tr=9.9e-04] trainerStep=24700
[LAYER-HEALTH] live trainerStep=24700 scope=batch_norm_state_only reluSites=2/10 ch=144 dead=0 off=0 alwaysOn=0 worst=none maxBetaOverGamma=+2.20@policy.pre_bn[103] minBetaOverGamma=-1.87@value.bn[2] rvMaxOverMedian=112.1@blocks.1.bn1[31] rezero=none nonFinite=0
[REPLAY] step=6750 loss=3.5019 pLoss=2.7162 vLoss=0.7841 pEnt=2.866 pIllM=0.0017 playedP=0.180 pW=0.47 pD=0.06 pL=0.47 vAbs=0.237 pLogitMean=-10.9127 vLogitMean=0.5820 gNorm=0.243 lr=0.00272 ms=2749.9 buf=500000 plies=58355243 games=874560 rejected=0 skipped=0 epoch=0 mom=0.9354 lrCyc[pk=9.8e-01,tr=9.9e-04] trainerStep=24750
[LAYER-HEALTH] live trainerStep=24750 scope=batch_norm_state_only reluSites=2/10 ch=144 dead=0 off=0 alwaysOn=0 worst=none maxBetaOverGamma=+2.20@policy.pre_bn[103] minBetaOverGamma=-1.87@value.bn[2] rvMaxOverMedian=112.2@blocks.1.bn1[31] rezero=none nonFinite=0
[REPLAY] step=6800 loss=3.5022 pLoss=2.7058 vLoss=0.7948 pEnt=2.870 pIllM=0.0017 playedP=0.175 pW=0.47 pD=0.06 pL=0.47 vAbs=0.240 pLogitMean=-10.9106 vLogitMean=0.5823 gNorm=0.234 lr=0.00252 ms=2965.7 buf=500000 plies=58781763 games=881025 rejected=0 skipped=0 epoch=0 mom=0.9365 lrCyc[pk=9.8e-01,tr=9.9e-04] trainerStep=24800
[LAYER-HEALTH] live trainerStep=24800 scope=batch_norm_state_only reluSites=2/10 ch=144 dead=0 off=0 alwaysOn=0 worst=none maxBetaOverGamma=+2.20@policy.pre_bn[103] minBetaOverGamma=-1.87@value.bn[2] rvMaxOverMedian=112.3@blocks.1.bn1[31] rezero=none nonFinite=0
[REPLAY] step=6850 loss=3.4858 pLoss=2.6955 vLoss=0.7884 pEnt=2.864 pIllM=0.0019 playedP=0.177 pW=0.47 pD=0.06 pL=0.47 vAbs=0.235 pLogitMean=-10.9125 vLogitMean=0.5809 gNorm=0.251 lr=0.00234 ms=3050.3 buf=500000 plies=59208463 games=887482 rejected=0 skipped=0 epoch=0 mom=0.9375 lrCyc[pk=9.8e-01,tr=9.9e-04] trainerStep=24850
[LAYER-HEALTH] live trainerStep=24850 scope=batch_norm_state_only reluSites=2/10 ch=144 dead=0 off=0 alwaysOn=0 worst=none maxBetaOverGamma=+2.20@policy.pre_bn[103] minBetaOverGamma=-1.87@value.bn[2] rvMaxOverMedian=112.1@blocks.1.bn1[31] rezero=none nonFinite=0
[REPLAY] step=6900 loss=3.5388 pLoss=2.7332 vLoss=0.8040 pEnt=2.880 pIllM=0.0015 playedP=0.175 pW=0.48 pD=0.06 pL=0.46 vAbs=0.228 pLogitMean=-10.9168 vLogitMean=0.5807 gNorm=0.240 lr=0.00218 ms=3084.5 buf=500000 plies=59635077 games=893956 rejected=0 skipped=0 epoch=0 mom=0.9385 lrCyc[pk=9.8e-01,tr=9.9e-04] trainerStep=24900
[LAYER-HEALTH] live trainerStep=24900 scope=batch_norm_state_only reluSites=2/10 ch=144 dead=0 off=0 alwaysOn=0 worst=none maxBetaOverGamma=+2.20@policy.pre_bn[103] minBetaOverGamma=-1.87@value.bn[2] rvMaxOverMedian=112.0@blocks.1.bn1[31] rezero=none nonFinite=0
[REPLAY] step=6950 loss=3.5147 pLoss=2.7202 vLoss=0.7927 pEnt=2.861 pIllM=0.0018 playedP=0.179 pW=0.47 pD=0.06 pL=0.46 vAbs=0.220 pLogitMean=-10.9166 vLogitMean=0.5782 gNorm=0.231 lr=0.00204 ms=3845.9 buf=500000 plies=60061711 games=900453 rejected=0 skipped=0 epoch=0 mom=0.9395 lrCyc[pk=9.8e-01,tr=9.9e-04] trainerStep=24950
[LAYER-HEALTH] live trainerStep=24950 scope=batch_norm_state_only reluSites=2/10 ch=144 dead=0 off=0 alwaysOn=0 worst=none maxBetaOverGamma=+2.20@policy.pre_bn[103] minBetaOverGamma=-1.87@value.bn[2] rvMaxOverMedian=112.0@blocks.1.bn1[31] rezero=none nonFinite=0
[REPLAY] step=7000 loss=3.5444 pLoss=2.7502 vLoss=0.7927 pEnt=2.904 pIllM=0.0016 playedP=0.173 pW=0.47 pD=0.06 pL=0.47 vAbs=0.231 pLogitMean=-10.9189 vLogitMean=0.5836 gNorm=0.250 lr=0.00191 ms=3838.9 buf=500000 plies=60488405 games=907003 rejected=0 skipped=0 epoch=0 mom=0.9405 lrCyc[pk=9.8e-01,tr=9.9e-04] trainerStep=25000
[LAYER-HEALTH] live trainerStep=25000 scope=batch_norm_state_only reluSites=2/10 ch=144 dead=0 off=0 alwaysOn=0 worst=none maxBetaOverGamma=+2.20@policy.pre_bn[103] minBetaOverGamma=-1.87@value.bn[2] rvMaxOverMedian=112.1@blocks.1.bn1[31] rezero=none nonFinite=0
[REPLAY] saved trainer model (autosave) step=7000 trainerStep=25000 nextGame=3219673 shard=7 epoch=0 -> 20261006-lrBsilu-clip1-replay-latest.safetensors
[LAYER-HEALTH] checkpoint replay-autosave step=7000 trainerStep=25000 scope=all_tensors reluSites=2/10 ch=144 dead=0 off=0 alwaysOn=0 worst=none maxBetaOverGamma=+2.20@policy.pre_bn[103] minBetaOverGamma=-1.87@value.bn[2] rvMaxOverMedian=112.1@blocks.1.bn1[31] rezero=none nonFinite=0 seZeroVel=none valueFC1ZeroVel=0/128 maxAbs=33@blocks.1.bn1.running_var
[LAYER-HEALTH]   batch-norm sites — β/|γ|: dead < -3.00, mostly off < -2.00, always on > +3.00; classified for relu/leaky_relu only
[LAYER-HEALTH]     site            act            ch   dead    off     on  zeroγ nonfin  min β/|γ| [ch]     max β/|γ| [ch]     rv max/median [ch]
[LAYER-HEALTH]     stem.bn         -             128    n/a    n/a    n/a      0      0     -0.69 [69]         +0.33 [95]            5.9 [76]
[LAYER-HEALTH]     blocks.0.bn1    silu          128    n/a    n/a    n/a      0      0     -0.93 [5]          +0.16 [18]            4.5 [76]
[LAYER-HEALTH]     blocks.0.bn2    silu          128    n/a    n/a    n/a      0      0     -1.16 [53]         +3.25 [48]            5.1 [94]
[LAYER-HEALTH]     blocks.1.bn1    silu          128    n/a    n/a    n/a      0      0     -1.29 [58]         -0.02 [31]          112.1 [31]
[LAYER-HEALTH]     blocks.1.bn2    silu          128    n/a    n/a    n/a      0      0     -1.48 [3]          -0.13 [8]             9.8 [70]
[LAYER-HEALTH]     blocks.2.bn1    silu          128    n/a    n/a    n/a      0      0     -2.20 [17]         +2.08 [31]          107.2 [31]
[LAYER-HEALTH]     blocks.2.bn2    silu          128    n/a    n/a    n/a      0      0     -1.57 [78]         +0.03 [16]            3.6 [26]
[LAYER-HEALTH]     tower_final_bn  silu          128    n/a    n/a    n/a      0      0     -0.60 [90]         +1.01 [111]          11.6 [31]
[LAYER-HEALTH]     policy.pre_bn   leaky_relu    128      0      0      0      0      0     -0.86 [7]          +2.20 [103]           3.0 [120]
[LAYER-HEALTH]     value.bn        leaky_relu     16      0      0      0      0      0     -1.87 [2]          -0.44 [13]            2.1 [11]
[LAYER-HEALTH]   FC hidden-unit velocity — zero: every weight-velocity entry exactly 0; low: nonzero but < 5% of the layer's p90 unit norm
[LAYER-HEALTH]     value.fc1.weight  leaky_relu  units 128  zero 0  low 19  median unit norm 0.004511
[LAYER-HEALTH]     (no SE blocks)
[LAYER-HEALTH]   ReZero: none
[LAYER-HEALTH]   non-finite: 0 values in 0 of 102 tensors (10263038 values examined)
[LAYER-HEALTH]   largest |value|: blocks.1.bn1.running_var 33, blocks.2.bn1.running_var 31.73, blocks.1.bn2.running_var 14.58, blocks.0.bn2.running_var 10.4, tower_final_bn.running_var 6.583
[REPLAY] enumerated checkpoint -> 20261006-lrBsilu-clip1-replay-seg1-step7000.safetensors
[REPLAY] step=7050 loss=3.5083 pLoss=2.7123 vLoss=0.7944 pEnt=2.884 pIllM=0.0016 playedP=0.173 pW=0.47 pD=0.06 pL=0.47 vAbs=0.234 pLogitMean=-10.9171 vLogitMean=0.5821 gNorm=0.246 lr=0.0018 ms=3059.8 buf=500000 plies=60915068 games=913486 rejected=0 skipped=0 epoch=0 mom=0.9414 lrCyc[pk=9.8e-01,tr=9.9e-04] trainerStep=25050
[LAYER-HEALTH] live trainerStep=25050 scope=batch_norm_state_only reluSites=2/10 ch=144 dead=0 off=0 alwaysOn=0 worst=none maxBetaOverGamma=+2.20@policy.pre_bn[103] minBetaOverGamma=-1.87@value.bn[2] rvMaxOverMedian=112.0@blocks.1.bn1[31] rezero=none nonFinite=0
[REPLAY] step=7100 loss=3.5427 pLoss=2.7429 vLoss=0.7981 pEnt=2.881 pIllM=0.0017 playedP=0.175 pW=0.47 pD=0.06 pL=0.47 vAbs=0.232 pLogitMean=-10.9149 vLogitMean=0.5826 gNorm=0.258 lr=0.00169 ms=3207.0 buf=500000 plies=61341687 games=919941 rejected=0 skipped=0 epoch=0 mom=0.9422 lrCyc[pk=9.8e-01,tr=9.9e-04] trainerStep=25100
[LAYER-HEALTH] live trainerStep=25100 scope=batch_norm_state_only reluSites=2/10 ch=144 dead=0 off=0 alwaysOn=0 worst=none maxBetaOverGamma=+2.20@policy.pre_bn[103] minBetaOverGamma=-1.87@value.bn[2] rvMaxOverMedian=111.9@blocks.1.bn1[31] rezero=none nonFinite=0
[REPLAY] step=7150 loss=3.5151 pLoss=2.7165 vLoss=0.7970 pEnt=2.849 pIllM=0.0016 playedP=0.180 pW=0.47 pD=0.06 pL=0.47 vAbs=0.233 pLogitMean=-10.9135 vLogitMean=0.5822 gNorm=0.238 lr=0.0016 ms=2840.1 buf=500000 plies=61768313 games=926461 rejected=0 skipped=0 epoch=0 mom=0.9430 lrCyc[pk=9.8e-01,tr=9.9e-04] trainerStep=25150
[LAYER-HEALTH] live trainerStep=25150 scope=batch_norm_state_only reluSites=2/10 ch=144 dead=0 off=0 alwaysOn=0 worst=none maxBetaOverGamma=+2.20@policy.pre_bn[103] minBetaOverGamma=-1.87@value.bn[2] rvMaxOverMedian=112.2@blocks.1.bn1[31] rezero=none nonFinite=0
[REPLAY] step=7200 loss=3.5278 pLoss=2.7398 vLoss=0.7865 pEnt=2.878 pIllM=0.0015 playedP=0.176 pW=0.47 pD=0.06 pL=0.47 vAbs=0.228 pLogitMean=-10.9182 vLogitMean=0.5824 gNorm=0.235 lr=0.00151 ms=3652.0 buf=500000 plies=62194978 games=932871 rejected=0 skipped=0 epoch=0 mom=0.9438 lrCyc[pk=9.8e-01,tr=9.9e-04] trainerStep=25200
[LAYER-HEALTH] live trainerStep=25200 scope=batch_norm_state_only reluSites=2/10 ch=144 dead=0 off=0 alwaysOn=0 worst=none maxBetaOverGamma=+2.20@policy.pre_bn[103] minBetaOverGamma=-1.88@value.bn[2] rvMaxOverMedian=112.4@blocks.1.bn1[31] rezero=none nonFinite=0
[REPLAY] step=7250 loss=3.5274 pLoss=2.7342 vLoss=0.7917 pEnt=2.859 pIllM=0.0015 playedP=0.178 pW=0.48 pD=0.06 pL=0.47 vAbs=0.233 pLogitMean=-10.9161 vLogitMean=0.5824 gNorm=0.248 lr=0.00144 ms=3456.1 buf=500000 plies=62621710 games=939321 rejected=0 skipped=0 epoch=0 mom=0.9446 lrCyc[pk=9.8e-01,tr=9.9e-04] trainerStep=25250
[LAYER-HEALTH] live trainerStep=25250 scope=batch_norm_state_only reluSites=2/10 ch=144 dead=0 off=0 alwaysOn=0 worst=none maxBetaOverGamma=+2.20@policy.pre_bn[103] minBetaOverGamma=-1.88@value.bn[2] rvMaxOverMedian=112.4@blocks.1.bn1[31] rezero=none nonFinite=0
[REPLAY] step=7300 loss=3.5239 pLoss=2.7299 vLoss=0.7924 pEnt=2.875 pIllM=0.0015 playedP=0.173 pW=0.47 pD=0.06 pL=0.47 vAbs=0.227 pLogitMean=-10.9184 vLogitMean=0.5820 gNorm=0.234 lr=0.00137 ms=3847.0 buf=500000 plies=63048274 games=945823 rejected=0 skipped=0 epoch=0 mom=0.9452 lrCyc[pk=9.8e-01,tr=9.9e-04] trainerStep=25300
[LAYER-HEALTH] live trainerStep=25300 scope=batch_norm_state_only reluSites=2/10 ch=144 dead=0 off=0 alwaysOn=0 worst=none maxBetaOverGamma=+2.20@policy.pre_bn[103] minBetaOverGamma=-1.88@value.bn[2] rvMaxOverMedian=112.5@blocks.1.bn1[31] rezero=none nonFinite=0
[REPLAY] step=7350 loss=3.5492 pLoss=2.7485 vLoss=0.7990 pEnt=2.875 pIllM=0.0017 playedP=0.173 pW=0.47 pD=0.06 pL=0.47 vAbs=0.226 pLogitMean=-10.9176 vLogitMean=0.5833 gNorm=0.253 lr=0.00131 ms=2967.5 buf=500000 plies=63474942 games=952290 rejected=0 skipped=0 epoch=0 mom=0.9459 lrCyc[pk=9.8e-01,tr=9.9e-04] trainerStep=25350
[LAYER-HEALTH] live trainerStep=25350 scope=batch_norm_state_only reluSites=2/10 ch=144 dead=0 off=0 alwaysOn=0 worst=none maxBetaOverGamma=+2.20@policy.pre_bn[103] minBetaOverGamma=-1.88@value.bn[2] rvMaxOverMedian=112.6@blocks.1.bn1[31] rezero=none nonFinite=0
[REPLAY] step=7400 loss=3.5344 pLoss=2.7278 vLoss=0.8051 pEnt=2.869 pIllM=0.0016 playedP=0.176 pW=0.47 pD=0.06 pL=0.47 vAbs=0.229 pLogitMean=-10.9162 vLogitMean=0.5805 gNorm=0.251 lr=0.00126 ms=2263.5 buf=500000 plies=63901588 games=958724 rejected=0 skipped=0 epoch=0 mom=0.9465 lrCyc[pk=9.8e-01,tr=9.9e-04] trainerStep=25400
[LAYER-HEALTH] live trainerStep=25400 scope=batch_norm_state_only reluSites=2/10 ch=144 dead=0 off=0 alwaysOn=0 worst=none maxBetaOverGamma=+2.20@policy.pre_bn[103] minBetaOverGamma=-1.88@value.bn[2] rvMaxOverMedian=112.6@blocks.1.bn1[31] rezero=none nonFinite=0
[REPLAY] step=7450 loss=3.5294 pLoss=2.7288 vLoss=0.7989 pEnt=2.874 pIllM=0.0018 playedP=0.177 pW=0.47 pD=0.06 pL=0.47 vAbs=0.223 pLogitMean=-10.9224 vLogitMean=0.5832 gNorm=0.229 lr=0.00121 ms=3019.3 buf=500000 plies=64328210 games=965267 rejected=0 skipped=0 epoch=0 mom=0.9470 lrCyc[pk=9.8e-01,tr=9.9e-04] trainerStep=25450
[LAYER-HEALTH] live trainerStep=25450 scope=batch_norm_state_only reluSites=2/10 ch=144 dead=0 off=0 alwaysOn=0 worst=none maxBetaOverGamma=+2.19@policy.pre_bn[103] minBetaOverGamma=-1.88@value.bn[2] rvMaxOverMedian=112.5@blocks.1.bn1[31] rezero=none nonFinite=0
[REPLAY] step=7500 loss=3.5505 pLoss=2.7340 vLoss=0.8148 pEnt=2.874 pIllM=0.0017 playedP=0.173 pW=0.47 pD=0.06 pL=0.47 vAbs=0.223 pLogitMean=-10.9225 vLogitMean=0.5821 gNorm=0.245 lr=0.00117 ms=3139.7 buf=500000 plies=64754896 games=971763 rejected=0 skipped=0 epoch=0 mom=0.9476 lrCyc[pk=9.8e-01,tr=9.9e-04] trainerStep=25500
[LAYER-HEALTH] live trainerStep=25500 scope=batch_norm_state_only reluSites=2/10 ch=144 dead=0 off=0 alwaysOn=0 worst=none maxBetaOverGamma=+2.20@policy.pre_bn[103] minBetaOverGamma=-1.88@value.bn[2] rvMaxOverMedian=112.5@blocks.1.bn1[31] rezero=none nonFinite=0
[REPLAY] step=7550 loss=3.5259 pLoss=2.7185 vLoss=0.8058 pEnt=2.858 pIllM=0.0016 playedP=0.178 pW=0.47 pD=0.06 pL=0.47 vAbs=0.223 pLogitMean=-10.9211 vLogitMean=0.5794 gNorm=0.224 lr=0.00113 ms=3046.6 buf=500000 plies=65181516 games=978225 rejected=0 skipped=0 epoch=0 mom=0.9480 lrCyc[pk=9.8e-01,tr=9.9e-04] trainerStep=25550
[LAYER-HEALTH] live trainerStep=25550 scope=batch_norm_state_only reluSites=2/10 ch=144 dead=0 off=0 alwaysOn=0 worst=none maxBetaOverGamma=+2.20@policy.pre_bn[103] minBetaOverGamma=-1.88@value.bn[2] rvMaxOverMedian=112.4@blocks.1.bn1[31] rezero=none nonFinite=0
[REPLAY] step=7600 loss=3.5432 pLoss=2.7520 vLoss=0.7895 pEnt=2.865 pIllM=0.0017 playedP=0.180 pW=0.47 pD=0.06 pL=0.46 vAbs=0.226 pLogitMean=-10.9219 vLogitMean=0.5798 gNorm=0.231 lr=0.0011 ms=2917.4 buf=500000 plies=65608154 games=984783 rejected=0 skipped=0 epoch=0 mom=0.9484 lrCyc[pk=9.8e-01,tr=9.9e-04] trainerStep=25600
[LAYER-HEALTH] live trainerStep=25600 scope=batch_norm_state_only reluSites=2/10 ch=144 dead=0 off=0 alwaysOn=0 worst=none maxBetaOverGamma=+2.20@policy.pre_bn[103] minBetaOverGamma=-1.88@value.bn[2] rvMaxOverMedian=112.4@blocks.1.bn1[31] rezero=none nonFinite=0
[REPLAY] step=7650 loss=3.5116 pLoss=2.7125 vLoss=0.7977 pEnt=2.877 pIllM=0.0015 playedP=0.175 pW=0.47 pD=0.06 pL=0.47 vAbs=0.229 pLogitMean=-10.9234 vLogitMean=0.5808 gNorm=0.237 lr=0.00107 ms=3131.5 buf=500000 plies=66034840 games=991261 rejected=0 skipped=0 epoch=0 mom=0.9488 lrCyc[pk=9.8e-01,tr=9.9e-04] trainerStep=25650
[LAYER-HEALTH] live trainerStep=25650 scope=batch_norm_state_only reluSites=2/10 ch=144 dead=0 off=0 alwaysOn=0 worst=none maxBetaOverGamma=+2.20@policy.pre_bn[103] minBetaOverGamma=-1.88@value.bn[2] rvMaxOverMedian=112.4@blocks.1.bn1[31] rezero=none nonFinite=0
[REPLAY] step=7700 loss=3.5271 pLoss=2.7234 vLoss=0.8021 pEnt=2.868 pIllM=0.0016 playedP=0.177 pW=0.47 pD=0.06 pL=0.47 vAbs=0.227 pLogitMean=-10.9225 vLogitMean=0.5810 gNorm=0.249 lr=0.00105 ms=3316.3 buf=500000 plies=66461476 games=997755 rejected=0 skipped=0 epoch=0 mom=0.9491 lrCyc[pk=9.8e-01,tr=9.9e-04] trainerStep=25700
[LAYER-HEALTH] live trainerStep=25700 scope=batch_norm_state_only reluSites=2/10 ch=144 dead=0 off=0 alwaysOn=0 worst=none maxBetaOverGamma=+2.20@policy.pre_bn[103] minBetaOverGamma=-1.88@value.bn[2] rvMaxOverMedian=112.4@blocks.1.bn1[31] rezero=none nonFinite=0
[REPLAY] step=7750 loss=3.4929 pLoss=2.6994 vLoss=0.7918 pEnt=2.869 pIllM=0.0016 playedP=0.179 pW=0.47 pD=0.06 pL=0.47 vAbs=0.229 pLogitMean=-10.9221 vLogitMean=0.5826 gNorm=0.242 lr=0.00103 ms=3810.4 buf=500000 plies=66888135 games=1004214 rejected=0 skipped=0 epoch=0 mom=0.9494 lrCyc[pk=9.8e-01,tr=9.9e-04] trainerStep=25750
[LAYER-HEALTH] live trainerStep=25750 scope=batch_norm_state_only reluSites=2/10 ch=144 dead=0 off=0 alwaysOn=0 worst=none maxBetaOverGamma=+2.20@policy.pre_bn[103] minBetaOverGamma=-1.88@value.bn[2] rvMaxOverMedian=112.3@blocks.1.bn1[31] rezero=none nonFinite=0
[REPLAY] step=7800 loss=3.5048 pLoss=2.7061 vLoss=0.7968 pEnt=2.854 pIllM=0.0019 playedP=0.181 pW=0.47 pD=0.06 pL=0.47 vAbs=0.229 pLogitMean=-10.9219 vLogitMean=0.5811 gNorm=0.239 lr=0.00102 ms=3254.9 buf=500000 plies=67314753 games=1010681 rejected=0 skipped=0 epoch=0 mom=0.9496 lrCyc[pk=9.8e-01,tr=9.9e-04] trainerStep=25800
[LAYER-HEALTH] live trainerStep=25800 scope=batch_norm_state_only reluSites=2/10 ch=144 dead=0 off=0 alwaysOn=0 worst=none maxBetaOverGamma=+2.19@policy.pre_bn[103] minBetaOverGamma=-1.88@value.bn[2] rvMaxOverMedian=112.3@blocks.1.bn1[31] rezero=none nonFinite=0
[REPLAY] step=7850 loss=3.5227 pLoss=2.7264 vLoss=0.7945 pEnt=2.875 pIllM=0.0018 playedP=0.176 pW=0.47 pD=0.06 pL=0.47 vAbs=0.231 pLogitMean=-10.9221 vLogitMean=0.5837 gNorm=0.241 lr=0.001 ms=3290.3 buf=500000 plies=67741449 games=1017167 rejected=0 skipped=0 epoch=0 mom=0.9498 lrCyc[pk=9.8e-01,tr=9.9e-04] trainerStep=25850
[LAYER-HEALTH] live trainerStep=25850 scope=batch_norm_state_only reluSites=2/10 ch=144 dead=0 off=0 alwaysOn=0 worst=none maxBetaOverGamma=+2.19@policy.pre_bn[103] minBetaOverGamma=-1.88@value.bn[2] rvMaxOverMedian=112.4@blocks.1.bn1[31] rezero=none nonFinite=0
[REPLAY] step=7900 loss=3.5441 pLoss=2.7300 vLoss=0.8125 pEnt=2.869 pIllM=0.0016 playedP=0.176 pW=0.47 pD=0.06 pL=0.46 vAbs=0.225 pLogitMean=-10.9234 vLogitMean=0.5810 gNorm=0.240 lr=0.000995 ms=4235.4 buf=500000 plies=68168091 games=1023705 rejected=0 skipped=0 epoch=0 mom=0.9499 lrCyc[pk=9.8e-01,tr=9.9e-04] trainerStep=25900
[LAYER-HEALTH] live trainerStep=25900 scope=batch_norm_state_only reluSites=2/10 ch=144 dead=0 off=0 alwaysOn=0 worst=none maxBetaOverGamma=+2.19@policy.pre_bn[103] minBetaOverGamma=-1.88@value.bn[2] rvMaxOverMedian=112.5@blocks.1.bn1[31] rezero=none nonFinite=0
[REPLAY] step=7950 loss=3.4926 pLoss=2.6800 vLoss=0.8109 pEnt=2.850 pIllM=0.0017 playedP=0.179 pW=0.47 pD=0.06 pL=0.47 vAbs=0.222 pLogitMean=-10.9220 vLogitMean=0.5808 gNorm=0.239 lr=0.00099 ms=3573.7 buf=500000 plies=68594763 games=1030165 rejected=0 skipped=0 epoch=0 mom=0.9500 lrCyc[pk=9.8e-01,tr=9.9e-04] trainerStep=25950
[LAYER-HEALTH] live trainerStep=25950 scope=batch_norm_state_only reluSites=2/10 ch=144 dead=0 off=0 alwaysOn=0 worst=none maxBetaOverGamma=+2.19@policy.pre_bn[103] minBetaOverGamma=-1.88@value.bn[2] rvMaxOverMedian=112.7@blocks.1.bn1[31] rezero=none nonFinite=0
[REPLAY] step=8000 loss=3.5265 pLoss=2.7154 vLoss=0.8091 pEnt=2.876 pIllM=0.0020 playedP=0.179 pW=0.47 pD=0.07 pL=0.46 vAbs=0.218 pLogitMean=-10.9244 vLogitMean=0.5809 gNorm=0.244 lr=0.000989 ms=4042.1 buf=500000 plies=69021414 games=1036619 rejected=0 skipped=0 epoch=0 mom=0.9500 lrCyc[pk=9.8e-01,tr=9.9e-04] trainerStep=26000
[LAYER-HEALTH] live trainerStep=26000 scope=batch_norm_state_only reluSites=2/10 ch=144 dead=0 off=0 alwaysOn=0 worst=none maxBetaOverGamma=+2.19@policy.pre_bn[103] minBetaOverGamma=-1.88@value.bn[2] rvMaxOverMedian=112.8@blocks.1.bn1[31] rezero=none nonFinite=0
[REPLAY] saved trainer model (autosave) step=8000 trainerStep=26000 nextGame=3349289 shard=7 epoch=0 -> 20261006-lrBsilu-clip1-replay-latest.safetensors
[LAYER-HEALTH] checkpoint replay-autosave step=8000 trainerStep=26000 scope=all_tensors reluSites=2/10 ch=144 dead=0 off=0 alwaysOn=0 worst=none maxBetaOverGamma=+2.19@policy.pre_bn[103] minBetaOverGamma=-1.88@value.bn[2] rvMaxOverMedian=112.8@blocks.1.bn1[31] rezero=none nonFinite=0 seZeroVel=none valueFC1ZeroVel=0/128 maxAbs=33@blocks.1.bn1.running_var
[LAYER-HEALTH]   batch-norm sites — β/|γ|: dead < -3.00, mostly off < -2.00, always on > +3.00; classified for relu/leaky_relu only
[LAYER-HEALTH]     site            act            ch   dead    off     on  zeroγ nonfin  min β/|γ| [ch]     max β/|γ| [ch]     rv max/median [ch]
[LAYER-HEALTH]     stem.bn         -             128    n/a    n/a    n/a      0      0     -0.69 [69]         +0.33 [95]            5.9 [76]
[LAYER-HEALTH]     blocks.0.bn1    silu          128    n/a    n/a    n/a      0      0     -0.93 [5]          +0.16 [18]            4.5 [76]
[LAYER-HEALTH]     blocks.0.bn2    silu          128    n/a    n/a    n/a      0      0     -1.16 [53]         +3.26 [48]            5.1 [94]
[LAYER-HEALTH]     blocks.1.bn1    silu          128    n/a    n/a    n/a      0      0     -1.29 [58]         -0.02 [31]          112.8 [31]
[LAYER-HEALTH]     blocks.1.bn2    silu          128    n/a    n/a    n/a      0      0     -1.48 [3]          -0.13 [8]             9.8 [70]
[LAYER-HEALTH]     blocks.2.bn1    silu          128    n/a    n/a    n/a      0      0     -2.20 [17]         +2.08 [31]          107.0 [31]
[LAYER-HEALTH]     blocks.2.bn2    silu          128    n/a    n/a    n/a      0      0     -1.57 [78]         +0.03 [16]            3.6 [26]
[LAYER-HEALTH]     tower_final_bn  silu          128    n/a    n/a    n/a      0      0     -0.60 [90]         +1.01 [111]          11.7 [31]
[LAYER-HEALTH]     policy.pre_bn   leaky_relu    128      0      0      0      0      0     -0.86 [7]          +2.19 [103]           3.0 [120]
[LAYER-HEALTH]     value.bn        leaky_relu     16      0      0      0      0      0     -1.88 [2]          -0.43 [13]            2.1 [11]
[LAYER-HEALTH]   FC hidden-unit velocity — zero: every weight-velocity entry exactly 0; low: nonzero but < 5% of the layer's p90 unit norm
[LAYER-HEALTH]     value.fc1.weight  leaky_relu  units 128  zero 0  low 20  median unit norm 0.005573
[LAYER-HEALTH]     (no SE blocks)
[LAYER-HEALTH]   ReZero: none
[LAYER-HEALTH]   non-finite: 0 values in 0 of 102 tensors (10263038 values examined)
[LAYER-HEALTH]   largest |value|: blocks.1.bn1.running_var 33, blocks.2.bn1.running_var 31.71, blocks.1.bn2.running_var 14.49, blocks.0.bn2.running_var 10.39, tower_final_bn.running_var 6.591
[REPLAY] enumerated checkpoint -> 20261006-lrBsilu-clip1-replay-seg1-step8000.safetensors
[REPLAY] step=8050 loss=3.5299 pLoss=2.7244 vLoss=0.8039 pEnt=2.878 pIllM=0.0016 playedP=0.176 pW=0.47 pD=0.06 pL=0.47 vAbs=0.225 pLogitMean=-10.9258 vLogitMean=0.5808 gNorm=0.235 lr=0.00099 ms=2084.2 buf=500000 plies=69448111 games=1043125 rejected=0 skipped=0 epoch=0 mom=0.9500 lrCyc[pk=9.8e-01,tr=9.9e-04] trainerStep=26050
[LAYER-HEALTH] live trainerStep=26050 scope=batch_norm_state_only reluSites=2/10 ch=144 dead=0 off=0 alwaysOn=0 worst=none maxBetaOverGamma=+2.19@policy.pre_bn[103] minBetaOverGamma=-1.88@value.bn[2] rvMaxOverMedian=112.9@blocks.1.bn1[31] rezero=none nonFinite=0
[REPLAY] step=8100 loss=3.5405 pLoss=2.7434 vLoss=0.7955 pEnt=2.863 pIllM=0.0016 playedP=0.174 pW=0.47 pD=0.06 pL=0.46 vAbs=0.226 pLogitMean=-10.9238 vLogitMean=0.5807 gNorm=0.230 lr=0.000995 ms=1760.2 buf=500000 plies=69874657 games=1049634 rejected=0 skipped=0 epoch=0 mom=0.9499 lrCyc[pk=9.8e-01,tr=9.9e-04] trainerStep=26100
[LAYER-HEALTH] live trainerStep=26100 scope=batch_norm_state_only reluSites=2/10 ch=144 dead=0 off=0 alwaysOn=0 worst=none maxBetaOverGamma=+2.19@policy.pre_bn[103] minBetaOverGamma=-1.88@value.bn[2] rvMaxOverMedian=112.8@blocks.1.bn1[31] rezero=none nonFinite=0
[REPLAY] step=8150 loss=3.5322 pLoss=2.7212 vLoss=0.8094 pEnt=2.867 pIllM=0.0016 playedP=0.181 pW=0.47 pD=0.06 pL=0.46 vAbs=0.227 pLogitMean=-10.9265 vLogitMean=0.5811 gNorm=0.255 lr=0.001 ms=1784.4 buf=500000 plies=70301322 games=1056123 rejected=0 skipped=0 epoch=0 mom=0.9498 lrCyc[pk=9.8e-01,tr=9.9e-04] trainerStep=26150
[LAYER-HEALTH] live trainerStep=26150 scope=batch_norm_state_only reluSites=2/10 ch=144 dead=0 off=0 alwaysOn=0 worst=none maxBetaOverGamma=+2.19@policy.pre_bn[103] minBetaOverGamma=-1.88@value.bn[2] rvMaxOverMedian=112.9@blocks.1.bn1[31] rezero=none nonFinite=0
[REPLAY] step=8200 loss=3.5234 pLoss=2.7281 vLoss=0.7937 pEnt=2.873 pIllM=0.0016 playedP=0.176 pW=0.47 pD=0.06 pL=0.47 vAbs=0.231 pLogitMean=-10.9253 vLogitMean=0.5811 gNorm=0.241 lr=0.00102 ms=1863.6 buf=500000 plies=70728036 games=1062574 rejected=0 skipped=0 epoch=0 mom=0.9496 lrCyc[pk=9.8e-01,tr=9.9e-04] trainerStep=26200
[LAYER-HEALTH] live trainerStep=26200 scope=batch_norm_state_only reluSites=2/10 ch=144 dead=0 off=0 alwaysOn=0 worst=none maxBetaOverGamma=+2.19@policy.pre_bn[103] minBetaOverGamma=-1.88@value.bn[2] rvMaxOverMedian=112.9@blocks.1.bn1[31] rezero=none nonFinite=0
[REPLAY] step=8250 loss=3.5188 pLoss=2.7241 vLoss=0.7930 pEnt=2.858 pIllM=0.0017 playedP=0.179 pW=0.47 pD=0.06 pL=0.46 vAbs=0.235 pLogitMean=-10.9250 vLogitMean=0.5811 gNorm=0.232 lr=0.00103 ms=1783.8 buf=500000 plies=71154616 games=1068986 rejected=0 skipped=0 epoch=0 mom=0.9494 lrCyc[pk=9.8e-01,tr=9.9e-04] trainerStep=26250
[LAYER-HEALTH] live trainerStep=26250 scope=batch_norm_state_only reluSites=2/10 ch=144 dead=0 off=0 alwaysOn=0 worst=none maxBetaOverGamma=+2.19@policy.pre_bn[103] minBetaOverGamma=-1.88@value.bn[2] rvMaxOverMedian=112.9@blocks.1.bn1[31] rezero=none nonFinite=0
[REPLAY] step=8300 loss=3.5181 pLoss=2.7143 vLoss=0.8021 pEnt=2.864 pIllM=0.0018 playedP=0.175 pW=0.47 pD=0.06 pL=0.47 vAbs=0.233 pLogitMean=-10.9251 vLogitMean=0.5808 gNorm=0.251 lr=0.00105 ms=1511.4 buf=500000 plies=71581271 games=1075423 rejected=0 skipped=0 epoch=0 mom=0.9491 lrCyc[pk=9.8e-01,tr=9.9e-04] trainerStep=26300
[LAYER-HEALTH] live trainerStep=26300 scope=batch_norm_state_only reluSites=2/10 ch=144 dead=0 off=0 alwaysOn=0 worst=none maxBetaOverGamma=+2.19@policy.pre_bn[103] minBetaOverGamma=-1.88@value.bn[2] rvMaxOverMedian=112.8@blocks.1.bn1[31] rezero=none nonFinite=0
[REPLAY] step=8350 loss=3.5111 pLoss=2.7031 vLoss=0.8064 pEnt=2.871 pIllM=0.0017 playedP=0.175 pW=0.47 pD=0.06 pL=0.46 vAbs=0.234 pLogitMean=-10.9247 vLogitMean=0.5810 gNorm=0.240 lr=0.00107 ms=1596.4 buf=500000 plies=72007941 games=1081821 rejected=0 skipped=0 epoch=0 mom=0.9488 lrCyc[pk=9.8e-01,tr=9.9e-04] trainerStep=26350
[LAYER-HEALTH] live trainerStep=26350 scope=batch_norm_state_only reluSites=2/10 ch=144 dead=0 off=0 alwaysOn=0 worst=none maxBetaOverGamma=+2.19@policy.pre_bn[103] minBetaOverGamma=-1.88@value.bn[2] rvMaxOverMedian=112.7@blocks.1.bn1[31] rezero=none nonFinite=0
[REPLAY] step=8400 loss=3.5194 pLoss=2.7146 vLoss=0.8033 pEnt=2.851 pIllM=0.0015 playedP=0.180 pW=0.47 pD=0.06 pL=0.46 vAbs=0.237 pLogitMean=-10.9240 vLogitMean=0.5812 gNorm=0.234 lr=0.0011 ms=1828.5 buf=500000 plies=72434597 games=1088278 rejected=0 skipped=0 epoch=0 mom=0.9484 lrCyc[pk=9.8e-01,tr=9.9e-04] trainerStep=26400
[LAYER-HEALTH] live trainerStep=26400 scope=batch_norm_state_only reluSites=2/10 ch=144 dead=0 off=0 alwaysOn=0 worst=none maxBetaOverGamma=+2.19@policy.pre_bn[103] minBetaOverGamma=-1.88@value.bn[2] rvMaxOverMedian=112.7@blocks.1.bn1[31] rezero=none nonFinite=0
[REPLAY] step=8450 loss=3.4768 pLoss=2.6695 vLoss=0.8059 pEnt=2.846 pIllM=0.0015 playedP=0.180 pW=0.47 pD=0.06 pL=0.46 vAbs=0.239 pLogitMean=-10.9224 vLogitMean=0.5813 gNorm=0.228 lr=0.00113 ms=1393.8 buf=500000 plies=72861244 games=1094695 rejected=0 skipped=0 epoch=0 mom=0.9480 lrCyc[pk=9.8e-01,tr=9.9e-04] trainerStep=26450
[LAYER-HEALTH] live trainerStep=26450 scope=batch_norm_state_only reluSites=2/10 ch=144 dead=0 off=0 alwaysOn=0 worst=none maxBetaOverGamma=+2.19@policy.pre_bn[103] minBetaOverGamma=-1.88@value.bn[2] rvMaxOverMedian=112.6@blocks.1.bn1[31] rezero=none nonFinite=0
[REPLAY] step=8500 loss=3.5477 pLoss=2.7162 vLoss=0.8298 pEnt=2.866 pIllM=0.0017 playedP=0.176 pW=0.47 pD=0.07 pL=0.46 vAbs=0.242 pLogitMean=-10.9263 vLogitMean=0.5815 gNorm=0.248 lr=0.00117 ms=1558.0 buf=500000 plies=73287862 games=1101120 rejected=0 skipped=0 epoch=0 mom=0.9476 lrCyc[pk=9.8e-01,tr=9.9e-04] trainerStep=26500
[LAYER-HEALTH] live trainerStep=26500 scope=batch_norm_state_only reluSites=2/10 ch=144 dead=0 off=0 alwaysOn=0 worst=none maxBetaOverGamma=+2.19@policy.pre_bn[103] minBetaOverGamma=-1.88@value.bn[2] rvMaxOverMedian=112.4@blocks.1.bn1[31] rezero=none nonFinite=0
[REPLAY] step=8550 loss=3.5371 pLoss=2.7256 vLoss=0.8098 pEnt=2.859 pIllM=0.0017 playedP=0.181 pW=0.47 pD=0.07 pL=0.46 vAbs=0.239 pLogitMean=-10.9226 vLogitMean=0.5815 gNorm=0.243 lr=0.00121 ms=1736.4 buf=500000 plies=73714566 games=1107665 rejected=0 skipped=0 epoch=0 mom=0.9470 lrCyc[pk=9.8e-01,tr=9.9e-04] trainerStep=26550
[LAYER-HEALTH] live trainerStep=26550 scope=batch_norm_state_only reluSites=2/10 ch=144 dead=0 off=0 alwaysOn=0 worst=none maxBetaOverGamma=+2.19@policy.pre_bn[103] minBetaOverGamma=-1.88@value.bn[2] rvMaxOverMedian=112.4@blocks.1.bn1[31] rezero=none nonFinite=0
[REPLAY] step=8600 loss=3.5680 pLoss=2.7463 vLoss=0.8202 pEnt=2.888 pIllM=0.0016 playedP=0.173 pW=0.47 pD=0.07 pL=0.46 vAbs=0.230 pLogitMean=-10.9275 vLogitMean=0.5812 gNorm=0.262 lr=0.00126 ms=1676.3 buf=500000 plies=74141202 games=1114223 rejected=0 skipped=0 epoch=0 mom=0.9465 lrCyc[pk=9.8e-01,tr=9.9e-04] trainerStep=26600
[LAYER-HEALTH] live trainerStep=26600 scope=batch_norm_state_only reluSites=2/10 ch=144 dead=0 off=0 alwaysOn=0 worst=none maxBetaOverGamma=+2.19@policy.pre_bn[103] minBetaOverGamma=-1.88@value.bn[2] rvMaxOverMedian=112.4@blocks.1.bn1[31] rezero=none nonFinite=0
[REPLAY] step=8650 loss=3.5565 pLoss=2.7336 vLoss=0.8214 pEnt=2.891 pIllM=0.0015 playedP=0.173 pW=0.47 pD=0.07 pL=0.46 vAbs=0.225 pLogitMean=-10.9275 vLogitMean=0.5809 gNorm=0.235 lr=0.00131 ms=1869.8 buf=500000 plies=74567823 games=1120646 rejected=0 skipped=0 epoch=0 mom=0.9459 lrCyc[pk=9.8e-01,tr=9.9e-04] trainerStep=26650
[LAYER-HEALTH] live trainerStep=26650 scope=batch_norm_state_only reluSites=2/10 ch=144 dead=0 off=0 alwaysOn=0 worst=none maxBetaOverGamma=+2.19@policy.pre_bn[103] minBetaOverGamma=-1.88@value.bn[2] rvMaxOverMedian=112.5@blocks.1.bn1[31] rezero=none nonFinite=0
[REPLAY] step=8700 loss=3.5210 pLoss=2.7312 vLoss=0.7881 pEnt=2.881 pIllM=0.0016 playedP=0.178 pW=0.47 pD=0.07 pL=0.46 vAbs=0.229 pLogitMean=-10.9286 vLogitMean=0.5837 gNorm=0.242 lr=0.00137 ms=1769.1 buf=500000 plies=74994506 games=1127108 rejected=0 skipped=0 epoch=0 mom=0.9452 lrCyc[pk=9.8e-01,tr=9.9e-04] trainerStep=26700
[LAYER-HEALTH] live trainerStep=26700 scope=batch_norm_state_only reluSites=2/10 ch=144 dead=0 off=0 alwaysOn=0 worst=none maxBetaOverGamma=+2.19@policy.pre_bn[103] minBetaOverGamma=-1.88@value.bn[2] rvMaxOverMedian=112.4@blocks.1.bn1[31] rezero=none nonFinite=0
[REPLAY] step=8750 loss=3.5254 pLoss=2.7221 vLoss=0.8017 pEnt=2.891 pIllM=0.0016 playedP=0.172 pW=0.47 pD=0.06 pL=0.46 vAbs=0.234 pLogitMean=-10.9273 vLogitMean=0.5798 gNorm=0.244 lr=0.00144 ms=1814.5 buf=500000 plies=75421183 games=1133598 rejected=0 skipped=0 epoch=0 mom=0.9446 lrCyc[pk=9.8e-01,tr=9.9e-04] trainerStep=26750
[LAYER-HEALTH] live trainerStep=26750 scope=batch_norm_state_only reluSites=2/10 ch=144 dead=0 off=0 alwaysOn=0 worst=none maxBetaOverGamma=+2.19@policy.pre_bn[103] minBetaOverGamma=-1.88@value.bn[2] rvMaxOverMedian=112.2@blocks.1.bn1[31] rezero=none nonFinite=0
[REPLAY] step=8800 loss=3.5346 pLoss=2.7235 vLoss=0.8095 pEnt=2.886 pIllM=0.0016 playedP=0.174 pW=0.47 pD=0.06 pL=0.46 vAbs=0.237 pLogitMean=-10.9266 vLogitMean=0.5813 gNorm=0.245 lr=0.00151 ms=1794.9 buf=500000 plies=75847760 games=1140071 rejected=0 skipped=0 epoch=0 mom=0.9438 lrCyc[pk=9.8e-01,tr=9.9e-04] trainerStep=26800
[LAYER-HEALTH] live trainerStep=26800 scope=batch_norm_state_only reluSites=2/10 ch=144 dead=0 off=0 alwaysOn=0 worst=none maxBetaOverGamma=+2.19@policy.pre_bn[103] minBetaOverGamma=-1.88@value.bn[2] rvMaxOverMedian=112.2@blocks.1.bn1[31] rezero=none nonFinite=0
[REPLAY] step=8850 loss=3.4949 pLoss=2.6960 vLoss=0.7972 pEnt=2.865 pIllM=0.0017 playedP=0.179 pW=0.47 pD=0.07 pL=0.46 vAbs=0.237 pLogitMean=-10.9238 vLogitMean=0.5829 gNorm=0.240 lr=0.0016 ms=1778.7 buf=500000 plies=76274454 games=1146568 rejected=0 skipped=0 epoch=0 mom=0.9430 lrCyc[pk=9.8e-01,tr=9.9e-04] trainerStep=26850
[LAYER-HEALTH] live trainerStep=26850 scope=batch_norm_state_only reluSites=2/10 ch=144 dead=0 off=0 alwaysOn=0 worst=none maxBetaOverGamma=+2.19@policy.pre_bn[103] minBetaOverGamma=-1.88@value.bn[2] rvMaxOverMedian=112.1@blocks.1.bn1[31] rezero=none nonFinite=0
[REPLAY] step=8900 loss=3.5054 pLoss=2.7101 vLoss=0.7936 pEnt=2.850 pIllM=0.0016 playedP=0.179 pW=0.47 pD=0.07 pL=0.46 vAbs=0.238 pLogitMean=-10.9234 vLogitMean=0.5813 gNorm=0.231 lr=0.00169 ms=2015.1 buf=500000 plies=76701083 games=1153008 rejected=0 skipped=0 epoch=0 mom=0.9422 lrCyc[pk=9.8e-01,tr=9.9e-04] trainerStep=26900
[LAYER-HEALTH] live trainerStep=26900 scope=batch_norm_state_only reluSites=2/10 ch=144 dead=0 off=0 alwaysOn=0 worst=none maxBetaOverGamma=+2.19@policy.pre_bn[103] minBetaOverGamma=-1.88@value.bn[2] rvMaxOverMedian=112.2@blocks.1.bn1[31] rezero=none nonFinite=0
[REPLAY] step=8950 loss=3.4869 pLoss=2.6974 vLoss=0.7880 pEnt=2.865 pIllM=0.0016 playedP=0.177 pW=0.47 pD=0.06 pL=0.47 vAbs=0.238 pLogitMean=-10.9258 vLogitMean=0.5823 gNorm=0.242 lr=0.00179 ms=1671.1 buf=500000 plies=77127725 games=1159454 rejected=0 skipped=0 epoch=0 mom=0.9414 lrCyc[pk=9.8e-01,tr=9.9e-04] trainerStep=26950
[LAYER-HEALTH] live trainerStep=26950 scope=batch_norm_state_only reluSites=2/10 ch=144 dead=0 off=0 alwaysOn=0 worst=none maxBetaOverGamma=+2.19@policy.pre_bn[103] minBetaOverGamma=-1.89@value.bn[2] rvMaxOverMedian=112.3@blocks.1.bn1[31] rezero=none nonFinite=0
[REPLAY] step=9000 loss=3.5013 pLoss=2.7027 vLoss=0.7968 pEnt=2.861 pIllM=0.0018 playedP=0.181 pW=0.47 pD=0.06 pL=0.47 vAbs=0.236 pLogitMean=-10.9270 vLogitMean=0.5822 gNorm=0.252 lr=0.00191 ms=1443.0 buf=500000 plies=77554412 games=1165921 rejected=0 skipped=0 epoch=0 mom=0.9405 lrCyc[pk=9.8e-01,tr=9.9e-04] trainerStep=27000
[LAYER-HEALTH] live trainerStep=27000 scope=batch_norm_state_only reluSites=2/10 ch=144 dead=0 off=0 alwaysOn=0 worst=none maxBetaOverGamma=+2.19@policy.pre_bn[103] minBetaOverGamma=-1.88@value.bn[2] rvMaxOverMedian=112.4@blocks.1.bn1[31] rezero=none nonFinite=0
[REPLAY] saved trainer model (autosave) step=9000 trainerStep=27000 nextGame=3478591 shard=7 epoch=0 -> 20261006-lrBsilu-clip1-replay-latest.safetensors
[LAYER-HEALTH] checkpoint replay-autosave step=9000 trainerStep=27000 scope=all_tensors reluSites=2/10 ch=144 dead=0 off=0 alwaysOn=0 worst=none maxBetaOverGamma=+2.19@policy.pre_bn[103] minBetaOverGamma=-1.88@value.bn[2] rvMaxOverMedian=112.4@blocks.1.bn1[31] rezero=none nonFinite=0 seZeroVel=none valueFC1ZeroVel=0/128 maxAbs=32.79@blocks.1.bn1.running_var
[LAYER-HEALTH]   batch-norm sites — β/|γ|: dead < -3.00, mostly off < -2.00, always on > +3.00; classified for relu/leaky_relu only
[LAYER-HEALTH]     site            act            ch   dead    off     on  zeroγ nonfin  min β/|γ| [ch]     max β/|γ| [ch]     rv max/median [ch]
[LAYER-HEALTH]     stem.bn         -             128    n/a    n/a    n/a      0      0     -0.69 [69]         +0.33 [95]            5.8 [76]
[LAYER-HEALTH]     blocks.0.bn1    silu          128    n/a    n/a    n/a      0      0     -0.93 [5]          +0.16 [18]            4.5 [76]
[LAYER-HEALTH]     blocks.0.bn2    silu          128    n/a    n/a    n/a      0      0     -1.16 [53]         +3.25 [48]            5.1 [94]
[LAYER-HEALTH]     blocks.1.bn1    silu          128    n/a    n/a    n/a      0      0     -1.29 [58]         -0.02 [31]          112.4 [31]
[LAYER-HEALTH]     blocks.1.bn2    silu          128    n/a    n/a    n/a      0      0     -1.48 [3]          -0.13 [8]             9.8 [70]
[LAYER-HEALTH]     blocks.2.bn1    silu          128    n/a    n/a    n/a      0      0     -2.20 [17]         +2.09 [31]          106.4 [31]
[LAYER-HEALTH]     blocks.2.bn2    silu          128    n/a    n/a    n/a      0      0     -1.57 [78]         +0.03 [16]            3.6 [26]
[LAYER-HEALTH]     tower_final_bn  silu          128    n/a    n/a    n/a      0      0     -0.60 [90]         +1.01 [111]          11.7 [31]
[LAYER-HEALTH]     policy.pre_bn   leaky_relu    128      0      0      0      0      0     -0.86 [7]          +2.19 [103]           3.0 [120]
[LAYER-HEALTH]     value.bn        leaky_relu     16      0      0      0      0      0     -1.88 [2]          -0.44 [13]            2.1 [11]
[LAYER-HEALTH]   FC hidden-unit velocity — zero: every weight-velocity entry exactly 0; low: nonzero but < 5% of the layer's p90 unit norm
[LAYER-HEALTH]     value.fc1.weight  leaky_relu  units 128  zero 0  low 15  median unit norm 0.00433
[LAYER-HEALTH]     (no SE blocks)
[LAYER-HEALTH]   ReZero: none
[LAYER-HEALTH]   non-finite: 0 values in 0 of 102 tensors (10263038 values examined)
[LAYER-HEALTH]   largest |value|: blocks.1.bn1.running_var 32.79, blocks.2.bn1.running_var 31.77, blocks.1.bn2.running_var 14.46, blocks.0.bn2.running_var 10.34, tower_final_bn.running_var 6.605
[REPLAY] enumerated checkpoint -> 20261006-lrBsilu-clip1-replay-seg1-step9000.safetensors
[REPLAY] step=9050 loss=3.4928 pLoss=2.6857 vLoss=0.8053 pEnt=2.858 pIllM=0.0017 playedP=0.177 pW=0.47 pD=0.07 pL=0.46 vAbs=0.238 pLogitMean=-10.9265 vLogitMean=0.5797 gNorm=0.254 lr=0.00204 ms=1698.1 buf=500000 plies=77981046 games=1172414 rejected=0 skipped=0 epoch=0 mom=0.9395 lrCyc[pk=9.8e-01,tr=9.9e-04] trainerStep=27050
[LAYER-HEALTH] live trainerStep=27050 scope=batch_norm_state_only reluSites=2/10 ch=144 dead=0 off=0 alwaysOn=0 worst=none maxBetaOverGamma=+2.19@policy.pre_bn[103] minBetaOverGamma=-1.88@value.bn[2] rvMaxOverMedian=112.5@blocks.1.bn1[31] rezero=none nonFinite=0
[REPLAY] step=9100 loss=3.4955 pLoss=2.6993 vLoss=0.7945 pEnt=2.856 pIllM=0.0016 playedP=0.180 pW=0.47 pD=0.07 pL=0.46 vAbs=0.244 pLogitMean=-10.9293 vLogitMean=0.5809 gNorm=0.242 lr=0.00218 ms=1556.5 buf=500000 plies=78407671 games=1178802 rejected=0 skipped=0 epoch=0 mom=0.9385 lrCyc[pk=9.8e-01,tr=9.9e-04] trainerStep=27100
[LAYER-HEALTH] live trainerStep=27100 scope=batch_norm_state_only reluSites=2/10 ch=144 dead=0 off=0 alwaysOn=0 worst=none maxBetaOverGamma=+2.19@policy.pre_bn[103] minBetaOverGamma=-1.89@value.bn[2] rvMaxOverMedian=112.3@blocks.1.bn1[31] rezero=none nonFinite=0
[REPLAY] step=9150 loss=3.5094 pLoss=2.6971 vLoss=0.8109 pEnt=2.861 pIllM=0.0014 playedP=0.181 pW=0.47 pD=0.06 pL=0.46 vAbs=0.239 pLogitMean=-10.9264 vLogitMean=0.5811 gNorm=0.238 lr=0.00234 ms=1467.0 buf=500000 plies=78834334 games=1185309 rejected=0 skipped=0 epoch=0 mom=0.9375 lrCyc[pk=9.8e-01,tr=9.9e-04] trainerStep=27150
[LAYER-HEALTH] live trainerStep=27150 scope=batch_norm_state_only reluSites=2/10 ch=144 dead=0 off=0 alwaysOn=0 worst=none maxBetaOverGamma=+2.19@policy.pre_bn[103] minBetaOverGamma=-1.89@value.bn[2] rvMaxOverMedian=112.0@blocks.1.bn1[31] rezero=none nonFinite=0
[REPLAY] step=9200 loss=3.5120 pLoss=2.7077 vLoss=0.8026 pEnt=2.849 pIllM=0.0017 playedP=0.179 pW=0.47 pD=0.06 pL=0.46 vAbs=0.233 pLogitMean=-10.9267 vLogitMean=0.5811 gNorm=0.245 lr=0.00252 ms=1564.2 buf=500000 plies=79261042 games=1191744 rejected=0 skipped=0 epoch=0 mom=0.9365 lrCyc[pk=9.8e-01,tr=9.9e-04] trainerStep=27200
[LAYER-HEALTH] live trainerStep=27200 scope=batch_norm_state_only reluSites=2/10 ch=144 dead=0 off=0 alwaysOn=0 worst=none maxBetaOverGamma=+2.19@policy.pre_bn[103] minBetaOverGamma=-1.89@value.bn[2] rvMaxOverMedian=111.9@blocks.1.bn1[31] rezero=none nonFinite=0
[REPLAY] step=9250 loss=3.5172 pLoss=2.7086 vLoss=0.8071 pEnt=2.844 pIllM=0.0015 playedP=0.182 pW=0.47 pD=0.07 pL=0.46 vAbs=0.227 pLogitMean=-10.9270 vLogitMean=0.5811 gNorm=0.243 lr=0.00271 ms=1514.0 buf=500000 plies=79687621 games=1198174 rejected=0 skipped=0 epoch=0 mom=0.9354 lrCyc[pk=9.8e-01,tr=9.9e-04] trainerStep=27250
[LAYER-HEALTH] live trainerStep=27250 scope=batch_norm_state_only reluSites=2/10 ch=144 dead=0 off=0 alwaysOn=0 worst=none maxBetaOverGamma=+2.19@policy.pre_bn[103] minBetaOverGamma=-1.89@value.bn[2] rvMaxOverMedian=111.9@blocks.1.bn1[31] rezero=none nonFinite=0
[REPLAY] step=9300 loss=3.4939 pLoss=2.7009 vLoss=0.7912 pEnt=2.849 pIllM=0.0017 playedP=0.181 pW=0.47 pD=0.06 pL=0.47 vAbs=0.241 pLogitMean=-10.9261 vLogitMean=0.5839 gNorm=0.244 lr=0.00293 ms=1597.8 buf=500000 plies=80114296 games=1204620 rejected=0 skipped=0 epoch=0 mom=0.9342 lrCyc[pk=9.8e-01,tr=9.9e-04] trainerStep=27300
[LAYER-HEALTH] live trainerStep=27300 scope=batch_norm_state_only reluSites=2/10 ch=144 dead=0 off=0 alwaysOn=0 worst=none maxBetaOverGamma=+2.19@policy.pre_bn[103] minBetaOverGamma=-1.89@value.bn[2] rvMaxOverMedian=111.9@blocks.1.bn1[31] rezero=none nonFinite=0
[REPLAY] step=9350 loss=3.5466 pLoss=2.7347 vLoss=0.8099 pEnt=2.858 pIllM=0.0020 playedP=0.177 pW=0.47 pD=0.07 pL=0.47 vAbs=0.236 pLogitMean=-10.9277 vLogitMean=0.5792 gNorm=0.249 lr=0.00318 ms=1542.4 buf=500000 plies=80540951 games=1211029 rejected=0 skipped=0 epoch=0 mom=0.9331 lrCyc[pk=9.8e-01,tr=9.9e-04] trainerStep=27350
[LAYER-HEALTH] live trainerStep=27350 scope=batch_norm_state_only reluSites=2/10 ch=144 dead=0 off=0 alwaysOn=0 worst=none maxBetaOverGamma=+2.19@policy.pre_bn[103] minBetaOverGamma=-1.88@value.bn[2] rvMaxOverMedian=111.9@blocks.1.bn1[31] rezero=none nonFinite=0
[REPLAY] step=9400 loss=3.5355 pLoss=2.7309 vLoss=0.8031 pEnt=2.870 pIllM=0.0015 playedP=0.176 pW=0.47 pD=0.07 pL=0.46 vAbs=0.236 pLogitMean=-10.9275 vLogitMean=0.5806 gNorm=0.250 lr=0.00345 ms=1668.2 buf=500000 plies=80967589 games=1217409 rejected=0 skipped=0 epoch=0 mom=0.9319 lrCyc[pk=9.8e-01,tr=9.9e-04] trainerStep=27400
[LAYER-HEALTH] live trainerStep=27400 scope=batch_norm_state_only reluSites=2/10 ch=144 dead=0 off=0 alwaysOn=0 worst=none maxBetaOverGamma=+2.19@policy.pre_bn[103] minBetaOverGamma=-1.88@value.bn[2] rvMaxOverMedian=111.9@blocks.1.bn1[31] rezero=none nonFinite=0
[REPLAY] step=9450 loss=3.4939 pLoss=2.6823 vLoss=0.8099 pEnt=2.849 pIllM=0.0017 playedP=0.183 pW=0.47 pD=0.07 pL=0.46 vAbs=0.231 pLogitMean=-10.9274 vLogitMean=0.5835 gNorm=0.236 lr=0.00375 ms=1353.1 buf=500000 plies=81394270 games=1223863 rejected=0 skipped=0 epoch=0 mom=0.9307 lrCyc[pk=9.8e-01,tr=9.9e-04] trainerStep=27450
[LAYER-HEALTH] live trainerStep=27450 scope=batch_norm_state_only reluSites=2/10 ch=144 dead=0 off=0 alwaysOn=0 worst=none maxBetaOverGamma=+2.19@policy.pre_bn[103] minBetaOverGamma=-1.88@value.bn[2] rvMaxOverMedian=112.0@blocks.1.bn1[31] rezero=none nonFinite=0
[REPLAY] step=9500 loss=3.5061 pLoss=2.7160 vLoss=0.7882 pEnt=2.867 pIllM=0.0019 playedP=0.176 pW=0.47 pD=0.07 pL=0.46 vAbs=0.246 pLogitMean=-10.9284 vLogitMean=0.5830 gNorm=0.241 lr=0.00409 ms=1621.4 buf=500000 plies=81820904 games=1230340 rejected=0 skipped=0 epoch=0 mom=0.9294 lrCyc[pk=9.8e-01,tr=9.9e-04] trainerStep=27500
[LAYER-HEALTH] live trainerStep=27500 scope=batch_norm_state_only reluSites=2/10 ch=144 dead=0 off=0 alwaysOn=0 worst=none maxBetaOverGamma=+2.19@policy.pre_bn[103] minBetaOverGamma=-1.88@value.bn[2] rvMaxOverMedian=112.4@blocks.1.bn1[31] rezero=none nonFinite=0
[REPLAY] step=9550 loss=3.5034 pLoss=2.7140 vLoss=0.7875 pEnt=2.856 pIllM=0.0019 playedP=0.180 pW=0.47 pD=0.06 pL=0.46 vAbs=0.232 pLogitMean=-10.9288 vLogitMean=0.5808 gNorm=0.256 lr=0.00447 ms=1384.2 buf=500000 plies=82247540 games=1236793 rejected=0 skipped=0 epoch=0 mom=0.9281 lrCyc[pk=9.8e-01,tr=9.9e-04] trainerStep=27550
[LAYER-HEALTH] live trainerStep=27550 scope=batch_norm_state_only reluSites=2/10 ch=144 dead=0 off=0 alwaysOn=0 worst=none maxBetaOverGamma=+2.19@policy.pre_bn[103] minBetaOverGamma=-1.88@value.bn[2] rvMaxOverMedian=112.8@blocks.1.bn1[31] rezero=none nonFinite=0
[REPLAY] step=9600 loss=3.5504 pLoss=2.7337 vLoss=0.8150 pEnt=2.854 pIllM=0.0017 playedP=0.179 pW=0.47 pD=0.07 pL=0.46 vAbs=0.227 pLogitMean=-10.9275 vLogitMean=0.5825 gNorm=0.246 lr=0.00489 ms=1263.3 buf=500000 plies=82674231 games=1243229 rejected=0 skipped=0 epoch=0 mom=0.9268 lrCyc[pk=9.8e-01,tr=9.9e-04] trainerStep=27600
[LAYER-HEALTH] live trainerStep=27600 scope=batch_norm_state_only reluSites=2/10 ch=144 dead=0 off=0 alwaysOn=0 worst=none maxBetaOverGamma=+2.19@policy.pre_bn[103] minBetaOverGamma=-1.88@value.bn[2] rvMaxOverMedian=112.8@blocks.1.bn1[31] rezero=none nonFinite=0
[REPLAY] step=9650 loss=3.5017 pLoss=2.6916 vLoss=0.8086 pEnt=2.868 pIllM=0.0016 playedP=0.177 pW=0.47 pD=0.07 pL=0.46 vAbs=0.239 pLogitMean=-10.9270 vLogitMean=0.5810 gNorm=0.246 lr=0.00537 ms=1305.7 buf=500000 plies=83100804 games=1249677 rejected=0 skipped=0 epoch=0 mom=0.9255 lrCyc[pk=9.8e-01,tr=9.9e-04] trainerStep=27650
[LAYER-HEALTH] live trainerStep=27650 scope=batch_norm_state_only reluSites=2/10 ch=144 dead=0 off=0 alwaysOn=0 worst=none maxBetaOverGamma=+2.19@policy.pre_bn[103] minBetaOverGamma=-1.88@value.bn[2] rvMaxOverMedian=112.7@blocks.1.bn1[31] rezero=none nonFinite=0
[REPLAY] step=9700 loss=3.5156 pLoss=2.7134 vLoss=0.8007 pEnt=2.863 pIllM=0.0014 playedP=0.179 pW=0.47 pD=0.07 pL=0.47 vAbs=0.221 pLogitMean=-10.9282 vLogitMean=0.5812 gNorm=0.239 lr=0.0059 ms=1342.9 buf=500000 plies=83527476 games=1256098 rejected=0 skipped=0 epoch=0 mom=0.9241 lrCyc[pk=9.8e-01,tr=9.9e-04] trainerStep=27700
[LAYER-HEALTH] live trainerStep=27700 scope=batch_norm_state_only reluSites=2/10 ch=144 dead=0 off=0 alwaysOn=0 worst=none maxBetaOverGamma=+2.19@policy.pre_bn[103] minBetaOverGamma=-1.88@value.bn[2] rvMaxOverMedian=112.7@blocks.1.bn1[31] rezero=none nonFinite=0
[REPLAY] step=9750 loss=3.5299 pLoss=2.7159 vLoss=0.8125 pEnt=2.862 pIllM=0.0015 playedP=0.179 pW=0.47 pD=0.07 pL=0.46 vAbs=0.238 pLogitMean=-10.9282 vLogitMean=0.5822 gNorm=0.243 lr=0.00649 ms=1273.1 buf=500000 plies=83954117 games=1262478 rejected=0 skipped=0 epoch=0 mom=0.9227 lrCyc[pk=9.8e-01,tr=9.9e-04] trainerStep=27750
[LAYER-HEALTH] live trainerStep=27750 scope=batch_norm_state_only reluSites=2/10 ch=144 dead=0 off=0 alwaysOn=0 worst=none maxBetaOverGamma=+2.19@policy.pre_bn[103] minBetaOverGamma=-1.88@value.bn[2] rvMaxOverMedian=112.5@blocks.1.bn1[31] rezero=none nonFinite=0
[REPLAY] step=9800 loss=3.5065 pLoss=2.7092 vLoss=0.7959 pEnt=2.878 pIllM=0.0014 playedP=0.178 pW=0.47 pD=0.06 pL=0.46 vAbs=0.235 pLogitMean=-10.9318 vLogitMean=0.5822 gNorm=0.245 lr=0.00715 ms=1266.4 buf=500000 plies=84380783 games=1268905 rejected=0 skipped=0 epoch=0 mom=0.9213 lrCyc[pk=9.8e-01,tr=9.9e-04] trainerStep=27800
[LAYER-HEALTH] live trainerStep=27800 scope=batch_norm_state_only reluSites=2/10 ch=144 dead=0 off=0 alwaysOn=0 worst=none maxBetaOverGamma=+2.20@policy.pre_bn[103] minBetaOverGamma=-1.88@value.bn[2] rvMaxOverMedian=112.4@blocks.1.bn1[31] rezero=none nonFinite=0
[REPLAY] step=9850 loss=3.4932 pLoss=2.6868 vLoss=0.8048 pEnt=2.864 pIllM=0.0016 playedP=0.178 pW=0.47 pD=0.06 pL=0.46 vAbs=0.242 pLogitMean=-10.9298 vLogitMean=0.5797 gNorm=0.250 lr=0.00789 ms=1285.2 buf=500000 plies=84807480 games=1275366 rejected=0 skipped=0 epoch=0 mom=0.9199 lrCyc[pk=9.8e-01,tr=9.9e-04] trainerStep=27850
[LAYER-HEALTH] live trainerStep=27850 scope=batch_norm_state_only reluSites=2/10 ch=144 dead=0 off=0 alwaysOn=0 worst=none maxBetaOverGamma=+2.20@policy.pre_bn[103] minBetaOverGamma=-1.88@value.bn[2] rvMaxOverMedian=112.4@blocks.1.bn1[31] rezero=none nonFinite=0
[REPLAY] step=9900 loss=3.5256 pLoss=2.7193 vLoss=0.8048 pEnt=2.869 pIllM=0.0015 playedP=0.178 pW=0.47 pD=0.07 pL=0.46 vAbs=0.240 pLogitMean=-10.9305 vLogitMean=0.5812 gNorm=0.244 lr=0.00872 ms=1390.1 buf=500000 plies=85234076 games=1281780 rejected=0 skipped=0 epoch=0 mom=0.9184 lrCyc[pk=9.8e-01,tr=9.9e-04] trainerStep=27900
[LAYER-HEALTH] live trainerStep=27900 scope=batch_norm_state_only reluSites=2/10 ch=144 dead=0 off=0 alwaysOn=0 worst=none maxBetaOverGamma=+2.19@policy.pre_bn[103] minBetaOverGamma=-1.88@value.bn[2] rvMaxOverMedian=112.8@blocks.1.bn1[31] rezero=none nonFinite=0
[REPLAY] step=9950 loss=3.5068 pLoss=2.7071 vLoss=0.7982 pEnt=2.857 pIllM=0.0015 playedP=0.178 pW=0.47 pD=0.07 pL=0.46 vAbs=0.233 pLogitMean=-10.9298 vLogitMean=0.5822 gNorm=0.237 lr=0.00965 ms=1278.2 buf=500000 plies=85660784 games=1288264 rejected=0 skipped=0 epoch=0 mom=0.9170 lrCyc[pk=9.8e-01,tr=9.9e-04] trainerStep=27950
[LAYER-HEALTH] live trainerStep=27950 scope=batch_norm_state_only reluSites=2/10 ch=144 dead=0 off=0 alwaysOn=0 worst=none maxBetaOverGamma=+2.19@policy.pre_bn[103] minBetaOverGamma=-1.88@value.bn[2] rvMaxOverMedian=112.6@blocks.1.bn1[31] rezero=none nonFinite=0
[REPLAY] step=10000 loss=3.4942 pLoss=2.6927 vLoss=0.7997 pEnt=2.855 pIllM=0.0019 playedP=0.178 pW=0.47 pD=0.07 pL=0.46 vAbs=0.239 pLogitMean=-10.9298 vLogitMean=0.5815 gNorm=0.255 lr=0.0107 ms=1902.3 buf=500000 plies=86087438 games=1294644 rejected=0 skipped=0 epoch=0 mom=0.9155 lrCyc[pk=9.8e-01,tr=9.9e-04] trainerStep=28000
[LAYER-HEALTH] live trainerStep=28000 scope=batch_norm_state_only reluSites=2/10 ch=144 dead=0 off=0 alwaysOn=0 worst=none maxBetaOverGamma=+2.19@policy.pre_bn[103] minBetaOverGamma=-1.88@value.bn[2] rvMaxOverMedian=112.0@blocks.1.bn1[31] rezero=none nonFinite=0
[REPLAY] saved trainer model (autosave) step=10000 trainerStep=28000 nextGame=3607314 shard=7 epoch=0 -> 20261006-lrBsilu-clip1-replay-latest.safetensors
[LAYER-HEALTH] checkpoint replay-autosave step=10000 trainerStep=28000 scope=all_tensors reluSites=2/10 ch=144 dead=0 off=0 alwaysOn=0 worst=none maxBetaOverGamma=+2.19@policy.pre_bn[103] minBetaOverGamma=-1.88@value.bn[2] rvMaxOverMedian=112.0@blocks.1.bn1[31] rezero=none nonFinite=0 seZeroVel=none valueFC1ZeroVel=0/128 maxAbs=32.6@blocks.1.bn1.running_var
[LAYER-HEALTH]   batch-norm sites — β/|γ|: dead < -3.00, mostly off < -2.00, always on > +3.00; classified for relu/leaky_relu only
[LAYER-HEALTH]     site            act            ch   dead    off     on  zeroγ nonfin  min β/|γ| [ch]     max β/|γ| [ch]     rv max/median [ch]
[LAYER-HEALTH]     stem.bn         -             128    n/a    n/a    n/a      0      0     -0.69 [69]         +0.33 [95]            5.8 [76]
[LAYER-HEALTH]     blocks.0.bn1    silu          128    n/a    n/a    n/a      0      0     -0.93 [5]          +0.17 [18]            4.5 [76]
[LAYER-HEALTH]     blocks.0.bn2    silu          128    n/a    n/a    n/a      0      0     -1.17 [53]         +3.26 [48]            5.1 [94]
[LAYER-HEALTH]     blocks.1.bn1    silu          128    n/a    n/a    n/a      0      0     -1.29 [17]         -0.02 [31]          112.0 [31]
[LAYER-HEALTH]     blocks.1.bn2    silu          128    n/a    n/a    n/a      0      0     -1.48 [3]          -0.13 [8]             9.8 [70]
[LAYER-HEALTH]     blocks.2.bn1    silu          128    n/a    n/a    n/a      0      0     -2.20 [17]         +2.10 [31]          105.4 [31]
[LAYER-HEALTH]     blocks.2.bn2    silu          128    n/a    n/a    n/a      0      0     -1.57 [78]         +0.03 [16]            3.5 [26]
[LAYER-HEALTH]     tower_final_bn  silu          128    n/a    n/a    n/a      0      0     -0.60 [90]         +1.01 [111]          11.7 [31]
[LAYER-HEALTH]     policy.pre_bn   leaky_relu    128      0      0      0      0      0     -0.86 [7]          +2.19 [103]           3.0 [120]
[LAYER-HEALTH]     value.bn        leaky_relu     16      0      0      0      0      0     -1.88 [2]          -0.41 [13]            2.1 [11]
[LAYER-HEALTH]   FC hidden-unit velocity — zero: every weight-velocity entry exactly 0; low: nonzero but < 5% of the layer's p90 unit norm
[LAYER-HEALTH]     value.fc1.weight  leaky_relu  units 128  zero 0  low 14  median unit norm 0.003843
[LAYER-HEALTH]     (no SE blocks)
[LAYER-HEALTH]   ReZero: none
[LAYER-HEALTH]   non-finite: 0 values in 0 of 102 tensors (10263038 values examined)
[LAYER-HEALTH]   largest |value|: blocks.1.bn1.running_var 32.6, blocks.2.bn1.running_var 31.59, blocks.1.bn2.running_var 14.36, blocks.0.bn2.running_var 10.28, blocks.1.bn1.running_mean 6.566
[REPLAY] enumerated checkpoint -> 20261006-lrBsilu-clip1-replay-seg1-step10000.safetensors
[REPLAY] step=10050 loss=3.4956 pLoss=2.6983 vLoss=0.7957 pEnt=2.874 pIllM=0.0016 playedP=0.180 pW=0.47 pD=0.07 pL=0.47 vAbs=0.236 pLogitMean=-10.9315 vLogitMean=0.5791 gNorm=0.244 lr=0.0119 ms=1344.8 buf=500000 plies=86514066 games=1301116 rejected=0 skipped=0 epoch=0 mom=0.9140 lrCyc[pk=9.8e-01,tr=9.9e-04] trainerStep=28050
[LAYER-HEALTH] live trainerStep=28050 scope=batch_norm_state_only reluSites=2/10 ch=144 dead=0 off=0 alwaysOn=0 worst=none maxBetaOverGamma=+2.19@policy.pre_bn[103] minBetaOverGamma=-1.89@value.bn[2] rvMaxOverMedian=111.8@blocks.1.bn1[31] rezero=none nonFinite=0
[REPLAY] step=10100 loss=3.5651 pLoss=2.7359 vLoss=0.8277 pEnt=2.872 pIllM=0.0015 playedP=0.177 pW=0.46 pD=0.07 pL=0.46 vAbs=0.219 pLogitMean=-10.9341 vLogitMean=0.5823 gNorm=0.242 lr=0.0132 ms=1252.9 buf=500000 plies=86940716 games=1307559 rejected=0 skipped=0 epoch=0 mom=0.9125 lrCyc[pk=9.8e-01,tr=9.9e-04] trainerStep=28100
[LAYER-HEALTH] live trainerStep=28100 scope=batch_norm_state_only reluSites=2/10 ch=144 dead=0 off=0 alwaysOn=0 worst=none maxBetaOverGamma=+2.19@policy.pre_bn[103] minBetaOverGamma=-1.89@value.bn[2] rvMaxOverMedian=112.5@blocks.1.bn1[31] rezero=none nonFinite=0
[REPLAY] step=10150 loss=3.4929 pLoss=2.6810 vLoss=0.8102 pEnt=2.872 pIllM=0.0017 playedP=0.174 pW=0.47 pD=0.07 pL=0.46 vAbs=0.238 pLogitMean=-10.9336 vLogitMean=0.5814 gNorm=0.252 lr=0.0146 ms=1164.0 buf=500000 plies=87367378 games=1314022 rejected=0 skipped=0 epoch=0 mom=0.9110 lrCyc[pk=9.8e-01,tr=9.9e-04] trainerStep=28150
[LAYER-HEALTH] live trainerStep=28150 scope=batch_norm_state_only reluSites=2/10 ch=144 dead=0 off=0 alwaysOn=0 worst=none maxBetaOverGamma=+2.19@policy.pre_bn[103] minBetaOverGamma=-1.89@value.bn[2] rvMaxOverMedian=113.3@blocks.1.bn1[31] rezero=none nonFinite=0
[REPLAY] step=10200 loss=3.5057 pLoss=2.7147 vLoss=0.7895 pEnt=2.876 pIllM=0.0015 playedP=0.170 pW=0.47 pD=0.06 pL=0.47 vAbs=0.251 pLogitMean=-10.9373 vLogitMean=0.5798 gNorm=0.262 lr=0.0163 ms=1376.0 buf=500000 plies=87793999 games=1320535 rejected=0 skipped=0 epoch=0 mom=0.9094 lrCyc[pk=9.8e-01,tr=9.9e-04] trainerStep=28200
[LAYER-HEALTH] live trainerStep=28200 scope=batch_norm_state_only reluSites=2/10 ch=144 dead=0 off=0 alwaysOn=0 worst=none maxBetaOverGamma=+2.19@policy.pre_bn[103] minBetaOverGamma=-1.90@value.bn[2] rvMaxOverMedian=112.7@blocks.1.bn1[31] rezero=none nonFinite=0
[REPLAY] step=10250 loss=3.5382 pLoss=2.7299 vLoss=0.8068 pEnt=2.859 pIllM=0.0015 playedP=0.181 pW=0.47 pD=0.06 pL=0.47 vAbs=0.233 pLogitMean=-10.9367 vLogitMean=0.5806 gNorm=0.238 lr=0.0181 ms=1260.7 buf=500000 plies=88220609 games=1327004 rejected=0 skipped=0 epoch=0 mom=0.9079 lrCyc[pk=9.8e-01,tr=9.9e-04] trainerStep=28250
[LAYER-HEALTH] live trainerStep=28250 scope=batch_norm_state_only reluSites=2/10 ch=144 dead=0 off=0 alwaysOn=0 worst=none maxBetaOverGamma=+2.19@policy.pre_bn[103] minBetaOverGamma=-1.90@value.bn[2] rvMaxOverMedian=112.6@blocks.1.bn1[31] rezero=none nonFinite=0
[REPLAY] step=10300 loss=3.5043 pLoss=2.6996 vLoss=0.8030 pEnt=2.843 pIllM=0.0017 playedP=0.182 pW=0.47 pD=0.07 pL=0.46 vAbs=0.239 pLogitMean=-10.9390 vLogitMean=0.5812 gNorm=0.251 lr=0.0201 ms=1323.2 buf=500000 plies=88647399 games=1333540 rejected=0 skipped=0 epoch=0 mom=0.9063 lrCyc[pk=9.8e-01,tr=9.9e-04] trainerStep=28300
[LAYER-HEALTH] live trainerStep=28300 scope=batch_norm_state_only reluSites=2/10 ch=144 dead=0 off=0 alwaysOn=0 worst=none maxBetaOverGamma=+2.19@policy.pre_bn[103] minBetaOverGamma=-1.90@value.bn[2] rvMaxOverMedian=112.3@blocks.1.bn1[31] rezero=none nonFinite=0
[REPLAY] step=10350 loss=3.4567 pLoss=2.6685 vLoss=0.7865 pEnt=2.851 pIllM=0.0016 playedP=0.182 pW=0.47 pD=0.07 pL=0.46 vAbs=0.243 pLogitMean=-10.9371 vLogitMean=0.5817 gNorm=0.241 lr=0.0224 ms=1191.7 buf=500000 plies=89073950 games=1340004 rejected=0 skipped=0 epoch=0 mom=0.9048 lrCyc[pk=9.8e-01,tr=9.9e-04] trainerStep=28350
[LAYER-HEALTH] live trainerStep=28350 scope=batch_norm_state_only reluSites=2/10 ch=144 dead=0 off=0 alwaysOn=0 worst=none maxBetaOverGamma=+2.19@policy.pre_bn[103] minBetaOverGamma=-1.90@value.bn[2] rvMaxOverMedian=112.4@blocks.1.bn1[31] rezero=none nonFinite=0
[REPLAY] step=10400 loss=3.5329 pLoss=2.7223 vLoss=0.8091 pEnt=2.877 pIllM=0.0015 playedP=0.177 pW=0.47 pD=0.07 pL=0.46 vAbs=0.243 pLogitMean=-10.9380 vLogitMean=0.5800 gNorm=0.244 lr=0.025 ms=1247.5 buf=500000 plies=89500555 games=1346451 rejected=0 skipped=0 epoch=0 mom=0.9032 lrCyc[pk=9.8e-01,tr=9.9e-04] trainerStep=28400
[LAYER-HEALTH] live trainerStep=28400 scope=batch_norm_state_only reluSites=2/10 ch=144 dead=0 off=0 alwaysOn=0 worst=none maxBetaOverGamma=+2.20@policy.pre_bn[103] minBetaOverGamma=-1.90@value.bn[2] rvMaxOverMedian=112.6@blocks.1.bn1[31] rezero=none nonFinite=0
[REPLAY] step=10450 loss=3.4965 pLoss=2.6875 vLoss=0.8076 pEnt=2.865 pIllM=0.0015 playedP=0.177 pW=0.47 pD=0.07 pL=0.47 vAbs=0.244 pLogitMean=-10.9328 vLogitMean=0.5804 gNorm=0.247 lr=0.0278 ms=799.7 buf=500000 plies=89927206 games=1352878 rejected=0 skipped=0 epoch=0 mom=0.9016 lrCyc[pk=9.8e-01,tr=9.9e-04] trainerStep=28450
[LAYER-HEALTH] live trainerStep=28450 scope=batch_norm_state_only reluSites=2/10 ch=144 dead=0 off=0 alwaysOn=0 worst=none maxBetaOverGamma=+2.20@policy.pre_bn[103] minBetaOverGamma=-1.90@value.bn[2] rvMaxOverMedian=112.1@blocks.1.bn1[31] rezero=none nonFinite=0
[REPLAY] step=10500 loss=3.4890 pLoss=2.6895 vLoss=0.7979 pEnt=2.868 pIllM=0.0016 playedP=0.174 pW=0.46 pD=0.06 pL=0.47 vAbs=0.235 pLogitMean=-10.9319 vLogitMean=0.5805 gNorm=0.255 lr=0.031 ms=802.9 buf=500000 plies=90353882 games=1359321 rejected=0 skipped=0 epoch=0 mom=0.9001 lrCyc[pk=9.7e-01,tr=9.9e-04] trainerStep=28500
[LAYER-HEALTH] live trainerStep=28500 scope=batch_norm_state_only reluSites=2/10 ch=144 dead=0 off=0 alwaysOn=0 worst=none maxBetaOverGamma=+2.19@policy.pre_bn[103] minBetaOverGamma=-1.91@value.bn[2] rvMaxOverMedian=111.3@blocks.1.bn1[31] rezero=none nonFinite=0
[REPLAY] step=10550 loss=3.4832 pLoss=2.6864 vLoss=0.7953 pEnt=2.851 pIllM=0.0015 playedP=0.178 pW=0.47 pD=0.06 pL=0.46 vAbs=0.241 pLogitMean=-10.9322 vLogitMean=0.5803 gNorm=0.264 lr=0.0346 ms=801.8 buf=500000 plies=90780550 games=1365757 rejected=0 skipped=0 epoch=0 mom=0.8985 lrCyc[pk=9.7e-01,tr=9.9e-04] trainerStep=28550
[LAYER-HEALTH] live trainerStep=28550 scope=batch_norm_state_only reluSites=2/10 ch=144 dead=0 off=0 alwaysOn=0 worst=none maxBetaOverGamma=+2.18@policy.pre_bn[103] minBetaOverGamma=-1.91@value.bn[2] rvMaxOverMedian=110.5@blocks.1.bn1[31] rezero=none nonFinite=0
[REPLAY] step=10600 loss=3.4879 pLoss=2.6890 vLoss=0.7971 pEnt=2.857 pIllM=0.0018 playedP=0.179 pW=0.47 pD=0.06 pL=0.47 vAbs=0.245 pLogitMean=-10.9306 vLogitMean=0.5801 gNorm=0.266 lr=0.0385 ms=793.1 buf=500000 plies=91207191 games=1372240 rejected=0 skipped=0 epoch=0 mom=0.8969 lrCyc[pk=9.7e-01,tr=9.9e-04] trainerStep=28600
[LAYER-HEALTH] live trainerStep=28600 scope=batch_norm_state_only reluSites=2/10 ch=144 dead=0 off=0 alwaysOn=0 worst=none maxBetaOverGamma=+2.18@policy.pre_bn[103] minBetaOverGamma=-1.92@value.bn[2] rvMaxOverMedian=111.1@blocks.1.bn1[31] rezero=none nonFinite=0
[REPLAY] step=10650 loss=3.5256 pLoss=2.7076 vLoss=0.8164 pEnt=2.849 pIllM=0.0016 playedP=0.177 pW=0.46 pD=0.07 pL=0.47 vAbs=0.234 pLogitMean=-10.9304 vLogitMean=0.5801 gNorm=0.250 lr=0.0429 ms=773.3 buf=500000 plies=91633805 games=1378671 rejected=0 skipped=0 epoch=0 mom=0.8954 lrCyc[pk=9.7e-01,tr=9.9e-04] trainerStep=28650
[LAYER-HEALTH] live trainerStep=28650 scope=batch_norm_state_only reluSites=2/10 ch=144 dead=0 off=0 alwaysOn=0 worst=none maxBetaOverGamma=+2.18@policy.pre_bn[103] minBetaOverGamma=-1.92@value.bn[2] rvMaxOverMedian=111.8@blocks.1.bn1[31] rezero=none nonFinite=0
[REPLAY] step=10700 loss=3.5241 pLoss=2.7155 vLoss=0.8071 pEnt=2.856 pIllM=0.0016 playedP=0.178 pW=0.47 pD=0.07 pL=0.46 vAbs=0.231 pLogitMean=-10.9257 vLogitMean=0.5799 gNorm=0.266 lr=0.0478 ms=793.8 buf=500000 plies=92060488 games=1385127 rejected=0 skipped=0 epoch=0 mom=0.8938 lrCyc[pk=9.7e-01,tr=9.9e-04] trainerStep=28700
[LAYER-HEALTH] live trainerStep=28700 scope=batch_norm_state_only reluSites=2/10 ch=144 dead=0 off=0 alwaysOn=0 worst=none maxBetaOverGamma=+2.19@policy.pre_bn[103] minBetaOverGamma=-1.92@value.bn[2] rvMaxOverMedian=110.0@blocks.1.bn1[31] rezero=none nonFinite=0
[REPLAY] step=10750 loss=3.5058 pLoss=2.7025 vLoss=0.8016 pEnt=2.869 pIllM=0.0017 playedP=0.174 pW=0.47 pD=0.07 pL=0.46 vAbs=0.252 pLogitMean=-10.9204 vLogitMean=0.5830 gNorm=0.273 lr=0.0532 ms=799.5 buf=500000 plies=92487114 games=1391561 rejected=0 skipped=0 epoch=0 mom=0.8923 lrCyc[pk=9.7e-01,tr=9.9e-04] trainerStep=28750
[LAYER-HEALTH] live trainerStep=28750 scope=batch_norm_state_only reluSites=2/10 ch=144 dead=0 off=0 alwaysOn=0 worst=none maxBetaOverGamma=+2.19@policy.pre_bn[103] minBetaOverGamma=-1.92@value.bn[2] rvMaxOverMedian=111.2@blocks.1.bn1[31] rezero=none nonFinite=0
[REPLAY] step=10800 loss=3.4982 pLoss=2.6897 vLoss=0.8069 pEnt=2.851 pIllM=0.0016 playedP=0.177 pW=0.47 pD=0.07 pL=0.46 vAbs=0.233 pLogitMean=-10.9130 vLogitMean=0.5797 gNorm=0.285 lr=0.0592 ms=791.7 buf=500000 plies=92913826 games=1397988 rejected=0 skipped=0 epoch=0 mom=0.8907 lrCyc[pk=9.7e-01,tr=9.9e-04] trainerStep=28800
[LAYER-HEALTH] live trainerStep=28800 scope=batch_norm_state_only reluSites=2/10 ch=144 dead=0 off=0 alwaysOn=0 worst=none maxBetaOverGamma=+2.19@policy.pre_bn[103] minBetaOverGamma=-1.93@value.bn[2] rvMaxOverMedian=112.1@blocks.1.bn1[31] rezero=none nonFinite=0
[REPLAY] step=10850 loss=3.5440 pLoss=2.7181 vLoss=0.8243 pEnt=2.834 pIllM=0.0016 playedP=0.180 pW=0.47 pD=0.08 pL=0.45 vAbs=0.231 pLogitMean=-10.9122 vLogitMean=0.5811 gNorm=0.280 lr=0.0658 ms=802.0 buf=500000 plies=93340427 games=1404380 rejected=0 skipped=0 epoch=0 mom=0.8892 lrCyc[pk=9.7e-01,tr=9.9e-04] trainerStep=28850
[LAYER-HEALTH] live trainerStep=28850 scope=batch_norm_state_only reluSites=2/10 ch=144 dead=0 off=0 alwaysOn=0 worst=none maxBetaOverGamma=+2.19@policy.pre_bn[103] minBetaOverGamma=-1.94@value.bn[2] rvMaxOverMedian=113.5@blocks.1.bn1[31] rezero=none nonFinite=0
[REPLAY] step=10900 loss=3.5131 pLoss=2.7008 vLoss=0.8106 pEnt=2.867 pIllM=0.0017 playedP=0.175 pW=0.46 pD=0.08 pL=0.46 vAbs=0.252 pLogitMean=-10.9065 vLogitMean=0.5812 gNorm=0.257 lr=0.0731 ms=799.6 buf=500000 plies=93767079 games=1410803 rejected=0 skipped=0 epoch=0 mom=0.8877 lrCyc[pk=9.7e-01,tr=9.9e-04] trainerStep=28900
[LAYER-HEALTH] live trainerStep=28900 scope=batch_norm_state_only reluSites=2/10 ch=144 dead=0 off=0 alwaysOn=0 worst=none maxBetaOverGamma=+2.19@policy.pre_bn[103] minBetaOverGamma=-1.94@value.bn[2] rvMaxOverMedian=114.1@blocks.1.bn1[31] rezero=none nonFinite=0
[REPLAY] step=10950 loss=3.4947 pLoss=2.6894 vLoss=0.8038 pEnt=2.849 pIllM=0.0015 playedP=0.178 pW=0.47 pD=0.06 pL=0.46 vAbs=0.251 pLogitMean=-10.9056 vLogitMean=0.5800 gNorm=0.272 lr=0.0812 ms=802.1 buf=500000 plies=94193754 games=1417269 rejected=0 skipped=0 epoch=0 mom=0.8861 lrCyc[pk=9.7e-01,tr=9.9e-04] trainerStep=28950
[LAYER-HEALTH] live trainerStep=28950 scope=batch_norm_state_only reluSites=2/10 ch=144 dead=0 off=0 alwaysOn=0 worst=none maxBetaOverGamma=+2.19@policy.pre_bn[103] minBetaOverGamma=-1.93@value.bn[2] rvMaxOverMedian=113.6@blocks.1.bn1[31] rezero=none nonFinite=0
[REPLAY] step=11000 loss=3.4741 pLoss=2.6691 vLoss=0.8033 pEnt=2.874 pIllM=0.0017 playedP=0.174 pW=0.46 pD=0.07 pL=0.47 vAbs=0.258 pLogitMean=-10.8955 vLogitMean=0.5799 gNorm=0.301 lr=0.09 ms=814.3 buf=500000 plies=94620375 games=1423661 rejected=0 skipped=0 epoch=0 mom=0.8846 lrCyc[pk=9.7e-01,tr=9.9e-04] trainerStep=29000
[LAYER-HEALTH] live trainerStep=29000 scope=batch_norm_state_only reluSites=2/10 ch=144 dead=0 off=0 alwaysOn=0 worst=none maxBetaOverGamma=+2.19@policy.pre_bn[103] minBetaOverGamma=-1.95@value.bn[2] rvMaxOverMedian=113.4@blocks.1.bn1[31] rezero=none nonFinite=0
[REPLAY] saved trainer model (autosave) step=11000 trainerStep=29000 nextGame=3736331 shard=8 epoch=0 -> 20261006-lrBsilu-clip1-replay-latest.safetensors
[LAYER-HEALTH] checkpoint replay-autosave step=11000 trainerStep=29000 scope=all_tensors reluSites=2/10 ch=144 dead=0 off=0 alwaysOn=0 worst=none maxBetaOverGamma=+2.19@policy.pre_bn[103] minBetaOverGamma=-1.95@value.bn[2] rvMaxOverMedian=113.4@blocks.1.bn1[31] rezero=none nonFinite=0 seZeroVel=none valueFC1ZeroVel=0/128 maxAbs=32.85@blocks.1.bn1.running_var
[LAYER-HEALTH]   batch-norm sites — β/|γ|: dead < -3.00, mostly off < -2.00, always on > +3.00; classified for relu/leaky_relu only
[LAYER-HEALTH]     site            act            ch   dead    off     on  zeroγ nonfin  min β/|γ| [ch]     max β/|γ| [ch]     rv max/median [ch]
[LAYER-HEALTH]     stem.bn         -             128    n/a    n/a    n/a      0      0     -0.70 [69]         +0.33 [95]            6.0 [5]
[LAYER-HEALTH]     blocks.0.bn1    silu          128    n/a    n/a    n/a      0      0     -0.93 [5]          +0.16 [18]            4.5 [76]
[LAYER-HEALTH]     blocks.0.bn2    silu          128    n/a    n/a    n/a      0      0     -1.17 [53]         +3.19 [48]            5.2 [94]
[LAYER-HEALTH]     blocks.1.bn1    silu          128    n/a    n/a    n/a      0      0     -1.30 [58]         -0.02 [31]          113.4 [31]
[LAYER-HEALTH]     blocks.1.bn2    silu          128    n/a    n/a    n/a      0      0     -1.49 [3]          -0.12 [8]             9.7 [70]
[LAYER-HEALTH]     blocks.2.bn1    silu          128    n/a    n/a    n/a      0      0     -2.19 [17]         +2.15 [31]          111.5 [31]
[LAYER-HEALTH]     blocks.2.bn2    silu          128    n/a    n/a    n/a      0      0     -1.57 [78]         +0.03 [16]            3.6 [26]
[LAYER-HEALTH]     tower_final_bn  silu          128    n/a    n/a    n/a      0      0     -0.60 [90]         +1.02 [111]          12.4 [31]
[LAYER-HEALTH]     policy.pre_bn   leaky_relu    128      0      0      0      0      0     -0.87 [7]          +2.19 [103]           3.0 [120]
[LAYER-HEALTH]     value.bn        leaky_relu     16      0      0      0      0      0     -1.95 [2]          -0.39 [13]            2.0 [11]
[LAYER-HEALTH]   FC hidden-unit velocity — zero: every weight-velocity entry exactly 0; low: nonzero but < 5% of the layer's p90 unit norm
[LAYER-HEALTH]     value.fc1.weight  leaky_relu  units 128  zero 0  low 16  median unit norm 0.002924
[LAYER-HEALTH]     (no SE blocks)
[LAYER-HEALTH]   ReZero: none
[LAYER-HEALTH]   non-finite: 0 values in 0 of 102 tensors (10263038 values examined)
[LAYER-HEALTH]   largest |value|: blocks.1.bn1.running_var 32.85, blocks.2.bn1.running_var 32.58, blocks.1.bn2.running_var 13.8, blocks.0.bn2.running_var 10.05, tower_final_bn.running_var 6.818
[REPLAY] enumerated checkpoint -> 20261006-lrBsilu-clip1-replay-seg1-step11000.safetensors
[REPLAY] step=11050 loss=3.4963 pLoss=2.6976 vLoss=0.7971 pEnt=2.857 pIllM=0.0017 playedP=0.176 pW=0.47 pD=0.07 pL=0.47 vAbs=0.261 pLogitMean=-10.8944 vLogitMean=0.5808 gNorm=0.282 lr=0.0997 ms=808.7 buf=500000 plies=95047117 games=1430058 rejected=0 skipped=0 epoch=0 mom=0.8832 lrCyc[pk=9.7e-01,tr=9.9e-04] trainerStep=29050
[LAYER-HEALTH] live trainerStep=29050 scope=batch_norm_state_only reluSites=2/10 ch=144 dead=0 off=0 alwaysOn=0 worst=none maxBetaOverGamma=+2.20@policy.pre_bn[103] minBetaOverGamma=-1.95@value.bn[2] rvMaxOverMedian=112.2@blocks.1.bn1[31] rezero=none nonFinite=0
[REPLAY] step=11100 loss=3.5013 pLoss=2.6947 vLoss=0.8046 pEnt=2.847 pIllM=0.0019 playedP=0.181 pW=0.48 pD=0.07 pL=0.46 vAbs=0.254 pLogitMean=-10.8864 vLogitMean=0.5803 gNorm=0.271 lr=0.11 ms=813.9 buf=500000 plies=95473684 games=1436535 rejected=0 skipped=0 epoch=0 mom=0.8817 lrCyc[pk=9.7e-01,tr=9.9e-04] trainerStep=29100
[LAYER-HEALTH] live trainerStep=29100 scope=batch_norm_state_only reluSites=2/10 ch=144 dead=0 off=0 alwaysOn=0 worst=none maxBetaOverGamma=+2.20@policy.pre_bn[103] minBetaOverGamma=-1.95@value.bn[2] rvMaxOverMedian=111.8@blocks.1.bn1[31] rezero=none nonFinite=0
[REPLAY] step=11150 loss=3.5344 pLoss=2.7451 vLoss=0.7877 pEnt=2.867 pIllM=0.0016 playedP=0.179 pW=0.47 pD=0.06 pL=0.47 vAbs=0.248 pLogitMean=-10.8799 vLogitMean=0.5813 gNorm=0.311 lr=0.122 ms=807.0 buf=500000 plies=95900313 games=1442932 rejected=0 skipped=0 epoch=0 mom=0.8802 lrCyc[pk=9.7e-01,tr=9.9e-04] trainerStep=29150
[LAYER-HEALTH] live trainerStep=29150 scope=batch_norm_state_only reluSites=2/10 ch=144 dead=0 off=0 alwaysOn=0 worst=none maxBetaOverGamma=+2.21@policy.pre_bn[103] minBetaOverGamma=-1.96@value.bn[2] rvMaxOverMedian=111.7@blocks.2.bn1[31] rezero=none nonFinite=0
[REPLAY] step=11200 loss=3.5338 pLoss=2.7243 vLoss=0.8077 pEnt=2.876 pIllM=0.0018 playedP=0.173 pW=0.47 pD=0.06 pL=0.46 vAbs=0.243 pLogitMean=-10.8686 vLogitMean=0.5817 gNorm=0.254 lr=0.135 ms=831.9 buf=500000 plies=96326994 games=1449369 rejected=0 skipped=0 epoch=0 mom=0.8788 lrCyc[pk=9.7e-01,tr=9.9e-04] trainerStep=29200
[LAYER-HEALTH] live trainerStep=29200 scope=batch_norm_state_only reluSites=2/10 ch=144 dead=0 off=0 alwaysOn=0 worst=none maxBetaOverGamma=+2.21@policy.pre_bn[103] minBetaOverGamma=-1.94@value.bn[2] rvMaxOverMedian=112.4@blocks.2.bn1[31] rezero=none nonFinite=0
[REPLAY] step=11250 loss=3.5150 pLoss=2.7145 vLoss=0.7986 pEnt=2.847 pIllM=0.0019 playedP=0.176 pW=0.49 pD=0.07 pL=0.45 vAbs=0.252 pLogitMean=-10.8640 vLogitMean=0.5809 gNorm=0.285 lr=0.148 ms=834.2 buf=500000 plies=96753639 games=1455793 rejected=0 skipped=0 epoch=0 mom=0.8774 lrCyc[pk=9.7e-01,tr=9.9e-04] trainerStep=29250
[LAYER-HEALTH] live trainerStep=29250 scope=batch_norm_state_only reluSites=2/10 ch=144 dead=0 off=0 alwaysOn=0 worst=none maxBetaOverGamma=+2.20@policy.pre_bn[103] minBetaOverGamma=-1.95@value.bn[2] rvMaxOverMedian=112.8@blocks.2.bn1[31] rezero=none nonFinite=0
[REPLAY] step=11300 loss=3.5406 pLoss=2.7319 vLoss=0.8066 pEnt=2.863 pIllM=0.0020 playedP=0.174 pW=0.47 pD=0.07 pL=0.46 vAbs=0.237 pLogitMean=-10.8545 vLogitMean=0.5827 gNorm=0.282 lr=0.163 ms=801.6 buf=500000 plies=97180298 games=1462260 rejected=0 skipped=0 epoch=0 mom=0.8760 lrCyc[pk=9.7e-01,tr=9.9e-04] trainerStep=29300
[LAYER-HEALTH] live trainerStep=29300 scope=batch_norm_state_only reluSites=2/10 ch=144 dead=0 off=0 alwaysOn=0 worst=none maxBetaOverGamma=+2.21@policy.pre_bn[103] minBetaOverGamma=-1.95@value.bn[2] rvMaxOverMedian=112.3@blocks.2.bn1[31] rezero=none nonFinite=0
[REPLAY] step=11350 loss=3.4980 pLoss=2.6954 vLoss=0.8008 pEnt=2.870 pIllM=0.0018 playedP=0.177 pW=0.47 pD=0.06 pL=0.47 vAbs=0.256 pLogitMean=-10.8385 vLogitMean=0.5808 gNorm=0.282 lr=0.179 ms=848.2 buf=500000 plies=97606912 games=1468758 rejected=0 skipped=0 epoch=0 mom=0.8747 lrCyc[pk=9.7e-01,tr=9.9e-04] trainerStep=29350
[LAYER-HEALTH] live trainerStep=29350 scope=batch_norm_state_only reluSites=2/10 ch=144 dead=0 off=0 alwaysOn=0 worst=none maxBetaOverGamma=+2.22@policy.pre_bn[103] minBetaOverGamma=-1.98@value.bn[2] rvMaxOverMedian=111.2@blocks.2.bn1[31] rezero=none nonFinite=0
[REPLAY] step=11400 loss=3.4991 pLoss=2.7005 vLoss=0.7968 pEnt=2.868 pIllM=0.0018 playedP=0.177 pW=0.47 pD=0.06 pL=0.47 vAbs=0.254 pLogitMean=-10.8138 vLogitMean=0.5810 gNorm=0.298 lr=0.197 ms=844.3 buf=500000 plies=98033557 games=1475232 rejected=0 skipped=0 epoch=0 mom=0.8733 lrCyc[pk=9.7e-01,tr=9.9e-04] trainerStep=29400
[LAYER-HEALTH] live trainerStep=29400 scope=batch_norm_state_only reluSites=2/10 ch=144 dead=0 off=0 alwaysOn=0 worst=none maxBetaOverGamma=+2.21@policy.pre_bn[103] minBetaOverGamma=-2.00@value.bn[2] rvMaxOverMedian=112.8@blocks.2.bn1[31] rezero=none nonFinite=0
[REPLAY] step=11450 loss=3.4932 pLoss=2.7068 vLoss=0.7844 pEnt=2.877 pIllM=0.0020 playedP=0.168 pW=0.46 pD=0.06 pL=0.48 vAbs=0.243 pLogitMean=-10.8043 vLogitMean=0.5794 gNorm=0.292 lr=0.215 ms=884.8 buf=500000 plies=98460229 games=1481674 rejected=0 skipped=0 epoch=0 mom=0.8720 lrCyc[pk=9.7e-01,tr=9.9e-04] trainerStep=29450
[LAYER-HEALTH] live trainerStep=29450 scope=batch_norm_state_only reluSites=2/10 ch=144 dead=0 off=0 alwaysOn=0 worst=none maxBetaOverGamma=+2.21@policy.pre_bn[103] minBetaOverGamma=-1.98@value.bn[2] rvMaxOverMedian=114.2@blocks.2.bn1[31] rezero=none nonFinite=0
[REPLAY] step=11500 loss=3.4891 pLoss=2.6798 vLoss=0.8069 pEnt=2.873 pIllM=0.0023 playedP=0.174 pW=0.46 pD=0.07 pL=0.47 vAbs=0.250 pLogitMean=-10.7790 vLogitMean=0.5765 gNorm=0.280 lr=0.235 ms=888.2 buf=500000 plies=98886958 games=1488118 rejected=0 skipped=0 epoch=0 mom=0.8707 lrCyc[pk=9.7e-01,tr=9.9e-04] trainerStep=29500
[LAYER-HEALTH] live trainerStep=29500 scope=batch_norm_state_only reluSites=2/10 ch=144 dead=0 off=0 alwaysOn=0 worst=none maxBetaOverGamma=+2.20@policy.pre_bn[103] minBetaOverGamma=-1.97@value.bn[2] rvMaxOverMedian=113.3@blocks.2.bn1[31] rezero=none nonFinite=0
[REPLAY] step=11550 loss=3.4958 pLoss=2.6989 vLoss=0.7945 pEnt=2.869 pIllM=0.0023 playedP=0.175 pW=0.47 pD=0.07 pL=0.46 vAbs=0.243 pLogitMean=-10.7659 vLogitMean=0.5801 gNorm=0.266 lr=0.256 ms=877.4 buf=500000 plies=99313590 games=1494571 rejected=0 skipped=0 epoch=0 mom=0.8695 lrCyc[pk=9.7e-01,tr=9.9e-04] trainerStep=29550
[LAYER-HEALTH] live trainerStep=29550 scope=batch_norm_state_only reluSites=2/10 ch=144 dead=0 off=0 alwaysOn=0 worst=none maxBetaOverGamma=+2.21@policy.pre_bn[103] minBetaOverGamma=-1.96@value.bn[2] rvMaxOverMedian=112.9@blocks.2.bn1[31] rezero=none nonFinite=0
[REPLAY] step=11600 loss=3.4998 pLoss=2.6843 vLoss=0.8133 pEnt=2.879 pIllM=0.0023 playedP=0.173 pW=0.46 pD=0.07 pL=0.47 vAbs=0.220 pLogitMean=-10.7418 vLogitMean=0.5789 gNorm=0.285 lr=0.279 ms=907.4 buf=500000 plies=99740185 games=1501012 rejected=0 skipped=0 epoch=0 mom=0.8682 lrCyc[pk=9.7e-01,tr=9.9e-04] trainerStep=29600
[LAYER-HEALTH] live trainerStep=29600 scope=batch_norm_state_only reluSites=2/10 ch=144 dead=0 off=0 alwaysOn=0 worst=none maxBetaOverGamma=+2.20@policy.pre_bn[103] minBetaOverGamma=-1.96@value.bn[2] rvMaxOverMedian=113.3@blocks.2.bn1[31] rezero=none nonFinite=0
[REPLAY] step=11650 loss=3.5363 pLoss=2.7414 vLoss=0.7926 pEnt=2.860 pIllM=0.0023 playedP=0.171 pW=0.48 pD=0.07 pL=0.46 vAbs=0.238 pLogitMean=-10.7362 vLogitMean=0.5815 gNorm=0.290 lr=0.303 ms=801.5 buf=500000 plies=100166862 games=1507420 rejected=0 skipped=0 epoch=0 mom=0.8671 lrCyc[pk=9.7e-01,tr=9.9e-04] trainerStep=29650
[LAYER-HEALTH] live trainerStep=29650 scope=batch_norm_state_only reluSites=2/10 ch=144 dead=0 off=0 alwaysOn=0 worst=none maxBetaOverGamma=+2.20@policy.pre_bn[103] minBetaOverGamma=-1.95@value.bn[2] rvMaxOverMedian=113.9@blocks.2.bn1[31] rezero=none nonFinite=0
[REPLAY] step=11700 loss=3.4775 pLoss=2.6827 vLoss=0.7924 pEnt=2.827 pIllM=0.0024 playedP=0.180 pW=0.48 pD=0.06 pL=0.46 vAbs=0.258 pLogitMean=-10.7204 vLogitMean=0.5796 gNorm=0.295 lr=0.328 ms=805.7 buf=500000 plies=100593499 games=1513869 rejected=0 skipped=0 epoch=0 mom=0.8659 lrCyc[pk=9.7e-01,tr=9.9e-04] trainerStep=29700
[LAYER-HEALTH] live trainerStep=29700 scope=batch_norm_state_only reluSites=2/10 ch=144 dead=0 off=0 alwaysOn=0 worst=none maxBetaOverGamma=+2.24@policy.pre_bn[103] minBetaOverGamma=-1.95@value.bn[2] rvMaxOverMedian=113.3@blocks.2.bn1[31] rezero=none nonFinite=0
[REPLAY] step=11750 loss=3.5155 pLoss=2.7144 vLoss=0.7981 pEnt=2.870 pIllM=0.0030 playedP=0.172 pW=0.47 pD=0.07 pL=0.46 vAbs=0.236 pLogitMean=-10.6867 vLogitMean=0.5821 gNorm=0.302 lr=0.355 ms=798.4 buf=500000 plies=101020155 games=1520333 rejected=0 skipped=0 epoch=0 mom=0.8648 lrCyc[pk=9.7e-01,tr=9.9e-04] trainerStep=29750
[LAYER-HEALTH] live trainerStep=29750 scope=batch_norm_state_only reluSites=2/10 ch=144 dead=0 off=1 alwaysOn=0 worst=value.bn(dead 0 off 1 on 0) maxBetaOverGamma=+2.24@policy.pre_bn[103] minBetaOverGamma=-2.01@value.bn[2] rvMaxOverMedian=114.6@blocks.2.bn1[31] rezero=none nonFinite=0
[REPLAY] step=11800 loss=3.5153 pLoss=2.7112 vLoss=0.8014 pEnt=2.871 pIllM=0.0027 playedP=0.171 pW=0.45 pD=0.07 pL=0.48 vAbs=0.230 pLogitMean=-10.6727 vLogitMean=0.5841 gNorm=0.350 lr=0.383 ms=795.0 buf=500000 plies=101446866 games=1526711 rejected=0 skipped=0 epoch=0 mom=0.8637 lrCyc[pk=9.7e-01,tr=9.9e-04] trainerStep=29800
[LAYER-HEALTH] live trainerStep=29800 scope=batch_norm_state_only reluSites=2/10 ch=144 dead=0 off=0 alwaysOn=0 worst=none maxBetaOverGamma=+2.26@policy.pre_bn[103] minBetaOverGamma=-2.00@value.bn[2] rvMaxOverMedian=114.0@blocks.2.bn1[31] rezero=none nonFinite=0
[REPLAY] step=11850 loss=3.4828 pLoss=2.6776 vLoss=0.8021 pEnt=2.825 pIllM=0.0031 playedP=0.180 pW=0.46 pD=0.07 pL=0.46 vAbs=0.257 pLogitMean=-10.6529 vLogitMean=0.5797 gNorm=0.313 lr=0.411 ms=803.8 buf=500000 plies=101873459 games=1533141 rejected=0 skipped=0 epoch=0 mom=0.8626 lrCyc[pk=9.7e-01,tr=9.9e-04] trainerStep=29850
[LAYER-HEALTH] live trainerStep=29850 scope=batch_norm_state_only reluSites=2/10 ch=144 dead=0 off=0 alwaysOn=0 worst=none maxBetaOverGamma=+2.25@policy.pre_bn[103] minBetaOverGamma=-1.92@value.bn[2] rvMaxOverMedian=113.5@blocks.2.bn1[31] rezero=none nonFinite=0
[REPLAY] step=11900 loss=3.5301 pLoss=2.7166 vLoss=0.8106 pEnt=2.863 pIllM=0.0030 playedP=0.172 pW=0.47 pD=0.08 pL=0.46 vAbs=0.238 pLogitMean=-10.6479 vLogitMean=0.5815 gNorm=0.319 lr=0.441 ms=807.5 buf=500000 plies=102300150 games=1539545 rejected=0 skipped=0 epoch=0 mom=0.8616 lrCyc[pk=9.7e-01,tr=9.9e-04] trainerStep=29900
[LAYER-HEALTH] live trainerStep=29900 scope=batch_norm_state_only reluSites=2/10 ch=144 dead=0 off=0 alwaysOn=0 worst=none maxBetaOverGamma=+2.26@policy.pre_bn[103] minBetaOverGamma=-1.83@value.bn[2] rvMaxOverMedian=113.6@blocks.2.bn1[31] rezero=none nonFinite=0
[REPLAY] step=11950 loss=3.5195 pLoss=2.7166 vLoss=0.7994 pEnt=2.871 pIllM=0.0035 playedP=0.172 pW=0.46 pD=0.07 pL=0.47 vAbs=0.259 pLogitMean=-10.6312 vLogitMean=0.5803 gNorm=0.379 lr=0.472 ms=790.4 buf=500000 plies=102726718 games=1545976 rejected=0 skipped=0 epoch=0 mom=0.8606 lrCyc[pk=9.7e-01,tr=9.9e-04] trainerStep=29950
[LAYER-HEALTH] live trainerStep=29950 scope=batch_norm_state_only reluSites=2/10 ch=144 dead=0 off=0 alwaysOn=0 worst=none maxBetaOverGamma=+2.26@policy.pre_bn[103] minBetaOverGamma=-1.91@value.bn[2] rvMaxOverMedian=112.6@blocks.2.bn1[31] rezero=none nonFinite=0
[REPLAY] step=12000 loss=3.5323 pLoss=2.7402 vLoss=0.7882 pEnt=2.827 pIllM=0.0039 playedP=0.178 pW=0.49 pD=0.07 pL=0.44 vAbs=0.248 pLogitMean=-10.5981 vLogitMean=0.5831 gNorm=0.370 lr=0.504 ms=779.7 buf=500000 plies=103153379 games=1552372 rejected=0 skipped=0 epoch=0 mom=0.8597 lrCyc[pk=9.7e-01,tr=9.9e-04] trainerStep=30000
[LAYER-HEALTH] live trainerStep=30000 scope=batch_norm_state_only reluSites=2/10 ch=144 dead=0 off=0 alwaysOn=0 worst=none maxBetaOverGamma=+2.25@policy.pre_bn[103] minBetaOverGamma=-1.89@value.bn[2] rvMaxOverMedian=111.9@blocks.2.bn1[31] rezero=none nonFinite=0
[REPLAY] saved trainer model (autosave) step=12000 trainerStep=30000 nextGame=3865042 shard=8 epoch=0 -> 20261006-lrBsilu-clip1-replay-latest.safetensors
[LAYER-HEALTH] checkpoint replay-autosave step=12000 trainerStep=30000 scope=all_tensors reluSites=2/10 ch=144 dead=0 off=0 alwaysOn=0 worst=none maxBetaOverGamma=+2.25@policy.pre_bn[103] minBetaOverGamma=-1.89@value.bn[2] rvMaxOverMedian=111.9@blocks.2.bn1[31] rezero=none nonFinite=0 seZeroVel=none valueFC1ZeroVel=0/128 maxAbs=32.05@blocks.2.bn1.running_var
[LAYER-HEALTH]   batch-norm sites — β/|γ|: dead < -3.00, mostly off < -2.00, always on > +3.00; classified for relu/leaky_relu only
[LAYER-HEALTH]     site            act            ch   dead    off     on  zeroγ nonfin  min β/|γ| [ch]     max β/|γ| [ch]     rv max/median [ch]
[LAYER-HEALTH]     stem.bn         -             128    n/a    n/a    n/a      0      0     -0.71 [69]         +0.34 [95]            4.8 [76]
[LAYER-HEALTH]     blocks.0.bn1    silu          128    n/a    n/a    n/a      0      0     -0.93 [5]          +0.15 [18]            4.7 [76]
[LAYER-HEALTH]     blocks.0.bn2    silu          128    n/a    n/a    n/a      0      0     -1.14 [53]         +3.26 [48]            5.1 [94]
[LAYER-HEALTH]     blocks.1.bn1    silu          128    n/a    n/a    n/a      0      0     -1.34 [58]         -0.04 [31]          109.8 [31]
[LAYER-HEALTH]     blocks.1.bn2    silu          128    n/a    n/a    n/a      0      0     -1.48 [3]          -0.14 [8]            10.5 [70]
[LAYER-HEALTH]     blocks.2.bn1    silu          128    n/a    n/a    n/a      0      0     -2.26 [17]         +2.18 [31]          111.9 [31]
[LAYER-HEALTH]     blocks.2.bn2    silu          128    n/a    n/a    n/a      0      0     -1.57 [78]         +0.01 [16]            3.7 [122]
[LAYER-HEALTH]     tower_final_bn  silu          128    n/a    n/a    n/a      0      0     -0.60 [90]         +1.04 [111]          12.3 [31]
[LAYER-HEALTH]     policy.pre_bn   leaky_relu    128      0      0      0      0      0     -0.93 [7]          +2.25 [103]           3.0 [120]
[LAYER-HEALTH]     value.bn        leaky_relu     16      0      0      0      0      0     -1.89 [2]          -0.71 [13]            2.2 [11]
[LAYER-HEALTH]   FC hidden-unit velocity — zero: every weight-velocity entry exactly 0; low: nonzero but < 5% of the layer's p90 unit norm
[LAYER-HEALTH]     value.fc1.weight  leaky_relu  units 128  zero 0  low 6  median unit norm 0.005037
[LAYER-HEALTH]     (no SE blocks)
[LAYER-HEALTH]   ReZero: none
[LAYER-HEALTH]   non-finite: 0 values in 0 of 102 tensors (10263038 values examined)
[LAYER-HEALTH]   largest |value|: blocks.2.bn1.running_var 32.05, blocks.1.bn1.running_var 31.32, blocks.1.bn2.running_var 13.11, blocks.0.bn2.running_var 8.493, tower_final_bn.running_var 6.904
[REPLAY] enumerated checkpoint -> 20261006-lrBsilu-clip1-replay-seg1-step12000.safetensors
[REPLAY] step=12050 loss=3.5310 pLoss=2.7318 vLoss=0.7948 pEnt=2.844 pIllM=0.0045 playedP=0.173 pW=0.48 pD=0.07 pL=0.46 vAbs=0.251 pLogitMean=-10.6057 vLogitMean=0.5835 gNorm=0.343 lr=0.536 ms=805.9 buf=500000 plies=103580043 games=1558790 rejected=0 skipped=0 epoch=0 mom=0.8588 lrCyc[pk=9.7e-01,tr=9.9e-04] trainerStep=30050
[LAYER-HEALTH] live trainerStep=30050 scope=batch_norm_state_only reluSites=2/10 ch=144 dead=0 off=0 alwaysOn=0 worst=none maxBetaOverGamma=+2.30@policy.pre_bn[103] minBetaOverGamma=-1.81@value.bn[4] rvMaxOverMedian=111.4@blocks.2.bn1[31] rezero=none nonFinite=0
[REPLAY] step=12100 loss=3.5199 pLoss=2.7205 vLoss=0.7953 pEnt=2.852 pIllM=0.0040 playedP=0.174 pW=0.47 pD=0.07 pL=0.46 vAbs=0.269 pLogitMean=-10.5815 vLogitMean=0.5867 gNorm=0.340 lr=0.569 ms=799.0 buf=500000 plies=104006672 games=1565200 rejected=0 skipped=0 epoch=0 mom=0.8579 lrCyc[pk=9.7e-01,tr=9.9e-04] trainerStep=30100
[LAYER-HEALTH] live trainerStep=30100 scope=batch_norm_state_only reluSites=2/10 ch=144 dead=0 off=0 alwaysOn=0 worst=none maxBetaOverGamma=+2.29@policy.pre_bn[103] minBetaOverGamma=-1.78@value.bn[4] rvMaxOverMedian=112.3@blocks.2.bn1[31] rezero=none nonFinite=0
[REPLAY] step=12150 loss=3.5018 pLoss=2.6931 vLoss=0.8043 pEnt=2.871 pIllM=0.0044 playedP=0.169 pW=0.45 pD=0.07 pL=0.48 vAbs=0.278 pLogitMean=-10.6013 vLogitMean=0.5885 gNorm=0.367 lr=0.602 ms=798.3 buf=500000 plies=104433311 games=1571670 rejected=0 skipped=0 epoch=0 mom=0.8571 lrCyc[pk=9.7e-01,tr=9.9e-04] trainerStep=30150
[LAYER-HEALTH] live trainerStep=30150 scope=batch_norm_state_only reluSites=2/10 ch=144 dead=0 off=0 alwaysOn=0 worst=none maxBetaOverGamma=+2.26@policy.pre_bn[103] minBetaOverGamma=-1.77@value.bn[4] rvMaxOverMedian=112.3@blocks.2.bn1[31] rezero=none nonFinite=0
[REPLAY] step=12200 loss=3.5178 pLoss=2.7138 vLoss=0.7990 pEnt=2.818 pIllM=0.0050 playedP=0.180 pW=0.46 pD=0.07 pL=0.47 vAbs=0.253 pLogitMean=-10.6035 vLogitMean=0.5846 gNorm=0.362 lr=0.636 ms=829.4 buf=500000 plies=104859985 games=1578069 rejected=0 skipped=0 epoch=0 mom=0.8563 lrCyc[pk=9.7e-01,tr=9.9e-04] trainerStep=30200
[LAYER-HEALTH] live trainerStep=30200 scope=batch_norm_state_only reluSites=2/10 ch=144 dead=0 off=0 alwaysOn=0 worst=none maxBetaOverGamma=+2.32@policy.pre_bn[103] minBetaOverGamma=-1.68@value.bn[9] rvMaxOverMedian=111.2@blocks.2.bn1[31] rezero=none nonFinite=0
[REPLAY] step=12250 loss=3.4999 pLoss=2.7011 vLoss=0.7939 pEnt=2.823 pIllM=0.0049 playedP=0.176 pW=0.47 pD=0.07 pL=0.45 vAbs=0.273 pLogitMean=-10.6397 vLogitMean=0.5875 gNorm=0.385 lr=0.669 ms=777.1 buf=500000 plies=105286647 games=1584494 rejected=0 skipped=0 epoch=0 mom=0.8556 lrCyc[pk=9.7e-01,tr=9.9e-04] trainerStep=30250
[LAYER-HEALTH] live trainerStep=30250 scope=batch_norm_state_only reluSites=2/10 ch=144 dead=0 off=0 alwaysOn=0 worst=none maxBetaOverGamma=+2.32@policy.pre_bn[103] minBetaOverGamma=-1.57@value.bn[4] rvMaxOverMedian=110.9@blocks.2.bn1[31] rezero=none nonFinite=0
[REPLAY] step=12300 loss=3.4737 pLoss=2.6780 vLoss=0.7894 pEnt=2.883 pIllM=0.0063 playedP=0.165 pW=0.44 pD=0.07 pL=0.50 vAbs=0.265 pLogitMean=-10.6216 vLogitMean=0.5882 gNorm=0.383 lr=0.701 ms=797.1 buf=500000 plies=105713279 games=1590983 rejected=0 skipped=0 epoch=0 mom=0.8549 lrCyc[pk=9.7e-01,tr=9.9e-04] trainerStep=30300
[LAYER-HEALTH] live trainerStep=30300 scope=batch_norm_state_only reluSites=2/10 ch=144 dead=0 off=0 alwaysOn=0 worst=none maxBetaOverGamma=+2.34@policy.pre_bn[103] minBetaOverGamma=-1.57@value.bn[2] rvMaxOverMedian=108.9@blocks.2.bn1[31] rezero=none nonFinite=0
[REPLAY] step=12350 loss=3.5449 pLoss=2.7392 vLoss=0.8009 pEnt=2.835 pIllM=0.0047 playedP=0.175 pW=0.47 pD=0.07 pL=0.46 vAbs=0.247 pLogitMean=-10.7039 vLogitMean=0.5918 gNorm=0.361 lr=0.733 ms=782.4 buf=500000 plies=106139984 games=1597448 rejected=0 skipped=0 epoch=0 mom=0.8543 lrCyc[pk=9.7e-01,tr=9.9e-04] trainerStep=30350
[LAYER-HEALTH] live trainerStep=30350 scope=batch_norm_state_only reluSites=2/10 ch=144 dead=0 off=0 alwaysOn=0 worst=none maxBetaOverGamma=+2.24@policy.pre_bn[103] minBetaOverGamma=-1.58@value.bn[3] rvMaxOverMedian=110.4@blocks.2.bn1[31] rezero=none nonFinite=0
[REPLAY] step=12400 loss=3.4521 pLoss=2.6517 vLoss=0.7942 pEnt=2.883 pIllM=0.0062 playedP=0.162 pW=0.46 pD=0.07 pL=0.47 vAbs=0.291 pLogitMean=-10.6849 vLogitMean=0.5939 gNorm=0.345 lr=0.764 ms=797.7 buf=500000 plies=106566575 games=1603830 rejected=0 skipped=0 epoch=0 mom=0.8537 lrCyc[pk=9.7e-01,tr=9.9e-04] trainerStep=30400
[LAYER-HEALTH] live trainerStep=30400 scope=batch_norm_state_only reluSites=2/10 ch=144 dead=0 off=0 alwaysOn=0 worst=none maxBetaOverGamma=+2.32@policy.pre_bn[103] minBetaOverGamma=-1.57@value.bn[3] rvMaxOverMedian=111.0@blocks.2.bn1[31] rezero=none nonFinite=0
[REPLAY] step=12450 loss=3.5061 pLoss=2.7261 vLoss=0.7734 pEnt=2.806 pIllM=0.0065 playedP=0.181 pW=0.48 pD=0.07 pL=0.45 vAbs=0.253 pLogitMean=-10.7193 vLogitMean=0.5938 gNorm=0.363 lr=0.794 ms=780.9 buf=500000 plies=106993276 games=1610266 rejected=0 skipped=0 epoch=0 mom=0.8531 lrCyc[pk=9.7e-01,tr=9.9e-04] trainerStep=30450
[LAYER-HEALTH] live trainerStep=30450 scope=batch_norm_state_only reluSites=2/10 ch=144 dead=0 off=0 alwaysOn=0 worst=none maxBetaOverGamma=+2.26@policy.pre_bn[103] minBetaOverGamma=-1.54@value.bn[4] rvMaxOverMedian=109.1@blocks.2.bn1[31] rezero=none nonFinite=0
[REPLAY] step=12500 loss=3.5293 pLoss=2.7315 vLoss=0.7926 pEnt=2.865 pIllM=0.0053 playedP=0.166 pW=0.49 pD=0.07 pL=0.44 vAbs=0.273 pLogitMean=-10.7546 vLogitMean=0.5878 gNorm=0.358 lr=0.822 ms=780.1 buf=500000 plies=107419876 games=1616664 rejected=0 skipped=0 epoch=0 mom=0.8526 lrCyc[pk=9.7e-01,tr=9.9e-04] trainerStep=30500
[LAYER-HEALTH] live trainerStep=30500 scope=batch_norm_state_only reluSites=2/10 ch=144 dead=0 off=0 alwaysOn=0 worst=none maxBetaOverGamma=+2.30@policy.pre_bn[103] minBetaOverGamma=-1.49@value.bn[4] rvMaxOverMedian=107.8@blocks.1.bn1[31] rezero=none nonFinite=0
[REPLAY] step=12550 loss=3.4802 pLoss=2.7170 vLoss=0.7566 pEnt=2.887 pIllM=0.0067 playedP=0.163 pW=0.48 pD=0.06 pL=0.46 vAbs=0.282 pLogitMean=-10.7707 vLogitMean=0.5888 gNorm=0.394 lr=0.849 ms=796.9 buf=500000 plies=107846593 games=1623130 rejected=0 skipped=0 epoch=0 mom=0.8521 lrCyc[pk=9.7e-01,tr=9.9e-04] trainerStep=30550
[LAYER-HEALTH] live trainerStep=30550 scope=batch_norm_state_only reluSites=2/10 ch=144 dead=0 off=0 alwaysOn=0 worst=none maxBetaOverGamma=+2.31@policy.pre_bn[103] minBetaOverGamma=-1.55@value.bn[2] rvMaxOverMedian=106.9@blocks.1.bn1[31] rezero=none nonFinite=0
[REPLAY] step=12600 loss=3.4519 pLoss=2.6605 vLoss=0.7847 pEnt=2.842 pIllM=0.0067 playedP=0.171 pW=0.43 pD=0.07 pL=0.50 vAbs=0.282 pLogitMean=-10.7678 vLogitMean=0.5910 gNorm=0.417 lr=0.873 ms=795.2 buf=500000 plies=108273182 games=1629573 rejected=0 skipped=0 epoch=0 mom=0.8517 lrCyc[pk=9.7e-01,tr=9.9e-04] trainerStep=30600
[LAYER-HEALTH] live trainerStep=30600 scope=batch_norm_state_only reluSites=2/10 ch=144 dead=0 off=0 alwaysOn=0 worst=none maxBetaOverGamma=+2.28@policy.pre_bn[103] minBetaOverGamma=-1.64@value.bn[2] rvMaxOverMedian=107.5@blocks.1.bn1[31] rezero=none nonFinite=0
[REPLAY] step=12650 loss=3.5015 pLoss=2.7225 vLoss=0.7726 pEnt=2.853 pIllM=0.0065 playedP=0.167 pW=0.46 pD=0.07 pL=0.47 vAbs=0.261 pLogitMean=-10.8632 vLogitMean=0.5929 gNorm=0.387 lr=0.896 ms=799.8 buf=500000 plies=108699809 games=1636022 rejected=0 skipped=0 epoch=0 mom=0.8514 lrCyc[pk=9.7e-01,tr=9.9e-04] trainerStep=30650
[LAYER-HEALTH] live trainerStep=30650 scope=batch_norm_state_only reluSites=2/10 ch=144 dead=0 off=0 alwaysOn=0 worst=none maxBetaOverGamma=+2.27@policy.pre_bn[103] minBetaOverGamma=-1.62@value.bn[2] rvMaxOverMedian=107.4@blocks.1.bn1[31] rezero=none nonFinite=0
[REPLAY] step=12700 loss=3.5012 pLoss=2.7140 vLoss=0.7812 pEnt=2.798 pIllM=0.0060 playedP=0.176 pW=0.47 pD=0.06 pL=0.46 vAbs=0.282 pLogitMean=-10.8309 vLogitMean=0.5926 gNorm=0.416 lr=0.915 ms=792.5 buf=500000 plies=109126474 games=1642478 rejected=0 skipped=0 epoch=0 mom=0.8510 lrCyc[pk=9.7e-01,tr=9.9e-04] trainerStep=30700
[LAYER-HEALTH] live trainerStep=30700 scope=batch_norm_state_only reluSites=2/10 ch=144 dead=0 off=0 alwaysOn=0 worst=none maxBetaOverGamma=+2.33@policy.pre_bn[103] minBetaOverGamma=-1.58@value.bn[2] rvMaxOverMedian=107.0@blocks.1.bn1[31] rezero=none nonFinite=0
[REPLAY] step=12750 loss=3.4842 pLoss=2.6950 vLoss=0.7831 pEnt=2.879 pIllM=0.0061 playedP=0.162 pW=0.46 pD=0.06 pL=0.48 vAbs=0.277 pLogitMean=-10.9137 vLogitMean=0.5958 gNorm=0.422 lr=0.933 ms=793.0 buf=500000 plies=109553138 games=1648919 rejected=0 skipped=0 epoch=0 mom=0.8508 lrCyc[pk=9.7e-01,tr=9.9e-04] trainerStep=30750
[LAYER-HEALTH] live trainerStep=30750 scope=batch_norm_state_only reluSites=2/10 ch=144 dead=0 off=0 alwaysOn=0 worst=none maxBetaOverGamma=+2.27@policy.pre_bn[103] minBetaOverGamma=-1.65@value.bn[3] rvMaxOverMedian=108.1@blocks.1.bn1[31] rezero=none nonFinite=0
[REPLAY] step=12800 loss=3.4376 pLoss=2.6564 vLoss=0.7744 pEnt=2.845 pIllM=0.0068 playedP=0.165 pW=0.45 pD=0.05 pL=0.50 vAbs=0.287 pLogitMean=-10.9467 vLogitMean=0.5882 gNorm=0.442 lr=0.947 ms=788.8 buf=500000 plies=109979823 games=1655378 rejected=0 skipped=0 epoch=0 mom=0.8505 lrCyc[pk=9.7e-01,tr=9.9e-04] trainerStep=30800
[LAYER-HEALTH] live trainerStep=30800 scope=batch_norm_state_only reluSites=2/10 ch=144 dead=0 off=0 alwaysOn=0 worst=none maxBetaOverGamma=+2.42@policy.pre_bn[103] minBetaOverGamma=-1.60@value.bn[2] rvMaxOverMedian=107.5@blocks.1.bn1[31] rezero=none nonFinite=0
[REPLAY] step=12850 loss=3.4938 pLoss=2.7213 vLoss=0.7656 pEnt=2.851 pIllM=0.0069 playedP=0.170 pW=0.49 pD=0.06 pL=0.45 vAbs=0.288 pLogitMean=-11.0020 vLogitMean=0.5913 gNorm=0.364 lr=0.958 ms=794.6 buf=500000 plies=110406433 games=1661855 rejected=0 skipped=0 epoch=0 mom=0.8504 lrCyc[pk=9.7e-01,tr=9.9e-04] trainerStep=30850
[LAYER-HEALTH] live trainerStep=30850 scope=batch_norm_state_only reluSites=2/10 ch=144 dead=0 off=0 alwaysOn=0 worst=none maxBetaOverGamma=+2.26@policy.pre_bn[103] minBetaOverGamma=-1.67@value.bn[4] rvMaxOverMedian=108.3@blocks.1.bn1[31] rezero=none nonFinite=0
[REPLAY] step=12900 loss=3.4983 pLoss=2.7208 vLoss=0.7705 pEnt=2.857 pIllM=0.0069 playedP=0.169 pW=0.48 pD=0.06 pL=0.46 vAbs=0.287 pLogitMean=-11.0055 vLogitMean=0.5924 gNorm=0.358 lr=0.966 ms=796.7 buf=500000 plies=110833085 games=1668349 rejected=0 skipped=0 epoch=0 mom=0.8502 lrCyc[pk=9.7e-01,tr=9.9e-04] trainerStep=30900
[LAYER-HEALTH] live trainerStep=30900 scope=batch_norm_state_only reluSites=2/10 ch=144 dead=0 off=0 alwaysOn=0 worst=none maxBetaOverGamma=+2.34@policy.pre_bn[103] minBetaOverGamma=-1.74@value.bn[2] rvMaxOverMedian=107.4@blocks.1.bn1[31] rezero=none nonFinite=0
[REPLAY] step=12950 loss=3.4651 pLoss=2.6918 vLoss=0.7679 pEnt=2.866 pIllM=0.0055 playedP=0.167 pW=0.45 pD=0.06 pL=0.48 vAbs=0.291 pLogitMean=-11.0913 vLogitMean=0.5906 gNorm=0.354 lr=0.971 ms=793.3 buf=500000 plies=111259834 games=1674894 rejected=0 skipped=0 epoch=0 mom=0.8502 lrCyc[pk=9.7e-01,tr=9.9e-04] trainerStep=30950
[LAYER-HEALTH] live trainerStep=30950 scope=batch_norm_state_only reluSites=2/10 ch=144 dead=0 off=0 alwaysOn=0 worst=none maxBetaOverGamma=+2.28@policy.pre_bn[103] minBetaOverGamma=-1.73@value.bn[2] rvMaxOverMedian=108.4@blocks.1.bn1[31] rezero=none nonFinite=0
[REPLAY] step=13000 loss=3.5023 pLoss=2.7119 vLoss=0.7841 pEnt=2.857 pIllM=0.0064 playedP=0.168 pW=0.47 pD=0.07 pL=0.46 vAbs=0.287 pLogitMean=-11.1155 vLogitMean=0.5949 gNorm=0.358 lr=0.973 ms=799.1 buf=500000 plies=111686388 games=1681286 rejected=0 skipped=0 epoch=0 mom=0.8501 lrCyc[pk=9.7e-01,tr=9.9e-04] trainerStep=31000
[LAYER-HEALTH] live trainerStep=31000 scope=batch_norm_state_only reluSites=2/10 ch=144 dead=0 off=0 alwaysOn=0 worst=none maxBetaOverGamma=+2.20@policy.pre_bn[103] minBetaOverGamma=-1.77@value.bn[2] rvMaxOverMedian=112.9@blocks.1.bn1[31] rezero=none nonFinite=0
[REPLAY] saved trainer model (autosave) step=13000 trainerStep=31000 nextGame=3993956 shard=8 epoch=0 -> 20261006-lrBsilu-clip1-replay-latest.safetensors
[LAYER-HEALTH] checkpoint replay-autosave step=13000 trainerStep=31000 scope=all_tensors reluSites=2/10 ch=144 dead=0 off=0 alwaysOn=0 worst=none maxBetaOverGamma=+2.20@policy.pre_bn[103] minBetaOverGamma=-1.77@value.bn[2] rvMaxOverMedian=112.9@blocks.1.bn1[31] rezero=none nonFinite=0 seZeroVel=none valueFC1ZeroVel=0/128 maxAbs=35.82@blocks.1.bn1.running_var
[LAYER-HEALTH]   batch-norm sites — β/|γ|: dead < -3.00, mostly off < -2.00, always on > +3.00; classified for relu/leaky_relu only
[LAYER-HEALTH]     site            act            ch   dead    off     on  zeroγ nonfin  min β/|γ| [ch]     max β/|γ| [ch]     rv max/median [ch]
[LAYER-HEALTH]     stem.bn         -             128    n/a    n/a    n/a      0      0     -0.80 [11]         +0.36 [95]            3.9 [76]
[LAYER-HEALTH]     blocks.0.bn1    silu          128    n/a    n/a    n/a      0      0     -0.96 [5]          +0.18 [64]            5.5 [76]
[LAYER-HEALTH]     blocks.0.bn2    silu          128    n/a    n/a    n/a      0      0     -1.24 [53]         +3.99 [48]            4.5 [94]
[LAYER-HEALTH]     blocks.1.bn1    silu          128    n/a    n/a    n/a      0      0     -1.40 [58]         -0.07 [31]          112.9 [31]
[LAYER-HEALTH]     blocks.1.bn2    silu          128    n/a    n/a    n/a      0      0     -1.55 [59]         -0.18 [54]            9.8 [70]
[LAYER-HEALTH]     blocks.2.bn1    silu          128    n/a    n/a    n/a      0      0     -2.36 [17]         +2.00 [31]           93.1 [31]
[LAYER-HEALTH]     blocks.2.bn2    silu          128    n/a    n/a    n/a      0      0     -1.64 [78]         -0.03 [16]            3.3 [122]
[LAYER-HEALTH]     tower_final_bn  silu          128    n/a    n/a    n/a      0      0     -0.66 [90]         +1.11 [111]           9.2 [31]
[LAYER-HEALTH]     policy.pre_bn   leaky_relu    128      0      0      0      0      0     -1.00 [7]          +2.20 [103]           3.4 [120]
[LAYER-HEALTH]     value.bn        leaky_relu     16      0      0      0      0      0     -1.77 [2]          -0.70 [13]            2.0 [11]
[LAYER-HEALTH]   FC hidden-unit velocity — zero: every weight-velocity entry exactly 0; low: nonzero but < 5% of the layer's p90 unit norm
[LAYER-HEALTH]     value.fc1.weight  leaky_relu  units 128  zero 0  low 8  median unit norm 0.006747
[LAYER-HEALTH]     (no SE blocks)
[LAYER-HEALTH]   ReZero: none
[LAYER-HEALTH]   non-finite: 0 values in 0 of 102 tensors (10263038 values examined)
[LAYER-HEALTH]   largest |value|: blocks.1.bn1.running_var 35.82, blocks.2.bn1.running_var 28.54, blocks.1.bn2.running_var 15.24, blocks.0.bn2.running_var 9.217, blocks.0.bn1.running_var 6.158
[REPLAY] enumerated checkpoint -> 20261006-lrBsilu-clip1-replay-seg1-step13000.safetensors
[REPLAY] step=13050 loss=3.4914 pLoss=2.6898 vLoss=0.7946 pEnt=2.886 pIllM=0.0070 playedP=0.162 pW=0.44 pD=0.07 pL=0.48 vAbs=0.250 pLogitMean=-11.1817 vLogitMean=0.5956 gNorm=0.406 lr=0.971 ms=789.4 buf=500000 plies=112113018 games=1687734 rejected=0 skipped=0 epoch=0 mom=0.8502 lrCyc[pk=9.7e-01,tr=9.9e-04] trainerStep=31050
[LAYER-HEALTH] live trainerStep=31050 scope=batch_norm_state_only reluSites=2/10 ch=144 dead=0 off=0 alwaysOn=0 worst=none maxBetaOverGamma=+2.27@policy.pre_bn[103] minBetaOverGamma=-1.80@value.bn[2] rvMaxOverMedian=110.8@blocks.1.bn1[31] rezero=none nonFinite=0
[REPLAY] step=13100 loss=3.3880 pLoss=2.6108 vLoss=0.7714 pEnt=2.854 pIllM=0.0059 playedP=0.170 pW=0.44 pD=0.06 pL=0.49 vAbs=0.303 pLogitMean=-11.2529 vLogitMean=0.5920 gNorm=0.366 lr=0.966 ms=792.3 buf=500000 plies=112539754 games=1694197 rejected=0 skipped=0 epoch=0 mom=0.8502 lrCyc[pk=9.7e-01,tr=9.9e-04] trainerStep=31100
[LAYER-HEALTH] live trainerStep=31100 scope=batch_norm_state_only reluSites=2/10 ch=144 dead=0 off=0 alwaysOn=0 worst=none maxBetaOverGamma=+2.27@policy.pre_bn[103] minBetaOverGamma=-1.85@value.bn[2] rvMaxOverMedian=111.3@blocks.1.bn1[31] rezero=none nonFinite=0
[REPLAY] step=13150 loss=3.4750 pLoss=2.6909 vLoss=0.7767 pEnt=2.886 pIllM=0.0074 playedP=0.160 pW=0.44 pD=0.07 pL=0.49 vAbs=0.277 pLogitMean=-11.2693 vLogitMean=0.5925 gNorm=0.429 lr=0.958 ms=795.7 buf=500000 plies=112966337 games=1700624 rejected=0 skipped=0 epoch=0 mom=0.8504 lrCyc[pk=9.7e-01,tr=9.9e-04] trainerStep=31150
[LAYER-HEALTH] live trainerStep=31150 scope=batch_norm_state_only reluSites=2/10 ch=144 dead=0 off=0 alwaysOn=0 worst=none maxBetaOverGamma=+2.26@policy.pre_bn[103] minBetaOverGamma=-1.81@value.bn[2] rvMaxOverMedian=112.4@blocks.1.bn1[31] rezero=none nonFinite=0
[REPLAY] step=13200 loss=3.4666 pLoss=2.6767 vLoss=0.7840 pEnt=2.876 pIllM=0.0059 playedP=0.162 pW=0.44 pD=0.06 pL=0.50 vAbs=0.263 pLogitMean=-11.2943 vLogitMean=0.5908 gNorm=0.423 lr=0.946 ms=802.5 buf=500000 plies=113392997 games=1707095 rejected=0 skipped=0 epoch=0 mom=0.8505 lrCyc[pk=9.7e-01,tr=9.9e-04] trainerStep=31200
[LAYER-HEALTH] live trainerStep=31200 scope=batch_norm_state_only reluSites=2/10 ch=144 dead=0 off=0 alwaysOn=0 worst=none maxBetaOverGamma=+2.32@policy.pre_bn[103] minBetaOverGamma=-1.76@value.bn[2] rvMaxOverMedian=111.3@blocks.1.bn1[31] rezero=none nonFinite=0
[REPLAY] step=13250 loss=3.4823 pLoss=2.7097 vLoss=0.7658 pEnt=2.873 pIllM=0.0068 playedP=0.166 pW=0.49 pD=0.07 pL=0.45 vAbs=0.283 pLogitMean=-11.3395 vLogitMean=0.5939 gNorm=0.312 lr=0.932 ms=796.0 buf=500000 plies=113819639 games=1713593 rejected=0 skipped=0 epoch=0 mom=0.8508 lrCyc[pk=9.7e-01,tr=9.9e-04] trainerStep=31250
[LAYER-HEALTH] live trainerStep=31250 scope=batch_norm_state_only reluSites=2/10 ch=144 dead=0 off=0 alwaysOn=0 worst=none maxBetaOverGamma=+2.22@policy.pre_bn[103] minBetaOverGamma=-1.66@value.bn[2] rvMaxOverMedian=111.1@blocks.1.bn1[31] rezero=none nonFinite=0
[REPLAY] step=13300 loss=3.5057 pLoss=2.7215 vLoss=0.7788 pEnt=2.871 pIllM=0.0054 playedP=0.163 pW=0.48 pD=0.06 pL=0.46 vAbs=0.277 pLogitMean=-11.3968 vLogitMean=0.5955 gNorm=0.359 lr=0.915 ms=800.2 buf=500000 plies=114246308 games=1720077 rejected=0 skipped=0 epoch=0 mom=0.8510 lrCyc[pk=9.7e-01,tr=9.9e-04] trainerStep=31300
[LAYER-HEALTH] live trainerStep=31300 scope=batch_norm_state_only reluSites=2/10 ch=144 dead=0 off=0 alwaysOn=0 worst=none maxBetaOverGamma=+2.23@policy.pre_bn[103] minBetaOverGamma=-1.59@value.bn[3] rvMaxOverMedian=114.8@blocks.1.bn1[31] rezero=none nonFinite=0
[REPLAY] step=13350 loss=3.4547 pLoss=2.6688 vLoss=0.7806 pEnt=2.875 pIllM=0.0053 playedP=0.165 pW=0.46 pD=0.06 pL=0.48 vAbs=0.299 pLogitMean=-11.4250 vLogitMean=0.5909 gNorm=0.370 lr=0.895 ms=787.1 buf=500000 plies=114672963 games=1726499 rejected=0 skipped=0 epoch=0 mom=0.8514 lrCyc[pk=9.7e-01,tr=9.9e-04] trainerStep=31350
[LAYER-HEALTH] live trainerStep=31350 scope=batch_norm_state_only reluSites=2/10 ch=144 dead=0 off=0 alwaysOn=0 worst=none maxBetaOverGamma=+2.42@policy.pre_bn[103] minBetaOverGamma=-1.62@value.bn[10] rvMaxOverMedian=117.1@blocks.1.bn1[31] rezero=none nonFinite=0
[REPLAY] step=13400 loss=3.4593 pLoss=2.6855 vLoss=0.7677 pEnt=2.844 pIllM=0.0061 playedP=0.169 pW=0.48 pD=0.06 pL=0.46 vAbs=0.283 pLogitMean=-11.4410 vLogitMean=0.5926 gNorm=0.363 lr=0.873 ms=802.2 buf=500000 plies=115099582 games=1732965 rejected=0 skipped=0 epoch=0 mom=0.8517 lrCyc[pk=9.7e-01,tr=9.9e-04] trainerStep=31400
[LAYER-HEALTH] live trainerStep=31400 scope=batch_norm_state_only reluSites=2/10 ch=144 dead=0 off=0 alwaysOn=0 worst=none maxBetaOverGamma=+2.21@policy.pre_bn[103] minBetaOverGamma=-1.72@value.bn[2] rvMaxOverMedian=119.5@blocks.1.bn1[31] rezero=none nonFinite=0
[REPLAY] step=13450 loss=3.4599 pLoss=2.6754 vLoss=0.7793 pEnt=2.848 pIllM=0.0051 playedP=0.173 pW=0.46 pD=0.06 pL=0.48 vAbs=0.279 pLogitMean=-11.4816 vLogitMean=0.5923 gNorm=0.320 lr=0.848 ms=789.0 buf=500000 plies=115526220 games=1739408 rejected=0 skipped=0 epoch=0 mom=0.8521 lrCyc[pk=9.7e-01,tr=9.9e-04] trainerStep=31450
[LAYER-HEALTH] live trainerStep=31450 scope=batch_norm_state_only reluSites=2/10 ch=144 dead=0 off=0 alwaysOn=0 worst=none maxBetaOverGamma=+2.31@policy.pre_bn[103] minBetaOverGamma=-1.69@value.bn[2] rvMaxOverMedian=124.4@blocks.1.bn1[31] rezero=none nonFinite=0
[REPLAY] step=13500 loss=3.4490 pLoss=2.6458 vLoss=0.7976 pEnt=2.872 pIllM=0.0057 playedP=0.167 pW=0.46 pD=0.07 pL=0.47 vAbs=0.292 pLogitMean=-11.4958 vLogitMean=0.5929 gNorm=0.360 lr=0.821 ms=803.9 buf=500000 plies=115952855 games=1745915 rejected=0 skipped=0 epoch=0 mom=0.8526 lrCyc[pk=9.7e-01,tr=9.9e-04] trainerStep=31500
[LAYER-HEALTH] live trainerStep=31500 scope=batch_norm_state_only reluSites=2/10 ch=144 dead=0 off=0 alwaysOn=0 worst=none maxBetaOverGamma=+2.39@policy.pre_bn[103] minBetaOverGamma=-1.67@value.bn[6] rvMaxOverMedian=129.7@blocks.1.bn1[31] rezero=none nonFinite=0
[REPLAY] step=13550 loss=3.4728 pLoss=2.6866 vLoss=0.7810 pEnt=2.872 pIllM=0.0052 playedP=0.167 pW=0.47 pD=0.07 pL=0.47 vAbs=0.265 pLogitMean=-11.5379 vLogitMean=0.5917 gNorm=0.322 lr=0.793 ms=792.4 buf=500000 plies=116379538 games=1752362 rejected=0 skipped=0 epoch=0 mom=0.8531 lrCyc[pk=9.7e-01,tr=9.9e-04] trainerStep=31550
[LAYER-HEALTH] live trainerStep=31550 scope=batch_norm_state_only reluSites=2/10 ch=144 dead=0 off=0 alwaysOn=0 worst=none maxBetaOverGamma=+2.28@policy.pre_bn[103] minBetaOverGamma=-1.64@value.bn[6] rvMaxOverMedian=128.5@blocks.1.bn1[31] rezero=none nonFinite=0
[REPLAY] step=13600 loss=3.5029 pLoss=2.7122 vLoss=0.7855 pEnt=2.857 pIllM=0.0052 playedP=0.168 pW=0.46 pD=0.07 pL=0.47 vAbs=0.250 pLogitMean=-11.5789 vLogitMean=0.5914 gNorm=0.341 lr=0.763 ms=800.3 buf=500000 plies=116806174 games=1758834 rejected=0 skipped=0 epoch=0 mom=0.8537 lrCyc[pk=9.7e-01,tr=9.9e-04] trainerStep=31600
[LAYER-HEALTH] live trainerStep=31600 scope=batch_norm_state_only reluSites=2/10 ch=144 dead=0 off=0 alwaysOn=0 worst=none maxBetaOverGamma=+2.21@policy.pre_bn[103] minBetaOverGamma=-1.72@value.bn[8] rvMaxOverMedian=128.3@blocks.1.bn1[31] rezero=none nonFinite=0
[REPLAY] step=13650 loss=3.4573 pLoss=2.6676 vLoss=0.7848 pEnt=2.879 pIllM=0.0049 playedP=0.166 pW=0.46 pD=0.08 pL=0.47 vAbs=0.282 pLogitMean=-11.5586 vLogitMean=0.5918 gNorm=0.333 lr=0.732 ms=787.3 buf=500000 plies=117232804 games=1765209 rejected=0 skipped=0 epoch=0 mom=0.8543 lrCyc[pk=9.7e-01,tr=9.9e-04] trainerStep=31650
[LAYER-HEALTH] live trainerStep=31650 scope=batch_norm_state_only reluSites=2/10 ch=144 dead=0 off=0 alwaysOn=0 worst=none maxBetaOverGamma=+2.31@policy.pre_bn[103] minBetaOverGamma=-1.73@value.bn[8] rvMaxOverMedian=127.0@blocks.1.bn1[31] rezero=none nonFinite=0
[REPLAY] step=13700 loss=3.5013 pLoss=2.6998 vLoss=0.7969 pEnt=2.928 pIllM=0.0046 playedP=0.156 pW=0.45 pD=0.08 pL=0.47 vAbs=0.279 pLogitMean=-11.6088 vLogitMean=0.5904 gNorm=0.319 lr=0.7 ms=804.7 buf=500000 plies=117659504 games=1771672 rejected=0 skipped=0 epoch=0 mom=0.8549 lrCyc[pk=9.7e-01,tr=9.9e-04] trainerStep=31700
[LAYER-HEALTH] live trainerStep=31700 scope=batch_norm_state_only reluSites=2/10 ch=144 dead=0 off=0 alwaysOn=0 worst=none maxBetaOverGamma=+2.30@policy.pre_bn[103] minBetaOverGamma=-1.77@value.bn[8] rvMaxOverMedian=126.7@blocks.1.bn1[31] rezero=none nonFinite=0
[REPLAY] step=13750 loss=3.5076 pLoss=2.6978 vLoss=0.8059 pEnt=2.836 pIllM=0.0039 playedP=0.175 pW=0.49 pD=0.07 pL=0.44 vAbs=0.281 pLogitMean=-11.6300 vLogitMean=0.5887 gNorm=0.314 lr=0.668 ms=821.6 buf=500000 plies=118086140 games=1778088 rejected=0 skipped=0 epoch=0 mom=0.8556 lrCyc[pk=9.7e-01,tr=9.9e-04] trainerStep=31750
[LAYER-HEALTH] live trainerStep=31750 scope=batch_norm_state_only reluSites=2/10 ch=144 dead=0 off=0 alwaysOn=0 worst=none maxBetaOverGamma=+2.23@policy.pre_bn[103] minBetaOverGamma=-1.75@value.bn[8] rvMaxOverMedian=126.5@blocks.1.bn1[31] rezero=none nonFinite=0
[REPLAY] step=13800 loss=3.4945 pLoss=2.7135 vLoss=0.7768 pEnt=2.864 pIllM=0.0043 playedP=0.169 pW=0.48 pD=0.07 pL=0.46 vAbs=0.285 pLogitMean=-11.6221 vLogitMean=0.5905 gNorm=0.321 lr=0.635 ms=819.9 buf=500000 plies=118512771 games=1784554 rejected=0 skipped=0 epoch=0 mom=0.8563 lrCyc[pk=9.7e-01,tr=9.9e-04] trainerStep=31800
[LAYER-HEALTH] live trainerStep=31800 scope=batch_norm_state_only reluSites=2/10 ch=144 dead=0 off=0 alwaysOn=0 worst=none maxBetaOverGamma=+2.31@policy.pre_bn[103] minBetaOverGamma=-1.77@value.bn[8] rvMaxOverMedian=128.9@blocks.1.bn1[31] rezero=none nonFinite=0
[REPLAY] step=13850 loss=3.4932 pLoss=2.7149 vLoss=0.7742 pEnt=2.831 pIllM=0.0041 playedP=0.175 pW=0.47 pD=0.07 pL=0.46 vAbs=0.261 pLogitMean=-11.6331 vLogitMean=0.5909 gNorm=0.321 lr=0.601 ms=801.6 buf=500000 plies=118939503 games=1790978 rejected=0 skipped=0 epoch=0 mom=0.8571 lrCyc[pk=9.7e-01,tr=9.9e-04] trainerStep=31850
[LAYER-HEALTH] live trainerStep=31850 scope=batch_norm_state_only reluSites=2/10 ch=144 dead=0 off=0 alwaysOn=0 worst=none maxBetaOverGamma=+2.28@policy.pre_bn[103] minBetaOverGamma=-1.79@value.bn[8] rvMaxOverMedian=128.9@blocks.1.bn1[31] rezero=none nonFinite=0
[REPLAY] step=13900 loss=3.4658 pLoss=2.6862 vLoss=0.7752 pEnt=2.865 pIllM=0.0044 playedP=0.168 pW=0.45 pD=0.07 pL=0.48 vAbs=0.247 pLogitMean=-11.6482 vLogitMean=0.5909 gNorm=0.325 lr=0.568 ms=801.2 buf=500000 plies=119366067 games=1797403 rejected=0 skipped=0 epoch=0 mom=0.8579 lrCyc[pk=9.7e-01,tr=9.9e-04] trainerStep=31900
[LAYER-HEALTH] live trainerStep=31900 scope=batch_norm_state_only reluSites=2/10 ch=144 dead=0 off=0 alwaysOn=0 worst=none maxBetaOverGamma=+2.30@policy.pre_bn[103] minBetaOverGamma=-1.79@value.bn[8] rvMaxOverMedian=130.6@blocks.1.bn1[31] rezero=none nonFinite=0
[REPLAY] step=13950 loss=3.4902 pLoss=2.7043 vLoss=0.7825 pEnt=2.850 pIllM=0.0035 playedP=0.172 pW=0.47 pD=0.07 pL=0.46 vAbs=0.256 pLogitMean=-11.6385 vLogitMean=0.5917 gNorm=0.284 lr=0.536 ms=831.6 buf=500000 plies=119792790 games=1803795 rejected=0 skipped=0 epoch=0 mom=0.8588 lrCyc[pk=9.7e-01,tr=9.9e-04] trainerStep=31950
[LAYER-HEALTH] live trainerStep=31950 scope=batch_norm_state_only reluSites=2/10 ch=144 dead=0 off=0 alwaysOn=0 worst=none maxBetaOverGamma=+2.25@policy.pre_bn[103] minBetaOverGamma=-1.81@value.bn[8] rvMaxOverMedian=132.4@blocks.1.bn1[31] rezero=none nonFinite=0
[REPLAY] step=14000 loss=3.5154 pLoss=2.7330 vLoss=0.7788 pEnt=2.848 pIllM=0.0036 playedP=0.172 pW=0.49 pD=0.07 pL=0.44 vAbs=0.279 pLogitMean=-11.6453 vLogitMean=0.5923 gNorm=0.313 lr=0.503 ms=834.1 buf=500000 plies=120219389 games=1810302 rejected=0 skipped=0 epoch=0 mom=0.8597 lrCyc[pk=9.7e-01,tr=9.9e-04] trainerStep=32000
[LAYER-HEALTH] live trainerStep=32000 scope=batch_norm_state_only reluSites=2/10 ch=144 dead=0 off=0 alwaysOn=0 worst=none maxBetaOverGamma=+2.23@policy.pre_bn[103] minBetaOverGamma=-1.87@value.bn[8] rvMaxOverMedian=133.7@blocks.1.bn1[31] rezero=none nonFinite=0
[REPLAY] saved trainer model (autosave) step=14000 trainerStep=32000 nextGame=4122972 shard=9 epoch=0 -> 20261006-lrBsilu-clip1-replay-latest.safetensors
[LAYER-HEALTH] checkpoint replay-autosave step=14000 trainerStep=32000 scope=all_tensors reluSites=2/10 ch=144 dead=0 off=0 alwaysOn=0 worst=none maxBetaOverGamma=+2.23@policy.pre_bn[103] minBetaOverGamma=-1.87@value.bn[8] rvMaxOverMedian=133.7@blocks.1.bn1[31] rezero=none nonFinite=0 seZeroVel=none valueFC1ZeroVel=0/128 maxAbs=42.77@blocks.1.bn1.running_var
[LAYER-HEALTH]   batch-norm sites — β/|γ|: dead < -3.00, mostly off < -2.00, always on > +3.00; classified for relu/leaky_relu only
[LAYER-HEALTH]     site            act            ch   dead    off     on  zeroγ nonfin  min β/|γ| [ch]     max β/|γ| [ch]     rv max/median [ch]
[LAYER-HEALTH]     stem.bn         -             128    n/a    n/a    n/a      0      0     -0.90 [11]         +0.39 [95]            4.6 [76]
[LAYER-HEALTH]     blocks.0.bn1    silu          128    n/a    n/a    n/a      0      0     -1.05 [5]          +0.21 [64]            6.5 [76]
[LAYER-HEALTH]     blocks.0.bn2    silu          128    n/a    n/a    n/a      0      0     -1.32 [53]         +4.43 [48]            4.9 [94]
[LAYER-HEALTH]     blocks.1.bn1    silu          128    n/a    n/a    n/a      0      0     -1.43 [58]         -0.12 [31]          133.7 [31]
[LAYER-HEALTH]     blocks.1.bn2    silu          128    n/a    n/a    n/a      0      0     -1.67 [59]         -0.21 [101]           9.4 [70]
[LAYER-HEALTH]     blocks.2.bn1    silu          128    n/a    n/a    n/a      0      0     -2.40 [17]         +2.05 [31]          122.5 [31]
[LAYER-HEALTH]     blocks.2.bn2    silu          128    n/a    n/a    n/a      0      0     -1.60 [78]         -0.01 [16]            3.4 [29]
[LAYER-HEALTH]     tower_final_bn  silu          128    n/a    n/a    n/a      0      0     -0.69 [90]         +1.13 [111]          10.7 [31]
[LAYER-HEALTH]     policy.pre_bn   leaky_relu    128      0      0      0      0      0     -0.99 [7]          +2.23 [103]           3.5 [120]
[LAYER-HEALTH]     value.bn        leaky_relu     16      0      0      0      0      0     -1.87 [8]          -0.56 [13]            2.2 [11]
[LAYER-HEALTH]   FC hidden-unit velocity — zero: every weight-velocity entry exactly 0; low: nonzero but < 5% of the layer's p90 unit norm
[LAYER-HEALTH]     value.fc1.weight  leaky_relu  units 128  zero 0  low 9  median unit norm 0.005574
[LAYER-HEALTH]     (no SE blocks)
[LAYER-HEALTH]   ReZero: none
[LAYER-HEALTH]   non-finite: 0 values in 0 of 102 tensors (10263038 values examined)
[LAYER-HEALTH]   largest |value|: blocks.1.bn1.running_var 42.77, blocks.2.bn1.running_var 32.89, blocks.1.bn2.running_var 15.61, blocks.0.bn2.running_var 11.23, blocks.0.bn1.running_var 6.943
[REPLAY] enumerated checkpoint -> 20261006-lrBsilu-clip1-replay-seg1-step14000.safetensors
[REPLAY] step=14050 loss=3.5245 pLoss=2.7262 vLoss=0.7948 pEnt=2.887 pIllM=0.0035 playedP=0.167 pW=0.47 pD=0.07 pL=0.46 vAbs=0.261 pLogitMean=-11.6542 vLogitMean=0.5883 gNorm=0.298 lr=0.471 ms=815.0 buf=500000 plies=120646034 games=1816748 rejected=0 skipped=0 epoch=0 mom=0.8606 lrCyc[pk=9.7e-01,tr=9.9e-04] trainerStep=32050
[LAYER-HEALTH] live trainerStep=32050 scope=batch_norm_state_only reluSites=2/10 ch=144 dead=0 off=0 alwaysOn=0 worst=none maxBetaOverGamma=+2.25@policy.pre_bn[103] minBetaOverGamma=-1.80@value.bn[8] rvMaxOverMedian=134.5@blocks.1.bn1[31] rezero=none nonFinite=0
[REPLAY] step=14100 loss=3.5472 pLoss=2.7445 vLoss=0.7996 pEnt=2.881 pIllM=0.0032 playedP=0.168 pW=0.48 pD=0.07 pL=0.45 vAbs=0.264 pLogitMean=-11.6439 vLogitMean=0.5904 gNorm=0.322 lr=0.441 ms=856.2 buf=500000 plies=121072713 games=1823188 rejected=0 skipped=0 epoch=0 mom=0.8616 lrCyc[pk=9.7e-01,tr=9.9e-04] trainerStep=32100
[LAYER-HEALTH] live trainerStep=32100 scope=batch_norm_state_only reluSites=2/10 ch=144 dead=0 off=0 alwaysOn=0 worst=none maxBetaOverGamma=+2.24@policy.pre_bn[103] minBetaOverGamma=-1.74@value.bn[8] rvMaxOverMedian=134.1@blocks.1.bn1[31] rezero=none nonFinite=0
[REPLAY] step=14150 loss=3.4997 pLoss=2.6933 vLoss=0.8030 pEnt=2.845 pIllM=0.0034 playedP=0.175 pW=0.47 pD=0.07 pL=0.46 vAbs=0.273 pLogitMean=-11.6614 vLogitMean=0.5904 gNorm=0.285 lr=0.411 ms=879.7 buf=500000 plies=121499370 games=1829634 rejected=0 skipped=0 epoch=0 mom=0.8626 lrCyc[pk=9.7e-01,tr=9.9e-04] trainerStep=32150
[LAYER-HEALTH] live trainerStep=32150 scope=batch_norm_state_only reluSites=2/10 ch=144 dead=0 off=0 alwaysOn=0 worst=none maxBetaOverGamma=+2.24@policy.pre_bn[103] minBetaOverGamma=-1.78@value.bn[2] rvMaxOverMedian=137.2@blocks.1.bn1[31] rezero=none nonFinite=0
[REPLAY] step=14200 loss=3.5104 pLoss=2.7071 vLoss=0.8003 pEnt=2.851 pIllM=0.0030 playedP=0.173 pW=0.48 pD=0.07 pL=0.45 vAbs=0.264 pLogitMean=-11.6461 vLogitMean=0.5884 gNorm=0.293 lr=0.382 ms=896.9 buf=500000 plies=121926038 games=1836093 rejected=0 skipped=0 epoch=0 mom=0.8637 lrCyc[pk=9.7e-01,tr=9.9e-04] trainerStep=32200
[LAYER-HEALTH] live trainerStep=32200 scope=batch_norm_state_only reluSites=2/10 ch=144 dead=0 off=0 alwaysOn=0 worst=none maxBetaOverGamma=+2.25@policy.pre_bn[103] minBetaOverGamma=-1.80@value.bn[3] rvMaxOverMedian=135.8@blocks.1.bn1[31] rezero=none nonFinite=0
[REPLAY] step=14250 loss=3.4831 pLoss=2.6895 vLoss=0.7904 pEnt=2.897 pIllM=0.0033 playedP=0.166 pW=0.46 pD=0.06 pL=0.48 vAbs=0.256 pLogitMean=-11.6243 vLogitMean=0.5927 gNorm=0.286 lr=0.354 ms=892.1 buf=500000 plies=122352667 games=1842572 rejected=0 skipped=0 epoch=0 mom=0.8648 lrCyc[pk=9.7e-01,tr=9.9e-04] trainerStep=32250
[LAYER-HEALTH] live trainerStep=32250 scope=batch_norm_state_only reluSites=2/10 ch=144 dead=0 off=0 alwaysOn=0 worst=none maxBetaOverGamma=+2.27@policy.pre_bn[103] minBetaOverGamma=-1.79@value.bn[4] rvMaxOverMedian=132.6@blocks.1.bn1[31] rezero=none nonFinite=0
[REPLAY] step=14300 loss=3.5344 pLoss=2.7367 vLoss=0.7946 pEnt=2.866 pIllM=0.0031 playedP=0.175 pW=0.49 pD=0.06 pL=0.45 vAbs=0.258 pLogitMean=-11.6356 vLogitMean=0.5913 gNorm=0.269 lr=0.328 ms=882.5 buf=500000 plies=122779297 games=1849052 rejected=0 skipped=0 epoch=0 mom=0.8659 lrCyc[pk=9.7e-01,tr=9.9e-04] trainerStep=32300
[LAYER-HEALTH] live trainerStep=32300 scope=batch_norm_state_only reluSites=2/10 ch=144 dead=0 off=0 alwaysOn=0 worst=none maxBetaOverGamma=+2.21@policy.pre_bn[103] minBetaOverGamma=-1.81@value.bn[2] rvMaxOverMedian=136.3@blocks.1.bn1[31] rezero=none nonFinite=0
[REPLAY] step=14350 loss=3.5514 pLoss=2.7354 vLoss=0.8134 pEnt=2.875 pIllM=0.0026 playedP=0.168 pW=0.47 pD=0.06 pL=0.47 vAbs=0.250 pLogitMean=-11.6369 vLogitMean=0.5922 gNorm=0.302 lr=0.302 ms=873.7 buf=500000 plies=123205911 games=1855470 rejected=0 skipped=0 epoch=0 mom=0.8671 lrCyc[pk=9.7e-01,tr=9.9e-04] trainerStep=32350
[LAYER-HEALTH] live trainerStep=32350 scope=batch_norm_state_only reluSites=2/10 ch=144 dead=0 off=0 alwaysOn=0 worst=none maxBetaOverGamma=+2.25@policy.pre_bn[103] minBetaOverGamma=-1.82@value.bn[2] rvMaxOverMedian=139.1@blocks.1.bn1[31] rezero=none nonFinite=0
[REPLAY] step=14400 loss=3.5100 pLoss=2.7104 vLoss=0.7966 pEnt=2.851 pIllM=0.0030 playedP=0.177 pW=0.47 pD=0.06 pL=0.46 vAbs=0.246 pLogitMean=-11.6402 vLogitMean=0.5934 gNorm=0.271 lr=0.278 ms=784.4 buf=500000 plies=123632602 games=1861894 rejected=0 skipped=0 epoch=0 mom=0.8683 lrCyc[pk=9.7e-01,tr=9.9e-04] trainerStep=32400
[LAYER-HEALTH] live trainerStep=32400 scope=batch_norm_state_only reluSites=2/10 ch=144 dead=0 off=0 alwaysOn=0 worst=none maxBetaOverGamma=+2.26@policy.pre_bn[103] minBetaOverGamma=-1.80@value.bn[2] rvMaxOverMedian=139.2@blocks.1.bn1[31] rezero=none nonFinite=0
[REPLAY] step=14450 loss=3.4714 pLoss=2.6777 vLoss=0.7912 pEnt=2.866 pIllM=0.0025 playedP=0.176 pW=0.46 pD=0.07 pL=0.47 vAbs=0.259 pLogitMean=-11.6230 vLogitMean=0.5937 gNorm=0.254 lr=0.256 ms=794.4 buf=500000 plies=124059220 games=1868353 rejected=0 skipped=0 epoch=0 mom=0.8695 lrCyc[pk=9.7e-01,tr=9.9e-04] trainerStep=32450
[LAYER-HEALTH] live trainerStep=32450 scope=batch_norm_state_only reluSites=2/10 ch=144 dead=0 off=0 alwaysOn=0 worst=none maxBetaOverGamma=+2.25@policy.pre_bn[103] minBetaOverGamma=-1.86@value.bn[3] rvMaxOverMedian=138.4@blocks.1.bn1[31] rezero=none nonFinite=0
[REPLAY] step=14500 loss=3.5205 pLoss=2.6994 vLoss=0.8185 pEnt=2.861 pIllM=0.0026 playedP=0.175 pW=0.46 pD=0.07 pL=0.47 vAbs=0.245 pLogitMean=-11.6160 vLogitMean=0.5918 gNorm=0.270 lr=0.235 ms=807.7 buf=500000 plies=124485879 games=1874800 rejected=0 skipped=0 epoch=0 mom=0.8707 lrCyc[pk=9.7e-01,tr=9.9e-04] trainerStep=32500
[LAYER-HEALTH] live trainerStep=32500 scope=batch_norm_state_only reluSites=2/10 ch=144 dead=0 off=0 alwaysOn=0 worst=none maxBetaOverGamma=+2.25@policy.pre_bn[103] minBetaOverGamma=-1.80@value.bn[2] rvMaxOverMedian=140.3@blocks.1.bn1[31] rezero=none nonFinite=0
[REPLAY] step=14550 loss=3.4890 pLoss=2.6894 vLoss=0.7970 pEnt=2.877 pIllM=0.0026 playedP=0.169 pW=0.47 pD=0.07 pL=0.46 vAbs=0.249 pLogitMean=-11.6200 vLogitMean=0.5959 gNorm=0.266 lr=0.215 ms=803.6 buf=500000 plies=124912523 games=1881171 rejected=0 skipped=0 epoch=0 mom=0.8720 lrCyc[pk=9.7e-01,tr=9.9e-04] trainerStep=32550
[LAYER-HEALTH] live trainerStep=32550 scope=batch_norm_state_only reluSites=2/10 ch=144 dead=0 off=0 alwaysOn=0 worst=none maxBetaOverGamma=+2.28@policy.pre_bn[103] minBetaOverGamma=-1.88@value.bn[2] rvMaxOverMedian=139.8@blocks.1.bn1[31] rezero=none nonFinite=0
[REPLAY] step=14600 loss=3.4556 pLoss=2.6596 vLoss=0.7937 pEnt=2.843 pIllM=0.0024 playedP=0.176 pW=0.47 pD=0.07 pL=0.47 vAbs=0.268 pLogitMean=-11.6088 vLogitMean=0.5945 gNorm=0.276 lr=0.196 ms=794.8 buf=500000 plies=125339259 games=1887548 rejected=0 skipped=0 epoch=0 mom=0.8733 lrCyc[pk=9.7e-01,tr=9.9e-04] trainerStep=32600
[LAYER-HEALTH] live trainerStep=32600 scope=batch_norm_state_only reluSites=2/10 ch=144 dead=0 off=0 alwaysOn=0 worst=none maxBetaOverGamma=+2.28@policy.pre_bn[103] minBetaOverGamma=-1.90@value.bn[9] rvMaxOverMedian=139.9@blocks.1.bn1[31] rezero=none nonFinite=0
[REPLAY] step=14650 loss=3.4953 pLoss=2.6963 vLoss=0.7967 pEnt=2.853 pIllM=0.0023 playedP=0.178 pW=0.47 pD=0.07 pL=0.46 vAbs=0.260 pLogitMean=-11.6260 vLogitMean=0.5933 gNorm=0.244 lr=0.179 ms=799.5 buf=500000 plies=125765866 games=1894005 rejected=0 skipped=0 epoch=0 mom=0.8747 lrCyc[pk=9.7e-01,tr=9.9e-04] trainerStep=32650
[LAYER-HEALTH] live trainerStep=32650 scope=batch_norm_state_only reluSites=2/10 ch=144 dead=0 off=0 alwaysOn=0 worst=none maxBetaOverGamma=+2.27@policy.pre_bn[103] minBetaOverGamma=-1.90@value.bn[2] rvMaxOverMedian=141.4@blocks.1.bn1[31] rezero=none nonFinite=0
[REPLAY] step=14700 loss=3.5100 pLoss=2.7095 vLoss=0.7981 pEnt=2.870 pIllM=0.0024 playedP=0.176 pW=0.47 pD=0.06 pL=0.47 vAbs=0.247 pLogitMean=-11.6208 vLogitMean=0.5926 gNorm=0.253 lr=0.163 ms=798.1 buf=500000 plies=126192481 games=1900405 rejected=0 skipped=0 epoch=0 mom=0.8760 lrCyc[pk=9.7e-01,tr=9.9e-04] trainerStep=32700
[LAYER-HEALTH] live trainerStep=32700 scope=batch_norm_state_only reluSites=2/10 ch=144 dead=0 off=0 alwaysOn=0 worst=none maxBetaOverGamma=+2.26@policy.pre_bn[103] minBetaOverGamma=-1.91@value.bn[2] rvMaxOverMedian=141.6@blocks.1.bn1[31] rezero=none nonFinite=0
[REPLAY] step=14750 loss=3.5141 pLoss=2.7027 vLoss=0.8093 pEnt=2.838 pIllM=0.0022 playedP=0.177 pW=0.47 pD=0.07 pL=0.45 vAbs=0.246 pLogitMean=-11.6145 vLogitMean=0.5944 gNorm=0.256 lr=0.148 ms=777.0 buf=500000 plies=126619232 games=1906839 rejected=0 skipped=0 epoch=0 mom=0.8774 lrCyc[pk=9.7e-01,tr=9.9e-04] trainerStep=32750
[LAYER-HEALTH] live trainerStep=32750 scope=batch_norm_state_only reluSites=2/10 ch=144 dead=0 off=0 alwaysOn=0 worst=none maxBetaOverGamma=+2.25@policy.pre_bn[103] minBetaOverGamma=-1.95@value.bn[2] rvMaxOverMedian=141.3@blocks.1.bn1[31] rezero=none nonFinite=0
[REPLAY] step=14800 loss=3.4976 pLoss=2.6976 vLoss=0.7980 pEnt=2.850 pIllM=0.0020 playedP=0.178 pW=0.47 pD=0.06 pL=0.47 vAbs=0.237 pLogitMean=-11.6039 vLogitMean=0.5931 gNorm=0.237 lr=0.134 ms=794.3 buf=500000 plies=127045801 games=1913251 rejected=0 skipped=0 epoch=0 mom=0.8788 lrCyc[pk=9.7e-01,tr=9.9e-04] trainerStep=32800
[LAYER-HEALTH] live trainerStep=32800 scope=batch_norm_state_only reluSites=2/10 ch=144 dead=0 off=0 alwaysOn=0 worst=none maxBetaOverGamma=+2.26@policy.pre_bn[103] minBetaOverGamma=-1.97@value.bn[2] rvMaxOverMedian=139.6@blocks.1.bn1[31] rezero=none nonFinite=0
[REPLAY] step=14850 loss=3.5017 pLoss=2.6891 vLoss=0.8106 pEnt=2.876 pIllM=0.0020 playedP=0.175 pW=0.46 pD=0.07 pL=0.47 vAbs=0.232 pLogitMean=-11.6043 vLogitMean=0.5929 gNorm=0.266 lr=0.122 ms=783.9 buf=500000 plies=127472426 games=1919723 rejected=0 skipped=0 epoch=0 mom=0.8803 lrCyc[pk=9.7e-01,tr=9.9e-04] trainerStep=32850
[LAYER-HEALTH] live trainerStep=32850 scope=batch_norm_state_only reluSites=2/10 ch=144 dead=0 off=0 alwaysOn=0 worst=none maxBetaOverGamma=+2.24@policy.pre_bn[103] minBetaOverGamma=-1.98@value.bn[2] rvMaxOverMedian=138.7@blocks.1.bn1[31] rezero=none nonFinite=0
[REPLAY] step=14900 loss=3.4613 pLoss=2.6735 vLoss=0.7860 pEnt=2.855 pIllM=0.0019 playedP=0.177 pW=0.47 pD=0.06 pL=0.47 vAbs=0.268 pLogitMean=-11.6062 vLogitMean=0.5917 gNorm=0.247 lr=0.11 ms=792.6 buf=500000 plies=127899142 games=1926201 rejected=0 skipped=0 epoch=0 mom=0.8817 lrCyc[pk=9.7e-01,tr=9.9e-04] trainerStep=32900
[LAYER-HEALTH] live trainerStep=32900 scope=batch_norm_state_only reluSites=2/10 ch=144 dead=0 off=0 alwaysOn=0 worst=none maxBetaOverGamma=+2.25@policy.pre_bn[103] minBetaOverGamma=-1.99@value.bn[2] rvMaxOverMedian=141.7@blocks.1.bn1[31] rezero=none nonFinite=0
[REPLAY] step=14950 loss=3.4803 pLoss=2.6955 vLoss=0.7830 pEnt=2.863 pIllM=0.0018 playedP=0.177 pW=0.47 pD=0.06 pL=0.47 vAbs=0.258 pLogitMean=-11.6010 vLogitMean=0.5927 gNorm=0.252 lr=0.0994 ms=835.4 buf=500000 plies=128325796 games=1932670 rejected=0 skipped=0 epoch=0 mom=0.8832 lrCyc[pk=9.7e-01,tr=9.9e-04] trainerStep=32950
[LAYER-HEALTH] live trainerStep=32950 scope=batch_norm_state_only reluSites=2/10 ch=144 dead=0 off=1 alwaysOn=0 worst=value.bn(dead 0 off 1 on 0) maxBetaOverGamma=+2.26@policy.pre_bn[103] minBetaOverGamma=-2.01@value.bn[2] rvMaxOverMedian=142.7@blocks.1.bn1[31] rezero=none nonFinite=0
[REPLAY] step=15000 loss=3.4932 pLoss=2.6954 vLoss=0.7960 pEnt=2.859 pIllM=0.0018 playedP=0.175 pW=0.46 pD=0.07 pL=0.47 vAbs=0.244 pLogitMean=-11.6008 vLogitMean=0.5921 gNorm=0.268 lr=0.0897 ms=784.5 buf=500000 plies=128752358 games=1939118 rejected=0 skipped=0 epoch=0 mom=0.8847 lrCyc[pk=9.7e-01,tr=9.9e-04] trainerStep=33000
[LAYER-HEALTH] live trainerStep=33000 scope=batch_norm_state_only reluSites=2/10 ch=144 dead=0 off=1 alwaysOn=0 worst=value.bn(dead 0 off 1 on 0) maxBetaOverGamma=+2.26@policy.pre_bn[103] minBetaOverGamma=-2.01@value.bn[2] rvMaxOverMedian=143.2@blocks.1.bn1[31] rezero=none nonFinite=0
[REPLAY] saved trainer model (autosave) step=15000 trainerStep=33000 nextGame=4251788 shard=9 epoch=0 -> 20261006-lrBsilu-clip1-replay-latest.safetensors
[LAYER-HEALTH] checkpoint replay-autosave step=15000 trainerStep=33000 scope=all_tensors reluSites=2/10 ch=144 dead=0 off=1 alwaysOn=0 worst=value.bn(dead 0 off 1 on 0) maxBetaOverGamma=+2.26@policy.pre_bn[103] minBetaOverGamma=-2.01@value.bn[2] rvMaxOverMedian=143.2@blocks.1.bn1[31] rezero=none nonFinite=0 seZeroVel=none valueFC1ZeroVel=0/128 maxAbs=42.54@blocks.1.bn1.running_var
[LAYER-HEALTH]   batch-norm sites — β/|γ|: dead < -3.00, mostly off < -2.00, always on > +3.00; classified for relu/leaky_relu only
[LAYER-HEALTH]     site            act            ch   dead    off     on  zeroγ nonfin  min β/|γ| [ch]     max β/|γ| [ch]     rv max/median [ch]
[LAYER-HEALTH]     stem.bn         -             128    n/a    n/a    n/a      0      0     -0.90 [11]         +0.40 [95]            5.4 [76]
[LAYER-HEALTH]     blocks.0.bn1    silu          128    n/a    n/a    n/a      0      0     -1.18 [5]          +0.22 [64]            6.9 [76]
[LAYER-HEALTH]     blocks.0.bn2    silu          128    n/a    n/a    n/a      0      0     -1.30 [53]         +4.81 [48]            5.1 [94]
[LAYER-HEALTH]     blocks.1.bn1    silu          128    n/a    n/a    n/a      0      0     -1.43 [35]         -0.11 [31]          143.2 [31]
[LAYER-HEALTH]     blocks.1.bn2    silu          128    n/a    n/a    n/a      0      0     -1.67 [59]         -0.17 [101]           9.2 [70]
[LAYER-HEALTH]     blocks.2.bn1    silu          128    n/a    n/a    n/a      0      0     -2.37 [17]         +2.04 [31]          140.1 [31]
[LAYER-HEALTH]     blocks.2.bn2    silu          128    n/a    n/a    n/a      0      0     -1.61 [78]         +0.00 [16]            3.7 [122]
[LAYER-HEALTH]     tower_final_bn  silu          128    n/a    n/a    n/a      0      0     -0.70 [90]         +1.14 [101]          13.0 [31]
[LAYER-HEALTH]     policy.pre_bn   leaky_relu    128      0      0      0      0      0     -1.00 [7]          +2.26 [103]           3.4 [120]
[LAYER-HEALTH]     value.bn        leaky_relu     16      0      1      0      0      0     -2.01 [2]          -0.27 [13]            2.3 [11]
[LAYER-HEALTH]   FC hidden-unit velocity — zero: every weight-velocity entry exactly 0; low: nonzero but < 5% of the layer's p90 unit norm
[LAYER-HEALTH]     value.fc1.weight  leaky_relu  units 128  zero 0  low 19  median unit norm 0.002679
[LAYER-HEALTH]     (no SE blocks)
[LAYER-HEALTH]   ReZero: none
[LAYER-HEALTH]   non-finite: 0 values in 0 of 102 tensors (10263038 values examined)
[LAYER-HEALTH]   largest |value|: blocks.1.bn1.running_var 42.54, blocks.2.bn1.running_var 35.57, blocks.1.bn2.running_var 13.94, blocks.0.bn2.running_var 11.3, tower_final_bn.running_var 7.369
[REPLAY] enumerated checkpoint -> 20261006-lrBsilu-clip1-replay-seg1-step15000.safetensors
[REPLAY] step=15050 loss=3.4791 pLoss=2.6678 vLoss=0.8094 pEnt=2.847 pIllM=0.0019 playedP=0.177 pW=0.47 pD=0.07 pL=0.47 vAbs=0.258 pLogitMean=-11.6037 vLogitMean=0.5908 gNorm=0.247 lr=0.0809 ms=789.9 buf=500000 plies=129179081 games=1945512 rejected=0 skipped=0 epoch=0 mom=0.8862 lrCyc[pk=9.7e-01,tr=9.9e-04] trainerStep=33050
[LAYER-HEALTH] live trainerStep=33050 scope=batch_norm_state_only reluSites=2/10 ch=144 dead=0 off=1 alwaysOn=0 worst=value.bn(dead 0 off 1 on 0) maxBetaOverGamma=+2.25@policy.pre_bn[103] minBetaOverGamma=-2.02@value.bn[2] rvMaxOverMedian=142.2@blocks.1.bn1[31] rezero=none nonFinite=0
[REPLAY] step=15100 loss=3.4956 pLoss=2.6964 vLoss=0.7974 pEnt=2.855 pIllM=0.0019 playedP=0.179 pW=0.47 pD=0.07 pL=0.46 vAbs=0.238 pLogitMean=-11.6030 vLogitMean=0.5937 gNorm=0.243 lr=0.0729 ms=800.5 buf=500000 plies=129605667 games=1951962 rejected=0 skipped=0 epoch=0 mom=0.8877 lrCyc[pk=9.7e-01,tr=9.9e-04] trainerStep=33100
[LAYER-HEALTH] live trainerStep=33100 scope=batch_norm_state_only reluSites=2/10 ch=144 dead=0 off=1 alwaysOn=0 worst=value.bn(dead 0 off 1 on 0) maxBetaOverGamma=+2.24@policy.pre_bn[103] minBetaOverGamma=-2.02@value.bn[2] rvMaxOverMedian=142.1@blocks.1.bn1[31] rezero=none nonFinite=0
[REPLAY] step=15150 loss=3.4599 pLoss=2.6662 vLoss=0.7921 pEnt=2.861 pIllM=0.0016 playedP=0.178 pW=0.47 pD=0.06 pL=0.47 vAbs=0.239 pLogitMean=-11.6039 vLogitMean=0.5922 gNorm=0.246 lr=0.0656 ms=790.4 buf=500000 plies=130032314 games=1958470 rejected=0 skipped=0 epoch=0 mom=0.8892 lrCyc[pk=9.7e-01,tr=9.9e-04] trainerStep=33150
[LAYER-HEALTH] live trainerStep=33150 scope=batch_norm_state_only reluSites=2/10 ch=144 dead=0 off=1 alwaysOn=0 worst=value.bn(dead 0 off 1 on 0) maxBetaOverGamma=+2.23@policy.pre_bn[103] minBetaOverGamma=-2.02@value.bn[2] rvMaxOverMedian=143.5@blocks.1.bn1[31] rezero=none nonFinite=0
[REPLAY] step=15200 loss=3.5405 pLoss=2.7475 vLoss=0.7913 pEnt=2.856 pIllM=0.0017 playedP=0.178 pW=0.48 pD=0.06 pL=0.46 vAbs=0.236 pLogitMean=-11.6042 vLogitMean=0.5922 gNorm=0.271 lr=0.059 ms=799.1 buf=500000 plies=130458979 games=1964923 rejected=0 skipped=0 epoch=0 mom=0.8907 lrCyc[pk=9.7e-01,tr=9.9e-04] trainerStep=33200
[LAYER-HEALTH] live trainerStep=33200 scope=batch_norm_state_only reluSites=2/10 ch=144 dead=0 off=1 alwaysOn=0 worst=value.bn(dead 0 off 1 on 0) maxBetaOverGamma=+2.24@policy.pre_bn[103] minBetaOverGamma=-2.02@value.bn[2] rvMaxOverMedian=143.0@blocks.1.bn1[31] rezero=none nonFinite=0
[REPLAY] step=15250 loss=3.5264 pLoss=2.7123 vLoss=0.8124 pEnt=2.860 pIllM=0.0017 playedP=0.177 pW=0.47 pD=0.07 pL=0.45 vAbs=0.235 pLogitMean=-11.5979 vLogitMean=0.5940 gNorm=0.249 lr=0.053 ms=782.6 buf=500000 plies=130885656 games=1971383 rejected=0 skipped=0 epoch=0 mom=0.8923 lrCyc[pk=9.7e-01,tr=9.9e-04] trainerStep=33250
[LAYER-HEALTH] live trainerStep=33250 scope=batch_norm_state_only reluSites=2/10 ch=144 dead=0 off=1 alwaysOn=0 worst=value.bn(dead 0 off 1 on 0) maxBetaOverGamma=+2.23@policy.pre_bn[103] minBetaOverGamma=-2.02@value.bn[2] rvMaxOverMedian=145.2@blocks.1.bn1[31] rezero=none nonFinite=0
[REPLAY] step=15300 loss=3.5115 pLoss=2.7118 vLoss=0.7981 pEnt=2.867 pIllM=0.0016 playedP=0.174 pW=0.47 pD=0.06 pL=0.47 vAbs=0.253 pLogitMean=-11.5984 vLogitMean=0.5943 gNorm=0.249 lr=0.0476 ms=794.1 buf=500000 plies=131312263 games=1977861 rejected=0 skipped=0 epoch=0 mom=0.8938 lrCyc[pk=9.7e-01,tr=9.9e-04] trainerStep=33300
[LAYER-HEALTH] live trainerStep=33300 scope=batch_norm_state_only reluSites=2/10 ch=144 dead=0 off=1 alwaysOn=0 worst=value.bn(dead 0 off 1 on 0) maxBetaOverGamma=+2.24@policy.pre_bn[103] minBetaOverGamma=-2.03@value.bn[2] rvMaxOverMedian=145.6@blocks.1.bn1[31] rezero=none nonFinite=0
[REPLAY] step=15350 loss=3.5358 pLoss=2.7292 vLoss=0.8048 pEnt=2.859 pIllM=0.0018 playedP=0.180 pW=0.48 pD=0.06 pL=0.45 vAbs=0.240 pLogitMean=-11.6099 vLogitMean=0.5915 gNorm=0.238 lr=0.0428 ms=797.9 buf=500000 plies=131739004 games=1984301 rejected=0 skipped=0 epoch=0 mom=0.8954 lrCyc[pk=9.7e-01,tr=9.9e-04] trainerStep=33350
[LAYER-HEALTH] live trainerStep=33350 scope=batch_norm_state_only reluSites=2/10 ch=144 dead=0 off=1 alwaysOn=0 worst=value.bn(dead 0 off 1 on 0) maxBetaOverGamma=+2.23@policy.pre_bn[103] minBetaOverGamma=-2.03@value.bn[2] rvMaxOverMedian=145.5@blocks.1.bn1[31] rezero=none nonFinite=0
[REPLAY] step=15400 loss=3.5048 pLoss=2.6877 vLoss=0.8155 pEnt=2.848 pIllM=0.0016 playedP=0.181 pW=0.47 pD=0.07 pL=0.47 vAbs=0.238 pLogitMean=-11.6098 vLogitMean=0.5942 gNorm=0.232 lr=0.0384 ms=796.2 buf=500000 plies=132165559 games=1990667 rejected=0 skipped=0 epoch=0 mom=0.8969 lrCyc[pk=9.7e-01,tr=9.9e-04] trainerStep=33400
[LAYER-HEALTH] live trainerStep=33400 scope=batch_norm_state_only reluSites=2/10 ch=144 dead=0 off=1 alwaysOn=0 worst=value.bn(dead 0 off 1 on 0) maxBetaOverGamma=+2.23@policy.pre_bn[103] minBetaOverGamma=-2.03@value.bn[2] rvMaxOverMedian=145.7@blocks.2.bn1[31] rezero=none nonFinite=0
[REPLAY] step=15450 loss=3.4705 pLoss=2.6678 vLoss=0.8009 pEnt=2.854 pIllM=0.0017 playedP=0.181 pW=0.47 pD=0.07 pL=0.46 vAbs=0.253 pLogitMean=-11.6067 vLogitMean=0.5942 gNorm=0.241 lr=0.0345 ms=799.8 buf=500000 plies=132592298 games=1997088 rejected=0 skipped=0 epoch=0 mom=0.8985 lrCyc[pk=9.7e-01,tr=9.9e-04] trainerStep=33450
[LAYER-HEALTH] live trainerStep=33450 scope=batch_norm_state_only reluSites=2/10 ch=144 dead=0 off=1 alwaysOn=0 worst=value.bn(dead 0 off 1 on 0) maxBetaOverGamma=+2.24@policy.pre_bn[103] minBetaOverGamma=-2.02@value.bn[2] rvMaxOverMedian=146.4@blocks.2.bn1[31] rezero=none nonFinite=0
[REPLAY] step=15500 loss=3.4905 pLoss=2.6855 vLoss=0.8034 pEnt=2.842 pIllM=0.0015 playedP=0.177 pW=0.47 pD=0.07 pL=0.46 vAbs=0.261 pLogitMean=-11.6077 vLogitMean=0.5931 gNorm=0.234 lr=0.0309 ms=803.0 buf=500000 plies=133018899 games=2003503 rejected=0 skipped=0 epoch=0 mom=0.9001 lrCyc[pk=9.7e-01,tr=9.9e-04] trainerStep=33500
[LAYER-HEALTH] live trainerStep=33500 scope=batch_norm_state_only reluSites=2/10 ch=144 dead=0 off=1 alwaysOn=0 worst=value.bn(dead 0 off 1 on 0) maxBetaOverGamma=+2.23@policy.pre_bn[103] minBetaOverGamma=-2.02@value.bn[2] rvMaxOverMedian=146.9@blocks.2.bn1[31] rezero=none nonFinite=0
[REPLAY] step=15550 loss=3.5164 pLoss=2.7104 vLoss=0.8045 pEnt=2.862 pIllM=0.0015 playedP=0.175 pW=0.46 pD=0.07 pL=0.47 vAbs=0.244 pLogitMean=-11.6101 vLogitMean=0.5917 gNorm=0.241 lr=0.0277 ms=793.5 buf=500000 plies=133445538 games=2009962 rejected=0 skipped=0 epoch=0 mom=0.9016 lrCyc[pk=9.7e-01,tr=9.9e-04] trainerStep=33550
[LAYER-HEALTH] live trainerStep=33550 scope=batch_norm_state_only reluSites=2/10 ch=144 dead=0 off=1 alwaysOn=0 worst=value.bn(dead 0 off 1 on 0) maxBetaOverGamma=+2.23@policy.pre_bn[103] minBetaOverGamma=-2.03@value.bn[2] rvMaxOverMedian=147.2@blocks.2.bn1[31] rezero=none nonFinite=0
[REPLAY] step=15600 loss=3.4894 pLoss=2.6890 vLoss=0.7989 pEnt=2.870 pIllM=0.0014 playedP=0.174 pW=0.47 pD=0.06 pL=0.46 vAbs=0.249 pLogitMean=-11.6104 vLogitMean=0.5939 gNorm=0.233 lr=0.0249 ms=803.3 buf=500000 plies=133872161 games=2016429 rejected=0 skipped=0 epoch=0 mom=0.9032 lrCyc[pk=9.7e-01,tr=9.9e-04] trainerStep=33600
[LAYER-HEALTH] live trainerStep=33600 scope=batch_norm_state_only reluSites=2/10 ch=144 dead=0 off=2 alwaysOn=0 worst=value.bn(dead 0 off 2 on 0) maxBetaOverGamma=+2.23@policy.pre_bn[103] minBetaOverGamma=-2.04@value.bn[2] rvMaxOverMedian=148.0@blocks.2.bn1[31] rezero=none nonFinite=0
[REPLAY] step=15650 loss=3.5161 pLoss=2.7243 vLoss=0.7903 pEnt=2.847 pIllM=0.0015 playedP=0.180 pW=0.48 pD=0.06 pL=0.46 vAbs=0.244 pLogitMean=-11.6102 vLogitMean=0.5929 gNorm=0.243 lr=0.0224 ms=795.6 buf=500000 plies=134298852 games=2022906 rejected=0 skipped=0 epoch=0 mom=0.9048 lrCyc[pk=9.7e-01,tr=9.9e-04] trainerStep=33650
[LAYER-HEALTH] live trainerStep=33650 scope=batch_norm_state_only reluSites=2/10 ch=144 dead=0 off=2 alwaysOn=0 worst=value.bn(dead 0 off 2 on 0) maxBetaOverGamma=+2.23@policy.pre_bn[103] minBetaOverGamma=-2.04@value.bn[2] rvMaxOverMedian=148.9@blocks.2.bn1[31] rezero=none nonFinite=0
[REPLAY] step=15700 loss=3.4662 pLoss=2.6642 vLoss=0.8006 pEnt=2.872 pIllM=0.0015 playedP=0.177 pW=0.47 pD=0.06 pL=0.47 vAbs=0.241 pLogitMean=-11.6065 vLogitMean=0.5946 gNorm=0.241 lr=0.0201 ms=790.4 buf=500000 plies=134725459 games=2029372 rejected=0 skipped=0 epoch=0 mom=0.9063 lrCyc[pk=9.7e-01,tr=9.9e-04] trainerStep=33700
[LAYER-HEALTH] live trainerStep=33700 scope=batch_norm_state_only reluSites=2/10 ch=144 dead=0 off=2 alwaysOn=0 worst=value.bn(dead 0 off 2 on 0) maxBetaOverGamma=+2.23@policy.pre_bn[103] minBetaOverGamma=-2.03@value.bn[2] rvMaxOverMedian=149.6@blocks.2.bn1[31] rezero=none nonFinite=0
[REPLAY] step=15750 loss=3.4885 pLoss=2.7001 vLoss=0.7866 pEnt=2.833 pIllM=0.0018 playedP=0.184 pW=0.47 pD=0.06 pL=0.46 vAbs=0.237 pLogitMean=-11.6085 vLogitMean=0.5932 gNorm=0.223 lr=0.018 ms=790.0 buf=500000 plies=135152144 games=2035807 rejected=0 skipped=0 epoch=0 mom=0.9079 lrCyc[pk=9.7e-01,tr=9.9e-04] trainerStep=33750
[LAYER-HEALTH] live trainerStep=33750 scope=batch_norm_state_only reluSites=2/10 ch=144 dead=0 off=2 alwaysOn=0 worst=value.bn(dead 0 off 2 on 0) maxBetaOverGamma=+2.23@policy.pre_bn[103] minBetaOverGamma=-2.03@value.bn[2] rvMaxOverMedian=149.7@blocks.2.bn1[31] rezero=none nonFinite=0
[REPLAY] step=15800 loss=3.5118 pLoss=2.7106 vLoss=0.8000 pEnt=2.868 pIllM=0.0013 playedP=0.179 pW=0.47 pD=0.06 pL=0.46 vAbs=0.232 pLogitMean=-11.6123 vLogitMean=0.5914 gNorm=0.249 lr=0.0162 ms=805.2 buf=500000 plies=135578785 games=2042307 rejected=0 skipped=0 epoch=0 mom=0.9094 lrCyc[pk=9.7e-01,tr=9.9e-04] trainerStep=33800
[LAYER-HEALTH] live trainerStep=33800 scope=batch_norm_state_only reluSites=2/10 ch=144 dead=0 off=2 alwaysOn=0 worst=value.bn(dead 0 off 2 on 0) maxBetaOverGamma=+2.22@policy.pre_bn[103] minBetaOverGamma=-2.03@value.bn[2] rvMaxOverMedian=149.7@blocks.2.bn1[31] rezero=none nonFinite=0
[REPLAY] step=15850 loss=3.5239 pLoss=2.7140 vLoss=0.8084 pEnt=2.854 pIllM=0.0015 playedP=0.181 pW=0.47 pD=0.07 pL=0.46 vAbs=0.227 pLogitMean=-11.6085 vLogitMean=0.5933 gNorm=0.229 lr=0.0146 ms=798.2 buf=500000 plies=136005466 games=2048825 rejected=0 skipped=0 epoch=0 mom=0.9110 lrCyc[pk=9.7e-01,tr=9.8e-04] trainerStep=33850
[LAYER-HEALTH] live trainerStep=33850 scope=batch_norm_state_only reluSites=2/10 ch=144 dead=0 off=2 alwaysOn=0 worst=value.bn(dead 0 off 2 on 0) maxBetaOverGamma=+2.23@policy.pre_bn[103] minBetaOverGamma=-2.03@value.bn[2] rvMaxOverMedian=149.3@blocks.2.bn1[31] rezero=none nonFinite=0
[REPLAY] step=15900 loss=3.5281 pLoss=2.7090 vLoss=0.8174 pEnt=2.856 pIllM=0.0017 playedP=0.178 pW=0.47 pD=0.07 pL=0.46 vAbs=0.236 pLogitMean=-11.6085 vLogitMean=0.5919 gNorm=0.242 lr=0.0131 ms=801.5 buf=500000 plies=136432059 games=2055307 rejected=0 skipped=0 epoch=0 mom=0.9125 lrCyc[pk=9.7e-01,tr=9.8e-04] trainerStep=33900
[LAYER-HEALTH] live trainerStep=33900 scope=batch_norm_state_only reluSites=2/10 ch=144 dead=0 off=2 alwaysOn=0 worst=value.bn(dead 0 off 2 on 0) maxBetaOverGamma=+2.23@policy.pre_bn[103] minBetaOverGamma=-2.03@value.bn[2] rvMaxOverMedian=148.9@blocks.2.bn1[31] rezero=none nonFinite=0
[REPLAY] step=15950 loss=3.4557 pLoss=2.6683 vLoss=0.7861 pEnt=2.846 pIllM=0.0014 playedP=0.183 pW=0.47 pD=0.07 pL=0.47 vAbs=0.248 pLogitMean=-11.6032 vLogitMean=0.5934 gNorm=0.226 lr=0.0118 ms=802.1 buf=500000 plies=136858712 games=2061767 rejected=0 skipped=0 epoch=0 mom=0.9140 lrCyc[pk=9.7e-01,tr=9.8e-04] trainerStep=33950
[LAYER-HEALTH] live trainerStep=33950 scope=batch_norm_state_only reluSites=2/10 ch=144 dead=0 off=2 alwaysOn=0 worst=value.bn(dead 0 off 2 on 0) maxBetaOverGamma=+2.22@policy.pre_bn[103] minBetaOverGamma=-2.03@value.bn[2] rvMaxOverMedian=149.0@blocks.2.bn1[31] rezero=none nonFinite=0
[REPLAY] step=16000 loss=3.4616 pLoss=2.6608 vLoss=0.7991 pEnt=2.835 pIllM=0.0016 playedP=0.183 pW=0.46 pD=0.07 pL=0.47 vAbs=0.234 pLogitMean=-11.6040 vLogitMean=0.5932 gNorm=0.235 lr=0.0107 ms=797.5 buf=500000 plies=137285421 games=2068274 rejected=0 skipped=0 epoch=0 mom=0.9155 lrCyc[pk=9.7e-01,tr=9.8e-04] trainerStep=34000
[LAYER-HEALTH] live trainerStep=34000 scope=batch_norm_state_only reluSites=2/10 ch=144 dead=0 off=2 alwaysOn=0 worst=value.bn(dead 0 off 2 on 0) maxBetaOverGamma=+2.22@policy.pre_bn[103] minBetaOverGamma=-2.03@value.bn[2] rvMaxOverMedian=149.8@blocks.2.bn1[31] rezero=none nonFinite=0
[REPLAY] saved trainer model (autosave) step=16000 trainerStep=34000 nextGame=4380944 shard=9 epoch=0 -> 20261006-lrBsilu-clip1-replay-latest.safetensors
[LAYER-HEALTH] checkpoint replay-autosave step=16000 trainerStep=34000 scope=all_tensors reluSites=2/10 ch=144 dead=0 off=2 alwaysOn=0 worst=value.bn(dead 0 off 2 on 0) maxBetaOverGamma=+2.22@policy.pre_bn[103] minBetaOverGamma=-2.03@value.bn[2] rvMaxOverMedian=149.8@blocks.2.bn1[31] rezero=none nonFinite=0 seZeroVel=none valueFC1ZeroVel=0/128 maxAbs=42.49@blocks.1.bn1.running_var
[LAYER-HEALTH]   batch-norm sites — β/|γ|: dead < -3.00, mostly off < -2.00, always on > +3.00; classified for relu/leaky_relu only
[LAYER-HEALTH]     site            act            ch   dead    off     on  zeroγ nonfin  min β/|γ| [ch]     max β/|γ| [ch]     rv max/median [ch]
[LAYER-HEALTH]     stem.bn         -             128    n/a    n/a    n/a      0      0     -0.90 [11]         +0.40 [95]            5.9 [5]
[LAYER-HEALTH]     blocks.0.bn1    silu          128    n/a    n/a    n/a      0      0     -1.19 [5]          +0.22 [64]            6.9 [76]
[LAYER-HEALTH]     blocks.0.bn2    silu          128    n/a    n/a    n/a      0      0     -1.30 [53]         +4.99 [48]            5.2 [94]
[LAYER-HEALTH]     blocks.1.bn1    silu          128    n/a    n/a    n/a      0      0     -1.44 [35]         -0.10 [31]          142.6 [31]
[LAYER-HEALTH]     blocks.1.bn2    silu          128    n/a    n/a    n/a      0      0     -1.62 [93]         -0.16 [101]           9.4 [70]
[LAYER-HEALTH]     blocks.2.bn1    silu          128    n/a    n/a    n/a      0      0     -2.37 [17]         +2.12 [31]          149.8 [31]
[LAYER-HEALTH]     blocks.2.bn2    silu          128    n/a    n/a    n/a      0      0     -1.61 [78]         +0.01 [16]            3.8 [122]
[LAYER-HEALTH]     tower_final_bn  silu          128    n/a    n/a    n/a      0      0     -0.71 [90]         +1.14 [101]          13.8 [31]
[LAYER-HEALTH]     policy.pre_bn   leaky_relu    128      0      0      0      0      0     -0.99 [7]          +2.22 [103]           3.5 [120]
[LAYER-HEALTH]     value.bn        leaky_relu     16      0      2      0      0      0     -2.03 [2]          -0.18 [13]            2.4 [11]
[LAYER-HEALTH]   FC hidden-unit velocity — zero: every weight-velocity entry exactly 0; low: nonzero but < 5% of the layer's p90 unit norm
[LAYER-HEALTH]     value.fc1.weight  leaky_relu  units 128  zero 0  low 20  median unit norm 0.003455
[LAYER-HEALTH]     (no SE blocks)
[LAYER-HEALTH]   ReZero: none
[LAYER-HEALTH]   non-finite: 0 values in 0 of 102 tensors (10263038 values examined)
[LAYER-HEALTH]   largest |value|: blocks.1.bn1.running_var 42.49, blocks.2.bn1.running_var 36.58, blocks.1.bn2.running_var 13.9, blocks.0.bn2.running_var 11.33, tower_final_bn.running_var 7.607
[REPLAY] enumerated checkpoint -> 20261006-lrBsilu-clip1-replay-seg1-step16000.safetensors
[REPLAY] step=16050 loss=3.5071 pLoss=2.7039 vLoss=0.8018 pEnt=2.855 pIllM=0.0015 playedP=0.179 pW=0.47 pD=0.07 pL=0.46 vAbs=0.237 pLogitMean=-11.6073 vLogitMean=0.5948 gNorm=0.227 lr=0.00962 ms=792.2 buf=500000 plies=137712018 games=2074725 rejected=0 skipped=0 epoch=0 mom=0.9170 lrCyc[pk=9.7e-01,tr=9.8e-04] trainerStep=34050
[LAYER-HEALTH] live trainerStep=34050 scope=batch_norm_state_only reluSites=2/10 ch=144 dead=0 off=2 alwaysOn=0 worst=value.bn(dead 0 off 2 on 0) maxBetaOverGamma=+2.22@policy.pre_bn[103] minBetaOverGamma=-2.03@value.bn[2] rvMaxOverMedian=150.8@blocks.2.bn1[31] rezero=none nonFinite=0
[REPLAY] step=16100 loss=3.4690 pLoss=2.6817 vLoss=0.7857 pEnt=2.855 pIllM=0.0016 playedP=0.179 pW=0.47 pD=0.07 pL=0.46 vAbs=0.248 pLogitMean=-11.6046 vLogitMean=0.5948 gNorm=0.249 lr=0.00869 ms=791.8 buf=500000 plies=138138658 games=2081181 rejected=0 skipped=0 epoch=0 mom=0.9185 lrCyc[pk=9.7e-01,tr=9.8e-04] trainerStep=34100
[LAYER-HEALTH] live trainerStep=34100 scope=batch_norm_state_only reluSites=2/10 ch=144 dead=0 off=2 alwaysOn=0 worst=value.bn(dead 0 off 2 on 0) maxBetaOverGamma=+2.22@policy.pre_bn[103] minBetaOverGamma=-2.02@value.bn[2] rvMaxOverMedian=151.2@blocks.2.bn1[31] rezero=none nonFinite=0
[REPLAY] step=16150 loss=3.5216 pLoss=2.7064 vLoss=0.8137 pEnt=2.854 pIllM=0.0015 playedP=0.179 pW=0.47 pD=0.07 pL=0.46 vAbs=0.238 pLogitMean=-11.6045 vLogitMean=0.5919 gNorm=0.243 lr=0.00786 ms=800.5 buf=500000 plies=138565337 games=2087638 rejected=0 skipped=0 epoch=0 mom=0.9199 lrCyc[pk=9.7e-01,tr=9.8e-04] trainerStep=34150
[LAYER-HEALTH] live trainerStep=34150 scope=batch_norm_state_only reluSites=2/10 ch=144 dead=0 off=2 alwaysOn=0 worst=value.bn(dead 0 off 2 on 0) maxBetaOverGamma=+2.22@policy.pre_bn[103] minBetaOverGamma=-2.03@value.bn[2] rvMaxOverMedian=151.3@blocks.2.bn1[31] rezero=none nonFinite=0
[REPLAY] step=16200 loss=3.5030 pLoss=2.7007 vLoss=0.8007 pEnt=2.840 pIllM=0.0016 playedP=0.181 pW=0.47 pD=0.07 pL=0.46 vAbs=0.231 pLogitMean=-11.6025 vLogitMean=0.5957 gNorm=0.234 lr=0.00712 ms=792.3 buf=500000 plies=138992002 games=2094063 rejected=0 skipped=0 epoch=0 mom=0.9213 lrCyc[pk=9.7e-01,tr=9.8e-04] trainerStep=34200
[LAYER-HEALTH] live trainerStep=34200 scope=batch_norm_state_only reluSites=2/10 ch=144 dead=0 off=2 alwaysOn=0 worst=value.bn(dead 0 off 2 on 0) maxBetaOverGamma=+2.22@policy.pre_bn[103] minBetaOverGamma=-2.03@value.bn[2] rvMaxOverMedian=151.6@blocks.2.bn1[31] rezero=none nonFinite=0
[REPLAY] step=16250 loss=3.5102 pLoss=2.7149 vLoss=0.7939 pEnt=2.839 pIllM=0.0014 playedP=0.180 pW=0.47 pD=0.06 pL=0.47 vAbs=0.244 pLogitMean=-11.6069 vLogitMean=0.5919 gNorm=0.239 lr=0.00646 ms=790.3 buf=500000 plies=139418667 games=2100518 rejected=0 skipped=0 epoch=0 mom=0.9227 lrCyc[pk=9.7e-01,tr=9.8e-04] trainerStep=34250
[LAYER-HEALTH] live trainerStep=34250 scope=batch_norm_state_only reluSites=2/10 ch=144 dead=0 off=2 alwaysOn=0 worst=value.bn(dead 0 off 2 on 0) maxBetaOverGamma=+2.22@policy.pre_bn[103] minBetaOverGamma=-2.03@value.bn[2] rvMaxOverMedian=151.5@blocks.2.bn1[31] rezero=none nonFinite=0
[REPLAY] step=16300 loss=3.4729 pLoss=2.6823 vLoss=0.7891 pEnt=2.829 pIllM=0.0014 playedP=0.181 pW=0.47 pD=0.07 pL=0.47 vAbs=0.245 pLogitMean=-11.6043 vLogitMean=0.5937 gNorm=0.213 lr=0.00587 ms=794.8 buf=500000 plies=139845351 games=2106966 rejected=0 skipped=0 epoch=0 mom=0.9241 lrCyc[pk=9.7e-01,tr=9.8e-04] trainerStep=34300
[LAYER-HEALTH] live trainerStep=34300 scope=batch_norm_state_only reluSites=2/10 ch=144 dead=0 off=2 alwaysOn=0 worst=value.bn(dead 0 off 2 on 0) maxBetaOverGamma=+2.22@policy.pre_bn[103] minBetaOverGamma=-2.03@value.bn[2] rvMaxOverMedian=151.2@blocks.2.bn1[31] rezero=none nonFinite=0
[REPLAY] step=16350 loss=3.5232 pLoss=2.7223 vLoss=0.7996 pEnt=2.868 pIllM=0.0014 playedP=0.173 pW=0.47 pD=0.06 pL=0.46 vAbs=0.243 pLogitMean=-11.6085 vLogitMean=0.5932 gNorm=0.221 lr=0.00535 ms=795.2 buf=500000 plies=140271945 games=2113476 rejected=0 skipped=0 epoch=0 mom=0.9255 lrCyc[pk=9.7e-01,tr=9.8e-04] trainerStep=34350
[LAYER-HEALTH] live trainerStep=34350 scope=batch_norm_state_only reluSites=2/10 ch=144 dead=0 off=2 alwaysOn=0 worst=value.bn(dead 0 off 2 on 0) maxBetaOverGamma=+2.22@policy.pre_bn[103] minBetaOverGamma=-2.03@value.bn[2] rvMaxOverMedian=151.1@blocks.2.bn1[31] rezero=none nonFinite=0
[REPLAY] step=16400 loss=3.4846 pLoss=2.6902 vLoss=0.7930 pEnt=2.872 pIllM=0.0013 playedP=0.177 pW=0.47 pD=0.06 pL=0.47 vAbs=0.246 pLogitMean=-11.6099 vLogitMean=0.5945 gNorm=0.241 lr=0.00488 ms=792.1 buf=500000 plies=140698561 games=2119995 rejected=0 skipped=0 epoch=0 mom=0.9268 lrCyc[pk=9.7e-01,tr=9.8e-04] trainerStep=34400
[LAYER-HEALTH] live trainerStep=34400 scope=batch_norm_state_only reluSites=2/10 ch=144 dead=0 off=2 alwaysOn=0 worst=value.bn(dead 0 off 2 on 0) maxBetaOverGamma=+2.21@policy.pre_bn[103] minBetaOverGamma=-2.02@value.bn[2] rvMaxOverMedian=150.9@blocks.2.bn1[31] rezero=none nonFinite=0
[REPLAY] step=16450 loss=3.4997 pLoss=2.6901 vLoss=0.8081 pEnt=2.854 pIllM=0.0015 playedP=0.180 pW=0.47 pD=0.07 pL=0.46 vAbs=0.240 pLogitMean=-11.6079 vLogitMean=0.5945 gNorm=0.232 lr=0.00445 ms=792.3 buf=500000 plies=141125252 games=2126415 rejected=0 skipped=0 epoch=0 mom=0.9281 lrCyc[pk=9.7e-01,tr=9.8e-04] trainerStep=34450
[LAYER-HEALTH] live trainerStep=34450 scope=batch_norm_state_only reluSites=2/10 ch=144 dead=0 off=2 alwaysOn=0 worst=value.bn(dead 0 off 2 on 0) maxBetaOverGamma=+2.21@policy.pre_bn[103] minBetaOverGamma=-2.02@value.bn[2] rvMaxOverMedian=150.5@blocks.2.bn1[31] rezero=none nonFinite=0
[REPLAY] step=16500 loss=3.4733 pLoss=2.6718 vLoss=0.8002 pEnt=2.852 pIllM=0.0013 playedP=0.182 pW=0.47 pD=0.06 pL=0.47 vAbs=0.233 pLogitMean=-11.6053 vLogitMean=0.5923 gNorm=0.235 lr=0.00408 ms=792.0 buf=500000 plies=141551870 games=2132839 rejected=0 skipped=0 epoch=0 mom=0.9294 lrCyc[pk=9.7e-01,tr=9.8e-04] trainerStep=34500
[LAYER-HEALTH] live trainerStep=34500 scope=batch_norm_state_only reluSites=2/10 ch=144 dead=0 off=2 alwaysOn=0 worst=value.bn(dead 0 off 2 on 0) maxBetaOverGamma=+2.21@policy.pre_bn[103] minBetaOverGamma=-2.03@value.bn[2] rvMaxOverMedian=150.3@blocks.2.bn1[31] rezero=none nonFinite=0
[REPLAY] step=16550 loss=3.4768 pLoss=2.6874 vLoss=0.7878 pEnt=2.850 pIllM=0.0015 playedP=0.180 pW=0.47 pD=0.06 pL=0.47 vAbs=0.245 pLogitMean=-11.6071 vLogitMean=0.5923 gNorm=0.232 lr=0.00374 ms=795.6 buf=500000 plies=141978533 games=2139375 rejected=0 skipped=0 epoch=0 mom=0.9307 lrCyc[pk=9.7e-01,tr=9.8e-04] trainerStep=34550
[LAYER-HEALTH] live trainerStep=34550 scope=batch_norm_state_only reluSites=2/10 ch=144 dead=0 off=2 alwaysOn=0 worst=value.bn(dead 0 off 2 on 0) maxBetaOverGamma=+2.21@policy.pre_bn[103] minBetaOverGamma=-2.03@value.bn[2] rvMaxOverMedian=150.8@blocks.2.bn1[31] rezero=none nonFinite=0
[REPLAY] step=16600 loss=3.5034 pLoss=2.6896 vLoss=0.8123 pEnt=2.854 pIllM=0.0016 playedP=0.181 pW=0.47 pD=0.07 pL=0.46 vAbs=0.247 pLogitMean=-11.6065 vLogitMean=0.5963 gNorm=0.240 lr=0.00343 ms=798.5 buf=500000 plies=142405233 games=2145829 rejected=0 skipped=0 epoch=0 mom=0.9319 lrCyc[pk=9.7e-01,tr=9.8e-04] trainerStep=34600
[LAYER-HEALTH] live trainerStep=34600 scope=batch_norm_state_only reluSites=2/10 ch=144 dead=0 off=2 alwaysOn=0 worst=value.bn(dead 0 off 2 on 0) maxBetaOverGamma=+2.21@policy.pre_bn[103] minBetaOverGamma=-2.03@value.bn[2] rvMaxOverMedian=151.1@blocks.2.bn1[31] rezero=none nonFinite=0
[REPLAY] step=16650 loss=3.4727 pLoss=2.6697 vLoss=0.8015 pEnt=2.853 pIllM=0.0015 playedP=0.184 pW=0.47 pD=0.07 pL=0.46 vAbs=0.242 pLogitMean=-11.6064 vLogitMean=0.5939 gNorm=0.229 lr=0.00316 ms=782.7 buf=500000 plies=142831848 games=2152213 rejected=0 skipped=0 epoch=0 mom=0.9331 lrCyc[pk=9.7e-01,tr=9.8e-04] trainerStep=34650
[LAYER-HEALTH] live trainerStep=34650 scope=batch_norm_state_only reluSites=2/10 ch=144 dead=0 off=2 alwaysOn=0 worst=value.bn(dead 0 off 2 on 0) maxBetaOverGamma=+2.21@policy.pre_bn[103] minBetaOverGamma=-2.03@value.bn[2] rvMaxOverMedian=151.0@blocks.2.bn1[31] rezero=none nonFinite=0
[REPLAY] step=16700 loss=3.5299 pLoss=2.7240 vLoss=0.8045 pEnt=2.853 pIllM=0.0014 playedP=0.179 pW=0.47 pD=0.06 pL=0.46 vAbs=0.236 pLogitMean=-11.6066 vLogitMean=0.5958 gNorm=0.239 lr=0.00292 ms=798.0 buf=500000 plies=143258487 games=2158581 rejected=0 skipped=0 epoch=0 mom=0.9343 lrCyc[pk=9.7e-01,tr=9.8e-04] trainerStep=34700
[LAYER-HEALTH] live trainerStep=34700 scope=batch_norm_state_only reluSites=2/10 ch=144 dead=0 off=2 alwaysOn=0 worst=value.bn(dead 0 off 2 on 0) maxBetaOverGamma=+2.21@policy.pre_bn[103] minBetaOverGamma=-2.03@value.bn[2] rvMaxOverMedian=151.1@blocks.2.bn1[31] rezero=none nonFinite=0
[REPLAY] step=16750 loss=3.4864 pLoss=2.6738 vLoss=0.8112 pEnt=2.847 pIllM=0.0014 playedP=0.181 pW=0.47 pD=0.07 pL=0.46 vAbs=0.235 pLogitMean=-11.6056 vLogitMean=0.5963 gNorm=0.228 lr=0.0027 ms=799.8 buf=500000 plies=143685160 games=2165037 rejected=0 skipped=0 epoch=0 mom=0.9354 lrCyc[pk=9.7e-01,tr=9.8e-04] trainerStep=34750
[LAYER-HEALTH] live trainerStep=34750 scope=batch_norm_state_only reluSites=2/10 ch=144 dead=0 off=2 alwaysOn=0 worst=value.bn(dead 0 off 2 on 0) maxBetaOverGamma=+2.21@policy.pre_bn[103] minBetaOverGamma=-2.03@value.bn[2] rvMaxOverMedian=151.0@blocks.2.bn1[31] rezero=none nonFinite=0
[REPLAY] step=16800 loss=3.4826 pLoss=2.6886 vLoss=0.7925 pEnt=2.860 pIllM=0.0015 playedP=0.178 pW=0.47 pD=0.07 pL=0.46 vAbs=0.241 pLogitMean=-11.6082 vLogitMean=0.5922 gNorm=0.228 lr=0.00251 ms=791.9 buf=500000 plies=144111815 games=2171519 rejected=0 skipped=0 epoch=0 mom=0.9365 lrCyc[pk=9.7e-01,tr=9.8e-04] trainerStep=34800
[LAYER-HEALTH] live trainerStep=34800 scope=batch_norm_state_only reluSites=2/10 ch=144 dead=0 off=2 alwaysOn=0 worst=value.bn(dead 0 off 2 on 0) maxBetaOverGamma=+2.21@policy.pre_bn[103] minBetaOverGamma=-2.03@value.bn[2] rvMaxOverMedian=151.0@blocks.2.bn1[31] rezero=none nonFinite=0
[REPLAY] step=16850 loss=3.5033 pLoss=2.7000 vLoss=0.8019 pEnt=2.858 pIllM=0.0014 playedP=0.178 pW=0.47 pD=0.06 pL=0.47 vAbs=0.247 pLogitMean=-11.6111 vLogitMean=0.5961 gNorm=0.231 lr=0.00233 ms=791.6 buf=500000 plies=144538470 games=2178068 rejected=0 skipped=0 epoch=0 mom=0.9375 lrCyc[pk=9.7e-01,tr=9.8e-04] trainerStep=34850
[LAYER-HEALTH] live trainerStep=34850 scope=batch_norm_state_only reluSites=2/10 ch=144 dead=0 off=2 alwaysOn=0 worst=value.bn(dead 0 off 2 on 0) maxBetaOverGamma=+2.21@policy.pre_bn[103] minBetaOverGamma=-2.03@value.bn[2] rvMaxOverMedian=151.0@blocks.2.bn1[31] rezero=none nonFinite=0
[REPLAY] step=16900 loss=3.5116 pLoss=2.6858 vLoss=0.8244 pEnt=2.852 pIllM=0.0013 playedP=0.182 pW=0.47 pD=0.07 pL=0.46 vAbs=0.238 pLogitMean=-11.6129 vLogitMean=0.5921 gNorm=0.225 lr=0.00217 ms=793.6 buf=500000 plies=144965107 games=2184510 rejected=0 skipped=0 epoch=0 mom=0.9385 lrCyc[pk=9.7e-01,tr=9.8e-04] trainerStep=34900
[LAYER-HEALTH] live trainerStep=34900 scope=batch_norm_state_only reluSites=2/10 ch=144 dead=0 off=2 alwaysOn=0 worst=value.bn(dead 0 off 2 on 0) maxBetaOverGamma=+2.21@policy.pre_bn[103] minBetaOverGamma=-2.03@value.bn[2] rvMaxOverMedian=151.5@blocks.2.bn1[31] rezero=none nonFinite=0
[REPLAY] step=16950 loss=3.5021 pLoss=2.7026 vLoss=0.7981 pEnt=2.846 pIllM=0.0013 playedP=0.180 pW=0.47 pD=0.07 pL=0.46 vAbs=0.241 pLogitMean=-11.6110 vLogitMean=0.5936 gNorm=0.227 lr=0.00203 ms=797.7 buf=500000 plies=145391713 games=2191006 rejected=0 skipped=0 epoch=0 mom=0.9395 lrCyc[pk=9.7e-01,tr=9.8e-04] trainerStep=34950
[LAYER-HEALTH] live trainerStep=34950 scope=batch_norm_state_only reluSites=2/10 ch=144 dead=0 off=2 alwaysOn=0 worst=value.bn(dead 0 off 2 on 0) maxBetaOverGamma=+2.21@policy.pre_bn[103] minBetaOverGamma=-2.03@value.bn[2] rvMaxOverMedian=151.9@blocks.2.bn1[31] rezero=none nonFinite=0
[REPLAY] step=17000 loss=3.5257 pLoss=2.7053 vLoss=0.8189 pEnt=2.849 pIllM=0.0014 playedP=0.181 pW=0.47 pD=0.07 pL=0.46 vAbs=0.235 pLogitMean=-11.6106 vLogitMean=0.5947 gNorm=0.232 lr=0.0019 ms=802.0 buf=500000 plies=145818406 games=2197474 rejected=0 skipped=0 epoch=0 mom=0.9405 lrCyc[pk=9.7e-01,tr=9.8e-04] trainerStep=35000
[LAYER-HEALTH] live trainerStep=35000 scope=batch_norm_state_only reluSites=2/10 ch=144 dead=0 off=2 alwaysOn=0 worst=value.bn(dead 0 off 2 on 0) maxBetaOverGamma=+2.21@policy.pre_bn[103] minBetaOverGamma=-2.03@value.bn[2] rvMaxOverMedian=152.3@blocks.2.bn1[31] rezero=none nonFinite=0
[REPLAY] saved trainer model (autosave) step=17000 trainerStep=35000 nextGame=4510144 shard=9 epoch=0 -> 20261006-lrBsilu-clip1-replay-latest.safetensors
[LAYER-HEALTH] checkpoint replay-autosave step=17000 trainerStep=35000 scope=all_tensors reluSites=2/10 ch=144 dead=0 off=2 alwaysOn=0 worst=value.bn(dead 0 off 2 on 0) maxBetaOverGamma=+2.21@policy.pre_bn[103] minBetaOverGamma=-2.03@value.bn[2] rvMaxOverMedian=152.3@blocks.2.bn1[31] rezero=none nonFinite=0 seZeroVel=none valueFC1ZeroVel=0/128 maxAbs=42.56@blocks.1.bn1.running_var
[LAYER-HEALTH]   batch-norm sites — β/|γ|: dead < -3.00, mostly off < -2.00, always on > +3.00; classified for relu/leaky_relu only
[LAYER-HEALTH]     site            act            ch   dead    off     on  zeroγ nonfin  min β/|γ| [ch]     max β/|γ| [ch]     rv max/median [ch]
[LAYER-HEALTH]     stem.bn         -             128    n/a    n/a    n/a      0      0     -0.90 [11]         +0.40 [95]            5.8 [5]
[LAYER-HEALTH]     blocks.0.bn1    silu          128    n/a    n/a    n/a      0      0     -1.20 [5]          +0.22 [64]            6.9 [76]
[LAYER-HEALTH]     blocks.0.bn2    silu          128    n/a    n/a    n/a      0      0     -1.30 [53]         +4.98 [48]            5.1 [94]
[LAYER-HEALTH]     blocks.1.bn1    silu          128    n/a    n/a    n/a      0      0     -1.44 [35]         -0.10 [31]          146.1 [31]
[LAYER-HEALTH]     blocks.1.bn2    silu          128    n/a    n/a    n/a      0      0     -1.63 [93]         -0.16 [101]           9.4 [70]
[LAYER-HEALTH]     blocks.2.bn1    silu          128    n/a    n/a    n/a      0      0     -2.37 [17]         +2.12 [31]          152.3 [31]
[LAYER-HEALTH]     blocks.2.bn2    silu          128    n/a    n/a    n/a      0      0     -1.61 [78]         +0.01 [16]            3.7 [122]
[LAYER-HEALTH]     tower_final_bn  silu          128    n/a    n/a    n/a      0      0     -0.71 [90]         +1.14 [111]          14.1 [31]
[LAYER-HEALTH]     policy.pre_bn   leaky_relu    128      0      0      0      0      0     -0.99 [7]          +2.21 [103]           3.5 [120]
[LAYER-HEALTH]     value.bn        leaky_relu     16      0      2      0      0      0     -2.03 [2]          -0.19 [13]            2.4 [11]
[LAYER-HEALTH]   FC hidden-unit velocity — zero: every weight-velocity entry exactly 0; low: nonzero but < 5% of the layer's p90 unit norm
[LAYER-HEALTH]     value.fc1.weight  leaky_relu  units 128  zero 0  low 20  median unit norm 0.004315
[LAYER-HEALTH]     (no SE blocks)
[LAYER-HEALTH]   ReZero: none
[LAYER-HEALTH]   non-finite: 0 values in 0 of 102 tensors (10263038 values examined)
[LAYER-HEALTH]   largest |value|: blocks.1.bn1.running_var 42.56, blocks.2.bn1.running_var 36.98, blocks.1.bn2.running_var 13.99, blocks.0.bn2.running_var 11.36, tower_final_bn.running_var 7.697
[REPLAY] enumerated checkpoint -> 20261006-lrBsilu-clip1-replay-seg1-step17000.safetensors
[REPLAY] step=17050 loss=3.4895 pLoss=2.6843 vLoss=0.8039 pEnt=2.868 pIllM=0.0013 playedP=0.176 pW=0.47 pD=0.07 pL=0.46 vAbs=0.237 pLogitMean=-11.6138 vLogitMean=0.5924 gNorm=0.226 lr=0.00179 ms=797.9 buf=500000 plies=146245041 games=2203879 rejected=0 skipped=0 epoch=0 mom=0.9414 lrCyc[pk=9.7e-01,tr=9.8e-04] trainerStep=35050
[LAYER-HEALTH] live trainerStep=35050 scope=batch_norm_state_only reluSites=2/10 ch=144 dead=0 off=2 alwaysOn=0 worst=value.bn(dead 0 off 2 on 0) maxBetaOverGamma=+2.21@policy.pre_bn[103] minBetaOverGamma=-2.03@value.bn[2] rvMaxOverMedian=152.4@blocks.2.bn1[31] rezero=none nonFinite=0
[REPLAY] step=17100 loss=3.4743 pLoss=2.6764 vLoss=0.7961 pEnt=2.864 pIllM=0.0018 playedP=0.180 pW=0.47 pD=0.07 pL=0.46 vAbs=0.246 pLogitMean=-11.6138 vLogitMean=0.5924 gNorm=0.239 lr=0.00168 ms=788.6 buf=500000 plies=146671665 games=2210357 rejected=0 skipped=0 epoch=0 mom=0.9422 lrCyc[pk=9.7e-01,tr=9.8e-04] trainerStep=35100
[LAYER-HEALTH] live trainerStep=35100 scope=batch_norm_state_only reluSites=2/10 ch=144 dead=0 off=2 alwaysOn=0 worst=value.bn(dead 0 off 2 on 0) maxBetaOverGamma=+2.21@policy.pre_bn[103] minBetaOverGamma=-2.03@value.bn[2] rvMaxOverMedian=152.4@blocks.2.bn1[31] rezero=none nonFinite=0
[REPLAY] step=17150 loss=3.5059 pLoss=2.6802 vLoss=0.8245 pEnt=2.845 pIllM=0.0012 playedP=0.185 pW=0.47 pD=0.07 pL=0.46 vAbs=0.242 pLogitMean=-11.6123 vLogitMean=0.5953 gNorm=0.226 lr=0.00159 ms=786.6 buf=500000 plies=147098313 games=2216792 rejected=0 skipped=0 epoch=0 mom=0.9430 lrCyc[pk=9.7e-01,tr=9.8e-04] trainerStep=35150
[LAYER-HEALTH] live trainerStep=35150 scope=batch_norm_state_only reluSites=2/10 ch=144 dead=0 off=2 alwaysOn=0 worst=value.bn(dead 0 off 2 on 0) maxBetaOverGamma=+2.21@policy.pre_bn[103] minBetaOverGamma=-2.03@value.bn[2] rvMaxOverMedian=152.1@blocks.2.bn1[31] rezero=none nonFinite=0
[REPLAY] step=17200 loss=3.5317 pLoss=2.7128 vLoss=0.8174 pEnt=2.846 pIllM=0.0015 playedP=0.180 pW=0.47 pD=0.07 pL=0.46 vAbs=0.241 pLogitMean=-11.6156 vLogitMean=0.5947 gNorm=0.252 lr=0.00151 ms=795.0 buf=500000 plies=147524975 games=2223182 rejected=0 skipped=0 epoch=0 mom=0.9438 lrCyc[pk=9.7e-01,tr=9.8e-04] trainerStep=35200
[LAYER-HEALTH] live trainerStep=35200 scope=batch_norm_state_only reluSites=2/10 ch=144 dead=0 off=2 alwaysOn=0 worst=value.bn(dead 0 off 2 on 0) maxBetaOverGamma=+2.21@policy.pre_bn[103] minBetaOverGamma=-2.03@value.bn[2] rvMaxOverMedian=151.3@blocks.2.bn1[31] rezero=none nonFinite=0
[REPLAY] step=17250 loss=3.5428 pLoss=2.7342 vLoss=0.8073 pEnt=2.876 pIllM=0.0013 playedP=0.171 pW=0.47 pD=0.07 pL=0.46 vAbs=0.246 pLogitMean=-11.6192 vLogitMean=0.5949 gNorm=0.231 lr=0.00143 ms=798.9 buf=500000 plies=147951623 games=2229628 rejected=0 skipped=0 epoch=0 mom=0.9446 lrCyc[pk=9.7e-01,tr=9.8e-04] trainerStep=35250
[LAYER-HEALTH] live trainerStep=35250 scope=batch_norm_state_only reluSites=2/10 ch=144 dead=0 off=2 alwaysOn=0 worst=value.bn(dead 0 off 2 on 0) maxBetaOverGamma=+2.21@policy.pre_bn[103] minBetaOverGamma=-2.03@value.bn[2] rvMaxOverMedian=151.2@blocks.2.bn1[31] rezero=none nonFinite=0
[REPLAY] step=17300 loss=3.4917 pLoss=2.6771 vLoss=0.8132 pEnt=2.852 pIllM=0.0014 playedP=0.179 pW=0.47 pD=0.07 pL=0.46 vAbs=0.239 pLogitMean=-11.6172 vLogitMean=0.5937 gNorm=0.229 lr=0.00137 ms=800.0 buf=500000 plies=148378273 games=2236095 rejected=0 skipped=0 epoch=0 mom=0.9452 lrCyc[pk=9.7e-01,tr=9.8e-04] trainerStep=35300
[LAYER-HEALTH] live trainerStep=35300 scope=batch_norm_state_only reluSites=2/10 ch=144 dead=0 off=2 alwaysOn=0 worst=value.bn(dead 0 off 2 on 0) maxBetaOverGamma=+2.21@policy.pre_bn[103] minBetaOverGamma=-2.03@value.bn[2] rvMaxOverMedian=151.5@blocks.2.bn1[31] rezero=none nonFinite=0
[REPLAY] step=17350 loss=3.4809 pLoss=2.6904 vLoss=0.7889 pEnt=2.832 pIllM=0.0017 playedP=0.184 pW=0.47 pD=0.07 pL=0.46 vAbs=0.243 pLogitMean=-11.6170 vLogitMean=0.5938 gNorm=0.245 lr=0.00131 ms=794.4 buf=500000 plies=148804978 games=2242542 rejected=0 skipped=0 epoch=0 mom=0.9459 lrCyc[pk=9.7e-01,tr=9.8e-04] trainerStep=35350
[LAYER-HEALTH] live trainerStep=35350 scope=batch_norm_state_only reluSites=2/10 ch=144 dead=0 off=2 alwaysOn=0 worst=value.bn(dead 0 off 2 on 0) maxBetaOverGamma=+2.21@policy.pre_bn[103] minBetaOverGamma=-2.03@value.bn[2] rvMaxOverMedian=151.9@blocks.2.bn1[31] rezero=none nonFinite=0
[REPLAY] step=17400 loss=3.4921 pLoss=2.7034 vLoss=0.7873 pEnt=2.870 pIllM=0.0014 playedP=0.177 pW=0.47 pD=0.06 pL=0.46 vAbs=0.250 pLogitMean=-11.6202 vLogitMean=0.5951 gNorm=0.230 lr=0.00125 ms=803.3 buf=500000 plies=149231567 games=2248968 rejected=0 skipped=0 epoch=0 mom=0.9465 lrCyc[pk=9.7e-01,tr=9.8e-04] trainerStep=35400
[LAYER-HEALTH] live trainerStep=35400 scope=batch_norm_state_only reluSites=2/10 ch=144 dead=0 off=2 alwaysOn=0 worst=value.bn(dead 0 off 2 on 0) maxBetaOverGamma=+2.21@policy.pre_bn[103] minBetaOverGamma=-2.03@value.bn[2] rvMaxOverMedian=152.1@blocks.2.bn1[31] rezero=none nonFinite=0
[REPLAY] step=17450 loss=3.4660 pLoss=2.6659 vLoss=0.7987 pEnt=2.855 pIllM=0.0015 playedP=0.180 pW=0.47 pD=0.07 pL=0.46 vAbs=0.250 pLogitMean=-11.6180 vLogitMean=0.5950 gNorm=0.235 lr=0.00121 ms=800.9 buf=500000 plies=149658225 games=2255354 rejected=0 skipped=0 epoch=0 mom=0.9470 lrCyc[pk=9.7e-01,tr=9.8e-04] trainerStep=35450
[LAYER-HEALTH] live trainerStep=35450 scope=batch_norm_state_only reluSites=2/10 ch=144 dead=0 off=2 alwaysOn=0 worst=value.bn(dead 0 off 2 on 0) maxBetaOverGamma=+2.21@policy.pre_bn[103] minBetaOverGamma=-2.03@value.bn[2] rvMaxOverMedian=152.1@blocks.2.bn1[31] rezero=none nonFinite=0
[REPLAY] step=17500 loss=3.5361 pLoss=2.7133 vLoss=0.8214 pEnt=2.877 pIllM=0.0014 playedP=0.177 pW=0.47 pD=0.07 pL=0.46 vAbs=0.238 pLogitMean=-11.6211 vLogitMean=0.5963 gNorm=0.225 lr=0.00117 ms=802.2 buf=500000 plies=150084857 games=2261798 rejected=0 skipped=0 epoch=0 mom=0.9476 lrCyc[pk=9.7e-01,tr=9.8e-04] trainerStep=35500
[LAYER-HEALTH] live trainerStep=35500 scope=batch_norm_state_only reluSites=2/10 ch=144 dead=0 off=2 alwaysOn=0 worst=value.bn(dead 0 off 2 on 0) maxBetaOverGamma=+2.21@policy.pre_bn[103] minBetaOverGamma=-2.03@value.bn[2] rvMaxOverMedian=151.7@blocks.2.bn1[31] rezero=none nonFinite=0
[REPLAY] step=17550 loss=3.5331 pLoss=2.7174 vLoss=0.8143 pEnt=2.869 pIllM=0.0013 playedP=0.175 pW=0.47 pD=0.07 pL=0.46 vAbs=0.232 pLogitMean=-11.6204 vLogitMean=0.5935 gNorm=0.229 lr=0.00113 ms=799.1 buf=500000 plies=150511589 games=2268280 rejected=0 skipped=0 epoch=0 mom=0.9480 lrCyc[pk=9.7e-01,tr=9.8e-04] trainerStep=35550
[LAYER-HEALTH] live trainerStep=35550 scope=batch_norm_state_only reluSites=2/10 ch=144 dead=0 off=2 alwaysOn=0 worst=value.bn(dead 0 off 2 on 0) maxBetaOverGamma=+2.21@policy.pre_bn[103] minBetaOverGamma=-2.03@value.bn[2] rvMaxOverMedian=151.2@blocks.2.bn1[31] rezero=none nonFinite=0
[REPLAY] step=17600 loss=3.4849 pLoss=2.6894 vLoss=0.7940 pEnt=2.836 pIllM=0.0015 playedP=0.182 pW=0.47 pD=0.07 pL=0.46 vAbs=0.238 pLogitMean=-11.6161 vLogitMean=0.5937 gNorm=0.232 lr=0.0011 ms=787.3 buf=500000 plies=150938158 games=2274671 rejected=0 skipped=0 epoch=0 mom=0.9484 lrCyc[pk=9.7e-01,tr=9.8e-04] trainerStep=35600
[LAYER-HEALTH] live trainerStep=35600 scope=batch_norm_state_only reluSites=2/10 ch=144 dead=0 off=2 alwaysOn=0 worst=value.bn(dead 0 off 2 on 0) maxBetaOverGamma=+2.21@policy.pre_bn[103] minBetaOverGamma=-2.03@value.bn[2] rvMaxOverMedian=150.9@blocks.2.bn1[31] rezero=none nonFinite=0
[REPLAY] step=17650 loss=3.5003 pLoss=2.7013 vLoss=0.7976 pEnt=2.839 pIllM=0.0014 playedP=0.182 pW=0.47 pD=0.07 pL=0.46 vAbs=0.236 pLogitMean=-11.6163 vLogitMean=0.5950 gNorm=0.220 lr=0.00107 ms=794.5 buf=500000 plies=151364831 games=2281039 rejected=0 skipped=0 epoch=0 mom=0.9488 lrCyc[pk=9.7e-01,tr=9.8e-04] trainerStep=35650
[LAYER-HEALTH] live trainerStep=35650 scope=batch_norm_state_only reluSites=2/10 ch=144 dead=0 off=2 alwaysOn=0 worst=value.bn(dead 0 off 2 on 0) maxBetaOverGamma=+2.21@policy.pre_bn[103] minBetaOverGamma=-2.03@value.bn[2] rvMaxOverMedian=150.6@blocks.2.bn1[31] rezero=none nonFinite=0
[REPLAY] step=17700 loss=3.5257 pLoss=2.7063 vLoss=0.8180 pEnt=2.864 pIllM=0.0013 playedP=0.176 pW=0.47 pD=0.07 pL=0.46 vAbs=0.240 pLogitMean=-11.6202 vLogitMean=0.5950 gNorm=0.225 lr=0.00105 ms=795.1 buf=500000 plies=151791489 games=2287429 rejected=0 skipped=0 epoch=0 mom=0.9491 lrCyc[pk=9.7e-01,tr=9.8e-04] trainerStep=35700
[LAYER-HEALTH] live trainerStep=35700 scope=batch_norm_state_only reluSites=2/10 ch=144 dead=0 off=2 alwaysOn=0 worst=value.bn(dead 0 off 2 on 0) maxBetaOverGamma=+2.21@policy.pre_bn[103] minBetaOverGamma=-2.03@value.bn[2] rvMaxOverMedian=150.6@blocks.2.bn1[31] rezero=none nonFinite=0
[REPLAY] step=17750 loss=3.5085 pLoss=2.6902 vLoss=0.8170 pEnt=2.844 pIllM=0.0013 playedP=0.184 pW=0.47 pD=0.07 pL=0.46 vAbs=0.235 pLogitMean=-11.6183 vLogitMean=0.5951 gNorm=0.222 lr=0.00103 ms=794.1 buf=500000 plies=152218146 games=2293876 rejected=0 skipped=0 epoch=0 mom=0.9494 lrCyc[pk=9.7e-01,tr=9.8e-04] trainerStep=35750
[LAYER-HEALTH] live trainerStep=35750 scope=batch_norm_state_only reluSites=2/10 ch=144 dead=0 off=2 alwaysOn=0 worst=value.bn(dead 0 off 2 on 0) maxBetaOverGamma=+2.21@policy.pre_bn[103] minBetaOverGamma=-2.03@value.bn[2] rvMaxOverMedian=150.7@blocks.2.bn1[31] rezero=none nonFinite=0
[REPLAY] step=17800 loss=3.4738 pLoss=2.6762 vLoss=0.7961 pEnt=2.841 pIllM=0.0014 playedP=0.183 pW=0.47 pD=0.07 pL=0.46 vAbs=0.235 pLogitMean=-11.6188 vLogitMean=0.5951 gNorm=0.234 lr=0.00101 ms=770.2 buf=500000 plies=152644836 games=2300241 rejected=0 skipped=0 epoch=0 mom=0.9496 lrCyc[pk=9.7e-01,tr=9.8e-04] trainerStep=35800
[LAYER-HEALTH] live trainerStep=35800 scope=batch_norm_state_only reluSites=2/10 ch=144 dead=0 off=2 alwaysOn=0 worst=value.bn(dead 0 off 2 on 0) maxBetaOverGamma=+2.21@policy.pre_bn[103] minBetaOverGamma=-2.03@value.bn[2] rvMaxOverMedian=150.5@blocks.2.bn1[31] rezero=none nonFinite=0
[REPLAY] step=17850 loss=3.4812 pLoss=2.6717 vLoss=0.8081 pEnt=2.842 pIllM=0.0013 playedP=0.185 pW=0.47 pD=0.07 pL=0.46 vAbs=0.247 pLogitMean=-11.6186 vLogitMean=0.5914 gNorm=0.229 lr=0.000999 ms=792.1 buf=500000 plies=153071416 games=2306704 rejected=0 skipped=0 epoch=0 mom=0.9498 lrCyc[pk=9.7e-01,tr=9.8e-04] trainerStep=35850
[LAYER-HEALTH] live trainerStep=35850 scope=batch_norm_state_only reluSites=2/10 ch=144 dead=0 off=2 alwaysOn=0 worst=value.bn(dead 0 off 2 on 0) maxBetaOverGamma=+2.21@policy.pre_bn[103] minBetaOverGamma=-2.03@value.bn[2] rvMaxOverMedian=150.3@blocks.2.bn1[31] rezero=none nonFinite=0
[REPLAY] step=17900 loss=3.4994 pLoss=2.6944 vLoss=0.8035 pEnt=2.865 pIllM=0.0015 playedP=0.179 pW=0.47 pD=0.07 pL=0.46 vAbs=0.239 pLogitMean=-11.6212 vLogitMean=0.5937 gNorm=0.245 lr=0.000991 ms=797.3 buf=500000 plies=153498073 games=2313198 rejected=0 skipped=0 epoch=0 mom=0.9499 lrCyc[pk=9.7e-01,tr=9.8e-04] trainerStep=35900
[LAYER-HEALTH] live trainerStep=35900 scope=batch_norm_state_only reluSites=2/10 ch=144 dead=0 off=2 alwaysOn=0 worst=value.bn(dead 0 off 2 on 0) maxBetaOverGamma=+2.21@policy.pre_bn[103] minBetaOverGamma=-2.03@value.bn[2] rvMaxOverMedian=150.3@blocks.2.bn1[31] rezero=none nonFinite=0
[REPLAY] step=17950 loss=3.5158 pLoss=2.7117 vLoss=0.8027 pEnt=2.864 pIllM=0.0014 playedP=0.177 pW=0.47 pD=0.07 pL=0.46 vAbs=0.237 pLogitMean=-11.6206 vLogitMean=0.5950 gNorm=0.234 lr=0.000986 ms=801.7 buf=500000 plies=153924740 games=2319628 rejected=0 skipped=0 epoch=0 mom=0.9500 lrCyc[pk=9.7e-01,tr=9.8e-04] trainerStep=35950
[LAYER-HEALTH] live trainerStep=35950 scope=batch_norm_state_only reluSites=2/10 ch=144 dead=0 off=2 alwaysOn=0 worst=value.bn(dead 0 off 2 on 0) maxBetaOverGamma=+2.21@policy.pre_bn[103] minBetaOverGamma=-2.03@value.bn[2] rvMaxOverMedian=150.3@blocks.2.bn1[31] rezero=none nonFinite=0
[REPLAY] step=18000 loss=3.4875 pLoss=2.6847 vLoss=0.8014 pEnt=2.853 pIllM=0.0014 playedP=0.180 pW=0.47 pD=0.06 pL=0.47 vAbs=0.240 pLogitMean=-11.6194 vLogitMean=0.5950 gNorm=0.225 lr=0.000984 ms=802.0 buf=500000 plies=154351360 games=2326047 rejected=0 skipped=0 epoch=0 mom=0.9500 lrCyc[pk=9.7e-01,tr=9.8e-04] trainerStep=36000
[LAYER-HEALTH] live trainerStep=36000 scope=batch_norm_state_only reluSites=2/10 ch=144 dead=0 off=2 alwaysOn=0 worst=value.bn(dead 0 off 2 on 0) maxBetaOverGamma=+2.21@policy.pre_bn[103] minBetaOverGamma=-2.03@value.bn[2] rvMaxOverMedian=150.5@blocks.2.bn1[31] rezero=none nonFinite=0
[REPLAY] saved trainer model (autosave) step=18000 trainerStep=36000 nextGame=4638717 shard=10 epoch=0 -> 20261006-lrBsilu-clip1-replay-latest.safetensors
[LAYER-HEALTH] checkpoint replay-autosave step=18000 trainerStep=36000 scope=all_tensors reluSites=2/10 ch=144 dead=0 off=2 alwaysOn=0 worst=value.bn(dead 0 off 2 on 0) maxBetaOverGamma=+2.21@policy.pre_bn[103] minBetaOverGamma=-2.03@value.bn[2] rvMaxOverMedian=150.5@blocks.2.bn1[31] rezero=none nonFinite=0 seZeroVel=none valueFC1ZeroVel=0/128 maxAbs=42.34@blocks.1.bn1.running_var
[LAYER-HEALTH]   batch-norm sites — β/|γ|: dead < -3.00, mostly off < -2.00, always on > +3.00; classified for relu/leaky_relu only
[LAYER-HEALTH]     site            act            ch   dead    off     on  zeroγ nonfin  min β/|γ| [ch]     max β/|γ| [ch]     rv max/median [ch]
[LAYER-HEALTH]     stem.bn         -             128    n/a    n/a    n/a      0      0     -0.90 [11]         +0.40 [95]            5.8 [5]
[LAYER-HEALTH]     blocks.0.bn1    silu          128    n/a    n/a    n/a      0      0     -1.20 [5]          +0.22 [64]            7.0 [76]
[LAYER-HEALTH]     blocks.0.bn2    silu          128    n/a    n/a    n/a      0      0     -1.30 [53]         +4.96 [48]            5.2 [94]
[LAYER-HEALTH]     blocks.1.bn1    silu          128    n/a    n/a    n/a      0      0     -1.44 [35]         -0.10 [31]          143.9 [31]
[LAYER-HEALTH]     blocks.1.bn2    silu          128    n/a    n/a    n/a      0      0     -1.63 [93]         -0.16 [101]           9.4 [70]
[LAYER-HEALTH]     blocks.2.bn1    silu          128    n/a    n/a    n/a      0      0     -2.37 [17]         +2.13 [31]          150.5 [31]
[LAYER-HEALTH]     blocks.2.bn2    silu          128    n/a    n/a    n/a      0      0     -1.61 [78]         +0.01 [16]            3.7 [122]
[LAYER-HEALTH]     tower_final_bn  silu          128    n/a    n/a    n/a      0      0     -0.71 [90]         +1.14 [111]          14.1 [31]
[LAYER-HEALTH]     policy.pre_bn   leaky_relu    128      0      0      0      0      0     -0.99 [7]          +2.21 [103]           3.5 [120]
[LAYER-HEALTH]     value.bn        leaky_relu     16      0      2      0      0      0     -2.03 [2]          -0.18 [13]            2.4 [11]
[LAYER-HEALTH]   FC hidden-unit velocity — zero: every weight-velocity entry exactly 0; low: nonzero but < 5% of the layer's p90 unit norm
[LAYER-HEALTH]     value.fc1.weight  leaky_relu  units 128  zero 0  low 25  median unit norm 0.004538
[LAYER-HEALTH]     (no SE blocks)
[LAYER-HEALTH]   ReZero: none
[LAYER-HEALTH]   non-finite: 0 values in 0 of 102 tensors (10263038 values examined)
[LAYER-HEALTH]   largest |value|: blocks.1.bn1.running_var 42.34, blocks.2.bn1.running_var 36.92, blocks.1.bn2.running_var 13.99, blocks.0.bn2.running_var 11.38, tower_final_bn.running_var 7.691
[REPLAY] enumerated checkpoint -> 20261006-lrBsilu-clip1-replay-seg1-step18000.safetensors
[REPLAY] step=18050 loss=3.4729 pLoss=2.6729 vLoss=0.7988 pEnt=2.856 pIllM=0.0013 playedP=0.180 pW=0.47 pD=0.07 pL=0.46 vAbs=0.245 pLogitMean=-11.6187 vLogitMean=0.5952 gNorm=0.247 lr=0.000986 ms=794.9 buf=500000 plies=154778051 games=2332527 rejected=0 skipped=0 epoch=0 mom=0.9500 lrCyc[pk=9.7e-01,tr=9.8e-04] trainerStep=36050
[LAYER-HEALTH] live trainerStep=36050 scope=batch_norm_state_only reluSites=2/10 ch=144 dead=0 off=2 alwaysOn=0 worst=value.bn(dead 0 off 2 on 0) maxBetaOverGamma=+2.21@policy.pre_bn[103] minBetaOverGamma=-2.03@value.bn[2] rvMaxOverMedian=151.0@blocks.2.bn1[31] rezero=none nonFinite=0
[REPLAY] step=18100 loss=3.5092 pLoss=2.6896 vLoss=0.8179 pEnt=2.837 pIllM=0.0017 playedP=0.185 pW=0.47 pD=0.07 pL=0.46 vAbs=0.237 pLogitMean=-11.6193 vLogitMean=0.5949 gNorm=0.221 lr=0.000991 ms=797.6 buf=500000 plies=155204742 games=2338985 rejected=0 skipped=0 epoch=0 mom=0.9499 lrCyc[pk=9.7e-01,tr=9.8e-04] trainerStep=36100
[LAYER-HEALTH] live trainerStep=36100 scope=batch_norm_state_only reluSites=2/10 ch=144 dead=0 off=2 alwaysOn=0 worst=value.bn(dead 0 off 2 on 0) maxBetaOverGamma=+2.21@policy.pre_bn[103] minBetaOverGamma=-2.03@value.bn[2] rvMaxOverMedian=151.0@blocks.2.bn1[31] rezero=none nonFinite=0
[REPLAY] step=18150 loss=3.5076 pLoss=2.7059 vLoss=0.8002 pEnt=2.853 pIllM=0.0014 playedP=0.181 pW=0.47 pD=0.07 pL=0.46 vAbs=0.230 pLogitMean=-11.6200 vLogitMean=0.5962 gNorm=0.231 lr=0.000999 ms=790.4 buf=500000 plies=155631309 games=2345446 rejected=0 skipped=0 epoch=0 mom=0.9498 lrCyc[pk=9.7e-01,tr=9.8e-04] trainerStep=36150
[LAYER-HEALTH] live trainerStep=36150 scope=batch_norm_state_only reluSites=2/10 ch=144 dead=0 off=2 alwaysOn=0 worst=value.bn(dead 0 off 2 on 0) maxBetaOverGamma=+2.21@policy.pre_bn[103] minBetaOverGamma=-2.03@value.bn[2] rvMaxOverMedian=150.7@blocks.2.bn1[31] rezero=none nonFinite=0
[REPLAY] step=18200 loss=3.5069 pLoss=2.7030 vLoss=0.8026 pEnt=2.858 pIllM=0.0014 playedP=0.178 pW=0.47 pD=0.07 pL=0.46 vAbs=0.240 pLogitMean=-11.6228 vLogitMean=0.5964 gNorm=0.230 lr=0.00101 ms=796.3 buf=500000 plies=156057996 games=2351907 rejected=0 skipped=0 epoch=0 mom=0.9496 lrCyc[pk=9.7e-01,tr=9.8e-04] trainerStep=36200
[LAYER-HEALTH] live trainerStep=36200 scope=batch_norm_state_only reluSites=2/10 ch=144 dead=0 off=2 alwaysOn=0 worst=value.bn(dead 0 off 2 on 0) maxBetaOverGamma=+2.21@policy.pre_bn[103] minBetaOverGamma=-2.03@value.bn[2] rvMaxOverMedian=150.6@blocks.2.bn1[31] rezero=none nonFinite=0
[REPLAY] step=18250 loss=3.5025 pLoss=2.6966 vLoss=0.8045 pEnt=2.838 pIllM=0.0015 playedP=0.181 pW=0.47 pD=0.07 pL=0.47 vAbs=0.240 pLogitMean=-11.6196 vLogitMean=0.5962 gNorm=0.235 lr=0.00103 ms=788.1 buf=500000 plies=156484630 games=2358385 rejected=0 skipped=0 epoch=0 mom=0.9494 lrCyc[pk=9.7e-01,tr=9.8e-04] trainerStep=36250
[LAYER-HEALTH] live trainerStep=36250 scope=batch_norm_state_only reluSites=2/10 ch=144 dead=0 off=2 alwaysOn=0 worst=value.bn(dead 0 off 2 on 0) maxBetaOverGamma=+2.21@policy.pre_bn[103] minBetaOverGamma=-2.03@value.bn[2] rvMaxOverMedian=150.7@blocks.2.bn1[31] rezero=none nonFinite=0
[REPLAY] step=18300 loss=3.4997 pLoss=2.7057 vLoss=0.7926 pEnt=2.860 pIllM=0.0013 playedP=0.178 pW=0.47 pD=0.07 pL=0.46 vAbs=0.243 pLogitMean=-11.6205 vLogitMean=0.5961 gNorm=0.228 lr=0.00105 ms=787.0 buf=500000 plies=156911285 games=2364886 rejected=0 skipped=0 epoch=0 mom=0.9491 lrCyc[pk=9.7e-01,tr=9.8e-04] trainerStep=36300
[LAYER-HEALTH] live trainerStep=36300 scope=batch_norm_state_only reluSites=2/10 ch=144 dead=0 off=2 alwaysOn=0 worst=value.bn(dead 0 off 2 on 0) maxBetaOverGamma=+2.21@policy.pre_bn[103] minBetaOverGamma=-2.03@value.bn[2] rvMaxOverMedian=150.7@blocks.2.bn1[31] rezero=none nonFinite=0
[REPLAY] step=18350 loss=3.5371 pLoss=2.7162 vLoss=0.8196 pEnt=2.850 pIllM=0.0013 playedP=0.180 pW=0.47 pD=0.07 pL=0.46 vAbs=0.233 pLogitMean=-11.6197 vLogitMean=0.5960 gNorm=0.229 lr=0.00107 ms=791.5 buf=500000 plies=157337924 games=2371345 rejected=0 skipped=0 epoch=0 mom=0.9488 lrCyc[pk=9.7e-01,tr=9.8e-04] trainerStep=36350
[LAYER-HEALTH] live trainerStep=36350 scope=batch_norm_state_only reluSites=2/10 ch=144 dead=0 off=2 alwaysOn=0 worst=value.bn(dead 0 off 2 on 0) maxBetaOverGamma=+2.21@policy.pre_bn[103] minBetaOverGamma=-2.03@value.bn[2] rvMaxOverMedian=150.8@blocks.2.bn1[31] rezero=none nonFinite=0
[REPLAY] step=18400 loss=3.4834 pLoss=2.6775 vLoss=0.8045 pEnt=2.852 pIllM=0.0014 playedP=0.181 pW=0.47 pD=0.07 pL=0.46 vAbs=0.234 pLogitMean=-11.6198 vLogitMean=0.5922 gNorm=0.240 lr=0.0011 ms=802.8 buf=500000 plies=157764567 games=2377779 rejected=0 skipped=0 epoch=0 mom=0.9484 lrCyc[pk=9.7e-01,tr=9.8e-04] trainerStep=36400
[LAYER-HEALTH] live trainerStep=36400 scope=batch_norm_state_only reluSites=2/10 ch=144 dead=0 off=2 alwaysOn=0 worst=value.bn(dead 0 off 2 on 0) maxBetaOverGamma=+2.21@policy.pre_bn[103] minBetaOverGamma=-2.03@value.bn[2] rvMaxOverMedian=150.7@blocks.2.bn1[31] rezero=none nonFinite=0
[REPLAY] step=18450 loss=3.4892 pLoss=2.6914 vLoss=0.7961 pEnt=2.854 pIllM=0.0017 playedP=0.180 pW=0.47 pD=0.07 pL=0.46 vAbs=0.245 pLogitMean=-11.6208 vLogitMean=0.5938 gNorm=0.241 lr=0.00113 ms=803.3 buf=500000 plies=158191267 games=2384230 rejected=0 skipped=0 epoch=0 mom=0.9480 lrCyc[pk=9.7e-01,tr=9.8e-04] trainerStep=36450
[LAYER-HEALTH] live trainerStep=36450 scope=batch_norm_state_only reluSites=2/10 ch=144 dead=0 off=2 alwaysOn=0 worst=value.bn(dead 0 off 2 on 0) maxBetaOverGamma=+2.21@policy.pre_bn[103] minBetaOverGamma=-2.03@value.bn[2] rvMaxOverMedian=150.6@blocks.2.bn1[31] rezero=none nonFinite=0
[REPLAY] step=18500 loss=3.5133 pLoss=2.7115 vLoss=0.8006 pEnt=2.857 pIllM=0.0013 playedP=0.179 pW=0.47 pD=0.06 pL=0.46 vAbs=0.247 pLogitMean=-11.6222 vLogitMean=0.5964 gNorm=0.223 lr=0.00116 ms=786.4 buf=500000 plies=158617866 games=2390707 rejected=0 skipped=0 epoch=0 mom=0.9476 lrCyc[pk=9.7e-01,tr=9.8e-04] trainerStep=36500
[LAYER-HEALTH] live trainerStep=36500 scope=batch_norm_state_only reluSites=2/10 ch=144 dead=0 off=2 alwaysOn=0 worst=value.bn(dead 0 off 2 on 0) maxBetaOverGamma=+2.21@policy.pre_bn[103] minBetaOverGamma=-2.03@value.bn[2] rvMaxOverMedian=150.7@blocks.2.bn1[31] rezero=none nonFinite=0
[REPLAY] step=18550 loss=3.4779 pLoss=2.6770 vLoss=0.7995 pEnt=2.845 pIllM=0.0014 playedP=0.182 pW=0.47 pD=0.07 pL=0.46 vAbs=0.251 pLogitMean=-11.6213 vLogitMean=0.5954 gNorm=0.218 lr=0.00121 ms=787.9 buf=500000 plies=159044515 games=2397100 rejected=0 skipped=0 epoch=0 mom=0.9470 lrCyc[pk=9.7e-01,tr=9.8e-04] trainerStep=36550
[LAYER-HEALTH] live trainerStep=36550 scope=batch_norm_state_only reluSites=2/10 ch=144 dead=0 off=2 alwaysOn=0 worst=value.bn(dead 0 off 2 on 0) maxBetaOverGamma=+2.21@policy.pre_bn[103] minBetaOverGamma=-2.03@value.bn[2] rvMaxOverMedian=150.6@blocks.2.bn1[31] rezero=none nonFinite=0
[REPLAY] step=18600 loss=3.4873 pLoss=2.6671 vLoss=0.8186 pEnt=2.854 pIllM=0.0016 playedP=0.180 pW=0.47 pD=0.07 pL=0.46 vAbs=0.241 pLogitMean=-11.6218 vLogitMean=0.5936 gNorm=0.236 lr=0.00125 ms=780.6 buf=500000 plies=159471157 games=2403473 rejected=0 skipped=0 epoch=0 mom=0.9465 lrCyc[pk=9.7e-01,tr=9.8e-04] trainerStep=36600
[LAYER-HEALTH] live trainerStep=36600 scope=batch_norm_state_only reluSites=2/10 ch=144 dead=0 off=2 alwaysOn=0 worst=value.bn(dead 0 off 2 on 0) maxBetaOverGamma=+2.21@policy.pre_bn[103] minBetaOverGamma=-2.03@value.bn[2] rvMaxOverMedian=150.8@blocks.2.bn1[31] rezero=none nonFinite=0
[REPLAY] step=18650 loss=3.5303 pLoss=2.7174 vLoss=0.8117 pEnt=2.877 pIllM=0.0012 playedP=0.175 pW=0.47 pD=0.07 pL=0.46 vAbs=0.238 pLogitMean=-11.6256 vLogitMean=0.5924 gNorm=0.234 lr=0.00131 ms=787.6 buf=500000 plies=159897923 games=2409885 rejected=0 skipped=0 epoch=0 mom=0.9459 lrCyc[pk=9.7e-01,tr=9.8e-04] trainerStep=36650
[LAYER-HEALTH] live trainerStep=36650 scope=batch_norm_state_only reluSites=2/10 ch=144 dead=0 off=2 alwaysOn=0 worst=value.bn(dead 0 off 2 on 0) maxBetaOverGamma=+2.21@policy.pre_bn[103] minBetaOverGamma=-2.03@value.bn[2] rvMaxOverMedian=150.6@blocks.2.bn1[31] rezero=none nonFinite=0
[REPLAY] step=18700 loss=3.4857 pLoss=2.6847 vLoss=0.7994 pEnt=2.855 pIllM=0.0016 playedP=0.181 pW=0.47 pD=0.07 pL=0.46 vAbs=0.234 pLogitMean=-11.6210 vLogitMean=0.5939 gNorm=0.243 lr=0.00137 ms=785.8 buf=500000 plies=160324521 games=2416282 rejected=0 skipped=0 epoch=0 mom=0.9452 lrCyc[pk=9.7e-01,tr=9.8e-04] trainerStep=36700
[LAYER-HEALTH] live trainerStep=36700 scope=batch_norm_state_only reluSites=2/10 ch=144 dead=0 off=2 alwaysOn=0 worst=value.bn(dead 0 off 2 on 0) maxBetaOverGamma=+2.21@policy.pre_bn[103] minBetaOverGamma=-2.03@value.bn[2] rvMaxOverMedian=150.7@blocks.2.bn1[31] rezero=none nonFinite=0
[REPLAY] step=18750 loss=3.4775 pLoss=2.6735 vLoss=0.8027 pEnt=2.848 pIllM=0.0013 playedP=0.180 pW=0.47 pD=0.07 pL=0.46 vAbs=0.237 pLogitMean=-11.6225 vLogitMean=0.5962 gNorm=0.230 lr=0.00143 ms=802.2 buf=500000 plies=160751105 games=2422738 rejected=0 skipped=0 epoch=0 mom=0.9446 lrCyc[pk=9.7e-01,tr=9.8e-04] trainerStep=36750
[LAYER-HEALTH] live trainerStep=36750 scope=batch_norm_state_only reluSites=2/10 ch=144 dead=0 off=2 alwaysOn=0 worst=value.bn(dead 0 off 2 on 0) maxBetaOverGamma=+2.21@policy.pre_bn[103] minBetaOverGamma=-2.03@value.bn[2] rvMaxOverMedian=150.9@blocks.2.bn1[31] rezero=none nonFinite=0
[REPLAY] step=18800 loss=3.4941 pLoss=2.6958 vLoss=0.7969 pEnt=2.853 pIllM=0.0014 playedP=0.178 pW=0.47 pD=0.07 pL=0.46 vAbs=0.233 pLogitMean=-11.6232 vLogitMean=0.5963 gNorm=0.245 lr=0.00151 ms=799.9 buf=500000 plies=161177802 games=2429178 rejected=0 skipped=0 epoch=0 mom=0.9438 lrCyc[pk=9.7e-01,tr=9.8e-04] trainerStep=36800
[LAYER-HEALTH] live trainerStep=36800 scope=batch_norm_state_only reluSites=2/10 ch=144 dead=0 off=2 alwaysOn=0 worst=value.bn(dead 0 off 2 on 0) maxBetaOverGamma=+2.21@policy.pre_bn[103] minBetaOverGamma=-2.03@value.bn[2] rvMaxOverMedian=151.0@blocks.2.bn1[31] rezero=none nonFinite=0
[REPLAY] step=18850 loss=3.5028 pLoss=2.6930 vLoss=0.8085 pEnt=2.872 pIllM=0.0013 playedP=0.180 pW=0.47 pD=0.07 pL=0.46 vAbs=0.245 pLogitMean=-11.6253 vLogitMean=0.5964 gNorm=0.233 lr=0.00159 ms=796.4 buf=500000 plies=161604413 games=2435614 rejected=0 skipped=0 epoch=0 mom=0.9430 lrCyc[pk=9.7e-01,tr=9.8e-04] trainerStep=36850
[LAYER-HEALTH] live trainerStep=36850 scope=batch_norm_state_only reluSites=2/10 ch=144 dead=0 off=2 alwaysOn=0 worst=value.bn(dead 0 off 2 on 0) maxBetaOverGamma=+2.21@policy.pre_bn[103] minBetaOverGamma=-2.03@value.bn[2] rvMaxOverMedian=151.0@blocks.2.bn1[31] rezero=none nonFinite=0
[REPLAY] step=18900 loss=3.4911 pLoss=2.6771 vLoss=0.8127 pEnt=2.850 pIllM=0.0013 playedP=0.181 pW=0.47 pD=0.07 pL=0.46 vAbs=0.242 pLogitMean=-11.6256 vLogitMean=0.5951 gNorm=0.228 lr=0.00168 ms=801.2 buf=500000 plies=162031102 games=2442065 rejected=0 skipped=0 epoch=0 mom=0.9422 lrCyc[pk=9.7e-01,tr=9.8e-04] trainerStep=36900
[LAYER-HEALTH] live trainerStep=36900 scope=batch_norm_state_only reluSites=2/10 ch=144 dead=0 off=2 alwaysOn=0 worst=value.bn(dead 0 off 2 on 0) maxBetaOverGamma=+2.21@policy.pre_bn[103] minBetaOverGamma=-2.03@value.bn[2] rvMaxOverMedian=151.2@blocks.2.bn1[31] rezero=none nonFinite=0
[REPLAY] step=18950 loss=3.4996 pLoss=2.6825 vLoss=0.8155 pEnt=2.844 pIllM=0.0016 playedP=0.185 pW=0.47 pD=0.07 pL=0.46 vAbs=0.238 pLogitMean=-11.6238 vLogitMean=0.5925 gNorm=0.241 lr=0.00178 ms=780.0 buf=500000 plies=162457707 games=2448429 rejected=0 skipped=0 epoch=0 mom=0.9414 lrCyc[pk=9.7e-01,tr=9.8e-04] trainerStep=36950
[LAYER-HEALTH] live trainerStep=36950 scope=batch_norm_state_only reluSites=2/10 ch=144 dead=0 off=2 alwaysOn=0 worst=value.bn(dead 0 off 2 on 0) maxBetaOverGamma=+2.21@policy.pre_bn[103] minBetaOverGamma=-2.03@value.bn[2] rvMaxOverMedian=151.1@blocks.2.bn1[31] rezero=none nonFinite=0
[REPLAY] step=19000 loss=3.5238 pLoss=2.7123 vLoss=0.8099 pEnt=2.862 pIllM=0.0016 playedP=0.179 pW=0.47 pD=0.07 pL=0.46 vAbs=0.235 pLogitMean=-11.6243 vLogitMean=0.5936 gNorm=0.235 lr=0.0019 ms=796.8 buf=500000 plies=162884403 games=2454951 rejected=0 skipped=0 epoch=0 mom=0.9405 lrCyc[pk=9.7e-01,tr=9.8e-04] trainerStep=37000
[LAYER-HEALTH] live trainerStep=37000 scope=batch_norm_state_only reluSites=2/10 ch=144 dead=0 off=2 alwaysOn=0 worst=value.bn(dead 0 off 2 on 0) maxBetaOverGamma=+2.21@policy.pre_bn[103] minBetaOverGamma=-2.03@value.bn[2] rvMaxOverMedian=151.0@blocks.2.bn1[31] rezero=none nonFinite=0
[REPLAY] saved trainer model (autosave) step=19000 trainerStep=37000 nextGame=4767621 shard=10 epoch=0 -> 20261006-lrBsilu-clip1-replay-latest.safetensors
[LAYER-HEALTH] checkpoint replay-autosave step=19000 trainerStep=37000 scope=all_tensors reluSites=2/10 ch=144 dead=0 off=2 alwaysOn=0 worst=value.bn(dead 0 off 2 on 0) maxBetaOverGamma=+2.21@policy.pre_bn[103] minBetaOverGamma=-2.03@value.bn[2] rvMaxOverMedian=151.0@blocks.2.bn1[31] rezero=none nonFinite=0 seZeroVel=none valueFC1ZeroVel=0/128 maxAbs=42.36@blocks.1.bn1.running_var
[LAYER-HEALTH]   batch-norm sites — β/|γ|: dead < -3.00, mostly off < -2.00, always on > +3.00; classified for relu/leaky_relu only
[LAYER-HEALTH]     site            act            ch   dead    off     on  zeroγ nonfin  min β/|γ| [ch]     max β/|γ| [ch]     rv max/median [ch]
[LAYER-HEALTH]     stem.bn         -             128    n/a    n/a    n/a      0      0     -0.90 [11]         +0.40 [95]            5.9 [5]
[LAYER-HEALTH]     blocks.0.bn1    silu          128    n/a    n/a    n/a      0      0     -1.20 [5]          +0.23 [64]            7.0 [76]
[LAYER-HEALTH]     blocks.0.bn2    silu          128    n/a    n/a    n/a      0      0     -1.30 [53]         +4.95 [48]            5.1 [94]
[LAYER-HEALTH]     blocks.1.bn1    silu          128    n/a    n/a    n/a      0      0     -1.44 [35]         -0.10 [31]          143.5 [31]
[LAYER-HEALTH]     blocks.1.bn2    silu          128    n/a    n/a    n/a      0      0     -1.63 [93]         -0.16 [101]           9.4 [70]
[LAYER-HEALTH]     blocks.2.bn1    silu          128    n/a    n/a    n/a      0      0     -2.37 [17]         +2.13 [31]          151.0 [31]
[LAYER-HEALTH]     blocks.2.bn2    silu          128    n/a    n/a    n/a      0      0     -1.61 [78]         +0.01 [16]            3.7 [122]
[LAYER-HEALTH]     tower_final_bn  silu          128    n/a    n/a    n/a      0      0     -0.71 [90]         +1.14 [111]          14.1 [31]
[LAYER-HEALTH]     policy.pre_bn   leaky_relu    128      0      0      0      0      0     -0.99 [7]          +2.21 [103]           3.5 [120]
[LAYER-HEALTH]     value.bn        leaky_relu     16      0      2      0      0      0     -2.03 [2]          -0.17 [13]            2.4 [11]
[LAYER-HEALTH]   FC hidden-unit velocity — zero: every weight-velocity entry exactly 0; low: nonzero but < 5% of the layer's p90 unit norm
[LAYER-HEALTH]     value.fc1.weight  leaky_relu  units 128  zero 0  low 20  median unit norm 0.004941
[LAYER-HEALTH]     (no SE blocks)
[LAYER-HEALTH]   ReZero: none
[LAYER-HEALTH]   non-finite: 0 values in 0 of 102 tensors (10263038 values examined)
[LAYER-HEALTH]   largest |value|: blocks.1.bn1.running_var 42.36, blocks.2.bn1.running_var 36.91, blocks.1.bn2.running_var 14.06, blocks.0.bn2.running_var 11.36, tower_final_bn.running_var 7.696
[REPLAY] enumerated checkpoint -> 20261006-lrBsilu-clip1-replay-seg1-step19000.safetensors
[REPLAY] step=19050 loss=3.4575 pLoss=2.6542 vLoss=0.8016 pEnt=2.842 pIllM=0.0017 playedP=0.183 pW=0.47 pD=0.07 pL=0.46 vAbs=0.244 pLogitMean=-11.6216 vLogitMean=0.5950 gNorm=0.233 lr=0.00203 ms=795.3 buf=500000 plies=163311050 games=2461379 rejected=0 skipped=0 epoch=0 mom=0.9395 lrCyc[pk=9.7e-01,tr=9.8e-04] trainerStep=37050
[LAYER-HEALTH] live trainerStep=37050 scope=batch_norm_state_only reluSites=2/10 ch=144 dead=0 off=2 alwaysOn=0 worst=value.bn(dead 0 off 2 on 0) maxBetaOverGamma=+2.21@policy.pre_bn[103] minBetaOverGamma=-2.03@value.bn[2] rvMaxOverMedian=150.9@blocks.2.bn1[31] rezero=none nonFinite=0
[REPLAY] step=19100 loss=3.4757 pLoss=2.6847 vLoss=0.7893 pEnt=2.846 pIllM=0.0017 playedP=0.182 pW=0.47 pD=0.06 pL=0.47 vAbs=0.248 pLogitMean=-11.6220 vLogitMean=0.5952 gNorm=0.214 lr=0.00217 ms=797.4 buf=500000 plies=163737660 games=2467858 rejected=0 skipped=0 epoch=0 mom=0.9385 lrCyc[pk=9.7e-01,tr=9.8e-04] trainerStep=37100
[LAYER-HEALTH] live trainerStep=37100 scope=batch_norm_state_only reluSites=2/10 ch=144 dead=0 off=2 alwaysOn=0 worst=value.bn(dead 0 off 2 on 0) maxBetaOverGamma=+2.21@policy.pre_bn[103] minBetaOverGamma=-2.03@value.bn[2] rvMaxOverMedian=150.7@blocks.2.bn1[31] rezero=none nonFinite=0
[REPLAY] step=19150 loss=3.5064 pLoss=2.6896 vLoss=0.8151 pEnt=2.857 pIllM=0.0017 playedP=0.178 pW=0.47 pD=0.06 pL=0.47 vAbs=0.247 pLogitMean=-11.6223 vLogitMean=0.5951 gNorm=0.217 lr=0.00233 ms=792.8 buf=500000 plies=164164315 games=2474285 rejected=0 skipped=0 epoch=0 mom=0.9375 lrCyc[pk=9.7e-01,tr=9.8e-04] trainerStep=37150
[LAYER-HEALTH] live trainerStep=37150 scope=batch_norm_state_only reluSites=2/10 ch=144 dead=0 off=2 alwaysOn=0 worst=value.bn(dead 0 off 2 on 0) maxBetaOverGamma=+2.21@policy.pre_bn[103] minBetaOverGamma=-2.03@value.bn[2] rvMaxOverMedian=150.9@blocks.2.bn1[31] rezero=none nonFinite=0
[REPLAY] step=19200 loss=3.5162 pLoss=2.7031 vLoss=0.8117 pEnt=2.851 pIllM=0.0015 playedP=0.181 pW=0.47 pD=0.07 pL=0.46 vAbs=0.237 pLogitMean=-11.6237 vLogitMean=0.5935 gNorm=0.239 lr=0.0025 ms=797.5 buf=500000 plies=164591037 games=2480700 rejected=0 skipped=0 epoch=0 mom=0.9365 lrCyc[pk=9.7e-01,tr=9.8e-04] trainerStep=37200
[LAYER-HEALTH] live trainerStep=37200 scope=batch_norm_state_only reluSites=2/10 ch=144 dead=0 off=2 alwaysOn=0 worst=value.bn(dead 0 off 2 on 0) maxBetaOverGamma=+2.21@policy.pre_bn[103] minBetaOverGamma=-2.03@value.bn[2] rvMaxOverMedian=150.9@blocks.2.bn1[31] rezero=none nonFinite=0
[REPLAY] step=19250 loss=3.4805 pLoss=2.6838 vLoss=0.7952 pEnt=2.832 pIllM=0.0015 playedP=0.186 pW=0.47 pD=0.07 pL=0.46 vAbs=0.236 pLogitMean=-11.6226 vLogitMean=0.5947 gNorm=0.229 lr=0.0027 ms=791.7 buf=500000 plies=165017675 games=2487139 rejected=0 skipped=0 epoch=0 mom=0.9354 lrCyc[pk=9.7e-01,tr=9.8e-04] trainerStep=37250
[LAYER-HEALTH] live trainerStep=37250 scope=batch_norm_state_only reluSites=2/10 ch=144 dead=0 off=2 alwaysOn=0 worst=value.bn(dead 0 off 2 on 0) maxBetaOverGamma=+2.21@policy.pre_bn[103] minBetaOverGamma=-2.03@value.bn[2] rvMaxOverMedian=151.0@blocks.2.bn1[31] rezero=none nonFinite=0
[REPLAY] step=19300 loss=3.5115 pLoss=2.7022 vLoss=0.8077 pEnt=2.862 pIllM=0.0016 playedP=0.177 pW=0.47 pD=0.07 pL=0.46 vAbs=0.236 pLogitMean=-11.6251 vLogitMean=0.5951 gNorm=0.240 lr=0.00292 ms=804.4 buf=500000 plies=165444260 games=2493589 rejected=0 skipped=0 epoch=0 mom=0.9343 lrCyc[pk=9.7e-01,tr=9.8e-04] trainerStep=37300
[LAYER-HEALTH] live trainerStep=37300 scope=batch_norm_state_only reluSites=2/10 ch=144 dead=0 off=2 alwaysOn=0 worst=value.bn(dead 0 off 2 on 0) maxBetaOverGamma=+2.21@policy.pre_bn[103] minBetaOverGamma=-2.03@value.bn[9] rvMaxOverMedian=151.5@blocks.2.bn1[31] rezero=none nonFinite=0
[REPLAY] step=19350 loss=3.5219 pLoss=2.7159 vLoss=0.8047 pEnt=2.881 pIllM=0.0013 playedP=0.174 pW=0.47 pD=0.07 pL=0.46 vAbs=0.238 pLogitMean=-11.6317 vLogitMean=0.5950 gNorm=0.226 lr=0.00316 ms=798.5 buf=500000 plies=165870933 games=2499926 rejected=0 skipped=0 epoch=0 mom=0.9331 lrCyc[pk=9.7e-01,tr=9.8e-04] trainerStep=37350
[LAYER-HEALTH] live trainerStep=37350 scope=batch_norm_state_only reluSites=2/10 ch=144 dead=0 off=2 alwaysOn=0 worst=value.bn(dead 0 off 2 on 0) maxBetaOverGamma=+2.21@policy.pre_bn[103] minBetaOverGamma=-2.03@value.bn[9] rvMaxOverMedian=151.7@blocks.2.bn1[31] rezero=none nonFinite=0
[REPLAY] step=19400 loss=3.5349 pLoss=2.7180 vLoss=0.8156 pEnt=2.864 pIllM=0.0013 playedP=0.178 pW=0.47 pD=0.07 pL=0.46 vAbs=0.234 pLogitMean=-11.6334 vLogitMean=0.5936 gNorm=0.230 lr=0.00343 ms=792.1 buf=500000 plies=166297568 games=2506398 rejected=0 skipped=0 epoch=0 mom=0.9319 lrCyc[pk=9.7e-01,tr=9.8e-04] trainerStep=37400
[LAYER-HEALTH] live trainerStep=37400 scope=batch_norm_state_only reluSites=2/10 ch=144 dead=0 off=2 alwaysOn=0 worst=value.bn(dead 0 off 2 on 0) maxBetaOverGamma=+2.21@policy.pre_bn[103] minBetaOverGamma=-2.03@value.bn[9] rvMaxOverMedian=151.8@blocks.2.bn1[31] rezero=none nonFinite=0
[REPLAY] step=19450 loss=3.5283 pLoss=2.6974 vLoss=0.8296 pEnt=2.851 pIllM=0.0013 playedP=0.178 pW=0.47 pD=0.07 pL=0.46 vAbs=0.227 pLogitMean=-11.6301 vLogitMean=0.5925 gNorm=0.225 lr=0.00373 ms=796.7 buf=500000 plies=166724242 games=2512766 rejected=0 skipped=0 epoch=0 mom=0.9307 lrCyc[pk=9.7e-01,tr=9.8e-04] trainerStep=37450
[LAYER-HEALTH] live trainerStep=37450 scope=batch_norm_state_only reluSites=2/10 ch=144 dead=0 off=2 alwaysOn=0 worst=value.bn(dead 0 off 2 on 0) maxBetaOverGamma=+2.21@policy.pre_bn[103] minBetaOverGamma=-2.03@value.bn[9] rvMaxOverMedian=151.5@blocks.2.bn1[31] rezero=none nonFinite=0
[REPLAY] step=19500 loss=3.5527 pLoss=2.7424 vLoss=0.8090 pEnt=2.856 pIllM=0.0013 playedP=0.178 pW=0.47 pD=0.07 pL=0.46 vAbs=0.233 pLogitMean=-11.6306 vLogitMean=0.5951 gNorm=0.245 lr=0.00407 ms=801.3 buf=500000 plies=167150872 games=2519209 rejected=0 skipped=0 epoch=0 mom=0.9294 lrCyc[pk=9.7e-01,tr=9.8e-04] trainerStep=37500
[LAYER-HEALTH] live trainerStep=37500 scope=batch_norm_state_only reluSites=2/10 ch=144 dead=0 off=2 alwaysOn=0 worst=value.bn(dead 0 off 2 on 0) maxBetaOverGamma=+2.21@policy.pre_bn[103] minBetaOverGamma=-2.04@value.bn[9] rvMaxOverMedian=151.3@blocks.2.bn1[31] rezero=none nonFinite=0
[REPLAY] step=19550 loss=3.5319 pLoss=2.7197 vLoss=0.8108 pEnt=2.864 pIllM=0.0014 playedP=0.176 pW=0.47 pD=0.07 pL=0.46 vAbs=0.217 pLogitMean=-11.6356 vLogitMean=0.5952 gNorm=0.235 lr=0.00445 ms=788.6 buf=500000 plies=167577572 games=2525658 rejected=0 skipped=0 epoch=0 mom=0.9281 lrCyc[pk=9.7e-01,tr=9.8e-04] trainerStep=37550
[LAYER-HEALTH] live trainerStep=37550 scope=batch_norm_state_only reluSites=2/10 ch=144 dead=0 off=2 alwaysOn=0 worst=value.bn(dead 0 off 2 on 0) maxBetaOverGamma=+2.21@policy.pre_bn[103] minBetaOverGamma=-2.04@value.bn[9] rvMaxOverMedian=151.1@blocks.2.bn1[31] rezero=none nonFinite=0
[REPLAY] step=19600 loss=3.4962 pLoss=2.6915 vLoss=0.8034 pEnt=2.840 pIllM=0.0013 playedP=0.180 pW=0.47 pD=0.07 pL=0.46 vAbs=0.237 pLogitMean=-11.6358 vLogitMean=0.5934 gNorm=0.226 lr=0.00487 ms=803.1 buf=500000 plies=168004181 games=2532105 rejected=0 skipped=0 epoch=0 mom=0.9268 lrCyc[pk=9.7e-01,tr=9.8e-04] trainerStep=37600
[LAYER-HEALTH] live trainerStep=37600 scope=batch_norm_state_only reluSites=2/10 ch=144 dead=0 off=2 alwaysOn=0 worst=value.bn(dead 0 off 2 on 0) maxBetaOverGamma=+2.21@policy.pre_bn[103] minBetaOverGamma=-2.04@value.bn[9] rvMaxOverMedian=150.8@blocks.2.bn1[31] rezero=none nonFinite=0
[REPLAY] step=19650 loss=3.5181 pLoss=2.7135 vLoss=0.8031 pEnt=2.864 pIllM=0.0015 playedP=0.177 pW=0.47 pD=0.06 pL=0.46 vAbs=0.242 pLogitMean=-11.6365 vLogitMean=0.5950 gNorm=0.232 lr=0.00534 ms=794.7 buf=500000 plies=168430979 games=2538571 rejected=0 skipped=0 epoch=0 mom=0.9255 lrCyc[pk=9.7e-01,tr=9.8e-04] trainerStep=37650
[LAYER-HEALTH] live trainerStep=37650 scope=batch_norm_state_only reluSites=2/10 ch=144 dead=0 off=2 alwaysOn=0 worst=value.bn(dead 0 off 2 on 0) maxBetaOverGamma=+2.21@policy.pre_bn[103] minBetaOverGamma=-2.04@value.bn[9] rvMaxOverMedian=150.9@blocks.2.bn1[31] rezero=none nonFinite=0
[REPLAY] step=19700 loss=3.4589 pLoss=2.6519 vLoss=0.8056 pEnt=2.843 pIllM=0.0013 playedP=0.182 pW=0.47 pD=0.07 pL=0.47 vAbs=0.258 pLogitMean=-11.6338 vLogitMean=0.5942 gNorm=0.227 lr=0.00586 ms=804.2 buf=500000 plies=168857504 games=2544965 rejected=0 skipped=0 epoch=0 mom=0.9241 lrCyc[pk=9.7e-01,tr=9.8e-04] trainerStep=37700
[LAYER-HEALTH] live trainerStep=37700 scope=batch_norm_state_only reluSites=2/10 ch=144 dead=0 off=2 alwaysOn=0 worst=value.bn(dead 0 off 2 on 0) maxBetaOverGamma=+2.21@policy.pre_bn[103] minBetaOverGamma=-2.03@value.bn[9] rvMaxOverMedian=151.2@blocks.2.bn1[31] rezero=none nonFinite=0
[REPLAY] step=19750 loss=3.5120 pLoss=2.7112 vLoss=0.7993 pEnt=2.842 pIllM=0.0014 playedP=0.179 pW=0.47 pD=0.07 pL=0.46 vAbs=0.238 pLogitMean=-11.6350 vLogitMean=0.5937 gNorm=0.229 lr=0.00645 ms=791.6 buf=500000 plies=169284104 games=2551354 rejected=0 skipped=0 epoch=0 mom=0.9227 lrCyc[pk=9.7e-01,tr=9.8e-04] trainerStep=37750
[LAYER-HEALTH] live trainerStep=37750 scope=batch_norm_state_only reluSites=2/10 ch=144 dead=0 off=2 alwaysOn=0 worst=value.bn(dead 0 off 2 on 0) maxBetaOverGamma=+2.21@policy.pre_bn[103] minBetaOverGamma=-2.04@value.bn[9] rvMaxOverMedian=151.6@blocks.2.bn1[31] rezero=none nonFinite=0
[REPLAY] step=19800 loss=3.4777 pLoss=2.6844 vLoss=0.7921 pEnt=2.847 pIllM=0.0012 playedP=0.178 pW=0.47 pD=0.06 pL=0.46 vAbs=0.240 pLogitMean=-11.6357 vLogitMean=0.5963 gNorm=0.234 lr=0.00711 ms=786.3 buf=500000 plies=169710784 games=2557775 rejected=0 skipped=0 epoch=0 mom=0.9213 lrCyc[pk=9.7e-01,tr=9.8e-04] trainerStep=37800
[LAYER-HEALTH] live trainerStep=37800 scope=batch_norm_state_only reluSites=2/10 ch=144 dead=0 off=2 alwaysOn=0 worst=value.bn(dead 0 off 2 on 0) maxBetaOverGamma=+2.21@policy.pre_bn[103] minBetaOverGamma=-2.04@value.bn[9] rvMaxOverMedian=152.0@blocks.2.bn1[31] rezero=none nonFinite=0
[REPLAY] step=19850 loss=3.5012 pLoss=2.7048 vLoss=0.7952 pEnt=2.857 pIllM=0.0013 playedP=0.180 pW=0.47 pD=0.06 pL=0.46 vAbs=0.243 pLogitMean=-11.6375 vLogitMean=0.5952 gNorm=0.228 lr=0.00785 ms=800.1 buf=500000 plies=170137467 games=2564226 rejected=0 skipped=0 epoch=0 mom=0.9199 lrCyc[pk=9.7e-01,tr=9.8e-04] trainerStep=37850
[LAYER-HEALTH] live trainerStep=37850 scope=batch_norm_state_only reluSites=2/10 ch=144 dead=0 off=2 alwaysOn=0 worst=value.bn(dead 0 off 2 on 0) maxBetaOverGamma=+2.21@policy.pre_bn[103] minBetaOverGamma=-2.04@value.bn[9] rvMaxOverMedian=152.6@blocks.2.bn1[31] rezero=none nonFinite=0
[REPLAY] step=19900 loss=3.5156 pLoss=2.7085 vLoss=0.8057 pEnt=2.866 pIllM=0.0014 playedP=0.179 pW=0.47 pD=0.07 pL=0.46 vAbs=0.247 pLogitMean=-11.6375 vLogitMean=0.5925 gNorm=0.249 lr=0.00867 ms=792.8 buf=500000 plies=170564114 games=2570697 rejected=0 skipped=0 epoch=0 mom=0.9185 lrCyc[pk=9.7e-01,tr=9.8e-04] trainerStep=37900
[LAYER-HEALTH] live trainerStep=37900 scope=batch_norm_state_only reluSites=2/10 ch=144 dead=0 off=2 alwaysOn=0 worst=value.bn(dead 0 off 2 on 0) maxBetaOverGamma=+2.21@policy.pre_bn[103] minBetaOverGamma=-2.04@value.bn[9] rvMaxOverMedian=152.8@blocks.2.bn1[31] rezero=none nonFinite=0
[REPLAY] step=19950 loss=3.5511 pLoss=2.7288 vLoss=0.8209 pEnt=2.857 pIllM=0.0015 playedP=0.176 pW=0.47 pD=0.07 pL=0.46 vAbs=0.238 pLogitMean=-11.6329 vLogitMean=0.5923 gNorm=0.253 lr=0.0096 ms=796.3 buf=500000 plies=170990712 games=2577099 rejected=0 skipped=0 epoch=0 mom=0.9170 lrCyc[pk=9.7e-01,tr=9.8e-04] trainerStep=37950
[LAYER-HEALTH] live trainerStep=37950 scope=batch_norm_state_only reluSites=2/10 ch=144 dead=0 off=2 alwaysOn=0 worst=value.bn(dead 0 off 2 on 0) maxBetaOverGamma=+2.21@policy.pre_bn[103] minBetaOverGamma=-2.04@value.bn[9] rvMaxOverMedian=152.8@blocks.2.bn1[31] rezero=none nonFinite=0
[REPLAY] step=20000 loss=3.4946 pLoss=2.6939 vLoss=0.7993 pEnt=2.852 pIllM=0.0015 playedP=0.181 pW=0.47 pD=0.07 pL=0.46 vAbs=0.233 pLogitMean=-11.6343 vLogitMean=0.5954 gNorm=0.225 lr=0.0106 ms=790.8 buf=500000 plies=171417429 games=2583555 rejected=0 skipped=0 epoch=0 mom=0.9155 lrCyc[pk=9.7e-01,tr=9.8e-04] trainerStep=38000
[LAYER-HEALTH] live trainerStep=38000 scope=batch_norm_state_only reluSites=2/10 ch=144 dead=0 off=2 alwaysOn=0 worst=value.bn(dead 0 off 2 on 0) maxBetaOverGamma=+2.21@policy.pre_bn[103] minBetaOverGamma=-2.04@value.bn[9] rvMaxOverMedian=153.5@blocks.2.bn1[31] rezero=none nonFinite=0
[REPLAY] saved trainer model (autosave) step=20000 trainerStep=38000 nextGame=4896225 shard=10 epoch=0 -> 20261006-lrBsilu-clip1-replay-latest.safetensors
[LAYER-HEALTH] checkpoint replay-autosave step=20000 trainerStep=38000 scope=all_tensors reluSites=2/10 ch=144 dead=0 off=2 alwaysOn=0 worst=value.bn(dead 0 off 2 on 0) maxBetaOverGamma=+2.21@policy.pre_bn[103] minBetaOverGamma=-2.04@value.bn[9] rvMaxOverMedian=153.5@blocks.2.bn1[31] rezero=none nonFinite=0 seZeroVel=none valueFC1ZeroVel=0/128 maxAbs=42.33@blocks.1.bn1.running_var
[LAYER-HEALTH]   batch-norm sites — β/|γ|: dead < -3.00, mostly off < -2.00, always on > +3.00; classified for relu/leaky_relu only
[LAYER-HEALTH]     site            act            ch   dead    off     on  zeroγ nonfin  min β/|γ| [ch]     max β/|γ| [ch]     rv max/median [ch]
[LAYER-HEALTH]     stem.bn         -             128    n/a    n/a    n/a      0      0     -0.91 [11]         +0.40 [95]            5.9 [5]
[LAYER-HEALTH]     blocks.0.bn1    silu          128    n/a    n/a    n/a      0      0     -1.20 [5]          +0.23 [64]            7.0 [76]
[LAYER-HEALTH]     blocks.0.bn2    silu          128    n/a    n/a    n/a      0      0     -1.30 [53]         +4.96 [48]            5.1 [94]
[LAYER-HEALTH]     blocks.1.bn1    silu          128    n/a    n/a    n/a      0      0     -1.44 [35]         -0.10 [31]          143.7 [31]
[LAYER-HEALTH]     blocks.1.bn2    silu          128    n/a    n/a    n/a      0      0     -1.63 [93]         -0.15 [101]           9.4 [70]
[LAYER-HEALTH]     blocks.2.bn1    silu          128    n/a    n/a    n/a      0      0     -2.37 [17]         +2.13 [31]          153.5 [31]
[LAYER-HEALTH]     blocks.2.bn2    silu          128    n/a    n/a    n/a      0      0     -1.61 [78]         +0.01 [16]            3.8 [122]
[LAYER-HEALTH]     tower_final_bn  silu          128    n/a    n/a    n/a      0      0     -0.71 [90]         +1.14 [101]          14.3 [31]
[LAYER-HEALTH]     policy.pre_bn   leaky_relu    128      0      0      0      0      0     -0.99 [7]          +2.21 [103]           3.5 [120]
[LAYER-HEALTH]     value.bn        leaky_relu     16      0      2      0      0      0     -2.04 [9]          -0.18 [13]            2.4 [11]
[LAYER-HEALTH]   FC hidden-unit velocity — zero: every weight-velocity entry exactly 0; low: nonzero but < 5% of the layer's p90 unit norm
[LAYER-HEALTH]     value.fc1.weight  leaky_relu  units 128  zero 0  low 23  median unit norm 0.002874
[LAYER-HEALTH]     (no SE blocks)
[LAYER-HEALTH]   ReZero: none
[LAYER-HEALTH]   non-finite: 0 values in 0 of 102 tensors (10263038 values examined)
[LAYER-HEALTH]   largest |value|: blocks.1.bn1.running_var 42.33, blocks.2.bn1.running_var 37.13, blocks.1.bn2.running_var 13.94, blocks.0.bn2.running_var 11.31, tower_final_bn.running_var 7.733
[REPLAY] enumerated checkpoint -> 20261006-lrBsilu-clip1-replay-seg1-step20000.safetensors
[REPLAY] step=20050 loss=3.5052 pLoss=2.7000 vLoss=0.8037 pEnt=2.856 pIllM=0.0015 playedP=0.179 pW=0.47 pD=0.07 pL=0.46 vAbs=0.238 pLogitMean=-11.6328 vLogitMean=0.5937 gNorm=0.231 lr=0.0118 ms=798.7 buf=500000 plies=171844082 games=2590022 rejected=0 skipped=0 epoch=0 mom=0.9140 lrCyc[pk=9.7e-01,tr=9.8e-04] trainerStep=38050
[LAYER-HEALTH] live trainerStep=38050 scope=batch_norm_state_only reluSites=2/10 ch=144 dead=0 off=2 alwaysOn=0 worst=value.bn(dead 0 off 2 on 0) maxBetaOverGamma=+2.21@policy.pre_bn[103] minBetaOverGamma=-2.04@value.bn[9] rvMaxOverMedian=153.7@blocks.2.bn1[31] rezero=none nonFinite=0
[REPLAY] step=20100 loss=3.4676 pLoss=2.6637 vLoss=0.8027 pEnt=2.856 pIllM=0.0012 playedP=0.180 pW=0.47 pD=0.07 pL=0.46 vAbs=0.242 pLogitMean=-11.6357 vLogitMean=0.5967 gNorm=0.232 lr=0.0131 ms=791.6 buf=500000 plies=172270658 games=2596419 rejected=0 skipped=0 epoch=0 mom=0.9125 lrCyc[pk=9.7e-01,tr=9.8e-04] trainerStep=38100
[LAYER-HEALTH] live trainerStep=38100 scope=batch_norm_state_only reluSites=2/10 ch=144 dead=0 off=2 alwaysOn=0 worst=value.bn(dead 0 off 2 on 0) maxBetaOverGamma=+2.21@policy.pre_bn[103] minBetaOverGamma=-2.05@value.bn[9] rvMaxOverMedian=153.5@blocks.2.bn1[31] rezero=none nonFinite=0
[REPLAY] step=20150 loss=3.4678 pLoss=2.6544 vLoss=0.8121 pEnt=2.845 pIllM=0.0013 playedP=0.182 pW=0.46 pD=0.07 pL=0.47 vAbs=0.245 pLogitMean=-11.6344 vLogitMean=0.5965 gNorm=0.260 lr=0.0145 ms=803.6 buf=500000 plies=172697319 games=2602820 rejected=0 skipped=0 epoch=0 mom=0.9110 lrCyc[pk=9.7e-01,tr=9.8e-04] trainerStep=38150
[LAYER-HEALTH] live trainerStep=38150 scope=batch_norm_state_only reluSites=2/10 ch=144 dead=0 off=2 alwaysOn=0 worst=value.bn(dead 0 off 2 on 0) maxBetaOverGamma=+2.20@policy.pre_bn[103] minBetaOverGamma=-2.05@value.bn[9] rvMaxOverMedian=153.1@blocks.2.bn1[31] rezero=none nonFinite=0
[REPLAY] step=20200 loss=3.4920 pLoss=2.6912 vLoss=0.7992 pEnt=2.856 pIllM=0.0016 playedP=0.181 pW=0.47 pD=0.06 pL=0.47 vAbs=0.248 pLogitMean=-11.6384 vLogitMean=0.5942 gNorm=0.253 lr=0.0162 ms=792.4 buf=500000 plies=173123960 games=2609259 rejected=0 skipped=0 epoch=0 mom=0.9094 lrCyc[pk=9.7e-01,tr=9.8e-04] trainerStep=38200
[LAYER-HEALTH] live trainerStep=38200 scope=batch_norm_state_only reluSites=2/10 ch=144 dead=0 off=2 alwaysOn=0 worst=value.bn(dead 0 off 2 on 0) maxBetaOverGamma=+2.21@policy.pre_bn[103] minBetaOverGamma=-2.05@value.bn[9] rvMaxOverMedian=153.1@blocks.2.bn1[31] rezero=none nonFinite=0
[REPLAY] step=20250 loss=3.4694 pLoss=2.6611 vLoss=0.8070 pEnt=2.845 pIllM=0.0013 playedP=0.182 pW=0.47 pD=0.07 pL=0.46 vAbs=0.250 pLogitMean=-11.6358 vLogitMean=0.5952 gNorm=0.235 lr=0.018 ms=791.9 buf=500000 plies=173550639 games=2615608 rejected=0 skipped=0 epoch=0 mom=0.9079 lrCyc[pk=9.7e-01,tr=9.8e-04] trainerStep=38250
[LAYER-HEALTH] live trainerStep=38250 scope=batch_norm_state_only reluSites=2/10 ch=144 dead=0 off=2 alwaysOn=0 worst=value.bn(dead 0 off 2 on 0) maxBetaOverGamma=+2.21@policy.pre_bn[103] minBetaOverGamma=-2.05@value.bn[9] rvMaxOverMedian=153.6@blocks.2.bn1[31] rezero=none nonFinite=0
[REPLAY] step=20300 loss=3.4901 pLoss=2.6975 vLoss=0.7911 pEnt=2.855 pIllM=0.0014 playedP=0.177 pW=0.47 pD=0.06 pL=0.47 vAbs=0.251 pLogitMean=-11.6372 vLogitMean=0.5937 gNorm=0.249 lr=0.02 ms=806.5 buf=500000 plies=173977289 games=2621941 rejected=0 skipped=0 epoch=0 mom=0.9063 lrCyc[pk=9.7e-01,tr=9.8e-04] trainerStep=38300
[LAYER-HEALTH] live trainerStep=38300 scope=batch_norm_state_only reluSites=2/10 ch=144 dead=0 off=2 alwaysOn=0 worst=value.bn(dead 0 off 2 on 0) maxBetaOverGamma=+2.21@policy.pre_bn[103] minBetaOverGamma=-2.05@value.bn[9] rvMaxOverMedian=153.2@blocks.2.bn1[31] rezero=none nonFinite=0
[REPLAY] step=20350 loss=3.5066 pLoss=2.7037 vLoss=0.8014 pEnt=2.852 pIllM=0.0015 playedP=0.178 pW=0.48 pD=0.07 pL=0.46 vAbs=0.243 pLogitMean=-11.6354 vLogitMean=0.5949 gNorm=0.242 lr=0.0223 ms=788.0 buf=500000 plies=174403980 games=2628306 rejected=0 skipped=0 epoch=0 mom=0.9048 lrCyc[pk=9.7e-01,tr=9.8e-04] trainerStep=38350
[LAYER-HEALTH] live trainerStep=38350 scope=batch_norm_state_only reluSites=2/10 ch=144 dead=0 off=2 alwaysOn=0 worst=value.bn(dead 0 off 2 on 0) maxBetaOverGamma=+2.21@policy.pre_bn[103] minBetaOverGamma=-2.05@value.bn[9] rvMaxOverMedian=152.5@blocks.2.bn1[31] rezero=none nonFinite=0
[REPLAY] step=20400 loss=3.5116 pLoss=2.7041 vLoss=0.8062 pEnt=2.860 pIllM=0.0013 playedP=0.179 pW=0.48 pD=0.07 pL=0.45 vAbs=0.246 pLogitMean=-11.6353 vLogitMean=0.5937 gNorm=0.252 lr=0.0248 ms=791.6 buf=500000 plies=174830563 games=2634785 rejected=0 skipped=0 epoch=0 mom=0.9032 lrCyc[pk=9.7e-01,tr=9.8e-04] trainerStep=38400
[LAYER-HEALTH] live trainerStep=38400 scope=batch_norm_state_only reluSites=2/10 ch=144 dead=0 off=2 alwaysOn=0 worst=value.bn(dead 0 off 2 on 0) maxBetaOverGamma=+2.20@policy.pre_bn[103] minBetaOverGamma=-2.06@value.bn[9] rvMaxOverMedian=152.4@blocks.2.bn1[31] rezero=none nonFinite=0
[REPLAY] step=20450 loss=3.4938 pLoss=2.6959 vLoss=0.7964 pEnt=2.883 pIllM=0.0015 playedP=0.177 pW=0.48 pD=0.06 pL=0.47 vAbs=0.253 pLogitMean=-11.6316 vLogitMean=0.5922 gNorm=0.244 lr=0.0277 ms=818.7 buf=500000 plies=175257213 games=2641238 rejected=0 skipped=0 epoch=0 mom=0.9017 lrCyc[pk=9.7e-01,tr=9.8e-04] trainerStep=38450
[LAYER-HEALTH] live trainerStep=38450 scope=batch_norm_state_only reluSites=2/10 ch=144 dead=0 off=2 alwaysOn=0 worst=value.bn(dead 0 off 2 on 0) maxBetaOverGamma=+2.20@policy.pre_bn[103] minBetaOverGamma=-2.06@value.bn[9] rvMaxOverMedian=153.5@blocks.2.bn1[31] rezero=none nonFinite=0
[REPLAY] step=20500 loss=3.4854 pLoss=2.6939 vLoss=0.7902 pEnt=2.853 pIllM=0.0013 playedP=0.181 pW=0.47 pD=0.07 pL=0.46 vAbs=0.247 pLogitMean=-11.6322 vLogitMean=0.5920 gNorm=0.249 lr=0.0308 ms=789.8 buf=500000 plies=175683879 games=2647659 rejected=0 skipped=0 epoch=0 mom=0.9001 lrCyc[pk=9.7e-01,tr=9.8e-04] trainerStep=38500
[LAYER-HEALTH] live trainerStep=38500 scope=batch_norm_state_only reluSites=2/10 ch=144 dead=0 off=2 alwaysOn=0 worst=value.bn(dead 0 off 2 on 0) maxBetaOverGamma=+2.20@policy.pre_bn[103] minBetaOverGamma=-2.05@value.bn[9] rvMaxOverMedian=154.0@blocks.2.bn1[31] rezero=none nonFinite=0
[REPLAY] step=20550 loss=3.5380 pLoss=2.7303 vLoss=0.8064 pEnt=2.861 pIllM=0.0013 playedP=0.180 pW=0.48 pD=0.07 pL=0.45 vAbs=0.230 pLogitMean=-11.6326 vLogitMean=0.5930 gNorm=0.250 lr=0.0343 ms=791.3 buf=500000 plies=176110542 games=2654064 rejected=0 skipped=0 epoch=0 mom=0.8985 lrCyc[pk=9.7e-01,tr=9.8e-04] trainerStep=38550
[LAYER-HEALTH] live trainerStep=38550 scope=batch_norm_state_only reluSites=2/10 ch=144 dead=0 off=2 alwaysOn=0 worst=value.bn(dead 0 off 2 on 0) maxBetaOverGamma=+2.20@policy.pre_bn[103] minBetaOverGamma=-2.04@value.bn[9] rvMaxOverMedian=154.4@blocks.2.bn1[31] rezero=none nonFinite=0
[REPLAY] step=20600 loss=3.4801 pLoss=2.6943 vLoss=0.7844 pEnt=2.847 pIllM=0.0014 playedP=0.179 pW=0.48 pD=0.06 pL=0.46 vAbs=0.245 pLogitMean=-11.6313 vLogitMean=0.5963 gNorm=0.243 lr=0.0383 ms=798.6 buf=500000 plies=176537160 games=2660458 rejected=0 skipped=0 epoch=0 mom=0.8970 lrCyc[pk=9.7e-01,tr=9.8e-04] trainerStep=38600
[LAYER-HEALTH] live trainerStep=38600 scope=batch_norm_state_only reluSites=2/10 ch=144 dead=0 off=2 alwaysOn=0 worst=value.bn(dead 0 off 2 on 0) maxBetaOverGamma=+2.20@policy.pre_bn[103] minBetaOverGamma=-2.04@value.bn[9] rvMaxOverMedian=154.4@blocks.2.bn1[31] rezero=none nonFinite=0
[REPLAY] step=20650 loss=3.5005 pLoss=2.7011 vLoss=0.7978 pEnt=2.851 pIllM=0.0015 playedP=0.181 pW=0.48 pD=0.06 pL=0.46 vAbs=0.240 pLogitMean=-11.6287 vLogitMean=0.5943 gNorm=0.245 lr=0.0426 ms=789.6 buf=500000 plies=176963848 games=2666860 rejected=0 skipped=0 epoch=0 mom=0.8954 lrCyc[pk=9.7e-01,tr=9.8e-04] trainerStep=38650
[LAYER-HEALTH] live trainerStep=38650 scope=batch_norm_state_only reluSites=2/10 ch=144 dead=0 off=2 alwaysOn=0 worst=value.bn(dead 0 off 2 on 0) maxBetaOverGamma=+2.20@policy.pre_bn[103] minBetaOverGamma=-2.04@value.bn[9] rvMaxOverMedian=154.0@blocks.2.bn1[31] rezero=none nonFinite=0
[REPLAY] step=20700 loss=3.5470 pLoss=2.7184 vLoss=0.8275 pEnt=2.854 pIllM=0.0011 playedP=0.180 pW=0.48 pD=0.07 pL=0.46 vAbs=0.230 pLogitMean=-11.6262 vLogitMean=0.5944 gNorm=0.253 lr=0.0474 ms=809.4 buf=500000 plies=177390518 games=2673262 rejected=0 skipped=0 epoch=0 mom=0.8938 lrCyc[pk=9.7e-01,tr=9.8e-04] trainerStep=38700
[LAYER-HEALTH] live trainerStep=38700 scope=batch_norm_state_only reluSites=2/10 ch=144 dead=0 off=2 alwaysOn=0 worst=value.bn(dead 0 off 2 on 0) maxBetaOverGamma=+2.20@policy.pre_bn[103] minBetaOverGamma=-2.04@value.bn[9] rvMaxOverMedian=152.4@blocks.2.bn1[31] rezero=none nonFinite=0
[REPLAY] step=20750 loss=3.4939 pLoss=2.6955 vLoss=0.7970 pEnt=2.832 pIllM=0.0014 playedP=0.183 pW=0.47 pD=0.07 pL=0.47 vAbs=0.239 pLogitMean=-11.6182 vLogitMean=0.5948 gNorm=0.250 lr=0.0528 ms=790.0 buf=500000 plies=177817110 games=2679674 rejected=0 skipped=0 epoch=0 mom=0.8923 lrCyc[pk=9.7e-01,tr=9.8e-04] trainerStep=38750
[LAYER-HEALTH] live trainerStep=38750 scope=batch_norm_state_only reluSites=2/10 ch=144 dead=0 off=2 alwaysOn=0 worst=value.bn(dead 0 off 2 on 0) maxBetaOverGamma=+2.20@policy.pre_bn[103] minBetaOverGamma=-2.05@value.bn[9] rvMaxOverMedian=151.1@blocks.2.bn1[31] rezero=none nonFinite=0
[REPLAY] step=20800 loss=3.4956 pLoss=2.6940 vLoss=0.8002 pEnt=2.837 pIllM=0.0014 playedP=0.186 pW=0.46 pD=0.07 pL=0.47 vAbs=0.239 pLogitMean=-11.6164 vLogitMean=0.5938 gNorm=0.246 lr=0.0588 ms=797.1 buf=500000 plies=178243797 games=2686075 rejected=0 skipped=0 epoch=0 mom=0.8907 lrCyc[pk=9.7e-01,tr=9.8e-04] trainerStep=38800
[LAYER-HEALTH] live trainerStep=38800 scope=batch_norm_state_only reluSites=2/10 ch=144 dead=0 off=2 alwaysOn=0 worst=value.bn(dead 0 off 2 on 0) maxBetaOverGamma=+2.20@policy.pre_bn[103] minBetaOverGamma=-2.06@value.bn[9] rvMaxOverMedian=149.9@blocks.2.bn1[31] rezero=none nonFinite=0
[REPLAY] step=20850 loss=3.4793 pLoss=2.6754 vLoss=0.8023 pEnt=2.838 pIllM=0.0016 playedP=0.186 pW=0.48 pD=0.06 pL=0.46 vAbs=0.244 pLogitMean=-11.6145 vLogitMean=0.5951 gNorm=0.254 lr=0.0653 ms=791.0 buf=500000 plies=178670418 games=2692477 rejected=0 skipped=0 epoch=0 mom=0.8892 lrCyc[pk=9.7e-01,tr=9.8e-04] trainerStep=38850
[LAYER-HEALTH] live trainerStep=38850 scope=batch_norm_state_only reluSites=2/10 ch=144 dead=0 off=2 alwaysOn=0 worst=value.bn(dead 0 off 2 on 0) maxBetaOverGamma=+2.20@policy.pre_bn[103] minBetaOverGamma=-2.05@value.bn[9] rvMaxOverMedian=150.8@blocks.2.bn1[31] rezero=none nonFinite=0
[REPLAY] step=20900 loss=3.4923 pLoss=2.6907 vLoss=0.8003 pEnt=2.850 pIllM=0.0013 playedP=0.180 pW=0.46 pD=0.07 pL=0.47 vAbs=0.231 pLogitMean=-11.6083 vLogitMean=0.5955 gNorm=0.255 lr=0.0726 ms=787.3 buf=500000 plies=179097125 games=2698903 rejected=0 skipped=0 epoch=0 mom=0.8877 lrCyc[pk=9.7e-01,tr=9.8e-04] trainerStep=38900
[LAYER-HEALTH] live trainerStep=38900 scope=batch_norm_state_only reluSites=2/10 ch=144 dead=0 off=2 alwaysOn=0 worst=value.bn(dead 0 off 2 on 0) maxBetaOverGamma=+2.20@policy.pre_bn[103] minBetaOverGamma=-2.05@value.bn[9] rvMaxOverMedian=152.9@blocks.2.bn1[31] rezero=none nonFinite=0
[REPLAY] step=20950 loss=3.4904 pLoss=2.6875 vLoss=0.8013 pEnt=2.861 pIllM=0.0016 playedP=0.175 pW=0.47 pD=0.07 pL=0.46 vAbs=0.250 pLogitMean=-11.6044 vLogitMean=0.5956 gNorm=0.254 lr=0.0805 ms=796.5 buf=500000 plies=179523715 games=2705306 rejected=0 skipped=0 epoch=0 mom=0.8862 lrCyc[pk=9.7e-01,tr=9.8e-04] trainerStep=38950
[LAYER-HEALTH] live trainerStep=38950 scope=batch_norm_state_only reluSites=2/10 ch=144 dead=0 off=2 alwaysOn=0 worst=value.bn(dead 0 off 2 on 0) maxBetaOverGamma=+2.20@policy.pre_bn[103] minBetaOverGamma=-2.05@value.bn[9] rvMaxOverMedian=153.5@blocks.2.bn1[31] rezero=none nonFinite=0
[REPLAY] step=21000 loss=3.4961 pLoss=2.6851 vLoss=0.8093 pEnt=2.849 pIllM=0.0017 playedP=0.180 pW=0.46 pD=0.07 pL=0.46 vAbs=0.244 pLogitMean=-11.6017 vLogitMean=0.5946 gNorm=0.253 lr=0.0893 ms=794.1 buf=500000 plies=179950447 games=2711722 rejected=0 skipped=0 epoch=0 mom=0.8847 lrCyc[pk=9.7e-01,tr=9.8e-04] trainerStep=39000
[LAYER-HEALTH] live trainerStep=39000 scope=batch_norm_state_only reluSites=2/10 ch=144 dead=0 off=2 alwaysOn=0 worst=value.bn(dead 0 off 2 on 0) maxBetaOverGamma=+2.21@policy.pre_bn[103] minBetaOverGamma=-2.05@value.bn[9] rvMaxOverMedian=154.0@blocks.2.bn1[31] rezero=none nonFinite=0
[REPLAY] saved trainer model (autosave) step=21000 trainerStep=39000 nextGame=5024392 shard=11 epoch=0 -> 20261006-lrBsilu-clip1-replay-latest.safetensors
[LAYER-HEALTH] checkpoint replay-autosave step=21000 trainerStep=39000 scope=all_tensors reluSites=2/10 ch=144 dead=0 off=2 alwaysOn=0 worst=value.bn(dead 0 off 2 on 0) maxBetaOverGamma=+2.21@policy.pre_bn[103] minBetaOverGamma=-2.05@value.bn[9] rvMaxOverMedian=154.0@blocks.2.bn1[31] rezero=none nonFinite=0 seZeroVel=none valueFC1ZeroVel=0/128 maxAbs=41.91@blocks.1.bn1.running_var
[LAYER-HEALTH]   batch-norm sites — β/|γ|: dead < -3.00, mostly off < -2.00, always on > +3.00; classified for relu/leaky_relu only
[LAYER-HEALTH]     site            act            ch   dead    off     on  zeroγ nonfin  min β/|γ| [ch]     max β/|γ| [ch]     rv max/median [ch]
[LAYER-HEALTH]     stem.bn         -             128    n/a    n/a    n/a      0      0     -0.91 [11]         +0.40 [95]            5.9 [5]
[LAYER-HEALTH]     blocks.0.bn1    silu          128    n/a    n/a    n/a      0      0     -1.19 [5]          +0.23 [64]            6.9 [76]
[LAYER-HEALTH]     blocks.0.bn2    silu          128    n/a    n/a    n/a      0      0     -1.30 [53]         +5.03 [48]            5.2 [94]
[LAYER-HEALTH]     blocks.1.bn1    silu          128    n/a    n/a    n/a      0      0     -1.44 [35]         -0.09 [31]          144.8 [31]
[LAYER-HEALTH]     blocks.1.bn2    silu          128    n/a    n/a    n/a      0      0     -1.63 [93]         -0.15 [101]           9.7 [70]
[LAYER-HEALTH]     blocks.2.bn1    silu          128    n/a    n/a    n/a      0      0     -2.37 [17]         +2.22 [31]          154.0 [31]
[LAYER-HEALTH]     blocks.2.bn2    silu          128    n/a    n/a    n/a      0      0     -1.61 [78]         +0.02 [16]            3.8 [122]
[LAYER-HEALTH]     tower_final_bn  silu          128    n/a    n/a    n/a      0      0     -0.71 [90]         +1.15 [101]          14.8 [31]
[LAYER-HEALTH]     policy.pre_bn   leaky_relu    128      0      0      0      0      0     -1.00 [7]          +2.21 [103]           3.5 [120]
[LAYER-HEALTH]     value.bn        leaky_relu     16      0      2      0      0      0     -2.05 [9]          -0.14 [13]            2.4 [11]
[LAYER-HEALTH]   FC hidden-unit velocity — zero: every weight-velocity entry exactly 0; low: nonzero but < 5% of the layer's p90 unit norm
[LAYER-HEALTH]     value.fc1.weight  leaky_relu  units 128  zero 0  low 21  median unit norm 0.002446
[LAYER-HEALTH]     (no SE blocks)
[LAYER-HEALTH]   ReZero: none
[LAYER-HEALTH]   non-finite: 0 values in 0 of 102 tensors (10263038 values examined)
[LAYER-HEALTH]   largest |value|: blocks.1.bn1.running_var 41.91, blocks.2.bn1.running_var 37.61, blocks.1.bn2.running_var 13.78, blocks.0.bn2.running_var 11.04, tower_final_bn.running_var 7.89
[REPLAY] enumerated checkpoint -> 20261006-lrBsilu-clip1-replay-seg1-step21000.safetensors
[REPLAY] step=21050 loss=3.5276 pLoss=2.7235 vLoss=0.8026 pEnt=2.839 pIllM=0.0014 playedP=0.181 pW=0.48 pD=0.07 pL=0.45 vAbs=0.244 pLogitMean=-11.5900 vLogitMean=0.5957 gNorm=0.276 lr=0.0989 ms=790.9 buf=500000 plies=180377085 games=2718114 rejected=0 skipped=0 epoch=0 mom=0.8832 lrCyc[pk=9.7e-01,tr=9.8e-04] trainerStep=39050
[LAYER-HEALTH] live trainerStep=39050 scope=batch_norm_state_only reluSites=2/10 ch=144 dead=0 off=2 alwaysOn=0 worst=value.bn(dead 0 off 2 on 0) maxBetaOverGamma=+2.20@policy.pre_bn[103] minBetaOverGamma=-2.04@value.bn[9] rvMaxOverMedian=154.8@blocks.2.bn1[31] rezero=none nonFinite=0
[REPLAY] step=21100 loss=3.4905 pLoss=2.6761 vLoss=0.8130 pEnt=2.855 pIllM=0.0015 playedP=0.180 pW=0.47 pD=0.07 pL=0.46 vAbs=0.247 pLogitMean=-11.5887 vLogitMean=0.5930 gNorm=0.255 lr=0.109 ms=797.5 buf=500000 plies=180803699 games=2724452 rejected=0 skipped=0 epoch=0 mom=0.8817 lrCyc[pk=9.7e-01,tr=9.8e-04] trainerStep=39100
[LAYER-HEALTH] live trainerStep=39100 scope=batch_norm_state_only reluSites=2/10 ch=144 dead=0 off=2 alwaysOn=0 worst=value.bn(dead 0 off 2 on 0) maxBetaOverGamma=+2.19@policy.pre_bn[103] minBetaOverGamma=-2.04@value.bn[2] rvMaxOverMedian=154.4@blocks.2.bn1[31] rezero=none nonFinite=0
[REPLAY] step=21150 loss=3.5294 pLoss=2.7138 vLoss=0.8141 pEnt=2.875 pIllM=0.0014 playedP=0.170 pW=0.47 pD=0.07 pL=0.46 vAbs=0.233 pLogitMean=-11.5772 vLogitMean=0.5950 gNorm=0.286 lr=0.121 ms=792.3 buf=500000 plies=181230335 games=2730878 rejected=0 skipped=0 epoch=0 mom=0.8803 lrCyc[pk=9.7e-01,tr=9.8e-04] trainerStep=39150
[LAYER-HEALTH] live trainerStep=39150 scope=batch_norm_state_only reluSites=2/10 ch=144 dead=0 off=3 alwaysOn=0 worst=value.bn(dead 0 off 3 on 0) maxBetaOverGamma=+2.20@policy.pre_bn[103] minBetaOverGamma=-2.04@value.bn[2] rvMaxOverMedian=155.6@blocks.2.bn1[31] rezero=none nonFinite=0
[REPLAY] step=21200 loss=3.5109 pLoss=2.7033 vLoss=0.8057 pEnt=2.854 pIllM=0.0019 playedP=0.180 pW=0.47 pD=0.07 pL=0.46 vAbs=0.240 pLogitMean=-11.5516 vLogitMean=0.5957 gNorm=0.271 lr=0.134 ms=792.1 buf=500000 plies=181657005 games=2737317 rejected=0 skipped=0 epoch=0 mom=0.8788 lrCyc[pk=9.7e-01,tr=9.8e-04] trainerStep=39200
[LAYER-HEALTH] live trainerStep=39200 scope=batch_norm_state_only reluSites=2/10 ch=144 dead=0 off=3 alwaysOn=0 worst=value.bn(dead 0 off 3 on 0) maxBetaOverGamma=+2.21@policy.pre_bn[103] minBetaOverGamma=-2.07@value.bn[2] rvMaxOverMedian=155.1@blocks.2.bn1[31] rezero=none nonFinite=0
[REPLAY] step=21250 loss=3.5148 pLoss=2.7005 vLoss=0.8129 pEnt=2.874 pIllM=0.0014 playedP=0.172 pW=0.47 pD=0.06 pL=0.46 vAbs=0.233 pLogitMean=-11.5563 vLogitMean=0.5936 gNorm=0.282 lr=0.147 ms=795.5 buf=500000 plies=182083626 games=2743701 rejected=0 skipped=0 epoch=0 mom=0.8774 lrCyc[pk=9.7e-01,tr=9.8e-04] trainerStep=39250
[LAYER-HEALTH] live trainerStep=39250 scope=batch_norm_state_only reluSites=2/10 ch=144 dead=0 off=3 alwaysOn=0 worst=value.bn(dead 0 off 3 on 0) maxBetaOverGamma=+2.23@policy.pre_bn[103] minBetaOverGamma=-2.06@value.bn[2] rvMaxOverMedian=155.3@blocks.2.bn1[31] rezero=none nonFinite=0
[REPLAY] step=21300 loss=3.5082 pLoss=2.6991 vLoss=0.8076 pEnt=2.830 pIllM=0.0016 playedP=0.182 pW=0.47 pD=0.07 pL=0.47 vAbs=0.255 pLogitMean=-11.5453 vLogitMean=0.5956 gNorm=0.278 lr=0.162 ms=781.2 buf=500000 plies=182510338 games=2750155 rejected=0 skipped=0 epoch=0 mom=0.8761 lrCyc[pk=9.7e-01,tr=9.8e-04] trainerStep=39300
[LAYER-HEALTH] live trainerStep=39300 scope=batch_norm_state_only reluSites=2/10 ch=144 dead=0 off=2 alwaysOn=0 worst=value.bn(dead 0 off 2 on 0) maxBetaOverGamma=+2.24@policy.pre_bn[103] minBetaOverGamma=-2.08@value.bn[9] rvMaxOverMedian=155.6@blocks.2.bn1[31] rezero=none nonFinite=0
[REPLAY] step=21350 loss=3.5582 pLoss=2.7628 vLoss=0.7938 pEnt=2.861 pIllM=0.0015 playedP=0.177 pW=0.47 pD=0.06 pL=0.46 vAbs=0.244 pLogitMean=-11.5188 vLogitMean=0.5950 gNorm=0.272 lr=0.178 ms=792.3 buf=500000 plies=182936906 games=2756584 rejected=0 skipped=0 epoch=0 mom=0.8747 lrCyc[pk=9.7e-01,tr=9.8e-04] trainerStep=39350
[LAYER-HEALTH] live trainerStep=39350 scope=batch_norm_state_only reluSites=2/10 ch=144 dead=0 off=2 alwaysOn=0 worst=value.bn(dead 0 off 2 on 0) maxBetaOverGamma=+2.24@policy.pre_bn[103] minBetaOverGamma=-2.09@value.bn[9] rvMaxOverMedian=156.5@blocks.2.bn1[31] rezero=none nonFinite=0
[REPLAY] step=21400 loss=3.5001 pLoss=2.6745 vLoss=0.8240 pEnt=2.863 pIllM=0.0016 playedP=0.179 pW=0.46 pD=0.07 pL=0.47 vAbs=0.250 pLogitMean=-11.5074 vLogitMean=0.5950 gNorm=0.296 lr=0.195 ms=795.5 buf=500000 plies=183363597 games=2762974 rejected=0 skipped=0 epoch=0 mom=0.8734 lrCyc[pk=9.7e-01,tr=9.8e-04] trainerStep=39400
[LAYER-HEALTH] live trainerStep=39400 scope=batch_norm_state_only reluSites=2/10 ch=144 dead=0 off=2 alwaysOn=0 worst=value.bn(dead 0 off 2 on 0) maxBetaOverGamma=+2.21@policy.pre_bn[103] minBetaOverGamma=-2.09@value.bn[9] rvMaxOverMedian=158.3@blocks.2.bn1[31] rezero=none nonFinite=0
[REPLAY] step=21450 loss=3.5441 pLoss=2.7389 vLoss=0.8035 pEnt=2.868 pIllM=0.0017 playedP=0.176 pW=0.48 pD=0.07 pL=0.46 vAbs=0.234 pLogitMean=-11.4883 vLogitMean=0.5959 gNorm=0.298 lr=0.214 ms=796.7 buf=500000 plies=183790218 games=2769386 rejected=0 skipped=0 epoch=0 mom=0.8720 lrCyc[pk=9.7e-01,tr=9.8e-04] trainerStep=39450
[LAYER-HEALTH] live trainerStep=39450 scope=batch_norm_state_only reluSites=2/10 ch=144 dead=0 off=1 alwaysOn=0 worst=value.bn(dead 0 off 1 on 0) maxBetaOverGamma=+2.21@policy.pre_bn[103] minBetaOverGamma=-2.09@value.bn[9] rvMaxOverMedian=158.5@blocks.2.bn1[31] rezero=none nonFinite=0
[REPLAY] step=21500 loss=3.5111 pLoss=2.7243 vLoss=0.7849 pEnt=2.841 pIllM=0.0018 playedP=0.182 pW=0.49 pD=0.06 pL=0.45 vAbs=0.246 pLogitMean=-11.4640 vLogitMean=0.5947 gNorm=0.272 lr=0.233 ms=795.1 buf=500000 plies=184216881 games=2775848 rejected=0 skipped=0 epoch=0 mom=0.8708 lrCyc[pk=9.7e-01,tr=9.8e-04] trainerStep=39500
[LAYER-HEALTH] live trainerStep=39500 scope=batch_norm_state_only reluSites=2/10 ch=144 dead=0 off=1 alwaysOn=0 worst=value.bn(dead 0 off 1 on 0) maxBetaOverGamma=+2.23@policy.pre_bn[103] minBetaOverGamma=-2.11@value.bn[9] rvMaxOverMedian=160.4@blocks.2.bn1[31] rezero=none nonFinite=0
[REPLAY] step=21550 loss=3.4813 pLoss=2.6716 vLoss=0.8078 pEnt=2.844 pIllM=0.0020 playedP=0.179 pW=0.46 pD=0.07 pL=0.47 vAbs=0.256 pLogitMean=-11.4381 vLogitMean=0.5952 gNorm=0.309 lr=0.254 ms=800.5 buf=500000 plies=184643540 games=2782268 rejected=0 skipped=0 epoch=0 mom=0.8695 lrCyc[pk=9.7e-01,tr=9.8e-04] trainerStep=39550
[LAYER-HEALTH] live trainerStep=39550 scope=batch_norm_state_only reluSites=2/10 ch=144 dead=0 off=1 alwaysOn=0 worst=value.bn(dead 0 off 1 on 0) maxBetaOverGamma=+2.21@policy.pre_bn[103] minBetaOverGamma=-2.11@value.bn[9] rvMaxOverMedian=158.7@blocks.2.bn1[31] rezero=none nonFinite=0
[REPLAY] step=21600 loss=3.4455 pLoss=2.6451 vLoss=0.7983 pEnt=2.872 pIllM=0.0021 playedP=0.175 pW=0.47 pD=0.06 pL=0.46 vAbs=0.277 pLogitMean=-11.4281 vLogitMean=0.5931 gNorm=0.284 lr=0.277 ms=779.4 buf=500000 plies=185070173 games=2788676 rejected=0 skipped=0 epoch=0 mom=0.8683 lrCyc[pk=9.7e-01,tr=9.8e-04] trainerStep=39600
[LAYER-HEALTH] live trainerStep=39600 scope=batch_norm_state_only reluSites=2/10 ch=144 dead=0 off=1 alwaysOn=0 worst=value.bn(dead 0 off 1 on 0) maxBetaOverGamma=+2.24@policy.pre_bn[103] minBetaOverGamma=-2.12@value.bn[9] rvMaxOverMedian=158.8@blocks.2.bn1[31] rezero=none nonFinite=0
[REPLAY] step=21650 loss=3.4712 pLoss=2.6826 vLoss=0.7865 pEnt=2.861 pIllM=0.0021 playedP=0.175 pW=0.47 pD=0.06 pL=0.47 vAbs=0.268 pLogitMean=-11.4045 vLogitMean=0.5929 gNorm=0.276 lr=0.3 ms=795.3 buf=500000 plies=185496874 games=2795033 rejected=0 skipped=0 epoch=0 mom=0.8671 lrCyc[pk=9.7e-01,tr=9.8e-04] trainerStep=39650
[LAYER-HEALTH] live trainerStep=39650 scope=batch_norm_state_only reluSites=2/10 ch=144 dead=0 off=1 alwaysOn=0 worst=value.bn(dead 0 off 1 on 0) maxBetaOverGamma=+2.23@policy.pre_bn[103] minBetaOverGamma=-2.12@value.bn[9] rvMaxOverMedian=158.9@blocks.2.bn1[31] rezero=none nonFinite=0
[REPLAY] step=21700 loss=3.4992 pLoss=2.6891 vLoss=0.8080 pEnt=2.871 pIllM=0.0020 playedP=0.173 pW=0.47 pD=0.07 pL=0.46 vAbs=0.235 pLogitMean=-11.3742 vLogitMean=0.5926 gNorm=0.269 lr=0.326 ms=797.0 buf=500000 plies=185923490 games=2801434 rejected=0 skipped=0 epoch=0 mom=0.8659 lrCyc[pk=9.6e-01,tr=9.8e-04] trainerStep=39700
[LAYER-HEALTH] live trainerStep=39700 scope=batch_norm_state_only reluSites=2/10 ch=144 dead=0 off=1 alwaysOn=0 worst=value.bn(dead 0 off 1 on 0) maxBetaOverGamma=+2.20@policy.pre_bn[103] minBetaOverGamma=-2.10@value.bn[9] rvMaxOverMedian=157.4@blocks.2.bn1[31] rezero=none nonFinite=0
[REPLAY] step=21750 loss=3.4661 pLoss=2.6685 vLoss=0.7953 pEnt=2.844 pIllM=0.0024 playedP=0.179 pW=0.45 pD=0.06 pL=0.49 vAbs=0.238 pLogitMean=-11.3525 vLogitMean=0.5916 gNorm=0.293 lr=0.352 ms=792.1 buf=500000 plies=186350119 games=2807829 rejected=0 skipped=0 epoch=0 mom=0.8648 lrCyc[pk=9.6e-01,tr=9.8e-04] trainerStep=39750
[LAYER-HEALTH] live trainerStep=39750 scope=batch_norm_state_only reluSites=2/10 ch=144 dead=0 off=1 alwaysOn=0 worst=value.bn(dead 0 off 1 on 0) maxBetaOverGamma=+2.22@policy.pre_bn[103] minBetaOverGamma=-2.04@value.bn[9] rvMaxOverMedian=157.7@blocks.2.bn1[31] rezero=none nonFinite=0
[REPLAY] step=21800 loss=3.5325 pLoss=2.7244 vLoss=0.8057 pEnt=2.840 pIllM=0.0025 playedP=0.175 pW=0.48 pD=0.08 pL=0.45 vAbs=0.248 pLogitMean=-11.3410 vLogitMean=0.5925 gNorm=0.310 lr=0.379 ms=788.6 buf=500000 plies=186776757 games=2814288 rejected=0 skipped=0 epoch=0 mom=0.8637 lrCyc[pk=9.6e-01,tr=9.8e-04] trainerStep=39800
[LAYER-HEALTH] live trainerStep=39800 scope=batch_norm_state_only reluSites=2/10 ch=144 dead=0 off=0 alwaysOn=0 worst=none maxBetaOverGamma=+2.27@policy.pre_bn[103] minBetaOverGamma=-1.95@value.bn[9] rvMaxOverMedian=154.6@blocks.2.bn1[31] rezero=none nonFinite=0
[REPLAY] step=21850 loss=3.5235 pLoss=2.7327 vLoss=0.7883 pEnt=2.856 pIllM=0.0025 playedP=0.175 pW=0.48 pD=0.06 pL=0.46 vAbs=0.238 pLogitMean=-11.3391 vLogitMean=0.5916 gNorm=0.323 lr=0.408 ms=802.3 buf=500000 plies=187203474 games=2820655 rejected=0 skipped=0 epoch=0 mom=0.8627 lrCyc[pk=9.6e-01,tr=9.8e-04] trainerStep=39850
[LAYER-HEALTH] live trainerStep=39850 scope=batch_norm_state_only reluSites=2/10 ch=144 dead=0 off=0 alwaysOn=0 worst=none maxBetaOverGamma=+2.26@policy.pre_bn[103] minBetaOverGamma=-1.95@value.bn[2] rvMaxOverMedian=156.7@blocks.2.bn1[31] rezero=none nonFinite=0
[REPLAY] step=21900 loss=3.4923 pLoss=2.6882 vLoss=0.8009 pEnt=2.876 pIllM=0.0031 playedP=0.176 pW=0.46 pD=0.07 pL=0.47 vAbs=0.229 pLogitMean=-11.3108 vLogitMean=0.5927 gNorm=0.308 lr=0.438 ms=808.5 buf=500000 plies=187630058 games=2827054 rejected=0 skipped=0 epoch=0 mom=0.8616 lrCyc[pk=9.6e-01,tr=9.8e-04] trainerStep=39900
[LAYER-HEALTH] live trainerStep=39900 scope=batch_norm_state_only reluSites=2/10 ch=144 dead=0 off=0 alwaysOn=0 worst=none maxBetaOverGamma=+2.26@policy.pre_bn[103] minBetaOverGamma=-1.93@value.bn[2] rvMaxOverMedian=157.5@blocks.2.bn1[31] rezero=none nonFinite=0
[REPLAY] step=21950 loss=3.5282 pLoss=2.7423 vLoss=0.7828 pEnt=2.858 pIllM=0.0031 playedP=0.171 pW=0.47 pD=0.07 pL=0.46 vAbs=0.243 pLogitMean=-11.2908 vLogitMean=0.5890 gNorm=0.315 lr=0.468 ms=786.0 buf=500000 plies=188056829 games=2833451 rejected=0 skipped=0 epoch=0 mom=0.8607 lrCyc[pk=9.6e-01,tr=9.8e-04] trainerStep=39950
[LAYER-HEALTH] live trainerStep=39950 scope=batch_norm_state_only reluSites=2/10 ch=144 dead=0 off=0 alwaysOn=0 worst=none maxBetaOverGamma=+2.27@policy.pre_bn[103] minBetaOverGamma=-1.86@value.bn[2] rvMaxOverMedian=156.7@blocks.2.bn1[31] rezero=none nonFinite=0
[REPLAY] step=22000 loss=3.4991 pLoss=2.7081 vLoss=0.7878 pEnt=2.790 pIllM=0.0032 playedP=0.185 pW=0.48 pD=0.07 pL=0.45 vAbs=0.252 pLogitMean=-11.2809 vLogitMean=0.5919 gNorm=0.337 lr=0.5 ms=782.3 buf=500000 plies=188483432 games=2839810 rejected=0 skipped=0 epoch=0 mom=0.8597 lrCyc[pk=9.6e-01,tr=9.8e-04] trainerStep=40000
[LAYER-HEALTH] live trainerStep=40000 scope=batch_norm_state_only reluSites=2/10 ch=144 dead=0 off=0 alwaysOn=0 worst=none maxBetaOverGamma=+2.25@policy.pre_bn[103] minBetaOverGamma=-1.81@value.bn[2] rvMaxOverMedian=153.6@blocks.2.bn1[31] rezero=none nonFinite=0
[REPLAY] saved trainer model (autosave) step=22000 trainerStep=40000 nextGame=5152480 shard=11 epoch=0 -> 20261006-lrBsilu-clip1-replay-latest.safetensors
[LAYER-HEALTH] checkpoint replay-autosave step=22000 trainerStep=40000 scope=all_tensors reluSites=2/10 ch=144 dead=0 off=0 alwaysOn=0 worst=none maxBetaOverGamma=+2.25@policy.pre_bn[103] minBetaOverGamma=-1.81@value.bn[2] rvMaxOverMedian=153.6@blocks.2.bn1[31] rezero=none nonFinite=0 seZeroVel=none valueFC1ZeroVel=0/128 maxAbs=39.41@blocks.1.bn1.running_var
[LAYER-HEALTH]   batch-norm sites — β/|γ|: dead < -3.00, mostly off < -2.00, always on > +3.00; classified for relu/leaky_relu only
[LAYER-HEALTH]     site            act            ch   dead    off     on  zeroγ nonfin  min β/|γ| [ch]     max β/|γ| [ch]     rv max/median [ch]
[LAYER-HEALTH]     stem.bn         -             128    n/a    n/a    n/a      0      0     -0.96 [11]         +0.41 [95]            5.8 [5]
[LAYER-HEALTH]     blocks.0.bn1    silu          128    n/a    n/a    n/a      0      0     -1.14 [5]          +0.22 [64]            7.0 [76]
[LAYER-HEALTH]     blocks.0.bn2    silu          128    n/a    n/a    n/a      0      0     -1.28 [53]         +4.52 [48]            5.1 [94]
[LAYER-HEALTH]     blocks.1.bn1    silu          128    n/a    n/a    n/a      0      0     -1.49 [35]         -0.12 [31]          139.2 [31]
[LAYER-HEALTH]     blocks.1.bn2    silu          128    n/a    n/a    n/a      0      0     -1.67 [59]         -0.16 [101]          10.1 [70]
[LAYER-HEALTH]     blocks.2.bn1    silu          128    n/a    n/a    n/a      0      0     -2.42 [17]         +2.09 [31]          153.6 [31]
[LAYER-HEALTH]     blocks.2.bn2    silu          128    n/a    n/a    n/a      0      0     -1.57 [78]         +0.01 [16]            3.8 [122]
[LAYER-HEALTH]     tower_final_bn  silu          128    n/a    n/a    n/a      0      0     -0.73 [90]         +1.18 [101]          14.3 [31]
[LAYER-HEALTH]     policy.pre_bn   leaky_relu    128      0      0      0      0      0     -1.06 [7]          +2.25 [103]           3.4 [120]
[LAYER-HEALTH]     value.bn        leaky_relu     16      0      0      0      0      0     -1.81 [2]          -0.56 [13]            2.5 [11]
[LAYER-HEALTH]   FC hidden-unit velocity — zero: every weight-velocity entry exactly 0; low: nonzero but < 5% of the layer's p90 unit norm
[LAYER-HEALTH]     value.fc1.weight  leaky_relu  units 128  zero 0  low 9  median unit norm 0.004388
[LAYER-HEALTH]     (no SE blocks)
[LAYER-HEALTH]   ReZero: none
[LAYER-HEALTH]   non-finite: 0 values in 0 of 102 tensors (10263038 values examined)
[LAYER-HEALTH]   largest |value|: blocks.1.bn1.running_var 39.41, blocks.2.bn1.running_var 35.28, blocks.1.bn2.running_var 12.28, blocks.0.bn2.running_var 9.204, tower_final_bn.running_var 7.844
[REPLAY] enumerated checkpoint -> 20261006-lrBsilu-clip1-replay-seg1-step22000.safetensors
[REPLAY] saved trainer model (final) step=22000 trainerStep=40000 nextGame=5152480 shard=11 epoch=0 -> 20261006-lrBsilu-clip1-replay-latest.safetensors
[LAYER-HEALTH] checkpoint replay-final step=22000 trainerStep=40000 scope=all_tensors reluSites=2/10 ch=144 dead=0 off=0 alwaysOn=0 worst=none maxBetaOverGamma=+2.25@policy.pre_bn[103] minBetaOverGamma=-1.81@value.bn[2] rvMaxOverMedian=153.6@blocks.2.bn1[31] rezero=none nonFinite=0 seZeroVel=none valueFC1ZeroVel=0/128 maxAbs=39.41@blocks.1.bn1.running_var
[LAYER-HEALTH]   batch-norm sites — β/|γ|: dead < -3.00, mostly off < -2.00, always on > +3.00; classified for relu/leaky_relu only
[LAYER-HEALTH]     site            act            ch   dead    off     on  zeroγ nonfin  min β/|γ| [ch]     max β/|γ| [ch]     rv max/median [ch]
[LAYER-HEALTH]     stem.bn         -             128    n/a    n/a    n/a      0      0     -0.96 [11]         +0.41 [95]            5.8 [5]
[LAYER-HEALTH]     blocks.0.bn1    silu          128    n/a    n/a    n/a      0      0     -1.14 [5]          +0.22 [64]            7.0 [76]
[LAYER-HEALTH]     blocks.0.bn2    silu          128    n/a    n/a    n/a      0      0     -1.28 [53]         +4.52 [48]            5.1 [94]
[LAYER-HEALTH]     blocks.1.bn1    silu          128    n/a    n/a    n/a      0      0     -1.49 [35]         -0.12 [31]          139.2 [31]
[LAYER-HEALTH]     blocks.1.bn2    silu          128    n/a    n/a    n/a      0      0     -1.67 [59]         -0.16 [101]          10.1 [70]
[LAYER-HEALTH]     blocks.2.bn1    silu          128    n/a    n/a    n/a      0      0     -2.42 [17]         +2.09 [31]          153.6 [31]
[LAYER-HEALTH]     blocks.2.bn2    silu          128    n/a    n/a    n/a      0      0     -1.57 [78]         +0.01 [16]            3.8 [122]
[LAYER-HEALTH]     tower_final_bn  silu          128    n/a    n/a    n/a      0      0     -0.73 [90]         +1.18 [101]          14.3 [31]
[LAYER-HEALTH]     policy.pre_bn   leaky_relu    128      0      0      0      0      0     -1.06 [7]          +2.25 [103]           3.4 [120]
[LAYER-HEALTH]     value.bn        leaky_relu     16      0      0      0      0      0     -1.81 [2]          -0.56 [13]            2.5 [11]
[LAYER-HEALTH]   FC hidden-unit velocity — zero: every weight-velocity entry exactly 0; low: nonzero but < 5% of the layer's p90 unit norm
[LAYER-HEALTH]     value.fc1.weight  leaky_relu  units 128  zero 0  low 9  median unit norm 0.004388
[LAYER-HEALTH]     (no SE blocks)
[LAYER-HEALTH]   ReZero: none
[LAYER-HEALTH]   non-finite: 0 values in 0 of 102 tensors (10263038 values examined)
[LAYER-HEALTH]   largest |value|: blocks.1.bn1.running_var 39.41, blocks.2.bn1.running_var 35.28, blocks.1.bn2.running_var 12.28, blocks.0.bn2.running_var 9.204, tower_final_bn.running_var 7.844
[REPLAY] enumerated checkpoint -> 20261006-lrBsilu-clip1-replay-seg1-step22000.safetensors (replaced this run's own earlier save of step 22000)
[REPLAY] done: steps=22000 positionsFed=188483432 gamesFed=2839810 rejected=0 skipped=0 epochs=0
