warning: loc(fused["gradient for tower_final_bn/multiplication"("(mpsFileLoc): /AppleInternal/Library/BuildRoots/4~CYf0ugAFA2MHVp9fguae4KUVbl8-CIxgGlWKSUA/Library/Caches/com.apple.xbs/TemporaryDirectory.p76yMP/Sources/MetalPerformanceShadersGraph/mpsgraph/MetalPerformanceShadersGraph/Core/Files/MPSGraphUtilities.mm":234:0), "ane_validation_message"("Incompatible element type for ANE: expected fp16, f8E4M3, si8, ui8, si16, or ui16":0:0)]): Reached maxReorderingDistance 10
warning: loc(fused["gradient for tower_final_bn/multiplication"("(mpsFileLoc): /AppleInternal/Library/BuildRoots/4~CYf0ugAFA2MHVp9fguae4KUVbl8-CIxgGlWKSUA/Library/Caches/com.apple.xbs/TemporaryDirectory.p76yMP/Sources/MetalPerformanceShadersGraph/mpsgraph/MetalPerformanceShadersGraph/Core/Files/MPSGraphUtilities.mm":234:0), "ane_validation_message"("Incompatible element type for ANE: expected fp16, f8E4M3, si8, ui8, si16, or ui16":0:0)]): Reached maxReorderingDistance 10
warning: loc(fused["mps_add_23"("(mpsFileLoc): /AppleInternal/Library/BuildRoots/4~CYf0ugAFA2MHVp9fguae4KUVbl8-CIxgGlWKSUA/Library/Caches/com.apple.xbs/TemporaryDirectory.p76yMP/Sources/MetalPerformanceShadersGraph/mpsgraph/MetalPerformanceShadersGraph/Core/Files/MPSGraphUtilities.mm":234:0), "ane_validation_message"("Incompatible element type for ANE: expected fp16, f8E4M3, si8, ui8, si16, or ui16":0:0)]): Reached maxReorderingDistance 10
warning: loc(fused["mps_add_23"("(mpsFileLoc): /AppleInternal/Library/BuildRoots/4~CYf0ugAFA2MHVp9fguae4KUVbl8-CIxgGlWKSUA/Library/Caches/com.apple.xbs/TemporaryDirectory.p76yMP/Sources/MetalPerformanceShadersGraph/mpsgraph/MetalPerformanceShadersGraph/Core/Files/MPSGraphUtilities.mm":234:0), "ane_validation_message"("Incompatible element type for ANE: expected fp16, f8E4M3, si8, ui8, si16, or ui16":0:0)]): Reached maxReorderingDistance 10
warning: loc(fused["mps_add_33"("(mpsFileLoc): /AppleInternal/Library/BuildRoots/4~CYf0ugAFA2MHVp9fguae4KUVbl8-CIxgGlWKSUA/Library/Caches/com.apple.xbs/TemporaryDirectory.p76yMP/Sources/MetalPerformanceShadersGraph/mpsgraph/MetalPerformanceShadersGraph/Core/Files/MPSGraphUtilities.mm":234:0), "ane_validation_message"("Incompatible element type for ANE: expected fp16, f8E4M3, si8, ui8, si16, or ui16":0:0)]): Reached maxReorderingDistance 10
warning: loc(fused["mps_add_33"("(mpsFileLoc): /AppleInternal/Library/BuildRoots/4~CYf0ugAFA2MHVp9fguae4KUVbl8-CIxgGlWKSUA/Library/Caches/com.apple.xbs/TemporaryDirectory.p76yMP/Sources/MetalPerformanceShadersGraph/mpsgraph/MetalPerformanceShadersGraph/Core/Files/MPSGraphUtilities.mm":234:0), "ane_validation_message"("Incompatible element type for ANE: expected fp16, f8E4M3, si8, ui8, si16, or ui16":0:0)]): Reached maxReorderingDistance 10
warning: loc(fused["mps_add_43"("(mpsFileLoc): /AppleInternal/Library/BuildRoots/4~CYf0ugAFA2MHVp9fguae4KUVbl8-CIxgGlWKSUA/Library/Caches/com.apple.xbs/TemporaryDirectory.p76yMP/Sources/MetalPerformanceShadersGraph/mpsgraph/MetalPerformanceShadersGraph/Core/Files/MPSGraphUtilities.mm":234:0), "ane_validation_message"("Incompatible element type for ANE: expected fp16, f8E4M3, si8, ui8, si16, or ui16":0:0)]): Reached maxReorderingDistance 10
warning: loc(fused["gradient for tower_final_bn/multiplication"("(mpsFileLoc): /AppleInternal/Library/BuildRoots/4~CYf0ugAFA2MHVp9fguae4KUVbl8-CIxgGlWKSUA/Library/Caches/com.apple.xbs/TemporaryDirectory.p76yMP/Sources/MetalPerformanceShadersGraph/mpsgraph/MetalPerformanceShadersGraph/Core/Files/MPSGraphUtilities.mm":234:0), "ane_validation_message"("Incompatible element type for ANE: expected fp16, f8E4M3, si8, ui8, si16, or ui16":0:0)]): Reached maxReorderingDistance 10
warning: loc(fused["gradient for tower_final_bn/multiplication"("(mpsFileLoc): /AppleInternal/Library/BuildRoots/4~CYf0ugAFA2MHVp9fguae4KUVbl8-CIxgGlWKSUA/Library/Caches/com.apple.xbs/TemporaryDirectory.p76yMP/Sources/MetalPerformanceShadersGraph/mpsgraph/MetalPerformanceShadersGraph/Core/Files/MPSGraphUtilities.mm":234:0), "ane_validation_message"("Incompatible element type for ANE: expected fp16, f8E4M3, si8, ui8, si16, or ui16":0:0)]): Reached maxReorderingDistance 10
warning: loc(fused["mps_add_23"("(mpsFileLoc): /AppleInternal/Library/BuildRoots/4~CYf0ugAFA2MHVp9fguae4KUVbl8-CIxgGlWKSUA/Library/Caches/com.apple.xbs/TemporaryDirectory.p76yMP/Sources/MetalPerformanceShadersGraph/mpsgraph/MetalPerformanceShadersGraph/Core/Files/MPSGraphUtilities.mm":234:0), "ane_validation_message"("Incompatible element type for ANE: expected fp16, f8E4M3, si8, ui8, si16, or ui16":0:0)]): Reached maxReorderingDistance 10
warning: loc(fused["mps_add_23"("(mpsFileLoc): /AppleInternal/Library/BuildRoots/4~CYf0ugAFA2MHVp9fguae4KUVbl8-CIxgGlWKSUA/Library/Caches/com.apple.xbs/TemporaryDirectory.p76yMP/Sources/MetalPerformanceShadersGraph/mpsgraph/MetalPerformanceShadersGraph/Core/Files/MPSGraphUtilities.mm":234:0), "ane_validation_message"("Incompatible element type for ANE: expected fp16, f8E4M3, si8, ui8, si16, or ui16":0:0)]): Reached maxReorderingDistance 10
warning: loc(fused["mps_add_33"("(mpsFileLoc): /AppleInternal/Library/BuildRoots/4~CYf0ugAFA2MHVp9fguae4KUVbl8-CIxgGlWKSUA/Library/Caches/com.apple.xbs/TemporaryDirectory.p76yMP/Sources/MetalPerformanceShadersGraph/mpsgraph/MetalPerformanceShadersGraph/Core/Files/MPSGraphUtilities.mm":234:0), "ane_validation_message"("Incompatible element type for ANE: expected fp16, f8E4M3, si8, ui8, si16, or ui16":0:0)]): Reached maxReorderingDistance 10
warning: loc(fused["mps_add_33"("(mpsFileLoc): /AppleInternal/Library/BuildRoots/4~CYf0ugAFA2MHVp9fguae4KUVbl8-CIxgGlWKSUA/Library/Caches/com.apple.xbs/TemporaryDirectory.p76yMP/Sources/MetalPerformanceShadersGraph/mpsgraph/MetalPerformanceShadersGraph/Core/Files/MPSGraphUtilities.mm":234:0), "ane_validation_message"("Incompatible element type for ANE: expected fp16, f8E4M3, si8, ui8, si16, or ui16":0:0)]): Reached maxReorderingDistance 10
warning: loc(fused["mps_add_43"("(mpsFileLoc): /AppleInternal/Library/BuildRoots/4~CYf0ugAFA2MHVp9fguae4KUVbl8-CIxgGlWKSUA/Library/Caches/com.apple.xbs/TemporaryDirectory.p76yMP/Sources/MetalPerformanceShadersGraph/mpsgraph/MetalPerformanceShadersGraph/Core/Files/MPSGraphUtilities.mm":234:0), "ane_validation_message"("Incompatible element type for ANE: expected fp16, f8E4M3, si8, ui8, si16, or ui16":0:0)]): Reached maxReorderingDistance 10
warning: loc(fused["gradient for tower_final_bn/multiplication"("(mpsFileLoc): /AppleInternal/Library/BuildRoots/4~CYf0ugAFA2MHVp9fguae4KUVbl8-CIxgGlWKSUA/Library/Caches/com.apple.xbs/TemporaryDirectory.p76yMP/Sources/MetalPerformanceShadersGraph/mpsgraph/MetalPerformanceShadersGraph/Core/Files/MPSGraphUtilities.mm":234:0), "ane_validation_message"("Incompatible element type for ANE: expected fp16, f8E4M3, si8, ui8, si16, or ui16":0:0)]): Reached maxReorderingDistance 10
warning: loc(fused["gradient for tower_final_bn/multiplication"("(mpsFileLoc): /AppleInternal/Library/BuildRoots/4~CYf0ugAFA2MHVp9fguae4KUVbl8-CIxgGlWKSUA/Library/Caches/com.apple.xbs/TemporaryDirectory.p76yMP/Sources/MetalPerformanceShadersGraph/mpsgraph/MetalPerformanceShadersGraph/Core/Files/MPSGraphUtilities.mm":234:0), "ane_validation_message"("Incompatible element type for ANE: expected fp16, f8E4M3, si8, ui8, si16, or ui16":0:0)]): Reached maxReorderingDistance 10
warning: loc(fused["mps_add_23"("(mpsFileLoc): /AppleInternal/Library/BuildRoots/4~CYf0ugAFA2MHVp9fguae4KUVbl8-CIxgGlWKSUA/Library/Caches/com.apple.xbs/TemporaryDirectory.p76yMP/Sources/MetalPerformanceShadersGraph/mpsgraph/MetalPerformanceShadersGraph/Core/Files/MPSGraphUtilities.mm":234:0), "ane_validation_message"("Incompatible element type for ANE: expected fp16, f8E4M3, si8, ui8, si16, or ui16":0:0)]): Reached maxReorderingDistance 10
warning: loc(fused["mps_add_23"("(mpsFileLoc): /AppleInternal/Library/BuildRoots/4~CYf0ugAFA2MHVp9fguae4KUVbl8-CIxgGlWKSUA/Library/Caches/com.apple.xbs/TemporaryDirectory.p76yMP/Sources/MetalPerformanceShadersGraph/mpsgraph/MetalPerformanceShadersGraph/Core/Files/MPSGraphUtilities.mm":234:0), "ane_validation_message"("Incompatible element type for ANE: expected fp16, f8E4M3, si8, ui8, si16, or ui16":0:0)]): Reached maxReorderingDistance 10
warning: loc(fused["mps_add_33"("(mpsFileLoc): /AppleInternal/Library/BuildRoots/4~CYf0ugAFA2MHVp9fguae4KUVbl8-CIxgGlWKSUA/Library/Caches/com.apple.xbs/TemporaryDirectory.p76yMP/Sources/MetalPerformanceShadersGraph/mpsgraph/MetalPerformanceShadersGraph/Core/Files/MPSGraphUtilities.mm":234:0), "ane_validation_message"("Incompatible element type for ANE: expected fp16, f8E4M3, si8, ui8, si16, or ui16":0:0)]): Reached maxReorderingDistance 10
warning: loc(fused["mps_add_33"("(mpsFileLoc): /AppleInternal/Library/BuildRoots/4~CYf0ugAFA2MHVp9fguae4KUVbl8-CIxgGlWKSUA/Library/Caches/com.apple.xbs/TemporaryDirectory.p76yMP/Sources/MetalPerformanceShadersGraph/mpsgraph/MetalPerformanceShadersGraph/Core/Files/MPSGraphUtilities.mm":234:0), "ane_validation_message"("Incompatible element type for ANE: expected fp16, f8E4M3, si8, ui8, si16, or ui16":0:0)]): Reached maxReorderingDistance 10
warning: loc(fused["mps_add_43"("(mpsFileLoc): /AppleInternal/Library/BuildRoots/4~CYf0ugAFA2MHVp9fguae4KUVbl8-CIxgGlWKSUA/Library/Caches/com.apple.xbs/TemporaryDirectory.p76yMP/Sources/MetalPerformanceShadersGraph/mpsgraph/MetalPerformanceShadersGraph/Core/Files/MPSGraphUtilities.mm":234:0), "ane_validation_message"("Incompatible element type for ANE: expected fp16, f8E4M3, si8, ui8, si16, or ui16":0:0)]): Reached maxReorderingDistance 10
[REPLAY] starting offline corpus replay over 1 corpus path(s)
[REPLAY] start-model: 20261005-r7b24-leakyvalue-fresh.safetensors modelID=20261006-5-AUSd encoding=basic24
[REPLAY-ARCH] (start-model) v5 . in basic24(24) -> stem 128 (7x7) . 3x[7x7+7x7 @128, no-SE, relu/pre, clean_add, no-ReZero, out:layer_norm, drop*1] . act tower_end relu, policy relu, value_conv leaky_relu, value_fc1_hidden leaky_relu . policy intermediate_conv(4864) . value WDL(16->FC128) . bfloat16 . 5,132,687 params
[REPLAY-HPARAMS] lr=0.001 batch=4096 wd=0.0003 momentum=0.9 gradClip=15 entropyBonus=0 drawPenalty=0 policyW=1 valueW=1 illegalW=1 pLabelSmooth=0.1 pLabelSmoothMode=fixed_total pLabelSmoothPerMove=0.0033 pLabelSmoothPerMoveCap=0.5 vLabelSmooth=0.013 dropout=0 lrWarmup=1000 bufCap=500000 replayRatio=0.48 minPrefill=250000 complementCE=on sqrtBatchLR=on batchStats=10 klProbe=100 sampling=(maxPerGame=400 maxDrawPct=100 targetLen=0 stratify=off applied=on)
[REPLAY] trainer-model output: /Users/andrew/Library/Application Support/DrewsChessMachine/Models/20261005-lrBleaky-cyc1-replay-latest.safetensors (new file)
[REPLAY] enumerated checkpoints: /Users/andrew/Library/Application Support/DrewsChessMachine/Models/20261005-lrBleaky-cyc1-replay-step1000.safetensors and siblings (never overwritten)
[REPLAY] corpus 20260624-192615-w3aA5b: 46 sealed shard(s)
[PARAM] random_seed from --seed: 20261005 (overrides random_seed_mode and random_seed=0 for this process)
[REPLAY] building network + trainer (encoding=basic24)
[NUMERICS] policy_tail_precision=fp32_from_pre_bn source=flag (affects bf16 / fp16 models only)
[REPLAY] start-model weights loaded into trainer (working+masters, velocity zeroed; new branch) + feeder net (base tensors=61)
[REPLAY-CYCLE] lr=[trough 1.00e-03,peak 1.00e+00]^10000st cnt=0 inv=true mom=[0.75,0.90]^1000st cnt=0 inv=false decay=[peak->1.00e-04 trough->1.00e-05 over 10000000st] momFollow=[low 0.850->0.900 high 0.950->0.950] origin=trainerStep 0 cycleStep 0 cycleLR=1.0000e+00 cycleMom=0.8500 (new branch from 20261006-5-AUSd; its clock, warmup and velocity are not continued)
[RUN] path=replay run=783BF744-5FCB-4869-BBE8-7126EDD0C72B seg=0 (branch from 20261006-5-AUSd sha=b750edb1883a) build=2330 git=4e70c615 dirty=true device="Apple M5 Max" vm=false os="Version 27.2 (Build 26B5091g)" seed=20261005 mode=seeded(--seed) derivation=v1 params_sha=b6cb733707db cum_step=0 cum_games=0 cum_train_sec=0.0 argv="/Users/andrew/Library/Application Support/DrewsChessMachine/FrozenBuilds/DCM-2331-4e70c615-p1headact.app/Contents/MacOS/DrewsChessMachine --replay-corpus 20260624-192615-w3aA5b --start-model /Users/andrew/Library/Application Support/DrewsChessMachine/Models/20261005-r7b24-leakyvalue-fresh.safetensors --out-model /Users/andrew/Library/Application Support/DrewsChessMachine/Models/20261005-lrBleaky-cyc1-replay-latest.safetensors --parameters /Users/andrew/cursor/drews-chess-machine/experiments/20261005-lr-schedule-ab/parameters-B.json --epochs 12 --training-step-limit 40000 --enumerate-checkpoints --policy-tail-precision fp32_from_pre_bn --seed 20261005"
[REPLAY] batchSize=4096 reuse=0.48 K=8533 minPrefill=250000 stepLimit=40000 epochLimit=12
[REPLAY] pre-filled: bufCount=250052 positionsFed=250052 gamesFed=3777 rejected=0 skipped=0
[REPLAY] step=1 loss=11.8118 pLoss=8.6287 vLoss=2.1892 pEnt=-- pIllM=0.9938 playedP=-- pW=-- pD=-- pL=-- vAbs=-- pLogitMean=-- vLogitMean=-- gNorm=31.384 lr=0.001 ms=1637.2 buf=250052 plies=250052 games=3777 rejected=0 skipped=0 epoch=0 mom=0.8500 lrCyc[pk=1.0e+00,tr=1.0e-03] trainerStep=1
[LAYER-HEALTH] live trainerStep=1 scope=batch_norm_state_only reluSites=9/10 ch=1040 dead=0 off=0 alwaysOn=0 worst=none maxBetaOverGamma=+0.00@blocks.0.bn1[0] minBetaOverGamma=+0.00@blocks.0.bn1[0] rvMaxOverMedian=3.2@stem.bn[47] rezero=none nonFinite=0
[REPLAY] step=50 loss=5.6950 pLoss=4.4198 vLoss=0.8887 pEnt=2.719 pIllM=0.3866 playedP=0.073 pW=0.51 pD=0.08 pL=0.41 vAbs=0.127 pLogitMean=0.1563 vLogitMean=2.0653 gNorm=3.838 lr=0.05 ms=712.4 buf=500000 plies=668192 games=10125 rejected=0 skipped=0 epoch=0 mom=0.8500 lrCyc[pk=1.0e+00,tr=1.0e-03] trainerStep=50
[LAYER-HEALTH] live trainerStep=50 scope=batch_norm_state_only reluSites=9/10 ch=1040 dead=0 off=0 alwaysOn=0 worst=none maxBetaOverGamma=+0.06@policy.pre_bn[42] minBetaOverGamma=-0.05@policy.pre_bn[40] rvMaxOverMedian=3.1@stem.bn[47] rezero=none nonFinite=0
[REPLAY] step=100 loss=4.6098 pLoss=3.5630 vLoss=0.8634 pEnt=2.852 pIllM=0.1834 playedP=0.095 pW=0.54 pD=0.08 pL=0.39 vAbs=0.168 pLogitMean=0.3092 vLogitMean=1.9070 gNorm=2.411 lr=0.1 ms=715.7 buf=500000 plies=1094822 games=16614 rejected=0 skipped=0 epoch=0 mom=0.8500 lrCyc[pk=1.0e+00,tr=1.0e-03] trainerStep=100
[LAYER-HEALTH] live trainerStep=100 scope=batch_norm_state_only reluSites=9/10 ch=1040 dead=0 off=0 alwaysOn=0 worst=none maxBetaOverGamma=+0.12@tower_final_bn[31] minBetaOverGamma=-0.06@policy.pre_bn[40] rvMaxOverMedian=3.1@stem.bn[47] rezero=none nonFinite=0
[REPLAY] step=150 loss=4.5021 pLoss=3.2622 vLoss=1.0729 pEnt=2.761 pIllM=0.1669 playedP=0.104 pW=0.21 pD=0.19 pL=0.60 vAbs=0.381 pLogitMean=0.3271 vLogitMean=0.8372 gNorm=2.810 lr=0.15 ms=727.4 buf=500000 plies=1521507 games=23047 rejected=0 skipped=0 epoch=0 mom=0.8500 lrCyc[pk=1.0e+00,tr=1.0e-03] trainerStep=150
[LAYER-HEALTH] live trainerStep=150 scope=batch_norm_state_only reluSites=9/10 ch=1040 dead=0 off=0 alwaysOn=0 worst=none maxBetaOverGamma=+0.22@tower_final_bn[31] minBetaOverGamma=-0.31@value.bn[8] rvMaxOverMedian=9.8@stem.bn[88] rezero=none nonFinite=0
[REPLAY] step=200 loss=4.1706 pLoss=3.2359 vLoss=0.8178 pEnt=2.836 pIllM=0.1169 playedP=0.121 pW=0.48 pD=0.06 pL=0.47 vAbs=0.166 pLogitMean=0.3155 vLogitMean=0.7970 gNorm=1.169 lr=0.2 ms=759.1 buf=500000 plies=1948135 games=29513 rejected=0 skipped=0 epoch=0 mom=0.8500 lrCyc[pk=1.0e+00,tr=1.0e-03] trainerStep=200
[LAYER-HEALTH] live trainerStep=200 scope=batch_norm_state_only reluSites=9/10 ch=1040 dead=0 off=0 alwaysOn=0 worst=none maxBetaOverGamma=+0.34@tower_final_bn[31] minBetaOverGamma=-0.62@value.bn[8] rvMaxOverMedian=21.1@stem.bn[88] rezero=none nonFinite=0
[REPLAY] step=250 loss=4.0875 pLoss=3.1601 vLoss=0.8225 pEnt=2.801 pIllM=0.1049 playedP=0.131 pW=0.51 pD=0.07 pL=0.43 vAbs=0.211 pLogitMean=0.2255 vLogitMean=0.7853 gNorm=1.216 lr=0.25 ms=786.3 buf=500000 plies=2374804 games=35963 rejected=0 skipped=0 epoch=0 mom=0.8500 lrCyc[pk=1.0e+00,tr=1.0e-03] trainerStep=250
[LAYER-HEALTH] live trainerStep=250 scope=batch_norm_state_only reluSites=9/10 ch=1040 dead=0 off=0 alwaysOn=0 worst=none maxBetaOverGamma=+0.39@tower_final_bn[31] minBetaOverGamma=-0.67@value.bn[8] rvMaxOverMedian=27.5@stem.bn[88] rezero=none nonFinite=0
[REPLAY] step=300 loss=4.0916 pLoss=3.1784 vLoss=0.8154 pEnt=2.817 pIllM=0.0978 playedP=0.123 pW=0.44 pD=0.08 pL=0.48 vAbs=0.200 pLogitMean=0.1500 vLogitMean=0.7794 gNorm=1.370 lr=0.3 ms=786.5 buf=500000 plies=2801422 games=42394 rejected=0 skipped=0 epoch=0 mom=0.8500 lrCyc[pk=1.0e+00,tr=1.0e-03] trainerStep=300
[LAYER-HEALTH] live trainerStep=300 scope=batch_norm_state_only reluSites=9/10 ch=1040 dead=0 off=0 alwaysOn=0 worst=none maxBetaOverGamma=+0.43@tower_final_bn[31] minBetaOverGamma=-0.74@value.bn[8] rvMaxOverMedian=33.5@stem.bn[85] rezero=none nonFinite=0
[REPLAY] step=350 loss=4.1267 pLoss=3.2386 vLoss=0.8105 pEnt=2.738 pIllM=0.0776 playedP=0.124 pW=0.49 pD=0.05 pL=0.46 vAbs=0.193 pLogitMean=0.0493 vLogitMean=0.7784 gNorm=1.593 lr=0.35 ms=782.6 buf=500000 plies=3228166 games=48821 rejected=0 skipped=0 epoch=0 mom=0.8500 lrCyc[pk=1.0e+00,tr=1.0e-03] trainerStep=350
[LAYER-HEALTH] live trainerStep=350 scope=batch_norm_state_only reluSites=9/10 ch=1040 dead=0 off=0 alwaysOn=0 worst=none maxBetaOverGamma=+0.47@tower_final_bn[31] minBetaOverGamma=-0.78@value.bn[8] rvMaxOverMedian=33.0@stem.bn[85] rezero=none nonFinite=0
[REPLAY] step=400 loss=4.1466 pLoss=3.2359 vLoss=0.8123 pEnt=2.710 pIllM=0.0983 playedP=0.137 pW=0.48 pD=0.07 pL=0.46 vAbs=0.170 pLogitMean=-0.1340 vLogitMean=0.7555 gNorm=0.910 lr=0.4 ms=780.7 buf=500000 plies=3654819 games=55255 rejected=0 skipped=0 epoch=0 mom=0.8500 lrCyc[pk=1.0e+00,tr=1.0e-03] trainerStep=400
[LAYER-HEALTH] live trainerStep=400 scope=batch_norm_state_only reluSites=9/10 ch=1040 dead=0 off=0 alwaysOn=0 worst=none maxBetaOverGamma=+0.51@tower_final_bn[31] minBetaOverGamma=-0.86@value.bn[8] rvMaxOverMedian=27.5@stem.bn[88] rezero=none nonFinite=0
[REPLAY] step=450 loss=4.1121 pLoss=3.2237 vLoss=0.8241 pEnt=2.767 pIllM=0.0643 playedP=0.123 pW=0.49 pD=0.06 pL=0.46 vAbs=0.187 pLogitMean=-0.2980 vLogitMean=0.7775 gNorm=1.374 lr=0.45 ms=778.9 buf=500000 plies=4081392 games=61710 rejected=0 skipped=0 epoch=0 mom=0.8500 lrCyc[pk=1.0e+00,tr=1.0e-03] trainerStep=450
[LAYER-HEALTH] live trainerStep=450 scope=batch_norm_state_only reluSites=9/10 ch=1040 dead=0 off=0 alwaysOn=0 worst=none maxBetaOverGamma=+0.57@tower_final_bn[31] minBetaOverGamma=-0.82@value.bn[8] rvMaxOverMedian=20.9@stem.bn[88] rezero=none nonFinite=0
[REPLAY] step=500 loss=4.1901 pLoss=3.3114 vLoss=0.8159 pEnt=2.782 pIllM=0.0627 playedP=0.101 pW=0.49 pD=0.06 pL=0.45 vAbs=0.203 pLogitMean=-0.8817 vLogitMean=0.7484 gNorm=1.801 lr=0.5 ms=828.2 buf=500000 plies=4508091 games=68143 rejected=0 skipped=0 epoch=0 mom=0.8500 lrCyc[pk=1.0e+00,tr=1.0e-03] trainerStep=500
[LAYER-HEALTH] live trainerStep=500 scope=batch_norm_state_only reluSites=9/10 ch=1040 dead=0 off=0 alwaysOn=0 worst=none maxBetaOverGamma=+0.57@tower_final_bn[31] minBetaOverGamma=-0.97@policy.pre_bn[42] rvMaxOverMedian=25.6@stem.bn[24] rezero=none nonFinite=0
[REPLAY] step=550 loss=4.0954 pLoss=3.2148 vLoss=0.8208 pEnt=2.713 pIllM=0.0598 playedP=0.128 pW=0.45 pD=0.07 pL=0.48 vAbs=0.183 pLogitMean=-1.2680 vLogitMean=0.7147 gNorm=1.476 lr=0.55 ms=813.0 buf=500000 plies=4934688 games=74611 rejected=0 skipped=0 epoch=0 mom=0.8500 lrCyc[pk=1.0e+00,tr=1.0e-03] trainerStep=550
[LAYER-HEALTH] live trainerStep=550 scope=batch_norm_state_only reluSites=9/10 ch=1040 dead=0 off=0 alwaysOn=0 worst=none maxBetaOverGamma=+0.59@tower_final_bn[31] minBetaOverGamma=-0.97@value.bn[6] rvMaxOverMedian=37.1@stem.bn[24] rezero=none nonFinite=0
[REPLAY] step=600 loss=3.8700 pLoss=2.9864 vLoss=0.8344 pEnt=2.846 pIllM=0.0491 playedP=0.137 pW=0.46 pD=0.07 pL=0.48 vAbs=0.202 pLogitMean=-1.4391 vLogitMean=0.6919 gNorm=0.717 lr=0.6 ms=801.4 buf=500000 plies=5361349 games=81137 rejected=0 skipped=0 epoch=0 mom=0.8500 lrCyc[pk=1.0e+00,tr=1.0e-03] trainerStep=600
[LAYER-HEALTH] live trainerStep=600 scope=batch_norm_state_only reluSites=9/10 ch=1040 dead=0 off=0 alwaysOn=0 worst=none maxBetaOverGamma=+0.60@tower_final_bn[31] minBetaOverGamma=-0.97@value.bn[6] rvMaxOverMedian=41.4@stem.bn[24] rezero=none nonFinite=0
[REPLAY] step=650 loss=3.9006 pLoss=3.0426 vLoss=0.8073 pEnt=2.879 pIllM=0.0507 playedP=0.130 pW=0.50 pD=0.06 pL=0.44 vAbs=0.199 pLogitMean=-1.6581 vLogitMean=0.6829 gNorm=0.645 lr=0.65 ms=788.1 buf=500000 plies=5787980 games=87653 rejected=0 skipped=0 epoch=0 mom=0.8500 lrCyc[pk=1.0e+00,tr=1.0e-03] trainerStep=650
[LAYER-HEALTH] live trainerStep=650 scope=batch_norm_state_only reluSites=9/10 ch=1040 dead=0 off=0 alwaysOn=0 worst=none maxBetaOverGamma=+0.62@tower_final_bn[31] minBetaOverGamma=-1.04@value.bn[8] rvMaxOverMedian=43.9@stem.bn[24] rezero=none nonFinite=0
[REPLAY] step=700 loss=3.8736 pLoss=3.0163 vLoss=0.8173 pEnt=2.796 pIllM=0.0401 playedP=0.141 pW=0.45 pD=0.07 pL=0.48 vAbs=0.207 pLogitMean=-1.9285 vLogitMean=0.6519 gNorm=0.785 lr=0.7 ms=794.1 buf=500000 plies=6214635 games=94100 rejected=0 skipped=0 epoch=0 mom=0.8500 lrCyc[pk=1.0e+00,tr=1.0e-03] trainerStep=700
[LAYER-HEALTH] live trainerStep=700 scope=batch_norm_state_only reluSites=9/10 ch=1040 dead=0 off=0 alwaysOn=0 worst=none maxBetaOverGamma=+0.62@tower_final_bn[31] minBetaOverGamma=-1.19@value.bn[8] rvMaxOverMedian=41.7@stem.bn[24] rezero=none nonFinite=0
[REPLAY] step=750 loss=3.8362 pLoss=2.9908 vLoss=0.8000 pEnt=2.817 pIllM=0.0455 playedP=0.139 pW=0.45 pD=0.05 pL=0.49 vAbs=0.192 pLogitMean=-2.2681 vLogitMean=0.6705 gNorm=0.746 lr=0.75 ms=805.0 buf=500000 plies=6641305 games=100549 rejected=0 skipped=0 epoch=0 mom=0.8500 lrCyc[pk=1.0e+00,tr=1.0e-03] trainerStep=750
[LAYER-HEALTH] live trainerStep=750 scope=batch_norm_state_only reluSites=9/10 ch=1040 dead=0 off=0 alwaysOn=0 worst=none maxBetaOverGawarning: loc(fused["gradient for tower_final_bn/multiplication"("(mpsFileLoc): /AppleInternal/Library/BuildRoots/4~CYf0ugAFA2MHVp9fguae4KUVbl8-CIxgGlWKSUA/Library/Caches/com.apple.xbs/TemporaryDirectory.p76yMP/Sources/MetalPerformanceShadersGraph/mpsgraph/MetalPerformanceShadersGraph/Core/Files/MPSGraphUtilities.mm":234:0), "ane_validation_message"("Incompatible element type for ANE: expected fp16, f8E4M3, si8, ui8, si16, or ui16":0:0)]): Reached maxReorderingDistance 10
warning: loc(fused["gradient for tower_final_bn/multiplication"("(mpsFileLoc): /AppleInternal/Library/BuildRoots/4~CYf0ugAFA2MHVp9fguae4KUVbl8-CIxgGlWKSUA/Library/Caches/com.apple.xbs/TemporaryDirectory.p76yMP/Sources/MetalPerformanceShadersGraph/mpsgraph/MetalPerformanceShadersGraph/Core/Files/MPSGraphUtilities.mm":234:0), "ane_validation_message"("Incompatible element type for ANE: expected fp16, f8E4M3, si8, ui8, si16, or ui16":0:0)]): Reached maxReorderingDistance 10
warning: loc(fused["mps_add_23"("(mpsFileLoc): /AppleInternal/Library/BuildRoots/4~CYf0ugAFA2MHVp9fguae4KUVbl8-CIxgGlWKSUA/Library/Caches/com.apple.xbs/TemporaryDirectory.p76yMP/Sources/MetalPerformanceShadersGraph/mpsgraph/MetalPerformanceShadersGraph/Core/Files/MPSGraphUtilities.mm":234:0), "ane_validation_message"("Incompatible element type for ANE: expected fp16, f8E4M3, si8, ui8, si16, or ui16":0:0)]): Reached maxReorderingDistance 10
warning: loc(fused["mps_add_23"("(mpsFileLoc): /AppleInternal/Library/BuildRoots/4~CYf0ugAFA2MHVp9fguae4KUVbl8-CIxgGlWKSUA/Library/Caches/com.apple.xbs/TemporaryDirectory.p76yMP/Sources/MetalPerformanceShadersGraph/mpsgraph/MetalPerformanceShadersGraph/Core/Files/MPSGraphUtilities.mm":234:0), "ane_validation_message"("Incompatible element type for ANE: expected fp16, f8E4M3, si8, ui8, si16, or ui16":0:0)]): Reached maxReorderingDistance 10
warning: loc(fused["mps_add_33"("(mpsFileLoc): /AppleInternal/Library/BuildRoots/4~CYf0ugAFA2MHVp9fguae4KUVbl8-CIxgGlWKSUA/Library/Caches/com.apple.xbs/TemporaryDirectory.p76yMP/Sources/MetalPerformanceShadersGraph/mpsgraph/MetalPerformanceShadersGraph/Core/Files/MPSGraphUtilities.mm":234:0), "ane_validation_message"("Incompatible element type for ANE: expected fp16, f8E4M3, si8, ui8, si16, or ui16":0:0)]): Reached maxReorderingDistance 10
warning: loc(fused["mps_add_33"("(mpsFileLoc): /AppleInternal/Library/BuildRoots/4~CYf0ugAFA2MHVp9fguae4KUVbl8-CIxgGlWKSUA/Library/Caches/com.apple.xbs/TemporaryDirectory.p76yMP/Sources/MetalPerformanceShadersGraph/mpsgraph/MetalPerformanceShadersGraph/Core/Files/MPSGraphUtilities.mm":234:0), "ane_validation_message"("Incompatible element type for ANE: expected fp16, f8E4M3, si8, ui8, si16, or ui16":0:0)]): Reached maxReorderingDistance 10
warning: loc(fused["mps_add_43"("(mpsFileLoc): /AppleInternal/Library/BuildRoots/4~CYf0ugAFA2MHVp9fguae4KUVbl8-CIxgGlWKSUA/Library/Caches/com.apple.xbs/TemporaryDirectory.p76yMP/Sources/MetalPerformanceShadersGraph/mpsgraph/MetalPerformanceShadersGraph/Core/Files/MPSGraphUtilities.mm":234:0), "ane_validation_message"("Incompatible element type for ANE: expected fp16, f8E4M3, si8, ui8, si16, or ui16":0:0)]): Reached maxReorderingDistance 10
mma=+0.67@policy.pre_bn[12] minBetaOverGamma=-1.18@value.bn[8] rvMaxOverMedian=36.2@stem.bn[24] rezero=none nonFinite=0
[REPLAY] step=800 loss=4.1467 pLoss=3.2972 vLoss=0.8116 pEnt=2.594 pIllM=0.0379 playedP=0.144 pW=0.50 pD=0.06 pL=0.44 vAbs=0.201 pLogitMean=-2.7353 vLogitMean=0.6567 gNorm=1.416 lr=0.8 ms=803.9 buf=500000 plies=7067936 games=106984 rejected=0 skipped=0 epoch=0 mom=0.8500 lrCyc[pk=1.0e+00,tr=1.0e-03] trainerStep=800
[LAYER-HEALTH] live trainerStep=800 scope=batch_norm_state_only reluSites=9/10 ch=1040 dead=0 off=0 alwaysOn=0 worst=none maxBetaOverGamma=+0.71@policy.pre_bn[12] minBetaOverGamma=-1.16@value.bn[7] rvMaxOverMedian=32.8@stem.bn[24] rezero=none nonFinite=0
[REPLAY] step=850 loss=3.8586 pLoss=3.0030 vLoss=0.8164 pEnt=2.858 pIllM=0.0392 playedP=0.135 pW=0.52 pD=0.06 pL=0.42 vAbs=0.242 pLogitMean=-3.3606 vLogitMean=0.6632 gNorm=0.668 lr=0.85 ms=787.0 buf=500000 plies=7494593 games=113499 rejected=0 skipped=0 epoch=0 mom=0.8500 lrCyc[pk=1.0e+00,tr=1.0e-03] trainerStep=850
[LAYER-HEALTH] live trainerStep=850 scope=batch_norm_state_only reluSites=9/10 ch=1040 dead=0 off=0 alwaysOn=0 worst=none maxBetaOverGamma=+0.79@policy.pre_bn[12] minBetaOverGamma=-1.20@value.bn[15] rvMaxOverMedian=24.9@stem.bn[24] rezero=none nonFinite=0
[REPLAY] step=900 loss=3.7994 pLoss=2.9569 vLoss=0.8070 pEnt=2.862 pIllM=0.0355 playedP=0.141 pW=0.45 pD=0.06 pL=0.49 vAbs=0.211 pLogitMean=-3.6273 vLogitMean=0.6509 gNorm=0.537 lr=0.9 ms=795.2 buf=500000 plies=7921223 games=119988 rejected=0 skipped=0 epoch=0 mom=0.8500 lrCyc[pk=1.0e+00,tr=1.0e-03] trainerStep=900
[LAYER-HEALTH] live trainerStep=900 scope=batch_norm_state_only reluSites=9/10 ch=1040 dead=0 off=0 alwaysOn=0 worst=none maxBetaOverGamma=+0.82@policy.pre_bn[12] minBetaOverGamma=-1.34@value.bn[15] rvMaxOverMedian=20.3@stem.bn[24] rezero=none nonFinite=0
[REPLAY] step=950 loss=3.7562 pLoss=2.9358 vLoss=0.7874 pEnt=2.897 pIllM=0.0330 playedP=0.136 pW=0.47 pD=0.06 pL=0.47 vAbs=0.210 pLogitMean=-3.9567 vLogitMean=0.6448 gNorm=0.492 lr=0.95 ms=784.8 buf=500000 plies=8347899 games=126489 rejected=0 skipped=0 epoch=0 mom=0.8500 lrCyc[pk=1.0e+00,tr=1.0e-03] trainerStep=950
[LAYER-HEALTH] live trainerStep=950 scope=batch_norm_state_only reluSites=9/10 ch=1040 dead=0 off=0 alwaysOn=0 worst=none maxBetaOverGamma=+0.85@policy.pre_bn[12] minBetaOverGamma=-1.37@value.bn[8] rvMaxOverMedian=16.4@stem.bn[24] rezero=none nonFinite=0
[REPLAY] step=1000 loss=3.8552 pLoss=3.0135 vLoss=0.8129 pEnt=2.829 pIllM=0.0288 playedP=0.141 pW=0.48 pD=0.07 pL=0.44 vAbs=0.179 pLogitMean=-4.2188 vLogitMean=0.6320 gNorm=0.686 lr=1 ms=821.1 buf=500000 plies=8774530 games=132916 rejected=0 skipped=0 epoch=0 mom=0.8500 lrCyc[pk=1.0e+00,tr=1.0e-03] trainerStep=1000
[LAYER-HEALTH] live trainerStep=1000 scope=batch_norm_state_only reluSites=9/10 ch=1040 dead=0 off=0 alwaysOn=0 worst=none maxBetaOverGamma=+0.88@policy.pre_bn[12] minBetaOverGamma=-1.43@value.bn[8] rvMaxOverMedian=13.0@stem.bn[24] rezero=none nonFinite=0
[REPLAY] saved trainer model (autosave) step=1000 trainerStep=1000 nextGame=132916 shard=0 epoch=0 -> 20261005-lrBleaky-cyc1-replay-latest.safetensors
[LAYER-HEALTH] checkpoint replay-autosave step=1000 trainerStep=1000 scope=all_tensors reluSites=9/10 ch=1040 dead=0 off=0 alwaysOn=0 worst=none maxBetaOverGamma=+0.88@policy.pre_bn[12] minBetaOverGamma=-1.43@value.bn[8] rvMaxOverMedian=13.0@stem.bn[24] rezero=none nonFinite=0 seZeroVel=none valueFC1ZeroVel=0/128 maxAbs=11.05@blocks.0.bn2.running_var
[LAYER-HEALTH]   batch-norm sites — β/|γ|: dead < -3.00, mostly off < -2.00, always on > +3.00; classified for relu/leaky_relu only
[LAYER-HEALTH]     site            act            ch   dead    off     on  zeroγ nonfin  min β/|γ| [ch]     max β/|γ| [ch]     rv max/median [ch]
[LAYER-HEALTH]     stem.bn         -             128    n/a    n/a    n/a      0      0     -0.14 [69]         +0.09 [110]          13.0 [24]
[LAYER-HEALTH]     blocks.0.bn1    relu          128      0      0      0      0      0     -0.28 [21]         +0.10 [38]            1.7 [14]
[LAYER-HEALTH]     blocks.0.bn2    relu          128      0      0      0      0      0     -0.54 [126]        -0.08 [58]            4.5 [97]
[LAYER-HEALTH]     blocks.1.bn1    relu          128      0      0      0      0      0     -0.30 [68]         +0.08 [31]            3.9 [14]
[LAYER-HEALTH]     blocks.1.bn2    relu          128      0      0      0      0      0     -0.56 [44]         -0.13 [35]            3.6 [73]
[LAYER-HEALTH]     blocks.2.bn1    relu          128      0      0      0      0      0     -0.41 [11]         +0.16 [31]            4.0 [117]
[LAYER-HEALTH]     blocks.2.bn2    relu          128      0      0      0      0      0     -0.55 [73]         -0.18 [126]           2.2 [26]
[LAYER-HEALTH]     tower_final_bn  relu          128      0      0      0      0      0     -0.20 [120]        +0.60 [31]            3.7 [75]
[LAYER-HEALTH]     policy.pre_bn   relu          128      0      0      0      0      0     -0.85 [26]         +0.88 [12]            3.3 [73]
[LAYER-HEALTH]     value.bn        leaky_relu     16      0      0      0      0      0     -1.43 [8]          -0.80 [1]             2.4 [8]
[LAYER-HEALTH]   FC hidden-unit velocity — zero: every weight-velocity entry exactly 0; low: nonzero but < 5% of the layer's p90 unit norm
[LAYER-HEALTH]     value.fc1.weight  leaky_relu  units 128  zero 0  low 7  median unit norm 0.003125
[LAYER-HEALTH]     (no SE blocks)
[LAYER-HEALTH]   ReZero: none
[LAYER-HEALTH]   non-finite: 0 values in 0 of 102 tensors (10263038 values examined)
[LAYER-HEALTH]   largest |value|: blocks.0.bn2.running_var 11.05, blocks.1.bn2.running_var 8.292, policy.pre_bn.running_var 7.769, blocks.2.bn2.running_var 6.987, policy.pre_bn.running_mean 5.437
[REPLAY] enumerated checkpoint -> 20261005-lrBleaky-cyc1-replay-step1000.safetensors
[REPLAY] step=1050 loss=3.7724 pLoss=2.9360 vLoss=0.8142 pEnt=2.844 pIllM=0.0222 playedP=0.143 pW=0.46 pD=0.07 pL=0.47 vAbs=0.213 pLogitMean=-4.6753 vLogitMean=0.6471 gNorm=0.551 lr=0.998 ms=828.4 buf=500000 plies=9201214 games=139396 rejected=0 skipped=0 epoch=0 mom=0.8500 lrCyc[pk=1.0e+00,tr=1.0e-03] trainerStep=1050
[LAYER-HEALTH] live trainerStep=1050 scope=batch_norm_state_only reluSites=9/10 ch=1040 dead=0 off=0 alwaysOn=0 worst=none maxBetaOverGamma=+0.94@policy.pre_bn[60] minBetaOverGamma=-1.50@value.bn[8] rvMaxOverMedian=9.6@stem.bn[24] rezero=none nonFinite=0
[REPLAY] step=1100 loss=3.7854 pLoss=2.9520 vLoss=0.8029 pEnt=2.878 pIllM=0.0305 playedP=0.139 pW=0.47 pD=0.06 pL=0.47 vAbs=0.211 pLogitMean=-4.9869 vLogitMean=0.6277 gNorm=0.551 lr=0.993 ms=795.9 buf=500000 plies=9627836 games=145925 rejected=0 skipped=0 epoch=0 mom=0.8501 lrCyc[pk=1.0e+00,tr=1.0e-03] trainerStep=1100
[LAYER-HEALTH] live trainerStep=1100 scope=batch_norm_state_only reluSites=9/10 ch=1040 dead=0 off=0 alwaysOn=0 worst=none maxBetaOverGamma=+0.97@policy.pre_bn[60] minBetaOverGamma=-1.25@value.bn[12] rvMaxOverMedian=7.2@stem.bn[24] rezero=none nonFinite=0
[REPLAY] step=1150 loss=3.7909 pLoss=2.9488 vLoss=0.8188 pEnt=2.848 pIllM=0.0232 playedP=0.143 pW=0.50 pD=0.07 pL=0.44 vAbs=0.233 pLogitMean=-5.2686 vLogitMean=0.6505 gNorm=0.603 lr=0.985 ms=789.5 buf=500000 plies=10054477 games=152388 rejected=0 skipped=0 epoch=0 mom=0.8502 lrCyc[pk=1.0e+00,tr=1.0e-03] trainerStep=1150
[LAYER-HEALTH] live trainerStep=1150 scope=batch_norm_state_only reluSites=9/10 ch=1040 dead=0 off=0 alwaysOn=0 worst=none maxBetaOverGamma=+1.06@policy.pre_bn[60] minBetaOverGamma=-1.43@value.bn[4] rvMaxOverMedian=5.7@stem.bn[24] rezero=none nonFinite=0
[REPLAY] step=1200 loss=3.7128 pLoss=2.8857 vLoss=0.8041 pEnt=2.866 pIllM=0.0230 playedP=0.148 pW=0.49 pD=0.06 pL=0.46 vAbs=0.212 pLogitMean=-5.4506 vLogitMean=0.6588 gNorm=0.419 lr=0.973 ms=794.5 buf=500000 plies=10481119 games=158937 rejected=0 skipped=0 epoch=0 mom=0.8504 lrCyc[pk=1.0e+00,tr=1.0e-03] trainerStep=1200
[LAYER-HEALTH] live trainerStep=1200 scope=batch_norm_state_only reluSites=9/10 ch=1040 dead=0 off=0 alwaysOn=0 worst=none maxBetaOverGamma=+1.17@policy.pre_bn[60] minBetaOverGamma=-1.63@value.bn[4] rvMaxOverMedian=6.5@stem.bn[90] rezero=none nonFinite=0
[REPLAY] step=1250 loss=3.7717 pLoss=2.9408 vLoss=0.8066 pEnt=2.899 pIllM=0.0243 playedP=0.140 pW=0.50 pD=0.07 pL=0.43 vAbs=0.186 pLogitMean=-5.6239 vLogitMean=0.6471 gNorm=0.453 lr=0.958 ms=784.4 buf=500000 plies=10907775 games=165443 rejected=0 skipped=0 epoch=0 mom=0.8506 lrCyc[pk=1.0e+00,tr=1.0e-03] trainerStep=1250
[LAYER-HEALTH] live trainerStep=1250 scope=batch_norm_state_only reluSites=9/10 ch=1040 dead=0 off=0 alwaysOn=0 worst=none maxBetaOverGamma=+1.21@policy.pre_bn[22] minBetaOverGamma=-1.34@value.bn[4] rvMaxOverMedian=53.8@stem.bn[90] rezero=none nonFinite=0
[REPLAY] step=1300 loss=3.6754 pLoss=2.8731 vLoss=0.7819 pEnt=2.904 pIllM=0.0203 playedP=0.144 pW=0.47 pD=0.05 pL=0.48 vAbs=0.224 pLogitMean=-5.7883 vLogitMean=0.6736 gNorm=0.393 lr=0.94 ms=804.9 buf=500000 plies=11334448 games=171904 rejected=0 skipped=0 epoch=0 mom=0.8509 lrCyc[pk=1.0e+00,tr=1.0e-03] trainerStep=1300
[LAYER-HEALTH] live trainerStep=1300 scope=batch_norm_state_only reluSites=9/10 ch=1040 dead=0 off=0 alwaysOn=0 worst=none maxBetaOverGamma=+1.24@policy.pre_bn[22] minBetaOverGamma=-1.33@value.bn[11] rvMaxOverMedian=80.9@stem.bn[90] rezero=none nonFinite=0
[REPLAY] step=1350 loss=3.7461 pLoss=2.9140 vLoss=0.8142 pEnt=2.902 pIllM=0.0179 playedP=0.139 pW=0.48 pD=0.06 pL=0.45 vAbs=0.215 pLogitMean=-5.9364 vLogitMean=0.6411 gNorm=0.406 lr=0.92 ms=796.4 buf=500000 plies=11761188 games=178282 rejected=0 skipped=0 epoch=0 mom=0.8512 lrCyc[pk=1.0e+00,tr=1.0e-03] trainerStep=1350
[LAYER-HEALTH] live trainerStep=1350 scope=batch_norm_state_only reluSites=9/10 ch=1040 dead=0 off=0 alwaysOn=0 worst=none maxBetaOverGamma=+1.24@policy.pre_bn[22] minBetaOverGamma=-1.26@value.bn[0] rvMaxOverMedian=95.1@stem.bn[90] rezero=none nonFinite=0
[REPLAY] step=1400 loss=3.6675 pLoss=2.8526 vLoss=0.7981 pEnt=2.881 pIllM=0.0167 playedP=0.149 pW=0.46 pD=0.06 pL=0.48 vAbs=0.232 pLogitMean=-6.0522 vLogitMean=0.6402 gNorm=0.462 lr=0.897 ms=803.1 buf=500000 plies=12187759 games=184728 rejected=0 skipped=0 epoch=0 mom=0.8516 lrCyc[pk=1.0e+00,tr=1.0e-03] trainerStep=1400
[LAYER-HEALTH] live trainerStep=1400 scope=batch_norm_state_only reluSites=9/10 ch=1040 dead=0 off=0 alwaysOn=0 worst=none maxBetaOverGamma=+1.22@policy.pre_bn[60] minBetaOverGamma=-1.45@value.bn[2] rvMaxOverMedian=102.6@stem.bn[90] rezero=none nonFinite=0
[REPLAY] step=1450 loss=3.7137 pLoss=2.8957 vLoss=0.8010 pEnt=2.874 pIllM=0.0170 playedP=0.148 pW=0.48 pD=0.07 pL=0.45 vAbs=0.218 pLogitMean=-6.1747 vLogitMean=0.6511 gNorm=0.364 lr=0.871 ms=808.7 buf=500000 plies=12614406 games=191184 rejected=0 skipped=0 epoch=0 mom=0.8520 lrCyc[pk=1.0e+00,tr=1.0e-03] trainerStep=1450
[LAYER-HEALTH] live trainerStep=1450 scope=batch_norm_state_only reluSites=9/10 ch=1040 dead=0 off=0 alwaysOn=0 worst=none maxBetaOverGamma=+1.24@policy.pre_bn[22] minBetaOverGamma=-1.40@value.bn[2] rvMaxOverMedian=104.5@stem.bn[90] rezero=none nonFinite=0
[REPLAY] step=1500 loss=3.6560 pLoss=2.8378 vLoss=0.8018 pEnt=2.889 pIllM=0.0163 playedP=0.149 pW=0.46 pD=0.07 pL=0.47 vAbs=0.219 pLogitMean=-6.2917 vLogitMean=0.6407 gNorm=0.342 lr=0.844 ms=838.3 buf=500000 plies=13041037 games=197659 rejected=0 skipped=0 epoch=0 mom=0.8524 lrCyc[pk=1.0e+00,tr=1.0e-03] trainerStep=1500
[LAYER-HEALTH] live trainerStep=1500 scope=batch_norm_state_only reluSites=9/10 ch=1040 dead=0 off=0 alwaysOn=0 worst=none maxBetaOverGamma=+1.25@policy.pre_bn[22] minBetaOverGamma=-1.41@value.bn[8] rvMaxOverMedian=101.1@stem.bn[90] rezero=none nonFinite=0
[REPLAY] step=1550 loss=3.6454 pLoss=2.8297 vLoss=0.8009 pEnt=2.918 pIllM=0.0149 playedP=0.145 pW=0.47 pD=0.05 pL=0.48 vAbs=0.205 pLogitMean=-6.3936 vLogitMean=0.6269 gNorm=0.311 lr=0.815 ms=807.0 buf=500000 plies=13467683 games=204002 rejected=0 skipped=0 epoch=0 mom=0.8530 lrCyc[pk=1.0e+00,tr=1.0e-03] trainerStep=1550
[LAYER-HEALTH] live trainerStep=1550 scope=batch_norm_state_only reluSites=9/10 ch=1040 dead=0 off=0 alwaysOn=0 worst=none maxBetaOverGamma=+1.25@policy.pre_bn[22] minBetaOverGamma=-1.66@value.bn[8] rvMaxOverMedian=102.6@stem.bn[90] rezero=none nonFinite=0
[REPLAY] step=1600 loss=3.6434 pLoss=2.8240 vLoss=0.8054 pEnt=2.880 pIllM=0.0140 playedP=0.149 pW=0.45 pD=0.06 pL=0.49 vAbs=0.214 pLogitMean=-6.4472 vLogitMean=0.6168 gNorm=0.329 lr=0.784 ms=813.3 buf=500000 plies=13894401 games=210364 rejected=0 skipped=0 epoch=0 mom=0.8535 lrCyc[pk=1.0e+00,tr=1.0e-03] trainerStep=1600
[LAYER-HEALTH] live trainerStep=1600 scope=batch_norm_state_only reluSites=9/10 ch=1040 dead=0 off=0 alwaysOn=0 worst=none maxBetaOverGamma=+1.34@policy.pre_bn[22] minBetaOverGamma=-1.75@value.bn[8] rvMaxOverMedian=99.8@stem.bn[90] rezero=none nonFinite=0
[REPLAY] step=1650 loss=3.6636 pLoss=2.8601 vLoss=0.7903 pEnt=2.868 pIllM=0.0132 playedP=0.153 pW=0.49 pD=0.06 pL=0.45 vAbs=0.214 pLogitMean=-6.5333 vLogitMean=0.6159 gNorm=0.356 lr=0.752 ms=800.0 buf=500000 plies=14320978 games=216805 rejected=0 skipped=0 epoch=0 mom=0.8541 lrCyc[pk=1.0e+00,tr=1.0e-03] trainerStep=1650
[LAYER-HEALTH] live trainerStep=1650 scope=batch_norm_state_only reluSites=9/10 ch=1040 dead=0 off=0 alwaysOn=0 worst=none maxBetaOverGamma=+1.28@policy.pre_bn[60] minBetaOverGamma=-1.75@value.bn[8] rvMaxOverMedian=95.9@stem.bn[90] rezero=none nonFinite=0
[REPLAY] step=1700 loss=3.6032 pLoss=2.8001 vLoss=0.7900 pEnt=2.888 pIllM=0.0131 playedP=0.151 pW=0.48 pD=0.06 pL=0.46 vAbs=0.232 pLogitMean=-6.6096 vLogitMean=0.6136 gNorm=0.340 lr=0.719 ms=851.8 buf=500000 plies=14747619 games=223222 rejected=0 skipped=0 epoch=0 mom=0.8548 lrCyc[pk=1.0e+00,tr=1.0e-03] trainerStep=1700
[LAYER-HEALTH] live trainerStep=1700 scope=batch_norm_state_only reluSites=9/10 ch=1040 dead=0 off=0 alwaysOn=0 worst=none maxBetaOverGamma=+1.34@policy.pre_bn[22] minBetaOverGamma=-1.83@value.bn[8] rvMaxOverMedian=94.2@stem.bn[90] rezero=none nonFinite=0
[REPLAY] step=1750 loss=3.6618 pLoss=2.8506 vLoss=0.7992 pEnt=2.843 pIllM=0.0120 playedP=0.160 pW=0.50 pD=0.06 pL=0.44 vAbs=0.250 pLogitMean=-6.6629 vLogitMean=0.6231 gNorm=0.362 lr=0.686 ms=846.0 buf=500000 plies=15174282 games=229727 rejected=0 skipped=0 epoch=0 mom=0.8555 lrCyc[pk=1.0e+00,tr=1.0e-03] trainerStep=1750
[LAYER-HEALTH] live trainerStep=1750 scope=batch_norm_state_only reluSites=9/10 ch=1040 dead=0 off=0 alwaysOn=0 worst=none maxBetaOverGamma=+1.27@policy.pre_bn[22] minBetaOverGamma=-1.84@value.bn[2] rvMaxOverMedian=91.5@stem.bn[90] rezero=none nonFinite=0
[REPLAY] step=1800 loss=3.6291 pLoss=2.8268 vLoss=0.7908 pEnt=2.874 pIllM=0.0116 playedP=0.159 pW=0.48 pD=0.06 pL=0.47 vAbs=0.217 pLogitMean=-6.7071 vLogitMean=0.6099 gNorm=0.347 lr=0.652 ms=790.2 buf=500000 plies=15600921 games=236281 rejected=0 skipped=0 epoch=0 mom=0.8562 lrCyc[pk=1.0e+00,tr=1.0e-03] trainerStep=1800
[LAYER-HEALTH] live trainerStep=1800 scope=batch_norm_state_only reluSites=9/10 ch=1040 dead=0 off=0 alwaysOn=0 worst=none maxBetaOverGamma=+1.27@policy.pre_bn[22] minBetaOverGamma=-1.65@value.bn[4] rvMaxOverMedian=89.3@stem.bn[90] rezero=none nonFinite=0
[REPLAY] step=1850 loss=3.6239 pLoss=2.8189 vLoss=0.7937 pEnt=2.901 pIllM=0.0112 playedP=0.148 pW=0.48 pD=0.05 pL=0.47 vAbs=0.222 pLogitMean=-6.7523 vLogitMean=0.6151 gNorm=0.337 lr=0.618 ms=856.8 buf=500000 plies=16027622 games=242762 rejected=0 skipped=0 epoch=0 mom=0.8570 lrCyc[pk=1.0e+00,tr=1.0e-03] trainerStep=1850
[LAYER-HEALTH] live trainerStep=1850 scope=batch_norm_state_only reluSites=9/10 ch=1040 dead=0 off=0 alwaysOn=0 worst=none maxBetaOverGamma=+1.29@policy.pre_bn[22] minBetaOverGamma=-1.60@value.bn[4] rvMaxOverMedian=88.1@stem.bn[90] rezero=none nonFinite=0
[REPLAY] step=1900 loss=3.5807 pLoss=2.7692 vLoss=0.8009 pEnt=2.916 pIllM=0.0105 playedP=0.151 pW=0.47 pD=0.07 pL=0.46 vAbs=0.253 pLogitMean=-6.7830 vLogitMean=0.6028 gNorm=0.340 lr=0.584 ms=841.8 buf=500000 plies=16454219 games=249306 rejected=0 skipped=0 epoch=0 mom=0.8578 lrCyc[pk=1.0e+00,tr=1.0e-03] trainerStep=1900
[LAYER-HEALTH] live trainerStep=1900 scope=batch_norm_state_only reluSites=9/10 ch=1040 dead=0 off=0 alwaysOn=0 worst=none maxBetaOverGamma=+1.41@policy.pre_bn[22] minBetaOverGamma=-1.47@value.bn[4] rvMaxOverMedian=88.3@stem.bn[90] rezero=none nonFinite=0
[REPLAY] step=1950 loss=3.6484 pLoss=2.8358 vLoss=0.8033 pEnt=2.917 pIllM=0.0093 playedP=0.152 pW=0.46 pD=0.06 pL=0.48 vAbs=0.214 pLogitMean=-6.8087 vLogitMean=0.6165 gNorm=0.314 lr=0.55 ms=911.0 buf=500000 plies=16880892 games=255747 rejected=0 skipped=0 epoch=0 mom=0.8587 lrCyc[pk=1.0e+00,tr=1.0e-03] trainerStep=1950
[LAYER-HEALTH] live trainerStep=1950 scope=batch_norm_state_only reluSites=9/10 ch=1040 dead=0 off=0 alwaysOn=0 worst=none maxBetaOverGamma=+1.35@policy.pre_bn[22] minBetaOverGamma=-1.55@value.bn[4] rvMaxOverMedian=82.7@stem.bn[90] rezero=none nonFinite=0
[REPLAY] step=2000 loss=3.6122 pLoss=2.8024 vLoss=0.7994 pEnt=2.901 pIllM=0.0103 playedP=0.151 pW=0.47 pD=0.06 pL=0.46 vAbs=0.214 pLogitMean=-6.8302 vLogitMean=0.6162 gNorm=0.333 lr=0.517 ms=904.7 buf=500000 plies=17307559 games=262256 rejected=0 skipped=0 epoch=0 mom=0.8596 lrCyc[pk=1.0e+00,tr=1.0e-03] trainerStep=2000
[LAYER-HEALTH] live trainerStep=2000 scope=batch_norm_state_only reluSites=9/10 ch=1040 dead=0 off=0 alwaysOn=0 worst=none maxBetaOverGamma=+1.28@policy.pre_bn[22] minBetaOverGamma=-1.61@value.bn[2] rvMaxOverMedian=80.4@stem.bn[90] rezero=none nonFinite=0
[REPLAY] saved trainer model (autosave) step=2000 trainerStep=2000 nextGame=262256 shard=0 epoch=0 -> 20261005-lrBleaky-cyc1-replay-latest.safetensors
[LAYER-HEALTH] checkpoint replay-autosave step=2000 trainerStep=2000 scope=all_tensors reluSites=9/10 ch=1040 dead=0 off=0 alwaysOn=0 worst=none maxBetaOverGamma=+1.28@policy.pre_bn[22] minBetaOverGamma=-1.61@value.bn[2] rvMaxOverMedian=80.4@stem.bn[90] rezero=none nonFinite=0 seZeroVel=none valueFC1ZeroVel=0/128 maxAbs=16.18@blocks.0.bn2.running_var
[LAYER-HEALTH]   batch-norm sites — β/|γ|: dead < -3.00, mostly off < -2.00, always on > +3.00; classified for relu/leaky_relu only
[LAYER-HEALTH]     site            act            ch   dead    off     on  zeroγ nonfin  min β/|γ| [ch]     max β/|γ| [ch]     rv max/median [ch]
[LAYER-HEALTH]     stem.bn         -             128    n/a    n/a    n/a      0      0     -0.28 [85]         +0.16 [110]          80.4 [90]
[LAYER-HEALTH]     blocks.0.bn1    relu          128      0      0      0      0      0     -0.42 [21]         +0.12 [18]            2.3 [14]
[LAYER-HEALTH]     blocks.0.bn2    relu          128      0      0      0      0      0     -0.85 [126]        -0.08 [58]            5.3 [97]
[LAYER-HEALTH]     blocks.1.bn1    relu          128      0      0      0      0      0     -0.64 [11]         -0.04 [31]            9.6 [14]
[LAYER-HEALTH]     blocks.1.bn2    relu          128      0      0      0      0      0     -1.02 [29]         -0.28 [40]            2.7 [121]
[LAYER-HEALTH]     blocks.2.bn1    relu          128      0      0      0      0      0     -0.99 [11]         +0.17 [31]            5.3 [16]
[LAYER-HEALTH]     blocks.2.bn2    relu          128      0      0      0      0      0     -1.19 [95]         -0.17 [25]            3.1 [26]
[LAYER-HEALTH]     tower_final_bn  relu          128      0      0      0      0      0     -0.31 [120]        +0.69 [63]            3.8 [75]
[LAYER-HEALTH]     policy.pre_bn   relu          128      0      0      0      0      0     -0.73 [26]         +1.28 [22]            2.7 [60]
[LAYER-HEALTH]     value.bn        leaky_relu     16      0      0      0      0      0     -1.61 [2]          -0.75 [1]             2.5 [5]
[LAYER-HEALTH]   FC hidden-unit velocity — zero: every weight-velocity entry exactly 0; low: nonzero but < 5% of the layer's p90 unit norm
[LAYER-HEALTH]     value.fc1.weight  leaky_relu  units 128  zero 0  low 6  median unit norm 0.00327
[LAYER-HEALTH]     (no SE blocks)
[LAYER-HEALTH]   ReZero: none
[LAYER-HEALTH]   non-finite: 0 values in 0 of 102 tensors (10263038 values examined)
[LAYER-HEALTH]   largest |value|: blocks.0.bn2.running_var 16.18, blocks.2.bn2.running_var 7.842, stem.bn.running_var 7.707, blocks.0.bn2.running_mean 7.133, blocks.1.bn2.running_var 6.735
[REPLAY] enumerated checkpoint -> 20261005-lrBleaky-cyc1-replay-step2000.safetensors
[REPLAY] step=2050 loss=3.6395 pLoss=2.8156 vLoss=0.8143 pEnt=2.893 pIllM=0.0097 playedP=0.154 pW=0.46 pD=0.07 pL=0.47 vAbs=0.217 pLogitMean=-6.8601 vLogitMean=0.6158 gNorm=0.330 lr=0.484 ms=806.3 buf=500000 plies=17734184 games=268713 rejected=0 skipped=0 epoch=0 mom=0.8605 lrCyc[pk=1.0e+00,tr=1.0e-03] trainerStep=2050
[LAYER-HEALTH] live trainerStep=2050 scope=batch_norm_state_only reluSites=9/10 ch=1040 dead=0 off=0 alwaysOn=0 worst=none maxBetaOverGamma=+1.39@policy.pre_bn[22] minBetaOverGamma=-1.65@value.bn[12] rvMaxOverMedian=80.4@stem.bn[90] rezero=none nonFinite=0
[REPLAY] step=2100 loss=3.5967 pLoss=2.7710 vLoss=0.8170 pEnt=2.875 pIllM=0.0087 playedP=0.157 pW=0.45 pD=0.06 pL=0.49 vAbs=0.223 pLogitMean=-6.8896 vLogitMean=0.6389 gNorm=0.323 lr=0.452 ms=900.2 buf=500000 plies=18160840 games=275254 rejected=0 skipped=0 epoch=0 mom=0.8615 lrCyc[pk=1.0e+00,tr=1.0e-03] trainerStep=2100
[LAYER-HEALTH] live trainerStep=2100 scope=batch_norm_state_only reluSites=9/10 ch=1040 dead=0 off=0 alwaysOn=0 worst=none maxBetaOverGamma=+1.30@policy.pre_bn[22] minBetaOverGamma=-1.69@value.bn[12] rvMaxOverMedian=79.2@stem.bn[90] rezero=none nonFinite=0
[REPLAY] step=2150 loss=3.6682 pLoss=2.8611 vLoss=0.7977 pEnt=2.917 pIllM=0.0094 playedP=0.150 pW=0.48 pD=0.06 pL=0.46 vAbs=0.207 pLogitMean=-6.9127 vLogitMean=0.6232 gNorm=0.301 lr=0.421 ms=796.8 buf=500000 plies=18587479 games=281746 rejected=0 skipped=0 epoch=0 mom=0.8625 lrCyc[pk=1.0e+00,tr=1.0e-03] trainerStep=2150
[LAYER-HEALTH] live trainerStep=2150 scope=batch_norm_state_only reluSites=9/10 ch=1040 dead=0 off=0 alwaysOn=0 worst=none maxBetaOverGamma=+1.29@policy.pre_bn[22] minBetaOverGamma=-1.76@value.bn[12] rvMaxOverMedian=79.2@stem.bn[90] rezero=none nonFinite=0
[REPLAY] step=2200 loss=3.6416 pLoss=2.8264 vLoss=0.8063 pEnt=2.903 pIllM=0.0089 playedP=0.154 pW=0.48 pD=0.07 pL=0.45 vAbs=0.202 pLogitMean=-6.9327 vLogitMean=0.6269 gNorm=0.323 lr=0.392 ms=784.9 buf=500000 plies=19014137 games=288219 rejected=0 skipped=0 epoch=0 mom=0.8636 lrCyc[pk=1.0e+00,tr=1.0e-03] trainerStep=2200
[LAYER-HEALTH] live trainerStep=2200 scope=batch_norm_state_only reluSites=9/10 ch=1040 dead=0 off=0 alwaysOn=0 worst=none maxBetaOverGamma=+1.32@policy.pre_bn[22] minBetaOverGamma=-1.89@value.bn[12] rvMaxOverMedian=77.2@stem.bn[90] rezero=none nonFinite=0
[REPLAY] step=2250 loss=3.6031 pLoss=2.7906 vLoss=0.8031 pEnt=2.873 pIllM=0.0094 playedP=0.159 pW=0.47 pD=0.06 pL=0.47 vAbs=0.215 pLogitMean=-6.9409 vLogitMean=0.6178 gNorm=0.311 lr=0.363 ms=798.4 buf=500000 plies=19440789 games=294642 rejected=0 skipped=0 epoch=0 mom=0.8647 lrCyc[pk=1.0e+00,tr=1.0e-03] trainerStep=2250
[LAYER-HEALTH] live trainerStep=2250 scope=batch_norm_state_only reluSites=9/10 ch=1040 dead=0 off=0 alwaysOn=0 worst=none maxBetaOverGamma=+1.29@policy.pre_bn[60] minBetaOverGamma=-1.87@value.bn[12] rvMaxOverMedian=76.7@stem.bn[90] rezero=none nonFinite=0
[REPLAY] step=2300 loss=3.5965 pLoss=2.7979 vLoss=0.7904 pEnt=2.876 pIllM=0.0083 playedP=0.161 pW=0.48 pD=0.06 pL=0.46 vAbs=0.230 pLogitMean=-6.9564 vLogitMean=0.6246 gNorm=0.330 lr=0.336 ms=797.7 buf=500000 plies=19867473 games=301048 rejected=0 skipped=0 epoch=0 mom=0.8658 lrCyc[pk=1.0e+00,tr=1.0e-03] trainerStep=2300
[LAYER-HEALTH] live trainerStep=2300 scope=batch_norm_state_only reluSites=9/10 ch=1040 dead=0 off=0 alwaysOn=0 worst=none maxBetaOverGamma=+1.33@policy.pre_bn[60] minBetaOverGamma=-1.69@value.bn[12] rvMaxOverMedian=75.3@stem.bn[90] rezero=none nonFinite=0
[REPLAY] step=2350 loss=3.6121 pLoss=2.8071 vLoss=0.7973 pEnt=2.899 pIllM=0.0077 playedP=0.155 pW=0.47 pD=0.06 pL=0.48 vAbs=0.225 pLogitMean=-6.9693 vLogitMean=0.6210 gNorm=0.330 lr=0.31 ms=798.9 buf=500000 plies=20294177 games=307559 rejected=0 skipped=0 epoch=0 mom=0.8669 lrCyc[pk=1.0e+00,tr=1.0e-03] trainerStep=2350
[LAYER-HEALTH] live trainerStep=2350 scope=batch_norm_state_only reluSites=9/10 ch=1040 dead=0 off=0 alwaysOn=0 worst=none maxBetaOverGamma=+1.33@policy.pre_bn[22] minBetaOverGamma=-1.68@value.bn[12] rvMaxOverMedian=74.6@stem.bn[90] rezero=none nonFinite=0
[REPLAY] step=2400 loss=3.6722 pLoss=2.8514 vLoss=0.8124 pEnt=2.871 pIllM=0.0083 playedP=0.162 pW=0.50 pD=0.06 pL=0.44 vAbs=0.222 pLogitMean=-6.9843 vLogitMean=0.6226 gNorm=0.352 lr=0.286 ms=783.4 buf=500000 plies=20720741 games=314048 rejected=0 skipped=0 epoch=0 mom=0.8681 lrCyc[pk=1.0e+00,tr=1.0e-03] trainerStep=2400
[LAYER-HEALTH] live trainerStep=2400 scope=batch_norm_state_only reluSites=9/10 ch=1040 dead=0 off=0 alwaysOn=0 worst=none maxBetaOverGamma=+1.32@policy.pre_bn[60] minBetaOverGamma=-1.67@value.bn[12] rvMaxOverMedian=74.4@stem.bn[90] rezero=none nonFinite=0
[REPLAY] step=2450 loss=3.6130 pLoss=2.7974 vLoss=0.8081 pEnt=2.871 pIllM=0.0075 playedP=0.161 pW=0.47 pD=0.06 pL=0.47 vAbs=0.213 pLogitMean=-6.9851 vLogitMean=0.6250 gNorm=0.311 lr=0.262 ms=799.2 buf=500000 plies=21147435 games=320530 rejected=0 skipped=0 epoch=0 mom=0.8694 lrCyc[pk=1.0e+00,tr=1.0e-03] trainerStep=2450
[LAYER-HEALTH] live trainerStep=2450 scope=batch_norm_state_only reluSites=9/10 ch=1040 dead=0 off=0 alwaysOn=0 worst=none maxBetaOverGamma=+1.35@policy.pre_bn[22] minBetaOverGamma=-1.65@value.bn[12] rvMaxOverMedian=72.6@stem.bn[90] rezero=none nonFinite=0
[REPLAY] step=2500 loss=3.5881 pLoss=2.7682 vLoss=0.8124 pEnt=2.893 pIllM=0.0074 playedP=0.157 pW=0.47 pD=0.06 pL=0.46 vAbs=0.205 pLogitMean=-6.9978 vLogitMean=0.6326 gNorm=0.326 lr=0.241 ms=773.6 buf=500000 plies=21574056 games=327070 rejected=0 skipped=0 epoch=0 mom=0.8706 lrCyc[pk=1.0e+00,tr=1.0e-03] trainerStep=2500
[LAYER-HEALTH] live trainerStep=2500 scope=batch_norm_state_only reluSites=9/10 ch=1040 dead=0 off=0 alwaysOn=0 worst=none maxBetaOverGamma=+1.42@policy.pre_bn[22] minBetaOverGamma=-1.64@value.bn[2] rvMaxOverMedian=73.4@stem.bn[90] rezero=none nonFinite=0
[REPLAY] step=2550 loss=3.6163 pLoss=2.7976 vLoss=0.8112 pEnt=2.877 pIllM=0.0075 playedP=0.161 pW=0.48 pD=0.07 pL=0.46 vAbs=0.206 pLogitMean=-6.9990 vLogitMean=0.6215 gNorm=0.318 lr=0.22 ms=785.6 buf=500000 plies=22000693 games=333595 rejected=0 skipped=0 epoch=0 mom=0.8719 lrCyc[pk=1.0e+00,tr=1.0e-03] trainerStep=2550
[LAYER-HEALTH] live trainerStep=2550 scope=batch_norm_state_only reluSites=9/10 ch=1040 dead=0 off=0 alwaysOn=0 worst=none maxBetaOverGamma=+1.42@policy.pre_bn[22] minBetaOverGamma=-1.63@value.bn[2] rvMaxOverMedian=73.3@stem.bn[90] rezero=none nonFinite=0
[REPLAY] step=2600 loss=3.6551 pLoss=2.8540 vLoss=0.7944 pEnt=2.905 pIllM=0.0068 playedP=0.158 pW=0.49 pD=0.06 pL=0.45 vAbs=0.214 pLogitMean=-7.0023 vLogitMean=0.6313 gNorm=0.345 lr=0.201 ms=800.4 buf=500000 plies=22427360 games=340111 rejected=0 skipped=0 epoch=0 mom=0.8732 lrCyc[pk=1.0e+00,tr=1.0e-03] trainerStep=2600
[LAYER-HEALTH] live trainerStep=2600 scope=batch_norm_state_only reluSites=9/10 ch=1040 dead=0 off=0 alwaysOn=0 worst=none maxBetaOverGamma=+1.44@policy.pre_bn[22] minBetaOverGamma=-1.60@value.bn[2] rvMaxOverMedian=72.0@stem.bn[90] rezero=none nonFinite=0
[REPLAY] step=2650 loss=3.5937 pLoss=2.7913 vLoss=0.7964 pEnt=2.919 pIllM=0.0060 playedP=0.154 pW=0.46 pD=0.06 pL=0.47 vAbs=0.233 pLogitMean=-7.0103 vLogitMean=0.6247 gNorm=0.333 lr=0.183 ms=770.2 buf=500000 plies=22853999 games=346612 rejected=0 skipped=0 epoch=0 mom=0.8746 lrCyc[pk=1.0e+00,tr=1.0e-03] trainerStep=2650
[LAYER-HEALTH] live trainerStep=2650 scope=batch_norm_state_only reluSites=9/10 ch=1040 dead=0 off=0 alwaysOn=0 worst=none maxBetaOverGamma=+1.41@policy.pre_bn[22] minBetaOverGamma=-1.50@value.bn[2] rvMaxOverMedian=71.2@stem.bn[90] rezero=none nonFinite=0
[REPLAY] step=2700 loss=3.6090 pLoss=2.7987 vLoss=0.8039 pEnt=2.908 pIllM=0.0064 playedP=0.158 pW=0.48 pD=0.06 pL=0.47 vAbs=0.227 pLogitMean=-7.0024 vLogitMean=0.6296 gNorm=0.306 lr=0.167 ms=799.8 buf=500000 plies=23280634 games=353072 rejected=0 skipped=0 epoch=0 mom=0.8759 lrCyc[pk=1.0e+00,tr=1.0e-03] trainerStep=2700
[LAYER-HEALTH] live trainerStep=2700 scope=batch_norm_state_only reluSites=9/10 ch=1040 dead=0 off=0 alwaysOn=0 worst=none maxBetaOverGamma=+1.41@policy.pre_bn[22] minBetaOverGamma=-1.59@value.bn[2] rvMaxOverMedian=70.7@stem.bn[90] rezero=none nonFinite=0
[REPLAY] step=2750 loss=3.6449 pLoss=2.8358 vLoss=0.8033 pEnt=2.915 pIllM=0.0059 playedP=0.155 pW=0.48 pD=0.06 pL=0.45 vAbs=0.210 pLogitMean=-7.0166 vLogitMean=0.6224 gNorm=0.327 lr=0.151 ms=778.7 buf=500000 plies=23707275 games=359536 rejected=0 skipped=0 epoch=0 mom=0.8773 lrCyc[pk=1.0e+00,tr=1.0e-03] trainerStep=2750
[LAYER-HEALTH] live trainerStep=2750 scope=batch_norm_state_only reluSites=9/10 ch=1040 dead=0 off=0 alwaysOn=0 worst=none maxBetaOverGamma=+1.40@policy.pre_bn[22] minBetaOverGamma=-1.64@value.bn[2] rvMaxOverMedian=71.1@stem.bn[90] rezero=none nonFinite=0
[REPLAY] step=2800 loss=3.5617 pLoss=2.7684 vLoss=0.7871 pEnt=2.901 pIllM=0.0061 playedP=0.160 pW=0.48 pD=0.06 pL=0.46 vAbs=0.235 pLogitMean=-7.0144 vLogitMean=0.6292 gNorm=0.288 lr=0.137 ms=768.8 buf=500000 plies=24133976 games=366065 rejected=0 skipped=0 epoch=0 mom=0.8787 lrCyc[pk=1.0e+00,tr=1.0e-03] trainerStep=2800
[LAYER-HEALTH] live trainerStep=2800 scope=batch_norm_state_only reluSites=9/10 ch=1040 dead=0 off=0 alwaysOn=0 worst=none maxBetaOverGamma=+1.39@policy.pre_bn[60] minBetaOverGamma=-1.66@value.bn[2] rvMaxOverMedian=70.5@stem.bn[90] rezero=none nonFinite=0
[REPLAY] step=2850 loss=3.5601 pLoss=2.7562 vLoss=0.7975 pEnt=2.885 pIllM=0.0063 playedP=0.163 pW=0.47 pD=0.06 pL=0.47 vAbs=0.231 pLogitMean=-7.0173 vLogitMean=0.6251 gNorm=0.294 lr=0.124 ms=792.1 buf=500000 plies=24560661 games=372598 rejected=0 skipped=0 epoch=0 mom=0.8801 lrCyc[pk=1.0e+00,tr=1.0e-03] trainerStep=2850
[LAYER-HEALTH] live trainerStep=2850 scope=batch_norm_state_only reluSites=9/10 ch=1040 dead=0 off=0 alwaysOn=0 worst=none maxBetaOverGamma=+1.39@policy.pre_bn[60] minBetaOverGamma=-1.66@value.bn[2] rvMaxOverMedian=71.7@stem.bn[90] rezero=none nonFinite=0
[REPLAY] step=2900 loss=3.5720 pLoss=2.7641 vLoss=0.8021 pEnt=2.910 pIllM=0.0058 playedP=0.157 pW=0.47 pD=0.06 pL=0.48 vAbs=0.234 pLogitMean=-7.0195 vLogitMean=0.6217 gNorm=0.335 lr=0.113 ms=772.5 buf=500000 plies=24987233 games=379098 rejected=0 skipped=0 epoch=0 mom=0.8816 lrCyc[pk=1.0e+00,tr=1.0e-03] trainerStep=2900
[LAYER-HEALTH] live trainerStep=2900 scope=batch_norm_state_only reluSites=9/10 ch=1040 dead=0 off=0 alwaysOn=0 worst=none maxBetaOverGamma=+1.38@policy.pre_bn[22] minBetaOverGamma=-1.55@value.bn[2] rvMaxOverMedian=71.1@stem.bn[90] rezero=none nonFinite=0
[REPLAY] step=2950 loss=3.6127 pLoss=2.8069 vLoss=0.7999 pEnt=2.895 pIllM=0.0059 playedP=0.158 pW=0.47 pD=0.07 pL=0.46 vAbs=0.216 pLogitMean=-7.0195 vLogitMean=0.6230 gNorm=0.296 lr=0.102 ms=762.6 buf=500000 plies=25413876 games=385541 rejected=0 skipped=0 epoch=0 mom=0.8831 lrCyc[pk=1.0e+00,tr=1.0e-03] trainerStep=2950
[LAYER-HEALTH] live trainerStep=2950 scope=batch_norm_state_only reluSites=9/10 ch=1040 dead=0 off=0 alwaysOn=0 worst=none maxBetaOverGamma=+1.39@policy.pre_bn[22] minBetaOverGamma=-1.54@value.bn[2] rvMaxOverMedian=71.8@stem.bn[90] rezero=none nonFinite=0
[REPLAY] step=3000 loss=3.5995 pLoss=2.7960 vLoss=0.7981 pEnt=2.902 pIllM=0.0054 playedP=0.163 pW=0.47 pD=0.05 pL=0.48 vAbs=0.211 pLogitMean=-7.0149 vLogitMean=0.6344 gNorm=0.309 lr=0.0918 ms=760.4 buf=500000 plies=25840570 games=392016 rejected=0 skipped=0 epoch=0 mom=0.8846 lrCyc[pk=1.0e+00,tr=1.0e-03] trainerStep=3000
[LAYER-HEALTH] live trainerStep=3000 scope=batch_norm_state_only reluSites=9/10 ch=1040 dead=0 off=0 alwaysOn=0 worst=none maxBetaOverGamma=+1.40@policy.pre_bn[22] minBetaOverGamma=-1.61@value.bn[2] rvMaxOverMedian=72.3@stem.bn[90] rezero=none nonFinite=0
[REPLAY] saved trainer model (autosave) step=3000 trainerStep=3000 nextGame=392016 shard=0 epoch=0 -> 20261005-lrBleaky-cyc1-replay-latest.safetensors
[LAYER-HEALTH] checkpoint replay-autosave step=3000 trainerStep=3000 scope=all_tensors reluSites=9/10 ch=1040 dead=0 off=0 alwaysOn=0 worst=none maxBetaOverGamma=+1.40@policy.pre_bn[22] minBetaOverGamma=-1.61@value.bn[2] rvMaxOverMedian=72.3@stem.bn[90] rezero=none nonFinite=0 seZeroVel=none valueFC1ZeroVel=0/128 maxAbs=11.99@blocks.0.bn2.running_var
[LAYER-HEALTH]   batch-norm sites — β/|γ|: dead < -3.00, mostly off < -2.00, always on > +3.00; classified for relu/leaky_relu only
[LAYER-HEALTH]     site            act            ch   dead    off     on  zeroγ nonfin  min β/|γ| [ch]     max β/|γ| [ch]     rv max/median [ch]
[LAYER-HEALTH]     stem.bn         -             128    n/a    n/a    n/a      0      0     -0.31 [85]         +0.18 [110]          72.3 [90]
[LAYER-HEALTH]     blocks.0.bn1    relu          128      0      0      0      0      0     -0.45 [21]         +0.12 [117]           2.6 [14]
[LAYER-HEALTH]     blocks.0.bn2    relu          128      0      0      0      0      0     -0.89 [6]          -0.06 [58]            4.2 [61]
[LAYER-HEALTH]     blocks.1.bn1    relu          128      0      0      0      0      0     -0.72 [11]         -0.06 [117]          11.2 [14]
[LAYER-HEALTH]     blocks.1.bn2    relu          128      0      0      0      0      0     -1.07 [29]         -0.31 [58]            2.7 [121]
[LAYER-HEALTH]     blocks.2.bn1    relu          128      0      0      0      0      0     -1.05 [11]         +0.19 [31]            5.9 [3]
[LAYER-HEALTH]     blocks.2.bn2    relu          128      0      0      0      0      0     -1.19 [95]         -0.13 [126]           3.2 [26]
[LAYER-HEALTH]     tower_final_bn  relu          128      0      0      0      0      0     -0.32 [120]        +0.76 [63]            4.2 [75]
[LAYER-HEALTH]     policy.pre_bn   relu          128      0      0      0      0      0     -0.68 [26]         +1.40 [22]            2.7 [60]
[LAYER-HEALTH]     value.bn        leaky_relu     16      0      0      0      0      0     -1.61 [2]          -0.72 [1]             2.6 [14]
[LAYER-HEALTH]   FC hidden-unit velocity — zero: every weight-velocity entry exactly 0; low: nonzero but < 5% of the layer's p90 unit norm
[LAYER-HEALTH]     value.fc1.weight  leaky_relu  units 128  zero 0  low 7  median unit norm 0.002982
[LAYER-HEALTH]     (no SE blocks)
[LAYER-HEALTH]   ReZero: none
[LAYER-HEALTH]   non-finite: 0 values in 0 of 102 tensors (10263038 values examined)
[LAYER-HEALTH]   largest |value|: blocks.0.bn2.running_var 11.99, blocks.0.bn2.running_mean 6.599, blocks.2.bn2.running_var 6.355, stem.bn.running_var 5.837, blocks.1.bn2.running_var 5.833
[REPLAY] enumerated checkpoint -> 20261005-lrBleaky-cyc1-replay-step3000.safetensors
[REPLAY] step=3050 loss=3.6192 pLoss=2.8051 vLoss=0.8085 pEnt=2.908 pIllM=0.0056 playedP=0.161 pW=0.47 pD=0.06 pL=0.46 vAbs=0.215 pLogitMean=-7.0205 vLogitMean=0.6324 gNorm=0.301 lr=0.0828 ms=769.8 buf=500000 plies=26267195 games=398538 rejected=0 skipped=0 epoch=0 mom=0.8861 lrCyc[pk=1.0e+00,tr=1.0e-03] trainerStep=3050
[LAYER-HEALTH] live trainerStep=3050 scope=batch_norm_state_only reluSites=9/10 ch=1040 dead=0 off=0 alwaysOn=0 worst=none maxBetaOverGamma=+1.40@policy.pre_bn[22] minBetaOverGamma=-1.55@value.bn[2] rvMaxOverMedian=72.7@stem.bn[90] rezero=none nonFinite=0
[REPLAY] step=3100 loss=3.5875 pLoss=2.7929 vLoss=0.7893 pEnt=2.876 pIllM=0.0053 playedP=0.164 pW=0.47 pD=0.06 pL=0.47 vAbs=0.217 pLogitMean=-7.0266 vLogitMean=0.6263 gNorm=0.292 lr=0.0745 ms=770.5 buf=500000 plies=26693861 games=405004 rejected=0 skipped=0 epoch=0 mom=0.8876 lrCyc[pk=1.0e+00,tr=1.0e-03] trainerStep=3100
[LAYER-HEALTH] live trainerStep=3100 scope=batch_norm_state_only reluSites=9/10 ch=1040 dead=0 off=0 alwaysOn=0 worst=none maxBetaOverGamma=+1.41@policy.pre_bn[22] minBetaOverGamma=-1.59@value.bn[2] rvMaxOverMedian=71.4@stem.bn[90] rezero=none nonFinite=0
[REPLAY] step=3150 loss=3.5877 pLoss=2.7827 vLoss=0.7992 pEnt=2.893 pIllM=0.0058 playedP=0.162 pW=0.47 pD=0.06 pL=0.47 vAbs=0.210 pLogitMean=-7.0339 vLogitMean=0.6314 gNorm=0.307 lr=0.0671 ms=793.3 buf=500000 plies=27120493 games=411466 rejected=0 skipped=0 epoch=0 mom=0.8891 lrCyc[pk=1.0e+00,tr=1.0e-03] trainerStep=3150
[LAYER-HEALTH] live trainerStep=3150 scope=batch_norm_state_only reluSites=9/10 ch=1040 dead=0 off=0 alwaysOn=0 worst=none maxBetaOverGamma=+1.41@policy.pre_bn[22] minBetaOverGamma=-1.52@value.bn[2] rvMaxOverMedian=70.2@stem.bn[90] rezero=none nonFinite=0
[REPLAY] step=3200 loss=3.5785 pLoss=2.7798 vLoss=0.7934 pEnt=2.886 pIllM=0.0052 playedP=0.163 pW=0.48 pD=0.06 pL=0.46 vAbs=0.212 pLogitMean=-7.0311 vLogitMean=0.6280 gNorm=0.288 lr=0.0603 ms=769.8 buf=500000 plies=27547195 games=418053 rejected=0 skipped=0 epoch=0 mom=0.8906 lrCyc[pk=1.0e+00,tr=1.0e-03] trainerStep=3200
[LAYER-HEALTH] live trainerStep=3200 scope=batch_norm_state_only reluSites=9/10 ch=1040 dead=0 off=0 alwaysOn=0 worst=none maxBetaOverGamma=+1.41@policy.pre_bn[22] minBetaOverGamma=-1.48@value.bn[2] rvMaxOverMedian=70.8@stem.bn[90] rezero=none nonFinite=0
[REPLAY] step=3250 loss=3.6201 pLoss=2.7989 vLoss=0.8163 pEnt=2.906 pIllM=0.0049 playedP=0.156 pW=0.47 pD=0.06 pL=0.46 vAbs=0.209 pLogitMean=-7.0329 vLogitMean=0.6228 gNorm=0.282 lr=0.0542 ms=762.2 buf=500000 plies=27973870 games=424553 rejected=0 skipped=0 epoch=0 mom=0.8922 lrCyc[pk=1.0e+00,tr=1.0e-03] trainerStep=3250
[LAYER-HEALTH] live trainerStep=3250 scope=batch_norm_state_only reluSites=9/10 ch=1040 dead=0 off=0 alwaysOn=0 worst=none maxBetaOverGamma=+1.43@policy.pre_bn[22] minBetaOverGamma=-1.47@value.bn[2] rvMaxOverMedian=70.3@stem.bn[90] rezero=none nonFinite=0
[REPLAY] step=3300 loss=3.6399 pLoss=2.8141 vLoss=0.8209 pEnt=2.887 pIllM=0.0048 playedP=0.160 pW=0.48 pD=0.06 pL=0.46 vAbs=0.204 pLogitMean=-7.0318 vLogitMean=0.6272 gNorm=0.283 lr=0.0487 ms=766.9 buf=500000 plies=28400479 games=431041 rejected=0 skipped=0 epoch=0 mom=0.8937 lrCyc[pk=1.0e+00,tr=1.0e-03] trainerStep=3300
[LAYER-HEALTH] live trainerStep=3300 scope=batch_norm_state_only reluSites=9/10 ch=1040 dead=0 off=0 alwaysOn=0 worst=none maxBetaOverGamma=+1.39@policy.pre_bn[22] minBetaOverGamma=-1.48@value.bn[3] rvMaxOverMedian=72.0@stem.bn[90] rezero=none nonFinite=0
[REPLAY] step=3350 loss=3.5895 pLoss=2.7686 vLoss=0.8161 pEnt=2.908 pIllM=0.0048 playedP=0.161 pW=0.47 pD=0.06 pL=0.48 vAbs=0.216 pLogitMean=-7.0310 vLogitMean=0.6317 gNorm=0.304 lr=0.0437 ms=761.6 buf=500000 plies=28827128 games=437567 rejected=0 skipped=0 epoch=0 mom=0.8953 lrCyc[pk=1.0e+00,tr=1.0e-03] trainerStep=3350
[LAYER-HEALTH] live trainerStep=3350 scope=batch_norm_state_only reluSites=9/10 ch=1040 dead=0 off=0 alwaysOn=0 worst=none maxBetaOverGamma=+1.39@policy.pre_bn[22] minBetaOverGamma=-1.49@value.bn[2] rvMaxOverMedian=72.4@stem.bn[90] rezero=none nonFinite=0
[REPLAY] step=3400 loss=3.5639 pLoss=2.7479 vLoss=0.8110 pEnt=2.906 pIllM=0.0050 playedP=0.157 pW=0.47 pD=0.06 pL=0.47 vAbs=0.228 pLogitMean=-7.0293 vLogitMean=0.6276 gNorm=0.299 lr=0.0392 ms=786.9 buf=500000 plies=29253742 games=443975 rejected=0 skipped=0 epoch=0 mom=0.8969 lrCyc[pk=1.0e+00,tr=1.0e-03] trainerStep=3400
[LAYER-HEALTH] live trainerStep=3400 scope=batch_norm_state_only reluSites=9/10 ch=1040 dead=0 off=0 alwaysOn=0 worst=none maxBetaOverGamma=+1.39@policy.pre_bn[22] minBetaOverGamma=-1.49@value.bn[12] rvMaxOverMedian=72.7@stem.bn[90] rezero=none nonFinite=0
[REPLAY] step=3450 loss=3.6016 pLoss=2.7922 vLoss=0.8044 pEnt=2.900 pIllM=0.0050 playedP=0.162 pW=0.47 pD=0.06 pL=0.47 vAbs=0.226 pLogitMean=-7.0310 vLogitMean=0.6276 gNorm=0.315 lr=0.0352 ms=771.1 buf=500000 plies=29680413 games=450455 rejected=0 skipped=0 epoch=0 mom=0.8984 lrCyc[pk=1.0e+00,tr=1.0e-03] trainerStep=3450
[LAYER-HEALTH] live trainerStep=3450 scope=batch_norm_state_only reluSites=9/10 ch=1040 dead=0 off=0 alwaysOn=0 worst=none maxBetaOverGamma=+1.40@policy.pre_bn[22] minBetaOverGamma=-1.49@value.bn[2] rvMaxOverMedian=72.6@stem.bn[90] rezero=none nonFinite=0
[REPLAY] step=3500 loss=3.5975 pLoss=2.7897 vLoss=0.8029 pEnt=2.895 pIllM=0.0048 playedP=0.163 pW=0.47 pD=0.06 pL=0.46 vAbs=0.209 pLogitMean=-7.0332 vLogitMean=0.6275 gNorm=0.285 lr=0.0316 ms=772.3 buf=500000 plies=30107054 games=456962 rejected=0 skipped=0 epoch=0 mom=0.9000 lrCyc[pk=1.0e+00,tr=1.0e-03] trainerStep=3500
[LAYER-HEALTH] live trainerStep=3500 scope=batch_norm_state_only reluSites=9/10 ch=1040 dead=0 off=0 alwaysOn=0 worst=none maxBetaOverGamma=+1.41@policy.pre_bn[22] minBetaOverGamma=-1.51@value.bn[2] rvMaxOverMedian=72.3@stem.bn[90] rezero=none nonFinite=0
[REPLAY] step=3550 loss=3.5899 pLoss=2.7719 vLoss=0.8129 pEnt=2.890 pIllM=0.0051 playedP=0.163 pW=0.47 pD=0.06 pL=0.47 vAbs=0.222 pLogitMean=-7.0332 vLogitMean=0.6265 gNorm=0.275 lr=0.0283 ms=764.5 buf=500000 plies=30533671 games=463404 rejected=0 skipped=0 epoch=0 mom=0.9016 lrCyc[pk=1.0e+00,tr=1.0e-03] trainerStep=3550
[LAYER-HEALTH] live trainerStep=3550 scope=batch_norm_state_only reluSites=9/10 ch=1040 dead=0 off=0 alwaysOn=0 worst=none maxBetaOverGamma=+1.39@policy.pre_bn[22] minBetaOverGamma=-1.52@value.bn[2] rvMaxOverMedian=72.8@stem.bn[90] rezero=none nonFinite=0
[REPLAY] step=3600 loss=3.5425 pLoss=2.7374 vLoss=0.8000 pEnt=2.872 pIllM=0.0050 playedP=0.167 pW=0.47 pD=0.06 pL=0.47 vAbs=0.235 pLogitMean=-7.0291 vLogitMean=0.6280 gNorm=0.302 lr=0.0254 ms=744.0 buf=500000 plies=30960388 games=469843 rejected=0 skipped=0 epoch=0 mom=0.9031 lrCyc[pk=1.0e+00,tr=1.0e-03] trainerStep=3600
[LAYER-HEALTH] live trainerStep=3600 scope=batch_norm_state_only reluSites=9/10 ch=1040 dead=0 off=0 alwaysOn=0 worst=none maxBetaOverGamma=+1.39@policy.pre_bn[22] minBetaOverGamma=-1.53@value.bn[2] rvMaxOverMedian=72.4@stem.bn[90] rezero=none nonFinite=0
[REPLAY] step=3650 loss=3.6063 pLoss=2.7828 vLoss=0.8186 pEnt=2.889 pIllM=0.0050 playedP=0.162 pW=0.47 pD=0.07 pL=0.46 vAbs=0.213 pLogitMean=-7.0327 vLogitMean=0.6282 gNorm=0.304 lr=0.0228 ms=769.9 buf=500000 plies=31386984 games=476298 rejected=0 skipped=0 epoch=0 mom=0.9047 lrCyc[pk=1.0e+00,tr=1.0e-03] trainerStep=3650
[LAYER-HEALTH] live trainerStep=3650 scope=batch_norm_state_only reluSites=9/10 ch=1040 dead=0 off=0 alwaysOn=0 worst=none maxBetaOverGamma=+1.40@policy.pre_bn[22] minBetaOverGamma=-1.53@value.bn[2] rvMaxOverMedian=73.7@stem.bn[90] rezero=none nonFinite=0
[REPLAY] step=3700 loss=3.5565 pLoss=2.7446 vLoss=0.8071 pEnt=2.868 pIllM=0.0049 playedP=0.166 pW=0.47 pD=0.06 pL=0.47 vAbs=0.226 pLogitMean=-7.0289 vLogitMean=0.6276 gNorm=0.291 lr=0.0205 ms=759.9 buf=500000 plies=31813641 games=482688 rejected=0 skipped=0 epoch=0 mom=0.9063 lrCyc[pk=1.0e+00,tr=1.0e-03] trainerStep=3700
[LAYER-HEALTH] live trainerStep=3700 scope=batch_norm_state_only reluSites=9/10 ch=1040 dead=0 off=0 alwaysOn=0 worst=none maxBetaOverGamma=+1.40@policy.pre_bn[22] minBetaOverGamma=-1.53@value.bn[2] rvMaxOverMedian=73.4@stem.bn[90] rezero=none nonFinite=0
[REPLAY] step=3750 loss=3.5832 pLoss=2.7655 vLoss=0.8128 pEnt=2.880 pIllM=0.0048 playedP=0.164 pW=0.47 pD=0.06 pL=0.46 vAbs=0.225 pLogitMean=-7.0336 vLogitMean=0.6262 gNorm=0.281 lr=0.0184 ms=747.6 buf=500000 plies=32240337 games=489150 rejected=0 skipped=0 epoch=0 mom=0.9078 lrCyc[pk=1.0e+00,tr=1.0e-03] trainerStep=3750
[LAYER-HEALTH] live trainerStep=3750 scope=batch_norm_state_only reluSites=9/10 ch=1040 dead=0 off=0 alwaysOn=0 worst=none maxBetaOverGamma=+1.40@policy.pre_bn[22] minBetaOverGamma=-1.50@value.bn[2] rvMaxOverMedian=72.4@stem.bn[90] rezero=none nonFinite=0
[REPLAY] step=3800 loss=3.5691 pLoss=2.7553 vLoss=0.8084 pEnt=2.866 pIllM=0.0053 playedP=0.169 pW=0.47 pD=0.07 pL=0.46 vAbs=0.217 pLogitMean=-7.0331 vLogitMean=0.6274 gNorm=0.282 lr=0.0165 ms=755.7 buf=500000 plies=32667020 games=495650 rejected=0 skipped=0 epoch=0 mom=0.9094 lrCyc[pk=1.0e+00,tr=1.0e-03] trainerStep=3800
[LAYER-HEALTH] live trainerStep=3800 scope=batch_norm_state_only reluSites=9/10 ch=1040 dead=0 off=0 alwaysOn=0 worst=none maxBetaOverGamma=+1.41@policy.pre_bn[22] minBetaOverGamma=-1.50@value.bn[2] rvMaxOverMedian=72.0@stem.bn[90] rezero=none nonFinite=0
[REPLAY] step=3850 loss=3.5445 pLoss=2.7408 vLoss=0.7989 pEnt=2.877 pIllM=0.0048 playedP=0.168 pW=0.47 pD=0.06 pL=0.47 vAbs=0.232 pLogitMean=-7.0345 vLogitMean=0.6303 gNorm=0.264 lr=0.0149 ms=779.9 buf=500000 plies=33093603 games=502111 rejected=0 skipped=0 epoch=0 mom=0.9109 lrCyc[pk=1.0e+00,tr=1.0e-03] trainerStep=3850
[LAYER-HEALTH] live trainerStep=3850 scope=batch_norm_state_only reluSites=9/10 ch=1040 dead=0 off=0 alwaysOn=0 worst=none maxBetaOverGamma=+1.40@policy.pre_bn[22] minBetaOverGamma=-1.49@value.bn[2] rvMaxOverMedian=71.8@stem.bn[90] rezero=none nonFinite=0
[REPLAY] step=3900 loss=3.5747 pLoss=2.7522 vLoss=0.8176 pEnt=2.887 pIllM=0.0048 playedP=0.163 pW=0.47 pD=0.06 pL=0.47 vAbs=0.226 pLogitMean=-7.0332 vLogitMean=0.6292 gNorm=0.294 lr=0.0134 ms=782.0 buf=500000 plies=33520243 games=508535 rejected=0 skipped=0 epoch=0 mom=0.9124 lrCyc[pk=1.0e+00,tr=1.0e-03] trainerStep=3900
[LAYER-HEALTH] live trainerStep=3900 scope=batch_norm_state_only reluSites=9/10 ch=1040 dead=0 off=0 alwaysOn=0 worst=none maxBetaOverGamma=+1.40@policy.pre_bn[22] minBetaOverGamma=-1.52@value.bn[2] rvMaxOverMedian=71.8@stem.bn[90] rezero=none nonFinite=0
[REPLAY] step=3950 loss=3.5586 pLoss=2.7543 vLoss=0.7995 pEnt=2.885 pIllM=0.0049 playedP=0.161 pW=0.47 pD=0.06 pL=0.47 vAbs=0.228 pLogitMean=-7.0335 vLogitMean=0.6253 gNorm=0.280 lr=0.012 ms=781.9 buf=500000 plies=33946984 games=514979 rejected=0 skipped=0 epoch=0 mom=0.9140 lrCyc[pk=1.0e+00,tr=1.0e-03] trainerStep=3950
[LAYER-HEALTH] live trainerStep=3950 scope=batch_norm_state_only reluSites=9/10 ch=1040 dead=0 off=0 alwaysOn=0 worst=none maxBetaOverGamma=+1.41@policy.pre_bn[22] minBetaOverGamma=-1.53@value.bn[2] rvMaxOverMedian=72.2@stem.bn[90] rezero=none nonFinite=0
[REPLAY] step=4000 loss=3.5624 pLoss=2.7550 vLoss=0.8026 pEnt=2.888 pIllM=0.0048 playedP=0.166 pW=0.47 pD=0.06 pL=0.47 vAbs=0.233 pLogitMean=-7.0347 vLogitMean=0.6258 gNorm=0.283 lr=0.0109 ms=792.1 buf=500000 plies=34373556 games=521477 rejected=0 skipped=0 epoch=0 mom=0.9155 lrCyc[pk=1.0e+00,tr=1.0e-03] trainerStep=4000
[LAYER-HEALTH] live trainerStep=4000 scope=batch_norm_state_only reluSites=9/10 ch=1040 dead=0 off=0 alwaysOn=0 worst=none maxBetaOverGamma=+1.41@policy.pre_bn[22] minBetaOverGamma=-1.52@value.bn[2] rvMaxOverMedian=71.9@stem.bn[90] rezero=none nonFinite=0
[REPLAY] saved trainer model (autosave) step=4000 trainerStep=4000 nextGame=521477 shard=1 epoch=0 -> 20261005-lrBleaky-cyc1-replay-latest.safetensors
[LAYER-HEALTH] checkpoint replay-autosave step=4000 trainerStep=4000 scope=all_tensors reluSites=9/10 ch=1040 dead=0 off=0 alwaysOn=0 worst=none maxBetaOverGamma=+1.41@policy.pre_bn[22] minBetaOverGamma=-1.52@value.bn[2] rvMaxOverMedian=71.9@stem.bn[90] rezero=none nonFinite=0 seZeroVel=none valueFC1ZeroVel=0/128 maxAbs=12.02@blocks.0.bn2.running_var
[LAYER-HEALTH]   batch-norm sites — β/|γ|: dead < -3.00, mostly off < -2.00, always on > +3.00; classified for relu/leaky_relu only
[LAYER-HEALTH]     site            act            ch   dead    off     on  zeroγ nonfin  min β/|γ| [ch]     max β/|γ| [ch]     rv max/median [ch]
[LAYER-HEALTH]     stem.bn         -             128    n/a    n/a    n/a      0      0     -0.31 [85]         +0.18 [110]          71.9 [90]
[LAYER-HEALTH]     blocks.0.bn1    relu          128      0      0      0      0      0     -0.46 [21]         +0.13 [117]           2.6 [14]
[LAYER-HEALTH]     blocks.0.bn2    relu          128      0      0      0      0      0     -0.89 [6]          -0.04 [58]            4.3 [61]
[LAYER-HEALTH]     blocks.1.bn1    relu          128      0      0      0      0      0     -0.73 [11]         -0.07 [117]          11.7 [14]
[LAYER-HEALTH]     blocks.1.bn2    relu          128      0      0      0      0      0     -1.08 [29]         -0.30 [58]            2.5 [121]
[LAYER-HEALTH]     blocks.2.bn1    relu          128      0      0      0      0      0     -1.06 [11]         +0.21 [31]            5.8 [117]
[LAYER-HEALTH]     blocks.2.bn2    relu          128      0      0      0      0      0     -1.17 [95]         -0.11 [126]           3.3 [26]
[LAYER-HEALTH]     tower_final_bn  relu          128      0      0      0      0      0     -0.32 [120]        +0.77 [114]           4.3 [75]
[LAYER-HEALTH]     policy.pre_bn   relu          128      0      0      0      0      0     -0.65 [26]         +1.41 [22]            2.7 [60]
[LAYER-HEALTH]     value.bn        leaky_relu     16      0      0      0      0      0     -1.52 [2]          -0.70 [1]             2.6 [14]
[LAYER-HEALTH]   FC hidden-unit velocity — zero: every weight-velocity entry exactly 0; low: nonzero but < 5% of the layer's p90 unit norm
[LAYER-HEALTH]     value.fc1.weight  leaky_relu  units 128  zero 0  low 8  median unit norm 0.004031
[LAYER-HEALTH]     (no SE blocks)
[LAYER-HEALTH]   ReZero: none
[LAYER-HEALTH]   non-finite: 0 values in 0 of 102 tensors (10263038 values examined)
[LAYER-HEALTH]   largest |value|: blocks.0.bn2.running_var 12.02, blocks.0.bn2.running_mean 6.432, blocks.2.bn2.running_var 6.303, stem.bn.running_var 5.593, policy.pre_bn.running_var 5.488
[REPLAY] enumerated checkpoint -> 20261005-lrBleaky-cyc1-replay-step4000.safetensors
[REPLAY] step=4050 loss=3.6024 pLoss=2.7836 vLoss=0.8147 pEnt=2.893 pIllM=0.0042 playedP=0.166 pW=0.47 pD=0.06 pL=0.46 vAbs=0.215 pLogitMean=-7.0364 vLogitMean=0.6274 gNorm=0.273 lr=0.0098 ms=787.4 buf=500000 plies=34800197 games=527962 rejected=0 skipped=0 epoch=0 mom=0.9169 lrCyc[pk=1.0e+00,tr=1.0e-03] trainerStep=4050
[LAYER-HEALTH] live trainerStep=4050 scope=batch_norm_state_only reluSites=9/10 ch=1040 dead=0 off=0 alwaysOn=0 worst=none maxBetaOverGamma=+1.41@policy.pre_bn[22] minBetaOverGamma=-1.54@value.bn[2] rvMaxOverMedian=71.9@stem.bn[90] rezero=none nonFinite=0
[REPLAY] step=4100 loss=3.5578 pLoss=2.7549 vLoss=0.7985 pEnt=2.881 pIllM=0.0044 playedP=0.167 pW=0.47 pD=0.07 pL=0.47 vAbs=0.215 pLogitMean=-7.0368 vLogitMean=0.6256 gNorm=0.290 lr=0.00885 ms=953.4 buf=500000 plies=35226838 games=534425 rejected=0 skipped=0 epoch=0 mom=0.9184 lrCyc[pk=1.0e+00,tr=1.0e-03] trainerStep=4100
[LAYER-HEALTH] live trainerStep=4100 scope=batch_norm_state_only reluSites=9/10 ch=1040 dead=0 off=0 alwaysOn=0 worst=none maxBetaOverGamma=+1.41@policy.pre_bn[22] minBetaOverGamma=-1.51@value.bn[2] rvMaxOverMedian=72.3@stem.bn[90] rezero=none nonFinite=0
[REPLAY] step=4150 loss=3.5552 pLoss=2.7405 vLoss=0.8105 pEnt=2.881 pIllM=0.0042 playedP=0.164 pW=0.47 pD=0.06 pL=0.47 vAbs=0.229 pLogitMean=-7.0373 vLogitMean=0.6281 gNorm=0.300 lr=0.00801 ms=801.5 buf=500000 plies=35653505 games=540923 rejected=0 skipped=0 epoch=0 mom=0.9199 lrCyc[pk=1.0e+00,tr=1.0e-03] trainerStep=4150
[LAYER-HEALTH] live trainerStep=4150 scope=batch_norm_state_only reluSites=9/10 ch=1040 dead=0 off=0 alwaysOn=0 worst=none maxBetaOverGamma=+1.41@policy.pre_bn[22] minBetaOverGamma=-1.53@value.bn[2] rvMaxOverMedian=71.8@stem.bn[90] rezero=none nonFinite=0
[REPLAY] step=4200 loss=3.5694 pLoss=2.7561 vLoss=0.8086 pEnt=2.901 pIllM=0.0047 playedP=0.163 pW=0.47 pD=0.07 pL=0.46 vAbs=0.213 pLogitMean=-7.0382 vLogitMean=0.6251 gNorm=0.297 lr=0.00725 ms=803.8 buf=500000 plies=36080162 games=547451 rejected=0 skipped=0 epoch=0 mom=0.9213 lrCyc[pk=1.0e+00,tr=1.0e-03] trainerStep=4200
[LAYER-HEALTH] live trainerStep=4200 scope=batch_norm_state_only reluSites=9/10 ch=1040 dead=0 off=0 alwaysOn=0 worst=none maxBetaOverGamma=+1.41@policy.pre_bn[22] minBetaOverGamma=-1.53@value.bn[2] rvMaxOverMedian=72.3@stem.bn[90] rezero=none nonFinite=0
[REPLAY] step=4250 loss=3.5828 pLoss=2.7557 vLoss=0.8226 pEnt=2.910 pIllM=0.0045 playedP=0.156 pW=0.47 pD=0.06 pL=0.47 vAbs=0.229 pLogitMean=-7.0432 vLogitMean=0.6272 gNorm=0.276 lr=0.00658 ms=795.6 buf=500000 plies=36506811 games=553901 rejected=0 skipped=0 epoch=0 mom=0.9227 lrCyc[pk=1.0e+00,tr=1.0e-03] trainerStep=4250
[LAYER-HEALTH] live trainerStep=4250 scope=batch_norm_state_only reluSites=9/10 ch=1040 dead=0 off=0 alwaysOn=0 worst=none maxBetaOverGamma=+1.41@policy.pre_bn[22] minBetaOverGamma=-1.52@value.bn[2] rvMaxOverMedian=73.2@stem.bn[90] rezero=none nonFinite=0
[REPLAY] step=4300 loss=3.5787 pLoss=2.7582 vLoss=0.8158 pEnt=2.890 pIllM=0.0047 playedP=0.162 pW=0.47 pD=0.06 pL=0.47 vAbs=0.225 pLogitMean=-7.0441 vLogitMean=0.6281 gNorm=0.292 lr=0.00598 ms=797.0 buf=500000 plies=36933434 games=560308 rejected=0 skipped=0 epoch=0 mom=0.9241 lrCyc[pk=1.0e+00,tr=1.0e-03] trainerStep=4300
[LAYER-HEALTH] live trainerStep=4300 scope=batch_norm_state_only reluSites=9/10 ch=1040 dead=0 off=0 alwaysOn=0 worst=none maxBetaOverGamma=+1.41@policy.pre_bn[22] minBetaOverGamma=-1.52@value.bn[2] rvMaxOverMedian=73.5@stem.bn[90] rezero=none nonFinite=0
[REPLAY] step=4350 loss=3.5595 pLoss=2.7516 vLoss=0.8035 pEnt=2.888 pIllM=0.0043 playedP=0.161 pW=0.47 pD=0.07 pL=0.46 vAbs=0.223 pLogitMean=-7.0432 vLogitMean=0.6283 gNorm=0.291 lr=0.00544 ms=787.0 buf=500000 plies=37360088 games=566724 rejected=0 skipped=0 epoch=0 mom=0.9255 lrCyc[pk=1.0e+00,tr=1.0e-03] trainerStep=4350
[LAYER-HEALTH] live trainerStep=4350 scope=batch_norm_state_only reluSites=9/10 ch=1040 dead=0 off=0 alwaysOn=0 worst=none maxBetaOverGamma=+1.41@policy.pre_bn[22] minBetaOverGamma=-1.51@value.bn[2] rvMaxOverMedian=72.9@stem.bn[90] rezero=none nonFinite=0
[REPLAY] step=4400 loss=3.5772 pLoss=2.7618 vLoss=0.8110 pEnt=2.896 pIllM=0.0044 playedP=0.162 pW=0.47 pD=0.07 pL=0.46 vAbs=0.223 pLogitMean=-7.0434 vLogitMean=0.6268 gNorm=0.287 lr=0.00496 ms=785.9 buf=500000 plies=37786869 games=573180 rejected=0 skipped=0 epoch=0 mom=0.9268 lrCyc[pk=1.0e+00,tr=1.0e-03] trainerStep=4400
[LAYER-HEALTH] live trainerStep=4400 scope=batch_norm_state_only reluSites=9/10 ch=1040 dead=0 off=0 alwaysOn=0 worst=none maxBetaOverGamma=+1.41@policy.pre_bn[22] minBetaOverGamma=-1.53@value.bn[2] rvMaxOverMedian=73.2@stem.bn[90] rezero=none nonFinite=0
[REPLAY] step=4450 loss=3.5678 pLoss=2.7578 vLoss=0.8058 pEnt=2.883 pIllM=0.0042 playedP=0.164 pW=0.47 pD=0.07 pL=0.46 vAbs=0.232 pLogitMean=-7.0432 vLogitMean=0.6284 gNorm=0.277 lr=0.00453 ms=789.3 buf=500000 plies=38213415 games=579616 rejected=0 skipped=0 epoch=0 mom=0.9281 lrCyc[pk=1.0e+00,tr=1.0e-03] trainerStep=4450
[LAYER-HEALTH] live trainerStep=4450 scope=batch_norm_state_only reluSites=9/10 ch=1040 dead=0 off=0 alwaysOn=0 worst=none maxBetaOverGamma=+1.41@policy.pre_bn[22] minBetaOverGamma=-1.51@value.bn[2] rvMaxOverMedian=72.5@stem.bn[90] rezero=none nonFinite=0
[REPLAY] step=4500 loss=3.5868 pLoss=2.7689 vLoss=0.8136 pEnt=2.894 pIllM=0.0043 playedP=0.162 pW=0.47 pD=0.07 pL=0.46 vAbs=0.229 pLogitMean=-7.0418 vLogitMean=0.6253 gNorm=0.282 lr=0.00414 ms=812.6 buf=500000 plies=38640041 games=586105 rejected=0 skipped=0 epoch=0 mom=0.9294 lrCyc[pk=1.0e+00,tr=1.0e-03] trainerStep=4500
[LAYER-HEALTH] live trainerStep=4500 scope=batch_norm_state_only reluSites=9/10 ch=1040 dead=0 off=0 alwaysOn=0 worst=none maxBetaOverGamma=+1.41@policy.pre_bn[22] minBetaOverGamma=-1.52@value.bn[2] rvMaxOverMedian=72.2@stem.bn[90] rezero=none nonFinite=0
[REPLAY] step=4550 loss=3.5754 pLoss=2.7651 vLoss=0.8061 pEnt=2.873 pIllM=0.0043 playedP=0.169 pW=0.47 pD=0.07 pL=0.47 vAbs=0.229 pLogitMean=-7.0421 vLogitMean=0.6266 gNorm=0.293 lr=0.0038 ms=798.6 buf=500000 plies=39066685 games=592539 rejected=0 skipped=0 epoch=0 mom=0.9306 lrCyc[pk=1.0e+00,tr=1.0e-03] trainerStep=4550
[LAYER-HEALTH] live trainerStep=4550 scope=batch_norm_state_only reluSites=9/10 ch=1040 dead=0 off=0 alwaysOn=0 worst=none maxBetaOverGamma=+1.41@policy.pre_bn[22] minBetaOverGamma=-1.51@value.bn[2] rvMaxOverMedian=72.1@stem.bn[90] rezero=none nonFinite=0
[REPLAY] step=4600 loss=3.5737 pLoss=2.7650 vLoss=0.8037 pEnt=2.902 pIllM=0.0050 playedP=0.161 pW=0.47 pD=0.06 pL=0.47 vAbs=0.224 pLogitMean=-7.0427 vLogitMean=0.6252 gNorm=0.280 lr=0.00349 ms=807.4 buf=500000 plies=39493368 games=598979 rejected=0 skipped=0 epoch=0 mom=0.9319 lrCyc[pk=1.0e+00,tr=1.0e-03] trainerStep=4600
[LAYER-HEALTH] live trainerStep=4600 scope=batch_norm_state_only reluSites=9/10 ch=1040 dead=0 off=0 alwaysOn=0 worst=none maxBetaOverGamma=+1.41@policy.pre_bn[22] minBetaOverGamma=-1.51@value.bn[2] rvMaxOverMedian=72.1@stem.bn[90] rezero=none nonFinite=0
[REPLAY] step=4650 loss=3.5485 pLoss=2.7341 vLoss=0.8095 pEnt=2.878 pIllM=0.0049 playedP=0.167 pW=0.47 pD=0.06 pL=0.47 vAbs=0.227 pLogitMean=-7.0430 vLogitMean=0.6256 gNorm=0.278 lr=0.00321 ms=771.1 buf=500000 plies=39919988 games=605451 rejected=0 skipped=0 epoch=0 mom=0.9331 lrCyc[pk=1.0e+00,tr=1.0e-03] trainerStep=4650
[LAYER-HEALTH] live trainerStep=4650 scope=batch_norm_state_only reluSites=9/10 ch=1040 dead=0 off=0 alwaysOn=0 worst=none maxBetaOverGamma=+1.41@policy.pre_bn[22] minBetaOverGamma=-1.52@value.bn[2] rvMaxOverMedian=72.4@stem.bn[90] rezero=none nonFinite=0
[REPLAY] step=4700 loss=3.5852 pLoss=2.7539 vLoss=0.8272 pEnt=2.878 pIllM=0.0041 playedP=0.166 pW=0.47 pD=0.07 pL=0.46 vAbs=0.217 pLogitMean=-7.0412 vLogitMean=0.6234 gNorm=0.278 lr=0.00297 ms=770.2 buf=500000 plies=40346638 games=611945 rejected=0 skipped=0 epoch=0 mom=0.9342 lrCyc[pk=1.0e+00,tr=1.0e-03] trainerStep=4700
[LAYER-HEALTH] live trainerStep=4700 scope=batch_norm_state_only reluSites=9/10 ch=1040 dead=0 off=0 alwaysOn=0 worst=none maxBetaOverGamma=+1.41@policy.pre_bn[22] minBetaOverGamma=-1.52@value.bn[2] rvMaxOverMedian=72.6@stem.bn[90] rezero=none nonFinite=0
[REPLAY] step=4750 loss=3.5708 pLoss=2.7573 vLoss=0.8090 pEnt=2.895 pIllM=0.0045 playedP=0.163 pW=0.47 pD=0.07 pL=0.46 vAbs=0.225 pLogitMean=-7.0441 vLogitMean=0.6232 gNorm=0.271 lr=0.00274 ms=802.8 buf=500000 plies=40773283 games=618435 rejected=0 skipped=0 epoch=0 mom=0.9354 lrCyc[pk=1.0e+00,tr=1.0e-03] trainerStep=4750
[LAYER-HEALTH] live trainerStep=4750 scope=batch_norm_state_only reluSites=9/10 ch=1040 dead=0 off=0 alwaysOn=0 worst=none maxBetaOverGamma=+1.40@policy.pre_bn[22] minBetaOverGamma=-1.52@value.bn[2] rvMaxOverMedian=72.5@stem.bn[90] rezero=none nonFinite=0
[REPLAY] step=4800 loss=3.6037 pLoss=2.7832 vLoss=0.8158 pEnt=2.891 pIllM=0.0048 playedP=0.165 pW=0.47 pD=0.07 pL=0.46 vAbs=0.222 pLogitMean=-7.0447 vLogitMean=0.6241 gNorm=0.277 lr=0.00254 ms=808.2 buf=500000 plies=41200022 games=624928 rejected=0 skipped=0 epoch=0 mom=0.9365 lrCyc[pk=1.0e+00,tr=1.0e-03] trainerStep=4800
[LAYER-HEALTH] live trainerStep=4800 scope=batch_norm_state_only reluSites=9/10 ch=1040 dead=0 off=0 alwaysOn=0 worst=none maxBetaOverGamma=+1.40@policy.pre_bn[22] minBetaOverGamma=-1.51@value.bn[2] rvMaxOverMedian=72.0@stem.bn[90] rezero=none nonFinite=0
[REPLAY] step=4850 loss=3.5501 pLoss=2.7570 vLoss=0.7889 pEnt=2.896 pIllM=0.0042 playedP=0.164 pW=0.48 pD=0.06 pL=0.46 vAbs=0.230 pLogitMean=-7.0438 vLogitMean=0.6285 gNorm=0.310 lr=0.00237 ms=825.1 buf=500000 plies=41626573 games=631458 rejected=0 skipped=0 epoch=0 mom=0.9375 lrCyc[pk=1.0e+00,tr=1.0e-03] trainerStep=4850
[LAYER-HEALTH] live trainerStep=4850 scope=batch_norm_state_only reluSites=9/10 ch=1040 dead=0 off=0 alwaysOn=0 worst=none maxBetaOverGamma=+1.40@policy.pre_bn[22] minBetaOverGamma=-1.53@value.bn[2] rvMaxOverMedian=71.6@stem.bn[90] rezero=none nonFinite=0
[REPLAY] step=4900 loss=3.5670 pLoss=2.7592 vLoss=0.8034 pEnt=2.886 pIllM=0.0044 playedP=0.164 pW=0.47 pD=0.06 pL=0.47 vAbs=0.228 pLogitMean=-7.0431 vLogitMean=0.6263 gNorm=0.275 lr=0.0022 ms=808.5 buf=500000 plies=42053337 games=637948 rejected=0 skipped=0 epoch=0 mom=0.9385 lrCyc[pk=1.0e+00,tr=1.0e-03] trainerStep=4900
[LAYER-HEALTH] live trainerStep=4900 scope=batch_norm_state_only reluSites=9/10 ch=1040 dead=0 off=0 alwaysOn=0 worst=none maxBetaOverGamma=+1.40@policy.pre_bn[22] minBetaOverGamma=-1.53@value.bn[2] rvMaxOverMedian=71.4@stem.bn[90] rezero=none nonFinite=0
[REPLAY] step=4950 loss=3.6193 pLoss=2.7872 vLoss=0.8276 pEnt=2.882 pIllM=0.0045 playedP=0.163 pW=0.47 pD=0.07 pL=0.46 vAbs=0.220 pLogitMean=-7.0436 vLogitMean=0.6270 gNorm=0.285 lr=0.00206 ms=816.4 buf=500000 plies=42479938 games=644392 rejected=0 skipped=0 epoch=0 mom=0.9395 lrCyc[pk=1.0e+00,tr=1.0e-03] trainerStep=4950
[LAYER-HEALTH] live trainerStep=4950 scope=batch_norm_state_only reluSites=9/10 ch=1040 dead=0 off=0 alwaysOn=0 worst=none maxBetaOverGamma=+1.41@policy.pre_bn[22] minBetaOverGamma=-1.53@value.bn[2] rvMaxOverMedian=71.3@stem.bn[90] rezero=none nonFinite=0
[REPLAY] step=5000 loss=3.5683 pLoss=2.7693 vLoss=0.7945 pEnt=2.900 pIllM=0.0045 playedP=0.159 pW=0.47 pD=0.06 pL=0.47 vAbs=0.225 pLogitMean=-7.0439 vLogitMean=0.6269 gNorm=0.292 lr=0.00193 ms=889.4 buf=500000 plies=42906578 games=650871 rejected=0 skipped=0 epoch=0 mom=0.9405 lrCyc[pk=1.0e+00,tr=1.0e-03] trainerStep=5000
[LAYER-HEALTH] live trainerStep=5000 scope=batch_norm_state_only reluSites=9/10 ch=1040 dead=0 off=0 alwaysOn=0 worst=none maxBetaOverGamma=+1.41@policy.pre_bn[22] minBetaOverGamma=-1.53@value.bn[2] rvMaxOverMedian=71.3@stem.bn[90] rezero=none nonFinite=0
[REPLAY] saved trainer model (autosave) step=5000 trainerStep=5000 nextGame=650871 shard=1 epoch=0 -> 20261005-lrBleaky-cyc1-replay-latest.safetensors
[LAYER-HEALTH] checkpoint replay-autosave step=5000 trainerStep=5000 scope=all_tensors reluSites=9/10 ch=1040 dead=0 off=0 alwaysOn=0 worst=none maxBetaOverGamma=+1.41@policy.pre_bn[22] minBetaOverGamma=-1.53@value.bn[2] rvMaxOverMedian=71.3@stem.bn[90] rezero=none nonFinite=0 seZeroVel=none valueFC1ZeroVel=0/128 maxAbs=11.86@blocks.0.bn2.running_var
[LAYER-HEALTH]   batch-norm sites — β/|γ|: dead < -3.00, mostly off < -2.00, always on > +3.00; classified for relu/leaky_relu only
[LAYER-HEALTH]     site            act            ch   dead    off     on  zeroγ nonfin  min β/|γ| [ch]     max β/|γ| [ch]     rv max/median [ch]
[LAYER-HEALTH]     stem.bn         -             128    n/a    n/a    n/a      0      0     -0.31 [85]         +0.19 [110]          71.3 [90]
[LAYER-HEALTH]     blocks.0.bn1    relu          128      0      0      0      0      0     -0.46 [21]         +0.13 [18]            2.6 [14]
[LAYER-HEALTH]     blocks.0.bn2    relu          128      0      0      0      0      0     -0.89 [6]          -0.04 [58]            4.2 [61]
[LAYER-HEALTH]     blocks.1.bn1    relu          128      0      0      0      0      0     -0.73 [11]         -0.07 [117]          11.7 [14]
[LAYER-HEALTH]     blocks.1.bn2    relu          128      0      0      0      0      0     -1.08 [29]         -0.30 [49]            2.5 [121]
[LAYER-HEALTH]     blocks.2.bn1    relu          128      0      0      0      0      0     -1.06 [11]         +0.21 [31]            5.9 [117]
[LAYER-HEALTH]     blocks.2.bn2    relu          128      0      0      0      0      0     -1.17 [95]         -0.11 [126]           3.3 [26]
[LAYER-HEALTH]     tower_final_bn  relu          128      0      0      0      0      0     -0.32 [120]        +0.77 [114]           4.3 [75]
[LAYER-HEALTH]     policy.pre_bn   relu          128      0      0      0      0      0     -0.64 [26]         +1.41 [22]            2.7 [60]
[LAYER-HEALTH]     value.bn        leaky_relu     16      0      0      0      0      0     -1.53 [2]          -0.70 [1]             2.5 [14]
[LAYER-HEALTH]   FC hidden-unit velocity — zero: every weight-velocity entry exactly 0; low: nonzero but < 5% of the layer's p90 unit norm
[LAYER-HEALTH]     value.fc1.weight  leaky_relu  units 128  zero 0  low 19  median unit norm 0.00615
[LAYER-HEALTH]     (no SE blocks)
[LAYER-HEALTH]   ReZero: none
[LAYER-HEALTH]   non-finite: 0 values in 0 of 102 tensors (10263038 values examined)
[LAYER-HEALTH]   largest |value|: blocks.0.bn2.running_var 11.86, blocks.0.bn2.running_mean 6.388, blocks.2.bn2.running_var 6.251, stem.bn.running_var 5.604, policy.pre_bn.running_var 5.461
[REPLAY] enumerated checkpoint -> 20261005-lrBleaky-cyc1-replay-step5000.safetensors
[REPLAY] step=5050 loss=3.5679 pLoss=2.7594 vLoss=0.8042 pEnt=2.879 pIllM=0.0042 playedP=0.164 pW=0.47 pD=0.06 pL=0.47 vAbs=0.222 pLogitMean=-7.0430 vLogitMean=0.6290 gNorm=0.286 lr=0.00181 ms=842.6 buf=500000 plies=43333211 games=657287 rejected=0 skipped=0 epoch=0 mom=0.9414 lrCyc[pk=1.0e+00,tr=1.0e-03] trainerStep=5050
[LAYER-HEALTH] live trainerStep=5050 scope=batch_norm_state_only reluSites=9/10 ch=1040 dead=0 off=0 alwaysOn=0 worst=none maxBetaOverGamma=+1.41@policy.pre_bn[22] minBetaOverGamma=-1.54@value.bn[2] rvMaxOverMedian=71.1@stem.bn[90] rezero=none nonFinite=0
[REPLAY] step=5100 loss=3.5848 pLoss=2.7659 vLoss=0.8149 pEnt=2.884 pIllM=0.0040 playedP=0.165 pW=0.47 pD=0.06 pL=0.47 vAbs=0.218 pLogitMean=-7.0433 vLogitMean=0.6269 gNorm=0.283 lr=0.00171 ms=863.8 buf=500000 plies=43759834 games=663687 rejected=0 skipped=0 epoch=0 mom=0.9422 lrCyc[pk=1.0e+00,tr=1.0e-03] trainerStep=5100
[LAYER-HEALTH] live trainerStep=5100 scope=batch_norm_state_only reluSites=9/10 ch=1040 dead=0 off=0 alwaysOn=0 worst=none maxBetaOverGamma=+1.40@policy.pre_bn[22] minBetaOverGamma=-1.53@value.bn[2] rvMaxOverMedian=71.3@stem.bn[90] rezero=none nonFinite=0
[REPLAY] step=5150 loss=3.5961 pLoss=2.7756 vLoss=0.8159 pEnt=2.884 pIllM=0.0046 playedP=0.165 pW=0.47 pD=0.07 pL=0.46 vAbs=0.220 pLogitMean=-7.0430 vLogitMean=0.6263 gNorm=0.281 lr=0.00161 ms=780.2 buf=500000 plies=44186474 games=670123 rejected=0 skipped=0 epoch=0 mom=0.9430 lrCyc[pk=1.0e+00,tr=1.0e-03] trainerStep=5150
[LAYER-HEALTH] live trainerStep=5150 scope=batch_norm_state_only reluSites=9/10 ch=1040 dead=0 off=0 alwaysOn=0 worst=none maxBetaOverGamma=+1.40@policy.pre_bn[22] minBetaOverGamma=-1.52@value.bn[2] rvMaxOverMedian=71.4@stem.bn[90] rezero=none nonFinite=0
[REPLAY] step=5200 loss=3.5324 pLoss=2.7299 vLoss=0.7980 pEnt=2.873 pIllM=0.0046 playedP=0.171 pW=0.47 pD=0.07 pL=0.46 vAbs=0.225 pLogitMean=-7.0430 vLogitMean=0.6270 gNorm=0.286 lr=0.00153 ms=865.1 buf=500000 plies=44613136 games=676649 rejected=0 skipped=0 epoch=0 mom=0.9438 lrCyc[pk=1.0e+00,tr=1.0e-03] trainerStep=5200
[LAYER-HEALTH] live trainerStep=5200 scope=batch_norm_state_only reluSites=9/10 ch=1040 dead=0 off=0 alwaysOn=0 worst=none maxBetaOverGamma=+1.40@policy.pre_bn[22] minBetaOverGamma=-1.52@value.bn[2] rvMaxOverMedian=71.5@stem.bn[90] rezero=none nonFinite=0
[REPLAY] step=5250 loss=3.5868 pLoss=2.7685 vLoss=0.8138 pEnt=2.883 pIllM=0.0045 playedP=0.164 pW=0.47 pD=0.06 pL=0.47 vAbs=0.231 pLogitMean=-7.0429 vLogitMean=0.6274 gNorm=0.292 lr=0.00145 ms=848.0 buf=500000 plies=45039807 games=683042 rejected=0 skipped=0 epoch=0 mom=0.9446 lrCyc[pk=1.0e+00,tr=1.0e-03] trainerStep=5250
[LAYER-HEALTH] live trainerStep=5250 scope=batch_norm_state_only reluSites=9/10 ch=1040 dead=0 off=0 alwaysOn=0 worst=none maxBetaOverGamma=+1.41@policy.pre_bn[22] minBetaOverGamma=-1.53@value.bn[2] rvMaxOverMedian=71.7@stem.bn[90] rezero=none nonFinite=0
[REPLAY] step=5300 loss=3.5861 pLoss=2.7675 vLoss=0.8146 pEnt=2.885 pIllM=0.0041 playedP=0.165 pW=0.47 pD=0.07 pL=0.46 vAbs=0.224 pLogitMean=-7.0442 vLogitMean=0.6249 gNorm=0.278 lr=0.00139 ms=896.5 buf=500000 plies=45466421 games=689483 rejected=0 skipped=0 epoch=0 mom=0.9452 lrCyc[pk=1.0e+00,tr=1.0e-03] trainerStep=5300
[LAYER-HEALTH] live trainerStep=5300 scope=batch_norm_state_only reluSites=9/10 ch=1040 dead=0 off=0 alwaysOn=0 worst=none maxBetaOverGamma=+1.41@policy.pre_bn[22] minBetaOverGamma=-1.52@value.bn[2] rvMaxOverMedian=71.5@stem.bn[90] rezero=none nonFinite=0
[REPLAY] step=5350 loss=3.5863 pLoss=2.7576 vLoss=0.8243 pEnt=2.892 pIllM=0.0044 playedP=0.162 pW=0.47 pD=0.07 pL=0.46 vAbs=0.226 pLogitMean=-7.0448 vLogitMean=0.6252 gNorm=0.290 lr=0.00133 ms=885.3 buf=500000 plies=45893081 games=695898 rejected=0 skipped=0 epoch=0 mom=0.9459 lrCyc[pk=1.0e+00,tr=1.0e-03] trainerStep=5350
[LAYER-HEALTH] live trainerStep=5350 scope=batch_norm_state_only reluSites=9/10 ch=1040 dead=0 off=0 alwaysOn=0 worst=none maxBetaOverGamma=+1.40@policy.pre_bn[22] minBetaOverGamma=-1.52@value.bn[2] rvMaxOverMedian=71.2@stem.bn[90] rezero=none nonFinite=0
[REPLAY] step=5400 loss=3.5889 pLoss=2.7758 vLoss=0.8087 pEnt=2.889 pIllM=0.0043 playedP=0.165 pW=0.47 pD=0.07 pL=0.46 vAbs=0.221 pLogitMean=-7.0450 vLogitMean=0.6245 gNorm=0.282 lr=0.00127 ms=826.4 buf=500000 plies=46319752 games=702375 rejected=0 skipped=0 epoch=0 mom=0.9465 lrCyc[pk=1.0e+00,tr=1.0e-03] trainerStep=5400
[LAYER-HEALTH] live trainerStep=5400 scope=batch_norm_state_only reluSites=9/10 ch=1040 dead=0 off=0 alwaysOn=0 worst=none maxBetaOverGamma=+1.41@policy.pre_bn[22] minBetaOverGamma=-1.51@value.bn[2] rvMaxOverMedian=71.1@stem.bn[90] rezero=none nonFinite=0
[REPLAY] step=5450 loss=3.5524 pLoss=2.7430 vLoss=0.8045 pEnt=2.873 pIllM=0.0050 playedP=0.167 pW=0.47 pD=0.07 pL=0.46 vAbs=0.225 pLogitMean=-7.0446 vLogitMean=0.6266 gNorm=0.289 lr=0.00122 ms=796.8 buf=500000 plies=46746396 games=708766 rejected=0 skipped=0 epoch=0 mom=0.9470 lrCyc[pk=1.0e+00,tr=1.0e-03] trainerStep=5450
[LAYER-HEALTH] live trainerStep=5450 scope=batch_norm_state_only reluSites=9/10 ch=1040 dead=0 off=0 alwaysOn=0 worst=none maxBetaOverGamma=+1.41@policy.pre_bn[22] minBetaOverGamma=-1.52@value.bn[2] rvMaxOverMedian=71.2@stem.bn[90] rezero=none nonFinite=0
[REPLAY] step=5500 loss=3.5677 pLoss=2.7586 vLoss=0.8049 pEnt=2.904 pIllM=0.0042 playedP=0.160 pW=0.47 pD=0.06 pL=0.47 vAbs=0.227 pLogitMean=-7.0451 vLogitMean=0.6276 gNorm=0.294 lr=0.00118 ms=904.7 buf=500000 plies=47173050 games=715271 rejected=0 skipped=0 epoch=0 mom=0.9476 lrCyc[pk=1.0e+00,tr=1.0e-03] trainerStep=5500
[LAYER-HEALTH] live trainerStep=5500 scope=batch_norm_state_only reluSites=9/10 ch=1040 dead=0 off=0 alwaysOn=0 worst=none maxBetaOverGamma=+1.40@policy.pre_bn[22] minBetaOverGamma=-1.53@value.bn[2] rvMaxOverMedian=71.6@stem.bn[90] rezero=none nonFinite=0
[REPLAY] step=5550 loss=3.5729 pLoss=2.7624 vLoss=0.8060 pEnt=2.887 pIllM=0.0045 playedP=0.167 pW=0.47 pD=0.06 pL=0.46 vAbs=0.224 pLogitMean=-7.0445 vLogitMean=0.6243 gNorm=0.284 lr=0.00114 ms=805.4 buf=500000 plies=47599723 games=721780 rejected=0 skipped=0 epoch=0 mom=0.9480 lrCyc[pk=1.0e+00,tr=1.0e-03] trainerStep=5550
[LAYER-HEALTH] live trainerStep=5550 scope=batch_norm_state_only reluSites=9/10 ch=1040 dead=0 off=0 alwaysOn=0 worst=none maxBetaOverGamma=+1.41@policy.pre_bn[22] minBetaOverGamma=-1.52@value.bn[2] rvMaxOverMedian=71.7@stem.bn[90] rezero=none nonFinite=0
[REPLAY] step=5600 loss=3.5557 pLoss=2.7302 vLoss=0.8210 pEnt=2.861 pIllM=0.0044 playedP=0.168 pW=0.47 pD=0.07 pL=0.46 vAbs=0.229 pLogitMean=-7.0432 vLogitMean=0.6260 gNorm=0.293 lr=0.00111 ms=784.7 buf=500000 plies=48026380 games=728254 rejected=0 skipped=0 epoch=0 mom=0.9484 lrCyc[pk=1.0e+00,tr=1.0e-03] trainerStep=5600
[LAYER-HEALTH] live trainerStep=5600 scope=batch_norm_state_only reluSites=9/10 ch=1040 dead=0 off=0 alwaysOn=0 worst=none maxBetaOverGamma=+1.41@policy.pre_bn[22] minBetaOverGamma=-1.52@value.bn[2] rvMaxOverMedian=71.6@stem.bn[90] rezero=none nonFinite=0
[REPLAY] step=5650 loss=3.5984 pLoss=2.7753 vLoss=0.8189 pEnt=2.895 pIllM=0.0042 playedP=0.166 pW=0.47 pD=0.07 pL=0.46 vAbs=0.220 pLogitMean=-7.0466 vLogitMean=0.6252 gNorm=0.292 lr=0.00108 ms=817.8 buf=500000 plies=48452987 games=734716 rejected=0 skipped=0 epoch=0 mom=0.9488 lrCyc[pk=1.0e+00,tr=1.0e-03] trainerStep=5650
[LAYER-HEALTH] live trainerStep=5650 scope=batch_norm_state_only reluSites=9/10 ch=1040 dead=0 off=0 alwaysOn=0 worst=none maxBetaOverGamma=+1.40@policy.pre_bn[22] minBetaOverGamma=-1.52@value.bn[2] rvMaxOverMedian=71.8@stem.bn[90] rezero=none nonFinite=0
[REPLAY] step=5700 loss=3.5979 pLoss=2.7746 vLoss=0.8188 pEnt=2.899 pIllM=0.0044 playedP=0.163 pW=0.47 pD=0.07 pL=0.46 vAbs=0.224 pLogitMean=-7.0461 vLogitMean=0.6263 gNorm=0.289 lr=0.00106 ms=804.1 buf=500000 plies=48879628 games=741227 rejected=0 skipped=0 epoch=0 mom=0.9491 lrCyc[pk=1.0e+00,tr=1.0e-03] trainerStep=5700
[LAYER-HEALTH] live trainerStep=5700 scope=batch_norm_state_only reluSites=9/10 ch=1040 dead=0 off=0 alwaysOn=0 worst=none maxBetaOverGamma=+1.40@policy.pre_bn[22] minBetaOverGamma=-1.52@value.bn[2] rvMaxOverMedian=71.9@stem.bn[90] rezero=none nonFinite=0
[REPLAY] step=5750 loss=3.5753 pLoss=2.7583 vLoss=0.8126 pEnt=2.883 pIllM=0.0044 playedP=0.164 pW=0.47 pD=0.07 pL=0.46 vAbs=0.222 pLogitMean=-7.0444 vLogitMean=0.6254 gNorm=0.311 lr=0.00104 ms=808.0 buf=500000 plies=49306384 games=747656 rejected=0 skipped=0 epoch=0 mom=0.9494 lrCyc[pk=1.0e+00,tr=1.0e-03] trainerStep=5750
[LAYER-HEALTH] live trainerStep=5750 scope=batch_norm_state_only reluSites=9/10 ch=1040 dead=0 off=0 alwaysOn=0 worst=none maxBetaOverGamma=+1.41@policy.pre_bn[22] minBetaOverGamma=-1.52@value.bn[2] rvMaxOverMedian=71.9@stem.bn[90] rezero=none nonFinite=0
[REPLAY] step=5800 loss=3.5798 pLoss=2.7587 vLoss=0.8168 pEnt=2.874 pIllM=0.0043 playedP=0.166 pW=0.47 pD=0.07 pL=0.46 vAbs=0.222 pLogitMean=-7.0454 vLogitMean=0.6265 gNorm=0.280 lr=0.00103 ms=811.8 buf=500000 plies=49732925 games=754076 rejected=0 skipped=0 epoch=0 mom=0.9496 lrCyc[pk=1.0e+00,tr=1.0e-03] trainerStep=5800
[LAYER-HEALTH] live trainerStep=5800 scope=batch_norm_state_only reluSites=9/10 ch=1040 dead=0 off=0 alwaysOn=0 worst=none maxBetaOverGamma=+1.41@policy.pre_bn[22] minBetaOverGamma=-1.51@value.bn[2] rvMaxOverMedian=71.9@stem.bn[90] rezero=none nonFinite=0
[REPLAY] step=5850 loss=3.5816 pLoss=2.7592 vLoss=0.8180 pEnt=2.893 pIllM=0.0044 playedP=0.167 pW=0.47 pD=0.07 pL=0.46 vAbs=0.224 pLogitMean=-7.0469 vLogitMean=0.6261 gNorm=0.279 lr=0.00101 ms=822.0 buf=500000 plies=50159650 games=760571 rejected=0 skipped=0 epoch=0 mom=0.9498 lrCyc[pk=1.0e+00,tr=1.0e-03] trainerStep=5850
[LAYER-HEALTH] live trainerStep=5850 scope=batch_norm_state_only reluSites=9/10 ch=1040 dead=0 off=0 alwaysOn=0 worst=none maxBetaOverGamma=+1.40@policy.pre_bn[22] minBetaOverGamma=-1.51@value.bn[2] rvMaxOverMedian=71.9@stem.bn[90] rezero=none nonFinite=0
[REPLAY] step=5900 loss=3.5825 pLoss=2.7687 vLoss=0.8093 pEnt=2.875 pIllM=0.0045 playedP=0.163 pW=0.47 pD=0.07 pL=0.46 vAbs=0.224 pLogitMean=-7.0465 vLogitMean=0.6262 gNorm=0.274 lr=0.001 ms=802.1 buf=500000 plies=50586251 games=766956 rejected=0 skipped=0 epoch=0 mom=0.9499 lrCyc[pk=1.0e+00,tr=1.0e-03] trainerStep=5900
[LAYER-HEALTH] live trainerStep=5900 scope=batch_norm_state_only reluSites=9/10 ch=1040 dead=0 off=0 alwaysOn=0 worst=none maxBetaOverGamma=+1.40@policy.pre_bn[22] minBetaOverGamma=-1.50@value.bn[2] rvMaxOverMedian=71.9@stem.bn[90] rezero=none nonFinite=0
[REPLAY] step=5950 loss=3.5509 pLoss=2.7429 vLoss=0.8035 pEnt=2.887 pIllM=0.0045 playedP=0.167 pW=0.47 pD=0.07 pL=0.46 vAbs=0.216 pLogitMean=-7.0468 vLogitMean=0.6258 gNorm=0.294 lr=0.000999 ms=751.7 buf=500000 plies=51012874 games=773419 rejected=0 skipped=0 epoch=0 mom=0.9500 lrCyc[pk=1.0e+00,tr=1.0e-03] trainerStep=5950
[LAYER-HEALTH] live trainerStep=5950 scope=batch_norm_state_only reluSites=9/10 ch=1040 dead=0 off=0 alwaysOn=0 worst=none maxBetaOverGamma=+1.40@policy.pre_bn[22] minBetaOverGamma=-1.51@value.bn[2] rvMaxOverMedian=71.9@stem.bn[90] rezero=none nonFinite=0
[REPLAY] step=6000 loss=3.5636 pLoss=2.7442 vLoss=0.8146 pEnt=2.883 pIllM=0.0047 playedP=0.164 pW=0.47 pD=0.07 pL=0.46 vAbs=0.223 pLogitMean=-7.0449 vLogitMean=0.6265 gNorm=0.270 lr=0.000998 ms=775.0 buf=500000 plies=51439544 games=779913 rejected=0 skipped=0 epoch=0 mom=0.9500 lrCyc[pk=1.0e+00,tr=1.0e-03] trainerStep=6000
[LAYER-HEALTH] live trainerStep=6000 scope=batch_norm_state_only reluSites=9/10 ch=1040 dead=0 off=0 alwaysOn=0 worst=none maxBetaOverGamma=+1.40@policy.pre_bn[22] minBetaOverGamma=-1.51@value.bn[2] rvMaxOverMedian=72.1@stem.bn[90] rezero=none nonFinite=0
[REPLAY] saved trainer model (autosave) step=6000 trainerStep=6000 nextGame=779913 shard=1 epoch=0 -> 20261005-lrBleaky-cyc1-replay-latest.safetensors
[LAYER-HEALTH] checkpoint replay-autosave step=6000 trainerStep=6000 scope=all_tensors reluSites=9/10 ch=1040 dead=0 off=0 alwaysOn=0 worst=none maxBetaOverGamma=+1.40@policy.pre_bn[22] minBetaOverGamma=-1.51@value.bn[2] rvMaxOverMedian=72.1@stem.bn[90] rezero=none nonFinite=0 seZeroVel=none valueFC1ZeroVel=0/128 maxAbs=11.87@blocks.0.bn2.running_var
[LAYER-HEALTH]   batch-norm sites — β/|γ|: dead < -3.00, mostly off < -2.00, always on > +3.00; classified for relu/leaky_relu only
[LAYER-HEALTH]     site            act            ch   dead    off     on  zeroγ nonfin  min β/|γ| [ch]     max β/|γ| [ch]     rv max/median [ch]
[LAYER-HEALTH]     stem.bn         -             128    n/a    n/a    n/a      0      0     -0.31 [85]         +0.19 [110]          72.1 [90]
[LAYER-HEALTH]     blocks.0.bn1    relu          128      0      0      0      0      0     -0.46 [21]         +0.13 [18]            2.6 [14]
[LAYER-HEALTH]     blocks.0.bn2    relu          128      0      0      0      0      0     -0.89 [6]          -0.04 [58]            4.2 [61]
[LAYER-HEALTH]     blocks.1.bn1    relu          128      0      0      0      0      0     -0.73 [11]         -0.07 [117]          11.8 [14]
[LAYER-HEALTH]     blocks.1.bn2    relu          128      0      0      0      0      0     -1.08 [29]         -0.29 [49]            2.5 [121]
[LAYER-HEALTH]     blocks.2.bn1    relu          128      0      0      0      0      0     -1.06 [11]         +0.21 [31]            5.9 [117]
[LAYER-HEALTH]     blocks.2.bn2    relu          128      0      0      0      0      0     -1.17 [95]         -0.10 [126]           3.3 [26]
[LAYER-HEALTH]     tower_final_bn  relu          128      0      0      0      0      0     -0.32 [120]        +0.77 [114]           4.3 [75]
[LAYER-HEALTH]     policy.pre_bn   relu          128      0      0      0      0      0     -0.64 [26]         +1.40 [22]            2.7 [60]
[LAYER-HEALTH]     value.bn        leaky_relu     16      0      0      0      0      0     -1.51 [2]          -0.69 [1]             2.5 [14]
[LAYER-HEALTH]   FC hidden-unit velocity — zero: every weight-velocity entry exactly 0; low: nonzero but < 5% of the layer's p90 unit norm
[LAYER-HEALTH]     value.fc1.weight  leaky_relu  units 128  zero 0  low 13  median unit norm 0.007363
[LAYER-HEALTH]     (no SE blocks)
[LAYER-HEALTH]   ReZero: none
[LAYER-HEALTH]   non-finite: 0 values in 0 of 102 tensors (10263038 values examined)
[LAYER-HEALTH]   largest |value|: blocks.0.bn2.running_var 11.87, blocks.0.bn2.running_mean 6.406, blocks.2.bn2.running_var 6.246, stem.bn.running_var 5.599, policy.pre_bn.running_var 5.45
[REPLAY] enumerated checkpoint -> 20261005-lrBleaky-cyc1-replay-step6000.safetensors
[REPLAY] step=6050 loss=3.6041 pLoss=2.7849 vLoss=0.8148 pEnt=2.911 pIllM=0.0044 playedP=0.159 pW=0.47 pD=0.07 pL=0.46 vAbs=0.216 pLogitMean=-7.0479 vLogitMean=0.6257 gNorm=0.296 lr=0.000999 ms=823.2 buf=500000 plies=51866229 games=786406 rejected=0 skipped=0 epoch=0 mom=0.9500 lrCyc[pk=1.0e+00,tr=1.0e-03] trainerStep=6050
[LAYER-HEALTH] live trainerStep=6050 scope=batch_norm_state_only reluSites=9/10 ch=1040 dead=0 off=0 alwaysOn=0 worst=none maxBetaOverGamma=+1.40@policy.pre_bn[22] minBetaOverGamma=-1.51@value.bn[2] rvMaxOverMedian=72.0@stem.bn[90] rezero=none nonFinite=0
[REPLAY] step=6100 loss=3.5851 pLoss=2.7491 vLoss=0.8313 pEnt=2.885 pIllM=0.0046 playedP=0.163 pW=0.47 pD=0.07 pL=0.46 vAbs=0.222 pLogitMean=-7.0461 vLogitMean=0.6242 gNorm=0.293 lr=0.001 ms=757.7 buf=500000 plies=52292838 games=792868 rejected=0 skipped=0 epoch=0 mom=0.9499 lrCyc[pk=1.0e+00,tr=1.0e-03] trainerStep=6100
[LAYER-HEALTH] live trainerStep=6100 scope=batch_norm_state_only reluSites=9/10 ch=1040 dead=0 off=0 alwaysOn=0 worst=none maxBetaOverGamma=+1.40@policy.pre_bn[22] minBetaOverGamma=-1.50@value.bn[2] rvMaxOverMedian=71.9@stem.bn[90] rezero=none nonFinite=0
[REPLAY] step=6150 loss=3.5640 pLoss=2.7460 vLoss=0.8132 pEnt=2.889 pIllM=0.0048 playedP=0.165 pW=0.47 pD=0.07 pL=0.46 vAbs=0.220 pLogitMean=-7.0479 vLogitMean=0.6243 gNorm=0.320 lr=0.00101 ms=797.1 buf=500000 plies=52719475 games=799270 rejected=0 skipped=0 epoch=0 mom=0.9498 lrCyc[pk=1.0e+00,tr=1.0e-03] trainerStep=6150
[LAYER-HEALTH] live trainerStep=6150 scope=batch_norm_state_only reluSites=9/10 ch=1040 dead=0 off=0 alwaysOn=0 worst=none maxBetaOverGamma=+1.40@policy.pre_bn[22] minBetaOverGamma=-1.51@value.bn[2] rvMaxOverMedian=71.9@stem.bn[90] rezero=none nonFinite=0
[REPLAY] step=6200 loss=3.5770 pLoss=2.7571 vLoss=0.8155 pEnt=2.883 pIllM=0.0043 playedP=0.167 pW=0.47 pD=0.07 pL=0.46 vAbs=0.226 pLogitMean=-7.0471 vLogitMean=0.6279 gNorm=0.282 lr=0.00103 ms=776.5 buf=500000 plies=53146138 games=805746 rejected=0 skipped=0 epoch=0 mom=0.9496 lrCyc[pk=1.0e+00,tr=1.0e-03] trainerStep=6200
[LAYER-HEALTH] live trainerStep=6200 scope=batch_norm_state_only reluSites=9/10 ch=1040 dead=0 off=0 alwaysOn=0 worst=none maxBetaOverGamma=+1.40@policy.pre_bn[22] minBetaOverGamma=-1.51@value.bn[2] rvMaxOverMedian=72.1@stem.bn[90] rezero=none nonFinite=0
[REPLAY] step=6250 loss=3.5500 pLoss=2.7393 vLoss=0.8062 pEnt=2.883 pIllM=0.0046 playedP=0.169 pW=0.47 pD=0.07 pL=0.46 vAbs=0.222 pLogitMean=-7.0472 vLogitMean=0.6267 gNorm=0.277 lr=0.00104 ms=800.4 buf=500000 plies=53572815 games=812138 rejected=0 skipped=0 epoch=0 mom=0.9494 lrCyc[pk=1.0e+00,tr=1.0e-03] trainerStep=6250
[LAYER-HEALTH] live trainerStep=6250 scope=batch_norm_state_only reluSites=9/10 ch=1040 dead=0 off=0 alwaysOn=0 worst=none maxBetaOverGamma=+1.40@policy.pre_bn[22] minBetaOverGamma=-1.52@value.bn[2] rvMaxOverMedian=72.2@stem.bn[90] rezero=none nonFinite=0
[REPLAY] step=6300 loss=3.5405 pLoss=2.7183 vLoss=0.8179 pEnt=2.888 pIllM=0.0043 playedP=0.165 pW=0.47 pD=0.07 pL=0.46 vAbs=0.231 pLogitMean=-7.0461 vLogitMean=0.6265 gNorm=0.275 lr=0.00106 ms=775.5 buf=500000 plies=53999428 games=818522 rejected=0 skipped=0 epoch=0 mom=0.9491 lrCyc[pk=1.0e+00,tr=1.0e-03] trainerStep=6300
[LAYER-HEALTH] live trainerStep=6300 scope=batch_norm_state_only reluSites=9/10 ch=1040 dead=0 off=0 alwaysOn=0 worst=none maxBetaOverGamma=+1.40@policy.pre_bn[22] minBetaOverGamma=-1.51@value.bn[2] rvMaxOverMedian=72.2@stem.bn[90] rezero=none nonFinite=0
[REPLAY] step=6350 loss=3.5532 pLoss=2.7278 vLoss=0.8211 pEnt=2.878 pIllM=0.0043 playedP=0.164 pW=0.47 pD=0.07 pL=0.46 vAbs=0.230 pLogitMean=-7.0494 vLogitMean=0.6280 gNorm=0.305 lr=0.00108 ms=796.3 buf=500000 plies=54426090 games=825032 rejected=0 skipped=0 epoch=0 mom=0.9488 lrCyc[pk=1.0e+00,tr=1.0e-03] trainerStep=6350
[LAYER-HEALTH] live trainerStep=6350 scope=batch_norm_state_only reluSites=9/10 ch=1040 dead=0 off=0 alwaysOn=0 worst=none maxBetaOverGamma=+1.40@policy.pre_bn[22] minBetaOverGamma=-1.51@value.bn[2] rvMaxOverMedian=72.2@stem.bn[90] rezero=none nonFinite=0
[REPLAY] step=6400 loss=3.5786 pLoss=2.7491 vLoss=0.8249 pEnt=2.899 pIllM=0.0045 playedP=0.161 pW=0.47 pD=0.07 pL=0.46 vAbs=0.229 pLogitMean=-7.0493 vLogitMean=0.6252 gNorm=0.296 lr=0.00111 ms=764.6 buf=500000 plies=54852835 games=831471 rejected=0 skipped=0 epoch=0 mom=0.9484 lrCyc[pk=1.0e+00,tr=1.0e-03] trainerStep=6400
[LAYER-HEALTH] live trainerStep=6400 scope=batch_norm_state_only reluSites=9/10 ch=1040 dead=0 off=0 alwaysOn=0 worst=none maxBetaOverGamma=+1.40@policy.pre_bn[22] minBetaOverGamma=-1.50@value.bn[2] rvMaxOverMedian=72.0@stem.bn[90] rezero=none nonFinite=0
[REPLAY] step=6450 loss=3.5938 pLoss=2.7756 vLoss=0.8137 pEnt=2.889 pIllM=0.0045 playedP=0.163 pW=0.47 pD=0.08 pL=0.46 vAbs=0.225 pLogitMean=-7.0479 vLogitMean=0.6228 gNorm=0.289 lr=0.00114 ms=793.5 buf=500000 plies=55279420 games=837906 rejected=0 skipped=0 epoch=0 mom=0.9480 lrCyc[pk=9.9e-01,tr=1.0e-03] trainerStep=6450
[LAYER-HEALTH] live trainerStep=6450 scope=batch_norm_state_only reluSites=9/10 ch=1040 dead=0 off=0 alwaysOn=0 worst=none maxBetaOverGamma=+1.40@policy.pre_bn[22] minBetaOverGamma=-1.49@value.bn[2] rvMaxOverMedian=71.9@stem.bn[90] rezero=none nonFinite=0
[REPLAY] step=6500 loss=3.5685 pLoss=2.7510 vLoss=0.8127 pEnt=2.878 pIllM=0.0048 playedP=0.168 pW=0.47 pD=0.07 pL=0.46 vAbs=0.229 pLogitMean=-7.0479 vLogitMean=0.6247 gNorm=0.284 lr=0.00118 ms=764.5 buf=500000 plies=55706064 games=844339 rejected=0 skipped=0 epoch=0 mom=0.9476 lrCyc[pk=9.9e-01,tr=1.0e-03] trainerStep=6500
[LAYER-HEALTH] live trainerStep=6500 scope=batch_norm_state_only reluSites=9/10 ch=1040 dead=0 off=0 alwaysOn=0 worst=none maxBetaOverGamma=+1.40@policy.pre_bn[22] minBetaOverGamma=-1.50@value.bn[2] rvMaxOverMedian=71.7@stem.bn[90] rezero=none nonFinite=0
[REPLAY] step=6550 loss=3.5642 pLoss=2.7414 vLoss=0.8184 pEnt=2.880 pIllM=0.0043 playedP=0.165 pW=0.47 pD=0.07 pL=0.46 vAbs=0.226 pLogitMean=-7.0485 vLogitMean=0.6270 gNorm=0.280 lr=0.00122 ms=796.2 buf=500000 plies=56132712 games=850788 rejected=0 skipped=0 epoch=0 mom=0.9470 lrCyc[pk=9.9e-01,tr=1.0e-03] trainerStep=6550
[LAYER-HEALTH] live trainerStep=6550 scope=batch_norm_state_only reluSites=9/10 ch=1040 dead=0 off=0 alwaysOn=0 worst=none maxBetaOverGamma=+1.40@policy.pre_bn[22] minBetaOverGamma=-1.51@value.bn[2] rvMaxOverMedian=71.7@stem.bn[90] rezero=none nonFinite=0
[REPLAY] step=6600 loss=3.5640 pLoss=2.7472 vLoss=0.8121 pEnt=2.880 pIllM=0.0048 playedP=0.163 pW=0.47 pD=0.07 pL=0.46 vAbs=0.230 pLogitMean=-7.0483 vLogitMean=0.6273 gNorm=0.298 lr=0.00127 ms=798.8 buf=500000 plies=56559338 games=857280 rejected=0 skipped=0 epoch=0 mom=0.9465 lrCyc[pk=9.9e-01,tr=1.0e-03] trainerStep=6600
[LAYER-HEALTH] live trainerStep=6600 scope=batch_norm_state_only reluSites=9/10 ch=1040 dead=0 off=0 alwaysOn=0 worst=none maxBetaOverGamma=+1.40@policy.pre_bn[22] minBetaOverGamma=-1.51@value.bn[2] rvMaxOverMedian=71.8@stem.bn[90] rezero=none nonFinite=0
[REPLAY] step=6650 loss=3.5744 pLoss=2.7561 vLoss=0.8144 pEnt=2.895 pIllM=0.0039 playedP=0.161 pW=0.47 pD=0.07 pL=0.46 vAbs=0.226 pLogitMean=-7.0490 vLogitMean=0.6268 gNorm=0.281 lr=0.00132 ms=787.4 buf=500000 plies=56986062 games=863736 rejected=0 skipped=0 epoch=0 mom=0.9459 lrCyc[pk=9.9e-01,tr=1.0e-03] trainerStep=6650
[LAYER-HEALTH] live trainerStep=6650 scope=batch_norm_state_only reluSites=9/10 ch=1040 dead=0 off=0 alwaysOn=0 worst=none maxBetaOverGamma=+1.40@policy.pre_bn[22] minBetaOverGamma=-1.51@value.bn[2] rvMaxOverMedian=72.0@stem.bn[90] rezero=none nonFinite=0
[REPLAY] step=6700 loss=3.5850 pLoss=2.7692 vLoss=0.8114 pEnt=2.876 pIllM=0.0044 playedP=0.165 pW=0.47 pD=0.07 pL=0.46 vAbs=0.226 pLogitMean=-7.0487 vLogitMean=0.6280 gNorm=0.291 lr=0.00139 ms=796.4 buf=500000 plies=57412640 games=870194 rejected=0 skipped=0 epoch=0 mom=0.9452 lrCyc[pk=9.9e-01,tr=1.0e-03] trainerStep=6700
[LAYER-HEALTH] live trainerStep=6700 scope=batch_norm_state_only reluSites=9/10 ch=1040 dead=0 off=0 alwaysOn=0 worst=none maxBetaOverGamma=+1.40@policy.pre_bn[22] minBetaOverGamma=-1.51@value.bn[2] rvMaxOverMedian=72.2@stem.bn[90] rezero=none nonFinite=0
[REPLAY] step=6750 loss=3.5580 pLoss=2.7317 vLoss=0.8221 pEnt=2.873 pIllM=0.0042 playedP=0.165 pW=0.47 pD=0.07 pL=0.46 vAbs=0.227 pLogitMean=-7.0476 vLogitMean=0.6262 gNorm=0.287 lr=0.00145 ms=820.6 buf=500000 plies=57839315 games=876656 rejected=0 skipped=0 epoch=0 mom=0.9446 lrCyc[pk=9.9e-01,tr=1.0e-03] trainerStep=6750
[LAYER-HEALTH] live trainerStep=6750 scope=batch_norm_state_only reluSites=9/10 ch=1040 dead=0 off=0 alwaysOn=0 worst=none maxBetaOverGamma=+1.40@policy.pre_bn[22] minBetaOverGamma=-1.50@value.bn[2] rvMaxOverMedian=72.3@stem.bn[90] rezero=none nonFinite=0
[REPLAY] step=6800 loss=3.5970 pLoss=2.7740 vLoss=0.8185 pEnt=2.885 pIllM=0.0045 playedP=0.164 pW=0.47 pD=0.07 pL=0.46 vAbs=0.216 pLogitMean=-7.0484 vLogitMean=0.6261 gNorm=0.280 lr=0.00153 ms=798.5 buf=500000 plies=58265953 games=883116 rejected=0 skipped=0 epoch=0 mom=0.9438 lrCyc[pk=9.9e-01,tr=1.0e-03] trainerStep=6800
[LAYER-HEALTH] live trainerStep=6800 scope=batch_norm_state_only reluSites=9/10 ch=1040 dead=0 off=0 alwaysOn=0 worst=none maxBetaOverGamma=+1.40@policy.pre_bn[22] minBetaOverGamma=-1.51@value.bn[2] rvMaxOverMedian=72.4@stem.bn[90] rezero=none nonFinite=0
[REPLAY] step=6850 loss=3.5751 pLoss=2.7671 vLoss=0.8035 pEnt=2.881 pIllM=0.0046 playedP=0.165 pW=0.47 pD=0.07 pL=0.46 vAbs=0.221 pLogitMean=-7.0482 vLogitMean=0.6260 gNorm=0.284 lr=0.00161 ms=767.9 buf=500000 plies=58692608 games=889596 rejected=0 skipped=0 epoch=0 mom=0.9430 lrCyc[pk=9.9e-01,tr=1.0e-03] trainerStep=6850
[LAYER-HEALTH] live trainerStep=6850 scope=batch_norm_state_only reluSites=9/10 ch=1040 dead=0 off=0 alwaysOn=0 worst=none maxBetaOverGamma=+1.40@policy.pre_bn[22] minBetaOverGamma=-1.51@value.bn[2] rvMaxOverMedian=72.3@stem.bn[90] rezero=none nonFinite=0
[REPLAY] step=6900 loss=3.5587 pLoss=2.7420 vLoss=0.8120 pEnt=2.878 pIllM=0.0047 playedP=0.166 pW=0.47 pD=0.07 pL=0.46 vAbs=0.224 pLogitMean=-7.0475 vLogitMean=0.6240 gNorm=0.280 lr=0.00171 ms=788.7 buf=500000 plies=59119249 games=896121 rejected=0 skipped=0 epoch=0 mom=0.9422 lrCyc[pk=9.9e-01,tr=1.0e-03] trainerStep=6900
[LAYER-HEALTH] live trainerStep=6900 scope=batch_norm_state_only reluSites=9/10 ch=1040 dead=0 off=0 alwaysOn=0 worst=none maxBetaOverGamma=+1.40@policy.pre_bn[22] minBetaOverGamma=-1.50@value.bn[2] rvMaxOverMedian=72.3@stem.bn[90] rezero=none nonFinite=0
[REPLAY] step=6950 loss=3.5740 pLoss=2.7514 vLoss=0.8181 pEnt=2.892 pIllM=0.0045 playedP=0.166 pW=0.47 pD=0.07 pL=0.46 vAbs=0.219 pLogitMean=-7.0490 vLogitMean=0.6245 gNorm=0.290 lr=0.00181 ms=831.9 buf=500000 plies=59545882 games=902529 rejected=0 skipped=0 epoch=0 mom=0.9414 lrCyc[pk=9.9e-01,tr=1.0e-03] trainerStep=6950
[LAYER-HEALTH] live trainerStep=6950 scope=batch_norm_state_only reluSites=9/10 ch=1040 dead=0 off=0 alwaysOn=0 worst=none maxBetaOverGamma=+1.40@policy.pre_bn[22] minBetaOverGamma=-1.49@value.bn[2] rvMaxOverMedian=72.2@stem.bn[90] rezero=none nonFinite=0
[REPLAY] step=7000 loss=3.5735 pLoss=2.7526 vLoss=0.8160 pEnt=2.873 pIllM=0.0048 playedP=0.164 pW=0.47 pD=0.07 pL=0.46 vAbs=0.223 pLogitMean=-7.0476 vLogitMean=0.6241 gNorm=0.279 lr=0.00193 ms=800.2 buf=500000 plies=59972543 games=908960 rejected=0 skipped=0 epoch=0 mom=0.9405 lrCyc[pk=9.9e-01,tr=1.0e-03] trainerStep=7000
[LAYER-HEALTH] live trainerStep=7000 scope=batch_norm_state_only reluSites=9/10 ch=1040 dead=0 off=0 alwaysOn=0 worst=none maxBetaOverGamma=+1.40@policy.pre_bn[22] minBetaOverGamma=-1.49@value.bn[2] rvMaxOverMedian=72.0@stem.bn[90] rezero=none nonFinite=0
[REPLAY] saved trainer model (autosave) step=7000 trainerStep=7000 nextGame=908960 shard=1 epoch=0 -> 20261005-lrBleaky-cyc1-replay-latest.safetensors
[LAYER-HEALTH] checkpoint replay-autosave step=7000 trainerStep=7000 scope=all_tensors reluSites=9/10 ch=1040 dead=0 off=0 alwaysOn=0 worst=none maxBetaOverGamma=+1.40@policy.pre_bn[22] minBetaOverGamma=-1.49@value.bn[2] rvMaxOverMedian=72.0@stem.bn[90] rezero=none nonFinite=0 seZeroVel=none valueFC1ZeroVel=0/128 maxAbs=11.85@blocks.0.bn2.running_var
[LAYER-HEALTH]   batch-norm sites — β/|γ|: dead < -3.00, mostly off < -2.00, always on > +3.00; classified for relu/leaky_relu only
[LAYER-HEALTH]     site            act            ch   dead    off     on  zeroγ nonfin  min β/|γ| [ch]     max β/|γ| [ch]     rv max/median [ch]
[LAYER-HEALTH]     stem.bn         -             128    n/a    n/a    n/a      0      0     -0.31 [85]         +0.19 [110]          72.0 [90]
[LAYER-HEALTH]     blocks.0.bn1    relu          128      0      0      0      0      0     -0.46 [21]         +0.13 [18]            2.6 [14]
[LAYER-HEALTH]     blocks.0.bn2    relu          128      0      0      0      0      0     -0.89 [6]          -0.04 [58]            4.2 [61]
[LAYER-HEALTH]     blocks.1.bn1    relu          128      0      0      0      0      0     -0.73 [11]         -0.07 [117]          11.7 [14]
[LAYER-HEALTH]     blocks.1.bn2    relu          128      0      0      0      0      0     -1.08 [29]         -0.29 [49]            2.5 [121]
[LAYER-HEALTH]     blocks.2.bn1    relu          128      0      0      0      0      0     -1.06 [11]         +0.21 [31]            5.9 [117]
[LAYER-HEALTH]     blocks.2.bn2    relu          128      0      0      0      0      0     -1.17 [95]         -0.10 [126]           3.3 [26]
[LAYER-HEALTH]     tower_final_bn  relu          128      0      0      0      0      0     -0.32 [120]        +0.77 [114]           4.3 [75]
[LAYER-HEALTH]     policy.pre_bn   relu          128      0      0      0      0      0     -0.64 [26]         +1.40 [22]            2.7 [60]
[LAYER-HEALTH]     value.bn        leaky_relu     16      0      0      0      0      0     -1.49 [2]          -0.70 [1]             2.6 [14]
[LAYER-HEALTH]   FC hidden-unit velocity — zero: every weight-velocity entry exactly 0; low: nonzero but < 5% of the layer's p90 unit norm
[LAYER-HEALTH]     value.fc1.weight  leaky_relu  units 128  zero 0  low 12  median unit norm 0.005325
[LAYER-HEALTH]     (no SE blocks)
[LAYER-HEALTH]   ReZero: none
[LAYER-HEALTH]   non-finite: 0 values in 0 of 102 tensors (10263038 values examined)
[LAYER-HEALTH]   largest |value|: blocks.0.bn2.running_var 11.85, blocks.0.bn2.running_mean 6.414, blocks.2.bn2.running_var 6.251, stem.bn.running_var 5.584, policy.pre_bn.running_var 5.435
[REPLAY] enumerated checkpoint -> 20261005-lrBleaky-cyc1-replay-step7000.safetensors
[REPLAY] step=7050 loss=3.5532 pLoss=2.7431 vLoss=0.8057 pEnt=2.859 pIllM=0.0045 playedP=0.170 pW=0.47 pD=0.07 pL=0.46 vAbs=0.225 pLogitMean=-7.0470 vLogitMean=0.6227 gNorm=0.292 lr=0.00206 ms=781.9 buf=500000 plies=60399172 games=915405 rejected=0 skipped=0 epoch=0 mom=0.9395 lrCyc[pk=9.9e-01,tr=1.0e-03] trainerStep=7050
[LAYER-HEALTH] live trainerStep=7050 scope=batch_norm_state_only reluSites=9/10 ch=1040 dead=0 off=0 alwaysOn=0 worst=none maxBetaOverGamma=+1.40@policy.pre_bn[22] minBetaOverGamma=-1.48@value.bn[2] rvMaxOverMedian=72.3@stem.bn[90] rezero=none nonFinite=0
[REPLAY] step=7100 loss=3.5859 pLoss=2.7583 vLoss=0.8231 pEnt=2.888 pIllM=0.0045 playedP=0.164 pW=0.47 pD=0.07 pL=0.46 vAbs=0.220 pLogitMean=-7.0480 vLogitMean=0.6223 gNorm=0.289 lr=0.0022 ms=800.2 buf=500000 plies=60825827 games=921848 rejected=0 skipped=0 epoch=0 mom=0.9385 lrCyc[pk=9.9e-01,tr=1.0e-03] trainerStep=7100
[LAYER-HEALTH] live trainerStep=7100 scope=batch_norm_state_only reluSites=9/10 ch=1040 dead=0 off=0 alwaysOn=0 worst=none maxBetaOverGamma=+1.39@policy.pre_bn[22] minBetaOverGamma=-1.49@value.bn[2] rvMaxOverMedian=72.3@stem.bn[90] rezero=none nonFinite=0
[REPLAY] step=7150 loss=3.5588 pLoss=2.7401 vLoss=0.8140 pEnt=2.862 pIllM=0.0047 playedP=0.169 pW=0.47 pD=0.07 pL=0.46 vAbs=0.222 pLogitMean=-7.0468 vLogitMean=0.6235 gNorm=0.283 lr=0.00236 ms=791.1 buf=500000 plies=61252515 games=928272 rejected=0 skipped=0 epoch=0 mom=0.9375 lrCyc[pk=9.9e-01,tr=1.0e-03] trainerStep=7150
[LAYER-HEALTH] live trainerStep=7150 scope=batch_norm_state_only reluSites=9/10 ch=1040 dead=0 off=0 alwaysOn=0 worst=none maxBetaOverGamma=+1.39@policy.pre_bn[22] minBetaOverGamma=-1.50@value.bn[2] rvMaxOverMedian=72.2@stem.bn[90] rezero=none nonFinite=0
[REPLAY] step=7200 loss=3.5665 pLoss=2.7331 vLoss=0.8289 pEnt=2.865 pIllM=0.0045 playedP=0.170 pW=0.47 pD=0.07 pL=0.46 vAbs=0.222 pLogitMean=-7.0487 vLogitMean=0.6252 gNorm=0.280 lr=0.00254 ms=786.1 buf=500000 plies=61679144 games=934686 rejected=0 skipped=0 epoch=0 mom=0.9365 lrCyc[pk=9.9e-01,tr=1.0e-03] trainerStep=7200
[LAYER-HEALTH] live trainerStep=7200 scope=batch_norm_state_only reluSites=9/10 ch=1040 dead=0 off=0 alwaysOn=0 worst=none maxBetaOverGamma=+1.39@policy.pre_bn[22] minBetaOverGamma=-1.50@value.bn[2] rvMaxOverMedian=72.2@stem.bn[90] rezero=none nonFinite=0
[REPLAY] step=7250 loss=3.5669 pLoss=2.7593 vLoss=0.8033 pEnt=2.886 pIllM=0.0043 playedP=0.164 pW=0.47 pD=0.07 pL=0.46 vAbs=0.223 pLogitMean=-7.0496 vLogitMean=0.6261 gNorm=0.281 lr=0.00274 ms=795.9 buf=500000 plies=62105773 games=941087 rejected=0 skipped=0 epoch=0 mom=0.9354 lrCyc[pk=9.9e-01,tr=1.0e-03] trainerStep=7250
[LAYER-HEALTH] live trainerStep=7250 scope=batch_norm_state_only reluSites=9/10 ch=1040 dead=0 off=0 alwaysOn=0 worst=none maxBetaOverGamma=+1.39@policy.pre_bn[22] minBetaOverGamma=-1.51@value.bn[2] rvMaxOverMedian=72.2@stem.bn[90] rezero=none nonFinite=0
[REPLAY] step=7300 loss=3.5418 pLoss=2.7177 vLoss=0.8201 pEnt=2.869 pIllM=0.0040 playedP=0.167 pW=0.47 pD=0.07 pL=0.46 vAbs=0.233 pLogitMean=-7.0502 vLogitMean=0.6287 gNorm=0.292 lr=0.00296 ms=799.9 buf=500000 plies=62532490 games=947471 rejected=0 skipped=0 epoch=0 mom=0.9342 lrCyc[pk=9.9e-01,tr=1.0e-03] trainerStep=7300
[LAYER-HEALTH] live trainerStep=7300 scope=batch_norm_state_only reluSites=9/10 ch=1040 dead=0 off=0 alwaysOn=0 worst=none maxBetaOverGamma=+1.40@policy.pre_bn[22] minBetaOverGamma=-1.50@value.bn[2] rvMaxOverMedian=71.9@stem.bn[90] rezero=none nonFinite=0
[REPLAY] step=7350 loss=3.6136 pLoss=2.7851 vLoss=0.8243 pEnt=2.889 pIllM=0.0042 playedP=0.161 pW=0.47 pD=0.07 pL=0.46 vAbs=0.224 pLogitMean=-7.0496 vLogitMean=0.6234 gNorm=0.285 lr=0.00321 ms=803.7 buf=500000 plies=62959114 games=953913 rejected=0 skipped=0 epoch=0 mom=0.9331 lrCyc[pk=9.9e-01,tr=1.0e-03] trainerStep=7350
[LAYER-HEALTH] live trainerStep=7350 scope=batch_norm_state_only reluSites=9/10 ch=1040 dead=0 off=0 alwaysOn=0 worst=none maxBetaOverGamma=+1.40@policy.pre_bn[22] minBetaOverGamma=-1.49@value.bn[2] rvMaxOverMedian=71.9@stem.bn[90] rezero=none nonFinite=0
[REPLAY] step=7400 loss=3.5553 pLoss=2.7252 vLoss=0.8258 pEnt=2.898 pIllM=0.0044 playedP=0.163 pW=0.47 pD=0.07 pL=0.46 vAbs=0.230 pLogitMean=-7.0502 vLogitMean=0.6241 gNorm=0.296 lr=0.00349 ms=809.0 buf=500000 plies=63385735 games=960323 rejected=0 skipped=0 epoch=0 mom=0.9319 lrCyc[pk=9.9e-01,tr=1.0e-03] trainerStep=7400
[LAYER-HEALTH] live trainerStep=7400 scope=batch_norm_state_only reluSites=9/10 ch=1040 dead=0 off=0 alwaysOn=0 worst=none maxBetaOverGamma=+1.40@policy.pre_bn[22] minBetaOverGamma=-1.49@value.bn[2] rvMaxOverMedian=71.8@stem.bn[90] rezero=none nonFinite=0
[REPLAY] step=7450 loss=3.5820 pLoss=2.7672 vLoss=0.8107 pEnt=2.887 pIllM=0.0041 playedP=0.162 pW=0.47 pD=0.08 pL=0.46 vAbs=0.226 pLogitMean=-7.0491 vLogitMean=0.6249 gNorm=0.282 lr=0.00379 ms=835.4 buf=500000 plies=63812398 games=966769 rejected=0 skipped=0 epoch=0 mom=0.9307 lrCyc[pk=9.9e-01,tr=1.0e-03] trainerStep=7450
[LAYER-HEALTH] live trainerStep=7450 scope=batch_norm_state_only reluSites=9/10 ch=1040 dead=0 off=0 alwaysOn=0 worst=none maxBetaOverGamma=+1.40@policy.pre_bn[22] minBetaOverGamma=-1.49@value.bn[2] rvMaxOverMedian=71.7@stem.bn[90] rezero=none nonFinite=0
[REPLAY] step=7500 loss=3.5906 pLoss=2.7722 vLoss=0.8143 pEnt=2.898 pIllM=0.0041 playedP=0.162 pW=0.47 pD=0.07 pL=0.46 vAbs=0.222 pLogitMean=-7.0496 vLogitMean=0.6267 gNorm=0.301 lr=0.00414 ms=805.1 buf=500000 plies=64239081 games=973183 rejected=0 skipped=0 epoch=0 mom=0.9294 lrCyc[pk=9.9e-01,tr=1.0e-03] trainerStep=7500
[LAYER-HEALTH] live trainerStep=7500 scope=batch_norm_state_only reluSites=9/10 ch=1040 dead=0 off=0 alwaysOn=0 worst=none maxBetaOverGamma=+1.40@policy.pre_bn[22] minBetaOverGamma=-1.52@value.bn[2] rvMaxOverMedian=72.0@stem.bn[90] rezero=none nonFinite=0
[REPLAY] step=7550 loss=3.5502 pLoss=2.7427 vLoss=0.8024 pEnt=2.879 pIllM=0.0050 playedP=0.165 pW=0.47 pD=0.07 pL=0.46 vAbs=0.228 pLogitMean=-7.0489 vLogitMean=0.6232 gNorm=0.305 lr=0.00452 ms=787.6 buf=500000 plies=64665722 games=979651 rejected=0 skipped=0 epoch=0 mom=0.9281 lrCyc[pk=9.9e-01,tr=1.0e-03] trainerStep=7550
[LAYER-HEALTH] live trainerStep=7550 scope=batch_norm_state_only reluSites=9/10 ch=1040 dead=0 off=0 alwaysOn=0 worst=none maxBetaOverGamma=+1.40@policy.pre_bn[22] minBetaOverGamma=-1.50@value.bn[2] rvMaxOverMedian=72.2@stem.bn[90] rezero=none nonFinite=0
[REPLAY] step=7600 loss=3.5735 pLoss=2.7416 vLoss=0.8279 pEnt=2.895 pIllM=0.0040 playedP=0.162 pW=0.47 pD=0.07 pL=0.46 vAbs=0.236 pLogitMean=-7.0493 vLogitMean=0.6233 gNorm=0.296 lr=0.00495 ms=796.2 buf=500000 plies=65092377 games=986077 rejected=0 skipped=0 epoch=0 mom=0.9268 lrCyc[pk=9.9e-01,tr=1.0e-03] trainerStep=7600
[LAYER-HEALTH] live trainerStep=7600 scope=batch_norm_state_only reluSites=9/10 ch=1040 dead=0 off=0 alwaysOn=0 worst=none maxBetaOverGamma=+1.40@policy.pre_bn[22] minBetaOverGamma=-1.49@value.bn[2] rvMaxOverMedian=72.8@stem.bn[90] rezero=none nonFinite=0
[REPLAY] step=7650 loss=3.5775 pLoss=2.7568 vLoss=0.8164 pEnt=2.879 pIllM=0.0042 playedP=0.166 pW=0.47 pD=0.07 pL=0.46 vAbs=0.218 pLogitMean=-7.0487 vLogitMean=0.6229 gNorm=0.302 lr=0.00543 ms=855.0 buf=500000 plies=65519006 games=992490 rejected=0 skipped=0 epoch=0 mom=0.9255 lrCyc[pk=9.9e-01,tr=1.0e-03] trainerStep=7650
[LAYER-HEALTH] live trainerStep=7650 scope=batch_norm_state_only reluSites=9/10 ch=1040 dead=0 off=0 alwaysOn=0 worst=none maxBetaOverGamma=+1.40@policy.pre_bn[22] minBetaOverGamma=-1.50@value.bn[2] rvMaxOverMedian=72.8@stem.bn[90] rezero=none nonFinite=0
[REPLAY] step=7700 loss=3.5905 pLoss=2.7733 vLoss=0.8133 pEnt=2.892 pIllM=0.0039 playedP=0.161 pW=0.47 pD=0.07 pL=0.46 vAbs=0.221 pLogitMean=-7.0494 vLogitMean=0.6242 gNorm=0.295 lr=0.00597 ms=814.2 buf=500000 plies=65945714 games=998918 rejected=0 skipped=0 epoch=0 mom=0.9241 lrCyc[pk=9.9e-01,tr=1.0e-03] trainerStep=7700
[LAYER-HEALTH] live trainerStep=7700 scope=batch_norm_state_only reluSites=9/10 ch=1040 dead=0 off=0 alwaysOn=0 worst=none maxBetaOverGamma=+1.39@policy.pre_bn[22] minBetaOverGamma=-1.51@value.bn[2] rvMaxOverMedian=72.6@stem.bn[90] rezero=none nonFinite=0
[REPLAY] step=7750 loss=3.5665 pLoss=2.7514 vLoss=0.8104 pEnt=2.876 pIllM=0.0047 playedP=0.165 pW=0.47 pD=0.07 pL=0.46 vAbs=0.231 pLogitMean=-7.0488 vLogitMean=0.6250 gNorm=0.295 lr=0.00657 ms=861.0 buf=500000 plies=66372323 games=1005407 rejected=0 skipped=0 epoch=0 mom=0.9227 lrCyc[pk=9.9e-01,tr=1.0e-03] trainerStep=7750
[LAYER-HEALTH] live trainerStep=7750 scope=batch_norm_state_only reluSites=9/10 ch=1040 dead=0 off=0 alwaysOn=0 worst=none maxBetaOverGamma=+1.40@policy.pre_bn[22] minBetaOverGamma=-1.49@value.bn[2] rvMaxOverMedian=72.2@stem.bn[90] rezero=none nonFinite=0
[REPLAY] step=7800 loss=3.5493 pLoss=2.7389 vLoss=0.8059 pEnt=2.880 pIllM=0.0044 playedP=0.168 pW=0.47 pD=0.07 pL=0.46 vAbs=0.223 pLogitMean=-7.0482 vLogitMean=0.6249 gNorm=0.298 lr=0.00724 ms=841.4 buf=500000 plies=66798988 games=1011890 rejected=0 skipped=0 epoch=0 mom=0.9213 lrCyc[pk=9.9e-01,tr=1.0e-03] trainerStep=7800
[LAYER-HEALTH] live trainerStep=7800 scope=batch_norm_state_only reluSites=9/10 ch=1040 dead=0 off=0 alwaysOn=0 worst=none maxBetaOverGamma=+1.40@policy.pre_bn[22] minBetaOverGamma=-1.49@value.bn[2] rvMaxOverMedian=72.1@stem.bn[90] rezero=none nonFinite=0
[REPLAY] step=7850 loss=3.5823 pLoss=2.7705 vLoss=0.8072 pEnt=2.860 pIllM=0.0047 playedP=0.166 pW=0.47 pD=0.06 pL=0.46 vAbs=0.233 pLogitMean=-7.0466 vLogitMean=0.6266 gNorm=0.303 lr=0.00799 ms=872.0 buf=500000 plies=67225614 games=1018343 rejected=0 skipped=0 epoch=0 mom=0.9199 lrCyc[pk=9.9e-01,tr=1.0e-03] trainerStep=7850
[LAYER-HEALTH] live trainerStep=7850 scope=batch_norm_state_only reluSites=9/10 ch=1040 dead=0 off=0 alwaysOn=0 worst=none maxBetaOverGamma=+1.40@policy.pre_bn[22] minBetaOverGamma=-1.48@value.bn[2] rvMaxOverMedian=73.0@stem.bn[90] rezero=none nonFinite=0
[REPLAY] step=7900 loss=3.5879 pLoss=2.7716 vLoss=0.8118 pEnt=2.879 pIllM=0.0045 playedP=0.165 pW=0.47 pD=0.06 pL=0.46 vAbs=0.226 pLogitMean=-7.0499 vLogitMean=0.6266 gNorm=0.303 lr=0.00883 ms=858.8 buf=500000 plies=67652239 games=1024817 rejected=0 skipped=0 epoch=0 mom=0.9184 lrCyc[pk=9.9e-01,tr=1.0e-03] trainerStep=7900
[LAYER-HEALTH] live trainerStep=7900 scope=batch_norm_state_only reluSites=9/10 ch=1040 dead=0 off=0 alwaysOn=0 worst=none maxBetaOverGamma=+1.40@policy.pre_bn[22] minBetaOverGamma=-1.49@value.bn[2] rvMaxOverMedian=72.2@stem.bn[90] rezero=none nonFinite=0
[REPLAY] step=7950 loss=3.5692 pLoss=2.7605 vLoss=0.8044 pEnt=2.891 pIllM=0.0043 playedP=0.162 pW=0.47 pD=0.06 pL=0.47 vAbs=0.225 pLogitMean=-7.0479 vLogitMean=0.6274 gNorm=0.298 lr=0.00977 ms=908.6 buf=500000 plies=68078911 games=1031335 rejected=0 skipped=0 epoch=0 mom=0.9169 lrCyc[pk=9.9e-01,tr=1.0e-03] trainerStep=7950
[LAYER-HEALTH] live trainerStep=7950 scope=batch_norm_state_only reluSites=9/10 ch=1040 dead=0 off=0 alwaysOn=0 worst=none maxBetaOverGamma=+1.40@policy.pre_bn[22] minBetaOverGamma=-1.47@value.bn[2] rvMaxOverMedian=73.1@stem.bn[90] rezero=none nonFinite=0
[REPLAY] step=8000 loss=3.6090 pLoss=2.7854 vLoss=0.8193 pEnt=2.887 pIllM=0.0042 playedP=0.164 pW=0.48 pD=0.07 pL=0.46 vAbs=0.218 pLogitMean=-7.0502 vLogitMean=0.6263 gNorm=0.312 lr=0.0108 ms=913.4 buf=500000 plies=68505532 games=1037766 rejected=0 skipped=0 epoch=0 mom=0.9155 lrCyc[pk=9.9e-01,tr=1.0e-03] trainerStep=8000
[LAYER-HEALTH] live trainerStep=8000 scope=batch_norm_state_only reluSites=9/10 ch=1040 dead=0 off=0 alwaysOn=0 worst=none maxBetaOverGamma=+1.40@policy.pre_bn[22] minBetaOverGamma=-1.47@value.bn[2] rvMaxOverMedian=73.2@stem.bn[90] rezero=none nonFinite=0
[REPLAY] saved trainer model (autosave) step=8000 trainerStep=8000 nextGame=1037766 shard=2 epoch=0 -> 20261005-lrBleaky-cyc1-replay-latest.safetensors
[LAYER-HEALTH] checkpoint replay-autosave step=8000 trainerStep=8000 scope=all_tensors reluSites=9/10 ch=1040 dead=0 off=0 alwaysOn=0 worst=none maxBetaOverGamma=+1.40@policy.pre_bn[22] minBetaOverGamma=-1.47@value.bn[2] rvMaxOverMedian=73.2@stem.bn[90] rezero=none nonFinite=0 seZeroVel=none valueFC1ZeroVel=0/128 maxAbs=11.84@blocks.0.bn2.running_var
[LAYER-HEALTH]   batch-norm sites — β/|γ|: dead < -3.00, mostly off < -2.00, always on > +3.00; classified for relu/leaky_relu only
[LAYER-HEALTH]     site            act            ch   dead    off     on  zeroγ nonfin  min β/|γ| [ch]     max β/|γ| [ch]     rv max/median [ch]
[LAYER-HEALTH]     stem.bn         -             128    n/a    n/a    n/a      0      0     -0.31 [85]         +0.19 [110]          73.2 [90]
[LAYER-HEALTH]     blocks.0.bn1    relu          128      0      0      0      0      0     -0.46 [21]         +0.13 [117]           2.6 [14]
[LAYER-HEALTH]     blocks.0.bn2    relu          128      0      0      0      0      0     -0.90 [6]          -0.04 [58]            4.2 [61]
[LAYER-HEALTH]     blocks.1.bn1    relu          128      0      0      0      0      0     -0.73 [11]         -0.07 [117]          12.0 [14]
[LAYER-HEALTH]     blocks.1.bn2    relu          128      0      0      0      0      0     -1.08 [29]         -0.29 [49]            2.5 [121]
[LAYER-HEALTH]     blocks.2.bn1    relu          128      0      0      0      0      0     -1.06 [11]         +0.21 [31]            5.9 [117]
[LAYER-HEALTH]     blocks.2.bn2    relu          128      0      0      0      0      0     -1.17 [95]         -0.10 [126]           3.3 [26]
[LAYER-HEALTH]     tower_final_bn  relu          128      0      0      0      0      0     -0.32 [120]        +0.77 [114]           4.3 [75]
[LAYER-HEALTH]     policy.pre_bn   relu          128      0      0      0      0      0     -0.64 [26]         +1.40 [22]            2.7 [60]
[LAYER-HEALTH]     value.bn        leaky_relu     16      0      0      0      0      0     -1.47 [2]          -0.67 [1]             2.5 [14]
[LAYER-HEALTH]   FC hidden-unit velocity — zero: every weight-velocity entry exactly 0; low: nonzero but < 5% of the layer's p90 unit norm
[LAYER-HEALTH]     value.fc1.weight  leaky_relu  units 128  zero 0  low 12  median unit norm 0.004079
[LAYER-HEALTH]     (no SE blocks)
[LAYER-HEALTH]   ReZero: none
[LAYER-HEALTH]   non-finite: 0 values in 0 of 102 tensors (10263038 values examined)
[LAYER-HEALTH]   largest |value|: blocks.0.bn2.running_var 11.84, blocks.0.bn2.running_mean 6.436, blocks.2.bn2.running_var 6.215, stem.bn.running_var 5.596, policy.pre_bn.running_var 5.409
[REPLAY] enumerated checkpoint -> 20261005-lrBleaky-cyc1-replay-step8000.safetensors
[REPLAY] step=8050 loss=3.6130 pLoss=2.7860 vLoss=0.8224 pEnt=2.880 pIllM=0.0046 playedP=0.167 pW=0.47 pD=0.07 pL=0.46 vAbs=0.222 pLogitMean=-7.0509 vLogitMean=0.6276 gNorm=0.291 lr=0.012 ms=831.8 buf=500000 plies=68932192 games=1044250 rejected=0 skipped=0 epoch=0 mom=0.9140 lrCyc[pk=9.9e-01,tr=1.0e-03] trainerStep=8050
[LAYER-HEALTH] live trainerStep=8050 scope=batch_norm_state_only reluSites=9/10 ch=1040 dead=0 off=0 alwaysOn=0 worst=none maxBetaOverGamma=+1.40@policy.pre_bn[22] minBetaOverGamma=-1.48@value.bn[2] rvMaxOverMedian=72.7@stem.bn[90] rezero=none nonFinite=0
[REPLAY] step=8100 loss=3.5643 pLoss=2.7446 vLoss=0.8151 pEnt=2.872 pIllM=0.0046 playedP=0.164 pW=0.47 pD=0.07 pL=0.47 vAbs=0.229 pLogitMean=-7.0481 vLogitMean=0.6268 gNorm=0.288 lr=0.0133 ms=832.3 buf=500000 plies=69358834 games=1050672 rejected=0 skipped=0 epoch=0 mom=0.9124 lrCyc[pk=9.9e-01,tr=1.0e-03] trainerStep=8100
[LAYER-HEALTH] live trainerStep=8100 scope=batch_norm_state_only reluSites=9/10 ch=1040 dead=0 off=0 alwaysOn=0 worst=none maxBetaOverGamma=+1.40@policy.pre_bn[22] minBetaOverGamma=-1.47@value.bn[2] rvMaxOverMedian=72.0@stem.bn[90] rezero=none nonFinite=0
[REPLAY] step=8150 loss=3.5409 pLoss=2.7366 vLoss=0.8004 pEnt=2.882 pIllM=0.0040 playedP=0.168 pW=0.47 pD=0.07 pL=0.46 vAbs=0.235 pLogitMean=-7.0488 vLogitMean=0.6252 gNorm=0.299 lr=0.0148 ms=885.7 buf=500000 plies=69785491 games=1057127 rejected=0 skipped=0 epoch=0 mom=0.9109 lrCyc[pk=9.9e-01,tr=1.0e-03] trainerStep=8150
[LAYER-HEALTH] live trainerStep=8150 scope=batch_norm_state_only reluSites=9/10 ch=1040 dead=0 off=0 alwaysOn=0 worst=none maxBetaOverGamma=+1.40@policy.pre_bn[22] minBetaOverGamma=-1.51@value.bn[2] rvMaxOverMedian=71.8@stem.bn[90] rezero=none nonFinite=0
[REPLAY] step=8200 loss=3.5517 pLoss=2.7440 vLoss=0.8037 pEnt=2.898 pIllM=0.0041 playedP=0.160 pW=0.47 pD=0.06 pL=0.47 vAbs=0.215 pLogitMean=-7.0466 vLogitMean=0.6276 gNorm=0.297 lr=0.0165 ms=792.9 buf=500000 plies=70212160 games=1063609 rejected=0 skipped=0 epoch=0 mom=0.9094 lrCyc[pk=9.9e-01,tr=1.0e-03] trainerStep=8200
[LAYER-HEALTH] live trainerStep=8200 scope=batch_norm_state_only reluSites=9/10 ch=1040 dead=0 off=0 alwaysOn=0 worst=none maxBetaOverGamma=+1.41@policy.pre_bn[22] minBetaOverGamma=-1.51@value.bn[2] rvMaxOverMedian=72.6@stem.bn[90] rezero=none nonFinite=0
[REPLAY] step=8250 loss=3.5483 pLoss=2.7407 vLoss=0.8036 pEnt=2.880 pIllM=0.0040 playedP=0.166 pW=0.46 pD=0.07 pL=0.47 vAbs=0.233 pLogitMean=-7.0493 vLogitMean=0.6263 gNorm=0.294 lr=0.0183 ms=801.5 buf=500000 plies=70638793 games=1070039 rejected=0 skipped=0 epoch=0 mom=0.9078 lrCyc[pk=9.9e-01,tr=1.0e-03] trainerStep=8250
[LAYER-HEALTH] live trainerStep=8250 scope=batch_norm_state_only reluSites=9/10 ch=1040 dead=0 off=0 alwaysOn=0 worst=none maxBetaOverGamma=+1.40@policy.pre_bn[22] minBetaOverGamma=-1.48@value.bn[2] rvMaxOverMedian=72.9@stem.bn[90] rezero=none nonFinite=0
[REPLAY] step=8300 loss=3.5577 pLoss=2.7401 vLoss=0.8136 pEnt=2.882 pIllM=0.0040 playedP=0.167 pW=0.47 pD=0.07 pL=0.46 vAbs=0.232 pLogitMean=-7.0490 vLogitMean=0.6261 gNorm=0.301 lr=0.0204 ms=779.6 buf=500000 plies=71065419 games=1076492 rejected=0 skipped=0 epoch=0 mom=0.9063 lrCyc[pk=9.9e-01,tr=1.0e-03] trainerStep=8300
[LAYER-HEALTH] live trainerStep=8300 scope=batch_norm_state_only reluSites=9/10 ch=1040 dead=0 off=0 alwaysOn=0 worst=none maxBetaOverGamma=+1.39@policy.pre_bn[22] minBetaOverGamma=-1.49@value.bn[2] rvMaxOverMedian=72.2@stem.bn[90] rezero=none nonFinite=0
[REPLAY] step=8350 loss=3.5621 pLoss=2.7472 vLoss=0.8107 pEnt=2.880 pIllM=0.0042 playedP=0.165 pW=0.47 pD=0.06 pL=0.47 vAbs=0.235 pLogitMean=-7.0483 vLogitMean=0.6280 gNorm=0.301 lr=0.0227 ms=790.1 buf=500000 plies=71492102 games=1082946 rejected=0 skipped=0 epoch=0 mom=0.9047 lrCyc[pk=9.9e-01,tr=1.0e-03] trainerStep=8350
[LAYER-HEALTH] live trainerStep=8350 scope=batch_norm_state_only reluSites=9/10 ch=1040 dead=0 off=0 alwaysOn=0 worst=none maxBetaOverGamma=+1.40@policy.pre_bn[22] minBetaOverGamma=-1.49@value.bn[2] rvMaxOverMedian=72.0@stem.bn[90] rezero=none nonFinite=0
[REPLAY] step=8400 loss=3.5828 pLoss=2.7606 vLoss=0.8177 pEnt=2.895 pIllM=0.0045 playedP=0.163 pW=0.46 pD=0.07 pL=0.47 vAbs=0.218 pLogitMean=-7.0487 vLogitMean=0.6312 gNorm=0.298 lr=0.0253 ms=795.3 buf=500000 plies=71918779 games=1089324 rejected=0 skipped=0 epoch=0 mom=0.9032 lrCyc[pk=9.9e-01,tr=1.0e-03] trainerStep=8400
[LAYER-HEALTH] live trainerStep=8400 scope=batch_norm_state_only reluSites=9/10 ch=1040 dead=0 off=0 alwaysOn=0 worst=none maxBetaOverGamma=+1.40@policy.pre_bn[22] minBetaOverGamma=-1.49@value.bn[2] rvMaxOverMedian=73.1@stem.bn[90] rezero=none nonFinite=0
[REPLAY] step=8450 loss=3.5939 pLoss=2.7695 vLoss=0.8202 pEnt=2.891 pIllM=0.0042 playedP=0.165 pW=0.47 pD=0.07 pL=0.46 vAbs=0.220 pLogitMean=-7.0540 vLogitMean=0.6221 gNorm=0.292 lr=0.0282 ms=795.4 buf=500000 plies=72345462 games=1095805 rejected=0 skipped=0 epoch=0 mom=0.9016 lrCyc[pk=9.9e-01,tr=1.0e-03] trainerStep=8450
[LAYER-HEALTH] live trainerStep=8450 scope=batch_norm_state_only reluSites=9/10 ch=1040 dead=0 off=0 alwaysOn=0 worst=none maxBetaOverGamma=+1.41@policy.pre_bn[22] minBetaOverGamma=-1.49@value.bn[3] rvMaxOverMedian=71.5@stem.bn[90] rezero=none nonFinite=0
[REPLAY] step=8500 loss=3.5962 pLoss=2.7734 vLoss=0.8185 pEnt=2.899 pIllM=0.0043 playedP=0.163 pW=0.47 pD=0.07 pL=0.46 vAbs=0.222 pLogitMean=-7.0557 vLogitMean=0.6228 gNorm=0.316 lr=0.0315 ms=851.1 buf=500000 plies=72772052 games=1102186 rejected=0 skipped=0 epoch=0 mom=0.9000 lrCyc[pk=9.9e-01,tr=1.0e-03] trainerStep=8500
[LAYER-HEALTH] live trainerStep=8500 scope=batch_norm_state_only reluSites=9/10 ch=1040 dead=0 off=0 alwaysOn=0 worst=none maxBetaOverGamma=+1.41@policy.pre_bn[22] minBetaOverGamma=-1.48@value.bn[3] rvMaxOverMedian=71.1@stem.bn[90] rezero=none nonFinite=0
[REPLAY] step=8550 loss=3.5594 pLoss=2.7352 vLoss=0.8196 pEnt=2.866 pIllM=0.0045 playedP=0.170 pW=0.47 pD=0.07 pL=0.46 vAbs=0.233 pLogitMean=-7.0509 vLogitMean=0.6254 gNorm=0.331 lr=0.0351 ms=811.2 buf=500000 plies=73198741 games=1108577 rejected=0 skipped=0 epoch=0 mom=0.8984 lrCyc[pk=9.9e-01,tr=1.0e-03] trainerStep=8550
[LAYER-HEALTH] live trainerStep=8550 scope=batch_norm_state_only reluSites=9/10 ch=1040 dead=0 off=0 alwaysOn=0 worst=none maxBetaOverGamma=+1.40@policy.pre_bn[22] minBetaOverGamma=-1.47@value.bn[3] rvMaxOverMedian=70.9@stem.bn[90] rezero=none nonFinite=0
[REPLAY] step=8600 loss=3.5505 pLoss=2.7319 vLoss=0.8145 pEnt=2.886 pIllM=0.0041 playedP=0.167 pW=0.47 pD=0.07 pL=0.46 vAbs=0.231 pLogitMean=-7.0502 vLogitMean=0.6216 gNorm=0.349 lr=0.0391 ms=797.9 buf=500000 plies=73625368 games=1114996 rejected=0 skipped=0 epoch=0 mom=0.8969 lrCyc[pk=9.9e-01,tr=1.0e-03] trainerStep=8600
[LAYER-HEALTH] live trainerStep=8600 scope=batch_norm_state_only reluSites=9/10 ch=1040 dead=0 off=0 alwaysOn=0 worst=none maxBetaOverGamma=+1.41@policy.pre_bn[22] minBetaOverGamma=-1.50@value.bn[2] rvMaxOverMedian=71.2@stem.bn[90] rezero=none nonFinite=0
[REPLAY] step=8650 loss=3.5577 pLoss=2.7438 vLoss=0.8093 pEnt=2.881 pIllM=0.0045 playedP=0.168 pW=0.47 pD=0.07 pL=0.46 vAbs=0.230 pLogitMean=-7.0453 vLogitMean=0.6231 gNorm=0.313 lr=0.0435 ms=780.3 buf=500000 plies=74051983 games=1121433 rejected=0 skipped=0 epoch=0 mom=0.8953 lrCyc[pk=9.9e-01,tr=1.0e-03] trainerStep=8650
[LAYER-HEALTH] live trainerStep=8650 scope=batch_norm_state_only reluSites=9/10 ch=1040 dead=0 off=0 alwaysOn=0 worst=none maxBetaOverGamma=+1.40@policy.pre_bn[22] minBetaOverGamma=-1.50@value.bn[2] rvMaxOverMedian=71.0@stem.bn[90] rezero=none nonFinite=0
[REPLAY] step=8700 loss=3.5529 pLoss=2.7447 vLoss=0.8036 pEnt=2.872 pIllM=0.0046 playedP=0.166 pW=0.47 pD=0.06 pL=0.47 vAbs=0.224 pLogitMean=-7.0480 vLogitMean=0.6230 gNorm=0.332 lr=0.0485 ms=814.8 buf=500000 plies=74478626 games=1127879 rejected=0 skipped=0 epoch=0 mom=0.8938 lrCyc[pk=9.9e-01,tr=1.0e-03] trainerStep=8700
[LAYER-HEALTH] live trainerStep=8700 scope=batch_norm_state_only reluSites=9/10 ch=1040 dead=0 off=0 alwaysOn=0 worst=none maxBetaOverGamma=+1.40@policy.pre_bn[60] minBetaOverGamma=-1.48@value.bn[2] rvMaxOverMedian=70.8@stem.bn[90] rezero=none nonFinite=0
[REPLAY] step=8750 loss=3.5746 pLoss=2.7646 vLoss=0.8055 pEnt=2.893 pIllM=0.0045 playedP=0.166 pW=0.47 pD=0.07 pL=0.46 vAbs=0.216 pLogitMean=-7.0433 vLogitMean=0.6227 gNorm=0.319 lr=0.054 ms=878.1 buf=500000 plies=74905269 games=1134371 rejected=0 skipped=0 epoch=0 mom=0.8922 lrCyc[pk=9.9e-01,tr=1.0e-03] trainerStep=8750
[LAYER-HEALTH] live trainerStep=8750 scope=batch_norm_state_only reluSites=9/10 ch=1040 dead=0 off=0 alwaysOn=0 worst=none maxBetaOverGamma=+1.39@policy.pre_bn[60] minBetaOverGamma=-1.49@value.bn[12] rvMaxOverMedian=70.2@stem.bn[90] rezero=none nonFinite=0
[REPLAY] step=8800 loss=3.5688 pLoss=2.7629 vLoss=0.8018 pEnt=2.882 pIllM=0.0041 playedP=0.165 pW=0.47 pD=0.06 pL=0.47 vAbs=0.225 pLogitMean=-7.0461 vLogitMean=0.6275 gNorm=0.318 lr=0.0601 ms=773.9 buf=500000 plies=75331941 games=1140850 rejected=0 skipped=0 epoch=0 mom=0.8907 lrCyc[pk=9.9e-01,tr=1.0e-03] trainerStep=8800
[LAYER-HEALTH] live trainerStep=8800 scope=batch_norm_state_only reluSites=9/10 ch=1040 dead=0 off=0 alwaysOn=0 worst=none maxBetaOverGamma=+1.39@policy.pre_bn[22] minBetaOverGamma=-1.47@value.bn[12] rvMaxOverMedian=70.2@stem.bn[90] rezero=none nonFinite=0
[REPLAY] step=8850 loss=3.5653 pLoss=2.7517 vLoss=0.8081 pEnt=2.880 pIllM=0.0054 playedP=0.161 pW=0.46 pD=0.07 pL=0.47 vAbs=0.223 pLogitMean=-7.0397 vLogitMean=0.6258 gNorm=0.328 lr=0.0668 ms=783.4 buf=500000 plies=75758613 games=1147316 rejected=0 skipped=0 epoch=0 mom=0.8891 lrCyc[pk=9.9e-01,tr=1.0e-03] trainerStep=8850
[LAYER-HEALTH] live trainerStep=8850 scope=batch_norm_state_only reluSites=9/10 ch=1040 dead=0 off=0 alwaysOn=0 worst=none maxBetaOverGamma=+1.39@policy.pre_bn[22] minBetaOverGamma=-1.48@value.bn[12] rvMaxOverMedian=71.1@stem.bn[90] rezero=none nonFinite=0
[REPLAY] step=8900 loss=3.5345 pLoss=2.7329 vLoss=0.7971 pEnt=2.879 pIllM=0.0045 playedP=0.163 pW=0.47 pD=0.06 pL=0.47 vAbs=0.236 pLogitMean=-7.0392 vLogitMean=0.6272 gNorm=0.355 lr=0.0742 ms=767.8 buf=500000 plies=76185223 games=1153759 rejected=0 skipped=0 epoch=0 mom=0.8876 lrCyc[pk=9.9e-01,tr=1.0e-03] trainerStep=8900
[LAYER-HEALTH] live trainerStep=8900 scope=batch_norm_state_only reluSites=9/10 ch=1040 dead=0 off=0 alwaysOn=0 worst=none maxBetaOverGamma=+1.40@policy.pre_bn[22] minBetaOverGamma=-1.50@value.bn[12] rvMaxOverMedian=71.7@stem.bn[90] rezero=none nonFinite=0
[REPLAY] step=8950 loss=3.5810 pLoss=2.7751 vLoss=0.8009 pEnt=2.869 pIllM=0.0050 playedP=0.167 pW=0.48 pD=0.07 pL=0.46 vAbs=0.244 pLogitMean=-7.0320 vLogitMean=0.6153 gNorm=0.357 lr=0.0824 ms=800.2 buf=500000 plies=76611905 games=1160162 rejected=0 skipped=0 epoch=0 mom=0.8861 lrCyc[pk=9.9e-01,tr=1.0e-03] trainerStep=8950
[LAYER-HEALTH] live trainerStep=8950 scope=batch_norm_state_only reluSites=9/10 ch=1040 dead=0 off=0 alwaysOn=0 worst=none maxBetaOverGamma=+1.39@policy.pre_bn[60] minBetaOverGamma=-1.47@value.bn[12] rvMaxOverMedian=70.4@stem.bn[90] rezero=none nonFinite=0
[REPLAY] step=9000 loss=3.5763 pLoss=2.7626 vLoss=0.8091 pEnt=2.878 pIllM=0.0046 playedP=0.165 pW=0.47 pD=0.06 pL=0.46 vAbs=0.246 pLogitMean=-7.0334 vLogitMean=0.6171 gNorm=0.336 lr=0.0914 ms=761.3 buf=500000 plies=77038547 games=1166650 rejected=0 skipped=0 epoch=0 mom=0.8846 lrCyc[pk=9.9e-01,tr=1.0e-03] trainerStep=9000
[LAYER-HEALTH] live trainerStep=9000 scope=batch_norm_state_only reluSites=9/10 ch=1040 dead=0 off=0 alwaysOn=0 worst=none maxBetaOverGamma=+1.39@policy.pre_bn[22] minBetaOverGamma=-1.50@value.bn[2] rvMaxOverMedian=70.3@stem.bn[90] rezero=none nonFinite=0
[REPLAY] saved trainer model (autosave) step=9000 trainerStep=9000 nextGame=1166650 shard=2 epoch=0 -> 20261005-lrBleaky-cyc1-replay-latest.safetensors
[LAYER-HEALTH] checkpoint replay-autosave step=9000 trainerStep=9000 scope=all_tensors reluSites=9/10 ch=1040 dead=0 off=0 alwaysOn=0 worst=none maxBetaOverGamma=+1.39@policy.pre_bn[22] minBetaOverGamma=-1.50@value.bn[2] rvMaxOverMedian=70.3@stem.bn[90] rezero=none nonFinite=0 seZeroVel=none valueFC1ZeroVel=0/128 maxAbs=11.43@blocks.0.bn2.running_var
[LAYER-HEALTH]   batch-norm sites — β/|γ|: dead < -3.00, mostly off < -2.00, always on > +3.00; classified for relu/leaky_relu only
[LAYER-HEALTH]     site            act            ch   dead    off     on  zeroγ nonfin  min β/|γ| [ch]     max β/|γ| [ch]     rv max/median [ch]
[LAYER-HEALTH]     stem.bn         -             128    n/a    n/a    n/a      0      0     -0.32 [85]         +0.19 [110]          70.3 [90]
[LAYER-HEALTH]     blocks.0.bn1    relu          128      0      0      0      0      0     -0.46 [21]         +0.13 [117]           2.6 [14]
[LAYER-HEALTH]     blocks.0.bn2    relu          128      0      0      0      0      0     -0.91 [6]          -0.04 [58]            4.2 [61]
[LAYER-HEALTH]     blocks.1.bn1    relu          128      0      0      0      0      0     -0.74 [11]         -0.07 [117]          12.2 [14]
[LAYER-HEALTH]     blocks.1.bn2    relu          128      0      0      0      0      0     -1.10 [29]         -0.28 [49]            2.5 [121]
[LAYER-HEALTH]     blocks.2.bn1    relu          128      0      0      0      0      0     -1.06 [11]         +0.22 [31]            6.4 [117]
[LAYER-HEALTH]     blocks.2.bn2    relu          128      0      0      0      0      0     -1.16 [95]         -0.09 [126]           3.3 [26]
[LAYER-HEALTH]     tower_final_bn  relu          128      0      0      0      0      0     -0.33 [120]        +0.79 [114]           4.5 [75]
[LAYER-HEALTH]     policy.pre_bn   relu          128      0      0      0      0      0     -0.63 [26]         +1.39 [22]            2.7 [60]
[LAYER-HEALTH]     value.bn        leaky_relu     16      0      0      0      0      0     -1.50 [2]          -0.68 [1]             2.5 [14]
[LAYER-HEALTH]   FC hidden-unit velocity — zero: every weight-velocity entry exactly 0; low: nonzero but < 5% of the layer's p90 unit norm
[LAYER-HEALTH]     value.fc1.weight  leaky_relu  units 128  zero 0  low 11  median unit norm 0.003087
[LAYER-HEALTH]     (no SE blocks)
[LAYER-HEALTH]   ReZero: none
[LAYER-HEALTH]   non-finite: 0 values in 0 of 102 tensors (10263038 values examined)
[LAYER-HEALTH]   largest |value|: blocks.0.bn2.running_var 11.43, blocks.0.bn2.running_mean 6.4, blocks.2.bn2.running_var 5.944, stem.bn.running_var 5.48, policy.conv.bias 5.294
[REPLAY] enumerated checkpoint -> 20261005-lrBleaky-cyc1-replay-step9000.safetensors
[REPLAY] step=9050 loss=3.5754 pLoss=2.7746 vLoss=0.7965 pEnt=2.868 pIllM=0.0043 playedP=0.168 pW=0.47 pD=0.06 pL=0.47 vAbs=0.239 pLogitMean=-7.0263 vLogitMean=0.6257 gNorm=0.353 lr=0.101 ms=811.6 buf=500000 plies=77465181 games=1173136 rejected=0 skipped=0 epoch=0 mom=0.8831 lrCyc[pk=9.9e-01,tr=1.0e-03] trainerStep=9050
[LAYER-HEALTH] live trainerStep=9050 scope=batch_norm_state_only reluSites=9/10 ch=1040 dead=0 off=0 alwaysOn=0 worst=none maxBetaOverGamma=+1.39@policy.pre_bn[60] minBetaOverGamma=-1.44@value.bn[12] rvMaxOverMedian=70.0@stem.bn[90] rezero=none nonFinite=0
[REPLAY] step=9100 loss=3.5267 pLoss=2.7169 vLoss=0.8053 pEnt=2.865 pIllM=0.0045 playedP=0.166 pW=0.47 pD=0.06 pL=0.46 vAbs=0.233 pLogitMean=-7.0246 vLogitMean=0.6215 gNorm=0.349 lr=0.112 ms=787.3 buf=500000 plies=77891858 games=1179611 rejected=0 skipped=0 epoch=0 mom=0.8816 lrCyc[pk=9.9e-01,tr=1.0e-03] trainerStep=9100
[LAYER-HEALTH] live trainerStep=9100 scope=batch_norm_state_only reluSites=9/10 ch=1040 dead=0 off=0 alwaysOn=0 worst=none maxBetaOverGamma=+1.39@policy.pre_bn[60] minBetaOverGamma=-1.51@value.bn[12] rvMaxOverMedian=69.2@stem.bn[90] rezero=none nonFinite=0
[REPLAY] step=9150 loss=3.5866 pLoss=2.7679 vLoss=0.8135 pEnt=2.855 pIllM=0.0052 playedP=0.167 pW=0.48 pD=0.07 pL=0.45 vAbs=0.238 pLogitMean=-7.0190 vLogitMean=0.6166 gNorm=0.332 lr=0.124 ms=794.4 buf=500000 plies=78318486 games=1186045 rejected=0 skipped=0 epoch=0 mom=0.8802 lrCyc[pk=9.9e-01,tr=1.0e-03] trainerStep=9150
[LAYER-HEALTH] live trainerStep=9150 scope=batch_norm_state_only reluSites=9/10 ch=1040 dead=0 off=0 alwaysOn=0 worst=none maxBetaOverGamma=+1.41@policy.pre_bn[22] minBetaOverGamma=-1.49@value.bn[2] rvMaxOverMedian=69.5@stem.bn[90] rezero=none nonFinite=0
[REPLAY] step=9200 loss=3.5504 pLoss=2.7462 vLoss=0.7992 pEnt=2.890 pIllM=0.0051 playedP=0.160 pW=0.47 pD=0.06 pL=0.47 vAbs=0.230 pLogitMean=-7.0192 vLogitMean=0.6225 gNorm=0.316 lr=0.137 ms=778.3 buf=500000 plies=78745141 games=1192506 rejected=0 skipped=0 epoch=0 mom=0.8787 lrCyc[pk=9.9e-01,tr=1.0e-03] trainerStep=9200
[LAYER-HEALTH] live trainerStep=9200 scope=batch_norm_state_only reluSites=9/10 ch=1040 dead=0 off=0 alwaysOn=0 worst=none maxBetaOverGamma=+1.38@policy.pre_bn[60] minBetaOverGamma=-1.50@value.bn[2] rvMaxOverMedian=68.7@stem.bn[90] rezero=none nonFinite=0
[REPLAY] step=9250 loss=3.5306 pLoss=2.7362 vLoss=0.7891 pEnt=2.891 pIllM=0.0053 playedP=0.161 pW=0.47 pD=0.06 pL=0.47 vAbs=0.256 pLogitMean=-7.0059 vLogitMean=0.6249 gNorm=0.383 lr=0.151 ms=773.0 buf=500000 plies=79171811 games=1198988 rejected=0 skipped=0 epoch=0 mom=0.8773 lrCyc[pk=9.9e-01,tr=1.0e-03] trainerStep=9250
[LAYER-HEALTH] live trainerStep=9250 scope=batch_norm_state_only reluSites=9/10 ch=1040 dead=0 off=0 alwaysOn=0 worst=none maxBetaOverGamma=+1.42@policy.pre_bn[22] minBetaOverGamma=-1.47@value.bn[2] rvMaxOverMedian=68.7@stem.bn[90] rezero=none nonFinite=0
[REPLAY] step=9300 loss=3.5577 pLoss=2.7437 vLoss=0.8089 pEnt=2.876 pIllM=0.0050 playedP=0.164 pW=0.46 pD=0.07 pL=0.47 vAbs=0.230 pLogitMean=-6.9977 vLogitMean=0.6264 gNorm=0.371 lr=0.166 ms=773.7 buf=500000 plies=79598445 games=1205484 rejected=0 skipped=0 epoch=0 mom=0.8759 lrCyc[pk=9.9e-01,tr=1.0e-03] trainerStep=9300
[LAYER-HEALTH] live trainerStep=9300 scope=batch_norm_state_only reluSites=9/10 ch=1040 dead=0 off=0 alwaysOn=0 worst=none maxBetaOverGamma=+1.44@policy.pre_bn[22] minBetaOverGamma=-1.48@value.bn[15] rvMaxOverMedian=68.2@stem.bn[90] rezero=none nonFinite=0
[REPLAY] step=9350 loss=3.5415 pLoss=2.7280 vLoss=0.8082 pEnt=2.878 pIllM=0.0053 playedP=0.165 pW=0.47 pD=0.07 pL=0.46 vAbs=0.235 pLogitMean=-6.9950 vLogitMean=0.6242 gNorm=0.339 lr=0.182 ms=767.5 buf=500000 plies=80025143 games=1211890 rejected=0 skipped=0 epoch=0 mom=0.8746 lrCyc[pk=9.9e-01,tr=1.0e-03] trainerStep=9350
[LAYER-HEALTH] live trainerStep=9350 scope=batch_norm_state_only reluSites=9/10 ch=1040 dead=0 off=0 alwaysOn=0 worst=none maxBetaOverGamma=+1.48@policy.pre_bn[22] minBetaOverGamma=-1.48@value.bn[15] rvMaxOverMedian=68.4@stem.bn[90] rezero=none nonFinite=0
[REPLAY] step=9400 loss=3.5159 pLoss=2.7109 vLoss=0.7996 pEnt=2.857 pIllM=0.0053 playedP=0.168 pW=0.47 pD=0.07 pL=0.46 vAbs=0.247 pLogitMean=-6.9802 vLogitMean=0.6249 gNorm=0.333 lr=0.2 ms=782.3 buf=500000 plies=80451741 games=1218309 rejected=0 skipped=0 epoch=0 mom=0.8732 lrCyc[pk=9.9e-01,tr=1.0e-03] trainerStep=9400
[LAYER-HEALTH] live trainerStep=9400 scope=batch_norm_state_only reluSites=9/10 ch=1040 dead=0 off=0 alwaysOn=0 worst=none maxBetaOverGamma=+1.45@policy.pre_bn[22] minBetaOverGamma=-1.47@value.bn[2] rvMaxOverMedian=68.6@stem.bn[90] rezero=none nonFinite=0
[REPLAY] step=9450 loss=3.5790 pLoss=2.7606 vLoss=0.8129 pEnt=2.872 pIllM=0.0055 playedP=0.164 pW=0.48 pD=0.08 pL=0.45 vAbs=0.228 pLogitMean=-6.9848 vLogitMean=0.6238 gNorm=0.307 lr=0.219 ms=758.5 buf=500000 plies=80878416 games=1224780 rejected=0 skipped=0 epoch=0 mom=0.8719 lrCyc[pk=9.9e-01,tr=1.0e-03] trainerStep=9450
[LAYER-HEALTH] live trainerStep=9450 scope=batch_norm_state_only reluSites=9/10 ch=1040 dead=0 off=0 alwaysOn=0 worst=none maxBetaOverGamma=+1.47@policy.pre_bn[22] minBetaOverGamma=-1.43@value.bn[8] rvMaxOverMedian=68.1@stem.bn[90] rezero=none nonFinite=0
[REPLAY] step=9500 loss=3.5547 pLoss=2.7474 vLoss=0.8018 pEnt=2.884 pIllM=0.0055 playedP=0.163 pW=0.47 pD=0.06 pL=0.46 vAbs=0.230 pLogitMean=-6.9853 vLogitMean=0.6214 gNorm=0.339 lr=0.239 ms=770.0 buf=500000 plies=81305091 games=1231190 rejected=0 skipped=0 epoch=0 mom=0.8706 lrCyc[pk=9.9e-01,tr=1.0e-03] trainerStep=9500
[LAYER-HEALTH] live trainerStep=9500 scope=batch_norm_state_only reluSites=9/10 ch=1040 dead=0 off=0 alwaysOn=0 worst=none maxBetaOverGamma=+1.45@policy.pre_bn[22] minBetaOverGamma=-1.48@value.bn[8] rvMaxOverMedian=66.2@stem.bn[90] rezero=none nonFinite=0
[REPLAY] step=9550 loss=3.5940 pLoss=2.7781 vLoss=0.8108 pEnt=2.911 pIllM=0.0050 playedP=0.160 pW=0.48 pD=0.06 pL=0.46 vAbs=0.228 pLogitMean=-6.9843 vLogitMean=0.6252 gNorm=0.338 lr=0.261 ms=769.3 buf=500000 plies=81731692 games=1237687 rejected=0 skipped=0 epoch=0 mom=0.8694 lrCyc[pk=9.9e-01,tr=1.0e-03] trainerStep=9550
[LAYER-HEALTH] live trainerStep=9550 scope=batch_norm_state_only reluSites=9/10 ch=1040 dead=0 off=0 alwaysOn=0 worst=none maxBetaOverGamma=+1.49@policy.pre_bn[22] minBetaOverGamma=-1.51@value.bn[2] rvMaxOverMedian=64.6@stem.bn[90] rezero=none nonFinite=0
[REPLAY] step=9600 loss=3.5380 pLoss=2.7387 vLoss=0.7933 pEnt=2.845 pIllM=0.0060 playedP=0.168 pW=0.49 pD=0.06 pL=0.45 vAbs=0.245 pLogitMean=-6.9743 vLogitMean=0.6173 gNorm=0.339 lr=0.284 ms=781.5 buf=500000 plies=82158329 games=1244138 rejected=0 skipped=0 epoch=0 mom=0.8682 lrCyc[pk=9.9e-01,tr=1.0e-03] trainerStep=9600
[LAYER-HEALTH] live trainerStep=9600 scope=batch_norm_state_only reluSites=9/10 ch=1040 dead=0 off=0 alwaysOn=0 worst=none maxBetaOverGamma=+1.44@policy.pre_bn[22] minBetaOverGamma=-1.58@value.bn[2] rvMaxOverMedian=63.1@stem.bn[90] rezero=none nonFinite=0
[REPLAY] step=9650 loss=3.5448 pLoss=2.7319 vLoss=0.8058 pEnt=2.853 pIllM=0.0071 playedP=0.167 pW=0.47 pD=0.07 pL=0.46 vAbs=0.235 pLogitMean=-6.9882 vLogitMean=0.6224 gNorm=0.368 lr=0.308 ms=770.3 buf=500000 plies=82585049 games=1250562 rejected=0 skipped=0 epoch=0 mom=0.8670 lrCyc[pk=9.9e-01,tr=1.0e-03] trainerStep=9650
[LAYER-HEALTH] live trainerStep=9650 scope=batch_norm_state_only reluSites=9/10 ch=1040 dead=0 off=0 alwaysOn=0 worst=none maxBetaOverGamma=+1.51@policy.pre_bn[22] minBetaOverGamma=-1.65@value.bn[2] rvMaxOverMedian=60.9@stem.bn[90] rezero=none nonFinite=0
[REPLAY] step=9700 loss=3.5894 pLoss=2.7818 vLoss=0.8014 pEnt=2.836 pIllM=0.0062 playedP=0.169 pW=0.48 pD=0.07 pL=0.45 vAbs=0.252 pLogitMean=-6.9782 vLogitMean=0.6163 gNorm=0.397 lr=0.334 ms=762.6 buf=500000 plies=83011639 games=1257007 rejected=0 skipped=0 epoch=0 mom=0.8658 lrCyc[pk=9.9e-01,tr=1.0e-03] trainerStep=9700
[LAYER-HEALTH] live trainerStep=9700 scope=batch_norm_state_only reluSites=9/10 ch=1040 dead=0 off=0 alwaysOn=0 worst=none maxBetaOverGamma=+1.48@policy.pre_bn[22] minBetaOverGamma=-1.58@value.bn[2] rvMaxOverMedian=60.0@stem.bn[90] rezero=none nonFinite=0
[REPLAY] step=9750 loss=3.5563 pLoss=2.7400 vLoss=0.8096 pEnt=2.870 pIllM=0.0067 playedP=0.162 pW=0.46 pD=0.07 pL=0.47 vAbs=0.229 pLogitMean=-6.9837 vLogitMean=0.6113 gNorm=0.401 lr=0.361 ms=775.0 buf=500000 plies=83438397 games=1263433 rejected=0 skipped=0 epoch=0 mom=0.8647 lrCyc[pk=9.9e-01,tr=1.0e-03] trainerStep=9750
[LAYER-HEALTH] live trainerStep=9750 scope=batch_norm_state_only reluSites=9/10 ch=1040 dead=0 off=0 alwaysOn=0 worst=none maxBetaOverGamma=+1.48@policy.pre_bn[22] minBetaOverGamma=-1.50@value.bn[2] rvMaxOverMedian=60.2@stem.bn[90] rezero=none nonFinite=0
[REPLAY] step=9800 loss=3.6320 pLoss=2.8242 vLoss=0.8007 pEnt=2.817 pIllM=0.0071 playedP=0.175 pW=0.48 pD=0.07 pL=0.45 vAbs=0.217 pLogitMean=-6.9979 vLogitMean=0.6067 gNorm=0.395 lr=0.389 ms=786.1 buf=500000 plies=83864962 games=1269939 rejected=0 skipped=0 epoch=0 mom=0.8636 lrCyc[pk=9.9e-01,tr=1.0e-03] trainerStep=9800
[LAYER-HEALTH] live trainerStep=9800 scope=batch_norm_state_only reluSites=9/10 ch=1040 dead=0 off=0 alwaysOn=0 worst=none maxBetaOverGamma=+1.50@policy.pre_bn[22] minBetaOverGamma=-1.44@value.bn[2] rvMaxOverMedian=58.7@stem.bn[90] rezero=none nonFinite=0
[REPLAY] step=9850 loss=3.5599 pLoss=2.7389 vLoss=0.8138 pEnt=2.868 pIllM=0.0073 playedP=0.161 pW=0.47 pD=0.06 pL=0.47 vAbs=0.266 pLogitMean=-7.0038 vLogitMean=0.6135 gNorm=0.447 lr=0.419 ms=775.7 buf=500000 plies=84291668 games=1276414 rejected=0 skipped=0 epoch=0 mom=0.8625 lrCyc[pk=9.9e-01,tr=1.0e-03] trainerStep=9850
[LAYER-HEALTH] live trainerStep=9850 scope=batch_norm_state_only reluSites=9/10 ch=1040 dead=0 off=0 alwaysOn=0 worst=none maxBetaOverGamma=+1.49@policy.pre_bn[22] minBetaOverGamma=-1.42@value.bn[2] rvMaxOverMedian=56.7@stem.bn[90] rezero=none nonFinite=0
[REPLAY] step=9900 loss=3.5467 pLoss=2.7352 vLoss=0.8046 pEnt=2.873 pIllM=0.0069 playedP=0.161 pW=0.45 pD=0.07 pL=0.48 vAbs=0.247 pLogitMean=-7.0285 vLogitMean=0.6141 gNorm=0.414 lr=0.449 ms=787.5 buf=500000 plies=84718221 games=1282805 rejected=0 skipped=0 epoch=0 mom=0.8615 lrCyc[pk=9.9e-01,tr=1.0e-03] trainerStep=9900
[LAYER-HEALTH] live trainerStep=9900 scope=batch_norm_state_only reluSites=9/10 ch=1040 dead=0 off=0 alwaysOn=0 worst=none maxBetaOverGamma=+1.46@policy.pre_bn[22] minBetaOverGamma=-1.41@value.bn[4] rvMaxOverMedian=55.8@stem.bn[90] rezero=none nonFinite=0
[REPLAY] step=9950 loss=3.6190 pLoss=2.7969 vLoss=0.8147 pEnt=2.866 pIllM=0.0074 playedP=0.161 pW=0.46 pD=0.07 pL=0.46 vAbs=0.227 pLogitMean=-7.0538 vLogitMean=0.6195 gNorm=0.421 lr=0.481 ms=773.1 buf=500000 plies=85144934 games=1289302 rejected=0 skipped=0 epoch=0 mom=0.8605 lrCyc[pk=9.9e-01,tr=1.0e-03] trainerStep=9950
[LAYER-HEALTH] live trainerStep=9950 scope=batch_norm_state_only reluSites=9/10 ch=1040 dead=0 off=0 alwaysOn=0 worst=none maxBetaOverGamma=+1.50@policy.pre_bn[22] minBetaOverGamma=-1.58@value.bn[4] rvMaxOverMedian=54.4@stem.bn[90] rezero=none nonFinite=0
[REPLAY] step=10000 loss=3.5674 pLoss=2.7479 vLoss=0.8111 pEnt=2.857 pIllM=0.0085 playedP=0.162 pW=0.46 pD=0.07 pL=0.48 vAbs=0.237 pLogitMean=-7.0915 vLogitMean=0.6178 gNorm=0.370 lr=0.513 ms=793.2 buf=500000 plies=85571543 games=1295809 rejected=0 skipped=0 epoch=0 mom=0.8596 lrCyc[pk=9.9e-01,tr=1.0e-03] trainerStep=10000
[LAYER-HEALTH] live trainerStep=10000 scope=batch_norm_state_only reluSites=9/10 ch=1040 dead=0 off=0 alwaysOn=0 worst=none maxBetaOverGamma=+1.44@policy.pre_bn[22] minBetaOverGamma=-1.59@value.bn[4] rvMaxOverMedian=52.6@stem.bn[90] rezero=none nonFinite=0
[REPLAY] saved trainer model (autosave) step=10000 trainerStep=10000 nextGame=1295809 shard=2 epoch=0 -> 20261005-lrBleaky-cyc1-replay-latest.safetensors
[LAYER-HEALTH] checkpoint replay-autosave step=10000 trainerStep=10000 scope=all_tensors reluSites=9/10 ch=1040 dead=0 off=0 alwaysOn=0 worst=none maxBetaOverGamma=+1.44@policy.pre_bn[22] minBetaOverGamma=-1.59@value.bn[4] rvMaxOverMedian=52.6@stem.bn[90] rezero=none nonFinite=0 seZeroVel=none valueFC1ZeroVel=0/128 maxAbs=10.61@blocks.0.bn2.running_var
[LAYER-HEALTH]   batch-norm sites — β/|γ|: dead < -3.00, mostly off < -2.00, always on > +3.00; classified for relu/leaky_relu only
[LAYER-HEALTH]     site            act            ch   dead    off     on  zeroγ nonfin  min β/|γ| [ch]     max β/|γ| [ch]     rv max/median [ch]
[LAYER-HEALTH]     stem.bn         -             128    n/a    n/a    n/a      0      0     -0.37 [85]         +0.20 [110]          52.6 [90]
[LAYER-HEALTH]     blocks.0.bn1    relu          128      0      0      0      0      0     -0.50 [21]         +0.15 [18]            2.7 [14]
[LAYER-HEALTH]     blocks.0.bn2    relu          128      0      0      0      0      0     -0.92 [6]          -0.05 [58]            4.4 [97]
[LAYER-HEALTH]     blocks.1.bn1    relu          128      0      0      0      0      0     -0.86 [11]         -0.10 [117]          13.8 [14]
[LAYER-HEALTH]     blocks.1.bn2    relu          128      0      0      0      0      0     -1.21 [29]         -0.31 [91]            2.8 [49]
[LAYER-HEALTH]     blocks.2.bn1    relu          128      0      0      0      0      0     -1.24 [11]         +0.20 [31]            6.3 [3]
[LAYER-HEALTH]     blocks.2.bn2    relu          128      0      0      0      0      0     -1.25 [95]         -0.09 [126]           3.3 [26]
[LAYER-HEALTH]     tower_final_bn  relu          128      0      0      0      0      0     -0.34 [120]        +0.87 [63]            4.2 [75]
[LAYER-HEALTH]     policy.pre_bn   relu          128      0      0      0      0      0     -0.68 [26]         +1.44 [22]            2.7 [60]
[LAYER-HEALTH]     value.bn        leaky_relu     16      0      0      0      0      0     -1.59 [4]          -0.83 [7]             2.3 [14]
[LAYER-HEALTH]   FC hidden-unit velocity — zero: every weight-velocity entry exactly 0; low: nonzero but < 5% of the layer's p90 unit norm
[LAYER-HEALTH]     value.fc1.weight  leaky_relu  units 128  zero 0  low 10  median unit norm 0.003108
[LAYER-HEALTH]     (no SE blocks)
[LAYER-HEALTH]   ReZero: none
[LAYER-HEALTH]   non-finite: 0 values in 0 of 102 tensors (10263038 values examined)
[LAYER-HEALTH]   largest |value|: blocks.0.bn2.running_var 10.61, blocks.0.bn2.running_mean 6.166, policy.conv.bias 5.283, blocks.1.bn2.running_var 4.947, blocks.2.bn2.running_var 4.864
[REPLAY] enumerated checkpoint -> 20261005-lrBleaky-cyc1-replay-step10000.safetensors
[REPLAY] step=10050 loss=3.6198 pLoss=2.8079 vLoss=0.8031 pEnt=2.840 pIllM=0.0088 playedP=0.168 pW=0.48 pD=0.07 pL=0.45 vAbs=0.219 pLogitMean=-7.1224 vLogitMean=0.6081 gNorm=0.450 lr=0.546 ms=775.0 buf=500000 plies=85998202 games=1302269 rejected=0 skipped=0 epoch=0 mom=0.8587 lrCyc[pk=9.9e-01,tr=1.0e-03] trainerStep=10050
[LAYER-HEALTH] live trainerStep=10050 scope=batch_norm_state_only reluSites=9/10 ch=1040 dead=0 off=0 alwaysOn=0 worst=none maxBetaOverGamma=+1.46@policy.pre_bn[60] minBetaOverGamma=-1.64@value.bn[2] rvMaxOverMedian=50.1@stem.bn[90] rezero=none nonFinite=0
[REPLAY] step=10100 loss=3.6176 pLoss=2.8110 vLoss=0.7992 pEnt=2.869 pIllM=0.0074 playedP=0.160 pW=0.49 pD=0.06 pL=0.45 vAbs=0.223 pLogitMean=-7.1566 vLogitMean=0.6133 gNorm=0.400 lr=0.579 ms=889.2 buf=500000 plies=86424921 games=1308762 rejected=0 skipped=0 epoch=0 mom=0.8578 lrCyc[pk=9.9e-01,tr=1.0e-03] trainerStep=10100
[LAYER-HEALTH] live trainerStep=10100 scope=batch_norm_state_only reluSites=9/10 ch=1040 dead=0 off=0 alwaysOn=0 worst=none maxBetaOverGamma=+1.45@policy.pre_bn[60] minBetaOverGamma=-1.90@value.bn[2] rvMaxOverMedian=47.8@stem.bn[90] rezero=none nonFinite=0
[REPLAY] step=10150 loss=3.5591 pLoss=2.7479 vLoss=0.8034 pEnt=2.857 pIllM=0.0078 playedP=0.164 pW=0.47 pD=0.07 pL=0.47 vAbs=0.243 pLogitMean=-7.2039 vLogitMean=0.6153 gNorm=0.426 lr=0.613 ms=793.5 buf=500000 plies=86851469 games=1315257 rejected=0 skipped=0 epoch=0 mom=0.8570 lrCyc[pk=9.9e-01,tr=1.0e-03] trainerStep=10150
[LAYER-HEALTH] live trainerStep=10150 scope=batch_norm_state_only reluSites=9/10 ch=1040 dead=0 off=0 alwaysOn=0 worst=none maxBetaOverGamma=+1.47@policy.pre_bn[22] minBetaOverGamma=-1.59@value.bn[2] rvMaxOverMedian=45.8@stem.bn[90] rezero=none nonFinite=0
[REPLAY] step=10200 loss=3.6269 pLoss=2.8081 vLoss=0.8093 pEnt=2.837 pIllM=0.0096 playedP=0.161 pW=0.49 pD=0.07 pL=0.45 vAbs=0.245 pLogitMean=-7.2295 vLogitMean=0.6251 gNorm=0.547 lr=0.647 ms=795.4 buf=500000 plies=87278124 games=1321726 rejected=0 skipped=0 epoch=0 mom=0.8562 lrCyc[pk=9.9e-01,tr=1.0e-03] trainerStep=10200
[LAYER-HEALTH] live trainerStep=10200 scope=batch_norm_state_only reluSites=9/10 ch=1040 dead=0 off=0 alwaysOn=0 worst=none maxBetaOverGamma=+1.45@policy.pre_bn[22] minBetaOverGamma=-1.73@value.bn[2] rvMaxOverMedian=42.9@stem.bn[90] rezero=none nonFinite=0
[REPLAY] step=10250 loss=3.6247 pLoss=2.7962 vLoss=0.8200 pEnt=2.848 pIllM=0.0085 playedP=0.165 pW=0.50 pD=0.07 pL=0.43 vAbs=0.229 pLogitMean=-7.2963 vLogitMean=0.6245 gNorm=0.410 lr=0.681 ms=805.3 buf=500000 plies=87704782 games=1328103 rejected=0 skipped=0 epoch=0 mom=0.8555 lrCyc[pk=9.9e-01,tr=1.0e-03] trainerStep=10250
[LAYER-HEALTH] live trainerStep=10250 scope=batch_norm_state_only reluSites=9/10 ch=1040 dead=0 off=0 alwaysOn=0 worst=none maxBetaOverGamma=+1.48@policy.pre_bn[22] minBetaOverGamma=-1.54@value.bn[2] rvMaxOverMedian=40.3@stem.bn[90] rezero=none nonFinite=0
[REPLAY] step=10300 loss=3.6193 pLoss=2.8138 vLoss=0.7954 pEnt=2.828 pIllM=0.0101 playedP=0.165 pW=0.47 pD=0.07 pL=0.46 vAbs=0.250 pLogitMean=-7.3381 vLogitMean=0.6271 gNorm=0.460 lr=0.714 ms=802.2 buf=500000 plies=88131505 games=1334539 rejected=0 skipped=0 epoch=0 mom=0.8548 lrCyc[pk=9.9e-01,tr=1.0e-03] trainerStep=10300
[LAYER-HEALTH] live trainerStep=10300 scope=batch_norm_state_only reluSites=9/10 ch=1040 dead=0 off=0 alwaysOn=0 worst=none maxBetaOverGamma=+1.50@policy.pre_bn[22] minBetaOverGamma=-1.37@blocks.2.bn1[11] rvMaxOverMedian=37.3@stem.bn[90] rezero=none nonFinite=0
[REPLAY] step=10350 loss=3.5622 pLoss=2.7718 vLoss=0.7827 pEnt=2.876 pIllM=0.0077 playedP=0.160 pW=0.47 pD=0.06 pL=0.47 vAbs=0.255 pLogitMean=-7.4221 vLogitMean=0.6180 gNorm=0.428 lr=0.746 ms=802.2 buf=500000 plies=88558079 games=1340999 rejected=0 skipped=0 epoch=0 mom=0.8542 lrCyc[pk=9.9e-01,tr=1.0e-03] trainerStep=10350
[LAYER-HEALTH] live trainerStep=10350 scope=batch_norm_state_only reluSites=9/10 ch=1040 dead=0 off=0 alwaysOn=0 worst=none maxBetaOverGamma=+1.62@policy.pre_bn[22] minBetaOverGamma=-1.65@value.bn[2] rvMaxOverMedian=33.6@stem.bn[90] rezero=none nonFinite=0
[REPLAY] step=10400 loss=3.5759 pLoss=2.7796 vLoss=0.7867 pEnt=2.854 pIllM=0.0096 playedP=0.163 pW=0.48 pD=0.07 pL=0.45 vAbs=0.243 pLogitMean=-7.4890 vLogitMean=0.6080 gNorm=0.373 lr=0.778 ms=837.2 buf=500000 plies=88984731 games=1347464 rejected=0 skipped=0 epoch=0 mom=0.8536 lrCyc[pk=9.9e-01,tr=1.0e-03] trainerStep=10400
[LAYER-HEALTH] live trainerStep=10400 scope=batch_norm_state_only reluSites=9/10 ch=1040 dead=0 off=0 alwaysOn=0 worst=none maxBetaOverGamma=+1.64@policy.pre_bn[22] minBetaOverGamma=-1.63@value.bn[2] rvMaxOverMedian=29.8@stem.bn[90] rezero=none nonFinite=0
[REPLAY] step=10450 loss=3.5018 pLoss=2.6935 vLoss=0.7988 pEnt=2.859 pIllM=0.0095 playedP=0.161 pW=0.46 pD=0.07 pL=0.47 vAbs=0.268 pLogitMean=-7.5647 vLogitMean=0.6135 gNorm=0.349 lr=0.808 ms=809.8 buf=500000 plies=89411418 games=1353844 rejected=0 skipped=0 epoch=0 mom=0.8530 lrCyc[pk=9.9e-01,tr=1.0e-03] trainerStep=10450
[LAYER-HEALTH] live trainerStep=10450 scope=batch_norm_state_only reluSites=9/10 ch=1040 dead=0 off=0 alwaysOn=0 worst=none maxBetaOverGamma=+1.63@policy.pre_bn[22] minBetaOverGamma=-1.58@value.bn[2] rvMaxOverMedian=27.4@stem.bn[90] rezero=none nonFinite=0
[REPLAY] step=10500 loss=3.5665 pLoss=2.7613 vLoss=0.7957 pEnt=2.868 pIllM=0.0095 playedP=0.158 pW=0.47 pD=0.06 pL=0.47 vAbs=0.258 pLogitMean=-7.6464 vLogitMean=0.5983 gNorm=0.424 lr=0.837 ms=788.5 buf=500000 plies=89838044 games=1360303 rejected=0 skipped=0 epoch=0 mom=0.8525 lrCyc[pk=9.9e-01,tr=1.0e-03] trainerStep=10500
[LAYER-HEALTH] live trainerStep=10500 scope=batch_norm_state_only reluSites=9/10 ch=1040 dead=0 off=0 alwaysOn=0 worst=none maxBetaOverGamma=+1.71@policy.pre_bn[22] minBetaOverGamma=-1.42@blocks.2.bn1[11] rvMaxOverMedian=24.4@stem.bn[90] rezero=none nonFinite=0
[REPLAY] step=10550 loss=3.5460 pLoss=2.7583 vLoss=0.7769 pEnt=2.840 pIllM=0.0108 playedP=0.164 pW=0.49 pD=0.07 pL=0.45 vAbs=0.251 pLogitMean=-7.7116 vLogitMean=0.5952 gNorm=0.356 lr=0.864 ms=886.1 buf=500000 plies=90264727 games=1366660 rejected=0 skipped=0 epoch=0 mom=0.8520 lrCyc[pk=9.9e-01,tr=1.0e-03] trainerStep=10550
[LAYER-HEALTH] live trainerStep=10550 scope=batch_norm_state_only reluSites=9/10 ch=1040 dead=0 off=0 alwaysOn=0 worst=none maxBetaOverGamma=+1.66@policy.pre_bn[22] minBetaOverGamma=-1.50@value.bn[2] rvMaxOverMedian=21.8@stem.bn[90] rezero=none nonFinite=0
[REPLAY] step=10600 loss=3.5916 pLoss=2.7757 vLoss=0.8062 pEnt=2.847 pIllM=0.0096 playedP=0.159 pW=0.50 pD=0.07 pL=0.43 vAbs=0.261 pLogitMean=-7.8508 vLogitMean=0.5849 gNorm=0.493 lr=0.889 ms=799.7 buf=500000 plies=90691353 games=1373120 rejected=0 skipped=0 epoch=0 mom=0.8516 lrCyc[pk=9.9e-01,tr=1.0e-03] trainerStep=10600
[LAYER-HEALTH] live trainerStep=10600 scope=batch_norm_state_only reluSites=9/10 ch=1040 dead=0 off=0 alwaysOn=0 worst=none maxBetaOverGamma=+1.71@policy.pre_bn[22] minBetaOverGamma=-1.56@value.bn[2] rvMaxOverMedian=18.1@stem.bn[90] rezero=none nonFinite=0
[REPLAY] step=10650 loss=3.5608 pLoss=2.7589 vLoss=0.7920 pEnt=2.868 pIllM=0.0099 playedP=0.154 pW=0.46 pD=0.07 pL=0.46 vAbs=0.234 pLogitMean=-7.9265 vLogitMean=0.5882 gNorm=0.351 lr=0.912 ms=843.1 buf=500000 plies=91118005 games=1379508 rejected=0 skipped=0 epoch=0 mom=0.8513 lrCyc[pk=9.9e-01,tr=1.0e-03] trainerStep=10650
[LAYER-HEALTH] live trainerStep=10650 scope=batch_norm_state_only reluSites=9/10 ch=1040 dead=0 off=0 alwaysOn=0 worst=none maxBetaOverGamma=+1.63@policy.pre_bn[22] minBetaOverGamma=-1.52@blocks.2.bn1[11] rvMaxOverMedian=18.7@blocks.1.bn1[14] rezero=none nonFinite=0
[REPLAY] step=10700 loss=3.7043 pLoss=2.8771 vLoss=0.8139 pEnt=2.868 pIllM=0.0133 playedP=0.153 pW=0.54 pD=0.06 pL=0.40 vAbs=0.244 pLogitMean=-8.0015 vLogitMean=0.5937 gNorm=0.540 lr=0.932 ms=802.8 buf=500000 plies=91544641 games=1385939 rejected=0 skipped=0 epoch=0 mom=0.8509 lrCyc[pk=9.9e-01,tr=1.0e-03] trainerStep=10700
[LAYER-HEALTH] live trainerStep=10700 scope=batch_norm_state_only reluSites=9/10 ch=1040 dead=0 off=0 alwaysOn=0 worst=none maxBetaOverGamma=+1.64@policy.pre_bn[22] minBetaOverGamma=-1.52@value.bn[2] rvMaxOverMedian=19.1@blocks.1.bn1[14] rezero=none nonFinite=0
[REPLAY] step=10750 loss=3.6356 pLoss=2.8254 vLoss=0.7988 pEnt=2.830 pIllM=0.0114 playedP=0.164 pW=0.49 pD=0.07 pL=0.44 vAbs=0.231 pLogitMean=-8.1140 vLogitMean=0.5945 gNorm=0.438 lr=0.95 ms=801.5 buf=500000 plies=91971321 games=1392418 rejected=0 skipped=0 epoch=0 mom=0.8507 lrCyc[pk=9.9e-01,tr=1.0e-03] trainerStep=10750
[LAYER-HEALTH] live trainerStep=10750 scope=batch_norm_state_only reluSites=9/10 ch=1040 dead=0 off=0 alwaysOn=0 worst=none maxBetaOverGamma=+1.51@policy.pre_bn[22] minBetaOverGamma=-1.54@value.bn[2] rvMaxOverMedian=19.7@blocks.1.bn1[14] rezero=none nonFinite=0
[REPLAY] step=10800 loss=3.5753 pLoss=2.7505 vLoss=0.8152 pEnt=2.866 pIllM=0.0096 playedP=0.152 pW=0.47 pD=0.08 pL=0.45 vAbs=0.265 pLogitMean=-8.2356 vLogitMean=0.5993 gNorm=0.481 lr=0.964 ms=766.5 buf=500000 plies=92397926 games=1398905 rejected=0 skipped=0 epoch=0 mom=0.8504 lrCyc[pk=9.9e-01,tr=1.0e-03] trainerStep=10800
[LAYER-HEALTH] live trainerStep=10800 scope=batch_norm_state_only reluSites=9/10 ch=1040 dead=0 off=0 alwaysOn=0 worst=none maxBetaOverGamma=+1.58@policy.pre_bn[22] minBetaOverGamma=-1.69@value.bn[2] rvMaxOverMedian=19.7@blocks.1.bn1[14] rezero=none nonFinite=0
[REPLAY] step=10850 loss=3.6143 pLoss=2.8117 vLoss=0.7934 pEnt=2.819 pIllM=0.0092 playedP=0.168 pW=0.48 pD=0.07 pL=0.46 vAbs=0.236 pLogitMean=-8.3403 vLogitMean=0.6015 gNorm=0.359 lr=0.976 ms=1355.5 buf=500000 plies=92824634 games=1405319 rejected=0 skipped=0 epoch=0 mom=0.8503 lrCyc[pk=9.9e-01,tr=1.0e-03] trainerStep=10850
[LAYER-HEALTH] live trainerStep=10850 scope=batch_norm_state_only reluSites=9/10 ch=1040 dead=0 off=0 alwaysOn=0 worst=none maxBetaOverGamma=+1.60@policy.pre_bn[22] minBetaOverGamma=-1.62@value.bn[2] rvMaxOverMedian=19.9@blocks.1.bn1[14] rezero=none nonFinite=0
[REPLAY] step=10900 loss=3.5283 pLoss=2.7222 vLoss=0.7965 pEnt=2.863 pIllM=0.0096 playedP=0.158 pW=0.44 pD=0.07 pL=0.49 vAbs=0.270 pLogitMean=-8.3885 vLogitMean=0.6060 gNorm=0.428 lr=0.984 ms=1579.6 buf=500000 plies=93251291 games=1411767 rejected=0 skipped=0 epoch=0 mom=0.8501 lrCyc[pk=9.9e-01,tr=1.0e-03] trainerStep=10900
[LAYER-HEALTH] live trainerStep=10900 scope=batch_norm_state_only reluSites=9/10 ch=1040 dead=0 off=0 alwaysOn=0 worst=none maxBetaOverGamma=+1.60@policy.pre_bn[22] minBetaOverGamma=-1.60@blocks.2.bn1[11] rvMaxOverMedian=20.7@blocks.1.bn1[14] rezero=none nonFinite=0
[REPLAY] step=10950 loss=3.5733 pLoss=2.7663 vLoss=0.7979 pEnt=2.872 pIllM=0.0090 playedP=0.162 pW=0.46 pD=0.07 pL=0.47 vAbs=0.225 pLogitMean=-8.4768 vLogitMean=0.6018 gNorm=0.333 lr=0.989 ms=2077.4 buf=500000 plies=93677883 games=1418260 rejected=0 skipped=0 epoch=0 mom=0.8501 lrCyc[pk=9.9e-01,tr=1.0e-03] trainerStep=10950
[LAYER-HEALTH] live trainerStep=10950 scope=batch_norm_state_only reluSites=9/10 ch=1040 dead=0 off=0 alwaysOn=0 worst=none maxBetaOverGamma=+1.67@policy.pre_bn[22] minBetaOverGamma=-1.56@blocks.2.bn1[11] rvMaxOverMedian=20.2@blocks.1.bn1[14] rezero=none nonFinite=0
[REPLAY] step=11000 loss=3.5503 pLoss=2.7561 vLoss=0.7845 pEnt=2.853 pIllM=0.0098 playedP=0.159 pW=0.45 pD=0.06 pL=0.49 vAbs=0.238 pLogitMean=-8.5861 vLogitMean=0.6007 gNorm=0.373 lr=0.991 ms=1588.1 buf=500000 plies=94104542 games=1424661 rejected=0 skipped=0 epoch=0 mom=0.8500 lrCyc[pk=9.9e-01,tr=1.0e-03] trainerStep=11000
[LAYER-HEALTH] live trainerStep=11000 scope=batch_norm_state_only reluSites=9/10 ch=1040 dead=0 off=0 alwaysOn=0 worst=none maxBetaOverGamma=+1.72@policy.pre_bn[22] minBetaOverGamma=-1.60@blocks.2.bn1[11] rvMaxOverMedian=21.3@blocks.1.bn1[14] rezero=none nonFinite=0
[REPLAY] saved trainer model (autosave) step=11000 trainerStep=11000 nextGame=1424661 shard=3 epoch=0 -> 20261005-lrBleaky-cyc1-replay-latest.safetensors
[LAYER-HEALTH] checkpoint replay-autosave step=11000 trainerStep=11000 scope=all_tensors reluSites=9/10 ch=1040 dead=0 off=0 alwaysOn=0 worst=none maxBetaOverGamma=+1.72@policy.pre_bn[22] minBetaOverGamma=-1.60@blocks.2.bn1[11] rvMaxOverMedian=21.3@blocks.1.bn1[14] rezero=none nonFinite=0 seZeroVel=none valueFC1ZeroVel=0/128 maxAbs=13.33@blocks.0.bn2.running_var
[LAYER-HEALTH]   batch-norm sites — β/|γ|: dead < -3.00, mostly off < -2.00, always on > +3.00; classified for relu/leaky_relu only
[LAYER-HEALTH]     site            act            ch   dead    off     on  zeroγ nonfin  min β/|γ| [ch]     max β/|γ| [ch]     rv max/median [ch]
[LAYER-HEALTH]     stem.bn         -             128    n/a    n/a    n/a      0      0     -0.55 [85]         +0.26 [110]           4.0 [86]
[LAYER-HEALTH]     blocks.0.bn1    relu          128      0      0      0      0      0     -0.63 [86]         +0.22 [18]            3.3 [14]
[LAYER-HEALTH]     blocks.0.bn2    relu          128      0      0      0      0      0     -1.10 [126]        -0.09 [58]            4.8 [97]
[LAYER-HEALTH]     blocks.1.bn1    relu          128      0      0      0      0      0     -1.02 [11]         -0.21 [41]           21.3 [14]
[LAYER-HEALTH]     blocks.1.bn2    relu          128      0      0      0      0      0     -1.53 [29]         -0.44 [49]            4.9 [49]
[LAYER-HEALTH]     blocks.2.bn1    relu          128      0      0      0      0      0     -1.60 [11]         +0.18 [31]            8.8 [125]
[LAYER-HEALTH]     blocks.2.bn2    relu          128      0      0      0      0      0     -1.40 [95]         -0.26 [50]            3.5 [26]
[LAYER-HEALTH]     tower_final_bn  relu          128      0      0      0      0      0     -0.41 [89]         +1.01 [114]           4.0 [75]
[LAYER-HEALTH]     policy.pre_bn   relu          128      0      0      0      0      0     -0.73 [26]         +1.72 [22]            2.8 [60]
[LAYER-HEALTH]     value.bn        leaky_relu     16      0      0      0      0      0     -1.46 [8]          -0.86 [7]             3.0 [5]
[LAYER-HEALTH]   FC hidden-unit velocity — zero: every weight-velocity entry exactly 0; low: nonzero but < 5% of the layer's p90 unit norm
[LAYER-HEALTH]     value.fc1.weight  leaky_relu  units 128  zero 0  low 11  median unit norm 0.004565
[LAYER-HEALTH]     (no SE blocks)
[LAYER-HEALTH]   ReZero: none
[LAYER-HEALTH]   non-finite: 0 values in 0 of 102 tensors (10263038 values examined)
[LAYER-HEALTH]   largest |value|: blocks.0.bn2.running_var 13.33, blocks.1.bn2.running_var 8.254, blocks.0.bn2.running_mean 6.526, policy.conv.bias 5.464, policy.pre_bn.running_var 5.296
[REPLAY] enumerated checkpoint -> 20261005-lrBleaky-cyc1-replay-step11000.safetensors
[REPLAY] step=11050 loss=3.6129 pLoss=2.8136 vLoss=0.7888 pEnt=2.822 pIllM=0.0104 playedP=0.158 pW=0.47 pD=0.07 pL=0.46 vAbs=0.246 pLogitMean=-8.6407 vLogitMean=0.6000 gNorm=0.592 lr=0.989 ms=1485.1 buf=500000 plies=94531216 games=1431101 rejected=0 skipped=0 epoch=0 mom=0.8501 lrCyc[pk=9.9e-01,tr=1.0e-03] trainerStep=11050
[LAYER-HEALTH] live trainerStep=11050 scope=batch_norm_state_only reluSites=9/10 ch=1040 dead=0 off=0 alwaysOn=0 worst=none maxBetaOverGamma=+1.55@policy.pre_bn[22] minBetaOverGamma=-1.62@blocks.2.bn1[11] rvMaxOverMedian=21.8@blocks.1.bn1[14] rezero=none nonFinite=0
[REPLAY] step=11100 loss=3.5685 pLoss=2.7641 vLoss=0.7958 pEnt=2.822 pIllM=0.0085 playedP=0.171 pW=0.50 pD=0.07 pL=0.43 vAbs=0.259 pLogitMean=-8.7392 vLogitMean=0.5985 gNorm=0.316 lr=0.984 ms=1457.1 buf=500000 plies=94957918 games=1437522 rejected=0 skipped=0 epoch=0 mom=0.8501 lrCyc[pk=9.9e-01,tr=1.0e-03] trainerStep=11100
[LAYER-HEALTH] live trainerStep=11100 scope=batch_norm_state_only reluSites=9/10 ch=1040 dead=0 off=0 alwaysOn=0 worst=none maxBetaOverGamma=+1.56@policy.pre_bn[22] minBetaOverGamma=-1.57@blocks.2.bn1[11] rvMaxOverMedian=22.8@blocks.1.bn1[14] rezero=none nonFinite=0
[REPLAY] step=11150 loss=3.6097 pLoss=2.8121 vLoss=0.7889 pEnt=2.907 pIllM=0.0087 playedP=0.150 pW=0.47 pD=0.07 pL=0.46 vAbs=0.235 pLogitMean=-8.8292 vLogitMean=0.5891 gNorm=0.344 lr=0.976 ms=1719.8 buf=500000 plies=95384474 games=1443913 rejected=0 skipped=0 epoch=0 mom=0.8503 lrCyc[pk=9.9e-01,tr=1.0e-03] trainerStep=11150
[LAYER-HEALTH] live trainerStep=11150 scope=batch_norm_state_only reluSites=9/10 ch=1040 dead=0 off=0 alwaysOn=0 worst=none maxBetaOverGamma=+1.57@policy.pre_bn[22] minBetaOverGamma=-1.66@blocks.2.bn1[11] rvMaxOverMedian=23.0@blocks.1.bn1[14] rezero=none nonFinite=0
[REPLAY] step=11200 loss=3.5496 pLoss=2.7371 vLoss=0.8032 pEnt=2.919 pIllM=0.0092 playedP=0.148 pW=0.44 pD=0.08 pL=0.48 vAbs=0.269 pLogitMean=-8.8542 vLogitMean=0.6016 gNorm=0.422 lr=0.964 ms=1469.6 buf=500000 plies=95811119 games=1450341 rejected=0 skipped=0 epoch=0 mom=0.8504 lrCyc[pk=9.9e-01,tr=1.0e-03] trainerStep=11200
[LAYER-HEALTH] live trainerStep=11200 scope=batch_norm_state_only reluSites=9/10 ch=1040 dead=0 off=0 alwaysOn=0 worst=none maxBetaOverGamma=+1.53@policy.pre_bn[22] minBetaOverGamma=-1.64@blocks.2.bn1[11] rvMaxOverMedian=24.1@blocks.1.bn1[14] rezero=none nonFinite=0
[REPLAY] step=11250 loss=3.5655 pLoss=2.7837 vLoss=0.7738 pEnt=2.885 pIllM=0.0080 playedP=0.154 pW=0.47 pD=0.06 pL=0.46 vAbs=0.262 pLogitMean=-8.9431 vLogitMean=0.6055 gNorm=0.389 lr=0.949 ms=1698.0 buf=500000 plies=96237838 games=1456769 rejected=0 skipped=0 epoch=0 mom=0.8507 lrCyc[pk=9.9e-01,tr=1.0e-03] trainerStep=11250
[LAYER-HEALTH] live trainerStep=11250 scope=batch_norm_state_only reluSites=9/10 ch=1040 dead=0 off=0 alwaysOn=0 worst=none maxBetaOverGamma=+1.61@policy.pre_bn[22] minBetaOverGamma=-1.75@blocks.2.bn1[11] rvMaxOverMedian=24.7@blocks.1.bn1[14] rezero=none nonFinite=0
[REPLAY] step=11300 loss=3.5194 pLoss=2.7275 vLoss=0.7832 pEnt=2.901 pIllM=0.0087 playedP=0.159 pW=0.46 pD=0.06 pL=0.48 vAbs=0.251 pLogitMean=-8.9838 vLogitMean=0.6007 gNorm=0.325 lr=0.932 ms=1472.4 buf=500000 plies=96664470 games=1463271 rejected=0 skipped=0 epoch=0 mom=0.8509 lrCyc[pk=9.9e-01,tr=1.0e-03] trainerStep=11300
[LAYER-HEALTH] live trainerStep=11300 scope=batch_norm_state_only reluSites=9/10 ch=1040 dead=0 off=0 alwaysOn=0 worst=none maxBetaOverGamma=+1.55@policy.pre_bn[61] minBetaOverGamma=-1.69@blocks.2.bn1[11] rvMaxOverMedian=25.4@blocks.1.bn1[14] rezero=none nonFinite=0
[REPLAY] step=11350 loss=3.5709 pLoss=2.7780 vLoss=0.7843 pEnt=2.844 pIllM=0.0086 playedP=0.165 pW=0.50 pD=0.07 pL=0.43 vAbs=0.251 pLogitMean=-9.0333 vLogitMean=0.5906 gNorm=0.430 lr=0.912 ms=1554.4 buf=500000 plies=97091112 games=1469698 rejected=0 skipped=0 epoch=0 mom=0.8513 lrCyc[pk=9.9e-01,tr=1.0e-03] trainerStep=11350
[LAYER-HEALTH] live trainerStep=11350 scope=batch_norm_state_only reluSites=9/10 ch=1040 dead=0 off=0 alwaysOn=0 worst=none maxBetaOverGamma=+1.60@policy.pre_bn[22] minBetaOverGamma=-1.72@blocks.2.bn1[11] rvMaxOverMedian=25.8@blocks.1.bn1[14] rezero=none nonFinite=0
[REPLAY] step=11400 loss=3.5453 pLoss=2.7550 vLoss=0.7813 pEnt=2.874 pIllM=0.0089 playedP=0.158 pW=0.46 pD=0.06 pL=0.48 vAbs=0.253 pLogitMean=-9.0656 vLogitMean=0.6026 gNorm=0.364 lr=0.889 ms=1611.1 buf=500000 plies=97517788 games=1476118 rejected=0 skipped=0 epoch=0 mom=0.8516 lrCyc[pk=9.9e-01,tr=1.0e-03] trainerStep=11400
[LAYER-HEALTH] live trainerStep=11400 scope=batch_norm_state_only reluSites=9/10 ch=1040 dead=0 off=0 alwaysOn=0 worst=none maxBetaOverGamma=+1.64@policy.pre_bn[22] minBetaOverGamma=-1.75@blocks.2.bn1[11] rvMaxOverMedian=25.2@blocks.1.bn1[14] rezero=none nonFinite=0
[REPLAY] step=11450 loss=3.5727 pLoss=2.7634 vLoss=0.8009 pEnt=2.883 pIllM=0.0084 playedP=0.156 pW=0.49 pD=0.07 pL=0.44 vAbs=0.266 pLogitMean=-9.1180 vLogitMean=0.5953 gNorm=0.343 lr=0.864 ms=1554.8 buf=500000 plies=97944394 games=1482558 rejected=0 skipped=0 epoch=0 mom=0.8520 lrCyc[pk=9.9e-01,tr=1.0e-03] trainerStep=11450
[LAYER-HEALTH] live trainerStep=11450 scope=batch_norm_state_only reluSites=9/10 ch=1040 dead=0 off=0 alwaysOn=0 worst=none maxBetaOverGamma=+1.64@policy.pre_bn[22] minBetaOverGamma=-1.80@blocks.2.bn1[11] rvMaxOverMedian=25.7@blocks.1.bn1[14] rezero=none nonFinite=0
[REPLAY] step=11500 loss=3.5411 pLoss=2.7354 vLoss=0.7981 pEnt=2.843 pIllM=0.0075 playedP=0.167 pW=0.47 pD=0.07 pL=0.47 vAbs=0.243 pLogitMean=-9.1513 vLogitMean=0.6013 gNorm=0.333 lr=0.836 ms=1712.5 buf=500000 plies=98371019 games=1488938 rejected=0 skipped=0 epoch=0 mom=0.8525 lrCyc[pk=9.9e-01,tr=1.0e-03] trainerStep=11500
[LAYER-HEALTH] live trainerStep=11500 scope=batch_norm_state_only reluSites=9/10 ch=1040 dead=0 off=0 alwaysOn=0 worst=none maxBetaOverGamma=+1.65@policy.pre_bn[22] minBetaOverGamma=-1.78@blocks.2.bn1[11] rvMaxOverMedian=27.8@blocks.1.bn1[14] rezero=none nonFinite=0
[REPLAY] step=11550 loss=3.5082 pLoss=2.7189 vLoss=0.7796 pEnt=2.846 pIllM=0.0098 playedP=0.165 pW=0.44 pD=0.08 pL=0.48 vAbs=0.265 pLogitMean=-9.1831 vLogitMean=0.6084 gNorm=0.366 lr=0.808 ms=1426.4 buf=500000 plies=98797696 games=1495356 rejected=0 skipped=0 epoch=0 mom=0.8530 lrCyc[pk=9.9e-01,tr=1.0e-03] trainerStep=11550
[LAYER-HEALTH] live trainerStep=11550 scope=batch_norm_state_only reluSites=9/10 ch=1040 dead=0 off=0 alwaysOn=0 worst=none maxBetaOverGamma=+1.65@policy.pre_bn[22] minBetaOverGamma=-1.77@blocks.2.bn1[11] rvMaxOverMedian=28.3@blocks.1.bn1[14] rezero=none nonFinite=0
[REPLAY] step=11600 loss=3.5448 pLoss=2.7385 vLoss=0.7986 pEnt=2.857 pIllM=0.0077 playedP=0.164 pW=0.45 pD=0.08 pL=0.47 vAbs=0.238 pLogitMean=-9.2289 vLogitMean=0.5947 gNorm=0.352 lr=0.777 ms=1485.1 buf=500000 plies=99224335 games=1501845 rejected=0 skipped=0 epoch=0 mom=0.8536 lrCyc[pk=9.9e-01,tr=1.0e-03] trainerStep=11600
[LAYER-HEALTH] live trainerStep=11600 scope=batch_norm_state_only reluSites=9/10 ch=1040 dead=0 off=0 alwaysOn=0 worst=none maxBetaOverGamma=+1.61@policy.pre_bn[61] minBetaOverGamma=-1.86@value.bn[2] rvMaxOverMedian=28.2@blocks.1.bn1[14] rezero=none nonFinite=0
[REPLAY] step=11650 loss=3.5660 pLoss=2.7535 vLoss=0.8059 pEnt=2.894 pIllM=0.0067 playedP=0.160 pW=0.46 pD=0.06 pL=0.48 vAbs=0.239 pLogitMean=-9.2388 vLogitMean=0.5992 gNorm=0.303 lr=0.746 ms=1431.6 buf=500000 plies=99650976 games=1508224 rejected=0 skipped=0 epoch=0 mom=0.8542 lrCyc[pk=9.9e-01,tr=1.0e-03] trainerStep=11650
[LAYER-HEALTH] live trainerStep=11650 scope=batch_norm_state_only reluSites=9/10 ch=1040 dead=0 off=0 alwaysOn=0 worst=none maxBetaOverGamma=+1.66@policy.pre_bn[22] minBetaOverGamma=-1.86@blocks.2.bn1[11] rvMaxOverMedian=28.2@blocks.1.bn1[14] rezero=none nonFinite=0
[REPLAY] step=11700 loss=3.5108 pLoss=2.7178 vLoss=0.7870 pEnt=2.875 pIllM=0.0061 playedP=0.163 pW=0.47 pD=0.06 pL=0.47 vAbs=0.265 pLogitMean=-9.2817 vLogitMean=0.6005 gNorm=0.296 lr=0.713 ms=1583.4 buf=500000 plies=100077631 games=1514614 rejected=0 skipped=0 epoch=0 mom=0.8548 lrCyc[pk=9.9e-01,tr=1.0e-03] trainerStep=11700
[LAYER-HEALTH] live trainerStep=11700 scope=batch_norm_state_only reluSites=9/10 ch=1040 dead=0 off=0 alwaysOn=0 worst=none maxBetaOverGamma=+1.69@policy.pre_bn[22] minBetaOverGamma=-1.88@blocks.2.bn1[11] rvMaxOverMedian=29.0@blocks.1.bn1[14] rezero=none nonFinite=0
[REPLAY] step=11750 loss=3.5548 pLoss=2.7465 vLoss=0.8019 pEnt=2.893 pIllM=0.0064 playedP=0.156 pW=0.47 pD=0.07 pL=0.46 vAbs=0.244 pLogitMean=-9.2841 vLogitMean=0.5877 gNorm=0.337 lr=0.68 ms=1272.7 buf=500000 plies=100504295 games=1521054 rejected=0 skipped=0 epoch=0 mom=0.8555 lrCyc[pk=9.9e-01,tr=1.0e-03] trainerStep=11750
[LAYER-HEALTH] live trainerStep=11750 scope=batch_norm_state_only reluSites=9/10 ch=1040 dead=0 off=0 alwaysOn=0 worst=none maxBetaOverGamma=+1.65@policy.pre_bn[22] minBetaOverGamma=-1.86@blocks.2.bn1[11] rvMaxOverMedian=30.8@blocks.1.bn1[14] rezero=none nonFinite=0
[REPLAY] step=11800 loss=3.5928 pLoss=2.7920 vLoss=0.7946 pEnt=2.847 pIllM=0.0062 playedP=0.168 pW=0.47 pD=0.07 pL=0.47 vAbs=0.228 pLogitMean=-9.3173 vLogitMean=0.5912 gNorm=0.328 lr=0.646 ms=1344.9 buf=500000 plies=100930926 games=1527536 rejected=0 skipped=0 epoch=0 mom=0.8562 lrCyc[pk=9.9e-01,tr=1.0e-03] trainerStep=11800
[LAYER-HEALTH] live trainerStep=11800 scope=batch_norm_state_only reluSites=9/10 ch=1040 dead=0 off=0 alwaysOn=0 worst=none maxBetaOverGamma=+1.62@policy.pre_bn[22] minBetaOverGamma=-1.84@blocks.2.bn1[11] rvMaxOverMedian=31.0@blocks.1.bn1[14] rezero=none nonFinite=0
[REPLAY] step=11850 loss=3.5225 pLoss=2.7370 vLoss=0.7793 pEnt=2.854 pIllM=0.0062 playedP=0.164 pW=0.47 pD=0.06 pL=0.47 vAbs=0.257 pLogitMean=-9.3329 vLogitMean=0.5965 gNorm=0.363 lr=0.612 ms=1417.5 buf=500000 plies=101357584 games=1533963 rejected=0 skipped=0 epoch=0 mom=0.8570 lrCyc[pk=9.9e-01,tr=1.0e-03] trainerStep=11850
[LAYER-HEALTH] live trainerStep=11850 scope=batch_norm_state_only reluSites=9/10 ch=1040 dead=0 off=0 alwaysOn=0 worst=none maxBetaOverGamma=+1.65@policy.pre_bn[22] minBetaOverGamma=-1.77@blocks.2.bn1[11] rvMaxOverMedian=33.5@blocks.1.bn1[14] rezero=none nonFinite=0
[REPLAY] step=11900 loss=3.5566 pLoss=2.7401 vLoss=0.8101 pEnt=2.845 pIllM=0.0063 playedP=0.170 pW=0.48 pD=0.07 pL=0.45 vAbs=0.255 pLogitMean=-9.3351 vLogitMean=0.5943 gNorm=0.296 lr=0.578 ms=1361.0 buf=500000 plies=101784238 games=1540330 rejected=0 skipped=0 epoch=0 mom=0.8578 lrCyc[pk=9.9e-01,tr=9.9e-04] trainerStep=11900
[LAYER-HEALTH] live trainerStep=11900 scope=batch_norm_state_only reluSites=9/10 ch=1040 dead=0 off=0 alwaysOn=0 worst=none maxBetaOverGamma=+1.64@policy.pre_bn[22] minBetaOverGamma=-1.81@blocks.2.bn1[11] rvMaxOverMedian=32.9@blocks.1.bn1[14] rezero=none nonFinite=0
[REPLAY] step=11950 loss=3.5685 pLoss=2.7437 vLoss=0.8197 pEnt=2.877 pIllM=0.0051 playedP=0.164 pW=0.47 pD=0.07 pL=0.46 vAbs=0.234 pLogitMean=-9.3419 vLogitMean=0.5872 gNorm=0.321 lr=0.545 ms=1349.4 buf=500000 plies=102210907 games=1546778 rejected=0 skipped=0 epoch=0 mom=0.8587 lrCyc[pk=9.9e-01,tr=9.9e-04] trainerStep=11950
[LAYER-HEALTH] live trainerStep=11950 scope=batch_norm_state_only reluSites=9/10 ch=1040 dead=0 off=0 alwaysOn=0 worst=none maxBetaOverGamma=+1.64@policy.pre_bn[22] minBetaOverGamma=-1.85@blocks.2.bn1[11] rvMaxOverMedian=32.0@blocks.1.bn1[14] rezero=none nonFinite=0
[REPLAY] step=12000 loss=3.5164 pLoss=2.7129 vLoss=0.7975 pEnt=2.870 pIllM=0.0060 playedP=0.165 pW=0.46 pD=0.07 pL=0.47 vAbs=0.259 pLogitMean=-9.3512 vLogitMean=0.5955 gNorm=0.340 lr=0.512 ms=1423.2 buf=500000 plies=102637558 games=1553208 rejected=0 skipped=0 epoch=0 mom=0.8596 lrCyc[pk=9.9e-01,tr=9.9e-04] trainerStep=12000
[LAYER-HEALTH] live trainerStep=12000 scope=batch_norm_state_only reluSites=9/10 ch=1040 dead=0 off=0 alwaysOn=0 worst=none maxBetaOverGamma=+1.59@policy.pre_bn[61] minBetaOverGamma=-1.85@blocks.2.bn1[11] rvMaxOverMedian=32.9@blocks.1.bn1[14] rezero=none nonFinite=0
[REPLAY] saved trainer model (autosave) step=12000 trainerStep=12000 nextGame=1553208 shard=3 epoch=0 -> 20261005-lrBleaky-cyc1-replay-latest.safetensors
[LAYER-HEALTH] checkpoint replay-autosave step=12000 trainerStep=12000 scope=all_tensors reluSites=9/10 ch=1040 dead=0 off=0 alwaysOn=0 worst=none maxBetaOverGamma=+1.59@policy.pre_bn[61] minBetaOverGamma=-1.85@blocks.2.bn1[11] rvMaxOverMedian=32.9@blocks.1.bn1[14] rezero=none nonFinite=0 seZeroVel=none valueFC1ZeroVel=0/128 maxAbs=11.51@blocks.0.bn2.running_var
[LAYER-HEALTH]   batch-norm sites — β/|γ|: dead < -3.00, mostly off < -2.00, always on > +3.00; classified for relu/leaky_relu only
[LAYER-HEALTH]     site            act            ch   dead    off     on  zeroγ nonfin  min β/|γ| [ch]     max β/|γ| [ch]     rv max/median [ch]
[LAYER-HEALTH]     stem.bn         -             128    n/a    n/a    n/a      0      0     -0.78 [85]         +0.33 [110]           3.4 [88]
[LAYER-HEALTH]     blocks.0.bn1    relu          128      0      0      0      0      0     -0.67 [53]         +0.24 [18]            4.1 [14]
[LAYER-HEALTH]     blocks.0.bn2    relu          128      0      0      0      0      0     -1.18 [57]         -0.14 [58]            3.9 [97]
[LAYER-HEALTH]     blocks.1.bn1    relu          128      0      0      0      0      0     -1.24 [11]         -0.26 [31]           32.9 [14]
[LAYER-HEALTH]     blocks.1.bn2    relu          128      0      0      0      0      0     -1.56 [29]         -0.41 [95]            6.1 [49]
[LAYER-HEALTH]     blocks.2.bn1    relu          128      0      0      0      0      0     -1.85 [11]         +0.43 [31]           12.2 [125]
[LAYER-HEALTH]     blocks.2.bn2    relu          128      0      0      0      0      0     -1.41 [95]         -0.26 [30]            3.4 [26]
[LAYER-HEALTH]     tower_final_bn  relu          128      0      0      0      0      0     -0.51 [89]         +1.16 [114]           4.2 [75]
[LAYER-HEALTH]     policy.pre_bn   relu          128      0      0      0      0      0     -0.79 [47]         +1.59 [61]            3.4 [22]
[LAYER-HEALTH]     value.bn        leaky_relu     16      0      0      0      0      0     -1.56 [2]          -0.84 [7]             2.6 [5]
[LAYER-HEALTH]   FC hidden-unit velocity — zero: every weight-velocity entry exactly 0; low: nonzero but < 5% of the layer's p90 unit norm
[LAYER-HEALTH]     value.fc1.weight  leaky_relu  units 128  zero 0  low 9  median unit norm 0.003886
[LAYER-HEALTH]     (no SE blocks)
[LAYER-HEALTH]   ReZero: none
[LAYER-HEALTH]   non-finite: 0 values in 0 of 102 tensors (10263038 values examined)
[LAYER-HEALTH]   largest |value|: blocks.0.bn2.running_var 11.51, blocks.1.bn2.running_var 8.203, blocks.1.bn1.running_var 7.286, blocks.0.bn2.running_mean 6.335, policy.pre_bn.running_var 6.061
[REPLAY] enumerated checkpoint -> 20261005-lrBleaky-cyc1-replay-step12000.safetensors
[REPLAY] step=12050 loss=3.5528 pLoss=2.7573 vLoss=0.7900 pEnt=2.848 pIllM=0.0055 playedP=0.171 pW=0.46 pD=0.06 pL=0.47 vAbs=0.234 pLogitMean=-9.3579 vLogitMean=0.5904 gNorm=0.299 lr=0.48 ms=785.9 buf=500000 plies=103064218 games=1559704 rejected=0 skipped=0 epoch=0 mom=0.8605 lrCyc[pk=9.9e-01,tr=9.9e-04] trainerStep=12050
[LAYER-HEALTH] live trainerStep=12050 scope=batch_norm_state_only reluSites=9/10 ch=1040 dead=0 off=0 alwaysOn=0 worst=none maxBetaOverGamma=+1.60@policy.pre_bn[22] minBetaOverGamma=-1.87@blocks.2.bn1[11] rvMaxOverMedian=32.0@blocks.1.bn1[14] rezero=none nonFinite=0
[REPLAY] step=12100 loss=3.5186 pLoss=2.7054 vLoss=0.8082 pEnt=2.867 pIllM=0.0049 playedP=0.166 pW=0.47 pD=0.08 pL=0.46 vAbs=0.243 pLogitMean=-9.3687 vLogitMean=0.5923 gNorm=0.307 lr=0.448 ms=2731.6 buf=500000 plies=103490857 games=1566072 rejected=0 skipped=0 epoch=0 mom=0.8615 lrCyc[pk=9.9e-01,tr=9.9e-04] trainerStep=12100
[LAYER-HEALTH] live trainerStep=12100 scope=batch_norm_state_only reluSites=9/10 ch=1040 dead=0 off=0 alwaysOn=0 worst=none maxBetaOverGamma=+1.62@policy.pre_bn[22] minBetaOverGamma=-1.99@value.bn[8] rvMaxOverMedian=33.8@blocks.1.bn1[14] rezero=none nonFinite=0
[REPLAY] step=12150 loss=3.5584 pLoss=2.7685 vLoss=0.7848 pEnt=2.866 pIllM=0.0050 playedP=0.168 pW=0.47 pD=0.06 pL=0.47 vAbs=0.247 pLogitMean=-9.3761 vLogitMean=0.5899 gNorm=0.273 lr=0.418 ms=2087.4 buf=500000 plies=103917479 games=1572556 rejected=0 skipped=0 epoch=0 mom=0.8625 lrCyc[pk=9.9e-01,tr=9.9e-04] trainerStep=12150
[LAYER-HEALTH] live trainerStep=12150 scope=batch_norm_state_only reluSites=9/10 ch=1040 dead=0 off=0 alwaysOn=0 worst=none maxBetaOverGamma=+1.59@policy.pre_bn[61] minBetaOverGamma=-1.98@value.bn[8] rvMaxOverMedian=34.1@blocks.1.bn1[14] rezero=none nonFinite=0
[REPLAY] step=12200 loss=3.5210 pLoss=2.7281 vLoss=0.7886 pEnt=2.891 pIllM=0.0042 playedP=0.160 pW=0.45 pD=0.06 pL=0.49 vAbs=0.233 pLogitMean=-9.3883 vLogitMean=0.5940 gNorm=0.312 lr=0.388 ms=1819.3 buf=500000 plies=104344153 games=1579018 rejected=0 skipped=0 epoch=0 mom=0.8636 lrCyc[pk=9.9e-01,tr=9.9e-04] trainerStep=12200
[LAYER-HEALTH] live trainerStep=12200 scope=batch_norm_state_only reluSites=9/10 ch=1040 dead=0 off=0 alwaysOn=0 worst=none maxBetaOverGamma=+1.62@policy.pre_bn[22] minBetaOverGamma=-1.94@value.bn[8] rvMaxOverMedian=34.4@blocks.1.bn1[14] rezero=none nonFinite=0
[REPLAY] step=12250 loss=3.5408 pLoss=2.7454 vLoss=0.7907 pEnt=2.834 pIllM=0.0047 playedP=0.179 pW=0.49 pD=0.06 pL=0.45 vAbs=0.253 pLogitMean=-9.3865 vLogitMean=0.5879 gNorm=0.289 lr=0.36 ms=2404.9 buf=500000 plies=104770780 games=1585527 rejected=0 skipped=0 epoch=0 mom=0.8647 lrCyc[pk=9.9e-01,tr=9.9e-04] trainerStep=12250
[LAYER-HEALTH] live trainerStep=12250 scope=batch_norm_state_only reluSites=9/10 ch=1040 dead=0 off=0 alwaysOn=0 worst=none maxBetaOverGamma=+1.60@policy.pre_bn[61] minBetaOverGamma=-1.92@value.bn[8] rvMaxOverMedian=35.8@blocks.1.bn1[14] rezero=none nonFinite=0
[REPLAY] step=12300 loss=3.5707 pLoss=2.7688 vLoss=0.7971 pEnt=2.879 pIllM=0.0049 playedP=0.163 pW=0.48 pD=0.06 pL=0.46 vAbs=0.244 pLogitMean=-9.3754 vLogitMean=0.5896 gNorm=0.280 lr=0.333 ms=2250.9 buf=500000 plies=105197479 games=1592014 rejected=0 skipped=0 epoch=0 mom=0.8658 lrCyc[pk=9.9e-01,tr=9.9e-04] trainerStep=12300
[LAYER-HEALTH] live trainerStep=12300 scope=batch_norm_state_only reluSites=9/10 ch=1040 dead=0 off=1 alwaysOn=0 worst=value.bn(dead 0 off 1 on 0) maxBetaOverGamma=+1.63@policy.pre_bn[22] minBetaOverGamma=-2.03@value.bn[8] rvMaxOverMedian=36.4@blocks.1.bn1[14] rezero=none nonFinite=0
[REPLAY] step=12350 loss=3.5151 pLoss=2.7177 vLoss=0.7922 pEnt=2.868 pIllM=0.0052 playedP=0.168 pW=0.47 pD=0.06 pL=0.46 vAbs=0.242 pLogitMean=-9.3841 vLogitMean=0.5921 gNorm=0.300 lr=0.307 ms=2082.2 buf=500000 plies=105624114 games=1598470 rejected=0 skipped=0 epoch=0 mom=0.8670 lrCyc[pk=9.9e-01,tr=9.9e-04] trainerStep=12350
[LAYER-HEALTH] live trainerStep=12350 scope=batch_norm_state_only reluSites=9/10 ch=1040 dead=0 off=0 alwaysOn=0 worst=none maxBetaOverGamma=+1.61@policy.pre_bn[22] minBetaOverGamma=-1.91@value.bn[8] rvMaxOverMedian=36.6@blocks.1.bn1[14] rezero=none nonFinite=0
[REPLAY] step=12400 loss=3.5141 pLoss=2.7133 vLoss=0.7968 pEnt=2.861 pIllM=0.0040 playedP=0.173 pW=0.46 pD=0.06 pL=0.48 vAbs=0.228 pLogitMean=-9.3866 vLogitMean=0.5876 gNorm=0.273 lr=0.283 ms=2385.5 buf=500000 plies=106050736 games=1605005 rejected=0 skipped=0 epoch=0 mom=0.8682 lrCyc[pk=9.9e-01,tr=9.9e-04] trainerStep=12400
[LAYER-HEALTH] live trainerStep=12400 scope=batch_norm_state_only reluSites=9/10 ch=1040 dead=0 off=0 alwaysOn=0 worst=none maxBetaOverGamma=+1.62@policy.pre_bn[22] minBetaOverGamma=-1.98@value.bn[8] rvMaxOverMedian=36.1@blocks.1.bn1[14] rezero=none nonFinite=0
[REPLAY] step=12450 loss=3.5265 pLoss=2.7383 vLoss=0.7841 pEnt=2.841 pIllM=0.0042 playedP=0.177 pW=0.48 pD=0.06 pL=0.45 vAbs=0.232 pLogitMean=-9.3821 vLogitMean=0.5842 gNorm=0.265 lr=0.26 ms=2002.3 buf=500000 plies=106477396 games=1611495 rejected=0 skipped=0 epoch=0 mom=0.8694 lrCyc[pk=9.9e-01,tr=9.9e-04] trainerStep=12450
[LAYER-HEALTH] live trainerStep=12450 scope=batch_norm_state_only reluSites=9/10 ch=1040 dead=0 off=0 alwaysOn=0 worst=none maxBetaOverGamma=+1.66@policy.pre_bn[22] minBetaOverGamma=-1.88@blocks.2.bn1[11] rvMaxOverMedian=35.4@blocks.1.bn1[14] rezero=none nonFinite=0
[REPLAY] step=12500 loss=3.5059 pLoss=2.7130 vLoss=0.7889 pEnt=2.849 pIllM=0.0039 playedP=0.177 pW=0.48 pD=0.06 pL=0.46 vAbs=0.260 pLogitMean=-9.3869 vLogitMean=0.5822 gNorm=0.277 lr=0.239 ms=2115.8 buf=500000 plies=106904029 games=1617942 rejected=0 skipped=0 epoch=0 mom=0.8707 lrCyc[pk=9.9e-01,tr=9.9e-04] trainerStep=12500
[LAYER-HEALTH] live trainerStep=12500 scope=batch_norm_state_only reluSites=9/10 ch=1040 dead=0 off=0 alwaysOn=0 worst=none maxBetaOverGamma=+1.72@policy.pre_bn[22] minBetaOverGamma=-1.86@blocks.2.bn1[11] rvMaxOverMedian=36.6@blocks.1.bn1[14] rezero=none nonFinite=0
[REPLAY] step=12550 loss=3.5523 pLoss=2.7372 vLoss=0.8114 pEnt=2.856 pIllM=0.0038 playedP=0.172 pW=0.48 pD=0.07 pL=0.45 vAbs=0.227 pLogitMean=-9.3762 vLogitMean=0.5862 gNorm=0.269 lr=0.218 ms=2100.3 buf=500000 plies=107330712 games=1624390 rejected=0 skipped=0 epoch=0 mom=0.8719 lrCyc[pk=9.9e-01,tr=9.9e-04] trainerStep=12550
[LAYER-HEALTH] live trainerStep=12550 scope=batch_norm_state_only reluSites=9/10 ch=1040 dead=0 off=0 alwaysOn=0 worst=none maxBetaOverGamma=+1.69@policy.pre_bn[22] minBetaOverGamma=-1.85@value.bn[8] rvMaxOverMedian=37.0@blocks.1.bn1[14] rezero=none nonFinite=0
[REPLAY] step=12600 loss=3.5396 pLoss=2.7277 vLoss=0.8077 pEnt=2.894 pIllM=0.0042 playedP=0.165 pW=0.47 pD=0.07 pL=0.47 vAbs=0.234 pLogitMean=-9.3887 vLogitMean=0.5872 gNorm=0.284 lr=0.199 ms=2100.4 buf=500000 plies=107757331 games=1630843 rejected=0 skipped=0 epoch=0 mom=0.8733 lrCyc[pk=9.9e-01,tr=9.9e-04] trainerStep=12600
[LAYER-HEALTH] live trainerStep=12600 scope=batch_norm_state_only reluSites=9/10 ch=1040 dead=0 off=0 alwaysOn=0 worst=none maxBetaOverGamma=+1.72@policy.pre_bn[22] minBetaOverGamma=-1.83@blocks.2.bn1[11] rvMaxOverMedian=36.7@blocks.1.bn1[14] rezero=none nonFinite=0
[REPLAY] step=12650 loss=3.4772 pLoss=2.6827 vLoss=0.7909 pEnt=2.846 pIllM=0.0036 playedP=0.173 pW=0.45 pD=0.07 pL=0.48 vAbs=0.250 pLogitMean=-9.3991 vLogitMean=0.5869 gNorm=0.289 lr=0.182 ms=1952.8 buf=500000 plies=108184014 games=1637243 rejected=0 skipped=0 epoch=0 mom=0.8746 lrCyc[pk=9.9e-01,tr=9.9e-04] trainerStep=12650
[LAYER-HEALTH] live trainerStep=12650 scope=batch_norm_state_only reluSites=9/10 ch=1040 dead=0 off=0 alwaysOn=0 worst=none maxBetaOverGamma=+1.67@policy.pre_bn[22] minBetaOverGamma=-1.82@blocks.2.bn1[11] rvMaxOverMedian=35.8@blocks.1.bn1[14] rezero=none nonFinite=0
[REPLAY] step=12700 loss=3.5634 pLoss=2.7350 vLoss=0.8252 pEnt=2.854 pIllM=0.0032 playedP=0.172 pW=0.46 pD=0.07 pL=0.46 vAbs=0.231 pLogitMean=-9.3902 vLogitMean=0.5826 gNorm=0.288 lr=0.165 ms=2271.3 buf=500000 plies=108610648 games=1643670 rejected=0 skipped=0 epoch=0 mom=0.8760 lrCyc[pk=9.9e-01,tr=9.9e-04] trainerStep=12700
[LAYER-HEALTH] live trainerStep=12700 scope=batch_norm_state_only reluSites=9/10 ch=1040 dead=0 off=0 alwaysOn=0 worst=none maxBetaOverGamma=+1.66@policy.pre_bn[22] minBetaOverGamma=-1.83@blocks.2.bn1[11] rvMaxOverMedian=35.1@blocks.1.bn1[14] rezero=none nonFinite=0
[REPLAY] step=12750 loss=3.5934 pLoss=2.7778 vLoss=0.8124 pEnt=2.864 pIllM=0.0033 playedP=0.171 pW=0.47 pD=0.07 pL=0.47 vAbs=0.223 pLogitMean=-9.3950 vLogitMean=0.5820 gNorm=0.268 lr=0.15 ms=2173.8 buf=500000 plies=109037288 games=1650138 rejected=0 skipped=0 epoch=0 mom=0.8773 lrCyc[pk=9.9e-01,tr=9.9e-04] trainerStep=12750
[LAYER-HEALTH] live trainerStep=12750 scope=batch_norm_state_only reluSites=9/10 ch=1040 dead=0 off=0 alwaysOn=0 worst=none maxBetaOverGamma=+1.63@policy.pre_bn[22] minBetaOverGamma=-1.83@blocks.2.bn1[11] rvMaxOverMedian=34.2@blocks.1.bn1[14] rezero=none nonFinite=0
[REPLAY] step=12800 loss=3.5336 pLoss=2.7171 vLoss=0.8132 pEnt=2.874 pIllM=0.0033 playedP=0.172 pW=0.47 pD=0.07 pL=0.46 vAbs=0.231 pLogitMean=-9.3939 vLogitMean=0.5857 gNorm=0.286 lr=0.136 ms=1930.9 buf=500000 plies=109463922 games=1656544 rejected=0 skipped=0 epoch=0 mom=0.8788 lrCyc[pk=9.9e-01,tr=9.9e-04] trainerStep=12800
[LAYER-HEALTH] live trainerStep=12800 scope=batch_norm_state_only reluSites=9/10 ch=1040 dead=0 off=0 alwaysOn=0 worst=none maxBetaOverGamma=+1.61@policy.pre_bn[22] minBetaOverGamma=-1.83@blocks.2.bn1[11] rvMaxOverMedian=34.1@blocks.1.bn1[14] rezero=none nonFinite=0
[REPLAY] step=12850 loss=3.5115 pLoss=2.7113 vLoss=0.7970 pEnt=2.885 pIllM=0.0032 playedP=0.167 pW=0.47 pD=0.07 pL=0.46 vAbs=0.237 pLogitMean=-9.3961 vLogitMean=0.5822 gNorm=0.264 lr=0.124 ms=2025.3 buf=500000 plies=109890618 games=1663032 rejected=0 skipped=0 epoch=0 mom=0.8802 lrCyc[pk=9.9e-01,tr=9.9e-04] trainerStep=12850
[LAYER-HEALTH] live trainerStep=12850 scope=batch_norm_state_only reluSites=9/10 ch=1040 dead=0 off=0 alwaysOn=0 worst=none maxBetaOverGamma=+1.63@policy.pre_bn[22] minBetaOverGamma=-1.81@blocks.2.bn1[11] rvMaxOverMedian=34.9@blocks.1.bn1[14] rezero=none nonFinite=0
[REPLAY] step=12900 loss=3.5444 pLoss=2.7223 vLoss=0.8191 pEnt=2.873 pIllM=0.0031 playedP=0.171 pW=0.47 pD=0.07 pL=0.46 vAbs=0.243 pLogitMean=-9.3890 vLogitMean=0.5809 gNorm=0.262 lr=0.112 ms=1991.3 buf=500000 plies=110317220 games=1669476 rejected=0 skipped=0 epoch=0 mom=0.8816 lrCyc[pk=9.9e-01,tr=9.9e-04] trainerStep=12900
[LAYER-HEALTH] live trainerStep=12900 scope=batch_norm_state_only reluSites=9/10 ch=1040 dead=0 off=0 alwaysOn=0 worst=none maxBetaOverGamma=+1.62@policy.pre_bn[22] minBetaOverGamma=-1.83@blocks.2.bn1[11] rvMaxOverMedian=36.3@blocks.1.bn1[14] rezero=none nonFinite=0
[REPLAY] step=12950 loss=3.5640 pLoss=2.7413 vLoss=0.8197 pEnt=2.861 pIllM=0.0031 playedP=0.173 pW=0.47 pD=0.07 pL=0.46 vAbs=0.225 pLogitMean=-9.3917 vLogitMean=0.5841 gNorm=0.252 lr=0.101 ms=2184.0 buf=500000 plies=110743962 games=1675872 rejected=0 skipped=0 epoch=0 mom=0.8831 lrCyc[pk=9.9e-01,tr=9.9e-04] trainerStep=12950
[LAYER-HEALTH] live trainerStep=12950 scope=batch_norm_state_only reluSites=9/10 ch=1040 dead=0 off=0 alwaysOn=0 worst=none maxBetaOverGamma=+1.59@policy.pre_bn[22] minBetaOverGamma=-1.83@blocks.2.bn1[11] rvMaxOverMedian=35.6@blocks.1.bn1[14] rezero=none nonFinite=0
[REPLAY] step=13000 loss=3.5387 pLoss=2.7317 vLoss=0.8039 pEnt=2.860 pIllM=0.0031 playedP=0.171 pW=0.46 pD=0.07 pL=0.47 vAbs=0.228 pLogitMean=-9.3971 vLogitMean=0.5869 gNorm=0.269 lr=0.0911 ms=2304.9 buf=500000 plies=111170539 games=1682291 rejected=0 skipped=0 epoch=0 mom=0.8846 lrCyc[pk=9.9e-01,tr=9.9e-04] trainerStep=13000
[LAYER-HEALTH] live trainerStep=13000 scope=batch_norm_state_only reluSites=9/10 ch=1040 dead=0 off=0 alwaysOn=0 worst=none maxBetaOverGamma=+1.60@policy.pre_bn[22] minBetaOverGamma=-1.83@blocks.2.bn1[11] rvMaxOverMedian=34.4@blocks.1.bn1[14] rezero=none nonFinite=0
[REPLAY] saved trainer model (autosave) step=13000 trainerStep=13000 nextGame=1682291 shard=3 epoch=0 -> 20261005-lrBleaky-cyc1-replay-latest.safetensors
[LAYER-HEALTH] checkpoint replay-autosave step=13000 trainerStep=13000 scope=all_tensors reluSites=9/10 ch=1040 dead=0 off=0 alwaysOn=0 worst=none maxBetaOverGamma=+1.60@policy.pre_bn[22] minBetaOverGamma=-1.83@blocks.2.bn1[11] rvMaxOverMedian=34.4@blocks.1.bn1[14] rezero=none nonFinite=0 seZeroVel=none valueFC1ZeroVel=0/128 maxAbs=10.47@blocks.0.bn2.running_var
[LAYER-HEALTH]   batch-norm sites — β/|γ|: dead < -3.00, mostly off < -2.00, always on > +3.00; classified for relu/leaky_relu only
[LAYER-HEALTH]     site            act            ch   dead    off     on  zeroγ nonfin  min β/|γ| [ch]     max β/|γ| [ch]     rv max/median [ch]
[LAYER-HEALTH]     stem.bn         -             128    n/a    n/a    n/a      0      0     -0.82 [85]         +0.35 [110]           3.8 [43]
[LAYER-HEALTH]     blocks.0.bn1    relu          128      0      0      0      0      0     -0.72 [53]         +0.25 [18]            4.4 [14]
[LAYER-HEALTH]     blocks.0.bn2    relu          128      0      0      0      0      0     -1.25 [57]         -0.08 [58]            3.8 [97]
[LAYER-HEALTH]     blocks.1.bn1    relu          128      0      0      0      0      0     -1.25 [11]         -0.28 [31]           34.4 [14]
[LAYER-HEALTH]     blocks.1.bn2    relu          128      0      0      0      0      0     -1.65 [29]         -0.35 [95]            6.3 [49]
[LAYER-HEALTH]     blocks.2.bn1    relu          128      0      0      0      0      0     -1.83 [11]         +0.64 [31]           13.2 [125]
[LAYER-HEALTH]     blocks.2.bn2    relu          128      0      0      0      0      0     -1.44 [95]         -0.25 [33]            3.7 [26]
[LAYER-HEALTH]     tower_final_bn  relu          128      0      0      0      0      0     -0.53 [89]         +1.24 [114]           4.2 [75]
[LAYER-HEALTH]     policy.pre_bn   relu          128      0      0      0      0      0     -0.76 [47]         +1.60 [22]            3.9 [22]
[LAYER-HEALTH]     value.bn        leaky_relu     16      0      0      0      0      0     -1.74 [8]          -0.75 [1]             2.9 [5]
[LAYER-HEALTH]   FC hidden-unit velocity — zero: every weight-velocity entry exactly 0; low: nonzero but < 5% of the layer's p90 unit norm
[LAYER-HEALTH]     value.fc1.weight  leaky_relu  units 128  zero 0  low 8  median unit norm 0.004276
[LAYER-HEALTH]     (no SE blocks)
[LAYER-HEALTH]   ReZero: none
[LAYER-HEALTH]   non-finite: 0 values in 0 of 102 tensors (10263038 values examined)
[LAYER-HEALTH]   largest |value|: blocks.0.bn2.running_var 10.47, blocks.1.bn2.running_var 7.391, blocks.1.bn1.running_var 6.968, blocks.0.bn2.running_mean 5.832, policy.pre_bn.running_var 5.766
[REPLAY] enumerated checkpoint -> 20261005-lrBleaky-cyc1-replay-step13000.safetensors
[REPLAY] step=13050 loss=3.5293 pLoss=2.7261 vLoss=0.7999 pEnt=2.849 pIllM=0.0033 playedP=0.175 pW=0.47 pD=0.06 pL=0.46 vAbs=0.243 pLogitMean=-9.3903 vLogitMean=0.5844 gNorm=0.271 lr=0.0821 ms=2182.8 buf=500000 plies=111597216 games=1688630 rejected=0 skipped=0 epoch=0 mom=0.8861 lrCyc[pk=9.9e-01,tr=9.9e-04] trainerStep=13050
[LAYER-HEALTH] live trainerStep=13050 scope=batch_norm_state_only reluSites=9/10 ch=1040 dead=0 off=0 alwaysOn=0 worst=none maxBetaOverGamma=+1.59@policy.pre_bn[61] minBetaOverGamma=-1.84@blocks.2.bn1[11] rvMaxOverMedian=34.8@blocks.1.bn1[14] rezero=none nonFinite=0
[REPLAY] step=13100 loss=3.5602 pLoss=2.7343 vLoss=0.8223 pEnt=2.846 pIllM=0.0036 playedP=0.177 pW=0.47 pD=0.07 pL=0.46 vAbs=0.222 pLogitMean=-9.3970 vLogitMean=0.5863 gNorm=0.269 lr=0.074 ms=2216.3 buf=500000 plies=112023845 games=1695067 rejected=0 skipped=0 epoch=0 mom=0.8876 lrCyc[pk=9.9e-01,tr=9.9e-04] trainerStep=13100
[LAYER-HEALTH] live trainerStep=13100 scope=batch_norm_state_only reluSites=9/10 ch=1040 dead=0 off=0 alwaysOn=0 worst=none maxBetaOverGamma=+1.59@policy.pre_bn[22] minBetaOverGamma=-1.86@blocks.2.bn1[11] rvMaxOverMedian=35.9@blocks.1.bn1[14] rezero=none nonFinite=0
[REPLAY] step=13150 loss=3.5764 pLoss=2.7686 vLoss=0.8050 pEnt=2.882 pIllM=0.0028 playedP=0.173 pW=0.47 pD=0.06 pL=0.46 vAbs=0.232 pLogitMean=-9.3961 vLogitMean=0.5866 gNorm=0.259 lr=0.0666 ms=2587.4 buf=500000 plies=112450470 games=1701471 rejected=0 skipped=0 epoch=0 mom=0.8891 lrCyc[pk=9.9e-01,tr=9.9e-04] trainerStep=13150
[LAYER-HEALTH] live trainerStep=13150 scope=batch_norm_state_only reluSites=9/10 ch=1040 dead=0 off=0 alwaysOn=0 worst=none maxBetaOverGamma=+1.60@policy.pre_bn[22] minBetaOverGamma=-1.85@blocks.2.bn1[11] rvMaxOverMedian=35.9@blocks.1.bn1[14] rezero=none nonFinite=0
[REPLAY] step=13200 loss=3.5285 pLoss=2.7245 vLoss=0.8010 pEnt=2.851 pIllM=0.0030 playedP=0.174 pW=0.47 pD=0.07 pL=0.46 vAbs=0.237 pLogitMean=-9.3951 vLogitMean=0.5871 gNorm=0.252 lr=0.0599 ms=2162.7 buf=500000 plies=112877126 games=1707881 rejected=0 skipped=0 epoch=0 mom=0.8907 lrCyc[pk=9.9e-01,tr=9.9e-04] trainerStep=13200
[LAYER-HEALTH] live trainerStep=13200 scope=batch_norm_state_only reluSites=9/10 ch=1040 dead=0 off=0 alwaysOn=0 worst=none maxBetaOverGamma=+1.61@policy.pre_bn[22] minBetaOverGamma=-1.85@blocks.2.bn1[11] rvMaxOverMedian=36.2@blocks.1.bn1[14] rezero=none nonFinite=0
[REPLAY] step=13250 loss=3.5304 pLoss=2.7141 vLoss=0.8134 pEnt=2.878 pIllM=0.0029 playedP=0.169 pW=0.47 pD=0.07 pL=0.47 vAbs=0.248 pLogitMean=-9.3977 vLogitMean=0.5846 gNorm=0.289 lr=0.0538 ms=2647.9 buf=500000 plies=113303849 games=1714229 rejected=0 skipped=0 epoch=0 mom=0.8922 lrCyc[pk=9.9e-01,tr=9.9e-04] trainerStep=13250
[LAYER-HEALTH] live trainerStep=13250 scope=batch_norm_state_only reluSites=9/10 ch=1040 dead=0 off=0 alwaysOn=0 worst=none maxBetaOverGamma=+1.60@policy.pre_bn[22] minBetaOverGamma=-1.84@blocks.2.bn1[11] rvMaxOverMedian=36.5@blocks.1.bn1[14] rezero=none nonFinite=0
[REPLAY] step=13300 loss=3.5191 pLoss=2.7022 vLoss=0.8143 pEnt=2.871 pIllM=0.0026 playedP=0.175 pW=0.47 pD=0.07 pL=0.47 vAbs=0.236 pLogitMean=-9.3943 vLogitMean=0.5838 gNorm=0.273 lr=0.0483 ms=1840.1 buf=500000 plies=113730454 games=1720682 rejected=0 skipped=0 epoch=0 mom=0.8938 lrCyc[pk=9.9e-01,tr=9.9e-04] trainerStep=13300
[LAYER-HEALTH] live trainerStep=13300 scope=batch_norm_state_only reluSites=9/10 ch=1040 dead=0 off=0 alwaysOn=0 worst=none maxBetaOverGamma=+1.61@policy.pre_bn[22] minBetaOverGamma=-1.85@blocks.2.bn1[11] rvMaxOverMedian=36.8@blocks.1.bn1[14] rezero=none nonFinite=0
[REPLAY] step=13350 loss=3.5453 pLoss=2.7402 vLoss=0.8023 pEnt=2.867 pIllM=0.0028 playedP=0.171 pW=0.47 pD=0.07 pL=0.46 vAbs=0.234 pLogitMean=-9.3939 vLogitMean=0.5850 gNorm=0.252 lr=0.0434 ms=2957.6 buf=500000 plies=114157069 games=1727118 rejected=0 skipped=0 epoch=0 mom=0.8953 lrCyc[pk=9.9e-01,tr=9.9e-04] trainerStep=13350
[LAYER-HEALTH] live trainerStep=13350 scope=batch_norm_state_only reluSites=9/10 ch=1040 dead=0 off=0 alwaysOn=0 worst=none maxBetaOverGamma=+1.61@policy.pre_bn[22] minBetaOverGamma=-1.85@blocks.2.bn1[11] rvMaxOverMedian=37.3@blocks.1.bn1[14] rezero=none nonFinite=0
[REPLAY] step=13400 loss=3.5395 pLoss=2.7322 vLoss=0.8044 pEnt=2.894 pIllM=0.0028 playedP=0.168 pW=0.47 pD=0.07 pL=0.46 vAbs=0.244 pLogitMean=-9.3962 vLogitMean=0.5852 gNorm=0.268 lr=0.0389 ms=2142.3 buf=500000 plies=114583740 games=1733538 rejected=0 skipped=0 epoch=0 mom=0.8969 lrCyc[pk=9.9e-01,tr=9.9e-04] trainerStep=13400
[LAYER-HEALTH] live trainerStep=13400 scope=batch_norm_state_only reluSites=9/10 ch=1040 dead=0 off=0 alwaysOn=0 worst=none maxBetaOverGamma=+1.61@policy.pre_bn[22] minBetaOverGamma=-1.86@blocks.2.bn1[11] rvMaxOverMedian=37.5@blocks.1.bn1[14] rezero=none nonFinite=0
[REPLAY] step=13450 loss=3.5555 pLoss=2.7279 vLoss=0.8248 pEnt=2.862 pIllM=0.0029 playedP=0.174 pW=0.47 pD=0.07 pL=0.46 vAbs=0.237 pLogitMean=-9.3938 vLogitMean=0.5839 gNorm=0.272 lr=0.0349 ms=2056.0 buf=500000 plies=115010420 games=1739943 rejected=0 skipped=0 epoch=0 mom=0.8985 lrCyc[pk=9.9e-01,tr=9.9e-04] trainerStep=13450
[LAYER-HEALTH] live trainerStep=13450 scope=batch_norm_state_only reluSites=9/10 ch=1040 dead=0 off=0 alwaysOn=0 worst=none maxBetaOverGamma=+1.61@policy.pre_bn[22] minBetaOverGamma=-1.86@blocks.2.bn1[11] rvMaxOverMedian=36.8@blocks.1.bn1[14] rezero=none nonFinite=0
[REPLAY] step=13500 loss=3.5072 pLoss=2.7011 vLoss=0.8036 pEnt=2.864 pIllM=0.0025 playedP=0.170 pW=0.47 pD=0.07 pL=0.46 vAbs=0.238 pLogitMean=-9.3887 vLogitMean=0.5822 gNorm=0.269 lr=0.0314 ms=2008.0 buf=500000 plies=115437054 games=1746327 rejected=0 skipped=0 epoch=0 mom=0.9000 lrCyc[pk=9.9e-01,tr=9.9e-04] trainerStep=13500
[LAYER-HEALTH] live trainerStep=13500 scope=batch_norm_state_only reluSites=9/10 ch=1040 dead=0 off=0 alwaysOn=0 worst=none maxBetaOverGamma=+1.60@policy.pre_bn[22] minBetaOverGamma=-1.86@blocks.2.bn1[11] rvMaxOverMedian=36.2@blocks.1.bn1[14] rezero=none nonFinite=0
[REPLAY] step=13550 loss=3.5064 pLoss=2.7059 vLoss=0.7980 pEnt=2.869 pIllM=0.0025 playedP=0.175 pW=0.47 pD=0.07 pL=0.47 vAbs=0.243 pLogitMean=-9.3940 vLogitMean=0.5839 gNorm=0.275 lr=0.0281 ms=2122.8 buf=500000 plies=115863683 games=1752747 rejected=0 skipped=0 epoch=0 mom=0.9016 lrCyc[pk=9.9e-01,tr=9.9e-04] trainerStep=13550
[LAYER-HEALTH] live trainerStep=13550 scope=batch_norm_state_only reluSites=9/10 ch=1040 dead=0 off=0 alwaysOn=0 worst=none maxBetaOverGamma=+1.61@policy.pre_bn[22] minBetaOverGamma=-1.85@blocks.2.bn1[11] rvMaxOverMedian=36.5@blocks.1.bn1[14] rezero=none nonFinite=0
[REPLAY] step=13600 loss=3.5084 pLoss=2.7000 vLoss=0.8055 pEnt=2.868 pIllM=0.0029 playedP=0.173 pW=0.47 pD=0.07 pL=0.47 vAbs=0.232 pLogitMean=-9.3949 vLogitMean=0.5829 gNorm=0.258 lr=0.0252 ms=1970.2 buf=500000 plies=116290329 games=1759226 rejected=0 skipped=0 epoch=0 mom=0.9032 lrCyc[pk=9.9e-01,tr=9.9e-04] trainerStep=13600
[LAYER-HEALTH] live trainerStep=13600 scope=batch_norm_state_only reluSites=9/10 ch=1040 dead=0 off=0 alwaysOn=0 worst=none maxBetaOverGamma=+1.60@policy.pre_bn[22] minBetaOverGamma=-1.86@blocks.2.bn1[11] rvMaxOverMedian=36.7@blocks.1.bn1[14] rezero=none nonFinite=0
[REPLAY] step=13650 loss=3.5479 pLoss=2.7468 vLoss=0.7986 pEnt=2.869 pIllM=0.0025 playedP=0.174 pW=0.47 pD=0.06 pL=0.47 vAbs=0.228 pLogitMean=-9.3945 vLogitMean=0.5831 gNorm=0.268 lr=0.0227 ms=2077.7 buf=500000 plies=116717004 games=1765661 rejected=0 skipped=0 epoch=0 mom=0.9047 lrCyc[pk=9.9e-01,tr=9.9e-04] trainerStep=13650
[LAYER-HEALTH] live trainerStep=13650 scope=batch_norm_state_only reluSites=9/10 ch=1040 dead=0 off=0 alwaysOn=0 worst=none maxBetaOverGamma=+1.59@policy.pre_bn[22] minBetaOverGamma=-1.86@blocks.2.bn1[11] rvMaxOverMedian=36.7@blocks.1.bn1[14] rezero=none nonFinite=0
[REPLAY] step=13700 loss=3.5578 pLoss=2.7564 vLoss=0.7989 pEnt=2.880 pIllM=0.0026 playedP=0.168 pW=0.48 pD=0.05 pL=0.47 vAbs=0.225 pLogitMean=-9.4026 vLogitMean=0.5849 gNorm=0.261 lr=0.0203 ms=2191.4 buf=500000 plies=117143685 games=1772137 rejected=0 skipped=0 epoch=0 mom=0.9063 lrCyc[pk=9.9e-01,tr=9.9e-04] trainerStep=13700
[LAYER-HEALTH] live trainerStep=13700 scope=batch_norm_state_only reluSites=9/10 ch=1040 dead=0 off=0 alwaysOn=0 worst=none maxBetaOverGamma=+1.59@policy.pre_bn[22] minBetaOverGamma=-1.86@blocks.2.bn1[11] rvMaxOverMedian=36.7@blocks.1.bn1[14] rezero=none nonFinite=0
[REPLAY] step=13750 loss=3.5223 pLoss=2.7088 vLoss=0.8109 pEnt=2.851 pIllM=0.0026 playedP=0.173 pW=0.47 pD=0.07 pL=0.46 vAbs=0.230 pLogitMean=-9.4011 vLogitMean=0.5840 gNorm=0.256 lr=0.0183 ms=2012.5 buf=500000 plies=117570293 games=1778561 rejected=0 skipped=0 epoch=0 mom=0.9078 lrCyc[pk=9.9e-01,tr=9.9e-04] trainerStep=13750
[LAYER-HEALTH] live trainerStep=13750 scope=batch_norm_state_only reluSites=9/10 ch=1040 dead=0 off=0 alwaysOn=0 worst=none maxBetaOverGamma=+1.60@policy.pre_bn[22] minBetaOverGamma=-1.86@blocks.2.bn1[11] rvMaxOverMedian=36.9@blocks.1.bn1[14] rezero=none nonFinite=0
[REPLAY] step=13800 loss=3.4771 pLoss=2.6729 vLoss=0.8012 pEnt=2.853 pIllM=0.0030 playedP=0.176 pW=0.47 pD=0.07 pL=0.46 vAbs=0.241 pLogitMean=-9.3986 vLogitMean=0.5835 gNorm=0.252 lr=0.0164 ms=2216.2 buf=500000 plies=117996986 games=1784993 rejected=0 skipped=0 epoch=0 mom=0.9094 lrCyc[pk=9.9e-01,tr=9.9e-04] trainerStep=13800
[LAYER-HEALTH] live trainerStep=13800 scope=batch_norm_state_only reluSites=9/10 ch=1040 dead=0 off=0 alwaysOn=0 worst=none maxBetaOverGamma=+1.59@policy.pre_bn[22] minBetaOverGamma=-1.86@blocks.2.bn1[11] rvMaxOverMedian=36.9@blocks.1.bn1[14] rezero=none nonFinite=0
[REPLAY] step=13850 loss=3.5442 pLoss=2.7243 vLoss=0.8175 pEnt=2.874 pIllM=0.0024 playedP=0.170 pW=0.47 pD=0.07 pL=0.46 vAbs=0.229 pLogitMean=-9.4026 vLogitMean=0.5823 gNorm=0.266 lr=0.0148 ms=2987.9 buf=500000 plies=118423578 games=1791435 rejected=0 skipped=0 epoch=0 mom=0.9109 lrCyc[pk=9.9e-01,tr=9.9e-04] trainerStep=13850
[LAYER-HEALTH] live trainerStep=13850 scope=batch_norm_state_only reluSites=9/10 ch=1040 dead=0 off=0 alwaysOn=0 worst=none maxBetaOverGamma=+1.59@policy.pre_bn[22] minBetaOverGamma=-1.86@blocks.2.bn1[11] rvMaxOverMedian=37.1@blocks.1.bn1[14] rezero=none nonFinite=0
[REPLAY] step=13900 loss=3.5009 pLoss=2.6911 vLoss=0.8071 pEnt=2.861 pIllM=0.0027 playedP=0.172 pW=0.47 pD=0.07 pL=0.46 vAbs=0.246 pLogitMean=-9.3991 vLogitMean=0.5831 gNorm=0.261 lr=0.0133 ms=2230.6 buf=500000 plies=118850240 games=1797821 rejected=0 skipped=0 epoch=0 mom=0.9125 lrCyc[pk=9.9e-01,tr=9.9e-04] trainerStep=13900
[LAYER-HEALTH] live trainerStep=13900 scope=batch_norm_state_only reluSites=9/10 ch=1040 dead=0 off=0 alwaysOn=0 worst=none maxBetaOverGamma=+1.59@policy.pre_bn[22] minBetaOverGamma=-1.86@blocks.2.bn1[11] rvMaxOverMedian=37.4@blocks.1.bn1[14] rezero=none nonFinite=0
[REPLAY] step=13950 loss=3.5191 pLoss=2.7059 vLoss=0.8104 pEnt=2.872 pIllM=0.0028 playedP=0.174 pW=0.47 pD=0.06 pL=0.47 vAbs=0.227 pLogitMean=-9.4019 vLogitMean=0.5850 gNorm=0.255 lr=0.012 ms=2950.2 buf=500000 plies=119276936 games=1804322 rejected=0 skipped=0 epoch=0 mom=0.9140 lrCyc[pk=9.9e-01,tr=9.9e-04] trainerStep=13950
[LAYER-HEALTH] live trainerStep=13950 scope=batch_norm_state_only reluSites=9/10 ch=1040 dead=0 off=0 alwaysOn=0 worst=none maxBetaOverGamma=+1.59@policy.pre_bn[22] minBetaOverGamma=-1.86@blocks.2.bn1[11] rvMaxOverMedian=37.4@blocks.1.bn1[14] rezero=none nonFinite=0
[REPLAY] step=14000 loss=3.5391 pLoss=2.7202 vLoss=0.8165 pEnt=2.863 pIllM=0.0025 playedP=0.175 pW=0.47 pD=0.07 pL=0.46 vAbs=0.232 pLogitMean=-9.4102 vLogitMean=0.5817 gNorm=0.262 lr=0.0108 ms=1884.3 buf=500000 plies=119703537 games=1810785 rejected=0 skipped=0 epoch=0 mom=0.9155 lrCyc[pk=9.9e-01,tr=9.9e-04] trainerStep=14000
[LAYER-HEALTH] live trainerStep=14000 scope=batch_norm_state_only reluSites=9/10 ch=1040 dead=0 off=0 alwaysOn=0 worst=none maxBetaOverGamma=+1.59@policy.pre_bn[22] minBetaOverGamma=-1.86@blocks.2.bn1[11] rvMaxOverMedian=37.3@blocks.1.bn1[14] rezero=none nonFinite=0
[REPLAY] saved trainer model (autosave) step=14000 trainerStep=14000 nextGame=1810785 shard=3 epoch=0 -> 20261005-lrBleaky-cyc1-replay-latest.safetensors
[LAYER-HEALTH] checkpoint replay-autosave step=14000 trainerStep=14000 scope=all_tensors reluSites=9/10 ch=1040 dead=0 off=0 alwaysOn=0 worst=none maxBetaOverGamma=+1.59@policy.pre_bn[22] minBetaOverGamma=-1.86@blocks.2.bn1[11] rvMaxOverMedian=37.3@blocks.1.bn1[14] rezero=none nonFinite=0 seZeroVel=none valueFC1ZeroVel=0/128 maxAbs=10.03@blocks.0.bn2.running_var
[LAYER-HEALTH]   batch-norm sites — β/|γ|: dead < -3.00, mostly off < -2.00, always on > +3.00; classified for relu/leaky_relu only
[LAYER-HEALTH]     site            act            ch   dead    off     on  zeroγ nonfin  min β/|γ| [ch]     max β/|γ| [ch]     rv max/median [ch]
[LAYER-HEALTH]     stem.bn         -             128    n/a    n/a    n/a      0      0     -0.83 [85]         +0.35 [110]           3.8 [43]
[LAYER-HEALTH]     blocks.0.bn1    relu          128      0      0      0      0      0     -0.73 [53]         +0.25 [18]            4.5 [14]
[LAYER-HEALTH]     blocks.0.bn2    relu          128      0      0      0      0      0     -1.24 [57]         -0.07 [58]            3.6 [97]
[LAYER-HEALTH]     blocks.1.bn1    relu          128      0      0      0      0      0     -1.26 [11]         -0.28 [31]           37.3 [14]
[LAYER-HEALTH]     blocks.1.bn2    relu          128      0      0      0      0      0     -1.65 [29]         -0.34 [95]            6.5 [49]
[LAYER-HEALTH]     blocks.2.bn1    relu          128      0      0      0      0      0     -1.86 [11]         +0.68 [31]           13.7 [125]
[LAYER-HEALTH]     blocks.2.bn2    relu          128      0      0      0      0      0     -1.41 [95]         -0.23 [33]            3.7 [26]
[LAYER-HEALTH]     tower_final_bn  relu          128      0      0      0      0      0     -0.53 [89]         +1.24 [63]            4.2 [75]
[LAYER-HEALTH]     policy.pre_bn   relu          128      0      0      0      0      0     -0.75 [47]         +1.59 [22]            4.0 [22]
[LAYER-HEALTH]     value.bn        leaky_relu     16      0      0      0      0      0     -1.84 [8]          -0.68 [1]             2.8 [5]
[LAYER-HEALTH]   FC hidden-unit velocity — zero: every weight-velocity entry exactly 0; low: nonzero but < 5% of the layer's p90 unit norm
[LAYER-HEALTH]     value.fc1.weight  leaky_relu  units 128  zero 0  low 11  median unit norm 0.004416
[LAYER-HEALTH]     (no SE blocks)
[LAYER-HEALTH]   ReZero: none
[LAYER-HEALTH]   non-finite: 0 values in 0 of 102 tensors (10263038 values examined)
[LAYER-HEALTH]   largest |value|: blocks.0.bn2.running_var 10.03, blocks.1.bn2.running_var 7.303, blocks.1.bn1.running_var 7.09, blocks.0.bn2.running_mean 5.908, policy.conv.bias 5.752
[REPLAY] enumerated checkpoint -> 20261005-lrBleaky-cyc1-replay-step14000.safetensors
[REPLAY] step=14050 loss=3.4931 pLoss=2.6764 vLoss=0.8135 pEnt=2.850 pIllM=0.0032 playedP=0.174 pW=0.47 pD=0.07 pL=0.46 vAbs=0.247 pLogitMean=-9.4095 vLogitMean=0.5828 gNorm=0.262 lr=0.00974 ms=2215.9 buf=500000 plies=120130195 games=1817145 rejected=0 skipped=0 epoch=0 mom=0.9170 lrCyc[pk=9.9e-01,tr=9.9e-04] trainerStep=14050
[LAYER-HEALTH] live trainerStep=14050 scope=batch_norm_state_only reluSites=9/10 ch=1040 dead=0 off=0 alwaysOn=0 worst=none maxBetaOverGamma=+1.58@policy.pre_bn[61] minBetaOverGamma=-1.86@blocks.2.bn1[11] rvMaxOverMedian=37.2@blocks.1.bn1[14] rezero=none nonFinite=0
[REPLAY] step=14100 loss=3.5321 pLoss=2.7226 vLoss=0.8069 pEnt=2.864 pIllM=0.0026 playedP=0.174 pW=0.47 pD=0.07 pL=0.46 vAbs=0.246 pLogitMean=-9.4076 vLogitMean=0.5828 gNorm=0.265 lr=0.0088 ms=2113.6 buf=500000 plies=120556866 games=1823555 rejected=0 skipped=0 epoch=0 mom=0.9184 lrCyc[pk=9.9e-01,tr=9.9e-04] trainerStep=14100
[LAYER-HEALTH] live trainerStep=14100 scope=batch_norm_state_only reluSites=9/10 ch=1040 dead=0 off=0 alwaysOn=0 worst=none maxBetaOverGamma=+1.59@policy.pre_bn[22] minBetaOverGamma=-1.86@blocks.2.bn1[11] rvMaxOverMedian=36.9@blocks.1.bn1[14] rezero=none nonFinite=0
[REPLAY] step=14150 loss=3.5141 pLoss=2.7028 vLoss=0.8091 pEnt=2.870 pIllM=0.0023 playedP=0.179 pW=0.47 pD=0.07 pL=0.46 vAbs=0.239 pLogitMean=-9.4095 vLogitMean=0.5822 gNorm=0.276 lr=0.00796 ms=2048.7 buf=500000 plies=120983526 games=1829985 rejected=0 skipped=0 epoch=0 mom=0.9199 lrCyc[pk=9.9e-01,tr=9.9e-04] trainerStep=14150
[LAYER-HEALTH] live trainerStep=14150 scope=batch_norm_state_only reluSites=9/10 ch=1040 dead=0 off=0 alwaysOn=0 worst=none maxBetaOverGamma=+1.59@policy.pre_bn[22] minBetaOverGamma=-1.86@blocks.2.bn1[11] rvMaxOverMedian=37.0@blocks.1.bn1[14] rezero=none nonFinite=0
[REPLAY] step=14200 loss=3.4961 pLoss=2.7033 vLoss=0.7904 pEnt=2.855 pIllM=0.0024 playedP=0.175 pW=0.47 pD=0.07 pL=0.46 vAbs=0.242 pLogitMean=-9.4078 vLogitMean=0.5819 gNorm=0.252 lr=0.00721 ms=3141.6 buf=500000 plies=121410212 games=1836444 rejected=0 skipped=0 epoch=0 mom=0.9213 lrCyc[pk=9.9e-01,tr=9.9e-04] trainerStep=14200
[LAYER-HEALTH] live trainerStep=14200 scope=batch_norm_state_only reluSites=9/10 ch=1040 dead=0 off=0 alwaysOn=0 worst=none maxBetaOverGamma=+1.59@policy.pre_bn[22] minBetaOverGamma=-1.86@blocks.2.bn1[11] rvMaxOverMedian=37.0@blocks.1.bn1[14] rezero=none nonFinite=0
[REPLAY] step=14250 loss=3.5128 pLoss=2.7111 vLoss=0.7994 pEnt=2.874 pIllM=0.0023 playedP=0.168 pW=0.47 pD=0.06 pL=0.47 vAbs=0.243 pLogitMean=-9.4107 vLogitMean=0.5824 gNorm=0.260 lr=0.00654 ms=2110.6 buf=500000 plies=121836804 games=1842943 rejected=0 skipped=0 epoch=0 mom=0.9227 lrCyc[pk=9.9e-01,tr=9.9e-04] trainerStep=14250
[LAYER-HEALTH] live trainerStep=14250 scope=batch_norm_state_only reluSites=9/10 ch=1040 dead=0 off=0 alwaysOn=0 worst=none maxBetaOverGamma=+1.58@policy.pre_bn[22] minBetaOverGamma=-1.86@blocks.2.bn1[11] rvMaxOverMedian=37.0@blocks.1.bn1[14] rezero=none nonFinite=0
[REPLAY] step=14300 loss=3.5751 pLoss=2.7493 vLoss=0.8234 pEnt=2.878 pIllM=0.0025 playedP=0.172 pW=0.47 pD=0.07 pL=0.46 vAbs=0.239 pLogitMean=-9.4125 vLogitMean=0.5817 gNorm=0.258 lr=0.00594 ms=2611.1 buf=500000 plies=122263420 games=1849371 rejected=0 skipped=0 epoch=0 mom=0.9241 lrCyc[pk=9.9e-01,tr=9.9e-04] trainerStep=14300
[LAYER-HEALTH] live trainerStep=14300 scope=batch_norm_state_only reluSites=9/10 ch=1040 dead=0 off=0 alwaysOn=0 worst=none maxBetaOverGamma=+1.58@policy.pre_bn[61] minBetaOverGamma=-1.86@blocks.2.bn1[11] rvMaxOverMedian=37.1@blocks.1.bn1[14] rezero=none nonFinite=0
[REPLAY] step=14350 loss=3.5161 pLoss=2.7111 vLoss=0.8026 pEnt=2.862 pIllM=0.0024 playedP=0.176 pW=0.47 pD=0.07 pL=0.46 vAbs=0.244 pLogitMean=-9.4103 vLogitMean=0.5843 gNorm=0.272 lr=0.00541 ms=2116.4 buf=500000 plies=122690105 games=1855830 rejected=0 skipped=0 epoch=0 mom=0.9255 lrCyc[pk=9.9e-01,tr=9.9e-04] trainerStep=14350
[LAYER-HEALTH] live trainerStep=14350 scope=batch_norm_state_only reluSites=9/10 ch=1040 dead=0 off=0 alwaysOn=0 worst=none maxBetaOverGamma=+1.58@policy.pre_bn[61] minBetaOverGamma=-1.86@blocks.2.bn1[11] rvMaxOverMedian=37.0@blocks.1.bn1[14] rezero=none nonFinite=0
[REPLAY] step=14400 loss=3.5219 pLoss=2.7116 vLoss=0.8079 pEnt=2.873 pIllM=0.0024 playedP=0.175 pW=0.47 pD=0.06 pL=0.47 vAbs=0.234 pLogitMean=-9.4119 vLogitMean=0.5819 gNorm=0.263 lr=0.00493 ms=2918.1 buf=500000 plies=123116731 games=1862265 rejected=0 skipped=0 epoch=0 mom=0.9268 lrCyc[pk=9.9e-01,tr=9.9e-04] trainerStep=14400
[LAYER-HEALTH] live trainerStep=14400 scope=batch_norm_state_only reluSites=9/10 ch=1040 dead=0 off=0 alwaysOn=0 worst=none maxBetaOverGamma=+1.59@policy.pre_bn[22] minBetaOverGamma=-1.86@blocks.2.bn1[11] rvMaxOverMedian=37.1@blocks.1.bn1[14] rezero=none nonFinite=0
[REPLAY] step=14450 loss=3.5069 pLoss=2.6977 vLoss=0.8066 pEnt=2.866 pIllM=0.0026 playedP=0.179 pW=0.47 pD=0.07 pL=0.46 vAbs=0.243 pLogitMean=-9.4094 vLogitMean=0.5813 gNorm=0.272 lr=0.0045 ms=2314.3 buf=500000 plies=123543369 games=1868691 rejected=0 skipped=0 epoch=0 mom=0.9281 lrCyc[pk=9.9e-01,tr=9.9e-04] trainerStep=14450
[LAYER-HEALTH] live trainerStep=14450 scope=batch_norm_state_only reluSites=9/10 ch=1040 dead=0 off=0 alwaysOn=0 worst=none maxBetaOverGamma=+1.59@policy.pre_bn[22] minBetaOverGamma=-1.86@blocks.2.bn1[11] rvMaxOverMedian=37.0@blocks.1.bn1[14] rezero=none nonFinite=0
[REPLAY] step=14500 loss=3.5114 pLoss=2.7143 vLoss=0.7946 pEnt=2.876 pIllM=0.0025 playedP=0.173 pW=0.47 pD=0.07 pL=0.46 vAbs=0.244 pLogitMean=-9.4100 vLogitMean=0.5840 gNorm=0.259 lr=0.00412 ms=2725.2 buf=500000 plies=123970090 games=1875096 rejected=0 skipped=0 epoch=0 mom=0.9294 lrCyc[pk=9.9e-01,tr=9.9e-04] trainerStep=14500
[LAYER-HEALTH] live trainerStep=14500 scope=batch_norm_state_only reluSites=9/10 ch=1040 dead=0 off=0 alwaysOn=0 worst=none maxBetaOverGamma=+1.59@policy.pre_bn[22] minBetaOverGamma=-1.86@blocks.2.bn1[11] rvMaxOverMedian=36.9@blocks.1.bn1[14] rezero=none nonFinite=0
[REPLAY] step=14550 loss=3.5551 pLoss=2.7248 vLoss=0.8281 pEnt=2.871 pIllM=0.0023 playedP=0.173 pW=0.47 pD=0.07 pL=0.46 vAbs=0.234 pLogitMean=-9.4098 vLogitMean=0.5809 gNorm=0.252 lr=0.00378 ms=2152.4 buf=500000 plies=124396681 games=1881572 rejected=0 skipped=0 epoch=0 mom=0.9307 lrCyc[pk=9.9e-01,tr=9.9e-04] trainerStep=14550
[LAYER-HEALTH] live trainerStep=14550 scope=batch_norm_state_only reluSites=9/10 ch=1040 dead=0 off=0 alwaysOn=0 worst=none maxBetaOverGamma=+1.59@policy.pre_bn[22] minBetaOverGamma=-1.85@blocks.2.bn1[11] rvMaxOverMedian=36.8@blocks.1.bn1[14] rezero=none nonFinite=0
[REPLAY] step=14600 loss=3.5224 pLoss=2.7056 vLoss=0.8143 pEnt=2.869 pIllM=0.0026 playedP=0.173 pW=0.47 pD=0.07 pL=0.46 vAbs=0.231 pLogitMean=-9.4108 vLogitMean=0.5832 gNorm=0.273 lr=0.00347 ms=2720.3 buf=500000 plies=124823339 games=1887949 rejected=0 skipped=0 epoch=0 mom=0.9319 lrCyc[pk=9.9e-01,tr=9.9e-04] trainerStep=14600
[LAYER-HEALTH] live trainerStep=14600 scope=batch_norm_state_only reluSites=9/10 ch=1040 dead=0 off=0 alwaysOn=0 worst=none maxBetaOverGamma=+1.59@policy.pre_bn[22] minBetaOverGamma=-1.86@value.bn[8] rvMaxOverMedian=36.7@blocks.1.bn1[14] rezero=none nonFinite=0
[REPLAY] step=14650 loss=3.5576 pLoss=2.7405 vLoss=0.8143 pEnt=2.891 pIllM=0.0028 playedP=0.172 pW=0.47 pD=0.07 pL=0.46 vAbs=0.236 pLogitMean=-9.4125 vLogitMean=0.5818 gNorm=0.271 lr=0.0032 ms=2249.8 buf=500000 plies=125250024 games=1894402 rejected=0 skipped=0 epoch=0 mom=0.9331 lrCyc[pk=9.9e-01,tr=9.9e-04] trainerStep=14650
[LAYER-HEALTH] live trainerStep=14650 scope=batch_norm_state_only reluSites=9/10 ch=1040 dead=0 off=0 alwaysOn=0 worst=none maxBetaOverGamma=+1.59@policy.pre_bn[22] minBetaOverGamma=-1.85@blocks.2.bn1[11] rvMaxOverMedian=36.7@blocks.1.bn1[14] rezero=none nonFinite=0
[REPLAY] step=14700 loss=3.5052 pLoss=2.7019 vLoss=0.8006 pEnt=2.870 pIllM=0.0027 playedP=0.173 pW=0.47 pD=0.07 pL=0.46 vAbs=0.241 pLogitMean=-9.4099 vLogitMean=0.5825 gNorm=0.258 lr=0.00295 ms=2189.7 buf=500000 plies=125676673 games=1900825 rejected=0 skipped=0 epoch=0 mom=0.9342 lrCyc[pk=9.9e-01,tr=9.9e-04] trainerStep=14700
[LAYER-HEALTH] live trainerStep=14700 scope=batch_norm_state_only reluSites=9/10 ch=1040 dead=0 off=0 alwaysOn=0 worst=none maxBetaOverGamma=+1.59@policy.pre_bn[22] minBetaOverGamma=-1.85@blocks.2.bn1[11] rvMaxOverMedian=36.6@blocks.1.bn1[14] rezero=none nonFinite=0
[REPLAY] step=14750 loss=3.5021 pLoss=2.6974 vLoss=0.8020 pEnt=2.851 pIllM=0.0027 playedP=0.178 pW=0.47 pD=0.07 pL=0.46 vAbs=0.239 pLogitMean=-9.4121 vLogitMean=0.5818 gNorm=0.273 lr=0.00273 ms=2080.8 buf=500000 plies=126103295 games=1907277 rejected=0 skipped=0 epoch=0 mom=0.9354 lrCyc[pk=9.9e-01,tr=9.9e-04] trainerStep=14750
[LAYER-HEALTH] live trainerStep=14750 scope=batch_norm_state_only reluSites=9/10 ch=1040 dead=0 off=0 alwaysOn=0 worst=none maxBetaOverGamma=+1.59@policy.pre_bn[22] minBetaOverGamma=-1.85@blocks.2.bn1[11] rvMaxOverMedian=36.6@blocks.1.bn1[14] rezero=none nonFinite=0
[REPLAY] step=14800 loss=3.5285 pLoss=2.7035 vLoss=0.8225 pEnt=2.887 pIllM=0.0025 playedP=0.170 pW=0.47 pD=0.07 pL=0.46 vAbs=0.242 pLogitMean=-9.4112 vLogitMean=0.5819 gNorm=0.259 lr=0.00253 ms=2578.6 buf=500000 plies=126529956 games=1913704 rejected=0 skipped=0 epoch=0 mom=0.9365 lrCyc[pk=9.9e-01,tr=9.9e-04] trainerStep=14800
[LAYER-HEALTH] live trainerStep=14800 scope=batch_norm_state_only reluSites=9/10 ch=1040 dead=0 off=0 alwaysOn=0 worst=none maxBetaOverGamma=+1.59@policy.pre_bn[22] minBetaOverGamma=-1.85@blocks.2.bn1[11] rvMaxOverMedian=36.7@blocks.1.bn1[14] rezero=none nonFinite=0
[REPLAY] step=14850 loss=3.5092 pLoss=2.7028 vLoss=0.8040 pEnt=2.864 pIllM=0.0025 playedP=0.173 pW=0.47 pD=0.07 pL=0.46 vAbs=0.244 pLogitMean=-9.4103 vLogitMean=0.5828 gNorm=0.259 lr=0.00235 ms=1950.2 buf=500000 plies=126956673 games=1920158 rejected=0 skipped=0 epoch=0 mom=0.9375 lrCyc[pk=9.9e-01,tr=9.9e-04] trainerStep=14850
[LAYER-HEALTH] live trainerStep=14850 scope=batch_norm_state_only reluSites=9/10 ch=1040 dead=0 off=0 alwaysOn=0 worst=none maxBetaOverGamma=+1.58@policy.pre_bn[22] minBetaOverGamma=-1.85@value.bn[8] rvMaxOverMedian=36.7@blocks.1.bn1[14] rezero=none nonFinite=0
[REPLAY] step=14900 loss=3.4969 pLoss=2.6911 vLoss=0.8035 pEnt=2.857 pIllM=0.0023 playedP=0.175 pW=0.47 pD=0.07 pL=0.46 vAbs=0.245 pLogitMean=-9.4109 vLogitMean=0.5819 gNorm=0.257 lr=0.00219 ms=2501.5 buf=500000 plies=127383221 games=1926621 rejected=0 skipped=0 epoch=0 mom=0.9385 lrCyc[pk=9.9e-01,tr=9.9e-04] trainerStep=14900
[LAYER-HEALTH] live trainerStep=14900 scope=batch_norm_state_only reluSites=9/10 ch=1040 dead=0 off=0 alwaysOn=0 worst=none maxBetaOverGamma=+1.58@policy.pre_bn[61] minBetaOverGamma=-1.86@value.bn[8] rvMaxOverMedian=36.6@blocks.1.bn1[14] rezero=none nonFinite=0
[REPLAY] step=14950 loss=3.5229 pLoss=2.6985 vLoss=0.8219 pEnt=2.872 pIllM=0.0025 playedP=0.176 pW=0.47 pD=0.07 pL=0.46 vAbs=0.237 pLogitMean=-9.4100 vLogitMean=0.5818 gNorm=0.273 lr=0.00205 ms=2206.3 buf=500000 plies=127809923 games=1933072 rejected=0 skipped=0 epoch=0 mom=0.9395 lrCyc[pk=9.9e-01,tr=9.9e-04] trainerStep=14950
[LAYER-HEALTH] live trainerStep=14950 scope=batch_norm_state_only reluSites=9/10 ch=1040 dead=0 off=0 alwaysOn=0 worst=none maxBetaOverGamma=+1.58@policy.pre_bn[22] minBetaOverGamma=-1.86@value.bn[8] rvMaxOverMedian=36.4@blocks.1.bn1[14] rezero=none nonFinite=0
[REPLAY] step=15000 loss=3.5063 pLoss=2.6963 vLoss=0.8077 pEnt=2.857 pIllM=0.0022 playedP=0.176 pW=0.47 pD=0.07 pL=0.46 vAbs=0.240 pLogitMean=-9.4117 vLogitMean=0.5829 gNorm=0.252 lr=0.00192 ms=2667.6 buf=500000 plies=128236536 games=1939460 rejected=0 skipped=0 epoch=0 mom=0.9405 lrCyc[pk=9.9e-01,tr=9.9e-04] trainerStep=15000
[LAYER-HEALTH] live trainerStep=15000 scope=batch_norm_state_only reluSites=9/10 ch=1040 dead=0 off=0 alwaysOn=0 worst=none maxBetaOverGamma=+1.58@policy.pre_bn[22] minBetaOverGamma=-1.86@value.bn[8] rvMaxOverMedian=36.1@blocks.1.bn1[14] rezero=none nonFinite=0
[REPLAY] saved trainer model (autosave) step=15000 trainerStep=15000 nextGame=1939460 shard=4 epoch=0 -> 20261005-lrBleaky-cyc1-replay-latest.safetensors
[LAYER-HEALTH] checkpoint replay-autosave step=15000 trainerStep=15000 scope=all_tensors reluSites=9/10 ch=1040 dead=0 off=0 alwaysOn=0 worst=none maxBetaOverGamma=+1.58@policy.pre_bn[22] minBetaOverGamma=-1.86@value.bn[8] rvMaxOverMedian=36.1@blocks.1.bn1[14] rezero=none nonFinite=0 seZeroVel=none valueFC1ZeroVel=0/128 maxAbs=10.1@blocks.0.bn2.running_var
[LAYER-HEALTH]   batch-norm sites — β/|γ|: dead < -3.00, mostly off < -2.00, always on > +3.00; classified for relu/leaky_relu only
[LAYER-HEALTH]     site            act            ch   dead    off     on  zeroγ nonfin  min β/|γ| [ch]     max β/|γ| [ch]     rv max/median [ch]
[LAYER-HEALTH]     stem.bn         -             128    n/a    n/a    n/a      0      0     -0.83 [85]         +0.35 [110]           4.0 [43]
[LAYER-HEALTH]     blocks.0.bn1    relu          128      0      0      0      0      0     -0.73 [53]         +0.25 [18]            4.5 [14]
[LAYER-HEALTH]     blocks.0.bn2    relu          128      0      0      0      0      0     -1.23 [57]         -0.07 [58]            3.7 [97]
[LAYER-HEALTH]     blocks.1.bn1    relu          128      0      0      0      0      0     -1.27 [11]         -0.28 [31]           36.1 [14]
[LAYER-HEALTH]     blocks.1.bn2    relu          128      0      0      0      0      0     -1.65 [29]         -0.34 [95]            6.4 [49]
[LAYER-HEALTH]     blocks.2.bn1    relu          128      0      0      0      0      0     -1.85 [11]         +0.69 [31]           13.8 [125]
[LAYER-HEALTH]     blocks.2.bn2    relu          128      0      0      0      0      0     -1.41 [95]         -0.23 [33]            3.7 [26]
[LAYER-HEALTH]     tower_final_bn  relu          128      0      0      0      0      0     -0.53 [89]         +1.24 [114]           4.3 [75]
[LAYER-HEALTH]     policy.pre_bn   relu          128      0      0      0      0      0     -0.76 [47]         +1.58 [22]            4.1 [22]
[LAYER-HEALTH]     value.bn        leaky_relu     16      0      0      0      0      0     -1.86 [8]          -0.67 [1]             2.8 [5]
[LAYER-HEALTH]   FC hidden-unit velocity — zero: every weight-velocity entry exactly 0; low: nonzero but < 5% of the layer's p90 unit norm
[LAYER-HEALTH]     value.fc1.weight  leaky_relu  units 128  zero 0  low 10  median unit norm 0.004996
[LAYER-HEALTH]     (no SE blocks)
[LAYER-HEALTH]   ReZero: none
[LAYER-HEALTH]   non-finite: 0 values in 0 of 102 tensors (10263038 values examined)
[LAYER-HEALTH]   largest |value|: blocks.0.bn2.running_var 10.1, blocks.1.bn2.running_var 7.188, blocks.1.bn1.running_var 7.016, blocks.0.bn2.running_mean 5.861, policy.conv.bias 5.757
[REPLAY] enumerated checkpoint -> 20261005-lrBleaky-cyc1-replay-step15000.safetensors
[REPLAY] step=15050 loss=3.5183 pLoss=2.7239 vLoss=0.7921 pEnt=2.869 pIllM=0.0022 playedP=0.173 pW=0.47 pD=0.07 pL=0.46 vAbs=0.239 pLogitMean=-9.4111 vLogitMean=0.5818 gNorm=0.254 lr=0.0018 ms=2243.4 buf=500000 plies=128663182 games=1945882 rejected=0 skipped=0 epoch=0 mom=0.9414 lrCyc[pk=9.9e-01,tr=9.9e-04] trainerStep=15050
[LAYER-HEALTH] live trainerStep=15050 scope=batch_norm_state_only reluSites=9/10 ch=1040 dead=0 off=0 alwaysOn=0 worst=none maxBetaOverGamma=+1.58@policy.pre_bn[61] minBetaOverGamma=-1.85@blocks.2.bn1[11] rvMaxOverMedian=36.0@blocks.1.bn1[14] rezero=none nonFinite=0
[REPLAY] step=15100 loss=3.5556 pLoss=2.7389 vLoss=0.8140 pEnt=2.876 pIllM=0.0027 playedP=0.168 pW=0.47 pD=0.07 pL=0.46 vAbs=0.231 pLogitMean=-9.4135 vLogitMean=0.5821 gNorm=0.247 lr=0.0017 ms=2091.9 buf=500000 plies=129089953 games=1952348 rejected=0 skipped=0 epoch=0 mom=0.9422 lrCyc[pk=9.9e-01,tr=9.9e-04] trainerStep=15100
[LAYER-HEALTH] live trainerStep=15100 scope=batch_norm_state_only reluSites=9/10 ch=1040 dead=0 off=0 alwaysOn=0 worst=none maxBetaOverGamma=+1.58@policy.pre_bn[61] minBetaOverGamma=-1.85@blocks.2.bn1[11] rvMaxOverMedian=36.0@blocks.1.bn1[14] rezero=none nonFinite=0
[REPLAY] step=15150 loss=3.5184 pLoss=2.7067 vLoss=0.8091 pEnt=2.867 pIllM=0.0026 playedP=0.174 pW=0.47 pD=0.07 pL=0.46 vAbs=0.238 pLogitMean=-9.4121 vLogitMean=0.5805 gNorm=0.264 lr=0.00161 ms=2185.4 buf=500000 plies=129516515 games=1958806 rejected=0 skipped=0 epoch=0 mom=0.9430 lrCyc[pk=9.9e-01,tr=9.9e-04] trainerStep=15150
[LAYER-HEALTH] live trainerStep=15150 scope=batch_norm_state_only reluSites=9/10 ch=1040 dead=0 off=0 alwaysOn=0 worst=none maxBetaOverGamma=+1.58@policy.pre_bn[61] minBetaOverGamma=-1.85@blocks.2.bn1[11] rvMaxOverMedian=36.2@blocks.1.bn1[14] rezero=none nonFinite=0
[REPLAY] step=15200 loss=3.5046 pLoss=2.7035 vLoss=0.7986 pEnt=2.878 pIllM=0.0026 playedP=0.174 pW=0.47 pD=0.06 pL=0.46 vAbs=0.239 pLogitMean=-9.4123 vLogitMean=0.5851 gNorm=0.265 lr=0.00152 ms=1804.3 buf=500000 plies=129943160 games=1965291 rejected=0 skipped=0 epoch=0 mom=0.9438 lrCyc[pk=9.9e-01,tr=9.9e-04] trainerStep=15200
[LAYER-HEALTH] live trainerStep=15200 scope=batch_norm_state_only reluSites=9/10 ch=1040 dead=0 off=0 alwaysOn=0 worst=none maxBetaOverGamma=+1.58@policy.pre_bn[61] minBetaOverGamma=-1.85@blocks.2.bn1[11] rvMaxOverMedian=36.3@blocks.1.bn1[14] rezero=none nonFinite=0
[REPLAY] step=15250 loss=3.5599 pLoss=2.7413 vLoss=0.8160 pEnt=2.868 pIllM=0.0026 playedP=0.174 pW=0.47 pD=0.07 pL=0.46 vAbs=0.234 pLogitMean=-9.4111 vLogitMean=0.5867 gNorm=0.253 lr=0.00145 ms=2043.4 buf=500000 plies=130369822 games=1971741 rejected=0 skipped=0 epoch=0 mom=0.9446 lrCyc[pk=9.9e-01,tr=9.9e-04] trainerStep=15250
[LAYER-HEALTH] live trainerStep=15250 scope=batch_norm_state_only reluSites=9/10 ch=1040 dead=0 off=0 alwaysOn=0 worst=none maxBetaOverGamma=+1.58@policy.pre_bn[61] minBetaOverGamma=-1.85@value.bn[8] rvMaxOverMedian=36.3@blocks.1.bn1[14] rezero=none nonFinite=0
[REPLAY] step=15300 loss=3.5525 pLoss=2.7425 vLoss=0.8073 pEnt=2.866 pIllM=0.0026 playedP=0.173 pW=0.47 pD=0.07 pL=0.46 vAbs=0.230 pLogitMean=-9.4115 vLogitMean=0.5825 gNorm=0.260 lr=0.00138 ms=2139.5 buf=500000 plies=130796447 games=1978179 rejected=0 skipped=0 epoch=0 mom=0.9452 lrCyc[pk=9.9e-01,tr=9.9e-04] trainerStep=15300
[LAYER-HEALTH] live trainerStep=15300 scope=batch_norm_state_only reluSites=9/10 ch=1040 dead=0 off=0 alwaysOn=0 worst=none maxBetaOverGamma=+1.58@policy.pre_bn[61] minBetaOverGamma=-1.85@value.bn[8] rvMaxOverMedian=36.3@blocks.1.bn1[14] rezero=none nonFinite=0
[REPLAY] step=15350 loss=3.5319 pLoss=2.7375 vLoss=0.7921 pEnt=2.870 pIllM=0.0023 playedP=0.176 pW=0.47 pD=0.06 pL=0.47 vAbs=0.238 pLogitMean=-9.4114 vLogitMean=0.5849 gNorm=0.254 lr=0.00132 ms=2038.1 buf=500000 plies=131223080 games=1984586 rejected=0 skipped=0 epoch=0 mom=0.9459 lrCyc[pk=9.9e-01,tr=9.9e-04] trainerStep=15350
[LAYER-HEALTH] live trainerStep=15350 scope=batch_norm_state_only reluSites=9/10 ch=1040 dead=0 off=0 alwaysOn=0 worst=none maxBetaOverGamma=+1.58@policy.pre_bn[61] minBetaOverGamma=-1.85@blocks.2.bn1[11] rvMaxOverMedian=36.3@blocks.1.bn1[14] rezero=none nonFinite=0
[REPLAY] step=15400 loss=3.5546 pLoss=2.7315 vLoss=0.8208 pEnt=2.875 pIllM=0.0023 playedP=0.172 pW=0.47 pD=0.06 pL=0.46 vAbs=0.239 pLogitMean=-9.4110 vLogitMean=0.5849 gNorm=0.267 lr=0.00127 ms=2065.7 buf=500000 plies=131649799 games=1990953 rejected=0 skipped=0 epoch=0 mom=0.9465 lrCyc[pk=9.9e-01,tr=9.9e-04] trainerStep=15400
[LAYER-HEALTH] live trainerStep=15400 scope=batch_norm_state_only reluSites=9/10 ch=1040 dead=0 off=0 alwaysOn=0 worst=none maxBetaOverGamma=+1.58@policy.pre_bn[61] minBetaOverGamma=-1.85@value.bn[8] rvMaxOverMedian=36.3@blocks.1.bn1[14] rezero=none nonFinite=0
[REPLAY] step=15450 loss=3.5224 pLoss=2.7198 vLoss=0.8002 pEnt=2.848 pIllM=0.0023 playedP=0.178 pW=0.47 pD=0.07 pL=0.46 vAbs=0.242 pLogitMean=-9.4114 vLogitMean=0.5820 gNorm=0.254 lr=0.00122 ms=2063.9 buf=500000 plies=132076385 games=1997328 rejected=0 skipped=0 epoch=0 mom=0.9470 lrCyc[pk=9.9e-01,tr=9.9e-04] trainerStep=15450
[LAYER-HEALTH] live trainerStep=15450 scope=batch_norm_state_only reluSites=9/10 ch=1040 dead=0 off=0 alwaysOn=0 worst=none maxBetaOverGamma=+1.58@policy.pre_bn[61] minBetaOverGamma=-1.85@value.bn[8] rvMaxOverMedian=36.3@blocks.1.bn1[14] rezero=none nonFinite=0
[REPLAY] step=15500 loss=3.5077 pLoss=2.7010 vLoss=0.8041 pEnt=2.880 pIllM=0.0027 playedP=0.170 pW=0.47 pD=0.07 pL=0.46 vAbs=0.242 pLogitMean=-9.4124 vLogitMean=0.5820 gNorm=0.259 lr=0.00118 ms=2786.9 buf=500000 plies=132503068 games=2003720 rejected=0 skipped=0 epoch=0 mom=0.9476 lrCyc[pk=9.9e-01,tr=9.9e-04] trainerStep=15500
[LAYER-HEALTH] live trainerStep=15500 scope=batch_norm_state_only reluSites=9/10 ch=1040 dead=0 off=0 alwaysOn=0 worst=none maxBetaOverGamma=+1.58@policy.pre_bn[61] minBetaOverGamma=-1.85@value.bn[8] rvMaxOverMedian=36.3@blocks.1.bn1[14] rezero=none nonFinite=0
[REPLAY] step=15550 loss=3.5124 pLoss=2.6927 vLoss=0.8174 pEnt=2.876 pIllM=0.0024 playedP=0.169 pW=0.47 pD=0.07 pL=0.46 vAbs=0.240 pLogitMean=-9.4118 vLogitMean=0.5818 gNorm=0.292 lr=0.00114 ms=2275.4 buf=500000 plies=132929718 games=2010105 rejected=0 skipped=0 epoch=0 mom=0.9480 lrCyc[pk=9.9e-01,tr=9.9e-04] trainerStep=15550
[LAYER-HEALTH] live trainerStep=15550 scope=batch_norm_state_only reluSites=9/10 ch=1040 dead=0 off=0 alwaysOn=0 worst=none maxBetaOverGamma=+1.58@policy.pre_bn[61] minBetaOverGamma=-1.85@value.bn[8] rvMaxOverMedian=36.3@blocks.1.bn1[14] rezero=none nonFinite=0
[REPLAY] step=15600 loss=3.5205 pLoss=2.7172 vLoss=0.8009 pEnt=2.852 pIllM=0.0024 playedP=0.176 pW=0.47 pD=0.07 pL=0.46 vAbs=0.243 pLogitMean=-9.4123 vLogitMean=0.5831 gNorm=0.257 lr=0.00111 ms=2827.7 buf=500000 plies=133356347 games=2016453 rejected=0 skipped=0 epoch=0 mom=0.9484 lrCyc[pk=9.9e-01,tr=9.9e-04] trainerStep=15600
[LAYER-HEALTH] live trainerStep=15600 scope=batch_norm_state_only reluSites=9/10 ch=1040 dead=0 off=0 alwaysOn=0 worst=none maxBetaOverGamma=+1.58@policy.pre_bn[61] minBetaOverGamma=-1.85@value.bn[8] rvMaxOverMedian=36.4@blocks.1.bn1[14] rezero=none nonFinite=0
[REPLAY] step=15650 loss=3.5080 pLoss=2.7009 vLoss=0.8044 pEnt=2.859 pIllM=0.0027 playedP=0.174 pW=0.47 pD=0.07 pL=0.46 vAbs=0.245 pLogitMean=-9.4117 vLogitMean=0.5821 gNorm=0.259 lr=0.00108 ms=2120.0 buf=500000 plies=133782999 games=2022808 rejected=0 skipped=0 epoch=0 mom=0.9488 lrCyc[pk=9.9e-01,tr=9.9e-04] trainerStep=15650
[LAYER-HEALTH] live trainerStep=15650 scope=batch_norm_state_only reluSites=9/10 ch=1040 dead=0 off=0 alwaysOn=0 worst=none maxBetaOverGamma=+1.58@policy.pre_bn[61] minBetaOverGamma=-1.85@value.bn[8] rvMaxOverMedian=36.6@blocks.1.bn1[14] rezero=none nonFinite=0
[REPLAY] step=15700 loss=3.5025 pLoss=2.7044 vLoss=0.7956 pEnt=2.852 pIllM=0.0024 playedP=0.174 pW=0.47 pD=0.07 pL=0.46 vAbs=0.243 pLogitMean=-9.4114 vLogitMean=0.5822 gNorm=0.263 lr=0.00106 ms=2621.5 buf=500000 plies=134209628 games=2029244 rejected=0 skipped=0 epoch=0 mom=0.9491 lrCyc[pk=9.9e-01,tr=9.9e-04] trainerStep=15700
[LAYER-HEALTH] live trainerStep=15700 scope=batch_norm_state_only reluSites=9/10 ch=1040 dead=0 off=0 alwaysOn=0 worst=none maxBetaOverGamma=+1.58@policy.pre_bn[61] minBetaOverGamma=-1.85@blocks.2.bn1[11] rvMaxOverMedian=36.7@blocks.1.bn1[14] rezero=none nonFinite=0
[REPLAY] step=15750 loss=3.5359 pLoss=2.7257 vLoss=0.8079 pEnt=2.870 pIllM=0.0023 playedP=0.173 pW=0.47 pD=0.07 pL=0.46 vAbs=0.244 pLogitMean=-9.4125 vLogitMean=0.5815 gNorm=0.270 lr=0.00104 ms=2402.6 buf=500000 plies=134636281 games=2035593 rejected=0 skipped=0 epoch=0 mom=0.9494 lrCyc[pk=9.9e-01,tr=9.9e-04] trainerStep=15750
[LAYER-HEALTH] live trainerStep=15750 scope=batch_norm_state_only reluSites=9/10 ch=1040 dead=0 off=0 alwaysOn=0 worst=none maxBetaOverGamma=+1.58@policy.pre_bn[61] minBetaOverGamma=-1.85@blocks.2.bn1[11] rvMaxOverMedian=36.7@blocks.1.bn1[14] rezero=none nonFinite=0
[REPLAY] step=15800 loss=3.5014 pLoss=2.6961 vLoss=0.8027 pEnt=2.845 pIllM=0.0026 playedP=0.179 pW=0.47 pD=0.07 pL=0.46 vAbs=0.245 pLogitMean=-9.4111 vLogitMean=0.5824 gNorm=0.252 lr=0.00102 ms=2383.1 buf=500000 plies=135062937 games=2042012 rejected=0 skipped=0 epoch=0 mom=0.9496 lrCyc[pk=9.9e-01,tr=9.9e-04] trainerStep=15800
[LAYER-HEALTH] live trainerStep=15800 scope=batch_norm_state_only reluSites=9/10 ch=1040 dead=0 off=0 alwaysOn=0 worst=none maxBetaOverGamma=+1.58@policy.pre_bn[61] minBetaOverGamma=-1.85@blocks.2.bn1[11] rvMaxOverMedian=36.7@blocks.1.bn1[14] rezero=none nonFinite=0
[REPLAY] step=15850 loss=3.5071 pLoss=2.7044 vLoss=0.8004 pEnt=2.851 pIllM=0.0022 playedP=0.177 pW=0.47 pD=0.07 pL=0.46 vAbs=0.242 pLogitMean=-9.4100 vLogitMean=0.5828 gNorm=0.258 lr=0.00101 ms=1941.9 buf=500000 plies=135489605 games=2048407 rejected=0 skipped=0 epoch=0 mom=0.9498 lrCyc[pk=9.9e-01,tr=9.9e-04] trainerStep=15850
[LAYER-HEALTH] live trainerStep=15850 scope=batch_norm_state_only reluSites=9/10 ch=1040 dead=0 off=0 alwaysOn=0 worst=none maxBetaOverGamma=+1.58@policy.pre_bn[61] minBetaOverGamma=-1.85@blocks.2.bn1[11] rvMaxOverMedian=36.7@blocks.1.bn1[14] rezero=none nonFinite=0
[REPLAY] step=15900 loss=3.4998 pLoss=2.6873 vLoss=0.8102 pEnt=2.862 pIllM=0.0023 playedP=0.174 pW=0.47 pD=0.07 pL=0.46 vAbs=0.245 pLogitMean=-9.4100 vLogitMean=0.5827 gNorm=0.277 lr=0.001 ms=2547.5 buf=500000 plies=135916238 games=2054898 rejected=0 skipped=0 epoch=0 mom=0.9499 lrCyc[pk=9.9e-01,tr=9.9e-04] trainerStep=15900
[LAYER-HEALTH] live trainerStep=15900 scope=batch_norm_state_only reluSites=9/10 ch=1040 dead=0 off=0 alwaysOn=0 worst=none maxBetaOverGamma=+1.58@policy.pre_bn[22] minBetaOverGamma=-1.85@blocks.2.bn1[11] rvMaxOverMedian=36.6@blocks.1.bn1[14] rezero=none nonFinite=0
[REPLAY] step=15950 loss=3.4985 pLoss=2.7081 vLoss=0.7878 pEnt=2.861 pIllM=0.0025 playedP=0.175 pW=0.47 pD=0.07 pL=0.46 vAbs=0.244 pLogitMean=-9.4105 vLogitMean=0.5832 gNorm=0.259 lr=0.000995 ms=2224.7 buf=500000 plies=136342913 games=2061309 rejected=0 skipped=0 epoch=0 mom=0.9500 lrCyc[pk=9.9e-01,tr=9.9e-04] trainerStep=15950
[LAYER-HEALTH] live trainerStep=15950 scope=batch_norm_state_only reluSites=9/10 ch=1040 dead=0 off=0 alwaysOn=0 worst=none maxBetaOverGamma=+1.58@policy.pre_bn[22] minBetaOverGamma=-1.85@blocks.2.bn1[11] rvMaxOverMedian=36.6@blocks.1.bn1[14] rezero=none nonFinite=0
[REPLAY] step=16000 loss=3.5016 pLoss=2.6894 vLoss=0.8098 pEnt=2.867 pIllM=0.0023 playedP=0.173 pW=0.47 pD=0.07 pL=0.46 vAbs=0.250 pLogitMean=-9.4120 vLogitMean=0.5811 gNorm=0.271 lr=0.000993 ms=3341.0 buf=500000 plies=136769555 games=2067758 rejected=0 skipped=0 epoch=0 mom=0.9500 lrCyc[pk=9.9e-01,tr=9.9e-04] trainerStep=16000
[LAYER-HEALTH] live trainerStep=16000 scope=batch_norm_state_only reluSites=9/10 ch=1040 dead=0 off=0 alwaysOn=0 worst=none maxBetaOverGamma=+1.58@policy.pre_bn[22] minBetaOverGamma=-1.85@blocks.2.bn1[11] rvMaxOverMedian=36.6@blocks.1.bn1[14] rezero=none nonFinite=0
[REPLAY] saved trainer model (autosave) step=16000 trainerStep=16000 nextGame=2067758 shard=4 epoch=0 -> 20261005-lrBleaky-cyc1-replay-latest.safetensors
[LAYER-HEALTH] checkpoint replay-autosave step=16000 trainerStep=16000 scope=all_tensors reluSites=9/10 ch=1040 dead=0 off=0 alwaysOn=0 worst=none maxBetaOverGamma=+1.58@policy.pre_bn[22] minBetaOverGamma=-1.85@blocks.2.bn1[11] rvMaxOverMedian=36.6@blocks.1.bn1[14] rezero=none nonFinite=0 seZeroVel=none valueFC1ZeroVel=0/128 maxAbs=9.935@blocks.0.bn2.running_var
[LAYER-HEALTH]   batch-norm sites — β/|γ|: dead < -3.00, mostly off < -2.00, always on > +3.00; classified for relu/leaky_relu only
[LAYER-HEALTH]     site            act            ch   dead    off     on  zeroγ nonfin  min β/|γ| [ch]     max β/|γ| [ch]     rv max/median [ch]
[LAYER-HEALTH]     stem.bn         -             128    n/a    n/a    n/a      0      0     -0.83 [85]         +0.35 [110]           4.0 [43]
[LAYER-HEALTH]     blocks.0.bn1    relu          128      0      0      0      0      0     -0.73 [53]         +0.25 [18]            4.5 [14]
[LAYER-HEALTH]     blocks.0.bn2    relu          128      0      0      0      0      0     -1.24 [57]         -0.07 [58]            3.6 [97]
[LAYER-HEALTH]     blocks.1.bn1    relu          128      0      0      0      0      0     -1.27 [11]         -0.28 [31]           36.6 [14]
[LAYER-HEALTH]     blocks.1.bn2    relu          128      0      0      0      0      0     -1.65 [29]         -0.34 [95]            6.4 [49]
[LAYER-HEALTH]     blocks.2.bn1    relu          128      0      0      0      0      0     -1.85 [11]         +0.69 [31]           13.8 [125]
[LAYER-HEALTH]     blocks.2.bn2    relu          128      0      0      0      0      0     -1.41 [95]         -0.23 [33]            3.7 [26]
[LAYER-HEALTH]     tower_final_bn  relu          128      0      0      0      0      0     -0.53 [89]         +1.24 [114]           4.3 [75]
[LAYER-HEALTH]     policy.pre_bn   relu          128      0      0      0      0      0     -0.76 [47]         +1.58 [22]            4.1 [22]
[LAYER-HEALTH]     value.bn        leaky_relu     16      0      0      0      0      0     -1.84 [8]          -0.66 [1]             2.8 [5]
[LAYER-HEALTH]   FC hidden-unit velocity — zero: every weight-velocity entry exactly 0; low: nonzero but < 5% of the layer's p90 unit norm
[LAYER-HEALTH]     value.fc1.weight  leaky_relu  units 128  zero 0  low 10  median unit norm 0.005874
[LAYER-HEALTH]     (no SE blocks)
[LAYER-HEALTH]   ReZero: none
[LAYER-HEALTH]   non-finite: 0 values in 0 of 102 tensors (10263038 values examined)
[LAYER-HEALTH]   largest |value|: blocks.0.bn2.running_var 9.935, blocks.1.bn2.running_var 7.233, blocks.1.bn1.running_var 6.988, blocks.0.bn2.running_mean 5.869, policy.conv.bias 5.759
[REPLAY] enumerated checkpoint -> 20261005-lrBleaky-cyc1-replay-step16000.safetensors
[REPLAY] step=16050 loss=3.5400 pLoss=2.7355 vLoss=0.8021 pEnt=2.861 pIllM=0.0023 playedP=0.174 pW=0.47 pD=0.07 pL=0.46 vAbs=0.243 pLogitMean=-9.4112 vLogitMean=0.5812 gNorm=0.275 lr=0.000995 ms=2284.0 buf=500000 plies=137196215 games=2074193 rejected=0 skipped=0 epoch=0 mom=0.9500 lrCyc[pk=9.9e-01,tr=9.9e-04] trainerStep=16050
[LAYER-HEALTH] live trainerStep=16050 scope=batch_norm_state_only reluSites=9/10 ch=1040 dead=0 off=0 alwaysOn=0 worst=none maxBetaOverGamma=+1.58@policy.pre_bn[22] minBetaOverGamma=-1.85@blocks.2.bn1[11] rvMaxOverMedian=36.5@blocks.1.bn1[14] rezero=none nonFinite=0
[REPLAY] step=16100 loss=3.4900 pLoss=2.6903 vLoss=0.7973 pEnt=2.855 pIllM=0.0024 playedP=0.177 pW=0.47 pD=0.07 pL=0.46 vAbs=0.244 pLogitMean=-9.4114 vLogitMean=0.5816 gNorm=0.269 lr=0.001 ms=2880.8 buf=500000 plies=137622825 games=2080618 rejected=0 skipped=0 epoch=0 mom=0.9499 lrCyc[pk=9.9e-01,tr=9.9e-04] trainerStep=16100
[LAYER-HEALTH] live trainerStep=16100 scope=batch_norm_state_only reluSites=9/10 ch=1040 dead=0 off=0 alwaysOn=0 worst=none maxBetaOverGamma=+1.58@policy.pre_bn[22] minBetaOverGamma=-1.85@blocks.2.bn1[11] rvMaxOverMedian=36.5@blocks.1.bn1[14] rezero=none nonFinite=0
[REPLAY] step=16150 loss=3.5192 pLoss=2.7057 vLoss=0.8108 pEnt=2.848 pIllM=0.0027 playedP=0.179 pW=0.47 pD=0.07 pL=0.46 vAbs=0.244 pLogitMean=-9.4110 vLogitMean=0.5814 gNorm=0.283 lr=0.00101 ms=2314.7 buf=500000 plies=138049542 games=2087076 rejected=0 skipped=0 epoch=0 mom=0.9498 lrCyc[pk=9.9e-01,tr=9.9e-04] trainerStep=16150
[LAYER-HEALTH] live trainerStep=16150 scope=batch_norm_state_only reluSites=9/10 ch=1040 dead=0 off=0 alwaysOn=0 worst=none maxBetaOverGamma=+1.58@policy.pre_bn[61] minBetaOverGamma=-1.85@blocks.2.bn1[11] rvMaxOverMedian=36.5@blocks.1.bn1[14] rezero=none nonFinite=0
[REPLAY] step=16200 loss=3.5108 pLoss=2.7094 vLoss=0.7987 pEnt=2.854 pIllM=0.0027 playedP=0.179 pW=0.47 pD=0.07 pL=0.46 vAbs=0.239 pLogitMean=-9.4112 vLogitMean=0.5841 gNorm=0.282 lr=0.00102 ms=2218.8 buf=500000 plies=138476124 games=2093532 rejected=0 skipped=0 epoch=0 mom=0.9496 lrCyc[pk=9.9e-01,tr=9.9e-04] trainerStep=16200
[LAYER-HEALTH] live trainerStep=16200 scope=batch_norm_state_only reluSites=9/10 ch=1040 dead=0 off=0 alwaysOn=0 worst=none maxBetaOverGamma=+1.58@policy.pre_bn[61] minBetaOverGamma=-1.85@blocks.2.bn1[11] rvMaxOverMedian=36.5@blocks.1.bn1[14] rezero=none nonFinite=0
[REPLAY] step=16250 loss=3.4856 pLoss=2.6835 vLoss=0.7996 pEnt=2.854 pIllM=0.0026 playedP=0.176 pW=0.47 pD=0.07 pL=0.46 vAbs=0.243 pLogitMean=-9.4105 vLogitMean=0.5816 gNorm=0.257 lr=0.00104 ms=2020.8 buf=500000 plies=138902776 games=2099892 rejected=0 skipped=0 epoch=0 mom=0.9494 lrCyc[pk=9.9e-01,tr=9.9e-04] trainerStep=16250
[LAYER-HEALTH] live trainerStep=16250 scope=batch_norm_state_only reluSites=9/10 ch=1040 dead=0 off=0 alwaysOn=0 worst=none maxBetaOverGamma=+1.58@policy.pre_bn[61] minBetaOverGamma=-1.85@blocks.2.bn1[11] rvMaxOverMedian=36.5@blocks.1.bn1[14] rezero=none nonFinite=0
[REPLAY] step=16300 loss=3.5432 pLoss=2.7478 vLoss=0.7932 pEnt=2.886 pIllM=0.0022 playedP=0.168 pW=0.47 pD=0.07 pL=0.46 vAbs=0.239 pLogitMean=-9.4118 vLogitMean=0.5839 gNorm=0.284 lr=0.00106 ms=2840.2 buf=500000 plies=139329472 games=2106328 rejected=0 skipped=0 epoch=0 mom=0.9491 lrCyc[pk=9.9e-01,tr=9.9e-04] trainerStep=16300
[LAYER-HEALTH] live trainerStep=16300 scope=batch_norm_state_only reluSites=9/10 ch=1040 dead=0 off=0 alwaysOn=0 worst=none maxBetaOverGamma=+1.58@policy.pre_bn[61] minBetaOverGamma=-1.85@blocks.2.bn1[11] rvMaxOverMedian=36.5@blocks.1.bn1[14] rezero=none nonFinite=0
[REPLAY] step=16350 loss=3.5110 pLoss=2.7020 vLoss=0.8065 pEnt=2.855 pIllM=0.0025 playedP=0.172 pW=0.47 pD=0.07 pL=0.47 vAbs=0.246 pLogitMean=-9.4112 vLogitMean=0.5813 gNorm=0.261 lr=0.00108 ms=2426.0 buf=500000 plies=139756120 games=2112709 rejected=0 skipped=0 epoch=0 mom=0.9488 lrCyc[pk=9.9e-01,tr=9.9e-04] trainerStep=16350
[LAYER-HEALTH] live trainerStep=16350 scope=batch_norm_state_only reluSites=9/10 ch=1040 dead=0 off=0 alwaysOn=0 worst=none maxBetaOverGamma=+1.58@policy.pre_bn[61] minBetaOverGamma=-1.85@blocks.2.bn1[11] rvMaxOverMedian=36.5@blocks.1.bn1[14] rezero=none nonFinite=0
[REPLAY] step=16400 loss=3.5005 pLoss=2.6952 vLoss=0.8024 pEnt=2.834 pIllM=0.0029 playedP=0.177 pW=0.47 pD=0.07 pL=0.46 vAbs=0.246 pLogitMean=-9.4105 vLogitMean=0.5822 gNorm=0.258 lr=0.00111 ms=2828.7 buf=500000 plies=140182752 games=2119142 rejected=0 skipped=0 epoch=0 mom=0.9484 lrCyc[pk=9.9e-01,tr=9.9e-04] trainerStep=16400
[LAYER-HEALTH] live trainerStep=16400 scope=batch_norm_state_only reluSites=9/10 ch=1040 dead=0 off=0 alwaysOn=0 worst=none maxBetaOverGamma=+1.58@policy.pre_bn[61] minBetaOverGamma=-1.85@blocks.2.bn1[11] rvMaxOverMedian=36.5@blocks.1.bn1[14] rezero=none nonFinite=0
[REPLAY] step=16450 loss=3.4887 pLoss=2.6893 vLoss=0.7970 pEnt=2.857 pIllM=0.0023 playedP=0.177 pW=0.47 pD=0.07 pL=0.46 vAbs=0.244 pLogitMean=-9.4154 vLogitMean=0.5819 gNorm=0.259 lr=0.00114 ms=2257.3 buf=500000 plies=140609391 games=2125559 rejected=0 skipped=0 epoch=0 mom=0.9480 lrCyc[pk=9.9e-01,tr=9.9e-04] trainerStep=16450
[LAYER-HEALTH] live trainerStep=16450 scope=batch_norm_state_only reluSites=9/10 ch=1040 dead=0 off=0 alwaysOn=0 worst=none maxBetaOverGamma=+1.58@policy.pre_bn[61] minBetaOverGamma=-1.85@blocks.2.bn1[11] rvMaxOverMedian=36.5@blocks.1.bn1[14] rezero=none nonFinite=0
[REPLAY] step=16500 loss=3.5527 pLoss=2.7375 vLoss=0.8126 pEnt=2.876 pIllM=0.0026 playedP=0.170 pW=0.47 pD=0.07 pL=0.46 vAbs=0.248 pLogitMean=-9.4138 vLogitMean=0.5806 gNorm=0.268 lr=0.00118 ms=3073.0 buf=500000 plies=141036055 games=2131967 rejected=0 skipped=0 epoch=0 mom=0.9476 lrCyc[pk=9.9e-01,tr=9.9e-04] trainerStep=16500
[LAYER-HEALTH] live trainerStep=16500 scope=batch_norm_state_only reluSites=9/10 ch=1040 dead=0 off=0 alwaysOn=0 worst=none maxBetaOverGamma=+1.58@policy.pre_bn[61] minBetaOverGamma=-1.85@blocks.2.bn1[11] rvMaxOverMedian=36.5@blocks.1.bn1[14] rezero=none nonFinite=0
[REPLAY] step=16550 loss=3.5279 pLoss=2.7018 vLoss=0.8236 pEnt=2.862 pIllM=0.0025 playedP=0.175 pW=0.47 pD=0.07 pL=0.46 vAbs=0.239 pLogitMean=-9.4137 vLogitMean=0.5818 gNorm=0.263 lr=0.00122 ms=2498.2 buf=500000 plies=141462709 games=2138354 rejected=0 skipped=0 epoch=0 mom=0.9470 lrCyc[pk=9.9e-01,tr=9.9e-04] trainerStep=16550
[LAYER-HEALTH] live trainerStep=16550 scope=batch_norm_state_only reluSites=9/10 ch=1040 dead=0 off=0 alwaysOn=0 worst=none maxBetaOverGamma=+1.58@policy.pre_bn[61] minBetaOverGamma=-1.85@value.bn[8] rvMaxOverMedian=36.5@blocks.1.bn1[14] rezero=none nonFinite=0
[REPLAY] step=16600 loss=3.5097 pLoss=2.7006 vLoss=0.8067 pEnt=2.853 pIllM=0.0025 playedP=0.177 pW=0.47 pD=0.07 pL=0.46 vAbs=0.235 pLogitMean=-9.4147 vLogitMean=0.5830 gNorm=0.275 lr=0.00127 ms=2907.6 buf=500000 plies=141889392 games=2144788 rejected=0 skipped=0 epoch=0 mom=0.9465 lrCyc[pk=9.9e-01,tr=9.9e-04] trainerStep=16600
[LAYER-HEALTH] live trainerStep=16600 scope=batch_norm_state_only reluSites=9/10 ch=1040 dead=0 off=0 alwaysOn=0 worst=none maxBetaOverGamma=+1.58@policy.pre_bn[61] minBetaOverGamma=-1.85@value.bn[8] rvMaxOverMedian=36.4@blocks.1.bn1[14] rezero=none nonFinite=0
[REPLAY] step=16650 loss=3.5035 pLoss=2.6909 vLoss=0.8103 pEnt=2.852 pIllM=0.0024 playedP=0.176 pW=0.47 pD=0.07 pL=0.46 vAbs=0.235 pLogitMean=-9.4143 vLogitMean=0.5834 gNorm=0.256 lr=0.00132 ms=2218.7 buf=500000 plies=142316069 games=2151214 rejected=0 skipped=0 epoch=0 mom=0.9459 lrCyc[pk=9.9e-01,tr=9.9e-04] trainerStep=16650
[LAYER-HEALTH] live trainerStep=16650 scope=batch_norm_state_only reluSites=9/10 ch=1040 dead=0 off=0 alwaysOn=0 worst=none maxBetaOverGamma=+1.58@policy.pre_bn[61] minBetaOverGamma=-1.85@value.bn[8] rvMaxOverMedian=36.4@blocks.1.bn1[14] rezero=none nonFinite=0
[REPLAY] step=16700 loss=3.5514 pLoss=2.7292 vLoss=0.8196 pEnt=2.857 pIllM=0.0026 playedP=0.174 pW=0.47 pD=0.07 pL=0.46 vAbs=0.230 pLogitMean=-9.4153 vLogitMean=0.5843 gNorm=0.261 lr=0.00138 ms=2477.4 buf=500000 plies=142742642 games=2157655 rejected=0 skipped=0 epoch=0 mom=0.9452 lrCyc[pk=9.9e-01,tr=9.9e-04] trainerStep=16700
[LAYER-HEALTH] live trainerStep=16700 scope=batch_norm_state_only reluSites=9/10 ch=1040 dead=0 off=0 alwaysOn=0 worst=none maxBetaOverGamma=+1.58@policy.pre_bn[61] minBetaOverGamma=-1.85@value.bn[8] rvMaxOverMedian=36.5@blocks.1.bn1[14] rezero=none nonFinite=0
[REPLAY] step=16750 loss=3.5198 pLoss=2.7164 vLoss=0.8008 pEnt=2.858 pIllM=0.0026 playedP=0.174 pW=0.47 pD=0.07 pL=0.46 vAbs=0.232 pLogitMean=-9.4154 vLogitMean=0.5834 gNorm=0.249 lr=0.00145 ms=2413.2 buf=500000 plies=143169370 games=2164045 rejected=0 skipped=0 epoch=0 mom=0.9446 lrCyc[pk=9.9e-01,tr=9.9e-04] trainerStep=16750
[LAYER-HEALTH] live trainerStep=16750 scope=batch_norm_state_only reluSites=9/10 ch=1040 dead=0 off=0 alwaysOn=0 worst=none maxBetaOverGamma=+1.58@policy.pre_bn[61] minBetaOverGamma=-1.85@value.bn[8] rvMaxOverMedian=36.5@blocks.1.bn1[14] rezero=none nonFinite=0
[REPLAY] step=16800 loss=3.5331 pLoss=2.7244 vLoss=0.8062 pEnt=2.859 pIllM=0.0025 playedP=0.173 pW=0.47 pD=0.07 pL=0.46 vAbs=0.238 pLogitMean=-9.4148 vLogitMean=0.5833 gNorm=0.262 lr=0.00152 ms=3023.0 buf=500000 plies=143595948 games=2170404 rejected=0 skipped=0 epoch=0 mom=0.9438 lrCyc[pk=9.9e-01,tr=9.9e-04] trainerStep=16800
[LAYER-HEALTH] live trainerStep=16800 scope=batch_norm_state_only reluSites=9/10 ch=1040 dead=0 off=0 alwaysOn=0 worst=none maxBetaOverGamma=+1.58@policy.pre_bn[61] minBetaOverGamma=-1.85@value.bn[8] rvMaxOverMedian=36.6@blocks.1.bn1[14] rezero=none nonFinite=0
[REPLAY] step=16850 loss=3.5066 pLoss=2.6954 vLoss=0.8088 pEnt=2.873 pIllM=0.0024 playedP=0.175 pW=0.47 pD=0.07 pL=0.46 vAbs=0.241 pLogitMean=-9.4154 vLogitMean=0.5832 gNorm=0.250 lr=0.00161 ms=2616.9 buf=500000 plies=144022589 games=2176776 rejected=0 skipped=0 epoch=0 mom=0.9430 lrCyc[pk=9.9e-01,tr=9.9e-04] trainerStep=16850
[LAYER-HEALTH] live trainerStep=16850 scope=batch_norm_state_only reluSites=9/10 ch=1040 dead=0 off=0 alwaysOn=0 worst=none maxBetaOverGamma=+1.58@policy.pre_bn[61] minBetaOverGamma=-1.85@value.bn[8] rvMaxOverMedian=36.7@blocks.1.bn1[14] rezero=none nonFinite=0
[REPLAY] step=16900 loss=3.5211 pLoss=2.7056 vLoss=0.8132 pEnt=2.846 pIllM=0.0023 playedP=0.176 pW=0.47 pD=0.07 pL=0.46 vAbs=0.238 pLogitMean=-9.4155 vLogitMean=0.5834 gNorm=0.252 lr=0.0017 ms=2686.8 buf=500000 plies=144449351 games=2183197 rejected=0 skipped=0 epoch=0 mom=0.9422 lrCyc[pk=9.9e-01,tr=9.9e-04] trainerStep=16900
[LAYER-HEALTH] live trainerStep=16900 scope=batch_norm_state_only reluSites=9/10 ch=1040 dead=0 off=0 alwaysOn=0 worst=none maxBetaOverGamma=+1.58@policy.pre_bn[61] minBetaOverGamma=-1.85@value.bn[8] rvMaxOverMedian=36.9@blocks.1.bn1[14] rezero=none nonFinite=0
[REPLAY] step=16950 loss=3.5581 pLoss=2.7312 vLoss=0.8245 pEnt=2.869 pIllM=0.0023 playedP=0.171 pW=0.47 pD=0.07 pL=0.46 vAbs=0.233 pLogitMean=-9.4171 vLogitMean=0.5834 gNorm=0.276 lr=0.0018 ms=2120.8 buf=500000 plies=144875930 games=2189534 rejected=0 skipped=0 epoch=0 mom=0.9414 lrCyc[pk=9.9e-01,tr=9.9e-04] trainerStep=16950
[LAYER-HEALTH] live trainerStep=16950 scope=batch_norm_state_only reluSites=9/10 ch=1040 dead=0 off=0 alwaysOn=0 worst=none maxBetaOverGamma=+1.58@policy.pre_bn[61] minBetaOverGamma=-1.85@value.bn[8] rvMaxOverMedian=37.0@blocks.1.bn1[14] rezero=none nonFinite=0
[REPLAY] step=17000 loss=3.5278 pLoss=2.7103 vLoss=0.8153 pEnt=2.855 pIllM=0.0022 playedP=0.175 pW=0.47 pD=0.07 pL=0.46 vAbs=0.228 pLogitMean=-9.4142 vLogitMean=0.5825 gNorm=0.267 lr=0.00192 ms=2726.0 buf=500000 plies=145302525 games=2195983 rejected=0 skipped=0 epoch=0 mom=0.9405 lrCyc[pk=9.9e-01,tr=9.9e-04] trainerStep=17000
[LAYER-HEALTH] live trainerStep=17000 scope=batch_norm_state_only reluSites=9/10 ch=1040 dead=0 off=0 alwaysOn=0 worst=none maxBetaOverGamma=+1.58@policy.pre_bn[61] minBetaOverGamma=-1.85@value.bn[8] rvMaxOverMedian=36.9@blocks.1.bn1[14] rezero=none nonFinite=0
[REPLAY] saved trainer model (autosave) step=17000 trainerStep=17000 nextGame=2195983 shard=4 epoch=0 -> 20261005-lrBleaky-cyc1-replay-latest.safetensors
[LAYER-HEALTH] checkpoint replay-autosave step=17000 trainerStep=17000 scope=all_tensors reluSites=9/10 ch=1040 dead=0 off=0 alwaysOn=0 worst=none maxBetaOverGamma=+1.58@policy.pre_bn[61] minBetaOverGamma=-1.85@value.bn[8] rvMaxOverMedian=36.9@blocks.1.bn1[14] rezero=none nonFinite=0 seZeroVel=none valueFC1ZeroVel=0/128 maxAbs=10.07@blocks.0.bn2.running_var
[LAYER-HEALTH]   batch-norm sites — β/|γ|: dead < -3.00, mostly off < -2.00, always on > +3.00; classified for relu/leaky_relu only
[LAYER-HEALTH]     site            act            ch   dead    off     on  zeroγ nonfin  min β/|γ| [ch]     max β/|γ| [ch]     rv max/median [ch]
[LAYER-HEALTH]     stem.bn         -             128    n/a    n/a    n/a      0      0     -0.82 [85]         +0.35 [110]           4.0 [43]
[LAYER-HEALTH]     blocks.0.bn1    relu          128      0      0      0      0      0     -0.73 [53]         +0.26 [18]            4.5 [14]
[LAYER-HEALTH]     blocks.0.bn2    relu          128      0      0      0      0      0     -1.24 [57]         -0.07 [58]            3.6 [97]
[LAYER-HEALTH]     blocks.1.bn1    relu          128      0      0      0      0      0     -1.27 [11]         -0.28 [31]           36.9 [14]
[LAYER-HEALTH]     blocks.1.bn2    relu          128      0      0      0      0      0     -1.65 [29]         -0.34 [95]            6.4 [49]
[LAYER-HEALTH]     blocks.2.bn1    relu          128      0      0      0      0      0     -1.85 [11]         +0.69 [31]           13.8 [125]
[LAYER-HEALTH]     blocks.2.bn2    relu          128      0      0      0      0      0     -1.41 [95]         -0.23 [33]            3.7 [26]
[LAYER-HEALTH]     tower_final_bn  relu          128      0      0      0      0      0     -0.53 [89]         +1.24 [114]           4.3 [75]
[LAYER-HEALTH]     policy.pre_bn   relu          128      0      0      0      0      0     -0.76 [47]         +1.58 [61]            4.1 [22]
[LAYER-HEALTH]     value.bn        leaky_relu     16      0      0      0      0      0     -1.85 [8]          -0.67 [1]             2.8 [5]
[LAYER-HEALTH]   FC hidden-unit velocity — zero: every weight-velocity entry exactly 0; low: nonzero but < 5% of the layer's p90 unit norm
[LAYER-HEALTH]     value.fc1.weight  leaky_relu  units 128  zero 0  low 8  median unit norm 0.006087
[LAYER-HEALTH]     (no SE blocks)
[LAYER-HEALTH]   ReZero: none
[LAYER-HEALTH]   non-finite: 0 values in 0 of 102 tensors (10263038 values examined)
[LAYER-HEALTH]   largest |value|: blocks.0.bn2.running_var 10.07, blocks.1.bn2.running_var 7.257, blocks.1.bn1.running_var 6.954, blocks.0.bn2.running_mean 5.875, policy.conv.bias 5.761
[REPLAY] enumerated checkpoint -> 20261005-lrBleaky-cyc1-replay-step17000.safetensors
[REPLAY] step=17050 loss=3.5272 pLoss=2.7170 vLoss=0.8078 pEnt=2.867 pIllM=0.0024 playedP=0.174 pW=0.47 pD=0.07 pL=0.46 vAbs=0.234 pLogitMean=-9.4149 vLogitMean=0.5824 gNorm=0.269 lr=0.00205 ms=2352.8 buf=500000 plies=145729209 games=2202354 rejected=0 skipped=0 epoch=0 mom=0.9395 lrCyc[pk=9.9e-01,tr=9.9e-04] trainerStep=17050
[LAYER-HEALTH] live trainerStep=17050 scope=batch_norm_state_only reluSites=9/10 ch=1040 dead=0 off=0 alwaysOn=0 worst=none maxBetaOverGamma=+1.58@policy.pre_bn[61] minBetaOverGamma=-1.85@value.bn[8] rvMaxOverMedian=36.9@blocks.1.bn1[14] rezero=none nonFinite=0
[REPLAY] step=17100 loss=3.5435 pLoss=2.7375 vLoss=0.8037 pEnt=2.866 pIllM=0.0023 playedP=0.174 pW=0.47 pD=0.07 pL=0.46 vAbs=0.236 pLogitMean=-9.4154 vLogitMean=0.5800 gNorm=0.257 lr=0.00219 ms=2862.4 buf=500000 plies=146155829 games=2208720 rejected=0 skipped=0 epoch=0 mom=0.9385 lrCyc[pk=9.9e-01,tr=9.9e-04] trainerStep=17100
[LAYER-HEALTH] live trainerStep=17100 scope=batch_norm_state_only reluSites=9/10 ch=1040 dead=0 off=0 alwaysOn=0 worst=none maxBetaOverGamma=+1.58@policy.pre_bn[61] minBetaOverGamma=-1.85@blocks.2.bn1[11] rvMaxOverMedian=36.7@blocks.1.bn1[14] rezero=none nonFinite=0
[REPLAY] step=17150 loss=3.5241 pLoss=2.7330 vLoss=0.7887 pEnt=2.875 pIllM=0.0024 playedP=0.173 pW=0.47 pD=0.07 pL=0.46 vAbs=0.229 pLogitMean=-9.4144 vLogitMean=0.5837 gNorm=0.267 lr=0.00235 ms=2509.7 buf=500000 plies=146582514 games=2215121 rejected=0 skipped=0 epoch=0 mom=0.9375 lrCyc[pk=9.9e-01,tr=9.9e-04] trainerStep=17150
[LAYER-HEALTH] live trainerStep=17150 scope=batch_norm_state_only reluSites=9/10 ch=1040 dead=0 off=0 alwaysOn=0 worst=none maxBetaOverGamma=+1.58@policy.pre_bn[61] minBetaOverGamma=-1.85@blocks.2.bn1[11] rvMaxOverMedian=36.7@blocks.1.bn1[14] rezero=none nonFinite=0
[REPLAY] step=17200 loss=3.4999 pLoss=2.6973 vLoss=0.7999 pEnt=2.853 pIllM=0.0026 playedP=0.178 pW=0.47 pD=0.07 pL=0.46 vAbs=0.238 pLogitMean=-9.4148 vLogitMean=0.5836 gNorm=0.265 lr=0.00253 ms=2501.9 buf=500000 plies=147009128 games=2221522 rejected=0 skipped=0 epoch=0 mom=0.9365 lrCyc[pk=9.9e-01,tr=9.9e-04] trainerStep=17200
[LAYER-HEALTH] live trainerStep=17200 scope=batch_norm_state_only reluSites=9/10 ch=1040 dead=0 off=0 alwaysOn=0 worst=none maxBetaOverGamma=+1.58@policy.pre_bn[61] minBetaOverGamma=-1.85@blocks.2.bn1[11] rvMaxOverMedian=36.6@blocks.1.bn1[14] rezero=none nonFinite=0
[REPLAY] step=17250 loss=3.5479 pLoss=2.7385 vLoss=0.8070 pEnt=2.890 pIllM=0.0024 playedP=0.171 pW=0.47 pD=0.07 pL=0.46 vAbs=0.236 pLogitMean=-9.4159 vLogitMean=0.5833 gNorm=0.269 lr=0.00273 ms=3250.3 buf=500000 plies=147435779 games=2227958 rejected=0 skipped=0 epoch=0 mom=0.9354 lrCyc[pk=9.9e-01,tr=9.9e-04] trainerStep=17250
[LAYER-HEALTH] live trainerStep=17250 scope=batch_norm_state_only reluSites=9/10 ch=1040 dead=0 off=0 alwaysOn=0 worst=none maxBetaOverGamma=+1.58@policy.pre_bn[61] minBetaOverGamma=-1.85@blocks.2.bn1[11] rvMaxOverMedian=36.6@blocks.1.bn1[14] rezero=none nonFinite=0
[REPLAY] step=17300 loss=3.5205 pLoss=2.7271 vLoss=0.7907 pEnt=2.857 pIllM=0.0027 playedP=0.174 pW=0.47 pD=0.07 pL=0.46 vAbs=0.237 pLogitMean=-9.4134 vLogitMean=0.5846 gNorm=0.264 lr=0.00295 ms=2230.3 buf=500000 plies=147862430 games=2234324 rejected=0 skipped=0 epoch=0 mom=0.9342 lrCyc[pk=9.9e-01,tr=9.9e-04] trainerStep=17300
[LAYER-HEALTH] live trainerStep=17300 scope=batch_norm_state_only reluSites=9/10 ch=1040 dead=0 off=0 alwaysOn=0 worst=none maxBetaOverGamma=+1.58@policy.pre_bn[61] minBetaOverGamma=-1.85@blocks.2.bn1[11] rvMaxOverMedian=36.6@blocks.1.bn1[14] rezero=none nonFinite=0
[REPLAY] step=17350 loss=3.5415 pLoss=2.7395 vLoss=0.8000 pEnt=2.884 pIllM=0.0021 playedP=0.172 pW=0.47 pD=0.06 pL=0.47 vAbs=0.242 pLogitMean=-9.4149 vLogitMean=0.5845 gNorm=0.257 lr=0.00319 ms=2988.4 buf=500000 plies=148289085 games=2240789 rejected=0 skipped=0 epoch=0 mom=0.9331 lrCyc[pk=9.9e-01,tr=9.9e-04] trainerStep=17350
[LAYER-HEALTH] live trainerStep=17350 scope=batch_norm_state_only reluSites=9/10 ch=1040 dead=0 off=0 alwaysOn=0 worst=none maxBetaOverGamma=+1.58@policy.pre_bn[61] minBetaOverGamma=-1.85@blocks.2.bn1[11] rvMaxOverMedian=36.5@blocks.1.bn1[14] rezero=none nonFinite=0
[REPLAY] step=17400 loss=3.5264 pLoss=2.7196 vLoss=0.8045 pEnt=2.870 pIllM=0.0023 playedP=0.172 pW=0.47 pD=0.07 pL=0.46 vAbs=0.241 pLogitMean=-9.4145 vLogitMean=0.5830 gNorm=0.251 lr=0.00347 ms=2287.0 buf=500000 plies=148715767 games=2247164 rejected=0 skipped=0 epoch=0 mom=0.9319 lrCyc[pk=9.9e-01,tr=9.9e-04] trainerStep=17400
[LAYER-HEALTH] live trainerStep=17400 scope=batch_norm_state_only reluSites=9/10 ch=1040 dead=0 off=0 alwaysOn=0 worst=none maxBetaOverGamma=+1.58@policy.pre_bn[61] minBetaOverGamma=-1.85@blocks.2.bn1[11] rvMaxOverMedian=36.5@blocks.1.bn1[14] rezero=none nonFinite=0
[REPLAY] step=17450 loss=3.5233 pLoss=2.7179 vLoss=0.8033 pEnt=2.862 pIllM=0.0021 playedP=0.174 pW=0.47 pD=0.07 pL=0.46 vAbs=0.232 pLogitMean=-9.4145 vLogitMean=0.5849 gNorm=0.245 lr=0.00377 ms=2138.3 buf=500000 plies=149142388 games=2253568 rejected=0 skipped=0 epoch=0 mom=0.9307 lrCyc[pk=9.8e-01,tr=9.9e-04] trainerStep=17450
[LAYER-HEALTH] live trainerStep=17450 scope=batch_norm_state_only reluSites=9/10 ch=1040 dead=0 off=0 alwaysOn=0 worst=none maxBetaOverGamma=+1.58@policy.pre_bn[61] minBetaOverGamma=-1.85@blocks.2.bn1[11] rvMaxOverMedian=36.6@blocks.1.bn1[14] rezero=none nonFinite=0
[REPLAY] step=17500 loss=3.5409 pLoss=2.7256 vLoss=0.8127 pEnt=2.855 pIllM=0.0026 playedP=0.175 pW=0.47 pD=0.07 pL=0.46 vAbs=0.235 pLogitMean=-9.4150 vLogitMean=0.5832 gNorm=0.284 lr=0.00411 ms=1703.6 buf=500000 plies=149569065 games=2259892 rejected=0 skipped=0 epoch=0 mom=0.9294 lrCyc[pk=9.8e-01,tr=9.9e-04] trainerStep=17500
[LAYER-HEALTH] live trainerStep=17500 scope=batch_norm_state_only reluSites=9/10 ch=1040 dead=0 off=0 alwaysOn=0 worst=none maxBetaOverGamma=+1.58@policy.pre_bn[61] minBetaOverGamma=-1.85@blocks.2.bn1[11] rvMaxOverMedian=36.8@blocks.1.bn1[14] rezero=none nonFinite=0
[REPLAY] step=17550 loss=3.5427 pLoss=2.7274 vLoss=0.8130 pEnt=2.863 pIllM=0.0023 playedP=0.172 pW=0.46 pD=0.07 pL=0.46 vAbs=0.228 pLogitMean=-9.4146 vLogitMean=0.5826 gNorm=0.257 lr=0.0045 ms=2089.2 buf=500000 plies=149995730 games=2266349 rejected=0 skipped=0 epoch=0 mom=0.9281 lrCyc[pk=9.8e-01,tr=9.9e-04] trainerStep=17550
[LAYER-HEALTH] live trainerStep=17550 scope=batch_norm_state_only reluSites=9/10 ch=1040 dead=0 off=0 alwaysOn=0 worst=none maxBetaOverGamma=+1.58@policy.pre_bn[61] minBetaOverGamma=-1.84@blocks.2.bn1[11] rvMaxOverMedian=36.7@blocks.1.bn1[14] rezero=none nonFinite=0
[REPLAY] step=17600 loss=3.5455 pLoss=2.7440 vLoss=0.7992 pEnt=2.865 pIllM=0.0022 playedP=0.174 pW=0.47 pD=0.07 pL=0.46 vAbs=0.240 pLogitMean=-9.4147 vLogitMean=0.5850 gNorm=0.271 lr=0.00492 ms=2136.7 buf=500000 plies=150422382 games=2272765 rejected=0 skipped=0 epoch=0 mom=0.9268 lrCyc[pk=9.8e-01,tr=9.9e-04] trainerStep=17600
[LAYER-HEALTH] live trainerStep=17600 scope=batch_norm_state_only reluSites=9/10 ch=1040 dead=0 off=0 alwaysOn=0 worst=none maxBetaOverGamma=+1.58@policy.pre_bn[61] minBetaOverGamma=-1.84@blocks.2.bn1[11] rvMaxOverMedian=36.7@blocks.1.bn1[14] rezero=none nonFinite=0
[REPLAY] step=17650 loss=3.5059 pLoss=2.7032 vLoss=0.8004 pEnt=2.867 pIllM=0.0023 playedP=0.175 pW=0.47 pD=0.07 pL=0.47 vAbs=0.244 pLogitMean=-9.4152 vLogitMean=0.5815 gNorm=0.273 lr=0.0054 ms=3071.4 buf=500000 plies=150848994 games=2279200 rejected=0 skipped=0 epoch=0 mom=0.9255 lrCyc[pk=9.8e-01,tr=9.9e-04] trainerStep=17650
[LAYER-HEALTH] live trainerStep=17650 scope=batch_norm_state_only reluSites=9/10 ch=1040 dead=0 off=0 alwaysOn=0 worst=none maxBetaOverGamma=+1.58@policy.pre_bn[61] minBetaOverGamma=-1.84@blocks.2.bn1[11] rvMaxOverMedian=36.8@blocks.1.bn1[14] rezero=none nonFinite=0
[REPLAY] step=17700 loss=3.5233 pLoss=2.7233 vLoss=0.7977 pEnt=2.863 pIllM=0.0023 playedP=0.176 pW=0.47 pD=0.07 pL=0.46 vAbs=0.239 pLogitMean=-9.4173 vLogitMean=0.5832 gNorm=0.255 lr=0.00593 ms=2084.4 buf=500000 plies=151275707 games=2285570 rejected=0 skipped=0 epoch=0 mom=0.9241 lrCyc[pk=9.8e-01,tr=9.9e-04] trainerStep=17700
[LAYER-HEALTH] live trainerStep=17700 scope=batch_norm_state_only reluSites=9/10 ch=1040 dead=0 off=0 alwaysOn=0 worst=none maxBetaOverGamma=+1.58@policy.pre_bn[61] minBetaOverGamma=-1.84@blocks.2.bn1[11] rvMaxOverMedian=36.9@blocks.1.bn1[14] rezero=none nonFinite=0
[REPLAY] step=17750 loss=3.5566 pLoss=2.7429 vLoss=0.8114 pEnt=2.868 pIllM=0.0024 playedP=0.175 pW=0.47 pD=0.07 pL=0.46 vAbs=0.232 pLogitMean=-9.4159 vLogitMean=0.5823 gNorm=0.277 lr=0.00653 ms=2885.0 buf=500000 plies=151702296 games=2292035 rejected=0 skipped=0 epoch=0 mom=0.9227 lrCyc[pk=9.8e-01,tr=9.9e-04] trainerStep=17750
[LAYER-HEALTH] live trainerStep=17750 scope=batch_norm_state_only reluSites=9/10 ch=1040 dead=0 off=0 alwaysOn=0 worst=none maxBetaOverGamma=+1.58@policy.pre_bn[61] minBetaOverGamma=-1.84@blocks.2.bn1[11] rvMaxOverMedian=37.0@blocks.1.bn1[14] rezero=none nonFinite=0
[REPLAY] step=17800 loss=3.5355 pLoss=2.7299 vLoss=0.8029 pEnt=2.864 pIllM=0.0028 playedP=0.173 pW=0.47 pD=0.07 pL=0.46 vAbs=0.231 pLogitMean=-9.4158 vLogitMean=0.5819 gNorm=0.259 lr=0.00719 ms=2465.0 buf=500000 plies=152128955 games=2298433 rejected=0 skipped=0 epoch=0 mom=0.9213 lrCyc[pk=9.8e-01,tr=9.9e-04] trainerStep=17800
[LAYER-HEALTH] live trainerStep=17800 scope=batch_norm_state_only reluSites=9/10 ch=1040 dead=0 off=0 alwaysOn=0 worst=none maxBetaOverGamma=+1.58@policy.pre_bn[61] minBetaOverGamma=-1.84@blocks.2.bn1[11] rvMaxOverMedian=36.8@blocks.1.bn1[14] rezero=none nonFinite=0
[REPLAY] step=17850 loss=3.4858 pLoss=2.6674 vLoss=0.8157 pEnt=2.840 pIllM=0.0027 playedP=0.179 pW=0.47 pD=0.07 pL=0.46 vAbs=0.237 pLogitMean=-9.4160 vLogitMean=0.5834 gNorm=0.263 lr=0.00794 ms=2369.7 buf=500000 plies=152555600 games=2304825 rejected=0 skipped=0 epoch=0 mom=0.9199 lrCyc[pk=9.8e-01,tr=9.9e-04] trainerStep=17850
[LAYER-HEALTH] live trainerStep=17850 scope=batch_norm_state_only reluSites=9/10 ch=1040 dead=0 off=0 alwaysOn=0 worst=none maxBetaOverGamma=+1.58@policy.pre_bn[61] minBetaOverGamma=-1.84@blocks.2.bn1[11] rvMaxOverMedian=36.2@blocks.1.bn1[14] rezero=none nonFinite=0
[REPLAY] step=17900 loss=3.5284 pLoss=2.7165 vLoss=0.8095 pEnt=2.860 pIllM=0.0025 playedP=0.175 pW=0.47 pD=0.07 pL=0.46 vAbs=0.224 pLogitMean=-9.4140 vLogitMean=0.5844 gNorm=0.254 lr=0.00878 ms=2254.3 buf=500000 plies=152982245 games=2311227 rejected=0 skipped=0 epoch=0 mom=0.9184 lrCyc[pk=9.8e-01,tr=9.9e-04] trainerStep=17900
[LAYER-HEALTH] live trainerStep=17900 scope=batch_norm_state_only reluSites=9/10 ch=1040 dead=0 off=0 alwaysOn=0 worst=none maxBetaOverGamma=+1.58@policy.pre_bn[61] minBetaOverGamma=-1.84@value.bn[8] rvMaxOverMedian=35.8@blocks.1.bn1[14] rezero=none nonFinite=0
[REPLAY] step=17950 loss=3.5296 pLoss=2.7188 vLoss=0.8084 pEnt=2.873 pIllM=0.0024 playedP=0.171 pW=0.47 pD=0.06 pL=0.47 vAbs=0.238 pLogitMean=-9.4177 vLogitMean=0.5857 gNorm=0.281 lr=0.00971 ms=2319.8 buf=500000 plies=153408905 games=2317605 rejected=0 skipped=0 epoch=0 mom=0.9170 lrCyc[pk=9.8e-01,tr=9.9e-04] trainerStep=17950
[LAYER-HEALTH] live trainerStep=17950 scope=batch_norm_state_only reluSites=9/10 ch=1040 dead=0 off=0 alwaysOn=0 worst=none maxBetaOverGamma=+1.58@policy.pre_bn[61] minBetaOverGamma=-1.84@blocks.2.bn1[11] rvMaxOverMedian=35.6@blocks.1.bn1[14] rezero=none nonFinite=0
[REPLAY] step=18000 loss=3.5381 pLoss=2.7258 vLoss=0.8102 pEnt=2.872 pIllM=0.0021 playedP=0.173 pW=0.47 pD=0.06 pL=0.46 vAbs=0.230 pLogitMean=-9.4164 vLogitMean=0.5849 gNorm=0.267 lr=0.0108 ms=2641.0 buf=500000 plies=153835550 games=2323995 rejected=0 skipped=0 epoch=0 mom=0.9155 lrCyc[pk=9.8e-01,tr=9.9e-04] trainerStep=18000
[LAYER-HEALTH] live trainerStep=18000 scope=batch_norm_state_only reluSites=9/10 ch=1040 dead=0 off=0 alwaysOn=0 worst=none maxBetaOverGamma=+1.58@policy.pre_bn[61] minBetaOverGamma=-1.85@value.bn[8] rvMaxOverMedian=35.6@blocks.1.bn1[14] rezero=none nonFinite=0
[REPLAY] saved trainer model (autosave) step=18000 trainerStep=18000 nextGame=2323995 shard=5 epoch=0 -> 20261005-lrBleaky-cyc1-replay-latest.safetensors
[LAYER-HEALTH] checkpoint replay-autosave step=18000 trainerStep=18000 scope=all_tensors reluSites=9/10 ch=1040 dead=0 off=0 alwaysOn=0 worst=none maxBetaOverGamma=+1.58@policy.pre_bn[61] minBetaOverGamma=-1.85@value.bn[8] rvMaxOverMedian=35.6@blocks.1.bn1[14] rezero=none nonFinite=0 seZeroVel=none valueFC1ZeroVel=0/128 maxAbs=9.839@blocks.0.bn2.running_var
[LAYER-HEALTH]   batch-norm sites — β/|γ|: dead < -3.00, mostly off < -2.00, always on > +3.00; classified for relu/leaky_relu only
[LAYER-HEALTH]     site            act            ch   dead    off     on  zeroγ nonfin  min β/|γ| [ch]     max β/|γ| [ch]     rv max/median [ch]
[LAYER-HEALTH]     stem.bn         -             128    n/a    n/a    n/a      0      0     -0.83 [85]         +0.35 [110]           4.0 [43]
[LAYER-HEALTH]     blocks.0.bn1    relu          128      0      0      0      0      0     -0.73 [53]         +0.26 [18]            4.5 [14]
[LAYER-HEALTH]     blocks.0.bn2    relu          128      0      0      0      0      0     -1.24 [57]         -0.06 [58]            3.6 [97]
[LAYER-HEALTH]     blocks.1.bn1    relu          128      0      0      0      0      0     -1.27 [11]         -0.27 [31]           35.6 [14]
[LAYER-HEALTH]     blocks.1.bn2    relu          128      0      0      0      0      0     -1.65 [29]         -0.34 [95]            6.5 [49]
[LAYER-HEALTH]     blocks.2.bn1    relu          128      0      0      0      0      0     -1.85 [11]         +0.70 [31]           13.9 [125]
[LAYER-HEALTH]     blocks.2.bn2    relu          128      0      0      0      0      0     -1.41 [95]         -0.23 [33]            3.7 [26]
[LAYER-HEALTH]     tower_final_bn  relu          128      0      0      0      0      0     -0.53 [89]         +1.24 [114]           4.3 [75]
[LAYER-HEALTH]     policy.pre_bn   relu          128      0      0      0      0      0     -0.76 [47]         +1.58 [61]            4.1 [22]
[LAYER-HEALTH]     value.bn        leaky_relu     16      0      0      0      0      0     -1.85 [8]          -0.66 [1]             2.7 [5]
[LAYER-HEALTH]   FC hidden-unit velocity — zero: every weight-velocity entry exactly 0; low: nonzero but < 5% of the layer's p90 unit norm
[LAYER-HEALTH]     value.fc1.weight  leaky_relu  units 128  zero 0  low 10  median unit norm 0.005006
[LAYER-HEALTH]     (no SE blocks)
[LAYER-HEALTH]   ReZero: none
[LAYER-HEALTH]   non-finite: 0 values in 0 of 102 tensors (10263038 values examined)
[LAYER-HEALTH]   largest |value|: blocks.0.bn2.running_var 9.839, blocks.1.bn2.running_var 7.327, blocks.1.bn1.running_var 6.937, blocks.0.bn2.running_mean 5.872, policy.conv.bias 5.766
[REPLAY] enumerated checkpoint -> 20261005-lrBleaky-cyc1-replay-step18000.safetensors
[REPLAY] step=18050 loss=3.5096 pLoss=2.6995 vLoss=0.8077 pEnt=2.860 pIllM=0.0025 playedP=0.172 pW=0.47 pD=0.07 pL=0.46 vAbs=0.239 pLogitMean=-9.4152 vLogitMean=0.5818 gNorm=0.269 lr=0.0119 ms=2542.5 buf=500000 plies=154262183 games=2330326 rejected=0 skipped=0 epoch=0 mom=0.9140 lrCyc[pk=9.8e-01,tr=9.9e-04] trainerStep=18050
[LAYER-HEALTH] live trainerStep=18050 scope=batch_norm_state_only reluSites=9/10 ch=1040 dead=0 off=0 alwaysOn=0 worst=none maxBetaOverGamma=+1.58@policy.pre_bn[61] minBetaOverGamma=-1.85@value.bn[8] rvMaxOverMedian=35.7@blocks.1.bn1[14] rezero=none nonFinite=0
[REPLAY] step=18100 loss=3.5538 pLoss=2.7412 vLoss=0.8100 pEnt=2.871 pIllM=0.0025 playedP=0.170 pW=0.47 pD=0.07 pL=0.46 vAbs=0.232 pLogitMean=-9.4165 vLogitMean=0.5807 gNorm=0.264 lr=0.0133 ms=2749.5 buf=500000 plies=154688868 games=2336791 rejected=0 skipped=0 epoch=0 mom=0.9125 lrCyc[pk=9.8e-01,tr=9.9e-04] trainerStep=18100
[LAYER-HEALTH] live trainerStep=18100 scope=batch_norm_state_only reluSites=9/10 ch=1040 dead=0 off=0 alwaysOn=0 worst=none maxBetaOverGamma=+1.58@policy.pre_bn[61] minBetaOverGamma=-1.86@value.bn[8] rvMaxOverMedian=35.7@blocks.1.bn1[14] rezero=none nonFinite=0
[REPLAY] step=18150 loss=3.5129 pLoss=2.7170 vLoss=0.7935 pEnt=2.859 pIllM=0.0024 playedP=0.176 pW=0.47 pD=0.06 pL=0.47 vAbs=0.247 pLogitMean=-9.4155 vLogitMean=0.5828 gNorm=0.262 lr=0.0147 ms=2420.0 buf=500000 plies=155115483 games=2343231 rejected=0 skipped=0 epoch=0 mom=0.9109 lrCyc[pk=9.8e-01,tr=9.9e-04] trainerStep=18150
[LAYER-HEALTH] live trainerStep=18150 scope=batch_norm_state_only reluSites=9/10 ch=1040 dead=0 off=0 alwaysOn=0 worst=none maxBetaOverGamma=+1.58@policy.pre_bn[61] minBetaOverGamma=-1.84@value.bn[8] rvMaxOverMedian=35.9@blocks.1.bn1[14] rezero=none nonFinite=0
[REPLAY] step=18200 loss=3.5063 pLoss=2.7126 vLoss=0.7916 pEnt=2.858 pIllM=0.0021 playedP=0.176 pW=0.47 pD=0.06 pL=0.47 vAbs=0.240 pLogitMean=-9.4139 vLogitMean=0.5838 gNorm=0.264 lr=0.0164 ms=2533.1 buf=500000 plies=155542152 games=2349566 rejected=0 skipped=0 epoch=0 mom=0.9094 lrCyc[pk=9.8e-01,tr=9.9e-04] trainerStep=18200
[LAYER-HEALTH] live trainerStep=18200 scope=batch_norm_state_only reluSites=9/10 ch=1040 dead=0 off=0 alwaysOn=0 worst=none maxBetaOverGamma=+1.58@policy.pre_bn[61] minBetaOverGamma=-1.84@value.bn[8] rvMaxOverMedian=36.0@blocks.1.bn1[14] rezero=none nonFinite=0
[REPLAY] step=18250 loss=3.5788 pLoss=2.7693 vLoss=0.8074 pEnt=2.866 pIllM=0.0021 playedP=0.174 pW=0.48 pD=0.07 pL=0.46 vAbs=0.227 pLogitMean=-9.4149 vLogitMean=0.5820 gNorm=0.272 lr=0.0182 ms=2674.4 buf=500000 plies=155968775 games=2355958 rejected=0 skipped=0 epoch=0 mom=0.9079 lrCyc[pk=9.8e-01,tr=9.9e-04] trainerStep=18250
[LAYER-HEALTH] live trainerStep=18250 scope=batch_norm_state_only reluSites=9/10 ch=1040 dead=0 off=0 alwaysOn=0 worst=none maxBetaOverGamma=+1.58@policy.pre_bn[61] minBetaOverGamma=-1.84@blocks.2.bn1[11] rvMaxOverMedian=36.3@blocks.1.bn1[14] rezero=none nonFinite=0
[REPLAY] step=18300 loss=3.5303 pLoss=2.7256 vLoss=0.8022 pEnt=2.851 pIllM=0.0025 playedP=0.175 pW=0.47 pD=0.07 pL=0.46 vAbs=0.233 pLogitMean=-9.4158 vLogitMean=0.5835 gNorm=0.267 lr=0.0203 ms=2284.2 buf=500000 plies=156395431 games=2362358 rejected=0 skipped=0 epoch=0 mom=0.9063 lrCyc[pk=9.8e-01,tr=9.9e-04] trainerStep=18300
[LAYER-HEALTH] live trainerStep=18300 scope=batch_norm_state_only reluSites=9/10 ch=1040 dead=0 off=0 alwaysOn=0 worst=none maxBetaOverGamma=+1.58@policy.pre_bn[61] minBetaOverGamma=-1.84@blocks.2.bn1[11] rvMaxOverMedian=36.2@blocks.1.bn1[14] rezero=none nonFinite=0
[REPLAY] step=18350 loss=3.5254 pLoss=2.7139 vLoss=0.8093 pEnt=2.875 pIllM=0.0021 playedP=0.173 pW=0.47 pD=0.07 pL=0.46 vAbs=0.240 pLogitMean=-9.4115 vLogitMean=0.5823 gNorm=0.281 lr=0.0226 ms=2991.0 buf=500000 plies=156822085 games=2368700 rejected=0 skipped=0 epoch=0 mom=0.9047 lrCyc[pk=9.8e-01,tr=9.9e-04] trainerStep=18350
[LAYER-HEALTH] live trainerStep=18350 scope=batch_norm_state_only reluSites=9/10 ch=1040 dead=0 off=0 alwaysOn=0 worst=none maxBetaOverGamma=+1.58@policy.pre_bn[61] minBetaOverGamma=-1.84@blocks.2.bn1[11] rvMaxOverMedian=36.0@blocks.1.bn1[14] rezero=none nonFinite=0
[REPLAY] step=18400 loss=3.4936 pLoss=2.6858 vLoss=0.8053 pEnt=2.866 pIllM=0.0024 playedP=0.172 pW=0.47 pD=0.07 pL=0.46 vAbs=0.248 pLogitMean=-9.4141 vLogitMean=0.5829 gNorm=0.284 lr=0.0252 ms=2331.6 buf=500000 plies=157248771 games=2375126 rejected=0 skipped=0 epoch=0 mom=0.9032 lrCyc[pk=9.8e-01,tr=9.9e-04] trainerStep=18400
[LAYER-HEALTH] live trainerStep=18400 scope=batch_norm_state_only reluSites=9/10 ch=1040 dead=0 off=0 alwaysOn=0 worst=none maxBetaOverGamma=+1.58@policy.pre_bn[61] minBetaOverGamma=-1.84@blocks.2.bn1[11] rvMaxOverMedian=36.2@blocks.1.bn1[14] rezero=none nonFinite=0
[REPLAY] step=18450 loss=3.5328 pLoss=2.7203 vLoss=0.8104 pEnt=2.878 pIllM=0.0021 playedP=0.174 pW=0.47 pD=0.07 pL=0.46 vAbs=0.237 pLogitMean=-9.4134 vLogitMean=0.5850 gNorm=0.290 lr=0.028 ms=2594.7 buf=500000 plies=157675410 games=2381448 rejected=0 skipped=0 epoch=0 mom=0.9016 lrCyc[pk=9.8e-01,tr=9.9e-04] trainerStep=18450
[LAYER-HEALTH] live trainerStep=18450 scope=batch_norm_state_only reluSites=9/10 ch=1040 dead=0 off=0 alwaysOn=0 worst=none maxBetaOverGamma=+1.58@policy.pre_bn[61] minBetaOverGamma=-1.84@blocks.2.bn1[11] rvMaxOverMedian=35.8@blocks.1.bn1[14] rezero=none nonFinite=0
[REPLAY] step=18500 loss=3.5078 pLoss=2.7033 vLoss=0.8023 pEnt=2.864 pIllM=0.0021 playedP=0.174 pW=0.47 pD=0.06 pL=0.46 vAbs=0.237 pLogitMean=-9.4120 vLogitMean=0.5824 gNorm=0.264 lr=0.0312 ms=2082.6 buf=500000 plies=158102039 games=2387794 rejected=0 skipped=0 epoch=0 mom=0.9000 lrCyc[pk=9.8e-01,tr=9.9e-04] trainerStep=18500
[LAYER-HEALTH] live trainerStep=18500 scope=batch_norm_state_only reluSites=9/10 ch=1040 dead=0 off=0 alwaysOn=0 worst=none maxBetaOverGamma=+1.58@policy.pre_bn[61] minBetaOverGamma=-1.84@blocks.2.bn1[11] rvMaxOverMedian=35.8@blocks.1.bn1[14] rezero=none nonFinite=0
[REPLAY] step=18550 loss=3.5206 pLoss=2.7043 vLoss=0.8140 pEnt=2.859 pIllM=0.0024 playedP=0.174 pW=0.47 pD=0.07 pL=0.47 vAbs=0.231 pLogitMean=-9.4068 vLogitMean=0.5847 gNorm=0.275 lr=0.0348 ms=2460.1 buf=500000 plies=158528678 games=2394184 rejected=0 skipped=0 epoch=0 mom=0.8985 lrCyc[pk=9.8e-01,tr=9.9e-04] trainerStep=18550
[LAYER-HEALTH] live trainerStep=18550 scope=batch_norm_state_only reluSites=9/10 ch=1040 dead=0 off=0 alwaysOn=0 worst=none maxBetaOverGamma=+1.58@policy.pre_bn[61] minBetaOverGamma=-1.84@blocks.2.bn1[11] rvMaxOverMedian=36.1@blocks.1.bn1[14] rezero=none nonFinite=0
[REPLAY] step=18600 loss=3.5429 pLoss=2.7244 vLoss=0.8161 pEnt=2.860 pIllM=0.0025 playedP=0.173 pW=0.47 pD=0.07 pL=0.46 vAbs=0.232 pLogitMean=-9.4043 vLogitMean=0.5821 gNorm=0.259 lr=0.0388 ms=2265.7 buf=500000 plies=158955369 games=2400521 rejected=0 skipped=0 epoch=0 mom=0.8969 lrCyc[pk=9.8e-01,tr=9.9e-04] trainerStep=18600
[LAYER-HEALTH] live trainerStep=18600 scope=batch_norm_state_only reluSites=9/10 ch=1040 dead=0 off=0 alwaysOn=0 worst=none maxBetaOverGamma=+1.58@policy.pre_bn[22] minBetaOverGamma=-1.84@blocks.2.bn1[11] rvMaxOverMedian=36.3@blocks.1.bn1[14] rezero=none nonFinite=0
[REPLAY] step=18650 loss=3.5369 pLoss=2.7354 vLoss=0.7989 pEnt=2.861 pIllM=0.0026 playedP=0.171 pW=0.47 pD=0.07 pL=0.46 vAbs=0.233 pLogitMean=-9.4000 vLogitMean=0.5820 gNorm=0.279 lr=0.0432 ms=2144.9 buf=500000 plies=159381982 games=2406894 rejected=0 skipped=0 epoch=0 mom=0.8953 lrCyc[pk=9.8e-01,tr=9.9e-04] trainerStep=18650
[LAYER-HEALTH] live trainerStep=18650 scope=batch_norm_state_only reluSites=9/10 ch=1040 dead=0 off=0 alwaysOn=0 worst=none maxBetaOverGamma=+1.58@policy.pre_bn[61] minBetaOverGamma=-1.84@blocks.2.bn1[11] rvMaxOverMedian=36.9@blocks.1.bn1[14] rezero=none nonFinite=0
[REPLAY] step=18700 loss=3.4867 pLoss=2.6794 vLoss=0.8050 pEnt=2.839 pIllM=0.0022 playedP=0.175 pW=0.47 pD=0.07 pL=0.46 vAbs=0.239 pLogitMean=-9.3973 vLogitMean=0.5819 gNorm=0.260 lr=0.0481 ms=1895.1 buf=500000 plies=159808639 games=2413259 rejected=0 skipped=0 epoch=0 mom=0.8938 lrCyc[pk=9.8e-01,tr=9.9e-04] trainerStep=18700
[LAYER-HEALTH] live trainerStep=18700 scope=batch_norm_state_only reluSites=9/10 ch=1040 dead=0 off=0 alwaysOn=0 worst=none maxBetaOverGamma=+1.58@policy.pre_bn[61] minBetaOverGamma=-1.84@value.bn[8] rvMaxOverMedian=37.1@blocks.1.bn1[14] rezero=none nonFinite=0
[REPLAY] step=18750 loss=3.5412 pLoss=2.7303 vLoss=0.8087 pEnt=2.845 pIllM=0.0022 playedP=0.179 pW=0.48 pD=0.06 pL=0.46 vAbs=0.238 pLogitMean=-9.3992 vLogitMean=0.5831 gNorm=0.288 lr=0.0536 ms=2039.2 buf=500000 plies=160235284 games=2419632 rejected=0 skipped=0 epoch=0 mom=0.8922 lrCyc[pk=9.8e-01,tr=9.9e-04] trainerStep=18750
[LAYER-HEALTH] live trainerStep=18750 scope=batch_norm_state_only reluSites=9/10 ch=1040 dead=0 off=0 alwaysOn=0 worst=none maxBetaOverGamma=+1.58@policy.pre_bn[61] minBetaOverGamma=-1.84@blocks.2.bn1[11] rvMaxOverMedian=37.2@blocks.1.bn1[14] rezero=none nonFinite=0
[REPLAY] step=18800 loss=3.4853 pLoss=2.6824 vLoss=0.8003 pEnt=2.849 pIllM=0.0027 playedP=0.178 pW=0.47 pD=0.07 pL=0.46 vAbs=0.253 pLogitMean=-9.3990 vLogitMean=0.5811 gNorm=0.287 lr=0.0596 ms=2366.2 buf=500000 plies=160661954 games=2426061 rejected=0 skipped=0 epoch=0 mom=0.8907 lrCyc[pk=9.8e-01,tr=9.9e-04] trainerStep=18800
[LAYER-HEALTH] live trainerStep=18800 scope=batch_norm_state_only reluSites=9/10 ch=1040 dead=0 off=0 alwaysOn=0 worst=none maxBetaOverGamma=+1.58@policy.pre_bn[61] minBetaOverGamma=-1.83@blocks.2.bn1[11] rvMaxOverMedian=37.5@blocks.1.bn1[14] rezero=none nonFinite=0
[REPLAY] step=18850 loss=3.5054 pLoss=2.7011 vLoss=0.8016 pEnt=2.854 pIllM=0.0027 playedP=0.175 pW=0.47 pD=0.07 pL=0.47 vAbs=0.248 pLogitMean=-9.3963 vLogitMean=0.5816 gNorm=0.278 lr=0.0663 ms=2424.9 buf=500000 plies=161088579 games=2432458 rejected=0 skipped=0 epoch=0 mom=0.8891 lrCyc[pk=9.8e-01,tr=9.9e-04] trainerStep=18850
[LAYER-HEALTH] live trainerStep=18850 scope=batch_norm_state_only reluSites=9/10 ch=1040 dead=0 off=0 alwaysOn=0 worst=none maxBetaOverGamma=+1.58@policy.pre_bn[22] minBetaOverGamma=-1.82@blocks.2.bn1[11] rvMaxOverMedian=37.1@blocks.1.bn1[14] rezero=none nonFinite=0
[REPLAY] step=18900 loss=3.5427 pLoss=2.7394 vLoss=0.8009 pEnt=2.880 pIllM=0.0023 playedP=0.169 pW=0.47 pD=0.07 pL=0.46 vAbs=0.229 pLogitMean=-9.3915 vLogitMean=0.5823 gNorm=0.277 lr=0.0737 ms=2259.5 buf=500000 plies=161515221 games=2438868 rejected=0 skipped=0 epoch=0 mom=0.8876 lrCyc[pk=9.8e-01,tr=9.9e-04] trainerStep=18900
[LAYER-HEALTH] live trainerStep=18900 scope=batch_norm_state_only reluSites=9/10 ch=1040 dead=0 off=0 alwaysOn=0 worst=none maxBetaOverGamma=+1.57@policy.pre_bn[61] minBetaOverGamma=-1.83@value.bn[8] rvMaxOverMedian=36.5@blocks.1.bn1[14] rezero=none nonFinite=0
[REPLAY] step=18950 loss=3.5119 pLoss=2.7007 vLoss=0.8087 pEnt=2.865 pIllM=0.0025 playedP=0.172 pW=0.46 pD=0.07 pL=0.47 vAbs=0.239 pLogitMean=-9.3883 vLogitMean=0.5809 gNorm=0.282 lr=0.0818 ms=2610.0 buf=500000 plies=161941880 games=2445239 rejected=0 skipped=0 epoch=0 mom=0.8861 lrCyc[pk=9.8e-01,tr=9.9e-04] trainerStep=18950
[LAYER-HEALTH] live trainerStep=18950 scope=batch_norm_state_only reluSites=9/10 ch=1040 dead=0 off=0 alwaysOn=0 worst=none maxBetaOverGamma=+1.58@policy.pre_bn[22] minBetaOverGamma=-1.82@value.bn[8] rvMaxOverMedian=37.0@blocks.1.bn1[14] rezero=none nonFinite=0
[REPLAY] step=19000 loss=3.4732 pLoss=2.6805 vLoss=0.7900 pEnt=2.846 pIllM=0.0027 playedP=0.179 pW=0.47 pD=0.07 pL=0.46 vAbs=0.247 pLogitMean=-9.3912 vLogitMean=0.5830 gNorm=0.294 lr=0.0907 ms=2419.4 buf=500000 plies=162368577 games=2451597 rejected=0 skipped=0 epoch=0 mom=0.8846 lrCyc[pk=9.8e-01,tr=9.9e-04] trainerStep=19000
[LAYER-HEALTH] live trainerStep=19000 scope=batch_norm_state_only reluSites=9/10 ch=1040 dead=0 off=0 alwaysOn=0 worst=none maxBetaOverGamma=+1.58@policy.pre_bn[22] minBetaOverGamma=-1.86@value.bn[8] rvMaxOverMedian=36.7@blocks.1.bn1[14] rezero=none nonFinite=0
[REPLAY] saved trainer model (autosave) step=19000 trainerStep=19000 nextGame=2451597 shard=5 epoch=0 -> 20261005-lrBleaky-cyc1-replay-latest.safetensors
[LAYER-HEALTH] checkpoint replay-autosave step=19000 trainerStep=19000 scope=all_tensors reluSites=9/10 ch=1040 dead=0 off=0 alwaysOn=0 worst=none maxBetaOverGamma=+1.58@policy.pre_bn[22] minBetaOverGamma=-1.86@value.bn[8] rvMaxOverMedian=36.7@blocks.1.bn1[14] rezero=none nonFinite=0 seZeroVel=none valueFC1ZeroVel=0/128 maxAbs=10.08@blocks.0.bn2.running_var
[LAYER-HEALTH]   batch-norm sites — β/|γ|: dead < -3.00, mostly off < -2.00, always on > +3.00; classified for relu/leaky_relu only
[LAYER-HEALTH]     site            act            ch   dead    off     on  zeroγ nonfin  min β/|γ| [ch]     max β/|γ| [ch]     rv max/median [ch]
[LAYER-HEALTH]     stem.bn         -             128    n/a    n/a    n/a      0      0     -0.83 [85]         +0.36 [110]           3.9 [43]
[LAYER-HEALTH]     blocks.0.bn1    relu          128      0      0      0      0      0     -0.72 [53]         +0.27 [18]            4.6 [14]
[LAYER-HEALTH]     blocks.0.bn2    relu          128      0      0      0      0      0     -1.23 [57]         -0.06 [58]            3.7 [97]
[LAYER-HEALTH]     blocks.1.bn1    relu          128      0      0      0      0      0     -1.27 [11]         -0.28 [31]           36.7 [14]
[LAYER-HEALTH]     blocks.1.bn2    relu          128      0      0      0      0      0     -1.66 [29]         -0.33 [95]            6.7 [49]
[LAYER-HEALTH]     blocks.2.bn1    relu          128      0      0      0      0      0     -1.83 [11]         +0.71 [31]           14.8 [125]
[LAYER-HEALTH]     blocks.2.bn2    relu          128      0      0      0      0      0     -1.40 [95]         -0.22 [17]            3.7 [26]
[LAYER-HEALTH]     tower_final_bn  relu          128      0      0      0      0      0     -0.53 [89]         +1.24 [63]            4.4 [75]
[LAYER-HEALTH]     policy.pre_bn   relu          128      0      0      0      0      0     -0.75 [47]         +1.58 [22]            4.0 [22]
[LAYER-HEALTH]     value.bn        leaky_relu     16      0      0      0      0      0     -1.86 [8]          -0.64 [1]             2.6 [5]
[LAYER-HEALTH]   FC hidden-unit velocity — zero: every weight-velocity entry exactly 0; low: nonzero but < 5% of the layer's p90 unit norm
[LAYER-HEALTH]     value.fc1.weight  leaky_relu  units 128  zero 0  low 12  median unit norm 0.003626
[LAYER-HEALTH]     (no SE blocks)
[LAYER-HEALTH]   ReZero: none
[LAYER-HEALTH]   non-finite: 0 values in 0 of 102 tensors (10263038 values examined)
[LAYER-HEALTH]   largest |value|: blocks.0.bn2.running_var 10.08, blocks.1.bn2.running_var 7.272, blocks.1.bn1.running_var 7.027, blocks.0.bn2.running_mean 5.888, policy.conv.bias 5.783
[REPLAY] enumerated checkpoint -> 20261005-lrBleaky-cyc1-replay-step19000.safetensors
[REPLAY] step=19050 loss=3.5104 pLoss=2.7192 vLoss=0.7888 pEnt=2.848 pIllM=0.0024 playedP=0.177 pW=0.46 pD=0.07 pL=0.47 vAbs=0.242 pLogitMean=-9.3805 vLogitMean=0.5855 gNorm=0.292 lr=0.1 ms=2302.7 buf=500000 plies=162795201 games=2457916 rejected=0 skipped=0 epoch=0 mom=0.8831 lrCyc[pk=9.8e-01,tr=9.9e-04] trainerStep=19050
[LAYER-HEALTH] live trainerStep=19050 scope=batch_norm_state_only reluSites=9/10 ch=1040 dead=0 off=0 alwaysOn=0 worst=none maxBetaOverGamma=+1.58@policy.pre_bn[22] minBetaOverGamma=-1.83@value.bn[8] rvMaxOverMedian=36.9@blocks.1.bn1[14] rezero=none nonFinite=0
[REPLAY] step=19100 loss=3.5044 pLoss=2.7181 vLoss=0.7838 pEnt=2.873 pIllM=0.0025 playedP=0.170 pW=0.46 pD=0.06 pL=0.48 vAbs=0.243 pLogitMean=-9.3770 vLogitMean=0.5846 gNorm=0.286 lr=0.111 ms=2627.8 buf=500000 plies=163221856 games=2464396 rejected=0 skipped=0 epoch=0 mom=0.8817 lrCyc[pk=9.8e-01,tr=9.9e-04] trainerStep=19100
[LAYER-HEALTH] live trainerStep=19100 scope=batch_norm_state_only reluSites=9/10 ch=1040 dead=0 off=0 alwaysOn=0 worst=none maxBetaOverGamma=+1.58@policy.pre_bn[61] minBetaOverGamma=-1.83@blocks.2.bn1[11] rvMaxOverMedian=38.2@blocks.1.bn1[14] rezero=none nonFinite=0
[REPLAY] step=19150 loss=3.5363 pLoss=2.7180 vLoss=0.8156 pEnt=2.860 pIllM=0.0027 playedP=0.176 pW=0.47 pD=0.07 pL=0.46 vAbs=0.222 pLogitMean=-9.3665 vLogitMean=0.5863 gNorm=0.319 lr=0.123 ms=2606.9 buf=500000 plies=163648489 games=2470775 rejected=0 skipped=0 epoch=0 mom=0.8802 lrCyc[pk=9.8e-01,tr=9.9e-04] trainerStep=19150
[LAYER-HEALTH] live trainerStep=19150 scope=batch_norm_state_only reluSites=9/10 ch=1040 dead=0 off=0 alwaysOn=0 worst=none maxBetaOverGamma=+1.58@policy.pre_bn[61] minBetaOverGamma=-1.86@blocks.2.bn1[11] rvMaxOverMedian=38.9@blocks.1.bn1[14] rezero=none nonFinite=0
[REPLAY] step=19200 loss=3.4766 pLoss=2.6631 vLoss=0.8108 pEnt=2.846 pIllM=0.0026 playedP=0.179 pW=0.46 pD=0.07 pL=0.47 vAbs=0.253 pLogitMean=-9.3615 vLogitMean=0.5850 gNorm=0.303 lr=0.136 ms=3509.0 buf=500000 plies=164075158 games=2477139 rejected=0 skipped=0 epoch=0 mom=0.8788 lrCyc[pk=9.8e-01,tr=9.9e-04] trainerStep=19200
[LAYER-HEALTH] live trainerStep=19200 scope=batch_norm_state_only reluSites=9/10 ch=1040 dead=0 off=0 alwaysOn=0 worst=none maxBetaOverGamma=+1.58@policy.pre_bn[61] minBetaOverGamma=-1.86@blocks.2.bn1[11] rvMaxOverMedian=38.5@blocks.1.bn1[14] rezero=none nonFinite=0
[REPLAY] step=19250 loss=3.5523 pLoss=2.7384 vLoss=0.8114 pEnt=2.895 pIllM=0.0025 playedP=0.165 pW=0.48 pD=0.07 pL=0.45 vAbs=0.238 pLogitMean=-9.3556 vLogitMean=0.5836 gNorm=0.317 lr=0.15 ms=2169.5 buf=500000 plies=164501797 games=2483470 rejected=0 skipped=0 epoch=0 mom=0.8774 lrCyc[pk=9.8e-01,tr=9.9e-04] trainerStep=19250
[LAYER-HEALTH] live trainerStep=19250 scope=batch_norm_state_only reluSites=9/10 ch=1040 dead=0 off=0 alwaysOn=0 worst=none maxBetaOverGamma=+1.59@policy.pre_bn[22] minBetaOverGamma=-1.85@blocks.2.bn1[11] rvMaxOverMedian=39.1@blocks.1.bn1[14] rezero=none nonFinite=0
[REPLAY] step=19300 loss=3.5205 pLoss=2.7011 vLoss=0.8168 pEnt=2.865 pIllM=0.0027 playedP=0.170 pW=0.48 pD=0.07 pL=0.46 vAbs=0.255 pLogitMean=-9.3469 vLogitMean=0.5822 gNorm=0.346 lr=0.165 ms=2572.1 buf=500000 plies=164928425 games=2489780 rejected=0 skipped=0 epoch=0 mom=0.8760 lrCyc[pk=9.8e-01,tr=9.9e-04] trainerStep=19300
[LAYER-HEALTH] live trainerStep=19300 scope=batch_norm_state_only reluSites=9/10 ch=1040 dead=0 off=0 alwaysOn=0 worst=none maxBetaOverGamma=+1.60@policy.pre_bn[22] minBetaOverGamma=-1.84@blocks.2.bn1[11] rvMaxOverMedian=39.9@blocks.1.bn1[14] rezero=none nonFinite=0
[REPLAY] step=19350 loss=3.5116 pLoss=2.7037 vLoss=0.8053 pEnt=2.850 pIllM=0.0026 playedP=0.177 pW=0.48 pD=0.07 pL=0.45 vAbs=0.244 pLogitMean=-9.3397 vLogitMean=0.5829 gNorm=0.296 lr=0.181 ms=2182.9 buf=500000 plies=165355138 games=2496115 rejected=0 skipped=0 epoch=0 mom=0.8746 lrCyc[pk=9.8e-01,tr=9.9e-04] trainerStep=19350
[LAYER-HEALTH] live trainerStep=19350 scope=batch_norm_state_only reluSites=9/10 ch=1040 dead=0 off=0 alwaysOn=0 worst=none maxBetaOverGamma=+1.64@policy.pre_bn[22] minBetaOverGamma=-1.84@blocks.2.bn1[11] rvMaxOverMedian=39.9@blocks.1.bn1[14] rezero=none nonFinite=0
[REPLAY] step=19400 loss=3.5086 pLoss=2.7111 vLoss=0.7947 pEnt=2.863 pIllM=0.0028 playedP=0.176 pW=0.47 pD=0.07 pL=0.46 vAbs=0.234 pLogitMean=-9.3316 vLogitMean=0.5850 gNorm=0.313 lr=0.198 ms=2220.9 buf=500000 plies=165781729 games=2502489 rejected=0 skipped=0 epoch=0 mom=0.8733 lrCyc[pk=9.8e-01,tr=9.9e-04] trainerStep=19400
[LAYER-HEALTH] live trainerStep=19400 scope=batch_norm_state_only reluSites=9/10 ch=1040 dead=0 off=0 alwaysOn=0 worst=none maxBetaOverGamma=+1.60@policy.pre_bn[22] minBetaOverGamma=-1.86@blocks.2.bn1[11] rvMaxOverMedian=38.7@blocks.1.bn1[14] rezero=none nonFinite=0
[REPLAY] step=19450 loss=3.5192 pLoss=2.7184 vLoss=0.7977 pEnt=2.874 pIllM=0.0031 playedP=0.172 pW=0.47 pD=0.06 pL=0.47 vAbs=0.245 pLogitMean=-9.3072 vLogitMean=0.5870 gNorm=0.314 lr=0.217 ms=2452.6 buf=500000 plies=166208476 games=2508903 rejected=0 skipped=0 epoch=0 mom=0.8720 lrCyc[pk=9.8e-01,tr=9.9e-04] trainerStep=19450
[LAYER-HEALTH] live trainerStep=19450 scope=batch_norm_state_only reluSites=9/10 ch=1040 dead=0 off=0 alwaysOn=0 worst=none maxBetaOverGamma=+1.59@policy.pre_bn[22] minBetaOverGamma=-1.86@blocks.2.bn1[11] rvMaxOverMedian=38.4@blocks.1.bn1[14] rezero=none nonFinite=0
[REPLAY] step=19500 loss=3.5264 pLoss=2.7111 vLoss=0.8122 pEnt=2.843 pIllM=0.0031 playedP=0.178 pW=0.47 pD=0.07 pL=0.46 vAbs=0.229 pLogitMean=-9.3011 vLogitMean=0.5871 gNorm=0.304 lr=0.237 ms=2285.5 buf=500000 plies=166635028 games=2515267 rejected=0 skipped=0 epoch=0 mom=0.8707 lrCyc[pk=9.8e-01,tr=9.9e-04] trainerStep=19500
[LAYER-HEALTH] live trainerStep=19500 scope=batch_norm_state_only reluSites=9/10 ch=1040 dead=0 off=0 alwaysOn=0 worst=none maxBetaOverGamma=+1.63@policy.pre_bn[22] minBetaOverGamma=-1.86@blocks.2.bn1[11] rvMaxOverMedian=38.1@blocks.1.bn1[14] rezero=none nonFinite=0
[REPLAY] step=19550 loss=3.5130 pLoss=2.7094 vLoss=0.8006 pEnt=2.846 pIllM=0.0030 playedP=0.174 pW=0.45 pD=0.07 pL=0.48 vAbs=0.230 pLogitMean=-9.2849 vLogitMean=0.5917 gNorm=0.332 lr=0.259 ms=2323.9 buf=500000 plies=167061742 games=2521662 rejected=0 skipped=0 epoch=0 mom=0.8694 lrCyc[pk=9.8e-01,tr=9.9e-04] trainerStep=19550
[LAYER-HEALTH] live trainerStep=19550 scope=batch_norm_state_only reluSites=9/10 ch=1040 dead=0 off=0 alwaysOn=0 worst=none maxBetaOverGamma=+1.57@policy.pre_bn[61] minBetaOverGamma=-1.89@blocks.2.bn1[11] rvMaxOverMedian=37.6@blocks.1.bn1[14] rezero=none nonFinite=0
[REPLAY] step=19600 loss=3.5412 pLoss=2.7116 vLoss=0.8266 pEnt=2.882 pIllM=0.0029 playedP=0.167 pW=0.45 pD=0.07 pL=0.47 vAbs=0.234 pLogitMean=-9.2802 vLogitMean=0.5897 gNorm=0.304 lr=0.281 ms=1972.0 buf=500000 plies=167488331 games=2528030 rejected=0 skipped=0 epoch=0 mom=0.8682 lrCyc[pk=9.8e-01,tr=9.9e-04] trainerStep=19600
[LAYER-HEALTH] live trainerStep=19600 scope=batch_norm_state_only reluSites=9/10 ch=1040 dead=0 off=0 alwaysOn=0 worst=none maxBetaOverGamma=+1.62@policy.pre_bn[22] minBetaOverGamma=-1.90@blocks.2.bn1[11] rvMaxOverMedian=38.2@blocks.1.bn1[14] rezero=none nonFinite=0
[REPLAY] step=19650 loss=3.5504 pLoss=2.7346 vLoss=0.8123 pEnt=2.830 pIllM=0.0034 playedP=0.177 pW=0.47 pD=0.07 pL=0.47 vAbs=0.225 pLogitMean=-9.2590 vLogitMean=0.5892 gNorm=0.348 lr=0.306 ms=2213.2 buf=500000 plies=167915022 games=2534370 rejected=0 skipped=0 epoch=0 mom=0.8670 lrCyc[pk=9.8e-01,tr=9.9e-04] trainerStep=19650
[LAYER-HEALTH] live trainerStep=19650 scope=batch_norm_state_only reluSites=9/10 ch=1040 dead=0 off=0 alwaysOn=0 worst=none maxBetaOverGamma=+1.66@policy.pre_bn[22] minBetaOverGamma=-1.88@blocks.2.bn1[11] rvMaxOverMedian=38.0@blocks.1.bn1[14] rezero=none nonFinite=0
[REPLAY] step=19700 loss=3.5504 pLoss=2.7628 vLoss=0.7838 pEnt=2.845 pIllM=0.0037 playedP=0.177 pW=0.49 pD=0.06 pL=0.45 vAbs=0.270 pLogitMean=-9.2554 vLogitMean=0.5914 gNorm=0.354 lr=0.331 ms=2328.8 buf=500000 plies=168341688 games=2540798 rejected=0 skipped=0 epoch=0 mom=0.8659 lrCyc[pk=9.8e-01,tr=9.9e-04] trainerStep=19700
[LAYER-HEALTH] live trainerStep=19700 scope=batch_norm_state_only reluSites=9/10 ch=1040 dead=0 off=0 alwaysOn=0 worst=none maxBetaOverGamma=+1.63@policy.pre_bn[22] minBetaOverGamma=-1.89@value.bn[8] rvMaxOverMedian=37.7@blocks.1.bn1[14] rezero=none nonFinite=0
[REPLAY] step=19750 loss=3.5095 pLoss=2.7283 vLoss=0.7774 pEnt=2.865 pIllM=0.0038 playedP=0.170 pW=0.48 pD=0.06 pL=0.46 vAbs=0.253 pLogitMean=-9.2374 vLogitMean=0.5896 gNorm=0.331 lr=0.358 ms=2249.0 buf=500000 plies=168768321 games=2547178 rejected=0 skipped=0 epoch=0 mom=0.8647 lrCyc[pk=9.8e-01,tr=9.9e-04] trainerStep=19750
[LAYER-HEALTH] live trainerStep=19750 scope=batch_norm_state_only reluSites=9/10 ch=1040 dead=0 off=0 alwaysOn=0 worst=none maxBetaOverGamma=+1.59@policy.pre_bn[61] minBetaOverGamma=-1.94@value.bn[8] rvMaxOverMedian=37.3@blocks.1.bn1[14] rezero=none nonFinite=0
[REPLAY] step=19800 loss=3.5169 pLoss=2.7121 vLoss=0.8008 pEnt=2.865 pIllM=0.0041 playedP=0.172 pW=0.45 pD=0.07 pL=0.48 vAbs=0.232 pLogitMean=-9.2343 vLogitMean=0.5958 gNorm=0.343 lr=0.386 ms=2403.4 buf=500000 plies=169194976 games=2553596 rejected=0 skipped=0 epoch=0 mom=0.8636 lrCyc[pk=9.8e-01,tr=9.9e-04] trainerStep=19800
[LAYER-HEALTH] live trainerStep=19800 scope=batch_norm_state_only reluSites=9/10 ch=1040 dead=0 off=0 alwaysOn=0 worst=none maxBetaOverGamma=+1.59@policy.pre_bn[61] minBetaOverGamma=-1.99@value.bn[8] rvMaxOverMedian=38.9@blocks.1.bn1[14] rezero=none nonFinite=0
[REPLAY] step=19850 loss=3.5494 pLoss=2.7530 vLoss=0.7919 pEnt=2.875 pIllM=0.0045 playedP=0.166 pW=0.48 pD=0.06 pL=0.45 vAbs=0.265 pLogitMean=-9.2090 vLogitMean=0.5914 gNorm=0.361 lr=0.415 ms=2640.5 buf=500000 plies=169621609 games=2559939 rejected=0 skipped=0 epoch=0 mom=0.8626 lrCyc[pk=9.8e-01,tr=9.9e-04] trainerStep=19850
[LAYER-HEALTH] live trainerStep=19850 scope=batch_norm_state_only reluSites=9/10 ch=1040 dead=0 off=0 alwaysOn=0 worst=none maxBetaOverGamma=+1.61@policy.pre_bn[22] minBetaOverGamma=-1.90@value.bn[8] rvMaxOverMedian=39.0@blocks.1.bn1[14] rezero=none nonFinite=0
[REPLAY] step=19900 loss=3.5291 pLoss=2.7162 vLoss=0.8084 pEnt=2.876 pIllM=0.0045 playedP=0.164 pW=0.46 pD=0.07 pL=0.47 vAbs=0.248 pLogitMean=-9.2070 vLogitMean=0.5909 gNorm=0.375 lr=0.445 ms=2151.5 buf=500000 plies=170048267 games=2566275 rejected=0 skipped=0 epoch=0 mom=0.8616 lrCyc[pk=9.8e-01,tr=9.9e-04] trainerStep=19900
[LAYER-HEALTH] live trainerStep=19900 scope=batch_norm_state_only reluSites=9/10 ch=1040 dead=0 off=0 alwaysOn=0 worst=none maxBetaOverGamma=+1.65@policy.pre_bn[22] minBetaOverGamma=-1.88@value.bn[8] rvMaxOverMedian=38.9@blocks.1.bn1[14] rezero=none nonFinite=0
[REPLAY] step=19950 loss=3.5303 pLoss=2.7326 vLoss=0.7935 pEnt=2.801 pIllM=0.0042 playedP=0.181 pW=0.47 pD=0.07 pL=0.46 vAbs=0.248 pLogitMean=-9.2062 vLogitMean=0.5920 gNorm=0.380 lr=0.476 ms=2202.8 buf=500000 plies=170474903 games=2572676 rejected=0 skipped=0 epoch=0 mom=0.8606 lrCyc[pk=9.8e-01,tr=9.9e-04] trainerStep=19950
[LAYER-HEALTH] live trainerStep=19950 scope=batch_norm_state_only reluSites=9/10 ch=1040 dead=0 off=0 alwaysOn=0 worst=none maxBetaOverGamma=+1.69@policy.pre_bn[22] minBetaOverGamma=-1.90@value.bn[8] rvMaxOverMedian=37.9@blocks.1.bn1[14] rezero=none nonFinite=0
[REPLAY] step=20000 loss=3.5217 pLoss=2.7257 vLoss=0.7914 pEnt=2.827 pIllM=0.0047 playedP=0.177 pW=0.47 pD=0.06 pL=0.47 vAbs=0.245 pLogitMean=-9.2146 vLogitMean=0.5912 gNorm=0.392 lr=0.508 ms=2197.1 buf=500000 plies=170901532 games=2579110 rejected=0 skipped=0 epoch=0 mom=0.8596 lrCyc[pk=9.8e-01,tr=9.9e-04] trainerStep=20000
[LAYER-HEALTH] live trainerStep=20000 scope=batch_norm_state_only reluSites=9/10 ch=1040 dead=0 off=0 alwaysOn=0 worst=none maxBetaOverGamma=+1.61@policy.pre_bn[61] minBetaOverGamma=-1.90@blocks.2.bn1[11] rvMaxOverMedian=37.9@blocks.1.bn1[14] rezero=none nonFinite=0
[REPLAY] saved trainer model (autosave) step=20000 trainerStep=20000 nextGame=2579110 shard=5 epoch=0 -> 20261005-lrBleaky-cyc1-replay-latest.safetensors
[LAYER-HEALTH] checkpoint replay-autosave step=20000 trainerStep=20000 scope=all_tensors reluSites=9/10 ch=1040 dead=0 off=0 alwaysOn=0 worst=none maxBetaOverGamma=+1.61@policy.pre_bn[61] minBetaOverGamma=-1.90@blocks.2.bn1[11] rvMaxOverMedian=37.9@blocks.1.bn1[14] rezero=none nonFinite=0 seZeroVel=none valueFC1ZeroVel=0/128 maxAbs=9.976@blocks.0.bn2.running_var
[LAYER-HEALTH]   batch-norm sites — β/|γ|: dead < -3.00, mostly off < -2.00, always on > +3.00; classified for relu/leaky_relu only
[LAYER-HEALTH]     site            act            ch   dead    off     on  zeroγ nonfin  min β/|γ| [ch]     max β/|γ| [ch]     rv max/median [ch]
[LAYER-HEALTH]     stem.bn         -             128    n/a    n/a    n/a      0      0     -0.91 [85]         +0.38 [110]           3.4 [43]
[LAYER-HEALTH]     blocks.0.bn1    relu          128      0      0      0      0      0     -0.76 [53]         +0.26 [18]            4.8 [14]
[LAYER-HEALTH]     blocks.0.bn2    relu          128      0      0      0      0      0     -1.22 [48]         -0.04 [58]            4.3 [97]
[LAYER-HEALTH]     blocks.1.bn1    relu          128      0      0      0      0      0     -1.29 [11]         -0.27 [31]           37.9 [14]
[LAYER-HEALTH]     blocks.1.bn2    relu          128      0      0      0      0      0     -1.66 [29]         -0.36 [49]            7.1 [49]
[LAYER-HEALTH]     blocks.2.bn1    relu          128      0      0      0      0      0     -1.90 [11]         +0.64 [31]           13.1 [125]
[LAYER-HEALTH]     blocks.2.bn2    relu          128      0      0      0      0      0     -1.44 [95]         -0.21 [50]            3.6 [26]
[LAYER-HEALTH]     tower_final_bn  relu          128      0      0      0      0      0     -0.54 [89]         +1.23 [63]            4.3 [75]
[LAYER-HEALTH]     policy.pre_bn   relu          128      0      0      0      0      0     -0.79 [47]         +1.61 [61]            3.9 [22]
[LAYER-HEALTH]     value.bn        leaky_relu     16      0      0      0      0      0     -1.65 [8]          -0.77 [1]             2.8 [5]
[LAYER-HEALTH]   FC hidden-unit velocity — zero: every weight-velocity entry exactly 0; low: nonzero but < 5% of the layer's p90 unit norm
[LAYER-HEALTH]     value.fc1.weight  leaky_relu  units 128  zero 0  low 12  median unit norm 0.003512
[LAYER-HEALTH]     (no SE blocks)
[LAYER-HEALTH]   ReZero: none
[LAYER-HEALTH]   non-finite: 0 values in 0 of 102 tensors (10263038 values examined)
[LAYER-HEALTH]   largest |value|: blocks.0.bn2.running_var 9.976, blocks.1.bn1.running_var 7.146, blocks.1.bn2.running_var 6.682, policy.conv.bias 5.74, blocks.0.bn2.running_mean 5.578
[REPLAY] enumerated checkpoint -> 20261005-lrBleaky-cyc1-replay-step20000.safetensors
[REPLAY] step=20050 loss=3.5970 pLoss=2.7918 vLoss=0.8007 pEnt=2.839 pIllM=0.0045 playedP=0.176 pW=0.50 pD=0.06 pL=0.44 vAbs=0.238 pLogitMean=-9.2227 vLogitMean=0.5876 gNorm=0.356 lr=0.541 ms=2355.1 buf=500000 plies=171328186 games=2585485 rejected=0 skipped=0 epoch=0 mom=0.8587 lrCyc[pk=9.8e-01,tr=9.9e-04] trainerStep=20050
[LAYER-HEALTH] live trainerStep=20050 scope=batch_norm_state_only reluSites=9/10 ch=1040 dead=0 off=0 alwaysOn=0 worst=none maxBetaOverGamma=+1.64@policy.pre_bn[22] minBetaOverGamma=-1.94@blocks.2.bn1[11] rvMaxOverMedian=39.2@blocks.1.bn1[14] rezero=none nonFinite=0
[REPLAY] step=20100 loss=3.5031 pLoss=2.7138 vLoss=0.7842 pEnt=2.874 pIllM=0.0052 playedP=0.169 pW=0.47 pD=0.06 pL=0.48 vAbs=0.249 pLogitMean=-9.2381 vLogitMean=0.5849 gNorm=0.342 lr=0.574 ms=2164.0 buf=500000 plies=171754911 games=2591859 rejected=0 skipped=0 epoch=0 mom=0.8579 lrCyc[pk=9.8e-01,tr=9.9e-04] trainerStep=20100
[LAYER-HEALTH] live trainerStep=20100 scope=batch_norm_state_only reluSites=9/10 ch=1040 dead=0 off=0 alwaysOn=0 worst=none maxBetaOverGamma=+1.65@policy.pre_bn[22] minBetaOverGamma=-1.93@blocks.2.bn1[11] rvMaxOverMedian=39.9@blocks.1.bn1[14] rezero=none nonFinite=0
[REPLAY] step=20150 loss=3.5388 pLoss=2.7458 vLoss=0.7871 pEnt=2.839 pIllM=0.0059 playedP=0.174 pW=0.47 pD=0.06 pL=0.47 vAbs=0.235 pLogitMean=-9.2232 vLogitMean=0.5843 gNorm=0.390 lr=0.608 ms=2135.4 buf=500000 plies=172181470 games=2598180 rejected=0 skipped=0 epoch=0 mom=0.8571 lrCyc[pk=9.8e-01,tr=9.9e-04] trainerStep=20150
[LAYER-HEALTH] live trainerStep=20150 scope=batch_norm_state_only reluSites=9/10 ch=1040 dead=0 off=0 alwaysOn=0 worst=none maxBetaOverGamma=+1.65@policy.pre_bn[61] minBetaOverGamma=-1.97@blocks.2.bn1[11] rvMaxOverMedian=40.8@blocks.1.bn1[14] rezero=none nonFinite=0
[REPLAY] step=20200 loss=3.5535 pLoss=2.7446 vLoss=0.8026 pEnt=2.883 pIllM=0.0063 playedP=0.167 pW=0.48 pD=0.06 pL=0.46 vAbs=0.260 pLogitMean=-9.2284 vLogitMean=0.5888 gNorm=0.360 lr=0.641 ms=2176.5 buf=500000 plies=172608178 games=2604539 rejected=0 skipped=0 epoch=0 mom=0.8563 lrCyc[pk=9.8e-01,tr=9.9e-04] trainerStep=20200
[LAYER-HEALTH] live trainerStep=20200 scope=batch_norm_state_only reluSites=9/10 ch=1040 dead=0 off=0 alwaysOn=0 worst=none maxBetaOverGamma=+1.66@policy.pre_bn[22] minBetaOverGamma=-1.94@blocks.2.bn1[11] rvMaxOverMedian=40.6@blocks.1.bn1[14] rezero=none nonFinite=0
[REPLAY] step=20250 loss=3.5796 pLoss=2.7654 vLoss=0.8079 pEnt=2.834 pIllM=0.0063 playedP=0.171 pW=0.48 pD=0.06 pL=0.46 vAbs=0.235 pLogitMean=-9.2810 vLogitMean=0.5895 gNorm=0.373 lr=0.675 ms=2210.1 buf=500000 plies=173034811 games=2610901 rejected=0 skipped=0 epoch=0 mom=0.8555 lrCyc[pk=9.8e-01,tr=9.9e-04] trainerStep=20250
[LAYER-HEALTH] live trainerStep=20250 scope=batch_norm_state_only reluSites=9/10 ch=1040 dead=0 off=1 alwaysOn=0 worst=blocks.2.bn1(dead 0 off 1 on 0) maxBetaOverGamma=+1.77@policy.pre_bn[22] minBetaOverGamma=-2.01@blocks.2.bn1[11] rvMaxOverMedian=39.9@blocks.1.bn1[14] rezero=none nonFinite=0
[REPLAY] step=20300 loss=3.5746 pLoss=2.7724 vLoss=0.7959 pEnt=2.831 pIllM=0.0063 playedP=0.170 pW=0.47 pD=0.07 pL=0.46 vAbs=0.226 pLogitMean=-9.3159 vLogitMean=0.5932 gNorm=0.487 lr=0.707 ms=2442.8 buf=500000 plies=173461489 games=2617305 rejected=0 skipped=0 epoch=0 mom=0.8549 lrCyc[pk=9.8e-01,tr=9.9e-04] trainerStep=20300
[LAYER-HEALTH] live trainerStep=20300 scope=batch_norm_state_only reluSites=9/10 ch=1040 dead=0 off=1 alwaysOn=0 worst=blocks.2.bn1(dead 0 off 1 on 0) maxBetaOverGamma=+1.65@policy.pre_bn[61] minBetaOverGamma=-2.02@blocks.2.bn1[11] rvMaxOverMedian=39.2@blocks.1.bn1[14] rezero=none nonFinite=0
[REPLAY] step=20350 loss=3.5676 pLoss=2.7667 vLoss=0.7946 pEnt=2.860 pIllM=0.0062 playedP=0.168 pW=0.50 pD=0.06 pL=0.44 vAbs=0.263 pLogitMean=-9.3394 vLogitMean=0.5923 gNorm=0.353 lr=0.74 ms=2221.5 buf=500000 plies=173888121 games=2623732 rejected=0 skipped=0 epoch=0 mom=0.8542 lrCyc[pk=9.8e-01,tr=9.9e-04] trainerStep=20350
[LAYER-HEALTH] live trainerStep=20350 scope=batch_norm_state_only reluSites=9/10 ch=1040 dead=0 off=1 alwaysOn=0 worst=blocks.2.bn1(dead 0 off 1 on 0) maxBetaOverGamma=+1.69@policy.pre_bn[61] minBetaOverGamma=-2.06@blocks.2.bn1[11] rvMaxOverMedian=40.6@blocks.1.bn1[14] rezero=none nonFinite=0
[REPLAY] step=20400 loss=3.5316 pLoss=2.7268 vLoss=0.7980 pEnt=2.867 pIllM=0.0069 playedP=0.164 pW=0.45 pD=0.06 pL=0.49 vAbs=0.237 pLogitMean=-9.3956 vLogitMean=0.5982 gNorm=0.367 lr=0.771 ms=2254.2 buf=500000 plies=174314739 games=2630021 rejected=0 skipped=0 epoch=0 mom=0.8536 lrCyc[pk=9.8e-01,tr=9.9e-04] trainerStep=20400
[LAYER-HEALTH] live trainerStep=20400 scope=batch_norm_state_only reluSites=9/10 ch=1040 dead=0 off=1 alwaysOn=0 worst=blocks.2.bn1(dead 0 off 1 on 0) maxBetaOverGamma=+1.70@policy.pre_bn[61] minBetaOverGamma=-2.01@blocks.2.bn1[11] rvMaxOverMedian=40.0@blocks.1.bn1[14] rezero=none nonFinite=0
[REPLAY] step=20450 loss=3.5769 pLoss=2.7646 vLoss=0.8042 pEnt=2.880 pIllM=0.0081 playedP=0.165 pW=0.48 pD=0.08 pL=0.44 vAbs=0.224 pLogitMean=-9.4211 vLogitMean=0.5977 gNorm=0.426 lr=0.801 ms=3145.2 buf=500000 plies=174741369 games=2636397 rejected=0 skipped=0 epoch=0 mom=0.8531 lrCyc[pk=9.8e-01,tr=9.9e-04] trainerStep=20450
[LAYER-HEALTH] live trainerStep=20450 scope=batch_norm_state_only reluSites=9/10 ch=1040 dead=0 off=1 alwaysOn=0 worst=blocks.2.bn1(dead 0 off 1 on 0) maxBetaOverGamma=+1.72@policy.pre_bn[61] minBetaOverGamma=-2.02@blocks.2.bn1[11] rvMaxOverMedian=43.1@blocks.1.bn1[14] rezero=none nonFinite=0
[REPLAY] step=20500 loss=3.5370 pLoss=2.7333 vLoss=0.7958 pEnt=2.869 pIllM=0.0078 playedP=0.163 pW=0.46 pD=0.07 pL=0.47 vAbs=0.251 pLogitMean=-9.4547 vLogitMean=0.5965 gNorm=0.397 lr=0.83 ms=2360.1 buf=500000 plies=175168060 games=2642759 rejected=0 skipped=0 epoch=0 mom=0.8525 lrCyc[pk=9.8e-01,tr=9.9e-04] trainerStep=20500
[LAYER-HEALTH] live trainerStep=20500 scope=batch_norm_state_only reluSites=9/10 ch=1040 dead=0 off=1 alwaysOn=0 worst=blocks.2.bn1(dead 0 off 1 on 0) maxBetaOverGamma=+1.72@policy.pre_bn[61] minBetaOverGamma=-2.07@blocks.2.bn1[11] rvMaxOverMedian=44.3@blocks.1.bn1[14] rezero=none nonFinite=0
[REPLAY] step=20550 loss=3.5207 pLoss=2.7014 vLoss=0.8128 pEnt=2.833 pIllM=0.0066 playedP=0.170 pW=0.44 pD=0.07 pL=0.49 vAbs=0.251 pLogitMean=-9.5119 vLogitMean=0.5936 gNorm=0.385 lr=0.856 ms=2706.3 buf=500000 plies=175594727 games=2649157 rejected=0 skipped=0 epoch=0 mom=0.8521 lrCyc[pk=9.8e-01,tr=9.9e-04] trainerStep=20550
[LAYER-HEALTH] live trainerStep=20550 scope=batch_norm_state_only reluSites=9/10 ch=1040 dead=0 off=1 alwaysOn=0 worst=blocks.2.bn1(dead 0 off 1 on 0) maxBetaOverGamma=+1.72@policy.pre_bn[61] minBetaOverGamma=-2.06@blocks.2.bn1[11] rvMaxOverMedian=44.3@blocks.1.bn1[14] rezero=none nonFinite=0
[REPLAY] step=20600 loss=3.5993 pLoss=2.7823 vLoss=0.8104 pEnt=2.841 pIllM=0.0066 playedP=0.167 pW=0.48 pD=0.07 pL=0.45 vAbs=0.251 pLogitMean=-9.5266 vLogitMean=0.5923 gNorm=0.367 lr=0.881 ms=2666.1 buf=500000 plies=176021366 games=2655523 rejected=0 skipped=0 epoch=0 mom=0.8517 lrCyc[pk=9.8e-01,tr=9.9e-04] trainerStep=20600
[LAYER-HEALTH] live trainerStep=20600 scope=batch_norm_state_only reluSites=9/10 ch=1040 dead=0 off=1 alwaysOn=0 worst=blocks.2.bn1(dead 0 off 1 on 0) maxBetaOverGamma=+1.74@policy.pre_bn[61] minBetaOverGamma=-2.01@blocks.2.bn1[11] rvMaxOverMedian=45.8@blocks.1.bn1[14] rezero=none nonFinite=0
[REPLAY] step=20650 loss=3.5400 pLoss=2.7454 vLoss=0.7876 pEnt=2.845 pIllM=0.0069 playedP=0.165 pW=0.48 pD=0.07 pL=0.46 vAbs=0.250 pLogitMean=-9.5889 vLogitMean=0.5920 gNorm=0.391 lr=0.904 ms=2880.2 buf=500000 plies=176448015 games=2661911 rejected=0 skipped=0 epoch=0 mom=0.8513 lrCyc[pk=9.8e-01,tr=9.9e-04] trainerStep=20650
[LAYER-HEALTH] live trainerStep=20650 scope=batch_norm_state_only reluSites=9/10 ch=1040 dead=0 off=1 alwaysOn=0 worst=blocks.2.bn1(dead 0 off 1 on 0) maxBetaOverGamma=+1.87@policy.pre_bn[22] minBetaOverGamma=-2.06@blocks.2.bn1[11] rvMaxOverMedian=45.2@blocks.1.bn1[14] rezero=none nonFinite=0
[REPLAY] step=20700 loss=3.5494 pLoss=2.7526 vLoss=0.7889 pEnt=2.873 pIllM=0.0080 playedP=0.160 pW=0.48 pD=0.06 pL=0.46 vAbs=0.232 pLogitMean=-9.6533 vLogitMean=0.5966 gNorm=0.386 lr=0.924 ms=2340.4 buf=500000 plies=176874636 games=2668299 rejected=0 skipped=0 epoch=0 mom=0.8510 lrCyc[pk=9.8e-01,tr=9.9e-04] trainerStep=20700
[LAYER-HEALTH] live trainerStep=20700 scope=batch_norm_state_only reluSites=9/10 ch=1040 dead=0 off=1 alwaysOn=0 worst=blocks.2.bn1(dead 0 off 1 on 0) maxBetaOverGamma=+1.73@policy.pre_bn[61] minBetaOverGamma=-2.02@blocks.2.bn1[11] rvMaxOverMedian=45.8@blocks.1.bn1[14] rezero=none nonFinite=0
[REPLAY] step=20750 loss=3.5742 pLoss=2.7745 vLoss=0.7922 pEnt=2.855 pIllM=0.0075 playedP=0.164 pW=0.48 pD=0.07 pL=0.45 vAbs=0.237 pLogitMean=-9.7480 vLogitMean=0.5953 gNorm=0.410 lr=0.941 ms=2254.4 buf=500000 plies=177301274 games=2674663 rejected=0 skipped=0 epoch=0 mom=0.8507 lrCyc[pk=9.8e-01,tr=9.9e-04] trainerStep=20750
[LAYER-HEALTH] live trainerStep=20750 scope=batch_norm_state_only reluSites=9/10 ch=1040 dead=0 off=1 alwaysOn=0 worst=blocks.2.bn1(dead 0 off 1 on 0) maxBetaOverGamma=+1.73@policy.pre_bn[61] minBetaOverGamma=-2.02@blocks.2.bn1[11] rvMaxOverMedian=45.9@blocks.1.bn1[14] rezero=none nonFinite=0
[REPLAY] step=20800 loss=3.6320 pLoss=2.8231 vLoss=0.8012 pEnt=2.807 pIllM=0.0077 playedP=0.167 pW=0.48 pD=0.06 pL=0.46 vAbs=0.225 pLogitMean=-9.7867 vLogitMean=0.6024 gNorm=0.553 lr=0.956 ms=2088.1 buf=500000 plies=177727971 games=2681077 rejected=0 skipped=0 epoch=0 mom=0.8505 lrCyc[pk=9.8e-01,tr=9.9e-04] trainerStep=20800
[LAYER-HEALTH] live trainerStep=20800 scope=batch_norm_state_only reluSites=9/10 ch=1040 dead=0 off=1 alwaysOn=0 worst=blocks.2.bn1(dead 0 off 1 on 0) maxBetaOverGamma=+1.76@policy.pre_bn[103] minBetaOverGamma=-2.03@blocks.2.bn1[11] rvMaxOverMedian=47.4@blocks.1.bn1[14] rezero=none nonFinite=0
[REPLAY] step=20850 loss=3.5623 pLoss=2.7543 vLoss=0.8010 pEnt=2.801 pIllM=0.0070 playedP=0.172 pW=0.48 pD=0.08 pL=0.44 vAbs=0.251 pLogitMean=-9.8398 vLogitMean=0.6087 gNorm=0.438 lr=0.967 ms=2205.8 buf=500000 plies=178154597 games=2687451 rejected=0 skipped=0 epoch=0 mom=0.8503 lrCyc[pk=9.8e-01,tr=9.9e-04] trainerStep=20850
[LAYER-HEALTH] live trainerStep=20850 scope=batch_norm_state_only reluSites=9/10 ch=1040 dead=0 off=1 alwaysOn=0 worst=blocks.2.bn1(dead 0 off 1 on 0) maxBetaOverGamma=+1.76@policy.pre_bn[61] minBetaOverGamma=-2.10@blocks.2.bn1[11] rvMaxOverMedian=48.4@blocks.1.bn1[14] rezero=none nonFinite=0
[REPLAY] step=20900 loss=3.5721 pLoss=2.7711 vLoss=0.7941 pEnt=2.831 pIllM=0.0069 playedP=0.170 pW=0.51 pD=0.06 pL=0.43 vAbs=0.265 pLogitMean=-9.8941 vLogitMean=0.6034 gNorm=0.381 lr=0.975 ms=2604.3 buf=500000 plies=178581301 games=2693793 rejected=0 skipped=0 epoch=0 mom=0.8502 lrCyc[pk=9.8e-01,tr=9.9e-04] trainerStep=20900
[LAYER-HEALTH] live trainerStep=20900 scope=batch_norm_state_only reluSites=9/10 ch=1040 dead=0 off=1 alwaysOn=0 worst=blocks.2.bn1(dead 0 off 1 on 0) maxBetaOverGamma=+1.82@policy.pre_bn[61] minBetaOverGamma=-2.08@blocks.2.bn1[11] rvMaxOverMedian=50.0@blocks.1.bn1[14] rezero=none nonFinite=0
[REPLAY] step=20950 loss=3.5764 pLoss=2.7807 vLoss=0.7897 pEnt=2.847 pIllM=0.0061 playedP=0.168 pW=0.48 pD=0.06 pL=0.45 vAbs=0.243 pLogitMean=-9.9622 vLogitMean=0.5975 gNorm=0.317 lr=0.98 ms=2331.9 buf=500000 plies=179007955 games=2700192 rejected=0 skipped=0 epoch=0 mom=0.8501 lrCyc[pk=9.8e-01,tr=9.9e-04] trainerStep=20950
[LAYER-HEALTH] live trainerStep=20950 scope=batch_norm_state_only reluSites=9/10 ch=1040 dead=0 off=1 alwaysOn=0 worst=blocks.2.bn1(dead 0 off 1 on 0) maxBetaOverGamma=+1.82@policy.pre_bn[61] minBetaOverGamma=-2.15@blocks.2.bn1[11] rvMaxOverMedian=50.9@blocks.1.bn1[14] rezero=none nonFinite=0
[REPLAY] step=21000 loss=3.5654 pLoss=2.7714 vLoss=0.7873 pEnt=2.853 pIllM=0.0067 playedP=0.165 pW=0.49 pD=0.06 pL=0.45 vAbs=0.250 pLogitMean=-10.0187 vLogitMean=0.5963 gNorm=0.381 lr=0.982 ms=1521.7 buf=500000 plies=179434549 games=2706558 rejected=0 skipped=0 epoch=0 mom=0.8501 lrCyc[pk=9.8e-01,tr=9.9e-04] trainerStep=21000
[LAYER-HEALTH] live trainerStep=21000 scope=batch_norm_state_only reluSites=9/10 ch=1040 dead=0 off=1 alwaysOn=0 worst=blocks.2.bn1(dead 0 off 1 on 0) maxBetaOverGamma=+1.80@policy.pre_bn[61] minBetaOverGamma=-2.26@blocks.2.bn1[11] rvMaxOverMedian=51.4@blocks.1.bn1[14] rezero=none nonFinite=0
[REPLAY] saved trainer model (autosave) step=21000 trainerStep=21000 nextGame=2706558 shard=5 epoch=0 -> 20261005-lrBleaky-cyc1-replay-latest.safetensors
[LAYER-HEALTH] checkpoint replay-autosave step=21000 trainerStep=21000 scope=all_tensors reluSites=9/10 ch=1040 dead=0 off=1 alwaysOn=0 worst=blocks.2.bn1(dead 0 off 1 on 0) maxBetaOverGamma=+1.80@policy.pre_bn[61] minBetaOverGamma=-2.26@blocks.2.bn1[11] rvMaxOverMedian=51.4@blocks.1.bn1[14] rezero=none nonFinite=0 seZeroVel=none valueFC1ZeroVel=0/128 maxAbs=9.454@blocks.1.bn1.running_var
[LAYER-HEALTH]   batch-norm sites — β/|γ|: dead < -3.00, mostly off < -2.00, always on > +3.00; classified for relu/leaky_relu only
[LAYER-HEALTH]     site            act            ch   dead    off     on  zeroγ nonfin  min β/|γ| [ch]     max β/|γ| [ch]     rv max/median [ch]
[LAYER-HEALTH]     stem.bn         -             128    n/a    n/a    n/a      0      0     -1.15 [85]         +0.44 [110]           3.2 [43]
[LAYER-HEALTH]     blocks.0.bn1    relu          128      0      0      0      0      0     -0.80 [53]         +0.32 [18]            5.7 [14]
[LAYER-HEALTH]     blocks.0.bn2    relu          128      0      0      0      0      0     -1.33 [57]         -0.24 [58]            3.4 [97]
[LAYER-HEALTH]     blocks.1.bn1    relu          128      0      0      0      0      0     -1.32 [11]         -0.32 [117]          51.4 [14]
[LAYER-HEALTH]     blocks.1.bn2    relu          128      0      0      0      0      0     -1.94 [29]         -0.41 [49]            7.1 [49]
[LAYER-HEALTH]     blocks.2.bn1    relu          128      0      1      0      0      0     -2.26 [11]         +0.53 [31]           35.0 [76]
[LAYER-HEALTH]     blocks.2.bn2    relu          128      0      0      0      0      0     -1.54 [95]         -0.29 [25]            3.7 [68]
[LAYER-HEALTH]     tower_final_bn  relu          128      0      0      0      0      0     -0.57 [89]         +1.43 [114]           4.9 [76]
[LAYER-HEALTH]     policy.pre_bn   relu          128      0      0      0      0      0     -0.99 [47]         +1.80 [61]            4.2 [22]
[LAYER-HEALTH]     value.bn        leaky_relu     16      0      0      0      0      0     -1.74 [2]          -0.86 [7]             2.1 [14]
[LAYER-HEALTH]   FC hidden-unit velocity — zero: every weight-velocity entry exactly 0; low: nonzero but < 5% of the layer's p90 unit norm
[LAYER-HEALTH]     value.fc1.weight  leaky_relu  units 128  zero 0  low 13  median unit norm 0.004915
[LAYER-HEALTH]     (no SE blocks)
[LAYER-HEALTH]   ReZero: none
[LAYER-HEALTH]   non-finite: 0 values in 0 of 102 tensors (10263038 values examined)
[LAYER-HEALTH]   largest |value|: blocks.1.bn1.running_var 9.454, blocks.2.bn1.running_var 9.441, blocks.0.bn2.running_var 8.118, blocks.1.bn2.running_var 6.218, policy.pre_bn.running_var 5.915
[REPLAY] enumerated checkpoint -> 20261005-lrBleaky-cyc1-replay-step21000.safetensors
[REPLAY] step=21050 loss=3.5327 pLoss=2.7351 vLoss=0.7884 pEnt=2.888 pIllM=0.0092 playedP=0.156 pW=0.45 pD=0.06 pL=0.49 vAbs=0.250 pLogitMean=-10.0298 vLogitMean=0.6016 gNorm=0.407 lr=0.98 ms=2157.8 buf=500000 plies=179861183 games=2712894 rejected=0 skipped=0 epoch=0 mom=0.8501 lrCyc[pk=9.8e-01,tr=9.9e-04] trainerStep=21050
[LAYER-HEALTH] live trainerStep=21050 scope=batch_norm_state_only reluSites=9/10 ch=1040 dead=0 off=1 alwaysOn=0 worst=blocks.2.bn1(dead 0 off 1 on 0) maxBetaOverGamma=+1.80@policy.pre_bn[61] minBetaOverGamma=-2.28@blocks.2.bn1[11] rvMaxOverMedian=50.4@blocks.1.bn1[14] rezero=none nonFinite=0
[REPLAY] step=21100 loss=3.5392 pLoss=2.7398 vLoss=0.7926 pEnt=2.842 pIllM=0.0068 playedP=0.171 pW=0.45 pD=0.07 pL=0.48 vAbs=0.242 pLogitMean=-10.0818 vLogitMean=0.5970 gNorm=0.369 lr=0.975 ms=2248.7 buf=500000 plies=180287864 games=2719281 rejected=0 skipped=0 epoch=0 mom=0.8502 lrCyc[pk=9.8e-01,tr=9.9e-04] trainerStep=21100
[LAYER-HEALTH] live trainerStep=21100 scope=batch_norm_state_only reluSites=9/10 ch=1040 dead=0 off=1 alwaysOn=0 worst=blocks.2.bn1(dead 0 off 1 on 0) maxBetaOverGamma=+1.86@policy.pre_bn[103] minBetaOverGamma=-2.24@blocks.2.bn1[11] rvMaxOverMedian=51.8@blocks.1.bn1[14] rezero=none nonFinite=0
[REPLAY] step=21150 loss=3.4977 pLoss=2.7045 vLoss=0.7859 pEnt=2.850 pIllM=0.0073 playedP=0.165 pW=0.47 pD=0.07 pL=0.46 vAbs=0.279 pLogitMean=-10.1544 vLogitMean=0.5933 gNorm=0.379 lr=0.967 ms=2387.3 buf=500000 plies=180714511 games=2725593 rejected=0 skipped=0 epoch=0 mom=0.8503 lrCyc[pk=9.8e-01,tr=9.9e-04] trainerStep=21150
[LAYER-HEALTH] live trainerStep=21150 scope=batch_norm_state_only reluSites=9/10 ch=1040 dead=0 off=1 alwaysOn=0 worst=blocks.2.bn1(dead 0 off 1 on 0) maxBetaOverGamma=+1.81@policy.pre_bn[61] minBetaOverGamma=-2.34@blocks.2.bn1[11] rvMaxOverMedian=53.2@blocks.1.bn1[14] rezero=none nonFinite=0
[REPLAY] step=21200 loss=3.5165 pLoss=2.7229 vLoss=0.7860 pEnt=2.892 pIllM=0.0077 playedP=0.160 pW=0.46 pD=0.07 pL=0.48 vAbs=0.264 pLogitMean=-10.1641 vLogitMean=0.5963 gNorm=0.337 lr=0.955 ms=2298.6 buf=500000 plies=181141190 games=2731979 rejected=0 skipped=0 epoch=0 mom=0.8505 lrCyc[pk=9.8e-01,tr=9.9e-04] trainerStep=21200
[LAYER-HEALTH] live trainerStep=21200 scope=batch_norm_state_only reluSites=9/10 ch=1040 dead=0 off=1 alwaysOn=0 worst=blocks.2.bn1(dead 0 off 1 on 0) maxBetaOverGamma=+1.83@policy.pre_bn[103] minBetaOverGamma=-2.26@blocks.2.bn1[11] rvMaxOverMedian=55.6@blocks.1.bn1[14] rezero=none nonFinite=0
[REPLAY] step=21250 loss=3.5049 pLoss=2.7113 vLoss=0.7870 pEnt=2.840 pIllM=0.0066 playedP=0.169 pW=0.48 pD=0.07 pL=0.44 vAbs=0.259 pLogitMean=-10.2479 vLogitMean=0.6033 gNorm=0.373 lr=0.941 ms=2091.2 buf=500000 plies=181567782 games=2738369 rejected=0 skipped=0 epoch=0 mom=0.8507 lrCyc[pk=9.8e-01,tr=9.9e-04] trainerStep=21250
[LAYER-HEALTH] live trainerStep=21250 scope=batch_norm_state_only reluSites=9/10 ch=1040 dead=0 off=2 alwaysOn=0 worst=blocks.1.bn2(dead 0 off 1 on 0) maxBetaOverGamma=+1.83@policy.pre_bn[22] minBetaOverGamma=-2.25@blocks.2.bn1[11] rvMaxOverMedian=57.0@blocks.1.bn1[14] rezero=none nonFinite=0
[REPLAY] step=21300 loss=3.5628 pLoss=2.7532 vLoss=0.8029 pEnt=2.833 pIllM=0.0067 playedP=0.168 pW=0.46 pD=0.06 pL=0.48 vAbs=0.231 pLogitMean=-10.2742 vLogitMean=0.6044 gNorm=0.503 lr=0.923 ms=2238.2 buf=500000 plies=181994443 games=2744786 rejected=0 skipped=0 epoch=0 mom=0.8510 lrCyc[pk=9.8e-01,tr=9.9e-04] trainerStep=21300
[LAYER-HEALTH] live trainerStep=21300 scope=batch_norm_state_only reluSites=9/10 ch=1040 dead=0 off=1 alwaysOn=0 worst=blocks.2.bn1(dead 0 off 1 on 0) maxBetaOverGamma=+1.85@policy.pre_bn[103] minBetaOverGamma=-2.25@blocks.2.bn1[11] rvMaxOverMedian=57.1@blocks.1.bn1[14] rezero=none nonFinite=0
[REPLAY] step=21350 loss=3.5151 pLoss=2.7276 vLoss=0.7805 pEnt=2.826 pIllM=0.0070 playedP=0.175 pW=0.47 pD=0.06 pL=0.47 vAbs=0.253 pLogitMean=-10.2706 vLogitMean=0.6129 gNorm=0.344 lr=0.903 ms=2290.4 buf=500000 plies=182421165 games=2751135 rejected=0 skipped=0 epoch=0 mom=0.8513 lrCyc[pk=9.8e-01,tr=9.9e-04] trainerStep=21350
[LAYER-HEALTH] live trainerStep=21350 scope=batch_norm_state_only reluSites=9/10 ch=1040 dead=0 off=2 alwaysOn=0 worst=blocks.2.bn1(dead 0 off 1 on 0) maxBetaOverGamma=+1.89@policy.pre_bn[103] minBetaOverGamma=-2.30@blocks.2.bn1[11] rvMaxOverMedian=56.1@blocks.1.bn1[14] rezero=none nonFinite=0
[REPLAY] step=21400 loss=3.5025 pLoss=2.7048 vLoss=0.7916 pEnt=2.858 pIllM=0.0061 playedP=0.169 pW=0.47 pD=0.06 pL=0.47 vAbs=0.269 pLogitMean=-10.3062 vLogitMean=0.6115 gNorm=0.329 lr=0.881 ms=2280.3 buf=500000 plies=182847758 games=2757549 rejected=0 skipped=0 epoch=0 mom=0.8517 lrCyc[pk=9.8e-01,tr=9.9e-04] trainerStep=21400
[LAYER-HEALTH] live trainerStep=21400 scope=batch_norm_state_only reluSites=9/10 ch=1040 dead=0 off=1 alwaysOn=0 worst=blocks.2.bn1(dead 0 off 1 on 0) maxBetaOverGamma=+1.87@policy.pre_bn[103] minBetaOverGamma=-2.26@blocks.2.bn1[11] rvMaxOverMedian=56.3@blocks.1.bn1[14] rezero=none nonFinite=0
[REPLAY] step=21450 loss=3.5339 pLoss=2.7527 vLoss=0.7758 pEnt=2.868 pIllM=0.0053 playedP=0.165 pW=0.47 pD=0.06 pL=0.46 vAbs=0.253 pLogitMean=-10.3256 vLogitMean=0.6137 gNorm=0.313 lr=0.856 ms=2455.9 buf=500000 plies=183274434 games=2763942 rejected=0 skipped=0 epoch=0 mom=0.8521 lrCyc[pk=9.8e-01,tr=9.9e-04] trainerStep=21450
[LAYER-HEALTH] live trainerStep=21450 scope=batch_norm_state_only reluSites=9/10 ch=1040 dead=0 off=1 alwaysOn=0 worst=blocks.2.bn1(dead 0 off 1 on 0) maxBetaOverGamma=+1.84@policy.pre_bn[103] minBetaOverGamma=-2.31@blocks.2.bn1[11] rvMaxOverMedian=56.9@blocks.1.bn1[14] rezero=none nonFinite=0
[REPLAY] step=21500 loss=3.5359 pLoss=2.7564 vLoss=0.7735 pEnt=2.881 pIllM=0.0059 playedP=0.162 pW=0.47 pD=0.06 pL=0.48 vAbs=0.250 pLogitMean=-10.3661 vLogitMean=0.6085 gNorm=0.420 lr=0.829 ms=2375.4 buf=500000 plies=183701028 games=2770380 rejected=0 skipped=0 epoch=0 mom=0.8525 lrCyc[pk=9.8e-01,tr=9.9e-04] trainerStep=21500
[LAYER-HEALTH] live trainerStep=21500 scope=batch_norm_state_only reluSites=9/10 ch=1040 dead=0 off=1 alwaysOn=0 worst=blocks.2.bn1(dead 0 off 1 on 0) maxBetaOverGamma=+1.81@policy.pre_bn[103] minBetaOverGamma=-2.32@blocks.2.bn1[11] rvMaxOverMedian=55.0@blocks.1.bn1[14] rezero=none nonFinite=0
[REPLAY] step=21550 loss=3.5490 pLoss=2.7527 vLoss=0.7897 pEnt=2.870 pIllM=0.0066 playedP=0.164 pW=0.48 pD=0.07 pL=0.45 vAbs=0.256 pLogitMean=-10.3709 vLogitMean=0.6113 gNorm=0.302 lr=0.8 ms=2386.0 buf=500000 plies=184127695 games=2776765 rejected=0 skipped=0 epoch=0 mom=0.8531 lrCyc[pk=9.8e-01,tr=9.9e-04] trainerStep=21550
[LAYER-HEALTH] live trainerStep=21550 scope=batch_norm_state_only reluSites=9/10 ch=1040 dead=0 off=1 alwaysOn=0 worst=blocks.2.bn1(dead 0 off 1 on 0) maxBetaOverGamma=+1.86@policy.pre_bn[103] minBetaOverGamma=-2.21@blocks.2.bn1[11] rvMaxOverMedian=53.8@blocks.1.bn1[14] rezero=none nonFinite=0
[REPLAY] step=21600 loss=3.5787 pLoss=2.7851 vLoss=0.7861 pEnt=2.798 pIllM=0.0075 playedP=0.180 pW=0.47 pD=0.06 pL=0.47 vAbs=0.237 pLogitMean=-10.3835 vLogitMean=0.6057 gNorm=0.354 lr=0.77 ms=2109.7 buf=500000 plies=184554343 games=2783174 rejected=0 skipped=0 epoch=0 mom=0.8536 lrCyc[pk=9.8e-01,tr=9.9e-04] trainerStep=21600
[LAYER-HEALTH] live trainerStep=21600 scope=batch_norm_state_only reluSites=9/10 ch=1040 dead=0 off=1 alwaysOn=0 worst=blocks.2.bn1(dead 0 off 1 on 0) maxBetaOverGamma=+1.91@policy.pre_bn[103] minBetaOverGamma=-2.21@blocks.2.bn1[11] rvMaxOverMedian=56.1@blocks.1.bn1[14] rezero=none nonFinite=0
[REPLAY] step=21650 loss=3.5596 pLoss=2.7664 vLoss=0.7875 pEnt=2.832 pIllM=0.0056 playedP=0.173 pW=0.47 pD=0.06 pL=0.47 vAbs=0.229 pLogitMean=-10.3967 vLogitMean=0.6072 gNorm=0.311 lr=0.739 ms=2306.3 buf=500000 plies=184981023 games=2789520 rejected=0 skipped=0 epoch=0 mom=0.8542 lrCyc[pk=9.8e-01,tr=9.9e-04] trainerStep=21650
[LAYER-HEALTH] live trainerStep=21650 scope=batch_norm_state_only reluSites=9/10 ch=1040 dead=0 off=1 alwaysOn=0 worst=blocks.2.bn1(dead 0 off 1 on 0) maxBetaOverGamma=+1.87@policy.pre_bn[103] minBetaOverGamma=-2.30@blocks.2.bn1[11] rvMaxOverMedian=59.6@blocks.1.bn1[14] rezero=none nonFinite=0
[REPLAY] step=21700 loss=3.5310 pLoss=2.7329 vLoss=0.7927 pEnt=2.849 pIllM=0.0053 playedP=0.173 pW=0.48 pD=0.05 pL=0.46 vAbs=0.230 pLogitMean=-10.4214 vLogitMean=0.6098 gNorm=0.300 lr=0.707 ms=2502.3 buf=500000 plies=185407660 games=2795959 rejected=0 skipped=0 epoch=0 mom=0.8549 lrCyc[pk=9.8e-01,tr=9.9e-04] trainerStep=21700
[LAYER-HEALTH] live trainerStep=21700 scope=batch_norm_state_only reluSites=9/10 ch=1040 dead=0 off=2 alwaysOn=0 worst=blocks.1.bn2(dead 0 off 1 on 0) maxBetaOverGamma=+1.84@policy.pre_bn[103] minBetaOverGamma=-2.24@blocks.2.bn1[11] rvMaxOverMedian=57.1@blocks.1.bn1[14] rezero=none nonFinite=0
[REPLAY] step=21750 loss=3.5425 pLoss=2.7330 vLoss=0.8046 pEnt=2.914 pIllM=0.0048 playedP=0.160 pW=0.48 pD=0.06 pL=0.46 vAbs=0.249 pLogitMean=-10.4429 vLogitMean=0.6120 gNorm=0.302 lr=0.674 ms=2261.7 buf=500000 plies=185834280 games=2802397 rejected=0 skipped=0 epoch=0 mom=0.8555 lrCyc[pk=9.8e-01,tr=9.9e-04] trainerStep=21750
[LAYER-HEALTH] live trainerStep=21750 scope=batch_norm_state_only reluSites=9/10 ch=1040 dead=0 off=2 alwaysOn=0 worst=blocks.1.bn2(dead 0 off 1 on 0) maxBetaOverGamma=+1.86@policy.pre_bn[103] minBetaOverGamma=-2.24@blocks.2.bn1[11] rvMaxOverMedian=58.0@blocks.1.bn1[14] rezero=none nonFinite=0
[REPLAY] step=21800 loss=3.6020 pLoss=2.7800 vLoss=0.8166 pEnt=2.870 pIllM=0.0054 playedP=0.169 pW=0.50 pD=0.07 pL=0.43 vAbs=0.245 pLogitMean=-10.4286 vLogitMean=0.6065 gNorm=0.325 lr=0.64 ms=2383.7 buf=500000 plies=186260960 games=2808737 rejected=0 skipped=0 epoch=0 mom=0.8563 lrCyc[pk=9.8e-01,tr=9.9e-04] trainerStep=21800
[LAYER-HEALTH] live trainerStep=21800 scope=batch_norm_state_only reluSites=9/10 ch=1040 dead=0 off=2 alwaysOn=0 worst=blocks.1.bn2(dead 0 off 1 on 0) maxBetaOverGamma=+1.86@policy.pre_bn[103] minBetaOverGamma=-2.24@blocks.2.bn1[11] rvMaxOverMedian=57.2@blocks.1.bn1[14] rezero=none nonFinite=0
[REPLAY] step=21850 loss=3.5115 pLoss=2.7232 vLoss=0.7836 pEnt=2.889 pIllM=0.0046 playedP=0.160 pW=0.45 pD=0.06 pL=0.49 vAbs=0.226 pLogitMean=-10.4431 vLogitMean=0.6090 gNorm=0.346 lr=0.607 ms=2902.2 buf=500000 plies=186687612 games=2815143 rejected=0 skipped=0 epoch=0 mom=0.8571 lrCyc[pk=9.8e-01,tr=9.9e-04] trainerStep=21850
[LAYER-HEALTH] live trainerStep=21850 scope=batch_norm_state_only reluSites=9/10 ch=1040 dead=0 off=2 alwaysOn=0 worst=blocks.1.bn2(dead 0 off 1 on 0) maxBetaOverGamma=+1.90@policy.pre_bn[103] minBetaOverGamma=-2.22@blocks.2.bn1[11] rvMaxOverMedian=58.0@blocks.1.bn1[14] rezero=none nonFinite=0
[REPLAY] step=21900 loss=3.5153 pLoss=2.7232 vLoss=0.7870 pEnt=2.856 pIllM=0.0051 playedP=0.170 pW=0.46 pD=0.06 pL=0.47 vAbs=0.250 pLogitMean=-10.4201 vLogitMean=0.6074 gNorm=0.291 lr=0.573 ms=3074.4 buf=500000 plies=187114238 games=2821514 rejected=0 skipped=0 epoch=0 mom=0.8579 lrCyc[pk=9.8e-01,tr=9.9e-04] trainerStep=21900
[LAYER-HEALTH] live trainerStep=21900 scope=batch_norm_state_only reluSites=9/10 ch=1040 dead=0 off=1 alwaysOn=0 worst=blocks.2.bn1(dead 0 off 1 on 0) maxBetaOverGamma=+1.87@policy.pre_bn[103] minBetaOverGamma=-2.23@blocks.2.bn1[11] rvMaxOverMedian=60.6@blocks.1.bn1[14] rezero=none nonFinite=0
[REPLAY] step=21950 loss=3.4970 pLoss=2.6968 vLoss=0.7959 pEnt=2.855 pIllM=0.0043 playedP=0.173 pW=0.46 pD=0.07 pL=0.47 vAbs=0.250 pLogitMean=-10.4261 vLogitMean=0.6037 gNorm=0.306 lr=0.54 ms=2419.9 buf=500000 plies=187540898 games=2827872 rejected=0 skipped=0 epoch=0 mom=0.8587 lrCyc[pk=9.8e-01,tr=9.9e-04] trainerStep=21950
[LAYER-HEALTH] live trainerStep=21950 scope=batch_norm_state_only reluSites=9/10 ch=1040 dead=0 off=1 alwaysOn=0 worst=blocks.2.bn1(dead 0 off 1 on 0) maxBetaOverGamma=+1.87@policy.pre_bn[103] minBetaOverGamma=-2.23@blocks.2.bn1[11] rvMaxOverMedian=60.7@blocks.1.bn1[14] rezero=none nonFinite=0
[REPLAY] step=22000 loss=3.5016 pLoss=2.7083 vLoss=0.7890 pEnt=2.858 pIllM=0.0042 playedP=0.175 pW=0.47 pD=0.06 pL=0.46 vAbs=0.242 pLogitMean=-10.4296 vLogitMean=0.6066 gNorm=0.298 lr=0.508 ms=2972.4 buf=500000 plies=187967542 games=2834224 rejected=0 skipped=0 epoch=0 mom=0.8596 lrCyc[pk=9.8e-01,tr=9.9e-04] trainerStep=22000
[LAYER-HEALTH] live trainerStep=22000 scope=batch_norm_state_only reluSites=9/10 ch=1040 dead=0 off=2 alwaysOn=0 worst=blocks.1.bn2(dead 0 off 1 on 0) maxBetaOverGamma=+1.85@policy.pre_bn[103] minBetaOverGamma=-2.27@blocks.2.bn1[11] rvMaxOverMedian=62.7@blocks.1.bn1[14] rezero=none nonFinite=0
[REPLAY] saved trainer model (autosave) step=22000 trainerStep=22000 nextGame=2834224 shard=6 epoch=0 -> 20261005-lrBleaky-cyc1-replay-latest.safetensors
[LAYER-HEALTH] checkpoint replay-autosave step=22000 trainerStep=22000 scope=all_tensors reluSites=9/10 ch=1040 dead=0 off=2 alwaysOn=0 worst=blocks.1.bn2(dead 0 off 1 on 0) maxBetaOverGamma=+1.85@policy.pre_bn[103] minBetaOverGamma=-2.27@blocks.2.bn1[11] rvMaxOverMedian=62.7@blocks.1.bn1[14] rezero=none nonFinite=0 seZeroVel=none valueFC1ZeroVel=0/128 maxAbs=10.81@blocks.1.bn1.running_var
[LAYER-HEALTH]   batch-norm sites — β/|γ|: dead < -3.00, mostly off < -2.00, always on > +3.00; classified for relu/leaky_relu only
[LAYER-HEALTH]     site            act            ch   dead    off     on  zeroγ nonfin  min β/|γ| [ch]     max β/|γ| [ch]     rv max/median [ch]
[LAYER-HEALTH]     stem.bn         -             128    n/a    n/a    n/a      0      0     -1.53 [85]         +0.49 [110]           3.3 [88]
[LAYER-HEALTH]     blocks.0.bn1    relu          128      0      0      0      0      0     -0.85 [53]         +0.27 [18]            6.2 [14]
[LAYER-HEALTH]     blocks.0.bn2    relu          128      0      0      0      0      0     -1.40 [48]         -0.20 [58]            3.2 [33]
[LAYER-HEALTH]     blocks.1.bn1    relu          128      0      0      0      0      0     -1.42 [11]         -0.20 [14]           62.7 [14]
[LAYER-HEALTH]     blocks.1.bn2    relu          128      0      1      0      0      0     -2.01 [29]         -0.33 [49]            7.4 [49]
[LAYER-HEALTH]     blocks.2.bn1    relu          128      0      1      0      0      0     -2.27 [11]         +0.80 [31]           19.8 [125]
[LAYER-HEALTH]     blocks.2.bn2    relu          128      0      0      0      0      0     -1.48 [95]         -0.29 [55]            3.7 [68]
[LAYER-HEALTH]     tower_final_bn  relu          128      0      0      0      0      0     -0.62 [89]         +1.48 [114]           3.7 [31]
[LAYER-HEALTH]     policy.pre_bn   relu          128      0      0      0      0      0     -1.13 [47]         +1.85 [103]           4.1 [22]
[LAYER-HEALTH]     value.bn        leaky_relu     16      0      0      0      0      0     -1.82 [2]          -0.74 [7]             2.1 [1]
[LAYER-HEALTH]   FC hidden-unit velocity — zero: every weight-velocity entry exactly 0; low: nonzero but < 5% of the layer's p90 unit norm
[LAYER-HEALTH]     value.fc1.weight  leaky_relu  units 128  zero 0  low 12  median unit norm 0.00406
[LAYER-HEALTH]     (no SE blocks)
[LAYER-HEALTH]   ReZero: none
[LAYER-HEALTH]   non-finite: 0 values in 0 of 102 tensors (10263038 values examined)
[LAYER-HEALTH]   largest |value|: blocks.1.bn1.running_var 10.81, blocks.0.bn2.running_var 8.03, blocks.1.bn2.running_var 5.913, policy.conv.bias 5.82, policy.pre_bn.running_var 5.698
[REPLAY] enumerated checkpoint -> 20261005-lrBleaky-cyc1-replay-step22000.safetensors
[REPLAY] step=22050 loss=3.5517 pLoss=2.7641 vLoss=0.7839 pEnt=2.854 pIllM=0.0037 playedP=0.173 pW=0.49 pD=0.06 pL=0.45 vAbs=0.236 pLogitMean=-10.4173 vLogitMean=0.6034 gNorm=0.308 lr=0.476 ms=2737.9 buf=500000 plies=188394212 games=2840559 rejected=0 skipped=0 epoch=0 mom=0.8606 lrCyc[pk=9.8e-01,tr=9.9e-04] trainerStep=22050
[LAYER-HEALTH] live trainerStep=22050 scope=batch_norm_state_only reluSites=9/10 ch=1040 dead=0 off=2 alwaysOn=0 worst=blocks.1.bn2(dead 0 off 1 on 0) maxBetaOverGamma=+1.85@policy.pre_bn[103] minBetaOverGamma=-2.24@blocks.2.bn1[11] rvMaxOverMedian=62.8@blocks.1.bn1[14] rezero=none nonFinite=0
[REPLAY] step=22100 loss=3.5233 pLoss=2.7199 vLoss=0.7997 pEnt=2.863 pIllM=0.0037 playedP=0.168 pW=0.46 pD=0.07 pL=0.47 vAbs=0.227 pLogitMean=-10.4341 vLogitMean=0.6039 gNorm=0.328 lr=0.444 ms=3038.6 buf=500000 plies=188820890 games=2846951 rejected=0 skipped=0 epoch=0 mom=0.8616 lrCyc[pk=9.8e-01,tr=9.9e-04] trainerStep=22100
[LAYER-HEALTH] live trainerStep=22100 scope=batch_norm_state_only reluSites=9/10 ch=1040 dead=0 off=2 alwaysOn=0 worst=blocks.1.bn2(dead 0 off 1 on 0) maxBetaOverGamma=+1.89@policy.pre_bn[103] minBetaOverGamma=-2.23@blocks.2.bn1[11] rvMaxOverMedian=65.7@blocks.1.bn1[14] rezero=none nonFinite=0
[REPLAY] step=22150 loss=3.5348 pLoss=2.7192 vLoss=0.8118 pEnt=2.855 pIllM=0.0037 playedP=0.174 pW=0.47 pD=0.06 pL=0.47 vAbs=0.270 pLogitMean=-10.4268 vLogitMean=0.6036 gNorm=0.310 lr=0.414 ms=2917.5 buf=500000 plies=189247602 games=2853319 rejected=0 skipped=0 epoch=0 mom=0.8626 lrCyc[pk=9.8e-01,tr=9.9e-04] trainerStep=22150
[LAYER-HEALTH] live trainerStep=22150 scope=batch_norm_state_only reluSites=9/10 ch=1040 dead=0 off=1 alwaysOn=0 worst=blocks.2.bn1(dead 0 off 1 on 0) maxBetaOverGamma=+1.88@policy.pre_bn[103] minBetaOverGamma=-2.21@blocks.2.bn1[11] rvMaxOverMedian=66.2@blocks.1.bn1[14] rezero=none nonFinite=0
[REPLAY] step=22200 loss=3.5706 pLoss=2.7485 vLoss=0.8189 pEnt=2.897 pIllM=0.0032 playedP=0.164 pW=0.47 pD=0.07 pL=0.46 vAbs=0.238 pLogitMean=-10.4398 vLogitMean=0.6040 gNorm=0.319 lr=0.385 ms=3200.8 buf=500000 plies=189674204 games=2859740 rejected=0 skipped=0 epoch=0 mom=0.8636 lrCyc[pk=9.8e-01,tr=9.9e-04] trainerStep=22200
[LAYER-HEALTH] live trainerStep=22200 scope=batch_norm_state_only reluSites=9/10 ch=1040 dead=0 off=2 alwaysOn=0 worst=blocks.1.bn2(dead 0 off 1 on 0) maxBetaOverGamma=+1.86@policy.pre_bn[103] minBetaOverGamma=-2.23@blocks.2.bn1[11] rvMaxOverMedian=66.7@blocks.1.bn1[14] rezero=none nonFinite=0
[REPLAY] step=22250 loss=3.5604 pLoss=2.7407 vLoss=0.8159 pEnt=2.871 pIllM=0.0038 playedP=0.172 pW=0.47 pD=0.07 pL=0.46 vAbs=0.205 pLogitMean=-10.4213 vLogitMean=0.6029 gNorm=0.268 lr=0.357 ms=2632.9 buf=500000 plies=190100807 games=2866090 rejected=0 skipped=0 epoch=0 mom=0.8647 lrCyc[pk=9.8e-01,tr=9.9e-04] trainerStep=22250
[LAYER-HEALTH] live trainerStep=22250 scope=batch_norm_state_only reluSites=9/10 ch=1040 dead=0 off=2 alwaysOn=0 worst=blocks.1.bn2(dead 0 off 1 on 0) maxBetaOverGamma=+1.85@policy.pre_bn[103] minBetaOverGamma=-2.22@blocks.2.bn1[11] rvMaxOverMedian=66.4@blocks.1.bn1[14] rezero=none nonFinite=0
[REPLAY] step=22300 loss=3.5115 pLoss=2.7091 vLoss=0.7990 pEnt=2.841 pIllM=0.0034 playedP=0.181 pW=0.48 pD=0.06 pL=0.45 vAbs=0.238 pLogitMean=-10.4336 vLogitMean=0.6051 gNorm=0.276 lr=0.33 ms=2414.7 buf=500000 plies=190527441 games=2872452 rejected=0 skipped=0 epoch=0 mom=0.8659 lrCyc[pk=9.8e-01,tr=9.9e-04] trainerStep=22300
[LAYER-HEALTH] live trainerStep=22300 scope=batch_norm_state_only reluSites=9/10 ch=1040 dead=0 off=1 alwaysOn=0 worst=blocks.2.bn1(dead 0 off 1 on 0) maxBetaOverGamma=+1.86@policy.pre_bn[103] minBetaOverGamma=-2.22@blocks.2.bn1[11] rvMaxOverMedian=65.7@blocks.1.bn1[14] rezero=none nonFinite=0
[REPLAY] step=22350 loss=3.5236 pLoss=2.7269 vLoss=0.7934 pEnt=2.897 pIllM=0.0033 playedP=0.169 pW=0.46 pD=0.06 pL=0.48 vAbs=0.230 pLogitMean=-10.4357 vLogitMean=0.6072 gNorm=0.299 lr=0.305 ms=2594.0 buf=500000 plies=190954133 games=2878871 rejected=0 skipped=0 epoch=0 mom=0.8670 lrCyc[pk=9.8e-01,tr=9.9e-04] trainerStep=22350
[LAYER-HEALTH] live trainerStep=22350 scope=batch_norm_state_only reluSites=9/10 ch=1040 dead=0 off=2 alwaysOn=0 worst=blocks.1.bn2(dead 0 off 1 on 0) maxBetaOverGamma=+1.85@policy.pre_bn[103] minBetaOverGamma=-2.21@blocks.2.bn1[11] rvMaxOverMedian=64.0@blocks.1.bn1[14] rezero=none nonFinite=0
[REPLAY] step=22400 loss=3.5066 pLoss=2.7084 vLoss=0.7948 pEnt=2.861 pIllM=0.0035 playedP=0.174 pW=0.48 pD=0.06 pL=0.47 vAbs=0.246 pLogitMean=-10.4127 vLogitMean=0.6084 gNorm=0.303 lr=0.281 ms=2614.9 buf=500000 plies=191380766 games=2885315 rejected=0 skipped=0 epoch=0 mom=0.8682 lrCyc[pk=9.8e-01,tr=9.9e-04] trainerStep=22400
[LAYER-HEALTH] live trainerStep=22400 scope=batch_norm_state_only reluSites=9/10 ch=1040 dead=0 off=2 alwaysOn=0 worst=blocks.1.bn2(dead 0 off 1 on 0) maxBetaOverGamma=+1.84@policy.pre_bn[103] minBetaOverGamma=-2.24@blocks.2.bn1[11] rvMaxOverMedian=63.1@blocks.1.bn1[14] rezero=none nonFinite=0
[REPLAY] step=22450 loss=3.5275 pLoss=2.7410 vLoss=0.7830 pEnt=2.874 pIllM=0.0035 playedP=0.169 pW=0.47 pD=0.06 pL=0.47 vAbs=0.232 pLogitMean=-10.4242 vLogitMean=0.6089 gNorm=0.289 lr=0.258 ms=2946.8 buf=500000 plies=191807426 games=2891700 rejected=0 skipped=0 epoch=0 mom=0.8694 lrCyc[pk=9.8e-01,tr=9.9e-04] trainerStep=22450
[LAYER-HEALTH] live trainerStep=22450 scope=batch_norm_state_only reluSites=9/10 ch=1040 dead=0 off=2 alwaysOn=0 worst=blocks.1.bn2(dead 0 off 1 on 0) maxBetaOverGamma=+1.85@policy.pre_bn[103] minBetaOverGamma=-2.26@blocks.2.bn1[11] rvMaxOverMedian=63.9@blocks.1.bn1[14] rezero=none nonFinite=0
[REPLAY] step=22500 loss=3.5164 pLoss=2.7089 vLoss=0.8043 pEnt=2.861 pIllM=0.0032 playedP=0.171 pW=0.48 pD=0.06 pL=0.46 vAbs=0.242 pLogitMean=-10.4209 vLogitMean=0.6083 gNorm=0.297 lr=0.237 ms=2851.2 buf=500000 plies=192234025 games=2898113 rejected=0 skipped=0 epoch=0 mom=0.8707 lrCyc[pk=9.8e-01,tr=9.9e-04] trainerStep=22500
[LAYER-HEALTH] live trainerStep=22500 scope=batch_norm_state_only reluSites=9/10 ch=1040 dead=0 off=1 alwaysOn=0 worst=blocks.2.bn1(dead 0 off 1 on 0) maxBetaOverGamma=+1.86@policy.pre_bn[103] minBetaOverGamma=-2.24@blocks.2.bn1[11] rvMaxOverMedian=64.2@blocks.1.bn1[14] rezero=none nonFinite=0
[REPLAY] step=22550 loss=3.5297 pLoss=2.7195 vLoss=0.8076 pEnt=2.875 pIllM=0.0026 playedP=0.171 pW=0.47 pD=0.06 pL=0.47 vAbs=0.224 pLogitMean=-10.4239 vLogitMean=0.6081 gNorm=0.276 lr=0.216 ms=2434.4 buf=500000 plies=192660721 games=2904531 rejected=0 skipped=0 epoch=0 mom=0.8720 lrCyc[pk=9.8e-01,tr=9.9e-04] trainerStep=22550
[LAYER-HEALTH] live trainerStep=22550 scope=batch_norm_state_only reluSites=9/10 ch=1040 dead=0 off=2 alwaysOn=0 worst=blocks.1.bn2(dead 0 off 1 on 0) maxBetaOverGamma=+1.85@policy.pre_bn[103] minBetaOverGamma=-2.29@blocks.2.bn1[11] rvMaxOverMedian=64.5@blocks.1.bn1[14] rezero=none nonFinite=0
[REPLAY] step=22600 loss=3.5365 pLoss=2.7378 vLoss=0.7960 pEnt=2.850 pIllM=0.0027 playedP=0.175 pW=0.48 pD=0.06 pL=0.46 vAbs=0.227 pLogitMean=-10.4236 vLogitMean=0.6079 gNorm=0.278 lr=0.198 ms=2171.2 buf=500000 plies=193087343 games=2910983 rejected=0 skipped=0 epoch=0 mom=0.8733 lrCyc[pk=9.8e-01,tr=9.9e-04] trainerStep=22600
[LAYER-HEALTH] live trainerStep=22600 scope=batch_norm_state_only reluSites=9/10 ch=1040 dead=0 off=1 alwaysOn=0 worst=blocks.2.bn1(dead 0 off 1 on 0) maxBetaOverGamma=+1.87@policy.pre_bn[103] minBetaOverGamma=-2.28@blocks.2.bn1[11] rvMaxOverMedian=65.0@blocks.1.bn1[14] rezero=none nonFinite=0
[REPLAY] step=22650 loss=3.4974 pLoss=2.7089 vLoss=0.7860 pEnt=2.856 pIllM=0.0025 playedP=0.176 pW=0.47 pD=0.06 pL=0.47 vAbs=0.223 pLogitMean=-10.4119 vLogitMean=0.6067 gNorm=0.253 lr=0.18 ms=2556.1 buf=500000 plies=193513988 games=2917290 rejected=0 skipped=0 epoch=0 mom=0.8746 lrCyc[pk=9.8e-01,tr=9.9e-04] trainerStep=22650
[LAYER-HEALTH] live trainerStep=22650 scope=batch_norm_state_only reluSites=9/10 ch=1040 dead=0 off=1 alwaysOn=0 worst=blocks.2.bn1(dead 0 off 1 on 0) maxBetaOverGamma=+1.85@policy.pre_bn[103] minBetaOverGamma=-2.28@blocks.2.bn1[11] rvMaxOverMedian=66.1@blocks.1.bn1[14] rezero=none nonFinite=0
[REPLAY] step=22700 loss=3.5560 pLoss=2.7547 vLoss=0.7990 pEnt=2.882 pIllM=0.0023 playedP=0.168 pW=0.48 pD=0.06 pL=0.46 vAbs=0.235 pLogitMean=-10.4104 vLogitMean=0.6098 gNorm=0.253 lr=0.164 ms=3164.3 buf=500000 plies=193940668 games=2923694 rejected=0 skipped=0 epoch=0 mom=0.8760 lrCyc[pk=9.8e-01,tr=9.9e-04] trainerStep=22700
[LAYER-HEALTH] live trainerStep=22700 scope=batch_norm_state_only reluSites=9/10 ch=1040 dead=0 off=1 alwaysOn=0 worst=blocks.2.bn1(dead 0 off 1 on 0) maxBetaOverGamma=+1.84@policy.pre_bn[103] minBetaOverGamma=-2.23@blocks.2.bn1[11] rvMaxOverMedian=65.8@blocks.1.bn1[14] rezero=none nonFinite=0
[REPLAY] step=22750 loss=3.5407 pLoss=2.7386 vLoss=0.7997 pEnt=2.892 pIllM=0.0023 playedP=0.168 pW=0.48 pD=0.06 pL=0.46 vAbs=0.238 pLogitMean=-10.4158 vLogitMean=0.6089 gNorm=0.267 lr=0.149 ms=2874.2 buf=500000 plies=194367284 games=2930075 rejected=0 skipped=0 epoch=0 mom=0.8774 lrCyc[pk=9.8e-01,tr=9.9e-04] trainerStep=22750
[LAYER-HEALTH] live trainerStep=22750 scope=batch_norm_state_only reluSites=9/10 ch=1040 dead=0 off=1 alwaysOn=0 worst=blocks.2.bn1(dead 0 off 1 on 0) maxBetaOverGamma=+1.84@policy.pre_bn[103] minBetaOverGamma=-2.27@blocks.2.bn1[11] rvMaxOverMedian=65.4@blocks.1.bn1[14] rezero=none nonFinite=0
[REPLAY] step=22800 loss=3.5287 pLoss=2.7268 vLoss=0.7993 pEnt=2.873 pIllM=0.0025 playedP=0.172 pW=0.47 pD=0.06 pL=0.46 vAbs=0.213 pLogitMean=-10.4281 vLogitMean=0.6080 gNorm=0.264 lr=0.135 ms=2361.9 buf=500000 plies=194793945 games=2936475 rejected=0 skipped=0 epoch=0 mom=0.8788 lrCyc[pk=9.8e-01,tr=9.9e-04] trainerStep=22800
[LAYER-HEALTH] live trainerStep=22800 scope=batch_norm_state_only reluSites=9/10 ch=1040 dead=0 off=1 alwaysOn=0 worst=blocks.2.bn1(dead 0 off 1 on 0) maxBetaOverGamma=+1.83@policy.pre_bn[103] minBetaOverGamma=-2.28@blocks.2.bn1[11] rvMaxOverMedian=65.1@blocks.1.bn1[14] rezero=none nonFinite=0
[REPLAY] step=22850 loss=3.5399 pLoss=2.7272 vLoss=0.8103 pEnt=2.864 pIllM=0.0025 playedP=0.175 pW=0.47 pD=0.07 pL=0.46 vAbs=0.215 pLogitMean=-10.4155 vLogitMean=0.6085 gNorm=0.271 lr=0.123 ms=2200.9 buf=500000 plies=195220587 games=2942879 rejected=0 skipped=0 epoch=0 mom=0.8802 lrCyc[pk=9.8e-01,tr=9.9e-04] trainerStep=22850
[LAYER-HEALTH] live trainerStep=22850 scope=batch_norm_state_only reluSites=9/10 ch=1040 dead=0 off=1 alwaysOn=0 worst=blocks.2.bn1(dead 0 off 1 on 0) maxBetaOverGamma=+1.84@policy.pre_bn[103] minBetaOverGamma=-2.28@blocks.2.bn1[11] rvMaxOverMedian=65.9@blocks.1.bn1[14] rezero=none nonFinite=0
[REPLAY] step=22900 loss=3.5338 pLoss=2.7253 vLoss=0.8063 pEnt=2.867 pIllM=0.0021 playedP=0.174 pW=0.47 pD=0.07 pL=0.47 vAbs=0.223 pLogitMean=-10.4099 vLogitMean=0.6065 gNorm=0.255 lr=0.111 ms=2281.0 buf=500000 plies=195647308 games=2949286 rejected=0 skipped=0 epoch=0 mom=0.8817 lrCyc[pk=9.8e-01,tr=9.9e-04] trainerStep=22900
[LAYER-HEALTH] live trainerStep=22900 scope=batch_norm_state_only reluSites=9/10 ch=1040 dead=0 off=1 alwaysOn=0 worst=blocks.2.bn1(dead 0 off 1 on 0) maxBetaOverGamma=+1.83@policy.pre_bn[103] minBetaOverGamma=-2.29@blocks.2.bn1[11] rvMaxOverMedian=65.0@blocks.1.bn1[14] rezero=none nonFinite=0
[REPLAY] step=22950 loss=3.5544 pLoss=2.7479 vLoss=0.8042 pEnt=2.868 pIllM=0.0022 playedP=0.174 pW=0.47 pD=0.07 pL=0.46 vAbs=0.231 pLogitMean=-10.4121 vLogitMean=0.6087 gNorm=0.263 lr=0.1 ms=2245.7 buf=500000 plies=196073908 games=2955722 rejected=0 skipped=0 epoch=0 mom=0.8831 lrCyc[pk=9.8e-01,tr=9.9e-04] trainerStep=22950
[LAYER-HEALTH] live trainerStep=22950 scope=batch_norm_state_only reluSites=9/10 ch=1040 dead=0 off=1 alwaysOn=0 worst=blocks.2.bn1(dead 0 off 1 on 0) maxBetaOverGamma=+1.83@policy.pre_bn[61] minBetaOverGamma=-2.26@blocks.2.bn1[11] rvMaxOverMedian=63.3@blocks.1.bn1[14] rezero=none nonFinite=0
[REPLAY] step=23000 loss=3.5303 pLoss=2.7225 vLoss=0.8055 pEnt=2.870 pIllM=0.0023 playedP=0.173 pW=0.47 pD=0.06 pL=0.47 vAbs=0.243 pLogitMean=-10.4060 vLogitMean=0.6091 gNorm=0.261 lr=0.0904 ms=2489.9 buf=500000 plies=196500576 games=2962130 rejected=0 skipped=0 epoch=0 mom=0.8846 lrCyc[pk=9.8e-01,tr=9.9e-04] trainerStep=23000
[LAYER-HEALTH] live trainerStep=23000 scope=batch_norm_state_only reluSites=9/10 ch=1040 dead=0 off=1 alwaysOn=0 worst=blocks.2.bn1(dead 0 off 1 on 0) maxBetaOverGamma=+1.83@policy.pre_bn[61] minBetaOverGamma=-2.26@blocks.2.bn1[11] rvMaxOverMedian=63.0@blocks.1.bn1[14] rezero=none nonFinite=0
[REPLAY] saved trainer model (autosave) step=23000 trainerStep=23000 nextGame=2962130 shard=6 epoch=0 -> 20261005-lrBleaky-cyc1-replay-latest.safetensors
[LAYER-HEALTH] checkpoint replay-autosave step=23000 trainerStep=23000 scope=all_tensors reluSites=9/10 ch=1040 dead=0 off=1 alwaysOn=0 worst=blocks.2.bn1(dead 0 off 1 on 0) maxBetaOverGamma=+1.83@policy.pre_bn[61] minBetaOverGamma=-2.26@blocks.2.bn1[11] rvMaxOverMedian=63.0@blocks.1.bn1[14] rezero=none nonFinite=0 seZeroVel=none valueFC1ZeroVel=0/128 maxAbs=10.44@blocks.1.bn1.running_var
[LAYER-HEALTH]   batch-norm sites — β/|γ|: dead < -3.00, mostly off < -2.00, always on > +3.00; classified for relu/leaky_relu only
[LAYER-HEALTH]     site            act            ch   dead    off     on  zeroγ nonfin  min β/|γ| [ch]     max β/|γ| [ch]     rv max/median [ch]
[LAYER-HEALTH]     stem.bn         -             128    n/a    n/a    n/a      0      0     -1.58 [85]         +0.52 [110]           3.7 [43]
[LAYER-HEALTH]     blocks.0.bn1    relu          128      0      0      0      0      0     -0.85 [53]         +0.28 [18]            6.6 [14]
[LAYER-HEALTH]     blocks.0.bn2    relu          128      0      0      0      0      0     -1.47 [48]         -0.09 [58]            3.3 [33]
[LAYER-HEALTH]     blocks.1.bn1    relu          128      0      0      0      0      0     -1.47 [11]         -0.21 [14]           63.0 [14]
[LAYER-HEALTH]     blocks.1.bn2    relu          128      0      0      0      0      0     -1.96 [29]         -0.30 [49]            8.1 [49]
[LAYER-HEALTH]     blocks.2.bn1    relu          128      0      1      0      0      0     -2.26 [11]         +0.92 [31]           25.4 [76]
[LAYER-HEALTH]     blocks.2.bn2    relu          128      0      0      0      0      0     -1.50 [95]         -0.27 [33]            3.5 [103]
[LAYER-HEALTH]     tower_final_bn  relu          128      0      0      0      0      0     -0.65 [89]         +1.59 [114]           4.0 [31]
[LAYER-HEALTH]     policy.pre_bn   relu          128      0      0      0      0      0     -1.16 [47]         +1.83 [61]            4.4 [22]
[LAYER-HEALTH]     value.bn        leaky_relu     16      0      0      0      0      0     -1.80 [3]          -0.72 [7]             2.1 [14]
[LAYER-HEALTH]   FC hidden-unit velocity — zero: every weight-velocity entry exactly 0; low: nonzero but < 5% of the layer's p90 unit norm
[LAYER-HEALTH]     value.fc1.weight  leaky_relu  units 128  zero 0  low 16  median unit norm 0.003565
[LAYER-HEALTH]     (no SE blocks)
[LAYER-HEALTH]   ReZero: none
[LAYER-HEALTH]   non-finite: 0 values in 0 of 102 tensors (10263038 values examined)
[LAYER-HEALTH]   largest |value|: blocks.1.bn1.running_var 10.44, blocks.0.bn2.running_var 7.937, policy.conv.bias 5.901, blocks.1.bn2.running_var 5.89, blocks.2.bn1.running_var 5.577
[REPLAY] enumerated checkpoint -> 20261005-lrBleaky-cyc1-replay-step23000.safetensors
[REPLAY] step=23050 loss=3.5593 pLoss=2.7458 vLoss=0.8111 pEnt=2.858 pIllM=0.0024 playedP=0.173 pW=0.47 pD=0.07 pL=0.46 vAbs=0.236 pLogitMean=-10.4095 vLogitMean=0.6088 gNorm=0.269 lr=0.0815 ms=2207.1 buf=500000 plies=196927193 games=2968472 rejected=0 skipped=0 epoch=0 mom=0.8861 lrCyc[pk=9.8e-01,tr=9.9e-04] trainerStep=23050
[LAYER-HEALTH] live trainerStep=23050 scope=batch_norm_state_only reluSites=9/10 ch=1040 dead=0 off=1 alwaysOn=0 worst=blocks.2.bn1(dead 0 off 1 on 0) maxBetaOverGamma=+1.83@policy.pre_bn[61] minBetaOverGamma=-2.28@blocks.2.bn1[11] rvMaxOverMedian=64.1@blocks.1.bn1[14] rezero=none nonFinite=0
[REPLAY] step=23100 loss=3.4849 pLoss=2.6799 vLoss=0.8028 pEnt=2.858 pIllM=0.0022 playedP=0.178 pW=0.47 pD=0.06 pL=0.47 vAbs=0.247 pLogitMean=-10.4126 vLogitMean=0.6114 gNorm=0.258 lr=0.0734 ms=2009.5 buf=500000 plies=197353878 games=2974827 rejected=0 skipped=0 epoch=0 mom=0.8876 lrCyc[pk=9.8e-01,tr=9.9e-04] trainerStep=23100
[LAYER-HEALTH] live trainerStep=23100 scope=batch_norm_state_only reluSites=9/10 ch=1040 dead=0 off=1 alwaysOn=0 worst=blocks.2.bn1(dead 0 off 1 on 0) maxBetaOverGamma=+1.83@policy.pre_bn[61] minBetaOverGamma=-2.25@blocks.2.bn1[11] rvMaxOverMedian=65.1@blocks.1.bn1[14] rezero=none nonFinite=0
[REPLAY] step=23150 loss=3.5087 pLoss=2.7010 vLoss=0.8055 pEnt=2.861 pIllM=0.0021 playedP=0.175 pW=0.47 pD=0.07 pL=0.46 vAbs=0.241 pLogitMean=-10.4048 vLogitMean=0.6112 gNorm=0.261 lr=0.0661 ms=2610.1 buf=500000 plies=197780481 games=2981222 rejected=0 skipped=0 epoch=0 mom=0.8892 lrCyc[pk=9.8e-01,tr=9.9e-04] trainerStep=23150
[LAYER-HEALTH] live trainerStep=23150 scope=batch_norm_state_only reluSites=9/10 ch=1040 dead=0 off=1 alwaysOn=0 worst=blocks.2.bn1(dead 0 off 1 on 0) maxBetaOverGamma=+1.83@policy.pre_bn[61] minBetaOverGamma=-2.27@blocks.2.bn1[11] rvMaxOverMedian=64.9@blocks.1.bn1[14] rezero=none nonFinite=0
[REPLAY] step=23200 loss=3.5306 pLoss=2.7382 vLoss=0.7905 pEnt=2.877 pIllM=0.0019 playedP=0.173 pW=0.47 pD=0.06 pL=0.46 vAbs=0.232 pLogitMean=-10.4073 vLogitMean=0.6105 gNorm=0.260 lr=0.0594 ms=2375.0 buf=500000 plies=198207137 games=2987655 rejected=0 skipped=0 epoch=0 mom=0.8907 lrCyc[pk=9.8e-01,tr=9.9e-04] trainerStep=23200
[LAYER-HEALTH] live trainerStep=23200 scope=batch_norm_state_only reluSites=9/10 ch=1040 dead=0 off=1 alwaysOn=0 worst=blocks.2.bn1(dead 0 off 1 on 0) maxBetaOverGamma=+1.83@policy.pre_bn[61] minBetaOverGamma=-2.26@blocks.2.bn1[11] rvMaxOverMedian=64.3@blocks.1.bn1[14] rezero=none nonFinite=0
[REPLAY] step=23250 loss=3.5356 pLoss=2.7186 vLoss=0.8150 pEnt=2.871 pIllM=0.0021 playedP=0.173 pW=0.47 pD=0.06 pL=0.47 vAbs=0.241 pLogitMean=-10.4097 vLogitMean=0.6094 gNorm=0.265 lr=0.0534 ms=2223.4 buf=500000 plies=198633801 games=2994067 rejected=0 skipped=0 epoch=0 mom=0.8922 lrCyc[pk=9.8e-01,tr=9.9e-04] trainerStep=23250
[LAYER-HEALTH] live trainerStep=23250 scope=batch_norm_state_only reluSites=9/10 ch=1040 dead=0 off=1 alwaysOn=0 worst=blocks.2.bn1(dead 0 off 1 on 0) maxBetaOverGamma=+1.82@policy.pre_bn[61] minBetaOverGamma=-2.25@blocks.2.bn1[11] rvMaxOverMedian=63.1@blocks.1.bn1[14] rezero=none nonFinite=0
[REPLAY] step=23300 loss=3.5299 pLoss=2.7249 vLoss=0.8030 pEnt=2.874 pIllM=0.0020 playedP=0.170 pW=0.47 pD=0.07 pL=0.46 vAbs=0.234 pLogitMean=-10.4090 vLogitMean=0.6093 gNorm=0.266 lr=0.048 ms=2165.8 buf=500000 plies=199060473 games=3000444 rejected=0 skipped=0 epoch=0 mom=0.8938 lrCyc[pk=9.8e-01,tr=9.9e-04] trainerStep=23300
[LAYER-HEALTH] live trainerStep=23300 scope=batch_norm_state_only reluSites=9/10 ch=1040 dead=0 off=1 alwaysOn=0 worst=blocks.2.bn1(dead 0 off 1 on 0) maxBetaOverGamma=+1.83@policy.pre_bn[61] minBetaOverGamma=-2.24@blocks.2.bn1[11] rvMaxOverMedian=62.8@blocks.1.bn1[14] rezero=none nonFinite=0
[REPLAY] step=23350 loss=3.5365 pLoss=2.7303 vLoss=0.8045 pEnt=2.865 pIllM=0.0018 playedP=0.175 pW=0.47 pD=0.07 pL=0.46 vAbs=0.232 pLogitMean=-10.4059 vLogitMean=0.6076 gNorm=0.254 lr=0.0431 ms=2452.0 buf=500000 plies=199487112 games=3006830 rejected=0 skipped=0 epoch=0 mom=0.8954 lrCyc[pk=9.8e-01,tr=9.9e-04] trainerStep=23350
[LAYER-HEALTH] live trainerStep=23350 scope=batch_norm_state_only reluSites=9/10 ch=1040 dead=0 off=1 alwaysOn=0 worst=blocks.2.bn1(dead 0 off 1 on 0) maxBetaOverGamma=+1.83@policy.pre_bn[61] minBetaOverGamma=-2.25@blocks.2.bn1[11] rvMaxOverMedian=63.2@blocks.1.bn1[14] rezero=none nonFinite=0
[REPLAY] step=23400 loss=3.4928 pLoss=2.6908 vLoss=0.8000 pEnt=2.866 pIllM=0.0020 playedP=0.176 pW=0.47 pD=0.06 pL=0.46 vAbs=0.252 pLogitMean=-10.4053 vLogitMean=0.6095 gNorm=0.255 lr=0.0387 ms=2936.4 buf=500000 plies=199913754 games=3013268 rejected=0 skipped=0 epoch=0 mom=0.8969 lrCyc[pk=9.8e-01,tr=9.9e-04] trainerStep=23400
[LAYER-HEALTH] live trainerStep=23400 scope=batch_norm_state_only reluSites=9/10 ch=1040 dead=0 off=1 alwaysOn=0 worst=blocks.2.bn1(dead 0 off 1 on 0) maxBetaOverGamma=+1.82@policy.pre_bn[61] minBetaOverGamma=-2.24@blocks.2.bn1[11] rvMaxOverMedian=62.9@blocks.1.bn1[14] rezero=none nonFinite=0
[REPLAY] step=23450 loss=3.5596 pLoss=2.7517 vLoss=0.8061 pEnt=2.863 pIllM=0.0018 playedP=0.177 pW=0.47 pD=0.07 pL=0.46 vAbs=0.221 pLogitMean=-10.4002 vLogitMean=0.6100 gNorm=0.243 lr=0.0347 ms=2391.6 buf=500000 plies=200340443 games=3019704 rejected=0 skipped=0 epoch=0 mom=0.8985 lrCyc[pk=9.8e-01,tr=9.9e-04] trainerStep=23450
[LAYER-HEALTH] live trainerStep=23450 scope=batch_norm_state_only reluSites=9/10 ch=1040 dead=0 off=1 alwaysOn=0 worst=blocks.2.bn1(dead 0 off 1 on 0) maxBetaOverGamma=+1.82@policy.pre_bn[61] minBetaOverGamma=-2.24@blocks.2.bn1[11] rvMaxOverMedian=62.7@blocks.1.bn1[14] rezero=none nonFinite=0
[REPLAY] step=23500 loss=3.5393 pLoss=2.7338 vLoss=0.8035 pEnt=2.877 pIllM=0.0019 playedP=0.176 pW=0.47 pD=0.06 pL=0.47 vAbs=0.232 pLogitMean=-10.4015 vLogitMean=0.6088 gNorm=0.249 lr=0.0311 ms=2703.6 buf=500000 plies=200767036 games=3026157 rejected=0 skipped=0 epoch=0 mom=0.9001 lrCyc[pk=9.8e-01,tr=9.9e-04] trainerStep=23500
[LAYER-HEALTH] live trainerStep=23500 scope=batch_norm_state_only reluSites=9/10 ch=1040 dead=0 off=1 alwaysOn=0 worst=blocks.2.bn1(dead 0 off 1 on 0) maxBetaOverGamma=+1.82@policy.pre_bn[61] minBetaOverGamma=-2.25@blocks.2.bn1[11] rvMaxOverMedian=62.7@blocks.1.bn1[14] rezero=none nonFinite=0
[REPLAY] step=23550 loss=3.5233 pLoss=2.7353 vLoss=0.7861 pEnt=2.879 pIllM=0.0019 playedP=0.174 pW=0.47 pD=0.06 pL=0.47 vAbs=0.238 pLogitMean=-10.3995 vLogitMean=0.6105 gNorm=0.272 lr=0.0279 ms=3007.6 buf=500000 plies=201193718 games=3032597 rejected=0 skipped=0 epoch=0 mom=0.9016 lrCyc[pk=9.8e-01,tr=9.9e-04] trainerStep=23550
[LAYER-HEALTH] live trainerStep=23550 scope=batch_norm_state_only reluSites=9/10 ch=1040 dead=0 off=1 alwaysOn=0 worst=blocks.2.bn1(dead 0 off 1 on 0) maxBetaOverGamma=+1.82@policy.pre_bn[61] minBetaOverGamma=-2.24@blocks.2.bn1[11] rvMaxOverMedian=62.5@blocks.1.bn1[14] rezero=none nonFinite=0
[REPLAY] step=23600 loss=3.5036 pLoss=2.6976 vLoss=0.8042 pEnt=2.892 pIllM=0.0018 playedP=0.172 pW=0.47 pD=0.06 pL=0.47 vAbs=0.240 pLogitMean=-10.3982 vLogitMean=0.6093 gNorm=0.252 lr=0.0251 ms=2264.5 buf=500000 plies=201620330 games=3038971 rejected=0 skipped=0 epoch=0 mom=0.9032 lrCyc[pk=9.8e-01,tr=9.9e-04] trainerStep=23600
[LAYER-HEALTH] live trainerStep=23600 scope=batch_norm_state_only reluSites=9/10 ch=1040 dead=0 off=1 alwaysOn=0 worst=blocks.2.bn1(dead 0 off 1 on 0) maxBetaOverGamma=+1.82@policy.pre_bn[61] minBetaOverGamma=-2.25@blocks.2.bn1[11] rvMaxOverMedian=62.8@blocks.1.bn1[14] rezero=none nonFinite=0
[REPLAY] step=23650 loss=3.4722 pLoss=2.6834 vLoss=0.7869 pEnt=2.853 pIllM=0.0019 playedP=0.178 pW=0.47 pD=0.06 pL=0.47 vAbs=0.238 pLogitMean=-10.4022 vLogitMean=0.6098 gNorm=0.243 lr=0.0225 ms=3206.4 buf=500000 plies=202047032 games=3045450 rejected=0 skipped=0 epoch=0 mom=0.9048 lrCyc[pk=9.8e-01,tr=9.9e-04] trainerStep=23650
[LAYER-HEALTH] live trainerStep=23650 scope=batch_norm_state_only reluSites=9/10 ch=1040 dead=0 off=1 alwaysOn=0 worst=blocks.2.bn1(dead 0 off 1 on 0) maxBetaOverGamma=+1.82@policy.pre_bn[61] minBetaOverGamma=-2.25@blocks.2.bn1[11] rvMaxOverMedian=62.6@blocks.1.bn1[14] rezero=none nonFinite=0
[REPLAY] step=23700 loss=3.5637 pLoss=2.7592 vLoss=0.8026 pEnt=2.882 pIllM=0.0019 playedP=0.172 pW=0.48 pD=0.06 pL=0.46 vAbs=0.235 pLogitMean=-10.4048 vLogitMean=0.6085 gNorm=0.242 lr=0.0202 ms=2322.9 buf=500000 plies=202473638 games=3051902 rejected=0 skipped=0 epoch=0 mom=0.9063 lrCyc[pk=9.8e-01,tr=9.9e-04] trainerStep=23700
[LAYER-HEALTH] live trainerStep=23700 scope=batch_norm_state_only reluSites=9/10 ch=1040 dead=0 off=1 alwaysOn=0 worst=blocks.2.bn1(dead 0 off 1 on 0) maxBetaOverGamma=+1.82@policy.pre_bn[61] minBetaOverGamma=-2.25@blocks.2.bn1[11] rvMaxOverMedian=63.0@blocks.1.bn1[14] rezero=none nonFinite=0
[REPLAY] step=23750 loss=3.5348 pLoss=2.7207 vLoss=0.8122 pEnt=2.869 pIllM=0.0019 playedP=0.175 pW=0.47 pD=0.06 pL=0.46 vAbs=0.219 pLogitMean=-10.4007 vLogitMean=0.6092 gNorm=0.259 lr=0.0182 ms=2340.9 buf=500000 plies=202900285 games=3058357 rejected=0 skipped=0 epoch=0 mom=0.9079 lrCyc[pk=9.8e-01,tr=9.9e-04] trainerStep=23750
[LAYER-HEALTH] live trainerStep=23750 scope=batch_norm_state_only reluSites=9/10 ch=1040 dead=0 off=1 alwaysOn=0 worst=blocks.2.bn1(dead 0 off 1 on 0) maxBetaOverGamma=+1.82@policy.pre_bn[61] minBetaOverGamma=-2.25@blocks.2.bn1[11] rvMaxOverMedian=63.2@blocks.1.bn1[14] rezero=none nonFinite=0
[REPLAY] step=23800 loss=3.5297 pLoss=2.7278 vLoss=0.8001 pEnt=2.885 pIllM=0.0018 playedP=0.174 pW=0.47 pD=0.07 pL=0.46 vAbs=0.227 pLogitMean=-10.4008 vLogitMean=0.6090 gNorm=0.248 lr=0.0163 ms=2271.8 buf=500000 plies=203326935 games=3064839 rejected=0 skipped=0 epoch=0 mom=0.9094 lrCyc[pk=9.8e-01,tr=9.9e-04] trainerStep=23800
[LAYER-HEALTH] live trainerStep=23800 scope=batch_norm_state_only reluSites=9/10 ch=1040 dead=0 off=1 alwaysOn=0 worst=blocks.2.bn1(dead 0 off 1 on 0) maxBetaOverGamma=+1.82@policy.pre_bn[61] minBetaOverGamma=-2.25@blocks.2.bn1[11] rvMaxOverMedian=63.0@blocks.1.bn1[14] rezero=none nonFinite=0
[REPLAY] step=23850 loss=3.5119 pLoss=2.6960 vLoss=0.8140 pEnt=2.874 pIllM=0.0020 playedP=0.176 pW=0.47 pD=0.07 pL=0.46 vAbs=0.226 pLogitMean=-10.4017 vLogitMean=0.6079 gNorm=0.242 lr=0.0147 ms=2499.6 buf=500000 plies=203753600 games=3071247 rejected=0 skipped=0 epoch=0 mom=0.9110 lrCyc[pk=9.8e-01,tr=9.9e-04] trainerStep=23850
[LAYER-HEALTH] live trainerStep=23850 scope=batch_norm_state_only reluSites=9/10 ch=1040 dead=0 off=1 alwaysOn=0 worst=blocks.2.bn1(dead 0 off 1 on 0) maxBetaOverGamma=+1.82@policy.pre_bn[61] minBetaOverGamma=-2.26@blocks.2.bn1[11] rvMaxOverMedian=62.8@blocks.1.bn1[14] rezero=none nonFinite=0
[REPLAY] step=23900 loss=3.5010 pLoss=2.7039 vLoss=0.7952 pEnt=2.867 pIllM=0.0019 playedP=0.175 pW=0.47 pD=0.07 pL=0.47 vAbs=0.237 pLogitMean=-10.4011 vLogitMean=0.6071 gNorm=0.273 lr=0.0132 ms=2876.2 buf=500000 plies=204180289 games=3077751 rejected=0 skipped=0 epoch=0 mom=0.9125 lrCyc[pk=9.8e-01,tr=9.9e-04] trainerStep=23900
[LAYER-HEALTH] live trainerStep=23900 scope=batch_norm_state_only reluSites=9/10 ch=1040 dead=0 off=1 alwaysOn=0 worst=blocks.2.bn1(dead 0 off 1 on 0) maxBetaOverGamma=+1.82@policy.pre_bn[61] minBetaOverGamma=-2.26@blocks.2.bn1[11] rvMaxOverMedian=63.0@blocks.1.bn1[14] rezero=none nonFinite=0
[REPLAY] step=23950 loss=3.5458 pLoss=2.7390 vLoss=0.8049 pEnt=2.886 pIllM=0.0019 playedP=0.170 pW=0.47 pD=0.06 pL=0.47 vAbs=0.224 pLogitMean=-10.4007 vLogitMean=0.6079 gNorm=0.255 lr=0.0119 ms=2787.9 buf=500000 plies=204606919 games=3084181 rejected=0 skipped=0 epoch=0 mom=0.9140 lrCyc[pk=9.8e-01,tr=9.9e-04] trainerStep=23950
[LAYER-HEALTH] live trainerStep=23950 scope=batch_norm_state_only reluSites=9/10 ch=1040 dead=0 off=1 alwaysOn=0 worst=blocks.2.bn1(dead 0 off 1 on 0) maxBetaOverGamma=+1.82@policy.pre_bn[61] minBetaOverGamma=-2.26@blocks.2.bn1[11] rvMaxOverMedian=63.3@blocks.1.bn1[14] rezero=none nonFinite=0
[REPLAY] step=24000 loss=3.5103 pLoss=2.7112 vLoss=0.7970 pEnt=2.843 pIllM=0.0021 playedP=0.178 pW=0.47 pD=0.06 pL=0.47 vAbs=0.223 pLogitMean=-10.3991 vLogitMean=0.6085 gNorm=0.259 lr=0.0107 ms=2726.3 buf=500000 plies=205033545 games=3090581 rejected=0 skipped=0 epoch=0 mom=0.9155 lrCyc[pk=9.8e-01,tr=9.9e-04] trainerStep=24000
[LAYER-HEALTH] live trainerStep=24000 scope=batch_norm_state_only reluSites=9/10 ch=1040 dead=0 off=1 alwaysOn=0 worst=blocks.2.bn1(dead 0 off 1 on 0) maxBetaOverGamma=+1.82@policy.pre_bn[61] minBetaOverGamma=-2.26@blocks.2.bn1[11] rvMaxOverMedian=63.3@blocks.1.bn1[14] rezero=none nonFinite=0
[REPLAY] saved trainer model (autosave) step=24000 trainerStep=24000 nextGame=3090581 shard=6 epoch=0 -> 20261005-lrBleaky-cyc1-replay-latest.safetensors
[LAYER-HEALTH] checkpoint replay-autosave step=24000 trainerStep=24000 scope=all_tensors reluSites=9/10 ch=1040 dead=0 off=1 alwaysOn=0 worst=blocks.2.bn1(dead 0 off 1 on 0) maxBetaOverGamma=+1.82@policy.pre_bn[61] minBetaOverGamma=-2.26@blocks.2.bn1[11] rvMaxOverMedian=63.3@blocks.1.bn1[14] rezero=none nonFinite=0 seZeroVel=none valueFC1ZeroVel=0/128 maxAbs=10.43@blocks.1.bn1.running_var
[LAYER-HEALTH]   batch-norm sites — β/|γ|: dead < -3.00, mostly off < -2.00, always on > +3.00; classified for relu/leaky_relu only
[LAYER-HEALTH]     site            act            ch   dead    off     on  zeroγ nonfin  min β/|γ| [ch]     max β/|γ| [ch]     rv max/median [ch]
[LAYER-HEALTH]     stem.bn         -             128    n/a    n/a    n/a      0      0     -1.60 [85]         +0.52 [110]           3.7 [43]
[LAYER-HEALTH]     blocks.0.bn1    relu          128      0      0      0      0      0     -0.85 [53]         +0.29 [18]            6.6 [14]
[LAYER-HEALTH]     blocks.0.bn2    relu          128      0      0      0      0      0     -1.46 [48]         -0.06 [58]            3.2 [33]
[LAYER-HEALTH]     blocks.1.bn1    relu          128      0      0      0      0      0     -1.49 [11]         -0.21 [14]           63.3 [14]
[LAYER-HEALTH]     blocks.1.bn2    relu          128      0      0      0      0      0     -1.99 [29]         -0.28 [49]            8.3 [49]
[LAYER-HEALTH]     blocks.2.bn1    relu          128      0      1      0      0      0     -2.26 [11]         +0.99 [31]           29.1 [76]
[LAYER-HEALTH]     blocks.2.bn2    relu          128      0      0      0      0      0     -1.49 [95]         -0.26 [55]            3.5 [103]
[LAYER-HEALTH]     tower_final_bn  relu          128      0      0      0      0      0     -0.65 [89]         +1.56 [114]           4.1 [31]
[LAYER-HEALTH]     policy.pre_bn   relu          128      0      0      0      0      0     -1.17 [47]         +1.82 [61]            4.6 [22]
[LAYER-HEALTH]     value.bn        leaky_relu     16      0      0      0      0      0     -1.84 [2]          -0.70 [7]             2.2 [1]
[LAYER-HEALTH]   FC hidden-unit velocity — zero: every weight-velocity entry exactly 0; low: nonzero but < 5% of the layer's p90 unit norm
[LAYER-HEALTH]     value.fc1.weight  leaky_relu  units 128  zero 0  low 14  median unit norm 0.003732
[LAYER-HEALTH]     (no SE blocks)
[LAYER-HEALTH]   ReZero: none
[LAYER-HEALTH]   non-finite: 0 values in 0 of 102 tensors (10263038 values examined)
[LAYER-HEALTH]   largest |value|: blocks.1.bn1.running_var 10.43, blocks.0.bn2.running_var 7.774, blocks.2.bn1.running_var 6.073, blocks.1.bn2.running_var 5.942, policy.conv.bias 5.927
[REPLAY] enumerated checkpoint -> 20261005-lrBleaky-cyc1-replay-step24000.safetensors
[REPLAY] step=24050 loss=3.4900 pLoss=2.6993 vLoss=0.7888 pEnt=2.858 pIllM=0.0018 playedP=0.178 pW=0.47 pD=0.06 pL=0.47 vAbs=0.233 pLogitMean=-10.4062 vLogitMean=0.6096 gNorm=0.254 lr=0.00968 ms=3064.7 buf=500000 plies=205460218 games=3097035 rejected=0 skipped=0 epoch=0 mom=0.9170 lrCyc[pk=9.8e-01,tr=9.9e-04] trainerStep=24050
[LAYER-HEALTH] live trainerStep=24050 scope=batch_norm_state_only reluSites=9/10 ch=1040 dead=0 off=1 alwaysOn=0 worst=blocks.2.bn1(dead 0 off 1 on 0) maxBetaOverGamma=+1.82@policy.pre_bn[61] minBetaOverGamma=-2.26@blocks.2.bn1[11] rvMaxOverMedian=63.5@blocks.1.bn1[14] rezero=none nonFinite=0
[REPLAY] step=24100 loss=3.5366 pLoss=2.7286 vLoss=0.8063 pEnt=2.869 pIllM=0.0017 playedP=0.173 pW=0.47 pD=0.06 pL=0.47 vAbs=0.233 pLogitMean=-10.4077 vLogitMean=0.6086 gNorm=0.280 lr=0.00874 ms=3332.7 buf=500000 plies=205886850 games=3103398 rejected=0 skipped=0 epoch=0 mom=0.9184 lrCyc[pk=9.8e-01,tr=9.9e-04] trainerStep=24100
[LAYER-HEALTH] live trainerStep=24100 scope=batch_norm_state_only reluSites=9/10 ch=1040 dead=0 off=1 alwaysOn=0 worst=blocks.2.bn1(dead 0 off 1 on 0) maxBetaOverGamma=+1.82@policy.pre_bn[61] minBetaOverGamma=-2.26@blocks.2.bn1[11] rvMaxOverMedian=63.6@blocks.1.bn1[14] rezero=none nonFinite=0
[REPLAY] step=24150 loss=3.5023 pLoss=2.7074 vLoss=0.7932 pEnt=2.864 pIllM=0.0017 playedP=0.177 pW=0.47 pD=0.06 pL=0.47 vAbs=0.236 pLogitMean=-10.4055 vLogitMean=0.6070 gNorm=0.254 lr=0.00791 ms=3148.5 buf=500000 plies=206313503 games=3109837 rejected=0 skipped=0 epoch=0 mom=0.9199 lrCyc[pk=9.8e-01,tr=9.9e-04] trainerStep=24150
[LAYER-HEALTH] live trainerStep=24150 scope=batch_norm_state_only reluSites=9/10 ch=1040 dead=0 off=1 alwaysOn=0 worst=blocks.2.bn1(dead 0 off 1 on 0) maxBetaOverGamma=+1.82@policy.pre_bn[61] minBetaOverGamma=-2.26@blocks.2.bn1[11] rvMaxOverMedian=63.6@blocks.1.bn1[14] rezero=none nonFinite=0
[REPLAY] step=24200 loss=3.5267 pLoss=2.7253 vLoss=0.7997 pEnt=2.876 pIllM=0.0017 playedP=0.176 pW=0.47 pD=0.05 pL=0.47 vAbs=0.228 pLogitMean=-10.4068 vLogitMean=0.6098 gNorm=0.260 lr=0.00717 ms=2846.2 buf=500000 plies=206740150 games=3116295 rejected=0 skipped=0 epoch=0 mom=0.9213 lrCyc[pk=9.8e-01,tr=9.9e-04] trainerStep=24200
[LAYER-HEALTH] live trainerStep=24200 scope=batch_norm_state_only reluSites=9/10 ch=1040 dead=0 off=1 alwaysOn=0 worst=blocks.2.bn1(dead 0 off 1 on 0) maxBetaOverGamma=+1.82@policy.pre_bn[61] minBetaOverGamma=-2.26@blocks.2.bn1[11] rvMaxOverMedian=64.1@blocks.1.bn1[14] rezero=none nonFinite=0
[REPLAY] step=24250 loss=3.5304 pLoss=2.7192 vLoss=0.8095 pEnt=2.858 pIllM=0.0017 playedP=0.178 pW=0.48 pD=0.06 pL=0.46 vAbs=0.231 pLogitMean=-10.4053 vLogitMean=0.6086 gNorm=0.242 lr=0.0065 ms=3185.0 buf=500000 plies=207166773 games=3122728 rejected=0 skipped=0 epoch=0 mom=0.9227 lrCyc[pk=9.8e-01,tr=9.9e-04] trainerStep=24250
[LAYER-HEALTH] live trainerStep=24250 scope=batch_norm_state_only reluSites=9/10 ch=1040 dead=0 off=1 alwaysOn=0 worst=blocks.2.bn1(dead 0 off 1 on 0) maxBetaOverGamma=+1.82@policy.pre_bn[61] minBetaOverGamma=-2.26@blocks.2.bn1[11] rvMaxOverMedian=64.2@blocks.1.bn1[14] rezero=none nonFinite=0
[REPLAY] step=24300 loss=3.5213 pLoss=2.7323 vLoss=0.7873 pEnt=2.871 pIllM=0.0018 playedP=0.174 pW=0.48 pD=0.06 pL=0.47 vAbs=0.245 pLogitMean=-10.4065 vLogitMean=0.6070 gNorm=0.261 lr=0.00591 ms=3232.1 buf=500000 plies=207593437 games=3129173 rejected=0 skipped=0 epoch=0 mom=0.9241 lrCyc[pk=9.8e-01,tr=9.9e-04] trainerStep=24300
[LAYER-HEALTH] live trainerStep=24300 scope=batch_norm_state_only reluSites=9/10 ch=1040 dead=0 off=1 alwaysOn=0 worst=blocks.2.bn1(dead 0 off 1 on 0) maxBetaOverGamma=+1.82@policy.pre_bn[61] minBetaOverGamma=-2.26@blocks.2.bn1[11] rvMaxOverMedian=63.9@blocks.1.bn1[14] rezero=none nonFinite=0
[REPLAY] step=24350 loss=3.5400 pLoss=2.7489 vLoss=0.7894 pEnt=2.872 pIllM=0.0017 playedP=0.176 pW=0.48 pD=0.06 pL=0.47 vAbs=0.232 pLogitMean=-10.4042 vLogitMean=0.6070 gNorm=0.252 lr=0.00538 ms=2950.0 buf=500000 plies=208020108 games=3135638 rejected=0 skipped=0 epoch=0 mom=0.9255 lrCyc[pk=9.8e-01,tr=9.9e-04] trainerStep=24350
[LAYER-HEALTH] live trainerStep=24350 scope=batch_norm_state_only reluSites=9/10 ch=1040 dead=0 off=1 alwaysOn=0 worst=blocks.2.bn1(dead 0 off 1 on 0) maxBetaOverGamma=+1.82@policy.pre_bn[61] minBetaOverGamma=-2.26@blocks.2.bn1[11] rvMaxOverMedian=63.5@blocks.1.bn1[14] rezero=none nonFinite=0
[REPLAY] step=24400 loss=3.5271 pLoss=2.7285 vLoss=0.7968 pEnt=2.871 pIllM=0.0019 playedP=0.175 pW=0.48 pD=0.06 pL=0.46 vAbs=0.231 pLogitMean=-10.4074 vLogitMean=0.6095 gNorm=0.242 lr=0.0049 ms=3036.8 buf=500000 plies=208446803 games=3142119 rejected=0 skipped=0 epoch=0 mom=0.9268 lrCyc[pk=9.8e-01,tr=9.9e-04] trainerStep=24400
[LAYER-HEALTH] live trainerStep=24400 scope=batch_norm_state_only reluSites=9/10 ch=1040 dead=0 off=1 alwaysOn=0 worst=blocks.2.bn1(dead 0 off 1 on 0) maxBetaOverGamma=+1.82@policy.pre_bn[61] minBetaOverGamma=-2.26@blocks.2.bn1[11] rvMaxOverMedian=63.0@blocks.1.bn1[14] rezero=none nonFinite=0
[REPLAY] step=24450 loss=3.5545 pLoss=2.7448 vLoss=0.8078 pEnt=2.873 pIllM=0.0019 playedP=0.176 pW=0.47 pD=0.06 pL=0.47 vAbs=0.231 pLogitMean=-10.4072 vLogitMean=0.6110 gNorm=0.254 lr=0.00448 ms=2841.5 buf=500000 plies=208873412 games=3148581 rejected=0 skipped=0 epoch=0 mom=0.9281 lrCyc[pk=9.8e-01,tr=9.9e-04] trainerStep=24450
[LAYER-HEALTH] live trainerStep=24450 scope=batch_norm_state_only reluSites=9/10 ch=1040 dead=0 off=1 alwaysOn=0 worst=blocks.2.bn1(dead 0 off 1 on 0) maxBetaOverGamma=+1.82@policy.pre_bn[61] minBetaOverGamma=-2.26@blocks.2.bn1[11] rvMaxOverMedian=62.9@blocks.1.bn1[14] rezero=none nonFinite=0
[REPLAY] step=24500 loss=3.5559 pLoss=2.7558 vLoss=0.7983 pEnt=2.870 pIllM=0.0018 playedP=0.174 pW=0.47 pD=0.06 pL=0.47 vAbs=0.229 pLogitMean=-10.4078 vLogitMean=0.6098 gNorm=0.279 lr=0.0041 ms=2524.5 buf=500000 plies=209300095 games=3155018 rejected=0 skipped=0 epoch=0 mom=0.9294 lrCyc[pk=9.8e-01,tr=9.9e-04] trainerStep=24500
[LAYER-HEALTH] live trainerStep=24500 scope=batch_norm_state_only reluSites=9/10 ch=1040 dead=0 off=1 alwaysOn=0 worst=blocks.2.bn1(dead 0 off 1 on 0) maxBetaOverGamma=+1.82@policy.pre_bn[61] minBetaOverGamma=-2.26@blocks.2.bn1[11] rvMaxOverMedian=62.7@blocks.1.bn1[14] rezero=none nonFinite=0
[REPLAY] step=24550 loss=3.5460 pLoss=2.7436 vLoss=0.8007 pEnt=2.872 pIllM=0.0018 playedP=0.174 pW=0.47 pD=0.06 pL=0.47 vAbs=0.225 pLogitMean=-10.4122 vLogitMean=0.6085 gNorm=0.251 lr=0.00376 ms=3318.3 buf=500000 plies=209726686 games=3161413 rejected=0 skipped=0 epoch=0 mom=0.9307 lrCyc[pk=9.8e-01,tr=9.9e-04] trainerStep=24550
[LAYER-HEALTH] live trainerStep=24550 scope=batch_norm_state_only reluSites=9/10 ch=1040 dead=0 off=1 alwaysOn=0 worst=blocks.2.bn1(dead 0 off 1 on 0) maxBetaOverGamma=+1.82@policy.pre_bn[61] minBetaOverGamma=-2.25@blocks.2.bn1[11] rvMaxOverMedian=62.5@blocks.1.bn1[14] rezero=none nonFinite=0
[REPLAY] step=24600 loss=3.4823 pLoss=2.6981 vLoss=0.7824 pEnt=2.878 pIllM=0.0018 playedP=0.176 pW=0.47 pD=0.06 pL=0.47 vAbs=0.237 pLogitMean=-10.4136 vLogitMean=0.6085 gNorm=0.249 lr=0.00345 ms=2848.8 buf=500000 plies=210153367 games=3167856 rejected=0 skipped=0 epoch=0 mom=0.9319 lrCyc[pk=9.8e-01,tr=9.9e-04] trainerStep=24600
[LAYER-HEALTH] live trainerStep=24600 scope=batch_norm_state_only reluSites=9/10 ch=1040 dead=0 off=1 alwaysOn=0 worst=blocks.2.bn1(dead 0 off 1 on 0) maxBetaOverGamma=+1.82@policy.pre_bn[61] minBetaOverGamma=-2.25@blocks.2.bn1[11] rvMaxOverMedian=62.5@blocks.1.bn1[14] rezero=none nonFinite=0
[REPLAY] step=24650 loss=3.5045 pLoss=2.7016 vLoss=0.8010 pEnt=2.864 pIllM=0.0018 playedP=0.181 pW=0.47 pD=0.06 pL=0.47 vAbs=0.228 pLogitMean=-10.4114 vLogitMean=0.6096 gNorm=0.243 lr=0.00318 ms=2919.9 buf=500000 plies=210580062 games=3174246 rejected=0 skipped=0 epoch=0 mom=0.9331 lrCyc[pk=9.8e-01,tr=9.9e-04] trainerStep=24650
[LAYER-HEALTH] live trainerStep=24650 scope=batch_norm_state_only reluSites=9/10 ch=1040 dead=0 off=1 alwaysOn=0 worst=blocks.2.bn1(dead 0 off 1 on 0) maxBetaOverGamma=+1.82@policy.pre_bn[61] minBetaOverGamma=-2.25@blocks.2.bn1[11] rvMaxOverMedian=62.6@blocks.1.bn1[14] rezero=none nonFinite=0
[REPLAY] step=24700 loss=3.5228 pLoss=2.7310 vLoss=0.7901 pEnt=2.877 pIllM=0.0017 playedP=0.174 pW=0.47 pD=0.06 pL=0.46 vAbs=0.229 pLogitMean=-10.4153 vLogitMean=0.6083 gNorm=0.255 lr=0.00294 ms=2852.4 buf=500000 plies=211006647 games=3180710 rejected=0 skipped=0 epoch=0 mom=0.9342 lrCyc[pk=9.8e-01,tr=9.9e-04] trainerStep=24700
[LAYER-HEALTH] live trainerStep=24700 scope=batch_norm_state_only reluSites=9/10 ch=1040 dead=0 off=1 alwaysOn=0 worst=blocks.2.bn1(dead 0 off 1 on 0) maxBetaOverGamma=+1.82@policy.pre_bn[61] minBetaOverGamma=-2.25@blocks.2.bn1[11] rvMaxOverMedian=62.7@blocks.1.bn1[14] rezero=none nonFinite=0
[REPLAY] step=24750 loss=3.5010 pLoss=2.7154 vLoss=0.7840 pEnt=2.870 pIllM=0.0016 playedP=0.179 pW=0.47 pD=0.06 pL=0.47 vAbs=0.234 pLogitMean=-10.4134 vLogitMean=0.6082 gNorm=0.247 lr=0.00272 ms=3474.4 buf=500000 plies=211433409 games=3187230 rejected=0 skipped=0 epoch=0 mom=0.9354 lrCyc[pk=9.8e-01,tr=9.9e-04] trainerStep=24750
[LAYER-HEALTH] live trainerStep=24750 scope=batch_norm_state_only reluSites=9/10 ch=1040 dead=0 off=1 alwaysOn=0 worst=blocks.2.bn1(dead 0 off 1 on 0) maxBetaOverGamma=+1.82@policy.pre_bn[61] minBetaOverGamma=-2.25@blocks.2.bn1[11] rvMaxOverMedian=62.8@blocks.1.bn1[14] rezero=none nonFinite=0
[REPLAY] step=24800 loss=3.5027 pLoss=2.7045 vLoss=0.7964 pEnt=2.872 pIllM=0.0018 playedP=0.173 pW=0.47 pD=0.06 pL=0.47 vAbs=0.238 pLogitMean=-10.4119 vLogitMean=0.6111 gNorm=0.245 lr=0.00252 ms=3166.4 buf=500000 plies=211859929 games=3193695 rejected=0 skipped=0 epoch=0 mom=0.9365 lrCyc[pk=9.8e-01,tr=9.9e-04] trainerStep=24800
[LAYER-HEALTH] live trainerStep=24800 scope=batch_norm_state_only reluSites=9/10 ch=1040 dead=0 off=1 alwaysOn=0 worst=blocks.2.bn1(dead 0 off 1 on 0) maxBetaOverGamma=+1.82@policy.pre_bn[61] minBetaOverGamma=-2.25@blocks.2.bn1[11] rvMaxOverMedian=63.0@blocks.1.bn1[14] rezero=none nonFinite=0
[REPLAY] step=24850 loss=3.4894 pLoss=2.6989 vLoss=0.7887 pEnt=2.868 pIllM=0.0018 playedP=0.176 pW=0.47 pD=0.06 pL=0.47 vAbs=0.233 pLogitMean=-10.4140 vLogitMean=0.6071 gNorm=0.266 lr=0.00234 ms=3152.2 buf=500000 plies=212286629 games=3200152 rejected=0 skipped=0 epoch=0 mom=0.9375 lrCyc[pk=9.8e-01,tr=9.9e-04] trainerStep=24850
[LAYER-HEALTH] live trainerStep=24850 scope=batch_norm_state_only reluSites=9/10 ch=1040 dead=0 off=1 alwaysOn=0 worst=blocks.2.bn1(dead 0 off 1 on 0) maxBetaOverGamma=+1.82@policy.pre_bn[61] minBetaOverGamma=-2.25@blocks.2.bn1[11] rvMaxOverMedian=63.3@blocks.1.bn1[14] rezero=none nonFinite=0
[REPLAY] step=24900 loss=3.5309 pLoss=2.7262 vLoss=0.8031 pEnt=2.879 pIllM=0.0017 playedP=0.175 pW=0.47 pD=0.06 pL=0.47 vAbs=0.228 pLogitMean=-10.4153 vLogitMean=0.6095 gNorm=0.249 lr=0.00218 ms=2994.7 buf=500000 plies=212713243 games=3206626 rejected=0 skipped=0 epoch=0 mom=0.9385 lrCyc[pk=9.8e-01,tr=9.9e-04] trainerStep=24900
[LAYER-HEALTH] live trainerStep=24900 scope=batch_norm_state_only reluSites=9/10 ch=1040 dead=0 off=1 alwaysOn=0 worst=blocks.2.bn1(dead 0 off 1 on 0) maxBetaOverGamma=+1.82@policy.pre_bn[61] minBetaOverGamma=-2.25@blocks.2.bn1[11] rvMaxOverMedian=63.5@blocks.1.bn1[14] rezero=none nonFinite=0
[REPLAY] step=24950 loss=3.5177 pLoss=2.7250 vLoss=0.7909 pEnt=2.860 pIllM=0.0019 playedP=0.179 pW=0.47 pD=0.06 pL=0.46 vAbs=0.221 pLogitMean=-10.4144 vLogitMean=0.6093 gNorm=0.244 lr=0.00204 ms=3698.8 buf=500000 plies=213139877 games=3213123 rejected=0 skipped=0 epoch=0 mom=0.9395 lrCyc[pk=9.8e-01,tr=9.9e-04] trainerStep=24950
[LAYER-HEALTH] live trainerStep=24950 scope=batch_norm_state_only reluSites=9/10 ch=1040 dead=0 off=1 alwaysOn=0 worst=blocks.2.bn1(dead 0 off 1 on 0) maxBetaOverGamma=+1.82@policy.pre_bn[61] minBetaOverGamma=-2.25@blocks.2.bn1[11] rvMaxOverMedian=63.6@blocks.1.bn1[14] rezero=none nonFinite=0
[REPLAY] step=25000 loss=3.5492 pLoss=2.7579 vLoss=0.7897 pEnt=2.904 pIllM=0.0016 playedP=0.172 pW=0.47 pD=0.06 pL=0.47 vAbs=0.229 pLogitMean=-10.4160 vLogitMean=0.6095 gNorm=0.259 lr=0.00191 ms=3177.3 buf=500000 plies=213566571 games=3219673 rejected=0 skipped=0 epoch=0 mom=0.9405 lrCyc[pk=9.8e-01,tr=9.9e-04] trainerStep=25000
[LAYER-HEALTH] live trainerStep=25000 scope=batch_norm_state_only reluSites=9/10 ch=1040 dead=0 off=1 alwaysOn=0 worst=blocks.2.bn1(dead 0 off 1 on 0) maxBetaOverGamma=+1.82@policy.pre_bn[61] minBetaOverGamma=-2.25@blocks.2.bn1[11] rvMaxOverMedian=63.7@blocks.1.bn1[14] rezero=none nonFinite=0
[REPLAY] saved trainer model (autosave) step=25000 trainerStep=25000 nextGame=3219673 shard=7 epoch=0 -> 20261005-lrBleaky-cyc1-replay-latest.safetensors
[LAYER-HEALTH] checkpoint replay-autosave step=25000 trainerStep=25000 scope=all_tensors reluSites=9/10 ch=1040 dead=0 off=1 alwaysOn=0 worst=blocks.2.bn1(dead 0 off 1 on 0) maxBetaOverGamma=+1.82@policy.pre_bn[61] minBetaOverGamma=-2.25@blocks.2.bn1[11] rvMaxOverMedian=63.7@blocks.1.bn1[14] rezero=none nonFinite=0 seZeroVel=none valueFC1ZeroVel=0/128 maxAbs=10.42@blocks.1.bn1.running_var
[LAYER-HEALTH]   batch-norm sites — β/|γ|: dead < -3.00, mostly off < -2.00, always on > +3.00; classified for relu/leaky_relu only
[LAYER-HEALTH]     site            act            ch   dead    off     on  zeroγ nonfin  min β/|γ| [ch]     max β/|γ| [ch]     rv max/median [ch]
[LAYER-HEALTH]     stem.bn         -             128    n/a    n/a    n/a      0      0     -1.59 [85]         +0.52 [110]           4.0 [43]
[LAYER-HEALTH]     blocks.0.bn1    relu          128      0      0      0      0      0     -0.85 [53]         +0.29 [18]            6.6 [14]
[LAYER-HEALTH]     blocks.0.bn2    relu          128      0      0      0      0      0     -1.46 [48]         -0.06 [58]            3.2 [33]
[LAYER-HEALTH]     blocks.1.bn1    relu          128      0      0      0      0      0     -1.49 [11]         -0.20 [14]           63.7 [14]
[LAYER-HEALTH]     blocks.1.bn2    relu          128      0      0      0      0      0     -1.99 [29]         -0.27 [49]            8.3 [49]
[LAYER-HEALTH]     blocks.2.bn1    relu          128      0      1      0      0      0     -2.25 [11]         +0.99 [31]           29.5 [76]
[LAYER-HEALTH]     blocks.2.bn2    relu          128      0      0      0      0      0     -1.49 [95]         -0.26 [55]            3.5 [103]
[LAYER-HEALTH]     tower_final_bn  relu          128      0      0      0      0      0     -0.65 [89]         +1.57 [114]           4.2 [31]
[LAYER-HEALTH]     policy.pre_bn   relu          128      0      0      0      0      0     -1.16 [47]         +1.82 [61]            4.7 [22]
[LAYER-HEALTH]     value.bn        leaky_relu     16      0      0      0      0      0     -1.81 [2]          -0.69 [7]             2.2 [1]
[LAYER-HEALTH]   FC hidden-unit velocity — zero: every weight-velocity entry exactly 0; low: nonzero but < 5% of the layer's p90 unit norm
[LAYER-HEALTH]     value.fc1.weight  leaky_relu  units 128  zero 0  low 25  median unit norm 0.005885
[LAYER-HEALTH]     (no SE blocks)
[LAYER-HEALTH]   ReZero: none
[LAYER-HEALTH]   non-finite: 0 values in 0 of 102 tensors (10263038 values examined)
[LAYER-HEALTH]   largest |value|: blocks.1.bn1.running_var 10.42, blocks.0.bn2.running_var 7.809, blocks.2.bn1.running_var 6.172, blocks.1.bn2.running_var 6.024, policy.conv.bias 5.933
[REPLAY] enumerated checkpoint -> 20261005-lrBleaky-cyc1-replay-step25000.safetensors
[REPLAY] step=25050 loss=3.5075 pLoss=2.7127 vLoss=0.7931 pEnt=2.886 pIllM=0.0017 playedP=0.172 pW=0.47 pD=0.06 pL=0.47 vAbs=0.233 pLogitMean=-10.4153 vLogitMean=0.6109 gNorm=0.245 lr=0.0018 ms=2858.0 buf=500000 plies=213993234 games=3226156 rejected=0 skipped=0 epoch=0 mom=0.9414 lrCyc[pk=9.8e-01,tr=9.9e-04] trainerStep=25050
[LAYER-HEALTH] live trainerStep=25050 scope=batch_norm_state_only reluSites=9/10 ch=1040 dead=0 off=1 alwaysOn=0 worst=blocks.2.bn1(dead 0 off 1 on 0) maxBetaOverGamma=+1.82@policy.pre_bn[61] minBetaOverGamma=-2.25@blocks.2.bn1[11] rvMaxOverMedian=63.7@blocks.1.bn1[14] rezero=none nonFinite=0
[REPLAY] step=25100 loss=3.5457 pLoss=2.7455 vLoss=0.7986 pEnt=2.878 pIllM=0.0016 playedP=0.175 pW=0.47 pD=0.06 pL=0.47 vAbs=0.230 pLogitMean=-10.4151 vLogitMean=0.6084 gNorm=0.269 lr=0.00169 ms=2901.7 buf=500000 plies=214419853 games=3232611 rejected=0 skipped=0 epoch=0 mom=0.9422 lrCyc[pk=9.8e-01,tr=9.9e-04] trainerStep=25100
[LAYER-HEALTH] live trainerStep=25100 scope=batch_norm_state_only reluSites=9/10 ch=1040 dead=0 off=1 alwaysOn=0 worst=blocks.2.bn1(dead 0 off 1 on 0) maxBetaOverGamma=+1.82@policy.pre_bn[61] minBetaOverGamma=-2.25@blocks.2.bn1[11] rvMaxOverMedian=63.8@blocks.1.bn1[14] rezero=none nonFinite=0
[REPLAY] step=25150 loss=3.5177 pLoss=2.7171 vLoss=0.7989 pEnt=2.850 pIllM=0.0016 playedP=0.178 pW=0.47 pD=0.06 pL=0.47 vAbs=0.229 pLogitMean=-10.4144 vLogitMean=0.6082 gNorm=0.254 lr=0.0016 ms=3342.0 buf=500000 plies=214846479 games=3239131 rejected=0 skipped=0 epoch=0 mom=0.9430 lrCyc[pk=9.8e-01,tr=9.9e-04] trainerStep=25150
[LAYER-HEALTH] live trainerStep=25150 scope=batch_norm_state_only reluSites=9/10 ch=1040 dead=0 off=1 alwaysOn=0 worst=blocks.2.bn1(dead 0 off 1 on 0) maxBetaOverGamma=+1.82@policy.pre_bn[61] minBetaOverGamma=-2.25@blocks.2.bn1[11] rvMaxOverMedian=63.8@blocks.1.bn1[14] rezero=none nonFinite=0
[REPLAY] step=25200 loss=3.5323 pLoss=2.7414 vLoss=0.7893 pEnt=2.879 pIllM=0.0016 playedP=0.175 pW=0.47 pD=0.06 pL=0.47 vAbs=0.229 pLogitMean=-10.4183 vLogitMean=0.6083 gNorm=0.242 lr=0.00151 ms=2311.9 buf=500000 plies=215273144 games=3245541 rejected=0 skipped=0 epoch=0 mom=0.9438 lrCyc[pk=9.8e-01,tr=9.9e-04] trainerStep=25200
[LAYER-HEALTH] live trainerStep=25200 scope=batch_norm_state_only reluSites=9/10 ch=1040 dead=0 off=1 alwaysOn=0 worst=blocks.2.bn1(dead 0 off 1 on 0) maxBetaOverGamma=+1.82@policy.pre_bn[61] minBetaOverGamma=-2.25@blocks.2.bn1[11] rvMaxOverMedian=63.8@blocks.1.bn1[14] rezero=none nonFinite=0
[REPLAY] step=25250 loss=3.5319 pLoss=2.7391 vLoss=0.7912 pEnt=2.862 pIllM=0.0016 playedP=0.178 pW=0.48 pD=0.06 pL=0.47 vAbs=0.232 pLogitMean=-10.4159 vLogitMean=0.6084 gNorm=0.253 lr=0.00144 ms=2681.3 buf=500000 plies=215699876 games=3251991 rejected=0 skipped=0 epoch=0 mom=0.9446 lrCyc[pk=9.8e-01,tr=9.9e-04] trainerStep=25250
[LAYER-HEALTH] live trainerStep=25250 scope=batch_norm_state_only reluSites=9/10 ch=1040 dead=0 off=1 alwaysOn=0 worst=blocks.2.bn1(dead 0 off 1 on 0) maxBetaOverGamma=+1.82@policy.pre_bn[61] minBetaOverGamma=-2.25@blocks.2.bn1[11] rvMaxOverMedian=63.7@blocks.1.bn1[14] rezero=none nonFinite=0
[REPLAY] step=25300 loss=3.5268 pLoss=2.7329 vLoss=0.7922 pEnt=2.875 pIllM=0.0017 playedP=0.172 pW=0.47 pD=0.06 pL=0.47 vAbs=0.227 pLogitMean=-10.4164 vLogitMean=0.6083 gNorm=0.242 lr=0.00137 ms=2215.7 buf=500000 plies=216126440 games=3258493 rejected=0 skipped=0 epoch=0 mom=0.9452 lrCyc[pk=9.8e-01,tr=9.9e-04] trainerStep=25300
[LAYER-HEALTH] live trainerStep=25300 scope=batch_norm_state_only reluSites=9/10 ch=1040 dead=0 off=1 alwaysOn=0 worst=blocks.2.bn1(dead 0 off 1 on 0) maxBetaOverGamma=+1.82@policy.pre_bn[61] minBetaOverGamma=-2.25@blocks.2.bn1[11] rvMaxOverMedian=63.7@blocks.1.bn1[14] rezero=none nonFinite=0
[REPLAY] step=25350 loss=3.5521 pLoss=2.7544 vLoss=0.7959 pEnt=2.877 pIllM=0.0018 playedP=0.173 pW=0.47 pD=0.06 pL=0.47 vAbs=0.225 pLogitMean=-10.4170 vLogitMean=0.6081 gNorm=0.252 lr=0.00131 ms=2575.9 buf=500000 plies=216553108 games=3264960 rejected=0 skipped=0 epoch=0 mom=0.9459 lrCyc[pk=9.8e-01,tr=9.9e-04] trainerStep=25350
[LAYER-HEALTH] live trainerStep=25350 scope=batch_norm_state_only reluSites=9/10 ch=1040 dead=0 off=1 alwaysOn=0 worst=blocks.2.bn1(dead 0 off 1 on 0) maxBetaOverGamma=+1.82@policy.pre_bn[61] minBetaOverGamma=-2.25@blocks.2.bn1[11] rvMaxOverMedian=63.9@blocks.1.bn1[14] rezero=none nonFinite=0
[REPLAY] step=25400 loss=3.5342 pLoss=2.7276 vLoss=0.8050 pEnt=2.871 pIllM=0.0016 playedP=0.176 pW=0.47 pD=0.06 pL=0.47 vAbs=0.226 pLogitMean=-10.4158 vLogitMean=0.6095 gNorm=0.251 lr=0.00126 ms=2467.1 buf=500000 plies=216979754 games=3271394 rejected=0 skipped=0 epoch=0 mom=0.9465 lrCyc[pk=9.8e-01,tr=9.9e-04] trainerStep=25400
[LAYER-HEALTH] live trainerStep=25400 scope=batch_norm_state_only reluSites=9/10 ch=1040 dead=0 off=1 alwaysOn=0 worst=blocks.2.bn1(dead 0 off 1 on 0) maxBetaOverGamma=+1.82@policy.pre_bn[61] minBetaOverGamma=-2.25@blocks.2.bn1[11] rvMaxOverMedian=63.9@blocks.1.bn1[14] rezero=none nonFinite=0
[REPLAY] step=25450 loss=3.5302 pLoss=2.7297 vLoss=0.7986 pEnt=2.873 pIllM=0.0019 playedP=0.178 pW=0.47 pD=0.06 pL=0.47 vAbs=0.221 pLogitMean=-10.4158 vLogitMean=0.6079 gNorm=0.239 lr=0.00121 ms=2568.7 buf=500000 plies=217406376 games=3277937 rejected=0 skipped=0 epoch=0 mom=0.9470 lrCyc[pk=9.8e-01,tr=9.9e-04] trainerStep=25450
[LAYER-HEALTH] live trainerStep=25450 scope=batch_norm_state_only reluSites=9/10 ch=1040 dead=0 off=1 alwaysOn=0 worst=blocks.2.bn1(dead 0 off 1 on 0) maxBetaOverGamma=+1.82@policy.pre_bn[61] minBetaOverGamma=-2.25@blocks.2.bn1[11] rvMaxOverMedian=64.1@blocks.1.bn1[14] rezero=none nonFinite=0
[REPLAY] step=25500 loss=3.5547 pLoss=2.7387 vLoss=0.8141 pEnt=2.874 pIllM=0.0018 playedP=0.172 pW=0.47 pD=0.06 pL=0.47 vAbs=0.220 pLogitMean=-10.4189 vLogitMean=0.6080 gNorm=0.254 lr=0.00117 ms=2264.5 buf=500000 plies=217833062 games=3284433 rejected=0 skipped=0 epoch=0 mom=0.9476 lrCyc[pk=9.8e-01,tr=9.9e-04] trainerStep=25500
[LAYER-HEALTH] live trainerStep=25500 scope=batch_norm_state_only reluSites=9/10 ch=1040 dead=0 off=1 alwaysOn=0 worst=blocks.2.bn1(dead 0 off 1 on 0) maxBetaOverGamma=+1.82@policy.pre_bn[61] minBetaOverGamma=-2.25@blocks.2.bn1[11] rvMaxOverMedian=64.3@blocks.1.bn1[14] rezero=none nonFinite=0
[REPLAY] step=25550 loss=3.5259 pLoss=2.7179 vLoss=0.8060 pEnt=2.861 pIllM=0.0020 playedP=0.176 pW=0.47 pD=0.06 pL=0.47 vAbs=0.223 pLogitMean=-10.4156 vLogitMean=0.6080 gNorm=0.233 lr=0.00113 ms=2946.9 buf=500000 plies=218259682 games=3290895 rejected=0 skipped=0 epoch=0 mom=0.9480 lrCyc[pk=9.8e-01,tr=9.9e-04] trainerStep=25550
[LAYER-HEALTH] live trainerStep=25550 scope=batch_norm_state_only reluSites=9/10 ch=1040 dead=0 off=1 alwaysOn=0 worst=blocks.2.bn1(dead 0 off 1 on 0) maxBetaOverGamma=+1.82@policy.pre_bn[61] minBetaOverGamma=-2.25@blocks.2.bn1[11] rvMaxOverMedian=64.2@blocks.1.bn1[14] rezero=none nonFinite=0
[REPLAY] step=25600 loss=3.5427 pLoss=2.7517 vLoss=0.7892 pEnt=2.867 pIllM=0.0018 playedP=0.179 pW=0.47 pD=0.06 pL=0.46 vAbs=0.224 pLogitMean=-10.4166 vLogitMean=0.6107 gNorm=0.242 lr=0.0011 ms=2356.0 buf=500000 plies=218686320 games=3297453 rejected=0 skipped=0 epoch=0 mom=0.9484 lrCyc[pk=9.8e-01,tr=9.9e-04] trainerStep=25600
[LAYER-HEALTH] live trainerStep=25600 scope=batch_norm_state_only reluSites=9/10 ch=1040 dead=0 off=1 alwaysOn=0 worst=blocks.2.bn1(dead 0 off 1 on 0) maxBetaOverGamma=+1.82@policy.pre_bn[61] minBetaOverGamma=-2.25@blocks.2.bn1[11] rvMaxOverMedian=64.1@blocks.1.bn1[14] rezero=none nonFinite=0
[REPLAY] step=25650 loss=3.5162 pLoss=2.7164 vLoss=0.7983 pEnt=2.878 pIllM=0.0015 playedP=0.173 pW=0.47 pD=0.06 pL=0.47 vAbs=0.229 pLogitMean=-10.4153 vLogitMean=0.6095 gNorm=0.249 lr=0.00107 ms=2270.8 buf=500000 plies=219113006 games=3303931 rejected=0 skipped=0 epoch=0 mom=0.9488 lrCyc[pk=9.8e-01,tr=9.9e-04] trainerStep=25650
[LAYER-HEALTH] live trainerStep=25650 scope=batch_norm_state_only reluSites=9/10 ch=1040 dead=0 off=1 alwaysOn=0 worst=blocks.2.bn1(dead 0 off 1 on 0) maxBetaOverGamma=+1.82@policy.pre_bn[61] minBetaOverGamma=-2.25@blocks.2.bn1[11] rvMaxOverMedian=64.2@blocks.1.bn1[14] rezero=none nonFinite=0
[REPLAY] step=25700 loss=3.5295 pLoss=2.7255 vLoss=0.8024 pEnt=2.867 pIllM=0.0016 playedP=0.178 pW=0.47 pD=0.06 pL=0.47 vAbs=0.226 pLogitMean=-10.4152 vLogitMean=0.6096 gNorm=0.255 lr=0.00105 ms=2324.4 buf=500000 plies=219539642 games=3310425 rejected=0 skipped=0 epoch=0 mom=0.9491 lrCyc[pk=9.8e-01,tr=9.9e-04] trainerStep=25700
[LAYER-HEALTH] live trainerStep=25700 scope=batch_norm_state_only reluSites=9/10 ch=1040 dead=0 off=1 alwaysOn=0 worst=blocks.2.bn1(dead 0 off 1 on 0) maxBetaOverGamma=+1.82@policy.pre_bn[61] minBetaOverGamma=-2.25@blocks.2.bn1[11] rvMaxOverMedian=64.4@blocks.1.bn1[14] rezero=none nonFinite=0
[REPLAY] step=25750 loss=3.4971 pLoss=2.7008 vLoss=0.7945 pEnt=2.867 pIllM=0.0018 playedP=0.178 pW=0.48 pD=0.06 pL=0.46 vAbs=0.231 pLogitMean=-10.4152 vLogitMean=0.6097 gNorm=0.254 lr=0.00103 ms=2684.6 buf=500000 plies=219966301 games=3316884 rejected=0 skipped=0 epoch=0 mom=0.9494 lrCyc[pk=9.8e-01,tr=9.9e-04] trainerStep=25750
[LAYER-HEALTH] live trainerStep=25750 scope=batch_norm_state_only reluSites=9/10 ch=1040 dead=0 off=1 alwaysOn=0 worst=blocks.2.bn1(dead 0 off 1 on 0) maxBetaOverGamma=+1.82@policy.pre_bn[61] minBetaOverGamma=-2.25@blocks.2.bn1[11] rvMaxOverMedian=64.5@blocks.1.bn1[14] rezero=none nonFinite=0
[REPLAY] step=25800 loss=3.5066 pLoss=2.7080 vLoss=0.7966 pEnt=2.854 pIllM=0.0020 playedP=0.181 pW=0.47 pD=0.06 pL=0.47 vAbs=0.230 pLogitMean=-10.4167 vLogitMean=0.6098 gNorm=0.248 lr=0.00102 ms=2671.6 buf=500000 plies=220392919 games=3323351 rejected=0 skipped=0 epoch=0 mom=0.9496 lrCyc[pk=9.8e-01,tr=9.9e-04] trainerStep=25800
[LAYER-HEALTH] live trainerStep=25800 scope=batch_norm_state_only reluSites=9/10 ch=1040 dead=0 off=1 alwaysOn=0 worst=blocks.2.bn1(dead 0 off 1 on 0) maxBetaOverGamma=+1.82@policy.pre_bn[61] minBetaOverGamma=-2.25@blocks.2.bn1[11] rvMaxOverMedian=64.5@blocks.1.bn1[14] rezero=none nonFinite=0
[REPLAY] step=25850 loss=3.5243 pLoss=2.7275 vLoss=0.7952 pEnt=2.876 pIllM=0.0017 playedP=0.175 pW=0.47 pD=0.06 pL=0.47 vAbs=0.232 pLogitMean=-10.4161 vLogitMean=0.6098 gNorm=0.246 lr=0.001 ms=3052.8 buf=500000 plies=220819615 games=3329837 rejected=0 skipped=0 epoch=0 mom=0.9498 lrCyc[pk=9.8e-01,tr=9.9e-04] trainerStep=25850
[LAYER-HEALTH] live trainerStep=25850 scope=batch_norm_state_only reluSites=9/10 ch=1040 dead=0 off=1 alwaysOn=0 worst=blocks.2.bn1(dead 0 off 1 on 0) maxBetaOverGamma=+1.82@policy.pre_bn[61] minBetaOverGamma=-2.25@blocks.2.bn1[11] rvMaxOverMedian=64.3@blocks.1.bn1[14] rezero=none nonFinite=0
[REPLAY] step=25900 loss=3.5444 pLoss=2.7304 vLoss=0.8122 pEnt=2.871 pIllM=0.0018 playedP=0.176 pW=0.47 pD=0.06 pL=0.47 vAbs=0.223 pLogitMean=-10.4173 vLogitMean=0.6096 gNorm=0.247 lr=0.000995 ms=2977.0 buf=500000 plies=221246257 games=3336375 rejected=0 skipped=0 epoch=0 mom=0.9499 lrCyc[pk=9.8e-01,tr=9.9e-04] trainerStep=25900
[LAYER-HEALTH] live trainerStep=25900 scope=batch_norm_state_only reluSites=9/10 ch=1040 dead=0 off=1 alwaysOn=0 worst=blocks.2.bn1(dead 0 off 1 on 0) maxBetaOverGamma=+1.82@policy.pre_bn[61] minBetaOverGamma=-2.25@blocks.2.bn1[11] rvMaxOverMedian=64.1@blocks.1.bn1[14] rezero=none nonFinite=0
[REPLAY] step=25950 loss=3.4917 pLoss=2.6794 vLoss=0.8105 pEnt=2.853 pIllM=0.0018 playedP=0.178 pW=0.47 pD=0.06 pL=0.47 vAbs=0.221 pLogitMean=-10.4174 vLogitMean=0.6084 gNorm=0.248 lr=0.00099 ms=2803.3 buf=500000 plies=221672929 games=3342835 rejected=0 skipped=0 epoch=0 mom=0.9500 lrCyc[pk=9.8e-01,tr=9.9e-04] trainerStep=25950
[LAYER-HEALTH] live trainerStep=25950 scope=batch_norm_state_only reluSites=9/10 ch=1040 dead=0 off=1 alwaysOn=0 worst=blocks.2.bn1(dead 0 off 1 on 0) maxBetaOverGamma=+1.82@policy.pre_bn[61] minBetaOverGamma=-2.25@blocks.2.bn1[11] rvMaxOverMedian=63.8@blocks.1.bn1[14] rezero=none nonFinite=0
[REPLAY] step=26000 loss=3.5247 pLoss=2.7142 vLoss=0.8086 pEnt=2.873 pIllM=0.0019 playedP=0.178 pW=0.47 pD=0.06 pL=0.46 vAbs=0.218 pLogitMean=-10.4184 vLogitMean=0.6069 gNorm=0.258 lr=0.000989 ms=2197.2 buf=500000 plies=222099580 games=3349289 rejected=0 skipped=0 epoch=0 mom=0.9500 lrCyc[pk=9.8e-01,tr=9.9e-04] trainerStep=26000
[LAYER-HEALTH] live trainerStep=26000 scope=batch_norm_state_only reluSites=9/10 ch=1040 dead=0 off=1 alwaysOn=0 worst=blocks.2.bn1(dead 0 off 1 on 0) maxBetaOverGamma=+1.82@policy.pre_bn[61] minBetaOverGamma=-2.25@blocks.2.bn1[11] rvMaxOverMedian=63.7@blocks.1.bn1[14] rezero=none nonFinite=0
[REPLAY] saved trainer model (autosave) step=26000 trainerStep=26000 nextGame=3349289 shard=7 epoch=0 -> 20261005-lrBleaky-cyc1-replay-latest.safetensors
[LAYER-HEALTH] checkpoint replay-autosave step=26000 trainerStep=26000 scope=all_tensors reluSites=9/10 ch=1040 dead=0 off=1 alwaysOn=0 worst=blocks.2.bn1(dead 0 off 1 on 0) maxBetaOverGamma=+1.82@policy.pre_bn[61] minBetaOverGamma=-2.25@blocks.2.bn1[11] rvMaxOverMedian=63.7@blocks.1.bn1[14] rezero=none nonFinite=0 seZeroVel=none valueFC1ZeroVel=0/128 maxAbs=10.4@blocks.1.bn1.running_var
[LAYER-HEALTH]   batch-norm sites — β/|γ|: dead < -3.00, mostly off < -2.00, always on > +3.00; classified for relu/leaky_relu only
[LAYER-HEALTH]     site            act            ch   dead    off     on  zeroγ nonfin  min β/|γ| [ch]     max β/|γ| [ch]     rv max/median [ch]
[LAYER-HEALTH]     stem.bn         -             128    n/a    n/a    n/a      0      0     -1.59 [85]         +0.52 [110]           4.0 [43]
[LAYER-HEALTH]     blocks.0.bn1    relu          128      0      0      0      0      0     -0.85 [53]         +0.29 [18]            6.6 [14]
[LAYER-HEALTH]     blocks.0.bn2    relu          128      0      0      0      0      0     -1.46 [48]         -0.06 [58]            3.2 [33]
[LAYER-HEALTH]     blocks.1.bn1    relu          128      0      0      0      0      0     -1.49 [11]         -0.20 [14]           63.7 [14]
[LAYER-HEALTH]     blocks.1.bn2    relu          128      0      0      0      0      0     -1.99 [29]         -0.27 [49]            8.3 [49]
[LAYER-HEALTH]     blocks.2.bn1    relu          128      0      1      0      0      0     -2.25 [11]         +1.00 [31]           30.0 [76]
[LAYER-HEALTH]     blocks.2.bn2    relu          128      0      0      0      0      0     -1.49 [95]         -0.25 [55]            3.5 [103]
[LAYER-HEALTH]     tower_final_bn  relu          128      0      0      0      0      0     -0.65 [89]         +1.57 [114]           4.2 [31]
[LAYER-HEALTH]     policy.pre_bn   relu          128      0      0      0      0      0     -1.16 [47]         +1.82 [61]            4.7 [22]
[LAYER-HEALTH]     value.bn        leaky_relu     16      0      0      0      0      0     -1.82 [2]          -0.69 [7]             2.2 [1]
[LAYER-HEALTH]   FC hidden-unit velocity — zero: every weight-velocity entry exactly 0; low: nonzero but < 5% of the layer's p90 unit norm
[LAYER-HEALTH]     value.fc1.weight  leaky_relu  units 128  zero 0  low 18  median unit norm 0.007217
[LAYER-HEALTH]     (no SE blocks)
[LAYER-HEALTH]   ReZero: none
[LAYER-HEALTH]   non-finite: 0 values in 0 of 102 tensors (10263038 values examined)
[LAYER-HEALTH]   largest |value|: blocks.1.bn1.running_var 10.4, blocks.0.bn2.running_var 7.809, blocks.2.bn1.running_var 6.206, blocks.1.bn2.running_var 5.981, policy.conv.bias 5.935
[REPLAY] enumerated checkpoint -> 20261005-lrBleaky-cyc1-replay-step26000.safetensors
[REPLAY] step=26050 loss=3.5383 pLoss=2.7297 vLoss=0.8069 pEnt=2.877 pIllM=0.0017 playedP=0.176 pW=0.47 pD=0.06 pL=0.47 vAbs=0.222 pLogitMean=-10.4188 vLogitMean=0.6084 gNorm=0.250 lr=0.00099 ms=2240.7 buf=500000 plies=222526277 games=3355795 rejected=0 skipped=0 epoch=0 mom=0.9500 lrCyc[pk=9.8e-01,tr=9.9e-04] trainerStep=26050
[LAYER-HEALTH] live trainerStep=26050 scope=batch_norm_state_only reluSites=9/10 ch=1040 dead=0 off=1 alwaysOn=0 worst=blocks.2.bn1(dead 0 off 1 on 0) maxBetaOverGamma=+1.82@policy.pre_bn[61] minBetaOverGamma=-2.25@blocks.2.bn1[11] rvMaxOverMedian=63.5@blocks.1.bn1[14] rezero=none nonFinite=0
[REPLAY] step=26100 loss=3.5411 pLoss=2.7434 vLoss=0.7961 pEnt=2.865 pIllM=0.0016 playedP=0.173 pW=0.47 pD=0.06 pL=0.46 vAbs=0.226 pLogitMean=-10.4177 vLogitMean=0.6083 gNorm=0.236 lr=0.000995 ms=2802.6 buf=500000 plies=222952823 games=3362304 rejected=0 skipped=0 epoch=0 mom=0.9499 lrCyc[pk=9.8e-01,tr=9.9e-04] trainerStep=26100
[LAYER-HEALTH] live trainerStep=26100 scope=batch_norm_state_only reluSites=9/10 ch=1040 dead=0 off=1 alwaysOn=0 worst=blocks.2.bn1(dead 0 off 1 on 0) maxBetaOverGamma=+1.82@policy.pre_bn[61] minBetaOverGamma=-2.25@blocks.2.bn1[11] rvMaxOverMedian=63.2@blocks.1.bn1[14] rezero=none nonFinite=0
[REPLAY] step=26150 loss=3.5385 pLoss=2.7257 vLoss=0.8111 pEnt=2.872 pIllM=0.0016 playedP=0.179 pW=0.47 pD=0.06 pL=0.46 vAbs=0.224 pLogitMean=-10.4189 vLogitMean=0.6073 gNorm=0.258 lr=0.001 ms=3097.4 buf=500000 plies=223379488 games=3368793 rejected=0 skipped=0 epoch=0 mom=0.9498 lrCyc[pk=9.8e-01,tr=9.9e-04] trainerStep=26150
[LAYER-HEALTH] live trainerStep=26150 scope=batch_norm_state_only reluSites=9/10 ch=1040 dead=0 off=1 alwaysOn=0 worst=blocks.2.bn1(dead 0 off 1 on 0) maxBetaOverGamma=+1.82@policy.pre_bn[61] minBetaOverGamma=-2.25@blocks.2.bn1[11] rvMaxOverMedian=63.1@blocks.1.bn1[14] rezero=none nonFinite=0
[REPLAY] step=26200 loss=3.5286 pLoss=2.7322 vLoss=0.7947 pEnt=2.875 pIllM=0.0016 playedP=0.176 pW=0.47 pD=0.06 pL=0.47 vAbs=0.231 pLogitMean=-10.4192 vLogitMean=0.6098 gNorm=0.245 lr=0.00102 ms=2606.8 buf=500000 plies=223806202 games=3375244 rejected=0 skipped=0 epoch=0 mom=0.9496 lrCyc[pk=9.8e-01,tr=9.9e-04] trainerStep=26200
[LAYER-HEALTH] live trainerStep=26200 scope=batch_norm_state_only reluSites=9/10 ch=1040 dead=0 off=1 alwaysOn=0 worst=blocks.2.bn1(dead 0 off 1 on 0) maxBetaOverGamma=+1.82@policy.pre_bn[61] minBetaOverGamma=-2.25@blocks.2.bn1[11] rvMaxOverMedian=63.1@blocks.1.bn1[14] rezero=none nonFinite=0
[REPLAY] step=26250 loss=3.5221 pLoss=2.7245 vLoss=0.7957 pEnt=2.861 pIllM=0.0018 playedP=0.177 pW=0.47 pD=0.06 pL=0.47 vAbs=0.233 pLogitMean=-10.4185 vLogitMean=0.6085 gNorm=0.241 lr=0.00103 ms=2988.9 buf=500000 plies=224232782 games=3381656 rejected=0 skipped=0 epoch=0 mom=0.9494 lrCyc[pk=9.8e-01,tr=9.9e-04] trainerStep=26250
[LAYER-HEALTH] live trainerStep=26250 scope=batch_norm_state_only reluSites=9/10 ch=1040 dead=0 off=1 alwaysOn=0 worst=blocks.2.bn1(dead 0 off 1 on 0) maxBetaOverGamma=+1.82@policy.pre_bn[61] minBetaOverGamma=-2.25@blocks.2.bn1[11] rvMaxOverMedian=62.9@blocks.1.bn1[14] rezero=none nonFinite=0
[REPLAY] step=26300 loss=3.5239 pLoss=2.7205 vLoss=0.8017 pEnt=2.865 pIllM=0.0017 playedP=0.176 pW=0.47 pD=0.06 pL=0.46 vAbs=0.230 pLogitMean=-10.4188 vLogitMean=0.6070 gNorm=0.257 lr=0.00105 ms=2605.7 buf=500000 plies=224659437 games=3388093 rejected=0 skipped=0 epoch=0 mom=0.9491 lrCyc[pk=9.8e-01,tr=9.9e-04] trainerStep=26300
[LAYER-HEALTH] live trainerStep=26300 scope=batch_norm_state_only reluSites=9/10 ch=1040 dead=0 off=1 alwaysOn=0 worst=blocks.2.bn1(dead 0 off 1 on 0) maxBetaOverGamma=+1.82@policy.pre_bn[61] minBetaOverGamma=-2.25@blocks.2.bn1[11] rvMaxOverMedian=62.9@blocks.1.bn1[14] rezero=none nonFinite=0
[REPLAY] step=26350 loss=3.5129 pLoss=2.7054 vLoss=0.8060 pEnt=2.874 pIllM=0.0015 playedP=0.174 pW=0.47 pD=0.07 pL=0.46 vAbs=0.232 pLogitMean=-10.4188 vLogitMean=0.6072 gNorm=0.252 lr=0.00107 ms=2681.0 buf=500000 plies=225086107 games=3394491 rejected=0 skipped=0 epoch=0 mom=0.9488 lrCyc[pk=9.8e-01,tr=9.9e-04] trainerStep=26350
[LAYER-HEALTH] live trainerStep=26350 scope=batch_norm_state_only reluSites=9/10 ch=1040 dead=0 off=1 alwaysOn=0 worst=blocks.2.bn1(dead 0 off 1 on 0) maxBetaOverGamma=+1.82@policy.pre_bn[61] minBetaOverGamma=-2.25@blocks.2.bn1[11] rvMaxOverMedian=62.8@blocks.1.bn1[14] rezero=none nonFinite=0
[REPLAY] step=26400 loss=3.5209 pLoss=2.7146 vLoss=0.8046 pEnt=2.854 pIllM=0.0016 playedP=0.179 pW=0.47 pD=0.06 pL=0.46 vAbs=0.235 pLogitMean=-10.4191 vLogitMean=0.6071 gNorm=0.246 lr=0.0011 ms=2882.6 buf=500000 plies=225512763 games=3400948 rejected=0 skipped=0 epoch=0 mom=0.9484 lrCyc[pk=9.8e-01,tr=9.9e-04] trainerStep=26400
[LAYER-HEALTH] live trainerStep=26400 scope=batch_norm_state_only reluSites=9/10 ch=1040 dead=0 off=1 alwaysOn=0 worst=blocks.2.bn1(dead 0 off 1 on 0) maxBetaOverGamma=+1.82@policy.pre_bn[61] minBetaOverGamma=-2.25@blocks.2.bn1[11] rvMaxOverMedian=62.8@blocks.1.bn1[14] rezero=none nonFinite=0
[REPLAY] step=26450 loss=3.4824 pLoss=2.6736 vLoss=0.8071 pEnt=2.847 pIllM=0.0016 playedP=0.179 pW=0.47 pD=0.06 pL=0.46 vAbs=0.238 pLogitMean=-10.4187 vLogitMean=0.6071 gNorm=0.243 lr=0.00113 ms=2700.7 buf=500000 plies=225939410 games=3407365 rejected=0 skipped=0 epoch=0 mom=0.9480 lrCyc[pk=9.8e-01,tr=9.9e-04] trainerStep=26450
[LAYER-HEALTH] live trainerStep=26450 scope=batch_norm_state_only reluSites=9/10 ch=1040 dead=0 off=1 alwaysOn=0 worst=blocks.2.bn1(dead 0 off 1 on 0) maxBetaOverGamma=+1.82@policy.pre_bn[61] minBetaOverGamma=-2.25@blocks.2.bn1[11] rvMaxOverMedian=62.8@blocks.1.bn1[14] rezero=none nonFinite=0
[REPLAY] step=26500 loss=3.5480 pLoss=2.7176 vLoss=0.8288 pEnt=2.863 pIllM=0.0016 playedP=0.177 pW=0.47 pD=0.07 pL=0.46 vAbs=0.241 pLogitMean=-10.4199 vLogitMean=0.6100 gNorm=0.256 lr=0.00117 ms=2652.5 buf=500000 plies=226366028 games=3413790 rejected=0 skipped=0 epoch=0 mom=0.9476 lrCyc[pk=9.8e-01,tr=9.9e-04] trainerStep=26500
[LAYER-HEALTH] live trainerStep=26500 scope=batch_norm_state_only reluSites=9/10 ch=1040 dead=0 off=1 alwaysOn=0 worst=blocks.2.bn1(dead 0 off 1 on 0) maxBetaOverGamma=+1.82@policy.pre_bn[61] minBetaOverGamma=-2.25@blocks.2.bn1[11] rvMaxOverMedian=62.6@blocks.1.bn1[14] rezero=none nonFinite=0
[REPLAY] step=26550 loss=3.5395 pLoss=2.7284 vLoss=0.8094 pEnt=2.860 pIllM=0.0017 playedP=0.181 pW=0.47 pD=0.07 pL=0.46 vAbs=0.236 pLogitMean=-10.4184 vLogitMean=0.6094 gNorm=0.255 lr=0.00121 ms=2677.3 buf=500000 plies=226792732 games=3420335 rejected=0 skipped=0 epoch=0 mom=0.9470 lrCyc[pk=9.8e-01,tr=9.9e-04] trainerStep=26550
[LAYER-HEALTH] live trainerStep=26550 scope=batch_norm_state_only reluSites=9/10 ch=1040 dead=0 off=1 alwaysOn=0 worst=blocks.2.bn1(dead 0 off 1 on 0) maxBetaOverGamma=+1.82@policy.pre_bn[61] minBetaOverGamma=-2.25@blocks.2.bn1[11] rvMaxOverMedian=62.7@blocks.1.bn1[14] rezero=none nonFinite=0
[REPLAY] step=26600 loss=3.5721 pLoss=2.7495 vLoss=0.8209 pEnt=2.886 pIllM=0.0016 playedP=0.173 pW=0.47 pD=0.07 pL=0.46 vAbs=0.230 pLogitMean=-10.4187 vLogitMean=0.6069 gNorm=0.261 lr=0.00126 ms=3046.6 buf=500000 plies=227219368 games=3426893 rejected=0 skipped=0 epoch=0 mom=0.9465 lrCyc[pk=9.8e-01,tr=9.9e-04] trainerStep=26600
[LAYER-HEALTH] live trainerStep=26600 scope=batch_norm_state_only reluSites=9/10 ch=1040 dead=0 off=1 alwaysOn=0 worst=blocks.2.bn1(dead 0 off 1 on 0) maxBetaOverGamma=+1.82@policy.pre_bn[61] minBetaOverGamma=-2.25@blocks.2.bn1[11] rvMaxOverMedian=62.9@blocks.1.bn1[14] rezero=none nonFinite=0
[REPLAY] step=26650 loss=3.5582 pLoss=2.7362 vLoss=0.8205 pEnt=2.891 pIllM=0.0016 playedP=0.173 pW=0.47 pD=0.07 pL=0.46 vAbs=0.224 pLogitMean=-10.4194 vLogitMean=0.6067 gNorm=0.243 lr=0.00131 ms=2226.5 buf=500000 plies=227645989 games=3433316 rejected=0 skipped=0 epoch=0 mom=0.9459 lrCyc[pk=9.8e-01,tr=9.9e-04] trainerStep=26650
[LAYER-HEALTH] live trainerStep=26650 scope=batch_norm_state_only reluSites=9/10 ch=1040 dead=0 off=1 alwaysOn=0 worst=blocks.2.bn1(dead 0 off 1 on 0) maxBetaOverGamma=+1.82@policy.pre_bn[61] minBetaOverGamma=-2.25@blocks.2.bn1[11] rvMaxOverMedian=63.0@blocks.1.bn1[14] rezero=none nonFinite=0
[REPLAY] step=26700 loss=3.5223 pLoss=2.7307 vLoss=0.7901 pEnt=2.880 pIllM=0.0015 playedP=0.178 pW=0.47 pD=0.07 pL=0.46 vAbs=0.228 pLogitMean=-10.4195 vLogitMean=0.6081 gNorm=0.251 lr=0.00137 ms=3376.2 buf=500000 plies=228072672 games=3439778 rejected=0 skipped=0 epoch=0 mom=0.9452 lrCyc[pk=9.8e-01,tr=9.9e-04] trainerStep=26700
[LAYER-HEALTH] live trainerStep=26700 scope=batch_norm_state_only reluSites=9/10 ch=1040 dead=0 off=1 alwaysOn=0 worst=blocks.2.bn1(dead 0 off 1 on 0) maxBetaOverGamma=+1.82@policy.pre_bn[61] minBetaOverGamma=-2.25@blocks.2.bn1[11] rvMaxOverMedian=62.7@blocks.1.bn1[14] rezero=none nonFinite=0
[REPLAY] step=26750 loss=3.5287 pLoss=2.7266 vLoss=0.8005 pEnt=2.890 pIllM=0.0016 playedP=0.171 pW=0.47 pD=0.06 pL=0.47 vAbs=0.234 pLogitMean=-10.4205 vLogitMean=0.6083 gNorm=0.264 lr=0.00144 ms=2873.2 buf=500000 plies=228499349 games=3446268 rejected=0 skipped=0 epoch=0 mom=0.9446 lrCyc[pk=9.8e-01,tr=9.9e-04] trainerStep=26750
[LAYER-HEALTH] live trainerStep=26750 scope=batch_norm_state_only reluSites=9/10 ch=1040 dead=0 off=1 alwaysOn=0 worst=blocks.2.bn1(dead 0 off 1 on 0) maxBetaOverGamma=+1.82@policy.pre_bn[61] minBetaOverGamma=-2.25@blocks.2.bn1[11] rvMaxOverMedian=62.5@blocks.1.bn1[14] rezero=none nonFinite=0
[REPLAY] step=26800 loss=3.5382 pLoss=2.7263 vLoss=0.8103 pEnt=2.887 pIllM=0.0016 playedP=0.174 pW=0.47 pD=0.06 pL=0.47 vAbs=0.234 pLogitMean=-10.4192 vLogitMean=0.6094 gNorm=0.260 lr=0.00151 ms=2266.5 buf=500000 plies=228925926 games=3452741 rejected=0 skipped=0 epoch=0 mom=0.9438 lrCyc[pk=9.8e-01,tr=9.9e-04] trainerStep=26800
[LAYER-HEALTH] live trainerStep=26800 scope=batch_norm_state_only reluSites=9/10 ch=1040 dead=0 off=1 alwaysOn=0 worst=blocks.2.bn1(dead 0 off 1 on 0) maxBetaOverGamma=+1.82@policy.pre_bn[61] minBetaOverGamma=-2.25@blocks.2.bn1[11] rvMaxOverMedian=62.6@blocks.1.bn1[14] rezero=none nonFinite=0
[REPLAY] step=26850 loss=3.4992 pLoss=2.7029 vLoss=0.7946 pEnt=2.862 pIllM=0.0017 playedP=0.179 pW=0.47 pD=0.07 pL=0.46 vAbs=0.234 pLogitMean=-10.4183 vLogitMean=0.6095 gNorm=0.246 lr=0.0016 ms=2652.9 buf=500000 plies=229352620 games=3459238 rejected=0 skipped=0 epoch=0 mom=0.9430 lrCyc[pk=9.8e-01,tr=9.9e-04] trainerStep=26850
[LAYER-HEALTH] live trainerStep=26850 scope=batch_norm_state_only reluSites=9/10 ch=1040 dead=0 off=1 alwaysOn=0 worst=blocks.2.bn1(dead 0 off 1 on 0) maxBetaOverGamma=+1.82@policy.pre_bn[61] minBetaOverGamma=-2.25@blocks.2.bn1[11] rvMaxOverMedian=62.5@blocks.1.bn1[14] rezero=none nonFinite=0
[REPLAY] step=26900 loss=3.5057 pLoss=2.7107 vLoss=0.7935 pEnt=2.853 pIllM=0.0016 playedP=0.178 pW=0.47 pD=0.07 pL=0.46 vAbs=0.236 pLogitMean=-10.4177 vLogitMean=0.6095 gNorm=0.243 lr=0.00169 ms=2582.3 buf=500000 plies=229779249 games=3465678 rejected=0 skipped=0 epoch=0 mom=0.9422 lrCyc[pk=9.8e-01,tr=9.9e-04] trainerStep=26900
[LAYER-HEALTH] live trainerStep=26900 scope=batch_norm_state_only reluSites=9/10 ch=1040 dead=0 off=1 alwaysOn=0 worst=blocks.2.bn1(dead 0 off 1 on 0) maxBetaOverGamma=+1.82@policy.pre_bn[61] minBetaOverGamma=-2.24@blocks.2.bn1[11] rvMaxOverMedian=62.5@blocks.1.bn1[14] rezero=none nonFinite=0
[REPLAY] step=26950 loss=3.4875 pLoss=2.6970 vLoss=0.7890 pEnt=2.871 pIllM=0.0016 playedP=0.175 pW=0.47 pD=0.06 pL=0.46 vAbs=0.238 pLogitMean=-10.4188 vLogitMean=0.6083 gNorm=0.253 lr=0.00179 ms=3099.2 buf=500000 plies=230205891 games=3472124 rejected=0 skipped=0 epoch=0 mom=0.9414 lrCyc[pk=9.8e-01,tr=9.9e-04] trainerStep=26950
[LAYER-HEALTH] live trainerStep=26950 scope=batch_norm_state_only reluSites=9/10 ch=1040 dead=0 off=1 alwaysOn=0 worst=blocks.2.bn1(dead 0 off 1 on 0) maxBetaOverGamma=+1.82@policy.pre_bn[61] minBetaOverGamma=-2.24@blocks.2.bn1[11] rvMaxOverMedian=62.4@blocks.1.bn1[14] rezero=none nonFinite=0
[REPLAY] step=27000 loss=3.5061 pLoss=2.7053 vLoss=0.7991 pEnt=2.863 pIllM=0.0017 playedP=0.181 pW=0.47 pD=0.06 pL=0.46 vAbs=0.235 pLogitMean=-10.4180 vLogitMean=0.6086 gNorm=0.263 lr=0.00191 ms=3046.2 buf=500000 plies=230632578 games=3478591 rejected=0 skipped=0 epoch=0 mom=0.9405 lrCyc[pk=9.8e-01,tr=9.9e-04] trainerStep=27000
[LAYER-HEALTH] live trainerStep=27000 scope=batch_norm_state_only reluSites=9/10 ch=1040 dead=0 off=1 alwaysOn=0 worst=blocks.2.bn1(dead 0 off 1 on 0) maxBetaOverGamma=+1.82@policy.pre_bn[61] minBetaOverGamma=-2.24@blocks.2.bn1[11] rvMaxOverMedian=62.5@blocks.1.bn1[14] rezero=none nonFinite=0
[REPLAY] saved trainer model (autosave) step=27000 trainerStep=27000 nextGame=3478591 shard=7 epoch=0 -> 20261005-lrBleaky-cyc1-replay-latest.safetensors
[LAYER-HEALTH] checkpoint replay-autosave step=27000 trainerStep=27000 scope=all_tensors reluSites=9/10 ch=1040 dead=0 off=1 alwaysOn=0 worst=blocks.2.bn1(dead 0 off 1 on 0) maxBetaOverGamma=+1.82@policy.pre_bn[61] minBetaOverGamma=-2.24@blocks.2.bn1[11] rvMaxOverMedian=62.5@blocks.1.bn1[14] rezero=none nonFinite=0 seZeroVel=none valueFC1ZeroVel=0/128 maxAbs=10.32@blocks.1.bn1.running_var
[LAYER-HEALTH]   batch-norm sites — β/|γ|: dead < -3.00, mostly off < -2.00, always on > +3.00; classified for relu/leaky_relu only
[LAYER-HEALTH]     site            act            ch   dead    off     on  zeroγ nonfin  min β/|γ| [ch]     max β/|γ| [ch]     rv max/median [ch]
[LAYER-HEALTH]     stem.bn         -             128    n/a    n/a    n/a      0      0     -1.59 [85]         +0.52 [110]           3.9 [43]
[LAYER-HEALTH]     blocks.0.bn1    relu          128      0      0      0      0      0     -0.84 [53]         +0.29 [18]            6.6 [14]
[LAYER-HEALTH]     blocks.0.bn2    relu          128      0      0      0      0      0     -1.46 [48]         -0.06 [58]            3.2 [33]
[LAYER-HEALTH]     blocks.1.bn1    relu          128      0      0      0      0      0     -1.49 [11]         -0.20 [14]           62.5 [14]
[LAYER-HEALTH]     blocks.1.bn2    relu          128      0      0      0      0      0     -1.99 [29]         -0.27 [49]            8.3 [49]
[LAYER-HEALTH]     blocks.2.bn1    relu          128      0      1      0      0      0     -2.24 [11]         +1.00 [31]           30.1 [76]
[LAYER-HEALTH]     blocks.2.bn2    relu          128      0      0      0      0      0     -1.49 [95]         -0.25 [55]            3.5 [103]
[LAYER-HEALTH]     tower_final_bn  relu          128      0      0      0      0      0     -0.65 [89]         +1.57 [114]           4.2 [31]
[LAYER-HEALTH]     policy.pre_bn   relu          128      0      0      0      0      0     -1.16 [47]         +1.82 [61]            4.7 [22]
[LAYER-HEALTH]     value.bn        leaky_relu     16      0      0      0      0      0     -1.81 [2]          -0.70 [7]             2.2 [1]
[LAYER-HEALTH]   FC hidden-unit velocity — zero: every weight-velocity entry exactly 0; low: nonzero but < 5% of the layer's p90 unit norm
[LAYER-HEALTH]     value.fc1.weight  leaky_relu  units 128  zero 0  low 17  median unit norm 0.00486
[LAYER-HEALTH]     (no SE blocks)
[LAYER-HEALTH]   ReZero: none
[LAYER-HEALTH]   non-finite: 0 values in 0 of 102 tensors (10263038 values examined)
[LAYER-HEALTH]   largest |value|: blocks.1.bn1.running_var 10.32, blocks.0.bn2.running_var 7.8, blocks.2.bn1.running_var 6.233, blocks.1.bn2.running_var 5.95, policy.conv.bias 5.937
[REPLAY] enumerated checkpoint -> 20261005-lrBleaky-cyc1-replay-step27000.safetensors
[REPLAY] step=27050 loss=3.4896 pLoss=2.6807 vLoss=0.8072 pEnt=2.858 pIllM=0.0017 playedP=0.176 pW=0.47 pD=0.07 pL=0.47 vAbs=0.237 pLogitMean=-10.4199 vLogitMean=0.6083 gNorm=0.261 lr=0.00204 ms=2025.4 buf=500000 plies=231059212 games=3485084 rejected=0 skipped=0 epoch=0 mom=0.9395 lrCyc[pk=9.8e-01,tr=9.9e-04] trainerStep=27050
[LAYER-HEALTH] live trainerStep=27050 scope=batch_norm_state_only reluSites=9/10 ch=1040 dead=0 off=1 alwaysOn=0 worst=blocks.2.bn1(dead 0 off 1 on 0) maxBetaOverGamma=+1.82@policy.pre_bn[61] minBetaOverGamma=-2.24@blocks.2.bn1[11] rvMaxOverMedian=62.7@blocks.1.bn1[14] rezero=none nonFinite=0
[REPLAY] step=27100 loss=3.5018 pLoss=2.7064 vLoss=0.7937 pEnt=2.859 pIllM=0.0017 playedP=0.178 pW=0.47 pD=0.07 pL=0.46 vAbs=0.240 pLogitMean=-10.4205 vLogitMean=0.6070 gNorm=0.251 lr=0.00218 ms=2754.3 buf=500000 plies=231485837 games=3491472 rejected=0 skipped=0 epoch=0 mom=0.9385 lrCyc[pk=9.8e-01,tr=9.9e-04] trainerStep=27100
[LAYER-HEALTH] live trainerStep=27100 scope=batch_norm_state_only reluSites=9/10 ch=1040 dead=0 off=1 alwaysOn=0 worst=blocks.2.bn1(dead 0 off 1 on 0) maxBetaOverGamma=+1.82@policy.pre_bn[61] minBetaOverGamma=-2.24@blocks.2.bn1[11] rvMaxOverMedian=62.9@blocks.1.bn1[14] rezero=none nonFinite=0
[REPLAY] step=27150 loss=3.5096 pLoss=2.6983 vLoss=0.8097 pEnt=2.862 pIllM=0.0016 playedP=0.181 pW=0.47 pD=0.06 pL=0.46 vAbs=0.235 pLogitMean=-10.4185 vLogitMean=0.6098 gNorm=0.245 lr=0.00234 ms=2548.2 buf=500000 plies=231912500 games=3497979 rejected=0 skipped=0 epoch=0 mom=0.9375 lrCyc[pk=9.8e-01,tr=9.9e-04] trainerStep=27150
[LAYER-HEALTH] live trainerStep=27150 scope=batch_norm_state_only reluSites=9/10 ch=1040 dead=0 off=1 alwaysOn=0 worst=blocks.2.bn1(dead 0 off 1 on 0) maxBetaOverGamma=+1.82@policy.pre_bn[61] minBetaOverGamma=-2.24@blocks.2.bn1[11] rvMaxOverMedian=62.8@blocks.1.bn1[14] rezero=none nonFinite=0
[REPLAY] step=27200 loss=3.5115 pLoss=2.7078 vLoss=0.8019 pEnt=2.849 pIllM=0.0018 playedP=0.180 pW=0.47 pD=0.06 pL=0.47 vAbs=0.232 pLogitMean=-10.4186 vLogitMean=0.6096 gNorm=0.242 lr=0.00252 ms=2316.5 buf=500000 plies=232339208 games=3504414 rejected=0 skipped=0 epoch=0 mom=0.9365 lrCyc[pk=9.8e-01,tr=9.9e-04] trainerStep=27200
[LAYER-HEALTH] live trainerStep=27200 scope=batch_norm_state_only reluSites=9/10 ch=1040 dead=0 off=1 alwaysOn=0 worst=blocks.2.bn1(dead 0 off 1 on 0) maxBetaOverGamma=+1.82@policy.pre_bn[61] minBetaOverGamma=-2.25@blocks.2.bn1[11] rvMaxOverMedian=63.1@blocks.1.bn1[14] rezero=none nonFinite=0
[REPLAY] step=27250 loss=3.5132 pLoss=2.7035 vLoss=0.8081 pEnt=2.848 pIllM=0.0016 playedP=0.180 pW=0.47 pD=0.07 pL=0.46 vAbs=0.228 pLogitMean=-10.4198 vLogitMean=0.6068 gNorm=0.247 lr=0.00271 ms=2829.8 buf=500000 plies=232765787 games=3510844 rejected=0 skipped=0 epoch=0 mom=0.9354 lrCyc[pk=9.8e-01,tr=9.9e-04] trainerStep=27250
[LAYER-HEALTH] live trainerStep=27250 scope=batch_norm_state_only reluSites=9/10 ch=1040 dead=0 off=1 alwaysOn=0 worst=blocks.2.bn1(dead 0 off 1 on 0) maxBetaOverGamma=+1.82@policy.pre_bn[61] minBetaOverGamma=-2.25@blocks.2.bn1[11] rvMaxOverMedian=63.3@blocks.1.bn1[14] rezero=none nonFinite=0
[REPLAY] step=27300 loss=3.4951 pLoss=2.7051 vLoss=0.7882 pEnt=2.848 pIllM=0.0019 playedP=0.181 pW=0.47 pD=0.06 pL=0.47 vAbs=0.240 pLogitMean=-10.4188 vLogitMean=0.6097 gNorm=0.253 lr=0.00293 ms=2761.2 buf=500000 plies=233192462 games=3517290 rejected=0 skipped=0 epoch=0 mom=0.9342 lrCyc[pk=9.8e-01,tr=9.9e-04] trainerStep=27300
[LAYER-HEALTH] live trainerStep=27300 scope=batch_norm_state_only reluSites=9/10 ch=1040 dead=0 off=1 alwaysOn=0 worst=blocks.2.bn1(dead 0 off 1 on 0) maxBetaOverGamma=+1.82@policy.pre_bn[61] minBetaOverGamma=-2.25@blocks.2.bn1[11] rvMaxOverMedian=63.2@blocks.1.bn1[14] rezero=none nonFinite=0
[REPLAY] step=27350 loss=3.5440 pLoss=2.7315 vLoss=0.8106 pEnt=2.856 pIllM=0.0019 playedP=0.178 pW=0.47 pD=0.07 pL=0.47 vAbs=0.235 pLogitMean=-10.4198 vLogitMean=0.6081 gNorm=0.251 lr=0.00318 ms=2429.1 buf=500000 plies=233619117 games=3523699 rejected=0 skipped=0 epoch=0 mom=0.9331 lrCyc[pk=9.8e-01,tr=9.9e-04] trainerStep=27350
[LAYER-HEALTH] live trainerStep=27350 scope=batch_norm_state_only reluSites=9/10 ch=1040 dead=0 off=1 alwaysOn=0 worst=blocks.2.bn1(dead 0 off 1 on 0) maxBetaOverGamma=+1.82@policy.pre_bn[61] minBetaOverGamma=-2.25@blocks.2.bn1[11] rvMaxOverMedian=63.2@blocks.1.bn1[14] rezero=none nonFinite=0
[REPLAY] step=27400 loss=3.5435 pLoss=2.7371 vLoss=0.8048 pEnt=2.870 pIllM=0.0017 playedP=0.176 pW=0.47 pD=0.07 pL=0.46 vAbs=0.236 pLogitMean=-10.4212 vLogitMean=0.6092 gNorm=0.252 lr=0.00345 ms=2772.6 buf=500000 plies=234045755 games=3530079 rejected=0 skipped=0 epoch=0 mom=0.9319 lrCyc[pk=9.8e-01,tr=9.9e-04] trainerStep=27400
[LAYER-HEALTH] live trainerStep=27400 scope=batch_norm_state_only reluSites=9/10 ch=1040 dead=0 off=1 alwaysOn=0 worst=blocks.2.bn1(dead 0 off 1 on 0) maxBetaOverGamma=+1.82@policy.pre_bn[61] minBetaOverGamma=-2.24@blocks.2.bn1[11] rvMaxOverMedian=63.1@blocks.1.bn1[14] rezero=none nonFinite=0
[REPLAY] step=27450 loss=3.4982 pLoss=2.6866 vLoss=0.8099 pEnt=2.854 pIllM=0.0017 playedP=0.181 pW=0.47 pD=0.07 pL=0.46 vAbs=0.230 pLogitMean=-10.4198 vLogitMean=0.6068 gNorm=0.242 lr=0.00375 ms=2218.4 buf=500000 plies=234472436 games=3536533 rejected=0 skipped=0 epoch=0 mom=0.9307 lrCyc[pk=9.8e-01,tr=9.9e-04] trainerStep=27450
[LAYER-HEALTH] live trainerStep=27450 scope=batch_norm_state_only reluSites=9/10 ch=1040 dead=0 off=1 alwaysOn=0 worst=blocks.2.bn1(dead 0 off 1 on 0) maxBetaOverGamma=+1.82@policy.pre_bn[61] minBetaOverGamma=-2.24@blocks.2.bn1[11] rvMaxOverMedian=63.0@blocks.1.bn1[14] rezero=none nonFinite=0
[REPLAY] step=27500 loss=3.5043 pLoss=2.7151 vLoss=0.7871 pEnt=2.870 pIllM=0.0021 playedP=0.176 pW=0.47 pD=0.07 pL=0.46 vAbs=0.243 pLogitMean=-10.4197 vLogitMean=0.6085 gNorm=0.251 lr=0.00409 ms=2607.3 buf=500000 plies=234899070 games=3543010 rejected=0 skipped=0 epoch=0 mom=0.9294 lrCyc[pk=9.8e-01,tr=9.9e-04] trainerStep=27500
[LAYER-HEALTH] live trainerStep=27500 scope=batch_norm_state_only reluSites=9/10 ch=1040 dead=0 off=1 alwaysOn=0 worst=blocks.2.bn1(dead 0 off 1 on 0) maxBetaOverGamma=+1.82@policy.pre_bn[61] minBetaOverGamma=-2.24@blocks.2.bn1[11] rvMaxOverMedian=63.1@blocks.1.bn1[14] rezero=none nonFinite=0
[REPLAY] step=27550 loss=3.5076 pLoss=2.7176 vLoss=0.7881 pEnt=2.859 pIllM=0.0018 playedP=0.179 pW=0.47 pD=0.06 pL=0.46 vAbs=0.231 pLogitMean=-10.4203 vLogitMean=0.6096 gNorm=0.259 lr=0.00447 ms=3085.2 buf=500000 plies=235325706 games=3549463 rejected=0 skipped=0 epoch=0 mom=0.9281 lrCyc[pk=9.8e-01,tr=9.9e-04] trainerStep=27550
[LAYER-HEALTH] live trainerStep=27550 scope=batch_norm_state_only reluSites=9/10 ch=1040 dead=0 off=1 alwaysOn=0 worst=blocks.2.bn1(dead 0 off 1 on 0) maxBetaOverGamma=+1.82@policy.pre_bn[61] minBetaOverGamma=-2.24@blocks.2.bn1[11] rvMaxOverMedian=63.1@blocks.1.bn1[14] rezero=none nonFinite=0
[REPLAY] step=27600 loss=3.5523 pLoss=2.7349 vLoss=0.8157 pEnt=2.855 pIllM=0.0016 playedP=0.178 pW=0.47 pD=0.07 pL=0.46 vAbs=0.225 pLogitMean=-10.4185 vLogitMean=0.6109 gNorm=0.256 lr=0.00489 ms=2767.6 buf=500000 plies=235752397 games=3555899 rejected=0 skipped=0 epoch=0 mom=0.9268 lrCyc[pk=9.8e-01,tr=9.9e-04] trainerStep=27600
[LAYER-HEALTH] live trainerStep=27600 scope=batch_norm_state_only reluSites=9/10 ch=1040 dead=0 off=1 alwaysOn=0 worst=blocks.2.bn1(dead 0 off 1 on 0) maxBetaOverGamma=+1.82@policy.pre_bn[61] minBetaOverGamma=-2.24@blocks.2.bn1[11] rvMaxOverMedian=63.1@blocks.1.bn1[14] rezero=none nonFinite=0
[REPLAY] step=27650 loss=3.5001 pLoss=2.6926 vLoss=0.8060 pEnt=2.870 pIllM=0.0016 playedP=0.176 pW=0.47 pD=0.07 pL=0.46 vAbs=0.238 pLogitMean=-10.4170 vLogitMean=0.6069 gNorm=0.249 lr=0.00537 ms=2822.0 buf=500000 plies=236178970 games=3562347 rejected=0 skipped=0 epoch=0 mom=0.9255 lrCyc[pk=9.8e-01,tr=9.9e-04] trainerStep=27650
[LAYER-HEALTH] live trainerStep=27650 scope=batch_norm_state_only reluSites=9/10 ch=1040 dead=0 off=1 alwaysOn=0 worst=blocks.2.bn1(dead 0 off 1 on 0) maxBetaOverGamma=+1.82@policy.pre_bn[61] minBetaOverGamma=-2.24@blocks.2.bn1[11] rvMaxOverMedian=63.2@blocks.1.bn1[14] rezero=none nonFinite=0
[REPLAY] step=27700 loss=3.5205 pLoss=2.7173 vLoss=0.8016 pEnt=2.859 pIllM=0.0016 playedP=0.180 pW=0.47 pD=0.07 pL=0.46 vAbs=0.220 pLogitMean=-10.4170 vLogitMean=0.6064 gNorm=0.253 lr=0.0059 ms=3034.4 buf=500000 plies=236605642 games=3568768 rejected=0 skipped=0 epoch=0 mom=0.9241 lrCyc[pk=9.8e-01,tr=9.9e-04] trainerStep=27700
[LAYER-HEALTH] live trainerStep=27700 scope=batch_norm_state_only reluSites=9/10 ch=1040 dead=0 off=1 alwaysOn=0 worst=blocks.2.bn1(dead 0 off 1 on 0) maxBetaOverGamma=+1.82@policy.pre_bn[61] minBetaOverGamma=-2.24@blocks.2.bn1[11] rvMaxOverMedian=63.4@blocks.1.bn1[14] rezero=none nonFinite=0
[REPLAY] step=27750 loss=3.5310 pLoss=2.7180 vLoss=0.8116 pEnt=2.865 pIllM=0.0014 playedP=0.178 pW=0.47 pD=0.07 pL=0.46 vAbs=0.235 pLogitMean=-10.4249 vLogitMean=0.6080 gNorm=0.253 lr=0.00649 ms=2814.1 buf=500000 plies=237032283 games=3575148 rejected=0 skipped=0 epoch=0 mom=0.9227 lrCyc[pk=9.8e-01,tr=9.9e-04] trainerStep=27750
[LAYER-HEALTH] live trainerStep=27750 scope=batch_norm_state_only reluSites=9/10 ch=1040 dead=0 off=1 alwaysOn=0 worst=blocks.2.bn1(dead 0 off 1 on 0) maxBetaOverGamma=+1.82@policy.pre_bn[61] minBetaOverGamma=-2.24@blocks.2.bn1[11] rvMaxOverMedian=63.0@blocks.1.bn1[14] rezero=none nonFinite=0
[REPLAY] step=27800 loss=3.5106 pLoss=2.7141 vLoss=0.7950 pEnt=2.874 pIllM=0.0015 playedP=0.178 pW=0.47 pD=0.06 pL=0.46 vAbs=0.234 pLogitMean=-10.4245 vLogitMean=0.6081 gNorm=0.252 lr=0.00715 ms=3100.9 buf=500000 plies=237458949 games=3581575 rejected=0 skipped=0 epoch=0 mom=0.9213 lrCyc[pk=9.8e-01,tr=9.9e-04] trainerStep=27800
[LAYER-HEALTH] live trainerStep=27800 scope=batch_norm_state_only reluSites=9/10 ch=1040 dead=0 off=1 alwaysOn=0 worst=blocks.2.bn1(dead 0 off 1 on 0) maxBetaOverGamma=+1.82@policy.pre_bn[61] minBetaOverGamma=-2.24@blocks.2.bn1[11] rvMaxOverMedian=63.0@blocks.1.bn1[14] rezero=none nonFinite=0
[REPLAY] step=27850 loss=3.4945 pLoss=2.6877 vLoss=0.8052 pEnt=2.863 pIllM=0.0016 playedP=0.178 pW=0.47 pD=0.06 pL=0.47 vAbs=0.242 pLogitMean=-10.4270 vLogitMean=0.6094 gNorm=0.272 lr=0.00789 ms=2917.9 buf=500000 plies=237885646 games=3588036 rejected=0 skipped=0 epoch=0 mom=0.9199 lrCyc[pk=9.8e-01,tr=9.9e-04] trainerStep=27850
[LAYER-HEALTH] live trainerStep=27850 scope=batch_norm_state_only reluSites=9/10 ch=1040 dead=0 off=1 alwaysOn=0 worst=blocks.2.bn1(dead 0 off 1 on 0) maxBetaOverGamma=+1.82@policy.pre_bn[61] minBetaOverGamma=-2.24@blocks.2.bn1[11] rvMaxOverMedian=63.5@blocks.1.bn1[14] rezero=none nonFinite=0
[REPLAY] step=27900 loss=3.5239 pLoss=2.7174 vLoss=0.8050 pEnt=2.870 pIllM=0.0015 playedP=0.176 pW=0.47 pD=0.07 pL=0.46 vAbs=0.239 pLogitMean=-10.4245 vLogitMean=0.6090 gNorm=0.253 lr=0.00872 ms=3225.9 buf=500000 plies=238312242 games=3594450 rejected=0 skipped=0 epoch=0 mom=0.9184 lrCyc[pk=9.8e-01,tr=9.9e-04] trainerStep=27900
[LAYER-HEALTH] live trainerStep=27900 scope=batch_norm_state_only reluSites=9/10 ch=1040 dead=0 off=1 alwaysOn=0 worst=blocks.2.bn1(dead 0 off 1 on 0) maxBetaOverGamma=+1.82@policy.pre_bn[61] minBetaOverGamma=-2.24@blocks.2.bn1[11] rvMaxOverMedian=63.9@blocks.1.bn1[14] rezero=none nonFinite=0
[REPLAY] step=27950 loss=3.5087 pLoss=2.7091 vLoss=0.7982 pEnt=2.861 pIllM=0.0014 playedP=0.176 pW=0.47 pD=0.07 pL=0.46 vAbs=0.233 pLogitMean=-10.4237 vLogitMean=0.6090 gNorm=0.238 lr=0.00965 ms=2704.0 buf=500000 plies=238738950 games=3600934 rejected=0 skipped=0 epoch=0 mom=0.9170 lrCyc[pk=9.8e-01,tr=9.9e-04] trainerStep=27950
[LAYER-HEALTH] live trainerStep=27950 scope=batch_norm_state_only reluSites=9/10 ch=1040 dead=0 off=1 alwaysOn=0 worst=blocks.2.bn1(dead 0 off 1 on 0) maxBetaOverGamma=+1.82@policy.pre_bn[61] minBetaOverGamma=-2.24@blocks.2.bn1[11] rvMaxOverMedian=64.3@blocks.1.bn1[14] rezero=none nonFinite=0
[REPLAY] step=28000 loss=3.4978 pLoss=2.6965 vLoss=0.7997 pEnt=2.857 pIllM=0.0016 playedP=0.176 pW=0.47 pD=0.07 pL=0.46 vAbs=0.237 pLogitMean=-10.4242 vLogitMean=0.6069 gNorm=0.270 lr=0.0107 ms=2790.5 buf=500000 plies=239165604 games=3607314 rejected=0 skipped=0 epoch=0 mom=0.9155 lrCyc[pk=9.8e-01,tr=9.9e-04] trainerStep=28000
[LAYER-HEALTH] live trainerStep=28000 scope=batch_norm_state_only reluSites=9/10 ch=1040 dead=0 off=1 alwaysOn=0 worst=blocks.2.bn1(dead 0 off 1 on 0) maxBetaOverGamma=+1.82@policy.pre_bn[61] minBetaOverGamma=-2.24@blocks.2.bn1[11] rvMaxOverMedian=63.9@blocks.1.bn1[14] rezero=none nonFinite=0
[REPLAY] saved trainer model (autosave) step=28000 trainerStep=28000 nextGame=3607314 shard=7 epoch=0 -> 20261005-lrBleaky-cyc1-replay-latest.safetensors
[LAYER-HEALTH] checkpoint replay-autosave step=28000 trainerStep=28000 scope=all_tensors reluSites=9/10 ch=1040 dead=0 off=1 alwaysOn=0 worst=blocks.2.bn1(dead 0 off 1 on 0) maxBetaOverGamma=+1.82@policy.pre_bn[61] minBetaOverGamma=-2.24@blocks.2.bn1[11] rvMaxOverMedian=63.9@blocks.1.bn1[14] rezero=none nonFinite=0 seZeroVel=none valueFC1ZeroVel=0/128 maxAbs=10.37@blocks.1.bn1.running_var
[LAYER-HEALTH]   batch-norm sites — β/|γ|: dead < -3.00, mostly off < -2.00, always on > +3.00; classified for relu/leaky_relu only
[LAYER-HEALTH]     site            act            ch   dead    off     on  zeroγ nonfin  min β/|γ| [ch]     max β/|γ| [ch]     rv max/median [ch]
[LAYER-HEALTH]     stem.bn         -             128    n/a    n/a    n/a      0      0     -1.59 [85]         +0.52 [110]           4.0 [43]
[LAYER-HEALTH]     blocks.0.bn1    relu          128      0      0      0      0      0     -0.84 [53]         +0.30 [18]            6.6 [14]
[LAYER-HEALTH]     blocks.0.bn2    relu          128      0      0      0      0      0     -1.46 [48]         -0.06 [58]            3.2 [33]
[LAYER-HEALTH]     blocks.1.bn1    relu          128      0      0      0      0      0     -1.48 [11]         -0.20 [14]           63.9 [14]
[LAYER-HEALTH]     blocks.1.bn2    relu          128      0      0      0      0      0     -1.99 [29]         -0.27 [49]            8.3 [49]
[LAYER-HEALTH]     blocks.2.bn1    relu          128      0      1      0      0      0     -2.24 [11]         +1.01 [31]           30.5 [76]
[LAYER-HEALTH]     blocks.2.bn2    relu          128      0      0      0      0      0     -1.49 [95]         -0.25 [55]            3.5 [103]
[LAYER-HEALTH]     tower_final_bn  relu          128      0      0      0      0      0     -0.65 [89]         +1.57 [114]           4.2 [31]
[LAYER-HEALTH]     policy.pre_bn   relu          128      0      0      0      0      0     -1.16 [47]         +1.82 [61]            4.8 [22]
[LAYER-HEALTH]     value.bn        leaky_relu     16      0      0      0      0      0     -1.83 [2]          -0.70 [1]             2.2 [1]
[LAYER-HEALTH]   FC hidden-unit velocity — zero: every weight-velocity entry exactly 0; low: nonzero but < 5% of the layer's p90 unit norm
[LAYER-HEALTH]     value.fc1.weight  leaky_relu  units 128  zero 0  low 21  median unit norm 0.004867
[LAYER-HEALTH]     (no SE blocks)
[LAYER-HEALTH]   ReZero: none
[LAYER-HEALTH]   non-finite: 0 values in 0 of 102 tensors (10263038 values examined)
[LAYER-HEALTH]   largest |value|: blocks.1.bn1.running_var 10.37, blocks.0.bn2.running_var 7.784, blocks.2.bn1.running_var 6.302, blocks.1.bn2.running_var 6.005, policy.conv.bias 5.942
[REPLAY] enumerated checkpoint -> 20261005-lrBleaky-cyc1-replay-step28000.safetensors
[REPLAY] step=28050 loss=3.4962 pLoss=2.6989 vLoss=0.7958 pEnt=2.876 pIllM=0.0015 playedP=0.180 pW=0.47 pD=0.07 pL=0.46 vAbs=0.235 pLogitMean=-10.4228 vLogitMean=0.6093 gNorm=0.254 lr=0.0119 ms=3049.3 buf=500000 plies=239592232 games=3613786 rejected=0 skipped=0 epoch=0 mom=0.9140 lrCyc[pk=9.8e-01,tr=9.9e-04] trainerStep=28050
[LAYER-HEALTH] live trainerStep=28050 scope=batch_norm_state_only reluSites=9/10 ch=1040 dead=0 off=1 alwaysOn=0 worst=blocks.2.bn1(dead 0 off 1 on 0) maxBetaOverGamma=+1.82@policy.pre_bn[61] minBetaOverGamma=-2.24@blocks.2.bn1[11] rvMaxOverMedian=63.7@blocks.1.bn1[14] rezero=none nonFinite=0
[REPLAY] step=28100 loss=3.5697 pLoss=2.7406 vLoss=0.8276 pEnt=2.871 pIllM=0.0015 playedP=0.176 pW=0.47 pD=0.07 pL=0.46 vAbs=0.218 pLogitMean=-10.4233 vLogitMean=0.6074 gNorm=0.264 lr=0.0132 ms=2244.7 buf=500000 plies=240018882 games=3620229 rejected=0 skipped=0 epoch=0 mom=0.9125 lrCyc[pk=9.8e-01,tr=9.9e-04] trainerStep=28100
[LAYER-HEALTH] live trainerStep=28100 scope=batch_norm_state_only reluSites=9/10 ch=1040 dead=0 off=1 alwaysOn=0 worst=blocks.2.bn1(dead 0 off 1 on 0) maxBetaOverGamma=+1.82@policy.pre_bn[61] minBetaOverGamma=-2.24@blocks.2.bn1[11] rvMaxOverMedian=63.9@blocks.1.bn1[14] rezero=none nonFinite=0
[REPLAY] step=28150 loss=3.4917 pLoss=2.6786 vLoss=0.8114 pEnt=2.869 pIllM=0.0017 playedP=0.174 pW=0.47 pD=0.07 pL=0.46 vAbs=0.237 pLogitMean=-10.4217 vLogitMean=0.6085 gNorm=0.258 lr=0.0146 ms=2952.9 buf=500000 plies=240445544 games=3626692 rejected=0 skipped=0 epoch=0 mom=0.9110 lrCyc[pk=9.8e-01,tr=9.9e-04] trainerStep=28150
[LAYER-HEALTH] live trainerStep=28150 scope=batch_norm_state_only reluSites=9/10 ch=1040 dead=0 off=1 alwaysOn=0 worst=blocks.2.bn1(dead 0 off 1 on 0) maxBetaOverGamma=+1.82@policy.pre_bn[61] minBetaOverGamma=-2.23@blocks.2.bn1[11] rvMaxOverMedian=63.8@blocks.1.bn1[14] rezero=none nonFinite=0
[REPLAY] step=28200 loss=3.5053 pLoss=2.7131 vLoss=0.7907 pEnt=2.880 pIllM=0.0015 playedP=0.169 pW=0.47 pD=0.06 pL=0.47 vAbs=0.248 pLogitMean=-10.4254 vLogitMean=0.6079 gNorm=0.272 lr=0.0163 ms=2872.6 buf=500000 plies=240872165 games=3633205 rejected=0 skipped=0 epoch=0 mom=0.9094 lrCyc[pk=9.8e-01,tr=9.9e-04] trainerStep=28200
[LAYER-HEALTH] live trainerStep=28200 scope=batch_norm_state_only reluSites=9/10 ch=1040 dead=0 off=1 alwaysOn=0 worst=blocks.2.bn1(dead 0 off 1 on 0) maxBetaOverGamma=+1.82@policy.pre_bn[61] minBetaOverGamma=-2.23@blocks.2.bn1[11] rvMaxOverMedian=64.1@blocks.1.bn1[14] rezero=none nonFinite=0
[REPLAY] step=28250 loss=3.5373 pLoss=2.7291 vLoss=0.8066 pEnt=2.861 pIllM=0.0016 playedP=0.179 pW=0.47 pD=0.06 pL=0.47 vAbs=0.233 pLogitMean=-10.4242 vLogitMean=0.6092 gNorm=0.249 lr=0.0181 ms=3041.1 buf=500000 plies=241298775 games=3639674 rejected=0 skipped=0 epoch=0 mom=0.9079 lrCyc[pk=9.8e-01,tr=9.9e-04] trainerStep=28250
[LAYER-HEALTH] live trainerStep=28250 scope=batch_norm_state_only reluSites=9/10 ch=1040 dead=0 off=1 alwaysOn=0 worst=blocks.2.bn1(dead 0 off 1 on 0) maxBetaOverGamma=+1.82@policy.pre_bn[61] minBetaOverGamma=-2.23@blocks.2.bn1[11] rvMaxOverMedian=64.4@blocks.1.bn1[14] rezero=none nonFinite=0
[REPLAY] step=28300 loss=3.5038 pLoss=2.6988 vLoss=0.8031 pEnt=2.845 pIllM=0.0019 playedP=0.181 pW=0.47 pD=0.07 pL=0.46 vAbs=0.239 pLogitMean=-10.4223 vLogitMean=0.6080 gNorm=0.263 lr=0.0201 ms=2881.7 buf=500000 plies=241725565 games=3646210 rejected=0 skipped=0 epoch=0 mom=0.9063 lrCyc[pk=9.8e-01,tr=9.9e-04] trainerStep=28300
[LAYER-HEALTH] live trainerStep=28300 scope=batch_norm_state_only reluSites=9/10 ch=1040 dead=0 off=1 alwaysOn=0 worst=blocks.2.bn1(dead 0 off 1 on 0) maxBetaOverGamma=+1.82@policy.pre_bn[61] minBetaOverGamma=-2.23@blocks.2.bn1[11] rvMaxOverMedian=64.3@blocks.1.bn1[14] rezero=none nonFinite=0
[REPLAY] step=28350 loss=3.4568 pLoss=2.6690 vLoss=0.7862 pEnt=2.851 pIllM=0.0017 playedP=0.181 pW=0.47 pD=0.07 pL=0.47 vAbs=0.242 pLogitMean=-10.4280 vLogitMean=0.6089 gNorm=0.255 lr=0.0224 ms=2198.6 buf=500000 plies=242152116 games=3652674 rejected=0 skipped=0 epoch=0 mom=0.9048 lrCyc[pk=9.8e-01,tr=9.9e-04] trainerStep=28350
[LAYER-HEALTH] live trainerStep=28350 scope=batch_norm_state_only reluSites=9/10 ch=1040 dead=0 off=1 alwaysOn=0 worst=blocks.2.bn1(dead 0 off 1 on 0) maxBetaOverGamma=+1.82@policy.pre_bn[61] minBetaOverGamma=-2.23@blocks.2.bn1[11] rvMaxOverMedian=64.3@blocks.1.bn1[14] rezero=none nonFinite=0
[REPLAY] step=28400 loss=3.5335 pLoss=2.7214 vLoss=0.8106 pEnt=2.874 pIllM=0.0015 playedP=0.177 pW=0.47 pD=0.07 pL=0.46 vAbs=0.243 pLogitMean=-10.4274 vLogitMean=0.6059 gNorm=0.255 lr=0.025 ms=2322.0 buf=500000 plies=242578721 games=3659121 rejected=0 skipped=0 epoch=0 mom=0.9032 lrCyc[pk=9.8e-01,tr=9.9e-04] trainerStep=28400
[LAYER-HEALTH] live trainerStep=28400 scope=batch_norm_state_only reluSites=9/10 ch=1040 dead=0 off=2 alwaysOn=0 worst=blocks.1.bn2(dead 0 off 1 on 0) maxBetaOverGamma=+1.82@policy.pre_bn[61] minBetaOverGamma=-2.23@blocks.2.bn1[11] rvMaxOverMedian=64.8@blocks.1.bn1[14] rezero=none nonFinite=0
[REPLAY] step=28450 loss=3.4936 pLoss=2.6835 vLoss=0.8086 pEnt=2.862 pIllM=0.0014 playedP=0.177 pW=0.47 pD=0.07 pL=0.47 vAbs=0.245 pLogitMean=-10.4269 vLogitMean=0.6084 gNorm=0.258 lr=0.0278 ms=2268.2 buf=500000 plies=243005372 games=3665548 rejected=0 skipped=0 epoch=0 mom=0.9016 lrCyc[pk=9.8e-01,tr=9.9e-04] trainerStep=28450
[LAYER-HEALTH] live trainerStep=28450 scope=batch_norm_state_only reluSites=9/10 ch=1040 dead=0 off=2 alwaysOn=0 worst=blocks.1.bn2(dead 0 off 1 on 0) maxBetaOverGamma=+1.81@policy.pre_bn[61] minBetaOverGamma=-2.23@blocks.2.bn1[11] rvMaxOverMedian=64.4@blocks.1.bn1[14] rezero=none nonFinite=0
[REPLAY] step=28500 loss=3.4898 pLoss=2.6902 vLoss=0.7980 pEnt=2.867 pIllM=0.0017 playedP=0.173 pW=0.46 pD=0.06 pL=0.47 vAbs=0.235 pLogitMean=-10.4305 vLogitMean=0.6084 gNorm=0.271 lr=0.031 ms=2593.3 buf=500000 plies=243432048 games=3671991 rejected=0 skipped=0 epoch=0 mom=0.9001 lrCyc[pk=9.7e-01,tr=9.9e-04] trainerStep=28500
[LAYER-HEALTH] live trainerStep=28500 scope=batch_norm_state_only reluSites=9/10 ch=1040 dead=0 off=2 alwaysOn=0 worst=blocks.1.bn2(dead 0 off 1 on 0) maxBetaOverGamma=+1.81@policy.pre_bn[61] minBetaOverGamma=-2.24@blocks.2.bn1[11] rvMaxOverMedian=64.1@blocks.1.bn1[14] rezero=none nonFinite=0
[REPLAY] step=28550 loss=3.4799 pLoss=2.6837 vLoss=0.7947 pEnt=2.852 pIllM=0.0016 playedP=0.177 pW=0.48 pD=0.06 pL=0.46 vAbs=0.243 pLogitMean=-10.4258 vLogitMean=0.6075 gNorm=0.269 lr=0.0346 ms=2323.0 buf=500000 plies=243858716 games=3678427 rejected=0 skipped=0 epoch=0 mom=0.8985 lrCyc[pk=9.7e-01,tr=9.9e-04] trainerStep=28550
[LAYER-HEALTH] live trainerStep=28550 scope=batch_norm_state_only reluSites=9/10 ch=1040 dead=0 off=2 alwaysOn=0 worst=blocks.1.bn2(dead 0 off 1 on 0) maxBetaOverGamma=+1.81@policy.pre_bn[61] minBetaOverGamma=-2.24@blocks.2.bn1[11] rvMaxOverMedian=63.7@blocks.1.bn1[14] rezero=none nonFinite=0
[REPLAY] step=28600 loss=3.4975 pLoss=2.6986 vLoss=0.7971 pEnt=2.860 pIllM=0.0018 playedP=0.178 pW=0.47 pD=0.06 pL=0.47 vAbs=0.247 pLogitMean=-10.4241 vLogitMean=0.6075 gNorm=0.263 lr=0.0385 ms=2372.5 buf=500000 plies=244285357 games=3684910 rejected=0 skipped=0 epoch=0 mom=0.8969 lrCyc[pk=9.7e-01,tr=9.9e-04] trainerStep=28600
[LAYER-HEALTH] live trainerStep=28600 scope=batch_norm_state_only reluSites=9/10 ch=1040 dead=0 off=2 alwaysOn=0 worst=blocks.1.bn2(dead 0 off 1 on 0) maxBetaOverGamma=+1.81@policy.pre_bn[61] minBetaOverGamma=-2.24@blocks.2.bn1[11] rvMaxOverMedian=64.0@blocks.1.bn1[14] rezero=none nonFinite=0
[REPLAY] step=28650 loss=3.5291 pLoss=2.7111 vLoss=0.8163 pEnt=2.851 pIllM=0.0017 playedP=0.177 pW=0.46 pD=0.07 pL=0.47 vAbs=0.236 pLogitMean=-10.4241 vLogitMean=0.6072 gNorm=0.259 lr=0.0429 ms=2571.6 buf=500000 plies=244711971 games=3691341 rejected=0 skipped=0 epoch=0 mom=0.8954 lrCyc[pk=9.7e-01,tr=9.9e-04] trainerStep=28650
[LAYER-HEALTH] live trainerStep=28650 scope=batch_norm_state_only reluSites=9/10 ch=1040 dead=0 off=2 alwaysOn=0 worst=blocks.1.bn2(dead 0 off 1 on 0) maxBetaOverGamma=+1.81@policy.pre_bn[61] minBetaOverGamma=-2.25@blocks.2.bn1[11] rvMaxOverMedian=63.6@blocks.1.bn1[14] rezero=none nonFinite=0
[REPLAY] step=28700 loss=3.5239 pLoss=2.7156 vLoss=0.8066 pEnt=2.853 pIllM=0.0018 playedP=0.178 pW=0.47 pD=0.07 pL=0.46 vAbs=0.234 pLogitMean=-10.4260 vLogitMean=0.6074 gNorm=0.266 lr=0.0478 ms=2783.3 buf=500000 plies=245138654 games=3697797 rejected=0 skipped=0 epoch=0 mom=0.8938 lrCyc[pk=9.7e-01,tr=9.9e-04] trainerStep=28700
[LAYER-HEALTH] live trainerStep=28700 scope=batch_norm_state_only reluSites=9/10 ch=1040 dead=0 off=2 alwaysOn=0 worst=blocks.1.bn2(dead 0 off 1 on 0) maxBetaOverGamma=+1.81@policy.pre_bn[61] minBetaOverGamma=-2.25@blocks.2.bn1[11] rvMaxOverMedian=62.5@blocks.1.bn1[14] rezero=none nonFinite=0
[REPLAY] step=28750 loss=3.4991 pLoss=2.6990 vLoss=0.7986 pEnt=2.872 pIllM=0.0015 playedP=0.175 pW=0.47 pD=0.07 pL=0.46 vAbs=0.251 pLogitMean=-10.4184 vLogitMean=0.6066 gNorm=0.275 lr=0.0532 ms=2771.8 buf=500000 plies=245565280 games=3704231 rejected=0 skipped=0 epoch=0 mom=0.8923 lrCyc[pk=9.7e-01,tr=9.9e-04] trainerStep=28750
[LAYER-HEALTH] live trainerStep=28750 scope=batch_norm_state_only reluSites=9/10 ch=1040 dead=0 off=2 alwaysOn=0 worst=blocks.1.bn2(dead 0 off 1 on 0) maxBetaOverGamma=+1.81@policy.pre_bn[61] minBetaOverGamma=-2.23@blocks.2.bn1[11] rvMaxOverMedian=61.6@blocks.1.bn1[14] rezero=none nonFinite=0
[REPLAY] step=28800 loss=3.4955 pLoss=2.6866 vLoss=0.8072 pEnt=2.857 pIllM=0.0017 playedP=0.176 pW=0.47 pD=0.07 pL=0.47 vAbs=0.235 pLogitMean=-10.4218 vLogitMean=0.6069 gNorm=0.276 lr=0.0592 ms=2731.0 buf=500000 plies=245991992 games=3710658 rejected=0 skipped=0 epoch=0 mom=0.8907 lrCyc[pk=9.7e-01,tr=9.9e-04] trainerStep=28800
[LAYER-HEALTH] live trainerStep=28800 scope=batch_norm_state_only reluSites=9/10 ch=1040 dead=0 off=2 alwaysOn=0 worst=blocks.1.bn2(dead 0 off 1 on 0) maxBetaOverGamma=+1.81@policy.pre_bn[61] minBetaOverGamma=-2.22@blocks.2.bn1[11] rvMaxOverMedian=62.1@blocks.1.bn1[14] rezero=none nonFinite=0
[REPLAY] step=28850 loss=3.5471 pLoss=2.7199 vLoss=0.8257 pEnt=2.831 pIllM=0.0015 playedP=0.180 pW=0.48 pD=0.08 pL=0.45 vAbs=0.233 pLogitMean=-10.4157 vLogitMean=0.6067 gNorm=0.292 lr=0.0658 ms=2645.8 buf=500000 plies=246418593 games=3717050 rejected=0 skipped=0 epoch=0 mom=0.8892 lrCyc[pk=9.7e-01,tr=9.9e-04] trainerStep=28850
[LAYER-HEALTH] live trainerStep=28850 scope=batch_norm_state_only reluSites=9/10 ch=1040 dead=0 off=2 alwaysOn=0 worst=blocks.1.bn2(dead 0 off 1 on 0) maxBetaOverGamma=+1.81@policy.pre_bn[61] minBetaOverGamma=-2.23@blocks.2.bn1[11] rvMaxOverMedian=61.9@blocks.1.bn1[14] rezero=none nonFinite=0
[REPLAY] step=28900 loss=3.5156 pLoss=2.7026 vLoss=0.8114 pEnt=2.872 pIllM=0.0017 playedP=0.174 pW=0.46 pD=0.08 pL=0.46 vAbs=0.248 pLogitMean=-10.4066 vLogitMean=0.6066 gNorm=0.261 lr=0.0731 ms=2775.9 buf=500000 plies=246845245 games=3723473 rejected=0 skipped=0 epoch=0 mom=0.8877 lrCyc[pk=9.7e-01,tr=9.9e-04] trainerStep=28900
[LAYER-HEALTH] live trainerStep=28900 scope=batch_norm_state_only reluSites=9/10 ch=1040 dead=0 off=2 alwaysOn=0 worst=blocks.1.bn2(dead 0 off 1 on 0) maxBetaOverGamma=+1.81@policy.pre_bn[61] minBetaOverGamma=-2.23@blocks.2.bn1[11] rvMaxOverMedian=63.9@blocks.1.bn1[14] rezero=none nonFinite=0
[REPLAY] step=28950 loss=3.4933 pLoss=2.6865 vLoss=0.8053 pEnt=2.852 pIllM=0.0015 playedP=0.178 pW=0.47 pD=0.07 pL=0.46 vAbs=0.250 pLogitMean=-10.4088 vLogitMean=0.6068 gNorm=0.286 lr=0.0812 ms=2462.5 buf=500000 plies=247271920 games=3729939 rejected=0 skipped=0 epoch=0 mom=0.8861 lrCyc[pk=9.7e-01,tr=9.9e-04] trainerStep=28950
[LAYER-HEALTH] live trainerStep=28950 scope=batch_norm_state_only reluSites=9/10 ch=1040 dead=0 off=2 alwaysOn=0 worst=blocks.1.bn2(dead 0 off 1 on 0) maxBetaOverGamma=+1.81@policy.pre_bn[61] minBetaOverGamma=-2.23@blocks.2.bn1[11] rvMaxOverMedian=63.9@blocks.1.bn1[14] rezero=none nonFinite=0
[REPLAY] step=29000 loss=3.4803 pLoss=2.6729 vLoss=0.8055 pEnt=2.874 pIllM=0.0019 playedP=0.173 pW=0.47 pD=0.06 pL=0.47 vAbs=0.259 pLogitMean=-10.3962 vLogitMean=0.6052 gNorm=0.301 lr=0.09 ms=2965.7 buf=500000 plies=247698541 games=3736331 rejected=0 skipped=0 epoch=0 mom=0.8846 lrCyc[pk=9.7e-01,tr=9.9e-04] trainerStep=29000
[LAYER-HEALTH] live trainerStep=29000 scope=batch_norm_state_only reluSites=9/10 ch=1040 dead=0 off=2 alwaysOn=0 worst=blocks.1.bn2(dead 0 off 1 on 0) maxBetaOverGamma=+1.81@policy.pre_bn[61] minBetaOverGamma=-2.22@blocks.2.bn1[11] rvMaxOverMedian=64.6@blocks.1.bn1[14] rezero=none nonFinite=0
[REPLAY] saved trainer model (autosave) step=29000 trainerStep=29000 nextGame=3736331 shard=8 epoch=0 -> 20261005-lrBleaky-cyc1-replay-latest.safetensors
[LAYER-HEALTH] checkpoint replay-autosave step=29000 trainerStep=29000 scope=all_tensors reluSites=9/10 ch=1040 dead=0 off=2 alwaysOn=0 worst=blocks.1.bn2(dead 0 off 1 on 0) maxBetaOverGamma=+1.81@policy.pre_bn[61] minBetaOverGamma=-2.22@blocks.2.bn1[11] rvMaxOverMedian=64.6@blocks.1.bn1[14] rezero=none nonFinite=0 seZeroVel=none valueFC1ZeroVel=0/128 maxAbs=10.2@blocks.1.bn1.running_var
[LAYER-HEALTH]   batch-norm sites — β/|γ|: dead < -3.00, mostly off < -2.00, always on > +3.00; classified for relu/leaky_relu only
[LAYER-HEALTH]     site            act            ch   dead    off     on  zeroγ nonfin  min β/|γ| [ch]     max β/|γ| [ch]     rv max/median [ch]
[LAYER-HEALTH]     stem.bn         -             128    n/a    n/a    n/a      0      0     -1.63 [85]         +0.53 [110]           3.8 [43]
[LAYER-HEALTH]     blocks.0.bn1    relu          128      0      0      0      0      0     -0.83 [53]         +0.30 [18]            6.7 [14]
[LAYER-HEALTH]     blocks.0.bn2    relu          128      0      0      0      0      0     -1.45 [48]         -0.04 [58]            3.1 [33]
[LAYER-HEALTH]     blocks.1.bn1    relu          128      0      0      0      0      0     -1.50 [11]         -0.21 [14]           64.6 [14]
[LAYER-HEALTH]     blocks.1.bn2    relu          128      0      1      0      0      0     -2.02 [29]         -0.26 [49]            8.5 [49]
[LAYER-HEALTH]     blocks.2.bn1    relu          128      0      1      0      0      0     -2.22 [11]         +1.01 [31]           31.2 [76]
[LAYER-HEALTH]     blocks.2.bn2    relu          128      0      0      0      0      0     -1.48 [95]         -0.24 [55]            3.5 [103]
[LAYER-HEALTH]     tower_final_bn  relu          128      0      0      0      0      0     -0.65 [89]         +1.57 [114]           4.2 [31]
[LAYER-HEALTH]     policy.pre_bn   relu          128      0      0      0      0      0     -1.17 [47]         +1.81 [61]            4.8 [22]
[LAYER-HEALTH]     value.bn        leaky_relu     16      0      0      0      0      0     -1.78 [2]          -0.65 [1]             2.2 [1]
[LAYER-HEALTH]   FC hidden-unit velocity — zero: every weight-velocity entry exactly 0; low: nonzero but < 5% of the layer's p90 unit norm
[LAYER-HEALTH]     value.fc1.weight  leaky_relu  units 128  zero 0  low 23  median unit norm 0.004297
[LAYER-HEALTH]     (no SE blocks)
[LAYER-HEALTH]   ReZero: none
[LAYER-HEALTH]   non-finite: 0 values in 0 of 102 tensors (10263038 values examined)
[LAYER-HEALTH]   largest |value|: blocks.1.bn1.running_var 10.2, blocks.0.bn2.running_var 7.499, blocks.2.bn1.running_var 6.376, policy.conv.bias 5.955, blocks.1.bn2.running_var 5.912
[REPLAY] enumerated checkpoint -> 20261005-lrBleaky-cyc1-replay-step29000.safetensors
[REPLAY] step=29050 loss=3.5056 pLoss=2.7044 vLoss=0.7995 pEnt=2.866 pIllM=0.0018 playedP=0.174 pW=0.47 pD=0.07 pL=0.47 vAbs=0.255 pLogitMean=-10.3885 vLogitMean=0.6071 gNorm=0.294 lr=0.0997 ms=2617.7 buf=500000 plies=248125283 games=3742728 rejected=0 skipped=0 epoch=0 mom=0.8832 lrCyc[pk=9.7e-01,tr=9.9e-04] trainerStep=29050
[LAYER-HEALTH] live trainerStep=29050 scope=batch_norm_state_only reluSites=9/10 ch=1040 dead=0 off=2 alwaysOn=0 worst=blocks.1.bn2(dead 0 off 1 on 0) maxBetaOverGamma=+1.81@policy.pre_bn[61] minBetaOverGamma=-2.23@blocks.2.bn1[11] rvMaxOverMedian=65.0@blocks.1.bn1[14] rezero=none nonFinite=0
[REPLAY] step=29100 loss=3.5126 pLoss=2.7048 vLoss=0.8058 pEnt=2.847 pIllM=0.0020 playedP=0.180 pW=0.48 pD=0.07 pL=0.46 vAbs=0.253 pLogitMean=-10.3775 vLogitMean=0.6052 gNorm=0.301 lr=0.11 ms=2662.2 buf=500000 plies=248551850 games=3749205 rejected=0 skipped=0 epoch=0 mom=0.8817 lrCyc[pk=9.7e-01,tr=9.9e-04] trainerStep=29100
[LAYER-HEALTH] live trainerStep=29100 scope=batch_norm_state_only reluSites=9/10 ch=1040 dead=0 off=1 alwaysOn=0 worst=blocks.2.bn1(dead 0 off 1 on 0) maxBetaOverGamma=+1.81@policy.pre_bn[61] minBetaOverGamma=-2.22@blocks.2.bn1[11] rvMaxOverMedian=63.7@blocks.1.bn1[14] rezero=none nonFinite=0
[REPLAY] step=29150 loss=3.5303 pLoss=2.7436 vLoss=0.7851 pEnt=2.861 pIllM=0.0016 playedP=0.181 pW=0.47 pD=0.06 pL=0.47 vAbs=0.244 pLogitMean=-10.3602 vLogitMean=0.6077 gNorm=0.295 lr=0.122 ms=2316.8 buf=500000 plies=248978479 games=3755602 rejected=0 skipped=0 epoch=0 mom=0.8802 lrCyc[pk=9.7e-01,tr=9.9e-04] trainerStep=29150
[LAYER-HEALTH] live trainerStep=29150 scope=batch_norm_state_only reluSites=9/10 ch=1040 dead=0 off=1 alwaysOn=0 worst=blocks.2.bn1(dead 0 off 1 on 0) maxBetaOverGamma=+1.81@policy.pre_bn[61] minBetaOverGamma=-2.23@blocks.2.bn1[11] rvMaxOverMedian=64.0@blocks.1.bn1[14] rezero=none nonFinite=0
[REPLAY] step=29200 loss=3.5284 pLoss=2.7202 vLoss=0.8062 pEnt=2.885 pIllM=0.0020 playedP=0.171 pW=0.47 pD=0.07 pL=0.47 vAbs=0.242 pLogitMean=-10.3569 vLogitMean=0.6070 gNorm=0.265 lr=0.135 ms=2811.0 buf=500000 plies=249405160 games=3762039 rejected=0 skipped=0 epoch=0 mom=0.8788 lrCyc[pk=9.7e-01,tr=9.9e-04] trainerStep=29200
[LAYER-HEALTH] live trainerStep=29200 scope=batch_norm_state_only reluSites=9/10 ch=1040 dead=0 off=1 alwaysOn=0 worst=blocks.2.bn1(dead 0 off 1 on 0) maxBetaOverGamma=+1.81@policy.pre_bn[61] minBetaOverGamma=-2.22@blocks.2.bn1[11] rvMaxOverMedian=63.5@blocks.1.bn1[14] rezero=none nonFinite=0
[REPLAY] step=29250 loss=3.5094 pLoss=2.7080 vLoss=0.7996 pEnt=2.844 pIllM=0.0018 playedP=0.177 pW=0.48 pD=0.06 pL=0.45 vAbs=0.252 pLogitMean=-10.3510 vLogitMean=0.6068 gNorm=0.296 lr=0.148 ms=2843.7 buf=500000 plies=249831805 games=3768463 rejected=0 skipped=0 epoch=0 mom=0.8774 lrCyc[pk=9.7e-01,tr=9.9e-04] trainerStep=29250
[LAYER-HEALTH] live trainerStep=29250 scope=batch_norm_state_only reluSites=9/10 ch=1040 dead=0 off=2 alwaysOn=0 worst=blocks.1.bn2(dead 0 off 1 on 0) maxBetaOverGamma=+1.82@policy.pre_bn[61] minBetaOverGamma=-2.23@blocks.2.bn1[11] rvMaxOverMedian=64.2@blocks.1.bn1[14] rezero=none nonFinite=0
[REPLAY] step=29300 loss=3.5473 pLoss=2.7407 vLoss=0.8046 pEnt=2.864 pIllM=0.0020 playedP=0.174 pW=0.47 pD=0.07 pL=0.45 vAbs=0.239 pLogitMean=-10.3374 vLogitMean=0.6059 gNorm=0.289 lr=0.163 ms=2740.6 buf=500000 plies=250258464 games=3774930 rejected=0 skipped=0 epoch=0 mom=0.8760 lrCyc[pk=9.7e-01,tr=9.9e-04] trainerStep=29300
[LAYER-HEALTH] live trainerStep=29300 scope=batch_norm_state_only reluSites=9/10 ch=1040 dead=0 off=2 alwaysOn=0 worst=blocks.1.bn2(dead 0 off 1 on 0) maxBetaOverGamma=+1.81@policy.pre_bn[61] minBetaOverGamma=-2.23@blocks.2.bn1[11] rvMaxOverMedian=65.7@blocks.1.bn1[14] rezero=none nonFinite=0
[REPLAY] step=29350 loss=3.5029 pLoss=2.7004 vLoss=0.8005 pEnt=2.878 pIllM=0.0021 playedP=0.175 pW=0.47 pD=0.06 pL=0.47 vAbs=0.253 pLogitMean=-10.3346 vLogitMean=0.6031 gNorm=0.297 lr=0.179 ms=2664.3 buf=500000 plies=250685078 games=3781428 rejected=0 skipped=0 epoch=0 mom=0.8747 lrCyc[pk=9.7e-01,tr=9.9e-04] trainerStep=29350
[LAYER-HEALTH] live trainerStep=29350 scope=batch_norm_state_only reluSites=9/10 ch=1040 dead=0 off=2 alwaysOn=0 worst=blocks.1.bn2(dead 0 off 1 on 0) maxBetaOverGamma=+1.81@policy.pre_bn[61] minBetaOverGamma=-2.24@blocks.2.bn1[11] rvMaxOverMedian=67.2@blocks.1.bn1[14] rezero=none nonFinite=0
[REPLAY] step=29400 loss=3.4996 pLoss=2.7023 vLoss=0.7955 pEnt=2.868 pIllM=0.0018 playedP=0.177 pW=0.47 pD=0.06 pL=0.47 vAbs=0.256 pLogitMean=-10.3120 vLogitMean=0.6051 gNorm=0.307 lr=0.197 ms=2663.9 buf=500000 plies=251111723 games=3787902 rejected=0 skipped=0 epoch=0 mom=0.8733 lrCyc[pk=9.7e-01,tr=9.9e-04] trainerStep=29400
[LAYER-HEALTH] live trainerStep=29400 scope=batch_norm_state_only reluSites=9/10 ch=1040 dead=0 off=1 alwaysOn=0 worst=blocks.2.bn1(dead 0 off 1 on 0) maxBetaOverGamma=+1.81@policy.pre_bn[61] minBetaOverGamma=-2.22@blocks.2.bn1[11] rvMaxOverMedian=68.1@blocks.1.bn1[14] rezero=none nonFinite=0
[REPLAY] step=29450 loss=3.4954 pLoss=2.7099 vLoss=0.7834 pEnt=2.866 pIllM=0.0021 playedP=0.170 pW=0.46 pD=0.06 pL=0.48 vAbs=0.237 pLogitMean=-10.2741 vLogitMean=0.6024 gNorm=0.297 lr=0.215 ms=2799.4 buf=500000 plies=251538395 games=3794344 rejected=0 skipped=0 epoch=0 mom=0.8720 lrCyc[pk=9.7e-01,tr=9.9e-04] trainerStep=29450
[LAYER-HEALTH] live trainerStep=29450 scope=batch_norm_state_only reluSites=9/10 ch=1040 dead=0 off=2 alwaysOn=0 worst=blocks.1.bn2(dead 0 off 1 on 0) maxBetaOverGamma=+1.81@policy.pre_bn[61] minBetaOverGamma=-2.21@blocks.2.bn1[11] rvMaxOverMedian=65.2@blocks.1.bn1[14] rezero=none nonFinite=0
[REPLAY] step=29500 loss=3.4890 pLoss=2.6790 vLoss=0.8077 pEnt=2.871 pIllM=0.0023 playedP=0.173 pW=0.46 pD=0.07 pL=0.47 vAbs=0.254 pLogitMean=-10.2766 vLogitMean=0.6030 gNorm=0.307 lr=0.235 ms=2581.7 buf=500000 plies=251965124 games=3800788 rejected=0 skipped=0 epoch=0 mom=0.8707 lrCyc[pk=9.7e-01,tr=9.9e-04] trainerStep=29500
[LAYER-HEALTH] live trainerStep=29500 scope=batch_norm_state_only reluSites=9/10 ch=1040 dead=0 off=2 alwaysOn=0 worst=blocks.1.bn2(dead 0 off 1 on 0) maxBetaOverGamma=+1.81@policy.pre_bn[61] minBetaOverGamma=-2.22@blocks.2.bn1[11] rvMaxOverMedian=66.0@blocks.1.bn1[14] rezero=none nonFinite=0
[REPLAY] step=29550 loss=3.5013 pLoss=2.7036 vLoss=0.7950 pEnt=2.868 pIllM=0.0027 playedP=0.173 pW=0.47 pD=0.07 pL=0.46 vAbs=0.243 pLogitMean=-10.2643 vLogitMean=0.6042 gNorm=0.300 lr=0.256 ms=2084.6 buf=500000 plies=252391756 games=3807241 rejected=0 skipped=0 epoch=0 mom=0.8695 lrCyc[pk=9.7e-01,tr=9.9e-04] trainerStep=29550
[LAYER-HEALTH] live trainerStep=29550 scope=batch_norm_state_only reluSites=9/10 ch=1040 dead=0 off=2 alwaysOn=0 worst=blocks.1.bn2(dead 0 off 1 on 0) maxBetaOverGamma=+1.81@policy.pre_bn[61] minBetaOverGamma=-2.23@blocks.2.bn1[11] rvMaxOverMedian=66.7@blocks.1.bn1[14] rezero=none nonFinite=0
[REPLAY] step=29600 loss=3.5027 pLoss=2.6831 vLoss=0.8174 pEnt=2.859 pIllM=0.0022 playedP=0.176 pW=0.45 pD=0.07 pL=0.47 vAbs=0.225 pLogitMean=-10.2380 vLogitMean=0.6024 gNorm=0.315 lr=0.279 ms=2177.9 buf=500000 plies=252818351 games=3813682 rejected=0 skipped=0 epoch=0 mom=0.8682 lrCyc[pk=9.7e-01,tr=9.9e-04] trainerStep=29600
[LAYER-HEALTH] live trainerStep=29600 scope=batch_norm_state_only reluSites=9/10 ch=1040 dead=0 off=1 alwaysOn=0 worst=blocks.2.bn1(dead 0 off 1 on 0) maxBetaOverGamma=+1.82@policy.pre_bn[61] minBetaOverGamma=-2.24@blocks.2.bn1[11] rvMaxOverMedian=68.0@blocks.1.bn1[14] rezero=none nonFinite=0
[REPLAY] step=29650 loss=3.5410 pLoss=2.7448 vLoss=0.7936 pEnt=2.863 pIllM=0.0026 playedP=0.171 pW=0.48 pD=0.07 pL=0.46 vAbs=0.233 pLogitMean=-10.2332 vLogitMean=0.6048 gNorm=0.304 lr=0.303 ms=2623.6 buf=500000 plies=253245028 games=3820090 rejected=0 skipped=0 epoch=0 mom=0.8671 lrCyc[pk=9.7e-01,tr=9.9e-04] trainerStep=29650
[LAYER-HEALTH] live trainerStep=29650 scope=batch_norm_state_only reluSites=9/10 ch=1040 dead=0 off=2 alwaysOn=0 worst=blocks.1.bn2(dead 0 off 1 on 0) maxBetaOverGamma=+1.81@policy.pre_bn[61] minBetaOverGamma=-2.22@blocks.2.bn1[11] rvMaxOverMedian=69.8@blocks.1.bn1[14] rezero=none nonFinite=0
[REPLAY] step=29700 loss=3.4895 pLoss=2.6927 vLoss=0.7944 pEnt=2.841 pIllM=0.0023 playedP=0.177 pW=0.47 pD=0.06 pL=0.47 vAbs=0.250 pLogitMean=-10.2110 vLogitMean=0.6039 gNorm=0.333 lr=0.328 ms=2532.6 buf=500000 plies=253671665 games=3826539 rejected=0 skipped=0 epoch=0 mom=0.8659 lrCyc[pk=9.7e-01,tr=9.9e-04] trainerStep=29700
[LAYER-HEALTH] live trainerStep=29700 scope=batch_norm_state_only reluSites=9/10 ch=1040 dead=0 off=2 alwaysOn=0 worst=blocks.1.bn2(dead 0 off 1 on 0) maxBetaOverGamma=+1.82@policy.pre_bn[61] minBetaOverGamma=-2.25@blocks.2.bn1[11] rvMaxOverMedian=70.7@blocks.1.bn1[14] rezero=none nonFinite=0
[REPLAY] step=29750 loss=3.5353 pLoss=2.7306 vLoss=0.8019 pEnt=2.876 pIllM=0.0028 playedP=0.169 pW=0.47 pD=0.07 pL=0.46 vAbs=0.233 pLogitMean=-10.1860 vLogitMean=0.6019 gNorm=0.325 lr=0.355 ms=2621.4 buf=500000 plies=254098321 games=3833003 rejected=0 skipped=0 epoch=0 mom=0.8648 lrCyc[pk=9.7e-01,tr=9.9e-04] trainerStep=29750
[LAYER-HEALTH] live trainerStep=29750 scope=batch_norm_state_only reluSites=9/10 ch=1040 dead=0 off=2 alwaysOn=0 worst=blocks.1.bn2(dead 0 off 1 on 0) maxBetaOverGamma=+1.81@policy.pre_bn[61] minBetaOverGamma=-2.25@blocks.2.bn1[11] rvMaxOverMedian=71.6@blocks.1.bn1[14] rezero=none nonFinite=0
[REPLAY] step=29800 loss=3.5135 pLoss=2.7099 vLoss=0.8006 pEnt=2.866 pIllM=0.0030 playedP=0.171 pW=0.46 pD=0.07 pL=0.47 vAbs=0.237 pLogitMean=-10.1675 vLogitMean=0.6036 gNorm=0.361 lr=0.383 ms=2641.1 buf=500000 plies=254525032 games=3839381 rejected=0 skipped=0 epoch=0 mom=0.8637 lrCyc[pk=9.7e-01,tr=9.9e-04] trainerStep=29800
[LAYER-HEALTH] live trainerStep=29800 scope=batch_norm_state_only reluSites=9/10 ch=1040 dead=0 off=2 alwaysOn=0 worst=blocks.1.bn2(dead 0 off 1 on 0) maxBetaOverGamma=+1.81@policy.pre_bn[103] minBetaOverGamma=-2.28@blocks.2.bn1[11] rvMaxOverMedian=73.1@blocks.1.bn1[14] rezero=none nonFinite=0
[REPLAY] step=29850 loss=3.4827 pLoss=2.6784 vLoss=0.8012 pEnt=2.839 pIllM=0.0031 playedP=0.177 pW=0.46 pD=0.07 pL=0.47 vAbs=0.258 pLogitMean=-10.1569 vLogitMean=0.6026 gNorm=0.339 lr=0.411 ms=2229.7 buf=500000 plies=254951625 games=3845811 rejected=0 skipped=0 epoch=0 mom=0.8626 lrCyc[pk=9.7e-01,tr=9.9e-04] trainerStep=29850
[LAYER-HEALTH] live trainerStep=29850 scope=batch_norm_state_only reluSites=9/10 ch=1040 dead=0 off=2 alwaysOn=0 worst=blocks.1.bn2(dead 0 off 1 on 0) maxBetaOverGamma=+1.81@policy.pre_bn[61] minBetaOverGamma=-2.25@blocks.2.bn1[11] rvMaxOverMedian=73.4@blocks.1.bn1[14] rezero=none nonFinite=0
[REPLAY] step=29900 loss=3.5234 pLoss=2.7045 vLoss=0.8157 pEnt=2.876 pIllM=0.0032 playedP=0.169 pW=0.46 pD=0.08 pL=0.46 vAbs=0.239 pLogitMean=-10.1319 vLogitMean=0.6055 gNorm=0.301 lr=0.441 ms=2383.6 buf=500000 plies=255378316 games=3852215 rejected=0 skipped=0 epoch=0 mom=0.8616 lrCyc[pk=9.7e-01,tr=9.9e-04] trainerStep=29900
[LAYER-HEALTH] live trainerStep=29900 scope=batch_norm_state_only reluSites=9/10 ch=1040 dead=0 off=2 alwaysOn=0 worst=blocks.1.bn2(dead 0 off 1 on 0) maxBetaOverGamma=+1.86@policy.pre_bn[22] minBetaOverGamma=-2.21@blocks.2.bn1[11] rvMaxOverMedian=72.2@blocks.1.bn1[14] rezero=none nonFinite=0
[REPLAY] step=29950 loss=3.5175 pLoss=2.7141 vLoss=0.8001 pEnt=2.866 pIllM=0.0034 playedP=0.173 pW=0.46 pD=0.07 pL=0.47 vAbs=0.256 pLogitMean=-10.1010 vLogitMean=0.6052 gNorm=0.383 lr=0.472 ms=2632.3 buf=500000 plies=255804884 games=3858646 rejected=0 skipped=0 epoch=0 mom=0.8606 lrCyc[pk=9.7e-01,tr=9.9e-04] trainerStep=29950
[LAYER-HEALTH] live trainerStep=29950 scope=batch_norm_state_only reluSites=9/10 ch=1040 dead=0 off=2 alwaysOn=0 worst=blocks.1.bn2(dead 0 off 1 on 0) maxBetaOverGamma=+1.82@policy.pre_bn[103] minBetaOverGamma=-2.27@blocks.2.bn1[11] rvMaxOverMedian=75.3@blocks.1.bn1[14] rezero=none nonFinite=0
[REPLAY] step=30000 loss=3.5461 pLoss=2.7465 vLoss=0.7959 pEnt=2.835 pIllM=0.0037 playedP=0.175 pW=0.50 pD=0.06 pL=0.44 vAbs=0.258 pLogitMean=-10.1167 vLogitMean=0.6060 gNorm=0.392 lr=0.504 ms=2296.3 buf=500000 plies=256231545 games=3865042 rejected=0 skipped=0 epoch=0 mom=0.8597 lrCyc[pk=9.7e-01,tr=9.9e-04] trainerStep=30000
[LAYER-HEALTH] live trainerStep=30000 scope=batch_norm_state_only reluSites=9/10 ch=1040 dead=0 off=2 alwaysOn=0 worst=blocks.1.bn2(dead 0 off 1 on 0) maxBetaOverGamma=+1.85@policy.pre_bn[103] minBetaOverGamma=-2.27@blocks.2.bn1[11] rvMaxOverMedian=74.6@blocks.1.bn1[14] rezero=none nonFinite=0
[REPLAY] saved trainer model (autosave) step=30000 trainerStep=30000 nextGame=3865042 shard=8 epoch=0 -> 20261005-lrBleaky-cyc1-replay-latest.safetensors
[LAYER-HEALTH] checkpoint replay-autosave step=30000 trainerStep=30000 scope=all_tensors reluSites=9/10 ch=1040 dead=0 off=2 alwaysOn=0 worst=blocks.1.bn2(dead 0 off 1 on 0) maxBetaOverGamma=+1.85@policy.pre_bn[103] minBetaOverGamma=-2.27@blocks.2.bn1[11] rvMaxOverMedian=74.6@blocks.1.bn1[14] rezero=none nonFinite=0 seZeroVel=none valueFC1ZeroVel=0/128 maxAbs=10.48@blocks.1.bn1.running_var
[LAYER-HEALTH]   batch-norm sites — β/|γ|: dead < -3.00, mostly off < -2.00, always on > +3.00; classified for relu/leaky_relu only
[LAYER-HEALTH]     site            act            ch   dead    off     on  zeroγ nonfin  min β/|γ| [ch]     max β/|γ| [ch]     rv max/median [ch]
[LAYER-HEALTH]     stem.bn         -             128    n/a    n/a    n/a      0      0     -1.72 [85]         +0.58 [33]            4.1 [88]
[LAYER-HEALTH]     blocks.0.bn1    relu          128      0      0      0      0      0     -0.85 [53]         +0.33 [18]            7.1 [14]
[LAYER-HEALTH]     blocks.0.bn2    relu          128      0      0      0      0      0     -1.50 [48]         -0.03 [58]            3.3 [33]
[LAYER-HEALTH]     blocks.1.bn1    relu          128      0      0      0      0      0     -1.50 [11]         -0.24 [14]           74.6 [14]
[LAYER-HEALTH]     blocks.1.bn2    relu          128      0      1      0      0      0     -2.03 [29]         -0.33 [49]            8.8 [49]
[LAYER-HEALTH]     blocks.2.bn1    relu          128      0      1      0      0      0     -2.27 [11]         +0.88 [31]           26.9 [76]
[LAYER-HEALTH]     blocks.2.bn2    relu          128      0      0      0      0      0     -1.50 [95]         -0.26 [33]            3.6 [103]
[LAYER-HEALTH]     tower_final_bn  relu          128      0      0      0      0      0     -0.67 [89]         +1.59 [114]           4.2 [31]
[LAYER-HEALTH]     policy.pre_bn   relu          128      0      0      0      0      0     -1.20 [47]         +1.85 [103]           4.3 [22]
[LAYER-HEALTH]     value.bn        leaky_relu     16      0      0      0      0      0     -1.69 [3]          -0.68 [7]             2.2 [1]
[LAYER-HEALTH]   FC hidden-unit velocity — zero: every weight-velocity entry exactly 0; low: nonzero but < 5% of the layer's p90 unit norm
[LAYER-HEALTH]     value.fc1.weight  leaky_relu  units 128  zero 0  low 16  median unit norm 0.003859
[LAYER-HEALTH]     (no SE blocks)
[LAYER-HEALTH]   ReZero: none
[LAYER-HEALTH]   non-finite: 0 values in 0 of 102 tensors (10263038 values examined)
[LAYER-HEALTH]   largest |value|: blocks.1.bn1.running_var 10.48, blocks.0.bn2.running_var 6.57, policy.conv.bias 5.892, blocks.1.bn2.running_var 5.364, blocks.2.bn1.running_var 5.27
[REPLAY] enumerated checkpoint -> 20261005-lrBleaky-cyc1-replay-step30000.safetensors
[REPLAY] step=30050 loss=3.5443 pLoss=2.7395 vLoss=0.8006 pEnt=2.869 pIllM=0.0041 playedP=0.168 pW=0.47 pD=0.07 pL=0.46 vAbs=0.239 pLogitMean=-10.1333 vLogitMean=0.6059 gNorm=0.353 lr=0.536 ms=2098.4 buf=500000 plies=256658209 games=3871460 rejected=0 skipped=0 epoch=0 mom=0.8588 lrCyc[pk=9.7e-01,tr=9.9e-04] trainerStep=30050
[LAYER-HEALTH] live trainerStep=30050 scope=batch_norm_state_only reluSites=9/10 ch=1040 dead=0 off=2 alwaysOn=0 worst=blocks.1.bn2(dead 0 off 1 on 0) maxBetaOverGamma=+1.84@policy.pre_bn[103] minBetaOverGamma=-2.24@blocks.2.bn1[11] rvMaxOverMedian=72.4@blocks.1.bn1[14] rezero=none nonFinite=0
[REPLAY] step=30100 loss=3.5320 pLoss=2.7281 vLoss=0.7999 pEnt=2.852 pIllM=0.0040 playedP=0.173 pW=0.47 pD=0.07 pL=0.46 vAbs=0.255 pLogitMean=-10.1072 vLogitMean=0.6034 gNorm=0.319 lr=0.569 ms=2805.9 buf=500000 plies=257084838 games=3877870 rejected=0 skipped=0 epoch=0 mom=0.8579 lrCyc[pk=9.7e-01,tr=9.9e-04] trainerStep=30100
[LAYER-HEALTH] live trainerStep=30100 scope=batch_norm_state_only reluSites=9/10 ch=1040 dead=0 off=2 alwaysOn=0 worst=blocks.1.bn2(dead 0 off 1 on 0) maxBetaOverGamma=+1.85@policy.pre_bn[103] minBetaOverGamma=-2.33@blocks.2.bn1[11] rvMaxOverMedian=70.7@blocks.1.bn1[14] rezero=none nonFinite=0
[REPLAY] step=30150 loss=3.5184 pLoss=2.7011 vLoss=0.8129 pEnt=2.884 pIllM=0.0044 playedP=0.166 pW=0.45 pD=0.07 pL=0.48 vAbs=0.261 pLogitMean=-10.0960 vLogitMean=0.6013 gNorm=0.392 lr=0.602 ms=2640.7 buf=500000 plies=257511477 games=3884340 rejected=0 skipped=0 epoch=0 mom=0.8571 lrCyc[pk=9.7e-01,tr=9.9e-04] trainerStep=30150
[LAYER-HEALTH] live trainerStep=30150 scope=batch_norm_state_only reluSites=9/10 ch=1040 dead=0 off=2 alwaysOn=0 worst=blocks.1.bn2(dead 0 off 1 on 0) maxBetaOverGamma=+1.86@policy.pre_bn[103] minBetaOverGamma=-2.29@blocks.2.bn1[11] rvMaxOverMedian=70.8@blocks.1.bn1[14] rezero=none nonFinite=0
[REPLAY] step=30200 loss=3.5149 pLoss=2.7042 vLoss=0.8064 pEnt=2.833 pIllM=0.0043 playedP=0.176 pW=0.45 pD=0.07 pL=0.48 vAbs=0.248 pLogitMean=-10.0974 vLogitMean=0.5994 gNorm=0.327 lr=0.636 ms=2660.5 buf=500000 plies=257938151 games=3890739 rejected=0 skipped=0 epoch=0 mom=0.8563 lrCyc[pk=9.7e-01,tr=9.9e-04] trainerStep=30200
[LAYER-HEALTH] live trainerStep=30200 scope=batch_norm_state_only reluSites=9/10 ch=1040 dead=0 off=2 alwaysOn=0 worst=blocks.1.bn2(dead 0 off 1 on 0) maxBetaOverGamma=+1.88@policy.pre_bn[103] minBetaOverGamma=-2.25@blocks.2.bn1[11] rvMaxOverMedian=74.4@blocks.1.bn1[14] rezero=none nonFinite=0
[REPLAY] step=30250 loss=3.5238 pLoss=2.7175 vLoss=0.8021 pEnt=2.830 pIllM=0.0041 playedP=0.175 pW=0.46 pD=0.07 pL=0.47 vAbs=0.245 pLogitMean=-10.1314 vLogitMean=0.6037 gNorm=0.432 lr=0.669 ms=2042.5 buf=500000 plies=258364813 games=3897164 rejected=0 skipped=0 epoch=0 mom=0.8556 lrCyc[pk=9.7e-01,tr=9.9e-04] trainerStep=30250
[LAYER-HEALTH] live trainerStep=30250 scope=batch_norm_state_only reluSites=9/10 ch=1040 dead=0 off=2 alwaysOn=0 worst=blocks.1.bn2(dead 0 off 1 on 0) maxBetaOverGamma=+1.88@policy.pre_bn[22] minBetaOverGamma=-2.29@blocks.2.bn1[11] rvMaxOverMedian=75.0@blocks.1.bn1[14] rezero=none nonFinite=0
[REPLAY] step=30300 loss=3.5077 pLoss=2.7071 vLoss=0.7944 pEnt=2.884 pIllM=0.0062 playedP=0.167 pW=0.45 pD=0.06 pL=0.49 vAbs=0.242 pLogitMean=-10.1236 vLogitMean=0.6009 gNorm=0.360 lr=0.701 ms=2286.4 buf=500000 plies=258791445 games=3903653 rejected=0 skipped=0 epoch=0 mom=0.8549 lrCyc[pk=9.7e-01,tr=9.9e-04] trainerStep=30300
[LAYER-HEALTH] live trainerStep=30300 scope=batch_norm_state_only reluSites=9/10 ch=1040 dead=0 off=2 alwaysOn=0 worst=blocks.1.bn2(dead 0 off 1 on 0) maxBetaOverGamma=+1.91@policy.pre_bn[103] minBetaOverGamma=-2.30@blocks.2.bn1[11] rvMaxOverMedian=73.5@blocks.1.bn1[14] rezero=none nonFinite=0
[REPLAY] step=30350 loss=3.5667 pLoss=2.7585 vLoss=0.8029 pEnt=2.835 pIllM=0.0053 playedP=0.174 pW=0.47 pD=0.07 pL=0.46 vAbs=0.236 pLogitMean=-10.1671 vLogitMean=0.6036 gNorm=0.382 lr=0.733 ms=2518.6 buf=500000 plies=259218150 games=3910118 rejected=0 skipped=0 epoch=0 mom=0.8543 lrCyc[pk=9.7e-01,tr=9.9e-04] trainerStep=30350
[LAYER-HEALTH] live trainerStep=30350 scope=batch_norm_state_only reluSites=9/10 ch=1040 dead=0 off=2 alwaysOn=0 worst=blocks.1.bn2(dead 0 off 1 on 0) maxBetaOverGamma=+1.91@policy.pre_bn[103] minBetaOverGamma=-2.27@blocks.2.bn1[11] rvMaxOverMedian=74.0@blocks.1.bn1[14] rezero=none nonFinite=0
[REPLAY] step=30400 loss=3.4776 pLoss=2.6726 vLoss=0.7991 pEnt=2.869 pIllM=0.0059 playedP=0.163 pW=0.46 pD=0.07 pL=0.47 vAbs=0.268 pLogitMean=-10.1683 vLogitMean=0.5993 gNorm=0.363 lr=0.764 ms=1796.4 buf=500000 plies=259644741 games=3916500 rejected=0 skipped=0 epoch=0 mom=0.8537 lrCyc[pk=9.7e-01,tr=9.9e-04] trainerStep=30400
[LAYER-HEALTH] live trainerStep=30400 scope=batch_norm_state_only reluSites=9/10 ch=1040 dead=0 off=2 alwaysOn=0 worst=blocks.1.bn2(dead 0 off 1 on 0) maxBetaOverGamma=+1.91@policy.pre_bn[103] minBetaOverGamma=-2.27@blocks.2.bn1[11] rvMaxOverMedian=75.3@blocks.1.bn1[14] rezero=none nonFinite=0
[REPLAY] step=30450 loss=3.5363 pLoss=2.7457 vLoss=0.7852 pEnt=2.824 pIllM=0.0055 playedP=0.177 pW=0.49 pD=0.08 pL=0.44 vAbs=0.261 pLogitMean=-10.2146 vLogitMean=0.5958 gNorm=0.353 lr=0.794 ms=2579.5 buf=500000 plies=260071442 games=3922936 rejected=0 skipped=0 epoch=0 mom=0.8531 lrCyc[pk=9.7e-01,tr=9.9e-04] trainerStep=30450
[LAYER-HEALTH] live trainerStep=30450 scope=batch_norm_state_only reluSites=9/10 ch=1040 dead=0 off=2 alwaysOn=0 worst=blocks.1.bn2(dead 0 off 1 on 0) maxBetaOverGamma=+1.94@policy.pre_bn[103] minBetaOverGamma=-2.33@blocks.2.bn1[11] rvMaxOverMedian=73.0@blocks.1.bn1[14] rezero=none nonFinite=0
[REPLAY] step=30500 loss=3.5535 pLoss=2.7471 vLoss=0.8006 pEnt=2.836 pIllM=0.0058 playedP=0.172 pW=0.49 pD=0.07 pL=0.44 vAbs=0.263 pLogitMean=-10.2407 vLogitMean=0.5975 gNorm=0.381 lr=0.822 ms=2764.6 buf=500000 plies=260498042 games=3929334 rejected=0 skipped=0 epoch=0 mom=0.8526 lrCyc[pk=9.7e-01,tr=9.9e-04] trainerStep=30500
[LAYER-HEALTH] live trainerStep=30500 scope=batch_norm_state_only reluSites=9/10 ch=1040 dead=0 off=2 alwaysOn=0 worst=blocks.1.bn2(dead 0 off 1 on 0) maxBetaOverGamma=+1.98@policy.pre_bn[103] minBetaOverGamma=-2.32@blocks.2.bn1[11] rvMaxOverMedian=72.5@blocks.1.bn1[14] rezero=none nonFinite=0
[REPLAY] step=30550 loss=3.4959 pLoss=2.7149 vLoss=0.7743 pEnt=2.890 pIllM=0.0067 playedP=0.162 pW=0.47 pD=0.06 pL=0.46 vAbs=0.276 pLogitMean=-10.2661 vLogitMean=0.5974 gNorm=0.368 lr=0.849 ms=2046.5 buf=500000 plies=260924759 games=3935800 rejected=0 skipped=0 epoch=0 mom=0.8521 lrCyc[pk=9.7e-01,tr=9.9e-04] trainerStep=30550
[LAYER-HEALTH] live trainerStep=30550 scope=batch_norm_state_only reluSites=9/10 ch=1040 dead=0 off=2 alwaysOn=0 worst=blocks.1.bn2(dead 0 off 1 on 0) maxBetaOverGamma=+2.01@policy.pre_bn[103] minBetaOverGamma=-2.39@blocks.2.bn1[11] rvMaxOverMedian=71.4@blocks.1.bn1[14] rezero=none nonFinite=0
[REPLAY] step=30600 loss=3.4820 pLoss=2.6757 vLoss=0.7995 pEnt=2.842 pIllM=0.0069 playedP=0.173 pW=0.43 pD=0.07 pL=0.50 vAbs=0.264 pLogitMean=-10.2879 vLogitMean=0.5974 gNorm=0.410 lr=0.873 ms=2381.2 buf=500000 plies=261351348 games=3942243 rejected=0 skipped=0 epoch=0 mom=0.8517 lrCyc[pk=9.7e-01,tr=9.9e-04] trainerStep=30600
[LAYER-HEALTH] live trainerStep=30600 scope=batch_norm_state_only reluSites=9/10 ch=1040 dead=0 off=2 alwaysOn=0 worst=blocks.1.bn2(dead 0 off 1 on 0) maxBetaOverGamma=+1.96@policy.pre_bn[103] minBetaOverGamma=-2.38@blocks.2.bn1[11] rvMaxOverMedian=69.1@blocks.1.bn1[14] rezero=none nonFinite=0
[REPLAY] step=30650 loss=3.5526 pLoss=2.7556 vLoss=0.7909 pEnt=2.852 pIllM=0.0061 playedP=0.165 pW=0.46 pD=0.07 pL=0.47 vAbs=0.260 pLogitMean=-10.3544 vLogitMean=0.6016 gNorm=0.472 lr=0.896 ms=2464.7 buf=500000 plies=261777975 games=3948692 rejected=0 skipped=0 epoch=0 mom=0.8514 lrCyc[pk=9.7e-01,tr=9.9e-04] trainerStep=30650
[LAYER-HEALTH] live trainerStep=30650 scope=batch_norm_state_only reluSites=9/10 ch=1040 dead=0 off=2 alwaysOn=0 worst=blocks.1.bn2(dead 0 off 1 on 0) maxBetaOverGamma=+2.01@policy.pre_bn[103] minBetaOverGamma=-2.45@blocks.2.bn1[11] rvMaxOverMedian=66.3@blocks.1.bn1[14] rezero=none nonFinite=0
[REPLAY] step=30700 loss=3.5413 pLoss=2.7446 vLoss=0.7914 pEnt=2.831 pIllM=0.0053 playedP=0.171 pW=0.47 pD=0.07 pL=0.46 vAbs=0.240 pLogitMean=-10.3936 vLogitMean=0.6015 gNorm=0.363 lr=0.915 ms=2371.0 buf=500000 plies=262204640 games=3955148 rejected=0 skipped=0 epoch=0 mom=0.8510 lrCyc[pk=9.7e-01,tr=9.9e-04] trainerStep=30700
[LAYER-HEALTH] live trainerStep=30700 scope=batch_norm_state_only reluSites=9/10 ch=1040 dead=0 off=2 alwaysOn=0 worst=blocks.1.bn2(dead 0 off 1 on 0) maxBetaOverGamma=+1.99@policy.pre_bn[103] minBetaOverGamma=-2.40@blocks.2.bn1[11] rvMaxOverMedian=65.4@blocks.1.bn1[14] rezero=none nonFinite=0
[REPLAY] step=30750 loss=3.4963 pLoss=2.6898 vLoss=0.7983 pEnt=2.911 pIllM=0.0083 playedP=0.157 pW=0.44 pD=0.06 pL=0.49 vAbs=0.265 pLogitMean=-10.4508 vLogitMean=0.6012 gNorm=0.422 lr=0.933 ms=2211.1 buf=500000 plies=262631304 games=3961589 rejected=0 skipped=0 epoch=0 mom=0.8508 lrCyc[pk=9.7e-01,tr=9.9e-04] trainerStep=30750
[LAYER-HEALTH] live trainerStep=30750 scope=batch_norm_state_only reluSites=9/10 ch=1040 dead=0 off=2 alwaysOn=0 worst=blocks.1.bn2(dead 0 off 1 on 0) maxBetaOverGamma=+1.96@policy.pre_bn[103] minBetaOverGamma=-2.43@blocks.2.bn1[11] rvMaxOverMedian=69.5@blocks.1.bn1[14] rezero=none nonFinite=0
[REPLAY] step=30800 loss=3.4548 pLoss=2.6593 vLoss=0.7887 pEnt=2.891 pIllM=0.0068 playedP=0.159 pW=0.43 pD=0.06 pL=0.51 vAbs=0.258 pLogitMean=-10.4756 vLogitMean=0.6027 gNorm=0.395 lr=0.947 ms=2391.2 buf=500000 plies=263057989 games=3968048 rejected=0 skipped=0 epoch=0 mom=0.8505 lrCyc[pk=9.7e-01,tr=9.9e-04] trainerStep=30800
[LAYER-HEALTH] live trainerStep=30800 scope=batch_norm_state_only reluSites=9/10 ch=1040 dead=0 off=2 alwaysOn=0 worst=blocks.1.bn2(dead 0 off 1 on 0) maxBetaOverGamma=+1.99@policy.pre_bn[103] minBetaOverGamma=-2.40@blocks.2.bn1[11] rvMaxOverMedian=69.3@blocks.1.bn1[14] rezero=none nonFinite=0
[REPLAY] step=30850 loss=3.5251 pLoss=2.7482 vLoss=0.7707 pEnt=2.838 pIllM=0.0062 playedP=0.170 pW=0.47 pD=0.07 pL=0.47 vAbs=0.265 pLogitMean=-10.5187 vLogitMean=0.6043 gNorm=0.401 lr=0.958 ms=2497.4 buf=500000 plies=263484599 games=3974525 rejected=0 skipped=0 epoch=0 mom=0.8504 lrCyc[pk=9.7e-01,tr=9.9e-04] trainerStep=30850
[LAYER-HEALTH] live trainerStep=30850 scope=batch_norm_state_only reluSites=9/10 ch=1040 dead=0 off=2 alwaysOn=0 worst=blocks.1.bn2(dead 0 off 1 on 0) maxBetaOverGamma=+1.99@policy.pre_bn[103] minBetaOverGamma=-2.46@blocks.2.bn1[11] rvMaxOverMedian=67.4@blocks.1.bn1[14] rezero=none nonFinite=0
[REPLAY] step=30900 loss=3.5196 pLoss=2.7359 vLoss=0.7780 pEnt=2.836 pIllM=0.0057 playedP=0.174 pW=0.48 pD=0.06 pL=0.46 vAbs=0.270 pLogitMean=-10.5961 vLogitMean=0.6022 gNorm=0.416 lr=0.966 ms=2417.4 buf=500000 plies=263911251 games=3981019 rejected=0 skipped=0 epoch=0 mom=0.8502 lrCyc[pk=9.7e-01,tr=9.9e-04] trainerStep=30900
[LAYER-HEALTH] live trainerStep=30900 scope=batch_norm_state_only reluSites=9/10 ch=1040 dead=0 off=3 alwaysOn=0 worst=blocks.2.bn1(dead 0 off 2 on 0) maxBetaOverGamma=+1.97@policy.pre_bn[103] minBetaOverGamma=-2.44@blocks.2.bn1[11] rvMaxOverMedian=67.7@blocks.1.bn1[14] rezero=none nonFinite=0
[REPLAY] step=30950 loss=3.4989 pLoss=2.7045 vLoss=0.7897 pEnt=2.872 pIllM=0.0047 playedP=0.164 pW=0.44 pD=0.06 pL=0.49 vAbs=0.270 pLogitMean=-10.6258 vLogitMean=0.6037 gNorm=0.365 lr=0.971 ms=1954.3 buf=500000 plies=264338000 games=3987564 rejected=0 skipped=0 epoch=0 mom=0.8502 lrCyc[pk=9.7e-01,tr=9.9e-04] trainerStep=30950
[LAYER-HEALTH] live trainerStep=30950 scope=batch_norm_state_only reluSites=9/10 ch=1040 dead=0 off=2 alwaysOn=0 worst=blocks.1.bn2(dead 0 off 1 on 0) maxBetaOverGamma=+2.05@policy.pre_bn[103] minBetaOverGamma=-2.40@blocks.2.bn1[11] rvMaxOverMedian=70.0@blocks.1.bn1[14] rezero=none nonFinite=0
[REPLAY] step=31000 loss=3.5399 pLoss=2.7320 vLoss=0.8016 pEnt=2.847 pIllM=0.0063 playedP=0.169 pW=0.47 pD=0.07 pL=0.46 vAbs=0.261 pLogitMean=-10.6576 vLogitMean=0.6013 gNorm=0.373 lr=0.973 ms=2495.7 buf=500000 plies=264764554 games=3993956 rejected=0 skipped=0 epoch=0 mom=0.8501 lrCyc[pk=9.7e-01,tr=9.9e-04] trainerStep=31000
[LAYER-HEALTH] live trainerStep=31000 scope=batch_norm_state_only reluSites=9/10 ch=1040 dead=0 off=2 alwaysOn=0 worst=blocks.1.bn2(dead 0 off 1 on 0) maxBetaOverGamma=+2.02@policy.pre_bn[103] minBetaOverGamma=-2.43@blocks.2.bn1[11] rvMaxOverMedian=70.1@blocks.1.bn1[14] rezero=none nonFinite=0
[REPLAY] saved trainer model (autosave) step=31000 trainerStep=31000 nextGame=3993956 shard=8 epoch=0 -> 20261005-lrBleaky-cyc1-replay-latest.safetensors
[LAYER-HEALTH] checkpoint replay-autosave step=31000 trainerStep=31000 scope=all_tensors reluSites=9/10 ch=1040 dead=0 off=2 alwaysOn=0 worst=blocks.1.bn2(dead 0 off 1 on 0) maxBetaOverGamma=+2.02@policy.pre_bn[103] minBetaOverGamma=-2.43@blocks.2.bn1[11] rvMaxOverMedian=70.1@blocks.1.bn1[14] rezero=none nonFinite=0 seZeroVel=none valueFC1ZeroVel=0/128 maxAbs=11.07@blocks.1.bn1.running_var
[LAYER-HEALTH]   batch-norm sites — β/|γ|: dead < -3.00, mostly off < -2.00, always on > +3.00; classified for relu/leaky_relu only
[LAYER-HEALTH]     site            act            ch   dead    off     on  zeroγ nonfin  min β/|γ| [ch]     max β/|γ| [ch]     rv max/median [ch]
[LAYER-HEALTH]     stem.bn         -             128    n/a    n/a    n/a      0      0     -2.20 [85]         +0.70 [33]            3.3 [118]
[LAYER-HEALTH]     blocks.0.bn1    relu          128      0      0      0      0      0     -0.89 [53]         +0.36 [18]            7.2 [14]
[LAYER-HEALTH]     blocks.0.bn2    relu          128      0      0      0      0      0     -1.60 [48]         -0.23 [118]           3.7 [33]
[LAYER-HEALTH]     blocks.1.bn1    relu          128      0      0      0      0      0     -1.58 [24]         -0.27 [14]           70.1 [14]
[LAYER-HEALTH]     blocks.1.bn2    relu          128      0      1      0      0      0     -2.16 [29]         -0.41 [49]            7.9 [49]
[LAYER-HEALTH]     blocks.2.bn1    relu          128      0      1      0      0      0     -2.43 [11]         +0.87 [31]           27.9 [125]
[LAYER-HEALTH]     blocks.2.bn2    relu          128      0      0      0      0      0     -1.70 [95]         -0.31 [33]            3.4 [68]
[LAYER-HEALTH]     tower_final_bn  relu          128      0      0      0      0      0     -0.75 [89]         +1.73 [114]           4.8 [125]
[LAYER-HEALTH]     policy.pre_bn   relu          128      0      0      0      0      0     -1.45 [47]         +2.02 [103]           4.5 [22]
[LAYER-HEALTH]     value.bn        leaky_relu     16      0      0      0      0      0     -1.71 [8]          -0.83 [7]             2.0 [1]
[LAYER-HEALTH]   FC hidden-unit velocity — zero: every weight-velocity entry exactly 0; low: nonzero but < 5% of the layer's p90 unit norm
[LAYER-HEALTH]     value.fc1.weight  leaky_relu  units 128  zero 0  low 12  median unit norm 0.004428
[LAYER-HEALTH]     (no SE blocks)
[LAYER-HEALTH]   ReZero: none
[LAYER-HEALTH]   non-finite: 0 values in 0 of 102 tensors (10263038 values examined)
[LAYER-HEALTH]   largest |value|: blocks.1.bn1.running_var 11.07, blocks.0.bn2.running_var 7.408, policy.conv.bias 5.887, blocks.2.bn1.running_var 5.396, policy.pre_bn.running_var 5.053
[REPLAY] enumerated checkpoint -> 20261005-lrBleaky-cyc1-replay-step31000.safetensors
[REPLAY] step=31050 loss=3.5756 pLoss=2.7570 vLoss=0.8125 pEnt=2.887 pIllM=0.0060 playedP=0.158 pW=0.46 pD=0.07 pL=0.46 vAbs=0.227 pLogitMean=-10.6968 vLogitMean=0.5992 gNorm=0.406 lr=0.971 ms=2607.8 buf=500000 plies=265191184 games=4000404 rejected=0 skipped=0 epoch=0 mom=0.8502 lrCyc[pk=9.7e-01,tr=9.9e-04] trainerStep=31050
[LAYER-HEALTH] live trainerStep=31050 scope=batch_norm_state_only reluSites=9/10 ch=1040 dead=0 off=2 alwaysOn=0 worst=blocks.1.bn2(dead 0 off 1 on 0) maxBetaOverGamma=+2.07@policy.pre_bn[103] minBetaOverGamma=-2.33@blocks.2.bn1[11] rvMaxOverMedian=72.1@blocks.1.bn1[14] rezero=none nonFinite=0
[REPLAY] step=31100 loss=3.4741 pLoss=2.6823 vLoss=0.7868 pEnt=2.842 pIllM=0.0049 playedP=0.173 pW=0.46 pD=0.06 pL=0.47 vAbs=0.267 pLogitMean=-10.7293 vLogitMean=0.6008 gNorm=0.317 lr=0.966 ms=2389.0 buf=500000 plies=265617920 games=4006867 rejected=0 skipped=0 epoch=0 mom=0.8502 lrCyc[pk=9.7e-01,tr=9.9e-04] trainerStep=31100
[LAYER-HEALTH] live trainerStep=31100 scope=batch_norm_state_only reluSites=9/10 ch=1040 dead=0 off=2 alwaysOn=0 worst=blocks.1.bn2(dead 0 off 1 on 0) maxBetaOverGamma=+2.06@policy.pre_bn[103] minBetaOverGamma=-2.42@blocks.2.bn1[11] rvMaxOverMedian=75.8@blocks.1.bn1[14] rezero=none nonFinite=0
[REPLAY] step=31150 loss=3.4954 pLoss=2.6987 vLoss=0.7913 pEnt=2.889 pIllM=0.0055 playedP=0.162 pW=0.45 pD=0.07 pL=0.49 vAbs=0.264 pLogitMean=-10.7123 vLogitMean=0.6041 gNorm=0.373 lr=0.958 ms=2268.3 buf=500000 plies=266044503 games=4013294 rejected=0 skipped=0 epoch=0 mom=0.8504 lrCyc[pk=9.7e-01,tr=9.9e-04] trainerStep=31150
[LAYER-HEALTH] live trainerStep=31150 scope=batch_norm_state_only reluSites=9/10 ch=1040 dead=0 off=3 alwaysOn=0 worst=blocks.2.bn1(dead 0 off 2 on 0) maxBetaOverGamma=+2.08@policy.pre_bn[103] minBetaOverGamma=-2.43@blocks.2.bn1[11] rvMaxOverMedian=77.3@blocks.1.bn1[14] rezero=none nonFinite=0
[REPLAY] step=31200 loss=3.5159 pLoss=2.7154 vLoss=0.7949 pEnt=2.888 pIllM=0.0056 playedP=0.162 pW=0.45 pD=0.07 pL=0.49 vAbs=0.236 pLogitMean=-10.7637 vLogitMean=0.6067 gNorm=0.342 lr=0.946 ms=1702.2 buf=500000 plies=266471163 games=4019765 rejected=0 skipped=0 epoch=0 mom=0.8505 lrCyc[pk=9.7e-01,tr=9.9e-04] trainerStep=31200
[LAYER-HEALTH] live trainerStep=31200 scope=batch_norm_state_only reluSites=9/10 ch=1040 dead=0 off=2 alwaysOn=0 worst=blocks.1.bn2(dead 0 off 1 on 0) maxBetaOverGamma=+2.10@policy.pre_bn[103] minBetaOverGamma=-2.47@blocks.2.bn1[11] rvMaxOverMedian=78.3@blocks.1.bn1[14] rezero=none nonFinite=0
[REPLAY] step=31250 loss=3.5057 pLoss=2.7229 vLoss=0.7768 pEnt=2.848 pIllM=0.0060 playedP=0.170 pW=0.49 pD=0.06 pL=0.45 vAbs=0.261 pLogitMean=-10.7432 vLogitMean=0.6051 gNorm=0.349 lr=0.932 ms=2478.2 buf=500000 plies=266897805 games=4026263 rejected=0 skipped=0 epoch=0 mom=0.8508 lrCyc[pk=9.7e-01,tr=9.9e-04] trainerStep=31250
[LAYER-HEALTH] live trainerStep=31250 scope=batch_norm_state_only reluSites=9/10 ch=1040 dead=0 off=2 alwaysOn=0 worst=blocks.1.bn2(dead 0 off 1 on 0) maxBetaOverGamma=+2.09@policy.pre_bn[103] minBetaOverGamma=-2.47@blocks.2.bn1[11] rvMaxOverMedian=82.4@blocks.1.bn1[14] rezero=none nonFinite=0
[REPLAY] step=31300 loss=3.5463 pLoss=2.7498 vLoss=0.7915 pEnt=2.849 pIllM=0.0049 playedP=0.168 pW=0.48 pD=0.07 pL=0.45 vAbs=0.268 pLogitMean=-10.7986 vLogitMean=0.6016 gNorm=0.347 lr=0.915 ms=2036.0 buf=500000 plies=267324474 games=4032747 rejected=0 skipped=0 epoch=0 mom=0.8510 lrCyc[pk=9.7e-01,tr=9.9e-04] trainerStep=31300
[LAYER-HEALTH] live trainerStep=31300 scope=batch_norm_state_only reluSites=9/10 ch=1040 dead=0 off=2 alwaysOn=0 worst=blocks.1.bn2(dead 0 off 1 on 0) maxBetaOverGamma=+2.11@policy.pre_bn[103] minBetaOverGamma=-2.45@blocks.2.bn1[11] rvMaxOverMedian=84.0@blocks.1.bn1[14] rezero=none nonFinite=0
[REPLAY] step=31350 loss=3.4799 pLoss=2.6843 vLoss=0.7904 pEnt=2.886 pIllM=0.0052 playedP=0.164 pW=0.45 pD=0.06 pL=0.49 vAbs=0.271 pLogitMean=-10.8257 vLogitMean=0.6028 gNorm=0.375 lr=0.895 ms=2017.0 buf=500000 plies=267751129 games=4039169 rejected=0 skipped=0 epoch=0 mom=0.8514 lrCyc[pk=9.7e-01,tr=9.9e-04] trainerStep=31350
[LAYER-HEALTH] live trainerStep=31350 scope=batch_norm_state_only reluSites=9/10 ch=1040 dead=0 off=2 alwaysOn=0 worst=blocks.1.bn2(dead 0 off 1 on 0) maxBetaOverGamma=+2.08@policy.pre_bn[103] minBetaOverGamma=-2.45@blocks.2.bn1[11] rvMaxOverMedian=85.7@blocks.1.bn1[14] rezero=none nonFinite=0
[REPLAY] step=31400 loss=3.4948 pLoss=2.7107 vLoss=0.7785 pEnt=2.865 pIllM=0.0055 playedP=0.167 pW=0.48 pD=0.07 pL=0.45 vAbs=0.266 pLogitMean=-10.8569 vLogitMean=0.6061 gNorm=0.354 lr=0.873 ms=2191.9 buf=500000 plies=268177748 games=4045635 rejected=0 skipped=0 epoch=0 mom=0.8517 lrCyc[pk=9.7e-01,tr=9.9e-04] trainerStep=31400
[LAYER-HEALTH] live trainerStep=31400 scope=batch_norm_state_only reluSites=9/10 ch=1040 dead=0 off=2 alwaysOn=0 worst=blocks.1.bn2(dead 0 off 1 on 0) maxBetaOverGamma=+2.08@policy.pre_bn[103] minBetaOverGamma=-2.50@blocks.2.bn1[11] rvMaxOverMedian=85.2@blocks.1.bn1[14] rezero=none nonFinite=0
[REPLAY] step=31450 loss=3.4644 pLoss=2.6685 vLoss=0.7914 pEnt=2.866 pIllM=0.0045 playedP=0.168 pW=0.45 pD=0.07 pL=0.49 vAbs=0.279 pLogitMean=-10.8491 vLogitMean=0.6014 gNorm=0.340 lr=0.848 ms=2684.0 buf=500000 plies=268604386 games=4052078 rejected=0 skipped=0 epoch=0 mom=0.8521 lrCyc[pk=9.7e-01,tr=9.9e-04] trainerStep=31450
[LAYER-HEALTH] live trainerStep=31450 scope=batch_norm_state_only reluSites=9/10 ch=1040 dead=0 off=3 alwaysOn=0 worst=blocks.2.bn1(dead 0 off 2 on 0) maxBetaOverGamma=+2.09@policy.pre_bn[103] minBetaOverGamma=-2.47@blocks.2.bn1[11] rvMaxOverMedian=89.0@blocks.1.bn1[14] rezero=none nonFinite=0
[REPLAY] step=31500 loss=3.4956 pLoss=2.6760 vLoss=0.8145 pEnt=2.881 pIllM=0.0051 playedP=0.167 pW=0.45 pD=0.07 pL=0.47 vAbs=0.249 pLogitMean=-10.8713 vLogitMean=0.6042 gNorm=0.320 lr=0.821 ms=2083.2 buf=500000 plies=269031021 games=4058585 rejected=0 skipped=0 epoch=0 mom=0.8526 lrCyc[pk=9.7e-01,tr=9.9e-04] trainerStep=31500
[LAYER-HEALTH] live trainerStep=31500 scope=batch_norm_state_only reluSites=9/10 ch=1040 dead=0 off=2 alwaysOn=0 worst=blocks.1.bn2(dead 0 off 1 on 0) maxBetaOverGamma=+2.08@policy.pre_bn[103] minBetaOverGamma=-2.52@blocks.2.bn1[11] rvMaxOverMedian=89.5@blocks.1.bn1[14] rezero=none nonFinite=0
[REPLAY] step=31550 loss=3.5167 pLoss=2.7221 vLoss=0.7894 pEnt=2.882 pIllM=0.0051 playedP=0.165 pW=0.49 pD=0.07 pL=0.45 vAbs=0.260 pLogitMean=-10.8818 vLogitMean=0.6047 gNorm=0.325 lr=0.793 ms=2188.4 buf=500000 plies=269457704 games=4065032 rejected=0 skipped=0 epoch=0 mom=0.8531 lrCyc[pk=9.7e-01,tr=9.9e-04] trainerStep=31550
[LAYER-HEALTH] live trainerStep=31550 scope=batch_norm_state_only reluSites=9/10 ch=1040 dead=0 off=3 alwaysOn=0 worst=blocks.2.bn1(dead 0 off 2 on 0) maxBetaOverGamma=+2.05@policy.pre_bn[103] minBetaOverGamma=-2.44@blocks.2.bn1[11] rvMaxOverMedian=86.8@blocks.1.bn1[14] rezero=none nonFinite=0
[REPLAY] step=31600 loss=3.5294 pLoss=2.7299 vLoss=0.7941 pEnt=2.874 pIllM=0.0054 playedP=0.166 pW=0.47 pD=0.07 pL=0.46 vAbs=0.239 pLogitMean=-10.9270 vLogitMean=0.6052 gNorm=0.283 lr=0.763 ms=1645.8 buf=500000 plies=269884340 games=4071504 rejected=0 skipped=0 epoch=0 mom=0.8537 lrCyc[pk=9.7e-01,tr=9.9e-04] trainerStep=31600
[LAYER-HEALTH] live trainerStep=31600 scope=batch_norm_state_only reluSites=9/10 ch=1040 dead=0 off=3 alwaysOn=0 worst=blocks.2.bn1(dead 0 off 2 on 0) maxBetaOverGamma=+2.08@policy.pre_bn[103] minBetaOverGamma=-2.43@blocks.2.bn1[11] rvMaxOverMedian=84.4@blocks.1.bn1[14] rezero=none nonFinite=0
[REPLAY] step=31650 loss=3.5112 pLoss=2.7075 vLoss=0.7993 pEnt=2.845 pIllM=0.0043 playedP=0.173 pW=0.46 pD=0.08 pL=0.46 vAbs=0.257 pLogitMean=-10.9388 vLogitMean=0.6036 gNorm=0.297 lr=0.732 ms=2544.1 buf=500000 plies=270310970 games=4077879 rejected=0 skipped=0 epoch=0 mom=0.8543 lrCyc[pk=9.7e-01,tr=9.9e-04] trainerStep=31650
[LAYER-HEALTH] live trainerStep=31650 scope=batch_norm_state_only reluSites=9/10 ch=1040 dead=0 off=3 alwaysOn=0 worst=blocks.2.bn1(dead 0 off 2 on 0) maxBetaOverGamma=+2.11@policy.pre_bn[103] minBetaOverGamma=-2.45@blocks.2.bn1[11] rvMaxOverMedian=84.1@blocks.1.bn1[14] rezero=none nonFinite=0
[REPLAY] step=31700 loss=3.5507 pLoss=2.7314 vLoss=0.8144 pEnt=2.926 pIllM=0.0048 playedP=0.159 pW=0.46 pD=0.08 pL=0.46 vAbs=0.260 pLogitMean=-10.9558 vLogitMean=0.6049 gNorm=0.309 lr=0.7 ms=2159.4 buf=500000 plies=270737670 games=4084342 rejected=0 skipped=0 epoch=0 mom=0.8549 lrCyc[pk=9.7e-01,tr=9.9e-04] trainerStep=31700
[LAYER-HEALTH] live trainerStep=31700 scope=batch_norm_state_only reluSites=9/10 ch=1040 dead=0 off=2 alwaysOn=0 worst=blocks.1.bn2(dead 0 off 1 on 0) maxBetaOverGamma=+2.07@policy.pre_bn[103] minBetaOverGamma=-2.52@blocks.2.bn1[11] rvMaxOverMedian=81.0@blocks.1.bn1[14] rezero=none nonFinite=0
[REPLAY] step=31750 loss=3.5065 pLoss=2.6979 vLoss=0.8039 pEnt=2.831 pIllM=0.0047 playedP=0.177 pW=0.48 pD=0.07 pL=0.44 vAbs=0.273 pLogitMean=-10.9439 vLogitMean=0.6058 gNorm=0.315 lr=0.668 ms=2398.6 buf=500000 plies=271164306 games=4090758 rejected=0 skipped=0 epoch=0 mom=0.8556 lrCyc[pk=9.7e-01,tr=9.9e-04] trainerStep=31750
[LAYER-HEALTH] live trainerStep=31750 scope=batch_norm_state_only reluSites=9/10 ch=1040 dead=0 off=2 alwaysOn=0 worst=blocks.1.bn2(dead 0 off 1 on 0) maxBetaOverGamma=+2.03@policy.pre_bn[103] minBetaOverGamma=-2.52@blocks.2.bn1[11] rvMaxOverMedian=81.8@blocks.1.bn1[14] rezero=none nonFinite=0
[REPLAY] step=31800 loss=3.5330 pLoss=2.7406 vLoss=0.7884 pEnt=2.863 pIllM=0.0039 playedP=0.171 pW=0.47 pD=0.07 pL=0.45 vAbs=0.261 pLogitMean=-10.9371 vLogitMean=0.6037 gNorm=0.297 lr=0.635 ms=1857.3 buf=500000 plies=271590937 games=4097224 rejected=0 skipped=0 epoch=0 mom=0.8563 lrCyc[pk=9.7e-01,tr=9.9e-04] trainerStep=31800
[LAYER-HEALTH] live trainerStep=31800 scope=batch_norm_state_only reluSites=9/10 ch=1040 dead=0 off=2 alwaysOn=0 worst=blocks.1.bn2(dead 0 off 1 on 0) maxBetaOverGamma=+2.03@policy.pre_bn[103] minBetaOverGamma=-2.52@blocks.2.bn1[11] rvMaxOverMedian=82.4@blocks.1.bn1[14] rezero=none nonFinite=0
[REPLAY] step=31850 loss=3.5056 pLoss=2.7164 vLoss=0.7855 pEnt=2.846 pIllM=0.0037 playedP=0.172 pW=0.47 pD=0.07 pL=0.46 vAbs=0.249 pLogitMean=-10.9172 vLogitMean=0.6042 gNorm=0.320 lr=0.601 ms=1878.5 buf=500000 plies=272017669 games=4103648 rejected=0 skipped=0 epoch=0 mom=0.8571 lrCyc[pk=9.7e-01,tr=9.9e-04] trainerStep=31850
[LAYER-HEALTH] live trainerStep=31850 scope=batch_norm_state_only reluSites=9/10 ch=1040 dead=0 off=2 alwaysOn=0 worst=blocks.1.bn2(dead 0 off 1 on 0) maxBetaOverGamma=+2.08@policy.pre_bn[103] minBetaOverGamma=-2.55@blocks.2.bn1[11] rvMaxOverMedian=80.9@blocks.1.bn1[14] rezero=none nonFinite=0
[REPLAY] step=31900 loss=3.4707 pLoss=2.6844 vLoss=0.7820 pEnt=2.855 pIllM=0.0043 playedP=0.171 pW=0.45 pD=0.07 pL=0.48 vAbs=0.251 pLogitMean=-10.9444 vLogitMean=0.6072 gNorm=0.323 lr=0.568 ms=1931.5 buf=500000 plies=272444233 games=4110073 rejected=0 skipped=0 epoch=0 mom=0.8579 lrCyc[pk=9.7e-01,tr=9.9e-04] trainerStep=31900
[LAYER-HEALTH] live trainerStep=31900 scope=batch_norm_state_only reluSites=9/10 ch=1040 dead=0 off=2 alwaysOn=0 worst=blocks.1.bn2(dead 0 off 1 on 0) maxBetaOverGamma=+2.04@policy.pre_bn[103] minBetaOverGamma=-2.53@blocks.2.bn1[11] rvMaxOverMedian=83.1@blocks.1.bn1[14] rezero=none nonFinite=0
[REPLAY] step=31950 loss=3.5287 pLoss=2.7322 vLoss=0.7933 pEnt=2.848 pIllM=0.0032 playedP=0.172 pW=0.48 pD=0.07 pL=0.46 vAbs=0.241 pLogitMean=-10.9273 vLogitMean=0.6031 gNorm=0.291 lr=0.536 ms=2090.6 buf=500000 plies=272870956 games=4116465 rejected=0 skipped=0 epoch=0 mom=0.8588 lrCyc[pk=9.7e-01,tr=9.9e-04] trainerStep=31950
[LAYER-HEALTH] live trainerStep=31950 scope=batch_norm_state_only reluSites=9/10 ch=1040 dead=0 off=2 alwaysOn=0 worst=blocks.1.bn2(dead 0 off 1 on 0) maxBetaOverGamma=+2.06@policy.pre_bn[103] minBetaOverGamma=-2.57@blocks.2.bn1[11] rvMaxOverMedian=83.3@blocks.1.bn1[14] rezero=none nonFinite=0
[REPLAY] step=32000 loss=3.5186 pLoss=2.7323 vLoss=0.7828 pEnt=2.851 pIllM=0.0035 playedP=0.173 pW=0.49 pD=0.07 pL=0.44 vAbs=0.269 pLogitMean=-10.9317 vLogitMean=0.6045 gNorm=0.302 lr=0.503 ms=2071.0 buf=500000 plies=273297555 games=4122972 rejected=0 skipped=0 epoch=0 mom=0.8597 lrCyc[pk=9.7e-01,tr=9.9e-04] trainerStep=32000
[LAYER-HEALTH] live trainerStep=32000 scope=batch_norm_state_only reluSites=9/10 ch=1040 dead=0 off=2 alwaysOn=0 worst=blocks.1.bn2(dead 0 off 1 on 0) maxBetaOverGamma=+2.04@policy.pre_bn[103] minBetaOverGamma=-2.53@blocks.2.bn1[11] rvMaxOverMedian=84.7@blocks.1.bn1[14] rezero=none nonFinite=0
[REPLAY] saved trainer model (autosave) step=32000 trainerStep=32000 nextGame=4122972 shard=9 epoch=0 -> 20261005-lrBleaky-cyc1-replay-latest.safetensors
[LAYER-HEALTH] checkpoint replay-autosave step=32000 trainerStep=32000 scope=all_tensors reluSites=9/10 ch=1040 dead=0 off=2 alwaysOn=0 worst=blocks.1.bn2(dead 0 off 1 on 0) maxBetaOverGamma=+2.04@policy.pre_bn[103] minBetaOverGamma=-2.53@blocks.2.bn1[11] rvMaxOverMedian=84.7@blocks.1.bn1[14] rezero=none nonFinite=0 seZeroVel=none valueFC1ZeroVel=0/128 maxAbs=11.85@blocks.1.bn1.running_var
[LAYER-HEALTH]   batch-norm sites — β/|γ|: dead < -3.00, mostly off < -2.00, always on > +3.00; classified for relu/leaky_relu only
[LAYER-HEALTH]     site            act            ch   dead    off     on  zeroγ nonfin  min β/|γ| [ch]     max β/|γ| [ch]     rv max/median [ch]
[LAYER-HEALTH]     stem.bn         -             128    n/a    n/a    n/a      0      0     -2.79 [85]         +0.83 [33]            4.4 [88]
[LAYER-HEALTH]     blocks.0.bn1    relu          128      0      0      0      0      0     -0.98 [53]         +0.37 [18]            8.1 [14]
[LAYER-HEALTH]     blocks.0.bn2    relu          128      0      0      0      0      0     -1.63 [48]         -0.21 [58]            3.8 [33]
[LAYER-HEALTH]     blocks.1.bn1    relu          128      0      0      0      0      0     -1.68 [52]         -0.26 [14]           84.7 [14]
[LAYER-HEALTH]     blocks.1.bn2    relu          128      0      1      0      0      0     -2.18 [29]         -0.35 [49]            7.9 [49]
[LAYER-HEALTH]     blocks.2.bn1    relu          128      0      1      0      0      0     -2.53 [11]         +0.73 [31]           32.6 [125]
[LAYER-HEALTH]     blocks.2.bn2    relu          128      0      0      0      0      0     -1.64 [95]         -0.33 [33]            3.3 [68]
[LAYER-HEALTH]     tower_final_bn  relu          128      0      0      0      0      0     -0.81 [89]         +1.67 [98]            4.9 [31]
[LAYER-HEALTH]     policy.pre_bn   relu          128      0      0      0      0      0     -1.48 [47]         +2.04 [103]           4.6 [22]
[LAYER-HEALTH]     value.bn        leaky_relu     16      0      0      0      0      0     -1.78 [2]          -0.69 [7]             2.2 [1]
[LAYER-HEALTH]   FC hidden-unit velocity — zero: every weight-velocity entry exactly 0; low: nonzero but < 5% of the layer's p90 unit norm
[LAYER-HEALTH]     value.fc1.weight  leaky_relu  units 128  zero 0  low 14  median unit norm 0.004123
[LAYER-HEALTH]     (no SE blocks)
[LAYER-HEALTH]   ReZero: none
[LAYER-HEALTH]   non-finite: 0 values in 0 of 102 tensors (10263038 values examined)
[LAYER-HEALTH]   largest |value|: blocks.1.bn1.running_var 11.85, blocks.0.bn2.running_var 7.7, policy.conv.bias 5.9, blocks.2.bn1.running_var 5.621, policy.pre_bn.running_var 5.02
[REPLAY] enumerated checkpoint -> 20261005-lrBleaky-cyc1-replay-step32000.safetensors
[REPLAY] step=32050 loss=3.5219 pLoss=2.7221 vLoss=0.7967 pEnt=2.884 pIllM=0.0031 playedP=0.169 pW=0.47 pD=0.07 pL=0.46 vAbs=0.261 pLogitMean=-10.9617 vLogitMean=0.6022 gNorm=0.324 lr=0.471 ms=1799.9 buf=500000 plies=273724200 games=4129418 rejected=0 skipped=0 epoch=0 mom=0.8606 lrCyc[pk=9.7e-01,tr=9.9e-04] trainerStep=32050
[LAYER-HEALTH] live trainerStep=32050 scope=batch_norm_state_only reluSites=9/10 ch=1040 dead=0 off=2 alwaysOn=0 worst=blocks.1.bn2(dead 0 off 1 on 0) maxBetaOverGamma=+2.04@policy.pre_bn[103] minBetaOverGamma=-2.48@blocks.2.bn1[11] rvMaxOverMedian=84.9@blocks.1.bn1[14] rezero=none nonFinite=0
[REPLAY] step=32100 loss=3.5455 pLoss=2.7331 vLoss=0.8092 pEnt=2.869 pIllM=0.0032 playedP=0.173 pW=0.48 pD=0.08 pL=0.45 vAbs=0.263 pLogitMean=-10.9530 vLogitMean=0.6028 gNorm=0.319 lr=0.441 ms=2094.5 buf=500000 plies=274150879 games=4135858 rejected=0 skipped=0 epoch=0 mom=0.8616 lrCyc[pk=9.7e-01,tr=9.9e-04] trainerStep=32100
[LAYER-HEALTH] live trainerStep=32100 scope=batch_norm_state_only reluSites=9/10 ch=1040 dead=0 off=2 alwaysOn=0 worst=blocks.1.bn2(dead 0 off 1 on 0) maxBetaOverGamma=+2.08@policy.pre_bn[103] minBetaOverGamma=-2.46@blocks.2.bn1[11] rvMaxOverMedian=82.7@blocks.1.bn1[14] rezero=none nonFinite=0
[REPLAY] step=32150 loss=3.5096 pLoss=2.7024 vLoss=0.8042 pEnt=2.857 pIllM=0.0030 playedP=0.173 pW=0.47 pD=0.07 pL=0.46 vAbs=0.262 pLogitMean=-10.9631 vLogitMean=0.6015 gNorm=0.311 lr=0.411 ms=1809.6 buf=500000 plies=274577536 games=4142304 rejected=0 skipped=0 epoch=0 mom=0.8626 lrCyc[pk=9.7e-01,tr=9.9e-04] trainerStep=32150
[LAYER-HEALTH] live trainerStep=32150 scope=batch_norm_state_only reluSites=9/10 ch=1040 dead=0 off=2 alwaysOn=0 worst=blocks.1.bn2(dead 0 off 1 on 0) maxBetaOverGamma=+2.07@policy.pre_bn[103] minBetaOverGamma=-2.42@blocks.2.bn1[11] rvMaxOverMedian=83.5@blocks.1.bn1[14] rezero=none nonFinite=0
[REPLAY] step=32200 loss=3.5086 pLoss=2.6968 vLoss=0.8087 pEnt=2.853 pIllM=0.0030 playedP=0.173 pW=0.48 pD=0.07 pL=0.46 vAbs=0.268 pLogitMean=-10.9389 vLogitMean=0.6053 gNorm=0.280 lr=0.382 ms=1706.9 buf=500000 plies=275004204 games=4148763 rejected=0 skipped=0 epoch=0 mom=0.8637 lrCyc[pk=9.7e-01,tr=9.9e-04] trainerStep=32200
[LAYER-HEALTH] live trainerStep=32200 scope=batch_norm_state_only reluSites=9/10 ch=1040 dead=0 off=3 alwaysOn=0 worst=blocks.2.bn1(dead 0 off 2 on 0) maxBetaOverGamma=+2.06@policy.pre_bn[103] minBetaOverGamma=-2.48@blocks.2.bn1[11] rvMaxOverMedian=84.1@blocks.1.bn1[14] rezero=none nonFinite=0
[REPLAY] step=32250 loss=3.4868 pLoss=2.6905 vLoss=0.7929 pEnt=2.892 pIllM=0.0034 playedP=0.168 pW=0.45 pD=0.06 pL=0.48 vAbs=0.253 pLogitMean=-10.9211 vLogitMean=0.6018 gNorm=0.305 lr=0.354 ms=2095.7 buf=500000 plies=275430833 games=4155242 rejected=0 skipped=0 epoch=0 mom=0.8648 lrCyc[pk=9.7e-01,tr=9.9e-04] trainerStep=32250
[LAYER-HEALTH] live trainerStep=32250 scope=batch_norm_state_only reluSites=9/10 ch=1040 dead=0 off=2 alwaysOn=0 worst=blocks.1.bn2(dead 0 off 1 on 0) maxBetaOverGamma=+2.03@policy.pre_bn[103] minBetaOverGamma=-2.49@blocks.2.bn1[11] rvMaxOverMedian=85.9@blocks.1.bn1[14] rezero=none nonFinite=0
[REPLAY] step=32300 loss=3.5313 pLoss=2.7292 vLoss=0.7991 pEnt=2.856 pIllM=0.0030 playedP=0.177 pW=0.48 pD=0.06 pL=0.46 vAbs=0.250 pLogitMean=-10.9271 vLogitMean=0.6052 gNorm=0.279 lr=0.328 ms=2555.9 buf=500000 plies=275857463 games=4161722 rejected=0 skipped=0 epoch=0 mom=0.8659 lrCyc[pk=9.7e-01,tr=9.9e-04] trainerStep=32300
[LAYER-HEALTH] live trainerStep=32300 scope=batch_norm_state_only reluSites=9/10 ch=1040 dead=0 off=2 alwaysOn=0 worst=blocks.1.bn2(dead 0 off 1 on 0) maxBetaOverGamma=+2.05@policy.pre_bn[103] minBetaOverGamma=-2.46@blocks.2.bn1[11] rvMaxOverMedian=85.8@blocks.1.bn1[14] rezero=none nonFinite=0
[REPLAY] step=32350 loss=3.5522 pLoss=2.7339 vLoss=0.8158 pEnt=2.870 pIllM=0.0024 playedP=0.169 pW=0.47 pD=0.06 pL=0.47 vAbs=0.246 pLogitMean=-10.9207 vLogitMean=0.6049 gNorm=0.288 lr=0.302 ms=2649.2 buf=500000 plies=276284077 games=4168140 rejected=0 skipped=0 epoch=0 mom=0.8671 lrCyc[pk=9.7e-01,tr=9.9e-04] trainerStep=32350
[LAYER-HEALTH] live trainerStep=32350 scope=batch_norm_state_only reluSites=9/10 ch=1040 dead=0 off=2 alwaysOn=0 worst=blocks.1.bn2(dead 0 off 1 on 0) maxBetaOverGamma=+2.05@policy.pre_bn[103] minBetaOverGamma=-2.43@blocks.2.bn1[11] rvMaxOverMedian=83.1@blocks.1.bn1[14] rezero=none nonFinite=0
[REPLAY] step=32400 loss=3.5197 pLoss=2.7156 vLoss=0.8013 pEnt=2.857 pIllM=0.0028 playedP=0.176 pW=0.47 pD=0.06 pL=0.47 vAbs=0.240 pLogitMean=-10.9103 vLogitMean=0.6056 gNorm=0.278 lr=0.278 ms=1926.9 buf=500000 plies=276710768 games=4174564 rejected=0 skipped=0 epoch=0 mom=0.8683 lrCyc[pk=9.7e-01,tr=9.9e-04] trainerStep=32400
[LAYER-HEALTH] live trainerStep=32400 scope=batch_norm_state_only reluSites=9/10 ch=1040 dead=0 off=2 alwaysOn=0 worst=blocks.1.bn2(dead 0 off 1 on 0) maxBetaOverGamma=+2.04@policy.pre_bn[103] minBetaOverGamma=-2.44@blocks.2.bn1[11] rvMaxOverMedian=83.0@blocks.1.bn1[14] rezero=none nonFinite=0
[REPLAY] step=32450 loss=3.4695 pLoss=2.6761 vLoss=0.7907 pEnt=2.858 pIllM=0.0027 playedP=0.177 pW=0.46 pD=0.06 pL=0.47 vAbs=0.250 pLogitMean=-10.9132 vLogitMean=0.6015 gNorm=0.270 lr=0.256 ms=2431.1 buf=500000 plies=277137386 games=4181023 rejected=0 skipped=0 epoch=0 mom=0.8695 lrCyc[pk=9.7e-01,tr=9.9e-04] trainerStep=32450
[LAYER-HEALTH] live trainerStep=32450 scope=batch_norm_state_only reluSites=9/10 ch=1040 dead=0 off=2 alwaysOn=0 worst=blocks.1.bn2(dead 0 off 1 on 0) maxBetaOverGamma=+2.03@policy.pre_bn[103] minBetaOverGamma=-2.46@blocks.2.bn1[11] rvMaxOverMedian=84.0@blocks.1.bn1[14] rezero=none nonFinite=0
[REPLAY] step=32500 loss=3.5118 pLoss=2.6941 vLoss=0.8152 pEnt=2.856 pIllM=0.0025 playedP=0.177 pW=0.46 pD=0.07 pL=0.47 vAbs=0.248 pLogitMean=-10.9085 vLogitMean=0.6060 gNorm=0.290 lr=0.235 ms=2193.4 buf=500000 plies=277564045 games=4187470 rejected=0 skipped=0 epoch=0 mom=0.8707 lrCyc[pk=9.7e-01,tr=9.9e-04] trainerStep=32500
[LAYER-HEALTH] live trainerStep=32500 scope=batch_norm_state_only reluSites=9/10 ch=1040 dead=0 off=2 alwaysOn=0 worst=blocks.1.bn2(dead 0 off 1 on 0) maxBetaOverGamma=+2.04@policy.pre_bn[103] minBetaOverGamma=-2.49@blocks.2.bn1[11] rvMaxOverMedian=87.4@blocks.1.bn1[14] rezero=none nonFinite=0
[REPLAY] step=32550 loss=3.4921 pLoss=2.6878 vLoss=0.8020 pEnt=2.876 pIllM=0.0023 playedP=0.169 pW=0.47 pD=0.07 pL=0.46 vAbs=0.248 pLogitMean=-10.9159 vLogitMean=0.6046 gNorm=0.278 lr=0.215 ms=2351.8 buf=500000 plies=277990689 games=4193841 rejected=0 skipped=0 epoch=0 mom=0.8720 lrCyc[pk=9.7e-01,tr=9.9e-04] trainerStep=32550
[LAYER-HEALTH] live trainerStep=32550 scope=batch_norm_state_only reluSites=9/10 ch=1040 dead=0 off=2 alwaysOn=0 worst=blocks.1.bn2(dead 0 off 1 on 0) maxBetaOverGamma=+2.03@policy.pre_bn[103] minBetaOverGamma=-2.48@blocks.2.bn1[11] rvMaxOverMedian=86.2@blocks.1.bn1[14] rezero=none nonFinite=0
[REPLAY] step=32600 loss=3.4609 pLoss=2.6658 vLoss=0.7927 pEnt=2.836 pIllM=0.0023 playedP=0.175 pW=0.46 pD=0.07 pL=0.47 vAbs=0.263 pLogitMean=-10.9120 vLogitMean=0.6037 gNorm=0.291 lr=0.196 ms=2603.6 buf=500000 plies=278417425 games=4200218 rejected=0 skipped=0 epoch=0 mom=0.8733 lrCyc[pk=9.7e-01,tr=9.9e-04] trainerStep=32600
[LAYER-HEALTH] live trainerStep=32600 scope=batch_norm_state_only reluSites=9/10 ch=1040 dead=0 off=2 alwaysOn=0 worst=blocks.1.bn2(dead 0 off 1 on 0) maxBetaOverGamma=+2.04@policy.pre_bn[103] minBetaOverGamma=-2.54@blocks.2.bn1[11] rvMaxOverMedian=86.9@blocks.1.bn1[14] rezero=none nonFinite=0
[REPLAY] step=32650 loss=3.4934 pLoss=2.6967 vLoss=0.7944 pEnt=2.843 pIllM=0.0023 playedP=0.181 pW=0.47 pD=0.07 pL=0.46 vAbs=0.257 pLogitMean=-10.9092 vLogitMean=0.6020 gNorm=0.263 lr=0.179 ms=2231.3 buf=500000 plies=278844032 games=4206675 rejected=0 skipped=0 epoch=0 mom=0.8747 lrCyc[pk=9.7e-01,tr=9.9e-04] trainerStep=32650
[LAYER-HEALTH] live trainerStep=32650 scope=batch_norm_state_only reluSites=9/10 ch=1040 dead=0 off=3 alwaysOn=0 worst=blocks.2.bn1(dead 0 off 2 on 0) maxBetaOverGamma=+2.02@policy.pre_bn[103] minBetaOverGamma=-2.52@blocks.2.bn1[11] rvMaxOverMedian=87.7@blocks.1.bn1[14] rezero=none nonFinite=0
[REPLAY] step=32700 loss=3.5115 pLoss=2.7131 vLoss=0.7963 pEnt=2.865 pIllM=0.0020 playedP=0.177 pW=0.47 pD=0.07 pL=0.47 vAbs=0.247 pLogitMean=-10.9063 vLogitMean=0.6041 gNorm=0.263 lr=0.163 ms=2074.4 buf=500000 plies=279270647 games=4213075 rejected=0 skipped=0 epoch=0 mom=0.8760 lrCyc[pk=9.7e-01,tr=9.9e-04] trainerStep=32700
[LAYER-HEALTH] live trainerStep=32700 scope=batch_norm_state_only reluSites=9/10 ch=1040 dead=0 off=3 alwaysOn=0 worst=blocks.2.bn1(dead 0 off 2 on 0) maxBetaOverGamma=+2.02@policy.pre_bn[103] minBetaOverGamma=-2.49@blocks.2.bn1[11] rvMaxOverMedian=89.2@blocks.1.bn1[14] rezero=none nonFinite=0
[REPLAY] step=32750 loss=3.5157 pLoss=2.7052 vLoss=0.8085 pEnt=2.830 pIllM=0.0020 playedP=0.179 pW=0.48 pD=0.07 pL=0.45 vAbs=0.246 pLogitMean=-10.8931 vLogitMean=0.6035 gNorm=0.265 lr=0.148 ms=2272.4 buf=500000 plies=279697398 games=4219509 rejected=0 skipped=0 epoch=0 mom=0.8774 lrCyc[pk=9.7e-01,tr=9.9e-04] trainerStep=32750
[LAYER-HEALTH] live trainerStep=32750 scope=batch_norm_state_only reluSites=9/10 ch=1040 dead=0 off=2 alwaysOn=0 worst=blocks.1.bn2(dead 0 off 1 on 0) maxBetaOverGamma=+2.02@policy.pre_bn[103] minBetaOverGamma=-2.49@blocks.2.bn1[11] rvMaxOverMedian=89.3@blocks.1.bn1[14] rezero=none nonFinite=0
[REPLAY] step=32800 loss=3.4932 pLoss=2.6940 vLoss=0.7972 pEnt=2.851 pIllM=0.0020 playedP=0.178 pW=0.47 pD=0.06 pL=0.47 vAbs=0.242 pLogitMean=-10.8890 vLogitMean=0.6023 gNorm=0.251 lr=0.134 ms=2311.5 buf=500000 plies=280123967 games=4225921 rejected=0 skipped=0 epoch=0 mom=0.8788 lrCyc[pk=9.7e-01,tr=9.9e-04] trainerStep=32800
[LAYER-HEALTH] live trainerStep=32800 scope=batch_norm_state_only reluSites=9/10 ch=1040 dead=0 off=2 alwaysOn=0 worst=blocks.1.bn2(dead 0 off 1 on 0) maxBetaOverGamma=+2.01@policy.pre_bn[103] minBetaOverGamma=-2.50@blocks.2.bn1[11] rvMaxOverMedian=88.7@blocks.1.bn1[14] rezero=none nonFinite=0
[REPLAY] step=32850 loss=3.4988 pLoss=2.6854 vLoss=0.8114 pEnt=2.876 pIllM=0.0020 playedP=0.175 pW=0.46 pD=0.07 pL=0.47 vAbs=0.232 pLogitMean=-10.8968 vLogitMean=0.6033 gNorm=0.271 lr=0.122 ms=2240.6 buf=500000 plies=280550592 games=4232393 rejected=0 skipped=0 epoch=0 mom=0.8803 lrCyc[pk=9.7e-01,tr=9.9e-04] trainerStep=32850
[LAYER-HEALTH] live trainerStep=32850 scope=batch_norm_state_only reluSites=9/10 ch=1040 dead=0 off=3 alwaysOn=0 worst=blocks.2.bn1(dead 0 off 2 on 0) maxBetaOverGamma=+2.01@policy.pre_bn[103] minBetaOverGamma=-2.49@blocks.2.bn1[11] rvMaxOverMedian=90.3@blocks.1.bn1[14] rezero=none nonFinite=0
[REPLAY] step=32900 loss=3.4636 pLoss=2.6740 vLoss=0.7879 pEnt=2.863 pIllM=0.0017 playedP=0.176 pW=0.48 pD=0.06 pL=0.46 vAbs=0.267 pLogitMean=-10.8907 vLogitMean=0.6037 gNorm=0.265 lr=0.11 ms=1987.8 buf=500000 plies=280977308 games=4238871 rejected=0 skipped=0 epoch=0 mom=0.8817 lrCyc[pk=9.7e-01,tr=9.9e-04] trainerStep=32900
[LAYER-HEALTH] live trainerStep=32900 scope=batch_norm_state_only reluSites=9/10 ch=1040 dead=0 off=2 alwaysOn=0 worst=blocks.1.bn2(dead 0 off 1 on 0) maxBetaOverGamma=+2.01@policy.pre_bn[103] minBetaOverGamma=-2.47@blocks.2.bn1[11] rvMaxOverMedian=91.1@blocks.1.bn1[14] rezero=none nonFinite=0
[REPLAY] step=32950 loss=3.4783 pLoss=2.6934 vLoss=0.7833 pEnt=2.860 pIllM=0.0017 playedP=0.178 pW=0.47 pD=0.06 pL=0.46 vAbs=0.261 pLogitMean=-10.8874 vLogitMean=0.6037 gNorm=0.262 lr=0.0994 ms=2662.9 buf=500000 plies=281403962 games=4245340 rejected=0 skipped=0 epoch=0 mom=0.8832 lrCyc[pk=9.7e-01,tr=9.9e-04] trainerStep=32950
[LAYER-HEALTH] live trainerStep=32950 scope=batch_norm_state_only reluSites=9/10 ch=1040 dead=0 off=3 alwaysOn=0 worst=blocks.1.bn2(dead 0 off 1 on 0) maxBetaOverGamma=+2.02@policy.pre_bn[103] minBetaOverGamma=-2.48@blocks.2.bn1[11] rvMaxOverMedian=91.4@blocks.1.bn1[14] rezero=none nonFinite=0
[REPLAY] step=33000 loss=3.4885 pLoss=2.6925 vLoss=0.7940 pEnt=2.859 pIllM=0.0020 playedP=0.175 pW=0.46 pD=0.07 pL=0.47 vAbs=0.243 pLogitMean=-10.8831 vLogitMean=0.6040 gNorm=0.272 lr=0.0897 ms=2071.5 buf=500000 plies=281830524 games=4251788 rejected=0 skipped=0 epoch=0 mom=0.8847 lrCyc[pk=9.7e-01,tr=9.9e-04] trainerStep=33000
[LAYER-HEALTH] live trainerStep=33000 scope=batch_norm_state_only reluSites=9/10 ch=1040 dead=0 off=3 alwaysOn=0 worst=blocks.1.bn2(dead 0 off 1 on 0) maxBetaOverGamma=+2.01@policy.pre_bn[103] minBetaOverGamma=-2.51@blocks.2.bn1[11] rvMaxOverMedian=91.2@blocks.1.bn1[14] rezero=none nonFinite=0
[REPLAY] saved trainer model (autosave) step=33000 trainerStep=33000 nextGame=4251788 shard=9 epoch=0 -> 20261005-lrBleaky-cyc1-replay-latest.safetensors
[LAYER-HEALTH] checkpoint replay-autosave step=33000 trainerStep=33000 scope=all_tensors reluSites=9/10 ch=1040 dead=0 off=3 alwaysOn=0 worst=blocks.1.bn2(dead 0 off 1 on 0) maxBetaOverGamma=+2.01@policy.pre_bn[103] minBetaOverGamma=-2.51@blocks.2.bn1[11] rvMaxOverMedian=91.2@blocks.1.bn1[14] rezero=none nonFinite=0 seZeroVel=none valueFC1ZeroVel=0/128 maxAbs=11.59@blocks.1.bn1.running_var
[LAYER-HEALTH]   batch-norm sites — β/|γ|: dead < -3.00, mostly off < -2.00, always on > +3.00; classified for relu/leaky_relu only
[LAYER-HEALTH]     site            act            ch   dead    off     on  zeroγ nonfin  min β/|γ| [ch]     max β/|γ| [ch]     rv max/median [ch]
[LAYER-HEALTH]     stem.bn         -             128    n/a    n/a    n/a      0      0     -2.93 [85]         +0.79 [33]            3.7 [43]
[LAYER-HEALTH]     blocks.0.bn1    relu          128      0      0      0      0      0     -0.97 [53]         +0.38 [18]            8.7 [14]
[LAYER-HEALTH]     blocks.0.bn2    relu          128      0      0      0      0      0     -1.61 [48]         -0.05 [58]            3.6 [33]
[LAYER-HEALTH]     blocks.1.bn1    relu          128      0      0      0      0      0     -1.68 [52]         -0.25 [14]           91.2 [14]
[LAYER-HEALTH]     blocks.1.bn2    relu          128      0      1      0      0      0     -2.25 [29]         -0.28 [49]            8.6 [49]
[LAYER-HEALTH]     blocks.2.bn1    relu          128      0      1      0      0      0     -2.51 [11]         +1.02 [31]           33.8 [125]
[LAYER-HEALTH]     blocks.2.bn2    relu          128      0      0      0      0      0     -1.59 [95]         -0.31 [33]            3.3 [103]
[LAYER-HEALTH]     tower_final_bn  relu          128      0      0      0      0      0     -0.84 [89]         +1.72 [98]            5.4 [31]
[LAYER-HEALTH]     policy.pre_bn   relu          128      0      0      0      0      0     -1.48 [47]         +2.01 [103]           4.7 [22]
[LAYER-HEALTH]     value.bn        leaky_relu     16      0      1      0      0      0     -2.01 [10]         -0.54 [7]             2.5 [1]
[LAYER-HEALTH]   FC hidden-unit velocity — zero: every weight-velocity entry exactly 0; low: nonzero but < 5% of the layer's p90 unit norm
[LAYER-HEALTH]     value.fc1.weight  leaky_relu  units 128  zero 0  low 17  median unit norm 0.003604
[LAYER-HEALTH]     (no SE blocks)
[LAYER-HEALTH]   ReZero: none
[LAYER-HEALTH]   non-finite: 0 values in 0 of 102 tensors (10263038 values examined)
[LAYER-HEALTH]   largest |value|: blocks.1.bn1.running_var 11.59, blocks.0.bn2.running_var 7.221, policy.conv.bias 5.968, blocks.2.bn1.running_var 5.237, blocks.1.bn2.running_var 4.926
[REPLAY] enumerated checkpoint -> 20261005-lrBleaky-cyc1-replay-step33000.safetensors
[REPLAY] step=33050 loss=3.4877 pLoss=2.6749 vLoss=0.8111 pEnt=2.847 pIllM=0.0016 playedP=0.176 pW=0.47 pD=0.07 pL=0.46 vAbs=0.257 pLogitMean=-10.8787 vLogitMean=0.6017 gNorm=0.264 lr=0.0809 ms=1448.4 buf=500000 plies=282257247 games=4258182 rejected=0 skipped=0 epoch=0 mom=0.8862 lrCyc[pk=9.7e-01,tr=9.9e-04] trainerStep=33050
[LAYER-HEALTH] live trainerStep=33050 scope=batch_norm_state_only reluSites=9/10 ch=1040 dead=0 off=3 alwaysOn=0 worst=blocks.1.bn2(dead 0 off 1 on 0) maxBetaOverGamma=+2.01@policy.pre_bn[103] minBetaOverGamma=-2.51@blocks.2.bn1[11] rvMaxOverMedian=90.9@blocks.1.bn1[14] rezero=none nonFinite=0
[REPLAY] step=33100 loss=3.4939 pLoss=2.6955 vLoss=0.7966 pEnt=2.859 pIllM=0.0018 playedP=0.178 pW=0.47 pD=0.07 pL=0.47 vAbs=0.242 pLogitMean=-10.8792 vLogitMean=0.6027 gNorm=0.255 lr=0.0729 ms=2349.2 buf=500000 plies=282683833 games=4264632 rejected=0 skipped=0 epoch=0 mom=0.8877 lrCyc[pk=9.7e-01,tr=9.9e-04] trainerStep=33100
[LAYER-HEALTH] live trainerStep=33100 scope=batch_norm_state_only reluSites=9/10 ch=1040 dead=0 off=4 alwaysOn=0 worst=blocks.2.bn1(dead 0 off 2 on 0) maxBetaOverGamma=+2.02@policy.pre_bn[103] minBetaOverGamma=-2.49@blocks.2.bn1[11] rvMaxOverMedian=89.8@blocks.1.bn1[14] rezero=none nonFinite=0
[REPLAY] step=33150 loss=3.4615 pLoss=2.6673 vLoss=0.7926 pEnt=2.857 pIllM=0.0016 playedP=0.179 pW=0.47 pD=0.06 pL=0.47 vAbs=0.243 pLogitMean=-10.8858 vLogitMean=0.6031 gNorm=0.260 lr=0.0656 ms=2728.0 buf=500000 plies=283110480 games=4271140 rejected=0 skipped=0 epoch=0 mom=0.8892 lrCyc[pk=9.7e-01,tr=9.9e-04] trainerStep=33150
[LAYER-HEALTH] live trainerStep=33150 scope=batch_norm_state_only reluSites=9/10 ch=1040 dead=0 off=3 alwaysOn=0 worst=blocks.1.bn2(dead 0 off 1 on 0) maxBetaOverGamma=+2.02@policy.pre_bn[103] minBetaOverGamma=-2.49@blocks.2.bn1[11] rvMaxOverMedian=89.9@blocks.1.bn1[14] rezero=none nonFinite=0
[REPLAY] step=33200 loss=3.5421 pLoss=2.7501 vLoss=0.7905 pEnt=2.852 pIllM=0.0016 playedP=0.179 pW=0.48 pD=0.06 pL=0.46 vAbs=0.241 pLogitMean=-10.8747 vLogitMean=0.6054 gNorm=0.275 lr=0.059 ms=2162.3 buf=500000 plies=283537145 games=4277593 rejected=0 skipped=0 epoch=0 mom=0.8907 lrCyc[pk=9.7e-01,tr=9.9e-04] trainerStep=33200
[LAYER-HEALTH] live trainerStep=33200 scope=batch_norm_state_only reluSites=9/10 ch=1040 dead=0 off=3 alwaysOn=0 worst=blocks.1.bn2(dead 0 off 1 on 0) maxBetaOverGamma=+2.01@policy.pre_bn[103] minBetaOverGamma=-2.49@blocks.2.bn1[11] rvMaxOverMedian=90.5@blocks.1.bn1[14] rezero=none nonFinite=0
[REPLAY] step=33250 loss=3.5260 pLoss=2.7121 vLoss=0.8122 pEnt=2.864 pIllM=0.0018 playedP=0.177 pW=0.48 pD=0.07 pL=0.45 vAbs=0.237 pLogitMean=-10.8794 vLogitMean=0.6032 gNorm=0.255 lr=0.053 ms=1957.2 buf=500000 plies=283963822 games=4284053 rejected=0 skipped=0 epoch=0 mom=0.8923 lrCyc[pk=9.7e-01,tr=9.9e-04] trainerStep=33250
[LAYER-HEALTH] live trainerStep=33250 scope=batch_norm_state_only reluSites=9/10 ch=1040 dead=0 off=3 alwaysOn=0 worst=blocks.1.bn2(dead 0 off 1 on 0) maxBetaOverGamma=+2.01@policy.pre_bn[103] minBetaOverGamma=-2.51@blocks.2.bn1[11] rvMaxOverMedian=90.1@blocks.1.bn1[14] rezero=none nonFinite=0
[REPLAY] step=33300 loss=3.5116 pLoss=2.7115 vLoss=0.7986 pEnt=2.865 pIllM=0.0015 playedP=0.175 pW=0.47 pD=0.06 pL=0.47 vAbs=0.249 pLogitMean=-10.8751 vLogitMean=0.6036 gNorm=0.260 lr=0.0476 ms=2672.2 buf=500000 plies=284390429 games=4290531 rejected=0 skipped=0 epoch=0 mom=0.8938 lrCyc[pk=9.7e-01,tr=9.9e-04] trainerStep=33300
[LAYER-HEALTH] live trainerStep=33300 scope=batch_norm_state_only reluSites=9/10 ch=1040 dead=0 off=3 alwaysOn=0 worst=blocks.1.bn2(dead 0 off 1 on 0) maxBetaOverGamma=+2.01@policy.pre_bn[103] minBetaOverGamma=-2.48@blocks.2.bn1[11] rvMaxOverMedian=90.4@blocks.1.bn1[14] rezero=none nonFinite=0
[REPLAY] step=33350 loss=3.5341 pLoss=2.7273 vLoss=0.8050 pEnt=2.856 pIllM=0.0018 playedP=0.181 pW=0.48 pD=0.06 pL=0.45 vAbs=0.241 pLogitMean=-10.8760 vLogitMean=0.6050 gNorm=0.246 lr=0.0428 ms=2737.8 buf=500000 plies=284817170 games=4296971 rejected=0 skipped=0 epoch=0 mom=0.8954 lrCyc[pk=9.7e-01,tr=9.9e-04] trainerStep=33350
[LAYER-HEALTH] live trainerStep=33350 scope=batch_norm_state_only reluSites=9/10 ch=1040 dead=0 off=3 alwaysOn=0 worst=blocks.1.bn2(dead 0 off 1 on 0) maxBetaOverGamma=+2.01@policy.pre_bn[103] minBetaOverGamma=-2.47@blocks.2.bn1[11] rvMaxOverMedian=89.8@blocks.1.bn1[14] rezero=none nonFinite=0
[REPLAY] step=33400 loss=3.5097 pLoss=2.6919 vLoss=0.8163 pEnt=2.845 pIllM=0.0015 playedP=0.181 pW=0.47 pD=0.07 pL=0.47 vAbs=0.235 pLogitMean=-10.8801 vLogitMean=0.6037 gNorm=0.245 lr=0.0384 ms=2260.0 buf=500000 plies=285243725 games=4303337 rejected=0 skipped=0 epoch=0 mom=0.8969 lrCyc[pk=9.7e-01,tr=9.9e-04] trainerStep=33400
[LAYER-HEALTH] live trainerStep=33400 scope=batch_norm_state_only reluSites=9/10 ch=1040 dead=0 off=3 alwaysOn=0 worst=blocks.1.bn2(dead 0 off 1 on 0) maxBetaOverGamma=+2.01@policy.pre_bn[103] minBetaOverGamma=-2.47@blocks.2.bn1[11] rvMaxOverMedian=89.1@blocks.1.bn1[14] rezero=none nonFinite=0
[REPLAY] step=33450 loss=3.4737 pLoss=2.6716 vLoss=0.8005 pEnt=2.855 pIllM=0.0016 playedP=0.181 pW=0.47 pD=0.07 pL=0.46 vAbs=0.250 pLogitMean=-10.8840 vLogitMean=0.6037 gNorm=0.250 lr=0.0345 ms=2256.9 buf=500000 plies=285670464 games=4309758 rejected=0 skipped=0 epoch=0 mom=0.8985 lrCyc[pk=9.7e-01,tr=9.9e-04] trainerStep=33450
[LAYER-HEALTH] live trainerStep=33450 scope=batch_norm_state_only reluSites=9/10 ch=1040 dead=0 off=3 alwaysOn=0 worst=blocks.1.bn2(dead 0 off 1 on 0) maxBetaOverGamma=+2.01@policy.pre_bn[103] minBetaOverGamma=-2.49@blocks.2.bn1[11] rvMaxOverMedian=89.7@blocks.1.bn1[14] rezero=none nonFinite=0
[REPLAY] step=33500 loss=3.4963 pLoss=2.6873 vLoss=0.8074 pEnt=2.839 pIllM=0.0017 playedP=0.178 pW=0.47 pD=0.07 pL=0.46 vAbs=0.260 pLogitMean=-10.8810 vLogitMean=0.6031 gNorm=0.250 lr=0.0309 ms=2425.1 buf=500000 plies=286097065 games=4316173 rejected=0 skipped=0 epoch=0 mom=0.9001 lrCyc[pk=9.7e-01,tr=9.9e-04] trainerStep=33500
[LAYER-HEALTH] live trainerStep=33500 scope=batch_norm_state_only reluSites=9/10 ch=1040 dead=0 off=3 alwaysOn=0 worst=blocks.1.bn2(dead 0 off 1 on 0) maxBetaOverGamma=+2.01@policy.pre_bn[103] minBetaOverGamma=-2.49@blocks.2.bn1[11] rvMaxOverMedian=90.2@blocks.1.bn1[14] rezero=none nonFinite=0
[REPLAY] step=33550 loss=3.5171 pLoss=2.7123 vLoss=0.8033 pEnt=2.857 pIllM=0.0015 playedP=0.175 pW=0.47 pD=0.07 pL=0.47 vAbs=0.241 pLogitMean=-10.8854 vLogitMean=0.6054 gNorm=0.255 lr=0.0277 ms=2622.1 buf=500000 plies=286523704 games=4322632 rejected=0 skipped=0 epoch=0 mom=0.9016 lrCyc[pk=9.7e-01,tr=9.9e-04] trainerStep=33550
[LAYER-HEALTH] live trainerStep=33550 scope=batch_norm_state_only reluSites=9/10 ch=1040 dead=0 off=3 alwaysOn=0 worst=blocks.1.bn2(dead 0 off 1 on 0) maxBetaOverGamma=+2.01@policy.pre_bn[103] minBetaOverGamma=-2.49@blocks.2.bn1[11] rvMaxOverMedian=89.6@blocks.1.bn1[14] rezero=none nonFinite=0
[REPLAY] step=33600 loss=3.4900 pLoss=2.6871 vLoss=0.8015 pEnt=2.872 pIllM=0.0014 playedP=0.174 pW=0.47 pD=0.06 pL=0.46 vAbs=0.249 pLogitMean=-10.8962 vLogitMean=0.6023 gNorm=0.244 lr=0.0249 ms=2483.7 buf=500000 plies=286950327 games=4329099 rejected=0 skipped=0 epoch=0 mom=0.9032 lrCyc[pk=9.7e-01,tr=9.9e-04] trainerStep=33600
[LAYER-HEALTH] live trainerStep=33600 scope=batch_norm_state_only reluSites=9/10 ch=1040 dead=0 off=3 alwaysOn=0 worst=blocks.1.bn2(dead 0 off 1 on 0) maxBetaOverGamma=+2.01@policy.pre_bn[103] minBetaOverGamma=-2.49@blocks.2.bn1[11] rvMaxOverMedian=90.5@blocks.1.bn1[14] rezero=none nonFinite=0
[REPLAY] step=33650 loss=3.5240 pLoss=2.7299 vLoss=0.7925 pEnt=2.843 pIllM=0.0015 playedP=0.181 pW=0.47 pD=0.06 pL=0.46 vAbs=0.239 pLogitMean=-10.8933 vLogitMean=0.6032 gNorm=0.259 lr=0.0224 ms=1862.2 buf=500000 plies=287377018 games=4335576 rejected=0 skipped=0 epoch=0 mom=0.9048 lrCyc[pk=9.7e-01,tr=9.9e-04] trainerStep=33650
[LAYER-HEALTH] live trainerStep=33650 scope=batch_norm_state_only reluSites=9/10 ch=1040 dead=0 off=3 alwaysOn=0 worst=blocks.1.bn2(dead 0 off 1 on 0) maxBetaOverGamma=+2.01@policy.pre_bn[103] minBetaOverGamma=-2.48@blocks.2.bn1[11] rvMaxOverMedian=90.6@blocks.1.bn1[14] rezero=none nonFinite=0
[REPLAY] step=33700 loss=3.4703 pLoss=2.6677 vLoss=0.8012 pEnt=2.869 pIllM=0.0014 playedP=0.177 pW=0.47 pD=0.06 pL=0.47 vAbs=0.240 pLogitMean=-10.8895 vLogitMean=0.6020 gNorm=0.250 lr=0.0201 ms=2228.1 buf=500000 plies=287803625 games=4342042 rejected=0 skipped=0 epoch=0 mom=0.9063 lrCyc[pk=9.7e-01,tr=9.9e-04] trainerStep=33700
[LAYER-HEALTH] live trainerStep=33700 scope=batch_norm_state_only reluSites=9/10 ch=1040 dead=0 off=3 alwaysOn=0 worst=blocks.1.bn2(dead 0 off 1 on 0) maxBetaOverGamma=+2.01@policy.pre_bn[103] minBetaOverGamma=-2.48@blocks.2.bn1[11] rvMaxOverMedian=90.9@blocks.1.bn1[14] rezero=none nonFinite=0
[REPLAY] step=33750 loss=3.4886 pLoss=2.7005 vLoss=0.7864 pEnt=2.831 pIllM=0.0017 playedP=0.184 pW=0.47 pD=0.06 pL=0.47 vAbs=0.238 pLogitMean=-10.8900 vLogitMean=0.6046 gNorm=0.239 lr=0.018 ms=2675.9 buf=500000 plies=288230310 games=4348477 rejected=0 skipped=0 epoch=0 mom=0.9079 lrCyc[pk=9.7e-01,tr=9.9e-04] trainerStep=33750
[LAYER-HEALTH] live trainerStep=33750 scope=batch_norm_state_only reluSites=9/10 ch=1040 dead=0 off=3 alwaysOn=0 worst=blocks.1.bn2(dead 0 off 1 on 0) maxBetaOverGamma=+2.01@policy.pre_bn[103] minBetaOverGamma=-2.48@blocks.2.bn1[11] rvMaxOverMedian=90.7@blocks.1.bn1[14] rezero=none nonFinite=0
[REPLAY] step=33800 loss=3.5050 pLoss=2.7022 vLoss=0.8015 pEnt=2.867 pIllM=0.0013 playedP=0.180 pW=0.47 pD=0.06 pL=0.47 vAbs=0.234 pLogitMean=-10.8901 vLogitMean=0.6020 gNorm=0.258 lr=0.0162 ms=2393.7 buf=500000 plies=288656951 games=4354977 rejected=0 skipped=0 epoch=0 mom=0.9094 lrCyc[pk=9.7e-01,tr=9.9e-04] trainerStep=33800
[LAYER-HEALTH] live trainerStep=33800 scope=batch_norm_state_only reluSites=9/10 ch=1040 dead=0 off=3 alwaysOn=0 worst=blocks.1.bn2(dead 0 off 1 on 0) maxBetaOverGamma=+2.00@policy.pre_bn[103] minBetaOverGamma=-2.47@blocks.2.bn1[11] rvMaxOverMedian=89.6@blocks.1.bn1[14] rezero=none nonFinite=0
[REPLAY] step=33850 loss=3.5221 pLoss=2.7122 vLoss=0.8085 pEnt=2.851 pIllM=0.0013 playedP=0.181 pW=0.47 pD=0.07 pL=0.46 vAbs=0.226 pLogitMean=-10.8899 vLogitMean=0.6050 gNorm=0.244 lr=0.0146 ms=2315.2 buf=500000 plies=289083632 games=4361495 rejected=0 skipped=0 epoch=0 mom=0.9110 lrCyc[pk=9.7e-01,tr=9.8e-04] trainerStep=33850
[LAYER-HEALTH] live trainerStep=33850 scope=batch_norm_state_only reluSites=9/10 ch=1040 dead=0 off=3 alwaysOn=0 worst=blocks.1.bn2(dead 0 off 1 on 0) maxBetaOverGamma=+2.00@policy.pre_bn[103] minBetaOverGamma=-2.47@blocks.2.bn1[11] rvMaxOverMedian=89.3@blocks.1.bn1[14] rezero=none nonFinite=0
[REPLAY] step=33900 loss=3.5309 pLoss=2.7110 vLoss=0.8180 pEnt=2.859 pIllM=0.0018 playedP=0.178 pW=0.47 pD=0.07 pL=0.46 vAbs=0.235 pLogitMean=-10.8898 vLogitMean=0.6041 gNorm=0.261 lr=0.0131 ms=1777.4 buf=500000 plies=289510225 games=4367977 rejected=0 skipped=0 epoch=0 mom=0.9125 lrCyc[pk=9.7e-01,tr=9.8e-04] trainerStep=33900
[LAYER-HEALTH] live trainerStep=33900 scope=batch_norm_state_only reluSites=9/10 ch=1040 dead=0 off=3 alwaysOn=0 worst=blocks.1.bn2(dead 0 off 1 on 0) maxBetaOverGamma=+2.00@policy.pre_bn[103] minBetaOverGamma=-2.46@blocks.2.bn1[11] rvMaxOverMedian=89.1@blocks.1.bn1[14] rezero=none nonFinite=0
[REPLAY] step=33950 loss=3.4535 pLoss=2.6652 vLoss=0.7868 pEnt=2.846 pIllM=0.0015 playedP=0.182 pW=0.47 pD=0.07 pL=0.47 vAbs=0.249 pLogitMean=-10.8889 vLogitMean=0.6055 gNorm=0.232 lr=0.0118 ms=2413.0 buf=500000 plies=289936878 games=4374437 rejected=0 skipped=0 epoch=0 mom=0.9140 lrCyc[pk=9.7e-01,tr=9.8e-04] trainerStep=33950
[LAYER-HEALTH] live trainerStep=33950 scope=batch_norm_state_only reluSites=9/10 ch=1040 dead=0 off=3 alwaysOn=0 worst=blocks.1.bn2(dead 0 off 1 on 0) maxBetaOverGamma=+2.00@policy.pre_bn[103] minBetaOverGamma=-2.46@blocks.2.bn1[11] rvMaxOverMedian=88.9@blocks.1.bn1[14] rezero=none nonFinite=0
[REPLAY] step=34000 loss=3.4665 pLoss=2.6663 vLoss=0.7987 pEnt=2.837 pIllM=0.0015 playedP=0.182 pW=0.46 pD=0.07 pL=0.47 vAbs=0.230 pLogitMean=-10.8890 vLogitMean=0.6029 gNorm=0.245 lr=0.0107 ms=2105.3 buf=500000 plies=290363587 games=4380944 rejected=0 skipped=0 epoch=0 mom=0.9155 lrCyc[pk=9.7e-01,tr=9.8e-04] trainerStep=34000
[LAYER-HEALTH] live trainerStep=34000 scope=batch_norm_state_only reluSites=9/10 ch=1040 dead=0 off=3 alwaysOn=0 worst=blocks.1.bn2(dead 0 off 1 on 0) maxBetaOverGamma=+2.00@policy.pre_bn[103] minBetaOverGamma=-2.46@blocks.2.bn1[11] rvMaxOverMedian=89.2@blocks.1.bn1[14] rezero=none nonFinite=0
[REPLAY] saved trainer model (autosave) step=34000 trainerStep=34000 nextGame=4380944 shard=9 epoch=0 -> 20261005-lrBleaky-cyc1-replay-latest.safetensors
[LAYER-HEALTH] checkpoint replay-autosave step=34000 trainerStep=34000 scope=all_tensors reluSites=9/10 ch=1040 dead=0 off=3 alwaysOn=0 worst=blocks.1.bn2(dead 0 off 1 on 0) maxBetaOverGamma=+2.00@policy.pre_bn[103] minBetaOverGamma=-2.46@blocks.2.bn1[11] rvMaxOverMedian=89.2@blocks.1.bn1[14] rezero=none nonFinite=0 seZeroVel=none valueFC1ZeroVel=0/128 maxAbs=11.6@blocks.1.bn1.running_var
[LAYER-HEALTH]   batch-norm sites — β/|γ|: dead < -3.00, mostly off < -2.00, always on > +3.00; classified for relu/leaky_relu only
[LAYER-HEALTH]     site            act            ch   dead    off     on  zeroγ nonfin  min β/|γ| [ch]     max β/|γ| [ch]     rv max/median [ch]
[LAYER-HEALTH]     stem.bn         -             128    n/a    n/a    n/a      0      0     -2.99 [85]         +0.78 [33]            3.9 [43]
[LAYER-HEALTH]     blocks.0.bn1    relu          128      0      0      0      0      0     -0.98 [53]         +0.37 [18]            8.8 [14]
[LAYER-HEALTH]     blocks.0.bn2    relu          128      0      0      0      0      0     -1.63 [48]         -0.05 [58]            3.7 [33]
[LAYER-HEALTH]     blocks.1.bn1    relu          128      0      0      0      0      0     -1.68 [52]         -0.25 [14]           89.2 [14]
[LAYER-HEALTH]     blocks.1.bn2    relu          128      0      1      0      0      0     -2.22 [29]         -0.26 [49]            8.7 [49]
[LAYER-HEALTH]     blocks.2.bn1    relu          128      0      1      0      0      0     -2.46 [11]         +1.09 [31]           34.8 [125]
[LAYER-HEALTH]     blocks.2.bn2    relu          128      0      0      0      0      0     -1.59 [0]          -0.30 [33]            3.3 [103]
[LAYER-HEALTH]     tower_final_bn  relu          128      0      0      0      0      0     -0.84 [89]         +1.73 [98]            5.8 [31]
[LAYER-HEALTH]     policy.pre_bn   relu          128      0      0      0      0      0     -1.50 [47]         +2.00 [103]           4.8 [22]
[LAYER-HEALTH]     value.bn        leaky_relu     16      0      1      0      0      0     -2.04 [10]         -0.50 [7]             2.4 [1]
[LAYER-HEALTH]   FC hidden-unit velocity — zero: every weight-velocity entry exactly 0; low: nonzero but < 5% of the layer's p90 unit norm
[LAYER-HEALTH]     value.fc1.weight  leaky_relu  units 128  zero 0  low 16  median unit norm 0.004347
[LAYER-HEALTH]     (no SE blocks)
[LAYER-HEALTH]   ReZero: none
[LAYER-HEALTH]   non-finite: 0 values in 0 of 102 tensors (10263038 values examined)
[LAYER-HEALTH]   largest |value|: blocks.1.bn1.running_var 11.6, blocks.0.bn2.running_var 7.302, policy.conv.bias 5.987, blocks.2.bn1.running_var 5.327, blocks.1.bn2.running_var 5.025
[REPLAY] enumerated checkpoint -> 20261005-lrBleaky-cyc1-replay-step34000.safetensors
[REPLAY] step=34050 loss=3.5087 pLoss=2.7051 vLoss=0.8022 pEnt=2.860 pIllM=0.0014 playedP=0.177 pW=0.47 pD=0.07 pL=0.46 vAbs=0.238 pLogitMean=-10.8899 vLogitMean=0.6051 gNorm=0.240 lr=0.00962 ms=2087.8 buf=500000 plies=290790184 games=4387395 rejected=0 skipped=0 epoch=0 mom=0.9170 lrCyc[pk=9.7e-01,tr=9.8e-04] trainerStep=34050
[LAYER-HEALTH] live trainerStep=34050 scope=batch_norm_state_only reluSites=9/10 ch=1040 dead=0 off=3 alwaysOn=0 worst=blocks.1.bn2(dead 0 off 1 on 0) maxBetaOverGamma=+2.00@policy.pre_bn[103] minBetaOverGamma=-2.46@blocks.2.bn1[11] rvMaxOverMedian=89.4@blocks.1.bn1[14] rezero=none nonFinite=0
[REPLAY] step=34100 loss=3.4782 pLoss=2.6924 vLoss=0.7843 pEnt=2.862 pIllM=0.0015 playedP=0.177 pW=0.47 pD=0.07 pL=0.46 vAbs=0.245 pLogitMean=-10.8907 vLogitMean=0.6027 gNorm=0.239 lr=0.00869 ms=1832.4 buf=500000 plies=291216824 games=4393851 rejected=0 skipped=0 epoch=0 mom=0.9185 lrCyc[pk=9.7e-01,tr=9.8e-04] trainerStep=34100
[LAYER-HEALTH] live trainerStep=34100 scope=batch_norm_state_only reluSites=9/10 ch=1040 dead=0 off=3 alwaysOn=0 worst=blocks.1.bn2(dead 0 off 1 on 0) maxBetaOverGamma=+2.00@policy.pre_bn[103] minBetaOverGamma=-2.46@blocks.2.bn1[11] rvMaxOverMedian=89.3@blocks.1.bn1[14] rezero=none nonFinite=0
[REPLAY] step=34150 loss=3.5190 pLoss=2.7069 vLoss=0.8107 pEnt=2.854 pIllM=0.0014 playedP=0.178 pW=0.47 pD=0.07 pL=0.46 vAbs=0.236 pLogitMean=-10.8885 vLogitMean=0.6051 gNorm=0.252 lr=0.00786 ms=2686.0 buf=500000 plies=291643503 games=4400308 rejected=0 skipped=0 epoch=0 mom=0.9199 lrCyc[pk=9.7e-01,tr=9.8e-04] trainerStep=34150
[LAYER-HEALTH] live trainerStep=34150 scope=batch_norm_state_only reluSites=9/10 ch=1040 dead=0 off=3 alwaysOn=0 worst=blocks.1.bn2(dead 0 off 1 on 0) maxBetaOverGamma=+2.00@policy.pre_bn[103] minBetaOverGamma=-2.46@blocks.2.bn1[11] rvMaxOverMedian=89.5@blocks.1.bn1[14] rezero=none nonFinite=0
[REPLAY] step=34200 loss=3.5020 pLoss=2.6998 vLoss=0.8007 pEnt=2.844 pIllM=0.0014 playedP=0.180 pW=0.47 pD=0.07 pL=0.46 vAbs=0.233 pLogitMean=-10.8877 vLogitMean=0.6026 gNorm=0.247 lr=0.00712 ms=2571.4 buf=500000 plies=292070168 games=4406733 rejected=0 skipped=0 epoch=0 mom=0.9213 lrCyc[pk=9.7e-01,tr=9.8e-04] trainerStep=34200
[LAYER-HEALTH] live trainerStep=34200 scope=batch_norm_state_only reluSites=9/10 ch=1040 dead=0 off=3 alwaysOn=0 worst=blocks.1.bn2(dead 0 off 1 on 0) maxBetaOverGamma=+2.00@policy.pre_bn[103] minBetaOverGamma=-2.46@blocks.2.bn1[11] rvMaxOverMedian=89.7@blocks.1.bn1[14] rezero=none nonFinite=0
[REPLAY] step=34250 loss=3.5070 pLoss=2.7131 vLoss=0.7924 pEnt=2.837 pIllM=0.0015 playedP=0.182 pW=0.47 pD=0.06 pL=0.46 vAbs=0.243 pLogitMean=-10.8883 vLogitMean=0.6034 gNorm=0.250 lr=0.00646 ms=2048.8 buf=500000 plies=292496833 games=4413188 rejected=0 skipped=0 epoch=0 mom=0.9227 lrCyc[pk=9.7e-01,tr=9.8e-04] trainerStep=34250
[LAYER-HEALTH] live trainerStep=34250 scope=batch_norm_state_only reluSites=9/10 ch=1040 dead=0 off=3 alwaysOn=0 worst=blocks.1.bn2(dead 0 off 1 on 0) maxBetaOverGamma=+2.00@policy.pre_bn[103] minBetaOverGamma=-2.46@blocks.2.bn1[11] rvMaxOverMedian=89.9@blocks.1.bn1[14] rezero=none nonFinite=0
[REPLAY] step=34300 loss=3.4745 pLoss=2.6803 vLoss=0.7925 pEnt=2.828 pIllM=0.0017 playedP=0.183 pW=0.47 pD=0.07 pL=0.47 vAbs=0.242 pLogitMean=-10.8900 vLogitMean=0.6025 gNorm=0.231 lr=0.00587 ms=2227.7 buf=500000 plies=292923517 games=4419636 rejected=0 skipped=0 epoch=0 mom=0.9241 lrCyc[pk=9.7e-01,tr=9.8e-04] trainerStep=34300
[LAYER-HEALTH] live trainerStep=34300 scope=batch_norm_state_only reluSites=9/10 ch=1040 dead=0 off=3 alwaysOn=0 worst=blocks.1.bn2(dead 0 off 1 on 0) maxBetaOverGamma=+2.00@policy.pre_bn[103] minBetaOverGamma=-2.45@blocks.2.bn1[11] rvMaxOverMedian=89.9@blocks.1.bn1[14] rezero=none nonFinite=0
[REPLAY] step=34350 loss=3.5157 pLoss=2.7159 vLoss=0.7985 pEnt=2.869 pIllM=0.0013 playedP=0.173 pW=0.47 pD=0.06 pL=0.46 vAbs=0.243 pLogitMean=-10.8903 vLogitMean=0.6047 gNorm=0.233 lr=0.00535 ms=2495.6 buf=500000 plies=293350111 games=4426146 rejected=0 skipped=0 epoch=0 mom=0.9255 lrCyc[pk=9.7e-01,tr=9.8e-04] trainerStep=34350
[LAYER-HEALTH] live trainerStep=34350 scope=batch_norm_state_only reluSites=9/10 ch=1040 dead=0 off=3 alwaysOn=0 worst=blocks.1.bn2(dead 0 off 1 on 0) maxBetaOverGamma=+2.00@policy.pre_bn[103] minBetaOverGamma=-2.45@blocks.2.bn1[11] rvMaxOverMedian=89.9@blocks.1.bn1[14] rezero=none nonFinite=0
[REPLAY] step=34400 loss=3.4806 pLoss=2.6863 vLoss=0.7931 pEnt=2.870 pIllM=0.0012 playedP=0.178 pW=0.47 pD=0.06 pL=0.47 vAbs=0.245 pLogitMean=-10.8909 vLogitMean=0.6037 gNorm=0.256 lr=0.00488 ms=2442.6 buf=500000 plies=293776727 games=4432665 rejected=0 skipped=0 epoch=0 mom=0.9268 lrCyc[pk=9.7e-01,tr=9.8e-04] trainerStep=34400
[LAYER-HEALTH] live trainerStep=34400 scope=batch_norm_state_only reluSites=9/10 ch=1040 dead=0 off=3 alwaysOn=0 worst=blocks.1.bn2(dead 0 off 1 on 0) maxBetaOverGamma=+2.00@policy.pre_bn[103] minBetaOverGamma=-2.46@blocks.2.bn1[11] rvMaxOverMedian=89.9@blocks.1.bn1[14] rezero=none nonFinite=0
[REPLAY] step=34450 loss=3.5025 pLoss=2.6939 vLoss=0.8072 pEnt=2.854 pIllM=0.0014 playedP=0.179 pW=0.47 pD=0.07 pL=0.46 vAbs=0.239 pLogitMean=-10.8910 vLogitMean=0.6036 gNorm=0.244 lr=0.00445 ms=2474.6 buf=500000 plies=294203418 games=4439085 rejected=0 skipped=0 epoch=0 mom=0.9281 lrCyc[pk=9.7e-01,tr=9.8e-04] trainerStep=34450
[LAYER-HEALTH] live trainerStep=34450 scope=batch_norm_state_only reluSites=9/10 ch=1040 dead=0 off=3 alwaysOn=0 worst=blocks.1.bn2(dead 0 off 1 on 0) maxBetaOverGamma=+2.00@policy.pre_bn[103] minBetaOverGamma=-2.46@blocks.2.bn1[11] rvMaxOverMedian=90.2@blocks.1.bn1[14] rezero=none nonFinite=0
[REPLAY] step=34500 loss=3.4691 pLoss=2.6691 vLoss=0.7986 pEnt=2.849 pIllM=0.0014 playedP=0.182 pW=0.47 pD=0.06 pL=0.47 vAbs=0.234 pLogitMean=-10.8907 vLogitMean=0.6026 gNorm=0.247 lr=0.00408 ms=2475.0 buf=500000 plies=294630036 games=4445509 rejected=0 skipped=0 epoch=0 mom=0.9294 lrCyc[pk=9.7e-01,tr=9.8e-04] trainerStep=34500
[LAYER-HEALTH] live trainerStep=34500 scope=batch_norm_state_only reluSites=9/10 ch=1040 dead=0 off=3 alwaysOn=0 worst=blocks.1.bn2(dead 0 off 1 on 0) maxBetaOverGamma=+2.00@policy.pre_bn[103] minBetaOverGamma=-2.46@blocks.2.bn1[11] rvMaxOverMedian=90.3@blocks.1.bn1[14] rezero=none nonFinite=0
[REPLAY] step=34550 loss=3.4824 pLoss=2.6897 vLoss=0.7911 pEnt=2.851 pIllM=0.0016 playedP=0.179 pW=0.47 pD=0.06 pL=0.47 vAbs=0.246 pLogitMean=-10.8915 vLogitMean=0.6038 gNorm=0.242 lr=0.00374 ms=2724.0 buf=500000 plies=295056699 games=4452045 rejected=0 skipped=0 epoch=0 mom=0.9307 lrCyc[pk=9.7e-01,tr=9.8e-04] trainerStep=34550
[LAYER-HEALTH] live trainerStep=34550 scope=batch_norm_state_only reluSites=9/10 ch=1040 dead=0 off=3 alwaysOn=0 worst=blocks.1.bn2(dead 0 off 1 on 0) maxBetaOverGamma=+2.00@policy.pre_bn[103] minBetaOverGamma=-2.46@blocks.2.bn1[11] rvMaxOverMedian=90.4@blocks.1.bn1[14] rezero=none nonFinite=0
[REPLAY] step=34600 loss=3.5016 pLoss=2.6874 vLoss=0.8128 pEnt=2.857 pIllM=0.0014 playedP=0.180 pW=0.47 pD=0.07 pL=0.46 vAbs=0.247 pLogitMean=-10.8918 vLogitMean=0.6053 gNorm=0.247 lr=0.00343 ms=2935.0 buf=500000 plies=295483399 games=4458499 rejected=0 skipped=0 epoch=0 mom=0.9319 lrCyc[pk=9.7e-01,tr=9.8e-04] trainerStep=34600
[LAYER-HEALTH] live trainerStep=34600 scope=batch_norm_state_only reluSites=9/10 ch=1040 dead=0 off=3 alwaysOn=0 worst=blocks.1.bn2(dead 0 off 1 on 0) maxBetaOverGamma=+2.00@policy.pre_bn[103] minBetaOverGamma=-2.46@blocks.2.bn1[11] rvMaxOverMedian=90.5@blocks.1.bn1[14] rezero=none nonFinite=0
[REPLAY] step=34650 loss=3.4739 pLoss=2.6704 vLoss=0.8020 pEnt=2.855 pIllM=0.0016 playedP=0.182 pW=0.47 pD=0.07 pL=0.46 vAbs=0.241 pLogitMean=-10.8914 vLogitMean=0.6029 gNorm=0.263 lr=0.00316 ms=2139.7 buf=500000 plies=295910014 games=4464883 rejected=0 skipped=0 epoch=0 mom=0.9331 lrCyc[pk=9.7e-01,tr=9.8e-04] trainerStep=34650
[LAYER-HEALTH] live trainerStep=34650 scope=batch_norm_state_only reluSites=9/10 ch=1040 dead=0 off=3 alwaysOn=0 worst=blocks.1.bn2(dead 0 off 1 on 0) maxBetaOverGamma=+2.00@policy.pre_bn[103] minBetaOverGamma=-2.46@blocks.2.bn1[11] rvMaxOverMedian=90.8@blocks.1.bn1[14] rezero=none nonFinite=0
[REPLAY] step=34700 loss=3.5332 pLoss=2.7271 vLoss=0.8048 pEnt=2.855 pIllM=0.0014 playedP=0.178 pW=0.47 pD=0.06 pL=0.46 vAbs=0.234 pLogitMean=-10.8893 vLogitMean=0.6024 gNorm=0.251 lr=0.00292 ms=2719.2 buf=500000 plies=296336653 games=4471251 rejected=0 skipped=0 epoch=0 mom=0.9343 lrCyc[pk=9.7e-01,tr=9.8e-04] trainerStep=34700
[LAYER-HEALTH] live trainerStep=34700 scope=batch_norm_state_only reluSites=9/10 ch=1040 dead=0 off=3 alwaysOn=0 worst=blocks.1.bn2(dead 0 off 1 on 0) maxBetaOverGamma=+2.00@policy.pre_bn[103] minBetaOverGamma=-2.46@blocks.2.bn1[11] rvMaxOverMedian=90.7@blocks.1.bn1[14] rezero=none nonFinite=0
[REPLAY] step=34750 loss=3.4867 pLoss=2.6750 vLoss=0.8102 pEnt=2.848 pIllM=0.0014 playedP=0.179 pW=0.47 pD=0.07 pL=0.46 vAbs=0.235 pLogitMean=-10.8896 vLogitMean=0.6052 gNorm=0.245 lr=0.0027 ms=2813.7 buf=500000 plies=296763326 games=4477707 rejected=0 skipped=0 epoch=0 mom=0.9354 lrCyc[pk=9.7e-01,tr=9.8e-04] trainerStep=34750
[LAYER-HEALTH] live trainerStep=34750 scope=batch_norm_state_only reluSites=9/10 ch=1040 dead=0 off=3 alwaysOn=0 worst=blocks.1.bn2(dead 0 off 1 on 0) maxBetaOverGamma=+2.00@policy.pre_bn[103] minBetaOverGamma=-2.46@blocks.2.bn1[11] rvMaxOverMedian=90.5@blocks.1.bn1[14] rezero=none nonFinite=0
[REPLAY] step=34800 loss=3.4809 pLoss=2.6850 vLoss=0.7943 pEnt=2.860 pIllM=0.0015 playedP=0.178 pW=0.47 pD=0.07 pL=0.46 vAbs=0.241 pLogitMean=-10.8890 vLogitMean=0.6039 gNorm=0.235 lr=0.00251 ms=2564.2 buf=500000 plies=297189981 games=4484189 rejected=0 skipped=0 epoch=0 mom=0.9365 lrCyc[pk=9.7e-01,tr=9.8e-04] trainerStep=34800
[LAYER-HEALTH] live trainerStep=34800 scope=batch_norm_state_only reluSites=9/10 ch=1040 dead=0 off=3 alwaysOn=0 worst=blocks.1.bn2(dead 0 off 1 on 0) maxBetaOverGamma=+2.00@policy.pre_bn[103] minBetaOverGamma=-2.46@blocks.2.bn1[11] rvMaxOverMedian=90.4@blocks.1.bn1[14] rezero=none nonFinite=0
[REPLAY] step=34850 loss=3.5049 pLoss=2.7025 vLoss=0.8010 pEnt=2.856 pIllM=0.0013 playedP=0.178 pW=0.47 pD=0.06 pL=0.47 vAbs=0.247 pLogitMean=-10.8879 vLogitMean=0.6049 gNorm=0.241 lr=0.00233 ms=2321.9 buf=500000 plies=297616636 games=4490738 rejected=0 skipped=0 epoch=0 mom=0.9375 lrCyc[pk=9.7e-01,tr=9.8e-04] trainerStep=34850
[LAYER-HEALTH] live trainerStep=34850 scope=batch_norm_state_only reluSites=9/10 ch=1040 dead=0 off=3 alwaysOn=0 worst=blocks.1.bn2(dead 0 off 1 on 0) maxBetaOverGamma=+2.00@policy.pre_bn[103] minBetaOverGamma=-2.46@blocks.2.bn1[11] rvMaxOverMedian=90.5@blocks.1.bn1[14] rezero=none nonFinite=0
[REPLAY] step=34900 loss=3.5206 pLoss=2.6938 vLoss=0.8255 pEnt=2.853 pIllM=0.0013 playedP=0.181 pW=0.47 pD=0.07 pL=0.46 vAbs=0.237 pLogitMean=-10.8890 vLogitMean=0.6039 gNorm=0.241 lr=0.00217 ms=2526.5 buf=500000 plies=298043273 games=4497180 rejected=0 skipped=0 epoch=0 mom=0.9385 lrCyc[pk=9.7e-01,tr=9.8e-04] trainerStep=34900
[LAYER-HEALTH] live trainerStep=34900 scope=batch_norm_state_only reluSites=9/10 ch=1040 dead=0 off=3 alwaysOn=0 worst=blocks.1.bn2(dead 0 off 1 on 0) maxBetaOverGamma=+2.00@policy.pre_bn[103] minBetaOverGamma=-2.46@blocks.2.bn1[11] rvMaxOverMedian=90.8@blocks.1.bn1[14] rezero=none nonFinite=0
[REPLAY] step=34950 loss=3.5073 pLoss=2.7072 vLoss=0.7988 pEnt=2.849 pIllM=0.0013 playedP=0.178 pW=0.47 pD=0.07 pL=0.46 vAbs=0.241 pLogitMean=-10.8888 vLogitMean=0.6052 gNorm=0.243 lr=0.00203 ms=1939.4 buf=500000 plies=298469879 games=4503676 rejected=0 skipped=0 epoch=0 mom=0.9395 lrCyc[pk=9.7e-01,tr=9.8e-04] trainerStep=34950
[LAYER-HEALTH] live trainerStep=34950 scope=batch_norm_state_only reluSites=9/10 ch=1040 dead=0 off=3 alwaysOn=0 worst=blocks.1.bn2(dead 0 off 1 on 0) maxBetaOverGamma=+2.00@policy.pre_bn[103] minBetaOverGamma=-2.46@blocks.2.bn1[11] rvMaxOverMedian=91.0@blocks.1.bn1[14] rezero=none nonFinite=0
[REPLAY] step=35000 loss=3.5250 pLoss=2.7053 vLoss=0.8182 pEnt=2.847 pIllM=0.0015 playedP=0.183 pW=0.47 pD=0.07 pL=0.46 vAbs=0.234 pLogitMean=-10.8881 vLogitMean=0.6021 gNorm=0.240 lr=0.0019 ms=2550.6 buf=500000 plies=298896572 games=4510144 rejected=0 skipped=0 epoch=0 mom=0.9405 lrCyc[pk=9.7e-01,tr=9.8e-04] trainerStep=35000
[LAYER-HEALTH] live trainerStep=35000 scope=batch_norm_state_only reluSites=9/10 ch=1040 dead=0 off=3 alwaysOn=0 worst=blocks.1.bn2(dead 0 off 1 on 0) maxBetaOverGamma=+2.00@policy.pre_bn[103] minBetaOverGamma=-2.46@blocks.2.bn1[11] rvMaxOverMedian=91.2@blocks.1.bn1[14] rezero=none nonFinite=0
[REPLAY] saved trainer model (autosave) step=35000 trainerStep=35000 nextGame=4510144 shard=9 epoch=0 -> 20261005-lrBleaky-cyc1-replay-latest.safetensors
[LAYER-HEALTH] checkpoint replay-autosave step=35000 trainerStep=35000 scope=all_tensors reluSites=9/10 ch=1040 dead=0 off=3 alwaysOn=0 worst=blocks.1.bn2(dead 0 off 1 on 0) maxBetaOverGamma=+2.00@policy.pre_bn[103] minBetaOverGamma=-2.46@blocks.2.bn1[11] rvMaxOverMedian=91.2@blocks.1.bn1[14] rezero=none nonFinite=0 seZeroVel=none valueFC1ZeroVel=0/128 maxAbs=11.69@blocks.1.bn1.running_var
[LAYER-HEALTH]   batch-norm sites — β/|γ|: dead < -3.00, mostly off < -2.00, always on > +3.00; classified for relu/leaky_relu only
[LAYER-HEALTH]     site            act            ch   dead    off     on  zeroγ nonfin  min β/|γ| [ch]     max β/|γ| [ch]     rv max/median [ch]
[LAYER-HEALTH]     stem.bn         -             128    n/a    n/a    n/a      0      0     -2.98 [85]         +0.78 [33]            3.9 [43]
[LAYER-HEALTH]     blocks.0.bn1    relu          128      0      0      0      0      0     -0.98 [53]         +0.37 [18]            8.8 [14]
[LAYER-HEALTH]     blocks.0.bn2    relu          128      0      0      0      0      0     -1.63 [48]         -0.05 [58]            3.7 [33]
[LAYER-HEALTH]     blocks.1.bn1    relu          128      0      0      0      0      0     -1.68 [52]         -0.25 [14]           91.2 [14]
[LAYER-HEALTH]     blocks.1.bn2    relu          128      0      1      0      0      0     -2.23 [29]         -0.26 [49]            8.6 [49]
[LAYER-HEALTH]     blocks.2.bn1    relu          128      0      1      0      0      0     -2.46 [11]         +1.09 [31]           34.8 [125]
[LAYER-HEALTH]     blocks.2.bn2    relu          128      0      0      0      0      0     -1.59 [0]          -0.30 [33]            3.3 [103]
[LAYER-HEALTH]     tower_final_bn  relu          128      0      0      0      0      0     -0.84 [89]         +1.74 [98]            5.7 [31]
[LAYER-HEALTH]     policy.pre_bn   relu          128      0      0      0      0      0     -1.49 [47]         +2.00 [103]           4.8 [22]
[LAYER-HEALTH]     value.bn        leaky_relu     16      0      1      0      0      0     -2.05 [10]         -0.50 [7]             2.4 [1]
[LAYER-HEALTH]   FC hidden-unit velocity — zero: every weight-velocity entry exactly 0; low: nonzero but < 5% of the layer's p90 unit norm
[LAYER-HEALTH]     value.fc1.weight  leaky_relu  units 128  zero 0  low 17  median unit norm 0.005481
[LAYER-HEALTH]     (no SE blocks)
[LAYER-HEALTH]   ReZero: none
[LAYER-HEALTH]   non-finite: 0 values in 0 of 102 tensors (10263038 values examined)
[LAYER-HEALTH]   largest |value|: blocks.1.bn1.running_var 11.69, blocks.0.bn2.running_var 7.304, policy.conv.bias 5.993, blocks.2.bn1.running_var 5.28, blocks.1.bn2.running_var 4.968
[REPLAY] enumerated checkpoint -> 20261005-lrBleaky-cyc1-replay-step35000.safetensors
[REPLAY] step=35050 loss=3.4906 pLoss=2.6842 vLoss=0.8052 pEnt=2.868 pIllM=0.0013 playedP=0.177 pW=0.47 pD=0.07 pL=0.46 vAbs=0.239 pLogitMean=-10.8883 vLogitMean=0.6024 gNorm=0.240 lr=0.00179 ms=2282.6 buf=500000 plies=299323207 games=4516549 rejected=0 skipped=0 epoch=0 mom=0.9414 lrCyc[pk=9.7e-01,tr=9.8e-04] trainerStep=35050
[LAYER-HEALTH] live trainerStep=35050 scope=batch_norm_state_only reluSites=9/10 ch=1040 dead=0 off=3 alwaysOn=0 worst=blocks.1.bn2(dead 0 off 1 on 0) maxBetaOverGamma=+2.00@policy.pre_bn[103] minBetaOverGamma=-2.46@blocks.2.bn1[11] rvMaxOverMedian=91.1@blocks.1.bn1[14] rezero=none nonFinite=0
[REPLAY] step=35100 loss=3.4686 pLoss=2.6719 vLoss=0.7950 pEnt=2.862 pIllM=0.0017 playedP=0.182 pW=0.47 pD=0.07 pL=0.46 vAbs=0.245 pLogitMean=-10.8893 vLogitMean=0.6039 gNorm=0.281 lr=0.00168 ms=2794.1 buf=500000 plies=299749831 games=4523027 rejected=0 skipped=0 epoch=0 mom=0.9422 lrCyc[pk=9.7e-01,tr=9.8e-04] trainerStep=35100
[LAYER-HEALTH] live trainerStep=35100 scope=batch_norm_state_only reluSites=9/10 ch=1040 dead=0 off=3 alwaysOn=0 worst=blocks.1.bn2(dead 0 off 1 on 0) maxBetaOverGamma=+2.00@policy.pre_bn[103] minBetaOverGamma=-2.46@blocks.2.bn1[11] rvMaxOverMedian=91.4@blocks.1.bn1[14] rezero=none nonFinite=0
[REPLAY] step=35150 loss=3.5045 pLoss=2.6822 vLoss=0.8210 pEnt=2.845 pIllM=0.0013 playedP=0.184 pW=0.47 pD=0.07 pL=0.46 vAbs=0.238 pLogitMean=-10.8886 vLogitMean=0.6054 gNorm=0.237 lr=0.00159 ms=2594.2 buf=500000 plies=300176479 games=4529462 rejected=0 skipped=0 epoch=0 mom=0.9430 lrCyc[pk=9.7e-01,tr=9.8e-04] trainerStep=35150
[LAYER-HEALTH] live trainerStep=35150 scope=batch_norm_state_only reluSites=9/10 ch=1040 dead=0 off=3 alwaysOn=0 worst=blocks.1.bn2(dead 0 off 1 on 0) maxBetaOverGamma=+2.00@policy.pre_bn[103] minBetaOverGamma=-2.46@blocks.2.bn1[11] rvMaxOverMedian=91.4@blocks.1.bn1[14] rezero=none nonFinite=0
[REPLAY] step=35200 loss=3.5357 pLoss=2.7168 vLoss=0.8174 pEnt=2.842 pIllM=0.0014 playedP=0.181 pW=0.47 pD=0.07 pL=0.46 vAbs=0.240 pLogitMean=-10.8896 vLogitMean=0.6015 gNorm=0.265 lr=0.00151 ms=2687.2 buf=500000 plies=300603141 games=4535852 rejected=0 skipped=0 epoch=0 mom=0.9438 lrCyc[pk=9.7e-01,tr=9.8e-04] trainerStep=35200
[LAYER-HEALTH] live trainerStep=35200 scope=batch_norm_state_only reluSites=9/10 ch=1040 dead=0 off=3 alwaysOn=0 worst=blocks.1.bn2(dead 0 off 1 on 0) maxBetaOverGamma=+2.00@policy.pre_bn[103] minBetaOverGamma=-2.46@blocks.2.bn1[11] rvMaxOverMedian=91.0@blocks.1.bn1[14] rezero=none nonFinite=0
[REPLAY] step=35250 loss=3.5486 pLoss=2.7402 vLoss=0.8071 pEnt=2.877 pIllM=0.0013 playedP=0.171 pW=0.47 pD=0.07 pL=0.46 vAbs=0.245 pLogitMean=-10.8894 vLogitMean=0.6041 gNorm=0.246 lr=0.00143 ms=2618.0 buf=500000 plies=301029789 games=4542298 rejected=0 skipped=0 epoch=0 mom=0.9446 lrCyc[pk=9.7e-01,tr=9.8e-04] trainerStep=35250
[LAYER-HEALTH] live trainerStep=35250 scope=batch_norm_state_only reluSites=9/10 ch=1040 dead=0 off=3 alwaysOn=0 worst=blocks.1.bn2(dead 0 off 1 on 0) maxBetaOverGamma=+2.00@policy.pre_bn[103] minBetaOverGamma=-2.46@blocks.2.bn1[11] rvMaxOverMedian=90.9@blocks.1.bn1[14] rezero=none nonFinite=0
[REPLAY] step=35300 loss=3.4898 pLoss=2.6743 vLoss=0.8139 pEnt=2.851 pIllM=0.0016 playedP=0.178 pW=0.47 pD=0.07 pL=0.46 vAbs=0.239 pLogitMean=-10.8889 vLogitMean=0.6052 gNorm=0.235 lr=0.00137 ms=2371.6 buf=500000 plies=301456439 games=4548765 rejected=0 skipped=0 epoch=0 mom=0.9452 lrCyc[pk=9.7e-01,tr=9.8e-04] trainerStep=35300
[LAYER-HEALTH] live trainerStep=35300 scope=batch_norm_state_only reluSites=9/10 ch=1040 dead=0 off=3 alwaysOn=0 worst=blocks.1.bn2(dead 0 off 1 on 0) maxBetaOverGamma=+2.00@policy.pre_bn[103] minBetaOverGamma=-2.46@blocks.2.bn1[11] rvMaxOverMedian=90.7@blocks.1.bn1[14] rezero=none nonFinite=0
[REPLAY] step=35350 loss=3.4745 pLoss=2.6863 vLoss=0.7867 pEnt=2.830 pIllM=0.0015 playedP=0.186 pW=0.47 pD=0.07 pL=0.46 vAbs=0.243 pLogitMean=-10.8894 vLogitMean=0.6050 gNorm=0.246 lr=0.00131 ms=2346.6 buf=500000 plies=301883144 games=4555212 rejected=0 skipped=0 epoch=0 mom=0.9459 lrCyc[pk=9.7e-01,tr=9.8e-04] trainerStep=35350
[LAYER-HEALTH] live trainerStep=35350 scope=batch_norm_state_only reluSites=9/10 ch=1040 dead=0 off=3 alwaysOn=0 worst=blocks.1.bn2(dead 0 off 1 on 0) maxBetaOverGamma=+2.00@policy.pre_bn[103] minBetaOverGamma=-2.46@blocks.2.bn1[11] rvMaxOverMedian=90.7@blocks.1.bn1[14] rezero=none nonFinite=0
[REPLAY] step=35400 loss=3.4877 pLoss=2.6984 vLoss=0.7881 pEnt=2.871 pIllM=0.0012 playedP=0.177 pW=0.47 pD=0.07 pL=0.46 vAbs=0.248 pLogitMean=-10.8888 vLogitMean=0.6037 gNorm=0.237 lr=0.00125 ms=2725.5 buf=500000 plies=302309733 games=4561638 rejected=0 skipped=0 epoch=0 mom=0.9465 lrCyc[pk=9.7e-01,tr=9.8e-04] trainerStep=35400
[LAYER-HEALTH] live trainerStep=35400 scope=batch_norm_state_only reluSites=9/10 ch=1040 dead=0 off=3 alwaysOn=0 worst=blocks.1.bn2(dead 0 off 1 on 0) maxBetaOverGamma=+2.00@policy.pre_bn[103] minBetaOverGamma=-2.46@blocks.2.bn1[11] rvMaxOverMedian=90.6@blocks.1.bn1[14] rezero=none nonFinite=0
[REPLAY] step=35450 loss=3.4600 pLoss=2.6621 vLoss=0.7966 pEnt=2.856 pIllM=0.0013 playedP=0.180 pW=0.47 pD=0.07 pL=0.46 vAbs=0.249 pLogitMean=-10.8889 vLogitMean=0.6038 gNorm=0.243 lr=0.00121 ms=2061.5 buf=500000 plies=302736391 games=4568024 rejected=0 skipped=0 epoch=0 mom=0.9470 lrCyc[pk=9.7e-01,tr=9.8e-04] trainerStep=35450
[LAYER-HEALTH] live trainerStep=35450 scope=batch_norm_state_only reluSites=9/10 ch=1040 dead=0 off=3 alwaysOn=0 worst=blocks.1.bn2(dead 0 off 1 on 0) maxBetaOverGamma=+2.00@policy.pre_bn[103] minBetaOverGamma=-2.46@blocks.2.bn1[11] rvMaxOverMedian=90.8@blocks.1.bn1[14] rezero=none nonFinite=0
[REPLAY] step=35500 loss=3.5406 pLoss=2.7172 vLoss=0.8221 pEnt=2.878 pIllM=0.0013 playedP=0.176 pW=0.47 pD=0.07 pL=0.46 vAbs=0.238 pLogitMean=-10.8892 vLogitMean=0.6024 gNorm=0.239 lr=0.00117 ms=1741.1 buf=500000 plies=303163023 games=4574468 rejected=0 skipped=0 epoch=0 mom=0.9476 lrCyc[pk=9.7e-01,tr=9.8e-04] trainerStep=35500
[LAYER-HEALTH] live trainerStep=35500 scope=batch_norm_state_only reluSites=9/10 ch=1040 dead=0 off=3 alwaysOn=0 worst=blocks.1.bn2(dead 0 off 1 on 0) maxBetaOverGamma=+2.00@policy.pre_bn[103] minBetaOverGamma=-2.46@blocks.2.bn1[11] rvMaxOverMedian=90.8@blocks.1.bn1[14] rezero=none nonFinite=0
[REPLAY] step=35550 loss=3.5380 pLoss=2.7247 vLoss=0.8121 pEnt=2.872 pIllM=0.0013 playedP=0.174 pW=0.47 pD=0.07 pL=0.46 vAbs=0.232 pLogitMean=-10.8882 vLogitMean=0.6024 gNorm=0.244 lr=0.00113 ms=2621.9 buf=500000 plies=303589755 games=4580950 rejected=0 skipped=0 epoch=0 mom=0.9480 lrCyc[pk=9.7e-01,tr=9.8e-04] trainerStep=35550
[LAYER-HEALTH] live trainerStep=35550 scope=batch_norm_state_only reluSites=9/10 ch=1040 dead=0 off=3 alwaysOn=0 worst=blocks.1.bn2(dead 0 off 1 on 0) maxBetaOverGamma=+2.00@policy.pre_bn[103] minBetaOverGamma=-2.46@blocks.2.bn1[11] rvMaxOverMedian=91.0@blocks.1.bn1[14] rezero=none nonFinite=0
[REPLAY] step=35600 loss=3.4822 pLoss=2.6869 vLoss=0.7940 pEnt=2.841 pIllM=0.0014 playedP=0.182 pW=0.47 pD=0.07 pL=0.46 vAbs=0.236 pLogitMean=-10.8885 vLogitMean=0.6051 gNorm=0.242 lr=0.0011 ms=2533.0 buf=500000 plies=304016324 games=4587341 rejected=0 skipped=0 epoch=0 mom=0.9484 lrCyc[pk=9.7e-01,tr=9.8e-04] trainerStep=35600
[LAYER-HEALTH] live trainerStep=35600 scope=batch_norm_state_only reluSites=9/10 ch=1040 dead=0 off=3 alwaysOn=0 worst=blocks.1.bn2(dead 0 off 1 on 0) maxBetaOverGamma=+2.00@policy.pre_bn[103] minBetaOverGamma=-2.46@blocks.2.bn1[11] rvMaxOverMedian=91.2@blocks.1.bn1[14] rezero=none nonFinite=0
[REPLAY] step=35650 loss=3.4954 pLoss=2.6980 vLoss=0.7960 pEnt=2.839 pIllM=0.0014 playedP=0.182 pW=0.47 pD=0.07 pL=0.46 vAbs=0.235 pLogitMean=-10.8883 vLogitMean=0.6037 gNorm=0.234 lr=0.00107 ms=1920.0 buf=500000 plies=304442997 games=4593709 rejected=0 skipped=0 epoch=0 mom=0.9488 lrCyc[pk=9.7e-01,tr=9.8e-04] trainerStep=35650
[LAYER-HEALTH] live trainerStep=35650 scope=batch_norm_state_only reluSites=9/10 ch=1040 dead=0 off=3 alwaysOn=0 worst=blocks.1.bn2(dead 0 off 1 on 0) maxBetaOverGamma=+2.00@policy.pre_bn[103] minBetaOverGamma=-2.46@blocks.2.bn1[11] rvMaxOverMedian=91.0@blocks.1.bn1[14] rezero=none nonFinite=0
[REPLAY] step=35700 loss=3.5246 pLoss=2.7057 vLoss=0.8175 pEnt=2.861 pIllM=0.0013 playedP=0.176 pW=0.47 pD=0.07 pL=0.46 vAbs=0.239 pLogitMean=-10.8876 vLogitMean=0.6034 gNorm=0.245 lr=0.00105 ms=2853.2 buf=500000 plies=304869655 games=4600099 rejected=0 skipped=0 epoch=0 mom=0.9491 lrCyc[pk=9.7e-01,tr=9.8e-04] trainerStep=35700
[LAYER-HEALTH] live trainerStep=35700 scope=batch_norm_state_only reluSites=9/10 ch=1040 dead=0 off=3 alwaysOn=0 worst=blocks.1.bn2(dead 0 off 1 on 0) maxBetaOverGamma=+2.00@policy.pre_bn[103] minBetaOverGamma=-2.46@blocks.2.bn1[11] rvMaxOverMedian=90.8@blocks.1.bn1[14] rezero=none nonFinite=0
[REPLAY] step=35750 loss=3.5156 pLoss=2.6953 vLoss=0.8189 pEnt=2.844 pIllM=0.0014 playedP=0.184 pW=0.47 pD=0.07 pL=0.46 vAbs=0.236 pLogitMean=-10.8880 vLogitMean=0.6039 gNorm=0.238 lr=0.00103 ms=2447.6 buf=500000 plies=305296312 games=4606546 rejected=0 skipped=0 epoch=0 mom=0.9494 lrCyc[pk=9.7e-01,tr=9.8e-04] trainerStep=35750
[LAYER-HEALTH] live trainerStep=35750 scope=batch_norm_state_only reluSites=9/10 ch=1040 dead=0 off=3 alwaysOn=0 worst=blocks.1.bn2(dead 0 off 1 on 0) maxBetaOverGamma=+2.00@policy.pre_bn[103] minBetaOverGamma=-2.46@blocks.2.bn1[11] rvMaxOverMedian=90.5@blocks.1.bn1[14] rezero=none nonFinite=0
[REPLAY] step=35800 loss=3.4786 pLoss=2.6800 vLoss=0.7972 pEnt=2.838 pIllM=0.0014 playedP=0.183 pW=0.47 pD=0.07 pL=0.46 vAbs=0.235 pLogitMean=-10.8881 vLogitMean=0.6067 gNorm=0.252 lr=0.00101 ms=2701.9 buf=500000 plies=305723002 games=4612911 rejected=0 skipped=0 epoch=0 mom=0.9496 lrCyc[pk=9.7e-01,tr=9.8e-04] trainerStep=35800
[LAYER-HEALTH] live trainerStep=35800 scope=batch_norm_state_only reluSites=9/10 ch=1040 dead=0 off=3 alwaysOn=0 worst=blocks.1.bn2(dead 0 off 1 on 0) maxBetaOverGamma=+2.00@policy.pre_bn[103] minBetaOverGamma=-2.46@blocks.2.bn1[11] rvMaxOverMedian=90.4@blocks.1.bn1[14] rezero=none nonFinite=0
[REPLAY] step=35850 loss=3.4824 pLoss=2.6753 vLoss=0.8059 pEnt=2.842 pIllM=0.0012 playedP=0.184 pW=0.47 pD=0.07 pL=0.46 vAbs=0.245 pLogitMean=-10.8886 vLogitMean=0.6052 gNorm=0.240 lr=0.000999 ms=2869.3 buf=500000 plies=306149582 games=4619374 rejected=0 skipped=0 epoch=0 mom=0.9498 lrCyc[pk=9.7e-01,tr=9.8e-04] trainerStep=35850
[LAYER-HEALTH] live trainerStep=35850 scope=batch_norm_state_only reluSites=9/10 ch=1040 dead=0 off=3 alwaysOn=0 worst=blocks.1.bn2(dead 0 off 1 on 0) maxBetaOverGamma=+2.00@policy.pre_bn[103] minBetaOverGamma=-2.46@blocks.2.bn1[11] rvMaxOverMedian=90.3@blocks.1.bn1[14] rezero=none nonFinite=0
[REPLAY] step=35900 loss=3.5043 pLoss=2.6995 vLoss=0.8033 pEnt=2.867 pIllM=0.0015 playedP=0.178 pW=0.47 pD=0.07 pL=0.46 vAbs=0.239 pLogitMean=-10.8904 vLogitMean=0.6024 gNorm=0.256 lr=0.000991 ms=2659.2 buf=500000 plies=306576239 games=4625868 rejected=0 skipped=0 epoch=0 mom=0.9499 lrCyc[pk=9.7e-01,tr=9.8e-04] trainerStep=35900
[LAYER-HEALTH] live trainerStep=35900 scope=batch_norm_state_only reluSites=9/10 ch=1040 dead=0 off=3 alwaysOn=0 worst=blocks.1.bn2(dead 0 off 1 on 0) maxBetaOverGamma=+2.00@policy.pre_bn[103] minBetaOverGamma=-2.46@blocks.2.bn1[11] rvMaxOverMedian=90.4@blocks.1.bn1[14] rezero=none nonFinite=0
[REPLAY] step=35950 loss=3.5105 pLoss=2.7090 vLoss=0.8002 pEnt=2.861 pIllM=0.0014 playedP=0.178 pW=0.47 pD=0.07 pL=0.47 vAbs=0.235 pLogitMean=-10.8910 vLogitMean=0.6038 gNorm=0.241 lr=0.000986 ms=1826.4 buf=500000 plies=307002906 games=4632298 rejected=0 skipped=0 epoch=0 mom=0.9500 lrCyc[pk=9.7e-01,tr=9.8e-04] trainerStep=35950
[LAYER-HEALTH] live trainerStep=35950 scope=batch_norm_state_only reluSites=9/10 ch=1040 dead=0 off=3 alwaysOn=0 worst=blocks.1.bn2(dead 0 off 1 on 0) maxBetaOverGamma=+2.00@policy.pre_bn[103] minBetaOverGamma=-2.46@blocks.2.bn1[11] rvMaxOverMedian=90.6@blocks.1.bn1[14] rezero=none nonFinite=0
[REPLAY] step=36000 loss=3.4869 pLoss=2.6817 vLoss=0.8039 pEnt=2.851 pIllM=0.0014 playedP=0.180 pW=0.47 pD=0.06 pL=0.47 vAbs=0.240 pLogitMean=-10.8883 vLogitMean=0.6022 gNorm=0.243 lr=0.000984 ms=2837.9 buf=500000 plies=307429526 games=4638717 rejected=0 skipped=0 epoch=0 mom=0.9500 lrCyc[pk=9.7e-01,tr=9.8e-04] trainerStep=36000
[LAYER-HEALTH] live trainerStep=36000 scope=batch_norm_state_only reluSites=9/10 ch=1040 dead=0 off=3 alwaysOn=0 worst=blocks.1.bn2(dead 0 off 1 on 0) maxBetaOverGamma=+2.00@policy.pre_bn[103] minBetaOverGamma=-2.46@blocks.2.bn1[11] rvMaxOverMedian=90.9@blocks.1.bn1[14] rezero=none nonFinite=0
[REPLAY] saved trainer model (autosave) step=36000 trainerStep=36000 nextGame=4638717 shard=10 epoch=0 -> 20261005-lrBleaky-cyc1-replay-latest.safetensors
[LAYER-HEALTH] checkpoint replay-autosave step=36000 trainerStep=36000 scope=all_tensors reluSites=9/10 ch=1040 dead=0 off=3 alwaysOn=0 worst=blocks.1.bn2(dead 0 off 1 on 0) maxBetaOverGamma=+2.00@policy.pre_bn[103] minBetaOverGamma=-2.46@blocks.2.bn1[11] rvMaxOverMedian=90.9@blocks.1.bn1[14] rezero=none nonFinite=0 seZeroVel=none valueFC1ZeroVel=0/128 maxAbs=11.67@blocks.1.bn1.running_var
[LAYER-HEALTH]   batch-norm sites — β/|γ|: dead < -3.00, mostly off < -2.00, always on > +3.00; classified for relu/leaky_relu only
[LAYER-HEALTH]     site            act            ch   dead    off     on  zeroγ nonfin  min β/|γ| [ch]     max β/|γ| [ch]     rv max/median [ch]
[LAYER-HEALTH]     stem.bn         -             128    n/a    n/a    n/a      0      0     -2.98 [85]         +0.78 [33]            4.0 [43]
[LAYER-HEALTH]     blocks.0.bn1    relu          128      0      0      0      0      0     -0.98 [53]         +0.37 [18]            8.8 [14]
[LAYER-HEALTH]     blocks.0.bn2    relu          128      0      0      0      0      0     -1.63 [48]         -0.05 [58]            3.7 [33]
[LAYER-HEALTH]     blocks.1.bn1    relu          128      0      0      0      0      0     -1.68 [52]         -0.25 [14]           90.9 [14]
[LAYER-HEALTH]     blocks.1.bn2    relu          128      0      1      0      0      0     -2.23 [29]         -0.26 [49]            8.7 [49]
[LAYER-HEALTH]     blocks.2.bn1    relu          128      0      1      0      0      0     -2.46 [11]         +1.09 [31]           34.8 [125]
[LAYER-HEALTH]     blocks.2.bn2    relu          128      0      0      0      0      0     -1.59 [0]          -0.30 [33]            3.3 [103]
[LAYER-HEALTH]     tower_final_bn  relu          128      0      0      0      0      0     -0.84 [89]         +1.74 [98]            5.7 [31]
[LAYER-HEALTH]     policy.pre_bn   relu          128      0      0      0      0      0     -1.49 [47]         +2.00 [103]           4.8 [22]
[LAYER-HEALTH]     value.bn        leaky_relu     16      0      1      0      0      0     -2.05 [10]         -0.50 [7]             2.4 [1]
[LAYER-HEALTH]   FC hidden-unit velocity — zero: every weight-velocity entry exactly 0; low: nonzero but < 5% of the layer's p90 unit norm
[LAYER-HEALTH]     value.fc1.weight  leaky_relu  units 128  zero 0  low 17  median unit norm 0.006683
[LAYER-HEALTH]     (no SE blocks)
[LAYER-HEALTH]   ReZero: none
[LAYER-HEALTH]   non-finite: 0 values in 0 of 102 tensors (10263038 values examined)
[LAYER-HEALTH]   largest |value|: blocks.1.bn1.running_var 11.67, blocks.0.bn2.running_var 7.34, policy.conv.bias 5.994, blocks.2.bn1.running_var 5.276, blocks.1.bn2.running_var 4.965
[REPLAY] enumerated checkpoint -> 20261005-lrBleaky-cyc1-replay-step36000.safetensors
[REPLAY] step=36050 loss=3.4663 pLoss=2.6662 vLoss=0.7988 pEnt=2.853 pIllM=0.0013 playedP=0.180 pW=0.47 pD=0.07 pL=0.46 vAbs=0.240 pLogitMean=-10.8914 vLogitMean=0.6038 gNorm=0.256 lr=0.000986 ms=2926.4 buf=500000 plies=307856217 games=4645197 rejected=0 skipped=0 epoch=0 mom=0.9500 lrCyc[pk=9.7e-01,tr=9.8e-04] trainerStep=36050
[LAYER-HEALTH] live trainerStep=36050 scope=batch_norm_state_only reluSites=9/10 ch=1040 dead=0 off=4 alwaysOn=0 worst=blocks.2.bn1(dead 0 off 2 on 0) maxBetaOverGamma=+2.00@policy.pre_bn[103] minBetaOverGamma=-2.46@blocks.2.bn1[11] rvMaxOverMedian=90.8@blocks.1.bn1[14] rezero=none nonFinite=0
[REPLAY] step=36100 loss=3.5076 pLoss=2.6876 vLoss=0.8186 pEnt=2.842 pIllM=0.0014 playedP=0.185 pW=0.47 pD=0.07 pL=0.46 vAbs=0.237 pLogitMean=-10.8904 vLogitMean=0.6037 gNorm=0.235 lr=0.000991 ms=3015.4 buf=500000 plies=308282908 games=4651655 rejected=0 skipped=0 epoch=0 mom=0.9499 lrCyc[pk=9.7e-01,tr=9.8e-04] trainerStep=36100
[LAYER-HEALTH] live trainerStep=36100 scope=batch_norm_state_only reluSites=9/10 ch=1040 dead=0 off=4 alwaysOn=0 worst=blocks.2.bn1(dead 0 off 2 on 0) maxBetaOverGamma=+2.00@policy.pre_bn[103] minBetaOverGamma=-2.46@blocks.2.bn1[11] rvMaxOverMedian=90.8@blocks.1.bn1[14] rezero=none nonFinite=0
[REPLAY] step=36150 loss=3.5123 pLoss=2.7116 vLoss=0.7994 pEnt=2.853 pIllM=0.0013 playedP=0.180 pW=0.47 pD=0.07 pL=0.46 vAbs=0.230 pLogitMean=-10.8894 vLogitMean=0.6024 gNorm=0.244 lr=0.000999 ms=2581.3 buf=500000 plies=308709475 games=4658116 rejected=0 skipped=0 epoch=0 mom=0.9498 lrCyc[pk=9.7e-01,tr=9.8e-04] trainerStep=36150
[LAYER-HEALTH] live trainerStep=36150 scope=batch_norm_state_only reluSites=9/10 ch=1040 dead=0 off=4 alwaysOn=0 worst=blocks.2.bn1(dead 0 off 2 on 0) maxBetaOverGamma=+2.00@policy.pre_bn[103] minBetaOverGamma=-2.46@blocks.2.bn1[11] rvMaxOverMedian=91.2@blocks.1.bn1[14] rezero=none nonFinite=0
[REPLAY] step=36200 loss=3.5113 pLoss=2.7040 vLoss=0.8061 pEnt=2.856 pIllM=0.0012 playedP=0.180 pW=0.47 pD=0.07 pL=0.46 vAbs=0.238 pLogitMean=-10.8908 vLogitMean=0.6052 gNorm=0.240 lr=0.00101 ms=2481.1 buf=500000 plies=309136162 games=4664577 rejected=0 skipped=0 epoch=0 mom=0.9496 lrCyc[pk=9.7e-01,tr=9.8e-04] trainerStep=36200
[LAYER-HEALTH] live trainerStep=36200 scope=batch_norm_state_only reluSites=9/10 ch=1040 dead=0 off=3 alwaysOn=0 worst=blocks.1.bn2(dead 0 off 1 on 0) maxBetaOverGamma=+2.00@policy.pre_bn[103] minBetaOverGamma=-2.46@blocks.2.bn1[11] rvMaxOverMedian=91.4@blocks.1.bn1[14] rezero=none nonFinite=0
[REPLAY] step=36250 loss=3.5015 pLoss=2.6939 vLoss=0.8062 pEnt=2.842 pIllM=0.0015 playedP=0.181 pW=0.47 pD=0.07 pL=0.47 vAbs=0.239 pLogitMean=-10.8937 vLogitMean=0.6051 gNorm=0.242 lr=0.00103 ms=2194.8 buf=500000 plies=309562796 games=4671055 rejected=0 skipped=0 epoch=0 mom=0.9494 lrCyc[pk=9.7e-01,tr=9.8e-04] trainerStep=36250
[LAYER-HEALTH] live trainerStep=36250 scope=batch_norm_state_only reluSites=9/10 ch=1040 dead=0 off=4 alwaysOn=0 worst=blocks.2.bn1(dead 0 off 2 on 0) maxBetaOverGamma=+2.00@policy.pre_bn[103] minBetaOverGamma=-2.46@blocks.2.bn1[11] rvMaxOverMedian=91.6@blocks.1.bn1[14] rezero=none nonFinite=0
[REPLAY] step=36300 loss=3.5088 pLoss=2.7138 vLoss=0.7936 pEnt=2.857 pIllM=0.0015 playedP=0.178 pW=0.47 pD=0.07 pL=0.46 vAbs=0.241 pLogitMean=-10.8920 vLogitMean=0.6050 gNorm=0.241 lr=0.00105 ms=2425.3 buf=500000 plies=309989451 games=4677556 rejected=0 skipped=0 epoch=0 mom=0.9491 lrCyc[pk=9.7e-01,tr=9.8e-04] trainerStep=36300
[LAYER-HEALTH] live trainerStep=36300 scope=batch_norm_state_only reluSites=9/10 ch=1040 dead=0 off=3 alwaysOn=0 worst=blocks.1.bn2(dead 0 off 1 on 0) maxBetaOverGamma=+2.00@policy.pre_bn[103] minBetaOverGamma=-2.46@blocks.2.bn1[11] rvMaxOverMedian=91.8@blocks.1.bn1[14] rezero=none nonFinite=0
[REPLAY] step=36350 loss=3.5341 pLoss=2.7126 vLoss=0.8201 pEnt=2.851 pIllM=0.0014 playedP=0.180 pW=0.47 pD=0.07 pL=0.46 vAbs=0.235 pLogitMean=-10.8922 vLogitMean=0.6049 gNorm=0.248 lr=0.00107 ms=2552.7 buf=500000 plies=310416090 games=4684015 rejected=0 skipped=0 epoch=0 mom=0.9488 lrCyc[pk=9.7e-01,tr=9.8e-04] trainerStep=36350
[LAYER-HEALTH] live trainerStep=36350 scope=batch_norm_state_only reluSites=9/10 ch=1040 dead=0 off=3 alwaysOn=0 worst=blocks.1.bn2(dead 0 off 1 on 0) maxBetaOverGamma=+2.00@policy.pre_bn[103] minBetaOverGamma=-2.46@blocks.2.bn1[11] rvMaxOverMedian=91.9@blocks.1.bn1[14] rezero=none nonFinite=0
[REPLAY] step=36400 loss=3.4871 pLoss=2.6799 vLoss=0.8057 pEnt=2.853 pIllM=0.0015 playedP=0.180 pW=0.47 pD=0.07 pL=0.46 vAbs=0.234 pLogitMean=-10.8922 vLogitMean=0.6042 gNorm=0.252 lr=0.0011 ms=2530.0 buf=500000 plies=310842733 games=4690449 rejected=0 skipped=0 epoch=0 mom=0.9484 lrCyc[pk=9.7e-01,tr=9.8e-04] trainerStep=36400
[LAYER-HEALTH] live trainerStep=36400 scope=batch_norm_state_only reluSites=9/10 ch=1040 dead=0 off=3 alwaysOn=0 worst=blocks.1.bn2(dead 0 off 1 on 0) maxBetaOverGamma=+2.00@policy.pre_bn[103] minBetaOverGamma=-2.46@blocks.2.bn1[11] rvMaxOverMedian=92.0@blocks.1.bn1[14] rezero=none nonFinite=0
[REPLAY] step=36450 loss=3.4888 pLoss=2.6875 vLoss=0.7997 pEnt=2.856 pIllM=0.0017 playedP=0.179 pW=0.47 pD=0.07 pL=0.46 vAbs=0.245 pLogitMean=-10.8929 vLogitMean=0.6052 gNorm=0.255 lr=0.00113 ms=2437.4 buf=500000 plies=311269433 games=4696900 rejected=0 skipped=0 epoch=0 mom=0.9480 lrCyc[pk=9.7e-01,tr=9.8e-04] trainerStep=36450
[LAYER-HEALTH] live trainerStep=36450 scope=batch_norm_state_only reluSites=9/10 ch=1040 dead=0 off=3 alwaysOn=0 worst=blocks.1.bn2(dead 0 off 1 on 0) maxBetaOverGamma=+2.00@policy.pre_bn[103] minBetaOverGamma=-2.46@blocks.2.bn1[11] rvMaxOverMedian=92.1@blocks.1.bn1[14] rezero=none nonFinite=0
[REPLAY] step=36500 loss=3.5126 pLoss=2.7128 vLoss=0.7985 pEnt=2.854 pIllM=0.0013 playedP=0.179 pW=0.47 pD=0.06 pL=0.47 vAbs=0.243 pLogitMean=-10.8928 vLogitMean=0.6036 gNorm=0.233 lr=0.00116 ms=1842.4 buf=500000 plies=311696032 games=4703377 rejected=0 skipped=0 epoch=0 mom=0.9476 lrCyc[pk=9.7e-01,tr=9.8e-04] trainerStep=36500
[LAYER-HEALTH] live trainerStep=36500 scope=batch_norm_state_only reluSites=9/10 ch=1040 dead=0 off=3 alwaysOn=0 worst=blocks.1.bn2(dead 0 off 1 on 0) maxBetaOverGamma=+2.00@policy.pre_bn[103] minBetaOverGamma=-2.46@blocks.2.bn1[11] rvMaxOverMedian=92.1@blocks.1.bn1[14] rezero=none nonFinite=0
[REPLAY] step=36550 loss=3.4794 pLoss=2.6774 vLoss=0.8006 pEnt=2.847 pIllM=0.0014 playedP=0.183 pW=0.47 pD=0.07 pL=0.46 vAbs=0.250 pLogitMean=-10.8927 vLogitMean=0.6034 gNorm=0.229 lr=0.00121 ms=2703.0 buf=500000 plies=312122681 games=4709770 rejected=0 skipped=0 epoch=0 mom=0.9470 lrCyc[pk=9.7e-01,tr=9.8e-04] trainerStep=36550
[LAYER-HEALTH] live trainerStep=36550 scope=batch_norm_state_only reluSites=9/10 ch=1040 dead=0 off=4 alwaysOn=0 worst=blocks.2.bn1(dead 0 off 2 on 0) maxBetaOverGamma=+2.00@policy.pre_bn[103] minBetaOverGamma=-2.46@blocks.2.bn1[11] rvMaxOverMedian=92.1@blocks.1.bn1[14] rezero=none nonFinite=0
[REPLAY] step=36600 loss=3.4950 pLoss=2.6754 vLoss=0.8183 pEnt=2.851 pIllM=0.0013 playedP=0.180 pW=0.47 pD=0.07 pL=0.46 vAbs=0.240 pLogitMean=-10.8934 vLogitMean=0.6049 gNorm=0.246 lr=0.00125 ms=2568.7 buf=500000 plies=312549323 games=4716143 rejected=0 skipped=0 epoch=0 mom=0.9465 lrCyc[pk=9.7e-01,tr=9.8e-04] trainerStep=36600
[LAYER-HEALTH] live trainerStep=36600 scope=batch_norm_state_only reluSites=9/10 ch=1040 dead=0 off=4 alwaysOn=0 worst=blocks.2.bn1(dead 0 off 2 on 0) maxBetaOverGamma=+2.00@policy.pre_bn[103] minBetaOverGamma=-2.46@blocks.2.bn1[11] rvMaxOverMedian=91.9@blocks.1.bn1[14] rezero=none nonFinite=0
[REPLAY] step=36650 loss=3.5265 pLoss=2.7116 vLoss=0.8135 pEnt=2.881 pIllM=0.0013 playedP=0.174 pW=0.47 pD=0.07 pL=0.46 vAbs=0.238 pLogitMean=-10.8945 vLogitMean=0.6012 gNorm=0.254 lr=0.00131 ms=2832.1 buf=500000 plies=312976089 games=4722555 rejected=0 skipped=0 epoch=0 mom=0.9459 lrCyc[pk=9.7e-01,tr=9.8e-04] trainerStep=36650
[LAYER-HEALTH] live trainerStep=36650 scope=batch_norm_state_only reluSites=9/10 ch=1040 dead=0 off=4 alwaysOn=0 worst=blocks.2.bn1(dead 0 off 2 on 0) maxBetaOverGamma=+2.00@policy.pre_bn[103] minBetaOverGamma=-2.46@blocks.2.bn1[11] rvMaxOverMedian=92.0@blocks.1.bn1[14] rezero=none nonFinite=0
[REPLAY] step=36700 loss=3.4841 pLoss=2.6825 vLoss=0.8001 pEnt=2.855 pIllM=0.0014 playedP=0.181 pW=0.47 pD=0.07 pL=0.46 vAbs=0.234 pLogitMean=-10.8938 vLogitMean=0.6015 gNorm=0.244 lr=0.00137 ms=2055.4 buf=500000 plies=313402687 games=4728952 rejected=0 skipped=0 epoch=0 mom=0.9452 lrCyc[pk=9.7e-01,tr=9.8e-04] trainerStep=36700
[LAYER-HEALTH] live trainerStep=36700 scope=batch_norm_state_only reluSites=9/10 ch=1040 dead=0 off=4 alwaysOn=0 worst=blocks.2.bn1(dead 0 off 2 on 0) maxBetaOverGamma=+2.00@policy.pre_bn[103] minBetaOverGamma=-2.46@blocks.2.bn1[11] rvMaxOverMedian=92.0@blocks.1.bn1[14] rezero=none nonFinite=0
[REPLAY] step=36750 loss=3.4774 pLoss=2.6738 vLoss=0.8020 pEnt=2.854 pIllM=0.0016 playedP=0.179 pW=0.47 pD=0.07 pL=0.46 vAbs=0.237 pLogitMean=-10.8937 vLogitMean=0.6048 gNorm=0.241 lr=0.00143 ms=2398.7 buf=500000 plies=313829271 games=4735408 rejected=0 skipped=0 epoch=0 mom=0.9446 lrCyc[pk=9.7e-01,tr=9.8e-04] trainerStep=36750
[LAYER-HEALTH] live trainerStep=36750 scope=batch_norm_state_only reluSites=9/10 ch=1040 dead=0 off=4 alwaysOn=0 worst=blocks.2.bn1(dead 0 off 2 on 0) maxBetaOverGamma=+2.00@policy.pre_bn[103] minBetaOverGamma=-2.46@blocks.2.bn1[11] rvMaxOverMedian=91.9@blocks.1.bn1[14] rezero=none nonFinite=0
[REPLAY] step=36800 loss=3.4939 pLoss=2.6936 vLoss=0.7990 pEnt=2.852 pIllM=0.0013 playedP=0.178 pW=0.47 pD=0.07 pL=0.46 vAbs=0.231 pLogitMean=-10.8945 vLogitMean=0.6050 gNorm=0.245 lr=0.00151 ms=2769.4 buf=500000 plies=314255968 games=4741848 rejected=0 skipped=0 epoch=0 mom=0.9438 lrCyc[pk=9.7e-01,tr=9.8e-04] trainerStep=36800
[LAYER-HEALTH] live trainerStep=36800 scope=batch_norm_state_only reluSites=9/10 ch=1040 dead=0 off=4 alwaysOn=0 worst=blocks.2.bn1(dead 0 off 2 on 0) maxBetaOverGamma=+2.00@policy.pre_bn[103] minBetaOverGamma=-2.46@blocks.2.bn1[11] rvMaxOverMedian=91.8@blocks.1.bn1[14] rezero=none nonFinite=0
[REPLAY] step=36850 loss=3.5003 pLoss=2.6902 vLoss=0.8088 pEnt=2.873 pIllM=0.0012 playedP=0.180 pW=0.47 pD=0.07 pL=0.46 vAbs=0.246 pLogitMean=-10.8932 vLogitMean=0.6046 gNorm=0.244 lr=0.00159 ms=2767.0 buf=500000 plies=314682579 games=4748284 rejected=0 skipped=0 epoch=0 mom=0.9430 lrCyc[pk=9.7e-01,tr=9.8e-04] trainerStep=36850
[LAYER-HEALTH] live trainerStep=36850 scope=batch_norm_state_only reluSites=9/10 ch=1040 dead=0 off=4 alwaysOn=0 worst=blocks.2.bn1(dead 0 off 2 on 0) maxBetaOverGamma=+2.00@policy.pre_bn[103] minBetaOverGamma=-2.46@blocks.2.bn1[11] rvMaxOverMedian=91.6@blocks.1.bn1[14] rezero=none nonFinite=0
[REPLAY] step=36900 loss=3.4934 pLoss=2.6810 vLoss=0.8111 pEnt=2.846 pIllM=0.0013 playedP=0.181 pW=0.47 pD=0.07 pL=0.46 vAbs=0.242 pLogitMean=-10.8944 vLogitMean=0.6037 gNorm=0.243 lr=0.00168 ms=1846.8 buf=500000 plies=315109268 games=4754735 rejected=0 skipped=0 epoch=0 mom=0.9422 lrCyc[pk=9.7e-01,tr=9.8e-04] trainerStep=36900
[LAYER-HEALTH] live trainerStep=36900 scope=batch_norm_state_only reluSites=9/10 ch=1040 dead=0 off=4 alwaysOn=0 worst=blocks.2.bn1(dead 0 off 2 on 0) maxBetaOverGamma=+2.00@policy.pre_bn[103] minBetaOverGamma=-2.46@blocks.2.bn1[11] rvMaxOverMedian=91.6@blocks.1.bn1[14] rezero=none nonFinite=0
[REPLAY] step=36950 loss=3.5002 pLoss=2.6834 vLoss=0.8155 pEnt=2.847 pIllM=0.0013 playedP=0.184 pW=0.47 pD=0.07 pL=0.46 vAbs=0.239 pLogitMean=-10.8939 vLogitMean=0.6040 gNorm=0.248 lr=0.00178 ms=2196.3 buf=500000 plies=315535873 games=4761099 rejected=0 skipped=0 epoch=0 mom=0.9414 lrCyc[pk=9.7e-01,tr=9.8e-04] trainerStep=36950
[LAYER-HEALTH] live trainerStep=36950 scope=batch_norm_state_only reluSites=9/10 ch=1040 dead=0 off=4 alwaysOn=0 worst=blocks.2.bn1(dead 0 off 2 on 0) maxBetaOverGamma=+2.00@policy.pre_bn[103] minBetaOverGamma=-2.46@blocks.2.bn1[11] rvMaxOverMedian=91.4@blocks.1.bn1[14] rezero=none nonFinite=0
[REPLAY] step=37000 loss=3.5255 pLoss=2.7135 vLoss=0.8105 pEnt=2.865 pIllM=0.0015 playedP=0.177 pW=0.47 pD=0.07 pL=0.46 vAbs=0.235 pLogitMean=-10.8952 vLogitMean=0.6051 gNorm=0.245 lr=0.0019 ms=1989.0 buf=500000 plies=315962569 games=4767621 rejected=0 skipped=0 epoch=0 mom=0.9405 lrCyc[pk=9.7e-01,tr=9.8e-04] trainerStep=37000
[LAYER-HEALTH] live trainerStep=37000 scope=batch_norm_state_only reluSites=9/10 ch=1040 dead=0 off=4 alwaysOn=0 worst=blocks.2.bn1(dead 0 off 2 on 0) maxBetaOverGamma=+2.00@policy.pre_bn[103] minBetaOverGamma=-2.46@blocks.2.bn1[11] rvMaxOverMedian=91.5@blocks.1.bn1[14] rezero=none nonFinite=0
[REPLAY] saved trainer model (autosave) step=37000 trainerStep=37000 nextGame=4767621 shard=10 epoch=0 -> 20261005-lrBleaky-cyc1-replay-latest.safetensors
[LAYER-HEALTH] checkpoint replay-autosave step=37000 trainerStep=37000 scope=all_tensors reluSites=9/10 ch=1040 dead=0 off=4 alwaysOn=0 worst=blocks.2.bn1(dead 0 off 2 on 0) maxBetaOverGamma=+2.00@policy.pre_bn[103] minBetaOverGamma=-2.46@blocks.2.bn1[11] rvMaxOverMedian=91.5@blocks.1.bn1[14] rezero=none nonFinite=0 seZeroVel=none valueFC1ZeroVel=0/128 maxAbs=11.75@blocks.1.bn1.running_var
[LAYER-HEALTH]   batch-norm sites — β/|γ|: dead < -3.00, mostly off < -2.00, always on > +3.00; classified for relu/leaky_relu only
[LAYER-HEALTH]     site            act            ch   dead    off     on  zeroγ nonfin  min β/|γ| [ch]     max β/|γ| [ch]     rv max/median [ch]
[LAYER-HEALTH]     stem.bn         -             128    n/a    n/a    n/a      0      0     -2.98 [85]         +0.78 [33]            4.0 [43]
[LAYER-HEALTH]     blocks.0.bn1    relu          128      0      0      0      0      0     -0.98 [53]         +0.37 [18]            8.8 [14]
[LAYER-HEALTH]     blocks.0.bn2    relu          128      0      0      0      0      0     -1.63 [48]         -0.05 [58]            3.7 [33]
[LAYER-HEALTH]     blocks.1.bn1    relu          128      0      0      0      0      0     -1.68 [52]         -0.25 [14]           91.5 [14]
[LAYER-HEALTH]     blocks.1.bn2    relu          128      0      1      0      0      0     -2.23 [29]         -0.26 [49]            8.6 [49]
[LAYER-HEALTH]     blocks.2.bn1    relu          128      0      2      0      0      0     -2.46 [11]         +1.08 [31]           34.6 [125]
[LAYER-HEALTH]     blocks.2.bn2    relu          128      0      0      0      0      0     -1.59 [0]          -0.30 [33]            3.3 [103]
[LAYER-HEALTH]     tower_final_bn  relu          128      0      0      0      0      0     -0.84 [89]         +1.74 [98]            5.7 [31]
[LAYER-HEALTH]     policy.pre_bn   relu          128      0      0      0      0      0     -1.48 [47]         +2.00 [103]           4.9 [22]
[LAYER-HEALTH]     value.bn        leaky_relu     16      0      1      0      0      0     -2.05 [10]         -0.51 [7]             2.4 [1]
[LAYER-HEALTH]   FC hidden-unit velocity — zero: every weight-velocity entry exactly 0; low: nonzero but < 5% of the layer's p90 unit norm
[LAYER-HEALTH]     value.fc1.weight  leaky_relu  units 128  zero 0  low 16  median unit norm 0.006575
[LAYER-HEALTH]     (no SE blocks)
[LAYER-HEALTH]   ReZero: none
[LAYER-HEALTH]   non-finite: 0 values in 0 of 102 tensors (10263038 values examined)
[LAYER-HEALTH]   largest |value|: blocks.1.bn1.running_var 11.75, blocks.0.bn2.running_var 7.348, policy.conv.bias 5.996, blocks.2.bn1.running_var 5.254, blocks.1.bn2.running_var 4.962
[REPLAY] enumerated checkpoint -> 20261005-lrBleaky-cyc1-replay-step37000.safetensors
[REPLAY] step=37050 loss=3.4549 pLoss=2.6505 vLoss=0.8029 pEnt=2.841 pIllM=0.0015 playedP=0.183 pW=0.47 pD=0.07 pL=0.46 vAbs=0.242 pLogitMean=-10.8963 vLogitMean=0.6051 gNorm=0.240 lr=0.00203 ms=2907.9 buf=500000 plies=316389216 games=4774049 rejected=0 skipped=0 epoch=0 mom=0.9395 lrCyc[pk=9.7e-01,tr=9.8e-04] trainerStep=37050
[LAYER-HEALTH] live trainerStep=37050 scope=batch_norm_state_only reluSites=9/10 ch=1040 dead=0 off=4 alwaysOn=0 worst=blocks.2.bn1(dead 0 off 2 on 0) maxBetaOverGamma=+2.00@policy.pre_bn[103] minBetaOverGamma=-2.46@blocks.2.bn1[11] rvMaxOverMedian=91.7@blocks.1.bn1[14] rezero=none nonFinite=0
[REPLAY] step=37100 loss=3.4751 pLoss=2.6810 vLoss=0.7928 pEnt=2.849 pIllM=0.0013 playedP=0.181 pW=0.47 pD=0.06 pL=0.47 vAbs=0.249 pLogitMean=-10.8955 vLogitMean=0.6035 gNorm=0.227 lr=0.00217 ms=2527.1 buf=500000 plies=316815826 games=4780528 rejected=0 skipped=0 epoch=0 mom=0.9385 lrCyc[pk=9.7e-01,tr=9.8e-04] trainerStep=37100
[LAYER-HEALTH] live trainerStep=37100 scope=batch_norm_state_only reluSites=9/10 ch=1040 dead=0 off=4 alwaysOn=0 worst=blocks.2.bn1(dead 0 off 2 on 0) maxBetaOverGamma=+2.00@policy.pre_bn[103] minBetaOverGamma=-2.46@blocks.2.bn1[11] rvMaxOverMedian=91.8@blocks.1.bn1[14] rezero=none nonFinite=0
[REPLAY] step=37150 loss=3.5034 pLoss=2.6871 vLoss=0.8146 pEnt=2.857 pIllM=0.0017 playedP=0.178 pW=0.47 pD=0.06 pL=0.47 vAbs=0.246 pLogitMean=-10.8965 vLogitMean=0.6024 gNorm=0.235 lr=0.00233 ms=2885.4 buf=500000 plies=317242481 games=4786955 rejected=0 skipped=0 epoch=0 mom=0.9375 lrCyc[pk=9.7e-01,tr=9.8e-04] trainerStep=37150
[LAYER-HEALTH] live trainerStep=37150 scope=batch_norm_state_only reluSites=9/10 ch=1040 dead=0 off=4 alwaysOn=0 worst=blocks.2.bn1(dead 0 off 2 on 0) maxBetaOverGamma=+2.00@policy.pre_bn[103] minBetaOverGamma=-2.45@blocks.2.bn1[11] rvMaxOverMedian=92.2@blocks.1.bn1[14] rezero=none nonFinite=0
[REPLAY] step=37200 loss=3.5153 pLoss=2.7033 vLoss=0.8106 pEnt=2.850 pIllM=0.0014 playedP=0.182 pW=0.47 pD=0.07 pL=0.46 vAbs=0.239 pLogitMean=-10.8969 vLogitMean=0.6026 gNorm=0.250 lr=0.0025 ms=2562.0 buf=500000 plies=317669203 games=4793370 rejected=0 skipped=0 epoch=0 mom=0.9365 lrCyc[pk=9.7e-01,tr=9.8e-04] trainerStep=37200
[LAYER-HEALTH] live trainerStep=37200 scope=batch_norm_state_only reluSites=9/10 ch=1040 dead=0 off=4 alwaysOn=0 worst=blocks.2.bn1(dead 0 off 2 on 0) maxBetaOverGamma=+2.00@policy.pre_bn[103] minBetaOverGamma=-2.45@blocks.2.bn1[11] rvMaxOverMedian=92.3@blocks.1.bn1[14] rezero=none nonFinite=0
[REPLAY] step=37250 loss=3.4776 pLoss=2.6812 vLoss=0.7949 pEnt=2.830 pIllM=0.0015 playedP=0.187 pW=0.47 pD=0.07 pL=0.46 vAbs=0.235 pLogitMean=-10.8971 vLogitMean=0.6037 gNorm=0.238 lr=0.0027 ms=2590.8 buf=500000 plies=318095841 games=4799809 rejected=0 skipped=0 epoch=0 mom=0.9354 lrCyc[pk=9.7e-01,tr=9.8e-04] trainerStep=37250
[LAYER-HEALTH] live trainerStep=37250 scope=batch_norm_state_only reluSites=9/10 ch=1040 dead=0 off=4 alwaysOn=0 worst=blocks.2.bn1(dead 0 off 2 on 0) maxBetaOverGamma=+2.00@policy.pre_bn[103] minBetaOverGamma=-2.45@blocks.2.bn1[11] rvMaxOverMedian=92.4@blocks.1.bn1[14] rezero=none nonFinite=0
[REPLAY] step=37300 loss=3.5114 pLoss=2.7018 vLoss=0.8081 pEnt=2.862 pIllM=0.0015 playedP=0.177 pW=0.47 pD=0.07 pL=0.46 vAbs=0.236 pLogitMean=-10.8976 vLogitMean=0.6039 gNorm=0.249 lr=0.00292 ms=2412.0 buf=500000 plies=318522426 games=4806259 rejected=0 skipped=0 epoch=0 mom=0.9343 lrCyc[pk=9.7e-01,tr=9.8e-04] trainerStep=37300
[LAYER-HEALTH] live trainerStep=37300 scope=batch_norm_state_only reluSites=9/10 ch=1040 dead=0 off=4 alwaysOn=0 worst=blocks.2.bn1(dead 0 off 2 on 0) maxBetaOverGamma=+2.00@policy.pre_bn[103] minBetaOverGamma=-2.46@blocks.2.bn1[11] rvMaxOverMedian=92.5@blocks.1.bn1[14] rezero=none nonFinite=0
[REPLAY] step=37350 loss=3.5210 pLoss=2.7148 vLoss=0.8049 pEnt=2.882 pIllM=0.0013 playedP=0.174 pW=0.47 pD=0.07 pL=0.46 vAbs=0.239 pLogitMean=-10.8974 vLogitMean=0.6063 gNorm=0.248 lr=0.00316 ms=2583.2 buf=500000 plies=318949099 games=4812596 rejected=0 skipped=0 epoch=0 mom=0.9331 lrCyc[pk=9.7e-01,tr=9.8e-04] trainerStep=37350
[LAYER-HEALTH] live trainerStep=37350 scope=batch_norm_state_only reluSites=9/10 ch=1040 dead=0 off=4 alwaysOn=0 worst=blocks.2.bn1(dead 0 off 2 on 0) maxBetaOverGamma=+2.00@policy.pre_bn[103] minBetaOverGamma=-2.46@blocks.2.bn1[11] rvMaxOverMedian=92.6@blocks.1.bn1[14] rezero=none nonFinite=0
[REPLAY] step=37400 loss=3.5352 pLoss=2.7183 vLoss=0.8158 pEnt=2.864 pIllM=0.0011 playedP=0.178 pW=0.47 pD=0.07 pL=0.46 vAbs=0.231 pLogitMean=-10.8986 vLogitMean=0.6040 gNorm=0.237 lr=0.00343 ms=2001.4 buf=500000 plies=319375734 games=4819068 rejected=0 skipped=0 epoch=0 mom=0.9319 lrCyc[pk=9.7e-01,tr=9.8e-04] trainerStep=37400
[LAYER-HEALTH] live trainerStep=37400 scope=batch_norm_state_only reluSites=9/10 ch=1040 dead=0 off=4 alwaysOn=0 worst=blocks.2.bn1(dead 0 off 2 on 0) maxBetaOverGamma=+2.00@policy.pre_bn[103] minBetaOverGamma=-2.46@blocks.2.bn1[11] rvMaxOverMedian=92.8@blocks.1.bn1[14] rezero=none nonFinite=0
[REPLAY] step=37450 loss=3.5327 pLoss=2.7013 vLoss=0.8301 pEnt=2.851 pIllM=0.0013 playedP=0.178 pW=0.47 pD=0.07 pL=0.46 vAbs=0.226 pLogitMean=-10.8991 vLogitMean=0.6040 gNorm=0.235 lr=0.00373 ms=2952.2 buf=500000 plies=319802408 games=4825436 rejected=0 skipped=0 epoch=0 mom=0.9307 lrCyc[pk=9.7e-01,tr=9.8e-04] trainerStep=37450
[LAYER-HEALTH] live trainerStep=37450 scope=batch_norm_state_only reluSites=9/10 ch=1040 dead=0 off=4 alwaysOn=0 worst=blocks.2.bn1(dead 0 off 2 on 0) maxBetaOverGamma=+2.00@policy.pre_bn[103] minBetaOverGamma=-2.46@blocks.2.bn1[11] rvMaxOverMedian=92.7@blocks.1.bn1[14] rezero=none nonFinite=0
[REPLAY] step=37500 loss=3.5475 pLoss=2.7365 vLoss=0.8098 pEnt=2.857 pIllM=0.0012 playedP=0.179 pW=0.47 pD=0.07 pL=0.46 vAbs=0.231 pLogitMean=-10.8983 vLogitMean=0.6029 gNorm=0.250 lr=0.00407 ms=2266.1 buf=500000 plies=320229038 games=4831879 rejected=0 skipped=0 epoch=0 mom=0.9294 lrCyc[pk=9.7e-01,tr=9.8e-04] trainerStep=37500
[LAYER-HEALTH] live trainerStep=37500 scope=batch_norm_state_only reluSites=9/10 ch=1040 dead=0 off=4 alwaysOn=0 worst=blocks.2.bn1(dead 0 off 2 on 0) maxBetaOverGamma=+2.00@policy.pre_bn[103] minBetaOverGamma=-2.46@blocks.2.bn1[11] rvMaxOverMedian=92.3@blocks.1.bn1[14] rezero=none nonFinite=0
[REPLAY] step=37550 loss=3.5277 pLoss=2.7178 vLoss=0.8086 pEnt=2.864 pIllM=0.0014 playedP=0.176 pW=0.47 pD=0.07 pL=0.46 vAbs=0.217 pLogitMean=-10.8975 vLogitMean=0.6046 gNorm=0.246 lr=0.00445 ms=2746.5 buf=500000 plies=320655738 games=4838328 rejected=0 skipped=0 epoch=0 mom=0.9281 lrCyc[pk=9.7e-01,tr=9.8e-04] trainerStep=37550
[LAYER-HEALTH] live trainerStep=37550 scope=batch_norm_state_only reluSites=9/10 ch=1040 dead=0 off=4 alwaysOn=0 worst=blocks.2.bn1(dead 0 off 2 on 0) maxBetaOverGamma=+2.00@policy.pre_bn[103] minBetaOverGamma=-2.46@blocks.2.bn1[11] rvMaxOverMedian=92.3@blocks.1.bn1[14] rezero=none nonFinite=0
[REPLAY] step=37600 loss=3.4960 pLoss=2.6893 vLoss=0.8054 pEnt=2.837 pIllM=0.0013 playedP=0.180 pW=0.47 pD=0.07 pL=0.46 vAbs=0.238 pLogitMean=-10.8993 vLogitMean=0.6036 gNorm=0.236 lr=0.00487 ms=2614.8 buf=500000 plies=321082347 games=4844775 rejected=0 skipped=0 epoch=0 mom=0.9268 lrCyc[pk=9.7e-01,tr=9.8e-04] trainerStep=37600
[LAYER-HEALTH] live trainerStep=37600 scope=batch_norm_state_only reluSites=9/10 ch=1040 dead=0 off=4 alwaysOn=0 worst=blocks.2.bn1(dead 0 off 2 on 0) maxBetaOverGamma=+2.00@policy.pre_bn[103] minBetaOverGamma=-2.46@blocks.2.bn1[11] rvMaxOverMedian=92.2@blocks.1.bn1[14] rezero=none nonFinite=0
[REPLAY] step=37650 loss=3.5180 pLoss=2.7140 vLoss=0.8025 pEnt=2.864 pIllM=0.0015 playedP=0.175 pW=0.47 pD=0.06 pL=0.47 vAbs=0.242 pLogitMean=-10.8998 vLogitMean=0.6024 gNorm=0.243 lr=0.00534 ms=2773.2 buf=500000 plies=321509145 games=4851241 rejected=0 skipped=0 epoch=0 mom=0.9255 lrCyc[pk=9.7e-01,tr=9.8e-04] trainerStep=37650
[LAYER-HEALTH] live trainerStep=37650 scope=batch_norm_state_only reluSites=9/10 ch=1040 dead=0 off=4 alwaysOn=0 worst=blocks.2.bn1(dead 0 off 2 on 0) maxBetaOverGamma=+2.00@policy.pre_bn[103] minBetaOverGamma=-2.46@blocks.2.bn1[11] rvMaxOverMedian=91.5@blocks.1.bn1[14] rezero=none nonFinite=0
[REPLAY] step=37700 loss=3.4578 pLoss=2.6530 vLoss=0.8035 pEnt=2.841 pIllM=0.0014 playedP=0.182 pW=0.47 pD=0.07 pL=0.46 vAbs=0.257 pLogitMean=-10.8995 vLogitMean=0.6041 gNorm=0.229 lr=0.00586 ms=2130.9 buf=500000 plies=321935670 games=4857635 rejected=0 skipped=0 epoch=0 mom=0.9241 lrCyc[pk=9.7e-01,tr=9.8e-04] trainerStep=37700
[LAYER-HEALTH] live trainerStep=37700 scope=batch_norm_state_only reluSites=9/10 ch=1040 dead=0 off=4 alwaysOn=0 worst=blocks.2.bn1(dead 0 off 2 on 0) maxBetaOverGamma=+2.00@policy.pre_bn[103] minBetaOverGamma=-2.46@blocks.2.bn1[11] rvMaxOverMedian=91.1@blocks.1.bn1[14] rezero=none nonFinite=0
[REPLAY] step=37750 loss=3.5109 pLoss=2.7106 vLoss=0.7990 pEnt=2.840 pIllM=0.0013 playedP=0.178 pW=0.47 pD=0.07 pL=0.46 vAbs=0.237 pLogitMean=-10.8998 vLogitMean=0.6039 gNorm=0.248 lr=0.00645 ms=2558.3 buf=500000 plies=322362270 games=4864024 rejected=0 skipped=0 epoch=0 mom=0.9227 lrCyc[pk=9.7e-01,tr=9.8e-04] trainerStep=37750
[LAYER-HEALTH] live trainerStep=37750 scope=batch_norm_state_only reluSites=9/10 ch=1040 dead=0 off=4 alwaysOn=0 worst=blocks.2.bn1(dead 0 off 2 on 0) maxBetaOverGamma=+2.00@policy.pre_bn[103] minBetaOverGamma=-2.46@blocks.2.bn1[11] rvMaxOverMedian=91.2@blocks.1.bn1[14] rezero=none nonFinite=0
[REPLAY] step=37800 loss=3.4724 pLoss=2.6791 vLoss=0.7920 pEnt=2.851 pIllM=0.0012 playedP=0.178 pW=0.47 pD=0.07 pL=0.46 vAbs=0.241 pLogitMean=-10.9048 vLogitMean=0.6034 gNorm=0.244 lr=0.00711 ms=2683.0 buf=500000 plies=322788950 games=4870445 rejected=0 skipped=0 epoch=0 mom=0.9213 lrCyc[pk=9.7e-01,tr=9.8e-04] trainerStep=37800
[LAYER-HEALTH] live trainerStep=37800 scope=batch_norm_state_only reluSites=9/10 ch=1040 dead=0 off=4 alwaysOn=0 worst=blocks.2.bn1(dead 0 off 2 on 0) maxBetaOverGamma=+2.00@policy.pre_bn[103] minBetaOverGamma=-2.46@blocks.2.bn1[11] rvMaxOverMedian=91.5@blocks.1.bn1[14] rezero=none nonFinite=0
[REPLAY] step=37850 loss=3.5003 pLoss=2.7030 vLoss=0.7960 pEnt=2.857 pIllM=0.0013 playedP=0.179 pW=0.47 pD=0.06 pL=0.47 vAbs=0.245 pLogitMean=-10.9041 vLogitMean=0.6022 gNorm=0.235 lr=0.00785 ms=2278.9 buf=500000 plies=323215633 games=4876896 rejected=0 skipped=0 epoch=0 mom=0.9199 lrCyc[pk=9.7e-01,tr=9.8e-04] trainerStep=37850
[LAYER-HEALTH] live trainerStep=37850 scope=batch_norm_state_only reluSites=9/10 ch=1040 dead=0 off=4 alwaysOn=0 worst=blocks.2.bn1(dead 0 off 2 on 0) maxBetaOverGamma=+2.00@policy.pre_bn[103] minBetaOverGamma=-2.46@blocks.2.bn1[11] rvMaxOverMedian=91.6@blocks.1.bn1[14] rezero=none nonFinite=0
[REPLAY] step=37900 loss=3.5173 pLoss=2.7121 vLoss=0.8040 pEnt=2.868 pIllM=0.0012 playedP=0.178 pW=0.47 pD=0.07 pL=0.46 vAbs=0.246 pLogitMean=-10.8990 vLogitMean=0.6027 gNorm=0.253 lr=0.00867 ms=2318.0 buf=500000 plies=323642280 games=4883367 rejected=0 skipped=0 epoch=0 mom=0.9185 lrCyc[pk=9.7e-01,tr=9.8e-04] trainerStep=37900
[LAYER-HEALTH] live trainerStep=37900 scope=batch_norm_state_only reluSites=9/10 ch=1040 dead=0 off=4 alwaysOn=0 worst=blocks.2.bn1(dead 0 off 2 on 0) maxBetaOverGamma=+2.00@policy.pre_bn[103] minBetaOverGamma=-2.46@blocks.2.bn1[11] rvMaxOverMedian=91.9@blocks.1.bn1[14] rezero=none nonFinite=0
[REPLAY] step=37950 loss=3.5490 pLoss=2.7266 vLoss=0.8211 pEnt=2.858 pIllM=0.0013 playedP=0.176 pW=0.47 pD=0.07 pL=0.46 vAbs=0.238 pLogitMean=-10.9030 vLogitMean=0.6025 gNorm=0.263 lr=0.0096 ms=2490.4 buf=500000 plies=324068878 games=4889769 rejected=0 skipped=0 epoch=0 mom=0.9170 lrCyc[pk=9.7e-01,tr=9.8e-04] trainerStep=37950
[LAYER-HEALTH] live trainerStep=37950 scope=batch_norm_state_only reluSites=9/10 ch=1040 dead=0 off=4 alwaysOn=0 worst=blocks.2.bn1(dead 0 off 2 on 0) maxBetaOverGamma=+2.00@policy.pre_bn[103] minBetaOverGamma=-2.45@blocks.2.bn1[11] rvMaxOverMedian=91.8@blocks.1.bn1[14] rezero=none nonFinite=0
[REPLAY] step=38000 loss=3.4935 pLoss=2.6910 vLoss=0.8010 pEnt=2.854 pIllM=0.0015 playedP=0.181 pW=0.47 pD=0.07 pL=0.47 vAbs=0.234 pLogitMean=-10.9024 vLogitMean=0.6026 gNorm=0.244 lr=0.0106 ms=2876.7 buf=500000 plies=324495595 games=4896225 rejected=0 skipped=0 epoch=0 mom=0.9155 lrCyc[pk=9.7e-01,tr=9.8e-04] trainerStep=38000
[LAYER-HEALTH] live trainerStep=38000 scope=batch_norm_state_only reluSites=9/10 ch=1040 dead=0 off=4 alwaysOn=0 worst=blocks.2.bn1(dead 0 off 2 on 0) maxBetaOverGamma=+2.00@policy.pre_bn[103] minBetaOverGamma=-2.45@blocks.2.bn1[11] rvMaxOverMedian=91.7@blocks.1.bn1[14] rezero=none nonFinite=0
[REPLAY] saved trainer model (autosave) step=38000 trainerStep=38000 nextGame=4896225 shard=10 epoch=0 -> 20261005-lrBleaky-cyc1-replay-latest.safetensors
[LAYER-HEALTH] checkpoint replay-autosave step=38000 trainerStep=38000 scope=all_tensors reluSites=9/10 ch=1040 dead=0 off=4 alwaysOn=0 worst=blocks.2.bn1(dead 0 off 2 on 0) maxBetaOverGamma=+2.00@policy.pre_bn[103] minBetaOverGamma=-2.45@blocks.2.bn1[11] rvMaxOverMedian=91.7@blocks.1.bn1[14] rezero=none nonFinite=0 seZeroVel=none valueFC1ZeroVel=0/128 maxAbs=11.72@blocks.1.bn1.running_var
[LAYER-HEALTH]   batch-norm sites — β/|γ|: dead < -3.00, mostly off < -2.00, always on > +3.00; classified for relu/leaky_relu only
[LAYER-HEALTH]     site            act            ch   dead    off     on  zeroγ nonfin  min β/|γ| [ch]     max β/|γ| [ch]     rv max/median [ch]
[LAYER-HEALTH]     stem.bn         -             128    n/a    n/a    n/a      0      0     -2.98 [85]         +0.78 [33]            4.1 [43]
[LAYER-HEALTH]     blocks.0.bn1    relu          128      0      0      0      0      0     -0.97 [53]         +0.37 [18]            8.9 [14]
[LAYER-HEALTH]     blocks.0.bn2    relu          128      0      0      0      0      0     -1.63 [48]         -0.04 [58]            3.7 [33]
[LAYER-HEALTH]     blocks.1.bn1    relu          128      0      0      0      0      0     -1.68 [52]         -0.24 [14]           91.7 [14]
[LAYER-HEALTH]     blocks.1.bn2    relu          128      0      1      0      0      0     -2.23 [29]         -0.26 [49]            8.6 [49]
[LAYER-HEALTH]     blocks.2.bn1    relu          128      0      2      0      0      0     -2.45 [11]         +1.10 [31]           34.7 [125]
[LAYER-HEALTH]     blocks.2.bn2    relu          128      0      0      0      0      0     -1.59 [0]          -0.29 [33]            3.3 [103]
[LAYER-HEALTH]     tower_final_bn  relu          128      0      0      0      0      0     -0.84 [89]         +1.75 [98]            5.8 [31]
[LAYER-HEALTH]     policy.pre_bn   relu          128      0      0      0      0      0     -1.49 [47]         +2.00 [103]           4.9 [22]
[LAYER-HEALTH]     value.bn        leaky_relu     16      0      1      0      0      0     -2.06 [10]         -0.51 [7]             2.4 [1]
[LAYER-HEALTH]   FC hidden-unit velocity — zero: every weight-velocity entry exactly 0; low: nonzero but < 5% of the layer's p90 unit norm
[LAYER-HEALTH]     value.fc1.weight  leaky_relu  units 128  zero 0  low 15  median unit norm 0.004271
[LAYER-HEALTH]     (no SE blocks)
[LAYER-HEALTH]   ReZero: none
[LAYER-HEALTH]   non-finite: 0 values in 0 of 102 tensors (10263038 values examined)
[LAYER-HEALTH]   largest |value|: blocks.1.bn1.running_var 11.72, blocks.0.bn2.running_var 7.369, policy.conv.bias 6, blocks.2.bn1.running_var 5.289, blocks.1.bn2.running_var 4.952
[REPLAY] enumerated checkpoint -> 20261005-lrBleaky-cyc1-replay-step38000.safetensors
[REPLAY] step=38050 loss=3.5097 pLoss=2.7043 vLoss=0.8041 pEnt=2.849 pIllM=0.0013 playedP=0.180 pW=0.47 pD=0.07 pL=0.46 vAbs=0.237 pLogitMean=-10.9002 vLogitMean=0.6037 gNorm=0.265 lr=0.0118 ms=2598.5 buf=500000 plies=324922248 games=4902692 rejected=0 skipped=0 epoch=0 mom=0.9140 lrCyc[pk=9.7e-01,tr=9.8e-04] trainerStep=38050
[LAYER-HEALTH] live trainerStep=38050 scope=batch_norm_state_only reluSites=9/10 ch=1040 dead=0 off=4 alwaysOn=0 worst=blocks.2.bn1(dead 0 off 2 on 0) maxBetaOverGamma=+2.00@policy.pre_bn[103] minBetaOverGamma=-2.45@blocks.2.bn1[11] rvMaxOverMedian=91.2@blocks.1.bn1[14] rezero=none nonFinite=0
[REPLAY] step=38100 loss=3.4718 pLoss=2.6640 vLoss=0.8067 pEnt=2.856 pIllM=0.0011 playedP=0.179 pW=0.47 pD=0.07 pL=0.46 vAbs=0.243 pLogitMean=-10.9033 vLogitMean=0.6036 gNorm=0.242 lr=0.0131 ms=2174.4 buf=500000 plies=325348824 games=4909089 rejected=0 skipped=0 epoch=0 mom=0.9125 lrCyc[pk=9.7e-01,tr=9.8e-04] trainerStep=38100
[LAYER-HEALTH] live trainerStep=38100 scope=batch_norm_state_only reluSites=9/10 ch=1040 dead=0 off=4 alwaysOn=0 worst=blocks.2.bn1(dead 0 off 2 on 0) maxBetaOverGamma=+2.00@policy.pre_bn[103] minBetaOverGamma=-2.45@blocks.2.bn1[11] rvMaxOverMedian=91.1@blocks.1.bn1[14] rezero=none nonFinite=0
[REPLAY] step=38150 loss=3.4670 pLoss=2.6557 vLoss=0.8100 pEnt=2.847 pIllM=0.0013 playedP=0.181 pW=0.46 pD=0.07 pL=0.46 vAbs=0.246 pLogitMean=-10.8994 vLogitMean=0.6043 gNorm=0.265 lr=0.0145 ms=3069.3 buf=500000 plies=325775485 games=4915490 rejected=0 skipped=0 epoch=0 mom=0.9110 lrCyc[pk=9.7e-01,tr=9.8e-04] trainerStep=38150
[LAYER-HEALTH] live trainerStep=38150 scope=batch_norm_state_only reluSites=9/10 ch=1040 dead=0 off=3 alwaysOn=0 worst=blocks.1.bn2(dead 0 off 1 on 0) maxBetaOverGamma=+2.00@policy.pre_bn[103] minBetaOverGamma=-2.46@blocks.2.bn1[11] rvMaxOverMedian=91.2@blocks.1.bn1[14] rezero=none nonFinite=0
[REPLAY] step=38200 loss=3.4907 pLoss=2.6898 vLoss=0.7993 pEnt=2.857 pIllM=0.0016 playedP=0.182 pW=0.47 pD=0.06 pL=0.46 vAbs=0.247 pLogitMean=-10.9023 vLogitMean=0.6033 gNorm=0.251 lr=0.0162 ms=1832.1 buf=500000 plies=326202126 games=4921929 rejected=0 skipped=0 epoch=0 mom=0.9094 lrCyc[pk=9.7e-01,tr=9.8e-04] trainerStep=38200
[LAYER-HEALTH] live trainerStep=38200 scope=batch_norm_state_only reluSites=9/10 ch=1040 dead=0 off=3 alwaysOn=0 worst=blocks.1.bn2(dead 0 off 1 on 0) maxBetaOverGamma=+2.00@policy.pre_bn[103] minBetaOverGamma=-2.45@blocks.2.bn1[11] rvMaxOverMedian=91.1@blocks.1.bn1[14] rezero=none nonFinite=0
[REPLAY] step=38250 loss=3.4743 pLoss=2.6660 vLoss=0.8070 pEnt=2.848 pIllM=0.0013 playedP=0.182 pW=0.47 pD=0.07 pL=0.46 vAbs=0.250 pLogitMean=-10.8974 vLogitMean=0.6041 gNorm=0.258 lr=0.018 ms=1633.8 buf=500000 plies=326628805 games=4928278 rejected=0 skipped=0 epoch=0 mom=0.9079 lrCyc[pk=9.7e-01,tr=9.8e-04] trainerStep=38250
[LAYER-HEALTH] live trainerStep=38250 scope=batch_norm_state_only reluSites=9/10 ch=1040 dead=0 off=4 alwaysOn=0 worst=blocks.2.bn1(dead 0 off 2 on 0) maxBetaOverGamma=+2.00@policy.pre_bn[103] minBetaOverGamma=-2.46@blocks.2.bn1[11] rvMaxOverMedian=91.2@blocks.1.bn1[14] rezero=none nonFinite=0
[REPLAY] step=38300 loss=3.4884 pLoss=2.6970 vLoss=0.7901 pEnt=2.853 pIllM=0.0013 playedP=0.177 pW=0.47 pD=0.06 pL=0.47 vAbs=0.245 pLogitMean=-10.8971 vLogitMean=0.6033 gNorm=0.269 lr=0.02 ms=2617.2 buf=500000 plies=327055455 games=4934611 rejected=0 skipped=0 epoch=0 mom=0.9063 lrCyc[pk=9.7e-01,tr=9.8e-04] trainerStep=38300
[LAYER-HEALTH] live trainerStep=38300 scope=batch_norm_state_only reluSites=9/10 ch=1040 dead=0 off=4 alwaysOn=0 worst=blocks.2.bn1(dead 0 off 2 on 0) maxBetaOverGamma=+2.00@policy.pre_bn[103] minBetaOverGamma=-2.45@blocks.2.bn1[11] rvMaxOverMedian=91.5@blocks.1.bn1[14] rezero=none nonFinite=0
[REPLAY] step=38350 loss=3.5076 pLoss=2.7043 vLoss=0.8018 pEnt=2.851 pIllM=0.0015 playedP=0.179 pW=0.48 pD=0.07 pL=0.46 vAbs=0.244 pLogitMean=-10.8994 vLogitMean=0.6023 gNorm=0.250 lr=0.0223 ms=2425.0 buf=500000 plies=327482146 games=4940976 rejected=0 skipped=0 epoch=0 mom=0.9048 lrCyc[pk=9.7e-01,tr=9.8e-04] trainerStep=38350
[LAYER-HEALTH] live trainerStep=38350 scope=batch_norm_state_only reluSites=9/10 ch=1040 dead=0 off=4 alwaysOn=0 worst=blocks.2.bn1(dead 0 off 2 on 0) maxBetaOverGamma=+1.99@policy.pre_bn[103] minBetaOverGamma=-2.45@blocks.2.bn1[11] rvMaxOverMedian=91.1@blocks.1.bn1[14] rezero=none nonFinite=0
[REPLAY] step=38400 loss=3.5121 pLoss=2.7033 vLoss=0.8077 pEnt=2.859 pIllM=0.0012 playedP=0.180 pW=0.48 pD=0.07 pL=0.45 vAbs=0.246 pLogitMean=-10.8986 vLogitMean=0.6036 gNorm=0.259 lr=0.0248 ms=2887.9 buf=500000 plies=327908729 games=4947455 rejected=0 skipped=0 epoch=0 mom=0.9032 lrCyc[pk=9.7e-01,tr=9.8e-04] trainerStep=38400
[LAYER-HEALTH] live trainerStep=38400 scope=batch_norm_state_only reluSites=9/10 ch=1040 dead=0 off=4 alwaysOn=0 worst=blocks.2.bn1(dead 0 off 2 on 0) maxBetaOverGamma=+1.99@policy.pre_bn[103] minBetaOverGamma=-2.46@blocks.2.bn1[11] rvMaxOverMedian=91.1@blocks.1.bn1[14] rezero=none nonFinite=0
[REPLAY] step=38450 loss=3.5024 pLoss=2.7059 vLoss=0.7948 pEnt=2.885 pIllM=0.0017 playedP=0.176 pW=0.48 pD=0.06 pL=0.46 vAbs=0.249 pLogitMean=-10.8954 vLogitMean=0.6019 gNorm=0.250 lr=0.0277 ms=2341.5 buf=500000 plies=328335379 games=4953908 rejected=0 skipped=0 epoch=0 mom=0.9017 lrCyc[pk=9.7e-01,tr=9.8e-04] trainerStep=38450
[LAYER-HEALTH] live trainerStep=38450 scope=batch_norm_state_only reluSites=9/10 ch=1040 dead=0 off=3 alwaysOn=0 worst=blocks.1.bn2(dead 0 off 1 on 0) maxBetaOverGamma=+1.99@policy.pre_bn[103] minBetaOverGamma=-2.46@blocks.2.bn1[11] rvMaxOverMedian=91.5@blocks.1.bn1[14] rezero=none nonFinite=0
[REPLAY] step=38500 loss=3.4788 pLoss=2.6889 vLoss=0.7886 pEnt=2.848 pIllM=0.0013 playedP=0.183 pW=0.47 pD=0.07 pL=0.47 vAbs=0.248 pLogitMean=-10.8943 vLogitMean=0.6055 gNorm=0.269 lr=0.0308 ms=2409.9 buf=500000 plies=328762045 games=4960329 rejected=0 skipped=0 epoch=0 mom=0.9001 lrCyc[pk=9.7e-01,tr=9.8e-04] trainerStep=38500
[LAYER-HEALTH] live trainerStep=38500 scope=batch_norm_state_only reluSites=9/10 ch=1040 dead=0 off=4 alwaysOn=0 worst=blocks.2.bn1(dead 0 off 2 on 0) maxBetaOverGamma=+1.99@policy.pre_bn[103] minBetaOverGamma=-2.46@blocks.2.bn1[11] rvMaxOverMedian=91.1@blocks.1.bn1[14] rezero=none nonFinite=0
[REPLAY] step=38550 loss=3.5329 pLoss=2.7266 vLoss=0.8052 pEnt=2.862 pIllM=0.0012 playedP=0.179 pW=0.48 pD=0.07 pL=0.46 vAbs=0.231 pLogitMean=-10.8907 vLogitMean=0.6039 gNorm=0.265 lr=0.0343 ms=3433.3 buf=500000 plies=329188708 games=4966734 rejected=0 skipped=0 epoch=0 mom=0.8985 lrCyc[pk=9.7e-01,tr=9.8e-04] trainerStep=38550
[LAYER-HEALTH] live trainerStep=38550 scope=batch_norm_state_only reluSites=9/10 ch=1040 dead=0 off=4 alwaysOn=0 worst=blocks.2.bn1(dead 0 off 2 on 0) maxBetaOverGamma=+1.99@policy.pre_bn[103] minBetaOverGamma=-2.46@blocks.2.bn1[11] rvMaxOverMedian=90.8@blocks.1.bn1[14] rezero=none nonFinite=0
[REPLAY] step=38600 loss=3.4726 pLoss=2.6886 vLoss=0.7827 pEnt=2.850 pIllM=0.0012 playedP=0.179 pW=0.48 pD=0.06 pL=0.46 vAbs=0.250 pLogitMean=-10.8923 vLogitMean=0.6050 gNorm=0.253 lr=0.0383 ms=2810.2 buf=500000 plies=329615326 games=4973128 rejected=0 skipped=0 epoch=0 mom=0.8970 lrCyc[pk=9.7e-01,tr=9.8e-04] trainerStep=38600
[LAYER-HEALTH] live trainerStep=38600 scope=batch_norm_state_only reluSites=9/10 ch=1040 dead=0 off=4 alwaysOn=0 worst=blocks.2.bn1(dead 0 off 2 on 0) maxBetaOverGamma=+1.99@policy.pre_bn[103] minBetaOverGamma=-2.46@blocks.2.bn1[11] rvMaxOverMedian=90.8@blocks.1.bn1[14] rezero=none nonFinite=0
[REPLAY] step=38650 loss=3.5030 pLoss=2.7043 vLoss=0.7972 pEnt=2.844 pIllM=0.0015 playedP=0.182 pW=0.48 pD=0.06 pL=0.46 vAbs=0.239 pLogitMean=-10.8907 vLogitMean=0.6015 gNorm=0.260 lr=0.0426 ms=2732.8 buf=500000 plies=330042014 games=4979530 rejected=0 skipped=0 epoch=0 mom=0.8954 lrCyc[pk=9.7e-01,tr=9.8e-04] trainerStep=38650
[LAYER-HEALTH] live trainerStep=38650 scope=batch_norm_state_only reluSites=9/10 ch=1040 dead=0 off=3 alwaysOn=0 worst=blocks.1.bn2(dead 0 off 1 on 0) maxBetaOverGamma=+1.99@policy.pre_bn[103] minBetaOverGamma=-2.45@blocks.2.bn1[11] rvMaxOverMedian=90.9@blocks.1.bn1[14] rezero=none nonFinite=0
[REPLAY] step=38700 loss=3.5404 pLoss=2.7117 vLoss=0.8274 pEnt=2.858 pIllM=0.0013 playedP=0.179 pW=0.48 pD=0.07 pL=0.46 vAbs=0.232 pLogitMean=-10.8901 vLogitMean=0.6050 gNorm=0.265 lr=0.0474 ms=2624.1 buf=500000 plies=330468684 games=4985932 rejected=0 skipped=0 epoch=0 mom=0.8938 lrCyc[pk=9.7e-01,tr=9.8e-04] trainerStep=38700
[LAYER-HEALTH] live trainerStep=38700 scope=batch_norm_state_only reluSites=9/10 ch=1040 dead=0 off=4 alwaysOn=0 worst=blocks.2.bn1(dead 0 off 2 on 0) maxBetaOverGamma=+1.99@policy.pre_bn[103] minBetaOverGamma=-2.46@blocks.2.bn1[11] rvMaxOverMedian=92.3@blocks.1.bn1[14] rezero=none nonFinite=0
[REPLAY] step=38750 loss=3.4996 pLoss=2.7010 vLoss=0.7973 pEnt=2.837 pIllM=0.0013 playedP=0.181 pW=0.47 pD=0.07 pL=0.46 vAbs=0.236 pLogitMean=-10.8837 vLogitMean=0.6018 gNorm=0.265 lr=0.0528 ms=3141.3 buf=500000 plies=330895276 games=4992344 rejected=0 skipped=0 epoch=0 mom=0.8923 lrCyc[pk=9.7e-01,tr=9.8e-04] trainerStep=38750
[LAYER-HEALTH] live trainerStep=38750 scope=batch_norm_state_only reluSites=9/10 ch=1040 dead=0 off=4 alwaysOn=0 worst=blocks.2.bn1(dead 0 off 2 on 0) maxBetaOverGamma=+1.99@policy.pre_bn[103] minBetaOverGamma=-2.44@blocks.2.bn1[11] rvMaxOverMedian=93.2@blocks.1.bn1[14] rezero=none nonFinite=0
[REPLAY] step=38800 loss=3.4971 pLoss=2.6960 vLoss=0.7997 pEnt=2.838 pIllM=0.0013 playedP=0.185 pW=0.46 pD=0.07 pL=0.47 vAbs=0.238 pLogitMean=-10.8803 vLogitMean=0.6052 gNorm=0.262 lr=0.0588 ms=3205.3 buf=500000 plies=331321963 games=4998745 rejected=0 skipped=0 epoch=0 mom=0.8907 lrCyc[pk=9.7e-01,tr=9.8e-04] trainerStep=38800
[LAYER-HEALTH] live trainerStep=38800 scope=batch_norm_state_only reluSites=9/10 ch=1040 dead=0 off=4 alwaysOn=0 worst=blocks.2.bn1(dead 0 off 2 on 0) maxBetaOverGamma=+1.99@policy.pre_bn[103] minBetaOverGamma=-2.45@blocks.2.bn1[11] rvMaxOverMedian=93.4@blocks.1.bn1[14] rezero=none nonFinite=0
[REPLAY] step=38850 loss=3.4722 pLoss=2.6736 vLoss=0.7974 pEnt=2.840 pIllM=0.0013 playedP=0.186 pW=0.48 pD=0.06 pL=0.46 vAbs=0.243 pLogitMean=-10.8733 vLogitMean=0.6051 gNorm=0.269 lr=0.0653 ms=2224.3 buf=500000 plies=331748584 games=5005147 rejected=0 skipped=0 epoch=0 mom=0.8892 lrCyc[pk=9.7e-01,tr=9.8e-04] trainerStep=38850
[LAYER-HEALTH] live trainerStep=38850 scope=batch_norm_state_only reluSites=9/10 ch=1040 dead=0 off=4 alwaysOn=0 worst=blocks.2.bn1(dead 0 off 2 on 0) maxBetaOverGamma=+1.99@policy.pre_bn[103] minBetaOverGamma=-2.44@blocks.2.bn1[11] rvMaxOverMedian=93.8@blocks.1.bn1[14] rezero=none nonFinite=0
[REPLAY] step=38900 loss=3.4935 pLoss=2.6896 vLoss=0.8027 pEnt=2.846 pIllM=0.0011 playedP=0.181 pW=0.46 pD=0.07 pL=0.47 vAbs=0.234 pLogitMean=-10.8759 vLogitMean=0.6029 gNorm=0.266 lr=0.0726 ms=1825.3 buf=500000 plies=332175291 games=5011573 rejected=0 skipped=0 epoch=0 mom=0.8877 lrCyc[pk=9.7e-01,tr=9.8e-04] trainerStep=38900
[LAYER-HEALTH] live trainerStep=38900 scope=batch_norm_state_only reluSites=9/10 ch=1040 dead=0 off=4 alwaysOn=0 worst=blocks.2.bn1(dead 0 off 2 on 0) maxBetaOverGamma=+1.99@policy.pre_bn[103] minBetaOverGamma=-2.45@blocks.2.bn1[11] rvMaxOverMedian=94.5@blocks.1.bn1[14] rezero=none nonFinite=0
[REPLAY] step=38950 loss=3.4897 pLoss=2.6858 vLoss=0.8024 pEnt=2.863 pIllM=0.0014 playedP=0.174 pW=0.47 pD=0.07 pL=0.46 vAbs=0.253 pLogitMean=-10.8787 vLogitMean=0.6041 gNorm=0.266 lr=0.0805 ms=2746.1 buf=500000 plies=332601881 games=5017976 rejected=0 skipped=0 epoch=0 mom=0.8862 lrCyc[pk=9.7e-01,tr=9.8e-04] trainerStep=38950
[LAYER-HEALTH] live trainerStep=38950 scope=batch_norm_state_only reluSites=9/10 ch=1040 dead=0 off=4 alwaysOn=0 worst=blocks.2.bn1(dead 0 off 2 on 0) maxBetaOverGamma=+1.98@policy.pre_bn[103] minBetaOverGamma=-2.45@blocks.2.bn1[11] rvMaxOverMedian=95.0@blocks.1.bn1[14] rezero=none nonFinite=0
[REPLAY] step=39000 loss=3.4887 pLoss=2.6756 vLoss=0.8114 pEnt=2.846 pIllM=0.0016 playedP=0.181 pW=0.46 pD=0.07 pL=0.46 vAbs=0.243 pLogitMean=-10.8730 vLogitMean=0.6049 gNorm=0.258 lr=0.0893 ms=3127.9 buf=500000 plies=333028613 games=5024392 rejected=0 skipped=0 epoch=0 mom=0.8847 lrCyc[pk=9.7e-01,tr=9.8e-04] trainerStep=39000
[LAYER-HEALTH] live trainerStep=39000 scope=batch_norm_state_only reluSites=9/10 ch=1040 dead=0 off=4 alwaysOn=0 worst=blocks.2.bn1(dead 0 off 2 on 0) maxBetaOverGamma=+1.99@policy.pre_bn[103] minBetaOverGamma=-2.43@blocks.2.bn1[11] rvMaxOverMedian=94.5@blocks.1.bn1[14] rezero=none nonFinite=0
[REPLAY] saved trainer model (autosave) step=39000 trainerStep=39000 nextGame=5024392 shard=11 epoch=0 -> 20261005-lrBleaky-cyc1-replay-latest.safetensors
[LAYER-HEALTH] checkpoint replay-autosave step=39000 trainerStep=39000 scope=all_tensors reluSites=9/10 ch=1040 dead=0 off=4 alwaysOn=0 worst=blocks.2.bn1(dead 0 off 2 on 0) maxBetaOverGamma=+1.99@policy.pre_bn[103] minBetaOverGamma=-2.43@blocks.2.bn1[11] rvMaxOverMedian=94.5@blocks.1.bn1[14] rezero=none nonFinite=0 seZeroVel=none valueFC1ZeroVel=0/128 maxAbs=11.95@blocks.1.bn1.running_var
[LAYER-HEALTH]   batch-norm sites — β/|γ|: dead < -3.00, mostly off < -2.00, always on > +3.00; classified for relu/leaky_relu only
[LAYER-HEALTH]     site            act            ch   dead    off     on  zeroγ nonfin  min β/|γ| [ch]     max β/|γ| [ch]     rv max/median [ch]
[LAYER-HEALTH]     stem.bn         -             128    n/a    n/a    n/a      0      0     -2.96 [85]         +0.76 [33]            4.1 [43]
[LAYER-HEALTH]     blocks.0.bn1    relu          128      0      0      0      0      0     -0.97 [53]         +0.39 [18]            9.0 [14]
[LAYER-HEALTH]     blocks.0.bn2    relu          128      0      0      0      0      0     -1.63 [48]         -0.03 [58]            3.6 [33]
[LAYER-HEALTH]     blocks.1.bn1    relu          128      0      0      0      0      0     -1.68 [52]         -0.24 [14]           94.5 [14]
[LAYER-HEALTH]     blocks.1.bn2    relu          128      0      1      0      0      0     -2.23 [29]         -0.25 [49]            8.5 [49]
[LAYER-HEALTH]     blocks.2.bn1    relu          128      0      2      0      0      0     -2.43 [11]         +1.11 [31]           35.0 [125]
[LAYER-HEALTH]     blocks.2.bn2    relu          128      0      0      0      0      0     -1.59 [0]          -0.29 [33]            3.4 [103]
[LAYER-HEALTH]     tower_final_bn  relu          128      0      0      0      0      0     -0.84 [89]         +1.76 [98]            5.9 [31]
[LAYER-HEALTH]     policy.pre_bn   relu          128      0      0      0      0      0     -1.49 [47]         +1.99 [103]           4.8 [22]
[LAYER-HEALTH]     value.bn        leaky_relu     16      0      1      0      0      0     -2.09 [10]         -0.52 [7]             2.4 [1]
[LAYER-HEALTH]   FC hidden-unit velocity — zero: every weight-velocity entry exactly 0; low: nonzero but < 5% of the layer's p90 unit norm
[LAYER-HEALTH]     value.fc1.weight  leaky_relu  units 128  zero 0  low 16  median unit norm 0.002926
[LAYER-HEALTH]     (no SE blocks)
[LAYER-HEALTH]   ReZero: none
[LAYER-HEALTH]   non-finite: 0 values in 0 of 102 tensors (10263038 values examined)
[LAYER-HEALTH]   largest |value|: blocks.1.bn1.running_var 11.95, blocks.0.bn2.running_var 7.151, policy.conv.bias 6.014, blocks.2.bn1.running_var 5.272, blocks.0.bn1.running_var 4.778
[REPLAY] enumerated checkpoint -> 20261005-lrBleaky-cyc1-replay-step39000.safetensors
[REPLAY] step=39050 loss=3.5209 pLoss=2.7189 vLoss=0.8006 pEnt=2.835 pIllM=0.0014 playedP=0.182 pW=0.48 pD=0.07 pL=0.45 vAbs=0.242 pLogitMean=-10.8674 vLogitMean=0.6039 gNorm=0.286 lr=0.0989 ms=1827.5 buf=500000 plies=333455251 games=5030784 rejected=0 skipped=0 epoch=0 mom=0.8832 lrCyc[pk=9.7e-01,tr=9.8e-04] trainerStep=39050
[LAYER-HEALTH] live trainerStep=39050 scope=batch_norm_state_only reluSites=9/10 ch=1040 dead=0 off=4 alwaysOn=0 worst=blocks.2.bn1(dead 0 off 2 on 0) maxBetaOverGamma=+1.99@policy.pre_bn[103] minBetaOverGamma=-2.44@blocks.2.bn1[11] rvMaxOverMedian=93.6@blocks.1.bn1[14] rezero=none nonFinite=0
[REPLAY] step=39100 loss=3.4899 pLoss=2.6767 vLoss=0.8119 pEnt=2.855 pIllM=0.0013 playedP=0.181 pW=0.47 pD=0.07 pL=0.46 vAbs=0.245 pLogitMean=-10.8588 vLogitMean=0.6070 gNorm=0.270 lr=0.109 ms=2302.1 buf=500000 plies=333881865 games=5037122 rejected=0 skipped=0 epoch=0 mom=0.8817 lrCyc[pk=9.7e-01,tr=9.8e-04] trainerStep=39100
[LAYER-HEALTH] live trainerStep=39100 scope=batch_norm_state_only reluSites=9/10 ch=1040 dead=0 off=4 alwaysOn=0 worst=blocks.2.bn1(dead 0 off 2 on 0) maxBetaOverGamma=+1.98@policy.pre_bn[103] minBetaOverGamma=-2.44@blocks.2.bn1[11] rvMaxOverMedian=92.5@blocks.1.bn1[14] rezero=none nonFinite=0
[REPLAY] step=39150 loss=3.5216 pLoss=2.7063 vLoss=0.8141 pEnt=2.870 pIllM=0.0013 playedP=0.171 pW=0.47 pD=0.07 pL=0.46 vAbs=0.235 pLogitMean=-10.8511 vLogitMean=0.6044 gNorm=0.297 lr=0.121 ms=2261.2 buf=500000 plies=334308501 games=5043548 rejected=0 skipped=0 epoch=0 mom=0.8803 lrCyc[pk=9.7e-01,tr=9.8e-04] trainerStep=39150
[LAYER-HEALTH] live trainerStep=39150 scope=batch_norm_state_only reluSites=9/10 ch=1040 dead=0 off=4 alwaysOn=0 worst=blocks.2.bn1(dead 0 off 2 on 0) maxBetaOverGamma=+1.99@policy.pre_bn[103] minBetaOverGamma=-2.43@blocks.2.bn1[11] rvMaxOverMedian=94.2@blocks.1.bn1[14] rezero=none nonFinite=0
[REPLAY] step=39200 loss=3.5101 pLoss=2.7017 vLoss=0.8064 pEnt=2.850 pIllM=0.0020 playedP=0.180 pW=0.46 pD=0.07 pL=0.47 vAbs=0.237 pLogitMean=-10.8467 vLogitMean=0.6041 gNorm=0.284 lr=0.134 ms=2081.3 buf=500000 plies=334735171 games=5049987 rejected=0 skipped=0 epoch=0 mom=0.8788 lrCyc[pk=9.7e-01,tr=9.8e-04] trainerStep=39200
[LAYER-HEALTH] live trainerStep=39200 scope=batch_norm_state_only reluSites=9/10 ch=1040 dead=0 off=4 alwaysOn=0 worst=blocks.2.bn1(dead 0 off 2 on 0) maxBetaOverGamma=+1.98@policy.pre_bn[103] minBetaOverGamma=-2.43@blocks.2.bn1[11] rvMaxOverMedian=95.3@blocks.1.bn1[14] rezero=none nonFinite=0
[REPLAY] step=39250 loss=3.5049 pLoss=2.6897 vLoss=0.8139 pEnt=2.877 pIllM=0.0014 playedP=0.172 pW=0.47 pD=0.06 pL=0.46 vAbs=0.239 pLogitMean=-10.8383 vLogitMean=0.6038 gNorm=0.293 lr=0.147 ms=2271.4 buf=500000 plies=335161792 games=5056371 rejected=0 skipped=0 epoch=0 mom=0.8774 lrCyc[pk=9.7e-01,tr=9.8e-04] trainerStep=39250
[LAYER-HEALTH] live trainerStep=39250 scope=batch_norm_state_only reluSites=9/10 ch=1040 dead=0 off=4 alwaysOn=0 worst=blocks.2.bn1(dead 0 off 2 on 0) maxBetaOverGamma=+1.99@policy.pre_bn[103] minBetaOverGamma=-2.45@blocks.2.bn1[11] rvMaxOverMedian=94.9@blocks.1.bn1[14] rezero=none nonFinite=0
[REPLAY] step=39300 loss=3.5040 pLoss=2.6933 vLoss=0.8092 pEnt=2.827 pIllM=0.0016 playedP=0.184 pW=0.47 pD=0.07 pL=0.46 vAbs=0.258 pLogitMean=-10.8224 vLogitMean=0.6007 gNorm=0.296 lr=0.162 ms=2152.2 buf=500000 plies=335588504 games=5062825 rejected=0 skipped=0 epoch=0 mom=0.8761 lrCyc[pk=9.7e-01,tr=9.8e-04] trainerStep=39300
[LAYER-HEALTH] live trainerStep=39300 scope=batch_norm_state_only reluSites=9/10 ch=1040 dead=0 off=4 alwaysOn=0 worst=blocks.2.bn1(dead 0 off 2 on 0) maxBetaOverGamma=+1.98@policy.pre_bn[103] minBetaOverGamma=-2.44@blocks.2.bn1[11] rvMaxOverMedian=94.3@blocks.1.bn1[14] rezero=none nonFinite=0
[REPLAY] step=39350 loss=3.5515 pLoss=2.7555 vLoss=0.7946 pEnt=2.851 pIllM=0.0014 playedP=0.179 pW=0.47 pD=0.06 pL=0.47 vAbs=0.251 pLogitMean=-10.8033 vLogitMean=0.6030 gNorm=0.286 lr=0.178 ms=1919.2 buf=500000 plies=336015072 games=5069254 rejected=0 skipped=0 epoch=0 mom=0.8747 lrCyc[pk=9.7e-01,tr=9.8e-04] trainerStep=39350
[LAYER-HEALTH] live trainerStep=39350 scope=batch_norm_state_only reluSites=9/10 ch=1040 dead=0 off=5 alwaysOn=0 worst=blocks.2.bn1(dead 0 off 3 on 0) maxBetaOverGamma=+1.99@policy.pre_bn[103] minBetaOverGamma=-2.46@blocks.2.bn1[11] rvMaxOverMedian=94.0@blocks.1.bn1[14] rezero=none nonFinite=0
[REPLAY] step=39400 loss=3.5067 pLoss=2.6826 vLoss=0.8227 pEnt=2.862 pIllM=0.0015 playedP=0.179 pW=0.46 pD=0.07 pL=0.47 vAbs=0.247 pLogitMean=-10.7879 vLogitMean=0.6053 gNorm=0.318 lr=0.195 ms=2116.1 buf=500000 plies=336441763 games=5075644 rejected=0 skipped=0 epoch=0 mom=0.8734 lrCyc[pk=9.7e-01,tr=9.8e-04] trainerStep=39400
[LAYER-HEALTH] live trainerStep=39400 scope=batch_norm_state_only reluSites=9/10 ch=1040 dead=0 off=4 alwaysOn=0 worst=blocks.2.bn1(dead 0 off 2 on 0) maxBetaOverGamma=+1.99@policy.pre_bn[103] minBetaOverGamma=-2.43@blocks.2.bn1[11] rvMaxOverMedian=94.1@blocks.1.bn1[14] rezero=none nonFinite=0
[REPLAY] step=39450 loss=3.5489 pLoss=2.7410 vLoss=0.8061 pEnt=2.873 pIllM=0.0017 playedP=0.175 pW=0.48 pD=0.07 pL=0.45 vAbs=0.241 pLogitMean=-10.7769 vLogitMean=0.6029 gNorm=0.312 lr=0.214 ms=2017.3 buf=500000 plies=336868384 games=5082056 rejected=0 skipped=0 epoch=0 mom=0.8720 lrCyc[pk=9.7e-01,tr=9.8e-04] trainerStep=39450
[LAYER-HEALTH] live trainerStep=39450 scope=batch_norm_state_only reluSites=9/10 ch=1040 dead=0 off=4 alwaysOn=0 worst=blocks.2.bn1(dead 0 off 2 on 0) maxBetaOverGamma=+1.98@policy.pre_bn[103] minBetaOverGamma=-2.49@blocks.2.bn1[11] rvMaxOverMedian=94.2@blocks.1.bn1[14] rezero=none nonFinite=0
[REPLAY] step=39500 loss=3.5030 pLoss=2.7181 vLoss=0.7833 pEnt=2.841 pIllM=0.0016 playedP=0.181 pW=0.48 pD=0.06 pL=0.46 vAbs=0.243 pLogitMean=-10.7516 vLogitMean=0.6034 gNorm=0.288 lr=0.233 ms=1522.4 buf=500000 plies=337295047 games=5088518 rejected=0 skipped=0 epoch=0 mom=0.8708 lrCyc[pk=9.7e-01,tr=9.8e-04] trainerStep=39500
[LAYER-HEALTH] live trainerStep=39500 scope=batch_norm_state_only reluSites=9/10 ch=1040 dead=0 off=4 alwaysOn=0 worst=blocks.2.bn1(dead 0 off 2 on 0) maxBetaOverGamma=+1.97@policy.pre_bn[103] minBetaOverGamma=-2.45@blocks.2.bn1[11] rvMaxOverMedian=93.7@blocks.1.bn1[14] rezero=none nonFinite=0
[REPLAY] step=39550 loss=3.4802 pLoss=2.6676 vLoss=0.8108 pEnt=2.842 pIllM=0.0019 playedP=0.178 pW=0.46 pD=0.07 pL=0.47 vAbs=0.263 pLogitMean=-10.7306 vLogitMean=0.6050 gNorm=0.334 lr=0.254 ms=2237.9 buf=500000 plies=337721706 games=5094938 rejected=0 skipped=0 epoch=0 mom=0.8695 lrCyc[pk=9.7e-01,tr=9.8e-04] trainerStep=39550
[LAYER-HEALTH] live trainerStep=39550 scope=batch_norm_state_only reluSites=9/10 ch=1040 dead=0 off=3 alwaysOn=0 worst=blocks.1.bn2(dead 0 off 1 on 0) maxBetaOverGamma=+1.96@policy.pre_bn[103] minBetaOverGamma=-2.43@blocks.2.bn1[11] rvMaxOverMedian=92.3@blocks.1.bn1[14] rezero=none nonFinite=0
[REPLAY] step=39600 loss=3.4460 pLoss=2.6434 vLoss=0.8006 pEnt=2.859 pIllM=0.0021 playedP=0.176 pW=0.47 pD=0.06 pL=0.47 vAbs=0.279 pLogitMean=-10.7265 vLogitMean=0.6040 gNorm=0.299 lr=0.277 ms=2522.9 buf=500000 plies=338148339 games=5101346 rejected=0 skipped=0 epoch=0 mom=0.8683 lrCyc[pk=9.7e-01,tr=9.8e-04] trainerStep=39600
[LAYER-HEALTH] live trainerStep=39600 scope=batch_norm_state_only reluSites=9/10 ch=1040 dead=0 off=3 alwaysOn=0 worst=blocks.1.bn2(dead 0 off 1 on 0) maxBetaOverGamma=+1.98@policy.pre_bn[103] minBetaOverGamma=-2.44@blocks.2.bn1[11] rvMaxOverMedian=92.9@blocks.1.bn1[14] rezero=none nonFinite=0
[REPLAY] step=39650 loss=3.4831 pLoss=2.6927 vLoss=0.7885 pEnt=2.843 pIllM=0.0019 playedP=0.179 pW=0.47 pD=0.06 pL=0.47 vAbs=0.271 pLogitMean=-10.6990 vLogitMean=0.6049 gNorm=0.312 lr=0.3 ms=2823.4 buf=500000 plies=338575040 games=5107703 rejected=0 skipped=0 epoch=0 mom=0.8671 lrCyc[pk=9.7e-01,tr=9.8e-04] trainerStep=39650
[LAYER-HEALTH] live trainerStep=39650 scope=batch_norm_state_only reluSites=9/10 ch=1040 dead=0 off=3 alwaysOn=0 worst=blocks.1.bn2(dead 0 off 1 on 0) maxBetaOverGamma=+1.99@policy.pre_bn[103] minBetaOverGamma=-2.42@blocks.2.bn1[11] rvMaxOverMedian=91.8@blocks.1.bn1[14] rezero=none nonFinite=0
[REPLAY] step=39700 loss=3.5070 pLoss=2.6952 vLoss=0.8097 pEnt=2.871 pIllM=0.0021 playedP=0.174 pW=0.47 pD=0.07 pL=0.46 vAbs=0.240 pLogitMean=-10.6740 vLogitMean=0.6048 gNorm=0.281 lr=0.326 ms=2899.6 buf=500000 plies=339001656 games=5114104 rejected=0 skipped=0 epoch=0 mom=0.8659 lrCyc[pk=9.6e-01,tr=9.8e-04] trainerStep=39700
[LAYER-HEALTH] live trainerStep=39700 scope=batch_norm_state_only reluSites=9/10 ch=1040 dead=0 off=3 alwaysOn=0 worst=blocks.1.bn2(dead 0 off 1 on 0) maxBetaOverGamma=+1.99@policy.pre_bn[103] minBetaOverGamma=-2.47@blocks.2.bn1[11] rvMaxOverMedian=93.2@blocks.1.bn1[14] rezero=none nonFinite=0
[REPLAY] step=39750 loss=3.4704 pLoss=2.6727 vLoss=0.7953 pEnt=2.844 pIllM=0.0024 playedP=0.179 pW=0.45 pD=0.06 pL=0.49 vAbs=0.238 pLogitMean=-10.6524 vLogitMean=0.6035 gNorm=0.325 lr=0.352 ms=2942.1 buf=500000 plies=339428285 games=5120499 rejected=0 skipped=0 epoch=0 mom=0.8648 lrCyc[pk=9.6e-01,tr=9.8e-04] trainerStep=39750
[LAYER-HEALTH] live trainerStep=39750 scope=batch_norm_state_only reluSites=9/10 ch=1040 dead=0 off=4 alwaysOn=0 worst=blocks.2.bn1(dead 0 off 2 on 0) maxBetaOverGamma=+1.99@policy.pre_bn[103] minBetaOverGamma=-2.49@blocks.2.bn1[11] rvMaxOverMedian=94.3@blocks.1.bn1[14] rezero=none nonFinite=0
[REPLAY] step=39800 loss=3.5317 pLoss=2.7231 vLoss=0.8062 pEnt=2.840 pIllM=0.0024 playedP=0.175 pW=0.49 pD=0.07 pL=0.44 vAbs=0.252 pLogitMean=-10.6194 vLogitMean=0.6056 gNorm=0.328 lr=0.379 ms=2548.0 buf=500000 plies=339854923 games=5126958 rejected=0 skipped=0 epoch=0 mom=0.8637 lrCyc[pk=9.6e-01,tr=9.8e-04] trainerStep=39800
[LAYER-HEALTH] live trainerStep=39800 scope=batch_norm_state_only reluSites=9/10 ch=1040 dead=0 off=3 alwaysOn=0 worst=blocks.1.bn2(dead 0 off 1 on 0) maxBetaOverGamma=+2.00@policy.pre_bn[103] minBetaOverGamma=-2.48@blocks.2.bn1[11] rvMaxOverMedian=95.2@blocks.1.bn1[14] rezero=none nonFinite=0
[REPLAY] step=39850 loss=3.4942 pLoss=2.7051 vLoss=0.7866 pEnt=2.842 pIllM=0.0025 playedP=0.178 pW=0.48 pD=0.06 pL=0.46 vAbs=0.259 pLogitMean=-10.6231 vLogitMean=0.6023 gNorm=0.336 lr=0.408 ms=2483.0 buf=500000 plies=340281640 games=5133325 rejected=0 skipped=0 epoch=0 mom=0.8627 lrCyc[pk=9.6e-01,tr=9.8e-04] trainerStep=39850
[LAYER-HEALTH] live trainerStep=39850 scope=batch_norm_state_only reluSites=9/10 ch=1040 dead=0 off=3 alwaysOn=0 worst=blocks.1.bn2(dead 0 off 1 on 0) maxBetaOverGamma=+2.01@policy.pre_bn[103] minBetaOverGamma=-2.51@blocks.2.bn1[11] rvMaxOverMedian=97.2@blocks.1.bn1[14] rezero=none nonFinite=0
[REPLAY] step=39900 loss=3.4997 pLoss=2.6902 vLoss=0.8066 pEnt=2.866 pIllM=0.0030 playedP=0.176 pW=0.46 pD=0.07 pL=0.47 vAbs=0.222 pLogitMean=-10.6086 vLogitMean=0.6029 gNorm=0.324 lr=0.438 ms=3087.3 buf=500000 plies=340708224 games=5139724 rejected=0 skipped=0 epoch=0 mom=0.8616 lrCyc[pk=9.6e-01,tr=9.8e-04] trainerStep=39900
[LAYER-HEALTH] live trainerStep=39900 scope=batch_norm_state_only reluSites=9/10 ch=1040 dead=0 off=5 alwaysOn=0 worst=blocks.2.bn1(dead 0 off 3 on 0) maxBetaOverGamma=+2.00@policy.pre_bn[103] minBetaOverGamma=-2.55@blocks.2.bn1[11] rvMaxOverMedian=96.2@blocks.1.bn1[14] rezero=none nonFinite=0
[REPLAY] step=39950 loss=3.5278 pLoss=2.7411 vLoss=0.7837 pEnt=2.854 pIllM=0.0029 playedP=0.172 pW=0.48 pD=0.07 pL=0.45 vAbs=0.258 pLogitMean=-10.6049 vLogitMean=0.6046 gNorm=0.321 lr=0.468 ms=2679.6 buf=500000 plies=341134995 games=5146121 rejected=0 skipped=0 epoch=0 mom=0.8607 lrCyc[pk=9.6e-01,tr=9.8e-04] trainerStep=39950
[LAYER-HEALTH] live trainerStep=39950 scope=batch_norm_state_only reluSites=9/10 ch=1040 dead=0 off=3 alwaysOn=0 worst=blocks.1.bn2(dead 0 off 1 on 0) maxBetaOverGamma=+2.00@policy.pre_bn[103] minBetaOverGamma=-2.49@blocks.2.bn1[11] rvMaxOverMedian=96.2@blocks.1.bn1[14] rezero=none nonFinite=0
[REPLAY] step=40000 loss=3.5104 pLoss=2.7169 vLoss=0.7904 pEnt=2.824 pIllM=0.0031 playedP=0.178 pW=0.47 pD=0.07 pL=0.45 vAbs=0.250 pLogitMean=-10.6010 vLogitMean=0.6046 gNorm=0.349 lr=0.5 ms=2679.3 buf=500000 plies=341561598 games=5152480 rejected=0 skipped=0 epoch=0 mom=0.8597 lrCyc[pk=9.6e-01,tr=9.8e-04] trainerStep=40000
[LAYER-HEALTH] live trainerStep=40000 scope=batch_norm_state_only reluSites=9/10 ch=1040 dead=0 off=3 alwaysOn=0 worst=blocks.1.bn2(dead 0 off 1 on 0) maxBetaOverGamma=+2.01@policy.pre_bn[103] minBetaOverGamma=-2.51@blocks.2.bn1[11] rvMaxOverMedian=95.6@blocks.1.bn1[14] rezero=none nonFinite=0
[REPLAY] saved trainer model (autosave) step=40000 trainerStep=40000 nextGame=5152480 shard=11 epoch=0 -> 20261005-lrBleaky-cyc1-replay-latest.safetensors
[LAYER-HEALTH] checkpoint replay-autosave step=40000 trainerStep=40000 scope=all_tensors reluSites=9/10 ch=1040 dead=0 off=3 alwaysOn=0 worst=blocks.1.bn2(dead 0 off 1 on 0) maxBetaOverGamma=+2.01@policy.pre_bn[103] minBetaOverGamma=-2.51@blocks.2.bn1[11] rvMaxOverMedian=95.6@blocks.1.bn1[14] rezero=none nonFinite=0 seZeroVel=none valueFC1ZeroVel=0/128 maxAbs=11.89@blocks.1.bn1.running_var
[LAYER-HEALTH]   batch-norm sites — β/|γ|: dead < -3.00, mostly off < -2.00, always on > +3.00; classified for relu/leaky_relu only
[LAYER-HEALTH]     site            act            ch   dead    off     on  zeroγ nonfin  min β/|γ| [ch]     max β/|γ| [ch]     rv max/median [ch]
[LAYER-HEALTH]     stem.bn         -             128    n/a    n/a    n/a      0      0     -3.30 [85]         +0.92 [33]            4.9 [88]
[LAYER-HEALTH]     blocks.0.bn1    relu          128      0      0      0      0      0     -0.98 [53]         +0.43 [18]            9.3 [14]
[LAYER-HEALTH]     blocks.0.bn2    relu          128      0      0      0      0      0     -1.61 [48]         -0.06 [58]            3.5 [33]
[LAYER-HEALTH]     blocks.1.bn1    relu          128      0      0      0      0      0     -1.75 [52]         -0.25 [14]           95.6 [14]
[LAYER-HEALTH]     blocks.1.bn2    relu          128      0      1      0      0      0     -2.19 [29]         -0.31 [49]            8.9 [49]
[LAYER-HEALTH]     blocks.2.bn1    relu          128      0      1      0      0      0     -2.51 [11]         +0.87 [31]           36.0 [125]
[LAYER-HEALTH]     blocks.2.bn2    relu          128      0      0      0      0      0     -1.59 [0]          -0.32 [33]            3.5 [103]
[LAYER-HEALTH]     tower_final_bn  relu          128      0      0      0      0      0     -0.86 [89]         +1.80 [98]            5.7 [31]
[LAYER-HEALTH]     policy.pre_bn   relu          128      0      0      0      0      0     -1.55 [47]         +2.01 [103]           4.7 [22]
[LAYER-HEALTH]     value.bn        leaky_relu     16      0      1      0      0      0     -2.30 [10]         -0.62 [7]             2.4 [1]
[LAYER-HEALTH]   FC hidden-unit velocity — zero: every weight-velocity entry exactly 0; low: nonzero but < 5% of the layer's p90 unit norm
[LAYER-HEALTH]     value.fc1.weight  leaky_relu  units 128  zero 0  low 15  median unit norm 0.004035
[LAYER-HEALTH]     (no SE blocks)
[LAYER-HEALTH]   ReZero: none
[LAYER-HEALTH]   non-finite: 0 values in 0 of 102 tensors (10263038 values examined)
[LAYER-HEALTH]   largest |value|: blocks.1.bn1.running_var 11.89, policy.conv.bias 5.957, blocks.0.bn2.running_var 5.952, blocks.2.bn1.running_var 5.413, blocks.0.bn1.running_var 4.789
[REPLAY] enumerated checkpoint -> 20261005-lrBleaky-cyc1-replay-step40000.safetensors
[REPLAY] saved trainer model (final) step=40000 trainerStep=40000 nextGame=5152480 shard=11 epoch=0 -> 20261005-lrBleaky-cyc1-replay-latest.safetensors
[LAYER-HEALTH] checkpoint replay-final step=40000 trainerStep=40000 scope=all_tensors reluSites=9/10 ch=1040 dead=0 off=3 alwaysOn=0 worst=blocks.1.bn2(dead 0 off 1 on 0) maxBetaOverGamma=+2.01@policy.pre_bn[103] minBetaOverGamma=-2.51@blocks.2.bn1[11] rvMaxOverMedian=95.6@blocks.1.bn1[14] rezero=none nonFinite=0 seZeroVel=none valueFC1ZeroVel=0/128 maxAbs=11.89@blocks.1.bn1.running_var
[LAYER-HEALTH]   batch-norm sites — β/|γ|: dead < -3.00, mostly off < -2.00, always on > +3.00; classified for relu/leaky_relu only
[LAYER-HEALTH]     site            act            ch   dead    off     on  zeroγ nonfin  min β/|γ| [ch]     max β/|γ| [ch]     rv max/median [ch]
[LAYER-HEALTH]     stem.bn         -             128    n/a    n/a    n/a      0      0     -3.30 [85]         +0.92 [33]            4.9 [88]
[LAYER-HEALTH]     blocks.0.bn1    relu          128      0      0      0      0      0     -0.98 [53]         +0.43 [18]            9.3 [14]
[LAYER-HEALTH]     blocks.0.bn2    relu          128      0      0      0      0      0     -1.61 [48]         -0.06 [58]            3.5 [33]
[LAYER-HEALTH]     blocks.1.bn1    relu          128      0      0      0      0      0     -1.75 [52]         -0.25 [14]           95.6 [14]
[LAYER-HEALTH]     blocks.1.bn2    relu          128      0      1      0      0      0     -2.19 [29]         -0.31 [49]            8.9 [49]
[LAYER-HEALTH]     blocks.2.bn1    relu          128      0      1      0      0      0     -2.51 [11]         +0.87 [31]           36.0 [125]
[LAYER-HEALTH]     blocks.2.bn2    relu          128      0      0      0      0      0     -1.59 [0]          -0.32 [33]            3.5 [103]
[LAYER-HEALTH]     tower_final_bn  relu          128      0      0      0      0      0     -0.86 [89]         +1.80 [98]            5.7 [31]
[LAYER-HEALTH]     policy.pre_bn   relu          128      0      0      0      0      0     -1.55 [47]         +2.01 [103]           4.7 [22]
[LAYER-HEALTH]     value.bn        leaky_relu     16      0      1      0      0      0     -2.30 [10]         -0.62 [7]             2.4 [1]
[LAYER-HEALTH]   FC hidden-unit velocity — zero: every weight-velocity entry exactly 0; low: nonzero but < 5% of the layer's p90 unit norm
[LAYER-HEALTH]     value.fc1.weight  leaky_relu  units 128  zero 0  low 15  median unit norm 0.004035
[LAYER-HEALTH]     (no SE blocks)
[LAYER-HEALTH]   ReZero: none
[LAYER-HEALTH]   non-finite: 0 values in 0 of 102 tensors (10263038 values examined)
[LAYER-HEALTH]   largest |value|: blocks.1.bn1.running_var 11.89, policy.conv.bias 5.957, blocks.0.bn2.running_var 5.952, blocks.2.bn1.running_var 5.413, blocks.0.bn1.running_var 4.789
[REPLAY] enumerated checkpoint -> 20261005-lrBleaky-cyc1-replay-step40000.safetensors (replaced this run's own earlier save of step 40000)
[REPLAY] done: steps=40000 positionsFed=341561598 gamesFed=5152480 rejected=0 skipped=0 epochs=0
