[REPLAY] starting offline corpus replay over 1 corpus path(s)
[REPLAY] start-model: 20261005-lrBsilu-cyc1-replay-step18000.safetensors modelID=20261006-44-8ipq encoding=basic24
[RESUME-NUMERICS] policy_tail_precision=fp32_from_pre_bn matches the checkpoint
[REPLAY-ARCH] (start-model) v5 . in basic24(24) -> stem 128 (7x7) . 3x[7x7+7x7 @128, no-SE, silu/pre, clean_add, no-ReZero, out:layer_norm, drop*1] . act tower_end silu, policy leaky_relu, value_conv leaky_relu, value_fc1_hidden leaky_relu . policy intermediate_conv(4864) . value WDL(16->FC128) . bfloat16 . 5,132,687 params
[REPLAY-HPARAMS] lr=0.001 batch=4096 wd=0.0003 momentum=0.9 gradClip=15 entropyBonus=0 drawPenalty=0 policyW=1 valueW=1 illegalW=1 pLabelSmooth=0.1 pLabelSmoothMode=fixed_total pLabelSmoothPerMove=0.0033 pLabelSmoothPerMoveCap=0.5 vLabelSmooth=0.013 dropout=0 lrWarmup=1000 bufCap=500000 replayRatio=0.48 minPrefill=250000 complementCE=on sqrtBatchLR=on batchStats=10 klProbe=100 relClip=log_only/k1/N1000/W100/floor0.01 stepLineSec=180 sampling=(maxPerGame=400 maxDrawPct=100 targetLen=0 stratify=off applied=on)
[GRAD-CLIP] config mode=log_only k=1 N=1000 W=100 floor=0.01 hardMax=15
[REPLAY] trainer-model output: /Users/andrew/Library/Application Support/DrewsChessMachine/Models/20261007-lrBsilu-relcapV1-replay-latest.safetensors (new file)
[REPLAY] enumerated checkpoints: /Users/andrew/Library/Application Support/DrewsChessMachine/Models/20261007-lrBsilu-relcapV1-replay-step19000.safetensors and siblings (never overwritten)
[REPLAY] corpus 20260624-192615-w3aA5b: 46 sealed shard(s)
[RESUME-DIFF] relative_grad_clip_floor: parent=absent this_run=0.01 (this run only: an operational setting the parent's snapshot predates)
[RESUME-DIFF] relative_grad_clip_min_history_steps: parent=absent this_run=100 (this run only: an operational setting the parent's snapshot predates)
[RESUME-DIFF] relative_grad_clip_mode: parent=absent(pre-feature 0) this_run=1 (this run only: the parent's snapshot predates this parameter and ran at its pre-feature value)
[RESUME-DIFF] relative_grad_clip_multiple: parent=absent this_run=1.0 (this run only: an operational setting the parent's snapshot predates)
[RESUME-DIFF] relative_grad_clip_window_steps: parent=absent this_run=1000 (this run only: an operational setting the parent's snapshot predates)
[RESUME-DIFF] step_line_interval_sec: parent=absent this_run=180.0 (this run only: an operational setting the parent's snapshot predates)
[RESUME-DIFF] training_health_action_bn_running_variance_runaway: parent=absent this_run=0 (this run only: an operational setting the parent's snapshot predates)
[RESUME-DIFF] training_health_action_dead_channels: parent=absent this_run=0 (this run only: an operational setting the parent's snapshot predates)
[RESUME-DIFF] training_health_action_divergence: parent=absent this_run=0 (this run only: an operational setting the parent's snapshot predates)
[RESUME-DIFF] training_health_action_gradient_collapse: parent=absent this_run=0 (this run only: an operational setting the parent's snapshot predates)
[RESUME-DIFF] training_health_action_gradient_spike: parent=absent this_run=0 (this run only: an operational setting the parent's snapshot predates)
[RESUME-DIFF] training_health_action_illegal_mass: parent=absent this_run=0 (this run only: an operational setting the parent's snapshot predates)
[RESUME-DIFF] training_health_action_legal_mass_stall: parent=absent this_run=0 (this run only: an operational setting the parent's snapshot predates)
[RESUME-DIFF] training_health_action_loss_spike: parent=absent this_run=0 (this run only: an operational setting the parent's snapshot predates)
[RESUME-DIFF] training_health_action_non_finite: parent=absent this_run=0 (this run only: an operational setting the parent's snapshot predates)
[RESUME-DIFF] training_health_action_policy_offset_drift: parent=absent this_run=0 (this run only: an operational setting the parent's snapshot predates)
[RESUME-DIFF] training_health_action_value_draw_saturation: parent=absent this_run=0 (this run only: an operational setting the parewarning: loc(fused["mps_add_18"("(mpsFileLoc): /AppleInternal/Library/BuildRoots/4~CYf0ugAFA2MHVp9fguae4KUVbl8-CIxgGlWKSUA/Library/Caches/com.apple.xbs/TemporaryDirectory.p76yMP/Sources/MetalPerformanceShadersGraph/mpsgraph/MetalPerformanceShadersGraph/Core/Files/MPSGraphUtilities.mm":234:0), "ane_validation_message"("Incompatible element type for ANE: expected fp16, f8E4M3, si8, ui8, si16, or ui16":0:0)]): Reached maxReorderingDistance 10
warning: loc(fused["mps_add_18"("(mpsFileLoc): /AppleInternal/Library/BuildRoots/4~CYf0ugAFA2MHVp9fguae4KUVbl8-CIxgGlWKSUA/Library/Caches/com.apple.xbs/TemporaryDirectory.p76yMP/Sources/MetalPerformanceShadersGraph/mpsgraph/MetalPerformanceShadersGraph/Core/Files/MPSGraphUtilities.mm":234:0), "ane_validation_message"("Incompatible element type for ANE: expected fp16, f8E4M3, si8, ui8, si16, or ui16":0:0)]): Reached maxReorderingDistance 10
warning: loc(fused["mps_add_24"("(mpsFileLoc): /AppleInternal/Library/BuildRoots/4~CYf0ugAFA2MHVp9fguae4KUVbl8-CIxgGlWKSUA/Library/Caches/com.apple.xbs/TemporaryDirectory.p76yMP/Sources/MetalPerformanceShadersGraph/mpsgraph/MetalPerformanceShadersGraph/Core/Files/MPSGraphUtilities.mm":234:0), "ane_validation_message"("Incompatible element type for ANE: expected fp16, f8E4M3, si8, ui8, si16, or ui16":0:0)]): Reached maxReorderingDistance 10
warning: loc(fused["mps_add_24"("(mpsFileLoc): /AppleInternal/Library/BuildRoots/4~CYf0ugAFA2MHVp9fguae4KUVbl8-CIxgGlWKSUA/Library/Caches/com.apple.xbs/TemporaryDirectory.p76yMP/Sources/MetalPerformanceShadersGraph/mpsgraph/MetalPerformanceShadersGraph/Core/Files/MPSGraphUtilities.mm":234:0), "ane_validation_message"("Incompatible element type for ANE: expected fp16, f8E4M3, si8, ui8, si16, or ui16":0:0)]): Reached maxReorderingDistance 10
warning: loc(fused["mps_add_36"("(mpsFileLoc): /AppleInternal/Library/BuildRoots/4~CYf0ugAFA2MHVp9fguae4KUVbl8-CIxgGlWKSUA/Library/Caches/com.apple.xbs/TemporaryDirectory.p76yMP/Sources/MetalPerformanceShadersGraph/mpsgraph/MetalPerformanceShadersGraph/Core/Files/MPSGraphUtilities.mm":234:0), "ane_validation_message"("Incompatible element type for ANE: expected fp16, f8E4M3, si8, ui8, si16, or ui16":0:0)]): Reached maxReorderingDistance 10
warning: loc(fused["mps_add_36"("(mpsFileLoc): /AppleInternal/Library/BuildRoots/4~CYf0ugAFA2MHVp9fguae4KUVbl8-CIxgGlWKSUA/Library/Caches/com.apple.xbs/TemporaryDirectory.p76yMP/Sources/MetalPerformanceShadersGraph/mpsgraph/MetalPerformanceShadersGraph/Core/Files/MPSGraphUtilities.mm":234:0), "ane_validation_message"("Incompatible element type for ANE: expected fp16, f8E4M3, si8, ui8, si16, or ui16":0:0)]): Reached maxReorderingDistance 10
warning: loc(fused["mps_add_48"("(mpsFileLoc): /AppleInternal/Library/BuildRoots/4~CYf0ugAFA2MHVp9fguae4KUVbl8-CIxgGlWKSUA/Library/Caches/com.apple.xbs/TemporaryDirectory.p76yMP/Sources/MetalPerformanceShadersGraph/mpsgraph/MetalPerformanceShadersGraph/Core/Files/MPSGraphUtilities.mm":234:0), "ane_validation_message"("Incompatible element type for ANE: expected fp16, f8E4M3, si8, ui8, si16, or ui16":0:0)]): Reached maxReorderingDistance 10
warning: loc(fused["mps_add_18"("(mpsFileLoc): /AppleInternal/Library/BuildRoots/4~CYf0ugAFA2MHVp9fguae4KUVbl8-CIxgGlWKSUA/Library/Caches/com.apple.xbs/TemporaryDirectory.p76yMP/Sources/MetalPerformanceShadersGraph/mpsgraph/MetalPerformanceShadersGraph/Core/Files/MPSGraphUtilities.mm":234:0), "ane_validation_message"("Incompatible element type for ANE: expected fp16, f8E4M3, si8, ui8, si16, or ui16":0:0)]): Reached maxReorderingDistance 10
warning: loc(fused["mps_add_18"("(mpsFileLoc): /AppleInternal/Library/BuildRoots/4~CYf0ugAFA2MHVp9fguae4KUVbl8-CIxgGlWKSUA/Library/Caches/com.apple.xbs/TemporaryDirectory.p76yMP/Sources/MetalPerformanceShadersGraph/mpsgraph/MetalPerformanceShadersGraph/Core/Files/MPSGraphUtilities.mm":234:0), "ane_validation_message"("Incompatible element type for ANE: expected fp16, f8E4M3, si8, ui8, si16, or ui16":0:0)]): Reached maxReorderingDistance 10
warning: loc(fused["mps_add_24"("(mpsFileLoc): /AppleInternal/Library/BuildRoots/4~CYf0ugAFA2MHVp9fguae4KUVbl8-CIxgGlWKSUA/Library/Caches/com.apple.xbs/TemporaryDirectory.p76yMP/Sources/MetalPerformanceShadersGraph/mpsgraph/MetalPerformanceShadersGraph/Core/Files/MPSGraphUtilities.mm":234:0), "ane_validation_message"("Incompatible element type for ANE: expected fp16, f8E4M3, si8, ui8, si16, or ui16":0:0)]): Reached maxReorderingDistance 10
warning: loc(fused["mps_add_24"("(mpsFileLoc): /AppleInternal/Library/BuildRoots/4~CYf0ugAFA2MHVp9fguae4KUVbl8-CIxgGlWKSUA/Library/Caches/com.apple.xbs/TemporaryDirectory.p76yMP/Sources/MetalPerformanceShadersGraph/mpsgraph/MetalPerformanceShadersGraph/Core/Files/MPSGraphUtilities.mm":234:0), "ane_validation_message"("Incompatible element type for ANE: expected fp16, f8E4M3, si8, ui8, si16, or ui16":0:0)]): Reached maxReorderingDistance 10
warning: loc(fused["mps_add_36"("(mpsFileLoc): /AppleInternal/Library/BuildRoots/4~CYf0ugAFA2MHVp9fguae4KUVbl8-CIxgGlWKSUA/Library/Caches/com.apple.xbs/TemporaryDirectory.p76yMP/Sources/MetalPerformanceShadersGraph/mpsgraph/MetalPerformanceShadersGraph/Core/Files/MPSGraphUtilities.mm":234:0), "ane_validation_message"("Incompatible element type for ANE: expected fp16, f8E4M3, si8, ui8, si16, or ui16":0:0)]): Reached maxReorderingDistance 10
warning: loc(fused["mps_add_36"("(mpsFileLoc): /AppleInternal/Library/BuildRoots/4~CYf0ugAFA2MHVp9fguae4KUVbl8-CIxgGlWKSUA/Library/Caches/com.apple.xbs/TemporaryDirectory.p76yMP/Sources/MetalPerformanceShadersGraph/mpsgraph/MetalPerformanceShadersGraph/Core/Files/MPSGraphUtilities.mm":234:0), "ane_validation_message"("Incompatible element type for ANE: expected fp16, f8E4M3, si8, ui8, si16, or ui16":0:0)]): Reached maxReorderingDistance 10
warning: loc(fused["mps_add_48"("(mpsFileLoc): /AppleInternal/Library/BuildRoots/4~CYf0ugAFA2MHVp9fguae4KUVbl8-CIxgGlWKSUA/Library/Caches/com.apple.xbs/TemporaryDirectory.p76yMP/Sources/MetalPerformanceShadersGraph/mpsgraph/MetalPerformanceShadersGraph/Core/Files/MPSGraphUtilities.mm":234:0), "ane_validation_message"("Incompatible element type for ANE: expected fp16, f8E4M3, si8, ui8, si16, or ui16":0:0)]): Reached maxReorderingDistance 10
nt's snapshot predates)
[RESUME-DIFF] training_health_action_value_fc1_zero_velocity: parent=absent this_run=0 (this run only: an operational setting the parent's snapshot predates)
[RESUME-DIFF] training_health_action_value_saturation: parent=absent this_run=0 (this run only: an operational setting the parent's snapshot predates)
[RESUME-DIFF] training_health_alarms_enabled: parent=absent this_run=true (this run only: an operational setting the parent's snapshot predates)
[RESUME-DIFF] training_health_check_interval_steps: parent=absent this_run=1000 (this run only: an operational setting the parent's snapshot predates)
[RESUME-DIFF] training_health_learning_grace_steps: parent=absent this_run=1000 (this run only: an operational setting the parent's snapshot predates)
[RESUME] build changed (2330 4e70c615+dirty → 2390 b4845088), behavior fingerprint matches
[RESUME] EXACT
[PARAM] random_seed_mode and random_seed=0 not used: an exact resume keeps the run's seed
[REPLAY] building network + trainer (encoding=basic24)
[NUMERICS] policy_tail_precision=fp32_from_pre_bn source=flag (affects bf16 / fp16 models only)
[RESUME] rng: sampler=restored
[RESUME] rng: dropout stream=restored
[REPLAY] start-model trainer state restored exactly (fp32 masters, velocity, trainerStep=18000) + feeder net (base tensors=61)
[REPLAY-CYCLE] lr=[trough 1.00e-03,peak 1.00e+00]^10000st cnt=0 inv=true mom=[0.75,0.90]^1000st cnt=0 inv=false decay=[peak->1.00e-04 trough->1.00e-05 over 10000000st] momFollow=[low 0.850->0.900 high 0.950->0.950] origin=trainerStep 18000 cycleStep 17000 cycleLR=1.0762e-02 cycleMom=0.9155 (exact resume of 20261006-44-8ipq)
[REPLAY] step lines: every 50 trainer steps through 1000, every 1000, and the first diagnostics step ≥ 180 s after the previous line; saves at trainer-step multiples of 1000 (next: 19000)
[RUN] path=replay run=085EF48A-CD92-47F9-AE00-512F86091177 seg=1 (exact resume of 20261006-44-8ipq sha=4697674c64a7) build=2390 git=b4845088 dirty=false git_diff=none device="Apple M5 Max" vm=false os="Version 27.2 (Build 26B5091g)" seed=20261005 mode=resumed(configured) derivation=v1 params_sha=30537592aa88 policy_tail=fp32_from_pre_bn cum_step=18000 cum_games=2323995 cum_train_sec=40841.48844122887 argv="/Users/andrew/Library/Application Support/DrewsChessMachine/FrozenBuilds/DCM-2390-b4845088-relcap.app/Contents/MacOS/DrewsChessMachine --replay-corpus 20260624-192615-w3aA5b --start-model /Users/andrew/Library/Application Support/DrewsChessMachine/Models/20261005-lrBsilu-cyc1-replay-step18000.safetensors --resume-exact --accept-inexact params --out-model /Users/andrew/Library/Application Support/DrewsChessMachine/Models/20261007-lrBsilu-relcapV1-replay-latest.safetensors --parameters /Users/andrew/cursor/drews-chess-machine/experiments/20261005-lr-schedule-ab/parameters-B-relcap-v1.json --epochs 12 --training-step-limit 3000 --enumerate-checkpoints --policy-tail-precision fp32_from_pre_bn --seed 20261005"
[HEALTH] config enabled=true interval=1000 grace=1000 warmup=1000 momentum=0.9 legalMassStall=0.99x8 path=replay actions=non_finite:log,dead_channels:log,value_fc1_zero_velocity:log,illegal_mass:log,gradient_collapse:log,loss_spike:log,policy_offset_drift:log,bn_running_variance_runaway:log,gradient_spike:log,divergence:log,value_saturation:log,value_draw_saturation:log,legal_mass_stall:log value_fc1_zero_velocity=not_applicable(activation=leaky_relu)
[REPLAY] batchSize=4096 reuse=0.48 K=8533 minPrefill=250000 stepLimit=3000 epochLimit=12
[REPLAY] pre-filled: bufCount=500000 positionsFed=757384 gamesFed=11325 rejected=0 skipped=0
[REPLAY] step=1 loss=3.5164 pLoss=2.7190 vLoss=0.7954 pEnt=-- pIllM=0.0021 playedP=-- pW=-- pD=-- pL=-- vAbs=-- pLogitMean=-- vLogitMean=-- gNorm=0.249 lr=0.0108 ms=1479.3 buf=500000 plies=765925 games=11447 rejected=0 skipped=0 epoch=0 mom=0.9155 lrCyc[pk=9.8e-01,tr=9.9e-04] gNormMax=0.2486 clips=0 gCap=15.0000 trainerStep=18001
[LAYER-HEALTH] live trainerStep=18001 scope=batch_norm_state_only reluSites=2/10 ch=144 dead=0 off=0 alwaysOn=0 worst=none maxBetaOverGamma=+2.06@policy.pre_bn[warning: loc(fused["mps_add_18"("(mpsFileLoc): /AppleInternal/Library/BuildRoots/4~CYf0ugAFA2MHVp9fguae4KUVbl8-CIxgGlWKSUA/Library/Caches/com.apple.xbs/TemporaryDirectory.p76yMP/Sources/MetalPerformanceShadersGraph/mpsgraph/MetalPerformanceShadersGraph/Core/Files/MPSGraphUtilities.mm":234:0), "ane_validation_message"("Incompatible element type for ANE: expected fp16, f8E4M3, si8, ui8, si16, or ui16":0:0)]): Reached maxReorderingDistance 10
warning: loc(fused["mps_add_18"("(mpsFileLoc): /AppleInternal/Library/BuildRoots/4~CYf0ugAFA2MHVp9fguae4KUVbl8-CIxgGlWKSUA/Library/Caches/com.apple.xbs/TemporaryDirectory.p76yMP/Sources/MetalPerformanceShadersGraph/mpsgraph/MetalPerformanceShadersGraph/Core/Files/MPSGraphUtilities.mm":234:0), "ane_validation_message"("Incompatible element type for ANE: expected fp16, f8E4M3, si8, ui8, si16, or ui16":0:0)]): Reached maxReorderingDistance 10
warning: loc(fused["mps_add_24"("(mpsFileLoc): /AppleInternal/Library/BuildRoots/4~CYf0ugAFA2MHVp9fguae4KUVbl8-CIxgGlWKSUA/Library/Caches/com.apple.xbs/TemporaryDirectory.p76yMP/Sources/MetalPerformanceShadersGraph/mpsgraph/MetalPerformanceShadersGraph/Core/Files/MPSGraphUtilities.mm":234:0), "ane_validation_message"("Incompatible element type for ANE: expected fp16, f8E4M3, si8, ui8, si16, or ui16":0:0)]): Reached maxReorderingDistance 10
warning: loc(fused["mps_add_24"("(mpsFileLoc): /AppleInternal/Library/BuildRoots/4~CYf0ugAFA2MHVp9fguae4KUVbl8-CIxgGlWKSUA/Library/Caches/com.apple.xbs/TemporaryDirectory.p76yMP/Sources/MetalPerformanceShadersGraph/mpsgraph/MetalPerformanceShadersGraph/Core/Files/MPSGraphUtilities.mm":234:0), "ane_validation_message"("Incompatible element type for ANE: expected fp16, f8E4M3, si8, ui8, si16, or ui16":0:0)]): Reached maxReorderingDistance 10
warning: loc(fused["mps_add_36"("(mpsFileLoc): /AppleInternal/Library/BuildRoots/4~CYf0ugAFA2MHVp9fguae4KUVbl8-CIxgGlWKSUA/Library/Caches/com.apple.xbs/TemporaryDirectory.p76yMP/Sources/MetalPerformanceShadersGraph/mpsgraph/MetalPerformanceShadersGraph/Core/Files/MPSGraphUtilities.mm":234:0), "ane_validation_message"("Incompatible element type for ANE: expected fp16, f8E4M3, si8, ui8, si16, or ui16":0:0)]): Reached maxReorderingDistance 10
warning: loc(fused["mps_add_36"("(mpsFileLoc): /AppleInternal/Library/BuildRoots/4~CYf0ugAFA2MHVp9fguae4KUVbl8-CIxgGlWKSUA/Library/Caches/com.apple.xbs/TemporaryDirectory.p76yMP/Sources/MetalPerformanceShadersGraph/mpsgraph/MetalPerformanceShadersGraph/Core/Files/MPSGraphUtilities.mm":234:0), "ane_validation_message"("Incompatible element type for ANE: expected fp16, f8E4M3, si8, ui8, si16, or ui16":0:0)]): Reached maxReorderingDistance 10
warning: loc(fused["mps_add_48"("(mpsFileLoc): /AppleInternal/Library/BuildRoots/4~CYf0ugAFA2MHVp9fguae4KUVbl8-CIxgGlWKSUA/Library/Caches/com.apple.xbs/TemporaryDirectory.p76yMP/Sources/MetalPerformanceShadersGraph/mpsgraph/MetalPerformanceShadersGraph/Core/Files/MPSGraphUtilities.mm":234:0), "ane_validation_message"("Incompatible element type for ANE: expected fp16, f8E4M3, si8, ui8, si16, or ui16":0:0)]): Reached maxReorderingDistance 10
warning: loc(fused["mps_add_18"("(mpsFileLoc): /AppleInternal/Library/BuildRoots/4~CYf0ugAFA2MHVp9fguae4KUVbl8-CIxgGlWKSUA/Library/Caches/com.apple.xbs/TemporaryDirectory.p76yMP/Sources/MetalPerformanceShadersGraph/mpsgraph/MetalPerformanceShadersGraph/Core/Files/MPSGraphUtilities.mm":234:0), "ane_validation_message"("Incompatible element type for ANE: expected fp16, f8E4M3, si8, ui8, si16, or ui16":0:0)]): Reached maxReorderingDistance 10
warning: loc(fused["mps_add_18"("(mpsFileLoc): /AppleInternal/Library/BuildRoots/4~CYf0ugAFA2MHVp9fguae4KUVbl8-CIxgGlWKSUA/Library/Caches/com.apple.xbs/TemporaryDirectory.p76yMP/Sources/MetalPerformanceShadersGraph/mpsgraph/MetalPerformanceShadersGraph/Core/Files/MPSGraphUtilities.mm":234:0), "ane_validation_message"("Incompatible element type for ANE: expected fp16, f8E4M3, si8, ui8, si16, or ui16":0:0)]): Reached maxReorderingDistance 10
warning: loc(fused["mps_add_24"("(mpsFileLoc): /AppleInternal/Library/BuildRoots/4~CYf0ugAFA2MHVp9fguae4KUVbl8-CIxgGlWKSUA/Library/Caches/com.apple.xbs/TemporaryDirectory.p76yMP/Sources/MetalPerformanceShadersGraph/mpsgraph/MetalPerformanceShadersGraph/Core/Files/MPSGraphUtilities.mm":234:0), "ane_validation_message"("Incompatible element type for ANE: expected fp16, f8E4M3, si8, ui8, si16, or ui16":0:0)]): Reached maxReorderingDistance 10
warning: loc(fused["mps_add_24"("(mpsFileLoc): /AppleInternal/Library/BuildRoots/4~CYf0ugAFA2MHVp9fguae4KUVbl8-CIxgGlWKSUA/Library/Caches/com.apple.xbs/TemporaryDirectory.p76yMP/Sources/MetalPerformanceShadersGraph/mpsgraph/MetalPerformanceShadersGraph/Core/Files/MPSGraphUtilities.mm":234:0), "ane_validation_message"("Incompatible element type for ANE: expected fp16, f8E4M3, si8, ui8, si16, or ui16":0:0)]): Reached maxReorderingDistance 10
warning: loc(fused["mps_add_36"("(mpsFileLoc): /AppleInternal/Library/BuildRoots/4~CYf0ugAFA2MHVp9fguae4KUVbl8-CIxgGlWKSUA/Library/Caches/com.apple.xbs/TemporaryDirectory.p76yMP/Sources/MetalPerformanceShadersGraph/mpsgraph/MetalPerformanceShadersGraph/Core/Files/MPSGraphUtilities.mm":234:0), "ane_validation_message"("Incompatible element type for ANE: expected fp16, f8E4M3, si8, ui8, si16, or ui16":0:0)]): Reached maxReorderingDistance 10
warning: loc(fused["mps_add_36"("(mpsFileLoc): /AppleInternal/Library/BuildRoots/4~CYf0ugAFA2MHVp9fguae4KUVbl8-CIxgGlWKSUA/Library/Caches/com.apple.xbs/TemporaryDirectory.p76yMP/Sources/MetalPerformanceShadersGraph/mpsgraph/MetalPerformanceShadersGraph/Core/Files/MPSGraphUtilities.mm":234:0), "ane_validation_message"("Incompatible element type for ANE: expected fp16, f8E4M3, si8, ui8, si16, or ui16":0:0)]): Reached maxReorderingDistance 10
warning: loc(fused["mps_add_48"("(mpsFileLoc): /AppleInternal/Library/BuildRoots/4~CYf0ugAFA2MHVp9fguae4KUVbl8-CIxgGlWKSUA/Library/Caches/com.apple.xbs/TemporaryDirectory.p76yMP/Sources/MetalPerformanceShadersGraph/mpsgraph/MetalPerformanceShadersGraph/Core/Files/MPSGraphUtilities.mm":234:0), "ane_validation_message"("Incompatible element type for ANE: expected fp16, f8E4M3, si8, ui8, si16, or ui16":0:0)]): Reached maxReorderingDistance 10
[ALARM] health raise rule=policy_offset_drift severity=warning trainerStep=18100 value=medianAbs=9.7961 threshold=medianAbs>=3 action=log lr=0.0133 mom=0.9125
103] minBetaOverGamma=-1.97@value.bn[4] rvMaxOverMedian=59.8@blocks.2.bn1[31] rezero=none nonFinite=0 parkedSites=9/10 parkedCh=1040 parked=0 parkedOff=0 parkedBy=none
[HEALTH] rule value_fc1_zero_velocity does not apply: value FC1 activation is leaky_relu, not relu
[ALARM] health raise rule=policy_offset_drift severity=warning trainerStep=18100 value=medianAbs=9.7961 threshold=medianAbs>=3 action=log lr=0.0133 mom=0.9125
[GRAD-CLIP] trainerStep=18102 preNorm=0.2818 cap=15.0000 decided=0.2603 binding=relative applied=false mode=log_only median=0.2603 n=101 k=1 floor=0.01 hardMax=15 ratio=1.08 lr=0.0133
[GRAD-CLIP] trainerStep=18103 preNorm=0.2616 cap=15.0000 decided=0.2603 binding=relative applied=false mode=log_only median=0.2603 n=102 k=1 floor=0.01 hardMax=15 ratio=1.00 lr=0.0133
[GRAD-CLIP] trainerStep=18104 preNorm=0.2625 cap=15.0000 decided=0.2604 binding=relative applied=false mode=log_only median=0.2604 n=103 k=1 floor=0.01 hardMax=15 ratio=1.01 lr=0.0133
[GRAD-CLIP] trainerStep=18105 preNorm=0.2688 cap=15.0000 decided=0.2606 binding=relative applied=false mode=log_only median=0.2606 n=104 k=1 floor=0.01 hardMax=15 ratio=1.03 lr=0.0134
[GRAD-CLIP] trainerStep=18106 preNorm=0.2651 cap=15.0000 decided=0.2608 binding=relative applied=false mode=log_only median=0.2608 n=105 k=1 floor=0.01 hardMax=15 ratio=1.02 lr=0.0134
[GRAD-CLIP] trainerStep=18107 preNorm=0.2656 cap=15.0000 decided=0.2609 binding=relative applied=false mode=log_only median=0.2609 n=106 k=1 floor=0.01 hardMax=15 ratio=1.02 lr=0.0134
[GRAD-CLIP] trainerStep=18108 preNorm=0.2613 cap=15.0000 decided=0.2610 binding=relative applied=false mode=log_only median=0.2610 n=107 k=1 floor=0.01 hardMax=15 ratio=1.00 lr=0.0134
[GRAD-CLIP] trainerStep=18111 preNorm=0.2656 cap=15.0000 decided=0.2609 binding=relative applied=false mode=log_only median=0.2609 n=110 k=1 floor=0.01 hardMax=15 ratio=1.02 lr=0.0135
[GRAD-CLIP] trainerStep=18113 preNorm=0.2667 cap=15.0000 decided=0.2609 binding=relative applied=false mode=log_only median=0.2609 n=112 k=1 floor=0.01 hardMax=15 ratio=1.02 lr=0.0136
[GRAD-CLIP] trainerStep=18115 preNorm=0.2812 cap=15.0000 decided=0.2609 binding=relative applied=false mode=log_only median=0.2609 n=114 k=1 floor=0.01 hardMax=15 ratio=1.08 lr=0.0136
[GRAD-CLIP] trainerStep=18116 preNorm=0.2612 cap=15.0000 decided=0.2610 binding=relative applied=false mode=log_only median=0.2610 n=115 k=1 floor=0.01 hardMax=15 ratio=1.00 lr=0.0137
[GRAD-CLIP] trainerStep=18118 preNorm=0.2816 cap=15.0000 decided=0.2610 binding=relative applied=false mode=log_only median=0.2610 n=117 k=1 floor=0.01 hardMax=15 ratio=1.08 lr=0.0137
[GRAD-CLIP] trainerStep=18120 preNorm=0.2646 cap=15.0000 decided=0.2610 binding=relative applied=false mode=log_only median=0.2610 n=119 k=1 floor=0.01 hardMax=15 ratio=1.01 lr=0.0138
[REPLAY] step=120 loss=3.5552 pLoss=2.7342 vLoss=0.8186 pEnt=2.864 pIllM=0.0024 playedP=0.177 pW=0.47 pD=0.07 pL=0.46 vAbs=0.235 pLogitMean=-9.7989 vLogitMean=0.5936 gNorm=0.265 lr=0.0138 ms=1175.9 buf=500000 plies=1781396 games=26693 rejected=0 skipped=0 epoch=0 mom=0.9119 lrCyc[pk=9.8e-01,tr=9.9e-04] gNormMax=0.2937 clips=0 gCap=15.0000 trainerStep=18120
[LAYER-HEALTH] live trainerStep=18120 scope=batch_norm_state_only reluSites=2/10 ch=144 dead=0 off=0 alwaysOn=0 worst=none maxBetaOverGamma=+2.05@policy.pre_bn[103] minBetaOverGamma=-1.97@value.bn[4] rvMaxOverMedian=59.6@blocks.2.bn1[31] rezero=none nonFinite=0 parkedSites=9/10 parkedCh=1040 parked=0 parkedOff=0 parkedBy=none
[GRAD-CLIP] trainerStep=18122 preNorm=0.2693 cap=15.0000 decided=0.2610 binding=relative applied=false mode=log_only median=0.2610 n=121 k=1 floor=0.01 hardMax=15 ratio=1.03 lr=0.0138
[GRAD-CLIP] trainerStep=18126 preNorm=0.2786 cap=15.0000 decided=0.2608 binding=relative applied=false mode=log_only median=0.2608 n=125 k=1 floor=0.01 hardMax=15 ratio=1.07 lr=0.014
[GRAD-CLIP] trainerStep=18127 preNorm=0.2643 cap=15.0000 decided=0.2609 binding=relative applied=false mode=log_only median=0.2609 n=126 k=1 floor=0.01 hardMax=15 ratio=1.01 lr=0.014
[GRAD-CLIP] trainerStep=18128 preNorm=0.2700 cap=15.0000 decided=0.2610 binding=relative applied=false mode=log_only median=0.2610 n=127 k=1 floor=0.01 hardMax=15 ratio=1.03 lr=0.014
[GRAD-CLIP] trainerStep=18130 preNorm=0.2620 cap=15.0000 decided=0.2610 binding=relative applied=false mode=log_only median=0.2610 n=129 k=1 floor=0.01 hardMax=15 ratio=1.00 lr=0.0141
[GRAD-CLIP] trainerStep=18131 preNorm=0.2616 cap=15.0000 decided=0.2611 binding=relative applied=false mode=log_only median=0.2611 n=130 k=1 floor=0.01 hardMax=15 ratio=1.00 lr=0.0141
[GRAD-CLIP] trainerStep=18132 preNorm=0.2651 cap=15.0000 decided=0.2612 binding=relative applied=false mode=log_only median=0.2612 n=131 k=1 floor=0.01 hardMax=15 ratio=1.01 lr=0.0141
[GRAD-CLIP] trainerStep=18133 preNorm=0.2727 cap=15.0000 decided=0.2612 binding=relative applied=false mode=log_only median=0.2612 n=132 k=1 floor=0.01 hardMax=15 ratio=1.04 lr=0.0142
[GRAD-CLIP] trainerStep=18138 preNorm=0.2618 cap=15.0000 decided=0.2610 binding=relative applied=false mode=log_only median=0.2610 n=137 k=1 floor=0.01 hardMax=15 ratio=1.00 lr=0.0143
[GRAD-CLIP] trainerStep=18140 preNorm=0.2719 cap=15.0000 decided=0.2610 binding=relative applied=false mode=log_only median=0.2610 n=139 k=1 floor=0.01 hardMax=15 ratio=1.04 lr=0.0144
[GRAD-CLIP] trainerStep=18141 preNorm=0.2685 cap=15.0000 decided=0.2611 binding=relative applied=false mode=log_only median=0.2611 n=140 k=1 floor=0.01 hardMax=15 ratio=1.03 lr=0.0144
[GRAD-CLIP] trainerStep=18143 preNorm=0.2682 cap=15.0000 decided=0.2612 binding=relative applied=false mode=log_only median=0.2612 n=142 k=1 floor=0.01 hardMax=15 ratio=1.03 lr=0.0145
[GRAD-CLIP] trainerStep=18144 preNorm=0.2801 cap=15.0000 decided=0.2612 binding=relative applied=false mode=log_only median=0.2612 n=143 k=1 floor=0.01 hardMax=15 ratio=1.07 lr=0.0145
[GRAD-CLIP] trainerStep=18145 preNorm=0.2619 cap=15.0000 decided=0.2612 binding=relative applied=false mode=log_only median=0.2612 n=144 k=1 floor=0.01 hardMax=15 ratio=1.00 lr=0.0145
[GRAD-CLIP] trainerStep=18147 preNorm=0.2675 cap=15.0000 decided=0.2612 binding=relative applied=false mode=log_only median=0.2612 n=146 k=1 floor=0.01 hardMax=15 ratio=1.02 lr=0.0146
[GRAD-CLIP] trainerStep=18150 preNorm=0.2745 cap=15.0000 decided=0.2612 binding=relative applied=false mode=log_only median=0.2612 n=149 k=1 floor=0.01 hardMax=15 ratio=1.05 lr=0.0147
[GRAD-CLIP] trainerStep=18152 preNorm=0.3084 cap=15.0000 decided=0.2612 binding=relative applied=false mode=log_only median=0.2612 n=151 k=1 floor=0.01 hardMax=15 ratio=1.18 lr=0.0148
[GRAD-CLIP] trainerStep=18155 preNorm=0.2784 cap=15.0000 decided=0.2612 binding=relative applied=false mode=log_only median=0.2612 n=154 k=1 floor=0.01 hardMax=15 ratio=1.07 lr=0.0148
[GRAD-CLIP] trainerStep=18156 preNorm=0.2719 cap=15.0000 decided=0.2612 binding=relative applied=false mode=log_only median=0.2612 n=155 k=1 floor=0.01 hardMax=15 ratio=1.04 lr=0.0149
[GRAD-CLIP] trainerStep=18164 preNorm=0.2767 cap=15.0000 decided=0.2610 binding=relative applied=false mode=log_only median=0.2610 n=163 k=1 floor=0.01 hardMax=15 ratio=1.06 lr=0.0151
[GRAD-CLIP] trainerStep=18166 preNorm=0.2662 cap=15.0000 decided=0.2610 binding=relative applied=false mode=log_only median=0.2610 n=165 k=1 floor=0.01 hardMax=15 ratio=1.02 lr=0.0152
[GRAD-CLIP] trainerStep=18167 preNorm=0.2711 cap=15.0000 decided=0.2610 binding=relative applied=false mode=log_only median=0.2610 n=166 k=1 floor=0.01 hardMax=15 ratio=1.04 lr=0.0152
[GRAD-CLIP] trainerStep=18171 preNorm=0.2674 cap=15.0000 decided=0.2610 binding=relative applied=false mode=log_only median=0.2610 n=170 k=1 floor=0.01 hardMax=15 ratio=1.02 lr=0.0154
[GRAD-CLIP] trainerStep=18173 preNorm=0.2790 cap=15.0000 decided=0.2610 binding=relative applied=false mode=log_only median=0.2610 n=172 k=1 floor=0.01 hardMax=15 ratio=1.07 lr=0.0154
[GRAD-CLIP] trainerStep=18174 preNorm=0.2702 cap=15.0000 decided=0.2610 binding=relative applied=false mode=log_only median=0.2610 n=173 k=1 floor=0.01 hardMax=15 ratio=1.04 lr=0.0155
[GRAD-CLIP] trainerStep=18176 preNorm=0.2931 cap=15.0000 decided=0.2610 binding=relative applied=false mode=log_only median=0.2610 n=175 k=1 floor=0.01 hardMax=15 ratio=1.12 lr=0.0155
[GRAD-CLIP] trainerStep=18177 preNorm=0.2741 cap=15.0000 decided=0.2610 binding=relative applied=false mode=log_only median=0.2610 n=176 k=1 floor=0.01 hardMax=15 ratio=1.05 lr=0.0156
[GRAD-CLIP] trainerStep=18181 preNorm=0.2701 cap=15.0000 decided=0.2610 binding=relative applied=false mode=log_only median=0.2610 n=180 k=1 floor=0.01 hardMax=15 ratio=1.03 lr=0.0157
[GRAD-CLIP] trainerStep=18182 preNorm=0.2675 cap=15.0000 decided=0.2610 binding=relative applied=false mode=log_only median=0.2610 n=181 k=1 floor=0.01 hardMax=15 ratio=1.02 lr=0.0157
[GRAD-CLIP] trainerStep=18183 preNorm=0.2672 cap=15.0000 decided=0.2610 binding=relative applied=false mode=log_only median=0.2610 n=182 k=1 floor=0.01 hardMax=15 ratio=1.02 lr=0.0158
[GRAD-CLIP] trainerStep=18187 preNorm=0.2763 cap=15.0000 decided=0.2610 binding=relative applied=false mode=log_only median=0.2610 n=186 k=1 floor=0.01 hardMax=15 ratio=1.06 lr=0.0159
[GRAD-CLIP] trainerStep=18188 preNorm=0.2791 cap=15.0000 decided=0.2610 binding=relative applied=false mode=log_only median=0.2610 n=187 k=1 floor=0.01 hardMax=15 ratio=1.07 lr=0.0159
[GRAD-CLIP] trainerStep=18189 preNorm=0.2686 cap=15.0000 decided=0.2610 binding=relative applied=false mode=log_only median=0.2610 n=188 k=1 floor=0.01 hardMax=15 ratio=1.03 lr=0.016
[GRAD-CLIP] trainerStep=18190 preNorm=0.2619 cap=15.0000 decided=0.2610 binding=relative applied=false mode=log_only median=0.2610 n=189 k=1 floor=0.01 hardMax=15 ratio=1.00 lr=0.016
[GRAD-CLIP] trainerStep=18191 preNorm=0.2790 cap=15.0000 decided=0.2611 binding=relative applied=false mode=log_only median=0.2611 n=190 k=1 floor=0.01 hardMax=15 ratio=1.07 lr=0.016
[GRAD-CLIP] trainerStep=18195 preNorm=0.2849 cap=15.0000 decided=0.2610 binding=relative applied=false mode=log_only median=0.2610 n=194 k=1 floor=0.01 hardMax=15 ratio=1.09 lr=0.0162
[GRAD-CLIP] trainerStep=18196 preNorm=0.2634 cap=15.0000 decided=0.2610 binding=relative applied=false mode=log_only median=0.2610 n=195 k=1 floor=0.01 hardMax=15 ratio=1.01 lr=0.0162
[GRAD-CLIP] trainerStep=18197 preNorm=0.2686 cap=15.0000 decided=0.2611 binding=relative applied=false mode=log_only median=0.2611 n=196 k=1 floor=0.01 hardMax=15 ratio=1.03 lr=0.0162
[GRAD-CLIP] trainerStep=18199 preNorm=0.2798 cap=15.0000 decided=0.2611 binding=relative applied=false mode=log_only median=0.2611 n=198 k=1 floor=0.01 hardMax=15 ratio=1.07 lr=0.0163
[GRAD-CLIP] trainerStep=18201 preNorm=0.2619 cap=15.0000 decided=0.2611 binding=relative applied=false mode=log_only median=0.2611 n=200 k=1 floor=0.01 hardMax=15 ratio=1.00 lr=0.0164
[GRAD-CLIP] trainerStep=18203 preNorm=0.2753 cap=15.0000 decided=0.2611 binding=relative applied=false mode=log_only median=0.2611 n=202 k=1 floor=0.01 hardMax=15 ratio=1.05 lr=0.0164
[GRAD-CLIP] trainerStep=18204 preNorm=0.2630 cap=15.0000 decided=0.2611 binding=relative applied=false mode=log_only median=0.2611 n=203 k=1 floor=0.01 hardMax=15 ratio=1.01 lr=0.0165
[GRAD-CLIP] trainerStep=18209 preNorm=0.2767 cap=15.0000 decided=0.2610 binding=relative applied=false mode=log_only median=0.2610 n=208 k=1 floor=0.01 hardMax=15 ratio=1.06 lr=0.0167
[GRAD-CLIP] trainerStep=18210 preNorm=0.2651 cap=15.0000 decided=0.2610 binding=relative applied=false mode=log_only median=0.2610 n=209 k=1 floor=0.01 hardMax=15 ratio=1.02 lr=0.0167
[GRAD-CLIP] trainerStep=18211 preNorm=0.2949 cap=15.0000 decided=0.2611 binding=relative applied=false mode=log_only median=0.2611 n=210 k=1 floor=0.01 hardMax=15 ratio=1.13 lr=0.0167
[GRAD-CLIP] trainerStep=18212 preNorm=0.2620 cap=15.0000 decided=0.2611 binding=relative applied=false mode=log_only median=0.2611 n=211 k=1 floor=0.01 hardMax=15 ratio=1.00 lr=0.0168
[GRAD-CLIP] trainerStep=18214 preNorm=0.2649 cap=15.0000 decided=0.2611 binding=relative applied=false mode=log_only median=0.2611 n=213 k=1 floor=0.01 hardMax=15 ratio=1.01 lr=0.0168
[GRAD-CLIP] trainerStep=18216 preNorm=0.2643 cap=15.0000 decided=0.2611 binding=relative applied=false mode=log_only median=0.2611 n=215 k=1 floor=0.01 hardMax=15 ratio=1.01 lr=0.0169
[GRAD-CLIP] trainerStep=18218 preNorm=0.2623 cap=15.0000 decided=0.2611 binding=relative applied=false mode=log_only median=0.2611 n=217 k=1 floor=0.01 hardMax=15 ratio=1.00 lr=0.017
[GRAD-CLIP] trainerStep=18219 preNorm=0.2780 cap=15.0000 decided=0.2612 binding=relative applied=false mode=log_only median=0.2612 n=218 k=1 floor=0.01 hardMax=15 ratio=1.06 lr=0.017
[GRAD-CLIP] trainerStep=18220 preNorm=0.2755 cap=15.0000 decided=0.2612 binding=relative applied=false mode=log_only median=0.2612 n=219 k=1 floor=0.01 hardMax=15 ratio=1.05 lr=0.017
[GRAD-CLIP] trainerStep=18222 preNorm=0.2682 cap=15.0000 decided=0.2612 binding=relative applied=false mode=log_only median=0.2612 n=221 k=1 floor=0.01 hardMax=15 ratio=1.03 lr=0.0171
[GRAD-CLIP] trainerStep=18225 preNorm=0.2640 cap=15.0000 decided=0.2612 binding=relative applied=false mode=log_only median=0.2612 n=224 k=1 floor=0.01 hardMax=15 ratio=1.01 lr=0.0172
[GRAD-CLIP] trainerStep=18228 preNorm=0.2670 cap=15.0000 decided=0.2611 binding=relative applied=false mode=log_only median=0.2611 n=227 k=1 floor=0.01 hardMax=15 ratio=1.02 lr=0.0173
[GRAD-CLIP] trainerStep=18229 preNorm=0.2624 cap=15.0000 decided=0.2612 binding=relative applied=false mode=log_only median=0.2612 n=228 k=1 floor=0.01 hardMax=15 ratio=1.00 lr=0.0174
[GRAD-CLIP] trainerStep=18230 preNorm=0.2698 cap=15.0000 decided=0.2612 binding=relative applied=false mode=log_only median=0.2612 n=229 k=1 floor=0.01 hardMax=15 ratio=1.03 lr=0.0174
[GRAD-CLIP] trainerStep=18232 preNorm=0.2697 cap=15.0000 decided=0.2612 binding=relative applied=false mode=log_only median=0.2612 n=231 k=1 floor=0.01 hardMax=15 ratio=1.03 lr=0.0175
[GRAD-CLIP] trainerStep=18233 preNorm=0.2618 cap=15.0000 decided=0.2612 binding=relative applied=false mode=log_only median=0.2612 n=232 k=1 floor=0.01 hardMax=15 ratio=1.00 lr=0.0175
[GRAD-CLIP] trainerStep=18235 preNorm=0.2695 cap=15.0000 decided=0.2612 binding=relative applied=false mode=log_only median=0.2612 n=234 k=1 floor=0.01 hardMax=15 ratio=1.03 lr=0.0176
[GRAD-CLIP] trainerStep=18237 preNorm=0.2823 cap=15.0000 decided=0.2612 binding=relative applied=false mode=log_only median=0.2612 n=236 k=1 floor=0.01 hardMax=15 ratio=1.08 lr=0.0177
[GRAD-CLIP] trainerStep=18238 preNorm=0.2794 cap=15.0000 decided=0.2613 binding=relative applied=false mode=log_only median=0.2613 n=237 k=1 floor=0.01 hardMax=15 ratio=1.07 lr=0.0177
[GRAD-CLIP] trainerStep=18240 preNorm=0.2753 cap=15.0000 decided=0.2613 binding=relative applied=false mode=log_only median=0.2613 n=239 k=1 floor=0.01 hardMax=15 ratio=1.05 lr=0.0178
[REPLAY] step=240 loss=3.5229 pLoss=2.7088 vLoss=0.8121 pEnt=2.863 pIllM=0.0021 playedP=0.173 pW=0.47 pD=0.06 pL=0.46 vAbs=0.231 pLogitMean=-9.7985 vLogitMean=0.5949 gNorm=0.275 lr=0.0178 ms=1154.1 buf=500000 plies=2805309 games=42030 rejected=0 skipped=0 epoch=0 mom=0.9082 lrCyc[pk=9.8e-01,tr=9.9e-04] gNormMax=0.3084 clips=0 gCap=15.0000 trainerStep=18240
[LAYER-HEALTH] live trainerStep=18240 scope=batch_norm_state_only reluSites=2/10 ch=144 dead=0 off=0 alwaysOn=0 worst=none maxBetaOverGamma=+2.05@policy.pre_bn[103] minBetaOverGamma=-1.97@value.bn[4] rvMaxOverMedian=60.1@blocks.2.bn1[31] rezero=none nonFinite=0 parkedSites=9/10 parkedCh=1040 parked=0 parkedOff=0 parkedBy=none
[GRAD-CLIP] trainerStep=18241 preNorm=0.2793 cap=15.0000 decided=0.2613 binding=relative applied=false mode=log_only median=0.2613 n=240 k=1 floor=0.01 hardMax=15 ratio=1.07 lr=0.0178
[GRAD-CLIP] trainerStep=18243 preNorm=0.2868 cap=15.0000 decided=0.2613 binding=relative applied=false mode=log_only median=0.2613 n=242 k=1 floor=0.01 hardMax=15 ratio=1.10 lr=0.0179
[GRAD-CLIP] trainerStep=18245 preNorm=0.2653 cap=15.0000 decided=0.2613 binding=relative applied=false mode=log_only median=0.2613 n=244 k=1 floor=0.01 hardMax=15 ratio=1.02 lr=0.018
[GRAD-CLIP] trainerStep=18248 preNorm=0.2663 cap=15.0000 decided=0.2613 binding=relative applied=false mode=log_only median=0.2613 n=247 k=1 floor=0.01 hardMax=15 ratio=1.02 lr=0.0181
[GRAD-CLIP] trainerStep=18249 preNorm=0.2760 cap=15.0000 decided=0.2613 binding=relative applied=false mode=log_only median=0.2613 n=248 k=1 floor=0.01 hardMax=15 ratio=1.06 lr=0.0181
[GRAD-CLIP] trainerStep=18250 preNorm=0.2781 cap=15.0000 decided=0.2613 binding=relative applied=false mode=log_only median=0.2613 n=249 k=1 floor=0.01 hardMax=15 ratio=1.06 lr=0.0182
[GRAD-CLIP] trainerStep=18251 preNorm=0.2666 cap=15.0000 decided=0.2614 binding=relative applied=false mode=log_only median=0.2614 n=250 k=1 floor=0.01 hardMax=15 ratio=1.02 lr=0.0182
[GRAD-CLIP] trainerStep=18252 preNorm=0.2624 cap=15.0000 decided=0.2615 binding=relative applied=false mode=log_only median=0.2615 n=251 k=1 floor=0.01 hardMax=15 ratio=1.00 lr=0.0183
[GRAD-CLIP] trainerStep=18254 preNorm=0.2672 cap=15.0000 decided=0.2615 binding=relative applied=false mode=log_only median=0.2615 n=253 k=1 floor=0.01 hardMax=15 ratio=1.02 lr=0.0183
[GRAD-CLIP] trainerStep=18257 preNorm=0.2698 cap=15.0000 decided=0.2614 binding=relative applied=false mode=log_only median=0.2614 n=256 k=1 floor=0.01 hardMax=15 ratio=1.03 lr=0.0185
[GRAD-CLIP] trainerStep=18258 preNorm=0.2624 cap=15.0000 decided=0.2615 binding=relative applied=false mode=log_only median=0.2615 n=257 k=1 floor=0.01 hardMax=15 ratio=1.00 lr=0.0185
[GRAD-CLIP] trainerStep=18260 preNorm=0.2960 cap=15.0000 decided=0.2615 binding=relative applied=false mode=log_only median=0.2615 n=259 k=1 floor=0.01 hardMax=15 ratio=1.13 lr=0.0186
[GRAD-CLIP] trainerStep=18261 preNorm=0.2733 cap=15.0000 decided=0.2615 binding=relative applied=false mode=log_only median=0.2615 n=260 k=1 floor=0.01 hardMax=15 ratio=1.04 lr=0.0186
[GRAD-CLIP] trainerStep=18263 preNorm=0.2705 cap=15.0000 decided=0.2615 binding=relative applied=false mode=log_only median=0.2615 n=262 k=1 floor=0.01 hardMax=15 ratio=1.03 lr=0.0187
[GRAD-CLIP] trainerStep=18264 preNorm=0.2635 cap=15.0000 decided=0.2616 binding=relative applied=false mode=log_only median=0.2616 n=263 k=1 floor=0.01 hardMax=15 ratio=1.01 lr=0.0187
[GRAD-CLIP] trainerStep=18267 preNorm=0.2683 cap=15.0000 decided=0.2615 binding=relative applied=false mode=log_only median=0.2615 n=266 k=1 floor=0.01 hardMax=15 ratio=1.03 lr=0.0189
[GRAD-CLIP] trainerStep=18268 preNorm=0.2845 cap=15.0000 decided=0.2616 binding=relative applied=false mode=log_only median=0.2616 n=267 k=1 floor=0.01 hardMax=15 ratio=1.09 lr=0.0189
[GRAD-CLIP] trainerStep=18269 preNorm=0.2961 cap=15.0000 decided=0.2616 binding=relative applied=false mode=log_only median=0.2616 n=268 k=1 floor=0.01 hardMax=15 ratio=1.13 lr=0.0189
[GRAD-CLIP] trainerStep=18270 preNorm=0.2725 cap=15.0000 decided=0.2616 binding=relative applied=false mode=log_only median=0.2616 n=269 k=1 floor=0.01 hardMax=15 ratio=1.04 lr=0.019
[GRAD-CLIP] trainerStep=18272 preNorm=0.2732 cap=15.0000 decided=0.2616 binding=relative applied=false mode=log_only median=0.2616 n=271 k=1 floor=0.01 hardMax=15 ratio=1.04 lr=0.0191
[GRAD-CLIP] trainerStep=18273 preNorm=0.2676 cap=15.0000 decided=0.2616 binding=relative applied=false mode=log_only median=0.2616 n=272 k=1 floor=0.01 hardMax=15 ratio=1.02 lr=0.0191
[GRAD-CLIP] trainerStep=18274 preNorm=0.2635 cap=15.0000 decided=0.2616 binding=relative applied=false mode=log_only median=0.2616 n=273 k=1 floor=0.01 hardMax=15 ratio=1.01 lr=0.0191
[GRAD-CLIP] trainerStep=18276 preNorm=0.2724 cap=15.0000 decided=0.2616 binding=relative applied=false mode=log_only median=0.2616 n=275 k=1 floor=0.01 hardMax=15 ratio=1.04 lr=0.0192
[GRAD-CLIP] trainerStep=18277 preNorm=0.2909 cap=15.0000 decided=0.2617 binding=relative applied=false mode=log_only median=0.2617 n=276 k=1 floor=0.01 hardMax=15 ratio=1.11 lr=0.0193
[GRAD-CLIP] trainerStep=18278 preNorm=0.2650 cap=15.0000 decided=0.2617 binding=relative applied=false mode=log_only median=0.2617 n=277 k=1 floor=0.01 hardMax=15 ratio=1.01 lr=0.0193
[GRAD-CLIP] trainerStep=18280 preNorm=0.2706 cap=15.0000 decided=0.2617 binding=relative applied=false mode=log_only median=0.2617 n=279 k=1 floor=0.01 hardMax=15 ratio=1.03 lr=0.0194
[GRAD-CLIP] trainerStep=18282 preNorm=0.2655 cap=15.0000 decided=0.2617 binding=relative applied=false mode=log_only median=0.2617 n=281 k=1 floor=0.01 hardMax=15 ratio=1.01 lr=0.0195
[GRAD-CLIP] trainerStep=18283 preNorm=0.2687 cap=15.0000 decided=0.2618 binding=relative applied=false mode=log_only median=0.2618 n=282 k=1 floor=0.01 hardMax=15 ratio=1.03 lr=0.0195
[GRAD-CLIP] trainerStep=18284 preNorm=0.2684 cap=15.0000 decided=0.2618 binding=relative applied=false mode=log_only median=0.2618 n=283 k=1 floor=0.01 hardMax=15 ratio=1.03 lr=0.0196
[GRAD-CLIP] trainerStep=18285 preNorm=0.2779 cap=15.0000 decided=0.2618 binding=relative applied=false mode=log_only median=0.2618 n=284 k=1 floor=0.01 hardMax=15 ratio=1.06 lr=0.0196
[GRAD-CLIP] trainerStep=18286 preNorm=0.2629 cap=15.0000 decided=0.2618 binding=relative applied=false mode=log_only median=0.2618 n=285 k=1 floor=0.01 hardMax=15 ratio=1.00 lr=0.0196
[GRAD-CLIP] trainerStep=18287 preNorm=0.2766 cap=15.0000 decided=0.2618 binding=relative applied=false mode=log_only median=0.2618 n=286 k=1 floor=0.01 hardMax=15 ratio=1.06 lr=0.0197
[GRAD-CLIP] trainerStep=18288 preNorm=0.2673 cap=15.0000 decided=0.2618 binding=relative applied=false mode=log_only median=0.2618 n=287 k=1 floor=0.01 hardMax=15 ratio=1.02 lr=0.0197
[GRAD-CLIP] trainerStep=18289 preNorm=0.2633 cap=15.0000 decided=0.2619 binding=relative applied=false mode=log_only median=0.2619 n=288 k=1 floor=0.01 hardMax=15 ratio=1.01 lr=0.0198
[GRAD-CLIP] trainerStep=18290 preNorm=0.2726 cap=15.0000 decided=0.2619 binding=relative applied=false mode=log_only median=0.2619 n=289 k=1 floor=0.01 hardMax=15 ratio=1.04 lr=0.0198
[GRAD-CLIP] trainerStep=18291 preNorm=0.2719 cap=15.0000 decided=0.2619 binding=relative applied=false mode=log_only median=0.2619 n=290 k=1 floor=0.01 hardMax=15 ratio=1.04 lr=0.0198
[GRAD-CLIP] trainerStep=18292 preNorm=0.2705 cap=15.0000 decided=0.2619 binding=relative applied=false mode=log_only median=0.2619 n=291 k=1 floor=0.01 hardMax=15 ratio=1.03 lr=0.0199
[GRAD-CLIP] trainerStep=18293 preNorm=0.2626 cap=15.0000 decided=0.2619 binding=relative applied=false mode=log_only median=0.2619 n=292 k=1 floor=0.01 hardMax=15 ratio=1.00 lr=0.0199
[GRAD-CLIP] trainerStep=18294 preNorm=0.2704 cap=15.0000 decided=0.2619 binding=relative applied=false mode=log_only median=0.2619 n=293 k=1 floor=0.01 hardMax=15 ratio=1.03 lr=0.02
[GRAD-CLIP] trainerStep=18296 preNorm=0.2659 cap=15.0000 decided=0.2619 binding=relative applied=false mode=log_only median=0.2619 n=295 k=1 floor=0.01 hardMax=15 ratio=1.01 lr=0.0201
[GRAD-CLIP] trainerStep=18297 preNorm=0.2632 cap=15.0000 decided=0.2620 binding=relative applied=false mode=log_only median=0.2620 n=296 k=1 floor=0.01 hardMax=15 ratio=1.00 lr=0.0201
[GRAD-CLIP] trainerStep=18298 preNorm=0.2664 cap=15.0000 decided=0.2620 binding=relative applied=false mode=log_only median=0.2620 n=297 k=1 floor=0.01 hardMax=15 ratio=1.02 lr=0.0201
[GRAD-CLIP] trainerStep=18302 preNorm=0.2877 cap=15.0000 decided=0.2619 binding=relative applied=false mode=log_only median=0.2619 n=301 k=1 floor=0.01 hardMax=15 ratio=1.10 lr=0.0203
[GRAD-CLIP] trainerStep=18304 preNorm=0.2636 cap=15.0000 decided=0.2619 binding=relative applied=false mode=log_only median=0.2619 n=303 k=1 floor=0.01 hardMax=15 ratio=1.01 lr=0.0204
[GRAD-CLIP] trainerStep=18305 preNorm=0.2732 cap=15.0000 decided=0.2620 binding=relative applied=false mode=log_only median=0.2620 n=304 k=1 floor=0.01 hardMax=15 ratio=1.04 lr=0.0205
[GRAD-CLIP] trainerStep=18306 preNorm=0.2780 cap=15.0000 decided=0.2620 binding=relative applied=false mode=log_only median=0.2620 n=305 k=1 floor=0.01 hardMax=15 ratio=1.06 lr=0.0205
[GRAD-CLIP] trainerStep=18308 preNorm=0.2634 cap=15.0000 decided=0.2620 binding=relative applied=false mode=log_only median=0.2620 n=307 k=1 floor=0.01 hardMax=15 ratio=1.01 lr=0.0206
[GRAD-CLIP] trainerStep=18310 preNorm=0.2819 cap=15.0000 decided=0.2620 binding=relative applied=false mode=log_only median=0.2620 n=309 k=1 floor=0.01 hardMax=15 ratio=1.08 lr=0.0207
[GRAD-CLIP] trainerStep=18311 preNorm=0.2778 cap=15.0000 decided=0.2620 binding=relative applied=false mode=log_only median=0.2620 n=310 k=1 floor=0.01 hardMax=15 ratio=1.06 lr=0.0207
[GRAD-CLIP] trainerStep=18313 preNorm=0.2671 cap=15.0000 decided=0.2620 binding=relative applied=false mode=log_only median=0.2620 n=312 k=1 floor=0.01 hardMax=15 ratio=1.02 lr=0.0208
[GRAD-CLIP] trainerStep=18314 preNorm=0.2709 cap=15.0000 decided=0.2620 binding=relative applied=false mode=log_only median=0.2620 n=313 k=1 floor=0.01 hardMax=15 ratio=1.03 lr=0.0209
[GRAD-CLIP] trainerStep=18315 preNorm=0.2621 cap=15.0000 decided=0.2620 binding=relative applied=false mode=log_only median=0.2620 n=314 k=1 floor=0.01 hardMax=15 ratio=1.00 lr=0.0209
[GRAD-CLIP] trainerStep=18316 preNorm=0.2679 cap=15.0000 decided=0.2620 binding=relative applied=false mode=log_only median=0.2620 n=315 k=1 floor=0.01 hardMax=15 ratio=1.02 lr=0.0209
[GRAD-CLIP] trainerStep=18317 preNorm=0.2673 cap=15.0000 decided=0.2620 binding=relative applied=false mode=log_only median=0.2620 n=316 k=1 floor=0.01 hardMax=15 ratio=1.02 lr=0.021
[GRAD-CLIP] trainerStep=18320 preNorm=0.2636 cap=15.0000 decided=0.2620 binding=relative applied=false mode=log_only median=0.2620 n=319 k=1 floor=0.01 hardMax=15 ratio=1.01 lr=0.0211
[GRAD-CLIP] trainerStep=18321 preNorm=0.2711 cap=15.0000 decided=0.2620 binding=relative applied=false mode=log_only median=0.2620 n=320 k=1 floor=0.01 hardMax=15 ratio=1.03 lr=0.0212
[GRAD-CLIP] trainerStep=18322 preNorm=0.2639 cap=15.0000 decided=0.2621 binding=relative applied=false mode=log_only median=0.2621 n=321 k=1 floor=0.01 hardMax=15 ratio=1.01 lr=0.0212
[GRAD-CLIP] trainerStep=18323 preNorm=0.2757 cap=15.0000 decided=0.2621 binding=relative applied=false mode=log_only median=0.2621 n=322 k=1 floor=0.01 hardMax=15 ratio=1.05 lr=0.0213
[GRAD-CLIP] trainerStep=18324 preNorm=0.2792 cap=15.0000 decided=0.2622 binding=relative applied=false mode=log_only median=0.2622 n=323 k=1 floor=0.01 hardMax=15 ratio=1.06 lr=0.0213
[GRAD-CLIP] trainerStep=18326 preNorm=0.2756 cap=15.0000 decided=0.2622 binding=relative applied=false mode=log_only median=0.2622 n=325 k=1 floor=0.01 hardMax=15 ratio=1.05 lr=0.0214
[GRAD-CLIP] trainerStep=18327 preNorm=0.2718 cap=15.0000 decided=0.2622 binding=relative applied=false mode=log_only median=0.2622 n=326 k=1 floor=0.01 hardMax=15 ratio=1.04 lr=0.0214
[GRAD-CLIP] trainerStep=18329 preNorm=0.2757 cap=15.0000 decided=0.2622 binding=relative applied=false mode=log_only median=0.2622 n=328 k=1 floor=0.01 hardMax=15 ratio=1.05 lr=0.0215
[GRAD-CLIP] trainerStep=18332 preNorm=0.2701 cap=15.0000 decided=0.2622 binding=relative applied=false mode=log_only median=0.2622 n=331 k=1 floor=0.01 hardMax=15 ratio=1.03 lr=0.0217
[GRAD-CLIP] trainerStep=18335 preNorm=0.2625 cap=15.0000 decided=0.2621 binding=relative applied=false mode=log_only median=0.2621 n=334 k=1 floor=0.01 hardMax=15 ratio=1.00 lr=0.0218
[GRAD-CLIP] trainerStep=18336 preNorm=0.2823 cap=15.0000 decided=0.2622 binding=relative applied=false mode=log_only median=0.2622 n=335 k=1 floor=0.01 hardMax=15 ratio=1.08 lr=0.0219
[GRAD-CLIP] trainerStep=18337 preNorm=0.2903 cap=15.0000 decided=0.2622 binding=relative applied=false mode=log_only median=0.2622 n=336 k=1 floor=0.01 hardMax=15 ratio=1.11 lr=0.0219
[GRAD-CLIP] trainerStep=18338 preNorm=0.2676 cap=15.0000 decided=0.2622 binding=relative applied=false mode=log_only median=0.2622 n=337 k=1 floor=0.01 hardMax=15 ratio=1.02 lr=0.022
[GRAD-CLIP] trainerStep=18339 preNorm=0.2796 cap=15.0000 decided=0.2623 binding=relative applied=false mode=log_only median=0.2623 n=338 k=1 floor=0.01 hardMax=15 ratio=1.07 lr=0.022
[GRAD-CLIP] trainerStep=18341 preNorm=0.2712 cap=15.0000 decided=0.2623 binding=relative applied=false mode=log_only median=0.2623 n=340 k=1 floor=0.01 hardMax=15 ratio=1.03 lr=0.0221
[GRAD-CLIP] trainerStep=18342 preNorm=0.2641 cap=15.0000 decided=0.2623 binding=relative applied=false mode=log_only median=0.2623 n=341 k=1 floor=0.01 hardMax=15 ratio=1.01 lr=0.0221
[GRAD-CLIP] trainerStep=18343 preNorm=0.2708 cap=15.0000 decided=0.2624 binding=relative applied=false mode=log_only median=0.2624 n=342 k=1 floor=0.01 hardMax=15 ratio=1.03 lr=0.0222
[GRAD-CLIP] trainerStep=18344 preNorm=0.2665 cap=15.0000 decided=0.2624 binding=relative applied=false mode=log_only median=0.2624 n=343 k=1 floor=0.01 hardMax=15 ratio=1.02 lr=0.0222
[GRAD-CLIP] trainerStep=18346 preNorm=0.2751 cap=15.0000 decided=0.2624 binding=relative applied=false mode=log_only median=0.2624 n=345 k=1 floor=0.01 hardMax=15 ratio=1.05 lr=0.0223
[GRAD-CLIP] trainerStep=18347 preNorm=0.2766 cap=15.0000 decided=0.2624 binding=relative applied=false mode=log_only median=0.2624 n=346 k=1 floor=0.01 hardMax=15 ratio=1.05 lr=0.0224
[GRAD-CLIP] trainerStep=18348 preNorm=0.2772 cap=15.0000 decided=0.2624 binding=relative applied=false mode=log_only median=0.2624 n=347 k=1 floor=0.01 hardMax=15 ratio=1.06 lr=0.0224
[GRAD-CLIP] trainerStep=18349 preNorm=0.2666 cap=15.0000 decided=0.2624 binding=relative applied=false mode=log_only median=0.2624 n=348 k=1 floor=0.01 hardMax=15 ratio=1.02 lr=0.0225
[GRAD-CLIP] trainerStep=18350 preNorm=0.2782 cap=15.0000 decided=0.2624 binding=relative applied=false mode=log_only median=0.2624 n=349 k=1 floor=0.01 hardMax=15 ratio=1.06 lr=0.0225
[GRAD-CLIP] trainerStep=18351 preNorm=0.2890 cap=15.0000 decided=0.2625 binding=relative applied=false mode=log_only median=0.2625 n=350 k=1 floor=0.01 hardMax=15 ratio=1.10 lr=0.0226
[GRAD-CLIP] trainerStep=18352 preNorm=0.2652 cap=15.0000 decided=0.2625 binding=relative applied=false mode=log_only median=0.2625 n=351 k=1 floor=0.01 hardMax=15 ratio=1.01 lr=0.0226
[GRAD-CLIP] trainerStep=18354 preNorm=0.2789 cap=15.0000 decided=0.2625 binding=relative applied=false mode=log_only median=0.2625 n=353 k=1 floor=0.01 hardMax=15 ratio=1.06 lr=0.0227
[GRAD-CLIP] trainerStep=18356 preNorm=0.2675 cap=15.0000 decided=0.2625 binding=relative applied=false mode=log_only median=0.2625 n=355 k=1 floor=0.01 hardMax=15 ratio=1.02 lr=0.0228
[GRAD-CLIP] trainerStep=18357 preNorm=0.2658 cap=15.0000 decided=0.2625 binding=relative applied=false mode=log_only median=0.2625 n=356 k=1 floor=0.01 hardMax=15 ratio=1.01 lr=0.0229
[GRAD-CLIP] trainerStep=18358 preNorm=0.2656 cap=15.0000 decided=0.2625 binding=relative applied=false mode=log_only median=0.2625 n=357 k=1 floor=0.01 hardMax=15 ratio=1.01 lr=0.0229
[GRAD-CLIP] trainerStep=18359 preNorm=0.2711 cap=15.0000 decided=0.2625 binding=relative applied=false mode=log_only median=0.2625 n=358 k=1 floor=0.01 hardMax=15 ratio=1.03 lr=0.023
[GRAD-CLIP] trainerStep=18360 preNorm=0.2713 cap=15.0000 decided=0.2626 binding=relative applied=false mode=log_only median=0.2626 n=359 k=1 floor=0.01 hardMax=15 ratio=1.03 lr=0.023
[REPLAY] step=360 loss=3.5173 pLoss=2.7065 vLoss=0.8085 pEnt=2.864 pIllM=0.0024 playedP=0.175 pW=0.47 pD=0.07 pL=0.46 vAbs=0.239 pLogitMean=-9.7959 vLogitMean=0.5963 gNorm=0.271 lr=0.0231 ms=1157.0 buf=500000 plies=3829292 games=57321 rejected=0 skipped=0 epoch=0 mom=0.9044 lrCyc[pk=9.8e-01,tr=9.9e-04] gNormMax=0.2961 clips=0 gCap=15.0000 trainerStep=18360
[LAYER-HEALTH] live trainerStep=18360 scope=batch_norm_state_only reluSites=2/10 ch=144 dead=0 off=0 alwaysOn=0 worst=none maxBetaOverGamma=+2.05@policy.pre_bn[103] minBetaOverGamma=-1.97@value.bn[4] rvMaxOverMedian=60.8@blocks.2.bn1[31] rezero=none nonFinite=0 parkedSites=9/10 parkedCh=1040 parked=0 parkedOff=0 parkedBy=none
[GRAD-CLIP] trainerStep=18364 preNorm=0.2772 cap=15.0000 decided=0.2625 binding=relative applied=false mode=log_only median=0.2625 n=363 k=1 floor=0.01 hardMax=15 ratio=1.06 lr=0.0232
[GRAD-CLIP] trainerStep=18366 preNorm=0.2908 cap=15.0000 decided=0.2625 binding=relative applied=false mode=log_only median=0.2625 n=365 k=1 floor=0.01 hardMax=15 ratio=1.11 lr=0.0233
[GRAD-CLIP] trainerStep=18369 preNorm=0.2822 cap=15.0000 decided=0.2625 binding=relative applied=false mode=log_only median=0.2625 n=368 k=1 floor=0.01 hardMax=15 ratio=1.08 lr=0.0235
[GRAD-CLIP] trainerStep=18370 preNorm=0.2647 cap=15.0000 decided=0.2625 binding=relative applied=false mode=log_only median=0.2625 n=369 k=1 floor=0.01 hardMax=15 ratio=1.01 lr=0.0235
[GRAD-CLIP] trainerStep=18371 preNorm=0.2756 cap=15.0000 decided=0.2625 binding=relative applied=false mode=log_only median=0.2625 n=370 k=1 floor=0.01 hardMax=15 ratio=1.05 lr=0.0236
[GRAD-CLIP] trainerStep=18372 preNorm=0.2808 cap=15.0000 decided=0.2626 binding=relative applied=false mode=log_only median=0.2626 n=371 k=1 floor=0.01 hardMax=15 ratio=1.07 lr=0.0236
[GRAD-CLIP] trainerStep=18373 preNorm=0.2773 cap=15.0000 decided=0.2626 binding=relative applied=false mode=log_only median=0.2626 n=372 k=1 floor=0.01 hardMax=15 ratio=1.06 lr=0.0237
[GRAD-CLIP] trainerStep=18374 preNorm=0.2843 cap=15.0000 decided=0.2626 binding=relative applied=false mode=log_only median=0.2626 n=373 k=1 floor=0.01 hardMax=15 ratio=1.08 lr=0.0237
[GRAD-CLIP] trainerStep=18376 preNorm=0.2725 cap=15.0000 decided=0.2626 binding=relative applied=false mode=log_only median=0.2626 n=375 k=1 floor=0.01 hardMax=15 ratio=1.04 lr=0.0238
[GRAD-CLIP] trainerStep=18377 preNorm=0.2897 cap=15.0000 decided=0.2626 binding=relative applied=false mode=log_only median=0.2626 n=376 k=1 floor=0.01 hardMax=15 ratio=1.10 lr=0.0239
[GRAD-CLIP] trainerStep=18379 preNorm=0.2809 cap=15.0000 decided=0.2626 binding=relative applied=false mode=log_only median=0.2626 n=378 k=1 floor=0.01 hardMax=15 ratio=1.07 lr=0.024
[GRAD-CLIP] trainerStep=18380 preNorm=0.2638 cap=15.0000 decided=0.2627 binding=relative applied=false mode=log_only median=0.2627 n=379 k=1 floor=0.01 hardMax=15 ratio=1.00 lr=0.024
[GRAD-CLIP] trainerStep=18381 preNorm=0.2772 cap=15.0000 decided=0.2628 binding=relative applied=false mode=log_only median=0.2628 n=380 k=1 floor=0.01 hardMax=15 ratio=1.06 lr=0.0241
[GRAD-CLIP] trainerStep=18382 preNorm=0.2630 cap=15.0000 decided=0.2629 binding=relative applied=false mode=log_only median=0.2629 n=381 k=1 floor=0.01 hardMax=15 ratio=1.00 lr=0.0241
[GRAD-CLIP] trainerStep=18383 preNorm=0.2907 cap=15.0000 decided=0.2629 binding=relative applied=false mode=log_only median=0.2629 n=382 k=1 floor=0.01 hardMax=15 ratio=1.11 lr=0.0242
[GRAD-CLIP] trainerStep=18384 preNorm=0.2720 cap=15.0000 decided=0.2630 binding=relative applied=false mode=log_only median=0.2630 n=383 k=1 floor=0.01 hardMax=15 ratio=1.03 lr=0.0243
[GRAD-CLIP] trainerStep=18385 preNorm=0.2719 cap=15.0000 decided=0.2630 binding=relative applied=false mode=log_only median=0.2630 n=384 k=1 floor=0.01 hardMax=15 ratio=1.03 lr=0.0243
[GRAD-CLIP] trainerStep=18386 preNorm=0.2803 cap=15.0000 decided=0.2630 binding=relative applied=false mode=log_only median=0.2630 n=385 k=1 floor=0.01 hardMax=15 ratio=1.07 lr=0.0244
[GRAD-CLIP] trainerStep=18387 preNorm=0.2794 cap=15.0000 decided=0.2630 binding=relative applied=false mode=log_only median=0.2630 n=386 k=1 floor=0.01 hardMax=15 ratio=1.06 lr=0.0244
[GRAD-CLIP] trainerStep=18388 preNorm=0.2896 cap=15.0000 decided=0.2630 binding=relative applied=false mode=log_only median=0.2630 n=387 k=1 floor=0.01 hardMax=15 ratio=1.10 lr=0.0245
[GRAD-CLIP] trainerStep=18389 preNorm=0.2714 cap=15.0000 decided=0.2631 binding=relative applied=false mode=log_only median=0.2631 n=388 k=1 floor=0.01 hardMax=15 ratio=1.03 lr=0.0245
[GRAD-CLIP] trainerStep=18390 preNorm=0.2682 cap=15.0000 decided=0.2632 binding=relative applied=false mode=log_only median=0.2632 n=389 k=1 floor=0.01 hardMax=15 ratio=1.02 lr=0.0246
[GRAD-CLIP] trainerStep=18391 preNorm=0.2659 cap=15.0000 decided=0.2632 binding=relative applied=false mode=log_only median=0.2632 n=390 k=1 floor=0.01 hardMax=15 ratio=1.01 lr=0.0246
[GRAD-CLIP] trainerStep=18392 preNorm=0.2660 cap=15.0000 decided=0.2633 binding=relative applied=false mode=log_only median=0.2633 n=391 k=1 floor=0.01 hardMax=15 ratio=1.01 lr=0.0247
[GRAD-CLIP] trainerStep=18393 preNorm=0.2926 cap=15.0000 decided=0.2634 binding=relative applied=false mode=log_only median=0.2634 n=392 k=1 floor=0.01 hardMax=15 ratio=1.11 lr=0.0247
[GRAD-CLIP] trainerStep=18394 preNorm=0.2658 cap=15.0000 decided=0.2634 binding=relative applied=false mode=log_only median=0.2634 n=393 k=1 floor=0.01 hardMax=15 ratio=1.01 lr=0.0248
[GRAD-CLIP] trainerStep=18395 preNorm=0.3073 cap=15.0000 decided=0.2634 binding=relative applied=false mode=log_only median=0.2634 n=394 k=1 floor=0.01 hardMax=15 ratio=1.17 lr=0.0248
[GRAD-CLIP] trainerStep=18396 preNorm=0.2664 cap=15.0000 decided=0.2634 binding=relative applied=false mode=log_only median=0.2634 n=395 k=1 floor=0.01 hardMax=15 ratio=1.01 lr=0.0249
[GRAD-CLIP] trainerStep=18397 preNorm=0.2710 cap=15.0000 decided=0.2634 binding=relative applied=false mode=log_only median=0.2634 n=396 k=1 floor=0.01 hardMax=15 ratio=1.03 lr=0.0249
[GRAD-CLIP] trainerStep=18399 preNorm=0.2701 cap=15.0000 decided=0.2634 binding=relative applied=false mode=log_only median=0.2634 n=398 k=1 floor=0.01 hardMax=15 ratio=1.03 lr=0.0251
[GRAD-CLIP] trainerStep=18400 preNorm=0.2923 cap=15.0000 decided=0.2635 binding=relative applied=false mode=log_only median=0.2635 n=399 k=1 floor=0.01 hardMax=15 ratio=1.11 lr=0.0251
[GRAD-CLIP] trainerStep=18401 preNorm=0.2838 cap=15.0000 decided=0.2635 binding=relative applied=false mode=log_only median=0.2635 n=400 k=1 floor=0.01 hardMax=15 ratio=1.08 lr=0.0252
[GRAD-CLIP] trainerStep=18402 preNorm=0.2787 cap=15.0000 decided=0.2635 binding=relative applied=false mode=log_only median=0.2635 n=401 k=1 floor=0.01 hardMax=15 ratio=1.06 lr=0.0252
[GRAD-CLIP] trainerStep=18403 preNorm=0.2727 cap=15.0000 decided=0.2636 binding=relative applied=false mode=log_only median=0.2636 n=402 k=1 floor=0.01 hardMax=15 ratio=1.03 lr=0.0253
[GRAD-CLIP] trainerStep=18404 preNorm=0.2761 cap=15.0000 decided=0.2636 binding=relative applied=false mode=log_only median=0.2636 n=403 k=1 floor=0.01 hardMax=15 ratio=1.05 lr=0.0253
[GRAD-CLIP] trainerStep=18405 preNorm=0.2856 cap=15.0000 decided=0.2636 binding=relative applied=false mode=log_only median=0.2636 n=404 k=1 floor=0.01 hardMax=15 ratio=1.08 lr=0.0254
[GRAD-CLIP] trainerStep=18406 preNorm=0.2646 cap=15.0000 decided=0.2636 binding=relative applied=false mode=log_only median=0.2636 n=405 k=1 floor=0.01 hardMax=15 ratio=1.00 lr=0.0254
[GRAD-CLIP] trainerStep=18408 preNorm=0.2798 cap=15.0000 decided=0.2636 binding=relative applied=false mode=log_only median=0.2636 n=407 k=1 floor=0.01 hardMax=15 ratio=1.06 lr=0.0255
[GRAD-CLIP] trainerStep=18409 preNorm=0.2796 cap=15.0000 decided=0.2637 binding=relative applied=false mode=log_only median=0.2637 n=408 k=1 floor=0.01 hardMax=15 ratio=1.06 lr=0.0256
[GRAD-CLIP] trainerStep=18412 preNorm=0.3330 cap=15.0000 decided=0.2636 binding=relative applied=false mode=log_only median=0.2636 n=411 k=1 floor=0.01 hardMax=15 ratio=1.26 lr=0.0258
[GRAD-CLIP] trainerStep=18413 preNorm=0.2849 cap=15.0000 decided=0.2637 binding=relative applied=false mode=log_only median=0.2637 n=412 k=1 floor=0.01 hardMax=15 ratio=1.08 lr=0.0258
[GRAD-CLIP] trainerStep=18414 preNorm=0.2659 cap=15.0000 decided=0.2638 binding=relative applied=false mode=log_only median=0.2638 n=413 k=1 floor=0.01 hardMax=15 ratio=1.01 lr=0.0259
[GRAD-CLIP] trainerStep=18415 preNorm=0.2698 cap=15.0000 decided=0.2639 binding=relative applied=false mode=log_only median=0.2639 n=414 k=1 floor=0.01 hardMax=15 ratio=1.02 lr=0.0259
[GRAD-CLIP] trainerStep=18416 preNorm=0.2673 cap=15.0000 decided=0.2639 binding=relative applied=false mode=log_only median=0.2639 n=415 k=1 floor=0.01 hardMax=15 ratio=1.01 lr=0.026
[GRAD-CLIP] trainerStep=18419 preNorm=0.3046 cap=15.0000 decided=0.2639 binding=relative applied=false mode=log_only median=0.2639 n=418 k=1 floor=0.01 hardMax=15 ratio=1.15 lr=0.0262
[GRAD-CLIP] trainerStep=18420 preNorm=0.2951 cap=15.0000 decided=0.2639 binding=relative applied=false mode=log_only median=0.2639 n=419 k=1 floor=0.01 hardMax=15 ratio=1.12 lr=0.0262
[GRAD-CLIP] trainerStep=18421 preNorm=0.2716 cap=15.0000 decided=0.2639 binding=relative applied=false mode=log_only median=0.2639 n=420 k=1 floor=0.01 hardMax=15 ratio=1.03 lr=0.0263
[GRAD-CLIP] trainerStep=18422 preNorm=0.2684 cap=15.0000 decided=0.2640 binding=relative applied=false mode=log_only median=0.2640 n=421 k=1 floor=0.01 hardMax=15 ratio=1.02 lr=0.0263
[GRAD-CLIP] trainerStep=18423 preNorm=0.2714 cap=15.0000 decided=0.2641 binding=relative applied=false mode=log_only median=0.2641 n=422 k=1 floor=0.01 hardMax=15 ratio=1.03 lr=0.0264
[GRAD-CLIP] trainerStep=18424 preNorm=0.2674 cap=15.0000 decided=0.2641 binding=relative applied=false mode=log_only median=0.2641 n=423 k=1 floor=0.01 hardMax=15 ratio=1.01 lr=0.0264
[GRAD-CLIP] trainerStep=18425 preNorm=0.2721 cap=15.0000 decided=0.2642 binding=relative applied=false mode=log_only median=0.2642 n=424 k=1 floor=0.01 hardMax=15 ratio=1.03 lr=0.0265
[GRAD-CLIP] trainerStep=18428 preNorm=0.2946 cap=15.0000 decided=0.2641 binding=relative applied=false mode=log_only median=0.2641 n=427 k=1 floor=0.01 hardMax=15 ratio=1.12 lr=0.0267
[GRAD-CLIP] trainerStep=18429 preNorm=0.2833 cap=15.0000 decided=0.2642 binding=relative applied=false mode=log_only median=0.2642 n=428 k=1 floor=0.01 hardMax=15 ratio=1.07 lr=0.0267
[GRAD-CLIP] trainerStep=18430 preNorm=0.2741 cap=15.0000 decided=0.2642 binding=relative applied=false mode=log_only median=0.2642 n=429 k=1 floor=0.01 hardMax=15 ratio=1.04 lr=0.0268
[GRAD-CLIP] trainerStep=18434 preNorm=0.2774 cap=15.0000 decided=0.2641 binding=relative applied=false mode=log_only median=0.2641 n=433 k=1 floor=0.01 hardMax=15 ratio=1.05 lr=0.027
[GRAD-CLIP] trainerStep=18435 preNorm=0.2696 cap=15.0000 decided=0.2642 binding=relative applied=false mode=log_only median=0.2642 n=434 k=1 floor=0.01 hardMax=15 ratio=1.02 lr=0.0271
[GRAD-CLIP] trainerStep=18436 preNorm=0.2674 cap=15.0000 decided=0.2642 binding=relative applied=false mode=log_only median=0.2642 n=435 k=1 floor=0.01 hardMax=15 ratio=1.01 lr=0.0271
[GRAD-CLIP] trainerStep=18437 preNorm=0.2768 cap=15.0000 decided=0.2643 binding=relative applied=false mode=log_only median=0.2643 n=436 k=1 floor=0.01 hardMax=15 ratio=1.05 lr=0.0272
[GRAD-CLIP] trainerStep=18438 preNorm=0.2675 cap=15.0000 decided=0.2643 binding=relative applied=false mode=log_only median=0.2643 n=437 k=1 floor=0.01 hardMax=15 ratio=1.01 lr=0.0273
[GRAD-CLIP] trainerStep=18439 preNorm=0.2850 cap=15.0000 decided=0.2643 binding=relative applied=false mode=log_only median=0.2643 n=438 k=1 floor=0.01 hardMax=15 ratio=1.08 lr=0.0273
[GRAD-CLIP] trainerStep=18441 preNorm=0.2667 cap=15.0000 decided=0.2643 binding=relative applied=false mode=log_only median=0.2643 n=440 k=1 floor=0.01 hardMax=15 ratio=1.01 lr=0.0274
[GRAD-CLIP] trainerStep=18442 preNorm=0.2687 cap=15.0000 decided=0.2643 binding=relative applied=false mode=log_only median=0.2643 n=441 k=1 floor=0.01 hardMax=15 ratio=1.02 lr=0.0275
[GRAD-CLIP] trainerStep=18444 preNorm=0.2938 cap=15.0000 decided=0.2643 binding=relative applied=false mode=log_only median=0.2643 n=443 k=1 floor=0.01 hardMax=15 ratio=1.11 lr=0.0276
[GRAD-CLIP] trainerStep=18445 preNorm=0.2883 cap=15.0000 decided=0.2644 binding=relative applied=false mode=log_only median=0.2644 n=444 k=1 floor=0.01 hardMax=15 ratio=1.09 lr=0.0277
[GRAD-CLIP] trainerStep=18447 preNorm=0.3095 cap=15.0000 decided=0.2644 binding=relative applied=false mode=log_only median=0.2644 n=446 k=1 floor=0.01 hardMax=15 ratio=1.17 lr=0.0278
[GRAD-CLIP] trainerStep=18449 preNorm=0.2662 cap=15.0000 decided=0.2644 binding=relative applied=false mode=log_only median=0.2644 n=448 k=1 floor=0.01 hardMax=15 ratio=1.01 lr=0.0279
[GRAD-CLIP] trainerStep=18450 preNorm=0.2809 cap=15.0000 decided=0.2644 binding=relative applied=false mode=log_only median=0.2644 n=449 k=1 floor=0.01 hardMax=15 ratio=1.06 lr=0.028
[GRAD-CLIP] trainerStep=18452 preNorm=0.2906 cap=15.0000 decided=0.2644 binding=relative applied=false mode=log_only median=0.2644 n=451 k=1 floor=0.01 hardMax=15 ratio=1.10 lr=0.0281
[GRAD-CLIP] trainerStep=18454 preNorm=0.2723 cap=15.0000 decided=0.2644 binding=relative applied=false mode=log_only median=0.2644 n=453 k=1 floor=0.01 hardMax=15 ratio=1.03 lr=0.0282
[GRAD-CLIP] trainerStep=18455 preNorm=0.2652 cap=15.0000 decided=0.2645 binding=relative applied=false mode=log_only median=0.2645 n=454 k=1 floor=0.01 hardMax=15 ratio=1.00 lr=0.0283
[GRAD-CLIP] trainerStep=18456 preNorm=0.2675 cap=15.0000 decided=0.2646 binding=relative applied=false mode=log_only median=0.2646 n=455 k=1 floor=0.01 hardMax=15 ratio=1.01 lr=0.0283
[GRAD-CLIP] trainerStep=18457 preNorm=0.2678 cap=15.0000 decided=0.2646 binding=relative applied=false mode=log_only median=0.2646 n=456 k=1 floor=0.01 hardMax=15 ratio=1.01 lr=0.0284
[GRAD-CLIP] trainerStep=18458 preNorm=0.2673 cap=15.0000 decided=0.2646 binding=relative applied=false mode=log_only median=0.2646 n=457 k=1 floor=0.01 hardMax=15 ratio=1.01 lr=0.0285
[GRAD-CLIP] trainerStep=18462 preNorm=0.2842 cap=15.0000 decided=0.2646 binding=relative applied=false mode=log_only median=0.2646 n=461 k=1 floor=0.01 hardMax=15 ratio=1.07 lr=0.0287
[GRAD-CLIP] trainerStep=18466 preNorm=0.2792 cap=15.0000 decided=0.2644 binding=relative applied=false mode=log_only median=0.2644 n=465 k=1 floor=0.01 hardMax=15 ratio=1.06 lr=0.029
[GRAD-CLIP] trainerStep=18467 preNorm=0.2714 cap=15.0000 decided=0.2645 binding=relative applied=false mode=log_only median=0.2645 n=466 k=1 floor=0.01 hardMax=15 ratio=1.03 lr=0.029
[GRAD-CLIP] trainerStep=18468 preNorm=0.2906 cap=15.0000 decided=0.2646 binding=relative applied=false mode=log_only median=0.2646 n=467 k=1 floor=0.01 hardMax=15 ratio=1.10 lr=0.0291
[GRAD-CLIP] trainerStep=18469 preNorm=0.2648 cap=15.0000 decided=0.2646 binding=relative applied=false mode=log_only median=0.2646 n=468 k=1 floor=0.01 hardMax=15 ratio=1.00 lr=0.0291
[GRAD-CLIP] trainerStep=18472 preNorm=0.2668 cap=15.0000 decided=0.2646 binding=relative applied=false mode=log_only median=0.2646 n=471 k=1 floor=0.01 hardMax=15 ratio=1.01 lr=0.0293
[GRAD-CLIP] trainerStep=18473 preNorm=0.2902 cap=15.0000 decided=0.2646 binding=relative applied=false mode=log_only median=0.2646 n=472 k=1 floor=0.01 hardMax=15 ratio=1.10 lr=0.0294
[GRAD-CLIP] trainerStep=18474 preNorm=0.2761 cap=15.0000 decided=0.2646 binding=relative applied=false mode=log_only median=0.2646 n=473 k=1 floor=0.01 hardMax=15 ratio=1.04 lr=0.0295
[GRAD-CLIP] trainerStep=18475 preNorm=0.2856 cap=15.0000 decided=0.2647 binding=relative applied=false mode=log_only median=0.2647 n=474 k=1 floor=0.01 hardMax=15 ratio=1.08 lr=0.0295
[GRAD-CLIP] trainerStep=18479 preNorm=0.2656 cap=15.0000 decided=0.2646 binding=relative applied=false mode=log_only median=0.2646 n=478 k=1 floor=0.01 hardMax=15 ratio=1.00 lr=0.0298
[GRAD-CLIP] trainerStep=18480 preNorm=0.2845 cap=15.0000 decided=0.2646 binding=relative applied=false mode=log_only median=0.2646 n=479 k=1 floor=0.01 hardMax=15 ratio=1.08 lr=0.0299
[REPLAY] step=480 loss=3.5069 pLoss=2.6944 vLoss=0.8106 pEnt=2.870 pIllM=0.0019 playedP=0.175 pW=0.47 pD=0.07 pL=0.46 vAbs=0.244 pLogitMean=-9.7973 vLogitMean=0.5940 gNorm=0.285 lr=0.0299 ms=1152.9 buf=500000 plies=4853194 games=72601 rejected=0 skipped=0 epoch=0 mom=0.9007 lrCyc[pk=9.8e-01,tr=9.9e-04] gNormMax=0.3330 clips=0 gCap=15.0000 trainerStep=18480
[LAYER-HEALTH] live trainerStep=18480 scope=batch_norm_state_only reluSites=2/10 ch=144 dead=0 off=0 alwaysOn=0 worst=none maxBetaOverGamma=+2.05@policy.pre_bn[103] minBetaOverGamma=-1.99@value.bn[4] rvMaxOverMedian=60.6@blocks.2.bn1[31] rezero=none nonFinite=0 parkedSites=9/10 parkedCh=1040 parked=0 parkedOff=0 parkedBy=none
[GRAD-CLIP] trainerStep=18481 preNorm=0.2667 cap=15.0000 decided=0.2647 binding=relative applied=false mode=log_only median=0.2647 n=480 k=1 floor=0.01 hardMax=15 ratio=1.01 lr=0.0299
[GRAD-CLIP] trainerStep=18482 preNorm=0.2902 cap=15.0000 decided=0.2647 binding=relative applied=false mode=log_only median=0.2647 n=481 k=1 floor=0.01 hardMax=15 ratio=1.10 lr=0.03
[GRAD-CLIP] trainerStep=18483 preNorm=0.3022 cap=15.0000 decided=0.2648 binding=relative applied=false mode=log_only median=0.2648 n=482 k=1 floor=0.01 hardMax=15 ratio=1.14 lr=0.03
[GRAD-CLIP] trainerStep=18485 preNorm=0.2905 cap=15.0000 decided=0.2648 binding=relative applied=false mode=log_only median=0.2648 n=484 k=1 floor=0.01 hardMax=15 ratio=1.10 lr=0.0302
[GRAD-CLIP] trainerStep=18486 preNorm=0.2693 cap=15.0000 decided=0.2648 binding=relative applied=false mode=log_only median=0.2648 n=485 k=1 floor=0.01 hardMax=15 ratio=1.02 lr=0.0302
[GRAD-CLIP] trainerStep=18488 preNorm=0.2876 cap=15.0000 decided=0.2648 binding=relative applied=false mode=log_only median=0.2648 n=487 k=1 floor=0.01 hardMax=15 ratio=1.09 lr=0.0304
[GRAD-CLIP] trainerStep=18489 preNorm=0.2800 cap=15.0000 decided=0.2648 binding=relative applied=false mode=log_only median=0.2648 n=488 k=1 floor=0.01 hardMax=15 ratio=1.06 lr=0.0304
[GRAD-CLIP] trainerStep=18490 preNorm=0.2765 cap=15.0000 decided=0.2649 binding=relative applied=false mode=log_only median=0.2649 n=489 k=1 floor=0.01 hardMax=15 ratio=1.04 lr=0.0305
[GRAD-CLIP] trainerStep=18491 preNorm=0.3020 cap=15.0000 decided=0.2649 binding=relative applied=false mode=log_only median=0.2649 n=490 k=1 floor=0.01 hardMax=15 ratio=1.14 lr=0.0306
[GRAD-CLIP] trainerStep=18493 preNorm=0.2681 cap=15.0000 decided=0.2649 binding=relative applied=false mode=log_only median=0.2649 n=492 k=1 floor=0.01 hardMax=15 ratio=1.01 lr=0.0307
[GRAD-CLIP] trainerStep=18494 preNorm=0.2670 cap=15.0000 decided=0.2650 binding=relative applied=false mode=log_only median=0.2650 n=493 k=1 floor=0.01 hardMax=15 ratio=1.01 lr=0.0308
[GRAD-CLIP] trainerStep=18495 preNorm=0.2747 cap=15.0000 decided=0.2651 binding=relative applied=false mode=log_only median=0.2651 n=494 k=1 floor=0.01 hardMax=15 ratio=1.04 lr=0.0308
[GRAD-CLIP] trainerStep=18498 preNorm=0.2802 cap=15.0000 decided=0.2650 binding=relative applied=false mode=log_only median=0.2650 n=497 k=1 floor=0.01 hardMax=15 ratio=1.06 lr=0.031
[GRAD-CLIP] trainerStep=18499 preNorm=0.2760 cap=15.0000 decided=0.2651 binding=relative applied=false mode=log_only median=0.2651 n=498 k=1 floor=0.01 hardMax=15 ratio=1.04 lr=0.0311
[GRAD-CLIP] trainerStep=18501 preNorm=0.2690 cap=15.0000 decided=0.2651 binding=relative applied=false mode=log_only median=0.2651 n=500 k=1 floor=0.01 hardMax=15 ratio=1.01 lr=0.0312
[GRAD-CLIP] trainerStep=18502 preNorm=0.2759 cap=15.0000 decided=0.2651 binding=relative applied=false mode=log_only median=0.2651 n=501 k=1 floor=0.01 hardMax=15 ratio=1.04 lr=0.0313
[GRAD-CLIP] trainerStep=18504 preNorm=0.2692 cap=15.0000 decided=0.2651 binding=relative applied=false mode=log_only median=0.2651 n=503 k=1 floor=0.01 hardMax=15 ratio=1.02 lr=0.0314
[GRAD-CLIP] trainerStep=18505 preNorm=0.2810 cap=15.0000 decided=0.2651 binding=relative applied=false mode=log_only median=0.2651 n=504 k=1 floor=0.01 hardMax=15 ratio=1.06 lr=0.0315
[GRAD-CLIP] trainerStep=18510 preNorm=0.2761 cap=15.0000 decided=0.2650 binding=relative applied=false mode=log_only median=0.2650 n=509 k=1 floor=0.01 hardMax=15 ratio=1.04 lr=0.0319
[GRAD-CLIP] trainerStep=18511 preNorm=0.2713 cap=15.0000 decided=0.2651 binding=relative applied=false mode=log_only median=0.2651 n=510 k=1 floor=0.01 hardMax=15 ratio=1.02 lr=0.0319
[GRAD-CLIP] trainerStep=18512 preNorm=0.2775 cap=15.0000 decided=0.2651 binding=relative applied=false mode=log_only median=0.2651 n=511 k=1 floor=0.01 hardMax=15 ratio=1.05 lr=0.032
[GRAD-CLIP] trainerStep=18513 preNorm=0.2778 cap=15.0000 decided=0.2651 binding=relative applied=false mode=log_only median=0.2651 n=512 k=1 floor=0.01 hardMax=15 ratio=1.05 lr=0.0321
[GRAD-CLIP] trainerStep=18514 preNorm=0.2660 cap=15.0000 decided=0.2651 binding=relative applied=false mode=log_only median=0.2651 n=513 k=1 floor=0.01 hardMax=15 ratio=1.00 lr=0.0321
[GRAD-CLIP] trainerStep=18515 preNorm=0.2794 cap=15.0000 decided=0.2651 binding=relative applied=false mode=log_only median=0.2651 n=514 k=1 floor=0.01 hardMax=15 ratio=1.05 lr=0.0322
[GRAD-CLIP] trainerStep=18516 preNorm=0.3020 cap=15.0000 decided=0.2651 binding=relative applied=false mode=log_only median=0.2651 n=515 k=1 floor=0.01 hardMax=15 ratio=1.14 lr=0.0323
[GRAD-CLIP] trainerStep=18517 preNorm=0.2702 cap=15.0000 decided=0.2651 binding=relative applied=false mode=log_only median=0.2651 n=516 k=1 floor=0.01 hardMax=15 ratio=1.02 lr=0.0323
[GRAD-CLIP] trainerStep=18519 preNorm=0.2720 cap=15.0000 decided=0.2651 binding=relative applied=false mode=log_only median=0.2651 n=518 k=1 floor=0.01 hardMax=15 ratio=1.03 lr=0.0325
[GRAD-CLIP] trainerStep=18520 preNorm=0.2743 cap=15.0000 decided=0.2651 binding=relative applied=false mode=log_only median=0.2651 n=519 k=1 floor=0.01 hardMax=15 ratio=1.03 lr=0.0326
[GRAD-CLIP] trainerStep=18521 preNorm=0.2673 cap=15.0000 decided=0.2652 binding=relative applied=false mode=log_only median=0.2652 n=520 k=1 floor=0.01 hardMax=15 ratio=1.01 lr=0.0326
[GRAD-CLIP] trainerStep=18522 preNorm=0.2787 cap=15.0000 decided=0.2652 binding=relative applied=false mode=log_only median=0.2652 n=521 k=1 floor=0.01 hardMax=15 ratio=1.05 lr=0.0327
[GRAD-CLIP] trainerStep=18523 preNorm=0.2738 cap=15.0000 decided=0.2652 binding=relative applied=false mode=log_only median=0.2652 n=522 k=1 floor=0.01 hardMax=15 ratio=1.03 lr=0.0328
[GRAD-CLIP] trainerStep=18524 preNorm=0.2735 cap=15.0000 decided=0.2652 binding=relative applied=false mode=log_only median=0.2652 n=523 k=1 floor=0.01 hardMax=15 ratio=1.03 lr=0.0328
[GRAD-CLIP] trainerStep=18528 preNorm=0.2756 cap=15.0000 decided=0.2652 binding=relative applied=false mode=log_only median=0.2652 n=527 k=1 floor=0.01 hardMax=15 ratio=1.04 lr=0.0331
[GRAD-CLIP] trainerStep=18529 preNorm=0.2669 cap=15.0000 decided=0.2652 binding=relative applied=false mode=log_only median=0.2652 n=528 k=1 floor=0.01 hardMax=15 ratio=1.01 lr=0.0332
[GRAD-CLIP] trainerStep=18530 preNorm=0.2832 cap=15.0000 decided=0.2652 binding=relative applied=false mode=log_only median=0.2652 n=529 k=1 floor=0.01 hardMax=15 ratio=1.07 lr=0.0333
[GRAD-CLIP] trainerStep=18534 preNorm=0.2724 cap=15.0000 decided=0.2652 binding=relative applied=false mode=log_only median=0.2652 n=533 k=1 floor=0.01 hardMax=15 ratio=1.03 lr=0.0336
[GRAD-CLIP] trainerStep=18535 preNorm=0.2908 cap=15.0000 decided=0.2652 binding=relative applied=false mode=log_only median=0.2652 n=534 k=1 floor=0.01 hardMax=15 ratio=1.10 lr=0.0336
[GRAD-CLIP] trainerStep=18537 preNorm=0.2892 cap=15.0000 decided=0.2652 binding=relative applied=false mode=log_only median=0.2652 n=536 k=1 floor=0.01 hardMax=15 ratio=1.09 lr=0.0338
[GRAD-CLIP] trainerStep=18538 preNorm=0.2746 cap=15.0000 decided=0.2652 binding=relative applied=false mode=log_only median=0.2652 n=537 k=1 floor=0.01 hardMax=15 ratio=1.04 lr=0.0339
[GRAD-CLIP] trainerStep=18539 preNorm=0.2675 cap=15.0000 decided=0.2652 binding=relative applied=false mode=log_only median=0.2652 n=538 k=1 floor=0.01 hardMax=15 ratio=1.01 lr=0.0339
[GRAD-CLIP] trainerStep=18540 preNorm=0.2678 cap=15.0000 decided=0.2653 binding=relative applied=false mode=log_only median=0.2653 n=539 k=1 floor=0.01 hardMax=15 ratio=1.01 lr=0.034
[GRAD-CLIP] trainerStep=18541 preNorm=0.2659 cap=15.0000 decided=0.2653 binding=relative applied=false mode=log_only median=0.2653 n=540 k=1 floor=0.01 hardMax=15 ratio=1.00 lr=0.0341
[GRAD-CLIP] trainerStep=18542 preNorm=0.2729 cap=15.0000 decided=0.2654 binding=relative applied=false mode=log_only median=0.2654 n=541 k=1 floor=0.01 hardMax=15 ratio=1.03 lr=0.0341
[GRAD-CLIP] trainerStep=18543 preNorm=0.2811 cap=15.0000 decided=0.2654 binding=relative applied=false mode=log_only median=0.2654 n=542 k=1 floor=0.01 hardMax=15 ratio=1.06 lr=0.0342
[GRAD-CLIP] trainerStep=18548 preNorm=0.2695 cap=15.0000 decided=0.2653 binding=relative applied=false mode=log_only median=0.2653 n=547 k=1 floor=0.01 hardMax=15 ratio=1.02 lr=0.0346
[GRAD-CLIP] trainerStep=18550 preNorm=0.2676 cap=15.0000 decided=0.2653 binding=relative applied=false mode=log_only median=0.2653 n=549 k=1 floor=0.01 hardMax=15 ratio=1.01 lr=0.0347
[GRAD-CLIP] trainerStep=18551 preNorm=0.2659 cap=15.0000 decided=0.2653 binding=relative applied=false mode=log_only median=0.2653 n=550 k=1 floor=0.01 hardMax=15 ratio=1.00 lr=0.0348
[GRAD-CLIP] trainerStep=18552 preNorm=0.2899 cap=15.0000 decided=0.2654 binding=relative applied=false mode=log_only median=0.2654 n=551 k=1 floor=0.01 hardMax=15 ratio=1.09 lr=0.0349
[GRAD-CLIP] trainerStep=18553 preNorm=0.2673 cap=15.0000 decided=0.2654 binding=relative applied=false mode=log_only median=0.2654 n=552 k=1 floor=0.01 hardMax=15 ratio=1.01 lr=0.035
[GRAD-CLIP] trainerStep=18556 preNorm=0.2689 cap=15.0000 decided=0.2654 binding=relative applied=false mode=log_only median=0.2654 n=555 k=1 floor=0.01 hardMax=15 ratio=1.01 lr=0.0352
[GRAD-CLIP] trainerStep=18557 preNorm=0.2798 cap=15.0000 decided=0.2654 binding=relative applied=false mode=log_only median=0.2654 n=556 k=1 floor=0.01 hardMax=15 ratio=1.05 lr=0.0353
[GRAD-CLIP] trainerStep=18561 preNorm=0.2872 cap=15.0000 decided=0.2653 binding=relative applied=false mode=log_only median=0.2653 n=560 k=1 floor=0.01 hardMax=15 ratio=1.08 lr=0.0356
[GRAD-CLIP] trainerStep=18562 preNorm=0.2852 cap=15.0000 decided=0.2654 binding=relative applied=false mode=log_only median=0.2654 n=561 k=1 floor=0.01 hardMax=15 ratio=1.07 lr=0.0357
[GRAD-CLIP] trainerStep=18563 preNorm=0.2780 cap=15.0000 decided=0.2654 binding=relative applied=false mode=log_only median=0.2654 n=562 k=1 floor=0.01 hardMax=15 ratio=1.05 lr=0.0357
[GRAD-CLIP] trainerStep=18565 preNorm=0.2749 cap=15.0000 decided=0.2654 binding=relative applied=false mode=log_only median=0.2654 n=564 k=1 floor=0.01 hardMax=15 ratio=1.04 lr=0.0359
[GRAD-CLIP] trainerStep=18567 preNorm=0.2696 cap=15.0000 decided=0.2654 binding=relative applied=false mode=log_only median=0.2654 n=566 k=1 floor=0.01 hardMax=15 ratio=1.02 lr=0.036
[GRAD-CLIP] trainerStep=18569 preNorm=0.2695 cap=15.0000 decided=0.2654 binding=relative applied=false mode=log_only median=0.2654 n=568 k=1 floor=0.01 hardMax=15 ratio=1.02 lr=0.0362
[GRAD-CLIP] trainerStep=18570 preNorm=0.2731 cap=15.0000 decided=0.2654 binding=relative applied=false mode=log_only median=0.2654 n=569 k=1 floor=0.01 hardMax=15 ratio=1.03 lr=0.0363
[GRAD-CLIP] trainerStep=18571 preNorm=0.2735 cap=15.0000 decided=0.2655 binding=relative applied=false mode=log_only median=0.2655 n=570 k=1 floor=0.01 hardMax=15 ratio=1.03 lr=0.0364
[GRAD-CLIP] trainerStep=18572 preNorm=0.2677 cap=15.0000 decided=0.2655 binding=relative applied=false mode=log_only median=0.2655 n=571 k=1 floor=0.01 hardMax=15 ratio=1.01 lr=0.0364
[GRAD-CLIP] trainerStep=18573 preNorm=0.2763 cap=15.0000 decided=0.2656 binding=relative applied=false mode=log_only median=0.2656 n=572 k=1 floor=0.01 hardMax=15 ratio=1.04 lr=0.0365
[GRAD-CLIP] trainerStep=18574 preNorm=0.2857 cap=15.0000 decided=0.2656 binding=relative applied=false mode=log_only median=0.2656 n=573 k=1 floor=0.01 hardMax=15 ratio=1.08 lr=0.0366
[GRAD-CLIP] trainerStep=18575 preNorm=0.2767 cap=15.0000 decided=0.2656 binding=relative applied=false mode=log_only median=0.2656 n=574 k=1 floor=0.01 hardMax=15 ratio=1.04 lr=0.0367
[GRAD-CLIP] trainerStep=18576 preNorm=0.2782 cap=15.0000 decided=0.2656 binding=relative applied=false mode=log_only median=0.2656 n=575 k=1 floor=0.01 hardMax=15 ratio=1.05 lr=0.0368
[GRAD-CLIP] trainerStep=18577 preNorm=0.2721 cap=15.0000 decided=0.2656 binding=relative applied=false mode=log_only median=0.2656 n=576 k=1 floor=0.01 hardMax=15 ratio=1.02 lr=0.0368
[GRAD-CLIP] trainerStep=18578 preNorm=0.2749 cap=15.0000 decided=0.2656 binding=relative applied=false mode=log_only median=0.2656 n=577 k=1 floor=0.01 hardMax=15 ratio=1.03 lr=0.0369
[GRAD-CLIP] trainerStep=18580 preNorm=0.2919 cap=15.0000 decided=0.2656 binding=relative applied=false mode=log_only median=0.2656 n=579 k=1 floor=0.01 hardMax=15 ratio=1.10 lr=0.0371
[GRAD-CLIP] trainerStep=18581 preNorm=0.2847 cap=15.0000 decided=0.2656 binding=relative applied=false mode=log_only median=0.2656 n=580 k=1 floor=0.01 hardMax=15 ratio=1.07 lr=0.0372
[GRAD-CLIP] trainerStep=18582 preNorm=0.2704 cap=15.0000 decided=0.2656 binding=relative applied=false mode=log_only median=0.2656 n=581 k=1 floor=0.01 hardMax=15 ratio=1.02 lr=0.0372
[GRAD-CLIP] trainerStep=18584 preNorm=0.2904 cap=15.0000 decided=0.2656 binding=relative applied=false mode=log_only median=0.2656 n=583 k=1 floor=0.01 hardMax=15 ratio=1.09 lr=0.0374
[GRAD-CLIP] trainerStep=18586 preNorm=0.2754 cap=15.0000 decided=0.2656 binding=relative applied=false mode=log_only median=0.2656 n=585 k=1 floor=0.01 hardMax=15 ratio=1.04 lr=0.0376
[GRAD-CLIP] trainerStep=18587 preNorm=0.2853 cap=15.0000 decided=0.2657 binding=relative applied=false mode=log_only median=0.2657 n=586 k=1 floor=0.01 hardMax=15 ratio=1.07 lr=0.0376
[GRAD-CLIP] trainerStep=18588 preNorm=0.2698 cap=15.0000 decided=0.2658 binding=relative applied=false mode=log_only median=0.2658 n=587 k=1 floor=0.01 hardMax=15 ratio=1.02 lr=0.0377
[GRAD-CLIP] trainerStep=18589 preNorm=0.2781 cap=15.0000 decided=0.2658 binding=relative applied=false mode=log_only median=0.2658 n=588 k=1 floor=0.01 hardMax=15 ratio=1.05 lr=0.0378
[GRAD-CLIP] trainerStep=18592 preNorm=0.2731 cap=15.0000 decided=0.2658 binding=relative applied=false mode=log_only median=0.2658 n=591 k=1 floor=0.01 hardMax=15 ratio=1.03 lr=0.038
[GRAD-CLIP] trainerStep=18594 preNorm=0.2753 cap=15.0000 decided=0.2658 binding=relative applied=false mode=log_only median=0.2658 n=593 k=1 floor=0.01 hardMax=15 ratio=1.04 lr=0.0382
[GRAD-CLIP] trainerStep=18595 preNorm=0.2723 cap=15.0000 decided=0.2658 binding=relative applied=false mode=log_only median=0.2658 n=594 k=1 floor=0.01 hardMax=15 ratio=1.02 lr=0.0383
[GRAD-CLIP] trainerStep=18596 preNorm=0.2676 cap=15.0000 decided=0.2658 binding=relative applied=false mode=log_only median=0.2658 n=595 k=1 floor=0.01 hardMax=15 ratio=1.01 lr=0.0384
[GRAD-CLIP] trainerStep=18598 preNorm=0.2743 cap=15.0000 decided=0.2658 binding=relative applied=false mode=log_only median=0.2658 n=597 k=1 floor=0.01 hardMax=15 ratio=1.03 lr=0.0385
[GRAD-CLIP] trainerStep=18599 preNorm=0.2768 cap=15.0000 decided=0.2658 binding=relative applied=false mode=log_only median=0.2658 n=598 k=1 floor=0.01 hardMax=15 ratio=1.04 lr=0.0386
[REPLAY] step=600 loss=3.5433 pLoss=2.7240 vLoss=0.8169 pEnt=2.855 pIllM=0.0024 playedP=0.174 pW=0.47 pD=0.07 pL=0.46 vAbs=0.235 pLogitMean=-9.7929 vLogitMean=0.5957 gNorm=0.259 lr=0.0388 ms=1142.3 buf=500000 plies=5877203 games=87851 rejected=0 skipped=0 epoch=0 mom=0.8969 lrCyc[pk=9.8e-01,tr=9.9e-04] gNormMax=0.3022 clips=0 gCap=15.0000 trainerStep=18600
[LAYER-HEALTH] live trainerStep=18600 scope=batch_norm_state_only reluSites=2/10 ch=144 dead=0 off=0 alwaysOn=0 worst=none maxBetaOverGamma=+2.05@policy.pre_bn[103] minBetaOverGamma=-1.97@value.bn[4] rvMaxOverMedian=60.8@blocks.2.bn1[31] rezero=none nonFinite=0 parkedSites=9/10 parkedCh=1040 parked=0 parkedOff=0 parkedBy=none
[GRAD-CLIP] trainerStep=18601 preNorm=0.2688 cap=15.0000 decided=0.2658 binding=relative applied=false mode=log_only median=0.2658 n=600 k=1 floor=0.01 hardMax=15 ratio=1.01 lr=0.0388
[GRAD-CLIP] trainerStep=18606 preNorm=0.2691 cap=15.0000 decided=0.2658 binding=relative applied=false mode=log_only median=0.2658 n=605 k=1 floor=0.01 hardMax=15 ratio=1.01 lr=0.0392
[GRAD-CLIP] trainerStep=18607 preNorm=0.2774 cap=15.0000 decided=0.2658 binding=relative applied=false mode=log_only median=0.2658 n=606 k=1 floor=0.01 hardMax=15 ratio=1.04 lr=0.0393
[GRAD-CLIP] trainerStep=18608 preNorm=0.2668 cap=15.0000 decided=0.2658 binding=relative applied=false mode=log_only median=0.2658 n=607 k=1 floor=0.01 hardMax=15 ratio=1.00 lr=0.0394
[GRAD-CLIP] trainerStep=18609 preNorm=0.2734 cap=15.0000 decided=0.2658 binding=relative applied=false mode=log_only median=0.2658 n=608 k=1 floor=0.01 hardMax=15 ratio=1.03 lr=0.0395
[GRAD-CLIP] trainerStep=18610 preNorm=0.2776 cap=15.0000 decided=0.2659 binding=relative applied=false mode=log_only median=0.2659 n=609 k=1 floor=0.01 hardMax=15 ratio=1.04 lr=0.0396
[GRAD-CLIP] trainerStep=18611 preNorm=0.2762 cap=15.0000 decided=0.2659 binding=relative applied=false mode=log_only median=0.2659 n=610 k=1 floor=0.01 hardMax=15 ratio=1.04 lr=0.0396
[GRAD-CLIP] trainerStep=18612 preNorm=0.2916 cap=15.0000 decided=0.2659 binding=relative applied=false mode=log_only median=0.2659 n=611 k=1 floor=0.01 hardMax=15 ratio=1.10 lr=0.0397
[GRAD-CLIP] trainerStep=18614 preNorm=0.2668 cap=15.0000 decided=0.2659 binding=relative applied=false mode=log_only median=0.2659 n=613 k=1 floor=0.01 hardMax=15 ratio=1.00 lr=0.0399
[GRAD-CLIP] trainerStep=18617 preNorm=0.2663 cap=15.0000 decided=0.2659 binding=relative applied=false mode=log_only median=0.2659 n=616 k=1 floor=0.01 hardMax=15 ratio=1.00 lr=0.0402
[GRAD-CLIP] trainerStep=18619 preNorm=0.2886 cap=15.0000 decided=0.2659 binding=relative applied=false mode=log_only median=0.2659 n=618 k=1 floor=0.01 hardMax=15 ratio=1.09 lr=0.0403
[GRAD-CLIP] trainerStep=18620 preNorm=0.2704 cap=15.0000 decided=0.2659 binding=relative applied=false mode=log_only median=0.2659 n=619 k=1 floor=0.01 hardMax=15 ratio=1.02 lr=0.0404
[GRAD-CLIP] trainerStep=18623 preNorm=0.2804 cap=15.0000 decided=0.2659 binding=relative applied=false mode=log_only median=0.2659 n=622 k=1 floor=0.01 hardMax=15 ratio=1.05 lr=0.0407
[GRAD-CLIP] trainerStep=18624 preNorm=0.2709 cap=15.0000 decided=0.2659 binding=relative applied=false mode=log_only median=0.2659 n=623 k=1 floor=0.01 hardMax=15 ratio=1.02 lr=0.0408
[GRAD-CLIP] trainerStep=18625 preNorm=0.3299 cap=15.0000 decided=0.2659 binding=relative applied=false mode=log_only median=0.2659 n=624 k=1 floor=0.01 hardMax=15 ratio=1.24 lr=0.0409
[GRAD-CLIP] trainerStep=18626 preNorm=0.2803 cap=15.0000 decided=0.2659 binding=relative applied=false mode=log_only median=0.2659 n=625 k=1 floor=0.01 hardMax=15 ratio=1.05 lr=0.041
[GRAD-CLIP] trainerStep=18627 preNorm=0.2744 cap=15.0000 decided=0.2659 binding=relative applied=false mode=log_only median=0.2659 n=626 k=1 floor=0.01 hardMax=15 ratio=1.03 lr=0.041
[GRAD-CLIP] trainerStep=18628 preNorm=0.2833 cap=15.0000 decided=0.2659 binding=relative applied=false mode=log_only median=0.2659 n=627 k=1 floor=0.01 hardMax=15 ratio=1.07 lr=0.0411
[GRAD-CLIP] trainerStep=18629 preNorm=0.2835 cap=15.0000 decided=0.2659 binding=relative applied=false mode=log_only median=0.2659 n=628 k=1 floor=0.01 hardMax=15 ratio=1.07 lr=0.0412
[GRAD-CLIP] trainerStep=18630 preNorm=0.2794 cap=15.0000 decided=0.2659 binding=relative applied=false mode=log_only median=0.2659 n=629 k=1 floor=0.01 hardMax=15 ratio=1.05 lr=0.0413
[GRAD-CLIP] trainerStep=18631 preNorm=0.2891 cap=15.0000 decided=0.2659 binding=relative applied=false mode=log_only median=0.2659 n=630 k=1 floor=0.01 hardMax=15 ratio=1.09 lr=0.0414
[GRAD-CLIP] trainerStep=18633 preNorm=0.2815 cap=15.0000 decided=0.2659 binding=relative applied=false mode=log_only median=0.2659 n=632 k=1 floor=0.01 hardMax=15 ratio=1.06 lr=0.0416
[GRAD-CLIP] trainerStep=18636 preNorm=0.2971 cap=15.0000 decided=0.2659 binding=relative applied=false mode=log_only median=0.2659 n=635 k=1 floor=0.01 hardMax=15 ratio=1.12 lr=0.0418
[GRAD-CLIP] trainerStep=18637 preNorm=0.2862 cap=15.0000 decided=0.2659 binding=relative applied=false mode=log_only median=0.2659 n=636 k=1 floor=0.01 hardMax=15 ratio=1.08 lr=0.0419
[GRAD-CLIP] trainerStep=18638 preNorm=0.2833 cap=15.0000 decided=0.2660 binding=relative applied=false mode=log_only median=0.2660 n=637 k=1 floor=0.01 hardMax=15 ratio=1.07 lr=0.042
[GRAD-CLIP] trainerStep=18639 preNorm=0.2663 cap=15.0000 decided=0.2660 binding=relative applied=false mode=log_only median=0.2660 n=638 k=1 floor=0.01 hardMax=15 ratio=1.00 lr=0.0421
[GRAD-CLIP] trainerStep=18640 preNorm=0.2686 cap=15.0000 decided=0.2660 binding=relative applied=false mode=log_only median=0.2660 n=639 k=1 floor=0.01 hardMax=15 ratio=1.01 lr=0.0422
[GRAD-CLIP] trainerStep=18641 preNorm=0.2960 cap=15.0000 decided=0.2661 binding=relative applied=false mode=log_only median=0.2661 n=640 k=1 floor=0.01 hardMax=15 ratio=1.11 lr=0.0423
[GRAD-CLIP] trainerStep=18642 preNorm=0.2953 cap=15.0000 decided=0.2662 binding=relative applied=false mode=log_only median=0.2662 n=641 k=1 floor=0.01 hardMax=15 ratio=1.11 lr=0.0424
[GRAD-CLIP] trainerStep=18643 preNorm=0.3090 cap=15.0000 decided=0.2662 binding=relative applied=false mode=log_only median=0.2662 n=642 k=1 floor=0.01 hardMax=15 ratio=1.16 lr=0.0425
[GRAD-CLIP] trainerStep=18644 preNorm=0.2881 cap=15.0000 decided=0.2662 binding=relative applied=false mode=log_only median=0.2662 n=643 k=1 floor=0.01 hardMax=15 ratio=1.08 lr=0.0426
[GRAD-CLIP] trainerStep=18646 preNorm=0.2968 cap=15.0000 decided=0.2662 binding=relative applied=false mode=log_only median=0.2662 n=645 k=1 floor=0.01 hardMax=15 ratio=1.11 lr=0.0428
[GRAD-CLIP] trainerStep=18647 preNorm=0.2916 cap=15.0000 decided=0.2662 binding=relative applied=false mode=log_only median=0.2662 n=646 k=1 floor=0.01 hardMax=15 ratio=1.10 lr=0.0429
[GRAD-CLIP] trainerStep=18648 preNorm=0.2839 cap=15.0000 decided=0.2662 binding=relative applied=false mode=log_only median=0.2662 n=647 k=1 floor=0.01 hardMax=15 ratio=1.07 lr=0.0429
[GRAD-CLIP] trainerStep=18649 preNorm=0.3002 cap=15.0000 decided=0.2663 binding=relative applied=false mode=log_only median=0.2663 n=648 k=1 floor=0.01 hardMax=15 ratio=1.13 lr=0.043
[GRAD-CLIP] trainerStep=18650 preNorm=0.2711 cap=15.0000 decided=0.2663 binding=relative applied=false mode=log_only median=0.2663 n=649 k=1 floor=0.01 hardMax=15 ratio=1.02 lr=0.0431
[GRAD-CLIP] trainerStep=18652 preNorm=0.2743 cap=15.0000 decided=0.2663 binding=relative applied=false mode=log_only median=0.2663 n=651 k=1 floor=0.01 hardMax=15 ratio=1.03 lr=0.0433
[GRAD-CLIP] trainerStep=18653 preNorm=0.2734 cap=15.0000 decided=0.2663 binding=relative applied=false mode=log_only median=0.2663 n=652 k=1 floor=0.01 hardMax=15 ratio=1.03 lr=0.0434
[GRAD-CLIP] trainerStep=18654 preNorm=0.2665 cap=15.0000 decided=0.2663 binding=relative applied=false mode=log_only median=0.2663 n=653 k=1 floor=0.01 hardMax=15 ratio=1.00 lr=0.0435
[GRAD-CLIP] trainerStep=18655 preNorm=0.3447 cap=15.0000 decided=0.2663 binding=relative applied=false mode=log_only median=0.2663 n=654 k=1 floor=0.01 hardMax=15 ratio=1.29 lr=0.0436
[GRAD-CLIP] trainerStep=18656 preNorm=0.2782 cap=15.0000 decided=0.2663 binding=relative applied=false mode=log_only median=0.2663 n=655 k=1 floor=0.01 hardMax=15 ratio=1.04 lr=0.0437
[GRAD-CLIP] trainerStep=18657 preNorm=0.2697 cap=15.0000 decided=0.2664 binding=relative applied=false mode=log_only median=0.2664 n=656 k=1 floor=0.01 hardMax=15 ratio=1.01 lr=0.0438
[GRAD-CLIP] trainerStep=18658 preNorm=0.2786 cap=15.0000 decided=0.2664 binding=relative applied=false mode=log_only median=0.2664 n=657 k=1 floor=0.01 hardMax=15 ratio=1.05 lr=0.0439
[GRAD-CLIP] trainerStep=18659 preNorm=0.2669 cap=15.0000 decided=0.2664 binding=relative applied=false mode=log_only median=0.2664 n=658 k=1 floor=0.01 hardMax=15 ratio=1.00 lr=0.044
[GRAD-CLIP] trainerStep=18660 preNorm=0.2668 cap=15.0000 decided=0.2664 binding=relative applied=false mode=log_only median=0.2664 n=659 k=1 floor=0.01 hardMax=15 ratio=1.00 lr=0.0441
[GRAD-CLIP] trainerStep=18661 preNorm=0.2720 cap=15.0000 decided=0.2665 binding=relative applied=false mode=log_only median=0.2665 n=660 k=1 floor=0.01 hardMax=15 ratio=1.02 lr=0.0442
[GRAD-CLIP] trainerStep=18662 preNorm=0.2746 cap=15.0000 decided=0.2665 binding=relative applied=false mode=log_only median=0.2665 n=661 k=1 floor=0.01 hardMax=15 ratio=1.03 lr=0.0443
[GRAD-CLIP] trainerStep=18663 preNorm=0.3031 cap=15.0000 decided=0.2665 binding=relative applied=false mode=log_only median=0.2665 n=662 k=1 floor=0.01 hardMax=15 ratio=1.14 lr=0.0444
[GRAD-CLIP] trainerStep=18664 preNorm=0.2956 cap=15.0000 decided=0.2665 binding=relative applied=false mode=log_only median=0.2665 n=663 k=1 floor=0.01 hardMax=15 ratio=1.11 lr=0.0445
[GRAD-CLIP] trainerStep=18665 preNorm=0.2813 cap=15.0000 decided=0.2665 binding=relative applied=false mode=log_only median=0.2665 n=664 k=1 floor=0.01 hardMax=15 ratio=1.06 lr=0.0445
[GRAD-CLIP] trainerStep=18667 preNorm=0.2705 cap=15.0000 decided=0.2665 binding=relative applied=false mode=log_only median=0.2665 n=666 k=1 floor=0.01 hardMax=15 ratio=1.01 lr=0.0447
[GRAD-CLIP] trainerStep=18670 preNorm=0.2872 cap=15.0000 decided=0.2665 binding=relative applied=false mode=log_only median=0.2665 n=669 k=1 floor=0.01 hardMax=15 ratio=1.08 lr=0.045
[GRAD-CLIP] trainerStep=18673 preNorm=0.2861 cap=15.0000 decided=0.2665 binding=relative applied=false mode=log_only median=0.2665 n=672 k=1 floor=0.01 hardMax=15 ratio=1.07 lr=0.0453
[GRAD-CLIP] trainerStep=18674 preNorm=0.2810 cap=15.0000 decided=0.2665 binding=relative applied=false mode=log_only median=0.2665 n=673 k=1 floor=0.01 hardMax=15 ratio=1.05 lr=0.0454
[GRAD-CLIP] trainerStep=18675 preNorm=0.2749 cap=15.0000 decided=0.2665 binding=relative applied=false mode=log_only median=0.2665 n=674 k=1 floor=0.01 hardMax=15 ratio=1.03 lr=0.0455
[GRAD-CLIP] trainerStep=18676 preNorm=0.2789 cap=15.0000 decided=0.2666 binding=relative applied=false mode=log_only median=0.2666 n=675 k=1 floor=0.01 hardMax=15 ratio=1.05 lr=0.0456
[GRAD-CLIP] trainerStep=18677 preNorm=0.2715 cap=15.0000 decided=0.2666 binding=relative applied=false mode=log_only median=0.2666 n=676 k=1 floor=0.01 hardMax=15 ratio=1.02 lr=0.0457
[GRAD-CLIP] trainerStep=18678 preNorm=0.2668 cap=15.0000 decided=0.2666 binding=relative applied=false mode=log_only median=0.2666 n=677 k=1 floor=0.01 hardMax=15 ratio=1.00 lr=0.0458
[GRAD-CLIP] trainerStep=18679 preNorm=0.2767 cap=15.0000 decided=0.2666 binding=relative applied=false mode=log_only median=0.2666 n=678 k=1 floor=0.01 hardMax=15 ratio=1.04 lr=0.0459
[GRAD-CLIP] trainerStep=18680 preNorm=0.2853 cap=15.0000 decided=0.2666 binding=relative applied=false mode=log_only median=0.2666 n=679 k=1 floor=0.01 hardMax=15 ratio=1.07 lr=0.046
[GRAD-CLIP] trainerStep=18681 preNorm=0.2916 cap=15.0000 decided=0.2666 binding=relative applied=false mode=log_only median=0.2666 n=680 k=1 floor=0.01 hardMax=15 ratio=1.09 lr=0.0461
[GRAD-CLIP] trainerStep=18683 preNorm=0.2749 cap=15.0000 decided=0.2666 binding=relative applied=false mode=log_only median=0.2666 n=682 k=1 floor=0.01 hardMax=15 ratio=1.03 lr=0.0463
[GRAD-CLIP] trainerStep=18685 preNorm=0.2672 cap=15.0000 decided=0.2666 binding=relative applied=false mode=log_only median=0.2666 n=684 k=1 floor=0.01 hardMax=15 ratio=1.00 lr=0.0465
[GRAD-CLIP] trainerStep=18687 preNorm=0.2723 cap=15.0000 decided=0.2666 binding=relative applied=false mode=log_only median=0.2666 n=686 k=1 floor=0.01 hardMax=15 ratio=1.02 lr=0.0467
[GRAD-CLIP] trainerStep=18690 preNorm=0.2747 cap=15.0000 decided=0.2666 binding=relative applied=false mode=log_only median=0.2666 n=689 k=1 floor=0.01 hardMax=15 ratio=1.03 lr=0.047
[GRAD-CLIP] trainerStep=18691 preNorm=0.2713 cap=15.0000 decided=0.2666 binding=relative applied=false mode=log_only median=0.2666 n=690 k=1 floor=0.01 hardMax=15 ratio=1.02 lr=0.0471
[GRAD-CLIP] trainerStep=18693 preNorm=0.2952 cap=15.0000 decided=0.2666 binding=relative applied=false mode=log_only median=0.2666 n=692 k=1 floor=0.01 hardMax=15 ratio=1.11 lr=0.0473
[GRAD-CLIP] trainerStep=18694 preNorm=0.2755 cap=15.0000 decided=0.2667 binding=relative applied=false mode=log_only median=0.2667 n=693 k=1 floor=0.01 hardMax=15 ratio=1.03 lr=0.0474
[GRAD-CLIP] trainerStep=18695 preNorm=0.2708 cap=15.0000 decided=0.2667 binding=relative applied=false mode=log_only median=0.2667 n=694 k=1 floor=0.01 hardMax=15 ratio=1.02 lr=0.0475
[GRAD-CLIP] trainerStep=18696 preNorm=0.2671 cap=15.0000 decided=0.2667 binding=relative applied=false mode=log_only median=0.2667 n=695 k=1 floor=0.01 hardMax=15 ratio=1.00 lr=0.0476
[GRAD-CLIP] trainerStep=18697 preNorm=0.2861 cap=15.0000 decided=0.2667 binding=relative applied=false mode=log_only median=0.2667 n=696 k=1 floor=0.01 hardMax=15 ratio=1.07 lr=0.0477
[GRAD-CLIP] trainerStep=18698 preNorm=0.2723 cap=15.0000 decided=0.2667 binding=relative applied=false mode=log_only median=0.2667 n=697 k=1 floor=0.01 hardMax=15 ratio=1.02 lr=0.0478
[GRAD-CLIP] trainerStep=18699 preNorm=0.2739 cap=15.0000 decided=0.2668 binding=relative applied=false mode=log_only median=0.2668 n=698 k=1 floor=0.01 hardMax=15 ratio=1.03 lr=0.0479
[GRAD-CLIP] trainerStep=18701 preNorm=0.2813 cap=15.0000 decided=0.2668 binding=relative applied=false mode=log_only median=0.2668 n=700 k=1 floor=0.01 hardMax=15 ratio=1.05 lr=0.0481
[GRAD-CLIP] trainerStep=18703 preNorm=0.2778 cap=15.0000 decided=0.2668 binding=relative applied=false mode=log_only median=0.2668 n=702 k=1 floor=0.01 hardMax=15 ratio=1.04 lr=0.0483
[GRAD-CLIP] trainerStep=18704 preNorm=0.2867 cap=15.0000 decided=0.2668 binding=relative applied=false mode=log_only median=0.2668 n=703 k=1 floor=0.01 hardMax=15 ratio=1.07 lr=0.0484
[GRAD-CLIP] trainerStep=18705 preNorm=0.2721 cap=15.0000 decided=0.2668 binding=relative applied=false mode=log_only median=0.2668 n=704 k=1 floor=0.01 hardMax=15 ratio=1.02 lr=0.0486
[GRAD-CLIP] trainerStep=18708 preNorm=0.2759 cap=15.0000 decided=0.2668 binding=relative applied=false mode=log_only median=0.2668 n=707 k=1 floor=0.01 hardMax=15 ratio=1.03 lr=0.0489
[GRAD-CLIP] trainerStep=18711 preNorm=0.2863 cap=15.0000 decided=0.2668 binding=relative applied=false mode=log_only median=0.2668 n=710 k=1 floor=0.01 hardMax=15 ratio=1.07 lr=0.0492
[GRAD-CLIP] trainerStep=18712 preNorm=0.2800 cap=15.0000 decided=0.2668 binding=relative applied=false mode=log_only median=0.2668 n=711 k=1 floor=0.01 hardMax=15 ratio=1.05 lr=0.0493
[GRAD-CLIP] trainerStep=18713 preNorm=0.2761 cap=15.0000 decided=0.2668 binding=relative applied=false mode=log_only median=0.2668 n=712 k=1 floor=0.01 hardMax=15 ratio=1.03 lr=0.0494
[GRAD-CLIP] trainerStep=18714 preNorm=0.2846 cap=15.0000 decided=0.2668 binding=relative applied=false mode=log_only median=0.2668 n=713 k=1 floor=0.01 hardMax=15 ratio=1.07 lr=0.0495
[GRAD-CLIP] trainerStep=18715 preNorm=0.2708 cap=15.0000 decided=0.2668 binding=relative applied=false mode=log_only median=0.2668 n=714 k=1 floor=0.01 hardMax=15 ratio=1.02 lr=0.0496
[GRAD-CLIP] trainerStep=18716 preNorm=0.2686 cap=15.0000 decided=0.2668 binding=relative applied=false mode=log_only median=0.2668 n=715 k=1 floor=0.01 hardMax=15 ratio=1.01 lr=0.0497
[GRAD-CLIP] trainerStep=18717 preNorm=0.2904 cap=15.0000 decided=0.2668 binding=relative applied=false mode=log_only median=0.2668 n=716 k=1 floor=0.01 hardMax=15 ratio=1.09 lr=0.0498
[GRAD-CLIP] trainerStep=18718 preNorm=0.2762 cap=15.0000 decided=0.2668 binding=relative applied=false mode=log_only median=0.2668 n=717 k=1 floor=0.01 hardMax=15 ratio=1.04 lr=0.0499
[GRAD-CLIP] trainerStep=18719 preNorm=0.2763 cap=15.0000 decided=0.2668 binding=relative applied=false mode=log_only median=0.2668 n=718 k=1 floor=0.01 hardMax=15 ratio=1.04 lr=0.05
[GRAD-CLIP] trainerStep=18720 preNorm=0.2778 cap=15.0000 decided=0.2668 binding=relative applied=false mode=log_only median=0.2668 n=719 k=1 floor=0.01 hardMax=15 ratio=1.04 lr=0.0501
[REPLAY] step=720 loss=3.5193 pLoss=2.6980 vLoss=0.8189 pEnt=2.879 pIllM=0.0023 playedP=0.172 pW=0.46 pD=0.07 pL=0.46 vAbs=0.233 pLogitMean=-9.7996 vLogitMean=0.5946 gNorm=0.278 lr=0.0502 ms=1171.8 buf=500000 plies=6901147 games=103162 rejected=0 skipped=0 epoch=0 mom=0.8932 lrCyc[pk=9.8e-01,tr=9.9e-04] gNormMax=0.3447 clips=0 gCap=15.0000 trainerStep=18720
[LAYER-HEALTH] live trainerStep=18720 scope=batch_norm_state_only reluSites=2/10 ch=144 dead=0 off=1 alwaysOn=0 worst=value.bn(dead 0 off 1 on 0) maxBetaOverGamma=+2.06@policy.pre_bn[103] minBetaOverGamma=-2.01@value.bn[4] rvMaxOverMedian=61.0@blocks.2.bn1[31] rezero=none nonFinite=0 parkedSites=9/10 parkedCh=1040 parked=0 parkedOff=1 parkedBy=none
[GRAD-CLIP] trainerStep=18721 preNorm=0.2743 cap=15.0000 decided=0.2669 binding=relative applied=false mode=log_only median=0.2669 n=720 k=1 floor=0.01 hardMax=15 ratio=1.03 lr=0.0502
[GRAD-CLIP] trainerStep=18722 preNorm=0.2864 cap=15.0000 decided=0.2669 binding=relative applied=false mode=log_only median=0.2669 n=721 k=1 floor=0.01 hardMax=15 ratio=1.07 lr=0.0504
[GRAD-CLIP] trainerStep=18723 preNorm=0.2863 cap=15.0000 decided=0.2669 binding=relative applied=false mode=log_only median=0.2669 n=722 k=1 floor=0.01 hardMax=15 ratio=1.07 lr=0.0505
[GRAD-CLIP] trainerStep=18724 preNorm=0.2872 cap=15.0000 decided=0.2669 binding=relative applied=false mode=log_only median=0.2669 n=723 k=1 floor=0.01 hardMax=15 ratio=1.08 lr=0.0506
[GRAD-CLIP] trainerStep=18725 preNorm=0.2841 cap=15.0000 decided=0.2669 binding=relative applied=false mode=log_only median=0.2669 n=724 k=1 floor=0.01 hardMax=15 ratio=1.06 lr=0.0507
[GRAD-CLIP] trainerStep=18727 preNorm=0.2815 cap=15.0000 decided=0.2669 binding=relative applied=false mode=log_only median=0.2669 n=726 k=1 floor=0.01 hardMax=15 ratio=1.05 lr=0.0509
[GRAD-CLIP] trainerStep=18728 preNorm=0.2729 cap=15.0000 decided=0.2669 binding=relative applied=false mode=log_only median=0.2669 n=727 k=1 floor=0.01 hardMax=15 ratio=1.02 lr=0.051
[GRAD-CLIP] trainerStep=18729 preNorm=0.2734 cap=15.0000 decided=0.2669 binding=relative applied=false mode=log_only median=0.2669 n=728 k=1 floor=0.01 hardMax=15 ratio=1.02 lr=0.0511
[GRAD-CLIP] trainerStep=18730 preNorm=0.2764 cap=15.0000 decided=0.2669 binding=relative applied=false mode=log_only median=0.2669 n=729 k=1 floor=0.01 hardMax=15 ratio=1.04 lr=0.0512
[GRAD-CLIP] trainerStep=18731 preNorm=0.2706 cap=15.0000 decided=0.2670 binding=relative applied=false mode=log_only median=0.2670 n=730 k=1 floor=0.01 hardMax=15 ratio=1.01 lr=0.0513
[GRAD-CLIP] trainerStep=18732 preNorm=0.2710 cap=15.0000 decided=0.2670 binding=relative applied=false mode=log_only median=0.2670 n=731 k=1 floor=0.01 hardMax=15 ratio=1.02 lr=0.0514
[GRAD-CLIP] trainerStep=18733 preNorm=0.2730 cap=15.0000 decided=0.2670 binding=relative applied=false mode=log_only median=0.2670 n=732 k=1 floor=0.01 hardMax=15 ratio=1.02 lr=0.0516
[GRAD-CLIP] trainerStep=18737 preNorm=0.2691 cap=15.0000 decided=0.2670 binding=relative applied=false mode=log_only median=0.2670 n=736 k=1 floor=0.01 hardMax=15 ratio=1.01 lr=0.052
[GRAD-CLIP] trainerStep=18739 preNorm=0.2739 cap=15.0000 decided=0.2670 binding=relative applied=false mode=log_only median=0.2670 n=738 k=1 floor=0.01 hardMax=15 ratio=1.03 lr=0.0522
[GRAD-CLIP] trainerStep=18740 preNorm=0.2865 cap=15.0000 decided=0.2670 binding=relative applied=false mode=log_only median=0.2670 n=739 k=1 floor=0.01 hardMax=15 ratio=1.07 lr=0.0523
[GRAD-CLIP] trainerStep=18741 preNorm=0.2741 cap=15.0000 decided=0.2670 binding=relative applied=false mode=log_only median=0.2670 n=740 k=1 floor=0.01 hardMax=15 ratio=1.03 lr=0.0525
[GRAD-CLIP] trainerStep=18742 preNorm=0.2849 cap=15.0000 decided=0.2670 binding=relative applied=false mode=log_only median=0.2670 n=741 k=1 floor=0.01 hardMax=15 ratio=1.07 lr=0.0526
[GRAD-CLIP] trainerStep=18743 preNorm=0.2789 cap=15.0000 decided=0.2671 binding=relative applied=false mode=log_only median=0.2671 n=742 k=1 floor=0.01 hardMax=15 ratio=1.04 lr=0.0527
[GRAD-CLIP] trainerStep=18744 preNorm=0.2927 cap=15.0000 decided=0.2671 binding=relative applied=false mode=log_only median=0.2671 n=743 k=1 floor=0.01 hardMax=15 ratio=1.10 lr=0.0528
[GRAD-CLIP] trainerStep=18745 preNorm=0.2773 cap=15.0000 decided=0.2671 binding=relative applied=false mode=log_only median=0.2671 n=744 k=1 floor=0.01 hardMax=15 ratio=1.04 lr=0.0529
[GRAD-CLIP] trainerStep=18746 preNorm=0.2771 cap=15.0000 decided=0.2671 binding=relative applied=false mode=log_only median=0.2671 n=745 k=1 floor=0.01 hardMax=15 ratio=1.04 lr=0.053
[GRAD-CLIP] trainerStep=18747 preNorm=0.2797 cap=15.0000 decided=0.2671 binding=relative applied=false mode=log_only median=0.2671 n=746 k=1 floor=0.01 hardMax=15 ratio=1.05 lr=0.0531
[GRAD-CLIP] trainerStep=18748 preNorm=0.2778 cap=15.0000 decided=0.2672 binding=relative applied=false mode=log_only median=0.2672 n=747 k=1 floor=0.01 hardMax=15 ratio=1.04 lr=0.0532
[GRAD-CLIP] trainerStep=18749 preNorm=0.2843 cap=15.0000 decided=0.2672 binding=relative applied=false mode=log_only median=0.2672 n=748 k=1 floor=0.01 hardMax=15 ratio=1.06 lr=0.0534
[GRAD-CLIP] trainerStep=18750 preNorm=0.2812 cap=15.0000 decided=0.2672 binding=relative applied=false mode=log_only median=0.2672 n=749 k=1 floor=0.01 hardMax=15 ratio=1.05 lr=0.0535
[GRAD-CLIP] trainerStep=18751 preNorm=0.2734 cap=15.0000 decided=0.2672 binding=relative applied=false mode=log_only median=0.2672 n=750 k=1 floor=0.01 hardMax=15 ratio=1.02 lr=0.0536
[GRAD-CLIP] trainerStep=18752 preNorm=0.2733 cap=15.0000 decided=0.2672 binding=relative applied=false mode=log_only median=0.2672 n=751 k=1 floor=0.01 hardMax=15 ratio=1.02 lr=0.0537
[GRAD-CLIP] trainerStep=18753 preNorm=0.2868 cap=15.0000 decided=0.2672 binding=relative applied=false mode=log_only median=0.2672 n=752 k=1 floor=0.01 hardMax=15 ratio=1.07 lr=0.0538
[GRAD-CLIP] trainerStep=18754 preNorm=0.2776 cap=15.0000 decided=0.2673 binding=relative applied=false mode=log_only median=0.2673 n=753 k=1 floor=0.01 hardMax=15 ratio=1.04 lr=0.0539
[GRAD-CLIP] trainerStep=18755 preNorm=0.2863 cap=15.0000 decided=0.2673 binding=relative applied=false mode=log_only median=0.2673 n=754 k=1 floor=0.01 hardMax=15 ratio=1.07 lr=0.054
[GRAD-CLIP] trainerStep=18756 preNorm=0.2907 cap=15.0000 decided=0.2673 binding=relative applied=false mode=log_only median=0.2673 n=755 k=1 floor=0.01 hardMax=15 ratio=1.09 lr=0.0542
[GRAD-CLIP] trainerStep=18757 preNorm=0.2675 cap=15.0000 decided=0.2673 binding=relative applied=false mode=log_only median=0.2673 n=756 k=1 floor=0.01 hardMax=15 ratio=1.00 lr=0.0543
[GRAD-CLIP] trainerStep=18758 preNorm=0.2879 cap=15.0000 decided=0.2673 binding=relative applied=false mode=log_only median=0.2673 n=757 k=1 floor=0.01 hardMax=15 ratio=1.08 lr=0.0544
[GRAD-CLIP] trainerStep=18759 preNorm=0.2854 cap=15.0000 decided=0.2673 binding=relative applied=false mode=log_only median=0.2673 n=758 k=1 floor=0.01 hardMax=15 ratio=1.07 lr=0.0545
[GRAD-CLIP] trainerStep=18760 preNorm=0.2851 cap=15.0000 decided=0.2673 binding=relative applied=false mode=log_only median=0.2673 n=759 k=1 floor=0.01 hardMax=15 ratio=1.07 lr=0.0546
[GRAD-CLIP] trainerStep=18761 preNorm=0.2999 cap=15.0000 decided=0.2673 binding=relative applied=false mode=log_only median=0.2673 n=760 k=1 floor=0.01 hardMax=15 ratio=1.12 lr=0.0547
[GRAD-CLIP] trainerStep=18762 preNorm=0.2712 cap=15.0000 decided=0.2673 binding=relative applied=false mode=log_only median=0.2673 n=761 k=1 floor=0.01 hardMax=15 ratio=1.01 lr=0.0549
[GRAD-CLIP] trainerStep=18763 preNorm=0.2967 cap=15.0000 decided=0.2673 binding=relative applied=false mode=log_only median=0.2673 n=762 k=1 floor=0.01 hardMax=15 ratio=1.11 lr=0.055
[GRAD-CLIP] trainerStep=18764 preNorm=0.2769 cap=15.0000 decided=0.2673 binding=relative applied=false mode=log_only median=0.2673 n=763 k=1 floor=0.01 hardMax=15 ratio=1.04 lr=0.0551
[GRAD-CLIP] trainerStep=18765 preNorm=0.2966 cap=15.0000 decided=0.2674 binding=relative applied=false mode=log_only median=0.2674 n=764 k=1 floor=0.01 hardMax=15 ratio=1.11 lr=0.0552
[GRAD-CLIP] trainerStep=18766 preNorm=0.2778 cap=15.0000 decided=0.2674 binding=relative applied=false mode=log_only median=0.2674 n=765 k=1 floor=0.01 hardMax=15 ratio=1.04 lr=0.0553
[GRAD-CLIP] trainerStep=18767 preNorm=0.2684 cap=15.0000 decided=0.2674 binding=relative applied=false mode=log_only median=0.2674 n=766 k=1 floor=0.01 hardMax=15 ratio=1.00 lr=0.0555
[GRAD-CLIP] trainerStep=18768 preNorm=0.2992 cap=15.0000 decided=0.2674 binding=relative applied=false mode=log_only median=0.2674 n=767 k=1 floor=0.01 hardMax=15 ratio=1.12 lr=0.0556
[GRAD-CLIP] trainerStep=18769 preNorm=0.2788 cap=15.0000 decided=0.2674 binding=relative applied=false mode=log_only median=0.2674 n=768 k=1 floor=0.01 hardMax=15 ratio=1.04 lr=0.0557
[GRAD-CLIP] trainerStep=18770 preNorm=0.2791 cap=15.0000 decided=0.2674 binding=relative applied=false mode=log_only median=0.2674 n=769 k=1 floor=0.01 hardMax=15 ratio=1.04 lr=0.0558
[GRAD-CLIP] trainerStep=18771 preNorm=0.2731 cap=15.0000 decided=0.2674 binding=relative applied=false mode=log_only median=0.2674 n=770 k=1 floor=0.01 hardMax=15 ratio=1.02 lr=0.0559
[GRAD-CLIP] trainerStep=18772 preNorm=0.2842 cap=15.0000 decided=0.2675 binding=relative applied=false mode=log_only median=0.2675 n=771 k=1 floor=0.01 hardMax=15 ratio=1.06 lr=0.056
[GRAD-CLIP] trainerStep=18773 preNorm=0.2792 cap=15.0000 decided=0.2675 binding=relative applied=false mode=log_only median=0.2675 n=772 k=1 floor=0.01 hardMax=15 ratio=1.04 lr=0.0562
[GRAD-CLIP] trainerStep=18774 preNorm=0.2701 cap=15.0000 decided=0.2675 binding=relative applied=false mode=log_only median=0.2675 n=773 k=1 floor=0.01 hardMax=15 ratio=1.01 lr=0.0563
[GRAD-CLIP] trainerStep=18775 preNorm=0.2703 cap=15.0000 decided=0.2675 binding=relative applied=false mode=log_only median=0.2675 n=774 k=1 floor=0.01 hardMax=15 ratio=1.01 lr=0.0564
[GRAD-CLIP] trainerStep=18776 preNorm=0.2864 cap=15.0000 decided=0.2675 binding=relative applied=false mode=log_only median=0.2675 n=775 k=1 floor=0.01 hardMax=15 ratio=1.07 lr=0.0565
[GRAD-CLIP] trainerStep=18777 preNorm=0.2754 cap=15.0000 decided=0.2675 binding=relative applied=false mode=log_only median=0.2675 n=776 k=1 floor=0.01 hardMax=15 ratio=1.03 lr=0.0566
[GRAD-CLIP] trainerStep=18778 preNorm=0.2893 cap=15.0000 decided=0.2675 binding=relative applied=false mode=log_only median=0.2675 n=777 k=1 floor=0.01 hardMax=15 ratio=1.08 lr=0.0568
[GRAD-CLIP] trainerStep=18779 preNorm=0.2801 cap=15.0000 decided=0.2675 binding=relative applied=false mode=log_only median=0.2675 n=778 k=1 floor=0.01 hardMax=15 ratio=1.05 lr=0.0569
[GRAD-CLIP] trainerStep=18782 preNorm=0.2892 cap=15.0000 decided=0.2675 binding=relative applied=false mode=log_only median=0.2675 n=781 k=1 floor=0.01 hardMax=15 ratio=1.08 lr=0.0573
[GRAD-CLIP] trainerStep=18783 preNorm=0.2823 cap=15.0000 decided=0.2675 binding=relative applied=false mode=log_only median=0.2675 n=782 k=1 floor=0.01 hardMax=15 ratio=1.06 lr=0.0574
[GRAD-CLIP] trainerStep=18784 preNorm=0.3088 cap=15.0000 decided=0.2675 binding=relative applied=false mode=log_only median=0.2675 n=783 k=1 floor=0.01 hardMax=15 ratio=1.15 lr=0.0575
[GRAD-CLIP] trainerStep=18785 preNorm=0.2748 cap=15.0000 decided=0.2675 binding=relative applied=false mode=log_only median=0.2675 n=784 k=1 floor=0.01 hardMax=15 ratio=1.03 lr=0.0576
[GRAD-CLIP] trainerStep=18786 preNorm=0.2754 cap=15.0000 decided=0.2675 binding=relative applied=false mode=log_only median=0.2675 n=785 k=1 floor=0.01 hardMax=15 ratio=1.03 lr=0.0577
[GRAD-CLIP] trainerStep=18787 preNorm=0.2894 cap=15.0000 decided=0.2675 binding=relative applied=false mode=log_only median=0.2675 n=786 k=1 floor=0.01 hardMax=15 ratio=1.08 lr=0.0579
[GRAD-CLIP] trainerStep=18788 preNorm=0.2717 cap=15.0000 decided=0.2675 binding=relative applied=false mode=log_only median=0.2675 n=787 k=1 floor=0.01 hardMax=15 ratio=1.02 lr=0.058
[GRAD-CLIP] trainerStep=18789 preNorm=0.2871 cap=15.0000 decided=0.2675 binding=relative applied=false mode=log_only median=0.2675 n=788 k=1 floor=0.01 hardMax=15 ratio=1.07 lr=0.0581
[GRAD-CLIP] trainerStep=18790 preNorm=0.2834 cap=15.0000 decided=0.2675 binding=relative applied=false mode=log_only median=0.2675 n=789 k=1 floor=0.01 hardMax=15 ratio=1.06 lr=0.0582
[GRAD-CLIP] trainerStep=18791 preNorm=0.2758 cap=15.0000 decided=0.2675 binding=relative applied=false mode=log_only median=0.2675 n=790 k=1 floor=0.01 hardMax=15 ratio=1.03 lr=0.0584
[GRAD-CLIP] trainerStep=18792 preNorm=0.2760 cap=15.0000 decided=0.2675 binding=relative applied=false mode=log_only median=0.2675 n=791 k=1 floor=0.01 hardMax=15 ratio=1.03 lr=0.0585
[GRAD-CLIP] trainerStep=18793 preNorm=0.2751 cap=15.0000 decided=0.2675 binding=relative applied=false mode=log_only median=0.2675 n=792 k=1 floor=0.01 hardMax=15 ratio=1.03 lr=0.0586
[GRAD-CLIP] trainerStep=18795 preNorm=0.2677 cap=15.0000 decided=0.2675 binding=relative applied=false mode=log_only median=0.2675 n=794 k=1 floor=0.01 hardMax=15 ratio=1.00 lr=0.0589
[GRAD-CLIP] trainerStep=18796 preNorm=0.2971 cap=15.0000 decided=0.2676 binding=relative applied=false mode=log_only median=0.2676 n=795 k=1 floor=0.01 hardMax=15 ratio=1.11 lr=0.059
[GRAD-CLIP] trainerStep=18797 preNorm=0.2906 cap=15.0000 decided=0.2676 binding=relative applied=false mode=log_only median=0.2676 n=796 k=1 floor=0.01 hardMax=15 ratio=1.09 lr=0.0591
[GRAD-CLIP] trainerStep=18798 preNorm=0.2746 cap=15.0000 decided=0.2676 binding=relative applied=false mode=log_only median=0.2676 n=797 k=1 floor=0.01 hardMax=15 ratio=1.03 lr=0.0592
[GRAD-CLIP] trainerStep=18799 preNorm=0.2721 cap=15.0000 decided=0.2676 binding=relative applied=false mode=log_only median=0.2676 n=798 k=1 floor=0.01 hardMax=15 ratio=1.02 lr=0.0594
[GRAD-CLIP] trainerStep=18800 preNorm=0.2751 cap=15.0000 decided=0.2676 binding=relative applied=false mode=log_only median=0.2676 n=799 k=1 floor=0.01 hardMax=15 ratio=1.03 lr=0.0595
[GRAD-CLIP] trainerStep=18801 preNorm=0.3147 cap=15.0000 decided=0.2676 binding=relative applied=false mode=log_only median=0.2676 n=800 k=1 floor=0.01 hardMax=15 ratio=1.18 lr=0.0596
[GRAD-CLIP] trainerStep=18802 preNorm=0.2902 cap=15.0000 decided=0.2676 binding=relative applied=false mode=log_only median=0.2676 n=801 k=1 floor=0.01 hardMax=15 ratio=1.08 lr=0.0597
[GRAD-CLIP] trainerStep=18803 preNorm=0.2919 cap=15.0000 decided=0.2677 binding=relative applied=false mode=log_only median=0.2677 n=802 k=1 floor=0.01 hardMax=15 ratio=1.09 lr=0.0599
[GRAD-CLIP] trainerStep=18804 preNorm=0.2682 cap=15.0000 decided=0.2677 binding=relative applied=false mode=log_only median=0.2677 n=803 k=1 floor=0.01 hardMax=15 ratio=1.00 lr=0.06
[GRAD-CLIP] trainerStep=18805 preNorm=0.2718 cap=15.0000 decided=0.2677 binding=relative applied=false mode=log_only median=0.2677 n=804 k=1 floor=0.01 hardMax=15 ratio=1.02 lr=0.0601
[GRAD-CLIP] trainerStep=18806 preNorm=0.2932 cap=15.0000 decided=0.2677 binding=relative applied=false mode=log_only median=0.2677 n=805 k=1 floor=0.01 hardMax=15 ratio=1.10 lr=0.0603
[GRAD-CLIP] trainerStep=18807 preNorm=0.2827 cap=15.0000 decided=0.2678 binding=relative applied=false mode=log_only median=0.2678 n=806 k=1 floor=0.01 hardMax=15 ratio=1.06 lr=0.0604
[GRAD-CLIP] trainerStep=18809 preNorm=0.3068 cap=15.0000 decided=0.2678 binding=relative applied=false mode=log_only median=0.2678 n=808 k=1 floor=0.01 hardMax=15 ratio=1.15 lr=0.0606
[GRAD-CLIP] trainerStep=18810 preNorm=0.2947 cap=15.0000 decided=0.2678 binding=relative applied=false mode=log_only median=0.2678 n=809 k=1 floor=0.01 hardMax=15 ratio=1.10 lr=0.0608
[GRAD-CLIP] trainerStep=18811 preNorm=0.2802 cap=15.0000 decided=0.2678 binding=relative applied=false mode=log_only median=0.2678 n=810 k=1 floor=0.01 hardMax=15 ratio=1.05 lr=0.0609
[GRAD-CLIP] trainerStep=18812 preNorm=0.2769 cap=15.0000 decided=0.2678 binding=relative applied=false mode=log_only median=0.2678 n=811 k=1 floor=0.01 hardMax=15 ratio=1.03 lr=0.061
[GRAD-CLIP] trainerStep=18813 preNorm=0.2751 cap=15.0000 decided=0.2679 binding=relative applied=false mode=log_only median=0.2679 n=812 k=1 floor=0.01 hardMax=15 ratio=1.03 lr=0.0612
[GRAD-CLIP] trainerStep=18815 preNorm=0.3032 cap=15.0000 decided=0.2679 binding=relative applied=false mode=log_only median=0.2679 n=814 k=1 floor=0.01 hardMax=15 ratio=1.13 lr=0.0614
[GRAD-CLIP] trainerStep=18816 preNorm=0.3048 cap=15.0000 decided=0.2679 binding=relative applied=false mode=log_only median=0.2679 n=815 k=1 floor=0.01 hardMax=15 ratio=1.14 lr=0.0616
[GRAD-CLIP] trainerStep=18817 preNorm=0.3103 cap=15.0000 decided=0.2679 binding=relative applied=false mode=log_only median=0.2679 n=816 k=1 floor=0.01 hardMax=15 ratio=1.16 lr=0.0617
[GRAD-CLIP] trainerStep=18818 preNorm=0.2749 cap=15.0000 decided=0.2680 binding=relative applied=false mode=log_only median=0.2680 n=817 k=1 floor=0.01 hardMax=15 ratio=1.03 lr=0.0618
[GRAD-CLIP] trainerStep=18819 preNorm=0.2899 cap=15.0000 decided=0.2680 binding=relative applied=false mode=log_only median=0.2680 n=818 k=1 floor=0.01 hardMax=15 ratio=1.08 lr=0.0619
[GRAD-CLIP] trainerStep=18820 preNorm=0.2990 cap=15.0000 decided=0.2681 binding=relative applied=false mode=log_only median=0.2681 n=819 k=1 floor=0.01 hardMax=15 ratio=1.12 lr=0.0621
[GRAD-CLIP] trainerStep=18821 preNorm=0.2913 cap=15.0000 decided=0.2681 binding=relative applied=false mode=log_only median=0.2681 n=820 k=1 floor=0.01 hardMax=15 ratio=1.09 lr=0.0622
[GRAD-CLIP] trainerStep=18822 preNorm=0.2859 cap=15.0000 decided=0.2682 binding=relative applied=false mode=log_only median=0.2682 n=821 k=1 floor=0.01 hardMax=15 ratio=1.07 lr=0.0623
[GRAD-CLIP] trainerStep=18823 preNorm=0.3165 cap=15.0000 decided=0.2682 binding=relative applied=false mode=log_only median=0.2682 n=822 k=1 floor=0.01 hardMax=15 ratio=1.18 lr=0.0625
[GRAD-CLIP] trainerStep=18824 preNorm=0.2758 cap=15.0000 decided=0.2682 binding=relative applied=false mode=log_only median=0.2682 n=823 k=1 floor=0.01 hardMax=15 ratio=1.03 lr=0.0626
[GRAD-CLIP] trainerStep=18825 preNorm=0.2944 cap=15.0000 decided=0.2682 binding=relative applied=false mode=log_only median=0.2682 n=824 k=1 floor=0.01 hardMax=15 ratio=1.10 lr=0.0627
[GRAD-CLIP] trainerStep=18826 preNorm=0.2824 cap=15.0000 decided=0.2682 binding=relative applied=false mode=log_only median=0.2682 n=825 k=1 floor=0.01 hardMax=15 ratio=1.05 lr=0.0629
[GRAD-CLIP] trainerStep=18827 preNorm=0.3456 cap=15.0000 decided=0.2682 binding=relative applied=false mode=log_only median=0.2682 n=826 k=1 floor=0.01 hardMax=15 ratio=1.29 lr=0.063
[GRAD-CLIP] trainerStep=18828 preNorm=0.3130 cap=15.0000 decided=0.2682 binding=relative applied=false mode=log_only median=0.2682 n=827 k=1 floor=0.01 hardMax=15 ratio=1.17 lr=0.0631
[GRAD-CLIP] trainerStep=18829 preNorm=0.2867 cap=15.0000 decided=0.2683 binding=relative applied=false mode=log_only median=0.2683 n=828 k=1 floor=0.01 hardMax=15 ratio=1.07 lr=0.0633
[GRAD-CLIP] trainerStep=18830 preNorm=0.2804 cap=15.0000 decided=0.2683 binding=relative applied=false mode=log_only median=0.2683 n=829 k=1 floor=0.01 hardMax=15 ratio=1.05 lr=0.0634
[REPLAY] step=830 loss=3.4942 pLoss=2.6970 vLoss=0.7947 pEnt=2.878 pIllM=0.0025 playedP=0.171 pW=0.46 pD=0.07 pL=0.47 vAbs=0.250 pLogitMean=-9.7883 vLogitMean=0.5954 gNorm=0.280 lr=0.0635 ms=1268.6 buf=500000 plies=7839769 games=117219 rejected=0 skipped=0 epoch=0 mom=0.8898 lrCyc[pk=9.8e-01,tr=9.9e-04] gNormMax=0.3456 clips=0 gCap=15.0000 trainerStep=18830
[LAYER-HEALTH] live trainerStep=18830 scope=batch_norm_state_only reluSites=2/10 ch=144 dead=0 off=0 alwaysOn=0 worst=none maxBetaOverGamma=+2.05@policy.pre_bn[103] minBetaOverGamma=-2.00@value.bn[9] rvMaxOverMedian=61.3@blocks.2.bn1[31] rezero=none nonFinite=0 parkedSites=9/10 parkedCh=1040 parked=0 parkedOff=0 parkedBy=none
[GRAD-CLIP] trainerStep=18831 preNorm=0.3368 cap=15.0000 decided=0.2683 binding=relative applied=false mode=log_only median=0.2683 n=830 k=1 floor=0.01 hardMax=15 ratio=1.26 lr=0.0635
[GRAD-CLIP] trainerStep=18832 preNorm=0.3026 cap=15.0000 decided=0.2684 binding=relative applied=false mode=log_only median=0.2684 n=831 k=1 floor=0.01 hardMax=15 ratio=1.13 lr=0.0637
[GRAD-CLIP] trainerStep=18833 preNorm=0.2992 cap=15.0000 decided=0.2684 binding=relative applied=false mode=log_only median=0.2684 n=832 k=1 floor=0.01 hardMax=15 ratio=1.11 lr=0.0638
[GRAD-CLIP] trainerStep=18834 preNorm=0.2730 cap=15.0000 decided=0.2684 binding=relative applied=false mode=log_only median=0.2684 n=833 k=1 floor=0.01 hardMax=15 ratio=1.02 lr=0.0639
[GRAD-CLIP] trainerStep=18835 preNorm=0.2789 cap=15.0000 decided=0.2684 binding=relative applied=false mode=log_only median=0.2684 n=834 k=1 floor=0.01 hardMax=15 ratio=1.04 lr=0.0641
[GRAD-CLIP] trainerStep=18836 preNorm=0.2836 cap=15.0000 decided=0.2684 binding=relative applied=false mode=log_only median=0.2684 n=835 k=1 floor=0.01 hardMax=15 ratio=1.06 lr=0.0642
[GRAD-CLIP] trainerStep=18837 preNorm=0.3058 cap=15.0000 decided=0.2685 binding=relative applied=false mode=log_only median=0.2685 n=836 k=1 floor=0.01 hardMax=15 ratio=1.14 lr=0.0644
[GRAD-CLIP] trainerStep=18838 preNorm=0.2925 cap=15.0000 decided=0.2685 binding=relative applied=false mode=log_only median=0.2685 n=837 k=1 floor=0.01 hardMax=15 ratio=1.09 lr=0.0645
[GRAD-CLIP] trainerStep=18839 preNorm=0.2738 cap=15.0000 decided=0.2685 binding=relative applied=false mode=log_only median=0.2685 n=838 k=1 floor=0.01 hardMax=15 ratio=1.02 lr=0.0646
[GRAD-CLIP] trainerStep=18841 preNorm=0.2761 cap=15.0000 decided=0.2685 binding=relative applied=false mode=log_only median=0.2685 n=840 k=1 floor=0.01 hardMax=15 ratio=1.03 lr=0.0649
[GRAD-CLIP] trainerStep=18842 preNorm=0.2700 cap=15.0000 decided=0.2685 binding=relative applied=false mode=log_only median=0.2685 n=841 k=1 floor=0.01 hardMax=15 ratio=1.01 lr=0.065
[GRAD-CLIP] trainerStep=18843 preNorm=0.3031 cap=15.0000 decided=0.2685 binding=relative applied=false mode=log_only median=0.2685 n=842 k=1 floor=0.01 hardMax=15 ratio=1.13 lr=0.0652
[GRAD-CLIP] trainerStep=18844 preNorm=0.2993 cap=15.0000 decided=0.2686 binding=relative applied=false mode=log_only median=0.2686 n=843 k=1 floor=0.01 hardMax=15 ratio=1.11 lr=0.0653
[GRAD-CLIP] trainerStep=18846 preNorm=0.2778 cap=15.0000 decided=0.2686 binding=relative applied=false mode=log_only median=0.2686 n=845 k=1 floor=0.01 hardMax=15 ratio=1.03 lr=0.0656
[GRAD-CLIP] trainerStep=18847 preNorm=0.3095 cap=15.0000 decided=0.2686 binding=relative applied=false mode=log_only median=0.2686 n=846 k=1 floor=0.01 hardMax=15 ratio=1.15 lr=0.0657
[GRAD-CLIP] trainerStep=18848 preNorm=0.2740 cap=15.0000 decided=0.2686 binding=relative applied=false mode=log_only median=0.2686 n=847 k=1 floor=0.01 hardMax=15 ratio=1.02 lr=0.0659
[GRAD-CLIP] trainerStep=18849 preNorm=0.2895 cap=15.0000 decided=0.2686 binding=relative applied=false mode=log_only median=0.2686 n=848 k=1 floor=0.01 hardMax=15 ratio=1.08 lr=0.066
[GRAD-CLIP] trainerStep=18850 preNorm=0.2692 cap=15.0000 decided=0.2686 binding=relative applied=false mode=log_only median=0.2686 n=849 k=1 floor=0.01 hardMax=15 ratio=1.00 lr=0.0662
[GRAD-CLIP] trainerStep=18851 preNorm=0.2800 cap=15.0000 decided=0.2686 binding=relative applied=false mode=log_only median=0.2686 n=850 k=1 floor=0.01 hardMax=15 ratio=1.04 lr=0.0663
[GRAD-CLIP] trainerStep=18852 preNorm=0.3022 cap=15.0000 decided=0.2686 binding=relative applied=false mode=log_only median=0.2686 n=851 k=1 floor=0.01 hardMax=15 ratio=1.12 lr=0.0664
[GRAD-CLIP] trainerStep=18853 preNorm=0.2898 cap=15.0000 decided=0.2687 binding=relative applied=false mode=log_only median=0.2687 n=852 k=1 floor=0.01 hardMax=15 ratio=1.08 lr=0.0666
[GRAD-CLIP] trainerStep=18854 preNorm=0.2754 cap=15.0000 decided=0.2687 binding=relative applied=false mode=log_only median=0.2687 n=853 k=1 floor=0.01 hardMax=15 ratio=1.02 lr=0.0667
[GRAD-CLIP] trainerStep=18855 preNorm=0.2702 cap=15.0000 decided=0.2687 binding=relative applied=false mode=log_only median=0.2687 n=854 k=1 floor=0.01 hardMax=15 ratio=1.01 lr=0.0669
[GRAD-CLIP] trainerStep=18856 preNorm=0.3053 cap=15.0000 decided=0.2687 binding=relative applied=false mode=log_only median=0.2687 n=855 k=1 floor=0.01 hardMax=15 ratio=1.14 lr=0.067
[GRAD-CLIP] trainerStep=18857 preNorm=0.2785 cap=15.0000 decided=0.2687 binding=relative applied=false mode=log_only median=0.2687 n=856 k=1 floor=0.01 hardMax=15 ratio=1.04 lr=0.0671
[GRAD-CLIP] trainerStep=18858 preNorm=0.3003 cap=15.0000 decided=0.2688 binding=relative applied=false mode=log_only median=0.2688 n=857 k=1 floor=0.01 hardMax=15 ratio=1.12 lr=0.0673
[GRAD-CLIP] trainerStep=18859 preNorm=0.2858 cap=15.0000 decided=0.2688 binding=relative applied=false mode=log_only median=0.2688 n=858 k=1 floor=0.01 hardMax=15 ratio=1.06 lr=0.0674
[GRAD-CLIP] trainerStep=18860 preNorm=0.2731 cap=15.0000 decided=0.2688 binding=relative applied=false mode=log_only median=0.2688 n=859 k=1 floor=0.01 hardMax=15 ratio=1.02 lr=0.0676
[GRAD-CLIP] trainerStep=18861 preNorm=0.2933 cap=15.0000 decided=0.2688 binding=relative applied=false mode=log_only median=0.2688 n=860 k=1 floor=0.01 hardMax=15 ratio=1.09 lr=0.0677
[GRAD-CLIP] trainerStep=18862 preNorm=0.2934 cap=15.0000 decided=0.2689 binding=relative applied=false mode=log_only median=0.2689 n=861 k=1 floor=0.01 hardMax=15 ratio=1.09 lr=0.0679
[GRAD-CLIP] trainerStep=18863 preNorm=0.2774 cap=15.0000 decided=0.2690 binding=relative applied=false mode=log_only median=0.2690 n=862 k=1 floor=0.01 hardMax=15 ratio=1.03 lr=0.068
[GRAD-CLIP] trainerStep=18864 preNorm=0.2957 cap=15.0000 decided=0.2690 binding=relative applied=false mode=log_only median=0.2690 n=863 k=1 floor=0.01 hardMax=15 ratio=1.10 lr=0.0681
[GRAD-CLIP] trainerStep=18865 preNorm=0.2738 cap=15.0000 decided=0.2691 binding=relative applied=false mode=log_only median=0.2691 n=864 k=1 floor=0.01 hardMax=15 ratio=1.02 lr=0.0683
[GRAD-CLIP] trainerStep=18866 preNorm=0.3012 cap=15.0000 decided=0.2691 binding=relative applied=false mode=log_only median=0.2691 n=865 k=1 floor=0.01 hardMax=15 ratio=1.12 lr=0.0684
[GRAD-CLIP] trainerStep=18867 preNorm=0.2782 cap=15.0000 decided=0.2691 binding=relative applied=false mode=log_only median=0.2691 n=866 k=1 floor=0.01 hardMax=15 ratio=1.03 lr=0.0686
[GRAD-CLIP] trainerStep=18868 preNorm=0.2980 cap=15.0000 decided=0.2691 binding=relative applied=false mode=log_only median=0.2691 n=867 k=1 floor=0.01 hardMax=15 ratio=1.11 lr=0.0687
[GRAD-CLIP] trainerStep=18869 preNorm=0.2816 cap=15.0000 decided=0.2691 binding=relative applied=false mode=log_only median=0.2691 n=868 k=1 floor=0.01 hardMax=15 ratio=1.05 lr=0.0689
[GRAD-CLIP] trainerStep=18871 preNorm=0.2747 cap=15.0000 decided=0.2691 binding=relative applied=false mode=log_only median=0.2691 n=870 k=1 floor=0.01 hardMax=15 ratio=1.02 lr=0.0692
[GRAD-CLIP] trainerStep=18872 preNorm=0.2881 cap=15.0000 decided=0.2692 binding=relative applied=false mode=log_only median=0.2692 n=871 k=1 floor=0.01 hardMax=15 ratio=1.07 lr=0.0693
[GRAD-CLIP] trainerStep=18875 preNorm=0.2784 cap=15.0000 decided=0.2691 binding=relative applied=false mode=log_only median=0.2691 n=874 k=1 floor=0.01 hardMax=15 ratio=1.03 lr=0.0697
[GRAD-CLIP] trainerStep=18877 preNorm=0.2719 cap=15.0000 decided=0.2691 binding=relative applied=false mode=log_only median=0.2691 n=876 k=1 floor=0.01 hardMax=15 ratio=1.01 lr=0.07
[GRAD-CLIP] trainerStep=18878 preNorm=0.2882 cap=15.0000 decided=0.2692 binding=relative applied=false mode=log_only median=0.2692 n=877 k=1 floor=0.01 hardMax=15 ratio=1.07 lr=0.0702
[GRAD-CLIP] trainerStep=18879 preNorm=0.2715 cap=15.0000 decided=0.2692 binding=relative applied=false mode=log_only median=0.2692 n=878 k=1 floor=0.01 hardMax=15 ratio=1.01 lr=0.0703
[GRAD-CLIP] trainerStep=18880 preNorm=0.2706 cap=15.0000 decided=0.2692 binding=relative applied=false mode=log_only median=0.2692 n=879 k=1 floor=0.01 hardMax=15 ratio=1.01 lr=0.0705
[GRAD-CLIP] trainerStep=18881 preNorm=0.2822 cap=15.0000 decided=0.2692 binding=relative applied=false mode=log_only median=0.2692 n=880 k=1 floor=0.01 hardMax=15 ratio=1.05 lr=0.0706
[GRAD-CLIP] trainerStep=18882 preNorm=0.2927 cap=15.0000 decided=0.2693 binding=relative applied=false mode=log_only median=0.2693 n=881 k=1 floor=0.01 hardMax=15 ratio=1.09 lr=0.0708
[GRAD-CLIP] trainerStep=18883 preNorm=0.2784 cap=15.0000 decided=0.2693 binding=relative applied=false mode=log_only median=0.2693 n=882 k=1 floor=0.01 hardMax=15 ratio=1.03 lr=0.0709
[GRAD-CLIP] trainerStep=18884 preNorm=0.2743 cap=15.0000 decided=0.2693 binding=relative applied=false mode=log_only median=0.2693 n=883 k=1 floor=0.01 hardMax=15 ratio=1.02 lr=0.0711
[GRAD-CLIP] trainerStep=18885 preNorm=0.2733 cap=15.0000 decided=0.2693 binding=relative applied=false mode=log_only median=0.2693 n=884 k=1 floor=0.01 hardMax=15 ratio=1.01 lr=0.0712
[GRAD-CLIP] trainerStep=18886 preNorm=0.2772 cap=15.0000 decided=0.2693 binding=relative applied=false mode=log_only median=0.2693 n=885 k=1 floor=0.01 hardMax=15 ratio=1.03 lr=0.0714
[GRAD-CLIP] trainerStep=18887 preNorm=0.2712 cap=15.0000 decided=0.2693 binding=relative applied=false mode=log_only median=0.2693 n=886 k=1 floor=0.01 hardMax=15 ratio=1.01 lr=0.0715
[GRAD-CLIP] trainerStep=18888 preNorm=0.2734 cap=15.0000 decided=0.2693 binding=relative applied=false mode=log_only median=0.2693 n=887 k=1 floor=0.01 hardMax=15 ratio=1.01 lr=0.0717
[GRAD-CLIP] trainerStep=18889 preNorm=0.2827 cap=15.0000 decided=0.2694 binding=relative applied=false mode=log_only median=0.2694 n=888 k=1 floor=0.01 hardMax=15 ratio=1.05 lr=0.0718
[GRAD-CLIP] trainerStep=18890 preNorm=0.2808 cap=15.0000 decided=0.2695 binding=relative applied=false mode=log_only median=0.2695 n=889 k=1 floor=0.01 hardMax=15 ratio=1.04 lr=0.072
[GRAD-CLIP] trainerStep=18891 preNorm=0.2727 cap=15.0000 decided=0.2695 binding=relative applied=false mode=log_only median=0.2695 n=890 k=1 floor=0.01 hardMax=15 ratio=1.01 lr=0.0721
[GRAD-CLIP] trainerStep=18892 preNorm=0.2727 cap=15.0000 decided=0.2695 binding=relative applied=false mode=log_only median=0.2695 n=891 k=1 floor=0.01 hardMax=15 ratio=1.01 lr=0.0723
[GRAD-CLIP] trainerStep=18893 preNorm=0.2701 cap=15.0000 decided=0.2695 binding=relative applied=false mode=log_only median=0.2695 n=892 k=1 floor=0.01 hardMax=15 ratio=1.00 lr=0.0724
[GRAD-CLIP] trainerStep=18894 preNorm=0.2711 cap=15.0000 decided=0.2695 binding=relative applied=false mode=log_only median=0.2695 n=893 k=1 floor=0.01 hardMax=15 ratio=1.01 lr=0.0726
[GRAD-CLIP] trainerStep=18895 preNorm=0.2709 cap=15.0000 decided=0.2695 binding=relative applied=false mode=log_only median=0.2695 n=894 k=1 floor=0.01 hardMax=15 ratio=1.00 lr=0.0727
[GRAD-CLIP] trainerStep=18896 preNorm=0.2715 cap=15.0000 decided=0.2696 binding=relative applied=false mode=log_only median=0.2696 n=895 k=1 floor=0.01 hardMax=15 ratio=1.01 lr=0.0729
[GRAD-CLIP] trainerStep=18897 preNorm=0.2775 cap=15.0000 decided=0.2696 binding=relative applied=false mode=log_only median=0.2696 n=896 k=1 floor=0.01 hardMax=15 ratio=1.03 lr=0.073
[GRAD-CLIP] trainerStep=18898 preNorm=0.2779 cap=15.0000 decided=0.2696 binding=relative applied=false mode=log_only median=0.2696 n=897 k=1 floor=0.01 hardMax=15 ratio=1.03 lr=0.0732
[GRAD-CLIP] trainerStep=18899 preNorm=0.2905 cap=15.0000 decided=0.2696 binding=relative applied=false mode=log_only median=0.2696 n=898 k=1 floor=0.01 hardMax=15 ratio=1.08 lr=0.0733
[GRAD-CLIP] trainerStep=18901 preNorm=0.2752 cap=15.0000 decided=0.2696 binding=relative applied=false mode=log_only median=0.2696 n=900 k=1 floor=0.01 hardMax=15 ratio=1.02 lr=0.0737
[GRAD-CLIP] trainerStep=18902 preNorm=0.2776 cap=15.0000 decided=0.2697 binding=relative applied=false mode=log_only median=0.2697 n=901 k=1 floor=0.01 hardMax=15 ratio=1.03 lr=0.0738
[GRAD-CLIP] trainerStep=18903 preNorm=0.2776 cap=15.0000 decided=0.2697 binding=relative applied=false mode=log_only median=0.2697 n=902 k=1 floor=0.01 hardMax=15 ratio=1.03 lr=0.074
[GRAD-CLIP] trainerStep=18904 preNorm=0.2716 cap=15.0000 decided=0.2697 binding=relative applied=false mode=log_only median=0.2697 n=903 k=1 floor=0.01 hardMax=15 ratio=1.01 lr=0.0741
[GRAD-CLIP] trainerStep=18905 preNorm=0.2912 cap=15.0000 decided=0.2697 binding=relative applied=false mode=log_only median=0.2697 n=904 k=1 floor=0.01 hardMax=15 ratio=1.08 lr=0.0743
[GRAD-CLIP] trainerStep=18906 preNorm=0.2767 cap=15.0000 decided=0.2697 binding=relative applied=false mode=log_only median=0.2697 n=905 k=1 floor=0.01 hardMax=15 ratio=1.03 lr=0.0744
[GRAD-CLIP] trainerStep=18908 preNorm=0.2916 cap=15.0000 decided=0.2697 binding=relative applied=false mode=log_only median=0.2697 n=907 k=1 floor=0.01 hardMax=15 ratio=1.08 lr=0.0747
[GRAD-CLIP] trainerStep=18910 preNorm=0.2846 cap=15.0000 decided=0.2697 binding=relative applied=false mode=log_only median=0.2697 n=909 k=1 floor=0.01 hardMax=15 ratio=1.05 lr=0.0751
[GRAD-CLIP] trainerStep=18911 preNorm=0.2903 cap=15.0000 decided=0.2698 binding=relative applied=false mode=log_only median=0.2698 n=910 k=1 floor=0.01 hardMax=15 ratio=1.08 lr=0.0752
[GRAD-CLIP] trainerStep=18912 preNorm=0.2704 cap=15.0000 decided=0.2698 binding=relative applied=false mode=log_only median=0.2698 n=911 k=1 floor=0.01 hardMax=15 ratio=1.00 lr=0.0754
[GRAD-CLIP] trainerStep=18913 preNorm=0.3048 cap=15.0000 decided=0.2698 binding=relative applied=false mode=log_only median=0.2698 n=912 k=1 floor=0.01 hardMax=15 ratio=1.13 lr=0.0755
[GRAD-CLIP] trainerStep=18914 preNorm=0.2853 cap=15.0000 decided=0.2698 binding=relative applied=false mode=log_only median=0.2698 n=913 k=1 floor=0.01 hardMax=15 ratio=1.06 lr=0.0757
[GRAD-CLIP] trainerStep=18915 preNorm=0.2981 cap=15.0000 decided=0.2698 binding=relative applied=false mode=log_only median=0.2698 n=914 k=1 floor=0.01 hardMax=15 ratio=1.10 lr=0.0759
[GRAD-CLIP] trainerStep=18917 preNorm=0.2767 cap=15.0000 decided=0.2698 binding=relative applied=false mode=log_only median=0.2698 n=916 k=1 floor=0.01 hardMax=15 ratio=1.03 lr=0.0762
[GRAD-CLIP] trainerStep=18918 preNorm=0.3274 cap=15.0000 decided=0.2698 binding=relative applied=false mode=log_only median=0.2698 n=917 k=1 floor=0.01 hardMax=15 ratio=1.21 lr=0.0763
[GRAD-CLIP] trainerStep=18919 preNorm=0.2752 cap=15.0000 decided=0.2698 binding=relative applied=false mode=log_only median=0.2698 n=918 k=1 floor=0.01 hardMax=15 ratio=1.02 lr=0.0765
[GRAD-CLIP] trainerStep=18920 preNorm=0.2859 cap=15.0000 decided=0.2698 binding=relative applied=false mode=log_only median=0.2698 n=919 k=1 floor=0.01 hardMax=15 ratio=1.06 lr=0.0766
[GRAD-CLIP] trainerStep=18921 preNorm=0.2805 cap=15.0000 decided=0.2699 binding=relative applied=false mode=log_only median=0.2699 n=920 k=1 floor=0.01 hardMax=15 ratio=1.04 lr=0.0768
[GRAD-CLIP] trainerStep=18922 preNorm=0.2763 cap=15.0000 decided=0.2700 binding=relative applied=false mode=log_only median=0.2700 n=921 k=1 floor=0.01 hardMax=15 ratio=1.02 lr=0.077
[GRAD-CLIP] trainerStep=18923 preNorm=0.3030 cap=15.0000 decided=0.2700 binding=relative applied=false mode=log_only median=0.2700 n=922 k=1 floor=0.01 hardMax=15 ratio=1.12 lr=0.0771
[GRAD-CLIP] trainerStep=18924 preNorm=0.2910 cap=15.0000 decided=0.2700 binding=relative applied=false mode=log_only median=0.2700 n=923 k=1 floor=0.01 hardMax=15 ratio=1.08 lr=0.0773
[GRAD-CLIP] trainerStep=18925 preNorm=0.2870 cap=15.0000 decided=0.2701 binding=relative applied=false mode=log_only median=0.2701 n=924 k=1 floor=0.01 hardMax=15 ratio=1.06 lr=0.0775
[GRAD-CLIP] trainerStep=18926 preNorm=0.2852 cap=15.0000 decided=0.2701 binding=relative applied=false mode=log_only median=0.2701 n=925 k=1 floor=0.01 hardMax=15 ratio=1.06 lr=0.0776
[GRAD-CLIP] trainerStep=18927 preNorm=0.2799 cap=15.0000 decided=0.2701 binding=relative applied=false mode=log_only median=0.2701 n=926 k=1 floor=0.01 hardMax=15 ratio=1.04 lr=0.0778
[GRAD-CLIP] trainerStep=18928 preNorm=0.2703 cap=15.0000 decided=0.2701 binding=relative applied=false mode=log_only median=0.2701 n=927 k=1 floor=0.01 hardMax=15 ratio=1.00 lr=0.0779
[GRAD-CLIP] trainerStep=18929 preNorm=0.2908 cap=15.0000 decided=0.2701 binding=relative applied=false mode=log_only median=0.2701 n=928 k=1 floor=0.01 hardMax=15 ratio=1.08 lr=0.0781
[GRAD-CLIP] trainerStep=18931 preNorm=0.2961 cap=15.0000 decided=0.2701 binding=relative applied=false mode=log_only median=0.2701 n=930 k=1 floor=0.01 hardMax=15 ratio=1.10 lr=0.0784
[GRAD-CLIP] trainerStep=18932 preNorm=0.2797 cap=15.0000 decided=0.2701 binding=relative applied=false mode=log_only median=0.2701 n=931 k=1 floor=0.01 hardMax=15 ratio=1.04 lr=0.0786
[GRAD-CLIP] trainerStep=18933 preNorm=0.3099 cap=15.0000 decided=0.2701 binding=relative applied=false mode=log_only median=0.2701 n=932 k=1 floor=0.01 hardMax=15 ratio=1.15 lr=0.0788
[GRAD-CLIP] trainerStep=18934 preNorm=0.2966 cap=15.0000 decided=0.2701 binding=relative applied=false mode=log_only median=0.2701 n=933 k=1 floor=0.01 hardMax=15 ratio=1.10 lr=0.0789
[GRAD-CLIP] trainerStep=18935 preNorm=0.2948 cap=15.0000 decided=0.2701 binding=relative applied=false mode=log_only median=0.2701 n=934 k=1 floor=0.01 hardMax=15 ratio=1.09 lr=0.0791
[GRAD-CLIP] trainerStep=18936 preNorm=0.2711 cap=15.0000 decided=0.2701 binding=relative applied=false mode=log_only median=0.2701 n=935 k=1 floor=0.01 hardMax=15 ratio=1.00 lr=0.0793
[GRAD-CLIP] trainerStep=18937 preNorm=0.2720 cap=15.0000 decided=0.2701 binding=relative applied=false mode=log_only median=0.2701 n=936 k=1 floor=0.01 hardMax=15 ratio=1.01 lr=0.0794
[GRAD-CLIP] trainerStep=18938 preNorm=0.2909 cap=15.0000 decided=0.2702 binding=relative applied=false mode=log_only median=0.2702 n=937 k=1 floor=0.01 hardMax=15 ratio=1.08 lr=0.0796
[GRAD-CLIP] trainerStep=18939 preNorm=0.2792 cap=15.0000 decided=0.2702 binding=relative applied=false mode=log_only median=0.2702 n=938 k=1 floor=0.01 hardMax=15 ratio=1.03 lr=0.0798
[GRAD-CLIP] trainerStep=18940 preNorm=0.2928 cap=15.0000 decided=0.2702 binding=relative applied=false mode=log_only median=0.2702 n=939 k=1 floor=0.01 hardMax=15 ratio=1.08 lr=0.0799
[REPLAY] step=940 loss=3.4991 pLoss=2.6976 vLoss=0.7991 pEnt=2.863 pIllM=0.0025 playedP=0.172 pW=0.48 pD=0.06 pL=0.46 vAbs=0.236 pLogitMean=-9.7749 vLogitMean=0.5945 gNorm=0.293 lr=0.0801 ms=1150.7 buf=500000 plies=8778407 games=131301 rejected=0 skipped=0 epoch=0 mom=0.8864 lrCyc[pk=9.8e-01,tr=9.9e-04] gNormMax=0.3368 clips=0 gCap=15.0000 trainerStep=18940
[LAYER-HEALTH] live trainerStep=18940 scope=batch_norm_state_only reluSites=2/10 ch=144 dead=0 off=0 alwaysOn=0 worst=none maxBetaOverGamma=+2.07@policy.pre_bn[103] minBetaOverGamma=-1.98@value.bn[4] rvMaxOverMedian=61.7@blocks.2.bn1[31] rezero=none nonFinite=0 parkedSites=9/10 parkedCh=1040 parked=0 parkedOff=0 parkedBy=none
[GRAD-CLIP] trainerStep=18941 preNorm=0.2723 cap=15.0000 decided=0.2702 binding=relative applied=false mode=log_only median=0.2702 n=940 k=1 floor=0.01 hardMax=15 ratio=1.01 lr=0.0801
[GRAD-CLIP] trainerStep=18942 preNorm=0.2814 cap=15.0000 decided=0.2702 binding=relative applied=false mode=log_only median=0.2702 n=941 k=1 floor=0.01 hardMax=15 ratio=1.04 lr=0.0803
[GRAD-CLIP] trainerStep=18943 preNorm=0.2738 cap=15.0000 decided=0.2702 binding=relative applied=false mode=log_only median=0.2702 n=942 k=1 floor=0.01 hardMax=15 ratio=1.01 lr=0.0804
[GRAD-CLIP] trainerStep=18944 preNorm=0.3183 cap=15.0000 decided=0.2703 binding=relative applied=false mode=log_only median=0.2703 n=943 k=1 floor=0.01 hardMax=15 ratio=1.18 lr=0.0806
[GRAD-CLIP] trainerStep=18945 preNorm=0.2893 cap=15.0000 decided=0.2703 binding=relative applied=false mode=log_only median=0.2703 n=944 k=1 floor=0.01 hardMax=15 ratio=1.07 lr=0.0808
[GRAD-CLIP] trainerStep=18946 preNorm=0.2762 cap=15.0000 decided=0.2703 binding=relative applied=false mode=log_only median=0.2703 n=945 k=1 floor=0.01 hardMax=15 ratio=1.02 lr=0.0809
[GRAD-CLIP] trainerStep=18948 preNorm=0.2902 cap=15.0000 decided=0.2703 binding=relative applied=false mode=log_only median=0.2703 n=947 k=1 floor=0.01 hardMax=15 ratio=1.07 lr=0.0813
[GRAD-CLIP] trainerStep=18949 preNorm=0.3077 cap=15.0000 decided=0.2703 binding=relative applied=false mode=log_only median=0.2703 n=948 k=1 floor=0.01 hardMax=15 ratio=1.14 lr=0.0814
[GRAD-CLIP] trainerStep=18950 preNorm=0.2753 cap=15.0000 decided=0.2704 binding=relative applied=false mode=log_only median=0.2704 n=949 k=1 floor=0.01 hardMax=15 ratio=1.02 lr=0.0816
[GRAD-CLIP] trainerStep=18951 preNorm=0.2799 cap=15.0000 decided=0.2704 binding=relative applied=false mode=log_only median=0.2704 n=950 k=1 floor=0.01 hardMax=15 ratio=1.04 lr=0.0818
[GRAD-CLIP] trainerStep=18952 preNorm=0.2793 cap=15.0000 decided=0.2704 binding=relative applied=false mode=log_only median=0.2704 n=951 k=1 floor=0.01 hardMax=15 ratio=1.03 lr=0.0819
[GRAD-CLIP] trainerStep=18953 preNorm=0.2872 cap=15.0000 decided=0.2704 binding=relative applied=false mode=log_only median=0.2704 n=952 k=1 floor=0.01 hardMax=15 ratio=1.06 lr=0.0821
[GRAD-CLIP] trainerStep=18954 preNorm=0.2772 cap=15.0000 decided=0.2704 binding=relative applied=false mode=log_only median=0.2704 n=953 k=1 floor=0.01 hardMax=15 ratio=1.03 lr=0.0823
[GRAD-CLIP] trainerStep=18955 preNorm=0.2884 cap=15.0000 decided=0.2704 binding=relative applied=false mode=log_only median=0.2704 n=954 k=1 floor=0.01 hardMax=15 ratio=1.07 lr=0.0825
[GRAD-CLIP] trainerStep=18956 preNorm=0.2820 cap=15.0000 decided=0.2704 binding=relative applied=false mode=log_only median=0.2704 n=955 k=1 floor=0.01 hardMax=15 ratio=1.04 lr=0.0826
[GRAD-CLIP] trainerStep=18957 preNorm=0.3031 cap=15.0000 decided=0.2704 binding=relative applied=false mode=log_only median=0.2704 n=956 k=1 floor=0.01 hardMax=15 ratio=1.12 lr=0.0828
[GRAD-CLIP] trainerStep=18958 preNorm=0.2806 cap=15.0000 decided=0.2705 binding=relative applied=false mode=log_only median=0.2705 n=957 k=1 floor=0.01 hardMax=15 ratio=1.04 lr=0.083
[GRAD-CLIP] trainerStep=18959 preNorm=0.2720 cap=15.0000 decided=0.2705 binding=relative applied=false mode=log_only median=0.2705 n=958 k=1 floor=0.01 hardMax=15 ratio=1.01 lr=0.0831
[GRAD-CLIP] trainerStep=18960 preNorm=0.2911 cap=15.0000 decided=0.2705 binding=relative applied=false mode=log_only median=0.2705 n=959 k=1 floor=0.01 hardMax=15 ratio=1.08 lr=0.0833
[GRAD-CLIP] trainerStep=18961 preNorm=0.2835 cap=15.0000 decided=0.2705 binding=relative applied=false mode=log_only median=0.2705 n=960 k=1 floor=0.01 hardMax=15 ratio=1.05 lr=0.0835
[GRAD-CLIP] trainerStep=18962 preNorm=0.2921 cap=15.0000 decided=0.2705 binding=relative applied=false mode=log_only median=0.2705 n=961 k=1 floor=0.01 hardMax=15 ratio=1.08 lr=0.0837
[GRAD-CLIP] trainerStep=18963 preNorm=0.3093 cap=15.0000 decided=0.2706 binding=relative applied=false mode=log_only median=0.2706 n=962 k=1 floor=0.01 hardMax=15 ratio=1.14 lr=0.0838
[GRAD-CLIP] trainerStep=18964 preNorm=0.3151 cap=15.0000 decided=0.2706 binding=relative applied=false mode=log_only median=0.2706 n=963 k=1 floor=0.01 hardMax=15 ratio=1.16 lr=0.084
[GRAD-CLIP] trainerStep=18965 preNorm=0.2975 cap=15.0000 decided=0.2706 binding=relative applied=false mode=log_only median=0.2706 n=964 k=1 floor=0.01 hardMax=15 ratio=1.10 lr=0.0842
[GRAD-CLIP] trainerStep=18966 preNorm=0.2980 cap=15.0000 decided=0.2706 binding=relative applied=false mode=log_only median=0.2706 n=965 k=1 floor=0.01 hardMax=15 ratio=1.10 lr=0.0844
[GRAD-CLIP] trainerStep=18967 preNorm=0.2813 cap=15.0000 decided=0.2706 binding=relative applied=false mode=log_only median=0.2706 n=966 k=1 floor=0.01 hardMax=15 ratio=1.04 lr=0.0845
[GRAD-CLIP] trainerStep=18968 preNorm=0.2961 cap=15.0000 decided=0.2706 binding=relative applied=false mode=log_only median=0.2706 n=967 k=1 floor=0.01 hardMax=15 ratio=1.09 lr=0.0847
[GRAD-CLIP] trainerStep=18969 preNorm=0.2794 cap=15.0000 decided=0.2706 binding=relative applied=false mode=log_only median=0.2706 n=968 k=1 floor=0.01 hardMax=15 ratio=1.03 lr=0.0849
[GRAD-CLIP] trainerStep=18971 preNorm=0.2790 cap=15.0000 decided=0.2706 binding=relative applied=false mode=log_only median=0.2706 n=970 k=1 floor=0.01 hardMax=15 ratio=1.03 lr=0.0852
[GRAD-CLIP] trainerStep=18972 preNorm=0.2836 cap=15.0000 decided=0.2706 binding=relative applied=false mode=log_only median=0.2706 n=971 k=1 floor=0.01 hardMax=15 ratio=1.05 lr=0.0854
[GRAD-CLIP] trainerStep=18973 preNorm=0.2784 cap=15.0000 decided=0.2706 binding=relative applied=false mode=log_only median=0.2706 n=972 k=1 floor=0.01 hardMax=15 ratio=1.03 lr=0.0856
[GRAD-CLIP] trainerStep=18974 preNorm=0.2947 cap=15.0000 decided=0.2706 binding=relative applied=false mode=log_only median=0.2706 n=973 k=1 floor=0.01 hardMax=15 ratio=1.09 lr=0.0858
[GRAD-CLIP] trainerStep=18975 preNorm=0.3045 cap=15.0000 decided=0.2707 binding=relative applied=false mode=log_only median=0.2707 n=974 k=1 floor=0.01 hardMax=15 ratio=1.12 lr=0.0859
[GRAD-CLIP] trainerStep=18976 preNorm=0.2773 cap=15.0000 decided=0.2708 binding=relative applied=false mode=log_only median=0.2708 n=975 k=1 floor=0.01 hardMax=15 ratio=1.02 lr=0.0861
[GRAD-CLIP] trainerStep=18977 preNorm=0.2921 cap=15.0000 decided=0.2708 binding=relative applied=false mode=log_only median=0.2708 n=976 k=1 floor=0.01 hardMax=15 ratio=1.08 lr=0.0863
[GRAD-CLIP] trainerStep=18978 preNorm=0.3061 cap=15.0000 decided=0.2708 binding=relative applied=false mode=log_only median=0.2708 n=977 k=1 floor=0.01 hardMax=15 ratio=1.13 lr=0.0865
[GRAD-CLIP] trainerStep=18979 preNorm=0.3055 cap=15.0000 decided=0.2708 binding=relative applied=false mode=log_only median=0.2708 n=978 k=1 floor=0.01 hardMax=15 ratio=1.13 lr=0.0867
[GRAD-CLIP] trainerStep=18980 preNorm=0.2886 cap=15.0000 decided=0.2708 binding=relative applied=false mode=log_only median=0.2708 n=979 k=1 floor=0.01 hardMax=15 ratio=1.07 lr=0.0868
[GRAD-CLIP] trainerStep=18981 preNorm=0.3072 cap=15.0000 decided=0.2709 binding=relative applied=false mode=log_only median=0.2709 n=980 k=1 floor=0.01 hardMax=15 ratio=1.13 lr=0.087
[GRAD-CLIP] trainerStep=18982 preNorm=0.2894 cap=15.0000 decided=0.2709 binding=relative applied=false mode=log_only median=0.2709 n=981 k=1 floor=0.01 hardMax=15 ratio=1.07 lr=0.0872
[GRAD-CLIP] trainerStep=18983 preNorm=0.3082 cap=15.0000 decided=0.2709 binding=relative applied=false mode=log_only median=0.2709 n=982 k=1 floor=0.01 hardMax=15 ratio=1.14 lr=0.0874
[GRAD-CLIP] trainerStep=18984 preNorm=0.2904 cap=15.0000 decided=0.2709 binding=relative applied=false mode=log_only median=0.2709 n=983 k=1 floor=0.01 hardMax=15 ratio=1.07 lr=0.0876
[GRAD-CLIP] trainerStep=18985 preNorm=0.3248 cap=15.0000 decided=0.2709 binding=relative applied=false mode=log_only median=0.2709 n=984 k=1 floor=0.01 hardMax=15 ratio=1.20 lr=0.0877
[GRAD-CLIP] trainerStep=18986 preNorm=0.2930 cap=15.0000 decided=0.2709 binding=relative applied=false mode=log_only median=0.2709 n=985 k=1 floor=0.01 hardMax=15 ratio=1.08 lr=0.0879
[GRAD-CLIP] trainerStep=18987 preNorm=0.2863 cap=15.0000 decided=0.2710 binding=relative applied=false mode=log_only median=0.2710 n=986 k=1 floor=0.01 hardMax=15 ratio=1.06 lr=0.0881
[GRAD-CLIP] trainerStep=18988 preNorm=0.2932 cap=15.0000 decided=0.2710 binding=relative applied=false mode=log_only median=0.2710 n=987 k=1 floor=0.01 hardMax=15 ratio=1.08 lr=0.0883
[GRAD-CLIP] trainerStep=18989 preNorm=0.3080 cap=15.0000 decided=0.2710 binding=relative applied=false mode=log_only median=0.2710 n=988 k=1 floor=0.01 hardMax=15 ratio=1.14 lr=0.0885
[GRAD-CLIP] trainerStep=18990 preNorm=0.2959 cap=15.0000 decided=0.2710 binding=relative applied=false mode=log_only median=0.2710 n=989 k=1 floor=0.01 hardMax=15 ratio=1.09 lr=0.0887
[GRAD-CLIP] trainerStep=18991 preNorm=0.2829 cap=15.0000 decided=0.2710 binding=relative applied=false mode=log_only median=0.2710 n=990 k=1 floor=0.01 hardMax=15 ratio=1.04 lr=0.0888
[GRAD-CLIP] trainerStep=18992 preNorm=0.2878 cap=15.0000 decided=0.2711 binding=relative applied=false mode=log_only median=0.2711 n=991 k=1 floor=0.01 hardMax=15 ratio=1.06 lr=0.089
[GRAD-CLIP] trainerStep=18993 preNorm=0.2916 cap=15.0000 decided=0.2711 binding=relative applied=false mode=log_only median=0.2711 n=992 k=1 floor=0.01 hardMax=15 ratio=1.08 lr=0.0892
[GRAD-CLIP] trainerStep=18995 preNorm=0.2806 cap=15.0000 decided=0.2711 binding=relative applied=false mode=log_only median=0.2711 n=994 k=1 floor=0.01 hardMax=15 ratio=1.04 lr=0.0896
[GRAD-CLIP] trainerStep=18996 preNorm=0.2932 cap=15.0000 decided=0.2711 binding=relative applied=false mode=log_only median=0.2711 n=995 k=1 floor=0.01 hardMax=15 ratio=1.08 lr=0.0898
[GRAD-CLIP] trainerStep=18997 preNorm=0.2980 cap=15.0000 decided=0.2711 binding=relative applied=false mode=log_only median=0.2711 n=996 k=1 floor=0.01 hardMax=15 ratio=1.10 lr=0.0899
[GRAD-CLIP] trainerStep=18998 preNorm=0.2801 cap=15.0000 decided=0.2711 binding=relative applied=false mode=log_only median=0.2711 n=997 k=1 floor=0.01 hardMax=15 ratio=1.03 lr=0.0901
[GRAD-CLIP] trainerStep=18999 preNorm=0.3001 cap=15.0000 decided=0.2711 binding=relative applied=false mode=log_only median=0.2711 n=998 k=1 floor=0.01 hardMax=15 ratio=1.11 lr=0.0903
[GRAD-CLIP] trainerStep=19000 preNorm=0.2879 cap=15.0000 decided=0.2711 binding=relative applied=false mode=log_only median=0.2711 n=999 k=1 floor=0.01 hardMax=15 ratio=1.06 lr=0.0905
[REPLAY] step=1000 loss=3.4656 pLoss=2.6726 vLoss=0.7906 pEnt=2.840 pIllM=0.0023 playedP=0.181 pW=0.47 pD=0.07 pL=0.47 vAbs=0.248 pLogitMean=-9.7721 vLogitMean=0.5934 gNorm=0.288 lr=0.0907 ms=1165.2 buf=500000 plies=9290411 games=138927 rejected=0 skipped=0 epoch=0 mom=0.8846 lrCyc[pk=9.8e-01,tr=9.9e-04] gNormMax=0.3248 clips=0 gCap=15.0000 trainerStep=19000
[LAYER-HEALTH] live trainerStep=19000 scope=batch_norm_state_only reluSites=2/10 ch=144 dead=0 off=0 alwaysOn=0 worst=none maxBetaOverGamma=+2.07@policy.pre_bn[103] minBetaOverGamma=-2.00@value.bn[4] rvMaxOverMedian=61.9@blocks.2.bn1[31] rezero=none nonFinite=0 parkedSites=9/10 parkedCh=1040 parked=0 parkedOff=0 parkedBy=none
[ALARM] health active rule=policy_offset_drift severity=warning since=18100 trainerStep=19000 value=medianAbs=9.7754
[HEALTH] check trainerStep=19000 generation=0 evaluations=20 live=20 checkpoint=0 stale=0 truncated=0 cost_ms=15.2 train_ms=1169844.8 liveReadFailed=0 lossMaxRatio=1.02 lossMedianRatio=1.00 gradMaxRatio=1.29 nodata=loss_spike:5,gradient_spike:5 active=policy_offset_drift:warning
[REPLAY] saved trainer model (autosave) step=1000 trainerStep=19000 nextGame=2451597 shard=5 epoch=0 -> 20261007-lrBsilu-relcapV1-replay-latest.safetensors
[LAYER-HEALTH] checkpoint replay-autosave step=1000 trainerStep=19000 scope=all_tensors reluSites=2/10 ch=144 dead=0 off=0 alwaysOn=0 worst=none maxBetaOverGamma=+2.07@policy.pre_bn[103] minBetaOverGamma=-2.00@value.bn[4] rvMaxOverMedian=61.9@blocks.2.bn1[31] rezero=none nonFinite=0 parkedSites=9/10 parkedCh=1040 parked=0 parkedOff=0 parkedBy=none seZeroVel=none valueFC1ZeroVel=0/128 maxAbs=21.64@blocks.2.bn1.running_var
[LAYER-HEALTH]   batch-norm sites — β/|γ|: dead < -3.00, mostly off < -2.00, always on > +3.00; classified for relu/leaky_relu only
[LAYER-HEALTH]     site            act            ch   dead    off     on  zeroγ nonfin  min β/|γ| [ch]     max β/|γ| [ch]     rv max/median [ch]
[LAYER-HEALTH]     stem.bn         -             128    n/a    n/a    n/a      0      0     -0.48 [104]        +0.26 [20]            5.4 [5]
[LAYER-HEALTH]     blocks.0.bn1    silu          128    n/a    n/a    n/a      0      0     -0.67 [5]          +0.14 [103]           3.1 [14]
[LAYER-HEALTH]     blocks.0.bn2    silu          128    n/a    n/a    n/a      0      0     -1.02 [53]         +1.04 [48]            5.2 [79]
[LAYER-HEALTH]     blocks.1.bn1    silu          128    n/a    n/a    n/a      0      0     -1.23 [17]         +0.05 [31]           59.9 [31]
[LAYER-HEALTH]     blocks.1.bn2    silu          128    n/a    n/a    n/a      0      0     -1.24 [120]        -0.05 [101]           8.9 [70]
[LAYER-HEALTH]     blocks.2.bn1    silu          128    n/a    n/a    n/a      0      0     -1.91 [17]         +1.31 [31]           61.9 [31]
[LAYER-HEALTH]     blocks.2.bn2    silu          128    n/a    n/a    n/a      0      0     -1.54 [78]         +0.03 [16]            3.7 [26]
[LAYER-HEALTH]     tower_final_bn  silu          128    n/a    n/a    n/a      0      0     -0.45 [90]         +0.79 [6]             8.2 [31]
[LAYER-HEALTH]     policy.pre_bn   leaky_relu    128      0      0      0      0      0     -0.77 [26]         +2.07 [103]           2.7 [53]
[LAYER-HEALTH]     value.bn        leaky_relu     16      0      0      0      0      0     -2.00 [4]          -0.73 [13]            2.2 [11]
[LAYER-HEALTH]   parked channels — every activation: pass-through P = E|f'(γz+β)|, z ~ N(0,1); parked when P above its floor < 0.00135 of the range (Φ(-3)), mostly off < 0.02275 (Φ(-2)); equals dead / off for relu/leaky_relu
[LAYER-HEALTH]     site            act            ch parked    off       min P   median P
[LAYER-HEALTH]     blocks.0.bn1    silu          128      0      0    0.344977   0.454735
[LAYER-HEALTH]     blocks.0.bn2    silu          128      0      0    0.219477   0.419563
[LAYER-HEALTH]     blocks.1.bn1    silu          128      0      0    0.173883   0.375856
[LAYER-HEALTH]     blocks.1.bn2    silu          128      0      0    0.168794   0.361942
[LAYER-HEALTH]     blocks.2.bn1    silu          128      0      0    0.081210   0.334094
[LAYER-HEALTH]     blocks.2.bn2    silu          128      0      0    0.123285   0.375545
[LAYER-HEALTH]     tower_final_bn  silu          128      0      0    0.373966   0.549701
[LAYER-HEALTH]     policy.pre_bn   leaky_relu    128      0      0    0.228985   0.593160
[LAYER-HEALTH]     value.bn        leaky_relu     16      0      0    0.032600   0.086217
[LAYER-HEALTH]   FC hidden-unit velocity — zero: every weight-velocity entry exactly 0; low: nonzero but < 5% of the layer's p90 unit norm
[LAYER-HEALTH]     value.fc1.weight  leaky_relu  units 128  zero 0  low 13  median unit norm 0.003812
[LAYER-HEALTH]     (no SE blocks)
[LAYER-HEALTH]   ReZero: none
[LAYER-HEALTH]   non-finite: 0 values in 0 of 102 tensors (10263038 values examined)
[LAYER-HEALTH]   largest |value|: blocks.2.bn1.running_var 21.64, blocks.1.bn1.running_var 18.99, blocks.1.bn2.running_var 12.35, blocks.0.bn2.running_var 9.45, blocks.2.bn2.running_var 7.114
[REPLAY] enumerated checkpoint -> 20261007-lrBsilu-relcapV1-replay-step19000.safetensors
[GRAD-CLIP] trainerStep=19001 preNorm=0.2806 cap=15.0000 decided=0.2711 binding=relative applied=false mode=log_only median=0.2711 n=1000 k=1 floor=0.01 hardMax=15 ratio=1.04 lr=0.0907
[GRAD-CLIP] trainerStep=19002 preNorm=0.2818 cap=15.0000 decided=0.2711 binding=relative applied=false mode=log_only median=0.2711 n=1000 k=1 floor=0.01 hardMax=15 ratio=1.04 lr=0.0909
[GRAD-CLIP] trainerStep=19003 preNorm=0.2797 cap=15.0000 decided=0.2711 binding=relative applied=false mode=log_only median=0.2711 n=1000 k=1 floor=0.01 hardMax=15 ratio=1.03 lr=0.0911
[GRAD-CLIP] trainerStep=19004 preNorm=0.2730 cap=15.0000 decided=0.2712 binding=relative applied=false mode=log_only median=0.2712 n=1000 k=1 floor=0.01 hardMax=15 ratio=1.01 lr=0.0913
[GRAD-CLIP] trainerStep=19005 preNorm=0.2715 cap=15.0000 decided=0.2712 binding=relative applied=false mode=log_only median=0.2712 n=1000 k=1 floor=0.01 hardMax=15 ratio=1.00 lr=0.0914
[GRAD-CLIP] trainerStep=19006 preNorm=0.2873 cap=15.0000 decided=0.2713 binding=relative applied=false mode=log_only median=0.2713 n=1000 k=1 floor=0.01 hardMax=15 ratio=1.06 lr=0.0916
[GRAD-CLIP] trainerStep=19007 preNorm=0.2875 cap=15.0000 decided=0.2713 binding=relative applied=false mode=log_only median=0.2713 n=1000 k=1 floor=0.01 hardMax=15 ratio=1.06 lr=0.0918
[GRAD-CLIP] trainerStep=19008 preNorm=0.2782 cap=15.0000 decided=0.2713 binding=relative applied=false mode=log_only median=0.2713 n=1000 k=1 floor=0.01 hardMax=15 ratio=1.03 lr=0.092
[GRAD-CLIP] trainerStep=19009 preNorm=0.2734 cap=15.0000 decided=0.2713 binding=relative applied=false mode=log_only median=0.2713 n=1000 k=1 floor=0.01 hardMax=15 ratio=1.01 lr=0.0922
[GRAD-CLIP] trainerStep=19010 preNorm=0.2791 cap=15.0000 decided=0.2713 binding=relative applied=false mode=log_only median=0.2713 n=1000 k=1 floor=0.01 hardMax=15 ratio=1.03 lr=0.0924
[GRAD-CLIP] trainerStep=19012 preNorm=0.2823 cap=15.0000 decided=0.2713 binding=relative applied=false mode=log_only median=0.2713 n=1000 k=1 floor=0.01 hardMax=15 ratio=1.04 lr=0.0928
[GRAD-CLIP] trainerStep=19013 preNorm=0.2780 cap=15.0000 decided=0.2714 binding=relative applied=false mode=log_only median=0.2714 n=1000 k=1 floor=0.01 hardMax=15 ratio=1.02 lr=0.093
[GRAD-CLIP] trainerStep=19014 preNorm=0.2934 cap=15.0000 decided=0.2714 binding=relative applied=false mode=log_only median=0.2714 n=1000 k=1 floor=0.01 hardMax=15 ratio=1.08 lr=0.0932
[GRAD-CLIP] trainerStep=19015 preNorm=0.2967 cap=15.0000 decided=0.2714 binding=relative applied=false mode=log_only median=0.2714 n=1000 k=1 floor=0.01 hardMax=15 ratio=1.09 lr=0.0933
[GRAD-CLIP] trainerStep=19016 preNorm=0.2741 cap=15.0000 decided=0.2715 binding=relative applied=false mode=log_only median=0.2715 n=1000 k=1 floor=0.01 hardMax=15 ratio=1.01 lr=0.0935
[GRAD-CLIP] trainerStep=19017 preNorm=0.2822 cap=15.0000 decided=0.2715 binding=relative applied=false mode=log_only median=0.2715 n=1000 k=1 floor=0.01 hardMax=15 ratio=1.04 lr=0.0937
[GRAD-CLIP] trainerStep=19018 preNorm=0.2804 cap=15.0000 decided=0.2715 binding=relative applied=false mode=log_only median=0.2715 n=1000 k=1 floor=0.01 hardMax=15 ratio=1.03 lr=0.0939
[GRAD-CLIP] trainerStep=19019 preNorm=0.2789 cap=15.0000 decided=0.2716 binding=relative applied=false mode=log_only median=0.2716 n=1000 k=1 floor=0.01 hardMax=15 ratio=1.03 lr=0.0941
[GRAD-CLIP] trainerStep=19020 preNorm=0.2912 cap=15.0000 decided=0.2716 binding=relative applied=false mode=log_only median=0.2716 n=1000 k=1 floor=0.01 hardMax=15 ratio=1.07 lr=0.0943
[GRAD-CLIP] trainerStep=19021 preNorm=0.2798 cap=15.0000 decided=0.2717 binding=relative applied=false mode=log_only median=0.2717 n=1000 k=1 floor=0.01 hardMax=15 ratio=1.03 lr=0.0945
[GRAD-CLIP] trainerStep=19022 preNorm=0.2910 cap=15.0000 decided=0.2717 binding=relative applied=false mode=log_only median=0.2717 n=1000 k=1 floor=0.01 hardMax=15 ratio=1.07 lr=0.0947
[GRAD-CLIP] trainerStep=19024 preNorm=0.2872 cap=15.0000 decided=0.2718 binding=relative applied=false mode=log_only median=0.2718 n=1000 k=1 floor=0.01 hardMax=15 ratio=1.06 lr=0.0951
[GRAD-CLIP] trainerStep=19025 preNorm=0.2797 cap=15.0000 decided=0.2718 binding=relative applied=false mode=log_only median=0.2718 n=1000 k=1 floor=0.01 hardMax=15 ratio=1.03 lr=0.0953
[GRAD-CLIP] trainerStep=19026 preNorm=0.2733 cap=15.0000 decided=0.2718 binding=relative applied=false mode=log_only median=0.2718 n=1000 k=1 floor=0.01 hardMax=15 ratio=1.01 lr=0.0955
[GRAD-CLIP] trainerStep=19027 preNorm=0.2878 cap=15.0000 decided=0.2719 binding=relative applied=false mode=log_only median=0.2719 n=1000 k=1 floor=0.01 hardMax=15 ratio=1.06 lr=0.0957
[GRAD-CLIP] trainerStep=19028 preNorm=0.2830 cap=15.0000 decided=0.2719 binding=relative applied=false mode=log_only median=0.2719 n=1000 k=1 floor=0.01 hardMax=15 ratio=1.04 lr=0.0959
[GRAD-CLIP] trainerStep=19029 preNorm=0.2982 cap=15.0000 decided=0.2719 binding=relative applied=false mode=log_only median=0.2719 n=1000 k=1 floor=0.01 hardMax=15 ratio=1.10 lr=0.0961
[GRAD-CLIP] trainerStep=19030 preNorm=0.2865 cap=15.0000 decided=0.2719 binding=relative applied=false mode=log_only median=0.2719 n=1000 k=1 floor=0.01 hardMax=15 ratio=1.05 lr=0.0963
[GRAD-CLIP] trainerStep=19031 preNorm=0.2770 cap=15.0000 decided=0.2719 binding=relative applied=false mode=log_only median=0.2719 n=1000 k=1 floor=0.01 hardMax=15 ratio=1.02 lr=0.0965
[GRAD-CLIP] trainerStep=19032 preNorm=0.2872 cap=15.0000 decided=0.2719 binding=relative applied=false mode=log_only median=0.2719 n=1000 k=1 floor=0.01 hardMax=15 ratio=1.06 lr=0.0967
[GRAD-CLIP] trainerStep=19033 preNorm=0.3132 cap=15.0000 decided=0.2720 binding=relative applied=false mode=log_only median=0.2720 n=1000 k=1 floor=0.01 hardMax=15 ratio=1.15 lr=0.0969
[GRAD-CLIP] trainerStep=19034 preNorm=0.2835 cap=15.0000 decided=0.2720 binding=relative applied=false mode=log_only median=0.2720 n=1000 k=1 floor=0.01 hardMax=15 ratio=1.04 lr=0.0971
[GRAD-CLIP] trainerStep=19035 preNorm=0.3334 cap=15.0000 decided=0.2720 binding=relative applied=false mode=log_only median=0.2720 n=1000 k=1 floor=0.01 hardMax=15 ratio=1.23 lr=0.0972
[GRAD-CLIP] trainerStep=19036 preNorm=0.2797 cap=15.0000 decided=0.2720 binding=relative applied=false mode=log_only median=0.2720 n=1000 k=1 floor=0.01 hardMax=15 ratio=1.03 lr=0.0974
[GRAD-CLIP] trainerStep=19037 preNorm=0.3260 cap=15.0000 decided=0.2720 binding=relative applied=false mode=log_only median=0.2720 n=1000 k=1 floor=0.01 hardMax=15 ratio=1.20 lr=0.0976
[GRAD-CLIP] trainerStep=19038 preNorm=0.3024 cap=15.0000 decided=0.2720 binding=relative applied=false mode=log_only median=0.2720 n=1000 k=1 floor=0.01 hardMax=15 ratio=1.11 lr=0.0978
[GRAD-CLIP] trainerStep=19039 preNorm=0.2839 cap=15.0000 decided=0.2720 binding=relative applied=false mode=log_only median=0.2720 n=1000 k=1 floor=0.01 hardMax=15 ratio=1.04 lr=0.098
[GRAD-CLIP] trainerStep=19040 preNorm=0.2916 cap=15.0000 decided=0.2721 binding=relative applied=false mode=log_only median=0.2721 n=1000 k=1 floor=0.01 hardMax=15 ratio=1.07 lr=0.0982
[GRAD-CLIP] trainerStep=19041 preNorm=0.3010 cap=15.0000 decided=0.2721 binding=relative applied=false mode=log_only median=0.2721 n=1000 k=1 floor=0.01 hardMax=15 ratio=1.11 lr=0.0985
[GRAD-CLIP] trainerStep=19042 preNorm=0.2942 cap=15.0000 decided=0.2721 binding=relative applied=false mode=log_only median=0.2721 n=1000 k=1 floor=0.01 hardMax=15 ratio=1.08 lr=0.0987
[GRAD-CLIP] trainerStep=19043 preNorm=0.3241 cap=15.0000 decided=0.2721 binding=relative applied=false mode=log_only median=0.2721 n=1000 k=1 floor=0.01 hardMax=15 ratio=1.19 lr=0.0989
[GRAD-CLIP] trainerStep=19044 preNorm=0.2724 cap=15.0000 decided=0.2722 binding=relative applied=false mode=log_only median=0.2722 n=1000 k=1 floor=0.01 hardMax=15 ratio=1.00 lr=0.0991
[GRAD-CLIP] trainerStep=19045 preNorm=0.2811 cap=15.0000 decided=0.2723 binding=relative applied=false mode=log_only median=0.2723 n=1000 k=1 floor=0.01 hardMax=15 ratio=1.03 lr=0.0993
[GRAD-CLIP] trainerStep=19046 preNorm=0.2913 cap=15.0000 decided=0.2723 binding=relative applied=false mode=log_only median=0.2723 n=1000 k=1 floor=0.01 hardMax=15 ratio=1.07 lr=0.0995
[GRAD-CLIP] trainerStep=19047 preNorm=0.2857 cap=15.0000 decided=0.2723 binding=relative applied=false mode=log_only median=0.2723 n=1000 k=1 floor=0.01 hardMax=15 ratio=1.05 lr=0.0997
[GRAD-CLIP] trainerStep=19048 preNorm=0.2851 cap=15.0000 decided=0.2723 binding=relative applied=false mode=log_only median=0.2723 n=1000 k=1 floor=0.01 hardMax=15 ratio=1.05 lr=0.0999
[GRAD-CLIP] trainerStep=19049 preNorm=0.2977 cap=15.0000 decided=0.2723 binding=relative applied=false mode=log_only median=0.2723 n=1000 k=1 floor=0.01 hardMax=15 ratio=1.09 lr=0.1
[GRAD-CLIP] trainerStep=19050 preNorm=0.2808 cap=15.0000 decided=0.2723 binding=relative applied=false mode=log_only median=0.2723 n=1000 k=1 floor=0.01 hardMax=15 ratio=1.03 lr=0.1
[GRAD-CLIP] trainerStep=19051 preNorm=0.2817 cap=15.0000 decided=0.2724 binding=relative applied=false mode=log_only median=0.2724 n=1000 k=1 floor=0.01 hardMax=15 ratio=1.03 lr=0.1
[GRAD-CLIP] trainerStep=19052 preNorm=0.2803 cap=15.0000 decided=0.2724 binding=relative applied=false mode=log_only median=0.2724 n=1000 k=1 floor=0.01 hardMax=15 ratio=1.03 lr=0.101
[GRAD-CLIP] trainerStep=19053 preNorm=0.2997 cap=15.0000 decided=0.2724 binding=relative applied=false mode=log_only median=0.2724 n=1000 k=1 floor=0.01 hardMax=15 ratio=1.10 lr=0.101
[GRAD-CLIP] trainerStep=19054 preNorm=0.3073 cap=15.0000 decided=0.2724 binding=relative applied=false mode=log_only median=0.2724 n=1000 k=1 floor=0.01 hardMax=15 ratio=1.13 lr=0.101
[GRAD-CLIP] trainerStep=19055 preNorm=0.3117 cap=15.0000 decided=0.2725 binding=relative applied=false mode=log_only median=0.2725 n=1000 k=1 floor=0.01 hardMax=15 ratio=1.14 lr=0.101
[GRAD-CLIP] trainerStep=19056 preNorm=0.2914 cap=15.0000 decided=0.2726 binding=relative applied=false mode=log_only median=0.2726 n=1000 k=1 floor=0.01 hardMax=15 ratio=1.07 lr=0.102
[GRAD-CLIP] trainerStep=19057 preNorm=0.2872 cap=15.0000 decided=0.2726 binding=relative applied=false mode=log_only median=0.2726 n=1000 k=1 floor=0.01 hardMax=15 ratio=1.05 lr=0.102
[GRAD-CLIP] trainerStep=19058 preNorm=0.3025 cap=15.0000 decided=0.2727 binding=relative applied=false mode=log_only median=0.2727 n=1000 k=1 floor=0.01 hardMax=15 ratio=1.11 lr=0.102
[GRAD-CLIP] trainerStep=19059 preNorm=0.3366 cap=15.0000 decided=0.2727 binding=relative applied=false mode=log_only median=0.2727 n=1000 k=1 floor=0.01 hardMax=15 ratio=1.23 lr=0.102
[GRAD-CLIP] trainerStep=19060 preNorm=0.3107 cap=15.0000 decided=0.2727 binding=relative applied=false mode=log_only median=0.2727 n=1000 k=1 floor=0.01 hardMax=15 ratio=1.14 lr=0.102
[GRAD-CLIP] trainerStep=19061 preNorm=0.2857 cap=15.0000 decided=0.2727 binding=relative applied=false mode=log_only median=0.2727 n=1000 k=1 floor=0.01 hardMax=15 ratio=1.05 lr=0.103
[GRAD-CLIP] trainerStep=19062 preNorm=0.2794 cap=15.0000 decided=0.2728 binding=relative applied=false mode=log_only median=0.2728 n=1000 k=1 floor=0.01 hardMax=15 ratio=1.02 lr=0.103
[GRAD-CLIP] trainerStep=19063 preNorm=0.3169 cap=15.0000 decided=0.2728 binding=relative applied=false mode=log_only median=0.2728 n=1000 k=1 floor=0.01 hardMax=15 ratio=1.16 lr=0.103
[GRAD-CLIP] trainerStep=19064 preNorm=0.2882 cap=15.0000 decided=0.2728 binding=relative applied=false mode=log_only median=0.2728 n=1000 k=1 floor=0.01 hardMax=15 ratio=1.06 lr=0.103
[GRAD-CLIP] trainerStep=19065 preNorm=0.2844 cap=15.0000 decided=0.2729 binding=relative applied=false mode=log_only median=0.2729 n=1000 k=1 floor=0.01 hardMax=15 ratio=1.04 lr=0.103
[GRAD-CLIP] trainerStep=19066 preNorm=0.3011 cap=15.0000 decided=0.2730 binding=relative applied=false mode=log_only median=0.2730 n=1000 k=1 floor=0.01 hardMax=15 ratio=1.10 lr=0.104
[GRAD-CLIP] trainerStep=19067 preNorm=0.3026 cap=15.0000 decided=0.2730 binding=relative applied=false mode=log_only median=0.2730 n=1000 k=1 floor=0.01 hardMax=15 ratio=1.11 lr=0.104
[GRAD-CLIP] trainerStep=19068 preNorm=0.3100 cap=15.0000 decided=0.2730 binding=relative applied=false mode=log_only median=0.2730 n=1000 k=1 floor=0.01 hardMax=15 ratio=1.14 lr=0.104
[GRAD-CLIP] trainerStep=19069 preNorm=0.2821 cap=15.0000 decided=0.2730 binding=relative applied=false mode=log_only median=0.2730 n=1000 k=1 floor=0.01 hardMax=15 ratio=1.03 lr=0.104
[GRAD-CLIP] trainerStep=19070 preNorm=0.2983 cap=15.0000 decided=0.2730 binding=relative applied=false mode=log_only median=0.2730 n=1000 k=1 floor=0.01 hardMax=15 ratio=1.09 lr=0.104
[GRAD-CLIP] trainerStep=19071 preNorm=0.3092 cap=15.0000 decided=0.2731 binding=relative applied=false mode=log_only median=0.2731 n=1000 k=1 floor=0.01 hardMax=15 ratio=1.13 lr=0.105
[GRAD-CLIP] trainerStep=19072 preNorm=0.3039 cap=15.0000 decided=0.2731 binding=relative applied=false mode=log_only median=0.2731 n=1000 k=1 floor=0.01 hardMax=15 ratio=1.11 lr=0.105
[GRAD-CLIP] trainerStep=19073 preNorm=0.2896 cap=15.0000 decided=0.2731 binding=relative applied=false mode=log_only median=0.2731 n=1000 k=1 floor=0.01 hardMax=15 ratio=1.06 lr=0.105
[GRAD-CLIP] trainerStep=19074 preNorm=0.2967 cap=15.0000 decided=0.2731 binding=relative applied=false mode=log_only median=0.2731 n=1000 k=1 floor=0.01 hardMax=15 ratio=1.09 lr=0.105
[GRAD-CLIP] trainerStep=19075 preNorm=0.2885 cap=15.0000 decided=0.2732 binding=relative applied=false mode=log_only median=0.2732 n=1000 k=1 floor=0.01 hardMax=15 ratio=1.06 lr=0.106
[GRAD-CLIP] trainerStep=19076 preNorm=0.2929 cap=15.0000 decided=0.2732 binding=relative applied=false mode=log_only median=0.2732 n=1000 k=1 floor=0.01 hardMax=15 ratio=1.07 lr=0.106
[GRAD-CLIP] trainerStep=19077 preNorm=0.3151 cap=15.0000 decided=0.2732 binding=relative applied=false mode=log_only median=0.2732 n=1000 k=1 floor=0.01 hardMax=15 ratio=1.15 lr=0.106
[GRAD-CLIP] trainerStep=19078 preNorm=0.2897 cap=15.0000 decided=0.2732 binding=relative applied=false mode=log_only median=0.2732 n=1000 k=1 floor=0.01 hardMax=15 ratio=1.06 lr=0.106
[GRAD-CLIP] trainerStep=19079 preNorm=0.3071 cap=15.0000 decided=0.2733 binding=relative applied=false mode=log_only median=0.2733 n=1000 k=1 floor=0.01 hardMax=15 ratio=1.12 lr=0.106
[GRAD-CLIP] trainerStep=19080 preNorm=0.3132 cap=15.0000 decided=0.2733 binding=relative applied=false mode=log_only median=0.2733 n=1000 k=1 floor=0.01 hardMax=15 ratio=1.15 lr=0.107
[GRAD-CLIP] trainerStep=19081 preNorm=0.3029 cap=15.0000 decided=0.2733 binding=relative applied=false mode=log_only median=0.2733 n=1000 k=1 floor=0.01 hardMax=15 ratio=1.11 lr=0.107
[GRAD-CLIP] trainerStep=19082 preNorm=0.2826 cap=15.0000 decided=0.2733 binding=relative applied=false mode=log_only median=0.2733 n=1000 k=1 floor=0.01 hardMax=15 ratio=1.03 lr=0.107
[GRAD-CLIP] trainerStep=19083 preNorm=0.3197 cap=15.0000 decided=0.2734 binding=relative applied=false mode=log_only median=0.2734 n=1000 k=1 floor=0.01 hardMax=15 ratio=1.17 lr=0.107
[GRAD-CLIP] trainerStep=19084 preNorm=0.3026 cap=15.0000 decided=0.2734 binding=relative applied=false mode=log_only median=0.2734 n=1000 k=1 floor=0.01 hardMax=15 ratio=1.11 lr=0.107
[GRAD-CLIP] trainerStep=19085 preNorm=0.2929 cap=15.0000 decided=0.2734 binding=relative applied=false mode=log_only median=0.2734 n=1000 k=1 floor=0.01 hardMax=15 ratio=1.07 lr=0.108
[GRAD-CLIP] trainerStep=19086 preNorm=0.2888 cap=15.0000 decided=0.2734 binding=relative applied=false mode=log_only median=0.2734 n=1000 k=1 floor=0.01 hardMax=15 ratio=1.06 lr=0.108
[GRAD-CLIP] trainerStep=19087 preNorm=0.2802 cap=15.0000 decided=0.2734 binding=relative applied=false mode=log_only median=0.2734 n=1000 k=1 floor=0.01 hardMax=15 ratio=1.02 lr=0.108
[GRAD-CLIP] trainerStep=19088 preNorm=0.2943 cap=15.0000 decided=0.2734 binding=relative applied=false mode=log_only median=0.2734 n=1000 k=1 floor=0.01 hardMax=15 ratio=1.08 lr=0.108
[GRAD-CLIP] trainerStep=19089 preNorm=0.3056 cap=15.0000 decided=0.2735 binding=relative applied=false mode=log_only median=0.2735 n=1000 k=1 floor=0.01 hardMax=15 ratio=1.12 lr=0.109
[GRAD-CLIP] trainerStep=19090 preNorm=0.2766 cap=15.0000 decided=0.2735 binding=relative applied=false mode=log_only median=0.2735 n=1000 k=1 floor=0.01 hardMax=15 ratio=1.01 lr=0.109
[GRAD-CLIP] trainerStep=19091 preNorm=0.2864 cap=15.0000 decided=0.2736 binding=relative applied=false mode=log_only median=0.2736 n=1000 k=1 floor=0.01 hardMax=15 ratio=1.05 lr=0.109
[GRAD-CLIP] trainerStep=19092 preNorm=0.3311 cap=15.0000 decided=0.2738 binding=relative applied=false mode=log_only median=0.2738 n=1000 k=1 floor=0.01 hardMax=15 ratio=1.21 lr=0.109
[GRAD-CLIP] trainerStep=19093 preNorm=0.2964 cap=15.0000 decided=0.2738 binding=relative applied=false mode=log_only median=0.2738 n=1000 k=1 floor=0.01 hardMax=15 ratio=1.08 lr=0.109
[GRAD-CLIP] trainerStep=19094 preNorm=0.2829 cap=15.0000 decided=0.2738 binding=relative applied=false mode=log_only median=0.2738 n=1000 k=1 floor=0.01 hardMax=15 ratio=1.03 lr=0.11
[GRAD-CLIP] trainerStep=19095 preNorm=0.2770 cap=15.0000 decided=0.2738 binding=relative applied=false mode=log_only median=0.2738 n=1000 k=1 floor=0.01 hardMax=15 ratio=1.01 lr=0.11
[GRAD-CLIP] trainerStep=19096 preNorm=0.2879 cap=15.0000 decided=0.2738 binding=relative applied=false mode=log_only median=0.2738 n=1000 k=1 floor=0.01 hardMax=15 ratio=1.05 lr=0.11
[GRAD-CLIP] trainerStep=19097 preNorm=0.2825 cap=15.0000 decided=0.2739 binding=relative applied=false mode=log_only median=0.2739 n=1000 k=1 floor=0.01 hardMax=15 ratio=1.03 lr=0.11
[GRAD-CLIP] trainerStep=19098 preNorm=0.2801 cap=15.0000 decided=0.2739 binding=relative applied=false mode=log_only median=0.2739 n=1000 k=1 floor=0.01 hardMax=15 ratio=1.02 lr=0.111
[GRAD-CLIP] trainerStep=19099 preNorm=0.2965 cap=15.0000 decided=0.2740 binding=relative applied=false mode=log_only median=0.2740 n=1000 k=1 floor=0.01 hardMax=15 ratio=1.08 lr=0.111
[GRAD-CLIP] trainerStep=19100 preNorm=0.2745 cap=15.0000 decided=0.2740 binding=relative applied=false mode=log_only median=0.2740 n=1000 k=1 floor=0.01 hardMax=15 ratio=1.00 lr=0.111
[GRAD-CLIP] trainerStep=19101 preNorm=0.2859 cap=15.0000 decided=0.2741 binding=relative applied=false mode=log_only median=0.2741 n=1000 k=1 floor=0.01 hardMax=15 ratio=1.04 lr=0.111
[GRAD-CLIP] trainerStep=19102 preNorm=0.3055 cap=15.0000 decided=0.2741 binding=relative applied=false mode=log_only median=0.2741 n=1000 k=1 floor=0.01 hardMax=15 ratio=1.11 lr=0.111
[GRAD-CLIP] trainerStep=19103 preNorm=0.2893 cap=15.0000 decided=0.2741 binding=relative applied=false mode=log_only median=0.2741 n=1000 k=1 floor=0.01 hardMax=15 ratio=1.06 lr=0.112
[GRAD-CLIP] trainerStep=19105 preNorm=0.3124 cap=15.0000 decided=0.2741 binding=relative applied=false mode=log_only median=0.2741 n=1000 k=1 floor=0.01 hardMax=15 ratio=1.14 lr=0.112
[GRAD-CLIP] trainerStep=19106 preNorm=0.2790 cap=15.0000 decided=0.2742 binding=relative applied=false mode=log_only median=0.2742 n=1000 k=1 floor=0.01 hardMax=15 ratio=1.02 lr=0.112
[GRAD-CLIP] trainerStep=19107 preNorm=0.2920 cap=15.0000 decided=0.2743 binding=relative applied=false mode=log_only median=0.2743 n=1000 k=1 floor=0.01 hardMax=15 ratio=1.06 lr=0.113
[GRAD-CLIP] trainerStep=19108 preNorm=0.2939 cap=15.0000 decided=0.2743 binding=relative applied=false mode=log_only median=0.2743 n=1000 k=1 floor=0.01 hardMax=15 ratio=1.07 lr=0.113
[GRAD-CLIP] trainerStep=19109 preNorm=0.2881 cap=15.0000 decided=0.2743 binding=relative applied=false mode=log_only median=0.2743 n=1000 k=1 floor=0.01 hardMax=15 ratio=1.05 lr=0.113
[GRAD-CLIP] trainerStep=19110 preNorm=0.2888 cap=15.0000 decided=0.2743 binding=relative applied=false mode=log_only median=0.2743 n=1000 k=1 floor=0.01 hardMax=15 ratio=1.05 lr=0.113
[GRAD-CLIP] trainerStep=19111 preNorm=0.2786 cap=15.0000 decided=0.2744 binding=relative applied=false mode=log_only median=0.2744 n=1000 k=1 floor=0.01 hardMax=15 ratio=1.02 lr=0.113
[GRAD-CLIP] trainerStep=19112 preNorm=0.2843 cap=15.0000 decided=0.2744 binding=relative applied=false mode=log_only median=0.2744 n=1000 k=1 floor=0.01 hardMax=15 ratio=1.04 lr=0.114
[GRAD-CLIP] trainerStep=19113 preNorm=0.2871 cap=15.0000 decided=0.2745 binding=relative applied=false mode=log_only median=0.2745 n=1000 k=1 floor=0.01 hardMax=15 ratio=1.05 lr=0.114
[GRAD-CLIP] trainerStep=19114 preNorm=0.2764 cap=15.0000 decided=0.2745 binding=relative applied=false mode=log_only median=0.2745 n=1000 k=1 floor=0.01 hardMax=15 ratio=1.01 lr=0.114
[GRAD-CLIP] trainerStep=19116 preNorm=0.3079 cap=15.0000 decided=0.2745 binding=relative applied=false mode=log_only median=0.2745 n=1000 k=1 floor=0.01 hardMax=15 ratio=1.12 lr=0.115
[GRAD-CLIP] trainerStep=19117 preNorm=0.2831 cap=15.0000 decided=0.2746 binding=relative applied=false mode=log_only median=0.2746 n=1000 k=1 floor=0.01 hardMax=15 ratio=1.03 lr=0.115
[GRAD-CLIP] trainerStep=19118 preNorm=0.2981 cap=15.0000 decided=0.2746 binding=relative applied=false mode=log_only median=0.2746 n=1000 k=1 floor=0.01 hardMax=15 ratio=1.09 lr=0.115
[GRAD-CLIP] trainerStep=19119 preNorm=0.2800 cap=15.0000 decided=0.2746 binding=relative applied=false mode=log_only median=0.2746 n=1000 k=1 floor=0.01 hardMax=15 ratio=1.02 lr=0.115
[REPLAY] step=1120 loss=3.5198 pLoss=2.7116 vLoss=0.8057 pEnt=2.851 pIllM=0.0024 playedP=0.179 pW=0.48 pD=0.06 pL=0.46 vAbs=0.243 pLogitMean=-9.7533 vLogitMean=0.5960 gNorm=0.272 lr=0.116 ms=1557.8 buf=500000 plies=10314317 games=154307 rejected=0 skipped=0 epoch=0 mom=0.8811 lrCyc[pk=9.8e-01,tr=9.9e-04] gNormMax=0.3366 clips=0 gCap=15.0000 trainerStep=19120
[LAYER-HEALTH] live trainerStep=19120 scope=batch_norm_state_only reluSites=2/10 ch=144 dead=0 off=2 alwaysOn=0 worst=value.bn(dead 0 off 2 on 0) maxBetaOverGamma=+2.06@policy.pre_bn[103] minBetaOverGamma=-2.00@value.bn[9] rvMaxOverMedian=62.1@blocks.2.bn1[31] rezero=none nonFinite=0 parkedSites=9/10 parkedCh=1040 parked=0 parkedOff=2 parkedBy=none
[GRAD-CLIP] trainerStep=19121 preNorm=0.2954 cap=15.0000 decided=0.2746 binding=relative applied=false mode=log_only median=0.2746 n=1000 k=1 floor=0.01 hardMax=15 ratio=1.08 lr=0.116
[GRAD-CLIP] trainerStep=19122 preNorm=0.2968 cap=15.0000 decided=0.2747 binding=relative applied=false mode=log_only median=0.2747 n=1000 k=1 floor=0.01 hardMax=15 ratio=1.08 lr=0.116
[GRAD-CLIP] trainerStep=19123 preNorm=0.2936 cap=15.0000 decided=0.2747 binding=relative applied=false mode=log_only median=0.2747 n=1000 k=1 floor=0.01 hardMax=15 ratio=1.07 lr=0.116
[GRAD-CLIP] trainerStep=19124 preNorm=0.2783 cap=15.0000 decided=0.2748 binding=relative applied=false mode=log_only median=0.2748 n=1000 k=1 floor=0.01 hardMax=15 ratio=1.01 lr=0.116
[GRAD-CLIP] trainerStep=19125 preNorm=0.2957 cap=15.0000 decided=0.2748 binding=relative applied=false mode=log_only median=0.2748 n=1000 k=1 floor=0.01 hardMax=15 ratio=1.08 lr=0.117
[GRAD-CLIP] trainerStep=19126 preNorm=0.2860 cap=15.0000 decided=0.2749 binding=relative applied=false mode=log_only median=0.2749 n=1000 k=1 floor=0.01 hardMax=15 ratio=1.04 lr=0.117
[GRAD-CLIP] trainerStep=19127 preNorm=0.2825 cap=15.0000 decided=0.2749 binding=relative applied=false mode=log_only median=0.2749 n=1000 k=1 floor=0.01 hardMax=15 ratio=1.03 lr=0.117
[GRAD-CLIP] trainerStep=19128 preNorm=0.2855 cap=15.0000 decided=0.2749 binding=relative applied=false mode=log_only median=0.2749 n=1000 k=1 floor=0.01 hardMax=15 ratio=1.04 lr=0.117
[GRAD-CLIP] trainerStep=19129 preNorm=0.2884 cap=15.0000 decided=0.2749 binding=relative applied=false mode=log_only median=0.2749 n=1000 k=1 floor=0.01 hardMax=15 ratio=1.05 lr=0.118
[GRAD-CLIP] trainerStep=19130 preNorm=0.2970 cap=15.0000 decided=0.2749 binding=relative applied=false mode=log_only median=0.2749 n=1000 k=1 floor=0.01 hardMax=15 ratio=1.08 lr=0.118
[GRAD-CLIP] trainerStep=19131 preNorm=0.2948 cap=15.0000 decided=0.2750 binding=relative applied=false mode=log_only median=0.2750 n=1000 k=1 floor=0.01 hardMax=15 ratio=1.07 lr=0.118
[GRAD-CLIP] trainerStep=19132 preNorm=0.3103 cap=15.0000 decided=0.2751 binding=relative applied=false mode=log_only median=0.2751 n=1000 k=1 floor=0.01 hardMax=15 ratio=1.13 lr=0.118
[GRAD-CLIP] trainerStep=19133 preNorm=0.3001 cap=15.0000 decided=0.2751 binding=relative applied=false mode=log_only median=0.2751 n=1000 k=1 floor=0.01 hardMax=15 ratio=1.09 lr=0.119
[GRAD-CLIP] trainerStep=19134 preNorm=0.3071 cap=15.0000 decided=0.2751 binding=relative applied=false mode=log_only median=0.2751 n=1000 k=1 floor=0.01 hardMax=15 ratio=1.12 lr=0.119
[GRAD-CLIP] trainerStep=19135 preNorm=0.2920 cap=15.0000 decided=0.2751 binding=relative applied=false mode=log_only median=0.2751 n=1000 k=1 floor=0.01 hardMax=15 ratio=1.06 lr=0.119
[GRAD-CLIP] trainerStep=19136 preNorm=0.2816 cap=15.0000 decided=0.2752 binding=relative applied=false mode=log_only median=0.2752 n=1000 k=1 floor=0.01 hardMax=15 ratio=1.02 lr=0.119
[GRAD-CLIP] trainerStep=19137 preNorm=0.3379 cap=15.0000 decided=0.2752 binding=relative applied=false mode=log_only median=0.2752 n=1000 k=1 floor=0.01 hardMax=15 ratio=1.23 lr=0.12
[GRAD-CLIP] trainerStep=19138 preNorm=0.2906 cap=15.0000 decided=0.2753 binding=relative applied=false mode=log_only median=0.2753 n=1000 k=1 floor=0.01 hardMax=15 ratio=1.06 lr=0.12
[GRAD-CLIP] trainerStep=19139 preNorm=0.3051 cap=15.0000 decided=0.2753 binding=relative applied=false mode=log_only median=0.2753 n=1000 k=1 floor=0.01 hardMax=15 ratio=1.11 lr=0.12
[GRAD-CLIP] trainerStep=19140 preNorm=0.2978 cap=15.0000 decided=0.2753 binding=relative applied=false mode=log_only median=0.2753 n=1000 k=1 floor=0.01 hardMax=15 ratio=1.08 lr=0.12
[GRAD-CLIP] trainerStep=19141 preNorm=0.2951 cap=15.0000 decided=0.2753 binding=relative applied=false mode=log_only median=0.2753 n=1000 k=1 floor=0.01 hardMax=15 ratio=1.07 lr=0.12
[GRAD-CLIP] trainerStep=19142 preNorm=0.2835 cap=15.0000 decided=0.2754 binding=relative applied=false mode=log_only median=0.2754 n=1000 k=1 floor=0.01 hardMax=15 ratio=1.03 lr=0.121
[GRAD-CLIP] trainerStep=19143 preNorm=0.3271 cap=15.0000 decided=0.2754 binding=relative applied=false mode=log_only median=0.2754 n=1000 k=1 floor=0.01 hardMax=15 ratio=1.19 lr=0.121
[GRAD-CLIP] trainerStep=19144 preNorm=0.2854 cap=15.0000 decided=0.2754 binding=relative applied=false mode=log_only median=0.2754 n=1000 k=1 floor=0.01 hardMax=15 ratio=1.04 lr=0.121
[GRAD-CLIP] trainerStep=19145 preNorm=0.2974 cap=15.0000 decided=0.2754 binding=relative applied=false mode=log_only median=0.2754 n=1000 k=1 floor=0.01 hardMax=15 ratio=1.08 lr=0.121
[GRAD-CLIP] trainerStep=19146 preNorm=0.2762 cap=15.0000 decided=0.2755 binding=relative applied=false mode=log_only median=0.2755 n=1000 k=1 floor=0.01 hardMax=15 ratio=1.00 lr=0.122
[GRAD-CLIP] trainerStep=19147 preNorm=0.3130 cap=15.0000 decided=0.2755 binding=relative applied=false mode=log_only median=0.2755 n=1000 k=1 floor=0.01 hardMax=15 ratio=1.14 lr=0.122
[GRAD-CLIP] trainerStep=19148 preNorm=0.2819 cap=15.0000 decided=0.2756 binding=relative applied=false mode=log_only median=0.2756 n=1000 k=1 floor=0.01 hardMax=15 ratio=1.02 lr=0.122
[GRAD-CLIP] trainerStep=19149 preNorm=0.2833 cap=15.0000 decided=0.2756 binding=relative applied=false mode=log_only median=0.2756 n=1000 k=1 floor=0.01 hardMax=15 ratio=1.03 lr=0.122
[GRAD-CLIP] trainerStep=19150 preNorm=0.3027 cap=15.0000 decided=0.2756 binding=relative applied=false mode=log_only median=0.2756 n=1000 k=1 floor=0.01 hardMax=15 ratio=1.10 lr=0.123
[GRAD-CLIP] trainerStep=19151 preNorm=0.2881 cap=15.0000 decided=0.2757 binding=relative applied=false mode=log_only median=0.2757 n=1000 k=1 floor=0.01 hardMax=15 ratio=1.05 lr=0.123
[GRAD-CLIP] trainerStep=19152 preNorm=0.2850 cap=15.0000 decided=0.2757 binding=relative applied=false mode=log_only median=0.2757 n=1000 k=1 floor=0.01 hardMax=15 ratio=1.03 lr=0.123
[GRAD-CLIP] trainerStep=19153 preNorm=0.2796 cap=15.0000 decided=0.2757 binding=relative applied=false mode=log_only median=0.2757 n=1000 k=1 floor=0.01 hardMax=15 ratio=1.01 lr=0.123
[GRAD-CLIP] trainerStep=19154 preNorm=0.2937 cap=15.0000 decided=0.2757 binding=relative applied=false mode=log_only median=0.2757 n=1000 k=1 floor=0.01 hardMax=15 ratio=1.07 lr=0.124
[GRAD-CLIP] trainerStep=19155 preNorm=0.2915 cap=15.0000 decided=0.2758 binding=relative applied=false mode=log_only median=0.2758 n=1000 k=1 floor=0.01 hardMax=15 ratio=1.06 lr=0.124
[GRAD-CLIP] trainerStep=19156 preNorm=0.2875 cap=15.0000 decided=0.2758 binding=relative applied=false mode=log_only median=0.2758 n=1000 k=1 floor=0.01 hardMax=15 ratio=1.04 lr=0.124
[GRAD-CLIP] trainerStep=19157 preNorm=0.3009 cap=15.0000 decided=0.2758 binding=relative applied=false mode=log_only median=0.2758 n=1000 k=1 floor=0.01 hardMax=15 ratio=1.09 lr=0.124
[GRAD-CLIP] trainerStep=19158 preNorm=0.3037 cap=15.0000 decided=0.2759 binding=relative applied=false mode=log_only median=0.2759 n=1000 k=1 floor=0.01 hardMax=15 ratio=1.10 lr=0.125
[GRAD-CLIP] trainerStep=19159 preNorm=0.2970 cap=15.0000 decided=0.2760 binding=relative applied=false mode=log_only median=0.2760 n=1000 k=1 floor=0.01 hardMax=15 ratio=1.08 lr=0.125
[GRAD-CLIP] trainerStep=19160 preNorm=0.3223 cap=15.0000 decided=0.2760 binding=relative applied=false mode=log_only median=0.2760 n=1000 k=1 floor=0.01 hardMax=15 ratio=1.17 lr=0.125
[GRAD-CLIP] trainerStep=19161 preNorm=0.3140 cap=15.0000 decided=0.2760 binding=relative applied=false mode=log_only median=0.2760 n=1000 k=1 floor=0.01 hardMax=15 ratio=1.14 lr=0.125
[GRAD-CLIP] trainerStep=19162 preNorm=0.3003 cap=15.0000 decided=0.2760 binding=relative applied=false mode=log_only median=0.2760 n=1000 k=1 floor=0.01 hardMax=15 ratio=1.09 lr=0.126
[GRAD-CLIP] trainerStep=19164 preNorm=0.2841 cap=15.0000 decided=0.2761 binding=relative applied=false mode=log_only median=0.2761 n=1000 k=1 floor=0.01 hardMax=15 ratio=1.03 lr=0.126
[GRAD-CLIP] trainerStep=19165 preNorm=0.3036 cap=15.0000 decided=0.2761 binding=relative applied=false mode=log_only median=0.2761 n=1000 k=1 floor=0.01 hardMax=15 ratio=1.10 lr=0.126
[GRAD-CLIP] trainerStep=19166 preNorm=0.3091 cap=15.0000 decided=0.2761 binding=relative applied=false mode=log_only median=0.2761 n=1000 k=1 floor=0.01 hardMax=15 ratio=1.12 lr=0.127
[GRAD-CLIP] trainerStep=19167 preNorm=0.2977 cap=15.0000 decided=0.2761 binding=relative applied=false mode=log_only median=0.2761 n=1000 k=1 floor=0.01 hardMax=15 ratio=1.08 lr=0.127
[GRAD-CLIP] trainerStep=19168 preNorm=0.2807 cap=15.0000 decided=0.2761 binding=relative applied=false mode=log_only median=0.2761 n=1000 k=1 floor=0.01 hardMax=15 ratio=1.02 lr=0.127
[GRAD-CLIP] trainerStep=19169 preNorm=0.3062 cap=15.0000 decided=0.2761 binding=relative applied=false mode=log_only median=0.2761 n=1000 k=1 floor=0.01 hardMax=15 ratio=1.11 lr=0.127
[GRAD-CLIP] trainerStep=19170 preNorm=0.3145 cap=15.0000 decided=0.2762 binding=relative applied=false mode=log_only median=0.2762 n=1000 k=1 floor=0.01 hardMax=15 ratio=1.14 lr=0.128
[GRAD-CLIP] trainerStep=19171 preNorm=0.3108 cap=15.0000 decided=0.2762 binding=relative applied=false mode=log_only median=0.2762 n=1000 k=1 floor=0.01 hardMax=15 ratio=1.13 lr=0.128
[GRAD-CLIP] trainerStep=19172 preNorm=0.3077 cap=15.0000 decided=0.2762 binding=relative applied=false mode=log_only median=0.2762 n=1000 k=1 floor=0.01 hardMax=15 ratio=1.11 lr=0.128
[GRAD-CLIP] trainerStep=19173 preNorm=0.2855 cap=15.0000 decided=0.2762 binding=relative applied=false mode=log_only median=0.2762 n=1000 k=1 floor=0.01 hardMax=15 ratio=1.03 lr=0.128
[GRAD-CLIP] trainerStep=19174 preNorm=0.3156 cap=15.0000 decided=0.2762 binding=relative applied=false mode=log_only median=0.2762 n=1000 k=1 floor=0.01 hardMax=15 ratio=1.14 lr=0.129
[GRAD-CLIP] trainerStep=19175 preNorm=0.2963 cap=15.0000 decided=0.2763 binding=relative applied=false mode=log_only median=0.2763 n=1000 k=1 floor=0.01 hardMax=15 ratio=1.07 lr=0.129
[GRAD-CLIP] trainerStep=19177 preNorm=0.3037 cap=15.0000 decided=0.2763 binding=relative applied=false mode=log_only median=0.2763 n=1000 k=1 floor=0.01 hardMax=15 ratio=1.10 lr=0.129
[GRAD-CLIP] trainerStep=19178 preNorm=0.2934 cap=15.0000 decided=0.2763 binding=relative applied=false mode=log_only median=0.2763 n=1000 k=1 floor=0.01 hardMax=15 ratio=1.06 lr=0.13
[GRAD-CLIP] trainerStep=19179 preNorm=0.2968 cap=15.0000 decided=0.2763 binding=relative applied=false mode=log_only median=0.2763 n=1000 k=1 floor=0.01 hardMax=15 ratio=1.07 lr=0.13
[GRAD-CLIP] trainerStep=19180 preNorm=0.3017 cap=15.0000 decided=0.2764 binding=relative applied=false mode=log_only median=0.2764 n=1000 k=1 floor=0.01 hardMax=15 ratio=1.09 lr=0.13
[GRAD-CLIP] trainerStep=19181 preNorm=0.3143 cap=15.0000 decided=0.2764 binding=relative applied=false mode=log_only median=0.2764 n=1000 k=1 floor=0.01 hardMax=15 ratio=1.14 lr=0.13
[GRAD-CLIP] trainerStep=19183 preNorm=0.3079 cap=15.0000 decided=0.2765 binding=relative applied=false mode=log_only median=0.2765 n=1000 k=1 floor=0.01 hardMax=15 ratio=1.11 lr=0.131
[GRAD-CLIP] trainerStep=19184 preNorm=0.3047 cap=15.0000 decided=0.2765 binding=relative applied=false mode=log_only median=0.2765 n=1000 k=1 floor=0.01 hardMax=15 ratio=1.10 lr=0.131
[GRAD-CLIP] trainerStep=19185 preNorm=0.2886 cap=15.0000 decided=0.2766 binding=relative applied=false mode=log_only median=0.2766 n=1000 k=1 floor=0.01 hardMax=15 ratio=1.04 lr=0.131
[GRAD-CLIP] trainerStep=19186 preNorm=0.3132 cap=15.0000 decided=0.2766 binding=relative applied=false mode=log_only median=0.2766 n=1000 k=1 floor=0.01 hardMax=15 ratio=1.13 lr=0.132
[GRAD-CLIP] trainerStep=19187 preNorm=0.3133 cap=15.0000 decided=0.2766 binding=relative applied=false mode=log_only median=0.2766 n=1000 k=1 floor=0.01 hardMax=15 ratio=1.13 lr=0.132
[GRAD-CLIP] trainerStep=19188 preNorm=0.2849 cap=15.0000 decided=0.2767 binding=relative applied=false mode=log_only median=0.2767 n=1000 k=1 floor=0.01 hardMax=15 ratio=1.03 lr=0.132
[GRAD-CLIP] trainerStep=19189 preNorm=0.2887 cap=15.0000 decided=0.2767 binding=relative applied=false mode=log_only median=0.2767 n=1000 k=1 floor=0.01 hardMax=15 ratio=1.04 lr=0.132
[GRAD-CLIP] trainerStep=19190 preNorm=0.2956 cap=15.0000 decided=0.2767 binding=relative applied=false mode=log_only median=0.2767 n=1000 k=1 floor=0.01 hardMax=15 ratio=1.07 lr=0.133
[GRAD-CLIP] trainerStep=19191 preNorm=0.2801 cap=15.0000 decided=0.2767 binding=relative applied=false mode=log_only median=0.2767 n=1000 k=1 floor=0.01 hardMax=15 ratio=1.01 lr=0.133
[GRAD-CLIP] trainerStep=19192 preNorm=0.3027 cap=15.0000 decided=0.2767 binding=relative applied=false mode=log_only median=0.2767 n=1000 k=1 floor=0.01 hardMax=15 ratio=1.09 lr=0.133
[GRAD-CLIP] trainerStep=19194 preNorm=0.2870 cap=15.0000 decided=0.2767 binding=relative applied=false mode=log_only median=0.2767 n=1000 k=1 floor=0.01 hardMax=15 ratio=1.04 lr=0.134
[GRAD-CLIP] trainerStep=19195 preNorm=0.2903 cap=15.0000 decided=0.2768 binding=relative applied=false mode=log_only median=0.2768 n=1000 k=1 floor=0.01 hardMax=15 ratio=1.05 lr=0.134
[GRAD-CLIP] trainerStep=19197 preNorm=0.3068 cap=15.0000 decided=0.2768 binding=relative applied=false mode=log_only median=0.2768 n=1000 k=1 floor=0.01 hardMax=15 ratio=1.11 lr=0.135
[GRAD-CLIP] trainerStep=19198 preNorm=0.2911 cap=15.0000 decided=0.2768 binding=relative applied=false mode=log_only median=0.2768 n=1000 k=1 floor=0.01 hardMax=15 ratio=1.05 lr=0.135
[GRAD-CLIP] trainerStep=19199 preNorm=0.2875 cap=15.0000 decided=0.2769 binding=relative applied=false mode=log_only median=0.2769 n=1000 k=1 floor=0.01 hardMax=15 ratio=1.04 lr=0.135
[GRAD-CLIP] trainerStep=19200 preNorm=0.2909 cap=15.0000 decided=0.2769 binding=relative applied=false mode=log_only median=0.2769 n=1000 k=1 floor=0.01 hardMax=15 ratio=1.05 lr=0.135
[GRAD-CLIP] trainerStep=19201 preNorm=0.2943 cap=15.0000 decided=0.2769 binding=relative applied=false mode=log_only median=0.2769 n=1000 k=1 floor=0.01 hardMax=15 ratio=1.06 lr=0.136
[GRAD-CLIP] trainerStep=19202 preNorm=0.2879 cap=15.0000 decided=0.2770 binding=relative applied=false mode=log_only median=0.2770 n=1000 k=1 floor=0.01 hardMax=15 ratio=1.04 lr=0.136
[GRAD-CLIP] trainerStep=19203 preNorm=0.3153 cap=15.0000 decided=0.2770 binding=relative applied=false mode=log_only median=0.2770 n=1000 k=1 floor=0.01 hardMax=15 ratio=1.14 lr=0.136
[GRAD-CLIP] trainerStep=19204 preNorm=0.2896 cap=15.0000 decided=0.2771 binding=relative applied=false mode=log_only median=0.2771 n=1000 k=1 floor=0.01 hardMax=15 ratio=1.05 lr=0.136
[GRAD-CLIP] trainerStep=19205 preNorm=0.2910 cap=15.0000 decided=0.2771 binding=relative applied=false mode=log_only median=0.2771 n=1000 k=1 floor=0.01 hardMax=15 ratio=1.05 lr=0.137
[GRAD-CLIP] trainerStep=19206 preNorm=0.3109 cap=15.0000 decided=0.2772 binding=relative applied=false mode=log_only median=0.2772 n=1000 k=1 floor=0.01 hardMax=15 ratio=1.12 lr=0.137
[GRAD-CLIP] trainerStep=19207 preNorm=0.3222 cap=15.0000 decided=0.2772 binding=relative applied=false mode=log_only median=0.2772 n=1000 k=1 floor=0.01 hardMax=15 ratio=1.16 lr=0.137
[GRAD-CLIP] trainerStep=19208 preNorm=0.3026 cap=15.0000 decided=0.2772 binding=relative applied=false mode=log_only median=0.2772 n=1000 k=1 floor=0.01 hardMax=15 ratio=1.09 lr=0.138
[GRAD-CLIP] trainerStep=19209 preNorm=0.2953 cap=15.0000 decided=0.2772 binding=relative applied=false mode=log_only median=0.2772 n=1000 k=1 floor=0.01 hardMax=15 ratio=1.07 lr=0.138
[GRAD-CLIP] trainerStep=19210 preNorm=0.2951 cap=15.0000 decided=0.2773 binding=relative applied=false mode=log_only median=0.2773 n=1000 k=1 floor=0.01 hardMax=15 ratio=1.06 lr=0.138
[GRAD-CLIP] trainerStep=19211 preNorm=0.3214 cap=15.0000 decided=0.2773 binding=relative applied=false mode=log_only median=0.2773 n=1000 k=1 floor=0.01 hardMax=15 ratio=1.16 lr=0.138
[GRAD-CLIP] trainerStep=19213 preNorm=0.3097 cap=15.0000 decided=0.2773 binding=relative applied=false mode=log_only median=0.2773 n=1000 k=1 floor=0.01 hardMax=15 ratio=1.12 lr=0.139
[GRAD-CLIP] trainerStep=19214 preNorm=0.2970 cap=15.0000 decided=0.2773 binding=relative applied=false mode=log_only median=0.2773 n=1000 k=1 floor=0.01 hardMax=15 ratio=1.07 lr=0.139
[GRAD-CLIP] trainerStep=19215 preNorm=0.3098 cap=15.0000 decided=0.2773 binding=relative applied=false mode=log_only median=0.2773 n=1000 k=1 floor=0.01 hardMax=15 ratio=1.12 lr=0.139
[GRAD-CLIP] trainerStep=19216 preNorm=0.3083 cap=15.0000 decided=0.2774 binding=relative applied=false mode=log_only median=0.2774 n=1000 k=1 floor=0.01 hardMax=15 ratio=1.11 lr=0.14
[GRAD-CLIP] trainerStep=19217 preNorm=0.2958 cap=15.0000 decided=0.2774 binding=relative applied=false mode=log_only median=0.2774 n=1000 k=1 floor=0.01 hardMax=15 ratio=1.07 lr=0.14
[GRAD-CLIP] trainerStep=19218 preNorm=0.3169 cap=15.0000 decided=0.2774 binding=relative applied=false mode=log_only median=0.2774 n=1000 k=1 floor=0.01 hardMax=15 ratio=1.14 lr=0.14
[GRAD-CLIP] trainerStep=19219 preNorm=0.3034 cap=15.0000 decided=0.2775 binding=relative applied=false mode=log_only median=0.2775 n=1000 k=1 floor=0.01 hardMax=15 ratio=1.09 lr=0.141
[GRAD-CLIP] trainerStep=19220 preNorm=0.2986 cap=15.0000 decided=0.2775 binding=relative applied=false mode=log_only median=0.2775 n=1000 k=1 floor=0.01 hardMax=15 ratio=1.08 lr=0.141
[GRAD-CLIP] trainerStep=19222 preNorm=0.3302 cap=15.0000 decided=0.2775 binding=relative applied=false mode=log_only median=0.2775 n=1000 k=1 floor=0.01 hardMax=15 ratio=1.19 lr=0.141
[GRAD-CLIP] trainerStep=19224 preNorm=0.2990 cap=15.0000 decided=0.2776 binding=relative applied=false mode=log_only median=0.2776 n=1000 k=1 floor=0.01 hardMax=15 ratio=1.08 lr=0.142
[GRAD-CLIP] trainerStep=19225 preNorm=0.2845 cap=15.0000 decided=0.2776 binding=relative applied=false mode=log_only median=0.2776 n=1000 k=1 floor=0.01 hardMax=15 ratio=1.02 lr=0.142
[GRAD-CLIP] trainerStep=19226 preNorm=0.3010 cap=15.0000 decided=0.2776 binding=relative applied=false mode=log_only median=0.2776 n=1000 k=1 floor=0.01 hardMax=15 ratio=1.08 lr=0.142
[GRAD-CLIP] trainerStep=19229 preNorm=0.2835 cap=15.0000 decided=0.2777 binding=relative applied=false mode=log_only median=0.2777 n=1000 k=1 floor=0.01 hardMax=15 ratio=1.02 lr=0.143
[GRAD-CLIP] trainerStep=19230 preNorm=0.2892 cap=15.0000 decided=0.2778 binding=relative applied=false mode=log_only median=0.2778 n=1000 k=1 floor=0.01 hardMax=15 ratio=1.04 lr=0.144
[GRAD-CLIP] trainerStep=19231 preNorm=0.2831 cap=15.0000 decided=0.2778 binding=relative applied=false mode=log_only median=0.2778 n=1000 k=1 floor=0.01 hardMax=15 ratio=1.02 lr=0.144
[GRAD-CLIP] trainerStep=19232 preNorm=0.2993 cap=15.0000 decided=0.2778 binding=relative applied=false mode=log_only median=0.2778 n=1000 k=1 floor=0.01 hardMax=15 ratio=1.08 lr=0.144
[GRAD-CLIP] trainerStep=19233 preNorm=0.2855 cap=15.0000 decided=0.2778 binding=relative applied=false mode=log_only median=0.2778 n=1000 k=1 floor=0.01 hardMax=15 ratio=1.03 lr=0.144
[GRAD-CLIP] trainerStep=19234 preNorm=0.2947 cap=15.0000 decided=0.2778 binding=relative applied=false mode=log_only median=0.2778 n=1000 k=1 floor=0.01 hardMax=15 ratio=1.06 lr=0.145
[GRAD-CLIP] trainerStep=19235 preNorm=0.3210 cap=15.0000 decided=0.2778 binding=relative applied=false mode=log_only median=0.2778 n=1000 k=1 floor=0.01 hardMax=15 ratio=1.16 lr=0.145
[GRAD-CLIP] trainerStep=19236 preNorm=0.2854 cap=15.0000 decided=0.2779 binding=relative applied=false mode=log_only median=0.2779 n=1000 k=1 floor=0.01 hardMax=15 ratio=1.03 lr=0.145
[GRAD-CLIP] trainerStep=19238 preNorm=0.2984 cap=15.0000 decided=0.2779 binding=relative applied=false mode=log_only median=0.2779 n=1000 k=1 floor=0.01 hardMax=15 ratio=1.07 lr=0.146
[GRAD-CLIP] trainerStep=19239 preNorm=0.2827 cap=15.0000 decided=0.2779 binding=relative applied=false mode=log_only median=0.2779 n=1000 k=1 floor=0.01 hardMax=15 ratio=1.02 lr=0.146
[GRAD-CLIP] trainerStep=19240 preNorm=0.2842 cap=15.0000 decided=0.2779 binding=relative applied=false mode=log_only median=0.2779 n=1000 k=1 floor=0.01 hardMax=15 ratio=1.02 lr=0.146
[REPLAY] step=1240 loss=3.5218 pLoss=2.7215 vLoss=0.7977 pEnt=2.869 pIllM=0.0026 playedP=0.173 pW=0.46 pD=0.07 pL=0.48 vAbs=0.222 pLogitMean=-9.7356 vLogitMean=0.5929 gNorm=0.284 lr=0.147 ms=1173.6 buf=500000 plies=11338302 games=169539 rejected=0 skipped=0 epoch=0 mom=0.8776 lrCyc[pk=9.8e-01,tr=9.9e-04] gNormMax=0.3379 clips=0 gCap=15.0000 trainerStep=19240
[LAYER-HEALTH] live trainerStep=19240 scope=batch_norm_state_only reluSites=2/10 ch=144 dead=0 off=1 alwaysOn=0 worst=value.bn(dead 0 off 1 on 0) maxBetaOverGamma=+2.06@policy.pre_bn[103] minBetaOverGamma=-2.04@value.bn[4] rvMaxOverMedian=61.2@blocks.2.bn1[31] rezero=none nonFinite=0 parkedSites=9/10 parkedCh=1040 parked=0 parkedOff=1 parkedBy=none
[GRAD-CLIP] trainerStep=19241 preNorm=0.2897 cap=15.0000 decided=0.2779 binding=relative applied=false mode=log_only median=0.2779 n=1000 k=1 floor=0.01 hardMax=15 ratio=1.04 lr=0.147
[GRAD-CLIP] trainerStep=19242 preNorm=0.2970 cap=15.0000 decided=0.2779 binding=relative applied=false mode=log_only median=0.2779 n=1000 k=1 floor=0.01 hardMax=15 ratio=1.07 lr=0.147
[GRAD-CLIP] trainerStep=19243 preNorm=0.2923 cap=15.0000 decided=0.2780 binding=relative applied=false mode=log_only median=0.2780 n=1000 k=1 floor=0.01 hardMax=15 ratio=1.05 lr=0.147
[GRAD-CLIP] trainerStep=19244 preNorm=0.3220 cap=15.0000 decided=0.2780 binding=relative applied=false mode=log_only median=0.2780 n=1000 k=1 floor=0.01 hardMax=15 ratio=1.16 lr=0.148
[GRAD-CLIP] trainerStep=19245 preNorm=0.2913 cap=15.0000 decided=0.2780 binding=relative applied=false mode=log_only median=0.2780 n=1000 k=1 floor=0.01 hardMax=15 ratio=1.05 lr=0.148
[GRAD-CLIP] trainerStep=19246 preNorm=0.2915 cap=15.0000 decided=0.2780 binding=relative applied=false mode=log_only median=0.2780 n=1000 k=1 floor=0.01 hardMax=15 ratio=1.05 lr=0.148
[GRAD-CLIP] trainerStep=19247 preNorm=0.2986 cap=15.0000 decided=0.2781 binding=relative applied=false mode=log_only median=0.2781 n=1000 k=1 floor=0.01 hardMax=15 ratio=1.07 lr=0.148
[GRAD-CLIP] trainerStep=19248 preNorm=0.3131 cap=15.0000 decided=0.2781 binding=relative applied=false mode=log_only median=0.2781 n=1000 k=1 floor=0.01 hardMax=15 ratio=1.13 lr=0.149
[GRAD-CLIP] trainerStep=19249 preNorm=0.3032 cap=15.0000 decided=0.2782 binding=relative applied=false mode=log_only median=0.2782 n=1000 k=1 floor=0.01 hardMax=15 ratio=1.09 lr=0.149
[GRAD-CLIP] trainerStep=19250 preNorm=0.2995 cap=15.0000 decided=0.2782 binding=relative applied=false mode=log_only median=0.2782 n=1000 k=1 floor=0.01 hardMax=15 ratio=1.08 lr=0.149
[GRAD-CLIP] trainerStep=19251 preNorm=0.3050 cap=15.0000 decided=0.2782 binding=relative applied=false mode=log_only median=0.2782 n=1000 k=1 floor=0.01 hardMax=15 ratio=1.10 lr=0.15
[GRAD-CLIP] trainerStep=19252 preNorm=0.2893 cap=15.0000 decided=0.2782 binding=relative applied=false mode=log_only median=0.2782 n=1000 k=1 floor=0.01 hardMax=15 ratio=1.04 lr=0.15
[GRAD-CLIP] trainerStep=19253 preNorm=0.3128 cap=15.0000 decided=0.2783 binding=relative applied=false mode=log_only median=0.2783 n=1000 k=1 floor=0.01 hardMax=15 ratio=1.12 lr=0.15
[GRAD-CLIP] trainerStep=19254 preNorm=0.2906 cap=15.0000 decided=0.2783 binding=relative applied=false mode=log_only median=0.2783 n=1000 k=1 floor=0.01 hardMax=15 ratio=1.04 lr=0.15
[GRAD-CLIP] trainerStep=19255 preNorm=0.2950 cap=15.0000 decided=0.2784 binding=relative applied=false mode=log_only median=0.2784 n=1000 k=1 floor=0.01 hardMax=15 ratio=1.06 lr=0.151
[GRAD-CLIP] trainerStep=19256 preNorm=0.2810 cap=15.0000 decided=0.2784 binding=relative applied=false mode=log_only median=0.2784 n=1000 k=1 floor=0.01 hardMax=15 ratio=1.01 lr=0.151
[GRAD-CLIP] trainerStep=19257 preNorm=0.2910 cap=15.0000 decided=0.2785 binding=relative applied=false mode=log_only median=0.2785 n=1000 k=1 floor=0.01 hardMax=15 ratio=1.04 lr=0.151
[GRAD-CLIP] trainerStep=19258 preNorm=0.2994 cap=15.0000 decided=0.2785 binding=relative applied=false mode=log_only median=0.2785 n=1000 k=1 floor=0.01 hardMax=15 ratio=1.08 lr=0.152
[GRAD-CLIP] trainerStep=19259 preNorm=0.2824 cap=15.0000 decided=0.2786 binding=relative applied=false mode=log_only median=0.2786 n=1000 k=1 floor=0.01 hardMax=15 ratio=1.01 lr=0.152
[GRAD-CLIP] trainerStep=19260 preNorm=0.2832 cap=15.0000 decided=0.2787 binding=relative applied=false mode=log_only median=0.2787 n=1000 k=1 floor=0.01 hardMax=15 ratio=1.02 lr=0.152
[GRAD-CLIP] trainerStep=19261 preNorm=0.3124 cap=15.0000 decided=0.2787 binding=relative applied=false mode=log_only median=0.2787 n=1000 k=1 floor=0.01 hardMax=15 ratio=1.12 lr=0.152
[GRAD-CLIP] trainerStep=19262 preNorm=0.2953 cap=15.0000 decided=0.2787 binding=relative applied=false mode=log_only median=0.2787 n=1000 k=1 floor=0.01 hardMax=15 ratio=1.06 lr=0.153
[GRAD-CLIP] trainerStep=19263 preNorm=0.2889 cap=15.0000 decided=0.2787 binding=relative applied=false mode=log_only median=0.2787 n=1000 k=1 floor=0.01 hardMax=15 ratio=1.04 lr=0.153
[GRAD-CLIP] trainerStep=19264 preNorm=0.2961 cap=15.0000 decided=0.2788 binding=relative applied=false mode=log_only median=0.2788 n=1000 k=1 floor=0.01 hardMax=15 ratio=1.06 lr=0.153
[GRAD-CLIP] trainerStep=19265 preNorm=0.3220 cap=15.0000 decided=0.2789 binding=relative applied=false mode=log_only median=0.2789 n=1000 k=1 floor=0.01 hardMax=15 ratio=1.15 lr=0.154
[GRAD-CLIP] trainerStep=19266 preNorm=0.3186 cap=15.0000 decided=0.2789 binding=relative applied=false mode=log_only median=0.2789 n=1000 k=1 floor=0.01 hardMax=15 ratio=1.14 lr=0.154
[GRAD-CLIP] trainerStep=19267 preNorm=0.2965 cap=15.0000 decided=0.2789 binding=relative applied=false mode=log_only median=0.2789 n=1000 k=1 floor=0.01 hardMax=15 ratio=1.06 lr=0.154
[GRAD-CLIP] trainerStep=19268 preNorm=0.3093 cap=15.0000 decided=0.2789 binding=relative applied=false mode=log_only median=0.2789 n=1000 k=1 floor=0.01 hardMax=15 ratio=1.11 lr=0.154
[GRAD-CLIP] trainerStep=19269 preNorm=0.3082 cap=15.0000 decided=0.2789 binding=relative applied=false mode=log_only median=0.2789 n=1000 k=1 floor=0.01 hardMax=15 ratio=1.10 lr=0.155
[GRAD-CLIP] trainerStep=19271 preNorm=0.2981 cap=15.0000 decided=0.2789 binding=relative applied=false mode=log_only median=0.2789 n=1000 k=1 floor=0.01 hardMax=15 ratio=1.07 lr=0.155
[GRAD-CLIP] trainerStep=19272 preNorm=0.2904 cap=15.0000 decided=0.2790 binding=relative applied=false mode=log_only median=0.2790 n=1000 k=1 floor=0.01 hardMax=15 ratio=1.04 lr=0.156
[GRAD-CLIP] trainerStep=19273 preNorm=0.3120 cap=15.0000 decided=0.2790 binding=relative applied=false mode=log_only median=0.2790 n=1000 k=1 floor=0.01 hardMax=15 ratio=1.12 lr=0.156
[GRAD-CLIP] trainerStep=19274 preNorm=0.2839 cap=15.0000 decided=0.2790 binding=relative applied=false mode=log_only median=0.2790 n=1000 k=1 floor=0.01 hardMax=15 ratio=1.02 lr=0.156
[GRAD-CLIP] trainerStep=19276 preNorm=0.2906 cap=15.0000 decided=0.2791 binding=relative applied=false mode=log_only median=0.2791 n=1000 k=1 floor=0.01 hardMax=15 ratio=1.04 lr=0.157
[GRAD-CLIP] trainerStep=19277 preNorm=0.3011 cap=15.0000 decided=0.2791 binding=relative applied=false mode=log_only median=0.2791 n=1000 k=1 floor=0.01 hardMax=15 ratio=1.08 lr=0.157
[GRAD-CLIP] trainerStep=19280 preNorm=0.2947 cap=15.0000 decided=0.2791 binding=relative applied=false mode=log_only median=0.2791 n=1000 k=1 floor=0.01 hardMax=15 ratio=1.06 lr=0.158
[GRAD-CLIP] trainerStep=19283 preNorm=0.2914 cap=15.0000 decided=0.2792 binding=relative applied=false mode=log_only median=0.2792 n=1000 k=1 floor=0.01 hardMax=15 ratio=1.04 lr=0.159
[GRAD-CLIP] trainerStep=19285 preNorm=0.2992 cap=15.0000 decided=0.2792 binding=relative applied=false mode=log_only median=0.2792 n=1000 k=1 floor=0.01 hardMax=15 ratio=1.07 lr=0.16
[GRAD-CLIP] trainerStep=19286 preNorm=0.2995 cap=15.0000 decided=0.2792 binding=relative applied=false mode=log_only median=0.2792 n=1000 k=1 floor=0.01 hardMax=15 ratio=1.07 lr=0.16
[GRAD-CLIP] trainerStep=19287 preNorm=0.2939 cap=15.0000 decided=0.2793 binding=relative applied=false mode=log_only median=0.2793 n=1000 k=1 floor=0.01 hardMax=15 ratio=1.05 lr=0.16
[GRAD-CLIP] trainerStep=19288 preNorm=0.2929 cap=15.0000 decided=0.2793 binding=relative applied=false mode=log_only median=0.2793 n=1000 k=1 floor=0.01 hardMax=15 ratio=1.05 lr=0.161
[GRAD-CLIP] trainerStep=19289 preNorm=0.3298 cap=15.0000 decided=0.2794 binding=relative applied=false mode=log_only median=0.2794 n=1000 k=1 floor=0.01 hardMax=15 ratio=1.18 lr=0.161
[GRAD-CLIP] trainerStep=19290 preNorm=0.3016 cap=15.0000 decided=0.2794 binding=relative applied=false mode=log_only median=0.2794 n=1000 k=1 floor=0.01 hardMax=15 ratio=1.08 lr=0.161
[GRAD-CLIP] trainerStep=19291 preNorm=0.2973 cap=15.0000 decided=0.2794 binding=relative applied=false mode=log_only median=0.2794 n=1000 k=1 floor=0.01 hardMax=15 ratio=1.06 lr=0.161
[GRAD-CLIP] trainerStep=19292 preNorm=0.3007 cap=15.0000 decided=0.2794 binding=relative applied=false mode=log_only median=0.2794 n=1000 k=1 floor=0.01 hardMax=15 ratio=1.08 lr=0.162
[GRAD-CLIP] trainerStep=19293 preNorm=0.3005 cap=15.0000 decided=0.2795 binding=relative applied=false mode=log_only median=0.2795 n=1000 k=1 floor=0.01 hardMax=15 ratio=1.08 lr=0.162
[GRAD-CLIP] trainerStep=19294 preNorm=0.3089 cap=15.0000 decided=0.2796 binding=relative applied=false mode=log_only median=0.2796 n=1000 k=1 floor=0.01 hardMax=15 ratio=1.11 lr=0.162
[GRAD-CLIP] trainerStep=19295 preNorm=0.2963 cap=15.0000 decided=0.2796 binding=relative applied=false mode=log_only median=0.2796 n=1000 k=1 floor=0.01 hardMax=15 ratio=1.06 lr=0.163
[GRAD-CLIP] trainerStep=19296 preNorm=0.3473 cap=15.0000 decided=0.2796 binding=relative applied=false mode=log_only median=0.2796 n=1000 k=1 floor=0.01 hardMax=15 ratio=1.24 lr=0.163
[GRAD-CLIP] trainerStep=19297 preNorm=0.3243 cap=15.0000 decided=0.2797 binding=relative applied=false mode=log_only median=0.2797 n=1000 k=1 floor=0.01 hardMax=15 ratio=1.16 lr=0.163
[GRAD-CLIP] trainerStep=19298 preNorm=0.3219 cap=15.0000 decided=0.2797 binding=relative applied=false mode=log_only median=0.2797 n=1000 k=1 floor=0.01 hardMax=15 ratio=1.15 lr=0.164
[GRAD-CLIP] trainerStep=19299 preNorm=0.3072 cap=15.0000 decided=0.2797 binding=relative applied=false mode=log_only median=0.2797 n=1000 k=1 floor=0.01 hardMax=15 ratio=1.10 lr=0.164
[GRAD-CLIP] trainerStep=19300 preNorm=0.3383 cap=15.0000 decided=0.2797 binding=relative applied=false mode=log_only median=0.2797 n=1000 k=1 floor=0.01 hardMax=15 ratio=1.21 lr=0.164
[GRAD-CLIP] trainerStep=19301 preNorm=0.3191 cap=15.0000 decided=0.2798 binding=relative applied=false mode=log_only median=0.2798 n=1000 k=1 floor=0.01 hardMax=15 ratio=1.14 lr=0.165
[GRAD-CLIP] trainerStep=19302 preNorm=0.3223 cap=15.0000 decided=0.2798 binding=relative applied=false mode=log_only median=0.2798 n=1000 k=1 floor=0.01 hardMax=15 ratio=1.15 lr=0.165
[GRAD-CLIP] trainerStep=19303 preNorm=0.2951 cap=15.0000 decided=0.2798 binding=relative applied=false mode=log_only median=0.2798 n=1000 k=1 floor=0.01 hardMax=15 ratio=1.05 lr=0.165
[GRAD-CLIP] trainerStep=19304 preNorm=0.2876 cap=15.0000 decided=0.2798 binding=relative applied=false mode=log_only median=0.2798 n=1000 k=1 floor=0.01 hardMax=15 ratio=1.03 lr=0.165
[GRAD-CLIP] trainerStep=19305 preNorm=0.3102 cap=15.0000 decided=0.2798 binding=relative applied=false mode=log_only median=0.2798 n=1000 k=1 floor=0.01 hardMax=15 ratio=1.11 lr=0.166
[GRAD-CLIP] trainerStep=19306 preNorm=0.3548 cap=15.0000 decided=0.2799 binding=relative applied=false mode=log_only median=0.2799 n=1000 k=1 floor=0.01 hardMax=15 ratio=1.27 lr=0.166
[GRAD-CLIP] trainerStep=19307 preNorm=0.2945 cap=15.0000 decided=0.2799 binding=relative applied=false mode=log_only median=0.2799 n=1000 k=1 floor=0.01 hardMax=15 ratio=1.05 lr=0.166
[GRAD-CLIP] trainerStep=19308 preNorm=0.2932 cap=15.0000 decided=0.2800 binding=relative applied=false mode=log_only median=0.2800 n=1000 k=1 floor=0.01 hardMax=15 ratio=1.05 lr=0.167
[GRAD-CLIP] trainerStep=19309 preNorm=0.3187 cap=15.0000 decided=0.2800 binding=relative applied=false mode=log_only median=0.2800 n=1000 k=1 floor=0.01 hardMax=15 ratio=1.14 lr=0.167
[GRAD-CLIP] trainerStep=19310 preNorm=0.3063 cap=15.0000 decided=0.2800 binding=relative applied=false mode=log_only median=0.2800 n=1000 k=1 floor=0.01 hardMax=15 ratio=1.09 lr=0.167
[GRAD-CLIP] trainerStep=19311 preNorm=0.3391 cap=15.0000 decided=0.2800 binding=relative applied=false mode=log_only median=0.2800 n=1000 k=1 floor=0.01 hardMax=15 ratio=1.21 lr=0.168
[GRAD-CLIP] trainerStep=19312 preNorm=0.2803 cap=15.0000 decided=0.2801 binding=relative applied=false mode=log_only median=0.2801 n=1000 k=1 floor=0.01 hardMax=15 ratio=1.00 lr=0.168
[GRAD-CLIP] trainerStep=19313 preNorm=0.2993 cap=15.0000 decided=0.2801 binding=relative applied=false mode=log_only median=0.2801 n=1000 k=1 floor=0.01 hardMax=15 ratio=1.07 lr=0.168
[GRAD-CLIP] trainerStep=19314 preNorm=0.3319 cap=15.0000 decided=0.2801 binding=relative applied=false mode=log_only median=0.2801 n=1000 k=1 floor=0.01 hardMax=15 ratio=1.18 lr=0.169
[GRAD-CLIP] trainerStep=19315 preNorm=0.2954 cap=15.0000 decided=0.2801 binding=relative applied=false mode=log_only median=0.2801 n=1000 k=1 floor=0.01 hardMax=15 ratio=1.05 lr=0.169
[GRAD-CLIP] trainerStep=19316 preNorm=0.3271 cap=15.0000 decided=0.2802 binding=relative applied=false mode=log_only median=0.2802 n=1000 k=1 floor=0.01 hardMax=15 ratio=1.17 lr=0.169
[GRAD-CLIP] trainerStep=19317 preNorm=0.2917 cap=15.0000 decided=0.2802 binding=relative applied=false mode=log_only median=0.2802 n=1000 k=1 floor=0.01 hardMax=15 ratio=1.04 lr=0.17
[GRAD-CLIP] trainerStep=19318 preNorm=0.3177 cap=15.0000 decided=0.2802 binding=relative applied=false mode=log_only median=0.2802 n=1000 k=1 floor=0.01 hardMax=15 ratio=1.13 lr=0.17
[GRAD-CLIP] trainerStep=19319 preNorm=0.3115 cap=15.0000 decided=0.2802 binding=relative applied=false mode=log_only median=0.2802 n=1000 k=1 floor=0.01 hardMax=15 ratio=1.11 lr=0.17
[GRAD-CLIP] trainerStep=19320 preNorm=0.3179 cap=15.0000 decided=0.2803 binding=relative applied=false mode=log_only median=0.2803 n=1000 k=1 floor=0.01 hardMax=15 ratio=1.13 lr=0.171
[GRAD-CLIP] trainerStep=19321 preNorm=0.2915 cap=15.0000 decided=0.2803 binding=relative applied=false mode=log_only median=0.2803 n=1000 k=1 floor=0.01 hardMax=15 ratio=1.04 lr=0.171
[GRAD-CLIP] trainerStep=19322 preNorm=0.3155 cap=15.0000 decided=0.2803 binding=relative applied=false mode=log_only median=0.2803 n=1000 k=1 floor=0.01 hardMax=15 ratio=1.13 lr=0.171
[GRAD-CLIP] trainerStep=19323 preNorm=0.3116 cap=15.0000 decided=0.2804 binding=relative applied=false mode=log_only median=0.2804 n=1000 k=1 floor=0.01 hardMax=15 ratio=1.11 lr=0.172
[GRAD-CLIP] trainerStep=19324 preNorm=0.2911 cap=15.0000 decided=0.2804 binding=relative applied=false mode=log_only median=0.2804 n=1000 k=1 floor=0.01 hardMax=15 ratio=1.04 lr=0.172
[GRAD-CLIP] trainerStep=19325 preNorm=0.3081 cap=15.0000 decided=0.2804 binding=relative applied=false mode=log_only median=0.2804 n=1000 k=1 floor=0.01 hardMax=15 ratio=1.10 lr=0.172
[GRAD-CLIP] trainerStep=19326 preNorm=0.2956 cap=15.0000 decided=0.2805 binding=relative applied=false mode=log_only median=0.2805 n=1000 k=1 floor=0.01 hardMax=15 ratio=1.05 lr=0.172
[GRAD-CLIP] trainerStep=19327 preNorm=0.2990 cap=15.0000 decided=0.2806 binding=relative applied=false mode=log_only median=0.2806 n=1000 k=1 floor=0.01 hardMax=15 ratio=1.07 lr=0.173
[GRAD-CLIP] trainerStep=19328 preNorm=0.3007 cap=15.0000 decided=0.2806 binding=relative applied=false mode=log_only median=0.2806 n=1000 k=1 floor=0.01 hardMax=15 ratio=1.07 lr=0.173
[GRAD-CLIP] trainerStep=19329 preNorm=0.2821 cap=15.0000 decided=0.2806 binding=relative applied=false mode=log_only median=0.2806 n=1000 k=1 floor=0.01 hardMax=15 ratio=1.01 lr=0.173
[GRAD-CLIP] trainerStep=19330 preNorm=0.2942 cap=15.0000 decided=0.2807 binding=relative applied=false mode=log_only median=0.2807 n=1000 k=1 floor=0.01 hardMax=15 ratio=1.05 lr=0.174
[GRAD-CLIP] trainerStep=19331 preNorm=0.3129 cap=15.0000 decided=0.2807 binding=relative applied=false mode=log_only median=0.2807 n=1000 k=1 floor=0.01 hardMax=15 ratio=1.11 lr=0.174
[GRAD-CLIP] trainerStep=19332 preNorm=0.2990 cap=15.0000 decided=0.2808 binding=relative applied=false mode=log_only median=0.2808 n=1000 k=1 floor=0.01 hardMax=15 ratio=1.06 lr=0.174
[GRAD-CLIP] trainerStep=19333 preNorm=0.2845 cap=15.0000 decided=0.2808 binding=relative applied=false mode=log_only median=0.2808 n=1000 k=1 floor=0.01 hardMax=15 ratio=1.01 lr=0.175
[GRAD-CLIP] trainerStep=19334 preNorm=0.3050 cap=15.0000 decided=0.2809 binding=relative applied=false mode=log_only median=0.2809 n=1000 k=1 floor=0.01 hardMax=15 ratio=1.09 lr=0.175
[GRAD-CLIP] trainerStep=19335 preNorm=0.2958 cap=15.0000 decided=0.2809 binding=relative applied=false mode=log_only median=0.2809 n=1000 k=1 floor=0.01 hardMax=15 ratio=1.05 lr=0.175
[GRAD-CLIP] trainerStep=19336 preNorm=0.3203 cap=15.0000 decided=0.2809 binding=relative applied=false mode=log_only median=0.2809 n=1000 k=1 floor=0.01 hardMax=15 ratio=1.14 lr=0.176
[GRAD-CLIP] trainerStep=19337 preNorm=0.2946 cap=15.0000 decided=0.2809 binding=relative applied=false mode=log_only median=0.2809 n=1000 k=1 floor=0.01 hardMax=15 ratio=1.05 lr=0.176
[GRAD-CLIP] trainerStep=19338 preNorm=0.3054 cap=15.0000 decided=0.2809 binding=relative applied=false mode=log_only median=0.2809 n=1000 k=1 floor=0.01 hardMax=15 ratio=1.09 lr=0.176
[GRAD-CLIP] trainerStep=19339 preNorm=0.3048 cap=15.0000 decided=0.2810 binding=relative applied=false mode=log_only median=0.2810 n=1000 k=1 floor=0.01 hardMax=15 ratio=1.08 lr=0.177
[GRAD-CLIP] trainerStep=19340 preNorm=0.2938 cap=15.0000 decided=0.2810 binding=relative applied=false mode=log_only median=0.2810 n=1000 k=1 floor=0.01 hardMax=15 ratio=1.05 lr=0.177
[GRAD-CLIP] trainerStep=19341 preNorm=0.3033 cap=15.0000 decided=0.2811 binding=relative applied=false mode=log_only median=0.2811 n=1000 k=1 floor=0.01 hardMax=15 ratio=1.08 lr=0.177
[GRAD-CLIP] trainerStep=19342 preNorm=0.2908 cap=15.0000 decided=0.2811 binding=relative applied=false mode=log_only median=0.2811 n=1000 k=1 floor=0.01 hardMax=15 ratio=1.03 lr=0.178
[GRAD-CLIP] trainerStep=19343 preNorm=0.3085 cap=15.0000 decided=0.2812 binding=relative applied=false mode=log_only median=0.2812 n=1000 k=1 floor=0.01 hardMax=15 ratio=1.10 lr=0.178
[GRAD-CLIP] trainerStep=19345 preNorm=0.2855 cap=15.0000 decided=0.2813 binding=relative applied=false mode=log_only median=0.2813 n=1000 k=1 floor=0.01 hardMax=15 ratio=1.01 lr=0.179
[GRAD-CLIP] trainerStep=19346 preNorm=0.2983 cap=15.0000 decided=0.2813 binding=relative applied=false mode=log_only median=0.2813 n=1000 k=1 floor=0.01 hardMax=15 ratio=1.06 lr=0.179
[GRAD-CLIP] trainerStep=19348 preNorm=0.3199 cap=15.0000 decided=0.2813 binding=relative applied=false mode=log_only median=0.2813 n=1000 k=1 floor=0.01 hardMax=15 ratio=1.14 lr=0.18
[GRAD-CLIP] trainerStep=19349 preNorm=0.3133 cap=15.0000 decided=0.2814 binding=relative applied=false mode=log_only median=0.2814 n=1000 k=1 floor=0.01 hardMax=15 ratio=1.11 lr=0.18
[GRAD-CLIP] trainerStep=19350 preNorm=0.2906 cap=15.0000 decided=0.2814 binding=relative applied=false mode=log_only median=0.2814 n=1000 k=1 floor=0.01 hardMax=15 ratio=1.03 lr=0.18
[GRAD-CLIP] trainerStep=19351 preNorm=0.3260 cap=15.0000 decided=0.2815 binding=relative applied=false mode=log_only median=0.2815 n=1000 k=1 floor=0.01 hardMax=15 ratio=1.16 lr=0.181
[GRAD-CLIP] trainerStep=19352 preNorm=0.3145 cap=15.0000 decided=0.2815 binding=relative applied=false mode=log_only median=0.2815 n=1000 k=1 floor=0.01 hardMax=15 ratio=1.12 lr=0.181
[GRAD-CLIP] trainerStep=19353 preNorm=0.2965 cap=15.0000 decided=0.2816 binding=relative applied=false mode=log_only median=0.2816 n=1000 k=1 floor=0.01 hardMax=15 ratio=1.05 lr=0.181
[GRAD-CLIP] trainerStep=19354 preNorm=0.3307 cap=15.0000 decided=0.2816 binding=relative applied=false mode=log_only median=0.2816 n=1000 k=1 floor=0.01 hardMax=15 ratio=1.17 lr=0.182
[GRAD-CLIP] trainerStep=19355 preNorm=0.3297 cap=15.0000 decided=0.2817 binding=relative applied=false mode=log_only median=0.2817 n=1000 k=1 floor=0.01 hardMax=15 ratio=1.17 lr=0.182
[GRAD-CLIP] trainerStep=19356 preNorm=0.3326 cap=15.0000 decided=0.2817 binding=relative applied=false mode=log_only median=0.2817 n=1000 k=1 floor=0.01 hardMax=15 ratio=1.18 lr=0.182
[GRAD-CLIP] trainerStep=19357 preNorm=0.3014 cap=15.0000 decided=0.2818 binding=relative applied=false mode=log_only median=0.2818 n=1000 k=1 floor=0.01 hardMax=15 ratio=1.07 lr=0.183
[GRAD-CLIP] trainerStep=19358 preNorm=0.3123 cap=15.0000 decided=0.2819 binding=relative applied=false mode=log_only median=0.2819 n=1000 k=1 floor=0.01 hardMax=15 ratio=1.11 lr=0.183
[GRAD-CLIP] trainerStep=19359 preNorm=0.3231 cap=15.0000 decided=0.2820 binding=relative applied=false mode=log_only median=0.2820 n=1000 k=1 floor=0.01 hardMax=15 ratio=1.15 lr=0.183
[GRAD-CLIP] trainerStep=19360 preNorm=0.3097 cap=15.0000 decided=0.2821 binding=relative applied=false mode=log_only median=0.2821 n=1000 k=1 floor=0.01 hardMax=15 ratio=1.10 lr=0.184
[REPLAY] step=1360 loss=3.4897 pLoss=2.6866 vLoss=0.8004 pEnt=2.868 pIllM=0.0027 playedP=0.172 pW=0.46 pD=0.07 pL=0.47 vAbs=0.240 pLogitMean=-9.7057 vLogitMean=0.5942 gNorm=0.310 lr=0.184 ms=1189.5 buf=500000 plies=12362267 games=184727 rejected=0 skipped=0 epoch=0 mom=0.8743 lrCyc[pk=9.8e-01,tr=9.9e-04] gNormMax=0.3548 clips=0 gCap=15.0000 trainerStep=19360
[LAYER-HEALTH] live trainerStep=19360 scope=batch_norm_state_only reluSites=2/10 ch=144 dead=0 off=0 alwaysOn=0 worst=none maxBetaOverGamma=+2.08@policy.pre_bn[103] minBetaOverGamma=-1.98@value.bn[9] rvMaxOverMedian=62.5@blocks.2.bn1[31] rezero=none nonFinite=0 parkedSites=9/10 parkedCh=1040 parked=0 parkedOff=0 parkedBy=none
[GRAD-CLIP] trainerStep=19361 preNorm=0.3083 cap=15.0000 decided=0.2821 binding=relative applied=false mode=log_only median=0.2821 n=1000 k=1 floor=0.01 hardMax=15 ratio=1.09 lr=0.184
[GRAD-CLIP] trainerStep=19362 preNorm=0.3162 cap=15.0000 decided=0.2822 binding=relative applied=false mode=log_only median=0.2822 n=1000 k=1 floor=0.01 hardMax=15 ratio=1.12 lr=0.185
[GRAD-CLIP] trainerStep=19363 preNorm=0.3080 cap=15.0000 decided=0.2822 binding=relative applied=false mode=log_only median=0.2822 n=1000 k=1 floor=0.01 hardMax=15 ratio=1.09 lr=0.185
[GRAD-CLIP] trainerStep=19364 preNorm=0.3090 cap=15.0000 decided=0.2822 binding=relative applied=false mode=log_only median=0.2822 n=1000 k=1 floor=0.01 hardMax=15 ratio=1.09 lr=0.185
[GRAD-CLIP] trainerStep=19365 preNorm=0.3225 cap=15.0000 decided=0.2823 binding=relative applied=false mode=log_only median=0.2823 n=1000 k=1 floor=0.01 hardMax=15 ratio=1.14 lr=0.186
[GRAD-CLIP] trainerStep=19366 preNorm=0.3148 cap=15.0000 decided=0.2824 binding=relative applied=false mode=log_only median=0.2824 n=1000 k=1 floor=0.01 hardMax=15 ratio=1.11 lr=0.186
[GRAD-CLIP] trainerStep=19367 preNorm=0.2969 cap=15.0000 decided=0.2824 binding=relative applied=false mode=log_only median=0.2824 n=1000 k=1 floor=0.01 hardMax=15 ratio=1.05 lr=0.186
[GRAD-CLIP] trainerStep=19368 preNorm=0.3089 cap=15.0000 decided=0.2824 binding=relative applied=false mode=log_only median=0.2824 n=1000 k=1 floor=0.01 hardMax=15 ratio=1.09 lr=0.187
[GRAD-CLIP] trainerStep=19369 preNorm=0.3282 cap=15.0000 decided=0.2824 binding=relative applied=false mode=log_only median=0.2824 n=1000 k=1 floor=0.01 hardMax=15 ratio=1.16 lr=0.187
[GRAD-CLIP] trainerStep=19370 preNorm=0.3485 cap=15.0000 decided=0.2825 binding=relative applied=false mode=log_only median=0.2825 n=1000 k=1 floor=0.01 hardMax=15 ratio=1.23 lr=0.187
[GRAD-CLIP] trainerStep=19371 preNorm=0.2962 cap=15.0000 decided=0.2826 binding=relative applied=false mode=log_only median=0.2826 n=1000 k=1 floor=0.01 hardMax=15 ratio=1.05 lr=0.188
[GRAD-CLIP] trainerStep=19372 preNorm=0.3072 cap=15.0000 decided=0.2826 binding=relative applied=false mode=log_only median=0.2826 n=1000 k=1 floor=0.01 hardMax=15 ratio=1.09 lr=0.188
[GRAD-CLIP] trainerStep=19373 preNorm=0.3223 cap=15.0000 decided=0.2827 binding=relative applied=false mode=log_only median=0.2827 n=1000 k=1 floor=0.01 hardMax=15 ratio=1.14 lr=0.188
[GRAD-CLIP] trainerStep=19374 preNorm=0.2953 cap=15.0000 decided=0.2827 binding=relative applied=false mode=log_only median=0.2827 n=1000 k=1 floor=0.01 hardMax=15 ratio=1.04 lr=0.189
[GRAD-CLIP] trainerStep=19376 preNorm=0.2948 cap=15.0000 decided=0.2827 binding=relative applied=false mode=log_only median=0.2827 n=1000 k=1 floor=0.01 hardMax=15 ratio=1.04 lr=0.189
[GRAD-CLIP] trainerStep=19377 preNorm=0.3055 cap=15.0000 decided=0.2828 binding=relative applied=false mode=log_only median=0.2828 n=1000 k=1 floor=0.01 hardMax=15 ratio=1.08 lr=0.19
[GRAD-CLIP] trainerStep=19378 preNorm=0.2956 cap=15.0000 decided=0.2828 binding=relative applied=false mode=log_only median=0.2828 n=1000 k=1 floor=0.01 hardMax=15 ratio=1.05 lr=0.19
[GRAD-CLIP] trainerStep=19379 preNorm=0.2829 cap=15.0000 decided=0.2829 binding=relative applied=false mode=log_only median=0.2829 n=1000 k=1 floor=0.01 hardMax=15 ratio=1.00 lr=0.19
[GRAD-CLIP] trainerStep=19380 preNorm=0.3091 cap=15.0000 decided=0.2829 binding=relative applied=false mode=log_only median=0.2829 n=1000 k=1 floor=0.01 hardMax=15 ratio=1.09 lr=0.191
[GRAD-CLIP] trainerStep=19381 preNorm=0.3258 cap=15.0000 decided=0.2829 binding=relative applied=false mode=log_only median=0.2829 n=1000 k=1 floor=0.01 hardMax=15 ratio=1.15 lr=0.191
[GRAD-CLIP] trainerStep=19383 preNorm=0.2930 cap=15.0000 decided=0.2830 binding=relative applied=false mode=log_only median=0.2830 n=1000 k=1 floor=0.01 hardMax=15 ratio=1.04 lr=0.192
[GRAD-CLIP] trainerStep=19384 preNorm=0.2869 cap=15.0000 decided=0.2830 binding=relative applied=false mode=log_only median=0.2830 n=1000 k=1 floor=0.01 hardMax=15 ratio=1.01 lr=0.192
[GRAD-CLIP] trainerStep=19385 preNorm=0.3284 cap=15.0000 decided=0.2831 binding=relative applied=false mode=log_only median=0.2831 n=1000 k=1 floor=0.01 hardMax=15 ratio=1.16 lr=0.193
[GRAD-CLIP] trainerStep=19387 preNorm=0.3157 cap=15.0000 decided=0.2831 binding=relative applied=false mode=log_only median=0.2831 n=1000 k=1 floor=0.01 hardMax=15 ratio=1.11 lr=0.193
[GRAD-CLIP] trainerStep=19388 preNorm=0.2892 cap=15.0000 decided=0.2832 binding=relative applied=false mode=log_only median=0.2832 n=1000 k=1 floor=0.01 hardMax=15 ratio=1.02 lr=0.194
[GRAD-CLIP] trainerStep=19389 preNorm=0.2936 cap=15.0000 decided=0.2832 binding=relative applied=false mode=log_only median=0.2832 n=1000 k=1 floor=0.01 hardMax=15 ratio=1.04 lr=0.194
[GRAD-CLIP] trainerStep=19390 preNorm=0.2897 cap=15.0000 decided=0.2832 binding=relative applied=false mode=log_only median=0.2832 n=1000 k=1 floor=0.01 hardMax=15 ratio=1.02 lr=0.194
[GRAD-CLIP] trainerStep=19391 preNorm=0.3095 cap=15.0000 decided=0.2833 binding=relative applied=false mode=log_only median=0.2833 n=1000 k=1 floor=0.01 hardMax=15 ratio=1.09 lr=0.195
[GRAD-CLIP] trainerStep=19392 preNorm=0.3211 cap=15.0000 decided=0.2833 binding=relative applied=false mode=log_only median=0.2833 n=1000 k=1 floor=0.01 hardMax=15 ratio=1.13 lr=0.195
[GRAD-CLIP] trainerStep=19393 preNorm=0.3445 cap=15.0000 decided=0.2833 binding=relative applied=false mode=log_only median=0.2833 n=1000 k=1 floor=0.01 hardMax=15 ratio=1.22 lr=0.195
[GRAD-CLIP] trainerStep=19395 preNorm=0.3165 cap=15.0000 decided=0.2833 binding=relative applied=false mode=log_only median=0.2833 n=1000 k=1 floor=0.01 hardMax=15 ratio=1.12 lr=0.196
[GRAD-CLIP] trainerStep=19396 preNorm=0.3286 cap=15.0000 decided=0.2833 binding=relative applied=false mode=log_only median=0.2833 n=1000 k=1 floor=0.01 hardMax=15 ratio=1.16 lr=0.196
[GRAD-CLIP] trainerStep=19397 preNorm=0.3120 cap=15.0000 decided=0.2834 binding=relative applied=false mode=log_only median=0.2834 n=1000 k=1 floor=0.01 hardMax=15 ratio=1.10 lr=0.197
[GRAD-CLIP] trainerStep=19398 preNorm=0.3055 cap=15.0000 decided=0.2834 binding=relative applied=false mode=log_only median=0.2834 n=1000 k=1 floor=0.01 hardMax=15 ratio=1.08 lr=0.197
[GRAD-CLIP] trainerStep=19399 preNorm=0.3053 cap=15.0000 decided=0.2835 binding=relative applied=false mode=log_only median=0.2835 n=1000 k=1 floor=0.01 hardMax=15 ratio=1.08 lr=0.198
[GRAD-CLIP] trainerStep=19400 preNorm=0.3192 cap=15.0000 decided=0.2835 binding=relative applied=false mode=log_only median=0.2835 n=1000 k=1 floor=0.01 hardMax=15 ratio=1.13 lr=0.198
[GRAD-CLIP] trainerStep=19401 preNorm=0.3290 cap=15.0000 decided=0.2835 binding=relative applied=false mode=log_only median=0.2835 n=1000 k=1 floor=0.01 hardMax=15 ratio=1.16 lr=0.198
[GRAD-CLIP] trainerStep=19402 preNorm=0.2989 cap=15.0000 decided=0.2835 binding=relative applied=false mode=log_only median=0.2835 n=1000 k=1 floor=0.01 hardMax=15 ratio=1.05 lr=0.199
[GRAD-CLIP] trainerStep=19403 preNorm=0.3107 cap=15.0000 decided=0.2835 binding=relative applied=false mode=log_only median=0.2835 n=1000 k=1 floor=0.01 hardMax=15 ratio=1.10 lr=0.199
[GRAD-CLIP] trainerStep=19404 preNorm=0.3421 cap=15.0000 decided=0.2835 binding=relative applied=false mode=log_only median=0.2835 n=1000 k=1 floor=0.01 hardMax=15 ratio=1.21 lr=0.199
[GRAD-CLIP] trainerStep=19405 preNorm=0.2974 cap=15.0000 decided=0.2835 binding=relative applied=false mode=log_only median=0.2835 n=1000 k=1 floor=0.01 hardMax=15 ratio=1.05 lr=0.2
[GRAD-CLIP] trainerStep=19406 preNorm=0.3113 cap=15.0000 decided=0.2835 binding=relative applied=false mode=log_only median=0.2835 n=1000 k=1 floor=0.01 hardMax=15 ratio=1.10 lr=0.2
[GRAD-CLIP] trainerStep=19407 preNorm=0.3132 cap=15.0000 decided=0.2836 binding=relative applied=false mode=log_only median=0.2836 n=1000 k=1 floor=0.01 hardMax=15 ratio=1.10 lr=0.2
[GRAD-CLIP] trainerStep=19408 preNorm=0.3026 cap=15.0000 decided=0.2838 binding=relative applied=false mode=log_only median=0.2838 n=1000 k=1 floor=0.01 hardMax=15 ratio=1.07 lr=0.201
[GRAD-CLIP] trainerStep=19409 preNorm=0.3265 cap=15.0000 decided=0.2839 binding=relative applied=false mode=log_only median=0.2839 n=1000 k=1 floor=0.01 hardMax=15 ratio=1.15 lr=0.201
[GRAD-CLIP] trainerStep=19410 preNorm=0.3171 cap=15.0000 decided=0.2839 binding=relative applied=false mode=log_only median=0.2839 n=1000 k=1 floor=0.01 hardMax=15 ratio=1.12 lr=0.202
[GRAD-CLIP] trainerStep=19411 preNorm=0.3146 cap=15.0000 decided=0.2840 binding=relative applied=false mode=log_only median=0.2840 n=1000 k=1 floor=0.01 hardMax=15 ratio=1.11 lr=0.202
[GRAD-CLIP] trainerStep=19412 preNorm=0.3380 cap=15.0000 decided=0.2841 binding=relative applied=false mode=log_only median=0.2841 n=1000 k=1 floor=0.01 hardMax=15 ratio=1.19 lr=0.202
[GRAD-CLIP] trainerStep=19413 preNorm=0.3306 cap=15.0000 decided=0.2841 binding=relative applied=false mode=log_only median=0.2841 n=1000 k=1 floor=0.01 hardMax=15 ratio=1.16 lr=0.203
[GRAD-CLIP] trainerStep=19414 preNorm=0.2897 cap=15.0000 decided=0.2841 binding=relative applied=false mode=log_only median=0.2841 n=1000 k=1 floor=0.01 hardMax=15 ratio=1.02 lr=0.203
[GRAD-CLIP] trainerStep=19415 preNorm=0.3071 cap=15.0000 decided=0.2841 binding=relative applied=false mode=log_only median=0.2841 n=1000 k=1 floor=0.01 hardMax=15 ratio=1.08 lr=0.203
[GRAD-CLIP] trainerStep=19416 preNorm=0.3092 cap=15.0000 decided=0.2842 binding=relative applied=false mode=log_only median=0.2842 n=1000 k=1 floor=0.01 hardMax=15 ratio=1.09 lr=0.204
[GRAD-CLIP] trainerStep=19417 preNorm=0.3252 cap=15.0000 decided=0.2842 binding=relative applied=false mode=log_only median=0.2842 n=1000 k=1 floor=0.01 hardMax=15 ratio=1.14 lr=0.204
[GRAD-CLIP] trainerStep=19418 preNorm=0.3011 cap=15.0000 decided=0.2842 binding=relative applied=false mode=log_only median=0.2842 n=1000 k=1 floor=0.01 hardMax=15 ratio=1.06 lr=0.205
[GRAD-CLIP] trainerStep=19419 preNorm=0.3391 cap=15.0000 decided=0.2843 binding=relative applied=false mode=log_only median=0.2843 n=1000 k=1 floor=0.01 hardMax=15 ratio=1.19 lr=0.205
[GRAD-CLIP] trainerStep=19420 preNorm=0.3095 cap=15.0000 decided=0.2843 binding=relative applied=false mode=log_only median=0.2843 n=1000 k=1 floor=0.01 hardMax=15 ratio=1.09 lr=0.205
[GRAD-CLIP] trainerStep=19421 preNorm=0.3426 cap=15.0000 decided=0.2843 binding=relative applied=false mode=log_only median=0.2843 n=1000 k=1 floor=0.01 hardMax=15 ratio=1.21 lr=0.206
[GRAD-CLIP] trainerStep=19422 preNorm=0.2906 cap=15.0000 decided=0.2843 binding=relative applied=false mode=log_only median=0.2843 n=1000 k=1 floor=0.01 hardMax=15 ratio=1.02 lr=0.206
[GRAD-CLIP] trainerStep=19423 preNorm=0.3120 cap=15.0000 decided=0.2844 binding=relative applied=false mode=log_only median=0.2844 n=1000 k=1 floor=0.01 hardMax=15 ratio=1.10 lr=0.206
[GRAD-CLIP] trainerStep=19424 preNorm=0.3103 cap=15.0000 decided=0.2845 binding=relative applied=false mode=log_only median=0.2845 n=1000 k=1 floor=0.01 hardMax=15 ratio=1.09 lr=0.207
[GRAD-CLIP] trainerStep=19425 preNorm=0.3130 cap=15.0000 decided=0.2845 binding=relative applied=false mode=log_only median=0.2845 n=1000 k=1 floor=0.01 hardMax=15 ratio=1.10 lr=0.207
[GRAD-CLIP] trainerStep=19426 preNorm=0.3033 cap=15.0000 decided=0.2846 binding=relative applied=false mode=log_only median=0.2846 n=1000 k=1 floor=0.01 hardMax=15 ratio=1.07 lr=0.207
[GRAD-CLIP] trainerStep=19427 preNorm=0.2935 cap=15.0000 decided=0.2846 binding=relative applied=false mode=log_only median=0.2846 n=1000 k=1 floor=0.01 hardMax=15 ratio=1.03 lr=0.208
[GRAD-CLIP] trainerStep=19428 preNorm=0.3126 cap=15.0000 decided=0.2847 binding=relative applied=false mode=log_only median=0.2847 n=1000 k=1 floor=0.01 hardMax=15 ratio=1.10 lr=0.208
[GRAD-CLIP] trainerStep=19429 preNorm=0.2934 cap=15.0000 decided=0.2847 binding=relative applied=false mode=log_only median=0.2847 n=1000 k=1 floor=0.01 hardMax=15 ratio=1.03 lr=0.209
[GRAD-CLIP] trainerStep=19430 preNorm=0.3073 cap=15.0000 decided=0.2848 binding=relative applied=false mode=log_only median=0.2848 n=1000 k=1 floor=0.01 hardMax=15 ratio=1.08 lr=0.209
[GRAD-CLIP] trainerStep=19431 preNorm=0.2979 cap=15.0000 decided=0.2849 binding=relative applied=false mode=log_only median=0.2849 n=1000 k=1 floor=0.01 hardMax=15 ratio=1.05 lr=0.209
[GRAD-CLIP] trainerStep=19432 preNorm=0.2950 cap=15.0000 decided=0.2849 binding=relative applied=false mode=log_only median=0.2849 n=1000 k=1 floor=0.01 hardMax=15 ratio=1.04 lr=0.21
[GRAD-CLIP] trainerStep=19433 preNorm=0.2967 cap=15.0000 decided=0.2850 binding=relative applied=false mode=log_only median=0.2850 n=1000 k=1 floor=0.01 hardMax=15 ratio=1.04 lr=0.21
[GRAD-CLIP] trainerStep=19434 preNorm=0.3108 cap=15.0000 decided=0.2850 binding=relative applied=false mode=log_only median=0.2850 n=1000 k=1 floor=0.01 hardMax=15 ratio=1.09 lr=0.211
[GRAD-CLIP] trainerStep=19435 preNorm=0.2857 cap=15.0000 decided=0.2851 binding=relative applied=false mode=log_only median=0.2851 n=1000 k=1 floor=0.01 hardMax=15 ratio=1.00 lr=0.211
[GRAD-CLIP] trainerStep=19436 preNorm=0.3014 cap=15.0000 decided=0.2852 binding=relative applied=false mode=log_only median=0.2852 n=1000 k=1 floor=0.01 hardMax=15 ratio=1.06 lr=0.211
[GRAD-CLIP] trainerStep=19437 preNorm=0.3049 cap=15.0000 decided=0.2852 binding=relative applied=false mode=log_only median=0.2852 n=1000 k=1 floor=0.01 hardMax=15 ratio=1.07 lr=0.212
[GRAD-CLIP] trainerStep=19438 preNorm=0.3035 cap=15.0000 decided=0.2853 binding=relative applied=false mode=log_only median=0.2853 n=1000 k=1 floor=0.01 hardMax=15 ratio=1.06 lr=0.212
[GRAD-CLIP] trainerStep=19439 preNorm=0.3120 cap=15.0000 decided=0.2853 binding=relative applied=false mode=log_only median=0.2853 n=1000 k=1 floor=0.01 hardMax=15 ratio=1.09 lr=0.212
[GRAD-CLIP] trainerStep=19440 preNorm=0.2991 cap=15.0000 decided=0.2853 binding=relative applied=false mode=log_only median=0.2853 n=1000 k=1 floor=0.01 hardMax=15 ratio=1.05 lr=0.213
[GRAD-CLIP] trainerStep=19441 preNorm=0.3140 cap=15.0000 decided=0.2853 binding=relative applied=false mode=log_only median=0.2853 n=1000 k=1 floor=0.01 hardMax=15 ratio=1.10 lr=0.213
[GRAD-CLIP] trainerStep=19442 preNorm=0.3093 cap=15.0000 decided=0.2854 binding=relative applied=false mode=log_only median=0.2854 n=1000 k=1 floor=0.01 hardMax=15 ratio=1.08 lr=0.214
[GRAD-CLIP] trainerStep=19443 preNorm=0.3178 cap=15.0000 decided=0.2854 binding=relative applied=false mode=log_only median=0.2854 n=1000 k=1 floor=0.01 hardMax=15 ratio=1.11 lr=0.214
[GRAD-CLIP] trainerStep=19444 preNorm=0.3468 cap=15.0000 decided=0.2854 binding=relative applied=false mode=log_only median=0.2854 n=1000 k=1 floor=0.01 hardMax=15 ratio=1.21 lr=0.214
[GRAD-CLIP] trainerStep=19445 preNorm=0.2980 cap=15.0000 decided=0.2854 binding=relative applied=false mode=log_only median=0.2854 n=1000 k=1 floor=0.01 hardMax=15 ratio=1.04 lr=0.215
[GRAD-CLIP] trainerStep=19446 preNorm=0.3117 cap=15.0000 decided=0.2854 binding=relative applied=false mode=log_only median=0.2854 n=1000 k=1 floor=0.01 hardMax=15 ratio=1.09 lr=0.215
[GRAD-CLIP] trainerStep=19447 preNorm=0.2957 cap=15.0000 decided=0.2855 binding=relative applied=false mode=log_only median=0.2855 n=1000 k=1 floor=0.01 hardMax=15 ratio=1.04 lr=0.215
[GRAD-CLIP] trainerStep=19448 preNorm=0.3235 cap=15.0000 decided=0.2855 binding=relative applied=false mode=log_only median=0.2855 n=1000 k=1 floor=0.01 hardMax=15 ratio=1.13 lr=0.216
[GRAD-CLIP] trainerStep=19449 preNorm=0.3038 cap=15.0000 decided=0.2855 binding=relative applied=false mode=log_only median=0.2855 n=1000 k=1 floor=0.01 hardMax=15 ratio=1.06 lr=0.216
[GRAD-CLIP] trainerStep=19450 preNorm=0.2989 cap=15.0000 decided=0.2855 binding=relative applied=false mode=log_only median=0.2855 n=1000 k=1 floor=0.01 hardMax=15 ratio=1.05 lr=0.217
[GRAD-CLIP] trainerStep=19451 preNorm=0.2909 cap=15.0000 decided=0.2856 binding=relative applied=false mode=log_only median=0.2856 n=1000 k=1 floor=0.01 hardMax=15 ratio=1.02 lr=0.217
[GRAD-CLIP] trainerStep=19452 preNorm=0.2999 cap=15.0000 decided=0.2857 binding=relative applied=false mode=log_only median=0.2857 n=1000 k=1 floor=0.01 hardMax=15 ratio=1.05 lr=0.217
[GRAD-CLIP] trainerStep=19453 preNorm=0.2875 cap=15.0000 decided=0.2857 binding=relative applied=false mode=log_only median=0.2857 n=1000 k=1 floor=0.01 hardMax=15 ratio=1.01 lr=0.218
[GRAD-CLIP] trainerStep=19454 preNorm=0.2902 cap=15.0000 decided=0.2857 binding=relative applied=false mode=log_only median=0.2857 n=1000 k=1 floor=0.01 hardMax=15 ratio=1.02 lr=0.218
[GRAD-CLIP] trainerStep=19455 preNorm=0.2943 cap=15.0000 decided=0.2857 binding=relative applied=false mode=log_only median=0.2857 n=1000 k=1 floor=0.01 hardMax=15 ratio=1.03 lr=0.219
[GRAD-CLIP] trainerStep=19457 preNorm=0.3398 cap=15.0000 decided=0.2857 binding=relative applied=false mode=log_only median=0.2857 n=1000 k=1 floor=0.01 hardMax=15 ratio=1.19 lr=0.219
[GRAD-CLIP] trainerStep=19458 preNorm=0.2967 cap=15.0000 decided=0.2857 binding=relative applied=false mode=log_only median=0.2857 n=1000 k=1 floor=0.01 hardMax=15 ratio=1.04 lr=0.22
[GRAD-CLIP] trainerStep=19459 preNorm=0.3159 cap=15.0000 decided=0.2858 binding=relative applied=false mode=log_only median=0.2858 n=1000 k=1 floor=0.01 hardMax=15 ratio=1.11 lr=0.22
[GRAD-CLIP] trainerStep=19460 preNorm=0.3115 cap=15.0000 decided=0.2859 binding=relative applied=false mode=log_only median=0.2859 n=1000 k=1 floor=0.01 hardMax=15 ratio=1.09 lr=0.221
[GRAD-CLIP] trainerStep=19461 preNorm=0.2925 cap=15.0000 decided=0.2859 binding=relative applied=false mode=log_only median=0.2859 n=1000 k=1 floor=0.01 hardMax=15 ratio=1.02 lr=0.221
[GRAD-CLIP] trainerStep=19462 preNorm=0.3035 cap=15.0000 decided=0.2860 binding=relative applied=false mode=log_only median=0.2860 n=1000 k=1 floor=0.01 hardMax=15 ratio=1.06 lr=0.221
[GRAD-CLIP] trainerStep=19463 preNorm=0.2893 cap=15.0000 decided=0.2861 binding=relative applied=false mode=log_only median=0.2861 n=1000 k=1 floor=0.01 hardMax=15 ratio=1.01 lr=0.222
[GRAD-CLIP] trainerStep=19464 preNorm=0.3028 cap=15.0000 decided=0.2861 binding=relative applied=false mode=log_only median=0.2861 n=1000 k=1 floor=0.01 hardMax=15 ratio=1.06 lr=0.222
[GRAD-CLIP] trainerStep=19465 preNorm=0.3074 cap=15.0000 decided=0.2862 binding=relative applied=false mode=log_only median=0.2862 n=1000 k=1 floor=0.01 hardMax=15 ratio=1.07 lr=0.223
[GRAD-CLIP] trainerStep=19466 preNorm=0.2909 cap=15.0000 decided=0.2862 binding=relative applied=false mode=log_only median=0.2862 n=1000 k=1 floor=0.01 hardMax=15 ratio=1.02 lr=0.223
[GRAD-CLIP] trainerStep=19467 preNorm=0.2919 cap=15.0000 decided=0.2863 binding=relative applied=false mode=log_only median=0.2863 n=1000 k=1 floor=0.01 hardMax=15 ratio=1.02 lr=0.223
[GRAD-CLIP] trainerStep=19468 preNorm=0.2909 cap=15.0000 decided=0.2863 binding=relative applied=false mode=log_only median=0.2863 n=1000 k=1 floor=0.01 hardMax=15 ratio=1.02 lr=0.224
[GRAD-CLIP] trainerStep=19469 preNorm=0.3359 cap=15.0000 decided=0.2863 binding=relative applied=false mode=log_only median=0.2863 n=1000 k=1 floor=0.01 hardMax=15 ratio=1.17 lr=0.224
[GRAD-CLIP] trainerStep=19470 preNorm=0.3068 cap=15.0000 decided=0.2863 binding=relative applied=false mode=log_only median=0.2863 n=1000 k=1 floor=0.01 hardMax=15 ratio=1.07 lr=0.225
[GRAD-CLIP] trainerStep=19471 preNorm=0.2922 cap=15.0000 decided=0.2864 binding=relative applied=false mode=log_only median=0.2864 n=1000 k=1 floor=0.01 hardMax=15 ratio=1.02 lr=0.225
[GRAD-CLIP] trainerStep=19472 preNorm=0.3034 cap=15.0000 decided=0.2864 binding=relative applied=false mode=log_only median=0.2864 n=1000 k=1 floor=0.01 hardMax=15 ratio=1.06 lr=0.225
[GRAD-CLIP] trainerStep=19473 preNorm=0.3009 cap=15.0000 decided=0.2864 binding=relative applied=false mode=log_only median=0.2864 n=1000 k=1 floor=0.01 hardMax=15 ratio=1.05 lr=0.226
[GRAD-CLIP] trainerStep=19474 preNorm=0.2893 cap=15.0000 decided=0.2864 binding=relative applied=false mode=log_only median=0.2864 n=1000 k=1 floor=0.01 hardMax=15 ratio=1.01 lr=0.226
[GRAD-CLIP] trainerStep=19475 preNorm=0.2884 cap=15.0000 decided=0.2864 binding=relative applied=false mode=log_only median=0.2864 n=1000 k=1 floor=0.01 hardMax=15 ratio=1.01 lr=0.227
[GRAD-CLIP] trainerStep=19476 preNorm=0.3293 cap=15.0000 decided=0.2865 binding=relative applied=false mode=log_only median=0.2865 n=1000 k=1 floor=0.01 hardMax=15 ratio=1.15 lr=0.227
[GRAD-CLIP] trainerStep=19477 preNorm=0.3266 cap=15.0000 decided=0.2866 binding=relative applied=false mode=log_only median=0.2866 n=1000 k=1 floor=0.01 hardMax=15 ratio=1.14 lr=0.227
[GRAD-CLIP] trainerStep=19478 preNorm=0.3065 cap=15.0000 decided=0.2867 binding=relative applied=false mode=log_only median=0.2867 n=1000 k=1 floor=0.01 hardMax=15 ratio=1.07 lr=0.228
[GRAD-CLIP] trainerStep=19479 preNorm=0.3059 cap=15.0000 decided=0.2867 binding=relative applied=false mode=log_only median=0.2867 n=1000 k=1 floor=0.01 hardMax=15 ratio=1.07 lr=0.228
[GRAD-CLIP] trainerStep=19480 preNorm=0.3026 cap=15.0000 decided=0.2869 binding=relative applied=false mode=log_only median=0.2869 n=1000 k=1 floor=0.01 hardMax=15 ratio=1.05 lr=0.229
[REPLAY] step=1480 loss=3.5252 pLoss=2.7190 vLoss=0.8033 pEnt=2.850 pIllM=0.0029 playedP=0.174 pW=0.47 pD=0.07 pL=0.45 vAbs=0.233 pLogitMean=-9.6673 vLogitMean=0.5967 gNorm=0.303 lr=0.229 ms=1180.9 buf=500000 plies=13386242 games=200051 rejected=0 skipped=0 epoch=0 mom=0.8712 lrCyc[pk=9.8e-01,tr=9.9e-04] gNormMax=0.3485 clips=0 gCap=15.0000 trainerStep=19480
[LAYER-HEALTH] live trainerStep=19480 scope=batch_norm_state_only reluSites=2/10 ch=144 dead=0 off=1 alwaysOn=0 worst=value.bn(dead 0 off 1 on 0) maxBetaOverGamma=+2.11@policy.pre_bn[103] minBetaOverGamma=-2.05@value.bn[9] rvMaxOverMedian=61.9@blocks.2.bn1[31] rezero=none nonFinite=0 parkedSites=9/10 parkedCh=1040 parked=0 parkedOff=1 parkedBy=none
[GRAD-CLIP] trainerStep=19481 preNorm=0.3123 cap=15.0000 decided=0.2869 binding=relative applied=false mode=log_only median=0.2869 n=1000 k=1 floor=0.01 hardMax=15 ratio=1.09 lr=0.229
[GRAD-CLIP] trainerStep=19482 preNorm=0.3016 cap=15.0000 decided=0.2870 binding=relative applied=false mode=log_only median=0.2870 n=1000 k=1 floor=0.01 hardMax=15 ratio=1.05 lr=0.229
[GRAD-CLIP] trainerStep=19483 preNorm=0.3089 cap=15.0000 decided=0.2870 binding=relative applied=false mode=log_only median=0.2870 n=1000 k=1 floor=0.01 hardMax=15 ratio=1.08 lr=0.23
[GRAD-CLIP] trainerStep=19484 preNorm=0.3011 cap=15.0000 decided=0.2870 binding=relative applied=false mode=log_only median=0.2870 n=1000 k=1 floor=0.01 hardMax=15 ratio=1.05 lr=0.23
[GRAD-CLIP] trainerStep=19485 preNorm=0.3055 cap=15.0000 decided=0.2871 binding=relative applied=false mode=log_only median=0.2871 n=1000 k=1 floor=0.01 hardMax=15 ratio=1.06 lr=0.231
[GRAD-CLIP] trainerStep=19486 preNorm=0.3017 cap=15.0000 decided=0.2871 binding=relative applied=false mode=log_only median=0.2871 n=1000 k=1 floor=0.01 hardMax=15 ratio=1.05 lr=0.231
[GRAD-CLIP] trainerStep=19487 preNorm=0.3288 cap=15.0000 decided=0.2871 binding=relative applied=false mode=log_only median=0.2871 n=1000 k=1 floor=0.01 hardMax=15 ratio=1.15 lr=0.231
[GRAD-CLIP] trainerStep=19488 preNorm=0.3056 cap=15.0000 decided=0.2872 binding=relative applied=false mode=log_only median=0.2872 n=1000 k=1 floor=0.01 hardMax=15 ratio=1.06 lr=0.232
[GRAD-CLIP] trainerStep=19489 preNorm=0.3056 cap=15.0000 decided=0.2872 binding=relative applied=false mode=log_only median=0.2872 n=1000 k=1 floor=0.01 hardMax=15 ratio=1.06 lr=0.232
[GRAD-CLIP] trainerStep=19490 preNorm=0.3045 cap=15.0000 decided=0.2872 binding=relative applied=false mode=log_only median=0.2872 n=1000 k=1 floor=0.01 hardMax=15 ratio=1.06 lr=0.233
[GRAD-CLIP] trainerStep=19491 preNorm=0.3168 cap=15.0000 decided=0.2872 binding=relative applied=false mode=log_only median=0.2872 n=1000 k=1 floor=0.01 hardMax=15 ratio=1.10 lr=0.233
[GRAD-CLIP] trainerStep=19492 preNorm=0.3111 cap=15.0000 decided=0.2872 binding=relative applied=false mode=log_only median=0.2872 n=1000 k=1 floor=0.01 hardMax=15 ratio=1.08 lr=0.233
[GRAD-CLIP] trainerStep=19493 preNorm=0.3083 cap=15.0000 decided=0.2872 binding=relative applied=false mode=log_only median=0.2872 n=1000 k=1 floor=0.01 hardMax=15 ratio=1.07 lr=0.234
[GRAD-CLIP] trainerStep=19494 preNorm=0.3349 cap=15.0000 decided=0.2872 binding=relative applied=false mode=log_only median=0.2872 n=1000 k=1 floor=0.01 hardMax=15 ratio=1.17 lr=0.234
[GRAD-CLIP] trainerStep=19495 preNorm=0.3201 cap=15.0000 decided=0.2872 binding=relative applied=false mode=log_only median=0.2872 n=1000 k=1 floor=0.01 hardMax=15 ratio=1.11 lr=0.235
[GRAD-CLIP] trainerStep=19496 preNorm=0.3301 cap=15.0000 decided=0.2872 binding=relative applied=false mode=log_only median=0.2872 n=1000 k=1 floor=0.01 hardMax=15 ratio=1.15 lr=0.235
[GRAD-CLIP] trainerStep=19497 preNorm=0.3329 cap=15.0000 decided=0.2873 binding=relative applied=false mode=log_only median=0.2873 n=1000 k=1 floor=0.01 hardMax=15 ratio=1.16 lr=0.236
[GRAD-CLIP] trainerStep=19498 preNorm=0.3180 cap=15.0000 decided=0.2874 binding=relative applied=false mode=log_only median=0.2874 n=1000 k=1 floor=0.01 hardMax=15 ratio=1.11 lr=0.236
[GRAD-CLIP] trainerStep=19499 preNorm=0.3038 cap=15.0000 decided=0.2875 binding=relative applied=false mode=log_only median=0.2875 n=1000 k=1 floor=0.01 hardMax=15 ratio=1.06 lr=0.236
[GRAD-CLIP] trainerStep=19500 preNorm=0.2953 cap=15.0000 decided=0.2875 binding=relative applied=false mode=log_only median=0.2875 n=1000 k=1 floor=0.01 hardMax=15 ratio=1.03 lr=0.237
[GRAD-CLIP] trainerStep=19501 preNorm=0.2923 cap=15.0000 decided=0.2875 binding=relative applied=false mode=log_only median=0.2875 n=1000 k=1 floor=0.01 hardMax=15 ratio=1.02 lr=0.237
[GRAD-CLIP] trainerStep=19503 preNorm=0.3030 cap=15.0000 decided=0.2875 binding=relative applied=false mode=log_only median=0.2875 n=1000 k=1 floor=0.01 hardMax=15 ratio=1.05 lr=0.238
[GRAD-CLIP] trainerStep=19504 preNorm=0.2884 cap=15.0000 decided=0.2877 binding=relative applied=false mode=log_only median=0.2877 n=1000 k=1 floor=0.01 hardMax=15 ratio=1.00 lr=0.238
[GRAD-CLIP] trainerStep=19505 preNorm=0.2923 cap=15.0000 decided=0.2878 binding=relative applied=false mode=log_only median=0.2878 n=1000 k=1 floor=0.01 hardMax=15 ratio=1.02 lr=0.239
[GRAD-CLIP] trainerStep=19506 preNorm=0.3123 cap=15.0000 decided=0.2878 binding=relative applied=false mode=log_only median=0.2878 n=1000 k=1 floor=0.01 hardMax=15 ratio=1.08 lr=0.239
[GRAD-CLIP] trainerStep=19507 preNorm=0.3112 cap=15.0000 decided=0.2879 binding=relative applied=false mode=log_only median=0.2879 n=1000 k=1 floor=0.01 hardMax=15 ratio=1.08 lr=0.24
[GRAD-CLIP] trainerStep=19508 preNorm=0.2983 cap=15.0000 decided=0.2879 binding=relative applied=false mode=log_only median=0.2879 n=1000 k=1 floor=0.01 hardMax=15 ratio=1.04 lr=0.24
[GRAD-CLIP] trainerStep=19509 preNorm=0.3099 cap=15.0000 decided=0.2879 binding=relative applied=false mode=log_only median=0.2879 n=1000 k=1 floor=0.01 hardMax=15 ratio=1.08 lr=0.241
[GRAD-CLIP] trainerStep=19510 preNorm=0.3105 cap=15.0000 decided=0.2880 binding=relative applied=false mode=log_only median=0.2880 n=1000 k=1 floor=0.01 hardMax=15 ratio=1.08 lr=0.241
[GRAD-CLIP] trainerStep=19511 preNorm=0.3248 cap=15.0000 decided=0.2881 binding=relative applied=false mode=log_only median=0.2881 n=1000 k=1 floor=0.01 hardMax=15 ratio=1.13 lr=0.241
[GRAD-CLIP] trainerStep=19512 preNorm=0.3039 cap=15.0000 decided=0.2881 binding=relative applied=false mode=log_only median=0.2881 n=1000 k=1 floor=0.01 hardMax=15 ratio=1.05 lr=0.242
[GRAD-CLIP] trainerStep=19513 preNorm=0.3278 cap=15.0000 decided=0.2881 binding=relative applied=false mode=log_only median=0.2881 n=1000 k=1 floor=0.01 hardMax=15 ratio=1.14 lr=0.242
[GRAD-CLIP] trainerStep=19514 preNorm=0.3207 cap=15.0000 decided=0.2882 binding=relative applied=false mode=log_only median=0.2882 n=1000 k=1 floor=0.01 hardMax=15 ratio=1.11 lr=0.243
[GRAD-CLIP] trainerStep=19515 preNorm=0.3063 cap=15.0000 decided=0.2882 binding=relative applied=false mode=log_only median=0.2882 n=1000 k=1 floor=0.01 hardMax=15 ratio=1.06 lr=0.243
[GRAD-CLIP] trainerStep=19516 preNorm=0.3409 cap=15.0000 decided=0.2883 binding=relative applied=false mode=log_only median=0.2883 n=1000 k=1 floor=0.01 hardMax=15 ratio=1.18 lr=0.243
[GRAD-CLIP] trainerStep=19517 preNorm=0.3138 cap=15.0000 decided=0.2883 binding=relative applied=false mode=log_only median=0.2883 n=1000 k=1 floor=0.01 hardMax=15 ratio=1.09 lr=0.244
[GRAD-CLIP] trainerStep=19518 preNorm=0.3061 cap=15.0000 decided=0.2884 binding=relative applied=false mode=log_only median=0.2884 n=1000 k=1 floor=0.01 hardMax=15 ratio=1.06 lr=0.244
[GRAD-CLIP] trainerStep=19519 preNorm=0.3188 cap=15.0000 decided=0.2884 binding=relative applied=false mode=log_only median=0.2884 n=1000 k=1 floor=0.01 hardMax=15 ratio=1.11 lr=0.245
[GRAD-CLIP] trainerStep=19520 preNorm=0.3230 cap=15.0000 decided=0.2884 binding=relative applied=false mode=log_only median=0.2884 n=1000 k=1 floor=0.01 hardMax=15 ratio=1.12 lr=0.245
[GRAD-CLIP] trainerStep=19521 preNorm=0.2985 cap=15.0000 decided=0.2885 binding=relative applied=false mode=log_only median=0.2885 n=1000 k=1 floor=0.01 hardMax=15 ratio=1.03 lr=0.246
[GRAD-CLIP] trainerStep=19522 preNorm=0.3344 cap=15.0000 decided=0.2886 binding=relative applied=false mode=log_only median=0.2886 n=1000 k=1 floor=0.01 hardMax=15 ratio=1.16 lr=0.246
[GRAD-CLIP] trainerStep=19523 preNorm=0.3094 cap=15.0000 decided=0.2886 binding=relative applied=false mode=log_only median=0.2886 n=1000 k=1 floor=0.01 hardMax=15 ratio=1.07 lr=0.246
[GRAD-CLIP] trainerStep=19524 preNorm=0.3019 cap=15.0000 decided=0.2886 binding=relative applied=false mode=log_only median=0.2886 n=1000 k=1 floor=0.01 hardMax=15 ratio=1.05 lr=0.247
[GRAD-CLIP] trainerStep=19525 preNorm=0.3201 cap=15.0000 decided=0.2887 binding=relative applied=false mode=log_only median=0.2887 n=1000 k=1 floor=0.01 hardMax=15 ratio=1.11 lr=0.247
[GRAD-CLIP] trainerStep=19526 preNorm=0.2935 cap=15.0000 decided=0.2888 binding=relative applied=false mode=log_only median=0.2888 n=1000 k=1 floor=0.01 hardMax=15 ratio=1.02 lr=0.248
[GRAD-CLIP] trainerStep=19527 preNorm=0.3293 cap=15.0000 decided=0.2888 binding=relative applied=false mode=log_only median=0.2888 n=1000 k=1 floor=0.01 hardMax=15 ratio=1.14 lr=0.248
[GRAD-CLIP] trainerStep=19528 preNorm=0.3044 cap=15.0000 decided=0.2888 binding=relative applied=false mode=log_only median=0.2888 n=1000 k=1 floor=0.01 hardMax=15 ratio=1.05 lr=0.249
[GRAD-CLIP] trainerStep=19529 preNorm=0.3312 cap=15.0000 decided=0.2890 binding=relative applied=false mode=log_only median=0.2890 n=1000 k=1 floor=0.01 hardMax=15 ratio=1.15 lr=0.249
[GRAD-CLIP] trainerStep=19530 preNorm=0.3161 cap=15.0000 decided=0.2891 binding=relative applied=false mode=log_only median=0.2891 n=1000 k=1 floor=0.01 hardMax=15 ratio=1.09 lr=0.249
[GRAD-CLIP] trainerStep=19531 preNorm=0.3285 cap=15.0000 decided=0.2892 binding=relative applied=false mode=log_only median=0.2892 n=1000 k=1 floor=0.01 hardMax=15 ratio=1.14 lr=0.25
[GRAD-CLIP] trainerStep=19532 preNorm=0.3327 cap=15.0000 decided=0.2892 binding=relative applied=false mode=log_only median=0.2892 n=1000 k=1 floor=0.01 hardMax=15 ratio=1.15 lr=0.25
[GRAD-CLIP] trainerStep=19533 preNorm=0.3305 cap=15.0000 decided=0.2892 binding=relative applied=false mode=log_only median=0.2892 n=1000 k=1 floor=0.01 hardMax=15 ratio=1.14 lr=0.251
[GRAD-CLIP] trainerStep=19534 preNorm=0.3089 cap=15.0000 decided=0.2892 binding=relative applied=false mode=log_only median=0.2892 n=1000 k=1 floor=0.01 hardMax=15 ratio=1.07 lr=0.251
[GRAD-CLIP] trainerStep=19535 preNorm=0.3189 cap=15.0000 decided=0.2893 binding=relative applied=false mode=log_only median=0.2893 n=1000 k=1 floor=0.01 hardMax=15 ratio=1.10 lr=0.252
[GRAD-CLIP] trainerStep=19536 preNorm=0.3172 cap=15.0000 decided=0.2893 binding=relative applied=false mode=log_only median=0.2893 n=1000 k=1 floor=0.01 hardMax=15 ratio=1.10 lr=0.252
[GRAD-CLIP] trainerStep=19537 preNorm=0.3059 cap=15.0000 decided=0.2893 binding=relative applied=false mode=log_only median=0.2893 n=1000 k=1 floor=0.01 hardMax=15 ratio=1.06 lr=0.252
[GRAD-CLIP] trainerStep=19538 preNorm=0.2942 cap=15.0000 decided=0.2893 binding=relative applied=false mode=log_only median=0.2893 n=1000 k=1 floor=0.01 hardMax=15 ratio=1.02 lr=0.253
[GRAD-CLIP] trainerStep=19539 preNorm=0.3250 cap=15.0000 decided=0.2893 binding=relative applied=false mode=log_only median=0.2893 n=1000 k=1 floor=0.01 hardMax=15 ratio=1.12 lr=0.253
[GRAD-CLIP] trainerStep=19540 preNorm=0.3089 cap=15.0000 decided=0.2893 binding=relative applied=false mode=log_only median=0.2893 n=1000 k=1 floor=0.01 hardMax=15 ratio=1.07 lr=0.254
[GRAD-CLIP] trainerStep=19541 preNorm=0.3028 cap=15.0000 decided=0.2894 binding=relative applied=false mode=log_only median=0.2894 n=1000 k=1 floor=0.01 hardMax=15 ratio=1.05 lr=0.254
[GRAD-CLIP] trainerStep=19542 preNorm=0.3204 cap=15.0000 decided=0.2894 binding=relative applied=false mode=log_only median=0.2894 n=1000 k=1 floor=0.01 hardMax=15 ratio=1.11 lr=0.255
[GRAD-CLIP] trainerStep=19543 preNorm=0.3493 cap=15.0000 decided=0.2894 binding=relative applied=false mode=log_only median=0.2894 n=1000 k=1 floor=0.01 hardMax=15 ratio=1.21 lr=0.255
[GRAD-CLIP] trainerStep=19544 preNorm=0.3192 cap=15.0000 decided=0.2895 binding=relative applied=false mode=log_only median=0.2895 n=1000 k=1 floor=0.01 hardMax=15 ratio=1.10 lr=0.256
[GRAD-CLIP] trainerStep=19545 preNorm=0.3365 cap=15.0000 decided=0.2896 binding=relative applied=false mode=log_only median=0.2896 n=1000 k=1 floor=0.01 hardMax=15 ratio=1.16 lr=0.256
[GRAD-CLIP] trainerStep=19546 preNorm=0.3231 cap=15.0000 decided=0.2897 binding=relative applied=false mode=log_only median=0.2897 n=1000 k=1 floor=0.01 hardMax=15 ratio=1.12 lr=0.256
[GRAD-CLIP] trainerStep=19547 preNorm=0.3287 cap=15.0000 decided=0.2897 binding=relative applied=false mode=log_only median=0.2897 n=1000 k=1 floor=0.01 hardMax=15 ratio=1.13 lr=0.257
[GRAD-CLIP] trainerStep=19548 preNorm=0.2983 cap=15.0000 decided=0.2897 binding=relative applied=false mode=log_only median=0.2897 n=1000 k=1 floor=0.01 hardMax=15 ratio=1.03 lr=0.257
[GRAD-CLIP] trainerStep=19549 preNorm=0.3165 cap=15.0000 decided=0.2897 binding=relative applied=false mode=log_only median=0.2897 n=1000 k=1 floor=0.01 hardMax=15 ratio=1.09 lr=0.258
[GRAD-CLIP] trainerStep=19550 preNorm=0.3311 cap=15.0000 decided=0.2898 binding=relative applied=false mode=log_only median=0.2898 n=1000 k=1 floor=0.01 hardMax=15 ratio=1.14 lr=0.258
[GRAD-CLIP] trainerStep=19551 preNorm=0.3110 cap=15.0000 decided=0.2898 binding=relative applied=false mode=log_only median=0.2898 n=1000 k=1 floor=0.01 hardMax=15 ratio=1.07 lr=0.259
[GRAD-CLIP] trainerStep=19552 preNorm=0.3052 cap=15.0000 decided=0.2899 binding=relative applied=false mode=log_only median=0.2899 n=1000 k=1 floor=0.01 hardMax=15 ratio=1.05 lr=0.259
[GRAD-CLIP] trainerStep=19553 preNorm=0.3246 cap=15.0000 decided=0.2900 binding=relative applied=false mode=log_only median=0.2900 n=1000 k=1 floor=0.01 hardMax=15 ratio=1.12 lr=0.26
[GRAD-CLIP] trainerStep=19554 preNorm=0.3066 cap=15.0000 decided=0.2902 binding=relative applied=false mode=log_only median=0.2902 n=1000 k=1 floor=0.01 hardMax=15 ratio=1.06 lr=0.26
[GRAD-CLIP] trainerStep=19555 preNorm=0.3023 cap=15.0000 decided=0.2902 binding=relative applied=false mode=log_only median=0.2902 n=1000 k=1 floor=0.01 hardMax=15 ratio=1.04 lr=0.26
[GRAD-CLIP] trainerStep=19557 preNorm=0.3265 cap=15.0000 decided=0.2903 binding=relative applied=false mode=log_only median=0.2903 n=1000 k=1 floor=0.01 hardMax=15 ratio=1.12 lr=0.261
[GRAD-CLIP] trainerStep=19558 preNorm=0.3097 cap=15.0000 decided=0.2903 binding=relative applied=false mode=log_only median=0.2903 n=1000 k=1 floor=0.01 hardMax=15 ratio=1.07 lr=0.262
[GRAD-CLIP] trainerStep=19559 preNorm=0.2934 cap=15.0000 decided=0.2903 binding=relative applied=false mode=log_only median=0.2903 n=1000 k=1 floor=0.01 hardMax=15 ratio=1.01 lr=0.262
[GRAD-CLIP] trainerStep=19560 preNorm=0.3369 cap=15.0000 decided=0.2904 binding=relative applied=false mode=log_only median=0.2904 n=1000 k=1 floor=0.01 hardMax=15 ratio=1.16 lr=0.263
[GRAD-CLIP] trainerStep=19561 preNorm=0.3325 cap=15.0000 decided=0.2904 binding=relative applied=false mode=log_only median=0.2904 n=1000 k=1 floor=0.01 hardMax=15 ratio=1.14 lr=0.263
[GRAD-CLIP] trainerStep=19562 preNorm=0.3141 cap=15.0000 decided=0.2904 binding=relative applied=false mode=log_only median=0.2904 n=1000 k=1 floor=0.01 hardMax=15 ratio=1.08 lr=0.264
[GRAD-CLIP] trainerStep=19563 preNorm=0.3308 cap=15.0000 decided=0.2905 binding=relative applied=false mode=log_only median=0.2905 n=1000 k=1 floor=0.01 hardMax=15 ratio=1.14 lr=0.264
[GRAD-CLIP] trainerStep=19564 preNorm=0.3065 cap=15.0000 decided=0.2905 binding=relative applied=false mode=log_only median=0.2905 n=1000 k=1 floor=0.01 hardMax=15 ratio=1.05 lr=0.264
[GRAD-CLIP] trainerStep=19565 preNorm=0.3157 cap=15.0000 decided=0.2906 binding=relative applied=false mode=log_only median=0.2906 n=1000 k=1 floor=0.01 hardMax=15 ratio=1.09 lr=0.265
[GRAD-CLIP] trainerStep=19567 preNorm=0.3283 cap=15.0000 decided=0.2906 binding=relative applied=false mode=log_only median=0.2906 n=1000 k=1 floor=0.01 hardMax=15 ratio=1.13 lr=0.266
[GRAD-CLIP] trainerStep=19568 preNorm=0.3425 cap=15.0000 decided=0.2906 binding=relative applied=false mode=log_only median=0.2906 n=1000 k=1 floor=0.01 hardMax=15 ratio=1.18 lr=0.266
[GRAD-CLIP] trainerStep=19569 preNorm=0.3055 cap=15.0000 decided=0.2906 binding=relative applied=false mode=log_only median=0.2906 n=1000 k=1 floor=0.01 hardMax=15 ratio=1.05 lr=0.267
[GRAD-CLIP] trainerStep=19570 preNorm=0.3113 cap=15.0000 decided=0.2906 binding=relative applied=false mode=log_only median=0.2906 n=1000 k=1 floor=0.01 hardMax=15 ratio=1.07 lr=0.267
[GRAD-CLIP] trainerStep=19571 preNorm=0.3041 cap=15.0000 decided=0.2907 binding=relative applied=false mode=log_only median=0.2907 n=1000 k=1 floor=0.01 hardMax=15 ratio=1.05 lr=0.268
[GRAD-CLIP] trainerStep=19572 preNorm=0.3115 cap=15.0000 decided=0.2907 binding=relative applied=false mode=log_only median=0.2907 n=1000 k=1 floor=0.01 hardMax=15 ratio=1.07 lr=0.268
[GRAD-CLIP] trainerStep=19573 preNorm=0.3023 cap=15.0000 decided=0.2908 binding=relative applied=false mode=log_only median=0.2908 n=1000 k=1 floor=0.01 hardMax=15 ratio=1.04 lr=0.268
[GRAD-CLIP] trainerStep=19574 preNorm=0.2924 cap=15.0000 decided=0.2908 binding=relative applied=false mode=log_only median=0.2908 n=1000 k=1 floor=0.01 hardMax=15 ratio=1.01 lr=0.269
[GRAD-CLIP] trainerStep=19575 preNorm=0.3055 cap=15.0000 decided=0.2909 binding=relative applied=false mode=log_only median=0.2909 n=1000 k=1 floor=0.01 hardMax=15 ratio=1.05 lr=0.269
[GRAD-CLIP] trainerStep=19576 preNorm=0.3113 cap=15.0000 decided=0.2909 binding=relative applied=false mode=log_only median=0.2909 n=1000 k=1 floor=0.01 hardMax=15 ratio=1.07 lr=0.27
[GRAD-CLIP] trainerStep=19577 preNorm=0.3127 cap=15.0000 decided=0.2909 binding=relative applied=false mode=log_only median=0.2909 n=1000 k=1 floor=0.01 hardMax=15 ratio=1.07 lr=0.27
[GRAD-CLIP] trainerStep=19578 preNorm=0.3307 cap=15.0000 decided=0.2909 binding=relative applied=false mode=log_only median=0.2909 n=1000 k=1 floor=0.01 hardMax=15 ratio=1.14 lr=0.271
[GRAD-CLIP] trainerStep=19579 preNorm=0.3231 cap=15.0000 decided=0.2909 binding=relative applied=false mode=log_only median=0.2909 n=1000 k=1 floor=0.01 hardMax=15 ratio=1.11 lr=0.271
[GRAD-CLIP] trainerStep=19580 preNorm=0.3129 cap=15.0000 decided=0.2910 binding=relative applied=false mode=log_only median=0.2910 n=1000 k=1 floor=0.01 hardMax=15 ratio=1.08 lr=0.272
[GRAD-CLIP] trainerStep=19581 preNorm=0.3348 cap=15.0000 decided=0.2910 binding=relative applied=false mode=log_only median=0.2910 n=1000 k=1 floor=0.01 hardMax=15 ratio=1.15 lr=0.272
[GRAD-CLIP] trainerStep=19582 preNorm=0.3207 cap=15.0000 decided=0.2910 binding=relative applied=false mode=log_only median=0.2910 n=1000 k=1 floor=0.01 hardMax=15 ratio=1.10 lr=0.273
[GRAD-CLIP] trainerStep=19583 preNorm=0.3168 cap=15.0000 decided=0.2910 binding=relative applied=false mode=log_only median=0.2910 n=1000 k=1 floor=0.01 hardMax=15 ratio=1.09 lr=0.273
[GRAD-CLIP] trainerStep=19584 preNorm=0.3037 cap=15.0000 decided=0.2910 binding=relative applied=false mode=log_only median=0.2910 n=1000 k=1 floor=0.01 hardMax=15 ratio=1.04 lr=0.274
[GRAD-CLIP] trainerStep=19585 preNorm=0.3031 cap=15.0000 decided=0.2911 binding=relative applied=false mode=log_only median=0.2911 n=1000 k=1 floor=0.01 hardMax=15 ratio=1.04 lr=0.274
[GRAD-CLIP] trainerStep=19586 preNorm=0.3235 cap=15.0000 decided=0.2911 binding=relative applied=false mode=log_only median=0.2911 n=1000 k=1 floor=0.01 hardMax=15 ratio=1.11 lr=0.274
[GRAD-CLIP] trainerStep=19587 preNorm=0.2966 cap=15.0000 decided=0.2911 binding=relative applied=false mode=log_only median=0.2911 n=1000 k=1 floor=0.01 hardMax=15 ratio=1.02 lr=0.275
[GRAD-CLIP] trainerStep=19588 preNorm=0.2960 cap=15.0000 decided=0.2912 binding=relative applied=false mode=log_only median=0.2912 n=1000 k=1 floor=0.01 hardMax=15 ratio=1.02 lr=0.275
[GRAD-CLIP] trainerStep=19589 preNorm=0.3647 cap=15.0000 decided=0.2913 binding=relative applied=false mode=log_only median=0.2913 n=1000 k=1 floor=0.01 hardMax=15 ratio=1.25 lr=0.276
[GRAD-CLIP] trainerStep=19590 preNorm=0.3283 cap=15.0000 decided=0.2913 binding=relative applied=false mode=log_only median=0.2913 n=1000 k=1 floor=0.01 hardMax=15 ratio=1.13 lr=0.276
[GRAD-CLIP] trainerStep=19591 preNorm=0.3485 cap=15.0000 decided=0.2913 binding=relative applied=false mode=log_only median=0.2913 n=1000 k=1 floor=0.01 hardMax=15 ratio=1.20 lr=0.277
[GRAD-CLIP] trainerStep=19592 preNorm=0.3092 cap=15.0000 decided=0.2914 binding=relative applied=false mode=log_only median=0.2914 n=1000 k=1 floor=0.01 hardMax=15 ratio=1.06 lr=0.277
[GRAD-CLIP] trainerStep=19593 preNorm=0.3306 cap=15.0000 decided=0.2914 binding=relative applied=false mode=log_only median=0.2914 n=1000 k=1 floor=0.01 hardMax=15 ratio=1.13 lr=0.278
[GRAD-CLIP] trainerStep=19594 preNorm=0.3066 cap=15.0000 decided=0.2915 binding=relative applied=false mode=log_only median=0.2915 n=1000 k=1 floor=0.01 hardMax=15 ratio=1.05 lr=0.278
[GRAD-CLIP] trainerStep=19595 preNorm=0.3107 cap=15.0000 decided=0.2915 binding=relative applied=false mode=log_only median=0.2915 n=1000 k=1 floor=0.01 hardMax=15 ratio=1.07 lr=0.279
[GRAD-CLIP] trainerStep=19596 preNorm=0.3256 cap=15.0000 decided=0.2915 binding=relative applied=false mode=log_only median=0.2915 n=1000 k=1 floor=0.01 hardMax=15 ratio=1.12 lr=0.279
[GRAD-CLIP] trainerStep=19597 preNorm=0.3070 cap=15.0000 decided=0.2915 binding=relative applied=false mode=log_only median=0.2915 n=1000 k=1 floor=0.01 hardMax=15 ratio=1.05 lr=0.28
[GRAD-CLIP] trainerStep=19598 preNorm=0.3019 cap=15.0000 decided=0.2916 binding=relative applied=false mode=log_only median=0.2916 n=1000 k=1 floor=0.01 hardMax=15 ratio=1.04 lr=0.28
[GRAD-CLIP] trainerStep=19599 preNorm=0.2955 cap=15.0000 decided=0.2916 binding=relative applied=false mode=log_only median=0.2916 n=1000 k=1 floor=0.01 hardMax=15 ratio=1.01 lr=0.28
[GRAD-CLIP] trainerStep=19600 preNorm=0.3313 cap=15.0000 decided=0.2916 binding=relative applied=false mode=log_only median=0.2916 n=1000 k=1 floor=0.01 hardMax=15 ratio=1.14 lr=0.281
[REPLAY] step=1600 loss=3.5609 pLoss=2.7333 vLoss=0.8247 pEnt=2.881 pIllM=0.0029 playedP=0.167 pW=0.46 pD=0.08 pL=0.46 vAbs=0.234 pLogitMean=-9.6384 vLogitMean=0.5879 gNorm=0.331 lr=0.281 ms=1159.1 buf=500000 plies=14410165 games=215360 rejected=0 skipped=0 epoch=0 mom=0.8682 lrCyc[pk=9.8e-01,tr=9.9e-04] gNormMax=0.3647 clips=0 gCap=15.0000 trainerStep=19600
[LAYER-HEALTH] live trainerStep=19600 scope=batch_norm_state_only reluSites=2/10 ch=144 dead=0 off=1 alwaysOn=0 worst=value.bn(dead 0 off 1 on 0) maxBetaOverGamma=+2.08@policy.pre_bn[103] minBetaOverGamma=-2.04@value.bn[9] rvMaxOverMedian=63.4@blocks.2.bn1[31] rezero=none nonFinite=0 parkedSites=9/10 parkedCh=1040 parked=0 parkedOff=1 parkedBy=none
[GRAD-CLIP] trainerStep=19601 preNorm=0.3216 cap=15.0000 decided=0.2916 binding=relative applied=false mode=log_only median=0.2916 n=1000 k=1 floor=0.01 hardMax=15 ratio=1.10 lr=0.281
[GRAD-CLIP] trainerStep=19602 preNorm=0.3095 cap=15.0000 decided=0.2916 binding=relative applied=false mode=log_only median=0.2916 n=1000 k=1 floor=0.01 hardMax=15 ratio=1.06 lr=0.282
[GRAD-CLIP] trainerStep=19603 preNorm=0.3862 cap=15.0000 decided=0.2917 binding=relative applied=false mode=log_only median=0.2917 n=1000 k=1 floor=0.01 hardMax=15 ratio=1.32 lr=0.282
[GRAD-CLIP] trainerStep=19604 preNorm=0.3221 cap=15.0000 decided=0.2918 binding=relative applied=false mode=log_only median=0.2918 n=1000 k=1 floor=0.01 hardMax=15 ratio=1.10 lr=0.283
[GRAD-CLIP] trainerStep=19605 preNorm=0.3115 cap=15.0000 decided=0.2919 binding=relative applied=false mode=log_only median=0.2919 n=1000 k=1 floor=0.01 hardMax=15 ratio=1.07 lr=0.283
[GRAD-CLIP] trainerStep=19607 preNorm=0.3311 cap=15.0000 decided=0.2919 binding=relative applied=false mode=log_only median=0.2919 n=1000 k=1 floor=0.01 hardMax=15 ratio=1.13 lr=0.284
[GRAD-CLIP] trainerStep=19608 preNorm=0.3274 cap=15.0000 decided=0.2920 binding=relative applied=false mode=log_only median=0.2920 n=1000 k=1 floor=0.01 hardMax=15 ratio=1.12 lr=0.285
[GRAD-CLIP] trainerStep=19609 preNorm=0.3384 cap=15.0000 decided=0.2920 binding=relative applied=false mode=log_only median=0.2920 n=1000 k=1 floor=0.01 hardMax=15 ratio=1.16 lr=0.285
[GRAD-CLIP] trainerStep=19610 preNorm=0.3500 cap=15.0000 decided=0.2921 binding=relative applied=false mode=log_only median=0.2921 n=1000 k=1 floor=0.01 hardMax=15 ratio=1.20 lr=0.286
[GRAD-CLIP] trainerStep=19611 preNorm=0.3575 cap=15.0000 decided=0.2922 binding=relative applied=false mode=log_only median=0.2922 n=1000 k=1 floor=0.01 hardMax=15 ratio=1.22 lr=0.286
[GRAD-CLIP] trainerStep=19612 preNorm=0.3252 cap=15.0000 decided=0.2923 binding=relative applied=false mode=log_only median=0.2923 n=1000 k=1 floor=0.01 hardMax=15 ratio=1.11 lr=0.287
[GRAD-CLIP] trainerStep=19613 preNorm=0.3328 cap=15.0000 decided=0.2923 binding=relative applied=false mode=log_only median=0.2923 n=1000 k=1 floor=0.01 hardMax=15 ratio=1.14 lr=0.287
[GRAD-CLIP] trainerStep=19614 preNorm=0.3320 cap=15.0000 decided=0.2923 binding=relative applied=false mode=log_only median=0.2923 n=1000 k=1 floor=0.01 hardMax=15 ratio=1.14 lr=0.288
[GRAD-CLIP] trainerStep=19615 preNorm=0.3225 cap=15.0000 decided=0.2923 binding=relative applied=false mode=log_only median=0.2923 n=1000 k=1 floor=0.01 hardMax=15 ratio=1.10 lr=0.288
[GRAD-CLIP] trainerStep=19616 preNorm=0.3454 cap=15.0000 decided=0.2924 binding=relative applied=false mode=log_only median=0.2924 n=1000 k=1 floor=0.01 hardMax=15 ratio=1.18 lr=0.289
[GRAD-CLIP] trainerStep=19617 preNorm=0.3498 cap=15.0000 decided=0.2925 binding=relative applied=false mode=log_only median=0.2925 n=1000 k=1 floor=0.01 hardMax=15 ratio=1.20 lr=0.289
[GRAD-CLIP] trainerStep=19618 preNorm=0.3133 cap=15.0000 decided=0.2926 binding=relative applied=false mode=log_only median=0.2926 n=1000 k=1 floor=0.01 hardMax=15 ratio=1.07 lr=0.289
[GRAD-CLIP] trainerStep=19619 preNorm=0.3561 cap=15.0000 decided=0.2927 binding=relative applied=false mode=log_only median=0.2927 n=1000 k=1 floor=0.01 hardMax=15 ratio=1.22 lr=0.29
[GRAD-CLIP] trainerStep=19620 preNorm=0.3106 cap=15.0000 decided=0.2928 binding=relative applied=false mode=log_only median=0.2928 n=1000 k=1 floor=0.01 hardMax=15 ratio=1.06 lr=0.29
[GRAD-CLIP] trainerStep=19621 preNorm=0.3175 cap=15.0000 decided=0.2928 binding=relative applied=false mode=log_only median=0.2928 n=1000 k=1 floor=0.01 hardMax=15 ratio=1.08 lr=0.291
[GRAD-CLIP] trainerStep=19622 preNorm=0.3050 cap=15.0000 decided=0.2929 binding=relative applied=false mode=log_only median=0.2929 n=1000 k=1 floor=0.01 hardMax=15 ratio=1.04 lr=0.291
[GRAD-CLIP] trainerStep=19623 preNorm=0.3309 cap=15.0000 decided=0.2929 binding=relative applied=false mode=log_only median=0.2929 n=1000 k=1 floor=0.01 hardMax=15 ratio=1.13 lr=0.292
[GRAD-CLIP] trainerStep=19624 preNorm=0.3281 cap=15.0000 decided=0.2929 binding=relative applied=false mode=log_only median=0.2929 n=1000 k=1 floor=0.01 hardMax=15 ratio=1.12 lr=0.292
[GRAD-CLIP] trainerStep=19625 preNorm=0.3074 cap=15.0000 decided=0.2930 binding=relative applied=false mode=log_only median=0.2930 n=1000 k=1 floor=0.01 hardMax=15 ratio=1.05 lr=0.293
[GRAD-CLIP] trainerStep=19626 preNorm=0.3337 cap=15.0000 decided=0.2930 binding=relative applied=false mode=log_only median=0.2930 n=1000 k=1 floor=0.01 hardMax=15 ratio=1.14 lr=0.293
[GRAD-CLIP] trainerStep=19627 preNorm=0.3503 cap=15.0000 decided=0.2931 binding=relative applied=false mode=log_only median=0.2931 n=1000 k=1 floor=0.01 hardMax=15 ratio=1.20 lr=0.294
[GRAD-CLIP] trainerStep=19628 preNorm=0.3019 cap=15.0000 decided=0.2932 binding=relative applied=false mode=log_only median=0.2932 n=1000 k=1 floor=0.01 hardMax=15 ratio=1.03 lr=0.294
[GRAD-CLIP] trainerStep=19629 preNorm=0.3226 cap=15.0000 decided=0.2932 binding=relative applied=false mode=log_only median=0.2932 n=1000 k=1 floor=0.01 hardMax=15 ratio=1.10 lr=0.295
[GRAD-CLIP] trainerStep=19630 preNorm=0.3329 cap=15.0000 decided=0.2932 binding=relative applied=false mode=log_only median=0.2932 n=1000 k=1 floor=0.01 hardMax=15 ratio=1.14 lr=0.295
[GRAD-CLIP] trainerStep=19631 preNorm=0.3480 cap=15.0000 decided=0.2933 binding=relative applied=false mode=log_only median=0.2933 n=1000 k=1 floor=0.01 hardMax=15 ratio=1.19 lr=0.296
[GRAD-CLIP] trainerStep=19632 preNorm=0.3102 cap=15.0000 decided=0.2933 binding=relative applied=false mode=log_only median=0.2933 n=1000 k=1 floor=0.01 hardMax=15 ratio=1.06 lr=0.296
[GRAD-CLIP] trainerStep=19633 preNorm=0.3769 cap=15.0000 decided=0.2934 binding=relative applied=false mode=log_only median=0.2934 n=1000 k=1 floor=0.01 hardMax=15 ratio=1.28 lr=0.297
[GRAD-CLIP] trainerStep=19634 preNorm=0.3041 cap=15.0000 decided=0.2934 binding=relative applied=false mode=log_only median=0.2934 n=1000 k=1 floor=0.01 hardMax=15 ratio=1.04 lr=0.297
[GRAD-CLIP] trainerStep=19635 preNorm=0.3173 cap=15.0000 decided=0.2934 binding=relative applied=false mode=log_only median=0.2934 n=1000 k=1 floor=0.01 hardMax=15 ratio=1.08 lr=0.298
[GRAD-CLIP] trainerStep=19636 preNorm=0.3587 cap=15.0000 decided=0.2934 binding=relative applied=false mode=log_only median=0.2934 n=1000 k=1 floor=0.01 hardMax=15 ratio=1.22 lr=0.298
[GRAD-CLIP] trainerStep=19637 preNorm=0.3384 cap=15.0000 decided=0.2934 binding=relative applied=false mode=log_only median=0.2934 n=1000 k=1 floor=0.01 hardMax=15 ratio=1.15 lr=0.299
[GRAD-CLIP] trainerStep=19638 preNorm=0.3801 cap=15.0000 decided=0.2934 binding=relative applied=false mode=log_only median=0.2934 n=1000 k=1 floor=0.01 hardMax=15 ratio=1.30 lr=0.299
[GRAD-CLIP] trainerStep=19639 preNorm=0.3287 cap=15.0000 decided=0.2935 binding=relative applied=false mode=log_only median=0.2935 n=1000 k=1 floor=0.01 hardMax=15 ratio=1.12 lr=0.3
[GRAD-CLIP] trainerStep=19640 preNorm=0.4094 cap=15.0000 decided=0.2935 binding=relative applied=false mode=log_only median=0.2935 n=1000 k=1 floor=0.01 hardMax=15 ratio=1.39 lr=0.3
[GRAD-CLIP] trainerStep=19641 preNorm=0.3387 cap=15.0000 decided=0.2936 binding=relative applied=false mode=log_only median=0.2936 n=1000 k=1 floor=0.01 hardMax=15 ratio=1.15 lr=0.301
[GRAD-CLIP] trainerStep=19642 preNorm=0.3767 cap=15.0000 decided=0.2936 binding=relative applied=false mode=log_only median=0.2936 n=1000 k=1 floor=0.01 hardMax=15 ratio=1.28 lr=0.301
[GRAD-CLIP] trainerStep=19643 preNorm=0.3135 cap=15.0000 decided=0.2936 binding=relative applied=false mode=log_only median=0.2936 n=1000 k=1 floor=0.01 hardMax=15 ratio=1.07 lr=0.302
[GRAD-CLIP] trainerStep=19644 preNorm=0.3395 cap=15.0000 decided=0.2936 binding=relative applied=false mode=log_only median=0.2936 n=1000 k=1 floor=0.01 hardMax=15 ratio=1.16 lr=0.302
[GRAD-CLIP] trainerStep=19645 preNorm=0.3225 cap=15.0000 decided=0.2936 binding=relative applied=false mode=log_only median=0.2936 n=1000 k=1 floor=0.01 hardMax=15 ratio=1.10 lr=0.303
[GRAD-CLIP] trainerStep=19646 preNorm=0.3488 cap=15.0000 decided=0.2937 binding=relative applied=false mode=log_only median=0.2937 n=1000 k=1 floor=0.01 hardMax=15 ratio=1.19 lr=0.303
[GRAD-CLIP] trainerStep=19647 preNorm=0.3364 cap=15.0000 decided=0.2937 binding=relative applied=false mode=log_only median=0.2937 n=1000 k=1 floor=0.01 hardMax=15 ratio=1.15 lr=0.304
[GRAD-CLIP] trainerStep=19648 preNorm=0.3245 cap=15.0000 decided=0.2938 binding=relative applied=false mode=log_only median=0.2938 n=1000 k=1 floor=0.01 hardMax=15 ratio=1.10 lr=0.304
[GRAD-CLIP] trainerStep=19649 preNorm=0.3765 cap=15.0000 decided=0.2939 binding=relative applied=false mode=log_only median=0.2939 n=1000 k=1 floor=0.01 hardMax=15 ratio=1.28 lr=0.305
[GRAD-CLIP] trainerStep=19650 preNorm=0.3268 cap=15.0000 decided=0.2939 binding=relative applied=false mode=log_only median=0.2939 n=1000 k=1 floor=0.01 hardMax=15 ratio=1.11 lr=0.305
[GRAD-CLIP] trainerStep=19651 preNorm=0.3807 cap=15.0000 decided=0.2940 binding=relative applied=false mode=log_only median=0.2940 n=1000 k=1 floor=0.01 hardMax=15 ratio=1.29 lr=0.306
[GRAD-CLIP] trainerStep=19652 preNorm=0.3042 cap=15.0000 decided=0.2942 binding=relative applied=false mode=log_only median=0.2942 n=1000 k=1 floor=0.01 hardMax=15 ratio=1.03 lr=0.306
[GRAD-CLIP] trainerStep=19653 preNorm=0.3579 cap=15.0000 decided=0.2942 binding=relative applied=false mode=log_only median=0.2942 n=1000 k=1 floor=0.01 hardMax=15 ratio=1.22 lr=0.307
[GRAD-CLIP] trainerStep=19654 preNorm=0.3206 cap=15.0000 decided=0.2943 binding=relative applied=false mode=log_only median=0.2943 n=1000 k=1 floor=0.01 hardMax=15 ratio=1.09 lr=0.307
[GRAD-CLIP] trainerStep=19655 preNorm=0.3693 cap=15.0000 decided=0.2943 binding=relative applied=false mode=log_only median=0.2943 n=1000 k=1 floor=0.01 hardMax=15 ratio=1.25 lr=0.308
[GRAD-CLIP] trainerStep=19656 preNorm=0.3205 cap=15.0000 decided=0.2943 binding=relative applied=false mode=log_only median=0.2943 n=1000 k=1 floor=0.01 hardMax=15 ratio=1.09 lr=0.308
[GRAD-CLIP] trainerStep=19657 preNorm=0.3397 cap=15.0000 decided=0.2943 binding=relative applied=false mode=log_only median=0.2943 n=1000 k=1 floor=0.01 hardMax=15 ratio=1.15 lr=0.309
[GRAD-CLIP] trainerStep=19658 preNorm=0.3224 cap=15.0000 decided=0.2943 binding=relative applied=false mode=log_only median=0.2943 n=1000 k=1 floor=0.01 hardMax=15 ratio=1.10 lr=0.309
[GRAD-CLIP] trainerStep=19659 preNorm=0.3538 cap=15.0000 decided=0.2944 binding=relative applied=false mode=log_only median=0.2944 n=1000 k=1 floor=0.01 hardMax=15 ratio=1.20 lr=0.31
[GRAD-CLIP] trainerStep=19660 preNorm=0.3168 cap=15.0000 decided=0.2945 binding=relative applied=false mode=log_only median=0.2945 n=1000 k=1 floor=0.01 hardMax=15 ratio=1.08 lr=0.31
[GRAD-CLIP] trainerStep=19661 preNorm=0.3360 cap=15.0000 decided=0.2946 binding=relative applied=false mode=log_only median=0.2946 n=1000 k=1 floor=0.01 hardMax=15 ratio=1.14 lr=0.311
[GRAD-CLIP] trainerStep=19662 preNorm=0.3029 cap=15.0000 decided=0.2947 binding=relative applied=false mode=log_only median=0.2947 n=1000 k=1 floor=0.01 hardMax=15 ratio=1.03 lr=0.311
[GRAD-CLIP] trainerStep=19663 preNorm=0.3369 cap=15.0000 decided=0.2947 binding=relative applied=false mode=log_only median=0.2947 n=1000 k=1 floor=0.01 hardMax=15 ratio=1.14 lr=0.312
[GRAD-CLIP] trainerStep=19664 preNorm=0.3207 cap=15.0000 decided=0.2947 binding=relative applied=false mode=log_only median=0.2947 n=1000 k=1 floor=0.01 hardMax=15 ratio=1.09 lr=0.312
[GRAD-CLIP] trainerStep=19665 preNorm=0.3150 cap=15.0000 decided=0.2947 binding=relative applied=false mode=log_only median=0.2947 n=1000 k=1 floor=0.01 hardMax=15 ratio=1.07 lr=0.313
[GRAD-CLIP] trainerStep=19666 preNorm=0.3452 cap=15.0000 decided=0.2947 binding=relative applied=false mode=log_only median=0.2947 n=1000 k=1 floor=0.01 hardMax=15 ratio=1.17 lr=0.313
[GRAD-CLIP] trainerStep=19667 preNorm=0.3118 cap=15.0000 decided=0.2947 binding=relative applied=false mode=log_only median=0.2947 n=1000 k=1 floor=0.01 hardMax=15 ratio=1.06 lr=0.314
[GRAD-CLIP] trainerStep=19668 preNorm=0.3684 cap=15.0000 decided=0.2948 binding=relative applied=false mode=log_only median=0.2948 n=1000 k=1 floor=0.01 hardMax=15 ratio=1.25 lr=0.314
[GRAD-CLIP] trainerStep=19669 preNorm=0.3312 cap=15.0000 decided=0.2948 binding=relative applied=false mode=log_only median=0.2948 n=1000 k=1 floor=0.01 hardMax=15 ratio=1.12 lr=0.315
[GRAD-CLIP] trainerStep=19670 preNorm=0.3152 cap=15.0000 decided=0.2949 binding=relative applied=false mode=log_only median=0.2949 n=1000 k=1 floor=0.01 hardMax=15 ratio=1.07 lr=0.315
[GRAD-CLIP] trainerStep=19671 preNorm=0.3362 cap=15.0000 decided=0.2950 binding=relative applied=false mode=log_only median=0.2950 n=1000 k=1 floor=0.01 hardMax=15 ratio=1.14 lr=0.316
[GRAD-CLIP] trainerStep=19672 preNorm=0.3101 cap=15.0000 decided=0.2951 binding=relative applied=false mode=log_only median=0.2951 n=1000 k=1 floor=0.01 hardMax=15 ratio=1.05 lr=0.316
[GRAD-CLIP] trainerStep=19673 preNorm=0.2984 cap=15.0000 decided=0.2951 binding=relative applied=false mode=log_only median=0.2951 n=1000 k=1 floor=0.01 hardMax=15 ratio=1.01 lr=0.317
[GRAD-CLIP] trainerStep=19674 preNorm=0.3510 cap=15.0000 decided=0.2951 binding=relative applied=false mode=log_only median=0.2951 n=1000 k=1 floor=0.01 hardMax=15 ratio=1.19 lr=0.317
[GRAD-CLIP] trainerStep=19675 preNorm=0.3605 cap=15.0000 decided=0.2952 binding=relative applied=false mode=log_only median=0.2952 n=1000 k=1 floor=0.01 hardMax=15 ratio=1.22 lr=0.318
[GRAD-CLIP] trainerStep=19676 preNorm=0.3055 cap=15.0000 decided=0.2952 binding=relative applied=false mode=log_only median=0.2952 n=1000 k=1 floor=0.01 hardMax=15 ratio=1.03 lr=0.318
[GRAD-CLIP] trainerStep=19677 preNorm=0.3389 cap=15.0000 decided=0.2953 binding=relative applied=false mode=log_only median=0.2953 n=1000 k=1 floor=0.01 hardMax=15 ratio=1.15 lr=0.319
[GRAD-CLIP] trainerStep=19678 preNorm=0.3360 cap=15.0000 decided=0.2953 binding=relative applied=false mode=log_only median=0.2953 n=1000 k=1 floor=0.01 hardMax=15 ratio=1.14 lr=0.319
[GRAD-CLIP] trainerStep=19679 preNorm=0.3134 cap=15.0000 decided=0.2953 binding=relative applied=false mode=log_only median=0.2953 n=1000 k=1 floor=0.01 hardMax=15 ratio=1.06 lr=0.32
[GRAD-CLIP] trainerStep=19680 preNorm=0.3054 cap=15.0000 decided=0.2954 binding=relative applied=false mode=log_only median=0.2954 n=1000 k=1 floor=0.01 hardMax=15 ratio=1.03 lr=0.32
[GRAD-CLIP] trainerStep=19681 preNorm=0.3232 cap=15.0000 decided=0.2954 binding=relative applied=false mode=log_only median=0.2954 n=1000 k=1 floor=0.01 hardMax=15 ratio=1.09 lr=0.321
[GRAD-CLIP] trainerStep=19683 preNorm=0.3327 cap=15.0000 decided=0.2955 binding=relative applied=false mode=log_only median=0.2955 n=1000 k=1 floor=0.01 hardMax=15 ratio=1.13 lr=0.322
[GRAD-CLIP] trainerStep=19684 preNorm=0.3588 cap=15.0000 decided=0.2955 binding=relative applied=false mode=log_only median=0.2955 n=1000 k=1 floor=0.01 hardMax=15 ratio=1.21 lr=0.322
[GRAD-CLIP] trainerStep=19685 preNorm=0.3364 cap=15.0000 decided=0.2956 binding=relative applied=false mode=log_only median=0.2956 n=1000 k=1 floor=0.01 hardMax=15 ratio=1.14 lr=0.323
[GRAD-CLIP] trainerStep=19686 preNorm=0.3547 cap=15.0000 decided=0.2956 binding=relative applied=false mode=log_only median=0.2956 n=1000 k=1 floor=0.01 hardMax=15 ratio=1.20 lr=0.323
[GRAD-CLIP] trainerStep=19687 preNorm=0.3123 cap=15.0000 decided=0.2957 binding=relative applied=false mode=log_only median=0.2957 n=1000 k=1 floor=0.01 hardMax=15 ratio=1.06 lr=0.324
[GRAD-CLIP] trainerStep=19688 preNorm=0.3242 cap=15.0000 decided=0.2957 binding=relative applied=false mode=log_only median=0.2957 n=1000 k=1 floor=0.01 hardMax=15 ratio=1.10 lr=0.324
[GRAD-CLIP] trainerStep=19689 preNorm=0.3050 cap=15.0000 decided=0.2957 binding=relative applied=false mode=log_only median=0.2957 n=1000 k=1 floor=0.01 hardMax=15 ratio=1.03 lr=0.325
[GRAD-CLIP] trainerStep=19690 preNorm=0.3220 cap=15.0000 decided=0.2957 binding=relative applied=false mode=log_only median=0.2957 n=1000 k=1 floor=0.01 hardMax=15 ratio=1.09 lr=0.325
[GRAD-CLIP] trainerStep=19691 preNorm=0.3173 cap=15.0000 decided=0.2958 binding=relative applied=false mode=log_only median=0.2958 n=1000 k=1 floor=0.01 hardMax=15 ratio=1.07 lr=0.326
[GRAD-CLIP] trainerStep=19692 preNorm=0.3069 cap=15.0000 decided=0.2958 binding=relative applied=false mode=log_only median=0.2958 n=1000 k=1 floor=0.01 hardMax=15 ratio=1.04 lr=0.326
[GRAD-CLIP] trainerStep=19693 preNorm=0.3040 cap=15.0000 decided=0.2959 binding=relative applied=false mode=log_only median=0.2959 n=1000 k=1 floor=0.01 hardMax=15 ratio=1.03 lr=0.327
[GRAD-CLIP] trainerStep=19694 preNorm=0.3156 cap=15.0000 decided=0.2961 binding=relative applied=false mode=log_only median=0.2961 n=1000 k=1 floor=0.01 hardMax=15 ratio=1.07 lr=0.327
[GRAD-CLIP] trainerStep=19696 preNorm=0.3136 cap=15.0000 decided=0.2961 binding=relative applied=false mode=log_only median=0.2961 n=1000 k=1 floor=0.01 hardMax=15 ratio=1.06 lr=0.328
[GRAD-CLIP] trainerStep=19697 preNorm=0.3262 cap=15.0000 decided=0.2961 binding=relative applied=false mode=log_only median=0.2961 n=1000 k=1 floor=0.01 hardMax=15 ratio=1.10 lr=0.329
[GRAD-CLIP] trainerStep=19698 preNorm=0.3247 cap=15.0000 decided=0.2962 binding=relative applied=false mode=log_only median=0.2962 n=1000 k=1 floor=0.01 hardMax=15 ratio=1.10 lr=0.33
[GRAD-CLIP] trainerStep=19699 preNorm=0.3301 cap=15.0000 decided=0.2962 binding=relative applied=false mode=log_only median=0.2962 n=1000 k=1 floor=0.01 hardMax=15 ratio=1.11 lr=0.33
[GRAD-CLIP] trainerStep=19700 preNorm=0.3525 cap=15.0000 decided=0.2963 binding=relative applied=false mode=log_only median=0.2963 n=1000 k=1 floor=0.01 hardMax=15 ratio=1.19 lr=0.331
[GRAD-CLIP] trainerStep=19701 preNorm=0.3580 cap=15.0000 decided=0.2963 binding=relative applied=false mode=log_only median=0.2963 n=1000 k=1 floor=0.01 hardMax=15 ratio=1.21 lr=0.331
[GRAD-CLIP] trainerStep=19702 preNorm=0.3341 cap=15.0000 decided=0.2964 binding=relative applied=false mode=log_only median=0.2964 n=1000 k=1 floor=0.01 hardMax=15 ratio=1.13 lr=0.332
[GRAD-CLIP] trainerStep=19703 preNorm=0.3065 cap=15.0000 decided=0.2965 binding=relative applied=false mode=log_only median=0.2965 n=1000 k=1 floor=0.01 hardMax=15 ratio=1.03 lr=0.332
[GRAD-CLIP] trainerStep=19704 preNorm=0.3382 cap=15.0000 decided=0.2965 binding=relative applied=false mode=log_only median=0.2965 n=1000 k=1 floor=0.01 hardMax=15 ratio=1.14 lr=0.333
[GRAD-CLIP] trainerStep=19706 preNorm=0.3097 cap=15.0000 decided=0.2966 binding=relative applied=false mode=log_only median=0.2966 n=1000 k=1 floor=0.01 hardMax=15 ratio=1.04 lr=0.334
[GRAD-CLIP] trainerStep=19707 preNorm=0.3449 cap=15.0000 decided=0.2966 binding=relative applied=false mode=log_only median=0.2966 n=1000 k=1 floor=0.01 hardMax=15 ratio=1.16 lr=0.334
[GRAD-CLIP] trainerStep=19708 preNorm=0.3393 cap=15.0000 decided=0.2966 binding=relative applied=false mode=log_only median=0.2966 n=1000 k=1 floor=0.01 hardMax=15 ratio=1.14 lr=0.335
[GRAD-CLIP] trainerStep=19709 preNorm=0.3274 cap=15.0000 decided=0.2966 binding=relative applied=false mode=log_only median=0.2966 n=1000 k=1 floor=0.01 hardMax=15 ratio=1.10 lr=0.335
[GRAD-CLIP] trainerStep=19710 preNorm=0.3162 cap=15.0000 decided=0.2967 binding=relative applied=false mode=log_only median=0.2967 n=1000 k=1 floor=0.01 hardMax=15 ratio=1.07 lr=0.336
[GRAD-CLIP] trainerStep=19711 preNorm=0.3408 cap=15.0000 decided=0.2967 binding=relative applied=false mode=log_only median=0.2967 n=1000 k=1 floor=0.01 hardMax=15 ratio=1.15 lr=0.336
[GRAD-CLIP] trainerStep=19712 preNorm=0.3115 cap=15.0000 decided=0.2967 binding=relative applied=false mode=log_only median=0.2967 n=1000 k=1 floor=0.01 hardMax=15 ratio=1.05 lr=0.337
[GRAD-CLIP] trainerStep=19713 preNorm=0.3343 cap=15.0000 decided=0.2967 binding=relative applied=false mode=log_only median=0.2967 n=1000 k=1 floor=0.01 hardMax=15 ratio=1.13 lr=0.337
[GRAD-CLIP] trainerStep=19714 preNorm=0.3290 cap=15.0000 decided=0.2968 binding=relative applied=false mode=log_only median=0.2968 n=1000 k=1 floor=0.01 hardMax=15 ratio=1.11 lr=0.338
[GRAD-CLIP] trainerStep=19715 preNorm=0.3119 cap=15.0000 decided=0.2968 binding=relative applied=false mode=log_only median=0.2968 n=1000 k=1 floor=0.01 hardMax=15 ratio=1.05 lr=0.338
[GRAD-CLIP] trainerStep=19716 preNorm=0.3357 cap=15.0000 decided=0.2969 binding=relative applied=false mode=log_only median=0.2969 n=1000 k=1 floor=0.01 hardMax=15 ratio=1.13 lr=0.339
[GRAD-CLIP] trainerStep=19717 preNorm=0.3551 cap=15.0000 decided=0.2969 binding=relative applied=false mode=log_only median=0.2969 n=1000 k=1 floor=0.01 hardMax=15 ratio=1.20 lr=0.34
[GRAD-CLIP] trainerStep=19718 preNorm=0.3446 cap=15.0000 decided=0.2970 binding=relative applied=false mode=log_only median=0.2970 n=1000 k=1 floor=0.01 hardMax=15 ratio=1.16 lr=0.34
[GRAD-CLIP] trainerStep=19719 preNorm=0.3115 cap=15.0000 decided=0.2970 binding=relative applied=false mode=log_only median=0.2970 n=1000 k=1 floor=0.01 hardMax=15 ratio=1.05 lr=0.341
[GRAD-CLIP] trainerStep=19720 preNorm=0.3669 cap=15.0000 decided=0.2970 binding=relative applied=false mode=log_only median=0.2970 n=1000 k=1 floor=0.01 hardMax=15 ratio=1.24 lr=0.341
[REPLAY] step=1720 loss=3.5623 pLoss=2.7650 vLoss=0.7935 pEnt=2.840 pIllM=0.0038 playedP=0.175 pW=0.49 pD=0.06 pL=0.45 vAbs=0.232 pLogitMean=-9.5972 vLogitMean=0.6013 gNorm=0.367 lr=0.342 ms=1195.7 buf=500000 plies=15434188 games=230670 rejected=0 skipped=0 epoch=0 mom=0.8654 lrCyc[pk=9.8e-01,tr=9.9e-04] gNormMax=0.4094 clips=0 gCap=15.0000 trainerStep=19720
[LAYER-HEALTH] live trainerStep=19720 scope=batch_norm_state_only reluSites=2/10 ch=144 dead=0 off=0 alwaysOn=0 worst=none maxBetaOverGamma=+2.09@policy.pre_bn[103] minBetaOverGamma=-1.99@value.bn[9] rvMaxOverMedian=62.3@blocks.2.bn1[31] rezero=none nonFinite=0 parkedSites=9/10 parkedCh=1040 parked=0 parkedOff=0 parkedBy=none
[GRAD-CLIP] trainerStep=19721 preNorm=0.3188 cap=15.0000 decided=0.2970 binding=relative applied=false mode=log_only median=0.2970 n=1000 k=1 floor=0.01 hardMax=15 ratio=1.07 lr=0.342
[GRAD-CLIP] trainerStep=19722 preNorm=0.3094 cap=15.0000 decided=0.2972 binding=relative applied=false mode=log_only median=0.2972 n=1000 k=1 floor=0.01 hardMax=15 ratio=1.04 lr=0.342
[GRAD-CLIP] trainerStep=19723 preNorm=0.3434 cap=15.0000 decided=0.2973 binding=relative applied=false mode=log_only median=0.2973 n=1000 k=1 floor=0.01 hardMax=15 ratio=1.16 lr=0.343
[GRAD-CLIP] trainerStep=19724 preNorm=0.3488 cap=15.0000 decided=0.2974 binding=relative applied=false mode=log_only median=0.2974 n=1000 k=1 floor=0.01 hardMax=15 ratio=1.17 lr=0.343
[GRAD-CLIP] trainerStep=19725 preNorm=0.3591 cap=15.0000 decided=0.2975 binding=relative applied=false mode=log_only median=0.2975 n=1000 k=1 floor=0.01 hardMax=15 ratio=1.21 lr=0.344
[GRAD-CLIP] trainerStep=19726 preNorm=0.3147 cap=15.0000 decided=0.2976 binding=relative applied=false mode=log_only median=0.2976 n=1000 k=1 floor=0.01 hardMax=15 ratio=1.06 lr=0.344
[GRAD-CLIP] trainerStep=19727 preNorm=0.3900 cap=15.0000 decided=0.2977 binding=relative applied=false mode=log_only median=0.2977 n=1000 k=1 floor=0.01 hardMax=15 ratio=1.31 lr=0.345
[GRAD-CLIP] trainerStep=19728 preNorm=0.3470 cap=15.0000 decided=0.2977 binding=relative applied=false mode=log_only median=0.2977 n=1000 k=1 floor=0.01 hardMax=15 ratio=1.17 lr=0.345
[GRAD-CLIP] trainerStep=19729 preNorm=0.3525 cap=15.0000 decided=0.2979 binding=relative applied=false mode=log_only median=0.2979 n=1000 k=1 floor=0.01 hardMax=15 ratio=1.18 lr=0.346
[GRAD-CLIP] trainerStep=19730 preNorm=0.3183 cap=15.0000 decided=0.2979 binding=relative applied=false mode=log_only median=0.2979 n=1000 k=1 floor=0.01 hardMax=15 ratio=1.07 lr=0.346
[GRAD-CLIP] trainerStep=19731 preNorm=0.3725 cap=15.0000 decided=0.2980 binding=relative applied=false mode=log_only median=0.2980 n=1000 k=1 floor=0.01 hardMax=15 ratio=1.25 lr=0.347
[GRAD-CLIP] trainerStep=19732 preNorm=0.3062 cap=15.0000 decided=0.2980 binding=relative applied=false mode=log_only median=0.2980 n=1000 k=1 floor=0.01 hardMax=15 ratio=1.03 lr=0.348
[GRAD-CLIP] trainerStep=19733 preNorm=0.3478 cap=15.0000 decided=0.2980 binding=relative applied=false mode=log_only median=0.2980 n=1000 k=1 floor=0.01 hardMax=15 ratio=1.17 lr=0.348
[GRAD-CLIP] trainerStep=19734 preNorm=0.3156 cap=15.0000 decided=0.2980 binding=relative applied=false mode=log_only median=0.2980 n=1000 k=1 floor=0.01 hardMax=15 ratio=1.06 lr=0.349
[GRAD-CLIP] trainerStep=19735 preNorm=0.3776 cap=15.0000 decided=0.2981 binding=relative applied=false mode=log_only median=0.2981 n=1000 k=1 floor=0.01 hardMax=15 ratio=1.27 lr=0.349
[GRAD-CLIP] trainerStep=19736 preNorm=0.3197 cap=15.0000 decided=0.2981 binding=relative applied=false mode=log_only median=0.2981 n=1000 k=1 floor=0.01 hardMax=15 ratio=1.07 lr=0.35
[GRAD-CLIP] trainerStep=19737 preNorm=0.3180 cap=15.0000 decided=0.2982 binding=relative applied=false mode=log_only median=0.2982 n=1000 k=1 floor=0.01 hardMax=15 ratio=1.07 lr=0.35
[GRAD-CLIP] trainerStep=19738 preNorm=0.3722 cap=15.0000 decided=0.2983 binding=relative applied=false mode=log_only median=0.2983 n=1000 k=1 floor=0.01 hardMax=15 ratio=1.25 lr=0.351
[GRAD-CLIP] trainerStep=19739 preNorm=0.3215 cap=15.0000 decided=0.2983 binding=relative applied=false mode=log_only median=0.2983 n=1000 k=1 floor=0.01 hardMax=15 ratio=1.08 lr=0.351
[GRAD-CLIP] trainerStep=19740 preNorm=0.3573 cap=15.0000 decided=0.2983 binding=relative applied=false mode=log_only median=0.2983 n=1000 k=1 floor=0.01 hardMax=15 ratio=1.20 lr=0.352
[GRAD-CLIP] trainerStep=19741 preNorm=0.3311 cap=15.0000 decided=0.2983 binding=relative applied=false mode=log_only median=0.2983 n=1000 k=1 floor=0.01 hardMax=15 ratio=1.11 lr=0.352
[GRAD-CLIP] trainerStep=19742 preNorm=0.3415 cap=15.0000 decided=0.2984 binding=relative applied=false mode=log_only median=0.2984 n=1000 k=1 floor=0.01 hardMax=15 ratio=1.14 lr=0.353
[GRAD-CLIP] trainerStep=19743 preNorm=0.3029 cap=15.0000 decided=0.2984 binding=relative applied=false mode=log_only median=0.2984 n=1000 k=1 floor=0.01 hardMax=15 ratio=1.01 lr=0.353
[GRAD-CLIP] trainerStep=19744 preNorm=0.3434 cap=15.0000 decided=0.2984 binding=relative applied=false mode=log_only median=0.2984 n=1000 k=1 floor=0.01 hardMax=15 ratio=1.15 lr=0.354
[GRAD-CLIP] trainerStep=19745 preNorm=0.3505 cap=15.0000 decided=0.2985 binding=relative applied=false mode=log_only median=0.2985 n=1000 k=1 floor=0.01 hardMax=15 ratio=1.17 lr=0.355
[GRAD-CLIP] trainerStep=19746 preNorm=0.3316 cap=15.0000 decided=0.2986 binding=relative applied=false mode=log_only median=0.2986 n=1000 k=1 floor=0.01 hardMax=15 ratio=1.11 lr=0.355
[GRAD-CLIP] trainerStep=19747 preNorm=0.3202 cap=15.0000 decided=0.2988 binding=relative applied=false mode=log_only median=0.2988 n=1000 k=1 floor=0.01 hardMax=15 ratio=1.07 lr=0.356
[GRAD-CLIP] trainerStep=19748 preNorm=0.3312 cap=15.0000 decided=0.2989 binding=relative applied=false mode=log_only median=0.2989 n=1000 k=1 floor=0.01 hardMax=15 ratio=1.11 lr=0.356
[GRAD-CLIP] trainerStep=19749 preNorm=0.3097 cap=15.0000 decided=0.2989 binding=relative applied=false mode=log_only median=0.2989 n=1000 k=1 floor=0.01 hardMax=15 ratio=1.04 lr=0.357
[GRAD-CLIP] trainerStep=19750 preNorm=0.3274 cap=15.0000 decided=0.2990 binding=relative applied=false mode=log_only median=0.2990 n=1000 k=1 floor=0.01 hardMax=15 ratio=1.10 lr=0.357
[GRAD-CLIP] trainerStep=19751 preNorm=0.3252 cap=15.0000 decided=0.2990 binding=relative applied=false mode=log_only median=0.2990 n=1000 k=1 floor=0.01 hardMax=15 ratio=1.09 lr=0.358
[GRAD-CLIP] trainerStep=19752 preNorm=0.3191 cap=15.0000 decided=0.2990 binding=relative applied=false mode=log_only median=0.2990 n=1000 k=1 floor=0.01 hardMax=15 ratio=1.07 lr=0.358
[GRAD-CLIP] trainerStep=19753 preNorm=0.3260 cap=15.0000 decided=0.2991 binding=relative applied=false mode=log_only median=0.2991 n=1000 k=1 floor=0.01 hardMax=15 ratio=1.09 lr=0.359
[GRAD-CLIP] trainerStep=19754 preNorm=0.3460 cap=15.0000 decided=0.2992 binding=relative applied=false mode=log_only median=0.2992 n=1000 k=1 floor=0.01 hardMax=15 ratio=1.16 lr=0.36
[GRAD-CLIP] trainerStep=19755 preNorm=0.2995 cap=15.0000 decided=0.2992 binding=relative applied=false mode=log_only median=0.2992 n=1000 k=1 floor=0.01 hardMax=15 ratio=1.00 lr=0.36
[GRAD-CLIP] trainerStep=19756 preNorm=0.3255 cap=15.0000 decided=0.2992 binding=relative applied=false mode=log_only median=0.2992 n=1000 k=1 floor=0.01 hardMax=15 ratio=1.09 lr=0.361
[GRAD-CLIP] trainerStep=19757 preNorm=0.3231 cap=15.0000 decided=0.2993 binding=relative applied=false mode=log_only median=0.2993 n=1000 k=1 floor=0.01 hardMax=15 ratio=1.08 lr=0.361
[GRAD-CLIP] trainerStep=19758 preNorm=0.3271 cap=15.0000 decided=0.2993 binding=relative applied=false mode=log_only median=0.2993 n=1000 k=1 floor=0.01 hardMax=15 ratio=1.09 lr=0.362
[GRAD-CLIP] trainerStep=19759 preNorm=0.3201 cap=15.0000 decided=0.2993 binding=relative applied=false mode=log_only median=0.2993 n=1000 k=1 floor=0.01 hardMax=15 ratio=1.07 lr=0.362
[GRAD-CLIP] trainerStep=19760 preNorm=0.3281 cap=15.0000 decided=0.2994 binding=relative applied=false mode=log_only median=0.2994 n=1000 k=1 floor=0.01 hardMax=15 ratio=1.10 lr=0.363
[GRAD-CLIP] trainerStep=19761 preNorm=0.3128 cap=15.0000 decided=0.2995 binding=relative applied=false mode=log_only median=0.2995 n=1000 k=1 floor=0.01 hardMax=15 ratio=1.04 lr=0.363
[GRAD-CLIP] trainerStep=19762 preNorm=0.3357 cap=15.0000 decided=0.2995 binding=relative applied=false mode=log_only median=0.2995 n=1000 k=1 floor=0.01 hardMax=15 ratio=1.12 lr=0.364
[GRAD-CLIP] trainerStep=19765 preNorm=0.3112 cap=15.0000 decided=0.2995 binding=relative applied=false mode=log_only median=0.2995 n=1000 k=1 floor=0.01 hardMax=15 ratio=1.04 lr=0.366
[GRAD-CLIP] trainerStep=19766 preNorm=0.3159 cap=15.0000 decided=0.2995 binding=relative applied=false mode=log_only median=0.2995 n=1000 k=1 floor=0.01 hardMax=15 ratio=1.05 lr=0.366
[GRAD-CLIP] trainerStep=19767 preNorm=0.3181 cap=15.0000 decided=0.2996 binding=relative applied=false mode=log_only median=0.2996 n=1000 k=1 floor=0.01 hardMax=15 ratio=1.06 lr=0.367
[GRAD-CLIP] trainerStep=19768 preNorm=0.3141 cap=15.0000 decided=0.2998 binding=relative applied=false mode=log_only median=0.2998 n=1000 k=1 floor=0.01 hardMax=15 ratio=1.05 lr=0.367
[GRAD-CLIP] trainerStep=19769 preNorm=0.3188 cap=15.0000 decided=0.3000 binding=relative applied=false mode=log_only median=0.3000 n=1000 k=1 floor=0.01 hardMax=15 ratio=1.06 lr=0.368
[GRAD-CLIP] trainerStep=19771 preNorm=0.3157 cap=15.0000 decided=0.3001 binding=relative applied=false mode=log_only median=0.3001 n=1000 k=1 floor=0.01 hardMax=15 ratio=1.05 lr=0.369
[GRAD-CLIP] trainerStep=19772 preNorm=0.3143 cap=15.0000 decided=0.3002 binding=relative applied=false mode=log_only median=0.3002 n=1000 k=1 floor=0.01 hardMax=15 ratio=1.05 lr=0.369
[GRAD-CLIP] trainerStep=19773 preNorm=0.3032 cap=15.0000 decided=0.3003 binding=relative applied=false mode=log_only median=0.3003 n=1000 k=1 floor=0.01 hardMax=15 ratio=1.01 lr=0.37
[GRAD-CLIP] trainerStep=19774 preNorm=0.3187 cap=15.0000 decided=0.3004 binding=relative applied=false mode=log_only median=0.3004 n=1000 k=1 floor=0.01 hardMax=15 ratio=1.06 lr=0.371
[GRAD-CLIP] trainerStep=19775 preNorm=0.3153 cap=15.0000 decided=0.3006 binding=relative applied=false mode=log_only median=0.3006 n=1000 k=1 floor=0.01 hardMax=15 ratio=1.05 lr=0.371
[GRAD-CLIP] trainerStep=19776 preNorm=0.3243 cap=15.0000 decided=0.3007 binding=relative applied=false mode=log_only median=0.3007 n=1000 k=1 floor=0.01 hardMax=15 ratio=1.08 lr=0.372
[GRAD-CLIP] trainerStep=19777 preNorm=0.3114 cap=15.0000 decided=0.3008 binding=relative applied=false mode=log_only median=0.3008 n=1000 k=1 floor=0.01 hardMax=15 ratio=1.04 lr=0.372
[GRAD-CLIP] trainerStep=19778 preNorm=0.3685 cap=15.0000 decided=0.3009 binding=relative applied=false mode=log_only median=0.3009 n=1000 k=1 floor=0.01 hardMax=15 ratio=1.22 lr=0.373
[GRAD-CLIP] trainerStep=19779 preNorm=0.3228 cap=15.0000 decided=0.3009 binding=relative applied=false mode=log_only median=0.3009 n=1000 k=1 floor=0.01 hardMax=15 ratio=1.07 lr=0.373
[GRAD-CLIP] trainerStep=19780 preNorm=0.3386 cap=15.0000 decided=0.3010 binding=relative applied=false mode=log_only median=0.3010 n=1000 k=1 floor=0.01 hardMax=15 ratio=1.12 lr=0.374
[GRAD-CLIP] trainerStep=19781 preNorm=0.3155 cap=15.0000 decided=0.3010 binding=relative applied=false mode=log_only m[ALARM] health raise rule=gradient_spike severity=warning trainerStep=19800 value=max/ref=28.26 max=8.4497 ref=0.2990 threshold=max>=5xref action=log lr=0.386 mom=0.8636
edian=0.3010 n=1000 k=1 floor=0.01 hardMax=15 ratio=1.05 lr=0.375
[GRAD-CLIP] trainerStep=19782 preNorm=0.3079 cap=15.0000 decided=0.3011 binding=relative applied=false mode=log_only median=0.3011 n=1000 k=1 floor=0.01 hardMax=15 ratio=1.02 lr=0.375
[GRAD-CLIP] trainerStep=19783 preNorm=0.3232 cap=15.0000 decided=0.3011 binding=relative applied=false mode=log_only median=0.3011 n=1000 k=1 floor=0.01 hardMax=15 ratio=1.07 lr=0.376
[GRAD-CLIP] trainerStep=19784 preNorm=0.3198 cap=15.0000 decided=0.3011 binding=relative applied=false mode=log_only median=0.3011 n=1000 k=1 floor=0.01 hardMax=15 ratio=1.06 lr=0.376
[GRAD-CLIP] trainerStep=19785 preNorm=8.4497 cap=15.0000 decided=0.3011 binding=relative applied=false mode=log_only median=0.3011 n=1000 k=1 floor=0.01 hardMax=15 ratio=28.06 lr=0.377
[GRAD-CLIP] trainerStep=19786 preNorm=0.3600 cap=15.0000 decided=0.3011 binding=relative applied=false mode=log_only median=0.3011 n=1000 k=1 floor=0.01 hardMax=15 ratio=1.20 lr=0.377
[GRAD-CLIP] trainerStep=19787 preNorm=0.3427 cap=15.0000 decided=0.3013 binding=relative applied=false mode=log_only median=0.3013 n=1000 k=1 floor=0.01 hardMax=15 ratio=1.14 lr=0.378
[GRAD-CLIP] trainerStep=19788 preNorm=0.3501 cap=15.0000 decided=0.3014 binding=relative applied=false mode=log_only median=0.3014 n=1000 k=1 floor=0.01 hardMax=15 ratio=1.16 lr=0.378
[GRAD-CLIP] trainerStep=19789 preNorm=0.3755 cap=15.0000 decided=0.3015 binding=relative applied=false mode=log_only median=0.3015 n=1000 k=1 floor=0.01 hardMax=15 ratio=1.25 lr=0.379
[GRAD-CLIP] trainerStep=19790 preNorm=0.3599 cap=15.0000 decided=0.3016 binding=relative applied=false mode=log_only median=0.3016 n=1000 k=1 floor=0.01 hardMax=15 ratio=1.19 lr=0.38
[GRAD-CLIP] trainerStep=19791 preNorm=0.3596 cap=15.0000 decided=0.3016 binding=relative applied=false mode=log_only median=0.3016 n=1000 k=1 floor=0.01 hardMax=15 ratio=1.19 lr=0.38
[GRAD-CLIP] trainerStep=19792 preNorm=0.3430 cap=15.0000 decided=0.3017 binding=relative applied=false mode=log_only median=0.3017 n=1000 k=1 floor=0.01 hardMax=15 ratio=1.14 lr=0.381
[GRAD-CLIP] trainerStep=19793 preNorm=0.3843 cap=15.0000 decided=0.3018 binding=relative applied=false mode=log_only median=0.3018 n=1000 k=1 floor=0.01 hardMax=15 ratio=1.27 lr=0.381
[GRAD-CLIP] trainerStep=19794 preNorm=0.3693 cap=15.0000 decided=0.3019 binding=relative applied=false mode=log_only median=0.3019 n=1000 k=1 floor=0.01 hardMax=15 ratio=1.22 lr=0.382
[GRAD-CLIP] trainerStep=19795 preNorm=5.5758 cap=15.0000 decided=0.3019 binding=relative applied=false mode=log_only median=0.3019 n=1000 k=1 floor=0.01 hardMax=15 ratio=18.47 lr=0.382
[GRAD-CLIP] trainerStep=19796 preNorm=0.3499 cap=15.0000 decided=0.3020 binding=relative applied=false mode=log_only median=0.3020 n=1000 k=1 floor=0.01 hardMax=15 ratio=1.16 lr=0.383
[GRAD-CLIP] trainerStep=19797 preNorm=0.4438 cap=15.0000 decided=0.3022 binding=relative applied=false mode=log_only median=0.3022 n=1000 k=1 floor=0.01 hardMax=15 ratio=1.47 lr=0.384
[GRAD-CLIP] trainerStep=19798 preNorm=0.3667 cap=15.0000 decided=0.3023 binding=relative applied=false mode=log_only median=0.3023 n=1000 k=1 floor=0.01 hardMax=15 ratio=1.21 lr=0.384
[GRAD-CLIP] trainerStep=19799 preNorm=0.4043 cap=15.0000 decided=0.3024 binding=relative applied=false mode=log_only median=0.3024 n=1000 k=1 floor=0.01 hardMax=15 ratio=1.34 lr=0.385
[GRAD-CLIP] trainerStep=19800 preNorm=0.3794 cap=15.0000 decided=0.3024 binding=relative applied=false mode=log_only median=0.3024 n=1000 k=1 floor=0.01 hardMax=15 ratio=1.25 lr=0.385
[ALARM] health raise rule=gradient_spike severity=warning trainerStep=19800 value=max/ref=28.26 max=8.4497 ref=0.2990 threshold=max>=5xref action=log lr=0.386 mom=0.8636
[GRAD-CLIP] trainerStep=19801 preNorm=0.4219 cap=15.0000 decided=0.3025 binding=relative applied=false mode=log_only median=0.3025 n=1000 k=1 floor=0.01 hardMax=15 ratio=1.39 lr=0.386
[GRAD-CLIP] trainerStep=19802 preNorm=0.3636 cap=15.0000 decided=0.3025 binding=relative applied=false mode=log_only median=0.3025 n=1000 k=1 floor=0.01 hardMax=15 ratio=1.20 lr=0.386
[GRAD-CLIP] trainerStep=19803 preNorm=0.3987 cap=15.0000 decided=0.3026 binding=relative applied=false mode=log_only median=0.3026 n=1000 k=1 floor=0.01 hardMax=15 ratio=1.32 lr=0.387
[GRAD-CLIP] trainerStep=19804 preNorm=0.3789 cap=15.0000 decided=0.3026 binding=relative applied=false mode=log_only median=0.3026 n=1000 k=1 floor=0.01 hardMax=15 ratio=1.25 lr=0.388
[GRAD-CLIP] trainerStep=19805 preNorm=0.3738 cap=15.0000 decided=0.3026 binding=relative applied=false mode=log_only median=0.3026 n=1000 k=1 floor=0.01 hardMax=15 ratio=1.24 lr=0.388
[GRAD-CLIP] trainerStep=19806 preNorm=0.3428 cap=15.0000 decided=0.3026 binding=relative applied=false mode=log_only median=0.3026 n=1000 k=1 floor=0.01 hardMax=15 ratio=1.13 lr=0.389
[GRAD-CLIP] trainerStep=19807 preNorm=0.3250 cap=15.0000 decided=0.3026 binding=relative applied=false mode=log_only median=0.3026 n=1000 k=1 floor=0.01 hardMax=15 ratio=1.07 lr=0.389
[GRAD-CLIP] trainerStep=19808 preNorm=0.3366 cap=15.0000 decided=0.3027 binding=relative applied=false mode=log_only median=0.3027 n=1000 k=1 floor=0.01 hardMax=15 ratio=1.11 lr=0.39
[GRAD-CLIP] trainerStep=19809 preNorm=0.3495 cap=15.0000 decided=0.3027 binding=relative applied=false mode=log_only median=0.3027 n=1000 k=1 floor=0.01 hardMax=15 ratio=1.15 lr=0.39
[GRAD-CLIP] trainerStep=19810 preNorm=0.3609 cap=15.0000 decided=0.3027 binding=relative applied=false mode=log_only median=0.3027 n=1000 k=1 floor=0.01 hardMax=15 ratio=1.19 lr=0.391
[GRAD-CLIP] trainerStep=19811 preNorm=0.3546 cap=15.0000 decided=0.3028 binding=relative applied=false mode=log_only median=0.3028 n=1000 k=1 floor=0.01 hardMax=15 ratio=1.17 lr=0.392
[GRAD-CLIP] trainerStep=19812 preNorm=0.3437 cap=15.0000 decided=0.3028 binding=relative applied=false mode=log_only median=0.3028 n=1000 k=1 floor=0.01 hardMax=15 ratio=1.14 lr=0.392
[GRAD-CLIP] trainerStep=19813 preNorm=0.3068 cap=15.0000 decided=0.3028 binding=relative applied=false mode=log_only median=0.3028 n=1000 k=1 floor=0.01 hardMax=15 ratio=1.01 lr=0.393
[GRAD-CLIP] trainerStep=19814 preNorm=0.3816 cap=15.0000 decided=0.3029 binding=relative applied=false mode=log_only median=0.3029 n=1000 k=1 floor=0.01 hardMax=15 ratio=1.26 lr=0.393
[GRAD-CLIP] trainerStep=19815 preNorm=0.3221 cap=15.0000 decided=0.3029 binding=relative applied=false mode=log_only median=0.3029 n=1000 k=1 floor=0.01 hardMax=15 ratio=1.06 lr=0.394
[GRAD-CLIP] trainerStep=19816 preNorm=0.3605 cap=15.0000 decided=0.3029 binding=relative applied=false mode=log_only median=0.3029 n=1000 k=1 floor=0.01 hardMax=15 ratio=1.19 lr=0.395
[GRAD-CLIP] trainerStep=19817 preNorm=0.3691 cap=15.0000 decided=0.3029 binding=relative applied=false mode=log_only median=0.3029 n=1000 k=1 floor=0.01 hardMax=15 ratio=1.22 lr=0.395
[GRAD-CLIP] trainerStep=19818 preNorm=0.3293 cap=15.0000 decided=0.3029 binding=relative applied=false mode=log_only median=0.3029 n=1000 k=1 floor=0.01 hardMax=15 ratio=1.09 lr=0.396
[GRAD-CLIP] trainerStep=19819 preNorm=0.3890 cap=15.0000 decided=0.3030 binding=relative applied=false mode=log_only median=0.3030 n=1000 k=1 floor=0.01 hardMax=15 ratio=1.28 lr=0.396
[GRAD-CLIP] trainerStep=19820 preNorm=0.3547 cap=15.0000 decided=0.3030 binding=relative applied=false mode=log_only median=0.3030 n=1000 k=1 floor=0.01 hardMax=15 ratio=1.17 lr=0.397
[GRAD-CLIP] trainerStep=19821 preNorm=0.3171 cap=15.0000 decided=0.3031 binding=relative applied=false mode=log_only median=0.3031 n=1000 k=1 floor=0.01 hardMax=15 ratio=1.05 lr=0.397
[GRAD-CLIP] trainerStep=19822 preNorm=0.3656 cap=15.0000 decided=0.3031 binding=relative applied=false mode=log_only median=0.3031 n=1000 k=1 floor=0.01 hardMax=15 ratio=1.21 lr=0.398
[GRAD-CLIP] trainerStep=19823 preNorm=0.3294 cap=15.0000 decided=0.3031 binding=relative applied=false mode=log_only median=0.3031 n=1000 k=1 floor=0.01 hardMax=15 ratio=1.09 lr=0.399
[GRAD-CLIP] trainerStep=19824 preNorm=0.3645 cap=15.0000 decided=0.3031 binding=relative applied=false mode=log_only median=0.3031 n=1000 k=1 floor=0.01 hardMax=15 ratio=1.20 lr=0.399
[GRAD-CLIP] trainerStep=19825 preNorm=0.4105 cap=15.0000 decided=0.3031 binding=relative applied=false mode=log_only median=0.3031 n=1000 k=1 floor=0.01 hardMax=15 ratio=1.35 lr=0.4
[GRAD-CLIP] trainerStep=19826 preNorm=0.3644 cap=15.0000 decided=0.3032 binding=relative applied=false mode=log_only median=0.3032 n=1000 k=1 floor=0.01 hardMax=15 ratio=1.20 lr=0.4
[GRAD-CLIP] trainerStep=19827 preNorm=0.3208 cap=15.0000 decided=0.3032 binding=relative applied=false mode=log_only median=0.3032 n=1000 k=1 floor=0.01 hardMax=15 ratio=1.06 lr=0.401
[GRAD-CLIP] trainerStep=19828 preNorm=0.3590 cap=15.0000 decided=0.3032 binding=relative applied=false mode=log_only median=0.3032 n=1000 k=1 floor=0.01 hardMax=15 ratio=1.18 lr=0.401
[GRAD-CLIP] trainerStep=19829 preNorm=0.3290 cap=15.0000 decided=0.3032 binding=relative applied=false mode=log_only median=0.3032 n=1000 k=1 floor=0.01 hardMax=15 ratio=1.09 lr=0.402
[GRAD-CLIP] trainerStep=19830 preNorm=0.3625 cap=15.0000 decided=0.3033 binding=relative applied=false mode=log_only median=0.3033 n=1000 k=1 floor=0.01 hardMax=15 ratio=1.20 lr=0.403
[GRAD-CLIP] trainerStep=19831 preNorm=0.3570 cap=15.0000 decided=0.3033 binding=relative applied=false mode=log_only median=0.3033 n=1000 k=1 floor=0.01 hardMax=15 ratio=1.18 lr=0.403
[GRAD-CLIP] trainerStep=19832 preNorm=0.3369 cap=15.0000 decided=0.3033 binding=relative applied=false mode=log_only median=0.3033 n=1000 k=1 floor=0.01 hardMax=15 ratio=1.11 lr=0.404
[GRAD-CLIP] trainerStep=19833 preNorm=0.3934 cap=15.0000 decided=0.3034 binding=relative applied=false mode=log_only median=0.3034 n=1000 k=1 floor=0.01 hardMax=15 ratio=1.30 lr=0.404
[GRAD-CLIP] trainerStep=19834 preNorm=0.3212 cap=15.0000 decided=0.3035 binding=relative applied=false mode=log_only median=0.3035 n=1000 k=1 floor=0.01 hardMax=15 ratio=1.06 lr=0.405
[GRAD-CLIP] trainerStep=19835 preNorm=0.3594 cap=15.0000 decided=0.3035 binding=relative applied=false mode=log_only median=0.3035 n=1000 k=1 floor=0.01 hardMax=15 ratio=1.18 lr=0.406
[GRAD-CLIP] trainerStep=19836 preNorm=0.3811 cap=15.0000 decided=0.3036 binding=relative applied=false mode=log_only median=0.3036 n=1000 k=1 floor=0.01 hardMax=15 ratio=1.26 lr=0.406
[GRAD-CLIP] trainerStep=19837 preNorm=0.3249 cap=15.0000 decided=0.3036 binding=relative applied=false mode=log_only median=0.3036 n=1000 k=1 floor=0.01 hardMax=15 ratio=1.07 lr=0.407
[GRAD-CLIP] trainerStep=19838 preNorm=0.3530 cap=15.0000 decided=0.3036 binding=relative applied=false mode=log_only median=0.3036 n=1000 k=1 floor=0.01 hardMax=15 ratio=1.16 lr=0.407
[GRAD-CLIP] trainerStep=19839 preNorm=0.3586 cap=15.0000 decided=0.3037 binding=relative applied=false mode=log_only median=0.3037 n=1000 k=1 floor=0.01 hardMax=15 ratio=1.18 lr=0.408
[REPLAY] step=1840 loss=3.5368 pLoss=2.7366 vLoss=0.7959 pEnt=2.845 pIllM=0.0043 playedP=0.170 pW=0.48 pD=0.06 pL=0.46 vAbs=0.253 pLogitMean=-9.6081 vLogitMean=0.5986 gNorm=0.302 lr=0.409 ms=1195.1 buf=500000 plies=16458088 games=246018 rejected=0 skipped=0 epoch=0 mom=0.8628 lrCyc[pk=9.8e-01,tr=9.9e-04] gNormMax=8.4497 clips=0 gCap=15.0000 trainerStep=19840
[LAYER-HEALTH] live trainerStep=19840 scope=batch_norm_state_only reluSites=2/10 ch=144 dead=0 off=0 alwaysOn=0 worst=none maxBetaOverGamma=+2.04@policy.pre_bn[103] minBetaOverGamma=-1.92@value.bn[4] rvMaxOverMedian=532.3@blocks.2.bn1[76] rezero=none nonFinite=0 parkedSites=9/10 parkedCh=1040 parked=0 parkedOff=0 parkedBy=none
[GRAD-CLIP] trainerStep=19841 preNorm=0.3699 cap=15.0000 decided=0.3037 binding=relative applied=false mode=log_only median=0.3037 n=1000 k=1 floor=0.01 hardMax=15 ratio=1.22 lr=0.409
[GRAD-CLIP] trainerStep=19842 preNorm=0.3486 cap=15.0000 decided=0.3038 binding=relative applied=false mode=log_only median=0.3038 n=1000 k=1 floor=0.01 hardMax=15 ratio=1.15 lr=0.41
[GRAD-CLIP] trainerStep=19843 preNorm=0.3393 cap=15.0000 decided=0.3038 binding=relative applied=false mode=log_only median=0.3038 n=1000 k=1 floor=0.01 hardMax=15 ratio=1.12 lr=0.41
[GRAD-CLIP] trainerStep=19844 preNorm=0.3247 cap=15.0000 decided=0.3039 binding=relative applied=false mode=log_only median=0.3039 n=1000 k=1 floor=0.01 hardMax=15 ratio=1.07 lr=0.411
[GRAD-CLIP] trainerStep=19845 preNorm=0.3356 cap=15.0000 decided=0.3039 binding=relative applied=false mode=log_only median=0.3039 n=1000 k=1 floor=0.01 hardMax=15 ratio=1.10 lr=0.411
[GRAD-CLIP] trainerStep=19846 preNorm=0.3361 cap=15.0000 decided=0.3039 binding=relative applied=false mode=log_only median=0.3039 n=1000 k=1 floor=0.01 hardMax=15 ratio=1.11 lr=0.412
[GRAD-CLIP] trainerStep=19847 preNorm=0.3547 cap=15.0000 decided=0.3040 binding=relative applied=false mode=log_only median=0.3040 n=1000 k=1 floor=0.01 hardMax=15 ratio=1.17 lr=0.413
[GRAD-CLIP] trainerStep=19848 preNorm=0.3543 cap=15.0000 decided=0.3040 binding=relative applied=false mode=log_only median=0.3040 n=1000 k=1 floor=0.01 hardMax=15 ratio=1.17 lr=0.413
[GRAD-CLIP] trainerStep=19849 preNorm=0.3578 cap=15.0000 decided=0.3041 binding=relative applied=false mode=log_only median=0.3041 n=1000 k=1 floor=0.01 hardMax=15 ratio=1.18 lr=0.414
[GRAD-CLIP] trainerStep=19850 preNorm=0.3354 cap=15.0000 decided=0.3041 binding=relative applied=false mode=log_only median=0.3041 n=1000 k=1 floor=0.01 hardMax=15 ratio=1.10 lr=0.414
[ALARM] health clear rule=gradient_spike severity=warning since=19800 trainerStep=19850 value=max/ref=1.39 max=0.4219 ref=0.3025
[GRAD-CLIP] trainerStep=19851 preNorm=0.3501 cap=15.0000 decided=0.3043 binding=relative applied=false mode=log_only median=0.3043 n=1000 k=1 floor=0.01 hardMax=15 ratio=1.15 lr=0.415
[GRAD-CLIP] trainerStep=19852 preNorm=0.3425 cap=15.0000 decided=0.3044 binding=relative applied=false mode=log_only median=0.3044 n=1000 k=1 floor=0.01 hardMax=15 ratio=1.12 lr=0.416
[GRAD-CLIP] trainerStep=19853 preNorm=0.3519 cap=15.0000 decided=0.3045 binding=relative applied=false mode=log_only median=0.3045 n=1000 k=1 floor=0.01 hardMax=15 ratio=1.16 lr=0.416
[GRAD-CLIP] trainerStep=19854 preNorm=0.3712 cap=15.0000 decided=0.3046 binding=relative applied=false mode=log_only median=0.3046 n=1000 k=1 floor=0.01 hardMax=15 ratio=1.22 lr=0.417
[GRAD-CLIP] trainerStep=19855 preNorm=0.3760 cap=15.0000 decided=0.3047 binding=relative applied=false mode=log_only median=0.3047 n=1000 k=1 floor=0.01 hardMax=15 ratio=1.23 lr=0.417
[GRAD-CLIP] trainerStep=19856 preNorm=0.3765 cap=15.0000 decided=0.3048 binding=relative applied=false mode=log_only median=0.3048 n=1000 k=1 floor=0.01 hardMax=15 ratio=1.24 lr=0.418
[GRAD-CLIP] trainerStep=19857 preNorm=0.3487 cap=15.0000 decided=0.3048 binding=relative applied=false mode=log_only median=0.3048 n=1000 k=1 floor=0.01 hardMax=15 ratio=1.14 lr=0.419
[GRAD-CLIP] trainerStep=19858 preNorm=0.3536 cap=15.0000 decided=0.3048 binding=relative applied=false mode=log_only median=0.3048 n=1000 k=1 floor=0.01 hardMax=15 ratio=1.16 lr=0.419
[GRAD-CLIP] trainerStep=19859 preNorm=0.3487 cap=15.0000 decided=0.3049 binding=relative applied=false mode=log_only median=0.3049 n=1000 k=1 floor=0.01 hardMax=15 ratio=1.14 lr=0.42
[GRAD-CLIP] trainerStep=19860 preNorm=0.4281 cap=15.0000 decided=0.3050 binding=relative applied=false mode=log_only median=0.3050 n=1000 k=1 floor=0.01 hardMax=15 ratio=1.40 lr=0.42
[GRAD-CLIP] trainerStep=19861 preNorm=0.4041 cap=15.0000 decided=0.3050 binding=relative applied=false mode=log_only median=0.3050 n=1000 k=1 floor=0.01 hardMax=15 ratio=1.32 lr=0.421
[GRAD-CLIP] trainerStep=19862 preNorm=0.3428 cap=15.0000 decided=0.3050 binding=relative applied=false mode=log_only median=0.3050 n=1000 k=1 floor=0.01 hardMax=15 ratio=1.12 lr=0.422
[GRAD-CLIP] trainerStep=19863 preNorm=0.3780 cap=15.0000 decided=0.3051 binding=relative applied=false mode=log_only median=0.3051 n=1000 k=1 floor=0.01 hardMax=15 ratio=1.24 lr=0.422
[GRAD-CLIP] trainerStep=19864 preNorm=0.3336 cap=15.0000 decided=0.3052 binding=relative applied=false mode=log_only median=0.3052 n=1000 k=1 floor=0.01 hardMax=15 ratio=1.09 lr=0.423
[GRAD-CLIP] trainerStep=19865 preNorm=0.3230 cap=15.0000 decided=0.3053 binding=relative applied=false mode=log_only median=0.3053 n=1000 k=1 floor=0.01 hardMax=15 ratio=1.06 lr=0.423
[GRAD-CLIP] trainerStep=19866 preNorm=0.3532 cap=15.0000 decided=0.3053 binding=relative applied=false mode=log_only median=0.3053 n=1000 k=1 floor=0.01 hardMax=15 ratio=1.16 lr=0.424
[GRAD-CLIP] trainerStep=19867 preNorm=0.3473 cap=15.0000 decided=0.3054 binding=relative applied=false mode=log_only median=0.3054 n=1000 k=1 floor=0.01 hardMax=15 ratio=1.14 lr=0.425
[GRAD-CLIP] trainerStep=19868 preNorm=0.3299 cap=15.0000 decided=0.3054 binding=relative applied=false mode=log_only median=0.3054 n=1000 k=1 floor=0.01 hardMax=15 ratio=1.08 lr=0.425
[GRAD-CLIP] trainerStep=19869 preNorm=0.3639 cap=15.0000 decided=0.3055 binding=relative applied=false mode=log_only median=0.3055 n=1000 k=1 floor=0.01 hardMax=15 ratio=1.19 lr=0.426
[GRAD-CLIP] trainerStep=19870 preNorm=0.3394 cap=15.0000 decided=0.3055 binding=relative applied=false mode=log_only median=0.3055 n=1000 k=1 floor=0.01 hardMax=15 ratio=1.11 lr=0.426
[GRAD-CLIP] trainerStep=19871 preNorm=0.3684 cap=15.0000 decided=0.3055 binding=relative applied=false mode=log_only median=0.3055 n=1000 k=1 floor=0.01 hardMax=15 ratio=1.21 lr=0.427
[GRAD-CLIP] trainerStep=19872 preNorm=0.3453 cap=15.0000 decided=0.3055 binding=relative applied=false mode=log_only median=0.3055 n=1000 k=1 floor=0.01 hardMax=15 ratio=1.13 lr=0.428
[GRAD-CLIP] trainerStep=19873 preNorm=0.3519 cap=15.0000 decided=0.3055 binding=relative applied=false mode=log_only median=0.3055 n=1000 k=1 floor=0.01 hardMax=15 ratio=1.15 lr=0.428
[GRAD-CLIP] trainerStep=19874 preNorm=0.3062 cap=15.0000 decided=0.3055 binding=relative applied=false mode=log_only median=0.3055 n=1000 k=1 floor=0.01 hardMax=15 ratio=1.00 lr=0.429
[GRAD-CLIP] trainerStep=19875 preNorm=0.3804 cap=15.0000 decided=0.3055 binding=relative applied=false mode=log_only median=0.3055 n=1000 k=1 floor=0.01 hardMax=15 ratio=1.25 lr=0.429
[GRAD-CLIP] trainerStep=19876 preNorm=0.3679 cap=15.0000 decided=0.3056 binding=relative applied=false mode=log_only median=0.3056 n=1000 k=1 floor=0.01 hardMax=15 ratio=1.20 lr=0.43
[GRAD-CLIP] trainerStep=19877 preNorm=0.3310 cap=15.0000 decided=0.3056 binding=relative applied=false mode=log_only median=0.3056 n=1000 k=1 floor=0.01 hardMax=15 ratio=1.08 lr=0.431
[GRAD-CLIP] trainerStep=19878 preNorm=0.3675 cap=15.0000 decided=0.3056 binding=relative applied=false mode=log_only median=0.3056 n=1000 k=1 floor=0.01 hardMax=15 ratio=1.20 lr=0.431
[GRAD-CLIP] trainerStep=19879 preNorm=0.3264 cap=15.0000 decided=0.3058 binding=relative applied=false mode=log_only median=0.3058 n=1000 k=1 floor=0.01 hardMax=15 ratio=1.07 lr=0.432
[GRAD-CLIP] trainerStep=19880 preNorm=0.4388 cap=15.0000 decided=0.3059 binding=relative applied=false mode=log_only median=0.3059 n=1000 k=1 floor=0.01 hardMax=15 ratio=1.43 lr=0.432
[GRAD-CLIP] trainerStep=19881 preNorm=0.3819 cap=15.0000 decided=0.3060 binding=relative applied=false mode=log_only median=0.3060 n=1000 k=1 floor=0.01 hardMax=15 ratio=1.25 lr=0.433
[GRAD-CLIP] trainerStep=19882 preNorm=0.3453 cap=15.0000 decided=0.3061 binding=relative applied=false mode=log_only median=0.3061 n=1000 k=1 floor=0.01 hardMax=15 ratio=1.13 lr=0.434
[GRAD-CLIP] trainerStep=19883 preNorm=0.4207 cap=15.0000 decided=0.3062 binding=relative applied=false mode=log_only median=0.3062 n=1000 k=1 floor=0.01 hardMax=15 ratio=1.37 lr=0.434
[GRAD-CLIP] trainerStep=19884 preNorm=0.3577 cap=15.0000 decided=0.3062 binding=relative applied=false mode=log_only median=0.3062 n=1000 k=1 floor=0.01 hardMax=15 ratio=1.17 lr=0.435
[GRAD-CLIP] trainerStep=19885 preNorm=0.4101 cap=15.0000 decided=0.3062 binding=relative applied=false mode=log_only median=0.3062 n=1000 k=1 floor=0.01 hardMax=15 ratio=1.34 lr=0.436
[GRAD-CLIP] trainerStep=19886 preNorm=0.3625 cap=15.0000 decided=0.3063 binding=relative applied=false mode=log_only median=0.3063 n=1000 k=1 floor=0.01 hardMax=15 ratio=1.18 lr=0.436
[GRAD-CLIP] trainerStep=19887 preNorm=0.3989 cap=15.0000 decided=0.3063 binding=relative applied=false mode=log_only median=0.3063 n=1000 k=1 floor=0.01 hardMax=15 ratio=1.30 lr=0.437
[GRAD-CLIP] trainerStep=19888 preNorm=0.3983 cap=15.0000 decided=0.3064 binding=relative applied=false mode=log_only median=0.3064 n=1000 k=1 floor=0.01 hardMax=15 ratio=1.30 lr=0.437
[GRAD-CLIP] trainerStep=19889 preNorm=0.3805 cap=15.0000 decided=0.3065 binding=relative applied=false mode=log_only median=0.3065 n=1000 k=1 floor=0.01 hardMax=15 ratio=1.24 lr=0.438
[GRAD-CLIP] trainerStep=19890 preNorm=0.4279 cap=15.0000 decided=0.3065 binding=relative applied=false mode=log_only median=0.3065 n=1000 k=1 floor=0.01 hardMax=15 ratio=1.40 lr=0.439
[GRAD-CLIP] trainerStep=19891 preNorm=0.3747 cap=15.0000 decided=0.3066 binding=relative applied=false mode=log_only median=0.3066 n=1000 k=1 floor=0.01 hardMax=15 ratio=1.22 lr=0.439
[GRAD-CLIP] trainerStep=19892 preNorm=0.4248 cap=15.0000 decided=0.3066 binding=relative applied=false mode=log_only median=0.3066 n=1000 k=1 floor=0.01 hardMax=15 ratio=1.39 lr=0.44
[GRAD-CLIP] trainerStep=19893 preNorm=0.3682 cap=15.0000 decided=0.3067 binding=relative applied=false mode=log_only median=0.3067 n=1000 k=1 floor=0.01 hardMax=15 ratio=1.20 lr=0.44
[GRAD-CLIP] trainerStep=19894 preNorm=0.4921 cap=15.0000 decided=0.3068 binding=relative applied=false mode=log_only median=0.3068 n=1000 k=1 floor=0.01 hardMax=15 ratio=1.60 lr=0.441
[GRAD-CLIP] trainerStep=19895 preNorm=0.3439 cap=15.0000 decided=0.3068 binding=relative applied=false mode=log_only median=0.3068 n=1000 k=1 floor=0.01 hardMax=15 ratio=1.12 lr=0.442
[GRAD-CLIP] trainerStep=19896 preNorm=0.4080 cap=15.0000 decided=0.3068 binding=relative applied=false mode=log_only median=0.3068 n=1000 k=1 floor=0.01 hardMax=15 ratio=1.33 lr=0.442
[GRAD-CLIP] trainerStep=19897 preNorm=0.3625 cap=15.0000 decided=0.3069 binding=relative applied=false mode=log_only median=0.3069 n=1000 k=1 floor=0.01 hardMax=15 ratio=1.18 lr=0.443
[GRAD-CLIP] trainerStep=19898 preNorm=0.3402 cap=15.0000 decided=0.3071 binding=relative applied=false mode=log_only median=0.3071 n=1000 k=1 floor=0.01 hardMax=15 ratio=1.11 lr=0.443
[GRAD-CLIP] trainerStep=19899 preNorm=0.3327 cap=15.0000 decided=0.3071 binding=relative applied=false mode=log_only median=0.3071 n=1000 k=1 floor=0.01 hardMax=15 ratio=1.08 lr=0.444
[GRAD-CLIP] trainerStep=19900 preNorm=0.3779 cap=15.0000 decided=0.3071 binding=relative applied=false mode=log_only median=0.3071 n=1000 k=1 floor=0.01 hardMax=15 ratio=1.23 lr=0.445
[GRAD-CLIP] trainerStep=19901 preNorm=0.3556 cap=15.0000 decided=0.3071 binding=relative applied=false mode=log_only median=0.3071 n=1000 k=1 floor=0.01 hardMax=15 ratio=1.16 lr=0.445
[GRAD-CLIP] trainerStep=19902 preNorm=0.3704 cap=15.0000 decided=0.3072 binding=relative applied=false mode=log_only median=0.3072 n=1000 k=1 floor=0.01 hardMax=15 ratio=1.21 lr=0.446
[GRAD-CLIP] trainerStep=19903 preNorm=0.3637 cap=15.0000 decided=0.3072 binding=relative applied=false mode=log_only median=0.3072 n=1000 k=1 floor=0.01 hardMax=15 ratio=1.18 lr=0.447
[GRAD-CLIP] trainerStep=19904 preNorm=0.3782 cap=15.0000 decided=0.3073 binding=relative applied=false mode=log_only median=0.3073 n=1000 k=1 floor=0.01 hardMax=15 ratio=1.23 lr=0.447
[GRAD-CLIP] trainerStep=19905 preNorm=0.3473 cap=15.0000 decided=0.3073 binding=relative applied=false mode=log_only median=0.3073 n=1000 k=1 floor=0.01 hardMax=15 ratio=1.13 lr=0.448
[GRAD-CLIP] trainerStep=19906 preNorm=0.3499 cap=15.0000 decided=0.3073 binding=relative applied=false mode=log_only median=0.3073 n=1000 k=1 floor=0.01 hardMax=15 ratio=1.14 lr=0.448
[GRAD-CLIP] trainerStep=19907 preNorm=0.3540 cap=15.0000 decided=0.3074 binding=relative applied=false mode=log_only median=0.3074 n=1000 k=1 floor=0.01 hardMax=15 ratio=1.15 lr=0.449
[GRAD-CLIP] trainerStep=19908 preNorm=0.3456 cap=15.0000 decided=0.3076 binding=relative applied=false mode=log_only median=0.3076 n=1000 k=1 floor=0.01 hardMax=15 ratio=1.12 lr=0.45
[GRAD-CLIP] trainerStep=19909 preNorm=0.3429 cap=15.0000 decided=0.3077 binding=relative applied=false mode=log_only median=0.3077 n=1000 k=1 floor=0.01 hardMax=15 ratio=1.11 lr=0.45
[GRAD-CLIP] trainerStep=19910 preNorm=0.3425 cap=15.0000 decided=0.3078 binding=relative applied=false mode=log_only median=0.3078 n=1000 k=1 floor=0.01 hardMax=15 ratio=1.11 lr=0.451
[GRAD-CLIP] trainerStep=19911 preNorm=0.3372 cap=15.0000 decided=0.3079 binding=relative applied=false mode=log_only median=0.3079 n=1000 k=1 floor=0.01 hardMax=15 ratio=1.10 lr=0.451
[GRAD-CLIP] trainerStep=19912 preNorm=0.3327 cap=15.0000 decided=0.3079 binding=relative applied=false mode=log_only median=0.3079 n=1000 k=1 floor=0.01 hardMax=15 ratio=1.08 lr=0.452
[GRAD-CLIP] trainerStep=19913 preNorm=0.3249 cap=15.0000 decided=0.3080 binding=relative applied=false mode=log_only median=0.3080 n=1000 k=1 floor=0.01 hardMax=15 ratio=1.06 lr=0.453
[GRAD-CLIP] trainerStep=19914 preNorm=0.3263 cap=15.0000 decided=0.3080 binding=relative applied=false mode=log_only median=0.3080 n=1000 k=1 floor=0.01 hardMax=15 ratio=1.06 lr=0.453
[GRAD-CLIP] trainerStep=19915 preNorm=0.3784 cap=15.0000 decided=0.3081 binding=relative applied=false mode=log_only median=0.3081 n=1000 k=1 floor=0.01 hardMax=15 ratio=1.23 lr=0.454
[GRAD-CLIP] trainerStep=19917 preNorm=0.4166 cap=15.0000 decided=0.3081 binding=relative applied=false mode=log_only median=0.3081 n=1000 k=1 floor=0.01 hardMax=15 ratio=1.35 lr=0.455
[GRAD-CLIP] trainerStep=19918 preNorm=0.3235 cap=15.0000 decided=0.3082 binding=relative applied=false mode=log_only median=0.3082 n=1000 k=1 floor=0.01 hardMax=15 ratio=1.05 lr=0.456
[GRAD-CLIP] trainerStep=19919 preNorm=0.3921 cap=15.0000 decided=0.3082 binding=relative applied=false mode=log_only median=0.3082 n=1000 k=1 floor=0.01 hardMax=15 ratio=1.27 lr=0.456
[GRAD-CLIP] trainerStep=19920 preNorm=0.3521 cap=15.0000 decided=0.3082 binding=relative applied=false mode=log_only median=0.3082 n=1000 k=1 floor=0.01 hardMax=15 ratio=1.14 lr=0.457
[GRAD-CLIP] trainerStep=19921 preNorm=0.4343 cap=15.0000 decided=0.3083 binding=relative applied=false mode=log_only median=0.3083 n=1000 k=1 floor=0.01 hardMax=15 ratio=1.41 lr=0.458
[GRAD-CLIP] trainerStep=19922 preNorm=0.4139 cap=15.0000 decided=0.3083 binding=relative applied=false mode=log_only median=0.3083 n=1000 k=1 floor=0.01 hardMax=15 ratio=1.34 lr=0.458
[GRAD-CLIP] trainerStep=19923 preNorm=0.3520 cap=15.0000 decided=0.3084 binding=relative applied=false mode=log_only median=0.3084 n=1000 k=1 floor=0.01 hardMax=15 ratio=1.14 lr=0.459
[GRAD-CLIP] trainerStep=19924 preNorm=0.3975 cap=15.0000 decided=0.3087 binding=relative applied=false mode=log_only median=0.3087 n=1000 k=1 floor=0.01 hardMax=15 ratio=1.29 lr=0.46
[GRAD-CLIP] trainerStep=19925 preNorm=0.3362 cap=15.0000 decided=0.3089 binding=relative applied=false mode=log_only median=0.3089 n=1000 k=1 floor=0.01 hardMax=15 ratio=1.09 lr=0.46
[GRAD-CLIP] trainerStep=19926 preNorm=0.4180 cap=15.0000 decided=0.3089 binding=relative applied=false mode=log_only median=0.3089 n=1000 k=1 floor=0.01 hardMax=15 ratio=1.35 lr=0.461
[GRAD-CLIP] trainerStep=19927 preNorm=0.3584 cap=15.0000 decided=0.3089 binding=relative applied=false mode=log_only median=0.3089 n=1000 k=1 floor=0.01 hardMax=15 ratio=1.16 lr=0.461
[GRAD-CLIP] trainerStep=19928 preNorm=0.3704 cap=15.0000 decided=0.3089 binding=relative applied=false mode=log_only median=0.3089 n=1000 k=1 floor=0.01 hardMax=15 ratio=1.20 lr=0.462
[GRAD-CLIP] trainerStep=19929 preNorm=0.3835 cap=15.0000 decided=0.3090 binding=relative applied=false mode=log_only median=0.3090 n=1000 k=1 floor=0.01 hardMax=15 ratio=1.24 lr=0.463
[GRAD-CLIP] trainerStep=19930 preNorm=0.3720 cap=15.0000 decided=0.3091 binding=relative applied=false mode=log_only median=0.3091 n=1000 k=1 floor=0.01 hardMax=15 ratio=1.20 lr=0.463
[GRAD-CLIP] trainerStep=19931 preNorm=0.3487 cap=15.0000 decided=0.3091 binding=relative applied=false mode=log_only median=0.3091 n=1000 k=1 floor=0.01 hardMax=15 ratio=1.13 lr=0.464
[GRAD-CLIP] trainerStep=19932 preNorm=0.3415 cap=15.0000 decided=0.3091 binding=relative applied=false mode=log_only median=0.3091 n=1000 k=1 floor=0.01 hardMax=15 ratio=1.10 lr=0.465
[GRAD-CLIP] trainerStep=19933 preNorm=0.3451 cap=15.0000 decided=0.3092 binding=relative applied=false mode=log_only median=0.3092 n=1000 k=1 floor=0.01 hardMax=15 ratio=1.12 lr=0.465
[GRAD-CLIP] trainerStep=19934 preNorm=0.3479 cap=15.0000 decided=0.3092 binding=relative applied=false mode=log_only median=0.3092 n=1000 k=1 floor=0.01 hardMax=15 ratio=1.13 lr=0.466
[GRAD-CLIP] trainerStep=19935 preNorm=0.3499 cap=15.0000 decided=0.3092 binding=relative applied=false mode=log_only median=0.3092 n=1000 k=1 floor=0.01 hardMax=15 ratio=1.13 lr=0.466
[GRAD-CLIP] trainerStep=19936 preNorm=0.3466 cap=15.0000 decided=0.3092 binding=relative applied=false mode=log_only median=0.3092 n=1000 k=1 floor=0.01 hardMax=15 ratio=1.12 lr=0.467
[GRAD-CLIP] trainerStep=19937 preNorm=0.3271 cap=15.0000 decided=0.3093 binding=relative applied=false mode=log_only median=0.3093 n=1000 k=1 floor=0.01 hardMax=15 ratio=1.06 lr=0.468
[GRAD-CLIP] trainerStep=19938 preNorm=0.3777 cap=15.0000 decided=0.3093 binding=relative applied=false mode=log_only median=0.3093 n=1000 k=1 floor=0.01 hardMax=15 ratio=1.22 lr=0.468
[GRAD-CLIP] trainerStep=19939 preNorm=0.3690 cap=15.0000 decided=0.3094 binding=relative applied=false mode=log_only median=0.3094 n=1000 k=1 floor=0.01 hardMax=15 ratio=1.19 lr=0.469
[GRAD-CLIP] trainerStep=19940 preNorm=0.3607 cap=15.0000 decided=0.3094 binding=relative applied=false mode=log_only median=0.3094 n=1000 k=1 floor=0.01 hardMax=15 ratio=1.17 lr=0.47
[GRAD-CLIP] trainerStep=19941 preNorm=0.3534 cap=15.0000 decided=0.3094 binding=relative applied=false mode=log_only median=0.3094 n=1000 k=1 floor=0.01 hardMax=15 ratio=1.14 lr=0.47
[GRAD-CLIP] trainerStep=19942 preNorm=0.3547 cap=15.0000 decided=0.3095 binding=relative applied=false mode=log_only median=0.3095 n=1000 k=1 floor=0.01 hardMax=15 ratio=1.15 lr=0.471
[GRAD-CLIP] trainerStep=19943 preNorm=0.4076 cap=15.0000 decided=0.3095 binding=relative applied=false mode=log_only median=0.3095 n=1000 k=1 floor=0.01 hardMax=15 ratio=1.32 lr=0.471
[GRAD-CLIP] trainerStep=19944 preNorm=0.3292 cap=15.0000 decided=0.3096 binding=relative applied=false mode=log_only median=0.3096 n=1000 k=1 floor=0.01 hardMax=15 ratio=1.06 lr=0.472
[GRAD-CLIP] trainerStep=19945 preNorm=0.3536 cap=15.0000 decided=0.3096 binding=relative applied=false mode=log_only median=0.3096 n=1000 k=1 floor=0.01 hardMax=15 ratio=1.14 lr=0.473
[GRAD-CLIP] trainerStep=19946 preNorm=0.3728 cap=15.0000 decided=0.3097 binding=relative applied=false mode=log_only median=0.3097 n=1000 k=1 floor=0.01 hardMax=15 ratio=1.20 lr=0.473
[GRAD-CLIP] trainerStep=19947 preNorm=0.3629 cap=15.0000 decided=0.3097 binding=relative applied=false mode=log_only median=0.3097 n=1000 k=1 floor=0.01 hardMax=15 ratio=1.17 lr=0.474
[GRAD-CLIP] trainerStep=19948 preNorm=0.3328 cap=15.0000 decided=0.3097 binding=relative applied=false mode=log_only median=0.3097 n=1000 k=1 floor=0.01 hardMax=15 ratio=1.07 lr=0.475
[GRAD-CLIP] trainerStep=19949 preNorm=0.4456 cap=15.0000 decided=0.3097 binding=relative applied=false mode=log_only median=0.3097 n=1000 k=1 floor=0.01 hardMax=15 ratio=1.44 lr=0.475
[GRAD-CLIP] trainerStep=19950 preNorm=0.3767 cap=15.0000 decided=0.3097 binding=relative applied=false mode=log_only median=0.3097 n=1000 k=1 floor=0.01 hardMax=15 ratio=1.22 lr=0.476
[GRAD-CLIP] trainerStep=19951 preNorm=0.3178 cap=15.0000 decided=0.3099 binding=relative applied=false mode=log_only median=0.3099 n=1000 k=1 floor=0.01 hardMax=15 ratio=1.03 lr=0.476
[GRAD-CLIP] trainerStep=19952 preNorm=0.3876 cap=15.0000 decided=0.3100 binding=relative applied=false mode=log_only median=0.3100 n=1000 k=1 floor=0.01 hardMax=15 ratio=1.25 lr=0.477
[GRAD-CLIP] trainerStep=19953 preNorm=0.3827 cap=15.0000 decided=0.3100 binding=relative applied=false mode=log_only median=0.3100 n=1000 k=1 floor=0.01 hardMax=15 ratio=1.23 lr=0.478
[GRAD-CLIP] trainerStep=19954 preNorm=0.3711 cap=15.0000 decided=0.3101 binding=relative applied=false mode=log_only median=0.3101 n=1000 k=1 floor=0.01 hardMax=15 ratio=1.20 lr=0.478
[GRAD-CLIP] trainerStep=19955 preNorm=0.3680 cap=15.0000 decided=0.3102 binding=relative applied=false mode=log_only median=0.3102 n=1000 k=1 floor=0.01 hardMax=15 ratio=1.19 lr=0.479
[GRAD-CLIP] trainerStep=19956 preNorm=0.3603 cap=15.0000 decided=0.3102 binding=relative applied=false mode=log_only median=0.3102 n=1000 k=1 floor=0.01 hardMax=15 ratio=1.16 lr=0.48
[GRAD-CLIP] trainerStep=19957 preNorm=0.3342 cap=15.0000 decided=0.3103 binding=relative applied=false mode=log_only median=0.3103 n=1000 k=1 floor=0.01 hardMax=15 ratio=1.08 lr=0.48
[GRAD-CLIP] trainerStep=19958 preNorm=0.3232 cap=15.0000 decided=0.3104 binding=relative applied=false mode=log_only median=0.3104 n=1000 k=1 floor=0.01 hardMax=15 ratio=1.04 lr=0.481
[GRAD-CLIP] trainerStep=19959 preNorm=0.3702 cap=15.0000 decided=0.3105 binding=relative applied=false mode=log_only median=0.3105 n=1000 k=1 floor=0.01 hardMax=15 ratio=1.19 lr=0.482
[GRAD-CLIP] trainerStep=19960 preNorm=0.3540 cap=15.0000 decided=0.3107 binding=relative applied=false mode=log_only median=0.3107 n=1000 k=1 floor=0.01 hardMax=15 ratio=1.14 lr=0.482
[REPLAY] step=1960 loss=3.5342 pLoss=2.7381 vLoss=0.7918 pEnt=2.867 pIllM=0.0044 playedP=0.168 pW=0.48 pD=0.06 pL=0.46 vAbs=0.265 pLogitMean=-9.6148 vLogitMean=0.6025 gNorm=0.354 lr=0.483 ms=1205.5 buf=500000 plies=17482096 games=261281 rejected=0 skipped=0 epoch=0 mom=0.8604 lrCyc[pk=9.8e-01,tr=9.9e-04] gNormMax=0.4921 clips=0 gCap=15.0000 trainerStep=19960
[LAYER-HEALTH] live trainerStep=19960 scope=batch_norm_state_only reluSites=2/10 ch=144 dead=0 off=0 alwaysOn=0 worst=none maxBetaOverGamma=+2.13@policy.pre_bn[103] minBetaOverGamma=-1.87@value.bn[4] rvMaxOverMedian=961.3@blocks.2.bn1[76] rezero=none nonFinite=0 parkedSites=9/10 parkedCh=1040 parked=0 parkedOff=0 parkedBy=none
[GRAD-CLIP] trainerStep=19961 preNorm=0.3114 cap=15.0000 decided=0.3107 binding=relative applied=false mode=log_only median=0.3107 n=1000 k=1 floor=0.01 hardMax=15 ratio=1.00 lr=0.483
[GRAD-CLIP] trainerStep=19962 preNorm=0.3471 cap=15.0000 decided=0.3107 binding=relative applied=false mode=log_only median=0.3107 n=1000 k=1 floor=0.01 hardMax=15 ratio=1.12 lr=0.483
[GRAD-CLIP] trainerStep=19963 preNorm=0.3388 cap=15.0000 decided=0.3107 binding=relative applied=false mode=log_only median=0.3107 n=1000 k=1 floor=0.01 hardMax=15 ratio=1.09 lr=0.484
[GRAD-CLIP] trainerStep=19964 preNorm=0.3517 cap=15.0000 decided=0.3108 binding=relative applied=false mode=log_only median=0.3108 n=1000 k=1 floor=0.01 hardMax=15 ratio=1.13 lr=0.485
[GRAD-CLIP] trainerStep=19965 preNorm=0.3674 cap=15.0000 decided=0.3108 binding=relative applied=false mode=log_only median=0.3108 n=1000 k=1 floor=0.01 hardMax=15 ratio=1.18 lr=0.485
[GRAD-CLIP] trainerStep=19966 preNorm=0.3217 cap=15.0000 decided=0.3109 binding=relative applied=false mode=log_only median=0.3109 n=1000 k=1 floor=0.01 hardMax=15 ratio=1.03 lr=0.486
[GRAD-CLIP] trainerStep=19967 preNorm=0.3718 cap=15.0000 decided=0.3110 binding=relative applied=false mode=log_only median=0.3110 n=1000 k=1 floor=0.01 hardMax=15 ratio=1.20 lr=0.487
[GRAD-CLIP] trainerStep=19968 preNorm=0.3222 cap=15.0000 decided=0.3110 binding=relative applied=false mode=log_only median=0.3110 n=1000 k=1 floor=0.01 hardMax=15 ratio=1.04 lr=0.487
[GRAD-CLIP] trainerStep=19969 preNorm=0.4048 cap=15.0000 decided=0.3111 binding=relative applied=false mode=log_only median=0.3111 n=1000 k=1 floor=0.01 hardMax=15 ratio=1.30 lr=0.488
[GRAD-CLIP] trainerStep=19970 preNorm=0.3687 cap=15.0000 decided=0.3112 binding=relative applied=false mode=log_only median=0.3112 n=1000 k=1 floor=0.01 hardMax=15 ratio=1.18 lr=0.489
[GRAD-CLIP] trainerStep=19971 preNorm=0.3736 cap=15.0000 decided=0.3112 binding=relative applied=false mode=log_only median=0.3112 n=1000 k=1 floor=0.01 hardMax=15 ratio=1.20 lr=0.489
[GRAD-CLIP] trainerStep=19972 preNorm=0.4382 cap=15.0000 decided=0.3113 binding=relative applied=false mode=log_only median=0.3113 n=1000 k=1 floor=0.01 hardMax=15 ratio=1.41 lr=0.49
[GRAD-CLIP] trainerStep=19973 preNorm=0.3389 cap=15.0000 decided=0.3113 binding=relative applied=false mode=log_only median=0.3113 n=1000 k=1 floor=0.01 hardMax=15 ratio=1.09 lr=0.49
[GRAD-CLIP] trainerStep=19974 preNorm=0.3762 cap=15.0000 decided=0.3113 binding=relative applied=false mode=log_only median=0.3113 n=1000 k=1 floor=0.01 hardMax=15 ratio=1.21 lr=0.491
[GRAD-CLIP] trainerStep=19975 preNorm=0.3622 cap=15.0000 decided=0.3114 binding=relative applied=false mode=log_only median=0.3114 n=1000 k=1 floor=0.01 hardMax=15 ratio=1.16 lr=0.492
[GRAD-CLIP] trainerStep=19976 preNorm=0.3243 cap=15.0000 decided=0.3114 binding=relative applied=false mode=log_only median=0.3114 n=1000 k=1 floor=0.01 hardMax=15 ratio=1.04 lr=0.492
[GRAD-CLIP] trainerStep=19977 preNorm=0.3599 cap=15.0000 decided=0.3115 binding=relative applied=false mode=log_only median=0.3115 n=1000 k=1 floor=0.01 hardMax=15 ratio=1.16 lr=0.493
[GRAD-CLIP] trainerStep=19979 preNorm=0.4385 cap=15.0000 decided=0.3115 binding=relative applied=false mode=log_only median=0.3115 n=1000 k=1 floor=0.01 hardMax=15 ratio=1.41 lr=0.494
[GRAD-CLIP] trainerStep=19980 preNorm=0.3621 cap=15.0000 decided=0.3115 binding=relative applied=false mode=log_only median=0.3115 n=1000 k=1 floor=0.01 hardMax=15 ratio=1.16 lr=0.495
[GRAD-CLIP] trainerStep=19981 preNorm=0.4136 cap=15.0000 decided=0.3115 binding=relative applied=false mode=log_only median=0.3115 n=1000 k=1 floor=0.01 hardMax=15 ratio=1.33 lr=0.496
[GRAD-CLIP] trainerStep=19982 preNorm=0.3452 cap=15.0000 decided=0.3115 binding=relative applied=false mode=log_only median=0.3115 n=1000 k=1 floor=0.01 hardMax=15 ratio=1.11 lr=0.496
[GRAD-CLIP] trainerStep=19983 preNorm=0.3800 cap=15.0000 decided=0.3116 binding=relative applied=false mode=log_only median=0.3116 n=1000 k=1 floor=0.01 hardMax=15 ratio=1.22 lr=0.497
[GRAD-CLIP] trainerStep=19984 preNorm=0.3746 cap=15.0000 decided=0.3116 binding=relative applied=false mode=log_only median=0.3116 n=1000 k=1 floor=0.01 hardMax=15 ratio=1.20 lr=0.498
[GRAD-CLIP] trainerStep=19985 preNorm=0.3746 cap=15.0000 decided=0.3117 binding=relative applied=false mode=log_only median=0.3117 n=1000 k=1 floor=0.01 hardMax=15 ratio=1.20 lr=0.498
[GRAD-CLIP] trainerStep=19986 preNorm=0.3763 cap=15.0000 decided=0.3117 binding=relative applied=false mode=log_only median=0.3117 n=1000 k=1 floor=0.01 hardMax=15 ratio=1.21 lr=0.499
[GRAD-CLIP] trainerStep=19987 preNorm=0.3304 cap=15.0000 decided=0.3118 binding=relative applied=false mode=log_only median=0.3118 n=1000 k=1 floor=0.01 hardMax=15 ratio=1.06 lr=0.499
[GRAD-CLIP] trainerStep=19988 preNorm=0.3664 cap=15.0000 decided=0.3118 binding=relative applied=false mode=log_only median=0.3118 n=1000 k=1 floor=0.01 hardMax=15 ratio=1.18 lr=0.5
[GRAD-CLIP] trainerStep=19989 preNorm=0.3507 cap=15.0000 decided=0.3119 binding=relative applied=false mode=log_only median=0.3119 n=1000 k=1 floor=0.01 hardMax=15 ratio=1.12 lr=0.501
[GRAD-CLIP] trainerStep=19990 preNorm=0.3420 cap=15.0000 decided=0.3120 binding=relative applied=false mode=log_only median=0.3120 n=1000 k=1 floor=0.01 hardMax=15 ratio=1.10 lr=0.501
[GRAD-CLIP] trainerStep=19991 preNorm=0.3939 cap=15.0000 decided=0.3120 binding=relative applied=false mode=log_only median=0.3120 n=1000 k=1 floor=0.01 hardMax=15 ratio=1.26 lr=0.502
[GRAD-CLIP] trainerStep=19992 preNorm=0.3281 cap=15.0000 decided=0.3120 binding=relative applied=false mode=log_only median=0.3120 n=1000 k=1 floor=0.01 hardMax=15 ratio=1.05 lr=0.503
[GRAD-CLIP] trainerStep=19993 preNorm=0.3561 cap=15.0000 decided=0.3122 binding=relative applied=false mode=log_only median=0.3122 n=1000 k=1 floor=0.01 hardMax=15 ratio=1.14 lr=0.503
[GRAD-CLIP] trainerStep=19994 preNorm=0.3455 cap=15.0000 decided=0.3123 binding=relative applied=false mode=log_only median=0.3123 n=1000 k=1 floor=0.01 hardMax=15 ratio=1.11 lr=0.504
[GRAD-CLIP] trainerStep=19995 preNorm=0.3393 cap=15.0000 decided=0.3123 binding=relative applied=false mode=log_only median=0.3123 n=1000 k=1 floor=0.01 hardMax=15 ratio=1.09 lr=0.505
[GRAD-CLIP] trainerStep=19996 preNorm=0.3646 cap=15.0000 decided=0.3123 binding=relative applied=false mode=log_only median=0.3123 n=1000 k=1 floor=0.01 hardMax=15 ratio=1.17 lr=0.505
[GRAD-CLIP] trainerStep=19997 preNorm=0.3623 cap=15.0000 decided=0.3124 binding=relative applied=false mode=log_only median=0.3124 n=1000 k=1 floor=0.01 hardMax=15 ratio=1.16 lr=0.506
[GRAD-CLIP] trainerStep=19998 preNorm=0.3631 cap=15.0000 decided=0.3124 binding=relative applied=false mode=log_only median=0.3124 n=1000 k=1 floor=0.01 hardMax=15 ratio=1.16 lr=0.507
[GRAD-CLIP] trainerStep=19999 preNorm=0.3454 cap=15.0000 decided=0.3125 binding=relative applied=false mode=log_only median=0.3125 n=1000 k=1 floor=0.01 hardMax=15 ratio=1.11 lr=0.507
[GRAD-CLIP] trainerStep=20000 preNorm=0.3492 cap=15.0000 decided=0.3127 binding=relative applied=false mode=log_only median=0.3127 n=1000 k=1 floor=0.01 hardMax=15 ratio=1.12 lr=0.508
[REPLAY] step=2000 loss=3.5435 pLoss=2.7425 vLoss=0.7965 pEnt=2.823 pIllM=0.0045 playedP=0.178 pW=0.48 pD=0.06 pL=0.46 vAbs=0.231 pLogitMean=-9.6062 vLogitMean=0.6017 gNorm=0.349 lr=0.508 ms=1193.1 buf=500000 plies=17823366 games=266440 rejected=0 skipped=0 epoch=0 mom=0.8596 lrCyc[pk=9.8e-01,tr=9.9e-04] gNormMax=0.4385 clips=0 gCap=15.0000 trainerStep=20000
[LAYER-HEALTH] live trainerStep=20000 scope=batch_norm_state_only reluSites=2/10 ch=144 dead=0 off=0 alwaysOn=0 worst=none maxBetaOverGamma=+2.12@policy.pre_bn[103] minBetaOverGamma=-1.91@value.bn[9] rvMaxOverMedian=980.1@blocks.2.bn1[76] rezero=none nonFinite=0 parkedSites=9/10 parkedCh=1040 parked=0 parkedOff=0 parkedBy=none
[ALARM] health active rule=policy_offset_drift severity=warning since=18100 trainerStep=20000 value=medianAbs=9.6104
[HEALTH] check trainerStep=20000 generation=0 evaluations=21 live=20 checkpoint=1 stale=0 truncated=0 cost_ms=30.4 train_ms=1159251.9 liveReadFailed=0 lossMaxRatio=1.02 lossMedianRatio=1.01 gradMaxRatio=28.26 nodata=none active=policy_offset_drift:warning
[REPLAY] saved trainer model (autosave) step=2000 trainerStep=20000 nextGame=2579110 shard=5 epoch=0 -> 20261007-lrBsilu-relcapV1-replay-latest.safetensors
[LAYER-HEALTH] checkpoint replay-autosave step=2000 trainerStep=20000 scope=all_tensors reluSites=2/10 ch=144 dead=0 off=0 alwaysOn=0 worst=none maxBetaOverGamma=+2.12@policy.pre_bn[103] minBetaOverGamma=-1.91@value.bn[9] rvMaxOverMedian=980.1@blocks.2.bn1[76] rezero=none nonFinite=0 parkedSites=9/10 parkedCh=1040 parked=0 parkedOff=0 parkedBy=none seZeroVel=none valueFC1ZeroVel=0/128 maxAbs=353.8@blocks.2.bn1.running_var
[LAYER-HEALTH]   batch-norm sites — β/|γ|: dead < -3.00, mostly off < -2.00, always on > +3.00; classified for relu/leaky_relu only
[LAYER-HEALTH]     site            act            ch   dead    off     on  zeroγ nonfin  min β/|γ| [ch]     max β/|γ| [ch]     rv max/median [ch]
[LAYER-HEALTH]     stem.bn         -             128    n/a    n/a    n/a      0      0     -0.49 [104]        +0.27 [20]            5.0 [5]
[LAYER-HEALTH]     blocks.0.bn1    silu          128    n/a    n/a    n/a      0      0     -0.66 [21]         +0.13 [103]           3.1 [14]
[LAYER-HEALTH]     blocks.0.bn2    silu          128    n/a    n/a    n/a      0      0     -1.01 [53]         +1.09 [48]            5.1 [79]
[LAYER-HEALTH]     blocks.1.bn1    silu          128    n/a    n/a    n/a      0      0     -1.24 [17]         +0.03 [31]           69.7 [31]
[LAYER-HEALTH]     blocks.1.bn2    silu          128    n/a    n/a    n/a      0      0     -1.27 [120]        -0.04 [101]          10.9 [70]
[LAYER-HEALTH]     blocks.2.bn1    silu          128    n/a    n/a    n/a      0      0     -1.96 [17]         +1.33 [31]          980.1 [76]
[LAYER-HEALTH]     blocks.2.bn2    silu          128    n/a    n/a    n/a      0      0     -1.50 [78]         +0.07 [16]            3.6 [26]
[LAYER-HEALTH]     tower_final_bn  silu          128    n/a    n/a    n/a      0      0     -0.45 [90]         +0.84 [6]            52.5 [76]
[LAYER-HEALTH]     policy.pre_bn   leaky_relu    128      0      0      0      0      0     -0.79 [26]         +2.12 [103]           2.6 [120]
[LAYER-HEALTH]     value.bn        leaky_relu     16      0      0      0      0      0     -1.91 [9]          -0.58 [13]            2.8 [11]
[LAYER-HEALTH]   parked channels — every activation: pass-through P = E|f'(γz+β)|, z ~ N(0,1); parked when P above its floor < 0.00135 of the range (Φ(-3)), mostly off < 0.02275 (Φ(-2)); equals dead / off for relu/leaky_relu
[LAYER-HEALTH]     site            act            ch parked    off       min P   median P
[LAYER-HEALTH]     blocks.0.bn1    silu          128      0      0    0.346988   0.453861
[LAYER-HEALTH]     blocks.0.bn2    silu          128      0      0    0.221712   0.415504
[LAYER-HEALTH]     blocks.1.bn1    silu          128      0      0    0.172142   0.371171
[LAYER-HEALTH]     blocks.1.bn2    silu          128      0      0    0.164181   0.358842
[LAYER-HEALTH]     blocks.2.bn1    silu          128      0      0    0.077527   0.331750
[LAYER-HEALTH]     blocks.2.bn2    silu          128      0      0    0.127553   0.382364
[LAYER-HEALTH]     tower_final_bn  silu          128      0      0    0.374567   0.554160
[LAYER-HEALTH]     policy.pre_bn   leaky_relu    128      0      0    0.223384   0.597511
[LAYER-HEALTH]     value.bn        leaky_relu     16      0      0    0.038020   0.104959
[LAYER-HEALTH]   FC hidden-unit velocity — zero: every weight-velocity entry exactly 0; low: nonzero but < 5% of the layer's p90 unit norm
[LAYER-HEALTH]     value.fc1.weight  leaky_relu  units 128  zero 0  low 6  median unit norm 0.004229
[LAYER-HEALTH]     (no SE blocks)
[LAYER-HEALTH]   ReZero: none
[LAYER-HEALTH]   non-finite: 0 values in 0 of 102 tensors (10263038 values examined)
[LAYER-HEALTH]   largest |value|: blocks.2.bn1.running_var 353.8, blocks.1.res_ln.weight 23.28, tower_final_bn.running_var 22.65, blocks.1.bn1.running_var 22.4, blocks.1.bn2.running_var 14.19
[REPLAY] enumerated checkpoint -> 20261007-lrBsilu-relcapV1-replay-step20000.safetensors
[GRAD-CLIP] trainerStep=20001 preNorm=0.3659 cap=15.0000 decided=0.3127 binding=relative applied=false mode=log_only median=0.3127 n=1000 k=1 floor=0.01 hardMax=15 ratio=1.17 lr=0.508
[GRAD-CLIP] trainerStep=20002 preNorm=0.3146 cap=15.0000 decided=0.3128 binding=relative applied=false mode=log_only median=0.3128 n=1000 k=1 floor=0.01 hardMax=15 ratio=1.01 lr=0.509
[GRAD-CLIP] trainerStep=20003 preNorm=0.3831 cap=15.0000 decided=0.3128 binding=relative applied=false mode=log_only median=0.3128 n=1000 k=1 floor=0.01 hardMax=15 ratio=1.22 lr=0.51
[GRAD-CLIP] trainerStep=20004 preNorm=0.3954 cap=15.0000 decided=0.3129 binding=relative applied=false mode=log_only median=0.3129 n=1000 k=1 floor=0.01 hardMax=15 ratio=1.26 lr=0.51
[GRAD-CLIP] trainerStep=20005 preNorm=0.3696 cap=15.0000 decided=0.3129 binding=relative applied=false mode=log_only median=0.3129 n=1000 k=1 floor=0.01 hardMax=15 ratio=1.18 lr=0.511
[GRAD-CLIP] trainerStep=20006 preNorm=0.3463 cap=15.0000 decided=0.3130 binding=relative applied=false mode=log_only median=0.3130 n=1000 k=1 floor=0.01 hardMax=15 ratio=1.11 lr=0.512
[GRAD-CLIP] trainerStep=20007 preNorm=0.3490 cap=15.0000 decided=0.3131 binding=relative applied=false mode=log_only median=0.3131 n=1000 k=1 floor=0.01 hardMax=15 ratio=1.11 lr=0.512
[GRAD-CLIP] trainerStep=20008 preNorm=0.3420 cap=15.0000 decided=0.3131 binding=relative applied=false mode=log_only median=0.3131 n=1000 k=1 floor=0.01 hardMax=15 ratio=1.09 lr=0.513
[GRAD-CLIP] trainerStep=20009 preNorm=0.3150 cap=15.0000 decided=0.3132 binding=relative applied=false mode=log_only median=0.3132 n=1000 k=1 floor=0.01 hardMax=15 ratio=1.01 lr=0.514
[GRAD-CLIP] trainerStep=20010 preNorm=0.3930 cap=15.0000 decided=0.3132 binding=relative applied=false mode=log_only median=0.3132 n=1000 k=1 floor=0.01 hardMax=15 ratio=1.25 lr=0.514
[GRAD-CLIP] trainerStep=20011 preNorm=0.3558 cap=15.0000 decided=0.3132 binding=relative applied=false mode=log_only median=0.3132 n=1000 k=1 floor=0.01 hardMax=15 ratio=1.14 lr=0.515
[GRAD-CLIP] trainerStep=20012 preNorm=0.3720 cap=15.0000 decided=0.3132 binding=relative applied=false mode=log_only median=0.3132 n=1000 k=1 floor=0.01 hardMax=15 ratio=1.19 lr=0.516
[GRAD-CLIP] trainerStep=20013 preNorm=0.3344 cap=15.0000 decided=0.3133 binding=relative applied=false mode=log_only median=0.3133 n=1000 k=1 floor=0.01 hardMax=15 ratio=1.07 lr=0.516
[GRAD-CLIP] trainerStep=20014 preNorm=0.3384 cap=15.0000 decided=0.3133 binding=relative applied=false mode=log_only median=0.3133 n=1000 k=1 floor=0.01 hardMax=15 ratio=1.08 lr=0.517
[GRAD-CLIP] trainerStep=20015 preNorm=0.3185 cap=15.0000 decided=0.3134 binding=relative applied=false mode=log_only median=0.3134 n=1000 k=1 floor=0.01 hardMax=15 ratio=1.02 lr=0.518
[GRAD-CLIP] trainerStep=20016 preNorm=0.3279 cap=15.0000 decided=0.3134 binding=relative applied=false mode=log_only median=0.3134 n=1000 k=1 floor=0.01 hardMax=15 ratio=1.05 lr=0.518
[GRAD-CLIP] trainerStep=20017 preNorm=0.3558 cap=15.0000 decided=0.3135 binding=relative applied=false mode=log_only median=0.3135 n=1000 k=1 floor=0.01 hardMax=15 ratio=1.13 lr=0.519
[GRAD-CLIP] trainerStep=20018 preNorm=0.3138 cap=15.0000 decided=0.3137 binding=relative applied=false mode=log_only median=0.3137 n=1000 k=1 floor=0.01 hardMax=15 ratio=1.00 lr=0.52
[GRAD-CLIP] trainerStep=20019 preNorm=0.3318 cap=15.0000 decided=0.3138 binding=relative applied=false mode=log_only median=0.3138 n=1000 k=1 floor=0.01 hardMax=15 ratio=1.06 lr=0.52
[GRAD-CLIP] trainerStep=20020 preNorm=0.3712 cap=15.0000 decided=0.3139 binding=relative applied=false mode=log_only median=0.3139 n=1000 k=1 floor=0.01 hardMax=15 ratio=1.18 lr=0.521
[GRAD-CLIP] trainerStep=20021 preNorm=0.3479 cap=15.0000 decided=0.3140 binding=relative applied=false mode=log_only median=0.3140 n=1000 k=1 floor=0.01 hardMax=15 ratio=1.11 lr=0.521
[GRAD-CLIP] trainerStep=20022 preNorm=0.3517 cap=15.0000 decided=0.3140 binding=relative applied=false mode=log_only median=0.3140 n=1000 k=1 floor=0.01 hardMax=15 ratio=1.12 lr=0.522
[GRAD-CLIP] trainerStep=20023 preNorm=0.3867 cap=15.0000 decided=0.3141 binding=relative applied=false mode=log_only median=0.3141 n=1000 k=1 floor=0.01 hardMax=15 ratio=1.23 lr=0.523
[GRAD-CLIP] trainerStep=20024 preNorm=0.4199 cap=15.0000 decided=0.3142 binding=relative applied=false mode=log_only median=0.3142 n=1000 k=1 floor=0.01 hardMax=15 ratio=1.34 lr=0.523
[GRAD-CLIP] trainerStep=20025 preNorm=0.3562 cap=15.0000 decided=0.3143 binding=relative applied=false mode=log_only median=0.3143 n=1000 k=1 floor=0.01 hardMax=15 ratio=1.13 lr=0.524
[GRAD-CLIP] trainerStep=20026 preNorm=0.3477 cap=15.0000 decided=0.3144 binding=relative applied=false mode=log_only median=0.3144 n=1000 k=1 floor=0.01 hardMax=15 ratio=1.11 lr=0.525
[GRAD-CLIP] trainerStep=20027 preNorm=0.3612 cap=15.0000 decided=0.3145 binding=relative applied=false mode=log_only median=0.3145 n=1000 k=1 floor=0.01 hardMax=15 ratio=1.15 lr=0.525
[GRAD-CLIP] trainerStep=20028 preNorm=0.3557 cap=15.0000 decided=0.3146 binding=relative applied=false mode=log_only median=0.3146 n=1000 k=1 floor=0.01 hardMax=15 ratio=1.13 lr=0.526
[GRAD-CLIP] trainerStep=20029 preNorm=0.4035 cap=15.0000 decided=0.3146 binding=relative applied=false mode=log_only median=0.3146 n=1000 k=1 floor=0.01 hardMax=15 ratio=1.28 lr=0.527
[GRAD-CLIP] trainerStep=20030 preNorm=0.3230 cap=15.0000 decided=0.3147 binding=relative applied=false mode=log_only median=0.3147 n=1000 k=1 floor=0.01 hardMax=15 ratio=1.03 lr=0.527
[GRAD-CLIP] trainerStep=20031 preNorm=0.3472 cap=15.0000 decided=0.3148 binding=relative applied=false mode=log_only median=0.3148 n=1000 k=1 floor=0.01 hardMax=15 ratio=1.10 lr=0.528
[GRAD-CLIP] trainerStep=20032 preNorm=0.3251 cap=15.0000 decided=0.3149 binding=relative applied=false mode=log_only median=0.3149 n=1000 k=1 floor=0.01 hardMax=15 ratio=1.03 lr=0.529
[GRAD-CLIP] trainerStep=20033 preNorm=0.3425 cap=15.0000 decided=0.3150 binding=relative applied=false mode=log_only median=0.3150 n=1000 k=1 floor=0.01 hardMax=15 ratio=1.09 lr=0.529
[GRAD-CLIP] trainerStep=20034 preNorm=0.3346 cap=15.0000 decided=0.3151 binding=relative applied=false mode=log_only median=0.3151 n=1000 k=1 floor=0.01 hardMax=15 ratio=1.06 lr=0.53
[GRAD-CLIP] trainerStep=20035 preNorm=0.3245 cap=15.0000 decided=0.3152 binding=relative applied=false mode=log_only median=0.3152 n=1000 k=1 floor=0.01 hardMax=15 ratio=1.03 lr=0.531
[GRAD-CLIP] trainerStep=20036 preNorm=0.3575 cap=15.0000 decided=0.3152 binding=relative applied=false mode=log_only median=0.3152 n=1000 k=1 floor=0.01 hardMax=15 ratio=1.13 lr=0.531
[GRAD-CLIP] trainerStep=20037 preNorm=0.3424 cap=15.0000 decided=0.3152 binding=relative applied=false mode=log_only median=0.3152 n=1000 k=1 floor=0.01 hardMax=15 ratio=1.09 lr=0.532
[GRAD-CLIP] trainerStep=20038 preNorm=0.3413 cap=15.0000 decided=0.3152 binding=relative applied=false mode=log_only median=0.3152 n=1000 k=1 floor=0.01 hardMax=15 ratio=1.08 lr=0.533
[GRAD-CLIP] trainerStep=20040 preNorm=0.3692 cap=15.0000 decided=0.3153 binding=relative applied=false mode=log_only median=0.3153 n=1000 k=1 floor=0.01 hardMax=15 ratio=1.17 lr=0.534
[GRAD-CLIP] trainerStep=20041 preNorm=0.3217 cap=15.0000 decided=0.3154 binding=relative applied=false mode=log_only median=0.3154 n=1000 k=1 floor=0.01 hardMax=15 ratio=1.02 lr=0.535
[GRAD-CLIP] trainerStep=20042 preNorm=0.3860 cap=15.0000 decided=0.3155 binding=relative applied=false mode=log_only median=0.3155 n=1000 k=1 floor=0.01 hardMax=15 ratio=1.22 lr=0.535
[GRAD-CLIP] trainerStep=20044 preNorm=0.3291 cap=15.0000 decided=0.3155 binding=relative applied=false mode=log_only median=0.3155 n=1000 k=1 floor=0.01 hardMax=15 ratio=1.04 lr=0.537
[GRAD-CLIP] trainerStep=20045 preNorm=0.3423 cap=15.0000 decided=0.3156 binding=relative applied=false mode=log_only median=0.3156 n=1000 k=1 floor=0.01 hardMax=15 ratio=1.08 lr=0.537
[GRAD-CLIP] trainerStep=20046 preNorm=0.3499 cap=15.0000 decided=0.3156 binding=relative applied=false mode=log_only median=0.3156 n=1000 k=1 floor=0.01 hardMax=15 ratio=1.11 lr=0.538
[GRAD-CLIP] trainerStep=20047 preNorm=0.3346 cap=15.0000 decided=0.3156 binding=relative applied=false mode=log_only median=0.3156 n=1000 k=1 floor=0.01 hardMax=15 ratio=1.06 lr=0.539
[GRAD-CLIP] trainerStep=20048 preNorm=0.3214 cap=15.0000 decided=0.3157 binding=relative applied=false mode=log_only median=0.3157 n=1000 k=1 floor=0.01 hardMax=15 ratio=1.02 lr=0.539
[GRAD-CLIP] trainerStep=20049 preNorm=0.3487 cap=15.0000 decided=0.3157 binding=relative applied=false mode=log_only median=0.3157 n=1000 k=1 floor=0.01 hardMax=15 ratio=1.10 lr=0.54
[GRAD-CLIP] trainerStep=20050 preNorm=0.3182 cap=15.0000 decided=0.3157 binding=relative applied=false mode=log_only median=0.3157 n=1000 k=1 floor=0.01 hardMax=15 ratio=1.01 lr=0.541
[GRAD-CLIP] trainerStep=20051 preNorm=0.3452 cap=15.0000 decided=0.3158 binding=relative applied=false mode=log_only median=0.3158 n=1000 k=1 floor=0.01 hardMax=15 ratio=1.09 lr=0.541
[GRAD-CLIP] trainerStep=20052 preNorm=0.3199 cap=15.0000 decided=0.3159 binding=relative applied=false mode=log_only median=0.3159 n=1000 k=1 floor=0.01 hardMax=15 ratio=1.01 lr=0.542
[GRAD-CLIP] trainerStep=20053 preNorm=0.3272 cap=15.0000 decided=0.3160 binding=relative applied=false mode=log_only median=0.3160 n=1000 k=1 floor=0.01 hardMax=15 ratio=1.04 lr=0.542
[GRAD-CLIP] trainerStep=20054 preNorm=0.3389 cap=15.0000 decided=0.3161 binding=relative applied=false mode=log_only median=0.3161 n=1000 k=1 floor=0.01 hardMax=15 ratio=1.07 lr=0.543
[GRAD-CLIP] trainerStep=20055 preNorm=0.3433 cap=15.0000 decided=0.3162 binding=relative applied=false mode=log_only median=0.3162 n=1000 k=1 floor=0.01 hardMax=15 ratio=1.09 lr=0.544
[GRAD-CLIP] trainerStep=20056 preNorm=0.3955 cap=15.0000 decided=0.3163 binding=relative applied=false mode=log_only median=0.3163 n=1000 k=1 floor=0.01 hardMax=15 ratio=1.25 lr=0.544
[GRAD-CLIP] trainerStep=20057 preNorm=0.5321 cap=15.0000 decided=0.3165 binding=relative applied=false mode=log_only median=0.3165 n=1000 k=1 floor=0.01 hardMax=15 ratio=1.68 lr=0.545
[GRAD-CLIP] trainerStep=20058 preNorm=0.5507 cap=15.0000 decided=0.3166 binding=relative applied=false mode=log_only median=0.3166 n=1000 k=1 floor=0.01 hardMax=15 ratio=1.74 lr=0.546
[GRAD-CLIP] trainerStep=20059 preNorm=0.3443 cap=15.0000 decided=0.3168 binding=relative applied=false mode=log_only median=0.3168 n=1000 k=1 floor=0.01 hardMax=15 ratio=1.09 lr=0.546
[GRAD-CLIP] trainerStep=20060 preNorm=0.4679 cap=15.0000 decided=0.3168 binding=relative applied=false mode=log_only median=0.3168 n=1000 k=1 floor=0.01 hardMax=15 ratio=1.48 lr=0.547
[GRAD-CLIP] trainerStep=20061 preNorm=0.4150 cap=15.0000 decided=0.3168 binding=relative applied=false mode=log_only median=0.3168 n=1000 k=1 floor=0.01 hardMax=15 ratio=1.31 lr=0.548
[GRAD-CLIP] trainerStep=20062 preNorm=0.3730 cap=15.0000 decided=0.3169 binding=relative applied=false mode=log_only median=0.3169 n=1000 k=1 floor=0.01 hardMax=15 ratio=1.18 lr=0.548
[GRAD-CLIP] trainerStep=20063 preNorm=0.4294 cap=15.0000 decided=0.3169 binding=relative applied=false mode=log_only median=0.3169 n=1000 k=1 floor=0.01 hardMax=15 ratio=1.36 lr=0.549
[GRAD-CLIP] trainerStep=20064 preNorm=0.3338 cap=15.0000 decided=0.3170 binding=relative applied=false mode=log_only median=0.3170 n=1000 k=1 floor=0.01 hardMax=15 ratio=1.05 lr=0.55
[GRAD-CLIP] trainerStep=20065 preNorm=0.3934 cap=15.0000 decided=0.3171 binding=relative applied=false mode=log_only median=0.3171 n=1000 k=1 floor=0.01 hardMax=15 ratio=1.24 lr=0.55
[GRAD-CLIP] trainerStep=20066 preNorm=0.3648 cap=15.0000 decided=0.3172 binding=relative applied=false mode=log_only median=0.3172 n=1000 k=1 floor=0.01 hardMax=15 ratio=1.15 lr=0.551
[GRAD-CLIP] trainerStep=20067 preNorm=0.3468 cap=15.0000 decided=0.3172 binding=relative applied=false mode=log_only median=0.3172 n=1000 k=1 floor=0.01 hardMax=15 ratio=1.09 lr=0.552
[GRAD-CLIP] trainerStep=20068 preNorm=0.3486 cap=15.0000 decided=0.3173 binding=relative applied=false mode=log_only median=0.3173 n=1000 k=1 floor=0.01 hardMax=15 ratio=1.10 lr=0.552
[GRAD-CLIP] trainerStep=20069 preNorm=0.3352 cap=15.0000 decided=0.3174 binding=relative applied=false mode=log_only median=0.3174 n=1000 k=1 floor=0.01 hardMax=15 ratio=1.06 lr=0.553
[GRAD-CLIP] trainerStep=20070 preNorm=0.3668 cap=15.0000 decided=0.3176 binding=relative applied=false mode=log_only median=0.3176 n=1000 k=1 floor=0.01 hardMax=15 ratio=1.15 lr=0.554
[GRAD-CLIP] trainerStep=20071 preNorm=0.3390 cap=15.0000 decided=0.3178 binding=relative applied=false mode=log_only median=0.3178 n=1000 k=1 floor=0.01 hardMax=15 ratio=1.07 lr=0.554
[GRAD-CLIP] trainerStep=20072 preNorm=0.3534 cap=15.0000 decided=0.3178 binding=relative applied=false mode=log_only median=0.3178 n=1000 k=1 floor=0.01 hardMax=15 ratio=1.11 lr=0.555
[GRAD-CLIP] trainerStep=20073 preNorm=0.3365 cap=15.0000 decided=0.3179 binding=relative applied=false mode=log_only median=0.3179 n=1000 k=1 floor=0.01 hardMax=15 ratio=1.06 lr=0.556
[GRAD-CLIP] trainerStep=20074 preNorm=0.3502 cap=15.0000 decided=0.3180 binding=relative applied=false mode=log_only median=0.3180 n=1000 k=1 floor=0.01 hardMax=15 ratio=1.10 lr=0.556
[GRAD-CLIP] trainerStep=20075 preNorm=0.3211 cap=15.0000 decided=0.3180 binding=relative applied=false mode=log_only median=0.3180 n=1000 k=1 floor=0.01 hardMax=15 ratio=1.01 lr=0.557
[GRAD-CLIP] trainerStep=20076 preNorm=0.3211 cap=15.0000 decided=0.3181 binding=relative applied=false mode=log_only median=0.3181 n=1000 k=1 floor=0.01 hardMax=15 ratio=1.01 lr=0.558
[GRAD-CLIP] trainerStep=20077 preNorm=0.3481 cap=15.0000 decided=0.3181 binding=relative applied=false mode=log_only median=0.3181 n=1000 k=1 floor=0.01 hardMax=15 ratio=1.09 lr=0.558
[GRAD-CLIP] trainerStep=20078 preNorm=0.3533 cap=15.0000 decided=0.3182 binding=relative applied=false mode=log_only median=0.3182 n=1000 k=1 floor=0.01 hardMax=15 ratio=1.11 lr=0.559
[GRAD-CLIP] trainerStep=20079 preNorm=0.3403 cap=15.0000 decided=0.3184 binding=relative applied=false mode=log_only median=0.3184 n=1000 k=1 floor=0.01 hardMax=15 ratio=1.07 lr=0.56
[GRAD-CLIP] trainerStep=20081 preNorm=0.3948 cap=15.0000 decided=0.3185 binding=relative applied=false mode=log_only median=0.3185 n=1000 k=1 floor=0.01 hardMax=15 ratio=1.24 lr=0.561
[GRAD-CLIP] trainerStep=20083 preNorm=0.3660 cap=15.0000 decided=0.3186 binding=relative applied=false mode=log_only median=0.3186 n=1000 k=1 floor=0.01 hardMax=15 ratio=1.15 lr=0.562
[GRAD-CLIP] trainerStep=20084 preNorm=0.3668 cap=15.0000 decided=0.3186 binding=relative applied=false mode=log_only median=0.3186 n=1000 k=1 floor=0.01 hardMax=15 ratio=1.15 lr=0.563
[GRAD-CLIP] trainerStep=20085 preNorm=0.3766 cap=15.0000 decided=0.3187 binding=relative applied=false mode=log_only median=0.3187 n=1000 k=1 floor=0.01 hardMax=15 ratio=1.18 lr=0.564
[GRAD-CLIP] trainerStep=20086 preNorm=0.4304 cap=15.0000 decided=0.3187 binding=relative applied=false mode=log_only median=0.3187 n=1000 k=1 floor=0.01 hardMax=15 ratio=1.35 lr=0.564
[GRAD-CLIP] trainerStep=20087 preNorm=0.3721 cap=15.0000 decided=0.3188 binding=relative applied=false mode=log_only median=0.3188 n=1000 k=1 floor=0.01 hardMax=15 ratio=1.17 lr=0.565
[GRAD-CLIP] trainerStep=20088 preNorm=0.3805 cap=15.0000 decided=0.3188 binding=relative applied=false mode=log_only median=0.3188 n=1000 k=1 floor=0.01 hardMax=15 ratio=1.19 lr=0.566
[GRAD-CLIP] trainerStep=20089 preNorm=0.3502 cap=15.0000 decided=0.3189 binding=relative applied=false mode=log_only median=0.3189 n=1000 k=1 floor=0.01 hardMax=15 ratio=1.10 lr=0.566
[GRAD-CLIP] trainerStep=20090 preNorm=0.3811 cap=15.0000 decided=0.3190 binding=relative applied=false mode=log_only median=0.3190 n=1000 k=1 floor=0.01 hardMax=15 ratio=1.19 lr=0.567
[GRAD-CLIP] trainerStep=20091 preNorm=0.3538 cap=15.0000 decided=0.3191 binding=relative applied=false mode=log_only median=0.3191 n=1000 k=1 floor=0.01 hardMax=15 ratio=1.11 lr=0.568
[GRAD-CLIP] trainerStep=20092 preNorm=0.3516 cap=15.0000 decided=0.3191 binding=relative applied=false mode=log_only median=0.3191 n=1000 k=1 floor=0.01 hardMax=15 ratio=1.10 lr=0.568
[GRAD-CLIP] trainerStep=20093 preNorm=0.3781 cap=15.0000 decided=0.3191 binding=relative applied=false mode=log_only median=0.3191 n=1000 k=1 floor=0.01 hardMax=15 ratio=1.18 lr=0.569
[GRAD-CLIP] trainerStep=20094 preNorm=0.3279 cap=15.0000 decided=0.3192 binding=relative applied=false mode=log_only median=0.3192 n=1000 k=1 floor=0.01 hardMax=15 ratio=1.03 lr=0.57
[GRAD-CLIP] trainerStep=20095 preNorm=0.3815 cap=15.0000 decided=0.3195 binding=relative applied=false mode=log_only median=0.3195 n=1000 k=1 floor=0.01 hardMax=15 ratio=1.19 lr=0.57
[GRAD-CLIP] trainerStep=20096 preNorm=0.3855 cap=15.0000 decided=0.3198 binding=relative applied=false mode=log_only median=0.3198 n=1000 k=1 floor=0.01 hardMax=15 ratio=1.21 lr=0.571
[GRAD-CLIP] trainerStep=20097 preNorm=0.3823 cap=15.0000 decided=0.3199 binding=relative applied=false mode=log_only median=0.3199 n=1000 k=1 floor=0.01 hardMax=15 ratio=1.20 lr=0.572
[GRAD-CLIP] trainerStep=20098 preNorm=0.3417 cap=15.0000 decided=0.3199 binding=relative applied=false mode=log_only median=0.3199 n=1000 k=1 floor=0.01 hardMax=15 ratio=1.07 lr=0.572
[GRAD-CLIP] trainerStep=20099 preNorm=0.3702 cap=15.0000 decided=0.3200 binding=relative applied=false mode=log_only median=0.3200 n=1000 k=1 floor=0.01 hardMax=15 ratio=1.16 lr=0.573
[GRAD-CLIP] trainerStep=20100 preNorm=0.3274 cap=15.0000 decided=0.3201 binding=relative applied=false mode=log_only median=0.3201 n=1000 k=1 floor=0.01 hardMax=15 ratio=1.02 lr=0.574
[GRAD-CLIP] trainerStep=20101 preNorm=0.3469 cap=15.0000 decided=0.3201 binding=relative applied=false mode=log_only median=0.3201 n=1000 k=1 floor=0.01 hardMax=15 ratio=1.08 lr=0.574
[GRAD-CLIP] trainerStep=20102 preNorm=0.3693 cap=15.0000 decided=0.3202 binding=relative applied=false mode=log_only median=0.3202 n=1000 k=1 floor=0.01 hardMax=15 ratio=1.15 lr=0.575
[GRAD-CLIP] trainerStep=20103 preNorm=0.3285 cap=15.0000 decided=0.3202 binding=relative applied=false mode=log_only median=0.3202 n=1000 k=1 floor=0.01 hardMax=15 ratio=1.03 lr=0.576
[GRAD-CLIP] trainerStep=20104 preNorm=0.3540 cap=15.0000 decided=0.3203 binding=relative applied=false mode=log_only median=0.3203 n=1000 k=1 floor=0.01 hardMax=15 ratio=1.10 lr=0.576
[GRAD-CLIP] trainerStep=20105 preNorm=0.3211 cap=15.0000 decided=0.3205 binding=relative applied=false mode=log_only median=0.3205 n=1000 k=1 floor=0.01 hardMax=15 ratio=1.00 lr=0.577
[GRAD-CLIP] trainerStep=20106 preNorm=0.4153 cap=15.0000 decided=0.3206 binding=relative applied=false mode=log_only median=0.3206 n=1000 k=1 floor=0.01 hardMax=15 ratio=1.30 lr=0.578
[GRAD-CLIP] trainerStep=20107 preNorm=0.3520 cap=15.0000 decided=0.3206 binding=relative applied=false mode=log_only median=0.3206 n=1000 k=1 floor=0.01 hardMax=15 ratio=1.10 lr=0.578
[GRAD-CLIP] trainerStep=20108 preNorm=0.3582 cap=15.0000 decided=0.3207 binding=relative applied=false mode=log_only median=0.3207 n=1000 k=1 floor=0.01 hardMax=15 ratio=1.12 lr=0.579
[GRAD-CLIP] trainerStep=20109 preNorm=0.4141 cap=15.0000 decided=0.3207 binding=relative applied=false mode=log_only median=0.3207 n=1000 k=1 floor=0.01 hardMax=15 ratio=1.29 lr=0.58
[GRAD-CLIP] trainerStep=20110 preNorm=0.4388 cap=15.0000 decided=0.3208 binding=relative applied=false mode=log_only median=0.3208 n=1000 k=1 floor=0.01 hardMax=15 ratio=1.37 lr=0.58
[GRAD-CLIP] trainerStep=20111 preNorm=0.3714 cap=15.0000 decided=0.3209 binding=relative applied=false mode=log_only median=0.3209 n=1000 k=1 floor=0.01 hardMax=15 ratio=1.16 lr=0.581
[GRAD-CLIP] trainerStep=20112 preNorm=0.3774 cap=15.0000 decided=0.3210 binding=relative applied=false mode=log_only median=0.3210 n=1000 k=1 floor=0.01 hardMax=15 ratio=1.18 lr=0.582
[GRAD-CLIP] trainerStep=20113 preNorm=0.4111 cap=15.0000 decided=0.3211 binding=relative applied=false mode=log_only median=0.3211 n=1000 k=1 floor=0.01 hardMax=15 ratio=1.28 lr=0.582
[GRAD-CLIP] trainerStep=20114 preNorm=0.3409 cap=15.0000 decided=0.3211 binding=relative applied=false mode=log_only median=0.3211 n=1000 k=1 floor=0.01 hardMax=15 ratio=1.06 lr=0.583
[GRAD-CLIP] trainerStep=20115 preNorm=0.4834 cap=15.0000 decided=0.3211 binding=relative applied=false mode=log_only median=0.3211 n=1000 k=1 floor=0.01 hardMax=15 ratio=1.51 lr=0.584
[GRAD-CLIP] trainerStep=20116 preNorm=0.3542 cap=15.0000 decided=0.3212 binding=relative applied=false mode=log_only median=0.3212 n=1000 k=1 floor=0.01 hardMax=15 ratio=1.10 lr=0.584
[GRAD-CLIP] trainerStep=20117 preNorm=0.4374 cap=15.0000 decided=0.3213 binding=relative applied=false mode=log_only median=0.3213 n=1000 k=1 floor=0.01 hardMax=15 ratio=1.36 lr=0.585
[GRAD-CLIP] trainerStep=20118 preNorm=0.3836 cap=15.0000 decided=0.3214 binding=relative applied=false mode=log_only median=0.3214 n=1000 k=1 floor=0.01 hardMax=15 ratio=1.19 lr=0.586
[GRAD-CLIP] trainerStep=20119 preNorm=0.3750 cap=15.0000 decided=0.3215 binding=relative applied=false mode=log_only median=0.3215 n=1000 k=1 floor=0.01 hardMax=15 ratio=1.17 lr=0.586
[GRAD-CLIP] trainerStep=20120 preNorm=0.3976 cap=15.0000 decided=0.3216 binding=relative applied=false mode=log_only median=0.3216 n=1000 k=1 floor=0.01 hardMax=15 ratio=1.24 lr=0.587
[REPLAY] step=2120 loss=3.5482 pLoss=2.7520 vLoss=0.7900 pEnt=2.858 pIllM=0.0062 playedP=0.167 pW=0.47 pD=0.07 pL=0.46 vAbs=0.243 pLogitMean=-9.6131 vLogitMean=0.6073 gNorm=0.398 lr=0.588 ms=1163.6 buf=500000 plies=18847356 games=281734 rejected=0 skipped=0 epoch=0 mom=0.8575 lrCyc[pk=9.8e-01,tr=9.9e-04] gNormMax=0.5507 clips=0 gCap=15.0000 trainerStep=20120
[LAYER-HEALTH] live trainerStep=20120 scope=batch_norm_state_only reluSites=2/10 ch=144 dead=0 off=1 alwaysOn=0 worst=value.bn(dead 0 off 1 on 0) maxBetaOverGamma=+2.20@policy.pre_bn[103] minBetaOverGamma=-2.00@value.bn[4] rvMaxOverMedian=979.3@blocks.2.bn1[76] rezero=none nonFinite=0 parkedSites=9/10 parkedCh=1040 parked=0 parkedOff=1 parkedBy=none
[GRAD-CLIP] trainerStep=20121 preNorm=0.3402 cap=15.0000 decided=0.3217 binding=relative applied=false mode=log_only median=0.3217 n=1000 k=1 floor=0.01 hardMax=15 ratio=1.06 lr=0.588
[GRAD-CLIP] trainerStep=20122 preNorm=0.4175 cap=15.0000 decided=0.3217 binding=relative applied=false mode=log_only median=0.3217 n=1000 k=1 floor=0.01 hardMax=15 ratio=1.30 lr=0.588
[GRAD-CLIP] trainerStep=20123 preNorm=0.3689 cap=15.0000 decided=0.3218 binding=relative applied=false mode=log_only median=0.3218 n=1000 k=1 floor=0.01 hardMax=15 ratio=1.15 lr=0.589
[GRAD-CLIP] trainerStep=20124 preNorm=0.3685 cap=15.0000 decided=0.3219 binding=relative applied=false mode=log_only median=0.3219 n=1000 k=1 floor=0.01 hardMax=15 ratio=1.14 lr=0.59
[GRAD-CLIP] trainerStep=20125 preNorm=0.4758 cap=15.0000 decided=0.3220 binding=relative applied=false mode=log_only median=0.3220 n=1000 k=1 floor=0.01 hardMax=15 ratio=1.48 lr=0.59
[GRAD-CLIP] trainerStep=20126 preNorm=0.4137 cap=15.0000 decided=0.3220 binding=relative applied=false mode=log_only median=0.3220 n=1000 k=1 floor=0.01 hardMax=15 ratio=1.28 lr=0.591
[GRAD-CLIP] trainerStep=20127 preNorm=0.3518 cap=15.0000 decided=0.3220 binding=relative applied=false mode=log_only median=0.3220 n=1000 k=1 floor=0.01 hardMax=15 ratio=1.09 lr=0.592
[GRAD-CLIP] trainerStep=20128 preNorm=0.3922 cap=15.0000 decided=0.3221 binding=relative applied=false mode=log_only median=0.3221 n=1000 k=1 floor=0.01 hardMax=15 ratio=1.22 lr=0.592
[GRAD-CLIP] trainerStep=20129 preNorm=0.3587 cap=15.0000 decided=0.3221 binding=relative applied=false mode=log_only median=0.3221 n=1000 k=1 floor=0.01 hardMax=15 ratio=1.11 lr=0.593
[GRAD-CLIP] trainerStep=20130 preNorm=0.3742 cap=15.0000 decided=0.3222 binding=relative applied=false mode=log_only median=0.3222 n=1000 k=1 floor=0.01 hardMax=15 ratio=1.16 lr=0.594
[GRAD-CLIP] trainerStep=20131 preNorm=0.3562 cap=15.0000 decided=0.3223 binding=relative applied=false mode=log_only median=0.3223 n=1000 k=1 floor=0.01 hardMax=15 ratio=1.11 lr=0.594
[GRAD-CLIP] trainerStep=20132 preNorm=0.3689 cap=15.0000 decided=0.3223 binding=relative applied=false mode=log_only median=0.3223 n=1000 k=1 floor=0.01 hardMax=15 ratio=1.14 lr=0.595
[GRAD-CLIP] trainerStep=20133 preNorm=0.3301 cap=15.0000 decided=0.3223 binding=relative applied=false mode=log_only median=0.3223 n=1000 k=1 floor=0.01 hardMax=15 ratio=1.02 lr=0.596
[GRAD-CLIP] trainerStep=20134 preNorm=0.3814 cap=15.0000 decided=0.3224 binding=relative applied=false mode=log_only median=0.3224 n=1000 k=1 floor=0.01 hardMax=15 ratio=1.18 lr=0.596
[GRAD-CLIP] trainerStep=20135 preNorm=0.3402 cap=15.0000 decided=0.3225 binding=relative applied=false mode=log_only median=0.3225 n=1000 k=1 floor=0.01 hardMax=15 ratio=1.06 lr=0.597
[GRAD-CLIP] trainerStep=20136 preNorm=0.3641 cap=15.0000 decided=0.3225 binding=relative applied=false mode=log_only median=0.3225 n=1000 k=1 floor=0.01 hardMax=15 ratio=1.13 lr=0.598
[GRAD-CLIP] trainerStep=20137 preNorm=0.3315 cap=15.0000 decided=0.3225 binding=relative applied=false mode=log_only median=0.3225 n=1000 k=1 floor=0.01 hardMax=15 ratio=1.03 lr=0.598
[GRAD-CLIP] trainerStep=20139 preNorm=0.3803 cap=15.0000 decided=0.3225 binding=relative applied=false mode=log_only median=0.3225 n=1000 k=1 floor=0.01 hardMax=15 ratio=1.18 lr=0.6
[GRAD-CLIP] trainerStep=20140 preNorm=0.3740 cap=15.0000 decided=0.3226 binding=relative applied=false mode=log_only median=0.3226 n=1000 k=1 floor=0.01 hardMax=15 ratio=1.16 lr=0.6
[GRAD-CLIP] trainerStep=20141 preNorm=0.3542 cap=15.0000 decided=0.3227 binding=relative applied=false mode=log_only median=0.3227 n=1000 k=1 floor=0.01 hardMax=15 ratio=1.10 lr=0.601
[GRAD-CLIP] trainerStep=20142 preNorm=0.3570 cap=15.0000 decided=0.3229 binding=relative applied=false mode=log_only median=0.3229 n=1000 k=1 floor=0.01 hardMax=15 ratio=1.11 lr=0.602
[GRAD-CLIP] trainerStep=20143 preNorm=0.4057 cap=15.0000 decided=0.3230 binding=relative applied=false mode=log_only median=0.3230 n=1000 k=1 floor=0.01 hardMax=15 ratio=1.26 lr=0.602
[GRAD-CLIP] trainerStep=20144 preNorm=0.3354 cap=15.0000 decided=0.3230 binding=relative applied=false mode=log_only median=0.3230 n=1000 k=1 floor=0.01 hardMax=15 ratio=1.04 lr=0.603
[GRAD-CLIP] trainerStep=20145 preNorm=0.3841 cap=15.0000 decided=0.3230 binding=relative applied=false mode=log_only median=0.3230 n=1000 k=1 floor=0.01 hardMax=15 ratio=1.19 lr=0.604
[GRAD-CLIP] trainerStep=20146 preNorm=0.3798 cap=15.0000 decided=0.3231 binding=relative applied=false mode=log_only median=0.3231 n=1000 k=1 floor=0.01 hardMax=15 ratio=1.18 lr=0.604
[GRAD-CLIP] trainerStep=20147 preNorm=0.3370 cap=15.0000 decided=0.3231 binding=relative applied=false mode=log_only median=0.3231 n=1000 k=1 floor=0.01 hardMax=15 ratio=1.04 lr=0.605
[GRAD-CLIP] trainerStep=20148 preNorm=0.3784 cap=15.0000 decided=0.3231 binding=relative applied=false mode=log_only median=0.3231 n=1000 k=1 floor=0.01 hardMax=15 ratio=1.17 lr=0.606
[GRAD-CLIP] trainerStep=20149 preNorm=0.3614 cap=15.0000 decided=0.3231 binding=relative applied=false mode=log_only median=0.3231 n=1000 k=1 floor=0.01 hardMax=15 ratio=1.12 lr=0.606
[GRAD-CLIP] trainerStep=20150 preNorm=0.3911 cap=15.0000 decided=0.3232 binding=relative applied=false mode=log_only median=0.3232 n=1000 k=1 floor=0.01 hardMax=15 ratio=1.21 lr=0.607
[GRAD-CLIP] trainerStep=20151 preNorm=0.3281 cap=15.0000 decided=0.3232 binding=relative applied=false mode=log_only median=0.3232 n=1000 k=1 floor=0.01 hardMax=15 ratio=1.02 lr=0.608
[GRAD-CLIP] trainerStep=20152 preNorm=0.4204 cap=15.0000 decided=0.3232 binding=relative applied=false mode=log_only median=0.3232 n=1000 k=1 floor=0.01 hardMax=15 ratio=1.30 lr=0.608
[GRAD-CLIP] trainerStep=20153 preNorm=0.3891 cap=15.0000 decided=0.3233 binding=relative applied=false mode=log_only median=0.3233 n=1000 k=1 floor=0.01 hardMax=15 ratio=1.20 lr=0.609
[GRAD-CLIP] trainerStep=20154 preNorm=0.3861 cap=15.0000 decided=0.3235 binding=relative applied=false mode=log_only median=0.3235 n=1000 k=1 floor=0.01 hardMax=15 ratio=1.19 lr=0.61
[GRAD-CLIP] trainerStep=20155 preNorm=0.5512 cap=15.0000 decided=0.3235 binding=relative applied=false mode=log_only median=0.3235 n=1000 k=1 floor=0.01 hardMax=15 ratio=1.70 lr=0.61
[GRAD-CLIP] trainerStep=20156 preNorm=0.4734 cap=15.0000 decided=0.3239 binding=relative applied=false mode=log_only median=0.3239 n=1000 k=1 floor=0.01 hardMax=15 ratio=1.46 lr=0.611
[GRAD-CLIP] trainerStep=20157 preNorm=0.4390 cap=15.0000 decided=0.3242 binding=relative applied=false mode=log_only median=0.3242 n=1000 k=1 floor=0.01 hardMax=15 ratio=1.35 lr=0.612
[GRAD-CLIP] trainerStep=20158 preNorm=0.4813 cap=15.0000 decided=0.3243 binding=relative applied=false mode=log_only median=0.3243 n=1000 k=1 floor=0.01 hardMax=15 ratio=1.48 lr=0.612
[GRAD-CLIP] trainerStep=20159 preNorm=0.3695 cap=15.0000 decided=0.3243 binding=relative applied=false mode=log_only median=0.3243 n=1000 k=1 floor=0.01 hardMax=15 ratio=1.14 lr=0.613
[GRAD-CLIP] trainerStep=20160 preNorm=0.4098 cap=15.0000 decided=0.3244 binding=relative applied=false mode=log_only median=0.3244 n=1000 k=1 floor=0.01 hardMax=15 ratio=1.26 lr=0.614
[GRAD-CLIP] trainerStep=20161 preNorm=0.3973 cap=15.0000 decided=0.3245 binding=relative applied=false mode=log_only median=0.3245 n=1000 k=1 floor=0.01 hardMax=15 ratio=1.22 lr=0.614
[GRAD-CLIP] trainerStep=20162 preNorm=0.4152 cap=15.0000 decided=0.3246 binding=relative applied=false mode=log_only median=0.3246 n=1000 k=1 floor=0.01 hardMax=15 ratio=1.28 lr=0.615
[GRAD-CLIP] trainerStep=20163 preNorm=0.3578 cap=15.0000 decided=0.3247 binding=relative applied=false mode=log_only median=0.3247 n=1000 k=1 floor=0.01 hardMax=15 ratio=1.10 lr=0.616
[GRAD-CLIP] trainerStep=20164 preNorm=0.3872 cap=15.0000 decided=0.3247 binding=relative applied=false mode=log_only median=0.3247 n=1000 k=1 floor=0.01 hardMax=15 ratio=1.19 lr=0.616
[GRAD-CLIP] trainerStep=20165 preNorm=0.3373 cap=15.0000 decided=0.3248 binding=relative applied=false mode=log_only median=0.3248 n=1000 k=1 floor=0.01 hardMax=15 ratio=1.04 lr=0.617
[GRAD-CLIP] trainerStep=20166 preNorm=0.4011 cap=15.0000 decided=0.3248 binding=relative applied=false mode=log_only median=0.3248 n=1000 k=1 floor=0.01 hardMax=15 ratio=1.23 lr=0.618
[GRAD-CLIP] trainerStep=20167 preNorm=0.3796 cap=15.0000 decided=0.3249 binding=relative applied=false mode=log_only median=0.3249 n=1000 k=1 floor=0.01 hardMax=15 ratio=1.17 lr=0.618
[GRAD-CLIP] trainerStep=20168 preNorm=0.3678 cap=15.0000 decided=0.3250 binding=relative applied=false mode=log_only median=0.3250 n=1000 k=1 floor=0.01 hardMax=15 ratio=1.13 lr=0.619
[GRAD-CLIP] trainerStep=20169 preNorm=0.4476 cap=15.0000 decided=0.3250 binding=relative applied=false mode=log_only median=0.3250 n=1000 k=1 floor=0.01 hardMax=15 ratio=1.38 lr=0.62
[GRAD-CLIP] trainerStep=20170 preNorm=0.3685 cap=15.0000 decided=0.3251 binding=relative applied=false mode=log_only median=0.3251 n=1000 k=1 floor=0.01 hardMax=15 ratio=1.13 lr=0.62
[GRAD-CLIP] trainerStep=20171 preNorm=0.4062 cap=15.0000 decided=0.3251 binding=relative applied=false mode=log_only median=0.3251 n=1000 k=1 floor=0.01 hardMax=15 ratio=1.25 lr=0.621
[GRAD-CLIP] trainerStep=20172 preNorm=0.4256 cap=15.0000 decided=0.3252 binding=relative applied=false mode=log_only median=0.3252 n=1000 k=1 floor=0.01 hardMax=15 ratio=1.31 lr=0.622
[GRAD-CLIP] trainerStep=20174 preNorm=0.3782 cap=15.0000 decided=0.3252 binding=relative applied=false mode=log_only median=0.3252 n=1000 k=1 floor=0.01 hardMax=15 ratio=1.16 lr=0.623
[GRAD-CLIP] trainerStep=20175 preNorm=0.3649 cap=15.0000 decided=0.3253 binding=relative applied=false mode=log_only median=0.3253 n=1000 k=1 floor=0.01 hardMax=15 ratio=1.12 lr=0.624
[GRAD-CLIP] trainerStep=20176 preNorm=0.3654 cap=15.0000 decided=0.3256 binding=relative applied=false mode=log_only median=0.3256 n=1000 k=1 floor=0.01 hardMax=15 ratio=1.12 lr=0.624
[GRAD-CLIP] trainerStep=20177 preNorm=0.3890 cap=15.0000 decided=0.3257 binding=relative applied=false mode=log_only median=0.3257 n=1000 k=1 floor=0.01 hardMax=15 ratio=1.19 lr=0.625
[GRAD-CLIP] trainerStep=20178 preNorm=0.3332 cap=15.0000 decided=0.3259 binding=relative applied=false mode=log_only median=0.3259 n=1000 k=1 floor=0.01 hardMax=15 ratio=1.02 lr=0.626
[GRAD-CLIP] trainerStep=20179 preNorm=0.3546 cap=15.0000 decided=0.3260 binding=relative applied=false mode=log_only median=0.3260 n=1000 k=1 floor=0.01 hardMax=15 ratio=1.09 lr=0.627
[GRAD-CLIP] trainerStep=20180 preNorm=0.3571 cap=15.0000 decided=0.3261 binding=relative applied=false mode=log_only median=0.3261 n=1000 k=1 floor=0.01 hardMax=15 ratio=1.09 lr=0.627
[GRAD-CLIP] trainerStep=20182 preNorm=0.3482 cap=15.0000 decided=0.3263 binding=relative applied=false mode=log_only median=0.3263 n=1000 k=1 floor=0.01 hardMax=15 ratio=1.07 lr=0.629
[GRAD-CLIP] trainerStep=20183 preNorm=0.3867 cap=15.0000 decided=0.3264 binding=relative applied=false mode=log_only median=0.3264 n=1000 k=1 floor=0.01 hardMax=15 ratio=1.18 lr=0.629
[GRAD-CLIP] trainerStep=20184 preNorm=0.3779 cap=15.0000 decided=0.3264 binding=relative applied=false mode=log_only median=0.3264 n=1000 k=1 floor=0.01 hardMax=15 ratio=1.16 lr=0.63
[GRAD-CLIP] trainerStep=20185 preNorm=0.3787 cap=15.0000 decided=0.3265 binding=relative applied=false mode=log_only median=0.3265 n=1000 k=1 floor=0.01 hardMax=15 ratio=1.16 lr=0.631
[GRAD-CLIP] trainerStep=20186 preNorm=0.3600 cap=15.0000 decided=0.3266 binding=relative applied=false mode=log_only median=0.3266 n=1000 k=1 floor=0.01 hardMax=15 ratio=1.10 lr=0.631
[GRAD-CLIP] trainerStep=20187 preNorm=0.3560 cap=15.0000 decided=0.3267 binding=relative applied=false mode=log_only median=0.3267 n=1000 k=1 floor=0.01 hardMax=15 ratio=1.09 lr=0.632
[GRAD-CLIP] trainerStep=20188 preNorm=0.4034 cap=15.0000 decided=0.3269 binding=relative applied=false mode=log_only median=0.3269 n=1000 k=1 floor=0.01 hardMax=15 ratio=1.23 lr=0.633
[GRAD-CLIP] trainerStep=20189 preNorm=0.3585 cap=15.0000 decided=0.3271 binding=relative applied=false mode=log_only median=0.3271 n=1000 k=1 floor=0.01 hardMax=15 ratio=1.10 lr=0.633
[GRAD-CLIP] trainerStep=20190 preNorm=0.3669 cap=15.0000 decided=0.3271 binding=relative applied=false mode=log_only median=0.3271 n=1000 k=1 floor=0.01 hardMax=15 ratio=1.12 lr=0.634
[GRAD-CLIP] trainerStep=20191 preNorm=0.4105 cap=15.0000 decided=0.3272 binding=relative applied=false mode=log_only median=0.3272 n=1000 k=1 floor=0.01 hardMax=15 ratio=1.25 lr=0.635
[GRAD-CLIP] trainerStep=20192 preNorm=0.3606 cap=15.0000 decided=0.3273 binding=relative applied=false mode=log_only median=0.3273 n=1000 k=1 floor=0.01 hardMax=15 ratio=1.10 lr=0.635
[GRAD-CLIP] trainerStep=20193 preNorm=0.4092 cap=15.0000 decided=0.3274 binding=relative applied=false mode=log_only median=0.3274 n=1000 k=1 floor=0.01 hardMax=15 ratio=1.25 lr=0.636
[GRAD-CLIP] trainerStep=20194 preNorm=0.3408 cap=15.0000 decided=0.3274 binding=relative applied=false mode=log_only median=0.3274 n=1000 k=1 floor=0.01 hardMax=15 ratio=1.04 lr=0.637
[GRAD-CLIP] trainerStep=20195 preNorm=0.3701 cap=15.0000 decided=0.3274 binding=relative applied=false mode=log_only median=0.3274 n=1000 k=1 floor=0.01 hardMax=15 ratio=1.13 lr=0.637
[GRAD-CLIP] trainerStep=20196 preNorm=0.3850 cap=15.0000 decided=0.3276 binding=relative applied=false mode=log_only median=0.3276 n=1000 k=1 floor=0.01 hardMax=15 ratio=1.18 lr=0.638
[GRAD-CLIP] trainerStep=20197 preNorm=0.3504 cap=15.0000 decided=0.3278 binding=relative applied=false mode=log_only median=0.3278 n=1000 k=1 floor=0.01 hardMax=15 ratio=1.07 lr=0.639
[GRAD-CLIP] trainerStep=20198 preNorm=0.3655 cap=15.0000 decided=0.3279 binding=relative applied=false mode=log_only median=0.3279 n=1000 k=1 floor=0.01 hardMax=15 ratio=1.11 lr=0.639
[GRAD-CLIP] trainerStep=20199 preNorm=0.3813 cap=15.0000 decided=0.3280 binding=relative applied=false mode=log_only median=0.3280 n=1000 k=1 floor=0.01 hardMax=15 ratio=1.16 lr=0.64
[GRAD-CLIP] trainerStep=20200 preNorm=0.3687 cap=15.0000 decided=0.3281 binding=relative applied=false mode=log_only median=0.3281 n=1000 k=1 floor=0.01 hardMax=15 ratio=1.12 lr=0.641
[GRAD-CLIP] trainerStep=20201 preNorm=0.3919 cap=15.0000 decided=0.3281 binding=relative applied=false mode=log_only median=0.3281 n=1000 k=1 floor=0.01 hardMax=15 ratio=1.19 lr=0.641
[GRAD-CLIP] trainerStep=20202 preNorm=0.4219 cap=15.0000 decided=0.3281 binding=relative applied=false mode=log_only median=0.3281 n=1000 k=1 floor=0.01 hardMax=15 ratio=1.29 lr=0.642
[GRAD-CLIP] trainerStep=20203 preNorm=0.3617 cap=15.0000 decided=0.3282 binding=relative applied=false mode=log_only median=0.3282 n=1000 k=1 floor=0.01 hardMax=15 ratio=1.10 lr=0.643
[GRAD-CLIP] trainerStep=20204 preNorm=0.3679 cap=15.0000 decided=0.3283 binding=relative applied=false mode=log_only median=0.3283 n=1000 k=1 floor=0.01 hardMax=15 ratio=1.12 lr=0.643
[GRAD-CLIP] trainerStep=20205 preNorm=0.4533 cap=15.0000 decided=0.3283 binding=relative applied=false mode=log_only median=0.3283 n=1000 k=1 floor=0.01 hardMax=15 ratio=1.38 lr=0.644
[GRAD-CLIP] trainerStep=20206 preNorm=0.4086 cap=15.0000 decided=0.3283 binding=relative applied=false mode=log_only median=0.3283 n=1000 k=1 floor=0.01 hardMax=15 ratio=1.24 lr=0.645
[GRAD-CLIP] trainerStep=20207 preNorm=0.3601 cap=15.0000 decided=0.3284 binding=relative applied=false mode=log_only median=0.3284 n=1000 k=1 floor=0.01 hardMax=15 ratio=1.10 lr=0.645
[GRAD-CLIP] trainerStep=20208 preNorm=0.3937 cap=15.0000 decided=0.3285 binding=relative applied=false mode=log_only median=0.3285 n=1000 k=1 floor=0.01 hardMax=15 ratio=1.20 lr=0.646
[GRAD-CLIP] trainerStep=20209 preNorm=0.4077 cap=15.0000 decided=0.3286 binding=relative applied=false mode=log_only median=0.3286 n=1000 k=1 floor=0.01 hardMax=15 ratio=1.24 lr=0.647
[GRAD-CLIP] trainerStep=20210 preNorm=0.3528 cap=15.0000 decided=0.3287 binding=relative applied=false mode=log_only median=0.3287 n=1000 k=1 floor=0.01 hardMax=15 ratio=1.07 lr=0.647
[GRAD-CLIP] trainerStep=20211 preNorm=0.4312 cap=15.0000 decided=0.3287 binding=relative applied=false mode=log_only median=0.3287 n=1000 k=1 floor=0.01 hardMax=15 ratio=1.31 lr=0.648
[GRAD-CLIP] trainerStep=20212 preNorm=0.4163 cap=15.0000 decided=0.3288 binding=relative applied=false mode=log_only median=0.3288 n=1000 k=1 floor=0.01 hardMax=15 ratio=1.27 lr=0.649
[GRAD-CLIP] trainerStep=20213 preNorm=0.3473 cap=15.0000 decided=0.3289 binding=relative applied=false mode=log_only median=0.3289 n=1000 k=1 floor=0.01 hardMax=15 ratio=1.06 lr=0.649
[GRAD-CLIP] trainerStep=20214 preNorm=0.4749 cap=15.0000 decided=0.3290 binding=relative applied=false mode=log_only median=0.3290 n=1000 k=1 floor=0.01 hardMax=15 ratio=1.44 lr=0.65
[GRAD-CLIP] trainerStep=20215 preNorm=0.3968 cap=15.0000 decided=0.3290 binding=relative applied=false mode=log_only median=0.3290 n=1000 k=1 floor=0.01 hardMax=15 ratio=1.21 lr=0.651
[GRAD-CLIP] trainerStep=20216 preNorm=0.3685 cap=15.0000 decided=0.3291 binding=relative applied=false mode=log_only median=0.3291 n=1000 k=1 floor=0.01 hardMax=15 ratio=1.12 lr=0.651
[GRAD-CLIP] trainerStep=20217 preNorm=0.4747 cap=15.0000 decided=0.3292 binding=relative applied=false mode=log_only median=0.3292 n=1000 k=1 floor=0.01 hardMax=15 ratio=1.44 lr=0.652
[GRAD-CLIP] trainerStep=20218 preNorm=0.3317 cap=15.0000 decided=0.3293 binding=relative applied=false mode=log_only median=0.3293 n=1000 k=1 floor=0.01 hardMax=15 ratio=1.01 lr=0.653
[GRAD-CLIP] trainerStep=20219 preNorm=0.4482 cap=15.0000 decided=0.3293 binding=relative applied=false mode=log_only median=0.3293 n=1000 k=1 floor=0.01 hardMax=15 ratio=1.36 lr=0.653
[GRAD-CLIP] trainerStep=20220 preNorm=0.3428 cap=15.0000 decided=0.3293 binding=relative applied=false mode=log_only median=0.3293 n=1000 k=1 floor=0.01 hardMax=15 ratio=1.04 lr=0.654
[GRAD-CLIP] trainerStep=20221 preNorm=0.3943 cap=15.0000 decided=0.3294 binding=relative applied=false mode=log_only median=0.3294 n=1000 k=1 floor=0.01 hardMax=15 ratio=1.20 lr=0.655
[GRAD-CLIP] trainerStep=20222 preNorm=0.3837 cap=15.0000 decided=0.3296 binding=relative applied=false mode=log_only median=0.3296 n=1000 k=1 floor=0.01 hardMax=15 ratio=1.16 lr=0.655
[GRAD-CLIP] trainerStep=20223 preNorm=0.3651 cap=15.0000 decided=0.3296 binding=relative applied=false mode=log_only median=0.3296 n=1000 k=1 floor=0.01 hardMax=15 ratio=1.11 lr=0.656
[GRAD-CLIP] trainerStep=20224 preNorm=0.3561 cap=15.0000 decided=0.3297 binding=relative applied=false mode=log_only median=0.3297 n=1000 k=1 floor=0.01 hardMax=15 ratio=1.08 lr=0.657
[GRAD-CLIP] trainerStep=20225 preNorm=0.3429 cap=15.0000 decided=0.3298 binding=relative applied=false mode=log_only median=0.3298 n=1000 k=1 floor=0.01 hardMax=15 ratio=1.04 lr=0.657
[GRAD-CLIP] trainerStep=20226 preNorm=0.3630 cap=15.0000 decided=0.3300 binding=relative applied=false mode=log_only median=0.3300 n=1000 k=1 floor=0.01 hardMax=15 ratio=1.10 lr=0.658
[GRAD-CLIP] trainerStep=20227 preNorm=0.3340 cap=15.0000 decided=0.3301 binding=relative applied=false mode=log_only median=0.3301 n=1000 k=1 floor=0.01 hardMax=15 ratio=1.01 lr=0.659
[GRAD-CLIP] trainerStep=20228 preNorm=0.3553 cap=15.0000 decided=0.3301 binding=relative applied=false mode=log_only median=0.3301 n=1000 k=1 floor=0.01 hardMax=15 ratio=1.08 lr=0.659
[GRAD-CLIP] trainerStep=20229 preNorm=0.3806 cap=15.0000 decided=0.3303 binding=relative applied=false mode=log_only median=0.3303 n=1000 k=1 floor=0.01 hardMax=15 ratio=1.15 lr=0.66
[GRAD-CLIP] trainerStep=20230 preNorm=0.3683 cap=15.0000 decided=0.3305 binding=relative applied=false mode=log_only median=0.3305 n=1000 k=1 floor=0.01 hardMax=15 ratio=1.11 lr=0.661
[GRAD-CLIP] trainerStep=20231 preNorm=0.3598 cap=15.0000 decided=0.3306 binding=relative applied=false mode=log_only median=0.3306 n=1000 k=1 floor=0.01 hardMax=15 ratio=1.09 lr=0.661
[GRAD-CLIP] trainerStep=20232 preNorm=0.3658 cap=15.0000 decided=0.3306 binding=relative applied=false mode=log_only median=0.3306 n=1000 k=1 floor=0.01 hardMax=15 ratio=1.11 lr=0.662
[GRAD-CLIP] trainerStep=20233 preNorm=0.3502 cap=15.0000 decided=0.3306 binding=relative applied=false mode=log_only median=0.3306 n=1000 k=1 floor=0.01 hardMax=15 ratio=1.06 lr=0.663
[GRAD-CLIP] trainerStep=20234 preNorm=0.3658 cap=15.0000 decided=0.3307 binding=relative applied=false mode=log_only median=0.3307 n=1000 k=1 floor=0.01 hardMax=15 ratio=1.11 lr=0.663
[GRAD-CLIP] trainerStep=20235 preNorm=0.4043 cap=15.0000 decided=0.3307 binding=relative applied=false mode=log_only median=0.3307 n=1000 k=1 floor=0.01 hardMax=15 ratio=1.22 lr=0.664
[GRAD-CLIP] trainerStep=20236 preNorm=0.4168 cap=15.0000 decided=0.3308 binding=relative applied=false mode=log_only median=0.3308 n=1000 k=1 floor=0.01 hardMax=15 ratio=1.26 lr=0.665
[GRAD-CLIP] trainerStep=20237 preNorm=0.3769 cap=15.0000 decided=0.3309 binding=relative applied=false mode=log_only median=0.3309 n=1000 k=1 floor=0.01 hardMax=15 ratio=1.14 lr=0.665
[GRAD-CLIP] trainerStep=20238 preNorm=0.3975 cap=15.0000 decided=0.3310 binding=relative applied=false mode=log_only median=0.3310 n=1000 k=1 floor=0.01 hardMax=15 ratio=1.20 lr=0.666
[GRAD-CLIP] trainerStep=20239 preNorm=0.5275 cap=15.0000 decided=0.3311 binding=relative applied=false mode=log_only median=0.3311 n=1000 k=1 floor=0.01 hardMax=15 ratio=1.59 lr=0.667
[GRAD-CLIP] trainerStep=20240 preNorm=0.4064 cap=15.0000 decided=0.3311 binding=relative applied=false mode=log_only median=0.3311 n=1000 k=1 floor=0.01 hardMax=15 ratio=1.23 lr=0.667
[REPLAY] step=2240 loss=3.5535 pLoss=2.7497 vLoss=0.7982 pEnt=2.854 pIllM=0.0056 playedP=0.172 pW=0.49 pD=0.06 pL=0.45 vAbs=0.255 pLogitMean=-9.6241 vLogitMean=0.5974 gNorm=0.406 lr=0.668 ms=1199.7 buf=500000 plies=19871303 games=296959 rejected=0 skipped=0 epoch=0 mom=0.8557 lrCyc[pk=9.8e-01,tr=9.9e-04] gNormMax=0.5512 clips=0 gCap=15.0000 trainerStep=20240
[LAYER-HEALTH] live trainerStep=20240 scope=batch_norm_state_only reluSites=2/10 ch=144 dead=0 off=0 alwaysOn=0 worst=none maxBetaOverGamma=+2.17@policy.pre_bn[103] minBetaOverGamma=-1.67@value.bn[4] rvMaxOverMedian=966.1@blocks.2.bn1[76] rezero=none nonFinite=0 parkedSites=9/10 parkedCh=1040 parked=0 parkedOff=0 parkedBy=none
[GRAD-CLIP] trainerStep=20241 preNorm=0.4151 cap=15.0000 decided=0.3311 binding=relative applied=false mode=log_only median=0.3311 n=1000 k=1 floor=0.01 hardMax=15 ratio=1.25 lr=0.668
[GRAD-CLIP] trainerStep=20242 preNorm=0.6002 cap=15.0000 decided=0.3312 binding=relative applied=false mode=log_only median=0.3312 n=1000 k=1 floor=0.01 hardMax=15 ratio=1.81 lr=0.669
[GRAD-CLIP] trainerStep=20243 preNorm=0.4011 cap=15.0000 decided=0.3312 binding=relative applied=false mode=log_only median=0.3312 n=1000 k=1 floor=0.01 hardMax=15 ratio=1.21 lr=0.669
[GRAD-CLIP] trainerStep=20244 preNorm=0.4126 cap=15.0000 decided=0.3313 binding=relative applied=false mode=log_only median=0.3313 n=1000 k=1 floor=0.01 hardMax=15 ratio=1.25 lr=0.67
[GRAD-CLIP] trainerStep=20245 preNorm=0.3597 cap=15.0000 decided=0.3314 binding=relative applied=false mode=log_only median=0.3314 n=1000 k=1 floor=0.01 hardMax=15 ratio=1.09 lr=0.671
[GRAD-CLIP] trainerStep=20246 preNorm=0.4044 cap=15.0000 decided=0.3316 binding=relative applied=false mode=log_only median=0.3316 n=1000 k=1 floor=0.01 hardMax=15 ratio=1.22 lr=0.671
[GRAD-CLIP] trainerStep=20247 preNorm=0.3840 cap=15.0000 decided=0.3316 binding=relative applied=false mode=log_only median=0.3316 n=1000 k=1 floor=0.01 hardMax=15 ratio=1.16 lr=0.672
[GRAD-CLIP] trainerStep=20248 preNorm=0.3884 cap=15.0000 decided=0.3317 binding=relative applied=false mode=log_only median=0.3317 n=1000 k=1 floor=0.01 hardMax=15 ratio=1.17 lr=0.673
[GRAD-CLIP] trainerStep=20249 preNorm=0.3758 cap=15.0000 decided=0.3318 binding=relative applied=false mode=log_only median=0.3318 n=1000 k=1 floor=0.01 hardMax=15 ratio=1.13 lr=0.673
[GRAD-CLIP] trainerStep=20250 preNorm=0.4082 cap=15.0000 decided=0.3319 binding=relative applied=false mode=log_only median=0.3319 n=1000 k=1 floor=0.01 hardMax=15 ratio=1.23 lr=0.674
[GRAD-CLIP] trainerStep=20251 preNorm=0.4338 cap=15.0000 decided=0.3322 binding=relative applied=false mode=log_only median=0.3322 n=1000 k=1 floor=0.01 hardMax=15 ratio=1.31 lr=0.675
[GRAD-CLIP] trainerStep=20252 preNorm=0.3624 cap=15.0000 decided=0.3325 binding=relative applied=false mode=log_only median=0.3325 n=1000 k=1 floor=0.01 hardMax=15 ratio=1.09 lr=0.675
[GRAD-CLIP] trainerStep=20253 preNorm=0.4022 cap=15.0000 decided=0.3326 binding=relative applied=false mode=log_only median=0.3326 n=1000 k=1 floor=0.01 hardMax=15 ratio=1.21 lr=0.676
[GRAD-CLIP] trainerStep=20254 preNorm=0.3554 cap=15.0000 decided=0.3327 binding=relative applied=false mode=log_only median=0.3327 n=1000 k=1 floor=0.01 hardMax=15 ratio=1.07 lr=0.677
[GRAD-CLIP] trainerStep=20255 preNorm=0.4123 cap=15.0000 decided=0.3327 binding=relative applied=false mode=log_only median=0.3327 n=1000 k=1 floor=0.01 hardMax=15 ratio=1.24 lr=0.677
[GRAD-CLIP] trainerStep=20256 preNorm=0.4075 cap=15.0000 decided=0.3327 binding=relative applied=false mode=log_only median=0.3327 n=1000 k=1 floor=0.01 hardMax=15 ratio=1.22 lr=0.678
[GRAD-CLIP] trainerStep=20257 preNorm=0.3973 cap=15.0000 decided=0.3328 binding=relative applied=false mode=log_only median=0.3328 n=1000 k=1 floor=0.01 hardMax=15 ratio=1.19 lr=0.679
[GRAD-CLIP] trainerStep=20258 preNorm=0.3699 cap=15.0000 decided=0.3328 binding=relative applied=false mode=log_only median=0.3328 n=1000 k=1 floor=0.01 hardMax=15 ratio=1.11 lr=0.679
[GRAD-CLIP] trainerStep=20259 preNorm=0.3961 cap=15.0000 decided=0.3329 binding=relative applied=false mode=log_only median=0.3329 n=1000 k=1 floor=0.01 hardMax=15 ratio=1.19 lr=0.68
[GRAD-CLIP] trainerStep=20260 preNorm=0.3455 cap=15.0000 decided=0.3329 binding=relative applied=false mode=log_only median=0.3329 n=1000 k=1 floor=0.01 hardMax=15 ratio=1.04 lr=0.681
[GRAD-CLIP] trainerStep=20261 preNorm=0.4588 cap=15.0000 decided=0.3331 binding=relative applied=false mode=log_only median=0.3331 n=1000 k=1 floor=0.01 hardMax=15 ratio=1.38 lr=0.681
[GRAD-CLIP] trainerStep=20262 preNorm=0.3857 cap=15.0000 decided=0.3334 binding=relative applied=false mode=log_only median=0.3334 n=1000 k=1 floor=0.01 hardMax=15 ratio=1.16 lr=0.682
[GRAD-CLIP] trainerStep=20263 preNorm=0.3634 cap=15.0000 decided=0.3337 binding=relative applied=false mode=log_only median=0.3337 n=1000 k=1 floor=0.01 hardMax=15 ratio=1.09 lr=0.683
[GRAD-CLIP] trainerStep=20264 preNorm=0.3717 cap=15.0000 decided=0.3338 binding=relative applied=false mode=log_only median=0.3338 n=1000 k=1 floor=0.01 hardMax=15 ratio=1.11 lr=0.683
[GRAD-CLIP] trainerStep=20265 preNorm=0.3572 cap=15.0000 decided=0.3339 binding=relative applied=false mode=log_only median=0.3339 n=1000 k=1 floor=0.01 hardMax=15 ratio=1.07 lr=0.684
[GRAD-CLIP] trainerStep=20266 preNorm=0.3514 cap=15.0000 decided=0.3341 binding=relative applied=false mode=log_only median=0.3341 n=1000 k=1 floor=0.01 hardMax=15 ratio=1.05 lr=0.684
[GRAD-CLIP] trainerStep=20267 preNorm=0.3738 cap=15.0000 decided=0.3342 binding=relative applied=false mode=log_only median=0.3342 n=1000 k=1 floor=0.01 hardMax=15 ratio=1.12 lr=0.685
[GRAD-CLIP] trainerStep=20268 preNorm=0.3392 cap=15.0000 decided=0.3343 binding=relative applied=false mode=log_only median=0.3343 n=1000 k=1 floor=0.01 hardMax=15 ratio=1.01 lr=0.686
[GRAD-CLIP] trainerStep=20269 preNorm=0.4029 cap=15.0000 decided=0.3344 binding=relative applied=false mode=log_only median=0.3344 n=1000 k=1 floor=0.01 hardMax=15 ratio=1.21 lr=0.686
[GRAD-CLIP] trainerStep=20270 preNorm=0.3781 cap=15.0000 decided=0.3344 binding=relative applied=false mode=log_only median=0.3344 n=1000 k=1 floor=0.01 hardMax=15 ratio=1.13 lr=0.687
[GRAD-CLIP] trainerStep=20271 preNorm=0.3578 cap=15.0000 decided=0.3345 binding=relative applied=false mode=log_only median=0.3345 n=1000 k=1 floor=0.01 hardMax=15 ratio=1.07 lr=0.688
[GRAD-CLIP] trainerStep=20273 preNorm=0.3774 cap=15.0000 decided=0.3346 binding=relative applied=false mode=log_only median=0.3346 n=1000 k=1 floor=0.01 hardMax=15 ratio=1.13 lr=0.689
[GRAD-CLIP] trainerStep=20274 preNorm=0.3385 cap=15.0000 decided=0.3347 binding=relative applied=false mode=log_only median=0.3347 n=1000 k=1 floor=0.01 hardMax=15 ratio=1.01 lr=0.69
[GRAD-CLIP] trainerStep=20275 preNorm=0.3453 cap=15.0000 decided=0.3349 binding=relative applied=false mode=log_only median=0.3349 n=1000 k=1 floor=0.01 hardMax=15 ratio=1.03 lr=0.69
[GRAD-CLIP] trainerStep=20276 preNorm=0.4068 cap=15.0000 decided=0.3351 binding=relative applied=false mode=log_only median=0.3351 n=1000 k=1 floor=0.01 hardMax=15 ratio=1.21 lr=0.691
[GRAD-CLIP] trainerStep=20277 preNorm=0.3420 cap=15.0000 decided=0.3353 binding=relative applied=false mode=log_only median=0.3353 n=1000 k=1 floor=0.01 hardMax=15 ratio=1.02 lr=0.692
[GRAD-CLIP] trainerStep=20278 preNorm=0.3715 cap=15.0000 decided=0.3354 binding=relative applied=false mode=log_only median=0.3354 n=1000 k=1 floor=0.01 hardMax=15 ratio=1.11 lr=0.692
[GRAD-CLIP] trainerStep=20279 preNorm=0.3708 cap=15.0000 decided=0.3355 binding=relative applied=false mode=log_only median=0.3355 n=1000 k=1 floor=0.01 hardMax=15 ratio=1.11 lr=0.693
[GRAD-CLIP] trainerStep=20280 preNorm=0.3869 cap=15.0000 decided=0.3356 binding=relative applied=false mode=log_only median=0.3356 n=1000 k=1 floor=0.01 hardMax=15 ratio=1.15 lr=0.694
[GRAD-CLIP] trainerStep=20282 preNorm=0.4157 cap=15.0000 decided=0.3357 binding=relative applied=false mode=log_only median=0.3357 n=1000 k=1 floor=0.01 hardMax=15 ratio=1.24 lr=0.695
[GRAD-CLIP] trainerStep=20283 preNorm=0.4089 cap=15.0000 decided=0.3358 binding=relative applied=false mode=log_only median=0.3358 n=1000 k=1 floor=0.01 hardMax=15 ratio=1.22 lr=0.696
[GRAD-CLIP] trainerStep=20284 preNorm=0.3805 cap=15.0000 decided=0.3359 binding=relative applied=false mode=log_only median=0.3359 n=1000 k=1 floor=0.01 hardMax=15 ratio=1.13 lr=0.696
[GRAD-CLIP] trainerStep=20285 preNorm=0.5158 cap=15.0000 decided=0.3360 binding=relative applied=false mode=log_only median=0.3360 n=1000 k=1 floor=0.01 hardMax=15 ratio=1.54 lr=0.697
[GRAD-CLIP] trainerStep=20286 preNorm=0.4172 cap=15.0000 decided=0.3361 binding=relative applied=false mode=log_only median=0.3361 n=1000 k=1 floor=0.01 hardMax=15 ratio=1.24 lr=0.698
[GRAD-CLIP] trainerStep=20287 preNorm=0.4281 cap=15.0000 decided=0.3361 binding=relative applied=false mode=log_only median=0.3361 n=1000 k=1 floor=0.01 hardMax=15 ratio=1.27 lr=0.698
[GRAD-CLIP] trainerStep=20288 preNorm=0.4535 cap=15.0000 decided=0.3362 binding=relative applied=false mode=log_only median=0.3362 n=1000 k=1 floor=0.01 hardMax=15 ratio=1.35 lr=0.699
[GRAD-CLIP] trainerStep=20289 preNorm=0.3591 cap=15.0000 decided=0.3363 binding=relative applied=false mode=log_only median=0.3363 n=1000 k=1 floor=0.01 hardMax=15 ratio=1.07 lr=0.7
[GRAD-CLIP] trainerStep=20290 preNorm=0.3914 cap=15.0000 decided=0.3364 binding=relative applied=false mode=log_only median=0.3364 n=1000 k=1 floor=0.01 hardMax=15 ratio=1.16 lr=0.7
[GRAD-CLIP] trainerStep=20291 preNorm=0.3405 cap=15.0000 decided=0.3365 binding=relative applied=false mode=log_only median=0.3365 n=1000 k=1 floor=0.01 hardMax=15 ratio=1.01 lr=0.701
[GRAD-CLIP] trainerStep=20292 preNorm=0.3751 cap=15.0000 decided=0.3365 binding=relative applied=false mode=log_only median=0.3365 n=1000 k=1 floor=0.01 hardMax=15 ratio=1.11 lr=0.702
[GRAD-CLIP] trainerStep=20293 preNorm=0.3966 cap=15.0000 decided=0.3366 binding=relative applied=false mode=log_only median=0.3366 n=1000 k=1 floor=0.01 hardMax=15 ratio=1.18 lr=0.702
[GRAD-CLIP] trainerStep=20294 preNorm=0.3456 cap=15.0000 decided=0.3368 binding=relative applied=false mode=log_only median=0.3368 n=1000 k=1 floor=0.01 hardMax=15 ratio=1.03 lr=0.703
[GRAD-CLIP] trainerStep=20295 preNorm=0.4414 cap=15.0000 decided=0.3369 binding=relative applied=false mode=log_only median=0.3369 n=1000 k=1 floor=0.01 hardMax=15 ratio=1.31 lr=0.704
[GRAD-CLIP] trainerStep=20296 preNorm=0.4349 cap=15.0000 decided=0.3369 binding=relative applied=false mode=log_only median=0.3369 n=1000 k=1 floor=0.01 hardMax=15 ratio=1.29 lr=0.704
[GRAD-CLIP] trainerStep=20298 preNorm=0.4229 cap=15.0000 decided=0.3369 binding=relative applied=false mode=log_only median=0.3369 n=1000 k=1 floor=0.01 hardMax=15 ratio=1.26 lr=0.706
[GRAD-CLIP] trainerStep=20299 preNorm=0.4469 cap=15.0000 decided=0.3370 binding=relative applied=false mode=log_only median=0.3370 n=1000 k=1 floor=0.01 hardMax=15 ratio=1.33 lr=0.706
[GRAD-CLIP] trainerStep=20300 preNorm=0.4241 cap=15.0000 decided=0.3371 binding=relative applied=false mode=log_only median=0.3371 n=1000 k=1 floor=0.01 hardMax=15 ratio=1.26 lr=0.707
[GRAD-CLIP] trainerStep=20301 preNorm=0.5090 cap=15.0000 decided=0.3371 binding=relative applied=false mode=log_only median=0.3371 n=1000 k=1 floor=0.01 hardMax=15 ratio=1.51 lr=0.707
[GRAD-CLIP] trainerStep=20302 preNorm=0.4048 cap=15.0000 decided=0.3373 binding=relative applied=false mode=log_only median=0.3373 n=1000 k=1 floor=0.01 hardMax=15 ratio=1.20 lr=0.708
[GRAD-CLIP] trainerStep=20303 preNorm=0.4167 cap=15.0000 decided=0.3377 binding=relative applied=false mode=log_only median=0.3377 n=1000 k=1 floor=0.01 hardMax=15 ratio=1.23 lr=0.709
[GRAD-CLIP] trainerStep=20304 preNorm=0.3903 cap=15.0000 decided=0.3381 binding=relative applied=false mode=log_only median=0.3381 n=1000 k=1 floor=0.01 hardMax=15 ratio=1.15 lr=0.709
[GRAD-CLIP] trainerStep=20305 preNorm=0.3500 cap=15.0000 decided=0.3383 binding=relative applied=false mode=log_only median=0.3383 n=1000 k=1 floor=0.01 hardMax=15 ratio=1.03 lr=0.71
[GRAD-CLIP] trainerStep=20306 preNorm=0.3726 cap=15.0000 decided=0.3384 binding=relative applied=false mode=log_only median=0.3384 n=1000 k=1 floor=0.01 hardMax=15 ratio=1.10 lr=0.711
[GRAD-CLIP] trainerStep=20307 preNorm=0.3878 cap=15.0000 decided=0.3384 binding=relative applied=false mode=log_only median=0.3384 n=1000 k=1 floor=0.01 hardMax=15 ratio=1.15 lr=0.711
[GRAD-CLIP] trainerStep=20308 preNorm=0.3646 cap=15.0000 decided=0.3384 binding=relative applied=false mode=log_only median=0.3384 n=1000 k=1 floor=0.01 hardMax=15 ratio=1.08 lr=0.712
[GRAD-CLIP] trainerStep=20309 preNorm=0.4051 cap=15.0000 decided=0.3385 binding=relative applied=false mode=log_only median=0.3385 n=1000 k=1 floor=0.01 hardMax=15 ratio=1.20 lr=0.713
[GRAD-CLIP] trainerStep=20310 preNorm=0.3470 cap=15.0000 decided=0.3385 binding=relative applied=false mode=log_only median=0.3385 n=1000 k=1 floor=0.01 hardMax=15 ratio=1.02 lr=0.713
[GRAD-CLIP] trainerStep=20311 preNorm=0.3996 cap=15.0000 decided=0.3386 binding=relative applied=false mode=log_only median=0.3386 n=1000 k=1 floor=0.01 hardMax=15 ratio=1.18 lr=0.714
[GRAD-CLIP] trainerStep=20313 preNorm=0.3882 cap=15.0000 decided=0.3386 binding=relative applied=false mode=log_only median=0.3386 n=1000 k=1 floor=0.01 hardMax=15 ratio=1.15 lr=0.715
[GRAD-CLIP] trainerStep=20314 preNorm=0.3522 cap=15.0000 decided=0.3387 binding=relative applied=false mode=log_only median=0.3387 n=1000 k=1 floor=0.01 hardMax=15 ratio=1.04 lr=0.716
[GRAD-CLIP] trainerStep=20315 preNorm=0.3902 cap=15.0000 decided=0.3388 binding=relative applied=false mode=log_only median=0.3388 n=1000 k=1 floor=0.01 hardMax=15 ratio=1.15 lr=0.717
[GRAD-CLIP] trainerStep=20316 preNorm=0.3838 cap=15.0000 decided=0.3389 binding=relative applied=false mode=log_only median=0.3389 n=1000 k=1 floor=0.01 hardMax=15 ratio=1.13 lr=0.717
[GRAD-CLIP] trainerStep=20317 preNorm=0.4094 cap=15.0000 decided=0.3389 binding=relative applied=false mode=log_only median=0.3389 n=1000 k=1 floor=0.01 hardMax=15 ratio=1.21 lr=0.718
[GRAD-CLIP] trainerStep=20318 preNorm=0.4174 cap=15.0000 decided=0.3390 binding=relative applied=false mode=log_only median=0.3390 n=1000 k=1 floor=0.01 hardMax=15 ratio=1.23 lr=0.719
[GRAD-CLIP] trainerStep=20319 preNorm=0.4089 cap=15.0000 decided=0.3390 binding=relative applied=false mode=log_only median=0.3390 n=1000 k=1 floor=0.01 hardMax=15 ratio=1.21 lr=0.719
[GRAD-CLIP] trainerStep=20320 preNorm=0.3748 cap=15.0000 decided=0.3391 binding=relative applied=false mode=log_only median=0.3391 n=1000 k=1 floor=0.01 hardMax=15 ratio=1.11 lr=0.72
[GRAD-CLIP] trainerStep=20321 preNorm=0.4336 cap=15.0000 decided=0.3392 binding=relative applied=false mode=log_only median=0.3392 n=1000 k=1 floor=0.01 hardMax=15 ratio=1.28 lr=0.72
[GRAD-CLIP] trainerStep=20322 preNorm=0.3887 cap=15.0000 decided=0.3393 binding=relative applied=false mode=log_only median=0.3393 n=1000 k=1 floor=0.01 hardMax=15 ratio=1.15 lr=0.721
[GRAD-CLIP] trainerStep=20323 preNorm=0.3561 cap=15.0000 decided=0.3393 binding=relative applied=false mode=log_only median=0.3393 n=1000 k=1 floor=0.01 hardMax=15 ratio=1.05 lr=0.722
[GRAD-CLIP] trainerStep=20324 preNorm=0.4076 cap=15.0000 decided=0.3393 binding=relative applied=false mode=log_only median=0.3393 n=1000 k=1 floor=0.01 hardMax=15 ratio=1.20 lr=0.722
[GRAD-CLIP] trainerStep=20325 preNorm=0.4197 cap=15.0000 decided=0.3394 binding=relative applied=false mode=log_only median=0.3394 n=1000 k=1 floor=0.01 hardMax=15 ratio=1.24 lr=0.723
[GRAD-CLIP] trainerStep=20326 preNorm=0.3516 cap=15.0000 decided=0.3396 binding=relative applied=false mode=log_only median=0.3396 n=1000 k=1 floor=0.01 hardMax=15 ratio=1.04 lr=0.724
[GRAD-CLIP] trainerStep=20327 preNorm=0.4486 cap=15.0000 decided=0.3397 binding=relative applied=false mode=log_only median=0.3397 n=1000 k=1 floor=0.01 hardMax=15 ratio=1.32 lr=0.724
[GRAD-CLIP] trainerStep=20328 preNorm=0.3923 cap=15.0000 decided=0.3400 binding=relative applied=false mode=log_only median=0.3400 n=1000 k=1 floor=0.01 hardMax=15 ratio=1.15 lr=0.725
[GRAD-CLIP] trainerStep=20329 preNorm=0.3941 cap=15.0000 decided=0.3402 binding=relative applied=false mode=log_only median=0.3402 n=1000 k=1 floor=0.01 hardMax=15 ratio=1.16 lr=0.726
[GRAD-CLIP] trainerStep=20330 preNorm=0.4496 cap=15.0000 decided=0.3402 binding=relative applied=false mode=log_only median=0.3402 n=1000 k=1 floor=0.01 hardMax=15 ratio=1.32 lr=0.726
[GRAD-CLIP] trainerStep=20331 preNorm=0.4199 cap=15.0000 decided=0.3403 binding=relative applied=false mode=log_only median=0.3403 n=1000 k=1 floor=0.01 hardMax=15 ratio=1.23 lr=0.727
[GRAD-CLIP] trainerStep=20332 preNorm=0.4204 cap=15.0000 decided=0.3404 binding=relative applied=false mode=log_only median=0.3404 n=1000 k=1 floor=0.01 hardMax=15 ratio=1.23 lr=0.728
[GRAD-CLIP] trainerStep=20333 preNorm=0.5005 cap=15.0000 decided=0.3406 binding=relative applied=false mode=log_only median=0.3406 n=1000 k=1 floor=0.01 hardMax=15 ratio=1.47 lr=0.728
[GRAD-CLIP] trainerStep=20334 preNorm=0.4134 cap=15.0000 decided=0.3408 binding=relative applied=false mode=log_only median=0.3408 n=1000 k=1 floor=0.01 hardMax=15 ratio=1.21 lr=0.729
[GRAD-CLIP] trainerStep=20335 preNorm=0.3999 cap=15.0000 decided=0.3409 binding=relative applied=false mode=log_only median=0.3409 n=1000 k=1 floor=0.01 hardMax=15 ratio=1.17 lr=0.729
[GRAD-CLIP] trainerStep=20336 preNorm=0.3651 cap=15.0000 decided=0.3409 binding=relative applied=false mode=log_only median=0.3409 n=1000 k=1 floor=0.01 hardMax=15 ratio=1.07 lr=0.73
[GRAD-CLIP] trainerStep=20337 preNorm=0.3927 cap=15.0000 decided=0.3411 binding=relative applied=false mode=log_only median=0.3411 n=1000 k=1 floor=0.01 hardMax=15 ratio=1.15 lr=0.731
[GRAD-CLIP] trainerStep=20338 preNorm=0.3471 cap=15.0000 decided=0.3414 binding=relative applied=false mode=log_only median=0.3414 n=1000 k=1 floor=0.01 hardMax=15 ratio=1.02 lr=0.731
[GRAD-CLIP] trainerStep=20339 preNorm=0.3507 cap=15.0000 decided=0.3415 binding=relative applied=false mode=log_only median=0.3415 n=1000 k=1 floor=0.01 hardMax=15 ratio=1.03 lr=0.732
[GRAD-CLIP] trainerStep=20341 preNorm=0.3655 cap=15.0000 decided=0.3416 binding=relative applied=false mode=log_only median=0.3416 n=1000 k=1 floor=0.01 hardMax=15 ratio=1.07 lr=0.733
[GRAD-CLIP] trainerStep=20342 preNorm=0.3661 cap=15.0000 decided=0.3419 binding=relative applied=false mode=log_only median=0.3419 n=1000 k=1 floor=0.01 hardMax=15 ratio=1.07 lr=0.734
[GRAD-CLIP] trainerStep=20343 preNorm=0.3865 cap=15.0000 decided=0.3420 binding=relative applied=false mode=log_only median=0.3420 n=1000 k=1 floor=0.01 hardMax=15 ratio=1.13 lr=0.735
[GRAD-CLIP] trainerStep=20344 preNorm=0.4248 cap=15.0000 decided=0.3420 binding=relative applied=false mode=log_only median=0.3420 n=1000 k=1 floor=0.01 hardMax=15 ratio=1.24 lr=0.735
[GRAD-CLIP] trainerStep=20345 preNorm=0.3662 cap=15.0000 decided=0.3421 binding=relative applied=false mode=log_only median=0.3421 n=1000 k=1 floor=0.01 hardMax=15 ratio=1.07 lr=0.736
[GRAD-CLIP] trainerStep=20346 preNorm=0.4264 cap=15.0000 decided=0.3422 binding=relative applied=false mode=log_only median=0.3422 n=1000 k=1 floor=0.01 hardMax=15 ratio=1.25 lr=0.737
[GRAD-CLIP] trainerStep=20347 preNorm=0.4046 cap=15.0000 decided=0.3424 binding=relative applied=false mode=log_only median=0.3424 n=1000 k=1 floor=0.01 hardMax=15 ratio=1.18 lr=0.737
[GRAD-CLIP] trainerStep=20348 preNorm=0.3757 cap=15.0000 decided=0.3424 binding=relative applied=false mode=log_only median=0.3424 n=1000 k=1 floor=0.01 hardMax=15 ratio=1.10 lr=0.738
[GRAD-CLIP] trainerStep=20349 preNorm=0.3608 cap=15.0000 decided=0.3425 binding=relative applied=false mode=log_only median=0.3425 n=1000 k=1 floor=0.01 hardMax=15 ratio=1.05 lr=0.738
[GRAD-CLIP] trainerStep=20350 preNorm=0.3614 cap=15.0000 decided=0.3425 binding=relative applied=false mode=log_only median=0.3425 n=1000 k=1 floor=0.01 hardMax=15 ratio=1.06 lr=0.739
[GRAD-CLIP] trainerStep=20352 preNorm=0.4548 cap=15.0000 decided=0.3425 binding=relative applied=false mode=log_only median=0.3425 n=1000 k=1 floor=0.01 hardMax=15 ratio=1.33 lr=0.74
[GRAD-CLIP] trainerStep=20353 preNorm=0.3445 cap=15.0000 decided=0.3426 binding=relative applied=false mode=log_only median=0.3426 n=1000 k=1 floor=0.01 hardMax=15 ratio=1.01 lr=0.741
[GRAD-CLIP] trainerStep=20354 preNorm=0.3971 cap=15.0000 decided=0.3427 binding=relative applied=false mode=log_only median=0.3427 n=1000 k=1 floor=0.01 hardMax=15 ratio=1.16 lr=0.742
[GRAD-CLIP] trainerStep=20355 preNorm=0.3878 cap=15.0000 decided=0.3428 binding=relative applied=false mode=log_only median=0.3428 n=1000 k=1 floor=0.01 hardMax=15 ratio=1.13 lr=0.742
[GRAD-CLIP] trainerStep=20356 preNorm=0.3570 cap=15.0000 decided=0.3428 binding=relative applied=false mode=log_only median=0.3428 n=1000 k=1 floor=0.01 hardMax=15 ratio=1.04 lr=0.743
[GRAD-CLIP] trainerStep=20357 preNorm=0.3960 cap=15.0000 decided=0.3428 binding=relative applied=false mode=log_only median=0.3428 n=1000 k=1 floor=0.01 hardMax=15 ratio=1.16 lr=0.744
[GRAD-CLIP] trainerStep=20358 preNorm=0.3477 cap=15.0000 decided=0.3429 binding=relative applied=false mode=log_only median=0.3429 n=1000 k=1 floor=0.01 hardMax=15 ratio=1.01 lr=0.744
[GRAD-CLIP] trainerStep=20359 preNorm=0.3683 cap=15.0000 decided=0.3429 binding=relative applied=false mode=log_only median=0.3429 n=1000 k=1 floor=0.01 hardMax=15 ratio=1.07 lr=0.745
[REPLAY] step=2360 loss=3.5856 pLoss=2.7845 vLoss=0.7945 pEnt=2.869 pIllM=0.0065 playedP=0.166 pW=0.49 pD=0.06 pL=0.45 vAbs=0.236 pLogitMean=-9.6612 vLogitMean=0.5859 gNorm=0.329 lr=0.746 ms=1232.5 buf=500000 plies=20895243 games=312306 rejected=0 skipped=0 epoch=0 mom=0.8541 lrCyc[pk=9.8e-01,tr=9.9e-04] gNormMax=0.6002 clips=0 gCap=15.0000 trainerStep=20360
[LAYER-HEALTH] live trainerStep=20360 scope=batch_norm_state_only reluSites=2/10 ch=144 dead=0 off=0 alwaysOn=0 worst=none maxBetaOverGamma=+2.19@policy.pre_bn[103] minBetaOverGamma=-1.68@value.bn[9] rvMaxOverMedian=971.4@blocks.2.bn1[76] rezero=none nonFinite=0 parkedSites=9/10 parkedCh=1040 parked=0 parkedOff=0 parkedBy=none
[GRAD-CLIP] trainerStep=20361 preNorm=0.3855 cap=15.0000 decided=0.3430 binding=relative applied=false mode=log_only median=0.3430 n=1000 k=1 floor=0.01 hardMax=15 ratio=1.12 lr=0.746
[GRAD-CLIP] trainerStep=20362 preNorm=0.4582 cap=15.0000 decided=0.3432 binding=relative applied=false mode=log_only median=0.3432 n=1000 k=1 floor=0.01 hardMax=15 ratio=1.34 lr=0.747
[GRAD-CLIP] trainerStep=20363 preNorm=0.4060 cap=15.0000 decided=0.3433 binding=relative applied=false mode=log_only median=0.3433 n=1000 k=1 floor=0.01 hardMax=15 ratio=1.18 lr=0.747
[GRAD-CLIP] trainerStep=20364 preNorm=0.3637 cap=15.0000 decided=0.3434 binding=relative applied=false mode=log_only median=0.3434 n=1000 k=1 floor=0.01 hardMax=15 ratio=1.06 lr=0.748
[GRAD-CLIP] trainerStep=20365 preNorm=0.6305 cap=15.0000 decided=0.3436 binding=relative applied=false mode=log_only median=0.3436 n=1000 k=1 floor=0.01 hardMax=15 ratio=1.84 lr=0.749
[GRAD-CLIP] trainerStep=20366 preNorm=0.6069 cap=15.0000 decided=0.3438 binding=relative applied=false mode=log_only median=0.3438 n=1000 k=1 floor=0.01 hardMax=15 ratio=1.77 lr=0.749
[GRAD-CLIP] trainerStep=20367 preNorm=0.4042 cap=15.0000 decided=0.3441 binding=relative applied=false mode=log_only median=0.3441 n=1000 k=1 floor=0.01 hardMax=15 ratio=1.17 lr=0.75
[GRAD-CLIP] trainerStep=20368 preNorm=0.7823 cap=15.0000 decided=0.3444 binding=relative applied=false mode=log_only median=0.3444 n=1000 k=1 floor=0.01 hardMax=15 ratio=2.27 lr=0.75
[GRAD-CLIP] trainerStep=20369 preNorm=0.4232 cap=15.0000 decided=0.3445 binding=relative applied=false mode=log_only median=0.3445 n=1000 k=1 floor=0.01 hardMax=15 ratio=1.23 lr=0.751
[GRAD-CLIP] trainerStep=20370 preNorm=0.4950 cap=15.0000 decided=0.3445 binding=relative applied=false mode=log_only median=0.3445 n=1000 k=1 floor=0.01 hardMax=15 ratio=1.44 lr=0.752
[GRAD-CLIP] trainerStep=20371 preNorm=0.3549 cap=15.0000 decided=0.3445 binding=relative applied=false mode=log_only median=0.3445 n=1000 k=1 floor=0.01 hardMax=15 ratio=1.03 lr=0.752
[GRAD-CLIP] trainerStep=20372 preNorm=0.5397 cap=15.0000 decided=0.3447 binding=relative applied=false mode=log_only median=0.3447 n=1000 k=1 floor=0.01 hardMax=15 ratio=1.57 lr=0.753
[GRAD-CLIP] trainerStep=20373 preNorm=0.3954 cap=15.0000 decided=0.3450 binding=relative applied=false mode=log_only median=0.3450 n=1000 k=1 floor=0.01 hardMax=15 ratio=1.15 lr=0.754
[GRAD-CLIP] trainerStep=20374 preNorm=0.4608 cap=15.0000 decided=0.3451 binding=relative applied=false mode=log_only median=0.3451 n=1000 k=1 floor=0.01 hardMax=15 ratio=1.34 lr=0.754
[GRAD-CLIP] trainerStep=20375 preNorm=0.3886 cap=15.0000 decided=0.3452 binding=relative applied=false mode=log_only median=0.3452 n=1000 k=1 floor=0.01 hardMax=15 ratio=1.13 lr=0.755
[GRAD-CLIP] trainerStep=20376 preNorm=0.4365 cap=15.0000 decided=0.3452 binding=relative applied=false mode=log_only median=0.3452 n=1000 k=1 floor=0.01 hardMax=15 ratio=1.26 lr=0.755
[GRAD-CLIP] trainerStep=20377 preNorm=0.4032 cap=15.0000 decided=0.3453 binding=relative applied=false mode=log_only median=0.3453 n=1000 k=1 floor=0.01 hardMax=15 ratio=1.17 lr=0.756
[GRAD-CLIP] trainerStep=20378 preNorm=0.4123 cap=15.0000 decided=0.3453 binding=relative applied=false mode=log_only median=0.3453 n=1000 k=1 floor=0.01 hardMax=15 ratio=1.19 lr=0.757
[GRAD-CLIP] trainerStep=20379 preNorm=0.3676 cap=15.0000 decided=0.3453 binding=relative applied=false mode=log_only median=0.3453 n=1000 k=1 floor=0.01 hardMax=15 ratio=1.06 lr=0.757
[GRAD-CLIP] trainerStep=20380 preNorm=0.4172 cap=15.0000 decided=0.3454 binding=relative applied=false mode=log_only median=0.3454 n=1000 k=1 floor=0.01 hardMax=15 ratio=1.21 lr=0.758
[GRAD-CLIP] trainerStep=20381 preNorm=0.4340 cap=15.0000 decided=0.3454 binding=relative applied=false mode=log_only median=0.3454 n=1000 k=1 floor=0.01 hardMax=15 ratio=1.26 lr=0.759
[GRAD-CLIP] trainerStep=20382 preNorm=0.3860 cap=15.0000 decided=0.3454 binding=relative applied=false mode=log_only median=0.3454 n=1000 k=1 floor=0.01 hardMax=15 ratio=1.12 lr=0.759
[GRAD-CLIP] trainerStep=20383 preNorm=0.4917 cap=15.0000 decided=0.3455 binding=relative applied=false mode=log_only median=0.3455 n=1000 k=1 floor=0.01 hardMax=15 ratio=1.42 lr=0.76
[GRAD-CLIP] trainerStep=20384 preNorm=0.4231 cap=15.0000 decided=0.3456 binding=relative applied=false mode=log_only median=0.3456 n=1000 k=1 floor=0.01 hardMax=15 ratio=1.22 lr=0.76
[GRAD-CLIP] trainerStep=20385 preNorm=0.3741 cap=15.0000 decided=0.3456 binding=relative applied=false mode=log_only median=0.3456 n=1000 k=1 floor=0.01 hardMax=15 ratio=1.08 lr=0.761
[GRAD-CLIP] trainerStep=20386 preNorm=0.4078 cap=15.0000 decided=0.3458 binding=relative applied=false mode=log_only median=0.3458 n=1000 k=1 floor=0.01 hardMax=15 ratio=1.18 lr=0.762
[GRAD-CLIP] trainerStep=20387 preNorm=0.3657 cap=15.0000 decided=0.3461 binding=relative applied=false mode=log_only median=0.3461 n=1000 k=1 floor=0.01 hardMax=15 ratio=1.06 lr=0.762
[GRAD-CLIP] trainerStep=20388 preNorm=0.4000 cap=15.0000 decided=0.3464 binding=relative applied=false mode=log_only median=0.3464 n=1000 k=1 floor=0.01 hardMax=15 ratio=1.15 lr=0.763
[GRAD-CLIP] trainerStep=20389 preNorm=0.3913 cap=15.0000 decided=0.3467 binding=relative applied=false mode=log_only median=0.3467 n=1000 k=1 floor=0.01 hardMax=15 ratio=1.13 lr=0.764
[GRAD-CLIP] trainerStep=20390 preNorm=0.3742 cap=15.0000 decided=0.3468 binding=relative applied=false mode=log_only median=0.3468 n=1000 k=1 floor=0.01 hardMax=15 ratio=1.08 lr=0.764
[GRAD-CLIP] trainerStep=20391 preNorm=0.4444 cap=15.0000 decided=0.3468 binding=relative applied=false mode=log_only median=0.3468 n=1000 k=1 floor=0.01 hardMax=15 ratio=1.28 lr=0.765
[GRAD-CLIP] trainerStep=20392 preNorm=0.3779 cap=15.0000 decided=0.3469 binding=relative applied=false mode=log_only median=0.3469 n=1000 k=1 floor=0.01 hardMax=15 ratio=1.09 lr=0.765
[GRAD-CLIP] trainerStep=20393 preNorm=0.4056 cap=15.0000 decided=0.3470 binding=relative applied=false mode=log_only median=0.3470 n=1000 k=1 floor=0.01 hardMax=15 ratio=1.17 lr=0.766
[GRAD-CLIP] trainerStep=20395 preNorm=0.3735 cap=15.0000 decided=0.3470 binding=relative applied=false mode=log_only median=0.3470 n=1000 k=1 floor=0.01 hardMax=15 ratio=1.08 lr=0.767
[GRAD-CLIP] trainerStep=20396 preNorm=0.3622 cap=15.0000 decided=0.3471 binding=relative applied=false mode=log_only median=0.3471 n=1000 k=1 floor=0.01 hardMax=15 ratio=1.04 lr=0.768
[GRAD-CLIP] trainerStep=20397 preNorm=0.3597 cap=15.0000 decided=0.3472 binding=relative applied=false mode=log_only median=0.3472 n=1000 k=1 floor=0.01 hardMax=15 ratio=1.04 lr=0.769
[GRAD-CLIP] trainerStep=20399 preNorm=0.3697 cap=15.0000 decided=0.3472 binding=relative applied=false mode=log_only median=0.3472 n=1000 k=1 floor=0.01 hardMax=15 ratio=1.06 lr=0.77
[GRAD-CLIP] trainerStep=20401 preNorm=0.3931 cap=15.0000 decided=0.3473 binding=relative applied=false mode=log_only median=0.3473 n=1000 k=1 floor=0.01 hardMax=15 ratio=1.13 lr=0.771
[GRAD-CLIP] trainerStep=20402 preNorm=0.3550 cap=15.0000 decided=0.3473 binding=relative applied=false mode=log_only median=0.3473 n=1000 k=1 floor=0.01 hardMax=15 ratio=1.02 lr=0.772
[GRAD-CLIP] trainerStep=20403 preNorm=0.3870 cap=15.0000 decided=0.3475 binding=relative applied=false mode=log_only median=0.3475 n=1000 k=1 floor=0.01 hardMax=15 ratio=1.11 lr=0.772
[GRAD-CLIP] trainerStep=20405 preNorm=0.4025 cap=15.0000 decided=0.3477 binding=relative applied=false mode=log_only median=0.3477 n=1000 k=1 floor=0.01 hardMax=15 ratio=1.16 lr=0.773
[GRAD-CLIP] trainerStep=20406 preNorm=0.3859 cap=15.0000 decided=0.3478 binding=relative applied=false mode=log_only median=0.3478 n=1000 k=1 floor=0.01 hardMax=15 ratio=1.11 lr=0.774
[GRAD-CLIP] trainerStep=20407 preNorm=0.3875 cap=15.0000 decided=0.3479 binding=relative applied=false mode=log_only median=0.3479 n=1000 k=1 floor=0.01 hardMax=15 ratio=1.11 lr=0.775
[GRAD-CLIP] trainerStep=20408 preNorm=0.3548 cap=15.0000 decided=0.3479 binding=relative applied=false mode=log_only median=0.3479 n=1000 k=1 floor=0.01 hardMax=15 ratio=1.02 lr=0.775
[GRAD-CLIP] trainerStep=20409 preNorm=0.3759 cap=15.0000 decided=0.3480 binding=relative applied=false mode=log_only median=0.3480 n=1000 k=1 floor=0.01 hardMax=15 ratio=1.08 lr=0.776
[GRAD-CLIP] trainerStep=20410 preNorm=0.3647 cap=15.0000 decided=0.3481 binding=relative applied=false mode=log_only median=0.3481 n=1000 k=1 floor=0.01 hardMax=15 ratio=1.05 lr=0.776
[GRAD-CLIP] trainerStep=20411 preNorm=0.3733 cap=15.0000 decided=0.3482 binding=relative applied=false mode=log_only median=0.3482 n=1000 k=1 floor=0.01 hardMax=15 ratio=1.07 lr=0.777
[GRAD-CLIP] trainerStep=20412 preNorm=0.3985 cap=15.0000 decided=0.3484 binding=relative applied=false mode=log_only median=0.3484 n=1000 k=1 floor=0.01 hardMax=15 ratio=1.14 lr=0.778
[GRAD-CLIP] trainerStep=20413 preNorm=0.3972 cap=15.0000 decided=0.3486 binding=relative applied=false mode=log_only median=0.3486 n=1000 k=1 floor=0.01 hardMax=15 ratio=1.14 lr=0.778
[GRAD-CLIP] trainerStep=20414 preNorm=0.3904 cap=15.0000 decided=0.3486 binding=relative applied=false mode=log_only median=0.3486 n=1000 k=1 floor=0.01 hardMax=15 ratio=1.12 lr=0.779
[GRAD-CLIP] trainerStep=20415 preNorm=0.3600 cap=15.0000 decided=0.3486 binding=relative applied=false mode=log_only median=0.3486 n=1000 k=1 floor=0.01 hardMax=15 ratio=1.03 lr=0.78
[GRAD-CLIP] trainerStep=20416 preNorm=0.3802 cap=15.0000 decided=0.3487 binding=relative applied=false mode=log_only median=0.3487 n=1000 k=1 floor=0.01 hardMax=15 ratio=1.09 lr=0.78
[GRAD-CLIP] trainerStep=20417 preNorm=0.3661 cap=15.0000 decided=0.3487 binding=relative applied=false mode=log_only median=0.3487 n=1000 k=1 floor=0.01 hardMax=15 ratio=1.05 lr=0.781
[GRAD-CLIP] trainerStep=20418 preNorm=0.4185 cap=15.0000 decided=0.3487 binding=relative applied=false mode=log_only median=0.3487 n=1000 k=1 floor=0.01 hardMax=15 ratio=1.20 lr=0.781
[GRAD-CLIP] trainerStep=20419 preNorm=0.3740 cap=15.0000 decided=0.3487 binding=relative applied=false mode=log_only median=0.3487 n=1000 k=1 floor=0.01 hardMax=15 ratio=1.07 lr=0.782
[GRAD-CLIP] trainerStep=20422 preNorm=0.3533 cap=15.0000 decided=0.3488 binding=relative applied=false mode=log_only median=0.3488 n=1000 k=1 floor=0.01 hardMax=15 ratio=1.01 lr=0.784
[GRAD-CLIP] trainerStep=20423 preNorm=0.3985 cap=15.0000 decided=0.3489 binding=relative applied=false mode=log_only median=0.3489 n=1000 k=1 floor=0.01 hardMax=15 ratio=1.14 lr=0.784
[GRAD-CLIP] trainerStep=20424 preNorm=0.3732 cap=15.0000 decided=0.3491 binding=relative applied=false mode=log_only median=0.3491 n=1000 k=1 floor=0.01 hardMax=15 ratio=1.07 lr=0.785
[GRAD-CLIP] trainerStep=20425 preNorm=0.3494 cap=15.0000 decided=0.3493 binding=relative applied=false mode=log_only median=0.3493 n=1000 k=1 floor=0.01 hardMax=15 ratio=1.00 lr=0.786
[GRAD-CLIP] trainerStep=20426 preNorm=0.4119 cap=15.0000 decided=0.3494 binding=relative applied=false mode=log_only median=0.3494 n=1000 k=1 floor=0.01 hardMax=15 ratio=1.18 lr=0.786
[GRAD-CLIP] trainerStep=20427 preNorm=0.3998 cap=15.0000 decided=0.3495 binding=relative applied=false mode=log_only median=0.3495 n=1000 k=1 floor=0.01 hardMax=15 ratio=1.14 lr=0.787
[GRAD-CLIP] trainerStep=20428 preNorm=0.4303 cap=15.0000 decided=0.3497 binding=relative applied=false mode=log_only median=0.3497 n=1000 k=1 floor=0.01 hardMax=15 ratio=1.23 lr=0.787
[GRAD-CLIP] trainerStep=20429 preNorm=0.3527 cap=15.0000 decided=0.3498 binding=relative applied=false mode=log_only median=0.3498 n=1000 k=1 floor=0.01 hardMax=15 ratio=1.01 lr=0.788
[GRAD-CLIP] trainerStep=20430 preNorm=0.4230 cap=15.0000 decided=0.3499 binding=relative applied=false mode=log_only median=0.3499 n=1000 k=1 floor=0.01 hardMax=15 ratio=1.21 lr=0.789
[GRAD-CLIP] trainerStep=20431 preNorm=0.3624 cap=15.0000 decided=0.3499 binding=relative applied=false mode=log_only median=0.3499 n=1000 k=1 floor=0.01 hardMax=15 ratio=1.04 lr=0.789
[GRAD-CLIP] trainerStep=20432 preNorm=0.3816 cap=15.0000 decided=0.3499 binding=relative applied=false mode=log_only median=0.3499 n=1000 k=1 floor=0.01 hardMax=15 ratio=1.09 lr=0.79
[GRAD-CLIP] trainerStep=20433 preNorm=0.4473 cap=15.0000 decided=0.3499 binding=relative applied=false mode=log_only median=0.3499 n=1000 k=1 floor=0.01 hardMax=15 ratio=1.28 lr=0.79
[GRAD-CLIP] trainerStep=20435 preNorm=0.3935 cap=15.0000 decided=0.3500 binding=relative applied=false mode=log_only median=0.3500 n=1000 k=1 floor=0.01 hardMax=15 ratio=1.12 lr=0.792
[GRAD-CLIP] trainerStep=20437 preNorm=0.3622 cap=15.0000 decided=0.3501 binding=relative applied=false mode=log_only median=0.3501 n=1000 k=1 floor=0.01 hardMax=15 ratio=1.03 lr=0.793
[GRAD-CLIP] trainerStep=20438 preNorm=0.4819 cap=15.0000 decided=0.3501 binding=relative applied=false mode=log_only median=0.3501 n=1000 k=1 floor=0.01 hardMax=15 ratio=1.38 lr=0.793
[GRAD-CLIP] trainerStep=20439 preNorm=0.3584 cap=15.0000 decided=0.3501 binding=relative applied=false mode=log_only median=0.3501 n=1000 k=1 floor=0.01 hardMax=15 ratio=1.02 lr=0.794
[GRAD-CLIP] trainerStep=20440 preNorm=0.3809 cap=15.0000 decided=0.3502 binding=relative applied=false mode=log_only median=0.3502 n=1000 k=1 floor=0.01 hardMax=15 ratio=1.09 lr=0.795
[GRAD-CLIP] trainerStep=20441 preNorm=0.3907 cap=15.0000 decided=0.3502 binding=relative applied=false mode=log_only median=0.3502 n=1000 k=1 floor=0.01 hardMax=15 ratio=1.12 lr=0.795
[GRAD-CLIP] trainerStep=20442 preNorm=0.3978 cap=15.0000 decided=0.3503 binding=relative applied=false mode=log_only median=0.3503 n=1000 k=1 floor=0.01 hardMax=15 ratio=1.14 lr=0.796
[GRAD-CLIP] trainerStep=20443 preNorm=0.3827 cap=15.0000 decided=0.3504 binding=relative applied=false mode=log_only median=0.3504 n=1000 k=1 floor=0.01 hardMax=15 ratio=1.09 lr=0.796
[GRAD-CLIP] trainerStep=20445 preNorm=0.3771 cap=15.0000 decided=0.3505 binding=relative applied=false mode=log_only median=0.3505 n=1000 k=1 floor=0.01 hardMax=15 ratio=1.08 lr=0.798
[GRAD-CLIP] trainerStep=20446 preNorm=0.4130 cap=15.0000 decided=0.3506 binding=relative applied=false mode=log_only median=0.3506 n=1000 k=1 floor=0.01 hardMax=15 ratio=1.18 lr=0.798
[GRAD-CLIP] trainerStep=20447 preNorm=0.3940 cap=15.0000 decided=0.3507 binding=relative applied=false mode=log_only median=0.3507 n=1000 k=1 floor=0.01 hardMax=15 ratio=1.12 lr=0.799
[GRAD-CLIP] trainerStep=20448 preNorm=0.3655 cap=15.0000 decided=0.3508 binding=relative applied=false mode=log_only median=0.3508 n=1000 k=1 floor=0.01 hardMax=15 ratio=1.04 lr=0.799
[GRAD-CLIP] trainerStep=20449 preNorm=0.3797 cap=15.0000 decided=0.3512 binding=relative applied=false mode=log_only median=0.3512 n=1000 k=1 floor=0.01 hardMax=15 ratio=1.08 lr=0.8
[GRAD-CLIP] trainerStep=20450 preNorm=0.3574 cap=15.0000 decided=0.3515 binding=relative applied=false mode=log_only median=0.3515 n=1000 k=1 floor=0.01 hardMax=15 ratio=1.02 lr=0.8
[GRAD-CLIP] trainerStep=20451 preNorm=0.3839 cap=15.0000 decided=0.3516 binding=relative applied=false mode=log_only median=0.3516 n=1000 k=1 floor=0.01 hardMax=15 ratio=1.09 lr=0.801
[GRAD-CLIP] trainerStep=20452 preNorm=0.4533 cap=15.0000 decided=0.3517 binding=relative applied=false mode=log_only median=0.3517 n=1000 k=1 floor=0.01 hardMax=15 ratio=1.29 lr=0.802
[GRAD-CLIP] trainerStep=20453 preNorm=0.4241 cap=15.0000 decided=0.3517 binding=relative applied=false mode=log_only median=0.3517 n=1000 k=1 floor=0.01 hardMax=15 ratio=1.21 lr=0.802
[GRAD-CLIP] trainerStep=20455 preNorm=0.4583 cap=15.0000 decided=0.3518 binding=relative applied=false mode=log_only median=0.3518 n=1000 k=1 floor=0.01 hardMax=15 ratio=1.30 lr=0.803
[GRAD-CLIP] trainerStep=20456 preNorm=0.3864 cap=15.0000 decided=0.3518 binding=relative applied=false mode=log_only median=0.3518 n=1000 k=1 floor=0.01 hardMax=15 ratio=1.10 lr=0.804
[GRAD-CLIP] trainerStep=20457 preNorm=0.3920 cap=15.0000 decided=0.3519 binding=relative applied=false mode=log_only median=0.3519 n=1000 k=1 floor=0.01 hardMax=15 ratio=1.11 lr=0.805
[GRAD-CLIP] trainerStep=20458 preNorm=0.3959 cap=15.0000 decided=0.3519 binding=relative applied=false mode=log_only median=0.3519 n=1000 k=1 floor=0.01 hardMax=15 ratio=1.12 lr=0.805
[GRAD-CLIP] trainerStep=20459 preNorm=0.4186 cap=15.0000 decided=0.3520 binding=relative applied=false mode=log_only median=0.3520 n=1000 k=1 floor=0.01 hardMax=15 ratio=1.19 lr=0.806
[GRAD-CLIP] trainerStep=20461 preNorm=0.3737 cap=15.0000 decided=0.3521 binding=relative applied=false mode=log_only median=0.3521 n=1000 k=1 floor=0.01 hardMax=15 ratio=1.06 lr=0.807
[GRAD-CLIP] trainerStep=20463 preNorm=0.3682 cap=15.0000 decided=0.3522 binding=relative applied=false mode=log_only median=0.3522 n=1000 k=1 floor=0.01 hardMax=15 ratio=1.05 lr=0.808
[GRAD-CLIP] trainerStep=20465 preNorm=0.3558 cap=15.0000 decided=0.3523 binding=relative applied=false mode=log_only median=0.3523 n=1000 k=1 floor=0.01 hardMax=15 ratio=1.01 lr=0.809
[GRAD-CLIP] trainerStep=20469 preNorm=0.3794 cap=15.0000 decided=0.3525 binding=relative applied=false mode=log_only median=0.3525 n=1000 k=1 floor=0.01 hardMax=15 ratio=1.08 lr=0.812
[GRAD-CLIP] trainerStep=20470 preNorm=0.3599 cap=15.0000 decided=0.3526 binding=relative applied=false mode=log_only median=0.3526 n=1000 k=1 floor=0.01 hardMax=15 ratio=1.02 lr=0.812
[GRAD-CLIP] trainerStep=20471 preNorm=0.3653 cap=15.0000 decided=0.3528 binding=relative applied=false mode=log_only median=0.3528 n=1000 k=1 floor=0.01 hardMax=15 ratio=1.04 lr=0.813
[GRAD-CLIP] trainerStep=20472 preNorm=0.3714 cap=15.0000 decided=0.3529 binding=relative applied=false mode=log_only median=0.3529 n=1000 k=1 floor=0.01 hardMax=15 ratio=1.05 lr=0.813
[GRAD-CLIP] trainerStep=20473 preNorm=0.4379 cap=15.0000 decided=0.3531 binding=relative applied=false mode=log_only median=0.3531 n=1000 k=1 floor=0.01 hardMax=15 ratio=1.24 lr=0.814
[GRAD-CLIP] trainerStep=20474 preNorm=0.3964 cap=15.0000 decided=0.3533 binding=relative applied=false mode=log_only median=0.3533 n=1000 k=1 floor=0.01 hardMax=15 ratio=1.12 lr=0.814
[GRAD-CLIP] trainerStep=20475 preNorm=0.4383 cap=15.0000 decided=0.3533 binding=relative applied=false mode=log_only median=0.3533 n=1000 k=1 floor=0.01 hardMax=15 ratio=1.24 lr=0.815
[GRAD-CLIP] trainerStep=20477 preNorm=0.4887 cap=15.0000 decided=0.3533 binding=relative applied=false mode=log_only median=0.3533 n=1000 k=1 floor=0.01 hardMax=15 ratio=1.38 lr=0.816
[GRAD-CLIP] trainerStep=20478 preNorm=0.4451 cap=15.0000 decided=0.3534 binding=relative applied=false mode=log_only median=0.3534 n=1000 k=1 floor=0.01 hardMax=15 ratio=1.26 lr=0.817
[GRAD-CLIP] trainerStep=20479 preNorm=0.4277 cap=15.0000 decided=0.3535 binding=relative applied=false mode=log_only median=0.3535 n=1000 k=1 floor=0.01 hardMax=15 ratio=1.21 lr=0.817
[REPLAY] step=2480 loss=3.5765 pLoss=2.7829 vLoss=0.7860 pEnt=2.894 pIllM=0.0076 playedP=0.156 pW=0.48 pD=0.07 pL=0.45 vAbs=0.243 pLogitMean=-9.7510 vLogitMean=0.5948 gNorm=0.342 lr=0.818 ms=1191.7 buf=500000 plies=21919231 games=327554 rejected=0 skipped=0 epoch=0 mom=0.8527 lrCyc[pk=9.8e-01,tr=9.9e-04] gNormMax=0.7823 clips=0 gCap=15.0000 trainerStep=20480
[LAYER-HEALTH] live trainerStep=20480 scope=batch_norm_state_only reluSites=2/10 ch=144 dead=0 off=0 alwaysOn=0 worst=none maxBetaOverGamma=+2.24@policy.pre_bn[103] minBetaOverGamma=-1.79@value.bn[9] rvMaxOverMedian=943.5@blocks.2.bn1[76] rezero=none nonFinite=0 parkedSites=9/10 parkedCh=1040 parked=0 parkedOff=0 parkedBy=none
[GRAD-CLIP] trainerStep=20481 preNorm=0.4064 cap=15.0000 decided=0.3536 binding=relative applied=false mode=log_only median=0.3536 n=1000 k=1 floor=0.01 hardMax=15 ratio=1.15 lr=0.818
[GRAD-CLIP] trainerStep=20483 preNorm=0.5160 cap=15.0000 decided=0.3537 binding=relative applied=false mode=log_only median=0.3537 n=1000 k=1 floor=0.01 hardMax=15 ratio=1.46 lr=0.82
[GRAD-CLIP] trainerStep=20484 preNorm=0.3919 cap=15.0000 decided=0.3538 binding=relative applied=false mode=log_only median=0.3538 n=1000 k=1 floor=0.01 hardMax=15 ratio=1.11 lr=0.82
[GRAD-CLIP] trainerStep=20485 preNorm=0.3871 cap=15.0000 decided=0.3539 binding=relative applied=false mode=log_only median=0.3539 n=1000 k=1 floor=0.01 hardMax=15 ratio=1.09 lr=0.821
[GRAD-CLIP] trainerStep=20486 preNorm=0.3995 cap=15.0000 decided=0.3540 binding=relative applied=false mode=log_only median=0.3540 n=1000 k=1 floor=0.01 hardMax=15 ratio=1.13 lr=0.821
[GRAD-CLIP] trainerStep=20487 preNorm=0.5249 cap=15.0000 decided=0.3540 binding=relative applied=false mode=log_only median=0.3540 n=1000 k=1 floor=0.01 hardMax=15 ratio=1.48 lr=0.822
[GRAD-CLIP] trainerStep=20489 preNorm=0.3918 cap=15.0000 decided=0.3541 binding=relative applied=false mode=log_only median=0.3541 n=1000 k=1 floor=0.01 hardMax=15 ratio=1.11 lr=0.823
[GRAD-CLIP] trainerStep=20490 preNorm=0.3954 cap=15.0000 decided=0.3542 binding=relative applied=false mode=log_only median=0.3542 n=1000 k=1 floor=0.01 hardMax=15 ratio=1.12 lr=0.823
[GRAD-CLIP] trainerStep=20492 preNorm=0.3935 cap=15.0000 decided=0.3543 binding=relative applied=false mode=log_only median=0.3543 n=1000 k=1 floor=0.01 hardMax=15 ratio=1.11 lr=0.825
[GRAD-CLIP] trainerStep=20493 preNorm=0.4428 cap=15.0000 decided=0.3545 binding=relative applied=false mode=log_only median=0.3545 n=1000 k=1 floor=0.01 hardMax=15 ratio=1.25 lr=0.825
[GRAD-CLIP] trainerStep=20494 preNorm=0.4114 cap=15.0000 decided=0.3546 binding=relative applied=false mode=log_only median=0.3546 n=1000 k=1 floor=0.01 hardMax=15 ratio=1.16 lr=0.826
[GRAD-CLIP] trainerStep=20496 preNorm=0.4222 cap=15.0000 decided=0.3546 binding=relative applied=false mode=log_only median=0.3546 n=1000 k=1 floor=0.01 hardMax=15 ratio=1.19 lr=0.827
[GRAD-CLIP] trainerStep=20497 preNorm=0.4040 cap=15.0000 decided=0.3547 binding=relative applied=false mode=log_only median=0.3547 n=1000 k=1 floor=0.01 hardMax=15 ratio=1.14 lr=0.827
[GRAD-CLIP] trainerStep=20498 preNorm=0.4089 cap=15.0000 decided=0.3547 binding=relative applied=false mode=log_only median=0.3547 n=1000 k=1 floor=0.01 hardMax=15 ratio=1.15 lr=0.828
[GRAD-CLIP] trainerStep=20499 preNorm=0.4108 cap=15.0000 decided=0.3547 binding=relative applied=false mode=log_only median=0.3547 n=1000 k=1 floor=0.01 hardMax=15 ratio=1.16 lr=0.829
[GRAD-CLIP] trainerStep=20500 preNorm=0.4086 cap=15.0000 decided=0.3548 binding=relative applied=false mode=log_only median=0.3548 n=1000 k=1 floor=0.01 hardMax=15 ratio=1.15 lr=0.829
[GRAD-CLIP] trainerStep=20501 preNorm=0.4194 cap=15.0000 decided=0.3549 binding=relative applied=false mode=log_only median=0.3549 n=1000 k=1 floor=0.01 hardMax=15 ratio=1.18 lr=0.83
[GRAD-CLIP] trainerStep=20503 preNorm=0.4017 cap=15.0000 decided=0.3550 binding=relative applied=false mode=log_only median=0.3550 n=1000 k=1 floor=0.01 hardMax=15 ratio=1.13 lr=0.831
[GRAD-CLIP] trainerStep=20504 preNorm=0.3710 cap=15.0000 decided=0.3550 binding=relative applied=false mode=log_only median=0.3550 n=1000 k=1 floor=0.01 hardMax=15 ratio=1.05 lr=0.831
[GRAD-CLIP] trainerStep=20505 preNorm=0.4610 cap=15.0000 decided=0.3552 binding=relative applied=false mode=log_only median=0.3552 n=1000 k=1 floor=0.01 hardMax=15 ratio=1.30 lr=0.832
[GRAD-CLIP] trainerStep=20507 preNorm=0.3785 cap=15.0000 decided=0.3554 binding=relative applied=false mode=log_only median=0.3554 n=1000 k=1 floor=0.01 hardMax=15 ratio=1.07 lr=0.833
[GRAD-CLIP] trainerStep=20508 preNorm=0.3720 cap=15.0000 decided=0.3555 binding=relative applied=false mode=log_only median=0.3555 n=1000 k=1 floor=0.01 hardMax=15 ratio=1.05 lr=0.833
[GRAD-CLIP] trainerStep=20509 preNorm=0.3805 cap=15.0000 decided=0.3557 binding=relative applied=false mode=log_only median=0.3557 n=1000 k=1 floor=0.01 hardMax=15 ratio=1.07 lr=0.834
[GRAD-CLIP] trainerStep=20512 preNorm=0.4007 cap=15.0000 decided=0.3557 binding=relative applied=false mode=log_only median=0.3557 n=1000 k=1 floor=0.01 hardMax=15 ratio=1.13 lr=0.836
[GRAD-CLIP] trainerStep=20513 preNorm=0.3856 cap=15.0000 decided=0.3558 binding=relative applied=false mode=log_only median=0.3558 n=1000 k=1 floor=0.01 hardMax=15 ratio=1.08 lr=0.836
[GRAD-CLIP] trainerStep=20514 preNorm=0.4163 cap=15.0000 decided=0.3558 binding=relative applied=false mode=log_only median=0.3558 n=1000 k=1 floor=0.01 hardMax=15 ratio=1.17 lr=0.837
[GRAD-CLIP] trainerStep=20515 preNorm=0.3930 cap=15.0000 decided=0.3559 binding=relative applied=false mode=log_only median=0.3559 n=1000 k=1 floor=0.01 hardMax=15 ratio=1.10 lr=0.837
[GRAD-CLIP] trainerStep=20516 preNorm=0.4430 cap=15.0000 decided=0.3561 binding=relative applied=false mode=log_only median=0.3561 n=1000 k=1 floor=0.01 hardMax=15 ratio=1.24 lr=0.838
[GRAD-CLIP] trainerStep=20518 preNorm=0.3709 cap=15.0000 decided=0.3561 binding=relative applied=false mode=log_only median=0.3561 n=1000 k=1 floor=0.01 hardMax=15 ratio=1.04 lr=0.839
[GRAD-CLIP] trainerStep=20519 preNorm=0.3629 cap=15.0000 decided=0.3561 binding=relative applied=false mode=log_only median=0.3561 n=1000 k=1 floor=0.01 hardMax=15 ratio=1.02 lr=0.839
[GRAD-CLIP] trainerStep=20521 preNorm=0.3792 cap=15.0000 decided=0.3561 binding=relative applied=false mode=log_only median=0.3561 n=1000 k=1 floor=0.01 hardMax=15 ratio=1.06 lr=0.841
[GRAD-CLIP] trainerStep=20522 preNorm=0.4264 cap=15.0000 decided=0.3561 binding=relative applied=false mode=log_only median=0.3561 n=1000 k=1 floor=0.01 hardMax=15 ratio=1.20 lr=0.841
[GRAD-CLIP] trainerStep=20524 preNorm=0.4770 cap=15.0000 decided=0.3562 binding=relative applied=false mode=log_only median=0.3562 n=1000 k=1 floor=0.01 hardMax=15 ratio=1.34 lr=0.842
[GRAD-CLIP] trainerStep=20525 preNorm=0.5309 cap=15.0000 decided=0.3566 binding=relative applied=false mode=log_only median=0.3566 n=1000 k=1 floor=0.01 hardMax=15 ratio=1.49 lr=0.843
[GRAD-CLIP] trainerStep=20527 preNorm=0.4556 cap=15.0000 decided=0.3570 binding=relative applied=false mode=log_only median=0.3570 n=1000 k=1 floor=0.01 hardMax=15 ratio=1.28 lr=0.844
[GRAD-CLIP] trainerStep=20528 preNorm=0.4083 cap=15.0000 decided=0.3570 binding=relative applied=false mode=log_only median=0.3570 n=1000 k=1 floor=0.01 hardMax=15 ratio=1.14 lr=0.844
[GRAD-CLIP] trainerStep=20529 preNorm=0.3994 cap=15.0000 decided=0.3571 binding=relative applied=false mode=log_only median=0.3571 n=1000 k=1 floor=0.01 hardMax=15 ratio=1.12 lr=0.845
[GRAD-CLIP] trainerStep=20530 preNorm=0.4744 cap=15.0000 decided=0.3571 binding=relative applied=false mode=log_only median=0.3571 n=1000 k=1 floor=0.01 hardMax=15 ratio=1.33 lr=0.845
[GRAD-CLIP] trainerStep=20531 preNorm=0.4142 cap=15.0000 decided=0.3572 binding=relative applied=false mode=log_only median=0.3572 n=1000 k=1 floor=0.01 hardMax=15 ratio=1.16 lr=0.846
[GRAD-CLIP] trainerStep=20532 preNorm=0.3978 cap=15.0000 decided=0.3573 binding=relative applied=false mode=log_only median=0.3573 n=1000 k=1 floor=0.01 hardMax=15 ratio=1.11 lr=0.846
[GRAD-CLIP] trainerStep=20533 preNorm=0.4047 cap=15.0000 decided=0.3574 binding=relative applied=false mode=log_only median=0.3574 n=1000 k=1 floor=0.01 hardMax=15 ratio=1.13 lr=0.847
[GRAD-CLIP] trainerStep=20535 preNorm=0.4080 cap=15.0000 decided=0.3575 binding=relative applied=false mode=log_only median=0.3575 n=1000 k=1 floor=0.01 hardMax=15 ratio=1.14 lr=0.848
[GRAD-CLIP] trainerStep=20536 preNorm=0.3970 cap=15.0000 decided=0.3576 binding=relative applied=false mode=log_only median=0.3576 n=1000 k=1 floor=0.01 hardMax=15 ratio=1.11 lr=0.849
[GRAD-CLIP] trainerStep=20537 preNorm=0.4234 cap=15.0000 decided=0.3577 binding=relative applied=false mode=log_only median=0.3577 n=1000 k=1 floor=0.01 hardMax=15 ratio=1.18 lr=0.849
[GRAD-CLIP] trainerStep=20538 preNorm=0.3880 cap=15.0000 decided=0.3578 binding=relative applied=false mode=log_only median=0.3578 n=1000 k=1 floor=0.01 hardMax=15 ratio=1.08 lr=0.85
[GRAD-CLIP] trainerStep=20539 preNorm=0.3751 cap=15.0000 decided=0.3578 binding=relative applied=false mode=log_only median=0.3578 n=1000 k=1 floor=0.01 hardMax=15 ratio=1.05 lr=0.85
[GRAD-CLIP] trainerStep=20540 preNorm=0.4186 cap=15.0000 decided=0.3579 binding=relative applied=false mode=log_only median=0.3579 n=1000 k=1 floor=0.01 hardMax=15 ratio=1.17 lr=0.851
[GRAD-CLIP] trainerStep=20541 preNorm=0.4814 cap=15.0000 decided=0.3580 binding=relative applied=false mode=log_only median=0.3580 n=1000 k=1 floor=0.01 hardMax=15 ratio=1.34 lr=0.851
[GRAD-CLIP] trainerStep=20543 preNorm=0.4884 cap=15.0000 decided=0.3581 binding=relative applied=false mode=log_only median=0.3581 n=1000 k=1 floor=0.01 hardMax=15 ratio=1.36 lr=0.852
[GRAD-CLIP] trainerStep=20544 preNorm=0.5048 cap=15.0000 decided=0.3583 binding=relative applied=false mode=log_only median=0.3583 n=1000 k=1 floor=0.01 hardMax=15 ratio=1.41 lr=0.853
[GRAD-CLIP] trainerStep=20546 preNorm=0.4279 cap=15.0000 decided=0.3584 binding=relative applied=false mode=log_only median=0.3584 n=1000 k=1 floor=0.01 hardMax=15 ratio=1.19 lr=0.854
[GRAD-CLIP] trainerStep=20547 preNorm=0.4341 cap=15.0000 decided=0.3585 binding=relative applied=false mode=log_only median=0.3585 n=1000 k=1 floor=0.01 hardMax=15 ratio=1.21 lr=0.854
[GRAD-CLIP] trainerStep=20548 preNorm=0.3635 cap=15.0000 decided=0.3586 binding=relative applied=false mode=log_only median=0.3586 n=1000 k=1 floor=0.01 hardMax=15 ratio=1.01 lr=0.855
[GRAD-CLIP] trainerStep=20549 preNorm=0.4173 cap=15.0000 decided=0.3586 binding=relative applied=false mode=log_only median=0.3586 n=1000 k=1 floor=0.01 hardMax=15 ratio=1.16 lr=0.855
[GRAD-CLIP] trainerStep=20550 preNorm=0.3631 cap=15.0000 decided=0.3587 binding=relative applied=false mode=log_only median=0.3587 n=1000 k=1 floor=0.01 hardMax=15 ratio=1.01 lr=0.856
[GRAD-CLIP] trainerStep=20551 preNorm=0.3814 cap=15.0000 decided=0.3588 binding=relative applied=false mode=log_only median=0.3588 n=1000 k=1 floor=0.01 hardMax=15 ratio=1.06 lr=0.856
[GRAD-CLIP] trainerStep=20557 preNorm=0.3657 cap=15.0000 decided=0.3589 binding=relative applied=false mode=log_only median=0.3589 n=1000 k=1 floor=0.01 hardMax=15 ratio=1.02 lr=0.86
[GRAD-CLIP] trainerStep=20558 preNorm=0.3592 cap=15.0000 decided=0.3591 binding=relative applied=false mode=log_only median=0.3591 n=1000 k=1 floor=0.01 hardMax=15 ratio=1.00 lr=0.86
[GRAD-CLIP] trainerStep=20559 preNorm=0.3714 cap=15.0000 decided=0.3591 binding=relative applied=false mode=log_only median=0.3591 n=1000 k=1 floor=0.01 hardMax=15 ratio=1.03 lr=0.861
[GRAD-CLIP] trainerStep=20560 preNorm=0.3796 cap=15.0000 decided=0.3592 binding=relative applied=false mode=log_only median=0.3592 n=1000 k=1 floor=0.01 hardMax=15 ratio=1.06 lr=0.861
[GRAD-CLIP] trainerStep=20561 preNorm=0.3672 cap=15.0000 decided=0.3593 binding=relative applied=false mode=log_only median=0.3593 n=1000 k=1 floor=0.01 hardMax=15 ratio=1.02 lr=0.862
[GRAD-CLIP] trainerStep=20564 preNorm=0.3841 cap=15.0000 decided=0.3595 binding=relative applied=false mode=log_only median=0.3595 n=1000 k=1 floor=0.01 hardMax=15 ratio=1.07 lr=0.863
[GRAD-CLIP] trainerStep=20567 preNorm=0.4119 cap=15.0000 decided=0.3596 binding=relative applied=false mode=log_only median=0.3596 n=1000 k=1 floor=0.01 hardMax=15 ratio=1.15 lr=0.865
[GRAD-CLIP] trainerStep=20568 preNorm=0.4951 cap=15.0000 decided=0.3597 binding=relative applied=false mode=log_only median=0.3597 n=1000 k=1 floor=0.01 hardMax=15 ratio=1.38 lr=0.865
[GRAD-CLIP] trainerStep=20569 preNorm=0.5227 cap=15.0000 decided=0.3598 binding=relative applied=false mode=log_only median=0.3598 n=1000 k=1 floor=0.01 hardMax=15 ratio=1.45 lr=0.866
[GRAD-CLIP] trainerStep=20571 preNorm=0.3639 cap=15.0000 decided=0.3598 binding=relative applied=false mode=log_only median=0.3598 n=1000 k=1 floor=0.01 hardMax=15 ratio=1.01 lr=0.867
[GRAD-CLIP] trainerStep=20572 preNorm=0.3923 cap=15.0000 decided=0.3599 binding=relative applied=false mode=log_only median=0.3599 n=1000 k=1 floor=0.01 hardMax=15 ratio=1.09 lr=0.867
[GRAD-CLIP] trainerStep=20574 preNorm=0.3838 cap=15.0000 decided=0.3599 binding=relative applied=false mode=log_only median=0.3599 n=1000 k=1 floor=0.01 hardMax=15 ratio=1.07 lr=0.868
[GRAD-CLIP] trainerStep=20576 preNorm=0.3774 cap=15.0000 decided=0.3600 binding=relative applied=false mode=log_only median=0.3600 n=1000 k=1 floor=0.01 hardMax=15 ratio=1.05 lr=0.869
[GRAD-CLIP] trainerStep=20577 preNorm=0.3673 cap=15.0000 decided=0.3600 binding=relative applied=false mode=log_only median=0.3600 n=1000 k=1 floor=0.01 hardMax=15 ratio=1.02 lr=0.87
[GRAD-CLIP] trainerStep=20578 preNorm=0.4105 cap=15.0000 decided=0.3600 binding=relative applied=false mode=log_only median=0.3600 n=1000 k=1 floor=0.01 hardMax=15 ratio=1.14 lr=0.87
[GRAD-CLIP] trainerStep=20580 preNorm=0.4646 cap=15.0000 decided=0.3601 binding=relative applied=false mode=log_only median=0.3601 n=1000 k=1 floor=0.01 hardMax=15 ratio=1.29 lr=0.871
[GRAD-CLIP] trainerStep=20582 preNorm=0.4206 cap=15.0000 decided=0.3602 binding=relative applied=false mode=log_only median=0.3602 n=1000 k=1 floor=0.01 hardMax=15 ratio=1.17 lr=0.872
[GRAD-CLIP] trainerStep=20583 preNorm=0.4149 cap=15.0000 decided=0.3604 binding=relative applied=false mode=log_only median=0.3604 n=1000 k=1 floor=0.01 hardMax=15 ratio=1.15 lr=0.873
[GRAD-CLIP] trainerStep=20584 preNorm=0.4582 cap=15.0000 decided=0.3605 binding=relative applied=false mode=log_only median=0.3605 n=1000 k=1 floor=0.01 hardMax=15 ratio=1.27 lr=0.873
[GRAD-CLIP] trainerStep=20585 preNorm=0.3812 cap=15.0000 decided=0.3606 binding=relative applied=false mode=log_only median=0.3606 n=1000 k=1 floor=0.01 hardMax=15 ratio=1.06 lr=0.874
[GRAD-CLIP] trainerStep=20586 preNorm=0.4251 cap=15.0000 decided=0.3607 binding=relative applied=false mode=log_only median=0.3607 n=1000 k=1 floor=0.01 hardMax=15 ratio=1.18 lr=0.874
[GRAD-CLIP] trainerStep=20587 preNorm=0.4467 cap=15.0000 decided=0.3608 binding=relative applied=false mode=log_only median=0.3608 n=1000 k=1 floor=0.01 hardMax=15 ratio=1.24 lr=0.875
[GRAD-CLIP] trainerStep=20588 preNorm=0.3690 cap=15.0000 decided=0.3609 binding=relative applied=false mode=log_only median=0.3609 n=1000 k=1 floor=0.01 hardMax=15 ratio=1.02 lr=0.875
[GRAD-CLIP] trainerStep=20589 preNorm=0.4016 cap=15.0000 decided=0.3610 binding=relative applied=false mode=log_only median=0.3610 n=1000 k=1 floor=0.01 hardMax=15 ratio=1.11 lr=0.875
[GRAD-CLIP] trainerStep=20590 preNorm=0.4223 cap=15.0000 decided=0.3610 binding=relative applied=false mode=log_only median=0.3610 n=1000 k=1 floor=0.01 hardMax=15 ratio=1.17 lr=0.876
[GRAD-CLIP] trainerStep=20591 preNorm=0.3745 cap=15.0000 decided=0.3613 binding=relative applied=false mode=log_only median=0.3613 n=1000 k=1 floor=0.01 hardMax=15 ratio=1.04 lr=0.876
[GRAD-CLIP] trainerStep=20592 preNorm=0.4407 cap=15.0000 decided=0.3614 binding=relative applied=false mode=log_only median=0.3614 n=1000 k=1 floor=0.01 hardMax=15 ratio=1.22 lr=0.877
[GRAD-CLIP] trainerStep=20593 preNorm=0.3728 cap=15.0000 decided=0.3616 binding=relative applied=false mode=log_only median=0.3616 n=1000 k=1 floor=0.01 hardMax=15 ratio=1.03 lr=0.877
[GRAD-CLIP] trainerStep=20594 preNorm=0.3733 cap=15.0000 decided=0.3619 binding=relative applied=false mode=log_only median=0.3619 n=1000 k=1 floor=0.01 hardMax=15 ratio=1.03 lr=0.878
[GRAD-CLIP] trainerStep=20595 preNorm=0.4164[ALARM] health raise rule=bn_running_variance_runaway severity=warning trainerStep=20600 value=rvMaxOverMedian=1031.9 site=blocks.2.bn1 threshold=>=1000 action=log lr=0.881 mom=0.8517
[ALARM] health raise rule=gradient_spike severity=warning trainerStep=20600 value=max/ref=11.74 max=4.2119 ref=0.3588 threshold=max>=5xref action=log lr=0.881 mom=0.8517
 cap=15.0000 decided=0.3621 binding=relative applied=false mode=log_only median=0.3621 n=1000 k=1 floor=0.01 hardMax=15 ratio=1.15 lr=0.878
[GRAD-CLIP] trainerStep=20596 preNorm=0.3668 cap=15.0000 decided=0.3622 binding=relative applied=false mode=log_only median=0.3622 n=1000 k=1 floor=0.01 hardMax=15 ratio=1.01 lr=0.879
[GRAD-CLIP] trainerStep=20597 preNorm=0.3896 cap=15.0000 decided=0.3622 binding=relative applied=false mode=log_only median=0.3622 n=1000 k=1 floor=0.01 hardMax=15 ratio=1.08 lr=0.879
[GRAD-CLIP] trainerStep=20598 preNorm=0.3824 cap=15.0000 decided=0.3623 binding=relative applied=false mode=log_only median=0.3623 n=1000 k=1 floor=0.01 hardMax=15 ratio=1.06 lr=0.88
[GRAD-CLIP] trainerStep=20599 preNorm=4.2119 cap=15.0000 decided=0.3623 binding=relative applied=false mode=log_only median=0.3623 n=1000 k=1 floor=0.01 hardMax=15 ratio=11.62 lr=0.88
[GRAD-CLIP] trainerStep=20600 preNorm=2.5656 cap=15.0000 decided=0.3624 binding=relative applied=false mode=log_only median=0.3624 n=1000 k=1 floor=0.01 hardMax=15 ratio=7.08 lr=0.881
[REPLAY] step=2600 loss=4.1303 pLoss=3.2805 vLoss=0.8403 pEnt=2.683 pIllM=0.0095 playedP=0.149 pW=0.50 pD=0.06 pL=0.43 vAbs=0.252 pLogitMean=-9.7148 vLogitMean=0.5900 gNorm=2.566 lr=0.881 ms=1210.4 buf=500000 plies=22943200 games=342853 rejected=0 skipped=0 epoch=0 mom=0.8517 lrCyc[pk=9.8e-01,tr=9.9e-04] gNormMax=4.2119 clips=0 gCap=15.0000 trainerStep=20600
[LAYER-HEALTH] live trainerStep=20600 scope=batch_norm_state_only reluSites=2/10 ch=144 dead=0 off=0 alwaysOn=0 worst=none maxBetaOverGamma=+1.96@policy.pre_bn[103] minBetaOverGamma=-1.70@value.bn[4] rvMaxOverMedian=1031.9@blocks.2.bn1[76] rezero=none nonFinite=0 parkedSites=9/10 parkedCh=1040 parked=0 parkedOff=0 parkedBy=none
[ALARM] health raise rule=bn_running_variance_runaway severity=warning trainerStep=20600 value=rvMaxOverMedian=1031.9 site=blocks.2.bn1 threshold=>=1000 action=log lr=0.881 mom=0.8517
[ALARM] health raise rule=gradient_spike severity=warning trainerStep=20600 value=max/ref=11.74 max=4.2119 ref=0.3588 threshold=max>=5xref action=log lr=0.881 mom=0.8517
[GRAD-CLIP] trainerStep=20601 preNorm=3.0004 cap=15.0000 decided=0.3624 binding=relative applied=false mode=log_only median=0.3624 n=1000 k=1 floor=0.01 hardMax=15 ratio=8.28 lr=0.881
[GRAD-CLIP] trainerStep=20602 preNorm=4.0610 cap=15.0000 decided=0.3625 binding=relative applied=false mode=log_only median=0.3625 n=1000 k=1 floor=0.01 hardMax=15 ratio=11.20 lr=0.882
[GRAD-CLIP] trainerStep=20603 preNorm=17.5647 cap=15.0000 decided=0.3625 binding=relative applied=true mode=log_only median=0.3625 n=1000 k=1 floor=0.01 hardMax=15 ratio=48.45 lr=0.882
[GRAD-CLIP] trainerStep=20604 preNorm=13.8180 cap=15.0000 decided=0.3625 binding=relative applied=false mode=log_only median=0.3625 n=1000 k=1 floor=0.01 hardMax=15 ratio=38.12 lr=0.883
[GRAD-CLIP] trainerStep=20605 preNorm=17.4873 cap=15.0000 decided=0.3627 binding=relative applied=true mode=log_only median=0.3627 n=1000 k=1 floor=0.01 hardMax=15 ratio=48.21 lr=0.883
[GRAD-CLIP] trainerStep=20606 preNorm=3.6740 cap=15.0000 decided=0.3629 binding=relative applied=false mode=log_only median=0.3629 n=1000 k=1 floor=0.01 hardMax=15 ratio=10.12 lr=0.884
[GRAD-CLIP] trainerStep=20607 preNorm=2.6632 cap=15.0000 decided=0.3629 binding=relative applied=false mode=log_only median=0.3629 n=1000 k=1 floor=0.01 hardMax=15 ratio=7.34 lr=0.884
[GRAD-CLIP] trainerStep=20608 preNorm=1.6255 cap=15.0000 decided=0.3630 binding=relative applied=false mode=log_only median=0.3630 n=1000 k=1 floor=0.01 hardMax=15 ratio=4.48 lr=0.885
[GRAD-CLIP] trainerStep=20609 preNorm=2.5394 cap=15.0000 decided=0.3631 binding=relative applied=false mode=log_only median=0.3631 n=1000 k=1 floor=0.01 hardMax=15 ratio=6.99 lr=0.885
[GRAD-CLIP] trainerStep=20610 preNorm=0.7413 cap=15.0000 decided=0.3633 binding=relative applied=false mode=log_only median=0.3633 n=1000 k=1 floor=0.01 hardMax=15 ratio=2.04 lr=0.885
[GRAD-CLIP] trainerStep=20611 preNorm=0.5908 cap=15.0000 decided=0.3635 binding=relative applied=false mode=log_only median=0.3635 n=1000 k=1 floo[ALARM] health raise rule=dead_channels severity=warning trainerStep=20650 value=dead=20/1040 sites=policy.pre_bn(19/128),value.bn(1/16) threshold=dead>0 action=log lr=0.904 mom=0.8513
[ALARM] health raise rule=loss_spike severity=warning trainerStep=20650 value=median/ref=2.26 max/ref=3.48 ref=3.5381 threshold=median>=1.5xref action=log lr=0.904 mom=0.8513
r=0.01 hardMax=15 ratio=1.63 lr=0.886
[GRAD-CLIP] trainerStep=20612 preNorm=0.6173 cap=15.0000 decided=0.3636 binding=relative applied=false mode=log_only median=0.3636 n=1000 k=1 floor=0.01 hardMax=15 ratio=1.70 lr=0.886
[GRAD-CLIP] trainerStep=20637 preNorm=0.4894 cap=15.0000 decided=0.3636 binding=relative applied=false mode=log_only median=0.3636 n=1000 k=1 floor=0.01 hardMax=15 ratio=1.35 lr=0.898
[GRAD-CLIP] trainerStep=20638 preNorm=0.4325 cap=15.0000 decided=0.3637 binding=relative applied=false mode=log_only median=0.3637 n=1000 k=1 floor=0.01 hardMax=15 ratio=1.19 lr=0.898
[GRAD-CLIP] trainerStep=20639 preNorm=0.4383 cap=15.0000 decided=0.3637 binding=relative applied=false mode=log_only median=0.3637 n=1000 k=1 floor=0.01 hardMax=15 ratio=1.21 lr=0.899
[GRAD-CLIP] trainerStep=20643 preNorm=0.4203 cap=15.0000 decided=0.3636 binding=relative applied=false mode=log_only median=0.3636 n=1000 k=1 floor=0.01 hardMax=15 ratio=1.16 lr=0.9
[GRAD-CLIP] trainerStep=20644 preNorm=0.4159 cap=15.0000 decided=0.3637 binding=relative applied=false mode=log_only median=0.3637 n=1000 k=1 floor=0.01 hardMax=15 ratio=1.14 lr=0.901
[GRAD-CLIP] trainerStep=20645 preNorm=0.3937 cap=15.0000 decided=0.3637 binding=relative applied=false mode=log_only median=0.3637 n=1000 k=1 floor=0.01 hardMax=15 ratio=1.08 lr=0.901
[GRAD-CLIP] trainerStep=20647 preNorm=0.3702 cap=15.0000 decided=0.3638 binding=relative applied=false mode=log_only median=0.3638 n=1000 k=1 floor=0.01 hardMax=15 ratio=1.02 lr=0.902
[ALARM] health raise rule=dead_channels severity=warning trainerStep=20650 value=dead=20/1040 sites=policy.pre_bn(19/128),value.bn(1/16) threshold=dead>0 action=log lr=0.904 mom=0.8513
[ALARM] health raise rule=loss_spike severity=warning trainerStep=20650 value=median/ref=2.26 max/ref=3.48 ref=3.5381 threshold=median>=1.5xref action=log lr=0.904 mom=0.8513
[GRAD-CLIP] trainerStep=20665 preNorm=0.5589 cap=15.0000 decided=0.3637 binding=relative applied=false mode=log_only median=0.3637 n=1000 k=1 floor=0.01 hardMax=15 ratio=1.54 lr=0.91
[GRAD-CLIP] trainerStep=20670 preNorm=0.3975 cap=15.0000 decided=0.3637 binding=relative applied=false mode=log_only median=0.3637 n=1000 k=1 floor=0.01 hardMax=15 ratio=1.09 lr=0.912
[GRAD-CLIP] trainerStep=20677 preNorm=0.4152 cap=15.0000 decided=0.3637 binding=relative applied=false mode=log_only median=0.3637 n=1000 k=1 floor=0.01 hardMax=15 ratio=1.14 lr=0.915
[GRAD-CLIP] trainerStep=20680 preNorm=0.4090 cap=15.0000 decided=0.3638 binding=relative applied=false mode=log_only median=0.3638 n=1000 k=1 floor=0.01 hardMax=15 ratio=1.12 lr=0.916
[GRAD-CLIP] trainerStep=20687 preNorm=0.3661 cap=15.0000 decided=0.3639 binding=relative applied=false mode=log_only median=0.3639 n=1000 k=1 floor=0.01 hardMax=15 ratio=1.01 lr=0.918
[GRAD-CLIP] trainerStep=20688 preNorm=0.5448 cap=15.0000 decided=0.3640 binding=relative applied=false mode=log_only median=0.3640 n=1000 k=1 floor=0.01 hardMax=15 ratio=1.50 lr=0.919
[GRAD-CLIP] trainerStep=20689 preNorm=0.5699 cap=15.0000 decided=0.3642 binding=relative applied=false mode=log_only median=0.3642 n=1000 k=1 floor=0.01 hardMax=15 ratio=1.56 lr=0.919
[GRAD-CLIP] trainerStep=20691 preNorm=0.4358 cap=15.0000 decided=0.3644 binding=relative applied=false mode=log_only median=0.3644 n=1000 k=1 floor=0.01 hardMax=15 ratio=1.20 lr=0.92
[GRAD-CLIP] trainerStep=20692 preNorm=0.3675 cap=15.0000 decided=0.3645 binding=relative applied=false mode=log_only median=0.3645 n=1000 k=1 floor=0.01 hardMax=15 ratio=1.01 lr=0.92
[GRAD-CLIP] trainerStep=20694 preNorm=0.4661 cap=15.0000 decided=0.3646 binding=relative applied=false mode=log_only median=0.3646 n=1000 k=1 floor=0.01 hardMax=15 ratio=1.28 lr=0.921
[GRAD-CLIP] trainerStep=20695 preNorm=0.4525 cap=15.0000 decided=0.3647 binding=relative applied=false mode=log_only median=0.3647 n=1000 k=1 floor=0.01 hardMax=15 ratio=1.24 lr=0.922
[GRAD-CLIP] trainerStep=20697 preNorm=0.3695 cap=15.0000 decided=0.3648 binding=relative applied=false mode=log_only median=0.3648 n=1000 k=1 floor=0.01 hardMax=15 ratio=1.01 lr=0.922
[GRAD-CLIP] trainerStep[ALARM] health raise rule=illegal_mass severity=critical trainerStep=20700 value=median=0.7958 min=0.0022 threshold=regression>=0.3&>=10xmin action=log lr=0.924 mom=0.851
=20698 preNorm=0.3963 cap=15.0000 decided=0.3649 binding=relative applied=false mode=log_only median=0.3649 n=1000 k=1 floor=0.01 hardMax=15 ratio=1.09 lr=0.923
[GRAD-CLIP] trainerStep=20699 preNorm=0.4243 cap=15.0000 decided=0.3650 binding=relative applied=false mode=log_only median=0.3650 n=1000 k=1 floor=0.01 hardMax=15 ratio=1.16 lr=0.923
[GRAD-CLIP] trainerStep=20700 preNorm=0.3764 cap=15.0000 decided=0.3651 binding=relative applied=false mode=log_only median=0.3651 n=1000 k=1 floor=0.01 hardMax=15 ratio=1.03 lr=0.923
[ALARM] health raise rule=illegal_mass severity=critical trainerStep=20700 value=median=0.7958 min=0.0022 threshold=regression>=0.3&>=10xmin action=log lr=0.924 mom=0.851
[ALARM] health clear rule=policy_offset_drift severity=warning since=18100 trainerStep=20700 value=medianAbs=1.2064
[ALARM] health clear rule=gradient_spike severity=warning since=20600 trainerStep=20700 value=max/ref=1.57 max=0.5699 ref=0.3638
[GRAD-CLIP] trainerStep=20701 preNorm=0.3704 cap=15.0000 decided=0.3652 binding=relative applied=false mode=log_only median=0.3652 n=1000 k=1 floor=0.01 hardMax=15 ratio=1.01 lr=0.924
[REPLAY] step=2720 loss=7.5406 pLoss=5.8905 vLoss=0.8641 pEnt=2.657 pIllM=0.7860 playedP=0.066 pW=0.48 pD=0.06 pL=0.45 vAbs=0.035 pLogitMean=-1.1463 vLogitMean=0.5941 gNorm=0.248 lr=0.931 ms=1174.7 buf=500000 plies=23967220 games=358160 rejected=0 skipped=0 epoch=0 mom=0.8509 lrCyc[pk=9.8e-01,tr=9.9e-04] gNormMax=17.5647 clips=2 gCap=15.0000 trainerStep=20720
[LAYER-HEALTH] live trainerStep=20720 scope=batch_norm_state_only reluSites=2/10 ch=144 dead=21 off=12 alwaysOn=0 worst=policy.pre_bn(dead 20 off 7 on 0) maxBetaOverGamma=+0.52@policy.pre_bn[58] minBetaOverGamma=-45.85@policy.pre_bn[49] rvMaxOverMedian=50888.7@blocks.1.bn1[76] rezero=none nonFinite=0 parkedSites=9/10 parkedCh=1040 parked=21 parkedOff=12 parkedBy=policy.pre_bn:20/128,value.bn:1/16
[GRAD-CLIP] trainerStep=20734 preNorm=0.3880 cap=15.0000 decided=0.3650 binding=relative applied=false mode=log_only median=0.3650 n=1000 k=1 floor=0.01 hardMax=15 ratio=1.06 lr=0.936
[GRAD-CLIP] trainerStep=20737 preNorm=0.4948 cap=15.0000 decided=0.3650 binding=relative applied=false mode=log_only median=0.3650 n=1000 k=1 floor=0.01 hardMax=15 ratio=1.36 lr=0.937
[GRAD-CLIP] trainerStep=20738 preNorm=0.5596 cap=15.0000 decided=0.3651 binding=relative applied=false mode=log_only median=0.3651 n=1000 k=1 floor=0.01 hardMax=15 ratio=1.53 lr=0.937
[GRAD-CLIP] trainerStep=20740 preNorm=0.5254 cap=15.0000 decided=0.3651 binding=relative applied=false mode=log_only median=0.3651 n=1000 k=1 floor=0.01 hardMax=15 ratio=1.44 lr=0.938
[GRAD-CLIP] trainerStep=20744 preNorm=0.4346 cap=15.0000 decided=0.3652 binding=relative applied=false mode=log_only median=0.3652 n=1000 k=1 floor=0.01 hardMax=15 ratio=1.19 lr=0.939
[GRAD-CLIP] trainerStep=20750 preNorm=0.3687 cap=15.0000 decided=0.3653 binding=relative applied=false mode=log_only median=0.3653 n=1000 k=1 floor=0.01 hardMax=15 ratio=1.01 lr=0.941
[ALARM] health worsen rule=dead_channels severity=warning trainerStep=20750 value=dead=21/1040 was=20 sites=policy.pre_bn(20/128),value.bn(1/16)
[GRAD-CLIP] trainerStep=20751 preNorm=0.3935 cap=15.0000 decided=0.3654 binding=relative applied=false mode=log_only median=0.3654 n=1000 k=1 floor=0.01 hardMax=15 ratio=1.08 lr=0.941
[GRAD-CLIP] trainerStep=20752 preNorm=0.4434 cap=15.0000 decided=0.3655 binding=relative applied=false mode=log_only median=0.3655 n=1000 k=1 floor=0.01 hardMax=15 ratio=1.21 lr=0.941
[GRAD-CLIP] trainerStep=20754 preNorm=0.4124 cap=15.0000 decided=0.3655 binding=relative applied=false mode=log_only median=0.3655 n=1000 k=1 floor=0.01 hardMax=15 ratio=1.13 lr=0.942
[GRAD-CLIP] trainerStep=20755 preNorm=0.5542 cap=15.0000 decided=0.3656 binding=relative applied=false mode=log_only median=0.3656 n=1000 k=1 floor=0.01 hardMax=15 ratio=1.52 lr=0.942
[GRAD-CLIP] trainerStep=20756 preNorm=0.5807 cap=15.0000 decided=0.3657 binding=relative applied=false mode=log_only median=0.3657 n=1000 k=1 floor=0.01 hardMax=15 ratio=1.59 lr=0.943
[GRAD-CLIP] trainerStep=20757 preNorm=0.6725 cap=15.0000 decided=0.3657 binding=relative applied=false mode=log_only median=0.3657 n=1000 k=1 floor=0.01 hardMax=15 ratio=1.84 lr=0.943
[GRAD-CLIP] trainerStep=20758 preNorm=0.6283 cap=15.0000 decided=0.3658 binding=relative applied=false mode=log_only median=0.3658 n=1000 k=1 floor=0.01 hardMax=15 ratio=1.72 lr=0.943
[GRAD-CLIP] trainerStep=20760 preNorm=0.4850 cap=15.0000 decided=0.3658 binding=relative applied=false mode=log_only median=0.3658 n=1000 k=1 floor=0.01 hardMax=15 ratio=1.33 lr=0.944
[GRAD-CLIP] trainerStep=20762 preNorm=0.4391 cap=15.0000 decided=0.3659 binding=relative applied=false mode=log_only median=0.3659 n=1000 k=1 floor=0.01 hardMax=15 ratio=1.20 lr=0.945
[GRAD-CLIP] trainerStep=20763 preNorm=0.3908 cap=15.0000 decided=0.3660 binding=relative applied=false mode=log_only median=0.3660 n=1000 k=1 floor=0.01 hardMax=15 ratio=1.07 lr=0.945
[GRAD-CLIP] trainerStep=20765 preNorm=0.3752 cap=15.0000 decided=0.3660 binding=relative applied=false mode=log_only median=0.3660 n=1000 k=1 floor=0.01 hardMax=15 ratio=1.02 lr=0.945
[GRAD-CLIP] trainerStep=20766 preNorm=0.4282 cap=15.0000 decided=0.3661 binding=relative applied=false mode=log_only median=0.3661 n=1000 k=1 floor=0.01 hardMax=15 ratio=1.17 lr=0.946
[GRAD-CLIP] trainerStep=20767 preNorm=0.6324 cap=15.0000 decided=0.3661 binding=relative applied=false mode=log_only median=0.3661 n=1000 k=1 floor=0.01 hardMax=15 ratio=1.73 lr=0.946
[GRAD-CLIP] trainerStep=20768 preNorm=0.5082 cap=15.0000 decided=0.3662 binding=relative applied=false mode=log_only median=0.3662 n=1000 k=1 floor=0.01 hardMax=15 ratio=1.39 lr=0.946
[GRAD-CLIP] trainerStep=20769 preNorm=0.4317 cap=15.0000 decided=0.3663 binding=relative applied=false mode=log_only median=0.3663 n=1000 k=1 floor=0.01 hardMax=15 ratio=1.18 lr=0.947
[GRAD-CLIP] trainerStep=20771 preNorm=0.4711 cap=15.0000 decided=0.3665 binding=relative applied=false mode=log_only median=0.3665 n=1000 k=1 floor=0.01 hardMax=15 ratio=1.29 lr=0.947
[GRAD-CLIP] trainerStep=20772 preNorm=0.4150 cap=15.0000 decided=0.3667 binding=relative applied=false mode=log_only median=0.3667 n=1000 k=1 floor=0.01 hardMax=15 ratio=1.13 lr=0.948
[GRAD-CLIP] trainerStep=20773 preNorm=1.0054 cap=15.0000 decided=0.3668 binding=relative applied=false mode=log_only median=0.3668 n=1000 k=1 floor=0.01 hardMax=15 ratio=2.74 lr=0.948
[GRAD-CLIP] trainerStep=20774 preNorm=0.6615 cap=15.0000 decided=0.3668 binding=relative applied=false mode=log_only median=0.3668 n=1000 k=1 floor=0.01 hardMax=15 ratio=1.80 lr=0.948
[GRAD-CLIP] trainerStep=20775 preNorm=0.4746 cap=15.0000 decided=0.3668 binding=relative applied=false mode=log_only median=0.3668 n=1000 k=1 floor=0.01 hardMax=15 ratio=1.29 lr=0.948
[GRAD-CLIP] trainerStep=20776 preNorm=0.4500 cap=15.0000 decided=0.3670 binding=relative applied=false mode=log_only median=0.3670 n=1000 k=1 floor=0.01 hardMax=15 ratio=1.23 lr=0.949
[GRAD-CLIP] trainerStep=20778 preNorm=0.4041 cap=15.0000 decided=0.3672 binding=relative applied=false mode=log_only median=0.3672 n=1000 k=1 floor=0.01 hardMax=15 ratio=1.10 lr=0.949
[GRAD-CLIP] trainerStep=20780 preNorm=0.3718 cap=15.0000 decided=0.3672 binding=relative applied=false mode=log_only median=0.3672 n=1000 k=1 floor=0.01 hardMax=15 ratio=1.01 lr=0.95
[GRAD-CLIP] trainerStep=20782 preNorm=0.3764 cap=15.0000 decided=0.3673 binding=relative applied=false mode=log_only median=0.3673 n=1000 k=1 floor=0.01 hardMax=15 ratio=1.02 lr=0.95
[GRAD-CLIP] trainerStep=20784 preNorm=0.4094 cap=15.0000 decided=0.3674 binding=relative applied=false mode=log_only median=0.3674 n=1000 k=1 floor=0.01 hardMax=15 ratio=1.11 lr=0.951
[GRAD-CLIP] trainerStep=20785 preNorm=0.4303 cap=15.0000 decided=0.3675 binding=relative applied=false mode=log_only median=0.3675 n=1000 k=1 floor=0.01 hardMax=15 ratio=1.17 lr=0.951
[GRAD-CLIP] trainerStep=20786 preNorm=0.3880 cap=15.0000 decided=0.3675 binding=relative applied=false mode=log_only median=0.3675 n=1000 k=1 floor=0.01 hardMax=15 ratio=1.06 lr=0.952
[GRAD-CLIP] trainerStep=20796 preNorm=0.3897 cap=15.0000 decided=0.3672 binding=relative applied=false mode=log_only median=0.3672 n=1000 k=1 floor=0.01 hardMax=15 ratio=1.06 lr=0.954
[GRAD-CLIP] trainerStep=20797 preNorm=0.3736 cap=15.0000 decided=0.3673 binding=relative applied=false mode=log_only median=0.3673 n=1000 k=1 floor=0.01 hardMax=15 ratio=1.02 lr=0.955
[GRAD-CLIP] trainerStep=20799 preNorm=0.5928 cap=15.0000 decided=0.3673 binding=relative applied=false mode=log_only median=0.3673 n=1000 k=1 floor=0.01 hardMax=15 ratio=1.61 lr=0.955
[GRAD-CLIP] trainerStep=20800 preNorm=0.4999 cap=15.0000 decided=0.3673 binding=relative applied=false mode=log_only median=0.3673 n=1000 k=1 floor=0.01 hardMax=15 ratio=1.36 lr=0.955
[GRAD-CLIP] trainerStep=20801 preNorm=0.4106 cap=15.0000 decided=0.3673 binding=relative applied=false mode=log_only median=0.3673 n=1000 k=1 floor=0.01 hardMax=15 ratio=1.12 lr=0.956
[GRAD-CLIP] trainerStep=20802 preNorm=0.6676 cap=15.0000 decided=0.3673 binding=relative applied=false mode=log_only median=0.3673 n=1000 k=1 floor=0.01 hardMax=15 ratio=1.82 lr=0.956
[GRAD-CLIP] trainerStep=20803 preNorm=0.5023 cap=15.0000 decided=0.3674 binding=relative applied=false mode=log_only median=0.3674 n=1000 k=1 floor=0.01 hardMax=15 ratio=1.37 lr=0.956
[GRAD-CLIP] trainerStep=20804 preNorm=0.4860 cap=15.0000 decided=0.3674 binding=relative applied=false mode=log_only median=0.3674 n=1000 k=1 floor=0.01 hardMax=15 ratio=1.32 lr=0.956
[GRAD-CLIP] trainerStep=20805 preNorm=0.4375 cap=15.0000 decided=0.3674 binding=relative applied=false mode=log_only median=0.3674 n=1000 k=1 floor=0.01 hardMax=15 ratio=1.19 lr=0.957
[GRAD-CLIP] trainerStep=20807 preNorm=0.8110 cap=15.0000 decided=0.3674 binding=relative applied=false mode=log_only median=0.3674 n=1000 k=1 floor=0.01 hardMax=15 ratio=2.21 lr=0.957
[GRAD-CLIP] trainerStep=20808 preNorm=0.7023 cap=15.0000 decided=0.3675 binding=relative applied=false mode=log_only median=0.3675 n=1000 k=1 floor=0.01 hardMax=15 ratio=1.91 lr=0.957
[GRAD-CLIP] trainerStep=20809 preNorm=0.5295 cap=15.0000 decided=0.3676 binding=relative applied=false mode=log_only median=0.3676 n=1000 k=1 floor=0.01 hardMax=15 ratio=1.44 lr=0.958
[GRAD-CLIP] trainerStep=20810 preNorm=0.6762 cap=15.0000 decided=0.3677 binding=relative applied=false mode=log_only median=0.3677 n=1000 k=1 floor=0.01 hardMax=15 ratio=1.84 lr=0.958
[GRAD-CLIP] trainerStep=20811 preNorm=0.8514 cap=15.0000 decided=0.3678 binding=relative applied=false mode=log_only median=0.3678 n=1000 k=1 floor=0.01 hardMax=15 ratio=2.31 lr=0.958
[GRAD-CLIP] trainerStep=20812 preNorm=0.8928 cap=15.0000 decided=0.3679 binding=relative applied=false mode=log_only median=0.3679 n=1000 k=1 floor=0.01 hardMax=15 ratio=2.43 lr=0.958
[GRAD-CLIP] trainerStep=20813 preNorm=0.4128 cap=15.0000 decided=0.3680 binding=relative applied=false mode=log_only median=0.3680 n=1000 k=1 floor=0.01 hardMax=15 ratio=1.12 lr=0.959
[GRAD-CLIP] trainerStep=20814 preNorm=0.4720 cap=15.0000 decided=0.3681 binding=relative applied=false mode=log_only median=0.3681 n=1000 k=1 floor=0.01 hardMax=15 ratio=1.28 lr=0.959
[GRAD-CLIP] trainerStep=20815 preNorm=0.8100 cap=15.0000 decided=0.3681 binding=relative applied=false mode=log_only median=0.3681 n=1000 k=1 floor=0.01 hardMax=15 ratio=2.20 lr=0.959
[GRAD-CLIP] trainerStep=20816 preNorm=0.6142 cap=15.0000 decided=0.3682 binding=relative applied=false mode=log_only median=0.3682 n=1000 k=1 floor=0.01 hardMax=15 ratio=1.67 lr=0.959
[GRAD-CLIP] trainerStep=20817 preNorm=0.5977 cap=15.0000 decided=0.3683 binding=relative applied=false mode=log_only median=0.3683 n=1000 k=1 floor=0.01 hardMax=15 ratio=1.62 lr=0.96
[GRAD-CLIP] trainerStep=20818 preNorm=1.2667 cap=15.0000 decided=0.3683 binding=relative applied=false mode=log_only median=0.3683 n=1000 k=1 floor=0.01 hardMax=15 ratio=3.44 lr=0.96
[GRAD-CLIP] trainerStep=20819 preNorm=1.0927 cap=15.0000 decided=0.3683 binding=relative applied=false mode=log_only median=0.3683 n=1000 k=1 floor=0.01 hardMax=15 ratio=2.97 lr=0.96
[GRAD-CLIP] trainerStep=20820 preNorm=0.4754 cap=15.0000 decided=0.3683 binding=relative applied=false mode=log_only median=0.3683 n=1000 k=1 floor=0.01 hardMax=15 ratio=1.29 lr=0.96
[GRAD-CLIP] trainerStep=20821 preNorm=0.5264 cap=15.0000 decided=0.3684 binding=relative applied=false mode=log_only median=0.3684 n=1000 k=1 floor=0.01 hardMax=15 ratio=1.43 lr=0.961
[GRAD-CLIP] trainerStep=20826 preNorm=0.4888 cap=15.0000 decided=0.3684 binding=relative applied=false mode=log_only median=0.3684 n=1000 k=1 floor=0.01 hardMax=15 ratio=1.33 lr=0.962
[GRAD-CLIP] trainerStep=20827 preNorm=0.4172 cap=15.0000 decided=0.3684 binding=relative applied=false mode=log_only median=0.3684 n=1000 k=1 floor=0.01 hardMax=15 ratio=1.13 lr=0.962
[GRAD-CLIP] trainerStep=20829 preNorm=0.5105 cap=15.0000 decided=0.3685 binding=relative applied=false mode=log_only median=0.3685 n=1000 k=1 floor=0.01 hardMax=15 ratio=1.39 lr=0.962
[GRAD-CLIP] trainerStep=20831 preNorm=0.3965 cap=15.0000 decided=0.3685 binding=relative applied=false mode=log_only median=0.3685 n=1000 k=1 floor=0.01 hardMax=15 ratio=1.08 lr=0.963
[GRAD-CLIP] trainerStep=20834 preNorm=0.5560 cap=15.0000 decided=0.3685 binding=relative applied=false mode=log_only median=0.3685 n=1000 k=1 floor=0.01 hardMax=15 ratio=1.51 lr=0.963
[GRAD-CLIP] trainerStep=20835 preNorm=0.5216 cap=15.0000 decided=0.3686 binding=relative applied=false mode=log_only median=0.3686 n=1000 k=1 floor=0.01 hardMax=15 ratio=1.41 lr=0.964
[GRAD-CLIP] trainerStep=20837 preNorm=0.5099 cap=15.0000 decided=0.3686 binding=relative applied=false mode=log_only median=0.3686 n=1000 k=1 floor=0.01 hardMax=15 ratio=1.38 lr=0.964
[GRAD-CLIP] trainerStep=20840 preNorm=0.4327 cap=15.0000 decided=0.3687 binding=relative applied=false mode=log_only median=0.3687 n=1000 k=1 floor=0.01 hardMax=15 ratio=1.17 lr=0.965
[REPLAY] step=2840 loss=7.1264 pLoss=5.4928 vLoss=0.8793 pEnt=2.738 pIllM=0.7542 playedP=0.063 pW=0.46 pD=0.06 pL=0.48 vAbs=0.040 pLogitMean=-1.1135 vLogitMean=0.5909 gNorm=0.433 lr=0.965 ms=1204.1 buf=500000 plies=24991143 games=373500 rejected=0 skipped=0 epoch=0 mom=0.8504 lrCyc[pk=9.8e-01,tr=9.9e-04] gNormMax=1.2667 clips=0 gCap=15.0000 trainerStep=20840
[LAYER-HEALTH] live trainerStep=20840 scope=batch_norm_state_only reluSites=2/10 ch=144 dead=21 off=13 alwaysOn=0 worst=policy.pre_bn(dead 20 off 8 on 0) maxBetaOverGamma=+0.53@policy.pre_bn[66] minBetaOverGamma=-51.86@policy.pre_bn[41] rvMaxOverMedian=69341.8@blocks.1.bn1[76] rezero=none nonFinite=0 parkedSites=9/10 parkedCh=1040 parked=21 parkedOff=13 parkedBy=policy.pre_bn:20/128,value.bn:1/16
[GRAD-CLIP] trainerStep=20842 preNorm=0.4411 cap=15.0000 decided=0.3687 binding=relative applied=false mode=log_only median=0.3687 n=1000 k=1 floor=0.01 hardMax=15 ratio=1.20 lr=0.965
[GRAD-CLIP] trainerStep=20843 preNorm=0.3989 cap=15.0000 decided=0.3687 binding=relative applied=false mode=log_only median=0.3687 n=1000 k=1 floor=0.01 hardMax=15 ratio=1.08 lr=0.965
[GRAD-CLIP] trainerStep=20845 preNorm=0.4778 cap=15.0000 decided=0.3688 binding=relative applied=false mode=log_only median=0.3688 n=1000 k=1 floor=0.01 hardMax=15 ratio=1.30 lr=0.966
[GRAD-CLIP] trainerStep=20846 preNorm=0.3811 cap=15.0000 decided=0.3689 binding=relative applied=false mode=log_only median=0.3689 n=1000 k=1 floor=0.01 hardMax=15 ratio=1.03 lr=0.966
[GRAD-CLIP] trainerStep=20847 preNorm=0.3959 cap=15.0000 decided=0.3689 binding=relative applied=false mode=log_only median=0.3689 n=1000 k=1 floor=0.01 hardMax=15 ratio=1.07 lr=0.966
[GRAD-CLIP] trainerStep=20848 preNorm=0.3834 cap=15.0000 decided=0.3690 binding=relative applied=false mode=log_only median=0.3690 n=1000 k=1 floor=0.01 hardMax=15 ratio=1.04 lr=0.966
[GRAD-CLIP] trainerStep=20850 preNorm=0.5199 cap=15.0000 decided=0.3691 binding=relative applied=false mode=log_only median=0.3691 n=1000 k=1 floor=0.01 hardMax=15 ratio=1.41 lr=0.967
[GRAD-CLIP] trainerStep=20851 preNorm=0.4793 cap=15.0000 decided=0.3692 binding=relative applied=false mode=log_only median=0.3692 n=1000 k=1 floor=0.01 hardMax=15 ratio=1.30 lr=0.967
[GRAD-CLIP] trainerStep=20852 preNorm=0.3730 cap=15.0000 decided=0.3694 binding=relative applied=false mode=log_only median=0.3694 n=1000 k=1 floor=0.01 hardMax=15 ratio=1.01 lr=0.967
[GRAD-CLIP] trainerStep=20853 preNorm=0.6004 cap=15.0000 decided=0.3695 binding=relative applied=false mode=log_only median=0.3695 n=1000 k=1 floor=0.01 hardMax=15 ratio=1.62 lr=0.967
[GRAD-CLIP] trainerStep=20854 preNorm=0.7214 cap=15.0000 decided=0.3696 binding=relative applied=false mode=log_only median=0.3696 n=1000 k=1 floor=0.01 hardMax=15 ratio=1.95 lr=0.968
[GRAD-CLIP] trainerStep=20855 preNorm=0.3922 cap=15.0000 decided=0.3696 binding=relative applied=false mode=log_only median=0.3696 n=1000 k=1 floor=0.01 hardMax=15 ratio=1.06 lr=0.968
[GRAD-CLIP] trainerStep=20856 preNorm=0.4072 cap=15.0000 decided=0.3696 binding=relative applied=false mode=log_only median=0.3696 n=1000 k=1 floor=0.01 hardMax=15 ratio=1.10 lr=0.968
[GRAD-CLIP] trainerStep=20857 preNorm=0.4700 cap=15.0000 decided=0.3696 binding=relative applied=false mode=log_only median=0.3696 n=1000 k=1 floor=0.01 hardMax=15 ratio=1.27 lr=0.968
[GRAD-CLIP] trainerStep=20860 preNorm=0.3996 cap=15.0000 decided=0.3697 binding=relative applied=false mode=log_only median=0.3697 n=1000 k=1 floor=0.01 hardMax=15 ratio=1.08 lr=0.969
[GRAD-CLIP] trainerStep=20861 preNorm=0.4355 cap=15.0000 decided=0.3697 binding=relative applied=false mode=log_only median=0.3697 n=1000 k=1 floor=0.01 hardMax=15 ratio=1.18 lr=0.969
[GRAD-CLIP] trainerStep=20862 preNorm=0.4307 cap=15.0000 decided=0.3697 binding=relative applied=false mode=log_only median=0.3697 n=1000 k=1 floor=0.01 hardMax=15 ratio=1.17 lr=0.969
[GRAD-CLIP] trainerStep=20863 preNorm=0.4909 cap=15.0000 decided=0.3698 binding=relative applied=false mode=log_only median=0.3698 n=1000 k=1 floor=0.01 hardMax=15 ratio=1.33 lr=0.969
[GRAD-CLIP] trainerStep=20864 preNorm=0.4960 cap=15.0000 decided=0.3698 binding=relative applied=false mode=log_only median=0.3698 n=1000 k=1 floor=0.01 hardMax=15 ratio=1.34 lr=0.969
[GRAD-CLIP] trainerStep=20865 preNorm=0.4304 cap=15.0000 decided=0.3700 binding=relative applied=false mode=log_only median=0.3700 n=1000 k=1 floor=0.01 hardMax=15 ratio=1.16 lr=0.97
[GRAD-CLIP] trainerStep=20866 preNorm=0.6423 cap=15.0000 decided=0.3701 binding=relative applied=false mode=log_only median=0.3701 n=1000 k=1 floor=0.01 hardMax=15 ratio=1.74 lr=0.97
[GRAD-CLIP] trainerStep=20867 preNorm=0.6492 cap=15.0000 decided=0.3702 binding=relative applied=false mode=log_only median=0.3702 n=1000 k=1 floor=0.01 hardMax=15 ratio=1.75 lr=0.97
[GRAD-CLIP] trainerStep=20868 preNorm=0.7362 cap=15.0000 decided=0.3702 binding=relative applied=false mode=log_only median=0.3702 n=1000 k=1 floor=0.01 hardMax=15 ratio=1.99 lr=0.97
[GRAD-CLIP] trainerStep=20869 preNorm=0.9641 cap=15.0000 decided=0.3703 binding=relative applied=false mode=log_only median=0.3703 n=1000 k=1 floor=0.01 hardMax=15 ratio=2.60 lr=0.97
[GRAD-CLIP] trainerStep=20870 preNorm=0.8569 cap=15.0000 decided=0.3704 binding=relative applied=false mode=log_only median=0.3704 n=1000 k=1 floor=0.01 hardMax=15 ratio=2.31 lr=0.97
[GRAD-CLIP] trainerStep=20871 preNorm=0.7932 cap=15.0000 decided=0.3704 binding=relative applied=false mode=log_only median=0.3704 n=1000 k=1 floor=0.01 hardMax=15 ratio=2.14 lr=0.971
[GRAD-CLIP] trainerStep=20872 preNorm=1.7122 cap=15.0000 decided=0.3706 binding=relative applied=false mode=log_only median=0.3706 n=1000 k=1 floor=0.01 hardMax=15 ratio=4.62 lr=0.971
[GRAD-CLIP] trainerStep=20873 preNorm=1.0222 cap=15.0000 decided=0.3708 binding=relative applied=false mode=log_only median=0.3708 n=1000 k=1 floor=0.01 hardMax=15 ratio=2.76 lr=0.971
[GRAD-CLIP] trainerStep=20874 preNorm=1.2428 cap=15.0000 decided=0.3710 binding=relative applied=false mode=log_only median=0.3710 n=1000 k=1 floor=0.01 hardMax=15 ratio=3.35 lr=0.971
[GRAD-CLIP] trainerStep=20875 preNorm=1.0022 cap=15.0000 decided=0.3711 binding=relative applied=false mode=log_only median=0.3711 n=1000 k=1 floor=0.01 hardMax=15 ratio=2.70 lr=0.971
[GRAD-CLIP] trainerStep=20876 preNorm=1.3053 cap=15.0000 decided=0.3711 binding=relative applied=false mode=log_only median=0.3711 n=1000 k=1 floor=0.01 hardMax=15 ratio=3.52 lr=0.971
[GRAD-CLIP] trainerStep=20877 preNorm=0.7439 cap=15.0000 decided=0.3712 binding=relative applied=false mode=log_only median=0.3712 n=1000 k=1 floor=0.01 hardMax=15 ratio=2.00 lr=0.972
[GRAD-CLIP] trainerStep=20878 preNorm=0.5888 cap=15.0000 decided=0.3713 binding=relative applied=false mode=log_only median=0.3713 n=1000 k=1 floor=0.01 hardMax=15 ratio=1.59 lr=0.972
[GRAD-CLIP] trainerStep=20879 preNorm=0.6514 cap=15.0000 decided=0.3714 binding=relative applied=false mode=log_only median=0.3714 n=1000 k=1 floor=0.01 hardMax=15 ratio=1.75 lr=0.972
[GRAD-CLIP] trainerStep=20880 preNorm=0.5902 cap=15.0000 decided=0.3714 binding=relative applied=false mode=log_only median=0.3714 n=1000 k=1 floor=0.01 hardMax=15 ratio=1.59 lr=0.972
[GRAD-CLIP] trainerStep=20881 preNorm=0.5709 cap=15.0000 decided=0.3714 binding=relative applied=false mode=log_only median=0.3714 n=1000 k=1 floor=0.01 hardMax=15 ratio=1.54 lr=0.972
[GRAD-CLIP] trainerStep=20882 preNorm=0.6688 cap=15.0000 decided=0.3714 binding=relative applied=false mode=log_only median=0.3714 n=1000 k=1 floor=0.01 hardMax=15 ratio=1.80 lr=0.972
[GRAD-CLIP] trainerStep=20883 preNorm=0.6972 cap=15.0000 decided=0.3714 binding=relative applied=false mode=log_only median=0.3714 n=1000 k=1 floor=0.01 hardMax=15 ratio=1.88 lr=0.973
[GRAD-CLIP] trainerStep=20884 preNorm=0.4049 cap=15.0000 decided=0.3714 binding=relative applied=false mode=log_only median=0.3714 n=1000 k=1 floor=0.01 hardMax=15 ratio=1.09 lr=0.973
[GRAD-CLIP] trainerStep=20885 preNorm=0.4886 cap=15.0000 decided=0.3716 binding=relative applied=false mode=log_only median=0.3716 n=1000 k=1 floor=0.01 hardMax=15 ratio=1.32 lr=0.973
[GRAD-CLIP] trainerStep=20886 preNorm=0.4553 cap=15.0000 decided=0.3716 binding=relative applied=false mode=log_only median=0.3716 n=1000 k=1 floor=0.01 hardMax=15 ratio=1.23 lr=0.973
[GRAD-CLIP] trainerStep=20888 preNorm=0.8427 cap=15.0000 decided=0.3716 binding=relative applied=false mode=log_only median=0.3716 n=1000 k=1 floor=0.01 hardMax=15 ratio=2.27 lr=0.973
[GRAD-CLIP] trainerStep=20889 preNorm=0.8170 cap=15.0000 decided=0.3716 binding=relative applied=false mode=log_only median=0.3716 n=1000 k=1 floor=0.01 hardMax=15 ratio=2.20 lr=0.974
[GRAD-CLIP] trainerStep=20890 preNorm=0.7611 cap=15.0000 decided=0.3716 binding=relative applied=false mode=log_only median=0.3716 n=1000 k=1 floor=0.01 hardMax=15 ratio=2.05 lr=0.974
[GRAD-CLIP] trainerStep=20891 preNorm=0.6437 cap=15.0000 decided=0.3716 binding=relative applied=false mode=log_only median=0.3716 n=1000 k=1 floor=0.01 hardMax=15 ratio=1.73 lr=0.974
[GRAD-CLIP] trainerStep=20892 preNorm=0.6339 cap=15.0000 decided=0.3716 binding=relative applied=false mode=log_only median=0.3716 n=1000 k=1 floor=0.01 hardMax=15 ratio=1.71 lr=0.974
[GRAD-CLIP] trainerStep=20893 preNorm=0.5819 cap=15.0000 decided=0.3716 binding=relative applied=false mode=log_only median=0.3716 n=1000 k=1 floor=0.01 hardMax=15 ratio=1.57 lr=0.974
[GRAD-CLIP] trainerStep=20894 preNorm=0.5215 cap=15.0000 decided=0.3717 binding=relative applied=false mode=log_only median=0.3717 n=1000 k=1 floor=0.01 hardMax=15 ratio=1.40 lr=0.974
[GRAD-CLIP] trainerStep=20895 preNorm=0.4441 cap=15.0000 decided=0.3717 binding=relative applied=false mode=log_only median=0.3717 n=1000 k=1 floor=0.01 hardMax=15 ratio=1.19 lr=0.974
[GRAD-CLIP] trainerStep=20897 preNorm=0.3731 cap=15.0000 decided=0.3717 binding=relative applied=false mode=log_only median=0.3717 n=1000 k=1 floor=0.01 hardMax=15 ratio=1.00 lr=0.975
[GRAD-CLIP] trainerStep=20899 preNorm=0.4181 cap=15.0000 decided=0.3718 binding=relative applied=false mode=log_only median=0.3718 n=1000 k=1 floor=0.01 hardMax=15 ratio=1.12 lr=0.975
[GRAD-CLIP] trainerStep=20902 preNorm=0.3863 cap=15.0000 decided=0.3718 binding=relative applied=false mode=log_only median=0.3718 n=1000 k=1 floor=0.01 hardMax=15 ratio=1.04 lr=0.975
[GRAD-CLIP] trainerStep=20903 preNorm=0.4353 cap=15.0000 decided=0.3719 binding=relative applied=false mode=log_only median=0.3719 n=1000 k=1 floor=0.01 hardMax=15 ratio=1.17 lr=0.975
[GRAD-CLIP] trainerStep=20904 preNorm=0.4175 cap=15.0000 decided=0.3720 binding=relative applied=false mode=log_only median=0.3720 n=1000 k=1 floor=0.01 hardMax=15 ratio=1.12 lr=0.976
[GRAD-CLIP] trainerStep=20906 preNorm=0.4056 cap=15.0000 decided=0.3720 binding=relative applied=false mode=log_only median=0.3720 n=1000 k=1 floor=0.01 hardMax=15 ratio=1.09 lr=0.976
[GRAD-CLIP] trainerStep=20907 preNorm=0.6333 cap=15.0000 decided=0.3720 binding=relative applied=false mode=log_only median=0.3720 n=1000 k=1 floor=0.01 hardMax=15 ratio=1.70 lr=0.976
[GRAD-CLIP] trainerStep=20908 preNorm=0.7389 cap=15.0000 decided=0.3721 binding=relative applied=false mode=log_only median=0.3721 n=1000 k=1 floor=0.01 hardMax=15 ratio=1.99 lr=0.976
[GRAD-CLIP] trainerStep=20909 preNorm=0.5032 cap=15.0000 decided=0.3724 binding=relative applied=false mode=log_only median=0.3724 n=1000 k=1 floor=0.01 hardMax=15 ratio=1.35 lr=0.976
[GRAD-CLIP] trainerStep=20910 preNorm=0.5816 cap=15.0000 decided=0.3727 binding=relative applied=false mode=log_only median=0.3727 n=1000 k=1 floor=0.01 hardMax=15 ratio=1.56 lr=0.976
[GRAD-CLIP] trainerStep=20911 preNorm=0.6772 cap=15.0000 decided=0.3728 binding=relative applied=false mode=log_only median=0.3728 n=1000 k=1 floor=0.01 hardMax=15 ratio=1.82 lr=0.976
[GRAD-CLIP] trainerStep=20912 preNorm=0.6095 cap=15.0000 decided=0.3729 binding=relative applied=false mode=log_only median=0.3729 n=1000 k=1 floor=0.01 hardMax=15 ratio=1.63 lr=0.977
[GRAD-CLIP] trainerStep=20913 preNorm=0.4664 cap=15.0000 decided=0.3730 binding=relative applied=false mode=log_only median=0.3730 n=1000 k=1 floor=0.01 hardMax=15 ratio=1.25 lr=0.977
[GRAD-CLIP] trainerStep=20914 preNorm=0.4806 cap=15.0000 decided=0.3731 binding=relative applied=false mode=log_only median=0.3731 n=1000 k=1 floor=0.01 hardMax=15 ratio=1.29 lr=0.977
[GRAD-CLIP] trainerStep=20915 preNorm=0.6405 cap=15.0000 decided=0.3732 binding=relative applied=false mode=log_only median=0.3732 n=1000 k=1 floor=0.01 hardMax=15 ratio=1.72 lr=0.977
[GRAD-CLIP] trainerStep=20916 preNorm=1.2527 cap=15.0000 decided=0.3732 binding=relative applied=false mode=log_only median=0.3732 n=1000 k=1 floor=0.01 hardMax=15 ratio=3.36 lr=0.977
[GRAD-CLIP] trainerStep=20917 preNorm=0.9458 cap=15.0000 decided=0.3733 binding=relative applied=false mode=log_only median=0.3733 n=1000 k=1 floor=0.01 hardMax=15 ratio=2.53 lr=0.977
[GRAD-CLIP] trainerStep=20918 preNorm=0.7108 cap=15.0000 decided=0.3733 binding=relative applied=false mode=log_only median=0.3733 n=1000 k=1 floor=0.01 hardMax=15 ratio=1.90 lr=0.977
[GRAD-CLIP] trainerStep=20919 preNorm=0.7170 cap=15.0000 decided=0.3733 binding=relative applied=false mode=log_only median=0.3733 n=1000 k=1 floor=0.01 hardMax=15 ratio=1.92 lr=0.977
[GRAD-CLIP] trainerStep=20920 preNorm=0.5328 cap=15.0000 decided=0.3733 binding=relative applied=false mode=log_only median=0.3733 n=1000 k=1 floor=0.01 hardMax=15 ratio=1.43 lr=0.977
[GRAD-CLIP] trainerStep=20921 preNorm=0.4974 cap=15.0000 decided=0.3734 binding=relative applied=false mode=log_only median=0.3734 n=1000 k=1 floor=0.01 hardMax=15 ratio=1.33 lr=0.978
[GRAD-CLIP] trainerStep=20922 preNorm=0.4002 cap=15.0000 decided=0.3734 binding=relative applied=false mode=log_only median=0.3734 n=1000 k=1 floor=0.01 hardMax=15 ratio=1.07 lr=0.978
[GRAD-CLIP] trainerStep=20923 preNorm=0.5614 cap=15.0000 decided=0.3734 binding=relative applied=false mode=log_only median=0.3734 n=1000 k=1 floor=0.01 hardMax=15 ratio=1.50 lr=0.978
[GRAD-CLIP] trainerStep=20924 preNorm=0.6923 cap=15.0000 decided=0.3736 binding=relative applied=false mode=log_only median=0.3736 n=1000 k=1 floor=0.01 hardMax=15 ratio=1.85 lr=0.978
[GRAD-CLIP] trainerStep=20925 preNorm=0.5522 cap=15.0000 decided=0.3736 binding=relative applied=false mode=log_only median=0.3736 n=1000 k=1 floor=0.01 hardMax=15 ratio=1.48 lr=0.978
[GRAD-CLIP] trainerStep=20926 preNorm=0.4041 cap=15.0000 decided=0.3736 binding=relative applied=false mode=log_only median=0.3736 n=1000 k=1 floor=0.01 hardMax=15 ratio=1.08 lr=0.978
[GRAD-CLIP] trainerStep=20927 preNorm=0.4782 cap=15.0000 decided=0.3736 binding=relative applied=false mode=log_only median=0.3736 n=1000 k=1 floor=0.01 hardMax=15 ratio=1.28 lr=0.978
[GRAD-CLIP] trainerStep=20928 preNorm=0.4296 cap=15.0000 decided=0.3737 binding=relative applied=false mode=log_only median=0.3737 n=1000 k=1 floor=0.01 hardMax=15 ratio=1.15 lr=0.978
[GRAD-CLIP] trainerStep=20929 preNorm=0.5212 cap=15.0000 decided=0.3738 binding=relative applied=false mode=log_only median=0.3738 n=1000 k=1 floor=0.01 hardMax=15 ratio=1.39 lr=0.978
[GRAD-CLIP] trainerStep=20930 preNorm=0.5025 cap=15.0000 decided=0.3738 binding=relative applied=false mode=log_only median=0.3738 n=1000 k=1 floor=0.01 hardMax=15 ratio=1.34 lr=0.978
[GRAD-CLIP] trainerStep=20931 preNorm=0.4463 cap=15.0000 decided=0.3739 binding=relative applied=false mode=log_only median=0.3739 n=1000 k=1 floor=0.01 hardMax=15 ratio=1.19 lr=0.979
[GRAD-CLIP] trainerStep=20932 preNorm=0.5267 cap=15.0000 decided=0.3740 binding=relative applied=false mode=log_only median=0.3740 n=1000 k=1 floor=0.01 hardMax=15 ratio=1.41 lr=0.979
[GRAD-CLIP] trainerStep=20933 preNorm=0.8765 cap=15.0000 decided=0.3741 binding=relative applied=false mode=log_only median=0.3741 n=1000 k=1 floor=0.01 hardMax=15 ratio=2.34 lr=0.979
[GRAD-CLIP] trainerStep=20934 preNorm=0.9411 cap=15.0000 decided=0.3742 binding=relative applied=false mode=log_only median=0.3742 n=1000 k=1 floor=0.01 hardMax=15 ratio=2.52 lr=0.979
[GRAD-CLIP] trainerStep=20935 preNorm=0.8638 cap=15.0000 decided=0.3742 binding=relative applied=false mode=log_only median=0.3742 n=1000 k=1 floor=0.01 hardMax=15 ratio=2.31 lr=0.979
[GRAD-CLIP] trainerStep=20936 preNorm=0.7421 cap=15.0000 decided=0.3744 binding=relative applied=false mode=log_only median=0.3744 n=1000 k=1 floor=0.01 hardMax=15 ratio=1.98 lr=0.979
[GRAD-CLIP] trainerStep=20937 preNorm=0.6053 cap=15.0000 decided=0.3745 binding=relative applied=false mode=log_only median=0.3745 n=1000 k=1 floor=0.01 hardMax=15 ratio=1.62 lr=0.979
[GRAD-CLIP] trainerStep=20938 preNorm=0.6508 cap=15.0000 decided=0.3746 binding=relative applied=false mode=log_only median=0.3746 n=1000 k=1 floor=0.01 hardMax=15 ratio=1.74 lr=0.979
[GRAD-CLIP] trainerStep=20939 preNorm=0.5696 cap=15.0000 decided=0.3746 binding=relative applied=false mode=log_only median=0.3746 n=1000 k=1 floor=0.01 hardMax=15 ratio=1.52 lr=0.979
[GRAD-CLIP] trainerStep=20940 preNorm=0.5635 cap=15.0000 decided=0.3747 binding=relative applied=false mode=log_only median=0.3747 n=1000 k=1 floor=0.01 hardMax=15 ratio=1.50 lr=0.979
[GRAD-CLIP] trainerStep=20941 preNorm=0.6751 cap=15.0000 decided=0.3749 binding=relative applied=false mode=log_only median=0.3749 n=1000 k=1 floor=0.01 hardMax=15 ratio=1.80 lr=0.979
[GRAD-CLIP] trainerStep=20942 preNorm=0.6400 cap=15.0000 decided=0.3751 binding=relative applied=false mode=log_only median=0.3751 n=1000 k=1 floor=0.01 hardMax=15 ratio=1.71 lr=0.979
[GRAD-CLIP] trainerStep=20943 preNorm=0.8851 cap=15.0000 decided=0.3751 binding=relative applied=false mode=log_only median=0.3751 n=1000 k=1 floor=0.01 hardMax=15 ratio=2.36 lr=0.98
[GRAD-CLIP] trainerStep=20944 preNorm=0.8289 cap=15.0000 decided=0.3751 binding=relative applied=false mode=log_only median=0.3751 n=1000 k=1 floor=0.01 hardMax=15 ratio=2.21 lr=0.98
[GRAD-CLIP] trainerStep=20945 preNorm=0.7807 cap=15.0000 decided=0.3752 binding=relative applied=false mode=log_only median=0.3752 n=1000 k=1 floor=0.01 hardMax=15 ratio=2.08 lr=0.98
[GRAD-CLIP] trainerStep=20946 preNorm=0.5936 cap=15.0000 decided=0.3754 binding=relative applied=false mode=log_only median=0.3754 n=1000 k=1 floor=0.01 hardMax=15 ratio=1.58 lr=0.98
[GRAD-CLIP] trainerStep=20947 preNorm=0.5467 cap=15.0000 decided=0.3757 binding=relative applied=false mode=log_only median=0.3757 n=1000 k=1 floor=0.01 hardMax=15 ratio=1.45 lr=0.98
[GRAD-CLIP] trainerStep=20948 preNorm=0.5635 cap=15.0000 decided=0.3759 binding=relative applied=false mode=log_only median=0.3759 n=1000 k=1 floor=0.01 hardMax=15 ratio=1.50 lr=0.98
[GRAD-CLIP] trainerStep=20949 preNorm=0.6057 cap=15.0000 decided=0.3760 binding=relative applied=false mode=log_only median=0.3760 n=1000 k=1 floor=0.01 hardMax=15 ratio=1.61 lr=0.98
[GRAD-CLIP] trainerStep=20950 preNorm=0.5499 cap=15.0000 decided=0.3760 binding=relative applied=false mode=log_only median=0.3760 n=1000 k=1 floor=0.01 hardMax=15 ratio=1.46 lr=0.98
[GRAD-CLIP] trainerStep=20951 preNorm=0.7711 cap=15.0000 decided=0.3760 binding=relative applied=false mode=log_only median=0.3760 n=1000 k=1 floor=0.01 hardMax=15 ratio=2.05 lr=0.98
[GRAD-CLIP] trainerStep=20952 preNorm=1.1300 cap=15.0000 decided=0.3762 binding=relative applied=false mode=log_only median=0.3762 n=1000 k=1 floor=0.01 hardMax=15 ratio=3.00 lr=0.98
[GRAD-CLIP] trainerStep=20953 preNorm=0.9227 cap=15.0000 decided=0.3762 binding=relative applied=false mode=log_only median=0.3762 n=1000 k=1 floor=0.01 hardMax=15 ratio=2.45 lr=0.98
[GRAD-CLIP] trainerStep=20954 preNorm=0.6219 cap=15.0000 decided=0.3762 binding=relative applied=false mode=log_only median=0.3762 n=1000 k=1 floor=0.01 hardMax=15 ratio=1.65 lr=0.98
[GRAD-CLIP] trainerStep=20955 preNorm=0.8406 cap=15.0000 decided=0.3763 binding=relative applied=false mode=log_only median=0.3763 n=1000 k=1 floor=0.01 hardMax=15 ratio=2.23 lr=0.98
[GRAD-CLIP] trainerStep=20956 preNorm=0.9980 cap=15.0000 decided=0.3764 binding=relative applied=false mode=log_only median=0.3764 n=1000 k=1 floor=0.01 hardMax=15 ratio=2.65 lr=0.98
[GRAD-CLIP] trainerStep=20957 preNorm=1.2982 cap=15.0000 decided=0.3765 binding=relative applied=false mode=log_only median=0.3765 n=1000 k=1 floor=0.01 hardMax=15 ratio=3.45 lr=0.98
[GRAD-CLIP] trainerStep=20958 preNorm=0.8876 cap=15.0000 decided=0.3768 binding=relative applied=false mode=log_only median=0.3768 n=1000 k=1 floor=0.01 hardMax=15 ratio=2.36 lr=0.981
[GRAD-CLIP] trainerStep=20959 preNorm=0.9386 cap=15.0000 decided=0.3770 binding=relative applied=false mode=log_only median=0.3770 n=1000 k=1 floor=0.01 hardMax=15 ratio=2.49 lr=0.981
[GRAD-CLIP] trainerStep=20960 preNorm=0.5886 cap=15.0000 decided=0.3772 binding=relative applied=false mode=log_only median=0.3772 n=1000 k=1 floor=0.01 hardMax=15 ratio=1.56 lr=0.981
[REPLAY] step=2960 loss=6.1553 pLoss=4.7479 vLoss=0.8582 pEnt=2.697 pIllM=0.5492 playedP=0.072 pW=0.48 pD=0.07 pL=0.45 vAbs=0.130 pLogitMean=-1.5845 vLogitMean=0.5840 gNorm=0.589 lr=0.981 ms=1233.9 buf=500000 plies=26015061 games=388794 rejected=0 skipped=0 epoch=0 mom=0.8501 lrCyc[pk=9.8e-01,tr=9.9e-04] gNormMax=1.7122 clips=0 gCap=15.0000 trainerStep=20960
[LAYER-HEALTH] live trainerStep=20960 scope=batch_norm_state_only reluSites=2/10 ch=144 dead=21 off=11 alwaysOn=0 worst=policy.pre_bn(dead 20 off 7 on 0) maxBetaOverGamma=+0.60@policy.pre_bn[96] minBetaOverGamma=-171.26@policy.pre_bn[49] rvMaxOverMedian=49051.3@blocks.1.bn1[76] rezero=none nonFinite=0 parkedSites=9/10 parkedCh=1040 parked=21 parkedOff=11 parkedBy=policy.pre_bn:20/128,value.bn:1/16
[GRAD-CLIP] trainerStep=20961 preNorm=0.7283 cap=15.0000 decided=0.3774 binding=relative applied=false mode=log_only median=0.3774 n=1000 k=1 floor=0.01 hardMax=15 ratio=1.93 lr=0.981
[GRAD-CLIP] trainerStep=20962 preNorm=0.7122 cap=15.0000 decided=0.3774 binding=relative applied=false mode=log_only median=0.3774 n=1000 k=1 floor=0.01 hardMax=15 ratio=1.89 lr=0.981
[GRAD-CLIP] trainerStep=20963 preNorm=0.8718 cap=15.0000 decided=0.3777 binding=relative applied=false mode=log_only median=0.3777 n=1000 k=1 floor=0.01 hardMax=15 ratio=2.31 lr=0.981
[GRAD-CLIP] trainerStep=20964 preNorm=0.6842 cap=15.0000 decided=0.3779 binding=relative applied=false mode=log_only median=0.3779 n=1000 k=1 floor=0.01 hardMax=15 ratio=1.81 lr=0.981
[GRAD-CLIP] trainerStep=20965 preNorm=0.6829 cap=15.0000 decided=0.3780 binding=relative applied=false mode=log_only median=0.3780 n=1000 k=1 floor=0.01 hardMax=15 ratio=1.81 lr=0.981
[GRAD-CLIP] trainerStep=20966 preNorm=0.7095 cap=15.0000 decided=0.3781 binding=relative applied=false mode=log_only median=0.3781 n=1000 k=1 floor=0.01 hardMax=15 ratio=1.88 lr=0.981
[GRAD-CLIP] trainerStep=20967 preNorm=0.7027 cap=15.0000 decided=0.3782 binding=relative applied=false mode=log_only median=0.3782 n=1000 k=1 floor=0.01 hardMax=15 ratio=1.86 lr=0.981
[GRAD-CLIP] trainerStep=20968 preNorm=0.4903 cap=15.0000 decided=0.3783 binding=relative applied=false mode=log_only median=0.3783 n=1000 k=1 floor=0.01 hardMax=15 ratio=1.30 lr=0.981
[GRAD-CLIP] trainerStep=20969 preNorm=0.6565 cap=15.0000 decided=0.3785 binding=relative applied=false mode=log_only median=0.3785 n=1000 k=1 floor=0.01 hardMax=15 ratio=1.73 lr=0.981
[GRAD-CLIP] trainerStep=20970 preNorm=0.5406 cap=15.0000 decided=0.3785 binding=relative applied=false mode=log_only median=0.3785 n=1000 k=1 floor=0.01 hardMax=15 ratio=1.43 lr=0.981
[GRAD-CLIP] trainerStep=20971 preNorm=0.5828 cap=15.0000 decided=0.3786 binding=relative applied=false mode=log_only median=0.3786 n=1000 k=1 floor=0.01 hardMax=15 ratio=1.54 lr=0.981
[GRAD-CLIP] trainerStep=20972 preNorm=0.5811 cap=15.0000 decided=0.3789 binding=relative applied=false mode=log_only median=0.3789 n=1000 k=1 floor=0.01 hardMax=15 ratio=1.53 lr=0.981
[GRAD-CLIP] trainerStep=20973 preNorm=0.6102 cap=15.0000 decided=0.3789 binding=relative applied=false mode=log_only median=0.3789 n=1000 k=1 floor=0.01 hardMax=15 ratio=1.61 lr=0.981
[GRAD-CLIP] trainerStep=20974 preNorm=0.5445 cap=15.0000 decided=0.3793 binding=relative applied=false mode=log_only median=0.3793 n=1000 k=1 floor=0.01 hardMax=15 ratio=1.44 lr=0.981
[GRAD-CLIP] trainerStep=20975 preNorm=0.6133 cap=15.0000 decided=0.3795 binding=relative applied=false mode=log_only median=0.3795 n=1000 k=1 floor=0.01 hardMax=15 ratio=1.62 lr=0.981
[GRAD-CLIP] trainerStep=20976 preNorm=0.6886 cap=15.0000 decided=0.3796 binding=relative applied=false mode=log_only median=0.3796 n=1000 k=1 floor=0.01 hardMax=15 ratio=1.81 lr=0.981
[GRAD-CLIP] trainerStep=20977 preNorm=0.4969 cap=15.0000 decided=0.3797 binding=relative applied=false mode=log_only median=0.3797 n=1000 k=1 floor=0.01 hardMax=15 ratio=1.31 lr=0.981
[GRAD-CLIP] trainerStep=20978 preNorm=0.4617 cap=15.0000 decided=0.3797 binding=relative applied=false mode=log_only median=0.3797 n=1000 k=1 floor=0.01 hardMax=15 ratio=1.22 lr=0.981
[GRAD-CLIP] trainerStep=20979 preNorm=0.5540 cap=15.0000 decided=0.3799 binding=relative applied=false mode=log_only median=0.3799 n=1000 k=1 floor=0.01 hardMax=15 ratio=1.46 lr=0.981
[GRAD-CLIP] trainerStep=20980 preNorm=0.6177 cap=15.0000 decided=0.3799 binding=relative applied=false mode=log_only median=0.3799 n=1000 k=1 floor=0.01 hardMax=15 ratio=1.63 lr=0.981
[GRAD-CLIP] trainerStep=20981 preNorm=0.8233 cap=15.0000 decided=0.3801 binding=relative applied=false mode=log_only median=0.3801 n=1000 k=1 floor=0.01 hardMax=15 ratio=2.17 lr=0.981
[GRAD-CLIP] trainerStep=20982 preNorm=0.7819 cap=15.0000 decided=0.3801 binding=relative applied=false mode=log_only median=0.3801 n=1000 k=1 floor=0.01 hardMax=15 ratio=2.06 lr=0.982
[GRAD-CLIP] trainerStep=20983 preNorm=0.4803 cap=15.0000 decided=0.3803 binding=relative applied=false mode=log_only median=0.3803 n=1000 k=1 floor=0.01 hardMax=15 ratio=1.26 lr=0.982
[GRAD-CLIP] trainerStep=20984 preNorm=0.7421 cap=15.0000 decided=0.3804 binding=relative applied=false mode=log_only median=0.3804 n=1000 k=1 floor=0.01 hardMax=15 ratio=1.95 lr=0.982
[GRAD-CLIP] trainerStep=20985 preNorm=0.8657 cap=15.0000 decided=0.3805 binding=relative applied=false mode=log_only median=0.3805 n=1000 k=1 floor=0.01 hardMax=15 ratio=2.28 lr=0.982
[GRAD-CLIP] trainerStep=20986 preNorm=0.9152 cap=15.0000 decided=0.3805 binding=relative applied=false mode=log_only median=0.3805 n=1000 k=1 floor=0.01 hardMax=15 ratio=2.41 lr=0.982
[GRAD-CLIP] trainerStep=20987 preNorm=0.6091 cap=15.0000 decided=0.3806 binding=relative applied=false mode=log_only median=0.3806 n=1000 k=1 floor=0.01 hardMax=15 ratio=1.60 lr=0.982
[GRAD-CLIP] trainerStep=20988 preNorm=0.5756 cap=15.0000 decided=0.3808 binding=relative applied=false mode=log_only median=0.3808 n=1000 k=1 floor=0.01 hardMax=15 ratio=1.51 lr=0.982
[GRAD-CLIP] trainerStep=20989 preNorm=0.8524 cap=15.0000 decided=0.3810 binding=relative applied=false mode=log_only median=0.3810 n=1000 k=1 floor=0.01 hardMax=15 ratio=2.24 lr=0.982
[GRAD-CLIP] trainerStep=20990 preNorm=0.7929 cap=15.0000 decided=0.3811 binding=relative applied=false mode=log_only median=0.3811 n=1000 k=1 floor=0.01 hardMax=15 ratio=2.08 lr=0.982
[GRAD-CLIP] trainerStep=20991 preNorm=0.7154 cap=15.0000 decided=0.3811 binding=relative applied=false mode=log_only median=0.3811 n=1000 k=1 floor=0.01 hardMax=15 ratio=1.88 lr=0.982
[GRAD-CLIP] trainerStep=20992 preNorm=0.5311 cap=15.0000 decided=0.3811 binding=relative applied=false mode=log_only median=0.3811 n=1000 k=1 floor=0.01 hardMax=15 ratio=1.39 lr=0.982
[GRAD-CLIP] trainerStep=20993 preNorm=0.7539 cap=15.0000 decided=0.3813 binding=relative applied=false mode=log_only median=0.3813 n=1000 k=1 floor=0.01 hardMax=15 ratio=1.98 lr=0.982
[GRAD-CLIP] trainerStep=20994 preNorm=0.7423 cap=15.0000 decided=0.3813 binding=relative applied=false mode=log_only median=0.3813 n=1000 k=1 floor=0.01 hardMax=15 ratio=1.95 lr=0.982
[GRAD-CLIP] trainerStep=20995 preNorm=0.5962 cap=15.0000 decided=0.3814 binding=relative applied=false mode=log_only median=0.3814 n=1000 k=1 floor=0.01 hardMax=15 ratio=1.56 lr=0.982
[GRAD-CLIP] trainerStep=20996 preNorm=0.5847 cap=15.0000 decided=0.3814 binding=relative applied=false mode=log_only median=0.3814 n=1000 k=1 floor=0.01 hardMax=15 ratio=1.53 lr=0.982
[GRAD-CLIP] trainerStep=20997 preNorm=0.5229 cap=15.0000 decided=0.3816 binding=relative applied=false mode=log_only median=0.3816 n=1000 k=1 floor=0.01 hardMax=15 ratio=1.37 lr=0.982
[GRAD-CLIP] trainerStep=20998 preNorm=0.5288 cap=15.0000 decided=0.3820 binding=relative applied=false mode=log_only median=0.3820 n=1000 k=1 floor=0.01 hardMax=15 ratio=1.38 lr=0.982
[GRAD-CLIP] trainerStep=20999 preNorm=0.6147 cap=15.0000 decided=0.3824 binding=relative applied=false mode=log_only median=0.3824 n=1000 k=1 floor=0.01 hardMax=15 ratio=1.61 lr=0.982
[GRAD-CLIP] trainerStep=21000 preNorm=0.5728 cap=15.0000 decided=0.3826 binding=relative applied=false mode=log_only median=0.3826 n=1000 k=1 floor=0.01 hardMax=15 ratio=1.50 lr=0.982
[REPLAY] step=3000 loss=5.4704 pLoss=4.2215 vLoss=0.8475 pEnt=2.864 pIllM=0.4014 playedP=0.066 pW=0.50 pD=0.06 pL=0.44 vAbs=0.123 pLogitMean=-2.1912 vLogitMean=0.5920 gNorm=0.573 lr=0.982 ms=1193.1 buf=500000 plies=26356383 games=393888 rejected=0 skipped=0 epoch=0 mom=0.8501 lrCyc[pk=9.8e-01,tr=9.9e-04] gNormMax=0.9152 clips=0 gCap=15.0000 trainerStep=21000
[LAYER-HEALTH] live trainerStep=21000 scope=batch_norm_state_only reluSites=2/10 ch=144 dead=21 off=11 alwaysOn=0 worst=policy.pre_bn(dead 20 off 7 on 0) maxBetaOverGamma=+0.84@policy.pre_bn[96] minBetaOverGamma=-709.50@policy.pre_bn[41] rvMaxOverMedian=45186.0@blocks.1.bn1[76] rezero=none nonFinite=0 parkedSites=9/10 parkedCh=1040 parked=21 parkedOff=11 parkedBy=policy.pre_bn:20/128,value.bn:1/16
[ALARM] health active rule=dead_channels severity=warning since=20650 trainerStep=21000 value=dead=21/1040 sites=policy.pre_bn(20/128),value.bn(1/16)
[ALARM] health active rule=illegal_mass severity=critical since=20700 trainerStep=21000 value=median=0.4700 min=0.0022
[ALARM] health active rule=loss_spike severity=warning since=20650 trainerStep=21000 value=median/ref=1.64 max/ref=1.75 ref=3.5626
[ALARM] health active rule=bn_running_variance_runaway severity=warning since=20600 trainerStep=21000 value=rvMaxOverMedian=45186.0 site=blocks.1.bn1
[HEALTH] check trainerStep=21000 generation=0 evaluations=21 live=20 checkpoint=1 stale=0 truncated=0 cost_ms=30.7 train_ms=1159037.3 liveReadFailed=0 lossMaxRatio=3.48 lossMedianRatio=2.26 gradMaxRatio=48.46 nodata=none active=dead_channels:warning,illegal_mass:critical,loss_spike:warning,bn_running_variance_runaway:warning dead_channels_sites=policy.pre_bn(20/128),value.bn(1/16)
[REPLAY] saved trainer model (autosave) step=3000 trainerStep=21000 nextGame=2706558 shard=5 epoch=0 -> 20261007-lrBsilu-relcapV1-replay-latest.safetensors
[LAYER-HEALTH] checkpoint replay-autosave step=3000 trainerStep=21000 scope=all_tensors reluSites=2/10 ch=144 dead=21 off=11 alwaysOn=0 worst=policy.pre_bn(dead 20 off 7 on 0) maxBetaOverGamma=+0.84@policy.pre_bn[96] minBetaOverGamma=-709.50@policy.pre_bn[41] rvMaxOverMedian=45186.0@blocks.1.bn1[76] rezero=none nonFinite=0 parkedSites=9/10 parkedCh=1040 parked=21 parkedOff=11 parkedBy=policy.pre_bn:20/128,value.bn:1/16 seZeroVel=none valueFC1ZeroVel=0/128 maxAbs=4.264e+04@blocks.0.bn2.running_var
[LAYER-HEALTH]   batch-norm sites — β/|γ|: dead < -3.00, mostly off < -2.00, always on > +3.00; classified for relu/leaky_relu only
[LAYER-HEALTH]     site            act            ch   dead    off     on  zeroγ nonfin  min β/|γ| [ch]     max β/|γ| [ch]     rv max/median [ch]
[LAYER-HEALTH]     stem.bn         -             128    n/a    n/a    n/a      0      0     -1.46 [76]         +0.45 [102]          18.6 [43]
[LAYER-HEALTH]     blocks.0.bn1    silu          128    n/a    n/a    n/a      0      0     -8.35 [16]         +0.43 [43]            7.5 [31]
[LAYER-HEALTH]     blocks.0.bn2    silu          128    n/a    n/a    n/a      0      0    -34.06 [21]        +85.08 [3]           156.6 [14]
[LAYER-HEALTH]     blocks.1.bn1    silu          128    n/a    n/a    n/a      0      0   -139.51 [105]        +0.70 [67]        45186.0 [76]
[LAYER-HEALTH]     blocks.1.bn2    silu          128    n/a    n/a    n/a      0      0    -11.21 [103]        +0.70 [54]           89.7 [86]
[LAYER-HEALTH]     blocks.2.bn1    silu          128    n/a    n/a    n/a      0      0    -23.01 [24]         +1.74 [31]        42205.4 [76]
[LAYER-HEALTH]     blocks.2.bn2    silu          128    n/a    n/a    n/a      0      0     -2.67 [24]         +2.05 [16]           13.3 [117]
[LAYER-HEALTH]     tower_final_bn  silu          128    n/a    n/a    n/a      0      0     -1.00 [28]         +2.00 [111]         135.0 [76]
[LAYER-HEALTH]     policy.pre_bn   leaky_relu    128     20      7      0      0      0   -709.50 [41]         +0.84 [96]           49.0 [108]
[LAYER-HEALTH]     value.bn        leaky_relu     16      1      4      0      0      0     -4.81 [10]         -0.08 [0]             4.5 [0]
[LAYER-HEALTH]   parked channels — every activation: pass-through P = E|f'(γz+β)|, z ~ N(0,1); parked when P above its floor < 0.00135 of the range (Φ(-3)), mostly off < 0.02275 (Φ(-2)); equals dead / off for relu/leaky_relu
[LAYER-HEALTH]     site            act            ch parked    off       min P   median P
[LAYER-HEALTH]     blocks.0.bn1    silu          128      0      0    0.037563   0.408301
[LAYER-HEALTH]     blocks.0.bn2    silu          128      0      0    0.043747   0.468359
[LAYER-HEALTH]     blocks.1.bn1    silu          128      0      0    0.031435   0.327741
[LAYER-HEALTH]     blocks.1.bn2    silu          128      0      0    0.025637   0.383111
[LAYER-HEALTH]     blocks.2.bn1    silu          128      0      0    0.032422   0.263917
[LAYER-HEALTH]     blocks.2.bn2    silu          128      0      0    0.111223   0.376282
[LAYER-HEALTH]     tower_final_bn  silu          128      0      0    0.259017   0.557478
[LAYER-HEALTH]     policy.pre_bn   leaky_relu    128     20      7    0.010000   0.262308
[LAYER-HEALTH]     value.bn        leaky_relu     16      1      4    0.010001   0.053606
[LAYER-HEALTH]   FC hidden-unit velocity — zero: every weight-velocity entry exactly 0; low: nonzero but < 5% of the layer's p90 unit norm
[LAYER-HEALTH]     value.fc1.weight  leaky_relu  units 128  zero 0  low 36  median unit norm 9.000e-04
[LAYER-HEALTH]     (no SE blocks)
[LAYER-HEALTH]   ReZero: none
[LAYER-HEALTH]   non-finite: 0 values in 0 of 102 tensors (10263038 values examined)
[LAYER-HEALTH]   largest |value|: blocks.0.bn2.running_var 4.264e+04, blocks.1.bn2.running_var 3.494e+04, blocks.1.bn1.running_var 1.004e+04, blocks.2.bn1.running_var 9399, blocks.2.bn2.running_var 1921
[REPLAY] enumerated checkpoint -> 20261007-lrBsilu-relcapV1-replay-step21000.safetensors
[REPLAY] saved trainer model (final) step=3000 trainerStep=21000 nextGame=2706558 shard=5 epoch=0 -> 20261007-lrBsilu-relcapV1-replay-latest.safetensors
[LAYER-HEALTH] checkpoint replay-final step=3000 trainerStep=21000 scope=all_tensors reluSites=2/10 ch=144 dead=21 off=11 alwaysOn=0 worst=policy.pre_bn(dead 20 off 7 on 0) maxBetaOverGamma=+0.84@policy.pre_bn[96] minBetaOverGamma=-709.50@policy.pre_bn[41] rvMaxOverMedian=45186.0@blocks.1.bn1[76] rezero=none nonFinite=0 parkedSites=9/10 parkedCh=1040 parked=21 parkedOff=11 parkedBy=policy.pre_bn:20/128,value.bn:1/16 seZeroVel=none valueFC1ZeroVel=0/128 maxAbs=4.264e+04@blocks.0.bn2.running_var
[LAYER-HEALTH]   batch-norm sites — β/|γ|: dead < -3.00, mostly off < -2.00, always on > +3.00; classified for relu/leaky_relu only
[LAYER-HEALTH]     site            act            ch   dead    off     on  zeroγ nonfin  min β/|γ| [ch]     max β/|γ| [ch]     rv max/median [ch]
[LAYER-HEALTH]     stem.bn         -             128    n/a    n/a    n/a      0      0     -1.46 [76]         +0.45 [102]          18.6 [43]
[LAYER-HEALTH]     blocks.0.bn1    silu          128    n/a    n/a    n/a      0      0     -8.35 [16]         +0.43 [43]            7.5 [31]
[LAYER-HEALTH]     blocks.0.bn2    silu          128    n/a    n/a    n/a      0      0    -34.06 [21]        +85.08 [3]           156.6 [14]
[LAYER-HEALTH]     blocks.1.bn1    silu          128    n/a    n/a    n/a      0      0   -139.51 [105]        +0.70 [67]        45186.0 [76]
[LAYER-HEALTH]     blocks.1.bn2    silu          128    n/a    n/a    n/a      0      0    -11.21 [103]        +0.70 [54]           89.7 [86]
[LAYER-HEALTH]     blocks.2.bn1    silu          128    n/a    n/a    n/a      0      0    -23.01 [24]         +1.74 [31]        42205.4 [76]
[LAYER-HEALTH]     blocks.2.bn2    silu          128    n/a    n/a    n/a      0      0     -2.67 [24]         +2.05 [16]           13.3 [117]
[LAYER-HEALTH]     tower_final_bn  silu          128    n/a    n/a    n/a      0      0     -1.00 [28]         +2.00 [111]         135.0 [76]
[LAYER-HEALTH]     policy.pre_bn   leaky_relu    128     20      7      0      0      0   -709.50 [41]         +0.84 [96]           49.0 [108]
[LAYER-HEALTH]     value.bn        leaky_relu     16      1      4      0      0      0     -4.81 [10]         -0.08 [0]             4.5 [0]
[LAYER-HEALTH]   parked channels — every activation: pass-through P = E|f'(γz+β)|, z ~ N(0,1); parked when P above its floor < 0.00135 of the range (Φ(-3)), mostly off < 0.02275 (Φ(-2)); equals dead / off for relu/leaky_relu
[LAYER-HEALTH]     site            act            ch parked    off       min P   median P
[LAYER-HEALTH]     blocks.0.bn1    silu          128      0      0    0.037563   0.408301
[LAYER-HEALTH]     blocks.0.bn2    silu          128      0      0    0.043747   0.468359
[LAYER-HEALTH]     blocks.1.bn1    silu          128      0      0    0.031435   0.327741
[LAYER-HEALTH]     blocks.1.bn2    silu          128      0      0    0.025637   0.383111
[LAYER-HEALTH]     blocks.2.bn1    silu          128      0      0    0.032422   0.263917
[LAYER-HEALTH]     blocks.2.bn2    silu          128      0      0    0.111223   0.376282
[LAYER-HEALTH]     tower_final_bn  silu          128      0      0    0.259017   0.557478
[LAYER-HEALTH]     policy.pre_bn   leaky_relu    128     20      7    0.010000   0.262308
[LAYER-HEALTH]     value.bn        leaky_relu     16      1      4    0.010001   0.053606
[LAYER-HEALTH]   FC hidden-unit velocity — zero: every weight-velocity entry exactly 0; low: nonzero but < 5% of the layer's p90 unit norm
[LAYER-HEALTH]     value.fc1.weight  leaky_relu  units 128  zero 0  low 36  median unit norm 9.000e-04
[LAYER-HEALTH]     (no SE blocks)
[LAYER-HEALTH]   ReZero: none
[LAYER-HEALTH]   non-finite: 0 values in 0 of 102 tensors (10263038 values examined)
[LAYER-HEALTH]   largest |value|: blocks.0.bn2.running_var 4.264e+04, blocks.1.bn2.running_var 3.494e+04, blocks.1.bn1.running_var 1.004e+04, blocks.2.bn1.running_var 9399, blocks.2.bn2.running_var 1921
[REPLAY] enumerated checkpoint -> 20261007-lrBsilu-relcapV1-replay-step21000.safetensors (replaced this run's own earlier save of trainer step 21000)
[HEALTH] check trainerStep=21000 generation=0 evaluations=2 live=0 checkpoint=2 stale=0 truncated=0 cost_ms=0.1 train_ms=0.0 liveReadFailed=0 lossMaxRatio=-- lossMedianRatio=-- gradMaxRatio=-- nodata=none active=dead_channels:warning,illegal_mass:critical,loss_spike:warning,bn_running_variance_runaway:warning dead_channels_sites=policy.pre_bn(20/128),value.bn(1/16) final=true
[REPLAY] done: steps=3000 positionsFed=26356383 gamesFed=393888 rejected=0 skipped=0 epochs=0
