k,gamma,beta,running_mean,running_var,on_ratio,p_on,act_mean,act_std,act_second,pre_row_norm,final_col_norm,effective_contribution,mean_over_std,bn_input_rounding_noise,dead,mostly_off,flat,always_on,negative_gamma,mean_row_component,shared_contribution,column_shared_fraction,pre_row_rel_change,pre_row_cos_ref,pre_row_norm_ratio_ref,gamma_delta,beta_delta,final_col_rel_change
0,1.04688,-0.0712891,-1.09375,0.186523,-0.068097,0.472854,0.384155,0.585735,0.49066,0.811931,0.582863,0.341403,2.53251,0.00689944,0,0,0,0,0,0.00283066,0.00108741,0.0423377,0.42187,0.927612,0.731558,0.046875,-0.0712891,1.27886
1,0.859375,-0.0717773,-0.129883,0.699219,-0.0835227,0.466718,0.308723,0.476506,0.322368,1.29772,0.509782,0.242915,0.155326,0.0022565,0,0,0,0,0,-0.00797515,-0.00246211,0.136383,0.34093,0.975647,0.71465,-0.140625,-0.0717773,1.10869
2,0.867188,0.02771,0.914062,0.257812,0.0319538,0.512746,0.361599,0.514693,0.395663,1.04243,0.582803,0.299965,1.80021,0.00546917,0,0,0,0,0,-0.017275,-0.00624661,0.258406,0.453817,0.911343,0.720305,-0.132812,0.02771,0.886461
3,0.84375,-0.0854492,-1.3125,0.474609,-0.101273,0.459667,0.295621,0.463026,0.301785,1.03963,0.561074,0.259792,1.90516,0.00567414,0,0,0,0,0,0.00331711,0.000980606,0.0515401,0.388211,0.94986,0.719769,-0.15625,-0.0854492,1.06189
4,1.03906,0.0238037,-2.20312,0.574219,0.0229088,0.509139,0.428568,0.613412,0.559945,1.14719,0.482033,0.295685,2.90737,0.00763158,0,0,0,0,0,-0.0249052,-0.0106736,0.450422,0.313595,0.987481,0.716444,0.0390625,0.0238037,0.952736
5,0.785156,-0.097168,0.546875,0.441406,-0.123756,0.450754,0.266266,0.425291,0.251769,1.14512,0.536612,0.228216,0.823131,0.0035608,0,0,0,0,0,-0.00151684,-0.000403883,0.0246427,0.350602,0.967238,0.725431,-0.214844,-0.097168,0.982918
6,1.01562,0.0654297,-0.269531,0.289062,0.0644231,0.525683,0.439983,0.61449,0.571182,0.970659,0.463527,0.284833,0.501318,0.00293226,0,0,0,0,0,-0.0232797,-0.0102427,0.437833,0.383884,0.952818,0.717808,0.015625,0.0654297,0.851666
7,0.820312,-0.0849609,1.35156,0.609375,-0.103571,0.458755,0.286467,0.449563,0.28417,1.12933,0.811275,0.364719,1.73139,0.00533474,0,0,0,0,0,0.00787354,0.00225551,0.0846074,0.420237,0.920644,0.765131,-0.179688,-0.0849609,1.19029
8,1.03906,-0.19043,-0.835938,0.324219,-0.183271,0.427293,0.322623,0.543296,0.399256,1.11401,0.969764,0.526869,1.4681,0.0048205,0,0,0,0,0,0.0430681,0.0138948,0.387165,0.44906,0.903361,0.770258,0.0390625,-0.19043,1.42094
9,0.929688,-0.15625,0.0854492,0.283203,-0.168067,0.433265,0.294682,0.490945,0.327864,1.01007,0.739693,0.363148,0.160568,0.00226673,0,0,0,0,0,0.00927172,0.00273221,0.109274,0.506818,0.869374,0.756791,-0.0703125,-0.15625,1.28654
10,0.871094,-0.199219,-0.0864258,0.302734,-0.2287,0.409551,0.256127,0.440643,0.259768,0.989719,0.664352,0.292742,0.157077,0.00225992,0,0,0,0,0,0.0172778,0.00442531,0.226723,0.378861,0.951536,0.730275,-0.128906,-0.199219,1.32789
11,0.898438,-0.0268555,-0.488281,0.535156,-0.0298913,0.488077,0.346848,0.514103,0.384605,1.05434,0.601282,0.309121,0.667467,0.00325677,0,0,0,0,0,-0.0325394,-0.0112862,0.471778,0.37651,0.957692,0.714929,-0.101562,-0.0268555,0.881963
12,1.04688,0.214844,-0.574219,0.410156,0.205224,0.581301,0.531563,0.684845,0.751572,0.989288,0.599504,0.410567,0.896608,0.00370431,0,0,0,0,0,-0.051425,-0.0273356,0.747806,0.332186,0.979576,0.715158,0.046875,0.214844,0.93754
13,0.890625,-0.164062,-0.373047,0.225586,-0.184211,0.426924,0.276231,0.465365,0.292868,0.933854,0.816789,0.380105,0.78543,0.00348717,0,0,0,0,0,0.0189377,0.00523117,0.202126,0.506106,0.867754,0.772151,-0.109375,-0.164062,1.22239
14,1.125,0.246094,-1.28906,0.332031,0.21875,0.586578,0.580934,0.740257,0.885465,0.844075,0.660161,0.488689,2.2371,0.00632245,0,0,0,0,0,-0.0548851,-0.0318846,0.724788,0.36504,0.963433,0.715527,0.125,0.246094,1.06292
15,0.945312,-0.0932617,-0.453125,0.408203,-0.098657,0.460705,0.332442,0.519551,0.380451,0.983927,0.875963,0.455107,0.709218,0.00333832,0,0,0,0,0,0.00730103,0.00242717,0.0726617,0.431509,0.917448,0.750383,-0.0546875,-0.0932617,1.27003
16,1.03906,0.0805664,-1.85156,0.367188,0.0775376,0.530902,0.45695,0.633567,0.61021,1.13747,0.580668,0.367892,3.05559,0.00792107,0,0,0,0,0,-0.0312025,-0.014258,0.468456,0.317696,0.986399,0.714529,0.0390625,0.0805664,1.0347
17,1.07031,0.146484,-0.703125,0.380859,0.136861,0.55443,0.50244,0.675876,0.709255,1.08557,0.600451,0.405831,1.13933,0.00417838,0,0,0,0,0,-0.0415321,-0.0208674,0.602993,0.348639,0.971433,0.716028,0.0703125,0.146484,0.981865
18,1.04688,0.193359,0.147461,0.59375,0.184701,0.573268,0.517865,0.678853,0.729026,1.17036,0.575159,0.390448,0.191371,0.0023269,0,0,0,0,0,-0.0330419,-0.0171112,0.500822,0.417919,0.934484,0.715585,0.046875,0.193359,0.933568
19,0.96875,0.0617676,0.523438,0.174805,0.0637601,0.525419,0.419355,0.585899,0.519136,1.06674,0.599638,0.351327,1.25195,0.00439835,0,0,0,0,0,-0.0323416,-0.0135626,0.470196,0.389364,0.949502,0.718942,-0.03125,0.0617676,1.3226
20,0.957031,-0.207031,0.239258,0.392578,-0.216327,0.414367,0.285687,0.488516,0.320265,1.02279,0.872292,0.426129,0.381859,0.00269894,0,0,0,0,0,0.00405542,0.00115858,0.0405305,0.410258,0.933312,0.734862,-0.0429688,-0.207031,1.38028
21,0.855469,0.0378418,2.1875,0.320312,0.0442352,0.517642,0.361966,0.511442,0.392592,0.905358,0.556268,0.284499,3.8651,0.00950216,0,0,0,0,0,-0.0279249,-0.0101079,0.437637,0.417554,0.930708,0.729291,-0.144531,0.0378418,1.11336
22,1.09375,0.141602,-0.578125,0.294922,0.129464,0.551505,0.509397,0.687675,0.732382,0.839963,0.758732,0.521761,1.06456,0.00403233,0,0,0,0,0,-0.0546775,-0.0278525,0.628242,0.41516,0.927487,0.746957,0.09375,0.141602,1.06839
23,1.09375,0.227539,-1.90625,0.597656,0.208036,0.582399,0.557325,0.716376,0.823806,0.958401,0.63916,0.457879,2.46578,0.0067691,0,0,0,0,0,-0.0581318,-0.0323983,0.792886,0.306145,0.990066,0.718118,0.09375,0.227539,1.13548
24,1.58594,-0.000808716,-1.35938,0.3125,-0.000509929,0.499797,0.63556,0.923382,1.25657,1.22701,1.17143,1.08167,2.43172,0.00670259,0,0,0,0,0,-0.0271569,-0.0172598,0.202102,0.685618,0.728027,0.718254,0.585938,-0.000808716,2.34837
25,0.867188,-0.191406,-1.32031,0.192383,-0.220721,0.412655,0.257487,0.441236,0.260989,0.90949,0.746894,0.329557,3.01019,0.0078324,0,0,0,0,0,0.0227526,0.00585849,0.26557,0.494296,0.875839,0.76896,-0.132812,-0.191406,1.25132
26,2.73438,0.765625,0.855469,0.341797,0.28,0.610261,1.51877,1.84801,5.72182,1.095,2.6212,4.844,1.46326,0.00481105,0,0,0,0,0,-0.0891964,-0.135469,0.296657,0.96864,0.418258,0.754716,1.73438,0.765625,5.12115
27,1.07812,0.0649414,-0.65625,0.433594,0.0602355,0.524016,0.464801,0.65069,0.639438,1.06634,0.568888,0.37017,0.996616,0.00389964,0,0,0,0,0,-0.0262888,-0.0122191,0.402856,0.33686,0.977554,0.714713,0.078125,0.0649414,0.759308
28,1.07812,0.199219,-0.140625,0.357422,0.184783,0.5733,0.53338,0.699141,0.773293,0.963742,0.613801,0.429134,0.235219,0.00241254,0,0,0,0,0,-0.036179,-0.0192971,0.513849,0.520844,0.863346,0.734334,0.078125,0.199219,0.875967
29,0.886719,-0.131836,-0.396484,0.404297,-0.148678,0.440904,0.289658,0.473464,0.30807,1.05891,0.714944,0.3385,0.623557,0.00317101,0,0,0,0,0,0.00514342,0.00148983,0.0627172,0.356053,0.961498,0.73511,-0.113281,-0.131836,1.43565
30,0.859375,-0.0461426,1.03906,0.203125,-0.0536932,0.47859,0.32154,0.484909,0.338525,0.882357,0.613259,0.297375,2.30547,0.006456,0,0,0,0,0,-0.0187672,-0.00603441,0.266785,0.442316,0.913318,0.740711,-0.140625,-0.0461426,1.04121
31,1.11719,0.133789,-1.35156,0.320312,0.119755,0.547661,0.514889,0.698403,0.752877,0.831374,0.57812,0.40376,2.38808,0.00661735,0,0,0,0,0,-0.0441762,-0.0227458,0.666157,0.373037,0.957814,0.719981,0.117188,0.133789,0.967756
32,0.886719,-0.0991211,-0.816406,0.361328,-0.111784,0.455497,0.306016,0.483644,0.327557,1.13756,0.708674,0.342746,1.35817,0.00460581,0,0,0,0,0,-0.00811828,-0.00248432,0.0998675,0.385352,0.94947,0.725886,-0.113281,-0.0991211,1.00687
33,0.839844,-0.0639648,0.40625,0.341797,-0.0761628,0.469645,0.304797,0.467685,0.31163,1.07149,0.696537,0.32576,0.694879,0.00331031,0,0,0,0,0,-0.00119724,-0.000364914,0.0149845,0.355468,0.961362,0.736475,-0.160156,-0.0639648,0.924351
34,0.875,0.0449219,0.173828,0.398438,0.0513393,0.520472,0.373338,0.525323,0.415346,1.14829,0.549879,0.288864,0.275385,0.00249099,0,0,0,0,0,-0.0264688,-0.0098818,0.419637,0.342377,0.971442,0.724621,-0.125,0.0449219,1.0001
35,0.917969,-0.0444336,0.570312,0.746094,-0.0484043,0.480697,0.345891,0.519584,0.389608,1.16215,0.648975,0.337197,0.660262,0.0032427,0,0,0,0,0,-0.0190257,-0.0065808,0.255575,0.328939,0.978145,0.723257,-0.0820312,-0.0444336,0.914451
36,1.04688,0.0810547,-1.21094,0.498047,0.0774254,0.530857,0.460327,0.638288,0.619312,0.945861,0.469597,0.299738,1.71588,0.00530445,0,0,0,0,0,-0.0356263,-0.0163997,0.661381,0.322575,0.983694,0.715909,0.046875,0.0810547,0.785812
37,1.03125,0.0603027,0.699219,0.628906,0.0584754,0.523315,0.443685,0.621751,0.583431,1.24315,0.603129,0.374996,0.881699,0.00367519,0,0,0,0,0,-0.0385806,-0.0171176,0.557654,0.30859,0.989833,0.715978,0.03125,0.0603027,0.958114
38,1.00781,0.0458984,-0.832031,0.292969,0.0455426,0.518163,0.427084,0.602987,0.545995,1.21108,0.603856,0.364118,1.5372,0.00495546,0,0,0,0,0,-0.0150783,-0.0064397,0.217683,0.425483,0.9289,0.719397,0.0078125,0.0458984,1.24577
39,1.03125,-0.202148,-0.953125,0.376953,-0.196023,0.422296,0.315431,0.534246,0.384916,1.13045,0.893564,0.477383,1.55241,0.00498517,0,0,0,0,0,0.0260387,0.00821343,0.254039,0.359797,0.960152,0.733556,0.03125,-0.202148,1.59213
40,0.734375,-0.165039,0.0385742,0.425781,-0.224734,0.411093,0.216983,0.372564,0.185886,0.912502,0.735895,0.274168,0.0591158,0.00206859,0,0,0,0,0,0.00336888,0.000730991,0.0399095,0.397582,0.936941,0.747391,-0.265625,-0.165039,0.887364
41,0.925781,0.041748,-0.914062,0.223633,0.0450949,0.517984,0.392114,0.55376,0.460404,1.13717,0.446764,0.2474,1.93289,0.00572831,0,0,0,0,0,-0.0149157,-0.00584865,0.291053,0.342843,0.974024,0.716607,-0.0742188,0.041748,1.11084
42,1.0625,0.147461,-1.28906,0.5,0.138787,0.555191,0.499795,0.671704,0.700981,1.05022,0.53414,0.358784,1.82301,0.00551369,0,0,0,0,0,-0.0411495,-0.0205664,0.671609,0.380656,0.954537,0.71781,0.0625,0.147461,0.998294
43,1.0625,0.163086,0.671875,0.238281,0.153493,0.560995,0.507608,0.677537,0.716722,1.08975,0.644476,0.436656,1.3764,0.0046414,0,0,0,0,0,-0.0373811,-0.018975,0.505653,0.411375,0.9373,0.718758,0.0625,0.163086,1.27474
44,0.972656,-0.0269775,-1.22656,0.570312,-0.0277359,0.488936,0.376549,0.55728,0.452349,0.995536,0.519958,0.289762,1.62418,0.00512534,0,0,0,0,0,-0.0316303,-0.0119103,0.530325,0.324172,0.981129,0.720933,-0.0273438,-0.0269775,0.903013
45,0.949219,-0.138672,0.0839844,0.341797,-0.146091,0.441925,0.311303,0.507588,0.354555,0.881729,0.75042,0.380904,0.143653,0.0022337,0,0,0,0,0,0.00563712,0.00175485,0.0654877,0.524382,0.855736,0.77053,-0.0507812,-0.138672,1.12833
46,1.03125,0.0466309,1.125,0.188477,0.0452178,0.518033,0.436849,0.616892,0.571392,0.832614,0.788473,0.486402,2.59134,0.00701433,0,0,0,0,0,-0.0324099,-0.0141582,0.358342,0.62257,0.78261,0.774184,0.03125,0.0466309,1.22153
47,1.04688,0.160156,-1.91406,0.474609,0.152985,0.560795,0.499877,0.667374,0.695266,0.988479,0.594193,0.396549,2.77836,0.0073796,0,0,0,0,0,-0.0402542,-0.0201222,0.590596,0.32139,0.984719,0.714602,0.046875,0.160156,0.901181
48,1.04688,0.0385742,0.200195,0.220703,0.036847,0.514697,0.439086,0.623143,0.581104,0.82825,0.499334,0.311157,0.426137,0.00278542,0,0,0,0,0,-0.0240419,-0.0105565,0.419743,0.520346,0.866919,0.717555,0.046875,0.0385742,1.08849
49,0.960938,-0.0612793,2.25,0.59375,-0.0637703,0.474577,0.354699,0.539018,0.416352,1.04253,0.557466,0.300484,2.91999,0.00765622,0,0,0,0,0,-0.0159858,-0.00567015,0.249991,0.347654,0.971374,0.717543,-0.0390625,-0.0612793,0.942686
50,0.835938,-0.0441895,2.3125,0.318359,-0.0528621,0.478921,0.313118,0.471915,0.320746,1.11181,0.559389,0.263984,4.09848,0.00995797,0,0,0,0,0,-0.00375271,-0.00117504,0.0584841,0.342382,0.97025,0.728154,-0.164062,-0.0441895,1.11115
51,0.964844,-0.386719,1.82031,0.462891,-0.40081,0.34428,0.223508,0.429546,0.234465,1.32202,0.87148,0.37434,2.67551,0.00717873,0,0,0,0,0,0.0280687,0.00627357,0.280784,0.934861,0.655718,1.20702,-0.0351562,-0.386719,1.56901
52,0.90625,0.0629883,-0.100098,0.183594,0.0695043,0.527706,0.394903,0.549965,0.458409,0.759152,0.630479,0.346741,0.233612,0.0024094,0,0,0,0,0,-0.0344897,-0.0136201,0.476898,0.444816,0.904878,0.775781,-0.09375,0.0629883,1.07929
53,0.855469,-0.0189209,0.792969,0.3125,-0.0221176,0.491177,0.333585,0.491764,0.353111,1.0154,0.601607,0.295849,1.41851,0.00472364,0,0,0,0,0,-0.0181625,-0.00605872,0.26319,0.405943,0.938253,0.725863,-0.144531,-0.0189209,1.25752
54,1.10938,0.125,0.695312,0.263672,0.112676,0.544856,0.507362,0.690629,0.734384,0.921938,0.693259,0.478785,1.35409,0.00459784,0,0,0,0,0,-0.0356758,-0.0181005,0.448626,0.509324,0.8713,0.735015,0.109375,0.125,1.03044
55,1.07812,0.168945,2.25,0.417969,0.156703,0.56226,0.516803,0.688798,0.741528,1.12604,0.590696,0.40687,3.48025,0.00875049,0,0,0,0,0,-0.0464169,-0.0239884,0.685044,0.375628,0.957558,0.716699,0.078125,0.168945,0.92179
56,0.957031,0.132812,-0.0698242,0.200195,0.138776,0.555186,0.450178,0.605023,0.568713,0.830131,0.54853,0.331874,0.156056,0.00225792,0,0,0,0,0,-0.0299392,-0.013478,0.475824,0.447444,0.913031,0.729096,-0.0429688,0.132812,0.958296
57,0.789062,-0.0991211,1.69531,0.267578,-0.125619,0.450017,0.266855,0.426947,0.253495,0.988743,0.670548,0.286288,3.27736,0.00835422,0,0,0,0,0,-0.00389275,-0.0010388,0.0506096,0.425209,0.923169,0.741388,-0.210938,-0.0991211,1.21078
58,0.972656,0.00144958,-0.753906,0.253906,0.00149034,0.500595,0.390762,0.56698,0.474162,0.993284,0.840627,0.476619,1.49617,0.00487533,0,0,0,0,0,-0.0120086,-0.00469249,0.124536,0.418465,0.925163,0.748984,-0.0273438,0.00144958,1.24679
59,0.972656,0.0212402,-0.925781,0.345703,0.0218373,0.508711,0.400658,0.573845,0.489825,1.05563,0.406129,0.233055,1.57455,0.00502842,0,0,0,0,0,-0.019901,-0.00797349,0.427186,0.330082,0.980708,0.714734,-0.0273438,0.0212402,0.752703
60,0.851562,-0.0388184,0.474609,0.308594,-0.0455849,0.481821,0.322069,0.482797,0.336822,1.20351,0.61043,0.294714,0.854364,0.0036218,0,0,0,0,0,-0.00889507,-0.00286483,0.127034,0.324362,0.97967,0.72479,-0.148438,-0.0388184,0.965658
61,1.11719,0.217773,-0.476562,0.773438,0.19493,0.577276,0.559933,0.727621,0.842957,1.01928,0.643584,0.468285,0.541885,0.00301149,0,0,0,0,0,-0.0502272,-0.0281239,0.680363,0.293484,0.997637,0.712308,0.117188,0.217773,0.929377
62,1.15625,0.108887,-0.667969,0.322266,0.0941723,0.537514,0.518102,0.711989,0.775358,0.963652,0.764072,0.54401,1.17666,0.00425128,0,0,0,0,0,-0.0340136,-0.0176225,0.388084,0.474082,0.898049,0.721284,0.15625,0.108887,1.62634
63,0.910156,-0.0169678,0.453125,0.162109,-0.0186427,0.492563,0.356491,0.524275,0.401951,0.805406,0.494656,0.259336,1.12542,0.00415121,0,0,0,0,0,-0.0218361,-0.00778438,0.384839,0.528402,0.855556,0.749795,-0.0898438,-0.0169678,1.10049
64,0.800781,-0.0981445,0.222656,0.6875,-0.122561,0.451227,0.272043,0.434054,0.26241,1.31861,0.540441,0.23458,0.268534,0.0024776,0,0,0,0,0,-0.000434675,-0.00011825,0.0070117,0.317644,0.985523,0.716909,-0.199219,-0.0981445,1.0289
65,0.972656,0.00567627,-0.4375,0.390625,0.00583584,0.502328,0.392876,0.568439,0.477474,0.935981,0.547823,0.311404,0.7,0.00332031,0,0,0,0,0,-0.0103067,-0.00404925,0.164016,0.518151,0.862776,0.749366,-0.0273438,0.00567627,1.25885
66,0.9375,-0.121094,-1.8125,0.394531,-0.129167,0.448613,0.315393,0.506226,0.355737,1.09878,0.612524,0.310075,2.88561,0.00758908,0,0,0,0,0,0.0121531,0.00383301,0.17297,0.38125,0.951096,0.727634,-0.0625,-0.121094,1.21285
67,0.710938,-0.0231934,1.375,0.734375,-0.0326236,0.486987,0.273491,0.406157,0.239761,1.30563,0.644331,0.2617,1.60451,0.00508694,0,0,0,0,0,-0.00396024,-0.00108309,0.053582,0.348708,0.969309,0.722009,-0.289062,-0.0231934,0.966104
68,0.953125,-0.0202637,-1.00781,0.386719,-0.0212602,0.491519,0.372074,0.548179,0.438939,1.00517,0.482374,0.264427,1.62062,0.00511841,0,0,0,0,0,-0.0140325,-0.00522111,0.253605,0.350254,0.969453,0.719418,-0.046875,-0.0202637,0.956364
69,0.824219,-0.0966797,0.279297,0.773438,-0.117299,0.453312,0.282174,0.44812,0.280434,1.10301,0.483288,0.216571,0.31758,0.0025734,0,0,0,0,0,-0.00205311,-0.000579334,0.037035,0.328549,0.977537,0.725499,-0.175781,-0.0966797,0.919667
70,0.976562,-0.00836182,0.170898,0.209961,-0.0085625,0.496584,0.387423,0.565886,0.470323,1.00632,0.60656,0.343244,0.372966,0.00268157,0,0,0,0,0,-0.00940758,-0.00364471,0.135211,0.359623,0.962208,0.727318,-0.0234375,-0.00836182,1.1666
71,1.05469,-0.00506592,1.32812,0.425781,-0.00480324,0.498084,0.420399,0.612515,0.551911,1.17474,0.658745,0.403492,2.03538,0.00592848,0,0,0,0,0,-0.0338729,-0.0142401,0.448272,0.371266,0.959275,0.718346,0.0546875,-0.00506592,1.13949
72,1.01562,0.0996094,-2.98438,0.425781,0.0980769,0.539064,0.457073,0.62684,0.601844,1.30455,0.630624,0.3953,4.57362,0.010886,0,0,0,0,0,-0.0142868,-0.0065301,0.197502,0.38437,0.949145,0.728653,0.015625,0.0996094,1.23775
73,0.976562,-0.090332,1.11719,0.238281,-0.0925,0.46315,0.346438,0.538655,0.410168,1.00448,0.798512,0.430122,2.28866,0.00642316,0,0,0,0,0,0.00901272,0.00312235,0.0983969,0.382319,0.94908,0.732466,-0.0234375,-0.090332,1.20102
74,0.878906,-0.00524902,2.42188,0.46875,-0.00597222,0.497617,0.349819,0.510077,0.382552,1.07555,0.755421,0.385323,3.53737,0.00886206,0,0,0,0,0,-0.0341915,-0.0119608,0.394581,0.387399,0.942813,0.745395,-0.121094,-0.00524902,1.10778
75,0.972656,0.0107422,-0.291016,0.22168,0.0110442,0.504406,0.395409,0.570193,0.481467,1.02514,0.527954,0.301035,0.618092,0.00316034,0,0,0,0,0,-0.00651229,-0.00257502,0.107534,0.378873,0.953708,0.723265,-0.0273438,0.0107422,0.985356
76,0.867188,-0.0480957,1.375,0.302734,-0.0554617,0.477885,0.323696,0.488809,0.343714,1.11898,0.579597,0.283312,2.49903,0.00683405,0,0,0,0,0,-0.0137965,-0.00446586,0.207514,0.34524,0.970561,0.723217,-0.132812,-0.0480957,0.92664
77,1.48438,0.0820312,0.431641,0.189453,0.0552632,0.522036,0.636254,0.893245,1.20271,1.06229,1.24316,1.11045,0.99168,0.00389,0,0,0,0,0,-0.0320732,-0.0204067,0.224916,0.696921,0.717547,0.741488,0.484375,0.0820312,2.42097
78,0.890625,0.0771484,0.120117,0.433594,0.0866228,0.534514,0.395717,0.545982,0.454688,1.12893,0.625537,0.341532,0.182416,0.00230941,0,0,0,0,0,-0.0331655,-0.0131242,0.462211,0.369093,0.959419,0.721271,-0.109375,0.0771484,1.15309
79,1.08594,0.255859,-0.75,0.443359,0.235612,0.593133,0.572437,0.719797,0.845791,1.04901,0.77563,0.558296,1.12638,0.00415308,0,0,0,0,0,-0.0667718,-0.0382226,0.75049,0.40959,0.933994,0.733723,0.0859375,0.255859,1.24842
80,0.757812,-0.188477,0.222656,0.457031,-0.248711,0.401792,0.217323,0.377748,0.189923,1.1533,0.822183,0.310578,0.329353,0.00259639,0,0,0,0,0,0.0400111,0.00869534,0.424247,0.36601,0.954572,0.742038,-0.242188,-0.188477,1.19318
81,1.03906,-0.065918,-0.914062,0.419922,-0.0634398,0.474708,0.383708,0.582954,0.487066,1.23083,0.787416,0.459027,1.41056,0.00470813,0,0,0,0,0,-0.0190311,-0.00730239,0.210701,0.3644,0.958859,0.73039,0.0390625,-0.065918,1.33276
82,1.09375,0.15332,-1.04688,0.539062,0.140179,0.555741,0.515256,0.692026,0.74439,1.05711,0.571037,0.395173,1.42585,0.004738,0,0,0,0,0,-0.0446163,-0.0229888,0.68114,0.332145,0.980473,0.712802,0.09375,0.15332,0.865469
83,0.894531,-0.0583496,0.464844,0.294922,-0.0652293,0.473996,0.329534,0.50134,0.359934,1.05951,0.646343,0.324038,0.85596,0.00362492,0,0,0,0,0,-0.0220909,-0.0072797,0.297959,0.403443,0.941244,0.720548,-0.105469,-0.0583496,1.09267
84,0.773438,-0.169922,0.839844,0.480469,-0.219697,0.413054,0.229937,0.39383,0.207973,1.05406,0.75227,0.296266,1.21162,0.00431957,0,0,0,0,0,0.00855797,0.0019678,0.0991754,0.432909,0.914409,0.760938,-0.226562,-0.169922,1.44556
85,1.07812,-0.124512,-1.24219,0.225586,-0.115489,0.454029,0.370075,0.586781,0.481268,0.96938,0.764162,0.448396,2.61536,0.00706125,0,0,0,0,0,0.00542299,0.00200691,0.0618672,0.466241,0.897696,0.745254,0.078125,-0.124512,1.39129
86,1.04688,0.0216064,-1.22656,0.351562,0.020639,0.508233,0.430603,0.617195,0.566348,0.973633,0.51129,0.315566,2.06866,0.00599347,0,0,0,0,0,-0.0199681,-0.00859833,0.340468,0.354961,0.967827,0.717455,0.046875,0.0216064,1.09118
87,1.28125,-0.265625,-0.734375,0.232422,-0.207317,0.417881,0.386655,0.658327,0.582896,0.989716,1.29707,0.853894,1.52328,0.00492828,0,0,0,0,0,0.0567908,0.0219584,0.3817,0.641287,0.768939,0.819095,0.28125,-0.265625,2.31148
88,1.08594,0.131836,-0.117188,0.195312,0.121403,0.548314,0.501381,0.679527,0.71314,0.87915,0.593775,0.403486,0.265165,0.00247103,0,0,0,0,0,-0.0373358,-0.0187195,0.548165,0.360192,0.965429,0.716849,0.0859375,0.131836,0.962902
89,0.945312,-0.0766602,-0.0771484,0.296875,-0.081095,0.467683,0.340742,0.524901,0.391627,1.02925,0.751807,0.394625,0.141593,0.00222967,0,0,0,0,0,-0.0135313,-0.0046107,0.156906,0.331515,0.972955,0.735166,-0.0546875,-0.0766602,1.26821
90,1.25781,0.226562,-0.0698242,0.236328,0.180124,0.571472,0.618541,0.814048,1.04527,0.726368,0.800617,0.65174,0.143631,0.00223365,0,0,0,0,0,-0.0584641,-0.0361624,0.636607,0.662609,0.749415,0.723474,0.257812,0.226562,1.40943
91,1.02344,0.145508,0.578125,0.28125,0.142176,0.556529,0.483155,0.6483,0.653731,0.943161,0.5883,0.381395,1.09012,0.00408227,0,0,0,0,0,-0.0424698,-0.0205195,0.629344,0.318811,0.984482,0.718313,0.0234375,0.145508,0.857752
92,0.980469,0.00686646,-1.01562,0.5625,0.00700324,0.502794,0.396604,0.5734,0.486082,1.19908,0.464761,0.266494,1.35417,0.00459798,0,0,0,0,0,-0.00852374,-0.00338055,0.159885,0.325219,0.983101,0.7143,-0.0195312,0.00686646,0.867524
93,1,0.0727539,0.640625,0.203125,0.0727539,0.528999,0.437379,0.608025,0.560996,0.869218,0.565666,0.343939,1.42142,0.00472933,0,0,0,0,0,-0.0347237,-0.0151874,0.535147,0.436229,0.921771,0.721879,0,0.0727539,0.963386
94,0.960938,0.0264893,1.35156,0.163086,0.0275661,0.510996,0.398583,0.568856,0.482466,0.972145,0.596148,0.339123,3.34679,0.00848982,0,0,0,0,0,-0.0132711,-0.00528962,0.19407,0.482841,0.891417,0.724804,-0.0390625,0.0264893,1.29483
95,0.882812,-0.0444336,0.180664,0.335938,-0.0503319,0.479929,0.331793,0.499119,0.359206,0.903437,0.518935,0.25901,0.311704,0.00256192,0,0,0,0,0,-0.0121587,-0.00403417,0.204259,0.393009,0.942328,0.736323,-0.117188,-0.0444336,1.06164
96,0.960938,0.0476074,0.462891,0.601562,0.0495427,0.519757,0.409142,0.576304,0.499524,1.03309,0.671767,0.387142,0.596813,0.00311877,0,0,0,0,0,-0.0228412,-0.00934529,0.29642,0.387741,0.947623,0.727776,-0.0390625,0.0476074,1.16115
97,1.02344,0.0356445,0.292969,0.248047,0.0348282,0.513892,0.428223,0.608465,0.553605,0.992901,0.457991,0.278671,0.58824,0.00310203,0,0,0,0,0,-0.0240903,-0.010316,0.458556,0.348723,0.972191,0.713805,0.0234375,0.0356445,0.760609
98,1.04688,0.0356445,-2.65625,0.511719,0.0340485,0.513581,0.437622,0.622112,0.578536,1.16051,0.8182,0.509012,3.71324,0.00920555,0,0,0,0,0,-0.00673103,-0.00294565,0.0717181,0.463399,0.898226,0.751432,0.046875,0.0356445,1.15823
99,0.914062,-0.0354004,0.539062,0.206055,-0.0387286,0.484553,0.348841,0.520327,0.39243,0.970066,0.755151,0.392926,1.18754,0.00427254,0,0,0,0,0,-0.00551806,-0.00192493,0.0637029,0.400976,0.938268,0.735466,-0.0859375,-0.0354004,1.27973
100,0.949219,0.0610352,0.300781,0.460938,0.0643004,0.525634,0.411157,0.57427,0.498835,1.16139,0.475543,0.27309,0.443027,0.00281841,0,0,0,0,0,-0.0201424,-0.00828166,0.369255,0.333842,0.978836,0.715075,-0.0507812,0.0610352,0.876911
101,0.96875,0.00640869,0.980469,0.5625,0.00661542,0.502639,0.391675,0.566417,0.474238,0.929976,0.682579,0.386625,1.30729,0.00450643,0,0,0,0,0,-0.0310349,-0.0121556,0.396373,0.466279,0.898121,0.743082,-0.03125,0.00640869,1.02119
102,0.960938,-0.0292969,-1.04688,0.275391,-0.0304878,0.487839,0.37069,0.549673,0.439551,0.983127,0.524907,0.288527,1.9949,0.00584941,0,0,0,0,0,-0.00172344,-0.000638862,0.0286234,0.449613,0.913693,0.721373,-0.0390625,-0.0292969,1.16942
103,0.949219,-0.0751953,-0.0756836,0.472656,-0.0792181,0.46843,0.343041,0.527649,0.396091,1.02103,0.57804,0.305002,0.110085,0.00216814,0,0,0,0,0,-0.0174573,-0.00598856,0.263284,0.365921,0.959381,0.726334,-0.0507812,-0.0751953,0.994428
104,0.96875,-0.0559082,-0.458984,0.423828,-0.0577117,0.476989,0.360517,0.545336,0.427364,0.987866,0.480616,0.262097,0.705023,0.00333012,0,0,0,0,0,-0.0125702,-0.00453178,0.228009,0.326906,0.980544,0.719137,-0.03125,-0.0559082,0.889407
105,0.824219,-0.245117,-0.96875,0.25,-0.297393,0.383083,0.221824,0.396328,0.206282,0.981906,0.766178,0.303658,1.9375,0.0057373,0,0,0,0,0,0.0396419,0.00879353,0.451057,0.439833,0.909678,0.764876,-0.175781,-0.245117,1.19784
106,1.10938,0.0534668,-1.10938,0.285156,0.0481954,0.51922,0.471595,0.664796,0.664356,1.14115,0.670557,0.445784,2.07748,0.0060107,0,0,0,0,0,-0.0122803,-0.00579135,0.159655,0.516435,0.869785,0.717366,0.109375,0.0534668,1.37985
107,0.847656,-0.191406,-0.470703,0.439453,-0.225806,0.410676,0.250125,0.429697,0.247202,1.03782,0.836257,0.359337,0.710053,0.00333995,0,0,0,0,0,0.000340913,8.52709e-05,0.00355395,0.470008,0.894393,0.750009,-0.152344,-0.191406,1.17249
108,0.898438,-0.182617,-2.01562,0.392578,-0.203261,0.419466,0.272451,0.462998,0.288596,1.31302,0.78322,0.362629,3.21697,0.00823626,0,0,0,0,0,0.00797332,0.00217234,0.0887488,0.322693,0.977054,0.734638,-0.101562,-0.182617,1.68229
109,0.90625,0.00552368,1.28906,0.597656,0.0060951,0.502432,0.36617,0.529711,0.414674,1.14374,0.625868,0.331529,1.66743,0.00520983,0,0,0,0,0,-0.018623,-0.00681919,0.259402,0.341085,0.974128,0.71866,-0.09375,0.00552368,0.998566
110,0.953125,-0.0255127,-0.178711,0.480469,-0.0267674,0.489323,0.369449,0.546401,0.435047,0.993084,0.80936,0.442235,0.257821,0.00245668,0,0,0,0,0,-0.00213909,-0.000790285,0.0230406,0.413018,0.917212,0.808299,-0.046875,-0.0255127,1.34274
111,0.886719,0.0397949,1.47656,0.601562,0.0448789,0.517898,0.375474,0.530327,0.422227,0.972351,0.605758,0.32125,1.90376,0.0056714,0,0,0,0,0,-0.0164974,-0.00619433,0.237423,0.371437,0.950337,0.747594,-0.113281,0.0397949,0.973315
112,0.925781,0.142578,1.90625,0.494141,0.154008,0.561198,0.44253,0.590533,0.544561,1.15033,0.685553,0.404841,2.71178,0.00724957,0,0,0,0,0,-0.040796,-0.0180534,0.51878,0.349639,0.969908,0.718971,-0.0742188,0.142578,0.989995
113,1.05469,0.0415039,0.96875,0.53125,0.0393519,0.515695,0.443684,0.628725,0.592151,1.07278,0.642526,0.403972,1.32911,0.00454905,0,0,0,0,0,-0.0376999,-0.0167268,0.511512,0.365145,0.962484,0.718136,0.0546875,0.0415039,1.11487
114,1.03906,0.0839844,-0.902344,0.378906,0.0808271,0.53221,0.458659,0.6348,0.613339,0.956457,0.662996,0.42087,1.46591,0.00481622,0,0,0,0,0,-0.0252644,-0.0115877,0.332204,0.410796,0.93144,0.740826,0.0390625,0.0839844,1.41903
115,1.07812,0.0279541,0.267578,0.412109,0.0259284,0.510343,0.446308,0.637611,0.605738,0.887048,0.837851,0.534223,0.416816,0.00276722,0,0,0,0,0,-0.0180127,-0.00803921,0.187421,0.674835,0.74234,0.822783,0.078125,0.0279541,1.3357
116,1.13281,0.194336,-1.19531,0.488281,0.171552,0.568105,0.551428,0.730069,0.837074,0.933722,0.62071,0.453161,1.71059,0.00529413,0,0,0,0,0,-0.0497609,-0.0274396,0.698887,0.358392,0.966811,0.715477,0.132812,0.194336,1.11637
117,1.00781,0.0927734,0.441406,0.539062,0.0920543,0.536673,0.450522,0.619808,0.587132,1.25539,0.545865,0.338332,0.6012,0.00312734,0,0,0,0,0,-0.040127,-0.0180781,0.640852,0.304239,0.991732,0.715882,0.0078125,0.0927734,0.904272
118,0.820312,-0.117676,-0.640625,0.269531,-0.143452,0.442966,0.270109,0.439321,0.265962,1.04695,0.718619,0.315704,1.23395,0.00436319,0,0,0,0,0,0.0355029,0.00958968,0.430698,0.400561,0.936514,0.742844,-0.179688,-0.117676,0.994022
119,0.933594,-0.052002,-0.125977,0.601562,-0.0557008,0.47779,0.348372,0.526166,0.398214,1.15429,0.582554,0.306521,0.162424,0.00227036,0,0,0,0,0,-0.0157071,-0.00547192,0.235053,0.32516,0.981524,0.71862,-0.0664062,-0.052002,1.17177
120,0.9375,0.0820312,0.0571289,0.333984,0.0875,0.534863,0.416955,0.575016,0.504495,0.940522,0.540534,0.310816,0.0988537,0.0021462,0,0,0,0,0,-0.0334905,-0.0139641,0.54014,0.3781,0.955771,0.718161,-0.0625,0.0820312,1.13622
121,0.902344,-0.0844727,-0.193359,0.554688,-0.0936147,0.462708,0.319606,0.497394,0.349548,1.21902,0.573752,0.285381,0.259622,0.0024602,0,0,0,0,0,0.00471401,0.00150662,0.0716264,0.359209,0.96403,0.7224,-0.0976562,-0.0844727,1.06377
122,0.882812,-0.125977,-1.20312,0.322266,-0.142699,0.443264,0.291022,0.472997,0.30842,1.02884,0.58847,0.278345,2.11936,0.00609249,0,0,0,0,0,-0.00743896,-0.0021649,0.110203,0.347912,0.970061,0.72094,-0.117188,-0.125977,1.2946
123,1.92188,0.208008,-1.11719,0.515625,0.108232,0.543094,0.87468,1.19331,2.18905,1.06707,1.5901,1.89747,1.55582,0.00499183,0,0,0,0,0,-0.0882826,-0.077219,0.484015,0.842063,0.561776,0.718821,0.921875,0.208008,2.78755
124,0.84375,-0.145508,-1.82031,0.328125,-0.172454,0.43154,0.265592,0.444455,0.268079,1.13528,0.62182,0.276371,3.1778,0.00815976,0,0,0,0,0,-0.00487709,-0.00129532,0.0683759,0.398696,0.941709,0.727759,-0.15625,-0.145508,1.09394
125,1.03906,0.00515747,-0.380859,0.255859,0.00496358,0.50198,0.419245,0.606935,0.544137,0.915572,0.605815,0.36769,0.752946,0.00342372,0,0,0,0,0,-0.00929441,-0.00389664,0.133748,0.425624,0.926679,0.726956,0.0390625,0.00515747,1.19621
126,0.945312,0.0289307,0.953125,0.257812,0.0306043,0.512207,0.393538,0.560614,0.46916,1.001,0.502072,0.281468,1.87715,0.00561942,0,0,0,0,0,-0.0251193,-0.00988541,0.436163,0.376797,0.955792,0.720176,-0.0546875,0.0289307,0.969886
127,1.03906,0.0673828,0.96875,0.275391,0.0648496,0.525853,0.450358,0.628829,0.598248,0.854982,0.569615,0.35819,1.84602,0.00555864,0,0,0,0,0,-0.032134,-0.0144718,0.491801,0.364161,0.960787,0.724726,0.0390625,0.0673828,0.952701
128,1.01562,0.109863,-1.28906,0.392578,0.108173,0.543071,0.4622,0.630588,0.61127,1.04893,0.460961,0.290676,2.05736,0.00597141,0,0,0,0,0,-0.0342409,-0.0158261,0.647571,0.324219,0.98375,0.713782,0.015625,0.109863,0.917327
129,0.996094,-0.0122681,-1.32031,0.474609,-0.0123162,0.495087,0.393302,0.575925,0.486376,1.04092,0.971763,0.559663,1.9165,0.00569629,0,0,0,0,0,0.00898692,0.00353457,0.0806227,0.418795,0.919085,0.777287,-0.00390625,-0.0122681,1.34637
130,0.96875,0.0236816,-1.14062,0.326172,0.0244456,0.509751,0.400312,0.572423,0.487918,1.08318,0.570053,0.326311,1.99719,0.00585389,0,0,0,0,0,-0.0185182,-0.00741307,0.283199,0.371196,0.957698,0.723237,-0.03125,0.0236816,0.916559
131,0.960938,-0.041748,0.0151367,0.574219,-0.0434451,0.482673,0.364464,0.545494,0.430398,1.02765,0.614687,0.335308,0.0199753,0.00199214,0,0,0,0,0,-0.0242044,-0.00882164,0.343279,0.389668,0.945648,0.73096,-0.0390625,-0.041748,1.05536
132,0.925781,0.059082,-0.664062,0.261719,0.0638186,0.525443,0.400781,0.559931,0.474148,1.04602,0.569664,0.318973,1.29805,0.00448838,0,0,0,0,0,-0.018449,-0.00739403,0.282333,0.400718,0.94135,0.725213,-0.0742188,0.059082,1.00234
133,1.04688,-0.130859,1.32031,0.339844,-0.125,0.450262,0.35437,0.566647,0.446666,0.978648,0.713998,0.404585,2.26484,0.00637664,0,0,0,0,0,0.0107004,0.00379191,0.13065,0.440666,0.915736,0.734745,0.046875,-0.130859,1.25887
134,0.945312,-0.0568848,-0.486328,0.597656,-0.0601756,0.476008,0.35063,0.531373,0.405299,1.18473,0.508025,0.269951,0.629077,0.00318179,0,0,0,0,0,-0.0162267,-0.00568958,0.278453,0.34053,0.974651,0.71793,-0.0546875,-0.0568848,1.12813
135,1.03906,-0.0717773,0.746094,0.761719,-0.0690789,0.472463,0.380778,0.581029,0.482587,1.2342,0.740533,0.430271,0.854862,0.00362278,0,0,0,0,0,-0.0152473,-0.00580585,0.179497,0.359835,0.962335,0.726604,0.0390625,-0.0717773,1.45588
136,1.04688,-0.0515137,-0.980469,0.347656,-0.0492071,0.480377,0.394043,0.592267,0.50605,1.10244,0.752528,0.445697,1.66287,0.00520092,0,0,0,0,0,-0.00180325,-0.000710556,0.0208901,0.567038,0.826663,0.756638,0.046875,-0.0515137,1.3471
137,0.988281,-0.111328,0.824219,0.546875,-0.112648,0.455155,0.340639,0.538769,0.406308,1.13036,0.83563,0.450212,1.11455,0.00412997,0,0,0,0,0,0.00592796,0.0020193,0.0618441,0.425636,0.921791,0.746108,-0.0117188,-0.111328,1.59806
138,0.894531,-0.081543,1.14844,0.294922,-0.0911572,0.463684,0.317938,0.493794,0.344917,1.0741,0.4685,0.231343,2.11472,0.00608345,0,0,0,0,0,0.0163498,0.00519823,0.304236,0.356888,0.966021,0.71992,-0.105469,-0.081543,0.976286
139,0.84375,-0.324219,-0.462891,0.251953,-0.384259,0.350393,0.200517,0.380299,0.184834,0.789511,0.864557,0.32879,0.922186,0.00375427,0,0,0,0,0,0.0375593,0.00753129,0.378731,0.573705,0.819244,0.801965,-0.15625,-0.324219,1.27957
140,1.05469,0.114258,-0.894531,0.523438,0.108333,0.543134,0.480061,0.654903,0.659357,0.885454,0.54514,0.357014,1.23641,0.00436799,0,0,0,0,0,-0.03794,-0.0182135,0.606731,0.334373,0.977519,0.718001,0.0546875,0.114258,0.784643
141,2.42188,0.431641,-1.01562,0.386719,0.178226,0.570727,1.18805,1.56616,3.8643,1.17949,2.17455,3.40569,1.63319,0.00514294,0,0,0,0,0,-0.0704278,-0.0836716,0.282345,0.911447,0.483707,0.738083,1.42188,0.431641,4.47721
142,0.832031,-0.114746,-0.597656,0.486328,-0.137911,0.445155,0.276273,0.447018,0.276152,1.08438,0.657266,0.29381,0.857012,0.00362698,0,0,0,0,0,-0.0109775,-0.00303279,0.145602,0.370408,0.956331,0.728798,-0.167969,-0.114746,0.997893
143,0.957031,-0.0966797,0.106445,0.139648,-0.10102,0.459767,0.335432,0.525269,0.388422,0.826002,0.719704,0.378038,0.284845,0.00250946,0,0,0,0,0,-0.00922143,-0.00309316,0.111699,0.536525,0.845674,0.790693,-0.0429688,-0.0966797,1.22339
144,0.871094,-0.227539,-1.42969,0.3125,-0.261211,0.396965,0.245863,0.430235,0.245551,1.07798,0.739463,0.318143,2.5575,0.00694825,0,0,0,0,0,0.0291759,0.00717328,0.343966,0.331918,0.976054,0.725352,-0.128906,-0.227539,1.20742
145,1.07812,0.00860596,0.369141,0.337891,0.00798234,0.503184,0.436634,0.630877,0.588655,0.864006,0.635107,0.400675,0.635044,0.00319345,0,0,0,0,0,-0.0142682,-0.00622996,0.195852,0.3974,0.937959,0.743811,0.078125,0.00860596,1.19995
146,0.964844,0.0405273,-1.30469,0.402344,0.042004,0.516752,0.407168,0.576071,0.497643,1.14777,0.506565,0.291817,2.05687,0.00597046,0,0,0,0,0,-0.0146848,-0.00597918,0.25272,0.331943,0.97967,0.71521,-0.0351562,0.0405273,0.875558
147,0.945312,0.0576172,-0.144531,0.224609,0.0609504,0.524301,0.407881,0.570774,0.49215,0.926824,0.525873,0.300154,0.304963,0.00254876,0,0,0,0,0,-0.0234605,-0.00956909,0.388923,0.404139,0.940373,0.722131,-0.0546875,0.0576172,1.0471
148,1,0.209961,-0.589844,0.306641,0.209961,0.583151,0.510782,0.655516,0.690599,1.00265,0.574069,0.376311,1.06518,0.00403355,0,0,0,0,0,-0.0463474,-0.0236734,0.70383,0.331487,0.978847,0.718031,0,0.209961,1.01524
149,1.46094,0.170898,0.628906,0.18457,0.116979,0.546561,0.671289,0.911802,1.28201,0.932497,1.24569,1.13582,1.46388,0.00481226,0,0,0,0,0,-0.0352457,-0.0236601,0.246663,0.875776,0.523457,0.725921,0.460938,0.170898,2.20028
150,1.07812,0.0581055,1.10938,0.464844,0.0538949,0.521491,0.461383,0.648253,0.633106,1.11101,0.697631,0.452241,1.62714,0.00513113,0,0,0,0,0,-0.0549365,-0.0253468,0.686502,0.507493,0.864933,0.789715,0.078125,0.0581055,1.34262
151,1,-0.11377,-0.0664062,0.542969,-0.11377,0.45471,0.344118,0.544804,0.415228,1.09613,0.67449,0.367465,0.0901201,0.00212914,0,0,0,0,0,0.0105734,0.00363851,0.136662,0.358291,0.962493,0.728474,0,-0.11377,1.3591
152,0.875,-0.160156,-1.00781,0.628906,-0.183036,0.427385,0.271757,0.45759,0.283241,1.07383,0.7641,0.349644,1.27083,0.00443521,0,0,0,0,0,0.0115743,0.0031454,0.132054,0.349777,0.962235,0.742597,-0.125,-0.160156,1.18676
153,0.984375,0.0317383,-0.28125,0.291016,0.0322421,0.51286,0.410606,0.584346,0.510057,0.927582,0.525024,0.306795,0.521356,0.0029714,0,0,0,0,0,-0.024242,-0.0099539,0.402528,0.350773,0.965859,0.729374,-0.015625,0.0317383,1.04154
154,0.972656,-0.00114441,0.314453,0.298828,-0.00117658,0.499531,0.389465,0.566087,0.472138,1.03367,0.585402,0.331388,0.575235,0.00307663,0,0,0,0,0,-0.0309772,-0.0120646,0.461313,0.446076,0.914978,0.724798,-0.0273438,-0.00114441,0.958371
155,0.996094,-0.0213623,0.292969,0.259766,-0.0214461,0.491445,0.388755,0.572829,0.479264,0.97264,0.601634,0.344633,0.574818,0.00307582,0,0,0,0,0,-0.00118557,-0.000460895,0.0171791,0.392191,0.943411,0.734036,-0.00390625,-0.0213623,0.956278
156,0.988281,0.138672,0.371094,0.589844,0.140316,0.555795,0.465639,0.625346,0.607877,1.2083,0.579382,0.362314,0.483187,0.00289685,0,0,0,0,0,-0.0418663,-0.0194946,0.62995,0.321634,0.983719,0.716978,-0.0117188,0.138672,1.12194
157,0.945312,0.161133,-0.0424805,0.267578,0.170455,0.567674,0.459639,0.608838,0.581952,0.920648,0.592811,0.360926,0.0821228,0.00211352,0,0,0,0,0,-0.0414984,-0.0190743,0.61027,0.446884,0.913562,0.728357,-0.0546875,0.161133,1.14515
158,1.14062,0.0917969,1.67188,0.566406,0.0804795,0.532072,0.503292,0.696705,0.738701,1.05403,0.623819,0.434618,2.22147,0.00629193,0,0,0,0,0,-0.0361184,-0.0181781,0.50475,0.431581,0.923751,0.72481,0.140625,0.0917969,1.25091
159,0.941406,-0.148438,0.429688,0.550781,-0.157676,0.437356,0.303287,0.500084,0.342068,1.11041,0.789041,0.394587,0.578979,0.00308394,0,0,0,0,0,-0.0144372,-0.00437861,0.159511,0.443431,0.912609,0.740893,-0.0585938,-0.148438,1.2533
160,0.917969,-0.0844727,0.441406,0.726562,-0.0920213,0.463341,0.325871,0.506477,0.362711,1.0903,0.797648,0.40399,0.517848,0.00296455,0,0,0,0,0,-0.0203129,-0.00661938,0.222007,0.343243,0.972051,0.721655,-0.0820312,-0.0844727,1.11047
161,1.09375,-0.0610352,-0.859375,0.249023,-0.0558036,0.477749,0.408079,0.616392,0.546468,0.872305,0.641952,0.395694,1.72212,0.00531663,0,0,0,0,0,-0.011744,-0.0047925,0.159486,0.526772,0.853443,0.776932,0.09375,-0.0610352,1.28804
162,0.914062,0.0874023,1,0.496094,0.0956197,0.538089,0.410242,0.563337,0.485648,1.032,0.731557,0.412114,1.41977,0.00472611,0,0,0,0,0,-0.0177148,-0.00726734,0.211103,0.466028,0.899589,0.736979,-0.0859375,0.0874023,0.977455
163,1.10156,0.00445557,-1.30469,0.423828,0.00404477,0.501614,0.443957,0.643093,0.610666,1.1486,0.713019,0.458538,2.00406,0.00586731,0,0,0,0,0,-0.0354185,-0.0157243,0.433047,0.384204,0.952294,0.71889,0.101562,0.00445557,0.988702
164,1.19531,0.333984,1.46094,0.5,0.279412,0.610036,0.663472,0.807636,1.09247,0.967903,0.836207,0.675351,2.06608,0.00598843,0,0,0,0,0,-0.0763699,-0.0506693,0.796187,0.411618,0.932976,0.733294,0.195312,0.333984,1.17234
165,0.957031,0.0358887,0.097168,0.429688,0.0375,0.514957,0.401716,0.569885,0.486145,1.13173,0.585777,0.333825,0.148234,0.00224264,0,0,0,0,0,-0.0182865,-0.00734596,0.272147,0.360888,0.964226,0.719335,-0.0429688,0.0358887,0.991983
166,1.00781,-0.15625,-1.88281,0.328125,-0.155039,0.438395,0.32601,0.536167,0.393758,0.974298,0.89242,0.478486,3.28691,0.00837287,0,0,0,0,0,0.00320143,0.0010437,0.0312738,0.476684,0.888115,0.761721,0.0078125,-0.15625,1.24903
167,1.02344,-0.00315857,0.703125,0.347656,-0.00308624,0.498769,0.408822,0.59497,0.521125,0.951879,0.566829,0.337246,1.1925,0.00428222,0,0,0,0,0,-0.0155999,-0.00637757,0.239925,0.35058,0.969857,0.717806,0.0234375,-0.00315857,1.0518
168,1.07812,0.150391,-0.964844,0.542969,0.139493,0.55547,0.507526,0.681865,0.722522,1.04453,0.530789,0.361927,1.30939,0.00451053,0,0,0,0,0,-0.0396016,-0.0200988,0.650425,0.307542,0.990559,0.71526,0.078125,0.150391,0.961442
169,0.832031,-0.201172,-0.734375,0.241211,-0.241784,0.404474,0.240696,0.416862,0.231709,1.0366,0.664976,0.277203,1.49527,0.00487357,0,0,0,0,0,0.0236541,0.00569346,0.310105,0.411055,0.929788,0.746835,-0.167969,-0.201172,1.07991
170,0.800781,-0.224609,-0.46875,0.273438,-0.280488,0.389552,0.220423,0.389913,0.200619,1.04303,0.812471,0.316793,0.896421,0.00370395,0,0,0,0,0,0.0255044,0.00562176,0.273662,0.489848,0.878141,0.772868,-0.199219,-0.224609,1.15621
171,1.02344,0.0742188,-1.38281,0.328125,0.0725191,0.528906,0.44751,0.62219,0.587385,0.999058,0.69328,0.431352,2.41404,0.00666804,0,0,0,0,0,-0.0315807,-0.0141327,0.397118,0.459261,0.904098,0.735831,0.0234375,0.0742188,1.43582
172,0.875,0.0473633,1.82031,0.185547,0.0541295,0.521584,0.374559,0.526191,0.417172,0.889507,0.483987,0.25467,4.2259,0.0102068,0,0,0,0,0,-0.0199228,-0.00746225,0.358858,0.415839,0.930318,0.734323,-0.125,0.0473633,0.977013
173,1.0625,0.0578613,1.22656,0.464844,0.0544577,0.521715,0.454996,0.639071,0.615432,1.11228,0.577345,0.368964,1.79902,0.00546684,0,0,0,0,0,-0.015781,-0.0071803,0.238291,0.420386,0.931312,0.721391,0.0625,0.0578613,1.11218
174,1.05469,-0.036377,-1.98438,0.232422,-0.0344907,0.486243,0.404744,0.601878,0.526075,0.957434,0.628801,0.378462,4.11609,0.00999237,0,0,0,0,0,-0.0101301,-0.00410011,0.140446,0.405842,0.938986,0.723575,0.0546875,-0.036377,0.96603
175,1.04688,-0.0390625,0.0766602,0.253906,-0.0373134,0.485118,0.400268,0.596427,0.51594,0.989148,0.772281,0.460609,0.152136,0.00225027,0,0,0,0,0,0.0052958,0.00211974,0.059781,0.56133,0.834463,0.727603,0.046875,-0.0390625,1.44467
176,1.03906,0.0986328,1.21875,0.277344,0.0949248,0.537813,0.465983,0.640112,0.626884,1.03636,0.577894,0.369917,2.31422,0.00647309,0,0,0,0,0,-0.0338071,-0.0157535,0.509996,0.379807,0.954675,0.718757,0.0390625,0.0986328,0.97199
177,0.925781,-0.249023,0.644531,0.400391,-0.268987,0.39397,0.258689,0.454628,0.273607,1.09016,0.976597,0.443988,1.0186,0.00394257,0,0,0,0,0,0.0399425,0.0103327,0.356555,0.506071,0.869925,0.756445,-0.0742188,-0.249023,1.47581
178,1.03906,0.147461,0.0556641,0.482422,0.141917,0.556427,0.490397,0.658098,0.673582,0.999514,0.740847,0.48755,0.0801422,0.00210965,0,0,0,0,0,-0.0457037,-0.0224129,0.537811,0.463689,0.896937,0.757284,0.0390625,0.147461,1.10743
179,0.84375,-0.12793,0.847656,0.59375,-0.15162,0.439743,0.274381,0.449762,0.277571,1.37943,0.749317,0.337015,1.10006,0.00410169,0,0,0,0,0,0.0036073,0.000989774,0.0419685,0.324184,0.979739,0.72482,-0.15625,-0.12793,1.18115
180,0.96875,-0.00372314,-0.609375,0.304688,-0.00384325,0.498467,0.386609,0.562926,0.466353,1.08992,0.527573,0.296985,1.10397,0.00410932,0,0,0,0,0,-0.0282233,-0.0109114,0.466372,0.403145,0.942195,0.718012,-0.03125,-0.00372314,1.24432
181,0.871094,-0.0546875,-0.257812,0.322266,-0.0627803,0.474971,0.321967,0.488906,0.342692,1.02992,0.634201,0.310064,0.454148,0.00284013,0,0,0,0,0,-0.00198605,-0.000639443,0.0273005,0.353646,0.958178,0.750405,-0.128906,-0.0546875,1.24046
182,0.78125,-0.136719,1.78125,0.359375,-0.175,0.43054,0.244924,0.410939,0.228858,1.14652,0.768044,0.315619,2.97133,0.0077565,0,0,0,0,0,0.00897799,0.00219892,0.101906,0.348728,0.963866,0.738812,-0.21875,-0.136719,1.19553
183,1.10938,0.168945,-0.205078,0.174805,0.152289,0.56052,0.529335,0.706928,0.779942,0.804971,0.616113,0.435548,0.490504,0.00291114,0,0,0,0,0,-0.0446152,-0.0236164,0.63129,0.605216,0.798106,0.741007,0.109375,0.168945,1.06238
184,0.964844,-0.203125,-1.44531,0.359375,-0.210526,0.416628,0.290048,0.494594,0.328751,0.962581,0.764563,0.378148,2.41095,0.00666201,0,0,0,0,0,0.019397,0.00562606,0.221171,0.471093,0.89314,0.753042,-0.0351562,-0.203125,1.29574
185,0.886719,-0.0585938,-1.17188,0.208984,-0.0660793,0.473657,0.326279,0.496714,0.353183,0.902822,0.859881,0.427115,2.56345,0.00695986,0,0,0,0,0,0.00201908,0.000658784,0.0204702,0.417781,0.917174,0.791679,-0.113281,-0.0585938,1.2554
186,1.13281,0.223633,-0.582031,0.243164,0.197414,0.578248,0.569558,0.738583,0.869901,0.885507,0.639971,0.472672,1.18031,0.00425842,0,0,0,0,0,-0.0541474,-0.0308401,0.737606,0.402057,0.941385,0.722627,0.132812,0.223633,1.16525
187,1,-0.0216064,0.110352,0.5,-0.0216064,0.491381,0.390199,0.575021,0.482905,1.1403,0.690741,0.397191,0.156061,0.00225793,0,0,0,0,0,-0.027039,-0.0105506,0.341257,0.361123,0.96195,0.72582,0,-0.0216064,1.03528
188,1.0625,0.0334473,-0.601562,0.726562,0.0314798,0.512557,0.442789,0.630438,0.593514,1.24604,0.478607,0.301732,0.705739,0.00333152,0,0,0,0,0,-0.0282828,-0.0125233,0.515169,0.303444,0.993073,0.7133,0.0625,0.0334473,0.879375
189,0.871094,-0.202148,-0.431641,0.357422,-0.232063,0.408245,0.255066,0.439558,0.25827,0.983719,0.867402,0.381274,0.721991,0.00336326,0,0,0,0,0,0.00874359,0.00223019,0.0878772,0.396006,0.932903,0.768196,-0.128906,-0.202148,1.18448
190,1.10156,0.104004,-1.19531,0.419922,0.0944149,0.53761,0.493731,0.678411,0.704011,0.8842,0.568973,0.385997,1.84458,0.00555582,0,0,0,0,0,-0.0413425,-0.0204121,0.633449,0.376138,0.957845,0.715056,0.101562,0.104004,1.07305
191,1.38281,-0.0274658,-1.47656,0.222656,-0.0198623,0.492077,0.540778,0.795966,0.926002,1.12503,1.1166,0.888773,3.12921,0.00806486,0,0,0,0,0,-0.0129647,-0.007011,0.101221,0.690566,0.723284,0.727921,0.382812,-0.0274658,2.22045
192,0.976562,0.00726318,-0.416016,0.449219,0.0074375,0.502967,0.395235,0.571263,0.482552,1.14441,0.600476,0.34303,0.620699,0.00316543,0,0,0,0,0,-0.0161366,-0.00637775,0.234273,0.371827,0.95729,0.723496,-0.0234375,0.00726318,0.805367
193,1.125,0.234375,-1.07031,0.308594,0.208333,0.582516,0.573462,0.736938,0.871937,0.879335,0.657933,0.484856,1.92671,0.00571624,0,0,0,0,0,-0.057105,-0.0327476,0.756658,0.399215,0.944599,0.717355,0.125,0.234375,0.899159
194,1.04688,-0.134766,-0.292969,0.168945,-0.128731,0.448785,0.352417,0.565427,0.443905,1.0004,0.77847,0.440168,0.712768,0.00334525,0,0,0,0,0,0.0186209,0.00656233,0.208529,0.556075,0.835191,0.752955,0.046875,-0.134766,1.77937
195,0.835938,-0.0639648,0.421875,0.223633,-0.0765187,0.469503,0.30323,0.465413,0.308558,0.934175,0.655009,0.304849,0.892105,0.00369552,0,0,0,0,0,-0.00275008,-0.000833907,0.036602,0.419745,0.925225,0.745704,-0.164062,-0.0639648,1.23432
196,1.15625,0.0385742,-0.201172,0.341797,0.0333615,0.513307,0.482946,0.686829,0.704972,0.894063,0.673389,0.462503,0.344099,0.00262519,0,0,0,0,0,-0.0189235,-0.00913903,0.244987,0.497091,0.881861,0.724448,0.15625,0.0385742,0.906248
197,0.933594,-0.109863,0.118164,0.304688,-0.117678,0.453161,0.319442,0.507475,0.359574,1.07692,0.744772,0.377953,0.214071,0.00237123,0,0,0,0,0,0.00470663,0.00150349,0.0550926,0.389382,0.945124,0.733281,-0.0664062,-0.109863,1.14413
198,0.941406,-0.108398,1.13281,0.320312,-0.115145,0.454165,0.323307,0.512473,0.367156,0.981312,0.809136,0.41466,2.00157,0.00586244,0,0,0,0,0,0.00732693,0.00236885,0.0789419,0.4217,0.920532,0.761758,-0.0585938,-0.108398,1.54874
199,0.839844,-0.142578,0.824219,0.202148,-0.169767,0.432597,0.26549,0.443072,0.266798,0.993563,0.551963,0.24456,1.83319,0.00553357,0,0,0,0,0,0.00525204,0.00139436,0.0829515,0.362095,0.959094,0.733319,-0.160156,-0.142578,1.05402
200,1.54688,0.165039,-1.89844,0.464844,0.106692,0.542483,0.70282,0.959595,1.41478,1.10881,1.19445,1.14619,2.78447,0.00739155,0,0,0,0,0,-0.0530274,-0.0372687,0.387024,0.702344,0.711848,0.71568,0.546875,0.165039,2.3162
201,1.05469,0.0356445,1.08594,0.447266,0.0337963,0.51348,0.440754,0.626661,0.586969,1.14867,0.580454,0.363748,1.62376,0.00512453,0,0,0,0,0,-0.0221621,-0.00976804,0.332851,0.318458,0.986328,0.713824,0.0546875,0.0356445,0.786706
202,1.01562,-0.00692749,0.271484,0.302734,-0.00682091,0.497279,0.403804,0.589127,0.510128,0.84163,0.623792,0.367492,0.493417,0.00291683,0,0,0,0,0,-0.00407152,-0.0016441,0.0569015,0.481636,0.892579,0.723255,0.015625,-0.00692749,1.07127
203,0.957031,-0.166016,0.46875,0.335938,-0.173469,0.431141,0.300764,0.503837,0.344311,0.957433,0.754285,0.380037,0.808746,0.00353271,0,0,0,0,0,0.0112496,0.00338349,0.13002,0.368494,0.957665,0.727644,-0.0429688,-0.166016,1.19302
204,0.882812,-0.00653076,2.03125,0.40625,-0.00739768,0.497049,0.350745,0.511913,0.385076,1.26015,0.488963,0.250306,3.18689,0.00817751,0,0,0,0,0,-0.0271947,-0.0095384,0.484859,0.328283,0.981418,0.715051,-0.117188,-0.00653076,0.913978
205,1.08594,0.0568848,0.417969,0.205078,0.0523831,0.520888,0.463906,0.652366,0.640791,1.04773,0.746283,0.48685,0.922963,0.00375579,0,0,0,0,0,-0.0224026,-0.0103927,0.261699,0.408088,0.936565,0.727543,0.0859375,0.0568848,1.34031
206,0.925781,-0.0480957,0.824219,0.652344,-0.0519515,0.479284,0.347193,0.522914,0.393982,1.06016,0.693405,0.362592,1.02048,0.00394625,0,0,0,0,0,-0.00764229,-0.00265335,0.0960823,0.353487,0.964272,0.730236,-0.0742188,-0.0480957,1.11253
207,0.976562,-0.000991821,0.275391,0.402344,-0.00101563,0.499595,0.391108,0.568415,0.476061,0.998188,0.628102,0.357023,0.434161,0.0028011,0,0,0,0,0,-0.0125415,-0.00490509,0.174071,0.365632,0.959153,0.727503,-0.0234375,-0.000991821,1.01916
208,1.14062,0.0742188,-1.42188,0.542969,0.0650685,0.52594,0.494503,0.690383,0.721161,1.03945,0.63434,0.437937,1.92963,0.00572193,0,0,0,0,0,-0.023794,-0.0117662,0.327003,0.424511,0.929969,0.717713,0.140625,0.0742188,1.49997
209,1.10938,0.219727,-1.50781,0.345703,0.198063,0.578502,0.558234,0.723503,0.835082,0.945653,0.627989,0.454352,2.56446,0.00696183,0,0,0,0,0,-0.0531046,-0.0296448,0.737202,0.357377,0.967717,0.714351,0.109375,0.219727,1.0668
210,0.871094,-0.0571289,-0.00640869,0.316406,-0.065583,0.473855,0.320746,0.488103,0.341123,1.12042,0.787748,0.384502,0.0113932,0.00197538,0,0,0,0,0,-0.00504524,-0.00161824,0.0558343,0.40858,0.934159,0.735186,-0.128906,-0.0571289,1.32442
211,0.96875,-0.142578,-1.28125,0.142578,-0.147177,0.441496,0.317182,0.51771,0.368628,1.00868,0.793556,0.410832,3.39318,0.00858044,0,0,0,0,0,0.0317123,0.0100586,0.348383,0.517587,0.857836,0.796365,-0.03125,-0.142578,1.37185
212,1.03125,0.114746,0.427734,0.341797,0.111269,0.544298,0.470907,0.64146,0.633224,1.10142,0.754013,0.483669,0.731628,0.00338209,0,0,0,0,0,-0.035459,-0.0166979,0.409972,0.374062,0.954536,0.728569,0.03125,0.114746,1.33867
213,1.01562,0.125,1.32031,0.376953,0.123077,0.548977,0.469768,0.636156,0.625377,1.0734,0.715066,0.454894,2.15047,0.00615326,0,0,0,0,0,-0.0449489,-0.0211155,0.547998,0.354305,0.966741,0.721547,0.015625,0.125,0.947441
214,1.10938,-0.210938,0.458984,0.515625,-0.190141,0.424599,0.341693,0.577179,0.449889,0.980149,0.890735,0.514113,0.639191,0.00320155,0,0,0,0,0,0.00652444,0.00222935,0.063856,0.823875,0.621136,0.875262,0.109375,-0.210938,1.39155
215,0.945312,-0.0405273,-0.245117,0.235352,-0.0428719,0.482902,0.358809,0.536805,0.416903,0.909302,0.617207,0.33132,0.50526,0.00293996,0,0,0,0,0,-0.0172134,-0.00617633,0.243133,0.365064,0.960206,0.725117,-0.0546875,-0.0405273,1.27066
216,0.855469,0.0162354,1.60156,0.275391,0.0189783,0.507571,0.351163,0.503854,0.377184,1.07248,0.549543,0.276889,3.05189,0.00791385,0,0,0,0,0,-0.0232204,-0.00815412,0.368362,0.388634,0.94539,0.733732,-0.144531,0.0162354,1.04706
217,1.04688,0.15625,1.40625,0.320312,0.149254,0.559323,0.497924,0.665912,0.691368,1.05069,0.62077,0.413378,2.48471,0.00680607,0,0,0,0,0,-0.0328256,-0.0163447,0.460987,0.404441,0.941825,0.716865,0.046875,0.15625,0.932519
218,1.0625,0.154297,-1.61719,0.765625,0.145221,0.557732,0.503213,0.674251,0.707838,1.13024,0.758665,0.51153,1.84821,0.00556292,0,0,0,0,0,-0.0385005,-0.019374,0.442409,0.371809,0.957176,0.723879,0.0625,0.154297,1.18464
219,1.08594,0.113281,-0.11084,0.488281,0.104317,0.541541,0.492104,0.672711,0.694706,0.89371,0.553911,0.372622,0.158621,0.00226293,0,0,0,0,0,-0.0429804,-0.0211508,0.676452,0.294927,0.996467,0.713752,0.0859375,0.113281,1.02695
220,0.949219,0.0737305,2.84375,0.245117,0.0776749,0.530957,0.417504,0.578831,0.509356,1.22264,0.685016,0.396509,5.74387,0.0131716,0,0,0,0,0,-0.0311132,-0.0129899,0.395959,0.344134,0.969722,0.727259,-0.0507812,0.0737305,1.15013
221,0.910156,-0.0175781,0.21875,0.125977,-0.0193133,0.492296,0.356186,0.524068,0.401516,0.843598,0.799477,0.418981,0.616316,0.00315687,0,0,0,0,0,-0.0164892,-0.0058732,0.179804,0.509018,0.866785,0.764733,-0.0898438,-0.0175781,1.30351
222,0.953125,0.0947266,-0.386719,0.408203,0.0993852,0.539584,0.429569,0.58872,0.53112,1.02948,0.572505,0.337045,0.605281,0.00313531,0,0,0,0,0,-0.038928,-0.0167223,0.592775,0.36216,0.963338,0.720069,-0.046875,0.0947266,0.946633
223,1.02344,-0.0869141,0.0246582,0.226562,-0.0849237,0.466161,0.366944,0.567012,0.45615,0.811682,0.685788,0.38885,0.0518045,0.00205431,0,0,0,0,0,-0.00030537,-0.000112054,0.00388189,0.563941,0.827515,0.774508,0.0234375,-0.0869141,1.23103
224,0.886719,0.024292,0.314453,0.259766,0.0273954,0.510928,0.367722,0.524867,0.410705,0.954983,0.677339,0.355513,0.616971,0.00315815,0,0,0,0,0,-0.00381771,-0.00140386,0.0491364,0.424208,0.924172,0.739655,-0.113281,0.024292,1.05837
225,0.996094,-0.00482178,0.0551758,0.298828,-0.00484069,0.498069,0.397025,0.578474,0.492261,0.931328,0.475064,0.274812,0.100934,0.00215026,0,0,0,0,0,-0.0107778,-0.00427906,0.197781,0.37416,0.957397,0.719479,-0.00390625,-0.00482178,0.861968
226,1.03125,-0.0932617,-0.796875,0.275391,-0.0904356,0.463971,0.366903,0.569505,0.458953,0.960613,0.876323,0.49907,1.5185,0.00491895,0,0,0,0,0,0.000656379,0.000240827,0.00652976,0.456955,0.896978,0.781317,0.03125,-0.0932617,1.11617
227,0.925781,0.0483398,0.648438,0.318359,0.0522152,0.520821,0.39541,0.556099,0.465595,1.06986,0.563784,0.313519,1.14924,0.00419773,0,0,0,0,0,-0.0133279,-0.00526999,0.20609,0.384758,0.947476,0.733584,-0.0742188,0.0483398,1.00764
228,0.949219,-0.0223389,1.16406,0.455078,-0.023534,0.490612,0.36947,0.545201,0.433752,1.01553,0.490072,0.267187,1.72557,0.00532338,0,0,0,0,0,-0.0126994,-0.00469204,0.225907,0.431987,0.9235,0.724843,-0.0507812,-0.0223389,0.777351
229,0.933594,0.0174561,-1.35938,0.470703,0.0186977,0.507459,0.383101,0.549777,0.449021,1.14498,0.460305,0.253065,1.98137,0.00582299,0,0,0,0,0,-0.00672077,-0.00257474,0.127286,0.33416,0.978231,0.716318,-0.0664062,0.0174561,0.906731
230,0.847656,-0.0932617,1.72656,0.347656,-0.110023,0.456196,0.293281,0.462811,0.300208,1.04533,0.581561,0.269153,2.92824,0.00767235,0,0,0,0,0,-0.00231432,-0.000678746,0.0346924,0.371093,0.958379,0.721312,-0.152344,-0.0932617,0.959426
231,0.894531,-0.18457,-0.710938,0.195312,-0.206332,0.418266,0.27027,0.459955,0.284605,0.973674,0.664333,0.305563,1.60867,0.00509505,0,0,0,0,0,0.00798446,0.00215796,0.104777,0.466929,0.900113,0.732106,-0.105469,-0.18457,1.18294
232,0.859375,-0.0571289,0.691406,0.349609,-0.0664773,0.473499,0.316047,0.481284,0.33152,1.00573,0.631416,0.303891,1.16934,0.004237,0,0,0,0,0,-0.0145697,-0.00460472,0.20116,0.355887,0.965251,0.723662,-0.140625,-0.0571289,1.04671
233,0.996094,0.0072937,0.271484,0.462891,0.0073223,0.502921,0.403083,0.582648,0.501955,1.18155,0.526942,0.307022,0.39903,0.00273248,0,0,0,0,0,-0.0198655,-0.00800743,0.328657,0.347946,0.972516,0.713956,-0.00390625,0.0072937,0.843019
234,1.10938,0.00311279,0.617188,0.122559,0.0028059,0.501119,0.446418,0.64718,0.618131,0.775002,0.679019,0.439447,1.76297,0.00539643,0,0,0,0,0,-0.0096056,-0.00428811,0.123324,0.508724,0.870741,0.740397,0.109375,0.00311279,1.13777
235,0.925781,-0.0449219,-0.835938,0.253906,-0.0485232,0.48065,0.34878,0.523969,0.396191,0.924375,0.688942,0.360985,1.65896,0.00519329,0,0,0,0,0,-0.000252874,-8.81974e-05,0.00319984,0.440515,0.913139,0.746178,-0.0742188,-0.0449219,1.08896
236,0.921875,-0.0981445,-0.345703,0.458984,-0.106462,0.457608,0.320602,0.504375,0.35718,1.16256,0.596749,0.300985,0.510275,0.00294976,0,0,0,0,0,0.00732219,0.00234751,0.106969,0.329739,0.97728,0.724684,-0.078125,-0.0981445,1.17301
237,0.984375,-0.0140991,0.734375,0.219727,-0.0143229,0.494286,0.387687,0.568475,0.473466,0.997229,0.576173,0.32754,1.56667,0.00501302,0,0,0,0,0,-0.0150996,-0.00585391,0.228464,0.382337,0.952373,0.721729,-0.015625,-0.0140991,1.11575
238,0.980469,0.0673828,-1.42969,0.296875,0.0687251,0.527396,0.426862,0.594731,0.535916,1.03708,0.565724,0.336453,2.62394,0.00707801,0,0,0,0,0,-0.0336188,-0.0143506,0.518066,0.347395,0.969899,0.722135,-0.0195312,0.0673828,0.858581
239,0.769531,-0.220703,-0.388672,0.259766,-0.286802,0.387132,0.21006,0.372949,0.183216,0.80559,0.623689,0.232604,0.762592,0.00344256,0,0,0,0,0,0.0306465,0.0064376,0.42837,0.449036,0.908348,0.744858,-0.230469,-0.220703,1.01582
240,1.09375,0.120117,-1.85156,0.46875,0.109821,0.543725,0.498655,0.679756,0.710725,1.01697,0.569407,0.387058,2.70438,0.00723512,0,0,0,0,0,-0.0400268,-0.0199596,0.612822,0.304142,0.991571,0.716407,0.09375,0.120117,0.90503
241,1.00781,0.183594,0.601562,0.12207,0.182171,0.572276,0.496916,0.652818,0.673097,0.736511,0.644818,0.420949,1.72177,0.00531596,0,0,0,0,0,-0.0548301,-0.0272459,0.741291,0.57956,0.819411,0.733827,0.0078125,0.183594,1.10212
242,1.11719,0.0898438,-0.188477,0.302734,0.0804196,0.532048,0.492917,0.682365,0.708589,0.919842,0.692882,0.472798,0.342552,0.00262217,0,0,0,0,0,-0.0538123,-0.026525,0.677063,0.506801,0.86602,0.783331,0.117188,0.0898438,1.16011
243,1.01562,0.0131226,-1.4375,0.244141,0.0129207,0.505154,0.413829,0.596043,0.526522,1.01477,0.528983,0.315296,2.9093,0.00763534,0,0,0,0,0,-0.0272354,-0.0112708,0.448848,0.338619,0.975325,0.718572,0.015625,0.0131226,0.880667
244,0.960938,0.143555,0.640625,0.542969,0.14939,0.559377,0.457116,0.611297,0.582639,0.955111,0.787383,0.481325,0.869394,0.00365116,0,0,0,0,0,-0.0265671,-0.0121442,0.294147,0.392256,0.942253,0.738033,-0.0390625,0.143555,1.01707
245,1.0625,-0.10791,0.482422,0.263672,-0.101562,0.459552,0.37211,0.582972,0.478322,0.958684,0.713329,0.41585,0.939496,0.00378808,0,0,0,0,0,-0.017141,-0.00637835,0.209486,0.501452,0.877634,0.730339,0.0625,-0.10791,1.12901
246,1.01562,0.0319824,1.34375,0.239258,0.0314904,0.512561,0.423259,0.602628,0.542309,0.858774,0.679266,0.409345,2.74717,0.00731869,0,0,0,0,0,-0.0238805,-0.0101076,0.306486,0.475516,0.892979,0.739595,0.015625,0.0319824,1.204
247,0.910156,-0.0581055,0.169922,0.292969,-0.0638412,0.474548,0.335922,0.510512,0.373466,0.998282,0.812825,0.414957,0.313934,0.00256628,0,0,0,0,0,0.000513579,0.000172522,0.00550829,0.440408,0.913999,0.742672,-0.0898438,-0.0581055,1.45542
248,1.08594,0.097168,-0.0534668,0.388672,0.0894784,0.535649,0.484047,0.66684,0.678977,0.966641,0.55222,0.368242,0.0857615,0.00212063,0,0,0,0,0,-0.0352059,-0.0170413,0.555789,0.388982,0.950837,0.715469,0.0859375,0.097168,1.02169
249,1.01562,0.043457,0.800781,0.25,0.0427885,0.517065,0.428997,0.606672,0.552089,0.927833,0.681163,0.413242,1.60156,0.00508118,0,0,0,0,0,-0.0367609,-0.0157703,0.470481,0.391368,0.945406,0.728701,0.015625,0.043457,1.33791
250,0.890625,-0.112793,0.507812,0.445312,-0.126645,0.449611,0.300746,0.481615,0.322401,1.1682,0.799007,0.384814,0.760976,0.00343941,0,0,0,0,0,0.0340488,0.0102401,0.3715,0.376636,0.951536,0.734108,-0.109375,-0.112793,1.28522
251,0.765625,-0.0678711,0.789062,0.369141,-0.088648,0.464681,0.273082,0.423255,0.253719,1.03541,0.620103,0.262462,1.29872,0.00448969,0,0,0,0,0,0.00590204,0.00161174,0.0829746,0.364995,0.954873,0.742732,-0.234375,-0.0678711,0.964717
252,0.964844,0.0400391,0.0673828,0.671875,0.041498,0.516551,0.406924,0.575898,0.497246,1.14261,0.630781,0.363266,0.0822063,0.00211368,0,0,0,0,0,-0.0258441,-0.0105166,0.357182,0.327388,0.980203,0.719471,-0.0351562,0.0400391,1.00147
253,0.898438,-0.036377,-0.886719,0.439453,-0.0404891,0.483852,0.342087,0.510903,0.378045,1.00041,0.78229,0.399674,1.33761,0.00456565,0,0,0,0,0,0.00361111,0.00123532,0.0402421,0.345542,0.966283,0.735845,-0.101562,-0.036377,1.21023
254,0.976562,0.120605,-0.208984,0.357422,0.1235,0.549144,0.451907,0.611841,0.578569,0.953426,0.721081,0.441187,0.349561,0.00263586,0,0,0,0,0,-0.0333445,-0.0150686,0.403132,0.450101,0.910632,0.732191,-0.0234375,0.120605,1.21627
255,1.07031,0.120117,-1.8125,0.12793,0.112226,0.544678,0.489256,0.666134,0.683107,0.873303,0.592783,0.394873,5.06748,0.0118506,0,0,0,0,0,-0.037853,-0.0185198,0.556688,0.520688,0.865704,0.722317,0.0703125,0.120117,1.02728
256,1.17188,0.0966797,-0.929688,0.326172,0.0825,0.532875,0.518264,0.716649,0.782183,1.02114,0.693374,0.496905,1.62785,0.00513251,0,0,0,0,0,-0.0513432,-0.0266093,0.645538,0.456353,0.907021,0.731109,0.171875,0.0966797,1.46921
257,0.902344,-0.124023,0.324219,0.148438,-0.137446,0.445339,0.29983,0.484924,0.325049,0.885852,0.908408,0.440509,0.841524,0.00359673,0,0,0,0,0,0.00665564,0.00199556,0.0638728,0.489232,0.875077,0.803607,-0.0976562,-0.124023,1.48899
258,1.39062,-0.0644531,0.503906,0.410156,-0.0463483,0.481516,0.525417,0.788067,0.897112,1.1394,1.06887,0.842342,0.786819,0.00348988,0,0,0,0,0,-0.031929,-0.0167761,0.260415,0.483483,0.88389,0.76134,0.390625,-0.0644531,1.86618
259,1.05469,0.197266,0.0444336,0.239258,0.187037,0.574184,0.523301,0.684601,0.742522,0.781579,0.849716,0.581716,0.0908403,0.00213055,0,0,0,0,0,-0.0403324,-0.021106,0.413797,0.672693,0.74052,0.770268,0.0546875,0.197266,1.35569
260,0.902344,-0.118164,-0.917969,0.5,-0.130952,0.447906,0.30276,0.486741,0.32858,1.12568,0.751937,0.365998,1.2982,0.00448868,0,0,0,0,0,-0.00636015,-0.0019256,0.0737383,0.389644,0.944068,0.736493,-0.0976562,-0.118164,1.41857
261,1.14062,0.0239258,0.90625,0.53125,0.020976,0.508368,0.469356,0.6726,0.672686,1.17719,0.660613,0.444329,1.24336,0.00438157,0,0,0,0,0,-0.0262097,-0.0123017,0.345876,0.43404,0.923732,0.719595,0.140625,0.0239258,1.01788
262,1.03125,0.00613403,-0.605469,0.371094,0.00594815,0.502373,0.416601,0.602722,0.53683,1.21953,0.697401,0.420339,0.993917,0.00389437,0,0,0,0,0,-0.0158797,-0.00661549,0.198502,0.392052,0.947169,0.721707,0.03125,0.00613403,1.29476
263,1.02344,0.106445,-0.439453,0.34375,0.104008,0.541418,0.463624,0.633878,0.616748,1.06145,0.534673,0.338917,0.749534,0.00341706,0,0,0,0,0,-0.0400094,-0.0185493,0.65235,0.364564,0.963347,0.716478,0.0234375,0.106445,0.831942
264,0.972656,0.00531006,-0.1875,0.796875,0.00545934,0.502178,0.392692,0.568312,0.477186,1.14406,0.509174,0.28937,0.210042,0.00236336,0,0,0,0,0,-0.0375675,-0.0147525,0.643211,0.394985,0.947714,0.714959,-0.0273438,0.00531006,0.879871
265,0.980469,0.0147705,-0.414062,0.361328,0.0150647,0.50601,0.400556,0.576141,0.492383,0.931352,0.595238,0.342941,0.688835,0.00329851,0,0,0,0,0,-0.0230885,-0.00924821,0.338151,0.378049,0.950668,0.734586,-0.0195312,0.0147705,0.919787
266,0.90625,0.0280762,0.392578,0.503906,0.0309806,0.512357,0.377446,0.537568,0.431445,1.00849,0.578131,0.310785,0.553033,0.00303327,0,0,0,0,0,-0.0169614,-0.00640202,0.255765,0.380468,0.952374,0.724838,-0.09375,0.0280762,1.08195
267,0.941406,-0.0358887,-1.70312,0.394531,-0.0381224,0.484795,0.359562,0.536084,0.41667,1.10087,0.507651,0.272143,2.71148,0.00724898,0,0,0,0,0,-0.0141667,-0.00509382,0.243283,0.329564,0.979616,0.718351,-0.0585938,-0.0358887,0.900788
268,1.125,0.265625,-0.0585938,0.582031,0.236111,0.593327,0.593386,0.745851,0.908401,1.01514,0.760991,0.567586,0.076803,0.00210313,0,0,0,0,0,-0.0644612,-0.0382504,0.738457,0.428359,0.927164,0.7195,0.125,0.265625,1.1476
269,1.04688,0.0576172,-0.984375,0.480469,0.0550373,0.521946,0.448608,0.629889,0.598009,1.17346,0.559273,0.35228,1.42013,0.00472682,0,0,0,0,0,-0.0372332,-0.0167031,0.58038,0.326145,0.981775,0.716723,0.046875,0.0576172,0.951976
270,0.980469,0.0712891,-0.738281,0.326172,0.0727092,0.528981,0.428815,0.596134,0.539258,0.951326,0.602754,0.359322,1.2927,0.00447793,0,0,0,0,0,-0.039841,-0.0170844,0.576232,0.42697,0.924459,0.732293,-0.0195312,0.0712891,1.20531
271,0.871094,0.0109253,1.53906,0.283203,0.012542,0.505003,0.354773,0.511107,0.387094,1.0525,0.646325,0.330341,2.89206,0.00760168,0,0,0,0,0,-0.0289728,-0.0102788,0.390793,0.459582,0.90447,0.733351,-0.128906,0.0109253,1.07763
272,1.00781,-0.134766,0.632812,0.761719,-0.133721,0.446812,0.336752,0.542766,0.407997,1.1478,0.745493,0.404628,0.725066,0.00336927,0,0,0,0,0,-0.0136301,-0.00458997,0.159391,0.452041,0.897923,0.794933,0.0078125,-0.134766,1.32893
273,0.988281,0.12793,0.839844,0.431641,0.129447,0.551498,0.460268,0.621357,0.597931,1.13501,0.669399,0.415936,1.27831,0.00444983,0,0,0,0,0,-0.0442594,-0.0203712,0.576404,0.355701,0.96766,0.716882,-0.0117188,0.12793,1.14333
274,0.886719,-0.0356445,-0.189453,0.539062,-0.0401982,0.483968,0.337754,0.504325,0.368422,1.0906,0.636257,0.32088,0.258037,0.0024571,0,0,0,0,0,-0.0169811,-0.00573545,0.23267,0.345583,0.971076,0.721243,-0.113281,-0.0356445,0.894717
275,1.05469,-0.0196533,0.140625,0.640625,-0.0186343,0.492566,0.413106,0.607533,0.539752,1.10788,0.695038,0.422258,0.175695,0.00229628,0,0,0,0,0,-0.0210895,-0.00871217,0.264523,0.344376,0.970552,0.724449,0.0546875,-0.0196533,1.13426
276,1.05469,0.112305,0.0512695,0.421875,0.106481,0.5424,0.479085,0.654188,0.657484,1.18194,0.573225,0.374997,0.0789346,0.00210729,0,0,0,0,0,-0.0345606,-0.0165574,0.525608,0.323478,0.983863,0.714372,0.0546875,0.112305,0.825687
277,2.23438,0.339844,0.380859,0.0869141,0.152098,0.560445,1.06591,1.42365,3.16296,0.87286,2.06558,2.94067,1.29187,0.00447631,0,0,0,0,0,-0.0515429,-0.0549402,0.217537,0.927978,0.509708,0.857479,1.23438,0.339844,3.57348
278,0.855469,-0.330078,0.439453,0.353516,-0.385845,0.349806,0.202811,0.385125,0.189453,1.04442,0.699906,0.269551,0.739109,0.0033967,0,0,0,0,0,0.0304239,0.00617029,0.37895,0.454843,0.90272,0.75512,-0.144531,-0.330078,1.25377
279,0.863281,0.0810547,-1.89844,0.457031,0.0938914,0.537402,0.386705,0.531498,0.432031,1.1076,0.70614,0.375312,2.80817,0.00743783,0,0,0,0,0,-0.0104561,-0.00404344,0.129088,0.397778,0.937829,0.743532,-0.136719,0.0810547,1.18397
280,0.910156,-0.0422363,0.316406,0.330078,-0.0464056,0.481493,0.343857,0.515768,0.384254,1.00067,0.456759,0.235582,0.550727,0.00302876,0,0,0,0,0,-0.00832161,-0.00286144,0.158828,0.350796,0.969332,0.719007,-0.0898438,-0.0422363,1.03838
281,1.07812,0.0578613,0.558594,0.210938,0.0536685,0.5214,0.461261,0.648166,0.632881,0.957054,0.675821,0.438044,1.21624,0.00432859,0,0,0,0,0,-0.0275272,-0.0126972,0.355089,0.484355,0.88857,0.733144,0.078125,0.0578613,1.06454
282,1.01562,0.0893555,0.223633,0.466797,0.0879808,0.535054,0.451946,0.623111,0.592523,1.13878,0.566424,0.352945,0.327319,0.00259242,0,0,0,0,0,-0.0335204,-0.0151494,0.515912,0.346489,0.972833,0.715036,0.015625,0.0893555,0.735263
283,0.769531,-0.0625,1.00781,0.5625,-0.0812183,0.467634,0.277334,0.427265,0.259469,1.14315,0.606259,0.259033,1.34375,0.00457764,0,0,0,0,0,-0.0192832,-0.00534788,0.277286,0.348107,0.967217,0.729128,-0.230469,-0.0625,1.17179
284,0.984375,0.124512,-1.63281,0.398438,0.126488,0.550327,0.456993,0.617823,0.590547,1.27652,0.636866,0.393471,2.58676,0.00700539,0,0,0,0,0,-0.0418866,-0.0191419,0.573368,0.348968,0.971596,0.715124,-0.015625,0.124512,1.20172
285,1.05469,0.132812,-0.550781,0.19043,0.125926,0.550105,0.489338,0.661734,0.677344,0.95257,0.582782,0.385647,1.26215,0.00441827,0,0,0,0,0,-0.0347792,-0.0170188,0.52026,0.431444,0.925499,0.718877,0.0546875,0.132812,1.10674
286,0.984375,0.143555,0.126953,0.217773,0.145833,0.557974,0.466514,0.624899,0.608134,0.94082,0.571044,0.356845,0.272045,0.00248446,0,0,0,0,0,-0.044383,-0.0207053,0.677569,0.416733,0.933316,0.721785,-0.015625,0.143555,1.034
287,1.00781,0.123535,0.585938,0.515625,0.122578,0.548779,0.465903,0.631077,0.615323,1.15102,0.507237,0.320105,0.815989,0.00354685,0,0,0,0,0,-0.0385762,-0.0179728,0.663004,0.323806,0.983584,0.714719,0.0078125,0.123535,1.05289
288,0.992188,0.0595703,-0.84375,0.209961,0.0600394,0.523938,0.427655,0.598754,0.541395,0.820499,0.569778,0.341157,1.84138,0.00554958,0,0,0,0,0,-0.0179051,-0.00765719,0.273954,0.485034,0.887784,0.734754,-0.0078125,0.0595703,0.980203
289,1.05469,0.0366211,0.699219,0.367188,0.0347222,0.513849,0.441243,0.627005,0.58783,1.12058,0.595727,0.373523,1.1539,0.00420684,0,0,0,0,0,-0.0269719,-0.0119012,0.394704,0.443028,0.919063,0.716701,0.0546875,0.0366211,0.938269
290,0.992188,0.0878906,-0.550781,0.519531,0.0885827,0.535293,0.441815,0.608948,0.566018,1.09423,0.564445,0.343718,0.764141,0.00344559,0,0,0,0,0,-0.0265848,-0.0117455,0.410599,0.367061,0.958318,0.727869,-0.0078125,0.0878906,1.13312
291,1.00781,0.0163574,-1.46094,0.335938,0.0162306,0.506475,0.412314,0.592617,0.521198,0.94057,0.506927,0.300413,2.52059,0.00687615,0,0,0,0,0,-0.0197572,-0.00814618,0.339772,0.398152,0.944635,0.719113,0.0078125,0.0163574,0.95964
292,1.21875,0.065918,-0.820312,0.139648,0.0540865,0.521567,0.521681,0.732891,0.809279,0.79432,0.784802,0.575174,2.19514,0.0062405,0,0,0,0,0,-0.031781,-0.0165795,0.353032,0.62327,0.782678,0.750272,0.21875,0.065918,1.1486
293,1.0625,0.0708008,-0.345703,0.78125,0.066636,0.526564,0.461465,0.643693,0.627291,1.05636,0.506811,0.32623,0.391118,0.00271703,0,0,0,0,0,-0.0365986,-0.016889,0.629543,0.309818,0.99052,0.71282,0.0625,0.0708008,0.815363
294,1.01562,-0.0267334,0.367188,0.765625,-0.0263221,0.4895,0.393901,0.582384,0.494329,1.29407,0.579229,0.337334,0.419643,0.00277274,0,0,0,0,0,-0.00555656,-0.00218874,0.08363,0.3217,0.983674,0.717019,0.015625,-0.0267334,1.05002
295,0.996094,0.00933838,-0.613281,0.242188,0.009375,0.50374,0.404105,0.583356,0.503605,1.06326,0.798479,0.465797,1.24619,0.00438709,0,0,0,0,0,-0.00755107,-0.00305143,0.0824426,0.467311,0.898366,0.738864,-0.00390625,0.00933838,1.22972
296,0.761719,-0.0488281,1.57812,0.707031,-0.0641026,0.474444,0.281037,0.427187,0.261471,1.00678,0.692817,0.295962,1.87682,0.00561878,0,0,0,0,0,0.0159173,0.00447336,0.20029,0.378034,0.948244,0.743118,-0.238281,-0.0488281,1.1558
297,1.80469,0.447266,0.921875,0.214844,0.247835,0.597869,0.965381,1.2026,2.3782,0.832874,1.61024,1.93647,1.98889,0.00583767,0,0,0,0,0,-0.0771973,-0.0745248,0.417945,0.9134,0.484373,0.746893,0.804688,0.447266,2.8537
298,1.10938,-0.0795898,-0.3125,0.402344,-0.071743,0.471403,0.405067,0.61938,0.547711,0.82279,0.729858,0.45206,0.492665,0.00291536,0,0,0,0,0,-0.0272895,-0.0110541,0.32596,0.560557,0.828987,0.79099,0.109375,-0.0795898,0.888149
299,0.980469,-0.134766,-1.26562,0.357422,-0.13745,0.445337,0.325787,0.526907,0.383769,1.22771,0.620171,0.326772,2.11697,0.00608783,0,0,0,0,0,0.0134343,0.00437671,0.188847,0.34037,0.972494,0.72431,-0.0195312,-0.134766,1.17185
300,0.882812,0.0234375,0.353516,0.353516,0.0265487,0.51059,0.365729,0.522293,0.406548,1.01513,0.555604,0.290188,0.594572,0.0031144,0,0,0,0,0,-0.0249333,-0.00911881,0.39122,0.361266,0.961687,0.72641,-0.117188,0.0234375,1.15583
301,0.902344,-0.0893555,-1.79688,0.196289,-0.099026,0.460559,0.317164,0.495829,0.346439,0.930333,0.668042,0.331234,4.05574,0.00987449,0,0,0,0,0,0.0131153,0.00415971,0.171152,0.475039,0.889258,0.761032,-0.0976562,-0.0893555,1.14673
302,0.882812,-0.216797,-0.287109,0.585938,-0.245575,0.403006,0.254174,0.441073,0.25915,1.19012,0.863664,0.38094,0.375078,0.0026857,0,0,0,0,0,0.0314073,0.00798291,0.317024,0.373476,0.950714,0.742526,-0.117188,-0.216797,1.43296
303,0.851562,0.000118256,1.47656,0.233398,0.000138869,0.500055,0.341538,0.495996,0.36266,1.04496,0.446222,0.221324,3.05635,0.00792256,0,0,0,0,0,-0.0183859,-0.00627949,0.359204,0.354132,0.967233,0.720354,-0.148438,0.000118256,0.951751
304,0.941406,-0.101074,-0.53125,0.441406,-0.107365,0.45725,0.326969,0.514791,0.371919,1.01957,0.727125,0.374318,0.799613,0.00351487,0,0,0,0,0,-0.00147082,-0.000480912,0.0176342,0.6245,0.781595,0.751759,-0.0585938,-0.101074,1.33656
305,1.01562,0.0805664,0.251953,0.263672,0.0793269,0.531614,0.447551,0.619931,0.584617,0.991338,0.698706,0.433149,0.490668,0.00291146,0,0,0,0,0,-0.0366825,-0.0164173,0.457691,0.498852,0.880796,0.72378,0.015625,0.0805664,1.28857
306,1.00781,0.0839844,0.664062,0.287109,0.0833333,0.533207,0.446127,0.616622,0.579252,1.10453,0.573912,0.353887,1.23933,0.00437368,0,0,0,0,0,-0.031647,-0.0141186,0.480722,0.344793,0.972452,0.718395,0.0078125,0.0839844,0.961476
307,1.03906,0.176758,-1.60938,0.412109,0.170113,0.567539,0.505045,0.669085,0.702745,0.933681,0.749459,0.501452,2.50698,0.00684957,0,0,0,0,0,-0.0484664,-0.0244777,0.563767,0.525521,0.85897,0.740645,0.0390625,0.176758,1.26764
308,1.02344,0.136719,-1.25781,0.337891,0.133588,0.553136,0.47876,0.645032,0.645277,0.930384,0.634289,0.409136,2.16385,0.0061794,0,0,0,0,0,-0.0422978,-0.0202505,0.58135,0.342268,0.96953,0.730498,0.0234375,0.136719,1.24109
309,0.929688,-0.0625,0.734375,0.480469,-0.0672269,0.473201,0.341557,0.520433,0.387512,1.05408,0.517918,0.269542,1.05946,0.00402239,0,0,0,0,0,-0.00449215,-0.00153433,0.0756137,0.390201,0.949305,0.718142,-0.0703125,-0.0625,1.05186
310,0.863281,-0.105469,1.14844,0.542969,-0.122172,0.451381,0.293443,0.468036,0.305167,1.13191,0.511764,0.239524,1.55855,0.00499716,0,0,0,0,0,0.00197692,0.000580113,0.0336764,0.341455,0.973431,0.720134,-0.136719,-0.105469,0.930866
311,0.894531,-0.0571289,1.53125,0.464844,-0.0638646,0.474539,0.330145,0.501741,0.36074,1.027,0.622922,0.312545,2.24591,0.00633967,0,0,0,0,0,-0.0159542,-0.00526718,0.223279,0.371018,0.951561,0.7439,-0.105469,-0.0571289,1.16477
312,0.929688,-0.183594,0.171875,0.527344,-0.197479,0.421726,0.283875,0.481121,0.312063,1.16841,0.71367,0.343362,0.236682,0.0024154,0,0,0,0,0,-0.00382344,-0.00108538,0.046705,0.391679,0.943589,0.734371,-0.0703125,-0.183594,1.2624
313,1.07031,-0.129883,0.589844,0.124023,-0.12135,0.451707,0.364256,0.580556,0.469728,0.875758,0.731463,0.424655,1.67489,0.00522439,0,0,0,0,0,0.0159095,0.00579515,0.189615,0.483719,0.886767,0.744148,0.0703125,-0.129883,1.24469
314,0.957031,-0.161133,0.0991211,0.222656,-0.168367,0.433147,0.303205,0.505298,0.34726,1.01528,0.815349,0.411995,0.210063,0.0023634,0,0,0,0,0,0.011354,0.00344259,0.121398,0.411735,0.93242,0.735105,-0.0429688,-0.161133,1.23747
315,0.894531,-0.0439453,1.24219,0.527344,-0.0491266,0.480409,0.336736,0.506103,0.369532,1.09662,0.895011,0.452968,1.71057,0.00529408,0,0,0,0,0,0.00833913,0.00280809,0.0812268,0.446362,0.902308,0.786556,-0.105469,-0.0439453,1.30576
316,0.964844,-0.0113525,0.241211,0.251953,-0.0117662,0.495306,0.381228,0.558038,0.456741,0.864481,0.654076,0.364999,0.480548,0.0028917,0,0,0,0,0,-0.0248141,-0.00945984,0.330733,0.343729,0.963041,0.749507,-0.0351562,-0.0113525,1.0687
317,0.992188,-0.10498,-0.542969,0.178711,-0.105807,0.457868,0.345379,0.543051,0.414191,0.841679,0.611911,0.332299,1.2844,0.00446171,0,0,0,0,0,0.00186685,0.000644771,0.0265967,0.544821,0.8459,0.734644,-0.0078125,-0.10498,1.19365
318,0.980469,-0.167969,-1.3125,0.333984,-0.171315,0.431988,0.309186,0.516807,0.362686,1.07282,0.757108,0.391279,2.2711,0.00638887,0,0,0,0,0,0.0125728,0.00388732,0.14477,0.452049,0.91013,0.729342,-0.0195312,-0.167969,1.51066
319,0.695312,-0.183594,0.474609,0.417969,-0.264045,0.395873,0.195535,0.342699,0.155677,0.850316,0.528944,0.181269,0.734116,0.00338694,0,0,0,0,0,0.00671209,0.00131245,0.110625,0.361769,0.960196,0.730299,-0.304688,-0.183594,0.867483
320,0.925781,0.00952148,1.65625,0.800781,0.0102848,0.504103,0.376001,0.54247,0.43565,1.24708,0.481724,0.261321,1.85084,0.00556805,0,0,0,0,0,-0.0153274,-0.00576314,0.277382,0.354713,0.968327,0.716378,-0.0742188,0.00952148,0.808222
321,1.14844,0.0839844,-0.390625,0.234375,0.0731293,0.529148,0.502518,0.698434,0.740335,0.948492,0.629707,0.439809,0.806872,0.00352905,0,0,0,0,0,-0.0434126,-0.0218156,0.601014,0.392759,0.947343,0.719925,0.148438,0.0839844,0.982814
322,0.902344,-0.0737305,1.21094,0.251953,-0.08171,0.467439,0.324977,0.500862,0.356473,0.920027,0.842241,0.421847,2.41247,0.00666498,0,0,0,0,0,0.00142961,0.000464589,0.0147975,0.459651,0.898996,0.759448,-0.0976562,-0.0737305,1.19313
323,1.09375,0.149414,-2.32812,0.330078,0.136607,0.554329,0.513303,0.690573,0.740372,0.973281,0.553679,0.382356,4.05227,0.00986771,0,0,0,0,0,-0.0475482,-0.0244066,0.748657,0.334532,0.978877,0.714091,0.09375,0.149414,0.972246
324,0.921875,-0.0991211,0.75,0.211914,-0.107521,0.457188,0.320114,0.504065,0.356554,0.802731,0.753315,0.37972,1.62923,0.00513521,0,0,0,0,0,-0.0160554,-0.00513955,0.185802,0.418533,0.916253,0.795054,-0.078125,-0.0991211,1.05159
325,0.890625,-0.0505371,-0.181641,0.225586,-0.0567434,0.477375,0.331874,0.501642,0.361786,1.04961,0.578526,0.290213,0.382434,0.00270007,0,0,0,0,0,-0.0119707,-0.00397276,0.180386,0.406583,0.936109,0.732122,-0.109375,-0.0505371,1.07361
326,0.929688,0.0888672,1.71094,0.210938,0.0955882,0.538076,0.41724,0.572956,0.502369,0.980338,0.575091,0.329502,3.72527,0.00922903,0,0,0,0,0,-0.0318589,-0.0132928,0.482949,0.410345,0.928497,0.753886,-0.0703125,0.0888672,1.13284
327,0.96875,0.0390625,0.84375,0.246094,0.0403226,0.516082,0.408002,0.577828,0.500351,0.946183,0.500518,0.289213,1.70084,0.00527508,0,0,0,0,0,-0.0317922,-0.0129713,0.553742,0.37011,0.957992,0.724046,-0.03125,0.0390625,1.11246
328,1.09375,0.0366211,1.45312,0.414062,0.0334821,0.513355,0.456907,0.64975,0.630939,1.14124,0.657859,0.427444,2.25824,0.00636375,0,0,0,0,0,-0.0161052,-0.00735859,0.213423,0.409424,0.938769,0.7176,0.09375,0.0366211,0.975641
329,0.878906,-0.126953,-4.1875,0.388672,-0.144444,0.442575,0.288967,0.470433,0.304809,1.23281,0.638062,0.300166,6.71681,0.0150719,0,0,0,0,0,0.013141,0.00379732,0.179545,0.337332,0.970633,0.734158,-0.121094,-0.126953,1.02891
330,1.04688,0.00126648,-0.396484,0.255859,0.00120977,0.500483,0.420433,0.610143,0.549038,0.932215,0.719541,0.439023,0.783836,0.00348406,0,0,0,0,0,-0.00320414,-0.00134713,0.0388207,0.546691,0.840899,0.763558,0.046875,0.00126648,1.34346
331,1.02344,-0.0708008,0.546875,0.380859,-0.0691794,0.472423,0.375,0.572258,0.468105,1.05575,0.644398,0.368763,0.886147,0.00368388,0,0,0,0,0,-0.00837999,-0.0031425,0.113369,0.350583,0.968846,0.720711,0.0234375,-0.0708008,1.16758
332,0.984375,-0.0698242,-0.796875,0.410156,-0.0709325,0.471726,0.359825,0.549852,0.43181,0.992063,0.62867,0.345675,1.24427,0.00438334,0,0,0,0,0,-0.0319468,-0.0114952,0.443007,0.404103,0.936934,0.734093,-0.015625,-0.0698242,1.20979
333,1.14062,0.164062,-1.13281,0.326172,0.143836,0.557185,0.539425,0.723239,0.814053,0.9015,0.623762,0.451129,1.98351,0.00582717,0,0,0,0,0,-0.0519439,-0.0280198,0.725977,0.324696,0.983783,0.713122,0.140625,0.164062,1.03886
334,0.878906,-0.0913086,-0.376953,0.267578,-0.103889,0.458629,0.306789,0.481586,0.326044,1.05421,0.579661,0.279156,0.728722,0.00337641,0,0,0,0,0,-0.00485802,-0.00149039,0.0730621,0.397323,0.938989,0.740077,-0.121094,-0.0913086,1.40244
335,1.01562,0.181641,0.925781,0.353516,0.178846,0.570971,0.498615,0.656949,0.680199,1.22021,0.696762,0.457737,1.55706,0.00499425,0,0,0,0,0,-0.0390484,-0.0194701,0.488569,0.392016,0.945266,0.728,0.015625,0.181641,1.2671
336,0.816406,-0.0722656,0.648438,0.361328,-0.0885167,0.464733,0.291248,0.451363,0.288554,1.12362,0.417718,0.188542,1.07874,0.00406004,0,0,0,0,0,-0.00682595,-0.00198804,0.142458,0.368401,0.959611,0.72176,-0.183594,-0.0722656,0.808153
337,0.820312,-0.146484,1.41406,0.59375,-0.178571,0.429137,0.2561,0.430379,0.250813,1.10368,0.763239,0.328482,1.83513,0.00553736,0,0,0,0,0,0.0246798,0.0063205,0.281896,0.376858,0.949331,0.741361,-0.179688,-0.146484,1.10546
338,1.15625,0.283203,-1.19531,0.398438,0.244932,0.596746,0.616372,0.76952,0.972076,0.938361,0.739418,0.568997,1.89366,0.00565167,0,0,0,0,0,-0.0635219,-0.0391531,0.748928,0.406735,0.937718,0.726182,0.15625,0.283203,1.24898
339,0.878906,-0.139648,2.0625,0.722656,-0.158889,0.436878,0.282619,0.466561,0.297553,1.07064,0.642025,0.299544,2.42621,0.00669181,0,0,0,0,0,-0.0128984,-0.00364533,0.175142,0.351827,0.966827,0.724882,-0.121094,-0.139648,1.17707
340,1.17188,0.341797,0.0834961,0.3125,0.291667,0.614729,0.659619,0.796094,1.06886,0.896724,0.748939,0.596226,0.149362,0.00224485,0,0,0,0,0,-0.0639842,-0.0422052,0.744789,0.366115,0.962046,0.717972,0.171875,0.341797,1.04799
341,0.765625,-0.12793,0.166992,0.214844,-0.167092,0.433649,0.243053,0.404532,0.222721,0.887795,0.656493,0.265572,0.360276,0.00265679,0,0,0,0,0,-0.00851315,-0.00206914,0.113049,0.321743,0.970476,0.757538,-0.234375,-0.12793,1.17759
342,0.824219,-0.0534668,1.64844,0.253906,-0.0648697,0.474139,0.30378,0.46203,0.305755,1.03419,0.560253,0.258854,3.27142,0.00834261,0,0,0,0,0,-0.00738714,-0.00224407,0.114947,0.343799,0.969482,0.728457,-0.175781,-0.0534668,1.15624
343,0.972656,0.10791,0.707031,0.523438,0.110944,0.54417,0.443993,0.604898,0.56303,1.0914,0.675505,0.408611,0.977251,0.00386182,0,0,0,0,0,-0.0332268,-0.0147525,0.428813,0.394538,0.943268,0.730162,-0.0273438,0.10791,1.29585
344,1.01562,-0.0717773,0.0563965,0.180664,-0.0706731,0.471829,0.371379,0.567393,0.459858,0.891649,0.855083,0.485168,0.132683,0.00221227,0,0,0,0,0,0.00140978,0.000523564,0.0143731,0.487066,0.882868,0.753682,0.015625,-0.0717773,1.45903
345,1.10156,0.236328,-0.157227,0.332031,0.214539,0.584937,0.565874,0.723518,0.843691,0.978139,0.634874,0.459343,0.272858,0.00248605,0,0,0,0,0,-0.0508174,-0.0287562,0.697801,0.417631,0.93333,0.719974,0.101562,0.236328,1.06495
346,0.824219,-0.0471191,-1.00781,0.298828,-0.0571682,0.477206,0.306954,0.464123,0.309631,1.04463,0.601447,0.279146,1.84361,0.00555393,0,0,0,0,0,-0.027365,-0.0083998,0.396648,0.425423,0.926863,0.726712,-0.175781,-0.0471191,1.19415
347,0.980469,0.0539551,-0.490234,0.369141,0.0550299,0.521943,0.420148,0.58993,0.524542,0.844867,0.470975,0.277843,0.806878,0.00352906,0,0,0,0,0,-0.0136566,-0.0057378,0.252785,0.40426,0.939822,0.723738,-0.0195312,0.0539551,0.826849
348,0.976562,0.117188,0.640625,0.507812,0.12,0.547758,0.450198,0.61058,0.575486,1.32163,0.558348,0.340916,0.898984,0.00370895,0,0,0,0,0,-0.0401977,-0.0180969,0.627629,0.323857,0.983013,0.716183,-0.0234375,0.117188,1.25648
349,1.125,0.228516,-1.375,0.824219,0.203125,0.580481,0.569727,0.735289,0.865239,0.939422,0.601307,0.442135,1.51454,0.00491122,0,0,0,0,0,-0.0533718,-0.0304074,0.773789,0.326825,0.982069,0.715096,0.125,0.228516,1.23465
350,1.19531,0.0830078,0.0888672,0.296875,0.0694444,0.527682,0.520827,0.725359,0.797406,0.978717,0.764332,0.554415,0.1631,0.00227168,0,0,0,0,0,-0.034399,-0.0179159,0.392347,0.568343,0.829792,0.722234,0.195312,0.0830078,1.4538
351,1.16406,0.203125,-0.279297,0.233398,0.174497,0.569262,0.568354,0.751504,0.887785,0.916087,0.755473,0.567741,0.578119,0.00308226,0,0,0,0,0,-0.0495166,-0.028143,0.571398,0.582244,0.818657,0.722704,0.164062,0.203125,1.23655
352,1.02344,0.0639648,1.11719,0.241211,0.0625,0.524918,0.442383,0.618512,0.57826,0.835085,0.586257,0.362607,2.27472,0.00639593,0,0,0,0,0,-0.0248119,-0.0109764,0.36896,0.359888,0.96384,0.721957,0.0234375,0.0639648,0.874911
353,1.03906,0.0913086,0.496094,0.605469,0.0878759,0.535012,0.462321,0.637451,0.620085,1.04986,0.551939,0.351834,0.637555,0.00319835,0,0,0,0,0,-0.0387221,-0.017902,0.61161,0.335371,0.977729,0.716143,0.0390625,0.0913086,0.841578
354,1.10156,0.0786133,0.488281,0.384766,0.0713652,0.528446,0.481036,0.669228,0.679262,0.936028,0.557877,0.373347,0.787176,0.00349058,0,0,0,0,0,-0.0369245,-0.017762,0.577011,0.430448,0.924279,0.72534,0.101562,0.0786133,1.07945
355,0.9375,0.0549316,-0.373047,0.337891,0.0585938,0.523362,0.403406,0.565268,0.482264,0.877867,0.670303,0.378901,0.641764,0.00320657,0,0,0,0,0,-0.027282,-0.0110057,0.354823,0.427239,0.922582,0.739031,-0.0625,0.0549316,0.985812
356,0.980469,-0.179688,-1.08594,0.214844,-0.183267,0.427294,0.304431,0.51266,0.355499,0.918709,0.732618,0.375584,2.34284,0.00652899,0,0,0,0,0,0.0159281,0.00484902,0.189537,0.463475,0.897255,0.756275,-0.0195312,-0.179688,1.32077
357,1.10156,0.0800781,-1.73438,0.462891,0.072695,0.528976,0.481768,0.669755,0.680672,1.12096,0.635275,0.425479,2.5492,0.00693203,0,0,0,0,0,-0.0184928,-0.00890927,0.253775,0.436043,0.922319,0.720315,0.101562,0.0800781,1.00347
358,0.925781,-0.108398,-1.6875,0.40625,-0.117089,0.453395,0.317041,0.5034,0.353927,1.11484,0.645261,0.324824,2.64757,0.00712416,0,0,0,0,0,0.0113757,0.00360656,0.153691,0.365791,0.960155,0.724146,-0.0742188,-0.108398,1.12391
359,1.07812,0.195312,-0.157227,0.25,0.181159,0.571879,0.530889,0.698063,0.769135,0.7897,0.647081,0.451703,0.314453,0.00256729,0,0,0,0,0,-0.0418661,-0.0222263,0.564041,0.483477,0.886613,0.745785,0.078125,0.195312,1.00628
360,1.14844,0.00970459,-0.255859,0.244141,0.00845026,0.503371,0.465378,0.672207,0.66844,0.970406,0.758072,0.509582,0.517823,0.0029645,0,0,0,0,0,-0.0415445,-0.0193339,0.47776,0.506489,0.875468,0.723893,0.148438,0.00970459,1.31436
361,0.902344,-0.116699,-1.1875,0.328125,-0.129329,0.448549,0.303492,0.487197,0.329468,1.07278,0.596735,0.290727,2.07307,0.00600209,0,0,0,0,0,0.0201037,0.00610132,0.293698,0.384899,0.948804,0.728857,-0.0976562,-0.116699,0.836002
362,1.46875,0.166992,1.00781,0.376953,0.113697,0.545261,0.672468,0.914905,1.28926,1.06211,1.32033,1.20798,1.64148,0.00515914,0,0,0,0,0,-0.0256141,-0.0172247,0.169123,0.792148,0.620175,0.730249,0.46875,0.166992,1.8228
363,0.890625,-0.0717773,-0.765625,0.527344,-0.0805921,0.467883,0.321254,0.49468,0.347913,0.987072,0.797143,0.394331,1.05431,0.00401233,0,0,0,0,0,0.0019587,0.000629239,0.0214209,0.449462,0.905564,0.757028,-0.109375,-0.0717773,1.29369
364,1.13281,0.104004,1.44531,0.400391,0.0918103,0.536576,0.506262,0.696583,0.74153,1.10225,0.64772,0.451191,2.28412,0.00641431,0,0,0,0,0,-0.0346101,-0.0175218,0.465825,0.421974,0.932323,0.714865,0.132812,0.104004,1.14352
365,1.29688,0.162109,1.40625,0.251953,0.125,0.549738,0.601105,0.813244,1.02269,1.1281,0.82659,0.672219,2.80158,0.00742496,0,0,0,0,0,-0.0518868,-0.0311894,0.547235,0.467292,0.903994,0.7154,0.296875,0.162109,1.54998
366,1.03906,0.0140991,-0.28125,0.539062,0.0135691,0.505413,0.423716,0.610032,0.551674,1.09944,0.759831,0.463521,0.383065,0.0027013,0,0,0,0,0,-0.0245512,-0.0104027,0.281684,0.394236,0.946732,0.719304,0.0390625,0.0140991,1.59134
367,1.05469,0.15332,-0.632812,0.855469,0.14537,0.557791,0.499592,0.669352,0.697625,1.05392,0.834216,0.558384,0.684184,0.00328942,0,0,0,0,0,-0.046304,-0.0231331,0.48389,0.469755,0.894714,0.749168,0.0546875,0.15332,1.40764
368,0.984375,-0.00595093,2.95312,0.168945,-0.00604539,0.497588,0.391761,0.571262,0.479817,0.958317,0.678457,0.387576,7.1847,0.0159857,0,0,0,0,0,-0.0191996,-0.00752167,0.246705,0.444462,0.914103,0.732085,-0.015625,-0.00595093,1.01056
369,1.00781,0.192383,2.20312,0.304688,0.190891,0.575695,0.502519,0.655252,0.681881,1.18886,0.577178,0.378197,3.99128,0.00974859,0,0,0,0,0,-0.0389702,-0.0195833,0.588613,0.385739,0.950064,0.723312,0.0078125,0.192383,1.16818
370,1.16406,0.0673828,2.46875,0.394531,0.0578859,0.52308,0.500483,0.70158,0.742698,1.22323,0.951274,0.667395,3.9304,0.00962968,0,0,0,0,0,-0.0412971,-0.0206685,0.378461,0.537966,0.848951,0.748331,0.164062,0.0673828,1.75493
371,0.96875,0.00430298,-1.05469,0.511719,0.00444178,0.501772,0.390623,0.56569,0.472591,0.978344,0.459197,0.259763,1.47438,0.00483276,0,0,0,0,0,-0.0209531,-0.00818476,0.397793,0.346871,0.971886,0.717168,-0.03125,0.00430298,0.913565
372,1.0625,0.112793,1.32812,0.211914,0.106158,0.542272,0.482461,0.658908,0.666929,0.716119,0.581956,0.383455,2.88509,0.00758806,0,0,0,0,0,-0.0327392,-0.0157954,0.490438,0.559595,0.833025,0.748898,0.0625,0.112793,1.12034
373,0.941406,-0.0307617,1.34375,0.294922,-0.0326763,0.486966,0.362125,0.537806,0.420371,0.944044,0.623633,0.335394,2.47437,0.00678588,0,0,0,0,0,-0.0301696,-0.0109252,0.421743,0.399969,0.9394,0.733371,-0.0585938,-0.0307617,1.15208
374,1.48438,0.204102,-1.42188,0.238281,0.1375,0.554682,0.697289,0.937699,1.36549,0.974653,1.18085,1.10728,2.91284,0.00764226,0,0,0,0,0,-0.0498666,-0.0347714,0.368147,0.613773,0.792408,0.724375,0.484375,0.204102,1.90497
375,0.984375,0.00558472,2.4375,0.365234,0.00567336,0.502263,0.397529,0.575232,0.488922,1.11528,0.659623,0.379437,4.03328,0.00983063,0,0,0,0,0,-0.00418159,-0.0016623,0.0552652,0.50601,0.871633,0.745973,-0.015625,0.00558472,1.1243
376,1.08594,0.162109,0.211914,0.617188,0.149281,0.559334,0.516518,0.690771,0.743955,0.954832,0.622554,0.430042,0.269744,0.00247997,0,0,0,0,0,-0.0464249,-0.0239793,0.650101,0.352095,0.968534,0.719478,0.0859375,0.162109,0.985381
377,1.0625,-0.0849609,-0.174805,0.292969,-0.0799632,0.468133,0.383585,0.590362,0.495665,0.820118,0.580667,0.342804,0.322955,0.0025839,0,0,0,0,0,-0.00891565,-0.00341991,0.133854,0.442,0.915645,0.731878,0.0625,-0.0849609,1.22512
378,0.832031,-0.0908203,0.0463867,0.328125,-0.109155,0.45654,0.288236,0.454509,0.289658,1.02127,0.618405,0.28107,0.0809793,0.00211129,0,0,0,0,0,-0.00932754,-0.00268854,0.131493,0.407074,0.93869,0.722245,-0.167969,-0.0908203,0.969744
379,1.10938,0.174805,-0.953125,0.28125,0.15757,0.562602,0.532264,0.709124,0.786163,0.845283,0.61897,0.438927,1.79723,0.00546334,0,0,0,0,0,-0.0496092,-0.0264052,0.698714,0.425124,0.930795,0.713747,0.109375,0.174805,0.914651
380,1.01562,0.118164,-0.131836,0.613281,0.116346,0.546311,0.46635,0.633636,0.618977,1.01538,0.619508,0.392543,0.168346,0.00228193,0,0,0,0,0,-0.0340776,-0.0158921,0.479545,0.397943,0.942279,0.727226,0.015625,0.118164,1.15246
381,1.48438,0.249023,-1.8125,0.202148,0.167763,0.566615,0.71975,0.95452,1.42915,0.875438,1.2121,1.15697,4.03128,0.00982672,0,0,0,0,0,-0.0545711,-0.0392775,0.392492,0.766665,0.647691,0.73301,0.484375,0.249023,2.25065
382,0.886719,-0.0149536,0.240234,0.382812,-0.016864,0.493273,0.3481,0.511311,0.382613,0.900408,0.485295,0.248137,0.388277,0.00271148,0,0,0,0,0,-0.0265074,-0.00922722,0.476177,0.413835,0.934908,0.722041,-0.113281,-0.0149536,1.02948
383,1.10156,0.162109,-1.46094,0.640625,0.147163,0.558498,0.522784,0.699838,0.763077,0.977905,0.601374,0.420865,1.82528,0.00551813,0,0,0,0,0,-0.0456639,-0.0238724,0.661965,0.322148,0.984816,0.713446,0.101562,0.162109,0.876402
384,1.03125,-0.103516,-1.71094,0.408203,-0.100379,0.460022,0.361776,0.566215,0.451482,0.943674,0.600299,0.339899,2.67791,0.00718342,0,0,0,0,0,-0.00907772,-0.0032841,0.131831,0.385724,0.950193,0.722929,0.03125,-0.103516,1.01979
385,0.730469,-0.0664062,0.8125,0.503906,-0.0909091,0.463782,0.259717,0.403288,0.230094,0.993268,0.828695,0.334202,1.14459,0.00418864,0,0,0,0,0,0.0304422,0.00790635,0.32025,0.449203,0.904071,0.76577,-0.269531,-0.0664062,1.24453
386,1.03906,-0.141602,0.292969,0.341797,-0.136278,0.445801,0.345866,0.558772,0.43185,0.956219,0.794453,0.443919,0.501115,0.00293186,0,0,0,0,0,0.00479937,0.00165994,0.0526651,0.473837,0.888121,0.772876,0.0390625,-0.141602,1.63207
387,2.09375,0.412109,0.355469,0.527344,0.196828,0.578019,1.05192,1.36476,2.96911,0.98854,1.87411,2.55772,0.489502,0.00290918,0,0,0,0,0,-0.0743884,-0.0782506,0.346032,0.914909,0.488512,0.763651,1.09375,0.412109,3.26244
388,0.851562,0.0288086,1.61719,0.353516,0.0338303,0.513494,0.355883,0.505981,0.382669,1.04168,0.595875,0.301501,2.71992,0.00726547,0,0,0,0,0,-0.022061,-0.00785113,0.322758,0.347681,0.968456,0.725991,-0.148438,0.0288086,1.08071
389,0.738281,-0.228516,-0.339844,0.535156,-0.309524,0.378462,0.19545,0.351821,0.161979,0.95498,0.663638,0.233482,0.464557,0.00286046,0,0,0,0,0,0.0118521,0.00231649,0.155693,0.387846,0.947426,0.728245,-0.261719,-0.228516,1.0062
390,0.933594,-0.0351562,0.867188,0.523438,-0.0376569,0.484981,0.356795,0.531781,0.410094,0.985964,0.69274,0.368386,1.19862,0.00429417,0,0,0,0,0,-0.0220912,-0.00788202,0.278007,0.457828,0.904827,0.736546,-0.0664062,-0.0351562,1.11433
391,0.984375,-0.175781,-2.40625,0.217773,-0.178571,0.429137,0.30732,0.516454,0.36117,0.966237,0.65642,0.339011,5.1563,0.012024,0,0,0,0,0,0.0262993,0.0080823,0.349277,0.432337,0.918374,0.744232,-0.015625,-0.175781,1.02764
392,0.851562,-0.0222168,-0.0267334,0.402344,-0.0260894,0.489593,0.33037,0.488373,0.347653,1.10983,0.520019,0.253964,0.0421459,0.00203544,0,0,0,0,0,0.000989412,0.000326872,0.0165869,0.352274,0.967971,0.720859,-0.148438,-0.0222168,1.04287
393,1.03906,-0.043457,-0.5625,0.155273,-0.0418233,0.48332,0.394938,0.590406,0.504556,0.934873,0.801281,0.473081,1.42749,0.0047412,0,0,0,0,0,-0.00842476,-0.00332726,0.0916599,0.619199,0.785897,0.753631,0.0390625,-0.043457,1.49474
394,0.96875,-0.0771484,0.208984,0.373047,-0.0796371,0.468263,0.349897,0.538374,0.412274,1.04346,0.827675,0.445599,0.342162,0.00262141,0,0,0,0,0,0.012615,0.00441395,0.132872,0.496788,0.877524,0.747727,-0.03125,-0.0771484,1.44357
395,0.898438,-0.0834961,0.714844,0.486328,-0.0929348,0.462978,0.318528,0.495437,0.346918,1.03583,0.772433,0.382692,1.02505,0.00395518,0,0,0,0,0,-0.0128356,-0.00408848,0.144864,0.483427,0.889167,0.733219,-0.101562,-0.0834961,1.26035
396,1.05469,-0.0139771,-0.730469,0.486328,-0.0132523,0.494713,0.415944,0.609466,0.544458,1.22662,0.640336,0.390263,1.04746,0.00399894,0,0,0,0,0,-0.00140986,-0.000586421,0.0191944,0.350376,0.969274,0.719763,0.0546875,-0.0139771,1.31836
397,0.9375,-0.12793,-1.85938,0.359375,-0.136458,0.445729,0.311975,0.504103,0.351448,0.93279,0.819537,0.413131,3.10165,0.00801104,0,0,0,0,0,0.0249115,0.00777176,0.264995,0.436378,0.913252,0.756872,-0.0625,-0.12793,1.37879
398,0.921875,-0.0693359,-0.103027,0.503906,-0.0752119,0.470023,0.335006,0.513652,0.376067,0.966586,0.700949,0.360043,0.145137,0.0022366,0,0,0,0,0,-0.00239954,-0.000803862,0.0298435,0.469219,0.899461,0.728591,-0.078125,-0.0693359,1.04869
399,1.11719,-0.0668945,0.773438,0.291016,-0.0598776,0.476127,0.414548,0.628096,0.566355,0.994515,0.750117,0.471146,1.43373,0.00475338,0,0,0,0,0,-0.0285086,-0.0118182,0.331325,0.500288,0.880309,0.721463,0.117188,-0.0668945,1.34244
400,0.921875,-0.120605,-0.792969,0.298828,-0.130826,0.447956,0.309371,0.497312,0.34303,1.12819,0.610673,0.303695,1.45059,0.00478631,0,0,0,0,0,-0.00242068,-0.000748888,0.0345569,0.381631,0.950833,0.72784,-0.078125,-0.120605,1.11148
401,1.17969,0.145508,0.287109,0.357422,0.123344,0.549083,0.545811,0.739036,0.844085,1.23282,0.76694,0.566796,0.480238,0.00289109,0,0,0,0,0,-0.0469329,-0.0256165,0.533486,0.463832,0.904632,0.721606,0.179688,0.145508,1.11036
402,1.14062,0.253906,-0.0683594,0.384766,0.222603,0.588078,0.591804,0.751791,0.915421,0.939775,0.721279,0.542251,0.110205,0.00216837,0,0,0,0,0,-0.0583978,-0.0345601,0.70583,0.474095,0.895734,0.731097,0.140625,0.253906,1.41193
403,0.878906,0.0187988,0.871094,0.229492,0.0213889,0.508532,0.361843,0.518397,0.399666,0.918961,0.619912,0.32136,1.81836,0.00550462,0,0,0,0,0,-0.0236869,-0.00857092,0.333108,0.444435,0.90953,0.752154,-0.121094,0.0187988,0.999819
404,1,0.0524902,1.73438,0.419922,0.0524902,0.520931,0.427247,0.600778,0.543475,1.01983,0.577951,0.34722,2.67645,0.00718056,0,0,0,0,0,-0.0163393,-0.00698093,0.246462,0.379751,0.953823,0.721466,0,0.0524902,1.1331
405,1.04688,0.115723,-1.07812,0.396484,0.110541,0.54401,0.477661,0.6509,0.65183,1.21794,0.499617,0.325201,1.71221,0.00529728,0,0,0,0,0,-0.0332932,-0.0159028,0.580931,0.333956,0.979471,0.71322,0.046875,0.115723,0.969598
406,0.863281,-0.0578613,1.24219,0.291016,-0.0670249,0.473281,0.317247,0.483317,0.334241,0.929353,0.776101,0.375102,2.30266,0.0064505,0,0,0,0,0,-0.0204835,-0.00649834,0.230088,0.558312,0.831857,0.771049,-0.136719,-0.0578613,1.55894
407,0.996094,-0.0119019,-0.382812,0.396484,-0.0119485,0.495233,0.393485,0.57605,0.486664,1.06121,0.551058,0.317437,0.607957,0.00314054,0,0,0,0,0,-0.0164163,-0.00645959,0.259708,0.340598,0.974281,0.718878,-0.00390625,-0.0119019,1.03502
408,1.04688,-0.185547,-0.417969,0.22168,-0.177239,0.42966,0.327338,0.549774,0.409402,1.12455,0.81124,0.445999,0.88773,0.00368697,0,0,0,0,0,0.0390813,0.0127928,0.419978,0.444949,0.913028,0.735263,0.046875,-0.185547,1.3544
409,0.984375,0.00744629,-0.582031,0.273438,0.00756448,0.503018,0.39846,0.575876,0.490403,0.939274,0.414502,0.238702,1.11306,0.00412706,0,0,0,0,0,-0.012852,-0.00512101,0.270303,0.345329,0.97201,0.718916,-0.015625,0.00744629,0.735544
410,1.15625,0.0703125,1.01562,0.181641,0.0608108,0.524245,0.498815,0.698079,0.736131,0.888621,0.806014,0.562661,2.38302,0.00660745,0,0,0,0,0,-0.0344417,-0.01718,0.372519,0.716125,0.698499,0.725621,0.15625,0.0703125,1.51803
411,1.125,0.112305,1.60938,0.357422,0.0998264,0.539759,0.50728,0.695063,0.740446,1.09545,0.884482,0.614771,2.69195,0.00721084,0,0,0,0,0,-0.0227173,-0.011524,0.22391,0.540206,0.851055,0.724101,0.125,0.112305,1.78756
412,0.863281,-0.0230713,0.628906,0.574219,-0.0267251,0.489339,0.334642,0.494909,0.35692,0.991679,0.738388,0.365434,0.829941,0.0035741,0,0,0,0,0,0.0045423,0.00152005,0.0536288,0.32465,0.969369,0.757061,-0.136719,-0.0230713,1.42898
413,1.13281,-0.0306396,1.125,0.486328,-0.0270474,0.489211,0.438941,0.649304,0.614265,0.968884,0.700294,0.454704,1.6132,0.0051039,0,0,0,0,0,-0.022313,-0.00979407,0.277769,0.575416,0.820287,0.757249,0.132812,-0.0306396,1.14893
414,0.832031,-0.0539551,1.61719,0.287109,-0.0648474,0.474148,0.306669,0.466416,0.31159,0.948009,0.760019,0.354485,3.01812,0.00784789,0,0,0,0,0,0.0160547,0.00492346,0.184155,0.471454,0.891769,0.759401,-0.167969,-0.0539551,1.40503
415,1.05469,0.116211,-0.255859,0.523438,0.110185,0.543869,0.481038,0.655619,0.661234,0.967922,0.508809,0.333585,0.353646,0.00264384,0,0,0,0,0,-0.0382697,-0.0184092,0.655702,0.297131,0.995611,0.713604,0.0546875,0.116211,0.83107
416,0.894531,-0.0283203,1.1875,0.232422,-0.0316594,0.487372,0.344549,0.511334,0.380177,0.971751,0.521258,0.266537,2.46317,0.00676401,0,0,0,0,0,-0.0343558,-0.0118373,0.574585,0.41175,0.932694,0.734058,-0.105469,-0.0283203,0.895227
417,1,0.114258,-0.292969,0.152344,0.114258,0.545483,0.458131,0.62312,0.598163,0.804107,0.645028,0.40193,0.750601,0.00341914,0,0,0,0,0,-0.0318185,-0.014577,0.430039,0.571808,0.824235,0.744689,0,0.114258,0.963345
418,0.8125,-0.165039,1.76562,0.490234,-0.203125,0.419519,0.24643,0.418752,0.236081,1.01465,0.666645,0.279159,2.52172,0.00687836,0,0,0,0,0,-0.00128166,-0.00031584,0.0167605,0.331878,0.972076,0.737397,-0.1875,-0.165039,1.04593
419,0.726562,-0.12793,1.65625,0.34375,-0.176075,0.430117,0.227488,0.381881,0.197584,1.02466,0.543635,0.207604,2.82491,0.00747053,0,0,0,0,0,0.00123541,0.000281041,0.0198112,0.361277,0.96219,0.724849,-0.273438,-0.12793,1.17497
420,0.671875,-0.257812,-1.36719,0.404297,-0.383721,0.350593,0.159802,0.302952,0.117317,1.02269,0.682754,0.206842,2.1502,0.00615272,0,0,0,0,0,0.0253282,0.0040475,0.323405,0.38401,0.948308,0.732087,-0.328125,-0.257812,1.12557
421,0.96875,0.013916,0.839844,0.40625,0.0143649,0.505731,0.395429,0.569019,0.480147,1.11102,0.668635,0.380466,1.31766,0.00452667,0,0,0,0,0,-0.0255679,-0.0101103,0.333359,0.326827,0.979936,0.720916,-0.03125,0.013916,1.09631
422,1.04688,-0.00253296,0.171875,0.22168,-0.00241954,0.499035,0.418533,0.608835,0.54585,1.08179,0.638827,0.38894,0.365048,0.00266611,0,0,0,0,0,-0.0148183,-0.00620194,0.202219,0.372437,0.95862,0.718492,0.046875,-0.00253296,1.1543
423,1.03906,0.0961914,0.211914,0.170898,0.0925752,0.536879,0.464762,0.639224,0.624611,0.851391,0.468572,0.299522,0.512614,0.00295432,0,0,0,0,0,-0.0288933,-0.0134285,0.537562,0.33622,0.976936,0.717228,0.0390625,0.0961914,1.10788
424,1.28906,0.196289,-1.07031,0.126953,0.152273,0.560514,0.615062,0.821423,1.05304,1.01407,0.952506,0.78241,3.00392,0.00782016,0,0,0,0,0,-0.0358576,-0.0220546,0.328186,0.69769,0.716428,0.722754,0.289062,0.196289,1.76279
425,1.11719,0.0913086,-0.863281,0.198242,0.0817308,0.53257,0.493649,0.682894,0.710034,0.80863,0.599311,0.409266,1.93889,0.00574003,0,0,0,0,0,-0.0425593,-0.0210093,0.619083,0.46801,0.903058,0.71719,0.117188,0.0913086,1.15367
426,0.933594,-0.139648,0.558594,0.263672,-0.149582,0.440547,0.304549,0.498235,0.340988,1.07741,0.738247,0.367821,1.08784,0.00407781,0,0,0,0,0,0.0183946,0.00560205,0.217217,0.423563,0.926069,0.733693,-0.0664062,-0.139648,1.17275
427,1.03906,0.204102,-0.0615234,0.425781,0.196429,0.577863,0.52177,0.677173,0.730806,1.06086,0.64903,0.439505,0.094286,0.00213728,0,0,0,0,0,-0.0504969,-0.0263477,0.678277,0.386462,0.949178,0.724922,0.0390625,0.204102,1.00729
428,0.976562,0.0380859,0.408203,0.337891,0.039,0.515555,0.410647,0.582032,0.507392,0.990233,0.481267,0.280112,0.702244,0.0033247,0,0,0,0,0,-0.0298975,-0.0122773,0.541571,0.359796,0.966035,0.715682,-0.0234375,0.0380859,0.691034
429,2.39062,0.460938,1.13281,0.118652,0.19281,0.576446,1.19495,1.55559,3.84777,0.900529,2.23147,3.47126,3.28867,0.0083763,0,0,0,0,0,-0.064354,-0.0768997,0.251415,1.0402,0.366558,0.83173,1.39062,0.460938,3.80846
430,0.8125,-0.219727,-1.32812,0.223633,-0.270433,0.393414,0.22661,0.398573,0.210212,0.918987,0.942344,0.375592,2.80848,0.00743844,0,0,0,0,0,0.0476664,0.0108017,0.440971,0.604975,0.796636,0.821606,-0.1875,-0.219727,1.78944
431,0.753906,-0.0888672,0.484375,0.785156,-0.117876,0.453083,0.257885,0.409755,0.234404,1.22047,0.754702,0.309243,0.546643,0.00302079,0,0,0,0,0,0.00781875,0.00201633,0.0903168,0.31666,0.981972,0.727919,-0.246094,-0.0888672,1.15698
432,1.17188,0.253906,0.699219,0.457031,0.216667,0.585766,0.603583,0.770408,0.95784,1.13138,0.7276,0.560549,1.03428,0.00397321,0,0,0,0,0,-0.0646876,-0.0390443,0.77506,0.398969,0.944812,0.717115,0.171875,0.253906,1.2199
433,0.824219,-0.177734,-1.02344,0.410156,-0.21564,0.414634,0.246246,0.420933,0.237822,1.07209,0.645185,0.27158,1.59804,0.00507429,0,0,0,0,0,-0.000390128,-9.60675e-05,0.00527145,0.341556,0.970846,0.72753,-0.175781,-0.177734,1.03202
434,1.10938,0.0284424,-0.380859,0.455078,0.0256382,0.510227,0.459083,0.65598,0.641067,1.07662,0.593495,0.389321,0.564575,0.00305581,0,0,0,0,0,-0.0379578,-0.0174258,0.557558,0.459785,0.906643,0.723876,0.109375,0.0284424,1.09694
435,0.988281,-0.232422,-0.996094,0.223633,-0.235178,0.407035,0.288264,0.497554,0.330655,1.0137,0.879436,0.437566,2.10636,0.00606711,0,0,0,0,0,0.0349789,0.0100831,0.346744,0.536179,0.84771,0.769603,-0.0117188,-0.232422,1.32162
436,1.1875,0.0534668,-0.271484,0.133789,0.0450247,0.517956,0.502924,0.710279,0.757428,0.796807,0.913155,0.648594,0.742223,0.00340278,0,0,0,0,0,-0.0206449,-0.0103828,0.197095,0.732973,0.68243,0.736836,0.1875,0.0534668,1.78197
437,0.847656,-0.158203,1.28906,0.277344,-0.186636,0.425973,0.262159,0.442136,0.264211,1.03611,0.8004,0.353886,2.44774,0.00673386,0,0,0,0,0,0.0175436,0.00459922,0.191082,0.42878,0.918871,0.751016,-0.152344,-0.158203,1.54312
438,1.08594,0.0463867,-1.75781,0.302734,0.0427158,0.517036,0.458657,0.648644,0.631105,0.912602,0.561507,0.364218,3.19479,0.00819294,0,0,0,0,0,-0.0185661,-0.00851545,0.288252,0.403114,0.941508,0.720289,0.0859375,0.0463867,1.01255
439,0.984375,0.114258,0.65625,0.478516,0.116071,0.546202,0.451866,0.61404,0.581228,1.19005,0.537371,0.329967,0.948683,0.00380602,0,0,0,0,0,-0.0323129,-0.0146011,0.524214,0.323192,0.982335,0.71883,-0.015625,0.114258,0.810141
440,1,-0.0125732,-0.757812,0.169922,-0.0125732,0.494984,0.394716,0.578096,0.489995,0.825624,0.541985,0.313319,1.83839,0.00554373,0,0,0,0,0,-0.000941578,-0.000371656,0.0151452,0.534962,0.85454,0.726389,0,-0.0125732,1.06419
441,0.910156,0.0101318,2.25,0.507812,0.011132,0.504441,0.370041,0.533581,0.421639,1.25551,0.598795,0.319506,3.15741,0.00811994,0,0,0,0,0,-0.0136397,-0.00504725,0.198579,0.343523,0.972911,0.718817,-0.0898438,0.0101318,1.02949
442,1.11719,0.109863,1.71875,0.324219,0.0983392,0.539169,0.502926,0.689631,0.728525,1.04403,0.693914,0.478544,3.01852,0.00784867,0,0,0,0,0,-0.0394203,-0.0198255,0.495247,0.44914,0.914629,0.718992,0.117188,0.109863,1.13413
443,0.949219,0.0361328,1.44531,0.414062,0.0380658,0.515182,0.398705,0.565422,0.478668,1.12937,0.670911,0.379348,2.2461,0.00634004,0,0,0,0,0,-0.0283057,-0.0112856,0.367803,0.409493,0.937308,0.722293,-0.0507812,0.0361328,1.11456
444,1.03125,0.165039,1.17188,0.378906,0.160038,0.563574,0.496053,0.660142,0.681856,1.04779,0.610786,0.403205,1.90377,0.00567143,0,0,0,0,0,-0.048898,-0.024256,0.697925,0.321644,0.982772,0.71953,0.03125,0.165039,1.07378
445,0.882812,-0.0537109,1.46875,0.566406,-0.0608407,0.475743,0.327154,0.496047,0.353093,1.09677,0.763311,0.378638,1.95157,0.00576478,0,0,0,0,0,-0.00190594,-0.000623538,0.0217678,0.34691,0.963991,0.741224,-0.117188,-0.0537109,1.39673
446,0.996094,0.0183105,0.414062,0.294922,0.0183824,0.507333,0.408591,0.586473,0.510897,1.01525,0.526058,0.308519,0.762452,0.00344229,0,0,0,0,0,-0.0246635,-0.0100773,0.408721,0.331404,0.978994,0.717731,-0.00390625,0.0183105,0.927103
447,1.13281,0.135742,-0.730469,0.439453,0.119828,0.54769,0.522132,0.708201,0.77417,1.02829,0.663022,0.469553,1.10191,0.00410529,0,0,0,0,0,-0.0510562,-0.026658,0.671316,0.360349,0.965775,0.715631,0.132812,0.135742,1.04202
448,1.07031,0.0308838,0.419922,0.287109,0.0288549,0.51151,0.44464,0.634088,0.599772,0.899298,0.571946,0.362664,0.783691,0.00348377,0,0,0,0,0,-0.0295409,-0.0131351,0.450273,0.501947,0.876505,0.734334,0.0703125,0.0308838,0.980517
449,0.910156,-0.0825195,-0.898438,0.550781,-0.0906652,0.463879,0.323715,0.502564,0.357362,1.2159,0.619277,0.311226,1.21059,0.00431757,0,0,0,0,0,-0.0125777,-0.00407159,0.177061,0.345451,0.972298,0.717938,-0.0898438,-0.0825195,1.03734
450,1.10938,0.226562,-0.249023,0.431641,0.204225,0.580911,0.562592,0.72542,0.842744,1.06055,0.596256,0.432536,0.379035,0.00269343,0,0,0,0,0,-0.0520375,-0.0292759,0.760835,0.320744,0.985152,0.714225,0.109375,0.226562,1.20912
451,2.40625,0.667969,-0.00595093,0.349609,0.277597,0.609339,1.33283,1.62453,4.41554,1.11615,2.27441,3.69486,0.0100645,0.00197278,0,0,0,0,0,-0.0816034,-0.108764,0.312785,0.851376,0.556191,0.741094,1.40625,0.667969,4.38983
452,0.996094,0.048584,-1.35156,0.550781,0.0487745,0.519451,0.423728,0.597117,0.536094,1.1055,0.907743,0.542029,1.82115,0.00551007,0,0,0,0,0,0.0239743,0.0101586,0.230244,0.39193,0.924177,0.836361,-0.00390625,0.048584,1.19583
453,1.03906,0.0184326,0.00878906,0.4375,0.0177397,0.507077,0.425883,0.611539,0.555356,1.09773,0.552093,0.337626,0.0132878,0.00197908,0,0,0,0,0,-0.0116826,-0.00497542,0.184474,0.384429,0.952743,0.717148,0.0390625,0.0184326,1.20674
454,0.953125,0.0395508,1.60156,0.22168,0.0414959,0.51655,0.401981,0.568903,0.485239,1.00798,0.674731,0.383856,3.40158,0.00859684,0,0,0,0,0,-0.0190421,-0.00765454,0.246031,0.414224,0.932936,0.728115,-0.046875,0.0395508,1.26489
455,0.941406,-0.059082,-1.46875,0.191406,-0.0627593,0.474979,0.347965,0.528376,0.400261,0.949643,0.673816,0.356028,3.35714,0.00851004,0,0,0,0,0,0.00184571,0.000642243,0.0238797,0.359046,0.955237,0.751789,-0.0585938,-0.059082,1.2206
456,0.949219,0.0952148,-0.988281,0.320312,0.100309,0.53995,0.428246,0.586627,0.527526,0.819625,0.610028,0.357859,1.7462,0.00536367,0,0,0,0,0,-0.0340913,-0.0145995,0.487193,0.477861,0.887697,0.759804,-0.0507812,0.0952148,1.03657
457,1.07031,-0.00564575,0.351562,0.320312,-0.00527486,0.497896,0.426375,0.621416,0.567954,0.877642,0.616977,0.383399,0.621177,0.00316636,0,0,0,0,0,-0.0191984,-0.0081857,0.27127,0.378961,0.953478,0.723845,0.0703125,-0.00564575,1.12441
458,1.01562,0.105957,0.90625,0.644531,0.104327,0.541545,0.460247,0.629158,0.607666,1.04023,0.555009,0.349188,1.12882,0.00415786,0,0,0,0,0,-0.0341334,-0.0157098,0.53615,0.310468,0.989211,0.715481,0.015625,0.105957,0.845863
459,0.96875,0.108398,-0.527344,0.333984,0.111895,0.544547,0.44267,0.602807,0.559333,0.993356,0.684185,0.412431,0.912495,0.00373534,0,0,0,0,0,-0.0288572,-0.0127742,0.367695,0.457142,0.90863,0.722654,-0.03125,0.108398,1.32253
460,1.05469,0.0273438,1.39844,0.231445,0.0259259,0.510342,0.436604,0.623749,0.579686,0.937095,0.806893,0.503299,2.90682,0.00763052,0,0,0,0,0,-0.0320879,-0.0140097,0.346683,0.502125,0.876605,0.733196,0.0546875,0.0273438,1.36465
461,1.03906,0.0688477,-0.0598145,0.371094,0.0662594,0.526414,0.45109,0.629354,0.599568,1.0011,0.645212,0.406066,0.0981893,0.0021449,0,0,0,0,0,-0.0200312,-0.00903588,0.270652,0.467294,0.900556,0.729195,0.0390625,0.0688477,0.952552
462,1.03125,0.0395508,-1.86719,0.167969,0.0383523,0.515297,0.433309,0.61439,0.565232,0.942468,0.571027,0.350833,4.55589,0.0108514,0,0,0,0,0,-0.0188902,-0.00818529,0.288394,0.415128,0.934566,0.720685,0.03125,0.0395508,1.17483
463,1.17969,0.208008,-0.213867,0.435547,0.176325,0.56998,0.577264,0.762254,0.914265,1.02573,0.754939,0.575455,0.324061,0.00258606,0,0,0,0,0,-0.0644903,-0.0372279,0.744714,0.412657,0.935574,0.722069,0.179688,0.208008,1.29396
464,0.835938,-0.0351562,0.65625,0.287109,-0.0420561,0.483227,0.317635,0.474923,0.326444,1.02549,0.414529,0.19687,1.22474,0.0043452,0,0,0,0,0,-0.0205061,-0.00651345,0.431256,0.427736,0.928357,0.716686,-0.164062,-0.0351562,0.828998
465,0.742188,-0.145508,-0.223633,0.208008,-0.196053,0.422284,0.227007,0.384487,0.199362,1.04446,0.628217,0.241541,0.490338,0.00291082,0,0,0,0,0,0.0121389,0.00275561,0.168452,0.378301,0.950942,0.733221,-0.257812,-0.145508,1.11167
466,0.933594,-0.0505371,0.460938,0.28125,-0.0541318,0.478415,0.349105,0.526652,0.399236,0.901467,0.495462,0.260936,0.869152,0.00365069,0,0,0,0,0,-0.00250067,-0.000872994,0.0439999,0.348172,0.968205,0.726039,-0.0664062,-0.0505371,1.20276
467,0.972656,0.200195,-0.785156,0.386719,0.205823,0.581536,0.494249,0.636457,0.64936,0.821403,0.745757,0.474642,1.26258,0.0044191,0,0,0,0,0,-0.0434574,-0.0214788,0.508011,0.460436,0.892039,0.804091,-0.0273438,0.200195,1.39922
468,1.04688,0.0529785,-0.449219,0.601562,0.0506063,0.52018,0.446289,0.628239,0.593858,1.24445,0.658312,0.413577,0.579185,0.00308435,0,0,0,0,0,-0.0448516,-0.0200168,0.593954,0.335087,0.97378,0.727752,0.046875,0.0529785,1.3288
469,0.917969,-0.0800781,-0.0722656,0.388672,-0.087234,0.465243,0.328069,0.507894,0.365585,1.05079,0.841194,0.427237,0.115915,0.00217952,0,0,0,0,0,0.0137052,0.00449625,0.142035,0.415011,0.930095,0.736934,-0.0820312,-0.0800781,1.20924
470,1.00781,0.0556641,-0.65625,0.214844,0.0552326,0.522023,0.431967,0.606455,0.554384,1.04084,0.614554,0.3727,1.41582,0.0047184,0,0,0,0,0,-0.0231377,-0.00999474,0.328222,0.397969,0.942596,0.726107,0.0078125,0.0556641,1.24271
471,1.21094,-0.105957,-0.625,0.204102,-0.0875,0.465137,0.43261,0.669883,0.635895,1.0414,1.03536,0.693571,1.38343,0.00465513,0,0,0,0,0,0.00444206,0.00192168,0.0374025,0.551671,0.840644,0.735656,0.210938,-0.105957,1.87531
472,1.04688,0.150391,-0.0668945,0.355469,0.143657,0.557114,0.494995,0.663725,0.68555,1.21474,0.645182,0.428223,0.112199,0.00217226,0,0,0,0,0,-0.0318095,-0.0157455,0.429815,0.404812,0.941262,0.717998,0.046875,0.150391,0.981004
473,1.0625,0.046875,0.157227,0.328125,0.0441176,0.517595,0.449503,0.635172,0.605495,0.942593,0.493642,0.313547,0.274477,0.00248921,0,0,0,0,0,-0.0242685,-0.0109087,0.428585,0.351392,0.969483,0.717742,0.0625,0.046875,1.13187
474,1.26562,0.00296021,-0.259766,0.392578,0.00233893,0.500933,0.508999,0.738128,0.803912,1.32421,0.831875,0.61403,0.41459,0.00276287,0,0,0,0,0,-0.0210834,-0.0107314,0.220948,0.411262,0.938665,0.714546,0.265625,0.00296021,1.6841
475,0.828125,-0.0252686,-0.335938,0.232422,-0.030513,0.487829,0.319446,0.473695,0.326432,1.01033,0.578795,0.274172,0.696819,0.0033141,0,0,0,0,0,-0.00669981,-0.00214023,0.100912,0.397319,0.941752,0.730188,-0.171875,-0.0252686,1.05156
476,0.898438,-0.0913086,-0.257812,0.617188,-0.10163,0.459525,0.314621,0.492935,0.341971,1.25786,0.62251,0.306857,0.328167,0.00259408,0,0,0,0,0,-0.00469702,-0.00147778,0.0657784,0.317191,0.98487,0.719203,-0.101562,-0.0913086,0.924377
477,1.66406,0.22168,0.263672,0.134766,0.133216,0.552989,0.778133,1.04856,1.70497,0.90955,1.52379,1.59778,0.718248,0.00335595,0,0,0,0,0,-0.0479082,-0.0372789,0.27409,0.828137,0.581602,0.736754,0.664062,0.22168,2.39117
478,0.761719,-0.0344238,0.878906,0.363281,-0.0451923,0.481977,0.288239,0.431959,0.269671,1.00075,0.614613,0.265488,1.45821,0.0048012,0,0,0,0,0,-0.0218589,-0.00630059,0.310051,0.412595,0.934158,0.727068,-0.238281,-0.0344238,0.926622
479,0.910156,-0.0751953,1.69531,0.494141,-0.082618,0.467078,0.327377,0.50493,0.362131,1.14792,0.668394,0.337492,2.41171,0.00666349,0,0,0,0,0,0.00317116,0.00103816,0.0413611,0.369369,0.958292,0.72429,-0.0898438,-0.0751953,1.1925
480,1.14844,0.0585938,-0.486328,0.382812,0.0510204,0.520345,0.489823,0.689356,0.715139,0.93785,0.655415,0.451814,0.786025,0.00348833,0,0,0,0,0,-0.0226114,-0.0110756,0.300759,0.465363,0.901602,0.729997,0.148438,0.0585938,1.01734
481,0.875,-0.269531,-1.40625,0.425781,-0.308036,0.379028,0.232116,0.417434,0.228129,1.20444,0.697864,0.291312,2.15511,0.00616232,0,0,0,0,0,0.0317749,0.00737547,0.396935,0.356111,0.966393,0.719958,-0.125,-0.269531,1.51756
482,1.07812,0.0913086,-1.54688,0.421875,0.084692,0.533747,0.477985,0.660172,0.664296,0.925993,0.589186,0.388964,2.38157,0.00660463,0,0,0,0,0,-0.0401839,-0.0192073,0.594574,0.372552,0.959168,0.716683,0.078125,0.0913086,0.831545
483,1.11719,0.078125,0.535156,0.1875,0.0699301,0.527875,0.487057,0.678145,0.697105,0.984863,0.661948,0.448897,1.23589,0.00436697,0,0,0,0,0,-0.0335142,-0.0163233,0.441378,0.481386,0.89409,0.717655,0.117188,0.078125,1.28195
484,0.917969,-0.0791016,-2.15625,0.357422,-0.0861702,0.465666,0.328557,0.508209,0.366226,1.06945,0.681274,0.34623,3.60669,0.00899744,0,0,0,0,0,0.0206888,0.00679745,0.264741,0.474251,0.89392,0.738978,-0.0820312,-0.0791016,1.06204
485,0.929688,0.0654297,0.703125,0.458984,0.0703782,0.528054,0.405522,0.56448,0.483085,1.09588,0.712964,0.402454,1.03785,0.00398017,0,0,0,0,0,-0.0232377,-0.0094234,0.28414,0.354415,0.964018,0.729625,-0.0703125,0.0654297,1.22971
486,0.984375,-0.00805664,0.492188,0.273438,-0.00818452,0.496735,0.390708,0.57054,0.478169,0.822187,0.580049,0.330941,0.941243,0.00379149,0,0,0,0,0,-0.0155013,-0.00605648,0.232975,0.48627,0.886676,0.736168,-0.015625,-0.00805664,1.14905
487,1.07031,0.120605,-0.628906,0.296875,0.112682,0.544859,0.489501,0.666313,0.683584,1.07656,0.602268,0.401299,1.15425,0.00420752,0,0,0,0,0,-0.0430257,-0.0210611,0.622795,0.380118,0.955551,0.715618,0.0703125,0.120605,0.799401
488,0.835938,0.0437012,0.0766602,0.326172,0.052278,0.520846,0.357063,0.50215,0.379649,0.959276,0.581402,0.291951,0.134229,0.00221529,0,0,0,0,0,-0.0249468,-0.0089076,0.374064,0.45578,0.907343,0.731257,-0.164062,0.0437012,1.05386
489,0.941406,-0.0240479,0.96875,0.392578,-0.0255446,0.48981,0.365482,0.540073,0.425256,0.984095,0.667373,0.36043,1.54614,0.00497293,0,0,0,0,0,-0.0309306,-0.0113046,0.404041,0.401098,0.936356,0.742342,-0.0585938,-0.0240479,0.871434
490,0.988281,-0.0129395,-0.0139771,0.279297,-0.0130929,0.494777,0.389833,0.571146,0.478178,0.880215,0.737823,0.421405,0.0264474,0.00200478,0,0,0,0,0,-0.00719116,-0.00280335,0.0849676,0.523976,0.854367,0.787339,-0.0117188,-0.0129395,1.2239
491,0.902344,0.0610352,2.54688,0.180664,0.0676407,0.526964,0.39236,0.546991,0.453145,1.01168,0.580365,0.317454,5.992,0.0136562,0,0,0,0,0,-0.0248273,-0.00974124,0.372937,0.383365,0.946259,0.740409,-0.0976562,0.0610352,1.0552
492,0.988281,-0.166992,-0.168945,0.314453,-0.168972,0.432909,0.312807,0.521618,0.369934,0.937609,0.872935,0.455339,0.301279,0.00254156,0,0,0,0,0,0.0150145,0.00469666,0.149947,0.569667,0.824009,0.764753,-0.0117188,-0.166992,1.47176
493,0.859375,-0.106445,-0.871094,0.554688,-0.123864,0.450712,0.291389,0.465463,0.301563,1.27162,0.784438,0.365127,1.16961,0.00423752,0,0,0,0,0,0.00976442,0.00284524,0.108516,0.343597,0.969316,0.729249,-0.140625,-0.106445,1.32616
494,0.984375,-0.244141,1.01562,0.239258,-0.248016,0.402061,0.282544,0.490934,0.320848,0.992531,0.952994,0.467858,2.07635,0.00600849,0,0,0,0,0,0.00412965,0.00116681,0.0377772,0.460854,0.888502,0.84582,-0.015625,-0.244141,1.10981
495,0.886719,-0.134766,1.01562,0.279297,-0.151982,0.4396,0.288194,0.472569,0.306377,1.05147,0.712567,0.336737,1.92177,0.00570657,0,0,0,0,0,0.0276148,0.00795841,0.337849,0.353765,0.964573,0.72888,-0.113281,-0.134766,1.46646
496,0.96875,0.0568848,-0.894531,0.289062,0.0587198,0.523412,0.416913,0.584154,0.515052,0.935212,0.671747,0.392404,1.66379,0.00520272,0,0,0,0,0,-0.0284401,-0.0118571,0.36909,0.463107,0.900663,0.740469,-0.03125,0.0568848,1.28883
497,1.00781,-0.00141907,0.345703,0.488281,-0.00140807,0.499438,0.403426,0.586468,0.506697,1.17707,0.927917,0.544194,0.49473,0.00291939,0,0,0,0,0,-0.0102725,-0.00414418,0.0965101,0.37704,0.947949,0.746042,0.0078125,-0.00141907,1.34508
498,0.980469,0.121582,-0.582031,0.263672,0.124004,0.549344,0.453961,0.614471,0.583655,0.984774,0.722864,0.444179,1.13348,0.00416696,0,0,0,0,0,-0.0302716,-0.0137421,0.365078,0.469495,0.89952,0.727586,-0.0195312,0.121582,0.93556
499,0.988281,0.128906,-2.20312,0.417969,0.130435,0.551889,0.460756,0.621719,0.59883,0.87828,0.527536,0.327979,3.40775,0.00860888,0,0,0,0,0,-0.0357854,-0.0164883,0.591371,0.415084,0.93508,0.719047,-0.0117188,0.128906,0.884929
500,1.17969,-0.0437012,0.172852,0.496094,-0.0370447,0.485225,0.451207,0.6722,0.65544,1.13747,0.730412,0.490983,0.24541,0.00243244,0,0,0,0,0,-0.0208247,-0.00939625,0.248552,0.597172,0.804891,0.738086,0.179688,-0.0437012,1.32221
501,0.949219,-0.0137939,-0.910156,0.345703,-0.0145319,0.494203,0.373742,0.548105,0.440102,1.04282,0.543998,0.298168,1.54798,0.00497652,0,0,0,0,0,-0.00416505,-0.00155665,0.0667466,0.346431,0.970277,0.722382,-0.0507812,-0.0137939,1.1911
502,0.929688,-0.119629,-0.169922,0.605469,-0.128676,0.448807,0.312992,0.502149,0.350118,1.29908,0.768719,0.386012,0.218375,0.00237964,0,0,0,0,0,0.0183974,0.00575826,0.208639,0.337836,0.970794,0.73294,-0.0703125,-0.119629,1.2536
503,0.960938,-0.0280762,-1.11719,0.273438,-0.0292175,0.488346,0.3713,0.550085,0.440457,1.00176,0.344117,0.189294,2.13647,0.00612592,0,0,0,0,0,-0.0154876,-0.00575054,0.392359,0.384165,0.95341,0.71556,-0.0390625,-0.0280762,0.845944
504,1.10938,0.181641,-2.04688,0.369141,0.163732,0.565029,0.535682,0.711693,0.793463,1.12279,0.611309,0.435065,3.36896,0.00853312,0,0,0,0,0,-0.0538304,-0.028836,0.767668,0.318063,0.986043,0.715035,0.109375,0.181641,0.932979
505,1.08594,0.145508,-1.29688,0.839844,0.133993,0.553296,0.508217,0.684586,0.726943,1.18062,0.634931,0.434665,1.41514,0.00471707,0,0,0,0,0,-0.0517255,-0.0262878,0.710207,0.331782,0.980361,0.71355,0.0859375,0.145508,0.845747
506,1.07031,0.214844,-0.330078,0.578125,0.20073,0.579545,0.540397,0.698827,0.780388,0.852619,0.6049,0.422721,0.434116,0.00280101,0,0,0,0,0,-0.0490877,-0.0265269,0.70745,0.325936,0.981604,0.717444,0.0703125,0.214844,0.957982
507,0.992188,-0.141602,1.16406,0.287109,-0.142717,0.443257,0.327069,0.531594,0.389566,0.993315,0.626685,0.333142,2.17246,0.00619622,0,0,0,0,0,-3.634e-05,-1.18857e-05,0.000505525,0.370936,0.952799,0.739683,-0.0078125,-0.141602,0.94818
508,0.792969,-0.0639648,0.726562,0.972656,-0.080665,0.467854,0.286,0.44042,0.275766,1.26517,0.491076,0.21628,0.736704,0.003392,0,0,0,0,0,-0.00543966,-0.00155574,0.0965672,0.312812,0.988088,0.715747,-0.207031,-0.0639648,1.14338
509,1.00781,-0.0139771,0.378906,0.308594,-0.0138687,0.494467,0.397147,0.582167,0.496643,0.920652,0.735893,0.428412,0.682085,0.00328532,0,0,0,0,0,-0.0198414,-0.00787996,0.235053,0.523073,0.860431,0.742331,0.0078125,-0.0139771,1.11909
510,0.886719,-0.0311279,1.57031,0.585938,-0.0351046,0.485998,0.340012,0.50584,0.371483,1.10043,0.596248,0.301607,2.05145,0.00595986,0,0,0,0,0,-0.0184604,-0.00627677,0.269911,0.33525,0.975041,0.72385,-0.113281,-0.0311279,1.09837
511,1.10938,0.19043,0.625,0.675781,0.171655,0.568146,0.540077,0.715007,0.802918,0.961707,0.583502,0.417208,0.760286,0.00343806,0,0,0,0,0,-0.0507869,-0.0274288,0.75878,0.327954,0.9814,0.715507,0.109375,0.19043,1.04843
