k,gamma,beta,running_mean,running_var,on_ratio,p_on,act_mean,act_std,act_second,pre_row_norm,final_col_norm,effective_contribution,mean_over_std,bn_input_rounding_noise,dead,mostly_off,flat,always_on,negative_gamma,mean_row_component,shared_contribution,column_shared_fraction,pre_row_rel_change,pre_row_cos_ref,pre_row_norm_ratio_ref,gamma_delta,beta_delta,final_col_rel_change
0,1.04688,-0.0267334,-0.867188,0.310547,-0.0255364,0.489814,0.406433,0.600582,0.525886,0.954032,0.613938,0.36872,1.55614,0.00499247,0,0,0,0,0,0.00622187,0.00252877,0.0883493,0.312504,0.954662,0.859592,0.046875,-0.0267334,1.20576
1,0.902344,-0.057373,0.0161133,1.10156,-0.0635823,0.474651,0.333155,0.506207,0.367238,1.54232,0.525753,0.26614,0.0153525,0.00198311,0,0,0,0,0,0.000483387,0.000161043,0.00801531,0.192261,0.9916,0.849351,-0.0976562,-0.057373,0.982161
2,0.941406,0.0424805,1.00781,0.511719,0.0451245,0.517996,0.398746,0.563116,0.476098,1.23433,0.621939,0.350224,1.40885,0.00470478,0,0,0,0,0,-0.0164581,-0.00656261,0.230695,0.328446,0.949443,0.852908,-0.0585938,0.0424805,0.826634
3,0.921875,-0.0281982,-1.07031,0.792969,-0.0305879,0.487799,0.355575,0.527297,0.404476,1.23172,0.578861,0.305232,1.20194,0.00430066,0,0,0,0,0,0.00784714,0.00279025,0.11818,0.245135,0.977479,0.852753,-0.078125,-0.0281982,0.937929
4,0.996094,-0.0180664,-2.04688,0.789062,-0.0181373,0.492765,0.390403,0.573949,0.481832,1.36172,0.468017,0.268618,2.30428,0.00645368,0,0,0,0,0,-0.00730374,-0.0028514,0.136047,0.180555,0.993987,0.850424,-0.00390625,-0.0180664,0.695975
5,0.867188,-0.0795898,0.416016,0.667969,-0.0917793,0.463437,0.307949,0.478527,0.323821,1.35116,0.587105,0.280945,0.509016,0.0029473,0,0,0,0,0,0.0037623,0.0011586,0.0558656,0.221548,0.983447,0.855963,-0.132812,-0.0795898,0.846629
6,0.992188,0.0317383,-0.204102,0.53125,0.0319882,0.512759,0.413739,0.588895,0.517977,1.15063,0.473207,0.278669,0.280025,0.00250005,0,0,0,0,0,-0.00884608,-0.00365997,0.16297,0.250543,0.976177,0.8509,-0.0078125,0.0317383,0.545832
7,0.957031,0.019165,1.82031,0.746094,0.0200255,0.507988,0.393354,0.564022,0.472848,1.29941,0.83735,0.472283,2.10741,0.00606916,0,0,0,0,0,0.0131097,0.00515676,0.136488,0.287799,0.961087,0.88036,-0.0429688,0.019165,1.15022
8,1.11719,-0.0515137,-0.761719,0.419922,-0.0461101,0.481611,0.422238,0.633198,0.579225,1.26931,0.96455,0.610751,1.17547,0.00424896,0,0,0,0,0,0.0417267,0.0176186,0.377134,0.34753,0.939722,0.877635,0.117188,-0.0515137,1.32144
9,0.992188,-0.0561523,0.21582,0.292969,-0.0565945,0.477434,0.369793,0.558896,0.449112,1.16396,0.774503,0.432866,0.398733,0.0027319,0,0,0,0,0,0.0118292,0.00437435,0.133149,0.42805,0.90433,0.872091,-0.0078125,-0.0561523,1.22248
10,0.957031,-0.109863,-0.195312,0.439453,-0.114796,0.454303,0.32884,0.521084,0.379665,1.16015,0.658819,0.3433,0.294628,0.00252857,0,0,0,0,0,0.0159125,0.00523267,0.210562,0.247082,0.976449,0.856027,-0.0429688,-0.109863,1.18644
11,0.929688,-0.0100708,-0.546875,0.976562,-0.0108325,0.495679,0.367771,0.538001,0.424701,1.25372,0.592362,0.318691,0.553399,0.00303398,0,0,0,0,0,-0.0259033,-0.0095265,0.381219,0.216002,0.98577,0.850125,-0.0703125,-0.0100708,0.74611
12,1,0.0854492,-0.527344,0.578125,0.0854492,0.534048,0.443727,0.612607,0.572181,1.17613,0.540115,0.330879,0.693558,0.00330773,0,0,0,0,0,-0.0338398,-0.0150156,0.546195,0.176253,0.994923,0.850229,0,0.0854492,0.654899
13,1.02344,-0.0512695,-0.21875,0.367188,-0.0500954,0.480023,0.384766,0.578705,0.482944,1.05775,0.833267,0.482216,0.360997,0.0026582,0,0,0,0,0,0.0157958,0.00607767,0.165258,0.378581,0.927054,0.874596,0.0234375,-0.0512695,1.16255
14,1.03125,0.0820312,-1.36719,0.507812,0.0795455,0.531701,0.454549,0.62955,0.602948,1.00234,0.546973,0.344347,1.91856,0.00570032,0,0,0,0,0,-0.0298563,-0.0135712,0.475858,0.17461,0.995354,0.84969,0.03125,0.0820312,0.604165
15,1.03906,-0.00631714,-0.34375,0.59375,-0.00607965,0.497575,0.413508,0.602986,0.534581,1.1386,0.870152,0.52469,0.446109,0.00282443,0,0,0,0,0,0.0108712,0.00449531,0.108915,0.330466,0.947098,0.868339,0.0390625,-0.00631714,1.16812
16,0.992188,0.0422363,-1.78906,0.636719,0.0425689,0.516977,0.418988,0.592595,0.526719,1.35282,0.519757,0.308005,2.24208,0.00633219,0,0,0,0,0,-0.0149259,-0.00625377,0.25035,0.172423,0.995781,0.849803,-0.0078125,0.0422363,0.743254
17,1.02344,0.0598145,-0.578125,0.699219,0.0584447,0.523303,0.440308,0.61703,0.574597,1.28908,0.545938,0.33686,0.691377,0.00330347,0,0,0,0,0,-0.0239539,-0.0105471,0.382507,0.209136,0.987465,0.85026,0.0234375,0.0598145,0.71494
18,1.03125,0.0947266,0.205078,1.01562,0.0918561,0.536594,0.460897,0.634148,0.61457,1.38985,0.568766,0.360682,0.203494,0.00235058,0,0,0,0,0,-0.0200423,-0.00923744,0.3072,0.285464,0.965329,0.84979,0.03125,0.0947266,0.799147
19,0.972656,0.0166016,0.239258,0.337891,0.0170683,0.506809,0.398338,0.572228,0.486118,1.26141,0.54139,0.309798,0.411603,0.00275704,0,0,0,0,0,-0.0250945,-0.00999611,0.404088,0.222144,0.984184,0.850143,-0.0273438,0.0166016,1.0936
20,1.0625,-0.0732422,0.710938,0.640625,-0.0689338,0.472521,0.389444,0.594186,0.504723,1.19767,0.877345,0.521306,0.888238,0.00368797,0,0,0,0,0,0.00502747,0.00195792,0.0499558,0.281365,0.965306,0.86051,0.0625,-0.0732422,1.28883
21,0.929688,0.0334473,2.35938,0.527344,0.0359769,0.51435,0.389531,0.553104,0.457658,1.06607,0.576703,0.318977,3.249,0.00829883,0,0,0,0,0,-0.0197842,-0.00770656,0.29907,0.300515,0.959035,0.85875,-0.0703125,0.0334473,1.06675
22,1.03906,0.0566406,-0.546875,0.5,0.0545113,0.521736,0.444987,0.624993,0.58863,0.967841,0.686058,0.428782,0.773398,0.00346367,0,0,0,0,0,-0.0378857,-0.0168586,0.481416,0.292566,0.961551,0.860676,0.0390625,0.0566406,0.827641
23,1.02344,0.0664062,-2.03125,0.980469,0.0648855,0.525867,0.443604,0.619386,0.580423,1.13489,0.52647,0.326088,2.05138,0.00595973,0,0,0,0,0,-0.0339867,-0.0150766,0.562785,0.1564,0.998783,0.850361,0.0234375,0.0664062,0.685907
24,1.25,-0.013855,-1.46094,0.570312,-0.011084,0.495578,0.494325,0.723256,0.767456,1.45365,0.851922,0.616158,1.93453,0.0057315,0,0,0,0,0,-0.0183407,-0.00906629,0.187682,0.432226,0.903284,0.850919,0.25,-0.013855,1.64086
25,0.96875,-0.0664062,-0.882812,0.302734,-0.0685484,0.472675,0.355268,0.54188,0.419849,1.03234,0.735523,0.398566,1.60449,0.0050869,0,0,0,0,0,0.0261637,0.00929512,0.310106,0.360684,0.934741,0.872826,-0.03125,-0.0664062,1.13157
26,2.03125,0.457031,1.17969,0.609375,0.225,0.58901,1.057,1.3402,2.91338,1.24708,1.90357,2.55115,1.51121,0.00490471,0,0,0,0,0,-0.0533835,-0.0564265,0.244481,0.915451,0.523974,0.859531,1.03125,0.457031,3.66009
27,1.03906,0.0288086,-0.566406,0.695312,0.0277256,0.511059,0.431071,0.615163,0.564248,1.26667,0.572909,0.352432,0.679263,0.00327981,0,0,0,0,0,-0.0170105,-0.00733275,0.258845,0.20442,0.98882,0.848988,0.0390625,0.0288086,0.59907
28,1.07031,0.114258,0.0717773,0.507812,0.106752,0.542507,0.486327,0.663985,0.67739,1.12658,0.624748,0.414823,0.100725,0.00214985,0,0,0,0,0,-0.0247085,-0.0120164,0.344785,0.411427,0.913081,0.85841,0.0703125,0.114258,0.729127
29,0.980469,-0.0600586,-0.178711,0.636719,-0.061255,0.475578,0.363141,0.550786,0.435236,1.2384,0.710353,0.391253,0.223964,0.00239055,0,0,0,0,0,0.011722,0.00425674,0.143858,0.237843,0.978546,0.859709,-0.0195312,-0.0600586,1.31881
30,0.949219,-0.0244141,1,0.396484,-0.0257202,0.48974,0.368432,0.544498,0.43222,1.02711,0.659661,0.359184,1.58813,0.00505495,0,0,0,0,0,-0.0125453,-0.0046221,0.165794,0.307472,0.956185,0.862223,-0.0507812,-0.0244141,1.05046
31,1.05469,0.0534668,-1.33594,0.539062,0.0506944,0.520215,0.449666,0.63296,0.602838,0.981774,0.521687,0.330207,1.81956,0.00550695,0,0,0,0,0,-0.0247795,-0.0111425,0.414084,0.218627,0.985082,0.850231,0.0546875,0.0534668,0.61747
32,0.992188,-0.0358887,-0.746094,0.558594,-0.0361713,0.485573,0.379925,0.565651,0.464304,1.34015,0.73409,0.415239,0.998264,0.00390286,0,0,0,0,0,-0.00759295,-0.00288475,0.0901713,0.231793,0.980851,0.855163,-0.0078125,-0.0358887,0.94936
33,0.914062,-0.0341797,0.488281,0.550781,-0.0373932,0.485086,0.349451,0.520736,0.393283,1.25013,0.745975,0.388456,0.657931,0.00323815,0,0,0,0,0,0.00688432,0.00240574,0.0804533,0.232168,0.98016,0.859263,-0.0859375,-0.0341797,0.839143
34,0.929688,0.0233154,0.241211,0.621094,0.0250788,0.510004,0.384465,0.549548,0.449816,1.35512,0.586522,0.322322,0.306068,0.00255091,0,0,0,0,0,-0.0187642,-0.00721417,0.278902,0.220706,0.983788,0.855141,-0.0703125,0.0233154,0.917563
35,1.00781,-0.0170898,0.470703,1.32031,-0.0169574,0.493235,0.39559,0.581106,0.494176,1.3722,0.712165,0.413843,0.409646,0.00275321,0,0,0,0,0,-0.0193016,-0.00763551,0.236275,0.220509,0.984014,0.853985,0.0078125,-0.0170898,0.861588
36,1.01562,0.010498,-1.22656,0.808594,0.0103365,0.504124,0.412517,0.595133,0.524353,1.12356,0.445797,0.265309,1.36403,0.00461725,0,0,0,0,0,-0.0210833,-0.00869723,0.412296,0.189307,0.992086,0.85041,0.015625,0.010498,0.551999
37,0.992188,0.00982666,0.660156,1.16406,0.00990404,0.503951,0.402783,0.58125,0.500086,1.47415,0.557324,0.323945,0.611869,0.00314818,0,0,0,0,0,-0.0193829,-0.00780709,0.303192,0.172944,0.99581,0.84902,-0.0078125,0.00982666,0.75532
38,1.01562,0.0493164,-0.470703,0.4375,0.0485577,0.519364,0.431926,0.608747,0.557133,1.43618,0.606955,0.369482,0.711636,0.00334304,0,0,0,0,0,-0.00678956,-0.00293259,0.0975195,0.300636,0.959673,0.853115,0.015625,0.0493164,1.13571
39,1.09375,-0.0830078,-0.519531,0.632812,-0.0758929,0.469752,0.397092,0.609174,0.528776,1.32448,0.887693,0.54076,0.653092,0.00322869,0,0,0,0,0,0.0270729,0.0107504,0.265876,0.25745,0.97293,0.859467,0.09375,-0.0830078,1.49325
40,0.871094,-0.0737305,0.279297,0.804688,-0.0846413,0.466273,0.312445,0.482689,0.330611,1.05748,0.761051,0.367351,0.311353,0.00256124,0,0,0,0,0,0.0091479,0.00285822,0.104789,0.252184,0.973631,0.866137,-0.128906,-0.0737305,0.827002
41,0.949219,0.0239258,-0.855469,0.400391,0.0252058,0.510055,0.392602,0.561135,0.469009,1.35007,0.432781,0.242848,1.35195,0.00459366,0,0,0,0,0,-0.00834495,-0.00327624,0.168098,0.205057,0.988376,0.850768,-0.0507812,0.0239258,0.920752
42,1.02344,0.0500488,-1.02344,0.667969,0.0489027,0.519502,0.435425,0.613555,0.566045,1.24443,0.499459,0.306445,1.25223,0.00439888,0,0,0,0,0,-0.0255609,-0.0111299,0.446153,0.234528,0.980796,0.85055,0.0234375,0.0500488,0.686174
43,1.01562,0.0668945,0.554688,0.429688,0.0658654,0.526258,0.440715,0.615014,0.572473,1.29253,0.527738,0.324566,0.846198,0.00360586,0,0,0,0,0,-0.015575,-0.00686412,0.257286,0.269401,0.970193,0.852501,0.015625,0.0668945,0.832653
44,0.960938,-0.0480957,-1.03906,0.859375,-0.0500508,0.480041,0.36129,0.543378,0.425791,1.17659,0.496437,0.269753,1.12086,0.0041423,0,0,0,0,0,-0.0167726,-0.00605979,0.294539,0.186159,0.992509,0.852047,-0.0390625,-0.0480957,0.710577
45,1.01562,-0.0322266,0.217773,0.490234,-0.0317308,0.487343,0.391155,0.58053,0.490017,1.00682,0.761865,0.442285,0.311031,0.00256061,0,0,0,0,0,0.00880994,0.00344605,0.10081,0.415431,0.910129,0.879849,0.015625,-0.0322266,1.06418
46,1.01562,0.0427246,0.847656,0.291016,0.0420673,0.516777,0.42863,0.606413,0.551461,0.940385,0.701932,0.425661,1.57131,0.00502209,0,0,0,0,0,-0.0261669,-0.0112159,0.324986,0.357887,0.935781,0.874391,0.015625,0.0427246,0.960628
47,1,0.0610352,-1.9375,0.753906,0.0610352,0.524334,0.43152,0.603824,0.550813,1.17505,0.556042,0.335751,2.23143,0.00631138,0,0,0,0,0,-0.0218163,-0.00941418,0.342043,0.176805,0.994935,0.849483,0,0.0610352,0.625365
48,1.01562,0.00830078,0.100586,0.322266,0.00817308,0.503261,0.411418,0.594372,0.522543,0.982224,0.484697,0.28809,0.177186,0.00229919,0,0,0,0,0,-0.0121889,-0.00501472,0.21923,0.322869,0.951802,0.850951,0.015625,0.00830078,0.869702
49,0.984375,-0.0495605,2.15625,1.07812,-0.0503472,0.479923,0.369956,0.556535,0.446598,1.23585,0.589359,0.327999,2.07666,0.00600909,0,0,0,0,0,-0.00948284,-0.00350824,0.14027,0.221615,0.984251,0.850597,-0.015625,-0.0495605,0.844386
50,0.90625,-0.0522461,2.25,0.515625,-0.0576509,0.477013,0.337285,0.510171,0.374036,1.30694,0.578158,0.294959,3.1334,0.00807304,0,0,0,0,0,4.97416e-05,1.67771e-05,0.000750034,0.192218,0.990539,0.855948,-0.09375,-0.0522461,0.908682
51,1.0625,-0.188477,1.29688,0.28125,-0.17739,0.429601,0.332165,0.557919,0.421607,1.16502,0.958312,0.53466,2.44541,0.00672932,0,0,0,0,0,0.0385724,0.0128124,0.350895,0.743272,0.742215,1.06368,0.0625,-0.188477,1.54909
52,0.96875,0.0192871,0.0800781,0.216797,0.0199093,0.507942,0.398115,0.570889,0.484409,0.869567,0.656214,0.374625,0.171984,0.00228903,0,0,0,0,0,-0.0283013,-0.0112671,0.375982,0.397705,0.917983,0.888614,-0.03125,0.0192871,0.973869
53,0.933594,0.020874,0.648438,0.628906,0.0223588,0.508919,0.38481,0.550969,0.451646,1.19449,0.591165,0.325714,0.817665,0.00355013,0,0,0,0,0,-0.0182121,-0.0070082,0.26857,0.264957,0.971394,0.853884,-0.0664062,0.020874,1.09521
54,1.03906,0.0622559,0.128906,0.359375,0.0599154,0.523888,0.447794,0.626995,0.593643,1.07437,0.599148,0.375663,0.21503,0.00237311,0,0,0,0,0,-0.0229835,-0.0102919,0.334417,0.357871,0.937253,0.856542,0.0390625,0.0622559,0.705591
55,1.02344,0.0498047,2.35938,0.542969,0.0486641,0.519407,0.435303,0.613468,0.565832,1.33662,0.533865,0.327509,3.20191,0.00820686,0,0,0,0,0,-0.0317739,-0.0138313,0.518855,0.226215,0.983019,0.850733,0.0234375,0.0498047,0.67442
56,0.980469,0.0698242,0.00244141,0.255859,0.0712151,0.528387,0.428082,0.595607,0.538003,0.979053,0.583904,0.347778,0.00482658,0.00196255,0,0,0,0,0,-0.0246605,-0.0105567,0.368186,0.317402,0.952835,0.859893,-0.0195312,0.0698242,0.900668
57,0.859375,-0.0517578,1.75781,0.378906,-0.0602273,0.475987,0.318732,0.483052,0.334929,1.15397,0.679249,0.328112,2.85566,0.00753059,0,0,0,0,0,0.00622744,0.00198489,0.0799259,0.315737,0.952882,0.865277,-0.140625,-0.0517578,1.13822
58,1.02344,0.0407715,-0.9375,0.347656,0.0398378,0.515889,0.430787,0.610272,0.558009,1.14804,0.823544,0.502586,1.59,0.00505859,0,0,0,0,0,-0.00293124,-0.00126274,0.0310293,0.288189,0.962452,0.865674,0.0234375,0.0407715,1.12765
59,0.964844,0.00457764,-0.769531,0.457031,0.00474443,0.501893,0.389193,0.563509,0.469014,1.25574,0.432917,0.243953,1.13829,0.00417635,0,0,0,0,0,-0.00894076,-0.00347968,0.180043,0.178971,0.994357,0.850217,-0.0351562,0.00457764,0.551994
60,0.945312,-0.0145264,0.292969,0.535156,-0.0153667,0.49387,0.371809,0.54558,0.4359,1.4192,0.638724,0.348475,0.40048,0.00273531,0,0,0,0,0,-0.0036404,-0.00135354,0.049687,0.217217,0.984751,0.854685,-0.0546875,-0.0145264,0.889316
61,1.03125,0.0532227,-0.691406,1.45312,0.0516098,0.52058,0.440145,0.61923,0.577173,1.21449,0.553477,0.34273,0.573564,0.00307337,0,0,0,0,0,-0.0243948,-0.0107372,0.384241,0.154284,0.999457,0.84873,0.03125,0.0532227,0.505622
62,1.08594,0.0588379,-0.828125,0.675781,0.0541817,0.521605,0.464882,0.653061,0.642605,1.14065,0.645128,0.421308,1.00738,0.00392066,0,0,0,0,0,-0.0296645,-0.0137905,0.400865,0.233064,0.980713,0.853762,0.0859375,0.0588379,1.1866
63,0.949219,-0.0305176,0.671875,0.283203,-0.0321502,0.487176,0.36538,0.542438,0.427741,0.93464,0.552335,0.299607,1.26252,0.00441899,0,0,0,0,0,-0.0175766,-0.00642215,0.277421,0.347483,0.940311,0.870107,-0.0507812,-0.0305176,0.985661
64,0.90625,-0.0432129,0.0996094,1.04688,-0.0476832,0.480984,0.341802,0.513168,0.38017,1.56493,0.585457,0.300438,0.0973538,0.00214327,0,0,0,0,0,2.69037e-05,9.19572e-06,0.000400611,0.180762,0.993875,0.850827,-0.09375,-0.0432129,0.92845
65,1.00781,-0.00028038,-0.386719,0.515625,-0.000278207,0.499889,0.403995,0.58686,0.507616,1.07749,0.579396,0.340024,0.538553,0.00300499,0,0,0,0,0,-0.00100477,-0.000405923,0.0151182,0.34357,0.942516,0.86266,0.0078125,-0.00028038,1.18593
66,0.980469,-0.0195312,-1.5,0.527344,-0.0199203,0.492053,0.383405,0.564352,0.465492,1.28972,0.60088,0.339108,2.06559,0.00598748,0,0,0,0,0,0.0162759,0.00624026,0.236137,0.258588,0.973319,0.854082,-0.0195312,-0.0195312,1.06602
67,0.855469,-0.00402832,1.41406,1.25781,-0.0047089,0.498121,0.341031,0.496846,0.363158,1.54202,0.694621,0.34512,1.26084,0.00441571,0,0,0,0,0,0.00521961,0.00178005,0.0655084,0.221164,0.984036,0.852734,-0.144531,-0.00402832,0.887861
68,0.976562,-0.0189209,-1.07812,0.605469,-0.019375,0.492271,0.382143,0.562284,0.462197,1.19289,0.513324,0.288634,1.38555,0.00465928,0,0,0,0,0,-0.00792885,-0.00302996,0.134656,0.227708,0.982156,0.853774,-0.0234375,-0.0189209,0.847893
69,0.910156,-0.0471191,0.535156,1.625,-0.0517704,0.479356,0.341415,0.514143,0.380908,1.29826,0.50716,0.260753,0.419811,0.00277307,0,0,0,0,0,0.00288238,0.000984087,0.0495465,0.193417,0.990589,0.853927,-0.0898438,-0.0471191,0.789084
70,1.02344,-0.0062561,0.279297,0.322266,-0.00611283,0.497561,0.407273,0.593907,0.518597,1.18488,0.643351,0.382091,0.491993,0.00291405,0,0,0,0,0,-3.25739e-05,-1.32665e-05,0.000441396,0.243543,0.977414,0.856375,0.0234375,-0.0062561,1.09697
71,1.03906,-0.0454102,1.49219,0.941406,-0.043703,0.482571,0.393961,0.589753,0.503015,1.39281,0.661846,0.390326,1.53792,0.00495688,0,0,0,0,0,-0.0271125,-0.0106813,0.357124,0.236522,0.98007,0.851695,0.0390625,-0.0454102,0.991427
72,1.05469,0.0791016,-2.73438,0.589844,0.075,0.529893,0.462483,0.642129,0.626221,1.53189,0.656101,0.421302,3.56032,0.00890688,0,0,0,0,0,-0.0133355,-0.00616743,0.177192,0.241244,0.97817,0.855634,0.0546875,0.0791016,1.17078
73,1.03906,-0.0563965,1.23438,0.349609,-0.0542763,0.478358,0.388468,0.586098,0.494419,1.1767,0.786365,0.460887,2.08764,0.00603055,0,0,0,0,0,0.00618784,0.00240378,0.0685996,0.266123,0.970473,0.858047,0.0390625,-0.0563965,1.09165
74,0.992188,0.00698853,2.8125,0.78125,0.00704355,0.50281,0.401364,0.580268,0.497803,1.25087,0.783186,0.454458,3.18198,0.00816793,0,0,0,0,0,-0.0239821,-0.00962555,0.266949,0.269328,0.968381,0.866892,-0.0078125,0.00698853,1.08734
75,1.02344,-0.00082016,0.0147095,0.429688,-0.000801378,0.49968,0.409991,0.595774,0.523039,1.21015,0.590419,0.351756,0.0224399,0.00199695,0,0,0,0,0,-0.00384974,-0.00157836,0.0568432,0.215136,0.985414,0.853791,0.0234375,-0.00082016,0.928299
76,0.921875,-0.0578613,1.29688,0.523438,-0.0627648,0.474977,0.340743,0.517412,0.383821,1.32171,0.620995,0.32131,1.79253,0.00545415,0,0,0,0,0,-0.00308711,-0.00105191,0.0433382,0.204219,0.988024,0.854246,-0.078125,-0.0578613,0.887567
77,1.1875,0.0294189,-0.294922,0.320312,0.0247738,0.509882,0.4909,0.701816,0.733529,1.23461,0.853376,0.598913,0.521099,0.0029709,0,0,0,0,0,-0.0179793,-0.00882602,0.18367,0.455365,0.890777,0.861763,0.1875,0.0294189,1.53361
78,0.960938,0.0688477,0.147461,0.652344,0.0716463,0.528558,0.419762,0.583892,0.51713,1.33684,0.628081,0.366732,0.182574,0.00230971,0,0,0,0,0,-0.023007,-0.00965746,0.319338,0.232644,0.980776,0.854107,-0.0390625,0.0688477,1.09836
79,1,0.0688477,-0.412109,0.445312,0.0688477,0.527445,0.435426,0.606622,0.557586,1.224,0.623991,0.378527,0.617561,0.0031593,0,0,0,0,0,-0.0369367,-0.0160832,0.516044,0.233484,0.980253,0.856114,0,0.0688477,0.831816
80,0.875,-0.0456543,0.65625,0.625,-0.0521763,0.479194,0.32805,0.494166,0.351817,1.34167,0.818197,0.404325,0.830098,0.00357441,0,0,0,0,0,0.0382469,0.0125469,0.407517,0.241856,0.976954,0.863231,-0.125,-0.0456543,1.0566
81,1.10938,-0.0512695,-0.898438,0.707031,-0.0462148,0.48157,0.419227,0.628732,0.571055,1.44272,0.816838,0.513572,1.06849,0.00404001,0,0,0,0,0,-0.0113205,-0.00474587,0.120819,0.24384,0.977364,0.856131,0.109375,-0.0512695,1.21788
82,1.02344,0.0378418,-1.24219,0.925781,0.0369752,0.514748,0.429322,0.609239,0.555489,1.25797,0.508968,0.310083,1.29102,0.00447465,0,0,0,0,0,-0.0224334,-0.00963114,0.384248,0.183142,0.993806,0.848234,0.0234375,0.0378418,0.492555
83,0.941406,-0.0578613,0.209961,0.414062,-0.0614627,0.475495,0.348575,0.528778,0.401111,1.25616,0.661477,0.349774,0.326291,0.00259041,0,0,0,0,0,-0.017857,-0.00622451,0.235342,0.285244,0.964806,0.854288,-0.0585938,-0.0578613,0.993381
84,0.925781,-0.0478516,1.35156,0.539062,-0.0516878,0.479389,0.347315,0.522995,0.394151,1.20784,0.736848,0.385368,1.84084,0.00554852,0,0,0,0,0,0.0120308,0.00417847,0.142339,0.298752,0.958221,0.871961,-0.0742188,-0.0478516,1.3475
85,1.09375,-0.0559082,-1.07812,0.359375,-0.0511161,0.479617,0.410642,0.618092,0.550665,1.12685,0.757807,0.468395,1.79844,0.0054657,0,0,0,0,0,0.00996198,0.00409081,0.114602,0.298018,0.959054,0.866319,0.09375,-0.0559082,1.24657
86,1.03906,0.00982666,-1.07031,0.460938,0.00945724,0.503773,0.42158,0.60855,0.548063,1.15649,0.535278,0.325743,1.57648,0.0050322,0,0,0,0,0,-0.0112875,-0.00475858,0.183834,0.225845,0.982891,0.852197,0.0390625,0.00982666,0.931333
87,1.28906,-0.09375,-0.472656,0.271484,-0.0727273,0.471012,0.470042,0.719287,0.738314,1.08559,1.16601,0.838698,0.907137,0.00372488,0,0,0,0,0,0.0506087,0.0237882,0.37838,0.466197,0.884786,0.898439,0.289062,-0.09375,1.98912
88,1.02344,0.0605469,-0.0437012,0.386719,0.0591603,0.523588,0.440674,0.617291,0.575242,1.04248,0.530653,0.327567,0.0702741,0.00209038,0,0,0,0,0,-0.0245012,-0.0107971,0.402517,0.232414,0.981457,0.850023,0.0234375,0.0605469,0.695372
89,1.02344,-0.0402832,0.25,0.435547,-0.0393607,0.484301,0.390259,0.582372,0.491459,1.2061,0.764784,0.445388,0.378811,0.00269299,0,0,0,0,0,-0.00801689,-0.00312866,0.0913848,0.213869,0.984588,0.861488,0.0234375,-0.0402832,1.17974
90,1.11719,0.090332,0.0981445,0.416016,0.0808566,0.532222,0.493161,0.682541,0.70907,0.858692,0.660751,0.45099,0.152164,0.00225032,0,0,0,0,0,-0.0376647,-0.0185748,0.49694,0.401442,0.918032,0.85527,0.117188,0.090332,1.00213
91,0.988281,0.0512695,0.363281,0.408203,0.0518775,0.520687,0.421938,0.593523,0.530301,1.11936,0.569519,0.338022,0.568597,0.00306367,0,0,0,0,0,-0.0236676,-0.00998628,0.362288,0.204794,0.988161,0.852505,-0.0117188,0.0512695,0.573398
92,0.984375,0.00179291,-0.984375,1.04688,0.00182137,0.500727,0.395633,0.573924,0.485914,1.42532,0.496731,0.285086,0.962084,0.0038322,0,0,0,0,0,0.000488131,0.000193121,0.00856686,0.195384,0.990934,0.849073,-0.015625,0.00179291,0.718567
93,0.988281,0.0161133,0.554688,0.306641,0.0163043,0.506504,0.40436,0.581158,0.501251,1.03064,0.560684,0.325846,1.00169,0.00390955,0,0,0,0,0,-0.0289306,-0.0116984,0.449827,0.314813,0.95423,0.855936,-0.0117188,0.0161133,0.795702
94,0.976562,0.0117188,1.3125,0.300781,0.012,0.504787,0.397463,0.572806,0.486084,1.15108,0.539789,0.309194,2.39317,0.00662729,0,0,0,0,0,-0.00899458,-0.00357501,0.145266,0.348323,0.941026,0.85821,-0.0234375,0.0117188,1.03737
95,0.914062,-0.0576172,-0.171875,0.445312,-0.0630342,0.47487,0.337733,0.512946,0.377177,1.05812,0.549419,0.281822,0.257561,0.00245617,0,0,0,0,0,-0.00191689,-0.000647395,0.0304158,0.267858,0.96938,0.862394,-0.0859375,-0.0576172,1.00696
96,0.988281,0.0407715,0.671875,0.902344,0.0412549,0.516454,0.416689,0.589803,0.521497,1.21527,0.632194,0.37287,0.707298,0.00333457,0,0,0,0,0,-0.0088581,-0.00369107,0.122151,0.253523,0.974553,0.856117,-0.0117188,0.0407715,0.896566
97,1,-0.00213623,0.291016,0.390625,-0.00213623,0.499148,0.399934,0.581671,0.498289,1.181,0.471492,0.274254,0.465625,0.00286255,0,0,0,0,0,-0.0128942,-0.00515684,0.238412,0.186607,0.992915,0.849032,0,-0.00213623,0.57461
98,1.03125,0.0473633,-2.09375,0.558594,0.045928,0.518316,0.437215,0.617151,0.572033,1.3308,0.797121,0.491944,2.80141,0.00742463,0,0,0,0,0,-0.00398776,-0.00174351,0.0436126,0.281162,0.965229,0.861695,0.03125,0.0473633,1.01932
99,0.960938,-0.00457764,0.535156,0.308594,-0.00476372,0.4981,0.383049,0.558083,0.458183,1.13334,0.757168,0.422563,0.963357,0.00383468,0,0,0,0,0,0.00462552,0.0017718,0.0532568,0.2857,0.96403,0.85925,-0.0390625,-0.00457764,1.17234
100,0.964844,0.0390625,0.474609,0.773438,0.0404858,0.516147,0.406436,0.575553,0.496452,1.38091,0.510247,0.293675,0.539664,0.00300716,0,0,0,0,0,-0.012849,-0.00522231,0.219531,0.220498,0.984599,0.850234,-0.0351562,0.0390625,0.752018
101,0.988281,-0.0100098,0.886719,0.75,-0.0101285,0.495959,0.391298,0.572147,0.480466,1.07797,0.681891,0.390142,1.02389,0.00395292,0,0,0,0,0,-0.0206744,-0.00808984,0.264316,0.315199,0.95349,0.861333,-0.0117188,-0.0100098,0.915804
102,1.00781,-0.00294495,-0.917969,0.458984,-0.00292212,0.498834,0.402663,0.585943,0.505467,1.1647,0.5715,0.334867,1.35497,0.00459955,0,0,0,0,0,-0.00573891,-0.00231085,0.0875428,0.316773,0.95366,0.854601,0.0078125,-0.00294495,1.09491
103,0.992188,-0.0429688,0.333984,0.632812,-0.0433071,0.482728,0.376385,0.563279,0.458949,1.20287,0.623001,0.350924,0.419845,0.00277313,0,0,0,0,0,-0.00781963,-0.00294319,0.109422,0.237412,0.979233,0.855694,-0.0078125,-0.0429688,0.912624
104,0.96875,-0.0612793,-0.78125,0.53125,-0.063256,0.474781,0.357831,0.543564,0.423505,1.17172,0.516559,0.280783,1.07187,0.00404661,0,0,0,0,0,0.00190677,0.000682302,0.0321799,0.212873,0.986108,0.852978,-0.03125,-0.0612793,0.885171
105,0.949219,-0.109375,-0.636719,0.339844,-0.115226,0.454133,0.325951,0.516701,0.373225,1.12399,0.792029,0.409243,1.09221,0.00408636,0,0,0,0,0,0.0421521,0.0137395,0.463965,0.343009,0.941655,0.875553,-0.0507812,-0.109375,1.13563
106,1.07812,0.0493164,-1.39844,0.474609,0.0457428,0.518242,0.456989,0.645133,0.625035,1.35465,0.644094,0.415526,2.0299,0.00591778,0,0,0,0,0,-0.0165366,-0.00755706,0.223823,0.341677,0.944389,0.851582,0.078125,0.0493164,1.20436
107,0.960938,-0.0917969,-0.130859,0.566406,-0.0955285,0.461948,0.33944,0.529102,0.395168,1.20173,0.861789,0.455974,0.173876,0.00229273,0,0,0,0,0,0.00532758,0.00180839,0.0538934,0.339436,0.943627,0.868465,-0.0390625,-0.0917969,1.08484
108,0.992188,-0.0678711,-1.71094,0.628906,-0.0684055,0.472731,0.363934,0.555037,0.440514,1.529,0.735095,0.408005,2.15745,0.0061669,0,0,0,0,0,0.0061382,0.0022339,0.0727954,0.196813,0.989568,0.855481,-0.0078125,-0.0678711,1.48889
109,0.957031,0.00604248,1.10938,0.929688,0.00631378,0.502519,0.386793,0.559466,0.462611,1.35479,0.648597,0.362868,1.15056,0.00420032,0,0,0,0,0,-0.00739438,-0.00286009,0.0993879,0.208431,0.987476,0.851266,-0.0429688,0.00604248,0.895322
110,1.03906,0.0402832,-0.114746,0.5625,0.0387688,0.515463,0.436808,0.619197,0.574206,1.10229,0.83523,0.517172,0.152995,0.00225194,0,0,0,0,0,-0.000819758,-0.000358077,0.00855631,0.30948,0.952514,0.897182,0.0390625,0.0402832,1.29444
111,0.949219,0.0563965,1.39062,0.757812,0.0594136,0.523689,0.408837,0.572612,0.495032,1.12588,0.617937,0.353838,1.59746,0.00507316,0,0,0,0,0,-0.0116585,-0.00476644,0.164477,0.228606,0.980242,0.865631,-0.0507812,0.0563965,0.824795
112,0.964844,0.074707,1.83594,0.921875,0.0774291,0.530859,0.424258,0.588274,0.526061,1.36369,0.700754,0.412235,1.91215,0.00568779,0,0,0,0,0,-0.0309077,-0.0131128,0.38451,0.197566,0.989895,0.852326,-0.0351562,0.074707,0.825433
113,1.0625,0.00695801,0.835938,0.882812,0.00654871,0.502613,0.429544,0.621207,0.570406,1.27127,0.669173,0.415695,0.889692,0.0036908,0,0,0,0,0,-0.0333039,-0.0143055,0.433874,0.216264,0.985562,0.851013,0.0625,0.00695801,1.04199
114,1.07812,0.0649414,-1.09375,0.449219,0.0602355,0.524016,0.464801,0.65069,0.639438,1.11445,0.687958,0.447647,1.63188,0.0051404,0,0,0,0,0,-0.0211411,-0.00982639,0.267899,0.290598,0.961925,0.8632,0.078125,0.0649414,1.38287
115,1.10938,0.03125,0.363281,0.490234,0.028169,0.511236,0.460487,0.656963,0.643649,0.973753,0.84182,0.553044,0.518849,0.0029665,0,0,0,0,0,-0.00529897,-0.0024401,0.0548756,0.543855,0.841449,0.903207,0.109375,0.03125,1.21742
116,1.0625,0.0654297,-1.19531,0.753906,0.0615809,0.524552,0.45878,0.64177,0.622348,1.10846,0.557886,0.358035,1.37665,0.00464189,0,0,0,0,0,-0.0300832,-0.0138016,0.470094,0.188089,0.992531,0.849371,0.0625,0.0654297,0.725813
117,1,0.0339355,0.710938,0.714844,0.0339355,0.513536,0.41797,0.594216,0.527792,1.49105,0.526869,0.313074,0.840864,0.00359544,0,0,0,0,0,-0.0214171,-0.00895173,0.354377,0.171879,0.995811,0.850268,0,0.0339355,0.619038
118,0.957031,-0.0311279,-0.435547,0.40625,-0.0325255,0.487026,0.368208,0.546781,0.434547,1.21699,0.755505,0.413096,0.683342,0.00328778,0,0,0,0,0,0.0366705,0.0135024,0.423142,0.261206,0.971283,0.863494,-0.0429688,-0.0311279,1.00367
119,0.992188,-0.0407715,-0.199219,1.14844,-0.0410925,0.483611,0.377484,0.564014,0.460606,1.36845,0.628955,0.354739,0.185899,0.00231621,0,0,0,0,0,-0.0135316,-0.00510797,0.187559,0.198646,0.989705,0.85195,-0.0078125,-0.0407715,1.1368
120,0.941406,0.0446777,0.213867,0.578125,0.0474585,0.518926,0.399845,0.563895,0.477853,1.11563,0.480243,0.270807,0.281276,0.00250249,0,0,0,0,0,-0.0180648,-0.00722313,0.327928,0.239635,0.979174,0.851871,-0.0585938,0.0446777,0.843032
121,0.972656,-0.0415039,0.0683594,0.777344,-0.0426707,0.482982,0.369286,0.552398,0.441515,1.43966,0.604331,0.333831,0.0775339,0.00210456,0,0,0,0,0,0.00630479,0.00232827,0.09095,0.229124,0.981871,0.853152,-0.0273438,-0.0415039,0.971467
122,0.941406,-0.0869141,-1.14844,0.597656,-0.0923237,0.46322,0.334049,0.519317,0.381279,1.21617,0.599729,0.311449,1.48553,0.00485455,0,0,0,0,0,-0.00685499,-0.0022899,0.0996458,0.204402,0.988302,0.852209,-0.0585938,-0.0869141,1.1397
123,1.28125,0.0688477,-0.867188,0.824219,0.0537348,0.521427,0.548208,0.770314,0.893916,1.26144,0.914588,0.70452,0.955194,0.00381874,0,0,0,0,0,-0.0457862,-0.0251003,0.436431,0.465106,0.885997,0.849754,0.28125,0.0688477,1.41537
124,0.941406,-0.0776367,-1.30469,0.507812,-0.0824689,0.467137,0.338688,0.522313,0.38752,1.33212,0.613438,0.320406,1.83086,0.00552902,0,0,0,0,0,-0.00498942,-0.00168986,0.0709066,0.257822,0.97357,0.853942,-0.0585938,-0.0776367,0.941566
125,1.03125,0.0088501,-0.5625,0.371094,0.00858191,0.503424,0.417959,0.603662,0.539097,1.07764,0.612756,0.369898,0.923381,0.0037566,0,0,0,0,0,-0.00599609,-0.00250612,0.0853075,0.296113,0.96094,0.855633,0.03125,0.0088501,1.07518
126,0.949219,-0.0032959,1.04688,0.449219,-0.00347222,0.498615,0.378991,0.551698,0.448004,1.18612,0.518418,0.28601,1.56195,0.0050038,0,0,0,0,0,-0.0132848,-0.00503481,0.223399,0.28209,0.965975,0.853357,-0.0507812,-0.0032959,0.772698
127,1.00781,0.0224609,1.17969,0.449219,0.0222868,0.50889,0.415366,0.594745,0.52625,1.00569,0.552089,0.328352,1.7601,0.00539083,0,0,0,0,0,-0.0209222,-0.00869037,0.330374,0.251805,0.975576,0.852474,0.0078125,0.0224609,0.741213
128,0.992188,0.0444336,-1.14844,0.484375,0.0447835,0.51786,0.420086,0.593372,0.528563,1.24814,0.469122,0.278364,1.65012,0.00517602,0,0,0,0,0,-0.0250741,-0.0105333,0.465958,0.1867,0.992842,0.849344,-0.0078125,0.0444336,0.739362
129,1.03906,0.0480957,-1.08594,0.589844,0.0462876,0.518459,0.440714,0.621959,0.581062,1.16991,0.918122,0.571034,1.41396,0.00471476,0,0,0,0,0,0.0158713,0.00699473,0.150702,0.311947,0.953448,0.873608,0.0390625,0.0480957,1.13493
130,1,-0.00415039,-1.14062,0.582031,-0.00415039,0.498344,0.398927,0.580979,0.49668,1.27874,0.621935,0.361331,1.4951,0.00487324,0,0,0,0,0,-0.0158523,-0.0063239,0.222205,0.244766,0.977431,0.85381,0,-0.00415039,0.838975
131,1.02344,-0.0117798,0.115234,0.90625,-0.01151,0.495408,0.404511,0.592017,0.514113,1.20564,0.627071,0.371236,0.121048,0.00218955,0,0,0,0,0,-0.021405,-0.00865854,0.297581,0.277118,0.967054,0.857561,0.0234375,-0.0117798,0.958898
132,0.980469,0.0209961,-0.953125,0.333984,0.0214143,0.508542,0.403668,0.578309,0.49739,1.23433,0.607611,0.351387,1.64925,0.00517432,0,0,0,0,0,-0.00985994,-0.00398014,0.141467,0.262062,0.972028,0.85577,-0.0195312,0.0209961,0.894493
133,1.07031,-0.0708008,1.21094,0.494141,-0.0661496,0.473629,0.393797,0.599533,0.514516,1.14594,0.733815,0.439946,1.72265,0.00531767,0,0,0,0,0,0.0164591,0.00648156,0.195536,0.304509,0.957446,0.86034,0.0703125,-0.0708008,1.18664
134,0.972656,-0.0390625,-0.519531,1.00781,-0.0401606,0.483983,0.370506,0.553215,0.443321,1.40497,0.535904,0.29647,0.517514,0.00296389,0,0,0,0,0,-0.012209,-0.00452352,0.19861,0.20946,0.987204,0.851392,-0.0273438,-0.0390625,0.973263
135,1.10938,-0.0111694,0.695312,1.27344,-0.0100682,0.495983,0.439277,0.642275,0.605481,1.4539,0.783235,0.503052,0.616157,0.00315656,0,0,0,0,0,-0.00845498,-0.00371408,0.0941081,0.227086,0.981999,0.855944,0.109375,-0.0111694,1.40825
136,1.04688,-0.00537109,-1.72656,0.474609,-0.0051306,0.497953,0.417114,0.607861,0.543478,1.25165,0.705675,0.428952,2.50619,0.00684803,0,0,0,0,0,0.00443233,0.00184878,0.0547562,0.404113,0.916513,0.859045,0.046875,-0.00537109,1.12012
137,1.07031,-0.0302734,0.871094,0.855469,-0.0282847,0.488718,0.414061,0.613033,0.547256,1.3084,0.825037,0.505775,0.941809,0.0037926,0,0,0,0,0,0.0100483,0.00416062,0.106176,0.295666,0.960157,0.863623,0.0703125,-0.0302734,1.47805
138,0.933594,-0.0310059,1.08594,0.519531,-0.0332113,0.486753,0.35887,0.533175,0.413064,1.2702,0.498236,0.265647,1.5066,0.00489571,0,0,0,0,0,0.0195235,0.00700641,0.341609,0.222191,0.983982,0.851355,-0.0664062,-0.0310059,0.843529
139,0.953125,-0.138672,-0.15918,0.396484,-0.145492,0.442161,0.312869,0.509852,0.357836,0.875122,0.814732,0.415393,0.252799,0.00244687,0,0,0,0,0,0.0369826,0.0115707,0.395721,0.477964,0.878442,0.888926,-0.046875,-0.138672,1.11921
140,1.02344,0.0419922,-0.960938,0.914062,0.0410305,0.516364,0.431397,0.610703,0.559061,1.04982,0.529209,0.323189,1.0051,0.0039162,0,0,0,0,0,-0.0194085,-0.00837276,0.319721,0.193598,0.990976,0.851283,0.0234375,0.0419922,0.534599
141,1.52344,0.21875,-0.373047,0.613281,0.14359,0.557088,0.720277,0.96583,1.45163,1.36315,1.28639,1.24244,0.476358,0.00288351,0,0,0,0,0,-0.0456974,-0.0329148,0.309688,0.696989,0.727912,0.853011,0.523438,0.21875,2.62963
142,0.917969,-0.0466309,-0.515625,0.828125,-0.0507979,0.479743,0.344792,0.518853,0.38809,1.27335,0.661979,0.34347,0.566612,0.00305979,0,0,0,0,0,-0.00739223,-0.00254878,0.0973504,0.265953,0.970824,0.8558,-0.0820312,-0.0466309,0.872933
143,0.992188,-0.0603027,0.345703,0.213867,-0.0607776,0.475768,0.367718,0.557525,0.446051,0.934968,0.730837,0.40746,0.747534,0.00341315,0,0,0,0,0,0.00243237,0.000894427,0.0290146,0.450849,0.892603,0.895001,-0.0078125,-0.0603027,1.13283
144,0.945312,-0.138672,-1.17188,0.519531,-0.146694,0.441687,0.309737,0.505324,0.351289,1.2708,0.730142,0.368959,1.62583,0.00512858,0,0,0,0,0,0.0237816,0.00736604,0.283949,0.19518,0.990003,0.855094,-0.0546875,-0.138672,1.0791
145,1.08594,-0.00473022,0.482422,0.449219,-0.00435589,0.498262,0.433098,0.630831,0.585522,1.0002,0.629743,0.397261,0.719777,0.00335894,0,0,0,0,0,-0.0122356,-0.00529921,0.169383,0.282588,0.964839,0.861058,0.0859375,-0.00473022,1.04636
146,0.972656,0.0249023,-1.24219,0.742188,0.0256024,0.510213,0.402489,0.575125,0.492766,1.3629,0.514815,0.296083,1.44188,0.0047693,0,0,0,0,0,-0.00415905,-0.00167397,0.0704286,0.179791,0.994346,0.849264,-0.0273438,0.0249023,0.693895
147,0.957031,0.019165,-0.234375,0.326172,0.0200255,0.507988,0.393354,0.564022,0.472848,1.09529,0.529442,0.298617,0.410382,0.00275465,0,0,0,0,0,-0.01279,-0.00503101,0.210601,0.296023,0.961251,0.853392,-0.0429688,0.019165,0.925109
148,0.972656,0.0864258,-0.636719,0.4375,0.0888554,0.535402,0.43325,0.597057,0.544183,1.18962,0.552772,0.330037,0.962628,0.00383326,0,0,0,0,0,-0.0309945,-0.0134284,0.488815,0.201321,0.989081,0.851927,-0.0273438,0.0864258,0.842034
149,1.10938,0.059082,0.527344,0.4375,0.053257,0.521236,0.474403,0.666791,0.669668,1.09831,0.771301,0.514297,0.797269,0.00351029,0,0,0,0,0,-0.025125,-0.0119194,0.28398,0.491518,0.871014,0.855005,0.109375,0.059082,1.23344
150,1.03125,-0.0446777,1,0.427734,-0.0433239,0.482722,0.391195,0.58545,0.495785,1.21816,0.612516,0.358597,1.52902,0.00493949,0,0,0,0,0,-0.031367,-0.0122706,0.446439,0.289239,0.962079,0.865877,0.03125,-0.0446777,1.02181
151,1.04688,-0.0424805,-0.0327148,0.707031,-0.0405784,0.483816,0.398559,0.595281,0.513209,1.28818,0.69187,0.411857,0.0389068,0.00202911,0,0,0,0,0,0.00903579,0.0036013,0.113854,0.236598,0.979399,0.856103,0.046875,-0.0424805,1.32464
152,0.941406,-0.0908203,-0.832031,0.902344,-0.096473,0.461572,0.332096,0.518063,0.378677,1.24538,0.753132,0.390169,0.875898,0.00366386,0,0,0,0,0,0.0194866,0.00647141,0.225565,0.226225,0.981468,0.861234,-0.0585938,-0.0908203,1.07744
153,0.984375,0.00866699,-0.229492,0.507812,0.00880456,0.503512,0.39907,0.576299,0.491377,1.08594,0.512326,0.295253,0.322045,0.00258212,0,0,0,0,0,-0.0111877,-0.00446468,0.190371,0.20188,0.988635,0.853896,-0.015625,0.00866699,0.861488
154,0.984375,-0.0203857,0.351562,0.453125,-0.0207093,0.491739,0.384544,0.566336,0.468611,1.22315,0.601397,0.340593,0.522268,0.00297318,0,0,0,0,0,-0.0187528,-0.00721126,0.271838,0.340698,0.944142,0.857658,-0.015625,-0.0203857,0.869657
155,1.02344,-0.00527954,0.237305,0.332031,-0.00515864,0.497942,0.407761,0.594242,0.519393,1.13818,0.630473,0.374654,0.411829,0.00275748,0,0,0,0,0,-0.00110867,-0.000452073,0.01533,0.261154,0.971878,0.858966,0.0234375,-0.00527954,0.880765
156,0.988281,0.0454102,0.472656,0.871094,0.0459486,0.518324,0.419008,0.591444,0.525373,1.43437,0.58671,0.347006,0.506422,0.00294223,0,0,0,0,0,-0.0276874,-0.0116012,0.411401,0.193373,0.991054,0.851121,-0.0117188,0.0454102,0.948251
157,0.96875,0.0761719,-0.131836,0.439453,0.078629,0.531336,0.426557,0.591075,0.53132,1.08091,0.573632,0.33906,0.198874,0.00234155,0,0,0,0,0,-0.0287525,-0.0122646,0.436966,0.313661,0.954744,0.855146,-0.03125,0.0761719,1.00727
158,1.05469,0.0119629,1.57812,0.734375,0.0113426,0.504525,0.428914,0.61839,0.566373,1.23784,0.551083,0.340784,1.84155,0.00554989,0,0,0,0,0,-0.0206703,-0.00886578,0.326992,0.244475,0.977897,0.85121,0.0546875,0.0119629,0.981665
159,1.02344,-0.0703125,0.726562,0.832031,-0.0687023,0.472613,0.375245,0.572419,0.468471,1.29026,0.792457,0.453617,0.796532,0.00350885,0,0,0,0,0,-0.00595585,-0.0022349,0.0655201,0.300122,0.958925,0.860895,0.0234375,-0.0703125,1.15334
160,1.03906,-0.050293,0.410156,1.23438,-0.0484023,0.480698,0.39152,0.588125,0.499179,1.28962,0.849395,0.499551,0.369169,0.00267416,0,0,0,0,0,-0.0194059,-0.00759781,0.199173,0.233328,0.980668,0.853581,0.0390625,-0.050293,1.05662
161,1.07812,-0.0585938,-0.941406,0.310547,-0.0543478,0.478329,0.403034,0.608106,0.53223,0.979693,0.655307,0.398496,1.68933,0.00525259,0,0,0,0,0,-0.00415155,-0.00167321,0.0552296,0.358019,0.935856,0.872578,0.078125,-0.0585938,1.22616
162,0.992188,0.118164,0.871094,0.800781,0.119094,0.5474,0.456952,0.620018,0.593227,1.20944,0.742353,0.460272,0.973437,0.00385437,0,0,0,0,0,-0.011139,-0.00509,0.130811,0.307623,0.955972,0.863696,-0.0078125,0.118164,0.919195
163,1.0625,-0.032959,-1.49219,0.613281,-0.0310202,0.487627,0.409586,0.607578,0.536911,1.36161,0.699915,0.425253,1.90543,0.00567467,0,0,0,0,0,-0.0249278,-0.0102101,0.310488,0.239787,0.979081,0.852205,0.0625,-0.032959,0.851364
164,1.09375,0.0893555,1.35156,0.554688,0.0816964,0.532556,0.483274,0.668554,0.680519,1.12984,0.714202,0.477483,1.81473,0.00549752,0,0,0,0,0,-0.0490644,-0.0237116,0.598897,0.250623,0.975425,0.855983,0.09375,0.0893555,0.835128
165,0.992188,0.0107422,0.0288086,0.71875,0.0108268,0.504319,0.403241,0.581567,0.500824,1.34216,0.6204,0.360804,0.0339808,0.00201949,0,0,0,0,0,-0.0105584,-0.00425757,0.148365,0.238125,0.979417,0.853083,-0.0078125,0.0107422,0.918383
166,1.04688,-0.0849609,-1.57031,0.519531,-0.0811567,0.467659,0.377319,0.581275,0.48025,1.11265,0.872727,0.507294,2.17861,0.00620823,0,0,0,0,0,0.00853938,0.00322207,0.0853011,0.360769,0.93492,0.869888,0.046875,-0.0849609,1.12416
167,1.01562,-0.00101471,0.859375,0.445312,-0.000999099,0.499601,0.406761,0.591157,0.514921,1.1285,0.581438,0.343721,1.28781,0.00446837,0,0,0,0,0,-0.0144027,-0.00585845,0.215947,0.20178,0.989123,0.850998,0.015625,-0.00101471,0.951904
168,1.03125,0.0541992,-1.17188,0.933594,0.0525568,0.520957,0.440633,0.619577,0.578033,1.2404,0.507082,0.314176,1.21284,0.00432195,0,0,0,0,0,-0.0226627,-0.00998595,0.389619,0.175905,0.99514,0.849382,0.03125,0.0541992,0.661394
169,0.980469,-0.0976562,-0.326172,0.324219,-0.0996016,0.46033,0.344342,0.538577,0.408637,1.20675,0.730898,0.393645,0.572832,0.00307194,0,0,0,0,0,0.0224093,0.00771648,0.267288,0.317055,0.951995,0.86942,-0.0195312,-0.0976562,1.05045
170,0.941406,-0.0722656,0.122559,0.416016,-0.0767635,0.469406,0.341373,0.524058,0.391173,1.18055,0.803356,0.421005,0.190015,0.00232425,0,0,0,0,0,0.0265399,0.00906,0.288003,0.333061,0.945559,0.874769,-0.0585938,-0.0722656,0.984289
171,1.03906,0.0349121,-0.835938,0.417969,0.0335996,0.513402,0.434123,0.617305,0.569528,1.1629,0.621655,0.383751,1.29301,0.00447854,0,0,0,0,0,-0.0230516,-0.0100072,0.323265,0.267423,0.970272,0.856502,0.0390625,0.0349121,1.10975
172,0.9375,0.020874,1.50781,0.302734,0.0222656,0.508882,0.386377,0.553244,0.455366,1.04091,0.513746,0.284227,2.74042,0.0073055,0,0,0,0,0,-0.0167451,-0.00646992,0.284149,0.25307,0.974252,0.859309,-0.0625,0.020874,0.819407
173,1.0625,0.0544434,1.42188,0.757812,0.0512408,0.520433,0.453287,0.637855,0.612328,1.31798,0.610951,0.389698,1.63335,0.00514327,0,0,0,0,0,-0.020048,-0.00908751,0.28607,0.314788,0.954369,0.854808,0.0625,0.0544434,0.984756
174,1.05469,-0.019043,-2.04688,0.375,-0.0180556,0.492797,0.413411,0.60774,0.540256,1.13191,0.66054,0.401437,3.34253,0.00848151,0,0,0,0,0,-0.004866,-0.00201166,0.0642213,0.268774,0.969992,0.855431,0.0546875,-0.019043,0.911
175,1.0625,0.0109253,0.205078,0.382812,0.0102826,0.504102,0.431528,0.62258,0.573823,1.16444,0.745358,0.464045,0.331456,0.0026005,0,0,0,0,0,0.00948361,0.00409244,0.110921,0.372929,0.930828,0.856545,0.0625,0.0109253,1.32194
176,1.03125,0.0405273,1.03125,0.378906,0.0392992,0.515674,0.433797,0.614734,0.566078,1.23043,0.574637,0.353249,1.67532,0.00522524,0,0,0,0,0,-0.0204415,-0.00886745,0.310117,0.252962,0.975108,0.853348,0.03125,0.0405273,0.800673
177,0.976562,-0.11377,1.14844,0.462891,-0.1165,0.453628,0.334719,0.531194,0.394204,1.24853,0.932647,0.495416,1.68798,0.00524997,0,0,0,0,0,0.0416092,0.0139274,0.388937,0.368965,0.931742,0.866332,-0.0234375,-0.11377,1.33394
178,1.01562,0.0737305,0.228516,0.652344,0.0725962,0.528936,0.444133,0.617468,0.578521,1.14876,0.65,0.401354,0.282929,0.00250572,0,0,0,0,0,-0.0248342,-0.0110297,0.333076,0.31455,0.952815,0.87036,0.015625,0.0737305,0.836984
179,0.921875,-0.0737305,0.972656,0.8125,-0.0799788,0.468127,0.332809,0.512221,0.373132,1.6263,0.770761,0.3948,1.07907,0.00406067,0,0,0,0,0,0.00961419,0.00319969,0.108743,0.184571,0.992448,0.854538,-0.078125,-0.0737305,1.06478
180,0.964844,-0.0240479,-0.699219,0.435547,-0.0249241,0.490058,0.374881,0.553721,0.447142,1.29268,0.505779,0.280061,1.05949,0.00402244,0,0,0,0,0,-0.0188787,-0.00707727,0.325401,0.241124,0.978797,0.851583,-0.0351562,-0.0240479,1.08445
181,0.976562,-0.0205078,-0.0415039,0.585938,-0.021,0.491623,0.38135,0.561745,0.460986,1.18855,0.667064,0.37472,0.0542205,0.00205902,0,0,0,0,0,0.00143633,0.000547746,0.0187713,0.247565,0.974984,0.86598,-0.0234375,-0.0205078,1.22841
182,0.933594,-0.0510254,1.70312,0.644531,-0.0546548,0.478207,0.348861,0.52649,0.398895,1.33554,0.782839,0.412157,2.12141,0.0060965,0,0,0,0,0,0.0139332,0.00486075,0.155162,0.22044,0.983055,0.86062,-0.0664062,-0.0510254,1.12109
183,1.03906,0.0703125,-0.298828,0.248047,0.0676692,0.526976,0.451823,0.629879,0.600891,0.935921,0.549987,0.346425,0.600005,0.00312501,0,0,0,0,0,-0.0308049,-0.0139183,0.488286,0.368007,0.932528,0.861552,0.0390625,0.0703125,0.768782
184,1.02344,-0.0874023,-1.07031,0.621094,-0.0854008,0.465971,0.3667,0.566854,0.455792,1.10836,0.747396,0.423664,1.3581,0.00460567,0,0,0,0,0,0.0178663,0.00655156,0.208396,0.389715,0.922608,0.867087,0.0234375,-0.0874023,1.19483
185,0.980469,0.034668,-0.839844,0.318359,0.0353586,0.514103,0.410504,0.583102,0.508521,1.00849,0.84688,0.493817,1.48847,0.00486029,0,0,0,0,0,0.00205923,0.000845324,0.0211978,0.339116,0.942543,0.884339,-0.0195312,0.034668,1.10741
186,1.05469,0.0991211,-0.640625,0.283203,0.0939815,0.537438,0.472493,0.649376,0.644938,1.04601,0.548068,0.355902,1.2038,0.0043043,0,0,0,0,0,-0.0322623,-0.0152437,0.513177,0.28669,0.96441,0.853606,0.0546875,0.0991211,0.786842
187,1.04688,-0.0273438,0.296875,0.835938,-0.0261194,0.489581,0.406127,0.600375,0.52539,1.34163,0.701949,0.421433,0.324703,0.00258731,0,0,0,0,0,-0.021273,-0.00863953,0.264198,0.253342,0.974907,0.85397,0.046875,-0.0273438,0.936238
188,1.01562,-0.00466919,-0.84375,1.36719,-0.00459736,0.498166,0.404933,0.589901,0.511955,1.48246,0.455074,0.268449,0.721605,0.00336251,0,0,0,0,0,-0.0132034,-0.00534649,0.252935,0.157443,0.998893,0.84864,0.015625,-0.00466919,0.589309
189,1.00781,-0.0688477,0.12793,0.535156,-0.068314,0.472768,0.369711,0.563808,0.454565,1.12144,0.877579,0.494786,0.174876,0.00229468,0,0,0,0,0,0.0148299,0.00548279,0.147319,0.289171,0.961073,0.875743,0.0078125,-0.0688477,1.10893
190,1.03125,0.00787354,-1.34375,0.613281,0.00763494,0.503046,0.41747,0.603324,0.538281,1.05007,0.510435,0.307958,1.71589,0.00530447,0,0,0,0,0,-0.0208155,-0.00868988,0.355512,0.218166,0.985366,0.849198,0.03125,0.00787354,0.673634
191,1.10938,-0.0324707,-1.64844,0.449219,-0.0292694,0.488325,0.428627,0.635038,0.586994,1.32168,0.744224,0.472611,2.45948,0.0067568,0,0,0,0,0,-0.000238117,-0.000102063,0.00278929,0.387857,0.92431,0.855156,0.109375,-0.0324707,1.323
192,1.02344,-0.0252686,-0.578125,0.699219,-0.0246899,0.490151,0.397767,0.587429,0.503291,1.35223,0.667708,0.392231,0.691377,0.00330347,0,0,0,0,0,-0.0118011,-0.00469407,0.154078,0.266527,0.970769,0.854881,0.0234375,-0.0252686,0.75998
193,1.04688,0.0722656,-0.777344,0.455078,0.0690299,0.527517,0.455932,0.635126,0.611259,1.04214,0.58709,0.372876,1.15231,0.00420373,0,0,0,0,0,-0.0391515,-0.0178504,0.581368,0.209949,0.98728,0.850169,0.046875,0.0722656,0.633277
194,1.10156,-0.032959,-0.0245361,0.265625,-0.0299202,0.488065,0.42525,0.630324,0.578145,1.15385,0.767003,0.48346,0.0476071,0.00204611,0,0,0,0,0,0.0198442,0.00843874,0.22555,0.38541,0.924442,0.868452,0.101562,-0.032959,1.63902
195,0.945312,-0.0134888,0.703125,0.294922,-0.0142691,0.494308,0.372328,0.545934,0.436672,1.08365,0.68582,0.374413,1.29473,0.00448189,0,0,0,0,0,-3.02164e-05,-1.12504e-05,0.000384096,0.299965,0.958521,0.865021,-0.0546875,-0.0134888,1.17621
196,1.125,0.0235596,-0.460938,0.474609,0.0209418,0.508354,0.462907,0.663373,0.654347,1.05525,0.696803,0.46224,0.669074,0.00325991,0,0,0,0,0,-0.0112056,-0.00518717,0.140195,0.36837,0.932936,0.855058,0.125,0.0235596,0.84216
197,0.996094,-0.0222168,0.169922,0.396484,-0.0223039,0.491103,0.388328,0.57254,0.4786,1.25905,0.72295,0.413917,0.269859,0.00248019,0,0,0,0,0,0.00325354,0.00126344,0.0392332,0.287815,0.963564,0.857298,-0.00390625,-0.0222168,1.02334
198,1.03906,-0.013916,1.07812,0.392578,-0.0133929,0.494657,0.409709,0.600387,0.528326,1.12824,0.798801,0.47959,1.7207,0.00531387,0,0,0,0,0,0.00762166,0.00312266,0.0831798,0.319555,0.950507,0.87581,0.0390625,-0.013916,1.43933
199,0.921875,-0.0825195,1.15625,0.330078,-0.0895127,0.464337,0.328414,0.509377,0.367321,1.16537,0.581963,0.296438,2.01253,0.00588386,0,0,0,0,0,0.0116251,0.00381786,0.174144,0.218294,0.983672,0.860128,-0.078125,-0.0825195,0.97543
200,1.21094,0.0981445,-1.70312,0.683594,0.0810484,0.532298,0.534661,0.739902,0.833317,1.31582,0.831996,0.615595,2.05991,0.00597638,0,0,0,0,0,-0.0237683,-0.012708,0.249048,0.430272,0.904378,0.849297,0.210938,0.0981445,1.48114
201,1.02344,0.00250244,1.09375,0.664062,0.00244513,0.500975,0.411652,0.596919,0.525769,1.36616,0.596825,0.356256,1.34219,0.00457459,0,0,0,0,0,-0.0142171,-0.00585249,0.207668,0.185413,0.993185,0.84898,0.0234375,0.00250244,0.671567
202,1.02344,0.00350952,0.196289,0.458984,0.00342915,0.501368,0.412156,0.597266,0.526599,0.99513,0.650351,0.388432,0.289732,0.00251901,0,0,0,0,0,-0.00738766,-0.00304487,0.0990299,0.311464,0.955545,0.855164,0.0234375,0.00350952,0.924973
203,0.988281,-0.102539,0.648438,0.5625,-0.103755,0.458682,0.345034,0.541559,0.412334,1.1254,0.736305,0.398753,0.864583,0.00364176,0,0,0,0,0,0.0174162,0.00600916,0.206206,0.267878,0.970291,0.855296,-0.0117188,-0.102539,1.05779
204,0.929688,0.00872803,2.17188,0.75,0.00938813,0.503745,0.377171,0.54447,0.438705,1.49878,0.500276,0.272385,2.50787,0.0068513,0,0,0,0,0,-0.0217722,-0.00821183,0.379402,0.200322,0.989556,0.850453,-0.0703125,0.00872803,0.771702
205,1.07031,0.0292969,0.585938,0.304688,0.0273723,0.510919,0.443846,0.633532,0.598362,1.22941,0.740654,0.469228,1.06151,0.00402639,0,0,0,0,0,-0.00919126,-0.00407951,0.108185,0.280205,0.966551,0.853703,0.0703125,0.0292969,1.2085
206,1.00781,-0.0194092,0.628906,0.980469,-0.0192587,0.492317,0.394431,0.580317,0.492344,1.24566,0.710804,0.412492,0.635139,0.00319363,0,0,0,0,0,-0.000225067,-8.87734e-05,0.00276038,0.238917,0.978484,0.858015,0.0078125,-0.0194092,1.00187
207,0.996094,0.00497437,0.394531,0.734375,0.00499387,0.501992,0.401923,0.581847,0.500088,1.17068,0.592091,0.344506,0.460386,0.00285232,0,0,0,0,0,-0.00838029,-0.00336823,0.123389,0.202859,0.98851,0.853222,-0.00390625,0.00497437,0.837128
208,1.10938,0.048584,-1.11719,0.667969,0.043794,0.517466,0.469154,0.663067,0.659763,1.23395,0.626863,0.415652,1.36694,0.00462292,0,0,0,0,0,-0.0144961,-0.00680088,0.201597,0.28985,0.963549,0.852013,0.109375,0.048584,1.38704
209,1.02344,0.0927734,-1.40625,0.490234,0.0906489,0.536114,0.456788,0.628895,0.604164,1.12445,0.540744,0.340072,2.00845,0.00587588,0,0,0,0,0,-0.0301917,-0.0137912,0.486745,0.212786,0.986695,0.849416,0.0234375,0.0927734,0.704002
210,0.9375,-0.00680542,0.3125,0.435547,-0.00725911,0.497104,0.372537,0.543669,0.434359,1.31006,0.746744,0.405981,0.473514,0.00287796,0,0,0,0,0,0.000272901,0.000101666,0.00318597,0.255118,0.973605,0.859621,-0.0625,-0.00680542,1.18381
211,1.00781,-0.0393066,-0.898438,0.182617,-0.0390019,0.484444,0.384482,0.573602,0.476845,1.12088,0.755193,0.43318,2.10241,0.00605939,0,0,0,0,0,0.0276993,0.0106499,0.319755,0.386702,0.922989,0.884951,0.0078125,-0.0393066,1.21377
212,1.08594,0.060791,0.267578,0.539062,0.0559802,0.522321,0.465859,0.653757,0.644422,1.29459,0.771058,0.504085,0.364444,0.00266493,0,0,0,0,0,-0.0270492,-0.0126011,0.305826,0.24054,0.978266,0.85635,0.0859375,0.060791,1.28181
213,0.988281,0.0820312,1.36719,0.511719,0.083004,0.533076,0.437319,0.604554,0.556733,1.26874,0.660441,0.399272,1.91123,0.00568599,0,0,0,0,0,-0.0329445,-0.0144072,0.434866,0.205979,0.98782,0.852855,-0.0117188,0.0820312,0.780385
214,1.07812,-0.126953,0.236328,0.40625,-0.117754,0.453131,0.368854,0.586012,0.479464,0.996479,0.797125,0.467125,0.370782,0.00267731,0,0,0,0,0,0.0075147,0.00277183,0.0821849,0.582082,0.816437,0.889844,0.078125,-0.126953,1.12182
215,0.96875,-0.0300293,-0.225586,0.396484,-0.030998,0.487636,0.373456,0.553975,0.446358,1.07342,0.627962,0.347875,0.358261,0.00265285,0,0,0,0,0,-0.0107377,-0.00401006,0.149068,0.252343,0.974919,0.85599,-0.03125,-0.0300293,1.19944
216,0.933594,-0.0179443,1.50781,0.462891,-0.0192207,0.492333,0.365401,0.537593,0.422524,1.25811,0.593962,0.31931,2.2162,0.00628163,0,0,0,0,0,-0.0186267,-0.00680622,0.273391,0.287294,0.963322,0.860725,-0.0664062,-0.0179443,0.989552
217,1,0.0603027,1.21094,0.605469,0.0603027,0.524043,0.431154,0.603563,0.550181,1.2487,0.601751,0.363194,1.55624,0.00499265,0,0,0,0,0,-0.0226679,-0.00977336,0.328399,0.213871,0.986017,0.851965,0,0.0603027,0.666121
218,1.10938,0.120605,-1.54688,1.30469,0.108715,0.543286,0.505165,0.689016,0.729935,1.33417,0.791064,0.545056,1.35426,0.00459816,0,0,0,0,0,-0.0358298,-0.0181,0.394857,0.224117,0.983,0.854483,0.109375,0.120605,1.10861
219,1.00781,0.0152588,-0.206055,0.648438,0.0151405,0.50604,0.411765,0.592235,0.520293,1.06361,0.472909,0.280074,0.255887,0.0024529,0,0,0,0,0,-0.0213029,-0.00877177,0.392706,0.163452,0.997617,0.849441,0.0078125,0.0152588,0.644151
220,0.976562,0.0380859,2.64062,0.474609,0.039,0.515555,0.410647,0.582032,0.507392,1.43825,0.677084,0.394084,3.833,0.00943945,0,0,0,0,0,-0.0180534,-0.00741357,0.232447,0.206993,0.98716,0.855515,-0.0234375,0.0380859,1.06574
221,0.972656,0.00622559,0.365234,0.192383,0.0064006,0.502553,0.39315,0.568629,0.477906,0.966437,0.782532,0.44497,0.8327,0.00357949,0,0,0,0,0,-0.0126167,-0.00496026,0.140556,0.319952,0.950339,0.876088,-0.0273438,0.00622559,1.16773
222,0.953125,0.0270996,-0.392578,0.726562,0.0284324,0.511341,0.395755,0.564521,0.475306,1.21851,0.595747,0.336312,0.460564,0.00285266,0,0,0,0,0,-0.0283271,-0.0112106,0.414522,0.221648,0.983979,0.852285,-0.046875,0.0270996,0.792059
223,1.0625,-0.0483398,0.363281,0.298828,-0.0454963,0.481856,0.401895,0.60242,0.52443,0.922008,0.680284,0.409817,0.664557,0.00325109,0,0,0,0,0,0.00616686,0.00247843,0.0790279,0.431625,0.902335,0.879782,0.0625,-0.0483398,1.08356
224,0.964844,0.0583496,0.219727,0.373047,0.0604757,0.524112,0.416079,0.582403,0.512316,1.11625,0.694959,0.404747,0.35975,0.00265576,0,0,0,0,0,0.00191302,0.000795968,0.0239976,0.302497,0.957689,0.864557,-0.0351562,0.0583496,0.979896
225,1,-0.012085,0.176758,0.394531,-0.012085,0.495179,0.39496,0.578262,0.490381,1.10311,0.508088,0.293808,0.281409,0.00250275,0,0,0,0,0,-0.00203414,-0.000803403,0.0349018,0.260649,0.972958,0.852188,0,-0.012085,0.756759
226,1.07812,-0.046875,-0.621094,0.408203,-0.0434783,0.48266,0.408893,0.612006,0.541744,1.07864,0.866135,0.530079,0.972118,0.00385179,0,0,0,0,0,0.00793638,0.00324513,0.079881,0.351146,0.938305,0.877318,0.078125,-0.046875,1.01004
227,0.992188,0.026123,0.3125,0.435547,0.0263287,0.510502,0.410931,0.586926,0.513346,1.25244,0.618757,0.363165,0.473514,0.00287796,0,0,0,0,0,-0.00895503,-0.0036799,0.126169,0.265393,0.970604,0.858775,-0.0078125,0.026123,0.906837
228,0.992188,-0.0155029,1.34375,0.792969,-0.015625,0.493767,0.390118,0.572547,0.480002,1.19891,0.571812,0.327389,1.509,0.0049004,0,0,0,0,0,-0.0106824,-0.00416738,0.162862,0.307816,0.956799,0.855727,-0.0078125,-0.0155029,0.709967
229,0.988281,0.0490723,-1.35156,0.824219,0.0496542,0.519801,0.420839,0.592742,0.528449,1.35967,0.539299,0.319665,1.48873,0.00486079,0,0,0,0,0,-0.00206315,-0.000868254,0.0333509,0.202186,0.989086,0.850628,-0.0117188,0.0490723,0.788112
230,0.925781,-0.0722656,1.73438,0.59375,-0.0780591,0.468891,0.335108,0.51497,0.377491,1.2364,0.62412,0.321403,2.25082,0.00634926,0,0,0,0,0,0.00195591,0.000655441,0.0273205,0.24793,0.976612,0.853159,-0.0742188,-0.0722656,0.908707
231,0.9375,-0.111816,-0.453125,0.339844,-0.119271,0.45253,0.320032,0.509129,0.361632,1.13931,0.664258,0.338193,0.777282,0.00347125,0,0,0,0,0,0.00910669,0.00291443,0.119517,0.306257,0.957249,0.856651,-0.0625,-0.111816,1.06782
232,0.929688,-0.0296631,0.664062,0.507812,-0.0319065,0.487273,0.357975,0.531353,0.410482,1.1863,0.656536,0.348852,0.931874,0.00377319,0,0,0,0,0,-0.00939088,-0.0033617,0.124697,0.216284,0.985155,0.85359,-0.0703125,-0.0296631,0.922173
233,0.976562,-0.0168457,0.245117,0.785156,-0.01725,0.493119,0.383181,0.56299,0.463785,1.40619,0.554846,0.312373,0.276628,0.00249341,0,0,0,0,0,-0.0158501,-0.00607344,0.249038,0.210321,0.987264,0.849693,-0.0234375,-0.0168457,0.704261
234,1.05469,-0.000187874,0.298828,0.19043,-0.000178132,0.499929,0.422838,0.614192,0.556024,0.905353,0.640539,0.393414,0.684785,0.0032906,0,0,0,0,0,-0.00796411,-0.00336753,0.108392,0.315176,0.953123,0.864928,0.0546875,-0.000187874,0.907426
235,0.996094,-0.00245667,-0.660156,0.320312,-0.0024663,0.499016,0.398208,0.579286,0.494142,1.07573,0.728787,0.422176,1.16643,0.00423131,0,0,0,0,0,0.00260443,0.0010371,0.0311544,0.352755,0.938329,0.868352,-0.00390625,-0.00245667,0.999317
236,0.988281,-0.0383301,-0.0456543,0.585938,-0.0387846,0.484531,0.377138,0.562557,0.458704,1.36853,0.582195,0.327518,0.0596425,0.00206961,0,0,0,0,0,0.00263515,0.000993816,0.0394588,0.190305,0.991426,0.853074,-0.0117188,-0.0383301,1.0008
237,0.992188,-0.00656128,0.757812,0.371094,-0.00661294,0.497362,0.394589,0.575602,0.487018,1.17985,0.566946,0.326335,1.244,0.00438281,0,0,0,0,0,-0.0113895,-0.00449416,0.175134,0.256138,0.974083,0.853902,-0.0078125,-0.00656128,1.03806
238,0.980469,0.0125122,-1.61719,0.515625,0.0127615,0.505091,0.399426,0.575357,0.490577,1.22484,0.578497,0.332842,2.25213,0.00635182,0,0,0,0,0,-0.0210027,-0.00838904,0.316506,0.199437,0.989371,0.852878,-0.0195312,0.0125122,0.667161
239,0.898438,-0.125977,0.050293,0.347656,-0.140217,0.444244,0.297287,0.482056,0.320757,0.932781,0.653622,0.315082,0.0852967,0.00211972,0,0,0,0,0,0.0293973,0.00873943,0.392091,0.338645,0.944482,0.86246,-0.101562,-0.125977,0.909012
240,1.04688,0.0429688,-1.75,0.644531,0.0410448,0.51637,0.441284,0.624694,0.584973,1.20716,0.532524,0.332664,2.1798,0.00621054,0,0,0,0,0,-0.0243652,-0.010752,0.398875,0.168999,0.996369,0.850382,0.046875,0.0429688,0.706215
241,0.976562,0.0649414,0.503906,0.198242,0.0665,0.52651,0.424075,0.591582,0.529808,0.866858,0.566816,0.335318,1.13175,0.00416358,0,0,0,0,0,-0.0373637,-0.015845,0.574664,0.402021,0.917192,0.863699,-0.0234375,0.0649414,0.801918
242,1.02344,-0.00671387,-0.0067749,0.386719,-0.00656011,0.497383,0.407044,0.59375,0.518224,1.01551,0.591379,0.351131,0.0108945,0.0019744,0,0,0,0,0,-0.0310714,-0.0126474,0.458039,0.297641,0.959348,0.864803,0.0234375,-0.00671387,0.827301
243,0.992188,-0.0202637,-1.5625,0.425781,-0.0204232,0.491853,0.387738,0.570927,0.476299,1.20344,0.539809,0.308192,2.39457,0.00663001,0,0,0,0,0,-0.0125787,-0.00487725,0.203144,0.197678,0.989894,0.852173,-0.0078125,-0.0202637,0.676473
244,0.964844,0.0966797,1.10156,0.859375,0.100202,0.539908,0.435244,0.596246,0.544947,1.11217,0.696495,0.415282,1.18828,0.00427398,0,0,0,0,0,-0.0157882,-0.00687174,0.197616,0.255543,0.973509,0.859397,-0.0351562,0.0966797,0.739791
245,1.04688,-0.0742188,0.302734,0.355469,-0.0708955,0.47174,0.38269,0.584775,0.488414,1.12538,0.69664,0.407378,0.507763,0.00294485,0,0,0,0,0,-0.0118068,-0.00451834,0.147751,0.334304,0.946692,0.857333,0.046875,-0.0742188,0.991322
246,1.05469,0.0234375,1.42188,0.322266,0.0222222,0.508865,0.434651,0.622383,0.576282,1.0058,0.690736,0.429902,2.50469,0.0068451,0,0,0,0,0,-0.0179111,-0.00778507,0.226056,0.327208,0.94853,0.86622,0.0546875,0.0234375,1.15412
247,0.996094,0.00393677,0.318359,0.453125,0.00395221,0.501577,0.401404,0.581488,0.499254,1.16022,0.784757,0.456327,0.472943,0.00287684,0,0,0,0,0,0.000832642,0.000334226,0.00924975,0.306172,0.956547,0.863145,-0.00390625,0.00393677,1.3037
248,1.03906,0.0605469,0.380859,0.5,0.0582707,0.523233,0.44694,0.626385,0.592114,1.14799,0.540977,0.33886,0.538616,0.00300511,0,0,0,0,0,-0.0238157,-0.0106442,0.383787,0.237982,0.979967,0.849693,0.0390625,0.0605469,0.801222
249,1.01562,0.0177002,0.601562,0.410156,0.0174279,0.506952,0.416118,0.597634,0.530321,1.09079,0.66798,0.399208,0.939304,0.0037877,0,0,0,0,0,-0.0284374,-0.0118333,0.371136,0.256165,0.973689,0.856683,0.015625,0.0177002,1.22527
250,0.980469,-0.00939941,0.851562,0.621094,-0.00958665,0.496176,0.388471,0.567806,0.473313,1.36714,0.782098,0.44408,1.08053,0.00406354,0,0,0,0,0,0.0315588,0.0122597,0.351776,0.256736,0.97319,0.859119,-0.0195312,-0.00939941,1.18307
251,0.882812,0.000429153,1.125,0.5625,0.000486121,0.500194,0.354224,0.514303,0.389983,1.20667,0.640062,0.329186,1.5,0.00488281,0,0,0,0,0,0.00575457,0.00203841,0.0783787,0.237865,0.977755,0.865575,-0.117188,0.000429153,0.859563
252,1.02344,0.0209961,0.170898,1.24219,0.0205153,0.508184,0.420899,0.603333,0.541166,1.35369,0.680597,0.410627,0.153336,0.00225261,0,0,0,0,0,-0.0169373,-0.00712887,0.21695,0.21768,0.984987,0.852384,0.0234375,0.0209961,0.891962
253,0.949219,0.0209961,-0.609375,0.785156,0.0221193,0.508824,0.391137,0.560111,0.466712,1.16169,0.731744,0.409858,0.687712,0.00329631,0,0,0,0,0,0.00529882,0.00207256,0.0631286,0.214623,0.985437,0.85448,-0.0507812,0.0209961,1.0088
254,0.980469,0.0859375,0.160156,0.574219,0.0876494,0.534922,0.436139,0.601424,0.551928,1.11923,0.644653,0.38771,0.211351,0.00236592,0,0,0,0,0,-0.0169374,-0.00738706,0.229049,0.310212,0.9555,0.859523,-0.0195312,0.0859375,0.991505
255,1.03125,0.0400391,-1.39062,0.225586,0.0388258,0.515485,0.433553,0.614562,0.565655,1.03104,0.539092,0.331306,2.92789,0.00767165,0,0,0,0,0,-0.0264666,-0.0114747,0.427998,0.349112,0.941247,0.852784,0.03125,0.0400391,0.809595
256,1.09375,-0.000751495,-0.835938,0.503906,-0.000687081,0.499726,0.438221,0.636748,0.597486,1.19234,0.611983,0.389679,1.1776,0.00425313,0,0,0,0,0,-0.0261951,-0.0114792,0.373154,0.289292,0.963521,0.853687,0.09375,-0.000751495,1.09904
257,1.00781,-0.0354004,0.515625,0.210938,-0.035126,0.48599,0.386435,0.574913,0.479857,0.990392,0.876447,0.50388,1.12268,0.00414586,0,0,0,0,0,0.00695603,0.00268805,0.0691899,0.386291,0.922696,0.898441,0.0078125,-0.0354004,1.33294
258,1.27344,-0.0668945,0.388672,0.675781,-0.0525307,0.479053,0.477204,0.719038,0.744739,1.31883,0.973716,0.700139,0.472803,0.00287657,0,0,0,0,0,-0.0170826,-0.0081519,0.152943,0.356949,0.935711,0.881232,0.273438,-0.0668945,1.54898
259,1.01562,0.108398,0.116211,0.478516,0.106731,0.542499,0.461467,0.630051,0.609917,0.896231,0.698915,0.440352,0.167996,0.00228124,0,0,0,0,0,-0.0168615,-0.00778103,0.210319,0.497502,0.867604,0.883261,0.015625,0.108398,0.876826
260,0.984375,-0.0336914,-0.746094,0.683594,-0.0342262,0.486348,0.377891,0.56184,0.458466,1.31342,0.71936,0.404165,0.90239,0.00371561,0,0,0,0,0,-0.00506431,-0.00191376,0.0613735,0.260708,0.971967,0.85932,-0.015625,-0.0336914,1.22549
261,1.125,-0.0072937,0.847656,0.703125,-0.00648329,0.497414,0.447481,0.652701,0.626258,1.39436,0.7162,0.467465,1.01089,0.00392752,0,0,0,0,0,-0.0162828,-0.00728626,0.198199,0.286272,0.964715,0.852347,0.125,-0.0072937,0.982371
262,1.0625,0.0144043,-0.464844,0.558594,0.013557,0.505408,0.433267,0.623787,0.576831,1.44057,0.691733,0.431494,0.621955,0.00316788,0,0,0,0,0,-0.00993889,-0.0043062,0.125258,0.250606,0.975923,0.852513,0.0625,0.0144043,1.15345
263,0.988281,0.0515137,-0.339844,0.523438,0.0521245,0.520785,0.42206,0.593609,0.530507,1.2599,0.517035,0.306917,0.469728,0.00287056,0,0,0,0,0,-0.0313763,-0.0132427,0.52904,0.227112,0.982827,0.850432,-0.0117188,0.0515137,0.685828
264,0.964844,-0.0319824,-0.134766,1.14062,-0.0331478,0.486778,0.370913,0.551043,0.441225,1.35906,0.465659,0.256598,0.126185,0.00219958,0,0,0,0,0,-0.0242096,-0.00897966,0.453238,0.239134,0.979702,0.849315,-0.0351562,-0.0319824,0.654813
265,1.02344,0.00830078,-0.404297,0.53125,0.00811069,0.503236,0.414551,0.598922,0.53056,1.09007,0.63749,0.381806,0.554691,0.00303651,0,0,0,0,0,-0.0146028,-0.0060536,0.199696,0.267613,0.969787,0.859772,0.0234375,0.00830078,0.800215
266,0.964844,0.0471191,0.275391,0.863281,0.048836,0.519475,0.410464,0.578405,0.503033,1.18854,0.587416,0.339764,0.296396,0.00253202,0,0,0,0,0,-0.0133057,-0.0054615,0.197468,0.233596,0.980495,0.854253,-0.0351562,0.0471191,0.974351
267,0.980469,-0.0269775,-1.66406,0.675781,-0.0275149,0.489025,0.379682,0.561829,0.45981,1.30446,0.553707,0.311089,2.02426,0.00590676,0,0,0,0,0,-0.00655626,-0.00248929,0.103224,0.192035,0.991344,0.851202,-0.0195312,-0.0269775,0.831978
268,1.01562,0.0578613,0.0539551,0.726562,0.0569712,0.522716,0.436199,0.611786,0.564551,1.19912,0.580863,0.355364,0.0632989,0.00207676,0,0,0,0,0,-0.0370929,-0.0161799,0.556702,0.26419,0.972193,0.849902,0.015625,0.0578613,0.760519
269,1.01562,-0.0142822,-0.953125,0.78125,-0.0140625,0.49439,0.400127,0.586612,0.504216,1.39276,0.539739,0.316617,1.07834,0.00405925,0,0,0,0,0,-0.0203992,-0.00816228,0.329486,0.176133,0.994873,0.850669,0.015625,-0.0142822,0.662911
270,1.00781,0.0427246,-0.439453,0.660156,0.0423934,0.516907,0.425497,0.601864,0.543289,1.11622,0.602192,0.362438,0.540865,0.0030095,0,0,0,0,0,-0.0322741,-0.0137326,0.467226,0.293938,0.961255,0.859222,0.0078125,0.0427246,1.07718
271,0.933594,-0.00769043,1.39062,0.285156,-0.00823745,0.496714,0.370528,0.541091,0.43007,1.23404,0.65068,0.352077,2.60417,0.00703939,0,0,0,0,0,-0.0189541,-0.00702301,0.253946,0.311979,0.954825,0.859842,-0.0664062,-0.00769043,1.00166
272,1.05469,-0.132812,0.414062,0.972656,-0.125926,0.449895,0.356526,0.57057,0.452661,1.26726,0.805199,0.459423,0.419842,0.00277313,0,0,0,0,0,-0.00950853,-0.00339004,0.102948,0.333896,0.945012,0.877674,0.0546875,-0.132812,1.31062
273,0.972656,0.0397949,0.738281,0.722656,0.0409137,0.516318,0.409935,0.58036,0.504865,1.34845,0.629751,0.365483,0.868472,0.00364936,0,0,0,0,0,-0.0309153,-0.0126733,0.427968,0.228827,0.982173,0.851689,-0.0273438,0.0397949,0.92331
274,0.949219,-0.0150757,-0.296875,0.789062,-0.0158822,0.493664,0.373101,0.547668,0.439145,1.2895,0.642883,0.352087,0.334209,0.00260588,0,0,0,0,0,-0.0110053,-0.00410609,0.149237,0.21519,0.985558,0.852777,-0.0507812,-0.0150757,0.723947
275,1.0625,0.00970459,0.324219,0.894531,0.00913373,0.503644,0.430917,0.622158,0.57277,1.30972,0.675175,0.420065,0.3428,0.00262266,0,0,0,0,0,-0.0113993,-0.00491215,0.147187,0.223468,0.982879,0.85643,0.0625,0.00970459,1.01364
276,1.00781,0.0458984,0.131836,0.667969,0.0455426,0.518163,0.427084,0.602987,0.545995,1.40561,0.562134,0.33896,0.161308,0.00226818,0,0,0,0,0,-0.0227874,-0.00973213,0.353395,0.186954,0.992749,0.849563,0.0078125,0.0458984,0.623896
277,1.47656,0.170898,1.26562,0.136719,0.115741,0.546071,0.677554,0.920881,1.3071,0.891095,1.2944,1.19199,3.42287,0.00863843,0,0,0,0,0,-0.0238158,-0.0161365,0.1604,0.819572,0.625213,0.875393,0.476562,0.170898,2.20925
278,0.996094,-0.203125,0.378906,0.574219,-0.203922,0.419207,0.301826,0.513077,0.354347,1.20525,0.771564,0.395872,0.500027,0.00292974,0,0,0,0,0,0.0380891,0.0114963,0.430364,0.352553,0.938171,0.871397,-0.00390625,-0.203125,1.23696
279,0.96875,0.119629,-1.42188,0.640625,0.123488,0.54914,0.448285,0.606942,0.569339,1.28616,0.703404,0.426925,1.77648,0.00542281,0,0,0,0,0,-0.00727202,-0.00325994,0.0901274,0.31987,0.951554,0.863398,-0.03125,0.119629,1.12709
280,0.945312,-0.0458984,0.292969,0.490234,-0.0485537,0.480637,0.356123,0.535014,0.413064,1.18624,0.492936,0.263728,0.418427,0.00277036,0,0,0,0,0,-0.0015823,-0.000563493,0.0279836,0.21077,0.98673,0.852344,-0.0546875,-0.0458984,0.943092
281,1.02344,0.0267334,0.71875,0.367188,0.0261212,0.51042,0.423768,0.605337,0.546012,1.11866,0.581535,0.352025,1.18613,0.00426979,0,0,0,0,0,-0.012462,-0.00528099,0.186818,0.341266,0.943989,0.856943,0.0234375,0.0267334,0.747182
282,0.984375,0.0203857,0.455078,0.785156,0.0207093,0.508261,0.40493,0.580371,0.500799,1.3529,0.58466,0.33932,0.51358,0.00295621,0,0,0,0,0,-0.0179161,-0.00725475,0.267145,0.194511,0.991066,0.84948,-0.015625,0.0203857,0.59098
283,0.902344,-0.00939941,1.14844,0.769531,-0.0104167,0.495844,0.357142,0.522306,0.400354,1.34277,0.617191,0.322362,1.30916,0.00451009,0,0,0,0,0,-0.0140814,-0.00502906,0.198899,0.213151,0.985507,0.856446,-0.0976562,-0.00939941,1.06574
284,0.96875,0.0649414,-1.48438,0.761719,0.0670363,0.526724,0.420942,0.587036,0.521803,1.51722,0.570669,0.335003,1.70077,0.00527495,0,0,0,0,0,-0.0225659,-0.00949892,0.344726,0.184334,0.993254,0.849963,-0.03125,0.0649414,0.846323
285,1.01562,0.0649414,-0.519531,0.394531,0.0639423,0.525492,0.439739,0.614315,0.570753,1.12865,0.538112,0.33057,0.827125,0.0035686,0,0,0,0,0,-0.0259751,-0.0114223,0.420815,0.325707,0.950626,0.851757,0.015625,0.0649414,0.87494
286,0.992188,0.0639648,0.289062,0.445312,0.0644685,0.525701,0.429852,0.600325,0.545163,1.11071,0.568784,0.341455,0.433171,0.00279916,0,0,0,0,0,-0.0345628,-0.0148569,0.529746,0.220965,0.984182,0.852119,-0.0078125,0.0639648,0.840324
287,0.964844,0.0322266,0.496094,0.566406,0.0334008,0.513323,0.403018,0.573145,0.490918,1.36786,0.459766,0.263513,0.659173,0.00324057,0,0,0,0,0,-0.0175426,-0.00707,0.332632,0.177209,0.994871,0.849365,-0.0351562,0.0322266,0.73246
288,1,0.0280762,-0.945312,0.345703,0.0280762,0.511199,0.41504,0.592159,0.522911,0.960012,0.568325,0.336539,1.60777,0.0050933,0,0,0,0,0,-0.0144884,-0.00601328,0.222244,0.38628,0.924667,0.859688,0,0.0280762,0.819309
289,1.04688,0.0258789,1.11719,0.621094,0.0247201,0.509861,0.432739,0.618687,0.570036,1.33269,0.635025,0.392881,1.41758,0.00472184,0,0,0,0,0,-0.0193582,-0.00837703,0.265754,0.312306,0.955571,0.852364,0.046875,0.0258789,0.842438
290,1,0.0449219,-0.326172,0.839844,0.0449219,0.517915,0.423463,0.598093,0.537037,1.28342,0.544123,0.325436,0.355916,0.00264827,0,0,0,0,0,-0.0125823,-0.00532813,0.20159,0.252088,0.975314,0.853718,0,0.0449219,0.914393
291,0.996094,0.00463867,-1.29688,0.511719,0.00465686,0.501858,0.401755,0.581731,0.499818,1.1145,0.514925,0.299548,1.81294,0.00549402,0,0,0,0,0,-0.0166911,-0.00670574,0.282584,0.255724,0.974464,0.852091,-0.00390625,0.00463867,0.804687
292,1.16406,0.0354004,-1.01562,0.236328,0.0304111,0.51213,0.484492,0.690264,0.711197,0.919473,0.787045,0.543268,2.08918,0.00603355,0,0,0,0,0,-0.0229547,-0.0111214,0.254261,0.460545,0.887847,0.868485,0.164062,0.0354004,1.00174
293,1.01562,0.00257874,-0.498047,1.42188,0.00253906,0.501013,0.408557,0.592395,0.517851,1.257,0.475416,0.281634,0.417676,0.0027689,0,0,0,0,0,-0.0217422,-0.00888292,0.39869,0.163741,0.997777,0.84821,0.015625,0.00257874,0.539207
294,1.02344,0.0220947,0.535156,1.25,0.0215887,0.508612,0.421448,0.603716,0.542092,1.53543,0.606103,0.365914,0.478658,0.002888,0,0,0,0,0,0.00168881,0.000711745,0.0242907,0.201541,0.989219,0.850756,0.0234375,0.0220947,0.886604
295,1.04688,0.0439453,-0.0336914,0.306641,0.0419776,0.516742,0.441772,0.625039,0.585836,1.2409,0.790181,0.493894,0.0608421,0.00207196,0,0,0,0,0,-0.0125651,-0.0055509,0.138626,0.322909,0.950534,0.862305,0.046875,0.0439453,1.1276
296,0.882812,0.012207,1.71094,1.09375,0.0138274,0.505516,0.360113,0.518377,0.398396,1.17212,0.708861,0.367457,1.63597,0.00514838,0,0,0,0,0,0.018004,0.0064835,0.221419,0.234978,0.978598,0.865159,-0.117188,0.012207,1.0704
297,1.44531,0.236328,0.722656,0.373047,0.163514,0.564943,0.697738,0.927087,1.34633,0.957814,1.19212,1.1052,1.18318,0.00426402,0,0,0,0,0,-0.0446739,-0.0311707,0.326695,0.812764,0.627046,0.858935,0.445312,0.236328,2.02533
298,1.07812,-0.0654297,-0.498047,0.464844,-0.0606884,0.475804,0.399616,0.605846,0.526743,0.922622,0.722464,0.437702,0.730494,0.00337987,0,0,0,0,0,-0.0172374,-0.00688832,0.207999,0.410091,0.912399,0.886964,0.078125,-0.0654297,0.780785
299,1.00781,-0.0756836,-1.30469,0.542969,-0.0750969,0.470069,0.366293,0.561572,0.449534,1.44617,0.631809,0.354806,1.77059,0.00541132,0,0,0,0,0,0.0141315,0.00517626,0.194988,0.187143,0.992106,0.853194,0.0078125,-0.0756836,1.01058
300,0.925781,0.0253906,0.275391,0.535156,0.0274262,0.51094,0.383936,0.547999,0.44771,1.19947,0.576898,0.31614,0.376451,0.00268838,0,0,0,0,0,-0.0167222,-0.00642025,0.252698,0.261753,0.971782,0.858316,-0.0742188,0.0253906,1.05444
301,0.945312,-0.0209961,-1.53906,0.298828,-0.0222107,0.49114,0.368574,0.543381,0.43111,1.0569,0.651145,0.35382,2.81544,0.00745202,0,0,0,0,0,0.0144154,0.00531314,0.192999,0.340267,0.943648,0.864566,-0.0546875,-0.0209961,0.993831
302,1.00781,-0.0708008,0.149414,0.878906,-0.0702519,0.471997,0.368735,0.563168,0.453123,1.38344,0.850263,0.47884,0.159375,0.0022644,0,0,0,0,0,0.0273716,0.0100928,0.280642,0.256843,0.972636,0.86314,0.0078125,-0.0708008,1.34053
303,0.929688,0.00442505,1.53125,0.412109,0.00475972,0.501899,0.375019,0.542982,0.435469,1.2387,0.483916,0.262757,2.38528,0.00661188,0,0,0,0,0,-0.0173435,-0.00650414,0.312445,0.209152,0.986883,0.853908,-0.0703125,0.00442505,0.856732
304,1.01562,-0.0478516,-0.347656,0.613281,-0.0471154,0.481211,0.383342,0.575295,0.477915,1.1805,0.749431,0.431144,0.443936,0.00282019,0,0,0,0,0,0.00339147,0.00130009,0.0394514,0.513393,0.85824,0.870418,0.015625,-0.0478516,1.26924
305,0.996094,0.0366211,-0.0375977,0.4375,0.0367647,0.514664,0.417746,0.592887,0.526027,1.17042,0.641655,0.380429,0.0568423,0.00206415,0,0,0,0,0,-0.0252822,-0.0105616,0.343495,0.304357,0.958181,0.854528,-0.00390625,0.0366211,1.02023
306,1,0.0185547,0.855469,0.498047,0.0185547,0.507402,0.41028,0.588832,0.515053,1.30756,0.600355,0.353508,1.21219,0.00432067,0,0,0,0,0,-0.0156424,-0.00641775,0.227144,0.1981,0.990078,0.85044,0,0.0185547,0.821385
307,1.03125,0.102539,-1.25781,0.71875,0.0994318,0.539602,0.464803,0.636993,0.621802,1.08929,0.688516,0.43858,1.48363,0.00485085,0,0,0,0,0,-0.0303389,-0.0141016,0.384143,0.386073,0.924441,0.864079,0.03125,0.102539,0.959366
308,0.980469,0.0688477,-1.08594,0.486328,0.0702191,0.52799,0.427594,0.595257,0.537167,1.08903,0.555311,0.330553,1.55718,0.0049945,0,0,0,0,0,-0.0227227,-0.00971609,0.356722,0.213496,0.985631,0.855059,-0.0195312,0.0688477,0.889669
309,0.957031,-0.0449219,0.761719,0.867188,-0.0469388,0.481281,0.361311,0.542161,0.424484,1.25033,0.538633,0.292026,0.817971,0.00355073,0,0,0,0,0,-0.00124931,-0.00045139,0.0202202,0.26214,0.972549,0.851851,-0.0429688,-0.0449219,0.949962
310,0.914062,-0.0634766,1.17188,0.820312,-0.0694444,0.472318,0.334803,0.511022,0.373236,1.34053,0.560406,0.28638,1.29387,0.00448022,0,0,0,0,0,0.0137871,0.00461595,0.214474,0.21963,0.984412,0.852864,-0.0859375,-0.0634766,0.812069
311,0.910156,-0.0712891,1.39062,0.539062,-0.0783262,0.468784,0.32933,0.506199,0.364696,1.19349,0.610274,0.30892,1.89405,0.00565243,0,0,0,0,0,0.000581741,0.000191585,0.0083102,0.259325,0.971725,0.864493,-0.0898438,-0.0712891,0.9867
312,0.984375,-0.12207,-0.036377,0.757812,-0.124008,0.450654,0.333702,0.533123,0.395576,1.36364,0.729558,0.388944,0.0417874,0.00203474,0,0,0,0,0,0.00441662,0.00147383,0.0527761,0.254888,0.974015,0.85708,-0.015625,-0.12207,1.19019
313,1.0625,-0.0488281,0.400391,0.220703,-0.0459559,0.481673,0.401651,0.602257,0.524037,1.01814,0.706318,0.425385,0.852275,0.00361772,0,0,0,0,0,0.0198511,0.00797321,0.245014,0.309934,0.954996,0.865132,0.0625,-0.0488281,1.05846
314,1.01562,-0.0717773,0.320312,0.398438,-0.0706731,0.471829,0.371379,0.567393,0.459858,1.18715,0.817663,0.463937,0.507451,0.00294424,0,0,0,0,0,0.0141194,0.00524365,0.150539,0.263657,0.971038,0.859547,0.015625,-0.0717773,1.17615
315,1.00781,0.045166,1.40625,0.824219,0.0448159,0.517873,0.426718,0.602728,0.545369,1.23753,0.889035,0.535846,1.54896,0.00497845,0,0,0,0,0,0.0119264,0.0050892,0.116949,0.299889,0.956454,0.887625,0.0078125,0.045166,1.16316
316,0.972656,-0.0317383,-0.0111694,0.332031,-0.0326305,0.486985,0.374168,0.555674,0.448776,1.00205,0.670005,0.372305,0.0193839,0.00199098,0,0,0,0,0,-0.0124146,-0.00464516,0.161533,0.249424,0.974105,0.868778,-0.0273438,-0.0317383,1.00162
317,0.980469,-0.0634766,-0.695312,0.285156,-0.064741,0.47419,0.361432,0.549661,0.43276,0.985792,0.607871,0.334123,1.30208,0.00449626,0,0,0,0,0,0.00728105,0.00263161,0.104421,0.436547,0.900577,0.860431,-0.0195312,-0.0634766,1.06189
318,1.02344,-0.0869141,-1.03906,0.5625,-0.0849237,0.466161,0.366944,0.567012,0.45615,1.26305,0.737111,0.41795,1.38542,0.00465902,0,0,0,0,0,0.0151127,0.0055455,0.178737,0.318167,0.952685,0.858667,0.0234375,-0.0869141,1.34054
319,0.8125,-0.101562,0.617188,0.796875,-0.125,0.450262,0.275033,0.439786,0.269055,0.999812,0.575627,0.253152,0.691388,0.00330349,0,0,0,0,0,0.0132774,0.00365171,0.201084,0.251968,0.974659,0.858695,-0.1875,-0.101562,0.789999
320,0.953125,0.00576782,1.67188,1.33594,0.00605149,0.502414,0.385089,0.557096,0.458649,1.47948,0.491827,0.273995,1.44647,0.00477827,0,0,0,0,0,-0.00936097,-0.00360481,0.165926,0.209701,0.987387,0.849882,-0.046875,0.00576782,0.613169
321,1.07812,0.0205078,-0.714844,0.402344,0.0190217,0.507588,0.442585,0.63501,0.599119,1.1236,0.571356,0.362817,1.12697,0.00415424,0,0,0,0,0,-0.0256278,-0.0113425,0.391031,0.234877,0.980354,0.852834,0.078125,0.0205078,0.725672
322,0.984375,-0.0307617,1.0625,0.353516,-0.03125,0.487535,0.379356,0.562827,0.460685,1.05247,0.831975,0.468258,1.787,0.00544336,0,0,0,0,0,0.00542912,0.00205957,0.0568886,0.344152,0.941745,0.868774,-0.015625,-0.0307617,1.08507
323,1.03125,0.0585938,-2.14062,0.546875,0.0568182,0.522655,0.442831,0.621142,0.581916,1.15925,0.486323,0.302075,2.89465,0.00760674,0,0,0,0,0,-0.0299243,-0.0132514,0.536422,0.176239,0.994874,0.850532,0.03125,0.0585938,0.679881
324,0.988281,-0.0708008,0.652344,0.349609,-0.0716403,0.471444,0.360903,0.551805,0.434739,0.905588,0.803818,0.443551,1.10328,0.00410796,0,0,0,0,0,-0.00413172,-0.00149115,0.0448105,0.327944,0.945969,0.896928,-0.0117188,-0.0708008,0.989192
325,0.972656,-0.0473633,-0.279297,0.394531,-0.0486948,0.480581,0.366356,0.550444,0.437205,1.23514,0.640636,0.352634,0.444657,0.0028216,0,0,0,0,0,-0.00597296,-0.00218823,0.0812803,0.316901,0.952844,0.861534,-0.0273438,-0.0473633,1.07265
326,1,0.0196533,1.58594,0.263672,0.0196533,0.50784,0.410829,0.589215,0.515955,1.12993,0.609988,0.359414,3.08855,0.00798544,0,0,0,0,0,-0.0200347,-0.00823082,0.28633,0.314647,0.952918,0.868924,0,0.0196533,1.03061
327,0.988281,0.006073,0.925781,0.476562,0.00614501,0.502451,0.39934,0.577676,0.493182,1.11442,0.506839,0.292789,1.34106,0.00457238,0,0,0,0,0,-0.0239569,-0.00956694,0.412066,0.22276,0.983613,0.852785,-0.0117188,0.006073,0.95254
328,1.07812,0.0147095,1.46875,0.625,0.0136436,0.505443,0.439685,0.632993,0.594004,1.35381,0.677808,0.429048,1.85784,0.00558172,0,0,0,0,0,-0.012711,-0.00558886,0.163486,0.285195,0.965221,0.851261,0.078125,0.0147095,0.804404
329,0.980469,-0.0368652,-4.03125,0.582031,-0.0375996,0.485003,0.374738,0.5585,0.45235,1.43818,0.645285,0.360391,5.28405,0.0122735,0,0,0,0,0,0.0112003,0.00419718,0.151316,0.252247,0.974883,0.856455,-0.0195312,-0.0368652,0.890348
330,1.03125,0.0257568,0.178711,0.296875,0.0249763,0.509963,0.426412,0.609545,0.553373,1.06282,0.643307,0.392124,0.327993,0.00259374,0,0,0,0,0,-0.00371597,-0.00158453,0.0503571,0.343569,0.94183,0.870531,0.03125,0.0257568,1.08623
331,1.0625,-0.046875,0.933594,0.597656,-0.0441176,0.482405,0.402628,0.602909,0.525608,1.2492,0.687634,0.414581,1.20763,0.00431177,0,0,0,0,0,-0.00634997,-0.00255667,0.0805046,0.227392,0.982392,0.852775,0.0625,-0.046875,1.11122
332,0.980469,-0.0751953,-0.710938,0.683594,-0.0766932,0.469434,0.355573,0.545826,0.424358,1.15714,0.603648,0.329487,0.859869,0.00363256,0,0,0,0,0,-0.0123673,-0.00439746,0.178606,0.257254,0.973423,0.856242,-0.0195312,-0.0751953,0.966857
333,1.03906,0.0366211,-1.26562,0.478516,0.0352444,0.514058,0.434977,0.617907,0.571014,1.07313,0.505009,0.312048,1.8296,0.00552657,0,0,0,0,0,-0.0262766,-0.0114297,0.453605,0.168897,0.996648,0.848887,0.0390625,0.0366211,0.539715
334,0.96875,-0.0109253,-0.353516,0.427734,-0.0112777,0.495501,0.383008,0.560459,0.46081,1.22266,0.574751,0.322124,0.540532,0.00300885,0,0,0,0,0,-0.00326127,-0.00124909,0.0494668,0.255928,0.973536,0.858337,-0.03125,-0.0109253,1.24748
335,1.05469,0.0869141,0.996094,0.470703,0.0824074,0.532839,0.466389,0.644948,0.633477,1.43344,0.671616,0.433158,1.45187,0.0047888,0,0,0,0,0,-0.0292608,-0.0136469,0.379815,0.282275,0.965671,0.855217,0.0546875,0.0869141,1.16668
336,0.917969,-0.0324707,0.515625,0.6875,-0.0353723,0.485891,0.351872,0.523585,0.397955,1.32923,0.517654,0.271036,0.621867,0.00316771,0,0,0,0,0,-0.00162416,-0.000571496,0.0273524,0.259888,0.972959,0.853833,-0.0820312,-0.0324707,0.740209
337,0.957031,-0.0375977,1.9375,0.800781,-0.0392857,0.484331,0.364973,0.544608,0.429803,1.2917,0.798749,0.435005,2.16513,0.0061819,0,0,0,0,0,0.0339205,0.0123801,0.370218,0.243894,0.975814,0.867658,-0.0429688,-0.0375977,1.03383
338,1.0625,0.0952148,-1.23438,0.470703,0.089614,0.535703,0.473672,0.6525,0.650121,1.10373,0.601566,0.392522,1.79918,0.00546714,0,0,0,0,0,-0.0360244,-0.0170638,0.522059,0.296867,0.960862,0.854157,0.0625,0.0952148,0.830022
339,0.914062,-0.111328,2.32812,1.32031,-0.121795,0.451531,0.310877,0.495676,0.342339,1.26218,0.616969,0.305817,2.02613,0.00591042,0,0,0,0,0,-0.00516691,-0.00160627,0.0730087,0.218758,0.984376,0.854564,-0.0859375,-0.111328,0.951471
340,1.08594,0.149414,0.0922852,0.451172,0.13759,0.554718,0.510171,0.686037,0.730921,1.06173,0.661936,0.454113,0.137392,0.00222147,0,0,0,0,0,-0.0458425,-0.0233875,0.603753,0.233985,0.981017,0.850087,0.0859375,0.149414,0.75788
341,0.898438,-0.0600586,0.435547,0.390625,-0.0668478,0.473351,0.330246,0.503051,0.362123,1.01853,0.676073,0.340099,0.696875,0.00331421,0,0,0,0,0,-0.00527412,-0.00174176,0.0680085,0.206781,0.985259,0.869095,-0.101562,-0.0600586,1.10822
342,0.902344,-0.0444336,1.57031,0.412109,-0.0492424,0.480363,0.339625,0.510488,0.375943,1.21551,0.578402,0.295268,2.44613,0.00673073,0,0,0,0,0,-0.00356724,-0.00121153,0.0537662,0.194016,0.990097,0.856176,-0.0976562,-0.0444336,1.07496
343,1.00781,0.0830078,0.875,0.753906,0.0823643,0.532822,0.445639,0.616268,0.578381,1.28185,0.646537,0.398441,1.00774,0.00392137,0,0,0,0,0,-0.0242627,-0.0108124,0.327154,0.264365,0.971079,0.857576,0.0078125,0.0830078,1.09739
344,1.03125,-0.0252686,-0.134766,0.261719,-0.0245028,0.490226,0.400899,0.591978,0.511159,1.02673,0.80237,0.474986,0.263428,0.00246763,0,0,0,0,0,0.0043225,0.00173289,0.0469642,0.354223,0.93777,0.867865,0.03125,-0.0252686,1.2881
345,1.04688,0.0942383,-0.196289,0.457031,0.0900187,0.535864,0.466918,0.643058,0.631536,1.15694,0.594794,0.382487,0.290351,0.00252022,0,0,0,0,0,-0.0354586,-0.0165563,0.519711,0.264675,0.971802,0.851587,0.046875,0.0942383,0.800639
346,0.925781,-0.0299072,-0.921875,0.535156,-0.0323049,0.487114,0.356287,0.528996,0.406777,1.23038,0.6099,0.322635,1.26018,0.00441441,0,0,0,0,0,-0.0205468,-0.00732054,0.293692,0.301594,0.958991,0.855926,-0.0742188,-0.0299072,1.05536
347,1,0.0322266,-0.351562,0.660156,0.0322266,0.512854,0.417116,0.593616,0.526365,0.997068,0.531605,0.315569,0.432692,0.00279823,0,0,0,0,0,-0.00665845,-0.00277735,0.109192,0.290409,0.963087,0.854119,0,0.0322266,0.73374
348,0.984375,0.0235596,0.402344,0.863281,0.0239335,0.509547,0.406516,0.58148,0.503374,1.57029,0.530501,0.308476,0.433033,0.00279889,0,0,0,0,0,-0.0291451,-0.011848,0.478945,0.204961,0.988373,0.850929,-0.015625,0.0235596,1.08069
349,1.03906,0.0683594,-1.35156,1.22656,0.0657895,0.526227,0.450846,0.629179,0.599128,1.1158,0.471115,0.296416,1.22037,0.00433666,0,0,0,0,0,-0.0286951,-0.0129371,0.53099,0.187811,0.992595,0.849353,0.0390625,0.0683594,0.758582
350,1.04688,0.0324707,0.125,0.507812,0.0310168,0.512372,0.436035,0.620997,0.575763,1.15418,0.563619,0.350006,0.175412,0.00229573,0,0,0,0,0,-0.0152635,-0.00665543,0.236089,0.309735,0.956589,0.851715,0.046875,0.0324707,0.988059
351,1.07031,0.0722656,-0.3125,0.355469,0.0675182,0.526915,0.465331,0.648765,0.637428,1.082,0.64431,0.418006,0.524142,0.00297684,0,0,0,0,0,-0.0346995,-0.0161467,0.469499,0.379068,0.928386,0.853596,0.0703125,0.0722656,0.916384
352,1,0.0424805,1.01562,0.46875,0.0424805,0.516942,0.422243,0.597229,0.534972,0.984738,0.54367,0.324696,1.48342,0.00485042,0,0,0,0,0,-0.0152756,-0.00644999,0.244945,0.20378,0.988591,0.851337,0,0.0424805,0.735664
353,1.00781,0.0062561,0.535156,0.90625,0.00620761,0.502476,0.407263,0.589114,0.512919,1.24656,0.549827,0.323911,0.562156,0.00305109,0,0,0,0,0,-0.0272377,-0.0110929,0.431869,0.198836,0.989927,0.850318,0.0078125,0.0062561,0.715772
354,1.0625,0.00848389,0.441406,0.601562,0.00798483,0.503185,0.430307,0.621735,0.571718,1.10548,0.549396,0.341579,0.569112,0.00306467,0,0,0,0,0,-0.0206346,-0.00887921,0.327429,0.322004,0.951475,0.856653,0.0625,0.00848389,0.88026
355,0.972656,0.0437012,-0.126953,0.5625,0.0449297,0.517918,0.411888,0.581742,0.508075,1.01872,0.652287,0.379463,0.169271,0.00228373,0,0,0,0,0,-0.0273949,-0.0112836,0.366132,0.292329,0.961999,0.857608,-0.0273438,0.0437012,0.851162
356,1.02344,-0.109375,-0.722656,0.419922,-0.10687,0.457446,0.355713,0.559809,0.439918,1.05234,0.723795,0.405187,1.11519,0.00413122,0,0,0,0,0,0.0171929,0.00611575,0.207081,0.339805,0.943675,0.866283,0.0234375,-0.109375,1.1911
357,1.11719,0.0639648,-1.39062,0.667969,0.0572552,0.522829,0.479977,0.673078,0.683412,1.32728,0.700257,0.471328,1.7015,0.00527637,0,0,0,0,0,-0.0124426,-0.00597216,0.154903,0.326786,0.950082,0.852895,0.117188,0.0639648,0.937409
358,0.988281,-0.052002,-1.71875,0.734375,-0.0526186,0.479018,0.370302,0.557998,0.448485,1.31465,0.669334,0.373487,2.00564,0.0058704,0,0,0,0,0,0.0139278,0.00515751,0.181405,0.234023,0.980425,0.853932,-0.0117188,-0.052002,1.03071
359,1.04688,0.0507812,-0.245117,0.351562,0.0485075,0.519344,0.44519,0.627459,0.591899,0.910908,0.623684,0.391336,0.413402,0.00276055,0,0,0,0,0,-0.0235457,-0.0104823,0.32912,0.264955,0.970548,0.860254,0.046875,0.0507812,0.765859
360,1.07812,-0.0263672,-0.441406,0.458984,-0.0244565,0.490244,0.419147,0.618903,0.558726,1.14384,0.669147,0.414137,0.651538,0.00322566,0,0,0,0,0,-0.0250243,-0.0104889,0.326023,0.332805,0.947713,0.85327,0.078125,-0.0263672,1.00617
361,0.972656,-0.0461426,-0.9375,0.632812,-0.0474398,0.481081,0.366966,0.55085,0.4381,1.2574,0.615037,0.338793,1.17851,0.0042549,0,0,0,0,0,0.0208246,0.00764194,0.295177,0.268598,0.970201,0.854293,-0.0273438,-0.0461426,0.768774
362,1.10938,0.0981445,1.19531,0.480469,0.0884683,0.535248,0.493934,0.680825,0.707494,1.24236,0.849863,0.578608,1.72444,0.00532118,0,0,0,0,0,-0.00901438,-0.00445251,0.0924685,0.540814,0.841242,0.854177,0.109375,0.0981445,1.01479
363,0.984375,-0.00662231,-0.546875,0.722656,-0.00672743,0.497316,0.391426,0.571031,0.479291,1.13623,0.814192,0.464929,0.643313,0.0032096,0,0,0,0,0,0.0153749,0.00601814,0.164624,0.313716,0.953016,0.871424,-0.015625,-0.00662231,1.18071
364,1.03906,0.050293,1.91406,0.660156,0.0484023,0.519302,0.441813,0.622738,0.583001,1.30973,0.559778,0.348595,2.35577,0.00655424,0,0,0,0,0,-0.0220872,-0.00975841,0.343979,0.226884,0.983045,0.849426,0.0390625,0.050293,0.808108
365,1.14062,0.0561523,1.14062,0.310547,0.0492295,0.519632,0.485469,0.683942,0.703457,1.33964,0.689049,0.471269,2.04682,0.00595082,0,0,0,0,0,-0.0365839,-0.0177604,0.462857,0.288241,0.964424,0.84955,0.140625,0.0561523,1.16063
366,1.00781,0.0306396,-0.11377,1.03906,0.0304021,0.512127,0.419455,0.597608,0.533078,1.30159,0.656211,0.392157,0.111611,0.00217111,0,0,0,0,0,-0.0129449,-0.00542979,0.171973,0.214452,0.985934,0.85156,0.0078125,0.0306396,1.22314
367,1.05469,0.106445,-0.214844,1.15625,0.100926,0.540195,0.476155,0.652045,0.651886,1.21646,0.7535,0.491316,0.199801,0.00234336,0,0,0,0,0,-0.0287437,-0.0136865,0.332558,0.322707,0.950367,0.864711,0.0546875,0.106445,1.12452
368,0.964844,-0.0194092,2.64062,0.259766,-0.0201164,0.491975,0.3772,0.555294,0.450631,1.12119,0.632821,0.351402,5.18103,0.0120723,0,0,0,0,0,-0.0109214,-0.00411954,0.150454,0.251356,0.975137,0.856511,-0.0351562,-0.0194092,0.812865
369,1.00781,0.0683594,2.23438,0.484375,0.0678295,0.527039,0.438315,0.610993,0.565432,1.40218,0.546014,0.333611,3.21044,0.00822352,0,0,0,0,0,-0.0242897,-0.0106465,0.387815,0.243582,0.977873,0.853103,0.0078125,0.0683594,0.957907
370,1.11719,0.0373535,2.42188,0.582031,0.0334353,0.513336,0.466672,0.663655,0.65822,1.41409,0.831418,0.551774,3.17452,0.00815337,0,0,0,0,0,-0.0268839,-0.012546,0.28189,0.317518,0.95225,0.865089,0.117188,0.0373535,1.4191
371,0.96875,-0.0175781,-0.972656,0.839844,-0.0181452,0.492762,0.379682,0.558191,0.455736,1.16203,0.502052,0.280241,1.06135,0.00402608,0,0,0,0,0,-0.00907107,-0.00344412,0.157513,0.237996,0.979641,0.851816,-0.03125,-0.0175781,0.744404
372,1.05469,0.0334473,1.36719,0.349609,0.031713,0.51265,0.439656,0.625889,0.585034,0.834378,0.597613,0.374039,2.31226,0.00646926,0,0,0,0,0,-0.0220602,-0.00969889,0.321808,0.438415,0.899166,0.872571,0.0546875,0.0334473,0.994662
373,1.00781,-0.0212402,1.46875,0.447266,-0.0210756,0.491593,0.393515,0.579695,0.490901,1.107,0.660478,0.382876,2.19617,0.00624251,0,0,0,0,0,-0.0268332,-0.0105593,0.354177,0.277674,0.966573,0.859963,0.0078125,-0.0212402,1.11893
374,1.22656,0.0859375,-1.09375,0.455078,0.0700637,0.527929,0.534823,0.744595,0.840458,1.14757,0.910683,0.678091,1.62134,0.00511981,0,0,0,0,0,-0.0233692,-0.0124984,0.223709,0.366787,0.933818,0.852889,0.226562,0.0859375,1.33769
375,1.07812,-0.0119629,2.21875,0.417969,-0.011096,0.495573,0.426349,0.623803,0.570904,1.29263,0.758282,0.473019,3.43191,0.00865608,0,0,0,0,0,-0.00270814,-0.00115461,0.0311349,0.345013,0.941765,0.864596,0.078125,-0.0119629,1.13971
376,1.0625,0.0495605,0.227539,0.949219,0.0466452,0.518602,0.450845,0.636122,0.607913,1.13111,0.616627,0.39225,0.233546,0.00240927,0,0,0,0,0,-0.03725,-0.016794,0.526636,0.226162,0.98279,0.852309,0.0625,0.0495605,0.838988
377,1.04688,-0.0393066,0.0534668,0.460938,-0.0375466,0.485025,0.400146,0.596345,0.515744,0.961697,0.57119,0.340626,0.0787523,0.00210694,0,0,0,0,0,-0.00212981,-0.000852233,0.0325062,0.307213,0.956725,0.858225,0.046875,-0.0393066,1.09961
378,0.914062,-0.043457,0.22168,0.492188,-0.0475427,0.48104,0.344813,0.517635,0.386842,1.20825,0.657581,0.340387,0.315981,0.00257027,0,0,0,0,0,-0.00429851,-0.00148218,0.0569869,0.288576,0.963663,0.854475,-0.0859375,-0.043457,0.908884
379,1.03906,0.0454102,-1.14844,0.482422,0.043703,0.517429,0.439372,0.621008,0.578698,1.00568,0.559063,0.347182,1.65346,0.00518254,0,0,0,0,0,-0.0316999,-0.0139281,0.494316,0.295124,0.962109,0.84918,0.0390625,0.0454102,0.631615
380,1.01562,0.0234375,-0.337891,0.820312,0.0230769,0.509206,0.418987,0.599635,0.535112,1.19293,0.607363,0.364197,0.373067,0.00268177,0,0,0,0,0,-0.021674,-0.00908112,0.311098,0.227644,0.982081,0.85439,0.015625,0.0234375,0.97782
381,1.28125,0.126953,-1.125,0.414062,0.0990854,0.539465,0.577261,0.791254,0.959312,1.02298,0.978249,0.774043,1.74831,0.0053678,0,0,0,0,0,-0.0333904,-0.019275,0.297563,0.526775,0.85003,0.856544,0.28125,0.126953,1.73185
382,0.953125,-0.00686646,0.239258,0.855469,-0.00720415,0.497126,0.378772,0.552748,0.448998,1.06563,0.528198,0.29196,0.258681,0.00245836,0,0,0,0,0,-0.0216201,-0.00818909,0.356835,0.252208,0.975162,0.854537,-0.046875,-0.00686646,0.924506
383,1.03906,0.0505371,-1.41406,1.07812,0.0486372,0.519396,0.441935,0.622824,0.583217,1.16337,0.557869,0.347454,1.36186,0.00461302,0,0,0,0,0,-0.0273702,-0.0120958,0.427712,0.173193,0.995804,0.848758,0.0390625,0.0505371,0.56202
384,1.05469,-0.065918,-1.57031,0.785156,-0.0625,0.475082,0.389973,0.592046,0.502598,1.11534,0.628412,0.372049,1.77218,0.00541442,0,0,0,0,0,-0.00966032,-0.00376727,0.134015,0.261288,0.972448,0.854439,0.0546875,-0.065918,0.862814
385,0.855469,0.020874,0.988281,0.765625,0.0244007,0.509733,0.353482,0.505473,0.380453,1.13339,0.821783,0.415389,1.12946,0.00415911,0,0,0,0,0,0.0340888,0.0120498,0.361628,0.318974,0.950894,0.873801,-0.144531,0.020874,1.14575
386,1.10156,-0.106934,0.251953,0.519531,-0.0970745,0.461334,0.388262,0.605985,0.517966,1.09646,0.826533,0.500867,0.349554,0.00263585,0,0,0,0,0,0.0127154,0.00493689,0.134114,0.340068,0.942057,0.886226,0.101562,-0.106934,1.57049
387,1.50781,0.242188,1.375,0.757812,0.160622,0.563804,0.72573,0.965538,1.45895,1.12949,1.25667,1.21336,1.57951,0.0050381,0,0,0,0,0,-0.0459879,-0.0333748,0.319028,0.814594,0.62906,0.872535,0.507812,0.242188,2.0746
388,0.90625,-0.0032959,1.5,0.675781,-0.00363685,0.498549,0.36176,0.526672,0.408254,1.22622,0.596041,0.313918,1.82469,0.00551697,0,0,0,0,0,-0.00903742,-0.00326938,0.132183,0.206394,0.987445,0.854608,-0.09375,-0.0032959,0.951536
389,0.859375,-0.126953,-0.308594,0.921875,-0.147727,0.441279,0.281135,0.459114,0.289822,1.12046,0.685016,0.3145,0.321404,0.00258087,0,0,0,0,0,0.0138932,0.00390587,0.176811,0.257907,0.973475,0.854436,-0.140625,-0.126953,0.903586
390,0.972656,-0.0488281,0.376953,0.816406,-0.0502008,0.479981,0.365623,0.549956,0.436133,1.14764,0.668889,0.36786,0.41719,0.00276795,0,0,0,0,0,-0.0174425,-0.00637737,0.227332,0.321424,0.951619,0.857326,-0.0273438,-0.0488281,0.928516
391,1.03125,-0.0922852,-2.29688,0.302734,-0.0894886,0.464347,0.367391,0.56982,0.459671,1.12704,0.724804,0.413008,4.17452,0.0101065,0,0,0,0,0,0.0310823,0.0114193,0.373851,0.306255,0.956,0.868091,0.03125,-0.0922852,1.00932
392,0.929688,-0.0142212,-0.0622559,0.527344,-0.0152967,0.493898,0.365696,0.536585,0.421657,1.31286,0.574803,0.30843,0.0857301,0.00212057,0,0,0,0,0,0.00419149,0.00153281,0.0635706,0.204826,0.988117,0.852733,-0.0703125,-0.0142212,1.01828
393,0.996094,-0.0117188,-0.535156,0.296875,-0.0117647,0.495307,0.393577,0.576113,0.486808,1.07939,0.656984,0.378497,0.982186,0.00387146,0,0,0,0,0,-0.00578047,-0.00227506,0.0767036,0.377825,0.927663,0.870133,-0.00390625,-0.0117188,1.07493
394,1.04688,-0.00915527,-0.0791016,0.515625,-0.00874534,0.496511,0.415222,0.606564,0.540329,1.20839,0.816313,0.495146,0.110159,0.00216828,0,0,0,0,0,0.015994,0.00664107,0.170808,0.321257,0.950788,0.865912,0.046875,-0.00915527,1.3867
395,0.941406,-0.019165,0.746094,0.785156,-0.0203579,0.491879,0.367924,0.541728,0.428837,1.21094,0.664355,0.359899,0.842006,0.00359767,0,0,0,0,0,-0.010893,-0.00400778,0.14294,0.236431,0.979293,0.857171,-0.0585938,-0.019165,1.0146
396,1.07031,-0.0088501,-0.613281,0.695312,-0.0082687,0.496701,0.424773,0.620318,0.565227,1.45239,0.667848,0.414278,0.735478,0.00338961,0,0,0,0,0,-5.31046e-05,-2.25574e-05,0.000693204,0.217228,0.985124,0.852245,0.0703125,-0.0088501,1.20378
397,0.996094,-0.0488281,-1.55469,0.507812,-0.0490196,0.480452,0.375022,0.5636,0.458286,1.06525,0.78205,0.440763,2.18168,0.00621422,0,0,0,0,0,0.0216576,0.00812207,0.241425,0.286914,0.963025,0.86435,-0.00390625,-0.0488281,1.18914
398,0.992188,-0.0135498,-0.019043,0.773438,-0.0136565,0.494552,0.391095,0.573213,0.481528,1.13676,0.709502,0.406695,0.0216532,0.00199542,0,0,0,0,0,0.00406506,0.00158982,0.0499483,0.327574,0.949341,0.856862,-0.0078125,-0.0135498,0.930412
399,1.03125,-0.0917969,0.710938,0.667969,-0.0890152,0.464535,0.367635,0.569977,0.460029,1.17685,0.64131,0.365532,0.869868,0.00365209,0,0,0,0,0,-0.0199155,-0.00732165,0.270726,0.326762,0.949996,0.853741,0.03125,-0.0917969,1.07283
400,1,-0.0412598,-0.757812,0.478516,-0.0412598,0.483544,0.380372,0.568399,0.467761,1.32781,0.64452,0.366344,1.0955,0.00409278,0,0,0,0,0,0.00302255,0.00114969,0.0408831,0.260166,0.972491,0.856624,0,-0.0412598,1.04046
401,1.11719,0.0456543,0.458984,0.671875,0.0408654,0.516298,0.470822,0.66658,0.666002,1.45455,0.72101,0.48061,0.559956,0.00304679,0,0,0,0,0,-0.0314962,-0.0148291,0.380824,0.309811,0.956602,0.851388,0.117188,0.0456543,0.855983
402,1.08594,0.0986328,-0.240234,0.726562,0.0908273,0.536185,0.48478,0.667372,0.680396,1.09944,0.656903,0.438398,0.281837,0.00250359,0,0,0,0,0,-0.0369011,-0.0178889,0.489716,0.335101,0.946595,0.855304,0.0859375,0.0986328,1.04104
403,0.945312,-0.012207,0.617188,0.353516,-0.0129132,0.494849,0.372969,0.546371,0.437628,1.06401,0.674318,0.368428,1.03804,0.00398054,0,0,0,0,0,-0.0133404,-0.00497556,0.172469,0.295751,0.959354,0.870871,-0.0546875,-0.012207,0.951676
404,1.00781,0.0478516,1.85156,0.65625,0.0474806,0.518935,0.428061,0.603679,0.547665,1.20685,0.593229,0.35812,2.28562,0.00641722,0,0,0,0,0,-0.0153046,-0.00655131,0.224909,0.267604,0.970584,0.853769,0.0078125,0.0478516,1.01377
405,1.01562,0.050293,-1.01562,0.667969,0.0495192,0.519747,0.432415,0.609093,0.557977,1.44966,0.486381,0.296252,1.24267,0.00438021,0,0,0,0,0,-0.021631,-0.00935354,0.387709,0.177611,0.994864,0.848918,0.015625,0.050293,0.768802
406,0.96875,-0.019165,1.25,0.375,-0.0197833,0.492108,0.378889,0.557652,0.454532,1.05617,0.74199,0.413772,2.04124,0.00593992,0,0,0,0,0,-0.0130289,-0.00493651,0.153079,0.415867,0.910053,0.876262,-0.03125,-0.019165,1.3268
407,1.00781,-0.0114136,-0.394531,0.589844,-0.0113251,0.495482,0.398428,0.583042,0.498683,1.25859,0.5771,0.336473,0.513704,0.00295645,0,0,0,0,0,-0.0133485,-0.00531843,0.201646,0.217118,0.985099,0.852586,0.0078125,-0.0114136,0.99234
408,1.08594,-0.0825195,-0.328125,0.298828,-0.0759892,0.469714,0.394204,0.604789,0.521166,1.31423,0.815202,0.493025,0.600245,0.00312548,0,0,0,0,0,0.0300763,0.0118562,0.321637,0.327399,0.94915,0.859283,0.0859375,-0.0825195,1.23529
409,0.988281,0.00408936,-0.453125,0.390625,0.00413785,0.501651,0.398348,0.576991,0.4916,1.11288,0.4354,0.251222,0.725,0.00336914,0,0,0,0,0,-0.00745,-0.00296769,0.149168,0.188852,0.991958,0.851792,-0.0117188,0.00408936,0.550277
410,1.03125,0.0153809,1.02344,0.361328,0.0149148,0.50595,0.421224,0.605927,0.544578,1.04779,0.611751,0.370677,1.70259,0.0052785,0,0,0,0,0,-0.0237143,-0.00998902,0.337942,0.41093,0.913504,0.855594,0.03125,0.0153809,0.932077
411,1.05469,0.0598145,1.67969,0.640625,0.056713,0.522613,0.452839,0.635219,0.608567,1.2944,0.731241,0.464498,2.09858,0.00605192,0,0,0,0,0,-0.012452,-0.00563876,0.148452,0.278815,0.966755,0.855611,0.0546875,0.0598145,1.32404
412,0.953125,0.0289307,0.769531,0.761719,0.0303535,0.512107,0.396671,0.565163,0.476757,1.13382,0.718417,0.406023,0.881716,0.00367523,0,0,0,0,0,0.00983145,0.00389985,0.119302,0.222219,0.981913,0.865573,-0.046875,0.0289307,1.29052
413,1.03906,-0.0189209,0.71875,0.494141,-0.0182096,0.492736,0.407206,0.598682,0.524237,1.09386,0.597481,0.357701,1.02247,0.00395015,0,0,0,0,0,-0.0113118,-0.00460624,0.16505,0.329717,0.948728,0.854929,0.0390625,-0.0189209,0.839255
414,0.957031,0.020752,1.64844,0.384766,0.0216837,0.50865,0.394148,0.564575,0.474098,1.09853,0.780965,0.440914,2.65751,0.00714357,0,0,0,0,0,0.0176183,0.00694423,0.196671,0.385261,0.92385,0.879974,-0.0429688,0.020752,1.36357
415,1.00781,0.0534668,-0.341797,0.855469,0.0530523,0.521155,0.430869,0.605673,0.552488,1.15153,0.468106,0.28352,0.369544,0.00267489,0,0,0,0,0,-0.0229048,-0.00986898,0.426569,0.160221,0.998315,0.84897,0.0078125,0.0534668,0.53247
416,0.933594,-0.0556641,1.25,0.410156,-0.0596234,0.476228,0.346541,0.524956,0.39567,1.14011,0.530816,0.278655,1.9518,0.00576523,0,0,0,0,0,-0.0209977,-0.00727657,0.344854,0.239489,0.977881,0.861238,-0.0664062,-0.0556641,0.789625
417,1,0.0585938,-0.515625,0.271484,0.0585938,0.523362,0.430299,0.602952,0.548709,0.934995,0.622958,0.375614,0.989604,0.00388595,0,0,0,0,0,-0.0204165,-0.00878519,0.285712,0.454016,0.891357,0.865905,0,0.0585938,0.789686
418,0.910156,-0.102539,2.125,0.808594,-0.112661,0.45515,0.313705,0.496175,0.344601,1.18138,0.688715,0.341723,2.36316,0.00656868,0,0,0,0,0,0.00342008,0.0010729,0.0432916,0.228341,0.981286,0.858561,-0.0898438,-0.102539,0.917172
419,0.859375,-0.0385742,1.6875,0.511719,-0.0448864,0.482099,0.325324,0.487426,0.34342,1.20797,0.572784,0.27919,2.359,0.00656055,0,0,0,0,0,0.0037252,0.0012119,0.0566978,0.248935,0.976124,0.854522,-0.140625,-0.0385742,1.08789
420,0.835938,-0.121094,-0.828125,0.667969,-0.14486,0.442411,0.274666,0.447327,0.275543,1.20112,0.677691,0.30315,1.01325,0.00393213,0,0,0,0,0,0.0267925,0.007359,0.344658,0.282178,0.965125,0.85981,-0.164062,-0.121094,1.01534
421,1,-0.00576782,0.566406,0.648438,-0.00576782,0.497699,0.398118,0.580424,0.495391,1.31426,0.670916,0.389416,0.703386,0.00332693,0,0,0,0,0,-0.0249453,-0.00993119,0.324136,0.212662,0.986189,0.852794,0,-0.00576782,1.0188
422,1.05469,-0.000455856,0.0693359,0.402344,-0.000432219,0.499828,0.422704,0.6141,0.555797,1.28434,0.667324,0.409804,0.10931,0.00216662,0,0,0,0,0,-0.00703229,-0.00297258,0.0918686,0.256156,0.974202,0.853016,0.0546875,-0.000455856,1.07216
423,1,0.0395508,0.132812,0.316406,0.0395508,0.515774,0.420778,0.596195,0.532502,1.00923,0.427848,0.25508,0.236111,0.00241428,0,0,0,0,0,-0.0213821,-0.00899713,0.435681,0.177949,0.994575,0.850198,0,0.0395508,0.816934
424,1.11719,0.118164,-0.917969,0.289062,0.105769,0.542117,0.507077,0.692663,0.736909,1.19618,0.712179,0.4933,1.70739,0.00528787,0,0,0,0,0,-0.0299833,-0.0152038,0.367026,0.418565,0.910002,0.852548,0.117188,0.118164,1.18507
425,1.02344,0.00457764,-0.917969,0.333984,0.00447281,0.501784,0.41269,0.597635,0.52748,0.958279,0.482686,0.28847,1.58842,0.0050555,0,0,0,0,0,-0.0178796,-0.00737874,0.322924,0.247386,0.977248,0.849916,0.0234375,0.00457764,0.683007
426,0.964844,-0.0629883,0.625,0.375,-0.0652834,0.473974,0.35541,0.540729,0.418705,1.26186,0.730092,0.394782,1.02062,0.00394652,0,0,0,0,0,0.0199926,0.00710559,0.238726,0.28332,0.964812,0.8593,-0.0351562,-0.0629883,1.10403
427,1.02344,0.0854492,-0.0303955,0.472656,0.0834924,0.53327,0.453125,0.62624,0.5975,1.2538,0.641323,0.401622,0.0442116,0.00203948,0,0,0,0,0,-0.0398525,-0.0180582,0.541734,0.259021,0.972819,0.856765,0.0234375,0.0854492,0.896028
428,0.953125,-0.0178223,0.433594,0.414062,-0.0186988,0.492541,0.373294,0.549008,0.440759,1.17741,0.499422,0.274187,0.67383,0.0032692,0,0,0,0,0,-0.0165805,-0.0061894,0.289425,0.233039,0.981142,0.850959,-0.046875,-0.0178223,0.529134
429,1.55469,0.227539,0.898438,0.194336,0.146357,0.55818,0.737203,0.987247,1.51812,0.933431,1.33357,1.31656,2.03803,0.00593366,0,0,0,0,0,-0.0372059,-0.0274283,0.243223,0.982046,0.451697,0.862118,0.554688,0.227539,2.10576
430,0.949219,-0.0732422,-0.679688,0.345703,-0.0771605,0.469248,0.344018,0.528284,0.397433,1.00263,0.898849,0.474848,1.156,0.00421094,0,0,0,0,0,0.0400195,0.0137674,0.388143,0.401716,0.915974,0.896386,-0.0507812,-0.0732422,1.61634
431,0.847656,-0.0233154,0.660156,1.10938,-0.0275058,0.489028,0.328254,0.485727,0.343682,1.43251,0.754592,0.366526,0.626769,0.00317728,0,0,0,0,0,0.00900482,0.00295587,0.104033,0.187911,0.991744,0.854388,-0.152344,-0.0233154,1.00966
432,1.07812,0.081543,0.507812,0.671875,0.0756341,0.530145,0.473102,0.656645,0.655008,1.34144,0.621131,0.407863,0.619525,0.00316314,0,0,0,0,0,-0.0387501,-0.0183328,0.543872,0.236976,0.980161,0.850261,0.078125,0.081543,0.826072
433,0.894531,-0.0957031,-0.890625,0.773438,-0.106987,0.4574,0.310858,0.489266,0.336013,1.25982,0.670883,0.32824,1.0127,0.00393106,0,0,0,0,0,0.00680873,0.00211655,0.0884761,0.201773,0.988499,0.85492,-0.105469,-0.0957031,0.899173
434,1.07031,-0.0162354,-0.742188,0.636719,-0.0151688,0.493949,0.42108,0.617796,0.55898,1.26831,0.578874,0.357626,0.930122,0.00376977,0,0,0,0,0,-0.0165688,-0.00697681,0.249526,0.301343,0.959468,0.852762,0.0703125,-0.0162354,0.954428
435,1.04688,-0.0952148,-0.322266,0.324219,-0.0909515,0.463766,0.372192,0.57796,0.472564,1.1549,0.851486,0.492125,0.565972,0.00305854,0,0,0,0,0,0.0341589,0.0127137,0.349731,0.382585,0.925186,0.876804,0.046875,-0.0952148,1.17533
436,1.03125,0.019043,-0.170898,0.277344,0.0184659,0.507366,0.423055,0.607202,0.547669,0.930106,0.664994,0.403785,0.324511,0.00258693,0,0,0,0,0,-0.0102496,-0.00433614,0.134368,0.418289,0.909665,0.860102,0.03125,0.019043,1.27633
437,0.984375,-0.0568848,1.41406,0.423828,-0.0577877,0.476959,0.366294,0.554107,0.441206,1.19956,0.800262,0.443431,2.17207,0.00619545,0,0,0,0,0,0.0185666,0.00680085,0.202259,0.293277,0.960333,0.869495,-0.015625,-0.0568848,1.42534
438,1.05469,0.027832,-1.53906,0.480469,0.0263889,0.510526,0.436848,0.62392,0.580112,1.08133,0.583562,0.364096,2.22036,0.00628977,0,0,0,0,0,-0.0138147,-0.00603492,0.206377,0.25823,0.973514,0.853464,0.0546875,0.027832,0.869823
439,1.00781,0.0483398,0.710938,0.675781,0.0479651,0.519128,0.428305,0.603852,0.548083,1.41041,0.583889,0.352583,0.864825,0.00364224,0,0,0,0,0,-0.0243541,-0.010431,0.363621,0.207848,0.987511,0.85194,0.0078125,0.0483398,0.698108
440,1.00781,0.0148926,-0.789062,0.277344,0.0147771,0.505895,0.411581,0.592108,0.519991,0.975846,0.562934,0.333318,1.49831,0.00487952,0,0,0,0,0,0.00448005,0.0018439,0.0693796,0.422199,0.907842,0.858554,0.0078125,0.0148926,0.961264
441,0.976562,0.0310059,2.23438,0.777344,0.03175,0.512664,0.407107,0.579539,0.501602,1.49089,0.670842,0.38878,2.53425,0.00690283,0,0,0,0,0,-0.00161211,-0.000656301,0.0209499,0.205958,0.987711,0.853579,-0.0234375,0.0310059,1.04597
442,1.04688,0.0383301,1.67188,0.574219,0.0366138,0.514604,0.438964,0.623057,0.58089,1.23583,0.628191,0.391399,2.2063,0.00626231,0,0,0,0,0,-0.0293483,-0.0128828,0.407284,0.261715,0.97279,0.851074,0.046875,0.0383301,0.87047
443,0.957031,0.00897217,1.32031,0.482422,0.009375,0.50374,0.388258,0.560479,0.464881,1.33377,0.633741,0.355198,1.90092,0.00566585,0,0,0,0,0,-0.01817,-0.00705465,0.249948,0.245531,0.977326,0.85302,-0.0429688,0.00897217,0.993964
444,1.01562,0.0603027,1.22656,0.470703,0.059375,0.523673,0.437419,0.612657,0.566684,1.24088,0.557887,0.341793,1.78779,0.0054449,0,0,0,0,0,-0.0292299,-0.0127857,0.456759,0.198013,0.989825,0.852123,0.015625,0.0603027,0.794775
445,0.964844,0.00273132,1.8125,0.667969,0.00283085,0.501129,0.38827,0.562872,0.467579,1.27493,0.744725,0.419185,2.21769,0.00628454,0,0,0,0,0,0.00215591,0.000837074,0.0252372,0.226727,0.981281,0.861623,-0.0351562,0.00273132,1.31248
446,1,-0.000556946,0.515625,0.472656,-0.000556946,0.499778,0.400724,0.582215,0.499553,1.20418,0.538708,0.313644,0.75,0.00341797,0,0,0,0,0,-0.0156851,-0.00628541,0.253829,0.199637,0.98958,0.851292,0,-0.000556946,0.816206
447,1.03125,0.017334,-0.859375,0.625,0.0168087,0.506705,0.422201,0.606607,0.546225,1.22054,0.573316,0.347778,1.08703,0.00407624,0,0,0,0,0,-0.0241626,-0.0102015,0.367414,0.185361,0.993122,0.849423,0.03125,0.017334,0.638413
448,1.00781,0.00958252,0.291016,0.291016,0.00950824,0.503793,0.408926,0.590265,0.515634,1.04358,0.517806,0.305643,0.539459,0.00300676,0,0,0,0,0,-0.0183293,-0.00749534,0.308593,0.277011,0.967802,0.852152,0.0078125,0.00958252,0.680635
449,0.984375,-0.0463867,-0.78125,1.01562,-0.047123,0.481208,0.371543,0.557591,0.448952,1.44133,0.63946,0.356557,0.775217,0.00346722,0,0,0,0,0,-0.00801375,-0.00297746,0.109252,0.222875,0.983852,0.851046,-0.015625,-0.0463867,0.918254
450,1.04688,0.0830078,-0.176758,0.621094,0.079291,0.531599,0.461303,0.638992,0.621112,1.26155,0.521992,0.333549,0.224285,0.00239118,0,0,0,0,0,-0.030731,-0.0141763,0.513239,0.184379,0.993307,0.849594,0.046875,0.0830078,0.89903
451,1.83594,0.388672,-0.00213623,0.738281,0.211702,0.58383,0.939802,1.20439,2.33378,1.29082,1.66509,2.00542,0.00248621,0.00195798,0,0,0,0,0,-0.05,-0.0469901,0.261781,0.741757,0.690938,0.857067,0.835938,0.388672,3.10445
452,1.08594,0.129883,-0.886719,0.542969,0.119604,0.547602,0.500405,0.678807,0.711183,1.21951,0.916969,0.622445,1.20337,0.00430345,0,0,0,0,0,0.0204404,0.0102285,0.19433,0.314381,0.949683,0.92262,0.0859375,0.129883,1.08245
453,1.03125,0.00337219,-0.119629,0.628906,0.00327,0.501305,0.41522,0.601769,0.534533,1.30252,0.559493,0.336685,0.150849,0.00224775,0,0,0,0,0,-0.0056522,-0.0023469,0.0880703,0.254031,0.975138,0.850935,0.03125,0.00337219,1.09295
454,0.972656,0.0111084,1.57031,0.318359,0.0114207,0.504556,0.395592,0.57032,0.481757,1.1875,0.649677,0.370524,2.78309,0.00738885,0,0,0,0,0,-0.0118608,-0.00469204,0.159156,0.274193,0.967965,0.857793,-0.0273438,0.0111084,1.11734
455,0.996094,-0.0117798,-1.23438,0.267578,-0.011826,0.495282,0.393546,0.576092,0.48676,1.09505,0.678645,0.390962,2.38628,0.00661383,0,0,0,0,0,0.00952525,0.00374862,0.12236,0.253868,0.973045,0.866905,-0.00390625,-0.0117798,1.09409
456,0.972656,0.0617676,-0.535156,0.365234,0.063504,0.525317,0.420921,0.588172,0.523121,0.942163,0.585588,0.344426,0.885513,0.00368264,0,0,0,0,0,-0.020853,-0.00877747,0.310444,0.351869,0.938296,0.8734,-0.0273438,0.0617676,0.860565
457,1.03906,-0.000107765,0.408203,0.488281,-0.000103714,0.499959,0.416613,0.605119,0.539736,1.03644,0.587688,0.355621,0.584173,0.00309409,0,0,0,0,0,-0.00963759,-0.00401514,0.142965,0.271443,0.969232,0.854814,0.0390625,-0.000107765,0.932141
458,0.976562,0.0223389,0.929688,0.945312,0.022875,0.509125,0.402773,0.576504,0.494583,1.23588,0.541382,0.312109,0.956201,0.00382071,0,0,0,0,0,-0.0135569,-0.00546037,0.218305,0.178229,0.994541,0.850051,-0.0234375,0.0223389,0.548748
459,1.01562,0.078125,-0.550781,0.494141,0.0769231,0.530658,0.446331,0.61905,0.582434,1.17391,0.665949,0.412256,0.783527,0.00348345,0,0,0,0,0,-0.0252,-0.0112475,0.329888,0.280557,0.966395,0.854005,0.015625,0.078125,1.1453
460,1.03906,-0.00427246,1.54688,0.441406,-0.00411184,0.49836,0.41453,0.603688,0.536274,1.0977,0.746057,0.450385,2.32828,0.00650055,0,0,0,0,0,-0.0195889,-0.00812021,0.2289,0.340742,0.944005,0.858853,0.0390625,-0.00427246,1.17615
461,1,0.0466309,-0.0383301,0.476562,0.0466309,0.518596,0.424318,0.598698,0.538485,1.17405,0.581729,0.34828,0.0555239,0.00206157,0,0,0,0,0,-0.0142485,-0.00604589,0.213528,0.285024,0.964765,0.855171,0,0.0466309,0.759011
462,1,0.0180664,-1.66406,0.355469,0.0180664,0.507207,0.410036,0.588662,0.514653,1.1152,0.530433,0.312246,2.79106,0.00740441,0,0,0,0,0,-0.00838029,-0.00343622,0.137732,0.259934,0.973094,0.852772,0,0.0180664,0.942708
463,1.0625,0.0286865,0.0698242,0.59375,0.0269991,0.51077,0.440408,0.628768,0.589309,1.21446,0.644256,0.405088,0.0906159,0.00213011,0,0,0,0,0,-0.0445165,-0.0196054,0.602379,0.258976,0.973084,0.854926,0.0625,0.0286865,1.00252
464,0.90625,-0.0252686,0.75,0.625,-0.0278825,0.488878,0.350774,0.519188,0.392598,1.22059,0.465699,0.241785,0.948683,0.00380602,0,0,0,0,0,-0.0163186,-0.00572416,0.305482,0.303299,0.95874,0.853036,-0.09375,-0.0252686,0.779626
465,0.871094,-0.0825195,-0.100098,0.335938,-0.0947309,0.462264,0.308051,0.479856,0.325157,1.22274,0.628988,0.301824,0.172701,0.00229043,0,0,0,0,0,0.00906452,0.00279233,0.125635,0.264303,0.970993,0.858374,-0.128906,-0.0825195,1.02877
466,0.960938,-0.0235596,0.613281,0.449219,-0.0245173,0.49022,0.373558,0.551612,0.443821,1.06335,0.528217,0.29137,0.91502,0.00374027,0,0,0,0,0,-0.00311761,-0.00116461,0.0514537,0.222357,0.98317,0.85642,-0.0390625,-0.0235596,1.08912
467,0.992188,0.136719,-0.361328,0.601562,0.137795,0.554799,0.466229,0.626887,0.610356,0.914136,0.679235,0.425804,0.465866,0.00286302,0,0,0,0,0,-0.0235359,-0.0109731,0.302076,0.380545,0.925262,0.89487,-0.0078125,0.136719,1.11308
468,1.03906,-0.0197754,-0.46875,0.910156,-0.019032,0.492408,0.406779,0.598392,0.523541,1.46232,0.606404,0.362867,0.491341,0.00291278,0,0,0,0,0,-0.0273798,-0.0111375,0.393619,0.192683,0.990558,0.855163,0.0390625,-0.0197754,1.03427
469,1.01562,0.00958252,-0.0463867,0.617188,0.0094351,0.503764,0.412059,0.594815,0.523598,1.22566,0.859936,0.511503,0.0590453,0.00206845,0,0,0,0,0,0.0140997,0.00580992,0.142939,0.308607,0.956072,0.859573,0.015625,0.00958252,1.12039
470,1.02344,0.0310059,-0.835938,0.318359,0.0302958,0.512084,0.425904,0.606835,0.549643,1.22538,0.613556,0.372327,1.48155,0.00484677,0,0,0,0,0,-0.0157598,-0.00671217,0.223926,0.256844,0.973739,0.854842,0.0234375,0.0310059,1.0771
471,1.16406,-0.036377,-0.201172,0.302734,-0.03125,0.487535,0.448603,0.665565,0.644221,1.21799,0.926829,0.616865,0.365625,0.00266724,0,0,0,0,0,0.00440009,0.0019739,0.0413875,0.389899,0.922982,0.860398,0.164062,-0.036377,1.57651
472,1.00781,0.0966797,-0.257812,0.648438,0.0959302,0.538212,0.452475,0.62123,0.59066,1.44091,0.597359,0.371097,0.320162,0.00257844,0,0,0,0,0,-0.0191821,-0.0086794,0.279941,0.238982,0.979385,0.851684,0.0078125,0.0966797,0.753144
473,1.03125,0.0124512,0.237305,0.431641,0.0120739,0.504817,0.419759,0.60491,0.542114,1.1186,0.494697,0.299247,0.361198,0.00265859,0,0,0,0,0,-0.0158195,-0.0066404,0.27878,0.21908,0.984725,0.85176,0.03125,0.0124512,1.03662
474,1.14062,-0.00848389,0.0361328,0.773438,-0.00743793,0.497033,0.453151,0.661394,0.642788,1.57378,0.700877,0.463555,0.0410856,0.00203337,0,0,0,0,0,-0.0144272,-0.0065377,0.179452,0.224441,0.983727,0.849217,0.140625,-0.00848389,1.29363
475,0.894531,0.0112305,-0.245117,0.373047,0.0125546,0.505008,0.364324,0.524863,0.408213,1.18535,0.571997,0.30022,0.401321,0.00273696,0,0,0,0,0,-0.00637576,-0.00232285,0.097173,0.263389,0.971499,0.856677,-0.105469,0.0112305,0.903168
476,0.949219,-0.036377,-0.189453,0.902344,-0.038323,0.484715,0.36245,0.540469,0.423477,1.48769,0.610539,0.329977,0.199442,0.00234266,0,0,0,0,0,-0.00254862,-0.000923748,0.0363913,0.176725,0.994759,0.850614,-0.0507812,-0.036377,0.6976
477,0.992188,-0.00259399,-0.166992,0.241211,-0.00261442,0.498957,0.396573,0.576964,0.490157,1.05769,0.67485,0.389364,0.340015,0.00261722,0,0,0,0,0,-0.0281421,-0.0111604,0.363543,0.332919,0.947292,0.856753,-0.0078125,-0.00259399,0.923009
478,0.863281,-0.0284424,1,0.578125,-0.0329468,0.486858,0.331957,0.493097,0.353339,1.17887,0.623025,0.307212,1.31519,0.00452186,0,0,0,0,0,-0.0184548,-0.00612619,0.258232,0.27101,0.969147,0.856483,-0.136719,-0.0284424,0.820925
479,0.988281,-0.0230713,1.78906,0.738281,-0.0233449,0.490688,0.384767,0.5677,0.47033,1.35481,0.690487,0.39199,2.08216,0.00601985,0,0,0,0,0,0.00574599,0.00221087,0.0725464,0.235079,0.980003,0.854827,-0.0117188,-0.0230713,1.13642
480,1.14062,0.00436401,-0.847656,0.511719,0.00382598,0.501526,0.459575,0.665811,0.654514,1.10498,0.72757,0.484425,1.18496,0.0042675,0,0,0,0,0,-0.0149801,-0.00688449,0.179493,0.336198,0.945672,0.86009,0.140625,0.00436401,0.939418
481,0.957031,-0.148438,-1.03906,0.640625,-0.155102,0.43837,0.309553,0.509133,0.355039,1.4244,0.68233,0.347396,1.29819,0.00448866,0,0,0,0,0,0.0285854,0.00884869,0.365222,0.213676,0.986148,0.851444,-0.0429688,-0.148438,1.37384
482,1.03125,0.0187988,-1.52344,0.664062,0.0182292,0.507272,0.422933,0.607117,0.547463,1.09964,0.579621,0.351898,1.86948,0.00560445,0,0,0,0,0,-0.0212627,-0.00899271,0.319802,0.223493,0.983684,0.851079,0.03125,0.0187988,0.545399
483,1.01562,0.0216064,0.460938,0.46875,0.021274,0.508486,0.418071,0.598996,0.53358,1.16774,0.545702,0.326873,0.673242,0.00326805,0,0,0,0,0,-0.0197162,-0.00824278,0.314974,0.279407,0.967187,0.850912,0.015625,0.0216064,0.967312
484,1,-0.0159912,-1.96875,0.507812,-0.0159912,0.493621,0.393007,0.57693,0.487303,1.24674,0.703891,0.406096,2.76273,0.00734909,0,0,0,0,0,0.021918,0.00861394,0.271458,0.309551,0.955521,0.861483,0,-0.0159912,0.976562
485,1.02344,0.0493164,0.660156,0.730469,0.048187,0.519216,0.435059,0.613295,0.565407,1.28868,0.737875,0.452535,0.772406,0.00346173,0,0,0,0,0,-0.0175307,-0.00762691,0.207121,0.241373,0.977801,0.857984,0.0234375,0.0493164,1.20406
486,1,-0.0140991,0.355469,0.400391,-0.0140991,0.494375,0.393953,0.577575,0.488792,0.96773,0.590367,0.340982,0.561771,0.00305033,0,0,0,0,0,-0.00965147,-0.00380222,0.142521,0.323532,0.949886,0.866484,0,-0.0140991,1.01453
487,1.00781,0.0388184,-0.832031,0.443359,0.0385174,0.515362,0.423544,0.600485,0.539972,1.28098,0.554799,0.333148,1.24957,0.0043937,0,0,0,0,0,-0.0266242,-0.0112765,0.418358,0.224566,0.983337,0.851501,0.0078125,0.0388184,0.589436
488,0.886719,0.0286865,0.341797,0.488281,0.0323513,0.512904,0.36992,0.526409,0.413947,1.12592,0.584057,0.307453,0.48914,0.00290848,0,0,0,0,0,-0.0191922,-0.00709958,0.286469,0.283508,0.964875,0.858288,-0.113281,0.0286865,0.893382
489,1,-0.019043,0.738281,0.574219,-0.019043,0.492403,0.391481,0.575892,0.484909,1.1472,0.703403,0.405084,0.974279,0.00385601,0,0,0,0,0,-0.0235268,-0.00921031,0.291586,0.274757,0.966853,0.865378,0,-0.019043,0.734047
490,1.03906,0.0145264,0.185547,0.279297,0.0139803,0.505577,0.42393,0.61018,0.552036,1.00002,0.765893,0.467333,0.351092,0.00263885,0,0,0,0,0,0.00208564,0.000884163,0.0237398,0.458287,0.888822,0.894506,0.0390625,0.0145264,1.12687
491,0.953125,0.0197754,2.17188,0.245117,0.020748,0.508277,0.392093,0.56196,0.469536,1.17459,0.582273,0.327214,4.3868,0.0105211,0,0,0,0,0,-0.00870484,-0.00341311,0.130329,0.240881,0.97771,0.859639,-0.046875,0.0197754,0.866577
492,1.03125,-0.0390625,0.675781,0.441406,-0.0378788,0.484892,0.394002,0.58733,0.500194,1.06905,0.82646,0.485404,1.01715,0.00393975,0,0,0,0,0,0.0125534,0.00494606,0.132417,0.435468,0.900662,0.871966,0.03125,-0.0390625,1.27921
493,0.949219,-0.019165,-0.523438,0.71875,-0.0201903,0.491946,0.371056,0.546277,0.436102,1.49417,0.769786,0.420516,0.617413,0.00315901,0,0,0,0,0,0.011372,0.00421966,0.128788,0.21765,0.984311,0.856877,-0.0507812,-0.019165,1.20444
494,1.10156,-0.121094,1.09375,0.320312,-0.109929,0.456233,0.381182,0.601474,0.507071,1.08738,0.993666,0.597664,1.93255,0.00572764,0,0,0,0,0,0.0119979,0.00457337,0.105262,0.404839,0.914469,0.926647,0.101562,-0.121094,1.07553
495,0.941406,-0.0393066,1.1875,0.373047,-0.0417531,0.483348,0.357853,0.534939,0.414218,1.23567,0.670563,0.35871,1.94425,0.00575049,0,0,0,0,0,0.0235075,0.00841223,0.305615,0.262359,0.971829,0.856573,-0.0585938,-0.0393066,1.31054
496,1.00781,0.0429688,-0.914062,0.474609,0.0426357,0.517004,0.42562,0.601951,0.543497,1.08698,0.658288,0.396257,1.32681,0.00454454,0,0,0,0,0,-0.0199117,-0.00847482,0.263693,0.285054,0.964077,0.860632,0.0078125,0.0429688,1.13476
497,1.09375,0.0463867,0.291016,0.679688,0.0424107,0.516914,0.46179,0.653193,0.63991,1.36314,0.926729,0.605333,0.352989,0.00264256,0,0,0,0,0,-0.00282087,-0.00130265,0.0265361,0.260604,0.971404,0.86398,0.09375,0.0463867,1.22454
498,1.03125,0.0805664,-0.707031,0.423828,0.078125,0.531136,0.453817,0.629021,0.601618,1.15912,0.743278,0.467538,1.08603,0.00407429,0,0,0,0,0,-0.0214681,-0.00974259,0.251796,0.322834,0.951191,0.856396,0.03125,0.0805664,0.893811
499,0.976562,0.0708008,-2.17188,0.675781,0.0725,0.528898,0.427004,0.593686,0.534795,1.04326,0.531022,0.31526,2.64199,0.00711327,0,0,0,0,0,-0.0208469,-0.00890172,0.342244,0.296541,0.960981,0.854113,-0.0234375,0.0708008,0.67539
500,1.11719,-0.0294189,-0.177734,0.53125,-0.026333,0.489496,0.433285,0.640618,0.598128,1.32025,0.712047,0.45615,0.24385,0.00242939,0,0,0,0,0,-0.0154689,-0.00670244,0.18939,0.417798,0.910109,0.856687,0.117188,-0.0294189,1.1727
501,0.988281,0.00018692,-0.992188,0.507812,0.000189137,0.500075,0.396397,0.575646,0.488498,1.23182,0.556902,0.320578,1.39233,0.00467252,0,0,0,0,0,0.00205115,0.00081307,0.0321089,0.215798,0.985322,0.853308,-0.0117188,0.00018692,1.05827
502,1,-0.036377,-0.167969,0.964844,-0.036377,0.485491,0.382814,0.570036,0.471487,1.51423,0.742612,0.423315,0.171002,0.00228711,0,0,0,0,0,0.0171069,0.00654876,0.200824,0.219553,0.984208,0.854326,0,-0.036377,1.11141
503,0.960938,-0.0302734,-1.25781,0.453125,-0.0315041,0.487434,0.370201,0.549344,0.438828,1.19009,0.39587,0.217469,1.86856,0.00560265,0,0,0,0,0,-0.00594828,-0.00220206,0.130992,0.231327,0.981745,0.850082,-0.0390625,-0.0302734,0.643999
504,1.03906,0.0722656,-1.96094,0.523438,0.0695489,0.527724,0.452799,0.63058,0.602658,1.33443,0.549384,0.34643,2.71039,0.00724685,0,0,0,0,0,-0.034542,-0.0156406,0.548123,0.191722,0.991644,0.849815,0.0390625,0.0722656,0.629415
505,1.01562,0.0152588,-1.5,1.44531,0.015024,0.505993,0.414897,0.596785,0.528292,1.40402,0.567314,0.338565,1.2477,0.00439004,0,0,0,0,0,-0.0291814,-0.0121073,0.448425,0.182728,0.993837,0.848575,0.015625,0.0152588,0.50429
506,1.00781,0.0786133,-0.28125,0.867188,0.0780039,0.531088,0.443442,0.614681,0.574474,1.0096,0.533536,0.327955,0.30202,0.00254301,0,0,0,0,0,-0.026819,-0.0118927,0.438214,0.201773,0.989363,0.849534,0.0078125,0.0786133,0.616544
507,1.01562,-0.090332,1.21094,0.457031,-0.0889423,0.464564,0.362102,0.561365,0.446248,1.1587,0.643901,0.361463,1.79122,0.0054516,0,0,0,0,0,0.00367456,0.00133056,0.0497499,0.259574,0.971857,0.86284,0.015625,-0.090332,0.793874
508,0.890625,-0.0373535,0.742188,1.79688,-0.0419408,0.483273,0.338466,0.506027,0.370623,1.50395,0.498404,0.252206,0.553675,0.00303452,0,0,0,0,0,-0.000954678,-0.000323126,0.0166987,0.188039,0.992298,0.850829,-0.109375,-0.0373535,1.02839
509,0.992188,-0.0203857,-0.0114746,0.419922,-0.0205463,0.491804,0.387677,0.570886,0.476204,1.07365,0.668374,0.381565,0.0177074,0.00198771,0,0,0,0,0,-0.0111697,-0.00433025,0.14569,0.246075,0.975444,0.865697,-0.0078125,-0.0203857,0.963937
510,0.957031,-0.00135803,1.49219,1.03125,-0.00141901,0.499434,0.383093,0.556914,0.456913,1.30164,0.646327,0.359949,1.4694,0.00482306,0,0,0,0,0,-0.00948339,-0.00363302,0.127914,0.210347,0.986236,0.856205,-0.0429688,-0.00135803,1.01643
511,1.03906,0.0568848,0.855469,0.847656,0.0547462,0.52183,0.445109,0.62508,0.588847,1.14238,0.494324,0.308992,0.929168,0.00376791,0,0,0,0,0,-0.030157,-0.0134231,0.531842,0.188067,0.992442,0.849927,0.0390625,0.0568848,0.663703
