k,gamma,beta,running_mean,running_var,on_ratio,p_on,act_mean,act_std,act_second,pre_row_norm,final_col_norm,effective_contribution,mean_over_std,bn_input_rounding_noise,dead,mostly_off,flat,always_on,negative_gamma,mean_row_component,shared_contribution,column_shared_fraction,pre_row_rel_change,pre_row_cos_ref,pre_row_norm_ratio_ref,gamma_delta,beta_delta,final_col_rel_change
0,1.04688,-0.0717773,-1.08594,0.195312,-0.0685634,0.472669,0.383911,0.585575,0.490285,0.810489,0.583309,0.341571,2.4572,0.00675234,0,0,0,0,0,0.00287897,0.00110527,0.0430275,0.423583,0.92697,0.730259,0.046875,-0.0717773,1.28001
1,0.859375,-0.0722656,-0.124512,0.691406,-0.0840909,0.466492,0.308479,0.476348,0.322067,1.29595,0.509541,0.242719,0.149742,0.00224559,0,0,0,0,0,-0.00793688,-0.00244836,0.135793,0.342221,0.975384,0.713678,-0.140625,-0.0722656,1.10915
2,0.867188,0.0272217,0.898438,0.259766,0.0313908,0.512521,0.361355,0.514522,0.39531,1.03823,0.583006,0.299969,1.76278,0.00539605,0,0,0,0,0,-0.0173892,-0.00628367,0.260024,0.456402,0.910481,0.717405,-0.132812,0.0272217,0.889151
3,0.84375,-0.0864258,-1.3125,0.490234,-0.102431,0.459207,0.295133,0.462715,0.301208,1.03753,0.560474,0.259339,1.87455,0.00561436,0,0,0,0,0,0.00323065,0.00095347,0.0502506,0.390148,0.94928,0.71831,-0.15625,-0.0864258,1.0605
4,1.03906,0.0247803,-2.21875,0.558594,0.0238487,0.509513,0.429057,0.613753,0.560783,1.14531,0.482848,0.29635,2.96866,0.00775129,0,0,0,0,0,-0.0251091,-0.0107732,0.453344,0.31426,0.987635,0.715271,0.0390625,0.0247803,0.956363
5,0.785156,-0.0976562,0.539062,0.423828,-0.124378,0.450508,0.266021,0.425138,0.251509,1.14361,0.536198,0.227958,0.828026,0.00357036,0,0,0,0,0,-0.0015576,-0.000414355,0.0253243,0.352133,0.966814,0.724479,-0.214844,-0.0976562,0.984863
6,1.01562,0.0654297,-0.267578,0.318359,0.0644231,0.525683,0.439983,0.61449,0.571182,0.968625,0.463104,0.284572,0.474233,0.00287936,0,0,0,0,0,-0.0233204,-0.0102606,0.439001,0.385959,0.952199,0.716303,0.015625,0.0654297,0.853751
7,0.816406,-0.0859375,1.35156,0.554688,-0.105263,0.458083,0.284412,0.446983,0.280684,1.12789,0.811055,0.362527,1.81473,0.00549752,0,0,0,0,0,0.00769485,0.00218851,0.0827097,0.421276,0.920272,0.764151,-0.183594,-0.0859375,1.18883
8,1.03906,-0.191406,-0.835938,0.324219,-0.184211,0.426924,0.322269,0.542926,0.398626,1.11292,0.969553,0.526396,1.4681,0.0048205,0,0,0,0,0,0.043135,0.0139011,0.387851,0.451111,0.902292,0.769505,0.0390625,-0.191406,1.42112
9,0.933594,-0.15625,0.0869141,0.34375,-0.167364,0.433542,0.296248,0.493205,0.331014,1.00828,0.742447,0.366178,0.148241,0.00224266,0,0,0,0,0,0.00947455,0.00280682,0.11125,0.506028,0.870104,0.75545,-0.0664062,-0.15625,1.29131
10,0.871094,-0.201172,-0.0991211,0.302734,-0.230942,0.40868,0.25542,0.43992,0.258768,0.988812,0.664419,0.292291,0.18015,0.00230498,0,0,0,0,0,0.0171341,0.00437639,0.224815,0.379144,0.951592,0.729606,-0.128906,-0.201172,1.32762
11,0.898438,-0.0258789,-0.474609,0.498047,-0.0288043,0.48851,0.347336,0.514432,0.385283,1.0525,0.601721,0.309545,0.672514,0.00326663,0,0,0,0,0,-0.0325609,-0.0113096,0.471745,0.376914,0.957904,0.713682,-0.101562,-0.0258789,0.882042
12,1.04688,0.21582,-0.578125,0.474609,0.206157,0.581666,0.532186,0.68512,0.752611,0.987088,0.600201,0.41121,0.839177,0.00359214,0,0,0,0,0,-0.0515606,-0.0274398,0.748907,0.334773,0.978958,0.713567,0.046875,0.21582,0.938997
13,0.886719,-0.165039,-0.382812,0.226562,-0.186123,0.426174,0.274404,0.462682,0.289373,0.93283,0.815852,0.377481,0.804252,0.00352393,0,0,0,0,0,0.0189424,0.00519787,0.202409,0.507081,0.867219,0.771304,-0.113281,-0.165039,1.22336
14,1.125,0.248047,-1.29688,0.365234,0.220486,0.587254,0.582179,0.740813,0.887737,0.842658,0.661974,0.490399,2.14591,0.00614436,0,0,0,0,0,-0.055149,-0.0321066,0.726279,0.365968,0.963376,0.714325,0.125,0.248047,1.06794
15,0.945312,-0.0942383,-0.439453,0.404297,-0.0996901,0.460295,0.331953,0.519239,0.379802,0.982894,0.874998,0.454333,0.691134,0.003303,0,0,0,0,0,0.00715095,0.00237378,0.0712465,0.432699,0.916938,0.749595,-0.0546875,-0.0942383,1.26906
16,1.03906,0.0820312,-1.85156,0.378906,0.0789474,0.531463,0.457682,0.634095,0.611549,1.13567,0.581616,0.3688,3.00796,0.00782805,0,0,0,0,0,-0.0315232,-0.0144276,0.4725,0.31965,0.985957,0.7134,0.0390625,0.0820312,1.03802
17,1.07031,0.147461,-0.707031,0.369141,0.137774,0.55479,0.502928,0.676239,0.710237,1.08315,0.600109,0.405818,1.1637,0.00422599,0,0,0,0,0,-0.0415424,-0.0208929,0.603488,0.350314,0.971187,0.714431,0.0703125,0.147461,0.982416
18,1.04688,0.194336,0.147461,0.621094,0.185634,0.573634,0.518488,0.679123,0.730038,1.16817,0.575926,0.391124,0.187111,0.00231858,0,0,0,0,0,-0.0330841,-0.0171537,0.500794,0.419164,0.934165,0.714248,0.046875,0.194336,0.934111
19,0.96875,0.0620117,0.53125,0.174805,0.0640121,0.52552,0.419477,0.585986,0.519341,1.0652,0.600618,0.351954,1.27064,0.00443484,0,0,0,0,0,-0.0323533,-0.0135714,0.469598,0.392861,0.947929,0.717907,-0.03125,0.0620117,1.32823
20,0.960938,-0.207031,0.233398,0.398438,-0.215447,0.414709,0.28716,0.490825,0.32337,1.02109,0.874406,0.429181,0.369758,0.00267531,0,0,0,0,0,0.00378468,0.00108681,0.0377332,0.411659,0.93286,0.733636,-0.0390625,-0.207031,1.383
21,0.851562,0.0378418,2.1875,0.285156,0.0444381,0.517722,0.360399,0.509168,0.38914,0.903807,0.556043,0.283119,4.09644,0.00995398,0,0,0,0,0,-0.0281322,-0.0101388,0.441064,0.418921,0.930269,0.728042,-0.148438,0.0378418,1.11422
22,1.09375,0.143555,-0.578125,0.292969,0.13125,0.552211,0.510374,0.688398,0.734374,0.838298,0.759775,0.523028,1.0681,0.00403925,0,0,0,0,0,-0.054825,-0.0279813,0.629072,0.416744,0.926964,0.745477,0.09375,0.143555,1.07144
23,1.09375,0.229492,-1.90625,0.585938,0.209821,0.583096,0.558571,0.716927,0.825985,0.95664,0.640722,0.459351,2.49031,0.00681702,0,0,0,0,0,-0.0583783,-0.0326084,0.794308,0.307552,0.989966,0.716798,0.09375,0.229492,1.13946
24,1.59375,-8.53539e-05,-1.33594,0.316406,-5.35554e-05,0.499979,0.639055,0.928181,1.26991,1.22546,1.17849,1.09385,2.375,0.0065918,0,0,0,0,0,-0.0270724,-0.0173008,0.200266,0.687005,0.726714,0.717345,0.59375,-8.53539e-05,2.36352
25,0.867188,-0.192383,-1.32031,0.203125,-0.221847,0.412217,0.257133,0.440873,0.260486,0.909314,0.748944,0.330189,2.92951,0.00767483,0,0,0,0,0,0.022682,0.00583228,0.264021,0.496905,0.874179,0.768811,-0.132812,-0.192383,1.25688
26,2.75,0.769531,0.847656,0.355469,0.27983,0.610196,1.52715,1.85843,5.78597,1.09215,2.62704,4.88218,1.42174,0.00472995,0,0,0,0,0,-0.0894277,-0.13657,0.296765,0.968683,0.417327,0.752749,1.75,0.769531,5.13177
27,1.07812,0.0649414,-0.65625,0.417969,0.0602355,0.524016,0.464801,0.65069,0.639438,1.06339,0.569058,0.37028,1.01507,0.00393569,0,0,0,0,0,-0.0264579,-0.0122977,0.405328,0.339119,0.977213,0.712737,0.078125,0.0649414,0.760591
28,1.07812,0.199219,-0.130859,0.398438,0.184783,0.5733,0.53338,0.699141,0.773293,0.962155,0.613612,0.429001,0.207312,0.00235803,0,0,0,0,0,-0.0362167,-0.0193173,0.514544,0.520534,0.86378,0.733124,0.078125,0.199219,0.877831
29,0.882812,-0.133789,-0.398438,0.402344,-0.151549,0.439771,0.287115,0.470604,0.303903,1.05759,0.713863,0.335947,0.628147,0.00317998,0,0,0,0,0,0.00492982,0.00141543,0.0602037,0.357098,0.961275,0.734187,-0.117188,-0.133789,1.43467
30,0.859375,-0.0471191,1.03125,0.212891,-0.0548295,0.478137,0.321052,0.484585,0.337897,0.880478,0.610162,0.295675,2.23504,0.00631844,0,0,0,0,0,-0.0186228,-0.00597888,0.266076,0.444131,0.9126,0.739134,-0.140625,-0.0471191,1.03725
31,1.125,0.134766,-1.34375,0.324219,0.119792,0.547676,0.51851,0.703302,0.763486,0.830501,0.579678,0.407689,2.35993,0.00656237,0,0,0,0,0,-0.0444821,-0.0230644,0.668967,0.37551,0.956777,0.719226,0.125,0.134766,0.973563
32,0.882812,-0.0991211,-0.816406,0.384766,-0.112279,0.455301,0.304449,0.481375,0.324412,1.13543,0.708076,0.340851,1.31616,0.00452375,0,0,0,0,0,-0.00800978,-0.00243857,0.098616,0.387403,0.948796,0.72453,-0.117188,-0.0991211,1.00473
33,0.839844,-0.0644531,0.388672,0.378906,-0.0767442,0.469414,0.304553,0.467526,0.311333,1.06945,0.696038,0.325416,0.631418,0.00318636,0,0,0,0,0,-0.00122763,-0.000373878,0.0153759,0.357316,0.960895,0.735075,-0.160156,-0.0644531,0.924869
34,0.871094,0.0463867,0.175781,0.341797,0.0532511,0.521234,0.372504,0.52357,0.412885,1.1464,0.547585,0.286699,0.300669,0.00254037,0,0,0,0,0,-0.0265026,-0.00987233,0.421933,0.344636,0.970777,0.723426,-0.128906,0.0463867,0.99679
35,0.917969,-0.0446777,0.566406,0.800781,-0.0486702,0.480591,0.345769,0.519503,0.389439,1.15973,0.649262,0.337294,0.632952,0.00318936,0,0,0,0,0,-0.019086,-0.00659935,0.256273,0.330417,0.978002,0.721754,-0.0820312,-0.0446777,0.916619
36,1.04688,0.0825195,-1.21094,0.472656,0.0788246,0.531414,0.461059,0.638816,0.620662,0.944406,0.469626,0.300005,1.76136,0.00539329,0,0,0,0,0,-0.0357569,-0.0164861,0.663766,0.324103,0.983417,0.714807,0.046875,0.0825195,0.78722
37,1.03125,0.060791,0.699219,0.625,0.0589489,0.523504,0.443929,0.621925,0.583864,1.24074,0.603794,0.375515,0.88445,0.00368057,0,0,0,0,0,-0.03879,-0.01722,0.560064,0.310373,0.989592,0.714594,0.03125,0.060791,0.960693
38,1.00781,0.0461426,-0.832031,0.308594,0.0457849,0.518259,0.427206,0.603074,0.546203,1.20919,0.603542,0.36398,1.49777,0.00487846,0,0,0,0,0,-0.0154641,-0.00660638,0.22337,0.426752,0.928475,0.718276,0.0078125,0.0461426,1.24527
39,1.03125,-0.203125,-0.964844,0.361328,-0.19697,0.421926,0.315077,0.533878,0.3843,1.12921,0.893195,0.476858,1.60511,0.00508811,0,0,0,0,0,0.0260504,0.00820788,0.254258,0.359036,0.960774,0.732755,0.03125,-0.203125,1.59349
40,0.734375,-0.166016,0.0301514,0.410156,-0.226064,0.410576,0.21663,0.372202,0.185462,0.910785,0.735051,0.273587,0.0470796,0.00204508,0,0,0,0,0,0.0032644,0.000707166,0.0387162,0.399404,0.936326,0.745985,-0.265625,-0.166016,0.886469
41,0.925781,0.041748,-0.929688,0.219727,0.0450949,0.517984,0.392114,0.55376,0.460404,1.13565,0.447091,0.247581,1.98333,0.00582682,0,0,0,0,0,-0.0150007,-0.00588201,0.292498,0.344066,0.973781,0.715651,-0.0742188,0.041748,1.1133
42,1.0625,0.148438,-1.28906,0.511719,0.139706,0.555554,0.500284,0.672067,0.701958,1.0475,0.534797,0.359419,1.80201,0.00547268,0,0,0,0,0,-0.041437,-0.0207303,0.675471,0.382397,0.954225,0.715953,0.0625,0.148438,1.00098
43,1.07031,0.164062,0.667969,0.239258,0.153285,0.560913,0.511229,0.682435,0.727073,1.08775,0.646445,0.441157,1.3656,0.00462031,0,0,0,0,0,-0.0375938,-0.0192191,0.506981,0.412535,0.937037,0.717438,0.0703125,0.164062,1.28155
44,0.972656,-0.0264893,-1.21875,0.546875,-0.0272339,0.489137,0.376793,0.557445,0.452717,0.994305,0.521233,0.290559,1.64805,0.00517197,0,0,0,0,0,-0.0317517,-0.0119638,0.531058,0.325271,0.980956,0.720042,-0.0273438,-0.0264893,0.907046
45,0.945312,-0.139648,0.0805664,0.337891,-0.147727,0.441279,0.309248,0.505025,0.350685,0.881445,0.749519,0.378526,0.138601,0.00222383,0,0,0,0,0,0.00552569,0.00170881,0.0642704,0.525579,0.854947,0.770281,-0.0546875,-0.139648,1.12779
46,1.03125,0.0471191,1.14844,0.189453,0.0456913,0.518222,0.437093,0.617064,0.571819,0.8319,0.788323,0.486446,2.6385,0.00710644,0,0,0,0,0,-0.0324309,-0.0141753,0.358642,0.622387,0.782764,0.77352,0.03125,0.0471191,1.22432
47,1.04688,0.162109,-1.90625,0.480469,0.154851,0.561531,0.500854,0.668106,0.69722,0.986705,0.594589,0.397248,2.75009,0.0073244,0,0,0,0,0,-0.0404042,-0.0202366,0.592401,0.323389,0.984302,0.71332,0.046875,0.162109,0.902198
48,1.04688,0.0388184,0.207031,0.233398,0.0370802,0.514789,0.439209,0.623229,0.581319,0.827083,0.49934,0.311203,0.428536,0.00279011,0,0,0,0,0,-0.0242088,-0.0106327,0.422652,0.522823,0.865328,0.716545,0.046875,0.0388184,1.08845
49,0.960938,-0.0610352,2.25,0.5625,-0.0635163,0.474678,0.354821,0.539098,0.416525,1.04084,0.556775,0.300157,3,0.0078125,0,0,0,0,0,-0.0161594,-0.00573367,0.253018,0.349585,0.970848,0.716378,-0.0390625,-0.0610352,0.941537
50,0.832031,-0.0439453,2.29688,0.291016,-0.0528169,0.478939,0.311674,0.469722,0.317779,1.1096,0.558878,0.262517,4.25774,0.010269,0,0,0,0,0,-0.00380697,-0.00118653,0.059384,0.345473,0.969271,0.726706,-0.167969,-0.0439453,1.11062
51,0.964844,-0.388672,1.83594,0.480469,-0.402834,0.343535,0.2228,0.428898,0.233593,1.32184,0.867152,0.37192,2.64865,0.00712628,0,0,0,0,0,0.0278203,0.00619836,0.279688,0.934467,0.655947,1.20685,-0.0351562,-0.388672,1.56459
52,0.90625,0.0644531,-0.0859375,0.176758,0.0711207,0.528349,0.395635,0.550491,0.459567,0.757904,0.631519,0.347645,0.204406,0.00235236,0,0,0,0,0,-0.0345126,-0.0136544,0.476429,0.446681,0.904019,0.774505,-0.09375,0.0644531,1.08254
53,0.855469,-0.0200195,0.800781,0.322266,-0.0234018,0.490665,0.333035,0.491392,0.352379,1.01342,0.601184,0.295417,1.41061,0.00470822,0,0,0,0,0,-0.0181089,-0.00603089,0.262597,0.409045,0.936926,0.724444,-0.144531,-0.0200195,1.25813
54,1.10938,0.125977,0.703125,0.277344,0.113556,0.545205,0.50785,0.690988,0.735376,0.920066,0.692846,0.478748,1.33513,0.0045608,0,0,0,0,0,-0.0357996,-0.0181809,0.450452,0.511239,0.870246,0.733523,0.109375,0.125977,1.03277
55,1.07812,0.169922,2.23438,0.439453,0.157609,0.562617,0.517292,0.689165,0.742538,1.12521,0.592244,0.408154,3.37054,0.00853622,0,0,0,0,0,-0.0466824,-0.0241484,0.687162,0.376552,0.957249,0.716175,0.078125,0.169922,0.923662
56,0.957031,0.133789,-0.0722656,0.194336,0.139796,0.555589,0.450666,0.605387,0.569593,0.828733,0.547234,0.331288,0.163929,0.0022733,0,0,0,0,0,-0.0298297,-0.0134433,0.475207,0.448372,0.912772,0.727868,-0.0429688,0.133789,0.956086
57,0.785156,-0.0996094,1.6875,0.296875,-0.126866,0.449523,0.265045,0.424527,0.250472,0.987396,0.669701,0.284306,3.09711,0.00800217,0,0,0,0,0,-0.00389335,-0.00103191,0.0506815,0.426707,0.922556,0.740378,-0.214844,-0.0996094,1.21088
58,0.972656,0.00114441,-0.761719,0.267578,0.00117658,0.500469,0.39061,0.566875,0.473923,0.990805,0.841742,0.477163,1.47255,0.00482919,0,0,0,0,0,-0.0121698,-0.00475364,0.126041,0.419513,0.925018,0.747114,-0.0273438,0.00114441,1.24852
59,0.972656,0.0211182,-0.917969,0.353516,0.0217118,0.508661,0.400597,0.573802,0.489727,1.05327,0.406439,0.233216,1.54392,0.00496859,0,0,0,0,0,-0.0199326,-0.00798492,0.427538,0.332107,0.980367,0.713131,-0.0273438,0.0211182,0.75313
60,0.851562,-0.0390625,0.470703,0.324219,-0.0458716,0.481706,0.321947,0.482715,0.336664,1.20185,0.611062,0.294969,0.826662,0.0035677,0,0,0,0,0,-0.00886026,-0.00285254,0.126406,0.325136,0.979674,0.723793,-0.148438,-0.0390625,0.966097
61,1.11719,0.220703,-0.478516,0.765625,0.197552,0.578302,0.561801,0.728439,0.846243,1.01793,0.644869,0.469747,0.546875,0.00302124,0,0,0,0,0,-0.0505026,-0.0283724,0.682731,0.294529,0.997584,0.711366,0.117188,0.220703,0.934024
62,1.15625,0.109863,-0.667969,0.298828,0.0950169,0.537849,0.518591,0.712344,0.77637,0.962582,0.764456,0.544555,1.22193,0.0043397,0,0,0,0,0,-0.034019,-0.0176419,0.38795,0.476507,0.896647,0.720483,0.15625,0.109863,1.631
63,0.910156,-0.0172119,0.441406,0.155273,-0.0189109,0.492456,0.356369,0.524192,0.401776,0.804159,0.494046,0.258975,1.12019,0.00414099,0,0,0,0,0,-0.0217383,-0.00774687,0.383589,0.529004,0.855296,0.748635,-0.0898438,-0.0172119,1.10409
64,0.800781,-0.0981445,0.213867,0.6875,-0.122561,0.451227,0.272043,0.434054,0.26241,1.31523,0.541687,0.235121,0.257934,0.0024569,0,0,0,0,0,-0.000415877,-0.000113136,0.00669305,0.318954,0.985634,0.715069,-0.199219,-0.0981445,1.03131
65,0.972656,0.00546265,-0.447266,0.369141,0.00561621,0.502241,0.392769,0.568365,0.477306,0.932597,0.547735,0.311314,0.736156,0.00339093,0,0,0,0,0,-0.0103926,-0.0040819,0.16541,0.520277,0.861713,0.746656,-0.0273438,0.00546265,1.26245
66,0.933594,-0.122559,-1.79688,0.353516,-0.131276,0.447778,0.313094,0.503503,0.351544,1.09653,0.611441,0.307863,3.02213,0.00785573,0,0,0,0,0,0.0119497,0.00374139,0.170377,0.382901,0.950688,0.726143,-0.0664062,-0.122559,1.20955
67,0.710938,-0.0238037,1.36719,0.695312,-0.0334821,0.486645,0.273186,0.405952,0.239427,1.30044,0.643834,0.261365,1.6396,0.00515547,0,0,0,0,0,-0.0041128,-0.00112356,0.0556892,0.350727,0.969319,0.71914,-0.289062,-0.0238037,0.970051
68,0.953125,-0.0205078,-1.00781,0.400391,-0.0215164,0.491417,0.371951,0.548096,0.438758,1.00354,0.481617,0.263972,1.59271,0.00506389,0,0,0,0,0,-0.0138857,-0.0051648,0.251346,0.351798,0.969107,0.718249,-0.046875,-0.0205078,0.956319
69,0.820312,-0.0986328,0.267578,0.738281,-0.120238,0.452147,0.279631,0.445238,0.276431,1.09979,0.482083,0.214642,0.311415,0.00256136,0,0,0,0,0,-0.00219666,-0.000614255,0.0397236,0.331132,0.9771,0.723382,-0.179688,-0.0986328,0.918576
70,0.976562,-0.00744629,0.179688,0.240234,-0.007625,0.496958,0.387881,0.566199,0.471033,1.0035,0.607558,0.343999,0.366607,0.00266915,0,0,0,0,0,-0.00943626,-0.00366014,0.1354,0.362967,0.961206,0.725279,-0.0234375,-0.00744629,1.16875
71,1.05469,-0.00512695,1.32031,0.410156,-0.00486111,0.498061,0.420369,0.612494,0.551859,1.17176,0.658041,0.403047,2.06159,0.00597967,0,0,0,0,0,-0.0339291,-0.0142627,0.449496,0.374304,0.958309,0.716524,0.0546875,-0.00512695,1.14077
72,1.01562,0.100098,-2.98438,0.386719,0.0985577,0.539255,0.457317,0.627018,0.60229,1.30237,0.629032,0.394414,4.79906,0.0113263,0,0,0,0,0,-0.0141517,-0.00647182,0.19613,0.386885,0.948181,0.727438,0.015625,0.100098,1.23648
73,0.976562,-0.090332,1.11719,0.231445,-0.0925,0.46315,0.346438,0.538655,0.410168,1.003,0.799043,0.430409,2.32221,0.0064887,0,0,0,0,0,0.00903722,0.00313083,0.0985987,0.38404,0.948499,0.731388,-0.0234375,-0.090332,1.20259
74,0.878906,-0.00476074,2.40625,0.460938,-0.00541667,0.497839,0.350063,0.510245,0.382894,1.07463,0.756441,0.38597,3.54421,0.00887541,0,0,0,0,0,-0.0343511,-0.0120251,0.395888,0.388903,0.942199,0.744754,-0.121094,-0.00476074,1.11072
75,0.972656,0.0111694,-0.298828,0.224609,0.0114834,0.504581,0.395622,0.570341,0.481805,1.02348,0.527362,0.300776,0.630533,0.00318463,0,0,0,0,0,-0.00648185,-0.00256436,0.107151,0.380777,0.953081,0.722093,-0.0273438,0.0111694,0.988152
76,0.867188,-0.0480957,1.375,0.320312,-0.0554617,0.477885,0.323696,0.488809,0.343714,1.11864,0.580086,0.283551,2.42949,0.00669823,0,0,0,0,0,-0.0139435,-0.00451345,0.209549,0.346228,0.970162,0.723002,-0.132812,-0.0480957,0.929993
77,1.48438,0.0825195,0.447266,0.188477,0.0555921,0.522167,0.636498,0.893419,1.20333,1.06124,1.24234,1.10993,1.03024,0.00396531,0,0,0,0,0,-0.0322492,-0.0205266,0.226301,0.699161,0.715413,0.740749,0.484375,0.0825195,2.42233
78,0.890625,0.0771484,0.121582,0.410156,0.0866228,0.534514,0.395717,0.545982,0.454688,1.1272,0.625663,0.341601,0.189843,0.00232391,0,0,0,0,0,-0.0332707,-0.0131658,0.463584,0.36938,0.959639,0.720164,-0.109375,0.0771484,1.15457
79,1.08594,0.259766,-0.75,0.433594,0.239209,0.594528,0.574927,0.720924,0.850273,1.0469,0.77881,0.561463,1.13899,0.00417771,0,0,0,0,0,-0.067164,-0.0386144,0.751816,0.413607,0.932142,0.732244,0.0859375,0.259766,1.25424
80,0.757812,-0.189453,0.222656,0.431641,-0.25,0.401294,0.216969,0.37739,0.189499,1.15202,0.822092,0.310249,0.338902,0.00261504,0,0,0,0,0,0.0399785,0.00867409,0.423948,0.366526,0.954554,0.741212,-0.242188,-0.189453,1.19474
81,1.03906,-0.065918,-0.914062,0.390625,-0.0634398,0.474708,0.383708,0.582954,0.487066,1.22903,0.787362,0.458996,1.4625,0.00480957,0,0,0,0,0,-0.0193661,-0.0074309,0.214424,0.365131,0.958828,0.729324,0.0390625,-0.065918,1.33462
82,1.09375,0.155273,-1.03906,0.574219,0.141964,0.556446,0.516233,0.692754,0.746404,1.05553,0.572062,0.396298,1.37121,0.00463126,0,0,0,0,0,-0.0448321,-0.0231438,0.683208,0.333515,0.980234,0.711738,0.09375,0.155273,0.868862
83,0.894531,-0.0583496,0.460938,0.337891,-0.0652293,0.473996,0.329534,0.50134,0.359934,1.05838,0.646143,0.323937,0.792965,0.00350188,0,0,0,0,0,-0.0220227,-0.00725725,0.297132,0.404764,0.940739,0.719778,-0.105469,-0.0583496,1.09268
84,0.773438,-0.169922,0.855469,0.435547,-0.219697,0.413054,0.229937,0.39383,0.207973,1.05212,0.753069,0.296581,1.29624,0.00448485,0,0,0,0,0,0.00850938,0.00195662,0.0985077,0.43343,0.914395,0.759542,-0.226562,-0.169922,1.45037
85,1.08594,-0.125977,-1.24219,0.226562,-0.116007,0.453823,0.372475,0.590856,0.487849,0.967506,0.766905,0.45313,2.60972,0.00705023,0,0,0,0,0,0.00558271,0.00207942,0.0634615,0.46811,0.896819,0.743813,0.0859375,-0.125977,1.39672
86,1.04688,0.0222168,-1.21875,0.347656,0.021222,0.508466,0.430908,0.617408,0.566874,0.97173,0.5114,0.315742,2.067,0.00599023,0,0,0,0,0,-0.0198067,-0.00853488,0.337644,0.356113,0.967747,0.716053,0.046875,0.0222168,1.09169
87,1.28125,-0.265625,-0.730469,0.246094,-0.207317,0.417881,0.386655,0.658327,0.582896,0.98882,1.3005,0.856157,1.47249,0.00482908,0,0,0,0,0,0.0568836,0.0219943,0.381313,0.641599,0.768649,0.818353,0.28125,-0.265625,2.31751
88,1.08594,0.132812,-0.111816,0.200195,0.122302,0.54867,0.50187,0.679887,0.71412,0.877357,0.595447,0.404837,0.249907,0.00244122,0,0,0,0,0,-0.0373417,-0.0187407,0.54671,0.363263,0.964386,0.715387,0.0859375,0.132812,0.965432
89,0.945312,-0.0771484,-0.0800781,0.292969,-0.0816116,0.467478,0.340498,0.524743,0.391294,1.02779,0.750055,0.393586,0.147946,0.00224208,0,0,0,0,0,-0.0136109,-0.0046345,0.158198,0.331613,0.973249,0.734123,-0.0546875,-0.0771484,1.2648
90,1.25781,0.227539,-0.0825195,0.236328,0.180901,0.571777,0.619163,0.814317,1.04648,0.72488,0.802877,0.653797,0.169746,0.00228466,0,0,0,0,0,-0.058752,-0.0363771,0.63794,0.665319,0.746978,0.721992,0.257812,0.227539,1.4144
91,1.02344,0.147461,0.582031,0.300781,0.144084,0.557283,0.484131,0.649028,0.655621,0.941664,0.588696,0.38208,1.06126,0.00402589,0,0,0,0,0,-0.0426625,-0.0206542,0.631774,0.320478,0.984164,0.717172,0.0234375,0.147461,0.861775
92,0.980469,0.00704956,-1.00781,0.527344,0.00718999,0.502868,0.396695,0.573464,0.486228,1.19496,0.46567,0.267045,1.38782,0.00466371,0,0,0,0,0,-0.00841296,-0.00333738,0.157499,0.327855,0.982823,0.711844,-0.0195312,0.00704956,0.869442
93,1,0.0732422,0.636719,0.209961,0.0732422,0.529193,0.437623,0.608201,0.561423,0.867857,0.565743,0.344085,1.38956,0.00466712,0,0,0,0,0,-0.0347632,-0.0152132,0.535682,0.438332,0.920809,0.720748,0,0.0732422,0.965427
94,0.960938,0.0263672,1.35938,0.15918,0.027439,0.510945,0.398522,0.568814,0.482369,0.971203,0.596925,0.339539,3.40718,0.00860778,0,0,0,0,0,-0.0132621,-0.00528522,0.193686,0.483915,0.890862,0.724102,-0.0390625,0.0263672,1.29654
95,0.882812,-0.0449219,0.178711,0.369141,-0.050885,0.479709,0.331549,0.498957,0.358882,0.901891,0.518922,0.25892,0.294141,0.00252762,0,0,0,0,0,-0.0122447,-0.00405973,0.205709,0.393356,0.942497,0.735063,-0.117188,-0.0449219,1.06276
96,0.960938,0.0471191,0.460938,0.582031,0.0490346,0.519554,0.408898,0.576131,0.499124,1.03089,0.671303,0.386759,0.604184,0.00313317,0,0,0,0,0,-0.0230637,-0.00943068,0.299513,0.389028,0.947405,0.726227,-0.0390625,0.0471191,1.16125
97,1.02344,0.0358887,0.296875,0.235352,0.0350668,0.513987,0.428345,0.608551,0.553814,0.990522,0.457424,0.278366,0.611949,0.00314834,0,0,0,0,0,-0.0240729,-0.0103115,0.458792,0.350541,0.971921,0.712095,0.0234375,0.0358887,0.762071
98,1.04688,0.0332031,-2.65625,0.503906,0.0317164,0.512651,0.436401,0.621254,0.576402,1.15989,0.817648,0.507967,3.74192,0.00926156,0,0,0,0,0,-0.00669003,-0.00291953,0.0713294,0.46589,0.896764,0.751027,0.046875,0.0332031,1.15794
99,0.914062,-0.0354004,0.535156,0.194336,-0.0387286,0.484553,0.348841,0.520327,0.39243,0.966631,0.755444,0.393078,1.21396,0.00432414,0,0,0,0,0,-0.00562995,-0.00196396,0.0649694,0.404117,0.937268,0.732862,-0.0859375,-0.0354004,1.28216
100,0.945312,0.0615234,0.304688,0.486328,0.0650826,0.525946,0.409834,0.572171,0.495344,1.15996,0.474621,0.271564,0.436908,0.00280646,0,0,0,0,0,-0.0202014,-0.00827921,0.371057,0.334961,0.978637,0.714197,-0.0546875,0.0615234,0.881138
101,0.96875,0.00680542,0.984375,0.570312,0.00702495,0.502803,0.391874,0.566554,0.474549,0.928153,0.681925,0.386348,1.30348,0.00449898,0,0,0,0,0,-0.0311422,-0.0122038,0.398125,0.468599,0.896965,0.741625,-0.03125,0.00680542,1.02081
102,0.960938,-0.0286865,-1.03906,0.285156,-0.0298526,0.488092,0.370995,0.549879,0.440004,0.981881,0.524876,0.288618,1.94581,0.00575353,0,0,0,0,0,-0.00165287,-0.000613206,0.0274529,0.449708,0.913878,0.720459,-0.0390625,-0.0286865,1.17113
103,0.949219,-0.0751953,-0.059082,0.605469,-0.0792181,0.46843,0.343041,0.527649,0.396091,1.01976,0.579067,0.305544,0.0759293,0.00210142,0,0,0,0,0,-0.0175046,-0.00600482,0.263531,0.367582,0.958833,0.72543,-0.0507812,-0.0751953,0.998111
104,0.972656,-0.0556641,-0.474609,0.441406,-0.0572289,0.477181,0.362205,0.54769,0.431157,0.985697,0.480618,0.26323,0.71436,0.00334836,0,0,0,0,0,-0.012746,-0.00461667,0.231196,0.327407,0.980892,0.717557,-0.0273438,-0.0556641,0.8929
105,0.824219,-0.246094,-0.964844,0.271484,-0.298578,0.382631,0.22147,0.39598,0.205849,0.979448,0.76589,0.303277,1.85176,0.00556984,0,0,0,0,0,0.0396813,0.00878823,0.451675,0.442128,0.908718,0.762962,-0.175781,-0.246094,1.19977
106,1.10938,0.0524902,-1.10938,0.291016,0.0473151,0.518869,0.471107,0.66445,0.663436,1.14084,0.670664,0.445623,2.05646,0.00596965,0,0,0,0,0,-0.012213,-0.00575362,0.158753,0.517242,0.869245,0.717172,0.109375,0.0524902,1.38119
107,0.847656,-0.192383,-0.488281,0.464844,-0.226959,0.410228,0.249771,0.429334,0.246714,1.03592,0.835786,0.358832,0.716171,0.0033519,0,0,0,0,0,0.000185515,4.63362e-05,0.00193504,0.471158,0.893937,0.748634,-0.152344,-0.192383,1.17482
108,0.898438,-0.183594,-2.01562,0.400391,-0.204348,0.419041,0.272097,0.462631,0.288064,1.31111,0.784186,0.362789,3.18543,0.00817466,0,0,0,0,0,0.00806824,0.00219534,0.0896946,0.324027,0.97682,0.733569,-0.101562,-0.183594,1.68664
109,0.902344,0.00613403,1.28906,0.570312,0.00679789,0.502712,0.364909,0.527647,0.41157,1.1423,0.626422,0.33053,1.70694,0.00528699,0,0,0,0,0,-0.0187565,-0.0068444,0.26103,0.342959,0.973559,0.717751,-0.0976562,0.00613403,1.0009
110,0.953125,-0.0257568,-0.168945,0.484375,-0.0270236,0.48922,0.369327,0.546319,0.434867,0.99175,0.808661,0.441787,0.242748,0.00242724,0,0,0,0,0,-0.00231512,-0.000855036,0.0249582,0.412989,0.917374,0.807213,-0.046875,-0.0257568,1.34123
111,0.886719,0.0393066,1.48438,0.582031,0.0443282,0.517679,0.37523,0.530154,0.421861,0.970249,0.604508,0.320482,1.94568,0.00575327,0,0,0,0,0,-0.0166638,-0.00625275,0.240314,0.373415,0.94979,0.745977,-0.113281,0.0393066,0.973277
112,0.925781,0.143555,1.89844,0.455078,0.155063,0.561614,0.443018,0.590899,0.545426,1.14829,0.68573,0.405197,2.81419,0.00744959,0,0,0,0,0,-0.0408896,-0.0181148,0.519836,0.351358,0.969516,0.717696,-0.0742188,0.143555,0.991589
113,1.05469,0.0419922,0.960938,0.515625,0.0398148,0.51588,0.443928,0.628897,0.592584,1.07001,0.642046,0.403781,1.33822,0.00456684,0,0,0,0,0,-0.0376532,-0.0167153,0.511261,0.366745,0.9623,0.716286,0.0546875,0.0419922,1.11467
114,1.03125,0.0844727,-0.894531,0.361328,0.0819129,0.532642,0.45577,0.630432,0.605171,0.955481,0.660237,0.416234,1.48814,0.00485965,0,0,0,0,0,-0.0252648,-0.0115149,0.333598,0.413387,0.930192,0.74007,0.03125,0.0844727,1.41534
115,1.07812,0.0286865,0.265625,0.398438,0.0266078,0.510614,0.446674,0.637867,0.606392,0.886466,0.838204,0.534663,0.420813,0.00277502,0,0,0,0,0,-0.0180024,-0.0080412,0.187235,0.678776,0.739043,0.822243,0.078125,0.0286865,1.33771
116,1.13281,0.196289,-1.20312,0.484375,0.173276,0.568783,0.552405,0.730807,0.83923,0.932479,0.622931,0.455242,1.7287,0.00532949,0,0,0,0,0,-0.0500412,-0.027643,0.700316,0.359651,0.966514,0.714525,0.132812,0.196289,1.12198
117,1.00781,0.09375,0.457031,0.605469,0.0930233,0.537057,0.45101,0.620163,0.588013,1.25263,0.5469,0.339168,0.587354,0.0031003,0,0,0,0,0,-0.0403466,-0.0181967,0.643141,0.305803,0.991674,0.714307,0.0078125,0.09375,0.908251
118,0.820312,-0.118652,-0.648438,0.273438,-0.144643,0.442496,0.269621,0.439021,0.265435,1.04478,0.718804,0.31557,1.24005,0.0043751,0,0,0,0,0,0.0355027,0.00957228,0.430584,0.401501,0.93641,0.741303,-0.179688,-0.118652,0.993824
119,0.933594,-0.0517578,-0.125977,0.609375,-0.0554393,0.477894,0.348494,0.526247,0.398385,1.15139,0.581532,0.30603,0.161379,0.00226832,0,0,0,0,0,-0.0157837,-0.00550053,0.236615,0.325888,0.981857,0.716816,-0.0664062,-0.0517578,1.17192
120,0.9375,0.0820312,0.0578613,0.302734,0.0875,0.534863,0.416955,0.575016,0.504495,0.938088,0.541334,0.311276,0.105162,0.00215852,0,0,0,0,0,-0.0337138,-0.0140572,0.542936,0.380025,0.955372,0.716302,-0.0625,0.0820312,1.14008
121,0.902344,-0.0854492,-0.198242,0.558594,-0.094697,0.462278,0.319117,0.49708,0.348925,1.21645,0.575558,0.286098,0.265246,0.00247118,0,0,0,0,0,0.00474488,0.00151417,0.0718693,0.360929,0.963682,0.72088,-0.0976562,-0.0854492,1.06736
122,0.878906,-0.126953,-1.19531,0.310547,-0.144444,0.442575,0.288967,0.470433,0.304809,1.02737,0.587824,0.276532,2.14495,0.00614249,0,0,0,0,0,-0.00738606,-0.00213433,0.10954,0.348984,0.9699,0.719907,-0.121094,-0.126953,1.29593
123,1.92969,0.208984,-1.125,0.507812,0.1083,0.543121,0.878301,1.19821,2.20711,1.06553,1.59185,1.90737,1.5787,0.00503653,0,0,0,0,0,-0.0887813,-0.0779767,0.486212,0.843623,0.559718,0.717782,0.929688,0.208984,2.79108
124,0.84375,-0.145508,-1.80469,0.328125,-0.172454,0.43154,0.265592,0.444455,0.268079,1.13292,0.623287,0.277023,3.15052,0.00810649,0,0,0,0,0,-0.00478535,-0.00127095,0.0669318,0.400165,0.941347,0.72625,-0.15625,-0.145508,1.09825
125,1.03906,0.00558472,-0.376953,0.238281,0.00537477,0.502144,0.419459,0.607083,0.544495,0.913776,0.605987,0.367884,0.772222,0.00346137,0,0,0,0,0,-0.00928658,-0.00389534,0.133598,0.428394,0.925443,0.725529,0.0390625,0.00558472,1.19595
126,0.945312,0.0294189,0.957031,0.267578,0.0311209,0.512413,0.393782,0.560785,0.469544,0.999254,0.502828,0.281978,1.85012,0.00556665,0,0,0,0,0,-0.0252144,-0.00992898,0.437156,0.377224,0.955982,0.718918,-0.0546875,0.0294189,0.973488
127,1.03906,0.0678711,0.964844,0.257812,0.0653195,0.52604,0.450602,0.629004,0.598688,0.853067,0.569947,0.358499,1.90022,0.0056645,0,0,0,0,0,-0.0323463,-0.0145753,0.494763,0.365608,0.960588,0.723103,0.0390625,0.0678711,0.955209
128,1.01562,0.110352,-1.28906,0.392578,0.108654,0.543261,0.462444,0.630767,0.611721,1.04742,0.461837,0.291312,2.05736,0.00597141,0,0,0,0,0,-0.0343046,-0.0158639,0.647545,0.325673,0.983477,0.712755,0.015625,0.110352,0.918847
129,0.996094,-0.0133667,-1.32031,0.470703,-0.0134191,0.494647,0.392753,0.57555,0.485512,1.03944,0.971373,0.559074,1.92443,0.00571179,0,0,0,0,0,0.00888252,0.00348863,0.0797181,0.420286,0.918481,0.776186,-0.00390625,-0.0133667,1.34557
130,0.96875,0.0238037,-1.14062,0.332031,0.0245716,0.509802,0.400373,0.572466,0.488016,1.08084,0.569062,0.325768,1.97949,0.00581932,0,0,0,0,0,-0.0184597,-0.00739077,0.282796,0.372236,0.957672,0.721673,-0.03125,0.0238037,0.918208
131,0.960938,-0.0424805,0.0135498,0.546875,-0.0442073,0.48237,0.364098,0.545249,0.429864,1.02554,0.614073,0.334823,0.0183227,0.00198891,0,0,0,0,0,-0.0243079,-0.00885044,0.345091,0.390428,0.945684,0.729461,-0.0390625,-0.0424805,1.05775
132,0.925781,0.0593262,-0.660156,0.25,0.0640823,0.525548,0.400904,0.560018,0.474344,1.04419,0.568623,0.318439,1.32031,0.00453186,0,0,0,0,0,-0.0185702,-0.00744486,0.284708,0.40233,0.940835,0.723948,-0.0742188,0.0593262,1.00234
133,1.04688,-0.130859,1.33594,0.345703,-0.125,0.450262,0.35437,0.566647,0.446666,0.977974,0.714984,0.405143,2.27214,0.00639089,0,0,0,0,0,0.0107211,0.00379922,0.130722,0.441984,0.915068,0.734239,0.046875,-0.130859,1.26215
134,0.945312,-0.0566406,-0.496094,0.566406,-0.0599174,0.476111,0.350752,0.531454,0.40547,1.18072,0.508349,0.270164,0.659173,0.00324057,0,0,0,0,0,-0.0164275,-0.00576199,0.28172,0.34264,0.97452,0.7155,-0.0546875,-0.0566406,1.12805
135,1.03906,-0.0727539,0.746094,0.726562,-0.0700188,0.472089,0.38029,0.58071,0.481844,1.23146,0.738929,0.429103,0.8753,0.0036627,0,0,0,0,0,-0.0154523,-0.00587636,0.182305,0.361352,0.962106,0.724991,0.0390625,-0.0727539,1.45401
136,1.04688,-0.0524902,-0.988281,0.359375,-0.0501399,0.480005,0.393554,0.591942,0.505281,1.10034,0.753086,0.445783,1.64857,0.00517298,0,0,0,0,0,-0.00181349,-0.000713705,0.0209931,0.565984,0.827589,0.755193,0.046875,-0.0524902,1.34741
137,0.988281,-0.111328,0.804688,0.527344,-0.112648,0.455155,0.340639,0.538769,0.406308,1.12855,0.83544,0.450109,1.1081,0.00411739,0,0,0,0,0,0.00589933,0.00200954,0.0615594,0.426674,0.92148,0.744913,-0.0117188,-0.111328,1.59984
138,0.894531,-0.0825195,1.15625,0.259766,-0.0922489,0.46325,0.317449,0.49348,0.344297,1.07342,0.46791,0.230904,2.26862,0.00638401,0,0,0,0,0,0.0163129,0.00517853,0.303932,0.357113,0.966066,0.719464,-0.105469,-0.0825195,0.974929
139,0.839844,-0.326172,-0.466797,0.236328,-0.388372,0.34887,0.198337,0.377379,0.181752,0.787827,0.864281,0.326161,0.960219,0.00382855,0,0,0,0,0,0.0375184,0.00744129,0.378439,0.574212,0.818919,0.800255,-0.160156,-0.326172,1.27961
140,1.05469,0.115234,-0.886719,0.519531,0.109259,0.543502,0.480549,0.655261,0.660295,0.883505,0.544689,0.356914,1.23021,0.00435588,0,0,0,0,0,-0.0380033,-0.0182624,0.608246,0.335968,0.977347,0.716422,0.0546875,0.115234,0.78577
141,2.42188,0.433594,-1.01562,0.40625,0.179032,0.571044,1.18929,1.56669,3.86895,1.17627,2.19017,3.43132,1.59344,0.00506532,0,0,0,0,0,-0.0711423,-0.0846091,0.283177,0.909452,0.485482,0.736073,1.42188,0.433594,4.50956
142,0.832031,-0.115723,-0.597656,0.490234,-0.139085,0.444692,0.275785,0.446716,0.275613,1.08292,0.657576,0.29375,0.853591,0.00362029,0,0,0,0,0,-0.0110941,-0.0030596,0.14708,0.371551,0.956055,0.727819,-0.167969,-0.115723,1.00046
143,0.953125,-0.0966797,0.109863,0.145508,-0.101434,0.459603,0.333866,0.522999,0.384994,0.825096,0.719987,0.376552,0.288011,0.00251565,0,0,0,0,0,-0.00942833,-0.00314779,0.114161,0.538176,0.844611,0.789825,-0.046875,-0.0966797,1.22596
144,0.867188,-0.227539,-1.42969,0.318359,-0.262387,0.396511,0.244391,0.427934,0.242855,1.07566,0.737297,0.315515,2.53386,0.00690207,0,0,0,0,0,0.0292911,0.00715847,0.346337,0.332817,0.976184,0.72379,-0.132812,-0.227539,1.20601
145,1.07812,0.0098877,0.375,0.34375,0.0091712,0.503659,0.437275,0.631321,0.589775,0.862185,0.636699,0.401961,0.639602,0.00320235,0,0,0,0,0,-0.0143121,-0.00625833,0.195965,0.40013,0.936904,0.742242,0.078125,0.0098877,1.20215
146,0.964844,0.0405273,-1.32031,0.412109,0.042004,0.516752,0.407168,0.576071,0.497643,1.14745,0.507833,0.292548,2.0567,0.00597011,0,0,0,0,0,-0.0148109,-0.00603051,0.254253,0.333552,0.978994,0.715013,-0.0351562,0.0405273,0.878184
147,0.945312,0.0583496,-0.150391,0.25,0.0617252,0.524609,0.408247,0.571036,0.492748,0.925048,0.526501,0.300651,0.300781,0.00254059,0,0,0,0,0,-0.0236793,-0.00966702,0.392082,0.405469,0.940046,0.720747,-0.0546875,0.0583496,1.05052
148,1,0.211914,-0.582031,0.330078,0.211914,0.583913,0.512027,0.656068,0.692597,1.00081,0.574577,0.376961,1.01307,0.00393177,0,0,0,0,0,-0.0465453,-0.0238325,0.706211,0.332423,0.978893,0.716715,0,0.211914,1.01826
149,1.46875,0.171875,0.640625,0.188477,0.117021,0.546578,0.67491,0.916701,1.29584,0.930009,1.25439,1.1499,1.47562,0.0048352,0,0,0,0,0,-0.0354684,-0.0239379,0.246498,0.87746,0.52088,0.723984,0.46875,0.171875,2.21416
150,1.08594,0.0605469,1.10938,0.488281,0.0557554,0.522232,0.465737,0.65367,0.644195,1.11176,0.699126,0.456997,1.58761,0.00505392,0,0,0,0,0,-0.0551629,-0.0256914,0.687858,0.509521,0.863577,0.790249,0.0859375,0.0605469,1.3476
151,1,-0.114746,-0.0629883,0.535156,-0.114746,0.454323,0.343629,0.544495,0.414556,1.0929,0.676141,0.368156,0.0861032,0.0021213,0,0,0,0,0,0.0106294,0.00365256,0.137049,0.360601,0.962045,0.726325,0,-0.114746,1.36267
152,0.871094,-0.162109,-1.00781,0.609375,-0.186099,0.426184,0.269577,0.454538,0.279276,1.07246,0.761269,0.346025,1.29103,0.00447467,0,0,0,0,0,0.0113205,0.00305175,0.129639,0.350644,0.962107,0.741651,-0.128906,-0.162109,1.18391
153,0.984375,0.0322266,-0.285156,0.283203,0.0327381,0.513058,0.41085,0.584517,0.510458,0.926174,0.52472,0.306708,0.535838,0.00299968,0,0,0,0,0,-0.0243865,-0.0100192,0.405162,0.352564,0.965354,0.728267,-0.015625,0.0322266,1.04154
154,0.972656,-0.000249863,0.316406,0.300781,-0.000256887,0.499898,0.389913,0.566395,0.472835,1.03241,0.586566,0.332228,0.576925,0.00307993,0,0,0,0,0,-0.0308948,-0.0120463,0.459172,0.446604,0.914885,0.723913,-0.0273438,-0.000249863,0.958784
155,0.996094,-0.0211182,0.3125,0.273438,-0.021201,0.491543,0.388877,0.572912,0.479454,0.970705,0.60213,0.344967,0.597614,0.00312034,0,0,0,0,0,-0.00119576,-0.000465002,0.0173125,0.394143,0.942782,0.732575,-0.00390625,-0.0211182,0.960652
156,0.984375,0.139648,0.373047,0.605469,0.141865,0.556407,0.464561,0.623442,0.604497,1.20596,0.578134,0.360433,0.479422,0.0028895,0,0,0,0,0,-0.0419093,-0.0194694,0.631958,0.323325,0.983477,0.715585,-0.015625,0.139648,1.12263
157,0.945312,0.162109,-0.0422363,0.269531,0.171488,0.56808,0.460127,0.609207,0.58285,0.919369,0.593843,0.361773,0.0813545,0.00211202,0,0,0,0,0,-0.0417688,-0.019219,0.613179,0.447889,0.913202,0.727345,-0.0546875,0.162109,1.14799
158,1.14062,0.0927734,1.67969,0.554688,0.0813356,0.532412,0.50378,0.697058,0.739684,1.05267,0.623064,0.434311,2.2553,0.00635801,0,0,0,0,0,-0.0362701,-0.0182722,0.507486,0.433823,0.922666,0.72388,0.140625,0.0927734,1.25013
159,0.941406,-0.148438,0.419922,0.523438,-0.157676,0.437356,0.303287,0.500084,0.342068,1.10852,0.789311,0.394722,0.580412,0.00308674,0,0,0,0,0,-0.014737,-0.00446954,0.162767,0.443671,0.912758,0.739637,-0.0585938,-0.148438,1.25604
160,0.917969,-0.0839844,0.443359,0.734375,-0.0914894,0.463552,0.326115,0.506634,0.363029,1.08918,0.797964,0.404276,0.517365,0.0029636,0,0,0,0,0,-0.0203185,-0.00662617,0.22198,0.343972,0.971961,0.720913,-0.0820312,-0.0839844,1.11238
161,1.09375,-0.060791,-0.859375,0.242188,-0.0555804,0.477838,0.408201,0.616473,0.546667,0.871301,0.640249,0.394696,1.74625,0.00536377,0,0,0,0,0,-0.0117161,-0.00478254,0.15953,0.530245,0.851166,0.776038,0.09375,-0.060791,1.28781
162,0.914062,0.0874023,1.00781,0.527344,0.0956197,0.538089,0.410242,0.563337,0.485648,1.03137,0.732279,0.41252,1.38782,0.00466371,0,0,0,0,0,-0.0177418,-0.00727842,0.211216,0.46704,0.899047,0.736528,-0.0859375,0.0874023,0.978249
163,1.10156,0.00558472,-1.29688,0.419922,0.00506981,0.502023,0.444522,0.643483,0.611669,1.14637,0.713269,0.458976,2.00131,0.00586193,0,0,0,0,0,-0.035417,-0.0157436,0.432877,0.385106,0.952267,0.717491,0.101562,0.00558472,0.989909
164,1.19531,0.337891,1.46094,0.550781,0.28268,0.611289,0.665963,0.8088,1.09766,0.966251,0.839441,0.67894,1.96853,0.00579791,0,0,0,0,0,-0.0767942,-0.0511421,0.797526,0.413369,0.932331,0.732043,0.195312,0.337891,1.17811
165,0.960938,0.0361328,0.0947266,0.425781,0.0376016,0.514997,0.403405,0.572245,0.4902,1.12971,0.586224,0.335464,0.145171,0.00223666,0,0,0,0,0,-0.0184433,-0.0074401,0.274272,0.362667,0.963771,0.718045,-0.0390625,0.0361328,0.992924
166,1.00781,-0.158203,-1.89062,0.320312,-0.156977,0.437632,0.325034,0.535574,0.392486,0.974004,0.891275,0.477344,3.34055,0.00847764,0,0,0,0,0,0.00310529,0.00100932,0.0303737,0.479188,0.886581,0.761491,0.0078125,-0.158203,1.24856
167,1.02344,-0.00268555,0.699219,0.306641,-0.00262405,0.498953,0.409058,0.595133,0.521511,0.950338,0.566088,0.336898,1.26269,0.00441932,0,0,0,0,0,-0.0155407,-0.00635704,0.239328,0.351925,0.969608,0.716645,0.0234375,-0.00268555,1.05147
168,1.07812,0.151367,-0.957031,0.582031,0.140399,0.555827,0.508014,0.682228,0.723514,1.04148,0.53119,0.362393,1.25445,0.00440322,0,0,0,0,0,-0.0396996,-0.0201679,0.651542,0.309944,0.990329,0.713172,0.078125,0.151367,0.964779
169,0.828125,-0.203125,-0.726562,0.25,-0.245283,0.403119,0.238516,0.413839,0.228153,1.03521,0.662974,0.274365,1.45312,0.00479126,0,0,0,0,0,0.0237887,0.00567399,0.31281,0.411411,0.929838,0.745835,-0.171875,-0.203125,1.07334
170,0.796875,-0.224609,-0.464844,0.275391,-0.281863,0.389024,0.218951,0.387617,0.198186,1.04152,0.811417,0.314519,0.885793,0.00368319,0,0,0,0,0,0.0254854,0.00558005,0.273813,0.491205,0.877431,0.771753,-0.203125,-0.224609,1.15617
171,1.02344,0.0742188,-1.375,0.291016,0.0725191,0.528906,0.44751,0.62219,0.587385,0.997241,0.694117,0.431872,2.54885,0.00693135,0,0,0,0,0,-0.0315984,-0.0141406,0.396862,0.461707,0.902872,0.734492,0.0234375,0.0742188,1.44003
172,0.875,0.0478516,1.82031,0.192383,0.0546875,0.521806,0.374803,0.526365,0.417537,0.888612,0.485313,0.255452,4.15014,0.0100589,0,0,0,0,0,-0.0199218,-0.00746673,0.35786,0.416482,0.930151,0.733584,-0.125,0.0478516,0.977244
173,1.0625,0.0576172,1.22656,0.464844,0.0542279,0.521623,0.454874,0.638984,0.61521,1.11097,0.577326,0.368902,1.79902,0.00546684,0,0,0,0,0,-0.0155812,-0.00708748,0.235281,0.421414,0.930959,0.720542,0.0625,0.0576172,1.11613
174,1.05469,-0.0366211,-1.98438,0.236328,-0.0347222,0.486151,0.404622,0.601796,0.525877,0.95632,0.628555,0.378262,4.08193,0.00992565,0,0,0,0,0,-0.0100423,-0.00406333,0.139282,0.406296,0.938982,0.722732,0.0546875,-0.0366211,0.967177
175,1.04688,-0.0390625,0.0825195,0.283203,-0.0373134,0.485118,0.400268,0.596427,0.51594,0.98898,0.772865,0.460957,0.155063,0.00225598,0,0,0,0,0,0.00539142,0.00215801,0.0608144,0.564044,0.832381,0.727479,0.046875,-0.0390625,1.44644
176,1.03906,0.0996094,1.21094,0.261719,0.0958647,0.538186,0.466471,0.640468,0.627794,1.03363,0.577907,0.370131,2.36703,0.00657624,0,0,0,0,0,-0.0338462,-0.0157883,0.510574,0.381753,0.954268,0.71686,0.0390625,0.0996094,0.972216
177,0.921875,-0.25,0.640625,0.410156,-0.271186,0.393124,0.256863,0.451975,0.27026,1.08902,0.976197,0.441216,1.0003,0.00390683,0,0,0,0,0,0.0398062,0.0102247,0.355484,0.50612,0.870012,0.755652,-0.078125,-0.25,1.47792
178,1.03906,0.150391,0.0673828,0.46875,0.144737,0.557541,0.491862,0.65919,0.67646,0.99807,0.74066,0.488236,0.0984189,0.00214535,0,0,0,0,0,-0.0459352,-0.0225938,0.540672,0.464156,0.896853,0.75619,0.0390625,0.150391,1.10812
179,0.84375,-0.128906,0.828125,0.695312,-0.152778,0.439287,0.273893,0.449465,0.277036,1.37816,0.749289,0.336779,0.993129,0.00389283,0,0,0,0,0,0.00354606,0.00097124,0.0412576,0.325186,0.979524,0.724154,-0.15625,-0.128906,1.1827
180,0.96875,-0.00361633,-0.613281,0.314453,-0.00373299,0.498511,0.386663,0.562963,0.466435,1.08768,0.528887,0.297743,1.09366,0.00408918,0,0,0,0,0,-0.0282526,-0.0109242,0.465695,0.405793,0.941164,0.716537,-0.03125,-0.00361633,1.24754
181,0.867188,-0.0549316,-0.255859,0.349609,-0.0633446,0.474746,0.320278,0.486552,0.339311,1.02821,0.633683,0.30832,0.432723,0.00279829,0,0,0,0,0,-0.00205672,-0.000658724,0.0282951,0.355518,0.957639,0.749156,-0.132812,-0.0549316,1.24163
182,0.78125,-0.138672,1.77344,0.359375,-0.1775,0.429558,0.244208,0.410202,0.227903,1.14436,0.76759,0.314867,2.9583,0.00773105,0,0,0,0,0,0.00893482,0.00218195,0.101476,0.350621,0.963394,0.737422,-0.21875,-0.138672,1.19535
183,1.10938,0.169922,-0.208008,0.173828,0.153169,0.560868,0.529823,0.707294,0.780977,0.803603,0.616498,0.436045,0.498907,0.00292755,0,0,0,0,0,-0.0448815,-0.0237792,0.634661,0.606483,0.797167,0.739748,0.109375,0.169922,1.06506
184,0.960938,-0.204102,-1.44531,0.365234,-0.212398,0.415898,0.288221,0.491919,0.325056,0.960427,0.763579,0.375619,2.39153,0.00662408,0,0,0,0,0,0.0193053,0.00556419,0.220409,0.472249,0.89273,0.751357,-0.0390625,-0.204102,1.29212
185,0.886719,-0.0595703,-1.17188,0.204102,-0.0671806,0.473219,0.325791,0.496393,0.352546,0.902059,0.862675,0.428226,2.59393,0.00701939,0,0,0,0,0,0.00189611,0.000617734,0.0191612,0.417355,0.917505,0.791009,-0.113281,-0.0595703,1.25817
186,1.13281,0.224609,-0.574219,0.253906,0.198276,0.578585,0.570181,0.738856,0.871014,0.884273,0.641519,0.47399,1.13957,0.00417885,0,0,0,0,0,-0.0543788,-0.0310057,0.73897,0.402624,0.941375,0.72162,0.132812,0.224609,1.16799
187,1,-0.020874,0.105469,0.474609,-0.020874,0.491673,0.390565,0.57527,0.483477,1.13724,0.692415,0.398326,0.153093,0.00225213,0,0,0,0,0,-0.0271964,-0.010622,0.342414,0.362039,0.962129,0.723876,0,-0.020874,1.0398
188,1.0625,0.0341797,-0.59375,0.785156,0.0321691,0.512831,0.443155,0.630695,0.594163,1.2428,0.478539,0.301812,0.670078,0.00326187,0,0,0,0,0,-0.028506,-0.0126326,0.519309,0.30524,0.993037,0.711446,0.0625,0.0341797,0.88204
189,0.871094,-0.203125,-0.439453,0.363281,-0.233184,0.407809,0.254712,0.439197,0.257772,0.982086,0.866772,0.380684,0.729107,0.00337716,0,0,0,0,0,0.0087202,0.00222114,0.0877058,0.397069,0.932628,0.766922,-0.128906,-0.203125,1.18449
190,1.10156,0.106445,-1.1875,0.4375,0.0966312,0.53849,0.494952,0.6793,0.706425,0.882261,0.570523,0.387556,1.79533,0.00545963,0,0,0,0,0,-0.0415434,-0.020562,0.634797,0.37636,0.958263,0.713489,0.101562,0.106445,1.07688
191,1.39062,-0.0272217,-1.46875,0.243164,-0.0195751,0.492191,0.544033,0.800598,0.936929,1.12327,1.12534,0.900942,2.9785,0.00777052,0,0,0,0,0,-0.0130066,-0.00707604,0.10076,0.692276,0.721651,0.726782,0.390625,-0.0272217,2.23905
192,0.976562,0.00732422,-0.416016,0.457031,0.0075,0.502992,0.395266,0.571284,0.4826,1.14288,0.599316,0.342379,0.615371,0.00315502,0,0,0,0,0,-0.0161661,-0.0063899,0.235156,0.372757,0.957124,0.722532,-0.0234375,0.00732422,0.80436
193,1.125,0.237305,-1.07812,0.3125,0.210938,0.583532,0.57533,0.737765,0.875303,0.877771,0.659295,0.486405,1.92861,0.00571994,0,0,0,0,0,-0.0573361,-0.0329872,0.75815,0.399304,0.944955,0.71608,0.125,0.237305,0.902365
194,1.04688,-0.134766,-0.292969,0.167969,-0.128731,0.448785,0.352417,0.565427,0.443905,0.998408,0.779779,0.440908,0.714837,0.00334929,0,0,0,0,0,0.0187529,0.00660881,0.209654,0.556191,0.83527,0.751458,0.046875,-0.134766,1.78314
195,0.839844,-0.0639648,0.423828,0.21582,-0.0761628,0.469645,0.304797,0.467685,0.31163,0.932258,0.656794,0.307173,0.912312,0.00373499,0,0,0,0,0,-0.0027006,-0.000823136,0.0358458,0.421976,0.924334,0.744173,-0.160156,-0.0639648,1.23694
196,1.15625,0.0383301,-0.202148,0.326172,0.0331503,0.513223,0.482824,0.686744,0.704736,0.89228,0.673386,0.462444,0.353954,0.00264444,0,0,0,0,0,-0.0189659,-0.00915718,0.245536,0.498525,0.88119,0.723003,0.15625,0.0383301,0.908051
197,0.933594,-0.11084,0.118652,0.314453,-0.118724,0.452747,0.318953,0.507168,0.35895,1.07606,0.74505,0.377866,0.211592,0.00236639,0,0,0,0,0,0.00473022,0.00150872,0.0553481,0.390015,0.944956,0.732697,-0.0664062,-0.11084,1.14554
198,0.941406,-0.109375,1.125,0.328125,-0.116183,0.453754,0.322819,0.512165,0.366525,0.980675,0.811177,0.415456,1.96396,0.00578899,0,0,0,0,0,0.0073445,0.00237094,0.078932,0.422593,0.92014,0.761263,-0.0585938,-0.109375,1.55407
199,0.835938,-0.142578,0.832031,0.195312,-0.170561,0.432285,0.263924,0.440813,0.263972,0.991388,0.549677,0.242305,1.88267,0.00563022,0,0,0,0,0,0.00496445,0.00131024,0.0787355,0.364151,0.958571,0.731713,-0.164062,-0.142578,1.05384
200,1.55469,0.166016,-1.89062,0.464844,0.106784,0.54252,0.706441,0.964493,1.42931,1.10514,1.19682,1.15432,2.77301,0.00736917,0,0,0,0,0,-0.0534132,-0.0377333,0.389069,0.703518,0.710682,0.713309,0.554688,0.166016,2.32128
201,1.05469,0.0356445,1.07812,0.435547,0.0337963,0.51348,0.440754,0.626661,0.586969,1.1464,0.580665,0.36388,1.63362,0.00514379,0,0,0,0,0,-0.0221822,-0.00977689,0.333031,0.319978,0.986187,0.712415,0.0546875,0.0356445,0.785878
202,1.01562,-0.00674438,0.271484,0.275391,-0.00664062,0.497351,0.403896,0.58919,0.510276,0.840926,0.623549,0.367388,0.517333,0.00296354,0,0,0,0,0,-0.00401286,-0.00162078,0.0561036,0.482127,0.892394,0.722649,0.015625,-0.00674438,1.07214
203,0.957031,-0.166016,0.46875,0.326172,-0.173469,0.431141,0.300764,0.503837,0.344311,0.955385,0.754244,0.380016,0.820763,0.00355618,0,0,0,0,0,0.0111741,0.00336075,0.129153,0.369602,0.957596,0.726088,-0.0429688,-0.166016,1.19424
204,0.878906,-0.00631714,2.03125,0.388672,-0.0071875,0.497133,0.349285,0.509711,0.381805,1.25685,0.487899,0.248687,3.25816,0.00831671,0,0,0,0,0,-0.0272327,-0.00951198,0.486595,0.330233,0.981221,0.713176,-0.121094,-0.00631714,0.912506
205,1.08594,0.0568848,0.404297,0.214844,0.0523831,0.520888,0.463906,0.652366,0.640791,1.04531,0.745386,0.486265,0.872246,0.00365673,0,0,0,0,0,-0.0223717,-0.0103784,0.261653,0.410223,0.935847,0.725866,0.0859375,0.0568848,1.34072
206,0.925781,-0.0480957,0.816406,0.664062,-0.0519515,0.479284,0.347193,0.522914,0.393982,1.05948,0.693128,0.362447,1.00185,0.00390986,0,0,0,0,0,-0.00772145,-0.00268083,0.0971163,0.354532,0.963914,0.729771,-0.0742188,-0.0480957,1.11252
207,0.976562,-0.000804901,0.271484,0.402344,-0.000824219,0.499671,0.391201,0.568479,0.476207,0.997885,0.627294,0.356603,0.428002,0.00278907,0,0,0,0,0,-0.012692,-0.00496511,0.176386,0.367011,0.958529,0.727282,-0.0234375,-0.000804901,1.02086
208,1.14062,0.074707,-1.42188,0.527344,0.0654966,0.526111,0.494747,0.690558,0.721644,1.03733,0.633924,0.437761,1.95801,0.00577736,0,0,0,0,0,-0.0239076,-0.0118282,0.328781,0.426897,0.928986,0.716251,0.140625,0.074707,1.50013
209,1.10938,0.220703,-1.50781,0.375,0.198944,0.578847,0.558856,0.723776,0.836173,0.943002,0.629406,0.455549,2.46225,0.0067622,0,0,0,0,0,-0.0534025,-0.0298443,0.73967,0.359797,0.967214,0.712349,0.109375,0.220703,1.07124
210,0.871094,-0.0583496,-0.00817871,0.320312,-0.0669843,0.473297,0.320136,0.487702,0.34034,1.11992,0.787595,0.384112,0.014451,0.00198135,0,0,0,0,0,-0.00517735,-0.00165745,0.0573074,0.410452,0.933205,0.734856,-0.128906,-0.0583496,1.32413
211,0.96875,-0.143555,-1.29688,0.147461,-0.148185,0.441098,0.316694,0.517411,0.368009,1.00776,0.792688,0.410145,3.37722,0.00854926,0,0,0,0,0,0.0318267,0.0100793,0.350023,0.517266,0.858101,0.795645,-0.03125,-0.143555,1.37177
212,1.03125,0.115234,0.419922,0.345703,0.111742,0.544486,0.471151,0.641639,0.633684,1.09939,0.753832,0.483688,0.714195,0.00334804,0,0,0,0,0,-0.0356489,-0.016796,0.412267,0.374674,0.954639,0.727228,0.03125,0.115234,1.3383
213,1.01562,0.125977,1.33594,0.412109,0.124038,0.549358,0.470256,0.636517,0.626295,1.07088,0.715844,0.455647,2.08104,0.00601765,0,0,0,0,0,-0.0451593,-0.0212364,0.549965,0.355716,0.966625,0.71985,0.015625,0.125977,0.950993
214,1.10938,-0.213867,0.464844,0.496094,-0.192782,0.423565,0.340631,0.576074,0.44789,0.981167,0.890021,0.512718,0.659971,0.00324213,0,0,0,0,0,0.00649397,0.00221205,0.0636087,0.824769,0.620559,0.87617,0.109375,-0.213867,1.39151
215,0.945312,-0.0400391,-0.243164,0.25,-0.0423554,0.483108,0.359053,0.536968,0.417254,0.907001,0.617134,0.331381,0.486328,0.00290298,0,0,0,0,0,-0.0170582,-0.00612481,0.240969,0.366295,0.960182,0.723282,-0.0546875,-0.0400391,1.27382
216,0.851562,0.0170898,1.60938,0.330078,0.0200688,0.508006,0.350023,0.501877,0.374397,1.0696,0.549571,0.275817,2.80123,0.00742428,0,0,0,0,0,-0.0233003,-0.00815566,0.369611,0.391887,0.944229,0.731757,-0.148438,0.0170898,1.04693
217,1.04688,0.158203,1.41406,0.314453,0.151119,0.560059,0.498901,0.666643,0.693315,1.04923,0.621956,0.414623,2.52168,0.00687829,0,0,0,0,0,-0.0330562,-0.0164917,0.46334,0.407888,0.940184,0.715866,0.046875,0.158203,0.935714
218,1.05469,0.155273,-1.61719,0.796875,0.147222,0.558522,0.500569,0.670081,0.699578,1.12927,0.759464,0.508902,1.81161,0.00549143,0,0,0,0,0,-0.0385397,-0.0192918,0.442393,0.372466,0.957039,0.723256,0.0546875,0.155273,1.18799
219,1.08594,0.114746,-0.116699,0.404297,0.105665,0.542076,0.492837,0.673247,0.696149,0.891404,0.555258,0.373826,0.183535,0.00231159,0,0,0,0,0,-0.0432179,-0.0212994,0.67854,0.296812,0.996417,0.71191,0.0859375,0.114746,1.03037
220,0.949219,0.074707,2.82812,0.235352,0.0787037,0.531366,0.417992,0.579184,0.510172,1.22109,0.685601,0.397089,5.82962,0.0133391,0,0,0,0,0,-0.0312233,-0.0130511,0.397021,0.346098,0.969097,0.726338,-0.0507812,0.074707,1.15081
221,0.90625,-0.0174561,0.22168,0.118164,-0.0192619,0.492316,0.35468,0.521835,0.39811,0.842803,0.798827,0.416855,0.644886,0.00321267,0,0,0,0,0,-0.0166557,-0.00590744,0.181768,0.513493,0.863887,0.764012,-0.09375,-0.0174561,1.3033
222,0.953125,0.0957031,-0.394531,0.421875,0.10041,0.539991,0.430057,0.589076,0.53196,1.0265,0.57261,0.337311,0.607421,0.00313949,0,0,0,0,0,-0.0391257,-0.0168263,0.595676,0.364599,0.962813,0.717984,-0.046875,0.0957031,0.948678
223,1.02344,-0.0864258,0.0234375,0.236328,-0.0844466,0.466351,0.367188,0.56717,0.456508,0.809671,0.686375,0.389291,0.0482118,0.00204729,0,0,0,0,0,-0.00038413,-0.000141048,0.00487892,0.566626,0.825684,0.77259,0.0234375,-0.0864258,1.23339
224,0.882812,0.0240479,0.3125,0.273438,0.02724,0.510866,0.366034,0.522507,0.406994,0.95272,0.676563,0.353509,0.597614,0.00312034,0,0,0,0,0,-0.00385139,-0.00140974,0.0496268,0.425764,0.923717,0.737902,-0.117188,0.0240479,1.05872
225,0.996094,-0.00491333,0.050293,0.271484,-0.0049326,0.498032,0.396979,0.578443,0.492188,0.93009,0.476998,0.275916,0.0965239,0.00214165,0,0,0,0,0,-0.0106723,-0.00423669,0.195051,0.375765,0.956877,0.718523,-0.00390625,-0.00491333,0.863328
226,1.03125,-0.0947266,-0.808594,0.277344,-0.0918561,0.463406,0.36617,0.569033,0.45788,0.959137,0.876183,0.498577,1.5354,0.00495195,0,0,0,0,0,0.000594189,0.000217575,0.00591204,0.457842,0.896637,0.780116,0.03125,-0.0947266,1.1168
227,0.925781,0.0483398,0.644531,0.316406,0.0522152,0.520821,0.39541,0.556099,0.465595,1.0682,0.563405,0.313309,1.14583,0.00419108,0,0,0,0,0,-0.0132878,-0.00525413,0.205608,0.385754,0.947287,0.732439,-0.0742188,0.0483398,1.0089
228,0.949219,-0.0220947,1.16406,0.472656,-0.0232767,0.490715,0.369592,0.545283,0.433932,1.01467,0.488817,0.266544,1.69318,0.00526012,0,0,0,0,0,-0.0127191,-0.00470088,0.226839,0.433679,0.922659,0.724222,-0.0507812,-0.0220947,0.777908
229,0.933594,0.0174561,-1.35156,0.474609,0.0186977,0.507459,0.383101,0.549777,0.449021,1.14345,0.461214,0.253565,1.96186,0.00578488,0,0,0,0,0,-0.00660379,-0.00252992,0.124824,0.335065,0.97816,0.715357,-0.0664062,0.0174561,0.910611
230,0.847656,-0.0927734,1.72656,0.359375,-0.109447,0.456424,0.293525,0.462966,0.300494,1.04292,0.582858,0.269843,2.88011,0.00757833,0,0,0,0,0,-0.00240743,-0.000706641,0.0360078,0.371993,0.958464,0.71965,-0.152344,-0.0927734,0.95961
231,0.894531,-0.18457,-0.710938,0.194336,-0.206332,0.418266,0.27027,0.459955,0.284605,0.971628,0.663985,0.305403,1.6127,0.00510294,0,0,0,0,0,0.00802592,0.00216917,0.105376,0.467165,0.900318,0.730568,-0.105469,-0.18457,1.18467
232,0.859375,-0.0581055,0.679688,0.337891,-0.0676136,0.473047,0.315559,0.480964,0.330903,1.00336,0.631789,0.303867,1.16929,0.00423689,0,0,0,0,0,-0.0146864,-0.00463442,0.202651,0.356397,0.965573,0.721956,-0.140625,-0.0581055,1.04831
233,0.996094,0.00799561,0.277344,0.488281,0.00802696,0.503202,0.403434,0.582891,0.502521,1.18018,0.526438,0.306856,0.396902,0.00272832,0,0,0,0,0,-0.0196417,-0.00792411,0.325265,0.348644,0.972476,0.713126,-0.00390625,0.00799561,0.845286
234,1.10938,0.00283813,0.621094,0.118652,0.00255832,0.501021,0.446281,0.647085,0.617886,0.773538,0.679055,0.439406,1.8031,0.0054748,0,0,0,0,0,-0.00943382,-0.00421014,0.121113,0.510263,0.869928,0.738999,0.109375,0.00283813,1.13802
235,0.925781,-0.0454102,-0.835938,0.296875,-0.0490506,0.480439,0.348535,0.523807,0.39585,0.922208,0.687651,0.360196,1.53422,0.00494964,0,0,0,0,0,-0.000426644,-0.0001487,0.00540884,0.443533,0.911741,0.744428,-0.0742188,-0.0454102,1.08835
236,0.921875,-0.0991211,-0.347656,0.46875,-0.107521,0.457188,0.320114,0.504065,0.356554,1.15894,0.598879,0.301874,0.507784,0.00294489,0,0,0,0,0,0.00724963,0.0023207,0.105532,0.33267,0.976729,0.722428,-0.078125,-0.0991211,1.17777
237,0.984375,-0.0137329,0.746094,0.229492,-0.0139509,0.494435,0.38787,0.5686,0.47375,0.995738,0.576536,0.327819,1.55743,0.00499499,0,0,0,0,0,-0.0149831,-0.00581151,0.22656,0.382979,0.952379,0.72065,-0.015625,-0.0137329,1.11685
238,0.984375,0.0683594,-1.42969,0.291016,0.0694444,0.527682,0.428916,0.597354,0.540801,1.03519,0.567007,0.338704,2.65023,0.00712935,0,0,0,0,0,-0.0338411,-0.014515,0.520311,0.348574,0.969781,0.720824,-0.015625,0.0683594,0.860047
239,0.765625,-0.22168,-0.390625,0.255859,-0.289541,0.386084,0.208234,0.370304,0.180486,0.803965,0.62265,0.23057,0.772253,0.00346143,0,0,0,0,0,0.0305758,0.00636692,0.428095,0.450199,0.907976,0.743356,-0.234375,-0.22168,1.01585
240,1.10156,0.121582,-1.84375,0.480469,0.110372,0.543943,0.50252,0.684834,0.721524,1.01487,0.57155,0.391417,2.65993,0.00714829,0,0,0,0,0,-0.040316,-0.0202596,0.614937,0.305463,0.99158,0.714924,0.101562,0.121582,0.909317
241,1.01562,0.186523,0.609375,0.12207,0.183654,0.572857,0.501728,0.658295,0.685083,0.734166,0.645996,0.425256,1.74413,0.00535963,0,0,0,0,0,-0.0548774,-0.0275335,0.740577,0.581801,0.817909,0.731491,0.015625,0.186523,1.10548
242,1.125,0.0898438,-0.205078,0.328125,0.0798611,0.531826,0.49605,0.68691,0.71791,0.920687,0.694143,0.476814,0.358014,0.00265237,0,0,0,0,0,-0.0541452,-0.0268587,0.680014,0.510416,0.863599,0.784051,0.125,0.0898438,1.16421
243,1.01562,0.013855,-1.42969,0.248047,0.0136418,0.505442,0.414196,0.596297,0.527128,1.01303,0.529409,0.315685,2.87061,0.00755979,0,0,0,0,0,-0.0272547,-0.0112888,0.448804,0.339954,0.975136,0.717341,0.015625,0.013855,0.88326
244,0.960938,0.143555,0.640625,0.53125,0.14939,0.559377,0.457116,0.611297,0.582639,0.954206,0.788122,0.481777,0.87893,0.00366979,0,0,0,0,0,-0.0266683,-0.0121905,0.294991,0.393747,0.941653,0.737334,-0.0390625,0.143555,1.01797
245,1.0625,-0.10791,0.472656,0.257812,-0.101562,0.459552,0.37211,0.582972,0.478322,0.957639,0.714326,0.416432,0.930879,0.00377125,0,0,0,0,0,-0.0172303,-0.00641156,0.210282,0.501892,0.877493,0.729543,0.0625,-0.10791,1.13297
246,1.01562,0.0317383,1.34375,0.219727,0.03125,0.512465,0.423137,0.602543,0.542103,0.857348,0.67985,0.409639,2.86667,0.00755208,0,0,0,0,0,-0.0238918,-0.0101095,0.306367,0.475992,0.892928,0.738367,0.015625,0.0317383,1.20603
247,0.90625,-0.0583496,0.168945,0.292969,-0.0643858,0.474332,0.334234,0.508159,0.369937,0.996402,0.811342,0.412291,0.31213,0.00256275,0,0,0,0,0,0.000560359,0.000187291,0.006021,0.4425,0.913077,0.741273,-0.09375,-0.0583496,1.45283
248,1.08594,0.0991211,-0.0534668,0.394531,0.091277,0.536364,0.485024,0.667549,0.68087,0.963935,0.55267,0.368934,0.0851223,0.00211938,0,0,0,0,0,-0.0353121,-0.0171272,0.557011,0.391114,0.950335,0.713465,0.0859375,0.0991211,1.02463
249,1.01562,0.0437012,0.808594,0.267578,0.0430288,0.517161,0.429119,0.606758,0.552298,0.925138,0.681138,0.413286,1.56317,0.00500618,0,0,0,0,0,-0.0369209,-0.0158434,0.472546,0.394107,0.944559,0.726585,0.015625,0.0437012,1.33717
250,0.886719,-0.114258,0.496094,0.435547,-0.128855,0.448736,0.298447,0.478891,0.318408,1.16783,0.797632,0.381979,0.751703,0.00342129,0,0,0,0,0,0.0339914,0.0101446,0.371512,0.376855,0.951493,0.733873,-0.113281,-0.114258,1.28373
251,0.765625,-0.0688477,0.789062,0.384766,-0.0899235,0.464174,0.272594,0.422941,0.253186,1.033,0.622147,0.263131,1.27208,0.00443765,0,0,0,0,0,0.00604348,0.00164742,0.084684,0.365959,0.954895,0.741001,-0.234375,-0.0688477,0.967942
252,0.964844,0.0405273,0.0595703,0.640625,0.042004,0.516752,0.407168,0.576071,0.497643,1.13925,0.631333,0.363692,0.0744266,0.00209849,0,0,0,0,0,-0.0259721,-0.010575,0.358637,0.329076,0.980204,0.717353,-0.0351562,0.0405273,1.00331
253,0.898438,-0.0373535,-0.886719,0.441406,-0.0415761,0.483418,0.341599,0.510576,0.377377,0.999344,0.783958,0.40027,1.33465,0.00455986,0,0,0,0,0,0.00356855,0.00121901,0.0396831,0.346549,0.966054,0.735065,-0.101562,-0.0373535,1.21522
254,0.976562,0.12207,-0.197266,0.355469,0.125,0.549738,0.452639,0.612382,0.579894,0.951686,0.722372,0.442368,0.330865,0.00259935,0,0,0,0,0,-0.0335746,-0.0151972,0.405188,0.451025,0.910389,0.730855,-0.0234375,0.12207,1.21974
255,1.07031,0.121094,-1.82031,0.123047,0.113139,0.54504,0.489745,0.666493,0.684063,0.872299,0.594475,0.396213,5.18932,0.0120885,0,0,0,0,0,-0.0381709,-0.018694,0.559765,0.523765,0.863642,0.721487,0.0703125,0.121094,1.02983
256,1.17969,0.0996094,-0.925781,0.316406,0.0844371,0.533646,0.522862,0.722253,0.795034,1.01918,0.695144,0.50207,1.64583,0.00516764,0,0,0,0,0,-0.0516808,-0.0270219,0.648129,0.456344,0.907365,0.729708,0.179688,0.0996094,1.4751
257,0.898438,-0.125977,0.3125,0.152344,-0.140217,0.444244,0.297287,0.482056,0.320757,0.88534,0.907821,0.437621,0.800641,0.00351688,0,0,0,0,0,0.00667351,0.00198395,0.0640856,0.489043,0.875233,0.803143,-0.101562,-0.125977,1.48818
258,1.39062,-0.0644531,0.498047,0.410156,-0.0463483,0.481516,0.525417,0.788067,0.897112,1.13837,1.07096,0.843989,0.77767,0.00347201,0,0,0,0,0,-0.0319604,-0.0167926,0.260163,0.485476,0.882733,0.760649,0.390625,-0.0644531,1.87201
259,1.05469,0.198242,0.0441895,0.238281,0.187963,0.574547,0.523923,0.684871,0.743544,0.780999,0.85039,0.582407,0.0905261,0.00212993,0,0,0,0,0,-0.0405776,-0.0212596,0.415983,0.674791,0.738661,0.769696,0.0546875,0.198242,1.36155
260,0.902344,-0.118164,-0.910156,0.546875,-0.130952,0.447906,0.30276,0.486741,0.32858,1.12495,0.754377,0.367186,1.23076,0.00435695,0,0,0,0,0,-0.00630971,-0.00191033,0.0729169,0.390683,0.943653,0.736014,-0.0976562,-0.118164,1.42471
261,1.14062,0.0245361,0.90625,0.5,0.0215111,0.508581,0.469661,0.672813,0.673259,1.17344,0.660665,0.444504,1.28163,0.00445631,0,0,0,0,0,-0.0261914,-0.0123011,0.345608,0.435432,0.923545,0.7173,0.140625,0.0245361,1.02022
262,1.03125,0.00613403,-0.605469,0.359375,0.00594815,0.502373,0.416601,0.602722,0.53683,1.21711,0.696798,0.419976,1.00999,0.00392577,0,0,0,0,0,-0.0157967,-0.0065809,0.197636,0.392808,0.947207,0.720272,0.03125,0.00613403,1.29479
263,1.02344,0.106934,-0.4375,0.363281,0.104485,0.541608,0.463868,0.634056,0.617201,1.05953,0.5343,0.338777,0.725866,0.00337083,0,0,0,0,0,-0.0400852,-0.0185942,0.654042,0.36708,0.962508,0.715185,0.0234375,0.106934,0.835316
264,0.972656,0.00662231,-0.171875,0.789062,0.00680848,0.502716,0.393349,0.568766,0.478218,1.14031,0.510056,0.290103,0.193489,0.00233103,0,0,0,0,0,-0.0377099,-0.0148331,0.644532,0.395692,0.948092,0.712611,-0.0273438,0.00662231,0.882939
265,0.980469,0.0161133,-0.410156,0.351562,0.0164343,0.506556,0.401227,0.576608,0.49346,0.92986,0.596535,0.343967,0.691748,0.0033042,0,0,0,0,0,-0.0231732,-0.00929772,0.338655,0.380751,0.949619,0.733409,-0.0195312,0.0161133,0.919812
266,0.90625,0.0268555,0.382812,0.53125,0.0296336,0.51182,0.376836,0.537139,0.430524,1.00738,0.578198,0.310573,0.525214,0.00297893,0,0,0,0,0,-0.0170231,-0.00641491,0.256666,0.381663,0.951997,0.72404,-0.09375,0.0268555,1.08332
267,0.941406,-0.0354004,-1.6875,0.40625,-0.0376037,0.485002,0.359806,0.536248,0.417022,1.09777,0.507556,0.272175,2.64757,0.00712416,0,0,0,0,0,-0.0141186,-0.00507995,0.242502,0.330933,0.979725,0.716328,-0.0585938,-0.0354004,0.902764
268,1.125,0.267578,-0.0534668,0.5625,0.237847,0.594,0.594632,0.746414,0.910721,1.01248,0.763951,0.570224,0.0712891,0.00209236,0,0,0,0,0,-0.0647862,-0.0385239,0.739306,0.430411,0.926484,0.717614,0.125,0.267578,1.15312
269,1.04688,0.0583496,-0.992188,0.488281,0.0557369,0.522224,0.448974,0.63015,0.598666,1.17173,0.558546,0.351968,1.4199,0.00472637,0,0,0,0,0,-0.0373792,-0.0167823,0.583415,0.327604,0.9815,0.715668,0.046875,0.0583496,0.952991
270,0.980469,0.0717773,-0.746094,0.310547,0.0732072,0.529179,0.429059,0.59631,0.539677,0.949173,0.603103,0.359636,1.33884,0.00456805,0,0,0,0,0,-0.0400672,-0.0171912,0.579167,0.429067,0.923668,0.730636,-0.0195312,0.0717773,1.20625
271,0.871094,0.0120239,1.54688,0.289062,0.0138033,0.505507,0.355323,0.511488,0.387875,1.05008,0.648146,0.331519,2.87713,0.00757252,0,0,0,0,0,-0.0290288,-0.0103146,0.390448,0.460395,0.904356,0.731661,-0.128906,0.0120239,1.08203
272,1.00781,-0.133789,0.621094,0.851562,-0.132752,0.447195,0.337241,0.543069,0.408655,1.14725,0.745262,0.404729,0.673052,0.00326768,0,0,0,0,0,-0.0137305,-0.00463048,0.160614,0.452226,0.897867,0.794556,0.0078125,-0.133789,1.32877
273,0.988281,0.128906,0.84375,0.425781,0.130435,0.551889,0.460756,0.621719,0.59883,1.13311,0.671088,0.417228,1.29307,0.00447864,0,0,0,0,0,-0.0442828,-0.0204036,0.575258,0.357089,0.967391,0.715681,-0.0117188,0.128906,1.14422
274,0.886719,-0.0356445,-0.185547,0.554688,-0.0401982,0.483968,0.337754,0.504325,0.368422,1.08859,0.635644,0.320571,0.249132,0.00243971,0,0,0,0,0,-0.0170753,-0.00576724,0.234186,0.346015,0.971331,0.719913,-0.113281,-0.0356445,0.897458
275,1.04688,-0.0200195,0.122559,0.585938,-0.0191231,0.492371,0.40979,0.602858,0.531366,1.10644,0.694637,0.418768,0.16011,0.00226584,0,0,0,0,0,-0.0212827,-0.00872143,0.267101,0.346179,0.970014,0.723504,0.046875,-0.0200195,1.13368
276,1.05469,0.112793,0.0515137,0.390625,0.106944,0.542583,0.479329,0.654367,0.657952,1.17895,0.573894,0.375537,0.0824219,0.00211411,0,0,0,0,0,-0.0347951,-0.0166783,0.528558,0.325536,0.983612,0.712565,0.0546875,0.112793,0.830383
277,2.23438,0.341797,0.380859,0.0844727,0.152972,0.56079,1.06689,1.42438,3.16712,0.875393,2.06633,2.94326,1.31041,0.00451252,0,0,0,0,0,-0.0515252,-0.0549716,0.217383,0.929718,0.508839,0.859968,1.23438,0.341797,3.57679
278,0.855469,-0.332031,0.4375,0.359375,-0.388128,0.348961,0.202103,0.38447,0.188663,1.04226,0.698988,0.26874,0.7298,0.00337852,0,0,0,0,0,0.0303485,0.00613352,0.378508,0.455217,0.902803,0.753553,-0.144531,-0.332031,1.25451
279,0.859375,0.0805664,-1.89062,0.464844,0.09375,0.537346,0.384895,0.529049,0.428036,1.1068,0.705266,0.37312,2.77301,0.00736917,0,0,0,0,0,-0.0104099,-0.0040067,0.128676,0.398046,0.937826,0.742997,-0.140625,0.0805664,1.18154
280,0.910156,-0.0422363,0.310547,0.316406,-0.0464056,0.481493,0.343857,0.515768,0.384254,0.999342,0.456505,0.235451,0.552083,0.00303141,0,0,0,0,0,-0.00844521,-0.00290394,0.161277,0.351879,0.969135,0.718056,-0.0898438,-0.0422363,1.04077
281,1.07812,0.0585938,0.554688,0.203125,0.0543478,0.521671,0.461628,0.648427,0.633557,0.954981,0.676054,0.438372,1.23074,0.00435692,0,0,0,0,0,-0.0276758,-0.0127759,0.356882,0.487417,0.886876,0.731556,0.078125,0.0585938,1.06548
282,1.01562,0.090332,0.227539,0.470703,0.0889423,0.535436,0.452434,0.623465,0.593406,1.13731,0.566155,0.352978,0.331652,0.00260088,0,0,0,0,0,-0.0335991,-0.0152014,0.517367,0.347511,0.972672,0.71411,0.015625,0.090332,0.735723
283,0.765625,-0.0617676,1.00781,0.53125,-0.080676,0.46785,0.276134,0.425231,0.257071,1.14057,0.605087,0.257302,1.38271,0.00465373,0,0,0,0,0,-0.0194228,-0.00536328,0.279834,0.349871,0.966912,0.727477,-0.234375,-0.0617676,1.17187
284,0.984375,0.125977,-1.64062,0.392578,0.127976,0.550916,0.457725,0.618365,0.591887,1.27499,0.63755,0.394239,2.61846,0.00706731,0,0,0,0,0,-0.0420526,-0.0192485,0.575023,0.350102,0.971351,0.714264,-0.015625,0.125977,1.20534
285,1.05469,0.134766,-0.558594,0.185547,0.127778,0.550838,0.490315,0.662456,0.679257,0.95105,0.583164,0.386321,1.29679,0.00448592,0,0,0,0,0,-0.0346846,-0.0170064,0.518505,0.434532,0.923968,0.71773,0.0546875,0.134766,1.10676
286,0.984375,0.144531,0.125977,0.208984,0.146825,0.558365,0.467002,0.625263,0.609045,0.939038,0.571495,0.357335,0.275571,0.00249135,0,0,0,0,0,-0.0444527,-0.0207595,0.678098,0.418043,0.93296,0.720418,-0.015625,0.144531,1.03642
287,1.01562,0.124512,0.589844,0.558594,0.122596,0.548787,0.469524,0.635976,0.624918,1.14973,0.508981,0.3237,0.789203,0.00349454,0,0,0,0,0,-0.0388322,-0.0182327,0.665116,0.324179,0.983717,0.713918,0.015625,0.124512,1.05804
288,0.992188,0.0598145,-0.855469,0.197266,0.0602854,0.524036,0.427777,0.598841,0.541604,0.819774,0.57026,0.341495,1.9261,0.00571504,0,0,0,0,0,-0.0180882,-0.00773771,0.276522,0.485281,0.887756,0.734105,-0.0078125,0.0598145,0.98262
289,1.05469,0.0368652,0.695312,0.339844,0.0349537,0.513942,0.441365,0.62709,0.588045,1.11839,0.595475,0.373417,1.19273,0.00428267,0,0,0,0,0,-0.027042,-0.0119354,0.395897,0.444012,0.918851,0.715299,0.0546875,0.0368652,0.940035
290,0.992188,0.0883789,-0.554688,0.507812,0.0890748,0.535489,0.442059,0.609125,0.56645,1.09177,0.564721,0.343986,0.778389,0.00347342,0,0,0,0,0,-0.0266845,-0.0117961,0.411938,0.368853,0.957931,0.726232,-0.0078125,0.0883789,1.13524
291,1.00781,0.0169678,-1.44531,0.351562,0.0168362,0.506716,0.412619,0.59283,0.521702,0.938276,0.506965,0.300544,2.43759,0.00671404,0,0,0,0,0,-0.0197874,-0.00816464,0.340265,0.40042,0.943926,0.717359,0.0078125,0.0169678,0.961465
292,1.21875,0.0654297,-0.800781,0.147461,0.0536859,0.521407,0.521436,0.732717,0.80877,0.793998,0.784648,0.574925,2.08533,0.00602604,0,0,0,0,0,-0.0317076,-0.0165335,0.352286,0.625806,0.780579,0.749968,0.21875,0.0654297,1.14921
293,1.0625,0.0712891,-0.339844,0.796875,0.0670956,0.526747,0.46171,0.643868,0.627742,1.05485,0.507318,0.326646,0.380701,0.00269668,0,0,0,0,0,-0.0367337,-0.0169603,0.631236,0.311631,0.990126,0.711804,0.0625,0.0712891,0.818313
294,1.01562,-0.0267334,0.367188,0.851562,-0.0263221,0.4895,0.393901,0.582384,0.494329,1.29024,0.579604,0.337552,0.397905,0.00273028,0,0,0,0,0,-0.00566814,-0.00223269,0.0852542,0.323922,0.983465,0.714896,0.015625,-0.0267334,1.05365
295,0.996094,0.00915527,-0.597656,0.269531,0.00919118,0.503667,0.404014,0.583293,0.503457,1.06237,0.799717,0.466469,1.15119,0.00420154,0,0,0,0,0,-0.00750178,-0.00303082,0.0817776,0.469914,0.896848,0.738244,-0.00390625,0.00915527,1.23226
296,0.757812,-0.0498047,1.57031,0.714844,-0.0657216,0.4738,0.278982,0.424593,0.25811,1.00473,0.69168,0.293683,1.85729,0.00558065,0,0,0,0,0,0.0157953,0.0044066,0.19908,0.378814,0.948266,0.741605,-0.242188,-0.0498047,1.15335
297,1.80469,0.449219,0.914062,0.21875,0.248918,0.598288,0.966626,1.20317,2.38198,0.831643,1.61303,1.94075,1.95435,0.00577021,0,0,0,0,0,-0.0775537,-0.0749654,0.419147,0.914307,0.482874,0.745789,0.804688,0.449219,2.85921
298,1.10938,-0.0795898,-0.3125,0.390625,-0.071743,0.471403,0.405067,0.61938,0.547711,0.821058,0.728109,0.450976,0.5,0.00292969,0,0,0,0,0,-0.0273312,-0.0110709,0.327241,0.561645,0.828296,0.789325,0.109375,-0.0795898,0.888041
299,0.980469,-0.135742,-1.26562,0.341797,-0.138446,0.444944,0.325299,0.526605,0.383133,1.22498,0.619664,0.326318,2.16482,0.00618128,0,0,0,0,0,0.0135644,0.00441248,0.190831,0.342071,0.972245,0.7227,-0.0195312,-0.135742,1.17464
300,0.882812,0.0240479,0.339844,0.412109,0.02724,0.510866,0.366034,0.522507,0.406994,1.01368,0.555048,0.290016,0.529387,0.00298708,0,0,0,0,0,-0.0249774,-0.00914256,0.392304,0.363037,0.961141,0.725371,-0.117188,0.0240479,1.15505
301,0.902344,-0.0913086,-1.79688,0.207031,-0.10119,0.4597,0.316188,0.495205,0.345202,0.928524,0.66784,0.330717,3.94912,0.00966624,0,0,0,0,0,0.0131842,0.0041687,0.172103,0.4772,0.888154,0.759553,-0.0976562,-0.0913086,1.14751
302,0.882812,-0.216797,-0.298828,0.597656,-0.245575,0.403006,0.254174,0.441073,0.25915,1.18912,0.864317,0.381227,0.386541,0.00270809,0,0,0,0,0,0.0314786,0.00800102,0.317504,0.375075,0.950083,0.741901,-0.117188,-0.216797,1.43423
303,0.851562,0.000495911,1.49219,0.232422,0.000582354,0.500232,0.341727,0.496126,0.362918,1.0427,0.44484,0.220697,3.09517,0.00799838,0,0,0,0,0,-0.0183339,-0.00626518,0.359301,0.355708,0.966991,0.718797,-0.148438,0.000495911,0.951239
304,0.941406,-0.101074,-0.53125,0.453125,-0.107365,0.45725,0.326969,0.514791,0.371919,1.01927,0.725325,0.373391,0.789205,0.00349454,0,0,0,0,0,-0.00165317,-0.000540535,0.0198697,0.62545,0.780813,0.751539,-0.0585938,-0.101074,1.3354
305,1.01562,0.0810547,0.257812,0.261719,0.0798077,0.531805,0.447795,0.620107,0.585054,0.988996,0.698919,0.433405,0.503949,0.0029374,0,0,0,0,0,-0.0368169,-0.0164864,0.459227,0.501289,0.879481,0.722069,0.015625,0.0810547,1.28987
306,1.01562,0.0844727,0.648438,0.269531,0.0831731,0.533143,0.449504,0.621343,0.588121,1.10123,0.574599,0.357023,1.249,0.00439258,0,0,0,0,0,-0.0318304,-0.0143079,0.482931,0.345909,0.97268,0.716243,0.015625,0.0844727,0.965766
307,1.03906,0.178711,-1.60938,0.417969,0.171992,0.568278,0.506022,0.669822,0.70472,0.931426,0.749902,0.502301,2.48935,0.00681513,0,0,0,0,0,-0.0487,-0.0246433,0.566149,0.525408,0.859339,0.738856,0.0390625,0.178711,1.27094
308,1.02344,0.138672,-1.25781,0.320312,0.135496,0.55389,0.479737,0.645757,0.647149,0.929286,0.635623,0.410458,2.22243,0.00629382,0,0,0,0,0,-0.0424533,-0.0203664,0.582262,0.342427,0.969739,0.729635,0.0234375,0.138672,1.24477
309,0.929688,-0.0625,0.722656,0.494141,-0.0672269,0.473201,0.341557,0.520433,0.387512,1.05142,0.518509,0.269849,1.02803,0.003961,0,0,0,0,0,-0.00449381,-0.00153489,0.0755554,0.391544,0.949159,0.716329,-0.0703125,-0.0625,1.05468
310,0.863281,-0.105469,1.14062,0.5625,-0.122172,0.451381,0.293443,0.468036,0.305167,1.12908,0.510532,0.238948,1.52083,0.0049235,0,0,0,0,0,0.00174803,0.000512949,0.0298493,0.343282,0.973197,0.718334,-0.136719,-0.105469,0.930254
311,0.894531,-0.0568848,1.53125,0.488281,-0.0635917,0.474648,0.330267,0.501821,0.360901,1.02455,0.621261,0.311762,2.19135,0.0062331,0,0,0,0,0,-0.0160608,-0.00530436,0.225373,0.371594,0.951773,0.74212,-0.105469,-0.0568848,1.16383
312,0.929688,-0.183594,0.173828,0.519531,-0.197479,0.421726,0.283875,0.481121,0.312063,1.16605,0.713669,0.343362,0.241165,0.00242415,0,0,0,0,0,-0.00395327,-0.00112224,0.048291,0.392727,0.943451,0.732893,-0.0703125,-0.183594,1.26213
313,1.07031,-0.129883,0.605469,0.130859,-0.12135,0.451707,0.364256,0.580556,0.469728,0.873957,0.733504,0.425841,1.67375,0.00522216,0,0,0,0,0,0.0159317,0.00580322,0.18935,0.485916,0.885629,0.742618,0.0703125,-0.129883,1.25092
314,0.957031,-0.162109,0.0942383,0.21875,-0.169388,0.432746,0.302717,0.505005,0.346668,1.01371,0.81652,0.412347,0.20149,0.00234666,0,0,0,0,0,0.0112823,0.00341534,0.120458,0.412741,0.932163,0.733964,-0.0429688,-0.162109,1.238
315,0.894531,-0.0458984,1.24219,0.523438,-0.05131,0.479539,0.33576,0.505454,0.368218,1.09491,0.894609,0.452183,1.71694,0.00530652,0,0,0,0,0,0.00831704,0.00279253,0.081048,0.447968,0.901576,0.785326,-0.105469,-0.0458984,1.30922
316,0.964844,-0.0106201,0.237305,0.287109,-0.0110071,0.495609,0.381595,0.558288,0.4573,0.861958,0.65376,0.364987,0.442876,0.00281812,0,0,0,0,0,-0.0249543,-0.00952242,0.332762,0.346975,0.962169,0.747319,-0.0351562,-0.0106201,1.06814
317,0.992188,-0.105469,-0.542969,0.166992,-0.106299,0.457672,0.345135,0.542896,0.413854,0.840258,0.612519,0.332534,1.3287,0.00454824,0,0,0,0,0,0.00197782,0.000682615,0.0281497,0.547032,0.844444,0.733404,-0.0078125,-0.105469,1.1955
318,0.980469,-0.169922,-1.33594,0.351562,-0.173307,0.431205,0.308209,0.516224,0.36148,1.07259,0.756563,0.390556,2.25312,0.00635376,0,0,0,0,0,0.0125053,0.00385426,0.144098,0.454852,0.908425,0.729185,-0.0195312,-0.169922,1.51162
319,0.695312,-0.18457,0.464844,0.435547,-0.265449,0.395332,0.195181,0.342344,0.155295,0.849491,0.528831,0.181042,0.704352,0.00332881,0,0,0,0,0,0.00662858,0.00129378,0.109272,0.362675,0.959969,0.729591,-0.304688,-0.18457,0.868236
320,0.925781,0.0102539,1.65625,0.722656,0.0110759,0.504419,0.376367,0.542724,0.436201,1.24419,0.481083,0.261095,1.94832,0.00575844,0,0,0,0,0,-0.0155322,-0.00584581,0.281462,0.355953,0.968298,0.714716,-0.0742188,0.0102539,0.808921
321,1.14844,0.0854492,-0.375,0.249023,0.0744048,0.529656,0.503251,0.698961,0.741808,0.946284,0.630665,0.44081,0.751469,0.00342084,0,0,0,0,0,-0.0436559,-0.0219699,0.603464,0.394465,0.946941,0.718249,0.148438,0.0854492,0.985875
322,0.902344,-0.074707,1.20312,0.246094,-0.0827922,0.467008,0.324488,0.500545,0.355838,0.918606,0.841026,0.420971,2.42527,0.00668998,0,0,0,0,0,0.00119952,0.000389231,0.0124338,0.460704,0.898574,0.758275,-0.0976562,-0.074707,1.19383
323,1.09375,0.150391,-2.32812,0.351562,0.1375,0.554682,0.513792,0.690936,0.741375,0.972972,0.554568,0.383171,3.92649,0.00962206,0,0,0,0,0,-0.0476988,-0.0245072,0.749823,0.336488,0.978042,0.713864,0.09375,0.150391,0.97523
324,0.921875,-0.0996094,0.742188,0.205078,-0.108051,0.456978,0.319869,0.50391,0.356242,0.800989,0.753457,0.379674,1.63891,0.00515411,0,0,0,0,0,-0.0163217,-0.00522082,0.188849,0.420507,0.915474,0.793328,-0.078125,-0.0996094,1.05405
325,0.890625,-0.0510254,-0.191406,0.22168,-0.0572917,0.477156,0.33163,0.501481,0.361462,1.04732,0.578414,0.290063,0.406531,0.00274713,0,0,0,0,0,-0.0120706,-0.00400296,0.181926,0.406683,0.9365,0.73053,-0.109375,-0.0510254,1.07636
326,0.925781,0.0898438,1.72656,0.207031,0.0970464,0.538655,0.416162,0.571041,0.499279,0.979585,0.570522,0.325791,3.79459,0.00936442,0,0,0,0,0,-0.0317863,-0.0132282,0.485707,0.411739,0.92787,0.753307,-0.0742188,0.0898438,1.12929
327,0.96875,0.0397949,0.847656,0.244141,0.0410786,0.516383,0.408368,0.578086,0.500948,0.945457,0.500992,0.289617,1.71554,0.00530378,0,0,0,0,0,-0.0317465,-0.0129643,0.552423,0.37149,0.957465,0.72349,-0.03125,0.0397949,1.11403
328,1.09375,0.0371094,1.46094,0.496094,0.0339286,0.513533,0.457151,0.649922,0.631385,1.13795,0.659937,0.428907,2.0742,0.00600429,0,0,0,0,0,-0.0161206,-0.00736954,0.212953,0.411273,0.938352,0.71553,0.09375,0.0371094,0.979819
329,0.878906,-0.128906,-4.1875,0.394531,-0.146667,0.441698,0.28799,0.469834,0.303682,1.23174,0.637984,0.299746,6.66675,0.0149741,0,0,0,0,0,0.01319,0.0037986,0.180236,0.336924,0.971026,0.733519,-0.121094,-0.128906,1.02948
330,1.04688,0.00122833,-0.40625,0.279297,0.00117333,0.500468,0.420414,0.61013,0.549006,0.931247,0.721572,0.440253,0.768706,0.0034545,0,0,0,0,0,-0.00325233,-0.00136732,0.0392936,0.548987,0.83933,0.762765,0.046875,0.00122833,1.3486
331,1.02344,-0.0712891,0.554688,0.457031,-0.0696565,0.472234,0.374756,0.572099,0.467739,1.05326,0.644514,0.368725,0.820494,0.00355565,0,0,0,0,0,-0.00838531,-0.00314245,0.113421,0.351953,0.968765,0.719014,0.0234375,-0.0712891,1.16908
332,0.984375,-0.0693359,-0.804688,0.400391,-0.0704365,0.471923,0.360069,0.550011,0.432162,0.990313,0.629163,0.346047,1.2717,0.00443692,0,0,0,0,0,-0.0321171,-0.0115644,0.445021,0.405714,0.936403,0.732798,-0.015625,-0.0693359,1.21473
333,1.14062,0.166016,-1.13281,0.326172,0.145548,0.557861,0.540401,0.723967,0.816162,0.899688,0.625324,0.452714,1.98351,0.00582717,0,0,0,0,0,-0.05221,-0.0282143,0.727872,0.326279,0.983606,0.711689,0.140625,0.166016,1.04432
334,0.875,-0.0917969,-0.365234,0.263672,-0.104911,0.458223,0.304979,0.479161,0.322607,1.05338,0.580841,0.278316,0.711279,0.00334234,0,0,0,0,0,-0.00496613,-0.00151456,0.0745363,0.398858,0.93832,0.739494,-0.125,-0.0917969,1.40514
335,1.01562,0.182617,0.90625,0.345703,0.179808,0.571348,0.499238,0.657217,0.681173,1.21907,0.697217,0.458223,1.54133,0.00496354,0,0,0,0,0,-0.0392949,-0.0196175,0.491333,0.393055,0.944909,0.727319,0.015625,0.182617,1.26635
336,0.816406,-0.0727539,0.644531,0.363281,-0.0891148,0.464495,0.291004,0.451206,0.28827,1.12072,0.416304,0.187839,1.06936,0.00404171,0,0,0,0,0,-0.00679618,-0.00197772,0.142318,0.369661,0.959584,0.719896,-0.183594,-0.0727539,0.80927
337,0.820312,-0.147461,1.41406,0.585938,-0.179762,0.42867,0.255746,0.430008,0.250313,1.10165,0.762498,0.327881,1.84732,0.00556118,0,0,0,0,0,0.024497,0.006265,0.280079,0.378432,0.948913,0.739994,-0.179688,-0.147461,1.1062
338,1.15625,0.285156,-1.21094,0.404297,0.246622,0.597399,0.617618,0.770087,0.974486,0.936421,0.739859,0.569756,1.90446,0.00567277,0,0,0,0,0,-0.0637702,-0.0393856,0.751408,0.407269,0.937857,0.72468,0.15625,0.285156,1.25231
339,0.878906,-0.139648,2.04688,0.710938,-0.158889,0.436878,0.282619,0.466561,0.297553,1.06845,0.6423,0.299672,2.42759,0.00669451,0,0,0,0,0,-0.0131198,-0.00370791,0.178072,0.353584,0.966468,0.723399,-0.121094,-0.139648,1.17875
340,1.17188,0.34375,0.0732422,0.291016,0.293333,0.615366,0.660865,0.796681,1.07144,0.894531,0.749866,0.597404,0.13577,0.0022183,0,0,0,0,0,-0.0641546,-0.0423975,0.745849,0.367572,0.9619,0.716216,0.171875,0.34375,1.0515
341,0.765625,-0.128906,0.162109,0.210938,-0.168367,0.433147,0.242564,0.404239,0.222246,0.886056,0.658293,0.266108,0.352965,0.00264251,0,0,0,0,0,-0.00854864,-0.00207359,0.11321,0.324096,0.969891,0.756054,-0.234375,-0.128906,1.18124
342,0.824219,-0.0541992,1.64844,0.251953,-0.0657583,0.473785,0.303414,0.46179,0.30531,1.03297,0.558945,0.258115,3.28407,0.00836733,0,0,0,0,0,-0.00740137,-0.00224568,0.115438,0.345388,0.969014,0.727599,-0.175781,-0.0541992,1.15589
343,0.972656,0.10791,0.695312,0.539062,0.110944,0.54417,0.443993,0.604898,0.56303,1.08829,0.67601,0.408917,0.947023,0.00380278,0,0,0,0,0,-0.0334238,-0.0148399,0.431032,0.397197,0.942435,0.728078,-0.0273438,0.10791,1.29724
344,1.01562,-0.0717773,0.0512695,0.183594,-0.0706731,0.471829,0.371379,0.567393,0.459858,0.891033,0.857198,0.486368,0.119655,0.00218683,0,0,0,0,0,0.00141535,0.000525633,0.0143943,0.48772,0.882534,0.753162,0.015625,-0.0717773,1.4638
345,1.10156,0.238281,-0.154297,0.332031,0.216312,0.585628,0.567119,0.724072,0.845904,0.976732,0.635595,0.460217,0.267774,0.00247612,0,0,0,0,0,-0.0508946,-0.0288633,0.698069,0.418228,0.933291,0.718939,0.101562,0.238281,1.06861
346,0.828125,-0.0476074,-1.01562,0.300781,-0.0574882,0.477078,0.308276,0.466235,0.31241,1.04398,0.605172,0.282153,1.85186,0.00557004,0,0,0,0,0,-0.027274,-0.00840794,0.392896,0.427356,0.925853,0.726259,-0.171875,-0.0476074,1.19997
347,0.980469,0.0541992,-0.490234,0.375,0.0552789,0.522042,0.42027,0.590017,0.524747,0.843857,0.471174,0.278001,0.800549,0.0035167,0,0,0,0,0,-0.0137996,-0.00579956,0.255324,0.406086,0.939058,0.722873,-0.0195312,0.0541992,0.829127
348,0.976562,0.118164,0.632812,0.492188,0.121,0.548154,0.450686,0.61094,0.576366,1.31847,0.558762,0.34137,0.902007,0.00371486,0,0,0,0,0,-0.0403822,-0.0181997,0.630042,0.325653,0.982838,0.714471,-0.0234375,0.118164,1.25527
349,1.125,0.230469,-1.375,0.804688,0.204861,0.58116,0.570972,0.735838,0.867467,0.936004,0.602688,0.443481,1.53281,0.0049469,0,0,0,0,0,-0.0536304,-0.0306215,0.775757,0.330221,0.981483,0.712494,0.125,0.230469,1.23954
350,1.19531,0.0839844,0.0932617,0.308594,0.0702614,0.528007,0.521315,0.72571,0.798424,0.977101,0.763708,0.55423,0.167884,0.00228102,0,0,0,0,0,-0.034593,-0.0180339,0.394882,0.572325,0.826822,0.721041,0.195312,0.0839844,1.45474
351,1.16406,0.205078,-0.279297,0.236328,0.176174,0.569922,0.569507,0.75211,0.890007,0.913455,0.756033,0.56862,0.574524,0.00307524,0,0,0,0,0,-0.0495218,-0.028203,0.571034,0.581533,0.819511,0.720628,0.164062,0.205078,1.23733
352,1.02344,0.0639648,1.11719,0.242188,0.0625,0.524918,0.442383,0.618512,0.57826,0.832899,0.58646,0.362732,2.27013,0.00638697,0,0,0,0,0,-0.024809,-0.0109751,0.368789,0.360448,0.964197,0.720067,0.0234375,0.0639648,0.879524
353,1.03906,0.0917969,0.480469,0.585938,0.0883459,0.535199,0.462565,0.637628,0.620536,1.04815,0.552556,0.352325,0.627682,0.00317907,0,0,0,0,0,-0.0389141,-0.0180003,0.613955,0.336269,0.977733,0.714982,0.0390625,0.0917969,0.843203
354,1.10156,0.0791016,0.484375,0.386719,0.0718085,0.528623,0.48128,0.669404,0.679731,0.933698,0.557805,0.373396,0.778904,0.00347442,0,0,0,0,0,-0.037086,-0.0178487,0.579608,0.432123,0.923779,0.723535,0.101562,0.0791016,1.08051
355,0.9375,0.0556641,-0.369141,0.349609,0.059375,0.523673,0.403772,0.565529,0.482855,0.876902,0.671451,0.379725,0.62431,0.00317248,0,0,0,0,0,-0.0273969,-0.0110621,0.355708,0.428596,0.921998,0.738218,-0.0625,0.0556641,0.989708
356,0.980469,-0.180664,-1.10156,0.220703,-0.184263,0.426904,0.304078,0.51229,0.354905,0.916999,0.733202,0.375612,2.3448,0.0065328,0,0,0,0,0,0.0159343,0.00484526,0.189459,0.463533,0.897483,0.754868,-0.0195312,-0.180664,1.32254
357,1.10156,0.0795898,-1.74219,0.460938,0.0722518,0.528799,0.481524,0.669579,0.680202,1.1191,0.63539,0.425444,2.5661,0.00696504,0,0,0,0,0,-0.0185036,-0.00890992,0.253876,0.436679,0.92227,0.719119,0.101562,0.0795898,1.0015
358,0.925781,-0.108398,-1.6875,0.392578,-0.117089,0.453395,0.317041,0.5034,0.353927,1.11275,0.643811,0.324095,2.69328,0.00721343,0,0,0,0,0,0.0113396,0.00359513,0.153549,0.367236,0.959866,0.72279,-0.0742188,-0.108398,1.12475
359,1.07812,0.197266,-0.155273,0.263672,0.182971,0.57259,0.532135,0.698602,0.771212,0.789146,0.646948,0.451959,0.302388,0.00254373,0,0,0,0,0,-0.0420147,-0.0223575,0.566159,0.486533,0.884723,0.745263,0.078125,0.197266,1.00629
360,1.15625,0.0109253,-0.237305,0.243164,0.0094489,0.50377,0.469122,0.67718,0.678648,0.969311,0.760354,0.514896,0.481234,0.00289304,0,0,0,0,0,-0.0415718,-0.0195022,0.476639,0.508181,0.874453,0.723076,0.15625,0.0109253,1.31904
361,0.902344,-0.116699,-1.17188,0.316406,-0.129329,0.448549,0.303492,0.487197,0.329468,1.0693,0.598655,0.291662,2.08333,0.00602214,0,0,0,0,0,0.0202713,0.00615217,0.295196,0.386169,0.94885,0.726495,-0.0976562,-0.116699,0.836862
362,1.47656,0.167969,1.00781,0.388672,0.113757,0.545285,0.676089,0.919804,1.30314,1.06045,1.32168,1.21568,1.61655,0.00511044,0,0,0,0,0,-0.0257481,-0.017408,0.169834,0.792447,0.61968,0.729109,0.476562,0.167969,1.82534
363,0.890625,-0.0727539,-0.761719,0.519531,-0.0816886,0.467447,0.320766,0.494364,0.347286,0.986187,0.798118,0.39456,1.05679,0.00401717,0,0,0,0,0,0.00179361,0.000575329,0.0195915,0.449788,0.905504,0.75635,-0.109375,-0.0727539,1.29496
364,1.13281,0.105469,1.42969,0.394531,0.0931034,0.537089,0.506995,0.697116,0.743014,1.09897,0.649515,0.452787,2.27615,0.00639873,0,0,0,0,0,-0.0348613,-0.0176745,0.467909,0.423983,0.931783,0.712737,0.132812,0.105469,1.14732
365,1.29688,0.163086,1.39844,0.261719,0.125753,0.550036,0.601593,0.813605,1.02387,1.12524,0.827073,0.67291,2.73354,0.00729207,0,0,0,0,0,-0.0520353,-0.0313041,0.54848,0.468463,0.903708,0.713591,0.296875,0.163086,1.55169
366,1.03906,0.0131836,-0.292969,0.566406,0.012688,0.505062,0.423258,0.609714,0.550899,1.09664,0.761169,0.464095,0.389276,0.00271343,0,0,0,0,0,-0.0246732,-0.0104431,0.282586,0.396469,0.946086,0.717468,0.0390625,0.0131836,1.59648
367,1.05469,0.15332,-0.617188,0.808594,0.14537,0.557791,0.499592,0.669352,0.697625,1.0531,0.834081,0.558294,0.68636,0.00329367,0,0,0,0,0,-0.0464951,-0.0232286,0.485966,0.470588,0.894304,0.748586,0.0546875,0.15332,1.40967
368,0.984375,-0.00601196,2.9375,0.15918,-0.00610739,0.497564,0.391731,0.571241,0.479769,0.955548,0.680162,0.388536,7.36265,0.0163333,0,0,0,0,0,-0.019378,-0.00759094,0.248372,0.446676,0.913282,0.729969,-0.015625,-0.00601196,1.01509
369,1.00781,0.193359,2.21875,0.310547,0.19186,0.576074,0.503142,0.655523,0.682863,1.18554,0.57742,0.378512,3.98148,0.00972946,0,0,0,0,0,-0.0390954,-0.0196706,0.590257,0.387512,0.949751,0.721294,0.0078125,0.193359,1.17034
370,1.16406,0.0683594,2.48438,0.378906,0.0587248,0.523414,0.500972,0.701929,0.743676,1.22303,0.955756,0.670873,4.036,0.00983594,0,0,0,0,0,-0.0415487,-0.0208147,0.378981,0.539838,0.847619,0.748204,0.164062,0.0683594,1.76384
371,0.96875,0.00411987,-1.0625,0.539062,0.00425277,0.501697,0.390531,0.565626,0.472448,0.977037,0.458424,0.259297,1.44714,0.00477956,0,0,0,0,0,-0.020992,-0.00819802,0.399202,0.347596,0.971876,0.71621,-0.03125,0.00411987,0.916179
372,1.0625,0.11377,1.32031,0.224609,0.107077,0.542636,0.48295,0.659265,0.667871,0.715453,0.583154,0.384453,2.78588,0.0073943,0,0,0,0,0,-0.0328788,-0.0158788,0.491519,0.558982,0.833562,0.748202,0.0625,0.11377,1.1226
373,0.9375,-0.0300293,1.35156,0.267578,-0.0320312,0.487224,0.360925,0.535779,0.417326,0.942909,0.622775,0.333669,2.61283,0.0070563,0,0,0,0,0,-0.0302532,-0.0109192,0.423494,0.401452,0.938837,0.732489,-0.0625,-0.0300293,1.15248
374,1.48438,0.205078,-1.42188,0.229492,0.138158,0.554942,0.697777,0.938062,1.36685,0.972838,1.1841,1.11076,2.96809,0.00775018,0,0,0,0,0,-0.0499918,-0.0348831,0.36806,0.615237,0.791292,0.723026,0.484375,0.205078,1.91181
375,0.980469,0.006073,2.4375,0.318359,0.00619397,0.502471,0.396207,0.573126,0.485453,1.1136,0.65741,0.376779,4.32002,0.0103907,0,0,0,0,0,-0.00410622,-0.00162691,0.0544519,0.506313,0.871618,0.744848,-0.0195312,0.006073,1.1205
376,1.08594,0.162109,0.192383,0.6875,0.149281,0.559334,0.516518,0.690771,0.743955,0.95204,0.622567,0.430051,0.232022,0.00240629,0,0,0,0,0,-0.0465445,-0.0240411,0.651761,0.35441,0.968127,0.717375,0.0859375,0.162109,0.988359
377,1.0625,-0.0849609,-0.169922,0.28125,-0.0799632,0.468133,0.383585,0.590362,0.495665,0.818738,0.579881,0.34234,0.320408,0.00257892,0,0,0,0,0,-0.00890089,-0.00341425,0.133814,0.443465,0.915069,0.730647,0.0625,-0.0849609,1.22574
378,0.832031,-0.0913086,0.0439453,0.339844,-0.109742,0.456307,0.287992,0.454354,0.289377,1.01788,0.617487,0.280558,0.0753829,0.00210036,0,0,0,0,0,-0.00945099,-0.00272181,0.133431,0.408617,0.93854,0.71985,-0.167969,-0.0913086,0.967911
379,1.10938,0.175781,-0.953125,0.248047,0.158451,0.562949,0.532753,0.709491,0.787203,0.843947,0.619725,0.439689,1.91374,0.0056909,0,0,0,0,0,-0.0497844,-0.0265228,0.700327,0.425806,0.930732,0.712619,0.109375,0.175781,0.916287
380,1.01562,0.119629,-0.12207,0.609375,0.117788,0.546882,0.467082,0.634176,0.620345,1.01305,0.621012,0.393831,0.156375,0.00225855,0,0,0,0,0,-0.0342226,-0.0159848,0.480418,0.400184,0.941543,0.725558,0.015625,0.119629,1.15624
381,1.49219,0.25,-1.82031,0.197266,0.167539,0.566527,0.723371,0.959417,1.44375,0.873868,1.21532,1.166,4.09846,0.00995792,0,0,0,0,0,-0.0546583,-0.0395382,0.392077,0.772876,0.641004,0.731695,0.492188,0.25,2.25708
382,0.886719,-0.0154419,0.230469,0.386719,-0.0174146,0.493053,0.347855,0.511145,0.382273,0.898347,0.485444,0.248132,0.370608,0.00267697,0,0,0,0,0,-0.0265888,-0.00924907,0.477493,0.415471,0.934457,0.720388,-0.113281,-0.0154419,1.03221
383,1.10938,0.163086,-1.46094,0.628906,0.147007,0.558437,0.526405,0.704737,0.773756,0.974219,0.602176,0.424376,1.84221,0.00555119,0,0,0,0,0,-0.0458519,-0.0241366,0.663804,0.325865,0.984153,0.710757,0.109375,0.163086,0.879124
384,1.03125,-0.104492,-1.71875,0.410156,-0.101326,0.459646,0.361288,0.565904,0.450776,0.943267,0.599996,0.33954,2.68373,0.00719478,0,0,0,0,0,-0.00901609,-0.0032574,0.131002,0.386389,0.949935,0.722617,0.03125,-0.104492,1.01962
385,0.726562,-0.0678711,0.8125,0.507812,-0.093414,0.462787,0.257418,0.400546,0.226701,0.991635,0.827672,0.331521,1.14018,0.00418003,0,0,0,0,0,0.0303177,0.00780432,0.319334,0.450532,0.903517,0.764511,-0.273438,-0.0678711,1.244
386,1.03906,-0.142578,0.277344,0.345703,-0.137218,0.445429,0.345377,0.55847,0.431175,0.955431,0.794714,0.443824,0.471701,0.00287442,0,0,0,0,0,0.00461177,0.0015928,0.0505899,0.473443,0.888459,0.772239,0.0390625,-0.142578,1.63336
387,2.09375,0.416016,0.34375,0.53125,0.198694,0.578749,1.05441,1.36585,2.97734,0.987193,1.88245,2.57116,0.471621,0.00287426,0,0,0,0,0,-0.0747259,-0.0787917,0.346062,0.915072,0.487941,0.762612,1.09375,0.416016,3.27857
388,0.847656,0.0291748,1.61719,0.353516,0.0344182,0.513728,0.3545,0.503835,0.37952,1.04006,0.596381,0.300478,2.71992,0.00726547,0,0,0,0,0,-0.0221935,-0.00786759,0.324421,0.348679,0.968355,0.724864,-0.152344,0.0291748,1.08244
389,0.738281,-0.229492,-0.341797,0.523438,-0.310847,0.377959,0.195096,0.351475,0.161597,0.952529,0.661859,0.232627,0.472428,0.00287584,0,0,0,0,0,0.0117135,0.00228526,0.154287,0.389481,0.947117,0.726376,-0.261719,-0.229492,1.00508
390,0.9375,-0.0354004,0.859375,0.515625,-0.0377604,0.484939,0.35824,0.533973,0.413463,0.984654,0.694021,0.370588,1.19678,0.00429059,0,0,0,0,0,-0.0222073,-0.00795552,0.278952,0.458077,0.904897,0.735567,-0.0625,-0.0354004,1.1182
391,0.984375,-0.175781,-2.42188,0.220703,-0.178571,0.429137,0.30732,0.516454,0.36117,0.964792,0.656386,0.338993,5.15522,0.0120219,0,0,0,0,0,0.0263204,0.00808878,0.349575,0.434849,0.917169,0.743119,-0.015625,-0.175781,1.0254
392,0.851562,-0.0236816,-0.0456543,0.384766,-0.0278096,0.488907,0.329638,0.487878,0.346686,1.10626,0.518923,0.253171,0.073601,0.00209688,0,0,0,0,0,0.00104884,0.000345738,0.0176203,0.352242,0.968788,0.718539,-0.148438,-0.0236816,1.04183
393,1.03906,-0.0427246,-0.546875,0.162109,-0.0411184,0.483601,0.395304,0.590651,0.505134,0.933027,0.80312,0.474364,1.35826,0.00460598,0,0,0,0,0,-0.00854038,-0.00337605,0.092705,0.62095,0.784519,0.752143,0.0390625,-0.0427246,1.49901
394,0.96875,-0.0800781,0.211914,0.367188,-0.0826613,0.46706,0.348432,0.537423,0.410228,1.04111,0.826898,0.444394,0.349716,0.00263616,0,0,0,0,0,0.0126827,0.00441905,0.133711,0.497684,0.877222,0.746043,-0.03125,-0.0800781,1.44203
395,0.902344,-0.0820312,0.742188,0.482422,-0.0909091,0.463782,0.320826,0.498179,0.351112,1.03441,0.776568,0.38687,1.06856,0.00404016,0,0,0,0,0,-0.0129681,-0.0041605,0.14558,0.489386,0.885423,0.732215,-0.0976562,-0.0820312,1.26754
396,1.05469,-0.0142212,-0.734375,0.425781,-0.0134838,0.494621,0.415822,0.609383,0.544255,1.2245,0.639053,0.389428,1.12545,0.00415126,0,0,0,0,0,-0.00126548,-0.000526212,0.0172633,0.351543,0.969137,0.71852,0.0546875,-0.0142212,1.31979
397,0.9375,-0.129883,-1.86719,0.369141,-0.138542,0.444906,0.310998,0.503499,0.350232,0.93114,0.818352,0.41204,3.07321,0.00795549,0,0,0,0,0,0.024935,0.00775473,0.265629,0.437647,0.912796,0.755532,-0.0625,-0.129883,1.3794
398,0.921875,-0.0703125,-0.100586,0.546875,-0.0762712,0.469602,0.334518,0.513333,0.375413,0.965919,0.702426,0.360578,0.136017,0.00221878,0,0,0,0,0,-0.00248663,-0.000831822,0.0308615,0.469703,0.899267,0.728088,-0.078125,-0.0703125,1.05121
399,1.11719,-0.0664062,0.777344,0.304688,-0.0594406,0.476301,0.414792,0.628257,0.56676,0.992298,0.752387,0.472693,1.40827,0.00470365,0,0,0,0,0,-0.0285804,-0.0118549,0.331157,0.50232,0.87925,0.719856,0.117188,-0.0664062,1.34717
400,0.921875,-0.121094,-0.785156,0.287109,-0.131356,0.447747,0.309127,0.49716,0.342728,1.12631,0.611183,0.303856,1.46532,0.00481508,0,0,0,0,0,-0.00254169,-0.000785706,0.0362542,0.383105,0.95043,0.726629,-0.078125,-0.121094,1.11478
401,1.17969,0.147461,0.283203,0.347656,0.125,0.549738,0.546788,0.739758,0.846219,1.2308,0.767195,0.567538,0.480312,0.00289123,0,0,0,0,0,-0.0469908,-0.025694,0.533967,0.464619,0.904426,0.720424,0.179688,0.147461,1.11272
402,1.14062,0.253906,-0.0732422,0.410156,0.222603,0.588078,0.591804,0.751791,0.915421,0.938342,0.722923,0.543487,0.114363,0.00217649,0,0,0,0,0,-0.0585325,-0.0346398,0.705849,0.474742,0.895566,0.729982,0.140625,0.253906,1.41455
403,0.878906,0.0196533,0.871094,0.236328,0.0223611,0.50892,0.36227,0.518695,0.400285,0.916843,0.620046,0.321615,1.79187,0.00545288,0,0,0,0,0,-0.0238579,-0.00864301,0.335441,0.445394,0.909327,0.75042,-0.121094,0.0196533,1.00141
404,1,0.0524902,1.73438,0.408203,0.0524902,0.520931,0.427247,0.600778,0.543475,1.01742,0.577718,0.34708,2.71459,0.00725507,0,0,0,0,0,-0.0164319,-0.00702049,0.247958,0.380506,0.953977,0.719761,0,0.0524902,1.13356
405,1.05469,0.117188,-1.07031,0.404297,0.111111,0.544236,0.481526,0.655978,0.662174,1.21508,0.500304,0.328188,1.6833,0.00524081,0,0,0,0,0,-0.0333402,-0.0160541,0.580952,0.335299,0.979467,0.711548,0.0546875,0.117188,0.971458
406,0.863281,-0.0581055,1.24219,0.279297,-0.0673077,0.473168,0.317125,0.483236,0.334086,0.927035,0.778178,0.376044,2.35047,0.00654388,0,0,0,0,0,-0.0204743,-0.00649291,0.22937,0.560237,0.830611,0.769126,-0.136719,-0.0581055,1.56226
407,0.996094,-0.0118408,-0.390625,0.429688,-0.0118873,0.495258,0.393516,0.576071,0.486712,1.06084,0.551465,0.317683,0.595914,0.00311702,0,0,0,0,0,-0.0165098,-0.00649686,0.260994,0.341818,0.973791,0.718627,-0.00390625,-0.0118408,1.03856
408,1.04688,-0.186523,-0.423828,0.238281,-0.178172,0.429294,0.326984,0.549404,0.408763,1.1214,0.810164,0.445107,0.86825,0.00364893,0,0,0,0,0,0.0393013,0.0128509,0.422902,0.447053,0.91225,0.733207,0.046875,-0.186523,1.35446
409,0.984375,0.00842285,-0.558594,0.287109,0.00855655,0.503414,0.398948,0.576214,0.491182,0.937252,0.415747,0.239559,1.04249,0.00398924,0,0,0,0,0,-0.0128989,-0.00514599,0.270477,0.34522,0.972611,0.717368,-0.015625,0.00842285,0.739989
410,1.16406,0.0722656,1.02344,0.182617,0.0620805,0.524751,0.502925,0.703324,0.747598,0.887378,0.81059,0.570107,2.39492,0.0066307,0,0,0,0,0,-0.0347125,-0.0174578,0.373329,0.721433,0.693196,0.724605,0.164062,0.0722656,1.53208
411,1.125,0.112793,1.60156,0.341797,0.10026,0.539931,0.507524,0.695242,0.740942,1.093,0.887335,0.616912,2.73943,0.00730357,0,0,0,0,0,-0.0228584,-0.0116012,0.224577,0.543117,0.849159,0.722484,0.125,0.112793,1.79441
412,0.863281,-0.0246582,0.628906,0.574219,-0.0285633,0.488606,0.333849,0.494372,0.355859,0.99026,0.738992,0.365337,0.829941,0.0035741,0,0,0,0,0,0.00439313,0.00146664,0.0518251,0.325781,0.969188,0.755978,-0.136719,-0.0246582,1.43161
413,1.13281,-0.0317383,1.13281,0.470703,-0.0280172,0.488824,0.438391,0.648933,0.613301,0.967787,0.702915,0.456145,1.65114,0.00517801,0,0,0,0,0,-0.0223461,-0.00979633,0.277144,0.578249,0.818198,0.756392,0.132812,-0.0317383,1.15455
414,0.832031,-0.0556641,1.61719,0.279297,-0.0669014,0.47333,0.305814,0.465855,0.310543,0.94649,0.759602,0.353864,3.06004,0.00792977,0,0,0,0,0,0.0159936,0.00489108,0.183556,0.471116,0.892193,0.758185,-0.167969,-0.0556641,1.40563
415,1.0625,0.117188,-0.261719,0.515625,0.110294,0.543912,0.484659,0.660518,0.671179,0.966167,0.509577,0.336585,0.364475,0.00266499,0,0,0,0,0,-0.0384603,-0.0186401,0.657976,0.298664,0.995484,0.712309,0.0625,0.117188,0.834614
416,0.894531,-0.02771,1.17969,0.224609,-0.0309771,0.487644,0.344854,0.51154,0.380597,0.969655,0.522282,0.267168,2.48916,0.00681477,0,0,0,0,0,-0.0345919,-0.0119292,0.577399,0.413558,0.932107,0.732474,-0.105469,-0.02771,0.895205
417,1,0.114258,-0.285156,0.158203,0.114258,0.545483,0.458131,0.62312,0.598163,0.801937,0.645696,0.402346,0.716928,0.00335337,0,0,0,0,0,-0.0319343,-0.0146301,0.431158,0.572798,0.82369,0.742679,0,0.114258,0.965914
418,0.808594,-0.166016,1.76562,0.503906,-0.205314,0.418663,0.244604,0.416075,0.23295,1.01367,0.666168,0.277176,2.48727,0.00681108,0,0,0,0,0,-0.00131394,-0.000321394,0.0171948,0.33239,0.972073,0.736682,-0.191406,-0.166016,1.04731
419,0.722656,-0.128906,1.64844,0.326172,-0.178378,0.429213,0.225662,0.379196,0.194713,1.02371,0.543554,0.206113,2.88635,0.00759053,0,0,0,0,0,0.00122025,0.000275365,0.019571,0.362555,0.961774,0.724172,-0.277344,-0.128906,1.17606
420,0.671875,-0.257812,-1.35938,0.416016,-0.383721,0.350593,0.159802,0.302952,0.117317,1.02123,0.684937,0.207503,2.10758,0.0060695,0,0,0,0,0,0.0254168,0.00406166,0.323502,0.387251,0.946909,0.731038,-0.328125,-0.257812,1.12977
421,0.96875,0.0134277,0.828125,0.429688,0.0138609,0.50553,0.395185,0.56885,0.479761,1.1084,0.668575,0.380319,1.26334,0.00442058,0,0,0,0,0,-0.025509,-0.0100808,0.332621,0.328921,0.979596,0.719215,-0.03125,0.0134277,1.09622
422,1.04688,-0.0022583,0.165039,0.21582,-0.00215718,0.499139,0.41867,0.60893,0.54608,1.08126,0.639191,0.389223,0.355255,0.00264698,0,0,0,0,0,-0.014693,-0.00615153,0.200395,0.372849,0.958525,0.718136,0.046875,-0.0022583,1.15531
423,1.03906,0.097168,0.22168,0.197266,0.093515,0.537253,0.465251,0.639579,0.62552,0.849466,0.469038,0.299987,0.499115,0.00292796,0,0,0,0,0,-0.028912,-0.0134513,0.537375,0.338362,0.976517,0.715606,0.0390625,0.097168,1.10887
424,1.28906,0.197266,-1.0625,0.123535,0.15303,0.560813,0.61555,0.821788,1.05424,1.01357,0.953097,0.783244,3.02297,0.00785736,0,0,0,0,0,-0.0358874,-0.0220905,0.328255,0.702236,0.71202,0.722398,0.289062,0.197266,1.76582
425,1.125,0.0927734,-0.855469,0.208008,0.0824653,0.532862,0.497514,0.687969,0.720821,0.80681,0.601382,0.413732,1.8757,0.00561661,0,0,0,0,0,-0.0428433,-0.0213151,0.621068,0.46991,0.902234,0.715576,0.125,0.0927734,1.15995
426,0.933594,-0.139648,0.554688,0.296875,-0.149582,0.440547,0.304549,0.498235,0.340988,1.07729,0.739,0.368195,1.01803,0.00394147,0,0,0,0,0,0.0183534,0.00558951,0.216511,0.422533,0.926684,0.733611,-0.0664062,-0.139648,1.17335
427,1.03906,0.206055,-0.0539551,0.433594,0.198308,0.578598,0.523015,0.677719,0.732847,1.05913,0.648717,0.439647,0.081939,0.00211316,0,0,0,0,0,-0.0506116,-0.0264706,0.680146,0.388851,0.948265,0.723739,0.0390625,0.206055,1.0084
428,0.980469,0.0388184,0.40625,0.300781,0.0395916,0.515791,0.412579,0.584564,0.511937,0.987944,0.481923,0.281715,0.740744,0.00339989,0,0,0,0,0,-0.0300395,-0.0123937,0.543404,0.361858,0.965575,0.714028,-0.0195312,0.0388184,0.691659
429,2.40625,0.462891,1.14062,0.110352,0.19237,0.576274,1.20208,1.56547,3.89569,0.900842,2.23343,3.49635,3.43363,0.00865944,0,0,0,0,0,-0.0645761,-0.0776258,0.252062,1.03502,0.373186,0.832019,1.40625,0.462891,3.81087
430,0.8125,-0.222656,-1.34375,0.225586,-0.274038,0.392028,0.225548,0.397512,0.208887,0.918175,0.944031,0.375263,2.82919,0.00747889,0,0,0,0,0,0.0478142,0.0107844,0.441548,0.606179,0.795726,0.82088,-0.1875,-0.222656,1.79459
431,0.753906,-0.0898438,0.496094,0.734375,-0.119171,0.45257,0.257396,0.409448,0.2339,1.21836,0.75528,0.309248,0.578902,0.00308379,0,0,0,0,0,0.00764686,0.00196827,0.0882636,0.317865,0.981888,0.726659,-0.246094,-0.0898438,1.15909
432,1.17969,0.257812,0.691406,0.480469,0.218543,0.586497,0.609018,0.776173,0.973347,1.12938,0.728756,0.565641,0.997472,0.00390131,0,0,0,0,0,-0.0648383,-0.0394877,0.775633,0.400297,0.944473,0.715853,0.179688,0.257812,1.22368
433,0.820312,-0.177734,-1.03125,0.410156,-0.216667,0.414234,0.244774,0.418624,0.23516,1.06911,0.644689,0.269882,1.61024,0.00509812,0,0,0,0,0,-0.000449783,-0.000110095,0.00608218,0.343552,0.970586,0.725505,-0.179688,-0.177734,1.03364
434,1.10938,0.0302734,-0.367188,0.445312,0.0272887,0.510885,0.459999,0.656621,0.64275,1.07461,0.595405,0.390955,0.550244,0.00302782,0,0,0,0,0,-0.0381296,-0.0175396,0.558286,0.459456,0.907196,0.722523,0.109375,0.0302734,1.10159
435,0.984375,-0.233398,-1.00781,0.227539,-0.237103,0.406288,0.286437,0.494887,0.32696,1.01176,0.879725,0.435365,2.11277,0.00607962,0,0,0,0,0,0.0348838,0.00999202,0.345688,0.540393,0.844908,0.768133,-0.015625,-0.233398,1.32431
436,1.1875,0.0537109,-0.279297,0.131836,0.0452303,0.518038,0.503046,0.710365,0.757674,0.795185,0.919641,0.653281,0.769218,0.0034555,0,0,0,0,0,-0.0205399,-0.0103325,0.19471,0.734114,0.681182,0.735336,0.1875,0.0537109,1.79222
437,0.847656,-0.15918,1.26562,0.269531,-0.187788,0.425521,0.261805,0.441767,0.263699,1.03472,0.801051,0.353878,2.43781,0.00671448,0,0,0,0,0,0.0176394,0.00461807,0.191968,0.430383,0.918178,0.750011,-0.152344,-0.15918,1.54323
438,1.08594,0.0466309,-1.75781,0.285156,0.0429406,0.517126,0.458779,0.648731,0.631329,0.911355,0.562641,0.365003,3.29178,0.00838239,0,0,0,0,0,-0.0184521,-0.00846544,0.285905,0.403809,0.941422,0.719305,0.0859375,0.0466309,1.01382
439,0.984375,0.115234,0.660156,0.458984,0.117063,0.546595,0.452354,0.6144,0.582111,1.18799,0.536016,0.329328,0.974424,0.0038563,0,0,0,0,0,-0.0324046,-0.0146583,0.527031,0.324829,0.982053,0.717588,-0.015625,0.115234,0.809919
440,1,-0.0130005,-0.757812,0.158203,-0.0130005,0.494814,0.394502,0.57795,0.489658,0.824264,0.541824,0.313147,1.90526,0.00567434,0,0,0,0,0,-0.000924888,-0.00036487,0.0148812,0.536056,0.853944,0.725192,0,-0.0130005,1.05967
441,0.910156,0.0102539,2.28125,0.535156,0.0112661,0.504494,0.370102,0.533624,0.42173,1.25453,0.598892,0.319583,3.11841,0.00804376,0,0,0,0,0,-0.0136158,-0.00503924,0.198199,0.344423,0.97268,0.718253,-0.0898438,0.0102539,1.03255
442,1.125,0.11084,1.72656,0.304688,0.0985243,0.539242,0.506548,0.694529,0.738961,1.04065,0.696558,0.48378,3.12792,0.00806233,0,0,0,0,0,-0.0396302,-0.0200746,0.495993,0.452336,0.913259,0.716665,0.125,0.11084,1.13992
443,0.949219,0.0368652,1.44531,0.429688,0.0388374,0.51549,0.399072,0.56568,0.479252,1.12757,0.670591,0.37934,2.20488,0.00625954,0,0,0,0,0,-0.0284592,-0.0113573,0.369975,0.411572,0.936469,0.721143,-0.0507812,0.0368652,1.11432
444,1.03125,0.166992,1.17969,0.404297,0.161932,0.56432,0.49703,0.660876,0.683795,1.04546,0.611439,0.404085,1.85531,0.00557678,0,0,0,0,0,-0.0490156,-0.0243622,0.698857,0.323108,0.982706,0.717924,0.03125,0.166992,1.07572
445,0.878906,-0.0546875,1.47656,0.5625,-0.0622222,0.475193,0.3251,0.493452,0.349185,1.09497,0.763884,0.37694,1.96875,0.00579834,0,0,0,0,0,-0.00196075,-0.000637441,0.022377,0.348043,0.963827,0.740003,-0.121094,-0.0546875,1.39936
446,0.996094,0.0181885,0.398438,0.306641,0.0182598,0.507284,0.40853,0.58643,0.510797,1.01364,0.525871,0.308387,0.719524,0.00335845,0,0,0,0,0,-0.0247676,-0.0101183,0.410594,0.334085,0.978166,0.71659,-0.00390625,0.0181885,0.929616
447,1.13281,0.136719,-0.738281,0.474609,0.12069,0.548032,0.52262,0.708561,0.77519,1.02623,0.663846,0.470375,1.07165,0.00404619,0,0,0,0,0,-0.0512819,-0.0268009,0.673447,0.36287,0.965002,0.714197,0.132812,0.136719,1.0468
448,1.07031,0.0307617,0.417969,0.291016,0.0287409,0.511464,0.444579,0.634045,0.599663,0.896997,0.572473,0.362974,0.774793,0.00346639,0,0,0,0,0,-0.029627,-0.0131716,0.45117,0.50388,0.875546,0.732455,0.0703125,0.0307617,0.981934
449,0.910156,-0.0820312,-0.890625,0.498047,-0.0901288,0.464092,0.323959,0.502721,0.357678,1.21402,0.62106,0.31222,1.262,0.00441797,0,0,0,0,0,-0.0126239,-0.00408961,0.177201,0.347137,0.971879,0.716826,-0.0898438,-0.0820312,1.0404
450,1.10938,0.228516,-0.259766,0.382812,0.205986,0.581599,0.563837,0.725969,0.844944,1.05861,0.596933,0.433355,0.419845,0.00277313,0,0,0,0,0,-0.0522055,-0.0294354,0.762427,0.322356,0.984923,0.712919,0.109375,0.228516,1.21175
451,2.40625,0.667969,-0.0152588,0.351562,0.277597,0.609339,1.33283,1.62453,4.41554,1.11537,2.27968,3.70341,0.0257347,0.00200339,0,0,0,0,0,-0.0818427,-0.109083,0.312977,0.850529,0.557034,0.740574,1.40625,0.667969,4.40208
452,0.996094,0.0488281,-1.33594,0.589844,0.0490196,0.519548,0.42385,0.597204,0.536301,1.10432,0.908475,0.542545,1.73947,0.00535053,0,0,0,0,0,0.0238125,0.0100929,0.228507,0.392127,0.924179,0.835467,-0.00390625,0.0488281,1.19801
453,1.03906,0.0187988,-0.00056839,0.431641,0.0180921,0.507217,0.426066,0.611666,0.555668,1.0959,0.552214,0.337771,0.000865138,0.00195481,0,0,0,0,0,-0.011742,-0.00500288,0.185372,0.385751,0.952428,0.715949,0.0390625,0.0187988,1.20857
454,0.953125,0.0397949,1.58594,0.224609,0.041752,0.516652,0.402103,0.568989,0.485435,1.0054,0.673779,0.383373,3.34636,0.00848898,0,0,0,0,0,-0.0190612,-0.00766456,0.246626,0.41511,0.932958,0.726255,-0.046875,0.0397949,1.26421
455,0.941406,-0.0598145,-1.47656,0.200195,-0.0635373,0.474669,0.347599,0.528135,0.399751,0.948147,0.674657,0.356309,3.30008,0.0083986,0,0,0,0,0,0.00209338,0.000727658,0.0270504,0.360247,0.954983,0.750605,-0.0585938,-0.0598145,1.22081
456,0.945312,0.0981445,-0.984375,0.292969,0.103822,0.541345,0.428145,0.585426,0.526032,0.81865,0.609596,0.356873,1.81865,0.00550518,0,0,0,0,0,-0.0342484,-0.0146633,0.489785,0.476842,0.88849,0.758901,-0.0546875,0.0981445,1.0373
457,1.07031,-0.00610352,0.357422,0.351562,-0.00570255,0.497725,0.426146,0.621259,0.567564,0.875697,0.618359,0.384161,0.602809,0.00313049,0,0,0,0,0,-0.0192166,-0.00818909,0.270922,0.380109,0.953386,0.722241,0.0703125,-0.00610352,1.1281
458,1.01562,0.106934,0.90625,0.675781,0.105288,0.541927,0.460735,0.629515,0.608566,1.03805,0.554918,0.349329,1.10241,0.00410628,0,0,0,0,0,-0.0342874,-0.0157974,0.538657,0.312226,0.989021,0.71398,0.015625,0.106934,0.848534
459,0.96875,0.106934,-0.542969,0.322266,0.110383,0.543947,0.441938,0.602269,0.558037,0.989848,0.683464,0.411629,0.956462,0.00382122,0,0,0,0,0,-0.0289923,-0.0128128,0.369806,0.45803,0.908729,0.720102,-0.03125,0.106934,1.32188
460,1.05469,0.02771,1.39062,0.21875,0.0262731,0.51048,0.436787,0.623877,0.580006,0.93604,0.808228,0.504235,2.97328,0.00776032,0,0,0,0,0,-0.0323537,-0.0141317,0.348977,0.503467,0.875846,0.732371,0.0546875,0.02771,1.37018
461,1.03906,0.0693359,-0.0649414,0.373047,0.0667293,0.526601,0.451334,0.629529,0.600009,0.998266,0.646748,0.407147,0.106326,0.00216079,0,0,0,0,0,-0.0200642,-0.00905567,0.270454,0.46736,0.901003,0.727129,0.0390625,0.0693359,0.955941
462,1.03125,0.0400391,-1.86719,0.174805,0.0388258,0.515485,0.433553,0.614562,0.565655,0.940852,0.573022,0.352157,4.46592,0.0106756,0,0,0,0,0,-0.019,-0.00823751,0.289061,0.417926,0.933314,0.71945,0.03125,0.0400391,1.17955
463,1.17969,0.211914,-0.225586,0.441406,0.179636,0.571281,0.579755,0.763327,0.918784,1.02386,0.757364,0.578117,0.339541,0.00261629,0,0,0,0,0,-0.0647129,-0.0375176,0.744892,0.413915,0.935244,0.72075,0.179688,0.211914,1.29822
464,0.835938,-0.0354004,0.660156,0.287109,-0.0423481,0.483111,0.317513,0.474842,0.326289,1.02465,0.414178,0.196669,1.23204,0.00435944,0,0,0,0,0,-0.0205617,-0.00652861,0.432792,0.428996,0.927777,0.716097,-0.164062,-0.0354004,0.829628
465,0.738281,-0.147461,-0.245117,0.206055,-0.199735,0.420844,0.224827,0.381441,0.196044,1.04224,0.628238,0.239635,0.539986,0.00300779,0,0,0,0,0,0.0122004,0.00274298,0.1693,0.380464,0.950286,0.731661,-0.261719,-0.147461,1.1134
466,0.929688,-0.0507812,0.462891,0.273438,-0.0546218,0.47822,0.347416,0.524297,0.395586,0.899724,0.494343,0.259183,0.885216,0.00368206,0,0,0,0,0,-0.00238607,-0.000828959,0.0420786,0.349597,0.967989,0.724634,-0.0703125,-0.0507812,1.20407
467,0.96875,0.201172,-0.785156,0.384766,0.207661,0.582253,0.4934,0.634402,0.645909,0.821167,0.745001,0.47263,1.26578,0.00442535,0,0,0,0,0,-0.0437092,-0.0215661,0.511473,0.459804,0.892426,0.80386,-0.03125,0.201172,1.40055
468,1.04688,0.0541992,-0.443359,0.613281,0.0517724,0.520645,0.446899,0.628673,0.594948,1.24209,0.658434,0.413939,0.566143,0.00305887,0,0,0,0,0,-0.0449307,-0.0200795,0.594892,0.337158,0.97329,0.726372,0.046875,0.0541992,1.32945
469,0.917969,-0.0810547,-0.0708008,0.421875,-0.0882979,0.46482,0.32758,0.507578,0.364945,1.04766,0.842421,0.427595,0.109005,0.00216603,0,0,0,0,0,0.0138033,0.00452168,0.142843,0.417831,0.929077,0.734742,-0.0820312,-0.0810547,1.21227
470,1.00781,0.0561523,-0.65625,0.21875,0.0557171,0.522216,0.432211,0.606629,0.554806,1.03927,0.616262,0.373843,1.40312,0.0046936,0,0,0,0,0,-0.0229265,-0.00990911,0.324324,0.398963,0.942377,0.725015,0.0078125,0.0561523,1.24741
471,1.21875,-0.106934,-0.632812,0.209961,-0.0877404,0.465042,0.435255,0.67411,0.643872,1.0396,1.03786,0.699629,1.38104,0.00465047,0,0,0,0,0,0.00452057,0.0019676,0.0379719,0.554941,0.838363,0.734385,0.21875,-0.106934,1.88045
472,1.04688,0.151367,-0.0683594,0.353516,0.14459,0.557483,0.495483,0.664089,0.686517,1.20851,0.644386,0.42793,0.114972,0.00217768,0,0,0,0,0,-0.0318962,-0.015804,0.431518,0.406573,0.941422,0.714316,0.046875,0.151367,0.982708
473,1.0625,0.0466309,0.148438,0.283203,0.0438879,0.517503,0.44938,0.635085,0.605276,0.940534,0.493305,0.31329,0.27893,0.00249791,0,0,0,0,0,-0.0241492,-0.0108522,0.426771,0.35435,0.968578,0.716174,0.0625,0.0466309,1.13381
474,1.27344,0.00334167,-0.259766,0.458984,0.00262414,0.501047,0.512322,0.742809,0.81424,1.32331,0.834061,0.619548,0.383427,0.00270201,0,0,0,0,0,-0.021077,-0.0107982,0.220302,0.411574,0.938638,0.71406,0.273438,0.00334167,1.68951
475,0.824219,-0.0255127,-0.324219,0.238281,-0.0309538,0.487653,0.317757,0.471338,0.323129,1.00913,0.579266,0.27303,0.664191,0.00325037,0,0,0,0,0,-0.00660043,-0.00209733,0.0993347,0.398328,0.941455,0.729315,-0.175781,-0.0255127,1.05488
476,0.894531,-0.0922852,-0.238281,0.570312,-0.103166,0.458916,0.312567,0.490353,0.338144,1.25653,0.622228,0.305112,0.315525,0.00256938,0,0,0,0,0,-0.0046209,-0.00144434,0.0647417,0.318343,0.98464,0.718446,-0.105469,-0.0922852,0.925344
477,1.67969,0.224609,0.261719,0.125977,0.133721,0.553188,0.785863,1.05872,1.73847,0.908534,1.53132,1.62124,0.737378,0.00339332,0,0,0,0,0,-0.0483394,-0.0379881,0.275196,0.825634,0.584241,0.73593,0.679688,0.224609,2.40701
478,0.761719,-0.0336914,0.886719,0.359375,-0.0442308,0.48236,0.288605,0.432204,0.270093,0.999109,0.615675,0.266097,1.47915,0.00484209,0,0,0,0,0,-0.021847,-0.00630515,0.309348,0.413904,0.933753,0.725879,-0.238281,-0.0336914,0.926215
479,0.910156,-0.0751953,1.69531,0.490234,-0.082618,0.467078,0.327377,0.50493,0.362131,1.14618,0.669271,0.337935,2.4213,0.00668222,0,0,0,0,0,0.00299183,0.000979456,0.038971,0.371091,0.957768,0.723189,-0.0898438,-0.0751953,1.19517
480,1.14844,0.0595703,-0.488281,0.394531,0.0518707,0.520684,0.490311,0.689703,0.716096,0.935659,0.653581,0.450777,0.777373,0.00347143,0,0,0,0,0,-0.0225883,-0.0110753,0.301295,0.466898,0.901023,0.728292,0.148438,0.0595703,1.01541
481,0.875,-0.271484,-1.41406,0.439453,-0.310268,0.378179,0.231408,0.416742,0.227224,1.19949,0.698311,0.291016,2.13311,0.00611935,0,0,0,0,0,0.0317582,0.00734911,0.396473,0.358216,0.966366,0.717002,-0.125,-0.271484,1.5204
482,1.08594,0.0917969,-1.54688,0.410156,0.0845324,0.533683,0.481362,0.664893,0.673792,0.924005,0.589454,0.391924,2.41535,0.00667061,0,0,0,0,0,-0.0403702,-0.0194327,0.59706,0.375017,0.958403,0.715145,0.0859375,0.0917969,0.833691
483,1.11719,0.0786133,0.535156,0.181641,0.0703671,0.528049,0.487301,0.67832,0.697581,0.983233,0.664237,0.450565,1.25567,0.0044056,0,0,0,0,0,-0.0337069,-0.0164254,0.442387,0.483975,0.89264,0.716466,0.117188,0.0786133,1.28641
484,0.917969,-0.081543,-2.17188,0.351562,-0.0888298,0.464609,0.327336,0.507421,0.364625,1.0687,0.681922,0.346021,3.66297,0.00910737,0,0,0,0,0,0.0206115,0.00674689,0.263501,0.47776,0.891767,0.738459,-0.0820312,-0.081543,1.06215
485,0.929688,0.0664062,0.707031,0.472656,0.0714286,0.528472,0.40601,0.564831,0.483878,1.09444,0.713308,0.402898,1.02841,0.00396174,0,0,0,0,0,-0.0234313,-0.00951333,0.286369,0.355774,0.963666,0.728661,-0.0703125,0.0664062,1.23234
486,0.984375,-0.00860596,0.498047,0.273438,-0.00874256,0.496512,0.390434,0.570352,0.47774,0.820727,0.579721,0.330645,0.952448,0.00381337,0,0,0,0,0,-0.0154499,-0.00603217,0.232335,0.487631,0.886043,0.734861,-0.015625,-0.00860596,1.1504
487,1.07031,0.12207,-0.632812,0.300781,0.114051,0.545401,0.490233,0.666852,0.68502,1.07603,0.603173,0.402227,1.15385,0.00420674,0,0,0,0,0,-0.043176,-0.0211663,0.624034,0.381074,0.955161,0.715266,0.0703125,0.12207,0.803194
488,0.835938,0.0446777,0.0922852,0.304688,0.0534463,0.521312,0.357552,0.502497,0.380347,0.956634,0.581232,0.292068,0.167188,0.00227966,0,0,0,0,0,-0.0249741,-0.00892954,0.374582,0.456623,0.907304,0.729244,-0.164062,0.0446777,1.05347
489,0.941406,-0.0245361,0.964844,0.355469,-0.0260633,0.489603,0.365238,0.539907,0.424899,0.982689,0.666594,0.359899,1.61829,0.00511385,0,0,0,0,0,-0.031021,-0.01133,0.405696,0.403915,0.935104,0.741281,-0.0585938,-0.0245361,0.870826
490,0.984375,-0.0151978,-0.0291748,0.298828,-0.015439,0.493841,0.387138,0.568101,0.472614,0.878725,0.736465,0.418386,0.05337,0.00205736,0,0,0,0,0,-0.00744318,-0.00288154,0.0881076,0.521593,0.856066,0.786007,-0.015625,-0.0151978,1.22271
491,0.902344,0.0615234,2.5625,0.186523,0.0681818,0.52718,0.392604,0.547166,0.453528,1.01054,0.580239,0.317487,5.93331,0.0135416,0,0,0,0,0,-0.0248588,-0.00975966,0.373491,0.38432,0.945995,0.739577,-0.0976562,0.0615234,1.05468
492,0.988281,-0.167969,-0.169922,0.347656,-0.16996,0.432521,0.312319,0.521326,0.369324,0.936406,0.87591,0.456634,0.288187,0.00251599,0,0,0,0,0,0.0150489,0.00470005,0.149779,0.571458,0.822748,0.763772,-0.0117188,-0.167969,1.47742
493,0.859375,-0.106934,-0.871094,0.5625,-0.124432,0.450487,0.291145,0.46531,0.301279,1.26938,0.782979,0.364328,1.16146,0.0042216,0,0,0,0,0,0.00973272,0.00283363,0.108366,0.345192,0.968986,0.727966,-0.140625,-0.106934,1.32653
494,0.984375,-0.245117,1,0.238281,-0.249008,0.401677,0.28219,0.490576,0.320296,0.990735,0.953494,0.467762,2.04859,0.00595428,0,0,0,0,0,0.00392223,0.00110681,0.0358609,0.462094,0.887903,0.84429,-0.015625,-0.245117,1.10913
495,0.886719,-0.135742,1.02344,0.306641,-0.153084,0.439166,0.287705,0.472271,0.305815,1.04993,0.713539,0.336984,1.84819,0.00556287,0,0,0,0,0,0.0276764,0.00796265,0.338142,0.355179,0.96423,0.727816,-0.113281,-0.135742,1.46929
496,0.96875,0.0581055,-0.886719,0.28125,0.0599798,0.523914,0.417524,0.58459,0.516071,0.933245,0.673444,0.393688,1.67201,0.00521878,0,0,0,0,0,-0.0285815,-0.0119335,0.369991,0.464666,0.900024,0.738913,-0.03125,0.0581055,1.29204
497,1.00781,-0.0022583,0.341797,0.492188,-0.00224079,0.499106,0.403006,0.586179,0.50602,1.17479,0.927175,0.543491,0.487195,0.00290468,0,0,0,0,0,-0.0103179,-0.00415816,0.097014,0.378217,0.947744,0.7446,0.0078125,-0.0022583,1.34662
498,0.980469,0.122559,-0.582031,0.255859,0.125,0.549738,0.45445,0.614832,0.584543,0.98304,0.72261,0.444283,1.15066,0.0042005,0,0,0,0,0,-0.0304086,-0.0138192,0.366859,0.469878,0.899577,0.726304,-0.0195312,0.122559,0.933911
499,0.988281,0.129883,-2.20312,0.404297,0.131423,0.55228,0.461245,0.62208,0.599731,0.877252,0.528072,0.328503,3.46489,0.00872048,0,0,0,0,0,-0.0359183,-0.0165671,0.592966,0.41576,0.934943,0.718205,-0.0117188,0.129883,0.885996
500,1.17969,-0.043457,0.185547,0.453125,-0.0368377,0.485307,0.451329,0.672281,0.65566,1.13563,0.73048,0.491088,0.275642,0.00249149,0,0,0,0,0,-0.0207268,-0.00935459,0.24736,0.597142,0.805024,0.736892,0.179688,-0.043457,1.32443
501,0.949219,-0.0136719,-0.917969,0.339844,-0.0144033,0.494254,0.373803,0.548147,0.440193,1.04155,0.544149,0.298273,1.57467,0.00502864,0,0,0,0,0,-0.0042182,-0.00157678,0.0675798,0.347734,0.969952,0.721506,-0.0507812,-0.0136719,1.1923
502,0.929688,-0.121094,-0.167969,0.613281,-0.130252,0.448183,0.31226,0.501693,0.349202,1.29885,0.768437,0.385519,0.214486,0.00237204,0,0,0,0,0,0.0183099,0.00571746,0.207723,0.337741,0.97088,0.732809,-0.0703125,-0.121094,1.25263
503,0.960938,-0.0286865,-1.125,0.261719,-0.0298526,0.488092,0.370995,0.549879,0.440004,0.999816,0.343342,0.188796,2.19905,0.00624814,0,0,0,0,0,-0.0154813,-0.00574348,0.393086,0.388018,0.95179,0.714171,-0.0390625,-0.0286865,0.8483
504,1.10938,0.182617,-2.0625,0.378906,0.164613,0.565376,0.536171,0.712061,0.79451,1.12024,0.612225,0.435941,3.35064,0.00849735,0,0,0,0,0,-0.0540229,-0.0289655,0.769261,0.318555,0.986441,0.713414,0.109375,0.182617,0.936095
505,1.08594,0.147461,-1.28906,0.867188,0.135791,0.554007,0.509194,0.685311,0.72893,1.17977,0.636641,0.436297,1.38426,0.00465676,0,0,0,0,0,-0.0520385,-0.0264977,0.712586,0.332544,0.980198,0.71304,0.0859375,0.147461,0.851253
506,1.07031,0.216797,-0.330078,0.574219,0.202555,0.580258,0.541642,0.699375,0.782501,0.850179,0.605568,0.423519,0.43559,0.00280389,0,0,0,0,0,-0.0493083,-0.0267075,0.709845,0.328472,0.981205,0.715391,0.0703125,0.216797,0.961449
507,0.992188,-0.142578,1.15625,0.275391,-0.143701,0.442868,0.32658,0.531293,0.388927,0.991702,0.626941,0.333089,2.20332,0.00625648,0,0,0,0,0,-4.83864e-05,-1.58021e-05,0.000672828,0.371867,0.952678,0.738481,-0.0078125,-0.142578,0.951647
508,0.792969,-0.0654297,0.714844,1.00781,-0.0825123,0.46712,0.285267,0.439945,0.274929,1.26318,0.490488,0.215788,0.712068,0.00334388,0,0,0,0,0,-0.00557699,-0.00159093,0.0991238,0.313535,0.988202,0.714618,-0.207031,-0.0654297,1.14202
509,1.00781,-0.0133057,0.386719,0.292969,-0.0132025,0.494733,0.397482,0.582396,0.497177,0.918339,0.7374,0.429458,0.714471,0.00334858,0,0,0,0,0,-0.019897,-0.00790871,0.235229,0.529822,0.855933,0.740466,0.0078125,-0.0133057,1.11934
510,0.886719,-0.0314941,1.5625,0.582031,-0.0355176,0.485833,0.339829,0.505717,0.371234,1.09971,0.595491,0.30115,2.04808,0.00595328,0,0,0,0,0,-0.0186153,-0.00632602,0.272522,0.335798,0.974952,0.723375,-0.113281,-0.0314941,1.10084
511,1.10938,0.191406,0.632812,0.691406,0.172535,0.568492,0.540565,0.715376,0.803973,0.960171,0.58485,0.418388,0.761042,0.00343953,0,0,0,0,0,-0.0509591,-0.0275467,0.759599,0.329091,0.981303,0.714364,0.109375,0.191406,1.05237
