model_id,step,file,created,v_meanrow_norm,v_resid_norm_max,v_bias_mean,v_bias_w,v_bias_d,v_bias_l,p_meanrow_norm,p_resid_norm_med,p_bias_mean,fc1_bias_mean,alpha0,alpha1
20260702-7-Qeu8,0,20260702-164826-20260702-7-Qeu8-manual.safetensors,1783010906,0.8312972890653225,1.3350171846897567,0.5963541666666666,0.0,1.7890625,0.0,0.16904479523595797,1.4082390202992934,0.0,0.0,0.5,0.5
20260702-9-GLu5,1000,20260702-Qeu8-step1000-frozen.safetensors,1783011727,0.8378889639723606,1.219438206054902,0.5908012390136719,0.000431060791015625,1.734375,0.03759765625,0.23946963559859621,1.461194348040408,-0.0001420786506251285,-0.002697385847568512,0.859375,0.8828125
20260702-9-GLu5,2000,20260702-Qeu8-step2000-frozen.safetensors,1783012364,0.849127695105364,1.1955652013106115,0.5866292317708334,-0.0054931640625,1.71875,0.046630859375,0.2444774640810395,1.4881925928018067,-0.0004586169594212582,-0.00283670611679554,0.8828125,0.96875
20260702-9-GLu5,3000,20260702-Qeu8-step3000-frozen.safetensors,1783013007,0.8607398089397241,1.1863284329282882,0.582061767578125,-0.007476806640625,1.703125,0.050537109375,0.24841368767302247,1.5132637785172502,-0.0008822773632250334,-0.0031331628561019897,0.88671875,1.0078125
20260702-9-GLu5,4000,20260702-Qeu8-step4000-frozen.safetensors,1783013651,0.8652810452134478,1.181954950777167,0.5806783040364584,-0.002105712890625,1.6953125,0.048828125,0.251301753705865,1.5237179451081673,-0.0013443545291298314,-0.0033446848392486572,0.890625,1.0390625
20260702-9-GLu5,5000,20260702-Qeu8-step5000-frozen.safetensors,1783014290,0.8867114612964349,1.1805678098660446,0.57623291015625,0.00067138671875,1.6796875,0.04833984375,0.25495373610151056,1.5335104223123475,-0.0018206646567896793,-0.003493785858154297,0.90625,1.0625
20260702-9-GLu5,6000,20260702-Qeu8-step6000-frozen.safetensors,1783014930,0.8811533179729831,1.1805559183646872,0.5742441813151041,0.0027618408203125,1.671875,0.048095703125,0.25869076857398826,1.5427837343092716,-0.0023093976472553456,-0.003729000687599182,0.92578125,1.078125
20260702-9-GLu5,7000,20260702-Qeu8-step7000-frozen.safetensors,1783015569,0.8794914375545015,1.1830546157413522,0.57208251953125,0.00408935546875,1.6640625,0.048095703125,0.2628076075841278,1.5512745006735336,-0.002801041854055304,-0.003885805606842041,0.94921875,1.1015625
20260702-9-GLu5,8000,20260702-Qeu8-step8000-frozen.safetensors,1783016208,0.8784706889800714,1.1854765745778963,0.5692214965820312,0.00112152099609375,1.65625,0.05029296875,0.2664851437609149,1.5582545813635231,-0.0033012942263954564,-0.004067957401275635,0.96484375,1.1171875
20260702-9-GLu5,9000,20260702-Qeu8-step9000-frozen.safetensors,1783016847,0.8752464309773552,1.1878677839181362,0.5646464029947916,0.003753662109375,1.640625,0.049560546875,0.2704568812066823,1.5633335709222433,-0.003810380634508635,-0.0041207075119018555,0.984375,1.1328125
20260702-9-GLu5,10000,20260702-Qeu8-step10000-frozen.safetensors,1783017488,0.9021872054444002,1.1878625674979126,0.56158447265625,0.00726318359375,1.6328125,0.044677734375,0.27467109239683146,1.5681609586371756,-0.004323156256424754,-0.003997802734375,1.0,1.1484375
20260702-9-GLu5,11000,20260702-Qeu8-step11000-frozen.safetensors,1783018129,0.9376120518571008,1.1899528167630424,0.5585454305013021,0.00131988525390625,1.625,0.04931640625,0.27868930185719865,1.575004692469653,-0.004843310305946751,-0.003997087478637695,1.015625,1.15625
20260702-9-GLu5,12000,20260702-Qeu8-step12000-frozen.safetensors,1783018768,0.9395567349325874,1.1919017997984385,0.5567220052083334,0.005859375,1.6171875,0.047119140625,0.2830817883169591,1.5798682712185725,-0.005375410381116365,-0.0041964054107666016,1.03125,1.171875
20260702-9-GLu5,13000,20260702-Qeu8-step13000-frozen.safetensors,1783019405,0.9786728146612993,1.1902495216499513,0.553985595703125,0.005462646484375,1.609375,0.047119140625,0.28681648291081907,1.5843864677982609,-0.005942946986148232,-0.00397038459777832,1.046875,1.1875
20260702-9-GLu5,14000,20260702-Qeu8-step14000-frozen.safetensors,1783020040,1.0381882195024654,1.1880324599025907,0.5502421061197916,0.004730224609375,1.6015625,0.04443359375,0.2907348542668111,1.590194080417373,-0.006500444914165296,-0.003850698471069336,1.0546875,1.1953125
20260702-9-GLu5,15000,20260702-Qeu8-step15000-frozen.safetensors,1783020688,1.0769720997136365,1.1892739216470183,0.5476392110188802,0.000583648681640625,1.59375,0.048583984375,0.2947005975781849,1.5921934679889094,-0.007077267295435855,-0.003974795341491699,1.0703125,1.203125
20260702-9-GLu5,16000,20260702-Qeu8-step16000-frozen.safetensors,1783021334,1.1050404828606002,1.1913326932525705,0.544586181640625,0.001678466796875,1.5859375,0.046142578125,0.2985647084266953,1.5980729746724118,-0.007644452546772204,-0.0040874481201171875,1.0859375,1.2109375
20260702-9-GLu5,17000,20260702-Qeu8-step17000-frozen.safetensors,1783021973,1.1270187384952595,1.1934119332920754,0.5440673828125,0.0028076171875,1.578125,0.05126953125,0.3024977414954992,1.6022007323583938,-0.00819296585886102,-0.0042955875396728516,1.09375,1.21875
20260702-9-GLu5,18000,20260702-Qeu8-step18000-frozen.safetensors,1783022613,1.1362180922418685,1.194237417523736,0.5387560526529948,0.000789642333984375,1.5625,0.052978515625,0.3061949002390862,1.6064792335047744,-0.008805124383223685,-0.00431978702545166,1.109375,1.234375
20260702-9-GLu5,19000,20260702-Qeu8-step19000-frozen.safetensors,1783023252,1.136028070519623,1.1949411689942102,0.5376332600911459,0.0023040771484375,1.5625,0.048095703125,0.3100867339376486,1.6103278670555419,-0.009380139802631578,-0.004523754119873047,1.1171875,1.2421875
20260702-9-GLu5,20000,20260702-Qeu8-step20000-frozen.safetensors,1783023891,1.1771283009294893,1.1926175376008799,0.5327962239583334,0.00537109375,1.546875,0.046142578125,0.31414461872424115,1.6162279257414272,-0.009995309930098685,-0.004239082336425781,1.125,1.25
20260702-9-GLu5,21000,20260702-Qeu8-step21000-frozen.safetensors,1783024528,1.2640420151985137,1.1887620630261853,0.5340983072916666,0.007080078125,1.546875,0.04833984375,0.3177665455977907,1.619393456323333,-0.010608873869243422,-0.003945589065551758,1.1328125,1.2578125
20260702-9-GLu5,22000,20260702-Qeu8-step22000-frozen.safetensors,1783025163,1.2623104259299476,1.1903656368672397,0.5316365559895834,0.00799560546875,1.53125,0.0556640625,0.32145527852974026,1.6253406400389303,-0.011244924444901315,-0.004246234893798828,1.1484375,1.265625
20260702-9-GLu5,23000,20260702-Qeu8-step23000-frozen.safetensors,1783025796,1.2998308041827804,1.190245415303947,0.5280558268229166,0.00482177734375,1.5234375,0.055908203125,0.325364571632933,1.629634464696814,-0.011871639050935445,-0.004156231880187988,1.15625,1.265625
20260702-9-GLu5,24000,20260702-Qeu8-step24000-frozen.safetensors,1783026433,1.307186864449405,1.188089221985638,0.52569580078125,0.00579833984375,1.515625,0.0556640625,0.3290028677286094,1.6316880530716413,-0.012522747642115542,-0.004421710968017578,1.1640625,1.2734375
20260702-9-GLu5,25000,20260702-Qeu8-step25000-frozen.safetensors,1783027074,1.3507255625456682,1.186944435793533,0.5242513020833334,0.0087890625,1.5078125,0.05615234375,0.3329699256280697,1.6313666860334244,-0.013192929719623766,-0.004279017448425293,1.171875,1.28125
20260702-9-GLu5,26000,20260702-Qeu8-step26000-frozen.safetensors,1783027715,1.362420942787822,1.1874005442762896,0.5220540364583334,0.0087890625,1.5,0.057373046875,0.33667348629976157,1.6327565893009615,-0.013830385710063734,-0.00445401668548584,1.1796875,1.2890625
20260702-9-GLu5,27000,20260702-Qeu8-step27000-frozen.safetensors,1783028361,1.3927626999862432,1.1868443895751142,0.5199178059895834,0.01043701171875,1.4921875,0.05712890625,0.34027653161437765,1.6333751870685065,-0.014493239553351151,-0.0044547319412231445,1.1875,1.296875
20260702-9-GLu5,28000,20260702-Qeu8-step28000-frozen.safetensors,1783029011,1.4284728375234494,1.1873844380152654,0.5164794921875,0.0084228515625,1.484375,0.056640625,0.34374785834360994,1.6352510236569802,-0.015161413895456414,-0.004204750061035156,1.1953125,1.3046875
20260702-9-GLu5,29000,20260702-Qeu8-step29000-frozen.safetensors,1783029660,1.4519534821560192,1.1894407453303388,0.5154215494791666,0.0137939453125,1.4765625,0.055908203125,0.34782955488427514,1.6369727950258697,-0.015828534176475124,-0.004258155822753906,1.203125,1.3046875
20260702-9-GLu5,30000,20260702-Qeu8-step30000-frozen.safetensors,1783030307,1.4653924067549955,1.1857270467614793,0.5137532552083334,0.01611328125,1.46875,0.056396484375,0.3516981872039101,1.6400238728358425,-0.016511653598986174,-0.004391312599182129,1.2109375,1.3125
20260702-9-GLu5,31000,20260702-Qeu8-step31000-frozen.safetensors,1783030953,1.4873550203661283,1.1858034751787854,0.511474609375,0.017333984375,1.4609375,0.05615234375,0.35538094652456625,1.641374887604743,-0.01720789859169408,-0.004412412643432617,1.21875,1.3203125
20260702-9-GLu5,32000,20260702-Qeu8-step32000-frozen.safetensors,1783031602,1.5048399886944048,1.1848122306191757,0.5087483723958334,0.0189208984375,1.453125,0.05419921875,0.35903809744042453,1.6440045262090215,-0.017892235203793173,-0.004409432411193848,1.21875,1.328125
20260702-9-GLu5,33000,20260702-Qeu8-step33000-frozen.safetensors,1783032261,1.519124705779383,1.186235304764738,0.5039876302083334,0.01708984375,1.4375,0.057373046875,0.36307469356230726,1.6477061592255333,-0.01860417817768298,-0.0044928789138793945,1.2265625,1.328125
20260702-9-GLu5,34000,20260702-Qeu8-step34000-frozen.safetensors,1783032916,1.5524197933697883,1.1868523320015665,0.5005289713541666,0.0152587890625,1.4296875,0.056640625,0.3669261164882617,1.64975906290933,-0.0193073875025699,-0.004472255706787109,1.234375,1.3359375
20260702-9-GLu5,35000,20260702-Qeu8-step35000-frozen.safetensors,1783033572,1.5648052631871592,1.1846262613386338,0.4983723958333333,0.015380859375,1.421875,0.057861328125,0.37047037085384676,1.6521787392004375,-0.020018326608758224,-0.004364728927612305,1.2421875,1.3359375
20260702-9-GLu5,36000,20260702-Qeu8-step36000-frozen.safetensors,1783034241,1.578050256759465,1.1830825215674068,0.4955240885416667,0.0166015625,1.4140625,0.055908203125,0.3741690138752074,1.6545028496054823,-0.020744173150313527,-0.004467010498046875,1.25,1.34375
20260702-9-GLu5,37000,20260702-Qeu8-step37000-frozen.safetensors,1783034901,1.595884521671668,1.1843608359568436,0.4934895833333333,0.016357421875,1.40625,0.057861328125,0.37810449308745414,1.656609829675195,-0.021470082433600175,-0.0044803619384765625,1.25,1.34375
20260702-9-GLu5,38000,20260702-Qeu8-step38000-frozen.safetensors,1783036358,1.6101014243140261,1.1819103537619586,0.4886474609375,0.0189208984375,1.390625,0.056396484375,0.3818055588126234,1.658903077352167,-0.022193607531095807,-0.0044248104095458984,1.2578125,1.3515625
20260702-9-GLu5,39000,20260702-Qeu8-step39000-frozen.safetensors,1783037062,1.6238334416883302,1.1831929630341353,0.4853922526041667,0.0174560546875,1.3828125,0.055908203125,0.3857449354406992,1.6608566316529707,-0.022904647024054276,-0.004392385482788086,1.265625,1.359375
20260702-9-GLu5,40000,20260702-Qeu8-step40000-frozen.safetensors,1783037804,1.6377412791579693,1.18294772977617,0.482666015625,0.016845703125,1.375,0.05615234375,0.38975786642596016,1.6621791626800475,-0.023630644145764802,-0.004342794418334961,1.265625,1.359375
20260702-9-GLu5,41000,20260702-Qeu8-step41000-frozen.safetensors,1783038537,1.6538644694167361,1.184157675605761,0.4836018880208333,0.0177001953125,1.375,0.05810546875,0.39347393226976074,1.6642069728895854,-0.02440091183311061,-0.004410266876220703,1.2734375,1.3671875
20260703-1-Lnji,1000,20260702-Qeu8-replay-step1000.safetensors,1783042778,1.6748541625898503,1.1831516681845502,0.4796956380208333,0.0216064453125,1.359375,0.05810546875,0.3971219848059007,1.6663249778016245,-0.025228506640384073,-0.004350543022155762,1.2734375,1.3671875
20260703-1-Lnji,2000,20260702-Qeu8-replay-step2000.safetensors,1783043375,1.683405842931795,1.1815280737663507,0.4769287109375,0.0228271484375,1.3515625,0.056396484375,0.40077229889222454,1.66582832994257,-0.02595856315211246,-0.004454880952835083,1.28125,1.375
20260703-1-Lnji,3000,20260702-Qeu8-replay-step3000.safetensors,1783043972,1.6941565825436666,1.1798795707922058,0.4744466145833333,0.023193359375,1.34375,0.056396484375,0.40445428134847033,1.6681366915837867,-0.026686969556306537,-0.004461884498596191,1.2890625,1.375
20260703-1-Lnji,4000,20260702-Qeu8-replay-step4000.safetensors,1783044571,1.710921612644223,1.1785889474395834,0.4721272786458333,0.0233154296875,1.3359375,0.05712890625,0.4084333846636905,1.6676504642411092,-0.0273881711457905,-0.004279196262359619,1.2890625,1.3828125
20260703-1-Lnji,5000,20260702-Qeu8-replay-step5000.safetensors,1783045169,1.7228974926166363,1.1771786783978737,0.4703776041666667,0.025390625,1.328125,0.0576171875,0.4120233942022545,1.6685340810857676,-0.028082144887823807,-0.004190802574157715,1.296875,1.3828125
20260703-1-Lnji,6000,20260702-Qeu8-replay-step6000.safetensors,1783045765,1.7313740557288257,1.1775155284254208,0.4678548177083333,0.02734375,1.3203125,0.055908203125,0.41558120644466706,1.6685042721955816,-0.028826161434775906,-0.00419694185256958,1.296875,1.390625
20260703-1-Lnji,7000,20260702-Qeu8-replay-step7000.safetensors,1783046362,1.7468819500690214,1.176796497801266,0.4686279296875,0.0308837890625,1.3203125,0.0546875,0.4194370173761673,1.6692029585588344,-0.029550853528474506,-0.004221737384796143,1.3046875,1.390625
20260703-1-Lnji,8000,20260702-Qeu8-replay-step8000.safetensors,1783046960,1.7664155563495818,1.1711272670270811,0.4663492838541667,0.0294189453125,1.3125,0.05712890625,0.42311506561522205,1.6695935692830715,-0.030293916401110198,-0.003989666700363159,1.3125,1.3984375
20260703-1-Lnji,9000,20260702-Qeu8-replay-step9000.safetensors,1783047557,1.7806610710868624,1.1717383469714069,0.4642740885416667,0.031982421875,1.3046875,0.05615234375,0.4267948170056506,1.6698865472301592,-0.03106428447522615,-0.004038125276565552,1.3125,1.3984375
20260703-1-Lnji,10000,20260702-Qeu8-replay-step10000.safetensors,1783048154,1.7922024507364587,1.1699657351031727,0.4617513020833333,0.03271484375,1.296875,0.0556640625,0.43019096676118773,1.6718333919481467,-0.031852119847347864,-0.0041517093777656555,1.3203125,1.40625
20260703-1-Lnji,11000,20260702-Qeu8-replay-step11000.safetensors,1783048752,1.800335115154889,1.16854697158214,0.4593912760416667,0.0302734375,1.2890625,0.058837890625,0.4340179878737232,1.670969857465733,-0.032620831539756374,-0.004231840372085571,1.328125,1.40625
20260703-1-Lnji,12000,20260702-Qeu8-replay-step12000.safetensors,1783049348,1.8114286362792793,1.169123001371532,0.4564615885416667,0.03076171875,1.28125,0.057373046875,0.4381155268511056,1.6717168672259817,-0.03337030661733527,-0.0041467249393463135,1.328125,1.4140625
20260703-1-Lnji,13000,20260702-Qeu8-replay-step13000.safetensors,1783049939,1.8169026938625292,1.1656877148296687,0.453857421875,0.03125,1.2734375,0.056884765625,0.4418224560885663,1.6735412297005954,-0.03413852892423931,-0.004193723201751709,1.3359375,1.4140625
20260703-1-Lnji,14000,20260702-Qeu8-replay-step14000.safetensors,1783050535,1.830055116063006,1.1632113890862792,0.4520670572916667,0.028564453125,1.2734375,0.05419921875,0.4453298963840291,1.6760014016439095,-0.03485729819849918,-0.004128176718950272,1.3359375,1.421875
20260703-1-Lnji,15000,20260702-Qeu8-replay-step15000.safetensors,1783051133,1.8425255970535634,1.1622833136029147,0.4515787760416667,0.033203125,1.265625,0.055908203125,0.4490106354909253,1.675980633371897,-0.0356393111379523,-0.004106462001800537,1.3359375,1.421875
20260703-1-Lnji,16000,20260702-Qeu8-replay-step16000.safetensors,1783051729,1.8556970274635232,1.160592712094699,0.4480794270833333,0.030517578125,1.2578125,0.055908203125,0.4528893638244836,1.677722010556319,-0.03639984130859375,-0.003998249769210815,1.34375,1.4296875
20260703-1-Lnji,17000,20260702-Qeu8-replay-step17000.safetensors,1783052326,1.8629250100910497,1.1589139864426625,0.4452311197916667,0.0380859375,1.2421875,0.055419921875,0.45662177754183636,1.6781136218837354,-0.037199321546052634,-0.004031270742416382,1.34375,1.4296875
20260703-1-Lnji,18000,20260702-Qeu8-replay-step18000.safetensors,1783052924,1.8754797180798208,1.1568487093267665,0.447998046875,0.043701171875,1.2421875,0.05810546875,0.46054813009509776,1.6806832813947312,-0.03803775185032895,-0.004137635231018066,1.3515625,1.4375
20260703-1-Lnji,19000,20260702-Qeu8-replay-step19000.safetensors,1783053520,1.872226225926586,1.1575116090381763,0.4449869791666667,0.051025390625,1.2265625,0.057373046875,0.46428603973599103,1.6817519829626824,-0.038909912109375,-0.004326879978179932,1.3515625,1.4375
20260703-1-Lnji,20000,20260702-Qeu8-replay-step20000.safetensors,1783054117,1.8991373820013482,1.1556681810161336,0.4456380208333333,0.054443359375,1.2265625,0.055908203125,0.4682666104408611,1.6831280562207511,-0.03971621864720395,-0.003936648368835449,1.3515625,1.4453125
20260703-1-Lnji,21000,20260702-Qeu8-replay-step21000.safetensors,1783054713,1.8968600414674992,1.1551032150985732,0.44384765625,0.061279296875,1.2109375,0.059326171875,0.47185404512719026,1.6838050962229056,-0.04048518130653783,-0.004248380661010742,1.359375,1.4453125
20260703-1-Lnji,22000,20260702-Qeu8-replay-step22000.safetensors,1783055311,1.963407398265806,1.152047669543923,0.442138671875,0.061279296875,1.2109375,0.05419921875,0.4758105577061503,1.6840253821619409,-0.04129269248560855,-0.0032061897218227386,1.359375,1.453125
20260703-1-Lnji,23000,20260702-Qeu8-replay-step23000.safetensors,1783055908,2.2664641411196382,1.147506398772644,0.43359375,0.06201171875,1.1875,0.05126953125,0.4798436106785334,1.685513329624173,-0.04213192588404605,-0.002905726432800293,1.3671875,1.453125
20260703-1-Lnji,24000,20260702-Qeu8-replay-step24000.safetensors,1783056505,2.4173938329305953,1.1478291756204786,0.4266764322916667,0.059326171875,1.171875,0.048828125,0.48372647664652846,1.6874058399737808,-0.04297196237664474,-0.003315746784210205,1.3671875,1.4609375
20260703-1-Lnji,25000,20260702-Qeu8-replay-step25000.safetensors,1783057102,2.499851477764813,1.1492670422192053,0.4220377604166667,0.052978515625,1.15625,0.056884765625,0.48776627750100965,1.6888144589567302,-0.043898733038651314,-0.003273516893386841,1.3671875,1.4609375
20260703-1-Lnji,26000,20260702-Qeu8-replay-step26000.safetensors,1783057699,2.5691779771288115,1.14302081129821,0.4219563802083333,0.05615234375,1.15625,0.053466796875,0.4919119094917233,1.6878922470965694,-0.044740375719572366,-0.003163158893585205,1.375,1.4609375
20260703-1-Lnji,27000,20260702-Qeu8-replay-step27000.safetensors,1783058295,2.62671953740014,1.143940798293355,0.419189453125,0.054443359375,1.1484375,0.0546875,0.4957734482661806,1.6903253424365539,-0.045588443153782895,-0.0033388733863830566,1.375,1.4609375
20260703-1-Lnji,28000,20260702-Qeu8-replay-step28000.safetensors,1783058892,2.6640154577306547,1.1473207986536798,0.414794921875,0.05517578125,1.1328125,0.056396484375,0.4997662199419709,1.6920834927929236,-0.046416433233963814,-0.0033539533615112305,1.375,1.46875
20260703-1-Lnji,29000,20260702-Qeu8-replay-step29000.safetensors,1783059490,2.6822172833980504,1.1447883488706372,0.41455078125,0.0556640625,1.1328125,0.05517578125,0.503430659000588,1.6931877093211862,-0.04726048519736842,-0.003439188003540039,1.3828125,1.46875
20260703-1-Lnji,30000,20260702-Qeu8-replay-step30000.safetensors,1783060087,2.705361622599617,1.1392077811966215,0.4117838541666667,0.0546875,1.125,0.0556640625,0.5074326556275438,1.6944028702765719,-0.04804269891036184,-0.0033531635999679565,1.3828125,1.46875
20260703-1-Lnji,31000,20260702-Qeu8-replay-step31000.safetensors,1783060684,2.72109742801576,1.1401867659714302,0.41162109375,0.0546875,1.125,0.05517578125,0.5112267428194542,1.6941023167213634,-0.0488433837890625,-0.0032159090042114258,1.3828125,1.46875
20260703-1-Lnji,32000,20260702-Qeu8-replay-step32000.safetensors,1783061282,2.73100027899674,1.13675532076438,0.409912109375,0.05517578125,1.1171875,0.057373046875,0.5152792687448419,1.6984943168304278,-0.049666555304276314,-0.0032326653599739075,1.390625,1.4765625
20260703-1-Lnji,33000,20260702-Qeu8-replay-step33000.safetensors,1783061878,2.741407536942889,1.1338682480620195,0.40771484375,0.05517578125,1.109375,0.05859375,0.5190539066442489,1.6991333517471836,-0.05045117829975329,-0.0032262951135635376,1.390625,1.4765625
20260703-1-Lnji,34000,20260702-Qeu8-replay-step34000.safetensors,1783062475,2.8090662701891382,1.1331252300826726,0.4021809895833333,0.055908203125,1.09375,0.056884765625,0.5229096145479183,1.7025071669261282,-0.051254874781558386,-0.0031054317951202393,1.3984375,1.4765625
20260703-1-Lnji,35000,20260702-Qeu8-replay-step35000.safetensors,1783063072,2.913932995813378,1.1332055333109108,0.397705078125,0.059814453125,1.078125,0.05517578125,0.5268094324973257,1.7028327684487106,-0.05208025480571546,-0.0028289519250392914,1.3984375,1.4765625
20260703-1-Lnji,36000,20260702-Qeu8-replay-step36000.safetensors,1783063674,3.0422200342296835,1.1307142838462563,0.3929850260416667,0.058837890625,1.0625,0.0576171875,0.5309545673474731,1.706192112050763,-0.05291748046875,-0.003053516149520874,1.3984375,1.484375
20260703-1-Lnji,37000,20260702-Qeu8-replay-step37000.safetensors,1783064294,3.244323279813025,1.1333448480996713,0.3896484375,0.05908203125,1.046875,0.06298828125,0.5349075956936287,1.7089058156513988,-0.05373156698126542,-0.003007054328918457,1.40625,1.484375
20260703-1-Lnji,38000,20260702-Qeu8-replay-step38000.safetensors,1783064909,3.4664811806520537,1.1229943990656215,0.381591796875,0.068359375,1.015625,0.060791015625,0.5390490614820016,1.7036972419999032,-0.05455252998753598,-0.002561017870903015,1.40625,1.484375
20260703-1-Lnji,39000,20260702-Qeu8-replay-step39000.safetensors,1783065519,3.554955987345015,1.1183937407405595,0.3771158854166667,0.06884765625,1.0,0.0625,0.5431916635198445,1.7052609238574097,-0.055438995361328125,-0.002447947859764099,1.4140625,1.484375
20260703-1-Lnji,40000,20260702-Qeu8-replay-step40000.safetensors,1783066127,3.6198014265210148,1.119080321875166,0.3719075520833333,0.06787109375,0.984375,0.0634765625,0.5472381995598025,1.7038230070134341,-0.05634137203818873,-0.0025010444223880768,1.4140625,1.484375
20260703-1-Lnji,41000,20260702-Qeu8-replay-step41000.safetensors,1783066736,3.667240843897686,1.1200553726308968,0.3701985677083333,0.06787109375,0.98046875,0.062255859375,0.5519505204090309,1.706456989444861,-0.057299413179096426,-0.002457454800605774,1.4140625,1.4921875
20260703-1-Lnji,42000,20260702-Qeu8-replay-step42000.safetensors,1783067344,3.7222844220066453,1.1112083003311648,0.3667805989583333,0.06591796875,0.97265625,0.061767578125,0.5558205776536037,1.705978933847369,-0.05818042002226177,-0.002408355474472046,1.421875,1.4921875
20260703-1-Lnji,43000,20260702-Qeu8-replay-step43000.safetensors,1783067958,3.7743835215630397,1.1105105561087183,0.3655598958333333,0.06640625,0.96875,0.0615234375,0.5600184012883505,1.7064464675049837,-0.059083135504471626,-0.002157658338546753,1.421875,1.4921875
20260703-1-Lnji,44000,20260702-Qeu8-replay-step44000.safetensors,1783068573,3.8555998158899736,1.1047351930587868,0.3634440104166667,0.06494140625,0.9609375,0.064453125,0.5647192841309533,1.708476658311406,-0.06006150496633429,-0.0021805763244628906,1.4296875,1.4921875
20260703-1-Lnji,45000,20260702-Qeu8-replay-step45000.safetensors,1783069186,3.9082235134397294,1.1003743682777603,0.3611653645833333,0.06884765625,0.953125,0.0615234375,0.569403588015704,1.7102981694972217,-0.061019295140316614,-0.0020670294761657715,1.4296875,1.5
20260703-1-Lnji,46000,20260702-Qeu8-replay-step46000.safetensors,1783069795,3.9538183755424687,1.097998890633507,0.3585611979166667,0.06787109375,0.9453125,0.0625,0.5736797457276775,1.7116607412947222,-0.06196293077970806,-0.002007424831390381,1.4296875,1.5
20260703-1-Lnji,47000,20260702-Qeu8-replay-step47000.safetensors,1783070401,3.991162484730649,1.0914597625986293,0.3563639322916667,0.06982421875,0.9375,0.061767578125,0.5785808525103938,1.7098928897074859,-0.0630037408126028,-0.0020543932914733887,1.4296875,1.5
20260703-1-Lnji,48000,20260702-Qeu8-replay-step48000.safetensors,1783071008,4.025994173423574,1.0869057096061543,0.3539225260416667,0.07470703125,0.92578125,0.061279296875,0.5833768284745926,1.7104711894122948,-0.06400861238178454,-0.0019628405570983887,1.4375,1.5
20260703-1-Lnji,49000,20260702-Qeu8-replay-step49000.safetensors,1783071620,4.060874709792488,1.0854882808107353,0.3505045572916667,0.07666015625,0.9140625,0.060791015625,0.5877767209230711,1.7118707172758607,-0.06492012425472862,-0.002126336097717285,1.4375,1.5078125
20260703-1-Lnji,50000,20260702-Qeu8-replay-step50000.safetensors,1783072227,4.102215259540089,1.0864175041588267,0.3480631510416667,0.076171875,0.90625,0.061767578125,0.5925386290843138,1.713500254410031,-0.06587018464740954,-0.0022957324981689453,1.4453125,1.5078125
20260703-1-Lnji,51000,20260702-Qeu8-replay-step51000.safetensors,1783072832,4.134326669335392,1.0865337220814764,0.3435872395833333,0.07861328125,0.890625,0.0615234375,0.5968191492549517,1.7124973691376293,-0.06679374293277138,-0.00239621102809906,1.4453125,1.5078125
20260703-1-Lnji,52000,20260702-Qeu8-replay-step52000.safetensors,1783073439,4.276755820028164,1.0837878080153858,0.33837890625,0.08740234375,0.8671875,0.060546875,0.6012428615917043,1.7158465189523224,-0.06769120065789473,-0.0017583370208740234,1.4453125,1.5078125
20260703-1-Lnji,53000,20260702-Qeu8-replay-step53000.safetensors,1783074049,4.384583323641886,1.086658081776854,0.3351236979166667,0.10693359375,0.8359375,0.0625,0.6057492599276392,1.715492179284848,-0.06857380114103619,-0.0026994943618774414,1.453125,1.5078125
20260703-1-Lnji,54000,20260702-Qeu8-replay-step54000.safetensors,1783074659,4.512319213016668,1.0905224386786228,0.3321940104166667,0.11767578125,0.80859375,0.0703125,0.6099333528494997,1.7164803042111765,-0.06950217799136513,-0.002791956067085266,1.453125,1.515625
20260703-1-Lnji,55000,20260702-Qeu8-replay-step55000.safetensors,1783075275,4.498392952983649,1.0919525442799598,0.33251953125,0.1240234375,0.796875,0.07666015625,0.614290885950698,1.7181464010375047,-0.07036711040296052,-0.0027771294116973877,1.453125,1.515625
20260703-1-Lnji,56000,20260702-Qeu8-replay-step56000.safetensors,1783079124,4.490546248314879,1.0888839196277136,0.3312174479166667,0.12451171875,0.79296875,0.076171875,0.6187051649053714,1.717503155677485,-0.07128103155838816,-0.0026523172855377197,1.4609375,1.515625
20260703-1-Lnji,57000,20260702-Qeu8-replay-step57000.safetensors,1783115433,4.4875111283698494,1.0860048067094077,0.3302408854166667,0.1201171875,0.78515625,0.08544921875,0.6230064726495521,1.718964976096582,-0.07218531558388158,-0.0026820898056030273,1.4609375,1.515625
20260703-1-Lnji,58000,20260702-Qeu8-replay-step58000.safetensors,1783116095,4.503723220457453,1.0867895801661247,0.3297526041666667,0.1171875,0.765625,0.1064453125,0.6272335243399936,1.7179123183877767,-0.07305747584292763,-0.002718941308557987,1.4609375,1.5234375
20260703-1-Lnji,59000,20260702-Qeu8-replay-step59000.safetensors,1783116759,4.513948288757804,1.0849245022779,0.32763671875,0.12255859375,0.76171875,0.0986328125,0.6313486189246874,1.719891364609871,-0.07390955874794408,-0.0025504864752292633,1.4609375,1.5234375
20260703-1-Lnji,60000,20260702-Qeu8-replay-step60000.safetensors,1783117404,4.552224573844454,1.0804779232025656,0.3284505208333333,0.1259765625,0.76171875,0.09765625,0.6356586357762495,1.7191787099838398,-0.07478653757195723,-0.001897364854812622,1.4609375,1.5234375
20260703-1-Lnji,61000,20260702-Qeu8-replay-step61000.safetensors,1783118045,4.562370002305917,1.083021734349989,0.3274739583333333,0.1259765625,0.74609375,0.1103515625,0.6401208996257115,1.7209574820211593,-0.07572214226973684,-0.0025212913751602173,1.4609375,1.5234375
20260703-1-Lnji,62000,20260702-Qeu8-replay-step62000.safetensors,1783118699,4.561776916474187,1.0783859458731861,0.3248697916666667,0.1220703125,0.73828125,0.1142578125,0.6444562170018074,1.7218639413286438,-0.07659269634046052,-0.0024227797985076904,1.46875,1.5234375
20260703-1-Lnji,63000,20260702-Qeu8-replay-step63000.safetensors,1783119366,4.623586375241004,1.0812408898472194,0.3234049479166667,0.1220703125,0.73046875,0.11767578125,0.6492468695081023,1.7237426285234103,-0.07752107319078948,-0.0019368529319763184,1.46875,1.53125
20260703-1-Lnji,64000,20260702-Qeu8-replay-step64000.safetensors,1783120053,4.747959607475948,1.082532888355497,0.3194986979166667,0.11767578125,0.71875,0.1220703125,0.6535634349426969,1.724614175229208,-0.07843820672286184,-0.001993417739868164,1.46875,1.53125
20260703-1-Lnji,65000,20260702-Qeu8-replay-step65000.safetensors,1783120718,4.9390193197496,1.069271838721634,0.3098958333333333,0.1171875,0.68359375,0.12890625,0.6579699848484155,1.725391745917512,-0.07934730931332237,-0.0021215081214904785,1.46875,1.53125
20260703-1-Lnji,66000,20260702-Qeu8-replay-step66000.safetensors,1783121372,5.077241618848067,1.0749799354670673,0.3038736979166667,0.11865234375,0.65625,0.13671875,0.6625708746775024,1.7226001828660378,-0.08030138517680921,-0.002771615982055664,1.46875,1.53125
20260703-1-Lnji,67000,20260702-Qeu8-replay-step67000.safetensors,1783122036,5.279748905931364,1.0696450833827247,0.2965494791666667,0.1328125,0.625,0.1318359375,0.6671654463720876,1.7231743842005236,-0.08122173108552631,-0.0016766786575317383,1.4765625,1.53125
20260703-1-Lnji,67508,20260702-Qeu8-replay-latest.safetensors,1783122380,5.386516745319616,1.0747979718558134,0.29296875,0.1259765625,0.61328125,0.1396484375,0.6696120806397068,1.7237870335784014,-0.08166825143914473,-0.0017851293087005615,1.4765625,1.53125
20260706-1-PVZp,1000,20260702-Qeu8-resume2-replay-step1000.safetensors,1783323483,5.529413836847634,1.0724938394116026,0.2893880208333333,0.1396484375,0.58984375,0.138671875,0.6728765329738043,1.7240085673056122,-0.08233963815789473,-0.0023719072341918945,1.4765625,1.53125
20260706-1-PVZp,2000,20260702-Qeu8-resume2-replay-step2000.safetensors,1783324137,5.514370943184839,1.075384513822557,0.2890625,0.1494140625,0.578125,0.1396484375,0.6772824001075517,1.7239473121384679,-0.08326801500822369,-0.0024623870849609375,1.4765625,1.53125
20260706-1-PVZp,3000,20260702-Qeu8-resume2-replay-step3000.safetensors,1783324790,5.656246704189662,1.0678410641909795,0.2815755208333333,0.16015625,0.5625,0.1220703125,0.6819464330936047,1.7260657972887488,-0.08423654656661184,-0.00125962495803833,1.484375,1.5390625
20260706-1-PVZp,4000,20260702-Qeu8-resume2-replay-step4000.safetensors,1783325447,5.7014609582070435,1.0739461773587717,0.279296875,0.1796875,0.5390625,0.119140625,0.686671225384634,1.7249697070371717,-0.08521150287828948,-0.0019303560256958008,1.484375,1.5390625
20260706-1-PVZp,5000,20260702-Qeu8-resume2-replay-step5000.safetensors,1783326098,5.720549964759703,1.0686157283990987,0.2783203125,0.1845703125,0.5234375,0.126953125,0.6915416152558396,1.7256350165006111,-0.08614148591694079,-0.0023890137672424316,1.484375,1.5390625
20260706-1-PVZp,6000,20260702-Qeu8-resume2-replay-step6000.safetensors,1783326748,5.709108592902618,1.0707867450478368,0.2796223958333333,0.1875,0.51953125,0.1318359375,0.6962342779723791,1.7249877250716659,-0.08705380088404606,-0.0021867752075195312,1.484375,1.5390625
20260706-1-PVZp,7000,20260702-Qeu8-resume2-replay-step7000.safetensors,1783327398,5.752358298323811,1.0726650187513744,0.2789713541666667,0.1875,0.515625,0.1337890625,0.7007269741240197,1.7241788623106302,-0.08803678813733552,-0.0020481348037719727,1.484375,1.5390625
20260706-1-PVZp,8000,20260702-Qeu8-resume2-replay-step8000.safetensors,1783328050,5.783018813966703,1.0699507198397953,0.2779947916666667,0.1904296875,0.51171875,0.1318359375,0.7052505778014508,1.7254949289072385,-0.08892822265625,-0.001509249210357666,1.484375,1.546875
20260706-1-PVZp,9000,20260702-Qeu8-resume2-replay-step9000.safetensors,1783328702,5.831632652298629,1.0630249059864045,0.2766927083333333,0.193359375,0.50390625,0.1328125,0.7096720474076464,1.7251650454208658,-0.08988229851973684,-0.0014546513557434082,1.4921875,1.546875
20260706-1-PVZp,10000,20260702-Qeu8-resume2-replay-step10000.safetensors,1783329351,5.9024986149186445,1.0644385331118085,0.2734375,0.189453125,0.49609375,0.134765625,0.7142674257712875,1.7257462648617348,-0.09083958675986842,-0.0013408660888671875,1.4921875,1.546875
20260706-1-PVZp,11000,20260702-Qeu8-resume2-replay-step11000.safetensors,1783330003,5.961195294031688,1.0689858786435114,0.2713216145833333,0.2021484375,0.4921875,0.11962890625,0.7188741688555886,1.7288694278101293,-0.0917510986328125,-0.0008404254913330078,1.4921875,1.546875
20260706-1-PVZp,12000,20260702-Qeu8-resume2-replay-step12000.safetensors,1783330652,6.050826716738336,1.0566337748873693,0.2682291666666667,0.203125,0.478515625,0.123046875,0.7233304925226572,1.7283060607418577,-0.09261844032689144,-0.0013812780380249023,1.4921875,1.546875
20260706-1-PVZp,13000,20260702-Qeu8-resume2-replay-step13000.safetensors,1783331300,6.1433626382506645,1.0461732675152686,0.2639973958333333,0.197265625,0.4609375,0.1337890625,0.7279156645539756,1.7300378879280174,-0.0935516357421875,-0.0014381706714630127,1.4921875,1.5546875
20260706-1-PVZp,14000,20260702-Qeu8-resume2-replay-step14000.safetensors,1783331949,6.232503466665475,1.0519819548982243,0.2604166666666667,0.1865234375,0.431640625,0.1630859375,0.7326916579934007,1.7309955532444443,-0.09446957236842106,-0.001603841781616211,1.5,1.5546875
20260706-1-PVZp,15000,20260702-Qeu8-resume2-replay-step15000.safetensors,1783332601,6.264356297972574,1.0432831956550301,0.2587890625,0.2001953125,0.419921875,0.15625,0.7377206200291365,1.7295936743405376,-0.09545336271587171,-0.0013282299041748047,1.5,1.5546875
20260706-1-PVZp,16000,20260702-Qeu8-resume2-replay-step16000.safetensors,1783333247,6.301249203098399,1.0527949861903356,0.2542317708333333,0.1953125,0.408203125,0.1591796875,0.7426042335139391,1.730921039058711,-0.096435546875,-0.0011074542999267578,1.5,1.5546875
20260706-1-PVZp,17000,20260702-Qeu8-resume2-replay-step17000.safetensors,1783333895,6.296027473197936,1.040991652399366,0.2535807291666667,0.19921875,0.404296875,0.1572265625,0.747058054605488,1.7322075285494294,-0.0973101164165296,-0.0011049509048461914,1.5,1.5546875
20260706-1-PVZp,18000,20260702-Qeu8-resume2-replay-step18000.safetensors,1783334543,6.386951868947111,1.0428523148310718,0.24772135416666666,0.2080078125,0.380859375,0.154296875,0.751926830984969,1.732814090970292,-0.09829551295230263,-0.0007765293121337891,1.5,1.5546875
20260706-1-PVZp,19000,20260702-Qeu8-resume2-replay-step19000.safetensors,1783335190,6.486400651145,1.0386841991300424,0.24251302083333334,0.1962890625,0.3671875,0.1640625,0.7563928814274005,1.7319421840939828,-0.09925119500411184,-0.0008829832077026367,1.5078125,1.5625
20260706-1-PVZp,20000,20260702-Qeu8-resume2-replay-step20000.safetensors,1783335838,6.5374613732295925,1.0380562930396509,0.23860677083333334,0.2197265625,0.349609375,0.146484375,0.761423759090951,1.7335749766100865,-0.10013459858141448,0.00040841102600097656,1.5078125,1.5625
20260706-1-PVZp,21000,20260702-Qeu8-resume2-replay-step21000.safetensors,1783336491,6.590873046460568,1.0326360234804413,0.2373046875,0.2216796875,0.322265625,0.16796875,0.7661141843903655,1.7332160624746158,-0.10114328484786184,0.00015461444854736328,1.5078125,1.5625
20260706-1-PVZp,22000,20260702-Qeu8-resume2-replay-step22000.safetensors,1783337144,6.7438348410620454,1.0289734009270384,0.232421875,0.2041015625,0.27734375,0.2158203125,0.7711754720591912,1.7339764393993757,-0.10207929109272204,0.0006794929504394531,1.5078125,1.5625
20260706-1-PVZp,23000,20260702-Qeu8-resume2-replay-step23000.safetensors,1783337790,6.847531055976722,1.0264211027227823,0.22884114583333334,0.1826171875,0.265625,0.23828125,0.7758480863085435,1.7359017337911227,-0.10302995380602385,0.0012053251266479492,1.5078125,1.5625
20260706-1-PVZp,24000,20260702-Qeu8-resume2-replay-step24000.safetensors,1783338435,6.91505213970595,1.0328439622546253,0.22591145833333334,0.1923828125,0.2333984375,0.251953125,0.7803754493366405,1.7346242933176987,-0.1039326316431949,-2.09808349609375e-05,1.5078125,1.5625
20260706-1-PVZp,25000,20260702-Qeu8-resume2-replay-step25000.safetensors,1783339080,6.920016829689124,1.0315425716163833,0.2265625,0.1943359375,0.2333984375,0.251953125,0.7851394005928398,1.7336838855858352,-0.1048454485441509,0.0008414983749389648,1.515625,1.5703125
20260706-1-PVZp,26000,20260702-Qeu8-resume2-replay-step26000.safetensors,1783339725,7.047161770753497,1.040793581199637,0.22265625,0.2216796875,0.201171875,0.2451171875,0.7900596338425014,1.737271382147576,-0.10582718723698666,0.0006311535835266113,1.515625,1.5703125
20260706-1-PVZp,27000,20260702-Qeu8-resume2-replay-step27000.safetensors,1783340368,7.250781115044918,1.0304249475436678,0.2177734375,0.2236328125,0.19140625,0.23828125,0.794444829297515,1.7363831161210896,-0.10672002089651007,0.0014780759811401367,1.515625,1.5703125
20260706-1-PVZp,28000,20260702-Qeu8-resume2-replay-step28000.safetensors,1783341014,7.372184505415661,1.291673663704261,0.21256510416666666,0.2373046875,0.150390625,0.25,0.7994552147631824,1.7396459987829282,-0.10758756336412932,-0.0005425810813903809,1.515625,1.5703125
20260706-1-PVZp,29000,20260702-Qeu8-resume2-replay-step29000.safetensors,1783341662,7.361256543307719,1.2869238257928328,0.2109375,0.236328125,0.1513671875,0.2451171875,0.8038065334143062,1.7389865971398448,-0.10856929578279194,-0.0006899237632751465,1.515625,1.5703125
20260706-1-PVZp,30000,20260702-Qeu8-resume2-replay-step30000.safetensors,1783342309,7.3410462780214925,1.2727354700354487,0.208984375,0.234375,0.1494140625,0.2431640625,0.8085216423554245,1.7414565305540552,-0.10950630589535362,-0.0007425844669342041,1.515625,1.5703125
20260706-1-PVZp,31000,20260702-Qeu8-resume2-replay-step31000.safetensors,1783342960,7.330763423758044,1.262744716526166,0.2060546875,0.2236328125,0.15234375,0.2421875,0.81321926132548,1.7401526866204915,-0.11043307655736019,-0.0008544921875,1.5234375,1.578125
20260706-1-PVZp,32000,20260702-Qeu8-resume2-replay-step32000.safetensors,1783343614,7.318085961566559,1.2545606149331021,0.20345052083333334,0.2216796875,0.154296875,0.234375,0.8179770724091077,1.7403130040481076,-0.11143172414679277,-0.0007786750793457031,1.5234375,1.578125
20260706-1-PVZp,33000,20260702-Qeu8-resume2-replay-step33000.safetensors,1783344265,7.302076117618273,1.2467915215820131,0.20149739583333334,0.2197265625,0.1474609375,0.2373046875,0.8225580788891945,1.7397417198550646,-0.11241912841796875,-0.0008593201637268066,1.5234375,1.578125
20260706-1-PVZp,34000,20260702-Qeu8-resume2-replay-step34000.safetensors,1783344920,7.299314974630829,1.2444967260340356,0.1982421875,0.2177734375,0.1435546875,0.2333984375,0.8276051027254563,1.740367837456084,-0.1134850351434005,-0.0008556842803955078,1.5234375,1.578125
20260706-1-PVZp,35000,20260702-Qeu8-resume2-replay-step35000.safetensors,1783345576,7.2844491786739205,1.2211146161799145,0.1953125,0.212890625,0.1474609375,0.2255859375,0.8323801616214073,1.7389945079310283,-0.1144563775313528,-0.0006878376007080078,1.5234375,1.5859375
20260706-1-PVZp,36000,20260702-Qeu8-resume2-replay-step36000.safetensors,1783346251,7.280063682097289,1.2179294554919562,0.19563802083333334,0.205078125,0.1513671875,0.23046875,0.8373125575710907,1.7407982496220629,-0.1153695959793894,-0.0007088184356689453,1.53125,1.5859375
20260706-1-PVZp,37000,20260702-Qeu8-resume2-replay-step37000.safetensors,1783346938,7.265148147606607,1.2129335503772636,0.19661458333333334,0.2109375,0.1494140625,0.2294921875,0.8420404599984993,1.738840638301761,-0.11636653699372944,-0.0007786750793457031,1.53125,1.5859375
20260706-1-PVZp,38000,20260702-Qeu8-resume2-replay-step38000.safetensors,1783347622,7.256554891844993,1.2055695294746205,0.1953125,0.216796875,0.1396484375,0.2294921875,0.846825344175117,1.7415289834242738,-0.11735243546335321,-0.0007912516593933105,1.53125,1.5859375
20260706-1-PVZp,39000,20260702-Qeu8-resume2-replay-step39000.safetensors,1783348310,7.24320709903306,1.2045817642405543,0.1953125,0.22265625,0.1435546875,0.2197265625,0.8515512448890358,1.7395179641088208,-0.11836322985197369,-0.0008736252784729004,1.53125,1.5859375
20260706-1-PVZp,40000,20260702-Qeu8-resume2-replay-step40000.safetensors,1783348998,7.243165895109768,1.1945249570137357,0.19596354166666666,0.2216796875,0.140625,0.2255859375,0.8560905985727432,1.7406963371070132,-0.11930164537931744,-0.0006242245435714722,1.53125,1.5859375
20260706-1-PVZp,41000,20260702-Qeu8-resume2-replay-step41000.safetensors,1783349689,7.243576660189172,1.193163351017678,0.19661458333333334,0.2265625,0.14453125,0.21875,0.8610460259846721,1.7404779480488106,-0.12029627749794408,-0.0006883740425109863,1.53125,1.59375
20260706-1-PVZp,42000,20260702-Qeu8-resume2-replay-step42000.safetensors,1783350378,7.2393376306756885,1.187313559624443,0.19759114583333334,0.2265625,0.1416015625,0.224609375,0.8653368583722667,1.7404384854445658,-0.12122706363075658,-0.0007675886154174805,1.5390625,1.59375
20260706-1-PVZp,43000,20260702-Qeu8-resume2-replay-step43000.safetensors,1783351054,7.232337916097176,1.1813945132581134,0.1982421875,0.2255859375,0.1455078125,0.2236328125,0.86983064825952,1.7420714505091368,-0.1221112703022204,-0.0009237229824066162,1.5390625,1.59375
20260706-1-PVZp,44000,20260702-Qeu8-resume2-replay-step44000.safetensors,1783351718,7.232892717870941,1.1754436168109987,0.19889322916666666,0.2265625,0.142578125,0.2275390625,0.8741230904435497,1.7419585474257844,-0.12312517668071546,-0.0008220672607421875,1.5390625,1.59375
20260706-1-PVZp,45000,20260702-Qeu8-resume2-replay-step45000.safetensors,1783352377,7.2363580478819465,1.176076491745941,0.19856770833333334,0.2373046875,0.1376953125,0.220703125,0.878975757272008,1.7420018800983947,-0.12400657252261513,-0.0008549690246582031,1.5390625,1.6015625
20260706-1-PVZp,46000,20260702-Qeu8-resume2-replay-step46000.safetensors,1783353039,7.25393226648385,1.1701489784078782,0.1962890625,0.2373046875,0.1220703125,0.2294921875,0.8838835282082558,1.744637902404853,-0.1249590421977796,-0.0008662939071655273,1.5390625,1.6015625
20260706-1-PVZp,47000,20260702-Qeu8-resume2-replay-step47000.safetensors,1783353707,7.255425492254108,1.1603470469969832,0.19710286458333334,0.2392578125,0.11865234375,0.2333984375,0.8882482003187651,1.7422840427304873,-0.12597495631167763,-0.000891372561454773,1.5390625,1.6015625
20260706-1-PVZp,48000,20260702-Qeu8-resume2-replay-step48000.safetensors,1783354379,7.259298921400238,1.1625943027082488,0.19580078125,0.236328125,0.11669921875,0.234375,0.892871146585566,1.7445665807477373,-0.12697480854235196,-0.0009454488754272461,1.5390625,1.6015625
20260706-1-PVZp,49000,20260702-Qeu8-resume2-replay-step49000.safetensors,1783355048,7.274450936008619,1.155542499311468,0.19580078125,0.2373046875,0.11474609375,0.2353515625,0.8973291933275797,1.7473076079018606,-0.12792326274671054,-0.0009859800338745117,1.546875,1.6015625
20260706-1-PVZp,50000,20260702-Qeu8-resume2-replay-step50000.safetensors,1783355721,7.304332594055759,1.157376040255635,0.193359375,0.25,0.1083984375,0.2216796875,0.9021574263428259,1.747437032473684,-0.12887653551603617,-0.0010811388492584229,1.546875,1.6015625
20260706-1-PVZp,51000,20260702-Qeu8-resume2-replay-step51000.safetensors,1783356391,7.30626365471141,1.1528608583426474,0.19222005208333334,0.248046875,0.10498046875,0.2236328125,0.9067349498576366,1.7462155422705765,-0.12977359169407895,-0.0012233257293701172,1.546875,1.609375
20260706-1-PVZp,52000,20260702-Qeu8-resume2-replay-step52000.safetensors,1783357061,7.311269313171234,1.1463812043416393,0.19075520833333334,0.25,0.1005859375,0.2216796875,0.9114317195449648,1.7461855905516084,-0.13077424701891446,-0.0012931227684020996,1.546875,1.609375
20260706-1-PVZp,53000,20260702-Qeu8-resume2-replay-step53000.safetensors,1783357736,7.317838234518438,1.140606203107646,0.18961588541666666,0.251953125,0.09619140625,0.220703125,0.916023035542102,1.7455471690518705,-0.1317042300575658,-0.001293957233428955,1.546875,1.609375
20260706-1-PVZp,54000,20260702-Qeu8-resume2-replay-step54000.safetensors,1783358407,7.313054314210062,1.1348767472955519,0.18619791666666666,0.251953125,0.083984375,0.22265625,0.9206715933397741,1.742973537697194,-0.13265348735608554,-0.0013413727283477783,1.546875,1.609375
20260706-1-PVZp,55000,20260702-Qeu8-resume2-replay-step55000.safetensors,1783359078,7.318495065003521,1.1416797246562918,0.18440755208333334,0.2490234375,0.07958984375,0.224609375,0.9252438749806146,1.7462943651767162,-0.13364771792763158,-0.0014255866408348083,1.5546875,1.609375
20260706-1-PVZp,56000,20260702-Qeu8-resume2-replay-step56000.safetensors,1783359748,7.30737785911425,1.1303267550234755,0.18408203125,0.2490234375,0.07958984375,0.2236328125,0.9299148640025177,1.7460304339582193,-0.13455360814144737,-0.0014991164207458496,1.5546875,1.6171875
20260706-1-PVZp,57000,20260702-Qeu8-resume2-replay-step57000.safetensors,1783360420,7.308433181452015,1.1309704998781613,0.18131510416666666,0.251953125,0.0693359375,0.22265625,0.9344716103757414,1.7450458383691485,-0.13554462633634867,-0.001523137092590332,1.5546875,1.6171875
20260706-1-PVZp,58000,20260702-Qeu8-resume2-replay-step58000.safetensors,1783361094,7.327837730838559,1.1323693660822585,0.17765299479166666,0.265625,0.051513671875,0.2158203125,0.9386617611270731,1.7461145682728776,-0.13647300318667763,-0.0014069080352783203,1.5546875,1.6171875
20260706-1-PVZp,59000,20260702-Qeu8-resume2-replay-step59000.safetensors,1783361767,7.381079452281353,1.1230569232529157,0.17390950520833334,0.271484375,0.044189453125,0.2060546875,0.9432301550336439,1.745191392440053,-0.1374567935341283,-0.0013256371021270752,1.5546875,1.6171875
20260706-1-PVZp,60000,20260702-Qeu8-resume2-replay-step60000.safetensors,1783362444,7.442283043568736,1.1233205729274303,0.171630859375,0.2734375,0.034423828125,0.20703125,0.9479904097319646,1.7446708976892902,-0.13839561060855263,-0.0014766454696655273,1.5546875,1.6171875
20260706-1-PVZp,61000,20260702-Qeu8-resume2-replay-step61000.safetensors,1783363119,7.495170781896669,1.1137212131914689,0.16569010416666666,0.267578125,0.013671875,0.2158203125,0.9523511001397859,1.7473251617802825,-0.13938743189761513,-0.0017797499895095825,1.5625,1.6171875
20260706-1-PVZp,62000,20260702-Qeu8-resume2-replay-step62000.safetensors,1783363794,7.624938082833447,1.119697501703833,0.1553955078125,0.287109375,-0.0299072265625,0.208984375,0.9571590148591216,1.744415698594076,-0.1403599789268092,-0.0019119083881378174,1.5625,1.625
20260706-1-PVZp,63000,20260702-Qeu8-resume2-replay-step63000.safetensors,1783364471,7.638791399130976,1.1242253675516056,0.15486653645833334,0.3046875,-0.040283203125,0.2001953125,0.9617305569553402,1.7476294244063326,-0.14129237124794408,-0.0020940080285072327,1.5625,1.625
20260706-1-PVZp,64000,20260702-Qeu8-resume2-replay-step64000.safetensors,1783365154,7.652869735618201,1.1124222875590832,0.1533203125,0.30859375,-0.044921875,0.1962890625,0.9666571680955154,1.7465269547313245,-0.14234201531661184,-0.0019475370645523071,1.5625,1.625
20260706-1-PVZp,65000,20260702-Qeu8-resume2-replay-step65000.safetensors,1783365832,7.704921108132979,1.1141157740730614,0.14933268229166666,0.3125,-0.059814453125,0.1953125,0.9714975285796084,1.7475743115141888,-0.1433254041169819,-0.0018644332885742188,1.5625,1.625
20260706-1-PVZp,66000,20260702-Qeu8-resume2-replay-step66000.safetensors,1783366514,7.732019976880028,1.1048409004792028,0.14632161458333334,0.314453125,-0.07177734375,0.1962890625,0.9762960611905696,1.7458977874065198,-0.14427586605674342,-0.002037346363067627,1.5625,1.625
20260706-1-PVZp,67000,20260702-Qeu8-resume2-replay-latest.safetensors,1783367193,7.7404399720907096,1.1001353630858803,0.14436848958333334,0.314453125,-0.08056640625,0.19921875,0.9807603326883685,1.7460896174971772,-0.14529479177374588,-0.0020506083965301514,1.5703125,1.6328125
20260727-1-Ejp0,1000,20260702-Qeu8-resume3-replay-step1000.safetensors,1785163920,7.806167641109929,1.1025210539735102,0.1357421875,0.296875,-0.080078125,0.1904296875,0.9811005104797584,1.7427817439233326,-0.14565437718441612,-0.0016703754663467407,1.5703125,1.6328125
20260727-1-Ejp0,2000,20260702-Qeu8-resume3-replay-step2000.safetensors,1785164591,7.927506899939093,1.0973150432242997,0.12532552083333334,0.28515625,-0.095703125,0.1865234375,0.9804501600921626,1.737384815247239,-0.1464791548879523,-0.0018520355224609375,1.5703125,1.6328125
20260727-1-Ejp0,3000,20260702-Qeu8-resume3-replay-step3000.safetensors,1785165270,8.039801789523612,1.0813483188311175,0.11507161458333333,0.275390625,-0.11572265625,0.185546875,0.9802764983122975,1.7326397777613636,-0.1470937226947985,-0.0017357170581817627,1.5703125,1.6328125
20260727-1-Ejp0,4000,20260702-Qeu8-resume3-replay-step4000.safetensors,1785165953,8.162548033490662,1.065575268509509,0.10546875,0.283203125,-0.1376953125,0.1708984375,0.9799951271891787,1.726250225047509,-0.1478224051626105,-0.0015555620193481445,1.5703125,1.640625
20260727-1-Ejp0,5000,20260702-Qeu8-resume3-replay-step5000.safetensors,1785166624,8.30342926903863,1.0431678018918593,0.09993489583333333,0.30078125,-0.1748046875,0.173828125,0.9798201129314563,1.7218576333654476,-0.14851640400133634,-0.0014667361974716187,1.578125,1.640625
20260727-1-Ejp0,6000,20260702-Qeu8-resume3-replay-step6000.safetensors,1785167308,8.495932473084094,1.0188176642471938,0.09602864583333333,0.318359375,-0.193359375,0.1630859375,0.9795805778195511,1.7157882573446654,-0.14918196828741775,-0.0009392499923706055,1.578125,1.640625
20260727-1-Ejp0,7000,20260702-Qeu8-resume3-replay-step7000.safetensors,1785167981,8.655691218434987,0.9961385526532428,0.09505208333333333,0.341796875,-0.2177734375,0.1611328125,0.9798449212768496,1.7122035189637694,-0.14992603502775492,-0.0012489557266235352,1.578125,1.640625
20260727-1-Ejp0,8000,20260702-Qeu8-resume3-replay-step8000.safetensors,1785168650,8.83726978153311,0.9825566885255607,0.09342447916666667,0.359375,-0.2431640625,0.1640625,0.9799262672190155,1.707252954081917,-0.150523537083676,-0.0007848739624023438,1.578125,1.640625
20260727-1-Ejp0,9000,20260702-Qeu8-resume3-replay-step9000.safetensors,1785169309,9.073018997871621,0.966789529800283,0.09016927083333333,0.369140625,-0.267578125,0.1689453125,0.9799799203711511,1.7008614922022267,-0.1512158042506168,-0.0009300708770751953,1.578125,1.640625
20260727-1-Ejp0,10000,20260702-Qeu8-resume3-replay-step10000.safetensors,1785169960,9.331310929597123,0.9550726503498288,0.08626302083333333,0.37890625,-0.287109375,0.1669921875,0.9800513270696796,1.6965609705382874,-0.15188116776315788,-0.0011522769927978516,1.578125,1.640625
20260727-1-Ejp0,11000,20260702-Qeu8-resume3-replay-step11000.safetensors,1785170615,9.543242217338921,0.9516657563890949,0.08430989583333333,0.404296875,-0.318359375,0.1669921875,0.9801821087706234,1.6910025199037246,-0.15260475560238487,-0.001058816909790039,1.5859375,1.6484375
20260727-1-Ejp0,12000,20260702-Qeu8-resume3-replay-step12000.safetensors,1785171268,9.78034571589683,0.942191185419404,0.08138020833333333,0.412109375,-0.333984375,0.166015625,0.9801891796396526,1.6885243977410163,-0.15321731567382812,-0.0010328292846679688,1.5859375,1.6484375
20260727-1-Ejp0,13000,20260702-Qeu8-resume3-replay-step13000.safetensors,1785171925,9.968178206529213,0.93925743695255,0.07942708333333333,0.416015625,-0.365234375,0.1875,0.9803783904571719,1.6821717700745098,-0.1538387097810444,-0.0006656646728515625,1.5859375,1.6484375
20260727-1-Ejp0,14000,20260702-Qeu8-resume3-replay-step14000.safetensors,1785172581,10.116405143552315,0.9364936641587837,0.08072916666666667,0.4296875,-0.3828125,0.1953125,0.9806227754419312,1.6772316377489265,-0.1544898183722245,-0.0009601116180419922,1.5859375,1.6484375
20260727-1-Ejp0,15000,20260702-Qeu8-resume3-replay-step15000.safetensors,1785173242,10.337003327706293,0.9270002736392533,0.078125,0.427734375,-0.384765625,0.19140625,0.9807744929867176,1.6731384680256793,-0.15526038721988075,-0.0003559589385986328,1.5859375,1.6484375
20260727-1-Ejp0,16000,20260702-Qeu8-resume3-replay-step16000.safetensors,1785173924,10.579962150993724,0.9213647625455941,0.07389322916666667,0.435546875,-0.408203125,0.1943359375,0.9810679184919111,1.6672395396501818,-0.15584945678710938,-0.0002148151397705078,1.59375,1.6484375
20260727-1-Ejp0,17000,20260702-Qeu8-resume3-replay-step17000.safetensors,1785174616,10.847682996723991,0.918493258422992,0.0703125,0.435546875,-0.4296875,0.205078125,0.9811208892931856,1.6626117408688352,-0.15649415317334628,-0.0004550814628601074,1.59375,1.65625
20260727-1-Ejp0,18000,20260702-Qeu8-resume3-replay-step18000.safetensors,1785175323,11.09485066724374,0.9080986122403305,0.06803385416666667,0.439453125,-0.447265625,0.2119140625,0.9814244578256744,1.6595951689426731,-0.1571400291041324,-0.00017108023166656494,1.59375,1.65625
20260727-1-Ejp0,19000,20260702-Qeu8-resume3-replay-step19000.safetensors,1785176028,11.316333150118659,0.899103824602043,0.06673177083333333,0.4375,-0.4609375,0.2236328125,0.9818744840795697,1.6546512659601156,-0.15782536958393298,2.086162567138672e-06,1.59375,1.65625
20260727-1-Ejp0,20000,20260702-Qeu8-resume3-replay-step20000.safetensors,1785176731,11.561359987029714,0.8994169618269365,0.06510416666666667,0.44921875,-0.490234375,0.236328125,0.9821364699334779,1.6532541765536015,-0.15846051667865954,-0.00028905272483825684,1.59375,1.65625
20260727-1-Ejp0,21000,20260702-Qeu8-resume3-replay-step21000.safetensors,1785177404,11.787757339969943,0.8986936810217864,0.0625,0.4609375,-0.51953125,0.24609375,0.9824322646195417,1.6502012253544058,-0.15911684538188733,0.00017139315605163574,1.59375,1.65625
20260727-1-Ejp0,22000,20260702-Qeu8-resume3-replay-step22000.safetensors,1785178062,12.013171989573989,0.8909993735231257,0.059244791666666664,0.45703125,-0.54296875,0.263671875,0.9825641105328576,1.6468952726502148,-0.1598048963044819,7.507205009460449e-05,1.6015625,1.6640625
20260727-1-Ejp0,23000,20260702-Qeu8-resume3-replay-step23000.safetensors,1785178721,12.27984546533942,0.8872703237549268,0.055989583333333336,0.458984375,-0.55859375,0.267578125,0.9830421942211277,1.6436916463035516,-0.16044817472759046,0.0003148317337036133,1.6015625,1.6640625
20260727-1-Ejp0,24000,20260702-Qeu8-resume3-replay-step24000.safetensors,1785179380,12.51321416409607,0.8775232889162335,0.057291666666666664,0.45703125,-0.5703125,0.28515625,0.9832425312134172,1.637710078917208,-0.16105310540450246,0.0007660388946533203,1.6015625,1.6640625
20260727-1-Ejp0,25000,20260702-Qeu8-resume3-replay-step25000.safetensors,1785180046,12.774842550307305,0.8710037634772607,0.055989583333333336,0.4453125,-0.578125,0.30078125,0.9834752902234237,1.6331896338504417,-0.16171003642835116,0.0011516809463500977,1.6015625,1.6640625
20260727-1-Ejp0,26000,20260702-Qeu8-resume3-replay-step26000.safetensors,1785180706,13.002355586173667,0.8726136690479328,0.056640625,0.458984375,-0.59765625,0.30859375,0.9838371474594879,1.6313076667836,-0.16239346955951892,0.0012173354625701904,1.6015625,1.671875
20260727-1-Ejp0,27000,20260702-Qeu8-resume3-replay-step27000.safetensors,1785181365,13.274298304055407,0.8630552558577268,0.05859375,0.455078125,-0.59375,0.314453125,0.9847036056347837,1.6288395463946257,-0.1630583311382093,0.0012593567371368408,1.609375,1.671875
20260727-1-Ejp0,28000,20260702-Qeu8-resume3-replay-step28000.safetensors,1785182024,13.47252764654022,0.858947890598513,0.061197916666666664,0.455078125,-0.58203125,0.310546875,0.9853138449730937,1.624116208542625,-0.1636655707108347,0.0015902015147730708,1.609375,1.671875
20260727-1-Ejp0,29000,20260702-Qeu8-resume3-replay-step29000.safetensors,1785182679,13.613501871344848,0.8602561464854972,0.06901041666666667,0.4609375,-0.59765625,0.34375,0.9858676366752223,1.6229117584818646,-0.16436722404078433,0.0010185837745666504,1.609375,1.671875
20260727-1-Ejp0,30000,20260702-Qeu8-resume3-replay-step30000.safetensors,1785183329,13.781389941847277,0.8523650139244369,0.07356770833333333,0.4609375,-0.609375,0.369140625,0.9865099919248564,1.6178525786193467,-0.16493386971323112,0.0011366307735443115,1.609375,1.6796875
20260727-1-Ejp0,31000,20260702-Qeu8-resume3-replay-step31000.safetensors,1785183983,13.945383610231156,0.852687649613257,0.07942708333333333,0.462890625,-0.62109375,0.396484375,0.9873408055955404,1.6159242204956965,-0.16559771487587377,0.0013340115547180176,1.609375,1.6796875
20260727-1-Ejp0,32000,20260702-Qeu8-resume3-replay-step32000.safetensors,1785184635,14.108241948930619,0.8492574547634301,0.0859375,0.474609375,-0.62890625,0.412109375,0.9882083890187056,1.6120025987782882,-0.16629911723889804,0.0014372169971466064,1.609375,1.6796875
20260727-1-Ejp0,33000,20260702-Qeu8-resume3-replay-step33000.safetensors,1785185286,14.349402694864162,0.8460264856911703,0.08919270833333333,0.490234375,-0.63671875,0.4140625,0.9884674412977061,1.6071443060301258,-0.16693275853207237,0.0015468299388885498,1.6171875,1.6796875
20260727-1-Ejp0,34000,20260702-Qeu8-resume3-replay-step34000.safetensors,1785185936,14.455837019738716,0.8512854746282541,0.10026041666666667,0.498046875,-0.640625,0.443359375,0.9893419809219999,1.603450194570339,-0.16759882475200452,0.0012071728706359863,1.6171875,1.6875
20260727-1-Ejp0,35000,20260702-Qeu8-resume3-replay-step35000.safetensors,1785186586,14.644866523166998,0.8335890272762833,0.107421875,0.51171875,-0.640625,0.451171875,0.9900718224156575,1.5989246904688739,-0.16828215749640213,0.0018123984336853027,1.6171875,1.6875
20260727-1-Ejp0,36000,20260702-Qeu8-resume3-replay-step36000.safetensors,1785187240,14.760441093008854,0.8375503862884316,0.11848958333333333,0.51953125,-0.64453125,0.48046875,0.9911672713980559,1.5961044513496274,-0.16893587614360608,0.0014843344688415527,1.6171875,1.6875
20260727-1-Ejp0,37000,20260702-Qeu8-resume3-replay-step37000.safetensors,1785187894,14.901948722430655,0.8313061823944004,0.12955729166666666,0.54296875,-0.64453125,0.490234375,0.9918615986013689,1.5929915467318576,-0.16964922453227796,0.0013413429260253906,1.625,1.6875
20260727-1-Ejp0,38000,20260702-Qeu8-resume3-replay-step38000.safetensors,1785188550,15.018083771931009,0.8269288037955949,0.140625,0.5625,-0.65625,0.515625,0.9927771569078339,1.5899891147898604,-0.17027523643092105,0.0014628767967224121,1.625,1.6953125
20260727-1-Ejp0,39000,20260702-Qeu8-resume3-replay-step39000.safetensors,1785189207,15.17812320886191,0.8223936970545404,0.14973958333333334,0.5546875,-0.6484375,0.54296875,0.9935047387051232,1.583834238594707,-0.17094140303762337,0.0014692097902297974,1.625,1.6953125
20260727-1-Ejp0,40000,20260702-Qeu8-resume3-replay-step40000.safetensors,1785189864,15.302108588972464,0.8210618313079564,0.16145833333333334,0.5625,-0.65234375,0.57421875,0.9943295406172096,1.580690013844736,-0.17161760832134046,0.0012179762125015259,1.625,1.6953125
20260727-1-Ejp0,41000,20260702-Qeu8-resume3-replay-step41000.safetensors,1785190517,15.49317274769034,0.8181640673686252,0.17317708333333334,0.58203125,-0.64453125,0.58203125,0.9951708658158037,1.5762703651048242,-0.17229381360505758,0.0015941262245178223,1.625,1.6953125
20260727-1-Ejp0,42000,20260702-Qeu8-resume3-replay-step42000.safetensors,1785191174,15.657624734050739,0.8120383064360764,0.18489583333333334,0.60546875,-0.640625,0.58984375,0.995910496844814,1.5742491678654316,-0.17294512296977796,0.0014707446098327637,1.6328125,1.703125
20260727-1-Ejp0,43000,20260702-Qeu8-resume3-replay-step43000.safetensors,1785191827,15.86211059784939,0.8046927892471767,0.19661458333333334,0.6171875,-0.64453125,0.6171875,0.9966315216457067,1.5697407161856267,-0.1735546714381168,0.0016618967056274414,1.6328125,1.703125
20260727-1-Ejp0,44000,20260702-Qeu8-resume3-replay-step44000.safetensors,1785192478,16.057620441284584,0.8030570970418681,0.20703125,0.625,-0.63671875,0.6328125,0.9976451789238663,1.5659687039714973,-0.17420316997327304,0.001862645149230957,1.6328125,1.703125
20260727-1-Ejp0,45000,20260702-Qeu8-resume3-replay-step45000.safetensors,1785193130,16.225968154817096,0.7993243388568991,0.22135416666666666,0.65234375,-0.6328125,0.64453125,0.9983891288187293,1.5622194883103082,-0.1749114990234375,0.0019161105155944824,1.6328125,1.703125
20260727-1-Ejp0,46000,20260702-Qeu8-resume3-replay-step46000.safetensors,1785193783,16.461814304383633,0.7976676073738646,0.23307291666666666,0.6484375,-0.62109375,0.671875,0.9993876148039023,1.558602105119462,-0.17543913188733554,0.0021429061889648438,1.6328125,1.703125
20260727-1-Ejp0,47000,20260702-Qeu8-resume3-replay-step47000.safetensors,1785194436,16.736590393240093,0.7951196444671481,0.24739583333333334,0.671875,-0.61328125,0.68359375,1.0001383926622378,1.5569598124173378,-0.17614987021998355,0.002190530300140381,1.6328125,1.7109375
20260727-1-Ejp0,48000,20260702-Qeu8-resume3-replay-step48000.safetensors,1785195091,16.886138849081746,0.7991096231417111,0.2591145833333333,0.6875,-0.6171875,0.70703125,1.000723118414556,1.5535953799822526,-0.17677628366570725,0.002081573009490967,1.640625,1.7109375
20260727-1-Ejp0,49000,20260702-Qeu8-resume3-replay-step49000.safetensors,1785195742,17.03610451449639,0.7877928829163166,0.2747395833333333,0.69921875,-0.609375,0.734375,1.001505646634738,1.5502248083636512,-0.17742678993626645,0.001911759376525879,1.640625,1.7109375
20260727-1-Ejp0,50000,20260702-Qeu8-resume3-replay-step50000.safetensors,1785196395,17.156792490109652,0.792875809224362,0.2877604166666667,0.73046875,-0.61328125,0.74609375,1.0022279497399957,1.5481976277840523,-0.17807649311266446,0.0018767118453979492,1.640625,1.7109375
20260727-1-Ejp0,51000,20260702-Qeu8-resume3-replay-step51000.safetensors,1785197046,17.315979140302577,0.7888095959762436,0.30078125,0.7578125,-0.61328125,0.7578125,1.0032462764436099,1.5451244572249383,-0.17876394171463816,0.002146482467651367,1.640625,1.7109375
20260727-1-Ejp0,52000,20260702-Qeu8-resume3-replay-step52000.safetensors,1785197698,17.48989442208293,0.7732843025278952,0.3125,0.76953125,-0.609375,0.77734375,1.004145419356062,1.5415809984612776,-0.17939517372532895,0.0021780729293823242,1.640625,1.71875
20260727-1-Ejp0,53000,20260702-Qeu8-resume3-replay-step53000.safetensors,1785198355,17.75041827544619,0.7853267211074334,0.3268229166666667,0.78125,-0.6484375,0.84765625,1.0040710884268005,1.5387301900064605,-0.17991718493009867,0.0017302492633461952,1.6484375,1.71875
20260727-1-Ejp0,54000,20260702-Qeu8-resume3-replay-step54000.safetensors,1785199007,17.919043439373244,0.7664385644241736,0.3411458333333333,0.80078125,-0.640625,0.86328125,1.004564880749638,1.5359301715298983,-0.18060302734375,0.0014323890209197998,1.6484375,1.71875
20260727-1-Ejp0,55000,20260702-Qeu8-resume3-replay-step55000.safetensors,1785199659,18.098457011706017,0.7704989846036691,0.3528645833333333,0.80859375,-0.6484375,0.8984375,1.0053415570676807,1.5310351253389634,-0.18125433670847038,0.0012195110321044922,1.6484375,1.71875
20260727-1-Ejp0,56000,20260702-Qeu8-resume3-replay-step56000.safetensors,1785200311,18.256620280051706,0.7793109180829839,0.3684895833333333,0.80078125,-0.65234375,0.95703125,1.0061165304001811,1.5298712291639867,-0.18193375436883225,0.0009390711784362793,1.6484375,1.71875
20260727-1-Ejp0,57000,20260702-Qeu8-resume3-replay-step57000.safetensors,1785200963,18.437934269460097,0.772341669587798,0.38671875,0.83984375,-0.640625,0.9609375,1.0070972678288876,1.5257759931475654,-0.18253607498972038,0.001458585262298584,1.6484375,1.7265625
20260727-1-Ejp0,58000,20260702-Qeu8-resume3-replay-step58000.safetensors,1785201616,18.789501581364892,0.8320548742625042,0.4049479166666667,0.8828125,-0.640625,0.97265625,1.0081843225551992,1.5247092848445822,-0.1832331607216283,0.0013821125030517578,1.6484375,1.7265625
20260727-1-Ejp0,59000,20260702-Qeu8-resume3-replay-step59000.safetensors,1785202271,19.101652323446746,0.788593439892127,0.4166666666666667,0.98828125,-0.67578125,0.9375,1.0097367342971677,1.5211220950057405,-0.18373991313733554,0.0003426671028137207,1.65625,1.7265625
20260727-1-Ejp0,60000,20260702-Qeu8-resume3-replay-step60000.safetensors,1785202924,19.387318140389205,0.7843515483886062,0.4348958333333333,1.0234375,-0.7578125,1.0390625,1.0114121894974653,1.5211480329476275,-0.18438720703125,-0.00020766258239746094,1.65625,1.7265625
20260727-1-Ejp0,61000,20260702-Qeu8-resume3-replay-step61000.safetensors,1785203574,19.648439419933222,0.7848520977960483,0.4466145833333333,1.109375,-0.78515625,1.015625,1.0130238055405785,1.5216067492880065,-0.18492849249588816,-0.0007760524749755859,1.65625,1.7265625
20260727-1-Ejp0,62000,20260702-Qeu8-resume3-replay-step62000.safetensors,1785204228,19.92666814355068,0.7943943155894542,0.4635416666666667,1.0625,-0.7734375,1.1015625,1.0149206396013049,1.5177413554065482,-0.18557257401315788,-0.00039577484130859375,1.65625,1.734375
20260727-1-Ejp0,63000,20260702-Qeu8-resume3-replay-step63000.safetensors,1785204881,20.160743034225867,0.7801809779652099,0.4830729166666667,1.0703125,-0.79296875,1.171875,1.016942192051979,1.5184964915258843,-0.18611225328947367,-0.000773310661315918,1.65625,1.734375
20260727-1-Ejp0,64000,20260702-Qeu8-resume3-replay-step64000.safetensors,1785205537,20.382426503091718,0.7809955824240462,0.4986979166666667,1.1484375,-0.76171875,1.109375,1.0190033529046156,1.5168227993615493,-0.18670975534539475,-0.00047779083251953125,1.65625,1.734375
20260727-1-Ejp0,65000,20260702-Qeu8-resume3-replay-step65000.safetensors,1785206190,20.67795715150795,0.8131865694106283,0.515625,1.2109375,-0.765625,1.1015625,1.0208123880305207,1.5170565560436011,-0.18729119551809212,0.00025522708892822266,1.65625,1.734375
20260727-1-Ejp0,66000,20260702-Qeu8-resume3-replay-step66000.safetensors,1785206843,21.067389824603072,0.8154114152316662,0.5416666666666666,1.21875,-0.71875,1.125,1.0221082593994046,1.5138636626427586,-0.18790957802220395,0.00035893917083740234,1.65625,1.734375
20260727-1-Ejp0,67000,20260702-Qeu8-resume3-replay-step67000.safetensors,1785207498,21.35894490756928,0.7915525469992414,0.5638020833333334,1.2734375,-0.72265625,1.140625,1.0232606252188878,1.5130520096772746,-0.18855526572779605,0.0009202957153320312,1.6640625,1.734375
20260727-1-Ejp0,68000,20260702-Qeu8-resume3-replay-step68000.safetensors,1785208153,21.67981978112788,0.8420876262155903,0.5833333333333334,1.2578125,-0.703125,1.1953125,1.0245228205703742,1.5105000974365237,-0.18914473684210525,0.0009800195693969727,1.6640625,1.734375
20260727-1-Ejp0,69000,20260702-Qeu8-resume3-replay-step69000.safetensors,1785208810,21.910039886825214,0.7889695642958636,0.59765625,1.2734375,-0.66796875,1.1875,1.0256681929506362,1.5076971032031152,-0.18976633172286184,0.0020473599433898926,1.6640625,1.734375
20260727-1-Ejp0,70000,20260702-Qeu8-resume3-replay-step70000.safetensors,1785209468,22.26653459888932,0.8065838106965233,0.6171875,1.28125,-0.65625,1.2265625,1.0274604543658503,1.5059648651094815,-0.19038632041529605,0.002310514450073242,1.6640625,1.734375
20260727-1-Ejp0,71000,20260702-Qeu8-resume3-replay-step71000.safetensors,1785210123,22.577008049143178,0.8059135359826131,0.6432291666666666,1.328125,-0.65625,1.2578125,1.0284148816790823,1.5042883877015636,-0.19104164525082237,0.003787994384765625,1.671875,1.734375
20260727-1-Ejp0,72000,20260702-Qeu8-resume3-replay-step72000.safetensors,1785210776,22.8686389855872,0.7792551533041503,0.6666666666666666,1.3828125,-0.640625,1.2578125,1.0297033689729436,1.5008986698723725,-0.19164557206003288,0.004152059555053711,1.671875,1.734375
20260727-1-Ejp0,73000,20260702-Qeu8-resume3-replay-step73000.safetensors,1785211428,23.22630464691746,0.7926174039504458,0.69140625,1.3671875,-0.58984375,1.296875,1.0310209487383526,1.5002702567733825,-0.19229768451891446,0.005065441131591797,1.671875,1.734375
20260727-1-Ejp0,74000,20260702-Qeu8-resume3-replay-step74000.safetensors,1785212081,23.58840377421249,0.801563611374113,0.7200520833333334,1.4453125,-0.58203125,1.296875,1.0321799094156134,1.4962735092874666,-0.19297549599095395,0.0048084259033203125,1.671875,1.734375
20260727-1-Ejp0,75000,20260702-Qeu8-resume3-replay-step75000.safetensors,1785212740,23.91456704298361,0.8049764630983682,0.7473958333333334,1.4453125,-0.59375,1.390625,1.0334203118357548,1.4916562689743036,-0.1936131527549342,0.0057909488677978516,1.6796875,1.734375
20260727-1-Ejp0,76000,20260702-Qeu8-resume3-replay-step76000.safetensors,1785213394,24.233138611127046,0.824018685343328,0.77734375,1.453125,-0.55859375,1.4375,1.0345821505825252,1.486903579302845,-0.19429738898026316,0.006606340408325195,1.6796875,1.734375
20260727-1-Ejp0,77000,20260702-Qeu8-resume3-replay-step77000.safetensors,1785214049,24.568603150557347,0.8218223162091525,0.8072916666666666,1.5,-0.5546875,1.4765625,1.0352769548556422,1.4857893549723795,-0.1949366519325658,0.006876230239868164,1.6796875,1.734375
20260727-1-Ejp0,78000,20260702-Qeu8-resume3-replay-step78000.safetensors,1785214705,24.876901447215072,0.8236394289008931,0.8372395833333334,1.5859375,-0.53515625,1.4609375,1.0360702482587607,1.483717072346665,-0.19551006116365133,0.007330894470214844,1.6796875,1.734375
20260727-1-Ejp0,79000,20260702-Qeu8-resume3-replay-step79000.safetensors,1785215366,25.145413594826614,0.8231205225779508,0.8671875,1.6015625,-0.5234375,1.5234375,1.0366536920271328,1.4804488813640213,-0.19618305407072367,0.008234262466430664,1.6796875,1.734375
20260727-1-Ejp0,80000,20260702-Qeu8-resume3-replay-step80000.safetensors,1785216025,25.597789791788806,0.8387032139744224,0.9114583333333334,1.625,-0.46875,1.578125,1.0372396147505714,1.4745793864583074,-0.19669864052220395,0.009130239486694336,1.6796875,1.734375
20260727-1-Ejp0,81000,20260702-Qeu8-resume3-replay-step81000.safetensors,1785216684,25.946307540563694,0.8185043205176674,0.9505208333333334,1.6640625,-0.421875,1.609375,1.0376513901032345,1.473762052400315,-0.19742945620888158,0.010289669036865234,1.6875,1.734375
20260727-1-Ejp0,82000,20260702-Qeu8-resume3-replay-step82000.safetensors,1785217332,26.24620623230148,0.8312418873680307,0.98828125,1.703125,-0.37890625,1.640625,1.0380485995472257,1.46907128024765,-0.19802695826480263,0.010979175567626953,1.6875,1.734375
20260727-1-Ejp0,83000,20260702-Qeu8-resume3-replay-step83000.safetensors,1785217969,26.620697066747553,0.8035047618849185,1.0286458333333333,1.7421875,-0.328125,1.671875,1.0383725744825474,1.4663710476817107,-0.19858832108347038,0.01251673698425293,1.6875,1.734375
20260727-1-Ejp0,84000,20260702-Qeu8-resume3-replay-step84000.safetensors,1785218603,26.936422228482403,0.7969282727203391,1.0670572916666667,1.7890625,-0.291015625,1.703125,1.0383856512774532,1.4612581704729233,-0.19925569233141446,0.013916969299316406,1.6875,1.734375
20260727-1-Ejp0,85000,20260702-Qeu8-resume3-replay-step85000.safetensors,1785219256,27.274305374895878,0.8159896990121228,1.10546875,1.828125,-0.25390625,1.7421875,1.0387521675167868,1.4576313235160714,-0.19991422954358554,0.014431238174438477,1.6875,1.734375
20260727-1-Ejp0,86000,20260702-Qeu8-resume3-replay-step86000.safetensors,1785219914,27.392814064233743,0.8204082978033088,1.125,1.7890625,-0.234375,1.8203125,1.0391301430021633,1.4571280744313022,-0.20057959305612663,0.014116525650024414,1.6875,1.734375
20260727-1-Ejp0,87000,20260702-Qeu8-resume3-replay-step87000.safetensors,1785220567,27.635699718390352,0.8157409620804303,1.1552734375,1.7890625,-0.1591796875,1.8359375,1.040396219227058,1.4575197669541613,-0.2012068095960115,0.01603531837463379,1.6953125,1.734375
20260727-1-Ejp0,88000,20260702-Qeu8-resume3-replay-step88000.safetensors,1785221205,27.83314589032583,0.7987766073406168,1.1861979166666667,1.8359375,-0.13671875,1.859375,1.0413110313552827,1.4546931596089112,-0.20192136262592517,0.01648259162902832,1.6953125,1.734375
20260727-1-Ejp0,89000,20260702-Qeu8-resume3-replay-step89000.safetensors,1785221841,27.86266000023715,0.7994332392406083,1.2083333333333333,1.8671875,-0.125,1.8828125,1.0419295467395824,1.4510276646410167,-0.20249457108347038,0.0166776180267334,1.6953125,1.734375
20260727-1-Ejp0,90000,20260702-Qeu8-resume3-replay-step90000.safetensors,1785222470,28.065517089366697,0.8066858433247197,1.2389322916666667,1.921875,-0.119140625,1.9140625,1.0428389582528528,1.4463585643480226,-0.2032598194323088,0.0178225040435791,1.6953125,1.734375
20260727-1-Ejp0,91000,20260702-Qeu8-resume3-replay-step91000.safetensors,1785223116,28.265012236214076,0.7908672154131975,1.2662760416666667,1.96875,-0.107421875,1.9375,1.043422680626771,1.4427509805251417,-0.20383935225637337,0.01815199851989746,1.6953125,1.734375
20260727-1-Ejp0,92000,20260702-Qeu8-resume3-replay-step92000.safetensors,1785223770,28.418480545564368,0.7983223484507614,1.294921875,2.0,-0.076171875,1.9609375,1.0440369260637916,1.4390032191722333,-0.2047327945106908,0.01884293556213379,1.6953125,1.734375
20260727-1-Ejp0,93000,20260702-Qeu8-resume3-replay-step93000.safetensors,1785224419,28.411084237031364,0.7964445911980701,1.31005859375,2.015625,-0.06982421875,1.984375,1.0453565536973235,1.4363445477646484,-0.20543228952508225,0.01894211769104004,1.6953125,1.734375
20260727-1-Ejp0,94000,20260702-Qeu8-resume3-replay-step94000.safetensors,1785225048,28.36232490722994,0.7950929350903365,1.33154296875,2.0625,-0.05224609375,1.984375,1.0463981424349058,1.4325794318125693,-0.20617274234169408,0.019339323043823242,1.703125,1.734375
20260727-1-Ejp0,95000,20260702-Qeu8-resume3-replay-step95000.safetensors,1785225675,28.564751458425633,0.7932866614621114,1.3559977213541667,2.09375,-0.0257568359375,2.0,1.0473063274380703,1.4298318088774356,-0.20683208264802633,0.02061772346496582,1.703125,1.734375
20260727-1-Ejp0,96000,20260702-Qeu8-resume3-replay-step96000.safetensors,1785226305,28.809172552790884,0.792915019890038,1.3911539713541667,2.125,0.0172119140625,2.03125,1.0479466431229003,1.4269404599569107,-0.20754683645148025,0.020975828170776367,1.703125,1.734375
20260727-1-Ejp0,97000,20260702-Qeu8-resume3-replay-step97000.safetensors,1785226932,29.02608233857333,0.7949622812195927,1.423583984375,2.15625,0.052001953125,2.0625,1.0486883235186517,1.4249904468164316,-0.20810418379934212,0.021962642669677734,1.703125,1.734375
20260727-1-Ejp0,98000,20260702-Qeu8-resume3-replay-step98000.safetensors,1785227561,29.4144993528531,0.7893818529001126,1.4625651041666667,2.203125,0.0908203125,2.09375,1.0491401132364393,1.4223895172420762,-0.20878842002467105,0.023592710494995117,1.703125,1.734375
20260727-1-Ejp0,99000,20260702-Qeu8-resume3-replay-step99000.safetensors,1785228189,29.5252443343158,0.8574692275423363,1.490234375,2.234375,0.111328125,2.125,1.0499899665746266,1.4185448841721642,-0.20942447060032895,0.024292469024658203,1.703125,1.734375
20260727-1-Ejp0,100000,20260702-Qeu8-resume3-replay-step100000.safetensors,1785228816,29.491063050521085,0.862261308255096,1.5148111979166667,2.265625,0.12255859375,2.15625,1.0510848212945798,1.4161631724453592,-0.21009103875411184,0.02453446388244629,1.7109375,1.734375
20260727-1-Ejp0,101000,20260702-Qeu8-resume3-replay-step101000.safetensors,1785229443,29.488135802652153,0.8551409220795971,1.5319010416666667,2.28125,0.142578125,2.171875,1.0520430993741154,1.4127470806244746,-0.21083149157072367,0.024731159210205078,1.7109375,1.734375
20260727-1-Ejp0,102000,20260702-Qeu8-resume3-replay-step102000.safetensors,1785230086,29.702613621817683,0.8676491967090328,1.5673828125,2.3125,0.1708984375,2.21875,1.0529486569071191,1.4116289152202546,-0.21153178967927633,0.02616715431213379,1.7109375,1.734375
20260727-1-Ejp0,103000,20260702-Qeu8-resume3-replay-step103000.safetensors,1785230735,29.78551191201732,0.891582458810836,1.59765625,2.359375,0.19921875,2.234375,1.054055210573628,1.408874875831803,-0.21221281352796054,0.027108192443847656,1.7109375,1.734375
20260727-1-Ejp0,104000,20260702-Qeu8-resume3-replay-step104000.safetensors,1785231377,29.944112329875335,0.8537997954334117,1.6233723958333333,2.390625,0.1826171875,2.296875,1.0545614367533063,1.4059716823850916,-0.2129002621299342,0.02797555923461914,1.7109375,1.734375
20260727-1-Ejp0,105000,20260702-Qeu8-resume3-replay-step105000.safetensors,1785232006,30.15328829245745,0.8529698872173638,1.6611328125,2.4375,0.2021484375,2.34375,1.0552514120032501,1.403671161151037,-0.2135106136924342,0.028821706771850586,1.7109375,1.734375
20260727-1-Ejp0,106000,20260702-Qeu8-resume3-replay-step106000.safetensors,1785232634,30.307174107141584,0.8435029569007914,1.6888020833333333,2.46875,0.22265625,2.375,1.055755981301796,1.4012739263807807,-0.21426552220394737,0.029854536056518555,1.7109375,1.734375
20260727-1-Ejp0,107000,20260702-Qeu8-resume3-replay-step107000.safetensors,1785233260,30.410748293613434,0.8656702858801427,1.7200520833333333,2.5,0.25390625,2.40625,1.0562984215788953,1.3990858338247643,-0.21488229851973684,0.030230045318603516,1.7109375,1.734375
20260727-1-Ejp0,108000,20260702-Qeu8-resume3-replay-step108000.safetensors,1785233889,30.599276695693817,0.8580157632739724,1.7454427083333333,2.53125,0.283203125,2.421875,1.0569430378322517,1.3956362415054728,-0.21553441097861842,0.031394243240356445,1.71875,1.734375
20260727-1-Ejp0,109000,20260702-Qeu8-resume3-replay-step109000.safetensors,1785234516,30.71255278290468,0.8623194243693594,1.7740885416666667,2.5625,0.306640625,2.453125,1.0575209673256178,1.3926559784553973,-0.21616082442434212,0.03228282928466797,1.71875,1.734375
20260727-1-Ejp0,110000,20260702-Qeu8-resume3-replay-step110000.safetensors,1785235145,30.786873993906912,0.8634326999389713,1.798828125,2.59375,0.333984375,2.46875,1.0581280149660028,1.3911756668504374,-0.2169285824424342,0.03294515609741211,1.71875,1.734375
20260727-1-Ejp0,111000,20260702-Qeu8-resume3-replay-step111000.safetensors,1785235773,30.773261583731006,0.8994837975365838,1.8170572916666667,2.609375,0.357421875,2.484375,1.0590652656715385,1.3894636181582654,-0.21761281866776316,0.03289437294006348,1.71875,1.734375
20260727-1-Ejp0,112000,20260702-Qeu8-resume3-replay-step112000.safetensors,1785236400,30.856179621205584,0.9176750529844545,1.8450520833333333,2.640625,0.37890625,2.515625,1.0597744976841488,1.387517420544802,-0.21830347964638158,0.034009337425231934,1.71875,1.734375
20260727-1-Ejp0,113000,20260702-Qeu8-resume3-replay-step113000.safetensors,1785237032,30.91683988610326,0.9111976057333088,1.865234375,2.671875,0.392578125,2.53125,1.0605058635213778,1.3869812209306482,-0.21892989309210525,0.03457045555114746,1.71875,1.734375
20260727-1-Ejp0,114000,20260702-Qeu8-resume3-replay-step114000.safetensors,1785237670,30.974122161366193,0.9080256611020553,1.8932291666666667,2.703125,0.4140625,2.5625,1.0611545892377472,1.3843690200728278,-0.21970728824013158,0.03524422645568848,1.71875,1.734375
20260727-1-Ejp0,115000,20260702-Qeu8-resume3-replay-step115000.safetensors,1785238316,31.161831747352625,0.8972304853633538,1.9225260416666667,2.734375,0.439453125,2.59375,1.0615316141973983,1.3820861004534124,-0.22030479029605263,0.03655064105987549,1.7265625,1.734375
20260727-1-Ejp0,116000,20260702-Qeu8-resume3-replay-step116000.safetensors,1785238943,31.205299292116894,0.9279099798760504,1.9446614583333333,2.765625,0.458984375,2.609375,1.06192714877048,1.3796331007409628,-0.22099223889802633,0.03680527210235596,1.7265625,1.734375
20260727-1-Ejp0,117000,20260702-Qeu8-resume3-replay-step117000.safetensors,1785239572,31.260629706774758,0.9313189333561765,1.97265625,2.8125,0.48046875,2.625,1.062478409141065,1.3770153712135826,-0.22163792660361842,0.03770303726196289,1.7265625,1.734375
20260727-1-Ejp0,118000,20260702-Qeu8-resume3-replay-step118000.safetensors,1785240199,31.358401944839805,0.9334998913538601,1.9947916666666667,2.84375,0.5,2.640625,1.0631771417938984,1.374959718153822,-0.2223414370888158,0.038874149322509766,1.7265625,1.734375
20260727-1-Ejp0,119000,20260702-Qeu8-resume3-replay-step119000.safetensors,1785240829,31.410089842702845,0.9206559222280734,2.0260416666666665,2.875,0.515625,2.6875,1.0637028709091292,1.3734154907041107,-0.22295821340460525,0.03976082801818848,1.7265625,1.734375
20260727-1-Ejp0,120000,20260702-Qeu8-resume3-replay-step120000.safetensors,1785241467,31.400625418979196,0.9341423800540455,2.0416666666666665,2.890625,0.53125,2.703125,1.0644059050316477,1.3722057357574702,-0.22371312191611842,0.03966653347015381,1.7265625,1.734375
20260727-1-Ejp0,121000,20260702-Qeu8-resume3-replay-step121000.safetensors,1785242105,31.311383351218584,0.9447775890448904,2.0533854166666665,2.890625,0.55078125,2.71875,1.0656578275302495,1.370411694892555,-0.22435880962171054,0.03948187828063965,1.7265625,1.734375
20260727-1-Ejp0,122000,20260702-Qeu8-resume3-replay-step122000.safetensors,1785242734,31.278991125004154,0.9450391244211147,2.0768229166666665,2.921875,0.55859375,2.75,1.0666467000219593,1.367902062592235,-0.22507195723684212,0.04039573669433594,1.734375,1.734375
20260727-1-Ejp0,123000,20260702-Qeu8-resume3-replay-step123000.safetensors,1785243362,31.213793568616126,0.930713375353865,2.0950520833333335,2.953125,0.58203125,2.75,1.0676329351729457,1.3640973483781886,-0.22589111328125,0.041027069091796875,1.734375,1.734375
20260727-1-Ejp0,124000,20260702-Qeu8-resume3-replay-step124000.safetensors,1785243991,31.172351470362013,0.9244311923716958,2.1119791666666665,2.96875,0.6015625,2.765625,1.0685166942108906,1.3617385661637957,-0.2265528628700658,0.041815757751464844,1.734375,1.734375
20260727-1-Ejp0,125000,20260702-Qeu8-resume3-replay-step125000.safetensors,1785244625,31.184093006952516,0.9109227027632051,2.1341145833333335,3.0,0.62109375,2.78125,1.0692018913668428,1.3608851996887976,-0.22723388671875,0.04294013977050781,1.734375,1.734375
20260727-1-Ejp0,126000,20260702-Qeu8-resume3-replay-step126000.safetensors,1785245269,31.259653449977808,0.881648246137307,2.15625,3.03125,0.640625,2.796875,1.069598721780144,1.3568150939369208,-0.22793739720394737,0.04435078054666519,1.734375,1.734375
20260727-1-Ejp0,127000,20260702-Qeu8-resume3-replay-step127000.safetensors,1785245919,31.39613563072161,0.8816521866677457,2.18359375,3.0625,0.67578125,2.8125,1.0699370563049662,1.3542401504617185,-0.22863448293585525,0.044965505599975586,1.734375,1.734375
20260727-1-Ejp0,128000,20260702-Qeu8-resume3-replay-step128000.safetensors,1785246556,31.432004863854385,0.8889540519202715,2.2122395833333335,3.09375,0.69921875,2.84375,1.0701968599194551,1.3530581614520516,-0.22924162212171054,0.04629158973693848,1.734375,1.734375
20260727-1-Ejp0,129000,20260702-Qeu8-resume3-replay-step129000.safetensors,1785247184,31.446088130861668,0.8859008262544705,2.234375,3.109375,0.71875,2.875,1.0709300367099244,1.3519402886491263,-0.23000616776315788,0.04682445526123047,1.734375,1.734375
20260727-1-Ejp0,130000,20260702-Qeu8-resume3-replay-step130000.safetensors,1785247814,31.431903951182917,0.8855248854631134,2.2565104166666665,3.125,0.75390625,2.890625,1.071857121767235,1.3495783200851865,-0.23070004111842105,0.04677164554595947,1.734375,1.734375
20260727-1-Ejp0,131000,20260702-Qeu8-resume3-replay-step131000.safetensors,1785248460,31.389471706645953,0.8851228409655293,2.2760416666666665,3.140625,0.78125,2.90625,1.0726297176125534,1.3464569507882835,-0.23142603824013158,0.04683339595794678,1.734375,1.734375
20260727-1-Ejp0,132000,20260702-Qeu8-resume3-replay-step132000.safetensors,1785249113,31.431741806397206,0.8582401461351967,2.2981770833333335,3.171875,0.80078125,2.921875,1.0731546250246553,1.3444357473950697,-0.23204281455592105,0.047940969467163086,1.734375,1.734375
20260727-1-Ejp0,133000,20260702-Qeu8-resume3-replay-step133000.safetensors,1785249755,31.48465016388299,0.8542964617591992,2.3151041666666665,3.171875,0.8359375,2.9375,1.0738857809984024,1.343629162506702,-0.2327174136513158,0.04841184616088867,1.734375,1.734375
20260727-1-Ejp0,134000,20260702-Qeu8-resume3-replay-step134000.safetensors,1785250387,31.53186313750296,0.8537582895390224,2.3385416666666665,3.1875,0.859375,2.96875,1.0743613824644842,1.3409128259780045,-0.23352693256578946,0.049282073974609375,1.734375,1.734375
20260727-1-Ejp0,135000,20260702-Qeu8-resume3-replay-step135000.safetensors,1785251020,31.539599510776803,0.8529679032737159,2.3606770833333335,3.21875,0.87890625,2.984375,1.0749937080152472,1.3400232473465543,-0.234130859375,0.05001211166381836,1.734375,1.734375
20260727-1-Ejp0,136000,20260702-Qeu8-resume3-replay-step136000.safetensors,1785251668,31.490355833225642,0.853487923090987,2.3763020833333335,3.234375,0.89453125,3.0,1.0760575526771252,1.3376884198405765,-0.23486970600328946,0.04967784881591797,1.734375,1.734375
20260727-1-Ejp0,137000,20260702-Qeu8-resume3-replay-step137000.safetensors,1785252311,31.542080607083413,0.8324796901869904,2.4010416666666665,3.25,0.921875,3.03125,1.0766137455144824,1.3333177482590637,-0.23561497738486842,0.05122542381286621,1.734375,1.734375
20260727-1-Ejp0,138000,20260702-Qeu8-resume3-replay-step138000.safetensors,1785252968,31.67942479849254,0.8335200978704651,2.43359375,3.296875,0.94140625,3.0625,1.0768885303363382,1.3312390537116654,-0.2362060546875,0.05290722846984863,1.734375,1.734375
20260727-1-Ejp0,139000,20260702-Qeu8-resume3-replay-step139000.safetensors,1785253603,31.65322454553853,0.8452272082775486,2.4557291666666665,3.34375,0.9453125,3.078125,1.0775638148662012,1.3301473476520713,-0.23682925575657895,0.05350315570831299,1.734375,1.734375
20260727-1-Ejp0,140000,20260702-Qeu8-resume3-replay-step140000.safetensors,1785254237,31.799002078173725,0.8327845988593378,2.4856770833333335,3.375,0.97265625,3.109375,1.077796996050374,1.3283193643205955,-0.23774799547697367,0.05659961700439453,1.734375,1.734375
20260727-1-Ejp0,141000,20260702-Qeu8-resume3-replay-step141000.safetensors,1785254869,31.766809841351467,0.8139445656800744,2.4986979166666665,3.390625,0.98046875,3.125,1.0786660916651258,1.325296517791136,-0.23830694901315788,0.05722188949584961,1.734375,1.734375
20260727-1-Ejp0,142000,20260702-Qeu8-resume3-replay-step142000.safetensors,1785255512,31.89298686588881,0.8146063001593078,2.5260416666666665,3.421875,1.0,3.15625,1.0793950656120375,1.3239030674998684,-0.23905864514802633,0.05854678153991699,1.734375,1.734375
20260727-1-Ejp0,143000,20260702-Qeu8-resume3-replay-step143000.safetensors,1785256147,31.967274932294313,0.8314709058324617,2.5572916666666665,3.453125,1.03125,3.1875,1.0799315087891421,1.3191745654968496,-0.23972681949013158,0.06006646156311035,1.734375,1.734375
20260727-1-Ejp0,144000,20260702-Qeu8-resume3-replay-step144000.safetensors,1785256787,31.951196602350134,0.8052928630278955,2.5755208333333335,3.46875,1.0546875,3.203125,1.0808063886745451,1.318222887147908,-0.24050421463815788,0.060072727501392365,1.734375,1.734375
20260727-1-Ejp0,145000,20260702-Qeu8-resume3-replay-step145000.safetensors,1785257435,31.954669085408106,0.809008481942461,2.5963541666666665,3.484375,1.1015625,3.203125,1.081451281866617,1.316085137436942,-0.24114668996710525,0.060211896896362305,1.734375,1.734375
20260727-1-Ejp0,146000,20260702-Qeu8-resume3-replay-step146000.safetensors,1785258076,32.04091949574506,0.8108291801098969,2.625,3.53125,1.125,3.21875,1.0819304245544832,1.3142166084013889,-0.24170564350328946,0.06197762489318848,1.734375,1.734375
20260727-1-Ejp0,147000,20260702-Qeu8-resume3-replay-step147000.safetensors,1785258712,32.047879537807255,0.6984921642238212,2.6380208333333335,3.484375,1.1171875,3.3125,1.0820525419430609,1.3141961333073446,-0.24241236636513158,0.06222176551818848,1.734375,1.734375
20260727-1-Ejp0,148000,20260702-Qeu8-resume3-replay-step148000.safetensors,1785259360,32.27847254869779,0.6541922918888121,2.6640625,3.515625,1.1484375,3.328125,1.082613194660906,1.3142236998715935,-0.2430419921875,0.06514358520507812,1.734375,1.734375
20260727-1-Ejp0,149000,20260702-Qeu8-resume3-replay-step149000.safetensors,1785260016,32.535974560671484,0.6715475772470775,2.6979166666666665,3.546875,1.203125,3.34375,1.0832274961816077,1.3103993659114663,-0.24374229029605263,0.06654047966003418,1.734375,1.734375
20260727-1-Ejp0,150000,20260702-Qeu8-resume3-replay-step150000.safetensors,1785260655,32.66476326276637,0.6726798263830978,2.734375,3.609375,1.234375,3.359375,1.0842270133920457,1.3101176385464086,-0.24444258840460525,0.06859135627746582,1.734375,1.734375
20260727-1-Ejp0,151000,20260702-Qeu8-resume3-replay-step151000.safetensors,1785261285,32.82383639272682,0.6622014664116177,2.7578125,3.578125,1.2421875,3.453125,1.0844206449636897,1.312057805248274,-0.24509791324013158,0.07083916664123535,1.734375,1.734375
20260727-1-Ejp0,152000,20260702-Qeu8-resume3-replay-step152000.safetensors,1785261915,32.9629284463601,0.67211392859394,2.7864583333333335,3.59375,1.265625,3.5,1.0847682956680345,1.3101530542119062,-0.24573396381578946,0.07127189636230469,1.734375,1.734375
20260727-1-Ejp0,153000,20260702-Qeu8-resume3-replay-step153000.safetensors,1785262554,33.031230337485844,0.6635252225335059,2.8098958333333335,3.578125,1.2890625,3.5625,1.0853245413587258,1.306596824065317,-0.24643426192434212,0.0725860595703125,1.734375,1.734375
20260727-1-Ejp0,154000,20260702-Qeu8-resume3-replay-step154000.safetensors,1785263206,33.04340606534916,0.6765156466264124,2.8307291666666665,3.609375,1.3203125,3.5625,1.0861542776383755,1.305422332587977,-0.24710886101973684,0.07261157035827637,1.734375,1.734375
20260727-1-Ejp0,155000,20260702-Qeu8-resume3-replay-step155000.safetensors,1785263848,33.068991075928736,0.6837807391312525,2.8541666666666665,3.65625,1.34375,3.5625,1.0865615576427616,1.3032324281833136,-0.24771278782894737,0.07275962829589844,1.734375,1.734375
20260727-1-Ejp0,156000,20260702-Qeu8-resume3-replay-step156000.safetensors,1785264480,33.05452323160492,0.7437654869805076,2.8776041666666665,3.6875,1.3671875,3.578125,1.0871188217977514,1.3031835693667255,-0.24852230674342105,0.07310938835144043,1.734375,1.734375
20260727-1-Ejp0,157000,20260702-Qeu8-resume3-replay-step157000.safetensors,1785265111,33.10840418724487,0.729226351238696,2.9010416666666665,3.703125,1.390625,3.609375,1.0879171305774813,1.3002120160588437,-0.2492161800986842,0.07416796684265137,1.734375,1.734375
20260727-1-Ejp0,158000,20260702-Qeu8-resume3-replay-step158000.safetensors,1785265747,33.02629965344709,0.7269108907708638,2.9244791666666665,3.75,1.3984375,3.625,1.0886172006879966,1.2974626187022844,-0.24995502672697367,0.07513976097106934,1.734375,1.734375
20260727-1-Ejp0,159000,20260702-Qeu8-resume3-replay-step159000.safetensors,1785266382,33.09656641261372,0.7390760921038306,2.9453125,3.765625,1.4140625,3.65625,1.089333896347004,1.295949215531829,-0.2506874486019737,0.07721471786499023,1.734375,1.734375
20260727-1-Ejp0,160000,20260702-Qeu8-resume3-replay-step160000.safetensors,1785267019,33.012174350028374,0.7330671690704035,2.9609375,3.78125,1.4296875,3.671875,1.0899628450655316,1.2935178932789175,-0.25143271998355265,0.07819986343383789,1.734375,1.734375
20260727-1-Ejp0,161000,20260702-Qeu8-resume3-replay-step161000.safetensors,1785267650,32.98699785342089,0.7232578006241114,2.9791666666666665,3.796875,1.453125,3.6875,1.0908045438544907,1.2923416975859947,-0.2521522923519737,0.07936811447143555,1.734375,1.734375
20260727-1-Ejp0,162000,20260702-Qeu8-resume3-replay-step162000.safetensors,1785268280,33.084860264847585,0.7588589132053563,3.0078125,3.8125,1.4140625,3.796875,1.0912545413133115,1.2924907142327595,-0.25277549342105265,0.08191299438476562,1.734375,1.734375
20260727-1-Ejp0,163000,20260702-Qeu8-resume3-replay-step163000.safetensors,1785268915,33.08885209256168,0.896665537053818,3.0286458333333335,3.84375,1.4140625,3.828125,1.0917300472702098,1.2904760205919341,-0.2534950657894737,0.08168482780456543,1.734375,1.734375
20260727-1-Ejp0,164000,20260702-Qeu8-resume3-replay-step164000.safetensors,1785269549,33.0150397191303,0.8915468763613137,3.046875,3.875,1.4375,3.828125,1.0925985514271155,1.2879001687145424,-0.25432385896381576,0.08231091499328613,1.734375,1.734375
20260727-1-Ejp0,165000,20260702-Qeu8-resume3-replay-step165000.safetensors,1785270184,33.07543406666056,0.8833193056419175,3.0729166666666665,3.890625,1.453125,3.875,1.0932039989056523,1.2853227713273183,-0.2548635382401316,0.08431077003479004,1.734375,1.734375
20260727-1-Ejp0,166000,20260702-Qeu8-resume3-replay-step166000.safetensors,1785270818,33.1552686954947,0.8937885124848458,3.0989583333333335,3.9375,1.453125,3.90625,1.0936885374865153,1.284116578916294,-0.25553171258223684,0.08508968353271484,1.734375,1.734375
20260727-1-Ejp0,167000,20260702-Qeu8-resume3-replay-step167000.safetensors,1785271446,33.18912712548802,0.8863833912602009,3.1276041666666665,3.96875,1.4765625,3.9375,1.0940887077178558,1.2819893876331103,-0.25628983347039475,0.08601593971252441,1.734375,1.734375
20260727-1-Ejp0,168000,20260702-Qeu8-resume3-replay-step168000.safetensors,1785272075,33.34929493501324,0.871055215205141,3.1510416666666665,3.984375,1.515625,3.953125,1.0945373914781749,1.2819988757602274,-0.2569837068256579,0.0883936882019043,1.734375,1.734375
20260727-1-Ejp0,169000,20260702-Qeu8-resume3-replay-step169000.safetensors,1785272703,33.34834170718885,0.871343203484894,3.1901041666666665,4.03125,1.5546875,3.984375,1.0952637186618575,1.2826867712209307,-0.2576711554276316,0.09095883369445801,1.734375,1.734375
20260727-1-Ejp0,170000,20260702-Qeu8-resume3-replay-step170000.safetensors,1785273349,33.32031306550996,0.8907349041774592,3.1979166666666665,4.03125,1.578125,3.984375,1.0957053091462952,1.2779022539877576,-0.2583200555098684,0.09102296829223633,1.734375,1.734375
20260727-1-Ejp0,171000,20260702-Qeu8-resume3-replay-step171000.safetensors,1785273999,33.34888056058961,0.883070378388118,3.2265625,4.0625,1.6171875,4.0,1.0962520430549474,1.2772096340408399,-0.25908460115131576,0.09298157691955566,1.734375,1.734375
20260727-1-Ejp0,172000,20260702-Qeu8-resume3-replay-step172000.safetensors,1785274648,33.34601359865012,0.872252594868252,3.2526041666666665,4.09375,1.6328125,4.03125,1.0970222831461676,1.2749804149711679,-0.2597206517269737,0.09352231025695801,1.734375,1.734375
20260727-1-Ejp0,173000,20260702-Qeu8-resume3-replay-step173000.safetensors,1785275279,33.36493412031979,0.882184540323198,3.2734375,4.09375,1.6640625,4.0625,1.0974802376587967,1.272505900547821,-0.2605044716282895,0.09448742866516113,1.734375,1.734375
20260727-1-Ejp0,174000,20260702-Qeu8-resume3-replay-step174000.safetensors,1785275914,33.365501708923844,0.8815687185738784,3.3020833333333335,4.125,1.6875,4.09375,1.0980272238675421,1.2731873920216898,-0.26105700041118424,0.0962381362915039,1.734375,1.734375
20260727-1-Ejp0,175000,20260702-Qeu8-resume3-replay-step175000.safetensors,1785276553,33.30636488965744,0.8712808721412287,3.3125,4.125,1.71875,4.09375,1.098832596145884,1.2696046089714363,-0.2618151212993421,0.09628033638000488,1.734375,1.734375
20260727-1-Ejp0,176000,20260702-Qeu8-resume3-replay-step176000.safetensors,1785277201,33.339363057631466,0.9113760255508611,3.3463541666666665,4.15625,1.7578125,4.125,1.0996804422150916,1.2681727494643846,-0.2625796669407895,0.0980520248413086,1.734375,1.734375
20260727-1-Ejp0,177000,20260702-Qeu8-resume3-replay-step177000.safetensors,1785277857,33.29142220519897,0.8765962334129974,3.3619791666666665,4.15625,1.7734375,4.15625,1.1004061794693967,1.2683377041564898,-0.26324784128289475,0.0984339714050293,1.734375,1.734375
20260727-1-Ejp0,178000,20260702-Qeu8-resume3-replay-step178000.safetensors,1785278515,33.289272503303565,0.8582516057502672,3.375,4.15625,1.8125,4.15625,1.1006876834877781,1.2662997989589453,-0.2640123869243421,0.09980463981628418,1.734375,1.734375
20260727-1-Ejp0,179000,20260702-Qeu8-resume3-replay-step179000.safetensors,1785279148,33.31410294235766,0.8567805830768673,3.40625,4.1875,1.84375,4.1875,1.1014696363819987,1.262876722331838,-0.2646484375,0.10068392753601074,1.734375,1.734375
20260727-1-Ejp0,180000,20260702-Qeu8-resume3-replay-step180000.safetensors,1785279781,33.28557261980092,0.8606034427631851,3.421875,4.1875,1.890625,4.1875,1.1020965692076519,1.2622371017372795,-0.2653358861019737,0.1017155647277832,1.734375,1.734375
20260727-1-Ejp0,181000,20260702-Qeu8-resume3-replay-step181000.safetensors,1785280431,33.25213993011093,0.8468290280025099,3.4453125,4.21875,1.8984375,4.21875,1.1028519601304572,1.2613676543216261,-0.26604903371710525,0.10244894027709961,1.734375,1.734375
20260727-1-Ejp0,182000,20260702-Qeu8-resume3-replay-step182000.safetensors,1785281090,33.25921152205352,0.8352985646976906,3.46875,4.21875,1.9375,4.25,1.1035709224460883,1.2603785300699522,-0.26669150904605265,0.10414385795593262,1.734375,1.734375
20260727-1-Ejp0,183000,20260702-Qeu8-resume3-replay-step183000.safetensors,1785281734,33.215122873075046,0.8277779336481083,3.4817708333333335,4.25,1.9453125,4.25,1.1048583767970732,1.2621710483067612,-0.26752672697368424,0.10412311553955078,1.734375,1.734375
20260727-1-Ejp0,184000,20260702-Qeu8-resume3-replay-step184000.safetensors,1785282372,33.31413971963541,0.8164364522344228,3.5208333333333335,4.28125,1.96875,4.3125,1.1051007938987494,1.259813286199698,-0.2681820518092105,0.1089625358581543,1.734375,1.734375
20260727-1-Ejp0,185000,20260702-Qeu8-resume3-replay-step185000.safetensors,1785283010,33.279709193547156,0.7993491464527243,3.5416666666666665,4.28125,2.0,4.34375,1.1055570379082496,1.2585996136567044,-0.26885022615131576,0.10961532592773438,1.734375,1.734375
20260727-1-Ejp0,186000,20260702-Qeu8-resume3-replay-step186000.safetensors,1785283644,33.289045957029835,0.8232836101736869,3.5625,4.3125,2.03125,4.34375,1.1065576271047504,1.2564911471482667,-0.26958264802631576,0.11034893989562988,1.734375,1.734375
20260727-1-Ejp0,187000,20260702-Qeu8-resume3-replay-step187000.safetensors,1785284279,33.26645419311693,0.8123643242668133,3.5833333333333335,4.34375,2.03125,4.375,1.1075547325347643,1.25568453603957,-0.27035361842105265,0.1109933853149414,1.734375,1.734375
20260727-1-Ejp0,188000,20260702-Qeu8-resume3-replay-step188000.safetensors,1785284916,33.22677317996915,0.8347836810396868,3.609375,4.375,2.046875,4.40625,1.1084331795444269,1.2550968023545512,-0.27103464226973684,0.11135256290435791,1.734375,1.734375
20260727-1-Ejp0,189000,20260702-Qeu8-resume3-replay-step189000.safetensors,1785285555,33.30976619467539,0.7865302126334154,3.6302083333333335,4.375,2.078125,4.4375,1.109294050266569,1.2528263452404018,-0.27167711759868424,0.11226940155029297,1.734375,1.734375
20260727-1-Ejp0,190000,20260702-Qeu8-resume3-replay-step190000.safetensors,1785286186,33.2646490020909,0.7807371182136764,3.6510416666666665,4.40625,2.109375,4.4375,1.109971884224363,1.250956375646624,-0.27242238898026316,0.11356556415557861,1.734375,1.734375
20260727-1-Ejp0,191000,20260702-Qeu8-resume3-replay-step191000.safetensors,1785286822,33.33416947622158,0.7805862763603275,3.671875,4.4375,2.140625,4.4375,1.110628395788765,1.2500852665223074,-0.2730777138157895,0.11511808633804321,1.734375,1.734375
20260727-1-Ejp0,192000,20260702-Qeu8-resume3-replay-step192000.safetensors,1785287453,33.26113385491469,0.7635430733934334,3.6927083333333335,4.46875,2.171875,4.4375,1.1112850554263118,1.248684560982103,-0.27387438322368424,0.1160820871591568,1.734375,1.734375
20260727-1-Ejp0,193000,20260702-Qeu8-resume3-replay-step193000.safetensors,1785288084,33.29158292334842,0.7964156517062855,3.7135416666666665,4.46875,2.203125,4.46875,1.1120033200707453,1.2486182675154827,-0.2745554070723684,0.11777198314666748,1.734375,1.734375
20260727-1-Ejp0,194000,20260702-Qeu8-resume3-replay-step194000.safetensors,1785288713,33.34679895004919,0.7629009113759737,3.7447916666666665,4.5,2.234375,4.5,1.112571293933314,1.2476224403042466,-0.27510793585526316,0.11882925033569336,1.734375,1.734375
20260727-1-Ejp0,195000,20260702-Qeu8-resume3-replay-step195000.safetensors,1785289348,33.258519645873285,0.7599443544936488,3.765625,4.53125,2.265625,4.5,1.1133303259145706,1.2449184520814973,-0.27587890625,0.12003839015960693,1.734375,1.734375
20260727-1-Ejp0,196000,20260702-Qeu8-resume3-replay-step196000.safetensors,1785289982,33.250441686480684,0.7478465126067653,3.7760416666666665,4.53125,2.296875,4.5,1.113946429794131,1.244323789746435,-0.2767269736842105,0.12085795402526855,1.734375,1.734375
20260727-1-Ejp0,197000,20260702-Qeu8-resume3-replay-step197000.safetensors,1785290615,33.27535680793072,0.7428818974281955,3.796875,4.53125,2.328125,4.53125,1.1145914847721414,1.2414457346936856,-0.27727950246710525,0.12195694446563721,1.734375,1.734375
20260727-1-Ejp0,198000,20260702-Qeu8-resume3-replay-step198000.safetensors,1785291248,33.11076183443736,0.7658460333640604,3.8072916666666665,4.5625,2.328125,4.53125,1.115319789612137,1.2415650461949008,-0.2779990748355263,0.12255322933197021,1.734375,1.734375
20260727-1-Ejp0,199000,20260702-Qeu8-resume3-replay-step199000.safetensors,1785291878,33.076493868536964,0.7444154391992348,3.8385416666666665,4.59375,2.359375,4.5625,1.1160014915998546,1.2411148173575852,-0.2786929481907895,0.12384068965911865,1.734375,1.734375
20260727-1-Ejp0,200000,20260702-Qeu8-resume3-replay-step200000.safetensors,1785292511,33.163818357655074,0.7949442446772009,3.8645833333333335,4.625,2.375,4.59375,1.1164319583847724,1.241658391553981,-0.2793996710526316,0.12611865997314453,1.734375,1.734375
20260727-1-Ejp0,201000,20260702-Qeu8-resume3-replay-step201000.safetensors,1785293148,33.10439486189781,0.7311370915231433,3.890625,4.65625,2.390625,4.625,1.1172274111860712,1.2369246588498788,-0.28020918996710525,0.1262507438659668,1.734375,1.734375
20260727-1-Ejp0,202000,20260702-Qeu8-resume3-replay-step202000.safetensors,1785293778,33.11155079971302,0.7509937218719348,3.9166666666666665,4.65625,2.4375,4.65625,1.1176740441310231,1.2376513087467658,-0.2807488692434211,0.12793421745300293,1.734375,1.734375
20260727-1-Ejp0,203000,20260702-Qeu8-resume3-replay-step203000.safetensors,1785294414,33.05113880749115,0.7557659425967824,3.9270833333333335,4.6875,2.4375,4.65625,1.1187394961203667,1.2359638185546369,-0.281494140625,0.1276458501815796,1.734375,1.734375
20260727-1-Ejp0,204000,20260702-Qeu8-resume3-replay-step204000.safetensors,1785295055,33.165038892327395,0.7400004032380061,3.9583333333333335,4.71875,2.46875,4.6875,1.1190904981950371,1.2361194530612711,-0.2823293585526316,0.13200747966766357,1.734375,1.734375
20260727-1-Ejp0,205000,20260702-Qeu8-resume3-replay-step205000.safetensors,1785295691,33.06934146373151,0.7375918582149624,3.9739583333333335,4.71875,2.484375,4.71875,1.1197138918060459,1.234358796796425,-0.28301038240131576,0.1323796510696411,1.734375,1.734375
20260727-1-Ejp0,206000,20260702-Qeu8-resume3-replay-step206000.safetensors,1785296344,33.14449682627121,0.7311443065330557,4.005208333333333,4.75,2.515625,4.75,1.1200718148175632,1.2323946069379246,-0.2834729646381579,0.13386118412017822,1.734375,1.734375
20260727-1-Ejp0,207000,20260702-Qeu8-resume3-replay-step207000.safetensors,1785296994,33.12792107411982,0.736990193342539,4.020833333333333,4.78125,2.53125,4.75,1.1213441651531668,1.2311657760572041,-0.2844366776315789,0.1338634490966797,1.734375,1.734375
20260727-1-Ejp0,208000,20260702-Qeu8-resume3-replay-step208000.safetensors,1785297626,33.214932059619954,0.8022189231663795,4.041666666666667,4.78125,2.53125,4.8125,1.1215661270183293,1.231401816519215,-0.2851690995065789,0.13829338550567627,1.734375,1.734375
20260727-1-Ejp0,209000,20260702-Qeu8-resume3-replay-step209000.safetensors,1785298262,33.177350194754204,0.7433548740935934,4.067708333333333,4.84375,2.546875,4.8125,1.1227906308684172,1.2286128116368686,-0.2857473273026316,0.13870930671691895,1.734375,1.734375
20260727-1-Ejp0,210000,20260702-Qeu8-resume3-replay-step210000.safetensors,1785298903,33.073210898045396,0.734311548670413,4.078125,4.84375,2.546875,4.84375,1.123819803980275,1.2288192298851823,-0.2865182976973684,0.13923370838165283,1.734375,1.734375
20260727-1-Ejp0,211000,20260702-Qeu8-resume3-replay-step211000.safetensors,1785299549,33.179231891102546,0.7480292602121487,4.109375,4.875,2.578125,4.875,1.124092819398739,1.2288063302351073,-0.2872378700657895,0.1429203748703003,1.734375,1.734375
20260727-1-Ejp0,212000,20260702-Qeu8-resume3-replay-step212000.safetensors,1785300193,33.11165686274426,0.7418615773659111,4.130208333333333,4.90625,2.578125,4.90625,1.124886097534863,1.227621520822574,-0.2879445929276316,0.14372098445892334,1.734375,1.734375
20260727-1-Ejp0,213000,20260702-Qeu8-resume3-replay-step213000.safetensors,1785300822,33.14258337706594,0.7656064007522602,4.161458333333333,4.9375,2.609375,4.9375,1.1255040571383437,1.2265989281957288,-0.2885870682565789,0.14639043807983398,1.734375,1.734375
20260727-1-Ejp0,214000,20260702-Qeu8-resume3-replay-step214000.safetensors,1785301450,33.11228615078438,0.7225489572230595,4.182291666666667,4.9375,2.640625,4.96875,1.1263066673527067,1.224595956609873,-0.28925524259868424,0.14793074131011963,1.734375,1.734375
20260727-1-Ejp0,215000,20260702-Qeu8-resume3-replay-step215000.safetensors,1785302091,33.11164889389467,0.7490624772410731,4.197916666666667,4.9375,2.6875,4.96875,1.1269386032372843,1.2229845392354648,-0.2900262129934211,0.1491413116455078,1.734375,1.734375
20260727-1-Ejp0,216000,20260702-Qeu8-resume3-replay-step216000.safetensors,1785302741,33.111047020358654,0.7199474124528565,4.229166666666667,4.96875,2.71875,5.0,1.1276354755302997,1.2221251871015513,-0.290771484375,0.1494969129562378,1.734375,1.734375
20260727-1-Ejp0,217000,20260702-Qeu8-resume3-replay-step217000.safetensors,1785303376,33.147432995463554,0.7729443272722578,4.25,5.0,2.75,5.0,1.1287731588729193,1.2212581807246803,-0.29143965871710525,0.15016925402233028,1.734375,1.734375
20260727-1-Ejp0,218000,20260702-Qeu8-resume3-replay-step218000.safetensors,1785304004,33.06268288705007,0.7654149635331327,4.270833333333333,5.0,2.78125,5.03125,1.1297086360389434,1.2204483595633477,-0.2920949835526316,0.15063779056072235,1.734375,1.734375
20260727-1-Ejp0,219000,20260702-Qeu8-resume3-replay-step219000.safetensors,1785304632,33.1446867819984,0.7398241219123189,4.302083333333333,5.03125,2.8125,5.0625,1.1300653357399888,1.2203861704440933,-0.29293020148026316,0.15519201755523682,1.734375,1.734375
20260727-1-Ejp0,220000,20260702-Qeu8-resume3-replay-step220000.safetensors,1785305263,33.119177344176215,0.757891939000394,4.307291666666667,5.03125,2.828125,5.0625,1.1308953600950336,1.2204597034300209,-0.2935726768092105,0.1553075909614563,1.734375,1.734375
20260727-1-Ejp0,221000,20260702-Qeu8-resume3-replay-step221000.safetensors,1785305908,33.135720938578345,0.7565385458983764,4.34375,5.0625,2.875,5.09375,1.1314548756472367,1.2190116727856908,-0.294189453125,0.15710071474313736,1.734375,1.734375
20260727-1-Ejp0,222000,20260702-Qeu8-resume3-replay-step222000.safetensors,1785306553,33.12813243185754,0.765597374489965,4.359375,5.0625,2.890625,5.125,1.1324318355268008,1.2173840575263633,-0.29497327302631576,0.15789932012557983,1.734375,1.734375
20260727-1-Ejp0,223000,20260702-Qeu8-resume3-replay-step223000.safetensors,1785307184,33.20032392001645,0.7482666113341777,4.385416666666667,5.09375,2.9375,5.125,1.1326800422105991,1.2175271541024422,-0.2956285978618421,0.1600133180618286,1.734375,1.734375
20260727-1-Ejp0,224000,20260702-Qeu8-resume3-replay-step224000.safetensors,1785307812,33.14960768907862,0.7791306649688129,4.411458333333333,5.125,2.953125,5.15625,1.1337851641909449,1.2174348628549545,-0.2963096217105263,0.16042029857635498,1.734375,1.734375
20260727-1-Ejp0,225000,20260702-Qeu8-resume3-replay-step225000.safetensors,1785308440,33.18497729128673,0.7418434632337133,4.4375,5.125,3.0,5.1875,1.1343074700150477,1.2166111067406964,-0.2970034950657895,0.16348552703857422,1.734375,1.734375
20260727-1-Ejp0,226000,20260702-Qeu8-resume3-replay-step226000.safetensors,1785309068,33.16780086325524,0.7506224563011229,4.447916666666667,5.15625,3.0,5.1875,1.135622643043677,1.2156932806226535,-0.2976331208881579,0.16393494606018066,1.734375,1.734375
20260727-1-Ejp0,227000,20260702-Qeu8-resume3-replay-step227000.safetensors,1785309696,33.26955205083877,0.7769330317785692,4.479166666666667,5.1875,3.03125,5.21875,1.1359214927666206,1.2148863602172009,-0.2984554893092105,0.16915681213140488,1.734375,1.734375
20260727-1-Ejp0,228000,20260702-Qeu8-resume3-replay-step228000.safetensors,1785310323,33.29634590220571,0.7358554387168043,4.505208333333333,5.21875,3.046875,5.25,1.1369520027027475,1.215891378938459,-0.2990594161184211,0.1684805154800415,1.734375,1.734375
20260727-1-Ejp0,229000,20260702-Qeu8-resume3-replay-step229000.safetensors,1785310951,33.16356978496033,0.7752760049038215,4.53125,5.25,3.0625,5.28125,1.1383945992739988,1.2128297695759107,-0.2998303865131579,0.17046988010406494,1.734375,1.734375
20260727-1-Ejp0,230000,20260702-Qeu8-resume3-replay-step230000.safetensors,1785311580,33.156917345309395,0.7417809564335353,4.536458333333333,5.25,3.078125,5.28125,1.1395154472679223,1.211890105585602,-0.30057565789473684,0.1710367202758789,1.734375,1.734375
20260727-1-Ejp0,231000,20260702-Qeu8-resume3-replay-step231000.safetensors,1785312208,33.127516744013874,0.7749152924139118,4.567708333333333,5.28125,3.109375,5.3125,1.140142508052695,1.2099994135710233,-0.30132092927631576,0.172507643699646,1.734375,1.734375
20260727-1-Ejp0,232000,20260702-Qeu8-resume3-replay-step232000.safetensors,1785312845,33.159857551380156,0.7299766487268289,4.588541666666667,5.28125,3.140625,5.34375,1.1410963367164761,1.2077856451669753,-0.3020276521381579,0.17294299602508545,1.734375,1.734375
20260727-1-Ejp0,233000,20260702-Qeu8-resume3-replay-step233000.safetensors,1785313489,33.14252629231336,0.7370132510440509,4.604166666666667,5.3125,3.15625,5.34375,1.142492268658316,1.2071177065564402,-0.30264442845394735,0.1741389036178589,1.734375,1.734375
20260727-1-Ejp0,234000,20260702-Qeu8-resume3-replay-step234000.safetensors,1785314126,33.213810894203256,0.71706517161212,4.635416666666667,5.34375,3.1875,5.375,1.1430364767261179,1.205592235441196,-0.3033896998355263,0.17613530158996582,1.734375,1.734375
20260727-1-Ejp0,235000,20260702-Qeu8-resume3-replay-step235000.safetensors,1785314755,33.152306762156904,0.732952177886242,4.640625,5.34375,3.203125,5.375,1.1443868200496914,1.2073857898228821,-0.3042120682565789,0.17665815353393555,1.734375,1.734375
20260727-1-Ejp0,236000,20260702-Qeu8-resume3-replay-step236000.safetensors,1785315383,33.301124625309846,0.7185217160383391,4.677083333333333,5.40625,3.21875,5.40625,1.1445071352020884,1.2055896743276335,-0.30475174753289475,0.18028414249420166,1.734375,1.734375
20260727-1-Ejp0,237000,20260702-Qeu8-resume3-replay-step237000.safetensors,1785316012,33.16771019764644,0.7330102166757507,4.697916666666667,5.40625,3.25,5.4375,1.1459091256772287,1.2037815423017486,-0.305419921875,0.18059372901916504,1.734375,1.734375
20260727-1-Ejp0,238000,20260702-Qeu8-resume3-replay-step238000.safetensors,1785316649,33.181156290525436,0.7234394326668058,4.71875,5.4375,3.28125,5.4375,1.1473210197702437,1.203296090918422,-0.30620374177631576,0.1816767454147339,1.734375,1.734375
20260727-1-Ejp0,239000,20260702-Qeu8-resume3-replay-step239000.safetensors,1785317287,33.11164501732092,0.7274661370651,4.739583333333333,5.4375,3.3125,5.46875,1.148644172966763,1.2040353285864476,-0.3069104646381579,0.18223035335540771,1.734375,1.734375
20260727-1-Ejp0,240000,20260702-Qeu8-resume3-replay-step240000.safetensors,1785317922,33.11164441763729,0.7195839336210282,4.755208333333333,5.46875,3.328125,5.46875,1.1496368292233148,1.2043725682653683,-0.3076428865131579,0.18397843837738037,1.734375,1.734375
20260727-1-Ejp0,241000,20260702-Qeu8-resume3-replay-step241000.safetensors,1785318556,33.151575277732235,0.7120978957918215,4.776041666666667,5.46875,3.359375,5.5,1.1500950761151596,1.2008942765393777,-0.3083367598684211,0.184778094291687,1.734375,1.734375
20260727-1-Ejp0,242000,20260702-Qeu8-resume3-replay-step242000.safetensors,1785319186,33.14560812584046,0.7172799296416249,4.802083333333333,5.5,3.40625,5.5,1.1513873574456126,1.199419340461217,-0.30904348273026316,0.18544483184814453,1.734375,1.734375
20260727-1-Ejp0,243000,20260702-Qeu8-resume3-replay-step243000.safetensors,1785319818,33.01097075347969,0.7328766327979733,4.807291666666667,5.5,3.390625,5.53125,1.1524438294161772,1.2004383126192697,-0.30985300164473684,0.18639636039733887,1.734375,1.734375
20260727-1-Ejp0,244000,20260702-Qeu8-resume3-replay-step244000.safetensors,1785320470,32.98866776669515,0.7426152067285439,4.838541666666667,5.53125,3.421875,5.5625,1.1534678429225262,1.197924393327141,-0.31039268092105265,0.1868753433227539,1.734375,1.734375
20260727-1-Ejp0,245000,20260702-Qeu8-resume3-replay-step245000.safetensors,1785321116,32.91892373466268,0.7224620334905631,4.848958333333333,5.53125,3.453125,5.5625,1.1548882326248506,1.1963817378900075,-0.31118935032894735,0.18778085708618164,1.734375,1.734375
20260727-1-Ejp0,246000,20260702-Qeu8-resume3-replay-step246000.safetensors,1785321749,32.974687888582636,0.7336978935798555,4.885416666666667,5.59375,3.46875,5.59375,1.1555537007586065,1.1960108009507373,-0.31183182565789475,0.18995451927185059,1.734375,1.734375
20260727-1-Ejp0,247000,20260702-Qeu8-resume3-replay-step247000.safetensors,1785322377,32.95236774240901,0.7157684918847788,4.901041666666667,5.59375,3.484375,5.625,1.1566702587621966,1.1938086179073415,-0.31256424753289475,0.1903679370880127,1.734375,1.734375
20260727-1-Ejp0,248000,20260702-Qeu8-resume3-replay-step248000.safetensors,1785323008,32.93850229895191,0.7141383572797686,4.927083333333333,5.625,3.5,5.65625,1.1579596690898726,1.1933998491384459,-0.31332236842105265,0.19112861156463623,1.734375,1.734375
20260727-1-Ejp0,249000,20260702-Qeu8-resume3-replay-step249000.safetensors,1785323648,33.02734044856021,0.7002689090361658,4.953125,5.65625,3.515625,5.6875,1.1585613435229631,1.1932418431326888,-0.31400339226973684,0.19501447677612305,1.734375,1.734375
20260727-1-Ejp0,250000,20260702-Qeu8-resume3-replay-step250000.safetensors,1785324294,32.927963595143794,0.7053913059594383,4.963541666666667,5.65625,3.546875,5.6875,1.1600095390049396,1.1908470514767724,-0.3147101151315789,0.1957700252532959,1.734375,1.734375
20260727-1-Ejp0,251000,20260702-Qeu8-resume3-replay-step251000.safetensors,1785324948,32.891927787996046,0.7055413505011353,4.989583333333333,5.6875,3.5625,5.71875,1.1613274398076576,1.1925851832856997,-0.31539113898026316,0.19695281982421875,1.734375,1.734375
20260727-1-Ejp0,252000,20260702-Qeu8-resume3-replay-step252000.safetensors,1785325590,32.80552023146624,0.7237730051544009,5.0,5.71875,3.5625,5.71875,1.1628529710859885,1.1903565301702206,-0.31611071134868424,0.1969238519668579,1.734375,1.734375
20260727-1-Ejp0,253000,20260702-Qeu8-resume3-replay-step253000.safetensors,1785326220,32.816114817484674,0.7498240497890243,5.03125,5.75,3.59375,5.75,1.1639384892845983,1.1908433430727556,-0.31680458470394735,0.1994534730911255,1.734375,1.734375
20260727-1-Ejp0,254000,20260702-Qeu8-resume3-replay-step254000.safetensors,1785326857,32.92231271293395,0.6982545603235375,5.052083333333333,5.75,3.625,5.78125,1.1643286563091961,1.1882730785400293,-0.31744706003289475,0.2017366886138916,1.734375,1.734375
20260727-1-Ejp0,255000,20260702-Qeu8-resume3-replay-step255000.safetensors,1785327499,32.888565564401375,0.7219770378663474,5.067708333333333,5.78125,3.640625,5.78125,1.1657279479363574,1.1871733839069862,-0.31815378289473684,0.20202410221099854,1.734375,1.734375
20260727-1-Ejp0,256000,20260702-Qeu8-resume3-replay-step256000.safetensors,1785328134,32.931975171489526,0.7077523397890114,5.098958333333333,5.8125,3.671875,5.8125,1.166287059275128,1.1873516914578366,-0.3188733552631579,0.20348775386810303,1.734375,1.734375
20260727-1-Ejp0,257000,20260702-Qeu8-resume3-replay-step257000.safetensors,1785328785,32.91149289313602,0.7311991391227105,5.114583333333333,5.8125,3.6875,5.84375,1.1679474581363087,1.1850438210669858,-0.31967002467105265,0.20400655269622803,1.734375,1.734375
20260727-1-Ejp0,258000,20260702-Qeu8-resume3-replay-step258000.safetensors,1785329441,32.9637243586001,0.7652130396495361,5.140625,5.84375,3.703125,5.875,1.1688671919126277,1.1856475157184732,-0.32024825246710525,0.20607388019561768,1.734375,1.734375
20260727-1-Ejp0,259000,20260702-Qeu8-resume3-replay-step259000.safetensors,1785330084,32.99050806979498,0.731049920000829,5.166666666666667,5.875,3.71875,5.90625,1.1695575668484302,1.1848147415646402,-0.3209678248355263,0.20735538005828857,1.734375,1.734375
20260727-1-Ejp0,260000,20260702-Qeu8-resume3-replay-step260000.safetensors,1785330725,32.91764758760985,0.7055818918766571,5.182291666666667,5.875,3.734375,5.9375,1.1712811784042418,1.1843230595868715,-0.32177734375,0.2086580991744995,1.734375,1.734375
20260727-1-Ejp0,261000,20260702-Qeu8-resume3-replay-step261000.safetensors,1785331381,32.85275843653659,0.7012274550980663,5.203125,5.90625,3.734375,5.96875,1.1726546800663673,1.183766600159788,-0.3222784745065789,0.20960044860839844,1.734375,1.734375
20260727-1-Ejp0,262000,20260702-Qeu8-resume3-replay-step262000.safetensors,1785332038,32.99045670919297,0.6935326818871425,5.244791666666667,5.96875,3.765625,6.0,1.1735640214455771,1.1815051142267414,-0.3232164884868421,0.21207213401794434,1.734375,1.734375
20260727-1-Ejp0,263000,20260702-Qeu8-resume3-replay-step263000.safetensors,1785332688,33.01911095297559,0.7324227169349913,5.255208333333333,5.96875,3.796875,6.0,1.1745096529359655,1.1813234665954702,-0.32376901726973684,0.21284174919128418,1.734375,1.734375
20260727-1-Ejp0,264000,20260702-Qeu8-resume3-replay-step264000.safetensors,1785333324,33.136679657479675,0.7106235328401801,5.286458333333333,6.0,3.828125,6.03125,1.175156004705669,1.180084751556991,-0.3244371916118421,0.214028000831604,1.734375,1.734375
20260727-1-Ejp0,265000,20260702-Qeu8-resume3-replay-step265000.safetensors,1785333965,33.11314680018053,0.7143001300766941,5.307291666666667,6.03125,3.828125,6.0625,1.1765141877446545,1.1791207713081076,-0.32510536595394735,0.2177964448928833,1.734375,1.734375
20260727-1-Ejp0,266000,20260702-Qeu8-resume3-replay-step266000.safetensors,1785334626,33.00568317353434,0.715244517832765,5.333333333333333,6.0625,3.84375,6.09375,1.1780859165577215,1.1780855030041775,-0.32574784128289475,0.21883821487426758,1.734375,1.734375
20260727-1-Ejp0,267000,20260702-Qeu8-resume3-replay-step267000.safetensors,1785335287,33.01927751573489,0.7573005128978106,5.34375,6.0625,3.875,6.09375,1.1790807346127266,1.1773714376393265,-0.32660875822368424,0.21978092193603516,1.734375,1.734375
20260727-1-Ejp0,268000,20260702-Qeu8-resume3-replay-step268000.safetensors,1785335939,32.93360112172674,0.712611835682349,5.369791666666667,6.09375,3.890625,6.125,1.1805338599171915,1.1776330007617233,-0.32723838404605265,0.21961545944213867,1.734375,1.734375
20260727-1-Ejp0,269000,20260702-Qeu8-resume3-replay-step269000.safetensors,1785336586,32.85763246550512,0.7113565543304293,5.375,6.09375,3.90625,6.125,1.1821144957388243,1.1759776003267315,-0.3279579564144737,0.2199559211730957,1.734375,1.734375
20260727-1-Ejp0,270000,20260702-Qeu8-resume3-replay-step270000.safetensors,1785337222,32.79787738237148,0.716805579955806,5.395833333333333,6.125,3.90625,6.15625,1.183466557695963,1.174610712769328,-0.32865182976973684,0.22128772735595703,1.734375,1.734375
20260727-1-Ejp0,271000,20260702-Qeu8-resume3-replay-step271000.safetensors,1785337861,32.763700225046556,0.7057054252580175,5.416666666666667,6.125,3.9375,6.1875,1.184954906798149,1.1741584062907688,-0.3293328536184211,0.22248566150665283,1.734375,1.734375
20260727-1-Ejp0,272000,20260702-Qeu8-resume3-replay-step272000.safetensors,1785338499,32.70718662061339,0.70706428330179,5.442708333333333,6.15625,3.953125,6.21875,1.186232260789946,1.1737871530737998,-0.33011667351973684,0.22461378574371338,1.734375,1.734375
20260727-1-Ejp0,273000,20260702-Qeu8-resume3-replay-step273000.safetensors,1785339131,32.65121673743934,0.7086496563749268,5.458333333333333,6.1875,3.96875,6.21875,1.1881400553982642,1.1719150486075003,-0.33084909539473684,0.22534382343292236,1.734375,1.734375
20260727-1-Ejp0,274000,20260702-Qeu8-resume3-replay-step274000.safetensors,1785339771,32.569674303207606,0.70260045013418,5.473958333333333,6.1875,3.984375,6.25,1.1900494412140257,1.1713153630884632,-0.3314273231907895,0.22553539276123047,1.734375,1.734375
20260727-1-Ejp0,275000,20260702-Qeu8-resume3-replay-step275000.safetensors,1785340407,32.543363327409644,0.7197097577882998,5.5,6.21875,4.03125,6.25,1.1913536487563081,1.1718880856682872,-0.3323524876644737,0.22825872898101807,1.734375,1.734375
20260727-1-Ejp0,276000,20260702-Qeu8-resume3-replay-step276000.safetensors,1785341044,32.51552933026193,0.704026902949123,5.510416666666667,6.21875,4.03125,6.28125,1.1932359759412408,1.1713493428145483,-0.33307206003289475,0.22850096225738525,1.734375,1.734375
20260727-1-Ejp0,277000,20260702-Qeu8-resume3-replay-step277000.safetensors,1785341682,32.418864316260034,0.722971208487504,5.520833333333333,6.25,4.03125,6.28125,1.194944267230535,1.1693379571274691,-0.3336631373355263,0.23045217990875244,1.734375,1.734375
20260727-1-Ejp0,278000,20260702-Qeu8-resume3-replay-step278000.safetensors,1785342319,32.35016375237833,0.690798498615163,5.552083333333333,6.28125,4.0625,6.3125,1.1963526055949656,1.1727529801966234,-0.33431846217105265,0.23153936862945557,1.734375,1.734375
20260727-1-Ejp0,279000,20260702-Qeu8-resume3-replay-step279000.safetensors,1785342954,32.32943212954828,0.7045220652647193,5.5625,6.28125,4.0625,6.34375,1.1979271253141452,1.1704382225666288,-0.33511513157894735,0.23140811920166016,1.734375,1.734375
20260727-1-Ejp0,280000,20260702-Qeu8-resume3-replay-step280000.safetensors,1785343596,32.33925996189216,0.6955520549470757,5.583333333333333,6.28125,4.09375,6.375,1.1993464481992917,1.1720977345384807,-0.33587325246710525,0.23274338245391846,1.734375,1.734375
20260727-1-Ejp0,281000,20260702-Qeu8-resume3-replay-step281000.safetensors,1785344232,32.30969151908862,0.693608150353773,5.604166666666667,6.3125,4.125,6.375,1.2006332702272295,1.1683723903518817,-0.3365671258223684,0.23454666137695312,1.734375,1.734375
20260727-1-Ejp0,282000,20260702-Qeu8-resume3-replay-step282000.safetensors,1785344868,32.26753352970249,0.7025987291990197,5.625,6.3125,4.15625,6.40625,1.20247441191572,1.168923365301744,-0.33722245065789475,0.2343144416809082,1.734375,1.734375
20260727-1-Ejp0,283000,20260702-Qeu8-resume3-replay-step283000.safetensors,1785345503,32.222068935245,0.7100691181669162,5.645833333333333,6.34375,4.1875,6.40625,1.2038311980405967,1.1691420229509513,-0.337890625,0.23569154739379883,1.734375,1.734375
20260727-1-Ejp0,284000,20260702-Qeu8-resume3-replay-step284000.safetensors,1785346137,32.295417849890036,0.7036236427637611,5.666666666666667,6.375,4.1875,6.4375,1.2048568207458275,1.1698221780925302,-0.3386101973684211,0.23678302764892578,1.734375,1.734375
20260727-1-Ejp0,285000,20260702-Qeu8-resume3-replay-step285000.safetensors,1785346774,32.194882568548316,0.7227639323927967,5.6875,6.375,4.21875,6.46875,1.206897625848346,1.1673092594536287,-0.33930407072368424,0.23825252056121826,1.734375,1.734375
20260727-1-Ejp0,286000,20260702-Qeu8-resume3-replay-step286000.safetensors,1785347420,32.15453705921522,0.7111889730657078,5.697916666666667,6.40625,4.21875,6.46875,1.2089189476793738,1.1672467932691664,-0.3401007401315789,0.23906362056732178,1.734375,1.734375
20260727-1-Ejp0,287000,20260702-Qeu8-resume3-replay-step287000.safetensors,1785348061,32.15645358524689,0.7071679497889538,5.71875,6.4375,4.21875,6.5,1.2106206609679782,1.1684364279197947,-0.3407175164473684,0.24057602882385254,1.734375,1.734375
20260727-1-Ejp0,288000,20260702-Qeu8-resume3-replay-step288000.safetensors,1785348695,32.13044640772272,0.7086992758747779,5.75,6.46875,4.25,6.53125,1.2123134133239415,1.1681704012019694,-0.3414370888157895,0.2417391538619995,1.734375,1.734375
20260727-1-Ejp0,289000,20260702-Qeu8-resume3-replay-step289000.safetensors,1785349333,32.1586117120447,0.6811797458485758,5.78125,6.5,4.28125,6.5625,1.2130765816464917,1.1681831205549942,-0.34213096217105265,0.24316680431365967,1.734375,1.734375
20260727-1-Ejp0,290000,20260702-Qeu8-resume3-replay-step290000.safetensors,1785349973,32.12792525645564,0.6921516854708121,5.78125,6.5,4.28125,6.5625,1.2146903484534202,1.1654189002737743,-0.3427734375,0.24362170696258545,1.734375,1.734375
20260727-1-Ejp0,291000,20260702-Qeu8-resume3-replay-step291000.safetensors,1785350617,32.163509232351636,0.6843346933569757,5.8125,6.53125,4.3125,6.59375,1.2160968549589182,1.1661686687837958,-0.34341591282894735,0.24603509902954102,1.734375,1.734375
20260727-1-Ejp0,292000,20260702-Qeu8-resume3-replay-step292000.safetensors,1785351260,32.154035936652285,0.6848350714566195,5.84375,6.5625,4.34375,6.625,1.2175438501823606,1.1660132027551322,-0.3442125822368421,0.24691534042358398,1.734375,1.734375
20260727-1-Ejp0,293000,20260702-Qeu8-resume3-replay-step293000.safetensors,1785351900,32.129274763996726,0.6783782679482653,5.84375,6.5625,4.34375,6.625,1.2192627510615865,1.1651768504970013,-0.34493215460526316,0.24718093872070312,1.734375,1.734375
20260727-1-Ejp0,294000,20260702-Qeu8-resume3-replay-step294000.safetensors,1785352541,32.065900314524434,0.6897103939347144,5.875,6.59375,4.375,6.65625,1.2209232887899617,1.1659633899083328,-0.34554893092105265,0.25002753734588623,1.734375,1.734375
20260727-1-Ejp0,295000,20260702-Qeu8-resume3-replay-step295000.safetensors,1785353176,32.088726393014085,0.6821941149570111,5.895833333333333,6.625,4.40625,6.65625,1.2221159679202167,1.1647436708724825,-0.3462171052631579,0.25099074840545654,1.734375,1.734375
20260727-1-Ejp0,296000,20260702-Qeu8-resume3-replay-step296000.safetensors,1785353815,32.13306778206795,0.6640060234489963,5.916666666666667,6.65625,4.40625,6.6875,1.2234498208687,1.1643032161236702,-0.3469366776315789,0.2525829076766968,1.734375,1.734375
20260727-1-Ejp0,297000,20260702-Qeu8-resume3-replay-step297000.safetensors,1785354456,32.08408006739125,0.6768839840976846,5.947916666666667,6.6875,4.4375,6.71875,1.2252574693420193,1.162699334317805,-0.34765625,0.2536959648132324,1.734375,1.734375
20260727-1-Ejp0,298000,20260702-Qeu8-resume3-replay-step298000.safetensors,1785355091,31.991472832912574,0.6668589280251441,5.947916666666667,6.6875,4.4375,6.71875,1.2279994170478008,1.1637646153814578,-0.34847861842105265,0.2532879114151001,1.734375,1.734375
20260727-1-Ejp0,299000,20260702-Qeu8-resume3-replay-step299000.safetensors,1785355730,31.987570867712922,0.6849960269886496,5.979166666666667,6.71875,4.46875,6.75,1.229401301647359,1.1650192345191046,-0.3491467927631579,0.25668632984161377,1.734375,1.734375
20260727-1-Ejp0,300000,20260702-Qeu8-resume3-replay-step300000.safetensors,1785356373,31.956013411846282,0.6808035882604334,6.0,6.75,4.46875,6.78125,1.2312420821885475,1.165020942333356,-0.34989206414473684,0.2592822313308716,1.734375,1.734375
20260727-1-Ejp0,301000,20260702-Qeu8-resume3-replay-step301000.safetensors,1785357020,31.921896779166396,0.7101472874724263,6.010416666666667,6.75,4.46875,6.8125,1.2331926362860506,1.1640699529767389,-0.35053453947368424,0.2607816457748413,1.734375,1.734375
20260727-1-Ejp0,302000,20260702-Qeu8-resume3-replay-step302000.safetensors,1785357665,31.846765950952566,0.6793330729038891,6.041666666666667,6.78125,4.5,6.84375,1.2349513933012524,1.1635618672322559,-0.35125411184210525,0.2622021436691284,1.734375,1.734375
20260727-1-Ejp0,303000,20260702-Qeu8-resume3-replay-step303000.safetensors,1785358319,31.77835031469341,0.6769503784010182,6.052083333333333,6.8125,4.5,6.84375,1.2370416002764555,1.1635813841882223,-0.35205078125,0.26339101791381836,1.734375,1.734375
20260727-1-Ejp0,304000,20260702-Qeu8-resume3-replay-step304000.safetensors,1785358984,31.842332278811845,0.6592015924139225,6.072916666666667,6.8125,4.53125,6.875,1.2385047986154991,1.1621507515304632,-0.3525647615131579,0.2660027742385864,1.734375,1.734375
20260727-1-Ejp0,305000,20260702-Qeu8-resume3-replay-step305000.safetensors,1785359640,31.805071221255297,0.6675160717893867,6.09375,6.84375,4.5625,6.875,1.2400723743622806,1.1626267231001726,-0.3534385279605263,0.26706087589263916,1.734375,1.734375
20260727-1-Ejp0,306000,20260702-Qeu8-resume3-replay-step306000.safetensors,1785360304,31.83554657702976,0.7449054151405746,6.125,6.875,4.59375,6.90625,1.2414205588623242,1.1643153728124358,-0.35420949835526316,0.2678335905075073,1.734375,1.734375
20260727-1-Ejp0,307000,20260702-Qeu8-resume3-replay-step307000.safetensors,1785360957,31.82227893433418,0.7028231473485647,6.135416666666667,6.875,4.625,6.90625,1.243111429474017,1.1618338192956243,-0.35469777960526316,0.2691385746002197,1.734375,1.734375
20260727-1-Ejp0,308000,20260702-Qeu8-resume3-replay-step308000.safetensors,1785361613,31.820671151165573,0.6832709862498146,6.15625,6.90625,4.625,6.9375,1.2445471717812233,1.162433900852053,-0.35541735197368424,0.27228736877441406,1.734375,1.734375
20260727-1-Ejp0,309000,20260702-Qeu8-resume3-replay-step309000.safetensors,1785362265,31.795971419394007,0.6802777038579675,6.166666666666667,6.90625,4.65625,6.9375,1.2462958061281246,1.1634818100042768,-0.35611122532894735,0.2724173069000244,1.734375,1.734375
20260727-1-Ejp0,310000,20260702-Qeu8-resume3-replay-step310000.safetensors,1785362911,31.775262279393882,0.681732810119467,6.1875,6.9375,4.65625,6.96875,1.2479582859684433,1.16255146944546,-0.3569078947368421,0.2750864624977112,1.734375,1.734375
20260727-1-Ejp0,311000,20260702-Qeu8-resume3-replay-step311000.safetensors,1785363558,31.714079884326225,0.6881318823250496,6.208333333333333,6.96875,4.6875,6.96875,1.2495842486589361,1.1645197175148416,-0.3575503700657895,0.2762782573699951,1.734375,1.734375
20260727-1-Ejp0,312000,20260702-Qeu8-resume3-replay-step312000.safetensors,1785364203,31.763494493077893,0.6672966281278165,6.239583333333333,7.0,4.71875,7.0,1.2510047752551916,1.1641196360134174,-0.35824424342105265,0.276896595954895,1.734375,1.734375
20260727-1-Ejp0,313000,20260702-Qeu8-resume3-replay-step313000.safetensors,1785364849,31.737643390364184,0.6801685219189877,6.260416666666667,7.0,4.75,7.03125,1.252849706966851,1.1646764015585938,-0.35893811677631576,0.27761662006378174,1.734375,1.734375
20260727-1-Ejp0,314000,20260702-Qeu8-resume3-replay-step314000.safetensors,1785365498,31.712414570404714,0.6832679143632949,6.270833333333333,7.03125,4.75,7.03125,1.254369313026944,1.162702392174447,-0.3596062911184211,0.2787400484085083,1.734375,1.734375
20260727-1-Ejp0,315000,20260702-Qeu8-resume3-replay-step315000.safetensors,1785366149,31.720755707196474,0.6971342750598785,6.302083333333333,7.0625,4.78125,7.0625,1.2560960999785593,1.1615447032939137,-0.3603515625,0.278727650642395,1.734375,1.734375
20260727-1-Ejp0,316000,20260702-Qeu8-resume3-replay-step316000.safetensors,1785366797,31.64087692839669,0.6666295156414966,6.322916666666667,7.0625,4.8125,7.09375,1.2583025526090499,1.1625416257888745,-0.3609683388157895,0.2804722785949707,1.734375,1.734375
20260727-1-Ejp0,317000,20260702-Qeu8-resume3-replay-step317000.safetensors,1785367443,31.616126944529835,0.6720976254567306,6.34375,7.0625,4.84375,7.125,1.2598504884971373,1.1624146401237956,-0.36181640625,0.2846872806549072,1.734375,1.734375
20260727-1-Ejp0,318000,20260702-Qeu8-resume3-replay-step318000.safetensors,1785368089,31.544375768592694,0.6894040377596582,6.354166666666667,7.09375,4.84375,7.125,1.2621599757816115,1.161550938993953,-0.36248458059210525,0.28536927700042725,1.734375,1.734375
20260727-1-Ejp0,319000,20260702-Qeu8-resume3-replay-step319000.safetensors,1785368738,31.49359068973096,0.6487958077037914,6.364583333333333,7.09375,4.875,7.125,1.2643540844840675,1.1610101639797232,-0.36312705592105265,0.2849365472793579,1.734375,1.734375
20260727-1-Ejp0,320000,20260702-Qeu8-resume3-replay-step320000.safetensors,1785369383,31.4810952970296,0.7149511877951921,6.395833333333333,7.125,4.90625,7.15625,1.2666245127095173,1.1609072710689112,-0.3638980263157895,0.2869359254837036,1.734375,1.734375
20260727-1-Ejp0,321000,20260702-Qeu8-resume3-replay-step321000.safetensors,1785370027,31.469088557280767,0.6907075086780101,6.416666666666667,7.125,4.9375,7.1875,1.2682843610288013,1.161653990744946,-0.3646689967105263,0.2872917652130127,1.734375,1.734375
20260727-1-Ejp0,322000,20260702-Qeu8-resume3-replay-step322000.safetensors,1785370671,31.42708486897809,0.6816993103816417,6.4375,7.15625,4.9375,7.21875,1.2700485026586177,1.161292913531407,-0.365234375,0.2898465394973755,1.734375,1.734375
20260727-1-Ejp0,323000,20260702-Qeu8-resume3-replay-step323000.safetensors,1785371313,31.43161929910941,0.6974841215657624,6.458333333333333,7.1875,4.9375,7.25,1.272094874265647,1.1605460746916019,-0.3660824424342105,0.2906428575515747,1.734375,1.734375
20260727-1-Ejp0,324000,20260702-Qeu8-resume3-replay-step324000.safetensors,1785371956,31.440019233317905,0.6603168450975423,6.46875,7.1875,4.9375,7.28125,1.2739108079803505,1.159803579066235,-0.3667249177631579,0.29121172428131104,1.734375,1.734375
20260727-1-Ejp0,325000,20260702-Qeu8-resume3-replay-step325000.safetensors,1785372605,31.39233780914277,0.6553438694462043,6.489583333333333,7.21875,4.96875,7.28125,1.276135341064778,1.1621207840172947,-0.3674444901315789,0.29204750061035156,1.734375,1.734375
20260727-1-Ejp0,326000,20260702-Qeu8-resume3-replay-step326000.safetensors,1785373248,31.35274148908643,0.6740009471017674,6.510416666666667,7.25,4.96875,7.3125,1.2777168273828126,1.1607168792009699,-0.3680355674342105,0.29308557510375977,1.734375,1.734375
20260727-1-Ejp0,327000,20260702-Qeu8-resume3-replay-step327000.safetensors,1785373889,31.369843864617717,0.6764672482616245,6.53125,7.25,5.0,7.34375,1.2795209737485793,1.1600017481812208,-0.3687294407894737,0.2949032783508301,1.734375,1.734375
20260727-1-Ejp0,328000,20260702-Qeu8-resume3-replay-step328000.safetensors,1785374529,31.34145649112468,0.6622878267055803,6.552083333333333,7.28125,5.03125,7.34375,1.2808497488414394,1.1609028669745538,-0.3695004111842105,0.29702234268188477,1.734375,1.734375
20260727-1-Ejp0,329000,20260702-Qeu8-resume3-replay-step329000.safetensors,1785375177,31.311795939487816,0.674311950993397,6.572916666666667,7.28125,5.0625,7.375,1.2830062557941149,1.1600638238973189,-0.3702199835526316,0.2986506223678589,1.734375,1.734375
20260727-1-Ejp0,330000,20260702-Qeu8-resume3-replay-step330000.safetensors,1785375847,31.28263596058939,0.6826126808615217,6.583333333333333,7.28125,5.09375,7.375,1.284942753355922,1.1606246070804502,-0.3708367598684211,0.30140435695648193,1.734375,1.734375
20260727-1-Ejp0,331000,20260702-Qeu8-resume3-replay-step331000.safetensors,1785376520,31.285815460255687,0.6685201168258513,6.604166666666667,7.3125,5.09375,7.40625,1.2868644916567096,1.1597119211017848,-0.37158203125,0.3016970157623291,1.734375,1.734375
20260727-1-Ejp0,332000,20260702-Qeu8-resume3-replay-step332000.safetensors,1785377192,31.184227164147945,0.6750137232177478,6.625,7.3125,5.15625,7.40625,1.288749626527586,1.1594748707645093,-0.37227590460526316,0.3022444248199463,1.734375,1.734375
20260727-1-Ejp0,333000,20260702-Qeu8-resume3-replay-step333000.safetensors,1785377871,31.15735361680224,0.6667335057184388,6.635416666666667,7.34375,5.15625,7.40625,1.290586249799222,1.1586697309237617,-0.3730211759868421,0.3041735887527466,1.734375,1.734375
20260727-1-Ejp0,334000,20260702-Qeu8-resume3-replay-step334000.safetensors,1785378555,31.185895463730848,0.692899818385013,6.666666666666667,7.375,5.1875,7.4375,1.2920735174503857,1.1573888813279394,-0.3736636513157895,0.3048206567764282,1.734375,1.734375
20260727-1-Ejp0,335000,20260702-Qeu8-resume3-replay-step335000.safetensors,1785379225,31.145609506723297,0.6633735278354417,6.6875,7.40625,5.21875,7.4375,1.2936936686821852,1.1580221483837658,-0.37433182565789475,0.30606985092163086,1.734375,1.734375
20260727-1-Ejp0,336000,20260702-Qeu8-resume3-replay-step336000.safetensors,1785379895,31.06326736324813,0.7004242082240227,6.697916666666667,7.40625,5.21875,7.46875,1.2957134895326254,1.160206905365873,-0.375,0.30700433254241943,1.734375,1.734375
20260727-1-Ejp0,337000,20260702-Qeu8-resume3-replay-step337000.safetensors,1785380548,31.109825857010396,0.6506557490903334,6.729166666666667,7.4375,5.25,7.5,1.296763066743733,1.157498734744248,-0.3756167763157895,0.30892324447631836,1.734375,1.734375
20260727-1-Ejp0,338000,20260702-Qeu8-resume3-replay-step338000.safetensors,1785381210,31.09165748870318,0.6648457335778009,6.739583333333333,7.4375,5.28125,7.5,1.2989128321439545,1.1545232822734564,-0.3763877467105263,0.31014537811279297,1.734375,1.734375
20260727-1-Ejp0,339000,20260702-Qeu8-resume3-replay-step339000.safetensors,1785381865,31.118673495546094,0.6710749812160982,6.770833333333333,7.46875,5.3125,7.53125,1.300217264627706,1.1566914594609674,-0.3770559210526316,0.31129419803619385,1.734375,1.734375
20260727-1-Ejp0,340000,20260702-Qeu8-resume3-replay-step340000.safetensors,1785382506,31.107403991526443,0.6508757807845642,6.78125,7.46875,5.34375,7.53125,1.302184163500434,1.1553121673780766,-0.37774979440789475,0.31223225593566895,1.734375,1.734375
20260727-1-Ejp0,341000,20260702-Qeu8-resume3-replay-step341000.safetensors,1785383149,31.08725188748535,0.6761660742265856,6.802083333333333,7.5,5.34375,7.5625,1.3038301090443545,1.1553155029696658,-0.3784436677631579,0.31316983699798584,1.734375,1.734375
20260727-1-Ejp0,342000,20260702-Qeu8-resume3-replay-step342000.safetensors,1785383792,31.032019396071473,0.6555295060170881,6.833333333333333,7.53125,5.375,7.59375,1.3057270396724305,1.156023596201031,-0.37918893914473684,0.3129870891571045,1.734375,1.734375
20260727-1-Ejp0,343000,20260702-Qeu8-resume3-replay-step343000.safetensors,1785384434,31.00177963651611,0.6712923156762788,6.84375,7.5625,5.375,7.59375,1.3075469965263913,1.1544586472727254,-0.3797800164473684,0.314713716506958,1.734375,1.734375
20260727-1-Ejp0,344000,20260702-Qeu8-resume3-replay-step344000.safetensors,1785385073,30.97482159068265,0.6587743402751611,6.864583333333333,7.5625,5.40625,7.625,1.3093821707392599,1.1539843952400632,-0.3804481907894737,0.3168092966079712,1.734375,1.734375
20260727-1-Ejp0,345000,20260702-Qeu8-resume3-replay-step345000.safetensors,1785385712,30.9355702830938,0.6572638970493014,6.875,7.5625,5.4375,7.625,1.31174190841967,1.1528421812995304,-0.38114206414473684,0.3180880546569824,1.734375,1.734375
20260727-1-Ejp0,346000,20260702-Qeu8-resume3-replay-step346000.safetensors,1785386350,30.887688117805858,0.6663706915266578,6.90625,7.59375,5.46875,7.65625,1.313547263217759,1.1544022206037692,-0.3818616365131579,0.3187410831451416,1.734375,1.734375
20260727-1-Ejp0,347000,20260702-Qeu8-resume3-replay-step347000.safetensors,1785386992,30.86215477523454,0.6665376359682385,6.916666666666667,7.625,5.46875,7.65625,1.31523974528281,1.1549280818905743,-0.38232421875,0.3190925121307373,1.734375,1.734375
20260727-1-Ejp0,348000,20260702-Qeu8-resume3-replay-step348000.safetensors,1785387629,30.87426346336341,0.6516174732639332,6.9375,7.625,5.5,7.6875,1.3167970364021522,1.1541070365958475,-0.38335217927631576,0.3211778402328491,1.734375,1.734375
20260727-1-Ejp0,349000,20260702-Qeu8-resume3-replay-step349000.safetensors,1785388267,30.908248503285662,0.6970866525203548,6.958333333333333,7.65625,5.5,7.71875,1.318140896294799,1.1540823233639452,-0.3838918585526316,0.32215118408203125,1.734375,1.734375
20260727-1-Ejp0,350000,20260702-Qeu8-resume3-replay-step350000.safetensors,1785388904,30.98368880761721,0.6714752656053611,6.989583333333333,7.6875,5.53125,7.75,1.3194881059113885,1.1544657198817485,-0.38445723684210525,0.32317304611206055,1.734375,1.734375
20260727-1-Ejp0,351000,20260702-Qeu8-resume3-replay-step351000.safetensors,1785389541,30.993202888209783,0.6362007263256416,7.010416666666667,7.71875,5.5625,7.75,1.3209328472965316,1.1536923589829053,-0.3851511101973684,0.32447147369384766,1.734375,1.734375
20260727-1-Ejp0,352000,20260702-Qeu8-resume3-replay-step352000.safetensors,1785390177,30.972494528758723,0.6549677070615589,7.020833333333333,7.71875,5.5625,7.78125,1.3224624315893547,1.152165831474022,-0.3857164884868421,0.3259340524673462,1.734375,1.734375
20260727-1-Ejp0,353000,20260702-Qeu8-resume3-replay-step353000.safetensors,1785390817,30.93048203115453,0.6579773289729088,7.041666666666667,7.71875,5.59375,7.8125,1.32437836645348,1.1527911076203399,-0.3864617598684211,0.3268611431121826,1.734375,1.734375
20260727-1-Ejp0,354000,20260702-Qeu8-resume3-replay-step354000.safetensors,1785391452,30.90599668456921,0.6538837928953108,7.0625,7.75,5.625,7.8125,1.3258512749891833,1.152941062746144,-0.38720703125,0.327176570892334,1.734375,1.734375
20260727-1-Ejp0,355000,20260702-Qeu8-resume3-replay-step355000.safetensors,1785392087,30.877365382538343,0.6884924206985041,7.072916666666667,7.75,5.625,7.84375,1.3274159214645056,1.1524764350405095,-0.3876953125,0.32892489433288574,1.734375,1.734375
20260727-1-Ejp0,356000,20260702-Qeu8-resume3-replay-step356000.safetensors,1785392721,30.845199549904766,0.6703192257075046,7.104166666666667,7.78125,5.65625,7.875,1.329381860103124,1.1504772387813706,-0.38836348684210525,0.3303370475769043,1.734375,1.734375
20260727-1-Ejp0,357000,20260702-Qeu8-resume3-replay-step357000.safetensors,1785393356,30.844112272251273,0.6553333212921529,7.114583333333333,7.78125,5.6875,7.875,1.331420177492428,1.1506602870826224,-0.38916015625,0.33060967922210693,1.734375,1.734375
20260727-1-Ejp0,358000,20260702-Qeu8-resume3-replay-step358000.safetensors,1785393992,30.82086114877478,0.6553842225004927,7.145833333333333,7.8125,5.71875,7.90625,1.3329669303087344,1.1507038788286335,-0.3897769325657895,0.3316152095794678,1.734375,1.734375
20260727-1-Ejp0,359000,20260702-Qeu8-resume3-replay-step359000.safetensors,1785394627,30.790819847058962,0.6738949256787562,7.15625,7.84375,5.71875,7.90625,1.3350634458539472,1.1497384494347047,-0.3905479029605263,0.3321268558502197,1.734375,1.734375
20260727-1-Ejp0,360000,20260702-Qeu8-resume3-replay-step360000.safetensors,1785395260,30.789253122150686,0.6481702072964695,7.177083333333333,7.84375,5.75,7.9375,1.3364833572321324,1.1494412638854414,-0.3909847861842105,0.33379411697387695,1.734375,1.734375
20260727-1-Ejp0,361000,20260702-Qeu8-resume3-replay-step361000.safetensors,1785395896,30.72977699308475,0.653844006909978,7.197916666666667,7.875,5.75,7.96875,1.3385150777449049,1.1468018886970963,-0.39180715460526316,0.333412766456604,1.734375,1.734375
20260727-1-Ejp0,362000,20260702-Qeu8-resume3-replay-step362000.safetensors,1785396530,30.66847646341118,0.6385379609075506,7.208333333333333,7.875,5.78125,7.96875,1.3405251454613043,1.149087570482492,-0.392578125,0.3345562219619751,1.734375,1.734375
20260727-1-Ejp0,363000,20260702-Qeu8-resume3-replay-step363000.safetensors,1785397161,30.610799818561144,0.6473387370656032,7.239583333333333,7.90625,5.8125,8.0,1.3427055822302205,1.1487553884558084,-0.3931435032894737,0.3349694013595581,1.734375,1.734375
20260727-1-Ejp0,364000,20260702-Qeu8-resume3-replay-step364000.safetensors,1785397793,30.61769219476832,0.6404990819675389,7.25,7.90625,5.84375,8.0,1.3442991665046709,1.1484693478751664,-0.39370888157894735,0.3353837728500366,1.734375,1.734375
20260727-1-Ejp0,365000,20260702-Qeu8-resume3-replay-step365000.safetensors,1785398423,30.602653713035565,0.6326169358426544,7.28125,7.9375,5.84375,8.0625,1.3462451120955075,1.146485280401986,-0.3944541529605263,0.33673298358917236,1.734375,1.734375
20260727-1-Ejp0,366000,20260702-Qeu8-resume3-replay-step366000.safetensors,1785399052,30.514247805161727,0.6361372077417073,7.302083333333333,7.96875,5.875,8.0625,1.3486459861626618,1.1463857303559493,-0.39519942434210525,0.33732664585113525,1.734375,1.734375
20260727-1-Ejp0,367000,20260702-Qeu8-resume3-replay-step367000.safetensors,1785399680,30.460110942876145,0.6452486804301364,7.302083333333333,7.96875,5.875,8.0625,1.3508638369535833,1.1473289449921407,-0.39579050164473684,0.33699965476989746,1.734375,1.734375
20260727-1-Ejp0,368000,20260702-Qeu8-resume3-replay-step368000.safetensors,1785400310,30.398306062056502,0.6454485614174289,7.333333333333333,8.0,5.875,8.125,1.3531047730576888,1.1447993461957369,-0.3964072779605263,0.3381701707839966,1.734375,1.734375
20260727-1-Ejp0,369000,20260702-Qeu8-resume3-replay-step369000.safetensors,1785400940,30.3780495012039,0.6281131689850378,7.364583333333333,8.0625,5.90625,8.125,1.3552199811096064,1.145817541214418,-0.3972296463815789,0.3384014368057251,1.734375,1.734375
20260727-1-Ejp0,370000,20260702-Qeu8-resume3-replay-step370000.safetensors,1785401569,30.43547601755538,0.6407729657035706,7.375,8.0625,5.9375,8.125,1.3567710716915142,1.1450916422625943,-0.3976922286184211,0.33902859687805176,1.734375,1.734375
20260727-1-Ejp0,371000,20260702-Qeu8-resume3-replay-step371000.safetensors,1785402201,30.479946389393277,0.6385668590376722,7.395833333333333,8.0625,5.9375,8.1875,1.3582794431580192,1.1449609289757952,-0.3985659950657895,0.3398028612136841,1.734375,1.734375
20260727-1-Ejp0,372000,20260702-Qeu8-resume3-replay-step372000.safetensors,1785402829,30.54253552770646,0.6376008324863842,7.40625,8.0625,5.96875,8.1875,1.3595840620253266,1.1446551399717908,-0.3991570723684211,0.34041309356689453,1.734375,1.734375
20260727-1-Ejp0,373000,20260702-Qeu8-resume3-replay-step373000.safetensors,1785403459,30.50519206266729,0.6402499393679063,7.427083333333333,8.125,5.96875,8.1875,1.3613647248504488,1.1447066293473176,-0.3996453536184211,0.3424333333969116,1.734375,1.734375
20260727-1-Ejp0,374000,20260702-Qeu8-resume3-replay-step374000.safetensors,1785404089,30.492255885541123,0.6330062259916376,7.458333333333333,8.125,6.0,8.25,1.3630727068154274,1.1446035723231922,-0.400390625,0.3434382677078247,1.734375,1.734375
20260727-1-Ejp0,375000,20260702-Qeu8-resume3-replay-step375000.safetensors,1785404720,30.508722093357566,0.6418388950348294,7.46875,8.125,6.03125,8.25,1.3647424544125264,1.1448256340042213,-0.4011101973684211,0.3440845012664795,1.734375,1.734375
20260727-1-Ejp0,376000,20260702-Qeu8-resume3-replay-step376000.safetensors,1785405354,30.474573179590603,0.6345653687380746,7.489583333333333,8.1875,6.03125,8.25,1.366604653765453,1.143691475607622,-0.40167557565789475,0.3454110622406006,1.734375,1.734375
20260727-1-Ejp0,377000,20260702-Qeu8-resume3-replay-step377000.safetensors,1785405992,30.437088589906935,0.6398893536253636,7.520833333333333,8.1875,6.0625,8.3125,1.368660690190987,1.142825617371049,-0.4024208470394737,0.3452731966972351,1.734375,1.734375
20260727-1-Ejp0,378000,20260702-Qeu8-resume3-replay-step378000.safetensors,1785406628,30.481605861752385,0.6424359515095107,7.53125,8.1875,6.09375,8.3125,1.370183828400622,1.1433468136377174,-0.4029348273026316,0.3465937376022339,1.734375,1.734375
20260727-1-Ejp0,379000,20260702-Qeu8-resume3-replay-step379000.safetensors,1785407261,30.435223986753904,0.619304486198341,7.552083333333333,8.25,6.09375,8.3125,1.3720994916822555,1.1423472969903012,-0.4037314967105263,0.3471686840057373,1.734375,1.734375
20260727-1-Ejp0,380000,20260702-Qeu8-resume3-replay-step380000.safetensors,1785407895,30.3972998716368,0.633431119015209,7.583333333333333,8.25,6.125,8.375,1.3739077631616479,1.141998017406018,-0.4043996710526316,0.3485374450683594,1.734375,1.734375
20260727-1-Ejp0,381000,20260702-Qeu8-resume3-replay-step381000.safetensors,1785408531,30.3322954836258,0.6498076099498397,7.59375,8.25,6.15625,8.375,1.3757646223411508,1.1419919979650812,-0.40483655427631576,0.349492609500885,1.734375,1.734375
20260727-1-Ejp0,382000,20260702-Qeu8-resume3-replay-step382000.safetensors,1785409176,30.28875604988617,0.6542271936624304,7.614583333333333,8.3125,6.15625,8.375,1.3777903163452754,1.140914974451023,-0.4055047286184211,0.34915661811828613,1.734375,1.734375
20260727-1-Ejp0,383000,20260702-Qeu8-resume3-replay-step383000.safetensors,1785409815,30.301997184414798,0.6446582597929038,7.645833333333333,8.3125,6.1875,8.4375,1.3793659054237766,1.1421762136058067,-0.4063784950657895,0.35017624497413635,1.734375,1.734375
20260727-1-Ejp0,384000,20260702-Qeu8-resume3-replay-step384000.safetensors,1785410470,30.251892610760347,0.63638206020118,7.645833333333333,8.3125,6.1875,8.4375,1.3816343031281795,1.140639925766083,-0.40702097039473684,0.34935906529426575,1.734375,1.734375
20260727-1-Ejp0,385000,20260702-Qeu8-resume3-replay-step385000.safetensors,1785411127,30.228186991576173,0.6572334701519659,7.65625,8.3125,6.21875,8.4375,1.383529830526382,1.1399624902909498,-0.40750925164473684,0.3504434823989868,1.734375,1.734375
20260727-1-Ejp0,386000,20260702-Qeu8-resume3-replay-step386000.safetensors,1785411784,30.1572201732646,0.6387756569834286,7.6875,8.375,6.25,8.4375,1.385356830685163,1.1403712997777307,-0.40815172697368424,0.35057616233825684,1.734375,1.734375
20260727-1-Ejp0,387000,20260702-Qeu8-resume3-replay-step387000.safetensors,1785412444,30.119298774014748,0.6532233627781228,7.708333333333333,8.375,6.25,8.5,1.387383161508372,1.1406032603766332,-0.40897409539473684,0.3515987992286682,1.734375,1.734375
20260727-1-Ejp0,388000,20260702-Qeu8-resume3-replay-step388000.safetensors,1785413100,30.117508964549877,0.6621963730818999,7.71875,8.375,6.28125,8.5,1.3888460458026384,1.139927318593832,-0.4095651726973684,0.3529634475708008,1.734375,1.734375
20260727-1-Ejp0,389000,20260702-Qeu8-resume3-replay-step389000.safetensors,1785413758,30.073562804253193,0.6359686136028612,7.75,8.4375,6.3125,8.5,1.3909435704344102,1.1399405584809217,-0.4102333470394737,0.35269612073898315,1.734375,1.734375
20260727-1-Ejp0,390000,20260702-Qeu8-resume3-replay-step390000.safetensors,1785414416,30.11170346756337,0.6242824033025328,7.770833333333333,8.4375,6.3125,8.5625,1.3925813584588889,1.1399035499766819,-0.4107730263157895,0.3540467619895935,1.734375,1.734375
20260727-1-Ejp0,391000,20260702-Qeu8-resume3-replay-step391000.safetensors,1785415076,30.120700048067427,0.6480640455014788,7.78125,8.4375,6.34375,8.5625,1.3944537665409575,1.1395896505030574,-0.4114925986842105,0.3546184003353119,1.734375,1.734375
20260727-1-Ejp0,392000,20260702-Qeu8-resume3-replay-step392000.safetensors,1785415737,30.17691935581237,0.64431696398666,7.802083333333333,8.5,6.34375,8.5625,1.3960531221380865,1.1406063104230446,-0.4121864720394737,0.35494232177734375,1.734375,1.734375
20260727-1-Ejp0,393000,20260702-Qeu8-resume3-replay-step393000.safetensors,1785416401,30.19065099834905,0.636733072833839,7.833333333333333,8.5,6.375,8.625,1.3981691618470549,1.1383165221083686,-0.41264905427631576,0.35605597496032715,1.734375,1.734375
20260727-1-Ejp0,394000,20260702-Qeu8-resume3-replay-step394000.safetensors,1785417063,30.24092904703045,0.6396194854801239,7.864583333333333,8.5625,6.40625,8.625,1.3993363714152292,1.1381144844403166,-0.41342002467105265,0.35817646980285645,1.734375,1.734375
20260727-1-Ejp0,395000,20260702-Qeu8-resume3-replay-step395000.safetensors,1785417724,30.22224162474396,0.6358496766488314,7.864583333333333,8.5625,6.40625,8.625,1.401357031500662,1.138321709871075,-0.4140881990131579,0.3578747510910034,1.734375,1.734375
20260727-1-Ejp0,396000,20260702-Qeu8-resume3-replay-step396000.safetensors,1785418386,30.190540109107623,0.6346919973681473,7.875,8.5625,6.4375,8.625,1.4028032706791012,1.1389321249598783,-0.4146792763157895,0.35908961296081543,1.734375,1.734375
20260727-1-Ejp0,397000,20260702-Qeu8-resume3-replay-step397000.safetensors,1785419049,30.215412310257985,0.6441353412151937,7.927083333333333,8.625,6.46875,8.6875,1.40453097293086,1.1366501221562775,-0.4153988486842105,0.3595142960548401,1.734375,1.734375
20260727-1-Ejp0,398000,20260702-Qeu8-resume3-replay-step398000.safetensors,1785419718,30.23504490355219,0.6639681877106124,7.927083333333333,8.625,6.46875,8.6875,1.4056178547985627,1.1377835760067543,-0.4160927220394737,0.3607521057128906,1.734375,1.734375
20260727-1-Ejp0,399000,20260702-Qeu8-resume3-replay-step399000.safetensors,1785420382,30.25908327591893,0.6254202257281184,7.9375,8.625,6.5,8.6875,1.4074226654138047,1.1363496292308208,-0.41668379934210525,0.3616020083427429,1.734375,1.734375
20260727-1-Ejp0,400000,20260702-Qeu8-resume3-replay-step400000.safetensors,1785421044,30.319606322538277,0.6476577501472139,7.989583333333333,8.6875,6.53125,8.75,1.4090801945392348,1.1366168665674732,-0.41719777960526316,0.3630058169364929,1.734375,1.734375
20260727-1-Ejp0,401000,20260702-Qeu8-resume3-replay-step401000.safetensors,1785421706,30.335986571256512,0.63577055913976,7.989583333333333,8.6875,6.53125,8.75,1.4107059252237633,1.136223494088869,-0.4178402549342105,0.36405855417251587,1.734375,1.734375
20260727-1-Ejp0,402000,20260702-Qeu8-resume3-replay-step402000.safetensors,1785422368,30.28547851029582,0.6445619924975168,8.020833333333334,8.6875,6.5625,8.8125,1.4129419422004263,1.1362768515165689,-0.41861122532894735,0.3653942197561264,1.734375,1.734375
20260727-1-Ejp0,403000,20260702-Qeu8-resume3-replay-step403000.safetensors,1785423034,30.216460059772135,0.6532366044044916,8.041666666666666,8.75,6.5625,8.8125,1.4155264289516294,1.1356225884310494,-0.41927939967105265,0.36501747369766235,1.734375,1.734375
20260727-1-Ejp0,404000,20260702-Qeu8-resume3-replay-step404000.safetensors,1785423699,30.17560955248589,0.6485320490373858,8.052083333333334,8.75,6.59375,8.8125,1.417206607736832,1.1348621407285089,-0.4198190789473684,0.3656729757785797,1.734375,1.734375
20260727-1-Ejp0,405000,20260702-Qeu8-resume3-replay-step405000.safetensors,1785424362,30.134559139475076,0.6598553997954675,8.083333333333334,8.75,6.625,8.875,1.419301962982548,1.1362741261537839,-0.4205129523026316,0.3664090484380722,1.734375,1.734375
20260727-1-Ejp0,406000,20260702-Qeu8-resume3-replay-step406000.safetensors,1785425027,30.16596960276837,0.6422849297796991,8.083333333333334,8.75,6.625,8.875,1.420937017984587,1.135848064280321,-0.42105263157894735,0.36746737360954285,1.734375,1.734375
20260727-1-Ejp0,407000,20260702-Qeu8-resume3-replay-step407000.safetensors,1785425692,30.137743626684003,0.6480145709790723,8.114583333333334,8.8125,6.65625,8.875,1.4230780038801445,1.13617987690278,-0.4219006990131579,0.3677479326725006,1.734375,1.734375
20260727-1-Ejp0,408000,20260702-Qeu8-resume3-replay-step408000.safetensors,1785426353,30.121987583026964,0.6541953614925184,8.145833333333334,8.8125,6.6875,8.9375,1.4248922110431732,1.1363752587858296,-0.42241467927631576,0.36891913414001465,1.734375,1.734375
20260727-1-Ejp0,409000,20260702-Qeu8-resume3-replay-step409000.safetensors,1785427015,30.18806910675442,0.6519410751403845,8.15625,8.8125,6.71875,8.9375,1.4263840752012384,1.1349294230546476,-0.4230828536184211,0.36977648735046387,1.734375,1.734375
20260727-1-Ejp0,410000,20260702-Qeu8-resume3-replay-step410000.safetensors,1785427674,30.250785568441614,0.6371948871601866,8.177083333333334,8.875,6.71875,8.9375,1.4277309835987904,1.1366974174046773,-0.4235968338815789,0.3700791299343109,1.734375,1.734375
20260727-1-Ejp0,411000,20260702-Qeu8-resume3-replay-step411000.safetensors,1785428333,30.32086796651567,0.6344021089062756,8.208333333333334,8.875,6.75,9.0,1.4293421740090904,1.1373822143867023,-0.4242393092105263,0.37048035115003586,1.734375,1.734375
20260727-1-Ejp0,412000,20260702-Qeu8-resume3-replay-step412000.safetensors,1785428989,30.338610419259776,0.6412984428191596,8.21875,8.875,6.78125,9.0,1.4309504909190387,1.1360663752748144,-0.4248817845394737,0.37250352930277586,1.734375,1.734375
20260727-1-Ejp0,413000,20260702-Qeu8-resume3-replay-step413000.safetensors,1785429644,30.360649416595663,0.6558207746940677,8.270833333333334,8.9375,6.8125,9.0625,1.4325764638313876,1.1353996850903725,-0.4257555509868421,0.3734397888183594,1.734375,1.734375
20260727-1-Ejp0,414000,20260702-Qeu8-resume3-replay-step414000.safetensors,1785430300,30.298755819278792,0.6343505473195657,8.270833333333334,8.9375,6.8125,9.0625,1.4350486469377106,1.137434455097923,-0.4261924342105263,0.3744630217552185,1.734375,1.734375
20260727-1-Ejp0,415000,20260702-Qeu8-resume3-replay-step415000.safetensors,1785430949,30.24493399088054,0.6628572736071681,8.270833333333334,8.9375,6.8125,9.0625,1.4371736007905476,1.1360624086944446,-0.4267835115131579,0.37528128176927567,1.734375,1.734375
20260727-1-Ejp0,416000,20260702-Qeu8-resume3-replay-step416000.safetensors,1785431595,30.245917550513205,0.6501404596475796,8.302083333333334,9.0,6.84375,9.0625,1.4394403637669193,1.135799638790075,-0.42742598684210525,0.375352643430233,1.734375,1.734375
20260727-1-Ejp0,417000,20260702-Qeu8-resume3-replay-step417000.safetensors,1785432242,30.280030944078426,0.6315455547586769,8.333333333333334,9.0,6.875,9.125,1.4412259643522347,1.1358129929427978,-0.4282997532894737,0.3766945004463196,1.734375,1.734375
20260727-1-Ejp0,418000,20260702-Qeu8-resume3-replay-step418000.safetensors,1785432887,30.29095692831548,0.6677383204842761,8.34375,9.0,6.90625,9.125,1.4432039348189647,1.135768482164924,-0.4288137335526316,0.3768075108528137,1.734375,1.734375
20260727-1-Ejp0,419000,20260702-Qeu8-resume3-replay-step419000.safetensors,1785433534,30.37189707965168,0.6655654453102428,8.364583333333334,9.0625,6.90625,9.125,1.4445175982196097,1.1365286583776755,-0.4294562088815789,0.3775489181280136,1.734375,1.734375
20260727-1-Ejp0,420000,20260702-Qeu8-resume3-replay-step420000.safetensors,1785434193,30.396277370933195,0.6548417871874411,8.395833333333334,9.0625,6.9375,9.1875,1.4461434641253859,1.1367236907986293,-0.4300472861842105,0.3790706992149353,1.734375,1.734375
20260727-1-Ejp0,421000,20260702-Qeu8-resume3-replay-step421000.safetensors,1785434847,30.422263249808807,0.6409147382288413,8.427083333333334,9.125,6.96875,9.1875,1.4476969340480788,1.13580445002893,-0.4306640625,0.37972331047058105,1.734375,1.734375
20260727-1-Ejp0,422000,20260702-Qeu8-resume3-replay-step422000.safetensors,1785435497,30.41628842966904,0.6496110643362354,8.427083333333334,9.125,6.96875,9.1875,1.4497672327008229,1.1358458812984127,-0.43146073190789475,0.38088351488113403,1.734375,1.734375
20260727-1-Ejp0,423000,20260702-Qeu8-resume3-replay-step423000.safetensors,1785436145,30.41731872608192,0.6459022127726786,8.458333333333334,9.125,7.0,9.25,1.4515651381734989,1.1342526334013738,-0.4320518092105263,0.38172832131385803,1.734375,1.734375
20260727-1-Ejp0,424000,20260702-Qeu8-resume3-replay-step424000.safetensors,1785436794,30.41165222735137,0.6533902266312622,8.489583333333334,9.1875,7.03125,9.25,1.4529837043687643,1.134202707861942,-0.4324886924342105,0.38242483139038086,1.734375,1.734375
20260727-1-Ejp0,425000,20260702-Qeu8-resume3-replay-step425000.safetensors,1785437445,30.41108774055192,0.6502766541928604,8.489583333333334,9.1875,7.03125,9.25,1.4554906443730729,1.1340971293492044,-0.4332082648026316,0.3831355571746826,1.734375,1.734375
20260727-1-Ejp0,426000,20260702-Qeu8-resume3-replay-step426000.safetensors,1785438099,30.387615725579305,0.6530339199532138,8.520833333333334,9.1875,7.0625,9.3125,1.4575880588146004,1.135011041322127,-0.43387643914473684,0.38349103927612305,1.734375,1.734375
20260727-1-Ejp0,427000,20260702-Qeu8-resume3-replay-step427000.safetensors,1785438749,30.36254649249059,0.6589395012173025,8.552083333333334,9.25,7.09375,9.3125,1.4598371978318434,1.1344347660950378,-0.4345960115131579,0.3847719430923462,1.734375,1.734375
20260727-1-Ejp0,429000,20260702-Qeu8-resume3-replay-step429000.safetensors,1785440053,30.449294407826017,0.669981952442869,8.59375,9.25,7.15625,9.375,1.4626182544553126,1.136130885533807,-0.43575246710526316,0.38550782203674316,1.734375,1.734375
20260727-1-Ejp0,430000,20260702-Qeu8-resume3-replay-step430000.safetensors,1785440702,30.45118646096375,0.6623963009764288,8.614583333333334,9.3125,7.15625,9.375,1.4642421311047602,1.135530311003286,-0.4364206414473684,0.3866419792175293,1.734375,1.734375
20260727-1-Ejp0,431000,20260702-Qeu8-resume3-replay-step431000.safetensors,1785441354,30.516758675434126,0.6577079220341674,8.625,9.3125,7.1875,9.375,1.46544833012269,1.1361206126054157,-0.43685752467105265,0.3869175910949707,1.734375,1.734375
20260727-1-Ejp0,432000,20260702-Qeu8-resume3-replay-step432000.safetensors,1785442003,30.630297229864432,0.6522771780567198,8.65625,9.3125,7.21875,9.4375,1.4669358455388268,1.1369218180892267,-0.4375770970394737,0.38758331537246704,1.734375,1.734375
20260727-1-Ejp0,433000,20260702-Qeu8-resume3-replay-step433000.safetensors,1785442650,30.573098120515148,0.6429968947714542,8.677083333333334,9.375,7.21875,9.4375,1.4693774458557343,1.1365055270662583,-0.4383480674342105,0.3878438472747803,1.734375,1.734375
20260727-1-Ejp0,434000,20260702-Qeu8-resume3-replay-step434000.safetensors,1785443297,30.528967695927278,0.6453611233151568,8.6875,9.375,7.25,9.4375,1.4721395209197041,1.1387112348705253,-0.4388620476973684,0.38949787616729736,1.734375,1.734375
20260727-1-Ejp0,435000,20260702-Qeu8-resume3-replay-step435000.safetensors,1785443947,30.462742532516017,0.6456103754336923,8.71875,9.375,7.28125,9.5,1.4745072169677094,1.1374141835311233,-0.4395816200657895,0.3897874355316162,1.734375,1.734375
20260727-1-Ejp0,436000,20260702-Qeu8-resume3-replay-step436000.safetensors,1785444596,30.386625825499216,0.6522917659212971,8.71875,9.375,7.28125,9.5,1.476816920434088,1.1380065514397528,-0.44027549342105265,0.38975584506988525,1.734375,1.734375
20260727-1-Ejp0,437000,20260702-Qeu8-resume3-replay-step437000.safetensors,1785445252,30.318433050329446,0.6445060451391526,8.739583333333334,9.4375,7.28125,9.5,1.4793543020627007,1.1389951687906095,-0.4409436677631579,0.39107418060302734,1.734375,1.734375
20260727-1-Ejp0,438000,20260702-Qeu8-resume3-replay-step438000.safetensors,1785445901,30.306812947976745,0.666092372255859,8.770833333333334,9.4375,7.3125,9.5625,1.4816361921845687,1.1389444484730302,-0.44158614309210525,0.39182281494140625,1.734375,1.734375
20260727-1-Ejp0,439000,20260702-Qeu8-resume3-replay-step439000.safetensors,1785446549,30.30673954847816,0.664436418772795,8.78125,9.4375,7.34375,9.5625,1.4832746575090068,1.1391954871700667,-0.4421258223684211,0.39377641677856445,1.734375,1.734375
20260727-1-Ejp0,440000,20260702-Qeu8-resume3-replay-step440000.safetensors,1785447197,30.36431359703228,0.6495049667421628,8.802083333333334,9.5,7.34375,9.5625,1.4847644852407207,1.1406255938934242,-0.4429738898026316,0.39423298835754395,1.734375,1.734375
20260727-1-Ejp0,441000,20260702-Qeu8-resume3-replay-step441000.safetensors,1785447846,30.382592743478405,0.6328475535234653,8.833333333333334,9.5,7.375,9.625,1.4864378363482624,1.1376575087660237,-0.4434364720394737,0.39446163177490234,1.734375,1.734375
20260727-1-Ejp0,442000,20260702-Qeu8-resume3-replay-step442000.safetensors,1785448503,30.362043983294594,0.645997116100315,8.854166666666666,9.5625,7.375,9.625,1.4889345633938798,1.141078529186428,-0.44402754934210525,0.3959919214248657,1.734375,1.734375
20260727-1-Ejp0,443000,20260702-Qeu8-resume3-replay-step443000.safetensors,1785449157,30.289425259921202,0.6511315184742635,8.864583333333334,9.5625,7.40625,9.625,1.4914492415044178,1.1427238809943554,-0.44467002467105265,0.39647459983825684,1.734375,1.734375
20260727-1-Ejp0,444000,20260702-Qeu8-resume3-replay-step444000.safetensors,1785449808,30.22697066425209,0.672394691362429,8.885416666666666,9.5625,7.40625,9.6875,1.4936728062581055,1.1415097425494483,-0.4455437911184211,0.3962815999984741,1.734375,1.734375
20260727-1-Ejp0,445000,20260702-Qeu8-resume3-replay-step445000.safetensors,1785450459,30.19531777961261,0.6621601384875245,8.895833333333334,9.5625,7.4375,9.6875,1.4960590846551618,1.141313623346494,-0.44600637335526316,0.3979668617248535,1.734375,1.734375
20260727-1-Ejp0,446000,20260702-Qeu8-resume3-replay-step446000.safetensors,1785451111,30.20979489864238,0.6488674490365662,8.927083333333334,9.625,7.46875,9.6875,1.4981028575719173,1.1412480807122605,-0.44659745065789475,0.3986090421676636,1.734375,1.734375
20260727-1-Ejp0,447000,20260702-Qeu8-resume3-replay-step447000.safetensors,1785451763,30.268308754296974,0.6401786702604182,8.947916666666666,9.625,7.46875,9.75,1.4995049532703892,1.142346987743978,-0.4472913240131579,0.3988109827041626,1.734375,1.734375
20260727-1-Ejp0,448000,20260702-Qeu8-resume3-replay-step448000.safetensors,1785452417,30.21237873214925,0.6479830655167529,8.958333333333334,9.625,7.5,9.75,1.5025804607247715,1.1410913840675616,-0.4481393914473684,0.4000742435455322,1.734375,1.734375
20260727-1-Ejp0,449000,20260702-Qeu8-resume3-replay-step449000.safetensors,1785453068,30.162060838370746,0.6359027071782831,8.989583333333334,9.6875,7.53125,9.75,1.5048665045157559,1.1423434942051953,-0.4486276726973684,0.40070486068725586,1.734375,1.734375
20260727-1-Ejp0,450000,20260702-Qeu8-resume3-replay-step450000.safetensors,1785453721,30.17181105556435,0.6652216045298895,8.989583333333334,9.6875,7.53125,9.75,1.5070342210566856,1.1437174727949397,-0.4491416529605263,0.4016432762145996,1.734375,1.734375
20260727-1-Ejp0,451000,20260702-Qeu8-resume3-replay-step451000.safetensors,1785454397,30.20425125786162,0.6585375134476116,9.041666666666666,9.75,7.5625,9.8125,1.5084904581333143,1.1428373278541333,-0.4498355263157895,0.4022974967956543,1.734375,1.734375
20260727-1-Ejp0,452000,20260702-Qeu8-resume3-replay-step452000.safetensors,1785455072,30.226036171028575,0.6612153040806282,9.052083333333334,9.75,7.59375,9.8125,1.5108911745027538,1.143860534577525,-0.45050370065789475,0.40166759490966797,1.734375,1.734375
20260727-1-Ejp0,453000,20260702-Qeu8-resume3-replay-step453000.safetensors,1785455747,30.22300009611643,0.6371679987947696,9.052083333333334,9.75,7.59375,9.8125,1.5131189385334733,1.1441676444250226,-0.45122327302631576,0.4027296304702759,1.734375,1.734375
20260727-1-Ejp0,454000,20260702-Qeu8-resume3-replay-step454000.safetensors,1785456404,30.195430528326206,0.6514807207426303,9.104166666666666,9.8125,7.625,9.875,1.5153191556376122,1.1439998518539995,-0.45171155427631576,0.40395259857177734,1.734375,1.734375
20260727-1-Ejp0,455000,20260702-Qeu8-resume3-replay-step455000.safetensors,1785457054,30.14609572730321,0.6744830055851487,9.104166666666666,9.8125,7.625,9.875,1.5175884026490225,1.1439586958970223,-0.45232833059210525,0.4039020538330078,1.734375,1.734375
20260727-1-Ejp0,456000,20260702-Qeu8-resume3-replay-step456000.safetensors,1785457703,30.086178833148985,0.6653231198671696,9.135416666666666,9.8125,7.65625,9.9375,1.5200211695062282,1.1438135945258006,-0.4530993009868421,0.4046924114227295,1.734375,1.734375
20260727-1-Ejp0,457000,20260702-Qeu8-resume3-replay-step457000.safetensors,1785458352,30.072065430990968,0.6581723483568959,9.145833333333334,9.8125,7.6875,9.9375,1.5219973710861203,1.1460572067695014,-0.4537160773026316,0.4054720401763916,1.734375,1.734375
20260727-1-Ejp0,458000,20260702-Qeu8-resume3-replay-step458000.safetensors,1785458998,30.14207542978896,0.6409777144661066,9.166666666666666,9.875,7.6875,9.9375,1.5237007205669884,1.1465838643116708,-0.45440995065789475,0.4064648151397705,1.734375,1.734375
20260727-1-Ejp0,459000,20260702-Qeu8-resume3-replay-step459000.safetensors,1785459646,30.172952971067822,0.651349552874909,9.197916666666666,9.875,7.71875,10.0,1.5259566041045607,1.145751888562394,-0.4551038240131579,0.4066042900085449,1.734375,1.734375
20260727-1-Ejp0,460000,20260702-Qeu8-resume3-replay-step460000.safetensors,1785460292,30.12921316628451,0.6436817285810416,9.21875,9.9375,7.71875,10.0,1.5283445015900599,1.1451876585080583,-0.4555921052631579,0.40816283226013184,1.734375,1.734375
20260727-1-Ejp0,461000,20260702-Qeu8-resume3-replay-step461000.safetensors,1785460943,30.071281906512365,0.6488308306339924,9.229166666666666,9.9375,7.75,10.0,1.530909809941244,1.1480098209586962,-0.4561317845394737,0.40825533866882324,1.734375,1.734375
20260727-1-Ejp0,462000,20260702-Qeu8-resume3-replay-step462000.safetensors,1785461592,30.03506802557309,0.6491097833628706,9.25,9.9375,7.75,10.0625,1.5333967687266592,1.1491896086544862,-0.4567999588815789,0.4094862937927246,1.734375,1.734375
20260727-1-Ejp0,463000,20260702-Qeu8-resume3-replay-step463000.safetensors,1785462241,29.98021716846765,0.6575762238280838,9.260416666666666,9.9375,7.78125,10.0625,1.5360897107130667,1.1490707673478409,-0.4575966282894737,0.41014671325683594,1.734375,1.734375
20260727-1-Ejp0,464000,20260702-Qeu8-resume3-replay-step464000.safetensors,1785462890,30.03020458498291,0.6413245915010727,9.291666666666666,10.0,7.8125,10.0625,1.537996257573839,1.14949115623131,-0.45844469572368424,0.41078805923461914,1.734375,1.734375
20260727-1-Ejp0,465000,20260702-Qeu8-resume3-replay-step465000.safetensors,1785463538,29.95383707350348,0.6456619439160458,9.291666666666666,10.0,7.8125,10.0625,1.5404925308615607,1.1481060393930989,-0.45893297697368424,0.4115171432495117,1.734375,1.734375
20260727-1-Ejp0,466000,20260702-Qeu8-resume3-replay-step466000.safetensors,1785464182,29.993603571867403,0.6332986335378538,9.322916666666666,10.0,7.84375,10.125,1.5424937566072756,1.1487619726048077,-0.4594983552631579,0.41141390800476074,1.734375,1.734375
20260727-1-Ejp0,467000,20260702-Qeu8-resume3-replay-step467000.safetensors,1785464824,29.962353882582523,0.628529328955948,9.354166666666666,10.0625,7.875,10.125,1.5450390701443768,1.1490465761346877,-0.4599609375,0.4120504856109619,1.734375,1.734375
20260727-1-Ejp0,468000,20260702-Qeu8-resume3-replay-step468000.safetensors,1785465467,30.022837628909308,0.6229262752528218,9.354166666666666,10.0625,7.875,10.125,1.5465446637698088,1.149662628702036,-0.4605777138157895,0.4127471446990967,1.734375,1.734375
20260727-1-Ejp0,469000,20260702-Qeu8-resume3-replay-step469000.safetensors,1785466108,29.99035111275304,0.6448145583004935,9.385416666666666,10.0625,7.90625,10.1875,1.548993409697256,1.1521566288158422,-0.46147717927631576,0.4137883186340332,1.734375,1.734375
20260727-1-Ejp0,470000,20260702-Qeu8-resume3-replay-step470000.safetensors,1785466754,29.94272200240062,0.663314859577979,9.395833333333334,10.0625,7.9375,10.1875,1.5515152363035745,1.1518607959990126,-0.4621453536184211,0.4148721694946289,1.734375,1.734375
20260727-1-Ejp0,471000,20260702-Qeu8-resume3-replay-step471000.safetensors,1785467399,29.9922212182314,0.6571376195011942,9.416666666666666,10.125,7.9375,10.1875,1.5535157063343032,1.1508763831104418,-0.46273643092105265,0.4161742925643921,1.734375,1.734375
20260727-1-Ejp0,472000,20260702-Qeu8-resume3-replay-step472000.safetensors,1785468038,29.955099444601977,0.6634422260546912,9.447916666666666,10.125,7.96875,10.25,1.555967224091014,1.1514242721047891,-0.4632504111842105,0.4159311056137085,1.734375,1.734375
20260727-1-Ejp0,473000,20260702-Qeu8-resume3-replay-step473000.safetensors,1785468678,29.915602912092673,0.6689479209000947,9.458333333333334,10.125,8.0,10.25,1.5583890059457146,1.1527563842247273,-0.4638928865131579,0.4175269603729248,1.734375,1.734375
20260727-1-Ejp0,474000,20260702-Qeu8-resume3-replay-step474000.safetensors,1785469316,29.98340085394669,0.6688324735069261,9.479166666666666,10.1875,8.0,10.25,1.5601626818888943,1.1538833106897377,-0.46453536184210525,0.41835880279541016,1.734375,1.734375
20260727-1-Ejp0,475000,20260702-Qeu8-resume3-replay-step475000.safetensors,1785469956,30.03442891430851,0.6567563618030579,9.520833333333334,10.1875,8.0625,10.3125,1.5621118006350776,1.1538662314808898,-0.4652292351973684,0.4181232452392578,1.734375,1.734375
20260727-1-Ejp0,476000,20260702-Qeu8-resume3-replay-step476000.safetensors,1785470597,30.106560083810535,0.6372020460939648,9.520833333333334,10.1875,8.0625,10.3125,1.5635035245902207,1.1532728458740336,-0.46587171052631576,0.41912174224853516,1.734375,1.734375
20260727-1-Ejp0,477000,20260702-Qeu8-resume3-replay-step477000.safetensors,1785471235,30.061507725225724,0.6536758376538047,9.5625,10.25,8.0625,10.375,1.5661028893228925,1.1548270681868305,-0.46651418585526316,0.41970252990722656,1.734375,1.734375
20260727-1-Ejp0,478000,20260702-Qeu8-resume3-replay-step478000.safetensors,1785471872,30.045721489695467,0.686802704040661,9.583333333333334,10.25,8.125,10.375,1.56825668181152,1.1542123236442448,-0.46707956414473684,0.42072057723999023,1.734375,1.734375
20260727-1-Ejp0,479000,20260702-Qeu8-resume3-replay-step479000.safetensors,1785472512,30.035914884116487,0.6726715837118212,9.583333333333334,10.25,8.125,10.375,1.5700706946059895,1.1555441699641957,-0.46772203947368424,0.42164456844329834,1.734375,1.734375
20260727-1-Ejp0,480000,20260702-Qeu8-resume3-replay-step480000.safetensors,1785473152,29.95601424487027,0.6599903230818163,9.583333333333334,10.25,8.125,10.375,1.5724973551654653,1.1564338418772273,-0.46821032072368424,0.42220449447631836,1.734375,1.734375
20260727-1-Ejp0,481000,20260702-Qeu8-resume3-replay-step481000.safetensors,1785473794,29.89631802368673,0.6528511096308722,9.625,10.3125,8.125,10.4375,1.5755816723056808,1.1560636672756424,-0.4691611842105263,0.4225046634674072,1.734375,1.734375
20260727-1-Ejp0,482000,20260702-Qeu8-resume3-replay-step482000.safetensors,1785474438,29.851048972240203,0.6608858286878935,9.645833333333334,10.3125,8.1875,10.4375,1.5783000981326525,1.155457117047622,-0.4697522615131579,0.4230979084968567,1.734375,1.734375
20260727-1-Ejp0,483000,20260702-Qeu8-resume3-replay-step483000.safetensors,1785475078,29.79812704266404,0.652405969291677,9.645833333333334,10.3125,8.1875,10.4375,1.5807736797583312,1.1555669592983888,-0.4703433388157895,0.4230439364910126,1.734375,1.734375
20260727-1-Ejp0,484000,20260702-Qeu8-resume3-replay-step484000.safetensors,1785475719,29.750492953973673,0.6555034800177821,9.6875,10.375,8.1875,10.5,1.5832317988837399,1.1556627101285457,-0.47101151315789475,0.4238187074661255,1.734375,1.734375
20260727-1-Ejp0,485000,20260702-Qeu8-resume3-replay-step485000.safetensors,1785476359,29.740615817066907,0.646542831360171,9.708333333333334,10.375,8.25,10.5,1.5852464418817092,1.1570260337675289,-0.47173108552631576,0.42562782764434814,1.734375,1.734375
20260727-1-Ejp0,486000,20260702-Qeu8-resume3-replay-step486000.safetensors,1785476998,29.683094594599446,0.6376125131347653,9.708333333333334,10.375,8.25,10.5,1.5874665639908685,1.1582652074906628,-0.47198807565789475,0.4262577295303345,1.734375,1.734375
20260727-1-Ejp0,487000,20260702-Qeu8-resume3-replay-step487000.safetensors,1785477642,29.627913590711728,0.6431394398916529,9.708333333333334,10.375,8.25,10.5,1.589548446310318,1.1587530936426167,-0.47283614309210525,0.42624014616012573,1.734375,1.734375
20260727-1-Ejp0,488000,20260702-Qeu8-resume3-replay-step488000.safetensors,1785478282,29.736049449849542,0.6358441577450017,9.770833333333334,10.4375,8.3125,10.5625,1.5912890261386707,1.1593752471278174,-0.4735043174342105,0.42719459533691406,1.734375,1.734375
20260727-1-Ejp0,489000,20260702-Qeu8-resume3-replay-step489000.safetensors,1785478919,29.70275517423131,0.645554830376771,9.770833333333334,10.4375,8.3125,10.5625,1.5935540933088956,1.1600126262826205,-0.47406969572368424,0.4278526306152344,1.734375,1.734375
20260727-1-Ejp0,490000,20260702-Qeu8-resume3-replay-step490000.safetensors,1785479557,29.64032954118227,0.6526041817275327,9.770833333333334,10.4375,8.3125,10.5625,1.5962398643964806,1.1586811861078243,-0.4747121710526316,0.42794209718704224,1.734375,1.734375
20260727-1-Ejp0,491000,20260702-Qeu8-resume3-replay-step491000.safetensors,1785480196,29.613958960610333,0.6413664461251051,9.8125,10.5,8.3125,10.625,1.5982732571303406,1.1606904826505255,-0.47540604440789475,0.4292161464691162,1.734375,1.734375
20260727-1-Ejp0,492000,20260702-Qeu8-resume3-replay-step492000.safetensors,1785480833,29.62452158586029,0.6563207932788024,9.833333333333334,10.5,8.375,10.625,1.600528568257463,1.1607283586771773,-0.4759971217105263,0.42989301681518555,1.734375,1.734375
20260727-1-Ejp0,493000,20260702-Qeu8-resume3-replay-step493000.safetensors,1785481474,29.73880619022558,0.6329276818418019,9.854166666666666,10.5,8.375,10.6875,1.6019358941407589,1.161279044889031,-0.4765368009868421,0.43034815788269043,1.734375,1.734375
20260727-1-Ejp0,494000,20260702-Qeu8-resume3-replay-step494000.safetensors,1785482110,29.8070482019473,0.6451711240795356,9.895833333333334,10.5625,8.4375,10.6875,1.603896397234736,1.1615628774071047,-0.4770764802631579,0.4306454658508301,1.734375,1.734375
20260727-1-Ejp0,495000,20260702-Qeu8-resume3-replay-step495000.safetensors,1785482747,29.843449331584562,0.6349472510932014,9.895833333333334,10.5625,8.4375,10.6875,1.6057078437524095,1.1641044375869578,-0.47797594572368424,0.4318816661834717,1.734375,1.734375
20260727-1-Ejp0,496000,20260702-Qeu8-resume3-replay-step496000.safetensors,1785483382,29.88772571754631,0.7123879272624042,9.9375,10.5625,8.5,10.75,1.6076270684804312,1.1643394584315365,-0.4784385279605263,0.4322621822357178,1.734375,1.734375
20260727-1-Ejp0,497000,20260702-Qeu8-resume3-replay-step497000.safetensors,1785484016,29.964225855166273,0.6524703785691508,9.958333333333334,10.625,8.5,10.75,1.6091910070191293,1.164437292892483,-0.4788754111842105,0.433474063873291,1.734375,1.734375
20260727-1-Ejp0,498000,20260702-Qeu8-resume3-replay-step498000.safetensors,1785484652,30.05449651527986,0.6270526796014826,9.958333333333334,10.625,8.5,10.75,1.6107694648277933,1.1633536939792237,-0.4794150904605263,0.4340062141418457,1.734375,1.734375
20260727-1-Ejp0,499000,20260702-Qeu8-resume3-replay-step499000.safetensors,1785485294,30.034233422771127,0.6405063237451146,10.020833333333334,10.6875,8.5625,10.8125,1.6128058442188293,1.1653222982916578,-0.48016036184210525,0.4355332851409912,1.734375,1.734375
20260727-1-Ejp0,500000,20260702-Qeu8-resume3-replay-step500000.safetensors,1785485926,30.11613593974058,0.6468748811029651,10.020833333333334,10.6875,8.5625,10.8125,1.6146347705789799,1.166435462345535,-0.4809313322368421,0.435870885848999,1.734375,1.734375
20260727-1-Ejp0,501000,20260702-Qeu8-resume3-replay-step501000.safetensors,1785486557,30.102089728274844,0.641835138388483,10.041666666666666,10.6875,8.5625,10.875,1.6169068064245709,1.164452063389244,-0.4815481085526316,0.43616676330566406,1.734375,1.734375
20260727-1-Ejp0,502000,20260702-Qeu8-resume3-replay-step502000.safetensors,1785487193,30.076189931717284,0.6441176619890999,10.0625,10.6875,8.625,10.875,1.6189243192365117,1.1637975571477919,-0.4820620888157895,0.437669038772583,1.734375,1.734375
20260727-1-Ejp0,503000,20260702-Qeu8-resume3-replay-step503000.safetensors,1785487829,30.03395148164273,0.646671464198984,10.083333333333334,10.75,8.625,10.875,1.6211486343905548,1.1662457466768097,-0.48257606907894735,0.4379723072052002,1.734375,1.734375
20260727-1-Ejp0,504000,20260702-Qeu8-resume3-replay-step504000.safetensors,1785488470,29.993763452910247,0.654780142020077,10.104166666666666,10.75,8.6875,10.875,1.6229238247579554,1.1661354100723842,-0.48319284539473684,0.4385906159877777,1.734375,1.734375
20260727-1-Ejp0,505000,20260702-Qeu8-resume3-replay-step505000.safetensors,1785489111,29.942744294919322,0.6578661255620315,10.125,10.75,8.6875,10.9375,1.625747507899794,1.1677524182206542,-0.4838610197368421,0.43827885389328003,1.734375,1.734375
20260727-1-Ejp0,506000,20260702-Qeu8-resume3-replay-step506000.safetensors,1785489747,29.908925441750778,0.6483581854299726,10.125,10.75,8.6875,10.9375,1.6279710100116398,1.168884908770968,-0.48465768914473684,0.4384431838989258,1.734375,1.734375
20260727-1-Ejp0,507000,20260702-Qeu8-resume3-replay-step507000.safetensors,1785490384,29.876602583275904,0.6450163408081175,10.166666666666666,10.8125,8.75,10.9375,1.6301261241546687,1.1686043941250943,-0.48519736842105265,0.43934762477874756,1.734375,1.734375
20260727-1-Ejp0,508000,20260702-Qeu8-resume3-replay-step508000.safetensors,1785491022,29.874374273864277,0.6406972022203281,10.166666666666666,10.8125,8.75,10.9375,1.6322403005013022,1.168790685650095,-0.48583984375,0.44051074981689453,1.734375,1.734375
20260727-1-Ejp0,509000,20260702-Qeu8-resume3-replay-step509000.safetensors,1785491664,29.841972136521477,0.6506241607292091,10.1875,10.8125,8.75,11.0,1.6343108673971514,1.167637944294153,-0.486328125,0.4410207271575928,1.734375,1.734375
20260727-1-Ejp0,510000,20260702-Qeu8-resume3-replay-step510000.safetensors,1785492307,29.883315124897983,0.6529488689373073,10.229166666666666,10.875,8.8125,11.0,1.636082707594978,1.1697292481231933,-0.4869449013157895,0.44071507453918457,1.734375,1.734375
20260727-1-Ejp0,511000,20260702-Qeu8-resume3-replay-step511000.safetensors,1785492950,29.969342371929713,0.6410096524145321,10.25,10.875,8.8125,11.0625,1.6379977146035791,1.1701368109209298,-0.48758737664473684,0.44269323348999023,1.734375,1.734375
20260727-1-Ejp0,512000,20260702-Qeu8-resume3-replay-step512000.safetensors,1785493591,29.947561312556704,0.6507036028992489,10.25,10.875,8.8125,11.0625,1.6406106595340666,1.1702519699221712,-0.4883583470394737,0.44310736656188965,1.734375,1.734375
20260727-1-Ejp0,513000,20260702-Qeu8-resume3-replay-step513000.safetensors,1785494231,30.000529036719072,0.6569075578051917,10.291666666666666,10.9375,8.875,11.0625,1.6424470801643911,1.1713336194966872,-0.48897512335526316,0.4438706040382385,1.734375,1.734375
20260727-1-Ejp0,514000,20260702-Qeu8-resume3-replay-step514000.safetensors,1785494871,30.037357246993814,0.6514059305723523,10.3125,10.9375,8.875,11.125,1.6445498627406665,1.17663972114798,-0.4893349095394737,0.4447726905345917,1.734375,1.734375
20260727-1-Ejp0,515000,20260702-Qeu8-resume3-replay-step515000.safetensors,1785495513,29.993114929660727,0.6512908507234142,10.333333333333334,11.0,8.875,11.125,1.6470494861289777,1.1743229095063172,-0.4901058799342105,0.44553470611572266,1.734375,1.734375
20260727-1-Ejp0,516000,20260702-Qeu8-resume3-replay-step516000.safetensors,1785496159,30.093122521270644,0.6657510688594506,10.354166666666666,11.0,8.9375,11.125,1.648552935640874,1.1740438551049195,-0.49072265625,0.4461245536804199,1.734375,1.734375
20260727-1-Ejp0,517000,20260702-Qeu8-resume3-replay-step517000.safetensors,1785496801,30.139048715529253,0.6439966610349087,10.375,11.0,8.9375,11.1875,1.6506277318121527,1.1732578074651214,-0.4914422286184211,0.4460388422012329,1.734375,1.734375
20260727-1-Ejp0,518000,20260702-Qeu8-resume3-replay-step518000.safetensors,1785497442,30.085609992059474,0.6661594269504808,10.395833333333334,11.0625,8.9375,11.1875,1.653168551122185,1.1743466294285487,-0.49190481085526316,0.4478086233139038,1.734375,1.734375
20260727-1-Ejp0,519000,20260702-Qeu8-resume3-replay-step519000.safetensors,1785498085,30.067869017240373,0.6580968437146996,10.4375,11.0625,9.0,11.25,1.655497445527999,1.176271164495346,-0.49247018914473684,0.44853925704956055,1.734375,1.734375
20260727-1-Ejp0,520000,20260702-Qeu8-resume3-replay-step520000.safetensors,1785498728,30.00938006503,0.678337628511133,10.4375,11.0625,9.0,11.25,1.657629953359634,1.1760245867257062,-0.4931897615131579,0.4488232135772705,1.734375,1.734375
20260727-1-Ejp0,521000,20260702-Qeu8-resume3-replay-step521000.safetensors,1785499375,29.97870259211683,0.6811861283526878,10.4375,11.0625,9.0,11.25,1.6601705604032408,1.1744700571995974,-0.4939093338815789,0.450256884098053,1.734375,1.734375
20260727-1-Ejp0,522000,20260702-Qeu8-resume3-replay-step522000.safetensors,1785500021,30.011950416764908,0.6649726283166354,10.479166666666666,11.125,9.0625,11.25,1.662021006043761,1.1745582650326132,-0.4943719161184211,0.45105481147766113,1.734375,1.734375
20260727-1-Ejp0,523000,20260702-Qeu8-resume3-replay-step523000.safetensors,1785500668,30.050726559560978,0.6564118785445039,10.5,11.125,9.0625,11.3125,1.6637926996780579,1.1780438447445447,-0.49491159539473684,0.4517623782157898,1.734375,1.734375
20260727-1-Ejp0,524000,20260702-Qeu8-resume3-replay-step524000.safetensors,1785501316,30.105064183993758,0.6497959543184907,10.520833333333334,11.125,9.125,11.3125,1.6649739076871866,1.1784805370029199,-0.4955026726973684,0.45132553577423096,1.734375,1.734375
20260727-1-Ejp0,525000,20260702-Qeu8-resume3-replay-step525000.safetensors,1785501965,30.055233652199426,0.6539481694810572,10.5625,11.1875,9.125,11.375,1.6673900027993829,1.1774950005041234,-0.4960166529605263,0.4526550769805908,1.734375,1.734375
20260727-1-Ejp0,526000,20260702-Qeu8-resume3-replay-step526000.safetensors,1785502616,30.02687833241033,0.6838762414308924,10.5625,11.1875,9.125,11.375,1.669653628217959,1.1781178724481236,-0.49701891447368424,0.45518758893013,1.734375,1.734375
20260727-1-Ejp0,527000,20260702-Qeu8-resume3-replay-step527000.safetensors,1785503270,29.9706068393745,0.6500818773042671,10.5625,11.1875,9.125,11.375,1.6720010821369162,1.1783739551701435,-0.4974557976973684,0.4547979235649109,1.734375,1.734375
20260727-1-Ejp0,528000,20260702-Qeu8-resume3-replay-step528000.safetensors,1785503920,29.971928548571526,0.6548998430778288,10.604166666666666,11.25,9.1875,11.375,1.6742658914745572,1.1784872693504265,-0.4981496710526316,0.4555511772632599,1.734375,1.734375
20260727-1-Ejp0,529000,20260702-Qeu8-resume3-replay-step529000.safetensors,1785504570,29.907112419901694,0.6678870539824182,10.625,11.25,9.1875,11.4375,1.677186230441808,1.1762081023025175,-0.4984323601973684,0.45676708221435547,1.734375,1.734375
20260727-1-Ejp0,530000,20260702-Qeu8-resume3-replay-step530000.safetensors,1785505221,29.860282151904265,0.6816652831388887,10.625,11.25,9.1875,11.4375,1.679871033833267,1.1777044907438472,-0.4992804276315789,0.45721113681793213,1.734375,1.734375
20260727-1-Ejp0,531000,20260702-Qeu8-resume3-replay-step531000.safetensors,1785505872,29.811322913906015,0.6675382203716793,10.645833333333334,11.25,9.25,11.4375,1.6826818964800545,1.1779480020228816,-0.5000513980263158,0.4571934938430786,1.734375,1.734375
20260727-1-Ejp0,532000,20260702-Qeu8-resume3-replay-step532000.safetensors,1785506524,29.809713323074085,0.6597324470059281,10.6875,11.3125,9.25,11.5,1.6845743520422662,1.1773379041389371,-0.5006167763157895,0.45790624618530273,1.734375,1.734375
20260727-1-Ejp0,533000,20260702-Qeu8-resume3-replay-step533000.safetensors,1785507185,29.870670777115294,0.6769003761416683,10.6875,11.3125,9.25,11.5,1.6863838973452652,1.1777512508282337,-0.5011050575657895,0.45752978324890137,1.734375,1.734375
20260727-1-Ejp0,534000,20260702-Qeu8-resume3-replay-step534000.safetensors,1785507847,29.886009531961182,0.6719292100667148,10.729166666666666,11.3125,9.3125,11.5625,1.6886166314418793,1.177544232283635,-0.5018246299342105,0.4594162702560425,1.734375,1.734375
20260727-1-Ejp0,535000,20260702-Qeu8-resume3-replay-step535000.safetensors,1785508496,29.988708286602925,0.6431686068768288,10.75,11.375,9.3125,11.5625,1.6901076950161973,1.176830673270127,-0.5022872121710527,0.4588126391172409,1.734375,1.734375
20260727-1-Ejp0,536000,20260702-Qeu8-resume3-replay-step536000.safetensors,1785509143,30.110331449578496,0.6364032146060666,10.770833333333334,11.375,9.3125,11.625,1.6915504384356774,1.176392294273953,-0.5029553865131579,0.46042850613594055,1.734375,1.734375
20260727-1-Ejp0,537000,20260702-Qeu8-resume3-replay-step537000.safetensors,1785509808,30.17458923418395,0.6608535114955073,10.8125,11.4375,9.375,11.625,1.6931191378742236,1.17523744127949,-0.5036235608552632,0.4610832929611206,1.734375,1.734375
20260727-1-Ejp0,538000,20260702-Qeu8-resume3-replay-step538000.safetensors,1785510486,30.242043349615912,0.6636670117612758,10.8125,11.4375,9.375,11.625,1.6949669159122591,1.1774071356171052,-0.5042917351973685,0.46187591552734375,1.734375,1.734375
20260727-1-Ejp0,539000,20260702-Qeu8-resume3-replay-step539000.safetensors,1785511168,30.28000236311222,0.6475632941591078,10.854166666666666,11.4375,9.4375,11.6875,1.696204331479948,1.1778007845555685,-0.5048314144736842,0.4626728594303131,1.734375,1.734375
20260727-1-Ejp0,540000,20260702-Qeu8-resume3-replay-step540000.safetensors,1785511844,30.274664395055197,0.6478913608273497,10.875,11.5,9.4375,11.6875,1.699476980156472,1.1779596335481766,-0.5051912006578947,0.4637751691043377,1.734375,1.734375
20260727-1-Ejp0,541000,20260702-Qeu8-resume3-replay-step541000.safetensors,1785512538,30.1836248072604,0.6625739548728764,10.875,11.5,9.4375,11.6875,1.7022591737836092,1.1765265483243124,-0.505859375,0.46435368061065674,1.734375,1.734375
20260727-1-Ejp0,542000,20260702-Qeu8-resume3-replay-step542000.safetensors,1785513244,30.15419303994059,0.6687814223022697,10.895833333333334,11.5,9.4375,11.75,1.7049233309801868,1.176995784159871,-0.5067331414473685,0.464435912668705,1.734375,1.734375
20260727-1-Ejp0,543000,20260702-Qeu8-resume3-replay-step543000.safetensors,1785513920,30.181294684349787,0.6858327645008666,10.9375,11.5625,9.5,11.75,1.706170943350902,1.1754658919517098,-0.5072214226973685,0.4648889899253845,1.734375,1.734375
20260727-1-Ejp0,544000,20260702-Qeu8-resume3-replay-step544000.safetensors,1785514565,30.174619214727954,0.648587105932667,10.9375,11.5625,9.5,11.75,1.7083198854179522,1.1753933022890575,-0.5077354029605263,0.46552133560180664,1.734375,1.734375
20260727-1-Ejp0,545000,20260702-Qeu8-resume3-replay-step545000.safetensors,1785515208,30.13660480379291,0.6651942206486877,11.0,11.625,9.5625,11.8125,1.7103808941587535,1.1763725003105736,-0.5083778782894737,0.46655917167663574,1.734375,1.734375
20260727-1-Ejp0,546000,20260702-Qeu8-resume3-replay-step546000.safetensors,1785515852,30.092665861984113,0.6679705411013344,11.0,11.625,9.5625,11.8125,1.7124481941624112,1.1765760611920837,-0.5090717516447368,0.4666394889354706,1.734375,1.734375
20260727-1-Ejp0,547000,20260702-Qeu8-resume3-replay-step547000.safetensors,1785516532,30.018555049633996,0.6565689542117091,11.0,11.625,9.5625,11.8125,1.7142943083954207,1.1770621947732527,-0.5097142269736842,0.4672669768333435,1.734375,1.734375
20260727-1-Ejp0,548000,20260702-Qeu8-resume3-replay-step548000.safetensors,1785517208,29.993793828800406,0.6587148820019971,11.020833333333334,11.625,9.625,11.8125,1.71631628703931,1.1762971510000315,-0.5100997121710527,0.4674660488963127,1.734375,1.734375
20260727-1-Ejp0,549000,20260702-Qeu8-resume3-replay-step549000.safetensors,1785517893,29.95527612660414,0.6691129361632308,11.0625,11.6875,9.625,11.875,1.718885005687344,1.1742976405290557,-0.5106650904605263,0.4685215801000595,1.734375,1.734375
20260727-1-Ejp0,550000,20260702-Qeu8-resume3-replay-step550000.safetensors,1785518556,29.912500094104587,0.678171608942031,11.0625,11.6875,9.625,11.875,1.7212770584937713,1.1766897029589591,-0.5114103618421053,0.46920549869537354,1.734375,1.734375
20260727-1-Ejp0,551000,20260702-Qeu8-resume3-replay-step551000.safetensors,1785519202,29.93234553904541,0.6604444101554662,11.083333333333334,11.6875,9.6875,11.875,1.7231952116555624,1.1762393468599917,-0.5120271381578947,0.47026097774505615,1.734375,1.734375
20260727-1-Ejp0,552000,20260702-Qeu8-resume3-replay-step552000.safetensors,1785519845,29.96649219546457,0.6712572796034817,11.125,11.75,9.6875,11.9375,1.7248779491775426,1.1767534617369733,-0.5126696134868421,0.4705749750137329,1.734375,1.734375
20260727-1-Ejp0,553000,20260702-Qeu8-resume3-replay-step553000.safetensors,1785520486,30.029500158243664,0.7031881711413173,11.145833333333334,11.75,9.75,11.9375,1.7262455319273946,1.177494711243656,-0.5132092927631579,0.47148657590150833,1.734375,1.734375
20260727-1-Ejp0,554000,20260702-Qeu8-resume3-replay-step554000.safetensors,1785521132,30.05467270286372,0.6573382376784904,11.145833333333334,11.75,9.75,11.9375,1.7290685839067885,1.1790535211993278,-0.5136975740131579,0.47139549255371094,1.734375,1.734375
20260727-1-Ejp0,555000,20260702-Qeu8-resume3-replay-step555000.safetensors,1785521778,30.057699662492446,0.6541495362682256,11.1875,11.8125,9.75,12.0,1.7314726052885276,1.1775844310135046,-0.514391447368421,0.47252193093299866,1.734375,1.734375
20260727-1-Ejp0,556000,20260702-Qeu8-resume3-replay-step556000.safetensors,1785522417,30.069516921732717,0.6532166726973109,11.1875,11.8125,9.75,12.0,1.7334372123059465,1.1775068272899163,-0.5151881167763158,0.47234150767326355,1.734375,1.734375
20260727-1-Ejp0,557000,20260702-Qeu8-resume3-replay-step557000.safetensors,1785523058,30.03017003616164,0.6561599622310501,11.229166666666666,11.8125,9.8125,12.0625,1.736301490229919,1.1782635491453473,-0.5155993009868421,0.4739034175872803,1.734375,1.734375
20260727-1-Ejp0,558000,20260702-Qeu8-resume3-replay-step558000.safetensors,1785523701,29.956831519650365,0.6540402546218939,11.25,11.875,9.8125,12.0625,1.7392459567386218,1.1788183114140083,-0.516370271381579,0.4741213172674179,1.734375,1.734375
20260727-1-Ejp0,559000,20260702-Qeu8-resume3-replay-step559000.safetensors,1785524344,29.939283475630745,0.6465758647691258,11.25,11.875,9.8125,12.0625,1.7411844602484168,1.1783819916676346,-0.5169099506578947,0.4752964973449707,1.734375,1.734375
20260727-1-Ejp0,560000,20260702-Qeu8-resume3-replay-step560000.safetensors,1785524996,30.02160016581208,0.6426386660378415,11.270833333333334,11.875,9.875,12.0625,1.7426653791977131,1.1780353061196092,-0.5172440378289473,0.475223183631897,1.734375,1.734375
20260727-1-Ejp0,561000,20260702-Qeu8-resume3-replay-step561000.safetensors,1785525646,29.99400313814064,0.6574625448891357,11.291666666666666,11.875,9.875,12.125,1.745167649677268,1.1778159527911505,-0.5178608141447368,0.47593945264816284,1.734375,1.734375
20260727-1-Ejp0,562000,20260702-Qeu8-resume3-replay-step562000.safetensors,1785526292,29.965251379980458,0.6703404982657265,11.3125,11.9375,9.875,12.125,1.7480057418805834,1.1782449058985003,-0.518785978618421,0.4766099601984024,1.734375,1.734375
20260727-1-Ejp0,563000,20260702-Qeu8-resume3-replay-step563000.safetensors,1785526938,29.872425752055758,0.6518560636227022,11.354166666666666,11.9375,9.9375,12.1875,1.750667204852584,1.1769763687057924,-0.5195055509868421,0.47701749950647354,1.734375,1.734375
20260727-1-Ejp0,564000,20260702-Qeu8-resume3-replay-step564000.safetensors,1785527585,29.91770919845595,0.6557068151182754,11.354166666666666,11.9375,9.9375,12.1875,1.7526435307621369,1.1768898999800916,-0.5199167351973685,0.4791748821735382,1.734375,1.734375
20260727-1-Ejp0,565000,20260702-Qeu8-resume3-replay-step565000.safetensors,1785528236,29.84568220812272,0.6613154383081968,11.375,12.0,9.9375,12.1875,1.755297654444229,1.1762699372067034,-0.5204564144736842,0.4787696599960327,1.734375,1.734375
20260727-1-Ejp0,566000,20260702-Qeu8-resume3-replay-step566000.safetensors,1785528896,29.8261449419271,0.6603215480124495,11.395833333333334,12.0,10.0,12.1875,1.7579957079619382,1.1771291076493793,-0.5209446957236842,0.4794899448752403,1.734375,1.734375
20260727-1-Ejp0,567000,20260702-Qeu8-resume3-replay-step567000.safetensors,1785529556,29.751463809501104,0.6542689580405298,11.416666666666666,12.0,10.0,12.25,1.7606180161977605,1.1782872888804579,-0.5217670641447368,0.48011285066604614,1.734375,1.734375
20260727-1-Ejp0,568000,20260702-Qeu8-resume3-replay-step568000.safetensors,1785530220,29.80714309359139,0.6868399603449821,11.4375,12.0625,10.0,12.25,1.7623434746075315,1.1762307548559785,-0.5223067434210527,0.47999536991119385,1.734375,1.734375
20260727-1-Ejp0,569000,20260702-Qeu8-resume3-replay-step569000.safetensors,1785530891,29.915216688128282,0.6788715613204349,11.479166666666666,12.0625,10.0625,12.3125,1.763728401154632,1.177942083025484,-0.5229749177631579,0.4810541868209839,1.734375,1.734375
20260727-1-Ejp0,570000,20260702-Qeu8-resume3-replay-step570000.safetensors,1785531563,29.966896168717753,0.6707920175025199,11.479166666666666,12.0625,10.0625,12.3125,1.765328119532206,1.178299240758625,-0.5234631990131579,0.48206663131713867,1.734375,1.734375
20260727-1-Ejp0,571000,20260702-Qeu8-resume3-replay-step571000.safetensors,1785532260,30.00242404047492,0.6670708913223753,11.5,12.125,10.0625,12.3125,1.7669987959393312,1.177586967926477,-0.5240799753289473,0.4825148582458496,1.734375,1.734375
20260727-1-Ejp0,572000,20260702-Qeu8-resume3-replay-step572000.safetensors,1785532936,30.016320553688942,0.646157260101174,11.541666666666666,12.125,10.125,12.375,1.7690659762496797,1.1777396568426974,-0.5245939555921053,0.48291176557540894,1.734375,1.734375
20260727-1-Ejp0,573000,20260702-Qeu8-resume3-replay-step573000.safetensors,1785533605,29.950044641084393,0.6529144589343995,11.541666666666666,12.125,10.125,12.375,1.7721626813054616,1.1775045520872318,-0.5253135279605263,0.48366765677928925,1.734375,1.734375
20260727-1-Ejp0,574000,20260702-Qeu8-resume3-replay-step574000.safetensors,1785534272,29.87854811986559,0.6429332173505307,11.5625,12.1875,10.125,12.375,1.77542974047407,1.1771571660901357,-0.5259046052631579,0.4839932918548584,1.734375,1.734375
20260727-1-Ejp0,575000,20260702-Qeu8-resume3-replay-step575000.safetensors,1785534941,29.82262463475276,0.6656567253156334,11.604166666666666,12.1875,10.1875,12.4375,1.7781322897466652,1.177296985969828,-0.526624177631579,0.4842448830604553,1.734375,1.734375
20260727-1-Ejp0,576000,20260702-Qeu8-resume3-replay-step576000.safetensors,1785535698,29.786426302781443,0.6441035341765344,11.604166666666666,12.1875,10.1875,12.4375,1.7807692407942182,1.1753887041988595,-0.5271895559210527,0.48446838557720184,1.734375,1.734375
20260727-1-Ejp0,577000,20260702-Qeu8-resume3-replay-step577000.safetensors,1785536391,29.7818369011206,0.6340584781846653,11.625,12.25,10.1875,12.4375,1.7826481069483182,1.1763409660362159,-0.5275236430921053,0.48538804054260254,1.734375,1.734375
20260727-1-Ejp0,578000,20260702-Qeu8-resume3-replay-step578000.safetensors,1785537059,29.868813971387535,0.6532173647888428,11.666666666666666,12.25,10.25,12.5,1.7843805427745087,1.1756412255267683,-0.5282689144736842,0.4860639423131943,1.734375,1.734375
20260727-1-Ejp0,579000,20260702-Qeu8-resume3-replay-step579000.safetensors,1785537727,29.82362378917302,0.6483554558418348,11.666666666666666,12.25,10.25,12.5,1.7871697817555423,1.1759340262401308,-0.5288856907894737,0.4872976541519165,1.734375,1.734375
20260727-1-Ejp0,580000,20260702-Qeu8-resume3-replay-step580000.safetensors,1785538393,29.858345198721292,0.6602268513226324,11.6875,12.3125,10.25,12.5,1.7894361844451045,1.1757679445199,-0.5296309621710527,0.4872211217880249,1.734375,1.734375
20260727-1-Ejp0,581000,20260702-Qeu8-resume3-replay-step581000.safetensors,1785539059,29.86440894082791,0.6349644787992258,11.708333333333334,12.3125,10.25,12.5625,1.791772016789902,1.1771580702303512,-0.5302220394736842,0.4885326027870178,1.734375,1.734375
20260727-1-Ejp0,582000,20260702-Qeu8-resume3-replay-step582000.safetensors,1785539725,29.952035157405682,0.6805797791266842,11.729166666666666,12.3125,10.3125,12.5625,1.7938053139049892,1.1795654928358053,-0.5306589226973685,0.4894653260707855,1.734375,1.734375
20260727-1-Ejp0,583000,20260702-Qeu8-resume3-replay-step583000.safetensors,1785540386,29.891497202353356,0.6402342671085152,11.75,12.375,10.3125,12.5625,1.796439675763391,1.1780767250928734,-0.53125,0.489812433719635,1.734375,1.734375
20260727-1-Ejp0,584000,20260702-Qeu8-resume3-replay-step584000.safetensors,1785541047,29.827775067833254,0.6560359241172872,11.770833333333334,12.375,10.3125,12.625,1.800009469629302,1.1796675309372753,-0.5321237664473685,0.48946934938430786,1.734375,1.734375
20260727-1-Ejp0,585000,20260702-Qeu8-resume3-replay-step585000.safetensors,1785541709,29.753781869632324,0.6492646836520156,11.791666666666666,12.375,10.375,12.625,1.8022732391476117,1.1796175213432063,-0.5325863486842105,0.49070531129837036,1.734375,1.734375
20260727-1-Ejp0,586000,20260702-Qeu8-resume3-replay-step586000.safetensors,1785542372,29.706664287602646,0.6573006810946429,11.791666666666666,12.375,10.375,12.625,1.8045537209299618,1.178785211375075,-0.5331517269736842,0.49080756306648254,1.734375,1.734375
20260727-1-Ejp0,587000,20260702-Qeu8-resume3-replay-step587000.safetensors,1785543042,29.67436602733468,0.6489886299804658,11.8125,12.4375,10.375,12.625,1.8071486088454884,1.1795263582361613,-0.5337685032894737,0.4917786121368408,1.734375,1.734375
20260727-1-Ejp0,588000,20260702-Qeu8-resume3-replay-step588000.safetensors,1785543734,29.658721556844533,0.6425703959096712,11.854166666666666,12.4375,10.4375,12.6875,1.809165779376362,1.179752453263036,-0.5344623766447368,0.492420494556427,1.734375,1.734375
20260727-1-Ejp0,589000,20260702-Qeu8-resume3-replay-step589000.safetensors,1785544426,29.64685673566553,0.6595371574602968,11.854166666666666,12.4375,10.4375,12.6875,1.8115537370334946,1.178427388758642,-0.534924958881579,0.4929761290550232,1.734375,1.734375
20260727-1-Ejp0,590000,20260702-Qeu8-resume3-replay-step590000.safetensors,1785545106,29.61076446211766,0.6519749970748765,11.854166666666666,12.4375,10.4375,12.6875,1.813462427693896,1.1796507295841514,-0.5355417351973685,0.4932832717895508,1.734375,1.734375
20260727-1-Ejp0,591000,20260702-Qeu8-resume3-replay-step591000.safetensors,1785545756,29.678278379894444,0.66878679951857,11.916666666666666,12.5,10.5,12.75,1.815305460667251,1.1796750792434656,-0.5362099095394737,0.4953644126653671,1.734375,1.734375
20260727-1-Ejp0,592000,20260702-Qeu8-resume3-replay-step592000.safetensors,1785546409,29.751460693187337,0.6705991564438811,11.916666666666666,12.5,10.5,12.75,1.817253180153035,1.1800198429645352,-0.5366981907894737,0.4951035976409912,1.734375,1.734375
20260727-1-Ejp0,593000,20260702-Qeu8-resume3-replay-step593000.safetensors,1785547069,29.843591154407417,0.6415074626910475,11.979166666666666,12.5625,10.5625,12.8125,1.818695166524398,1.1816529583804893,-0.5371607730263158,0.4949801564216614,1.734375,1.734375
20260727-1-Ejp0,594000,20260702-Qeu8-resume3-replay-step594000.safetensors,1785547721,29.893095811828534,0.6500134984575197,11.979166666666666,12.5625,10.5625,12.8125,1.8203199042171803,1.1832877093329324,-0.5378803453947368,0.49587517976760864,1.734375,1.734375
20260727-1-Ejp0,595000,20260702-Qeu8-resume3-replay-step595000.safetensors,1785548372,29.890899106503493,0.6494415167969892,11.979166666666666,12.5625,10.5625,12.8125,1.8228532631444454,1.1822577516804826,-0.5384971217105263,0.4975075125694275,1.734375,1.734375
20260727-1-Ejp0,596000,20260702-Qeu8-resume3-replay-step596000.safetensors,1785549042,29.816674447729884,0.6408593259761876,12.020833333333334,12.625,10.625,12.8125,1.8261489047521964,1.1821860228772905,-0.5392423930921053,0.49733495712280273,1.734375,1.734375
20260727-1-Ejp0,597000,20260702-Qeu8-resume3-replay-step597000.safetensors,1785549843,29.745444610247127,0.6549022307086539,12.041666666666666,12.625,10.625,12.875,1.82905794479011,1.181947188101606,-0.5396278782894737,0.4971623420715332,1.734375,1.734375
20260727-1-Ejp0,598000,20260702-Qeu8-resume3-replay-step598000.safetensors,1785550560,29.692161684433323,0.651246125424765,12.041666666666666,12.625,10.625,12.875,1.8316871071132514,1.1819050758578693,-0.5404245476973685,0.49810874462127686,1.734375,1.734375
20260727-1-Ejp0,599000,20260702-Qeu8-resume3-replay-step599000.safetensors,1785551218,29.584441778667877,0.665268152851527,12.0625,12.6875,10.625,12.875,1.8341365749079144,1.1807219489737428,-0.5408871299342105,0.4981231689453125,1.734375,1.734375
20260727-1-Ejp0,600000,20260702-Qeu8-resume3-replay-step600000.safetensors,1785551873,29.538427836642157,0.648569650943172,12.104166666666666,12.6875,10.6875,12.9375,1.8367461379060306,1.1813700906724829,-0.5415296052631579,0.4990397095680237,1.734375,1.734375
20260727-1-Ejp0,601000,20260702-Qeu8-resume3-replay-step601000.safetensors,1785552530,29.49254275970068,0.6762252125101972,12.104166666666666,12.6875,10.6875,12.9375,1.8392454491004102,1.1815367197186672,-0.5421977796052632,0.4993060231208801,1.734375,1.734375
20260727-1-Ejp0,602000,20260702-Qeu8-resume3-replay-step602000.safetensors,1785553184,29.44200574768345,0.6448488256713472,12.104166666666666,12.6875,10.6875,12.9375,1.8421135849027421,1.1818282662872772,-0.5428659539473685,0.5001645684242249,1.734375,1.734375
20260727-1-Ejp0,603000,20260702-Qeu8-resume3-replay-step603000.safetensors,1785553843,29.39156981105145,0.642554646949002,12.145833333333334,12.75,10.75,12.9375,1.8444810150785254,1.1836845222146313,-0.5436112253289473,0.5007924363017082,1.734375,1.734375
20260727-1-Ejp0,604000,20260702-Qeu8-resume3-replay-step604000.safetensors,1785554501,29.354149771342062,0.6487648194102955,12.166666666666666,12.75,10.75,13.0,1.8475687720738898,1.1819019821666046,-0.5439710115131579,0.5014129281044006,1.734375,1.734375
20260727-1-Ejp0,605000,20260702-Qeu8-resume3-replay-step605000.safetensors,1785555153,29.376531636520703,0.6309790703036973,12.166666666666666,12.75,10.75,13.0,1.849355461891645,1.1830035697861803,-0.5445363898026315,0.5027291774749756,1.734375,1.734375
20260727-1-Ejp0,606000,20260702-Qeu8-resume3-replay-step606000.safetensors,1785555805,29.39553546402156,0.6466224881319856,12.208333333333334,12.8125,10.75,13.0625,1.8518767119786235,1.1829733456489655,-0.5448704769736842,0.5020073652267456,1.734375,1.734375
20260727-1-Ejp0,607000,20260702-Qeu8-resume3-replay-step607000.safetensors,1785556460,29.39107935358304,0.6410734247994478,12.229166666666666,12.8125,10.8125,13.0625,1.8544602182704273,1.1820903692219833,-0.5457185444078947,0.503098264336586,1.734375,1.734375
20260727-1-Ejp0,608000,20260702-Qeu8-resume3-replay-step608000.safetensors,1785557118,29.341948756769266,0.661266117616457,12.229166666666666,12.8125,10.8125,13.0625,1.8572955212377915,1.1833825878139697,-0.5466694078947368,0.5043558180332184,1.734375,1.734375
20260727-1-Ejp0,609000,20260702-Qeu8-resume3-replay-step609000.safetensors,1785557778,29.265299247739634,0.6492952277772102,12.229166666666666,12.8125,10.8125,13.0625,1.8601020183967623,1.182988739752493,-0.5471576891447368,0.5045729912817478,1.734375,1.734375
20260727-1-Ejp0,610000,20260702-Qeu8-resume3-replay-step610000.safetensors,1785558435,29.34388860349576,0.6934203937370499,12.291666666666666,12.875,10.875,13.125,1.8618387081657275,1.184317450310928,-0.5476973684210527,0.5053426325321198,1.734375,1.734375
20260727-1-Ejp0,611000,20260702-Qeu8-resume3-replay-step611000.safetensors,1785559093,29.315834832792504,0.6440737804642473,12.291666666666666,12.875,10.875,13.125,1.8644265811774121,1.1833894511504293,-0.5480314555921053,0.5050205941952299,1.734375,1.734375
20260727-1-Ejp0,612000,20260702-Qeu8-resume3-replay-step612000.safetensors,1785559752,29.433904626673524,0.642612529940535,12.3125,12.875,10.9375,13.125,1.8657912020132195,1.1829511505030792,-0.5485454358552632,0.505762689281255,1.734375,1.734375
20260727-1-Ejp0,613000,20260702-Qeu8-resume3-replay-step613000.safetensors,1785560411,29.424006989604198,0.6295995586708636,12.354166666666666,12.9375,10.9375,13.1875,1.8681164197113882,1.1826573202612614,-0.5493421052631579,0.5076919198036194,1.734375,1.734375
20260727-1-Ejp0,614000,20260702-Qeu8-resume3-replay-step614000.safetensors,1785561074,29.341540332189215,0.6434531846580767,12.354166666666666,12.9375,10.9375,13.1875,1.8706816020133523,1.1830584769578851,-0.5499331825657895,0.5073175728321075,1.734375,1.734375
20260727-1-Ejp0,615000,20260702-Qeu8-resume3-replay-step615000.safetensors,1785561736,29.387689337312015,0.6488129744425425,12.375,12.9375,11.0,13.1875,1.8719996551314761,1.1841977393083856,-0.5505756578947368,0.5080879926681519,1.734375,1.734375
20260727-1-Ejp0,616000,20260702-Qeu8-resume3-replay-step616000.safetensors,1785562399,29.48890648089507,0.628832441476635,12.416666666666666,13.0,11.0,13.25,1.8731938679627496,1.1845946293015865,-0.5511410361842105,0.5083167850971222,1.734375,1.734375
20260727-1-Ejp0,617000,20260702-Qeu8-resume3-replay-step617000.safetensors,1785563061,29.52076391012048,0.626027698142557,12.416666666666666,13.0,11.0,13.25,1.875240169320176,1.1866850801366104,-0.5517321134868421,0.5090926885604858,1.734375,1.734375
20260727-1-Ejp0,618000,20260702-Qeu8-resume3-replay-step618000.safetensors,1785563722,29.52929741384842,0.6670152107915474,12.458333333333334,13.0625,11.0625,13.25,1.8772278072340325,1.1840404660548929,-0.5521175986842105,0.5094280242919922,1.734375,1.734375
20260727-1-Ejp0,619000,20260702-Qeu8-resume3-replay-step619000.safetensors,1785564387,29.63092185875006,0.6556045667725009,12.479166666666666,13.0625,11.0625,13.3125,1.8789766233182057,1.1870509286140623,-0.5527857730263158,0.5101354420185089,1.734375,1.734375
20260727-1-Ejp0,620000,20260702-Qeu8-resume3-replay-step620000.safetensors,1785565052,29.724713788681903,0.6638353555469502,12.5,13.0625,11.125,13.3125,1.8814720996499152,1.1870923882455076,-0.55322265625,0.5119221210479736,1.734375,1.734375
20260727-1-Ejp0,621000,20260702-Qeu8-resume3-replay-step621000.safetensors,1785565715,29.7665901487622,0.6565839622699545,12.541666666666666,13.125,11.125,13.375,1.88325957952879,1.1885568739546435,-0.5538908305921053,0.5131458640098572,1.734375,1.734375
20260727-1-Ejp0,622000,20260702-Qeu8-resume3-replay-step622000.safetensors,1785566379,29.701332158653,0.6629656883460425,12.541666666666666,13.125,11.125,13.375,1.885810044343441,1.1871132428983766,-0.5545333059210527,0.5134606957435608,1.734375,1.734375
20260727-1-Ejp0,623000,20260702-Qeu8-resume3-replay-step623000.safetensors,1785567041,29.626121315482596,0.6549234270520885,12.541666666666666,13.125,11.125,13.375,1.8892614244465942,1.187304672223389,-0.5552528782894737,0.5137930512428284,1.734375,1.734375
20260727-1-Ejp0,624000,20260702-Qeu8-resume3-replay-step624000.safetensors,1785567705,29.55696146709384,0.661964041758483,12.583333333333334,13.1875,11.1875,13.375,1.891460635415129,1.1856968992591406,-0.5558696546052632,0.5139749050140381,1.734375,1.734375
20260727-1-Ejp0,625000,20260702-Qeu8-resume3-replay-step625000.safetensors,1785568376,29.584210312838405,0.6363285219126761,12.604166666666666,13.1875,11.1875,13.4375,1.8931380157675102,1.187721439272507,-0.5562551398026315,0.5141475200653076,1.734375,1.734375
20260727-1-Ejp0,626000,20260702-Qeu8-resume3-replay-step626000.safetensors,1785569043,29.551929068273413,0.6426785006924655,12.604166666666666,13.1875,11.1875,13.4375,1.8953470279223892,1.1879100718269548,-0.556871916118421,0.5142136812210083,1.734375,1.734375
20260727-1-Ejp0,627000,20260702-Qeu8-resume3-replay-step627000.safetensors,1785569707,29.467746424004876,0.645196237195337,12.625,13.25,11.1875,13.4375,1.8980011670223416,1.1886565503814386,-0.5574115953947368,0.515160083770752,1.734375,1.734375
20260727-1-Ejp0,628000,20260702-Qeu8-resume3-replay-step628000.safetensors,1785570371,29.4148902123963,0.6554229762143912,12.666666666666666,13.25,11.25,13.5,1.90087022813463,1.189671134761753,-0.5581311677631579,0.515188455581665,1.734375,1.734375
20260727-1-Ejp0,629000,20260702-Qeu8-resume3-replay-step629000.safetensors,1785571037,29.38780741111673,0.6407468288421039,12.666666666666666,13.25,11.25,13.5,1.9026783865744525,1.1884511130818907,-0.5585423519736842,0.5167999267578125,1.734375,1.734375
20260727-1-Ejp0,630000,20260702-Qeu8-resume3-replay-step630000.safetensors,1785571701,29.354276484077026,0.6456339692424624,12.666666666666666,13.25,11.25,13.5,1.9053038168035863,1.1882414808848947,-0.5594418174342105,0.5160266757011414,1.734375,1.734375
20260727-1-Ejp0,631000,20260702-Qeu8-resume3-replay-step631000.safetensors,1785572370,29.33048951970769,0.663882420805309,12.729166666666666,13.3125,11.3125,13.5625,1.9072873424981467,1.1883383428270715,-0.5599300986842105,0.5171185731887817,1.734375,1.734375
20260727-1-Ejp0,633000,20260702-Qeu8-resume3-replay-step633000.safetensors,1785573705,29.501527874154895,0.6516340751387443,12.75,13.3125,11.375,13.5625,1.9108926440395537,1.1892289364674888,-0.5609066611842105,0.517504870891571,1.734375,1.734375
20260727-1-Ejp0,634000,20260702-Qeu8-resume3-replay-step634000.safetensors,1785574372,29.59935492249882,0.6383136220920795,12.791666666666666,13.375,11.375,13.625,1.912289368110624,1.189959806772491,-0.5614463404605263,0.5193631052970886,1.734375,1.734375
20260727-1-Ejp0,635000,20260702-Qeu8-resume3-replay-step635000.safetensors,1785575036,29.65915015018536,0.6659906412790334,12.791666666666666,13.375,11.375,13.625,1.9141716723831232,1.191203849825024,-0.5621916118421053,0.5194830894470215,1.734375,1.734375
20260727-1-Ejp0,636000,20260702-Qeu8-resume3-replay-step636000.safetensors,1785575707,29.778794144733457,0.6921952779726956,12.854166666666666,13.4375,11.4375,13.6875,1.9156287178883142,1.191627283240103,-0.5628083881578947,0.5202950835227966,1.734375,1.734375
20260727-1-Ejp0,637000,20260702-Qeu8-resume3-replay-step637000.safetensors,1785576372,29.771688451386424,0.644950016788593,12.854166666666666,13.4375,11.4375,13.6875,1.9174313579993936,1.1902630167732209,-0.5633737664473685,0.5210486650466919,1.734375,1.734375
20260727-1-Ejp0,638000,20260702-Qeu8-resume3-replay-step638000.safetensors,1785577038,29.8184624483017,0.6749918080976243,12.854166666666666,13.4375,11.4375,13.6875,1.9194531769067773,1.191764615187704,-0.5639134457236842,0.5219905972480774,1.734375,1.734375
20260727-1-Ejp0,639000,20260702-Qeu8-resume3-replay-step639000.safetensors,1785577707,29.920159267317004,0.6417711293608901,12.916666666666666,13.5,11.5,13.75,1.9206921822846368,1.191619437521223,-0.564221833881579,0.5217894148081541,1.734375,1.734375
20260727-1-Ejp0,640000,20260702-Qeu8-resume3-replay-step640000.safetensors,1785578373,29.98924432978299,0.6469773294342368,12.916666666666666,13.5,11.5,13.75,1.92165372085574,1.1916161360360802,-0.56494140625,0.5228069424629211,1.734375,1.734375
20260727-1-Ejp0,641000,20260702-Qeu8-resume3-replay-step641000.safetensors,1785579042,30.043227220351824,0.6526340603162549,12.979166666666666,13.5625,11.5625,13.8125,1.9231878480221638,1.1893254519443923,-0.5652754934210527,0.5238995552062988,1.734375,1.734375
20260727-1-Ejp0,642000,20260702-Qeu8-resume3-replay-step642000.safetensors,1785579717,30.07902782672722,0.6523782274068929,12.979166666666666,13.5625,11.5625,13.8125,1.9250795763970185,1.191020805025837,-0.5660464638157895,0.5247805118560791,1.734375,1.734375
20260727-1-Ejp0,643000,20260702-Qeu8-resume3-replay-step643000.safetensors,1785580383,30.029621653622296,0.6626652814153557,12.979166666666666,13.5625,11.5625,13.8125,1.927329040544639,1.1899341866650608,-0.566663240131579,0.5257112979888916,1.734375,1.734375
20260727-1-Ejp0,644000,20260702-Qeu8-resume3-replay-step644000.safetensors,1785581049,29.9687053612713,0.6591613870097901,13.041666666666666,13.625,11.625,13.875,1.9300691503999856,1.1925426012140745,-0.5673057154605263,0.525414228439331,1.734375,1.734375
20260727-1-Ejp0,645000,20260702-Qeu8-resume3-replay-step645000.safetensors,1785581718,29.885601483149838,0.6713929749027114,13.041666666666666,13.625,11.625,13.875,1.9324980878371316,1.1907864831460504,-0.5677425986842105,0.5256165266036987,1.734375,1.734375
20260727-1-Ejp0,646000,20260702-Qeu8-resume3-replay-step646000.safetensors,1785582387,29.88450831970457,0.6599884613801648,13.041666666666666,13.625,11.625,13.875,1.9352643953894797,1.192933565919715,-0.5684107730263158,0.5263806581497192,1.734375,1.734375
20260727-1-Ejp0,647000,20260702-Qeu8-resume3-replay-step647000.safetensors,1785583058,29.79608543976547,0.6869887769047743,13.083333333333334,13.625,11.6875,13.9375,1.9374354564774956,1.1930679088796197,-0.5689761513157895,0.527249813079834,1.734375,1.734375
20260727-1-Ejp0,648000,20260702-Qeu8-resume3-replay-step648000.safetensors,1785583717,29.80285261905309,0.674966810617815,13.104166666666666,13.6875,11.6875,13.9375,1.9397687043218717,1.1924416879660713,-0.5696443256578947,0.5279195308685303,1.734375,1.734375
20260727-1-Ejp0,649000,20260702-Qeu8-resume3-replay-step649000.safetensors,1785584377,29.863766728998336,0.6995480455280231,13.104166666666666,13.6875,11.6875,13.9375,1.9420085501447446,1.1916425513925888,-0.5700041118421053,0.5295257568359375,1.734375,1.734375
20260727-1-Ejp0,650000,20260702-Qeu8-resume3-replay-step650000.safetensors,1785585037,29.953111091443507,0.6818553204550816,13.145833333333334,13.6875,11.75,14.0,1.9431513781682328,1.1915758472555145,-0.5706465871710527,0.5291638374328613,1.734375,1.734375
20260727-1-Ejp0,651000,20260702-Qeu8-resume3-replay-step651000.safetensors,1785585697,29.98637757221359,0.6655315923236022,13.166666666666666,13.75,11.75,14.0,1.9446694860828335,1.1914977255633845,-0.5711605674342105,0.5293283462524414,1.734375,1.734375
20260727-1-Ejp0,652000,20260702-Qeu8-resume3-replay-step652000.safetensors,1785586363,29.98706463224899,0.6526492395206472,13.166666666666666,13.75,11.75,14.0,1.946443895686623,1.1923435447874122,-0.5718544407894737,0.5308761596679688,1.734375,1.734375
20260727-1-Ejp0,653000,20260702-Qeu8-resume3-replay-step653000.safetensors,1785587025,29.925666830422863,0.6600972477346931,13.208333333333334,13.8125,11.75,14.0625,1.9493626221890337,1.191103932616146,-0.5724455180921053,0.5319478511810303,1.734375,1.734375
20260727-1-Ejp0,654000,20260702-Qeu8-resume3-replay-step654000.safetensors,1785587686,29.84978041214667,0.6596706263147835,13.229166666666666,13.8125,11.8125,14.0625,1.9523903010935573,1.192971277154355,-0.5730365953947368,0.5321197509765625,1.734375,1.734375
20260727-1-Ejp0,655000,20260702-Qeu8-resume3-replay-step655000.safetensors,1785588348,29.83221508976713,0.6642355986801952,13.229166666666666,13.8125,11.8125,14.0625,1.9544041985744263,1.191855334760142,-0.573473478618421,0.5325942039489746,1.734375,1.734375
20260727-1-Ejp0,656000,20260702-Qeu8-resume3-replay-step656000.safetensors,1785589009,29.794307326653403,0.6525955465427122,13.229166666666666,13.8125,11.8125,14.0625,1.9564157255540617,1.1924687366599809,-0.5740388569078947,0.5322329998016357,1.734375,1.734375
20260727-1-Ejp0,657000,20260702-Qeu8-resume3-replay-step657000.safetensors,1785589672,29.72442581703846,0.6716004536364893,13.291666666666666,13.875,11.875,14.125,1.9591224413937625,1.192845950727072,-0.5746813322368421,0.5326004028320312,1.734375,1.734375
20260727-1-Ejp0,658000,20260702-Qeu8-resume3-replay-step658000.safetensors,1785590339,29.82681584409107,0.6550796761160883,13.291666666666666,13.875,11.875,14.125,1.9598149710683035,1.1918088391632995,-0.5752724095394737,0.533860445022583,1.734375,1.734375
20260727-1-Ejp0,659000,20260702-Qeu8-resume3-replay-step659000.safetensors,1785591003,29.80254269832635,0.6550263855657327,13.333333333333334,13.9375,11.9375,14.125,1.9625835902247517,1.1928822476611467,-0.57568359375,0.5337014198303223,1.734375,1.734375
20260727-1-Ejp0,660000,20260702-Qeu8-resume3-replay-step660000.safetensors,1785591667,29.748965544649582,0.6566896197941248,13.354166666666666,13.9375,11.9375,14.1875,1.9645721495858472,1.194269646082652,-0.5765316611842105,0.5346879959106445,1.734375,1.734375
20260727-1-Ejp0,661000,20260702-Qeu8-resume3-replay-step661000.safetensors,1785592330,29.704005172541148,0.6634004389798994,13.354166666666666,13.9375,11.9375,14.1875,1.9668962406386337,1.1938391940218454,-0.5770713404605263,0.5361027717590332,1.734375,1.734375
20260727-1-Ejp0,662000,20260702-Qeu8-resume3-replay-step662000.safetensors,1785592994,29.67466610702662,0.6530829580963214,13.375,13.9375,12.0,14.1875,1.9693364420035937,1.1950316107940229,-0.5775596217105263,0.5365638732910156,1.734375,1.734375
20260727-1-Ejp0,663000,20260702-Qeu8-resume3-replay-step663000.safetensors,1785593662,29.59334427333833,0.6821916297590113,13.395833333333334,14.0,12.0,14.1875,1.9715307921311358,1.1945335958658516,-0.578125,0.536239504814148,1.734375,1.734375
20260727-1-Ejp0,664000,20260702-Qeu8-resume3-replay-step664000.safetensors,1785594326,29.550953981569513,0.6645799025921957,13.416666666666666,14.0,12.0,14.25,1.9738054761749335,1.1942971614014766,-0.5785361842105263,0.5364037156105042,1.734375,1.734375
20260727-1-Ejp0,665000,20260702-Qeu8-resume3-replay-step665000.safetensors,1785594990,29.509831454546905,0.6653201523312565,13.4375,14.0,12.0625,14.25,1.9757738585397264,1.1938528787863762,-0.5792043585526315,0.5364727973937988,1.734375,1.734375
20260727-1-Ejp0,666000,20260702-Qeu8-resume3-replay-step666000.safetensors,1785595654,29.478550722639962,0.6540865770018657,13.458333333333334,14.0625,12.0625,14.25,1.9777070225567956,1.195187717853301,-0.579821134868421,0.5367415249347687,1.734375,1.734375
20260727-1-Ejp0,667000,20260702-Qeu8-resume3-replay-step667000.safetensors,1785596317,29.40700927736143,0.6642293298965992,13.458333333333334,14.0625,12.0625,14.25,1.9795396747754381,1.1931299403108986,-0.5805407072368421,0.5367088317871094,1.734375,1.734375
20260727-1-Ejp0,668000,20260702-Qeu8-resume3-replay-step668000.safetensors,1785596982,29.373974835841487,0.6612385815762502,13.5,14.0625,12.125,14.3125,1.981856843283446,1.1941945668480671,-0.5811831825657895,0.5381328202784061,1.734375,1.734375
20260727-1-Ejp0,669000,20260702-Qeu8-resume3-replay-step669000.safetensors,1785597650,29.32765807590545,0.6584854974595568,13.5,14.0625,12.125,14.3125,1.9839722484273599,1.1941576526196696,-0.5816457648026315,0.5380921363830566,1.734375,1.734375
20260727-1-Ejp0,670000,20260702-Qeu8-resume3-replay-step670000.safetensors,1785598315,29.341862665606225,0.6827476250371571,13.541666666666666,14.125,12.125,14.375,1.9854564277876776,1.1932144628573613,-0.5818770559210527,0.5396091938018799,1.734375,1.734375
20260727-1-Ejp0,671000,20260702-Qeu8-resume3-replay-step671000.safetensors,1785598980,29.395328305540712,0.6522568810305023,13.5625,14.125,12.1875,14.375,1.9872710220081657,1.1951234832793196,-0.5823139391447368,0.5404098331928253,1.734375,1.734375
20260727-1-Ejp0,672000,20260702-Qeu8-resume3-replay-step672000.safetensors,1785599640,29.34067983760264,0.6483529321214746,13.5625,14.125,12.1875,14.375,1.9901660550111209,1.1939623217712303,-0.5833932976973685,0.5403860369697213,1.734375,1.734375
20260727-1-Ejp0,673000,20260702-Qeu8-resume3-replay-step673000.safetensors,1785600300,29.2685658847797,0.656590536308574,13.5625,14.125,12.1875,14.375,1.9934772726803935,1.192238783152044,-0.5840100740131579,0.5405396223068237,1.734375,1.734375
20260727-1-Ejp0,674000,20260702-Qeu8-resume3-replay-step674000.safetensors,1785600961,29.22258908770235,0.6522114540462479,13.604166666666666,14.1875,12.1875,14.4375,1.9955425325172222,1.1948141729965065,-0.5844983552631579,0.54164057970047,1.734375,1.734375
20260727-1-Ejp0,675000,20260702-Qeu8-resume3-replay-step675000.safetensors,1785601616,29.17557130807083,0.6765431064179778,13.625,14.1875,12.25,14.4375,1.9981096255925936,1.1944683315237672,-0.5850380345394737,0.5419070720672607,1.734375,1.734375
20260727-1-Ejp0,676000,20260702-Qeu8-resume3-replay-step676000.safetensors,1785602270,29.154583670550753,0.6737110405369566,13.625,14.1875,12.25,14.4375,2.0007102278048805,1.1944896078894636,-0.5856291118421053,0.543309211730957,1.734375,1.734375
20260727-1-Ejp0,677000,20260702-Qeu8-resume3-replay-step677000.safetensors,1785602922,29.06571047876265,0.6698469650592458,13.645833333333334,14.1875,12.25,14.5,2.003390221180333,1.192273099440596,-0.5861173930921053,0.5430371761322021,1.734375,1.734375
20260727-1-Ejp0,678000,20260702-Qeu8-resume3-replay-step678000.safetensors,1785603575,29.06981669235941,0.678602953232939,13.6875,14.25,12.3125,14.5,2.0053561197276135,1.1937368994626776,-0.5865542763157895,0.5439396500587463,1.734375,1.734375
20260727-1-Ejp0,679000,20260702-Qeu8-resume3-replay-step679000.safetensors,1785604228,29.0591919540029,0.6564842915517283,13.6875,14.25,12.3125,14.5,2.0072880934917157,1.1922445761791418,-0.5869654605263158,0.5432353019714355,1.734375,1.734375
20260727-1-Ejp0,680000,20260702-Qeu8-resume3-replay-step680000.safetensors,1785604894,29.024344672737268,0.6630480968868545,13.708333333333334,14.25,12.3125,14.5625,2.0099017470796365,1.1934290983748994,-0.5879677220394737,0.543511152267456,1.734375,1.734375
20260727-1-Ejp0,681000,20260702-Qeu8-resume3-replay-step681000.safetensors,1785605545,28.94862936292194,0.661162019314964,13.729166666666666,14.25,12.375,14.5625,2.012136779892539,1.1945250787283832,-0.588635896381579,0.5442544519901276,1.734375,1.734375
20260727-1-Ejp0,682000,20260702-Qeu8-resume3-replay-step682000.safetensors,1785606202,28.925121168279542,0.6654570536843345,13.75,14.3125,12.375,14.5625,2.0137694217223756,1.1946474428130016,-0.5890727796052632,0.545629471540451,1.734375,1.734375
20260727-1-Ejp0,683000,20260702-Qeu8-resume3-replay-step683000.safetensors,1785606856,28.889895564999705,0.6814466771884633,13.770833333333334,14.3125,12.375,14.625,2.0157022809932323,1.193308082740538,-0.5895610608552632,0.5458855628967285,1.734375,1.734375
20260727-1-Ejp0,684000,20260702-Qeu8-resume3-replay-step684000.safetensors,1785607509,28.900480061845958,0.6635192807018853,13.791666666666666,14.3125,12.4375,14.625,2.0176605982825353,1.194976133275671,-0.5901264391447368,0.546210765838623,1.734375,1.734375
20260727-1-Ejp0,685000,20260702-Qeu8-resume3-replay-step685000.safetensors,1785608154,28.84709111197735,0.6474126251162795,13.791666666666666,14.3125,12.4375,14.625,2.019423791138499,1.1952361713832813,-0.5905376233552632,0.5469204783439636,1.734375,1.734375
20260727-1-Ejp0,686000,20260702-Qeu8-resume3-replay-step686000.safetensors,1785608795,28.829040124835977,0.6707646621543507,13.833333333333334,14.375,12.4375,14.6875,2.021565834680162,1.1953906043169398,-0.5910002055921053,0.5470153093338013,1.734375,1.734375
20260727-1-Ejp0,687000,20260702-Qeu8-resume3-replay-step687000.safetensors,1785609445,28.793952629195243,0.6731960759440733,13.854166666666666,14.375,12.5,14.6875,2.0235533391086107,1.1940282129567898,-0.5917711759868421,0.548528790473938,1.734375,1.734375
20260727-1-Ejp0,688000,20260702-Qeu8-resume3-replay-step688000.safetensors,1785610092,28.771438440186802,0.6546323061927148,13.854166666666666,14.375,12.5,14.6875,2.025986587504492,1.1944856309449727,-0.5924907483552632,0.5491030290722847,1.734375,1.734375
20260727-1-Ejp0,689000,20260702-Qeu8-resume3-replay-step689000.safetensors,1785610740,28.90324399158125,0.6563740315303245,13.875,14.4375,12.5,14.6875,2.026745053631292,1.194818868393381,-0.5930561266447368,0.5510616600513458,1.734375,1.734375
20260727-1-Ejp0,690000,20260702-Qeu8-resume3-replay-step690000.safetensors,1785611392,28.96954573869654,0.6452456529661011,13.916666666666666,14.4375,12.5625,14.75,2.0289893153988743,1.1946069675966267,-0.593493009868421,0.5514922142028809,1.734375,1.734375
20260727-1-Ejp0,691000,20260702-Qeu8-resume3-replay-step691000.safetensors,1785612053,28.952365422548922,0.6720973701715717,13.9375,14.5,12.5625,14.75,2.0313455973472303,1.1930996954015216,-0.594006990131579,0.5511540174484253,1.734375,1.734375
20260727-1-Ejp0,692000,20260702-Qeu8-resume3-replay-step692000.safetensors,1785612708,28.95503378263209,0.6421247835068884,13.958333333333334,14.5,12.625,14.75,2.03308779758245,1.193495901818717,-0.5945209703947368,0.5522661209106445,1.734375,1.734375
20260727-1-Ejp0,693000,20260702-Qeu8-resume3-replay-step693000.safetensors,1785613359,28.921521571616573,0.6929904825834137,13.979166666666666,14.5625,12.625,14.75,2.0367467237223145,1.1940851494736724,-0.5950863486842105,0.55303955078125,1.734375,1.734375
20260727-1-Ejp0,694000,20260702-Qeu8-resume3-replay-step694000.safetensors,1785614010,29.03965685651446,0.6621854586735284,14.0,14.5625,12.625,14.8125,2.038057804723619,1.194311702457592,-0.5955232319078947,0.5532732009887695,1.734375,1.734375
20260727-1-Ejp0,695000,20260702-Qeu8-resume3-replay-step695000.safetensors,1785614662,29.10101718169396,0.6558056022907484,14.041666666666666,14.625,12.6875,14.8125,2.039805001244769,1.195065887690809,-0.5963199013157895,0.5533980131149292,1.734375,1.734375
20260727-1-Ejp0,696000,20260702-Qeu8-resume3-replay-step696000.safetensors,1785615327,29.18609677188683,0.6553953902044556,14.0625,14.625,12.6875,14.875,2.041564674100407,1.1955816527905052,-0.5970394736842105,0.5544483661651611,1.734375,1.734375
20260727-1-Ejp0,697000,20260702-Qeu8-resume3-replay-step697000.safetensors,1785615990,29.323662592978806,0.6891550611733388,14.0625,14.625,12.6875,14.875,2.04301098244921,1.1949102157961922,-0.5975791529605263,0.5553483963012695,1.734375,1.734375
20260727-1-Ejp0,698000,20260702-Qeu8-resume3-replay-step698000.safetensors,1785616641,29.36104304128291,0.6946176054389369,14.125,14.6875,12.75,14.9375,2.04539283570348,1.194875278534452,-0.597887541118421,0.5555781126022339,1.734375,1.734375
20260727-1-Ejp0,699000,20260702-Qeu8-resume3-replay-step699000.safetensors,1785617290,29.411947465560587,0.7399727967809148,14.125,14.6875,12.75,14.9375,2.047105304478415,1.196278420043965,-0.598375822368421,0.5568898916244507,1.734375,1.734375
20260727-1-Ejp0,700000,20260702-Qeu8-resume3-replay-step700000.safetensors,1785617939,29.42473402105067,0.680958322530311,14.145833333333334,14.6875,12.8125,14.9375,2.049791006332542,1.1955120545619864,-0.5992238898026315,0.5581823587417603,1.734375,1.734375
20260727-1-Ejp0,701000,20260702-Qeu8-resume3-replay-step701000.safetensors,1785618590,29.37271916347007,0.7187248653085823,14.166666666666666,14.75,12.8125,14.9375,2.0525669630000865,1.196143848547967,-0.5996350740131579,0.5583997964859009,1.734375,1.734375
20260727-1-Ejp0,702000,20260702-Qeu8-resume3-replay-step702000.safetensors,1785619246,29.320146992001728,0.6953078422070822,14.1875,14.75,12.8125,15.0,2.0551681995350766,1.1955800776424494,-0.6003803453947368,0.5590682029724121,1.734375,1.734375
20260727-1-Ejp0,703000,20260702-Qeu8-resume3-replay-step703000.safetensors,1785619899,29.312849409774966,0.7010411965401327,14.208333333333334,14.75,12.875,15.0,2.0569552995018454,1.1955174532017185,-0.600842927631579,0.5592190027236938,1.734375,1.734375
20260727-1-Ejp0,704000,20260702-Qeu8-resume3-replay-step704000.safetensors,1785620550,29.38421215863434,0.7219896520942918,14.229166666666666,14.8125,12.875,15.0,2.0583099666673346,1.1943143824120663,-0.6014340049342105,0.559175968170166,1.734375,1.734375
20260727-1-Ejp0,705000,20260702-Qeu8-resume3-replay-step705000.safetensors,1785621198,29.430747397725757,0.7180345065180197,14.25,14.8125,12.875,15.0625,2.0597599837052267,1.1958944073929214,-0.6018965871710527,0.5596268177032471,1.734375,1.734375
20260727-1-Ejp0,706000,20260702-Qeu8-resume3-replay-step706000.safetensors,1785621847,29.46788318758416,0.7490542372415474,14.291666666666666,14.875,12.9375,15.0625,2.0619003005427183,1.1941685627533858,-0.6024876644736842,0.5606963634490967,1.734375,1.734375
20260727-1-Ejp0,707000,20260702-Qeu8-resume3-replay-step707000.safetensors,1785622500,29.55228798260952,0.7367778909138962,14.291666666666666,14.875,12.9375,15.0625,2.0640783980244715,1.196017107265327,-0.6030787417763158,0.5608201026916504,1.734375,1.734375
20260727-1-Ejp0,708000,20260702-Qeu8-resume3-replay-step708000.safetensors,1785623146,29.58157312982063,0.75190136312631,14.3125,14.875,12.9375,15.125,2.0661818597864334,1.195589312223711,-0.6034642269736842,0.5612828731536865,1.734375,1.734375
20260727-1-Ejp0,709000,20260702-Qeu8-resume3-replay-step709000.safetensors,1785623792,29.627068251756786,0.719777760800739,14.354166666666666,14.9375,13.0,15.125,2.0677721317495057,1.1952234222495601,-0.6040810032894737,0.5617705583572388,1.734375,1.734375
20260727-1-Ejp0,710000,20260702-Qeu8-resume3-replay-step710000.safetensors,1785624436,29.734820433021284,0.7530038056012276,14.375,14.9375,13.0,15.1875,2.0697378914731916,1.1944768595610955,-0.604723478618421,0.5613800287246704,1.734375,1.734375
20260727-1-Ejp0,711000,20260702-Qeu8-resume3-replay-step711000.safetensors,1785625081,29.829189238195944,0.7268450509040976,14.416666666666666,15.0,13.0625,15.1875,2.070960402539384,1.1924978810800657,-0.6050575657894737,0.5627351999282837,1.734375,1.734375
20260727-1-Ejp0,712000,20260702-Qeu8-resume3-replay-step712000.safetensors,1785625726,29.79612434667536,0.7201768335162149,14.416666666666666,15.0,13.0625,15.1875,2.073147798200778,1.1953864059418264,-0.6057514391447368,0.5637749433517456,1.734375,1.734375
20260727-1-Ejp0,713000,20260702-Qeu8-resume3-replay-step713000.safetensors,1785626382,29.737041816009548,0.7154395042824704,14.458333333333334,15.0625,13.0625,15.25,2.0762615729867258,1.1941372512448036,-0.6064196134868421,0.5631992816925049,1.734375,1.734375
20260727-1-Ejp0,714000,20260702-Qeu8-resume3-replay-step714000.safetensors,1785627029,29.654589007697766,0.6842585629900471,14.458333333333334,15.0625,13.0625,15.25,2.079075465333933,1.1961854922263724,-0.6069849917763158,0.5633704662322998,1.734375,1.734375
20260727-1-Ejp0,715000,20260702-Qeu8-resume3-replay-step715000.safetensors,1785627672,29.596741856614926,0.6866782175809996,14.479166666666666,15.0625,13.125,15.25,2.082131568220821,1.19751955501381,-0.6074475740131579,0.5636318922042847,1.734375,1.734375
20260727-1-Ejp0,716000,20260702-Qeu8-resume3-replay-step716000.safetensors,1785628315,29.52077949574169,0.6810293113155153,14.5,15.0625,13.125,15.3125,2.084507551119103,1.1953318900835348,-0.6079358552631579,0.5640854835510254,1.734375,1.734375
20260727-1-Ejp0,717000,20260702-Qeu8-resume3-replay-step717000.safetensors,1785628956,29.464982908834628,0.6971962292469583,14.520833333333334,15.125,13.125,15.3125,2.087302201178669,1.195397746010166,-0.6087068256578947,0.5644280910491943,1.734375,1.734375
20260727-1-Ejp0,718000,20260702-Qeu8-resume3-replay-step718000.safetensors,1785629597,29.4416835458566,0.6876900542021372,14.541666666666666,15.125,13.1875,15.3125,2.089289593242354,1.1957256458430576,-0.6092722039473685,0.5659260749816895,1.734375,1.734375
20260727-1-Ejp0,719000,20260702-Qeu8-resume3-replay-step719000.safetensors,1785630242,29.362256752052488,0.6830790008868247,14.541666666666666,15.125,13.1875,15.3125,2.0919585565907792,1.195616172657958,-0.6096833881578947,0.5659031867980957,1.734375,1.734375
20260727-1-Ejp0,720000,20260702-Qeu8-resume3-replay-step720000.safetensors,1785630884,29.334901389021944,0.6672490210467229,14.583333333333334,15.1875,13.1875,15.375,2.0946935191104714,1.1944069529782682,-0.6103515625,0.5662316083908081,1.734375,1.734375
20260727-1-Ejp0,721000,20260702-Qeu8-resume3-replay-step721000.safetensors,1785631528,29.299896354351297,0.6726362070768194,14.583333333333334,15.1875,13.1875,15.375,2.0970338812349034,1.195762325278403,-0.611096833881579,0.566185474395752,1.734375,1.734375
20260727-1-Ejp0,722000,20260702-Qeu8-resume3-replay-step722000.safetensors,1785632171,29.235664246344022,0.6759412444508536,14.604166666666666,15.1875,13.25,15.375,2.0999610703764287,1.1954323152356932,-0.6114566200657895,0.5670262575149536,1.734375,1.734375
20260727-1-Ejp0,723000,20260702-Qeu8-resume3-replay-step723000.safetensors,1785632814,29.290039080560998,0.672341060689143,14.645833333333334,15.25,13.25,15.4375,2.101377666331559,1.1969177936815725,-0.6119706003289473,0.5686774253845215,1.734375,1.734375
20260727-1-Ejp0,724000,20260702-Qeu8-resume3-replay-step724000.safetensors,1785633466,29.37139399183529,0.6466581481277907,14.645833333333334,15.25,13.25,15.4375,2.1027623098411237,1.1961725509823338,-0.6124588815789473,0.5694246292114258,1.734375,1.734375
20260727-1-Ejp0,725000,20260702-Qeu8-resume3-replay-step725000.safetensors,1785634113,29.445875587569002,0.6756711635408532,14.666666666666666,15.25,13.3125,15.4375,2.1044177829854953,1.1959191817627328,-0.6132041529605263,0.57008957862854,1.734375,1.734375
20260727-1-Ejp0,726000,20260702-Qeu8-resume3-replay-step726000.safetensors,1785634754,29.463745398017807,0.6488824064326312,14.708333333333334,15.3125,13.3125,15.5,2.1068280667371266,1.1948335258576,-0.6137181332236842,0.5690035820007324,1.734375,1.734375
20260727-1-Ejp0,727000,20260702-Qeu8-resume3-replay-step727000.safetensors,1785635395,29.394932252577217,0.6652664308222241,14.708333333333334,15.3125,13.3125,15.5,2.110081043397051,1.195053291835097,-0.6142835115131579,0.5705540180206299,1.734375,1.734375
20260727-1-Ejp0,728000,20260702-Qeu8-resume3-replay-step728000.safetensors,1785636035,29.345564291646166,0.6607793264288556,14.729166666666666,15.3125,13.375,15.5,2.1128246859410225,1.195677121920205,-0.6149002878289473,0.5705375671386719,1.734375,1.734375
20260727-1-Ejp0,729000,20260702-Qeu8-resume3-replay-step729000.safetensors,1785636674,29.288725789875084,0.6476895634983532,14.75,15.375,13.375,15.5,2.1154423495318446,1.1967369436172648,-0.6155170641447368,0.5715475082397461,1.734375,1.734375
20260727-1-Ejp0,730000,20260702-Qeu8-resume3-replay-step730000.safetensors,1785637317,29.310132978429078,0.6660169839562964,14.770833333333334,15.375,13.375,15.5625,2.1173785517045594,1.1943374946747207,-0.6160824424342105,0.5708608627319336,1.734375,1.734375
20260727-1-Ejp0,731000,20260702-Qeu8-resume3-replay-step731000.safetensors,1785637957,29.415226709408227,0.6829844052552572,14.791666666666666,15.375,13.4375,15.5625,2.118421251679666,1.1959254590899393,-0.6165707236842105,0.5715460777282715,1.734375,1.734375
20260727-1-Ejp0,732000,20260702-Qeu8-resume3-replay-step732000.safetensors,1785638594,29.47997294327655,0.6629964651262598,14.833333333333334,15.4375,13.4375,15.625,2.119644323828607,1.1935980703855091,-0.6168020148026315,0.5726009607315063,1.734375,1.734375
20260727-1-Ejp0,733000,20260702-Qeu8-resume3-replay-step733000.safetensors,1785639231,29.556922884889694,0.6573943234815005,14.854166666666666,15.4375,13.5,15.625,2.1210125377900186,1.1956825615972142,-0.6174958881578947,0.5738894939422607,1.734375,1.734375
20260727-1-Ejp0,734000,20260702-Qeu8-resume3-replay-step734000.safetensors,1785639868,29.660998320074075,0.6524103243390265,14.875,15.4375,13.5,15.6875,2.1224286669280072,1.1955305607508182,-0.6181897615131579,0.5739017724990845,1.734375,1.734375
20260727-1-Ejp0,735000,20260702-Qeu8-resume3-replay-step735000.safetensors,1785640508,29.695809130887323,0.643514184847712,14.916666666666666,15.5,13.5625,15.6875,2.1239388151664915,1.194341675315354,-0.6186009457236842,0.573886513710022,1.734375,1.734375
20260727-1-Ejp0,736000,20260702-Qeu8-resume3-replay-step736000.safetensors,1785641163,29.76781159354492,0.664739716829794,14.916666666666666,15.5,13.5625,15.6875,2.1260801998661085,1.1967791636249472,-0.6192434210526315,0.573540449142456,1.734375,1.734375
20260727-1-Ejp0,737000,20260702-Qeu8-resume3-replay-step737000.safetensors,1785641802,29.837024131972953,0.6419085193624728,14.958333333333334,15.5625,13.5625,15.75,2.1273053903342194,1.1966443830492604,-0.6196803042763158,0.5744324922561646,1.734375,1.734375
20260727-1-Ejp0,738000,20260702-Qeu8-resume3-replay-step738000.safetensors,1785642444,29.88698250794964,0.6539369160883494,14.979166666666666,15.5625,13.625,15.75,2.128937799344496,1.1952598920468027,-0.6202713815789473,0.575171947479248,1.734375,1.734375
20260727-1-Ejp0,739000,20260702-Qeu8-resume3-replay-step739000.safetensors,1785643084,29.859591314111462,0.6655092454848897,15.0,15.5625,13.625,15.8125,2.131016400384203,1.1950570209364344,-0.6206568667763158,0.5764528512954712,1.734375,1.734375
20260727-1-Ejp0,740000,20260702-Qeu8-resume3-replay-step740000.safetensors,1785643725,29.895761638890026,0.6998333348057126,15.020833333333334,15.625,13.625,15.8125,2.1336401090787693,1.195970091805297,-0.6213764391447368,0.5764760971069336,1.734375,1.734375
20260727-1-Ejp0,741000,20260702-Qeu8-resume3-replay-step741000.safetensors,1785644371,29.890280644699107,0.6668837382185703,15.041666666666666,15.625,13.6875,15.8125,2.1355062469779558,1.1948250228687372,-0.6219932154605263,0.5768057107925415,1.734375,1.734375
20260727-1-Ejp0,742000,20260702-Qeu8-resume3-replay-step742000.safetensors,1785645013,29.86239506372056,0.6580177803326281,15.0625,15.625,13.6875,15.875,2.1384600912494913,1.1956742212419447,-0.6224557976973685,0.5777409076690674,1.734375,1.734375
20260727-1-Ejp0,743000,20260702-Qeu8-resume3-replay-step743000.safetensors,1785645652,29.776274287029025,0.6766282335738663,15.083333333333334,15.6875,13.6875,15.875,2.1409463735216607,1.1953459033828115,-0.6230725740131579,0.5769742727279663,1.734375,1.734375
20260727-1-Ejp0,744000,20260702-Qeu8-resume3-replay-step744000.safetensors,1785646288,29.73066848542165,0.6716694048051071,15.083333333333334,15.6875,13.6875,15.875,2.143080514830718,1.1952351656328695,-0.6235608552631579,0.5779382586479187,1.734375,1.734375
20260727-1-Ejp0,745000,20260702-Qeu8-resume3-replay-step745000.safetensors,1785646925,29.65193469008599,0.6696830772956709,15.104166666666666,15.6875,13.75,15.875,2.1458683822562254,1.1968725655595818,-0.6241262335526315,0.5783078670501709,1.734375,1.734375
20260727-1-Ejp0,746000,20260702-Qeu8-resume3-replay-step746000.safetensors,1785647560,29.616560586198297,0.6575383844674741,15.145833333333334,15.75,13.75,15.9375,2.148096802869311,1.195495938328961,-0.6247944078947368,0.5796023607254028,1.734375,1.734375
20260727-1-Ejp0,747000,20260702-Qeu8-resume3-replay-step747000.safetensors,1785648204,29.55945817253793,0.6521949472173877,15.145833333333334,15.75,13.75,15.9375,2.151228447292855,1.1959982936024711,-0.625231291118421,0.5800906419754028,1.734375,1.734375
20260727-1-Ejp0,748000,20260702-Qeu8-resume3-replay-step748000.safetensors,1785648840,29.518489691134825,0.6565434838166412,15.145833333333334,15.75,13.75,15.9375,2.1533697912588594,1.1974135591505395,-0.6257709703947368,0.5802711248397827,1.734375,1.734375
20260727-1-Ejp0,749000,20260702-Qeu8-resume3-replay-step749000.safetensors,1785649477,29.50056058200055,0.6687192239018339,15.1875,15.75,13.8125,16.0,2.1551150545715347,1.1956203219906676,-0.6264905427631579,0.5816166400909424,1.734375,1.734375
20260727-1-Ejp0,750000,20260702-Qeu8-resume3-replay-step750000.safetensors,1785650113,29.429287734088792,0.6503450129276415,15.208333333333334,15.8125,13.8125,16.0,2.1575565009092115,1.1956391151539374,-0.627210115131579,0.5810971260070801,1.734375,1.734375
20260727-1-Ejp0,751000,20260702-Qeu8-resume3-replay-step751000.safetensors,1785650751,29.40661391064234,0.6478140197117105,15.208333333333334,15.8125,13.8125,16.0,2.1600288571118886,1.1958501652331375,-0.6275442023026315,0.5826479196548462,1.734375,1.734375
20260727-1-Ejp0,752000,20260702-Qeu8-resume3-replay-step752000.safetensors,1785651390,29.392689278150183,0.6927980456767892,15.229166666666666,15.8125,13.875,16.0,2.162322266737812,1.1964549580510626,-0.6279039884868421,0.5824600458145142,1.734375,1.734375
20260727-1-Ejp0,753000,20260702-Qeu8-resume3-replay-step753000.safetensors,1785652030,29.413140258943308,0.6743337234253562,15.25,15.875,13.875,16.0,2.1640844657572185,1.1978945775483982,-0.6285464638157895,0.5832705497741699,1.734375,1.734375
20260727-1-Ejp0,754000,20260702-Qeu8-resume3-replay-step754000.safetensors,1785652665,29.45131594110402,0.6646075574358155,15.291666666666666,15.875,13.875,16.125,2.16551497355836,1.1970771374491869,-0.629137541118421,0.584902286529541,1.734375,1.734375
20260727-1-Ejp0,755000,20260702-Qeu8-resume3-replay-step755000.safetensors,1785653299,29.54255257702095,0.6821965484074841,15.3125,15.875,13.9375,16.125,2.16737782021129,1.197876893303203,-0.6295487253289473,0.5838396549224854,1.734375,1.734375
20260727-1-Ejp0,756000,20260702-Qeu8-resume3-replay-step756000.safetensors,1785653932,29.49179553406134,0.6612363950290191,15.333333333333334,15.9375,13.9375,16.125,2.169560986875936,1.1976329278870832,-0.63037109375,0.5859403610229492,1.734375,1.734375
20260727-1-Ejp0,757000,20260702-Qeu8-resume3-replay-step757000.safetensors,1785654563,29.446527623877248,0.6647120074820618,15.333333333333334,15.9375,13.9375,16.125,2.172541705790971,1.1978998683878297,-0.6309364720394737,0.5871667265892029,1.734375,1.734375
20260727-1-Ejp0,758000,20260702-Qeu8-resume3-replay-step758000.safetensors,1785655197,29.39062222404744,0.667221995503445,15.354166666666666,15.9375,14.0,16.125,2.175365565529297,1.1986026254145026,-0.6313990542763158,0.5860000848770142,1.734375,1.734375
20260727-1-Ejp0,759000,20260702-Qeu8-resume3-replay-step759000.safetensors,1785655829,29.458783730376137,0.6647753135526585,15.416666666666666,16.0,14.0,16.25,2.1767658025371626,1.1983207305953685,-0.6317845394736842,0.5875747203826904,1.734375,1.734375
20260727-1-Ejp0,760000,20260702-Qeu8-resume3-replay-step760000.safetensors,1785656459,29.583204729921125,0.6668772600047416,15.4375,16.0,14.0625,16.25,2.178985196254042,1.1985461300920492,-0.6324270148026315,0.5870981216430664,1.734375,1.734375
20260727-1-Ejp0,761000,20260702-Qeu8-resume3-replay-step761000.safetensors,1785657090,29.645433170832465,0.6456769322169703,15.4375,16.0,14.0625,16.25,2.1805792736425063,1.1989293360742754,-0.6328638980263158,0.588999330997467,1.734375,1.734375
20260727-1-Ejp0,762000,20260702-Qeu8-resume3-replay-step762000.safetensors,1785657722,29.7463432285506,0.6320471034351978,15.479166666666666,16.125,14.0625,16.25,2.181972143701368,1.19812431212709,-0.6335834703947368,0.5891547203063965,1.734375,1.734375
20260727-1-Ejp0,763000,20260702-Qeu8-resume3-replay-step763000.safetensors,1785658355,29.831500350199093,0.6467306914409808,15.5,16.125,14.125,16.25,2.1833174767418715,1.1984656235927842,-0.634020353618421,0.589396595954895,1.734375,1.734375
20260727-1-Ejp0,764000,20260702-Qeu8-resume3-replay-step764000.safetensors,1785658992,29.8141139841965,0.6564710482176801,15.541666666666666,16.125,14.125,16.375,2.1862003770834355,1.1985237404122246,-0.6346371299342105,0.5894207954406738,1.734375,1.734375
20260727-1-Ejp0,765000,20260702-Qeu8-resume3-replay-step765000.safetensors,1785659623,29.7781775093044,0.6674706475681068,15.541666666666666,16.125,14.125,16.375,2.189377402839236,1.1985496983452724,-0.6353053042763158,0.5917239189147949,1.734375,1.734375
20260727-1-Ejp0,766000,20260702-Qeu8-resume3-replay-step766000.safetensors,1785660254,29.721414110610265,0.6732368651630296,15.541666666666666,16.125,14.125,16.375,2.1920991372185585,1.1985686609241955,-0.6358963815789473,0.5895235538482666,1.734375,1.734375
20260727-1-Ejp0,767000,20260702-Qeu8-resume3-replay-step767000.safetensors,1785660886,29.652631358021086,0.6628701515226746,15.604166666666666,16.25,14.1875,16.375,2.1951627536784084,1.1980398300782804,-0.6363589638157895,0.5904766321182251,1.734375,1.734375
20260727-1-Ejp0,768000,20260702-Qeu8-resume3-replay-step768000.safetensors,1785661518,29.592322443912497,0.6702846346495155,15.604166666666666,16.25,14.1875,16.375,2.198195000467388,1.1960444296866677,-0.6367958470394737,0.5921146869659424,1.734375,1.734375
20260727-1-Ejp0,769000,20260702-Qeu8-resume3-replay-step769000.safetensors,1785662151,29.550288113744603,0.6621700906610837,15.604166666666666,16.25,14.1875,16.375,2.200744068473242,1.196969039759608,-0.6373869243421053,0.5923126935958862,1.734375,1.734375
20260727-1-Ejp0,770000,20260702-Qeu8-resume3-replay-step770000.safetensors,1785662791,29.487924403538933,0.6595791418755939,15.625,16.25,14.25,16.375,2.203400863113012,1.198454538034011,-0.6379780016447368,0.5936063528060913,1.734375,1.734375
20260727-1-Ejp0,771000,20260702-Qeu8-resume3-replay-step771000.safetensors,1785663425,29.46432015372933,0.6848460742743292,15.666666666666666,16.25,14.25,16.5,2.205512062930451,1.197808456203739,-0.6384919819078947,0.5930812358856201,1.734375,1.734375
20260727-1-Ejp0,772000,20260702-Qeu8-resume3-replay-step772000.safetensors,1785664061,29.414684857075603,0.6726016320549252,15.666666666666666,16.25,14.25,16.5,2.2075413359359755,1.1964713307391714,-0.6392629523026315,0.594153642654419,1.734375,1.734375
20260727-1-Ejp0,773000,20260702-Qeu8-resume3-replay-step773000.safetensors,1785664698,29.34481057716378,0.66509395544295,15.666666666666666,16.25,14.25,16.5,2.210248827642579,1.1981191286962134,-0.6398540296052632,0.5951223373413086,1.734375,1.734375
20260727-1-Ejp0,774000,20260702-Qeu8-resume3-replay-step774000.safetensors,1785665338,29.383951533167735,0.6571709969923947,15.6875,16.25,14.3125,16.5,2.212306427961416,1.1973498038262393,-0.6400853207236842,0.5964415073394775,1.734375,1.734375
20260727-1-Ejp0,775000,20260702-Qeu8-resume3-replay-step775000.safetensors,1785665980,29.392826572993062,0.6637358163008011,15.6875,16.25,14.3125,16.5,2.21418469220247,1.1988953976189765,-0.6407534950657895,0.5967961549758911,1.734375,1.734375
20260727-1-Ejp0,776000,20260702-Qeu8-resume3-replay-step776000.safetensors,1785666628,29.333395989906606,0.6681434084247798,15.729166666666666,16.375,14.3125,16.5,2.216967431487834,1.198857325341773,-0.6413188733552632,0.5972694158554077,1.734375,1.734375
20260727-1-Ejp0,777000,20260702-Qeu8-resume3-replay-step777000.safetensors,1785667269,29.280462220748134,0.662092929634471,15.791666666666666,16.375,14.375,16.625,2.2193293135024024,1.1988835385061154,-0.6417814555921053,0.5970852375030518,1.734375,1.734375
20260727-1-Ejp0,778000,20260702-Qeu8-resume3-replay-step778000.safetensors,1785667909,29.346026329110284,0.671174511879258,15.791666666666666,16.375,14.375,16.625,2.220333772464953,1.196228221221688,-0.6425010279605263,0.5985350608825684,1.734375,1.734375
20260727-1-Ejp0,779000,20260702-Qeu8-resume3-replay-step779000.safetensors,1785668548,29.360220613240433,0.6563078280753832,15.8125,16.375,14.4375,16.625,2.2222178707515945,1.198141838401504,-0.6430407072368421,0.5988078117370605,1.734375,1.734375
20260727-1-Ejp0,780000,20260702-Qeu8-resume3-replay-step780000.safetensors,1785669187,29.375467067312748,0.6451202933837599,15.8125,16.375,14.4375,16.625,2.224167988883212,1.1993201712736248,-0.6435289884868421,0.598381757736206,1.734375,1.734375
20260727-1-Ejp0,781000,20260702-Qeu8-resume3-replay-step781000.safetensors,1785669834,29.454702924884945,0.6584531560922743,15.854166666666666,16.5,14.4375,16.625,2.226269351847595,1.1983552559982718,-0.6439915707236842,0.5986292362213135,1.734375,1.734375
20260727-1-Ejp0,782000,20260702-Qeu8-resume3-replay-step782000.safetensors,1785670476,29.52367225659231,0.6562165649368725,15.875,16.5,14.5,16.625,2.2282646304036313,1.198807961343993,-0.6444284539473685,0.5985524654388428,1.734375,1.734375
20260727-1-Ejp0,783000,20260702-Qeu8-resume3-replay-step783000.safetensors,1785671115,29.50772533646889,0.6513102758681052,15.916666666666666,16.5,14.5,16.75,2.230330409858338,1.1978937855957907,-0.6448910361842105,0.6014981269836426,1.734375,1.734375
20260727-1-Ejp0,784000,20260702-Qeu8-resume3-replay-step784000.safetensors,1785671755,29.50974808163605,0.6503546172881199,15.916666666666666,16.5,14.5,16.75,2.2326969916822805,1.1984215791283817,-0.6456363075657895,0.6005775928497314,1.734375,1.734375
20260727-1-Ejp0,785000,20260702-Qeu8-resume3-replay-step785000.safetensors,1785672397,29.48839044817711,0.6709252722305896,15.916666666666666,16.5,14.5,16.75,2.23652445343797,1.1999310367339235,-0.6463558799342105,0.6017937660217285,1.734375,1.734375
20260727-1-Ejp0,786000,20260702-Qeu8-resume3-replay-step786000.safetensors,1785673042,29.488880508382795,0.6672324385081853,15.9375,16.5,14.5625,16.75,2.2382555730285514,1.1991987336709928,-0.6469212582236842,0.6029627323150635,1.734375,1.734375
20260727-1-Ejp0,787000,20260702-Qeu8-resume3-replay-step787000.safetensors,1785673694,29.547014917588825,0.6755353083574258,15.979166666666666,16.625,14.5625,16.75,2.2398745153518593,1.1987613262129941,-0.6473581414473685,0.6032531261444092,1.734375,1.734375
20260727-1-Ejp0,788000,20260702-Qeu8-resume3-replay-step788000.safetensors,1785674340,29.53096007596397,0.6500562139909859,15.979166666666666,16.625,14.5625,16.75,2.2433393600112503,1.198500165231669,-0.6478207236842105,0.6035500764846802,1.734375,1.734375
20260727-1-Ejp0,789000,20260702-Qeu8-resume3-replay-step789000.safetensors,1785674984,29.479311314840896,0.6630512108349534,16.041666666666668,16.625,14.625,16.875,2.2462547220851437,1.199285360161304,-0.6483604029605263,0.6056389808654785,1.734375,1.734375
20260727-1-Ejp0,790000,20260702-Qeu8-resume3-replay-step790000.safetensors,1785675629,29.500993547338417,0.6699144523113969,16.041666666666668,16.625,14.625,16.875,2.248524168979503,1.199519095580973,-0.6489000822368421,0.6050390005111694,1.734375,1.734375
20260727-1-Ejp0,791000,20260702-Qeu8-resume3-replay-step791000.safetensors,1785676276,29.51445690404716,0.6510524650037361,16.041666666666668,16.625,14.625,16.875,2.2506090347918257,1.1998365662813752,-0.6497224506578947,0.6054235100746155,1.734375,1.734375
20260727-1-Ejp0,792000,20260702-Qeu8-resume3-replay-step792000.safetensors,1785676928,29.59033907576764,0.6423572714926749,16.104166666666668,16.75,14.6875,16.875,2.25175881285611,1.199094679305211,-0.6500051398026315,0.6047242879867554,1.734375,1.734375
20260727-1-Ejp0,793000,20260702-Qeu8-resume3-replay-step793000.safetensors,1785677575,29.538303665550032,0.6484351020441748,16.104166666666668,16.75,14.6875,16.875,2.2550958341695595,1.198382599475769,-0.6507504111842105,0.6063086986541748,1.734375,1.734375
20260727-1-Ejp0,794000,20260702-Qeu8-resume3-replay-step794000.safetensors,1785678224,29.542654741130445,0.6581899658255197,16.145833333333332,16.75,14.6875,17.0,2.257878849971227,1.1998435199514084,-0.6513157894736842,0.6071375608444214,1.734375,1.734375
20260727-1-Ejp0,795000,20260702-Qeu8-resume3-replay-step795000.safetensors,1785678871,29.57521481807964,0.7009390221922028,16.166666666666668,16.75,14.75,17.0,2.2590448196358928,1.2008261127124846,-0.6517012746710527,0.6076534390449524,1.734375,1.734375
20260727-1-Ejp0,796000,20260702-Qeu8-resume3-replay-step796000.safetensors,1785679519,29.630232607097096,0.6426475564533688,16.166666666666668,16.75,14.75,17.0,2.26113914499045,1.2011734876930193,-0.6521638569078947,0.6074358224868774,1.734375,1.734375
20260727-1-Ejp0,797000,20260702-Qeu8-resume3-replay-step797000.safetensors,1785680167,29.736733346580674,0.6803391079237019,16.166666666666668,16.75,14.75,17.0,2.262486983241281,1.1999023786049057,-0.6528834292763158,0.6076644659042358,1.734375,1.734375
20260727-1-Ejp0,798000,20260702-Qeu8-resume3-replay-step798000.safetensors,1785680823,29.79206955061396,0.6721519038896162,16.229166666666668,16.875,14.8125,17.0,2.2638458167678124,1.2001625711976969,-0.6532946134868421,0.6069905757904053,1.734375,1.734375
20260727-1-Ejp0,799000,20260702-Qeu8-resume3-replay-step799000.safetensors,1785681471,29.86732034906323,0.6508600183319236,16.270833333333332,16.875,14.8125,17.125,2.2655137925076327,1.2015900180039152,-0.6539627878289473,0.6061204671859741,1.734375,1.734375
20260727-1-Ejp0,800000,20260702-Qeu8-resume3-replay-step800000.safetensors,1785682121,29.949290221381073,0.6737655188310862,16.291666666666668,16.875,14.875,17.125,2.266947236203465,1.1994666349324294,-0.654296875,0.6085058450698853,1.734375,1.734375
20260727-1-Ejp0,801000,20260702-Qeu8-resume3-replay-step801000.safetensors,1785682765,29.956535296983564,0.6752436396096685,16.291666666666668,16.875,14.875,17.125,2.2688929001036637,1.2021477729079164,-0.6547594572368421,0.6074600219726562,1.734375,1.734375
20260727-1-Ejp0,802000,20260702-Qeu8-resume3-replay-step802000.safetensors,1785683409,29.903703032434763,0.6661825110281981,16.333333333333332,17.0,14.875,17.125,2.271429211895317,1.2018147785416708,-0.6555561266447368,0.6079752445220947,1.734375,1.734375
20260727-1-Ejp0,803000,20260702-Qeu8-resume3-replay-step803000.safetensors,1785684054,29.855158706259825,0.6602978844475649,16.354166666666668,17.0,14.9375,17.125,2.274557090590064,1.2005750086830167,-0.6563013980263158,0.6077483892440796,1.734375,1.734375
20260727-1-Ejp0,804000,20260702-Qeu8-resume3-replay-step804000.safetensors,1785684701,29.820000290661614,0.6542547308582515,16.354166666666668,17.0,14.9375,17.125,2.2771147168918824,1.200893688180805,-0.6566354851973685,0.6105992794036865,1.734375,1.734375
20260727-1-Ejp0,805000,20260702-Qeu8-resume3-replay-step805000.safetensors,1785685342,29.878035707506218,0.6418345930418675,16.354166666666668,17.0,14.9375,17.125,2.2788506060576523,1.1984975260311201,-0.6568924753289473,0.609897255897522,1.734375,1.734375
20260727-1-Ejp0,806000,20260702-Qeu8-resume3-replay-step806000.safetensors,1785685981,29.924435419682442,0.669136852517841,16.416666666666668,17.0,15.0,17.25,2.2812856468108977,1.2019713295551644,-0.6574064555921053,0.6112533807754517,1.734375,1.734375
20260727-1-Ejp0,807000,20260702-Qeu8-resume3-replay-step807000.safetensors,1785686616,29.951909482595514,0.645475421256788,16.416666666666668,17.0,15.0,17.25,2.283712025792115,1.203141009751639,-0.6580489309210527,0.6105426549911499,1.734375,1.734375
20260727-1-Ejp0,808000,20260702-Qeu8-resume3-replay-step808000.safetensors,1785687254,30.006254621005667,0.6769265281830738,16.458333333333332,17.125,15.0,17.25,2.286378706999043,1.2015202967673853,-0.658922697368421,0.6105935573577881,1.734375,1.734375
20260727-1-Ejp0,809000,20260702-Qeu8-resume3-replay-step809000.safetensors,1785687898,30.02274880856326,0.6542140187680527,16.479166666666668,17.125,15.0625,17.25,2.288267035255642,1.201061923476404,-0.6595137746710527,0.6114785671234131,1.734375,1.734375
20260727-1-Ejp0,810000,20260702-Qeu8-resume3-replay-step810000.safetensors,1785688538,30.055974607432347,0.6368538120044416,16.479166666666668,17.125,15.0625,17.25,2.2904311514460085,1.203151651343349,-0.6600020559210527,0.6107516288757324,1.734375,1.734375
20260727-1-Ejp0,811000,20260702-Qeu8-resume3-replay-step811000.safetensors,1785689179,30.151362581281536,0.6589466002084285,16.520833333333332,17.125,15.0625,17.375,2.292424965862291,1.2014860507070084,-0.660387541118421,0.6097071170806885,1.734375,1.734375
20260727-1-Ejp0,812000,20260702-Qeu8-resume3-replay-step812000.safetensors,1785689818,30.20079273580177,0.6405119220531885,16.541666666666668,17.125,15.125,17.375,2.294337254076195,1.2005592860505105,-0.6607987253289473,0.6112290620803833,1.734375,1.734375
20260727-1-Ejp0,813000,20260702-Qeu8-resume3-replay-step813000.safetensors,1785690451,30.142859012273796,0.6682999918517231,16.583333333333332,17.25,15.125,17.375,2.298086533717972,1.198895041728401,-0.6614412006578947,0.6118997037410736,1.734375,1.734375
20260727-1-Ejp0,814000,20260702-Qeu8-resume3-replay-step814000.safetensors,1785691083,30.087791639944594,0.6627681120675601,16.583333333333332,17.25,15.125,17.375,2.3004832342237376,1.2024107114204807,-0.6621607730263158,0.6118565201759338,1.734375,1.734375
20260727-1-Ejp0,815000,20260702-Qeu8-resume3-replay-step815000.safetensors,1785691722,30.02545426708057,0.6635729251336926,16.583333333333332,17.25,15.125,17.375,2.303789800863306,1.2026797373720037,-0.6628032483552632,0.6137258410453796,1.734375,1.734375
20260727-1-Ejp0,816000,20260702-Qeu8-resume3-replay-step816000.safetensors,1785692355,29.982148477188098,0.6625831286830295,16.604166666666668,17.25,15.1875,17.375,2.306491752761076,1.2004887271745632,-0.6632915296052632,0.6117343902587891,1.734375,1.734375
20260727-1-Ejp0,817000,20260702-Qeu8-resume3-replay-step817000.safetensors,1785692988,29.9978942171086,0.6772414473986431,16.645833333333332,17.25,15.1875,17.5,2.3080044880238146,1.2002320827272066,-0.6637284128289473,0.6118359565734863,1.734375,1.734375
20260727-1-Ejp0,818000,20260702-Qeu8-resume3-replay-step818000.safetensors,1785693621,30.027490715560415,0.6553061467012935,16.666666666666668,17.25,15.25,17.5,2.309831464027536,1.2022814291557409,-0.6643451891447368,0.6126047968864441,1.734375,1.734375
20260727-1-Ejp0,819000,20260702-Qeu8-resume3-replay-step819000.safetensors,1785694254,30.018395626851486,0.6921827164347999,16.666666666666668,17.25,15.25,17.5,2.3125631652888887,1.2030223457742109,-0.6647306743421053,0.6138617396354675,1.734375,1.734375
20260727-1-Ejp0,820000,20260702-Qeu8-resume3-replay-step820000.safetensors,1785694888,30.027705003594388,0.6730260441662864,16.708333333333332,17.375,15.25,17.5,2.3149892096398377,1.2034392563642162,-0.6654502467105263,0.6160278394818306,1.734375,1.734375
20260727-1-Ejp0,821000,20260702-Qeu8-resume3-replay-step821000.safetensors,1785695524,30.06742366791361,0.6508805281165158,16.729166666666668,17.375,15.3125,17.5,2.316751889693484,1.2039442171867698,-0.6659899259868421,0.6141263246536255,1.734375,1.734375
20260727-1-Ejp0,822000,20260702-Qeu8-resume3-replay-step822000.safetensors,1785696157,30.11393507774882,0.6525443116046782,16.729166666666668,17.375,15.3125,17.5,2.3190237298516228,1.205466448791665,-0.6664011101973685,0.6149094104766846,1.734375,1.734375
20260727-1-Ejp0,823000,20260702-Qeu8-resume3-replay-step823000.safetensors,1785696792,30.176192675379816,0.6762199479494584,16.791666666666668,17.375,15.375,17.625,2.3209922367627662,1.205641095204733,-0.6668636924342105,0.615037739276886,1.734375,1.734375
20260727-1-Ejp0,824000,20260702-Qeu8-resume3-replay-step824000.safetensors,1785697427,30.289782748414634,0.6658584129149487,16.833333333333332,17.5,15.375,17.625,2.3221732586762545,1.2057293952757338,-0.6675832648026315,0.6142709255218506,1.734375,1.734375
20260727-1-Ejp0,825000,20260702-Qeu8-resume3-replay-step825000.safetensors,1785698061,30.306077753465683,0.6645519734421939,16.833333333333332,17.5,15.375,17.625,2.324703487974212,1.2062401006167867,-0.6681486430921053,0.6141312420368195,1.734375,1.734375
20260727-1-Ejp0,826000,20260702-Qeu8-resume3-replay-step826000.safetensors,1785698700,30.39452554805955,0.703473825777081,16.854166666666668,17.5,15.4375,17.625,2.3268555876428674,1.2049928981892997,-0.6685341282894737,0.6151726245880127,1.734375,1.734375
20260727-1-Ejp0,827000,20260702-Qeu8-resume3-replay-step827000.safetensors,1785699337,30.36247140208136,0.7052826143459542,16.854166666666668,17.5,15.4375,17.625,2.3297691978871202,1.2049411728919632,-0.6689453125,0.616663932800293,1.734375,1.734375
20260727-1-Ejp0,828000,20260702-Qeu8-resume3-replay-step828000.safetensors,1785699971,30.286476910981996,0.6865369390007823,16.895833333333332,17.5,15.4375,17.75,2.3330067404159434,1.205961226410332,-0.6698190789473685,0.6170583367347717,1.734375,1.734375
20260727-1-Ejp0,829000,20260702-Qeu8-resume3-replay-step829000.safetensors,1785700635,30.244520067653625,0.6854963052165324,16.916666666666668,17.5,15.5,17.75,2.3353239551423313,1.2050941808562659,-0.6704358552631579,0.6179067492485046,1.734375,1.734375
20260727-1-Ejp0,830000,20260702-Qeu8-resume3-replay-step830000.safetensors,1785701306,30.17969044098856,0.6809340156562792,16.916666666666668,17.5,15.5,17.75,2.338379873676152,1.2056961277004712,-0.6708984375,0.6168049573898315,1.734375,1.734375
20260727-1-Ejp0,831000,20260702-Qeu8-resume3-replay-step831000.safetensors,1785701963,30.151112739461137,0.6757259885036218,16.958333333333332,17.625,15.5,17.75,2.3411464752911435,1.207132304817728,-0.6712582236842105,0.6184149980545044,1.734375,1.734375
20260727-1-Ejp0,832000,20260702-Qeu8-resume3-replay-step832000.safetensors,1785702630,30.068081145728517,0.6688183391917764,16.958333333333332,17.625,15.5,17.75,2.344689182213189,1.2061368505654606,-0.671875,0.6190924942493439,1.734375,1.734375
20260727-1-Ejp0,833000,20260702-Qeu8-resume3-replay-step833000.safetensors,1785703294,30.004967048364858,0.6684303323187125,16.979166666666668,17.625,15.5625,17.75,2.3470265956334972,1.2059632168339536,-0.6723375822368421,0.6209596693515778,1.734375,1.734375
20260727-1-Ejp0,834000,20260702-Qeu8-resume3-replay-step834000.safetensors,1785703954,30.02397547761949,0.6592229346367284,17.020833333333332,17.625,15.5625,17.875,2.349032258075804,1.206093049322019,-0.6732113486842105,0.6205970048904419,1.734375,1.734375
20260727-1-Ejp0,835000,20260702-Qeu8-resume3-replay-step835000.safetensors,1785704610,30.06048375771277,0.6809733818415665,17.020833333333332,17.625,15.5625,17.875,2.3507598832807055,1.2051199417949947,-0.6736739309210527,0.6212033033370972,1.734375,1.734375
20260727-1-Ejp0,836000,20260702-Qeu8-resume3-replay-step836000.safetensors,1785705267,30.17412967311113,0.6420631087010927,17.083333333333332,17.75,15.625,17.875,2.3528419852682676,1.2058670337769903,-0.6742907072368421,0.6196914911270142,1.734375,1.734375
20260727-1-Ejp0,837000,20260702-Qeu8-resume3-replay-step837000.safetensors,1785705930,30.111077547619555,0.6308128944444745,17.083333333333332,17.75,15.625,17.875,2.3555724619486016,1.2058793105046508,-0.6747532894736842,0.6192165613174438,1.734375,1.734375
20260727-1-Ejp0,838000,20260702-Qeu8-resume3-replay-step838000.safetensors,1785706591,30.04803496953739,0.6566129527964545,17.083333333333332,17.75,15.625,17.875,2.3581468179980862,1.2062762364507904,-0.6751130756578947,0.619314044713974,1.734375,1.734375
20260727-1-Ejp0,839000,20260702-Qeu8-resume3-replay-step839000.safetensors,1785707247,30.022261813678725,0.6619895207926619,17.145833333333332,17.75,15.6875,18.0,2.360696015646839,1.2073990221239383,-0.6756784539473685,0.6210123300552368,1.734375,1.734375
20260727-1-Ejp0,840000,20260702-Qeu8-resume3-replay-step840000.safetensors,1785707903,30.048060401248513,0.642337765838201,17.145833333333332,17.75,15.6875,18.0,2.3631917365666313,1.2062085694355622,-0.6762438322368421,0.6217181086540222,1.734375,1.734375
20260727-1-Ejp0,841000,20260702-Qeu8-resume3-replay-step841000.safetensors,1785708572,29.977063262320858,0.6590237525040538,17.145833333333332,17.75,15.6875,18.0,2.3656883762743335,1.2088267749154107,-0.6767064144736842,0.6236516833305359,1.734375,1.734375
20260727-1-Ejp0,842000,20260702-Qeu8-resume3-replay-step842000.safetensors,1785709234,29.957280724508298,0.6547055550244657,17.166666666666668,17.75,15.75,18.0,2.3676544484169053,1.2062397257824808,-0.6774259868421053,0.6229561567306519,1.734375,1.734375
20260727-1-Ejp0,843000,20260702-Qeu8-resume3-replay-step843000.safetensors,1785709897,29.884553339898833,0.6520743088978161,17.208333333333332,17.875,15.75,18.0,2.3696435587131237,1.207622501807622,-0.6778885690789473,0.6226137280464172,1.734375,1.734375
20260727-1-Ejp0,844000,20260702-Qeu8-resume3-replay-step844000.safetensors,1785710555,29.935688701513143,0.644671869685224,17.229166666666668,17.875,15.8125,18.0,2.371097968584213,1.2070080387525879,-0.678453947368421,0.6228959560394287,1.734375,1.734375
20260727-1-Ejp0,845000,20260702-Qeu8-resume3-replay-step845000.safetensors,1785711222,29.99731476244948,0.6765189547319542,17.270833333333332,17.875,15.8125,18.125,2.3725866538994347,1.2056783134342166,-0.6790193256578947,0.6257497072219849,1.734375,1.734375
20260727-1-Ejp0,846000,20260702-Qeu8-resume3-replay-step846000.safetensors,1785711884,30.051263649788766,0.6455781689607388,17.270833333333332,17.875,15.8125,18.125,2.374981834842363,1.2054350784507248,-0.6795847039473685,0.6239229738712311,1.734375,1.734375
20260727-1-Ejp0,847000,20260702-Qeu8-resume3-replay-step847000.safetensors,1785712540,29.989725422601246,0.6554018591923139,17.291666666666668,17.875,15.875,18.125,2.376996129115899,1.2070705253935912,-0.6798416940789473,0.6253081858158112,1.734375,1.734375
20260727-1-Ejp0,848000,20260702-Qeu8-resume3-replay-step848000.safetensors,1785713199,29.930392081866753,0.6766707714553685,17.291666666666668,17.875,15.875,18.125,2.379828736018108,1.20642002061713,-0.6805098684210527,0.6261883974075317,1.734375,1.734375
20260727-1-Ejp0,849000,20260702-Qeu8-resume3-replay-step849000.safetensors,1785713859,29.873995341336805,0.6702727817954108,17.333333333333332,18.0,15.875,18.125,2.382278750988708,1.2066724760921659,-0.6809724506578947,0.6265032291412354,1.734375,1.734375
20260727-1-Ejp0,850000,20260702-Qeu8-resume3-replay-step850000.safetensors,1785714512,29.815014250009938,0.6618512348043604,17.354166666666668,18.0,15.9375,18.125,2.385458357591673,1.2064145160959523,-0.681640625,0.6265024244785309,1.734375,1.734375
20260727-1-Ejp0,851000,20260702-Qeu8-resume3-replay-step851000.safetensors,1785715165,29.834029091322893,0.643230809043152,17.354166666666668,18.0,15.9375,18.125,2.3873883493523063,1.2081776919279803,-0.6822060032894737,0.6280092000961304,1.734375,1.734375
20260727-1-Ejp0,852000,20260702-Qeu8-resume3-replay-step852000.safetensors,1785715818,29.92974538223463,0.6760650189356072,17.395833333333332,18.0,15.9375,18.25,2.389005531242408,1.2065263653455338,-0.6829255756578947,0.6286017000675201,1.734375,1.734375
20260727-1-Ejp0,853000,20260702-Qeu8-resume3-replay-step853000.safetensors,1785716473,30.047413553483935,0.6528525906066021,17.416666666666668,18.0,16.0,18.25,2.390317870745634,1.2069417310697137,-0.6831825657894737,0.630108654499054,1.734375,1.734375
20260727-1-Ejp0,854000,20260702-Qeu8-resume3-replay-step854000.safetensors,1785717140,29.999065065242977,0.6602179723420255,17.458333333333332,18.125,16.0,18.25,2.3934198204027606,1.2071958658032593,-0.6839021381578947,0.6301791667938232,1.734375,1.734375
20260727-1-Ejp0,855000,20260702-Qeu8-resume3-replay-step855000.safetensors,1785717798,29.91662662345059,0.6526133330890026,17.458333333333332,18.125,16.0,18.25,2.3967443223826694,1.206544947488192,-0.6843647203947368,0.629830002784729,1.734375,1.734375
20260727-1-Ejp0,856000,20260702-Qeu8-resume3-replay-step856000.safetensors,1785718460,29.907819154234687,0.6793865359587983,17.458333333333332,18.125,16.0,18.25,2.3995963379669663,1.2052604054923366,-0.6848787006578947,0.6316356658935547,1.734375,1.734375
20260727-1-Ejp0,857000,20260702-Qeu8-resume3-replay-step857000.safetensors,1785719115,29.902519097956226,0.65900294997752,17.458333333333332,18.125,16.0,18.25,2.4018911616995946,1.2070179122748526,-0.6853926809210527,0.628585934638977,1.734375,1.734375
20260727-1-Ejp0,858000,20260702-Qeu8-resume3-replay-step858000.safetensors,1785719772,29.858092172711004,0.6672620833730742,17.541666666666668,18.125,16.125,18.375,2.4045807310753857,1.2063830195056677,-0.6858552631578947,0.6301277875900269,1.734375,1.734375
20260727-1-Ejp0,859000,20260702-Qeu8-resume3-replay-step859000.safetensors,1785720429,29.895981237697576,0.6729882014984425,17.541666666666668,18.125,16.125,18.375,2.407027101096696,1.2077774200240006,-0.6865748355263158,0.6291354894638062,1.734375,1.734375
20260727-1-Ejp0,860000,20260702-Qeu8-resume3-replay-step860000.safetensors,1785721086,29.97109854067772,0.6552844594092792,17.583333333333332,18.25,16.125,18.375,2.4095047806019814,1.209342826594578,-0.6871402138157895,0.6308088302612305,1.734375,1.734375
20260727-1-Ejp0,861000,20260702-Qeu8-resume3-replay-step861000.safetensors,1785721740,29.952988391062675,0.6647986597738557,17.583333333333332,18.25,16.125,18.375,2.4113172479853424,1.2080428580988607,-0.6875513980263158,0.6315191984176636,1.734375,1.734375
20260727-1-Ejp0,862000,20260702-Qeu8-resume3-replay-step862000.safetensors,1785722395,29.89730788106996,0.6624982860673937,17.583333333333332,18.25,16.125,18.375,2.4150691103240787,1.2073172215482448,-0.6883223684210527,0.631171464920044,1.734375,1.734375
20260727-1-Ejp0,863000,20260702-Qeu8-resume3-replay-step863000.safetensors,1785723046,29.896572440360522,0.6762100034310301,17.666666666666668,18.25,16.25,18.5,2.4172798679818728,1.2083252097524986,-0.6886821546052632,0.6318197250366211,1.734375,1.734375
20260727-1-Ejp0,864000,20260702-Qeu8-resume3-replay-step864000.safetensors,1785723695,29.914308195083898,0.6791166541611474,17.666666666666668,18.25,16.25,18.5,2.4195000349732765,1.2076188180945089,-0.6893503289473685,0.6330780982971191,1.734375,1.734375
20260727-1-Ejp0,865000,20260702-Qeu8-resume3-replay-step865000.safetensors,1785724349,29.982243183103346,0.6571001226233896,17.666666666666668,18.25,16.25,18.5,2.4210211764794614,1.2091946363731392,-0.689710115131579,0.6324150562286377,1.734375,1.734375
20260727-1-Ejp0,866000,20260702-Qeu8-resume3-replay-step866000.safetensors,1785724997,30.013657617726608,0.6599828832714185,17.708333333333332,18.375,16.25,18.5,2.423223805591293,1.2104153055644327,-0.6902754934210527,0.6312339305877686,1.734375,1.734375
20260727-1-Ejp0,867000,20260702-Qeu8-resume3-replay-step867000.safetensors,1785725644,30.11971935834703,0.6781457079207435,17.708333333333332,18.375,16.25,18.5,2.4248074849185617,1.2105539212926868,-0.6907894736842105,0.6322605609893799,1.734375,1.734375
20260727-1-Ejp0,868000,20260702-Qeu8-resume3-replay-step868000.safetensors,1785726292,30.184883388579472,0.6733309044149031,17.708333333333332,18.375,16.25,18.5,2.426816297940895,1.2090760065785449,-0.6912006578947368,0.6315019130706787,1.734375,1.734375
20260727-1-Ejp0,869000,20260702-Qeu8-resume3-replay-step869000.safetensors,1785726939,30.1342165649866,0.6812333276789653,17.791666666666668,18.375,16.375,18.625,2.429757830189463,1.2110698127780628,-0.6920230263157895,0.6314756870269775,1.734375,1.734375
20260727-1-Ejp0,870000,20260702-Qeu8-resume3-replay-step870000.safetensors,1785727588,30.099121719266247,0.6779615614505407,17.791666666666668,18.375,16.375,18.625,2.432151525798524,1.2094175585140827,-0.6925884046052632,0.6313632726669312,1.734375,1.734375
20260727-1-Ejp0,871000,20260702-Qeu8-resume3-replay-step871000.safetensors,1785728238,30.022473701758532,0.6807077443781417,17.791666666666668,18.375,16.375,18.625,2.4346592035434282,1.2086172171197862,-0.6931537828947368,0.6319434642791748,1.734375,1.734375
20260727-1-Ejp0,872000,20260702-Qeu8-resume3-replay-step872000.safetensors,1785728884,29.985374683701032,0.6845022418997458,17.833333333333332,18.5,16.375,18.625,2.436868959819178,1.20947180862971,-0.6934621710526315,0.6318144798278809,1.734375,1.734375
20260727-1-Ejp0,873000,20260702-Qeu8-resume3-replay-step873000.safetensors,1785729531,29.95142249535438,0.678297572357887,17.833333333333332,18.5,16.375,18.625,2.4391671703790987,1.2089685581441794,-0.6941303453947368,0.6322828531265259,1.734375,1.734375
20260727-1-Ejp0,874000,20260702-Qeu8-resume3-replay-step874000.safetensors,1785730176,29.8916731545245,0.679294720047858,17.875,18.5,16.5,18.625,2.4412585650013927,1.2083628381722602,-0.6944901315789473,0.6330800950527191,1.734375,1.734375
20260727-1-Ejp0,875000,20260702-Qeu8-resume3-replay-step875000.safetensors,1785730824,29.844530002469213,0.695664697421105,17.875,18.5,16.5,18.625,2.4441795609267496,1.2089317068480838,-0.6951069078947368,0.6329182386398315,1.734375,1.734375
20260727-1-Ejp0,876000,20260702-Qeu8-resume3-replay-step876000.safetensors,1785731475,29.841897517981213,0.6601145126199449,17.916666666666668,18.5,16.5,18.75,2.4472996616907063,1.2084016820130397,-0.6956208881578947,0.6326813697814941,1.734375,1.734375
20260727-1-Ejp0,877000,20260702-Qeu8-resume3-replay-step877000.safetensors,1785732121,29.799273925118182,0.6764292805642622,17.916666666666668,18.5,16.5,18.75,2.4503287471115507,1.2106286044260148,-0.696032072368421,0.6341776847839355,1.734375,1.734375
20260727-1-Ejp0,878000,20260702-Qeu8-resume3-replay-step878000.safetensors,1785732766,29.7249126909889,0.6652062043738157,17.916666666666668,18.5,16.5,18.75,2.4529667546705762,1.2080005131744267,-0.697008634868421,0.635892391204834,1.734375,1.734375
20260727-1-Ejp0,879000,20260702-Qeu8-resume3-replay-step879000.safetensors,1785733412,29.70100515198171,0.6757604847927077,17.958333333333332,18.625,16.5,18.75,2.4554874619700144,1.2089395348983394,-0.6974712171052632,0.6371811032295227,1.734375,1.734375
20260727-1-Ejp0,880000,20260702-Qeu8-resume3-replay-step880000.safetensors,1785734059,29.757309085365392,0.6617082318149263,17.958333333333332,18.625,16.5,18.75,2.457353407229763,1.2090132231112674,-0.6978824013157895,0.6378633975982666,1.734375,1.734375
20260727-1-Ejp0,881000,20260702-Qeu8-resume3-replay-step881000.safetensors,1785734707,29.75968543018128,0.6453375489580889,18.0,18.625,16.625,18.75,2.4598446947657506,1.2081790117431512,-0.6986019736842105,0.6372644901275635,1.734375,1.734375
20260727-1-Ejp0,882000,20260702-Qeu8-resume3-replay-step882000.safetensors,1785735357,29.704365450258294,0.6805426245513967,18.041666666666668,18.625,16.625,18.875,2.4622699878717214,1.209413553632353,-0.698961759868421,0.6380958557128906,1.734375,1.734375
20260727-1-Ejp0,883000,20260702-Qeu8-resume3-replay-step883000.safetensors,1785736004,29.721743490808997,0.6772934927841425,18.041666666666668,18.625,16.625,18.875,2.464791991914944,1.20975783071535,-0.6993729440789473,0.6385097503662109,1.734375,1.734375
20260727-1-Ejp0,884000,20260702-Qeu8-resume3-replay-step884000.safetensors,1785736650,29.65028302814563,0.6636669527545616,18.041666666666668,18.625,16.625,18.875,2.4681083311368006,1.2101708369766264,-0.6999897203947368,0.6391947269439697,1.734375,1.734375
20260727-1-Ejp0,885000,20260702-Qeu8-resume3-replay-step885000.safetensors,1785737295,29.606808425416233,0.6703876011952506,18.041666666666668,18.625,16.625,18.875,2.470348759631998,1.2100461081313196,-0.7005037006578947,0.6397249698638916,1.734375,1.734375
20260727-1-Ejp0,886000,20260702-Qeu8-resume3-replay-step886000.safetensors,1785737941,29.563428933029282,0.6668616284660929,18.083333333333332,18.75,16.625,18.875,2.4728049895742017,1.2099313192120345,-0.701171875,0.6399517059326172,1.734375,1.734375
20260727-1-Ejp0,887000,20260702-Qeu8-resume3-replay-step887000.safetensors,1785738588,29.499819018841315,0.6648023392175485,18.125,18.75,16.75,18.875,2.4754915584269686,1.2110164192135344,-0.7016858552631579,0.6407068371772766,1.734375,1.734375
20260727-1-Ejp0,888000,20260702-Qeu8-resume3-replay-step888000.safetensors,1785739233,29.477481585331603,0.6804873744973808,18.125,18.75,16.75,18.875,2.477661384220571,1.2106066048709856,-0.702405427631579,0.6414801776409149,1.734375,1.734375
20260727-1-Ejp0,889000,20260702-Qeu8-resume3-replay-step889000.safetensors,1785739875,29.478855654657934,0.6690366772247679,18.166666666666668,18.75,16.75,19.0,2.4804433985975463,1.210386028028004,-0.7029708059210527,0.641886830329895,1.734375,1.734375
20260727-1-Ejp0,890000,20260702-Qeu8-resume3-replay-step890000.safetensors,1785740521,29.402627658678114,0.6743865301454006,18.166666666666668,18.75,16.75,19.0,2.4829550390216584,1.2100869129705565,-0.703381990131579,0.641547679901123,1.734375,1.734375
20260727-1-Ejp0,891000,20260702-Qeu8-resume3-replay-step891000.safetensors,1785741168,29.372650801345227,0.6670538873631365,18.166666666666668,18.75,16.75,19.0,2.485561082661806,1.2108267977410865,-0.7036903782894737,0.6422374248504639,1.734375,1.734375
20260727-1-Ejp0,892000,20260702-Qeu8-resume3-replay-step892000.safetensors,1785741815,29.367961330980325,0.6593620549354995,18.166666666666668,18.75,16.75,19.0,2.487729812735246,1.211738770100054,-0.7042043585526315,0.6427853107452393,1.734375,1.734375
20260727-1-Ejp0,893000,20260702-Qeu8-resume3-replay-step893000.safetensors,1785742466,29.31834113608889,0.6593745078785994,18.25,18.875,16.875,19.0,2.4901113126217407,1.210778560242914,-0.7049753289473685,0.6441258192062378,1.734375,1.734375
20260727-1-Ejp0,894000,20260702-Qeu8-resume3-replay-step894000.safetensors,1785743116,29.30376071503932,0.6693127091532054,18.25,18.875,16.875,19.0,2.492544085837626,1.2118127124805167,-0.7054379111842105,0.6442110538482666,1.734375,1.734375
20260727-1-Ejp0,895000,20260702-Qeu8-resume3-replay-step895000.safetensors,1785743765,29.329143151336588,0.6807466254644162,18.291666666666668,18.875,16.875,19.125,2.4943440277330065,1.2123888767255635,-0.7060546875,0.6458835601806641,1.734375,1.734375
20260727-1-Ejp0,896000,20260702-Qeu8-resume3-replay-step896000.safetensors,1785744416,29.344458346858225,0.6649535966861504,18.291666666666668,18.875,16.875,19.125,2.4957390281691927,1.2117637714071425,-0.7068256578947368,0.6452288627624512,1.734375,1.734375
20260727-1-Ejp0,897000,20260702-Qeu8-resume3-replay-step897000.safetensors,1785745068,29.33055506802754,0.6699589795018346,18.291666666666668,18.875,16.875,19.125,2.498000477253029,1.2106314812448649,-0.7071340460526315,0.6451044082641602,1.734375,1.734375
20260727-1-Ejp0,898000,20260702-Qeu8-resume3-replay-step898000.safetensors,1785745721,29.27334177826013,0.6726026674179904,18.291666666666668,18.875,16.875,19.125,2.501315318514576,1.2106986575258873,-0.7074424342105263,0.6463119983673096,1.734375,1.734375
20260727-1-Ejp0,899000,20260702-Qeu8-resume3-replay-step899000.safetensors,1785746375,29.284061812427094,0.6514660512856874,18.375,19.0,17.0,19.125,2.503391484071522,1.2113142325988684,-0.7079564144736842,0.6475346088409424,1.734375,1.734375
20260727-1-Ejp0,900000,20260702-Qeu8-resume3-replay-step900000.safetensors,1785747027,29.28227302250153,0.6500773119897857,18.416666666666668,19.0,17.0,19.25,2.5053538320228323,1.2107492748965614,-0.7085731907894737,0.6490795612335205,1.734375,1.734375
20260727-1-Ejp0,901000,20260702-Qeu8-resume3-replay-step901000.safetensors,1785747681,29.24480434874127,0.6597499200013316,18.416666666666668,19.0,17.0,19.25,2.5083537338156963,1.2098285410995306,-0.7092927631578947,0.6500251293182373,1.734375,1.734375
20260727-1-Ejp0,902000,20260702-Qeu8-resume3-replay-step902000.safetensors,1785748335,29.233728518004675,0.6599769564222332,18.416666666666668,19.0,17.0,19.25,2.511376744605716,1.2106471089634039,-0.709703947368421,0.648963451385498,1.734375,1.734375
20260727-1-Ejp0,903000,20260702-Qeu8-resume3-replay-step903000.safetensors,1785748989,29.27948798616529,0.6698601539822905,18.416666666666668,19.0,17.0,19.25,2.5136221150926015,1.2107189390499298,-0.7103721217105263,0.6507258415222168,1.734375,1.734375
20260727-1-Ejp0,904000,20260702-Qeu8-resume3-replay-step904000.safetensors,1785749651,29.23352637838679,0.6535468434304124,18.416666666666668,19.0,17.0,19.25,2.515968977228456,1.2106294579325956,-0.7109888980263158,0.6499052047729492,1.734375,1.734375
20260727-1-Ejp0,905000,20260702-Qeu8-resume3-replay-step905000.safetensors,1785750306,29.195482964644235,0.6551050780456986,18.416666666666668,19.0,17.0,19.25,2.519009380891195,1.211297908703266,-0.7115028782894737,0.6515703201293945,1.734375,1.734375
20260727-1-Ejp0,906000,20260702-Qeu8-resume3-replay-step906000.safetensors,1785750962,29.163378568119484,0.6476820914904159,18.458333333333332,19.0,17.125,19.25,2.52104608933866,1.2119957714340845,-0.7119140625,0.6502113342285156,1.734375,1.734375
20260727-1-Ejp0,907000,20260702-Qeu8-resume3-replay-step907000.safetensors,1785751618,29.12972068980352,0.6518262096433565,18.541666666666668,19.125,17.125,19.375,2.5231804444013424,1.2115576553706107,-0.7122738486842105,0.6504480838775635,1.734375,1.734375
20260727-1-Ejp0,908000,20260702-Qeu8-resume3-replay-step908000.safetensors,1785752278,29.059376365179254,0.6879186272195642,18.541666666666668,19.125,17.125,19.375,2.526052258862939,1.2117662750850375,-0.712890625,0.6514315605163574,1.734375,1.734375
20260727-1-Ejp0,909000,20260702-Qeu8-resume3-replay-step909000.safetensors,1785752938,29.04659608649566,0.6693822356661182,18.541666666666668,19.125,17.125,19.375,2.5286173143779687,1.2123884262576077,-0.7134560032894737,0.6525554656982422,1.734375,1.734375
20260727-1-Ejp0,910000,20260702-Qeu8-resume3-replay-step910000.safetensors,1785753607,29.02227812523177,0.6716775277103014,18.541666666666668,19.125,17.125,19.375,2.5308258686538965,1.2102778673662467,-0.714124177631579,0.6525139808654785,1.734375,1.734375
20260727-1-Ejp0,911000,20260702-Qeu8-resume3-replay-step911000.safetensors,1785754268,29.0655345280118,0.6622909319340435,18.541666666666668,19.125,17.125,19.375,2.5331179632824847,1.2118875007916772,-0.7146381578947368,0.6539599895477295,1.734375,1.734375
20260727-1-Ejp0,912000,20260702-Qeu8-resume3-replay-step912000.safetensors,1785754925,29.127666173985514,0.6570124118726498,18.583333333333332,19.125,17.25,19.375,2.53509675884279,1.211355724678536,-0.7152549342105263,0.6538646221160889,1.734375,1.734375
20260727-1-Ejp0,913000,20260702-Qeu8-resume3-replay-step913000.safetensors,1785755582,29.11548561006645,0.6561296709595722,18.625,19.25,17.25,19.375,2.5365933219289203,1.2105866032154884,-0.715563322368421,0.6551483869552612,1.734375,1.734375
20260727-1-Ejp0,914000,20260702-Qeu8-resume3-replay-step914000.safetensors,1785756242,29.077918665530525,0.6646502420609129,18.666666666666668,19.25,17.25,19.5,2.539410500065387,1.21170419512118,-0.7161800986842105,0.6536650657653809,1.734375,1.734375
20260727-1-Ejp0,915000,20260702-Qeu8-resume3-replay-step915000.safetensors,1785756906,29.066534000640857,0.6703588564691976,18.666666666666668,19.25,17.25,19.5,2.5416321338631582,1.2123069735758403,-0.7166426809210527,0.6550188064575195,1.734375,1.734375
20260727-1-Ejp0,916000,20260702-Qeu8-resume3-replay-step916000.safetensors,1785757568,29.083905898983208,0.6802090593165186,18.666666666666668,19.25,17.25,19.5,2.544424186896157,1.2131008887106216,-0.7172080592105263,0.6567971706390381,1.734375,1.734375
20260727-1-Ejp0,917000,20260702-Qeu8-resume3-replay-step917000.safetensors,1785758227,29.232903267082442,0.6815081728285733,18.708333333333332,19.25,17.375,19.5,2.546200627414907,1.212835792456922,-0.7178762335526315,0.6567080020904541,1.734375,1.734375
20260727-1-Ejp0,918000,20260702-Qeu8-resume3-replay-step918000.safetensors,1785758887,29.29118706637743,0.6853621244700061,18.708333333333332,19.25,17.375,19.5,2.548827934354843,1.2136749269423044,-0.7184416118421053,0.6570389270782471,1.734375,1.734375
20260727-1-Ejp0,919000,20260702-Qeu8-resume3-replay-step919000.safetensors,1785759548,29.401853342602223,0.6355785327887492,18.791666666666668,19.375,17.375,19.625,2.5500638226944554,1.2129655530250472,-0.7186986019736842,0.6569950580596924,1.734375,1.734375
20260727-1-Ejp0,920000,20260702-Qeu8-resume3-replay-step920000.safetensors,1785760212,29.397967221701194,0.6380793312981943,18.791666666666668,19.375,17.375,19.625,2.552713142959518,1.2130288742560802,-0.7193667763157895,0.6576342582702637,1.734375,1.734375
20260727-1-Ejp0,921000,20260702-Qeu8-resume3-replay-step921000.safetensors,1785760886,29.45706711406834,0.6405608918464083,18.791666666666668,19.375,17.375,19.625,2.5544617824200304,1.2145224348375696,-0.7198807565789473,0.6546649932861328,1.734375,1.734375
20260727-1-Ejp0,922000,20260702-Qeu8-resume3-replay-step922000.safetensors,1785761556,29.5150406092299,0.6463884245254187,18.833333333333332,19.375,17.5,19.625,2.5566725584699066,1.2148188129995428,-0.7203947368421053,0.655144214630127,1.734375,1.734375
20260727-1-Ejp0,923000,20260702-Qeu8-resume3-replay-step923000.safetensors,1785762225,29.55209739854347,0.6365378638908161,18.875,19.5,17.5,19.625,2.5591786489765194,1.2136559840507322,-0.7210115131578947,0.6540672779083252,1.734375,1.734375
20260727-1-Ejp0,924000,20260702-Qeu8-resume3-replay-step924000.safetensors,1785762889,29.52654094772849,0.6525812711640159,18.875,19.5,17.5,19.625,2.56287687601658,1.2138355085255157,-0.7214740953947368,0.6557726860046387,1.734375,1.734375
20260727-1-Ejp0,925000,20260702-Qeu8-resume3-replay-step925000.safetensors,1785763552,29.493176544343637,0.6834981708854669,18.916666666666668,19.5,17.5,19.75,2.5662871916959973,1.2128737211516023,-0.7221422697368421,0.6552413702011108,1.734375,1.734375
20260727-1-Ejp0,926000,20260702-Qeu8-resume3-replay-step926000.safetensors,1785764220,29.436186612554263,0.6746601937987381,18.916666666666668,19.5,17.5,19.75,2.56880533071937,1.2153418177319522,-0.7227076480263158,0.6545569896697998,1.734375,1.734375
20260727-1-Ejp0,927000,20260702-Qeu8-resume3-replay-step927000.safetensors,1785764885,29.397283250990434,0.6655258380022708,18.916666666666668,19.5,17.5,19.75,2.5712641079846974,1.2144723778486521,-0.7230674342105263,0.6549989581108093,1.734375,1.734375
20260727-1-Ejp0,928000,20260702-Qeu8-resume3-replay-step928000.safetensors,1785765544,29.374111252545834,0.6830732051738129,18.916666666666668,19.5,17.5,19.75,2.5738010418609294,1.2148293109680193,-0.723889802631579,0.6576921939849854,1.734375,1.734375
20260727-1-Ejp0,929000,20260702-Qeu8-resume3-replay-step929000.safetensors,1785766205,29.34048944265527,0.666191337418719,18.958333333333332,19.5,17.625,19.75,2.576438120627993,1.2162707448121406,-0.724352384868421,0.6564582586288452,1.734375,1.734375
20260727-1-Ejp0,930000,20260702-Qeu8-resume3-replay-step930000.safetensors,1785766887,29.33434294639267,0.6686928204472418,18.958333333333332,19.5,17.625,19.75,2.578455400547808,1.2155381748428549,-0.724866365131579,0.6583311557769775,1.734375,1.734375
20260727-1-Ejp0,931000,20260702-Qeu8-resume3-replay-step931000.safetensors,1785767539,29.320256690863328,0.6791373564406078,19.0,19.625,17.625,19.75,2.5804144676200123,1.2164012370675739,-0.7251747532894737,0.6590348482131958,1.734375,1.734375
20260727-1-Ejp0,932000,20260702-Qeu8-resume3-replay-step932000.safetensors,1785768190,29.30957624511473,0.6602023308156486,19.041666666666668,19.625,17.625,19.875,2.582599502586371,1.214313451249251,-0.725842927631579,0.6591601371765137,1.734375,1.734375
20260727-1-Ejp0,933000,20260702-Qeu8-resume3-replay-step933000.safetensors,1785768836,29.298079870972295,0.6606595270590959,19.041666666666668,19.625,17.625,19.875,2.585135247756559,1.2128704941627086,-0.726305509868421,0.660670280456543,1.734375,1.734375
20260727-1-Ejp0,934000,20260702-Qeu8-resume3-replay-step934000.safetensors,1785769482,29.23944362911443,0.6671592814013142,19.041666666666668,19.625,17.625,19.875,2.5878436865282874,1.2164161489103238,-0.7268708881578947,0.6601479053497314,1.734375,1.734375
20260727-1-Ejp0,935000,20260702-Qeu8-resume3-replay-step935000.safetensors,1785770128,29.188302869937136,0.6621853988918461,19.083333333333332,19.625,17.75,19.875,2.590094959930144,1.2142164809929712,-0.7275390625,0.6608443260192871,1.734375,1.734375
20260727-1-Ejp0,936000,20260702-Qeu8-resume3-replay-step936000.safetensors,1785770774,29.20619560703647,0.6601146071660171,19.083333333333332,19.625,17.75,19.875,2.5922580787668665,1.2137377147591741,-0.7281044407894737,0.6614834666252136,1.734375,1.734375
20260727-1-Ejp0,937000,20260702-Qeu8-resume3-replay-step937000.safetensors,1785771422,29.283914195764496,0.6965476042913668,19.125,19.75,17.75,19.875,2.5938968653627996,1.213750889083908,-0.7286698190789473,0.6626663208007812,1.734375,1.734375
20260727-1-Ejp0,938000,20260702-Qeu8-resume3-replay-step938000.safetensors,1785772067,29.303688378559848,0.6805730786994757,19.125,19.75,17.75,19.875,2.596423722400295,1.214349227807499,-0.7290296052631579,0.6613906621932983,1.734375,1.734375
20260727-1-Ejp0,939000,20260702-Qeu8-resume3-replay-step939000.safetensors,1785772715,29.50291208527642,0.6957531088647051,19.166666666666668,19.75,17.75,20.0,2.598455315661313,1.2159921863747116,-0.7295435855263158,0.6630940437316895,1.734375,1.734375
20260727-1-Ejp0,940000,20260702-Qeu8-resume3-replay-step940000.safetensors,1785773360,29.589578669453463,0.6727788495212589,19.208333333333332,19.75,17.875,20.0,2.600963273146268,1.215539939852715,-0.7299547697368421,0.6622927188873291,1.734375,1.734375
20260727-1-Ejp0,941000,20260702-Qeu8-resume3-replay-step941000.safetensors,1785774004,29.65326428620633,0.6662784712486971,19.25,19.875,17.875,20.0,2.6035978658043177,1.2152898391617613,-0.7305715460526315,0.6630368232727051,1.734375,1.734375
20260727-1-Ejp0,942000,20260702-Qeu8-resume3-replay-step942000.safetensors,1785774647,29.757839999293115,0.6839968829229996,19.25,19.875,17.875,20.0,2.6057765079623487,1.2158556757548826,-0.7311369243421053,0.6622319221496582,1.734375,1.734375
20260727-1-Ejp0,943000,20260702-Qeu8-resume3-replay-step943000.safetensors,1785775295,29.814191899462646,0.6799450802237237,19.291666666666668,19.875,17.875,20.125,2.609063433790366,1.2157269900270244,-0.7316509046052632,0.6611669063568115,1.734375,1.734375
20260727-1-Ejp0,944000,20260702-Qeu8-resume3-replay-step944000.safetensors,1785775938,29.93576396648821,0.7177748041522954,19.291666666666668,19.875,17.875,20.125,2.6105488096099307,1.2156587576172226,-0.732421875,0.6627306938171387,1.734375,1.734375
20260727-1-Ejp0,945000,20260702-Qeu8-resume3-replay-step945000.safetensors,1785776581,29.978297346176237,0.6776859929130941,19.333333333333332,19.875,18.0,20.125,2.6128174656994423,1.2165956321475466,-0.7326274671052632,0.6605713367462158,1.734375,1.734375
20260727-1-Ejp0,946000,20260702-Qeu8-resume3-replay-step946000.safetensors,1785777224,29.942813869165676,0.6665116164149887,19.375,20.0,18.0,20.125,2.6165880405154995,1.2175902117221866,-0.7333470394736842,0.6597859859466553,1.734375,1.734375
20260727-1-Ejp0,947000,20260702-Qeu8-resume3-replay-step947000.safetensors,1785777867,29.93823731750665,0.6653757317115069,19.375,20.0,18.0,20.125,2.619228170084803,1.2165877222227082,-0.7338096217105263,0.6584498882293701,1.734375,1.734375
20260727-1-Ejp0,948000,20260702-Qeu8-resume3-replay-step948000.safetensors,1785778511,29.936011771567173,0.6827652233462969,19.375,20.0,18.0,20.125,2.621279593109438,1.215929351516436,-0.7344263980263158,0.6587636470794678,1.734375,1.734375
20260727-1-Ejp0,949000,20260702-Qeu8-resume3-replay-step949000.safetensors,1785779155,30.016476196735997,0.6527357836029369,19.416666666666668,20.0,18.0,20.25,2.623989394708477,1.216196982935416,-0.7349403782894737,0.6583843231201172,1.734375,1.734375
20260727-1-Ejp0,950000,20260702-Qeu8-resume3-replay-step950000.safetensors,1785779799,30.069619288947774,0.6774600129421005,19.458333333333332,20.0,18.125,20.25,2.626120079931494,1.2163184807617848,-0.7354543585526315,0.6582074165344238,1.734375,1.734375
20260727-1-Ejp0,951000,20260702-Qeu8-resume3-replay-step951000.safetensors,1785780443,30.08607636042791,0.7017690058389481,19.5,20.125,18.125,20.25,2.628691567003378,1.2160211550324869,-0.7360197368421053,0.6574280261993408,1.734375,1.734375
20260727-1-Ejp0,952000,20260702-Qeu8-resume3-replay-step952000.safetensors,1785781086,30.03828843975836,0.6710427944253327,19.5,20.125,18.125,20.25,2.6312953355824873,1.2167477800267767,-0.7367907072368421,0.656937837600708,1.734375,1.734375
20260727-1-Ejp0,953000,20260702-Qeu8-resume3-replay-step953000.safetensors,1785781729,29.972830487179294,0.6834244886978197,19.5,20.125,18.125,20.25,2.6340179335544627,1.2153328078407957,-0.737047697368421,0.6591494083404541,1.734375,1.734375
20260727-1-Ejp0,954000,20260702-Qeu8-resume3-replay-step954000.safetensors,1785782377,29.876267891695065,0.6792292075940934,19.5,20.125,18.125,20.25,2.63674224828474,1.2162079513869712,-0.737561677631579,0.6590745449066162,1.734375,1.734375
20260727-1-Ejp0,955000,20260702-Qeu8-resume3-replay-step955000.safetensors,1785783022,29.82172724126771,0.6709714350793377,19.5,20.125,18.125,20.25,2.6399354018289984,1.2156012632930309,-0.7381270559210527,0.6593308448791504,1.734375,1.734375
20260727-1-Ejp0,956000,20260702-Qeu8-resume3-replay-step956000.safetensors,1785783665,29.790054471776806,0.6764175122302397,19.541666666666668,20.125,18.125,20.375,2.6427343503812954,1.2153311719498447,-0.7389494243421053,0.6599709987640381,1.734375,1.734375
20260727-1-Ejp0,957000,20260702-Qeu8-resume3-replay-step957000.safetensors,1785784312,29.74162297563089,0.6672487256006554,19.583333333333332,20.125,18.25,20.375,2.645737366283136,1.2152877040005574,-0.7394120065789473,0.6591167449951172,1.734375,1.734375
20260727-1-Ejp0,958000,20260702-Qeu8-resume3-replay-step958000.safetensors,1785784958,29.710297302012705,0.6805971944849488,19.583333333333332,20.125,18.25,20.375,2.6482072113757367,1.216146626487944,-0.7398231907894737,0.6596083641052246,1.734375,1.734375
20260727-1-Ejp0,959000,20260702-Qeu8-resume3-replay-step959000.safetensors,1785785606,29.758870161703427,0.6764573336913949,19.625,20.25,18.25,20.375,2.650122031436367,1.215569093135577,-0.7403885690789473,0.6592674255371094,1.734375,1.734375
20260727-1-Ejp0,960000,20260702-Qeu8-resume3-replay-step960000.safetensors,1785786263,29.681055358314257,0.6847129880564518,19.625,20.25,18.25,20.375,2.6527843268014086,1.2148768197220408,-0.740953947368421,0.6586751937866211,1.734375,1.734375
20260727-1-Ejp0,961000,20260702-Qeu8-resume3-replay-step961000.safetensors,1785786913,29.611449073861873,0.6670622824008832,19.625,20.25,18.25,20.375,2.655481943775963,1.2150500736016974,-0.7415707236842105,0.6600046157836914,1.734375,1.734375
20260727-1-Ejp0,962000,20260702-Qeu8-resume3-replay-step962000.safetensors,1785787560,29.54269667765753,0.6795626704553164,19.625,20.25,18.25,20.375,2.6581952509305458,1.2158300427301958,-0.741930509868421,0.6596584320068359,1.734375,1.734375
20260727-1-Ejp0,963000,20260702-Qeu8-resume3-replay-step963000.safetensors,1785788210,29.517653980697137,0.6612214821629177,19.708333333333332,20.25,18.375,20.5,2.6608396168692585,1.2130617063321019,-0.7422902960526315,0.661776065826416,1.734375,1.734375
20260727-1-Ejp0,964000,20260702-Qeu8-resume3-replay-step964000.safetensors,1785788858,29.486033225717666,0.6560020308936344,19.708333333333332,20.25,18.375,20.5,2.6624535392550865,1.2149256512221855,-0.7432154605263158,0.6609518527984619,1.734375,1.734375
20260727-1-Ejp0,965000,20260702-Qeu8-resume3-replay-step965000.safetensors,1785789508,29.52350878481767,0.6655867278170202,19.75,20.375,18.375,20.5,2.6645855208899,1.2161212093322322,-0.7436266447368421,0.6613423824310303,1.734375,1.734375
20260727-1-Ejp0,966000,20260702-Qeu8-resume3-replay-step966000.safetensors,1785790158,29.458212597865888,0.6788847993579027,19.75,20.375,18.375,20.5,2.666727815849004,1.2157526351843826,-0.7439350328947368,0.6625189781188965,1.734375,1.734375
20260727-1-Ejp0,967000,20260702-Qeu8-resume3-replay-step967000.safetensors,1785790812,29.505081561528716,0.6629203082153972,19.75,20.375,18.375,20.5,2.669452839111176,1.216470733849134,-0.7446546052631579,0.6638739109039307,1.734375,1.734375
20260727-1-Ejp0,968000,20260702-Qeu8-resume3-replay-step968000.safetensors,1785791464,29.56425645262444,0.7016445052002557,19.75,20.375,18.375,20.5,2.6713124332935205,1.2149169229767485,-0.7453227796052632,0.6646604537963867,1.734375,1.734375
20260727-1-Ejp0,969000,20260702-Qeu8-resume3-replay-step969000.safetensors,1785792117,29.69803804268586,0.681545107075096,19.833333333333332,20.375,18.5,20.625,2.673707396935809,1.2170475321180454,-0.7459395559210527,0.6646127700805664,1.734375,1.734375
20260727-1-Ejp0,970000,20260702-Qeu8-resume3-replay-step970000.safetensors,1785792768,29.80920163081496,0.6605115748162679,19.833333333333332,20.375,18.5,20.625,2.676038039884841,1.2166081545877034,-0.74609375,0.6642181873321533,1.734375,1.734375
20260727-1-Ejp0,971000,20260702-Qeu8-resume3-replay-step971000.safetensors,1785793425,29.880591318675467,0.6721991933746618,19.875,20.5,18.5,20.625,2.677852786717091,1.2170776008304798,-0.7464021381578947,0.6650927066802979,1.734375,1.734375
20260727-1-Ejp0,972000,20260702-Qeu8-resume3-replay-step972000.safetensors,1785794076,30.00992592723838,0.683627490899645,19.875,20.5,18.5,20.625,2.6802602021870126,1.2168437613054963,-0.747327302631579,0.6643657684326172,1.734375,1.734375
20260727-1-Ejp0,973000,20260702-Qeu8-resume3-replay-step973000.safetensors,1785794730,30.040449238657256,0.6950652670936672,19.916666666666668,20.5,18.625,20.625,2.6826903484931064,1.2167901986198553,-0.7479440789473685,0.6627819538116455,1.734375,1.734375
20260727-1-Ejp0,974000,20260702-Qeu8-resume3-replay-step974000.safetensors,1785795383,30.11176749230142,0.6994861428586036,19.958333333333332,20.5,18.625,20.75,2.685418861891608,1.21656692894926,-0.7484066611842105,0.6609451770782471,1.734375,1.734375
20260727-1-Ejp0,975000,20260702-Qeu8-resume3-replay-step975000.safetensors,1785796037,30.206739477917065,0.6776057641120404,19.958333333333332,20.5,18.625,20.75,2.688554800253457,1.219521004260888,-0.7490748355263158,0.6626019477844238,1.734375,1.734375
20260727-1-Ejp0,976000,20260702-Qeu8-resume3-replay-step976000.safetensors,1785796694,30.19078999960719,0.6929040188092372,20.0,20.625,18.625,20.75,2.692058293316693,1.2186027417245122,-0.7495888157894737,0.661062479019165,1.734375,1.734375
20260727-1-Ejp0,977000,20260702-Qeu8-resume3-replay-step977000.safetensors,1785797348,30.173056014965788,0.7184130581694202,20.0,20.625,18.625,20.75,2.6944936998210682,1.2197061332912469,-0.7499486019736842,0.660017728805542,1.734375,1.734375
20260727-1-Ejp0,978000,20260702-Qeu8-resume3-replay-step978000.safetensors,1785798003,30.12891519452471,0.6784036575349909,20.0,20.625,18.625,20.75,2.698071289629721,1.2178371690758403,-0.7503597861842105,0.6603133678436279,1.734375,1.734375
20260727-1-Ejp0,979000,20260702-Qeu8-resume3-replay-step979000.safetensors,1785798655,30.064620648681696,0.6852724839757061,20.083333333333332,20.625,18.75,20.875,2.7008116576449717,1.2183502968218805,-0.7511821546052632,0.6609160900115967,1.734375,1.734375
20260727-1-Ejp0,980000,20260702-Qeu8-resume3-replay-step980000.safetensors,1785799306,30.109316561757897,0.6775969497867789,20.083333333333332,20.625,18.75,20.875,2.7024489250819754,1.2184260692213016,-0.7517989309210527,0.6609693765640259,1.734375,1.734375
20260727-1-Ejp0,981000,20260702-Qeu8-resume3-replay-step981000.safetensors,1785799956,30.127810085566868,0.674961036552114,20.083333333333332,20.625,18.75,20.875,2.7052600248323255,1.2206948649757277,-0.7521587171052632,0.6607365608215332,1.734375,1.734375
20260727-1-Ejp0,982000,20260702-Qeu8-resume3-replay-step982000.safetensors,1785800615,30.24482979226584,0.7007072834959538,20.125,20.75,18.75,20.875,2.707403947337614,1.2193337724554902,-0.7529296875,0.6602034568786621,1.734375,1.734375
20260727-1-Ejp0,983000,20260702-Qeu8-resume3-replay-step983000.safetensors,1785801266,30.36793365724547,0.701243476972857,20.125,20.75,18.75,20.875,2.7097808128796026,1.2193651073397582,-0.7531352796052632,0.6587117910385132,1.734375,1.734375
20260727-1-Ejp0,984000,20260702-Qeu8-resume3-replay-step984000.safetensors,1785801920,30.38225223003137,0.6853917176410729,20.166666666666668,20.75,18.875,20.875,2.7114130769181357,1.2189146512755165,-0.7538034539473685,0.6577515602111816,1.734375,1.734375
20260727-1-Ejp0,985000,20260702-Qeu8-resume3-replay-step985000.safetensors,1785802583,30.38025938127379,0.6839225530489963,20.208333333333332,20.75,18.875,21.0,2.714217209526627,1.2187604503098304,-0.7542660361842105,0.6590229272842407,1.734375,1.734375
20260727-1-Ejp0,986000,20260702-Qeu8-resume3-replay-step986000.safetensors,1785803269,30.511313663599083,0.7049931320124548,20.25,20.875,18.875,21.0,2.7163199811378917,1.2196781588277958,-0.7548314144736842,0.6578367948532104,1.734375,1.734375
20260727-1-Ejp0,987000,20260702-Qeu8-resume3-replay-step987000.safetensors,1785803949,30.542118384727775,0.6891128951372094,20.25,20.875,18.875,21.0,2.7184436697037384,1.2198141095893726,-0.7552425986842105,0.6577633619308472,1.734375,1.734375
20260727-1-Ejp0,988000,20260702-Qeu8-resume3-replay-step988000.safetensors,1785804612,30.565730612820662,0.6919567954719984,20.25,20.875,18.875,21.0,2.720345864781252,1.2185558677603265,-0.7560649671052632,0.6569340229034424,1.734375,1.734375
20260727-1-Ejp0,989000,20260702-Qeu8-resume3-replay-step989000.safetensors,1785805272,30.54900973643236,0.6680415524090685,20.291666666666668,20.875,19.0,21.0,2.723323367418934,1.219247575833481,-0.7564761513157895,0.6551843881607056,1.734375,1.734375
20260727-1-Ejp0,990000,20260702-Qeu8-resume3-replay-step990000.safetensors,1785805929,30.551570127790473,0.6901579739574067,20.291666666666668,20.875,19.0,21.0,2.725660680819212,1.2201632803696465,-0.7570415296052632,0.6557672023773193,1.734375,1.734375
20260727-1-Ejp0,991000,20260702-Qeu8-resume3-replay-step991000.safetensors,1785806584,30.56178009338878,0.702821953205186,20.333333333333332,20.875,19.0,21.125,2.7274529262194136,1.2193511691781662,-0.7576583059210527,0.6562367677688599,1.734375,1.734375
20260727-1-Ejp0,992000,20260702-Qeu8-resume3-replay-step992000.safetensors,1785807240,30.628658225233107,0.7291853330872055,20.375,21.0,19.0,21.125,2.730088005123104,1.2201500908323368,-0.758069490131579,0.655860424041748,1.734375,1.734375
20260727-1-Ejp0,993000,20260702-Qeu8-resume3-replay-step993000.safetensors,1785807900,30.59254006379808,0.6841486872899246,20.375,21.0,19.0,21.125,2.7333413006533287,1.2192805489865375,-0.758532072368421,0.6553471088409424,1.734375,1.734375
20260727-1-Ejp0,994000,20260702-Qeu8-resume3-replay-step994000.safetensors,1785808557,30.58419576776492,0.7111871751493015,20.416666666666668,21.0,19.125,21.125,2.7357314233077554,1.219764509511683,-0.7591488486842105,0.654236912727356,1.734375,1.734375
20260727-1-Ejp0,995000,20260702-Qeu8-resume3-replay-step995000.safetensors,1785809212,30.63386853175915,0.6807129921662484,20.416666666666668,21.0,19.125,21.125,2.7380781437652733,1.219746196992002,-0.7596628289473685,0.6539257764816284,1.734375,1.734375
20260727-1-Ejp0,996000,20260702-Qeu8-resume3-replay-step996000.safetensors,1785809868,30.749289581380317,0.7177431353813102,20.458333333333332,21.0,19.125,21.25,2.7406299546125297,1.2202183788945593,-0.7601254111842105,0.6562488079071045,1.734375,1.734375
20260727-1-Ejp0,997000,20260702-Qeu8-resume3-replay-step997000.safetensors,1785810523,30.78036001437073,0.6599399303461474,20.5,21.125,19.125,21.25,2.7433197761342067,1.2207398374545364,-0.7605879934210527,0.6558096408843994,1.734375,1.734375
20260727-1-Ejp0,998000,20260702-Qeu8-resume3-replay-step998000.safetensors,1785811179,30.881582879372434,0.7023696989671991,20.5,21.125,19.125,21.25,2.7455958297618213,1.2207437495684021,-0.7612047697368421,0.6580958366394043,1.734375,1.734375
20260727-1-Ejp0,999000,20260702-Qeu8-resume3-replay-step999000.safetensors,1785811835,31.017691797536155,0.6628845310847186,20.5,21.125,19.125,21.25,2.7483743043166284,1.2207196343502227,-0.7618729440789473,0.6580960750579834,1.734375,1.734375
20260727-1-Ejp0,1000000,20260702-Qeu8-resume3-replay-step1000000.safetensors,1785812488,31.1231025412544,0.6823109944947102,20.583333333333332,21.25,19.25,21.25,2.7511842402848368,1.2213079919408838,-0.7624897203947368,0.6582468748092651,1.734375,1.734375
20260727-1-Ejp0,1001000,20260702-Qeu8-resume3-replay-step1001000.safetensors,1785813141,31.1428777808499,0.7279078464225122,20.625,21.25,19.25,21.375,2.754035358232886,1.2214423378738157,-0.7630037006578947,0.6563539505004883,1.734375,1.734375
20260727-1-Ejp0,1002000,20260702-Qeu8-resume3-replay-step1002000.safetensors,1785813793,31.238471874756492,0.6888647316331528,20.625,21.25,19.25,21.375,2.75608295152966,1.2214015745426658,-0.7636204769736842,0.6549314260482788,1.734375,1.734375
20260727-1-Ejp0,1003000,20260702-Qeu8-resume3-replay-step1003000.safetensors,1785814446,31.21081572512861,0.7469324524949106,20.625,21.25,19.25,21.375,2.7594184442372303,1.2221674740383675,-0.763928865131579,0.6550319194793701,1.734375,1.734375
20260727-1-Ejp0,1004000,20260702-Qeu8-resume3-replay-step1004000.safetensors,1785815106,31.275618382618312,0.7106523926782766,20.625,21.25,19.25,21.375,2.7619590008536457,1.2217018080983408,-0.7644428453947368,0.6536176204681396,1.734375,1.734375
20260727-1-Ejp0,1005000,20260702-Qeu8-resume3-replay-step1005000.safetensors,1785815760,31.29951039903523,0.724022023589134,20.666666666666668,21.25,19.375,21.375,2.765109286643287,1.2220107406810015,-0.7648026315789473,0.6529562473297119,1.734375,1.734375
20260727-1-Ejp0,1006000,20260702-Qeu8-resume3-replay-step1006000.safetensors,1785816412,31.350675567803137,0.7172160992571884,20.75,21.375,19.375,21.5,2.767482985883234,1.2212458911223827,-0.7655222039473685,0.6510112285614014,1.734375,1.734375
20260727-1-Ejp0,1007000,20260702-Qeu8-resume3-replay-step1007000.safetensors,1785817064,31.269862654717922,0.718959326085325,20.75,21.375,19.375,21.5,2.7715300102629814,1.2217951552478399,-0.766344572368421,0.6512571573257446,1.734375,1.734375
20260727-1-Ejp0,1008000,20260702-Qeu8-resume3-replay-step1008000.safetensors,1785817715,31.201310550980786,0.7112198664326306,20.75,21.375,19.375,21.5,2.7750103567826123,1.2206166339042697,-0.766858552631579,0.6491570472717285,1.734375,1.734375
20260727-1-Ejp0,1009000,20260702-Qeu8-resume3-replay-step1009000.safetensors,1785818367,31.145886337445305,0.7063225009738479,20.75,21.375,19.375,21.5,2.7779316463085184,1.2211697492273157,-0.7674239309210527,0.6493503451347351,1.734375,1.734375
20260727-1-Ejp0,1010000,20260702-Qeu8-resume3-replay-step1010000.safetensors,1785819022,31.118880542775813,0.702708823886148,20.791666666666668,21.375,19.5,21.5,2.779976425359236,1.2202047405808738,-0.7678865131578947,0.650021031498909,1.734375,1.734375
20260727-1-Ejp0,1011000,20260702-Qeu8-resume3-replay-step1011000.safetensors,1785819673,31.22892055140792,0.7155266397849828,20.791666666666668,21.375,19.5,21.5,2.7816454904803973,1.2225166183404634,-0.7683490953947368,0.6498006582260132,1.734375,1.734375
20260727-1-Ejp0,1012000,20260702-Qeu8-resume3-replay-step1012000.safetensors,1785820323,31.23886831234043,0.7242612113125487,20.833333333333332,21.5,19.5,21.5,2.784218551880105,1.2212555757077443,-0.768811677631579,0.6492765545845032,1.734375,1.734375
20260727-1-Ejp0,1013000,20260702-Qeu8-resume3-replay-step1013000.safetensors,1785820973,31.220687490245368,0.7054687365786763,20.875,21.5,19.5,21.625,2.786777595819367,1.220344604059128,-0.7694284539473685,0.6485523283481598,1.734375,1.734375
20260727-1-Ejp0,1014000,20260702-Qeu8-resume3-replay-step1014000.safetensors,1785821624,31.170496179388245,0.7243891170534146,20.875,21.5,19.5,21.625,2.789153702148931,1.2201578345483108,-0.7700966282894737,0.6490393877029419,1.734375,1.734375
20260727-1-Ejp0,1015000,20260702-Qeu8-resume3-replay-step1015000.safetensors,1785822279,31.143195014040455,0.6764130302704229,20.875,21.5,19.5,21.625,2.791976014260898,1.219552485868161,-0.7704564144736842,0.6490888595581055,1.734375,1.734375
20260727-1-Ejp0,1016000,20260702-Qeu8-resume3-replay-step1016000.safetensors,1785822932,31.071985942510263,0.698016224795061,20.916666666666668,21.5,19.625,21.625,2.794570087735544,1.2185801027698726,-0.7710217927631579,0.6490600407123566,1.734375,1.734375
20260727-1-Ejp0,1017000,20260702-Qeu8-resume3-replay-step1017000.safetensors,1785823584,31.05855949320477,0.7010337871457535,20.916666666666668,21.5,19.625,21.625,2.79811027969014,1.2191324548603535,-0.7715357730263158,0.6486895084381104,1.734375,1.734375
20260727-1-Ejp0,1018000,20260702-Qeu8-resume3-replay-step1018000.safetensors,1785824234,31.016055264064004,0.6849324381491232,20.958333333333332,21.625,19.625,21.625,2.80061291884279,1.2195500308448848,-0.7721011513157895,0.6489793658256531,1.734375,1.734375
20260727-1-Ejp0,1019000,20260702-Qeu8-resume3-replay-step1019000.safetensors,1785824882,30.94818538736219,0.6711935051210517,21.0,21.625,19.625,21.75,2.804010366584719,1.2199783364139543,-0.7728207236842105,0.6483853161334991,1.734375,1.734375
20260727-1-Ejp0,1020000,20260702-Qeu8-resume3-replay-step1020000.safetensors,1785825531,30.9867820491899,0.6905689740475479,21.0,21.625,19.625,21.75,2.806280942405256,1.2195887458039754,-0.7734375,0.6500648506917059,1.734375,1.734375
20260727-1-Ejp0,1021000,20260702-Qeu8-resume3-replay-step1021000.safetensors,1785826187,30.961406990706664,0.6833032140806761,21.041666666666668,21.625,19.75,21.75,2.8088311586056505,1.2206068984935334,-0.773694490131579,0.6496129333972931,1.734375,1.734375
20260727-1-Ejp0,1022000,20260702-Qeu8-resume3-replay-step1022000.safetensors,1785826834,30.974889876412693,0.6679874507916733,21.041666666666668,21.625,19.75,21.75,2.811248756785282,1.2203692827432497,-0.7743626644736842,0.6504516005516052,1.734375,1.734375
20260727-1-Ejp0,1023000,20260702-Qeu8-resume3-replay-step1023000.safetensors,1785827482,30.93284450615299,0.6874531625907054,21.041666666666668,21.625,19.75,21.75,2.814128112957756,1.2210423171612823,-0.774671052631579,0.6509540677070618,1.734375,1.734375
20260727-1-Ejp0,1024000,20260702-Qeu8-resume3-replay-step1024000.safetensors,1785828129,30.888301201158374,0.6896486473836562,21.041666666666668,21.625,19.75,21.75,2.8168613303119048,1.2193520198093775,-0.7751850328947368,0.650002233684063,1.734375,1.734375
20260727-1-Ejp0,1025000,20260702-Qeu8-resume3-replay-step1025000.safetensors,1785828775,30.85523214704297,0.7009281581905943,21.083333333333332,21.75,19.75,21.75,2.819195678725848,1.219514572794382,-0.7757504111842105,0.6507650017738342,1.734375,1.734375
20260727-1-Ejp0,1026000,20260702-Qeu8-resume3-replay-step1026000.safetensors,1785829427,30.947877559738995,0.7301855929781708,21.125,21.75,19.75,21.875,2.821149934973575,1.2222224896431744,-0.776624177631579,0.6520739793777466,1.734375,1.734375
20260727-1-Ejp0,1027000,20260702-Qeu8-resume3-replay-step1027000.safetensors,1785830074,30.93368688637644,0.6831908359518661,21.166666666666668,21.75,19.875,21.875,2.824134386305912,1.2224210340329156,-0.777086759868421,0.6510823965072632,1.734375,1.734375
20260727-1-Ejp0,1028000,20260702-Qeu8-resume3-replay-step1028000.safetensors,1785830722,30.873493385340733,0.6834473517255811,21.166666666666668,21.75,19.875,21.875,2.8270419676214713,1.2200275746431986,-0.7774979440789473,0.6507341861724854,1.734375,1.734375
20260727-1-Ejp0,1029000,20260702-Qeu8-resume3-replay-step1029000.safetensors,1785831370,30.80136547761149,0.7045502642806286,21.166666666666668,21.75,19.875,21.875,2.8304332247055983,1.2202552793266035,-0.7782175164473685,0.6511551387375221,1.734375,1.734375
20260727-1-Ejp0,1030000,20260702-Qeu8-resume3-replay-step1030000.safetensors,1785832015,30.749032664594722,0.6770398026141295,21.166666666666668,21.75,19.875,21.875,2.833303340931977,1.2213561064854805,-0.7786800986842105,0.6509092450141907,1.734375,1.734375
20260727-1-Ejp0,1031000,20260702-Qeu8-resume3-replay-step1031000.safetensors,1785832663,30.674210934756882,0.6779962392233716,21.208333333333332,21.875,19.875,21.875,2.836489853332595,1.2214767831636724,-0.7791940789473685,0.6511565446853638,1.734375,1.734375
20260727-1-Ejp0,1032000,20260702-Qeu8-resume3-replay-step1032000.safetensors,1785833309,30.64182971473724,0.6823184347019231,21.25,21.875,19.875,22.0,2.838331549969491,1.2220144213385202,-0.7797080592105263,0.6531659960746765,1.734375,1.734375
20260727-1-Ejp0,1033000,20260702-Qeu8-resume3-replay-step1033000.safetensors,1785833954,30.658943251846267,0.6743051145076289,21.291666666666668,21.875,20.0,22.0,2.8403130308678977,1.2201585903513323,-0.7803248355263158,0.654291570186615,1.734375,1.734375
20260727-1-Ejp0,1034000,20260702-Qeu8-resume3-replay-step1034000.safetensors,1785834603,30.599061219910347,0.6749770806018515,21.291666666666668,21.875,20.0,22.0,2.84322969835449,1.2208435469615344,-0.7807874177631579,0.6550508141517639,1.734375,1.734375
20260727-1-Ejp0,1035000,20260702-Qeu8-resume3-replay-step1035000.safetensors,1785835252,30.55315241680193,0.6866052341085793,21.291666666666668,21.875,20.0,22.0,2.846039649709554,1.2199483372036033,-0.7811986019736842,0.6556817293167114,1.734375,1.734375
20260727-1-Ejp0,1036000,20260702-Qeu8-resume3-replay-step1036000.safetensors,1785835904,30.481013239969958,0.6672142902243701,21.291666666666668,21.875,20.0,22.0,2.8494110577849248,1.2197072145489778,-0.7817639802631579,0.6547261476516724,1.734375,1.734375
20260727-1-Ejp0,1037000,20260702-Qeu8-resume3-replay-step1037000.safetensors,1785836556,30.433553101685494,0.6959125699384855,21.291666666666668,21.875,20.0,22.0,2.8526204271896054,1.2199049613313941,-0.7823807565789473,0.6567462682723999,1.734375,1.734375
20260727-1-Ejp0,1038000,20260702-Qeu8-resume3-replay-step1038000.safetensors,1785837213,30.383178162351395,0.6746123826636362,21.375,22.0,20.0,22.125,2.8553756957027008,1.2201528784329996,-0.782946134868421,0.6566380262374878,1.734375,1.734375
20260727-1-Ejp0,1039000,20260702-Qeu8-resume3-replay-step1039000.safetensors,1785837868,30.387725940445083,0.6744075970648139,21.375,22.0,20.0,22.125,2.8575746509040734,1.219352183923275,-0.7835629111842105,0.6573772430419922,1.734375,1.734375
20260727-1-Ejp0,1040000,20260702-Qeu8-resume3-replay-step1040000.safetensors,1785838522,30.335211683455146,0.6906564582639346,21.416666666666668,22.0,20.125,22.125,2.8598406076863663,1.218802787314763,-0.7840254934210527,0.6583219468593597,1.734375,1.734375
20260727-1-Ejp0,1041000,20260702-Qeu8-resume3-replay-step1041000.safetensors,1785839177,30.262307844682375,0.7028758650333965,21.416666666666668,22.0,20.125,22.125,2.862575577853322,1.219562702754998,-0.7843338815789473,0.6576037108898163,1.734375,1.734375
20260727-1-Ejp0,1042000,20260702-Qeu8-resume3-replay-step1042000.safetensors,1785839832,30.246144030995122,0.6765679008441816,21.416666666666668,22.0,20.125,22.125,2.864970711071853,1.2176195212441132,-0.7853104440789473,0.6599618196487427,1.734375,1.734375
20260727-1-Ejp0,1043000,20260702-Qeu8-resume3-replay-step1043000.safetensors,1785840497,30.20305954821066,0.6934577360334748,21.416666666666668,22.0,20.125,22.125,2.867654413580261,1.2178667822806828,-0.7857730263157895,0.6609091460704803,1.734375,1.734375
20260727-1-Ejp0,1044000,20260702-Qeu8-resume3-replay-step1044000.safetensors,1785841159,30.206499170167817,0.6815173816345282,21.458333333333332,22.125,20.125,22.125,2.8700486209356906,1.2190221797664766,-0.7862356085526315,0.6624376773834229,1.734375,1.734375
20260727-1-Ejp0,1045000,20260702-Qeu8-resume3-replay-step1045000.safetensors,1785841813,30.140057496058205,0.6914713571649742,21.5,22.125,20.125,22.25,2.8724714113521896,1.2178074126476908,-0.7866981907894737,0.6615840196609497,1.734375,1.734375
20260727-1-Ejp0,1046000,20260702-Qeu8-resume3-replay-step1046000.safetensors,1785842471,30.107014732985906,0.6757091496087039,21.541666666666668,22.125,20.25,22.25,2.8748037544057854,1.2188077453884687,-0.7873149671052632,0.6627921462059021,1.734375,1.734375
20260727-1-Ejp0,1047000,20260702-Qeu8-resume3-replay-step1047000.safetensors,1785843128,30.019738233045324,0.6869322650474186,21.541666666666668,22.125,20.25,22.25,2.8773119446259434,1.2187848248995117,-0.7876233552631579,0.6623874306678772,1.734375,1.734375
20260727-1-Ejp0,1048000,20260702-Qeu8-resume3-replay-step1048000.safetensors,1785843784,29.993968939370035,0.6945516342304326,21.541666666666668,22.125,20.25,22.25,2.879653212864094,1.2179450623421109,-0.787828947368421,0.6635012626647949,1.734375,1.734375
20260727-1-Ejp0,1049000,20260702-Qeu8-resume3-replay-step1049000.safetensors,1785844444,29.969758394826908,0.6754915670290057,21.541666666666668,22.125,20.25,22.25,2.881313843736553,1.2179234787386308,-0.7885485197368421,0.6644011735916138,1.734375,1.734375
20260727-1-Ejp0,1050000,20260702-Qeu8-resume3-replay-step1050000.safetensors,1785845101,29.929306187955497,0.6930126650490306,21.541666666666668,22.125,20.25,22.25,2.883982951229495,1.2164243428830697,-0.7892166940789473,0.666808009147644,1.734375,1.734375
20260727-1-Ejp0,1051000,20260702-Qeu8-resume3-replay-step1051000.safetensors,1785845763,29.860838450515566,0.6913932282965655,21.583333333333332,22.125,20.25,22.375,2.8871123453812326,1.216966353826978,-0.7898848684210527,0.6666121482849121,1.734375,1.734375
20260727-1-Ejp0,1052000,20260702-Qeu8-resume3-replay-step1052000.safetensors,1785846424,29.806699220406184,0.685983494324019,21.583333333333332,22.125,20.25,22.375,2.8902048585582434,1.2175326931924966,-0.7907072368421053,0.6678915023803711,1.734375,1.734375
20260727-1-Ejp0,1053000,20260702-Qeu8-resume3-replay-step1053000.safetensors,1785847087,29.7733615858381,0.6707926012309965,21.666666666666668,22.25,20.375,22.375,2.892830431146295,1.2168508291910642,-0.7912212171052632,0.6685547828674316,1.734375,1.734375
20260727-1-Ejp0,1054000,20260702-Qeu8-resume3-replay-step1054000.safetensors,1785847749,29.725181604717683,0.6737432591149916,21.666666666666668,22.25,20.375,22.375,2.8950726233677515,1.2173517573571808,-0.7916324013157895,0.6690895557403564,1.734375,1.734375
20260727-1-Ejp0,1055000,20260702-Qeu8-resume3-replay-step1055000.safetensors,1785848409,29.692875195339255,0.6803647247064616,21.666666666666668,22.25,20.375,22.375,2.897603674319591,1.2193154214581263,-0.7919407894736842,0.6711986064910889,1.734375,1.734375
20260727-1-Ejp0,1056000,20260702-Qeu8-resume3-replay-step1056000.safetensors,1785849074,29.69061654951467,0.6790159974194006,21.666666666666668,22.25,20.375,22.375,2.899332253768852,1.2170221641109589,-0.7923005756578947,0.6696207523345947,1.734375,1.734375
20260727-1-Ejp0,1057000,20260702-Qeu8-resume3-replay-step1057000.safetensors,1785849734,29.68378557855978,0.6921323972231163,21.666666666666668,22.25,20.375,22.375,2.9017693000529947,1.2175420389035017,-0.792711759868421,0.6717691421508789,1.734375,1.734375
20260727-1-Ejp0,1058000,20260702-Qeu8-resume3-replay-step1058000.safetensors,1785850397,29.684320996465704,0.6996109249221729,21.708333333333332,22.25,20.375,22.5,2.903326297269817,1.2177934376296808,-0.7933799342105263,0.672903299331665,1.734375,1.734375
20260727-1-Ejp0,1059000,20260702-Qeu8-resume3-replay-step1059000.safetensors,1785851061,29.734006076837996,0.6720504721227325,21.791666666666668,22.375,20.5,22.5,2.9054685391613138,1.2192910167389832,-0.7940995065789473,0.6720065474510193,1.734375,1.734375
20260727-1-Ejp0,1060000,20260702-Qeu8-resume3-replay-step1060000.safetensors,1785851729,29.747020364376983,0.6658532938879054,21.791666666666668,22.375,20.5,22.5,2.908076590509087,1.21485261447497,-0.7947676809210527,0.6719995737075806,1.734375,1.734375
20260727-1-Ejp0,1061000,20260702-Qeu8-resume3-replay-step1061000.safetensors,1785852407,29.72258014109848,0.6863527869023106,21.791666666666668,22.375,20.5,22.5,2.9099235867882975,1.2160321815218293,-0.7952816611842105,0.6734668016433716,1.734375,1.734375
20260727-1-Ejp0,1062000,20260702-Qeu8-resume3-replay-step1062000.safetensors,1785853071,29.671084553053586,0.6875870133267316,21.791666666666668,22.375,20.5,22.5,2.912686657883332,1.2160684607232501,-0.7958984375,0.6719239950180054,1.734375,1.734375
20260727-1-Ejp0,1063000,20260702-Qeu8-resume3-replay-step1063000.safetensors,1785853752,29.620877802859884,0.6896621868619596,21.791666666666668,22.375,20.5,22.5,2.915324644498581,1.2170632668541908,-0.7963096217105263,0.6725149154663086,1.734375,1.734375
20260727-1-Ejp0,1064000,20260702-Qeu8-resume3-replay-step1064000.safetensors,1785854411,29.583961863549014,0.6973965149037386,21.833333333333332,22.375,20.5,22.625,2.9177918685793025,1.215935669758232,-0.7965666118421053,0.6739091873168945,1.734375,1.734375
20260727-1-Ejp0,1065000,20260702-Qeu8-resume3-replay-step1065000.safetensors,1785855072,29.57871636394859,0.6984199824611275,21.916666666666668,22.5,20.625,22.625,2.9194184340801193,1.216434499990622,-0.7970805921052632,0.6747837066650391,1.734375,1.734375
20260727-1-Ejp0,1066000,20260702-Qeu8-resume3-replay-step1066000.safetensors,1785855726,29.554786078501348,0.6932829993839508,21.916666666666668,22.5,20.625,22.625,2.921892904158331,1.2135434979124553,-0.797594572368421,0.6759223937988281,1.734375,1.734375
20260727-1-Ejp0,1067000,20260702-Qeu8-resume3-replay-step1067000.safetensors,1785856381,29.544245514167038,0.6780498353596899,21.916666666666668,22.5,20.625,22.625,2.9247819378180564,1.21558295105446,-0.7982627467105263,0.6765856742858887,1.734375,1.734375
20260727-1-Ejp0,1068000,20260702-Qeu8-resume3-replay-step1068000.safetensors,1785857033,29.476110377346256,0.6926058674382846,21.916666666666668,22.5,20.625,22.625,2.9273889460690796,1.2147427441046226,-0.7989823190789473,0.6777060031890869,1.734375,1.734375
20260727-1-Ejp0,1069000,20260702-Qeu8-resume3-replay-step1069000.safetensors,1785857686,29.436547349193454,0.6955649138845853,21.916666666666668,22.5,20.625,22.625,2.929870270759509,1.2152953735818093,-0.7993421052631579,0.6789236068725586,1.734375,1.734375
20260727-1-Ejp0,1070000,20260702-Qeu8-resume3-replay-step1070000.safetensors,1785858342,29.47440986103746,0.688672306882136,21.958333333333332,22.5,20.625,22.75,2.9320379334555096,1.2165023632644107,-0.7997018914473685,0.6793859004974365,1.734375,1.734375
20260727-1-Ejp0,1071000,20260702-Qeu8-resume3-replay-step1071000.safetensors,1785858990,29.444347787028438,0.6880747673791427,21.958333333333332,22.5,20.625,22.75,2.935154817228012,1.2161024827112674,-0.8002672697368421,0.6792271137237549,1.734375,1.734375
20260727-1-Ejp0,1072000,20260702-Qeu8-resume3-replay-step1072000.safetensors,1785859633,29.4511249548728,0.6867399631055184,22.041666666666668,22.625,20.75,22.75,2.938026855605118,1.2159720795036393,-0.8008840460526315,0.6813054084777832,1.734375,1.734375
20260727-1-Ejp0,1073000,20260702-Qeu8-resume3-replay-step1073000.safetensors,1785860274,29.490427373098704,0.6633438411200301,22.041666666666668,22.625,20.75,22.75,2.939613605803385,1.2145110586541032,-0.8013466282894737,0.6829166412353516,1.734375,1.734375
20260727-1-Ejp0,1074000,20260702-Qeu8-resume3-replay-step1074000.safetensors,1785860911,29.444310651243903,0.6678381059954526,22.041666666666668,22.625,20.75,22.75,2.942171045075374,1.2138911551728384,-0.8019120065789473,0.6822903156280518,1.734375,1.734375
20260727-1-Ejp0,1075000,20260702-Qeu8-resume3-replay-step1075000.safetensors,1785861547,29.41628037255618,0.7075930133062112,22.041666666666668,22.625,20.75,22.75,2.9445530005366813,1.2139209184858548,-0.802734375,0.682776927947998,1.734375,1.734375
20260727-1-Ejp0,1076000,20260702-Qeu8-resume3-replay-step1076000.safetensors,1785862188,29.378510771463056,0.7074652925215961,22.041666666666668,22.625,20.75,22.75,2.9471956224681692,1.2147953019584088,-0.8031969572368421,0.6832501888275146,1.734375,1.734375
20260727-1-Ejp0,1077000,20260702-Qeu8-resume3-replay-step1077000.safetensors,1785862833,29.43205525190553,0.750478898738949,22.125,22.625,20.875,22.875,2.948643213883489,1.2137439421473588,-0.8037109375,0.6836063861846924,1.734375,1.734375
20260727-1-Ejp0,1078000,20260702-Qeu8-resume3-replay-step1078000.safetensors,1785863472,29.539664969567777,0.7011334596263907,22.166666666666668,22.75,20.875,22.875,2.950284191850692,1.2143269208396794,-0.8040707236842105,0.6848032474517822,1.734375,1.734375
20260727-1-Ejp0,1079000,20260702-Qeu8-resume3-replay-step1079000.safetensors,1785864107,29.496176919660982,0.6811777045100216,22.166666666666668,22.75,20.875,22.875,2.953210746913914,1.2143737571056423,-0.8045333059210527,0.6831827163696289,1.734375,1.734375
20260727-1-Ejp0,1080000,20260702-Qeu8-resume3-replay-step1080000.safetensors,1785864765,29.43457924164655,0.6861260818606558,22.166666666666668,22.75,20.875,22.875,2.9565036689375455,1.2146918510647287,-0.8049958881578947,0.6839809417724609,1.734375,1.734375
20260727-1-Ejp0,1081000,20260702-Qeu8-resume3-replay-step1081000.safetensors,1785865467,29.40067494333302,0.697643587099018,22.166666666666668,22.75,20.875,22.875,2.959707001297878,1.2139446016567184,-0.8055612664473685,0.6845176219940186,1.734375,1.734375
20260727-1-Ejp0,1082000,20260702-Qeu8-resume3-replay-step1082000.safetensors,1785866165,29.34738541294861,0.6710390100938795,22.166666666666668,22.75,20.875,22.875,2.9620765253856267,1.2148878859563883,-0.8060752467105263,0.6831741034984589,1.734375,1.734375
20260727-1-Ejp0,1083000,20260702-Qeu8-resume3-replay-step1083000.safetensors,1785866858,29.299439679930195,0.6772381452012917,22.208333333333332,22.75,20.875,23.0,2.9645142214936966,1.2143620150204506,-0.8066920230263158,0.6842142343521118,1.734375,1.734375
20260727-1-Ejp0,1084000,20260702-Qeu8-resume3-replay-step1084000.safetensors,1785867547,29.26802226227771,0.6790008958769641,22.25,22.75,21.0,23.0,2.967027810180818,1.2126592945312877,-0.8074115953947368,0.6846060752868652,1.734375,1.734375
20260727-1-Ejp0,1085000,20260702-Qeu8-resume3-replay-step1085000.safetensors,1785868199,29.327624780362356,0.6864088682018349,22.291666666666668,22.875,21.0,23.0,2.969181172958461,1.2147271033837483,-0.8080283717105263,0.6867509484291077,1.734375,1.734375
20260727-1-Ejp0,1086000,20260702-Qeu8-resume3-replay-step1086000.safetensors,1785868839,29.45744283566974,0.686416544081245,22.291666666666668,22.875,21.0,23.0,2.9709389299490003,1.2152173368996448,-0.808336759868421,0.689570426940918,1.734375,1.734375
20260727-1-Ejp0,1087000,20260702-Qeu8-resume3-replay-step1087000.safetensors,1785869482,29.40892502926487,0.6694974288634766,22.291666666666668,22.875,21.0,23.0,2.973638180453637,1.2139986878494506,-0.8089021381578947,0.6873979568481445,1.734375,1.734375
20260727-1-Ejp0,1088000,20260702-Qeu8-resume3-replay-step1088000.safetensors,1785870123,29.486249548325944,0.6765091025077502,22.333333333333332,22.875,21.0,23.125,2.9763311706546283,1.2146605839140605,-0.8092619243421053,0.6881498098373413,1.734375,1.734375
20260727-1-Ejp0,1089000,20260702-Qeu8-resume3-replay-step1089000.safetensors,1785870763,29.42892087095216,0.6752742696357409,22.333333333333332,22.875,21.0,23.125,2.980437503268323,1.2125953119088841,-0.8099814967105263,0.6895866394042969,1.734375,1.734375
20260727-1-Ejp0,1090000,20260702-Qeu8-resume3-replay-step1090000.safetensors,1785871403,29.379250215955068,0.6630833615619309,22.416666666666668,23.0,21.125,23.125,2.9827981408361337,1.2130535097383688,-0.810546875,0.6884994506835938,1.734375,1.734375
20260727-1-Ejp0,1091000,20260702-Qeu8-resume3-replay-step1091000.safetensors,1785872052,29.328959504738155,0.6749979158271278,22.416666666666668,23.0,21.125,23.125,2.9858288607039087,1.213136560476292,-0.8109580592105263,0.6896176338195801,1.734375,1.734375
20260727-1-Ejp0,1092000,20260702-Qeu8-resume3-replay-step1092000.safetensors,1785872693,29.294768570505543,0.6848623649660827,22.416666666666668,23.0,21.125,23.125,2.988157776044674,1.213556965212499,-0.8116776315789473,0.6890692710876465,1.734375,1.734375
20260727-1-Ejp0,1093000,20260702-Qeu8-resume3-replay-step1093000.safetensors,1785873339,29.23688995597167,0.6932254913192335,22.416666666666668,23.0,21.125,23.125,2.990593848427278,1.2111693518406927,-0.8119860197368421,0.6907525062561035,1.734375,1.734375
20260727-1-Ejp0,1094000,20260702-Qeu8-resume3-replay-step1094000.safetensors,1785873981,29.199722978241105,0.6684524673974676,22.416666666666668,23.0,21.125,23.125,2.993368943433175,1.2125361893730702,-0.8125513980263158,0.6906554698944092,1.734375,1.734375
20260727-1-Ejp0,1095000,20260702-Qeu8-resume3-replay-step1095000.safetensors,1785874623,29.133573106788553,0.7094605797743426,22.458333333333332,23.0,21.125,23.25,2.995279187570163,1.2111729188331948,-0.8130139802631579,0.6908769607543945,1.734375,1.734375
20260727-1-Ejp0,1096000,20260702-Qeu8-resume3-replay-step1096000.safetensors,1785875266,29.19090263917183,0.7111952229291875,22.5,23.0,21.25,23.25,2.997740610561794,1.2117346068019166,-0.8135279605263158,0.6934454441070557,1.734375,1.734375
20260727-1-Ejp0,1097000,20260702-Qeu8-resume3-replay-step1097000.safetensors,1785875907,29.253629192376234,0.6733288539594721,22.541666666666668,23.125,21.25,23.25,2.9997070495689435,1.2113942117889467,-0.8142989309210527,0.6936197280883789,1.734375,1.734375
20260727-1-Ejp0,1098000,20260702-Qeu8-resume3-replay-step1098000.safetensors,1785876551,29.41550357985861,0.6761694393022095,22.541666666666668,23.125,21.25,23.25,3.0013153611134182,1.2126231670485212,-0.8147615131578947,0.6940798759460449,1.734375,1.734375
20260727-1-Ejp0,1099000,20260702-Qeu8-resume3-replay-step1099000.safetensors,1785877192,29.547441146833137,0.7207823030982998,22.541666666666668,23.125,21.25,23.25,3.00312707562549,1.210968165991056,-0.8150185032894737,0.6942107677459717,1.734375,1.734375
20260727-1-Ejp0,1100000,20260702-Qeu8-resume3-replay-step1100000.safetensors,1785877831,29.4761160449203,0.6613820976893762,22.583333333333332,23.125,21.25,23.375,3.006296454755425,1.2135621241194752,-0.8156352796052632,0.6933205127716064,1.734375,1.734375
20260727-1-Ejp0,1101000,20260702-Qeu8-resume3-replay-step1101000.safetensors,1785878471,29.576419960876596,0.6740238151428187,22.583333333333332,23.125,21.25,23.375,3.008504704288693,1.2138219384395965,-0.8162006578947368,0.69354248046875,1.734375,1.734375
20260727-1-Ejp0,1102000,20260702-Qeu8-resume3-replay-step1102000.safetensors,1785879133,29.689718173789487,0.660895271816946,22.666666666666668,23.25,21.375,23.375,3.010892063449209,1.2157557017640814,-0.8169716282894737,0.6932721138000488,1.734375,1.734375
20260727-1-Ejp0,1103000,20260702-Qeu8-resume3-replay-step1103000.safetensors,1785879794,29.831078695527598,0.674084409025441,22.666666666666668,23.25,21.375,23.375,3.013558911236164,1.2142653575978863,-0.8173314144736842,0.6928043365478516,1.734375,1.734375
20260727-1-Ejp0,1104000,20260702-Qeu8-resume3-replay-step1104000.safetensors,1785880438,29.923931735721407,0.6774979419363599,22.666666666666668,23.25,21.375,23.375,3.01581384564209,1.2150533714872234,-0.8177939967105263,0.6943473815917969,1.734375,1.734375
20260727-1-Ejp0,1105000,20260702-Qeu8-resume3-replay-step1105000.safetensors,1785881081,29.88290410469799,0.6724172079306998,22.708333333333332,23.25,21.375,23.5,3.0192450442269663,1.2149157220130196,-0.8185135690789473,0.6904990673065186,1.734375,1.734375
20260727-1-Ejp0,1106000,20260702-Qeu8-resume3-replay-step1106000.safetensors,1785881721,29.96071794442503,0.6555845353738203,22.75,23.375,21.375,23.5,3.0208468799456334,1.2154445736176722,-0.8187191611842105,0.6911301612854004,1.734375,1.734375
20260727-1-Ejp0,1107000,20260702-Qeu8-resume3-replay-step1107000.safetensors,1785882359,30.078281318574366,0.704297865893556,22.791666666666668,23.375,21.5,23.5,3.024112442971546,1.2159194551534236,-0.8191817434210527,0.6895127296447754,1.734375,1.734375
20260727-1-Ejp0,1108000,20260702-Qeu8-resume3-replay-step1108000.safetensors,1785883003,30.12730475483236,0.6888478193568605,22.791666666666668,23.375,21.5,23.5,3.026863860899884,1.2161484833202216,-0.8199013157894737,0.6890439987182617,1.734375,1.734375
20260727-1-Ejp0,1109000,20260702-Qeu8-resume3-replay-step1109000.safetensors,1785883643,30.14368590400412,0.6908468724922251,22.791666666666668,23.375,21.5,23.5,3.0289653665034986,1.2151811743706906,-0.8204666940789473,0.6882331371307373,1.734375,1.734375
20260727-1-Ejp0,1110000,20260702-Qeu8-resume3-replay-step1110000.safetensors,1785884285,30.244927728041457,0.6808456119794862,22.833333333333332,23.375,21.5,23.625,3.0313713741619486,1.2165337157767238,-0.8210834703947368,0.6883354187011719,1.734375,1.734375
20260727-1-Ejp0,1111000,20260702-Qeu8-resume3-replay-step1111000.safetensors,1785884921,30.314718312927415,0.6692839790110043,22.875,23.5,21.5,23.625,3.0337929488226365,1.215618992262478,-0.8217002467105263,0.6875841617584229,1.734375,1.734375
20260727-1-Ejp0,1112000,20260702-Qeu8-resume3-replay-step1112000.safetensors,1785885557,30.433309145358333,0.6562169388555957,22.916666666666668,23.5,21.625,23.625,3.0357968797190713,1.2151646472691913,-0.822265625,0.6872243881225586,1.734375,1.734375
20260727-1-Ejp0,1113000,20260702-Qeu8-resume3-replay-step1113000.safetensors,1785886196,30.396366013485334,0.6706365414740258,22.916666666666668,23.5,21.625,23.625,3.0394887451343515,1.2144208384388857,-0.8227282072368421,0.684018611907959,1.734375,1.734375
20260727-1-Ejp0,1114000,20260702-Qeu8-resume3-replay-step1114000.safetensors,1785886835,30.454865032699395,0.6862669607862089,22.916666666666668,23.5,21.625,23.625,3.0415739264113544,1.2172224798790288,-0.822985197368421,0.6859275251626968,1.734375,1.734375
20260727-1-Ejp0,1115000,20260702-Qeu8-resume3-replay-step1115000.safetensors,1785887474,30.526979243475196,0.7261149115878797,22.958333333333332,23.5,21.625,23.75,3.044117858893406,1.216746727327871,-0.8236533717105263,0.6849811673164368,1.734375,1.734375
20260727-1-Ejp0,1116000,20260702-Qeu8-resume3-replay-step1116000.safetensors,1785888110,30.512371180726504,0.6635046742540308,23.0,23.625,21.625,23.75,3.046997027689395,1.2156403256471897,-0.8241673519736842,0.6831866502761841,1.734375,1.734375
20260727-1-Ejp0,1117000,20260702-Qeu8-resume3-replay-step1117000.safetensors,1785888755,30.487285620627176,0.6667066632530142,23.0,23.625,21.625,23.75,3.04985771347944,1.2164456668379007,-0.8248355263157895,0.6817371249198914,1.734375,1.734375
20260727-1-Ejp0,1118000,20260702-Qeu8-resume3-replay-step1118000.safetensors,1785889388,30.4547375044602,0.6861613355914384,23.041666666666668,23.625,21.75,23.75,3.0530360005598935,1.2149714764607193,-0.8255037006578947,0.6809292435646057,1.734375,1.734375
20260727-1-Ejp0,1119000,20260702-Qeu8-resume3-replay-step1119000.safetensors,1785890024,30.351619105654855,0.6951585995806506,23.041666666666668,23.625,21.75,23.75,3.0561240658553106,1.2156371237882542,-0.8258634868421053,0.6799060106277466,1.734375,1.734375
20260727-1-Ejp0,1120000,20260702-Qeu8-resume3-replay-step1120000.safetensors,1785890657,30.316035135859774,0.6727878389034707,23.041666666666668,23.625,21.75,23.75,3.0590747708253705,1.2151853578950456,-0.8265316611842105,0.6810286492109299,1.734375,1.734375
20260727-1-Ejp0,1121000,20260702-Qeu8-resume3-replay-step1121000.safetensors,1785891292,30.348987171928304,0.6982920650705159,23.041666666666668,23.625,21.75,23.75,3.0617303559599316,1.2155611825433759,-0.8269428453947368,0.6816367208957672,1.734375,1.734375
20260727-1-Ejp0,1122000,20260702-Qeu8-resume3-replay-step1122000.safetensors,1785891924,30.429700765360987,0.7244375326536605,23.125,23.75,21.75,23.875,3.0637923622022623,1.2171577423940216,-0.827405427631579,0.6830606460571289,1.734375,1.734375
20260727-1-Ejp0,1123000,20260702-Qeu8-resume3-replay-step1123000.safetensors,1785892556,30.4333389444963,0.6570494741355041,23.125,23.75,21.75,23.875,3.0656481206240747,1.216518701746369,-0.8278166118421053,0.6827454566955566,1.734375,1.734375
20260727-1-Ejp0,1124000,20260702-Qeu8-resume3-replay-step1124000.safetensors,1785893210,30.505866254383495,0.662409568493526,23.166666666666668,23.75,21.875,23.875,3.0676715217784944,1.2161290910408478,-0.8286389802631579,0.6821050643920898,1.734375,1.734375
20260727-1-Ejp0,1125000,20260702-Qeu8-resume3-replay-step1125000.safetensors,1785893867,30.60155589512805,0.6761717445163515,23.166666666666668,23.75,21.875,23.875,3.0707508442431743,1.2168553359328276,-0.8291529605263158,0.6814236640930176,1.734375,1.734375
20260727-1-Ejp0,1126000,20260702-Qeu8-resume3-replay-step1126000.safetensors,1785894502,30.641193266701283,0.6633756539563986,23.166666666666668,23.75,21.875,23.875,3.0739852070737994,1.2170080583227634,-0.8296669407894737,0.6819279193878174,1.734375,1.734375
20260727-1-Ejp0,1127000,20260702-Qeu8-resume3-replay-step1127000.safetensors,1785895138,30.769259218095996,0.6711551396233325,23.25,23.875,21.875,24.0,3.0762764775463456,1.2170475028306345,-0.8302323190789473,0.6806061416864395,1.734375,1.734375
20260727-1-Ejp0,1128000,20260702-Qeu8-resume3-replay-step1128000.safetensors,1785895777,30.750332713987166,0.6803532072696935,23.25,23.875,21.875,24.0,3.0797360357708445,1.2150121334344721,-0.8307462993421053,0.679434061050415,1.734375,1.734375
20260727-1-Ejp0,1129000,20260702-Qeu8-resume3-replay-step1129000.safetensors,1785896410,30.834632049537323,0.6722198971943912,23.291666666666668,23.875,22.0,24.0,3.081887399135509,1.216610675234094,-0.8312088815789473,0.6789416670799255,1.734375,1.734375
20260727-1-Ejp0,1130000,20260702-Qeu8-resume3-replay-step1130000.safetensors,1785897042,30.87279017709732,0.7023575248133233,23.291666666666668,23.875,22.0,24.0,3.084628364361624,1.2169987446123105,-0.8315686677631579,0.6786572337150574,1.734375,1.734375
20260727-1-Ejp0,1131000,20260702-Qeu8-resume3-replay-step1131000.safetensors,1785897673,30.87380528917787,0.6795497704255999,23.333333333333332,24.0,22.0,24.0,3.0879773156187,1.2167590404067243,-0.8322368421052632,0.6772098541259766,1.734375,1.734375
20260727-1-Ejp0,1132000,20260702-Qeu8-resume3-replay-step1132000.safetensors,1785898302,30.809306556339543,0.7001013532939672,23.375,24.0,22.0,24.125,3.091814825237812,1.2166547197576905,-0.8328022203947368,0.6764800548553467,1.734375,1.734375
20260727-1-Ejp0,1133000,20260702-Qeu8-resume3-replay-step1133000.safetensors,1785898932,30.75462871999852,0.6959589582489909,23.375,24.0,22.0,24.125,3.0955586576908445,1.2151154250207696,-0.8335217927631579,0.6748092174530029,1.734375,1.734375
20260727-1-Ejp0,1134000,20260702-Qeu8-resume3-replay-step1134000.safetensors,1785899594,30.77746577208042,0.6660349896242778,23.416666666666668,24.0,22.125,24.125,3.097730017766317,1.2162292199036162,-0.834241365131579,0.6751430034637451,1.734375,1.734375
20260727-1-Ejp0,1135000,20260702-Qeu8-resume3-replay-step1135000.safetensors,1785900265,30.727854188889882,0.6958096916663359,23.416666666666668,24.0,22.125,24.125,3.1012301468247925,1.2158743888502148,-0.8346525493421053,0.674781322479248,1.734375,1.734375
20260727-1-Ejp0,1136000,20260702-Qeu8-resume3-replay-step1136000.safetensors,1785900933,30.691296951643874,0.6802170569847162,23.416666666666668,24.0,22.125,24.125,3.1048216269685547,1.215741681557597,-0.8349609375,0.6751499176025391,1.734375,1.734375
20260727-1-Ejp0,1137000,20260702-Qeu8-resume3-replay-step1137000.safetensors,1785901602,30.656283079465855,0.6935665680455606,23.416666666666668,24.0,22.125,24.125,3.1084192442100975,1.2169059128353186,-0.8354749177631579,0.675703763961792,1.734375,1.734375
20260727-1-Ejp0,1138000,20260702-Qeu8-resume3-replay-step1138000.safetensors,1785902278,30.593344965724242,0.6896863799402,23.416666666666668,24.0,22.125,24.125,3.111270978344727,1.216311399553347,-0.8361430921052632,0.6753230094909668,1.734375,1.734375
20260727-1-Ejp0,1139000,20260702-Qeu8-resume3-replay-step1139000.safetensors,1785902946,30.586779630519732,0.6779865190648793,23.5,24.125,22.125,24.25,3.1145594971031767,1.2166268206862412,-0.8367084703947368,0.6760693788528442,1.734375,1.734375
20260727-1-Ejp0,1140000,20260702-Qeu8-resume3-replay-step1140000.safetensors,1785903612,30.709666421317344,0.7006640263740169,23.541666666666668,24.125,22.25,24.25,3.11585187215842,1.2169464891007484,-0.8372738486842105,0.6770613193511963,1.734375,1.734375
20260727-1-Ejp0,1141000,20260702-Qeu8-resume3-replay-step1141000.safetensors,1785904281,30.722729755598422,0.7021839964281993,23.541666666666668,24.125,22.25,24.25,3.1188729798773633,1.2160779872740848,-0.837890625,0.6775238811969757,1.734375,1.734375
20260727-1-Ejp0,1142000,20260702-Qeu8-resume3-replay-step1142000.safetensors,1785904947,30.728857661507778,0.6904510587050839,23.541666666666668,24.125,22.25,24.25,3.122185680625596,1.2152979717539116,-0.8385587993421053,0.676044225692749,1.734375,1.734375
20260727-1-Ejp0,1143000,20260702-Qeu8-resume3-replay-step1143000.safetensors,1785905619,30.696753087638083,0.6875573982661561,23.541666666666668,24.125,22.25,24.25,3.125608724655686,1.2175013614202248,-0.8392269736842105,0.6758957505226135,1.734375,1.734375
20260727-1-Ejp0,1144000,20260702-Qeu8-resume3-replay-step1144000.safetensors,1785906289,30.65105020260625,0.6855375737512522,23.541666666666668,24.125,22.25,24.25,3.1286538996152484,1.2165221891665914,-0.8394325657894737,0.6763958930969238,1.734375,1.734375
20260727-1-Ejp0,1145000,20260702-Qeu8-resume3-replay-step1145000.safetensors,1785906957,30.592367809476237,0.6931727800143225,23.625,24.25,22.25,24.375,3.131186491501118,1.2172300623775536,-0.8397923519736842,0.6748323440551758,1.734375,1.734375
20260727-1-Ejp0,1146000,20260702-Qeu8-resume3-replay-step1146000.safetensors,1785907623,30.55563336064871,0.6905748410488262,23.666666666666668,24.25,22.375,24.375,3.133513816894202,1.2166024097085542,-0.8403063322368421,0.6765942573547363,1.734375,1.734375
20260727-1-Ejp0,1147000,20260702-Qeu8-resume3-replay-step1147000.safetensors,1785908292,30.51971630123464,0.6872325831899141,23.666666666666668,24.25,22.375,24.375,3.136768610395656,1.2173863286774185,-0.841077302631579,0.6742790937423706,1.734375,1.734375
20260727-1-Ejp0,1148000,20260702-Qeu8-resume3-replay-step1148000.safetensors,1785908965,30.473222732409436,0.6954516997116957,23.666666666666668,24.25,22.375,24.375,3.1396607345248375,1.2167237341676462,-0.8414370888157895,0.6754738092422485,1.734375,1.734375
20260727-1-Ejp0,1149000,20260702-Qeu8-resume3-replay-step1149000.safetensors,1785909642,30.444997059606344,0.7026919816337183,23.666666666666668,24.25,22.375,24.375,3.1417691416047635,1.216719034722324,-0.842053865131579,0.6764864921569824,1.734375,1.734375
20260727-1-Ejp0,1150000,20260702-Qeu8-resume3-replay-step1150000.safetensors,1785910318,30.426990581306104,0.6929218190752369,23.666666666666668,24.25,22.375,24.375,3.1448287962280395,1.2172976905681816,-0.8425678453947368,0.6773356199264526,1.734375,1.734375
20260727-1-Ejp0,1151000,20260702-Qeu8-resume3-replay-step1151000.safetensors,1785910994,30.355884696952725,0.6932467307840255,23.666666666666668,24.25,22.375,24.375,3.1470020255957762,1.2157654338304065,-0.8431332236842105,0.6765954494476318,1.734375,1.734375
20260727-1-Ejp0,1152000,20260702-Qeu8-resume3-replay-step1152000.safetensors,1785911670,30.372287844083964,0.6977658027962088,23.791666666666668,24.375,22.5,24.5,3.1489836377721296,1.218224406221593,-0.8438013980263158,0.6784708499908447,1.734375,1.734375
20260727-1-Ejp0,1153000,20260702-Qeu8-resume3-replay-step1153000.safetensors,1785912346,30.353045176688916,0.6822850344330278,23.791666666666668,24.375,22.5,24.5,3.1510402534752178,1.2167128142908876,-0.8442125822368421,0.6779001951217651,1.734375,1.734375
20260727-1-Ejp0,1154000,20260702-Qeu8-resume3-replay-step1154000.safetensors,1785913028,30.30722434894267,0.6829996092165634,23.791666666666668,24.375,22.5,24.5,3.153920264132489,1.2158637156221297,-0.8447265625,0.6788723468780518,1.734375,1.734375
20260727-1-Ejp0,1155000,20260702-Qeu8-resume3-replay-step1155000.safetensors,1785913705,30.25975419801454,0.6809578546705902,23.791666666666668,24.375,22.5,24.5,3.157045282310676,1.216039551325181,-0.8454975328947368,0.6798744201660156,1.734375,1.734375
20260727-1-Ejp0,1156000,20260702-Qeu8-resume3-replay-step1156000.safetensors,1785914383,30.227175503680645,0.6871845360831789,23.791666666666668,24.375,22.5,24.5,3.1605779739168587,1.2151657658645196,-0.8458059210526315,0.6801518201828003,1.734375,1.734375
20260727-1-Ejp0,1157000,20260702-Qeu8-resume3-replay-step1157000.safetensors,1785915061,30.20564322011447,0.6792932661447862,23.833333333333332,24.375,22.5,24.625,3.1626655056557267,1.2155804071800609,-0.8462685032894737,0.6810726746916771,1.734375,1.734375
20260727-1-Ejp0,1158000,20260702-Qeu8-resume3-replay-step1158000.safetensors,1785915740,30.180927454232908,0.6707763432785984,23.833333333333332,24.375,22.5,24.625,3.165879938161243,1.2158880397269436,-0.8468338815789473,0.6806596517562866,1.734375,1.734375
20260727-1-Ejp0,1159000,20260702-Qeu8-resume3-replay-step1159000.safetensors,1785916422,30.124983970718255,0.6811891744629242,23.916666666666668,24.5,22.625,24.625,3.169028857178792,1.217571178570268,-0.8472450657894737,0.6832383871078491,1.734375,1.734375
20260727-1-Ejp0,1160000,20260702-Qeu8-resume3-replay-step1160000.safetensors,1785917103,30.06959527625468,0.6851203226254043,23.916666666666668,24.5,22.625,24.625,3.1728075982536152,1.2162697197663608,-0.847913240131579,0.6831215620040894,1.734375,1.734375
20260727-1-Ejp0,1161000,20260702-Qeu8-resume3-replay-step1161000.safetensors,1785917782,30.02684247210205,0.6826243018336202,23.916666666666668,24.5,22.625,24.625,3.175946789533616,1.2173976370886912,-0.8483244243421053,0.6855630874633789,1.734375,1.734375
20260727-1-Ejp0,1162000,20260702-Qeu8-resume3-replay-step1162000.safetensors,1785918464,30.04097151393674,0.6753803434305968,23.916666666666668,24.5,22.625,24.625,3.178585799413401,1.21683883742533,-0.8488384046052632,0.683677613735199,1.734375,1.734375
20260727-1-Ejp0,1163000,20260702-Qeu8-resume3-replay-step1163000.safetensors,1785919143,29.996329129797317,0.6874916951910545,23.958333333333332,24.5,22.625,24.75,3.181219778899104,1.217674048314632,-0.849866365131579,0.6856861114501953,1.734375,1.734375
20260727-1-Ejp0,1164000,20260702-Qeu8-resume3-replay-step1164000.safetensors,1785919823,30.04642363350049,0.6748029659182729,23.958333333333332,24.5,22.625,24.75,3.1829364221885483,1.2177452699890368,-0.8500205592105263,0.6871993541717529,1.734375,1.734375
20260727-1-Ejp0,1165000,20260702-Qeu8-resume3-replay-step1165000.safetensors,1785920509,30.105418003061164,0.6741813915418435,24.041666666666668,24.625,22.75,24.75,3.1849607283411747,1.2167523466403831,-0.8506887335526315,0.687929630279541,1.734375,1.734375
20260727-1-Ejp0,1166000,20260702-Qeu8-resume3-replay-step1166000.safetensors,1785921188,30.164128038452002,0.6926753149974727,24.041666666666668,24.625,22.75,24.75,3.1873181365233054,1.2172701702293611,-0.8514597039473685,0.6895266771316528,1.734375,1.734375
20260727-1-Ejp0,1167000,20260702-Qeu8-resume3-replay-step1167000.safetensors,1785921868,30.19138509853657,0.6943664590579843,24.041666666666668,24.625,22.75,24.75,3.189476703624962,1.2168935809942543,-0.8517166940789473,0.688461422920227,1.734375,1.734375
20260727-1-Ejp0,1168000,20260702-Qeu8-resume3-replay-step1168000.safetensors,1785922550,30.255855674888654,0.6996074202474251,24.041666666666668,24.625,22.75,24.75,3.192316002510695,1.2170977988193892,-0.8525390625,0.6892926394939423,1.734375,1.734375
20260727-1-Ejp0,1169000,20260702-Qeu8-resume3-replay-step1169000.safetensors,1785923235,30.33972979131841,0.6966541817634614,24.083333333333332,24.625,22.75,24.875,3.194840057631691,1.2167417058777474,-0.8526932565789473,0.6883225440979004,1.734375,1.734375
20260727-1-Ejp0,1170000,20260702-Qeu8-resume3-replay-step1170000.safetensors,1785923922,30.374616427118795,0.6843369264628683,24.125,24.75,22.75,24.875,3.1966580776361573,1.2183346860841784,-0.8530016447368421,0.688261091709137,1.734375,1.734375
20260727-1-Ejp0,1171000,20260702-Qeu8-resume3-replay-step1171000.safetensors,1785924604,30.448837168697107,0.669042971278,24.166666666666668,24.75,22.875,24.875,3.198374437410868,1.218474397281517,-0.8536698190789473,0.6873694062232971,1.734375,1.734375
20260727-1-Ejp0,1172000,20260702-Qeu8-resume3-replay-step1172000.safetensors,1785925288,30.506245410688262,0.6880054688990617,24.166666666666668,24.75,22.875,24.875,3.201436339775477,1.219061602307888,-0.8540296052631579,0.6867116689682007,1.734375,1.734375
20260727-1-Ejp0,1173000,20260702-Qeu8-resume3-replay-step1173000.safetensors,1785925971,30.649807508022434,0.6780110152788047,24.208333333333332,24.75,22.875,25.0,3.203684498637762,1.216920518606575,-0.8546977796052632,0.686044454574585,1.734375,1.734375
20260727-1-Ejp0,1174000,20260702-Qeu8-resume3-replay-step1174000.safetensors,1785926654,30.686205458611763,0.6756414257947704,24.208333333333332,24.75,22.875,25.0,3.2058825510260576,1.2169951832743489,-0.8553659539473685,0.6851959228515625,1.734375,1.734375
20260727-1-Ejp0,1175000,20260702-Qeu8-resume3-replay-step1175000.safetensors,1785927338,30.669344626528964,0.6963013312664104,24.291666666666668,24.875,23.0,25.0,3.2087918165766656,1.21676328579687,-0.8558799342105263,0.6839017868041992,1.734375,1.734375
20260727-1-Ejp0,1176000,20260702-Qeu8-resume3-replay-step1176000.safetensors,1785928030,30.63946834980865,0.6817531702302241,24.291666666666668,24.875,23.0,25.0,3.2115354098153444,1.2156050984786042,-0.8568050986842105,0.6837779879570007,1.734375,1.734375
20260727-1-Ejp0,1177000,20260702-Qeu8-resume3-replay-step1177000.safetensors,1785928729,30.60909287672567,0.710056557564466,24.291666666666668,24.875,23.0,25.0,3.2152516971058915,1.2164304525932057,-0.8572162828947368,0.6841983795166016,1.734375,1.734375
20260727-1-Ejp0,1178000,20260702-Qeu8-resume3-replay-step1178000.safetensors,1785929431,30.578791190028934,0.7232060023025986,24.291666666666668,24.875,23.0,25.0,3.2178684080812845,1.2175250069280978,-0.857678865131579,0.6835954189300537,1.734375,1.734375
20260727-1-Ejp0,1179000,20260702-Qeu8-resume3-replay-step1179000.safetensors,1785930132,30.505516445700056,0.7097615773303261,24.291666666666668,24.875,23.0,25.0,3.221166512464478,1.219015384964411,-0.8580386513157895,0.683107852935791,1.734375,1.734375
20260727-1-Ejp0,1180000,20260702-Qeu8-resume3-replay-step1180000.safetensors,1785930824,30.489475213380064,0.7004634103255715,24.291666666666668,24.875,23.0,25.0,3.2238050848978577,1.2175306448264518,-0.8585526315789473,0.6834473609924316,1.734375,1.734375
20260727-1-Ejp0,1181000,20260702-Qeu8-resume3-replay-step1181000.safetensors,1785931525,30.507414325864552,0.7173183077711152,24.375,25.0,23.0,25.125,3.2265424439309607,1.2171520466019694,-0.8590152138157895,0.685234785079956,1.734375,1.734375
20260727-1-Ejp0,1182000,20260702-Qeu8-resume3-replay-step1182000.safetensors,1785932211,30.513393040099224,0.671081228124707,24.416666666666668,25.0,23.125,25.125,3.2293824256623203,1.2178073276213146,-0.859631990131579,0.6835014373064041,1.734375,1.734375
20260727-1-Ejp0,1183000,20260702-Qeu8-resume3-replay-step1183000.safetensors,1785932894,30.509333311476862,0.7055345895121778,24.416666666666668,25.0,23.125,25.125,3.2321365552438563,1.2185137275265978,-0.8602487664473685,0.6846478581428528,1.734375,1.734375
20260727-1-Ejp0,1184000,20260702-Qeu8-resume3-replay-step1184000.safetensors,1785933577,30.641979339780324,0.7013901201006019,24.416666666666668,25.0,23.125,25.125,3.2350581466567463,1.2193862561324824,-0.8608141447368421,0.6856579780578613,1.734375,1.734375
20260727-1-Ejp0,1185000,20260702-Qeu8-resume3-replay-step1185000.safetensors,1785934263,30.665286518304175,0.6679258461915525,24.458333333333332,25.125,23.125,25.125,3.237404531385676,1.2183338517096274,-0.8612253289473685,0.6853998899459839,1.734375,1.734375
20260727-1-Ejp0,1186000,20260702-Qeu8-resume3-replay-step1186000.safetensors,1785934952,30.66163816568109,0.6882270474344799,24.5,25.125,23.125,25.25,3.240332190224264,1.2182456201483003,-0.8618421052631579,0.6849232614040375,1.734375,1.734375
20260727-1-Ejp0,1187000,20260702-Qeu8-resume3-replay-step1187000.safetensors,1785935637,30.668766484837032,0.6948416104744622,24.541666666666668,25.125,23.25,25.25,3.2437284568949805,1.2186902865767033,-0.8623046875,0.6842766404151917,1.734375,1.734375
20260727-1-Ejp0,1188000,20260702-Qeu8-resume3-replay-step1188000.safetensors,1785936322,30.76909228316601,0.6907486015000708,24.541666666666668,25.125,23.25,25.25,3.246316915242273,1.2207217142292293,-0.8627672697368421,0.683144748210907,1.734375,1.734375
20260727-1-Ejp0,1189000,20260702-Qeu8-resume3-replay-step1189000.safetensors,1785937007,30.766596914217473,0.6912972228990114,24.541666666666668,25.125,23.25,25.25,3.248697601798073,1.2182471841106621,-0.8634354440789473,0.681628942489624,1.734375,1.734375
20260727-1-Ejp0,1190000,20260702-Qeu8-resume3-replay-step1190000.safetensors,1785937691,30.77270012575461,0.7150879495362602,24.541666666666668,25.125,23.25,25.25,3.2515388170320065,1.2191084964616876,-0.8642064144736842,0.6818118095397949,1.734375,1.734375
20260727-1-Ejp0,1191000,20260702-Qeu8-resume3-replay-step1191000.safetensors,1785938382,30.852780431396777,0.7211338373533246,24.625,25.25,23.25,25.375,3.253401896447812,1.2190882054142986,-0.8649259868421053,0.6810313239693642,1.734375,1.734375
20260727-1-Ejp0,1192000,20260702-Qeu8-resume3-replay-step1192000.safetensors,1785939071,30.92228784593892,0.721097314350578,24.625,25.25,23.25,25.375,3.255768983041957,1.2186169935045372,-0.865234375,0.6811686754226685,1.734375,1.734375
20260727-1-Ejp0,1193000,20260702-Qeu8-resume3-replay-step1193000.safetensors,1785939757,30.983590172174406,0.733665772020487,24.666666666666668,25.25,23.375,25.375,3.2582129413273084,1.2183379896569906,-0.8656969572368421,0.6816285848617554,1.734375,1.734375
20260727-1-Ejp0,1194000,20260702-Qeu8-resume3-replay-step1194000.safetensors,1785940446,30.940847584198686,0.7105105326059277,24.666666666666668,25.25,23.375,25.375,3.262327057157015,1.2200671259634357,-0.8661081414473685,0.6792683601379395,1.734375,1.734375
20260727-1-Ejp0,1195000,20260702-Qeu8-resume3-replay-step1195000.safetensors,1785941132,30.903933574962515,0.7182037574826395,24.666666666666668,25.25,23.375,25.375,3.2645297133495736,1.2204094775023253,-0.8663651315789473,0.6790189743041992,1.734375,1.734375
20260727-1-Ejp0,1196000,20260702-Qeu8-resume3-replay-step1196000.safetensors,1785941821,30.883103305349724,0.697991907216246,24.75,25.375,23.375,25.5,3.26819886790435,1.2198420480889303,-0.8670333059210527,0.678802490234375,1.734375,1.734375
20260727-1-Ejp0,1197000,20260702-Qeu8-resume3-replay-step1197000.safetensors,1785942510,30.800122731755927,0.7032955586130012,24.75,25.375,23.375,25.5,3.271557189634932,1.219705302332201,-0.8676500822368421,0.6785917282104492,1.734375,1.734375
20260727-1-Ejp0,1198000,20260702-Qeu8-resume3-replay-step1198000.safetensors,1785943196,30.75905334410679,0.698231575633983,24.791666666666668,25.375,23.5,25.5,3.273674215714282,1.2195926607694048,-0.8683182565789473,0.6790358424186707,1.734375,1.734375
20260727-1-Ejp0,1199000,20260702-Qeu8-resume3-replay-step1199000.safetensors,1785943882,30.747029139434915,0.6844657525914762,24.791666666666668,25.375,23.5,25.5,3.2761755311521483,1.2193914965568013,-0.8691920230263158,0.6790177822113037,1.734375,1.734375
20260727-1-Ejp0,1200000,20260702-Qeu8-resume3-replay-step1200000.safetensors,1785944570,30.658678980441913,0.6956163959864017,24.791666666666668,25.375,23.5,25.5,3.2791274925197924,1.2185316965829704,-0.8695004111842105,0.6789119243621826,1.734375,1.734375
20260727-1-Ejp0,1201000,20260702-Qeu8-resume3-replay-step1201000.safetensors,1785945260,30.624096795452573,0.6968260518374352,24.791666666666668,25.375,23.5,25.5,3.2821167460195944,1.2192191929513327,-0.8701685855263158,0.6792576313018799,1.734375,1.734375
20260727-1-Ejp0,1202000,20260702-Qeu8-resume3-replay-step1202000.safetensors,1785945955,30.530725213015465,0.7027199021111833,24.791666666666668,25.375,23.5,25.5,3.2848969824000007,1.2196324012444952,-0.8705283717105263,0.6798275709152222,1.734375,1.734375
20260727-1-Ejp0,1203000,20260702-Qeu8-resume3-replay-step1203000.safetensors,1785946647,30.51469385194927,0.7181450554083793,24.791666666666668,25.375,23.5,25.5,3.2877505159373825,1.2204162762649289,-0.8708881578947368,0.6803550720214844,1.734375,1.734375
20260727-1-Ejp0,1204000,20260702-Qeu8-resume3-replay-step1204000.safetensors,1785947340,30.512502269429547,0.7121681591596105,24.916666666666668,25.5,23.625,25.625,3.2899262706725074,1.2181362640641527,-0.8714021381578947,0.6814382076263428,1.734375,1.734375
20260727-1-Ejp0,1205000,20260702-Qeu8-resume3-replay-step1205000.safetensors,1785948005,30.491093172673104,0.6969218215473388,24.916666666666668,25.5,23.625,25.625,3.2918742849475158,1.2185707881417303,-0.8720189144736842,0.6814133524894714,1.734375,1.734375
20260727-1-Ejp0,1206000,20260702-Qeu8-resume3-replay-step1206000.safetensors,1785948653,30.467809433542065,0.7224149388747182,24.916666666666668,25.5,23.625,25.625,3.2945180392721367,1.2170629115838372,-0.8725842927631579,0.6829003691673279,1.734375,1.734375
20260727-1-Ejp0,1207000,20260702-Qeu8-resume3-replay-step1207000.safetensors,1785949307,30.413739236386682,0.7120636475523597,24.916666666666668,25.5,23.625,25.625,3.297343557391317,1.2179861862007235,-0.8731496710526315,0.6837069988250732,1.734375,1.734375
20260727-1-Ejp0,1208000,20260702-Qeu8-resume3-replay-step1208000.safetensors,1785949962,30.370427355623328,0.7010791790122651,24.916666666666668,25.5,23.625,25.625,3.300638064055784,1.2170179870995463,-0.8738178453947368,0.6843432188034058,1.734375,1.734375
20260727-1-Ejp0,1209000,20260702-Qeu8-resume3-replay-step1209000.safetensors,1785950613,30.29079723265096,0.7071808185147369,24.958333333333332,25.5,23.75,25.625,3.303067050302863,1.2178803069618505,-0.8743318256578947,0.6851376593112946,1.734375,1.734375
20260727-1-Ejp0,1210000,20260702-Qeu8-resume3-replay-step1210000.safetensors,1785951262,30.277269040092676,0.6978491126604073,25.0,25.5,23.75,25.75,3.305469483063597,1.2168465815172553,-0.8746916118421053,0.6863747835159302,1.734375,1.734375
20260727-1-Ejp0,1211000,20260702-Qeu8-resume3-replay-step1211000.safetensors,1785951908,30.23028309046876,0.7187318234890198,25.0,25.5,23.75,25.75,3.308301684571331,1.2158688419341346,-0.8748458059210527,0.6871297359466553,1.734375,1.734375
20260727-1-Ejp0,1212000,20260702-Qeu8-resume3-replay-step1212000.safetensors,1785952552,30.165174508900233,0.7180159808673607,25.041666666666668,25.625,23.75,25.75,3.311607507115421,1.2164312190028888,-0.875719572368421,0.6882734298706055,1.734375,1.734375
20260727-1-Ejp0,1213000,20260702-Qeu8-resume3-replay-step1213000.safetensors,1785953207,30.14433252598001,0.7118923050378029,25.041666666666668,25.625,23.75,25.75,3.31521729204773,1.217078675168493,-0.8765419407894737,0.6895499229431152,1.734375,1.734375
20260727-1-Ejp0,1214000,20260702-Qeu8-resume3-replay-step1214000.safetensors,1785953860,30.123662831392636,0.7234025575846965,25.041666666666668,25.625,23.75,25.75,3.317958357075245,1.2163606908308626,-0.8767989309210527,0.6910638809204102,1.734375,1.734375
20260727-1-Ejp0,1215000,20260702-Qeu8-resume3-replay-step1215000.safetensors,1785954503,30.072245446108774,0.7258851026139681,25.041666666666668,25.625,23.75,25.75,3.320156258223494,1.218539779632303,-0.8774157072368421,0.6914653778076172,1.734375,1.734375
20260727-1-Ejp0,1216000,20260702-Qeu8-resume3-replay-step1216000.safetensors,1785955144,30.05994533752328,0.7275990465881277,25.083333333333332,25.625,23.75,25.875,3.321530405176117,1.2167115541340396,-0.8781352796052632,0.6944065093994141,1.734375,1.734375
20260727-1-Ejp0,1217000,20260702-Qeu8-resume3-replay-step1217000.safetensors,1785955788,30.10236766888483,0.7121328931242878,25.125,25.625,23.875,25.875,3.3237907881490503,1.2167546107652232,-0.8785978618421053,0.6937065124511719,1.734375,1.734375
20260727-1-Ejp0,1218000,20260702-Qeu8-resume3-replay-step1218000.safetensors,1785956434,30.113632153847906,0.7206819755991303,25.125,25.625,23.875,25.875,3.325211930045066,1.2189113990734834,-0.8789576480263158,0.6955738067626953,1.734375,1.734375
20260727-1-Ejp0,1219000,20260702-Qeu8-resume3-replay-step1219000.safetensors,1785957077,30.066972681165065,0.7326888005968486,25.166666666666668,25.75,23.875,25.875,3.3277133543429773,1.218395911855222,-0.8793688322368421,0.6950082778930664,1.734375,1.734375
20260727-1-Ejp0,1220000,20260702-Qeu8-resume3-replay-step1220000.safetensors,1785957718,30.07168468229349,0.7194692138441897,25.166666666666668,25.75,23.875,25.875,3.3299397454877515,1.2181270927737247,-0.8803453947368421,0.6965446472167969,1.734375,1.734375
20260727-1-Ejp0,1221000,20260702-Qeu8-resume3-replay-step1221000.safetensors,1785958359,30.121914514640466,0.7295573469924946,25.166666666666668,25.75,23.875,25.875,3.3326349860085416,1.218535767793468,-0.8806537828947368,0.6963567733764648,1.734375,1.734375
20260727-1-Ejp0,1222000,20260702-Qeu8-resume3-replay-step1222000.safetensors,1785959001,30.11093635400611,0.712352717277363,25.25,25.75,24.0,26.0,3.335108867256551,1.2186816629800907,-0.8809621710526315,0.6981019973754883,1.734375,1.734375
20260727-1-Ejp0,1223000,20260702-Qeu8-resume3-replay-step1223000.safetensors,1785959642,30.09570666018406,0.733997828350565,25.25,25.75,24.0,26.0,3.3386923371076462,1.218120196361329,-0.8815275493421053,0.6964259147644043,1.734375,1.734375
20260727-1-Ejp0,1224000,20260702-Qeu8-resume3-replay-step1224000.safetensors,1785960287,30.03137995811787,0.7414201193389132,25.291666666666668,25.875,24.0,26.0,3.3413759521285957,1.2175861552170186,-0.8821957236842105,0.6976423263549805,1.734375,1.734375
20260727-1-Ejp0,1225000,20260702-Qeu8-resume3-replay-step1225000.safetensors,1785960926,30.027724177004462,0.7213673347551002,25.291666666666668,25.875,24.0,26.0,3.3440104891263913,1.2163428595138537,-0.8826069078947368,0.6969079971313477,1.734375,1.734375
20260727-1-Ejp0,1226000,20260702-Qeu8-resume3-replay-step1226000.safetensors,1785961564,30.007100251657437,0.7282975397967366,25.291666666666668,25.875,24.0,26.0,3.345858311107854,1.2171091582302904,-0.8832236842105263,0.6997461318969727,1.734375,1.734375
20260727-1-Ejp0,1227000,20260702-Qeu8-resume3-replay-step1227000.safetensors,1785962202,30.035911696499333,0.7262505004585895,25.291666666666668,25.875,24.0,26.0,3.3482884366001295,1.2176740306828573,-0.8835834703947368,0.7003788948059082,1.734375,1.734375
20260727-1-Ejp0,1228000,20260702-Qeu8-resume3-replay-step1228000.safetensors,1785962840,30.009119611552755,0.7188264093018881,25.333333333333332,25.875,24.0,26.125,3.3503422262043756,1.2179249248396409,-0.8843030427631579,0.6989588737487793,1.734375,1.734375
20260727-1-Ejp0,1229000,20260702-Qeu8-resume3-replay-step1229000.safetensors,1785963480,29.97880699065271,0.7189122212056094,25.375,25.875,24.125,26.125,3.3539617538882722,1.2194779087512932,-0.8849712171052632,0.6999993324279785,1.734375,1.734375
20260727-1-Ejp0,1230000,20260702-Qeu8-resume3-replay-step1230000.safetensors,1785964121,29.991217676384213,0.7305127746416089,25.416666666666668,26.0,24.125,26.125,3.356753375793594,1.2203295998164352,-0.8855879934210527,0.7025275230407715,1.734375,1.734375
20260727-1-Ejp0,1231000,20260702-Qeu8-resume3-replay-step1231000.safetensors,1785964758,29.981646199380442,0.7334533077767333,25.416666666666668,26.0,24.125,26.125,3.3585471554356916,1.221077527457573,-0.8860505756578947,0.7011399269104004,1.734375,1.734375
20260727-1-Ejp0,1232000,20260702-Qeu8-resume3-replay-step1232000.safetensors,1785965397,29.916937539901028,0.7397812675603198,25.416666666666668,26.0,24.125,26.125,3.361253648207023,1.2186744778131877,-0.8867701480263158,0.7010078430175781,1.734375,1.734375
20260727-1-Ejp0,1233000,20260702-Qeu8-resume3-replay-step1233000.safetensors,1785966033,29.895778989901572,0.7481271617144338,25.416666666666668,26.0,24.125,26.125,3.3638848805473187,1.2194480106538057,-0.8870785361842105,0.7035913467407227,1.734375,1.734375
20260727-1-Ejp0,1234000,20260702-Qeu8-resume3-replay-step1234000.safetensors,1785966670,29.851300570479395,0.7486685118913369,25.416666666666668,26.0,24.125,26.125,3.3676543396538814,1.2193924940370318,-0.8876439144736842,0.7023944854736328,1.734375,1.734375
20260727-1-Ejp0,1235000,20260702-Qeu8-resume3-replay-step1235000.safetensors,1785967310,29.85984328721951,0.7435665213270023,25.5,26.0,24.25,26.25,3.3690063591893273,1.2187581802580907,-0.887952302631579,0.7046446800231934,1.734375,1.734375
20260727-1-Ejp0,1236000,20260702-Qeu8-resume3-replay-step1236000.safetensors,1785967951,29.87321298389904,0.742567282657955,25.541666666666668,26.125,24.25,26.25,3.371240727469417,1.2189227793758102,-0.8885176809210527,0.7044048309326172,1.734375,1.734375
20260727-1-Ejp0,1237000,20260702-Qeu8-resume3-replay-step1237000.safetensors,1785968590,29.848149275963205,0.7396952812196346,25.541666666666668,26.125,24.25,26.25,3.3740057635186678,1.219623547708544,-0.8889802631578947,0.7069439888000488,1.734375,1.734375
20260727-1-Ejp0,1238000,20260702-Qeu8-resume3-replay-step1238000.safetensors,1785969226,29.897354637167403,0.7319685972162886,25.541666666666668,26.125,24.25,26.25,3.3758538010742916,1.2187433358852342,-0.8894428453947368,0.7055587768554688,1.734375,1.734375
20260727-1-Ejp0,1239000,20260702-Qeu8-resume3-replay-step1239000.safetensors,1785969863,29.93484533964659,0.7302594257294809,25.541666666666668,26.125,24.25,26.25,3.3782462329125744,1.2202971315290012,-0.8901110197368421,0.7075376510620117,1.734375,1.734375
20260727-1-Ejp0,1240000,20260702-Qeu8-resume3-replay-step1240000.safetensors,1785970499,30.00925059079254,0.7052603718987268,25.541666666666668,26.125,24.25,26.25,3.3815053219721523,1.2219013280335145,-0.8907791940789473,0.7072739601135254,1.734375,1.734375
20260727-1-Ejp0,1241000,20260702-Qeu8-resume3-replay-step1241000.safetensors,1785971138,29.999981975307364,0.7243594882816563,25.666666666666668,26.25,24.375,26.375,3.383745475255577,1.22096203142832,-0.8910875822368421,0.7058162689208984,1.734375,1.734375
20260727-1-Ejp0,1242000,20260702-Qeu8-resume3-replay-step1242000.safetensors,1785971774,30.10994231392456,0.7188781906215527,25.666666666666668,26.25,24.375,26.375,3.3868474841743645,1.2217609683640531,-0.8919613486842105,0.7066340446472168,1.734375,1.734375
20260727-1-Ejp0,1243000,20260702-Qeu8-resume3-replay-step1243000.safetensors,1785972409,30.15755801305855,0.7038183595992179,25.666666666666668,26.25,24.375,26.375,3.388518234854845,1.2220817640648938,-0.8926809210526315,0.7052474021911621,1.734375,1.734375
20260727-1-Ejp0,1244000,20260702-Qeu8-resume3-replay-step1244000.safetensors,1785973046,30.19238521896352,0.7174287628058726,25.666666666666668,26.25,24.375,26.375,3.390220091755646,1.2218039618542336,-0.8930921052631579,0.7040038108825684,1.734375,1.734375
20260727-1-Ejp0,1245000,20260702-Qeu8-resume3-replay-step1245000.safetensors,1785973683,30.294791830127096,0.7116820085594872,25.708333333333332,26.25,24.375,26.5,3.3936389494732624,1.2252894311813667,-0.8934518914473685,0.7037092000246048,1.734375,1.734375
20260727-1-Ejp0,1246000,20260702-Qeu8-resume3-replay-step1246000.safetensors,1785974318,30.311312113523567,0.7313730782113264,25.75,26.375,24.375,26.5,3.3957457413331373,1.225445092116959,-0.8941714638157895,0.7026636600494385,1.734375,1.734375
20260727-1-Ejp0,1247000,20260702-Qeu8-resume3-replay-step1247000.safetensors,1785974957,30.275925255397517,0.7292776984787562,25.791666666666668,26.375,24.5,26.5,3.398603192036091,1.2229470340093913,-0.8945826480263158,0.7033443450927734,1.734375,1.734375
20260727-1-Ejp0,1248000,20260702-Qeu8-resume3-replay-step1248000.safetensors,1785975589,30.302066620167068,0.7336735430125407,25.791666666666668,26.375,24.5,26.5,3.4008046469809567,1.223804978684032,-0.8950966282894737,0.7021059989929199,1.734375,1.734375
20260727-1-Ejp0,1249000,20260702-Qeu8-resume3-replay-step1249000.safetensors,1785976221,30.39666311635928,0.7273986588654718,25.791666666666668,26.375,24.5,26.5,3.4023031608923913,1.2242968496623456,-0.8954050164473685,0.7032060027122498,1.734375,1.734375
20260727-1-Ejp0,1250000,20260702-Qeu8-resume3-replay-step1250000.safetensors,1785976856,30.393351378192843,0.7199492210222782,25.791666666666668,26.375,24.5,26.5,3.4041337707840382,1.2238043612870997,-0.8959703947368421,0.7028532028198242,1.734375,1.734375
20260727-1-Ejp0,1251000,20260702-Qeu8-resume3-replay-step1251000.safetensors,1785977490,30.38415453908414,0.7287092685221425,25.791666666666668,26.375,24.5,26.5,3.4073465817506743,1.224555800086699,-0.8965357730263158,0.7007574439048767,1.734375,1.734375
20260727-1-Ejp0,1252000,20260702-Qeu8-resume3-replay-step1252000.safetensors,1785978128,30.336689304895557,0.7284081232136798,25.833333333333332,26.375,24.625,26.5,3.4108601361416913,1.2248119798422126,-0.8969983552631579,0.7007474899291992,1.734375,1.734375
20260727-1-Ejp0,1253000,20260702-Qeu8-resume3-replay-step1253000.safetensors,1785978765,30.28321232297278,0.7219016770795293,25.916666666666668,26.5,24.625,26.625,3.412129404496265,1.2256633296465385,-0.8976151315789473,0.6991009712219238,1.734375,1.734375
20260727-1-Ejp0,1254000,20260702-Qeu8-resume3-replay-step1254000.safetensors,1785979400,30.261638473677454,0.7344792647674003,25.916666666666668,26.5,24.625,26.625,3.414771910826526,1.2253522669859036,-0.8983861019736842,0.6991984844207764,1.734375,1.734375
20260727-1-Ejp0,1255000,20260702-Qeu8-resume3-replay-step1255000.safetensors,1785980032,30.198344707019583,0.7289549720744575,25.916666666666668,26.5,24.625,26.625,3.417491904814954,1.2259580949411917,-0.8987972861842105,0.7006816864013672,1.734375,1.734375
20260727-1-Ejp0,1256000,20260702-Qeu8-resume3-replay-step1256000.safetensors,1785980663,30.16828420783916,0.7368198516832212,25.916666666666668,26.5,24.625,26.625,3.4198575433788414,1.2250656339850035,-0.8994654605263158,0.6995429992675781,1.734375,1.734375
20260727-1-Ejp0,1257000,20260702-Qeu8-resume3-replay-step1257000.safetensors,1785981296,30.190859261873467,0.7396542606197242,25.916666666666668,26.5,24.625,26.625,3.422823588356119,1.2245503267141347,-0.9000822368421053,0.7004590034484863,1.734375,1.734375
20260727-1-Ejp0,1258000,20260702-Qeu8-resume3-replay-step1258000.safetensors,1785981931,30.17272618178544,0.7446824859881692,25.958333333333332,26.5,24.75,26.625,3.425129483588884,1.2246065443429526,-0.900647615131579,0.700305700302124,1.734375,1.734375
20260727-1-Ejp0,1259000,20260702-Qeu8-resume3-replay-step1259000.safetensors,1785982562,30.135016446891065,0.7327110863501649,26.041666666666668,26.625,24.75,26.75,3.426700067838354,1.2246328674587186,-0.9009560032894737,0.7005813121795654,1.734375,1.734375
20260727-1-Ejp0,1260000,20260702-Qeu8-resume3-replay-step1260000.safetensors,1785983192,30.09638895533888,0.7504566762166965,26.041666666666668,26.625,24.75,26.75,3.429447313343153,1.2238518289451847,-0.9014699835526315,0.7019734382629395,1.734375,1.734375
20260727-1-Ejp0,1261000,20260702-Qeu8-resume3-replay-step1261000.safetensors,1785983824,30.068445332445307,0.7328214502016315,26.041666666666668,26.625,24.75,26.75,3.4302314188927294,1.223006930671899,-0.902086759868421,0.7015042304992676,1.734375,1.734375
20260727-1-Ejp0,1262000,20260702-Qeu8-resume3-replay-step1262000.safetensors,1785984455,30.05502554918817,0.7795865691449271,26.041666666666668,26.625,24.75,26.75,3.432395791656579,1.2240761312997668,-0.9023951480263158,0.7031450271606445,1.734375,1.734375
20260727-1-Ejp0,1263000,20260702-Qeu8-resume3-replay-step1263000.safetensors,1785985089,30.007533921596547,0.7458460143938669,26.041666666666668,26.625,24.75,26.75,3.434486336958242,1.2229580395821138,-0.9029091282894737,0.7027988433837891,1.734375,1.734375
20260727-1-Ejp0,1264000,20260702-Qeu8-resume3-replay-step1264000.safetensors,1785985730,29.98657466283777,0.7426448436299773,26.083333333333332,26.625,24.875,26.75,3.437402803858872,1.2249840202063222,-0.9033717105263158,0.7043170928955078,1.734375,1.734375
20260727-1-Ejp0,1265000,20260702-Qeu8-resume3-replay-step1265000.safetensors,1785986362,29.957298127349926,0.7546992669943865,26.125,26.625,24.875,26.875,3.4387233864933258,1.224197585320404,-0.9039370888157895,0.7044706344604492,1.734375,1.734375
20260727-1-Ejp0,1266000,20260702-Qeu8-resume3-replay-step1266000.safetensors,1785986993,29.909458642854595,0.7415372949316582,26.125,26.625,24.875,26.875,3.4412688589293428,1.2242588481197463,-0.9047080592105263,0.7050862312316895,1.734375,1.734375
20260727-1-Ejp0,1267000,20260702-Qeu8-resume3-replay-step1267000.safetensors,1785987624,29.864808317007967,0.7488265656478347,26.125,26.625,24.875,26.875,3.4439320183083626,1.2242893372210222,-0.9050678453947368,0.7063889503479004,1.734375,1.734375
20260727-1-Ejp0,1268000,20260702-Qeu8-resume3-replay-step1268000.safetensors,1785988255,29.8340748780593,0.7513042842927244,26.125,26.625,24.875,26.875,3.4461324089667085,1.2248135552181862,-0.9058902138157895,0.7076506614685059,1.734375,1.734375
20260727-1-Ejp0,1269000,20260702-Qeu8-resume3-replay-step1269000.safetensors,1785988886,29.82564094007655,0.7452187185033003,26.166666666666668,26.75,24.875,26.875,3.4486681582538794,1.2255698433810531,-0.906506990131579,0.7075862884521484,1.734375,1.734375
20260727-1-Ejp0,1270000,20260702-Qeu8-resume3-replay-step1270000.safetensors,1785989518,29.78509257302391,0.7604438851115833,26.208333333333332,26.75,25.0,26.875,3.4522981077548818,1.2255551256172779,-0.906969572368421,0.7083568572998047,1.734375,1.734375
20260727-1-Ejp0,1271000,20260702-Qeu8-resume3-replay-step1271000.safetensors,1785990148,29.744514892698263,0.7438920683944321,26.25,26.75,25.0,27.0,3.4549885141258136,1.224138759514563,-0.9075349506578947,0.7081432342529297,1.734375,1.734375
20260727-1-Ejp0,1272000,20260702-Qeu8-resume3-replay-step1272000.safetensors,1785990777,29.701848168994953,0.7535521616155323,26.25,26.75,25.0,27.0,3.4577841126799598,1.223934811664511,-0.9080489309210527,0.7091751098632812,1.734375,1.734375
20260727-1-Ejp0,1273000,20260702-Qeu8-resume3-replay-step1273000.safetensors,1785991406,29.671956964903725,0.7712541598964319,26.25,26.75,25.0,27.0,3.4611753551513793,1.224187874814628,-0.908460115131579,0.7113289833068848,1.734375,1.734375
20260727-1-Ejp0,1274000,20260702-Qeu8-resume3-replay-step1274000.safetensors,1785992035,29.664674859974976,0.7754079259347821,26.25,26.75,25.0,27.0,3.4636415985990796,1.223419139416397,-0.9090768914473685,0.7121191024780273,1.734375,1.734375
20260727-1-Ejp0,1275000,20260702-Qeu8-resume3-replay-step1275000.safetensors,1785992666,29.669749934020814,0.7511913592343876,26.291666666666668,26.875,25.0,27.0,3.4657223640721977,1.2253656592380375,-0.9093338815789473,0.7130188941955566,1.734375,1.734375
20260727-1-Ejp0,1276000,20260702-Qeu8-resume3-replay-step1276000.safetensors,1785993296,29.642586805454396,0.7571941705967663,26.333333333333332,26.875,25.125,27.0,3.4682302051159124,1.2267598571517977,-0.9103104440789473,0.7129449844360352,1.734375,1.734375
20260727-1-Ejp0,1277000,20260702-Qeu8-resume3-replay-step1277000.safetensors,1785993925,29.58384708504774,0.7593881244277343,26.333333333333332,26.875,25.125,27.0,3.471282105515057,1.2268003262651994,-0.9108244243421053,0.7148194313049316,1.734375,1.734375
20260727-1-Ejp0,1278000,20260702-Qeu8-resume3-replay-step1278000.safetensors,1785994555,29.627045152013885,0.7532970089760768,26.375,26.875,25.125,27.125,3.473245332921388,1.2247979960883246,-0.9111842105263158,0.7154912948608398,1.734375,1.734375
20260727-1-Ejp0,1279000,20260702-Qeu8-resume3-replay-step1279000.safetensors,1785995184,29.594320920312494,0.7593592889294061,26.375,26.875,25.125,27.125,3.474368141830826,1.225405041957099,-0.9119551809210527,0.7166304588317871,1.734375,1.734375
20260727-1-Ejp0,1280000,20260702-Qeu8-resume3-replay-step1280000.safetensors,1785995813,29.59401983990018,0.7656311761850069,26.375,26.875,25.125,27.125,3.4768560588087554,1.2242756287512133,-0.9122121710526315,0.7178826332092285,1.734375,1.734375
20260727-1-Ejp0,1281000,20260702-Qeu8-resume3-replay-step1281000.safetensors,1785996444,29.637505282261483,0.7517797257328335,26.375,26.875,25.125,27.125,3.4781050367539956,1.2244739793382569,-0.9127775493421053,0.7175736427307129,1.734375,1.734375
20260727-1-Ejp0,1282000,20260702-Qeu8-resume3-replay-step1282000.safetensors,1785997076,29.57538195336988,0.7686592320520699,26.416666666666668,27.0,25.125,27.125,3.481339440444807,1.2249718106233813,-0.913342927631579,0.7166538238525391,1.734375,1.734375
20260727-1-Ejp0,1283000,20260702-Qeu8-resume3-replay-step1283000.safetensors,1785997706,29.552721014135916,0.7621435762141474,26.458333333333332,27.0,25.25,27.125,3.4839405278360753,1.2224587482873974,-0.9142680921052632,0.7181520462036133,1.734375,1.734375
20260727-1-Ejp0,1284000,20260702-Qeu8-resume3-replay-step1284000.safetensors,1785998336,29.56418184451066,0.7712763873446105,26.5,27.0,25.25,27.25,3.4857003275051146,1.2244750810562581,-0.9145250822368421,0.7184028625488281,1.734375,1.734375
20260727-1-Ejp0,1285000,20260702-Qeu8-resume3-replay-step1285000.safetensors,1785998967,29.590663957154987,0.7747521132157005,26.5,27.0,25.25,27.25,3.4874474885843947,1.2235841614134668,-0.9150904605263158,0.7204217910766602,1.734375,1.734375
20260727-1-Ejp0,1286000,20260702-Qeu8-resume3-replay-step1286000.safetensors,1785999598,29.606221332143058,0.7809215055762844,26.5,27.0,25.25,27.25,3.4888959711204595,1.2240220528468542,-0.9158100328947368,0.7204914093017578,1.734375,1.734375
20260727-1-Ejp0,1287000,20260702-Qeu8-resume3-replay-step1287000.safetensors,1786000228,29.612232824738683,0.7700859718221239,26.5,27.0,25.25,27.25,3.4913779287208113,1.2231847396218858,-0.916272615131579,0.7187042236328125,1.734375,1.734375
20260727-1-Ejp0,1288000,20260702-Qeu8-resume3-replay-step1288000.safetensors,1786000857,29.59490039689053,0.7590797882356045,26.541666666666668,27.0,25.375,27.25,3.4939527459522317,1.2254704333220112,-0.9168893914473685,0.7193202972412109,1.734375,1.734375
20260727-1-Ejp0,1289000,20260702-Qeu8-resume3-replay-step1289000.safetensors,1786001488,29.550606434590566,0.7667583216727294,26.583333333333332,27.125,25.375,27.25,3.4946114434398288,1.2256264278827504,-0.9174547697368421,0.7197093963623047,1.734375,1.734375
20260727-1-Ejp0,1290000,20260702-Qeu8-resume3-replay-step1290000.safetensors,1786002118,29.539679420362365,0.7515893713869936,26.625,27.125,25.375,27.375,3.497382031947919,1.225031032536371,-0.9176603618421053,0.7206344604492188,1.734375,1.734375
20260727-1-Ejp0,1291000,20260702-Qeu8-resume3-replay-step1291000.safetensors,1786002747,29.571938548248554,0.7678490192148365,26.625,27.125,25.375,27.375,3.500460167893137,1.2261395169462217,-0.9183285361842105,0.7204980850219727,1.734375,1.734375
20260727-1-Ejp0,1292000,20260702-Qeu8-resume3-replay-step1292000.safetensors,1786003379,29.584928835016893,0.7471536549398016,26.625,27.125,25.375,27.375,3.5038855326188547,1.2273780997499866,-0.9188425164473685,0.7212514877319336,1.734375,1.734375
20260727-1-Ejp0,1293000,20260702-Qeu8-resume3-replay-step1293000.safetensors,1786004019,29.544512163839986,0.7905184087193697,26.625,27.125,25.375,27.375,3.5057458850531975,1.2260579196603134,-0.9194078947368421,0.7214574813842773,1.734375,1.734375
20260727-1-Ejp0,1294000,20260702-Qeu8-resume3-replay-step1294000.safetensors,1786004653,29.49538813648403,0.7613797066177421,26.625,27.125,25.375,27.375,3.5094980977683026,1.2266253423180717,-0.9199732730263158,0.7219038009643555,1.734375,1.734375
20260727-1-Ejp0,1295000,20260702-Qeu8-resume3-replay-step1295000.safetensors,1786005286,29.46702360107351,0.7456349624015038,26.708333333333332,27.25,25.5,27.375,3.512519974655381,1.2256881698036222,-0.920641447368421,0.7217645645141602,1.734375,1.734375
20260727-1-Ejp0,1296000,20260702-Qeu8-resume3-replay-step1296000.safetensors,1786005921,29.523660846938366,0.7423845181469586,26.75,27.25,25.5,27.5,3.514741492923586,1.227790617104507,-0.921155427631579,0.7235774993896484,1.734375,1.734375
20260727-1-Ejp0,1297000,20260702-Qeu8-resume3-replay-step1297000.safetensors,1786006554,29.575622840958548,0.7316493746951986,26.75,27.25,25.5,27.5,3.5172028962978685,1.2278124470196339,-0.921618009868421,0.7226285934448242,1.734375,1.734375
20260727-1-Ejp0,1298000,20260702-Qeu8-resume3-replay-step1298000.safetensors,1786007192,29.593192679600335,0.7353555681220528,26.75,27.25,25.5,27.5,3.5192457331316604,1.2271461298497908,-0.9223375822368421,0.72265625,1.734375,1.734375
20260727-1-Ejp0,1299000,20260702-Qeu8-resume3-replay-step1299000.safetensors,1786007827,29.67540807198007,0.7453432857169588,26.75,27.25,25.5,27.5,3.5208896119435775,1.2281906081687493,-0.9229029605263158,0.7232627868652344,1.734375,1.734375
20260727-1-Ejp0,1300000,20260702-Qeu8-resume3-replay-step1300000.safetensors,1786008462,29.728895043022348,0.7422806977644971,26.791666666666668,27.375,25.5,27.5,3.5238805982523624,1.2269305347241315,-0.9235197368421053,0.7212486267089844,1.734375,1.734375
20260727-1-Ejp0,1301000,20260702-Qeu8-resume3-replay-step1301000.safetensors,1786009097,29.740426264078522,0.7593745327811564,26.875,27.375,25.625,27.625,3.52625244182991,1.2279355772677345,-0.9239309210526315,0.7223539352416992,1.734375,1.734375
20260727-1-Ejp0,1302000,20260702-Qeu8-resume3-replay-step1302000.safetensors,1786009734,29.855711307964835,0.717726819734652,26.875,27.375,25.625,27.625,3.528745489845568,1.229330335731964,-0.9246504934210527,0.7223033905029297,1.734375,1.734375
20260727-1-Ejp0,1303000,20260702-Qeu8-resume3-replay-step1303000.safetensors,1786010371,29.880538971350884,0.7310886032584942,26.875,27.375,25.625,27.625,3.531696346233209,1.2276278127637095,-0.925061677631579,0.7216567993164062,1.734375,1.734375
20260727-1-Ejp0,1304000,20260702-Qeu8-resume3-replay-step1304000.safetensors,1786011010,29.99075476966323,0.7056961227458661,26.916666666666668,27.5,25.625,27.625,3.534575682703232,1.2285245937781641,-0.9256270559210527,0.7221803665161133,1.734375,1.734375
20260727-1-Ejp0,1305000,20260702-Qeu8-resume3-replay-step1305000.safetensors,1786011643,30.03616261709471,0.7133327926047277,26.916666666666668,27.5,25.625,27.625,3.537106058744452,1.227373448131083,-0.926038240131579,0.7222318649291992,1.734375,1.734375
20260727-1-Ejp0,1306000,20260702-Qeu8-resume3-replay-step1306000.safetensors,1786012277,30.122850501004176,0.7056139182049241,26.958333333333332,27.5,25.75,27.625,3.540499761374197,1.22963351282255,-0.9269634046052632,0.7207012176513672,1.734375,1.734375
20260727-1-Ejp0,1307000,20260702-Qeu8-resume3-replay-step1307000.safetensors,1786012912,30.13267806614901,0.7297762820964634,27.0,27.5,25.75,27.75,3.5425440547256426,1.2288107478625476,-0.927477384868421,0.7194852828979492,1.734375,1.734375
20260727-1-Ejp0,1308000,20260702-Qeu8-resume3-replay-step1308000.safetensors,1786013546,30.18401751391353,0.7159188316548407,27.0,27.5,25.75,27.75,3.5450401656673023,1.2286839563019125,-0.9279399671052632,0.718937873840332,1.734375,1.734375
20260727-1-Ejp0,1309000,20260702-Qeu8-resume3-replay-step1309000.safetensors,1786014181,30.287893909302156,0.7513998564996706,27.041666666666668,27.625,25.75,27.75,3.5472825681197033,1.2307168891730143,-0.9286081414473685,0.7186546325683594,1.734375,1.734375
20260727-1-Ejp0,1310000,20260702-Qeu8-resume3-replay-step1310000.safetensors,1786014825,30.235654863653934,0.7144620758993032,27.041666666666668,27.625,25.75,27.75,3.5510115989046356,1.2283476047722197,-0.9289165296052632,0.7165689468383789,1.734375,1.734375
20260727-1-Ejp0,1311000,20260702-Qeu8-resume3-replay-step1311000.safetensors,1786015468,30.18015952706788,0.7307049688931377,27.083333333333332,27.625,25.875,27.75,3.555396835943933,1.2298147313198862,-0.9296875,0.716456413269043,1.734375,1.734375
20260727-1-Ejp0,1312000,20260702-Qeu8-resume3-replay-step1312000.safetensors,1786016103,30.102288343761565,0.7271853305043392,27.083333333333332,27.625,25.875,27.75,3.5593209384982667,1.2300662175450696,-0.9303556743421053,0.7151851654052734,1.734375,1.734375
20260727-1-Ejp0,1313000,20260702-Qeu8-resume3-replay-step1313000.safetensors,1786016738,30.076388977563976,0.7553686800820015,27.083333333333332,27.625,25.875,27.75,3.5617780757560493,1.230372462483345,-0.9311266447368421,0.7135705947875977,1.734375,1.734375
20260727-1-Ejp0,1314000,20260702-Qeu8-resume3-replay-step1314000.safetensors,1786017375,30.02570372203688,0.7420133160119856,27.125,27.625,25.875,27.875,3.5644369793407145,1.2303575210166737,-0.9317948190789473,0.7130908966064453,1.734375,1.734375
20260727-1-Ejp0,1315000,20260702-Qeu8-resume3-replay-step1315000.safetensors,1786018014,29.987596757334718,0.778684479529877,27.125,27.625,25.875,27.875,3.567641001530409,1.2297440407874902,-0.9322574013157895,0.7129597663879395,1.734375,1.734375
20260727-1-Ejp0,1316000,20260702-Qeu8-resume3-replay-step1316000.safetensors,1786018655,29.967217159434902,0.7539851836917837,27.125,27.625,25.875,27.875,3.5705467826555544,1.230031298183297,-0.9326685855263158,0.7131438255310059,1.734375,1.734375
20260727-1-Ejp0,1317000,20260702-Qeu8-resume3-replay-step1317000.safetensors,1786019293,29.93533539919265,0.7374170020723229,27.166666666666668,27.625,26.0,27.875,3.5735518532323285,1.2309533727231599,-0.9330283717105263,0.7133951187133789,1.734375,1.734375
20260727-1-Ejp0,1318000,20260702-Qeu8-resume3-replay-step1318000.safetensors,1786019930,29.918967396518333,0.7413005000694732,27.208333333333332,27.75,26.0,27.875,3.5765669090075556,1.2324110687637593,-0.9337479440789473,0.7141661643981934,1.734375,1.734375
20260727-1-Ejp0,1319000,20260702-Qeu8-resume3-replay-step1319000.safetensors,1786020567,29.934686494637187,0.7482874878278672,27.25,27.75,26.0,28.0,3.5789390951342,1.2325345462087551,-0.9342619243421053,0.7151789665222168,1.734375,1.734375
20260727-1-Ejp0,1320000,20260702-Qeu8-resume3-replay-step1320000.safetensors,1786021205,29.928975117829587,0.750251088144063,27.25,27.75,26.0,28.0,3.5814924519255995,1.2314021008348686,-0.9352384868421053,0.7144813537597656,1.734375,1.734375
20260727-1-Ejp0,1321000,20260702-Qeu8-resume3-replay-step1321000.safetensors,1786021850,30.003022931915357,0.7393756861724844,27.25,27.75,26.0,28.0,3.5841375202664367,1.2326629412414407,-0.935803865131579,0.7150444984436035,1.734375,1.734375
20260727-1-Ejp0,1322000,20260702-Qeu8-resume3-replay-step1322000.safetensors,1786022491,30.152693922034306,0.7639853605268728,27.25,27.75,26.0,28.0,3.5861058004612416,1.233078543143232,-0.9362150493421053,0.7164115905761719,1.734375,1.734375
20260727-1-Ejp0,1323000,20260702-Qeu8-resume3-replay-step1323000.safetensors,1786023130,30.078890745515338,0.7330436362856579,27.333333333333332,27.875,26.125,28.0,3.5896823094007835,1.2348880511469655,-0.9367290296052632,0.7138891220092773,1.734375,1.734375
20260727-1-Ejp0,1324000,20260702-Qeu8-resume3-replay-step1324000.safetensors,1786023771,30.128303300707078,0.7451700697709247,27.333333333333332,27.875,26.125,28.0,3.5922169130063852,1.2350057407712351,-0.9371916118421053,0.7161397933959961,1.734375,1.734375
20260727-1-Ejp0,1325000,20260702-Qeu8-resume3-replay-step1325000.safetensors,1786024410,30.183092235808477,0.7276507763842885,27.375,27.875,26.125,28.125,3.5949493070964262,1.2365739739395476,-0.9378597861842105,0.7144689559936523,1.734375,1.734375
20260727-1-Ejp0,1326000,20260702-Qeu8-resume3-replay-step1326000.safetensors,1786025050,30.286158962870793,0.7451944046848532,27.375,27.875,26.125,28.125,3.596914283716688,1.235419970340453,-0.9382709703947368,0.7147598266601562,1.734375,1.734375
20260727-1-Ejp0,1327000,20260702-Qeu8-resume3-replay-step1327000.safetensors,1786025697,30.27623744046514,0.7254832855192319,27.416666666666668,28.0,26.125,28.125,3.5989274021864053,1.2338619292915078,-0.9390419407894737,0.7141523361206055,1.734375,1.734375
20260727-1-Ejp0,1328000,20260702-Qeu8-resume3-replay-step1328000.safetensors,1786026339,30.246601628465957,0.7509574539253184,27.416666666666668,28.0,26.125,28.125,3.60301125908486,1.2335602656321059,-0.9396587171052632,0.7125415802001953,1.734375,1.734375
20260727-1-Ejp0,1329000,20260702-Qeu8-resume3-replay-step1329000.safetensors,1786026984,30.236388406328047,0.7305564391549695,27.458333333333332,28.0,26.25,28.125,3.606527807539436,1.234331503963665,-0.9400185032894737,0.7110996246337891,1.734375,1.734375
20260727-1-Ejp0,1330000,20260702-Qeu8-resume3-replay-step1330000.safetensors,1786027626,30.17643745855785,0.7221255586997298,27.5,28.0,26.25,28.25,3.6106842983402117,1.2338559521143655,-0.9407380756578947,0.7110481262207031,1.734375,1.734375
20260727-1-Ejp0,1331000,20260702-Qeu8-resume3-replay-step1331000.safetensors,1786028269,30.14110489486535,0.7329772961422073,27.5,28.0,26.25,28.25,3.613469877974315,1.2360223316425407,-0.941663240131579,0.7107210159301758,1.734375,1.734375
20260727-1-Ejp0,1332000,20260702-Qeu8-resume3-replay-step1332000.safetensors,1786028913,30.11290466763356,0.7416558975251549,27.5,28.0,26.25,28.25,3.6158257364065927,1.2362318477941558,-0.9422800164473685,0.7108912467956543,1.734375,1.734375
20260727-1-Ejp0,1333000,20260702-Qeu8-resume3-replay-step1333000.safetensors,1786029558,30.082460873268722,0.7401386038553937,27.5,28.0,26.25,28.25,3.618530575253862,1.2355505731727205,-0.9428453947368421,0.7113418579101562,1.734375,1.734375
20260727-1-Ejp0,1334000,20260702-Qeu8-resume3-replay-step1334000.safetensors,1786030201,30.070726671899994,0.7500893736665268,27.541666666666668,28.0,26.375,28.25,3.622054866369235,1.2377395157483373,-0.9434621710526315,0.7108631134033203,1.734375,1.734375
20260727-1-Ejp0,1335000,20260702-Qeu8-resume3-replay-step1335000.safetensors,1786030844,30.038849167769914,0.7396133283772572,27.583333333333332,28.125,26.375,28.25,3.6246482690222734,1.2365720489864374,-0.9438733552631579,0.7119388580322266,1.734375,1.734375
20260727-1-Ejp0,1336000,20260702-Qeu8-resume3-replay-step1336000.safetensors,1786031486,29.9679679054021,0.7623093521926496,27.583333333333332,28.125,26.375,28.25,3.627322276045554,1.2366109563363725,-0.9443359375,0.7110986709594727,1.734375,1.734375
20260727-1-Ejp0,1337000,20260702-Qeu8-resume3-replay-step1337000.safetensors,1786032130,29.939052292111096,0.7605687247317215,27.625,28.125,26.375,28.375,3.629762371331924,1.2362414174971241,-0.944592927631579,0.7117209434509277,1.734375,1.734375
20260727-1-Ejp0,1338000,20260702-Qeu8-resume3-replay-step1338000.safetensors,1786032778,29.91273523866286,0.7592822806635067,27.625,28.125,26.375,28.375,3.6326340540108895,1.2370779659902658,-0.9452097039473685,0.713839054107666,1.734375,1.734375
20260727-1-Ejp0,1339000,20260702-Qeu8-resume3-replay-step1339000.safetensors,1786033421,29.873926658254458,0.7483244439862667,27.625,28.125,26.375,28.375,3.635837488520959,1.2372974895091777,-0.9461348684210527,0.7144598960876465,1.734375,1.734375
20260727-1-Ejp0,1340000,20260702-Qeu8-resume3-replay-step1340000.safetensors,1786034065,29.83978652227263,0.7582873259645572,27.625,28.125,26.375,28.375,3.6380373175819485,1.2367826724186528,-0.9463918585526315,0.7149462699890137,1.734375,1.734375
20260727-1-Ejp0,1341000,20260702-Qeu8-resume3-replay-step1341000.safetensors,1786034706,29.84480409547565,0.756090748462657,27.708333333333332,28.25,26.5,28.375,3.6401302804240356,1.2366297074797568,-0.9474712171052632,0.7168083190917969,1.734375,1.734375
20260727-1-Ejp0,1342000,20260702-Qeu8-resume3-replay-step1342000.safetensors,1786035346,29.830453002810295,0.7530877816367726,27.708333333333332,28.25,26.5,28.375,3.6433047844552315,1.2369991330840104,-0.947985197368421,0.7158637046813965,1.734375,1.734375
20260727-1-Ejp0,1343000,20260702-Qeu8-resume3-replay-step1343000.safetensors,1786035983,29.810914743642154,0.7590060674242077,27.75,28.25,26.5,28.5,3.6451583111188084,1.2353425015464017,-0.9486533717105263,0.7174196243286133,1.734375,1.734375
20260727-1-Ejp0,1344000,20260702-Qeu8-resume3-replay-step1344000.safetensors,1786036623,29.815717856685225,0.7704905338273671,27.75,28.25,26.5,28.5,3.648151742006578,1.2354480678034594,-0.94921875,0.7177700996398926,1.734375,1.734375
20260727-1-Ejp0,1345000,20260702-Qeu8-resume3-replay-step1345000.safetensors,1786037259,29.797677187286048,0.7805427219911876,27.75,28.25,26.5,28.5,3.6505935202126403,1.2371069964078232,-0.949938322368421,0.7178988456726074,1.734375,1.734375
20260727-1-Ejp0,1346000,20260702-Qeu8-resume3-replay-step1346000.safetensors,1786037896,29.774699709157638,0.7610218839580886,27.791666666666668,28.25,26.625,28.5,3.6547860976970403,1.2368613121323586,-0.9504009046052632,0.7182741165161133,1.734375,1.734375
20260727-1-Ejp0,1347000,20260702-Qeu8-resume3-replay-step1347000.safetensors,1786038532,29.71988381046018,0.7688347779705672,27.791666666666668,28.25,26.625,28.5,3.658006126096375,1.2362811729987064,-0.9506578947368421,0.7186260223388672,1.734375,1.734375
20260727-1-Ejp0,1348000,20260702-Qeu8-resume3-replay-step1348000.safetensors,1786039169,29.701989956538235,0.7821990959736437,27.791666666666668,28.25,26.625,28.5,3.660644894731995,1.2362455623067041,-0.9514802631578947,0.7206048965454102,1.734375,1.734375
20260727-1-Ejp0,1349000,20260702-Qeu8-resume3-replay-step1349000.safetensors,1786039808,29.66439218787332,0.7654956844534313,27.875,28.375,26.625,28.625,3.6638851770796523,1.236118965825069,-0.9518400493421053,0.7213602066040039,1.734375,1.734375
20260727-1-Ejp0,1350000,20260702-Qeu8-resume3-replay-step1350000.safetensors,1786040444,29.626196991735185,0.7734321467064572,27.875,28.375,26.625,28.625,3.667194365448603,1.2363996498606347,-0.9523540296052632,0.7217559814453125,1.734375,1.734375
20260727-1-Ejp0,1351000,20260702-Qeu8-resume3-replay-step1351000.safetensors,1786041078,29.611439139274026,0.7938808177604452,27.875,28.375,26.625,28.625,3.6693930780194512,1.2349160306859193,-0.9527652138157895,0.7225980758666992,1.734375,1.734375
20260727-1-Ejp0,1352000,20260702-Qeu8-resume3-replay-step1352000.safetensors,1786041713,29.616292726165693,0.7724413716245583,27.916666666666668,28.375,26.75,28.625,3.6731907554328824,1.2369321802125084,-0.9537417763157895,0.7236499786376953,1.734375,1.734375
20260727-1-Ejp0,1353000,20260702-Qeu8-resume3-replay-step1353000.safetensors,1786042350,29.61515002585863,0.7725702352737432,27.875,28.375,26.625,28.625,3.6762272497787194,1.2369961178418323,-0.9544613486842105,0.7227725982666016,1.734375,1.734375
20260727-1-Ejp0,1354000,20260702-Qeu8-resume3-replay-step1354000.safetensors,1786042982,29.63931007694589,0.7612811607460891,27.916666666666668,28.375,26.75,28.625,3.6785148555903477,1.237472208970436,-0.9550267269736842,0.723358154296875,1.734375,1.734375
20260727-1-Ejp0,1355000,20260702-Qeu8-resume3-replay-step1355000.safetensors,1786043618,29.660333900436374,0.7667334664751624,28.0,28.5,26.75,28.75,3.6815925503769438,1.2350005090839176,-0.9560032894736842,0.7241973876953125,1.734375,1.734375
20260727-1-Ejp0,1356000,20260702-Qeu8-resume3-replay-step1356000.safetensors,1786044251,29.617035828009445,0.7763916276693268,28.0,28.5,26.75,28.75,3.684979793596333,1.2346747481811473,-0.9564658717105263,0.7246608734130859,1.734375,1.734375
20260727-1-Ejp0,1357000,20260702-Qeu8-resume3-replay-step1357000.safetensors,1786044882,29.57919429746542,0.7697076682079974,28.0,28.5,26.75,28.75,3.6872818737934208,1.2340083026944093,-0.9570826480263158,0.725153923034668,1.734375,1.734375
20260727-1-Ejp0,1358000,20260702-Qeu8-resume3-replay-step1358000.safetensors,1786045513,29.574612760010883,0.7881260796610859,28.0,28.5,26.75,28.75,3.6903998219449408,1.2355971833447188,-0.9573910361842105,0.7262067794799805,1.734375,1.734375
20260727-1-Ejp0,1359000,20260702-Qeu8-resume3-replay-step1359000.safetensors,1786046144,29.532697661234995,0.782061390508151,28.041666666666668,28.5,26.875,28.75,3.6936057101031605,1.2335600556318778,-0.9578536184210527,0.7261676788330078,1.734375,1.734375
20260727-1-Ejp0,1360000,20260702-Qeu8-resume3-replay-step1360000.safetensors,1786046778,29.495472846248038,0.7721159188169026,28.041666666666668,28.5,26.875,28.75,3.697346599475938,1.2364684075384222,-0.9585731907894737,0.7263059616088867,1.734375,1.734375
20260727-1-Ejp0,1361000,20260702-Qeu8-resume3-replay-step1361000.safetensors,1786047419,29.480090710948556,0.771079289547446,28.083333333333332,28.5,26.875,28.875,3.6984620455128017,1.2363664999108726,-0.958984375,0.7279453277587891,1.734375,1.734375
20260727-1-Ejp0,1362000,20260702-Qeu8-resume3-replay-step1362000.safetensors,1786048057,29.48895149295942,0.7768574680464096,28.083333333333332,28.5,26.875,28.875,3.7014578270732046,1.2369349848581543,-0.959703947368421,0.7279510498046875,1.734375,1.734375
20260727-1-Ejp0,1363000,20260702-Qeu8-resume3-replay-step1363000.safetensors,1786048694,29.511728514991756,0.7803316768494618,28.125,28.625,26.875,28.875,3.703117080887829,1.2361483245365075,-0.9600637335526315,0.7285408973693848,1.734375,1.734375
20260727-1-Ejp0,1364000,20260702-Qeu8-resume3-replay-step1364000.safetensors,1786049330,29.478938802288898,0.7788230242894805,28.125,28.625,26.875,28.875,3.7060320304900625,1.2340335698734037,-0.9608861019736842,0.7298393249511719,1.734375,1.734375
20260727-1-Ejp0,1365000,20260702-Qeu8-resume3-replay-step1365000.safetensors,1786049965,29.514995973397237,0.7611795864107386,28.166666666666668,28.625,27.0,28.875,3.708492966713666,1.2351706077285376,-0.9615028782894737,0.7306318283081055,1.734375,1.734375
20260727-1-Ejp0,1366000,20260702-Qeu8-resume3-replay-step1366000.safetensors,1786050604,29.546114195970016,0.7681488554208851,28.166666666666668,28.625,27.0,28.875,3.711246572617649,1.2360739403720225,-0.9622738486842105,0.7311162948608398,1.734375,1.734375
20260727-1-Ejp0,1367000,20260702-Qeu8-resume3-replay-step1367000.safetensors,1786051243,29.481590019087484,0.8049146478440405,28.166666666666668,28.625,27.0,28.875,3.71476022096193,1.234720591216546,-0.9629934210526315,0.7310771942138672,1.734375,1.734375
20260727-1-Ejp0,1368000,20260702-Qeu8-resume3-replay-step1368000.safetensors,1786051878,29.452182356886468,0.777587093587641,28.25,28.75,27.0,29.0,3.7175581295541598,1.2349840525896698,-0.9634560032894737,0.7313270568847656,1.734375,1.734375
20260727-1-Ejp0,1369000,20260702-Qeu8-resume3-replay-step1369000.safetensors,1786052512,29.50651199183787,0.7829442444597301,28.25,28.75,27.0,29.0,3.7205067844112305,1.2369199403868536,-0.9642269736842105,0.7317008972167969,1.734375,1.734375
20260727-1-Ejp0,1370000,20260702-Qeu8-resume3-replay-step1370000.safetensors,1786053149,29.54033308771916,0.7833561690473294,28.25,28.75,27.0,29.0,3.7240753167520073,1.2374383110549099,-0.964586759868421,0.7328348159790039,1.734375,1.734375
20260727-1-Ejp0,1371000,20260702-Qeu8-resume3-replay-step1371000.safetensors,1786053783,29.629846241714887,0.7583438985783024,28.25,28.75,27.0,29.0,3.727711298071703,1.238511419089364,-0.9652035361842105,0.7320261001586914,1.734375,1.734375
20260727-1-Ejp0,1372000,20260702-Qeu8-resume3-replay-step1372000.safetensors,1786054422,29.708743845866902,0.7643792525670446,28.25,28.75,27.0,29.0,3.7299688200645944,1.2373263793296578,-0.9654605263157895,0.7327117919921875,1.734375,1.734375
20260727-1-Ejp0,1373000,20260702-Qeu8-resume3-replay-step1373000.safetensors,1786055059,29.837692221466327,0.7446039092164439,28.375,28.875,27.125,29.125,3.732498815147353,1.2374556746960306,-0.9662314967105263,0.7327985763549805,1.734375,1.734375
20260727-1-Ejp0,1374000,20260702-Qeu8-resume3-replay-step1374000.safetensors,1786055696,29.88151758359972,0.7475690977290748,28.375,28.875,27.125,29.125,3.7361681814968253,1.240916937171371,-0.9668482730263158,0.7314414978027344,1.734375,1.734375
20260727-1-Ejp0,1375000,20260702-Qeu8-resume3-replay-step1375000.safetensors,1786056332,29.926913530325656,0.748179210292395,28.375,28.875,27.125,29.125,3.737984577767239,1.241397908721944,-0.9674650493421053,0.730830192565918,1.734375,1.734375
20260727-1-Ejp0,1376000,20260702-Qeu8-resume3-replay-step1376000.safetensors,1786056968,29.979503813232075,0.747024283371409,28.375,28.875,27.125,29.125,3.741464804875876,1.2400090384719684,-0.9683388157894737,0.7313709259033203,1.734375,1.734375
20260727-1-Ejp0,1377000,20260702-Qeu8-resume3-replay-step1377000.safetensors,1786057603,29.95052799008568,0.77127068748595,28.416666666666668,28.875,27.25,29.125,3.7443143072591574,1.240278532306471,-0.9688527960526315,0.7301788330078125,1.734375,1.734375
20260727-1-Ejp0,1378000,20260702-Qeu8-resume3-replay-step1378000.safetensors,1786058243,29.859470572283794,0.7624135459037701,28.458333333333332,29.0,27.25,29.125,3.747905090369985,1.2412180230264498,-0.9692125822368421,0.7288970947265625,1.734375,1.734375
20260727-1-Ejp0,1379000,20260702-Qeu8-resume3-replay-step1379000.safetensors,1786058877,29.805555603188516,0.7610847615972219,28.5,29.0,27.25,29.25,3.7511260578863905,1.2421635362640788,-0.9700863486842105,0.7292022705078125,1.734375,1.734375
20260727-1-Ejp0,1380000,20260702-Qeu8-resume3-replay-step1380000.safetensors,1786059513,29.764698832542486,0.7438263176611039,28.5,29.0,27.25,29.25,3.7541356192209236,1.241629376341745,-0.9709087171052632,0.7290287017822266,1.734375,1.734375
20260727-1-Ejp0,1381000,20260702-Qeu8-resume3-replay-step1381000.safetensors,1786060154,29.724631738859067,0.759183802964976,28.5,29.0,27.25,29.25,3.7565074138461356,1.2415669066729498,-0.971422697368421,0.7289495468139648,1.734375,1.734375
20260727-1-Ejp0,1382000,20260702-Qeu8-resume3-replay-step1382000.safetensors,1786060789,29.722122262924525,0.7565769090490189,28.5,29.0,27.25,29.25,3.7589510122104164,1.2413972781182936,-0.9721936677631579,0.7301235198974609,1.734375,1.734375
20260727-1-Ejp0,1383000,20260702-Qeu8-resume3-replay-step1383000.safetensors,1786061428,29.710448608501245,0.7478252566853497,28.5,29.0,27.25,29.25,3.7612968944341056,1.241359408632889,-0.97265625,0.7281818389892578,1.734375,1.734375
20260727-1-Ejp0,1384000,20260702-Qeu8-resume3-replay-step1384000.safetensors,1786062067,29.650603820160217,0.7478301659409008,28.541666666666668,29.0,27.375,29.25,3.7644852917792924,1.2407428083168732,-0.9731188322368421,0.7281770706176758,1.734375,1.734375
20260727-1-Ejp0,1385000,20260702-Qeu8-resume3-replay-step1385000.safetensors,1786062701,29.688272609670463,0.7444476471833149,28.625,29.125,27.375,29.375,3.766268155385455,1.2395781778227404,-0.9735300164473685,0.7309646606445312,1.734375,1.734375
20260727-1-Ejp0,1386000,20260702-Qeu8-resume3-replay-step1386000.safetensors,1786063334,29.62582830930482,0.7673700390807988,28.625,29.125,27.375,29.375,3.7689369033380173,1.238354555709527,-0.9740953947368421,0.7305908203125,1.734375,1.734375
20260727-1-Ejp0,1387000,20260702-Qeu8-resume3-replay-step1387000.safetensors,1786063967,29.562313925030455,0.7593349955584705,28.625,29.125,27.375,29.375,3.7724436798711145,1.2388898748770953,-0.9747121710526315,0.7300882339477539,1.734375,1.734375
20260727-1-Ejp0,1388000,20260702-Qeu8-resume3-replay-step1388000.safetensors,1786064600,29.55794739103305,0.7523812905727403,28.625,29.125,27.375,29.375,3.77499391684761,1.237888542935777,-0.9751233552631579,0.7307262420654297,1.734375,1.734375
20260727-1-Ejp0,1389000,20260702-Qeu8-resume3-replay-step1389000.safetensors,1786065235,29.494330409213728,0.7690876935070888,28.625,29.125,27.375,29.375,3.778746167774332,1.2397729399917434,-0.9758943256578947,0.7313270568847656,1.734375,1.734375
20260727-1-Ejp0,1390000,20260702-Qeu8-resume3-replay-step1390000.safetensors,1786065872,29.48261664543574,0.7526025444309098,28.625,29.125,27.375,29.375,3.7812617045657935,1.240707914088288,-0.9765111019736842,0.7316951751708984,1.734375,1.734375
20260727-1-Ejp0,1391000,20260702-Qeu8-resume3-replay-step1391000.safetensors,1786066507,29.454365084180594,0.7788423458149513,28.666666666666668,29.125,27.5,29.375,3.783703422054649,1.2409569570617762,-0.9772306743421053,0.7324228286743164,1.734375,1.734375
20260727-1-Ejp0,1392000,20260702-Qeu8-resume3-replay-step1392000.safetensors,1786067140,29.4331754703661,0.7626949364144129,28.75,29.25,27.5,29.5,3.786343742237712,1.2423927385482092,-0.9778474506578947,0.733154296875,1.734375,1.734375
20260727-1-Ejp0,1393000,20260702-Qeu8-resume3-replay-step1393000.safetensors,1786067776,29.455422499383424,0.7518587337811646,28.75,29.25,27.5,29.5,3.7887562467007974,1.2422472862851752,-0.9786698190789473,0.7342901229858398,1.734375,1.734375
20260727-1-Ejp0,1394000,20260702-Qeu8-resume3-replay-step1394000.safetensors,1786068412,29.424856507718907,0.7651102456580774,28.75,29.25,27.5,29.5,3.790304247878885,1.2411645841954966,-0.9793379934210527,0.7342929840087891,1.734375,1.734375
20260727-1-Ejp0,1395000,20260702-Qeu8-resume3-replay-step1395000.safetensors,1786069052,29.41244109924827,0.7604467125060232,28.75,29.25,27.5,29.5,3.79307484872865,1.2415366058807393,-0.979749177631579,0.73590087890625,1.734375,1.734375
20260727-1-Ejp0,1396000,20260702-Qeu8-resume3-replay-step1396000.safetensors,1786069688,29.392681387818477,0.772244310107585,28.75,29.25,27.5,29.5,3.7960301067676916,1.2411924170306505,-0.9803145559210527,0.7361059188842773,1.734375,1.734375
20260727-1-Ejp0,1397000,20260702-Qeu8-resume3-replay-latest.safetensors,1786070320,29.44282158944223,0.7752760169998637,28.791666666666668,29.25,27.625,29.5,3.7976229211879247,1.2425865440444532,-0.9810855263157895,0.7363739013671875,1.734375,1.734375
