k,gamma,beta,running_mean,running_var,on_ratio,p_on,act_mean,act_std,act_second,pre_row_norm,final_col_norm,effective_contribution,mean_over_std,bn_input_rounding_noise,dead,mostly_off,flat,always_on,negative_gamma,mean_row_component,shared_contribution,column_shared_fraction,pre_row_rel_change,pre_row_cos_ref,pre_row_norm_ratio_ref,gamma_delta,beta_delta,final_col_rel_change
0,2.70312,3.3125,0.792969,0.0898438,1.22543,0.889794,3.45131,2.45758,17.9512,0.353318,0.89765,2.20605,2.64553,0.00712017,0,0,0,0,0,-0.0955297,-0.329702,0.927765,0.213723,0.980727,0.894104,0,0,0.0282797
1,0.996094,-0.257812,0.0549316,0.00549316,-0.258824,0.397886,0.282006,0.49284,0.322419,0.234103,0.313914,0.154709,0.741159,0.0034007,0,0,0,0,0,-0.00329929,-0.00093042,0.0916257,0.176664,0.991411,0.872642,0,0,0.107771
2,1.26562,4.625,-1.78906,5.65625,3.65432,0.999871,4.62504,1.26547,22.9924,0.595162,3.78412,4.78869,0.752248,0.00342236,0,0,0,1,0,-0.433851,-2.00658,0.9995,0.0571848,0.999024,0.962709,-0.0078125,0,0.0828102
3,1.22656,1.27344,0.0568848,0.15625,1.03822,0.850415,1.36981,1.0703,3.02191,0.245958,0.670115,0.717223,0.143908,0.0022342,0,0,0,0,0,-0.0743071,-0.101786,0.966692,0.169419,0.991225,0.885252,0,0,0.0674069
4,1,0.408203,-0.269531,0.0296631,0.408203,0.658438,0.637175,0.715668,0.918172,0.290637,0.442712,0.316834,1.56495,0.00500967,0,0,0,0,0,-0.0419593,-0.0267354,0.826255,0.242567,0.974611,0.881311,0,0.00195312,0.115036
5,1.39062,1.54688,-0.875,1.4375,1.11236,0.867008,1.64114,1.23303,4.21372,0.319327,1.69014,2.084,0.7298,0.00337852,0,0,0,0,0,-0.193642,-0.317794,0.99881,0.107034,0.998297,0.908554,0,0,0.0864912
6,1.625,0.910156,-0.511719,0.0109863,0.560096,0.712293,1.19966,1.23924,2.97491,0.254263,0.573834,0.71112,4.88208,0.0114884,0,0,0,0,0,-0.0547874,-0.0657265,0.832341,0.201953,0.984358,0.88564,0,0,0.0662085
7,1.28906,-0.671875,-0.414062,0.0196533,-0.521212,0.30111,0.242362,0.52518,0.334553,0.426022,0.462775,0.24304,2.95357,0.00772183,0,0,0,0,0,0.00209493,0.000507731,0.0394645,0.202257,0.985223,0.877652,0.0078125,0,0.161705
8,1.75781,0.00147247,0.314453,0.00479126,0.000837674,0.500334,0.705623,1.02427,1.54703,0.230642,0.888751,0.91032,4.54288,0.0108259,0,0,0,0,0,-0.0419296,-0.0295865,0.411289,0.216222,0.981982,0.876906,0,0.00421906,0.0718155
9,1.35938,0.640625,0.455078,0.0181885,0.471264,0.681274,0.920815,1.00099,1.84988,0.229953,0.351502,0.351849,3.37433,0.00854362,0,0,0,0,0,-0.0298592,-0.0274948,0.740556,0.310459,0.954191,0.871339,0,0,0.170954
10,1.48438,0.441406,0.0522461,0.00360107,0.297368,0.616907,0.840914,1.01093,1.72912,0.242214,0.62726,0.634118,0.870638,0.00365359,0,0,0,0,0,-0.0360532,-0.0303176,0.501075,0.200084,0.986405,0.872263,0,0,0.0859916
11,1.85156,0.292969,0.146484,0.00732422,0.158228,0.562861,0.888965,1.184,2.1921,0.281215,0.88084,1.04291,1.71163,0.00529616,0,0,0,0,0,-0.0432695,-0.0384651,0.428244,0.181959,0.990408,0.872016,0,0,0.0788773
12,1.34375,-0.230469,0.160156,0.00717163,-0.171512,0.431911,0.423613,0.708214,0.681015,0.25341,0.365747,0.259027,1.89119,0.00564685,0,0,0,0,0,-0.00038197,-0.000161807,0.0091045,0.249711,0.972883,0.878771,0,0,0.25528
13,1.41406,-0.871094,0.0942383,0.0339355,-0.616022,0.26894,0.232893,0.530628,0.335805,0.480725,0.536578,0.284723,0.511564,0.00295227,0,0,0,0,0,0.00302076,0.000703513,0.0490785,0.190639,0.987192,0.882832,0.015625,0,0.212286
14,3.3125,4.21875,-0.0314941,0.00939941,1.27358,0.898595,4.37596,3.02995,28.3296,0.0988497,1.15602,3.50269,0.324847,0.00258759,0,0,0,0,0,-0.12818,-0.560912,0.966634,0.237813,0.975809,0.882221,0,0,0.0116865
15,2.5625,2.15625,0.359375,0.00628662,0.841463,0.799956,2.43924,2.13786,10.5204,0.231726,1.0208,2.18233,4.53251,0.0108057,0,0,0,0,0,-0.0861542,-0.210151,0.735772,0.206157,0.982178,0.897478,0,0,0.054863
16,2.40625,2.875,0.0140381,0.00466919,1.19481,0.883918,3.00928,2.17273,13.7765,0.104985,0.895513,1.94571,0.205441,0.00235438,0,0,0,0,0,-0.0942254,-0.28355,0.917282,0.303233,0.9537,0.915042,0,0,0.0401169
17,2.07812,0.535156,0.0717773,0.00457764,0.257519,0.601611,1.12448,1.39069,3.19846,0.196915,0.619388,0.861373,1.06088,0.00402516,0,0,0,0,0,-0.0248396,-0.0279316,0.349614,0.172528,0.992164,0.873185,0,0,0.0757407
18,1.40625,0.235352,0.318359,0.00311279,0.167361,0.566457,0.681585,0.904069,1.2819,0.196258,0.582351,0.526485,5.70614,0.0130979,0,0,0,0,0,-0.0220944,-0.0150592,0.330753,0.187784,0.988213,0.879456,0,0,0.0880056
19,1.10156,-0.679688,0.175781,0.00552368,-0.617021,0.26861,0.18116,0.412996,0.203384,0.239043,0.307743,0.127097,2.36515,0.00657255,0,0,0,0,0,-0.00228808,-0.000414507,0.0648171,0.168451,0.992688,0.875195,0,0,0.130393
20,1.1875,0.255859,0.480469,0.0219727,0.215461,0.585296,0.610717,0.780273,0.981802,0.130695,0.254478,0.198562,3.24133,0.00828386,0,0,0,0,0,-0.0227595,-0.0138996,0.779685,0.261459,0.969905,0.874635,0,0,0.100193
21,1.34375,0.71875,-0.261719,0.182617,0.534884,0.703635,0.966305,1.01694,1.9679,0.322492,1.01812,1.03536,0.612441,0.0031493,0,0,0,0,0,-0.112542,-0.10875,0.96366,0.238691,0.975471,0.883186,0,0,0.0877777
22,1.3125,0.511719,-0.134766,0.162109,0.389881,0.651688,0.82096,0.931593,1.54184,0.297962,0.91187,0.849492,0.334715,0.00260687,0,0,0,0,0,-0.0983919,-0.0807758,0.940661,0.181424,0.989512,0.879745,0,0,0.0961962
23,1.23438,2.39062,-1.16406,1.91406,1.93671,0.97361,2.40233,1.20707,7.22821,0.350247,2.27153,2.7419,0.841392,0.00359647,0,0,0,0,0,-0.260485,-0.625771,0.999706,0.10055,0.99875,0.911503,0,0,0.0700829
24,2.875,2.40625,0.496094,0.0197754,0.836957,0.798691,2.72687,2.39502,13.172,0.283826,0.988692,2.36794,3.52778,0.00884332,0,0,0,0,0,-0.0659899,-0.179946,0.581867,0.228636,0.978821,0.877011,0,0,0.0411245
25,1.33594,0.683594,-0.644531,0.0155029,0.511696,0.695568,0.939377,1.00191,1.88626,0.359526,0.602328,0.60348,5.17651,0.0120635,0,0,0,0,0,-0.0268867,-0.0252568,0.389145,0.441533,0.899748,0.966818,0.0859375,-0.00390625,0.81266
26,1.39844,0.400391,0.205078,0.0071106,0.286313,0.612681,0.782372,0.947762,1.51036,0.159449,0.294536,0.27915,2.43202,0.00670316,0,0,0,0,0,-0.0250613,-0.0196072,0.741773,0.244672,0.97539,0.869322,0,0,0.10537
27,1.42188,2.15625,-1.57812,2.14062,1.51648,0.935301,2.19632,1.34285,6.62706,0.374481,2.18439,2.93331,1.07863,0.00405982,0,0,0,0,0,-0.25045,-0.550067,0.999535,0.101014,0.998664,0.911865,0,0,0.0789937
28,1.39844,2.25,0.419922,0.476562,1.60894,0.946185,2.28091,1.33487,6.98442,0.63566,1.76735,2.35919,0.608287,0.00314119,0,0,0,0,0,-0.200568,-0.457477,0.989339,0.163316,0.991659,0.891358,0,0,0.0830218
29,1.53906,0.980469,-0.10498,0.00585938,0.637056,0.737956,1.22616,1.20205,2.94839,0.188226,0.627581,0.754386,1.37146,0.00463176,0,0,0,0,0,-0.057596,-0.0706217,0.800072,0.273416,0.965168,0.885761,0,0,0.0725239
30,1.28906,0.53125,-0.12793,0.227539,0.412121,0.659875,0.824579,0.924172,1.53402,0.293394,0.852628,0.787975,0.26819,0.00247693,0,0,0,0,0,-0.0942768,-0.0777387,0.963945,0.161086,0.993418,0.880161,0,0,0.0958282
31,1.17969,0.863281,-0.320312,0.214844,0.731788,0.767851,1.0247,0.949615,1.95178,0.352682,1.07982,1.02541,0.691055,0.00330284,0,0,0,0,0,-0.118993,-0.121932,0.960676,0.143071,0.995896,0.885088,0,0,0.0901177
32,1.42969,1.29688,-0.240234,0.00817871,0.907104,0.817824,1.43645,1.21397,3.53711,0.219553,0.583506,0.708357,2.6564,0.0071414,0,0,0,0,0,-0.0592236,-0.0850719,0.884822,0.510774,0.85976,0.868581,0,0,0.072727
33,1.86719,2.57812,-0.267578,0.0458984,1.38075,0.916323,2.65086,1.73155,10.0253,0.294507,1.13963,1.97334,1.24897,0.00439252,0,0,0,0,0,-0.119624,-0.317105,0.915079,0.183399,0.988491,0.884811,0,0,0.0386807
34,1.17969,0.207031,0.170898,0.0874023,0.175497,0.569655,0.576642,0.761986,0.913138,0.23631,0.714108,0.54414,0.578065,0.00308216,0,0,0,0,0,-0.0753752,-0.0434645,0.920177,0.185003,0.988756,0.879832,0,0.00585938,0.0918009
35,0.960938,0.078125,-0.223633,0.129883,0.0813008,0.532399,0.424401,0.587235,0.524961,0.227676,0.57838,0.339645,0.620526,0.00316509,0,0,0,0,0,-0.0601871,-0.0255434,0.907186,0.200528,0.985564,0.878105,0,0.0078125,0.0897554
36,1.09375,0.164062,-0.347656,0.026001,0.15,0.559618,0.520628,0.696035,0.755517,0.159955,0.220104,0.1532,2.15603,0.00616413,0,0,0,0,0,-0.0200707,-0.0104494,0.794953,0.23336,0.977794,0.875142,0,0,0.164801
37,2.09375,2.15625,-0.101562,0.0400391,1.02985,0.84846,2.3233,1.82376,8.72379,0.21361,0.631341,1.15141,0.507565,0.00294446,0,0,0,0,0,-0.0688139,-0.159875,0.950209,0.259923,0.970709,0.871531,0,0,0.0348457
38,0.878906,-0.542969,-0.129883,0.00219727,-0.617778,0.268361,0.144382,0.329296,0.129282,0.15014,0.202827,0.0667903,2.77083,0.00736491,0,0,0,0,0,0.00404969,0.000584703,0.174061,0.264771,0.969487,0.869444,0,0,0.178193
39,3.45312,4.46875,0.0302734,0.0130005,1.29412,0.902188,4.62701,3.16676,31.4375,0.115465,1.21747,3.85543,0.265511,0.0024717,0,0,0,0,0,-0.135003,-0.624661,0.966703,0.224575,0.979836,0.877304,0,0,0.0125342
40,2.1875,0.116211,0.148438,0.00830078,0.053125,0.521184,0.935298,1.3147,2.60321,0.303911,0.808927,1.06349,1.62924,0.00513523,0,0,0,0,0,-0.0279102,-0.0261044,0.300788,0.219268,0.981462,0.874941,0,0,0.0679235
41,1.26562,0.898438,-0.400391,0.796875,0.709877,0.76111,1.07829,1.01163,2.18612,0.239259,1.22262,1.23685,0.448527,0.00282915,0,0,0,0,0,-0.14006,-0.151025,0.998681,0.132954,0.997732,0.883078,0,0.00390625,0.0824847
42,1.46875,3.64062,-1.21875,0.65625,2.47872,0.993407,3.64391,1.45963,15.4086,0.843534,2.75234,4.01738,1.50446,0.00489152,0,0,0,0,0,-0.31417,-1.14481,0.995109,0.122803,0.997144,0.900308,0,0,0.072314
43,1.28125,0.820312,-0.0361328,0.251953,0.640244,0.738993,1.02386,1.0017,2.05169,0.404336,1.09637,1.09823,0.071985,0.00209372,0,0,0,0,0,-0.119738,-0.122595,0.952097,0.184963,0.988694,0.8804,0,0.0078125,0.091341
44,0.898438,0.107422,-0.337891,0.167969,0.119565,0.547586,0.413986,0.56159,0.486768,0.135168,0.52608,0.295441,0.824445,0.00356337,0,0,0,0,0,-0.059376,-0.0245808,0.983934,0.145835,0.99559,0.883934,0,0.00439453,0.0911485
45,1.32812,0.984375,-0.890625,1.10156,0.741176,0.770707,1.16311,1.07235,2.50275,0.270443,1.35085,1.44858,0.848575,0.0036105,0,0,0,0,0,-0.154901,-0.180166,0.999665,0.0990052,0.998363,0.917548,0,0.00390625,0.0814118
46,1.42969,1.10938,-1.19531,1.3125,0.775956,0.781113,1.28981,1.16746,3.02655,0.299856,1.49637,1.74694,1.04335,0.00399093,0,0,0,0,0,-0.171528,-0.221238,0.999319,0.0977124,0.998478,0.917818,0,0,0.0832348
47,1.125,-0.4375,0.125,0.0062561,-0.388889,0.348679,0.265469,0.505317,0.325819,0.254609,0.260509,0.13164,1.58037,0.00503978,0,0,0,0,0,-0.00208543,-0.000553618,0.0697881,0.30761,0.954078,0.884165,0,0,0.165006
48,0.757812,-0.648438,0.279297,0.0490723,-0.85567,0.19609,0.0810981,0.229068,0.0590492,0.473936,0.440848,0.100984,1.26081,0.00441564,0,0,0,0,0,-0.00155878,-0.000126414,0.030825,0.245791,0.973555,0.882878,0.03125,-0.00390625,0.191854
49,3.03125,0.589844,0.200195,0.00567627,0.194588,0.577142,1.5186,1.97395,6.20263,0.21326,0.843339,1.66471,2.65719,0.00714295,0,0,0,0,0,-0.0135246,-0.0205384,0.139807,0.296926,0.957279,0.889835,0,0,0.052698
50,1.38281,0.664062,0.251953,0.0380859,0.480226,0.684467,0.944592,1.02239,1.93753,0.151494,0.335595,0.343108,1.29103,0.00447467,0,0,0,0,0,-0.0303277,-0.0286473,0.787829,0.256417,0.970981,0.878494,0,0,0.112567
51,1.19531,-1.05469,-1.625,0.0488281,-0.882353,0.188793,0.120998,0.352632,0.13899,0.642805,0.679541,0.239628,7.35391,0.0163162,0,0,0,0,0,0.0037074,0.000448587,0.047562,0.274301,0.963565,0.902754,0.0625,0,0.366831
52,1.25781,6.0625,-1.89062,7.59375,4.81988,0.999999,6.0625,1.25781,38.336,0.689524,4.86884,6.12408,0.686084,0.00329313,0,0,0,1,0,-0.558183,-3.38398,0.999442,0.06302,0.999396,0.946827,-0.0078125,0,0.0681699
53,2.21875,2.21875,-0.291016,0.0302734,1,0.841345,2.4054,1.92047,9.47416,0.165616,0.648666,1.24575,1.67257,0.00521987,0,0,0,0,0,-0.0702426,-0.168962,0.944031,0.219021,0.980905,0.880184,0,0,0.03093
54,2.28125,2.04688,-0.283203,0.0220947,0.89726,0.81521,2.27285,1.93319,8.90309,0.30009,0.960436,1.8567,1.90526,0.00567433,0,0,0,0,0,-0.0917314,-0.208492,0.832639,0.339323,0.943031,0.876347,0,0,0.0530913
55,2.65625,1.30469,0.0864258,0.00772095,0.491176,0.688349,1.83302,1.97367,7.25533,0.351993,1.32984,2.62466,0.983576,0.00387417,0,0,0,0,0,-0.0663341,-0.121591,0.434856,0.183237,0.990045,0.872721,0,0,0.0585123
56,1.96094,0.318359,0.470703,0.0449219,0.162351,0.564485,0.94552,1.25697,2.47399,0.602695,0.550582,0.692067,2.22084,0.00629071,0,0,0,0,0,-0.000326571,-0.000308779,0.00517085,0.190373,0.987802,0.878278,0.0234375,-0.00390625,0.287926
57,1.6875,1.92188,-0.163086,0.00817871,1.13889,0.872625,2.02976,1.50498,6.38489,0.220988,0.973777,1.46552,1.80333,0.00547524,0,0,0,0,0,-0.101935,-0.206904,0.912579,0.225133,0.979325,0.880521,0,0,0.0440642
58,1.19531,0.609375,-0.640625,0.18457,0.509804,0.694906,0.839053,0.89568,1.50625,0.333713,0.885714,0.793317,1.49116,0.00486554,0,0,0,0,0,-0.0979165,-0.0821571,0.96376,0.198331,0.98602,0.878454,0,0,0.0928225
59,2.1875,1.80469,0.3125,0.00354004,0.825,0.795314,2.05493,1.81515,7.51753,0.137268,0.891267,1.61779,5.25226,0.0122114,0,0,0,0,0,-0.0884664,-0.181793,0.865322,0.394904,0.918859,0.90304,0,0,0.0453866
60,1.85938,1.17188,0.0490723,0.00598145,0.630252,0.735735,1.47174,1.44913,4.26599,0.234498,0.839376,1.21636,0.634502,0.00319239,0,0,0,0,0,-0.0532681,-0.0783969,0.553245,0.168881,0.992076,0.879222,0,0,0.0552781
61,1.35156,-0.292969,-0.0294189,0.00179291,-0.216763,0.414197,0.403247,0.689685,0.638273,0.140524,0.495364,0.341645,0.694781,0.00331012,0,0,0,0,0,-0.0265286,-0.0106976,0.46687,0.29789,0.958186,0.875369,0,0,0.0839068
62,1.28906,2,-0.941406,1.80469,1.55152,0.939611,2.03274,1.22333,5.62857,0.338863,1.97403,2.41489,0.700771,0.00332182,0,0,0,0,0,-0.226344,-0.460098,0.999593,0.0975103,0.998593,0.916766,0,0,0.0931024
63,1.30469,1.19531,0.808594,0.0505371,0.916168,0.820211,1.32097,1.10987,2.97676,0.270829,0.524196,0.581788,3.59687,0.00897827,0,0,0,0,0,-0.0544329,-0.0719042,0.905263,0.251031,0.971387,0.890088,0,0,0.0660448
64,3.32812,0.585938,-0.172852,0.00744629,0.176056,0.569875,1.628,2.15022,7.27384,0.291089,1.38648,2.98124,2.0031,0.00586544,0,0,0,0,0,-0.0449644,-0.0732022,0.282723,0.240634,0.976296,0.871138,0,0,0.0679313
65,1.3125,0.847656,-0.625,0.890625,0.645833,0.740806,1.0544,1.02794,2.16842,0.246229,1.2412,1.27587,0.662266,0.00324661,0,0,0,0,0,-0.14227,-0.15001,0.999259,0.120755,0.997861,0.896328,0,0,0.0818514
66,0.550781,-0.267578,-0.710938,0.00527954,-0.485816,0.313549,0.110621,0.230251,0.0652522,0.185967,0.172974,0.0398274,9.78438,0.0210632,0,0,0,0,0,-0.0113167,-0.00125186,0.570354,0.218621,0.981036,0.879912,0,0,0.147831
67,1.35156,0.236328,-0.488281,0.166992,0.174855,0.569403,0.660144,0.872735,1.19746,0.394739,0.973303,0.849435,1.19487,0.00428686,0,0,0,0,0,-0.0993427,-0.0655805,0.889806,0.199197,0.984759,0.887652,0,0.015625,0.0918675
68,1.875,1.22656,-1.26562,0.0111694,0.654167,0.743498,1.51816,1.47235,4.47261,0.217894,1.04876,1.54415,11.9754,0.0253425,0,0,0,0,0,-0.0857712,-0.130214,0.712969,0.270624,0.967397,0.872027,0,0,0.0701609
69,2.17188,1.77344,-0.161133,0.0432129,0.816547,0.792906,2.02631,1.7972,7.33586,0.228429,0.528619,0.950032,0.775135,0.00346706,0,0,0,0,0,-0.0532162,-0.107833,0.877623,0.299111,0.957329,0.880222,0,0,0.101847
70,1.57031,2.01562,-0.0307617,0.0349121,1.28358,0.900356,2.08891,1.43817,6.43187,0.285726,0.988569,1.42173,0.164635,0.00227468,0,0,0,0,0,-0.101293,-0.211592,0.893263,0.222643,0.97939,0.885716,0,0,0.0722722
71,2.92188,1.85156,0.404297,0.0109253,0.63369,0.736858,2.32036,2.27966,10.5809,0.337752,0.925061,2.10882,3.86798,0.00950777,0,0,0,0,0,-0.0414557,-0.0961922,0.390679,0.167731,0.990568,0.893831,0,0,0.0536328
72,2.17188,-0.0554199,-0.00160217,0.108887,-0.0255171,0.489821,0.843217,1.246,2.26352,0.64662,0.645591,0.804404,0.00485537,0.00196261,0,0,0,0,0,-0.00187337,-0.00157966,0.0252972,0.274408,0.964841,0.885984,0.015625,-0.00683594,0.782283
73,1.32812,1.78125,-0.929688,1.53125,1.34118,0.910068,1.83716,1.22533,4.87657,0.324123,1.81625,2.2255,0.751301,0.00342051,0,0,0,0,0,-0.208239,-0.382568,0.999524,0.0976499,0.998443,0.918294,0,0,0.0885114
74,1.3125,1.03906,0.337891,0.0174561,0.791667,0.785722,1.19974,1.07727,2.59988,0.250444,0.453204,0.488222,2.55743,0.0069481,0,0,0,0,0,-0.0415665,-0.0498691,0.799571,0.423712,0.905853,0.915883,0,0,0.286985
75,3.84375,2.10938,-0.394531,0.0078125,0.54878,0.708422,2.80464,2.92119,16.3994,0.302718,1.55245,4.535,4.46361,0.0106711,0,0,0,0,0,-0.123383,-0.346045,0.692859,0.221889,0.980548,0.877064,0,0,0.0412829
76,1.03125,0.273438,0.337891,0.0039978,0.265152,0.604554,0.563031,0.692428,0.796461,0.205823,0.3382,0.234179,5.34399,0.0123906,0,0,0,0,0,-0.021338,-0.012014,0.55003,0.243628,0.974712,0.877667,0,0,0.144633
77,1.33594,3,-1.10156,3.1875,2.24561,0.987636,3.00559,1.32148,10.7799,0.447281,2.69782,3.56512,0.616998,0.0031582,0,0,0,0,0,-0.309365,-0.929824,0.999689,0.0830175,0.999114,0.927553,0,0,0.0775419
78,1.47656,1.98438,-0.0634766,0.0688477,1.34392,0.910512,2.04621,1.36276,6.04408,0.285344,0.879478,1.19852,0.241918,0.00242562,0,0,0,0,0,-0.0942046,-0.192762,0.9338,0.182407,0.988198,0.889164,0,0,0.0487119
79,1.27344,5.78125,-1.8125,7.40625,4.53988,0.999997,5.78125,1.27343,35.0445,0.680931,4.69318,5.97645,0.666007,0.00325392,0,0,0,1,0,-0.537983,-3.11022,0.999329,0.0723231,0.999408,0.935794,-0.0078125,0,0.0678602
80,1.89844,1.92969,-0.104004,0.00463867,1.01646,0.845295,2.08485,1.64894,7.06559,0.192919,1.06758,1.76037,1.52705,0.00493564,0,0,0,0,0,-0.109757,-0.228827,0.89627,0.337525,0.942158,0.902349,0,0,0.0477869
81,2.89062,2.96875,0.178711,0.0039978,1.02703,0.847796,3.20056,2.51636,16.5757,0.304278,1.34953,3.3959,2.82644,0.00747352,0,0,0,0,0,-0.12161,-0.38922,0.785587,0.211899,0.981948,0.886432,0,0,0.0452495
82,2.125,2.17188,-0.114258,0.00354004,1.02206,0.846623,2.34382,1.84792,8.9083,0.11372,0.980921,1.81266,1.92036,0.00570382,0,0,0,0,0,-0.108249,-0.253718,0.962052,0.251695,0.972363,0.878335,0,0,0.0258946
83,1.14844,2.42188,0.601562,0.5,2.10884,0.982521,2.42937,1.13005,7.17888,0.270688,1.27074,1.436,0.850738,0.00361472,0,0,0,0,0,-0.144512,-0.351074,0.991415,0.144559,0.995901,0.883133,0,0,0.0509807
84,0.984375,2.59375,0.847656,0.118164,2.63492,0.995792,2.59492,0.98092,7.6958,0.535089,1.35374,1.32792,2.46591,0.00676935,0,0,0,0,0,-0.148945,-0.3865,0.959171,0.304545,0.955574,0.878967,-0.00390625,0,0.0692421
85,1.38281,0.34375,0.209961,0.00695801,0.248588,0.59816,0.740371,0.921774,1.39782,0.277891,0.839592,0.773913,2.51707,0.00686929,0,0,0,0,0,-0.0508095,-0.0376179,0.527574,0.196092,0.987367,0.871843,0,0,0.0738207
86,1.64844,2.625,-0.0800781,0.306641,1.59242,0.944354,2.6625,1.5717,9.55913,0.476431,0.894718,1.40623,0.14461,0.00223557,0,0,0,0,0,-0.0934962,-0.248933,0.910992,0.312358,0.95269,0.88068,0,0,0.0976754
87,1.32812,1.59375,-0.886719,1.55469,1.2,0.88493,1.66686,1.20063,4.21992,0.315463,1.7223,2.06783,0.711155,0.0033421,0,0,0,0,0,-0.19751,-0.329221,0.99974,0.0966963,0.998567,0.918025,0,0,0.0865856
88,1.05469,-0.198242,-0.172852,0.0111694,-0.187963,0.425453,0.325681,0.549594,0.408121,0.347289,0.455285,0.250222,1.63553,0.00514751,0,0,0,0,0,0.00318171,0.00103622,0.0609233,0.174399,0.990704,0.881575,0,0,0.0856771
89,1.14062,-0.019043,0.106934,0.00188446,-0.0166952,0.49334,0.447872,0.657788,0.633274,0.146131,0.363064,0.238819,2.46332,0.00676429,0,0,0,0,0,-0.0106464,-0.00476824,0.255639,0.204897,0.984911,0.87522,0,0,0.0765843
90,2.71875,3.25,-0.0476074,0.00469971,1.1954,0.884035,3.40148,2.45523,17.5982,0.0676914,0.912799,2.24113,0.694447,0.00330947,0,0,0,0,0,-0.101023,-0.343627,0.96483,0.250167,0.97189,0.887306,0,0,0.0109066
91,3.17188,0.929688,0.335938,0.0124512,0.293103,0.615278,1.78828,2.15613,7.84683,0.349663,1.42539,3.07332,3.0106,0.00783321,0,0,0,0,0,-0.0662681,-0.118506,0.405302,0.218666,0.981453,0.876262,0,0,0.0627815
92,1.15625,0.746094,-0.796875,0.664062,0.64527,0.740624,0.928385,0.905404,1.68166,0.218757,1.11027,1.00524,0.97788,0.00386305,0,0,0,0,0,-0.127178,-0.11807,0.9986,0.128998,0.997704,0.887912,0,0,0.0853817
93,2.39062,2.8125,-0.0534668,0.00390625,1.17647,0.880297,2.95228,2.14983,13.3377,0.0614633,0.794002,1.70697,0.855469,0.00362396,0,0,0,0,0,-0.0878842,-0.259458,0.96493,0.257434,0.969715,0.888358,0,0,0.00963696
94,1.08594,-0.109863,0.302734,0.00393677,-0.101169,0.459708,0.380532,0.595968,0.499982,0.21139,0.453548,0.2703,4.82494,0.0113768,0,0,0,0,0,-0.0226708,-0.00862697,0.435763,0.22481,0.98021,0.873669,0,0,0.121021
95,1.26562,0.640625,-0.46875,0.214844,0.506173,0.693632,0.885479,0.946808,1.68052,0.357559,0.999478,0.946314,1.0113,0.00392832,0,0,0,0,0,-0.108659,-0.0962149,0.947758,0.165121,0.99172,0.887922,0,0,0.0982052
96,1.20312,-0.116211,0.304688,0.00204468,-0.0965909,0.461526,0.42435,0.662043,0.618374,0.155248,0.320449,0.212151,6.73817,0.0151136,0,0,0,0,0,-0.00874201,-0.00370967,0.237826,0.26199,0.96915,0.880319,0,0,0.204813
97,1.13281,0.289062,-0.198242,0.363281,0.255172,0.600705,0.611274,0.757302,0.947163,0.17749,0.737002,0.558133,0.328908,0.00259552,0,0,0,0,0,-0.0839908,-0.0513414,0.993504,0.128954,0.996152,0.901563,0,0,0.0876265
98,2.42188,2.76562,-0.0776367,0.00418091,1.14194,0.87326,2.91939,2.16137,13.1944,0.0641626,0.789079,1.70549,1.20069,0.00429823,0,0,0,0,0,-0.0873542,-0.255021,0.965095,0.247342,0.972464,0.889619,0,0,0.00966372
99,1.49219,0.660156,-0.404297,0.0130005,0.442408,0.670903,0.983327,1.08453,2.14314,0.227284,0.483316,0.524172,3.54585,0.00887862,0,0,0,0,0,-0.0302608,-0.0297563,0.545828,0.485057,0.874901,0.901977,0,0,0.465538
100,2.92188,3.625,-0.0361328,0.00708008,1.24064,0.892631,3.77131,2.66172,21.3075,0.0838042,1.0041,2.67264,0.42942,0.00279184,0,0,0,0,0,-0.111238,-0.419514,0.965789,0.231645,0.977646,0.880427,0,0,0.0124089
101,1.09375,-0.337891,0.0456543,0.00805664,-0.308929,0.378688,0.289792,0.521447,0.355886,0.312528,0.395054,0.206,0.508633,0.00294655,0,0,0,0,0,0.000446232,0.000129314,0.00984716,0.284408,0.96165,0.886426,0,0,0.0916133
102,1.07031,0.5,0.0649414,0.0703125,0.467153,0.679805,0.722204,0.786669,1.14043,0.256417,0.524088,0.412284,0.244909,0.00243146,0,0,0,0,0,-0.0524529,-0.0378817,0.872513,0.210453,0.983189,0.878545,0,0,0.119698
103,3.6875,0.871094,0.332031,0.0129395,0.236229,0.593372,1.94527,2.44486,9.76139,0.350072,1.53557,3.75425,2.91891,0.00765412,0,0,0,0,0,-0.0615917,-0.119812,0.349671,0.198447,0.986189,0.876873,0,0,0.0671509
104,2.53125,2.90625,-0.0703125,0.00418091,1.14815,0.874546,3.06467,2.26208,14.5092,0.0642149,0.827164,1.87111,1.08742,0.00407699,0,0,0,0,0,-0.0915399,-0.28054,0.964774,0.27846,0.96328,0.889464,0,0,0.00983281
105,1.63281,1.5,0.134766,0.00216675,0.91866,0.820863,1.65667,1.3897,4.67581,0.158971,0.590026,0.819959,2.89518,0.00760777,0,0,0,0,0,-0.0494627,-0.0819431,0.730825,0.249045,0.97186,0.891022,0,0,0.053077
106,1.74219,1.42969,-0.263672,0.0037384,0.820628,0.794071,1.63082,1.44357,4.74347,0.221621,0.891162,1.28645,4.31242,0.0103758,0,0,0,0,0,-0.0628367,-0.102476,0.6147,0.226204,0.979545,0.876218,0,0,0.073803
107,2.95312,0.208008,0.138672,0.00842285,0.0704365,0.528077,1.28821,1.79312,4.87476,0.34205,1.21689,2.18202,1.51098,0.00490426,0,0,0,0,0,-0.0577203,-0.0743561,0.413509,0.180127,0.989346,0.883279,0,0,0.0608262
108,2.07812,2,0.636719,0.00302124,0.962406,0.832077,2.18618,1.78468,7.96446,0.242929,1.08337,1.93347,11.5839,0.0245779,0,0,0,0,0,-0.0977542,-0.213708,0.786624,0.173725,0.990279,0.886197,0,0,0.0449314
109,0.964844,1.28906,-0.792969,0.59375,1.33603,0.909231,1.33007,0.889575,2.56043,0.257618,1.20832,1.07489,1.02909,0.00396307,0,0,0,0,0,-0.138434,-0.184127,0.998774,0.121058,0.99797,0.895018,0,0,0.0785287
110,1.4375,1.36719,0.296875,0.0145264,0.951087,0.82922,1.49834,1.23163,3.76193,0.259004,0.615548,0.758127,2.46317,0.00676401,0,0,0,0,0,-0.0614394,-0.0920569,0.870145,0.435284,0.900715,0.873141,0,0,0.115366
111,1.45312,0.117188,0.22168,0.0067749,0.0806452,0.532138,0.6413,0.88767,1.19922,0.23316,0.302956,0.268925,2.69324,0.00721335,0,0,0,0,0,-0.012916,-0.00828301,0.371667,0.502835,0.865032,0.898561,0,-0.00244141,0.463674
112,1.42188,-0.859375,0.0600586,0.00762939,-0.604396,0.27279,0.238158,0.539088,0.347335,0.278019,0.395947,0.21345,0.687591,0.00329608,0,0,0,0,0,-0.00704733,-0.00167838,0.155165,0.184871,0.987901,0.887277,0,0,0.12221
113,1.3125,3.17188,-1.51562,3.46875,2.41667,0.992168,3.17536,1.303,11.7807,0.467949,2.80773,3.65847,0.813777,0.00354253,0,0,0,0,0,-0.321957,-1.02233,0.999652,0.0723792,0.999194,0.938959,0,0,0.0763011
114,1.77344,1.41406,0.029541,0.0032959,0.797357,0.787378,1.62874,1.4583,4.77944,0.118641,0.500782,0.730291,0.514563,0.00295813,0,0,0,0,0,-0.0516691,-0.0841555,0.899475,0.338861,0.941558,0.904717,0,0,0.0684594
115,0.796875,-0.333984,-0.059082,0.00579834,-0.419118,0.337565,0.17931,0.349963,0.154626,0.221817,0.468699,0.164027,0.775896,0.00346855,0,0,0,0,0,-0.0277875,-0.00498257,0.516847,0.274003,0.966001,0.875252,0.00390625,0,0.153468
116,2.73438,3.20312,0.0286865,0.00491333,1.17143,0.879287,3.365,2.45621,17.3562,0.114486,1.00927,2.47899,0.409251,0.00275244,0,0,0,0,0,-0.106099,-0.357025,0.916455,0.307363,0.95291,0.902812,0,0,0.0265071
117,1.3125,0.96875,-0.714844,1.01562,0.738095,0.769772,1.14635,1.05868,2.43492,0.258824,1.32434,1.40205,0.709324,0.00333852,0,0,0,0,0,-0.151868,-0.174094,0.999713,0.115497,0.998336,0.898268,0,0.00390625,0.0812334
118,1.10156,0.492188,-0.439453,0.0198975,0.446809,0.672493,0.729002,0.802218,1.175,0.320786,0.376065,0.301687,3.1154,0.00803789,0,0,0,0,0,-0.00902138,-0.0065766,0.20913,0.375919,0.927149,0.896809,0.0078125,0,0.71435
119,2.5625,2.125,0.065918,0.00366211,0.829268,0.796524,2.41551,2.12931,10.3686,0.245224,1.07638,2.29194,1.08928,0.00408062,0,0,0,0,0,-0.0828409,-0.200103,0.670944,0.212349,0.981313,0.89149,0,0,0.040135
120,1.96875,1.65625,-0.0598145,0.00358582,0.84127,0.799902,1.87376,1.6424,6.20846,0.198596,0.811397,1.33264,0.998877,0.00390406,0,0,0,0,0,-0.0735508,-0.137817,0.790244,0.527041,0.85203,0.913079,0,0,0.0349716
121,1.16406,-0.294922,-0.353516,0.0126953,-0.253356,0.399997,0.331867,0.578272,0.444534,0.326426,0.335356,0.193927,3.13752,0.0080811,0,0,0,0,0,-0.000505786,-0.000167854,0.0131483,0.228982,0.978604,0.878118,0,0,0.217492
122,1.50781,-0.228516,0.138672,0.0178223,-0.151554,0.439769,0.490379,0.803772,0.886521,0.348296,0.330617,0.265741,1.03874,0.00398191,0,0,0,0,0,-0.00562461,-0.00275819,0.148311,0.268278,0.967305,0.879829,0,0,0.0753513
123,4.125,2.14062,0.196289,0.0507812,0.518939,0.698098,2.91958,3.1038,18.1575,0.174304,0.989447,3.07104,0.871053,0.0036544,0,0,0,0,0,-0.103024,-0.300787,0.907723,0.281424,0.962917,0.882859,0,0,0.0435888
124,1.11719,-0.263672,-0.283203,0.00370789,-0.236014,0.406711,0.325525,0.562107,0.42193,0.168145,0.278811,0.156722,4.65088,0.0110369,0,0,0,0,0,-0.0133107,-0.00433295,0.416195,0.214995,0.981967,0.879582,0,0,0.135444
125,1.46875,2.75,-1.47656,2.95312,1.87234,0.96942,2.76738,1.42949,9.70183,0.432271,2.60977,3.73063,0.859233,0.00363131,0,0,0,0,0,-0.299265,-0.82818,0.99968,0.093474,0.998889,0.91816,0,0,0.0792248
126,0.785156,-0.0415039,0.582031,0.0201416,-0.0528607,0.478921,0.294098,0.443247,0.282961,0.281519,0.298329,0.132234,4.10109,0.00996307,0,0,0,0,0,-0.0183813,-0.0054059,0.53714,0.373447,0.9288,0.882621,0,-0.00292969,0.315452
127,1.23438,0.796875,-0.451172,0.738281,0.64557,0.740721,0.991395,0.966671,1.91732,0.225817,1.15606,1.11753,0.525087,0.00297869,0,0,0,0,0,-0.132517,-0.131377,0.999303,0.133279,0.997509,0.884428,0,0,0.082268
128,3.79688,0.566406,0.423828,0.0123291,0.149177,0.559293,1.80576,2.41507,9.09331,0.313124,1.20595,2.91245,3.81702,0.00940824,0,0,0,0,0,-0.0433406,-0.0782627,0.313309,0.215799,0.982208,0.875895,0,0,0.0624422
129,1.35938,3.0625,-0.566406,0.527344,2.25287,0.987866,3.06802,1.34505,11.2219,0.724414,2.35702,3.17031,0.779976,0.00347652,0,0,0,0,0,-0.269454,-0.826691,0.996617,0.132085,0.996443,0.89473,0,0,0.0693501
130,1.21875,-0.124023,0.298828,0.00854492,-0.101763,0.459472,0.42671,0.668625,0.629141,0.310435,0.328064,0.219352,3.23272,0.00826702,0,0,0,0,0,-0.0139565,-0.00595536,0.370872,0.177461,0.989768,0.884251,0,0,0.155265
131,1.28125,0.730469,-0.492188,0.730469,0.570122,0.715703,0.955642,0.980099,1.87385,0.232381,1.10212,1.08019,0.575877,0.00307788,0,0,0,0,0,-0.126118,-0.120524,0.997596,0.119376,0.99786,0.897983,0,0,0.0868605
132,1.32031,0.585938,0.292969,0.00872803,0.443787,0.671402,0.871225,0.960211,1.68104,0.173376,0.34618,0.332405,3.13591,0.00807794,0,0,0,0,0,-0.0297422,-0.0259121,0.748994,0.217897,0.981065,0.881227,0,0,0.113782
133,1.41406,4.25,-1.55469,5.21875,3.00552,0.998674,4.25048,1.41248,20.0617,0.571195,3.62015,5.1134,0.68055,0.00328232,0,0,0,1,0,-0.415116,-1.76444,0.999653,0.0838528,0.99918,0.925752,-0.0078125,0,0.0808013
134,1.55469,-0.0266113,0.18457,0.00202942,-0.0171168,0.493172,0.610128,0.89635,1.1757,0.164577,0.572956,0.513569,4.09709,0.00995526,0,0,0,0,0,-0.0264096,-0.0161132,0.401834,0.314386,0.952254,0.877242,0,0.00170898,0.0752127
135,1.3125,0.828125,-0.503906,0.232422,0.630952,0.735964,1.03957,1.02314,2.12753,0.457096,0.943547,0.965379,1.04523,0.00399459,0,0,0,0,0,-0.100939,-0.104934,0.932618,0.201263,0.985635,0.876165,0,0.00390625,0.0986491
136,1.22656,0.0976562,0.0216064,0.00418091,0.0796178,0.531729,0.540683,0.748815,0.853061,0.227637,0.279886,0.209583,0.334155,0.00260577,0,0,0,0,0,-0.00587797,-0.00317812,0.183085,0.182768,0.989386,0.878527,0,0,0.110452
137,1.27344,0.925781,0.233398,0.00270081,0.726994,0.766385,1.1015,1.0235,2.26085,0.188988,0.593595,0.607543,4.49109,0.0107248,0,0,0,0,0,-0.0571682,-0.0629707,0.839597,0.277749,0.962301,0.906026,0,0,0.0677107
138,0.703125,-0.213867,0.120117,0.0952148,-0.304167,0.3805,0.187508,0.336404,0.148327,0.378178,0.404935,0.136222,0.389272,0.00271342,0,0,0,0,0,-0.0105369,-0.00197576,0.226848,0.445964,0.895056,0.897954,0.0625,0.0615234,0.274756
139,0.707031,-0.220703,0.458984,0.00239563,-0.312155,0.377461,0.186503,0.336271,0.147861,0.168689,0.268031,0.0901309,9.37752,0.0202686,0,0,0,0,0,-0.0156155,-0.00291234,0.5079,0.248265,0.974026,0.872235,0,0,0.124239
140,2.96875,3.75,-0.0219727,0.00769043,1.26316,0.896734,3.89335,2.71199,22.5131,0.0884406,1.03022,2.79395,0.250557,0.00244249,0,0,0,0,0,-0.114213,-0.444671,0.966474,0.241002,0.973615,0.896098,0,0,0.011765
141,2.54688,2.14062,-0.496094,0.00576782,0.840491,0.799683,2.42249,2.12415,10.3804,0.218591,1.14354,2.42906,6.53218,0.0147113,0,0,0,0,0,-0.111682,-0.270547,0.851404,0.336012,0.943121,0.894327,0,0,0.0533356
142,0.847656,-0.164062,0.255859,0.00671387,-0.193548,0.423265,0.260035,0.439924,0.261151,0.231778,0.279933,0.123149,3.12259,0.00805193,0,0,0,0,0,-0.00282702,-0.000735124,0.0880402,0.417398,0.908956,0.888407,0.0078125,-0.00195312,0.538646
143,1.60938,2.40625,-1.17969,2.67188,1.49515,0.932562,2.45433,1.51549,8.32044,0.4131,2.42099,3.669,0.721704,0.0033627,0,0,0,0,0,-0.277626,-0.681386,0.999712,0.0882423,0.998731,0.92627,0,0,0.0794577
144,2.14062,1.58594,1.15625,0.00527954,0.740876,0.770616,1.87416,1.72821,6.49919,0.263084,0.870163,1.50382,15.9131,0.0330333,0,0,0,0,0,-0.0749531,-0.140474,0.750924,0.18734,0.988105,0.881109,0,0,0.0523411
145,1.875,2.65625,0.353516,0.0441895,1.41667,0.92171,2.72394,1.74706,10.4721,0.358476,1.17177,2.04716,1.6817,0.0052377,0,0,0,0,0,-0.120766,-0.328961,0.898483,0.176074,0.990547,0.880156,0,0,0.0489291
146,2.73438,1.28125,0.168945,0.00585938,0.468571,0.680312,1.84752,2.01103,7.45756,0.283093,1.18533,2.38374,2.20709,0.00626385,0,0,0,0,0,-0.0615617,-0.113736,0.45277,0.208097,0.984027,0.876261,0,0,0.0601299
147,1.33594,0.773438,-0.455078,0.265625,0.578947,0.718688,1.00538,1.02471,2.06082,0.371347,1.08258,1.10933,0.882981,0.0036777,0,0,0,0,0,-0.119372,-0.120015,0.961279,0.193941,0.986316,0.884178,0,0.00390625,0.0897642
148,2.15625,1.15625,-0.361328,0.0065918,0.536232,0.704101,1.55279,1.63249,5.07619,0.204243,0.760098,1.24085,4.45041,0.0106453,0,0,0,0,0,-0.0491168,-0.076268,0.563336,0.218916,0.981197,0.877892,0,0,0.0642787
149,2.17188,2.9375,-0.0610352,0.0136108,1.35252,0.911895,3.02697,2.00671,13.1894,0.324754,1.27255,2.55363,0.523164,0.00297493,0,0,0,0,0,-0.138268,-0.418531,0.947226,0.36551,0.932072,0.883541,0,0,0.0862437
150,1.24219,3.40625,-1.39062,3.53125,2.74214,0.996948,3.40741,1.23868,13.1448,0.470407,2.93987,3.64155,0.740024,0.00339848,0,0,0,0,0,-0.33712,-1.1487,0.999686,0.0796276,0.999344,0.928426,0,0,0.0753522
151,1.47656,1.55469,-0.0349121,0.00216675,1.05291,0.853809,1.66754,1.2925,4.45126,0.0944729,0.719153,0.929507,0.750018,0.003418,0,0,0,0,0,-0.0752965,-0.12556,0.912768,0.274932,0.963751,0.897397,0,0,0.0499646
152,3.29688,3.59375,0.0981445,0.0101929,1.09005,0.862154,3.82793,2.9091,23.1159,0.344579,1.74034,5.06281,0.972115,0.00385179,0,0,0,0,0,-0.145965,-0.558743,0.731174,0.218197,0.979316,0.897643,0,0,0.0351387
153,1.21094,0.369141,-0.0458984,0.145508,0.304839,0.619756,0.691776,0.827442,1.16322,0.286396,0.831434,0.687963,0.120325,0.00218813,0,0,0,0,0,-0.0892559,-0.0617451,0.935871,0.154663,0.994151,0.883442,0,0.00390625,0.0913589
154,1.19531,0.335938,-0.496094,0.408203,0.281046,0.610662,0.664718,0.808218,1.09507,0.210977,0.800404,0.646901,0.776472,0.00346967,0,0,0,0,0,-0.0908139,-0.0603656,0.989121,0.13641,0.995881,0.893965,0,0.00195312,0.0895644
155,1.125,5.0625,-1.77344,6.15625,4.5,0.999997,5.0625,1.125,26.8945,0.61891,4.03326,4.53741,0.714756,0.00334913,0,0,0,1,0,-0.462402,-2.34091,0.999471,0.0463731,0.999185,0.976365,-0.0078125,0,0.0845915
156,1.625,-0.847656,0.945312,0.0654297,-0.521635,0.300962,0.305274,0.661843,0.531229,0.645364,0.651185,0.430982,3.69563,0.00917114,0,0,0,0,0,0.00139417,0.000425605,0.0186646,0.23328,0.976319,0.889037,0.046875,-0.00390625,0.393273
157,1.20312,4.0625,-1.39844,4.6875,3.37662,0.999633,4.0626,1.20275,17.9513,0.54053,3.38383,4.06989,0.645911,0.00321467,0,0,0,1,0,-0.388004,-1.57631,0.999619,0.0463858,0.998993,0.987224,-0.0078125,0,0.078592
158,2.32812,2.625,-0.0810547,0.00454712,1.12752,0.870238,2.77769,2.07114,12.0052,0.129041,1.1656,2.41412,1.20202,0.00430081,0,0,0,0,0,-0.128269,-0.356291,0.959351,0.234368,0.975787,0.891596,0,0,0.0236743
159,2.48438,1.27344,0.359375,0.0102539,0.512579,0.695877,1.74831,1.86395,6.5309,0.259826,0.875201,1.63133,3.54898,0.00888472,0,0,0,0,0,-0.0480116,-0.0839392,0.47824,0.194489,0.987796,0.871316,0,0,0.0546289
160,1.36719,1.20312,-0.859375,0.296875,0.88,0.81057,1.34199,1.15458,3.13399,0.414954,1.34558,1.55357,1.57723,0.00503366,0,0,0,0,0,-0.150053,-0.20137,0.972175,0.207648,0.983442,0.88207,0,0,0.0793599
161,1.16406,-0.490234,0.198242,0.00576782,-0.421141,0.336826,0.26108,0.510452,0.328724,0.220976,0.265319,0.135433,2.6103,0.00705136,0,0,0,0,0,-0.00242972,-0.000634349,0.0798352,0.202763,0.985076,0.8779,0,0,0.161652
162,1.57031,1.39062,0.523438,0.124023,0.885572,0.812076,1.54885,1.3276,4.16144,0.212858,0.598282,0.794277,1.48632,0.0048561,0,0,0,0,0,-0.066599,-0.103152,0.97044,0.292773,0.960011,0.874351,0,0,0.0465143
163,1.1875,7.84375,-3.64062,26,6.60526,1,7.84375,1.1875,62.9346,1.25937,5.93725,7.05048,0.713985,0.00334763,0,0,0,1,0,-0.68087,-5.34057,0.999737,0.023257,0.999839,0.985027,-0.0234375,0,0.0736103
164,2.3125,1.67969,-0.511719,0.0296631,0.726351,0.766188,1.99914,1.85824,7.4496,0.378002,0.686037,1.27482,2.97114,0.00775613,0,0,0,0,0,-0.0455724,-0.0911056,0.57911,0.713306,0.788173,1.14876,0.015625,0,0.532853
165,1.46094,0.863281,-0.695312,0.486328,0.590909,0.722709,1.11272,1.12473,2.50318,0.328114,1.24239,1.39735,0.997046,0.00390048,0,0,0,0,0,-0.140201,-0.156005,0.983787,0.142657,0.996117,0.88387,0,0.00390625,0.0854204
166,1,0.0300293,0.170898,0.0214844,0.0300293,0.511978,0.416017,0.592844,0.524535,0.144991,0.338477,0.200664,1.16594,0.00423035,0,0,0,0,0,-0.0322842,-0.0134308,0.83151,0.22236,0.980794,0.874022,0,0.00305176,0.109008
167,1.51562,0.392578,-0.168945,0.00640869,0.259021,0.60219,0.821561,1.01493,1.70504,0.216953,0.483473,0.490689,2.11038,0.00607497,0,0,0,0,0,-0.0393905,-0.0323617,0.710274,0.30882,0.953899,0.881144,0,0,0.133242
168,0.824219,-0.114746,0.466797,0.0246582,-0.139218,0.444639,0.273141,0.442488,0.270401,0.276182,0.368848,0.163211,2.97267,0.00775913,0,0,0,0,0,-0.0243441,-0.00664937,0.575378,0.313721,0.952078,0.882272,0,0.0151367,0.221051
169,1.32812,3.73438,-1.5625,4.28125,2.81176,0.997536,3.7354,1.32498,15.7088,0.518868,3.21135,4.25497,0.755153,0.00342803,0,0,0,0,0,-0.368241,-1.37553,0.999658,0.0673627,0.999134,0.946165,0,0,0.0763751
170,2.70312,3.70312,-0.294922,0.0146484,1.36994,0.914648,3.81074,2.50323,20.7879,0.187446,1.43641,3.59566,2.43675,0.00671241,0,0,0,0,0,-0.157988,-0.602051,0.958854,0.291098,0.960744,0.872613,0,0,0.0276669
171,2.875,0.198242,0.269531,0.00933838,0.0689538,0.527487,1.252,1.74415,4.60956,0.328316,1.27185,2.2183,2.78916,0.0074007,0,0,0,0,0,-0.0586001,-0.0733675,0.401669,0.17419,0.991736,0.873915,0,0,0.0651992
172,2.67188,0.71875,0.351562,0.00704956,0.269006,0.606037,1.46533,1.79706,5.3766,0.243401,0.961418,1.72772,4.18718,0.0101312,0,0,0,0,0,-0.0465661,-0.0682346,0.422245,0.219137,0.981379,0.875903,0,0,0.0659765
173,1.39062,0.453125,-0.249023,0.00234985,0.325843,0.627728,0.813049,0.959136,1.58099,0.143547,0.432162,0.414503,5.13712,0.0119866,0,0,0,0,0,-0.0386591,-0.0314318,0.779852,0.267336,0.967225,0.883604,0,0,0.0776285
174,1.08594,1.32812,-1.1875,0.902344,1.22302,0.889339,1.38427,0.98676,2.8899,0.246968,1.4421,1.42301,1.25011,0.00439474,0,0,0,0,0,-0.165386,-0.228939,0.999794,0.117107,0.998471,0.895231,0,0,0.0789104
175,1.40625,-0.476562,0.332031,0.00300598,-0.338889,0.367347,0.357319,0.655646,0.557549,0.180485,0.670862,0.439848,6.056,0.0137812,0,0,0,0,0,-0.0272739,-0.00974548,0.354422,0.204726,0.984624,0.877865,0,0,0.072451
176,3.60938,1.89062,-0.0678711,0.00424194,0.52381,0.699794,2.56584,2.72182,13.9918,0.366225,1.35831,3.69707,1.04208,0.00398844,0,0,0,0,0,-0.068254,-0.175129,0.438063,0.207623,0.981033,0.906654,0,0,0.061178
177,2.23438,0.173828,0.0800781,0.00582886,0.0777972,0.531005,0.982904,1.36262,2.82282,0.278574,0.948589,1.29256,1.04887,0.0040017,0,0,0,0,0,-0.0436231,-0.0428773,0.400908,0.187385,0.988296,0.879478,0,0,0.061253
178,1.53906,1.80469,0.490234,0.0185547,1.17259,0.87952,1.89554,1.38285,5.50536,0.342296,0.891674,1.23305,3.59896,0.00898234,0,0,0,0,0,-0.0885142,-0.167782,0.865394,0.284671,0.961337,0.889179,0,0,0.0777121
179,1.27344,1.16406,-0.265625,0.0119629,0.91411,0.819671,1.28709,1.08283,2.82912,0.163309,0.522786,0.566089,2.42857,0.00669643,0,0,0,0,0,-0.053084,-0.0683239,0.885211,0.246119,0.972831,0.88932,0,0,0.079923
180,2.0625,0.867188,0.0830078,0.0035553,0.420455,0.662923,1.33028,1.48425,3.97264,0.207948,0.758046,1.12513,1.39213,0.00467214,0,0,0,0,0,-0.0406999,-0.0541424,0.468063,0.194545,0.987572,0.872913,0,0,0.0630354
181,1.4375,3.21875,-0.0272217,0.200195,2.23913,0.987426,3.22493,1.42158,12.421,0.474263,1.76631,2.51095,0.0608398,0.00207195,0,0,0,0,0,-0.196585,-0.633971,0.970264,0.145807,0.993723,0.900203,0,0,0.0574089
182,1.32812,1.74219,-1.07031,1.58594,1.31176,0.9052,1.80119,1.22072,4.73445,0.318458,1.80461,2.20291,0.849899,0.00361308,0,0,0,0,0,-0.20698,-0.372811,0.999891,0.100276,0.998556,0.913886,0,0,0.087868
183,3.15625,4.03125,0.0732422,0.00717163,1.27723,0.899239,4.18013,2.88835,25.8161,0.125449,1.2271,3.5443,0.864873,0.00364233,0,0,0,0,0,-0.129324,-0.540591,0.918765,0.342338,0.941084,0.887837,0,0,0.0255548
184,3.5,0.804688,-0.193359,0.0090332,0.229911,0.590919,1.83225,2.31418,8.7126,0.300729,1.29658,3.00052,2.03444,0.00592664,0,0,0,0,0,-0.0489764,-0.0897372,0.329302,0.222113,0.980383,0.87799,0,0,0.0651235
185,2.0625,1.86719,0.279297,0.0197754,0.905303,0.817348,2.06909,1.75066,7.34592,0.299115,0.906009,1.58611,1.98611,0.00583225,0,0,0,0,0,-0.054245,-0.112238,0.521956,0.654284,0.788203,1.01035,0,0,0.060166
186,1.17969,0.115723,0.0588379,0.208984,0.098096,0.539072,0.530919,0.728107,0.812014,0.391332,0.579547,0.421972,0.128706,0.0022045,0,0,0,0,0,-0.0569181,-0.0302189,0.856187,0.222358,0.980303,0.878141,0,0.0126953,0.120203
187,2.48438,2.95312,-0.0805664,0.0071106,1.18868,0.882717,3.09397,2.24021,14.5912,0.176877,1.33794,2.99728,0.955435,0.00381921,0,0,0,0,0,-0.14177,-0.438633,0.923749,0.200817,0.985745,0.876105,0,0,0.0367489
188,1.47656,-0.761719,0.180664,0.00753784,-0.515873,0.302972,0.280472,0.603897,0.443356,0.275798,0.431589,0.260635,2.08089,0.00601736,0,0,0,0,0,0.00273627,0.000767447,0.0552707,0.187195,0.987323,0.888081,0,0,0.0755399
189,1.90625,0.546875,0.00540161,0.00210571,0.286885,0.6129,1.06717,1.29225,2.80875,0.177965,0.80441,1.0395,0.117713,0.00218303,0,0,0,0,0,-0.0418962,-0.0447103,0.45405,0.183522,0.989504,0.876375,0,0,0.0668413
190,2,1.61719,0.0913086,0.00524902,0.808594,0.790626,1.85388,1.65066,6.16157,0.187241,0.889853,1.46885,1.2603,0.00441464,0,0,0,0,0,-0.0877427,-0.162665,0.859606,0.270632,0.966048,0.885486,0,0,0.0477824
191,0.84375,-0.380859,0.0454102,0.00180054,-0.451389,0.325855,0.179989,0.361782,0.163282,0.140185,0.214745,0.0776908,1.07017,0.0040433,0,0,0,0,0,-0.00722068,-0.00129964,0.293131,0.296415,0.958443,0.877982,0,0,0.166009
192,1.95312,0.0883789,0.480469,0.00744629,0.04525,0.518046,0.827397,1.16838,2.04969,0.303152,0.932595,1.08962,5.56795,0.012828,0,0,0,0,0,-0.0451505,-0.0373574,0.422062,0.201651,0.985607,0.875679,0,0.00292969,0.0853466
193,1.47656,2.78125,-1.49219,3.04688,1.8836,0.97019,2.79808,1.43835,9.89807,0.440548,2.63355,3.78797,0.854862,0.00362278,0,0,0,0,0,-0.302015,-0.84506,0.999754,0.0897327,0.998851,0.922992,0,0,0.078759
194,1.4375,-0.462891,0.227539,0.00387573,-0.322011,0.373722,0.374053,0.678694,0.600541,0.222826,0.41354,0.280667,3.65493,0.00909166,0,0,0,0,0,0.00850221,0.00318028,0.179234,0.233581,0.976949,0.882136,0,0,0.0997371
195,1.19531,0.25,0.0522461,0.00549316,0.20915,0.582835,0.609926,0.783272,0.985526,0.196761,0.245623,0.19239,0.704924,0.00332993,0,0,0,0,0,-0.0117203,-0.00714851,0.415983,0.298809,0.957992,0.874119,0,0,0.179916
196,1.625,2.29688,-0.125977,0.0825195,1.41346,0.92124,2.35595,1.51347,7.84112,0.276288,0.895668,1.35557,0.438542,0.00280965,0,0,0,0,0,-0.0934052,-0.220058,0.909141,0.174622,0.989915,0.887812,0,0,0.0471401
197,0.949219,0.138672,-0.105469,0.0634766,0.146091,0.558075,0.449975,0.602672,0.565691,0.178688,0.522017,0.314605,0.418617,0.00277074,0,0,0,0,0,-0.0553444,-0.0249036,0.924264,0.192928,0.987388,0.877136,0,0.00292969,0.0962008
198,1.32031,-1.08594,-0.0683594,0.0622559,-0.822485,0.2054,0.15184,0.411135,0.192087,0.697953,0.639778,0.263035,0.273973,0.00248823,0,0,0,0,0,0.00237439,0.000360529,0.0323542,0.210223,0.982655,0.883633,0.078125,0,0.485658
199,1.22656,0.679688,-0.28125,0.710938,0.55414,0.710259,0.899968,0.933691,1.68172,0.225564,1.07071,0.999713,0.333562,0.00260461,0,0,0,0,0,-0.122578,-0.110316,0.998037,0.124979,0.997783,0.891995,0,0,0.0905125
200,2.75,3.53125,0.081543,0.00778198,1.28409,0.900445,3.65947,2.51875,19.7359,0.203096,1.60084,4.03211,0.924361,0.00375852,0,0,0,0,0,-0.171797,-0.628685,0.935566,0.300613,0.956967,0.878513,0,0,0.0340129
201,0.839844,-0.582031,0.174805,0.00256348,-0.693023,0.244147,0.122755,0.294111,0.10157,0.159475,0.209433,0.0615966,3.45254,0.00869636,0,0,0,0,0,-0.000764348,-9.38274e-05,0.0318165,0.211614,0.982699,0.880335,0,0,0.139115
202,1.70312,1.64844,-1.04688,0.0184326,0.96789,0.83345,1.79966,1.4643,5.38296,0.234169,0.694314,1.01668,7.71083,0.0170133,0,0,0,0,0,-0.0733137,-0.13194,0.920525,0.254232,0.972778,0.86823,0,0,0.0469274
203,1.57031,-0.380859,-0.101074,0.0563965,-0.242537,0.404182,0.453843,0.786318,0.82427,0.531672,0.527698,0.414938,0.425613,0.0027844,0,0,0,0,0,0.00240401,0.00109104,0.0397152,0.212162,0.98138,0.891272,0.03125,-0.00390625,0.492856
204,2.1875,1.78125,0.0339355,0.0174561,0.814286,0.792259,2.03714,1.80878,7.42163,0.156472,0.552132,0.998687,0.256851,0.00245479,0,0,0,0,0,-0.0587062,-0.119593,0.926932,0.338521,0.942557,0.887686,0,0,0.0595857
205,1.07031,0.828125,0.0820312,0.00830078,0.773723,0.780453,0.963777,0.873361,1.69162,0.229405,0.463265,0.404597,0.900368,0.00371166,0,0,0,0,0,-0.0452433,-0.0436044,0.851396,0.432801,0.901752,0.879986,0,0,0.19567
206,2,2.20312,-0.996094,0.0219727,1.10156,0.864674,2.34184,1.76918,8.61422,0.249914,0.915716,1.62007,6.71984,0.0150778,0,0,0,0,0,-0.0991835,-0.232272,0.944247,0.216653,0.979851,0.895903,0,0,0.0240684
207,1.4375,-0.167969,0.328125,0.00582886,-0.116848,0.45349,0.492457,0.78176,0.853662,0.25175,0.350539,0.274037,4.29781,0.0103473,0,0,0,0,0,-0.00200629,-0.000988012,0.0498959,0.23005,0.97851,0.876509,0,0,0.135389
208,1.39844,0.988281,-0.128906,0.00424194,0.706704,0.760125,1.18808,1.11665,2.65845,0.153514,0.412387,0.460494,1.97921,0.00581877,0,0,0,0,0,-0.0372881,-0.0443011,0.788264,0.264264,0.966864,0.898592,0,0,0.0498907
209,1.65625,-0.539062,0.162109,0.00787354,-0.325472,0.372412,0.428897,0.779962,0.792293,0.281083,0.454336,0.354364,1.82694,0.00552136,0,0,0,0,0,0.00479012,0.00205447,0.0919129,0.186005,0.988762,0.878088,0,0,0.0746456
210,1.41406,2.15625,0.0917969,0.0712891,1.52486,0.936353,2.19516,1.33701,6.60632,0.443153,1.33237,1.7814,0.343808,0.00262463,0,0,0,0,0,-0.144102,-0.316327,0.942873,0.233584,0.976788,0.883642,0,0,0.0720298
211,1.29688,2.40625,-1.03125,2.14062,1.85542,0.968232,2.42245,1.26056,7.45728,0.370932,2.30151,2.90119,0.704845,0.00332978,0,0,0,0,0,-0.263903,-0.639293,0.999628,0.0913318,0.998459,0.925922,0,0,0.0717355
212,1.42188,1.23438,-0.871094,0.326172,0.868132,0.807339,1.38227,1.19673,3.34285,0.489644,1.45136,1.73689,1.52525,0.00493213,0,0,0,0,0,-0.160497,-0.22185,0.964043,0.178013,0.990143,0.880272,0,0,0.0860426
213,1.89844,1.07031,-0.104492,0.0957031,0.563786,0.71355,1.40685,1.4494,4.07999,0.409398,0.616759,0.893932,0.33777,0.00261283,0,0,0,0,0,-0.0328803,-0.0462576,0.464758,0.455624,0.890185,0.894977,0.0703125,-0.015625,0.663119
214,1.375,0.707031,-0.0576172,0.0224609,0.514205,0.696446,0.969043,1.03238,2.00486,0.230362,0.319656,0.330007,0.384448,0.002704,0,0,0,0,0,-0.0258046,-0.0250058,0.703755,0.404719,0.914964,0.884052,0,0,0.208835
215,2.125,2.76562,-0.0761719,0.00473022,1.30147,0.903451,2.86177,1.95059,11.9945,0.126704,1.18791,2.31713,1.10753,0.00411626,0,0,0,0,0,-0.131083,-0.375129,0.961984,0.237058,0.976574,0.877113,0,0,0.0213447
216,0.9375,-0.296875,0.185547,0.0310059,-0.316667,0.375748,0.245763,0.44439,0.257882,0.344228,0.359135,0.159596,1.05374,0.0040112,0,0,0,0,0,-0.0132592,-0.00325864,0.321861,0.342806,0.941388,0.880337,0.00390625,0.015625,0.219917
217,1.73438,1.96094,-0.24707,0.0292969,1.13063,0.870895,2.0739,1.54398,6.68495,0.220149,0.814512,1.25759,1.44348,0.00477242,0,0,0,0,0,-0.0878183,-0.182127,0.939928,0.266986,0.966471,0.893348,0,0,0.0410657
218,2.26562,0.761719,0.192383,0.00405884,0.336207,0.631643,1.3396,1.56988,4.25905,0.221524,0.989832,1.55391,3.01971,0.007851,0,0,0,0,0,-0.0598364,-0.0801569,0.527,0.207502,0.984737,0.871761,0,0,0.0662078
219,0.820312,2.15625,0.0297852,0.416016,2.62857,0.995713,2.15726,0.817341,5.32181,0.276096,1.3318,1.08853,0.0461791,0.00204332,0,0,0,0,0,-0.152517,-0.329019,0.998359,0.122667,0.997382,0.898297,0,0,0.0586692
220,0.914062,-0.578125,-0.161133,0.0253906,-0.632479,0.263537,0.146923,0.338014,0.13584,0.419757,0.466219,0.157589,1.01122,0.00392817,0,0,0,0,0,0.00519374,0.000763082,0.0971174,0.276381,0.963262,0.897996,0.0507812,-0.00390625,0.317361
221,1.64062,1.65625,-0.170898,0.00747681,1.00952,0.843638,1.79199,1.42292,5.23594,0.264663,0.850882,1.21074,1.97642,0.00581333,0,0,0,0,0,-0.081926,-0.146811,0.839382,0.236213,0.976398,0.880743,0,0,0.0499725
222,2.01562,1.35938,-0.0256348,0.0234375,0.674419,0.749977,1.66301,1.59297,5.30317,0.260682,0.572162,0.911438,0.167446,0.00228017,0,0,0,0,0,-0.053666,-0.0892472,0.817686,0.597874,0.849183,1.12948,0,0,0.303853
223,1.15625,-0.847656,-1.53125,0.0515137,-0.733108,0.231746,0.157846,0.390453,0.177369,0.606343,0.707264,0.276154,6.7466,0.0151301,0,0,0,0,0,0.00411541,0.000649602,0.0507269,0.28865,0.960021,0.889607,0.09375,-0.0078125,0.431338
224,1.9375,1.96094,-0.40625,0.0358887,1.0121,0.844254,2.12052,1.68132,7.32342,0.213886,0.54309,0.913106,2.14444,0.00614149,0,0,0,0,0,-0.0580219,-0.123037,0.93138,0.226401,0.977707,0.89304,0,0,0.0836233
225,1.36719,2,-0.310547,0.0883789,1.46286,0.928247,2.04435,1.2818,5.82237,0.302099,0.841107,1.07813,1.04461,0.00399337,0,0,0,0,0,-0.089659,-0.183294,0.929287,0.17077,0.990517,0.889099,0,0,0.0517013
226,2.28125,1.80469,-0.10498,0.0250244,0.791096,0.785556,2.08427,1.87204,7.84875,0.16654,0.56512,1.05793,0.663631,0.00324928,0,0,0,0,0,-0.0595157,-0.124047,0.918117,0.276768,0.964812,0.878426,0,0,0.0489216
227,1.40625,-1,0.375,0.0722656,-0.711111,0.238508,0.199421,0.484459,0.274469,0.661189,0.635967,0.3081,1.39497,0.00467768,0,0,0,0,0,0.0131263,0.00261766,0.179935,0.216094,0.981217,0.883838,0.03125,-0.00390625,0.310971
228,1.35156,1.57812,-0.847656,1.57812,1.16763,0.878522,1.65889,1.21305,4.22339,0.319988,1.7121,2.07687,0.67476,0.00327101,0,0,0,0,0,-0.196328,-0.325685,0.999673,0.0867918,0.99862,0.929524,0,0,0.0861933
229,2.03125,1.17969,0.0123291,0.0307617,0.580769,0.719302,1.53146,1.55891,4.77558,0.375208,0.549496,0.856614,0.0702953,0.00209042,0,0,0,0,0,-0.0350749,-0.053716,0.556467,0.37184,0.928484,0.947146,0,0,0.317198
230,1.23438,7.71875,-3.25,21.875,6.25316,1,7.71875,1.23437,61.1028,1.15522,5.90281,7.28628,0.694879,0.00331031,0,0,0,1,0,-0.676912,-5.22491,0.999724,0.0680748,0.999876,0.933648,-0.015625,0,0.0720873
231,2.45312,2.96875,-0.0334473,0.00418091,1.21019,0.886897,3.10015,2.22268,14.5513,0.0637234,0.828985,1.84257,0.51728,0.00296344,0,0,0,0,0,-0.091784,-0.284545,0.965222,0.23684,0.975464,0.888151,0,0,0.00970233
232,2.25,2.59375,0.345703,0.00952148,1.15278,0.875499,2.73305,2.01279,11.5209,0.267528,1.34444,2.70608,3.54284,0.00887273,0,0,0,0,0,-0.124396,-0.339982,0.806626,0.228852,0.977489,0.88884,0,0,0.0583691
233,1.19531,0.679688,-0.667969,0.609375,0.568627,0.715196,0.890188,0.913941,1.62772,0.218026,1.04171,0.952065,0.855685,0.00362438,0,0,0,0,0,-0.119121,-0.10604,0.996892,0.126435,0.997532,0.892382,0,0,0.0921958
234,2.48438,2.42188,-0.324219,0.0174561,0.974843,0.835181,2.63996,2.13909,11.5451,0.218619,0.762625,1.63132,2.45395,0.00674599,0,0,0,0,0,-0.0785105,-0.207264,0.897477,0.377252,0.926111,0.92623,0,0,0.252533
235,0.964844,1.17969,-0.683594,0.59375,1.22267,0.889273,1.22962,0.876657,2.28049,0.222401,1.19114,1.04422,0.887148,0.00368584,0,0,0,0,0,-0.136462,-0.167796,0.998749,0.121336,0.997821,0.895992,0,0,0.0781642
236,1.10938,0.0253906,-0.453125,0.120605,0.0228873,0.50913,0.457557,0.654913,0.638269,0.181903,0.514835,0.337172,1.30477,0.00450151,0,0,0,0,0,-0.0560592,-0.0256503,0.949261,0.198692,0.986517,0.873852,0,0.00585938,0.100223
237,1.25781,1.03125,-1.05469,0.949219,0.819876,0.793857,1.17669,1.04196,2.47028,0.252612,1.32869,1.38444,1.08253,0.00406744,0,0,0,0,0,-0.152382,-0.179307,0.999814,0.120327,0.998285,0.893161,0,0,0.0806017
238,1.51562,-0.380859,-0.296875,0.0266113,-0.251289,0.400795,0.43323,0.754064,0.756302,0.475129,0.496646,0.374503,1.81987,0.00550756,0,0,0,0,0,0.000566715,0.000245518,0.00994774,0.167643,0.991905,0.882456,0.015625,0,0.176374
239,1.23438,0.71875,-0.306641,0.71875,0.582278,0.71981,0.932074,0.947778,1.76704,0.230579,1.09523,1.03804,0.361694,0.00265956,0,0,0,0,0,-0.125347,-0.116833,0.997732,0.12851,0.997182,0.892841,0,0,0.0878732
240,1.28906,2.54688,-0.949219,2.17188,1.97576,0.975909,2.55823,1.26228,8.13792,0.373394,2.38848,3.01494,0.644093,0.00321112,0,0,0,0,0,-0.273874,-0.700635,0.999622,0.0969315,0.99882,0.914929,0,0,0.0738458
241,0.558594,-0.511719,-0.302734,0.0135498,-0.916084,0.179811,0.0538055,0.159309,0.0282745,0.209858,0.260405,0.041485,2.60073,0.00703268,0,0,0,0,0,0.00171536,9.22957e-05,0.0574265,0.295724,0.95916,0.872906,0.0078125,0,0.173739
242,1.42188,-0.416016,0.34375,0.00254822,-0.292582,0.384921,0.385153,0.686158,0.619155,0.179688,0.392556,0.269355,6.80964,0.0152532,0,0,0,0,0,0.00828252,0.00319004,0.183936,0.262094,0.969171,0.879808,0,0,0.0882453
243,2.07812,0.613281,0.0466309,0.00366211,0.295113,0.616046,1.17429,1.41389,3.37805,0.159483,0.593654,0.839363,0.770562,0.00345813,0,0,0,0,0,-0.0243951,-0.0286469,0.358241,0.265013,0.965824,0.910619,0,0,0.0565163
244,1.29688,6.65625,-2.25,9.5,5.13253,1,6.65625,1.29687,45.9875,0.770253,5.26187,6.82398,0.729996,0.0033789,0,0,0,1,0,-0.603156,-4.01476,0.999301,0.0585216,0.999412,0.951989,-0.015625,0,0.0745971
245,0.957031,-0.333984,0.193359,0.00253296,-0.34898,0.363552,0.239676,0.44286,0.253569,0.164211,0.265525,0.11759,3.84195,0.00945692,0,0,0,0,0,-0.00389532,-0.000933612,0.127892,0.292738,0.960108,0.873484,0,0,0.1233
246,3.25,0.40625,-0.158203,0.0050354,0.125,0.549738,1.50638,2.03801,6.42267,0.209822,1.12333,2.28935,2.22945,0.00630752,0,0,0,0,0,-0.0374274,-0.05638,0.290463,0.236645,0.976784,0.876248,0,0,0.050284
247,1.39844,-0.796875,-0.824219,0.0402832,-0.569832,0.284396,0.245866,0.546565,0.359184,0.547055,0.588812,0.321824,4.10658,0.00997379,0,0,0,0,0,-0.000161736,-3.97653e-05,0.00239461,0.201533,0.984613,0.884225,0.0234375,0,0.246751
248,1.24219,1.82031,-0.878906,1.52344,1.46541,0.928595,1.86035,1.16501,4.81816,0.311559,1.83651,2.13955,0.712082,0.00334391,0,0,0,0,0,-0.210591,-0.391773,0.999662,0.114556,0.99828,0.899862,0,0.015625,0.0877091
249,1.36719,1.33594,-0.941406,1.41406,0.977143,0.835751,1.45549,1.17774,3.50553,0.304046,1.58326,1.86467,0.791667,0.00349935,0,0,0,0,0,-0.181564,-0.264264,0.999728,0.0951464,0.998578,0.919764,0,0,0.0848841
250,1.55469,1.76562,0.128906,0.0371094,1.13568,0.871954,1.86574,1.38556,5.40077,0.293322,0.934752,1.29515,0.669163,0.00326008,0,0,0,0,0,-0.100021,-0.186613,0.932824,0.302742,0.954952,0.895062,0,0,0.0892928
251,1.23438,1.04688,-0.8125,0.824219,0.848101,0.801809,1.18122,1.03208,2.46047,0.25185,1.27682,1.31778,0.894957,0.00370109,0,0,0,0,0,-0.146112,-0.17259,0.997612,0.124671,0.997823,0.892022,0,0,0.0807959
252,2.65625,3.1875,-0.0463867,0.00588989,1.2,0.88493,3.33372,2.40125,16.8797,0.0749832,0.893859,2.14638,0.604422,0.00313364,0,0,0,0,0,-0.0989412,-0.329842,0.964973,0.23777,0.976038,0.880199,0,0,0.0104022
253,1.1875,1.53125,-0.267578,0.210938,1.28947,0.901383,1.58611,1.08838,3.70032,0.537824,1.17397,1.27773,0.582604,0.00309102,0,0,0,0,0,-0.131601,-0.208734,0.977258,0.21062,0.982235,0.886601,0,0.0078125,0.0898638
254,2.51562,2.8125,-0.0649414,0.00427246,1.11801,0.868219,2.98096,2.23329,13.8737,0.0652613,0.810761,1.81067,0.993534,0.00389362,0,0,0,0,0,-0.0897281,-0.267476,0.964812,0.255199,0.970421,0.8877,0,0,0.0100366
255,2.21875,1.16406,-0.220703,0.00466919,0.524648,0.700086,1.57846,1.67379,5.29309,0.255684,1.17129,1.96049,3.22989,0.0082615,0,0,0,0,0,-0.0673899,-0.106372,0.501578,0.261359,0.969296,0.880733,0,0,0.0587629
256,1.17188,-0.318359,0.0419922,0.00363159,-0.271667,0.392939,0.326317,0.57434,0.436349,0.18163,0.27204,0.156244,0.696819,0.0033141,0,0,0,0,0,0.00372274,0.00121479,0.119299,0.236264,0.977558,0.870597,0,0,0.128055
257,2.17188,1.32031,-0.0981445,0.0324707,0.607914,0.728378,1.68225,1.68091,5.65542,0.339591,0.717229,1.20559,0.544653,0.0030169,0,0,0,0,0,-0.051394,-0.0864578,0.624686,0.287627,0.958124,0.931091,0,0,0.492663
258,2.375,0.210938,-0.11377,0.00811768,0.0888158,0.535386,1.05785,1.45784,3.24435,0.355109,0.992297,1.44661,1.26273,0.00441939,0,0,0,0,0,-0.0444946,-0.0470686,0.390906,0.158879,0.992798,0.888439,0,0,0.0679779
259,3.03125,0.523438,-0.206055,0.00854492,0.17268,0.568549,1.47726,1.95486,6.00375,0.303894,1.33076,2.60145,2.22909,0.00630682,0,0,0,0,0,-0.0568222,-0.083941,0.372241,0.208813,0.984017,0.874962,0,0,0.0644288
260,0.773438,-0.186523,0.289062,0.00370789,-0.241162,0.404715,0.22392,0.387683,0.200438,0.179955,0.267653,0.103764,4.7471,0.0112248,0,0,0,0,0,-0.0147087,-0.00329359,0.479083,0.254567,0.971394,0.879687,0,0,0.122081
261,1.29688,1.40625,0.585938,0.0427246,1.08434,0.860892,1.49945,1.14292,3.55461,0.267513,0.645533,0.737794,2.83473,0.00748971,0,0,0,0,0,-0.0620201,-0.0929958,0.837569,0.200178,0.985665,0.877934,0,0,0.0630413
262,2.48438,2.82812,-0.0698242,0.00439453,1.13836,0.872516,2.98714,2.21541,13.8311,0.0656158,0.808957,1.79217,1.05329,0.00401034,0,0,0,0,0,-0.0895482,-0.267493,0.965024,0.270896,0.965637,0.889215,0,0,0.00993415
263,1.24219,2.67188,-0.816406,2.15625,2.15094,0.98426,2.67909,1.22425,8.6763,0.372039,2.44588,2.99436,0.555977,0.00303902,0,0,0,0,0,-0.280428,-0.751291,0.999523,0.0970178,0.99859,0.917387,0,0,0.0764873
264,2.29688,2.6875,-0.115723,0.00878906,1.17007,0.879013,2.82393,2.0626,12.2289,0.170553,1.2351,2.54751,1.23438,0.00436401,0,0,0,0,0,-0.127972,-0.361384,0.903274,0.25724,0.969819,0.887837,0,0,0.0342427
265,1.20312,-0.0463867,0.0505371,0.00610352,-0.0385552,0.484623,0.459263,0.684945,0.680072,0.266838,0.360919,0.24721,0.646875,0.00321655,0,0,0,0,0,-0.00995315,-0.00457111,0.240412,0.18384,0.988802,0.881444,0,0.000244141,0.108265
266,2.95312,3.39062,0.0664062,0.0179443,1.14815,0.874546,3.57545,2.63909,19.7486,0.220278,0.954797,2.5198,0.49573,0.00292135,0,0,0,0,0,-0.104428,-0.373377,0.953482,0.303979,0.954326,0.898283,0,0,0.0757963
267,0.789062,-0.558594,0.147461,0.00314331,-0.707921,0.239497,0.112503,0.272623,0.0869802,0.186736,0.213824,0.0582934,2.63017,0.00709017,0,0,0,0,0,-0.00260116,-0.000292639,0.106052,0.184269,0.988412,0.883948,0,0,0.15326
268,0.933594,-0.243164,-0.0568848,0.00439453,-0.26046,0.397254,0.263758,0.461359,0.282421,0.232892,0.288224,0.132975,0.858104,0.00362911,0,0,0,0,0,-0.00886615,-0.00233851,0.268171,0.207445,0.984744,0.871813,0,0,0.143476
269,1.32031,1.85938,-0.351562,0.151367,1.40828,0.920477,1.90792,1.22885,5.15024,0.331825,0.95108,1.16874,0.903622,0.00371801,0,0,0,0,0,-0.104193,-0.198793,0.955058,0.154686,0.993729,0.886838,0,0,0.0561455
270,1.16406,-0.347656,0.227539,0.00650024,-0.298658,0.382601,0.312754,0.559218,0.41054,0.273704,0.33835,0.189212,2.82222,0.00746528,0,0,0,0,0,-0.00892261,-0.00279058,0.229896,0.218446,0.981881,0.873211,0,0,0.118646
271,1.07031,0.0893555,-0.390625,0.0180664,0.0834854,0.533267,0.473876,0.654921,0.653479,0.235786,0.25237,0.165282,2.90619,0.00762928,0,0,0,0,0,-0.0086801,-0.00411329,0.299843,0.57864,0.819239,0.896548,0,-0.00195312,0.542275
272,2.1875,2.875,-0.382812,0.00601196,1.31429,0.905625,2.97175,2.01124,12.8764,0.178087,1.2804,2.57518,4.93717,0.011596,0,0,0,0,0,-0.133337,-0.396244,0.907845,0.249156,0.973099,0.878226,0,0,0.031753
273,1.16406,9.0625,-4.09375,33.75,7.78523,1,9.0625,1.16406,83.4839,1.43307,6.74756,7.85458,0.704668,0.00332943,0,0,0,1,0,-0.773746,-7.01207,0.999674,0.0286807,0.999874,0.976003,-0.03125,0,0.0755799
274,2.82812,1.39062,0.589844,0.0147095,0.491713,0.688539,1.95259,2.10189,8.23056,0.27622,0.951855,2.0007,4.86338,0.0114519,0,0,0,0,0,-0.0488327,-0.0953502,0.447246,0.203083,0.985317,0.87535,0,0,0.0493625
275,1.07812,0.291016,-0.117676,0.108398,0.269928,0.606392,0.591907,0.725422,0.87659,0.21048,0.63603,0.46139,0.357417,0.00265121,0,0,0,0,0,-0.0682457,-0.0403951,0.935416,0.17413,0.990883,0.880567,0,0,0.0856614
276,1.125,-0.363281,-0.363281,0.00567627,-0.322917,0.373379,0.292368,0.530794,0.367221,0.235885,0.375684,0.199411,4.82183,0.0113708,0,0,0,0,0,0.00192135,0.000561742,0.0445853,0.233065,0.977283,0.880324,0,0,0.18272
277,1.44531,0.746094,0.371094,0.00695801,0.516216,0.697148,1.02045,1.08616,2.22107,0.173929,0.343281,0.372859,4.44878,0.0106422,0,0,0,0,0,-0.0283077,-0.0288866,0.718887,0.239295,0.975812,0.878493,0,0,0.103039
278,1.23438,1.51562,-0.0422363,0.10498,1.22785,0.890248,1.57869,1.1227,3.75271,0.283561,0.864758,0.970862,0.130356,0.00220773,0,0,0,0,0,-0.0946591,-0.149437,0.954278,0.231278,0.976818,0.889283,0,0,0.0663424
279,1.61719,-0.628906,-0.251953,0.041748,-0.388889,0.348679,0.381611,0.726394,0.673275,0.514712,0.547241,0.397513,1.23311,0.00436154,0,0,0,0,0,-0.00171842,-0.000655768,0.0273752,0.178616,0.990085,0.879758,0.015625,0,0.190544
280,1.125,0.859375,-0.0247803,0.045166,0.763889,0.777533,1.00462,0.915054,1.84659,0.229372,0.382303,0.349828,0.1166,0.00218086,0,0,0,0,0,-0.0388335,-0.0390129,0.885536,0.259757,0.969434,0.884131,0,0,0.106859
281,1.19531,0.597656,0.174805,0.0123901,0.5,0.691462,0.831581,0.89171,1.48668,0.217078,0.466719,0.416179,1.57042,0.00502035,0,0,0,0,0,-0.045807,-0.0380923,0.855624,0.239653,0.975278,0.882543,0,0,0.0965081
282,1.40625,2.46875,-0.824219,2.3125,1.75556,0.960418,2.49179,1.35658,8.04934,0.384454,2.3888,3.2406,0.542003,0.00301172,0,0,0,0,0,-0.273926,-0.682566,0.999677,0.104297,0.998654,0.908164,0,0,0.0765763
283,1.40625,2,-0.259766,0.139648,1.42222,0.922519,2.05015,1.31126,5.92252,0.278254,0.894238,1.17258,0.695126,0.00331079,0,0,0,0,0,-0.0990054,-0.202976,0.96519,0.216594,0.980942,0.88523,0,0,0.058131
284,1.42188,1.28125,-0.742188,1.4375,0.901099,0.816232,1.42131,1.20587,3.47423,0.305234,1.57404,1.89809,0.619027,0.00316216,0,0,0,0,0,-0.180497,-0.256542,0.999678,0.0901787,0.998536,0.926381,0,0,0.0847254
285,2.04688,2.26562,-0.0795898,0.0129395,1.10687,0.865825,2.40601,1.81274,9.07492,0.332853,1.20022,2.17568,0.69968,0.00331969,0,0,0,0,0,-0.107232,-0.258001,0.778877,0.293886,0.958124,0.892007,0,0,0.19383
286,2.57812,2.01562,0.105957,0.041748,0.781818,0.782839,2.33735,2.10927,9.91225,0.248615,0.683858,1.44244,0.518575,0.00296597,0,0,0,0,0,-0.0719765,-0.168235,0.917554,0.354052,0.93543,0.915871,0,0,0.180603
287,3.125,3.98438,-0.0371094,0.00848389,1.275,0.898845,4.13234,2.85895,25.2498,0.0920391,1.09019,3.11679,0.40289,0.00274002,0,0,0,0,0,-0.120882,-0.499524,0.966644,0.216676,0.98156,0.879538,0,0,0.0113073
288,0.839844,-0.5,0.0495605,0.0198975,-0.595349,0.275805,0.142499,0.320972,0.123329,0.360599,0.371884,0.119364,0.351348,0.00263935,0,0,0,0,0,0.00318028,0.000453187,0.0745528,0.331281,0.945722,0.881398,0.0273438,0,0.46637
289,1.10938,-0.605469,0.507812,0.00445557,-0.545775,0.29261,0.201469,0.442757,0.236624,0.229396,0.293247,0.129837,7.60767,0.0168119,0,0,0,0,0,-0.00352675,-0.00071053,0.104845,0.226397,0.979635,0.875041,0,0,0.12075
290,1.32812,0.75,0.398438,0.0322266,0.564706,0.713863,0.985143,1.01427,1.99925,0.211243,0.294873,0.299081,2.21949,0.00628807,0,0,0,0,0,-0.0270083,-0.026607,0.798488,0.222523,0.979291,0.886945,0,0,0.0856958
291,3.53125,0.929688,-0.412109,0.0113525,0.263274,0.60383,1.92373,2.36909,9.31332,0.298652,1.1973,2.83652,3.86782,0.00950746,0,0,0,0,0,-0.0460707,-0.0886275,0.335449,0.242006,0.974587,0.883011,0,0,0.0611385
292,1.17188,-0.294922,0.0507812,0.0116577,-0.251667,0.400649,0.334811,0.582877,0.451845,0.276714,0.292194,0.170313,0.470323,0.00287173,0,0,0,0,0,-0.00949671,-0.00317961,0.28334,0.1854,0.988653,0.87999,0,0,0.175033
293,3.1875,3.54688,-0.308594,0.020874,1.11275,0.867091,3.76277,2.82651,22.1476,0.145052,1.0229,2.89122,2.13592,0.00612483,0,0,0,0,0,-0.109019,-0.410215,0.929135,0.263075,0.968955,0.879055,0,0,0.0269314
294,1.39844,1.88281,-1.03125,1.82812,1.34637,0.910908,1.9411,1.29106,5.43472,0.340986,1.93927,2.50372,0.762713,0.0034428,0,0,0,0,0,-0.222399,-0.4317,0.999775,0.097649,0.998468,0.918008,0,0.015625,0.0946263
295,1.34375,1.10938,0.523438,0.111328,0.825581,0.795479,1.26291,1.11524,2.83869,0.254061,0.440525,0.491289,1.56878,0.00501715,0,0,0,0,0,-0.048429,-0.0611614,0.958389,0.273156,0.96604,0.877455,0,0,0.0685284
296,1.03125,0.244141,-0.116699,0.00415039,0.236742,0.593572,0.544353,0.683884,0.764018,0.19406,0.283879,0.19414,1.81144,0.00549109,0,0,0,0,0,-0.0140884,-0.00766905,0.432649,0.249943,0.972753,0.879375,0,0,0.141879
297,1.57031,1.55469,0.164062,0.00153351,0.99005,0.838925,1.68906,1.35637,4.69266,0.111689,0.813914,1.10397,4.18954,0.0101358,0,0,0,0,0,-0.0853999,-0.144246,0.914715,0.360053,0.933735,0.895009,0,0,0.0486077
298,0.964844,0.283203,-0.121094,0.248047,0.293522,0.615439,0.544228,0.655989,0.726506,0.165387,0.691891,0.453873,0.243139,0.00242801,0,0,0,0,0,-0.0786165,-0.0427853,0.990564,0.148616,0.994857,0.886107,0,0,0.085486
299,1.47656,1.54688,-0.166992,0.347656,1.04762,0.852593,1.66087,1.29104,4.42526,0.508417,1.61508,2.08513,0.283218,0.00250629,0,0,0,0,0,-0.178807,-0.296975,0.965156,0.145424,0.995551,0.884778,0,0,0.0821989
300,2.625,3.34375,0.22168,0.00775146,1.27381,0.898635,3.46829,2.40116,17.7946,0.353562,1.73309,4.16143,2.51787,0.00687085,0,0,0,0,0,-0.160656,-0.557202,0.808134,0.162616,0.990536,0.903328,0,0,0.045288
301,1.89062,1.96094,-0.157227,0.00619507,1.03719,0.850176,2.10976,1.6494,7.17161,0.162799,0.88068,1.45259,1.99757,0.00585464,0,0,0,0,0,-0.0936641,-0.197609,0.927175,0.205513,0.983829,0.883059,0,0,0.0380271
302,1.29688,-0.361328,0.470703,0.00817871,-0.278614,0.39027,0.357858,0.632346,0.527924,0.275182,0.386075,0.244133,5.20481,0.0121188,0,0,0,0,0,-0.002635,-0.000942955,0.0594997,0.200474,0.985394,0.879609,0,0,0.112271
303,1.51562,1.33594,-0.172852,0.0148315,0.881443,0.810961,1.48956,1.2803,3.85796,0.219492,0.552695,0.707616,1.41932,0.00472523,0,0,0,0,0,-0.0619792,-0.0923217,0.977614,0.306797,0.95405,0.888199,0,0,0.0308344
304,3.0625,1.03125,0.059082,0.00543213,0.336735,0.631842,1.8118,2.12254,7.7878,0.276754,1.36996,2.90779,0.801623,0.0035188,0,0,0,0,0,-0.0676854,-0.122633,0.430719,0.155943,0.994644,0.877877,0,0,0.0620568
305,2.15625,2.48438,-0.0463867,0.0109253,1.15217,0.875375,2.61806,1.92867,10.574,0.180307,1.10875,2.13842,0.44379,0.0028199,0,0,0,0,0,-0.116996,-0.306304,0.919907,0.229161,0.976048,0.904038,0,0,0.0408695
306,1.46875,0.945312,0.078125,0.195312,0.643617,0.740088,1.17746,1.14951,2.70777,0.381009,1.17454,1.35014,0.176777,0.00229839,0,0,0,0,0,-0.127197,-0.149769,0.9441,0.18365,0.988829,0.881539,0,0.00390625,0.0864553
307,1.21094,0.589844,-0.357422,0.574219,0.487097,0.686905,0.83249,0.898101,1.49963,0.214901,1.02288,0.918649,0.471675,0.00287436,0,0,0,0,0,-0.11686,-0.0972846,0.995974,0.137553,0.996821,0.884695,0,0,0.092637
308,1.30469,1.21094,-0.371094,0.113281,0.928144,0.823333,1.33432,1.11258,3.01825,0.217277,0.473203,0.526476,1.10257,0.00410657,0,0,0,0,0,-0.0505425,-0.06744,0.931144,0.302078,0.956182,0.88179,0,0,0.0748472
309,1.17188,0.558594,-0.275391,0.233398,0.476667,0.6832,0.797842,0.865034,1.38484,0.257083,0.861421,0.745159,0.570033,0.00306647,0,0,0,0,0,-0.0965592,-0.077039,0.977203,0.16421,0.992162,0.885619,0,0,0.0928216
310,1.82812,1.5625,-0.123535,0.0157471,0.854701,0.803642,1.75857,1.53185,5.43911,0.24788,0.802291,1.22899,0.984443,0.00387587,0,0,0,0,0,-0.083674,-0.147146,0.909212,0.197939,0.984404,0.893678,0,0,0.0593525
311,4.15625,1.86719,1.35156,0.0206299,0.449248,0.673374,2.75702,3.03015,16.783,0.404028,1.29703,3.9302,9.40996,0.020332,0,0,0,0,0,-0.0450325,-0.124156,0.302679,0.189829,0.987517,0.88157,0,0,0.056664
312,1.30469,3.59375,-1.95312,3.45312,2.75449,0.997061,3.59493,1.30111,14.6164,0.526133,2.97947,3.87661,1.05105,0.00400596,0,0,0,0,0,-0.341231,-1.2267,0.998428,0.0833257,0.999022,0.928398,0,0,0.0751259
313,0.714844,-0.373047,-0.486328,0.0273438,-0.521858,0.300885,0.134233,0.2911,0.102758,0.262972,0.285981,0.0832493,2.94104,0.00769734,0,0,0,0,0,-0.0075472,-0.00101309,0.230067,0.352508,0.937405,0.882726,0.0078125,0.00976562,0.279306
314,1.33594,2.59375,-0.945312,2.26562,1.94152,0.973902,2.60631,1.30661,8.50006,0.382911,2.42271,3.16554,0.628031,0.00317975,0,0,0,0,0,-0.277755,-0.723914,0.999462,0.0959941,0.998722,0.917113,0,0,0.0760355
315,1.17969,1.28906,0.330078,0.0349121,1.09272,0.862741,1.3724,1.04154,2.96828,0.224498,0.70177,0.730919,1.76656,0.00540344,0,0,0,0,0,-0.0739264,-0.101457,0.918357,0.203345,0.984665,0.880195,0,0,0.0602677
316,2.60938,3.10938,-0.138672,0.00854492,1.19162,0.883294,3.25619,2.35447,16.1463,0.192265,1.41294,3.32671,1.50015,0.0048831,0,0,0,0,0,-0.149491,-0.486773,0.92236,0.193235,0.985793,0.890252,0,0,0.0356434
317,1.22656,0.472656,0.404297,0.113281,0.38535,0.650011,0.763664,0.868824,1.33804,0.28966,0.348483,0.30277,1.20122,0.00429925,0,0,0,0,0,-0.0259163,-0.0197913,0.648332,0.405447,0.914974,0.875412,0,-0.0078125,0.102651
318,1.1875,0.466797,0.441406,0.00650024,0.393092,0.652874,0.745205,0.844089,1.26782,0.171898,0.275097,0.232207,5.47487,0.0126462,0,0,0,0,0,-0.0197035,-0.0146831,0.6244,0.256585,0.971764,0.870964,0,0,0.131081
319,1.40625,1.32031,-0.644531,1.4375,0.938889,0.826106,1.4511,1.20183,3.55011,0.306369,1.59114,1.91228,0.537576,0.00300308,0,0,0,0,0,-0.182463,-0.264773,0.999708,0.0943178,0.998375,0.923224,0,0,0.0864914
320,1.35156,-0.302734,-0.484375,0.0213623,-0.223988,0.411383,0.399707,0.686051,0.630432,0.441647,0.52453,0.359854,3.31404,0.00842586,0,0,0,0,0,-0.00426434,-0.00170449,0.0708743,0.209636,0.984069,0.872986,0.015625,0,0.150304
321,1.38281,-0.445312,-0.160156,0.0187988,-0.322034,0.373714,0.359811,0.652863,0.555694,0.414884,0.528108,0.344782,1.1681,0.00423456,0,0,0,0,0,-0.000229108,-8.24355e-05,0.00378202,0.189486,0.987971,0.878469,0.0234375,0,0.131734
322,1.38281,3.03125,-1.42188,3.34375,2.19209,0.985814,3.03831,1.36499,11.0945,0.460169,2.74305,3.74424,0.777579,0.00347183,0,0,0,0,0,-0.31453,-0.955639,0.999621,0.0863546,0.999097,0.923923,0,0,0.077418
323,1.01562,-0.652344,-0.0771484,0.0035553,-0.642308,0.260337,0.160845,0.372286,0.164468,0.212171,0.32252,0.12007,1.29387,0.00448021,0,0,0,0,0,-0.00249855,-0.00040188,0.0675364,0.207655,0.983906,0.878117,0,0,0.130825
324,1.35156,2.78125,-1.42969,2.53125,2.0578,0.980195,2.79126,1.32741,9.55314,0.402633,2.57283,3.41521,0.898615,0.00370823,0,0,0,0,0,-0.294999,-0.823418,0.999576,0.0946227,0.998871,0.917036,0,0,0.0787631
325,1.09375,-0.345703,0.109863,0.00592041,-0.316071,0.375974,0.28696,0.518685,0.35138,0.273517,0.346641,0.179797,1.42783,0.00474186,0,0,0,0,0,-0.00750038,-0.00215231,0.18863,0.158228,0.994295,0.877423,0,0,0.0861417
326,1.42969,-0.209961,0.183594,0.00494385,-0.146858,0.441622,0.468328,0.764179,0.8033,0.229565,0.785024,0.599899,2.61111,0.00705295,0,0,0,0,0,-0.0403466,-0.0188954,0.448054,0.201199,0.986289,0.871192,0,0,0.0764026
327,1.46094,3.39062,-1.47656,4.15625,2.32086,0.989853,3.39544,1.44811,13.6261,0.51156,3.0369,4.39775,0.724271,0.00336772,0,0,0,0,0,-0.348273,-1.18254,0.999762,0.0739721,0.999075,0.93889,0,0,0.0759558
328,1.08594,-0.478516,0.0874023,0.0109253,-0.440647,0.329734,0.23588,0.469346,0.275925,0.372089,0.526294,0.247014,0.836193,0.00358631,0,0,0,0,0,-0.00272612,-0.000643036,0.0451568,0.247859,0.973687,0.876216,0.015625,0,0.0791297
329,1.15625,0.384766,0.376953,0.0341797,0.33277,0.630346,0.681126,0.799951,1.10385,0.154574,0.261159,0.208914,2.03893,0.00593542,0,0,0,0,0,-0.02314,-0.0157612,0.77244,0.233358,0.977934,0.87396,0,0,0.101312
330,1.75781,2.125,-0.960938,0.020752,1.20889,0.886647,2.21949,1.59222,7.46132,0.232298,0.859912,1.36917,6.67061,0.0149817,0,0,0,0,0,-0.0926435,-0.205622,0.939222,0.20226,0.983649,0.891587,0,0,0.0291423
331,4.28125,1.125,0.261719,0.0187988,0.262774,0.603638,2.33094,2.87163,13.6795,0.379113,1.41796,4.07184,1.90884,0.00568133,0,0,0,0,0,-0.0597307,-0.139229,0.367233,0.194622,0.987084,0.876573,0,0,0.0601611
332,1.20312,5.6875,-1.85938,6.78125,4.72727,0.999999,5.6875,1.20312,33.7952,0.653687,4.58273,5.5136,0.714023,0.0033477,0,0,0,1,0,-0.525339,-2.98787,0.99936,0.0733004,0.999471,0.933776,-0.0078125,0,0.0672003
333,1.32812,1.375,-0.890625,1.42969,1.03529,0.849734,1.47991,1.1582,3.53157,0.302086,1.58913,1.84054,0.744859,0.00340793,0,0,0,0,0,-0.182245,-0.269706,0.999772,0.090871,0.998541,0.925449,0,0,0.0834933
334,2.25,1.92188,-0.233398,0.0198975,0.854167,0.803494,2.16348,1.88502,8.23393,0.246389,0.700075,1.31966,1.65462,0.00518481,0,0,0,0,0,-0.0626863,-0.13562,0.780612,0.491548,0.873624,0.943188,0,0,0.406327
335,2.25,2.34375,0.121094,0.00364685,1.04167,0.851217,2.5194,1.9648,10.2078,0.212808,1.01417,1.99264,2.00522,0.00586958,0,0,0,0,0,-0.0825384,-0.207947,0.709499,0.211142,0.981256,0.894975,0,0,0.0357496
336,1.46875,1.35156,-0.722656,0.566406,0.920213,0.821269,1.49216,1.25046,3.79018,0.489533,1.46792,1.83558,0.960213,0.00382854,0,0,0,0,0,-0.166093,-0.247836,0.986401,0.148555,0.99495,0.885431,0,0,0.0806528
337,1.1875,0.679688,0.193359,0.0288086,0.572368,0.716464,0.887743,0.909011,1.61439,0.203055,0.410602,0.373241,1.13921,0.00417815,0,0,0,0,0,-0.0404858,-0.035941,0.859584,0.240402,0.975667,0.877085,0,0,0.0999381
338,3.3125,0.941406,-0.363281,0.00531006,0.284198,0.611871,1.84875,2.24288,8.4484,0.208713,1.12545,2.52426,4.98532,0.0116901,0,0,0,0,0,-0.046006,-0.0850535,0.356363,0.237919,0.976374,0.876815,0,0,0.0527772
339,1.26562,0.24707,0.0303955,0.012207,0.195216,0.577388,0.634561,0.824399,1.0823,0.15122,0.242185,0.199657,0.275109,0.00249045,0,0,0,0,0,-0.0202725,-0.0128641,0.729738,0.260423,0.97058,0.871351,0,0,0.125716
340,2.15625,1.55469,0.304688,0.00527954,0.721014,0.76455,1.85533,1.7297,6.43411,0.26866,1.02767,1.77756,4.19331,0.0101432,0,0,0,0,0,-0.0889985,-0.165121,0.754984,0.18222,0.988465,0.887137,0,0,0.06116
341,1.32031,1.28125,-0.832031,1.33594,0.970414,0.83408,1.398,1.13576,3.24436,0.293959,1.54109,1.75032,0.719858,0.0033591,0,0,0,0,0,-0.176732,-0.247071,0.999754,0.0941758,0.998469,0.922254,0,0,0.0826125
342,2.42188,0.585938,0.0317383,0.0122681,0.241935,0.595585,1.28642,1.60973,4.24611,0.355421,1.23333,1.98533,0.286547,0.00251279,0,0,0,0,0,-0.0587695,-0.0756025,0.415412,0.180931,0.990736,0.871177,0,0,0.0634512
343,2.03125,1.96094,-0.104004,0.0134277,0.965385,0.832824,2.14204,1.74551,7.6351,0.182763,0.624562,1.09018,0.897529,0.00370611,0,0,0,0,0,-0.0663273,-0.142076,0.925815,0.212303,0.981107,0.893675,0,0,0.0371933
344,2.51562,1.32031,-0.160156,0.00759888,0.524845,0.700154,1.78997,1.89792,6.80609,0.260879,1.10986,2.10641,1.83725,0.00554151,0,0,0,0,0,-0.0758778,-0.135819,0.596012,0.172652,0.991091,0.881224,0,0,0.0674486
345,1.75,0.664062,-0.828125,0.0256348,0.379464,0.647828,1.08299,1.23632,2.70136,0.432285,0.490833,0.606827,5.17227,0.0120552,0,0,0,0,0,-0.010324,-0.0111808,0.183366,0.212685,0.98205,0.883777,0.0078125,0,0.154243
346,1.35156,-0.0893555,0.203125,0.00653076,-0.0661127,0.473644,0.497302,0.75709,0.820495,0.275313,0.717202,0.542986,2.51351,0.00686233,0,0,0,0,0,-0.0332455,-0.016533,0.404109,0.160506,0.994161,0.875338,0,0.000976562,0.0778371
347,1.23438,5,-1.78906,6.03125,4.05063,0.999974,5.00001,1.23435,26.5237,0.614678,4.02943,4.97372,0.728487,0.00337595,0,0,0,1,0,-0.461888,-2.30944,0.99931,0.0593893,0.99908,0.957991,-0.0078125,0,0.0842052
348,0.894531,2.09375,0.171875,0.414062,2.34061,0.990374,2.09658,0.886956,5.18235,0.284819,1.29683,1.15023,0.267104,0.00247481,0,0,0,0,0,-0.148399,-0.311131,0.997595,0.125415,0.997656,0.892552,0,0,0.0581186
349,1.46094,2,0.198242,0.0583496,1.36898,0.914498,2.05827,1.35273,6.06637,0.248511,0.908094,1.22841,0.820686,0.00355603,0,0,0,0,0,-0.0945394,-0.194588,0.907589,0.172678,0.990508,0.885988,0,0,0.0401384
350,1.28906,4.5625,-1.72656,5.5625,3.53939,0.999799,4.56257,1.2888,22.478,0.592093,3.76398,4.85103,0.732061,0.00338293,0,0,0,1,0,-0.431538,-1.96892,0.999489,0.0654515,0.999068,0.949857,-0.0078125,0,0.0823563
351,2.07812,1.97656,-0.382812,0.00909424,0.951128,0.82923,2.16615,1.78052,7.86245,0.146042,0.603454,1.07446,4.01424,0.00979343,0,0,0,0,0,-0.0656162,-0.142134,0.947924,0.393365,0.920201,0.881405,0,0,0.0785827
352,1.375,-0.507812,0.435547,0.0473633,-0.369318,0.355945,0.334215,0.626692,0.504442,0.52778,0.540158,0.338513,2.00131,0.00586193,0,0,0,0,0,0.00446857,0.00149346,0.0721197,0.181317,0.989446,0.880456,0.015625,0,0.179556
353,1.09375,0.224609,-0.738281,0.353516,0.205357,0.581353,0.555457,0.715551,0.820546,0.176929,0.724502,0.518418,1.2417,0.00437833,0,0,0,0,0,-0.0825709,-0.0458646,0.99356,0.127594,0.99697,0.89583,0,0.00585938,0.087459
354,1.54688,-0.371094,0.357422,0.00224304,-0.239899,0.405204,0.448548,0.776085,0.803504,0.177962,0.426154,0.330732,7.54679,0.016693,0,0,0,0,0,0.0170396,0.00764306,0.348577,0.338005,0.943607,0.875481,0,0,0.0970563
355,1.5,1.65625,-0.804688,0.498047,1.10417,0.86524,1.75972,1.32764,4.85923,0.486197,1.69198,2.24634,1.14023,0.00418014,0,0,0,0,0,-0.191573,-0.337115,0.987067,0.145455,0.995439,0.885639,0,0,0.0855434
356,1.15625,-0.271484,-0.265625,0.0251465,-0.234797,0.407183,0.337416,0.582281,0.452901,0.415048,0.477536,0.27806,1.67506,0.00522473,0,0,0,0,0,0.0038147,0.00128714,0.0696403,0.257647,0.970204,0.882579,0.015625,-0.00390625,0.208362
357,2.1875,2.10938,0.0839844,0.00302124,0.964286,0.832549,2.30475,1.87935,8.84383,0.204954,0.961251,1.80652,1.52794,0.00493738,0,0,0,0,0,-0.0768687,-0.177163,0.697139,0.206293,0.9823,0.895874,0,0,0.0411071
358,1.375,0.90625,0.0615234,0.00543213,0.659091,0.745081,1.11846,1.08141,2.42038,0.195779,0.580138,0.627365,0.834748,0.00358349,0,0,0,0,0,-0.0576586,-0.0644886,0.866442,0.276327,0.96369,0.892589,0,0,0.0659319
359,1.39844,4.1875,-1.84375,5.03125,2.99441,0.998625,4.18799,1.39684,19.4904,0.562317,3.55072,4.95979,0.821985,0.00355857,0,0,0,0,0,-0.407124,-1.70503,0.999578,0.0730671,0.999209,0.937918,-0.0078125,0,0.0800346
360,1.05469,-0.171875,0.0561523,0.00439453,-0.162963,0.435274,0.336995,0.558574,0.42557,0.23484,0.260386,0.145445,0.847055,0.00360753,0,0,0,0,0,-0.0127602,-0.00430011,0.427215,0.197391,0.986204,0.878675,0,0,0.157051
361,1.40625,1.46094,0.300781,0.0388184,1.03889,0.850572,1.57129,1.22727,3.97513,0.224427,0.733666,0.900406,1.52662,0.00493481,0,0,0,0,0,-0.0763863,-0.120025,0.907662,0.238871,0.974705,0.890393,0,0,0.0619658
362,1.44531,0.757812,0.425781,0.0561523,0.524324,0.699974,1.02792,1.09016,2.24507,0.167855,0.297036,0.323817,1.79681,0.00546252,0,0,0,0,0,-0.0300601,-0.0308994,0.882243,0.345316,0.941187,0.869933,0,0,0.102032
363,2.5625,0.298828,-0.253906,0.00823975,0.116616,0.546418,1.17698,1.59897,3.94199,0.249071,0.782665,1.25146,2.79715,0.00741632,0,0,0,0,0,-0.0229013,-0.0269545,0.255089,0.207409,0.984495,0.87382,0,0,0.0651575
364,1.65625,2.51562,0.180664,0.10791,1.51887,0.935602,2.56198,1.56471,9.01208,0.386145,1.34556,2.10541,0.549972,0.00302729,0,0,0,0,0,-0.142602,-0.365344,0.923913,0.160875,0.992323,0.889438,0,0,0.0616716
365,1.19531,2.79688,-1.71094,0.339844,2.33987,0.990355,2.80067,1.18518,9.24837,0.767855,2.24735,2.6635,2.93491,0.00768537,0,0,0,0,0,-0.254909,-0.713913,0.988828,0.130618,0.996727,0.894131,0,0,0.0873316
366,1.8125,1.3125,0.507812,0.0101929,0.724138,0.765509,1.56385,1.45542,4.56386,0.296748,0.797857,1.16121,5.02985,0.0117771,0,0,0,0,0,-0.0702826,-0.109911,0.767944,0.238848,0.976484,0.873674,0,0,0.0703202
367,1.625,1.86719,-0.217773,0.0791016,1.14904,0.87473,1.96868,1.45248,5.9854,0.269729,0.906916,1.31728,0.774306,0.00346544,0,0,0,0,0,-0.0962765,-0.189538,0.925466,0.181189,0.988604,0.887771,0,0,0.0475392
368,1.15625,1.375,-0.9375,0.972656,1.18919,0.882817,1.44047,1.04273,3.16224,0.261019,1.45557,1.51777,0.950586,0.00380974,0,0,0,0,0,-0.166889,-0.240398,0.999549,0.123796,0.998354,0.888643,0,0,0.0786304
369,2.26562,1.6875,-0.108887,0.00364685,0.744828,0.771812,1.9904,1.83146,7.31596,0.223045,0.980134,1.79508,1.80308,0.00547477,0,0,0,0,0,-0.0632633,-0.125919,0.562695,0.192737,0.988176,0.871389,0,0,0.0603676
370,0.808594,-0.314453,-0.0554199,0.00311279,-0.388889,0.348679,0.190806,0.363197,0.168319,0.141104,0.15282,0.0555038,0.993324,0.00389321,0,0,0,0,0,-0.0108689,-0.00207385,0.620028,0.341006,0.942633,0.873054,0,0,0.135603
371,2.875,3.60938,-0.121094,0.0114136,1.25543,0.89534,3.74996,2.62382,20.9467,0.20601,1.64005,4.30318,1.13347,0.00416694,0,0,0,0,0,-0.169341,-0.635021,0.900144,0.263215,0.968161,0.886814,0,0,0.0413978
372,1.625,2.25,0.296875,0.176758,1.38462,0.916915,2.3128,1.50772,7.62227,0.318637,1.06232,1.60168,0.706129,0.00333228,0,0,0,0,0,-0.116082,-0.268475,0.952616,0.162651,0.991657,0.892468,0,0,0.0548101
373,1.17188,0.380859,-0.318359,0.144531,0.325,0.627409,0.684524,0.807958,1.12137,0.444412,0.829042,0.669831,0.837407,0.00358869,0,0,0,0,0,-0.0866426,-0.059309,0.911091,0.254696,0.971047,0.882715,0,0.0195312,0.134298
374,1.32812,2.39062,0.494141,0.65625,1.8,0.96407,2.41009,1.28549,7.46099,0.289253,1.27224,1.63544,0.60998,0.00314449,0,0,0,0,0,-0.144666,-0.348658,0.991303,0.124401,0.99775,0.892959,0,0,0.0493847
375,3.09375,3.89062,0.519531,0.0128174,1.25758,0.895727,4.04139,2.82421,24.309,0.273274,1.82824,5.16332,4.58894,0.0109159,0,0,0,0,0,-0.19389,-0.783584,0.924549,0.21181,0.981437,0.891534,0,0,0.0418141
376,2.32812,3.1875,-0.0737305,0.00872803,1.36913,0.91452,3.28034,2.15573,15.4078,0.167398,1.32888,2.86471,0.789203,0.00349454,0,0,0,0,0,-0.145911,-0.478636,0.957211,0.294787,0.957101,0.902861,0,0,0.0235376
377,1.3125,1.30469,-1.13281,1.27344,0.994048,0.8399,1.41624,1.13463,3.29312,0.290829,1.53258,1.73892,1.00385,0.00391377,0,0,0,0,0,-0.175756,-0.248911,0.999751,0.098996,0.998381,0.917353,0,0,0.0817828
378,1.07031,-0.375,-0.21875,0.0032959,-0.350365,0.363032,0.267508,0.494768,0.316356,0.196364,0.310379,0.153566,3.81032,0.00939515,0,0,0,0,0,0.00525826,0.00140663,0.147692,0.273116,0.966075,0.877229,0,0,0.242195
379,2.34375,1.97656,-0.34375,0.0183105,0.843333,0.800479,2.23434,1.95657,8.82043,0.2407,0.705776,1.3809,2.54034,0.00691473,0,0,0,0,0,-0.0651084,-0.145474,0.804224,0.420541,0.907336,0.917971,0,0,0.35853
380,1.33594,1.59375,-0.589844,1.52344,1.19298,0.883562,1.66865,1.2058,4.23835,0.311547,1.73544,2.09259,0.477886,0.0028865,0,0,0,0,0,-0.199039,-0.332127,0.999852,0.0974705,0.998335,0.919764,0,0,0.0871699
381,1.34375,1.79688,-0.527344,0.285156,1.33721,0.909423,1.85386,1.23911,4.9722,0.270111,0.852083,1.05582,0.987535,0.0038819,0,0,0,0,0,-0.0954076,-0.176873,0.97613,0.179824,0.98978,0.880227,0,0,0.0556712
382,1.1875,1.15625,-0.345703,0.0198975,0.973684,0.834893,1.26069,1.02221,2.63426,0.230775,0.522087,0.533683,2.45078,0.00673981,0,0,0,0,0,-0.0546987,-0.0689581,0.913359,0.319028,0.950865,0.873905,0,0,0.0838845
383,2.35938,1.71094,-0.341797,0.0090332,0.725166,0.765825,2.03754,1.89518,7.74327,0.199063,0.745163,1.41222,3.59623,0.00897701,0,0,0,0,0,-0.0648854,-0.132207,0.759106,0.286034,0.961703,0.87992,0,0,0.0505721
384,1.89844,1.86719,-0.871094,0.0192871,0.983539,0.837329,2.03143,1.63756,6.80832,0.278418,0.778039,1.27408,6.27237,0.0142038,0,0,0,0,0,-0.0826624,-0.167923,0.926218,0.279144,0.963604,0.883261,0,0,0.0623619
385,1.07031,0.416016,-0.219727,0.0576172,0.388686,0.651246,0.668658,0.759284,1.02362,0.286574,0.789098,0.59915,0.915391,0.003741,0,0,0,0,0,-0.0795063,-0.0531626,0.87837,0.214899,0.98113,0.887335,0,0.00390625,0.0879868
386,1.67188,1.86719,-0.0203857,0.00231934,1.11682,0.867965,1.97944,1.48385,6.11999,0.0962841,0.864424,1.28268,0.423297,0.00277988,0,0,0,0,0,-0.090138,-0.178423,0.909051,0.315054,0.949596,0.918102,0,0,0.0492462
387,1.16406,5.1875,-1.59375,6.46875,4.45638,0.999996,5.1875,1.16406,28.2652,0.63586,4.16387,4.84699,0.626628,0.00317701,0,0,0,1,0,-0.477282,-2.4759,0.999274,0.051195,0.99927,0.965193,-0.0078125,0,0.083044
388,2.5,1.89062,-0.241211,0.0299072,0.75625,0.77525,2.21799,2.02842,9.03396,0.276841,0.719564,1.45958,1.39479,0.00467732,0,0,0,0,0,-0.0662745,-0.146996,0.802942,0.323194,0.946367,0.938311,0,0,0.341425
389,2.4375,2.20312,-0.326172,0.00585938,0.903846,0.816962,2.44225,2.06835,10.2426,0.193468,1.08949,2.25344,4.26109,0.0102756,0,0,0,0,0,-0.106514,-0.260135,0.852302,0.218716,0.980473,0.884742,0,0,0.0463567
390,2.53125,1.10938,0.0137939,0.00921631,0.438272,0.669405,1.66138,1.83629,6.13214,0.258932,0.945756,1.73669,0.143685,0.00223376,0,0,0,0,0,-0.0551195,-0.0915741,0.508081,0.178908,0.989859,0.881102,0,0,0.0595651
391,2.03125,1.28125,-0.546875,0.0147095,0.630769,0.735904,1.60858,1.58334,5.09449,0.297193,0.570879,0.903894,4.5091,0.01076,0,0,0,0,0,-0.044342,-0.0713278,0.67714,0.272745,0.965002,0.890041,0,0,0.222069
392,1.17969,1.17188,-0.632812,1.09375,0.993377,0.839737,1.27225,1.01968,2.65836,0.263231,1.39248,1.41988,0.605084,0.00313493,0,0,0,0,0,-0.159707,-0.203187,0.99986,0.0938958,0.998558,0.921524,0,0,0.0796774
393,1.57812,1.92188,0.0629883,0.0800781,1.21782,0.888354,2.00466,1.43233,6.07021,0.265661,0.926384,1.32688,0.222589,0.00238787,0,0,0,0,0,-0.0972941,-0.195041,0.915592,0.188365,0.986944,0.889267,0,0,0.0421956
394,3.51562,4.46875,0.097168,0.0174561,1.27111,0.898155,4.63629,3.21475,31.8298,0.151419,1.22603,3.94139,0.735445,0.00338954,0,0,0,0,0,-0.135851,-0.629847,0.965982,0.211564,0.982213,0.884736,0,0,0.0136419
395,1.95312,-0.171875,-0.0429688,0.00282288,-0.088,0.464938,0.69727,1.08014,1.65289,0.197899,0.799267,0.863321,0.808736,0.00353269,0,0,0,0,0,-0.0308062,-0.0214802,0.33601,0.239089,0.974803,0.88875,0,0,0.0862194
396,1.64844,1.01562,0.116211,0.0169678,0.616114,0.73109,1.28708,1.27906,3.29258,0.252155,0.435549,0.557094,0.892143,0.00369559,0,0,0,0,0,-0.0445107,-0.0572889,0.89091,0.32275,0.948765,0.883016,0,0,0.0660959
397,1.00781,-0.0673828,-0.220703,0.101562,-0.0668605,0.473346,0.370444,0.564288,0.45565,0.247229,0.572894,0.323277,0.692535,0.00330573,0,0,0,0,0,-0.0560528,-0.0207644,0.852961,0.204063,0.984369,0.881301,0,0.00634766,0.0991971
398,1.5625,-0.921875,0.636719,0.0576172,-0.59,0.277595,0.267126,0.599979,0.431331,0.555804,0.567198,0.340307,2.6526,0.00713398,0,0,0,0,0,-0.000775789,-0.000207234,0.0119238,0.195471,0.985676,0.886855,0.0234375,0,0.217856
399,3,3.07812,-0.273438,0.00717163,1.02604,0.847564,3.31914,2.61103,17.8341,0.233854,1.51409,3.95333,3.22886,0.00825949,0,0,0,0,0,-0.150697,-0.500183,0.86768,0.252105,0.969959,0.903797,0,0,0.0471888
400,1.90625,3.14062,-0.170898,0.0561523,1.64754,0.950277,3.17989,1.82455,13.4407,0.390839,1.40759,2.56822,0.721197,0.00336171,0,0,0,0,0,-0.147632,-0.469453,0.914349,0.151251,0.993081,0.89776,0,0,0.0426749
401,4.0625,1.67969,-0.00909424,0.0103149,0.413462,0.660366,2.60214,2.9143,15.2643,0.258075,1.09919,3.20337,0.0895433,0.00212801,0,0,0,0,0,-0.0639484,-0.166403,0.507182,0.20407,0.98384,0.885931,0,0,0.0365859
402,1.9375,1.75781,-0.0869141,0.00274658,0.907258,0.817865,1.94692,1.64521,6.49722,0.0529287,0.547344,0.900495,1.65842,0.00519222,0,0,0,0,0,-0.0606304,-0.118043,0.965687,0.309508,0.952938,0.890595,0,0,0.0121662
403,1.19531,0.412109,-0.667969,0.5625,0.344771,0.634867,0.713282,0.83142,1.20003,0.199851,0.866021,0.720027,0.890625,0.00369263,0,0,0,0,0,-0.0992239,-0.0707747,0.998837,0.12829,0.997359,0.891605,0,0.00195312,0.093381
404,1.63281,1.75,-0.147461,0.00604248,1.07177,0.858088,1.87032,1.43508,5.55756,0.138154,0.778811,1.11766,1.89701,0.00565822,0,0,0,0,0,-0.0826124,-0.154512,0.92474,0.249698,0.971366,0.894553,0,0,0.0445289
405,2.70312,2.42188,-0.384766,0.0195312,0.895954,0.814861,2.69016,2.29009,12.4815,0.234413,0.816643,1.87019,2.75316,0.00733039,0,0,0,0,0,-0.0818995,-0.220323,0.874291,0.371956,0.928271,0.922132,0,0,0.29804
406,0.855469,-0.53125,0.515625,0.00778198,-0.621005,0.267298,0.139868,0.319597,0.121705,0.268196,0.347234,0.110975,5.84506,0.0133693,0,0,0,0,0,0.0191408,0.00267717,0.480556,0.255492,0.971489,0.876266,0,0,0.208814
407,1.14844,0.640625,-0.679688,0.605469,0.557823,0.711517,0.845857,0.875203,1.48145,0.210971,0.995292,0.871083,0.873501,0.00365918,0,0,0,0,0,-0.113949,-0.0963849,0.998087,0.120425,0.997983,0.895645,0,0,0.0968409
408,1.47656,1.5,-0.617188,0.419922,1.01587,0.845155,1.62081,1.28235,4.27143,0.488705,1.5884,2.03689,0.95243,0.00381334,0,0,0,0,0,-0.179501,-0.290937,0.985175,0.138284,0.995948,0.890898,0,0,0.0848073
409,1.26562,0.617188,0.867188,0.00570679,0.487654,0.687103,0.870536,0.938898,1.63936,0.160084,0.296682,0.278554,11.4793,0.0243737,0,0,0,0,0,-0.025434,-0.0221412,0.747361,0.38447,0.923796,0.888931,0,0,0.148737
410,1.1875,1.11719,-0.695312,0.992188,0.940789,0.826594,1.22731,1.01528,2.53707,0.256289,1.36139,1.38219,0.698045,0.00331649,0,0,0,0,0,-0.156083,-0.191562,0.999495,0.106647,0.99839,0.908081,0,0,0.0799176
411,1.49219,1.44531,0.267578,0.0135498,0.968586,0.833624,1.57766,1.28313,4.13541,0.212186,0.8351,1.07154,2.29871,0.00644279,0,0,0,0,0,-0.0826364,-0.130372,0.86266,0.299794,0.956314,0.889883,0,0,0.0845267
412,2.8125,0.957031,0.0913086,0.0108032,0.340278,0.633176,1.67025,1.95236,6.60145,0.357556,1.33247,2.60146,0.878486,0.00366892,0,0,0,0,0,-0.0627322,-0.104779,0.41043,0.190601,0.98815,0.875146,0,0,0.0658749
413,1.46094,-0.515625,-0.644531,0.0205078,-0.352941,0.362066,0.363775,0.674044,0.586668,0.449516,0.528088,0.355955,4.50074,0.0107436,0,0,0,0,0,-0.00292909,-0.00106553,0.048354,0.200234,0.985346,0.880462,0.015625,0,0.147754
414,3.23438,1.61719,0.0554199,0.00390625,0.5,0.691462,2.25016,2.41286,10.8851,0.274847,1.1201,2.70266,0.886719,0.003685,0,0,0,0,0,-0.0751337,-0.169063,0.584767,0.241729,0.974729,0.882372,0,0,0.0532516
415,1.07812,5,-1.59375,6.03125,4.63768,0.999998,5,1.07812,26.1624,0.613275,3.98314,4.29432,0.648958,0.00322062,0,0,0,1,0,-0.45662,-2.2831,0.999392,0.0452223,0.99926,0.975462,-0.0078125,0,0.0829157
416,1.94531,1.14844,-0.78125,0.103027,0.590361,0.722526,1.48084,1.49738,4.43504,0.398369,0.588449,0.881133,2.43396,0.00670696,0,0,0,0,0,-0.0407104,-0.0602857,0.60312,0.515872,0.857935,0.90459,0.03125,0,0.493624
417,3.54688,0.957031,0.625,0.0164795,0.269824,0.606352,1.94705,2.38642,9.48603,0.382848,1.59912,3.81617,4.86864,0.0114622,0,0,0,0,0,-0.0765956,-0.149136,0.417571,0.190264,0.987566,0.880389,0,0,0.0614198
418,1.39844,0.78125,0.0654297,0.00747681,0.558659,0.711803,1.03088,1.066,2.19905,0.168414,0.314962,0.335748,0.756688,0.00343103,0,0,0,0,0,-0.0305332,-0.031476,0.845125,0.488443,0.872937,0.897355,0,0,0.173853
419,1.17969,-0.992188,-0.0030365,0.0742188,-0.84106,0.200157,0.130394,0.36127,0.147518,0.611304,0.574539,0.207564,0.0111459,0.00197489,0,0,0,0,0,4.33043e-05,5.64663e-06,0.00065708,0.234763,0.97585,0.889845,0.03125,-0.00390625,0.322057
420,1.42969,0.210938,0.699219,0.0327148,0.147541,0.558647,0.678777,0.908503,1.28611,0.211395,0.211341,0.192004,3.86581,0.00950354,0,0,0,0,0,-0.011469,-0.00778487,0.473095,0.342724,0.942132,0.870909,0,0,0.210998
421,1.5625,1.47656,-0.859375,1.71094,0.945,0.827671,1.6205,1.33705,4.41372,0.334347,1.76118,2.35478,0.657,0.00323633,0,0,0,0,0,-0.201956,-0.327269,0.999678,0.099551,0.998292,0.917687,0,0,0.0897154
422,1.47656,-0.679688,0.00250244,0.00769043,-0.460317,0.322644,0.310203,0.628955,0.49181,0.302103,0.426942,0.268527,0.0285357,0.00200886,0,0,0,0,0,0.00682541,0.00211726,0.139369,0.198162,0.985895,0.879798,0,0,0.0853522
423,1.04688,1.57031,-0.886719,1.14062,1.5,0.933193,1.60118,0.986461,3.53689,0.274346,1.57668,1.55533,0.830261,0.00357473,0,0,0,0,0,-0.180793,-0.289482,0.999643,0.0893411,0.998762,0.924545,0,0,0.0797912
424,0.59375,-0.5,-0.217773,0.0532227,-0.842105,0.199865,0.0654793,0.181661,0.0372883,0.413821,0.409948,0.0744716,0.943967,0.00379681,0,0,0,0,0,-0.0162483,-0.00106393,0.34553,0.319129,0.949463,0.891811,0.0234375,-0.00976562,0.276548
425,2.45312,0.605469,-0.0395508,0.00830078,0.246815,0.597474,1.31065,1.63397,4.38768,0.306091,1.05869,1.72987,0.434106,0.00280099,0,0,0,0,0,-0.0518719,-0.0679861,0.427139,0.194152,0.987715,0.872494,0,0,0.0698145
426,2.5,2.51562,-0.171875,0.0072937,1.00625,0.842852,2.72366,2.16676,12.1132,0.303616,1.21123,2.62446,2.01251,0.00588381,0,0,0,0,0,-0.0870764,-0.237167,0.626728,0.192862,0.985243,0.896362,0,0,0.0523026
427,1.19531,0.8125,0.287109,0.048584,0.679739,0.751665,0.991034,0.946269,1.87757,0.177469,0.474868,0.449353,1.30257,0.00449721,0,0,0,0,0,-0.049461,-0.0490175,0.908022,0.191636,0.98772,0.876748,0,0,0.0804541
428,1.10938,0.237305,-0.554688,0.15918,0.213908,0.584691,0.569441,0.728451,0.854904,0.192642,0.650343,0.473743,1.39029,0.00466853,0,0,0,0,0,-0.0726254,-0.0413559,0.973538,0.160205,0.993002,0.884748,0,0.00683594,0.0893081
429,2.4375,2.25,0.0546875,0.0211182,0.923077,0.822016,2.48231,2.07644,10.4735,0.269783,0.808192,1.67817,0.376322,0.00268813,0,0,0,0,0,-0.0823778,-0.204487,0.888592,0.276389,0.965506,0.872805,0,0,0.0770944
430,1.11719,0.183594,-0.0422363,0.0844727,0.164336,0.565267,0.539792,0.716959,0.805405,0.180465,0.55231,0.395984,0.145321,0.00223695,0,0,0,0,0,-0.0601791,-0.0324842,0.94988,0.177278,0.991169,0.873514,0,0.00292969,0.0943371
431,1.00781,0.0291748,0.121582,0.0129395,0.0289486,0.511547,0.418723,0.597094,0.53185,0.253588,0.495147,0.295649,1.06884,0.0040407,0,0,0,0,0,-0.0380792,-0.0159446,0.670441,0.308552,0.954102,0.879841,0,0.0100098,0.113502
432,4.125,0.886719,0.539062,0.0157471,0.214962,0.585102,2.12013,2.70984,11.8382,0.367841,1.41309,3.82926,4.29575,0.0103433,0,0,0,0,0,-0.060703,-0.128698,0.374495,0.234983,0.976344,0.884342,0,0,0.0659312
433,1.26562,2.28125,-0.835938,1.875,1.80247,0.964264,2.29967,1.22522,6.78967,0.361248,2.1459,2.62919,0.610482,0.00314547,0,0,0,0,0,-0.245875,-0.565433,0.99888,0.100335,0.998699,0.912292,0,0,0.0825783
434,1.21875,2.78125,0.601562,0.851562,2.28205,0.988757,2.78559,1.20731,9.2171,0.311699,1.54898,1.87009,0.651887,0.00322634,0,0,0,0,0,-0.177053,-0.493198,0.996475,0.123128,0.997973,0.892564,0,0,0.0589666
435,1.11719,0.447266,-0.380859,0.410156,0.40035,0.65555,0.70625,0.79671,1.13354,0.192642,0.820427,0.653643,0.594689,0.00311463,0,0,0,0,0,-0.0935701,-0.0660839,0.994269,0.12626,0.996988,0.897351,0,0.00195312,0.0897077
436,3.1875,0.8125,-0.141602,0.00421143,0.254902,0.600601,1.71945,2.13064,7.49613,0.23241,1.13554,2.41943,2.18199,0.00621483,0,0,0,0,0,-0.048944,-0.0841567,0.375753,0.23475,0.977157,0.87744,0,0,0.0605208
437,1.91406,0.960938,-0.0332031,0.010437,0.502041,0.692181,1.33411,1.42922,3.82252,0.221425,0.420342,0.600763,0.325006,0.0025879,0,0,0,0,0,-0.0354201,-0.0472542,0.734603,0.358761,0.935225,0.877308,0,0,0.155747
438,1.95312,1.07031,0.019165,0.00701904,0.548,0.708154,1.42396,1.48399,4.22991,0.256682,0.839015,1.24509,0.228755,0.00239991,0,0,0,0,0,-0.0536183,-0.0763505,0.557122,0.176133,0.990537,0.880143,0,0,0.0637988
439,1.20312,1.92188,-0.71875,1.4375,1.5974,0.944912,1.94901,1.14751,5.11542,0.318791,1.80189,2.0677,0.599479,0.00312398,0,0,0,0,0,-0.206504,-0.402479,0.999095,0.103406,0.998383,0.912007,0,0.015625,0.0847269
440,1.08594,-0.162109,0.263672,0.00714111,-0.149281,0.440666,0.354409,0.579637,0.461584,0.267867,0.414036,0.239991,3.12019,0.00804724,0,0,0,0,0,-0.0181813,-0.00644363,0.38282,0.18585,0.988566,0.879923,0,0,0.0875578
441,1.625,0.3125,0.119629,0.00723267,0.192308,0.576249,0.811731,1.05717,1.77652,0.274529,0.869281,0.918978,1.40665,0.00470049,0,0,0,0,0,-0.0441053,-0.0358016,0.44232,0.17602,0.990613,0.879717,0,0,0.0765716
442,1.5625,1.6875,-0.605469,0.00842285,1.08,0.859929,1.80077,1.37572,5.13539,0.237953,0.751085,1.03329,6.59724,0.0148384,0,0,0,0,0,-0.0781483,-0.140727,0.907062,0.376171,0.928165,0.87344,0,0,0.080951
443,1.54688,0.867188,-0.248047,0.0134277,0.560606,0.712467,1.14259,1.17985,2.69754,0.190797,0.356933,0.421126,2.14058,0.00613395,0,0,0,0,0,-0.0310741,-0.0355049,0.75896,0.24298,0.975304,0.874025,0,0,0.0779281
444,1.96875,2.98438,0.507812,0.048584,1.51587,0.935224,3.03995,1.85918,12.6978,0.321155,1.32024,2.45456,2.30386,0.00645286,0,0,0,0,0,-0.138784,-0.421897,0.916419,0.179596,0.98918,0.885583,0,0,0.0460501
445,1.41406,1.46094,-1.15625,0.828125,1.03315,0.849233,1.57308,1.23258,3.99383,0.376681,1.52015,1.87371,1.27059,0.00443474,0,0,0,0,0,-0.172762,-0.271768,0.990759,0.120187,0.997907,0.896598,0,0,0.0799505
446,1.67969,0.632812,-0.119141,0.0286865,0.376744,0.646818,1.03657,1.1852,2.47916,0.354222,0.599044,0.709985,0.70343,0.00332701,0,0,0,0,0,-0.0249684,-0.0258814,0.363361,0.353551,0.935489,0.947235,0.046875,-0.00390625,0.750421
447,1.20312,0.859375,-0.664062,0.816406,0.714286,0.762475,1.02907,0.963038,1.98643,0.23264,1.18475,1.14096,0.734947,0.00338857,0,0,0,0,0,-0.135832,-0.139781,0.999499,0.123568,0.998001,0.89182,0,0.00390625,0.0823473
448,3.26562,0.730469,0.232422,0.0148315,0.223684,0.588498,1.6966,2.15339,7.51554,0.366423,1.4726,3.1711,1.90846,0.00568059,0,0,0,0,0,-0.0677089,-0.114875,0.400836,0.198007,0.987262,0.869396,0,0,0.0620606
449,1.5,1.21094,0.233398,0.566406,0.807292,0.790251,1.38893,1.23747,3.46045,0.484862,1.31692,1.62965,0.310123,0.00255883,0,0,0,0,0,-0.147885,-0.205402,0.978977,0.16504,0.993475,0.87418,0,0,0.0787539
450,1.78906,2.4375,-0.0234375,0.1875,1.36245,0.913471,2.50979,1.65514,9.03854,0.334451,0.94666,1.56686,0.0541266,0.00205884,0,0,0,0,0,-0.102953,-0.258391,0.9481,0.190952,0.987,0.883889,0,0,0.0455786
451,1.14844,-0.457031,0.0761719,0.0109863,-0.397959,0.34533,0.267224,0.512368,0.33393,0.314225,0.366024,0.187539,0.726722,0.0033725,0,0,0,0,0,-0.00237786,-0.000635422,0.0566349,0.319662,0.95036,0.87709,0,0,0.0795788
452,1.71875,0.550781,-0.388672,0.0419922,0.320455,0.625688,0.998988,1.18261,2.39654,0.513835,0.540015,0.638626,1.8967,0.00565762,0,0,0,0,0,-0.0125355,-0.0125228,0.202368,0.180764,0.990231,0.8752,0.015625,0,0.13662
453,1.42188,-0.15332,-0.628906,0.0177002,-0.10783,0.457065,0.493515,0.777317,0.847779,0.415871,0.495111,0.384858,4.72712,0.0111858,0,0,0,0,0,-0.000632631,-0.000312213,0.0111392,0.209388,0.983253,0.88015,0.0078125,-0.00390625,0.13109
454,2,0.357422,0.625,0.00631714,0.178711,0.570918,0.981716,1.29361,2.63719,0.277352,0.794624,1.02793,7.86357,0.0173117,0,0,0,0,0,-0.0395221,-0.0387995,0.433596,0.227128,0.979635,0.873466,0,0,0.0754189
455,0.898438,0.234375,-0.123535,0.0500488,0.26087,0.602903,0.488067,0.602119,0.600757,0.241981,0.682058,0.41068,0.552196,0.00303163,0,0,0,0,0,-0.0715826,-0.0349371,0.914941,0.296274,0.957657,0.88776,0,0.0107422,0.0981724
456,1.32812,2.0625,0.188477,0.165039,1.55294,0.939781,2.09608,1.26065,5.9828,0.323017,1.16393,1.46731,0.463942,0.00285926,0,0,0,0,0,-0.129915,-0.272312,0.973055,0.186925,0.988114,0.881762,0,0,0.0561188
457,1.20312,0.204102,0.143555,0.0140991,0.169643,0.567354,0.584507,0.774516,0.941524,0.275965,0.291397,0.225692,1.20899,0.00431443,0,0,0,0,0,-0.016229,-0.00948595,0.485526,0.473172,0.880997,0.887843,0,-0.00195312,0.29157
458,1.21094,1.08594,-0.104492,0.0708008,0.896774,0.81508,1.20598,1.02608,2.50722,0.234283,0.691216,0.709242,0.392704,0.00272012,0,0,0,0,0,-0.0718227,-0.0866166,0.905846,0.180317,0.989624,0.880678,0,0,0.0677131
459,3,3.875,0.0654297,0.00759888,1.29167,0.901764,4.01307,2.75036,23.6692,0.124641,1.1749,3.23141,0.750585,0.00341911,0,0,0,0,0,-0.123858,-0.497051,0.919027,0.309825,0.952678,0.892789,0,0,0.0230674
460,4.03125,1.4375,-0.0257568,0.0117798,0.356589,0.6393,2.43595,2.81887,13.8799,0.350436,1.54086,4.34348,0.237314,0.00241663,0,0,0,0,0,-0.0635512,-0.154808,0.359557,0.20199,0.985473,0.876127,0,0,0.0682637
461,2.10938,1.67188,0.0172119,0.010376,0.792593,0.785992,1.92964,1.73185,6.72279,0.168991,0.539926,0.935068,0.168972,0.00228315,0,0,0,0,0,-0.0580155,-0.111949,0.936735,0.483169,0.876466,0.917028,0,0,0.184185
462,0.933594,-0.265625,0.050293,0.00430298,-0.284519,0.388006,0.255617,0.453227,0.270755,0.232314,0.300019,0.135977,0.766695,0.00345058,0,0,0,0,0,-0.00335784,-0.000858322,0.0975705,0.201002,0.984589,0.885508,0,0,0.144915
463,1.36719,-0.71875,0.339844,0.00239563,-0.525714,0.299543,0.25489,0.555171,0.373183,0.178558,0.399049,0.22154,6.94336,0.0155144,0,0,0,0,0,0.0143281,0.00365208,0.313017,0.269318,0.967469,0.875121,0,0,0.090623
464,1.61719,-0.625,-0.384766,0.0549316,-0.386473,0.349573,0.383027,0.727703,0.676262,0.581577,0.653021,0.475206,1.64167,0.00515951,0,0,0,0,0,-0.00111508,-0.000427107,0.0148863,0.224716,0.97891,0.885307,0.03125,0,0.246975
465,3.35938,4.15625,-0.277344,0.0136108,1.23721,0.891995,4.32539,3.05897,28.0662,0.262675,1.83652,5.61784,2.37726,0.0065962,0,0,0,0,0,-0.197911,-0.856039,0.939465,0.234762,0.976285,0.885481,0,0,0.0305819
466,2.21875,2.28125,-0.0649414,0.00320435,1.02817,0.848065,2.45881,1.93195,9.77817,0.0566892,0.675006,1.30407,1.14723,0.00419382,0,0,0,0,0,-0.074813,-0.183951,0.966221,0.295206,0.958038,0.887452,0,0,0.01489
467,2.125,0.474609,0.347656,0.00543213,0.223346,0.588367,1.10355,1.40105,3.18074,0.262712,0.893482,1.25181,4.71699,0.011166,0,0,0,0,0,-0.042811,-0.0472439,0.417711,0.20638,0.984836,0.873061,0,0,0.0683302
468,1.15625,-0.314453,0.337891,0.00421143,-0.271959,0.392827,0.321843,0.56656,0.424573,0.202575,0.277916,0.157456,5.20669,0.0121224,0,0,0,0,0,-0.00458553,-0.00147582,0.143841,0.265873,0.968582,0.874561,0,0,0.129012
469,1.17969,0.25,-0.192383,0.316406,0.211921,0.583915,0.604037,0.773957,0.96387,0.182972,0.703146,0.544205,0.342014,0.00262112,0,0,0,0,0,-0.0796268,-0.0480975,0.987234,0.132333,0.99508,0.907347,0,0.00488281,0.085964
470,1.47656,2.20312,-0.478516,0.652344,1.49206,0.932159,2.24759,1.38984,6.98335,0.538835,1.99619,2.7744,0.592458,0.00311027,0,0,0,0,0,-0.22655,-0.509192,0.98939,0.137943,0.996251,0.888806,0,0,0.0865817
471,1.125,0.867188,-0.304688,0.124023,0.770833,0.779597,1.01055,0.917123,1.86233,0.45787,1.01792,0.933557,0.865173,0.00364292,0,0,0,0,0,-0.114292,-0.115498,0.978831,0.154772,0.99265,0.896172,0,0,0.098499
472,1.39062,0.671875,-0.146484,0.0283203,0.483146,0.685504,0.952518,1.02952,1.96721,0.167887,0.276559,0.284724,0.870447,0.00365322,0,0,0,0,0,-0.0241038,-0.0229593,0.75981,0.244651,0.975587,0.86777,0,0,0.0805931
473,1.15625,1.02344,0.0256348,0.0932617,0.885135,0.811958,1.14001,0.977448,2.25504,0.253626,0.563272,0.550569,0.0839417,0.00211707,0,0,0,0,0,-0.0597586,-0.0681256,0.924888,0.204987,0.984171,0.881158,0,0,0.0623266
474,2.57812,0.404297,0.242188,0.00361633,0.156818,0.562306,1.23598,1.64724,4.24104,0.231385,1.05096,1.73118,4.02733,0.00981901,0,0,0,0,0,-0.0421759,-0.0521287,0.349853,0.206603,0.983407,0.884545,0,0,0.0739537
475,1.41406,0.316406,1.25,0.032959,0.223757,0.588527,0.734716,0.93248,1.40933,0.346035,0.416918,0.388768,6.8853,0.015401,0,0,0,0,0,-0.0118376,-0.00869728,0.247526,0.313339,0.952842,0.874809,0,0,0.130201
476,1.30469,1.76562,0.15332,0.150391,1.35329,0.912019,1.81929,1.20559,4.76327,0.279571,0.802277,0.967219,0.395357,0.00272531,0,0,0,0,0,-0.0864756,-0.157324,0.939671,0.221571,0.979685,0.885469,0,0,0.0568325
477,1.42969,0.914062,0.423828,0.0571289,0.639344,0.738701,1.1415,1.11743,2.55168,0.155237,0.342147,0.382326,1.77322,0.00541644,0,0,0,0,0,-0.0356208,-0.0406613,0.907607,0.224518,0.980581,0.871275,0,0,0.119093
478,0.726562,-0.227539,-0.298828,0.00276184,-0.313172,0.377075,0.191387,0.345299,0.15586,0.129354,0.176489,0.0609415,5.6862,0.013059,0,0,0,0,0,-0.0115176,-0.00220433,0.568921,0.402495,0.916243,0.877478,0,0,0.39185
479,1.39844,1.25781,-0.0373535,0.0859375,0.899441,0.815791,1.3959,1.18559,3.35416,0.246489,0.706661,0.837812,0.127421,0.00220199,0,0,0,0,0,-0.0737333,-0.102924,0.909619,0.175138,0.990472,0.88227,0,0,0.0646378
480,1.28125,2.78125,-1.08594,2.29688,2.17073,0.985024,2.78826,1.2637,9.37132,0.385366,2.53448,3.20282,0.716533,0.0033526,0,0,0,0,0,-0.290553,-0.810137,0.99941,0.0993922,0.99878,0.912528,0,0,0.0777524
481,1.53906,3.25,-1.75781,4.1875,2.11168,0.982643,3.25998,1.51458,12.9214,0.512596,2.96989,4.49815,0.859004,0.00363087,0,0,0,0,0,-0.340615,-1.1104,0.999839,0.0720961,0.999176,0.939582,0,0,0.0763835
482,3.35938,4.28125,-0.0153198,0.0102539,1.27442,0.898742,4.44046,3.07315,29.162,0.102618,1.1744,3.60912,0.15129,0.00224861,0,0,0,0,0,-0.13021,-0.578195,0.966575,0.232841,0.977014,0.883363,0,0,0.0120259
483,1.20312,1.84375,-0.628906,1.53125,1.53247,0.937296,1.87613,1.13877,4.81663,0.313737,1.82639,2.07983,0.508233,0.00294577,0,0,0,0,0,-0.209447,-0.392949,0.999741,0.0964274,0.998371,0.920637,0,0.015625,0.0878194
484,2.125,2.65625,-0.0441895,0.00408936,1.25,0.89435,2.76108,1.93804,11.3796,0.126122,1.23245,2.38853,0.691021,0.00330278,0,0,0,0,0,-0.128847,-0.355756,0.911404,0.309935,0.952522,0.894581,0,0,0.0345517
485,1.48438,0.933594,0.196289,0.0285645,0.628947,0.735308,1.17345,1.15639,2.71423,0.187642,0.573847,0.663593,1.1614,0.00422149,0,0,0,0,0,-0.0562011,-0.0659491,0.853799,0.20151,0.985697,0.875218,0,0,0.0787786
486,1.67969,0.460938,0.435547,0.0532227,0.274419,0.608119,0.926983,1.13242,2.14167,0.449062,0.401416,0.454571,1.88793,0.00564049,0,0,0,0,0,-0.0115894,-0.0107432,0.251694,0.269613,0.96677,0.881117,0,-0.00585938,0.222398
487,1.74219,1.1875,-0.332031,0.00723267,0.681614,0.752259,1.44693,1.38003,3.99808,0.225748,0.671894,0.927232,3.90418,0.00957848,0,0,0,0,0,-0.0688889,-0.0996773,0.89383,0.281114,0.963406,0.878696,0,0,0.0591738
488,1.10938,-0.144531,0.699219,0.0108643,-0.130282,0.448172,0.372596,0.598649,0.497208,0.184887,0.147893,0.0885358,6.70831,0.0150553,0,0,0,0,0,-0.00684684,-0.00255111,0.403598,0.299016,0.957801,0.875382,0,0,0.184013
489,1.41406,4.90625,-1.77344,6.5625,3.46961,0.999739,4.90635,1.41371,26.0708,0.636761,4.06613,5.74832,0.692279,0.00330523,0,0,0,1,0,-0.466231,-2.28749,0.999602,0.0717884,0.99923,0.939107,-0.0078125,0,0.0860854
490,1.19531,-0.65625,-0.455078,0.0458984,-0.54902,0.291496,0.216142,0.475716,0.273023,0.541389,0.638705,0.303842,2.12416,0.00610187,0,0,0,0,0,0.00203065,0.000438908,0.0277167,0.21678,0.980478,0.889204,0.0390625,0,0.237156
491,1.45312,0.820312,-0.644531,0.0130005,0.564516,0.713799,1.07765,1.10967,2.3927,0.237994,0.546334,0.606249,5.65281,0.0129938,0,0,0,0,0,-0.0533723,-0.0575168,0.851656,0.176398,0.989156,0.891457,0,0,0.071378
492,1.47656,0.326172,0.394531,0.0164795,0.220899,0.587415,0.764499,0.972491,1.5302,0.27996,0.399728,0.388732,3.07333,0.00795573,0,0,0,0,0,-0.0153681,-0.0117489,0.335169,0.229982,0.978323,0.878284,0,0,0.322754
493,0.765625,-0.328125,0.237305,0.0140991,-0.428571,0.334118,0.169655,0.333884,0.140262,0.214964,0.216271,0.0722095,1.99853,0.0058565,0,0,0,0,0,-0.00379958,-0.000644617,0.15316,0.380209,0.926294,0.875511,0,0.00390625,0.357107
494,1.16406,-0.355469,0.0483398,0.0183105,-0.305369,0.380043,0.309923,0.556438,0.405675,0.398657,0.552311,0.307327,0.357235,0.00265085,0,0,0,0,0,0.00274525,0.000850814,0.0433316,0.218678,0.981549,0.875443,0.03125,-0.00195312,0.14323
495,1.32812,3.32812,-1.30469,3.78125,2.50588,0.993893,3.33085,1.32048,12.8383,0.487283,2.93541,3.87616,0.670948,0.00326357,0,0,0,0,0,-0.336631,-1.12127,0.999754,0.0691995,0.999144,0.943666,0,0,0.0753953
496,2.64062,1.0625,0.0152588,0.0039978,0.402367,0.656293,1.67272,1.88484,6.35062,0.233568,1.04024,1.9607,0.241329,0.00242447,0,0,0,0,0,-0.0500242,-0.0836763,0.41923,0.206911,0.984538,0.874411,0,0,0.0635541
497,1.51562,-0.773438,-0.114258,0.0373535,-0.510309,0.304917,0.290948,0.622378,0.472005,0.5094,0.597355,0.37178,0.591181,0.00310777,0,0,0,0,0,0.00125713,0.00036576,0.0183466,0.182119,0.988158,0.890057,0.03125,0,0.166231
498,1.32812,0.217773,0.455078,0.0292969,0.163971,0.565123,0.641468,0.852146,1.13763,0.154441,0.223299,0.190283,2.65874,0.00714597,0,0,0,0,0,-0.0210685,-0.0135148,0.822536,0.319418,0.950242,0.879615,0,0.000976562,0.117547
499,2.35938,2.20312,0.191406,0.0332031,0.933775,0.82479,2.42432,2.01429,9.9347,0.245624,0.656923,1.32324,1.05043,0.00400474,0,0,0,0,0,-0.06666,-0.161605,0.884623,0.331816,0.94451,0.897593,0,0,0.106244
500,2.32812,2.20312,-0.261719,0.00836182,0.946309,0.828004,2.41715,1.99274,9.81361,0.1509,0.684426,1.36388,2.8621,0.00754316,0,0,0,0,0,-0.0735442,-0.177767,0.93676,0.349719,0.936868,0.931776,0,0,0.142396
501,3.14062,4.34375,0.0644531,0.0246582,1.38308,0.916681,4.46551,2.91338,28.4285,0.229619,1.93827,5.64693,0.410453,0.00275479,0,0,0,0,0,-0.200323,-0.894544,0.900996,0.253806,0.971134,0.884426,0,0,0.0425326
502,1.34375,-1.16406,-0.386719,0.176758,-0.866279,0.193169,0.140372,0.402379,0.181613,0.740245,0.851508,0.342628,0.919827,0.00374966,0,0,0,0,0,0.0003017,4.23501e-05,0.00308883,0.322642,0.948757,0.883657,0.15625,-0.0234375,0.689713
503,2.79688,2.45312,0.22168,0.0351562,0.877095,0.809782,2.73838,2.36057,13.071,0.218677,0.808123,1.90763,1.18229,0.00426229,0,0,0,0,0,-0.0846236,-0.231732,0.912895,0.408986,0.912825,0.935613,0,0,0.141323
504,1.53906,0.988281,0.259766,0.0203857,0.642132,0.739606,1.23209,1.20397,2.9676,0.173818,0.390349,0.469971,1.81936,0.00550656,0,0,0,0,0,-0.0400026,-0.0492867,0.89339,0.232345,0.977007,0.884661,0,0,0.0626652
505,3.20312,4.1875,0.0825195,0.00866699,1.30732,0.904447,4.33094,2.94241,27.4149,0.13587,1.26253,3.71488,0.886385,0.00368435,0,0,0,0,0,-0.133322,-0.577411,0.920594,0.289249,0.958908,0.902609,0,0,0.0219628
506,1.15625,0.871094,1.01562,0.0174561,0.753378,0.774389,1.0233,0.93727,1.92562,0.313729,0.368258,0.345158,7.68706,0.0169669,0,0,0,0,0,-0.0289459,-0.0296203,0.685238,0.340329,0.942357,0.880226,0,0,0.161959
507,2.45312,2.64062,-0.0693359,0.00549316,1.07643,0.859133,2.81973,2.15822,12.6088,0.0728335,0.770385,1.66266,0.935507,0.00378029,0,0,0,0,0,-0.0852597,-0.240409,0.964813,0.258027,0.969319,0.890852,0,0,0.0108562
508,1.27344,0.832031,0.75,0.0437012,0.653374,0.743242,1.03031,0.999721,2.06099,0.196273,0.463686,0.463557,3.58769,0.00896033,0,0,0,0,0,-0.0457593,-0.0471465,0.860324,0.215607,0.981472,0.882613,0,0,0.0598968
509,1.67969,0.597656,0.417969,0.0795898,0.355814,0.63901,1.01415,1.17412,2.40706,0.502853,0.4816,0.565457,1.48155,0.00484677,0,0,0,0,0,-0.0184052,-0.0186657,0.333166,0.327845,0.946788,0.884421,0.0078125,-0.00390625,0.158889
510,0.917969,0.22168,0.0683594,0.0307617,0.241489,0.595412,0.487335,0.61002,0.60962,0.263189,0.456309,0.278358,0.389756,0.00271437,0,0,0,0,0,-0.0382352,-0.0186333,0.730484,0.217317,0.981443,0.879183,0,0.00390625,0.107014
511,1.32812,0.773438,1.29688,0.0539551,0.582353,0.719836,1.00294,1.01978,2.04585,0.228224,0.341255,0.348007,5.58318,0.0128578,0,0,0,0,0,-0.03051,-0.0305997,0.779417,0.225431,0.979209,0.880877,0,0,0.0890041
