run,step,model_id,plane,plane_label,kernel_dy,kernel_dx
leaky,1000,20261001-43-NbWz,16,en passant,3,-3
leaky,1000,20261001-43-NbWz,16,en passant,3,-2
leaky,1000,20261001-43-NbWz,16,en passant,3,-1
leaky,1000,20261001-43-NbWz,16,en passant,3,0
leaky,1000,20261001-43-NbWz,16,en passant,3,1
leaky,1000,20261001-43-NbWz,16,en passant,3,2
leaky,1000,20261001-43-NbWz,16,en passant,3,3
leaky,1000,20261001-43-NbWz,19,rep >=2 before,-3,-3
leaky,1000,20261001-43-NbWz,19,rep >=2 before,-3,-2
leaky,1000,20261001-43-NbWz,19,rep >=2 before,-3,-1
leaky,1000,20261001-43-NbWz,19,rep >=2 before,-3,0
leaky,1000,20261001-43-NbWz,19,rep >=2 before,-3,1
leaky,1000,20261001-43-NbWz,19,rep >=2 before,-3,2
leaky,1000,20261001-43-NbWz,19,rep >=2 before,-3,3
leaky,1000,20261001-43-NbWz,19,rep >=2 before,-2,-3
leaky,1000,20261001-43-NbWz,19,rep >=2 before,-2,-2
leaky,1000,20261001-43-NbWz,19,rep >=2 before,-2,-1
leaky,1000,20261001-43-NbWz,19,rep >=2 before,-2,0
leaky,1000,20261001-43-NbWz,19,rep >=2 before,-2,1
leaky,1000,20261001-43-NbWz,19,rep >=2 before,-2,2
leaky,1000,20261001-43-NbWz,19,rep >=2 before,-2,3
leaky,1000,20261001-43-NbWz,19,rep >=2 before,-1,-3
leaky,1000,20261001-43-NbWz,19,rep >=2 before,-1,-2
leaky,1000,20261001-43-NbWz,19,rep >=2 before,-1,-1
leaky,1000,20261001-43-NbWz,19,rep >=2 before,-1,0
leaky,1000,20261001-43-NbWz,19,rep >=2 before,-1,1
leaky,1000,20261001-43-NbWz,19,rep >=2 before,-1,2
leaky,1000,20261001-43-NbWz,19,rep >=2 before,-1,3
leaky,1000,20261001-43-NbWz,19,rep >=2 before,0,-3
leaky,1000,20261001-43-NbWz,19,rep >=2 before,0,-2
leaky,1000,20261001-43-NbWz,19,rep >=2 before,0,-1
leaky,1000,20261001-43-NbWz,19,rep >=2 before,0,0
leaky,1000,20261001-43-NbWz,19,rep >=2 before,0,1
leaky,1000,20261001-43-NbWz,19,rep >=2 before,0,2
leaky,1000,20261001-43-NbWz,19,rep >=2 before,0,3
leaky,1000,20261001-43-NbWz,19,rep >=2 before,1,-3
leaky,1000,20261001-43-NbWz,19,rep >=2 before,1,-2
leaky,1000,20261001-43-NbWz,19,rep >=2 before,1,-1
leaky,1000,20261001-43-NbWz,19,rep >=2 before,1,0
leaky,1000,20261001-43-NbWz,19,rep >=2 before,1,1
leaky,1000,20261001-43-NbWz,19,rep >=2 before,1,2
leaky,1000,20261001-43-NbWz,19,rep >=2 before,1,3
leaky,1000,20261001-43-NbWz,19,rep >=2 before,2,-3
leaky,1000,20261001-43-NbWz,19,rep >=2 before,2,-2
leaky,1000,20261001-43-NbWz,19,rep >=2 before,2,-1
leaky,1000,20261001-43-NbWz,19,rep >=2 before,2,0
leaky,1000,20261001-43-NbWz,19,rep >=2 before,2,1
leaky,1000,20261001-43-NbWz,19,rep >=2 before,2,2
leaky,1000,20261001-43-NbWz,19,rep >=2 before,2,3
leaky,1000,20261001-43-NbWz,19,rep >=2 before,3,-3
leaky,1000,20261001-43-NbWz,19,rep >=2 before,3,-2
leaky,1000,20261001-43-NbWz,19,rep >=2 before,3,-1
leaky,1000,20261001-43-NbWz,19,rep >=2 before,3,0
leaky,1000,20261001-43-NbWz,19,rep >=2 before,3,1
leaky,1000,20261001-43-NbWz,19,rep >=2 before,3,2
leaky,1000,20261001-43-NbWz,19,rep >=2 before,3,3
leaky,1000,20261001-43-NbWz,20,pos 1 plies ago,-3,-3
leaky,1000,20261001-43-NbWz,20,pos 1 plies ago,-3,-2
leaky,1000,20261001-43-NbWz,20,pos 1 plies ago,-3,-1
leaky,1000,20261001-43-NbWz,20,pos 1 plies ago,-3,0
leaky,1000,20261001-43-NbWz,20,pos 1 plies ago,-3,1
leaky,1000,20261001-43-NbWz,20,pos 1 plies ago,-3,2
leaky,1000,20261001-43-NbWz,20,pos 1 plies ago,-3,3
leaky,1000,20261001-43-NbWz,20,pos 1 plies ago,-2,-3
leaky,1000,20261001-43-NbWz,20,pos 1 plies ago,-2,-2
leaky,1000,20261001-43-NbWz,20,pos 1 plies ago,-2,-1
leaky,1000,20261001-43-NbWz,20,pos 1 plies ago,-2,0
leaky,1000,20261001-43-NbWz,20,pos 1 plies ago,-2,1
leaky,1000,20261001-43-NbWz,20,pos 1 plies ago,-2,2
leaky,1000,20261001-43-NbWz,20,pos 1 plies ago,-2,3
leaky,1000,20261001-43-NbWz,20,pos 1 plies ago,-1,-3
leaky,1000,20261001-43-NbWz,20,pos 1 plies ago,-1,-2
leaky,1000,20261001-43-NbWz,20,pos 1 plies ago,-1,-1
leaky,1000,20261001-43-NbWz,20,pos 1 plies ago,-1,0
leaky,1000,20261001-43-NbWz,20,pos 1 plies ago,-1,1
leaky,1000,20261001-43-NbWz,20,pos 1 plies ago,-1,2
leaky,1000,20261001-43-NbWz,20,pos 1 plies ago,-1,3
leaky,1000,20261001-43-NbWz,20,pos 1 plies ago,0,-3
leaky,1000,20261001-43-NbWz,20,pos 1 plies ago,0,-2
leaky,1000,20261001-43-NbWz,20,pos 1 plies ago,0,-1
leaky,1000,20261001-43-NbWz,20,pos 1 plies ago,0,0
leaky,1000,20261001-43-NbWz,20,pos 1 plies ago,0,1
leaky,1000,20261001-43-NbWz,20,pos 1 plies ago,0,2
leaky,1000,20261001-43-NbWz,20,pos 1 plies ago,0,3
leaky,1000,20261001-43-NbWz,20,pos 1 plies ago,1,-3
leaky,1000,20261001-43-NbWz,20,pos 1 plies ago,1,-2
leaky,1000,20261001-43-NbWz,20,pos 1 plies ago,1,-1
leaky,1000,20261001-43-NbWz,20,pos 1 plies ago,1,0
leaky,1000,20261001-43-NbWz,20,pos 1 plies ago,1,1
leaky,1000,20261001-43-NbWz,20,pos 1 plies ago,1,2
leaky,1000,20261001-43-NbWz,20,pos 1 plies ago,1,3
leaky,1000,20261001-43-NbWz,20,pos 1 plies ago,2,-3
leaky,1000,20261001-43-NbWz,20,pos 1 plies ago,2,-2
leaky,1000,20261001-43-NbWz,20,pos 1 plies ago,2,-1
leaky,1000,20261001-43-NbWz,20,pos 1 plies ago,2,0
leaky,1000,20261001-43-NbWz,20,pos 1 plies ago,2,1
leaky,1000,20261001-43-NbWz,20,pos 1 plies ago,2,2
leaky,1000,20261001-43-NbWz,20,pos 1 plies ago,2,3
leaky,1000,20261001-43-NbWz,20,pos 1 plies ago,3,-3
leaky,1000,20261001-43-NbWz,20,pos 1 plies ago,3,-2
leaky,1000,20261001-43-NbWz,20,pos 1 plies ago,3,-1
leaky,1000,20261001-43-NbWz,20,pos 1 plies ago,3,0
leaky,1000,20261001-43-NbWz,20,pos 1 plies ago,3,1
leaky,1000,20261001-43-NbWz,20,pos 1 plies ago,3,2
leaky,1000,20261001-43-NbWz,20,pos 1 plies ago,3,3
leaky,1000,20261001-43-NbWz,21,pos 2 plies ago,-3,-3
leaky,1000,20261001-43-NbWz,21,pos 2 plies ago,-3,-2
leaky,1000,20261001-43-NbWz,21,pos 2 plies ago,-3,-1
leaky,1000,20261001-43-NbWz,21,pos 2 plies ago,-3,0
leaky,1000,20261001-43-NbWz,21,pos 2 plies ago,-3,1
leaky,1000,20261001-43-NbWz,21,pos 2 plies ago,-3,2
leaky,1000,20261001-43-NbWz,21,pos 2 plies ago,-3,3
leaky,1000,20261001-43-NbWz,21,pos 2 plies ago,-2,-3
leaky,1000,20261001-43-NbWz,21,pos 2 plies ago,-2,-2
leaky,1000,20261001-43-NbWz,21,pos 2 plies ago,-2,-1
leaky,1000,20261001-43-NbWz,21,pos 2 plies ago,-2,0
leaky,1000,20261001-43-NbWz,21,pos 2 plies ago,-2,1
leaky,1000,20261001-43-NbWz,21,pos 2 plies ago,-2,2
leaky,1000,20261001-43-NbWz,21,pos 2 plies ago,-2,3
leaky,1000,20261001-43-NbWz,21,pos 2 plies ago,-1,-3
leaky,1000,20261001-43-NbWz,21,pos 2 plies ago,-1,-2
leaky,1000,20261001-43-NbWz,21,pos 2 plies ago,-1,-1
leaky,1000,20261001-43-NbWz,21,pos 2 plies ago,-1,0
leaky,1000,20261001-43-NbWz,21,pos 2 plies ago,-1,1
leaky,1000,20261001-43-NbWz,21,pos 2 plies ago,-1,2
leaky,1000,20261001-43-NbWz,21,pos 2 plies ago,-1,3
leaky,1000,20261001-43-NbWz,21,pos 2 plies ago,0,-3
leaky,1000,20261001-43-NbWz,21,pos 2 plies ago,0,-2
leaky,1000,20261001-43-NbWz,21,pos 2 plies ago,0,-1
leaky,1000,20261001-43-NbWz,21,pos 2 plies ago,0,0
leaky,1000,20261001-43-NbWz,21,pos 2 plies ago,0,1
leaky,1000,20261001-43-NbWz,21,pos 2 plies ago,0,2
leaky,1000,20261001-43-NbWz,21,pos 2 plies ago,0,3
leaky,1000,20261001-43-NbWz,21,pos 2 plies ago,1,-3
leaky,1000,20261001-43-NbWz,21,pos 2 plies ago,1,-2
leaky,1000,20261001-43-NbWz,21,pos 2 plies ago,1,-1
leaky,1000,20261001-43-NbWz,21,pos 2 plies ago,1,0
leaky,1000,20261001-43-NbWz,21,pos 2 plies ago,1,1
leaky,1000,20261001-43-NbWz,21,pos 2 plies ago,1,2
leaky,1000,20261001-43-NbWz,21,pos 2 plies ago,1,3
leaky,1000,20261001-43-NbWz,21,pos 2 plies ago,2,-3
leaky,1000,20261001-43-NbWz,21,pos 2 plies ago,2,-2
leaky,1000,20261001-43-NbWz,21,pos 2 plies ago,2,-1
leaky,1000,20261001-43-NbWz,21,pos 2 plies ago,2,0
leaky,1000,20261001-43-NbWz,21,pos 2 plies ago,2,1
leaky,1000,20261001-43-NbWz,21,pos 2 plies ago,2,2
leaky,1000,20261001-43-NbWz,21,pos 2 plies ago,2,3
leaky,1000,20261001-43-NbWz,21,pos 2 plies ago,3,-3
leaky,1000,20261001-43-NbWz,21,pos 2 plies ago,3,-2
leaky,1000,20261001-43-NbWz,21,pos 2 plies ago,3,-1
leaky,1000,20261001-43-NbWz,21,pos 2 plies ago,3,0
leaky,1000,20261001-43-NbWz,21,pos 2 plies ago,3,1
leaky,1000,20261001-43-NbWz,21,pos 2 plies ago,3,2
leaky,1000,20261001-43-NbWz,21,pos 2 plies ago,3,3
leaky,1000,20261001-43-NbWz,22,pos 3 plies ago,-3,-3
leaky,1000,20261001-43-NbWz,22,pos 3 plies ago,-3,-2
leaky,1000,20261001-43-NbWz,22,pos 3 plies ago,-3,-1
leaky,1000,20261001-43-NbWz,22,pos 3 plies ago,-3,0
leaky,1000,20261001-43-NbWz,22,pos 3 plies ago,-3,1
leaky,1000,20261001-43-NbWz,22,pos 3 plies ago,-3,2
leaky,1000,20261001-43-NbWz,22,pos 3 plies ago,-3,3
leaky,1000,20261001-43-NbWz,22,pos 3 plies ago,-2,-3
leaky,1000,20261001-43-NbWz,22,pos 3 plies ago,-2,-2
leaky,1000,20261001-43-NbWz,22,pos 3 plies ago,-2,-1
leaky,1000,20261001-43-NbWz,22,pos 3 plies ago,-2,0
leaky,1000,20261001-43-NbWz,22,pos 3 plies ago,-2,1
leaky,1000,20261001-43-NbWz,22,pos 3 plies ago,-2,2
leaky,1000,20261001-43-NbWz,22,pos 3 plies ago,-2,3
leaky,1000,20261001-43-NbWz,22,pos 3 plies ago,-1,-3
leaky,1000,20261001-43-NbWz,22,pos 3 plies ago,-1,-2
leaky,1000,20261001-43-NbWz,22,pos 3 plies ago,-1,-1
leaky,1000,20261001-43-NbWz,22,pos 3 plies ago,-1,0
leaky,1000,20261001-43-NbWz,22,pos 3 plies ago,-1,1
leaky,1000,20261001-43-NbWz,22,pos 3 plies ago,-1,2
leaky,1000,20261001-43-NbWz,22,pos 3 plies ago,-1,3
leaky,1000,20261001-43-NbWz,22,pos 3 plies ago,0,-3
leaky,1000,20261001-43-NbWz,22,pos 3 plies ago,0,-2
leaky,1000,20261001-43-NbWz,22,pos 3 plies ago,0,-1
leaky,1000,20261001-43-NbWz,22,pos 3 plies ago,0,0
leaky,1000,20261001-43-NbWz,22,pos 3 plies ago,0,1
leaky,1000,20261001-43-NbWz,22,pos 3 plies ago,0,2
leaky,1000,20261001-43-NbWz,22,pos 3 plies ago,0,3
leaky,1000,20261001-43-NbWz,22,pos 3 plies ago,1,-3
leaky,1000,20261001-43-NbWz,22,pos 3 plies ago,1,-2
leaky,1000,20261001-43-NbWz,22,pos 3 plies ago,1,-1
leaky,1000,20261001-43-NbWz,22,pos 3 plies ago,1,0
leaky,1000,20261001-43-NbWz,22,pos 3 plies ago,1,1
leaky,1000,20261001-43-NbWz,22,pos 3 plies ago,1,2
leaky,1000,20261001-43-NbWz,22,pos 3 plies ago,1,3
leaky,1000,20261001-43-NbWz,22,pos 3 plies ago,2,-3
leaky,1000,20261001-43-NbWz,22,pos 3 plies ago,2,-2
leaky,1000,20261001-43-NbWz,22,pos 3 plies ago,2,-1
leaky,1000,20261001-43-NbWz,22,pos 3 plies ago,2,0
leaky,1000,20261001-43-NbWz,22,pos 3 plies ago,2,1
leaky,1000,20261001-43-NbWz,22,pos 3 plies ago,2,2
leaky,1000,20261001-43-NbWz,22,pos 3 plies ago,2,3
leaky,1000,20261001-43-NbWz,22,pos 3 plies ago,3,-3
leaky,1000,20261001-43-NbWz,22,pos 3 plies ago,3,-2
leaky,1000,20261001-43-NbWz,22,pos 3 plies ago,3,-1
leaky,1000,20261001-43-NbWz,22,pos 3 plies ago,3,0
leaky,1000,20261001-43-NbWz,22,pos 3 plies ago,3,1
leaky,1000,20261001-43-NbWz,22,pos 3 plies ago,3,2
leaky,1000,20261001-43-NbWz,22,pos 3 plies ago,3,3
leaky,1000,20261001-43-NbWz,24,pos 5 plies ago,-3,-3
leaky,1000,20261001-43-NbWz,24,pos 5 plies ago,-3,-2
leaky,1000,20261001-43-NbWz,24,pos 5 plies ago,-3,-1
leaky,1000,20261001-43-NbWz,24,pos 5 plies ago,-3,0
leaky,1000,20261001-43-NbWz,24,pos 5 plies ago,-3,1
leaky,1000,20261001-43-NbWz,24,pos 5 plies ago,-3,2
leaky,1000,20261001-43-NbWz,24,pos 5 plies ago,-3,3
leaky,1000,20261001-43-NbWz,24,pos 5 plies ago,-2,-3
leaky,1000,20261001-43-NbWz,24,pos 5 plies ago,-2,-2
leaky,1000,20261001-43-NbWz,24,pos 5 plies ago,-2,-1
leaky,1000,20261001-43-NbWz,24,pos 5 plies ago,-2,0
leaky,1000,20261001-43-NbWz,24,pos 5 plies ago,-2,1
leaky,1000,20261001-43-NbWz,24,pos 5 plies ago,-2,2
leaky,1000,20261001-43-NbWz,24,pos 5 plies ago,-2,3
leaky,1000,20261001-43-NbWz,24,pos 5 plies ago,-1,-3
leaky,1000,20261001-43-NbWz,24,pos 5 plies ago,-1,-2
leaky,1000,20261001-43-NbWz,24,pos 5 plies ago,-1,-1
leaky,1000,20261001-43-NbWz,24,pos 5 plies ago,-1,0
leaky,1000,20261001-43-NbWz,24,pos 5 plies ago,-1,1
leaky,1000,20261001-43-NbWz,24,pos 5 plies ago,-1,2
leaky,1000,20261001-43-NbWz,24,pos 5 plies ago,-1,3
leaky,1000,20261001-43-NbWz,24,pos 5 plies ago,0,-3
leaky,1000,20261001-43-NbWz,24,pos 5 plies ago,0,-2
leaky,1000,20261001-43-NbWz,24,pos 5 plies ago,0,-1
leaky,1000,20261001-43-NbWz,24,pos 5 plies ago,0,0
leaky,1000,20261001-43-NbWz,24,pos 5 plies ago,0,1
leaky,1000,20261001-43-NbWz,24,pos 5 plies ago,0,2
leaky,1000,20261001-43-NbWz,24,pos 5 plies ago,0,3
leaky,1000,20261001-43-NbWz,24,pos 5 plies ago,1,-3
leaky,1000,20261001-43-NbWz,24,pos 5 plies ago,1,-2
leaky,1000,20261001-43-NbWz,24,pos 5 plies ago,1,-1
leaky,1000,20261001-43-NbWz,24,pos 5 plies ago,1,0
leaky,1000,20261001-43-NbWz,24,pos 5 plies ago,1,1
leaky,1000,20261001-43-NbWz,24,pos 5 plies ago,1,2
leaky,1000,20261001-43-NbWz,24,pos 5 plies ago,1,3
leaky,1000,20261001-43-NbWz,24,pos 5 plies ago,2,-3
leaky,1000,20261001-43-NbWz,24,pos 5 plies ago,2,-2
leaky,1000,20261001-43-NbWz,24,pos 5 plies ago,2,-1
leaky,1000,20261001-43-NbWz,24,pos 5 plies ago,2,0
leaky,1000,20261001-43-NbWz,24,pos 5 plies ago,2,1
leaky,1000,20261001-43-NbWz,24,pos 5 plies ago,2,2
leaky,1000,20261001-43-NbWz,24,pos 5 plies ago,2,3
leaky,1000,20261001-43-NbWz,24,pos 5 plies ago,3,-3
leaky,1000,20261001-43-NbWz,24,pos 5 plies ago,3,-2
leaky,1000,20261001-43-NbWz,24,pos 5 plies ago,3,-1
leaky,1000,20261001-43-NbWz,24,pos 5 plies ago,3,0
leaky,1000,20261001-43-NbWz,24,pos 5 plies ago,3,1
leaky,1000,20261001-43-NbWz,24,pos 5 plies ago,3,2
leaky,1000,20261001-43-NbWz,24,pos 5 plies ago,3,3
leaky,1000,20261001-43-NbWz,26,pos 7 plies ago,-3,-3
leaky,1000,20261001-43-NbWz,26,pos 7 plies ago,-3,-2
leaky,1000,20261001-43-NbWz,26,pos 7 plies ago,-3,-1
leaky,1000,20261001-43-NbWz,26,pos 7 plies ago,-3,0
leaky,1000,20261001-43-NbWz,26,pos 7 plies ago,-3,1
leaky,1000,20261001-43-NbWz,26,pos 7 plies ago,-3,2
leaky,1000,20261001-43-NbWz,26,pos 7 plies ago,-3,3
leaky,1000,20261001-43-NbWz,26,pos 7 plies ago,-2,-3
leaky,1000,20261001-43-NbWz,26,pos 7 plies ago,-2,-2
leaky,1000,20261001-43-NbWz,26,pos 7 plies ago,-2,-1
leaky,1000,20261001-43-NbWz,26,pos 7 plies ago,-2,0
leaky,1000,20261001-43-NbWz,26,pos 7 plies ago,-2,1
leaky,1000,20261001-43-NbWz,26,pos 7 plies ago,-2,2
leaky,1000,20261001-43-NbWz,26,pos 7 plies ago,-2,3
leaky,1000,20261001-43-NbWz,26,pos 7 plies ago,-1,-3
leaky,1000,20261001-43-NbWz,26,pos 7 plies ago,-1,-2
leaky,1000,20261001-43-NbWz,26,pos 7 plies ago,-1,-1
leaky,1000,20261001-43-NbWz,26,pos 7 plies ago,-1,0
leaky,1000,20261001-43-NbWz,26,pos 7 plies ago,-1,1
leaky,1000,20261001-43-NbWz,26,pos 7 plies ago,-1,2
leaky,1000,20261001-43-NbWz,26,pos 7 plies ago,-1,3
leaky,1000,20261001-43-NbWz,26,pos 7 plies ago,0,-3
leaky,1000,20261001-43-NbWz,26,pos 7 plies ago,0,-2
leaky,1000,20261001-43-NbWz,26,pos 7 plies ago,0,-1
leaky,1000,20261001-43-NbWz,26,pos 7 plies ago,0,0
leaky,1000,20261001-43-NbWz,26,pos 7 plies ago,0,1
leaky,1000,20261001-43-NbWz,26,pos 7 plies ago,0,2
leaky,1000,20261001-43-NbWz,26,pos 7 plies ago,0,3
leaky,1000,20261001-43-NbWz,26,pos 7 plies ago,1,-3
leaky,1000,20261001-43-NbWz,26,pos 7 plies ago,1,-2
leaky,1000,20261001-43-NbWz,26,pos 7 plies ago,1,-1
leaky,1000,20261001-43-NbWz,26,pos 7 plies ago,1,0
leaky,1000,20261001-43-NbWz,26,pos 7 plies ago,1,1
leaky,1000,20261001-43-NbWz,26,pos 7 plies ago,1,2
leaky,1000,20261001-43-NbWz,26,pos 7 plies ago,1,3
leaky,1000,20261001-43-NbWz,26,pos 7 plies ago,2,-3
leaky,1000,20261001-43-NbWz,26,pos 7 plies ago,2,-2
leaky,1000,20261001-43-NbWz,26,pos 7 plies ago,2,-1
leaky,1000,20261001-43-NbWz,26,pos 7 plies ago,2,0
leaky,1000,20261001-43-NbWz,26,pos 7 plies ago,2,1
leaky,1000,20261001-43-NbWz,26,pos 7 plies ago,2,2
leaky,1000,20261001-43-NbWz,26,pos 7 plies ago,2,3
leaky,1000,20261001-43-NbWz,26,pos 7 plies ago,3,-3
leaky,1000,20261001-43-NbWz,26,pos 7 plies ago,3,-2
leaky,1000,20261001-43-NbWz,26,pos 7 plies ago,3,-1
leaky,1000,20261001-43-NbWz,26,pos 7 plies ago,3,0
leaky,1000,20261001-43-NbWz,26,pos 7 plies ago,3,1
leaky,1000,20261001-43-NbWz,26,pos 7 plies ago,3,2
leaky,1000,20261001-43-NbWz,26,pos 7 plies ago,3,3
leaky,1000,20261001-43-NbWz,28,pos 9 plies ago,-3,-3
leaky,1000,20261001-43-NbWz,28,pos 9 plies ago,-3,-2
leaky,1000,20261001-43-NbWz,28,pos 9 plies ago,-3,-1
leaky,1000,20261001-43-NbWz,28,pos 9 plies ago,-3,0
leaky,1000,20261001-43-NbWz,28,pos 9 plies ago,-3,1
leaky,1000,20261001-43-NbWz,28,pos 9 plies ago,-3,2
leaky,1000,20261001-43-NbWz,28,pos 9 plies ago,-3,3
leaky,1000,20261001-43-NbWz,28,pos 9 plies ago,-2,-3
leaky,1000,20261001-43-NbWz,28,pos 9 plies ago,-2,-2
leaky,1000,20261001-43-NbWz,28,pos 9 plies ago,-2,-1
leaky,1000,20261001-43-NbWz,28,pos 9 plies ago,-2,0
leaky,1000,20261001-43-NbWz,28,pos 9 plies ago,-2,1
leaky,1000,20261001-43-NbWz,28,pos 9 plies ago,-2,2
leaky,1000,20261001-43-NbWz,28,pos 9 plies ago,-2,3
leaky,1000,20261001-43-NbWz,28,pos 9 plies ago,-1,-3
leaky,1000,20261001-43-NbWz,28,pos 9 plies ago,-1,-2
leaky,1000,20261001-43-NbWz,28,pos 9 plies ago,-1,-1
leaky,1000,20261001-43-NbWz,28,pos 9 plies ago,-1,0
leaky,1000,20261001-43-NbWz,28,pos 9 plies ago,-1,1
leaky,1000,20261001-43-NbWz,28,pos 9 plies ago,-1,2
leaky,1000,20261001-43-NbWz,28,pos 9 plies ago,-1,3
leaky,1000,20261001-43-NbWz,28,pos 9 plies ago,0,-3
leaky,1000,20261001-43-NbWz,28,pos 9 plies ago,0,-2
leaky,1000,20261001-43-NbWz,28,pos 9 plies ago,0,-1
leaky,1000,20261001-43-NbWz,28,pos 9 plies ago,0,0
leaky,1000,20261001-43-NbWz,28,pos 9 plies ago,0,1
leaky,1000,20261001-43-NbWz,28,pos 9 plies ago,0,2
leaky,1000,20261001-43-NbWz,28,pos 9 plies ago,0,3
leaky,1000,20261001-43-NbWz,28,pos 9 plies ago,1,-3
leaky,1000,20261001-43-NbWz,28,pos 9 plies ago,1,-2
leaky,1000,20261001-43-NbWz,28,pos 9 plies ago,1,-1
leaky,1000,20261001-43-NbWz,28,pos 9 plies ago,1,0
leaky,1000,20261001-43-NbWz,28,pos 9 plies ago,1,1
leaky,1000,20261001-43-NbWz,28,pos 9 plies ago,1,2
leaky,1000,20261001-43-NbWz,28,pos 9 plies ago,1,3
leaky,1000,20261001-43-NbWz,28,pos 9 plies ago,2,-3
leaky,1000,20261001-43-NbWz,28,pos 9 plies ago,2,-2
leaky,1000,20261001-43-NbWz,28,pos 9 plies ago,2,-1
leaky,1000,20261001-43-NbWz,28,pos 9 plies ago,2,0
leaky,1000,20261001-43-NbWz,28,pos 9 plies ago,2,1
leaky,1000,20261001-43-NbWz,28,pos 9 plies ago,2,2
leaky,1000,20261001-43-NbWz,28,pos 9 plies ago,2,3
leaky,1000,20261001-43-NbWz,28,pos 9 plies ago,3,-3
leaky,1000,20261001-43-NbWz,28,pos 9 plies ago,3,-2
leaky,1000,20261001-43-NbWz,28,pos 9 plies ago,3,-1
leaky,1000,20261001-43-NbWz,28,pos 9 plies ago,3,0
leaky,1000,20261001-43-NbWz,28,pos 9 plies ago,3,1
leaky,1000,20261001-43-NbWz,28,pos 9 plies ago,3,2
leaky,1000,20261001-43-NbWz,28,pos 9 plies ago,3,3
leaky,2000,20261001-43-NbWz,16,en passant,3,-3
leaky,2000,20261001-43-NbWz,16,en passant,3,-2
leaky,2000,20261001-43-NbWz,16,en passant,3,-1
leaky,2000,20261001-43-NbWz,16,en passant,3,0
leaky,2000,20261001-43-NbWz,16,en passant,3,1
leaky,2000,20261001-43-NbWz,16,en passant,3,2
leaky,2000,20261001-43-NbWz,16,en passant,3,3
leaky,2000,20261001-43-NbWz,19,rep >=2 before,-3,-3
leaky,2000,20261001-43-NbWz,19,rep >=2 before,-3,-2
leaky,2000,20261001-43-NbWz,19,rep >=2 before,-3,-1
leaky,2000,20261001-43-NbWz,19,rep >=2 before,-3,0
leaky,2000,20261001-43-NbWz,19,rep >=2 before,-3,1
leaky,2000,20261001-43-NbWz,19,rep >=2 before,-3,2
leaky,2000,20261001-43-NbWz,19,rep >=2 before,-3,3
leaky,2000,20261001-43-NbWz,19,rep >=2 before,-2,-3
leaky,2000,20261001-43-NbWz,19,rep >=2 before,-2,-2
leaky,2000,20261001-43-NbWz,19,rep >=2 before,-2,-1
leaky,2000,20261001-43-NbWz,19,rep >=2 before,-2,0
leaky,2000,20261001-43-NbWz,19,rep >=2 before,-2,1
leaky,2000,20261001-43-NbWz,19,rep >=2 before,-2,2
leaky,2000,20261001-43-NbWz,19,rep >=2 before,-2,3
leaky,2000,20261001-43-NbWz,19,rep >=2 before,-1,-3
leaky,2000,20261001-43-NbWz,19,rep >=2 before,-1,-2
leaky,2000,20261001-43-NbWz,19,rep >=2 before,-1,-1
leaky,2000,20261001-43-NbWz,19,rep >=2 before,-1,0
leaky,2000,20261001-43-NbWz,19,rep >=2 before,-1,1
leaky,2000,20261001-43-NbWz,19,rep >=2 before,-1,2
leaky,2000,20261001-43-NbWz,19,rep >=2 before,-1,3
leaky,2000,20261001-43-NbWz,19,rep >=2 before,0,-3
leaky,2000,20261001-43-NbWz,19,rep >=2 before,0,-2
leaky,2000,20261001-43-NbWz,19,rep >=2 before,0,-1
leaky,2000,20261001-43-NbWz,19,rep >=2 before,0,0
leaky,2000,20261001-43-NbWz,19,rep >=2 before,0,1
leaky,2000,20261001-43-NbWz,19,rep >=2 before,0,2
leaky,2000,20261001-43-NbWz,19,rep >=2 before,0,3
leaky,2000,20261001-43-NbWz,19,rep >=2 before,1,-3
leaky,2000,20261001-43-NbWz,19,rep >=2 before,1,-2
leaky,2000,20261001-43-NbWz,19,rep >=2 before,1,-1
leaky,2000,20261001-43-NbWz,19,rep >=2 before,1,0
leaky,2000,20261001-43-NbWz,19,rep >=2 before,1,1
leaky,2000,20261001-43-NbWz,19,rep >=2 before,1,2
leaky,2000,20261001-43-NbWz,19,rep >=2 before,1,3
leaky,2000,20261001-43-NbWz,19,rep >=2 before,2,-3
leaky,2000,20261001-43-NbWz,19,rep >=2 before,2,-2
leaky,2000,20261001-43-NbWz,19,rep >=2 before,2,-1
leaky,2000,20261001-43-NbWz,19,rep >=2 before,2,0
leaky,2000,20261001-43-NbWz,19,rep >=2 before,2,1
leaky,2000,20261001-43-NbWz,19,rep >=2 before,2,2
leaky,2000,20261001-43-NbWz,19,rep >=2 before,2,3
leaky,2000,20261001-43-NbWz,19,rep >=2 before,3,-3
leaky,2000,20261001-43-NbWz,19,rep >=2 before,3,-2
leaky,2000,20261001-43-NbWz,19,rep >=2 before,3,-1
leaky,2000,20261001-43-NbWz,19,rep >=2 before,3,0
leaky,2000,20261001-43-NbWz,19,rep >=2 before,3,1
leaky,2000,20261001-43-NbWz,19,rep >=2 before,3,2
leaky,2000,20261001-43-NbWz,19,rep >=2 before,3,3
leaky,2000,20261001-43-NbWz,20,pos 1 plies ago,-3,-3
leaky,2000,20261001-43-NbWz,20,pos 1 plies ago,-3,-2
leaky,2000,20261001-43-NbWz,20,pos 1 plies ago,-3,-1
leaky,2000,20261001-43-NbWz,20,pos 1 plies ago,-3,0
leaky,2000,20261001-43-NbWz,20,pos 1 plies ago,-3,1
leaky,2000,20261001-43-NbWz,20,pos 1 plies ago,-3,2
leaky,2000,20261001-43-NbWz,20,pos 1 plies ago,-3,3
leaky,2000,20261001-43-NbWz,20,pos 1 plies ago,-2,-3
leaky,2000,20261001-43-NbWz,20,pos 1 plies ago,-2,-2
leaky,2000,20261001-43-NbWz,20,pos 1 plies ago,-2,-1
leaky,2000,20261001-43-NbWz,20,pos 1 plies ago,-2,0
leaky,2000,20261001-43-NbWz,20,pos 1 plies ago,-2,1
leaky,2000,20261001-43-NbWz,20,pos 1 plies ago,-2,2
leaky,2000,20261001-43-NbWz,20,pos 1 plies ago,-2,3
leaky,2000,20261001-43-NbWz,20,pos 1 plies ago,-1,-3
leaky,2000,20261001-43-NbWz,20,pos 1 plies ago,-1,-2
leaky,2000,20261001-43-NbWz,20,pos 1 plies ago,-1,-1
leaky,2000,20261001-43-NbWz,20,pos 1 plies ago,-1,0
leaky,2000,20261001-43-NbWz,20,pos 1 plies ago,-1,1
leaky,2000,20261001-43-NbWz,20,pos 1 plies ago,-1,2
leaky,2000,20261001-43-NbWz,20,pos 1 plies ago,-1,3
leaky,2000,20261001-43-NbWz,20,pos 1 plies ago,0,-3
leaky,2000,20261001-43-NbWz,20,pos 1 plies ago,0,-2
leaky,2000,20261001-43-NbWz,20,pos 1 plies ago,0,-1
leaky,2000,20261001-43-NbWz,20,pos 1 plies ago,0,0
leaky,2000,20261001-43-NbWz,20,pos 1 plies ago,0,1
leaky,2000,20261001-43-NbWz,20,pos 1 plies ago,0,2
leaky,2000,20261001-43-NbWz,20,pos 1 plies ago,0,3
leaky,2000,20261001-43-NbWz,20,pos 1 plies ago,1,-3
leaky,2000,20261001-43-NbWz,20,pos 1 plies ago,1,-2
leaky,2000,20261001-43-NbWz,20,pos 1 plies ago,1,-1
leaky,2000,20261001-43-NbWz,20,pos 1 plies ago,1,0
leaky,2000,20261001-43-NbWz,20,pos 1 plies ago,1,1
leaky,2000,20261001-43-NbWz,20,pos 1 plies ago,1,2
leaky,2000,20261001-43-NbWz,20,pos 1 plies ago,1,3
leaky,2000,20261001-43-NbWz,20,pos 1 plies ago,2,-3
leaky,2000,20261001-43-NbWz,20,pos 1 plies ago,2,-2
leaky,2000,20261001-43-NbWz,20,pos 1 plies ago,2,-1
leaky,2000,20261001-43-NbWz,20,pos 1 plies ago,2,0
leaky,2000,20261001-43-NbWz,20,pos 1 plies ago,2,1
leaky,2000,20261001-43-NbWz,20,pos 1 plies ago,2,2
leaky,2000,20261001-43-NbWz,20,pos 1 plies ago,2,3
leaky,2000,20261001-43-NbWz,20,pos 1 plies ago,3,-3
leaky,2000,20261001-43-NbWz,20,pos 1 plies ago,3,-2
leaky,2000,20261001-43-NbWz,20,pos 1 plies ago,3,-1
leaky,2000,20261001-43-NbWz,20,pos 1 plies ago,3,0
leaky,2000,20261001-43-NbWz,20,pos 1 plies ago,3,1
leaky,2000,20261001-43-NbWz,20,pos 1 plies ago,3,2
leaky,2000,20261001-43-NbWz,20,pos 1 plies ago,3,3
leaky,2000,20261001-43-NbWz,21,pos 2 plies ago,-3,-3
leaky,2000,20261001-43-NbWz,21,pos 2 plies ago,-3,-2
leaky,2000,20261001-43-NbWz,21,pos 2 plies ago,-3,-1
leaky,2000,20261001-43-NbWz,21,pos 2 plies ago,-3,0
leaky,2000,20261001-43-NbWz,21,pos 2 plies ago,-3,1
leaky,2000,20261001-43-NbWz,21,pos 2 plies ago,-3,2
leaky,2000,20261001-43-NbWz,21,pos 2 plies ago,-3,3
leaky,2000,20261001-43-NbWz,21,pos 2 plies ago,-2,-3
leaky,2000,20261001-43-NbWz,21,pos 2 plies ago,-2,-2
leaky,2000,20261001-43-NbWz,21,pos 2 plies ago,-2,-1
leaky,2000,20261001-43-NbWz,21,pos 2 plies ago,-2,0
leaky,2000,20261001-43-NbWz,21,pos 2 plies ago,-2,1
leaky,2000,20261001-43-NbWz,21,pos 2 plies ago,-2,2
leaky,2000,20261001-43-NbWz,21,pos 2 plies ago,-2,3
leaky,2000,20261001-43-NbWz,21,pos 2 plies ago,-1,-3
leaky,2000,20261001-43-NbWz,21,pos 2 plies ago,-1,-2
leaky,2000,20261001-43-NbWz,21,pos 2 plies ago,-1,-1
leaky,2000,20261001-43-NbWz,21,pos 2 plies ago,-1,0
leaky,2000,20261001-43-NbWz,21,pos 2 plies ago,-1,1
leaky,2000,20261001-43-NbWz,21,pos 2 plies ago,-1,2
leaky,2000,20261001-43-NbWz,21,pos 2 plies ago,-1,3
leaky,2000,20261001-43-NbWz,21,pos 2 plies ago,0,-3
leaky,2000,20261001-43-NbWz,21,pos 2 plies ago,0,-2
leaky,2000,20261001-43-NbWz,21,pos 2 plies ago,0,-1
leaky,2000,20261001-43-NbWz,21,pos 2 plies ago,0,0
leaky,2000,20261001-43-NbWz,21,pos 2 plies ago,0,1
leaky,2000,20261001-43-NbWz,21,pos 2 plies ago,0,2
leaky,2000,20261001-43-NbWz,21,pos 2 plies ago,0,3
leaky,2000,20261001-43-NbWz,21,pos 2 plies ago,1,-3
leaky,2000,20261001-43-NbWz,21,pos 2 plies ago,1,-2
leaky,2000,20261001-43-NbWz,21,pos 2 plies ago,1,-1
leaky,2000,20261001-43-NbWz,21,pos 2 plies ago,1,0
leaky,2000,20261001-43-NbWz,21,pos 2 plies ago,1,1
leaky,2000,20261001-43-NbWz,21,pos 2 plies ago,1,2
leaky,2000,20261001-43-NbWz,21,pos 2 plies ago,1,3
leaky,2000,20261001-43-NbWz,21,pos 2 plies ago,2,-3
leaky,2000,20261001-43-NbWz,21,pos 2 plies ago,2,-2
leaky,2000,20261001-43-NbWz,21,pos 2 plies ago,2,-1
leaky,2000,20261001-43-NbWz,21,pos 2 plies ago,2,0
leaky,2000,20261001-43-NbWz,21,pos 2 plies ago,2,1
leaky,2000,20261001-43-NbWz,21,pos 2 plies ago,2,2
leaky,2000,20261001-43-NbWz,21,pos 2 plies ago,2,3
leaky,2000,20261001-43-NbWz,21,pos 2 plies ago,3,-3
leaky,2000,20261001-43-NbWz,21,pos 2 plies ago,3,-2
leaky,2000,20261001-43-NbWz,21,pos 2 plies ago,3,-1
leaky,2000,20261001-43-NbWz,21,pos 2 plies ago,3,0
leaky,2000,20261001-43-NbWz,21,pos 2 plies ago,3,1
leaky,2000,20261001-43-NbWz,21,pos 2 plies ago,3,2
leaky,2000,20261001-43-NbWz,21,pos 2 plies ago,3,3
leaky,2000,20261001-43-NbWz,22,pos 3 plies ago,-3,-3
leaky,2000,20261001-43-NbWz,22,pos 3 plies ago,-3,-2
leaky,2000,20261001-43-NbWz,22,pos 3 plies ago,-3,-1
leaky,2000,20261001-43-NbWz,22,pos 3 plies ago,-3,0
leaky,2000,20261001-43-NbWz,22,pos 3 plies ago,-3,1
leaky,2000,20261001-43-NbWz,22,pos 3 plies ago,-3,2
leaky,2000,20261001-43-NbWz,22,pos 3 plies ago,-3,3
leaky,2000,20261001-43-NbWz,22,pos 3 plies ago,-2,-3
leaky,2000,20261001-43-NbWz,22,pos 3 plies ago,-2,-2
leaky,2000,20261001-43-NbWz,22,pos 3 plies ago,-2,-1
leaky,2000,20261001-43-NbWz,22,pos 3 plies ago,-2,0
leaky,2000,20261001-43-NbWz,22,pos 3 plies ago,-2,1
leaky,2000,20261001-43-NbWz,22,pos 3 plies ago,-2,2
leaky,2000,20261001-43-NbWz,22,pos 3 plies ago,-2,3
leaky,2000,20261001-43-NbWz,22,pos 3 plies ago,-1,-3
leaky,2000,20261001-43-NbWz,22,pos 3 plies ago,-1,-2
leaky,2000,20261001-43-NbWz,22,pos 3 plies ago,-1,-1
leaky,2000,20261001-43-NbWz,22,pos 3 plies ago,-1,0
leaky,2000,20261001-43-NbWz,22,pos 3 plies ago,-1,1
leaky,2000,20261001-43-NbWz,22,pos 3 plies ago,-1,2
leaky,2000,20261001-43-NbWz,22,pos 3 plies ago,-1,3
leaky,2000,20261001-43-NbWz,22,pos 3 plies ago,0,-3
leaky,2000,20261001-43-NbWz,22,pos 3 plies ago,0,-2
leaky,2000,20261001-43-NbWz,22,pos 3 plies ago,0,-1
leaky,2000,20261001-43-NbWz,22,pos 3 plies ago,0,0
leaky,2000,20261001-43-NbWz,22,pos 3 plies ago,0,1
leaky,2000,20261001-43-NbWz,22,pos 3 plies ago,0,2
leaky,2000,20261001-43-NbWz,22,pos 3 plies ago,0,3
leaky,2000,20261001-43-NbWz,22,pos 3 plies ago,1,-3
leaky,2000,20261001-43-NbWz,22,pos 3 plies ago,1,-2
leaky,2000,20261001-43-NbWz,22,pos 3 plies ago,1,-1
leaky,2000,20261001-43-NbWz,22,pos 3 plies ago,1,0
leaky,2000,20261001-43-NbWz,22,pos 3 plies ago,1,1
leaky,2000,20261001-43-NbWz,22,pos 3 plies ago,1,2
leaky,2000,20261001-43-NbWz,22,pos 3 plies ago,1,3
leaky,2000,20261001-43-NbWz,22,pos 3 plies ago,2,-3
leaky,2000,20261001-43-NbWz,22,pos 3 plies ago,2,-2
leaky,2000,20261001-43-NbWz,22,pos 3 plies ago,2,-1
leaky,2000,20261001-43-NbWz,22,pos 3 plies ago,2,0
leaky,2000,20261001-43-NbWz,22,pos 3 plies ago,2,1
leaky,2000,20261001-43-NbWz,22,pos 3 plies ago,2,2
leaky,2000,20261001-43-NbWz,22,pos 3 plies ago,2,3
leaky,2000,20261001-43-NbWz,22,pos 3 plies ago,3,-3
leaky,2000,20261001-43-NbWz,22,pos 3 plies ago,3,-2
leaky,2000,20261001-43-NbWz,22,pos 3 plies ago,3,-1
leaky,2000,20261001-43-NbWz,22,pos 3 plies ago,3,0
leaky,2000,20261001-43-NbWz,22,pos 3 plies ago,3,1
leaky,2000,20261001-43-NbWz,22,pos 3 plies ago,3,2
leaky,2000,20261001-43-NbWz,22,pos 3 plies ago,3,3
leaky,2000,20261001-43-NbWz,24,pos 5 plies ago,-3,-3
leaky,2000,20261001-43-NbWz,24,pos 5 plies ago,-3,-2
leaky,2000,20261001-43-NbWz,24,pos 5 plies ago,-3,-1
leaky,2000,20261001-43-NbWz,24,pos 5 plies ago,-3,0
leaky,2000,20261001-43-NbWz,24,pos 5 plies ago,-3,1
leaky,2000,20261001-43-NbWz,24,pos 5 plies ago,-3,2
leaky,2000,20261001-43-NbWz,24,pos 5 plies ago,-3,3
leaky,2000,20261001-43-NbWz,24,pos 5 plies ago,-2,-3
leaky,2000,20261001-43-NbWz,24,pos 5 plies ago,-2,-2
leaky,2000,20261001-43-NbWz,24,pos 5 plies ago,-2,-1
leaky,2000,20261001-43-NbWz,24,pos 5 plies ago,-2,0
leaky,2000,20261001-43-NbWz,24,pos 5 plies ago,-2,1
leaky,2000,20261001-43-NbWz,24,pos 5 plies ago,-2,2
leaky,2000,20261001-43-NbWz,24,pos 5 plies ago,-2,3
leaky,2000,20261001-43-NbWz,24,pos 5 plies ago,-1,-3
leaky,2000,20261001-43-NbWz,24,pos 5 plies ago,-1,-2
leaky,2000,20261001-43-NbWz,24,pos 5 plies ago,-1,-1
leaky,2000,20261001-43-NbWz,24,pos 5 plies ago,-1,0
leaky,2000,20261001-43-NbWz,24,pos 5 plies ago,-1,1
leaky,2000,20261001-43-NbWz,24,pos 5 plies ago,-1,2
leaky,2000,20261001-43-NbWz,24,pos 5 plies ago,-1,3
leaky,2000,20261001-43-NbWz,24,pos 5 plies ago,0,-3
leaky,2000,20261001-43-NbWz,24,pos 5 plies ago,0,-2
leaky,2000,20261001-43-NbWz,24,pos 5 plies ago,0,-1
leaky,2000,20261001-43-NbWz,24,pos 5 plies ago,0,0
leaky,2000,20261001-43-NbWz,24,pos 5 plies ago,0,1
leaky,2000,20261001-43-NbWz,24,pos 5 plies ago,0,2
leaky,2000,20261001-43-NbWz,24,pos 5 plies ago,0,3
leaky,2000,20261001-43-NbWz,24,pos 5 plies ago,1,-3
leaky,2000,20261001-43-NbWz,24,pos 5 plies ago,1,-2
leaky,2000,20261001-43-NbWz,24,pos 5 plies ago,1,-1
leaky,2000,20261001-43-NbWz,24,pos 5 plies ago,1,0
leaky,2000,20261001-43-NbWz,24,pos 5 plies ago,1,1
leaky,2000,20261001-43-NbWz,24,pos 5 plies ago,1,2
leaky,2000,20261001-43-NbWz,24,pos 5 plies ago,1,3
leaky,2000,20261001-43-NbWz,24,pos 5 plies ago,2,-3
leaky,2000,20261001-43-NbWz,24,pos 5 plies ago,2,-2
leaky,2000,20261001-43-NbWz,24,pos 5 plies ago,2,-1
leaky,2000,20261001-43-NbWz,24,pos 5 plies ago,2,0
leaky,2000,20261001-43-NbWz,24,pos 5 plies ago,2,1
leaky,2000,20261001-43-NbWz,24,pos 5 plies ago,2,2
leaky,2000,20261001-43-NbWz,24,pos 5 plies ago,2,3
leaky,2000,20261001-43-NbWz,24,pos 5 plies ago,3,-3
leaky,2000,20261001-43-NbWz,24,pos 5 plies ago,3,-2
leaky,2000,20261001-43-NbWz,24,pos 5 plies ago,3,-1
leaky,2000,20261001-43-NbWz,24,pos 5 plies ago,3,0
leaky,2000,20261001-43-NbWz,24,pos 5 plies ago,3,1
leaky,2000,20261001-43-NbWz,24,pos 5 plies ago,3,2
leaky,2000,20261001-43-NbWz,24,pos 5 plies ago,3,3
leaky,2000,20261001-43-NbWz,26,pos 7 plies ago,-3,-3
leaky,2000,20261001-43-NbWz,26,pos 7 plies ago,-3,-2
leaky,2000,20261001-43-NbWz,26,pos 7 plies ago,-3,-1
leaky,2000,20261001-43-NbWz,26,pos 7 plies ago,-3,0
leaky,2000,20261001-43-NbWz,26,pos 7 plies ago,-3,1
leaky,2000,20261001-43-NbWz,26,pos 7 plies ago,-3,2
leaky,2000,20261001-43-NbWz,26,pos 7 plies ago,-3,3
leaky,2000,20261001-43-NbWz,26,pos 7 plies ago,-2,-3
leaky,2000,20261001-43-NbWz,26,pos 7 plies ago,-2,-2
leaky,2000,20261001-43-NbWz,26,pos 7 plies ago,-2,-1
leaky,2000,20261001-43-NbWz,26,pos 7 plies ago,-2,0
leaky,2000,20261001-43-NbWz,26,pos 7 plies ago,-2,1
leaky,2000,20261001-43-NbWz,26,pos 7 plies ago,-2,2
leaky,2000,20261001-43-NbWz,26,pos 7 plies ago,-2,3
leaky,2000,20261001-43-NbWz,26,pos 7 plies ago,-1,-3
leaky,2000,20261001-43-NbWz,26,pos 7 plies ago,-1,-2
leaky,2000,20261001-43-NbWz,26,pos 7 plies ago,-1,-1
leaky,2000,20261001-43-NbWz,26,pos 7 plies ago,-1,0
leaky,2000,20261001-43-NbWz,26,pos 7 plies ago,-1,1
leaky,2000,20261001-43-NbWz,26,pos 7 plies ago,-1,2
leaky,2000,20261001-43-NbWz,26,pos 7 plies ago,-1,3
leaky,2000,20261001-43-NbWz,26,pos 7 plies ago,0,-3
leaky,2000,20261001-43-NbWz,26,pos 7 plies ago,0,-2
leaky,2000,20261001-43-NbWz,26,pos 7 plies ago,0,-1
leaky,2000,20261001-43-NbWz,26,pos 7 plies ago,0,0
leaky,2000,20261001-43-NbWz,26,pos 7 plies ago,0,1
leaky,2000,20261001-43-NbWz,26,pos 7 plies ago,0,2
leaky,2000,20261001-43-NbWz,26,pos 7 plies ago,0,3
leaky,2000,20261001-43-NbWz,26,pos 7 plies ago,1,-3
leaky,2000,20261001-43-NbWz,26,pos 7 plies ago,1,-2
leaky,2000,20261001-43-NbWz,26,pos 7 plies ago,1,-1
leaky,2000,20261001-43-NbWz,26,pos 7 plies ago,1,0
leaky,2000,20261001-43-NbWz,26,pos 7 plies ago,1,1
leaky,2000,20261001-43-NbWz,26,pos 7 plies ago,1,2
leaky,2000,20261001-43-NbWz,26,pos 7 plies ago,1,3
leaky,2000,20261001-43-NbWz,26,pos 7 plies ago,2,-3
leaky,2000,20261001-43-NbWz,26,pos 7 plies ago,2,-2
leaky,2000,20261001-43-NbWz,26,pos 7 plies ago,2,-1
leaky,2000,20261001-43-NbWz,26,pos 7 plies ago,2,0
leaky,2000,20261001-43-NbWz,26,pos 7 plies ago,2,1
leaky,2000,20261001-43-NbWz,26,pos 7 plies ago,2,2
leaky,2000,20261001-43-NbWz,26,pos 7 plies ago,2,3
leaky,2000,20261001-43-NbWz,26,pos 7 plies ago,3,-3
leaky,2000,20261001-43-NbWz,26,pos 7 plies ago,3,-2
leaky,2000,20261001-43-NbWz,26,pos 7 plies ago,3,-1
leaky,2000,20261001-43-NbWz,26,pos 7 plies ago,3,0
leaky,2000,20261001-43-NbWz,26,pos 7 plies ago,3,1
leaky,2000,20261001-43-NbWz,26,pos 7 plies ago,3,2
leaky,2000,20261001-43-NbWz,26,pos 7 plies ago,3,3
leaky,2000,20261001-43-NbWz,28,pos 9 plies ago,-3,-3
leaky,2000,20261001-43-NbWz,28,pos 9 plies ago,-3,-2
leaky,2000,20261001-43-NbWz,28,pos 9 plies ago,-3,-1
leaky,2000,20261001-43-NbWz,28,pos 9 plies ago,-3,0
leaky,2000,20261001-43-NbWz,28,pos 9 plies ago,-3,1
leaky,2000,20261001-43-NbWz,28,pos 9 plies ago,-3,2
leaky,2000,20261001-43-NbWz,28,pos 9 plies ago,-3,3
leaky,2000,20261001-43-NbWz,28,pos 9 plies ago,-2,-3
leaky,2000,20261001-43-NbWz,28,pos 9 plies ago,-2,-2
leaky,2000,20261001-43-NbWz,28,pos 9 plies ago,-2,-1
leaky,2000,20261001-43-NbWz,28,pos 9 plies ago,-2,0
leaky,2000,20261001-43-NbWz,28,pos 9 plies ago,-2,1
leaky,2000,20261001-43-NbWz,28,pos 9 plies ago,-2,2
leaky,2000,20261001-43-NbWz,28,pos 9 plies ago,-2,3
leaky,2000,20261001-43-NbWz,28,pos 9 plies ago,-1,-3
leaky,2000,20261001-43-NbWz,28,pos 9 plies ago,-1,-2
leaky,2000,20261001-43-NbWz,28,pos 9 plies ago,-1,-1
leaky,2000,20261001-43-NbWz,28,pos 9 plies ago,-1,0
leaky,2000,20261001-43-NbWz,28,pos 9 plies ago,-1,1
leaky,2000,20261001-43-NbWz,28,pos 9 plies ago,-1,2
leaky,2000,20261001-43-NbWz,28,pos 9 plies ago,-1,3
leaky,2000,20261001-43-NbWz,28,pos 9 plies ago,0,-3
leaky,2000,20261001-43-NbWz,28,pos 9 plies ago,0,-2
leaky,2000,20261001-43-NbWz,28,pos 9 plies ago,0,-1
leaky,2000,20261001-43-NbWz,28,pos 9 plies ago,0,0
leaky,2000,20261001-43-NbWz,28,pos 9 plies ago,0,1
leaky,2000,20261001-43-NbWz,28,pos 9 plies ago,0,2
leaky,2000,20261001-43-NbWz,28,pos 9 plies ago,0,3
leaky,2000,20261001-43-NbWz,28,pos 9 plies ago,1,-3
leaky,2000,20261001-43-NbWz,28,pos 9 plies ago,1,-2
leaky,2000,20261001-43-NbWz,28,pos 9 plies ago,1,-1
leaky,2000,20261001-43-NbWz,28,pos 9 plies ago,1,0
leaky,2000,20261001-43-NbWz,28,pos 9 plies ago,1,1
leaky,2000,20261001-43-NbWz,28,pos 9 plies ago,1,2
leaky,2000,20261001-43-NbWz,28,pos 9 plies ago,1,3
leaky,2000,20261001-43-NbWz,28,pos 9 plies ago,2,-3
leaky,2000,20261001-43-NbWz,28,pos 9 plies ago,2,-2
leaky,2000,20261001-43-NbWz,28,pos 9 plies ago,2,-1
leaky,2000,20261001-43-NbWz,28,pos 9 plies ago,2,0
leaky,2000,20261001-43-NbWz,28,pos 9 plies ago,2,1
leaky,2000,20261001-43-NbWz,28,pos 9 plies ago,2,2
leaky,2000,20261001-43-NbWz,28,pos 9 plies ago,2,3
leaky,2000,20261001-43-NbWz,28,pos 9 plies ago,3,-3
leaky,2000,20261001-43-NbWz,28,pos 9 plies ago,3,-2
leaky,2000,20261001-43-NbWz,28,pos 9 plies ago,3,-1
leaky,2000,20261001-43-NbWz,28,pos 9 plies ago,3,0
leaky,2000,20261001-43-NbWz,28,pos 9 plies ago,3,1
leaky,2000,20261001-43-NbWz,28,pos 9 plies ago,3,2
leaky,2000,20261001-43-NbWz,28,pos 9 plies ago,3,3
leaky,3000,20261001-43-NbWz,16,en passant,3,-3
leaky,3000,20261001-43-NbWz,16,en passant,3,-2
leaky,3000,20261001-43-NbWz,16,en passant,3,-1
leaky,3000,20261001-43-NbWz,16,en passant,3,0
leaky,3000,20261001-43-NbWz,16,en passant,3,1
leaky,3000,20261001-43-NbWz,16,en passant,3,2
leaky,3000,20261001-43-NbWz,16,en passant,3,3
leaky,3000,20261001-43-NbWz,19,rep >=2 before,-3,-3
leaky,3000,20261001-43-NbWz,19,rep >=2 before,-3,-2
leaky,3000,20261001-43-NbWz,19,rep >=2 before,-3,-1
leaky,3000,20261001-43-NbWz,19,rep >=2 before,-3,0
leaky,3000,20261001-43-NbWz,19,rep >=2 before,-3,1
leaky,3000,20261001-43-NbWz,19,rep >=2 before,-3,2
leaky,3000,20261001-43-NbWz,19,rep >=2 before,-3,3
leaky,3000,20261001-43-NbWz,19,rep >=2 before,-2,-3
leaky,3000,20261001-43-NbWz,19,rep >=2 before,-2,-2
leaky,3000,20261001-43-NbWz,19,rep >=2 before,-2,-1
leaky,3000,20261001-43-NbWz,19,rep >=2 before,-2,0
leaky,3000,20261001-43-NbWz,19,rep >=2 before,-2,1
leaky,3000,20261001-43-NbWz,19,rep >=2 before,-2,2
leaky,3000,20261001-43-NbWz,19,rep >=2 before,-2,3
leaky,3000,20261001-43-NbWz,19,rep >=2 before,-1,-3
leaky,3000,20261001-43-NbWz,19,rep >=2 before,-1,-2
leaky,3000,20261001-43-NbWz,19,rep >=2 before,-1,-1
leaky,3000,20261001-43-NbWz,19,rep >=2 before,-1,0
leaky,3000,20261001-43-NbWz,19,rep >=2 before,-1,1
leaky,3000,20261001-43-NbWz,19,rep >=2 before,-1,2
leaky,3000,20261001-43-NbWz,19,rep >=2 before,-1,3
leaky,3000,20261001-43-NbWz,19,rep >=2 before,0,-3
leaky,3000,20261001-43-NbWz,19,rep >=2 before,0,-2
leaky,3000,20261001-43-NbWz,19,rep >=2 before,0,-1
leaky,3000,20261001-43-NbWz,19,rep >=2 before,0,0
leaky,3000,20261001-43-NbWz,19,rep >=2 before,0,1
leaky,3000,20261001-43-NbWz,19,rep >=2 before,0,2
leaky,3000,20261001-43-NbWz,19,rep >=2 before,0,3
leaky,3000,20261001-43-NbWz,19,rep >=2 before,1,-3
leaky,3000,20261001-43-NbWz,19,rep >=2 before,1,-2
leaky,3000,20261001-43-NbWz,19,rep >=2 before,1,-1
leaky,3000,20261001-43-NbWz,19,rep >=2 before,1,0
leaky,3000,20261001-43-NbWz,19,rep >=2 before,1,1
leaky,3000,20261001-43-NbWz,19,rep >=2 before,1,2
leaky,3000,20261001-43-NbWz,19,rep >=2 before,1,3
leaky,3000,20261001-43-NbWz,19,rep >=2 before,2,-3
leaky,3000,20261001-43-NbWz,19,rep >=2 before,2,-2
leaky,3000,20261001-43-NbWz,19,rep >=2 before,2,-1
leaky,3000,20261001-43-NbWz,19,rep >=2 before,2,0
leaky,3000,20261001-43-NbWz,19,rep >=2 before,2,1
leaky,3000,20261001-43-NbWz,19,rep >=2 before,2,2
leaky,3000,20261001-43-NbWz,19,rep >=2 before,2,3
leaky,3000,20261001-43-NbWz,19,rep >=2 before,3,-3
leaky,3000,20261001-43-NbWz,19,rep >=2 before,3,-2
leaky,3000,20261001-43-NbWz,19,rep >=2 before,3,-1
leaky,3000,20261001-43-NbWz,19,rep >=2 before,3,0
leaky,3000,20261001-43-NbWz,19,rep >=2 before,3,1
leaky,3000,20261001-43-NbWz,19,rep >=2 before,3,2
leaky,3000,20261001-43-NbWz,19,rep >=2 before,3,3
leaky,3000,20261001-43-NbWz,20,pos 1 plies ago,-3,-3
leaky,3000,20261001-43-NbWz,20,pos 1 plies ago,-3,-2
leaky,3000,20261001-43-NbWz,20,pos 1 plies ago,-3,-1
leaky,3000,20261001-43-NbWz,20,pos 1 plies ago,-3,0
leaky,3000,20261001-43-NbWz,20,pos 1 plies ago,-3,1
leaky,3000,20261001-43-NbWz,20,pos 1 plies ago,-3,2
leaky,3000,20261001-43-NbWz,20,pos 1 plies ago,-3,3
leaky,3000,20261001-43-NbWz,20,pos 1 plies ago,-2,-3
leaky,3000,20261001-43-NbWz,20,pos 1 plies ago,-2,-2
leaky,3000,20261001-43-NbWz,20,pos 1 plies ago,-2,-1
leaky,3000,20261001-43-NbWz,20,pos 1 plies ago,-2,0
leaky,3000,20261001-43-NbWz,20,pos 1 plies ago,-2,1
leaky,3000,20261001-43-NbWz,20,pos 1 plies ago,-2,2
leaky,3000,20261001-43-NbWz,20,pos 1 plies ago,-2,3
leaky,3000,20261001-43-NbWz,20,pos 1 plies ago,-1,-3
leaky,3000,20261001-43-NbWz,20,pos 1 plies ago,-1,-2
leaky,3000,20261001-43-NbWz,20,pos 1 plies ago,-1,-1
leaky,3000,20261001-43-NbWz,20,pos 1 plies ago,-1,0
leaky,3000,20261001-43-NbWz,20,pos 1 plies ago,-1,1
leaky,3000,20261001-43-NbWz,20,pos 1 plies ago,-1,2
leaky,3000,20261001-43-NbWz,20,pos 1 plies ago,-1,3
leaky,3000,20261001-43-NbWz,20,pos 1 plies ago,0,-3
leaky,3000,20261001-43-NbWz,20,pos 1 plies ago,0,-2
leaky,3000,20261001-43-NbWz,20,pos 1 plies ago,0,-1
leaky,3000,20261001-43-NbWz,20,pos 1 plies ago,0,0
leaky,3000,20261001-43-NbWz,20,pos 1 plies ago,0,1
leaky,3000,20261001-43-NbWz,20,pos 1 plies ago,0,2
leaky,3000,20261001-43-NbWz,20,pos 1 plies ago,0,3
leaky,3000,20261001-43-NbWz,20,pos 1 plies ago,1,-3
leaky,3000,20261001-43-NbWz,20,pos 1 plies ago,1,-2
leaky,3000,20261001-43-NbWz,20,pos 1 plies ago,1,-1
leaky,3000,20261001-43-NbWz,20,pos 1 plies ago,1,0
leaky,3000,20261001-43-NbWz,20,pos 1 plies ago,1,1
leaky,3000,20261001-43-NbWz,20,pos 1 plies ago,1,2
leaky,3000,20261001-43-NbWz,20,pos 1 plies ago,1,3
leaky,3000,20261001-43-NbWz,20,pos 1 plies ago,2,-3
leaky,3000,20261001-43-NbWz,20,pos 1 plies ago,2,-2
leaky,3000,20261001-43-NbWz,20,pos 1 plies ago,2,-1
leaky,3000,20261001-43-NbWz,20,pos 1 plies ago,2,0
leaky,3000,20261001-43-NbWz,20,pos 1 plies ago,2,1
leaky,3000,20261001-43-NbWz,20,pos 1 plies ago,2,2
leaky,3000,20261001-43-NbWz,20,pos 1 plies ago,2,3
leaky,3000,20261001-43-NbWz,20,pos 1 plies ago,3,-3
leaky,3000,20261001-43-NbWz,20,pos 1 plies ago,3,-2
leaky,3000,20261001-43-NbWz,20,pos 1 plies ago,3,-1
leaky,3000,20261001-43-NbWz,20,pos 1 plies ago,3,0
leaky,3000,20261001-43-NbWz,20,pos 1 plies ago,3,1
leaky,3000,20261001-43-NbWz,20,pos 1 plies ago,3,2
leaky,3000,20261001-43-NbWz,20,pos 1 plies ago,3,3
leaky,3000,20261001-43-NbWz,21,pos 2 plies ago,-3,-3
leaky,3000,20261001-43-NbWz,21,pos 2 plies ago,-3,-2
leaky,3000,20261001-43-NbWz,21,pos 2 plies ago,-3,-1
leaky,3000,20261001-43-NbWz,21,pos 2 plies ago,-3,0
leaky,3000,20261001-43-NbWz,21,pos 2 plies ago,-3,1
leaky,3000,20261001-43-NbWz,21,pos 2 plies ago,-3,2
leaky,3000,20261001-43-NbWz,21,pos 2 plies ago,-3,3
leaky,3000,20261001-43-NbWz,21,pos 2 plies ago,-2,-3
leaky,3000,20261001-43-NbWz,21,pos 2 plies ago,-2,-2
leaky,3000,20261001-43-NbWz,21,pos 2 plies ago,-2,-1
leaky,3000,20261001-43-NbWz,21,pos 2 plies ago,-2,0
leaky,3000,20261001-43-NbWz,21,pos 2 plies ago,-2,1
leaky,3000,20261001-43-NbWz,21,pos 2 plies ago,-2,2
leaky,3000,20261001-43-NbWz,21,pos 2 plies ago,-2,3
leaky,3000,20261001-43-NbWz,21,pos 2 plies ago,-1,-3
leaky,3000,20261001-43-NbWz,21,pos 2 plies ago,-1,-2
leaky,3000,20261001-43-NbWz,21,pos 2 plies ago,-1,-1
leaky,3000,20261001-43-NbWz,21,pos 2 plies ago,-1,0
leaky,3000,20261001-43-NbWz,21,pos 2 plies ago,-1,1
leaky,3000,20261001-43-NbWz,21,pos 2 plies ago,-1,2
leaky,3000,20261001-43-NbWz,21,pos 2 plies ago,-1,3
leaky,3000,20261001-43-NbWz,21,pos 2 plies ago,0,-3
leaky,3000,20261001-43-NbWz,21,pos 2 plies ago,0,-2
leaky,3000,20261001-43-NbWz,21,pos 2 plies ago,0,-1
leaky,3000,20261001-43-NbWz,21,pos 2 plies ago,0,0
leaky,3000,20261001-43-NbWz,21,pos 2 plies ago,0,1
leaky,3000,20261001-43-NbWz,21,pos 2 plies ago,0,2
leaky,3000,20261001-43-NbWz,21,pos 2 plies ago,0,3
leaky,3000,20261001-43-NbWz,21,pos 2 plies ago,1,-3
leaky,3000,20261001-43-NbWz,21,pos 2 plies ago,1,-2
leaky,3000,20261001-43-NbWz,21,pos 2 plies ago,1,-1
leaky,3000,20261001-43-NbWz,21,pos 2 plies ago,1,0
leaky,3000,20261001-43-NbWz,21,pos 2 plies ago,1,1
leaky,3000,20261001-43-NbWz,21,pos 2 plies ago,1,2
leaky,3000,20261001-43-NbWz,21,pos 2 plies ago,1,3
leaky,3000,20261001-43-NbWz,21,pos 2 plies ago,2,-3
leaky,3000,20261001-43-NbWz,21,pos 2 plies ago,2,-2
leaky,3000,20261001-43-NbWz,21,pos 2 plies ago,2,-1
leaky,3000,20261001-43-NbWz,21,pos 2 plies ago,2,0
leaky,3000,20261001-43-NbWz,21,pos 2 plies ago,2,1
leaky,3000,20261001-43-NbWz,21,pos 2 plies ago,2,2
leaky,3000,20261001-43-NbWz,21,pos 2 plies ago,2,3
leaky,3000,20261001-43-NbWz,21,pos 2 plies ago,3,-3
leaky,3000,20261001-43-NbWz,21,pos 2 plies ago,3,-2
leaky,3000,20261001-43-NbWz,21,pos 2 plies ago,3,-1
leaky,3000,20261001-43-NbWz,21,pos 2 plies ago,3,0
leaky,3000,20261001-43-NbWz,21,pos 2 plies ago,3,1
leaky,3000,20261001-43-NbWz,21,pos 2 plies ago,3,2
leaky,3000,20261001-43-NbWz,21,pos 2 plies ago,3,3
leaky,3000,20261001-43-NbWz,22,pos 3 plies ago,-3,-3
leaky,3000,20261001-43-NbWz,22,pos 3 plies ago,-3,-2
leaky,3000,20261001-43-NbWz,22,pos 3 plies ago,-3,-1
leaky,3000,20261001-43-NbWz,22,pos 3 plies ago,-3,0
leaky,3000,20261001-43-NbWz,22,pos 3 plies ago,-3,1
leaky,3000,20261001-43-NbWz,22,pos 3 plies ago,-3,2
leaky,3000,20261001-43-NbWz,22,pos 3 plies ago,-3,3
leaky,3000,20261001-43-NbWz,22,pos 3 plies ago,-2,-3
leaky,3000,20261001-43-NbWz,22,pos 3 plies ago,-2,-2
leaky,3000,20261001-43-NbWz,22,pos 3 plies ago,-2,-1
leaky,3000,20261001-43-NbWz,22,pos 3 plies ago,-2,0
leaky,3000,20261001-43-NbWz,22,pos 3 plies ago,-2,1
leaky,3000,20261001-43-NbWz,22,pos 3 plies ago,-2,2
leaky,3000,20261001-43-NbWz,22,pos 3 plies ago,-2,3
leaky,3000,20261001-43-NbWz,22,pos 3 plies ago,-1,-3
leaky,3000,20261001-43-NbWz,22,pos 3 plies ago,-1,-2
leaky,3000,20261001-43-NbWz,22,pos 3 plies ago,-1,-1
leaky,3000,20261001-43-NbWz,22,pos 3 plies ago,-1,0
leaky,3000,20261001-43-NbWz,22,pos 3 plies ago,-1,1
leaky,3000,20261001-43-NbWz,22,pos 3 plies ago,-1,2
leaky,3000,20261001-43-NbWz,22,pos 3 plies ago,-1,3
leaky,3000,20261001-43-NbWz,22,pos 3 plies ago,0,-3
leaky,3000,20261001-43-NbWz,22,pos 3 plies ago,0,-2
leaky,3000,20261001-43-NbWz,22,pos 3 plies ago,0,-1
leaky,3000,20261001-43-NbWz,22,pos 3 plies ago,0,0
leaky,3000,20261001-43-NbWz,22,pos 3 plies ago,0,1
leaky,3000,20261001-43-NbWz,22,pos 3 plies ago,0,2
leaky,3000,20261001-43-NbWz,22,pos 3 plies ago,0,3
leaky,3000,20261001-43-NbWz,22,pos 3 plies ago,1,-3
leaky,3000,20261001-43-NbWz,22,pos 3 plies ago,1,-2
leaky,3000,20261001-43-NbWz,22,pos 3 plies ago,1,-1
leaky,3000,20261001-43-NbWz,22,pos 3 plies ago,1,0
leaky,3000,20261001-43-NbWz,22,pos 3 plies ago,1,1
leaky,3000,20261001-43-NbWz,22,pos 3 plies ago,1,2
leaky,3000,20261001-43-NbWz,22,pos 3 plies ago,1,3
leaky,3000,20261001-43-NbWz,22,pos 3 plies ago,2,-3
leaky,3000,20261001-43-NbWz,22,pos 3 plies ago,2,-2
leaky,3000,20261001-43-NbWz,22,pos 3 plies ago,2,-1
leaky,3000,20261001-43-NbWz,22,pos 3 plies ago,2,0
leaky,3000,20261001-43-NbWz,22,pos 3 plies ago,2,1
leaky,3000,20261001-43-NbWz,22,pos 3 plies ago,2,2
leaky,3000,20261001-43-NbWz,22,pos 3 plies ago,2,3
leaky,3000,20261001-43-NbWz,22,pos 3 plies ago,3,-3
leaky,3000,20261001-43-NbWz,22,pos 3 plies ago,3,-2
leaky,3000,20261001-43-NbWz,22,pos 3 plies ago,3,-1
leaky,3000,20261001-43-NbWz,22,pos 3 plies ago,3,0
leaky,3000,20261001-43-NbWz,22,pos 3 plies ago,3,1
leaky,3000,20261001-43-NbWz,22,pos 3 plies ago,3,2
leaky,3000,20261001-43-NbWz,22,pos 3 plies ago,3,3
leaky,3000,20261001-43-NbWz,24,pos 5 plies ago,-3,-3
leaky,3000,20261001-43-NbWz,24,pos 5 plies ago,-3,-2
leaky,3000,20261001-43-NbWz,24,pos 5 plies ago,-3,-1
leaky,3000,20261001-43-NbWz,24,pos 5 plies ago,-3,0
leaky,3000,20261001-43-NbWz,24,pos 5 plies ago,-3,1
leaky,3000,20261001-43-NbWz,24,pos 5 plies ago,-3,2
leaky,3000,20261001-43-NbWz,24,pos 5 plies ago,-3,3
leaky,3000,20261001-43-NbWz,24,pos 5 plies ago,-2,-3
leaky,3000,20261001-43-NbWz,24,pos 5 plies ago,-2,-2
leaky,3000,20261001-43-NbWz,24,pos 5 plies ago,-2,-1
leaky,3000,20261001-43-NbWz,24,pos 5 plies ago,-2,0
leaky,3000,20261001-43-NbWz,24,pos 5 plies ago,-2,1
leaky,3000,20261001-43-NbWz,24,pos 5 plies ago,-2,2
leaky,3000,20261001-43-NbWz,24,pos 5 plies ago,-2,3
leaky,3000,20261001-43-NbWz,24,pos 5 plies ago,-1,-3
leaky,3000,20261001-43-NbWz,24,pos 5 plies ago,-1,-2
leaky,3000,20261001-43-NbWz,24,pos 5 plies ago,-1,-1
leaky,3000,20261001-43-NbWz,24,pos 5 plies ago,-1,0
leaky,3000,20261001-43-NbWz,24,pos 5 plies ago,-1,1
leaky,3000,20261001-43-NbWz,24,pos 5 plies ago,-1,2
leaky,3000,20261001-43-NbWz,24,pos 5 plies ago,-1,3
leaky,3000,20261001-43-NbWz,24,pos 5 plies ago,0,-3
leaky,3000,20261001-43-NbWz,24,pos 5 plies ago,0,-2
leaky,3000,20261001-43-NbWz,24,pos 5 plies ago,0,-1
leaky,3000,20261001-43-NbWz,24,pos 5 plies ago,0,0
leaky,3000,20261001-43-NbWz,24,pos 5 plies ago,0,1
leaky,3000,20261001-43-NbWz,24,pos 5 plies ago,0,2
leaky,3000,20261001-43-NbWz,24,pos 5 plies ago,0,3
leaky,3000,20261001-43-NbWz,24,pos 5 plies ago,1,-3
leaky,3000,20261001-43-NbWz,24,pos 5 plies ago,1,-2
leaky,3000,20261001-43-NbWz,24,pos 5 plies ago,1,-1
leaky,3000,20261001-43-NbWz,24,pos 5 plies ago,1,0
leaky,3000,20261001-43-NbWz,24,pos 5 plies ago,1,1
leaky,3000,20261001-43-NbWz,24,pos 5 plies ago,1,2
leaky,3000,20261001-43-NbWz,24,pos 5 plies ago,1,3
leaky,3000,20261001-43-NbWz,24,pos 5 plies ago,2,-3
leaky,3000,20261001-43-NbWz,24,pos 5 plies ago,2,-2
leaky,3000,20261001-43-NbWz,24,pos 5 plies ago,2,-1
leaky,3000,20261001-43-NbWz,24,pos 5 plies ago,2,0
leaky,3000,20261001-43-NbWz,24,pos 5 plies ago,2,1
leaky,3000,20261001-43-NbWz,24,pos 5 plies ago,2,2
leaky,3000,20261001-43-NbWz,24,pos 5 plies ago,2,3
leaky,3000,20261001-43-NbWz,24,pos 5 plies ago,3,-3
leaky,3000,20261001-43-NbWz,24,pos 5 plies ago,3,-2
leaky,3000,20261001-43-NbWz,24,pos 5 plies ago,3,-1
leaky,3000,20261001-43-NbWz,24,pos 5 plies ago,3,0
leaky,3000,20261001-43-NbWz,24,pos 5 plies ago,3,1
leaky,3000,20261001-43-NbWz,24,pos 5 plies ago,3,2
leaky,3000,20261001-43-NbWz,24,pos 5 plies ago,3,3
leaky,3000,20261001-43-NbWz,26,pos 7 plies ago,-3,-3
leaky,3000,20261001-43-NbWz,26,pos 7 plies ago,-3,-2
leaky,3000,20261001-43-NbWz,26,pos 7 plies ago,-3,-1
leaky,3000,20261001-43-NbWz,26,pos 7 plies ago,-3,0
leaky,3000,20261001-43-NbWz,26,pos 7 plies ago,-3,1
leaky,3000,20261001-43-NbWz,26,pos 7 plies ago,-3,2
leaky,3000,20261001-43-NbWz,26,pos 7 plies ago,-3,3
leaky,3000,20261001-43-NbWz,26,pos 7 plies ago,-2,-3
leaky,3000,20261001-43-NbWz,26,pos 7 plies ago,-2,-2
leaky,3000,20261001-43-NbWz,26,pos 7 plies ago,-2,-1
leaky,3000,20261001-43-NbWz,26,pos 7 plies ago,-2,0
leaky,3000,20261001-43-NbWz,26,pos 7 plies ago,-2,1
leaky,3000,20261001-43-NbWz,26,pos 7 plies ago,-2,2
leaky,3000,20261001-43-NbWz,26,pos 7 plies ago,-2,3
leaky,3000,20261001-43-NbWz,26,pos 7 plies ago,-1,-3
leaky,3000,20261001-43-NbWz,26,pos 7 plies ago,-1,-2
leaky,3000,20261001-43-NbWz,26,pos 7 plies ago,-1,-1
leaky,3000,20261001-43-NbWz,26,pos 7 plies ago,-1,0
leaky,3000,20261001-43-NbWz,26,pos 7 plies ago,-1,1
leaky,3000,20261001-43-NbWz,26,pos 7 plies ago,-1,2
leaky,3000,20261001-43-NbWz,26,pos 7 plies ago,-1,3
leaky,3000,20261001-43-NbWz,26,pos 7 plies ago,0,-3
leaky,3000,20261001-43-NbWz,26,pos 7 plies ago,0,-2
leaky,3000,20261001-43-NbWz,26,pos 7 plies ago,0,-1
leaky,3000,20261001-43-NbWz,26,pos 7 plies ago,0,0
leaky,3000,20261001-43-NbWz,26,pos 7 plies ago,0,1
leaky,3000,20261001-43-NbWz,26,pos 7 plies ago,0,2
leaky,3000,20261001-43-NbWz,26,pos 7 plies ago,0,3
leaky,3000,20261001-43-NbWz,26,pos 7 plies ago,1,-3
leaky,3000,20261001-43-NbWz,26,pos 7 plies ago,1,-2
leaky,3000,20261001-43-NbWz,26,pos 7 plies ago,1,-1
leaky,3000,20261001-43-NbWz,26,pos 7 plies ago,1,0
leaky,3000,20261001-43-NbWz,26,pos 7 plies ago,1,1
leaky,3000,20261001-43-NbWz,26,pos 7 plies ago,1,2
leaky,3000,20261001-43-NbWz,26,pos 7 plies ago,1,3
leaky,3000,20261001-43-NbWz,26,pos 7 plies ago,2,-3
leaky,3000,20261001-43-NbWz,26,pos 7 plies ago,2,-2
leaky,3000,20261001-43-NbWz,26,pos 7 plies ago,2,-1
leaky,3000,20261001-43-NbWz,26,pos 7 plies ago,2,0
leaky,3000,20261001-43-NbWz,26,pos 7 plies ago,2,1
leaky,3000,20261001-43-NbWz,26,pos 7 plies ago,2,2
leaky,3000,20261001-43-NbWz,26,pos 7 plies ago,2,3
leaky,3000,20261001-43-NbWz,26,pos 7 plies ago,3,-3
leaky,3000,20261001-43-NbWz,26,pos 7 plies ago,3,-2
leaky,3000,20261001-43-NbWz,26,pos 7 plies ago,3,-1
leaky,3000,20261001-43-NbWz,26,pos 7 plies ago,3,0
leaky,3000,20261001-43-NbWz,26,pos 7 plies ago,3,1
leaky,3000,20261001-43-NbWz,26,pos 7 plies ago,3,2
leaky,3000,20261001-43-NbWz,26,pos 7 plies ago,3,3
leaky,3000,20261001-43-NbWz,28,pos 9 plies ago,-3,-3
leaky,3000,20261001-43-NbWz,28,pos 9 plies ago,-3,-2
leaky,3000,20261001-43-NbWz,28,pos 9 plies ago,-3,-1
leaky,3000,20261001-43-NbWz,28,pos 9 plies ago,-3,0
leaky,3000,20261001-43-NbWz,28,pos 9 plies ago,-3,1
leaky,3000,20261001-43-NbWz,28,pos 9 plies ago,-3,2
leaky,3000,20261001-43-NbWz,28,pos 9 plies ago,-3,3
leaky,3000,20261001-43-NbWz,28,pos 9 plies ago,-2,-3
leaky,3000,20261001-43-NbWz,28,pos 9 plies ago,-2,-2
leaky,3000,20261001-43-NbWz,28,pos 9 plies ago,-2,-1
leaky,3000,20261001-43-NbWz,28,pos 9 plies ago,-2,0
leaky,3000,20261001-43-NbWz,28,pos 9 plies ago,-2,1
leaky,3000,20261001-43-NbWz,28,pos 9 plies ago,-2,2
leaky,3000,20261001-43-NbWz,28,pos 9 plies ago,-2,3
leaky,3000,20261001-43-NbWz,28,pos 9 plies ago,-1,-3
leaky,3000,20261001-43-NbWz,28,pos 9 plies ago,-1,-2
leaky,3000,20261001-43-NbWz,28,pos 9 plies ago,-1,-1
leaky,3000,20261001-43-NbWz,28,pos 9 plies ago,-1,0
leaky,3000,20261001-43-NbWz,28,pos 9 plies ago,-1,1
leaky,3000,20261001-43-NbWz,28,pos 9 plies ago,-1,2
leaky,3000,20261001-43-NbWz,28,pos 9 plies ago,-1,3
leaky,3000,20261001-43-NbWz,28,pos 9 plies ago,0,-3
leaky,3000,20261001-43-NbWz,28,pos 9 plies ago,0,-2
leaky,3000,20261001-43-NbWz,28,pos 9 plies ago,0,-1
leaky,3000,20261001-43-NbWz,28,pos 9 plies ago,0,0
leaky,3000,20261001-43-NbWz,28,pos 9 plies ago,0,1
leaky,3000,20261001-43-NbWz,28,pos 9 plies ago,0,2
leaky,3000,20261001-43-NbWz,28,pos 9 plies ago,0,3
leaky,3000,20261001-43-NbWz,28,pos 9 plies ago,1,-3
leaky,3000,20261001-43-NbWz,28,pos 9 plies ago,1,-2
leaky,3000,20261001-43-NbWz,28,pos 9 plies ago,1,-1
leaky,3000,20261001-43-NbWz,28,pos 9 plies ago,1,0
leaky,3000,20261001-43-NbWz,28,pos 9 plies ago,1,1
leaky,3000,20261001-43-NbWz,28,pos 9 plies ago,1,2
leaky,3000,20261001-43-NbWz,28,pos 9 plies ago,1,3
leaky,3000,20261001-43-NbWz,28,pos 9 plies ago,2,-3
leaky,3000,20261001-43-NbWz,28,pos 9 plies ago,2,-2
leaky,3000,20261001-43-NbWz,28,pos 9 plies ago,2,-1
leaky,3000,20261001-43-NbWz,28,pos 9 plies ago,2,0
leaky,3000,20261001-43-NbWz,28,pos 9 plies ago,2,1
leaky,3000,20261001-43-NbWz,28,pos 9 plies ago,2,2
leaky,3000,20261001-43-NbWz,28,pos 9 plies ago,2,3
leaky,3000,20261001-43-NbWz,28,pos 9 plies ago,3,-3
leaky,3000,20261001-43-NbWz,28,pos 9 plies ago,3,-2
leaky,3000,20261001-43-NbWz,28,pos 9 plies ago,3,-1
leaky,3000,20261001-43-NbWz,28,pos 9 plies ago,3,0
leaky,3000,20261001-43-NbWz,28,pos 9 plies ago,3,1
leaky,3000,20261001-43-NbWz,28,pos 9 plies ago,3,2
leaky,3000,20261001-43-NbWz,28,pos 9 plies ago,3,3
leaky,4000,20261001-43-NbWz,16,en passant,3,-3
leaky,4000,20261001-43-NbWz,16,en passant,3,-2
leaky,4000,20261001-43-NbWz,16,en passant,3,-1
leaky,4000,20261001-43-NbWz,16,en passant,3,0
leaky,4000,20261001-43-NbWz,16,en passant,3,1
leaky,4000,20261001-43-NbWz,16,en passant,3,2
leaky,4000,20261001-43-NbWz,16,en passant,3,3
leaky,4000,20261001-43-NbWz,19,rep >=2 before,-3,-3
leaky,4000,20261001-43-NbWz,19,rep >=2 before,-3,-2
leaky,4000,20261001-43-NbWz,19,rep >=2 before,-3,-1
leaky,4000,20261001-43-NbWz,19,rep >=2 before,-3,0
leaky,4000,20261001-43-NbWz,19,rep >=2 before,-3,1
leaky,4000,20261001-43-NbWz,19,rep >=2 before,-3,2
leaky,4000,20261001-43-NbWz,19,rep >=2 before,-3,3
leaky,4000,20261001-43-NbWz,19,rep >=2 before,-2,-3
leaky,4000,20261001-43-NbWz,19,rep >=2 before,-2,-2
leaky,4000,20261001-43-NbWz,19,rep >=2 before,-2,-1
leaky,4000,20261001-43-NbWz,19,rep >=2 before,-2,0
leaky,4000,20261001-43-NbWz,19,rep >=2 before,-2,1
leaky,4000,20261001-43-NbWz,19,rep >=2 before,-2,2
leaky,4000,20261001-43-NbWz,19,rep >=2 before,-2,3
leaky,4000,20261001-43-NbWz,19,rep >=2 before,-1,-3
leaky,4000,20261001-43-NbWz,19,rep >=2 before,-1,-2
leaky,4000,20261001-43-NbWz,19,rep >=2 before,-1,-1
leaky,4000,20261001-43-NbWz,19,rep >=2 before,-1,0
leaky,4000,20261001-43-NbWz,19,rep >=2 before,-1,1
leaky,4000,20261001-43-NbWz,19,rep >=2 before,-1,2
leaky,4000,20261001-43-NbWz,19,rep >=2 before,-1,3
leaky,4000,20261001-43-NbWz,19,rep >=2 before,0,-3
leaky,4000,20261001-43-NbWz,19,rep >=2 before,0,-2
leaky,4000,20261001-43-NbWz,19,rep >=2 before,0,-1
leaky,4000,20261001-43-NbWz,19,rep >=2 before,0,0
leaky,4000,20261001-43-NbWz,19,rep >=2 before,0,1
leaky,4000,20261001-43-NbWz,19,rep >=2 before,0,2
leaky,4000,20261001-43-NbWz,19,rep >=2 before,0,3
leaky,4000,20261001-43-NbWz,19,rep >=2 before,1,-3
leaky,4000,20261001-43-NbWz,19,rep >=2 before,1,-2
leaky,4000,20261001-43-NbWz,19,rep >=2 before,1,-1
leaky,4000,20261001-43-NbWz,19,rep >=2 before,1,0
leaky,4000,20261001-43-NbWz,19,rep >=2 before,1,1
leaky,4000,20261001-43-NbWz,19,rep >=2 before,1,2
leaky,4000,20261001-43-NbWz,19,rep >=2 before,1,3
leaky,4000,20261001-43-NbWz,19,rep >=2 before,2,-3
leaky,4000,20261001-43-NbWz,19,rep >=2 before,2,-2
leaky,4000,20261001-43-NbWz,19,rep >=2 before,2,-1
leaky,4000,20261001-43-NbWz,19,rep >=2 before,2,0
leaky,4000,20261001-43-NbWz,19,rep >=2 before,2,1
leaky,4000,20261001-43-NbWz,19,rep >=2 before,2,2
leaky,4000,20261001-43-NbWz,19,rep >=2 before,2,3
leaky,4000,20261001-43-NbWz,19,rep >=2 before,3,-3
leaky,4000,20261001-43-NbWz,19,rep >=2 before,3,-2
leaky,4000,20261001-43-NbWz,19,rep >=2 before,3,-1
leaky,4000,20261001-43-NbWz,19,rep >=2 before,3,0
leaky,4000,20261001-43-NbWz,19,rep >=2 before,3,1
leaky,4000,20261001-43-NbWz,19,rep >=2 before,3,2
leaky,4000,20261001-43-NbWz,19,rep >=2 before,3,3
leaky,4000,20261001-43-NbWz,20,pos 1 plies ago,-3,-3
leaky,4000,20261001-43-NbWz,20,pos 1 plies ago,-3,-2
leaky,4000,20261001-43-NbWz,20,pos 1 plies ago,-3,-1
leaky,4000,20261001-43-NbWz,20,pos 1 plies ago,-3,0
leaky,4000,20261001-43-NbWz,20,pos 1 plies ago,-3,1
leaky,4000,20261001-43-NbWz,20,pos 1 plies ago,-3,2
leaky,4000,20261001-43-NbWz,20,pos 1 plies ago,-3,3
leaky,4000,20261001-43-NbWz,20,pos 1 plies ago,-2,-3
leaky,4000,20261001-43-NbWz,20,pos 1 plies ago,-2,-2
leaky,4000,20261001-43-NbWz,20,pos 1 plies ago,-2,-1
leaky,4000,20261001-43-NbWz,20,pos 1 plies ago,-2,0
leaky,4000,20261001-43-NbWz,20,pos 1 plies ago,-2,1
leaky,4000,20261001-43-NbWz,20,pos 1 plies ago,-2,2
leaky,4000,20261001-43-NbWz,20,pos 1 plies ago,-2,3
leaky,4000,20261001-43-NbWz,20,pos 1 plies ago,-1,-3
leaky,4000,20261001-43-NbWz,20,pos 1 plies ago,-1,-2
leaky,4000,20261001-43-NbWz,20,pos 1 plies ago,-1,-1
leaky,4000,20261001-43-NbWz,20,pos 1 plies ago,-1,0
leaky,4000,20261001-43-NbWz,20,pos 1 plies ago,-1,1
leaky,4000,20261001-43-NbWz,20,pos 1 plies ago,-1,2
leaky,4000,20261001-43-NbWz,20,pos 1 plies ago,-1,3
leaky,4000,20261001-43-NbWz,20,pos 1 plies ago,0,-3
leaky,4000,20261001-43-NbWz,20,pos 1 plies ago,0,-2
leaky,4000,20261001-43-NbWz,20,pos 1 plies ago,0,-1
leaky,4000,20261001-43-NbWz,20,pos 1 plies ago,0,0
leaky,4000,20261001-43-NbWz,20,pos 1 plies ago,0,1
leaky,4000,20261001-43-NbWz,20,pos 1 plies ago,0,2
leaky,4000,20261001-43-NbWz,20,pos 1 plies ago,0,3
leaky,4000,20261001-43-NbWz,20,pos 1 plies ago,1,-3
leaky,4000,20261001-43-NbWz,20,pos 1 plies ago,1,-2
leaky,4000,20261001-43-NbWz,20,pos 1 plies ago,1,-1
leaky,4000,20261001-43-NbWz,20,pos 1 plies ago,1,0
leaky,4000,20261001-43-NbWz,20,pos 1 plies ago,1,1
leaky,4000,20261001-43-NbWz,20,pos 1 plies ago,1,2
leaky,4000,20261001-43-NbWz,20,pos 1 plies ago,1,3
leaky,4000,20261001-43-NbWz,20,pos 1 plies ago,2,-3
leaky,4000,20261001-43-NbWz,20,pos 1 plies ago,2,-2
leaky,4000,20261001-43-NbWz,20,pos 1 plies ago,2,-1
leaky,4000,20261001-43-NbWz,20,pos 1 plies ago,2,0
leaky,4000,20261001-43-NbWz,20,pos 1 plies ago,2,1
leaky,4000,20261001-43-NbWz,20,pos 1 plies ago,2,2
leaky,4000,20261001-43-NbWz,20,pos 1 plies ago,2,3
leaky,4000,20261001-43-NbWz,20,pos 1 plies ago,3,-3
leaky,4000,20261001-43-NbWz,20,pos 1 plies ago,3,-2
leaky,4000,20261001-43-NbWz,20,pos 1 plies ago,3,-1
leaky,4000,20261001-43-NbWz,20,pos 1 plies ago,3,0
leaky,4000,20261001-43-NbWz,20,pos 1 plies ago,3,1
leaky,4000,20261001-43-NbWz,20,pos 1 plies ago,3,2
leaky,4000,20261001-43-NbWz,20,pos 1 plies ago,3,3
leaky,4000,20261001-43-NbWz,21,pos 2 plies ago,-3,-3
leaky,4000,20261001-43-NbWz,21,pos 2 plies ago,-3,-2
leaky,4000,20261001-43-NbWz,21,pos 2 plies ago,-3,-1
leaky,4000,20261001-43-NbWz,21,pos 2 plies ago,-3,0
leaky,4000,20261001-43-NbWz,21,pos 2 plies ago,-3,1
leaky,4000,20261001-43-NbWz,21,pos 2 plies ago,-3,2
leaky,4000,20261001-43-NbWz,21,pos 2 plies ago,-3,3
leaky,4000,20261001-43-NbWz,21,pos 2 plies ago,-2,-3
leaky,4000,20261001-43-NbWz,21,pos 2 plies ago,-2,-2
leaky,4000,20261001-43-NbWz,21,pos 2 plies ago,-2,-1
leaky,4000,20261001-43-NbWz,21,pos 2 plies ago,-2,0
leaky,4000,20261001-43-NbWz,21,pos 2 plies ago,-2,1
leaky,4000,20261001-43-NbWz,21,pos 2 plies ago,-2,2
leaky,4000,20261001-43-NbWz,21,pos 2 plies ago,-2,3
leaky,4000,20261001-43-NbWz,21,pos 2 plies ago,-1,-3
leaky,4000,20261001-43-NbWz,21,pos 2 plies ago,-1,-2
leaky,4000,20261001-43-NbWz,21,pos 2 plies ago,-1,-1
leaky,4000,20261001-43-NbWz,21,pos 2 plies ago,-1,0
leaky,4000,20261001-43-NbWz,21,pos 2 plies ago,-1,1
leaky,4000,20261001-43-NbWz,21,pos 2 plies ago,-1,2
leaky,4000,20261001-43-NbWz,21,pos 2 plies ago,-1,3
leaky,4000,20261001-43-NbWz,21,pos 2 plies ago,0,-3
leaky,4000,20261001-43-NbWz,21,pos 2 plies ago,0,-2
leaky,4000,20261001-43-NbWz,21,pos 2 plies ago,0,-1
leaky,4000,20261001-43-NbWz,21,pos 2 plies ago,0,0
leaky,4000,20261001-43-NbWz,21,pos 2 plies ago,0,1
leaky,4000,20261001-43-NbWz,21,pos 2 plies ago,0,2
leaky,4000,20261001-43-NbWz,21,pos 2 plies ago,0,3
leaky,4000,20261001-43-NbWz,21,pos 2 plies ago,1,-3
leaky,4000,20261001-43-NbWz,21,pos 2 plies ago,1,-2
leaky,4000,20261001-43-NbWz,21,pos 2 plies ago,1,-1
leaky,4000,20261001-43-NbWz,21,pos 2 plies ago,1,0
leaky,4000,20261001-43-NbWz,21,pos 2 plies ago,1,1
leaky,4000,20261001-43-NbWz,21,pos 2 plies ago,1,2
leaky,4000,20261001-43-NbWz,21,pos 2 plies ago,1,3
leaky,4000,20261001-43-NbWz,21,pos 2 plies ago,2,-3
leaky,4000,20261001-43-NbWz,21,pos 2 plies ago,2,-2
leaky,4000,20261001-43-NbWz,21,pos 2 plies ago,2,-1
leaky,4000,20261001-43-NbWz,21,pos 2 plies ago,2,0
leaky,4000,20261001-43-NbWz,21,pos 2 plies ago,2,1
leaky,4000,20261001-43-NbWz,21,pos 2 plies ago,2,2
leaky,4000,20261001-43-NbWz,21,pos 2 plies ago,2,3
leaky,4000,20261001-43-NbWz,21,pos 2 plies ago,3,-3
leaky,4000,20261001-43-NbWz,21,pos 2 plies ago,3,-2
leaky,4000,20261001-43-NbWz,21,pos 2 plies ago,3,-1
leaky,4000,20261001-43-NbWz,21,pos 2 plies ago,3,0
leaky,4000,20261001-43-NbWz,21,pos 2 plies ago,3,1
leaky,4000,20261001-43-NbWz,21,pos 2 plies ago,3,2
leaky,4000,20261001-43-NbWz,21,pos 2 plies ago,3,3
leaky,4000,20261001-43-NbWz,22,pos 3 plies ago,-3,-3
leaky,4000,20261001-43-NbWz,22,pos 3 plies ago,-3,-2
leaky,4000,20261001-43-NbWz,22,pos 3 plies ago,-3,-1
leaky,4000,20261001-43-NbWz,22,pos 3 plies ago,-3,0
leaky,4000,20261001-43-NbWz,22,pos 3 plies ago,-3,1
leaky,4000,20261001-43-NbWz,22,pos 3 plies ago,-3,2
leaky,4000,20261001-43-NbWz,22,pos 3 plies ago,-3,3
leaky,4000,20261001-43-NbWz,22,pos 3 plies ago,-2,-3
leaky,4000,20261001-43-NbWz,22,pos 3 plies ago,-2,-2
leaky,4000,20261001-43-NbWz,22,pos 3 plies ago,-2,-1
leaky,4000,20261001-43-NbWz,22,pos 3 plies ago,-2,0
leaky,4000,20261001-43-NbWz,22,pos 3 plies ago,-2,1
leaky,4000,20261001-43-NbWz,22,pos 3 plies ago,-2,2
leaky,4000,20261001-43-NbWz,22,pos 3 plies ago,-2,3
leaky,4000,20261001-43-NbWz,22,pos 3 plies ago,-1,-3
leaky,4000,20261001-43-NbWz,22,pos 3 plies ago,-1,-2
leaky,4000,20261001-43-NbWz,22,pos 3 plies ago,-1,-1
leaky,4000,20261001-43-NbWz,22,pos 3 plies ago,-1,0
leaky,4000,20261001-43-NbWz,22,pos 3 plies ago,-1,1
leaky,4000,20261001-43-NbWz,22,pos 3 plies ago,-1,2
leaky,4000,20261001-43-NbWz,22,pos 3 plies ago,-1,3
leaky,4000,20261001-43-NbWz,22,pos 3 plies ago,0,-3
leaky,4000,20261001-43-NbWz,22,pos 3 plies ago,0,-2
leaky,4000,20261001-43-NbWz,22,pos 3 plies ago,0,-1
leaky,4000,20261001-43-NbWz,22,pos 3 plies ago,0,0
leaky,4000,20261001-43-NbWz,22,pos 3 plies ago,0,1
leaky,4000,20261001-43-NbWz,22,pos 3 plies ago,0,2
leaky,4000,20261001-43-NbWz,22,pos 3 plies ago,0,3
leaky,4000,20261001-43-NbWz,22,pos 3 plies ago,1,-3
leaky,4000,20261001-43-NbWz,22,pos 3 plies ago,1,-2
leaky,4000,20261001-43-NbWz,22,pos 3 plies ago,1,-1
leaky,4000,20261001-43-NbWz,22,pos 3 plies ago,1,0
leaky,4000,20261001-43-NbWz,22,pos 3 plies ago,1,1
leaky,4000,20261001-43-NbWz,22,pos 3 plies ago,1,2
leaky,4000,20261001-43-NbWz,22,pos 3 plies ago,1,3
leaky,4000,20261001-43-NbWz,22,pos 3 plies ago,2,-3
leaky,4000,20261001-43-NbWz,22,pos 3 plies ago,2,-2
leaky,4000,20261001-43-NbWz,22,pos 3 plies ago,2,-1
leaky,4000,20261001-43-NbWz,22,pos 3 plies ago,2,0
leaky,4000,20261001-43-NbWz,22,pos 3 plies ago,2,1
leaky,4000,20261001-43-NbWz,22,pos 3 plies ago,2,2
leaky,4000,20261001-43-NbWz,22,pos 3 plies ago,2,3
leaky,4000,20261001-43-NbWz,22,pos 3 plies ago,3,-3
leaky,4000,20261001-43-NbWz,22,pos 3 plies ago,3,-2
leaky,4000,20261001-43-NbWz,22,pos 3 plies ago,3,-1
leaky,4000,20261001-43-NbWz,22,pos 3 plies ago,3,0
leaky,4000,20261001-43-NbWz,22,pos 3 plies ago,3,1
leaky,4000,20261001-43-NbWz,22,pos 3 plies ago,3,2
leaky,4000,20261001-43-NbWz,22,pos 3 plies ago,3,3
leaky,4000,20261001-43-NbWz,24,pos 5 plies ago,-3,-3
leaky,4000,20261001-43-NbWz,24,pos 5 plies ago,-3,-2
leaky,4000,20261001-43-NbWz,24,pos 5 plies ago,-3,-1
leaky,4000,20261001-43-NbWz,24,pos 5 plies ago,-3,0
leaky,4000,20261001-43-NbWz,24,pos 5 plies ago,-3,1
leaky,4000,20261001-43-NbWz,24,pos 5 plies ago,-3,2
leaky,4000,20261001-43-NbWz,24,pos 5 plies ago,-3,3
leaky,4000,20261001-43-NbWz,24,pos 5 plies ago,-2,-3
leaky,4000,20261001-43-NbWz,24,pos 5 plies ago,-2,-2
leaky,4000,20261001-43-NbWz,24,pos 5 plies ago,-2,-1
leaky,4000,20261001-43-NbWz,24,pos 5 plies ago,-2,0
leaky,4000,20261001-43-NbWz,24,pos 5 plies ago,-2,1
leaky,4000,20261001-43-NbWz,24,pos 5 plies ago,-2,2
leaky,4000,20261001-43-NbWz,24,pos 5 plies ago,-2,3
leaky,4000,20261001-43-NbWz,24,pos 5 plies ago,-1,-3
leaky,4000,20261001-43-NbWz,24,pos 5 plies ago,-1,-2
leaky,4000,20261001-43-NbWz,24,pos 5 plies ago,-1,-1
leaky,4000,20261001-43-NbWz,24,pos 5 plies ago,-1,0
leaky,4000,20261001-43-NbWz,24,pos 5 plies ago,-1,1
leaky,4000,20261001-43-NbWz,24,pos 5 plies ago,-1,2
leaky,4000,20261001-43-NbWz,24,pos 5 plies ago,-1,3
leaky,4000,20261001-43-NbWz,24,pos 5 plies ago,0,-3
leaky,4000,20261001-43-NbWz,24,pos 5 plies ago,0,-2
leaky,4000,20261001-43-NbWz,24,pos 5 plies ago,0,-1
leaky,4000,20261001-43-NbWz,24,pos 5 plies ago,0,0
leaky,4000,20261001-43-NbWz,24,pos 5 plies ago,0,1
leaky,4000,20261001-43-NbWz,24,pos 5 plies ago,0,2
leaky,4000,20261001-43-NbWz,24,pos 5 plies ago,0,3
leaky,4000,20261001-43-NbWz,24,pos 5 plies ago,1,-3
leaky,4000,20261001-43-NbWz,24,pos 5 plies ago,1,-2
leaky,4000,20261001-43-NbWz,24,pos 5 plies ago,1,-1
leaky,4000,20261001-43-NbWz,24,pos 5 plies ago,1,0
leaky,4000,20261001-43-NbWz,24,pos 5 plies ago,1,1
leaky,4000,20261001-43-NbWz,24,pos 5 plies ago,1,2
leaky,4000,20261001-43-NbWz,24,pos 5 plies ago,1,3
leaky,4000,20261001-43-NbWz,24,pos 5 plies ago,2,-3
leaky,4000,20261001-43-NbWz,24,pos 5 plies ago,2,-2
leaky,4000,20261001-43-NbWz,24,pos 5 plies ago,2,-1
leaky,4000,20261001-43-NbWz,24,pos 5 plies ago,2,0
leaky,4000,20261001-43-NbWz,24,pos 5 plies ago,2,1
leaky,4000,20261001-43-NbWz,24,pos 5 plies ago,2,2
leaky,4000,20261001-43-NbWz,24,pos 5 plies ago,2,3
leaky,4000,20261001-43-NbWz,24,pos 5 plies ago,3,-3
leaky,4000,20261001-43-NbWz,24,pos 5 plies ago,3,-2
leaky,4000,20261001-43-NbWz,24,pos 5 plies ago,3,-1
leaky,4000,20261001-43-NbWz,24,pos 5 plies ago,3,0
leaky,4000,20261001-43-NbWz,24,pos 5 plies ago,3,1
leaky,4000,20261001-43-NbWz,24,pos 5 plies ago,3,2
leaky,4000,20261001-43-NbWz,24,pos 5 plies ago,3,3
leaky,4000,20261001-43-NbWz,26,pos 7 plies ago,-3,-3
leaky,4000,20261001-43-NbWz,26,pos 7 plies ago,-3,-2
leaky,4000,20261001-43-NbWz,26,pos 7 plies ago,-3,-1
leaky,4000,20261001-43-NbWz,26,pos 7 plies ago,-3,0
leaky,4000,20261001-43-NbWz,26,pos 7 plies ago,-3,1
leaky,4000,20261001-43-NbWz,26,pos 7 plies ago,-3,2
leaky,4000,20261001-43-NbWz,26,pos 7 plies ago,-3,3
leaky,4000,20261001-43-NbWz,26,pos 7 plies ago,-2,-3
leaky,4000,20261001-43-NbWz,26,pos 7 plies ago,-2,-2
leaky,4000,20261001-43-NbWz,26,pos 7 plies ago,-2,-1
leaky,4000,20261001-43-NbWz,26,pos 7 plies ago,-2,0
leaky,4000,20261001-43-NbWz,26,pos 7 plies ago,-2,1
leaky,4000,20261001-43-NbWz,26,pos 7 plies ago,-2,2
leaky,4000,20261001-43-NbWz,26,pos 7 plies ago,-2,3
leaky,4000,20261001-43-NbWz,26,pos 7 plies ago,-1,-3
leaky,4000,20261001-43-NbWz,26,pos 7 plies ago,-1,-2
leaky,4000,20261001-43-NbWz,26,pos 7 plies ago,-1,-1
leaky,4000,20261001-43-NbWz,26,pos 7 plies ago,-1,0
leaky,4000,20261001-43-NbWz,26,pos 7 plies ago,-1,1
leaky,4000,20261001-43-NbWz,26,pos 7 plies ago,-1,2
leaky,4000,20261001-43-NbWz,26,pos 7 plies ago,-1,3
leaky,4000,20261001-43-NbWz,26,pos 7 plies ago,0,-3
leaky,4000,20261001-43-NbWz,26,pos 7 plies ago,0,-2
leaky,4000,20261001-43-NbWz,26,pos 7 plies ago,0,-1
leaky,4000,20261001-43-NbWz,26,pos 7 plies ago,0,0
leaky,4000,20261001-43-NbWz,26,pos 7 plies ago,0,1
leaky,4000,20261001-43-NbWz,26,pos 7 plies ago,0,2
leaky,4000,20261001-43-NbWz,26,pos 7 plies ago,0,3
leaky,4000,20261001-43-NbWz,26,pos 7 plies ago,1,-3
leaky,4000,20261001-43-NbWz,26,pos 7 plies ago,1,-2
leaky,4000,20261001-43-NbWz,26,pos 7 plies ago,1,-1
leaky,4000,20261001-43-NbWz,26,pos 7 plies ago,1,0
leaky,4000,20261001-43-NbWz,26,pos 7 plies ago,1,1
leaky,4000,20261001-43-NbWz,26,pos 7 plies ago,1,2
leaky,4000,20261001-43-NbWz,26,pos 7 plies ago,1,3
leaky,4000,20261001-43-NbWz,26,pos 7 plies ago,2,-3
leaky,4000,20261001-43-NbWz,26,pos 7 plies ago,2,-2
leaky,4000,20261001-43-NbWz,26,pos 7 plies ago,2,-1
leaky,4000,20261001-43-NbWz,26,pos 7 plies ago,2,0
leaky,4000,20261001-43-NbWz,26,pos 7 plies ago,2,1
leaky,4000,20261001-43-NbWz,26,pos 7 plies ago,2,2
leaky,4000,20261001-43-NbWz,26,pos 7 plies ago,2,3
leaky,4000,20261001-43-NbWz,26,pos 7 plies ago,3,-3
leaky,4000,20261001-43-NbWz,26,pos 7 plies ago,3,-2
leaky,4000,20261001-43-NbWz,26,pos 7 plies ago,3,-1
leaky,4000,20261001-43-NbWz,26,pos 7 plies ago,3,0
leaky,4000,20261001-43-NbWz,26,pos 7 plies ago,3,1
leaky,4000,20261001-43-NbWz,26,pos 7 plies ago,3,2
leaky,4000,20261001-43-NbWz,26,pos 7 plies ago,3,3
leaky,4000,20261001-43-NbWz,28,pos 9 plies ago,-3,-3
leaky,4000,20261001-43-NbWz,28,pos 9 plies ago,-3,-2
leaky,4000,20261001-43-NbWz,28,pos 9 plies ago,-3,-1
leaky,4000,20261001-43-NbWz,28,pos 9 plies ago,-3,0
leaky,4000,20261001-43-NbWz,28,pos 9 plies ago,-3,1
leaky,4000,20261001-43-NbWz,28,pos 9 plies ago,-3,2
leaky,4000,20261001-43-NbWz,28,pos 9 plies ago,-3,3
leaky,4000,20261001-43-NbWz,28,pos 9 plies ago,-2,-3
leaky,4000,20261001-43-NbWz,28,pos 9 plies ago,-2,-2
leaky,4000,20261001-43-NbWz,28,pos 9 plies ago,-2,-1
leaky,4000,20261001-43-NbWz,28,pos 9 plies ago,-2,0
leaky,4000,20261001-43-NbWz,28,pos 9 plies ago,-2,1
leaky,4000,20261001-43-NbWz,28,pos 9 plies ago,-2,2
leaky,4000,20261001-43-NbWz,28,pos 9 plies ago,-2,3
leaky,4000,20261001-43-NbWz,28,pos 9 plies ago,-1,-3
leaky,4000,20261001-43-NbWz,28,pos 9 plies ago,-1,-2
leaky,4000,20261001-43-NbWz,28,pos 9 plies ago,-1,-1
leaky,4000,20261001-43-NbWz,28,pos 9 plies ago,-1,0
leaky,4000,20261001-43-NbWz,28,pos 9 plies ago,-1,1
leaky,4000,20261001-43-NbWz,28,pos 9 plies ago,-1,2
leaky,4000,20261001-43-NbWz,28,pos 9 plies ago,-1,3
leaky,4000,20261001-43-NbWz,28,pos 9 plies ago,0,-3
leaky,4000,20261001-43-NbWz,28,pos 9 plies ago,0,-2
leaky,4000,20261001-43-NbWz,28,pos 9 plies ago,0,-1
leaky,4000,20261001-43-NbWz,28,pos 9 plies ago,0,0
leaky,4000,20261001-43-NbWz,28,pos 9 plies ago,0,1
leaky,4000,20261001-43-NbWz,28,pos 9 plies ago,0,2
leaky,4000,20261001-43-NbWz,28,pos 9 plies ago,0,3
leaky,4000,20261001-43-NbWz,28,pos 9 plies ago,1,-3
leaky,4000,20261001-43-NbWz,28,pos 9 plies ago,1,-2
leaky,4000,20261001-43-NbWz,28,pos 9 plies ago,1,-1
leaky,4000,20261001-43-NbWz,28,pos 9 plies ago,1,0
leaky,4000,20261001-43-NbWz,28,pos 9 plies ago,1,1
leaky,4000,20261001-43-NbWz,28,pos 9 plies ago,1,2
leaky,4000,20261001-43-NbWz,28,pos 9 plies ago,1,3
leaky,4000,20261001-43-NbWz,28,pos 9 plies ago,2,-3
leaky,4000,20261001-43-NbWz,28,pos 9 plies ago,2,-2
leaky,4000,20261001-43-NbWz,28,pos 9 plies ago,2,-1
leaky,4000,20261001-43-NbWz,28,pos 9 plies ago,2,0
leaky,4000,20261001-43-NbWz,28,pos 9 plies ago,2,1
leaky,4000,20261001-43-NbWz,28,pos 9 plies ago,2,2
leaky,4000,20261001-43-NbWz,28,pos 9 plies ago,2,3
leaky,4000,20261001-43-NbWz,28,pos 9 plies ago,3,-3
leaky,4000,20261001-43-NbWz,28,pos 9 plies ago,3,-2
leaky,4000,20261001-43-NbWz,28,pos 9 plies ago,3,-1
leaky,4000,20261001-43-NbWz,28,pos 9 plies ago,3,0
leaky,4000,20261001-43-NbWz,28,pos 9 plies ago,3,1
leaky,4000,20261001-43-NbWz,28,pos 9 plies ago,3,2
leaky,4000,20261001-43-NbWz,28,pos 9 plies ago,3,3
leaky,5000,20261001-43-NbWz,16,en passant,3,-3
leaky,5000,20261001-43-NbWz,16,en passant,3,-2
leaky,5000,20261001-43-NbWz,16,en passant,3,-1
leaky,5000,20261001-43-NbWz,16,en passant,3,0
leaky,5000,20261001-43-NbWz,16,en passant,3,1
leaky,5000,20261001-43-NbWz,16,en passant,3,2
leaky,5000,20261001-43-NbWz,16,en passant,3,3
leaky,5000,20261001-43-NbWz,19,rep >=2 before,-3,-3
leaky,5000,20261001-43-NbWz,19,rep >=2 before,-3,-2
leaky,5000,20261001-43-NbWz,19,rep >=2 before,-3,-1
leaky,5000,20261001-43-NbWz,19,rep >=2 before,-3,0
leaky,5000,20261001-43-NbWz,19,rep >=2 before,-3,1
leaky,5000,20261001-43-NbWz,19,rep >=2 before,-3,2
leaky,5000,20261001-43-NbWz,19,rep >=2 before,-3,3
leaky,5000,20261001-43-NbWz,19,rep >=2 before,-2,-3
leaky,5000,20261001-43-NbWz,19,rep >=2 before,-2,-2
leaky,5000,20261001-43-NbWz,19,rep >=2 before,-2,-1
leaky,5000,20261001-43-NbWz,19,rep >=2 before,-2,0
leaky,5000,20261001-43-NbWz,19,rep >=2 before,-2,1
leaky,5000,20261001-43-NbWz,19,rep >=2 before,-2,2
leaky,5000,20261001-43-NbWz,19,rep >=2 before,-2,3
leaky,5000,20261001-43-NbWz,19,rep >=2 before,-1,-3
leaky,5000,20261001-43-NbWz,19,rep >=2 before,-1,-2
leaky,5000,20261001-43-NbWz,19,rep >=2 before,-1,-1
leaky,5000,20261001-43-NbWz,19,rep >=2 before,-1,0
leaky,5000,20261001-43-NbWz,19,rep >=2 before,-1,1
leaky,5000,20261001-43-NbWz,19,rep >=2 before,-1,2
leaky,5000,20261001-43-NbWz,19,rep >=2 before,-1,3
leaky,5000,20261001-43-NbWz,19,rep >=2 before,0,-3
leaky,5000,20261001-43-NbWz,19,rep >=2 before,0,-2
leaky,5000,20261001-43-NbWz,19,rep >=2 before,0,-1
leaky,5000,20261001-43-NbWz,19,rep >=2 before,0,0
leaky,5000,20261001-43-NbWz,19,rep >=2 before,0,1
leaky,5000,20261001-43-NbWz,19,rep >=2 before,0,2
leaky,5000,20261001-43-NbWz,19,rep >=2 before,0,3
leaky,5000,20261001-43-NbWz,19,rep >=2 before,1,-3
leaky,5000,20261001-43-NbWz,19,rep >=2 before,1,-2
leaky,5000,20261001-43-NbWz,19,rep >=2 before,1,-1
leaky,5000,20261001-43-NbWz,19,rep >=2 before,1,0
leaky,5000,20261001-43-NbWz,19,rep >=2 before,1,1
leaky,5000,20261001-43-NbWz,19,rep >=2 before,1,2
leaky,5000,20261001-43-NbWz,19,rep >=2 before,1,3
leaky,5000,20261001-43-NbWz,19,rep >=2 before,2,-3
leaky,5000,20261001-43-NbWz,19,rep >=2 before,2,-2
leaky,5000,20261001-43-NbWz,19,rep >=2 before,2,-1
leaky,5000,20261001-43-NbWz,19,rep >=2 before,2,0
leaky,5000,20261001-43-NbWz,19,rep >=2 before,2,1
leaky,5000,20261001-43-NbWz,19,rep >=2 before,2,2
leaky,5000,20261001-43-NbWz,19,rep >=2 before,2,3
leaky,5000,20261001-43-NbWz,19,rep >=2 before,3,-3
leaky,5000,20261001-43-NbWz,19,rep >=2 before,3,-2
leaky,5000,20261001-43-NbWz,19,rep >=2 before,3,-1
leaky,5000,20261001-43-NbWz,19,rep >=2 before,3,0
leaky,5000,20261001-43-NbWz,19,rep >=2 before,3,1
leaky,5000,20261001-43-NbWz,19,rep >=2 before,3,2
leaky,5000,20261001-43-NbWz,19,rep >=2 before,3,3
leaky,5000,20261001-43-NbWz,20,pos 1 plies ago,-3,-3
leaky,5000,20261001-43-NbWz,20,pos 1 plies ago,-3,-2
leaky,5000,20261001-43-NbWz,20,pos 1 plies ago,-3,-1
leaky,5000,20261001-43-NbWz,20,pos 1 plies ago,-3,0
leaky,5000,20261001-43-NbWz,20,pos 1 plies ago,-3,1
leaky,5000,20261001-43-NbWz,20,pos 1 plies ago,-3,2
leaky,5000,20261001-43-NbWz,20,pos 1 plies ago,-3,3
leaky,5000,20261001-43-NbWz,20,pos 1 plies ago,-2,-3
leaky,5000,20261001-43-NbWz,20,pos 1 plies ago,-2,-2
leaky,5000,20261001-43-NbWz,20,pos 1 plies ago,-2,-1
leaky,5000,20261001-43-NbWz,20,pos 1 plies ago,-2,0
leaky,5000,20261001-43-NbWz,20,pos 1 plies ago,-2,1
leaky,5000,20261001-43-NbWz,20,pos 1 plies ago,-2,2
leaky,5000,20261001-43-NbWz,20,pos 1 plies ago,-2,3
leaky,5000,20261001-43-NbWz,20,pos 1 plies ago,-1,-3
leaky,5000,20261001-43-NbWz,20,pos 1 plies ago,-1,-2
leaky,5000,20261001-43-NbWz,20,pos 1 plies ago,-1,-1
leaky,5000,20261001-43-NbWz,20,pos 1 plies ago,-1,0
leaky,5000,20261001-43-NbWz,20,pos 1 plies ago,-1,1
leaky,5000,20261001-43-NbWz,20,pos 1 plies ago,-1,2
leaky,5000,20261001-43-NbWz,20,pos 1 plies ago,-1,3
leaky,5000,20261001-43-NbWz,20,pos 1 plies ago,0,-3
leaky,5000,20261001-43-NbWz,20,pos 1 plies ago,0,-2
leaky,5000,20261001-43-NbWz,20,pos 1 plies ago,0,-1
leaky,5000,20261001-43-NbWz,20,pos 1 plies ago,0,0
leaky,5000,20261001-43-NbWz,20,pos 1 plies ago,0,1
leaky,5000,20261001-43-NbWz,20,pos 1 plies ago,0,2
leaky,5000,20261001-43-NbWz,20,pos 1 plies ago,0,3
leaky,5000,20261001-43-NbWz,20,pos 1 plies ago,1,-3
leaky,5000,20261001-43-NbWz,20,pos 1 plies ago,1,-2
leaky,5000,20261001-43-NbWz,20,pos 1 plies ago,1,-1
leaky,5000,20261001-43-NbWz,20,pos 1 plies ago,1,0
leaky,5000,20261001-43-NbWz,20,pos 1 plies ago,1,1
leaky,5000,20261001-43-NbWz,20,pos 1 plies ago,1,2
leaky,5000,20261001-43-NbWz,20,pos 1 plies ago,1,3
leaky,5000,20261001-43-NbWz,20,pos 1 plies ago,2,-3
leaky,5000,20261001-43-NbWz,20,pos 1 plies ago,2,-2
leaky,5000,20261001-43-NbWz,20,pos 1 plies ago,2,-1
leaky,5000,20261001-43-NbWz,20,pos 1 plies ago,2,0
leaky,5000,20261001-43-NbWz,20,pos 1 plies ago,2,1
leaky,5000,20261001-43-NbWz,20,pos 1 plies ago,2,2
leaky,5000,20261001-43-NbWz,20,pos 1 plies ago,2,3
leaky,5000,20261001-43-NbWz,20,pos 1 plies ago,3,-3
leaky,5000,20261001-43-NbWz,20,pos 1 plies ago,3,-2
leaky,5000,20261001-43-NbWz,20,pos 1 plies ago,3,-1
leaky,5000,20261001-43-NbWz,20,pos 1 plies ago,3,0
leaky,5000,20261001-43-NbWz,20,pos 1 plies ago,3,1
leaky,5000,20261001-43-NbWz,20,pos 1 plies ago,3,2
leaky,5000,20261001-43-NbWz,20,pos 1 plies ago,3,3
leaky,5000,20261001-43-NbWz,21,pos 2 plies ago,-3,-3
leaky,5000,20261001-43-NbWz,21,pos 2 plies ago,-3,-2
leaky,5000,20261001-43-NbWz,21,pos 2 plies ago,-3,-1
leaky,5000,20261001-43-NbWz,21,pos 2 plies ago,-3,0
leaky,5000,20261001-43-NbWz,21,pos 2 plies ago,-3,1
leaky,5000,20261001-43-NbWz,21,pos 2 plies ago,-3,2
leaky,5000,20261001-43-NbWz,21,pos 2 plies ago,-3,3
leaky,5000,20261001-43-NbWz,21,pos 2 plies ago,-2,-3
leaky,5000,20261001-43-NbWz,21,pos 2 plies ago,-2,-2
leaky,5000,20261001-43-NbWz,21,pos 2 plies ago,-2,-1
leaky,5000,20261001-43-NbWz,21,pos 2 plies ago,-2,0
leaky,5000,20261001-43-NbWz,21,pos 2 plies ago,-2,1
leaky,5000,20261001-43-NbWz,21,pos 2 plies ago,-2,2
leaky,5000,20261001-43-NbWz,21,pos 2 plies ago,-2,3
leaky,5000,20261001-43-NbWz,21,pos 2 plies ago,-1,-3
leaky,5000,20261001-43-NbWz,21,pos 2 plies ago,-1,-2
leaky,5000,20261001-43-NbWz,21,pos 2 plies ago,-1,-1
leaky,5000,20261001-43-NbWz,21,pos 2 plies ago,-1,0
leaky,5000,20261001-43-NbWz,21,pos 2 plies ago,-1,1
leaky,5000,20261001-43-NbWz,21,pos 2 plies ago,-1,2
leaky,5000,20261001-43-NbWz,21,pos 2 plies ago,-1,3
leaky,5000,20261001-43-NbWz,21,pos 2 plies ago,0,-3
leaky,5000,20261001-43-NbWz,21,pos 2 plies ago,0,-2
leaky,5000,20261001-43-NbWz,21,pos 2 plies ago,0,-1
leaky,5000,20261001-43-NbWz,21,pos 2 plies ago,0,0
leaky,5000,20261001-43-NbWz,21,pos 2 plies ago,0,1
leaky,5000,20261001-43-NbWz,21,pos 2 plies ago,0,2
leaky,5000,20261001-43-NbWz,21,pos 2 plies ago,0,3
leaky,5000,20261001-43-NbWz,21,pos 2 plies ago,1,-3
leaky,5000,20261001-43-NbWz,21,pos 2 plies ago,1,-2
leaky,5000,20261001-43-NbWz,21,pos 2 plies ago,1,-1
leaky,5000,20261001-43-NbWz,21,pos 2 plies ago,1,0
leaky,5000,20261001-43-NbWz,21,pos 2 plies ago,1,1
leaky,5000,20261001-43-NbWz,21,pos 2 plies ago,1,2
leaky,5000,20261001-43-NbWz,21,pos 2 plies ago,1,3
leaky,5000,20261001-43-NbWz,21,pos 2 plies ago,2,-3
leaky,5000,20261001-43-NbWz,21,pos 2 plies ago,2,-2
leaky,5000,20261001-43-NbWz,21,pos 2 plies ago,2,-1
leaky,5000,20261001-43-NbWz,21,pos 2 plies ago,2,0
leaky,5000,20261001-43-NbWz,21,pos 2 plies ago,2,1
leaky,5000,20261001-43-NbWz,21,pos 2 plies ago,2,2
leaky,5000,20261001-43-NbWz,21,pos 2 plies ago,2,3
leaky,5000,20261001-43-NbWz,21,pos 2 plies ago,3,-3
leaky,5000,20261001-43-NbWz,21,pos 2 plies ago,3,-2
leaky,5000,20261001-43-NbWz,21,pos 2 plies ago,3,-1
leaky,5000,20261001-43-NbWz,21,pos 2 plies ago,3,0
leaky,5000,20261001-43-NbWz,21,pos 2 plies ago,3,1
leaky,5000,20261001-43-NbWz,21,pos 2 plies ago,3,2
leaky,5000,20261001-43-NbWz,21,pos 2 plies ago,3,3
leaky,5000,20261001-43-NbWz,22,pos 3 plies ago,-3,-3
leaky,5000,20261001-43-NbWz,22,pos 3 plies ago,-3,-2
leaky,5000,20261001-43-NbWz,22,pos 3 plies ago,-3,-1
leaky,5000,20261001-43-NbWz,22,pos 3 plies ago,-3,0
leaky,5000,20261001-43-NbWz,22,pos 3 plies ago,-3,1
leaky,5000,20261001-43-NbWz,22,pos 3 plies ago,-3,2
leaky,5000,20261001-43-NbWz,22,pos 3 plies ago,-3,3
leaky,5000,20261001-43-NbWz,22,pos 3 plies ago,-2,-3
leaky,5000,20261001-43-NbWz,22,pos 3 plies ago,-2,-2
leaky,5000,20261001-43-NbWz,22,pos 3 plies ago,-2,-1
leaky,5000,20261001-43-NbWz,22,pos 3 plies ago,-2,0
leaky,5000,20261001-43-NbWz,22,pos 3 plies ago,-2,1
leaky,5000,20261001-43-NbWz,22,pos 3 plies ago,-2,2
leaky,5000,20261001-43-NbWz,22,pos 3 plies ago,-2,3
leaky,5000,20261001-43-NbWz,22,pos 3 plies ago,-1,-3
leaky,5000,20261001-43-NbWz,22,pos 3 plies ago,-1,-2
leaky,5000,20261001-43-NbWz,22,pos 3 plies ago,-1,-1
leaky,5000,20261001-43-NbWz,22,pos 3 plies ago,-1,0
leaky,5000,20261001-43-NbWz,22,pos 3 plies ago,-1,1
leaky,5000,20261001-43-NbWz,22,pos 3 plies ago,-1,2
leaky,5000,20261001-43-NbWz,22,pos 3 plies ago,-1,3
leaky,5000,20261001-43-NbWz,22,pos 3 plies ago,0,-3
leaky,5000,20261001-43-NbWz,22,pos 3 plies ago,0,-2
leaky,5000,20261001-43-NbWz,22,pos 3 plies ago,0,-1
leaky,5000,20261001-43-NbWz,22,pos 3 plies ago,0,0
leaky,5000,20261001-43-NbWz,22,pos 3 plies ago,0,1
leaky,5000,20261001-43-NbWz,22,pos 3 plies ago,0,2
leaky,5000,20261001-43-NbWz,22,pos 3 plies ago,0,3
leaky,5000,20261001-43-NbWz,22,pos 3 plies ago,1,-3
leaky,5000,20261001-43-NbWz,22,pos 3 plies ago,1,-2
leaky,5000,20261001-43-NbWz,22,pos 3 plies ago,1,-1
leaky,5000,20261001-43-NbWz,22,pos 3 plies ago,1,0
leaky,5000,20261001-43-NbWz,22,pos 3 plies ago,1,1
leaky,5000,20261001-43-NbWz,22,pos 3 plies ago,1,2
leaky,5000,20261001-43-NbWz,22,pos 3 plies ago,1,3
leaky,5000,20261001-43-NbWz,22,pos 3 plies ago,2,-3
leaky,5000,20261001-43-NbWz,22,pos 3 plies ago,2,-2
leaky,5000,20261001-43-NbWz,22,pos 3 plies ago,2,-1
leaky,5000,20261001-43-NbWz,22,pos 3 plies ago,2,0
leaky,5000,20261001-43-NbWz,22,pos 3 plies ago,2,1
leaky,5000,20261001-43-NbWz,22,pos 3 plies ago,2,2
leaky,5000,20261001-43-NbWz,22,pos 3 plies ago,2,3
leaky,5000,20261001-43-NbWz,22,pos 3 plies ago,3,-3
leaky,5000,20261001-43-NbWz,22,pos 3 plies ago,3,-2
leaky,5000,20261001-43-NbWz,22,pos 3 plies ago,3,-1
leaky,5000,20261001-43-NbWz,22,pos 3 plies ago,3,0
leaky,5000,20261001-43-NbWz,22,pos 3 plies ago,3,1
leaky,5000,20261001-43-NbWz,22,pos 3 plies ago,3,2
leaky,5000,20261001-43-NbWz,22,pos 3 plies ago,3,3
leaky,5000,20261001-43-NbWz,24,pos 5 plies ago,-3,-3
leaky,5000,20261001-43-NbWz,24,pos 5 plies ago,-3,-2
leaky,5000,20261001-43-NbWz,24,pos 5 plies ago,-3,-1
leaky,5000,20261001-43-NbWz,24,pos 5 plies ago,-3,0
leaky,5000,20261001-43-NbWz,24,pos 5 plies ago,-3,1
leaky,5000,20261001-43-NbWz,24,pos 5 plies ago,-3,2
leaky,5000,20261001-43-NbWz,24,pos 5 plies ago,-3,3
leaky,5000,20261001-43-NbWz,24,pos 5 plies ago,-2,-3
leaky,5000,20261001-43-NbWz,24,pos 5 plies ago,-2,-2
leaky,5000,20261001-43-NbWz,24,pos 5 plies ago,-2,-1
leaky,5000,20261001-43-NbWz,24,pos 5 plies ago,-2,0
leaky,5000,20261001-43-NbWz,24,pos 5 plies ago,-2,1
leaky,5000,20261001-43-NbWz,24,pos 5 plies ago,-2,2
leaky,5000,20261001-43-NbWz,24,pos 5 plies ago,-2,3
leaky,5000,20261001-43-NbWz,24,pos 5 plies ago,-1,-3
leaky,5000,20261001-43-NbWz,24,pos 5 plies ago,-1,-2
leaky,5000,20261001-43-NbWz,24,pos 5 plies ago,-1,-1
leaky,5000,20261001-43-NbWz,24,pos 5 plies ago,-1,0
leaky,5000,20261001-43-NbWz,24,pos 5 plies ago,-1,1
leaky,5000,20261001-43-NbWz,24,pos 5 plies ago,-1,2
leaky,5000,20261001-43-NbWz,24,pos 5 plies ago,-1,3
leaky,5000,20261001-43-NbWz,24,pos 5 plies ago,0,-3
leaky,5000,20261001-43-NbWz,24,pos 5 plies ago,0,-2
leaky,5000,20261001-43-NbWz,24,pos 5 plies ago,0,-1
leaky,5000,20261001-43-NbWz,24,pos 5 plies ago,0,0
leaky,5000,20261001-43-NbWz,24,pos 5 plies ago,0,1
leaky,5000,20261001-43-NbWz,24,pos 5 plies ago,0,2
leaky,5000,20261001-43-NbWz,24,pos 5 plies ago,0,3
leaky,5000,20261001-43-NbWz,24,pos 5 plies ago,1,-3
leaky,5000,20261001-43-NbWz,24,pos 5 plies ago,1,-2
leaky,5000,20261001-43-NbWz,24,pos 5 plies ago,1,-1
leaky,5000,20261001-43-NbWz,24,pos 5 plies ago,1,0
leaky,5000,20261001-43-NbWz,24,pos 5 plies ago,1,1
leaky,5000,20261001-43-NbWz,24,pos 5 plies ago,1,2
leaky,5000,20261001-43-NbWz,24,pos 5 plies ago,1,3
leaky,5000,20261001-43-NbWz,24,pos 5 plies ago,2,-3
leaky,5000,20261001-43-NbWz,24,pos 5 plies ago,2,-2
leaky,5000,20261001-43-NbWz,24,pos 5 plies ago,2,-1
leaky,5000,20261001-43-NbWz,24,pos 5 plies ago,2,0
leaky,5000,20261001-43-NbWz,24,pos 5 plies ago,2,1
leaky,5000,20261001-43-NbWz,24,pos 5 plies ago,2,2
leaky,5000,20261001-43-NbWz,24,pos 5 plies ago,2,3
leaky,5000,20261001-43-NbWz,24,pos 5 plies ago,3,-3
leaky,5000,20261001-43-NbWz,24,pos 5 plies ago,3,-2
leaky,5000,20261001-43-NbWz,24,pos 5 plies ago,3,-1
leaky,5000,20261001-43-NbWz,24,pos 5 plies ago,3,0
leaky,5000,20261001-43-NbWz,24,pos 5 plies ago,3,1
leaky,5000,20261001-43-NbWz,24,pos 5 plies ago,3,2
leaky,5000,20261001-43-NbWz,24,pos 5 plies ago,3,3
leaky,5000,20261001-43-NbWz,26,pos 7 plies ago,-3,-3
leaky,5000,20261001-43-NbWz,26,pos 7 plies ago,-3,-2
leaky,5000,20261001-43-NbWz,26,pos 7 plies ago,-3,-1
leaky,5000,20261001-43-NbWz,26,pos 7 plies ago,-3,0
leaky,5000,20261001-43-NbWz,26,pos 7 plies ago,-3,1
leaky,5000,20261001-43-NbWz,26,pos 7 plies ago,-3,2
leaky,5000,20261001-43-NbWz,26,pos 7 plies ago,-3,3
leaky,5000,20261001-43-NbWz,26,pos 7 plies ago,-2,-3
leaky,5000,20261001-43-NbWz,26,pos 7 plies ago,-2,-2
leaky,5000,20261001-43-NbWz,26,pos 7 plies ago,-2,-1
leaky,5000,20261001-43-NbWz,26,pos 7 plies ago,-2,0
leaky,5000,20261001-43-NbWz,26,pos 7 plies ago,-2,1
leaky,5000,20261001-43-NbWz,26,pos 7 plies ago,-2,2
leaky,5000,20261001-43-NbWz,26,pos 7 plies ago,-2,3
leaky,5000,20261001-43-NbWz,26,pos 7 plies ago,-1,-3
leaky,5000,20261001-43-NbWz,26,pos 7 plies ago,-1,-2
leaky,5000,20261001-43-NbWz,26,pos 7 plies ago,-1,-1
leaky,5000,20261001-43-NbWz,26,pos 7 plies ago,-1,0
leaky,5000,20261001-43-NbWz,26,pos 7 plies ago,-1,1
leaky,5000,20261001-43-NbWz,26,pos 7 plies ago,-1,2
leaky,5000,20261001-43-NbWz,26,pos 7 plies ago,-1,3
leaky,5000,20261001-43-NbWz,26,pos 7 plies ago,0,-3
leaky,5000,20261001-43-NbWz,26,pos 7 plies ago,0,-2
leaky,5000,20261001-43-NbWz,26,pos 7 plies ago,0,-1
leaky,5000,20261001-43-NbWz,26,pos 7 plies ago,0,0
leaky,5000,20261001-43-NbWz,26,pos 7 plies ago,0,1
leaky,5000,20261001-43-NbWz,26,pos 7 plies ago,0,2
leaky,5000,20261001-43-NbWz,26,pos 7 plies ago,0,3
leaky,5000,20261001-43-NbWz,26,pos 7 plies ago,1,-3
leaky,5000,20261001-43-NbWz,26,pos 7 plies ago,1,-2
leaky,5000,20261001-43-NbWz,26,pos 7 plies ago,1,-1
leaky,5000,20261001-43-NbWz,26,pos 7 plies ago,1,0
leaky,5000,20261001-43-NbWz,26,pos 7 plies ago,1,1
leaky,5000,20261001-43-NbWz,26,pos 7 plies ago,1,2
leaky,5000,20261001-43-NbWz,26,pos 7 plies ago,1,3
leaky,5000,20261001-43-NbWz,26,pos 7 plies ago,2,-3
leaky,5000,20261001-43-NbWz,26,pos 7 plies ago,2,-2
leaky,5000,20261001-43-NbWz,26,pos 7 plies ago,2,-1
leaky,5000,20261001-43-NbWz,26,pos 7 plies ago,2,0
leaky,5000,20261001-43-NbWz,26,pos 7 plies ago,2,1
leaky,5000,20261001-43-NbWz,26,pos 7 plies ago,2,2
leaky,5000,20261001-43-NbWz,26,pos 7 plies ago,2,3
leaky,5000,20261001-43-NbWz,26,pos 7 plies ago,3,-3
leaky,5000,20261001-43-NbWz,26,pos 7 plies ago,3,-2
leaky,5000,20261001-43-NbWz,26,pos 7 plies ago,3,-1
leaky,5000,20261001-43-NbWz,26,pos 7 plies ago,3,0
leaky,5000,20261001-43-NbWz,26,pos 7 plies ago,3,1
leaky,5000,20261001-43-NbWz,26,pos 7 plies ago,3,2
leaky,5000,20261001-43-NbWz,26,pos 7 plies ago,3,3
leaky,5000,20261001-43-NbWz,28,pos 9 plies ago,-3,-3
leaky,5000,20261001-43-NbWz,28,pos 9 plies ago,-3,-2
leaky,5000,20261001-43-NbWz,28,pos 9 plies ago,-3,-1
leaky,5000,20261001-43-NbWz,28,pos 9 plies ago,-3,0
leaky,5000,20261001-43-NbWz,28,pos 9 plies ago,-3,1
leaky,5000,20261001-43-NbWz,28,pos 9 plies ago,-3,2
leaky,5000,20261001-43-NbWz,28,pos 9 plies ago,-3,3
leaky,5000,20261001-43-NbWz,28,pos 9 plies ago,-2,-3
leaky,5000,20261001-43-NbWz,28,pos 9 plies ago,-2,-2
leaky,5000,20261001-43-NbWz,28,pos 9 plies ago,-2,-1
leaky,5000,20261001-43-NbWz,28,pos 9 plies ago,-2,0
leaky,5000,20261001-43-NbWz,28,pos 9 plies ago,-2,1
leaky,5000,20261001-43-NbWz,28,pos 9 plies ago,-2,2
leaky,5000,20261001-43-NbWz,28,pos 9 plies ago,-2,3
leaky,5000,20261001-43-NbWz,28,pos 9 plies ago,-1,-3
leaky,5000,20261001-43-NbWz,28,pos 9 plies ago,-1,-2
leaky,5000,20261001-43-NbWz,28,pos 9 plies ago,-1,-1
leaky,5000,20261001-43-NbWz,28,pos 9 plies ago,-1,0
leaky,5000,20261001-43-NbWz,28,pos 9 plies ago,-1,1
leaky,5000,20261001-43-NbWz,28,pos 9 plies ago,-1,2
leaky,5000,20261001-43-NbWz,28,pos 9 plies ago,-1,3
leaky,5000,20261001-43-NbWz,28,pos 9 plies ago,0,-3
leaky,5000,20261001-43-NbWz,28,pos 9 plies ago,0,-2
leaky,5000,20261001-43-NbWz,28,pos 9 plies ago,0,-1
leaky,5000,20261001-43-NbWz,28,pos 9 plies ago,0,0
leaky,5000,20261001-43-NbWz,28,pos 9 plies ago,0,1
leaky,5000,20261001-43-NbWz,28,pos 9 plies ago,0,2
leaky,5000,20261001-43-NbWz,28,pos 9 plies ago,0,3
leaky,5000,20261001-43-NbWz,28,pos 9 plies ago,1,-3
leaky,5000,20261001-43-NbWz,28,pos 9 plies ago,1,-2
leaky,5000,20261001-43-NbWz,28,pos 9 plies ago,1,-1
leaky,5000,20261001-43-NbWz,28,pos 9 plies ago,1,0
leaky,5000,20261001-43-NbWz,28,pos 9 plies ago,1,1
leaky,5000,20261001-43-NbWz,28,pos 9 plies ago,1,2
leaky,5000,20261001-43-NbWz,28,pos 9 plies ago,1,3
leaky,5000,20261001-43-NbWz,28,pos 9 plies ago,2,-3
leaky,5000,20261001-43-NbWz,28,pos 9 plies ago,2,-2
leaky,5000,20261001-43-NbWz,28,pos 9 plies ago,2,-1
leaky,5000,20261001-43-NbWz,28,pos 9 plies ago,2,0
leaky,5000,20261001-43-NbWz,28,pos 9 plies ago,2,1
leaky,5000,20261001-43-NbWz,28,pos 9 plies ago,2,2
leaky,5000,20261001-43-NbWz,28,pos 9 plies ago,2,3
leaky,5000,20261001-43-NbWz,28,pos 9 plies ago,3,-3
leaky,5000,20261001-43-NbWz,28,pos 9 plies ago,3,-2
leaky,5000,20261001-43-NbWz,28,pos 9 plies ago,3,-1
leaky,5000,20261001-43-NbWz,28,pos 9 plies ago,3,0
leaky,5000,20261001-43-NbWz,28,pos 9 plies ago,3,1
leaky,5000,20261001-43-NbWz,28,pos 9 plies ago,3,2
leaky,5000,20261001-43-NbWz,28,pos 9 plies ago,3,3
leaky,6000,20261001-43-NbWz,16,en passant,3,-3
leaky,6000,20261001-43-NbWz,16,en passant,3,-2
leaky,6000,20261001-43-NbWz,16,en passant,3,-1
leaky,6000,20261001-43-NbWz,16,en passant,3,0
leaky,6000,20261001-43-NbWz,16,en passant,3,1
leaky,6000,20261001-43-NbWz,16,en passant,3,2
leaky,6000,20261001-43-NbWz,16,en passant,3,3
leaky,6000,20261001-43-NbWz,19,rep >=2 before,-3,-3
leaky,6000,20261001-43-NbWz,19,rep >=2 before,-3,-2
leaky,6000,20261001-43-NbWz,19,rep >=2 before,-3,-1
leaky,6000,20261001-43-NbWz,19,rep >=2 before,-3,0
leaky,6000,20261001-43-NbWz,19,rep >=2 before,-3,1
leaky,6000,20261001-43-NbWz,19,rep >=2 before,-3,2
leaky,6000,20261001-43-NbWz,19,rep >=2 before,-3,3
leaky,6000,20261001-43-NbWz,19,rep >=2 before,-2,-3
leaky,6000,20261001-43-NbWz,19,rep >=2 before,-2,-2
leaky,6000,20261001-43-NbWz,19,rep >=2 before,-2,-1
leaky,6000,20261001-43-NbWz,19,rep >=2 before,-2,0
leaky,6000,20261001-43-NbWz,19,rep >=2 before,-2,1
leaky,6000,20261001-43-NbWz,19,rep >=2 before,-2,2
leaky,6000,20261001-43-NbWz,19,rep >=2 before,-2,3
leaky,6000,20261001-43-NbWz,19,rep >=2 before,-1,-3
leaky,6000,20261001-43-NbWz,19,rep >=2 before,-1,-2
leaky,6000,20261001-43-NbWz,19,rep >=2 before,-1,-1
leaky,6000,20261001-43-NbWz,19,rep >=2 before,-1,0
leaky,6000,20261001-43-NbWz,19,rep >=2 before,-1,1
leaky,6000,20261001-43-NbWz,19,rep >=2 before,-1,2
leaky,6000,20261001-43-NbWz,19,rep >=2 before,-1,3
leaky,6000,20261001-43-NbWz,19,rep >=2 before,0,-3
leaky,6000,20261001-43-NbWz,19,rep >=2 before,0,-2
leaky,6000,20261001-43-NbWz,19,rep >=2 before,0,-1
leaky,6000,20261001-43-NbWz,19,rep >=2 before,0,0
leaky,6000,20261001-43-NbWz,19,rep >=2 before,0,1
leaky,6000,20261001-43-NbWz,19,rep >=2 before,0,2
leaky,6000,20261001-43-NbWz,19,rep >=2 before,0,3
leaky,6000,20261001-43-NbWz,19,rep >=2 before,1,-3
leaky,6000,20261001-43-NbWz,19,rep >=2 before,1,-2
leaky,6000,20261001-43-NbWz,19,rep >=2 before,1,-1
leaky,6000,20261001-43-NbWz,19,rep >=2 before,1,0
leaky,6000,20261001-43-NbWz,19,rep >=2 before,1,1
leaky,6000,20261001-43-NbWz,19,rep >=2 before,1,2
leaky,6000,20261001-43-NbWz,19,rep >=2 before,1,3
leaky,6000,20261001-43-NbWz,19,rep >=2 before,2,-3
leaky,6000,20261001-43-NbWz,19,rep >=2 before,2,-2
leaky,6000,20261001-43-NbWz,19,rep >=2 before,2,-1
leaky,6000,20261001-43-NbWz,19,rep >=2 before,2,0
leaky,6000,20261001-43-NbWz,19,rep >=2 before,2,1
leaky,6000,20261001-43-NbWz,19,rep >=2 before,2,2
leaky,6000,20261001-43-NbWz,19,rep >=2 before,2,3
leaky,6000,20261001-43-NbWz,19,rep >=2 before,3,-3
leaky,6000,20261001-43-NbWz,19,rep >=2 before,3,-2
leaky,6000,20261001-43-NbWz,19,rep >=2 before,3,-1
leaky,6000,20261001-43-NbWz,19,rep >=2 before,3,0
leaky,6000,20261001-43-NbWz,19,rep >=2 before,3,1
leaky,6000,20261001-43-NbWz,19,rep >=2 before,3,2
leaky,6000,20261001-43-NbWz,19,rep >=2 before,3,3
leaky,6000,20261001-43-NbWz,20,pos 1 plies ago,-3,-3
leaky,6000,20261001-43-NbWz,20,pos 1 plies ago,-3,-2
leaky,6000,20261001-43-NbWz,20,pos 1 plies ago,-3,-1
leaky,6000,20261001-43-NbWz,20,pos 1 plies ago,-3,0
leaky,6000,20261001-43-NbWz,20,pos 1 plies ago,-3,1
leaky,6000,20261001-43-NbWz,20,pos 1 plies ago,-3,2
leaky,6000,20261001-43-NbWz,20,pos 1 plies ago,-3,3
leaky,6000,20261001-43-NbWz,20,pos 1 plies ago,-2,-3
leaky,6000,20261001-43-NbWz,20,pos 1 plies ago,-2,-2
leaky,6000,20261001-43-NbWz,20,pos 1 plies ago,-2,-1
leaky,6000,20261001-43-NbWz,20,pos 1 plies ago,-2,0
leaky,6000,20261001-43-NbWz,20,pos 1 plies ago,-2,1
leaky,6000,20261001-43-NbWz,20,pos 1 plies ago,-2,2
leaky,6000,20261001-43-NbWz,20,pos 1 plies ago,-2,3
leaky,6000,20261001-43-NbWz,20,pos 1 plies ago,-1,-3
leaky,6000,20261001-43-NbWz,20,pos 1 plies ago,-1,-2
leaky,6000,20261001-43-NbWz,20,pos 1 plies ago,-1,-1
leaky,6000,20261001-43-NbWz,20,pos 1 plies ago,-1,0
leaky,6000,20261001-43-NbWz,20,pos 1 plies ago,-1,1
leaky,6000,20261001-43-NbWz,20,pos 1 plies ago,-1,2
leaky,6000,20261001-43-NbWz,20,pos 1 plies ago,-1,3
leaky,6000,20261001-43-NbWz,20,pos 1 plies ago,0,-3
leaky,6000,20261001-43-NbWz,20,pos 1 plies ago,0,-2
leaky,6000,20261001-43-NbWz,20,pos 1 plies ago,0,-1
leaky,6000,20261001-43-NbWz,20,pos 1 plies ago,0,0
leaky,6000,20261001-43-NbWz,20,pos 1 plies ago,0,1
leaky,6000,20261001-43-NbWz,20,pos 1 plies ago,0,2
leaky,6000,20261001-43-NbWz,20,pos 1 plies ago,0,3
leaky,6000,20261001-43-NbWz,20,pos 1 plies ago,1,-3
leaky,6000,20261001-43-NbWz,20,pos 1 plies ago,1,-2
leaky,6000,20261001-43-NbWz,20,pos 1 plies ago,1,-1
leaky,6000,20261001-43-NbWz,20,pos 1 plies ago,1,0
leaky,6000,20261001-43-NbWz,20,pos 1 plies ago,1,1
leaky,6000,20261001-43-NbWz,20,pos 1 plies ago,1,2
leaky,6000,20261001-43-NbWz,20,pos 1 plies ago,1,3
leaky,6000,20261001-43-NbWz,20,pos 1 plies ago,2,-3
leaky,6000,20261001-43-NbWz,20,pos 1 plies ago,2,-2
leaky,6000,20261001-43-NbWz,20,pos 1 plies ago,2,-1
leaky,6000,20261001-43-NbWz,20,pos 1 plies ago,2,0
leaky,6000,20261001-43-NbWz,20,pos 1 plies ago,2,1
leaky,6000,20261001-43-NbWz,20,pos 1 plies ago,2,2
leaky,6000,20261001-43-NbWz,20,pos 1 plies ago,2,3
leaky,6000,20261001-43-NbWz,20,pos 1 plies ago,3,-3
leaky,6000,20261001-43-NbWz,20,pos 1 plies ago,3,-2
leaky,6000,20261001-43-NbWz,20,pos 1 plies ago,3,-1
leaky,6000,20261001-43-NbWz,20,pos 1 plies ago,3,0
leaky,6000,20261001-43-NbWz,20,pos 1 plies ago,3,1
leaky,6000,20261001-43-NbWz,20,pos 1 plies ago,3,2
leaky,6000,20261001-43-NbWz,20,pos 1 plies ago,3,3
leaky,6000,20261001-43-NbWz,21,pos 2 plies ago,-3,-3
leaky,6000,20261001-43-NbWz,21,pos 2 plies ago,-3,-2
leaky,6000,20261001-43-NbWz,21,pos 2 plies ago,-3,-1
leaky,6000,20261001-43-NbWz,21,pos 2 plies ago,-3,0
leaky,6000,20261001-43-NbWz,21,pos 2 plies ago,-3,1
leaky,6000,20261001-43-NbWz,21,pos 2 plies ago,-3,2
leaky,6000,20261001-43-NbWz,21,pos 2 plies ago,-3,3
leaky,6000,20261001-43-NbWz,21,pos 2 plies ago,-2,-3
leaky,6000,20261001-43-NbWz,21,pos 2 plies ago,-2,-2
leaky,6000,20261001-43-NbWz,21,pos 2 plies ago,-2,-1
leaky,6000,20261001-43-NbWz,21,pos 2 plies ago,-2,0
leaky,6000,20261001-43-NbWz,21,pos 2 plies ago,-2,1
leaky,6000,20261001-43-NbWz,21,pos 2 plies ago,-2,2
leaky,6000,20261001-43-NbWz,21,pos 2 plies ago,-2,3
leaky,6000,20261001-43-NbWz,21,pos 2 plies ago,-1,-3
leaky,6000,20261001-43-NbWz,21,pos 2 plies ago,-1,-2
leaky,6000,20261001-43-NbWz,21,pos 2 plies ago,-1,-1
leaky,6000,20261001-43-NbWz,21,pos 2 plies ago,-1,0
leaky,6000,20261001-43-NbWz,21,pos 2 plies ago,-1,1
leaky,6000,20261001-43-NbWz,21,pos 2 plies ago,-1,2
leaky,6000,20261001-43-NbWz,21,pos 2 plies ago,-1,3
leaky,6000,20261001-43-NbWz,21,pos 2 plies ago,0,-3
leaky,6000,20261001-43-NbWz,21,pos 2 plies ago,0,-2
leaky,6000,20261001-43-NbWz,21,pos 2 plies ago,0,-1
leaky,6000,20261001-43-NbWz,21,pos 2 plies ago,0,0
leaky,6000,20261001-43-NbWz,21,pos 2 plies ago,0,1
leaky,6000,20261001-43-NbWz,21,pos 2 plies ago,0,2
leaky,6000,20261001-43-NbWz,21,pos 2 plies ago,0,3
leaky,6000,20261001-43-NbWz,21,pos 2 plies ago,1,-3
leaky,6000,20261001-43-NbWz,21,pos 2 plies ago,1,-2
leaky,6000,20261001-43-NbWz,21,pos 2 plies ago,1,-1
leaky,6000,20261001-43-NbWz,21,pos 2 plies ago,1,0
leaky,6000,20261001-43-NbWz,21,pos 2 plies ago,1,1
leaky,6000,20261001-43-NbWz,21,pos 2 plies ago,1,2
leaky,6000,20261001-43-NbWz,21,pos 2 plies ago,1,3
leaky,6000,20261001-43-NbWz,21,pos 2 plies ago,2,-3
leaky,6000,20261001-43-NbWz,21,pos 2 plies ago,2,-2
leaky,6000,20261001-43-NbWz,21,pos 2 plies ago,2,-1
leaky,6000,20261001-43-NbWz,21,pos 2 plies ago,2,0
leaky,6000,20261001-43-NbWz,21,pos 2 plies ago,2,1
leaky,6000,20261001-43-NbWz,21,pos 2 plies ago,2,2
leaky,6000,20261001-43-NbWz,21,pos 2 plies ago,2,3
leaky,6000,20261001-43-NbWz,21,pos 2 plies ago,3,-3
leaky,6000,20261001-43-NbWz,21,pos 2 plies ago,3,-2
leaky,6000,20261001-43-NbWz,21,pos 2 plies ago,3,-1
leaky,6000,20261001-43-NbWz,21,pos 2 plies ago,3,0
leaky,6000,20261001-43-NbWz,21,pos 2 plies ago,3,1
leaky,6000,20261001-43-NbWz,21,pos 2 plies ago,3,2
leaky,6000,20261001-43-NbWz,21,pos 2 plies ago,3,3
leaky,6000,20261001-43-NbWz,22,pos 3 plies ago,-3,-3
leaky,6000,20261001-43-NbWz,22,pos 3 plies ago,-3,-2
leaky,6000,20261001-43-NbWz,22,pos 3 plies ago,-3,-1
leaky,6000,20261001-43-NbWz,22,pos 3 plies ago,-3,0
leaky,6000,20261001-43-NbWz,22,pos 3 plies ago,-3,1
leaky,6000,20261001-43-NbWz,22,pos 3 plies ago,-3,2
leaky,6000,20261001-43-NbWz,22,pos 3 plies ago,-3,3
leaky,6000,20261001-43-NbWz,22,pos 3 plies ago,-2,-3
leaky,6000,20261001-43-NbWz,22,pos 3 plies ago,-2,-2
leaky,6000,20261001-43-NbWz,22,pos 3 plies ago,-2,-1
leaky,6000,20261001-43-NbWz,22,pos 3 plies ago,-2,0
leaky,6000,20261001-43-NbWz,22,pos 3 plies ago,-2,1
leaky,6000,20261001-43-NbWz,22,pos 3 plies ago,-2,2
leaky,6000,20261001-43-NbWz,22,pos 3 plies ago,-2,3
leaky,6000,20261001-43-NbWz,22,pos 3 plies ago,-1,-3
leaky,6000,20261001-43-NbWz,22,pos 3 plies ago,-1,-2
leaky,6000,20261001-43-NbWz,22,pos 3 plies ago,-1,-1
leaky,6000,20261001-43-NbWz,22,pos 3 plies ago,-1,0
leaky,6000,20261001-43-NbWz,22,pos 3 plies ago,-1,1
leaky,6000,20261001-43-NbWz,22,pos 3 plies ago,-1,2
leaky,6000,20261001-43-NbWz,22,pos 3 plies ago,-1,3
leaky,6000,20261001-43-NbWz,22,pos 3 plies ago,0,-3
leaky,6000,20261001-43-NbWz,22,pos 3 plies ago,0,-2
leaky,6000,20261001-43-NbWz,22,pos 3 plies ago,0,-1
leaky,6000,20261001-43-NbWz,22,pos 3 plies ago,0,0
leaky,6000,20261001-43-NbWz,22,pos 3 plies ago,0,1
leaky,6000,20261001-43-NbWz,22,pos 3 plies ago,0,2
leaky,6000,20261001-43-NbWz,22,pos 3 plies ago,0,3
leaky,6000,20261001-43-NbWz,22,pos 3 plies ago,1,-3
leaky,6000,20261001-43-NbWz,22,pos 3 plies ago,1,-2
leaky,6000,20261001-43-NbWz,22,pos 3 plies ago,1,-1
leaky,6000,20261001-43-NbWz,22,pos 3 plies ago,1,0
leaky,6000,20261001-43-NbWz,22,pos 3 plies ago,1,1
leaky,6000,20261001-43-NbWz,22,pos 3 plies ago,1,2
leaky,6000,20261001-43-NbWz,22,pos 3 plies ago,1,3
leaky,6000,20261001-43-NbWz,22,pos 3 plies ago,2,-3
leaky,6000,20261001-43-NbWz,22,pos 3 plies ago,2,-2
leaky,6000,20261001-43-NbWz,22,pos 3 plies ago,2,-1
leaky,6000,20261001-43-NbWz,22,pos 3 plies ago,2,0
leaky,6000,20261001-43-NbWz,22,pos 3 plies ago,2,1
leaky,6000,20261001-43-NbWz,22,pos 3 plies ago,2,2
leaky,6000,20261001-43-NbWz,22,pos 3 plies ago,2,3
leaky,6000,20261001-43-NbWz,22,pos 3 plies ago,3,-3
leaky,6000,20261001-43-NbWz,22,pos 3 plies ago,3,-2
leaky,6000,20261001-43-NbWz,22,pos 3 plies ago,3,-1
leaky,6000,20261001-43-NbWz,22,pos 3 plies ago,3,0
leaky,6000,20261001-43-NbWz,22,pos 3 plies ago,3,1
leaky,6000,20261001-43-NbWz,22,pos 3 plies ago,3,2
leaky,6000,20261001-43-NbWz,22,pos 3 plies ago,3,3
leaky,6000,20261001-43-NbWz,24,pos 5 plies ago,-3,-3
leaky,6000,20261001-43-NbWz,24,pos 5 plies ago,-3,-2
leaky,6000,20261001-43-NbWz,24,pos 5 plies ago,-3,-1
leaky,6000,20261001-43-NbWz,24,pos 5 plies ago,-3,0
leaky,6000,20261001-43-NbWz,24,pos 5 plies ago,-3,1
leaky,6000,20261001-43-NbWz,24,pos 5 plies ago,-3,2
leaky,6000,20261001-43-NbWz,24,pos 5 plies ago,-3,3
leaky,6000,20261001-43-NbWz,24,pos 5 plies ago,-2,-3
leaky,6000,20261001-43-NbWz,24,pos 5 plies ago,-2,-2
leaky,6000,20261001-43-NbWz,24,pos 5 plies ago,-2,-1
leaky,6000,20261001-43-NbWz,24,pos 5 plies ago,-2,0
leaky,6000,20261001-43-NbWz,24,pos 5 plies ago,-2,1
leaky,6000,20261001-43-NbWz,24,pos 5 plies ago,-2,2
leaky,6000,20261001-43-NbWz,24,pos 5 plies ago,-2,3
leaky,6000,20261001-43-NbWz,24,pos 5 plies ago,-1,-3
leaky,6000,20261001-43-NbWz,24,pos 5 plies ago,-1,-2
leaky,6000,20261001-43-NbWz,24,pos 5 plies ago,-1,-1
leaky,6000,20261001-43-NbWz,24,pos 5 plies ago,-1,0
leaky,6000,20261001-43-NbWz,24,pos 5 plies ago,-1,1
leaky,6000,20261001-43-NbWz,24,pos 5 plies ago,-1,2
leaky,6000,20261001-43-NbWz,24,pos 5 plies ago,-1,3
leaky,6000,20261001-43-NbWz,24,pos 5 plies ago,0,-3
leaky,6000,20261001-43-NbWz,24,pos 5 plies ago,0,-2
leaky,6000,20261001-43-NbWz,24,pos 5 plies ago,0,-1
leaky,6000,20261001-43-NbWz,24,pos 5 plies ago,0,0
leaky,6000,20261001-43-NbWz,24,pos 5 plies ago,0,1
leaky,6000,20261001-43-NbWz,24,pos 5 plies ago,0,2
leaky,6000,20261001-43-NbWz,24,pos 5 plies ago,0,3
leaky,6000,20261001-43-NbWz,24,pos 5 plies ago,1,-3
leaky,6000,20261001-43-NbWz,24,pos 5 plies ago,1,-2
leaky,6000,20261001-43-NbWz,24,pos 5 plies ago,1,-1
leaky,6000,20261001-43-NbWz,24,pos 5 plies ago,1,0
leaky,6000,20261001-43-NbWz,24,pos 5 plies ago,1,1
leaky,6000,20261001-43-NbWz,24,pos 5 plies ago,1,2
leaky,6000,20261001-43-NbWz,24,pos 5 plies ago,1,3
leaky,6000,20261001-43-NbWz,24,pos 5 plies ago,2,-3
leaky,6000,20261001-43-NbWz,24,pos 5 plies ago,2,-2
leaky,6000,20261001-43-NbWz,24,pos 5 plies ago,2,-1
leaky,6000,20261001-43-NbWz,24,pos 5 plies ago,2,0
leaky,6000,20261001-43-NbWz,24,pos 5 plies ago,2,1
leaky,6000,20261001-43-NbWz,24,pos 5 plies ago,2,2
leaky,6000,20261001-43-NbWz,24,pos 5 plies ago,2,3
leaky,6000,20261001-43-NbWz,24,pos 5 plies ago,3,-3
leaky,6000,20261001-43-NbWz,24,pos 5 plies ago,3,-2
leaky,6000,20261001-43-NbWz,24,pos 5 plies ago,3,-1
leaky,6000,20261001-43-NbWz,24,pos 5 plies ago,3,0
leaky,6000,20261001-43-NbWz,24,pos 5 plies ago,3,1
leaky,6000,20261001-43-NbWz,24,pos 5 plies ago,3,2
leaky,6000,20261001-43-NbWz,24,pos 5 plies ago,3,3
leaky,6000,20261001-43-NbWz,26,pos 7 plies ago,-3,-3
leaky,6000,20261001-43-NbWz,26,pos 7 plies ago,-3,-2
leaky,6000,20261001-43-NbWz,26,pos 7 plies ago,-3,-1
leaky,6000,20261001-43-NbWz,26,pos 7 plies ago,-3,0
leaky,6000,20261001-43-NbWz,26,pos 7 plies ago,-3,1
leaky,6000,20261001-43-NbWz,26,pos 7 plies ago,-3,2
leaky,6000,20261001-43-NbWz,26,pos 7 plies ago,-3,3
leaky,6000,20261001-43-NbWz,26,pos 7 plies ago,-2,-3
leaky,6000,20261001-43-NbWz,26,pos 7 plies ago,-2,-2
leaky,6000,20261001-43-NbWz,26,pos 7 plies ago,-2,-1
leaky,6000,20261001-43-NbWz,26,pos 7 plies ago,-2,0
leaky,6000,20261001-43-NbWz,26,pos 7 plies ago,-2,1
leaky,6000,20261001-43-NbWz,26,pos 7 plies ago,-2,2
leaky,6000,20261001-43-NbWz,26,pos 7 plies ago,-2,3
leaky,6000,20261001-43-NbWz,26,pos 7 plies ago,-1,-3
leaky,6000,20261001-43-NbWz,26,pos 7 plies ago,-1,-2
leaky,6000,20261001-43-NbWz,26,pos 7 plies ago,-1,-1
leaky,6000,20261001-43-NbWz,26,pos 7 plies ago,-1,0
leaky,6000,20261001-43-NbWz,26,pos 7 plies ago,-1,1
leaky,6000,20261001-43-NbWz,26,pos 7 plies ago,-1,2
leaky,6000,20261001-43-NbWz,26,pos 7 plies ago,-1,3
leaky,6000,20261001-43-NbWz,26,pos 7 plies ago,0,-3
leaky,6000,20261001-43-NbWz,26,pos 7 plies ago,0,-2
leaky,6000,20261001-43-NbWz,26,pos 7 plies ago,0,-1
leaky,6000,20261001-43-NbWz,26,pos 7 plies ago,0,0
leaky,6000,20261001-43-NbWz,26,pos 7 plies ago,0,1
leaky,6000,20261001-43-NbWz,26,pos 7 plies ago,0,2
leaky,6000,20261001-43-NbWz,26,pos 7 plies ago,0,3
leaky,6000,20261001-43-NbWz,26,pos 7 plies ago,1,-3
leaky,6000,20261001-43-NbWz,26,pos 7 plies ago,1,-2
leaky,6000,20261001-43-NbWz,26,pos 7 plies ago,1,-1
leaky,6000,20261001-43-NbWz,26,pos 7 plies ago,1,0
leaky,6000,20261001-43-NbWz,26,pos 7 plies ago,1,1
leaky,6000,20261001-43-NbWz,26,pos 7 plies ago,1,2
leaky,6000,20261001-43-NbWz,26,pos 7 plies ago,1,3
leaky,6000,20261001-43-NbWz,26,pos 7 plies ago,2,-3
leaky,6000,20261001-43-NbWz,26,pos 7 plies ago,2,-2
leaky,6000,20261001-43-NbWz,26,pos 7 plies ago,2,-1
leaky,6000,20261001-43-NbWz,26,pos 7 plies ago,2,0
leaky,6000,20261001-43-NbWz,26,pos 7 plies ago,2,1
leaky,6000,20261001-43-NbWz,26,pos 7 plies ago,2,2
leaky,6000,20261001-43-NbWz,26,pos 7 plies ago,2,3
leaky,6000,20261001-43-NbWz,26,pos 7 plies ago,3,-3
leaky,6000,20261001-43-NbWz,26,pos 7 plies ago,3,-2
leaky,6000,20261001-43-NbWz,26,pos 7 plies ago,3,-1
leaky,6000,20261001-43-NbWz,26,pos 7 plies ago,3,0
leaky,6000,20261001-43-NbWz,26,pos 7 plies ago,3,1
leaky,6000,20261001-43-NbWz,26,pos 7 plies ago,3,2
leaky,6000,20261001-43-NbWz,26,pos 7 plies ago,3,3
leaky,6000,20261001-43-NbWz,28,pos 9 plies ago,-3,-3
leaky,6000,20261001-43-NbWz,28,pos 9 plies ago,-3,-2
leaky,6000,20261001-43-NbWz,28,pos 9 plies ago,-3,-1
leaky,6000,20261001-43-NbWz,28,pos 9 plies ago,-3,0
leaky,6000,20261001-43-NbWz,28,pos 9 plies ago,-3,1
leaky,6000,20261001-43-NbWz,28,pos 9 plies ago,-3,2
leaky,6000,20261001-43-NbWz,28,pos 9 plies ago,-3,3
leaky,6000,20261001-43-NbWz,28,pos 9 plies ago,-2,-3
leaky,6000,20261001-43-NbWz,28,pos 9 plies ago,-2,-2
leaky,6000,20261001-43-NbWz,28,pos 9 plies ago,-2,-1
leaky,6000,20261001-43-NbWz,28,pos 9 plies ago,-2,0
leaky,6000,20261001-43-NbWz,28,pos 9 plies ago,-2,1
leaky,6000,20261001-43-NbWz,28,pos 9 plies ago,-2,2
leaky,6000,20261001-43-NbWz,28,pos 9 plies ago,-2,3
leaky,6000,20261001-43-NbWz,28,pos 9 plies ago,-1,-3
leaky,6000,20261001-43-NbWz,28,pos 9 plies ago,-1,-2
leaky,6000,20261001-43-NbWz,28,pos 9 plies ago,-1,-1
leaky,6000,20261001-43-NbWz,28,pos 9 plies ago,-1,0
leaky,6000,20261001-43-NbWz,28,pos 9 plies ago,-1,1
leaky,6000,20261001-43-NbWz,28,pos 9 plies ago,-1,2
leaky,6000,20261001-43-NbWz,28,pos 9 plies ago,-1,3
leaky,6000,20261001-43-NbWz,28,pos 9 plies ago,0,-3
leaky,6000,20261001-43-NbWz,28,pos 9 plies ago,0,-2
leaky,6000,20261001-43-NbWz,28,pos 9 plies ago,0,-1
leaky,6000,20261001-43-NbWz,28,pos 9 plies ago,0,0
leaky,6000,20261001-43-NbWz,28,pos 9 plies ago,0,1
leaky,6000,20261001-43-NbWz,28,pos 9 plies ago,0,2
leaky,6000,20261001-43-NbWz,28,pos 9 plies ago,0,3
leaky,6000,20261001-43-NbWz,28,pos 9 plies ago,1,-3
leaky,6000,20261001-43-NbWz,28,pos 9 plies ago,1,-2
leaky,6000,20261001-43-NbWz,28,pos 9 plies ago,1,-1
leaky,6000,20261001-43-NbWz,28,pos 9 plies ago,1,0
leaky,6000,20261001-43-NbWz,28,pos 9 plies ago,1,1
leaky,6000,20261001-43-NbWz,28,pos 9 plies ago,1,2
leaky,6000,20261001-43-NbWz,28,pos 9 plies ago,1,3
leaky,6000,20261001-43-NbWz,28,pos 9 plies ago,2,-3
leaky,6000,20261001-43-NbWz,28,pos 9 plies ago,2,-2
leaky,6000,20261001-43-NbWz,28,pos 9 plies ago,2,-1
leaky,6000,20261001-43-NbWz,28,pos 9 plies ago,2,0
leaky,6000,20261001-43-NbWz,28,pos 9 plies ago,2,1
leaky,6000,20261001-43-NbWz,28,pos 9 plies ago,2,2
leaky,6000,20261001-43-NbWz,28,pos 9 plies ago,2,3
leaky,6000,20261001-43-NbWz,28,pos 9 plies ago,3,-3
leaky,6000,20261001-43-NbWz,28,pos 9 plies ago,3,-2
leaky,6000,20261001-43-NbWz,28,pos 9 plies ago,3,-1
leaky,6000,20261001-43-NbWz,28,pos 9 plies ago,3,0
leaky,6000,20261001-43-NbWz,28,pos 9 plies ago,3,1
leaky,6000,20261001-43-NbWz,28,pos 9 plies ago,3,2
leaky,6000,20261001-43-NbWz,28,pos 9 plies ago,3,3
leaky,7000,20261001-43-NbWz,16,en passant,3,-3
leaky,7000,20261001-43-NbWz,16,en passant,3,-2
leaky,7000,20261001-43-NbWz,16,en passant,3,-1
leaky,7000,20261001-43-NbWz,16,en passant,3,0
leaky,7000,20261001-43-NbWz,16,en passant,3,1
leaky,7000,20261001-43-NbWz,16,en passant,3,2
leaky,7000,20261001-43-NbWz,16,en passant,3,3
leaky,7000,20261001-43-NbWz,19,rep >=2 before,-3,-3
leaky,7000,20261001-43-NbWz,19,rep >=2 before,-3,-2
leaky,7000,20261001-43-NbWz,19,rep >=2 before,-3,-1
leaky,7000,20261001-43-NbWz,19,rep >=2 before,-3,0
leaky,7000,20261001-43-NbWz,19,rep >=2 before,-3,1
leaky,7000,20261001-43-NbWz,19,rep >=2 before,-3,2
leaky,7000,20261001-43-NbWz,19,rep >=2 before,-3,3
leaky,7000,20261001-43-NbWz,19,rep >=2 before,-2,-3
leaky,7000,20261001-43-NbWz,19,rep >=2 before,-2,-2
leaky,7000,20261001-43-NbWz,19,rep >=2 before,-2,-1
leaky,7000,20261001-43-NbWz,19,rep >=2 before,-2,0
leaky,7000,20261001-43-NbWz,19,rep >=2 before,-2,1
leaky,7000,20261001-43-NbWz,19,rep >=2 before,-2,2
leaky,7000,20261001-43-NbWz,19,rep >=2 before,-2,3
leaky,7000,20261001-43-NbWz,19,rep >=2 before,-1,-3
leaky,7000,20261001-43-NbWz,19,rep >=2 before,-1,-2
leaky,7000,20261001-43-NbWz,19,rep >=2 before,-1,-1
leaky,7000,20261001-43-NbWz,19,rep >=2 before,-1,0
leaky,7000,20261001-43-NbWz,19,rep >=2 before,-1,1
leaky,7000,20261001-43-NbWz,19,rep >=2 before,-1,2
leaky,7000,20261001-43-NbWz,19,rep >=2 before,-1,3
leaky,7000,20261001-43-NbWz,19,rep >=2 before,0,-3
leaky,7000,20261001-43-NbWz,19,rep >=2 before,0,-2
leaky,7000,20261001-43-NbWz,19,rep >=2 before,0,-1
leaky,7000,20261001-43-NbWz,19,rep >=2 before,0,0
leaky,7000,20261001-43-NbWz,19,rep >=2 before,0,1
leaky,7000,20261001-43-NbWz,19,rep >=2 before,0,2
leaky,7000,20261001-43-NbWz,19,rep >=2 before,0,3
leaky,7000,20261001-43-NbWz,19,rep >=2 before,1,-3
leaky,7000,20261001-43-NbWz,19,rep >=2 before,1,-2
leaky,7000,20261001-43-NbWz,19,rep >=2 before,1,-1
leaky,7000,20261001-43-NbWz,19,rep >=2 before,1,0
leaky,7000,20261001-43-NbWz,19,rep >=2 before,1,1
leaky,7000,20261001-43-NbWz,19,rep >=2 before,1,2
leaky,7000,20261001-43-NbWz,19,rep >=2 before,1,3
leaky,7000,20261001-43-NbWz,19,rep >=2 before,2,-3
leaky,7000,20261001-43-NbWz,19,rep >=2 before,2,-2
leaky,7000,20261001-43-NbWz,19,rep >=2 before,2,-1
leaky,7000,20261001-43-NbWz,19,rep >=2 before,2,0
leaky,7000,20261001-43-NbWz,19,rep >=2 before,2,1
leaky,7000,20261001-43-NbWz,19,rep >=2 before,2,2
leaky,7000,20261001-43-NbWz,19,rep >=2 before,2,3
leaky,7000,20261001-43-NbWz,19,rep >=2 before,3,-3
leaky,7000,20261001-43-NbWz,19,rep >=2 before,3,-2
leaky,7000,20261001-43-NbWz,19,rep >=2 before,3,-1
leaky,7000,20261001-43-NbWz,19,rep >=2 before,3,0
leaky,7000,20261001-43-NbWz,19,rep >=2 before,3,1
leaky,7000,20261001-43-NbWz,19,rep >=2 before,3,2
leaky,7000,20261001-43-NbWz,19,rep >=2 before,3,3
leaky,7000,20261001-43-NbWz,20,pos 1 plies ago,-3,-3
leaky,7000,20261001-43-NbWz,20,pos 1 plies ago,-3,-2
leaky,7000,20261001-43-NbWz,20,pos 1 plies ago,-3,-1
leaky,7000,20261001-43-NbWz,20,pos 1 plies ago,-3,0
leaky,7000,20261001-43-NbWz,20,pos 1 plies ago,-3,1
leaky,7000,20261001-43-NbWz,20,pos 1 plies ago,-3,2
leaky,7000,20261001-43-NbWz,20,pos 1 plies ago,-3,3
leaky,7000,20261001-43-NbWz,20,pos 1 plies ago,-2,-3
leaky,7000,20261001-43-NbWz,20,pos 1 plies ago,-2,-2
leaky,7000,20261001-43-NbWz,20,pos 1 plies ago,-2,-1
leaky,7000,20261001-43-NbWz,20,pos 1 plies ago,-2,0
leaky,7000,20261001-43-NbWz,20,pos 1 plies ago,-2,1
leaky,7000,20261001-43-NbWz,20,pos 1 plies ago,-2,2
leaky,7000,20261001-43-NbWz,20,pos 1 plies ago,-2,3
leaky,7000,20261001-43-NbWz,20,pos 1 plies ago,-1,-3
leaky,7000,20261001-43-NbWz,20,pos 1 plies ago,-1,-2
leaky,7000,20261001-43-NbWz,20,pos 1 plies ago,-1,-1
leaky,7000,20261001-43-NbWz,20,pos 1 plies ago,-1,0
leaky,7000,20261001-43-NbWz,20,pos 1 plies ago,-1,1
leaky,7000,20261001-43-NbWz,20,pos 1 plies ago,-1,2
leaky,7000,20261001-43-NbWz,20,pos 1 plies ago,-1,3
leaky,7000,20261001-43-NbWz,20,pos 1 plies ago,0,-3
leaky,7000,20261001-43-NbWz,20,pos 1 plies ago,0,-2
leaky,7000,20261001-43-NbWz,20,pos 1 plies ago,0,-1
leaky,7000,20261001-43-NbWz,20,pos 1 plies ago,0,0
leaky,7000,20261001-43-NbWz,20,pos 1 plies ago,0,1
leaky,7000,20261001-43-NbWz,20,pos 1 plies ago,0,2
leaky,7000,20261001-43-NbWz,20,pos 1 plies ago,0,3
leaky,7000,20261001-43-NbWz,20,pos 1 plies ago,1,-3
leaky,7000,20261001-43-NbWz,20,pos 1 plies ago,1,-2
leaky,7000,20261001-43-NbWz,20,pos 1 plies ago,1,-1
leaky,7000,20261001-43-NbWz,20,pos 1 plies ago,1,0
leaky,7000,20261001-43-NbWz,20,pos 1 plies ago,1,1
leaky,7000,20261001-43-NbWz,20,pos 1 plies ago,1,2
leaky,7000,20261001-43-NbWz,20,pos 1 plies ago,1,3
leaky,7000,20261001-43-NbWz,20,pos 1 plies ago,2,-3
leaky,7000,20261001-43-NbWz,20,pos 1 plies ago,2,-2
leaky,7000,20261001-43-NbWz,20,pos 1 plies ago,2,-1
leaky,7000,20261001-43-NbWz,20,pos 1 plies ago,2,0
leaky,7000,20261001-43-NbWz,20,pos 1 plies ago,2,1
leaky,7000,20261001-43-NbWz,20,pos 1 plies ago,2,2
leaky,7000,20261001-43-NbWz,20,pos 1 plies ago,2,3
leaky,7000,20261001-43-NbWz,20,pos 1 plies ago,3,-3
leaky,7000,20261001-43-NbWz,20,pos 1 plies ago,3,-2
leaky,7000,20261001-43-NbWz,20,pos 1 plies ago,3,-1
leaky,7000,20261001-43-NbWz,20,pos 1 plies ago,3,0
leaky,7000,20261001-43-NbWz,20,pos 1 plies ago,3,1
leaky,7000,20261001-43-NbWz,20,pos 1 plies ago,3,2
leaky,7000,20261001-43-NbWz,20,pos 1 plies ago,3,3
leaky,7000,20261001-43-NbWz,21,pos 2 plies ago,-3,-3
leaky,7000,20261001-43-NbWz,21,pos 2 plies ago,-3,-2
leaky,7000,20261001-43-NbWz,21,pos 2 plies ago,-3,-1
leaky,7000,20261001-43-NbWz,21,pos 2 plies ago,-3,0
leaky,7000,20261001-43-NbWz,21,pos 2 plies ago,-3,1
leaky,7000,20261001-43-NbWz,21,pos 2 plies ago,-3,2
leaky,7000,20261001-43-NbWz,21,pos 2 plies ago,-3,3
leaky,7000,20261001-43-NbWz,21,pos 2 plies ago,-2,-3
leaky,7000,20261001-43-NbWz,21,pos 2 plies ago,-2,-2
leaky,7000,20261001-43-NbWz,21,pos 2 plies ago,-2,-1
leaky,7000,20261001-43-NbWz,21,pos 2 plies ago,-2,0
leaky,7000,20261001-43-NbWz,21,pos 2 plies ago,-2,1
leaky,7000,20261001-43-NbWz,21,pos 2 plies ago,-2,2
leaky,7000,20261001-43-NbWz,21,pos 2 plies ago,-2,3
leaky,7000,20261001-43-NbWz,21,pos 2 plies ago,-1,-3
leaky,7000,20261001-43-NbWz,21,pos 2 plies ago,-1,-2
leaky,7000,20261001-43-NbWz,21,pos 2 plies ago,-1,-1
leaky,7000,20261001-43-NbWz,21,pos 2 plies ago,-1,0
leaky,7000,20261001-43-NbWz,21,pos 2 plies ago,-1,1
leaky,7000,20261001-43-NbWz,21,pos 2 plies ago,-1,2
leaky,7000,20261001-43-NbWz,21,pos 2 plies ago,-1,3
leaky,7000,20261001-43-NbWz,21,pos 2 plies ago,0,-3
leaky,7000,20261001-43-NbWz,21,pos 2 plies ago,0,-2
leaky,7000,20261001-43-NbWz,21,pos 2 plies ago,0,-1
leaky,7000,20261001-43-NbWz,21,pos 2 plies ago,0,0
leaky,7000,20261001-43-NbWz,21,pos 2 plies ago,0,1
leaky,7000,20261001-43-NbWz,21,pos 2 plies ago,0,2
leaky,7000,20261001-43-NbWz,21,pos 2 plies ago,0,3
leaky,7000,20261001-43-NbWz,21,pos 2 plies ago,1,-3
leaky,7000,20261001-43-NbWz,21,pos 2 plies ago,1,-2
leaky,7000,20261001-43-NbWz,21,pos 2 plies ago,1,-1
leaky,7000,20261001-43-NbWz,21,pos 2 plies ago,1,0
leaky,7000,20261001-43-NbWz,21,pos 2 plies ago,1,1
leaky,7000,20261001-43-NbWz,21,pos 2 plies ago,1,2
leaky,7000,20261001-43-NbWz,21,pos 2 plies ago,1,3
leaky,7000,20261001-43-NbWz,21,pos 2 plies ago,2,-3
leaky,7000,20261001-43-NbWz,21,pos 2 plies ago,2,-2
leaky,7000,20261001-43-NbWz,21,pos 2 plies ago,2,-1
leaky,7000,20261001-43-NbWz,21,pos 2 plies ago,2,0
leaky,7000,20261001-43-NbWz,21,pos 2 plies ago,2,1
leaky,7000,20261001-43-NbWz,21,pos 2 plies ago,2,2
leaky,7000,20261001-43-NbWz,21,pos 2 plies ago,2,3
leaky,7000,20261001-43-NbWz,21,pos 2 plies ago,3,-3
leaky,7000,20261001-43-NbWz,21,pos 2 plies ago,3,-2
leaky,7000,20261001-43-NbWz,21,pos 2 plies ago,3,-1
leaky,7000,20261001-43-NbWz,21,pos 2 plies ago,3,0
leaky,7000,20261001-43-NbWz,21,pos 2 plies ago,3,1
leaky,7000,20261001-43-NbWz,21,pos 2 plies ago,3,2
leaky,7000,20261001-43-NbWz,21,pos 2 plies ago,3,3
leaky,7000,20261001-43-NbWz,22,pos 3 plies ago,-3,-3
leaky,7000,20261001-43-NbWz,22,pos 3 plies ago,-3,-2
leaky,7000,20261001-43-NbWz,22,pos 3 plies ago,-3,-1
leaky,7000,20261001-43-NbWz,22,pos 3 plies ago,-3,0
leaky,7000,20261001-43-NbWz,22,pos 3 plies ago,-3,1
leaky,7000,20261001-43-NbWz,22,pos 3 plies ago,-3,2
leaky,7000,20261001-43-NbWz,22,pos 3 plies ago,-3,3
leaky,7000,20261001-43-NbWz,22,pos 3 plies ago,-2,-3
leaky,7000,20261001-43-NbWz,22,pos 3 plies ago,-2,-2
leaky,7000,20261001-43-NbWz,22,pos 3 plies ago,-2,-1
leaky,7000,20261001-43-NbWz,22,pos 3 plies ago,-2,0
leaky,7000,20261001-43-NbWz,22,pos 3 plies ago,-2,1
leaky,7000,20261001-43-NbWz,22,pos 3 plies ago,-2,2
leaky,7000,20261001-43-NbWz,22,pos 3 plies ago,-2,3
leaky,7000,20261001-43-NbWz,22,pos 3 plies ago,-1,-3
leaky,7000,20261001-43-NbWz,22,pos 3 plies ago,-1,-2
leaky,7000,20261001-43-NbWz,22,pos 3 plies ago,-1,-1
leaky,7000,20261001-43-NbWz,22,pos 3 plies ago,-1,0
leaky,7000,20261001-43-NbWz,22,pos 3 plies ago,-1,1
leaky,7000,20261001-43-NbWz,22,pos 3 plies ago,-1,2
leaky,7000,20261001-43-NbWz,22,pos 3 plies ago,-1,3
leaky,7000,20261001-43-NbWz,22,pos 3 plies ago,0,-3
leaky,7000,20261001-43-NbWz,22,pos 3 plies ago,0,-2
leaky,7000,20261001-43-NbWz,22,pos 3 plies ago,0,-1
leaky,7000,20261001-43-NbWz,22,pos 3 plies ago,0,0
leaky,7000,20261001-43-NbWz,22,pos 3 plies ago,0,1
leaky,7000,20261001-43-NbWz,22,pos 3 plies ago,0,2
leaky,7000,20261001-43-NbWz,22,pos 3 plies ago,0,3
leaky,7000,20261001-43-NbWz,22,pos 3 plies ago,1,-3
leaky,7000,20261001-43-NbWz,22,pos 3 plies ago,1,-2
leaky,7000,20261001-43-NbWz,22,pos 3 plies ago,1,-1
leaky,7000,20261001-43-NbWz,22,pos 3 plies ago,1,0
leaky,7000,20261001-43-NbWz,22,pos 3 plies ago,1,1
leaky,7000,20261001-43-NbWz,22,pos 3 plies ago,1,2
leaky,7000,20261001-43-NbWz,22,pos 3 plies ago,1,3
leaky,7000,20261001-43-NbWz,22,pos 3 plies ago,2,-3
leaky,7000,20261001-43-NbWz,22,pos 3 plies ago,2,-2
leaky,7000,20261001-43-NbWz,22,pos 3 plies ago,2,-1
leaky,7000,20261001-43-NbWz,22,pos 3 plies ago,2,0
leaky,7000,20261001-43-NbWz,22,pos 3 plies ago,2,1
leaky,7000,20261001-43-NbWz,22,pos 3 plies ago,2,2
leaky,7000,20261001-43-NbWz,22,pos 3 plies ago,2,3
leaky,7000,20261001-43-NbWz,22,pos 3 plies ago,3,-3
leaky,7000,20261001-43-NbWz,22,pos 3 plies ago,3,-2
leaky,7000,20261001-43-NbWz,22,pos 3 plies ago,3,-1
leaky,7000,20261001-43-NbWz,22,pos 3 plies ago,3,0
leaky,7000,20261001-43-NbWz,22,pos 3 plies ago,3,1
leaky,7000,20261001-43-NbWz,22,pos 3 plies ago,3,2
leaky,7000,20261001-43-NbWz,22,pos 3 plies ago,3,3
leaky,7000,20261001-43-NbWz,24,pos 5 plies ago,-3,-3
leaky,7000,20261001-43-NbWz,24,pos 5 plies ago,-3,-2
leaky,7000,20261001-43-NbWz,24,pos 5 plies ago,-3,-1
leaky,7000,20261001-43-NbWz,24,pos 5 plies ago,-3,0
leaky,7000,20261001-43-NbWz,24,pos 5 plies ago,-3,1
leaky,7000,20261001-43-NbWz,24,pos 5 plies ago,-3,2
leaky,7000,20261001-43-NbWz,24,pos 5 plies ago,-3,3
leaky,7000,20261001-43-NbWz,24,pos 5 plies ago,-2,-3
leaky,7000,20261001-43-NbWz,24,pos 5 plies ago,-2,-2
leaky,7000,20261001-43-NbWz,24,pos 5 plies ago,-2,-1
leaky,7000,20261001-43-NbWz,24,pos 5 plies ago,-2,0
leaky,7000,20261001-43-NbWz,24,pos 5 plies ago,-2,1
leaky,7000,20261001-43-NbWz,24,pos 5 plies ago,-2,2
leaky,7000,20261001-43-NbWz,24,pos 5 plies ago,-2,3
leaky,7000,20261001-43-NbWz,24,pos 5 plies ago,-1,-3
leaky,7000,20261001-43-NbWz,24,pos 5 plies ago,-1,-2
leaky,7000,20261001-43-NbWz,24,pos 5 plies ago,-1,-1
leaky,7000,20261001-43-NbWz,24,pos 5 plies ago,-1,0
leaky,7000,20261001-43-NbWz,24,pos 5 plies ago,-1,1
leaky,7000,20261001-43-NbWz,24,pos 5 plies ago,-1,2
leaky,7000,20261001-43-NbWz,24,pos 5 plies ago,-1,3
leaky,7000,20261001-43-NbWz,24,pos 5 plies ago,0,-3
leaky,7000,20261001-43-NbWz,24,pos 5 plies ago,0,-2
leaky,7000,20261001-43-NbWz,24,pos 5 plies ago,0,-1
leaky,7000,20261001-43-NbWz,24,pos 5 plies ago,0,0
leaky,7000,20261001-43-NbWz,24,pos 5 plies ago,0,1
leaky,7000,20261001-43-NbWz,24,pos 5 plies ago,0,2
leaky,7000,20261001-43-NbWz,24,pos 5 plies ago,0,3
leaky,7000,20261001-43-NbWz,24,pos 5 plies ago,1,-3
leaky,7000,20261001-43-NbWz,24,pos 5 plies ago,1,-2
leaky,7000,20261001-43-NbWz,24,pos 5 plies ago,1,-1
leaky,7000,20261001-43-NbWz,24,pos 5 plies ago,1,0
leaky,7000,20261001-43-NbWz,24,pos 5 plies ago,1,1
leaky,7000,20261001-43-NbWz,24,pos 5 plies ago,1,2
leaky,7000,20261001-43-NbWz,24,pos 5 plies ago,1,3
leaky,7000,20261001-43-NbWz,24,pos 5 plies ago,2,-3
leaky,7000,20261001-43-NbWz,24,pos 5 plies ago,2,-2
leaky,7000,20261001-43-NbWz,24,pos 5 plies ago,2,-1
leaky,7000,20261001-43-NbWz,24,pos 5 plies ago,2,0
leaky,7000,20261001-43-NbWz,24,pos 5 plies ago,2,1
leaky,7000,20261001-43-NbWz,24,pos 5 plies ago,2,2
leaky,7000,20261001-43-NbWz,24,pos 5 plies ago,2,3
leaky,7000,20261001-43-NbWz,24,pos 5 plies ago,3,-3
leaky,7000,20261001-43-NbWz,24,pos 5 plies ago,3,-2
leaky,7000,20261001-43-NbWz,24,pos 5 plies ago,3,-1
leaky,7000,20261001-43-NbWz,24,pos 5 plies ago,3,0
leaky,7000,20261001-43-NbWz,24,pos 5 plies ago,3,1
leaky,7000,20261001-43-NbWz,24,pos 5 plies ago,3,2
leaky,7000,20261001-43-NbWz,24,pos 5 plies ago,3,3
leaky,7000,20261001-43-NbWz,26,pos 7 plies ago,-3,-3
leaky,7000,20261001-43-NbWz,26,pos 7 plies ago,-3,-2
leaky,7000,20261001-43-NbWz,26,pos 7 plies ago,-3,-1
leaky,7000,20261001-43-NbWz,26,pos 7 plies ago,-3,0
leaky,7000,20261001-43-NbWz,26,pos 7 plies ago,-3,1
leaky,7000,20261001-43-NbWz,26,pos 7 plies ago,-3,2
leaky,7000,20261001-43-NbWz,26,pos 7 plies ago,-3,3
leaky,7000,20261001-43-NbWz,26,pos 7 plies ago,-2,-3
leaky,7000,20261001-43-NbWz,26,pos 7 plies ago,-2,-2
leaky,7000,20261001-43-NbWz,26,pos 7 plies ago,-2,-1
leaky,7000,20261001-43-NbWz,26,pos 7 plies ago,-2,0
leaky,7000,20261001-43-NbWz,26,pos 7 plies ago,-2,1
leaky,7000,20261001-43-NbWz,26,pos 7 plies ago,-2,2
leaky,7000,20261001-43-NbWz,26,pos 7 plies ago,-2,3
leaky,7000,20261001-43-NbWz,26,pos 7 plies ago,-1,-3
leaky,7000,20261001-43-NbWz,26,pos 7 plies ago,-1,-2
leaky,7000,20261001-43-NbWz,26,pos 7 plies ago,-1,-1
leaky,7000,20261001-43-NbWz,26,pos 7 plies ago,-1,0
leaky,7000,20261001-43-NbWz,26,pos 7 plies ago,-1,1
leaky,7000,20261001-43-NbWz,26,pos 7 plies ago,-1,2
leaky,7000,20261001-43-NbWz,26,pos 7 plies ago,-1,3
leaky,7000,20261001-43-NbWz,26,pos 7 plies ago,0,-3
leaky,7000,20261001-43-NbWz,26,pos 7 plies ago,0,-2
leaky,7000,20261001-43-NbWz,26,pos 7 plies ago,0,-1
leaky,7000,20261001-43-NbWz,26,pos 7 plies ago,0,0
leaky,7000,20261001-43-NbWz,26,pos 7 plies ago,0,1
leaky,7000,20261001-43-NbWz,26,pos 7 plies ago,0,2
leaky,7000,20261001-43-NbWz,26,pos 7 plies ago,0,3
leaky,7000,20261001-43-NbWz,26,pos 7 plies ago,1,-3
leaky,7000,20261001-43-NbWz,26,pos 7 plies ago,1,-2
leaky,7000,20261001-43-NbWz,26,pos 7 plies ago,1,-1
leaky,7000,20261001-43-NbWz,26,pos 7 plies ago,1,0
leaky,7000,20261001-43-NbWz,26,pos 7 plies ago,1,1
leaky,7000,20261001-43-NbWz,26,pos 7 plies ago,1,2
leaky,7000,20261001-43-NbWz,26,pos 7 plies ago,1,3
leaky,7000,20261001-43-NbWz,26,pos 7 plies ago,2,-3
leaky,7000,20261001-43-NbWz,26,pos 7 plies ago,2,-2
leaky,7000,20261001-43-NbWz,26,pos 7 plies ago,2,-1
leaky,7000,20261001-43-NbWz,26,pos 7 plies ago,2,0
leaky,7000,20261001-43-NbWz,26,pos 7 plies ago,2,1
leaky,7000,20261001-43-NbWz,26,pos 7 plies ago,2,2
leaky,7000,20261001-43-NbWz,26,pos 7 plies ago,2,3
leaky,7000,20261001-43-NbWz,26,pos 7 plies ago,3,-3
leaky,7000,20261001-43-NbWz,26,pos 7 plies ago,3,-2
leaky,7000,20261001-43-NbWz,26,pos 7 plies ago,3,-1
leaky,7000,20261001-43-NbWz,26,pos 7 plies ago,3,0
leaky,7000,20261001-43-NbWz,26,pos 7 plies ago,3,1
leaky,7000,20261001-43-NbWz,26,pos 7 plies ago,3,2
leaky,7000,20261001-43-NbWz,26,pos 7 plies ago,3,3
leaky,7000,20261001-43-NbWz,28,pos 9 plies ago,-3,-3
leaky,7000,20261001-43-NbWz,28,pos 9 plies ago,-3,-2
leaky,7000,20261001-43-NbWz,28,pos 9 plies ago,-3,-1
leaky,7000,20261001-43-NbWz,28,pos 9 plies ago,-3,0
leaky,7000,20261001-43-NbWz,28,pos 9 plies ago,-3,1
leaky,7000,20261001-43-NbWz,28,pos 9 plies ago,-3,2
leaky,7000,20261001-43-NbWz,28,pos 9 plies ago,-3,3
leaky,7000,20261001-43-NbWz,28,pos 9 plies ago,-2,-3
leaky,7000,20261001-43-NbWz,28,pos 9 plies ago,-2,-2
leaky,7000,20261001-43-NbWz,28,pos 9 plies ago,-2,-1
leaky,7000,20261001-43-NbWz,28,pos 9 plies ago,-2,0
leaky,7000,20261001-43-NbWz,28,pos 9 plies ago,-2,1
leaky,7000,20261001-43-NbWz,28,pos 9 plies ago,-2,2
leaky,7000,20261001-43-NbWz,28,pos 9 plies ago,-2,3
leaky,7000,20261001-43-NbWz,28,pos 9 plies ago,-1,-3
leaky,7000,20261001-43-NbWz,28,pos 9 plies ago,-1,-2
leaky,7000,20261001-43-NbWz,28,pos 9 plies ago,-1,-1
leaky,7000,20261001-43-NbWz,28,pos 9 plies ago,-1,0
leaky,7000,20261001-43-NbWz,28,pos 9 plies ago,-1,1
leaky,7000,20261001-43-NbWz,28,pos 9 plies ago,-1,2
leaky,7000,20261001-43-NbWz,28,pos 9 plies ago,-1,3
leaky,7000,20261001-43-NbWz,28,pos 9 plies ago,0,-3
leaky,7000,20261001-43-NbWz,28,pos 9 plies ago,0,-2
leaky,7000,20261001-43-NbWz,28,pos 9 plies ago,0,-1
leaky,7000,20261001-43-NbWz,28,pos 9 plies ago,0,0
leaky,7000,20261001-43-NbWz,28,pos 9 plies ago,0,1
leaky,7000,20261001-43-NbWz,28,pos 9 plies ago,0,2
leaky,7000,20261001-43-NbWz,28,pos 9 plies ago,0,3
leaky,7000,20261001-43-NbWz,28,pos 9 plies ago,1,-3
leaky,7000,20261001-43-NbWz,28,pos 9 plies ago,1,-2
leaky,7000,20261001-43-NbWz,28,pos 9 plies ago,1,-1
leaky,7000,20261001-43-NbWz,28,pos 9 plies ago,1,0
leaky,7000,20261001-43-NbWz,28,pos 9 plies ago,1,1
leaky,7000,20261001-43-NbWz,28,pos 9 plies ago,1,2
leaky,7000,20261001-43-NbWz,28,pos 9 plies ago,1,3
leaky,7000,20261001-43-NbWz,28,pos 9 plies ago,2,-3
leaky,7000,20261001-43-NbWz,28,pos 9 plies ago,2,-2
leaky,7000,20261001-43-NbWz,28,pos 9 plies ago,2,-1
leaky,7000,20261001-43-NbWz,28,pos 9 plies ago,2,0
leaky,7000,20261001-43-NbWz,28,pos 9 plies ago,2,1
leaky,7000,20261001-43-NbWz,28,pos 9 plies ago,2,2
leaky,7000,20261001-43-NbWz,28,pos 9 plies ago,2,3
leaky,7000,20261001-43-NbWz,28,pos 9 plies ago,3,-3
leaky,7000,20261001-43-NbWz,28,pos 9 plies ago,3,-2
leaky,7000,20261001-43-NbWz,28,pos 9 plies ago,3,-1
leaky,7000,20261001-43-NbWz,28,pos 9 plies ago,3,0
leaky,7000,20261001-43-NbWz,28,pos 9 plies ago,3,1
leaky,7000,20261001-43-NbWz,28,pos 9 plies ago,3,2
leaky,7000,20261001-43-NbWz,28,pos 9 plies ago,3,3
leaky,8000,20261001-43-NbWz,16,en passant,3,-3
leaky,8000,20261001-43-NbWz,16,en passant,3,-2
leaky,8000,20261001-43-NbWz,16,en passant,3,-1
leaky,8000,20261001-43-NbWz,16,en passant,3,0
leaky,8000,20261001-43-NbWz,16,en passant,3,1
leaky,8000,20261001-43-NbWz,16,en passant,3,2
leaky,8000,20261001-43-NbWz,16,en passant,3,3
leaky,8000,20261001-43-NbWz,19,rep >=2 before,-3,-3
leaky,8000,20261001-43-NbWz,19,rep >=2 before,-3,-2
leaky,8000,20261001-43-NbWz,19,rep >=2 before,-3,-1
leaky,8000,20261001-43-NbWz,19,rep >=2 before,-3,0
leaky,8000,20261001-43-NbWz,19,rep >=2 before,-3,1
leaky,8000,20261001-43-NbWz,19,rep >=2 before,-3,2
leaky,8000,20261001-43-NbWz,19,rep >=2 before,-3,3
leaky,8000,20261001-43-NbWz,19,rep >=2 before,-2,-3
leaky,8000,20261001-43-NbWz,19,rep >=2 before,-2,-2
leaky,8000,20261001-43-NbWz,19,rep >=2 before,-2,-1
leaky,8000,20261001-43-NbWz,19,rep >=2 before,-2,0
leaky,8000,20261001-43-NbWz,19,rep >=2 before,-2,1
leaky,8000,20261001-43-NbWz,19,rep >=2 before,-2,2
leaky,8000,20261001-43-NbWz,19,rep >=2 before,-2,3
leaky,8000,20261001-43-NbWz,19,rep >=2 before,-1,-3
leaky,8000,20261001-43-NbWz,19,rep >=2 before,-1,-2
leaky,8000,20261001-43-NbWz,19,rep >=2 before,-1,-1
leaky,8000,20261001-43-NbWz,19,rep >=2 before,-1,0
leaky,8000,20261001-43-NbWz,19,rep >=2 before,-1,1
leaky,8000,20261001-43-NbWz,19,rep >=2 before,-1,2
leaky,8000,20261001-43-NbWz,19,rep >=2 before,-1,3
leaky,8000,20261001-43-NbWz,19,rep >=2 before,0,-3
leaky,8000,20261001-43-NbWz,19,rep >=2 before,0,-2
leaky,8000,20261001-43-NbWz,19,rep >=2 before,0,-1
leaky,8000,20261001-43-NbWz,19,rep >=2 before,0,0
leaky,8000,20261001-43-NbWz,19,rep >=2 before,0,1
leaky,8000,20261001-43-NbWz,19,rep >=2 before,0,2
leaky,8000,20261001-43-NbWz,19,rep >=2 before,0,3
leaky,8000,20261001-43-NbWz,19,rep >=2 before,1,-3
leaky,8000,20261001-43-NbWz,19,rep >=2 before,1,-2
leaky,8000,20261001-43-NbWz,19,rep >=2 before,1,-1
leaky,8000,20261001-43-NbWz,19,rep >=2 before,1,0
leaky,8000,20261001-43-NbWz,19,rep >=2 before,1,1
leaky,8000,20261001-43-NbWz,19,rep >=2 before,1,2
leaky,8000,20261001-43-NbWz,19,rep >=2 before,1,3
leaky,8000,20261001-43-NbWz,19,rep >=2 before,2,-3
leaky,8000,20261001-43-NbWz,19,rep >=2 before,2,-2
leaky,8000,20261001-43-NbWz,19,rep >=2 before,2,-1
leaky,8000,20261001-43-NbWz,19,rep >=2 before,2,0
leaky,8000,20261001-43-NbWz,19,rep >=2 before,2,1
leaky,8000,20261001-43-NbWz,19,rep >=2 before,2,2
leaky,8000,20261001-43-NbWz,19,rep >=2 before,2,3
leaky,8000,20261001-43-NbWz,19,rep >=2 before,3,-3
leaky,8000,20261001-43-NbWz,19,rep >=2 before,3,-2
leaky,8000,20261001-43-NbWz,19,rep >=2 before,3,-1
leaky,8000,20261001-43-NbWz,19,rep >=2 before,3,0
leaky,8000,20261001-43-NbWz,19,rep >=2 before,3,1
leaky,8000,20261001-43-NbWz,19,rep >=2 before,3,2
leaky,8000,20261001-43-NbWz,19,rep >=2 before,3,3
leaky,8000,20261001-43-NbWz,20,pos 1 plies ago,-3,-3
leaky,8000,20261001-43-NbWz,20,pos 1 plies ago,-3,-2
leaky,8000,20261001-43-NbWz,20,pos 1 plies ago,-3,-1
leaky,8000,20261001-43-NbWz,20,pos 1 plies ago,-3,0
leaky,8000,20261001-43-NbWz,20,pos 1 plies ago,-3,1
leaky,8000,20261001-43-NbWz,20,pos 1 plies ago,-3,2
leaky,8000,20261001-43-NbWz,20,pos 1 plies ago,-3,3
leaky,8000,20261001-43-NbWz,20,pos 1 plies ago,-2,-3
leaky,8000,20261001-43-NbWz,20,pos 1 plies ago,-2,-2
leaky,8000,20261001-43-NbWz,20,pos 1 plies ago,-2,-1
leaky,8000,20261001-43-NbWz,20,pos 1 plies ago,-2,0
leaky,8000,20261001-43-NbWz,20,pos 1 plies ago,-2,1
leaky,8000,20261001-43-NbWz,20,pos 1 plies ago,-2,2
leaky,8000,20261001-43-NbWz,20,pos 1 plies ago,-2,3
leaky,8000,20261001-43-NbWz,20,pos 1 plies ago,-1,-3
leaky,8000,20261001-43-NbWz,20,pos 1 plies ago,-1,-2
leaky,8000,20261001-43-NbWz,20,pos 1 plies ago,-1,-1
leaky,8000,20261001-43-NbWz,20,pos 1 plies ago,-1,0
leaky,8000,20261001-43-NbWz,20,pos 1 plies ago,-1,1
leaky,8000,20261001-43-NbWz,20,pos 1 plies ago,-1,2
leaky,8000,20261001-43-NbWz,20,pos 1 plies ago,-1,3
leaky,8000,20261001-43-NbWz,20,pos 1 plies ago,0,-3
leaky,8000,20261001-43-NbWz,20,pos 1 plies ago,0,-2
leaky,8000,20261001-43-NbWz,20,pos 1 plies ago,0,-1
leaky,8000,20261001-43-NbWz,20,pos 1 plies ago,0,0
leaky,8000,20261001-43-NbWz,20,pos 1 plies ago,0,1
leaky,8000,20261001-43-NbWz,20,pos 1 plies ago,0,2
leaky,8000,20261001-43-NbWz,20,pos 1 plies ago,0,3
leaky,8000,20261001-43-NbWz,20,pos 1 plies ago,1,-3
leaky,8000,20261001-43-NbWz,20,pos 1 plies ago,1,-2
leaky,8000,20261001-43-NbWz,20,pos 1 plies ago,1,-1
leaky,8000,20261001-43-NbWz,20,pos 1 plies ago,1,0
leaky,8000,20261001-43-NbWz,20,pos 1 plies ago,1,1
leaky,8000,20261001-43-NbWz,20,pos 1 plies ago,1,2
leaky,8000,20261001-43-NbWz,20,pos 1 plies ago,1,3
leaky,8000,20261001-43-NbWz,20,pos 1 plies ago,2,-3
leaky,8000,20261001-43-NbWz,20,pos 1 plies ago,2,-2
leaky,8000,20261001-43-NbWz,20,pos 1 plies ago,2,-1
leaky,8000,20261001-43-NbWz,20,pos 1 plies ago,2,0
leaky,8000,20261001-43-NbWz,20,pos 1 plies ago,2,1
leaky,8000,20261001-43-NbWz,20,pos 1 plies ago,2,2
leaky,8000,20261001-43-NbWz,20,pos 1 plies ago,2,3
leaky,8000,20261001-43-NbWz,20,pos 1 plies ago,3,-3
leaky,8000,20261001-43-NbWz,20,pos 1 plies ago,3,-2
leaky,8000,20261001-43-NbWz,20,pos 1 plies ago,3,-1
leaky,8000,20261001-43-NbWz,20,pos 1 plies ago,3,0
leaky,8000,20261001-43-NbWz,20,pos 1 plies ago,3,1
leaky,8000,20261001-43-NbWz,20,pos 1 plies ago,3,2
leaky,8000,20261001-43-NbWz,20,pos 1 plies ago,3,3
leaky,8000,20261001-43-NbWz,21,pos 2 plies ago,-3,-3
leaky,8000,20261001-43-NbWz,21,pos 2 plies ago,-3,-2
leaky,8000,20261001-43-NbWz,21,pos 2 plies ago,-3,-1
leaky,8000,20261001-43-NbWz,21,pos 2 plies ago,-3,0
leaky,8000,20261001-43-NbWz,21,pos 2 plies ago,-3,1
leaky,8000,20261001-43-NbWz,21,pos 2 plies ago,-3,2
leaky,8000,20261001-43-NbWz,21,pos 2 plies ago,-3,3
leaky,8000,20261001-43-NbWz,21,pos 2 plies ago,-2,-3
leaky,8000,20261001-43-NbWz,21,pos 2 plies ago,-2,-2
leaky,8000,20261001-43-NbWz,21,pos 2 plies ago,-2,-1
leaky,8000,20261001-43-NbWz,21,pos 2 plies ago,-2,0
leaky,8000,20261001-43-NbWz,21,pos 2 plies ago,-2,1
leaky,8000,20261001-43-NbWz,21,pos 2 plies ago,-2,2
leaky,8000,20261001-43-NbWz,21,pos 2 plies ago,-2,3
leaky,8000,20261001-43-NbWz,21,pos 2 plies ago,-1,-3
leaky,8000,20261001-43-NbWz,21,pos 2 plies ago,-1,-2
leaky,8000,20261001-43-NbWz,21,pos 2 plies ago,-1,-1
leaky,8000,20261001-43-NbWz,21,pos 2 plies ago,-1,0
leaky,8000,20261001-43-NbWz,21,pos 2 plies ago,-1,1
leaky,8000,20261001-43-NbWz,21,pos 2 plies ago,-1,2
leaky,8000,20261001-43-NbWz,21,pos 2 plies ago,-1,3
leaky,8000,20261001-43-NbWz,21,pos 2 plies ago,0,-3
leaky,8000,20261001-43-NbWz,21,pos 2 plies ago,0,-2
leaky,8000,20261001-43-NbWz,21,pos 2 plies ago,0,-1
leaky,8000,20261001-43-NbWz,21,pos 2 plies ago,0,0
leaky,8000,20261001-43-NbWz,21,pos 2 plies ago,0,1
leaky,8000,20261001-43-NbWz,21,pos 2 plies ago,0,2
leaky,8000,20261001-43-NbWz,21,pos 2 plies ago,0,3
leaky,8000,20261001-43-NbWz,21,pos 2 plies ago,1,-3
leaky,8000,20261001-43-NbWz,21,pos 2 plies ago,1,-2
leaky,8000,20261001-43-NbWz,21,pos 2 plies ago,1,-1
leaky,8000,20261001-43-NbWz,21,pos 2 plies ago,1,0
leaky,8000,20261001-43-NbWz,21,pos 2 plies ago,1,1
leaky,8000,20261001-43-NbWz,21,pos 2 plies ago,1,2
leaky,8000,20261001-43-NbWz,21,pos 2 plies ago,1,3
leaky,8000,20261001-43-NbWz,21,pos 2 plies ago,2,-3
leaky,8000,20261001-43-NbWz,21,pos 2 plies ago,2,-2
leaky,8000,20261001-43-NbWz,21,pos 2 plies ago,2,-1
leaky,8000,20261001-43-NbWz,21,pos 2 plies ago,2,0
leaky,8000,20261001-43-NbWz,21,pos 2 plies ago,2,1
leaky,8000,20261001-43-NbWz,21,pos 2 plies ago,2,2
leaky,8000,20261001-43-NbWz,21,pos 2 plies ago,2,3
leaky,8000,20261001-43-NbWz,21,pos 2 plies ago,3,-3
leaky,8000,20261001-43-NbWz,21,pos 2 plies ago,3,-2
leaky,8000,20261001-43-NbWz,21,pos 2 plies ago,3,-1
leaky,8000,20261001-43-NbWz,21,pos 2 plies ago,3,0
leaky,8000,20261001-43-NbWz,21,pos 2 plies ago,3,1
leaky,8000,20261001-43-NbWz,21,pos 2 plies ago,3,2
leaky,8000,20261001-43-NbWz,21,pos 2 plies ago,3,3
leaky,8000,20261001-43-NbWz,22,pos 3 plies ago,-3,-3
leaky,8000,20261001-43-NbWz,22,pos 3 plies ago,-3,-2
leaky,8000,20261001-43-NbWz,22,pos 3 plies ago,-3,-1
leaky,8000,20261001-43-NbWz,22,pos 3 plies ago,-3,0
leaky,8000,20261001-43-NbWz,22,pos 3 plies ago,-3,1
leaky,8000,20261001-43-NbWz,22,pos 3 plies ago,-3,2
leaky,8000,20261001-43-NbWz,22,pos 3 plies ago,-3,3
leaky,8000,20261001-43-NbWz,22,pos 3 plies ago,-2,-3
leaky,8000,20261001-43-NbWz,22,pos 3 plies ago,-2,-2
leaky,8000,20261001-43-NbWz,22,pos 3 plies ago,-2,-1
leaky,8000,20261001-43-NbWz,22,pos 3 plies ago,-2,0
leaky,8000,20261001-43-NbWz,22,pos 3 plies ago,-2,1
leaky,8000,20261001-43-NbWz,22,pos 3 plies ago,-2,2
leaky,8000,20261001-43-NbWz,22,pos 3 plies ago,-2,3
leaky,8000,20261001-43-NbWz,22,pos 3 plies ago,-1,-3
leaky,8000,20261001-43-NbWz,22,pos 3 plies ago,-1,-2
leaky,8000,20261001-43-NbWz,22,pos 3 plies ago,-1,-1
leaky,8000,20261001-43-NbWz,22,pos 3 plies ago,-1,0
leaky,8000,20261001-43-NbWz,22,pos 3 plies ago,-1,1
leaky,8000,20261001-43-NbWz,22,pos 3 plies ago,-1,2
leaky,8000,20261001-43-NbWz,22,pos 3 plies ago,-1,3
leaky,8000,20261001-43-NbWz,22,pos 3 plies ago,0,-3
leaky,8000,20261001-43-NbWz,22,pos 3 plies ago,0,-2
leaky,8000,20261001-43-NbWz,22,pos 3 plies ago,0,-1
leaky,8000,20261001-43-NbWz,22,pos 3 plies ago,0,0
leaky,8000,20261001-43-NbWz,22,pos 3 plies ago,0,1
leaky,8000,20261001-43-NbWz,22,pos 3 plies ago,0,2
leaky,8000,20261001-43-NbWz,22,pos 3 plies ago,0,3
leaky,8000,20261001-43-NbWz,22,pos 3 plies ago,1,-3
leaky,8000,20261001-43-NbWz,22,pos 3 plies ago,1,-2
leaky,8000,20261001-43-NbWz,22,pos 3 plies ago,1,-1
leaky,8000,20261001-43-NbWz,22,pos 3 plies ago,1,0
leaky,8000,20261001-43-NbWz,22,pos 3 plies ago,1,1
leaky,8000,20261001-43-NbWz,22,pos 3 plies ago,1,2
leaky,8000,20261001-43-NbWz,22,pos 3 plies ago,1,3
leaky,8000,20261001-43-NbWz,22,pos 3 plies ago,2,-3
leaky,8000,20261001-43-NbWz,22,pos 3 plies ago,2,-2
leaky,8000,20261001-43-NbWz,22,pos 3 plies ago,2,-1
leaky,8000,20261001-43-NbWz,22,pos 3 plies ago,2,0
leaky,8000,20261001-43-NbWz,22,pos 3 plies ago,2,1
leaky,8000,20261001-43-NbWz,22,pos 3 plies ago,2,2
leaky,8000,20261001-43-NbWz,22,pos 3 plies ago,2,3
leaky,8000,20261001-43-NbWz,22,pos 3 plies ago,3,-3
leaky,8000,20261001-43-NbWz,22,pos 3 plies ago,3,-2
leaky,8000,20261001-43-NbWz,22,pos 3 plies ago,3,-1
leaky,8000,20261001-43-NbWz,22,pos 3 plies ago,3,0
leaky,8000,20261001-43-NbWz,22,pos 3 plies ago,3,1
leaky,8000,20261001-43-NbWz,22,pos 3 plies ago,3,2
leaky,8000,20261001-43-NbWz,22,pos 3 plies ago,3,3
leaky,8000,20261001-43-NbWz,24,pos 5 plies ago,-3,-3
leaky,8000,20261001-43-NbWz,24,pos 5 plies ago,-3,-2
leaky,8000,20261001-43-NbWz,24,pos 5 plies ago,-3,-1
leaky,8000,20261001-43-NbWz,24,pos 5 plies ago,-3,0
leaky,8000,20261001-43-NbWz,24,pos 5 plies ago,-3,1
leaky,8000,20261001-43-NbWz,24,pos 5 plies ago,-3,2
leaky,8000,20261001-43-NbWz,24,pos 5 plies ago,-3,3
leaky,8000,20261001-43-NbWz,24,pos 5 plies ago,-2,-3
leaky,8000,20261001-43-NbWz,24,pos 5 plies ago,-2,-2
leaky,8000,20261001-43-NbWz,24,pos 5 plies ago,-2,-1
leaky,8000,20261001-43-NbWz,24,pos 5 plies ago,-2,0
leaky,8000,20261001-43-NbWz,24,pos 5 plies ago,-2,1
leaky,8000,20261001-43-NbWz,24,pos 5 plies ago,-2,2
leaky,8000,20261001-43-NbWz,24,pos 5 plies ago,-2,3
leaky,8000,20261001-43-NbWz,24,pos 5 plies ago,-1,-3
leaky,8000,20261001-43-NbWz,24,pos 5 plies ago,-1,-2
leaky,8000,20261001-43-NbWz,24,pos 5 plies ago,-1,-1
leaky,8000,20261001-43-NbWz,24,pos 5 plies ago,-1,0
leaky,8000,20261001-43-NbWz,24,pos 5 plies ago,-1,1
leaky,8000,20261001-43-NbWz,24,pos 5 plies ago,-1,2
leaky,8000,20261001-43-NbWz,24,pos 5 plies ago,-1,3
leaky,8000,20261001-43-NbWz,24,pos 5 plies ago,0,-3
leaky,8000,20261001-43-NbWz,24,pos 5 plies ago,0,-2
leaky,8000,20261001-43-NbWz,24,pos 5 plies ago,0,-1
leaky,8000,20261001-43-NbWz,24,pos 5 plies ago,0,0
leaky,8000,20261001-43-NbWz,24,pos 5 plies ago,0,1
leaky,8000,20261001-43-NbWz,24,pos 5 plies ago,0,2
leaky,8000,20261001-43-NbWz,24,pos 5 plies ago,0,3
leaky,8000,20261001-43-NbWz,24,pos 5 plies ago,1,-3
leaky,8000,20261001-43-NbWz,24,pos 5 plies ago,1,-2
leaky,8000,20261001-43-NbWz,24,pos 5 plies ago,1,-1
leaky,8000,20261001-43-NbWz,24,pos 5 plies ago,1,0
leaky,8000,20261001-43-NbWz,24,pos 5 plies ago,1,1
leaky,8000,20261001-43-NbWz,24,pos 5 plies ago,1,2
leaky,8000,20261001-43-NbWz,24,pos 5 plies ago,1,3
leaky,8000,20261001-43-NbWz,24,pos 5 plies ago,2,-3
leaky,8000,20261001-43-NbWz,24,pos 5 plies ago,2,-2
leaky,8000,20261001-43-NbWz,24,pos 5 plies ago,2,-1
leaky,8000,20261001-43-NbWz,24,pos 5 plies ago,2,0
leaky,8000,20261001-43-NbWz,24,pos 5 plies ago,2,1
leaky,8000,20261001-43-NbWz,24,pos 5 plies ago,2,2
leaky,8000,20261001-43-NbWz,24,pos 5 plies ago,2,3
leaky,8000,20261001-43-NbWz,24,pos 5 plies ago,3,-3
leaky,8000,20261001-43-NbWz,24,pos 5 plies ago,3,-2
leaky,8000,20261001-43-NbWz,24,pos 5 plies ago,3,-1
leaky,8000,20261001-43-NbWz,24,pos 5 plies ago,3,0
leaky,8000,20261001-43-NbWz,24,pos 5 plies ago,3,1
leaky,8000,20261001-43-NbWz,24,pos 5 plies ago,3,2
leaky,8000,20261001-43-NbWz,24,pos 5 plies ago,3,3
leaky,8000,20261001-43-NbWz,26,pos 7 plies ago,-3,-3
leaky,8000,20261001-43-NbWz,26,pos 7 plies ago,-3,-2
leaky,8000,20261001-43-NbWz,26,pos 7 plies ago,-3,-1
leaky,8000,20261001-43-NbWz,26,pos 7 plies ago,-3,0
leaky,8000,20261001-43-NbWz,26,pos 7 plies ago,-3,1
leaky,8000,20261001-43-NbWz,26,pos 7 plies ago,-3,2
leaky,8000,20261001-43-NbWz,26,pos 7 plies ago,-3,3
leaky,8000,20261001-43-NbWz,26,pos 7 plies ago,-2,-3
leaky,8000,20261001-43-NbWz,26,pos 7 plies ago,-2,-2
leaky,8000,20261001-43-NbWz,26,pos 7 plies ago,-2,-1
leaky,8000,20261001-43-NbWz,26,pos 7 plies ago,-2,0
leaky,8000,20261001-43-NbWz,26,pos 7 plies ago,-2,1
leaky,8000,20261001-43-NbWz,26,pos 7 plies ago,-2,2
leaky,8000,20261001-43-NbWz,26,pos 7 plies ago,-2,3
leaky,8000,20261001-43-NbWz,26,pos 7 plies ago,-1,-3
leaky,8000,20261001-43-NbWz,26,pos 7 plies ago,-1,-2
leaky,8000,20261001-43-NbWz,26,pos 7 plies ago,-1,-1
leaky,8000,20261001-43-NbWz,26,pos 7 plies ago,-1,0
leaky,8000,20261001-43-NbWz,26,pos 7 plies ago,-1,1
leaky,8000,20261001-43-NbWz,26,pos 7 plies ago,-1,2
leaky,8000,20261001-43-NbWz,26,pos 7 plies ago,-1,3
leaky,8000,20261001-43-NbWz,26,pos 7 plies ago,0,-3
leaky,8000,20261001-43-NbWz,26,pos 7 plies ago,0,-2
leaky,8000,20261001-43-NbWz,26,pos 7 plies ago,0,-1
leaky,8000,20261001-43-NbWz,26,pos 7 plies ago,0,0
leaky,8000,20261001-43-NbWz,26,pos 7 plies ago,0,1
leaky,8000,20261001-43-NbWz,26,pos 7 plies ago,0,2
leaky,8000,20261001-43-NbWz,26,pos 7 plies ago,0,3
leaky,8000,20261001-43-NbWz,26,pos 7 plies ago,1,-3
leaky,8000,20261001-43-NbWz,26,pos 7 plies ago,1,-2
leaky,8000,20261001-43-NbWz,26,pos 7 plies ago,1,-1
leaky,8000,20261001-43-NbWz,26,pos 7 plies ago,1,0
leaky,8000,20261001-43-NbWz,26,pos 7 plies ago,1,1
leaky,8000,20261001-43-NbWz,26,pos 7 plies ago,1,2
leaky,8000,20261001-43-NbWz,26,pos 7 plies ago,1,3
leaky,8000,20261001-43-NbWz,26,pos 7 plies ago,2,-3
leaky,8000,20261001-43-NbWz,26,pos 7 plies ago,2,-2
leaky,8000,20261001-43-NbWz,26,pos 7 plies ago,2,-1
leaky,8000,20261001-43-NbWz,26,pos 7 plies ago,2,0
leaky,8000,20261001-43-NbWz,26,pos 7 plies ago,2,1
leaky,8000,20261001-43-NbWz,26,pos 7 plies ago,2,2
leaky,8000,20261001-43-NbWz,26,pos 7 plies ago,2,3
leaky,8000,20261001-43-NbWz,26,pos 7 plies ago,3,-3
leaky,8000,20261001-43-NbWz,26,pos 7 plies ago,3,-2
leaky,8000,20261001-43-NbWz,26,pos 7 plies ago,3,-1
leaky,8000,20261001-43-NbWz,26,pos 7 plies ago,3,0
leaky,8000,20261001-43-NbWz,26,pos 7 plies ago,3,1
leaky,8000,20261001-43-NbWz,26,pos 7 plies ago,3,2
leaky,8000,20261001-43-NbWz,26,pos 7 plies ago,3,3
leaky,8000,20261001-43-NbWz,28,pos 9 plies ago,-3,-3
leaky,8000,20261001-43-NbWz,28,pos 9 plies ago,-3,-2
leaky,8000,20261001-43-NbWz,28,pos 9 plies ago,-3,-1
leaky,8000,20261001-43-NbWz,28,pos 9 plies ago,-3,0
leaky,8000,20261001-43-NbWz,28,pos 9 plies ago,-3,1
leaky,8000,20261001-43-NbWz,28,pos 9 plies ago,-3,2
leaky,8000,20261001-43-NbWz,28,pos 9 plies ago,-3,3
leaky,8000,20261001-43-NbWz,28,pos 9 plies ago,-2,-3
leaky,8000,20261001-43-NbWz,28,pos 9 plies ago,-2,-2
leaky,8000,20261001-43-NbWz,28,pos 9 plies ago,-2,-1
leaky,8000,20261001-43-NbWz,28,pos 9 plies ago,-2,0
leaky,8000,20261001-43-NbWz,28,pos 9 plies ago,-2,1
leaky,8000,20261001-43-NbWz,28,pos 9 plies ago,-2,2
leaky,8000,20261001-43-NbWz,28,pos 9 plies ago,-2,3
leaky,8000,20261001-43-NbWz,28,pos 9 plies ago,-1,-3
leaky,8000,20261001-43-NbWz,28,pos 9 plies ago,-1,-2
leaky,8000,20261001-43-NbWz,28,pos 9 plies ago,-1,-1
leaky,8000,20261001-43-NbWz,28,pos 9 plies ago,-1,0
leaky,8000,20261001-43-NbWz,28,pos 9 plies ago,-1,1
leaky,8000,20261001-43-NbWz,28,pos 9 plies ago,-1,2
leaky,8000,20261001-43-NbWz,28,pos 9 plies ago,-1,3
leaky,8000,20261001-43-NbWz,28,pos 9 plies ago,0,-3
leaky,8000,20261001-43-NbWz,28,pos 9 plies ago,0,-2
leaky,8000,20261001-43-NbWz,28,pos 9 plies ago,0,-1
leaky,8000,20261001-43-NbWz,28,pos 9 plies ago,0,0
leaky,8000,20261001-43-NbWz,28,pos 9 plies ago,0,1
leaky,8000,20261001-43-NbWz,28,pos 9 plies ago,0,2
leaky,8000,20261001-43-NbWz,28,pos 9 plies ago,0,3
leaky,8000,20261001-43-NbWz,28,pos 9 plies ago,1,-3
leaky,8000,20261001-43-NbWz,28,pos 9 plies ago,1,-2
leaky,8000,20261001-43-NbWz,28,pos 9 plies ago,1,-1
leaky,8000,20261001-43-NbWz,28,pos 9 plies ago,1,0
leaky,8000,20261001-43-NbWz,28,pos 9 plies ago,1,1
leaky,8000,20261001-43-NbWz,28,pos 9 plies ago,1,2
leaky,8000,20261001-43-NbWz,28,pos 9 plies ago,1,3
leaky,8000,20261001-43-NbWz,28,pos 9 plies ago,2,-3
leaky,8000,20261001-43-NbWz,28,pos 9 plies ago,2,-2
leaky,8000,20261001-43-NbWz,28,pos 9 plies ago,2,-1
leaky,8000,20261001-43-NbWz,28,pos 9 plies ago,2,0
leaky,8000,20261001-43-NbWz,28,pos 9 plies ago,2,1
leaky,8000,20261001-43-NbWz,28,pos 9 plies ago,2,2
leaky,8000,20261001-43-NbWz,28,pos 9 plies ago,2,3
leaky,8000,20261001-43-NbWz,28,pos 9 plies ago,3,-3
leaky,8000,20261001-43-NbWz,28,pos 9 plies ago,3,-2
leaky,8000,20261001-43-NbWz,28,pos 9 plies ago,3,-1
leaky,8000,20261001-43-NbWz,28,pos 9 plies ago,3,0
leaky,8000,20261001-43-NbWz,28,pos 9 plies ago,3,1
leaky,8000,20261001-43-NbWz,28,pos 9 plies ago,3,2
leaky,8000,20261001-43-NbWz,28,pos 9 plies ago,3,3
leaky,9000,20261001-43-NbWz,16,en passant,3,-3
leaky,9000,20261001-43-NbWz,16,en passant,3,-2
leaky,9000,20261001-43-NbWz,16,en passant,3,-1
leaky,9000,20261001-43-NbWz,16,en passant,3,0
leaky,9000,20261001-43-NbWz,16,en passant,3,1
leaky,9000,20261001-43-NbWz,16,en passant,3,2
leaky,9000,20261001-43-NbWz,16,en passant,3,3
leaky,9000,20261001-43-NbWz,19,rep >=2 before,-3,-3
leaky,9000,20261001-43-NbWz,19,rep >=2 before,-3,-2
leaky,9000,20261001-43-NbWz,19,rep >=2 before,-3,-1
leaky,9000,20261001-43-NbWz,19,rep >=2 before,-3,0
leaky,9000,20261001-43-NbWz,19,rep >=2 before,-3,1
leaky,9000,20261001-43-NbWz,19,rep >=2 before,-3,2
leaky,9000,20261001-43-NbWz,19,rep >=2 before,-3,3
leaky,9000,20261001-43-NbWz,19,rep >=2 before,-2,-3
leaky,9000,20261001-43-NbWz,19,rep >=2 before,-2,-2
leaky,9000,20261001-43-NbWz,19,rep >=2 before,-2,-1
leaky,9000,20261001-43-NbWz,19,rep >=2 before,-2,0
leaky,9000,20261001-43-NbWz,19,rep >=2 before,-2,1
leaky,9000,20261001-43-NbWz,19,rep >=2 before,-2,2
leaky,9000,20261001-43-NbWz,19,rep >=2 before,-2,3
leaky,9000,20261001-43-NbWz,19,rep >=2 before,-1,-3
leaky,9000,20261001-43-NbWz,19,rep >=2 before,-1,-2
leaky,9000,20261001-43-NbWz,19,rep >=2 before,-1,-1
leaky,9000,20261001-43-NbWz,19,rep >=2 before,-1,0
leaky,9000,20261001-43-NbWz,19,rep >=2 before,-1,1
leaky,9000,20261001-43-NbWz,19,rep >=2 before,-1,2
leaky,9000,20261001-43-NbWz,19,rep >=2 before,-1,3
leaky,9000,20261001-43-NbWz,19,rep >=2 before,0,-3
leaky,9000,20261001-43-NbWz,19,rep >=2 before,0,-2
leaky,9000,20261001-43-NbWz,19,rep >=2 before,0,-1
leaky,9000,20261001-43-NbWz,19,rep >=2 before,0,0
leaky,9000,20261001-43-NbWz,19,rep >=2 before,0,1
leaky,9000,20261001-43-NbWz,19,rep >=2 before,0,2
leaky,9000,20261001-43-NbWz,19,rep >=2 before,0,3
leaky,9000,20261001-43-NbWz,19,rep >=2 before,1,-3
leaky,9000,20261001-43-NbWz,19,rep >=2 before,1,-2
leaky,9000,20261001-43-NbWz,19,rep >=2 before,1,-1
leaky,9000,20261001-43-NbWz,19,rep >=2 before,1,0
leaky,9000,20261001-43-NbWz,19,rep >=2 before,1,1
leaky,9000,20261001-43-NbWz,19,rep >=2 before,1,2
leaky,9000,20261001-43-NbWz,19,rep >=2 before,1,3
leaky,9000,20261001-43-NbWz,19,rep >=2 before,2,-3
leaky,9000,20261001-43-NbWz,19,rep >=2 before,2,-2
leaky,9000,20261001-43-NbWz,19,rep >=2 before,2,-1
leaky,9000,20261001-43-NbWz,19,rep >=2 before,2,0
leaky,9000,20261001-43-NbWz,19,rep >=2 before,2,1
leaky,9000,20261001-43-NbWz,19,rep >=2 before,2,2
leaky,9000,20261001-43-NbWz,19,rep >=2 before,2,3
leaky,9000,20261001-43-NbWz,19,rep >=2 before,3,-3
leaky,9000,20261001-43-NbWz,19,rep >=2 before,3,-2
leaky,9000,20261001-43-NbWz,19,rep >=2 before,3,-1
leaky,9000,20261001-43-NbWz,19,rep >=2 before,3,0
leaky,9000,20261001-43-NbWz,19,rep >=2 before,3,1
leaky,9000,20261001-43-NbWz,19,rep >=2 before,3,2
leaky,9000,20261001-43-NbWz,19,rep >=2 before,3,3
leaky,9000,20261001-43-NbWz,20,pos 1 plies ago,-3,-3
leaky,9000,20261001-43-NbWz,20,pos 1 plies ago,-3,-2
leaky,9000,20261001-43-NbWz,20,pos 1 plies ago,-3,-1
leaky,9000,20261001-43-NbWz,20,pos 1 plies ago,-3,0
leaky,9000,20261001-43-NbWz,20,pos 1 plies ago,-3,1
leaky,9000,20261001-43-NbWz,20,pos 1 plies ago,-3,2
leaky,9000,20261001-43-NbWz,20,pos 1 plies ago,-3,3
leaky,9000,20261001-43-NbWz,20,pos 1 plies ago,-2,-3
leaky,9000,20261001-43-NbWz,20,pos 1 plies ago,-2,-2
leaky,9000,20261001-43-NbWz,20,pos 1 plies ago,-2,-1
leaky,9000,20261001-43-NbWz,20,pos 1 plies ago,-2,0
leaky,9000,20261001-43-NbWz,20,pos 1 plies ago,-2,1
leaky,9000,20261001-43-NbWz,20,pos 1 plies ago,-2,2
leaky,9000,20261001-43-NbWz,20,pos 1 plies ago,-2,3
leaky,9000,20261001-43-NbWz,20,pos 1 plies ago,-1,-3
leaky,9000,20261001-43-NbWz,20,pos 1 plies ago,-1,-2
leaky,9000,20261001-43-NbWz,20,pos 1 plies ago,-1,-1
leaky,9000,20261001-43-NbWz,20,pos 1 plies ago,-1,0
leaky,9000,20261001-43-NbWz,20,pos 1 plies ago,-1,1
leaky,9000,20261001-43-NbWz,20,pos 1 plies ago,-1,2
leaky,9000,20261001-43-NbWz,20,pos 1 plies ago,-1,3
leaky,9000,20261001-43-NbWz,20,pos 1 plies ago,0,-3
leaky,9000,20261001-43-NbWz,20,pos 1 plies ago,0,-2
leaky,9000,20261001-43-NbWz,20,pos 1 plies ago,0,-1
leaky,9000,20261001-43-NbWz,20,pos 1 plies ago,0,0
leaky,9000,20261001-43-NbWz,20,pos 1 plies ago,0,1
leaky,9000,20261001-43-NbWz,20,pos 1 plies ago,0,2
leaky,9000,20261001-43-NbWz,20,pos 1 plies ago,0,3
leaky,9000,20261001-43-NbWz,20,pos 1 plies ago,1,-3
leaky,9000,20261001-43-NbWz,20,pos 1 plies ago,1,-2
leaky,9000,20261001-43-NbWz,20,pos 1 plies ago,1,-1
leaky,9000,20261001-43-NbWz,20,pos 1 plies ago,1,0
leaky,9000,20261001-43-NbWz,20,pos 1 plies ago,1,1
leaky,9000,20261001-43-NbWz,20,pos 1 plies ago,1,2
leaky,9000,20261001-43-NbWz,20,pos 1 plies ago,1,3
leaky,9000,20261001-43-NbWz,20,pos 1 plies ago,2,-3
leaky,9000,20261001-43-NbWz,20,pos 1 plies ago,2,-2
leaky,9000,20261001-43-NbWz,20,pos 1 plies ago,2,-1
leaky,9000,20261001-43-NbWz,20,pos 1 plies ago,2,0
leaky,9000,20261001-43-NbWz,20,pos 1 plies ago,2,1
leaky,9000,20261001-43-NbWz,20,pos 1 plies ago,2,2
leaky,9000,20261001-43-NbWz,20,pos 1 plies ago,2,3
leaky,9000,20261001-43-NbWz,20,pos 1 plies ago,3,-3
leaky,9000,20261001-43-NbWz,20,pos 1 plies ago,3,-2
leaky,9000,20261001-43-NbWz,20,pos 1 plies ago,3,-1
leaky,9000,20261001-43-NbWz,20,pos 1 plies ago,3,0
leaky,9000,20261001-43-NbWz,20,pos 1 plies ago,3,1
leaky,9000,20261001-43-NbWz,20,pos 1 plies ago,3,2
leaky,9000,20261001-43-NbWz,20,pos 1 plies ago,3,3
leaky,9000,20261001-43-NbWz,21,pos 2 plies ago,-3,-3
leaky,9000,20261001-43-NbWz,21,pos 2 plies ago,-3,-2
leaky,9000,20261001-43-NbWz,21,pos 2 plies ago,-3,-1
leaky,9000,20261001-43-NbWz,21,pos 2 plies ago,-3,0
leaky,9000,20261001-43-NbWz,21,pos 2 plies ago,-3,1
leaky,9000,20261001-43-NbWz,21,pos 2 plies ago,-3,2
leaky,9000,20261001-43-NbWz,21,pos 2 plies ago,-3,3
leaky,9000,20261001-43-NbWz,21,pos 2 plies ago,-2,-3
leaky,9000,20261001-43-NbWz,21,pos 2 plies ago,-2,-2
leaky,9000,20261001-43-NbWz,21,pos 2 plies ago,-2,-1
leaky,9000,20261001-43-NbWz,21,pos 2 plies ago,-2,0
leaky,9000,20261001-43-NbWz,21,pos 2 plies ago,-2,1
leaky,9000,20261001-43-NbWz,21,pos 2 plies ago,-2,2
leaky,9000,20261001-43-NbWz,21,pos 2 plies ago,-2,3
leaky,9000,20261001-43-NbWz,21,pos 2 plies ago,-1,-3
leaky,9000,20261001-43-NbWz,21,pos 2 plies ago,-1,-2
leaky,9000,20261001-43-NbWz,21,pos 2 plies ago,-1,-1
leaky,9000,20261001-43-NbWz,21,pos 2 plies ago,-1,0
leaky,9000,20261001-43-NbWz,21,pos 2 plies ago,-1,1
leaky,9000,20261001-43-NbWz,21,pos 2 plies ago,-1,2
leaky,9000,20261001-43-NbWz,21,pos 2 plies ago,-1,3
leaky,9000,20261001-43-NbWz,21,pos 2 plies ago,0,-3
leaky,9000,20261001-43-NbWz,21,pos 2 plies ago,0,-2
leaky,9000,20261001-43-NbWz,21,pos 2 plies ago,0,-1
leaky,9000,20261001-43-NbWz,21,pos 2 plies ago,0,0
leaky,9000,20261001-43-NbWz,21,pos 2 plies ago,0,1
leaky,9000,20261001-43-NbWz,21,pos 2 plies ago,0,2
leaky,9000,20261001-43-NbWz,21,pos 2 plies ago,0,3
leaky,9000,20261001-43-NbWz,21,pos 2 plies ago,1,-3
leaky,9000,20261001-43-NbWz,21,pos 2 plies ago,1,-2
leaky,9000,20261001-43-NbWz,21,pos 2 plies ago,1,-1
leaky,9000,20261001-43-NbWz,21,pos 2 plies ago,1,0
leaky,9000,20261001-43-NbWz,21,pos 2 plies ago,1,1
leaky,9000,20261001-43-NbWz,21,pos 2 plies ago,1,2
leaky,9000,20261001-43-NbWz,21,pos 2 plies ago,1,3
leaky,9000,20261001-43-NbWz,21,pos 2 plies ago,2,-3
leaky,9000,20261001-43-NbWz,21,pos 2 plies ago,2,-2
leaky,9000,20261001-43-NbWz,21,pos 2 plies ago,2,-1
leaky,9000,20261001-43-NbWz,21,pos 2 plies ago,2,0
leaky,9000,20261001-43-NbWz,21,pos 2 plies ago,2,1
leaky,9000,20261001-43-NbWz,21,pos 2 plies ago,2,2
leaky,9000,20261001-43-NbWz,21,pos 2 plies ago,2,3
leaky,9000,20261001-43-NbWz,21,pos 2 plies ago,3,-3
leaky,9000,20261001-43-NbWz,21,pos 2 plies ago,3,-2
leaky,9000,20261001-43-NbWz,21,pos 2 plies ago,3,-1
leaky,9000,20261001-43-NbWz,21,pos 2 plies ago,3,0
leaky,9000,20261001-43-NbWz,21,pos 2 plies ago,3,1
leaky,9000,20261001-43-NbWz,21,pos 2 plies ago,3,2
leaky,9000,20261001-43-NbWz,21,pos 2 plies ago,3,3
leaky,9000,20261001-43-NbWz,22,pos 3 plies ago,-3,-3
leaky,9000,20261001-43-NbWz,22,pos 3 plies ago,-3,-2
leaky,9000,20261001-43-NbWz,22,pos 3 plies ago,-3,-1
leaky,9000,20261001-43-NbWz,22,pos 3 plies ago,-3,0
leaky,9000,20261001-43-NbWz,22,pos 3 plies ago,-3,1
leaky,9000,20261001-43-NbWz,22,pos 3 plies ago,-3,2
leaky,9000,20261001-43-NbWz,22,pos 3 plies ago,-3,3
leaky,9000,20261001-43-NbWz,22,pos 3 plies ago,-2,-3
leaky,9000,20261001-43-NbWz,22,pos 3 plies ago,-2,-2
leaky,9000,20261001-43-NbWz,22,pos 3 plies ago,-2,-1
leaky,9000,20261001-43-NbWz,22,pos 3 plies ago,-2,0
leaky,9000,20261001-43-NbWz,22,pos 3 plies ago,-2,1
leaky,9000,20261001-43-NbWz,22,pos 3 plies ago,-2,2
leaky,9000,20261001-43-NbWz,22,pos 3 plies ago,-2,3
leaky,9000,20261001-43-NbWz,22,pos 3 plies ago,-1,-3
leaky,9000,20261001-43-NbWz,22,pos 3 plies ago,-1,-2
leaky,9000,20261001-43-NbWz,22,pos 3 plies ago,-1,-1
leaky,9000,20261001-43-NbWz,22,pos 3 plies ago,-1,0
leaky,9000,20261001-43-NbWz,22,pos 3 plies ago,-1,1
leaky,9000,20261001-43-NbWz,22,pos 3 plies ago,-1,2
leaky,9000,20261001-43-NbWz,22,pos 3 plies ago,-1,3
leaky,9000,20261001-43-NbWz,22,pos 3 plies ago,0,-3
leaky,9000,20261001-43-NbWz,22,pos 3 plies ago,0,-2
leaky,9000,20261001-43-NbWz,22,pos 3 plies ago,0,-1
leaky,9000,20261001-43-NbWz,22,pos 3 plies ago,0,0
leaky,9000,20261001-43-NbWz,22,pos 3 plies ago,0,1
leaky,9000,20261001-43-NbWz,22,pos 3 plies ago,0,2
leaky,9000,20261001-43-NbWz,22,pos 3 plies ago,0,3
leaky,9000,20261001-43-NbWz,22,pos 3 plies ago,1,-3
leaky,9000,20261001-43-NbWz,22,pos 3 plies ago,1,-2
leaky,9000,20261001-43-NbWz,22,pos 3 plies ago,1,-1
leaky,9000,20261001-43-NbWz,22,pos 3 plies ago,1,0
leaky,9000,20261001-43-NbWz,22,pos 3 plies ago,1,1
leaky,9000,20261001-43-NbWz,22,pos 3 plies ago,1,2
leaky,9000,20261001-43-NbWz,22,pos 3 plies ago,1,3
leaky,9000,20261001-43-NbWz,22,pos 3 plies ago,2,-3
leaky,9000,20261001-43-NbWz,22,pos 3 plies ago,2,-2
leaky,9000,20261001-43-NbWz,22,pos 3 plies ago,2,-1
leaky,9000,20261001-43-NbWz,22,pos 3 plies ago,2,0
leaky,9000,20261001-43-NbWz,22,pos 3 plies ago,2,1
leaky,9000,20261001-43-NbWz,22,pos 3 plies ago,2,2
leaky,9000,20261001-43-NbWz,22,pos 3 plies ago,2,3
leaky,9000,20261001-43-NbWz,22,pos 3 plies ago,3,-3
leaky,9000,20261001-43-NbWz,22,pos 3 plies ago,3,-2
leaky,9000,20261001-43-NbWz,22,pos 3 plies ago,3,-1
leaky,9000,20261001-43-NbWz,22,pos 3 plies ago,3,0
leaky,9000,20261001-43-NbWz,22,pos 3 plies ago,3,1
leaky,9000,20261001-43-NbWz,22,pos 3 plies ago,3,2
leaky,9000,20261001-43-NbWz,22,pos 3 plies ago,3,3
leaky,9000,20261001-43-NbWz,24,pos 5 plies ago,-3,-3
leaky,9000,20261001-43-NbWz,24,pos 5 plies ago,-3,-2
leaky,9000,20261001-43-NbWz,24,pos 5 plies ago,-3,-1
leaky,9000,20261001-43-NbWz,24,pos 5 plies ago,-3,0
leaky,9000,20261001-43-NbWz,24,pos 5 plies ago,-3,1
leaky,9000,20261001-43-NbWz,24,pos 5 plies ago,-3,2
leaky,9000,20261001-43-NbWz,24,pos 5 plies ago,-3,3
leaky,9000,20261001-43-NbWz,24,pos 5 plies ago,-2,-3
leaky,9000,20261001-43-NbWz,24,pos 5 plies ago,-2,-2
leaky,9000,20261001-43-NbWz,24,pos 5 plies ago,-2,-1
leaky,9000,20261001-43-NbWz,24,pos 5 plies ago,-2,0
leaky,9000,20261001-43-NbWz,24,pos 5 plies ago,-2,1
leaky,9000,20261001-43-NbWz,24,pos 5 plies ago,-2,2
leaky,9000,20261001-43-NbWz,24,pos 5 plies ago,-2,3
leaky,9000,20261001-43-NbWz,24,pos 5 plies ago,-1,-3
leaky,9000,20261001-43-NbWz,24,pos 5 plies ago,-1,-2
leaky,9000,20261001-43-NbWz,24,pos 5 plies ago,-1,-1
leaky,9000,20261001-43-NbWz,24,pos 5 plies ago,-1,0
leaky,9000,20261001-43-NbWz,24,pos 5 plies ago,-1,1
leaky,9000,20261001-43-NbWz,24,pos 5 plies ago,-1,2
leaky,9000,20261001-43-NbWz,24,pos 5 plies ago,-1,3
leaky,9000,20261001-43-NbWz,24,pos 5 plies ago,0,-3
leaky,9000,20261001-43-NbWz,24,pos 5 plies ago,0,-2
leaky,9000,20261001-43-NbWz,24,pos 5 plies ago,0,-1
leaky,9000,20261001-43-NbWz,24,pos 5 plies ago,0,0
leaky,9000,20261001-43-NbWz,24,pos 5 plies ago,0,1
leaky,9000,20261001-43-NbWz,24,pos 5 plies ago,0,2
leaky,9000,20261001-43-NbWz,24,pos 5 plies ago,0,3
leaky,9000,20261001-43-NbWz,24,pos 5 plies ago,1,-3
leaky,9000,20261001-43-NbWz,24,pos 5 plies ago,1,-2
leaky,9000,20261001-43-NbWz,24,pos 5 plies ago,1,-1
leaky,9000,20261001-43-NbWz,24,pos 5 plies ago,1,0
leaky,9000,20261001-43-NbWz,24,pos 5 plies ago,1,1
leaky,9000,20261001-43-NbWz,24,pos 5 plies ago,1,2
leaky,9000,20261001-43-NbWz,24,pos 5 plies ago,1,3
leaky,9000,20261001-43-NbWz,24,pos 5 plies ago,2,-3
leaky,9000,20261001-43-NbWz,24,pos 5 plies ago,2,-2
leaky,9000,20261001-43-NbWz,24,pos 5 plies ago,2,-1
leaky,9000,20261001-43-NbWz,24,pos 5 plies ago,2,0
leaky,9000,20261001-43-NbWz,24,pos 5 plies ago,2,1
leaky,9000,20261001-43-NbWz,24,pos 5 plies ago,2,2
leaky,9000,20261001-43-NbWz,24,pos 5 plies ago,2,3
leaky,9000,20261001-43-NbWz,24,pos 5 plies ago,3,-3
leaky,9000,20261001-43-NbWz,24,pos 5 plies ago,3,-2
leaky,9000,20261001-43-NbWz,24,pos 5 plies ago,3,-1
leaky,9000,20261001-43-NbWz,24,pos 5 plies ago,3,0
leaky,9000,20261001-43-NbWz,24,pos 5 plies ago,3,1
leaky,9000,20261001-43-NbWz,24,pos 5 plies ago,3,2
leaky,9000,20261001-43-NbWz,24,pos 5 plies ago,3,3
leaky,9000,20261001-43-NbWz,26,pos 7 plies ago,-3,-3
leaky,9000,20261001-43-NbWz,26,pos 7 plies ago,-3,-2
leaky,9000,20261001-43-NbWz,26,pos 7 plies ago,-3,-1
leaky,9000,20261001-43-NbWz,26,pos 7 plies ago,-3,0
leaky,9000,20261001-43-NbWz,26,pos 7 plies ago,-3,1
leaky,9000,20261001-43-NbWz,26,pos 7 plies ago,-3,2
leaky,9000,20261001-43-NbWz,26,pos 7 plies ago,-3,3
leaky,9000,20261001-43-NbWz,26,pos 7 plies ago,-2,-3
leaky,9000,20261001-43-NbWz,26,pos 7 plies ago,-2,-2
leaky,9000,20261001-43-NbWz,26,pos 7 plies ago,-2,-1
leaky,9000,20261001-43-NbWz,26,pos 7 plies ago,-2,0
leaky,9000,20261001-43-NbWz,26,pos 7 plies ago,-2,1
leaky,9000,20261001-43-NbWz,26,pos 7 plies ago,-2,2
leaky,9000,20261001-43-NbWz,26,pos 7 plies ago,-2,3
leaky,9000,20261001-43-NbWz,26,pos 7 plies ago,-1,-3
leaky,9000,20261001-43-NbWz,26,pos 7 plies ago,-1,-2
leaky,9000,20261001-43-NbWz,26,pos 7 plies ago,-1,-1
leaky,9000,20261001-43-NbWz,26,pos 7 plies ago,-1,0
leaky,9000,20261001-43-NbWz,26,pos 7 plies ago,-1,1
leaky,9000,20261001-43-NbWz,26,pos 7 plies ago,-1,2
leaky,9000,20261001-43-NbWz,26,pos 7 plies ago,-1,3
leaky,9000,20261001-43-NbWz,26,pos 7 plies ago,0,-3
leaky,9000,20261001-43-NbWz,26,pos 7 plies ago,0,-2
leaky,9000,20261001-43-NbWz,26,pos 7 plies ago,0,-1
leaky,9000,20261001-43-NbWz,26,pos 7 plies ago,0,0
leaky,9000,20261001-43-NbWz,26,pos 7 plies ago,0,1
leaky,9000,20261001-43-NbWz,26,pos 7 plies ago,0,2
leaky,9000,20261001-43-NbWz,26,pos 7 plies ago,0,3
leaky,9000,20261001-43-NbWz,26,pos 7 plies ago,1,-3
leaky,9000,20261001-43-NbWz,26,pos 7 plies ago,1,-2
leaky,9000,20261001-43-NbWz,26,pos 7 plies ago,1,-1
leaky,9000,20261001-43-NbWz,26,pos 7 plies ago,1,0
leaky,9000,20261001-43-NbWz,26,pos 7 plies ago,1,1
leaky,9000,20261001-43-NbWz,26,pos 7 plies ago,1,2
leaky,9000,20261001-43-NbWz,26,pos 7 plies ago,1,3
leaky,9000,20261001-43-NbWz,26,pos 7 plies ago,2,-3
leaky,9000,20261001-43-NbWz,26,pos 7 plies ago,2,-2
leaky,9000,20261001-43-NbWz,26,pos 7 plies ago,2,-1
leaky,9000,20261001-43-NbWz,26,pos 7 plies ago,2,0
leaky,9000,20261001-43-NbWz,26,pos 7 plies ago,2,1
leaky,9000,20261001-43-NbWz,26,pos 7 plies ago,2,2
leaky,9000,20261001-43-NbWz,26,pos 7 plies ago,2,3
leaky,9000,20261001-43-NbWz,26,pos 7 plies ago,3,-3
leaky,9000,20261001-43-NbWz,26,pos 7 plies ago,3,-2
leaky,9000,20261001-43-NbWz,26,pos 7 plies ago,3,-1
leaky,9000,20261001-43-NbWz,26,pos 7 plies ago,3,0
leaky,9000,20261001-43-NbWz,26,pos 7 plies ago,3,1
leaky,9000,20261001-43-NbWz,26,pos 7 plies ago,3,2
leaky,9000,20261001-43-NbWz,26,pos 7 plies ago,3,3
leaky,9000,20261001-43-NbWz,28,pos 9 plies ago,-3,-3
leaky,9000,20261001-43-NbWz,28,pos 9 plies ago,-3,-2
leaky,9000,20261001-43-NbWz,28,pos 9 plies ago,-3,-1
leaky,9000,20261001-43-NbWz,28,pos 9 plies ago,-3,0
leaky,9000,20261001-43-NbWz,28,pos 9 plies ago,-3,1
leaky,9000,20261001-43-NbWz,28,pos 9 plies ago,-3,2
leaky,9000,20261001-43-NbWz,28,pos 9 plies ago,-3,3
leaky,9000,20261001-43-NbWz,28,pos 9 plies ago,-2,-3
leaky,9000,20261001-43-NbWz,28,pos 9 plies ago,-2,-2
leaky,9000,20261001-43-NbWz,28,pos 9 plies ago,-2,-1
leaky,9000,20261001-43-NbWz,28,pos 9 plies ago,-2,0
leaky,9000,20261001-43-NbWz,28,pos 9 plies ago,-2,1
leaky,9000,20261001-43-NbWz,28,pos 9 plies ago,-2,2
leaky,9000,20261001-43-NbWz,28,pos 9 plies ago,-2,3
leaky,9000,20261001-43-NbWz,28,pos 9 plies ago,-1,-3
leaky,9000,20261001-43-NbWz,28,pos 9 plies ago,-1,-2
leaky,9000,20261001-43-NbWz,28,pos 9 plies ago,-1,-1
leaky,9000,20261001-43-NbWz,28,pos 9 plies ago,-1,0
leaky,9000,20261001-43-NbWz,28,pos 9 plies ago,-1,1
leaky,9000,20261001-43-NbWz,28,pos 9 plies ago,-1,2
leaky,9000,20261001-43-NbWz,28,pos 9 plies ago,-1,3
leaky,9000,20261001-43-NbWz,28,pos 9 plies ago,0,-3
leaky,9000,20261001-43-NbWz,28,pos 9 plies ago,0,-2
leaky,9000,20261001-43-NbWz,28,pos 9 plies ago,0,-1
leaky,9000,20261001-43-NbWz,28,pos 9 plies ago,0,0
leaky,9000,20261001-43-NbWz,28,pos 9 plies ago,0,1
leaky,9000,20261001-43-NbWz,28,pos 9 plies ago,0,2
leaky,9000,20261001-43-NbWz,28,pos 9 plies ago,0,3
leaky,9000,20261001-43-NbWz,28,pos 9 plies ago,1,-3
leaky,9000,20261001-43-NbWz,28,pos 9 plies ago,1,-2
leaky,9000,20261001-43-NbWz,28,pos 9 plies ago,1,-1
leaky,9000,20261001-43-NbWz,28,pos 9 plies ago,1,0
leaky,9000,20261001-43-NbWz,28,pos 9 plies ago,1,1
leaky,9000,20261001-43-NbWz,28,pos 9 plies ago,1,2
leaky,9000,20261001-43-NbWz,28,pos 9 plies ago,1,3
leaky,9000,20261001-43-NbWz,28,pos 9 plies ago,2,-3
leaky,9000,20261001-43-NbWz,28,pos 9 plies ago,2,-2
leaky,9000,20261001-43-NbWz,28,pos 9 plies ago,2,-1
leaky,9000,20261001-43-NbWz,28,pos 9 plies ago,2,0
leaky,9000,20261001-43-NbWz,28,pos 9 plies ago,2,1
leaky,9000,20261001-43-NbWz,28,pos 9 plies ago,2,2
leaky,9000,20261001-43-NbWz,28,pos 9 plies ago,2,3
leaky,9000,20261001-43-NbWz,28,pos 9 plies ago,3,-3
leaky,9000,20261001-43-NbWz,28,pos 9 plies ago,3,-2
leaky,9000,20261001-43-NbWz,28,pos 9 plies ago,3,-1
leaky,9000,20261001-43-NbWz,28,pos 9 plies ago,3,0
leaky,9000,20261001-43-NbWz,28,pos 9 plies ago,3,1
leaky,9000,20261001-43-NbWz,28,pos 9 plies ago,3,2
leaky,9000,20261001-43-NbWz,28,pos 9 plies ago,3,3
leaky,10000,20261001-43-NbWz,16,en passant,3,-3
leaky,10000,20261001-43-NbWz,16,en passant,3,-2
leaky,10000,20261001-43-NbWz,16,en passant,3,-1
leaky,10000,20261001-43-NbWz,16,en passant,3,0
leaky,10000,20261001-43-NbWz,16,en passant,3,1
leaky,10000,20261001-43-NbWz,16,en passant,3,2
leaky,10000,20261001-43-NbWz,16,en passant,3,3
leaky,10000,20261001-43-NbWz,19,rep >=2 before,-3,-3
leaky,10000,20261001-43-NbWz,19,rep >=2 before,-3,-2
leaky,10000,20261001-43-NbWz,19,rep >=2 before,-3,-1
leaky,10000,20261001-43-NbWz,19,rep >=2 before,-3,0
leaky,10000,20261001-43-NbWz,19,rep >=2 before,-3,1
leaky,10000,20261001-43-NbWz,19,rep >=2 before,-3,2
leaky,10000,20261001-43-NbWz,19,rep >=2 before,-3,3
leaky,10000,20261001-43-NbWz,19,rep >=2 before,-2,-3
leaky,10000,20261001-43-NbWz,19,rep >=2 before,-2,-2
leaky,10000,20261001-43-NbWz,19,rep >=2 before,-2,-1
leaky,10000,20261001-43-NbWz,19,rep >=2 before,-2,0
leaky,10000,20261001-43-NbWz,19,rep >=2 before,-2,1
leaky,10000,20261001-43-NbWz,19,rep >=2 before,-2,2
leaky,10000,20261001-43-NbWz,19,rep >=2 before,-2,3
leaky,10000,20261001-43-NbWz,19,rep >=2 before,-1,-3
leaky,10000,20261001-43-NbWz,19,rep >=2 before,-1,-2
leaky,10000,20261001-43-NbWz,19,rep >=2 before,-1,-1
leaky,10000,20261001-43-NbWz,19,rep >=2 before,-1,0
leaky,10000,20261001-43-NbWz,19,rep >=2 before,-1,1
leaky,10000,20261001-43-NbWz,19,rep >=2 before,-1,2
leaky,10000,20261001-43-NbWz,19,rep >=2 before,-1,3
leaky,10000,20261001-43-NbWz,19,rep >=2 before,0,-3
leaky,10000,20261001-43-NbWz,19,rep >=2 before,0,-2
leaky,10000,20261001-43-NbWz,19,rep >=2 before,0,-1
leaky,10000,20261001-43-NbWz,19,rep >=2 before,0,0
leaky,10000,20261001-43-NbWz,19,rep >=2 before,0,1
leaky,10000,20261001-43-NbWz,19,rep >=2 before,0,2
leaky,10000,20261001-43-NbWz,19,rep >=2 before,0,3
leaky,10000,20261001-43-NbWz,19,rep >=2 before,1,-3
leaky,10000,20261001-43-NbWz,19,rep >=2 before,1,-2
leaky,10000,20261001-43-NbWz,19,rep >=2 before,1,-1
leaky,10000,20261001-43-NbWz,19,rep >=2 before,1,0
leaky,10000,20261001-43-NbWz,19,rep >=2 before,1,1
leaky,10000,20261001-43-NbWz,19,rep >=2 before,1,2
leaky,10000,20261001-43-NbWz,19,rep >=2 before,1,3
leaky,10000,20261001-43-NbWz,19,rep >=2 before,2,-3
leaky,10000,20261001-43-NbWz,19,rep >=2 before,2,-2
leaky,10000,20261001-43-NbWz,19,rep >=2 before,2,-1
leaky,10000,20261001-43-NbWz,19,rep >=2 before,2,0
leaky,10000,20261001-43-NbWz,19,rep >=2 before,2,1
leaky,10000,20261001-43-NbWz,19,rep >=2 before,2,2
leaky,10000,20261001-43-NbWz,19,rep >=2 before,2,3
leaky,10000,20261001-43-NbWz,19,rep >=2 before,3,-3
leaky,10000,20261001-43-NbWz,19,rep >=2 before,3,-2
leaky,10000,20261001-43-NbWz,19,rep >=2 before,3,-1
leaky,10000,20261001-43-NbWz,19,rep >=2 before,3,0
leaky,10000,20261001-43-NbWz,19,rep >=2 before,3,1
leaky,10000,20261001-43-NbWz,19,rep >=2 before,3,2
leaky,10000,20261001-43-NbWz,19,rep >=2 before,3,3
leaky,10000,20261001-43-NbWz,20,pos 1 plies ago,-3,-3
leaky,10000,20261001-43-NbWz,20,pos 1 plies ago,-3,-2
leaky,10000,20261001-43-NbWz,20,pos 1 plies ago,-3,-1
leaky,10000,20261001-43-NbWz,20,pos 1 plies ago,-3,0
leaky,10000,20261001-43-NbWz,20,pos 1 plies ago,-3,1
leaky,10000,20261001-43-NbWz,20,pos 1 plies ago,-3,2
leaky,10000,20261001-43-NbWz,20,pos 1 plies ago,-3,3
leaky,10000,20261001-43-NbWz,20,pos 1 plies ago,-2,-3
leaky,10000,20261001-43-NbWz,20,pos 1 plies ago,-2,-2
leaky,10000,20261001-43-NbWz,20,pos 1 plies ago,-2,-1
leaky,10000,20261001-43-NbWz,20,pos 1 plies ago,-2,0
leaky,10000,20261001-43-NbWz,20,pos 1 plies ago,-2,1
leaky,10000,20261001-43-NbWz,20,pos 1 plies ago,-2,2
leaky,10000,20261001-43-NbWz,20,pos 1 plies ago,-2,3
leaky,10000,20261001-43-NbWz,20,pos 1 plies ago,-1,-3
leaky,10000,20261001-43-NbWz,20,pos 1 plies ago,-1,-2
leaky,10000,20261001-43-NbWz,20,pos 1 plies ago,-1,-1
leaky,10000,20261001-43-NbWz,20,pos 1 plies ago,-1,0
leaky,10000,20261001-43-NbWz,20,pos 1 plies ago,-1,1
leaky,10000,20261001-43-NbWz,20,pos 1 plies ago,-1,2
leaky,10000,20261001-43-NbWz,20,pos 1 plies ago,-1,3
leaky,10000,20261001-43-NbWz,20,pos 1 plies ago,0,-3
leaky,10000,20261001-43-NbWz,20,pos 1 plies ago,0,-2
leaky,10000,20261001-43-NbWz,20,pos 1 plies ago,0,-1
leaky,10000,20261001-43-NbWz,20,pos 1 plies ago,0,0
leaky,10000,20261001-43-NbWz,20,pos 1 plies ago,0,1
leaky,10000,20261001-43-NbWz,20,pos 1 plies ago,0,2
leaky,10000,20261001-43-NbWz,20,pos 1 plies ago,0,3
leaky,10000,20261001-43-NbWz,20,pos 1 plies ago,1,-3
leaky,10000,20261001-43-NbWz,20,pos 1 plies ago,1,-2
leaky,10000,20261001-43-NbWz,20,pos 1 plies ago,1,-1
leaky,10000,20261001-43-NbWz,20,pos 1 plies ago,1,0
leaky,10000,20261001-43-NbWz,20,pos 1 plies ago,1,1
leaky,10000,20261001-43-NbWz,20,pos 1 plies ago,1,2
leaky,10000,20261001-43-NbWz,20,pos 1 plies ago,1,3
leaky,10000,20261001-43-NbWz,20,pos 1 plies ago,2,-3
leaky,10000,20261001-43-NbWz,20,pos 1 plies ago,2,-2
leaky,10000,20261001-43-NbWz,20,pos 1 plies ago,2,-1
leaky,10000,20261001-43-NbWz,20,pos 1 plies ago,2,0
leaky,10000,20261001-43-NbWz,20,pos 1 plies ago,2,1
leaky,10000,20261001-43-NbWz,20,pos 1 plies ago,2,2
leaky,10000,20261001-43-NbWz,20,pos 1 plies ago,2,3
leaky,10000,20261001-43-NbWz,20,pos 1 plies ago,3,-3
leaky,10000,20261001-43-NbWz,20,pos 1 plies ago,3,-2
leaky,10000,20261001-43-NbWz,20,pos 1 plies ago,3,-1
leaky,10000,20261001-43-NbWz,20,pos 1 plies ago,3,0
leaky,10000,20261001-43-NbWz,20,pos 1 plies ago,3,1
leaky,10000,20261001-43-NbWz,20,pos 1 plies ago,3,2
leaky,10000,20261001-43-NbWz,20,pos 1 plies ago,3,3
leaky,10000,20261001-43-NbWz,21,pos 2 plies ago,-3,-3
leaky,10000,20261001-43-NbWz,21,pos 2 plies ago,-3,-2
leaky,10000,20261001-43-NbWz,21,pos 2 plies ago,-3,-1
leaky,10000,20261001-43-NbWz,21,pos 2 plies ago,-3,0
leaky,10000,20261001-43-NbWz,21,pos 2 plies ago,-3,1
leaky,10000,20261001-43-NbWz,21,pos 2 plies ago,-3,2
leaky,10000,20261001-43-NbWz,21,pos 2 plies ago,-3,3
leaky,10000,20261001-43-NbWz,21,pos 2 plies ago,-2,-3
leaky,10000,20261001-43-NbWz,21,pos 2 plies ago,-2,-2
leaky,10000,20261001-43-NbWz,21,pos 2 plies ago,-2,-1
leaky,10000,20261001-43-NbWz,21,pos 2 plies ago,-2,0
leaky,10000,20261001-43-NbWz,21,pos 2 plies ago,-2,1
leaky,10000,20261001-43-NbWz,21,pos 2 plies ago,-2,2
leaky,10000,20261001-43-NbWz,21,pos 2 plies ago,-2,3
leaky,10000,20261001-43-NbWz,21,pos 2 plies ago,-1,-3
leaky,10000,20261001-43-NbWz,21,pos 2 plies ago,-1,-2
leaky,10000,20261001-43-NbWz,21,pos 2 plies ago,-1,-1
leaky,10000,20261001-43-NbWz,21,pos 2 plies ago,-1,0
leaky,10000,20261001-43-NbWz,21,pos 2 plies ago,-1,1
leaky,10000,20261001-43-NbWz,21,pos 2 plies ago,-1,2
leaky,10000,20261001-43-NbWz,21,pos 2 plies ago,-1,3
leaky,10000,20261001-43-NbWz,21,pos 2 plies ago,0,-3
leaky,10000,20261001-43-NbWz,21,pos 2 plies ago,0,-2
leaky,10000,20261001-43-NbWz,21,pos 2 plies ago,0,-1
leaky,10000,20261001-43-NbWz,21,pos 2 plies ago,0,0
leaky,10000,20261001-43-NbWz,21,pos 2 plies ago,0,1
leaky,10000,20261001-43-NbWz,21,pos 2 plies ago,0,2
leaky,10000,20261001-43-NbWz,21,pos 2 plies ago,0,3
leaky,10000,20261001-43-NbWz,21,pos 2 plies ago,1,-3
leaky,10000,20261001-43-NbWz,21,pos 2 plies ago,1,-2
leaky,10000,20261001-43-NbWz,21,pos 2 plies ago,1,-1
leaky,10000,20261001-43-NbWz,21,pos 2 plies ago,1,0
leaky,10000,20261001-43-NbWz,21,pos 2 plies ago,1,1
leaky,10000,20261001-43-NbWz,21,pos 2 plies ago,1,2
leaky,10000,20261001-43-NbWz,21,pos 2 plies ago,1,3
leaky,10000,20261001-43-NbWz,21,pos 2 plies ago,2,-3
leaky,10000,20261001-43-NbWz,21,pos 2 plies ago,2,-2
leaky,10000,20261001-43-NbWz,21,pos 2 plies ago,2,-1
leaky,10000,20261001-43-NbWz,21,pos 2 plies ago,2,0
leaky,10000,20261001-43-NbWz,21,pos 2 plies ago,2,1
leaky,10000,20261001-43-NbWz,21,pos 2 plies ago,2,2
leaky,10000,20261001-43-NbWz,21,pos 2 plies ago,2,3
leaky,10000,20261001-43-NbWz,21,pos 2 plies ago,3,-3
leaky,10000,20261001-43-NbWz,21,pos 2 plies ago,3,-2
leaky,10000,20261001-43-NbWz,21,pos 2 plies ago,3,-1
leaky,10000,20261001-43-NbWz,21,pos 2 plies ago,3,0
leaky,10000,20261001-43-NbWz,21,pos 2 plies ago,3,1
leaky,10000,20261001-43-NbWz,21,pos 2 plies ago,3,2
leaky,10000,20261001-43-NbWz,21,pos 2 plies ago,3,3
leaky,10000,20261001-43-NbWz,22,pos 3 plies ago,-3,-3
leaky,10000,20261001-43-NbWz,22,pos 3 plies ago,-3,-2
leaky,10000,20261001-43-NbWz,22,pos 3 plies ago,-3,-1
leaky,10000,20261001-43-NbWz,22,pos 3 plies ago,-3,0
leaky,10000,20261001-43-NbWz,22,pos 3 plies ago,-3,1
leaky,10000,20261001-43-NbWz,22,pos 3 plies ago,-3,2
leaky,10000,20261001-43-NbWz,22,pos 3 plies ago,-3,3
leaky,10000,20261001-43-NbWz,22,pos 3 plies ago,-2,-3
leaky,10000,20261001-43-NbWz,22,pos 3 plies ago,-2,-2
leaky,10000,20261001-43-NbWz,22,pos 3 plies ago,-2,-1
leaky,10000,20261001-43-NbWz,22,pos 3 plies ago,-2,0
leaky,10000,20261001-43-NbWz,22,pos 3 plies ago,-2,1
leaky,10000,20261001-43-NbWz,22,pos 3 plies ago,-2,2
leaky,10000,20261001-43-NbWz,22,pos 3 plies ago,-2,3
leaky,10000,20261001-43-NbWz,22,pos 3 plies ago,-1,-3
leaky,10000,20261001-43-NbWz,22,pos 3 plies ago,-1,-2
leaky,10000,20261001-43-NbWz,22,pos 3 plies ago,-1,-1
leaky,10000,20261001-43-NbWz,22,pos 3 plies ago,-1,0
leaky,10000,20261001-43-NbWz,22,pos 3 plies ago,-1,1
leaky,10000,20261001-43-NbWz,22,pos 3 plies ago,-1,2
leaky,10000,20261001-43-NbWz,22,pos 3 plies ago,-1,3
leaky,10000,20261001-43-NbWz,22,pos 3 plies ago,0,-3
leaky,10000,20261001-43-NbWz,22,pos 3 plies ago,0,-2
leaky,10000,20261001-43-NbWz,22,pos 3 plies ago,0,-1
leaky,10000,20261001-43-NbWz,22,pos 3 plies ago,0,0
leaky,10000,20261001-43-NbWz,22,pos 3 plies ago,0,1
leaky,10000,20261001-43-NbWz,22,pos 3 plies ago,0,2
leaky,10000,20261001-43-NbWz,22,pos 3 plies ago,0,3
leaky,10000,20261001-43-NbWz,22,pos 3 plies ago,1,-3
leaky,10000,20261001-43-NbWz,22,pos 3 plies ago,1,-2
leaky,10000,20261001-43-NbWz,22,pos 3 plies ago,1,-1
leaky,10000,20261001-43-NbWz,22,pos 3 plies ago,1,0
leaky,10000,20261001-43-NbWz,22,pos 3 plies ago,1,1
leaky,10000,20261001-43-NbWz,22,pos 3 plies ago,1,2
leaky,10000,20261001-43-NbWz,22,pos 3 plies ago,1,3
leaky,10000,20261001-43-NbWz,22,pos 3 plies ago,2,-3
leaky,10000,20261001-43-NbWz,22,pos 3 plies ago,2,-2
leaky,10000,20261001-43-NbWz,22,pos 3 plies ago,2,-1
leaky,10000,20261001-43-NbWz,22,pos 3 plies ago,2,0
leaky,10000,20261001-43-NbWz,22,pos 3 plies ago,2,1
leaky,10000,20261001-43-NbWz,22,pos 3 plies ago,2,2
leaky,10000,20261001-43-NbWz,22,pos 3 plies ago,2,3
leaky,10000,20261001-43-NbWz,22,pos 3 plies ago,3,-3
leaky,10000,20261001-43-NbWz,22,pos 3 plies ago,3,-2
leaky,10000,20261001-43-NbWz,22,pos 3 plies ago,3,-1
leaky,10000,20261001-43-NbWz,22,pos 3 plies ago,3,0
leaky,10000,20261001-43-NbWz,22,pos 3 plies ago,3,1
leaky,10000,20261001-43-NbWz,22,pos 3 plies ago,3,2
leaky,10000,20261001-43-NbWz,22,pos 3 plies ago,3,3
leaky,10000,20261001-43-NbWz,24,pos 5 plies ago,-3,-3
leaky,10000,20261001-43-NbWz,24,pos 5 plies ago,-3,-2
leaky,10000,20261001-43-NbWz,24,pos 5 plies ago,-3,-1
leaky,10000,20261001-43-NbWz,24,pos 5 plies ago,-3,0
leaky,10000,20261001-43-NbWz,24,pos 5 plies ago,-3,1
leaky,10000,20261001-43-NbWz,24,pos 5 plies ago,-3,2
leaky,10000,20261001-43-NbWz,24,pos 5 plies ago,-3,3
leaky,10000,20261001-43-NbWz,24,pos 5 plies ago,-2,-3
leaky,10000,20261001-43-NbWz,24,pos 5 plies ago,-2,-2
leaky,10000,20261001-43-NbWz,24,pos 5 plies ago,-2,-1
leaky,10000,20261001-43-NbWz,24,pos 5 plies ago,-2,0
leaky,10000,20261001-43-NbWz,24,pos 5 plies ago,-2,1
leaky,10000,20261001-43-NbWz,24,pos 5 plies ago,-2,2
leaky,10000,20261001-43-NbWz,24,pos 5 plies ago,-2,3
leaky,10000,20261001-43-NbWz,24,pos 5 plies ago,-1,-3
leaky,10000,20261001-43-NbWz,24,pos 5 plies ago,-1,-2
leaky,10000,20261001-43-NbWz,24,pos 5 plies ago,-1,-1
leaky,10000,20261001-43-NbWz,24,pos 5 plies ago,-1,0
leaky,10000,20261001-43-NbWz,24,pos 5 plies ago,-1,1
leaky,10000,20261001-43-NbWz,24,pos 5 plies ago,-1,2
leaky,10000,20261001-43-NbWz,24,pos 5 plies ago,-1,3
leaky,10000,20261001-43-NbWz,24,pos 5 plies ago,0,-3
leaky,10000,20261001-43-NbWz,24,pos 5 plies ago,0,-2
leaky,10000,20261001-43-NbWz,24,pos 5 plies ago,0,-1
leaky,10000,20261001-43-NbWz,24,pos 5 plies ago,0,0
leaky,10000,20261001-43-NbWz,24,pos 5 plies ago,0,1
leaky,10000,20261001-43-NbWz,24,pos 5 plies ago,0,2
leaky,10000,20261001-43-NbWz,24,pos 5 plies ago,0,3
leaky,10000,20261001-43-NbWz,24,pos 5 plies ago,1,-3
leaky,10000,20261001-43-NbWz,24,pos 5 plies ago,1,-2
leaky,10000,20261001-43-NbWz,24,pos 5 plies ago,1,-1
leaky,10000,20261001-43-NbWz,24,pos 5 plies ago,1,0
leaky,10000,20261001-43-NbWz,24,pos 5 plies ago,1,1
leaky,10000,20261001-43-NbWz,24,pos 5 plies ago,1,2
leaky,10000,20261001-43-NbWz,24,pos 5 plies ago,1,3
leaky,10000,20261001-43-NbWz,24,pos 5 plies ago,2,-3
leaky,10000,20261001-43-NbWz,24,pos 5 plies ago,2,-2
leaky,10000,20261001-43-NbWz,24,pos 5 plies ago,2,-1
leaky,10000,20261001-43-NbWz,24,pos 5 plies ago,2,0
leaky,10000,20261001-43-NbWz,24,pos 5 plies ago,2,1
leaky,10000,20261001-43-NbWz,24,pos 5 plies ago,2,2
leaky,10000,20261001-43-NbWz,24,pos 5 plies ago,2,3
leaky,10000,20261001-43-NbWz,24,pos 5 plies ago,3,-3
leaky,10000,20261001-43-NbWz,24,pos 5 plies ago,3,-2
leaky,10000,20261001-43-NbWz,24,pos 5 plies ago,3,-1
leaky,10000,20261001-43-NbWz,24,pos 5 plies ago,3,0
leaky,10000,20261001-43-NbWz,24,pos 5 plies ago,3,1
leaky,10000,20261001-43-NbWz,24,pos 5 plies ago,3,2
leaky,10000,20261001-43-NbWz,24,pos 5 plies ago,3,3
leaky,10000,20261001-43-NbWz,26,pos 7 plies ago,-3,-3
leaky,10000,20261001-43-NbWz,26,pos 7 plies ago,-3,-2
leaky,10000,20261001-43-NbWz,26,pos 7 plies ago,-3,-1
leaky,10000,20261001-43-NbWz,26,pos 7 plies ago,-3,0
leaky,10000,20261001-43-NbWz,26,pos 7 plies ago,-3,1
leaky,10000,20261001-43-NbWz,26,pos 7 plies ago,-3,2
leaky,10000,20261001-43-NbWz,26,pos 7 plies ago,-3,3
leaky,10000,20261001-43-NbWz,26,pos 7 plies ago,-2,-3
leaky,10000,20261001-43-NbWz,26,pos 7 plies ago,-2,-2
leaky,10000,20261001-43-NbWz,26,pos 7 plies ago,-2,-1
leaky,10000,20261001-43-NbWz,26,pos 7 plies ago,-2,0
leaky,10000,20261001-43-NbWz,26,pos 7 plies ago,-2,1
leaky,10000,20261001-43-NbWz,26,pos 7 plies ago,-2,2
leaky,10000,20261001-43-NbWz,26,pos 7 plies ago,-2,3
leaky,10000,20261001-43-NbWz,26,pos 7 plies ago,-1,-3
leaky,10000,20261001-43-NbWz,26,pos 7 plies ago,-1,-2
leaky,10000,20261001-43-NbWz,26,pos 7 plies ago,-1,-1
leaky,10000,20261001-43-NbWz,26,pos 7 plies ago,-1,0
leaky,10000,20261001-43-NbWz,26,pos 7 plies ago,-1,1
leaky,10000,20261001-43-NbWz,26,pos 7 plies ago,-1,2
leaky,10000,20261001-43-NbWz,26,pos 7 plies ago,-1,3
leaky,10000,20261001-43-NbWz,26,pos 7 plies ago,0,-3
leaky,10000,20261001-43-NbWz,26,pos 7 plies ago,0,-2
leaky,10000,20261001-43-NbWz,26,pos 7 plies ago,0,-1
leaky,10000,20261001-43-NbWz,26,pos 7 plies ago,0,0
leaky,10000,20261001-43-NbWz,26,pos 7 plies ago,0,1
leaky,10000,20261001-43-NbWz,26,pos 7 plies ago,0,2
leaky,10000,20261001-43-NbWz,26,pos 7 plies ago,0,3
leaky,10000,20261001-43-NbWz,26,pos 7 plies ago,1,-3
leaky,10000,20261001-43-NbWz,26,pos 7 plies ago,1,-2
leaky,10000,20261001-43-NbWz,26,pos 7 plies ago,1,-1
leaky,10000,20261001-43-NbWz,26,pos 7 plies ago,1,0
leaky,10000,20261001-43-NbWz,26,pos 7 plies ago,1,1
leaky,10000,20261001-43-NbWz,26,pos 7 plies ago,1,2
leaky,10000,20261001-43-NbWz,26,pos 7 plies ago,1,3
leaky,10000,20261001-43-NbWz,26,pos 7 plies ago,2,-3
leaky,10000,20261001-43-NbWz,26,pos 7 plies ago,2,-2
leaky,10000,20261001-43-NbWz,26,pos 7 plies ago,2,-1
leaky,10000,20261001-43-NbWz,26,pos 7 plies ago,2,0
leaky,10000,20261001-43-NbWz,26,pos 7 plies ago,2,1
leaky,10000,20261001-43-NbWz,26,pos 7 plies ago,2,2
leaky,10000,20261001-43-NbWz,26,pos 7 plies ago,2,3
leaky,10000,20261001-43-NbWz,26,pos 7 plies ago,3,-3
leaky,10000,20261001-43-NbWz,26,pos 7 plies ago,3,-2
leaky,10000,20261001-43-NbWz,26,pos 7 plies ago,3,-1
leaky,10000,20261001-43-NbWz,26,pos 7 plies ago,3,0
leaky,10000,20261001-43-NbWz,26,pos 7 plies ago,3,1
leaky,10000,20261001-43-NbWz,26,pos 7 plies ago,3,2
leaky,10000,20261001-43-NbWz,26,pos 7 plies ago,3,3
leaky,10000,20261001-43-NbWz,28,pos 9 plies ago,-3,-3
leaky,10000,20261001-43-NbWz,28,pos 9 plies ago,-3,-2
leaky,10000,20261001-43-NbWz,28,pos 9 plies ago,-3,-1
leaky,10000,20261001-43-NbWz,28,pos 9 plies ago,-3,0
leaky,10000,20261001-43-NbWz,28,pos 9 plies ago,-3,1
leaky,10000,20261001-43-NbWz,28,pos 9 plies ago,-3,2
leaky,10000,20261001-43-NbWz,28,pos 9 plies ago,-3,3
leaky,10000,20261001-43-NbWz,28,pos 9 plies ago,-2,-3
leaky,10000,20261001-43-NbWz,28,pos 9 plies ago,-2,-2
leaky,10000,20261001-43-NbWz,28,pos 9 plies ago,-2,-1
leaky,10000,20261001-43-NbWz,28,pos 9 plies ago,-2,0
leaky,10000,20261001-43-NbWz,28,pos 9 plies ago,-2,1
leaky,10000,20261001-43-NbWz,28,pos 9 plies ago,-2,2
leaky,10000,20261001-43-NbWz,28,pos 9 plies ago,-2,3
leaky,10000,20261001-43-NbWz,28,pos 9 plies ago,-1,-3
leaky,10000,20261001-43-NbWz,28,pos 9 plies ago,-1,-2
leaky,10000,20261001-43-NbWz,28,pos 9 plies ago,-1,-1
leaky,10000,20261001-43-NbWz,28,pos 9 plies ago,-1,0
leaky,10000,20261001-43-NbWz,28,pos 9 plies ago,-1,1
leaky,10000,20261001-43-NbWz,28,pos 9 plies ago,-1,2
leaky,10000,20261001-43-NbWz,28,pos 9 plies ago,-1,3
leaky,10000,20261001-43-NbWz,28,pos 9 plies ago,0,-3
leaky,10000,20261001-43-NbWz,28,pos 9 plies ago,0,-2
leaky,10000,20261001-43-NbWz,28,pos 9 plies ago,0,-1
leaky,10000,20261001-43-NbWz,28,pos 9 plies ago,0,0
leaky,10000,20261001-43-NbWz,28,pos 9 plies ago,0,1
leaky,10000,20261001-43-NbWz,28,pos 9 plies ago,0,2
leaky,10000,20261001-43-NbWz,28,pos 9 plies ago,0,3
leaky,10000,20261001-43-NbWz,28,pos 9 plies ago,1,-3
leaky,10000,20261001-43-NbWz,28,pos 9 plies ago,1,-2
leaky,10000,20261001-43-NbWz,28,pos 9 plies ago,1,-1
leaky,10000,20261001-43-NbWz,28,pos 9 plies ago,1,0
leaky,10000,20261001-43-NbWz,28,pos 9 plies ago,1,1
leaky,10000,20261001-43-NbWz,28,pos 9 plies ago,1,2
leaky,10000,20261001-43-NbWz,28,pos 9 plies ago,1,3
leaky,10000,20261001-43-NbWz,28,pos 9 plies ago,2,-3
leaky,10000,20261001-43-NbWz,28,pos 9 plies ago,2,-2
leaky,10000,20261001-43-NbWz,28,pos 9 plies ago,2,-1
leaky,10000,20261001-43-NbWz,28,pos 9 plies ago,2,0
leaky,10000,20261001-43-NbWz,28,pos 9 plies ago,2,1
leaky,10000,20261001-43-NbWz,28,pos 9 plies ago,2,2
leaky,10000,20261001-43-NbWz,28,pos 9 plies ago,2,3
leaky,10000,20261001-43-NbWz,28,pos 9 plies ago,3,-3
leaky,10000,20261001-43-NbWz,28,pos 9 plies ago,3,-2
leaky,10000,20261001-43-NbWz,28,pos 9 plies ago,3,-1
leaky,10000,20261001-43-NbWz,28,pos 9 plies ago,3,0
leaky,10000,20261001-43-NbWz,28,pos 9 plies ago,3,1
leaky,10000,20261001-43-NbWz,28,pos 9 plies ago,3,2
leaky,10000,20261001-43-NbWz,28,pos 9 plies ago,3,3
leaky,11000,20261001-43-NbWz,16,en passant,3,-3
leaky,11000,20261001-43-NbWz,16,en passant,3,-2
leaky,11000,20261001-43-NbWz,16,en passant,3,-1
leaky,11000,20261001-43-NbWz,16,en passant,3,0
leaky,11000,20261001-43-NbWz,16,en passant,3,1
leaky,11000,20261001-43-NbWz,16,en passant,3,2
leaky,11000,20261001-43-NbWz,16,en passant,3,3
leaky,11000,20261001-43-NbWz,19,rep >=2 before,-3,-3
leaky,11000,20261001-43-NbWz,19,rep >=2 before,-3,-2
leaky,11000,20261001-43-NbWz,19,rep >=2 before,-3,-1
leaky,11000,20261001-43-NbWz,19,rep >=2 before,-3,0
leaky,11000,20261001-43-NbWz,19,rep >=2 before,-3,1
leaky,11000,20261001-43-NbWz,19,rep >=2 before,-3,2
leaky,11000,20261001-43-NbWz,19,rep >=2 before,-3,3
leaky,11000,20261001-43-NbWz,19,rep >=2 before,-2,-3
leaky,11000,20261001-43-NbWz,19,rep >=2 before,-2,-2
leaky,11000,20261001-43-NbWz,19,rep >=2 before,-2,-1
leaky,11000,20261001-43-NbWz,19,rep >=2 before,-2,0
leaky,11000,20261001-43-NbWz,19,rep >=2 before,-2,1
leaky,11000,20261001-43-NbWz,19,rep >=2 before,-2,2
leaky,11000,20261001-43-NbWz,19,rep >=2 before,-2,3
leaky,11000,20261001-43-NbWz,19,rep >=2 before,-1,-3
leaky,11000,20261001-43-NbWz,19,rep >=2 before,-1,-2
leaky,11000,20261001-43-NbWz,19,rep >=2 before,-1,-1
leaky,11000,20261001-43-NbWz,19,rep >=2 before,-1,0
leaky,11000,20261001-43-NbWz,19,rep >=2 before,-1,1
leaky,11000,20261001-43-NbWz,19,rep >=2 before,-1,2
leaky,11000,20261001-43-NbWz,19,rep >=2 before,-1,3
leaky,11000,20261001-43-NbWz,19,rep >=2 before,0,-3
leaky,11000,20261001-43-NbWz,19,rep >=2 before,0,-2
leaky,11000,20261001-43-NbWz,19,rep >=2 before,0,-1
leaky,11000,20261001-43-NbWz,19,rep >=2 before,0,0
leaky,11000,20261001-43-NbWz,19,rep >=2 before,0,1
leaky,11000,20261001-43-NbWz,19,rep >=2 before,0,2
leaky,11000,20261001-43-NbWz,19,rep >=2 before,0,3
leaky,11000,20261001-43-NbWz,19,rep >=2 before,1,-3
leaky,11000,20261001-43-NbWz,19,rep >=2 before,1,-2
leaky,11000,20261001-43-NbWz,19,rep >=2 before,1,-1
leaky,11000,20261001-43-NbWz,19,rep >=2 before,1,0
leaky,11000,20261001-43-NbWz,19,rep >=2 before,1,1
leaky,11000,20261001-43-NbWz,19,rep >=2 before,1,2
leaky,11000,20261001-43-NbWz,19,rep >=2 before,1,3
leaky,11000,20261001-43-NbWz,19,rep >=2 before,2,-3
leaky,11000,20261001-43-NbWz,19,rep >=2 before,2,-2
leaky,11000,20261001-43-NbWz,19,rep >=2 before,2,-1
leaky,11000,20261001-43-NbWz,19,rep >=2 before,2,0
leaky,11000,20261001-43-NbWz,19,rep >=2 before,2,1
leaky,11000,20261001-43-NbWz,19,rep >=2 before,2,2
leaky,11000,20261001-43-NbWz,19,rep >=2 before,2,3
leaky,11000,20261001-43-NbWz,19,rep >=2 before,3,-3
leaky,11000,20261001-43-NbWz,19,rep >=2 before,3,-2
leaky,11000,20261001-43-NbWz,19,rep >=2 before,3,-1
leaky,11000,20261001-43-NbWz,19,rep >=2 before,3,0
leaky,11000,20261001-43-NbWz,19,rep >=2 before,3,1
leaky,11000,20261001-43-NbWz,19,rep >=2 before,3,2
leaky,11000,20261001-43-NbWz,19,rep >=2 before,3,3
leaky,11000,20261001-43-NbWz,20,pos 1 plies ago,-3,-3
leaky,11000,20261001-43-NbWz,20,pos 1 plies ago,-3,-2
leaky,11000,20261001-43-NbWz,20,pos 1 plies ago,-3,-1
leaky,11000,20261001-43-NbWz,20,pos 1 plies ago,-3,0
leaky,11000,20261001-43-NbWz,20,pos 1 plies ago,-3,1
leaky,11000,20261001-43-NbWz,20,pos 1 plies ago,-3,2
leaky,11000,20261001-43-NbWz,20,pos 1 plies ago,-3,3
leaky,11000,20261001-43-NbWz,20,pos 1 plies ago,-2,-3
leaky,11000,20261001-43-NbWz,20,pos 1 plies ago,-2,-2
leaky,11000,20261001-43-NbWz,20,pos 1 plies ago,-2,-1
leaky,11000,20261001-43-NbWz,20,pos 1 plies ago,-2,0
leaky,11000,20261001-43-NbWz,20,pos 1 plies ago,-2,1
leaky,11000,20261001-43-NbWz,20,pos 1 plies ago,-2,2
leaky,11000,20261001-43-NbWz,20,pos 1 plies ago,-2,3
leaky,11000,20261001-43-NbWz,20,pos 1 plies ago,-1,-3
leaky,11000,20261001-43-NbWz,20,pos 1 plies ago,-1,-2
leaky,11000,20261001-43-NbWz,20,pos 1 plies ago,-1,-1
leaky,11000,20261001-43-NbWz,20,pos 1 plies ago,-1,0
leaky,11000,20261001-43-NbWz,20,pos 1 plies ago,-1,1
leaky,11000,20261001-43-NbWz,20,pos 1 plies ago,-1,2
leaky,11000,20261001-43-NbWz,20,pos 1 plies ago,-1,3
leaky,11000,20261001-43-NbWz,20,pos 1 plies ago,0,-3
leaky,11000,20261001-43-NbWz,20,pos 1 plies ago,0,-2
leaky,11000,20261001-43-NbWz,20,pos 1 plies ago,0,-1
leaky,11000,20261001-43-NbWz,20,pos 1 plies ago,0,0
leaky,11000,20261001-43-NbWz,20,pos 1 plies ago,0,1
leaky,11000,20261001-43-NbWz,20,pos 1 plies ago,0,2
leaky,11000,20261001-43-NbWz,20,pos 1 plies ago,0,3
leaky,11000,20261001-43-NbWz,20,pos 1 plies ago,1,-3
leaky,11000,20261001-43-NbWz,20,pos 1 plies ago,1,-2
leaky,11000,20261001-43-NbWz,20,pos 1 plies ago,1,-1
leaky,11000,20261001-43-NbWz,20,pos 1 plies ago,1,0
leaky,11000,20261001-43-NbWz,20,pos 1 plies ago,1,1
leaky,11000,20261001-43-NbWz,20,pos 1 plies ago,1,2
leaky,11000,20261001-43-NbWz,20,pos 1 plies ago,1,3
leaky,11000,20261001-43-NbWz,20,pos 1 plies ago,2,-3
leaky,11000,20261001-43-NbWz,20,pos 1 plies ago,2,-2
leaky,11000,20261001-43-NbWz,20,pos 1 plies ago,2,-1
leaky,11000,20261001-43-NbWz,20,pos 1 plies ago,2,0
leaky,11000,20261001-43-NbWz,20,pos 1 plies ago,2,1
leaky,11000,20261001-43-NbWz,20,pos 1 plies ago,2,2
leaky,11000,20261001-43-NbWz,20,pos 1 plies ago,2,3
leaky,11000,20261001-43-NbWz,20,pos 1 plies ago,3,-3
leaky,11000,20261001-43-NbWz,20,pos 1 plies ago,3,-2
leaky,11000,20261001-43-NbWz,20,pos 1 plies ago,3,-1
leaky,11000,20261001-43-NbWz,20,pos 1 plies ago,3,0
leaky,11000,20261001-43-NbWz,20,pos 1 plies ago,3,1
leaky,11000,20261001-43-NbWz,20,pos 1 plies ago,3,2
leaky,11000,20261001-43-NbWz,20,pos 1 plies ago,3,3
leaky,11000,20261001-43-NbWz,21,pos 2 plies ago,-3,-3
leaky,11000,20261001-43-NbWz,21,pos 2 plies ago,-3,-2
leaky,11000,20261001-43-NbWz,21,pos 2 plies ago,-3,-1
leaky,11000,20261001-43-NbWz,21,pos 2 plies ago,-3,0
leaky,11000,20261001-43-NbWz,21,pos 2 plies ago,-3,1
leaky,11000,20261001-43-NbWz,21,pos 2 plies ago,-3,2
leaky,11000,20261001-43-NbWz,21,pos 2 plies ago,-3,3
leaky,11000,20261001-43-NbWz,21,pos 2 plies ago,-2,-3
leaky,11000,20261001-43-NbWz,21,pos 2 plies ago,-2,-2
leaky,11000,20261001-43-NbWz,21,pos 2 plies ago,-2,-1
leaky,11000,20261001-43-NbWz,21,pos 2 plies ago,-2,0
leaky,11000,20261001-43-NbWz,21,pos 2 plies ago,-2,1
leaky,11000,20261001-43-NbWz,21,pos 2 plies ago,-2,2
leaky,11000,20261001-43-NbWz,21,pos 2 plies ago,-2,3
leaky,11000,20261001-43-NbWz,21,pos 2 plies ago,-1,-3
leaky,11000,20261001-43-NbWz,21,pos 2 plies ago,-1,-2
leaky,11000,20261001-43-NbWz,21,pos 2 plies ago,-1,-1
leaky,11000,20261001-43-NbWz,21,pos 2 plies ago,-1,0
leaky,11000,20261001-43-NbWz,21,pos 2 plies ago,-1,1
leaky,11000,20261001-43-NbWz,21,pos 2 plies ago,-1,2
leaky,11000,20261001-43-NbWz,21,pos 2 plies ago,-1,3
leaky,11000,20261001-43-NbWz,21,pos 2 plies ago,0,-3
leaky,11000,20261001-43-NbWz,21,pos 2 plies ago,0,-2
leaky,11000,20261001-43-NbWz,21,pos 2 plies ago,0,-1
leaky,11000,20261001-43-NbWz,21,pos 2 plies ago,0,0
leaky,11000,20261001-43-NbWz,21,pos 2 plies ago,0,1
leaky,11000,20261001-43-NbWz,21,pos 2 plies ago,0,2
leaky,11000,20261001-43-NbWz,21,pos 2 plies ago,0,3
leaky,11000,20261001-43-NbWz,21,pos 2 plies ago,1,-3
leaky,11000,20261001-43-NbWz,21,pos 2 plies ago,1,-2
leaky,11000,20261001-43-NbWz,21,pos 2 plies ago,1,-1
leaky,11000,20261001-43-NbWz,21,pos 2 plies ago,1,0
leaky,11000,20261001-43-NbWz,21,pos 2 plies ago,1,1
leaky,11000,20261001-43-NbWz,21,pos 2 plies ago,1,2
leaky,11000,20261001-43-NbWz,21,pos 2 plies ago,1,3
leaky,11000,20261001-43-NbWz,21,pos 2 plies ago,2,-3
leaky,11000,20261001-43-NbWz,21,pos 2 plies ago,2,-2
leaky,11000,20261001-43-NbWz,21,pos 2 plies ago,2,-1
leaky,11000,20261001-43-NbWz,21,pos 2 plies ago,2,0
leaky,11000,20261001-43-NbWz,21,pos 2 plies ago,2,1
leaky,11000,20261001-43-NbWz,21,pos 2 plies ago,2,2
leaky,11000,20261001-43-NbWz,21,pos 2 plies ago,2,3
leaky,11000,20261001-43-NbWz,21,pos 2 plies ago,3,-3
leaky,11000,20261001-43-NbWz,21,pos 2 plies ago,3,-2
leaky,11000,20261001-43-NbWz,21,pos 2 plies ago,3,-1
leaky,11000,20261001-43-NbWz,21,pos 2 plies ago,3,0
leaky,11000,20261001-43-NbWz,21,pos 2 plies ago,3,1
leaky,11000,20261001-43-NbWz,21,pos 2 plies ago,3,2
leaky,11000,20261001-43-NbWz,21,pos 2 plies ago,3,3
leaky,11000,20261001-43-NbWz,22,pos 3 plies ago,-3,-3
leaky,11000,20261001-43-NbWz,22,pos 3 plies ago,-3,-2
leaky,11000,20261001-43-NbWz,22,pos 3 plies ago,-3,-1
leaky,11000,20261001-43-NbWz,22,pos 3 plies ago,-3,0
leaky,11000,20261001-43-NbWz,22,pos 3 plies ago,-3,1
leaky,11000,20261001-43-NbWz,22,pos 3 plies ago,-3,2
leaky,11000,20261001-43-NbWz,22,pos 3 plies ago,-3,3
leaky,11000,20261001-43-NbWz,22,pos 3 plies ago,-2,-3
leaky,11000,20261001-43-NbWz,22,pos 3 plies ago,-2,-2
leaky,11000,20261001-43-NbWz,22,pos 3 plies ago,-2,-1
leaky,11000,20261001-43-NbWz,22,pos 3 plies ago,-2,0
leaky,11000,20261001-43-NbWz,22,pos 3 plies ago,-2,1
leaky,11000,20261001-43-NbWz,22,pos 3 plies ago,-2,2
leaky,11000,20261001-43-NbWz,22,pos 3 plies ago,-2,3
leaky,11000,20261001-43-NbWz,22,pos 3 plies ago,-1,-3
leaky,11000,20261001-43-NbWz,22,pos 3 plies ago,-1,-2
leaky,11000,20261001-43-NbWz,22,pos 3 plies ago,-1,-1
leaky,11000,20261001-43-NbWz,22,pos 3 plies ago,-1,0
leaky,11000,20261001-43-NbWz,22,pos 3 plies ago,-1,1
leaky,11000,20261001-43-NbWz,22,pos 3 plies ago,-1,2
leaky,11000,20261001-43-NbWz,22,pos 3 plies ago,-1,3
leaky,11000,20261001-43-NbWz,22,pos 3 plies ago,0,-3
leaky,11000,20261001-43-NbWz,22,pos 3 plies ago,0,-2
leaky,11000,20261001-43-NbWz,22,pos 3 plies ago,0,-1
leaky,11000,20261001-43-NbWz,22,pos 3 plies ago,0,0
leaky,11000,20261001-43-NbWz,22,pos 3 plies ago,0,1
leaky,11000,20261001-43-NbWz,22,pos 3 plies ago,0,2
leaky,11000,20261001-43-NbWz,22,pos 3 plies ago,0,3
leaky,11000,20261001-43-NbWz,22,pos 3 plies ago,1,-3
leaky,11000,20261001-43-NbWz,22,pos 3 plies ago,1,-2
leaky,11000,20261001-43-NbWz,22,pos 3 plies ago,1,-1
leaky,11000,20261001-43-NbWz,22,pos 3 plies ago,1,0
leaky,11000,20261001-43-NbWz,22,pos 3 plies ago,1,1
leaky,11000,20261001-43-NbWz,22,pos 3 plies ago,1,2
leaky,11000,20261001-43-NbWz,22,pos 3 plies ago,1,3
leaky,11000,20261001-43-NbWz,22,pos 3 plies ago,2,-3
leaky,11000,20261001-43-NbWz,22,pos 3 plies ago,2,-2
leaky,11000,20261001-43-NbWz,22,pos 3 plies ago,2,-1
leaky,11000,20261001-43-NbWz,22,pos 3 plies ago,2,0
leaky,11000,20261001-43-NbWz,22,pos 3 plies ago,2,1
leaky,11000,20261001-43-NbWz,22,pos 3 plies ago,2,2
leaky,11000,20261001-43-NbWz,22,pos 3 plies ago,2,3
leaky,11000,20261001-43-NbWz,22,pos 3 plies ago,3,-3
leaky,11000,20261001-43-NbWz,22,pos 3 plies ago,3,-2
leaky,11000,20261001-43-NbWz,22,pos 3 plies ago,3,-1
leaky,11000,20261001-43-NbWz,22,pos 3 plies ago,3,0
leaky,11000,20261001-43-NbWz,22,pos 3 plies ago,3,1
leaky,11000,20261001-43-NbWz,22,pos 3 plies ago,3,2
leaky,11000,20261001-43-NbWz,22,pos 3 plies ago,3,3
leaky,11000,20261001-43-NbWz,24,pos 5 plies ago,-3,-3
leaky,11000,20261001-43-NbWz,24,pos 5 plies ago,-3,-2
leaky,11000,20261001-43-NbWz,24,pos 5 plies ago,-3,-1
leaky,11000,20261001-43-NbWz,24,pos 5 plies ago,-3,0
leaky,11000,20261001-43-NbWz,24,pos 5 plies ago,-3,1
leaky,11000,20261001-43-NbWz,24,pos 5 plies ago,-3,2
leaky,11000,20261001-43-NbWz,24,pos 5 plies ago,-3,3
leaky,11000,20261001-43-NbWz,24,pos 5 plies ago,-2,-3
leaky,11000,20261001-43-NbWz,24,pos 5 plies ago,-2,-2
leaky,11000,20261001-43-NbWz,24,pos 5 plies ago,-2,-1
leaky,11000,20261001-43-NbWz,24,pos 5 plies ago,-2,0
leaky,11000,20261001-43-NbWz,24,pos 5 plies ago,-2,1
leaky,11000,20261001-43-NbWz,24,pos 5 plies ago,-2,2
leaky,11000,20261001-43-NbWz,24,pos 5 plies ago,-2,3
leaky,11000,20261001-43-NbWz,24,pos 5 plies ago,-1,-3
leaky,11000,20261001-43-NbWz,24,pos 5 plies ago,-1,-2
leaky,11000,20261001-43-NbWz,24,pos 5 plies ago,-1,-1
leaky,11000,20261001-43-NbWz,24,pos 5 plies ago,-1,0
leaky,11000,20261001-43-NbWz,24,pos 5 plies ago,-1,1
leaky,11000,20261001-43-NbWz,24,pos 5 plies ago,-1,2
leaky,11000,20261001-43-NbWz,24,pos 5 plies ago,-1,3
leaky,11000,20261001-43-NbWz,24,pos 5 plies ago,0,-3
leaky,11000,20261001-43-NbWz,24,pos 5 plies ago,0,-2
leaky,11000,20261001-43-NbWz,24,pos 5 plies ago,0,-1
leaky,11000,20261001-43-NbWz,24,pos 5 plies ago,0,0
leaky,11000,20261001-43-NbWz,24,pos 5 plies ago,0,1
leaky,11000,20261001-43-NbWz,24,pos 5 plies ago,0,2
leaky,11000,20261001-43-NbWz,24,pos 5 plies ago,0,3
leaky,11000,20261001-43-NbWz,24,pos 5 plies ago,1,-3
leaky,11000,20261001-43-NbWz,24,pos 5 plies ago,1,-2
leaky,11000,20261001-43-NbWz,24,pos 5 plies ago,1,-1
leaky,11000,20261001-43-NbWz,24,pos 5 plies ago,1,0
leaky,11000,20261001-43-NbWz,24,pos 5 plies ago,1,1
leaky,11000,20261001-43-NbWz,24,pos 5 plies ago,1,2
leaky,11000,20261001-43-NbWz,24,pos 5 plies ago,1,3
leaky,11000,20261001-43-NbWz,24,pos 5 plies ago,2,-3
leaky,11000,20261001-43-NbWz,24,pos 5 plies ago,2,-2
leaky,11000,20261001-43-NbWz,24,pos 5 plies ago,2,-1
leaky,11000,20261001-43-NbWz,24,pos 5 plies ago,2,0
leaky,11000,20261001-43-NbWz,24,pos 5 plies ago,2,1
leaky,11000,20261001-43-NbWz,24,pos 5 plies ago,2,2
leaky,11000,20261001-43-NbWz,24,pos 5 plies ago,2,3
leaky,11000,20261001-43-NbWz,24,pos 5 plies ago,3,-3
leaky,11000,20261001-43-NbWz,24,pos 5 plies ago,3,-2
leaky,11000,20261001-43-NbWz,24,pos 5 plies ago,3,-1
leaky,11000,20261001-43-NbWz,24,pos 5 plies ago,3,0
leaky,11000,20261001-43-NbWz,24,pos 5 plies ago,3,1
leaky,11000,20261001-43-NbWz,24,pos 5 plies ago,3,2
leaky,11000,20261001-43-NbWz,24,pos 5 plies ago,3,3
leaky,11000,20261001-43-NbWz,26,pos 7 plies ago,-3,-3
leaky,11000,20261001-43-NbWz,26,pos 7 plies ago,-3,-2
leaky,11000,20261001-43-NbWz,26,pos 7 plies ago,-3,-1
leaky,11000,20261001-43-NbWz,26,pos 7 plies ago,-3,0
leaky,11000,20261001-43-NbWz,26,pos 7 plies ago,-3,1
leaky,11000,20261001-43-NbWz,26,pos 7 plies ago,-3,2
leaky,11000,20261001-43-NbWz,26,pos 7 plies ago,-3,3
leaky,11000,20261001-43-NbWz,26,pos 7 plies ago,-2,-3
leaky,11000,20261001-43-NbWz,26,pos 7 plies ago,-2,-2
leaky,11000,20261001-43-NbWz,26,pos 7 plies ago,-2,-1
leaky,11000,20261001-43-NbWz,26,pos 7 plies ago,-2,0
leaky,11000,20261001-43-NbWz,26,pos 7 plies ago,-2,1
leaky,11000,20261001-43-NbWz,26,pos 7 plies ago,-2,2
leaky,11000,20261001-43-NbWz,26,pos 7 plies ago,-2,3
leaky,11000,20261001-43-NbWz,26,pos 7 plies ago,-1,-3
leaky,11000,20261001-43-NbWz,26,pos 7 plies ago,-1,-2
leaky,11000,20261001-43-NbWz,26,pos 7 plies ago,-1,-1
leaky,11000,20261001-43-NbWz,26,pos 7 plies ago,-1,0
leaky,11000,20261001-43-NbWz,26,pos 7 plies ago,-1,1
leaky,11000,20261001-43-NbWz,26,pos 7 plies ago,-1,2
leaky,11000,20261001-43-NbWz,26,pos 7 plies ago,-1,3
leaky,11000,20261001-43-NbWz,26,pos 7 plies ago,0,-3
leaky,11000,20261001-43-NbWz,26,pos 7 plies ago,0,-2
leaky,11000,20261001-43-NbWz,26,pos 7 plies ago,0,-1
leaky,11000,20261001-43-NbWz,26,pos 7 plies ago,0,0
leaky,11000,20261001-43-NbWz,26,pos 7 plies ago,0,1
leaky,11000,20261001-43-NbWz,26,pos 7 plies ago,0,2
leaky,11000,20261001-43-NbWz,26,pos 7 plies ago,0,3
leaky,11000,20261001-43-NbWz,26,pos 7 plies ago,1,-3
leaky,11000,20261001-43-NbWz,26,pos 7 plies ago,1,-2
leaky,11000,20261001-43-NbWz,26,pos 7 plies ago,1,-1
leaky,11000,20261001-43-NbWz,26,pos 7 plies ago,1,0
leaky,11000,20261001-43-NbWz,26,pos 7 plies ago,1,1
leaky,11000,20261001-43-NbWz,26,pos 7 plies ago,1,2
leaky,11000,20261001-43-NbWz,26,pos 7 plies ago,1,3
leaky,11000,20261001-43-NbWz,26,pos 7 plies ago,2,-3
leaky,11000,20261001-43-NbWz,26,pos 7 plies ago,2,-2
leaky,11000,20261001-43-NbWz,26,pos 7 plies ago,2,-1
leaky,11000,20261001-43-NbWz,26,pos 7 plies ago,2,0
leaky,11000,20261001-43-NbWz,26,pos 7 plies ago,2,1
leaky,11000,20261001-43-NbWz,26,pos 7 plies ago,2,2
leaky,11000,20261001-43-NbWz,26,pos 7 plies ago,2,3
leaky,11000,20261001-43-NbWz,26,pos 7 plies ago,3,-3
leaky,11000,20261001-43-NbWz,26,pos 7 plies ago,3,-2
leaky,11000,20261001-43-NbWz,26,pos 7 plies ago,3,-1
leaky,11000,20261001-43-NbWz,26,pos 7 plies ago,3,0
leaky,11000,20261001-43-NbWz,26,pos 7 plies ago,3,1
leaky,11000,20261001-43-NbWz,26,pos 7 plies ago,3,2
leaky,11000,20261001-43-NbWz,26,pos 7 plies ago,3,3
leaky,11000,20261001-43-NbWz,28,pos 9 plies ago,-3,-3
leaky,11000,20261001-43-NbWz,28,pos 9 plies ago,-3,-2
leaky,11000,20261001-43-NbWz,28,pos 9 plies ago,-3,-1
leaky,11000,20261001-43-NbWz,28,pos 9 plies ago,-3,0
leaky,11000,20261001-43-NbWz,28,pos 9 plies ago,-3,1
leaky,11000,20261001-43-NbWz,28,pos 9 plies ago,-3,2
leaky,11000,20261001-43-NbWz,28,pos 9 plies ago,-3,3
leaky,11000,20261001-43-NbWz,28,pos 9 plies ago,-2,-3
leaky,11000,20261001-43-NbWz,28,pos 9 plies ago,-2,-2
leaky,11000,20261001-43-NbWz,28,pos 9 plies ago,-2,-1
leaky,11000,20261001-43-NbWz,28,pos 9 plies ago,-2,0
leaky,11000,20261001-43-NbWz,28,pos 9 plies ago,-2,1
leaky,11000,20261001-43-NbWz,28,pos 9 plies ago,-2,2
leaky,11000,20261001-43-NbWz,28,pos 9 plies ago,-2,3
leaky,11000,20261001-43-NbWz,28,pos 9 plies ago,-1,-3
leaky,11000,20261001-43-NbWz,28,pos 9 plies ago,-1,-2
leaky,11000,20261001-43-NbWz,28,pos 9 plies ago,-1,-1
leaky,11000,20261001-43-NbWz,28,pos 9 plies ago,-1,0
leaky,11000,20261001-43-NbWz,28,pos 9 plies ago,-1,1
leaky,11000,20261001-43-NbWz,28,pos 9 plies ago,-1,2
leaky,11000,20261001-43-NbWz,28,pos 9 plies ago,-1,3
leaky,11000,20261001-43-NbWz,28,pos 9 plies ago,0,-3
leaky,11000,20261001-43-NbWz,28,pos 9 plies ago,0,-2
leaky,11000,20261001-43-NbWz,28,pos 9 plies ago,0,-1
leaky,11000,20261001-43-NbWz,28,pos 9 plies ago,0,0
leaky,11000,20261001-43-NbWz,28,pos 9 plies ago,0,1
leaky,11000,20261001-43-NbWz,28,pos 9 plies ago,0,2
leaky,11000,20261001-43-NbWz,28,pos 9 plies ago,0,3
leaky,11000,20261001-43-NbWz,28,pos 9 plies ago,1,-3
leaky,11000,20261001-43-NbWz,28,pos 9 plies ago,1,-2
leaky,11000,20261001-43-NbWz,28,pos 9 plies ago,1,-1
leaky,11000,20261001-43-NbWz,28,pos 9 plies ago,1,0
leaky,11000,20261001-43-NbWz,28,pos 9 plies ago,1,1
leaky,11000,20261001-43-NbWz,28,pos 9 plies ago,1,2
leaky,11000,20261001-43-NbWz,28,pos 9 plies ago,1,3
leaky,11000,20261001-43-NbWz,28,pos 9 plies ago,2,-3
leaky,11000,20261001-43-NbWz,28,pos 9 plies ago,2,-2
leaky,11000,20261001-43-NbWz,28,pos 9 plies ago,2,-1
leaky,11000,20261001-43-NbWz,28,pos 9 plies ago,2,0
leaky,11000,20261001-43-NbWz,28,pos 9 plies ago,2,1
leaky,11000,20261001-43-NbWz,28,pos 9 plies ago,2,2
leaky,11000,20261001-43-NbWz,28,pos 9 plies ago,2,3
leaky,11000,20261001-43-NbWz,28,pos 9 plies ago,3,-3
leaky,11000,20261001-43-NbWz,28,pos 9 plies ago,3,-2
leaky,11000,20261001-43-NbWz,28,pos 9 plies ago,3,-1
leaky,11000,20261001-43-NbWz,28,pos 9 plies ago,3,0
leaky,11000,20261001-43-NbWz,28,pos 9 plies ago,3,1
leaky,11000,20261001-43-NbWz,28,pos 9 plies ago,3,2
leaky,11000,20261001-43-NbWz,28,pos 9 plies ago,3,3
leaky,12000,20261001-43-NbWz,16,en passant,3,-3
leaky,12000,20261001-43-NbWz,16,en passant,3,-2
leaky,12000,20261001-43-NbWz,16,en passant,3,-1
leaky,12000,20261001-43-NbWz,16,en passant,3,0
leaky,12000,20261001-43-NbWz,16,en passant,3,1
leaky,12000,20261001-43-NbWz,16,en passant,3,2
leaky,12000,20261001-43-NbWz,16,en passant,3,3
leaky,12000,20261001-43-NbWz,19,rep >=2 before,-3,-3
leaky,12000,20261001-43-NbWz,19,rep >=2 before,-3,-2
leaky,12000,20261001-43-NbWz,19,rep >=2 before,-3,-1
leaky,12000,20261001-43-NbWz,19,rep >=2 before,-3,0
leaky,12000,20261001-43-NbWz,19,rep >=2 before,-3,1
leaky,12000,20261001-43-NbWz,19,rep >=2 before,-3,2
leaky,12000,20261001-43-NbWz,19,rep >=2 before,-3,3
leaky,12000,20261001-43-NbWz,19,rep >=2 before,-2,-3
leaky,12000,20261001-43-NbWz,19,rep >=2 before,-2,-2
leaky,12000,20261001-43-NbWz,19,rep >=2 before,-2,-1
leaky,12000,20261001-43-NbWz,19,rep >=2 before,-2,0
leaky,12000,20261001-43-NbWz,19,rep >=2 before,-2,1
leaky,12000,20261001-43-NbWz,19,rep >=2 before,-2,2
leaky,12000,20261001-43-NbWz,19,rep >=2 before,-2,3
leaky,12000,20261001-43-NbWz,19,rep >=2 before,-1,-3
leaky,12000,20261001-43-NbWz,19,rep >=2 before,-1,-2
leaky,12000,20261001-43-NbWz,19,rep >=2 before,-1,-1
leaky,12000,20261001-43-NbWz,19,rep >=2 before,-1,0
leaky,12000,20261001-43-NbWz,19,rep >=2 before,-1,1
leaky,12000,20261001-43-NbWz,19,rep >=2 before,-1,2
leaky,12000,20261001-43-NbWz,19,rep >=2 before,-1,3
leaky,12000,20261001-43-NbWz,19,rep >=2 before,0,-3
leaky,12000,20261001-43-NbWz,19,rep >=2 before,0,-2
leaky,12000,20261001-43-NbWz,19,rep >=2 before,0,-1
leaky,12000,20261001-43-NbWz,19,rep >=2 before,0,0
leaky,12000,20261001-43-NbWz,19,rep >=2 before,0,1
leaky,12000,20261001-43-NbWz,19,rep >=2 before,0,2
leaky,12000,20261001-43-NbWz,19,rep >=2 before,0,3
leaky,12000,20261001-43-NbWz,19,rep >=2 before,1,-3
leaky,12000,20261001-43-NbWz,19,rep >=2 before,1,-2
leaky,12000,20261001-43-NbWz,19,rep >=2 before,1,-1
leaky,12000,20261001-43-NbWz,19,rep >=2 before,1,0
leaky,12000,20261001-43-NbWz,19,rep >=2 before,1,1
leaky,12000,20261001-43-NbWz,19,rep >=2 before,1,2
leaky,12000,20261001-43-NbWz,19,rep >=2 before,1,3
leaky,12000,20261001-43-NbWz,19,rep >=2 before,2,-3
leaky,12000,20261001-43-NbWz,19,rep >=2 before,2,-2
leaky,12000,20261001-43-NbWz,19,rep >=2 before,2,-1
leaky,12000,20261001-43-NbWz,19,rep >=2 before,2,0
leaky,12000,20261001-43-NbWz,19,rep >=2 before,2,1
leaky,12000,20261001-43-NbWz,19,rep >=2 before,2,2
leaky,12000,20261001-43-NbWz,19,rep >=2 before,2,3
leaky,12000,20261001-43-NbWz,19,rep >=2 before,3,-3
leaky,12000,20261001-43-NbWz,19,rep >=2 before,3,-2
leaky,12000,20261001-43-NbWz,19,rep >=2 before,3,-1
leaky,12000,20261001-43-NbWz,19,rep >=2 before,3,0
leaky,12000,20261001-43-NbWz,19,rep >=2 before,3,1
leaky,12000,20261001-43-NbWz,19,rep >=2 before,3,2
leaky,12000,20261001-43-NbWz,19,rep >=2 before,3,3
leaky,12000,20261001-43-NbWz,20,pos 1 plies ago,-3,-3
leaky,12000,20261001-43-NbWz,20,pos 1 plies ago,-3,-2
leaky,12000,20261001-43-NbWz,20,pos 1 plies ago,-3,-1
leaky,12000,20261001-43-NbWz,20,pos 1 plies ago,-3,0
leaky,12000,20261001-43-NbWz,20,pos 1 plies ago,-3,1
leaky,12000,20261001-43-NbWz,20,pos 1 plies ago,-3,2
leaky,12000,20261001-43-NbWz,20,pos 1 plies ago,-3,3
leaky,12000,20261001-43-NbWz,20,pos 1 plies ago,-2,-3
leaky,12000,20261001-43-NbWz,20,pos 1 plies ago,-2,-2
leaky,12000,20261001-43-NbWz,20,pos 1 plies ago,-2,-1
leaky,12000,20261001-43-NbWz,20,pos 1 plies ago,-2,0
leaky,12000,20261001-43-NbWz,20,pos 1 plies ago,-2,1
leaky,12000,20261001-43-NbWz,20,pos 1 plies ago,-2,2
leaky,12000,20261001-43-NbWz,20,pos 1 plies ago,-2,3
leaky,12000,20261001-43-NbWz,20,pos 1 plies ago,-1,-3
leaky,12000,20261001-43-NbWz,20,pos 1 plies ago,-1,-2
leaky,12000,20261001-43-NbWz,20,pos 1 plies ago,-1,-1
leaky,12000,20261001-43-NbWz,20,pos 1 plies ago,-1,0
leaky,12000,20261001-43-NbWz,20,pos 1 plies ago,-1,1
leaky,12000,20261001-43-NbWz,20,pos 1 plies ago,-1,2
leaky,12000,20261001-43-NbWz,20,pos 1 plies ago,-1,3
leaky,12000,20261001-43-NbWz,20,pos 1 plies ago,0,-3
leaky,12000,20261001-43-NbWz,20,pos 1 plies ago,0,-2
leaky,12000,20261001-43-NbWz,20,pos 1 plies ago,0,-1
leaky,12000,20261001-43-NbWz,20,pos 1 plies ago,0,0
leaky,12000,20261001-43-NbWz,20,pos 1 plies ago,0,1
leaky,12000,20261001-43-NbWz,20,pos 1 plies ago,0,2
leaky,12000,20261001-43-NbWz,20,pos 1 plies ago,0,3
leaky,12000,20261001-43-NbWz,20,pos 1 plies ago,1,-3
leaky,12000,20261001-43-NbWz,20,pos 1 plies ago,1,-2
leaky,12000,20261001-43-NbWz,20,pos 1 plies ago,1,-1
leaky,12000,20261001-43-NbWz,20,pos 1 plies ago,1,0
leaky,12000,20261001-43-NbWz,20,pos 1 plies ago,1,1
leaky,12000,20261001-43-NbWz,20,pos 1 plies ago,1,2
leaky,12000,20261001-43-NbWz,20,pos 1 plies ago,1,3
leaky,12000,20261001-43-NbWz,20,pos 1 plies ago,2,-3
leaky,12000,20261001-43-NbWz,20,pos 1 plies ago,2,-2
leaky,12000,20261001-43-NbWz,20,pos 1 plies ago,2,-1
leaky,12000,20261001-43-NbWz,20,pos 1 plies ago,2,0
leaky,12000,20261001-43-NbWz,20,pos 1 plies ago,2,1
leaky,12000,20261001-43-NbWz,20,pos 1 plies ago,2,2
leaky,12000,20261001-43-NbWz,20,pos 1 plies ago,2,3
leaky,12000,20261001-43-NbWz,20,pos 1 plies ago,3,-3
leaky,12000,20261001-43-NbWz,20,pos 1 plies ago,3,-2
leaky,12000,20261001-43-NbWz,20,pos 1 plies ago,3,-1
leaky,12000,20261001-43-NbWz,20,pos 1 plies ago,3,0
leaky,12000,20261001-43-NbWz,20,pos 1 plies ago,3,1
leaky,12000,20261001-43-NbWz,20,pos 1 plies ago,3,2
leaky,12000,20261001-43-NbWz,20,pos 1 plies ago,3,3
leaky,12000,20261001-43-NbWz,21,pos 2 plies ago,-3,-3
leaky,12000,20261001-43-NbWz,21,pos 2 plies ago,-3,-2
leaky,12000,20261001-43-NbWz,21,pos 2 plies ago,-3,-1
leaky,12000,20261001-43-NbWz,21,pos 2 plies ago,-3,0
leaky,12000,20261001-43-NbWz,21,pos 2 plies ago,-3,1
leaky,12000,20261001-43-NbWz,21,pos 2 plies ago,-3,2
leaky,12000,20261001-43-NbWz,21,pos 2 plies ago,-3,3
leaky,12000,20261001-43-NbWz,21,pos 2 plies ago,-2,-3
leaky,12000,20261001-43-NbWz,21,pos 2 plies ago,-2,-2
leaky,12000,20261001-43-NbWz,21,pos 2 plies ago,-2,-1
leaky,12000,20261001-43-NbWz,21,pos 2 plies ago,-2,0
leaky,12000,20261001-43-NbWz,21,pos 2 plies ago,-2,1
leaky,12000,20261001-43-NbWz,21,pos 2 plies ago,-2,2
leaky,12000,20261001-43-NbWz,21,pos 2 plies ago,-2,3
leaky,12000,20261001-43-NbWz,21,pos 2 plies ago,-1,-3
leaky,12000,20261001-43-NbWz,21,pos 2 plies ago,-1,-2
leaky,12000,20261001-43-NbWz,21,pos 2 plies ago,-1,-1
leaky,12000,20261001-43-NbWz,21,pos 2 plies ago,-1,0
leaky,12000,20261001-43-NbWz,21,pos 2 plies ago,-1,1
leaky,12000,20261001-43-NbWz,21,pos 2 plies ago,-1,2
leaky,12000,20261001-43-NbWz,21,pos 2 plies ago,-1,3
leaky,12000,20261001-43-NbWz,21,pos 2 plies ago,0,-3
leaky,12000,20261001-43-NbWz,21,pos 2 plies ago,0,-2
leaky,12000,20261001-43-NbWz,21,pos 2 plies ago,0,-1
leaky,12000,20261001-43-NbWz,21,pos 2 plies ago,0,0
leaky,12000,20261001-43-NbWz,21,pos 2 plies ago,0,1
leaky,12000,20261001-43-NbWz,21,pos 2 plies ago,0,2
leaky,12000,20261001-43-NbWz,21,pos 2 plies ago,0,3
leaky,12000,20261001-43-NbWz,21,pos 2 plies ago,1,-3
leaky,12000,20261001-43-NbWz,21,pos 2 plies ago,1,-2
leaky,12000,20261001-43-NbWz,21,pos 2 plies ago,1,-1
leaky,12000,20261001-43-NbWz,21,pos 2 plies ago,1,0
leaky,12000,20261001-43-NbWz,21,pos 2 plies ago,1,1
leaky,12000,20261001-43-NbWz,21,pos 2 plies ago,1,2
leaky,12000,20261001-43-NbWz,21,pos 2 plies ago,1,3
leaky,12000,20261001-43-NbWz,21,pos 2 plies ago,2,-3
leaky,12000,20261001-43-NbWz,21,pos 2 plies ago,2,-2
leaky,12000,20261001-43-NbWz,21,pos 2 plies ago,2,-1
leaky,12000,20261001-43-NbWz,21,pos 2 plies ago,2,0
leaky,12000,20261001-43-NbWz,21,pos 2 plies ago,2,1
leaky,12000,20261001-43-NbWz,21,pos 2 plies ago,2,2
leaky,12000,20261001-43-NbWz,21,pos 2 plies ago,2,3
leaky,12000,20261001-43-NbWz,21,pos 2 plies ago,3,-3
leaky,12000,20261001-43-NbWz,21,pos 2 plies ago,3,-2
leaky,12000,20261001-43-NbWz,21,pos 2 plies ago,3,-1
leaky,12000,20261001-43-NbWz,21,pos 2 plies ago,3,0
leaky,12000,20261001-43-NbWz,21,pos 2 plies ago,3,1
leaky,12000,20261001-43-NbWz,21,pos 2 plies ago,3,2
leaky,12000,20261001-43-NbWz,21,pos 2 plies ago,3,3
leaky,12000,20261001-43-NbWz,22,pos 3 plies ago,-3,-3
leaky,12000,20261001-43-NbWz,22,pos 3 plies ago,-3,-2
leaky,12000,20261001-43-NbWz,22,pos 3 plies ago,-3,-1
leaky,12000,20261001-43-NbWz,22,pos 3 plies ago,-3,0
leaky,12000,20261001-43-NbWz,22,pos 3 plies ago,-3,1
leaky,12000,20261001-43-NbWz,22,pos 3 plies ago,-3,2
leaky,12000,20261001-43-NbWz,22,pos 3 plies ago,-3,3
leaky,12000,20261001-43-NbWz,22,pos 3 plies ago,-2,-3
leaky,12000,20261001-43-NbWz,22,pos 3 plies ago,-2,-2
leaky,12000,20261001-43-NbWz,22,pos 3 plies ago,-2,-1
leaky,12000,20261001-43-NbWz,22,pos 3 plies ago,-2,0
leaky,12000,20261001-43-NbWz,22,pos 3 plies ago,-2,1
leaky,12000,20261001-43-NbWz,22,pos 3 plies ago,-2,2
leaky,12000,20261001-43-NbWz,22,pos 3 plies ago,-2,3
leaky,12000,20261001-43-NbWz,22,pos 3 plies ago,-1,-3
leaky,12000,20261001-43-NbWz,22,pos 3 plies ago,-1,-2
leaky,12000,20261001-43-NbWz,22,pos 3 plies ago,-1,-1
leaky,12000,20261001-43-NbWz,22,pos 3 plies ago,-1,0
leaky,12000,20261001-43-NbWz,22,pos 3 plies ago,-1,1
leaky,12000,20261001-43-NbWz,22,pos 3 plies ago,-1,2
leaky,12000,20261001-43-NbWz,22,pos 3 plies ago,-1,3
leaky,12000,20261001-43-NbWz,22,pos 3 plies ago,0,-3
leaky,12000,20261001-43-NbWz,22,pos 3 plies ago,0,-2
leaky,12000,20261001-43-NbWz,22,pos 3 plies ago,0,-1
leaky,12000,20261001-43-NbWz,22,pos 3 plies ago,0,0
leaky,12000,20261001-43-NbWz,22,pos 3 plies ago,0,1
leaky,12000,20261001-43-NbWz,22,pos 3 plies ago,0,2
leaky,12000,20261001-43-NbWz,22,pos 3 plies ago,0,3
leaky,12000,20261001-43-NbWz,22,pos 3 plies ago,1,-3
leaky,12000,20261001-43-NbWz,22,pos 3 plies ago,1,-2
leaky,12000,20261001-43-NbWz,22,pos 3 plies ago,1,-1
leaky,12000,20261001-43-NbWz,22,pos 3 plies ago,1,0
leaky,12000,20261001-43-NbWz,22,pos 3 plies ago,1,1
leaky,12000,20261001-43-NbWz,22,pos 3 plies ago,1,2
leaky,12000,20261001-43-NbWz,22,pos 3 plies ago,1,3
leaky,12000,20261001-43-NbWz,22,pos 3 plies ago,2,-3
leaky,12000,20261001-43-NbWz,22,pos 3 plies ago,2,-2
leaky,12000,20261001-43-NbWz,22,pos 3 plies ago,2,-1
leaky,12000,20261001-43-NbWz,22,pos 3 plies ago,2,0
leaky,12000,20261001-43-NbWz,22,pos 3 plies ago,2,1
leaky,12000,20261001-43-NbWz,22,pos 3 plies ago,2,2
leaky,12000,20261001-43-NbWz,22,pos 3 plies ago,2,3
leaky,12000,20261001-43-NbWz,22,pos 3 plies ago,3,-3
leaky,12000,20261001-43-NbWz,22,pos 3 plies ago,3,-2
leaky,12000,20261001-43-NbWz,22,pos 3 plies ago,3,-1
leaky,12000,20261001-43-NbWz,22,pos 3 plies ago,3,0
leaky,12000,20261001-43-NbWz,22,pos 3 plies ago,3,1
leaky,12000,20261001-43-NbWz,22,pos 3 plies ago,3,2
leaky,12000,20261001-43-NbWz,22,pos 3 plies ago,3,3
leaky,12000,20261001-43-NbWz,24,pos 5 plies ago,-3,-3
leaky,12000,20261001-43-NbWz,24,pos 5 plies ago,-3,-2
leaky,12000,20261001-43-NbWz,24,pos 5 plies ago,-3,-1
leaky,12000,20261001-43-NbWz,24,pos 5 plies ago,-3,0
leaky,12000,20261001-43-NbWz,24,pos 5 plies ago,-3,1
leaky,12000,20261001-43-NbWz,24,pos 5 plies ago,-3,2
leaky,12000,20261001-43-NbWz,24,pos 5 plies ago,-3,3
leaky,12000,20261001-43-NbWz,24,pos 5 plies ago,-2,-3
leaky,12000,20261001-43-NbWz,24,pos 5 plies ago,-2,-2
leaky,12000,20261001-43-NbWz,24,pos 5 plies ago,-2,-1
leaky,12000,20261001-43-NbWz,24,pos 5 plies ago,-2,0
leaky,12000,20261001-43-NbWz,24,pos 5 plies ago,-2,1
leaky,12000,20261001-43-NbWz,24,pos 5 plies ago,-2,2
leaky,12000,20261001-43-NbWz,24,pos 5 plies ago,-2,3
leaky,12000,20261001-43-NbWz,24,pos 5 plies ago,-1,-3
leaky,12000,20261001-43-NbWz,24,pos 5 plies ago,-1,-2
leaky,12000,20261001-43-NbWz,24,pos 5 plies ago,-1,-1
leaky,12000,20261001-43-NbWz,24,pos 5 plies ago,-1,0
leaky,12000,20261001-43-NbWz,24,pos 5 plies ago,-1,1
leaky,12000,20261001-43-NbWz,24,pos 5 plies ago,-1,2
leaky,12000,20261001-43-NbWz,24,pos 5 plies ago,-1,3
leaky,12000,20261001-43-NbWz,24,pos 5 plies ago,0,-3
leaky,12000,20261001-43-NbWz,24,pos 5 plies ago,0,-2
leaky,12000,20261001-43-NbWz,24,pos 5 plies ago,0,-1
leaky,12000,20261001-43-NbWz,24,pos 5 plies ago,0,0
leaky,12000,20261001-43-NbWz,24,pos 5 plies ago,0,1
leaky,12000,20261001-43-NbWz,24,pos 5 plies ago,0,2
leaky,12000,20261001-43-NbWz,24,pos 5 plies ago,0,3
leaky,12000,20261001-43-NbWz,24,pos 5 plies ago,1,-3
leaky,12000,20261001-43-NbWz,24,pos 5 plies ago,1,-2
leaky,12000,20261001-43-NbWz,24,pos 5 plies ago,1,-1
leaky,12000,20261001-43-NbWz,24,pos 5 plies ago,1,0
leaky,12000,20261001-43-NbWz,24,pos 5 plies ago,1,1
leaky,12000,20261001-43-NbWz,24,pos 5 plies ago,1,2
leaky,12000,20261001-43-NbWz,24,pos 5 plies ago,1,3
leaky,12000,20261001-43-NbWz,24,pos 5 plies ago,2,-3
leaky,12000,20261001-43-NbWz,24,pos 5 plies ago,2,-2
leaky,12000,20261001-43-NbWz,24,pos 5 plies ago,2,-1
leaky,12000,20261001-43-NbWz,24,pos 5 plies ago,2,0
leaky,12000,20261001-43-NbWz,24,pos 5 plies ago,2,1
leaky,12000,20261001-43-NbWz,24,pos 5 plies ago,2,2
leaky,12000,20261001-43-NbWz,24,pos 5 plies ago,2,3
leaky,12000,20261001-43-NbWz,24,pos 5 plies ago,3,-3
leaky,12000,20261001-43-NbWz,24,pos 5 plies ago,3,-2
leaky,12000,20261001-43-NbWz,24,pos 5 plies ago,3,-1
leaky,12000,20261001-43-NbWz,24,pos 5 plies ago,3,0
leaky,12000,20261001-43-NbWz,24,pos 5 plies ago,3,1
leaky,12000,20261001-43-NbWz,24,pos 5 plies ago,3,2
leaky,12000,20261001-43-NbWz,24,pos 5 plies ago,3,3
leaky,12000,20261001-43-NbWz,26,pos 7 plies ago,-3,-3
leaky,12000,20261001-43-NbWz,26,pos 7 plies ago,-3,-2
leaky,12000,20261001-43-NbWz,26,pos 7 plies ago,-3,-1
leaky,12000,20261001-43-NbWz,26,pos 7 plies ago,-3,0
leaky,12000,20261001-43-NbWz,26,pos 7 plies ago,-3,1
leaky,12000,20261001-43-NbWz,26,pos 7 plies ago,-3,2
leaky,12000,20261001-43-NbWz,26,pos 7 plies ago,-3,3
leaky,12000,20261001-43-NbWz,26,pos 7 plies ago,-2,-3
leaky,12000,20261001-43-NbWz,26,pos 7 plies ago,-2,-2
leaky,12000,20261001-43-NbWz,26,pos 7 plies ago,-2,-1
leaky,12000,20261001-43-NbWz,26,pos 7 plies ago,-2,0
leaky,12000,20261001-43-NbWz,26,pos 7 plies ago,-2,1
leaky,12000,20261001-43-NbWz,26,pos 7 plies ago,-2,2
leaky,12000,20261001-43-NbWz,26,pos 7 plies ago,-2,3
leaky,12000,20261001-43-NbWz,26,pos 7 plies ago,-1,-3
leaky,12000,20261001-43-NbWz,26,pos 7 plies ago,-1,-2
leaky,12000,20261001-43-NbWz,26,pos 7 plies ago,-1,-1
leaky,12000,20261001-43-NbWz,26,pos 7 plies ago,-1,0
leaky,12000,20261001-43-NbWz,26,pos 7 plies ago,-1,1
leaky,12000,20261001-43-NbWz,26,pos 7 plies ago,-1,2
leaky,12000,20261001-43-NbWz,26,pos 7 plies ago,-1,3
leaky,12000,20261001-43-NbWz,26,pos 7 plies ago,0,-3
leaky,12000,20261001-43-NbWz,26,pos 7 plies ago,0,-2
leaky,12000,20261001-43-NbWz,26,pos 7 plies ago,0,-1
leaky,12000,20261001-43-NbWz,26,pos 7 plies ago,0,0
leaky,12000,20261001-43-NbWz,26,pos 7 plies ago,0,1
leaky,12000,20261001-43-NbWz,26,pos 7 plies ago,0,2
leaky,12000,20261001-43-NbWz,26,pos 7 plies ago,0,3
leaky,12000,20261001-43-NbWz,26,pos 7 plies ago,1,-3
leaky,12000,20261001-43-NbWz,26,pos 7 plies ago,1,-2
leaky,12000,20261001-43-NbWz,26,pos 7 plies ago,1,-1
leaky,12000,20261001-43-NbWz,26,pos 7 plies ago,1,0
leaky,12000,20261001-43-NbWz,26,pos 7 plies ago,1,1
leaky,12000,20261001-43-NbWz,26,pos 7 plies ago,1,2
leaky,12000,20261001-43-NbWz,26,pos 7 plies ago,1,3
leaky,12000,20261001-43-NbWz,26,pos 7 plies ago,2,-3
leaky,12000,20261001-43-NbWz,26,pos 7 plies ago,2,-2
leaky,12000,20261001-43-NbWz,26,pos 7 plies ago,2,-1
leaky,12000,20261001-43-NbWz,26,pos 7 plies ago,2,0
leaky,12000,20261001-43-NbWz,26,pos 7 plies ago,2,1
leaky,12000,20261001-43-NbWz,26,pos 7 plies ago,2,2
leaky,12000,20261001-43-NbWz,26,pos 7 plies ago,2,3
leaky,12000,20261001-43-NbWz,26,pos 7 plies ago,3,-3
leaky,12000,20261001-43-NbWz,26,pos 7 plies ago,3,-2
leaky,12000,20261001-43-NbWz,26,pos 7 plies ago,3,-1
leaky,12000,20261001-43-NbWz,26,pos 7 plies ago,3,0
leaky,12000,20261001-43-NbWz,26,pos 7 plies ago,3,1
leaky,12000,20261001-43-NbWz,26,pos 7 plies ago,3,2
leaky,12000,20261001-43-NbWz,26,pos 7 plies ago,3,3
leaky,12000,20261001-43-NbWz,28,pos 9 plies ago,-3,-3
leaky,12000,20261001-43-NbWz,28,pos 9 plies ago,-3,-2
leaky,12000,20261001-43-NbWz,28,pos 9 plies ago,-3,-1
leaky,12000,20261001-43-NbWz,28,pos 9 plies ago,-3,0
leaky,12000,20261001-43-NbWz,28,pos 9 plies ago,-3,1
leaky,12000,20261001-43-NbWz,28,pos 9 plies ago,-3,2
leaky,12000,20261001-43-NbWz,28,pos 9 plies ago,-3,3
leaky,12000,20261001-43-NbWz,28,pos 9 plies ago,-2,-3
leaky,12000,20261001-43-NbWz,28,pos 9 plies ago,-2,-2
leaky,12000,20261001-43-NbWz,28,pos 9 plies ago,-2,-1
leaky,12000,20261001-43-NbWz,28,pos 9 plies ago,-2,0
leaky,12000,20261001-43-NbWz,28,pos 9 plies ago,-2,1
leaky,12000,20261001-43-NbWz,28,pos 9 plies ago,-2,2
leaky,12000,20261001-43-NbWz,28,pos 9 plies ago,-2,3
leaky,12000,20261001-43-NbWz,28,pos 9 plies ago,-1,-3
leaky,12000,20261001-43-NbWz,28,pos 9 plies ago,-1,-2
leaky,12000,20261001-43-NbWz,28,pos 9 plies ago,-1,-1
leaky,12000,20261001-43-NbWz,28,pos 9 plies ago,-1,0
leaky,12000,20261001-43-NbWz,28,pos 9 plies ago,-1,1
leaky,12000,20261001-43-NbWz,28,pos 9 plies ago,-1,2
leaky,12000,20261001-43-NbWz,28,pos 9 plies ago,-1,3
leaky,12000,20261001-43-NbWz,28,pos 9 plies ago,0,-3
leaky,12000,20261001-43-NbWz,28,pos 9 plies ago,0,-2
leaky,12000,20261001-43-NbWz,28,pos 9 plies ago,0,-1
leaky,12000,20261001-43-NbWz,28,pos 9 plies ago,0,0
leaky,12000,20261001-43-NbWz,28,pos 9 plies ago,0,1
leaky,12000,20261001-43-NbWz,28,pos 9 plies ago,0,2
leaky,12000,20261001-43-NbWz,28,pos 9 plies ago,0,3
leaky,12000,20261001-43-NbWz,28,pos 9 plies ago,1,-3
leaky,12000,20261001-43-NbWz,28,pos 9 plies ago,1,-2
leaky,12000,20261001-43-NbWz,28,pos 9 plies ago,1,-1
leaky,12000,20261001-43-NbWz,28,pos 9 plies ago,1,0
leaky,12000,20261001-43-NbWz,28,pos 9 plies ago,1,1
leaky,12000,20261001-43-NbWz,28,pos 9 plies ago,1,2
leaky,12000,20261001-43-NbWz,28,pos 9 plies ago,1,3
leaky,12000,20261001-43-NbWz,28,pos 9 plies ago,2,-3
leaky,12000,20261001-43-NbWz,28,pos 9 plies ago,2,-2
leaky,12000,20261001-43-NbWz,28,pos 9 plies ago,2,-1
leaky,12000,20261001-43-NbWz,28,pos 9 plies ago,2,0
leaky,12000,20261001-43-NbWz,28,pos 9 plies ago,2,1
leaky,12000,20261001-43-NbWz,28,pos 9 plies ago,2,2
leaky,12000,20261001-43-NbWz,28,pos 9 plies ago,2,3
leaky,12000,20261001-43-NbWz,28,pos 9 plies ago,3,-3
leaky,12000,20261001-43-NbWz,28,pos 9 plies ago,3,-2
leaky,12000,20261001-43-NbWz,28,pos 9 plies ago,3,-1
leaky,12000,20261001-43-NbWz,28,pos 9 plies ago,3,0
leaky,12000,20261001-43-NbWz,28,pos 9 plies ago,3,1
leaky,12000,20261001-43-NbWz,28,pos 9 plies ago,3,2
leaky,12000,20261001-43-NbWz,28,pos 9 plies ago,3,3
leaky,13000,20261001-43-NbWz,16,en passant,3,-3
leaky,13000,20261001-43-NbWz,16,en passant,3,-2
leaky,13000,20261001-43-NbWz,16,en passant,3,-1
leaky,13000,20261001-43-NbWz,16,en passant,3,0
leaky,13000,20261001-43-NbWz,16,en passant,3,1
leaky,13000,20261001-43-NbWz,16,en passant,3,2
leaky,13000,20261001-43-NbWz,16,en passant,3,3
leaky,13000,20261001-43-NbWz,19,rep >=2 before,-3,-3
leaky,13000,20261001-43-NbWz,19,rep >=2 before,-3,-2
leaky,13000,20261001-43-NbWz,19,rep >=2 before,-3,-1
leaky,13000,20261001-43-NbWz,19,rep >=2 before,-3,0
leaky,13000,20261001-43-NbWz,19,rep >=2 before,-3,1
leaky,13000,20261001-43-NbWz,19,rep >=2 before,-3,2
leaky,13000,20261001-43-NbWz,19,rep >=2 before,-3,3
leaky,13000,20261001-43-NbWz,19,rep >=2 before,-2,-3
leaky,13000,20261001-43-NbWz,19,rep >=2 before,-2,-2
leaky,13000,20261001-43-NbWz,19,rep >=2 before,-2,-1
leaky,13000,20261001-43-NbWz,19,rep >=2 before,-2,0
leaky,13000,20261001-43-NbWz,19,rep >=2 before,-2,1
leaky,13000,20261001-43-NbWz,19,rep >=2 before,-2,2
leaky,13000,20261001-43-NbWz,19,rep >=2 before,-2,3
leaky,13000,20261001-43-NbWz,19,rep >=2 before,-1,-3
leaky,13000,20261001-43-NbWz,19,rep >=2 before,-1,-2
leaky,13000,20261001-43-NbWz,19,rep >=2 before,-1,-1
leaky,13000,20261001-43-NbWz,19,rep >=2 before,-1,0
leaky,13000,20261001-43-NbWz,19,rep >=2 before,-1,1
leaky,13000,20261001-43-NbWz,19,rep >=2 before,-1,2
leaky,13000,20261001-43-NbWz,19,rep >=2 before,-1,3
leaky,13000,20261001-43-NbWz,19,rep >=2 before,0,-3
leaky,13000,20261001-43-NbWz,19,rep >=2 before,0,-2
leaky,13000,20261001-43-NbWz,19,rep >=2 before,0,-1
leaky,13000,20261001-43-NbWz,19,rep >=2 before,0,0
leaky,13000,20261001-43-NbWz,19,rep >=2 before,0,1
leaky,13000,20261001-43-NbWz,19,rep >=2 before,0,2
leaky,13000,20261001-43-NbWz,19,rep >=2 before,0,3
leaky,13000,20261001-43-NbWz,19,rep >=2 before,1,-3
leaky,13000,20261001-43-NbWz,19,rep >=2 before,1,-2
leaky,13000,20261001-43-NbWz,19,rep >=2 before,1,-1
leaky,13000,20261001-43-NbWz,19,rep >=2 before,1,0
leaky,13000,20261001-43-NbWz,19,rep >=2 before,1,1
leaky,13000,20261001-43-NbWz,19,rep >=2 before,1,2
leaky,13000,20261001-43-NbWz,19,rep >=2 before,1,3
leaky,13000,20261001-43-NbWz,19,rep >=2 before,2,-3
leaky,13000,20261001-43-NbWz,19,rep >=2 before,2,-2
leaky,13000,20261001-43-NbWz,19,rep >=2 before,2,-1
leaky,13000,20261001-43-NbWz,19,rep >=2 before,2,0
leaky,13000,20261001-43-NbWz,19,rep >=2 before,2,1
leaky,13000,20261001-43-NbWz,19,rep >=2 before,2,2
leaky,13000,20261001-43-NbWz,19,rep >=2 before,2,3
leaky,13000,20261001-43-NbWz,19,rep >=2 before,3,-3
leaky,13000,20261001-43-NbWz,19,rep >=2 before,3,-2
leaky,13000,20261001-43-NbWz,19,rep >=2 before,3,-1
leaky,13000,20261001-43-NbWz,19,rep >=2 before,3,0
leaky,13000,20261001-43-NbWz,19,rep >=2 before,3,1
leaky,13000,20261001-43-NbWz,19,rep >=2 before,3,2
leaky,13000,20261001-43-NbWz,19,rep >=2 before,3,3
leaky,13000,20261001-43-NbWz,20,pos 1 plies ago,-3,-3
leaky,13000,20261001-43-NbWz,20,pos 1 plies ago,-3,-2
leaky,13000,20261001-43-NbWz,20,pos 1 plies ago,-3,-1
leaky,13000,20261001-43-NbWz,20,pos 1 plies ago,-3,0
leaky,13000,20261001-43-NbWz,20,pos 1 plies ago,-3,1
leaky,13000,20261001-43-NbWz,20,pos 1 plies ago,-3,2
leaky,13000,20261001-43-NbWz,20,pos 1 plies ago,-3,3
leaky,13000,20261001-43-NbWz,20,pos 1 plies ago,-2,-3
leaky,13000,20261001-43-NbWz,20,pos 1 plies ago,-2,-2
leaky,13000,20261001-43-NbWz,20,pos 1 plies ago,-2,-1
leaky,13000,20261001-43-NbWz,20,pos 1 plies ago,-2,0
leaky,13000,20261001-43-NbWz,20,pos 1 plies ago,-2,1
leaky,13000,20261001-43-NbWz,20,pos 1 plies ago,-2,2
leaky,13000,20261001-43-NbWz,20,pos 1 plies ago,-2,3
leaky,13000,20261001-43-NbWz,20,pos 1 plies ago,-1,-3
leaky,13000,20261001-43-NbWz,20,pos 1 plies ago,-1,-2
leaky,13000,20261001-43-NbWz,20,pos 1 plies ago,-1,-1
leaky,13000,20261001-43-NbWz,20,pos 1 plies ago,-1,0
leaky,13000,20261001-43-NbWz,20,pos 1 plies ago,-1,1
leaky,13000,20261001-43-NbWz,20,pos 1 plies ago,-1,2
leaky,13000,20261001-43-NbWz,20,pos 1 plies ago,-1,3
leaky,13000,20261001-43-NbWz,20,pos 1 plies ago,0,-3
leaky,13000,20261001-43-NbWz,20,pos 1 plies ago,0,-2
leaky,13000,20261001-43-NbWz,20,pos 1 plies ago,0,-1
leaky,13000,20261001-43-NbWz,20,pos 1 plies ago,0,0
leaky,13000,20261001-43-NbWz,20,pos 1 plies ago,0,1
leaky,13000,20261001-43-NbWz,20,pos 1 plies ago,0,2
leaky,13000,20261001-43-NbWz,20,pos 1 plies ago,0,3
leaky,13000,20261001-43-NbWz,20,pos 1 plies ago,1,-3
leaky,13000,20261001-43-NbWz,20,pos 1 plies ago,1,-2
leaky,13000,20261001-43-NbWz,20,pos 1 plies ago,1,-1
leaky,13000,20261001-43-NbWz,20,pos 1 plies ago,1,0
leaky,13000,20261001-43-NbWz,20,pos 1 plies ago,1,1
leaky,13000,20261001-43-NbWz,20,pos 1 plies ago,1,2
leaky,13000,20261001-43-NbWz,20,pos 1 plies ago,1,3
leaky,13000,20261001-43-NbWz,20,pos 1 plies ago,2,-3
leaky,13000,20261001-43-NbWz,20,pos 1 plies ago,2,-2
leaky,13000,20261001-43-NbWz,20,pos 1 plies ago,2,-1
leaky,13000,20261001-43-NbWz,20,pos 1 plies ago,2,0
leaky,13000,20261001-43-NbWz,20,pos 1 plies ago,2,1
leaky,13000,20261001-43-NbWz,20,pos 1 plies ago,2,2
leaky,13000,20261001-43-NbWz,20,pos 1 plies ago,2,3
leaky,13000,20261001-43-NbWz,20,pos 1 plies ago,3,-3
leaky,13000,20261001-43-NbWz,20,pos 1 plies ago,3,-2
leaky,13000,20261001-43-NbWz,20,pos 1 plies ago,3,-1
leaky,13000,20261001-43-NbWz,20,pos 1 plies ago,3,0
leaky,13000,20261001-43-NbWz,20,pos 1 plies ago,3,1
leaky,13000,20261001-43-NbWz,20,pos 1 plies ago,3,2
leaky,13000,20261001-43-NbWz,20,pos 1 plies ago,3,3
leaky,13000,20261001-43-NbWz,21,pos 2 plies ago,-3,-3
leaky,13000,20261001-43-NbWz,21,pos 2 plies ago,-3,-2
leaky,13000,20261001-43-NbWz,21,pos 2 plies ago,-3,-1
leaky,13000,20261001-43-NbWz,21,pos 2 plies ago,-3,0
leaky,13000,20261001-43-NbWz,21,pos 2 plies ago,-3,1
leaky,13000,20261001-43-NbWz,21,pos 2 plies ago,-3,2
leaky,13000,20261001-43-NbWz,21,pos 2 plies ago,-3,3
leaky,13000,20261001-43-NbWz,21,pos 2 plies ago,-2,-3
leaky,13000,20261001-43-NbWz,21,pos 2 plies ago,-2,-2
leaky,13000,20261001-43-NbWz,21,pos 2 plies ago,-2,-1
leaky,13000,20261001-43-NbWz,21,pos 2 plies ago,-2,0
leaky,13000,20261001-43-NbWz,21,pos 2 plies ago,-2,1
leaky,13000,20261001-43-NbWz,21,pos 2 plies ago,-2,2
leaky,13000,20261001-43-NbWz,21,pos 2 plies ago,-2,3
leaky,13000,20261001-43-NbWz,21,pos 2 plies ago,-1,-3
leaky,13000,20261001-43-NbWz,21,pos 2 plies ago,-1,-2
leaky,13000,20261001-43-NbWz,21,pos 2 plies ago,-1,-1
leaky,13000,20261001-43-NbWz,21,pos 2 plies ago,-1,0
leaky,13000,20261001-43-NbWz,21,pos 2 plies ago,-1,1
leaky,13000,20261001-43-NbWz,21,pos 2 plies ago,-1,2
leaky,13000,20261001-43-NbWz,21,pos 2 plies ago,-1,3
leaky,13000,20261001-43-NbWz,21,pos 2 plies ago,0,-3
leaky,13000,20261001-43-NbWz,21,pos 2 plies ago,0,-2
leaky,13000,20261001-43-NbWz,21,pos 2 plies ago,0,-1
leaky,13000,20261001-43-NbWz,21,pos 2 plies ago,0,0
leaky,13000,20261001-43-NbWz,21,pos 2 plies ago,0,1
leaky,13000,20261001-43-NbWz,21,pos 2 plies ago,0,2
leaky,13000,20261001-43-NbWz,21,pos 2 plies ago,0,3
leaky,13000,20261001-43-NbWz,21,pos 2 plies ago,1,-3
leaky,13000,20261001-43-NbWz,21,pos 2 plies ago,1,-2
leaky,13000,20261001-43-NbWz,21,pos 2 plies ago,1,-1
leaky,13000,20261001-43-NbWz,21,pos 2 plies ago,1,0
leaky,13000,20261001-43-NbWz,21,pos 2 plies ago,1,1
leaky,13000,20261001-43-NbWz,21,pos 2 plies ago,1,2
leaky,13000,20261001-43-NbWz,21,pos 2 plies ago,1,3
leaky,13000,20261001-43-NbWz,21,pos 2 plies ago,2,-3
leaky,13000,20261001-43-NbWz,21,pos 2 plies ago,2,-2
leaky,13000,20261001-43-NbWz,21,pos 2 plies ago,2,-1
leaky,13000,20261001-43-NbWz,21,pos 2 plies ago,2,0
leaky,13000,20261001-43-NbWz,21,pos 2 plies ago,2,1
leaky,13000,20261001-43-NbWz,21,pos 2 plies ago,2,2
leaky,13000,20261001-43-NbWz,21,pos 2 plies ago,2,3
leaky,13000,20261001-43-NbWz,21,pos 2 plies ago,3,-3
leaky,13000,20261001-43-NbWz,21,pos 2 plies ago,3,-2
leaky,13000,20261001-43-NbWz,21,pos 2 plies ago,3,-1
leaky,13000,20261001-43-NbWz,21,pos 2 plies ago,3,0
leaky,13000,20261001-43-NbWz,21,pos 2 plies ago,3,1
leaky,13000,20261001-43-NbWz,21,pos 2 plies ago,3,2
leaky,13000,20261001-43-NbWz,21,pos 2 plies ago,3,3
leaky,13000,20261001-43-NbWz,22,pos 3 plies ago,-3,-3
leaky,13000,20261001-43-NbWz,22,pos 3 plies ago,-3,-2
leaky,13000,20261001-43-NbWz,22,pos 3 plies ago,-3,-1
leaky,13000,20261001-43-NbWz,22,pos 3 plies ago,-3,0
leaky,13000,20261001-43-NbWz,22,pos 3 plies ago,-3,1
leaky,13000,20261001-43-NbWz,22,pos 3 plies ago,-3,2
leaky,13000,20261001-43-NbWz,22,pos 3 plies ago,-3,3
leaky,13000,20261001-43-NbWz,22,pos 3 plies ago,-2,-3
leaky,13000,20261001-43-NbWz,22,pos 3 plies ago,-2,-2
leaky,13000,20261001-43-NbWz,22,pos 3 plies ago,-2,-1
leaky,13000,20261001-43-NbWz,22,pos 3 plies ago,-2,0
leaky,13000,20261001-43-NbWz,22,pos 3 plies ago,-2,1
leaky,13000,20261001-43-NbWz,22,pos 3 plies ago,-2,2
leaky,13000,20261001-43-NbWz,22,pos 3 plies ago,-2,3
leaky,13000,20261001-43-NbWz,22,pos 3 plies ago,-1,-3
leaky,13000,20261001-43-NbWz,22,pos 3 plies ago,-1,-2
leaky,13000,20261001-43-NbWz,22,pos 3 plies ago,-1,-1
leaky,13000,20261001-43-NbWz,22,pos 3 plies ago,-1,0
leaky,13000,20261001-43-NbWz,22,pos 3 plies ago,-1,1
leaky,13000,20261001-43-NbWz,22,pos 3 plies ago,-1,2
leaky,13000,20261001-43-NbWz,22,pos 3 plies ago,-1,3
leaky,13000,20261001-43-NbWz,22,pos 3 plies ago,0,-3
leaky,13000,20261001-43-NbWz,22,pos 3 plies ago,0,-2
leaky,13000,20261001-43-NbWz,22,pos 3 plies ago,0,-1
leaky,13000,20261001-43-NbWz,22,pos 3 plies ago,0,0
leaky,13000,20261001-43-NbWz,22,pos 3 plies ago,0,1
leaky,13000,20261001-43-NbWz,22,pos 3 plies ago,0,2
leaky,13000,20261001-43-NbWz,22,pos 3 plies ago,0,3
leaky,13000,20261001-43-NbWz,22,pos 3 plies ago,1,-3
leaky,13000,20261001-43-NbWz,22,pos 3 plies ago,1,-2
leaky,13000,20261001-43-NbWz,22,pos 3 plies ago,1,-1
leaky,13000,20261001-43-NbWz,22,pos 3 plies ago,1,0
leaky,13000,20261001-43-NbWz,22,pos 3 plies ago,1,1
leaky,13000,20261001-43-NbWz,22,pos 3 plies ago,1,2
leaky,13000,20261001-43-NbWz,22,pos 3 plies ago,1,3
leaky,13000,20261001-43-NbWz,22,pos 3 plies ago,2,-3
leaky,13000,20261001-43-NbWz,22,pos 3 plies ago,2,-2
leaky,13000,20261001-43-NbWz,22,pos 3 plies ago,2,-1
leaky,13000,20261001-43-NbWz,22,pos 3 plies ago,2,0
leaky,13000,20261001-43-NbWz,22,pos 3 plies ago,2,1
leaky,13000,20261001-43-NbWz,22,pos 3 plies ago,2,2
leaky,13000,20261001-43-NbWz,22,pos 3 plies ago,2,3
leaky,13000,20261001-43-NbWz,22,pos 3 plies ago,3,-3
leaky,13000,20261001-43-NbWz,22,pos 3 plies ago,3,-2
leaky,13000,20261001-43-NbWz,22,pos 3 plies ago,3,-1
leaky,13000,20261001-43-NbWz,22,pos 3 plies ago,3,0
leaky,13000,20261001-43-NbWz,22,pos 3 plies ago,3,1
leaky,13000,20261001-43-NbWz,22,pos 3 plies ago,3,2
leaky,13000,20261001-43-NbWz,22,pos 3 plies ago,3,3
leaky,13000,20261001-43-NbWz,24,pos 5 plies ago,-3,-3
leaky,13000,20261001-43-NbWz,24,pos 5 plies ago,-3,-2
leaky,13000,20261001-43-NbWz,24,pos 5 plies ago,-3,-1
leaky,13000,20261001-43-NbWz,24,pos 5 plies ago,-3,0
leaky,13000,20261001-43-NbWz,24,pos 5 plies ago,-3,1
leaky,13000,20261001-43-NbWz,24,pos 5 plies ago,-3,2
leaky,13000,20261001-43-NbWz,24,pos 5 plies ago,-3,3
leaky,13000,20261001-43-NbWz,24,pos 5 plies ago,-2,-3
leaky,13000,20261001-43-NbWz,24,pos 5 plies ago,-2,-2
leaky,13000,20261001-43-NbWz,24,pos 5 plies ago,-2,-1
leaky,13000,20261001-43-NbWz,24,pos 5 plies ago,-2,0
leaky,13000,20261001-43-NbWz,24,pos 5 plies ago,-2,1
leaky,13000,20261001-43-NbWz,24,pos 5 plies ago,-2,2
leaky,13000,20261001-43-NbWz,24,pos 5 plies ago,-2,3
leaky,13000,20261001-43-NbWz,24,pos 5 plies ago,-1,-3
leaky,13000,20261001-43-NbWz,24,pos 5 plies ago,-1,-2
leaky,13000,20261001-43-NbWz,24,pos 5 plies ago,-1,-1
leaky,13000,20261001-43-NbWz,24,pos 5 plies ago,-1,0
leaky,13000,20261001-43-NbWz,24,pos 5 plies ago,-1,1
leaky,13000,20261001-43-NbWz,24,pos 5 plies ago,-1,2
leaky,13000,20261001-43-NbWz,24,pos 5 plies ago,-1,3
leaky,13000,20261001-43-NbWz,24,pos 5 plies ago,0,-3
leaky,13000,20261001-43-NbWz,24,pos 5 plies ago,0,-2
leaky,13000,20261001-43-NbWz,24,pos 5 plies ago,0,-1
leaky,13000,20261001-43-NbWz,24,pos 5 plies ago,0,0
leaky,13000,20261001-43-NbWz,24,pos 5 plies ago,0,1
leaky,13000,20261001-43-NbWz,24,pos 5 plies ago,0,2
leaky,13000,20261001-43-NbWz,24,pos 5 plies ago,0,3
leaky,13000,20261001-43-NbWz,24,pos 5 plies ago,1,-3
leaky,13000,20261001-43-NbWz,24,pos 5 plies ago,1,-2
leaky,13000,20261001-43-NbWz,24,pos 5 plies ago,1,-1
leaky,13000,20261001-43-NbWz,24,pos 5 plies ago,1,0
leaky,13000,20261001-43-NbWz,24,pos 5 plies ago,1,1
leaky,13000,20261001-43-NbWz,24,pos 5 plies ago,1,2
leaky,13000,20261001-43-NbWz,24,pos 5 plies ago,1,3
leaky,13000,20261001-43-NbWz,24,pos 5 plies ago,2,-3
leaky,13000,20261001-43-NbWz,24,pos 5 plies ago,2,-2
leaky,13000,20261001-43-NbWz,24,pos 5 plies ago,2,-1
leaky,13000,20261001-43-NbWz,24,pos 5 plies ago,2,0
leaky,13000,20261001-43-NbWz,24,pos 5 plies ago,2,1
leaky,13000,20261001-43-NbWz,24,pos 5 plies ago,2,2
leaky,13000,20261001-43-NbWz,24,pos 5 plies ago,2,3
leaky,13000,20261001-43-NbWz,24,pos 5 plies ago,3,-3
leaky,13000,20261001-43-NbWz,24,pos 5 plies ago,3,-2
leaky,13000,20261001-43-NbWz,24,pos 5 plies ago,3,-1
leaky,13000,20261001-43-NbWz,24,pos 5 plies ago,3,0
leaky,13000,20261001-43-NbWz,24,pos 5 plies ago,3,1
leaky,13000,20261001-43-NbWz,24,pos 5 plies ago,3,2
leaky,13000,20261001-43-NbWz,24,pos 5 plies ago,3,3
leaky,13000,20261001-43-NbWz,26,pos 7 plies ago,-3,-3
leaky,13000,20261001-43-NbWz,26,pos 7 plies ago,-3,-2
leaky,13000,20261001-43-NbWz,26,pos 7 plies ago,-3,-1
leaky,13000,20261001-43-NbWz,26,pos 7 plies ago,-3,0
leaky,13000,20261001-43-NbWz,26,pos 7 plies ago,-3,1
leaky,13000,20261001-43-NbWz,26,pos 7 plies ago,-3,2
leaky,13000,20261001-43-NbWz,26,pos 7 plies ago,-3,3
leaky,13000,20261001-43-NbWz,26,pos 7 plies ago,-2,-3
leaky,13000,20261001-43-NbWz,26,pos 7 plies ago,-2,-2
leaky,13000,20261001-43-NbWz,26,pos 7 plies ago,-2,-1
leaky,13000,20261001-43-NbWz,26,pos 7 plies ago,-2,0
leaky,13000,20261001-43-NbWz,26,pos 7 plies ago,-2,1
leaky,13000,20261001-43-NbWz,26,pos 7 plies ago,-2,2
leaky,13000,20261001-43-NbWz,26,pos 7 plies ago,-2,3
leaky,13000,20261001-43-NbWz,26,pos 7 plies ago,-1,-3
leaky,13000,20261001-43-NbWz,26,pos 7 plies ago,-1,-2
leaky,13000,20261001-43-NbWz,26,pos 7 plies ago,-1,-1
leaky,13000,20261001-43-NbWz,26,pos 7 plies ago,-1,0
leaky,13000,20261001-43-NbWz,26,pos 7 plies ago,-1,1
leaky,13000,20261001-43-NbWz,26,pos 7 plies ago,-1,2
leaky,13000,20261001-43-NbWz,26,pos 7 plies ago,-1,3
leaky,13000,20261001-43-NbWz,26,pos 7 plies ago,0,-3
leaky,13000,20261001-43-NbWz,26,pos 7 plies ago,0,-2
leaky,13000,20261001-43-NbWz,26,pos 7 plies ago,0,-1
leaky,13000,20261001-43-NbWz,26,pos 7 plies ago,0,0
leaky,13000,20261001-43-NbWz,26,pos 7 plies ago,0,1
leaky,13000,20261001-43-NbWz,26,pos 7 plies ago,0,2
leaky,13000,20261001-43-NbWz,26,pos 7 plies ago,0,3
leaky,13000,20261001-43-NbWz,26,pos 7 plies ago,1,-3
leaky,13000,20261001-43-NbWz,26,pos 7 plies ago,1,-2
leaky,13000,20261001-43-NbWz,26,pos 7 plies ago,1,-1
leaky,13000,20261001-43-NbWz,26,pos 7 plies ago,1,0
leaky,13000,20261001-43-NbWz,26,pos 7 plies ago,1,1
leaky,13000,20261001-43-NbWz,26,pos 7 plies ago,1,2
leaky,13000,20261001-43-NbWz,26,pos 7 plies ago,1,3
leaky,13000,20261001-43-NbWz,26,pos 7 plies ago,2,-3
leaky,13000,20261001-43-NbWz,26,pos 7 plies ago,2,-2
leaky,13000,20261001-43-NbWz,26,pos 7 plies ago,2,-1
leaky,13000,20261001-43-NbWz,26,pos 7 plies ago,2,0
leaky,13000,20261001-43-NbWz,26,pos 7 plies ago,2,1
leaky,13000,20261001-43-NbWz,26,pos 7 plies ago,2,2
leaky,13000,20261001-43-NbWz,26,pos 7 plies ago,2,3
leaky,13000,20261001-43-NbWz,26,pos 7 plies ago,3,-3
leaky,13000,20261001-43-NbWz,26,pos 7 plies ago,3,-2
leaky,13000,20261001-43-NbWz,26,pos 7 plies ago,3,-1
leaky,13000,20261001-43-NbWz,26,pos 7 plies ago,3,0
leaky,13000,20261001-43-NbWz,26,pos 7 plies ago,3,1
leaky,13000,20261001-43-NbWz,26,pos 7 plies ago,3,2
leaky,13000,20261001-43-NbWz,26,pos 7 plies ago,3,3
leaky,13000,20261001-43-NbWz,28,pos 9 plies ago,-3,-3
leaky,13000,20261001-43-NbWz,28,pos 9 plies ago,-3,-2
leaky,13000,20261001-43-NbWz,28,pos 9 plies ago,-3,-1
leaky,13000,20261001-43-NbWz,28,pos 9 plies ago,-3,0
leaky,13000,20261001-43-NbWz,28,pos 9 plies ago,-3,1
leaky,13000,20261001-43-NbWz,28,pos 9 plies ago,-3,2
leaky,13000,20261001-43-NbWz,28,pos 9 plies ago,-3,3
leaky,13000,20261001-43-NbWz,28,pos 9 plies ago,-2,-3
leaky,13000,20261001-43-NbWz,28,pos 9 plies ago,-2,-2
leaky,13000,20261001-43-NbWz,28,pos 9 plies ago,-2,-1
leaky,13000,20261001-43-NbWz,28,pos 9 plies ago,-2,0
leaky,13000,20261001-43-NbWz,28,pos 9 plies ago,-2,1
leaky,13000,20261001-43-NbWz,28,pos 9 plies ago,-2,2
leaky,13000,20261001-43-NbWz,28,pos 9 plies ago,-2,3
leaky,13000,20261001-43-NbWz,28,pos 9 plies ago,-1,-3
leaky,13000,20261001-43-NbWz,28,pos 9 plies ago,-1,-2
leaky,13000,20261001-43-NbWz,28,pos 9 plies ago,-1,-1
leaky,13000,20261001-43-NbWz,28,pos 9 plies ago,-1,0
leaky,13000,20261001-43-NbWz,28,pos 9 plies ago,-1,1
leaky,13000,20261001-43-NbWz,28,pos 9 plies ago,-1,2
leaky,13000,20261001-43-NbWz,28,pos 9 plies ago,-1,3
leaky,13000,20261001-43-NbWz,28,pos 9 plies ago,0,-3
leaky,13000,20261001-43-NbWz,28,pos 9 plies ago,0,-2
leaky,13000,20261001-43-NbWz,28,pos 9 plies ago,0,-1
leaky,13000,20261001-43-NbWz,28,pos 9 plies ago,0,0
leaky,13000,20261001-43-NbWz,28,pos 9 plies ago,0,1
leaky,13000,20261001-43-NbWz,28,pos 9 plies ago,0,2
leaky,13000,20261001-43-NbWz,28,pos 9 plies ago,0,3
leaky,13000,20261001-43-NbWz,28,pos 9 plies ago,1,-3
leaky,13000,20261001-43-NbWz,28,pos 9 plies ago,1,-2
leaky,13000,20261001-43-NbWz,28,pos 9 plies ago,1,-1
leaky,13000,20261001-43-NbWz,28,pos 9 plies ago,1,0
leaky,13000,20261001-43-NbWz,28,pos 9 plies ago,1,1
leaky,13000,20261001-43-NbWz,28,pos 9 plies ago,1,2
leaky,13000,20261001-43-NbWz,28,pos 9 plies ago,1,3
leaky,13000,20261001-43-NbWz,28,pos 9 plies ago,2,-3
leaky,13000,20261001-43-NbWz,28,pos 9 plies ago,2,-2
leaky,13000,20261001-43-NbWz,28,pos 9 plies ago,2,-1
leaky,13000,20261001-43-NbWz,28,pos 9 plies ago,2,0
leaky,13000,20261001-43-NbWz,28,pos 9 plies ago,2,1
leaky,13000,20261001-43-NbWz,28,pos 9 plies ago,2,2
leaky,13000,20261001-43-NbWz,28,pos 9 plies ago,2,3
leaky,13000,20261001-43-NbWz,28,pos 9 plies ago,3,-3
leaky,13000,20261001-43-NbWz,28,pos 9 plies ago,3,-2
leaky,13000,20261001-43-NbWz,28,pos 9 plies ago,3,-1
leaky,13000,20261001-43-NbWz,28,pos 9 plies ago,3,0
leaky,13000,20261001-43-NbWz,28,pos 9 plies ago,3,1
leaky,13000,20261001-43-NbWz,28,pos 9 plies ago,3,2
leaky,13000,20261001-43-NbWz,28,pos 9 plies ago,3,3
leaky,14000,20261001-43-NbWz,16,en passant,3,-3
leaky,14000,20261001-43-NbWz,16,en passant,3,-2
leaky,14000,20261001-43-NbWz,16,en passant,3,-1
leaky,14000,20261001-43-NbWz,16,en passant,3,0
leaky,14000,20261001-43-NbWz,16,en passant,3,1
leaky,14000,20261001-43-NbWz,16,en passant,3,2
leaky,14000,20261001-43-NbWz,16,en passant,3,3
leaky,14000,20261001-43-NbWz,19,rep >=2 before,-3,-3
leaky,14000,20261001-43-NbWz,19,rep >=2 before,-3,-2
leaky,14000,20261001-43-NbWz,19,rep >=2 before,-3,-1
leaky,14000,20261001-43-NbWz,19,rep >=2 before,-3,0
leaky,14000,20261001-43-NbWz,19,rep >=2 before,-3,1
leaky,14000,20261001-43-NbWz,19,rep >=2 before,-3,2
leaky,14000,20261001-43-NbWz,19,rep >=2 before,-3,3
leaky,14000,20261001-43-NbWz,19,rep >=2 before,-2,-3
leaky,14000,20261001-43-NbWz,19,rep >=2 before,-2,-2
leaky,14000,20261001-43-NbWz,19,rep >=2 before,-2,-1
leaky,14000,20261001-43-NbWz,19,rep >=2 before,-2,0
leaky,14000,20261001-43-NbWz,19,rep >=2 before,-2,1
leaky,14000,20261001-43-NbWz,19,rep >=2 before,-2,2
leaky,14000,20261001-43-NbWz,19,rep >=2 before,-2,3
leaky,14000,20261001-43-NbWz,19,rep >=2 before,-1,-3
leaky,14000,20261001-43-NbWz,19,rep >=2 before,-1,-2
leaky,14000,20261001-43-NbWz,19,rep >=2 before,-1,-1
leaky,14000,20261001-43-NbWz,19,rep >=2 before,-1,0
leaky,14000,20261001-43-NbWz,19,rep >=2 before,-1,1
leaky,14000,20261001-43-NbWz,19,rep >=2 before,-1,2
leaky,14000,20261001-43-NbWz,19,rep >=2 before,-1,3
leaky,14000,20261001-43-NbWz,19,rep >=2 before,0,-3
leaky,14000,20261001-43-NbWz,19,rep >=2 before,0,-2
leaky,14000,20261001-43-NbWz,19,rep >=2 before,0,-1
leaky,14000,20261001-43-NbWz,19,rep >=2 before,0,0
leaky,14000,20261001-43-NbWz,19,rep >=2 before,0,1
leaky,14000,20261001-43-NbWz,19,rep >=2 before,0,2
leaky,14000,20261001-43-NbWz,19,rep >=2 before,0,3
leaky,14000,20261001-43-NbWz,19,rep >=2 before,1,-3
leaky,14000,20261001-43-NbWz,19,rep >=2 before,1,-2
leaky,14000,20261001-43-NbWz,19,rep >=2 before,1,-1
leaky,14000,20261001-43-NbWz,19,rep >=2 before,1,0
leaky,14000,20261001-43-NbWz,19,rep >=2 before,1,1
leaky,14000,20261001-43-NbWz,19,rep >=2 before,1,2
leaky,14000,20261001-43-NbWz,19,rep >=2 before,1,3
leaky,14000,20261001-43-NbWz,19,rep >=2 before,2,-3
leaky,14000,20261001-43-NbWz,19,rep >=2 before,2,-2
leaky,14000,20261001-43-NbWz,19,rep >=2 before,2,-1
leaky,14000,20261001-43-NbWz,19,rep >=2 before,2,0
leaky,14000,20261001-43-NbWz,19,rep >=2 before,2,1
leaky,14000,20261001-43-NbWz,19,rep >=2 before,2,2
leaky,14000,20261001-43-NbWz,19,rep >=2 before,2,3
leaky,14000,20261001-43-NbWz,19,rep >=2 before,3,-3
leaky,14000,20261001-43-NbWz,19,rep >=2 before,3,-2
leaky,14000,20261001-43-NbWz,19,rep >=2 before,3,-1
leaky,14000,20261001-43-NbWz,19,rep >=2 before,3,0
leaky,14000,20261001-43-NbWz,19,rep >=2 before,3,1
leaky,14000,20261001-43-NbWz,19,rep >=2 before,3,2
leaky,14000,20261001-43-NbWz,19,rep >=2 before,3,3
leaky,14000,20261001-43-NbWz,20,pos 1 plies ago,-3,-3
leaky,14000,20261001-43-NbWz,20,pos 1 plies ago,-3,-2
leaky,14000,20261001-43-NbWz,20,pos 1 plies ago,-3,-1
leaky,14000,20261001-43-NbWz,20,pos 1 plies ago,-3,0
leaky,14000,20261001-43-NbWz,20,pos 1 plies ago,-3,1
leaky,14000,20261001-43-NbWz,20,pos 1 plies ago,-3,2
leaky,14000,20261001-43-NbWz,20,pos 1 plies ago,-3,3
leaky,14000,20261001-43-NbWz,20,pos 1 plies ago,-2,-3
leaky,14000,20261001-43-NbWz,20,pos 1 plies ago,-2,-2
leaky,14000,20261001-43-NbWz,20,pos 1 plies ago,-2,-1
leaky,14000,20261001-43-NbWz,20,pos 1 plies ago,-2,0
leaky,14000,20261001-43-NbWz,20,pos 1 plies ago,-2,1
leaky,14000,20261001-43-NbWz,20,pos 1 plies ago,-2,2
leaky,14000,20261001-43-NbWz,20,pos 1 plies ago,-2,3
leaky,14000,20261001-43-NbWz,20,pos 1 plies ago,-1,-3
leaky,14000,20261001-43-NbWz,20,pos 1 plies ago,-1,-2
leaky,14000,20261001-43-NbWz,20,pos 1 plies ago,-1,-1
leaky,14000,20261001-43-NbWz,20,pos 1 plies ago,-1,0
leaky,14000,20261001-43-NbWz,20,pos 1 plies ago,-1,1
leaky,14000,20261001-43-NbWz,20,pos 1 plies ago,-1,2
leaky,14000,20261001-43-NbWz,20,pos 1 plies ago,-1,3
leaky,14000,20261001-43-NbWz,20,pos 1 plies ago,0,-3
leaky,14000,20261001-43-NbWz,20,pos 1 plies ago,0,-2
leaky,14000,20261001-43-NbWz,20,pos 1 plies ago,0,-1
leaky,14000,20261001-43-NbWz,20,pos 1 plies ago,0,0
leaky,14000,20261001-43-NbWz,20,pos 1 plies ago,0,1
leaky,14000,20261001-43-NbWz,20,pos 1 plies ago,0,2
leaky,14000,20261001-43-NbWz,20,pos 1 plies ago,0,3
leaky,14000,20261001-43-NbWz,20,pos 1 plies ago,1,-3
leaky,14000,20261001-43-NbWz,20,pos 1 plies ago,1,-2
leaky,14000,20261001-43-NbWz,20,pos 1 plies ago,1,-1
leaky,14000,20261001-43-NbWz,20,pos 1 plies ago,1,0
leaky,14000,20261001-43-NbWz,20,pos 1 plies ago,1,1
leaky,14000,20261001-43-NbWz,20,pos 1 plies ago,1,2
leaky,14000,20261001-43-NbWz,20,pos 1 plies ago,1,3
leaky,14000,20261001-43-NbWz,20,pos 1 plies ago,2,-3
leaky,14000,20261001-43-NbWz,20,pos 1 plies ago,2,-2
leaky,14000,20261001-43-NbWz,20,pos 1 plies ago,2,-1
leaky,14000,20261001-43-NbWz,20,pos 1 plies ago,2,0
leaky,14000,20261001-43-NbWz,20,pos 1 plies ago,2,1
leaky,14000,20261001-43-NbWz,20,pos 1 plies ago,2,2
leaky,14000,20261001-43-NbWz,20,pos 1 plies ago,2,3
leaky,14000,20261001-43-NbWz,20,pos 1 plies ago,3,-3
leaky,14000,20261001-43-NbWz,20,pos 1 plies ago,3,-2
leaky,14000,20261001-43-NbWz,20,pos 1 plies ago,3,-1
leaky,14000,20261001-43-NbWz,20,pos 1 plies ago,3,0
leaky,14000,20261001-43-NbWz,20,pos 1 plies ago,3,1
leaky,14000,20261001-43-NbWz,20,pos 1 plies ago,3,2
leaky,14000,20261001-43-NbWz,20,pos 1 plies ago,3,3
leaky,14000,20261001-43-NbWz,21,pos 2 plies ago,-3,-3
leaky,14000,20261001-43-NbWz,21,pos 2 plies ago,-3,-2
leaky,14000,20261001-43-NbWz,21,pos 2 plies ago,-3,-1
leaky,14000,20261001-43-NbWz,21,pos 2 plies ago,-3,0
leaky,14000,20261001-43-NbWz,21,pos 2 plies ago,-3,1
leaky,14000,20261001-43-NbWz,21,pos 2 plies ago,-3,2
leaky,14000,20261001-43-NbWz,21,pos 2 plies ago,-3,3
leaky,14000,20261001-43-NbWz,21,pos 2 plies ago,-2,-3
leaky,14000,20261001-43-NbWz,21,pos 2 plies ago,-2,-2
leaky,14000,20261001-43-NbWz,21,pos 2 plies ago,-2,-1
leaky,14000,20261001-43-NbWz,21,pos 2 plies ago,-2,0
leaky,14000,20261001-43-NbWz,21,pos 2 plies ago,-2,1
leaky,14000,20261001-43-NbWz,21,pos 2 plies ago,-2,2
leaky,14000,20261001-43-NbWz,21,pos 2 plies ago,-2,3
leaky,14000,20261001-43-NbWz,21,pos 2 plies ago,-1,-3
leaky,14000,20261001-43-NbWz,21,pos 2 plies ago,-1,-2
leaky,14000,20261001-43-NbWz,21,pos 2 plies ago,-1,-1
leaky,14000,20261001-43-NbWz,21,pos 2 plies ago,-1,0
leaky,14000,20261001-43-NbWz,21,pos 2 plies ago,-1,1
leaky,14000,20261001-43-NbWz,21,pos 2 plies ago,-1,2
leaky,14000,20261001-43-NbWz,21,pos 2 plies ago,-1,3
leaky,14000,20261001-43-NbWz,21,pos 2 plies ago,0,-3
leaky,14000,20261001-43-NbWz,21,pos 2 plies ago,0,-2
leaky,14000,20261001-43-NbWz,21,pos 2 plies ago,0,-1
leaky,14000,20261001-43-NbWz,21,pos 2 plies ago,0,0
leaky,14000,20261001-43-NbWz,21,pos 2 plies ago,0,1
leaky,14000,20261001-43-NbWz,21,pos 2 plies ago,0,2
leaky,14000,20261001-43-NbWz,21,pos 2 plies ago,0,3
leaky,14000,20261001-43-NbWz,21,pos 2 plies ago,1,-3
leaky,14000,20261001-43-NbWz,21,pos 2 plies ago,1,-2
leaky,14000,20261001-43-NbWz,21,pos 2 plies ago,1,-1
leaky,14000,20261001-43-NbWz,21,pos 2 plies ago,1,0
leaky,14000,20261001-43-NbWz,21,pos 2 plies ago,1,1
leaky,14000,20261001-43-NbWz,21,pos 2 plies ago,1,2
leaky,14000,20261001-43-NbWz,21,pos 2 plies ago,1,3
leaky,14000,20261001-43-NbWz,21,pos 2 plies ago,2,-3
leaky,14000,20261001-43-NbWz,21,pos 2 plies ago,2,-2
leaky,14000,20261001-43-NbWz,21,pos 2 plies ago,2,-1
leaky,14000,20261001-43-NbWz,21,pos 2 plies ago,2,0
leaky,14000,20261001-43-NbWz,21,pos 2 plies ago,2,1
leaky,14000,20261001-43-NbWz,21,pos 2 plies ago,2,2
leaky,14000,20261001-43-NbWz,21,pos 2 plies ago,2,3
leaky,14000,20261001-43-NbWz,21,pos 2 plies ago,3,-3
leaky,14000,20261001-43-NbWz,21,pos 2 plies ago,3,-2
leaky,14000,20261001-43-NbWz,21,pos 2 plies ago,3,-1
leaky,14000,20261001-43-NbWz,21,pos 2 plies ago,3,0
leaky,14000,20261001-43-NbWz,21,pos 2 plies ago,3,1
leaky,14000,20261001-43-NbWz,21,pos 2 plies ago,3,2
leaky,14000,20261001-43-NbWz,21,pos 2 plies ago,3,3
leaky,14000,20261001-43-NbWz,22,pos 3 plies ago,-3,-3
leaky,14000,20261001-43-NbWz,22,pos 3 plies ago,-3,-2
leaky,14000,20261001-43-NbWz,22,pos 3 plies ago,-3,-1
leaky,14000,20261001-43-NbWz,22,pos 3 plies ago,-3,0
leaky,14000,20261001-43-NbWz,22,pos 3 plies ago,-3,1
leaky,14000,20261001-43-NbWz,22,pos 3 plies ago,-3,2
leaky,14000,20261001-43-NbWz,22,pos 3 plies ago,-3,3
leaky,14000,20261001-43-NbWz,22,pos 3 plies ago,-2,-3
leaky,14000,20261001-43-NbWz,22,pos 3 plies ago,-2,-2
leaky,14000,20261001-43-NbWz,22,pos 3 plies ago,-2,-1
leaky,14000,20261001-43-NbWz,22,pos 3 plies ago,-2,0
leaky,14000,20261001-43-NbWz,22,pos 3 plies ago,-2,1
leaky,14000,20261001-43-NbWz,22,pos 3 plies ago,-2,2
leaky,14000,20261001-43-NbWz,22,pos 3 plies ago,-2,3
leaky,14000,20261001-43-NbWz,22,pos 3 plies ago,-1,-3
leaky,14000,20261001-43-NbWz,22,pos 3 plies ago,-1,-2
leaky,14000,20261001-43-NbWz,22,pos 3 plies ago,-1,-1
leaky,14000,20261001-43-NbWz,22,pos 3 plies ago,-1,0
leaky,14000,20261001-43-NbWz,22,pos 3 plies ago,-1,1
leaky,14000,20261001-43-NbWz,22,pos 3 plies ago,-1,2
leaky,14000,20261001-43-NbWz,22,pos 3 plies ago,-1,3
leaky,14000,20261001-43-NbWz,22,pos 3 plies ago,0,-3
leaky,14000,20261001-43-NbWz,22,pos 3 plies ago,0,-2
leaky,14000,20261001-43-NbWz,22,pos 3 plies ago,0,-1
leaky,14000,20261001-43-NbWz,22,pos 3 plies ago,0,0
leaky,14000,20261001-43-NbWz,22,pos 3 plies ago,0,1
leaky,14000,20261001-43-NbWz,22,pos 3 plies ago,0,2
leaky,14000,20261001-43-NbWz,22,pos 3 plies ago,0,3
leaky,14000,20261001-43-NbWz,22,pos 3 plies ago,1,-3
leaky,14000,20261001-43-NbWz,22,pos 3 plies ago,1,-2
leaky,14000,20261001-43-NbWz,22,pos 3 plies ago,1,-1
leaky,14000,20261001-43-NbWz,22,pos 3 plies ago,1,0
leaky,14000,20261001-43-NbWz,22,pos 3 plies ago,1,1
leaky,14000,20261001-43-NbWz,22,pos 3 plies ago,1,2
leaky,14000,20261001-43-NbWz,22,pos 3 plies ago,1,3
leaky,14000,20261001-43-NbWz,22,pos 3 plies ago,2,-3
leaky,14000,20261001-43-NbWz,22,pos 3 plies ago,2,-2
leaky,14000,20261001-43-NbWz,22,pos 3 plies ago,2,-1
leaky,14000,20261001-43-NbWz,22,pos 3 plies ago,2,0
leaky,14000,20261001-43-NbWz,22,pos 3 plies ago,2,1
leaky,14000,20261001-43-NbWz,22,pos 3 plies ago,2,2
leaky,14000,20261001-43-NbWz,22,pos 3 plies ago,2,3
leaky,14000,20261001-43-NbWz,22,pos 3 plies ago,3,-3
leaky,14000,20261001-43-NbWz,22,pos 3 plies ago,3,-2
leaky,14000,20261001-43-NbWz,22,pos 3 plies ago,3,-1
leaky,14000,20261001-43-NbWz,22,pos 3 plies ago,3,0
leaky,14000,20261001-43-NbWz,22,pos 3 plies ago,3,1
leaky,14000,20261001-43-NbWz,22,pos 3 plies ago,3,2
leaky,14000,20261001-43-NbWz,22,pos 3 plies ago,3,3
leaky,14000,20261001-43-NbWz,24,pos 5 plies ago,-3,-3
leaky,14000,20261001-43-NbWz,24,pos 5 plies ago,-3,-2
leaky,14000,20261001-43-NbWz,24,pos 5 plies ago,-3,-1
leaky,14000,20261001-43-NbWz,24,pos 5 plies ago,-3,0
leaky,14000,20261001-43-NbWz,24,pos 5 plies ago,-3,1
leaky,14000,20261001-43-NbWz,24,pos 5 plies ago,-3,2
leaky,14000,20261001-43-NbWz,24,pos 5 plies ago,-3,3
leaky,14000,20261001-43-NbWz,24,pos 5 plies ago,-2,-3
leaky,14000,20261001-43-NbWz,24,pos 5 plies ago,-2,-2
leaky,14000,20261001-43-NbWz,24,pos 5 plies ago,-2,-1
leaky,14000,20261001-43-NbWz,24,pos 5 plies ago,-2,0
leaky,14000,20261001-43-NbWz,24,pos 5 plies ago,-2,1
leaky,14000,20261001-43-NbWz,24,pos 5 plies ago,-2,2
leaky,14000,20261001-43-NbWz,24,pos 5 plies ago,-2,3
leaky,14000,20261001-43-NbWz,24,pos 5 plies ago,-1,-3
leaky,14000,20261001-43-NbWz,24,pos 5 plies ago,-1,-2
leaky,14000,20261001-43-NbWz,24,pos 5 plies ago,-1,-1
leaky,14000,20261001-43-NbWz,24,pos 5 plies ago,-1,0
leaky,14000,20261001-43-NbWz,24,pos 5 plies ago,-1,1
leaky,14000,20261001-43-NbWz,24,pos 5 plies ago,-1,2
leaky,14000,20261001-43-NbWz,24,pos 5 plies ago,-1,3
leaky,14000,20261001-43-NbWz,24,pos 5 plies ago,0,-3
leaky,14000,20261001-43-NbWz,24,pos 5 plies ago,0,-2
leaky,14000,20261001-43-NbWz,24,pos 5 plies ago,0,-1
leaky,14000,20261001-43-NbWz,24,pos 5 plies ago,0,0
leaky,14000,20261001-43-NbWz,24,pos 5 plies ago,0,1
leaky,14000,20261001-43-NbWz,24,pos 5 plies ago,0,2
leaky,14000,20261001-43-NbWz,24,pos 5 plies ago,0,3
leaky,14000,20261001-43-NbWz,24,pos 5 plies ago,1,-3
leaky,14000,20261001-43-NbWz,24,pos 5 plies ago,1,-2
leaky,14000,20261001-43-NbWz,24,pos 5 plies ago,1,-1
leaky,14000,20261001-43-NbWz,24,pos 5 plies ago,1,0
leaky,14000,20261001-43-NbWz,24,pos 5 plies ago,1,1
leaky,14000,20261001-43-NbWz,24,pos 5 plies ago,1,2
leaky,14000,20261001-43-NbWz,24,pos 5 plies ago,1,3
leaky,14000,20261001-43-NbWz,24,pos 5 plies ago,2,-3
leaky,14000,20261001-43-NbWz,24,pos 5 plies ago,2,-2
leaky,14000,20261001-43-NbWz,24,pos 5 plies ago,2,-1
leaky,14000,20261001-43-NbWz,24,pos 5 plies ago,2,0
leaky,14000,20261001-43-NbWz,24,pos 5 plies ago,2,1
leaky,14000,20261001-43-NbWz,24,pos 5 plies ago,2,2
leaky,14000,20261001-43-NbWz,24,pos 5 plies ago,2,3
leaky,14000,20261001-43-NbWz,24,pos 5 plies ago,3,-3
leaky,14000,20261001-43-NbWz,24,pos 5 plies ago,3,-2
leaky,14000,20261001-43-NbWz,24,pos 5 plies ago,3,-1
leaky,14000,20261001-43-NbWz,24,pos 5 plies ago,3,0
leaky,14000,20261001-43-NbWz,24,pos 5 plies ago,3,1
leaky,14000,20261001-43-NbWz,24,pos 5 plies ago,3,2
leaky,14000,20261001-43-NbWz,24,pos 5 plies ago,3,3
leaky,14000,20261001-43-NbWz,26,pos 7 plies ago,-3,-3
leaky,14000,20261001-43-NbWz,26,pos 7 plies ago,-3,-2
leaky,14000,20261001-43-NbWz,26,pos 7 plies ago,-3,-1
leaky,14000,20261001-43-NbWz,26,pos 7 plies ago,-3,0
leaky,14000,20261001-43-NbWz,26,pos 7 plies ago,-3,1
leaky,14000,20261001-43-NbWz,26,pos 7 plies ago,-3,2
leaky,14000,20261001-43-NbWz,26,pos 7 plies ago,-3,3
leaky,14000,20261001-43-NbWz,26,pos 7 plies ago,-2,-3
leaky,14000,20261001-43-NbWz,26,pos 7 plies ago,-2,-2
leaky,14000,20261001-43-NbWz,26,pos 7 plies ago,-2,-1
leaky,14000,20261001-43-NbWz,26,pos 7 plies ago,-2,0
leaky,14000,20261001-43-NbWz,26,pos 7 plies ago,-2,1
leaky,14000,20261001-43-NbWz,26,pos 7 plies ago,-2,2
leaky,14000,20261001-43-NbWz,26,pos 7 plies ago,-2,3
leaky,14000,20261001-43-NbWz,26,pos 7 plies ago,-1,-3
leaky,14000,20261001-43-NbWz,26,pos 7 plies ago,-1,-2
leaky,14000,20261001-43-NbWz,26,pos 7 plies ago,-1,-1
leaky,14000,20261001-43-NbWz,26,pos 7 plies ago,-1,0
leaky,14000,20261001-43-NbWz,26,pos 7 plies ago,-1,1
leaky,14000,20261001-43-NbWz,26,pos 7 plies ago,-1,2
leaky,14000,20261001-43-NbWz,26,pos 7 plies ago,-1,3
leaky,14000,20261001-43-NbWz,26,pos 7 plies ago,0,-3
leaky,14000,20261001-43-NbWz,26,pos 7 plies ago,0,-2
leaky,14000,20261001-43-NbWz,26,pos 7 plies ago,0,-1
leaky,14000,20261001-43-NbWz,26,pos 7 plies ago,0,0
leaky,14000,20261001-43-NbWz,26,pos 7 plies ago,0,1
leaky,14000,20261001-43-NbWz,26,pos 7 plies ago,0,2
leaky,14000,20261001-43-NbWz,26,pos 7 plies ago,0,3
leaky,14000,20261001-43-NbWz,26,pos 7 plies ago,1,-3
leaky,14000,20261001-43-NbWz,26,pos 7 plies ago,1,-2
leaky,14000,20261001-43-NbWz,26,pos 7 plies ago,1,-1
leaky,14000,20261001-43-NbWz,26,pos 7 plies ago,1,0
leaky,14000,20261001-43-NbWz,26,pos 7 plies ago,1,1
leaky,14000,20261001-43-NbWz,26,pos 7 plies ago,1,2
leaky,14000,20261001-43-NbWz,26,pos 7 plies ago,1,3
leaky,14000,20261001-43-NbWz,26,pos 7 plies ago,2,-3
leaky,14000,20261001-43-NbWz,26,pos 7 plies ago,2,-2
leaky,14000,20261001-43-NbWz,26,pos 7 plies ago,2,-1
leaky,14000,20261001-43-NbWz,26,pos 7 plies ago,2,0
leaky,14000,20261001-43-NbWz,26,pos 7 plies ago,2,1
leaky,14000,20261001-43-NbWz,26,pos 7 plies ago,2,2
leaky,14000,20261001-43-NbWz,26,pos 7 plies ago,2,3
leaky,14000,20261001-43-NbWz,26,pos 7 plies ago,3,-3
leaky,14000,20261001-43-NbWz,26,pos 7 plies ago,3,-2
leaky,14000,20261001-43-NbWz,26,pos 7 plies ago,3,-1
leaky,14000,20261001-43-NbWz,26,pos 7 plies ago,3,0
leaky,14000,20261001-43-NbWz,26,pos 7 plies ago,3,1
leaky,14000,20261001-43-NbWz,26,pos 7 plies ago,3,2
leaky,14000,20261001-43-NbWz,26,pos 7 plies ago,3,3
leaky,14000,20261001-43-NbWz,28,pos 9 plies ago,-3,-3
leaky,14000,20261001-43-NbWz,28,pos 9 plies ago,-3,-2
leaky,14000,20261001-43-NbWz,28,pos 9 plies ago,-3,-1
leaky,14000,20261001-43-NbWz,28,pos 9 plies ago,-3,0
leaky,14000,20261001-43-NbWz,28,pos 9 plies ago,-3,1
leaky,14000,20261001-43-NbWz,28,pos 9 plies ago,-3,2
leaky,14000,20261001-43-NbWz,28,pos 9 plies ago,-3,3
leaky,14000,20261001-43-NbWz,28,pos 9 plies ago,-2,-3
leaky,14000,20261001-43-NbWz,28,pos 9 plies ago,-2,-2
leaky,14000,20261001-43-NbWz,28,pos 9 plies ago,-2,-1
leaky,14000,20261001-43-NbWz,28,pos 9 plies ago,-2,0
leaky,14000,20261001-43-NbWz,28,pos 9 plies ago,-2,1
leaky,14000,20261001-43-NbWz,28,pos 9 plies ago,-2,2
leaky,14000,20261001-43-NbWz,28,pos 9 plies ago,-2,3
leaky,14000,20261001-43-NbWz,28,pos 9 plies ago,-1,-3
leaky,14000,20261001-43-NbWz,28,pos 9 plies ago,-1,-2
leaky,14000,20261001-43-NbWz,28,pos 9 plies ago,-1,-1
leaky,14000,20261001-43-NbWz,28,pos 9 plies ago,-1,0
leaky,14000,20261001-43-NbWz,28,pos 9 plies ago,-1,1
leaky,14000,20261001-43-NbWz,28,pos 9 plies ago,-1,2
leaky,14000,20261001-43-NbWz,28,pos 9 plies ago,-1,3
leaky,14000,20261001-43-NbWz,28,pos 9 plies ago,0,-3
leaky,14000,20261001-43-NbWz,28,pos 9 plies ago,0,-2
leaky,14000,20261001-43-NbWz,28,pos 9 plies ago,0,-1
leaky,14000,20261001-43-NbWz,28,pos 9 plies ago,0,0
leaky,14000,20261001-43-NbWz,28,pos 9 plies ago,0,1
leaky,14000,20261001-43-NbWz,28,pos 9 plies ago,0,2
leaky,14000,20261001-43-NbWz,28,pos 9 plies ago,0,3
leaky,14000,20261001-43-NbWz,28,pos 9 plies ago,1,-3
leaky,14000,20261001-43-NbWz,28,pos 9 plies ago,1,-2
leaky,14000,20261001-43-NbWz,28,pos 9 plies ago,1,-1
leaky,14000,20261001-43-NbWz,28,pos 9 plies ago,1,0
leaky,14000,20261001-43-NbWz,28,pos 9 plies ago,1,1
leaky,14000,20261001-43-NbWz,28,pos 9 plies ago,1,2
leaky,14000,20261001-43-NbWz,28,pos 9 plies ago,1,3
leaky,14000,20261001-43-NbWz,28,pos 9 plies ago,2,-3
leaky,14000,20261001-43-NbWz,28,pos 9 plies ago,2,-2
leaky,14000,20261001-43-NbWz,28,pos 9 plies ago,2,-1
leaky,14000,20261001-43-NbWz,28,pos 9 plies ago,2,0
leaky,14000,20261001-43-NbWz,28,pos 9 plies ago,2,1
leaky,14000,20261001-43-NbWz,28,pos 9 plies ago,2,2
leaky,14000,20261001-43-NbWz,28,pos 9 plies ago,2,3
leaky,14000,20261001-43-NbWz,28,pos 9 plies ago,3,-3
leaky,14000,20261001-43-NbWz,28,pos 9 plies ago,3,-2
leaky,14000,20261001-43-NbWz,28,pos 9 plies ago,3,-1
leaky,14000,20261001-43-NbWz,28,pos 9 plies ago,3,0
leaky,14000,20261001-43-NbWz,28,pos 9 plies ago,3,1
leaky,14000,20261001-43-NbWz,28,pos 9 plies ago,3,2
leaky,14000,20261001-43-NbWz,28,pos 9 plies ago,3,3
leaky,15000,20261001-43-NbWz,16,en passant,3,-3
leaky,15000,20261001-43-NbWz,16,en passant,3,-2
leaky,15000,20261001-43-NbWz,16,en passant,3,-1
leaky,15000,20261001-43-NbWz,16,en passant,3,0
leaky,15000,20261001-43-NbWz,16,en passant,3,1
leaky,15000,20261001-43-NbWz,16,en passant,3,2
leaky,15000,20261001-43-NbWz,16,en passant,3,3
leaky,15000,20261001-43-NbWz,19,rep >=2 before,-3,-3
leaky,15000,20261001-43-NbWz,19,rep >=2 before,-3,-2
leaky,15000,20261001-43-NbWz,19,rep >=2 before,-3,-1
leaky,15000,20261001-43-NbWz,19,rep >=2 before,-3,0
leaky,15000,20261001-43-NbWz,19,rep >=2 before,-3,1
leaky,15000,20261001-43-NbWz,19,rep >=2 before,-3,2
leaky,15000,20261001-43-NbWz,19,rep >=2 before,-3,3
leaky,15000,20261001-43-NbWz,19,rep >=2 before,-2,-3
leaky,15000,20261001-43-NbWz,19,rep >=2 before,-2,-2
leaky,15000,20261001-43-NbWz,19,rep >=2 before,-2,-1
leaky,15000,20261001-43-NbWz,19,rep >=2 before,-2,0
leaky,15000,20261001-43-NbWz,19,rep >=2 before,-2,1
leaky,15000,20261001-43-NbWz,19,rep >=2 before,-2,2
leaky,15000,20261001-43-NbWz,19,rep >=2 before,-2,3
leaky,15000,20261001-43-NbWz,19,rep >=2 before,-1,-3
leaky,15000,20261001-43-NbWz,19,rep >=2 before,-1,-2
leaky,15000,20261001-43-NbWz,19,rep >=2 before,-1,-1
leaky,15000,20261001-43-NbWz,19,rep >=2 before,-1,0
leaky,15000,20261001-43-NbWz,19,rep >=2 before,-1,1
leaky,15000,20261001-43-NbWz,19,rep >=2 before,-1,2
leaky,15000,20261001-43-NbWz,19,rep >=2 before,-1,3
leaky,15000,20261001-43-NbWz,19,rep >=2 before,0,-3
leaky,15000,20261001-43-NbWz,19,rep >=2 before,0,-2
leaky,15000,20261001-43-NbWz,19,rep >=2 before,0,-1
leaky,15000,20261001-43-NbWz,19,rep >=2 before,0,0
leaky,15000,20261001-43-NbWz,19,rep >=2 before,0,1
leaky,15000,20261001-43-NbWz,19,rep >=2 before,0,2
leaky,15000,20261001-43-NbWz,19,rep >=2 before,0,3
leaky,15000,20261001-43-NbWz,19,rep >=2 before,1,-3
leaky,15000,20261001-43-NbWz,19,rep >=2 before,1,-2
leaky,15000,20261001-43-NbWz,19,rep >=2 before,1,-1
leaky,15000,20261001-43-NbWz,19,rep >=2 before,1,0
leaky,15000,20261001-43-NbWz,19,rep >=2 before,1,1
leaky,15000,20261001-43-NbWz,19,rep >=2 before,1,2
leaky,15000,20261001-43-NbWz,19,rep >=2 before,1,3
leaky,15000,20261001-43-NbWz,19,rep >=2 before,2,-3
leaky,15000,20261001-43-NbWz,19,rep >=2 before,2,-2
leaky,15000,20261001-43-NbWz,19,rep >=2 before,2,-1
leaky,15000,20261001-43-NbWz,19,rep >=2 before,2,0
leaky,15000,20261001-43-NbWz,19,rep >=2 before,2,1
leaky,15000,20261001-43-NbWz,19,rep >=2 before,2,2
leaky,15000,20261001-43-NbWz,19,rep >=2 before,2,3
leaky,15000,20261001-43-NbWz,19,rep >=2 before,3,-3
leaky,15000,20261001-43-NbWz,19,rep >=2 before,3,-2
leaky,15000,20261001-43-NbWz,19,rep >=2 before,3,-1
leaky,15000,20261001-43-NbWz,19,rep >=2 before,3,0
leaky,15000,20261001-43-NbWz,19,rep >=2 before,3,1
leaky,15000,20261001-43-NbWz,19,rep >=2 before,3,2
leaky,15000,20261001-43-NbWz,19,rep >=2 before,3,3
leaky,15000,20261001-43-NbWz,20,pos 1 plies ago,-3,-3
leaky,15000,20261001-43-NbWz,20,pos 1 plies ago,-3,-2
leaky,15000,20261001-43-NbWz,20,pos 1 plies ago,-3,-1
leaky,15000,20261001-43-NbWz,20,pos 1 plies ago,-3,0
leaky,15000,20261001-43-NbWz,20,pos 1 plies ago,-3,1
leaky,15000,20261001-43-NbWz,20,pos 1 plies ago,-3,2
leaky,15000,20261001-43-NbWz,20,pos 1 plies ago,-3,3
leaky,15000,20261001-43-NbWz,20,pos 1 plies ago,-2,-3
leaky,15000,20261001-43-NbWz,20,pos 1 plies ago,-2,-2
leaky,15000,20261001-43-NbWz,20,pos 1 plies ago,-2,-1
leaky,15000,20261001-43-NbWz,20,pos 1 plies ago,-2,0
leaky,15000,20261001-43-NbWz,20,pos 1 plies ago,-2,1
leaky,15000,20261001-43-NbWz,20,pos 1 plies ago,-2,2
leaky,15000,20261001-43-NbWz,20,pos 1 plies ago,-2,3
leaky,15000,20261001-43-NbWz,20,pos 1 plies ago,-1,-3
leaky,15000,20261001-43-NbWz,20,pos 1 plies ago,-1,-2
leaky,15000,20261001-43-NbWz,20,pos 1 plies ago,-1,-1
leaky,15000,20261001-43-NbWz,20,pos 1 plies ago,-1,0
leaky,15000,20261001-43-NbWz,20,pos 1 plies ago,-1,1
leaky,15000,20261001-43-NbWz,20,pos 1 plies ago,-1,2
leaky,15000,20261001-43-NbWz,20,pos 1 plies ago,-1,3
leaky,15000,20261001-43-NbWz,20,pos 1 plies ago,0,-3
leaky,15000,20261001-43-NbWz,20,pos 1 plies ago,0,-2
leaky,15000,20261001-43-NbWz,20,pos 1 plies ago,0,-1
leaky,15000,20261001-43-NbWz,20,pos 1 plies ago,0,0
leaky,15000,20261001-43-NbWz,20,pos 1 plies ago,0,1
leaky,15000,20261001-43-NbWz,20,pos 1 plies ago,0,2
leaky,15000,20261001-43-NbWz,20,pos 1 plies ago,0,3
leaky,15000,20261001-43-NbWz,20,pos 1 plies ago,1,-3
leaky,15000,20261001-43-NbWz,20,pos 1 plies ago,1,-2
leaky,15000,20261001-43-NbWz,20,pos 1 plies ago,1,-1
leaky,15000,20261001-43-NbWz,20,pos 1 plies ago,1,0
leaky,15000,20261001-43-NbWz,20,pos 1 plies ago,1,1
leaky,15000,20261001-43-NbWz,20,pos 1 plies ago,1,2
leaky,15000,20261001-43-NbWz,20,pos 1 plies ago,1,3
leaky,15000,20261001-43-NbWz,20,pos 1 plies ago,2,-3
leaky,15000,20261001-43-NbWz,20,pos 1 plies ago,2,-2
leaky,15000,20261001-43-NbWz,20,pos 1 plies ago,2,-1
leaky,15000,20261001-43-NbWz,20,pos 1 plies ago,2,0
leaky,15000,20261001-43-NbWz,20,pos 1 plies ago,2,1
leaky,15000,20261001-43-NbWz,20,pos 1 plies ago,2,2
leaky,15000,20261001-43-NbWz,20,pos 1 plies ago,2,3
leaky,15000,20261001-43-NbWz,20,pos 1 plies ago,3,-3
leaky,15000,20261001-43-NbWz,20,pos 1 plies ago,3,-2
leaky,15000,20261001-43-NbWz,20,pos 1 plies ago,3,-1
leaky,15000,20261001-43-NbWz,20,pos 1 plies ago,3,0
leaky,15000,20261001-43-NbWz,20,pos 1 plies ago,3,1
leaky,15000,20261001-43-NbWz,20,pos 1 plies ago,3,2
leaky,15000,20261001-43-NbWz,20,pos 1 plies ago,3,3
leaky,15000,20261001-43-NbWz,21,pos 2 plies ago,-3,-3
leaky,15000,20261001-43-NbWz,21,pos 2 plies ago,-3,-2
leaky,15000,20261001-43-NbWz,21,pos 2 plies ago,-3,-1
leaky,15000,20261001-43-NbWz,21,pos 2 plies ago,-3,0
leaky,15000,20261001-43-NbWz,21,pos 2 plies ago,-3,1
leaky,15000,20261001-43-NbWz,21,pos 2 plies ago,-3,2
leaky,15000,20261001-43-NbWz,21,pos 2 plies ago,-3,3
leaky,15000,20261001-43-NbWz,21,pos 2 plies ago,-2,-3
leaky,15000,20261001-43-NbWz,21,pos 2 plies ago,-2,-2
leaky,15000,20261001-43-NbWz,21,pos 2 plies ago,-2,-1
leaky,15000,20261001-43-NbWz,21,pos 2 plies ago,-2,0
leaky,15000,20261001-43-NbWz,21,pos 2 plies ago,-2,1
leaky,15000,20261001-43-NbWz,21,pos 2 plies ago,-2,2
leaky,15000,20261001-43-NbWz,21,pos 2 plies ago,-2,3
leaky,15000,20261001-43-NbWz,21,pos 2 plies ago,-1,-3
leaky,15000,20261001-43-NbWz,21,pos 2 plies ago,-1,-2
leaky,15000,20261001-43-NbWz,21,pos 2 plies ago,-1,-1
leaky,15000,20261001-43-NbWz,21,pos 2 plies ago,-1,0
leaky,15000,20261001-43-NbWz,21,pos 2 plies ago,-1,1
leaky,15000,20261001-43-NbWz,21,pos 2 plies ago,-1,2
leaky,15000,20261001-43-NbWz,21,pos 2 plies ago,-1,3
leaky,15000,20261001-43-NbWz,21,pos 2 plies ago,0,-3
leaky,15000,20261001-43-NbWz,21,pos 2 plies ago,0,-2
leaky,15000,20261001-43-NbWz,21,pos 2 plies ago,0,-1
leaky,15000,20261001-43-NbWz,21,pos 2 plies ago,0,0
leaky,15000,20261001-43-NbWz,21,pos 2 plies ago,0,1
leaky,15000,20261001-43-NbWz,21,pos 2 plies ago,0,2
leaky,15000,20261001-43-NbWz,21,pos 2 plies ago,0,3
leaky,15000,20261001-43-NbWz,21,pos 2 plies ago,1,-3
leaky,15000,20261001-43-NbWz,21,pos 2 plies ago,1,-2
leaky,15000,20261001-43-NbWz,21,pos 2 plies ago,1,-1
leaky,15000,20261001-43-NbWz,21,pos 2 plies ago,1,0
leaky,15000,20261001-43-NbWz,21,pos 2 plies ago,1,1
leaky,15000,20261001-43-NbWz,21,pos 2 plies ago,1,2
leaky,15000,20261001-43-NbWz,21,pos 2 plies ago,1,3
leaky,15000,20261001-43-NbWz,21,pos 2 plies ago,2,-3
leaky,15000,20261001-43-NbWz,21,pos 2 plies ago,2,-2
leaky,15000,20261001-43-NbWz,21,pos 2 plies ago,2,-1
leaky,15000,20261001-43-NbWz,21,pos 2 plies ago,2,0
leaky,15000,20261001-43-NbWz,21,pos 2 plies ago,2,1
leaky,15000,20261001-43-NbWz,21,pos 2 plies ago,2,2
leaky,15000,20261001-43-NbWz,21,pos 2 plies ago,2,3
leaky,15000,20261001-43-NbWz,21,pos 2 plies ago,3,-3
leaky,15000,20261001-43-NbWz,21,pos 2 plies ago,3,-2
leaky,15000,20261001-43-NbWz,21,pos 2 plies ago,3,-1
leaky,15000,20261001-43-NbWz,21,pos 2 plies ago,3,0
leaky,15000,20261001-43-NbWz,21,pos 2 plies ago,3,1
leaky,15000,20261001-43-NbWz,21,pos 2 plies ago,3,2
leaky,15000,20261001-43-NbWz,21,pos 2 plies ago,3,3
leaky,15000,20261001-43-NbWz,22,pos 3 plies ago,-3,-3
leaky,15000,20261001-43-NbWz,22,pos 3 plies ago,-3,-2
leaky,15000,20261001-43-NbWz,22,pos 3 plies ago,-3,-1
leaky,15000,20261001-43-NbWz,22,pos 3 plies ago,-3,0
leaky,15000,20261001-43-NbWz,22,pos 3 plies ago,-3,1
leaky,15000,20261001-43-NbWz,22,pos 3 plies ago,-3,2
leaky,15000,20261001-43-NbWz,22,pos 3 plies ago,-3,3
leaky,15000,20261001-43-NbWz,22,pos 3 plies ago,-2,-3
leaky,15000,20261001-43-NbWz,22,pos 3 plies ago,-2,-2
leaky,15000,20261001-43-NbWz,22,pos 3 plies ago,-2,-1
leaky,15000,20261001-43-NbWz,22,pos 3 plies ago,-2,0
leaky,15000,20261001-43-NbWz,22,pos 3 plies ago,-2,1
leaky,15000,20261001-43-NbWz,22,pos 3 plies ago,-2,2
leaky,15000,20261001-43-NbWz,22,pos 3 plies ago,-2,3
leaky,15000,20261001-43-NbWz,22,pos 3 plies ago,-1,-3
leaky,15000,20261001-43-NbWz,22,pos 3 plies ago,-1,-2
leaky,15000,20261001-43-NbWz,22,pos 3 plies ago,-1,-1
leaky,15000,20261001-43-NbWz,22,pos 3 plies ago,-1,0
leaky,15000,20261001-43-NbWz,22,pos 3 plies ago,-1,1
leaky,15000,20261001-43-NbWz,22,pos 3 plies ago,-1,2
leaky,15000,20261001-43-NbWz,22,pos 3 plies ago,-1,3
leaky,15000,20261001-43-NbWz,22,pos 3 plies ago,0,-3
leaky,15000,20261001-43-NbWz,22,pos 3 plies ago,0,-2
leaky,15000,20261001-43-NbWz,22,pos 3 plies ago,0,-1
leaky,15000,20261001-43-NbWz,22,pos 3 plies ago,0,0
leaky,15000,20261001-43-NbWz,22,pos 3 plies ago,0,1
leaky,15000,20261001-43-NbWz,22,pos 3 plies ago,0,2
leaky,15000,20261001-43-NbWz,22,pos 3 plies ago,0,3
leaky,15000,20261001-43-NbWz,22,pos 3 plies ago,1,-3
leaky,15000,20261001-43-NbWz,22,pos 3 plies ago,1,-2
leaky,15000,20261001-43-NbWz,22,pos 3 plies ago,1,-1
leaky,15000,20261001-43-NbWz,22,pos 3 plies ago,1,0
leaky,15000,20261001-43-NbWz,22,pos 3 plies ago,1,1
leaky,15000,20261001-43-NbWz,22,pos 3 plies ago,1,2
leaky,15000,20261001-43-NbWz,22,pos 3 plies ago,1,3
leaky,15000,20261001-43-NbWz,22,pos 3 plies ago,2,-3
leaky,15000,20261001-43-NbWz,22,pos 3 plies ago,2,-2
leaky,15000,20261001-43-NbWz,22,pos 3 plies ago,2,-1
leaky,15000,20261001-43-NbWz,22,pos 3 plies ago,2,0
leaky,15000,20261001-43-NbWz,22,pos 3 plies ago,2,1
leaky,15000,20261001-43-NbWz,22,pos 3 plies ago,2,2
leaky,15000,20261001-43-NbWz,22,pos 3 plies ago,2,3
leaky,15000,20261001-43-NbWz,22,pos 3 plies ago,3,-3
leaky,15000,20261001-43-NbWz,22,pos 3 plies ago,3,-2
leaky,15000,20261001-43-NbWz,22,pos 3 plies ago,3,-1
leaky,15000,20261001-43-NbWz,22,pos 3 plies ago,3,0
leaky,15000,20261001-43-NbWz,22,pos 3 plies ago,3,1
leaky,15000,20261001-43-NbWz,22,pos 3 plies ago,3,2
leaky,15000,20261001-43-NbWz,22,pos 3 plies ago,3,3
leaky,15000,20261001-43-NbWz,24,pos 5 plies ago,-3,-3
leaky,15000,20261001-43-NbWz,24,pos 5 plies ago,-3,-2
leaky,15000,20261001-43-NbWz,24,pos 5 plies ago,-3,-1
leaky,15000,20261001-43-NbWz,24,pos 5 plies ago,-3,0
leaky,15000,20261001-43-NbWz,24,pos 5 plies ago,-3,1
leaky,15000,20261001-43-NbWz,24,pos 5 plies ago,-3,2
leaky,15000,20261001-43-NbWz,24,pos 5 plies ago,-3,3
leaky,15000,20261001-43-NbWz,24,pos 5 plies ago,-2,-3
leaky,15000,20261001-43-NbWz,24,pos 5 plies ago,-2,-2
leaky,15000,20261001-43-NbWz,24,pos 5 plies ago,-2,-1
leaky,15000,20261001-43-NbWz,24,pos 5 plies ago,-2,0
leaky,15000,20261001-43-NbWz,24,pos 5 plies ago,-2,1
leaky,15000,20261001-43-NbWz,24,pos 5 plies ago,-2,2
leaky,15000,20261001-43-NbWz,24,pos 5 plies ago,-2,3
leaky,15000,20261001-43-NbWz,24,pos 5 plies ago,-1,-3
leaky,15000,20261001-43-NbWz,24,pos 5 plies ago,-1,-2
leaky,15000,20261001-43-NbWz,24,pos 5 plies ago,-1,-1
leaky,15000,20261001-43-NbWz,24,pos 5 plies ago,-1,0
leaky,15000,20261001-43-NbWz,24,pos 5 plies ago,-1,1
leaky,15000,20261001-43-NbWz,24,pos 5 plies ago,-1,2
leaky,15000,20261001-43-NbWz,24,pos 5 plies ago,-1,3
leaky,15000,20261001-43-NbWz,24,pos 5 plies ago,0,-3
leaky,15000,20261001-43-NbWz,24,pos 5 plies ago,0,-2
leaky,15000,20261001-43-NbWz,24,pos 5 plies ago,0,-1
leaky,15000,20261001-43-NbWz,24,pos 5 plies ago,0,0
leaky,15000,20261001-43-NbWz,24,pos 5 plies ago,0,1
leaky,15000,20261001-43-NbWz,24,pos 5 plies ago,0,2
leaky,15000,20261001-43-NbWz,24,pos 5 plies ago,0,3
leaky,15000,20261001-43-NbWz,24,pos 5 plies ago,1,-3
leaky,15000,20261001-43-NbWz,24,pos 5 plies ago,1,-2
leaky,15000,20261001-43-NbWz,24,pos 5 plies ago,1,-1
leaky,15000,20261001-43-NbWz,24,pos 5 plies ago,1,0
leaky,15000,20261001-43-NbWz,24,pos 5 plies ago,1,1
leaky,15000,20261001-43-NbWz,24,pos 5 plies ago,1,2
leaky,15000,20261001-43-NbWz,24,pos 5 plies ago,1,3
leaky,15000,20261001-43-NbWz,24,pos 5 plies ago,2,-3
leaky,15000,20261001-43-NbWz,24,pos 5 plies ago,2,-2
leaky,15000,20261001-43-NbWz,24,pos 5 plies ago,2,-1
leaky,15000,20261001-43-NbWz,24,pos 5 plies ago,2,0
leaky,15000,20261001-43-NbWz,24,pos 5 plies ago,2,1
leaky,15000,20261001-43-NbWz,24,pos 5 plies ago,2,2
leaky,15000,20261001-43-NbWz,24,pos 5 plies ago,2,3
leaky,15000,20261001-43-NbWz,24,pos 5 plies ago,3,-3
leaky,15000,20261001-43-NbWz,24,pos 5 plies ago,3,-2
leaky,15000,20261001-43-NbWz,24,pos 5 plies ago,3,-1
leaky,15000,20261001-43-NbWz,24,pos 5 plies ago,3,0
leaky,15000,20261001-43-NbWz,24,pos 5 plies ago,3,1
leaky,15000,20261001-43-NbWz,24,pos 5 plies ago,3,2
leaky,15000,20261001-43-NbWz,24,pos 5 plies ago,3,3
leaky,15000,20261001-43-NbWz,26,pos 7 plies ago,-3,-3
leaky,15000,20261001-43-NbWz,26,pos 7 plies ago,-3,-2
leaky,15000,20261001-43-NbWz,26,pos 7 plies ago,-3,-1
leaky,15000,20261001-43-NbWz,26,pos 7 plies ago,-3,0
leaky,15000,20261001-43-NbWz,26,pos 7 plies ago,-3,1
leaky,15000,20261001-43-NbWz,26,pos 7 plies ago,-3,2
leaky,15000,20261001-43-NbWz,26,pos 7 plies ago,-3,3
leaky,15000,20261001-43-NbWz,26,pos 7 plies ago,-2,-3
leaky,15000,20261001-43-NbWz,26,pos 7 plies ago,-2,-2
leaky,15000,20261001-43-NbWz,26,pos 7 plies ago,-2,-1
leaky,15000,20261001-43-NbWz,26,pos 7 plies ago,-2,0
leaky,15000,20261001-43-NbWz,26,pos 7 plies ago,-2,1
leaky,15000,20261001-43-NbWz,26,pos 7 plies ago,-2,2
leaky,15000,20261001-43-NbWz,26,pos 7 plies ago,-2,3
leaky,15000,20261001-43-NbWz,26,pos 7 plies ago,-1,-3
leaky,15000,20261001-43-NbWz,26,pos 7 plies ago,-1,-2
leaky,15000,20261001-43-NbWz,26,pos 7 plies ago,-1,-1
leaky,15000,20261001-43-NbWz,26,pos 7 plies ago,-1,0
leaky,15000,20261001-43-NbWz,26,pos 7 plies ago,-1,1
leaky,15000,20261001-43-NbWz,26,pos 7 plies ago,-1,2
leaky,15000,20261001-43-NbWz,26,pos 7 plies ago,-1,3
leaky,15000,20261001-43-NbWz,26,pos 7 plies ago,0,-3
leaky,15000,20261001-43-NbWz,26,pos 7 plies ago,0,-2
leaky,15000,20261001-43-NbWz,26,pos 7 plies ago,0,-1
leaky,15000,20261001-43-NbWz,26,pos 7 plies ago,0,0
leaky,15000,20261001-43-NbWz,26,pos 7 plies ago,0,1
leaky,15000,20261001-43-NbWz,26,pos 7 plies ago,0,2
leaky,15000,20261001-43-NbWz,26,pos 7 plies ago,0,3
leaky,15000,20261001-43-NbWz,26,pos 7 plies ago,1,-3
leaky,15000,20261001-43-NbWz,26,pos 7 plies ago,1,-2
leaky,15000,20261001-43-NbWz,26,pos 7 plies ago,1,-1
leaky,15000,20261001-43-NbWz,26,pos 7 plies ago,1,0
leaky,15000,20261001-43-NbWz,26,pos 7 plies ago,1,1
leaky,15000,20261001-43-NbWz,26,pos 7 plies ago,1,2
leaky,15000,20261001-43-NbWz,26,pos 7 plies ago,1,3
leaky,15000,20261001-43-NbWz,26,pos 7 plies ago,2,-3
leaky,15000,20261001-43-NbWz,26,pos 7 plies ago,2,-2
leaky,15000,20261001-43-NbWz,26,pos 7 plies ago,2,-1
leaky,15000,20261001-43-NbWz,26,pos 7 plies ago,2,0
leaky,15000,20261001-43-NbWz,26,pos 7 plies ago,2,1
leaky,15000,20261001-43-NbWz,26,pos 7 plies ago,2,2
leaky,15000,20261001-43-NbWz,26,pos 7 plies ago,2,3
leaky,15000,20261001-43-NbWz,26,pos 7 plies ago,3,-3
leaky,15000,20261001-43-NbWz,26,pos 7 plies ago,3,-2
leaky,15000,20261001-43-NbWz,26,pos 7 plies ago,3,-1
leaky,15000,20261001-43-NbWz,26,pos 7 plies ago,3,0
leaky,15000,20261001-43-NbWz,26,pos 7 plies ago,3,1
leaky,15000,20261001-43-NbWz,26,pos 7 plies ago,3,2
leaky,15000,20261001-43-NbWz,26,pos 7 plies ago,3,3
leaky,15000,20261001-43-NbWz,28,pos 9 plies ago,-3,-3
leaky,15000,20261001-43-NbWz,28,pos 9 plies ago,-3,-2
leaky,15000,20261001-43-NbWz,28,pos 9 plies ago,-3,-1
leaky,15000,20261001-43-NbWz,28,pos 9 plies ago,-3,0
leaky,15000,20261001-43-NbWz,28,pos 9 plies ago,-3,1
leaky,15000,20261001-43-NbWz,28,pos 9 plies ago,-3,2
leaky,15000,20261001-43-NbWz,28,pos 9 plies ago,-3,3
leaky,15000,20261001-43-NbWz,28,pos 9 plies ago,-2,-3
leaky,15000,20261001-43-NbWz,28,pos 9 plies ago,-2,-2
leaky,15000,20261001-43-NbWz,28,pos 9 plies ago,-2,-1
leaky,15000,20261001-43-NbWz,28,pos 9 plies ago,-2,0
leaky,15000,20261001-43-NbWz,28,pos 9 plies ago,-2,1
leaky,15000,20261001-43-NbWz,28,pos 9 plies ago,-2,2
leaky,15000,20261001-43-NbWz,28,pos 9 plies ago,-2,3
leaky,15000,20261001-43-NbWz,28,pos 9 plies ago,-1,-3
leaky,15000,20261001-43-NbWz,28,pos 9 plies ago,-1,-2
leaky,15000,20261001-43-NbWz,28,pos 9 plies ago,-1,-1
leaky,15000,20261001-43-NbWz,28,pos 9 plies ago,-1,0
leaky,15000,20261001-43-NbWz,28,pos 9 plies ago,-1,1
leaky,15000,20261001-43-NbWz,28,pos 9 plies ago,-1,2
leaky,15000,20261001-43-NbWz,28,pos 9 plies ago,-1,3
leaky,15000,20261001-43-NbWz,28,pos 9 plies ago,0,-3
leaky,15000,20261001-43-NbWz,28,pos 9 plies ago,0,-2
leaky,15000,20261001-43-NbWz,28,pos 9 plies ago,0,-1
leaky,15000,20261001-43-NbWz,28,pos 9 plies ago,0,0
leaky,15000,20261001-43-NbWz,28,pos 9 plies ago,0,1
leaky,15000,20261001-43-NbWz,28,pos 9 plies ago,0,2
leaky,15000,20261001-43-NbWz,28,pos 9 plies ago,0,3
leaky,15000,20261001-43-NbWz,28,pos 9 plies ago,1,-3
leaky,15000,20261001-43-NbWz,28,pos 9 plies ago,1,-2
leaky,15000,20261001-43-NbWz,28,pos 9 plies ago,1,-1
leaky,15000,20261001-43-NbWz,28,pos 9 plies ago,1,0
leaky,15000,20261001-43-NbWz,28,pos 9 plies ago,1,1
leaky,15000,20261001-43-NbWz,28,pos 9 plies ago,1,2
leaky,15000,20261001-43-NbWz,28,pos 9 plies ago,1,3
leaky,15000,20261001-43-NbWz,28,pos 9 plies ago,2,-3
leaky,15000,20261001-43-NbWz,28,pos 9 plies ago,2,-2
leaky,15000,20261001-43-NbWz,28,pos 9 plies ago,2,-1
leaky,15000,20261001-43-NbWz,28,pos 9 plies ago,2,0
leaky,15000,20261001-43-NbWz,28,pos 9 plies ago,2,1
leaky,15000,20261001-43-NbWz,28,pos 9 plies ago,2,2
leaky,15000,20261001-43-NbWz,28,pos 9 plies ago,2,3
leaky,15000,20261001-43-NbWz,28,pos 9 plies ago,3,-3
leaky,15000,20261001-43-NbWz,28,pos 9 plies ago,3,-2
leaky,15000,20261001-43-NbWz,28,pos 9 plies ago,3,-1
leaky,15000,20261001-43-NbWz,28,pos 9 plies ago,3,0
leaky,15000,20261001-43-NbWz,28,pos 9 plies ago,3,1
leaky,15000,20261001-43-NbWz,28,pos 9 plies ago,3,2
leaky,15000,20261001-43-NbWz,28,pos 9 plies ago,3,3
leaky,16000,20261001-43-NbWz,16,en passant,3,-3
leaky,16000,20261001-43-NbWz,16,en passant,3,-2
leaky,16000,20261001-43-NbWz,16,en passant,3,-1
leaky,16000,20261001-43-NbWz,16,en passant,3,0
leaky,16000,20261001-43-NbWz,16,en passant,3,1
leaky,16000,20261001-43-NbWz,16,en passant,3,2
leaky,16000,20261001-43-NbWz,16,en passant,3,3
leaky,16000,20261001-43-NbWz,19,rep >=2 before,-3,-3
leaky,16000,20261001-43-NbWz,19,rep >=2 before,-3,-2
leaky,16000,20261001-43-NbWz,19,rep >=2 before,-3,-1
leaky,16000,20261001-43-NbWz,19,rep >=2 before,-3,0
leaky,16000,20261001-43-NbWz,19,rep >=2 before,-3,1
leaky,16000,20261001-43-NbWz,19,rep >=2 before,-3,2
leaky,16000,20261001-43-NbWz,19,rep >=2 before,-3,3
leaky,16000,20261001-43-NbWz,19,rep >=2 before,-2,-3
leaky,16000,20261001-43-NbWz,19,rep >=2 before,-2,-2
leaky,16000,20261001-43-NbWz,19,rep >=2 before,-2,-1
leaky,16000,20261001-43-NbWz,19,rep >=2 before,-2,0
leaky,16000,20261001-43-NbWz,19,rep >=2 before,-2,1
leaky,16000,20261001-43-NbWz,19,rep >=2 before,-2,2
leaky,16000,20261001-43-NbWz,19,rep >=2 before,-2,3
leaky,16000,20261001-43-NbWz,19,rep >=2 before,-1,-3
leaky,16000,20261001-43-NbWz,19,rep >=2 before,-1,-2
leaky,16000,20261001-43-NbWz,19,rep >=2 before,-1,-1
leaky,16000,20261001-43-NbWz,19,rep >=2 before,-1,0
leaky,16000,20261001-43-NbWz,19,rep >=2 before,-1,1
leaky,16000,20261001-43-NbWz,19,rep >=2 before,-1,2
leaky,16000,20261001-43-NbWz,19,rep >=2 before,-1,3
leaky,16000,20261001-43-NbWz,19,rep >=2 before,0,-3
leaky,16000,20261001-43-NbWz,19,rep >=2 before,0,-2
leaky,16000,20261001-43-NbWz,19,rep >=2 before,0,-1
leaky,16000,20261001-43-NbWz,19,rep >=2 before,0,0
leaky,16000,20261001-43-NbWz,19,rep >=2 before,0,1
leaky,16000,20261001-43-NbWz,19,rep >=2 before,0,2
leaky,16000,20261001-43-NbWz,19,rep >=2 before,0,3
leaky,16000,20261001-43-NbWz,19,rep >=2 before,1,-3
leaky,16000,20261001-43-NbWz,19,rep >=2 before,1,-2
leaky,16000,20261001-43-NbWz,19,rep >=2 before,1,-1
leaky,16000,20261001-43-NbWz,19,rep >=2 before,1,0
leaky,16000,20261001-43-NbWz,19,rep >=2 before,1,1
leaky,16000,20261001-43-NbWz,19,rep >=2 before,1,2
leaky,16000,20261001-43-NbWz,19,rep >=2 before,1,3
leaky,16000,20261001-43-NbWz,19,rep >=2 before,2,-3
leaky,16000,20261001-43-NbWz,19,rep >=2 before,2,-2
leaky,16000,20261001-43-NbWz,19,rep >=2 before,2,-1
leaky,16000,20261001-43-NbWz,19,rep >=2 before,2,0
leaky,16000,20261001-43-NbWz,19,rep >=2 before,2,1
leaky,16000,20261001-43-NbWz,19,rep >=2 before,2,2
leaky,16000,20261001-43-NbWz,19,rep >=2 before,2,3
leaky,16000,20261001-43-NbWz,19,rep >=2 before,3,-3
leaky,16000,20261001-43-NbWz,19,rep >=2 before,3,-2
leaky,16000,20261001-43-NbWz,19,rep >=2 before,3,-1
leaky,16000,20261001-43-NbWz,19,rep >=2 before,3,0
leaky,16000,20261001-43-NbWz,19,rep >=2 before,3,1
leaky,16000,20261001-43-NbWz,19,rep >=2 before,3,2
leaky,16000,20261001-43-NbWz,19,rep >=2 before,3,3
leaky,16000,20261001-43-NbWz,20,pos 1 plies ago,-3,-3
leaky,16000,20261001-43-NbWz,20,pos 1 plies ago,-3,-2
leaky,16000,20261001-43-NbWz,20,pos 1 plies ago,-3,-1
leaky,16000,20261001-43-NbWz,20,pos 1 plies ago,-3,0
leaky,16000,20261001-43-NbWz,20,pos 1 plies ago,-3,1
leaky,16000,20261001-43-NbWz,20,pos 1 plies ago,-3,2
leaky,16000,20261001-43-NbWz,20,pos 1 plies ago,-3,3
leaky,16000,20261001-43-NbWz,20,pos 1 plies ago,-2,-3
leaky,16000,20261001-43-NbWz,20,pos 1 plies ago,-2,-2
leaky,16000,20261001-43-NbWz,20,pos 1 plies ago,-2,-1
leaky,16000,20261001-43-NbWz,20,pos 1 plies ago,-2,0
leaky,16000,20261001-43-NbWz,20,pos 1 plies ago,-2,1
leaky,16000,20261001-43-NbWz,20,pos 1 plies ago,-2,2
leaky,16000,20261001-43-NbWz,20,pos 1 plies ago,-2,3
leaky,16000,20261001-43-NbWz,20,pos 1 plies ago,-1,-3
leaky,16000,20261001-43-NbWz,20,pos 1 plies ago,-1,-2
leaky,16000,20261001-43-NbWz,20,pos 1 plies ago,-1,-1
leaky,16000,20261001-43-NbWz,20,pos 1 plies ago,-1,0
leaky,16000,20261001-43-NbWz,20,pos 1 plies ago,-1,1
leaky,16000,20261001-43-NbWz,20,pos 1 plies ago,-1,2
leaky,16000,20261001-43-NbWz,20,pos 1 plies ago,-1,3
leaky,16000,20261001-43-NbWz,20,pos 1 plies ago,0,-3
leaky,16000,20261001-43-NbWz,20,pos 1 plies ago,0,-2
leaky,16000,20261001-43-NbWz,20,pos 1 plies ago,0,-1
leaky,16000,20261001-43-NbWz,20,pos 1 plies ago,0,0
leaky,16000,20261001-43-NbWz,20,pos 1 plies ago,0,1
leaky,16000,20261001-43-NbWz,20,pos 1 plies ago,0,2
leaky,16000,20261001-43-NbWz,20,pos 1 plies ago,0,3
leaky,16000,20261001-43-NbWz,20,pos 1 plies ago,1,-3
leaky,16000,20261001-43-NbWz,20,pos 1 plies ago,1,-2
leaky,16000,20261001-43-NbWz,20,pos 1 plies ago,1,-1
leaky,16000,20261001-43-NbWz,20,pos 1 plies ago,1,0
leaky,16000,20261001-43-NbWz,20,pos 1 plies ago,1,1
leaky,16000,20261001-43-NbWz,20,pos 1 plies ago,1,2
leaky,16000,20261001-43-NbWz,20,pos 1 plies ago,1,3
leaky,16000,20261001-43-NbWz,20,pos 1 plies ago,2,-3
leaky,16000,20261001-43-NbWz,20,pos 1 plies ago,2,-2
leaky,16000,20261001-43-NbWz,20,pos 1 plies ago,2,-1
leaky,16000,20261001-43-NbWz,20,pos 1 plies ago,2,0
leaky,16000,20261001-43-NbWz,20,pos 1 plies ago,2,1
leaky,16000,20261001-43-NbWz,20,pos 1 plies ago,2,2
leaky,16000,20261001-43-NbWz,20,pos 1 plies ago,2,3
leaky,16000,20261001-43-NbWz,20,pos 1 plies ago,3,-3
leaky,16000,20261001-43-NbWz,20,pos 1 plies ago,3,-2
leaky,16000,20261001-43-NbWz,20,pos 1 plies ago,3,-1
leaky,16000,20261001-43-NbWz,20,pos 1 plies ago,3,0
leaky,16000,20261001-43-NbWz,20,pos 1 plies ago,3,1
leaky,16000,20261001-43-NbWz,20,pos 1 plies ago,3,2
leaky,16000,20261001-43-NbWz,20,pos 1 plies ago,3,3
leaky,16000,20261001-43-NbWz,21,pos 2 plies ago,-3,-3
leaky,16000,20261001-43-NbWz,21,pos 2 plies ago,-3,-2
leaky,16000,20261001-43-NbWz,21,pos 2 plies ago,-3,-1
leaky,16000,20261001-43-NbWz,21,pos 2 plies ago,-3,0
leaky,16000,20261001-43-NbWz,21,pos 2 plies ago,-3,1
leaky,16000,20261001-43-NbWz,21,pos 2 plies ago,-3,2
leaky,16000,20261001-43-NbWz,21,pos 2 plies ago,-3,3
leaky,16000,20261001-43-NbWz,21,pos 2 plies ago,-2,-3
leaky,16000,20261001-43-NbWz,21,pos 2 plies ago,-2,-2
leaky,16000,20261001-43-NbWz,21,pos 2 plies ago,-2,-1
leaky,16000,20261001-43-NbWz,21,pos 2 plies ago,-2,0
leaky,16000,20261001-43-NbWz,21,pos 2 plies ago,-2,1
leaky,16000,20261001-43-NbWz,21,pos 2 plies ago,-2,2
leaky,16000,20261001-43-NbWz,21,pos 2 plies ago,-2,3
leaky,16000,20261001-43-NbWz,21,pos 2 plies ago,-1,-3
leaky,16000,20261001-43-NbWz,21,pos 2 plies ago,-1,-2
leaky,16000,20261001-43-NbWz,21,pos 2 plies ago,-1,-1
leaky,16000,20261001-43-NbWz,21,pos 2 plies ago,-1,0
leaky,16000,20261001-43-NbWz,21,pos 2 plies ago,-1,1
leaky,16000,20261001-43-NbWz,21,pos 2 plies ago,-1,2
leaky,16000,20261001-43-NbWz,21,pos 2 plies ago,-1,3
leaky,16000,20261001-43-NbWz,21,pos 2 plies ago,0,-3
leaky,16000,20261001-43-NbWz,21,pos 2 plies ago,0,-2
leaky,16000,20261001-43-NbWz,21,pos 2 plies ago,0,-1
leaky,16000,20261001-43-NbWz,21,pos 2 plies ago,0,0
leaky,16000,20261001-43-NbWz,21,pos 2 plies ago,0,1
leaky,16000,20261001-43-NbWz,21,pos 2 plies ago,0,2
leaky,16000,20261001-43-NbWz,21,pos 2 plies ago,0,3
leaky,16000,20261001-43-NbWz,21,pos 2 plies ago,1,-3
leaky,16000,20261001-43-NbWz,21,pos 2 plies ago,1,-2
leaky,16000,20261001-43-NbWz,21,pos 2 plies ago,1,-1
leaky,16000,20261001-43-NbWz,21,pos 2 plies ago,1,0
leaky,16000,20261001-43-NbWz,21,pos 2 plies ago,1,1
leaky,16000,20261001-43-NbWz,21,pos 2 plies ago,1,2
leaky,16000,20261001-43-NbWz,21,pos 2 plies ago,1,3
leaky,16000,20261001-43-NbWz,21,pos 2 plies ago,2,-3
leaky,16000,20261001-43-NbWz,21,pos 2 plies ago,2,-2
leaky,16000,20261001-43-NbWz,21,pos 2 plies ago,2,-1
leaky,16000,20261001-43-NbWz,21,pos 2 plies ago,2,0
leaky,16000,20261001-43-NbWz,21,pos 2 plies ago,2,1
leaky,16000,20261001-43-NbWz,21,pos 2 plies ago,2,2
leaky,16000,20261001-43-NbWz,21,pos 2 plies ago,2,3
leaky,16000,20261001-43-NbWz,21,pos 2 plies ago,3,-3
leaky,16000,20261001-43-NbWz,21,pos 2 plies ago,3,-2
leaky,16000,20261001-43-NbWz,21,pos 2 plies ago,3,-1
leaky,16000,20261001-43-NbWz,21,pos 2 plies ago,3,0
leaky,16000,20261001-43-NbWz,21,pos 2 plies ago,3,1
leaky,16000,20261001-43-NbWz,21,pos 2 plies ago,3,2
leaky,16000,20261001-43-NbWz,21,pos 2 plies ago,3,3
leaky,16000,20261001-43-NbWz,22,pos 3 plies ago,-3,-3
leaky,16000,20261001-43-NbWz,22,pos 3 plies ago,-3,-2
leaky,16000,20261001-43-NbWz,22,pos 3 plies ago,-3,-1
leaky,16000,20261001-43-NbWz,22,pos 3 plies ago,-3,0
leaky,16000,20261001-43-NbWz,22,pos 3 plies ago,-3,1
leaky,16000,20261001-43-NbWz,22,pos 3 plies ago,-3,2
leaky,16000,20261001-43-NbWz,22,pos 3 plies ago,-3,3
leaky,16000,20261001-43-NbWz,22,pos 3 plies ago,-2,-3
leaky,16000,20261001-43-NbWz,22,pos 3 plies ago,-2,-2
leaky,16000,20261001-43-NbWz,22,pos 3 plies ago,-2,-1
leaky,16000,20261001-43-NbWz,22,pos 3 plies ago,-2,0
leaky,16000,20261001-43-NbWz,22,pos 3 plies ago,-2,1
leaky,16000,20261001-43-NbWz,22,pos 3 plies ago,-2,2
leaky,16000,20261001-43-NbWz,22,pos 3 plies ago,-2,3
leaky,16000,20261001-43-NbWz,22,pos 3 plies ago,-1,-3
leaky,16000,20261001-43-NbWz,22,pos 3 plies ago,-1,-2
leaky,16000,20261001-43-NbWz,22,pos 3 plies ago,-1,-1
leaky,16000,20261001-43-NbWz,22,pos 3 plies ago,-1,0
leaky,16000,20261001-43-NbWz,22,pos 3 plies ago,-1,1
leaky,16000,20261001-43-NbWz,22,pos 3 plies ago,-1,2
leaky,16000,20261001-43-NbWz,22,pos 3 plies ago,-1,3
leaky,16000,20261001-43-NbWz,22,pos 3 plies ago,0,-3
leaky,16000,20261001-43-NbWz,22,pos 3 plies ago,0,-2
leaky,16000,20261001-43-NbWz,22,pos 3 plies ago,0,-1
leaky,16000,20261001-43-NbWz,22,pos 3 plies ago,0,0
leaky,16000,20261001-43-NbWz,22,pos 3 plies ago,0,1
leaky,16000,20261001-43-NbWz,22,pos 3 plies ago,0,2
leaky,16000,20261001-43-NbWz,22,pos 3 plies ago,0,3
leaky,16000,20261001-43-NbWz,22,pos 3 plies ago,1,-3
leaky,16000,20261001-43-NbWz,22,pos 3 plies ago,1,-2
leaky,16000,20261001-43-NbWz,22,pos 3 plies ago,1,-1
leaky,16000,20261001-43-NbWz,22,pos 3 plies ago,1,0
leaky,16000,20261001-43-NbWz,22,pos 3 plies ago,1,1
leaky,16000,20261001-43-NbWz,22,pos 3 plies ago,1,2
leaky,16000,20261001-43-NbWz,22,pos 3 plies ago,1,3
leaky,16000,20261001-43-NbWz,22,pos 3 plies ago,2,-3
leaky,16000,20261001-43-NbWz,22,pos 3 plies ago,2,-2
leaky,16000,20261001-43-NbWz,22,pos 3 plies ago,2,-1
leaky,16000,20261001-43-NbWz,22,pos 3 plies ago,2,0
leaky,16000,20261001-43-NbWz,22,pos 3 plies ago,2,1
leaky,16000,20261001-43-NbWz,22,pos 3 plies ago,2,2
leaky,16000,20261001-43-NbWz,22,pos 3 plies ago,2,3
leaky,16000,20261001-43-NbWz,22,pos 3 plies ago,3,-3
leaky,16000,20261001-43-NbWz,22,pos 3 plies ago,3,-2
leaky,16000,20261001-43-NbWz,22,pos 3 plies ago,3,-1
leaky,16000,20261001-43-NbWz,22,pos 3 plies ago,3,0
leaky,16000,20261001-43-NbWz,22,pos 3 plies ago,3,1
leaky,16000,20261001-43-NbWz,22,pos 3 plies ago,3,2
leaky,16000,20261001-43-NbWz,22,pos 3 plies ago,3,3
leaky,16000,20261001-43-NbWz,24,pos 5 plies ago,-3,-3
leaky,16000,20261001-43-NbWz,24,pos 5 plies ago,-3,-2
leaky,16000,20261001-43-NbWz,24,pos 5 plies ago,-3,-1
leaky,16000,20261001-43-NbWz,24,pos 5 plies ago,-3,0
leaky,16000,20261001-43-NbWz,24,pos 5 plies ago,-3,1
leaky,16000,20261001-43-NbWz,24,pos 5 plies ago,-3,2
leaky,16000,20261001-43-NbWz,24,pos 5 plies ago,-3,3
leaky,16000,20261001-43-NbWz,24,pos 5 plies ago,-2,-3
leaky,16000,20261001-43-NbWz,24,pos 5 plies ago,-2,-2
leaky,16000,20261001-43-NbWz,24,pos 5 plies ago,-2,-1
leaky,16000,20261001-43-NbWz,24,pos 5 plies ago,-2,0
leaky,16000,20261001-43-NbWz,24,pos 5 plies ago,-2,1
leaky,16000,20261001-43-NbWz,24,pos 5 plies ago,-2,2
leaky,16000,20261001-43-NbWz,24,pos 5 plies ago,-2,3
leaky,16000,20261001-43-NbWz,24,pos 5 plies ago,-1,-3
leaky,16000,20261001-43-NbWz,24,pos 5 plies ago,-1,-2
leaky,16000,20261001-43-NbWz,24,pos 5 plies ago,-1,-1
leaky,16000,20261001-43-NbWz,24,pos 5 plies ago,-1,0
leaky,16000,20261001-43-NbWz,24,pos 5 plies ago,-1,1
leaky,16000,20261001-43-NbWz,24,pos 5 plies ago,-1,2
leaky,16000,20261001-43-NbWz,24,pos 5 plies ago,-1,3
leaky,16000,20261001-43-NbWz,24,pos 5 plies ago,0,-3
leaky,16000,20261001-43-NbWz,24,pos 5 plies ago,0,-2
leaky,16000,20261001-43-NbWz,24,pos 5 plies ago,0,-1
leaky,16000,20261001-43-NbWz,24,pos 5 plies ago,0,0
leaky,16000,20261001-43-NbWz,24,pos 5 plies ago,0,1
leaky,16000,20261001-43-NbWz,24,pos 5 plies ago,0,2
leaky,16000,20261001-43-NbWz,24,pos 5 plies ago,0,3
leaky,16000,20261001-43-NbWz,24,pos 5 plies ago,1,-3
leaky,16000,20261001-43-NbWz,24,pos 5 plies ago,1,-2
leaky,16000,20261001-43-NbWz,24,pos 5 plies ago,1,-1
leaky,16000,20261001-43-NbWz,24,pos 5 plies ago,1,0
leaky,16000,20261001-43-NbWz,24,pos 5 plies ago,1,1
leaky,16000,20261001-43-NbWz,24,pos 5 plies ago,1,2
leaky,16000,20261001-43-NbWz,24,pos 5 plies ago,1,3
leaky,16000,20261001-43-NbWz,24,pos 5 plies ago,2,-3
leaky,16000,20261001-43-NbWz,24,pos 5 plies ago,2,-2
leaky,16000,20261001-43-NbWz,24,pos 5 plies ago,2,-1
leaky,16000,20261001-43-NbWz,24,pos 5 plies ago,2,0
leaky,16000,20261001-43-NbWz,24,pos 5 plies ago,2,1
leaky,16000,20261001-43-NbWz,24,pos 5 plies ago,2,2
leaky,16000,20261001-43-NbWz,24,pos 5 plies ago,2,3
leaky,16000,20261001-43-NbWz,24,pos 5 plies ago,3,-3
leaky,16000,20261001-43-NbWz,24,pos 5 plies ago,3,-2
leaky,16000,20261001-43-NbWz,24,pos 5 plies ago,3,-1
leaky,16000,20261001-43-NbWz,24,pos 5 plies ago,3,0
leaky,16000,20261001-43-NbWz,24,pos 5 plies ago,3,1
leaky,16000,20261001-43-NbWz,24,pos 5 plies ago,3,2
leaky,16000,20261001-43-NbWz,24,pos 5 plies ago,3,3
leaky,16000,20261001-43-NbWz,26,pos 7 plies ago,-3,-3
leaky,16000,20261001-43-NbWz,26,pos 7 plies ago,-3,-2
leaky,16000,20261001-43-NbWz,26,pos 7 plies ago,-3,-1
leaky,16000,20261001-43-NbWz,26,pos 7 plies ago,-3,0
leaky,16000,20261001-43-NbWz,26,pos 7 plies ago,-3,1
leaky,16000,20261001-43-NbWz,26,pos 7 plies ago,-3,2
leaky,16000,20261001-43-NbWz,26,pos 7 plies ago,-3,3
leaky,16000,20261001-43-NbWz,26,pos 7 plies ago,-2,-3
leaky,16000,20261001-43-NbWz,26,pos 7 plies ago,-2,-2
leaky,16000,20261001-43-NbWz,26,pos 7 plies ago,-2,-1
leaky,16000,20261001-43-NbWz,26,pos 7 plies ago,-2,0
leaky,16000,20261001-43-NbWz,26,pos 7 plies ago,-2,1
leaky,16000,20261001-43-NbWz,26,pos 7 plies ago,-2,2
leaky,16000,20261001-43-NbWz,26,pos 7 plies ago,-2,3
leaky,16000,20261001-43-NbWz,26,pos 7 plies ago,-1,-3
leaky,16000,20261001-43-NbWz,26,pos 7 plies ago,-1,-2
leaky,16000,20261001-43-NbWz,26,pos 7 plies ago,-1,-1
leaky,16000,20261001-43-NbWz,26,pos 7 plies ago,-1,0
leaky,16000,20261001-43-NbWz,26,pos 7 plies ago,-1,1
leaky,16000,20261001-43-NbWz,26,pos 7 plies ago,-1,2
leaky,16000,20261001-43-NbWz,26,pos 7 plies ago,-1,3
leaky,16000,20261001-43-NbWz,26,pos 7 plies ago,0,-3
leaky,16000,20261001-43-NbWz,26,pos 7 plies ago,0,-2
leaky,16000,20261001-43-NbWz,26,pos 7 plies ago,0,-1
leaky,16000,20261001-43-NbWz,26,pos 7 plies ago,0,0
leaky,16000,20261001-43-NbWz,26,pos 7 plies ago,0,1
leaky,16000,20261001-43-NbWz,26,pos 7 plies ago,0,2
leaky,16000,20261001-43-NbWz,26,pos 7 plies ago,0,3
leaky,16000,20261001-43-NbWz,26,pos 7 plies ago,1,-3
leaky,16000,20261001-43-NbWz,26,pos 7 plies ago,1,-2
leaky,16000,20261001-43-NbWz,26,pos 7 plies ago,1,-1
leaky,16000,20261001-43-NbWz,26,pos 7 plies ago,1,0
leaky,16000,20261001-43-NbWz,26,pos 7 plies ago,1,1
leaky,16000,20261001-43-NbWz,26,pos 7 plies ago,1,2
leaky,16000,20261001-43-NbWz,26,pos 7 plies ago,1,3
leaky,16000,20261001-43-NbWz,26,pos 7 plies ago,2,-3
leaky,16000,20261001-43-NbWz,26,pos 7 plies ago,2,-2
leaky,16000,20261001-43-NbWz,26,pos 7 plies ago,2,-1
leaky,16000,20261001-43-NbWz,26,pos 7 plies ago,2,0
leaky,16000,20261001-43-NbWz,26,pos 7 plies ago,2,1
leaky,16000,20261001-43-NbWz,26,pos 7 plies ago,2,2
leaky,16000,20261001-43-NbWz,26,pos 7 plies ago,2,3
leaky,16000,20261001-43-NbWz,26,pos 7 plies ago,3,-3
leaky,16000,20261001-43-NbWz,26,pos 7 plies ago,3,-2
leaky,16000,20261001-43-NbWz,26,pos 7 plies ago,3,-1
leaky,16000,20261001-43-NbWz,26,pos 7 plies ago,3,0
leaky,16000,20261001-43-NbWz,26,pos 7 plies ago,3,1
leaky,16000,20261001-43-NbWz,26,pos 7 plies ago,3,2
leaky,16000,20261001-43-NbWz,26,pos 7 plies ago,3,3
leaky,16000,20261001-43-NbWz,28,pos 9 plies ago,-3,-3
leaky,16000,20261001-43-NbWz,28,pos 9 plies ago,-3,-2
leaky,16000,20261001-43-NbWz,28,pos 9 plies ago,-3,-1
leaky,16000,20261001-43-NbWz,28,pos 9 plies ago,-3,0
leaky,16000,20261001-43-NbWz,28,pos 9 plies ago,-3,1
leaky,16000,20261001-43-NbWz,28,pos 9 plies ago,-3,2
leaky,16000,20261001-43-NbWz,28,pos 9 plies ago,-3,3
leaky,16000,20261001-43-NbWz,28,pos 9 plies ago,-2,-3
leaky,16000,20261001-43-NbWz,28,pos 9 plies ago,-2,-2
leaky,16000,20261001-43-NbWz,28,pos 9 plies ago,-2,-1
leaky,16000,20261001-43-NbWz,28,pos 9 plies ago,-2,0
leaky,16000,20261001-43-NbWz,28,pos 9 plies ago,-2,1
leaky,16000,20261001-43-NbWz,28,pos 9 plies ago,-2,2
leaky,16000,20261001-43-NbWz,28,pos 9 plies ago,-2,3
leaky,16000,20261001-43-NbWz,28,pos 9 plies ago,-1,-3
leaky,16000,20261001-43-NbWz,28,pos 9 plies ago,-1,-2
leaky,16000,20261001-43-NbWz,28,pos 9 plies ago,-1,-1
leaky,16000,20261001-43-NbWz,28,pos 9 plies ago,-1,0
leaky,16000,20261001-43-NbWz,28,pos 9 plies ago,-1,1
leaky,16000,20261001-43-NbWz,28,pos 9 plies ago,-1,2
leaky,16000,20261001-43-NbWz,28,pos 9 plies ago,-1,3
leaky,16000,20261001-43-NbWz,28,pos 9 plies ago,0,-3
leaky,16000,20261001-43-NbWz,28,pos 9 plies ago,0,-2
leaky,16000,20261001-43-NbWz,28,pos 9 plies ago,0,-1
leaky,16000,20261001-43-NbWz,28,pos 9 plies ago,0,0
leaky,16000,20261001-43-NbWz,28,pos 9 plies ago,0,1
leaky,16000,20261001-43-NbWz,28,pos 9 plies ago,0,2
leaky,16000,20261001-43-NbWz,28,pos 9 plies ago,0,3
leaky,16000,20261001-43-NbWz,28,pos 9 plies ago,1,-3
leaky,16000,20261001-43-NbWz,28,pos 9 plies ago,1,-2
leaky,16000,20261001-43-NbWz,28,pos 9 plies ago,1,-1
leaky,16000,20261001-43-NbWz,28,pos 9 plies ago,1,0
leaky,16000,20261001-43-NbWz,28,pos 9 plies ago,1,1
leaky,16000,20261001-43-NbWz,28,pos 9 plies ago,1,2
leaky,16000,20261001-43-NbWz,28,pos 9 plies ago,1,3
leaky,16000,20261001-43-NbWz,28,pos 9 plies ago,2,-3
leaky,16000,20261001-43-NbWz,28,pos 9 plies ago,2,-2
leaky,16000,20261001-43-NbWz,28,pos 9 plies ago,2,-1
leaky,16000,20261001-43-NbWz,28,pos 9 plies ago,2,0
leaky,16000,20261001-43-NbWz,28,pos 9 plies ago,2,1
leaky,16000,20261001-43-NbWz,28,pos 9 plies ago,2,2
leaky,16000,20261001-43-NbWz,28,pos 9 plies ago,2,3
leaky,16000,20261001-43-NbWz,28,pos 9 plies ago,3,-3
leaky,16000,20261001-43-NbWz,28,pos 9 plies ago,3,-2
leaky,16000,20261001-43-NbWz,28,pos 9 plies ago,3,-1
leaky,16000,20261001-43-NbWz,28,pos 9 plies ago,3,0
leaky,16000,20261001-43-NbWz,28,pos 9 plies ago,3,1
leaky,16000,20261001-43-NbWz,28,pos 9 plies ago,3,2
leaky,16000,20261001-43-NbWz,28,pos 9 plies ago,3,3
leaky,17000,20261001-43-NbWz,16,en passant,3,-3
leaky,17000,20261001-43-NbWz,16,en passant,3,-2
leaky,17000,20261001-43-NbWz,16,en passant,3,-1
leaky,17000,20261001-43-NbWz,16,en passant,3,0
leaky,17000,20261001-43-NbWz,16,en passant,3,1
leaky,17000,20261001-43-NbWz,16,en passant,3,2
leaky,17000,20261001-43-NbWz,16,en passant,3,3
leaky,17000,20261001-43-NbWz,19,rep >=2 before,-3,-3
leaky,17000,20261001-43-NbWz,19,rep >=2 before,-3,-2
leaky,17000,20261001-43-NbWz,19,rep >=2 before,-3,-1
leaky,17000,20261001-43-NbWz,19,rep >=2 before,-3,0
leaky,17000,20261001-43-NbWz,19,rep >=2 before,-3,1
leaky,17000,20261001-43-NbWz,19,rep >=2 before,-3,2
leaky,17000,20261001-43-NbWz,19,rep >=2 before,-3,3
leaky,17000,20261001-43-NbWz,19,rep >=2 before,-2,-3
leaky,17000,20261001-43-NbWz,19,rep >=2 before,-2,-2
leaky,17000,20261001-43-NbWz,19,rep >=2 before,-2,-1
leaky,17000,20261001-43-NbWz,19,rep >=2 before,-2,0
leaky,17000,20261001-43-NbWz,19,rep >=2 before,-2,1
leaky,17000,20261001-43-NbWz,19,rep >=2 before,-2,2
leaky,17000,20261001-43-NbWz,19,rep >=2 before,-2,3
leaky,17000,20261001-43-NbWz,19,rep >=2 before,-1,-3
leaky,17000,20261001-43-NbWz,19,rep >=2 before,-1,-2
leaky,17000,20261001-43-NbWz,19,rep >=2 before,-1,-1
leaky,17000,20261001-43-NbWz,19,rep >=2 before,-1,0
leaky,17000,20261001-43-NbWz,19,rep >=2 before,-1,1
leaky,17000,20261001-43-NbWz,19,rep >=2 before,-1,2
leaky,17000,20261001-43-NbWz,19,rep >=2 before,-1,3
leaky,17000,20261001-43-NbWz,19,rep >=2 before,0,-3
leaky,17000,20261001-43-NbWz,19,rep >=2 before,0,-2
leaky,17000,20261001-43-NbWz,19,rep >=2 before,0,-1
leaky,17000,20261001-43-NbWz,19,rep >=2 before,0,0
leaky,17000,20261001-43-NbWz,19,rep >=2 before,0,1
leaky,17000,20261001-43-NbWz,19,rep >=2 before,0,2
leaky,17000,20261001-43-NbWz,19,rep >=2 before,0,3
leaky,17000,20261001-43-NbWz,19,rep >=2 before,1,-3
leaky,17000,20261001-43-NbWz,19,rep >=2 before,1,-2
leaky,17000,20261001-43-NbWz,19,rep >=2 before,1,-1
leaky,17000,20261001-43-NbWz,19,rep >=2 before,1,0
leaky,17000,20261001-43-NbWz,19,rep >=2 before,1,1
leaky,17000,20261001-43-NbWz,19,rep >=2 before,1,2
leaky,17000,20261001-43-NbWz,19,rep >=2 before,1,3
leaky,17000,20261001-43-NbWz,19,rep >=2 before,2,-3
leaky,17000,20261001-43-NbWz,19,rep >=2 before,2,-2
leaky,17000,20261001-43-NbWz,19,rep >=2 before,2,-1
leaky,17000,20261001-43-NbWz,19,rep >=2 before,2,0
leaky,17000,20261001-43-NbWz,19,rep >=2 before,2,1
leaky,17000,20261001-43-NbWz,19,rep >=2 before,2,2
leaky,17000,20261001-43-NbWz,19,rep >=2 before,2,3
leaky,17000,20261001-43-NbWz,19,rep >=2 before,3,-3
leaky,17000,20261001-43-NbWz,19,rep >=2 before,3,-2
leaky,17000,20261001-43-NbWz,19,rep >=2 before,3,-1
leaky,17000,20261001-43-NbWz,19,rep >=2 before,3,0
leaky,17000,20261001-43-NbWz,19,rep >=2 before,3,1
leaky,17000,20261001-43-NbWz,19,rep >=2 before,3,2
leaky,17000,20261001-43-NbWz,19,rep >=2 before,3,3
leaky,17000,20261001-43-NbWz,20,pos 1 plies ago,-3,-3
leaky,17000,20261001-43-NbWz,20,pos 1 plies ago,-3,-2
leaky,17000,20261001-43-NbWz,20,pos 1 plies ago,-3,-1
leaky,17000,20261001-43-NbWz,20,pos 1 plies ago,-3,0
leaky,17000,20261001-43-NbWz,20,pos 1 plies ago,-3,1
leaky,17000,20261001-43-NbWz,20,pos 1 plies ago,-3,2
leaky,17000,20261001-43-NbWz,20,pos 1 plies ago,-3,3
leaky,17000,20261001-43-NbWz,20,pos 1 plies ago,-2,-3
leaky,17000,20261001-43-NbWz,20,pos 1 plies ago,-2,-2
leaky,17000,20261001-43-NbWz,20,pos 1 plies ago,-2,-1
leaky,17000,20261001-43-NbWz,20,pos 1 plies ago,-2,0
leaky,17000,20261001-43-NbWz,20,pos 1 plies ago,-2,1
leaky,17000,20261001-43-NbWz,20,pos 1 plies ago,-2,2
leaky,17000,20261001-43-NbWz,20,pos 1 plies ago,-2,3
leaky,17000,20261001-43-NbWz,20,pos 1 plies ago,-1,-3
leaky,17000,20261001-43-NbWz,20,pos 1 plies ago,-1,-2
leaky,17000,20261001-43-NbWz,20,pos 1 plies ago,-1,-1
leaky,17000,20261001-43-NbWz,20,pos 1 plies ago,-1,0
leaky,17000,20261001-43-NbWz,20,pos 1 plies ago,-1,1
leaky,17000,20261001-43-NbWz,20,pos 1 plies ago,-1,2
leaky,17000,20261001-43-NbWz,20,pos 1 plies ago,-1,3
leaky,17000,20261001-43-NbWz,20,pos 1 plies ago,0,-3
leaky,17000,20261001-43-NbWz,20,pos 1 plies ago,0,-2
leaky,17000,20261001-43-NbWz,20,pos 1 plies ago,0,-1
leaky,17000,20261001-43-NbWz,20,pos 1 plies ago,0,0
leaky,17000,20261001-43-NbWz,20,pos 1 plies ago,0,1
leaky,17000,20261001-43-NbWz,20,pos 1 plies ago,0,2
leaky,17000,20261001-43-NbWz,20,pos 1 plies ago,0,3
leaky,17000,20261001-43-NbWz,20,pos 1 plies ago,1,-3
leaky,17000,20261001-43-NbWz,20,pos 1 plies ago,1,-2
leaky,17000,20261001-43-NbWz,20,pos 1 plies ago,1,-1
leaky,17000,20261001-43-NbWz,20,pos 1 plies ago,1,0
leaky,17000,20261001-43-NbWz,20,pos 1 plies ago,1,1
leaky,17000,20261001-43-NbWz,20,pos 1 plies ago,1,2
leaky,17000,20261001-43-NbWz,20,pos 1 plies ago,1,3
leaky,17000,20261001-43-NbWz,20,pos 1 plies ago,2,-3
leaky,17000,20261001-43-NbWz,20,pos 1 plies ago,2,-2
leaky,17000,20261001-43-NbWz,20,pos 1 plies ago,2,-1
leaky,17000,20261001-43-NbWz,20,pos 1 plies ago,2,0
leaky,17000,20261001-43-NbWz,20,pos 1 plies ago,2,1
leaky,17000,20261001-43-NbWz,20,pos 1 plies ago,2,2
leaky,17000,20261001-43-NbWz,20,pos 1 plies ago,2,3
leaky,17000,20261001-43-NbWz,20,pos 1 plies ago,3,-3
leaky,17000,20261001-43-NbWz,20,pos 1 plies ago,3,-2
leaky,17000,20261001-43-NbWz,20,pos 1 plies ago,3,-1
leaky,17000,20261001-43-NbWz,20,pos 1 plies ago,3,0
leaky,17000,20261001-43-NbWz,20,pos 1 plies ago,3,1
leaky,17000,20261001-43-NbWz,20,pos 1 plies ago,3,2
leaky,17000,20261001-43-NbWz,20,pos 1 plies ago,3,3
leaky,17000,20261001-43-NbWz,21,pos 2 plies ago,-3,-3
leaky,17000,20261001-43-NbWz,21,pos 2 plies ago,-3,-2
leaky,17000,20261001-43-NbWz,21,pos 2 plies ago,-3,-1
leaky,17000,20261001-43-NbWz,21,pos 2 plies ago,-3,0
leaky,17000,20261001-43-NbWz,21,pos 2 plies ago,-3,1
leaky,17000,20261001-43-NbWz,21,pos 2 plies ago,-3,2
leaky,17000,20261001-43-NbWz,21,pos 2 plies ago,-3,3
leaky,17000,20261001-43-NbWz,21,pos 2 plies ago,-2,-3
leaky,17000,20261001-43-NbWz,21,pos 2 plies ago,-2,-2
leaky,17000,20261001-43-NbWz,21,pos 2 plies ago,-2,-1
leaky,17000,20261001-43-NbWz,21,pos 2 plies ago,-2,0
leaky,17000,20261001-43-NbWz,21,pos 2 plies ago,-2,1
leaky,17000,20261001-43-NbWz,21,pos 2 plies ago,-2,2
leaky,17000,20261001-43-NbWz,21,pos 2 plies ago,-2,3
leaky,17000,20261001-43-NbWz,21,pos 2 plies ago,-1,-3
leaky,17000,20261001-43-NbWz,21,pos 2 plies ago,-1,-2
leaky,17000,20261001-43-NbWz,21,pos 2 plies ago,-1,-1
leaky,17000,20261001-43-NbWz,21,pos 2 plies ago,-1,0
leaky,17000,20261001-43-NbWz,21,pos 2 plies ago,-1,1
leaky,17000,20261001-43-NbWz,21,pos 2 plies ago,-1,2
leaky,17000,20261001-43-NbWz,21,pos 2 plies ago,-1,3
leaky,17000,20261001-43-NbWz,21,pos 2 plies ago,0,-3
leaky,17000,20261001-43-NbWz,21,pos 2 plies ago,0,-2
leaky,17000,20261001-43-NbWz,21,pos 2 plies ago,0,-1
leaky,17000,20261001-43-NbWz,21,pos 2 plies ago,0,0
leaky,17000,20261001-43-NbWz,21,pos 2 plies ago,0,1
leaky,17000,20261001-43-NbWz,21,pos 2 plies ago,0,2
leaky,17000,20261001-43-NbWz,21,pos 2 plies ago,0,3
leaky,17000,20261001-43-NbWz,21,pos 2 plies ago,1,-3
leaky,17000,20261001-43-NbWz,21,pos 2 plies ago,1,-2
leaky,17000,20261001-43-NbWz,21,pos 2 plies ago,1,-1
leaky,17000,20261001-43-NbWz,21,pos 2 plies ago,1,0
leaky,17000,20261001-43-NbWz,21,pos 2 plies ago,1,1
leaky,17000,20261001-43-NbWz,21,pos 2 plies ago,1,2
leaky,17000,20261001-43-NbWz,21,pos 2 plies ago,1,3
leaky,17000,20261001-43-NbWz,21,pos 2 plies ago,2,-3
leaky,17000,20261001-43-NbWz,21,pos 2 plies ago,2,-2
leaky,17000,20261001-43-NbWz,21,pos 2 plies ago,2,-1
leaky,17000,20261001-43-NbWz,21,pos 2 plies ago,2,0
leaky,17000,20261001-43-NbWz,21,pos 2 plies ago,2,1
leaky,17000,20261001-43-NbWz,21,pos 2 plies ago,2,2
leaky,17000,20261001-43-NbWz,21,pos 2 plies ago,2,3
leaky,17000,20261001-43-NbWz,21,pos 2 plies ago,3,-3
leaky,17000,20261001-43-NbWz,21,pos 2 plies ago,3,-2
leaky,17000,20261001-43-NbWz,21,pos 2 plies ago,3,-1
leaky,17000,20261001-43-NbWz,21,pos 2 plies ago,3,0
leaky,17000,20261001-43-NbWz,21,pos 2 plies ago,3,1
leaky,17000,20261001-43-NbWz,21,pos 2 plies ago,3,2
leaky,17000,20261001-43-NbWz,21,pos 2 plies ago,3,3
leaky,17000,20261001-43-NbWz,22,pos 3 plies ago,-3,-3
leaky,17000,20261001-43-NbWz,22,pos 3 plies ago,-3,-2
leaky,17000,20261001-43-NbWz,22,pos 3 plies ago,-3,-1
leaky,17000,20261001-43-NbWz,22,pos 3 plies ago,-3,0
leaky,17000,20261001-43-NbWz,22,pos 3 plies ago,-3,1
leaky,17000,20261001-43-NbWz,22,pos 3 plies ago,-3,2
leaky,17000,20261001-43-NbWz,22,pos 3 plies ago,-3,3
leaky,17000,20261001-43-NbWz,22,pos 3 plies ago,-2,-3
leaky,17000,20261001-43-NbWz,22,pos 3 plies ago,-2,-2
leaky,17000,20261001-43-NbWz,22,pos 3 plies ago,-2,-1
leaky,17000,20261001-43-NbWz,22,pos 3 plies ago,-2,0
leaky,17000,20261001-43-NbWz,22,pos 3 plies ago,-2,1
leaky,17000,20261001-43-NbWz,22,pos 3 plies ago,-2,2
leaky,17000,20261001-43-NbWz,22,pos 3 plies ago,-2,3
leaky,17000,20261001-43-NbWz,22,pos 3 plies ago,-1,-3
leaky,17000,20261001-43-NbWz,22,pos 3 plies ago,-1,-2
leaky,17000,20261001-43-NbWz,22,pos 3 plies ago,-1,-1
leaky,17000,20261001-43-NbWz,22,pos 3 plies ago,-1,0
leaky,17000,20261001-43-NbWz,22,pos 3 plies ago,-1,1
leaky,17000,20261001-43-NbWz,22,pos 3 plies ago,-1,2
leaky,17000,20261001-43-NbWz,22,pos 3 plies ago,-1,3
leaky,17000,20261001-43-NbWz,22,pos 3 plies ago,0,-3
leaky,17000,20261001-43-NbWz,22,pos 3 plies ago,0,-2
leaky,17000,20261001-43-NbWz,22,pos 3 plies ago,0,-1
leaky,17000,20261001-43-NbWz,22,pos 3 plies ago,0,0
leaky,17000,20261001-43-NbWz,22,pos 3 plies ago,0,1
leaky,17000,20261001-43-NbWz,22,pos 3 plies ago,0,2
leaky,17000,20261001-43-NbWz,22,pos 3 plies ago,0,3
leaky,17000,20261001-43-NbWz,22,pos 3 plies ago,1,-3
leaky,17000,20261001-43-NbWz,22,pos 3 plies ago,1,-2
leaky,17000,20261001-43-NbWz,22,pos 3 plies ago,1,-1
leaky,17000,20261001-43-NbWz,22,pos 3 plies ago,1,0
leaky,17000,20261001-43-NbWz,22,pos 3 plies ago,1,1
leaky,17000,20261001-43-NbWz,22,pos 3 plies ago,1,2
leaky,17000,20261001-43-NbWz,22,pos 3 plies ago,1,3
leaky,17000,20261001-43-NbWz,22,pos 3 plies ago,2,-3
leaky,17000,20261001-43-NbWz,22,pos 3 plies ago,2,-2
leaky,17000,20261001-43-NbWz,22,pos 3 plies ago,2,-1
leaky,17000,20261001-43-NbWz,22,pos 3 plies ago,2,0
leaky,17000,20261001-43-NbWz,22,pos 3 plies ago,2,1
leaky,17000,20261001-43-NbWz,22,pos 3 plies ago,2,2
leaky,17000,20261001-43-NbWz,22,pos 3 plies ago,2,3
leaky,17000,20261001-43-NbWz,22,pos 3 plies ago,3,-3
leaky,17000,20261001-43-NbWz,22,pos 3 plies ago,3,-2
leaky,17000,20261001-43-NbWz,22,pos 3 plies ago,3,-1
leaky,17000,20261001-43-NbWz,22,pos 3 plies ago,3,0
leaky,17000,20261001-43-NbWz,22,pos 3 plies ago,3,1
leaky,17000,20261001-43-NbWz,22,pos 3 plies ago,3,2
leaky,17000,20261001-43-NbWz,22,pos 3 plies ago,3,3
leaky,17000,20261001-43-NbWz,24,pos 5 plies ago,-3,-3
leaky,17000,20261001-43-NbWz,24,pos 5 plies ago,-3,-2
leaky,17000,20261001-43-NbWz,24,pos 5 plies ago,-3,-1
leaky,17000,20261001-43-NbWz,24,pos 5 plies ago,-3,0
leaky,17000,20261001-43-NbWz,24,pos 5 plies ago,-3,1
leaky,17000,20261001-43-NbWz,24,pos 5 plies ago,-3,2
leaky,17000,20261001-43-NbWz,24,pos 5 plies ago,-3,3
leaky,17000,20261001-43-NbWz,24,pos 5 plies ago,-2,-3
leaky,17000,20261001-43-NbWz,24,pos 5 plies ago,-2,-2
leaky,17000,20261001-43-NbWz,24,pos 5 plies ago,-2,-1
leaky,17000,20261001-43-NbWz,24,pos 5 plies ago,-2,0
leaky,17000,20261001-43-NbWz,24,pos 5 plies ago,-2,1
leaky,17000,20261001-43-NbWz,24,pos 5 plies ago,-2,2
leaky,17000,20261001-43-NbWz,24,pos 5 plies ago,-2,3
leaky,17000,20261001-43-NbWz,24,pos 5 plies ago,-1,-3
leaky,17000,20261001-43-NbWz,24,pos 5 plies ago,-1,-2
leaky,17000,20261001-43-NbWz,24,pos 5 plies ago,-1,-1
leaky,17000,20261001-43-NbWz,24,pos 5 plies ago,-1,0
leaky,17000,20261001-43-NbWz,24,pos 5 plies ago,-1,1
leaky,17000,20261001-43-NbWz,24,pos 5 plies ago,-1,2
leaky,17000,20261001-43-NbWz,24,pos 5 plies ago,-1,3
leaky,17000,20261001-43-NbWz,24,pos 5 plies ago,0,-3
leaky,17000,20261001-43-NbWz,24,pos 5 plies ago,0,-2
leaky,17000,20261001-43-NbWz,24,pos 5 plies ago,0,-1
leaky,17000,20261001-43-NbWz,24,pos 5 plies ago,0,0
leaky,17000,20261001-43-NbWz,24,pos 5 plies ago,0,1
leaky,17000,20261001-43-NbWz,24,pos 5 plies ago,0,2
leaky,17000,20261001-43-NbWz,24,pos 5 plies ago,0,3
leaky,17000,20261001-43-NbWz,24,pos 5 plies ago,1,-3
leaky,17000,20261001-43-NbWz,24,pos 5 plies ago,1,-2
leaky,17000,20261001-43-NbWz,24,pos 5 plies ago,1,-1
leaky,17000,20261001-43-NbWz,24,pos 5 plies ago,1,0
leaky,17000,20261001-43-NbWz,24,pos 5 plies ago,1,1
leaky,17000,20261001-43-NbWz,24,pos 5 plies ago,1,2
leaky,17000,20261001-43-NbWz,24,pos 5 plies ago,1,3
leaky,17000,20261001-43-NbWz,24,pos 5 plies ago,2,-3
leaky,17000,20261001-43-NbWz,24,pos 5 plies ago,2,-2
leaky,17000,20261001-43-NbWz,24,pos 5 plies ago,2,-1
leaky,17000,20261001-43-NbWz,24,pos 5 plies ago,2,0
leaky,17000,20261001-43-NbWz,24,pos 5 plies ago,2,1
leaky,17000,20261001-43-NbWz,24,pos 5 plies ago,2,2
leaky,17000,20261001-43-NbWz,24,pos 5 plies ago,2,3
leaky,17000,20261001-43-NbWz,24,pos 5 plies ago,3,-3
leaky,17000,20261001-43-NbWz,24,pos 5 plies ago,3,-2
leaky,17000,20261001-43-NbWz,24,pos 5 plies ago,3,-1
leaky,17000,20261001-43-NbWz,24,pos 5 plies ago,3,0
leaky,17000,20261001-43-NbWz,24,pos 5 plies ago,3,1
leaky,17000,20261001-43-NbWz,24,pos 5 plies ago,3,2
leaky,17000,20261001-43-NbWz,24,pos 5 plies ago,3,3
leaky,17000,20261001-43-NbWz,26,pos 7 plies ago,-3,-3
leaky,17000,20261001-43-NbWz,26,pos 7 plies ago,-3,-2
leaky,17000,20261001-43-NbWz,26,pos 7 plies ago,-3,-1
leaky,17000,20261001-43-NbWz,26,pos 7 plies ago,-3,0
leaky,17000,20261001-43-NbWz,26,pos 7 plies ago,-3,1
leaky,17000,20261001-43-NbWz,26,pos 7 plies ago,-3,2
leaky,17000,20261001-43-NbWz,26,pos 7 plies ago,-3,3
leaky,17000,20261001-43-NbWz,26,pos 7 plies ago,-2,-3
leaky,17000,20261001-43-NbWz,26,pos 7 plies ago,-2,-2
leaky,17000,20261001-43-NbWz,26,pos 7 plies ago,-2,-1
leaky,17000,20261001-43-NbWz,26,pos 7 plies ago,-2,0
leaky,17000,20261001-43-NbWz,26,pos 7 plies ago,-2,1
leaky,17000,20261001-43-NbWz,26,pos 7 plies ago,-2,2
leaky,17000,20261001-43-NbWz,26,pos 7 plies ago,-2,3
leaky,17000,20261001-43-NbWz,26,pos 7 plies ago,-1,-3
leaky,17000,20261001-43-NbWz,26,pos 7 plies ago,-1,-2
leaky,17000,20261001-43-NbWz,26,pos 7 plies ago,-1,-1
leaky,17000,20261001-43-NbWz,26,pos 7 plies ago,-1,0
leaky,17000,20261001-43-NbWz,26,pos 7 plies ago,-1,1
leaky,17000,20261001-43-NbWz,26,pos 7 plies ago,-1,2
leaky,17000,20261001-43-NbWz,26,pos 7 plies ago,-1,3
leaky,17000,20261001-43-NbWz,26,pos 7 plies ago,0,-3
leaky,17000,20261001-43-NbWz,26,pos 7 plies ago,0,-2
leaky,17000,20261001-43-NbWz,26,pos 7 plies ago,0,-1
leaky,17000,20261001-43-NbWz,26,pos 7 plies ago,0,0
leaky,17000,20261001-43-NbWz,26,pos 7 plies ago,0,1
leaky,17000,20261001-43-NbWz,26,pos 7 plies ago,0,2
leaky,17000,20261001-43-NbWz,26,pos 7 plies ago,0,3
leaky,17000,20261001-43-NbWz,26,pos 7 plies ago,1,-3
leaky,17000,20261001-43-NbWz,26,pos 7 plies ago,1,-2
leaky,17000,20261001-43-NbWz,26,pos 7 plies ago,1,-1
leaky,17000,20261001-43-NbWz,26,pos 7 plies ago,1,0
leaky,17000,20261001-43-NbWz,26,pos 7 plies ago,1,1
leaky,17000,20261001-43-NbWz,26,pos 7 plies ago,1,2
leaky,17000,20261001-43-NbWz,26,pos 7 plies ago,1,3
leaky,17000,20261001-43-NbWz,26,pos 7 plies ago,2,-3
leaky,17000,20261001-43-NbWz,26,pos 7 plies ago,2,-2
leaky,17000,20261001-43-NbWz,26,pos 7 plies ago,2,-1
leaky,17000,20261001-43-NbWz,26,pos 7 plies ago,2,0
leaky,17000,20261001-43-NbWz,26,pos 7 plies ago,2,1
leaky,17000,20261001-43-NbWz,26,pos 7 plies ago,2,2
leaky,17000,20261001-43-NbWz,26,pos 7 plies ago,2,3
leaky,17000,20261001-43-NbWz,26,pos 7 plies ago,3,-3
leaky,17000,20261001-43-NbWz,26,pos 7 plies ago,3,-2
leaky,17000,20261001-43-NbWz,26,pos 7 plies ago,3,-1
leaky,17000,20261001-43-NbWz,26,pos 7 plies ago,3,0
leaky,17000,20261001-43-NbWz,26,pos 7 plies ago,3,1
leaky,17000,20261001-43-NbWz,26,pos 7 plies ago,3,2
leaky,17000,20261001-43-NbWz,26,pos 7 plies ago,3,3
leaky,17000,20261001-43-NbWz,28,pos 9 plies ago,-3,-3
leaky,17000,20261001-43-NbWz,28,pos 9 plies ago,-3,-2
leaky,17000,20261001-43-NbWz,28,pos 9 plies ago,-3,-1
leaky,17000,20261001-43-NbWz,28,pos 9 plies ago,-3,0
leaky,17000,20261001-43-NbWz,28,pos 9 plies ago,-3,1
leaky,17000,20261001-43-NbWz,28,pos 9 plies ago,-3,2
leaky,17000,20261001-43-NbWz,28,pos 9 plies ago,-3,3
leaky,17000,20261001-43-NbWz,28,pos 9 plies ago,-2,-3
leaky,17000,20261001-43-NbWz,28,pos 9 plies ago,-2,-2
leaky,17000,20261001-43-NbWz,28,pos 9 plies ago,-2,-1
leaky,17000,20261001-43-NbWz,28,pos 9 plies ago,-2,0
leaky,17000,20261001-43-NbWz,28,pos 9 plies ago,-2,1
leaky,17000,20261001-43-NbWz,28,pos 9 plies ago,-2,2
leaky,17000,20261001-43-NbWz,28,pos 9 plies ago,-2,3
leaky,17000,20261001-43-NbWz,28,pos 9 plies ago,-1,-3
leaky,17000,20261001-43-NbWz,28,pos 9 plies ago,-1,-2
leaky,17000,20261001-43-NbWz,28,pos 9 plies ago,-1,-1
leaky,17000,20261001-43-NbWz,28,pos 9 plies ago,-1,0
leaky,17000,20261001-43-NbWz,28,pos 9 plies ago,-1,1
leaky,17000,20261001-43-NbWz,28,pos 9 plies ago,-1,2
leaky,17000,20261001-43-NbWz,28,pos 9 plies ago,-1,3
leaky,17000,20261001-43-NbWz,28,pos 9 plies ago,0,-3
leaky,17000,20261001-43-NbWz,28,pos 9 plies ago,0,-2
leaky,17000,20261001-43-NbWz,28,pos 9 plies ago,0,-1
leaky,17000,20261001-43-NbWz,28,pos 9 plies ago,0,0
leaky,17000,20261001-43-NbWz,28,pos 9 plies ago,0,1
leaky,17000,20261001-43-NbWz,28,pos 9 plies ago,0,2
leaky,17000,20261001-43-NbWz,28,pos 9 plies ago,0,3
leaky,17000,20261001-43-NbWz,28,pos 9 plies ago,1,-3
leaky,17000,20261001-43-NbWz,28,pos 9 plies ago,1,-2
leaky,17000,20261001-43-NbWz,28,pos 9 plies ago,1,-1
leaky,17000,20261001-43-NbWz,28,pos 9 plies ago,1,0
leaky,17000,20261001-43-NbWz,28,pos 9 plies ago,1,1
leaky,17000,20261001-43-NbWz,28,pos 9 plies ago,1,2
leaky,17000,20261001-43-NbWz,28,pos 9 plies ago,1,3
leaky,17000,20261001-43-NbWz,28,pos 9 plies ago,2,-3
leaky,17000,20261001-43-NbWz,28,pos 9 plies ago,2,-2
leaky,17000,20261001-43-NbWz,28,pos 9 plies ago,2,-1
leaky,17000,20261001-43-NbWz,28,pos 9 plies ago,2,0
leaky,17000,20261001-43-NbWz,28,pos 9 plies ago,2,1
leaky,17000,20261001-43-NbWz,28,pos 9 plies ago,2,2
leaky,17000,20261001-43-NbWz,28,pos 9 plies ago,2,3
leaky,17000,20261001-43-NbWz,28,pos 9 plies ago,3,-3
leaky,17000,20261001-43-NbWz,28,pos 9 plies ago,3,-2
leaky,17000,20261001-43-NbWz,28,pos 9 plies ago,3,-1
leaky,17000,20261001-43-NbWz,28,pos 9 plies ago,3,0
leaky,17000,20261001-43-NbWz,28,pos 9 plies ago,3,1
leaky,17000,20261001-43-NbWz,28,pos 9 plies ago,3,2
leaky,17000,20261001-43-NbWz,28,pos 9 plies ago,3,3
leaky,18000,20261001-43-NbWz,16,en passant,3,-3
leaky,18000,20261001-43-NbWz,16,en passant,3,-2
leaky,18000,20261001-43-NbWz,16,en passant,3,-1
leaky,18000,20261001-43-NbWz,16,en passant,3,0
leaky,18000,20261001-43-NbWz,16,en passant,3,1
leaky,18000,20261001-43-NbWz,16,en passant,3,2
leaky,18000,20261001-43-NbWz,16,en passant,3,3
leaky,18000,20261001-43-NbWz,19,rep >=2 before,-3,-3
leaky,18000,20261001-43-NbWz,19,rep >=2 before,-3,-2
leaky,18000,20261001-43-NbWz,19,rep >=2 before,-3,-1
leaky,18000,20261001-43-NbWz,19,rep >=2 before,-3,0
leaky,18000,20261001-43-NbWz,19,rep >=2 before,-3,1
leaky,18000,20261001-43-NbWz,19,rep >=2 before,-3,2
leaky,18000,20261001-43-NbWz,19,rep >=2 before,-3,3
leaky,18000,20261001-43-NbWz,19,rep >=2 before,-2,-3
leaky,18000,20261001-43-NbWz,19,rep >=2 before,-2,-2
leaky,18000,20261001-43-NbWz,19,rep >=2 before,-2,-1
leaky,18000,20261001-43-NbWz,19,rep >=2 before,-2,0
leaky,18000,20261001-43-NbWz,19,rep >=2 before,-2,1
leaky,18000,20261001-43-NbWz,19,rep >=2 before,-2,2
leaky,18000,20261001-43-NbWz,19,rep >=2 before,-2,3
leaky,18000,20261001-43-NbWz,19,rep >=2 before,-1,-3
leaky,18000,20261001-43-NbWz,19,rep >=2 before,-1,-2
leaky,18000,20261001-43-NbWz,19,rep >=2 before,-1,-1
leaky,18000,20261001-43-NbWz,19,rep >=2 before,-1,0
leaky,18000,20261001-43-NbWz,19,rep >=2 before,-1,1
leaky,18000,20261001-43-NbWz,19,rep >=2 before,-1,2
leaky,18000,20261001-43-NbWz,19,rep >=2 before,-1,3
leaky,18000,20261001-43-NbWz,19,rep >=2 before,0,-3
leaky,18000,20261001-43-NbWz,19,rep >=2 before,0,-2
leaky,18000,20261001-43-NbWz,19,rep >=2 before,0,-1
leaky,18000,20261001-43-NbWz,19,rep >=2 before,0,0
leaky,18000,20261001-43-NbWz,19,rep >=2 before,0,1
leaky,18000,20261001-43-NbWz,19,rep >=2 before,0,2
leaky,18000,20261001-43-NbWz,19,rep >=2 before,0,3
leaky,18000,20261001-43-NbWz,19,rep >=2 before,1,-3
leaky,18000,20261001-43-NbWz,19,rep >=2 before,1,-2
leaky,18000,20261001-43-NbWz,19,rep >=2 before,1,-1
leaky,18000,20261001-43-NbWz,19,rep >=2 before,1,0
leaky,18000,20261001-43-NbWz,19,rep >=2 before,1,1
leaky,18000,20261001-43-NbWz,19,rep >=2 before,1,2
leaky,18000,20261001-43-NbWz,19,rep >=2 before,1,3
leaky,18000,20261001-43-NbWz,19,rep >=2 before,2,-3
leaky,18000,20261001-43-NbWz,19,rep >=2 before,2,-2
leaky,18000,20261001-43-NbWz,19,rep >=2 before,2,-1
leaky,18000,20261001-43-NbWz,19,rep >=2 before,2,0
leaky,18000,20261001-43-NbWz,19,rep >=2 before,2,1
leaky,18000,20261001-43-NbWz,19,rep >=2 before,2,2
leaky,18000,20261001-43-NbWz,19,rep >=2 before,2,3
leaky,18000,20261001-43-NbWz,19,rep >=2 before,3,-3
leaky,18000,20261001-43-NbWz,19,rep >=2 before,3,-2
leaky,18000,20261001-43-NbWz,19,rep >=2 before,3,-1
leaky,18000,20261001-43-NbWz,19,rep >=2 before,3,0
leaky,18000,20261001-43-NbWz,19,rep >=2 before,3,1
leaky,18000,20261001-43-NbWz,19,rep >=2 before,3,2
leaky,18000,20261001-43-NbWz,19,rep >=2 before,3,3
leaky,18000,20261001-43-NbWz,20,pos 1 plies ago,-3,-3
leaky,18000,20261001-43-NbWz,20,pos 1 plies ago,-3,-2
leaky,18000,20261001-43-NbWz,20,pos 1 plies ago,-3,-1
leaky,18000,20261001-43-NbWz,20,pos 1 plies ago,-3,0
leaky,18000,20261001-43-NbWz,20,pos 1 plies ago,-3,1
leaky,18000,20261001-43-NbWz,20,pos 1 plies ago,-3,2
leaky,18000,20261001-43-NbWz,20,pos 1 plies ago,-3,3
leaky,18000,20261001-43-NbWz,20,pos 1 plies ago,-2,-3
leaky,18000,20261001-43-NbWz,20,pos 1 plies ago,-2,-2
leaky,18000,20261001-43-NbWz,20,pos 1 plies ago,-2,-1
leaky,18000,20261001-43-NbWz,20,pos 1 plies ago,-2,0
leaky,18000,20261001-43-NbWz,20,pos 1 plies ago,-2,1
leaky,18000,20261001-43-NbWz,20,pos 1 plies ago,-2,2
leaky,18000,20261001-43-NbWz,20,pos 1 plies ago,-2,3
leaky,18000,20261001-43-NbWz,20,pos 1 plies ago,-1,-3
leaky,18000,20261001-43-NbWz,20,pos 1 plies ago,-1,-2
leaky,18000,20261001-43-NbWz,20,pos 1 plies ago,-1,-1
leaky,18000,20261001-43-NbWz,20,pos 1 plies ago,-1,0
leaky,18000,20261001-43-NbWz,20,pos 1 plies ago,-1,1
leaky,18000,20261001-43-NbWz,20,pos 1 plies ago,-1,2
leaky,18000,20261001-43-NbWz,20,pos 1 plies ago,-1,3
leaky,18000,20261001-43-NbWz,20,pos 1 plies ago,0,-3
leaky,18000,20261001-43-NbWz,20,pos 1 plies ago,0,-2
leaky,18000,20261001-43-NbWz,20,pos 1 plies ago,0,-1
leaky,18000,20261001-43-NbWz,20,pos 1 plies ago,0,0
leaky,18000,20261001-43-NbWz,20,pos 1 plies ago,0,1
leaky,18000,20261001-43-NbWz,20,pos 1 plies ago,0,2
leaky,18000,20261001-43-NbWz,20,pos 1 plies ago,0,3
leaky,18000,20261001-43-NbWz,20,pos 1 plies ago,1,-3
leaky,18000,20261001-43-NbWz,20,pos 1 plies ago,1,-2
leaky,18000,20261001-43-NbWz,20,pos 1 plies ago,1,-1
leaky,18000,20261001-43-NbWz,20,pos 1 plies ago,1,0
leaky,18000,20261001-43-NbWz,20,pos 1 plies ago,1,1
leaky,18000,20261001-43-NbWz,20,pos 1 plies ago,1,2
leaky,18000,20261001-43-NbWz,20,pos 1 plies ago,1,3
leaky,18000,20261001-43-NbWz,20,pos 1 plies ago,2,-3
leaky,18000,20261001-43-NbWz,20,pos 1 plies ago,2,-2
leaky,18000,20261001-43-NbWz,20,pos 1 plies ago,2,-1
leaky,18000,20261001-43-NbWz,20,pos 1 plies ago,2,0
leaky,18000,20261001-43-NbWz,20,pos 1 plies ago,2,1
leaky,18000,20261001-43-NbWz,20,pos 1 plies ago,2,2
leaky,18000,20261001-43-NbWz,20,pos 1 plies ago,2,3
leaky,18000,20261001-43-NbWz,20,pos 1 plies ago,3,-3
leaky,18000,20261001-43-NbWz,20,pos 1 plies ago,3,-2
leaky,18000,20261001-43-NbWz,20,pos 1 plies ago,3,-1
leaky,18000,20261001-43-NbWz,20,pos 1 plies ago,3,0
leaky,18000,20261001-43-NbWz,20,pos 1 plies ago,3,1
leaky,18000,20261001-43-NbWz,20,pos 1 plies ago,3,2
leaky,18000,20261001-43-NbWz,20,pos 1 plies ago,3,3
leaky,18000,20261001-43-NbWz,21,pos 2 plies ago,-3,-3
leaky,18000,20261001-43-NbWz,21,pos 2 plies ago,-3,-2
leaky,18000,20261001-43-NbWz,21,pos 2 plies ago,-3,-1
leaky,18000,20261001-43-NbWz,21,pos 2 plies ago,-3,0
leaky,18000,20261001-43-NbWz,21,pos 2 plies ago,-3,1
leaky,18000,20261001-43-NbWz,21,pos 2 plies ago,-3,2
leaky,18000,20261001-43-NbWz,21,pos 2 plies ago,-3,3
leaky,18000,20261001-43-NbWz,21,pos 2 plies ago,-2,-3
leaky,18000,20261001-43-NbWz,21,pos 2 plies ago,-2,-2
leaky,18000,20261001-43-NbWz,21,pos 2 plies ago,-2,-1
leaky,18000,20261001-43-NbWz,21,pos 2 plies ago,-2,0
leaky,18000,20261001-43-NbWz,21,pos 2 plies ago,-2,1
leaky,18000,20261001-43-NbWz,21,pos 2 plies ago,-2,2
leaky,18000,20261001-43-NbWz,21,pos 2 plies ago,-2,3
leaky,18000,20261001-43-NbWz,21,pos 2 plies ago,-1,-3
leaky,18000,20261001-43-NbWz,21,pos 2 plies ago,-1,-2
leaky,18000,20261001-43-NbWz,21,pos 2 plies ago,-1,-1
leaky,18000,20261001-43-NbWz,21,pos 2 plies ago,-1,0
leaky,18000,20261001-43-NbWz,21,pos 2 plies ago,-1,1
leaky,18000,20261001-43-NbWz,21,pos 2 plies ago,-1,2
leaky,18000,20261001-43-NbWz,21,pos 2 plies ago,-1,3
leaky,18000,20261001-43-NbWz,21,pos 2 plies ago,0,-3
leaky,18000,20261001-43-NbWz,21,pos 2 plies ago,0,-2
leaky,18000,20261001-43-NbWz,21,pos 2 plies ago,0,-1
leaky,18000,20261001-43-NbWz,21,pos 2 plies ago,0,0
leaky,18000,20261001-43-NbWz,21,pos 2 plies ago,0,1
leaky,18000,20261001-43-NbWz,21,pos 2 plies ago,0,2
leaky,18000,20261001-43-NbWz,21,pos 2 plies ago,0,3
leaky,18000,20261001-43-NbWz,21,pos 2 plies ago,1,-3
leaky,18000,20261001-43-NbWz,21,pos 2 plies ago,1,-2
leaky,18000,20261001-43-NbWz,21,pos 2 plies ago,1,-1
leaky,18000,20261001-43-NbWz,21,pos 2 plies ago,1,0
leaky,18000,20261001-43-NbWz,21,pos 2 plies ago,1,1
leaky,18000,20261001-43-NbWz,21,pos 2 plies ago,1,2
leaky,18000,20261001-43-NbWz,21,pos 2 plies ago,1,3
leaky,18000,20261001-43-NbWz,21,pos 2 plies ago,2,-3
leaky,18000,20261001-43-NbWz,21,pos 2 plies ago,2,-2
leaky,18000,20261001-43-NbWz,21,pos 2 plies ago,2,-1
leaky,18000,20261001-43-NbWz,21,pos 2 plies ago,2,0
leaky,18000,20261001-43-NbWz,21,pos 2 plies ago,2,1
leaky,18000,20261001-43-NbWz,21,pos 2 plies ago,2,2
leaky,18000,20261001-43-NbWz,21,pos 2 plies ago,2,3
leaky,18000,20261001-43-NbWz,21,pos 2 plies ago,3,-3
leaky,18000,20261001-43-NbWz,21,pos 2 plies ago,3,-2
leaky,18000,20261001-43-NbWz,21,pos 2 plies ago,3,-1
leaky,18000,20261001-43-NbWz,21,pos 2 plies ago,3,0
leaky,18000,20261001-43-NbWz,21,pos 2 plies ago,3,1
leaky,18000,20261001-43-NbWz,21,pos 2 plies ago,3,2
leaky,18000,20261001-43-NbWz,21,pos 2 plies ago,3,3
leaky,18000,20261001-43-NbWz,22,pos 3 plies ago,-3,-3
leaky,18000,20261001-43-NbWz,22,pos 3 plies ago,-3,-2
leaky,18000,20261001-43-NbWz,22,pos 3 plies ago,-3,-1
leaky,18000,20261001-43-NbWz,22,pos 3 plies ago,-3,0
leaky,18000,20261001-43-NbWz,22,pos 3 plies ago,-3,1
leaky,18000,20261001-43-NbWz,22,pos 3 plies ago,-3,2
leaky,18000,20261001-43-NbWz,22,pos 3 plies ago,-3,3
leaky,18000,20261001-43-NbWz,22,pos 3 plies ago,-2,-3
leaky,18000,20261001-43-NbWz,22,pos 3 plies ago,-2,-2
leaky,18000,20261001-43-NbWz,22,pos 3 plies ago,-2,-1
leaky,18000,20261001-43-NbWz,22,pos 3 plies ago,-2,0
leaky,18000,20261001-43-NbWz,22,pos 3 plies ago,-2,1
leaky,18000,20261001-43-NbWz,22,pos 3 plies ago,-2,2
leaky,18000,20261001-43-NbWz,22,pos 3 plies ago,-2,3
leaky,18000,20261001-43-NbWz,22,pos 3 plies ago,-1,-3
leaky,18000,20261001-43-NbWz,22,pos 3 plies ago,-1,-2
leaky,18000,20261001-43-NbWz,22,pos 3 plies ago,-1,-1
leaky,18000,20261001-43-NbWz,22,pos 3 plies ago,-1,0
leaky,18000,20261001-43-NbWz,22,pos 3 plies ago,-1,1
leaky,18000,20261001-43-NbWz,22,pos 3 plies ago,-1,2
leaky,18000,20261001-43-NbWz,22,pos 3 plies ago,-1,3
leaky,18000,20261001-43-NbWz,22,pos 3 plies ago,0,-3
leaky,18000,20261001-43-NbWz,22,pos 3 plies ago,0,-2
leaky,18000,20261001-43-NbWz,22,pos 3 plies ago,0,-1
leaky,18000,20261001-43-NbWz,22,pos 3 plies ago,0,0
leaky,18000,20261001-43-NbWz,22,pos 3 plies ago,0,1
leaky,18000,20261001-43-NbWz,22,pos 3 plies ago,0,2
leaky,18000,20261001-43-NbWz,22,pos 3 plies ago,0,3
leaky,18000,20261001-43-NbWz,22,pos 3 plies ago,1,-3
leaky,18000,20261001-43-NbWz,22,pos 3 plies ago,1,-2
leaky,18000,20261001-43-NbWz,22,pos 3 plies ago,1,-1
leaky,18000,20261001-43-NbWz,22,pos 3 plies ago,1,0
leaky,18000,20261001-43-NbWz,22,pos 3 plies ago,1,1
leaky,18000,20261001-43-NbWz,22,pos 3 plies ago,1,2
leaky,18000,20261001-43-NbWz,22,pos 3 plies ago,1,3
leaky,18000,20261001-43-NbWz,22,pos 3 plies ago,2,-3
leaky,18000,20261001-43-NbWz,22,pos 3 plies ago,2,-2
leaky,18000,20261001-43-NbWz,22,pos 3 plies ago,2,-1
leaky,18000,20261001-43-NbWz,22,pos 3 plies ago,2,0
leaky,18000,20261001-43-NbWz,22,pos 3 plies ago,2,1
leaky,18000,20261001-43-NbWz,22,pos 3 plies ago,2,2
leaky,18000,20261001-43-NbWz,22,pos 3 plies ago,2,3
leaky,18000,20261001-43-NbWz,22,pos 3 plies ago,3,-3
leaky,18000,20261001-43-NbWz,22,pos 3 plies ago,3,-2
leaky,18000,20261001-43-NbWz,22,pos 3 plies ago,3,-1
leaky,18000,20261001-43-NbWz,22,pos 3 plies ago,3,0
leaky,18000,20261001-43-NbWz,22,pos 3 plies ago,3,1
leaky,18000,20261001-43-NbWz,22,pos 3 plies ago,3,2
leaky,18000,20261001-43-NbWz,22,pos 3 plies ago,3,3
leaky,18000,20261001-43-NbWz,24,pos 5 plies ago,-3,-3
leaky,18000,20261001-43-NbWz,24,pos 5 plies ago,-3,-2
leaky,18000,20261001-43-NbWz,24,pos 5 plies ago,-3,-1
leaky,18000,20261001-43-NbWz,24,pos 5 plies ago,-3,0
leaky,18000,20261001-43-NbWz,24,pos 5 plies ago,-3,1
leaky,18000,20261001-43-NbWz,24,pos 5 plies ago,-3,2
leaky,18000,20261001-43-NbWz,24,pos 5 plies ago,-3,3
leaky,18000,20261001-43-NbWz,24,pos 5 plies ago,-2,-3
leaky,18000,20261001-43-NbWz,24,pos 5 plies ago,-2,-2
leaky,18000,20261001-43-NbWz,24,pos 5 plies ago,-2,-1
leaky,18000,20261001-43-NbWz,24,pos 5 plies ago,-2,0
leaky,18000,20261001-43-NbWz,24,pos 5 plies ago,-2,1
leaky,18000,20261001-43-NbWz,24,pos 5 plies ago,-2,2
leaky,18000,20261001-43-NbWz,24,pos 5 plies ago,-2,3
leaky,18000,20261001-43-NbWz,24,pos 5 plies ago,-1,-3
leaky,18000,20261001-43-NbWz,24,pos 5 plies ago,-1,-2
leaky,18000,20261001-43-NbWz,24,pos 5 plies ago,-1,-1
leaky,18000,20261001-43-NbWz,24,pos 5 plies ago,-1,0
leaky,18000,20261001-43-NbWz,24,pos 5 plies ago,-1,1
leaky,18000,20261001-43-NbWz,24,pos 5 plies ago,-1,2
leaky,18000,20261001-43-NbWz,24,pos 5 plies ago,-1,3
leaky,18000,20261001-43-NbWz,24,pos 5 plies ago,0,-3
leaky,18000,20261001-43-NbWz,24,pos 5 plies ago,0,-2
leaky,18000,20261001-43-NbWz,24,pos 5 plies ago,0,-1
leaky,18000,20261001-43-NbWz,24,pos 5 plies ago,0,0
leaky,18000,20261001-43-NbWz,24,pos 5 plies ago,0,1
leaky,18000,20261001-43-NbWz,24,pos 5 plies ago,0,2
leaky,18000,20261001-43-NbWz,24,pos 5 plies ago,0,3
leaky,18000,20261001-43-NbWz,24,pos 5 plies ago,1,-3
leaky,18000,20261001-43-NbWz,24,pos 5 plies ago,1,-2
leaky,18000,20261001-43-NbWz,24,pos 5 plies ago,1,-1
leaky,18000,20261001-43-NbWz,24,pos 5 plies ago,1,0
leaky,18000,20261001-43-NbWz,24,pos 5 plies ago,1,1
leaky,18000,20261001-43-NbWz,24,pos 5 plies ago,1,2
leaky,18000,20261001-43-NbWz,24,pos 5 plies ago,1,3
leaky,18000,20261001-43-NbWz,24,pos 5 plies ago,2,-3
leaky,18000,20261001-43-NbWz,24,pos 5 plies ago,2,-2
leaky,18000,20261001-43-NbWz,24,pos 5 plies ago,2,-1
leaky,18000,20261001-43-NbWz,24,pos 5 plies ago,2,0
leaky,18000,20261001-43-NbWz,24,pos 5 plies ago,2,1
leaky,18000,20261001-43-NbWz,24,pos 5 plies ago,2,2
leaky,18000,20261001-43-NbWz,24,pos 5 plies ago,2,3
leaky,18000,20261001-43-NbWz,24,pos 5 plies ago,3,-3
leaky,18000,20261001-43-NbWz,24,pos 5 plies ago,3,-2
leaky,18000,20261001-43-NbWz,24,pos 5 plies ago,3,-1
leaky,18000,20261001-43-NbWz,24,pos 5 plies ago,3,0
leaky,18000,20261001-43-NbWz,24,pos 5 plies ago,3,1
leaky,18000,20261001-43-NbWz,24,pos 5 plies ago,3,2
leaky,18000,20261001-43-NbWz,24,pos 5 plies ago,3,3
leaky,18000,20261001-43-NbWz,26,pos 7 plies ago,-3,-3
leaky,18000,20261001-43-NbWz,26,pos 7 plies ago,-3,-2
leaky,18000,20261001-43-NbWz,26,pos 7 plies ago,-3,-1
leaky,18000,20261001-43-NbWz,26,pos 7 plies ago,-3,0
leaky,18000,20261001-43-NbWz,26,pos 7 plies ago,-3,1
leaky,18000,20261001-43-NbWz,26,pos 7 plies ago,-3,2
leaky,18000,20261001-43-NbWz,26,pos 7 plies ago,-3,3
leaky,18000,20261001-43-NbWz,26,pos 7 plies ago,-2,-3
leaky,18000,20261001-43-NbWz,26,pos 7 plies ago,-2,-2
leaky,18000,20261001-43-NbWz,26,pos 7 plies ago,-2,-1
leaky,18000,20261001-43-NbWz,26,pos 7 plies ago,-2,0
leaky,18000,20261001-43-NbWz,26,pos 7 plies ago,-2,1
leaky,18000,20261001-43-NbWz,26,pos 7 plies ago,-2,2
leaky,18000,20261001-43-NbWz,26,pos 7 plies ago,-2,3
leaky,18000,20261001-43-NbWz,26,pos 7 plies ago,-1,-3
leaky,18000,20261001-43-NbWz,26,pos 7 plies ago,-1,-2
leaky,18000,20261001-43-NbWz,26,pos 7 plies ago,-1,-1
leaky,18000,20261001-43-NbWz,26,pos 7 plies ago,-1,0
leaky,18000,20261001-43-NbWz,26,pos 7 plies ago,-1,1
leaky,18000,20261001-43-NbWz,26,pos 7 plies ago,-1,2
leaky,18000,20261001-43-NbWz,26,pos 7 plies ago,-1,3
leaky,18000,20261001-43-NbWz,26,pos 7 plies ago,0,-3
leaky,18000,20261001-43-NbWz,26,pos 7 plies ago,0,-2
leaky,18000,20261001-43-NbWz,26,pos 7 plies ago,0,-1
leaky,18000,20261001-43-NbWz,26,pos 7 plies ago,0,0
leaky,18000,20261001-43-NbWz,26,pos 7 plies ago,0,1
leaky,18000,20261001-43-NbWz,26,pos 7 plies ago,0,2
leaky,18000,20261001-43-NbWz,26,pos 7 plies ago,0,3
leaky,18000,20261001-43-NbWz,26,pos 7 plies ago,1,-3
leaky,18000,20261001-43-NbWz,26,pos 7 plies ago,1,-2
leaky,18000,20261001-43-NbWz,26,pos 7 plies ago,1,-1
leaky,18000,20261001-43-NbWz,26,pos 7 plies ago,1,0
leaky,18000,20261001-43-NbWz,26,pos 7 plies ago,1,1
leaky,18000,20261001-43-NbWz,26,pos 7 plies ago,1,2
leaky,18000,20261001-43-NbWz,26,pos 7 plies ago,1,3
leaky,18000,20261001-43-NbWz,26,pos 7 plies ago,2,-3
leaky,18000,20261001-43-NbWz,26,pos 7 plies ago,2,-2
leaky,18000,20261001-43-NbWz,26,pos 7 plies ago,2,-1
leaky,18000,20261001-43-NbWz,26,pos 7 plies ago,2,0
leaky,18000,20261001-43-NbWz,26,pos 7 plies ago,2,1
leaky,18000,20261001-43-NbWz,26,pos 7 plies ago,2,2
leaky,18000,20261001-43-NbWz,26,pos 7 plies ago,2,3
leaky,18000,20261001-43-NbWz,26,pos 7 plies ago,3,-3
leaky,18000,20261001-43-NbWz,26,pos 7 plies ago,3,-2
leaky,18000,20261001-43-NbWz,26,pos 7 plies ago,3,-1
leaky,18000,20261001-43-NbWz,26,pos 7 plies ago,3,0
leaky,18000,20261001-43-NbWz,26,pos 7 plies ago,3,1
leaky,18000,20261001-43-NbWz,26,pos 7 plies ago,3,2
leaky,18000,20261001-43-NbWz,26,pos 7 plies ago,3,3
leaky,18000,20261001-43-NbWz,28,pos 9 plies ago,-3,-3
leaky,18000,20261001-43-NbWz,28,pos 9 plies ago,-3,-2
leaky,18000,20261001-43-NbWz,28,pos 9 plies ago,-3,-1
leaky,18000,20261001-43-NbWz,28,pos 9 plies ago,-3,0
leaky,18000,20261001-43-NbWz,28,pos 9 plies ago,-3,1
leaky,18000,20261001-43-NbWz,28,pos 9 plies ago,-3,2
leaky,18000,20261001-43-NbWz,28,pos 9 plies ago,-3,3
leaky,18000,20261001-43-NbWz,28,pos 9 plies ago,-2,-3
leaky,18000,20261001-43-NbWz,28,pos 9 plies ago,-2,-2
leaky,18000,20261001-43-NbWz,28,pos 9 plies ago,-2,-1
leaky,18000,20261001-43-NbWz,28,pos 9 plies ago,-2,0
leaky,18000,20261001-43-NbWz,28,pos 9 plies ago,-2,1
leaky,18000,20261001-43-NbWz,28,pos 9 plies ago,-2,2
leaky,18000,20261001-43-NbWz,28,pos 9 plies ago,-2,3
leaky,18000,20261001-43-NbWz,28,pos 9 plies ago,-1,-3
leaky,18000,20261001-43-NbWz,28,pos 9 plies ago,-1,-2
leaky,18000,20261001-43-NbWz,28,pos 9 plies ago,-1,-1
leaky,18000,20261001-43-NbWz,28,pos 9 plies ago,-1,0
leaky,18000,20261001-43-NbWz,28,pos 9 plies ago,-1,1
leaky,18000,20261001-43-NbWz,28,pos 9 plies ago,-1,2
leaky,18000,20261001-43-NbWz,28,pos 9 plies ago,-1,3
leaky,18000,20261001-43-NbWz,28,pos 9 plies ago,0,-3
leaky,18000,20261001-43-NbWz,28,pos 9 plies ago,0,-2
leaky,18000,20261001-43-NbWz,28,pos 9 plies ago,0,-1
leaky,18000,20261001-43-NbWz,28,pos 9 plies ago,0,0
leaky,18000,20261001-43-NbWz,28,pos 9 plies ago,0,1
leaky,18000,20261001-43-NbWz,28,pos 9 plies ago,0,2
leaky,18000,20261001-43-NbWz,28,pos 9 plies ago,0,3
leaky,18000,20261001-43-NbWz,28,pos 9 plies ago,1,-3
leaky,18000,20261001-43-NbWz,28,pos 9 plies ago,1,-2
leaky,18000,20261001-43-NbWz,28,pos 9 plies ago,1,-1
leaky,18000,20261001-43-NbWz,28,pos 9 plies ago,1,0
leaky,18000,20261001-43-NbWz,28,pos 9 plies ago,1,1
leaky,18000,20261001-43-NbWz,28,pos 9 plies ago,1,2
leaky,18000,20261001-43-NbWz,28,pos 9 plies ago,1,3
leaky,18000,20261001-43-NbWz,28,pos 9 plies ago,2,-3
leaky,18000,20261001-43-NbWz,28,pos 9 plies ago,2,-2
leaky,18000,20261001-43-NbWz,28,pos 9 plies ago,2,-1
leaky,18000,20261001-43-NbWz,28,pos 9 plies ago,2,0
leaky,18000,20261001-43-NbWz,28,pos 9 plies ago,2,1
leaky,18000,20261001-43-NbWz,28,pos 9 plies ago,2,2
leaky,18000,20261001-43-NbWz,28,pos 9 plies ago,2,3
leaky,18000,20261001-43-NbWz,28,pos 9 plies ago,3,-3
leaky,18000,20261001-43-NbWz,28,pos 9 plies ago,3,-2
leaky,18000,20261001-43-NbWz,28,pos 9 plies ago,3,-1
leaky,18000,20261001-43-NbWz,28,pos 9 plies ago,3,0
leaky,18000,20261001-43-NbWz,28,pos 9 plies ago,3,1
leaky,18000,20261001-43-NbWz,28,pos 9 plies ago,3,2
leaky,18000,20261001-43-NbWz,28,pos 9 plies ago,3,3
leaky,19000,20261001-43-NbWz,16,en passant,3,-3
leaky,19000,20261001-43-NbWz,16,en passant,3,-2
leaky,19000,20261001-43-NbWz,16,en passant,3,-1
leaky,19000,20261001-43-NbWz,16,en passant,3,0
leaky,19000,20261001-43-NbWz,16,en passant,3,1
leaky,19000,20261001-43-NbWz,16,en passant,3,2
leaky,19000,20261001-43-NbWz,16,en passant,3,3
leaky,19000,20261001-43-NbWz,19,rep >=2 before,-3,-3
leaky,19000,20261001-43-NbWz,19,rep >=2 before,-3,-2
leaky,19000,20261001-43-NbWz,19,rep >=2 before,-3,-1
leaky,19000,20261001-43-NbWz,19,rep >=2 before,-3,0
leaky,19000,20261001-43-NbWz,19,rep >=2 before,-3,1
leaky,19000,20261001-43-NbWz,19,rep >=2 before,-3,2
leaky,19000,20261001-43-NbWz,19,rep >=2 before,-3,3
leaky,19000,20261001-43-NbWz,19,rep >=2 before,-2,-3
leaky,19000,20261001-43-NbWz,19,rep >=2 before,-2,-2
leaky,19000,20261001-43-NbWz,19,rep >=2 before,-2,-1
leaky,19000,20261001-43-NbWz,19,rep >=2 before,-2,0
leaky,19000,20261001-43-NbWz,19,rep >=2 before,-2,1
leaky,19000,20261001-43-NbWz,19,rep >=2 before,-2,2
leaky,19000,20261001-43-NbWz,19,rep >=2 before,-2,3
leaky,19000,20261001-43-NbWz,19,rep >=2 before,-1,-3
leaky,19000,20261001-43-NbWz,19,rep >=2 before,-1,-2
leaky,19000,20261001-43-NbWz,19,rep >=2 before,-1,-1
leaky,19000,20261001-43-NbWz,19,rep >=2 before,-1,0
leaky,19000,20261001-43-NbWz,19,rep >=2 before,-1,1
leaky,19000,20261001-43-NbWz,19,rep >=2 before,-1,2
leaky,19000,20261001-43-NbWz,19,rep >=2 before,-1,3
leaky,19000,20261001-43-NbWz,19,rep >=2 before,0,-3
leaky,19000,20261001-43-NbWz,19,rep >=2 before,0,-2
leaky,19000,20261001-43-NbWz,19,rep >=2 before,0,-1
leaky,19000,20261001-43-NbWz,19,rep >=2 before,0,0
leaky,19000,20261001-43-NbWz,19,rep >=2 before,0,1
leaky,19000,20261001-43-NbWz,19,rep >=2 before,0,2
leaky,19000,20261001-43-NbWz,19,rep >=2 before,0,3
leaky,19000,20261001-43-NbWz,19,rep >=2 before,1,-3
leaky,19000,20261001-43-NbWz,19,rep >=2 before,1,-2
leaky,19000,20261001-43-NbWz,19,rep >=2 before,1,-1
leaky,19000,20261001-43-NbWz,19,rep >=2 before,1,0
leaky,19000,20261001-43-NbWz,19,rep >=2 before,1,1
leaky,19000,20261001-43-NbWz,19,rep >=2 before,1,2
leaky,19000,20261001-43-NbWz,19,rep >=2 before,1,3
leaky,19000,20261001-43-NbWz,19,rep >=2 before,2,-3
leaky,19000,20261001-43-NbWz,19,rep >=2 before,2,-2
leaky,19000,20261001-43-NbWz,19,rep >=2 before,2,-1
leaky,19000,20261001-43-NbWz,19,rep >=2 before,2,0
leaky,19000,20261001-43-NbWz,19,rep >=2 before,2,1
leaky,19000,20261001-43-NbWz,19,rep >=2 before,2,2
leaky,19000,20261001-43-NbWz,19,rep >=2 before,2,3
leaky,19000,20261001-43-NbWz,19,rep >=2 before,3,-3
leaky,19000,20261001-43-NbWz,19,rep >=2 before,3,-2
leaky,19000,20261001-43-NbWz,19,rep >=2 before,3,-1
leaky,19000,20261001-43-NbWz,19,rep >=2 before,3,0
leaky,19000,20261001-43-NbWz,19,rep >=2 before,3,1
leaky,19000,20261001-43-NbWz,19,rep >=2 before,3,2
leaky,19000,20261001-43-NbWz,19,rep >=2 before,3,3
leaky,19000,20261001-43-NbWz,20,pos 1 plies ago,-3,-3
leaky,19000,20261001-43-NbWz,20,pos 1 plies ago,-3,-2
leaky,19000,20261001-43-NbWz,20,pos 1 plies ago,-3,-1
leaky,19000,20261001-43-NbWz,20,pos 1 plies ago,-3,0
leaky,19000,20261001-43-NbWz,20,pos 1 plies ago,-3,1
leaky,19000,20261001-43-NbWz,20,pos 1 plies ago,-3,2
leaky,19000,20261001-43-NbWz,20,pos 1 plies ago,-3,3
leaky,19000,20261001-43-NbWz,20,pos 1 plies ago,-2,-3
leaky,19000,20261001-43-NbWz,20,pos 1 plies ago,-2,-2
leaky,19000,20261001-43-NbWz,20,pos 1 plies ago,-2,-1
leaky,19000,20261001-43-NbWz,20,pos 1 plies ago,-2,0
leaky,19000,20261001-43-NbWz,20,pos 1 plies ago,-2,1
leaky,19000,20261001-43-NbWz,20,pos 1 plies ago,-2,2
leaky,19000,20261001-43-NbWz,20,pos 1 plies ago,-2,3
leaky,19000,20261001-43-NbWz,20,pos 1 plies ago,-1,-3
leaky,19000,20261001-43-NbWz,20,pos 1 plies ago,-1,-2
leaky,19000,20261001-43-NbWz,20,pos 1 plies ago,-1,-1
leaky,19000,20261001-43-NbWz,20,pos 1 plies ago,-1,0
leaky,19000,20261001-43-NbWz,20,pos 1 plies ago,-1,1
leaky,19000,20261001-43-NbWz,20,pos 1 plies ago,-1,2
leaky,19000,20261001-43-NbWz,20,pos 1 plies ago,-1,3
leaky,19000,20261001-43-NbWz,20,pos 1 plies ago,0,-3
leaky,19000,20261001-43-NbWz,20,pos 1 plies ago,0,-2
leaky,19000,20261001-43-NbWz,20,pos 1 plies ago,0,-1
leaky,19000,20261001-43-NbWz,20,pos 1 plies ago,0,0
leaky,19000,20261001-43-NbWz,20,pos 1 plies ago,0,1
leaky,19000,20261001-43-NbWz,20,pos 1 plies ago,0,2
leaky,19000,20261001-43-NbWz,20,pos 1 plies ago,0,3
leaky,19000,20261001-43-NbWz,20,pos 1 plies ago,1,-3
leaky,19000,20261001-43-NbWz,20,pos 1 plies ago,1,-2
leaky,19000,20261001-43-NbWz,20,pos 1 plies ago,1,-1
leaky,19000,20261001-43-NbWz,20,pos 1 plies ago,1,0
leaky,19000,20261001-43-NbWz,20,pos 1 plies ago,1,1
leaky,19000,20261001-43-NbWz,20,pos 1 plies ago,1,2
leaky,19000,20261001-43-NbWz,20,pos 1 plies ago,1,3
leaky,19000,20261001-43-NbWz,20,pos 1 plies ago,2,-3
leaky,19000,20261001-43-NbWz,20,pos 1 plies ago,2,-2
leaky,19000,20261001-43-NbWz,20,pos 1 plies ago,2,-1
leaky,19000,20261001-43-NbWz,20,pos 1 plies ago,2,0
leaky,19000,20261001-43-NbWz,20,pos 1 plies ago,2,1
leaky,19000,20261001-43-NbWz,20,pos 1 plies ago,2,2
leaky,19000,20261001-43-NbWz,20,pos 1 plies ago,2,3
leaky,19000,20261001-43-NbWz,20,pos 1 plies ago,3,-3
leaky,19000,20261001-43-NbWz,20,pos 1 plies ago,3,-2
leaky,19000,20261001-43-NbWz,20,pos 1 plies ago,3,-1
leaky,19000,20261001-43-NbWz,20,pos 1 plies ago,3,0
leaky,19000,20261001-43-NbWz,20,pos 1 plies ago,3,1
leaky,19000,20261001-43-NbWz,20,pos 1 plies ago,3,2
leaky,19000,20261001-43-NbWz,20,pos 1 plies ago,3,3
leaky,19000,20261001-43-NbWz,21,pos 2 plies ago,-3,-3
leaky,19000,20261001-43-NbWz,21,pos 2 plies ago,-3,-2
leaky,19000,20261001-43-NbWz,21,pos 2 plies ago,-3,-1
leaky,19000,20261001-43-NbWz,21,pos 2 plies ago,-3,0
leaky,19000,20261001-43-NbWz,21,pos 2 plies ago,-3,1
leaky,19000,20261001-43-NbWz,21,pos 2 plies ago,-3,2
leaky,19000,20261001-43-NbWz,21,pos 2 plies ago,-3,3
leaky,19000,20261001-43-NbWz,21,pos 2 plies ago,-2,-3
leaky,19000,20261001-43-NbWz,21,pos 2 plies ago,-2,-2
leaky,19000,20261001-43-NbWz,21,pos 2 plies ago,-2,-1
leaky,19000,20261001-43-NbWz,21,pos 2 plies ago,-2,0
leaky,19000,20261001-43-NbWz,21,pos 2 plies ago,-2,1
leaky,19000,20261001-43-NbWz,21,pos 2 plies ago,-2,2
leaky,19000,20261001-43-NbWz,21,pos 2 plies ago,-2,3
leaky,19000,20261001-43-NbWz,21,pos 2 plies ago,-1,-3
leaky,19000,20261001-43-NbWz,21,pos 2 plies ago,-1,-2
leaky,19000,20261001-43-NbWz,21,pos 2 plies ago,-1,-1
leaky,19000,20261001-43-NbWz,21,pos 2 plies ago,-1,0
leaky,19000,20261001-43-NbWz,21,pos 2 plies ago,-1,1
leaky,19000,20261001-43-NbWz,21,pos 2 plies ago,-1,2
leaky,19000,20261001-43-NbWz,21,pos 2 plies ago,-1,3
leaky,19000,20261001-43-NbWz,21,pos 2 plies ago,0,-3
leaky,19000,20261001-43-NbWz,21,pos 2 plies ago,0,-2
leaky,19000,20261001-43-NbWz,21,pos 2 plies ago,0,-1
leaky,19000,20261001-43-NbWz,21,pos 2 plies ago,0,0
leaky,19000,20261001-43-NbWz,21,pos 2 plies ago,0,1
leaky,19000,20261001-43-NbWz,21,pos 2 plies ago,0,2
leaky,19000,20261001-43-NbWz,21,pos 2 plies ago,0,3
leaky,19000,20261001-43-NbWz,21,pos 2 plies ago,1,-3
leaky,19000,20261001-43-NbWz,21,pos 2 plies ago,1,-2
leaky,19000,20261001-43-NbWz,21,pos 2 plies ago,1,-1
leaky,19000,20261001-43-NbWz,21,pos 2 plies ago,1,0
leaky,19000,20261001-43-NbWz,21,pos 2 plies ago,1,1
leaky,19000,20261001-43-NbWz,21,pos 2 plies ago,1,2
leaky,19000,20261001-43-NbWz,21,pos 2 plies ago,1,3
leaky,19000,20261001-43-NbWz,21,pos 2 plies ago,2,-3
leaky,19000,20261001-43-NbWz,21,pos 2 plies ago,2,-2
leaky,19000,20261001-43-NbWz,21,pos 2 plies ago,2,-1
leaky,19000,20261001-43-NbWz,21,pos 2 plies ago,2,0
leaky,19000,20261001-43-NbWz,21,pos 2 plies ago,2,1
leaky,19000,20261001-43-NbWz,21,pos 2 plies ago,2,2
leaky,19000,20261001-43-NbWz,21,pos 2 plies ago,2,3
leaky,19000,20261001-43-NbWz,21,pos 2 plies ago,3,-3
leaky,19000,20261001-43-NbWz,21,pos 2 plies ago,3,-2
leaky,19000,20261001-43-NbWz,21,pos 2 plies ago,3,-1
leaky,19000,20261001-43-NbWz,21,pos 2 plies ago,3,0
leaky,19000,20261001-43-NbWz,21,pos 2 plies ago,3,1
leaky,19000,20261001-43-NbWz,21,pos 2 plies ago,3,2
leaky,19000,20261001-43-NbWz,21,pos 2 plies ago,3,3
leaky,19000,20261001-43-NbWz,22,pos 3 plies ago,-3,-3
leaky,19000,20261001-43-NbWz,22,pos 3 plies ago,-3,-2
leaky,19000,20261001-43-NbWz,22,pos 3 plies ago,-3,-1
leaky,19000,20261001-43-NbWz,22,pos 3 plies ago,-3,0
leaky,19000,20261001-43-NbWz,22,pos 3 plies ago,-3,1
leaky,19000,20261001-43-NbWz,22,pos 3 plies ago,-3,2
leaky,19000,20261001-43-NbWz,22,pos 3 plies ago,-3,3
leaky,19000,20261001-43-NbWz,22,pos 3 plies ago,-2,-3
leaky,19000,20261001-43-NbWz,22,pos 3 plies ago,-2,-2
leaky,19000,20261001-43-NbWz,22,pos 3 plies ago,-2,-1
leaky,19000,20261001-43-NbWz,22,pos 3 plies ago,-2,0
leaky,19000,20261001-43-NbWz,22,pos 3 plies ago,-2,1
leaky,19000,20261001-43-NbWz,22,pos 3 plies ago,-2,2
leaky,19000,20261001-43-NbWz,22,pos 3 plies ago,-2,3
leaky,19000,20261001-43-NbWz,22,pos 3 plies ago,-1,-3
leaky,19000,20261001-43-NbWz,22,pos 3 plies ago,-1,-2
leaky,19000,20261001-43-NbWz,22,pos 3 plies ago,-1,-1
leaky,19000,20261001-43-NbWz,22,pos 3 plies ago,-1,0
leaky,19000,20261001-43-NbWz,22,pos 3 plies ago,-1,1
leaky,19000,20261001-43-NbWz,22,pos 3 plies ago,-1,2
leaky,19000,20261001-43-NbWz,22,pos 3 plies ago,-1,3
leaky,19000,20261001-43-NbWz,22,pos 3 plies ago,0,-3
leaky,19000,20261001-43-NbWz,22,pos 3 plies ago,0,-2
leaky,19000,20261001-43-NbWz,22,pos 3 plies ago,0,-1
leaky,19000,20261001-43-NbWz,22,pos 3 plies ago,0,0
leaky,19000,20261001-43-NbWz,22,pos 3 plies ago,0,1
leaky,19000,20261001-43-NbWz,22,pos 3 plies ago,0,2
leaky,19000,20261001-43-NbWz,22,pos 3 plies ago,0,3
leaky,19000,20261001-43-NbWz,22,pos 3 plies ago,1,-3
leaky,19000,20261001-43-NbWz,22,pos 3 plies ago,1,-2
leaky,19000,20261001-43-NbWz,22,pos 3 plies ago,1,-1
leaky,19000,20261001-43-NbWz,22,pos 3 plies ago,1,0
leaky,19000,20261001-43-NbWz,22,pos 3 plies ago,1,1
leaky,19000,20261001-43-NbWz,22,pos 3 plies ago,1,2
leaky,19000,20261001-43-NbWz,22,pos 3 plies ago,1,3
leaky,19000,20261001-43-NbWz,22,pos 3 plies ago,2,-3
leaky,19000,20261001-43-NbWz,22,pos 3 plies ago,2,-2
leaky,19000,20261001-43-NbWz,22,pos 3 plies ago,2,-1
leaky,19000,20261001-43-NbWz,22,pos 3 plies ago,2,0
leaky,19000,20261001-43-NbWz,22,pos 3 plies ago,2,1
leaky,19000,20261001-43-NbWz,22,pos 3 plies ago,2,2
leaky,19000,20261001-43-NbWz,22,pos 3 plies ago,2,3
leaky,19000,20261001-43-NbWz,22,pos 3 plies ago,3,-3
leaky,19000,20261001-43-NbWz,22,pos 3 plies ago,3,-2
leaky,19000,20261001-43-NbWz,22,pos 3 plies ago,3,-1
leaky,19000,20261001-43-NbWz,22,pos 3 plies ago,3,0
leaky,19000,20261001-43-NbWz,22,pos 3 plies ago,3,1
leaky,19000,20261001-43-NbWz,22,pos 3 plies ago,3,2
leaky,19000,20261001-43-NbWz,22,pos 3 plies ago,3,3
leaky,19000,20261001-43-NbWz,24,pos 5 plies ago,-3,-3
leaky,19000,20261001-43-NbWz,24,pos 5 plies ago,-3,-2
leaky,19000,20261001-43-NbWz,24,pos 5 plies ago,-3,-1
leaky,19000,20261001-43-NbWz,24,pos 5 plies ago,-3,0
leaky,19000,20261001-43-NbWz,24,pos 5 plies ago,-3,1
leaky,19000,20261001-43-NbWz,24,pos 5 plies ago,-3,2
leaky,19000,20261001-43-NbWz,24,pos 5 plies ago,-3,3
leaky,19000,20261001-43-NbWz,24,pos 5 plies ago,-2,-3
leaky,19000,20261001-43-NbWz,24,pos 5 plies ago,-2,-2
leaky,19000,20261001-43-NbWz,24,pos 5 plies ago,-2,-1
leaky,19000,20261001-43-NbWz,24,pos 5 plies ago,-2,0
leaky,19000,20261001-43-NbWz,24,pos 5 plies ago,-2,1
leaky,19000,20261001-43-NbWz,24,pos 5 plies ago,-2,2
leaky,19000,20261001-43-NbWz,24,pos 5 plies ago,-2,3
leaky,19000,20261001-43-NbWz,24,pos 5 plies ago,-1,-3
leaky,19000,20261001-43-NbWz,24,pos 5 plies ago,-1,-2
leaky,19000,20261001-43-NbWz,24,pos 5 plies ago,-1,-1
leaky,19000,20261001-43-NbWz,24,pos 5 plies ago,-1,0
leaky,19000,20261001-43-NbWz,24,pos 5 plies ago,-1,1
leaky,19000,20261001-43-NbWz,24,pos 5 plies ago,-1,2
leaky,19000,20261001-43-NbWz,24,pos 5 plies ago,-1,3
leaky,19000,20261001-43-NbWz,24,pos 5 plies ago,0,-3
leaky,19000,20261001-43-NbWz,24,pos 5 plies ago,0,-2
leaky,19000,20261001-43-NbWz,24,pos 5 plies ago,0,-1
leaky,19000,20261001-43-NbWz,24,pos 5 plies ago,0,0
leaky,19000,20261001-43-NbWz,24,pos 5 plies ago,0,1
leaky,19000,20261001-43-NbWz,24,pos 5 plies ago,0,2
leaky,19000,20261001-43-NbWz,24,pos 5 plies ago,0,3
leaky,19000,20261001-43-NbWz,24,pos 5 plies ago,1,-3
leaky,19000,20261001-43-NbWz,24,pos 5 plies ago,1,-2
leaky,19000,20261001-43-NbWz,24,pos 5 plies ago,1,-1
leaky,19000,20261001-43-NbWz,24,pos 5 plies ago,1,0
leaky,19000,20261001-43-NbWz,24,pos 5 plies ago,1,1
leaky,19000,20261001-43-NbWz,24,pos 5 plies ago,1,2
leaky,19000,20261001-43-NbWz,24,pos 5 plies ago,1,3
leaky,19000,20261001-43-NbWz,24,pos 5 plies ago,2,-3
leaky,19000,20261001-43-NbWz,24,pos 5 plies ago,2,-2
leaky,19000,20261001-43-NbWz,24,pos 5 plies ago,2,-1
leaky,19000,20261001-43-NbWz,24,pos 5 plies ago,2,0
leaky,19000,20261001-43-NbWz,24,pos 5 plies ago,2,1
leaky,19000,20261001-43-NbWz,24,pos 5 plies ago,2,2
leaky,19000,20261001-43-NbWz,24,pos 5 plies ago,2,3
leaky,19000,20261001-43-NbWz,24,pos 5 plies ago,3,-3
leaky,19000,20261001-43-NbWz,24,pos 5 plies ago,3,-2
leaky,19000,20261001-43-NbWz,24,pos 5 plies ago,3,-1
leaky,19000,20261001-43-NbWz,24,pos 5 plies ago,3,0
leaky,19000,20261001-43-NbWz,24,pos 5 plies ago,3,1
leaky,19000,20261001-43-NbWz,24,pos 5 plies ago,3,2
leaky,19000,20261001-43-NbWz,24,pos 5 plies ago,3,3
leaky,19000,20261001-43-NbWz,26,pos 7 plies ago,-3,-3
leaky,19000,20261001-43-NbWz,26,pos 7 plies ago,-3,-2
leaky,19000,20261001-43-NbWz,26,pos 7 plies ago,-3,-1
leaky,19000,20261001-43-NbWz,26,pos 7 plies ago,-3,0
leaky,19000,20261001-43-NbWz,26,pos 7 plies ago,-3,1
leaky,19000,20261001-43-NbWz,26,pos 7 plies ago,-3,2
leaky,19000,20261001-43-NbWz,26,pos 7 plies ago,-3,3
leaky,19000,20261001-43-NbWz,26,pos 7 plies ago,-2,-3
leaky,19000,20261001-43-NbWz,26,pos 7 plies ago,-2,-2
leaky,19000,20261001-43-NbWz,26,pos 7 plies ago,-2,-1
leaky,19000,20261001-43-NbWz,26,pos 7 plies ago,-2,0
leaky,19000,20261001-43-NbWz,26,pos 7 plies ago,-2,1
leaky,19000,20261001-43-NbWz,26,pos 7 plies ago,-2,2
leaky,19000,20261001-43-NbWz,26,pos 7 plies ago,-2,3
leaky,19000,20261001-43-NbWz,26,pos 7 plies ago,-1,-3
leaky,19000,20261001-43-NbWz,26,pos 7 plies ago,-1,-2
leaky,19000,20261001-43-NbWz,26,pos 7 plies ago,-1,-1
leaky,19000,20261001-43-NbWz,26,pos 7 plies ago,-1,0
leaky,19000,20261001-43-NbWz,26,pos 7 plies ago,-1,1
leaky,19000,20261001-43-NbWz,26,pos 7 plies ago,-1,2
leaky,19000,20261001-43-NbWz,26,pos 7 plies ago,-1,3
leaky,19000,20261001-43-NbWz,26,pos 7 plies ago,0,-3
leaky,19000,20261001-43-NbWz,26,pos 7 plies ago,0,-2
leaky,19000,20261001-43-NbWz,26,pos 7 plies ago,0,-1
leaky,19000,20261001-43-NbWz,26,pos 7 plies ago,0,0
leaky,19000,20261001-43-NbWz,26,pos 7 plies ago,0,1
leaky,19000,20261001-43-NbWz,26,pos 7 plies ago,0,2
leaky,19000,20261001-43-NbWz,26,pos 7 plies ago,0,3
leaky,19000,20261001-43-NbWz,26,pos 7 plies ago,1,-3
leaky,19000,20261001-43-NbWz,26,pos 7 plies ago,1,-2
leaky,19000,20261001-43-NbWz,26,pos 7 plies ago,1,-1
leaky,19000,20261001-43-NbWz,26,pos 7 plies ago,1,0
leaky,19000,20261001-43-NbWz,26,pos 7 plies ago,1,1
leaky,19000,20261001-43-NbWz,26,pos 7 plies ago,1,2
leaky,19000,20261001-43-NbWz,26,pos 7 plies ago,1,3
leaky,19000,20261001-43-NbWz,26,pos 7 plies ago,2,-3
leaky,19000,20261001-43-NbWz,26,pos 7 plies ago,2,-2
leaky,19000,20261001-43-NbWz,26,pos 7 plies ago,2,-1
leaky,19000,20261001-43-NbWz,26,pos 7 plies ago,2,0
leaky,19000,20261001-43-NbWz,26,pos 7 plies ago,2,1
leaky,19000,20261001-43-NbWz,26,pos 7 plies ago,2,2
leaky,19000,20261001-43-NbWz,26,pos 7 plies ago,2,3
leaky,19000,20261001-43-NbWz,26,pos 7 plies ago,3,-3
leaky,19000,20261001-43-NbWz,26,pos 7 plies ago,3,-2
leaky,19000,20261001-43-NbWz,26,pos 7 plies ago,3,-1
leaky,19000,20261001-43-NbWz,26,pos 7 plies ago,3,0
leaky,19000,20261001-43-NbWz,26,pos 7 plies ago,3,1
leaky,19000,20261001-43-NbWz,26,pos 7 plies ago,3,2
leaky,19000,20261001-43-NbWz,26,pos 7 plies ago,3,3
leaky,19000,20261001-43-NbWz,28,pos 9 plies ago,-3,-3
leaky,19000,20261001-43-NbWz,28,pos 9 plies ago,-3,-2
leaky,19000,20261001-43-NbWz,28,pos 9 plies ago,-3,-1
leaky,19000,20261001-43-NbWz,28,pos 9 plies ago,-3,0
leaky,19000,20261001-43-NbWz,28,pos 9 plies ago,-3,1
leaky,19000,20261001-43-NbWz,28,pos 9 plies ago,-3,2
leaky,19000,20261001-43-NbWz,28,pos 9 plies ago,-3,3
leaky,19000,20261001-43-NbWz,28,pos 9 plies ago,-2,-3
leaky,19000,20261001-43-NbWz,28,pos 9 plies ago,-2,-2
leaky,19000,20261001-43-NbWz,28,pos 9 plies ago,-2,-1
leaky,19000,20261001-43-NbWz,28,pos 9 plies ago,-2,0
leaky,19000,20261001-43-NbWz,28,pos 9 plies ago,-2,1
leaky,19000,20261001-43-NbWz,28,pos 9 plies ago,-2,2
leaky,19000,20261001-43-NbWz,28,pos 9 plies ago,-2,3
leaky,19000,20261001-43-NbWz,28,pos 9 plies ago,-1,-3
leaky,19000,20261001-43-NbWz,28,pos 9 plies ago,-1,-2
leaky,19000,20261001-43-NbWz,28,pos 9 plies ago,-1,-1
leaky,19000,20261001-43-NbWz,28,pos 9 plies ago,-1,0
leaky,19000,20261001-43-NbWz,28,pos 9 plies ago,-1,1
leaky,19000,20261001-43-NbWz,28,pos 9 plies ago,-1,2
leaky,19000,20261001-43-NbWz,28,pos 9 plies ago,-1,3
leaky,19000,20261001-43-NbWz,28,pos 9 plies ago,0,-3
leaky,19000,20261001-43-NbWz,28,pos 9 plies ago,0,-2
leaky,19000,20261001-43-NbWz,28,pos 9 plies ago,0,-1
leaky,19000,20261001-43-NbWz,28,pos 9 plies ago,0,0
leaky,19000,20261001-43-NbWz,28,pos 9 plies ago,0,1
leaky,19000,20261001-43-NbWz,28,pos 9 plies ago,0,2
leaky,19000,20261001-43-NbWz,28,pos 9 plies ago,0,3
leaky,19000,20261001-43-NbWz,28,pos 9 plies ago,1,-3
leaky,19000,20261001-43-NbWz,28,pos 9 plies ago,1,-2
leaky,19000,20261001-43-NbWz,28,pos 9 plies ago,1,-1
leaky,19000,20261001-43-NbWz,28,pos 9 plies ago,1,0
leaky,19000,20261001-43-NbWz,28,pos 9 plies ago,1,1
leaky,19000,20261001-43-NbWz,28,pos 9 plies ago,1,2
leaky,19000,20261001-43-NbWz,28,pos 9 plies ago,1,3
leaky,19000,20261001-43-NbWz,28,pos 9 plies ago,2,-3
leaky,19000,20261001-43-NbWz,28,pos 9 plies ago,2,-2
leaky,19000,20261001-43-NbWz,28,pos 9 plies ago,2,-1
leaky,19000,20261001-43-NbWz,28,pos 9 plies ago,2,0
leaky,19000,20261001-43-NbWz,28,pos 9 plies ago,2,1
leaky,19000,20261001-43-NbWz,28,pos 9 plies ago,2,2
leaky,19000,20261001-43-NbWz,28,pos 9 plies ago,2,3
leaky,19000,20261001-43-NbWz,28,pos 9 plies ago,3,-3
leaky,19000,20261001-43-NbWz,28,pos 9 plies ago,3,-2
leaky,19000,20261001-43-NbWz,28,pos 9 plies ago,3,-1
leaky,19000,20261001-43-NbWz,28,pos 9 plies ago,3,0
leaky,19000,20261001-43-NbWz,28,pos 9 plies ago,3,1
leaky,19000,20261001-43-NbWz,28,pos 9 plies ago,3,2
leaky,19000,20261001-43-NbWz,28,pos 9 plies ago,3,3
leaky,20000,20261001-43-NbWz,16,en passant,3,-3
leaky,20000,20261001-43-NbWz,16,en passant,3,-2
leaky,20000,20261001-43-NbWz,16,en passant,3,-1
leaky,20000,20261001-43-NbWz,16,en passant,3,0
leaky,20000,20261001-43-NbWz,16,en passant,3,1
leaky,20000,20261001-43-NbWz,16,en passant,3,2
leaky,20000,20261001-43-NbWz,16,en passant,3,3
leaky,20000,20261001-43-NbWz,19,rep >=2 before,-3,-3
leaky,20000,20261001-43-NbWz,19,rep >=2 before,-3,-2
leaky,20000,20261001-43-NbWz,19,rep >=2 before,-3,-1
leaky,20000,20261001-43-NbWz,19,rep >=2 before,-3,0
leaky,20000,20261001-43-NbWz,19,rep >=2 before,-3,1
leaky,20000,20261001-43-NbWz,19,rep >=2 before,-3,2
leaky,20000,20261001-43-NbWz,19,rep >=2 before,-3,3
leaky,20000,20261001-43-NbWz,19,rep >=2 before,-2,-3
leaky,20000,20261001-43-NbWz,19,rep >=2 before,-2,-2
leaky,20000,20261001-43-NbWz,19,rep >=2 before,-2,-1
leaky,20000,20261001-43-NbWz,19,rep >=2 before,-2,0
leaky,20000,20261001-43-NbWz,19,rep >=2 before,-2,1
leaky,20000,20261001-43-NbWz,19,rep >=2 before,-2,2
leaky,20000,20261001-43-NbWz,19,rep >=2 before,-2,3
leaky,20000,20261001-43-NbWz,19,rep >=2 before,-1,-3
leaky,20000,20261001-43-NbWz,19,rep >=2 before,-1,-2
leaky,20000,20261001-43-NbWz,19,rep >=2 before,-1,-1
leaky,20000,20261001-43-NbWz,19,rep >=2 before,-1,0
leaky,20000,20261001-43-NbWz,19,rep >=2 before,-1,1
leaky,20000,20261001-43-NbWz,19,rep >=2 before,-1,2
leaky,20000,20261001-43-NbWz,19,rep >=2 before,-1,3
leaky,20000,20261001-43-NbWz,19,rep >=2 before,0,-3
leaky,20000,20261001-43-NbWz,19,rep >=2 before,0,-2
leaky,20000,20261001-43-NbWz,19,rep >=2 before,0,-1
leaky,20000,20261001-43-NbWz,19,rep >=2 before,0,0
leaky,20000,20261001-43-NbWz,19,rep >=2 before,0,1
leaky,20000,20261001-43-NbWz,19,rep >=2 before,0,2
leaky,20000,20261001-43-NbWz,19,rep >=2 before,0,3
leaky,20000,20261001-43-NbWz,19,rep >=2 before,1,-3
leaky,20000,20261001-43-NbWz,19,rep >=2 before,1,-2
leaky,20000,20261001-43-NbWz,19,rep >=2 before,1,-1
leaky,20000,20261001-43-NbWz,19,rep >=2 before,1,0
leaky,20000,20261001-43-NbWz,19,rep >=2 before,1,1
leaky,20000,20261001-43-NbWz,19,rep >=2 before,1,2
leaky,20000,20261001-43-NbWz,19,rep >=2 before,1,3
leaky,20000,20261001-43-NbWz,19,rep >=2 before,2,-3
leaky,20000,20261001-43-NbWz,19,rep >=2 before,2,-2
leaky,20000,20261001-43-NbWz,19,rep >=2 before,2,-1
leaky,20000,20261001-43-NbWz,19,rep >=2 before,2,0
leaky,20000,20261001-43-NbWz,19,rep >=2 before,2,1
leaky,20000,20261001-43-NbWz,19,rep >=2 before,2,2
leaky,20000,20261001-43-NbWz,19,rep >=2 before,2,3
leaky,20000,20261001-43-NbWz,19,rep >=2 before,3,-3
leaky,20000,20261001-43-NbWz,19,rep >=2 before,3,-2
leaky,20000,20261001-43-NbWz,19,rep >=2 before,3,-1
leaky,20000,20261001-43-NbWz,19,rep >=2 before,3,0
leaky,20000,20261001-43-NbWz,19,rep >=2 before,3,1
leaky,20000,20261001-43-NbWz,19,rep >=2 before,3,2
leaky,20000,20261001-43-NbWz,19,rep >=2 before,3,3
leaky,20000,20261001-43-NbWz,20,pos 1 plies ago,-3,-3
leaky,20000,20261001-43-NbWz,20,pos 1 plies ago,-3,-2
leaky,20000,20261001-43-NbWz,20,pos 1 plies ago,-3,-1
leaky,20000,20261001-43-NbWz,20,pos 1 plies ago,-3,0
leaky,20000,20261001-43-NbWz,20,pos 1 plies ago,-3,1
leaky,20000,20261001-43-NbWz,20,pos 1 plies ago,-3,2
leaky,20000,20261001-43-NbWz,20,pos 1 plies ago,-3,3
leaky,20000,20261001-43-NbWz,20,pos 1 plies ago,-2,-3
leaky,20000,20261001-43-NbWz,20,pos 1 plies ago,-2,-2
leaky,20000,20261001-43-NbWz,20,pos 1 plies ago,-2,-1
leaky,20000,20261001-43-NbWz,20,pos 1 plies ago,-2,0
leaky,20000,20261001-43-NbWz,20,pos 1 plies ago,-2,1
leaky,20000,20261001-43-NbWz,20,pos 1 plies ago,-2,2
leaky,20000,20261001-43-NbWz,20,pos 1 plies ago,-2,3
leaky,20000,20261001-43-NbWz,20,pos 1 plies ago,-1,-3
leaky,20000,20261001-43-NbWz,20,pos 1 plies ago,-1,-2
leaky,20000,20261001-43-NbWz,20,pos 1 plies ago,-1,-1
leaky,20000,20261001-43-NbWz,20,pos 1 plies ago,-1,0
leaky,20000,20261001-43-NbWz,20,pos 1 plies ago,-1,1
leaky,20000,20261001-43-NbWz,20,pos 1 plies ago,-1,2
leaky,20000,20261001-43-NbWz,20,pos 1 plies ago,-1,3
leaky,20000,20261001-43-NbWz,20,pos 1 plies ago,0,-3
leaky,20000,20261001-43-NbWz,20,pos 1 plies ago,0,-2
leaky,20000,20261001-43-NbWz,20,pos 1 plies ago,0,-1
leaky,20000,20261001-43-NbWz,20,pos 1 plies ago,0,0
leaky,20000,20261001-43-NbWz,20,pos 1 plies ago,0,1
leaky,20000,20261001-43-NbWz,20,pos 1 plies ago,0,2
leaky,20000,20261001-43-NbWz,20,pos 1 plies ago,0,3
leaky,20000,20261001-43-NbWz,20,pos 1 plies ago,1,-3
leaky,20000,20261001-43-NbWz,20,pos 1 plies ago,1,-2
leaky,20000,20261001-43-NbWz,20,pos 1 plies ago,1,-1
leaky,20000,20261001-43-NbWz,20,pos 1 plies ago,1,0
leaky,20000,20261001-43-NbWz,20,pos 1 plies ago,1,1
leaky,20000,20261001-43-NbWz,20,pos 1 plies ago,1,2
leaky,20000,20261001-43-NbWz,20,pos 1 plies ago,1,3
leaky,20000,20261001-43-NbWz,20,pos 1 plies ago,2,-3
leaky,20000,20261001-43-NbWz,20,pos 1 plies ago,2,-2
leaky,20000,20261001-43-NbWz,20,pos 1 plies ago,2,-1
leaky,20000,20261001-43-NbWz,20,pos 1 plies ago,2,0
leaky,20000,20261001-43-NbWz,20,pos 1 plies ago,2,1
leaky,20000,20261001-43-NbWz,20,pos 1 plies ago,2,2
leaky,20000,20261001-43-NbWz,20,pos 1 plies ago,2,3
leaky,20000,20261001-43-NbWz,20,pos 1 plies ago,3,-3
leaky,20000,20261001-43-NbWz,20,pos 1 plies ago,3,-2
leaky,20000,20261001-43-NbWz,20,pos 1 plies ago,3,-1
leaky,20000,20261001-43-NbWz,20,pos 1 plies ago,3,0
leaky,20000,20261001-43-NbWz,20,pos 1 plies ago,3,1
leaky,20000,20261001-43-NbWz,20,pos 1 plies ago,3,2
leaky,20000,20261001-43-NbWz,20,pos 1 plies ago,3,3
leaky,20000,20261001-43-NbWz,21,pos 2 plies ago,-3,-3
leaky,20000,20261001-43-NbWz,21,pos 2 plies ago,-3,-2
leaky,20000,20261001-43-NbWz,21,pos 2 plies ago,-3,-1
leaky,20000,20261001-43-NbWz,21,pos 2 plies ago,-3,0
leaky,20000,20261001-43-NbWz,21,pos 2 plies ago,-3,1
leaky,20000,20261001-43-NbWz,21,pos 2 plies ago,-3,2
leaky,20000,20261001-43-NbWz,21,pos 2 plies ago,-3,3
leaky,20000,20261001-43-NbWz,21,pos 2 plies ago,-2,-3
leaky,20000,20261001-43-NbWz,21,pos 2 plies ago,-2,-2
leaky,20000,20261001-43-NbWz,21,pos 2 plies ago,-2,-1
leaky,20000,20261001-43-NbWz,21,pos 2 plies ago,-2,0
leaky,20000,20261001-43-NbWz,21,pos 2 plies ago,-2,1
leaky,20000,20261001-43-NbWz,21,pos 2 plies ago,-2,2
leaky,20000,20261001-43-NbWz,21,pos 2 plies ago,-2,3
leaky,20000,20261001-43-NbWz,21,pos 2 plies ago,-1,-3
leaky,20000,20261001-43-NbWz,21,pos 2 plies ago,-1,-2
leaky,20000,20261001-43-NbWz,21,pos 2 plies ago,-1,-1
leaky,20000,20261001-43-NbWz,21,pos 2 plies ago,-1,0
leaky,20000,20261001-43-NbWz,21,pos 2 plies ago,-1,1
leaky,20000,20261001-43-NbWz,21,pos 2 plies ago,-1,2
leaky,20000,20261001-43-NbWz,21,pos 2 plies ago,-1,3
leaky,20000,20261001-43-NbWz,21,pos 2 plies ago,0,-3
leaky,20000,20261001-43-NbWz,21,pos 2 plies ago,0,-2
leaky,20000,20261001-43-NbWz,21,pos 2 plies ago,0,-1
leaky,20000,20261001-43-NbWz,21,pos 2 plies ago,0,0
leaky,20000,20261001-43-NbWz,21,pos 2 plies ago,0,1
leaky,20000,20261001-43-NbWz,21,pos 2 plies ago,0,2
leaky,20000,20261001-43-NbWz,21,pos 2 plies ago,0,3
leaky,20000,20261001-43-NbWz,21,pos 2 plies ago,1,-3
leaky,20000,20261001-43-NbWz,21,pos 2 plies ago,1,-2
leaky,20000,20261001-43-NbWz,21,pos 2 plies ago,1,-1
leaky,20000,20261001-43-NbWz,21,pos 2 plies ago,1,0
leaky,20000,20261001-43-NbWz,21,pos 2 plies ago,1,1
leaky,20000,20261001-43-NbWz,21,pos 2 plies ago,1,2
leaky,20000,20261001-43-NbWz,21,pos 2 plies ago,1,3
leaky,20000,20261001-43-NbWz,21,pos 2 plies ago,2,-3
leaky,20000,20261001-43-NbWz,21,pos 2 plies ago,2,-2
leaky,20000,20261001-43-NbWz,21,pos 2 plies ago,2,-1
leaky,20000,20261001-43-NbWz,21,pos 2 plies ago,2,0
leaky,20000,20261001-43-NbWz,21,pos 2 plies ago,2,1
leaky,20000,20261001-43-NbWz,21,pos 2 plies ago,2,2
leaky,20000,20261001-43-NbWz,21,pos 2 plies ago,2,3
leaky,20000,20261001-43-NbWz,21,pos 2 plies ago,3,-3
leaky,20000,20261001-43-NbWz,21,pos 2 plies ago,3,-2
leaky,20000,20261001-43-NbWz,21,pos 2 plies ago,3,-1
leaky,20000,20261001-43-NbWz,21,pos 2 plies ago,3,0
leaky,20000,20261001-43-NbWz,21,pos 2 plies ago,3,1
leaky,20000,20261001-43-NbWz,21,pos 2 plies ago,3,2
leaky,20000,20261001-43-NbWz,21,pos 2 plies ago,3,3
leaky,20000,20261001-43-NbWz,22,pos 3 plies ago,-3,-3
leaky,20000,20261001-43-NbWz,22,pos 3 plies ago,-3,-2
leaky,20000,20261001-43-NbWz,22,pos 3 plies ago,-3,-1
leaky,20000,20261001-43-NbWz,22,pos 3 plies ago,-3,0
leaky,20000,20261001-43-NbWz,22,pos 3 plies ago,-3,1
leaky,20000,20261001-43-NbWz,22,pos 3 plies ago,-3,2
leaky,20000,20261001-43-NbWz,22,pos 3 plies ago,-3,3
leaky,20000,20261001-43-NbWz,22,pos 3 plies ago,-2,-3
leaky,20000,20261001-43-NbWz,22,pos 3 plies ago,-2,-2
leaky,20000,20261001-43-NbWz,22,pos 3 plies ago,-2,-1
leaky,20000,20261001-43-NbWz,22,pos 3 plies ago,-2,0
leaky,20000,20261001-43-NbWz,22,pos 3 plies ago,-2,1
leaky,20000,20261001-43-NbWz,22,pos 3 plies ago,-2,2
leaky,20000,20261001-43-NbWz,22,pos 3 plies ago,-2,3
leaky,20000,20261001-43-NbWz,22,pos 3 plies ago,-1,-3
leaky,20000,20261001-43-NbWz,22,pos 3 plies ago,-1,-2
leaky,20000,20261001-43-NbWz,22,pos 3 plies ago,-1,-1
leaky,20000,20261001-43-NbWz,22,pos 3 plies ago,-1,0
leaky,20000,20261001-43-NbWz,22,pos 3 plies ago,-1,1
leaky,20000,20261001-43-NbWz,22,pos 3 plies ago,-1,2
leaky,20000,20261001-43-NbWz,22,pos 3 plies ago,-1,3
leaky,20000,20261001-43-NbWz,22,pos 3 plies ago,0,-3
leaky,20000,20261001-43-NbWz,22,pos 3 plies ago,0,-2
leaky,20000,20261001-43-NbWz,22,pos 3 plies ago,0,-1
leaky,20000,20261001-43-NbWz,22,pos 3 plies ago,0,0
leaky,20000,20261001-43-NbWz,22,pos 3 plies ago,0,1
leaky,20000,20261001-43-NbWz,22,pos 3 plies ago,0,2
leaky,20000,20261001-43-NbWz,22,pos 3 plies ago,0,3
leaky,20000,20261001-43-NbWz,22,pos 3 plies ago,1,-3
leaky,20000,20261001-43-NbWz,22,pos 3 plies ago,1,-2
leaky,20000,20261001-43-NbWz,22,pos 3 plies ago,1,-1
leaky,20000,20261001-43-NbWz,22,pos 3 plies ago,1,0
leaky,20000,20261001-43-NbWz,22,pos 3 plies ago,1,1
leaky,20000,20261001-43-NbWz,22,pos 3 plies ago,1,2
leaky,20000,20261001-43-NbWz,22,pos 3 plies ago,1,3
leaky,20000,20261001-43-NbWz,22,pos 3 plies ago,2,-3
leaky,20000,20261001-43-NbWz,22,pos 3 plies ago,2,-2
leaky,20000,20261001-43-NbWz,22,pos 3 plies ago,2,-1
leaky,20000,20261001-43-NbWz,22,pos 3 plies ago,2,0
leaky,20000,20261001-43-NbWz,22,pos 3 plies ago,2,1
leaky,20000,20261001-43-NbWz,22,pos 3 plies ago,2,2
leaky,20000,20261001-43-NbWz,22,pos 3 plies ago,2,3
leaky,20000,20261001-43-NbWz,22,pos 3 plies ago,3,-3
leaky,20000,20261001-43-NbWz,22,pos 3 plies ago,3,-2
leaky,20000,20261001-43-NbWz,22,pos 3 plies ago,3,-1
leaky,20000,20261001-43-NbWz,22,pos 3 plies ago,3,0
leaky,20000,20261001-43-NbWz,22,pos 3 plies ago,3,1
leaky,20000,20261001-43-NbWz,22,pos 3 plies ago,3,2
leaky,20000,20261001-43-NbWz,22,pos 3 plies ago,3,3
leaky,20000,20261001-43-NbWz,24,pos 5 plies ago,-3,-3
leaky,20000,20261001-43-NbWz,24,pos 5 plies ago,-3,-2
leaky,20000,20261001-43-NbWz,24,pos 5 plies ago,-3,-1
leaky,20000,20261001-43-NbWz,24,pos 5 plies ago,-3,0
leaky,20000,20261001-43-NbWz,24,pos 5 plies ago,-3,1
leaky,20000,20261001-43-NbWz,24,pos 5 plies ago,-3,2
leaky,20000,20261001-43-NbWz,24,pos 5 plies ago,-3,3
leaky,20000,20261001-43-NbWz,24,pos 5 plies ago,-2,-3
leaky,20000,20261001-43-NbWz,24,pos 5 plies ago,-2,-2
leaky,20000,20261001-43-NbWz,24,pos 5 plies ago,-2,-1
leaky,20000,20261001-43-NbWz,24,pos 5 plies ago,-2,0
leaky,20000,20261001-43-NbWz,24,pos 5 plies ago,-2,1
leaky,20000,20261001-43-NbWz,24,pos 5 plies ago,-2,2
leaky,20000,20261001-43-NbWz,24,pos 5 plies ago,-2,3
leaky,20000,20261001-43-NbWz,24,pos 5 plies ago,-1,-3
leaky,20000,20261001-43-NbWz,24,pos 5 plies ago,-1,-2
leaky,20000,20261001-43-NbWz,24,pos 5 plies ago,-1,-1
leaky,20000,20261001-43-NbWz,24,pos 5 plies ago,-1,0
leaky,20000,20261001-43-NbWz,24,pos 5 plies ago,-1,1
leaky,20000,20261001-43-NbWz,24,pos 5 plies ago,-1,2
leaky,20000,20261001-43-NbWz,24,pos 5 plies ago,-1,3
leaky,20000,20261001-43-NbWz,24,pos 5 plies ago,0,-3
leaky,20000,20261001-43-NbWz,24,pos 5 plies ago,0,-2
leaky,20000,20261001-43-NbWz,24,pos 5 plies ago,0,-1
leaky,20000,20261001-43-NbWz,24,pos 5 plies ago,0,0
leaky,20000,20261001-43-NbWz,24,pos 5 plies ago,0,1
leaky,20000,20261001-43-NbWz,24,pos 5 plies ago,0,2
leaky,20000,20261001-43-NbWz,24,pos 5 plies ago,0,3
leaky,20000,20261001-43-NbWz,24,pos 5 plies ago,1,-3
leaky,20000,20261001-43-NbWz,24,pos 5 plies ago,1,-2
leaky,20000,20261001-43-NbWz,24,pos 5 plies ago,1,-1
leaky,20000,20261001-43-NbWz,24,pos 5 plies ago,1,0
leaky,20000,20261001-43-NbWz,24,pos 5 plies ago,1,1
leaky,20000,20261001-43-NbWz,24,pos 5 plies ago,1,2
leaky,20000,20261001-43-NbWz,24,pos 5 plies ago,1,3
leaky,20000,20261001-43-NbWz,24,pos 5 plies ago,2,-3
leaky,20000,20261001-43-NbWz,24,pos 5 plies ago,2,-2
leaky,20000,20261001-43-NbWz,24,pos 5 plies ago,2,-1
leaky,20000,20261001-43-NbWz,24,pos 5 plies ago,2,0
leaky,20000,20261001-43-NbWz,24,pos 5 plies ago,2,1
leaky,20000,20261001-43-NbWz,24,pos 5 plies ago,2,2
leaky,20000,20261001-43-NbWz,24,pos 5 plies ago,2,3
leaky,20000,20261001-43-NbWz,24,pos 5 plies ago,3,-3
leaky,20000,20261001-43-NbWz,24,pos 5 plies ago,3,-2
leaky,20000,20261001-43-NbWz,24,pos 5 plies ago,3,-1
leaky,20000,20261001-43-NbWz,24,pos 5 plies ago,3,0
leaky,20000,20261001-43-NbWz,24,pos 5 plies ago,3,1
leaky,20000,20261001-43-NbWz,24,pos 5 plies ago,3,2
leaky,20000,20261001-43-NbWz,24,pos 5 plies ago,3,3
leaky,20000,20261001-43-NbWz,26,pos 7 plies ago,-3,-3
leaky,20000,20261001-43-NbWz,26,pos 7 plies ago,-3,-2
leaky,20000,20261001-43-NbWz,26,pos 7 plies ago,-3,-1
leaky,20000,20261001-43-NbWz,26,pos 7 plies ago,-3,0
leaky,20000,20261001-43-NbWz,26,pos 7 plies ago,-3,1
leaky,20000,20261001-43-NbWz,26,pos 7 plies ago,-3,2
leaky,20000,20261001-43-NbWz,26,pos 7 plies ago,-3,3
leaky,20000,20261001-43-NbWz,26,pos 7 plies ago,-2,-3
leaky,20000,20261001-43-NbWz,26,pos 7 plies ago,-2,-2
leaky,20000,20261001-43-NbWz,26,pos 7 plies ago,-2,-1
leaky,20000,20261001-43-NbWz,26,pos 7 plies ago,-2,0
leaky,20000,20261001-43-NbWz,26,pos 7 plies ago,-2,1
leaky,20000,20261001-43-NbWz,26,pos 7 plies ago,-2,2
leaky,20000,20261001-43-NbWz,26,pos 7 plies ago,-2,3
leaky,20000,20261001-43-NbWz,26,pos 7 plies ago,-1,-3
leaky,20000,20261001-43-NbWz,26,pos 7 plies ago,-1,-2
leaky,20000,20261001-43-NbWz,26,pos 7 plies ago,-1,-1
leaky,20000,20261001-43-NbWz,26,pos 7 plies ago,-1,0
leaky,20000,20261001-43-NbWz,26,pos 7 plies ago,-1,1
leaky,20000,20261001-43-NbWz,26,pos 7 plies ago,-1,2
leaky,20000,20261001-43-NbWz,26,pos 7 plies ago,-1,3
leaky,20000,20261001-43-NbWz,26,pos 7 plies ago,0,-3
leaky,20000,20261001-43-NbWz,26,pos 7 plies ago,0,-2
leaky,20000,20261001-43-NbWz,26,pos 7 plies ago,0,-1
leaky,20000,20261001-43-NbWz,26,pos 7 plies ago,0,0
leaky,20000,20261001-43-NbWz,26,pos 7 plies ago,0,1
leaky,20000,20261001-43-NbWz,26,pos 7 plies ago,0,2
leaky,20000,20261001-43-NbWz,26,pos 7 plies ago,0,3
leaky,20000,20261001-43-NbWz,26,pos 7 plies ago,1,-3
leaky,20000,20261001-43-NbWz,26,pos 7 plies ago,1,-2
leaky,20000,20261001-43-NbWz,26,pos 7 plies ago,1,-1
leaky,20000,20261001-43-NbWz,26,pos 7 plies ago,1,0
leaky,20000,20261001-43-NbWz,26,pos 7 plies ago,1,1
leaky,20000,20261001-43-NbWz,26,pos 7 plies ago,1,2
leaky,20000,20261001-43-NbWz,26,pos 7 plies ago,1,3
leaky,20000,20261001-43-NbWz,26,pos 7 plies ago,2,-3
leaky,20000,20261001-43-NbWz,26,pos 7 plies ago,2,-2
leaky,20000,20261001-43-NbWz,26,pos 7 plies ago,2,-1
leaky,20000,20261001-43-NbWz,26,pos 7 plies ago,2,0
leaky,20000,20261001-43-NbWz,26,pos 7 plies ago,2,1
leaky,20000,20261001-43-NbWz,26,pos 7 plies ago,2,2
leaky,20000,20261001-43-NbWz,26,pos 7 plies ago,2,3
leaky,20000,20261001-43-NbWz,26,pos 7 plies ago,3,-3
leaky,20000,20261001-43-NbWz,26,pos 7 plies ago,3,-2
leaky,20000,20261001-43-NbWz,26,pos 7 plies ago,3,-1
leaky,20000,20261001-43-NbWz,26,pos 7 plies ago,3,0
leaky,20000,20261001-43-NbWz,26,pos 7 plies ago,3,1
leaky,20000,20261001-43-NbWz,26,pos 7 plies ago,3,2
leaky,20000,20261001-43-NbWz,26,pos 7 plies ago,3,3
leaky,20000,20261001-43-NbWz,28,pos 9 plies ago,-3,-3
leaky,20000,20261001-43-NbWz,28,pos 9 plies ago,-3,-2
leaky,20000,20261001-43-NbWz,28,pos 9 plies ago,-3,-1
leaky,20000,20261001-43-NbWz,28,pos 9 plies ago,-3,0
leaky,20000,20261001-43-NbWz,28,pos 9 plies ago,-3,1
leaky,20000,20261001-43-NbWz,28,pos 9 plies ago,-3,2
leaky,20000,20261001-43-NbWz,28,pos 9 plies ago,-3,3
leaky,20000,20261001-43-NbWz,28,pos 9 plies ago,-2,-3
leaky,20000,20261001-43-NbWz,28,pos 9 plies ago,-2,-2
leaky,20000,20261001-43-NbWz,28,pos 9 plies ago,-2,-1
leaky,20000,20261001-43-NbWz,28,pos 9 plies ago,-2,0
leaky,20000,20261001-43-NbWz,28,pos 9 plies ago,-2,1
leaky,20000,20261001-43-NbWz,28,pos 9 plies ago,-2,2
leaky,20000,20261001-43-NbWz,28,pos 9 plies ago,-2,3
leaky,20000,20261001-43-NbWz,28,pos 9 plies ago,-1,-3
leaky,20000,20261001-43-NbWz,28,pos 9 plies ago,-1,-2
leaky,20000,20261001-43-NbWz,28,pos 9 plies ago,-1,-1
leaky,20000,20261001-43-NbWz,28,pos 9 plies ago,-1,0
leaky,20000,20261001-43-NbWz,28,pos 9 plies ago,-1,1
leaky,20000,20261001-43-NbWz,28,pos 9 plies ago,-1,2
leaky,20000,20261001-43-NbWz,28,pos 9 plies ago,-1,3
leaky,20000,20261001-43-NbWz,28,pos 9 plies ago,0,-3
leaky,20000,20261001-43-NbWz,28,pos 9 plies ago,0,-2
leaky,20000,20261001-43-NbWz,28,pos 9 plies ago,0,-1
leaky,20000,20261001-43-NbWz,28,pos 9 plies ago,0,0
leaky,20000,20261001-43-NbWz,28,pos 9 plies ago,0,1
leaky,20000,20261001-43-NbWz,28,pos 9 plies ago,0,2
leaky,20000,20261001-43-NbWz,28,pos 9 plies ago,0,3
leaky,20000,20261001-43-NbWz,28,pos 9 plies ago,1,-3
leaky,20000,20261001-43-NbWz,28,pos 9 plies ago,1,-2
leaky,20000,20261001-43-NbWz,28,pos 9 plies ago,1,-1
leaky,20000,20261001-43-NbWz,28,pos 9 plies ago,1,0
leaky,20000,20261001-43-NbWz,28,pos 9 plies ago,1,1
leaky,20000,20261001-43-NbWz,28,pos 9 plies ago,1,2
leaky,20000,20261001-43-NbWz,28,pos 9 plies ago,1,3
leaky,20000,20261001-43-NbWz,28,pos 9 plies ago,2,-3
leaky,20000,20261001-43-NbWz,28,pos 9 plies ago,2,-2
leaky,20000,20261001-43-NbWz,28,pos 9 plies ago,2,-1
leaky,20000,20261001-43-NbWz,28,pos 9 plies ago,2,0
leaky,20000,20261001-43-NbWz,28,pos 9 plies ago,2,1
leaky,20000,20261001-43-NbWz,28,pos 9 plies ago,2,2
leaky,20000,20261001-43-NbWz,28,pos 9 plies ago,2,3
leaky,20000,20261001-43-NbWz,28,pos 9 plies ago,3,-3
leaky,20000,20261001-43-NbWz,28,pos 9 plies ago,3,-2
leaky,20000,20261001-43-NbWz,28,pos 9 plies ago,3,-1
leaky,20000,20261001-43-NbWz,28,pos 9 plies ago,3,0
leaky,20000,20261001-43-NbWz,28,pos 9 plies ago,3,1
leaky,20000,20261001-43-NbWz,28,pos 9 plies ago,3,2
leaky,20000,20261001-43-NbWz,28,pos 9 plies ago,3,3
leaky,21000,20261001-43-NbWz,16,en passant,3,-3
leaky,21000,20261001-43-NbWz,16,en passant,3,-2
leaky,21000,20261001-43-NbWz,16,en passant,3,-1
leaky,21000,20261001-43-NbWz,16,en passant,3,0
leaky,21000,20261001-43-NbWz,16,en passant,3,1
leaky,21000,20261001-43-NbWz,16,en passant,3,2
leaky,21000,20261001-43-NbWz,16,en passant,3,3
leaky,21000,20261001-43-NbWz,19,rep >=2 before,-3,-3
leaky,21000,20261001-43-NbWz,19,rep >=2 before,-3,-2
leaky,21000,20261001-43-NbWz,19,rep >=2 before,-3,-1
leaky,21000,20261001-43-NbWz,19,rep >=2 before,-3,0
leaky,21000,20261001-43-NbWz,19,rep >=2 before,-3,1
leaky,21000,20261001-43-NbWz,19,rep >=2 before,-3,2
leaky,21000,20261001-43-NbWz,19,rep >=2 before,-3,3
leaky,21000,20261001-43-NbWz,19,rep >=2 before,-2,-3
leaky,21000,20261001-43-NbWz,19,rep >=2 before,-2,-2
leaky,21000,20261001-43-NbWz,19,rep >=2 before,-2,-1
leaky,21000,20261001-43-NbWz,19,rep >=2 before,-2,0
leaky,21000,20261001-43-NbWz,19,rep >=2 before,-2,1
leaky,21000,20261001-43-NbWz,19,rep >=2 before,-2,2
leaky,21000,20261001-43-NbWz,19,rep >=2 before,-2,3
leaky,21000,20261001-43-NbWz,19,rep >=2 before,-1,-3
leaky,21000,20261001-43-NbWz,19,rep >=2 before,-1,-2
leaky,21000,20261001-43-NbWz,19,rep >=2 before,-1,-1
leaky,21000,20261001-43-NbWz,19,rep >=2 before,-1,0
leaky,21000,20261001-43-NbWz,19,rep >=2 before,-1,1
leaky,21000,20261001-43-NbWz,19,rep >=2 before,-1,2
leaky,21000,20261001-43-NbWz,19,rep >=2 before,-1,3
leaky,21000,20261001-43-NbWz,19,rep >=2 before,0,-3
leaky,21000,20261001-43-NbWz,19,rep >=2 before,0,-2
leaky,21000,20261001-43-NbWz,19,rep >=2 before,0,-1
leaky,21000,20261001-43-NbWz,19,rep >=2 before,0,0
leaky,21000,20261001-43-NbWz,19,rep >=2 before,0,1
leaky,21000,20261001-43-NbWz,19,rep >=2 before,0,2
leaky,21000,20261001-43-NbWz,19,rep >=2 before,0,3
leaky,21000,20261001-43-NbWz,19,rep >=2 before,1,-3
leaky,21000,20261001-43-NbWz,19,rep >=2 before,1,-2
leaky,21000,20261001-43-NbWz,19,rep >=2 before,1,-1
leaky,21000,20261001-43-NbWz,19,rep >=2 before,1,0
leaky,21000,20261001-43-NbWz,19,rep >=2 before,1,1
leaky,21000,20261001-43-NbWz,19,rep >=2 before,1,2
leaky,21000,20261001-43-NbWz,19,rep >=2 before,1,3
leaky,21000,20261001-43-NbWz,19,rep >=2 before,2,-3
leaky,21000,20261001-43-NbWz,19,rep >=2 before,2,-2
leaky,21000,20261001-43-NbWz,19,rep >=2 before,2,-1
leaky,21000,20261001-43-NbWz,19,rep >=2 before,2,0
leaky,21000,20261001-43-NbWz,19,rep >=2 before,2,1
leaky,21000,20261001-43-NbWz,19,rep >=2 before,2,2
leaky,21000,20261001-43-NbWz,19,rep >=2 before,2,3
leaky,21000,20261001-43-NbWz,19,rep >=2 before,3,-3
leaky,21000,20261001-43-NbWz,19,rep >=2 before,3,-2
leaky,21000,20261001-43-NbWz,19,rep >=2 before,3,-1
leaky,21000,20261001-43-NbWz,19,rep >=2 before,3,0
leaky,21000,20261001-43-NbWz,19,rep >=2 before,3,1
leaky,21000,20261001-43-NbWz,19,rep >=2 before,3,2
leaky,21000,20261001-43-NbWz,19,rep >=2 before,3,3
leaky,21000,20261001-43-NbWz,20,pos 1 plies ago,-3,-3
leaky,21000,20261001-43-NbWz,20,pos 1 plies ago,-3,-2
leaky,21000,20261001-43-NbWz,20,pos 1 plies ago,-3,-1
leaky,21000,20261001-43-NbWz,20,pos 1 plies ago,-3,0
leaky,21000,20261001-43-NbWz,20,pos 1 plies ago,-3,1
leaky,21000,20261001-43-NbWz,20,pos 1 plies ago,-3,2
leaky,21000,20261001-43-NbWz,20,pos 1 plies ago,-3,3
leaky,21000,20261001-43-NbWz,20,pos 1 plies ago,-2,-3
leaky,21000,20261001-43-NbWz,20,pos 1 plies ago,-2,-2
leaky,21000,20261001-43-NbWz,20,pos 1 plies ago,-2,-1
leaky,21000,20261001-43-NbWz,20,pos 1 plies ago,-2,0
leaky,21000,20261001-43-NbWz,20,pos 1 plies ago,-2,1
leaky,21000,20261001-43-NbWz,20,pos 1 plies ago,-2,2
leaky,21000,20261001-43-NbWz,20,pos 1 plies ago,-2,3
leaky,21000,20261001-43-NbWz,20,pos 1 plies ago,-1,-3
leaky,21000,20261001-43-NbWz,20,pos 1 plies ago,-1,-2
leaky,21000,20261001-43-NbWz,20,pos 1 plies ago,-1,-1
leaky,21000,20261001-43-NbWz,20,pos 1 plies ago,-1,0
leaky,21000,20261001-43-NbWz,20,pos 1 plies ago,-1,1
leaky,21000,20261001-43-NbWz,20,pos 1 plies ago,-1,2
leaky,21000,20261001-43-NbWz,20,pos 1 plies ago,-1,3
leaky,21000,20261001-43-NbWz,20,pos 1 plies ago,0,-3
leaky,21000,20261001-43-NbWz,20,pos 1 plies ago,0,-2
leaky,21000,20261001-43-NbWz,20,pos 1 plies ago,0,-1
leaky,21000,20261001-43-NbWz,20,pos 1 plies ago,0,0
leaky,21000,20261001-43-NbWz,20,pos 1 plies ago,0,1
leaky,21000,20261001-43-NbWz,20,pos 1 plies ago,0,2
leaky,21000,20261001-43-NbWz,20,pos 1 plies ago,0,3
leaky,21000,20261001-43-NbWz,20,pos 1 plies ago,1,-3
leaky,21000,20261001-43-NbWz,20,pos 1 plies ago,1,-2
leaky,21000,20261001-43-NbWz,20,pos 1 plies ago,1,-1
leaky,21000,20261001-43-NbWz,20,pos 1 plies ago,1,0
leaky,21000,20261001-43-NbWz,20,pos 1 plies ago,1,1
leaky,21000,20261001-43-NbWz,20,pos 1 plies ago,1,2
leaky,21000,20261001-43-NbWz,20,pos 1 plies ago,1,3
leaky,21000,20261001-43-NbWz,20,pos 1 plies ago,2,-3
leaky,21000,20261001-43-NbWz,20,pos 1 plies ago,2,-2
leaky,21000,20261001-43-NbWz,20,pos 1 plies ago,2,-1
leaky,21000,20261001-43-NbWz,20,pos 1 plies ago,2,0
leaky,21000,20261001-43-NbWz,20,pos 1 plies ago,2,1
leaky,21000,20261001-43-NbWz,20,pos 1 plies ago,2,2
leaky,21000,20261001-43-NbWz,20,pos 1 plies ago,2,3
leaky,21000,20261001-43-NbWz,20,pos 1 plies ago,3,-3
leaky,21000,20261001-43-NbWz,20,pos 1 plies ago,3,-2
leaky,21000,20261001-43-NbWz,20,pos 1 plies ago,3,-1
leaky,21000,20261001-43-NbWz,20,pos 1 plies ago,3,0
leaky,21000,20261001-43-NbWz,20,pos 1 plies ago,3,1
leaky,21000,20261001-43-NbWz,20,pos 1 plies ago,3,2
leaky,21000,20261001-43-NbWz,20,pos 1 plies ago,3,3
leaky,21000,20261001-43-NbWz,21,pos 2 plies ago,-3,-3
leaky,21000,20261001-43-NbWz,21,pos 2 plies ago,-3,-2
leaky,21000,20261001-43-NbWz,21,pos 2 plies ago,-3,-1
leaky,21000,20261001-43-NbWz,21,pos 2 plies ago,-3,0
leaky,21000,20261001-43-NbWz,21,pos 2 plies ago,-3,1
leaky,21000,20261001-43-NbWz,21,pos 2 plies ago,-3,2
leaky,21000,20261001-43-NbWz,21,pos 2 plies ago,-3,3
leaky,21000,20261001-43-NbWz,21,pos 2 plies ago,-2,-3
leaky,21000,20261001-43-NbWz,21,pos 2 plies ago,-2,-2
leaky,21000,20261001-43-NbWz,21,pos 2 plies ago,-2,-1
leaky,21000,20261001-43-NbWz,21,pos 2 plies ago,-2,0
leaky,21000,20261001-43-NbWz,21,pos 2 plies ago,-2,1
leaky,21000,20261001-43-NbWz,21,pos 2 plies ago,-2,2
leaky,21000,20261001-43-NbWz,21,pos 2 plies ago,-2,3
leaky,21000,20261001-43-NbWz,21,pos 2 plies ago,-1,-3
leaky,21000,20261001-43-NbWz,21,pos 2 plies ago,-1,-2
leaky,21000,20261001-43-NbWz,21,pos 2 plies ago,-1,-1
leaky,21000,20261001-43-NbWz,21,pos 2 plies ago,-1,0
leaky,21000,20261001-43-NbWz,21,pos 2 plies ago,-1,1
leaky,21000,20261001-43-NbWz,21,pos 2 plies ago,-1,2
leaky,21000,20261001-43-NbWz,21,pos 2 plies ago,-1,3
leaky,21000,20261001-43-NbWz,21,pos 2 plies ago,0,-3
leaky,21000,20261001-43-NbWz,21,pos 2 plies ago,0,-2
leaky,21000,20261001-43-NbWz,21,pos 2 plies ago,0,-1
leaky,21000,20261001-43-NbWz,21,pos 2 plies ago,0,0
leaky,21000,20261001-43-NbWz,21,pos 2 plies ago,0,1
leaky,21000,20261001-43-NbWz,21,pos 2 plies ago,0,2
leaky,21000,20261001-43-NbWz,21,pos 2 plies ago,0,3
leaky,21000,20261001-43-NbWz,21,pos 2 plies ago,1,-3
leaky,21000,20261001-43-NbWz,21,pos 2 plies ago,1,-2
leaky,21000,20261001-43-NbWz,21,pos 2 plies ago,1,-1
leaky,21000,20261001-43-NbWz,21,pos 2 plies ago,1,0
leaky,21000,20261001-43-NbWz,21,pos 2 plies ago,1,1
leaky,21000,20261001-43-NbWz,21,pos 2 plies ago,1,2
leaky,21000,20261001-43-NbWz,21,pos 2 plies ago,1,3
leaky,21000,20261001-43-NbWz,21,pos 2 plies ago,2,-3
leaky,21000,20261001-43-NbWz,21,pos 2 plies ago,2,-2
leaky,21000,20261001-43-NbWz,21,pos 2 plies ago,2,-1
leaky,21000,20261001-43-NbWz,21,pos 2 plies ago,2,0
leaky,21000,20261001-43-NbWz,21,pos 2 plies ago,2,1
leaky,21000,20261001-43-NbWz,21,pos 2 plies ago,2,2
leaky,21000,20261001-43-NbWz,21,pos 2 plies ago,2,3
leaky,21000,20261001-43-NbWz,21,pos 2 plies ago,3,-3
leaky,21000,20261001-43-NbWz,21,pos 2 plies ago,3,-2
leaky,21000,20261001-43-NbWz,21,pos 2 plies ago,3,-1
leaky,21000,20261001-43-NbWz,21,pos 2 plies ago,3,0
leaky,21000,20261001-43-NbWz,21,pos 2 plies ago,3,1
leaky,21000,20261001-43-NbWz,21,pos 2 plies ago,3,2
leaky,21000,20261001-43-NbWz,21,pos 2 plies ago,3,3
leaky,21000,20261001-43-NbWz,22,pos 3 plies ago,-3,-3
leaky,21000,20261001-43-NbWz,22,pos 3 plies ago,-3,-2
leaky,21000,20261001-43-NbWz,22,pos 3 plies ago,-3,-1
leaky,21000,20261001-43-NbWz,22,pos 3 plies ago,-3,0
leaky,21000,20261001-43-NbWz,22,pos 3 plies ago,-3,1
leaky,21000,20261001-43-NbWz,22,pos 3 plies ago,-3,2
leaky,21000,20261001-43-NbWz,22,pos 3 plies ago,-3,3
leaky,21000,20261001-43-NbWz,22,pos 3 plies ago,-2,-3
leaky,21000,20261001-43-NbWz,22,pos 3 plies ago,-2,-2
leaky,21000,20261001-43-NbWz,22,pos 3 plies ago,-2,-1
leaky,21000,20261001-43-NbWz,22,pos 3 plies ago,-2,0
leaky,21000,20261001-43-NbWz,22,pos 3 plies ago,-2,1
leaky,21000,20261001-43-NbWz,22,pos 3 plies ago,-2,2
leaky,21000,20261001-43-NbWz,22,pos 3 plies ago,-2,3
leaky,21000,20261001-43-NbWz,22,pos 3 plies ago,-1,-3
leaky,21000,20261001-43-NbWz,22,pos 3 plies ago,-1,-2
leaky,21000,20261001-43-NbWz,22,pos 3 plies ago,-1,-1
leaky,21000,20261001-43-NbWz,22,pos 3 plies ago,-1,0
leaky,21000,20261001-43-NbWz,22,pos 3 plies ago,-1,1
leaky,21000,20261001-43-NbWz,22,pos 3 plies ago,-1,2
leaky,21000,20261001-43-NbWz,22,pos 3 plies ago,-1,3
leaky,21000,20261001-43-NbWz,22,pos 3 plies ago,0,-3
leaky,21000,20261001-43-NbWz,22,pos 3 plies ago,0,-2
leaky,21000,20261001-43-NbWz,22,pos 3 plies ago,0,-1
leaky,21000,20261001-43-NbWz,22,pos 3 plies ago,0,0
leaky,21000,20261001-43-NbWz,22,pos 3 plies ago,0,1
leaky,21000,20261001-43-NbWz,22,pos 3 plies ago,0,2
leaky,21000,20261001-43-NbWz,22,pos 3 plies ago,0,3
leaky,21000,20261001-43-NbWz,22,pos 3 plies ago,1,-3
leaky,21000,20261001-43-NbWz,22,pos 3 plies ago,1,-2
leaky,21000,20261001-43-NbWz,22,pos 3 plies ago,1,-1
leaky,21000,20261001-43-NbWz,22,pos 3 plies ago,1,0
leaky,21000,20261001-43-NbWz,22,pos 3 plies ago,1,1
leaky,21000,20261001-43-NbWz,22,pos 3 plies ago,1,2
leaky,21000,20261001-43-NbWz,22,pos 3 plies ago,1,3
leaky,21000,20261001-43-NbWz,22,pos 3 plies ago,2,-3
leaky,21000,20261001-43-NbWz,22,pos 3 plies ago,2,-2
leaky,21000,20261001-43-NbWz,22,pos 3 plies ago,2,-1
leaky,21000,20261001-43-NbWz,22,pos 3 plies ago,2,0
leaky,21000,20261001-43-NbWz,22,pos 3 plies ago,2,1
leaky,21000,20261001-43-NbWz,22,pos 3 plies ago,2,2
leaky,21000,20261001-43-NbWz,22,pos 3 plies ago,2,3
leaky,21000,20261001-43-NbWz,22,pos 3 plies ago,3,-3
leaky,21000,20261001-43-NbWz,22,pos 3 plies ago,3,-2
leaky,21000,20261001-43-NbWz,22,pos 3 plies ago,3,-1
leaky,21000,20261001-43-NbWz,22,pos 3 plies ago,3,0
leaky,21000,20261001-43-NbWz,22,pos 3 plies ago,3,1
leaky,21000,20261001-43-NbWz,22,pos 3 plies ago,3,2
leaky,21000,20261001-43-NbWz,22,pos 3 plies ago,3,3
leaky,21000,20261001-43-NbWz,24,pos 5 plies ago,-3,-3
leaky,21000,20261001-43-NbWz,24,pos 5 plies ago,-3,-2
leaky,21000,20261001-43-NbWz,24,pos 5 plies ago,-3,-1
leaky,21000,20261001-43-NbWz,24,pos 5 plies ago,-3,0
leaky,21000,20261001-43-NbWz,24,pos 5 plies ago,-3,1
leaky,21000,20261001-43-NbWz,24,pos 5 plies ago,-3,2
leaky,21000,20261001-43-NbWz,24,pos 5 plies ago,-3,3
leaky,21000,20261001-43-NbWz,24,pos 5 plies ago,-2,-3
leaky,21000,20261001-43-NbWz,24,pos 5 plies ago,-2,-2
leaky,21000,20261001-43-NbWz,24,pos 5 plies ago,-2,-1
leaky,21000,20261001-43-NbWz,24,pos 5 plies ago,-2,0
leaky,21000,20261001-43-NbWz,24,pos 5 plies ago,-2,1
leaky,21000,20261001-43-NbWz,24,pos 5 plies ago,-2,2
leaky,21000,20261001-43-NbWz,24,pos 5 plies ago,-2,3
leaky,21000,20261001-43-NbWz,24,pos 5 plies ago,-1,-3
leaky,21000,20261001-43-NbWz,24,pos 5 plies ago,-1,-2
leaky,21000,20261001-43-NbWz,24,pos 5 plies ago,-1,-1
leaky,21000,20261001-43-NbWz,24,pos 5 plies ago,-1,0
leaky,21000,20261001-43-NbWz,24,pos 5 plies ago,-1,1
leaky,21000,20261001-43-NbWz,24,pos 5 plies ago,-1,2
leaky,21000,20261001-43-NbWz,24,pos 5 plies ago,-1,3
leaky,21000,20261001-43-NbWz,24,pos 5 plies ago,0,-3
leaky,21000,20261001-43-NbWz,24,pos 5 plies ago,0,-2
leaky,21000,20261001-43-NbWz,24,pos 5 plies ago,0,-1
leaky,21000,20261001-43-NbWz,24,pos 5 plies ago,0,0
leaky,21000,20261001-43-NbWz,24,pos 5 plies ago,0,1
leaky,21000,20261001-43-NbWz,24,pos 5 plies ago,0,2
leaky,21000,20261001-43-NbWz,24,pos 5 plies ago,0,3
leaky,21000,20261001-43-NbWz,24,pos 5 plies ago,1,-3
leaky,21000,20261001-43-NbWz,24,pos 5 plies ago,1,-2
leaky,21000,20261001-43-NbWz,24,pos 5 plies ago,1,-1
leaky,21000,20261001-43-NbWz,24,pos 5 plies ago,1,0
leaky,21000,20261001-43-NbWz,24,pos 5 plies ago,1,1
leaky,21000,20261001-43-NbWz,24,pos 5 plies ago,1,2
leaky,21000,20261001-43-NbWz,24,pos 5 plies ago,1,3
leaky,21000,20261001-43-NbWz,24,pos 5 plies ago,2,-3
leaky,21000,20261001-43-NbWz,24,pos 5 plies ago,2,-2
leaky,21000,20261001-43-NbWz,24,pos 5 plies ago,2,-1
leaky,21000,20261001-43-NbWz,24,pos 5 plies ago,2,0
leaky,21000,20261001-43-NbWz,24,pos 5 plies ago,2,1
leaky,21000,20261001-43-NbWz,24,pos 5 plies ago,2,2
leaky,21000,20261001-43-NbWz,24,pos 5 plies ago,2,3
leaky,21000,20261001-43-NbWz,24,pos 5 plies ago,3,-3
leaky,21000,20261001-43-NbWz,24,pos 5 plies ago,3,-2
leaky,21000,20261001-43-NbWz,24,pos 5 plies ago,3,-1
leaky,21000,20261001-43-NbWz,24,pos 5 plies ago,3,0
leaky,21000,20261001-43-NbWz,24,pos 5 plies ago,3,1
leaky,21000,20261001-43-NbWz,24,pos 5 plies ago,3,2
leaky,21000,20261001-43-NbWz,24,pos 5 plies ago,3,3
leaky,21000,20261001-43-NbWz,26,pos 7 plies ago,-3,-3
leaky,21000,20261001-43-NbWz,26,pos 7 plies ago,-3,-2
leaky,21000,20261001-43-NbWz,26,pos 7 plies ago,-3,-1
leaky,21000,20261001-43-NbWz,26,pos 7 plies ago,-3,0
leaky,21000,20261001-43-NbWz,26,pos 7 plies ago,-3,1
leaky,21000,20261001-43-NbWz,26,pos 7 plies ago,-3,2
leaky,21000,20261001-43-NbWz,26,pos 7 plies ago,-3,3
leaky,21000,20261001-43-NbWz,26,pos 7 plies ago,-2,-3
leaky,21000,20261001-43-NbWz,26,pos 7 plies ago,-2,-2
leaky,21000,20261001-43-NbWz,26,pos 7 plies ago,-2,-1
leaky,21000,20261001-43-NbWz,26,pos 7 plies ago,-2,0
leaky,21000,20261001-43-NbWz,26,pos 7 plies ago,-2,1
leaky,21000,20261001-43-NbWz,26,pos 7 plies ago,-2,2
leaky,21000,20261001-43-NbWz,26,pos 7 plies ago,-2,3
leaky,21000,20261001-43-NbWz,26,pos 7 plies ago,-1,-3
leaky,21000,20261001-43-NbWz,26,pos 7 plies ago,-1,-2
leaky,21000,20261001-43-NbWz,26,pos 7 plies ago,-1,-1
leaky,21000,20261001-43-NbWz,26,pos 7 plies ago,-1,0
leaky,21000,20261001-43-NbWz,26,pos 7 plies ago,-1,1
leaky,21000,20261001-43-NbWz,26,pos 7 plies ago,-1,2
leaky,21000,20261001-43-NbWz,26,pos 7 plies ago,-1,3
leaky,21000,20261001-43-NbWz,26,pos 7 plies ago,0,-3
leaky,21000,20261001-43-NbWz,26,pos 7 plies ago,0,-2
leaky,21000,20261001-43-NbWz,26,pos 7 plies ago,0,-1
leaky,21000,20261001-43-NbWz,26,pos 7 plies ago,0,0
leaky,21000,20261001-43-NbWz,26,pos 7 plies ago,0,1
leaky,21000,20261001-43-NbWz,26,pos 7 plies ago,0,2
leaky,21000,20261001-43-NbWz,26,pos 7 plies ago,0,3
leaky,21000,20261001-43-NbWz,26,pos 7 plies ago,1,-3
leaky,21000,20261001-43-NbWz,26,pos 7 plies ago,1,-2
leaky,21000,20261001-43-NbWz,26,pos 7 plies ago,1,-1
leaky,21000,20261001-43-NbWz,26,pos 7 plies ago,1,0
leaky,21000,20261001-43-NbWz,26,pos 7 plies ago,1,1
leaky,21000,20261001-43-NbWz,26,pos 7 plies ago,1,2
leaky,21000,20261001-43-NbWz,26,pos 7 plies ago,1,3
leaky,21000,20261001-43-NbWz,26,pos 7 plies ago,2,-3
leaky,21000,20261001-43-NbWz,26,pos 7 plies ago,2,-2
leaky,21000,20261001-43-NbWz,26,pos 7 plies ago,2,-1
leaky,21000,20261001-43-NbWz,26,pos 7 plies ago,2,0
leaky,21000,20261001-43-NbWz,26,pos 7 plies ago,2,1
leaky,21000,20261001-43-NbWz,26,pos 7 plies ago,2,2
leaky,21000,20261001-43-NbWz,26,pos 7 plies ago,2,3
leaky,21000,20261001-43-NbWz,26,pos 7 plies ago,3,-3
leaky,21000,20261001-43-NbWz,26,pos 7 plies ago,3,-2
leaky,21000,20261001-43-NbWz,26,pos 7 plies ago,3,-1
leaky,21000,20261001-43-NbWz,26,pos 7 plies ago,3,0
leaky,21000,20261001-43-NbWz,26,pos 7 plies ago,3,1
leaky,21000,20261001-43-NbWz,26,pos 7 plies ago,3,2
leaky,21000,20261001-43-NbWz,26,pos 7 plies ago,3,3
leaky,21000,20261001-43-NbWz,28,pos 9 plies ago,-3,-3
leaky,21000,20261001-43-NbWz,28,pos 9 plies ago,-3,-2
leaky,21000,20261001-43-NbWz,28,pos 9 plies ago,-3,-1
leaky,21000,20261001-43-NbWz,28,pos 9 plies ago,-3,0
leaky,21000,20261001-43-NbWz,28,pos 9 plies ago,-3,1
leaky,21000,20261001-43-NbWz,28,pos 9 plies ago,-3,2
leaky,21000,20261001-43-NbWz,28,pos 9 plies ago,-3,3
leaky,21000,20261001-43-NbWz,28,pos 9 plies ago,-2,-3
leaky,21000,20261001-43-NbWz,28,pos 9 plies ago,-2,-2
leaky,21000,20261001-43-NbWz,28,pos 9 plies ago,-2,-1
leaky,21000,20261001-43-NbWz,28,pos 9 plies ago,-2,0
leaky,21000,20261001-43-NbWz,28,pos 9 plies ago,-2,1
leaky,21000,20261001-43-NbWz,28,pos 9 plies ago,-2,2
leaky,21000,20261001-43-NbWz,28,pos 9 plies ago,-2,3
leaky,21000,20261001-43-NbWz,28,pos 9 plies ago,-1,-3
leaky,21000,20261001-43-NbWz,28,pos 9 plies ago,-1,-2
leaky,21000,20261001-43-NbWz,28,pos 9 plies ago,-1,-1
leaky,21000,20261001-43-NbWz,28,pos 9 plies ago,-1,0
leaky,21000,20261001-43-NbWz,28,pos 9 plies ago,-1,1
leaky,21000,20261001-43-NbWz,28,pos 9 plies ago,-1,2
leaky,21000,20261001-43-NbWz,28,pos 9 plies ago,-1,3
leaky,21000,20261001-43-NbWz,28,pos 9 plies ago,0,-3
leaky,21000,20261001-43-NbWz,28,pos 9 plies ago,0,-2
leaky,21000,20261001-43-NbWz,28,pos 9 plies ago,0,-1
leaky,21000,20261001-43-NbWz,28,pos 9 plies ago,0,0
leaky,21000,20261001-43-NbWz,28,pos 9 plies ago,0,1
leaky,21000,20261001-43-NbWz,28,pos 9 plies ago,0,2
leaky,21000,20261001-43-NbWz,28,pos 9 plies ago,0,3
leaky,21000,20261001-43-NbWz,28,pos 9 plies ago,1,-3
leaky,21000,20261001-43-NbWz,28,pos 9 plies ago,1,-2
leaky,21000,20261001-43-NbWz,28,pos 9 plies ago,1,-1
leaky,21000,20261001-43-NbWz,28,pos 9 plies ago,1,0
leaky,21000,20261001-43-NbWz,28,pos 9 plies ago,1,1
leaky,21000,20261001-43-NbWz,28,pos 9 plies ago,1,2
leaky,21000,20261001-43-NbWz,28,pos 9 plies ago,1,3
leaky,21000,20261001-43-NbWz,28,pos 9 plies ago,2,-3
leaky,21000,20261001-43-NbWz,28,pos 9 plies ago,2,-2
leaky,21000,20261001-43-NbWz,28,pos 9 plies ago,2,-1
leaky,21000,20261001-43-NbWz,28,pos 9 plies ago,2,0
leaky,21000,20261001-43-NbWz,28,pos 9 plies ago,2,1
leaky,21000,20261001-43-NbWz,28,pos 9 plies ago,2,2
leaky,21000,20261001-43-NbWz,28,pos 9 plies ago,2,3
leaky,21000,20261001-43-NbWz,28,pos 9 plies ago,3,-3
leaky,21000,20261001-43-NbWz,28,pos 9 plies ago,3,-2
leaky,21000,20261001-43-NbWz,28,pos 9 plies ago,3,-1
leaky,21000,20261001-43-NbWz,28,pos 9 plies ago,3,0
leaky,21000,20261001-43-NbWz,28,pos 9 plies ago,3,1
leaky,21000,20261001-43-NbWz,28,pos 9 plies ago,3,2
leaky,21000,20261001-43-NbWz,28,pos 9 plies ago,3,3
leaky,22000,20261001-43-NbWz,16,en passant,3,-3
leaky,22000,20261001-43-NbWz,16,en passant,3,-2
leaky,22000,20261001-43-NbWz,16,en passant,3,-1
leaky,22000,20261001-43-NbWz,16,en passant,3,0
leaky,22000,20261001-43-NbWz,16,en passant,3,1
leaky,22000,20261001-43-NbWz,16,en passant,3,2
leaky,22000,20261001-43-NbWz,16,en passant,3,3
leaky,22000,20261001-43-NbWz,19,rep >=2 before,-3,-3
leaky,22000,20261001-43-NbWz,19,rep >=2 before,-3,-2
leaky,22000,20261001-43-NbWz,19,rep >=2 before,-3,-1
leaky,22000,20261001-43-NbWz,19,rep >=2 before,-3,0
leaky,22000,20261001-43-NbWz,19,rep >=2 before,-3,1
leaky,22000,20261001-43-NbWz,19,rep >=2 before,-3,2
leaky,22000,20261001-43-NbWz,19,rep >=2 before,-3,3
leaky,22000,20261001-43-NbWz,19,rep >=2 before,-2,-3
leaky,22000,20261001-43-NbWz,19,rep >=2 before,-2,-2
leaky,22000,20261001-43-NbWz,19,rep >=2 before,-2,-1
leaky,22000,20261001-43-NbWz,19,rep >=2 before,-2,0
leaky,22000,20261001-43-NbWz,19,rep >=2 before,-2,1
leaky,22000,20261001-43-NbWz,19,rep >=2 before,-2,2
leaky,22000,20261001-43-NbWz,19,rep >=2 before,-2,3
leaky,22000,20261001-43-NbWz,19,rep >=2 before,-1,-3
leaky,22000,20261001-43-NbWz,19,rep >=2 before,-1,-2
leaky,22000,20261001-43-NbWz,19,rep >=2 before,-1,-1
leaky,22000,20261001-43-NbWz,19,rep >=2 before,-1,0
leaky,22000,20261001-43-NbWz,19,rep >=2 before,-1,1
leaky,22000,20261001-43-NbWz,19,rep >=2 before,-1,2
leaky,22000,20261001-43-NbWz,19,rep >=2 before,-1,3
leaky,22000,20261001-43-NbWz,19,rep >=2 before,0,-3
leaky,22000,20261001-43-NbWz,19,rep >=2 before,0,-2
leaky,22000,20261001-43-NbWz,19,rep >=2 before,0,-1
leaky,22000,20261001-43-NbWz,19,rep >=2 before,0,0
leaky,22000,20261001-43-NbWz,19,rep >=2 before,0,1
leaky,22000,20261001-43-NbWz,19,rep >=2 before,0,2
leaky,22000,20261001-43-NbWz,19,rep >=2 before,0,3
leaky,22000,20261001-43-NbWz,19,rep >=2 before,1,-3
leaky,22000,20261001-43-NbWz,19,rep >=2 before,1,-2
leaky,22000,20261001-43-NbWz,19,rep >=2 before,1,-1
leaky,22000,20261001-43-NbWz,19,rep >=2 before,1,0
leaky,22000,20261001-43-NbWz,19,rep >=2 before,1,1
leaky,22000,20261001-43-NbWz,19,rep >=2 before,1,2
leaky,22000,20261001-43-NbWz,19,rep >=2 before,1,3
leaky,22000,20261001-43-NbWz,19,rep >=2 before,2,-3
leaky,22000,20261001-43-NbWz,19,rep >=2 before,2,-2
leaky,22000,20261001-43-NbWz,19,rep >=2 before,2,-1
leaky,22000,20261001-43-NbWz,19,rep >=2 before,2,0
leaky,22000,20261001-43-NbWz,19,rep >=2 before,2,1
leaky,22000,20261001-43-NbWz,19,rep >=2 before,2,2
leaky,22000,20261001-43-NbWz,19,rep >=2 before,2,3
leaky,22000,20261001-43-NbWz,19,rep >=2 before,3,-3
leaky,22000,20261001-43-NbWz,19,rep >=2 before,3,-2
leaky,22000,20261001-43-NbWz,19,rep >=2 before,3,-1
leaky,22000,20261001-43-NbWz,19,rep >=2 before,3,0
leaky,22000,20261001-43-NbWz,19,rep >=2 before,3,1
leaky,22000,20261001-43-NbWz,19,rep >=2 before,3,2
leaky,22000,20261001-43-NbWz,19,rep >=2 before,3,3
leaky,22000,20261001-43-NbWz,20,pos 1 plies ago,-3,-3
leaky,22000,20261001-43-NbWz,20,pos 1 plies ago,-3,-2
leaky,22000,20261001-43-NbWz,20,pos 1 plies ago,-3,-1
leaky,22000,20261001-43-NbWz,20,pos 1 plies ago,-3,0
leaky,22000,20261001-43-NbWz,20,pos 1 plies ago,-3,1
leaky,22000,20261001-43-NbWz,20,pos 1 plies ago,-3,2
leaky,22000,20261001-43-NbWz,20,pos 1 plies ago,-3,3
leaky,22000,20261001-43-NbWz,20,pos 1 plies ago,-2,-3
leaky,22000,20261001-43-NbWz,20,pos 1 plies ago,-2,-2
leaky,22000,20261001-43-NbWz,20,pos 1 plies ago,-2,-1
leaky,22000,20261001-43-NbWz,20,pos 1 plies ago,-2,0
leaky,22000,20261001-43-NbWz,20,pos 1 plies ago,-2,1
leaky,22000,20261001-43-NbWz,20,pos 1 plies ago,-2,2
leaky,22000,20261001-43-NbWz,20,pos 1 plies ago,-2,3
leaky,22000,20261001-43-NbWz,20,pos 1 plies ago,-1,-3
leaky,22000,20261001-43-NbWz,20,pos 1 plies ago,-1,-2
leaky,22000,20261001-43-NbWz,20,pos 1 plies ago,-1,-1
leaky,22000,20261001-43-NbWz,20,pos 1 plies ago,-1,0
leaky,22000,20261001-43-NbWz,20,pos 1 plies ago,-1,1
leaky,22000,20261001-43-NbWz,20,pos 1 plies ago,-1,2
leaky,22000,20261001-43-NbWz,20,pos 1 plies ago,-1,3
leaky,22000,20261001-43-NbWz,20,pos 1 plies ago,0,-3
leaky,22000,20261001-43-NbWz,20,pos 1 plies ago,0,-2
leaky,22000,20261001-43-NbWz,20,pos 1 plies ago,0,-1
leaky,22000,20261001-43-NbWz,20,pos 1 plies ago,0,0
leaky,22000,20261001-43-NbWz,20,pos 1 plies ago,0,1
leaky,22000,20261001-43-NbWz,20,pos 1 plies ago,0,2
leaky,22000,20261001-43-NbWz,20,pos 1 plies ago,0,3
leaky,22000,20261001-43-NbWz,20,pos 1 plies ago,1,-3
leaky,22000,20261001-43-NbWz,20,pos 1 plies ago,1,-2
leaky,22000,20261001-43-NbWz,20,pos 1 plies ago,1,-1
leaky,22000,20261001-43-NbWz,20,pos 1 plies ago,1,0
leaky,22000,20261001-43-NbWz,20,pos 1 plies ago,1,1
leaky,22000,20261001-43-NbWz,20,pos 1 plies ago,1,2
leaky,22000,20261001-43-NbWz,20,pos 1 plies ago,1,3
leaky,22000,20261001-43-NbWz,20,pos 1 plies ago,2,-3
leaky,22000,20261001-43-NbWz,20,pos 1 plies ago,2,-2
leaky,22000,20261001-43-NbWz,20,pos 1 plies ago,2,-1
leaky,22000,20261001-43-NbWz,20,pos 1 plies ago,2,0
leaky,22000,20261001-43-NbWz,20,pos 1 plies ago,2,1
leaky,22000,20261001-43-NbWz,20,pos 1 plies ago,2,2
leaky,22000,20261001-43-NbWz,20,pos 1 plies ago,2,3
leaky,22000,20261001-43-NbWz,20,pos 1 plies ago,3,-3
leaky,22000,20261001-43-NbWz,20,pos 1 plies ago,3,-2
leaky,22000,20261001-43-NbWz,20,pos 1 plies ago,3,-1
leaky,22000,20261001-43-NbWz,20,pos 1 plies ago,3,0
leaky,22000,20261001-43-NbWz,20,pos 1 plies ago,3,1
leaky,22000,20261001-43-NbWz,20,pos 1 plies ago,3,2
leaky,22000,20261001-43-NbWz,20,pos 1 plies ago,3,3
leaky,22000,20261001-43-NbWz,21,pos 2 plies ago,-3,-3
leaky,22000,20261001-43-NbWz,21,pos 2 plies ago,-3,-2
leaky,22000,20261001-43-NbWz,21,pos 2 plies ago,-3,-1
leaky,22000,20261001-43-NbWz,21,pos 2 plies ago,-3,0
leaky,22000,20261001-43-NbWz,21,pos 2 plies ago,-3,1
leaky,22000,20261001-43-NbWz,21,pos 2 plies ago,-3,2
leaky,22000,20261001-43-NbWz,21,pos 2 plies ago,-3,3
leaky,22000,20261001-43-NbWz,21,pos 2 plies ago,-2,-3
leaky,22000,20261001-43-NbWz,21,pos 2 plies ago,-2,-2
leaky,22000,20261001-43-NbWz,21,pos 2 plies ago,-2,-1
leaky,22000,20261001-43-NbWz,21,pos 2 plies ago,-2,0
leaky,22000,20261001-43-NbWz,21,pos 2 plies ago,-2,1
leaky,22000,20261001-43-NbWz,21,pos 2 plies ago,-2,2
leaky,22000,20261001-43-NbWz,21,pos 2 plies ago,-2,3
leaky,22000,20261001-43-NbWz,21,pos 2 plies ago,-1,-3
leaky,22000,20261001-43-NbWz,21,pos 2 plies ago,-1,-2
leaky,22000,20261001-43-NbWz,21,pos 2 plies ago,-1,-1
leaky,22000,20261001-43-NbWz,21,pos 2 plies ago,-1,0
leaky,22000,20261001-43-NbWz,21,pos 2 plies ago,-1,1
leaky,22000,20261001-43-NbWz,21,pos 2 plies ago,-1,2
leaky,22000,20261001-43-NbWz,21,pos 2 plies ago,-1,3
leaky,22000,20261001-43-NbWz,21,pos 2 plies ago,0,-3
leaky,22000,20261001-43-NbWz,21,pos 2 plies ago,0,-2
leaky,22000,20261001-43-NbWz,21,pos 2 plies ago,0,-1
leaky,22000,20261001-43-NbWz,21,pos 2 plies ago,0,0
leaky,22000,20261001-43-NbWz,21,pos 2 plies ago,0,1
leaky,22000,20261001-43-NbWz,21,pos 2 plies ago,0,2
leaky,22000,20261001-43-NbWz,21,pos 2 plies ago,0,3
leaky,22000,20261001-43-NbWz,21,pos 2 plies ago,1,-3
leaky,22000,20261001-43-NbWz,21,pos 2 plies ago,1,-2
leaky,22000,20261001-43-NbWz,21,pos 2 plies ago,1,-1
leaky,22000,20261001-43-NbWz,21,pos 2 plies ago,1,0
leaky,22000,20261001-43-NbWz,21,pos 2 plies ago,1,1
leaky,22000,20261001-43-NbWz,21,pos 2 plies ago,1,2
leaky,22000,20261001-43-NbWz,21,pos 2 plies ago,1,3
leaky,22000,20261001-43-NbWz,21,pos 2 plies ago,2,-3
leaky,22000,20261001-43-NbWz,21,pos 2 plies ago,2,-2
leaky,22000,20261001-43-NbWz,21,pos 2 plies ago,2,-1
leaky,22000,20261001-43-NbWz,21,pos 2 plies ago,2,0
leaky,22000,20261001-43-NbWz,21,pos 2 plies ago,2,1
leaky,22000,20261001-43-NbWz,21,pos 2 plies ago,2,2
leaky,22000,20261001-43-NbWz,21,pos 2 plies ago,2,3
leaky,22000,20261001-43-NbWz,21,pos 2 plies ago,3,-3
leaky,22000,20261001-43-NbWz,21,pos 2 plies ago,3,-2
leaky,22000,20261001-43-NbWz,21,pos 2 plies ago,3,-1
leaky,22000,20261001-43-NbWz,21,pos 2 plies ago,3,0
leaky,22000,20261001-43-NbWz,21,pos 2 plies ago,3,1
leaky,22000,20261001-43-NbWz,21,pos 2 plies ago,3,2
leaky,22000,20261001-43-NbWz,21,pos 2 plies ago,3,3
leaky,22000,20261001-43-NbWz,22,pos 3 plies ago,-3,-3
leaky,22000,20261001-43-NbWz,22,pos 3 plies ago,-3,-2
leaky,22000,20261001-43-NbWz,22,pos 3 plies ago,-3,-1
leaky,22000,20261001-43-NbWz,22,pos 3 plies ago,-3,0
leaky,22000,20261001-43-NbWz,22,pos 3 plies ago,-3,1
leaky,22000,20261001-43-NbWz,22,pos 3 plies ago,-3,2
leaky,22000,20261001-43-NbWz,22,pos 3 plies ago,-3,3
leaky,22000,20261001-43-NbWz,22,pos 3 plies ago,-2,-3
leaky,22000,20261001-43-NbWz,22,pos 3 plies ago,-2,-2
leaky,22000,20261001-43-NbWz,22,pos 3 plies ago,-2,-1
leaky,22000,20261001-43-NbWz,22,pos 3 plies ago,-2,0
leaky,22000,20261001-43-NbWz,22,pos 3 plies ago,-2,1
leaky,22000,20261001-43-NbWz,22,pos 3 plies ago,-2,2
leaky,22000,20261001-43-NbWz,22,pos 3 plies ago,-2,3
leaky,22000,20261001-43-NbWz,22,pos 3 plies ago,-1,-3
leaky,22000,20261001-43-NbWz,22,pos 3 plies ago,-1,-2
leaky,22000,20261001-43-NbWz,22,pos 3 plies ago,-1,-1
leaky,22000,20261001-43-NbWz,22,pos 3 plies ago,-1,0
leaky,22000,20261001-43-NbWz,22,pos 3 plies ago,-1,1
leaky,22000,20261001-43-NbWz,22,pos 3 plies ago,-1,2
leaky,22000,20261001-43-NbWz,22,pos 3 plies ago,-1,3
leaky,22000,20261001-43-NbWz,22,pos 3 plies ago,0,-3
leaky,22000,20261001-43-NbWz,22,pos 3 plies ago,0,-2
leaky,22000,20261001-43-NbWz,22,pos 3 plies ago,0,-1
leaky,22000,20261001-43-NbWz,22,pos 3 plies ago,0,0
leaky,22000,20261001-43-NbWz,22,pos 3 plies ago,0,1
leaky,22000,20261001-43-NbWz,22,pos 3 plies ago,0,2
leaky,22000,20261001-43-NbWz,22,pos 3 plies ago,0,3
leaky,22000,20261001-43-NbWz,22,pos 3 plies ago,1,-3
leaky,22000,20261001-43-NbWz,22,pos 3 plies ago,1,-2
leaky,22000,20261001-43-NbWz,22,pos 3 plies ago,1,-1
leaky,22000,20261001-43-NbWz,22,pos 3 plies ago,1,0
leaky,22000,20261001-43-NbWz,22,pos 3 plies ago,1,1
leaky,22000,20261001-43-NbWz,22,pos 3 plies ago,1,2
leaky,22000,20261001-43-NbWz,22,pos 3 plies ago,1,3
leaky,22000,20261001-43-NbWz,22,pos 3 plies ago,2,-3
leaky,22000,20261001-43-NbWz,22,pos 3 plies ago,2,-2
leaky,22000,20261001-43-NbWz,22,pos 3 plies ago,2,-1
leaky,22000,20261001-43-NbWz,22,pos 3 plies ago,2,0
leaky,22000,20261001-43-NbWz,22,pos 3 plies ago,2,1
leaky,22000,20261001-43-NbWz,22,pos 3 plies ago,2,2
leaky,22000,20261001-43-NbWz,22,pos 3 plies ago,2,3
leaky,22000,20261001-43-NbWz,22,pos 3 plies ago,3,-3
leaky,22000,20261001-43-NbWz,22,pos 3 plies ago,3,-2
leaky,22000,20261001-43-NbWz,22,pos 3 plies ago,3,-1
leaky,22000,20261001-43-NbWz,22,pos 3 plies ago,3,0
leaky,22000,20261001-43-NbWz,22,pos 3 plies ago,3,1
leaky,22000,20261001-43-NbWz,22,pos 3 plies ago,3,2
leaky,22000,20261001-43-NbWz,22,pos 3 plies ago,3,3
leaky,22000,20261001-43-NbWz,24,pos 5 plies ago,-3,-3
leaky,22000,20261001-43-NbWz,24,pos 5 plies ago,-3,-2
leaky,22000,20261001-43-NbWz,24,pos 5 plies ago,-3,-1
leaky,22000,20261001-43-NbWz,24,pos 5 plies ago,-3,0
leaky,22000,20261001-43-NbWz,24,pos 5 plies ago,-3,1
leaky,22000,20261001-43-NbWz,24,pos 5 plies ago,-3,2
leaky,22000,20261001-43-NbWz,24,pos 5 plies ago,-3,3
leaky,22000,20261001-43-NbWz,24,pos 5 plies ago,-2,-3
leaky,22000,20261001-43-NbWz,24,pos 5 plies ago,-2,-2
leaky,22000,20261001-43-NbWz,24,pos 5 plies ago,-2,-1
leaky,22000,20261001-43-NbWz,24,pos 5 plies ago,-2,0
leaky,22000,20261001-43-NbWz,24,pos 5 plies ago,-2,1
leaky,22000,20261001-43-NbWz,24,pos 5 plies ago,-2,2
leaky,22000,20261001-43-NbWz,24,pos 5 plies ago,-2,3
leaky,22000,20261001-43-NbWz,24,pos 5 plies ago,-1,-3
leaky,22000,20261001-43-NbWz,24,pos 5 plies ago,-1,-2
leaky,22000,20261001-43-NbWz,24,pos 5 plies ago,-1,-1
leaky,22000,20261001-43-NbWz,24,pos 5 plies ago,-1,0
leaky,22000,20261001-43-NbWz,24,pos 5 plies ago,-1,1
leaky,22000,20261001-43-NbWz,24,pos 5 plies ago,-1,2
leaky,22000,20261001-43-NbWz,24,pos 5 plies ago,-1,3
leaky,22000,20261001-43-NbWz,24,pos 5 plies ago,0,-3
leaky,22000,20261001-43-NbWz,24,pos 5 plies ago,0,-2
leaky,22000,20261001-43-NbWz,24,pos 5 plies ago,0,-1
leaky,22000,20261001-43-NbWz,24,pos 5 plies ago,0,0
leaky,22000,20261001-43-NbWz,24,pos 5 plies ago,0,1
leaky,22000,20261001-43-NbWz,24,pos 5 plies ago,0,2
leaky,22000,20261001-43-NbWz,24,pos 5 plies ago,0,3
leaky,22000,20261001-43-NbWz,24,pos 5 plies ago,1,-3
leaky,22000,20261001-43-NbWz,24,pos 5 plies ago,1,-2
leaky,22000,20261001-43-NbWz,24,pos 5 plies ago,1,-1
leaky,22000,20261001-43-NbWz,24,pos 5 plies ago,1,0
leaky,22000,20261001-43-NbWz,24,pos 5 plies ago,1,1
leaky,22000,20261001-43-NbWz,24,pos 5 plies ago,1,2
leaky,22000,20261001-43-NbWz,24,pos 5 plies ago,1,3
leaky,22000,20261001-43-NbWz,24,pos 5 plies ago,2,-3
leaky,22000,20261001-43-NbWz,24,pos 5 plies ago,2,-2
leaky,22000,20261001-43-NbWz,24,pos 5 plies ago,2,-1
leaky,22000,20261001-43-NbWz,24,pos 5 plies ago,2,0
leaky,22000,20261001-43-NbWz,24,pos 5 plies ago,2,1
leaky,22000,20261001-43-NbWz,24,pos 5 plies ago,2,2
leaky,22000,20261001-43-NbWz,24,pos 5 plies ago,2,3
leaky,22000,20261001-43-NbWz,24,pos 5 plies ago,3,-3
leaky,22000,20261001-43-NbWz,24,pos 5 plies ago,3,-2
leaky,22000,20261001-43-NbWz,24,pos 5 plies ago,3,-1
leaky,22000,20261001-43-NbWz,24,pos 5 plies ago,3,0
leaky,22000,20261001-43-NbWz,24,pos 5 plies ago,3,1
leaky,22000,20261001-43-NbWz,24,pos 5 plies ago,3,2
leaky,22000,20261001-43-NbWz,24,pos 5 plies ago,3,3
leaky,22000,20261001-43-NbWz,26,pos 7 plies ago,-3,-3
leaky,22000,20261001-43-NbWz,26,pos 7 plies ago,-3,-2
leaky,22000,20261001-43-NbWz,26,pos 7 plies ago,-3,-1
leaky,22000,20261001-43-NbWz,26,pos 7 plies ago,-3,0
leaky,22000,20261001-43-NbWz,26,pos 7 plies ago,-3,1
leaky,22000,20261001-43-NbWz,26,pos 7 plies ago,-3,2
leaky,22000,20261001-43-NbWz,26,pos 7 plies ago,-3,3
leaky,22000,20261001-43-NbWz,26,pos 7 plies ago,-2,-3
leaky,22000,20261001-43-NbWz,26,pos 7 plies ago,-2,-2
leaky,22000,20261001-43-NbWz,26,pos 7 plies ago,-2,-1
leaky,22000,20261001-43-NbWz,26,pos 7 plies ago,-2,0
leaky,22000,20261001-43-NbWz,26,pos 7 plies ago,-2,1
leaky,22000,20261001-43-NbWz,26,pos 7 plies ago,-2,2
leaky,22000,20261001-43-NbWz,26,pos 7 plies ago,-2,3
leaky,22000,20261001-43-NbWz,26,pos 7 plies ago,-1,-3
leaky,22000,20261001-43-NbWz,26,pos 7 plies ago,-1,-2
leaky,22000,20261001-43-NbWz,26,pos 7 plies ago,-1,-1
leaky,22000,20261001-43-NbWz,26,pos 7 plies ago,-1,0
leaky,22000,20261001-43-NbWz,26,pos 7 plies ago,-1,1
leaky,22000,20261001-43-NbWz,26,pos 7 plies ago,-1,2
leaky,22000,20261001-43-NbWz,26,pos 7 plies ago,-1,3
leaky,22000,20261001-43-NbWz,26,pos 7 plies ago,0,-3
leaky,22000,20261001-43-NbWz,26,pos 7 plies ago,0,-2
leaky,22000,20261001-43-NbWz,26,pos 7 plies ago,0,-1
leaky,22000,20261001-43-NbWz,26,pos 7 plies ago,0,0
leaky,22000,20261001-43-NbWz,26,pos 7 plies ago,0,1
leaky,22000,20261001-43-NbWz,26,pos 7 plies ago,0,2
leaky,22000,20261001-43-NbWz,26,pos 7 plies ago,0,3
leaky,22000,20261001-43-NbWz,26,pos 7 plies ago,1,-3
leaky,22000,20261001-43-NbWz,26,pos 7 plies ago,1,-2
leaky,22000,20261001-43-NbWz,26,pos 7 plies ago,1,-1
leaky,22000,20261001-43-NbWz,26,pos 7 plies ago,1,0
leaky,22000,20261001-43-NbWz,26,pos 7 plies ago,1,1
leaky,22000,20261001-43-NbWz,26,pos 7 plies ago,1,2
leaky,22000,20261001-43-NbWz,26,pos 7 plies ago,1,3
leaky,22000,20261001-43-NbWz,26,pos 7 plies ago,2,-3
leaky,22000,20261001-43-NbWz,26,pos 7 plies ago,2,-2
leaky,22000,20261001-43-NbWz,26,pos 7 plies ago,2,-1
leaky,22000,20261001-43-NbWz,26,pos 7 plies ago,2,0
leaky,22000,20261001-43-NbWz,26,pos 7 plies ago,2,1
leaky,22000,20261001-43-NbWz,26,pos 7 plies ago,2,2
leaky,22000,20261001-43-NbWz,26,pos 7 plies ago,2,3
leaky,22000,20261001-43-NbWz,26,pos 7 plies ago,3,-3
leaky,22000,20261001-43-NbWz,26,pos 7 plies ago,3,-2
leaky,22000,20261001-43-NbWz,26,pos 7 plies ago,3,-1
leaky,22000,20261001-43-NbWz,26,pos 7 plies ago,3,0
leaky,22000,20261001-43-NbWz,26,pos 7 plies ago,3,1
leaky,22000,20261001-43-NbWz,26,pos 7 plies ago,3,2
leaky,22000,20261001-43-NbWz,26,pos 7 plies ago,3,3
leaky,22000,20261001-43-NbWz,28,pos 9 plies ago,-3,-3
leaky,22000,20261001-43-NbWz,28,pos 9 plies ago,-3,-2
leaky,22000,20261001-43-NbWz,28,pos 9 plies ago,-3,-1
leaky,22000,20261001-43-NbWz,28,pos 9 plies ago,-3,0
leaky,22000,20261001-43-NbWz,28,pos 9 plies ago,-3,1
leaky,22000,20261001-43-NbWz,28,pos 9 plies ago,-3,2
leaky,22000,20261001-43-NbWz,28,pos 9 plies ago,-3,3
leaky,22000,20261001-43-NbWz,28,pos 9 plies ago,-2,-3
leaky,22000,20261001-43-NbWz,28,pos 9 plies ago,-2,-2
leaky,22000,20261001-43-NbWz,28,pos 9 plies ago,-2,-1
leaky,22000,20261001-43-NbWz,28,pos 9 plies ago,-2,0
leaky,22000,20261001-43-NbWz,28,pos 9 plies ago,-2,1
leaky,22000,20261001-43-NbWz,28,pos 9 plies ago,-2,2
leaky,22000,20261001-43-NbWz,28,pos 9 plies ago,-2,3
leaky,22000,20261001-43-NbWz,28,pos 9 plies ago,-1,-3
leaky,22000,20261001-43-NbWz,28,pos 9 plies ago,-1,-2
leaky,22000,20261001-43-NbWz,28,pos 9 plies ago,-1,-1
leaky,22000,20261001-43-NbWz,28,pos 9 plies ago,-1,0
leaky,22000,20261001-43-NbWz,28,pos 9 plies ago,-1,1
leaky,22000,20261001-43-NbWz,28,pos 9 plies ago,-1,2
leaky,22000,20261001-43-NbWz,28,pos 9 plies ago,-1,3
leaky,22000,20261001-43-NbWz,28,pos 9 plies ago,0,-3
leaky,22000,20261001-43-NbWz,28,pos 9 plies ago,0,-2
leaky,22000,20261001-43-NbWz,28,pos 9 plies ago,0,-1
leaky,22000,20261001-43-NbWz,28,pos 9 plies ago,0,0
leaky,22000,20261001-43-NbWz,28,pos 9 plies ago,0,1
leaky,22000,20261001-43-NbWz,28,pos 9 plies ago,0,2
leaky,22000,20261001-43-NbWz,28,pos 9 plies ago,0,3
leaky,22000,20261001-43-NbWz,28,pos 9 plies ago,1,-3
leaky,22000,20261001-43-NbWz,28,pos 9 plies ago,1,-2
leaky,22000,20261001-43-NbWz,28,pos 9 plies ago,1,-1
leaky,22000,20261001-43-NbWz,28,pos 9 plies ago,1,0
leaky,22000,20261001-43-NbWz,28,pos 9 plies ago,1,1
leaky,22000,20261001-43-NbWz,28,pos 9 plies ago,1,2
leaky,22000,20261001-43-NbWz,28,pos 9 plies ago,1,3
leaky,22000,20261001-43-NbWz,28,pos 9 plies ago,2,-3
leaky,22000,20261001-43-NbWz,28,pos 9 plies ago,2,-2
leaky,22000,20261001-43-NbWz,28,pos 9 plies ago,2,-1
leaky,22000,20261001-43-NbWz,28,pos 9 plies ago,2,0
leaky,22000,20261001-43-NbWz,28,pos 9 plies ago,2,1
leaky,22000,20261001-43-NbWz,28,pos 9 plies ago,2,2
leaky,22000,20261001-43-NbWz,28,pos 9 plies ago,2,3
leaky,22000,20261001-43-NbWz,28,pos 9 plies ago,3,-3
leaky,22000,20261001-43-NbWz,28,pos 9 plies ago,3,-2
leaky,22000,20261001-43-NbWz,28,pos 9 plies ago,3,-1
leaky,22000,20261001-43-NbWz,28,pos 9 plies ago,3,0
leaky,22000,20261001-43-NbWz,28,pos 9 plies ago,3,1
leaky,22000,20261001-43-NbWz,28,pos 9 plies ago,3,2
leaky,22000,20261001-43-NbWz,28,pos 9 plies ago,3,3
leaky,23000,20261001-43-NbWz,16,en passant,3,-3
leaky,23000,20261001-43-NbWz,16,en passant,3,-2
leaky,23000,20261001-43-NbWz,16,en passant,3,-1
leaky,23000,20261001-43-NbWz,16,en passant,3,0
leaky,23000,20261001-43-NbWz,16,en passant,3,1
leaky,23000,20261001-43-NbWz,16,en passant,3,2
leaky,23000,20261001-43-NbWz,16,en passant,3,3
leaky,23000,20261001-43-NbWz,19,rep >=2 before,-3,-3
leaky,23000,20261001-43-NbWz,19,rep >=2 before,-3,-2
leaky,23000,20261001-43-NbWz,19,rep >=2 before,-3,-1
leaky,23000,20261001-43-NbWz,19,rep >=2 before,-3,0
leaky,23000,20261001-43-NbWz,19,rep >=2 before,-3,1
leaky,23000,20261001-43-NbWz,19,rep >=2 before,-3,2
leaky,23000,20261001-43-NbWz,19,rep >=2 before,-3,3
leaky,23000,20261001-43-NbWz,19,rep >=2 before,-2,-3
leaky,23000,20261001-43-NbWz,19,rep >=2 before,-2,-2
leaky,23000,20261001-43-NbWz,19,rep >=2 before,-2,-1
leaky,23000,20261001-43-NbWz,19,rep >=2 before,-2,0
leaky,23000,20261001-43-NbWz,19,rep >=2 before,-2,1
leaky,23000,20261001-43-NbWz,19,rep >=2 before,-2,2
leaky,23000,20261001-43-NbWz,19,rep >=2 before,-2,3
leaky,23000,20261001-43-NbWz,19,rep >=2 before,-1,-3
leaky,23000,20261001-43-NbWz,19,rep >=2 before,-1,-2
leaky,23000,20261001-43-NbWz,19,rep >=2 before,-1,-1
leaky,23000,20261001-43-NbWz,19,rep >=2 before,-1,0
leaky,23000,20261001-43-NbWz,19,rep >=2 before,-1,1
leaky,23000,20261001-43-NbWz,19,rep >=2 before,-1,2
leaky,23000,20261001-43-NbWz,19,rep >=2 before,-1,3
leaky,23000,20261001-43-NbWz,19,rep >=2 before,0,-3
leaky,23000,20261001-43-NbWz,19,rep >=2 before,0,-2
leaky,23000,20261001-43-NbWz,19,rep >=2 before,0,-1
leaky,23000,20261001-43-NbWz,19,rep >=2 before,0,0
leaky,23000,20261001-43-NbWz,19,rep >=2 before,0,1
leaky,23000,20261001-43-NbWz,19,rep >=2 before,0,2
leaky,23000,20261001-43-NbWz,19,rep >=2 before,0,3
leaky,23000,20261001-43-NbWz,19,rep >=2 before,1,-3
leaky,23000,20261001-43-NbWz,19,rep >=2 before,1,-2
leaky,23000,20261001-43-NbWz,19,rep >=2 before,1,-1
leaky,23000,20261001-43-NbWz,19,rep >=2 before,1,0
leaky,23000,20261001-43-NbWz,19,rep >=2 before,1,1
leaky,23000,20261001-43-NbWz,19,rep >=2 before,1,2
leaky,23000,20261001-43-NbWz,19,rep >=2 before,1,3
leaky,23000,20261001-43-NbWz,19,rep >=2 before,2,-3
leaky,23000,20261001-43-NbWz,19,rep >=2 before,2,-2
leaky,23000,20261001-43-NbWz,19,rep >=2 before,2,-1
leaky,23000,20261001-43-NbWz,19,rep >=2 before,2,0
leaky,23000,20261001-43-NbWz,19,rep >=2 before,2,1
leaky,23000,20261001-43-NbWz,19,rep >=2 before,2,2
leaky,23000,20261001-43-NbWz,19,rep >=2 before,2,3
leaky,23000,20261001-43-NbWz,19,rep >=2 before,3,-3
leaky,23000,20261001-43-NbWz,19,rep >=2 before,3,-2
leaky,23000,20261001-43-NbWz,19,rep >=2 before,3,-1
leaky,23000,20261001-43-NbWz,19,rep >=2 before,3,0
leaky,23000,20261001-43-NbWz,19,rep >=2 before,3,1
leaky,23000,20261001-43-NbWz,19,rep >=2 before,3,2
leaky,23000,20261001-43-NbWz,19,rep >=2 before,3,3
leaky,23000,20261001-43-NbWz,20,pos 1 plies ago,-3,-3
leaky,23000,20261001-43-NbWz,20,pos 1 plies ago,-3,-2
leaky,23000,20261001-43-NbWz,20,pos 1 plies ago,-3,-1
leaky,23000,20261001-43-NbWz,20,pos 1 plies ago,-3,0
leaky,23000,20261001-43-NbWz,20,pos 1 plies ago,-3,1
leaky,23000,20261001-43-NbWz,20,pos 1 plies ago,-3,2
leaky,23000,20261001-43-NbWz,20,pos 1 plies ago,-3,3
leaky,23000,20261001-43-NbWz,20,pos 1 plies ago,-2,-3
leaky,23000,20261001-43-NbWz,20,pos 1 plies ago,-2,-2
leaky,23000,20261001-43-NbWz,20,pos 1 plies ago,-2,-1
leaky,23000,20261001-43-NbWz,20,pos 1 plies ago,-2,0
leaky,23000,20261001-43-NbWz,20,pos 1 plies ago,-2,1
leaky,23000,20261001-43-NbWz,20,pos 1 plies ago,-2,2
leaky,23000,20261001-43-NbWz,20,pos 1 plies ago,-2,3
leaky,23000,20261001-43-NbWz,20,pos 1 plies ago,-1,-3
leaky,23000,20261001-43-NbWz,20,pos 1 plies ago,-1,-2
leaky,23000,20261001-43-NbWz,20,pos 1 plies ago,-1,-1
leaky,23000,20261001-43-NbWz,20,pos 1 plies ago,-1,0
leaky,23000,20261001-43-NbWz,20,pos 1 plies ago,-1,1
leaky,23000,20261001-43-NbWz,20,pos 1 plies ago,-1,2
leaky,23000,20261001-43-NbWz,20,pos 1 plies ago,-1,3
leaky,23000,20261001-43-NbWz,20,pos 1 plies ago,0,-3
leaky,23000,20261001-43-NbWz,20,pos 1 plies ago,0,-2
leaky,23000,20261001-43-NbWz,20,pos 1 plies ago,0,-1
leaky,23000,20261001-43-NbWz,20,pos 1 plies ago,0,0
leaky,23000,20261001-43-NbWz,20,pos 1 plies ago,0,1
leaky,23000,20261001-43-NbWz,20,pos 1 plies ago,0,2
leaky,23000,20261001-43-NbWz,20,pos 1 plies ago,0,3
leaky,23000,20261001-43-NbWz,20,pos 1 plies ago,1,-3
leaky,23000,20261001-43-NbWz,20,pos 1 plies ago,1,-2
leaky,23000,20261001-43-NbWz,20,pos 1 plies ago,1,-1
leaky,23000,20261001-43-NbWz,20,pos 1 plies ago,1,0
leaky,23000,20261001-43-NbWz,20,pos 1 plies ago,1,1
leaky,23000,20261001-43-NbWz,20,pos 1 plies ago,1,2
leaky,23000,20261001-43-NbWz,20,pos 1 plies ago,1,3
leaky,23000,20261001-43-NbWz,20,pos 1 plies ago,2,-3
leaky,23000,20261001-43-NbWz,20,pos 1 plies ago,2,-2
leaky,23000,20261001-43-NbWz,20,pos 1 plies ago,2,-1
leaky,23000,20261001-43-NbWz,20,pos 1 plies ago,2,0
leaky,23000,20261001-43-NbWz,20,pos 1 plies ago,2,1
leaky,23000,20261001-43-NbWz,20,pos 1 plies ago,2,2
leaky,23000,20261001-43-NbWz,20,pos 1 plies ago,2,3
leaky,23000,20261001-43-NbWz,20,pos 1 plies ago,3,-3
leaky,23000,20261001-43-NbWz,20,pos 1 plies ago,3,-2
leaky,23000,20261001-43-NbWz,20,pos 1 plies ago,3,-1
leaky,23000,20261001-43-NbWz,20,pos 1 plies ago,3,0
leaky,23000,20261001-43-NbWz,20,pos 1 plies ago,3,1
leaky,23000,20261001-43-NbWz,20,pos 1 plies ago,3,2
leaky,23000,20261001-43-NbWz,20,pos 1 plies ago,3,3
leaky,23000,20261001-43-NbWz,21,pos 2 plies ago,-3,-3
leaky,23000,20261001-43-NbWz,21,pos 2 plies ago,-3,-2
leaky,23000,20261001-43-NbWz,21,pos 2 plies ago,-3,-1
leaky,23000,20261001-43-NbWz,21,pos 2 plies ago,-3,0
leaky,23000,20261001-43-NbWz,21,pos 2 plies ago,-3,1
leaky,23000,20261001-43-NbWz,21,pos 2 plies ago,-3,2
leaky,23000,20261001-43-NbWz,21,pos 2 plies ago,-3,3
leaky,23000,20261001-43-NbWz,21,pos 2 plies ago,-2,-3
leaky,23000,20261001-43-NbWz,21,pos 2 plies ago,-2,-2
leaky,23000,20261001-43-NbWz,21,pos 2 plies ago,-2,-1
leaky,23000,20261001-43-NbWz,21,pos 2 plies ago,-2,0
leaky,23000,20261001-43-NbWz,21,pos 2 plies ago,-2,1
leaky,23000,20261001-43-NbWz,21,pos 2 plies ago,-2,2
leaky,23000,20261001-43-NbWz,21,pos 2 plies ago,-2,3
leaky,23000,20261001-43-NbWz,21,pos 2 plies ago,-1,-3
leaky,23000,20261001-43-NbWz,21,pos 2 plies ago,-1,-2
leaky,23000,20261001-43-NbWz,21,pos 2 plies ago,-1,-1
leaky,23000,20261001-43-NbWz,21,pos 2 plies ago,-1,0
leaky,23000,20261001-43-NbWz,21,pos 2 plies ago,-1,1
leaky,23000,20261001-43-NbWz,21,pos 2 plies ago,-1,2
leaky,23000,20261001-43-NbWz,21,pos 2 plies ago,-1,3
leaky,23000,20261001-43-NbWz,21,pos 2 plies ago,0,-3
leaky,23000,20261001-43-NbWz,21,pos 2 plies ago,0,-2
leaky,23000,20261001-43-NbWz,21,pos 2 plies ago,0,-1
leaky,23000,20261001-43-NbWz,21,pos 2 plies ago,0,0
leaky,23000,20261001-43-NbWz,21,pos 2 plies ago,0,1
leaky,23000,20261001-43-NbWz,21,pos 2 plies ago,0,2
leaky,23000,20261001-43-NbWz,21,pos 2 plies ago,0,3
leaky,23000,20261001-43-NbWz,21,pos 2 plies ago,1,-3
leaky,23000,20261001-43-NbWz,21,pos 2 plies ago,1,-2
leaky,23000,20261001-43-NbWz,21,pos 2 plies ago,1,-1
leaky,23000,20261001-43-NbWz,21,pos 2 plies ago,1,0
leaky,23000,20261001-43-NbWz,21,pos 2 plies ago,1,1
leaky,23000,20261001-43-NbWz,21,pos 2 plies ago,1,2
leaky,23000,20261001-43-NbWz,21,pos 2 plies ago,1,3
leaky,23000,20261001-43-NbWz,21,pos 2 plies ago,2,-3
leaky,23000,20261001-43-NbWz,21,pos 2 plies ago,2,-2
leaky,23000,20261001-43-NbWz,21,pos 2 plies ago,2,-1
leaky,23000,20261001-43-NbWz,21,pos 2 plies ago,2,0
leaky,23000,20261001-43-NbWz,21,pos 2 plies ago,2,1
leaky,23000,20261001-43-NbWz,21,pos 2 plies ago,2,2
leaky,23000,20261001-43-NbWz,21,pos 2 plies ago,2,3
leaky,23000,20261001-43-NbWz,21,pos 2 plies ago,3,-3
leaky,23000,20261001-43-NbWz,21,pos 2 plies ago,3,-2
leaky,23000,20261001-43-NbWz,21,pos 2 plies ago,3,-1
leaky,23000,20261001-43-NbWz,21,pos 2 plies ago,3,0
leaky,23000,20261001-43-NbWz,21,pos 2 plies ago,3,1
leaky,23000,20261001-43-NbWz,21,pos 2 plies ago,3,2
leaky,23000,20261001-43-NbWz,21,pos 2 plies ago,3,3
leaky,23000,20261001-43-NbWz,22,pos 3 plies ago,-3,-3
leaky,23000,20261001-43-NbWz,22,pos 3 plies ago,-3,-2
leaky,23000,20261001-43-NbWz,22,pos 3 plies ago,-3,-1
leaky,23000,20261001-43-NbWz,22,pos 3 plies ago,-3,0
leaky,23000,20261001-43-NbWz,22,pos 3 plies ago,-3,1
leaky,23000,20261001-43-NbWz,22,pos 3 plies ago,-3,2
leaky,23000,20261001-43-NbWz,22,pos 3 plies ago,-3,3
leaky,23000,20261001-43-NbWz,22,pos 3 plies ago,-2,-3
leaky,23000,20261001-43-NbWz,22,pos 3 plies ago,-2,-2
leaky,23000,20261001-43-NbWz,22,pos 3 plies ago,-2,-1
leaky,23000,20261001-43-NbWz,22,pos 3 plies ago,-2,0
leaky,23000,20261001-43-NbWz,22,pos 3 plies ago,-2,1
leaky,23000,20261001-43-NbWz,22,pos 3 plies ago,-2,2
leaky,23000,20261001-43-NbWz,22,pos 3 plies ago,-2,3
leaky,23000,20261001-43-NbWz,22,pos 3 plies ago,-1,-3
leaky,23000,20261001-43-NbWz,22,pos 3 plies ago,-1,-2
leaky,23000,20261001-43-NbWz,22,pos 3 plies ago,-1,-1
leaky,23000,20261001-43-NbWz,22,pos 3 plies ago,-1,0
leaky,23000,20261001-43-NbWz,22,pos 3 plies ago,-1,1
leaky,23000,20261001-43-NbWz,22,pos 3 plies ago,-1,2
leaky,23000,20261001-43-NbWz,22,pos 3 plies ago,-1,3
leaky,23000,20261001-43-NbWz,22,pos 3 plies ago,0,-3
leaky,23000,20261001-43-NbWz,22,pos 3 plies ago,0,-2
leaky,23000,20261001-43-NbWz,22,pos 3 plies ago,0,-1
leaky,23000,20261001-43-NbWz,22,pos 3 plies ago,0,0
leaky,23000,20261001-43-NbWz,22,pos 3 plies ago,0,1
leaky,23000,20261001-43-NbWz,22,pos 3 plies ago,0,2
leaky,23000,20261001-43-NbWz,22,pos 3 plies ago,0,3
leaky,23000,20261001-43-NbWz,22,pos 3 plies ago,1,-3
leaky,23000,20261001-43-NbWz,22,pos 3 plies ago,1,-2
leaky,23000,20261001-43-NbWz,22,pos 3 plies ago,1,-1
leaky,23000,20261001-43-NbWz,22,pos 3 plies ago,1,0
leaky,23000,20261001-43-NbWz,22,pos 3 plies ago,1,1
leaky,23000,20261001-43-NbWz,22,pos 3 plies ago,1,2
leaky,23000,20261001-43-NbWz,22,pos 3 plies ago,1,3
leaky,23000,20261001-43-NbWz,22,pos 3 plies ago,2,-3
leaky,23000,20261001-43-NbWz,22,pos 3 plies ago,2,-2
leaky,23000,20261001-43-NbWz,22,pos 3 plies ago,2,-1
leaky,23000,20261001-43-NbWz,22,pos 3 plies ago,2,0
leaky,23000,20261001-43-NbWz,22,pos 3 plies ago,2,1
leaky,23000,20261001-43-NbWz,22,pos 3 plies ago,2,2
leaky,23000,20261001-43-NbWz,22,pos 3 plies ago,2,3
leaky,23000,20261001-43-NbWz,22,pos 3 plies ago,3,-3
leaky,23000,20261001-43-NbWz,22,pos 3 plies ago,3,-2
leaky,23000,20261001-43-NbWz,22,pos 3 plies ago,3,-1
leaky,23000,20261001-43-NbWz,22,pos 3 plies ago,3,0
leaky,23000,20261001-43-NbWz,22,pos 3 plies ago,3,1
leaky,23000,20261001-43-NbWz,22,pos 3 plies ago,3,2
leaky,23000,20261001-43-NbWz,22,pos 3 plies ago,3,3
leaky,23000,20261001-43-NbWz,24,pos 5 plies ago,-3,-3
leaky,23000,20261001-43-NbWz,24,pos 5 plies ago,-3,-2
leaky,23000,20261001-43-NbWz,24,pos 5 plies ago,-3,-1
leaky,23000,20261001-43-NbWz,24,pos 5 plies ago,-3,0
leaky,23000,20261001-43-NbWz,24,pos 5 plies ago,-3,1
leaky,23000,20261001-43-NbWz,24,pos 5 plies ago,-3,2
leaky,23000,20261001-43-NbWz,24,pos 5 plies ago,-3,3
leaky,23000,20261001-43-NbWz,24,pos 5 plies ago,-2,-3
leaky,23000,20261001-43-NbWz,24,pos 5 plies ago,-2,-2
leaky,23000,20261001-43-NbWz,24,pos 5 plies ago,-2,-1
leaky,23000,20261001-43-NbWz,24,pos 5 plies ago,-2,0
leaky,23000,20261001-43-NbWz,24,pos 5 plies ago,-2,1
leaky,23000,20261001-43-NbWz,24,pos 5 plies ago,-2,2
leaky,23000,20261001-43-NbWz,24,pos 5 plies ago,-2,3
leaky,23000,20261001-43-NbWz,24,pos 5 plies ago,-1,-3
leaky,23000,20261001-43-NbWz,24,pos 5 plies ago,-1,-2
leaky,23000,20261001-43-NbWz,24,pos 5 plies ago,-1,-1
leaky,23000,20261001-43-NbWz,24,pos 5 plies ago,-1,0
leaky,23000,20261001-43-NbWz,24,pos 5 plies ago,-1,1
leaky,23000,20261001-43-NbWz,24,pos 5 plies ago,-1,2
leaky,23000,20261001-43-NbWz,24,pos 5 plies ago,-1,3
leaky,23000,20261001-43-NbWz,24,pos 5 plies ago,0,-3
leaky,23000,20261001-43-NbWz,24,pos 5 plies ago,0,-2
leaky,23000,20261001-43-NbWz,24,pos 5 plies ago,0,-1
leaky,23000,20261001-43-NbWz,24,pos 5 plies ago,0,0
leaky,23000,20261001-43-NbWz,24,pos 5 plies ago,0,1
leaky,23000,20261001-43-NbWz,24,pos 5 plies ago,0,2
leaky,23000,20261001-43-NbWz,24,pos 5 plies ago,0,3
leaky,23000,20261001-43-NbWz,24,pos 5 plies ago,1,-3
leaky,23000,20261001-43-NbWz,24,pos 5 plies ago,1,-2
leaky,23000,20261001-43-NbWz,24,pos 5 plies ago,1,-1
leaky,23000,20261001-43-NbWz,24,pos 5 plies ago,1,0
leaky,23000,20261001-43-NbWz,24,pos 5 plies ago,1,1
leaky,23000,20261001-43-NbWz,24,pos 5 plies ago,1,2
leaky,23000,20261001-43-NbWz,24,pos 5 plies ago,1,3
leaky,23000,20261001-43-NbWz,24,pos 5 plies ago,2,-3
leaky,23000,20261001-43-NbWz,24,pos 5 plies ago,2,-2
leaky,23000,20261001-43-NbWz,24,pos 5 plies ago,2,-1
leaky,23000,20261001-43-NbWz,24,pos 5 plies ago,2,0
leaky,23000,20261001-43-NbWz,24,pos 5 plies ago,2,1
leaky,23000,20261001-43-NbWz,24,pos 5 plies ago,2,2
leaky,23000,20261001-43-NbWz,24,pos 5 plies ago,2,3
leaky,23000,20261001-43-NbWz,24,pos 5 plies ago,3,-3
leaky,23000,20261001-43-NbWz,24,pos 5 plies ago,3,-2
leaky,23000,20261001-43-NbWz,24,pos 5 plies ago,3,-1
leaky,23000,20261001-43-NbWz,24,pos 5 plies ago,3,0
leaky,23000,20261001-43-NbWz,24,pos 5 plies ago,3,1
leaky,23000,20261001-43-NbWz,24,pos 5 plies ago,3,2
leaky,23000,20261001-43-NbWz,24,pos 5 plies ago,3,3
leaky,23000,20261001-43-NbWz,26,pos 7 plies ago,-3,-3
leaky,23000,20261001-43-NbWz,26,pos 7 plies ago,-3,-2
leaky,23000,20261001-43-NbWz,26,pos 7 plies ago,-3,-1
leaky,23000,20261001-43-NbWz,26,pos 7 plies ago,-3,0
leaky,23000,20261001-43-NbWz,26,pos 7 plies ago,-3,1
leaky,23000,20261001-43-NbWz,26,pos 7 plies ago,-3,2
leaky,23000,20261001-43-NbWz,26,pos 7 plies ago,-3,3
leaky,23000,20261001-43-NbWz,26,pos 7 plies ago,-2,-3
leaky,23000,20261001-43-NbWz,26,pos 7 plies ago,-2,-2
leaky,23000,20261001-43-NbWz,26,pos 7 plies ago,-2,-1
leaky,23000,20261001-43-NbWz,26,pos 7 plies ago,-2,0
leaky,23000,20261001-43-NbWz,26,pos 7 plies ago,-2,1
leaky,23000,20261001-43-NbWz,26,pos 7 plies ago,-2,2
leaky,23000,20261001-43-NbWz,26,pos 7 plies ago,-2,3
leaky,23000,20261001-43-NbWz,26,pos 7 plies ago,-1,-3
leaky,23000,20261001-43-NbWz,26,pos 7 plies ago,-1,-2
leaky,23000,20261001-43-NbWz,26,pos 7 plies ago,-1,-1
leaky,23000,20261001-43-NbWz,26,pos 7 plies ago,-1,0
leaky,23000,20261001-43-NbWz,26,pos 7 plies ago,-1,1
leaky,23000,20261001-43-NbWz,26,pos 7 plies ago,-1,2
leaky,23000,20261001-43-NbWz,26,pos 7 plies ago,-1,3
leaky,23000,20261001-43-NbWz,26,pos 7 plies ago,0,-3
leaky,23000,20261001-43-NbWz,26,pos 7 plies ago,0,-2
leaky,23000,20261001-43-NbWz,26,pos 7 plies ago,0,-1
leaky,23000,20261001-43-NbWz,26,pos 7 plies ago,0,0
leaky,23000,20261001-43-NbWz,26,pos 7 plies ago,0,1
leaky,23000,20261001-43-NbWz,26,pos 7 plies ago,0,2
leaky,23000,20261001-43-NbWz,26,pos 7 plies ago,0,3
leaky,23000,20261001-43-NbWz,26,pos 7 plies ago,1,-3
leaky,23000,20261001-43-NbWz,26,pos 7 plies ago,1,-2
leaky,23000,20261001-43-NbWz,26,pos 7 plies ago,1,-1
leaky,23000,20261001-43-NbWz,26,pos 7 plies ago,1,0
leaky,23000,20261001-43-NbWz,26,pos 7 plies ago,1,1
leaky,23000,20261001-43-NbWz,26,pos 7 plies ago,1,2
leaky,23000,20261001-43-NbWz,26,pos 7 plies ago,1,3
leaky,23000,20261001-43-NbWz,26,pos 7 plies ago,2,-3
leaky,23000,20261001-43-NbWz,26,pos 7 plies ago,2,-2
leaky,23000,20261001-43-NbWz,26,pos 7 plies ago,2,-1
leaky,23000,20261001-43-NbWz,26,pos 7 plies ago,2,0
leaky,23000,20261001-43-NbWz,26,pos 7 plies ago,2,1
leaky,23000,20261001-43-NbWz,26,pos 7 plies ago,2,2
leaky,23000,20261001-43-NbWz,26,pos 7 plies ago,2,3
leaky,23000,20261001-43-NbWz,26,pos 7 plies ago,3,-3
leaky,23000,20261001-43-NbWz,26,pos 7 plies ago,3,-2
leaky,23000,20261001-43-NbWz,26,pos 7 plies ago,3,-1
leaky,23000,20261001-43-NbWz,26,pos 7 plies ago,3,0
leaky,23000,20261001-43-NbWz,26,pos 7 plies ago,3,1
leaky,23000,20261001-43-NbWz,26,pos 7 plies ago,3,2
leaky,23000,20261001-43-NbWz,26,pos 7 plies ago,3,3
leaky,23000,20261001-43-NbWz,28,pos 9 plies ago,-3,-3
leaky,23000,20261001-43-NbWz,28,pos 9 plies ago,-3,-2
leaky,23000,20261001-43-NbWz,28,pos 9 plies ago,-3,-1
leaky,23000,20261001-43-NbWz,28,pos 9 plies ago,-3,0
leaky,23000,20261001-43-NbWz,28,pos 9 plies ago,-3,1
leaky,23000,20261001-43-NbWz,28,pos 9 plies ago,-3,2
leaky,23000,20261001-43-NbWz,28,pos 9 plies ago,-3,3
leaky,23000,20261001-43-NbWz,28,pos 9 plies ago,-2,-3
leaky,23000,20261001-43-NbWz,28,pos 9 plies ago,-2,-2
leaky,23000,20261001-43-NbWz,28,pos 9 plies ago,-2,-1
leaky,23000,20261001-43-NbWz,28,pos 9 plies ago,-2,0
leaky,23000,20261001-43-NbWz,28,pos 9 plies ago,-2,1
leaky,23000,20261001-43-NbWz,28,pos 9 plies ago,-2,2
leaky,23000,20261001-43-NbWz,28,pos 9 plies ago,-2,3
leaky,23000,20261001-43-NbWz,28,pos 9 plies ago,-1,-3
leaky,23000,20261001-43-NbWz,28,pos 9 plies ago,-1,-2
leaky,23000,20261001-43-NbWz,28,pos 9 plies ago,-1,-1
leaky,23000,20261001-43-NbWz,28,pos 9 plies ago,-1,0
leaky,23000,20261001-43-NbWz,28,pos 9 plies ago,-1,1
leaky,23000,20261001-43-NbWz,28,pos 9 plies ago,-1,2
leaky,23000,20261001-43-NbWz,28,pos 9 plies ago,-1,3
leaky,23000,20261001-43-NbWz,28,pos 9 plies ago,0,-3
leaky,23000,20261001-43-NbWz,28,pos 9 plies ago,0,-2
leaky,23000,20261001-43-NbWz,28,pos 9 plies ago,0,-1
leaky,23000,20261001-43-NbWz,28,pos 9 plies ago,0,0
leaky,23000,20261001-43-NbWz,28,pos 9 plies ago,0,1
leaky,23000,20261001-43-NbWz,28,pos 9 plies ago,0,2
leaky,23000,20261001-43-NbWz,28,pos 9 plies ago,0,3
leaky,23000,20261001-43-NbWz,28,pos 9 plies ago,1,-3
leaky,23000,20261001-43-NbWz,28,pos 9 plies ago,1,-2
leaky,23000,20261001-43-NbWz,28,pos 9 plies ago,1,-1
leaky,23000,20261001-43-NbWz,28,pos 9 plies ago,1,0
leaky,23000,20261001-43-NbWz,28,pos 9 plies ago,1,1
leaky,23000,20261001-43-NbWz,28,pos 9 plies ago,1,2
leaky,23000,20261001-43-NbWz,28,pos 9 plies ago,1,3
leaky,23000,20261001-43-NbWz,28,pos 9 plies ago,2,-3
leaky,23000,20261001-43-NbWz,28,pos 9 plies ago,2,-2
leaky,23000,20261001-43-NbWz,28,pos 9 plies ago,2,-1
leaky,23000,20261001-43-NbWz,28,pos 9 plies ago,2,0
leaky,23000,20261001-43-NbWz,28,pos 9 plies ago,2,1
leaky,23000,20261001-43-NbWz,28,pos 9 plies ago,2,2
leaky,23000,20261001-43-NbWz,28,pos 9 plies ago,2,3
leaky,23000,20261001-43-NbWz,28,pos 9 plies ago,3,-3
leaky,23000,20261001-43-NbWz,28,pos 9 plies ago,3,-2
leaky,23000,20261001-43-NbWz,28,pos 9 plies ago,3,-1
leaky,23000,20261001-43-NbWz,28,pos 9 plies ago,3,0
leaky,23000,20261001-43-NbWz,28,pos 9 plies ago,3,1
leaky,23000,20261001-43-NbWz,28,pos 9 plies ago,3,2
leaky,23000,20261001-43-NbWz,28,pos 9 plies ago,3,3
relu_s2,1000,20260930-4-k98x,16,en passant,3,-3
relu_s2,1000,20260930-4-k98x,16,en passant,3,-2
relu_s2,1000,20260930-4-k98x,16,en passant,3,-1
relu_s2,1000,20260930-4-k98x,16,en passant,3,0
relu_s2,1000,20260930-4-k98x,16,en passant,3,1
relu_s2,1000,20260930-4-k98x,16,en passant,3,2
relu_s2,1000,20260930-4-k98x,16,en passant,3,3
relu_s2,1000,20260930-4-k98x,19,rep >=2 before,-3,-3
relu_s2,1000,20260930-4-k98x,19,rep >=2 before,-3,-2
relu_s2,1000,20260930-4-k98x,19,rep >=2 before,-3,-1
relu_s2,1000,20260930-4-k98x,19,rep >=2 before,-3,0
relu_s2,1000,20260930-4-k98x,19,rep >=2 before,-3,1
relu_s2,1000,20260930-4-k98x,19,rep >=2 before,-3,2
relu_s2,1000,20260930-4-k98x,19,rep >=2 before,-3,3
relu_s2,1000,20260930-4-k98x,19,rep >=2 before,-2,-3
relu_s2,1000,20260930-4-k98x,19,rep >=2 before,-2,-2
relu_s2,1000,20260930-4-k98x,19,rep >=2 before,-2,-1
relu_s2,1000,20260930-4-k98x,19,rep >=2 before,-2,0
relu_s2,1000,20260930-4-k98x,19,rep >=2 before,-2,1
relu_s2,1000,20260930-4-k98x,19,rep >=2 before,-2,2
relu_s2,1000,20260930-4-k98x,19,rep >=2 before,-2,3
relu_s2,1000,20260930-4-k98x,19,rep >=2 before,-1,-3
relu_s2,1000,20260930-4-k98x,19,rep >=2 before,-1,-2
relu_s2,1000,20260930-4-k98x,19,rep >=2 before,-1,-1
relu_s2,1000,20260930-4-k98x,19,rep >=2 before,-1,0
relu_s2,1000,20260930-4-k98x,19,rep >=2 before,-1,1
relu_s2,1000,20260930-4-k98x,19,rep >=2 before,-1,2
relu_s2,1000,20260930-4-k98x,19,rep >=2 before,-1,3
relu_s2,1000,20260930-4-k98x,19,rep >=2 before,0,-3
relu_s2,1000,20260930-4-k98x,19,rep >=2 before,0,-2
relu_s2,1000,20260930-4-k98x,19,rep >=2 before,0,-1
relu_s2,1000,20260930-4-k98x,19,rep >=2 before,0,0
relu_s2,1000,20260930-4-k98x,19,rep >=2 before,0,1
relu_s2,1000,20260930-4-k98x,19,rep >=2 before,0,2
relu_s2,1000,20260930-4-k98x,19,rep >=2 before,0,3
relu_s2,1000,20260930-4-k98x,19,rep >=2 before,1,-3
relu_s2,1000,20260930-4-k98x,19,rep >=2 before,1,-2
relu_s2,1000,20260930-4-k98x,19,rep >=2 before,1,-1
relu_s2,1000,20260930-4-k98x,19,rep >=2 before,1,0
relu_s2,1000,20260930-4-k98x,19,rep >=2 before,1,1
relu_s2,1000,20260930-4-k98x,19,rep >=2 before,1,2
relu_s2,1000,20260930-4-k98x,19,rep >=2 before,1,3
relu_s2,1000,20260930-4-k98x,19,rep >=2 before,2,-3
relu_s2,1000,20260930-4-k98x,19,rep >=2 before,2,-2
relu_s2,1000,20260930-4-k98x,19,rep >=2 before,2,-1
relu_s2,1000,20260930-4-k98x,19,rep >=2 before,2,0
relu_s2,1000,20260930-4-k98x,19,rep >=2 before,2,1
relu_s2,1000,20260930-4-k98x,19,rep >=2 before,2,2
relu_s2,1000,20260930-4-k98x,19,rep >=2 before,2,3
relu_s2,1000,20260930-4-k98x,19,rep >=2 before,3,-3
relu_s2,1000,20260930-4-k98x,19,rep >=2 before,3,-2
relu_s2,1000,20260930-4-k98x,19,rep >=2 before,3,-1
relu_s2,1000,20260930-4-k98x,19,rep >=2 before,3,0
relu_s2,1000,20260930-4-k98x,19,rep >=2 before,3,1
relu_s2,1000,20260930-4-k98x,19,rep >=2 before,3,2
relu_s2,1000,20260930-4-k98x,19,rep >=2 before,3,3
relu_s2,1000,20260930-4-k98x,20,pos 1 plies ago,-3,-3
relu_s2,1000,20260930-4-k98x,20,pos 1 plies ago,-3,-2
relu_s2,1000,20260930-4-k98x,20,pos 1 plies ago,-3,-1
relu_s2,1000,20260930-4-k98x,20,pos 1 plies ago,-3,0
relu_s2,1000,20260930-4-k98x,20,pos 1 plies ago,-3,1
relu_s2,1000,20260930-4-k98x,20,pos 1 plies ago,-3,2
relu_s2,1000,20260930-4-k98x,20,pos 1 plies ago,-3,3
relu_s2,1000,20260930-4-k98x,20,pos 1 plies ago,-2,-3
relu_s2,1000,20260930-4-k98x,20,pos 1 plies ago,-2,-2
relu_s2,1000,20260930-4-k98x,20,pos 1 plies ago,-2,-1
relu_s2,1000,20260930-4-k98x,20,pos 1 plies ago,-2,0
relu_s2,1000,20260930-4-k98x,20,pos 1 plies ago,-2,1
relu_s2,1000,20260930-4-k98x,20,pos 1 plies ago,-2,2
relu_s2,1000,20260930-4-k98x,20,pos 1 plies ago,-2,3
relu_s2,1000,20260930-4-k98x,20,pos 1 plies ago,-1,-3
relu_s2,1000,20260930-4-k98x,20,pos 1 plies ago,-1,-2
relu_s2,1000,20260930-4-k98x,20,pos 1 plies ago,-1,-1
relu_s2,1000,20260930-4-k98x,20,pos 1 plies ago,-1,0
relu_s2,1000,20260930-4-k98x,20,pos 1 plies ago,-1,1
relu_s2,1000,20260930-4-k98x,20,pos 1 plies ago,-1,2
relu_s2,1000,20260930-4-k98x,20,pos 1 plies ago,-1,3
relu_s2,1000,20260930-4-k98x,20,pos 1 plies ago,0,-3
relu_s2,1000,20260930-4-k98x,20,pos 1 plies ago,0,-2
relu_s2,1000,20260930-4-k98x,20,pos 1 plies ago,0,-1
relu_s2,1000,20260930-4-k98x,20,pos 1 plies ago,0,0
relu_s2,1000,20260930-4-k98x,20,pos 1 plies ago,0,1
relu_s2,1000,20260930-4-k98x,20,pos 1 plies ago,0,2
relu_s2,1000,20260930-4-k98x,20,pos 1 plies ago,0,3
relu_s2,1000,20260930-4-k98x,20,pos 1 plies ago,1,-3
relu_s2,1000,20260930-4-k98x,20,pos 1 plies ago,1,-2
relu_s2,1000,20260930-4-k98x,20,pos 1 plies ago,1,-1
relu_s2,1000,20260930-4-k98x,20,pos 1 plies ago,1,0
relu_s2,1000,20260930-4-k98x,20,pos 1 plies ago,1,1
relu_s2,1000,20260930-4-k98x,20,pos 1 plies ago,1,2
relu_s2,1000,20260930-4-k98x,20,pos 1 plies ago,1,3
relu_s2,1000,20260930-4-k98x,20,pos 1 plies ago,2,-3
relu_s2,1000,20260930-4-k98x,20,pos 1 plies ago,2,-2
relu_s2,1000,20260930-4-k98x,20,pos 1 plies ago,2,-1
relu_s2,1000,20260930-4-k98x,20,pos 1 plies ago,2,0
relu_s2,1000,20260930-4-k98x,20,pos 1 plies ago,2,1
relu_s2,1000,20260930-4-k98x,20,pos 1 plies ago,2,2
relu_s2,1000,20260930-4-k98x,20,pos 1 plies ago,2,3
relu_s2,1000,20260930-4-k98x,20,pos 1 plies ago,3,-3
relu_s2,1000,20260930-4-k98x,20,pos 1 plies ago,3,-2
relu_s2,1000,20260930-4-k98x,20,pos 1 plies ago,3,-1
relu_s2,1000,20260930-4-k98x,20,pos 1 plies ago,3,0
relu_s2,1000,20260930-4-k98x,20,pos 1 plies ago,3,1
relu_s2,1000,20260930-4-k98x,20,pos 1 plies ago,3,2
relu_s2,1000,20260930-4-k98x,20,pos 1 plies ago,3,3
relu_s2,1000,20260930-4-k98x,21,pos 2 plies ago,-3,-3
relu_s2,1000,20260930-4-k98x,21,pos 2 plies ago,-3,-2
relu_s2,1000,20260930-4-k98x,21,pos 2 plies ago,-3,-1
relu_s2,1000,20260930-4-k98x,21,pos 2 plies ago,-3,0
relu_s2,1000,20260930-4-k98x,21,pos 2 plies ago,-3,1
relu_s2,1000,20260930-4-k98x,21,pos 2 plies ago,-3,2
relu_s2,1000,20260930-4-k98x,21,pos 2 plies ago,-3,3
relu_s2,1000,20260930-4-k98x,21,pos 2 plies ago,-2,-3
relu_s2,1000,20260930-4-k98x,21,pos 2 plies ago,-2,-2
relu_s2,1000,20260930-4-k98x,21,pos 2 plies ago,-2,-1
relu_s2,1000,20260930-4-k98x,21,pos 2 plies ago,-2,0
relu_s2,1000,20260930-4-k98x,21,pos 2 plies ago,-2,1
relu_s2,1000,20260930-4-k98x,21,pos 2 plies ago,-2,2
relu_s2,1000,20260930-4-k98x,21,pos 2 plies ago,-2,3
relu_s2,1000,20260930-4-k98x,21,pos 2 plies ago,-1,-3
relu_s2,1000,20260930-4-k98x,21,pos 2 plies ago,-1,-2
relu_s2,1000,20260930-4-k98x,21,pos 2 plies ago,-1,-1
relu_s2,1000,20260930-4-k98x,21,pos 2 plies ago,-1,0
relu_s2,1000,20260930-4-k98x,21,pos 2 plies ago,-1,1
relu_s2,1000,20260930-4-k98x,21,pos 2 plies ago,-1,2
relu_s2,1000,20260930-4-k98x,21,pos 2 plies ago,-1,3
relu_s2,1000,20260930-4-k98x,21,pos 2 plies ago,0,-3
relu_s2,1000,20260930-4-k98x,21,pos 2 plies ago,0,-2
relu_s2,1000,20260930-4-k98x,21,pos 2 plies ago,0,-1
relu_s2,1000,20260930-4-k98x,21,pos 2 plies ago,0,0
relu_s2,1000,20260930-4-k98x,21,pos 2 plies ago,0,1
relu_s2,1000,20260930-4-k98x,21,pos 2 plies ago,0,2
relu_s2,1000,20260930-4-k98x,21,pos 2 plies ago,0,3
relu_s2,1000,20260930-4-k98x,21,pos 2 plies ago,1,-3
relu_s2,1000,20260930-4-k98x,21,pos 2 plies ago,1,-2
relu_s2,1000,20260930-4-k98x,21,pos 2 plies ago,1,-1
relu_s2,1000,20260930-4-k98x,21,pos 2 plies ago,1,0
relu_s2,1000,20260930-4-k98x,21,pos 2 plies ago,1,1
relu_s2,1000,20260930-4-k98x,21,pos 2 plies ago,1,2
relu_s2,1000,20260930-4-k98x,21,pos 2 plies ago,1,3
relu_s2,1000,20260930-4-k98x,21,pos 2 plies ago,2,-3
relu_s2,1000,20260930-4-k98x,21,pos 2 plies ago,2,-2
relu_s2,1000,20260930-4-k98x,21,pos 2 plies ago,2,-1
relu_s2,1000,20260930-4-k98x,21,pos 2 plies ago,2,0
relu_s2,1000,20260930-4-k98x,21,pos 2 plies ago,2,1
relu_s2,1000,20260930-4-k98x,21,pos 2 plies ago,2,2
relu_s2,1000,20260930-4-k98x,21,pos 2 plies ago,2,3
relu_s2,1000,20260930-4-k98x,21,pos 2 plies ago,3,-3
relu_s2,1000,20260930-4-k98x,21,pos 2 plies ago,3,-2
relu_s2,1000,20260930-4-k98x,21,pos 2 plies ago,3,-1
relu_s2,1000,20260930-4-k98x,21,pos 2 plies ago,3,0
relu_s2,1000,20260930-4-k98x,21,pos 2 plies ago,3,1
relu_s2,1000,20260930-4-k98x,21,pos 2 plies ago,3,2
relu_s2,1000,20260930-4-k98x,21,pos 2 plies ago,3,3
relu_s2,1000,20260930-4-k98x,22,pos 3 plies ago,-3,-3
relu_s2,1000,20260930-4-k98x,22,pos 3 plies ago,-3,-2
relu_s2,1000,20260930-4-k98x,22,pos 3 plies ago,-3,-1
relu_s2,1000,20260930-4-k98x,22,pos 3 plies ago,-3,0
relu_s2,1000,20260930-4-k98x,22,pos 3 plies ago,-3,1
relu_s2,1000,20260930-4-k98x,22,pos 3 plies ago,-3,2
relu_s2,1000,20260930-4-k98x,22,pos 3 plies ago,-3,3
relu_s2,1000,20260930-4-k98x,22,pos 3 plies ago,-2,-3
relu_s2,1000,20260930-4-k98x,22,pos 3 plies ago,-2,-2
relu_s2,1000,20260930-4-k98x,22,pos 3 plies ago,-2,-1
relu_s2,1000,20260930-4-k98x,22,pos 3 plies ago,-2,0
relu_s2,1000,20260930-4-k98x,22,pos 3 plies ago,-2,1
relu_s2,1000,20260930-4-k98x,22,pos 3 plies ago,-2,2
relu_s2,1000,20260930-4-k98x,22,pos 3 plies ago,-2,3
relu_s2,1000,20260930-4-k98x,22,pos 3 plies ago,-1,-3
relu_s2,1000,20260930-4-k98x,22,pos 3 plies ago,-1,-2
relu_s2,1000,20260930-4-k98x,22,pos 3 plies ago,-1,-1
relu_s2,1000,20260930-4-k98x,22,pos 3 plies ago,-1,0
relu_s2,1000,20260930-4-k98x,22,pos 3 plies ago,-1,1
relu_s2,1000,20260930-4-k98x,22,pos 3 plies ago,-1,2
relu_s2,1000,20260930-4-k98x,22,pos 3 plies ago,-1,3
relu_s2,1000,20260930-4-k98x,22,pos 3 plies ago,0,-3
relu_s2,1000,20260930-4-k98x,22,pos 3 plies ago,0,-2
relu_s2,1000,20260930-4-k98x,22,pos 3 plies ago,0,-1
relu_s2,1000,20260930-4-k98x,22,pos 3 plies ago,0,0
relu_s2,1000,20260930-4-k98x,22,pos 3 plies ago,0,1
relu_s2,1000,20260930-4-k98x,22,pos 3 plies ago,0,2
relu_s2,1000,20260930-4-k98x,22,pos 3 plies ago,0,3
relu_s2,1000,20260930-4-k98x,22,pos 3 plies ago,1,-3
relu_s2,1000,20260930-4-k98x,22,pos 3 plies ago,1,-2
relu_s2,1000,20260930-4-k98x,22,pos 3 plies ago,1,-1
relu_s2,1000,20260930-4-k98x,22,pos 3 plies ago,1,0
relu_s2,1000,20260930-4-k98x,22,pos 3 plies ago,1,1
relu_s2,1000,20260930-4-k98x,22,pos 3 plies ago,1,2
relu_s2,1000,20260930-4-k98x,22,pos 3 plies ago,1,3
relu_s2,1000,20260930-4-k98x,22,pos 3 plies ago,2,-3
relu_s2,1000,20260930-4-k98x,22,pos 3 plies ago,2,-2
relu_s2,1000,20260930-4-k98x,22,pos 3 plies ago,2,-1
relu_s2,1000,20260930-4-k98x,22,pos 3 plies ago,2,0
relu_s2,1000,20260930-4-k98x,22,pos 3 plies ago,2,1
relu_s2,1000,20260930-4-k98x,22,pos 3 plies ago,2,2
relu_s2,1000,20260930-4-k98x,22,pos 3 plies ago,2,3
relu_s2,1000,20260930-4-k98x,22,pos 3 plies ago,3,-3
relu_s2,1000,20260930-4-k98x,22,pos 3 plies ago,3,-2
relu_s2,1000,20260930-4-k98x,22,pos 3 plies ago,3,-1
relu_s2,1000,20260930-4-k98x,22,pos 3 plies ago,3,0
relu_s2,1000,20260930-4-k98x,22,pos 3 plies ago,3,1
relu_s2,1000,20260930-4-k98x,22,pos 3 plies ago,3,2
relu_s2,1000,20260930-4-k98x,22,pos 3 plies ago,3,3
relu_s2,1000,20260930-4-k98x,24,pos 5 plies ago,-3,-3
relu_s2,1000,20260930-4-k98x,24,pos 5 plies ago,-3,-2
relu_s2,1000,20260930-4-k98x,24,pos 5 plies ago,-3,-1
relu_s2,1000,20260930-4-k98x,24,pos 5 plies ago,-3,0
relu_s2,1000,20260930-4-k98x,24,pos 5 plies ago,-3,1
relu_s2,1000,20260930-4-k98x,24,pos 5 plies ago,-3,2
relu_s2,1000,20260930-4-k98x,24,pos 5 plies ago,-3,3
relu_s2,1000,20260930-4-k98x,24,pos 5 plies ago,-2,-3
relu_s2,1000,20260930-4-k98x,24,pos 5 plies ago,-2,-2
relu_s2,1000,20260930-4-k98x,24,pos 5 plies ago,-2,-1
relu_s2,1000,20260930-4-k98x,24,pos 5 plies ago,-2,0
relu_s2,1000,20260930-4-k98x,24,pos 5 plies ago,-2,1
relu_s2,1000,20260930-4-k98x,24,pos 5 plies ago,-2,2
relu_s2,1000,20260930-4-k98x,24,pos 5 plies ago,-2,3
relu_s2,1000,20260930-4-k98x,24,pos 5 plies ago,-1,-3
relu_s2,1000,20260930-4-k98x,24,pos 5 plies ago,-1,-2
relu_s2,1000,20260930-4-k98x,24,pos 5 plies ago,-1,-1
relu_s2,1000,20260930-4-k98x,24,pos 5 plies ago,-1,0
relu_s2,1000,20260930-4-k98x,24,pos 5 plies ago,-1,1
relu_s2,1000,20260930-4-k98x,24,pos 5 plies ago,-1,2
relu_s2,1000,20260930-4-k98x,24,pos 5 plies ago,-1,3
relu_s2,1000,20260930-4-k98x,24,pos 5 plies ago,0,-3
relu_s2,1000,20260930-4-k98x,24,pos 5 plies ago,0,-2
relu_s2,1000,20260930-4-k98x,24,pos 5 plies ago,0,-1
relu_s2,1000,20260930-4-k98x,24,pos 5 plies ago,0,0
relu_s2,1000,20260930-4-k98x,24,pos 5 plies ago,0,1
relu_s2,1000,20260930-4-k98x,24,pos 5 plies ago,0,2
relu_s2,1000,20260930-4-k98x,24,pos 5 plies ago,0,3
relu_s2,1000,20260930-4-k98x,24,pos 5 plies ago,1,-3
relu_s2,1000,20260930-4-k98x,24,pos 5 plies ago,1,-2
relu_s2,1000,20260930-4-k98x,24,pos 5 plies ago,1,-1
relu_s2,1000,20260930-4-k98x,24,pos 5 plies ago,1,0
relu_s2,1000,20260930-4-k98x,24,pos 5 plies ago,1,1
relu_s2,1000,20260930-4-k98x,24,pos 5 plies ago,1,2
relu_s2,1000,20260930-4-k98x,24,pos 5 plies ago,1,3
relu_s2,1000,20260930-4-k98x,24,pos 5 plies ago,2,-3
relu_s2,1000,20260930-4-k98x,24,pos 5 plies ago,2,-2
relu_s2,1000,20260930-4-k98x,24,pos 5 plies ago,2,-1
relu_s2,1000,20260930-4-k98x,24,pos 5 plies ago,2,0
relu_s2,1000,20260930-4-k98x,24,pos 5 plies ago,2,1
relu_s2,1000,20260930-4-k98x,24,pos 5 plies ago,2,2
relu_s2,1000,20260930-4-k98x,24,pos 5 plies ago,2,3
relu_s2,1000,20260930-4-k98x,24,pos 5 plies ago,3,-3
relu_s2,1000,20260930-4-k98x,24,pos 5 plies ago,3,-2
relu_s2,1000,20260930-4-k98x,24,pos 5 plies ago,3,-1
relu_s2,1000,20260930-4-k98x,24,pos 5 plies ago,3,0
relu_s2,1000,20260930-4-k98x,24,pos 5 plies ago,3,1
relu_s2,1000,20260930-4-k98x,24,pos 5 plies ago,3,2
relu_s2,1000,20260930-4-k98x,24,pos 5 plies ago,3,3
relu_s2,1000,20260930-4-k98x,26,pos 7 plies ago,-3,-3
relu_s2,1000,20260930-4-k98x,26,pos 7 plies ago,-3,-2
relu_s2,1000,20260930-4-k98x,26,pos 7 plies ago,-3,-1
relu_s2,1000,20260930-4-k98x,26,pos 7 plies ago,-3,0
relu_s2,1000,20260930-4-k98x,26,pos 7 plies ago,-3,1
relu_s2,1000,20260930-4-k98x,26,pos 7 plies ago,-3,2
relu_s2,1000,20260930-4-k98x,26,pos 7 plies ago,-3,3
relu_s2,1000,20260930-4-k98x,26,pos 7 plies ago,-2,-3
relu_s2,1000,20260930-4-k98x,26,pos 7 plies ago,-2,-2
relu_s2,1000,20260930-4-k98x,26,pos 7 plies ago,-2,-1
relu_s2,1000,20260930-4-k98x,26,pos 7 plies ago,-2,0
relu_s2,1000,20260930-4-k98x,26,pos 7 plies ago,-2,1
relu_s2,1000,20260930-4-k98x,26,pos 7 plies ago,-2,2
relu_s2,1000,20260930-4-k98x,26,pos 7 plies ago,-2,3
relu_s2,1000,20260930-4-k98x,26,pos 7 plies ago,-1,-3
relu_s2,1000,20260930-4-k98x,26,pos 7 plies ago,-1,-2
relu_s2,1000,20260930-4-k98x,26,pos 7 plies ago,-1,-1
relu_s2,1000,20260930-4-k98x,26,pos 7 plies ago,-1,0
relu_s2,1000,20260930-4-k98x,26,pos 7 plies ago,-1,1
relu_s2,1000,20260930-4-k98x,26,pos 7 plies ago,-1,2
relu_s2,1000,20260930-4-k98x,26,pos 7 plies ago,-1,3
relu_s2,1000,20260930-4-k98x,26,pos 7 plies ago,0,-3
relu_s2,1000,20260930-4-k98x,26,pos 7 plies ago,0,-2
relu_s2,1000,20260930-4-k98x,26,pos 7 plies ago,0,-1
relu_s2,1000,20260930-4-k98x,26,pos 7 plies ago,0,0
relu_s2,1000,20260930-4-k98x,26,pos 7 plies ago,0,1
relu_s2,1000,20260930-4-k98x,26,pos 7 plies ago,0,2
relu_s2,1000,20260930-4-k98x,26,pos 7 plies ago,0,3
relu_s2,1000,20260930-4-k98x,26,pos 7 plies ago,1,-3
relu_s2,1000,20260930-4-k98x,26,pos 7 plies ago,1,-2
relu_s2,1000,20260930-4-k98x,26,pos 7 plies ago,1,-1
relu_s2,1000,20260930-4-k98x,26,pos 7 plies ago,1,0
relu_s2,1000,20260930-4-k98x,26,pos 7 plies ago,1,1
relu_s2,1000,20260930-4-k98x,26,pos 7 plies ago,1,2
relu_s2,1000,20260930-4-k98x,26,pos 7 plies ago,1,3
relu_s2,1000,20260930-4-k98x,26,pos 7 plies ago,2,-3
relu_s2,1000,20260930-4-k98x,26,pos 7 plies ago,2,-2
relu_s2,1000,20260930-4-k98x,26,pos 7 plies ago,2,-1
relu_s2,1000,20260930-4-k98x,26,pos 7 plies ago,2,0
relu_s2,1000,20260930-4-k98x,26,pos 7 plies ago,2,1
relu_s2,1000,20260930-4-k98x,26,pos 7 plies ago,2,2
relu_s2,1000,20260930-4-k98x,26,pos 7 plies ago,2,3
relu_s2,1000,20260930-4-k98x,26,pos 7 plies ago,3,-3
relu_s2,1000,20260930-4-k98x,26,pos 7 plies ago,3,-2
relu_s2,1000,20260930-4-k98x,26,pos 7 plies ago,3,-1
relu_s2,1000,20260930-4-k98x,26,pos 7 plies ago,3,0
relu_s2,1000,20260930-4-k98x,26,pos 7 plies ago,3,1
relu_s2,1000,20260930-4-k98x,26,pos 7 plies ago,3,2
relu_s2,1000,20260930-4-k98x,26,pos 7 plies ago,3,3
relu_s2,1000,20260930-4-k98x,28,pos 9 plies ago,-3,-3
relu_s2,1000,20260930-4-k98x,28,pos 9 plies ago,-3,-2
relu_s2,1000,20260930-4-k98x,28,pos 9 plies ago,-3,-1
relu_s2,1000,20260930-4-k98x,28,pos 9 plies ago,-3,0
relu_s2,1000,20260930-4-k98x,28,pos 9 plies ago,-3,1
relu_s2,1000,20260930-4-k98x,28,pos 9 plies ago,-3,2
relu_s2,1000,20260930-4-k98x,28,pos 9 plies ago,-3,3
relu_s2,1000,20260930-4-k98x,28,pos 9 plies ago,-2,-3
relu_s2,1000,20260930-4-k98x,28,pos 9 plies ago,-2,-2
relu_s2,1000,20260930-4-k98x,28,pos 9 plies ago,-2,-1
relu_s2,1000,20260930-4-k98x,28,pos 9 plies ago,-2,0
relu_s2,1000,20260930-4-k98x,28,pos 9 plies ago,-2,1
relu_s2,1000,20260930-4-k98x,28,pos 9 plies ago,-2,2
relu_s2,1000,20260930-4-k98x,28,pos 9 plies ago,-2,3
relu_s2,1000,20260930-4-k98x,28,pos 9 plies ago,-1,-3
relu_s2,1000,20260930-4-k98x,28,pos 9 plies ago,-1,-2
relu_s2,1000,20260930-4-k98x,28,pos 9 plies ago,-1,-1
relu_s2,1000,20260930-4-k98x,28,pos 9 plies ago,-1,0
relu_s2,1000,20260930-4-k98x,28,pos 9 plies ago,-1,1
relu_s2,1000,20260930-4-k98x,28,pos 9 plies ago,-1,2
relu_s2,1000,20260930-4-k98x,28,pos 9 plies ago,-1,3
relu_s2,1000,20260930-4-k98x,28,pos 9 plies ago,0,-3
relu_s2,1000,20260930-4-k98x,28,pos 9 plies ago,0,-2
relu_s2,1000,20260930-4-k98x,28,pos 9 plies ago,0,-1
relu_s2,1000,20260930-4-k98x,28,pos 9 plies ago,0,0
relu_s2,1000,20260930-4-k98x,28,pos 9 plies ago,0,1
relu_s2,1000,20260930-4-k98x,28,pos 9 plies ago,0,2
relu_s2,1000,20260930-4-k98x,28,pos 9 plies ago,0,3
relu_s2,1000,20260930-4-k98x,28,pos 9 plies ago,1,-3
relu_s2,1000,20260930-4-k98x,28,pos 9 plies ago,1,-2
relu_s2,1000,20260930-4-k98x,28,pos 9 plies ago,1,-1
relu_s2,1000,20260930-4-k98x,28,pos 9 plies ago,1,0
relu_s2,1000,20260930-4-k98x,28,pos 9 plies ago,1,1
relu_s2,1000,20260930-4-k98x,28,pos 9 plies ago,1,2
relu_s2,1000,20260930-4-k98x,28,pos 9 plies ago,1,3
relu_s2,1000,20260930-4-k98x,28,pos 9 plies ago,2,-3
relu_s2,1000,20260930-4-k98x,28,pos 9 plies ago,2,-2
relu_s2,1000,20260930-4-k98x,28,pos 9 plies ago,2,-1
relu_s2,1000,20260930-4-k98x,28,pos 9 plies ago,2,0
relu_s2,1000,20260930-4-k98x,28,pos 9 plies ago,2,1
relu_s2,1000,20260930-4-k98x,28,pos 9 plies ago,2,2
relu_s2,1000,20260930-4-k98x,28,pos 9 plies ago,2,3
relu_s2,1000,20260930-4-k98x,28,pos 9 plies ago,3,-3
relu_s2,1000,20260930-4-k98x,28,pos 9 plies ago,3,-2
relu_s2,1000,20260930-4-k98x,28,pos 9 plies ago,3,-1
relu_s2,1000,20260930-4-k98x,28,pos 9 plies ago,3,0
relu_s2,1000,20260930-4-k98x,28,pos 9 plies ago,3,1
relu_s2,1000,20260930-4-k98x,28,pos 9 plies ago,3,2
relu_s2,1000,20260930-4-k98x,28,pos 9 plies ago,3,3
relu_s2,2000,20260930-4-k98x,16,en passant,3,-3
relu_s2,2000,20260930-4-k98x,16,en passant,3,-2
relu_s2,2000,20260930-4-k98x,16,en passant,3,-1
relu_s2,2000,20260930-4-k98x,16,en passant,3,0
relu_s2,2000,20260930-4-k98x,16,en passant,3,1
relu_s2,2000,20260930-4-k98x,16,en passant,3,2
relu_s2,2000,20260930-4-k98x,16,en passant,3,3
relu_s2,2000,20260930-4-k98x,19,rep >=2 before,-3,-3
relu_s2,2000,20260930-4-k98x,19,rep >=2 before,-3,-2
relu_s2,2000,20260930-4-k98x,19,rep >=2 before,-3,-1
relu_s2,2000,20260930-4-k98x,19,rep >=2 before,-3,0
relu_s2,2000,20260930-4-k98x,19,rep >=2 before,-3,1
relu_s2,2000,20260930-4-k98x,19,rep >=2 before,-3,2
relu_s2,2000,20260930-4-k98x,19,rep >=2 before,-3,3
relu_s2,2000,20260930-4-k98x,19,rep >=2 before,-2,-3
relu_s2,2000,20260930-4-k98x,19,rep >=2 before,-2,-2
relu_s2,2000,20260930-4-k98x,19,rep >=2 before,-2,-1
relu_s2,2000,20260930-4-k98x,19,rep >=2 before,-2,0
relu_s2,2000,20260930-4-k98x,19,rep >=2 before,-2,1
relu_s2,2000,20260930-4-k98x,19,rep >=2 before,-2,2
relu_s2,2000,20260930-4-k98x,19,rep >=2 before,-2,3
relu_s2,2000,20260930-4-k98x,19,rep >=2 before,-1,-3
relu_s2,2000,20260930-4-k98x,19,rep >=2 before,-1,-2
relu_s2,2000,20260930-4-k98x,19,rep >=2 before,-1,-1
relu_s2,2000,20260930-4-k98x,19,rep >=2 before,-1,0
relu_s2,2000,20260930-4-k98x,19,rep >=2 before,-1,1
relu_s2,2000,20260930-4-k98x,19,rep >=2 before,-1,2
relu_s2,2000,20260930-4-k98x,19,rep >=2 before,-1,3
relu_s2,2000,20260930-4-k98x,19,rep >=2 before,0,-3
relu_s2,2000,20260930-4-k98x,19,rep >=2 before,0,-2
relu_s2,2000,20260930-4-k98x,19,rep >=2 before,0,-1
relu_s2,2000,20260930-4-k98x,19,rep >=2 before,0,0
relu_s2,2000,20260930-4-k98x,19,rep >=2 before,0,1
relu_s2,2000,20260930-4-k98x,19,rep >=2 before,0,2
relu_s2,2000,20260930-4-k98x,19,rep >=2 before,0,3
relu_s2,2000,20260930-4-k98x,19,rep >=2 before,1,-3
relu_s2,2000,20260930-4-k98x,19,rep >=2 before,1,-2
relu_s2,2000,20260930-4-k98x,19,rep >=2 before,1,-1
relu_s2,2000,20260930-4-k98x,19,rep >=2 before,1,0
relu_s2,2000,20260930-4-k98x,19,rep >=2 before,1,1
relu_s2,2000,20260930-4-k98x,19,rep >=2 before,1,2
relu_s2,2000,20260930-4-k98x,19,rep >=2 before,1,3
relu_s2,2000,20260930-4-k98x,19,rep >=2 before,2,-3
relu_s2,2000,20260930-4-k98x,19,rep >=2 before,2,-2
relu_s2,2000,20260930-4-k98x,19,rep >=2 before,2,-1
relu_s2,2000,20260930-4-k98x,19,rep >=2 before,2,0
relu_s2,2000,20260930-4-k98x,19,rep >=2 before,2,1
relu_s2,2000,20260930-4-k98x,19,rep >=2 before,2,2
relu_s2,2000,20260930-4-k98x,19,rep >=2 before,2,3
relu_s2,2000,20260930-4-k98x,19,rep >=2 before,3,-3
relu_s2,2000,20260930-4-k98x,19,rep >=2 before,3,-2
relu_s2,2000,20260930-4-k98x,19,rep >=2 before,3,-1
relu_s2,2000,20260930-4-k98x,19,rep >=2 before,3,0
relu_s2,2000,20260930-4-k98x,19,rep >=2 before,3,1
relu_s2,2000,20260930-4-k98x,19,rep >=2 before,3,2
relu_s2,2000,20260930-4-k98x,19,rep >=2 before,3,3
relu_s2,2000,20260930-4-k98x,20,pos 1 plies ago,-3,-3
relu_s2,2000,20260930-4-k98x,20,pos 1 plies ago,-3,-2
relu_s2,2000,20260930-4-k98x,20,pos 1 plies ago,-3,-1
relu_s2,2000,20260930-4-k98x,20,pos 1 plies ago,-3,0
relu_s2,2000,20260930-4-k98x,20,pos 1 plies ago,-3,1
relu_s2,2000,20260930-4-k98x,20,pos 1 plies ago,-3,2
relu_s2,2000,20260930-4-k98x,20,pos 1 plies ago,-3,3
relu_s2,2000,20260930-4-k98x,20,pos 1 plies ago,-2,-3
relu_s2,2000,20260930-4-k98x,20,pos 1 plies ago,-2,-2
relu_s2,2000,20260930-4-k98x,20,pos 1 plies ago,-2,-1
relu_s2,2000,20260930-4-k98x,20,pos 1 plies ago,-2,0
relu_s2,2000,20260930-4-k98x,20,pos 1 plies ago,-2,1
relu_s2,2000,20260930-4-k98x,20,pos 1 plies ago,-2,2
relu_s2,2000,20260930-4-k98x,20,pos 1 plies ago,-2,3
relu_s2,2000,20260930-4-k98x,20,pos 1 plies ago,-1,-3
relu_s2,2000,20260930-4-k98x,20,pos 1 plies ago,-1,-2
relu_s2,2000,20260930-4-k98x,20,pos 1 plies ago,-1,-1
relu_s2,2000,20260930-4-k98x,20,pos 1 plies ago,-1,0
relu_s2,2000,20260930-4-k98x,20,pos 1 plies ago,-1,1
relu_s2,2000,20260930-4-k98x,20,pos 1 plies ago,-1,2
relu_s2,2000,20260930-4-k98x,20,pos 1 plies ago,-1,3
relu_s2,2000,20260930-4-k98x,20,pos 1 plies ago,0,-3
relu_s2,2000,20260930-4-k98x,20,pos 1 plies ago,0,-2
relu_s2,2000,20260930-4-k98x,20,pos 1 plies ago,0,-1
relu_s2,2000,20260930-4-k98x,20,pos 1 plies ago,0,0
relu_s2,2000,20260930-4-k98x,20,pos 1 plies ago,0,1
relu_s2,2000,20260930-4-k98x,20,pos 1 plies ago,0,2
relu_s2,2000,20260930-4-k98x,20,pos 1 plies ago,0,3
relu_s2,2000,20260930-4-k98x,20,pos 1 plies ago,1,-3
relu_s2,2000,20260930-4-k98x,20,pos 1 plies ago,1,-2
relu_s2,2000,20260930-4-k98x,20,pos 1 plies ago,1,-1
relu_s2,2000,20260930-4-k98x,20,pos 1 plies ago,1,0
relu_s2,2000,20260930-4-k98x,20,pos 1 plies ago,1,1
relu_s2,2000,20260930-4-k98x,20,pos 1 plies ago,1,2
relu_s2,2000,20260930-4-k98x,20,pos 1 plies ago,1,3
relu_s2,2000,20260930-4-k98x,20,pos 1 plies ago,2,-3
relu_s2,2000,20260930-4-k98x,20,pos 1 plies ago,2,-2
relu_s2,2000,20260930-4-k98x,20,pos 1 plies ago,2,-1
relu_s2,2000,20260930-4-k98x,20,pos 1 plies ago,2,0
relu_s2,2000,20260930-4-k98x,20,pos 1 plies ago,2,1
relu_s2,2000,20260930-4-k98x,20,pos 1 plies ago,2,2
relu_s2,2000,20260930-4-k98x,20,pos 1 plies ago,2,3
relu_s2,2000,20260930-4-k98x,20,pos 1 plies ago,3,-3
relu_s2,2000,20260930-4-k98x,20,pos 1 plies ago,3,-2
relu_s2,2000,20260930-4-k98x,20,pos 1 plies ago,3,-1
relu_s2,2000,20260930-4-k98x,20,pos 1 plies ago,3,0
relu_s2,2000,20260930-4-k98x,20,pos 1 plies ago,3,1
relu_s2,2000,20260930-4-k98x,20,pos 1 plies ago,3,2
relu_s2,2000,20260930-4-k98x,20,pos 1 plies ago,3,3
relu_s2,2000,20260930-4-k98x,21,pos 2 plies ago,-3,-3
relu_s2,2000,20260930-4-k98x,21,pos 2 plies ago,-3,-2
relu_s2,2000,20260930-4-k98x,21,pos 2 plies ago,-3,-1
relu_s2,2000,20260930-4-k98x,21,pos 2 plies ago,-3,0
relu_s2,2000,20260930-4-k98x,21,pos 2 plies ago,-3,1
relu_s2,2000,20260930-4-k98x,21,pos 2 plies ago,-3,2
relu_s2,2000,20260930-4-k98x,21,pos 2 plies ago,-3,3
relu_s2,2000,20260930-4-k98x,21,pos 2 plies ago,-2,-3
relu_s2,2000,20260930-4-k98x,21,pos 2 plies ago,-2,-2
relu_s2,2000,20260930-4-k98x,21,pos 2 plies ago,-2,-1
relu_s2,2000,20260930-4-k98x,21,pos 2 plies ago,-2,0
relu_s2,2000,20260930-4-k98x,21,pos 2 plies ago,-2,1
relu_s2,2000,20260930-4-k98x,21,pos 2 plies ago,-2,2
relu_s2,2000,20260930-4-k98x,21,pos 2 plies ago,-2,3
relu_s2,2000,20260930-4-k98x,21,pos 2 plies ago,-1,-3
relu_s2,2000,20260930-4-k98x,21,pos 2 plies ago,-1,-2
relu_s2,2000,20260930-4-k98x,21,pos 2 plies ago,-1,-1
relu_s2,2000,20260930-4-k98x,21,pos 2 plies ago,-1,0
relu_s2,2000,20260930-4-k98x,21,pos 2 plies ago,-1,1
relu_s2,2000,20260930-4-k98x,21,pos 2 plies ago,-1,2
relu_s2,2000,20260930-4-k98x,21,pos 2 plies ago,-1,3
relu_s2,2000,20260930-4-k98x,21,pos 2 plies ago,0,-3
relu_s2,2000,20260930-4-k98x,21,pos 2 plies ago,0,-2
relu_s2,2000,20260930-4-k98x,21,pos 2 plies ago,0,-1
relu_s2,2000,20260930-4-k98x,21,pos 2 plies ago,0,0
relu_s2,2000,20260930-4-k98x,21,pos 2 plies ago,0,1
relu_s2,2000,20260930-4-k98x,21,pos 2 plies ago,0,2
relu_s2,2000,20260930-4-k98x,21,pos 2 plies ago,0,3
relu_s2,2000,20260930-4-k98x,21,pos 2 plies ago,1,-3
relu_s2,2000,20260930-4-k98x,21,pos 2 plies ago,1,-2
relu_s2,2000,20260930-4-k98x,21,pos 2 plies ago,1,-1
relu_s2,2000,20260930-4-k98x,21,pos 2 plies ago,1,0
relu_s2,2000,20260930-4-k98x,21,pos 2 plies ago,1,1
relu_s2,2000,20260930-4-k98x,21,pos 2 plies ago,1,2
relu_s2,2000,20260930-4-k98x,21,pos 2 plies ago,1,3
relu_s2,2000,20260930-4-k98x,21,pos 2 plies ago,2,-3
relu_s2,2000,20260930-4-k98x,21,pos 2 plies ago,2,-2
relu_s2,2000,20260930-4-k98x,21,pos 2 plies ago,2,-1
relu_s2,2000,20260930-4-k98x,21,pos 2 plies ago,2,0
relu_s2,2000,20260930-4-k98x,21,pos 2 plies ago,2,1
relu_s2,2000,20260930-4-k98x,21,pos 2 plies ago,2,2
relu_s2,2000,20260930-4-k98x,21,pos 2 plies ago,2,3
relu_s2,2000,20260930-4-k98x,21,pos 2 plies ago,3,-3
relu_s2,2000,20260930-4-k98x,21,pos 2 plies ago,3,-2
relu_s2,2000,20260930-4-k98x,21,pos 2 plies ago,3,-1
relu_s2,2000,20260930-4-k98x,21,pos 2 plies ago,3,0
relu_s2,2000,20260930-4-k98x,21,pos 2 plies ago,3,1
relu_s2,2000,20260930-4-k98x,21,pos 2 plies ago,3,2
relu_s2,2000,20260930-4-k98x,21,pos 2 plies ago,3,3
relu_s2,2000,20260930-4-k98x,22,pos 3 plies ago,-3,-3
relu_s2,2000,20260930-4-k98x,22,pos 3 plies ago,-3,-2
relu_s2,2000,20260930-4-k98x,22,pos 3 plies ago,-3,-1
relu_s2,2000,20260930-4-k98x,22,pos 3 plies ago,-3,0
relu_s2,2000,20260930-4-k98x,22,pos 3 plies ago,-3,1
relu_s2,2000,20260930-4-k98x,22,pos 3 plies ago,-3,2
relu_s2,2000,20260930-4-k98x,22,pos 3 plies ago,-3,3
relu_s2,2000,20260930-4-k98x,22,pos 3 plies ago,-2,-3
relu_s2,2000,20260930-4-k98x,22,pos 3 plies ago,-2,-2
relu_s2,2000,20260930-4-k98x,22,pos 3 plies ago,-2,-1
relu_s2,2000,20260930-4-k98x,22,pos 3 plies ago,-2,0
relu_s2,2000,20260930-4-k98x,22,pos 3 plies ago,-2,1
relu_s2,2000,20260930-4-k98x,22,pos 3 plies ago,-2,2
relu_s2,2000,20260930-4-k98x,22,pos 3 plies ago,-2,3
relu_s2,2000,20260930-4-k98x,22,pos 3 plies ago,-1,-3
relu_s2,2000,20260930-4-k98x,22,pos 3 plies ago,-1,-2
relu_s2,2000,20260930-4-k98x,22,pos 3 plies ago,-1,-1
relu_s2,2000,20260930-4-k98x,22,pos 3 plies ago,-1,0
relu_s2,2000,20260930-4-k98x,22,pos 3 plies ago,-1,1
relu_s2,2000,20260930-4-k98x,22,pos 3 plies ago,-1,2
relu_s2,2000,20260930-4-k98x,22,pos 3 plies ago,-1,3
relu_s2,2000,20260930-4-k98x,22,pos 3 plies ago,0,-3
relu_s2,2000,20260930-4-k98x,22,pos 3 plies ago,0,-2
relu_s2,2000,20260930-4-k98x,22,pos 3 plies ago,0,-1
relu_s2,2000,20260930-4-k98x,22,pos 3 plies ago,0,0
relu_s2,2000,20260930-4-k98x,22,pos 3 plies ago,0,1
relu_s2,2000,20260930-4-k98x,22,pos 3 plies ago,0,2
relu_s2,2000,20260930-4-k98x,22,pos 3 plies ago,0,3
relu_s2,2000,20260930-4-k98x,22,pos 3 plies ago,1,-3
relu_s2,2000,20260930-4-k98x,22,pos 3 plies ago,1,-2
relu_s2,2000,20260930-4-k98x,22,pos 3 plies ago,1,-1
relu_s2,2000,20260930-4-k98x,22,pos 3 plies ago,1,0
relu_s2,2000,20260930-4-k98x,22,pos 3 plies ago,1,1
relu_s2,2000,20260930-4-k98x,22,pos 3 plies ago,1,2
relu_s2,2000,20260930-4-k98x,22,pos 3 plies ago,1,3
relu_s2,2000,20260930-4-k98x,22,pos 3 plies ago,2,-3
relu_s2,2000,20260930-4-k98x,22,pos 3 plies ago,2,-2
relu_s2,2000,20260930-4-k98x,22,pos 3 plies ago,2,-1
relu_s2,2000,20260930-4-k98x,22,pos 3 plies ago,2,0
relu_s2,2000,20260930-4-k98x,22,pos 3 plies ago,2,1
relu_s2,2000,20260930-4-k98x,22,pos 3 plies ago,2,2
relu_s2,2000,20260930-4-k98x,22,pos 3 plies ago,2,3
relu_s2,2000,20260930-4-k98x,22,pos 3 plies ago,3,-3
relu_s2,2000,20260930-4-k98x,22,pos 3 plies ago,3,-2
relu_s2,2000,20260930-4-k98x,22,pos 3 plies ago,3,-1
relu_s2,2000,20260930-4-k98x,22,pos 3 plies ago,3,0
relu_s2,2000,20260930-4-k98x,22,pos 3 plies ago,3,1
relu_s2,2000,20260930-4-k98x,22,pos 3 plies ago,3,2
relu_s2,2000,20260930-4-k98x,22,pos 3 plies ago,3,3
relu_s2,2000,20260930-4-k98x,24,pos 5 plies ago,-3,-3
relu_s2,2000,20260930-4-k98x,24,pos 5 plies ago,-3,-2
relu_s2,2000,20260930-4-k98x,24,pos 5 plies ago,-3,-1
relu_s2,2000,20260930-4-k98x,24,pos 5 plies ago,-3,0
relu_s2,2000,20260930-4-k98x,24,pos 5 plies ago,-3,1
relu_s2,2000,20260930-4-k98x,24,pos 5 plies ago,-3,2
relu_s2,2000,20260930-4-k98x,24,pos 5 plies ago,-3,3
relu_s2,2000,20260930-4-k98x,24,pos 5 plies ago,-2,-3
relu_s2,2000,20260930-4-k98x,24,pos 5 plies ago,-2,-2
relu_s2,2000,20260930-4-k98x,24,pos 5 plies ago,-2,-1
relu_s2,2000,20260930-4-k98x,24,pos 5 plies ago,-2,0
relu_s2,2000,20260930-4-k98x,24,pos 5 plies ago,-2,1
relu_s2,2000,20260930-4-k98x,24,pos 5 plies ago,-2,2
relu_s2,2000,20260930-4-k98x,24,pos 5 plies ago,-2,3
relu_s2,2000,20260930-4-k98x,24,pos 5 plies ago,-1,-3
relu_s2,2000,20260930-4-k98x,24,pos 5 plies ago,-1,-2
relu_s2,2000,20260930-4-k98x,24,pos 5 plies ago,-1,-1
relu_s2,2000,20260930-4-k98x,24,pos 5 plies ago,-1,0
relu_s2,2000,20260930-4-k98x,24,pos 5 plies ago,-1,1
relu_s2,2000,20260930-4-k98x,24,pos 5 plies ago,-1,2
relu_s2,2000,20260930-4-k98x,24,pos 5 plies ago,-1,3
relu_s2,2000,20260930-4-k98x,24,pos 5 plies ago,0,-3
relu_s2,2000,20260930-4-k98x,24,pos 5 plies ago,0,-2
relu_s2,2000,20260930-4-k98x,24,pos 5 plies ago,0,-1
relu_s2,2000,20260930-4-k98x,24,pos 5 plies ago,0,0
relu_s2,2000,20260930-4-k98x,24,pos 5 plies ago,0,1
relu_s2,2000,20260930-4-k98x,24,pos 5 plies ago,0,2
relu_s2,2000,20260930-4-k98x,24,pos 5 plies ago,0,3
relu_s2,2000,20260930-4-k98x,24,pos 5 plies ago,1,-3
relu_s2,2000,20260930-4-k98x,24,pos 5 plies ago,1,-2
relu_s2,2000,20260930-4-k98x,24,pos 5 plies ago,1,-1
relu_s2,2000,20260930-4-k98x,24,pos 5 plies ago,1,0
relu_s2,2000,20260930-4-k98x,24,pos 5 plies ago,1,1
relu_s2,2000,20260930-4-k98x,24,pos 5 plies ago,1,2
relu_s2,2000,20260930-4-k98x,24,pos 5 plies ago,1,3
relu_s2,2000,20260930-4-k98x,24,pos 5 plies ago,2,-3
relu_s2,2000,20260930-4-k98x,24,pos 5 plies ago,2,-2
relu_s2,2000,20260930-4-k98x,24,pos 5 plies ago,2,-1
relu_s2,2000,20260930-4-k98x,24,pos 5 plies ago,2,0
relu_s2,2000,20260930-4-k98x,24,pos 5 plies ago,2,1
relu_s2,2000,20260930-4-k98x,24,pos 5 plies ago,2,2
relu_s2,2000,20260930-4-k98x,24,pos 5 plies ago,2,3
relu_s2,2000,20260930-4-k98x,24,pos 5 plies ago,3,-3
relu_s2,2000,20260930-4-k98x,24,pos 5 plies ago,3,-2
relu_s2,2000,20260930-4-k98x,24,pos 5 plies ago,3,-1
relu_s2,2000,20260930-4-k98x,24,pos 5 plies ago,3,0
relu_s2,2000,20260930-4-k98x,24,pos 5 plies ago,3,1
relu_s2,2000,20260930-4-k98x,24,pos 5 plies ago,3,2
relu_s2,2000,20260930-4-k98x,24,pos 5 plies ago,3,3
relu_s2,2000,20260930-4-k98x,26,pos 7 plies ago,-3,-3
relu_s2,2000,20260930-4-k98x,26,pos 7 plies ago,-3,-2
relu_s2,2000,20260930-4-k98x,26,pos 7 plies ago,-3,-1
relu_s2,2000,20260930-4-k98x,26,pos 7 plies ago,-3,0
relu_s2,2000,20260930-4-k98x,26,pos 7 plies ago,-3,1
relu_s2,2000,20260930-4-k98x,26,pos 7 plies ago,-3,2
relu_s2,2000,20260930-4-k98x,26,pos 7 plies ago,-3,3
relu_s2,2000,20260930-4-k98x,26,pos 7 plies ago,-2,-3
relu_s2,2000,20260930-4-k98x,26,pos 7 plies ago,-2,-2
relu_s2,2000,20260930-4-k98x,26,pos 7 plies ago,-2,-1
relu_s2,2000,20260930-4-k98x,26,pos 7 plies ago,-2,0
relu_s2,2000,20260930-4-k98x,26,pos 7 plies ago,-2,1
relu_s2,2000,20260930-4-k98x,26,pos 7 plies ago,-2,2
relu_s2,2000,20260930-4-k98x,26,pos 7 plies ago,-2,3
relu_s2,2000,20260930-4-k98x,26,pos 7 plies ago,-1,-3
relu_s2,2000,20260930-4-k98x,26,pos 7 plies ago,-1,-2
relu_s2,2000,20260930-4-k98x,26,pos 7 plies ago,-1,-1
relu_s2,2000,20260930-4-k98x,26,pos 7 plies ago,-1,0
relu_s2,2000,20260930-4-k98x,26,pos 7 plies ago,-1,1
relu_s2,2000,20260930-4-k98x,26,pos 7 plies ago,-1,2
relu_s2,2000,20260930-4-k98x,26,pos 7 plies ago,-1,3
relu_s2,2000,20260930-4-k98x,26,pos 7 plies ago,0,-3
relu_s2,2000,20260930-4-k98x,26,pos 7 plies ago,0,-2
relu_s2,2000,20260930-4-k98x,26,pos 7 plies ago,0,-1
relu_s2,2000,20260930-4-k98x,26,pos 7 plies ago,0,0
relu_s2,2000,20260930-4-k98x,26,pos 7 plies ago,0,1
relu_s2,2000,20260930-4-k98x,26,pos 7 plies ago,0,2
relu_s2,2000,20260930-4-k98x,26,pos 7 plies ago,0,3
relu_s2,2000,20260930-4-k98x,26,pos 7 plies ago,1,-3
relu_s2,2000,20260930-4-k98x,26,pos 7 plies ago,1,-2
relu_s2,2000,20260930-4-k98x,26,pos 7 plies ago,1,-1
relu_s2,2000,20260930-4-k98x,26,pos 7 plies ago,1,0
relu_s2,2000,20260930-4-k98x,26,pos 7 plies ago,1,1
relu_s2,2000,20260930-4-k98x,26,pos 7 plies ago,1,2
relu_s2,2000,20260930-4-k98x,26,pos 7 plies ago,1,3
relu_s2,2000,20260930-4-k98x,26,pos 7 plies ago,2,-3
relu_s2,2000,20260930-4-k98x,26,pos 7 plies ago,2,-2
relu_s2,2000,20260930-4-k98x,26,pos 7 plies ago,2,-1
relu_s2,2000,20260930-4-k98x,26,pos 7 plies ago,2,0
relu_s2,2000,20260930-4-k98x,26,pos 7 plies ago,2,1
relu_s2,2000,20260930-4-k98x,26,pos 7 plies ago,2,2
relu_s2,2000,20260930-4-k98x,26,pos 7 plies ago,2,3
relu_s2,2000,20260930-4-k98x,26,pos 7 plies ago,3,-3
relu_s2,2000,20260930-4-k98x,26,pos 7 plies ago,3,-2
relu_s2,2000,20260930-4-k98x,26,pos 7 plies ago,3,-1
relu_s2,2000,20260930-4-k98x,26,pos 7 plies ago,3,0
relu_s2,2000,20260930-4-k98x,26,pos 7 plies ago,3,1
relu_s2,2000,20260930-4-k98x,26,pos 7 plies ago,3,2
relu_s2,2000,20260930-4-k98x,26,pos 7 plies ago,3,3
relu_s2,2000,20260930-4-k98x,28,pos 9 plies ago,-3,-3
relu_s2,2000,20260930-4-k98x,28,pos 9 plies ago,-3,-2
relu_s2,2000,20260930-4-k98x,28,pos 9 plies ago,-3,-1
relu_s2,2000,20260930-4-k98x,28,pos 9 plies ago,-3,0
relu_s2,2000,20260930-4-k98x,28,pos 9 plies ago,-3,1
relu_s2,2000,20260930-4-k98x,28,pos 9 plies ago,-3,2
relu_s2,2000,20260930-4-k98x,28,pos 9 plies ago,-3,3
relu_s2,2000,20260930-4-k98x,28,pos 9 plies ago,-2,-3
relu_s2,2000,20260930-4-k98x,28,pos 9 plies ago,-2,-2
relu_s2,2000,20260930-4-k98x,28,pos 9 plies ago,-2,-1
relu_s2,2000,20260930-4-k98x,28,pos 9 plies ago,-2,0
relu_s2,2000,20260930-4-k98x,28,pos 9 plies ago,-2,1
relu_s2,2000,20260930-4-k98x,28,pos 9 plies ago,-2,2
relu_s2,2000,20260930-4-k98x,28,pos 9 plies ago,-2,3
relu_s2,2000,20260930-4-k98x,28,pos 9 plies ago,-1,-3
relu_s2,2000,20260930-4-k98x,28,pos 9 plies ago,-1,-2
relu_s2,2000,20260930-4-k98x,28,pos 9 plies ago,-1,-1
relu_s2,2000,20260930-4-k98x,28,pos 9 plies ago,-1,0
relu_s2,2000,20260930-4-k98x,28,pos 9 plies ago,-1,1
relu_s2,2000,20260930-4-k98x,28,pos 9 plies ago,-1,2
relu_s2,2000,20260930-4-k98x,28,pos 9 plies ago,-1,3
relu_s2,2000,20260930-4-k98x,28,pos 9 plies ago,0,-3
relu_s2,2000,20260930-4-k98x,28,pos 9 plies ago,0,-2
relu_s2,2000,20260930-4-k98x,28,pos 9 plies ago,0,-1
relu_s2,2000,20260930-4-k98x,28,pos 9 plies ago,0,0
relu_s2,2000,20260930-4-k98x,28,pos 9 plies ago,0,1
relu_s2,2000,20260930-4-k98x,28,pos 9 plies ago,0,2
relu_s2,2000,20260930-4-k98x,28,pos 9 plies ago,0,3
relu_s2,2000,20260930-4-k98x,28,pos 9 plies ago,1,-3
relu_s2,2000,20260930-4-k98x,28,pos 9 plies ago,1,-2
relu_s2,2000,20260930-4-k98x,28,pos 9 plies ago,1,-1
relu_s2,2000,20260930-4-k98x,28,pos 9 plies ago,1,0
relu_s2,2000,20260930-4-k98x,28,pos 9 plies ago,1,1
relu_s2,2000,20260930-4-k98x,28,pos 9 plies ago,1,2
relu_s2,2000,20260930-4-k98x,28,pos 9 plies ago,1,3
relu_s2,2000,20260930-4-k98x,28,pos 9 plies ago,2,-3
relu_s2,2000,20260930-4-k98x,28,pos 9 plies ago,2,-2
relu_s2,2000,20260930-4-k98x,28,pos 9 plies ago,2,-1
relu_s2,2000,20260930-4-k98x,28,pos 9 plies ago,2,0
relu_s2,2000,20260930-4-k98x,28,pos 9 plies ago,2,1
relu_s2,2000,20260930-4-k98x,28,pos 9 plies ago,2,2
relu_s2,2000,20260930-4-k98x,28,pos 9 plies ago,2,3
relu_s2,2000,20260930-4-k98x,28,pos 9 plies ago,3,-3
relu_s2,2000,20260930-4-k98x,28,pos 9 plies ago,3,-2
relu_s2,2000,20260930-4-k98x,28,pos 9 plies ago,3,-1
relu_s2,2000,20260930-4-k98x,28,pos 9 plies ago,3,0
relu_s2,2000,20260930-4-k98x,28,pos 9 plies ago,3,1
relu_s2,2000,20260930-4-k98x,28,pos 9 plies ago,3,2
relu_s2,2000,20260930-4-k98x,28,pos 9 plies ago,3,3
relu_s2,3000,20260930-4-k98x,16,en passant,3,-3
relu_s2,3000,20260930-4-k98x,16,en passant,3,-2
relu_s2,3000,20260930-4-k98x,16,en passant,3,-1
relu_s2,3000,20260930-4-k98x,16,en passant,3,0
relu_s2,3000,20260930-4-k98x,16,en passant,3,1
relu_s2,3000,20260930-4-k98x,16,en passant,3,2
relu_s2,3000,20260930-4-k98x,16,en passant,3,3
relu_s2,3000,20260930-4-k98x,19,rep >=2 before,-3,-3
relu_s2,3000,20260930-4-k98x,19,rep >=2 before,-3,-2
relu_s2,3000,20260930-4-k98x,19,rep >=2 before,-3,-1
relu_s2,3000,20260930-4-k98x,19,rep >=2 before,-3,0
relu_s2,3000,20260930-4-k98x,19,rep >=2 before,-3,1
relu_s2,3000,20260930-4-k98x,19,rep >=2 before,-3,2
relu_s2,3000,20260930-4-k98x,19,rep >=2 before,-3,3
relu_s2,3000,20260930-4-k98x,19,rep >=2 before,-2,-3
relu_s2,3000,20260930-4-k98x,19,rep >=2 before,-2,-2
relu_s2,3000,20260930-4-k98x,19,rep >=2 before,-2,-1
relu_s2,3000,20260930-4-k98x,19,rep >=2 before,-2,0
relu_s2,3000,20260930-4-k98x,19,rep >=2 before,-2,1
relu_s2,3000,20260930-4-k98x,19,rep >=2 before,-2,2
relu_s2,3000,20260930-4-k98x,19,rep >=2 before,-2,3
relu_s2,3000,20260930-4-k98x,19,rep >=2 before,-1,-3
relu_s2,3000,20260930-4-k98x,19,rep >=2 before,-1,-2
relu_s2,3000,20260930-4-k98x,19,rep >=2 before,-1,-1
relu_s2,3000,20260930-4-k98x,19,rep >=2 before,-1,0
relu_s2,3000,20260930-4-k98x,19,rep >=2 before,-1,1
relu_s2,3000,20260930-4-k98x,19,rep >=2 before,-1,2
relu_s2,3000,20260930-4-k98x,19,rep >=2 before,-1,3
relu_s2,3000,20260930-4-k98x,19,rep >=2 before,0,-3
relu_s2,3000,20260930-4-k98x,19,rep >=2 before,0,-2
relu_s2,3000,20260930-4-k98x,19,rep >=2 before,0,-1
relu_s2,3000,20260930-4-k98x,19,rep >=2 before,0,0
relu_s2,3000,20260930-4-k98x,19,rep >=2 before,0,1
relu_s2,3000,20260930-4-k98x,19,rep >=2 before,0,2
relu_s2,3000,20260930-4-k98x,19,rep >=2 before,0,3
relu_s2,3000,20260930-4-k98x,19,rep >=2 before,1,-3
relu_s2,3000,20260930-4-k98x,19,rep >=2 before,1,-2
relu_s2,3000,20260930-4-k98x,19,rep >=2 before,1,-1
relu_s2,3000,20260930-4-k98x,19,rep >=2 before,1,0
relu_s2,3000,20260930-4-k98x,19,rep >=2 before,1,1
relu_s2,3000,20260930-4-k98x,19,rep >=2 before,1,2
relu_s2,3000,20260930-4-k98x,19,rep >=2 before,1,3
relu_s2,3000,20260930-4-k98x,19,rep >=2 before,2,-3
relu_s2,3000,20260930-4-k98x,19,rep >=2 before,2,-2
relu_s2,3000,20260930-4-k98x,19,rep >=2 before,2,-1
relu_s2,3000,20260930-4-k98x,19,rep >=2 before,2,0
relu_s2,3000,20260930-4-k98x,19,rep >=2 before,2,1
relu_s2,3000,20260930-4-k98x,19,rep >=2 before,2,2
relu_s2,3000,20260930-4-k98x,19,rep >=2 before,2,3
relu_s2,3000,20260930-4-k98x,19,rep >=2 before,3,-3
relu_s2,3000,20260930-4-k98x,19,rep >=2 before,3,-2
relu_s2,3000,20260930-4-k98x,19,rep >=2 before,3,-1
relu_s2,3000,20260930-4-k98x,19,rep >=2 before,3,0
relu_s2,3000,20260930-4-k98x,19,rep >=2 before,3,1
relu_s2,3000,20260930-4-k98x,19,rep >=2 before,3,2
relu_s2,3000,20260930-4-k98x,19,rep >=2 before,3,3
relu_s2,3000,20260930-4-k98x,20,pos 1 plies ago,-3,-3
relu_s2,3000,20260930-4-k98x,20,pos 1 plies ago,-3,-2
relu_s2,3000,20260930-4-k98x,20,pos 1 plies ago,-3,-1
relu_s2,3000,20260930-4-k98x,20,pos 1 plies ago,-3,0
relu_s2,3000,20260930-4-k98x,20,pos 1 plies ago,-3,1
relu_s2,3000,20260930-4-k98x,20,pos 1 plies ago,-3,2
relu_s2,3000,20260930-4-k98x,20,pos 1 plies ago,-3,3
relu_s2,3000,20260930-4-k98x,20,pos 1 plies ago,-2,-3
relu_s2,3000,20260930-4-k98x,20,pos 1 plies ago,-2,-2
relu_s2,3000,20260930-4-k98x,20,pos 1 plies ago,-2,-1
relu_s2,3000,20260930-4-k98x,20,pos 1 plies ago,-2,0
relu_s2,3000,20260930-4-k98x,20,pos 1 plies ago,-2,1
relu_s2,3000,20260930-4-k98x,20,pos 1 plies ago,-2,2
relu_s2,3000,20260930-4-k98x,20,pos 1 plies ago,-2,3
relu_s2,3000,20260930-4-k98x,20,pos 1 plies ago,-1,-3
relu_s2,3000,20260930-4-k98x,20,pos 1 plies ago,-1,-2
relu_s2,3000,20260930-4-k98x,20,pos 1 plies ago,-1,-1
relu_s2,3000,20260930-4-k98x,20,pos 1 plies ago,-1,0
relu_s2,3000,20260930-4-k98x,20,pos 1 plies ago,-1,1
relu_s2,3000,20260930-4-k98x,20,pos 1 plies ago,-1,2
relu_s2,3000,20260930-4-k98x,20,pos 1 plies ago,-1,3
relu_s2,3000,20260930-4-k98x,20,pos 1 plies ago,0,-3
relu_s2,3000,20260930-4-k98x,20,pos 1 plies ago,0,-2
relu_s2,3000,20260930-4-k98x,20,pos 1 plies ago,0,-1
relu_s2,3000,20260930-4-k98x,20,pos 1 plies ago,0,0
relu_s2,3000,20260930-4-k98x,20,pos 1 plies ago,0,1
relu_s2,3000,20260930-4-k98x,20,pos 1 plies ago,0,2
relu_s2,3000,20260930-4-k98x,20,pos 1 plies ago,0,3
relu_s2,3000,20260930-4-k98x,20,pos 1 plies ago,1,-3
relu_s2,3000,20260930-4-k98x,20,pos 1 plies ago,1,-2
relu_s2,3000,20260930-4-k98x,20,pos 1 plies ago,1,-1
relu_s2,3000,20260930-4-k98x,20,pos 1 plies ago,1,0
relu_s2,3000,20260930-4-k98x,20,pos 1 plies ago,1,1
relu_s2,3000,20260930-4-k98x,20,pos 1 plies ago,1,2
relu_s2,3000,20260930-4-k98x,20,pos 1 plies ago,1,3
relu_s2,3000,20260930-4-k98x,20,pos 1 plies ago,2,-3
relu_s2,3000,20260930-4-k98x,20,pos 1 plies ago,2,-2
relu_s2,3000,20260930-4-k98x,20,pos 1 plies ago,2,-1
relu_s2,3000,20260930-4-k98x,20,pos 1 plies ago,2,0
relu_s2,3000,20260930-4-k98x,20,pos 1 plies ago,2,1
relu_s2,3000,20260930-4-k98x,20,pos 1 plies ago,2,2
relu_s2,3000,20260930-4-k98x,20,pos 1 plies ago,2,3
relu_s2,3000,20260930-4-k98x,20,pos 1 plies ago,3,-3
relu_s2,3000,20260930-4-k98x,20,pos 1 plies ago,3,-2
relu_s2,3000,20260930-4-k98x,20,pos 1 plies ago,3,-1
relu_s2,3000,20260930-4-k98x,20,pos 1 plies ago,3,0
relu_s2,3000,20260930-4-k98x,20,pos 1 plies ago,3,1
relu_s2,3000,20260930-4-k98x,20,pos 1 plies ago,3,2
relu_s2,3000,20260930-4-k98x,20,pos 1 plies ago,3,3
relu_s2,3000,20260930-4-k98x,21,pos 2 plies ago,-3,-3
relu_s2,3000,20260930-4-k98x,21,pos 2 plies ago,-3,-2
relu_s2,3000,20260930-4-k98x,21,pos 2 plies ago,-3,-1
relu_s2,3000,20260930-4-k98x,21,pos 2 plies ago,-3,0
relu_s2,3000,20260930-4-k98x,21,pos 2 plies ago,-3,1
relu_s2,3000,20260930-4-k98x,21,pos 2 plies ago,-3,2
relu_s2,3000,20260930-4-k98x,21,pos 2 plies ago,-3,3
relu_s2,3000,20260930-4-k98x,21,pos 2 plies ago,-2,-3
relu_s2,3000,20260930-4-k98x,21,pos 2 plies ago,-2,-2
relu_s2,3000,20260930-4-k98x,21,pos 2 plies ago,-2,-1
relu_s2,3000,20260930-4-k98x,21,pos 2 plies ago,-2,0
relu_s2,3000,20260930-4-k98x,21,pos 2 plies ago,-2,1
relu_s2,3000,20260930-4-k98x,21,pos 2 plies ago,-2,2
relu_s2,3000,20260930-4-k98x,21,pos 2 plies ago,-2,3
relu_s2,3000,20260930-4-k98x,21,pos 2 plies ago,-1,-3
relu_s2,3000,20260930-4-k98x,21,pos 2 plies ago,-1,-2
relu_s2,3000,20260930-4-k98x,21,pos 2 plies ago,-1,-1
relu_s2,3000,20260930-4-k98x,21,pos 2 plies ago,-1,0
relu_s2,3000,20260930-4-k98x,21,pos 2 plies ago,-1,1
relu_s2,3000,20260930-4-k98x,21,pos 2 plies ago,-1,2
relu_s2,3000,20260930-4-k98x,21,pos 2 plies ago,-1,3
relu_s2,3000,20260930-4-k98x,21,pos 2 plies ago,0,-3
relu_s2,3000,20260930-4-k98x,21,pos 2 plies ago,0,-2
relu_s2,3000,20260930-4-k98x,21,pos 2 plies ago,0,-1
relu_s2,3000,20260930-4-k98x,21,pos 2 plies ago,0,0
relu_s2,3000,20260930-4-k98x,21,pos 2 plies ago,0,1
relu_s2,3000,20260930-4-k98x,21,pos 2 plies ago,0,2
relu_s2,3000,20260930-4-k98x,21,pos 2 plies ago,0,3
relu_s2,3000,20260930-4-k98x,21,pos 2 plies ago,1,-3
relu_s2,3000,20260930-4-k98x,21,pos 2 plies ago,1,-2
relu_s2,3000,20260930-4-k98x,21,pos 2 plies ago,1,-1
relu_s2,3000,20260930-4-k98x,21,pos 2 plies ago,1,0
relu_s2,3000,20260930-4-k98x,21,pos 2 plies ago,1,1
relu_s2,3000,20260930-4-k98x,21,pos 2 plies ago,1,2
relu_s2,3000,20260930-4-k98x,21,pos 2 plies ago,1,3
relu_s2,3000,20260930-4-k98x,21,pos 2 plies ago,2,-3
relu_s2,3000,20260930-4-k98x,21,pos 2 plies ago,2,-2
relu_s2,3000,20260930-4-k98x,21,pos 2 plies ago,2,-1
relu_s2,3000,20260930-4-k98x,21,pos 2 plies ago,2,0
relu_s2,3000,20260930-4-k98x,21,pos 2 plies ago,2,1
relu_s2,3000,20260930-4-k98x,21,pos 2 plies ago,2,2
relu_s2,3000,20260930-4-k98x,21,pos 2 plies ago,2,3
relu_s2,3000,20260930-4-k98x,21,pos 2 plies ago,3,-3
relu_s2,3000,20260930-4-k98x,21,pos 2 plies ago,3,-2
relu_s2,3000,20260930-4-k98x,21,pos 2 plies ago,3,-1
relu_s2,3000,20260930-4-k98x,21,pos 2 plies ago,3,0
relu_s2,3000,20260930-4-k98x,21,pos 2 plies ago,3,1
relu_s2,3000,20260930-4-k98x,21,pos 2 plies ago,3,2
relu_s2,3000,20260930-4-k98x,21,pos 2 plies ago,3,3
relu_s2,3000,20260930-4-k98x,22,pos 3 plies ago,-3,-3
relu_s2,3000,20260930-4-k98x,22,pos 3 plies ago,-3,-2
relu_s2,3000,20260930-4-k98x,22,pos 3 plies ago,-3,-1
relu_s2,3000,20260930-4-k98x,22,pos 3 plies ago,-3,0
relu_s2,3000,20260930-4-k98x,22,pos 3 plies ago,-3,1
relu_s2,3000,20260930-4-k98x,22,pos 3 plies ago,-3,2
relu_s2,3000,20260930-4-k98x,22,pos 3 plies ago,-3,3
relu_s2,3000,20260930-4-k98x,22,pos 3 plies ago,-2,-3
relu_s2,3000,20260930-4-k98x,22,pos 3 plies ago,-2,-2
relu_s2,3000,20260930-4-k98x,22,pos 3 plies ago,-2,-1
relu_s2,3000,20260930-4-k98x,22,pos 3 plies ago,-2,0
relu_s2,3000,20260930-4-k98x,22,pos 3 plies ago,-2,1
relu_s2,3000,20260930-4-k98x,22,pos 3 plies ago,-2,2
relu_s2,3000,20260930-4-k98x,22,pos 3 plies ago,-2,3
relu_s2,3000,20260930-4-k98x,22,pos 3 plies ago,-1,-3
relu_s2,3000,20260930-4-k98x,22,pos 3 plies ago,-1,-2
relu_s2,3000,20260930-4-k98x,22,pos 3 plies ago,-1,-1
relu_s2,3000,20260930-4-k98x,22,pos 3 plies ago,-1,0
relu_s2,3000,20260930-4-k98x,22,pos 3 plies ago,-1,1
relu_s2,3000,20260930-4-k98x,22,pos 3 plies ago,-1,2
relu_s2,3000,20260930-4-k98x,22,pos 3 plies ago,-1,3
relu_s2,3000,20260930-4-k98x,22,pos 3 plies ago,0,-3
relu_s2,3000,20260930-4-k98x,22,pos 3 plies ago,0,-2
relu_s2,3000,20260930-4-k98x,22,pos 3 plies ago,0,-1
relu_s2,3000,20260930-4-k98x,22,pos 3 plies ago,0,0
relu_s2,3000,20260930-4-k98x,22,pos 3 plies ago,0,1
relu_s2,3000,20260930-4-k98x,22,pos 3 plies ago,0,2
relu_s2,3000,20260930-4-k98x,22,pos 3 plies ago,0,3
relu_s2,3000,20260930-4-k98x,22,pos 3 plies ago,1,-3
relu_s2,3000,20260930-4-k98x,22,pos 3 plies ago,1,-2
relu_s2,3000,20260930-4-k98x,22,pos 3 plies ago,1,-1
relu_s2,3000,20260930-4-k98x,22,pos 3 plies ago,1,0
relu_s2,3000,20260930-4-k98x,22,pos 3 plies ago,1,1
relu_s2,3000,20260930-4-k98x,22,pos 3 plies ago,1,2
relu_s2,3000,20260930-4-k98x,22,pos 3 plies ago,1,3
relu_s2,3000,20260930-4-k98x,22,pos 3 plies ago,2,-3
relu_s2,3000,20260930-4-k98x,22,pos 3 plies ago,2,-2
relu_s2,3000,20260930-4-k98x,22,pos 3 plies ago,2,-1
relu_s2,3000,20260930-4-k98x,22,pos 3 plies ago,2,0
relu_s2,3000,20260930-4-k98x,22,pos 3 plies ago,2,1
relu_s2,3000,20260930-4-k98x,22,pos 3 plies ago,2,2
relu_s2,3000,20260930-4-k98x,22,pos 3 plies ago,2,3
relu_s2,3000,20260930-4-k98x,22,pos 3 plies ago,3,-3
relu_s2,3000,20260930-4-k98x,22,pos 3 plies ago,3,-2
relu_s2,3000,20260930-4-k98x,22,pos 3 plies ago,3,-1
relu_s2,3000,20260930-4-k98x,22,pos 3 plies ago,3,0
relu_s2,3000,20260930-4-k98x,22,pos 3 plies ago,3,1
relu_s2,3000,20260930-4-k98x,22,pos 3 plies ago,3,2
relu_s2,3000,20260930-4-k98x,22,pos 3 plies ago,3,3
relu_s2,3000,20260930-4-k98x,24,pos 5 plies ago,-3,-3
relu_s2,3000,20260930-4-k98x,24,pos 5 plies ago,-3,-2
relu_s2,3000,20260930-4-k98x,24,pos 5 plies ago,-3,-1
relu_s2,3000,20260930-4-k98x,24,pos 5 plies ago,-3,0
relu_s2,3000,20260930-4-k98x,24,pos 5 plies ago,-3,1
relu_s2,3000,20260930-4-k98x,24,pos 5 plies ago,-3,2
relu_s2,3000,20260930-4-k98x,24,pos 5 plies ago,-3,3
relu_s2,3000,20260930-4-k98x,24,pos 5 plies ago,-2,-3
relu_s2,3000,20260930-4-k98x,24,pos 5 plies ago,-2,-2
relu_s2,3000,20260930-4-k98x,24,pos 5 plies ago,-2,-1
relu_s2,3000,20260930-4-k98x,24,pos 5 plies ago,-2,0
relu_s2,3000,20260930-4-k98x,24,pos 5 plies ago,-2,1
relu_s2,3000,20260930-4-k98x,24,pos 5 plies ago,-2,2
relu_s2,3000,20260930-4-k98x,24,pos 5 plies ago,-2,3
relu_s2,3000,20260930-4-k98x,24,pos 5 plies ago,-1,-3
relu_s2,3000,20260930-4-k98x,24,pos 5 plies ago,-1,-2
relu_s2,3000,20260930-4-k98x,24,pos 5 plies ago,-1,-1
relu_s2,3000,20260930-4-k98x,24,pos 5 plies ago,-1,0
relu_s2,3000,20260930-4-k98x,24,pos 5 plies ago,-1,1
relu_s2,3000,20260930-4-k98x,24,pos 5 plies ago,-1,2
relu_s2,3000,20260930-4-k98x,24,pos 5 plies ago,-1,3
relu_s2,3000,20260930-4-k98x,24,pos 5 plies ago,0,-3
relu_s2,3000,20260930-4-k98x,24,pos 5 plies ago,0,-2
relu_s2,3000,20260930-4-k98x,24,pos 5 plies ago,0,-1
relu_s2,3000,20260930-4-k98x,24,pos 5 plies ago,0,0
relu_s2,3000,20260930-4-k98x,24,pos 5 plies ago,0,1
relu_s2,3000,20260930-4-k98x,24,pos 5 plies ago,0,2
relu_s2,3000,20260930-4-k98x,24,pos 5 plies ago,0,3
relu_s2,3000,20260930-4-k98x,24,pos 5 plies ago,1,-3
relu_s2,3000,20260930-4-k98x,24,pos 5 plies ago,1,-2
relu_s2,3000,20260930-4-k98x,24,pos 5 plies ago,1,-1
relu_s2,3000,20260930-4-k98x,24,pos 5 plies ago,1,0
relu_s2,3000,20260930-4-k98x,24,pos 5 plies ago,1,1
relu_s2,3000,20260930-4-k98x,24,pos 5 plies ago,1,2
relu_s2,3000,20260930-4-k98x,24,pos 5 plies ago,1,3
relu_s2,3000,20260930-4-k98x,24,pos 5 plies ago,2,-3
relu_s2,3000,20260930-4-k98x,24,pos 5 plies ago,2,-2
relu_s2,3000,20260930-4-k98x,24,pos 5 plies ago,2,-1
relu_s2,3000,20260930-4-k98x,24,pos 5 plies ago,2,0
relu_s2,3000,20260930-4-k98x,24,pos 5 plies ago,2,1
relu_s2,3000,20260930-4-k98x,24,pos 5 plies ago,2,2
relu_s2,3000,20260930-4-k98x,24,pos 5 plies ago,2,3
relu_s2,3000,20260930-4-k98x,24,pos 5 plies ago,3,-3
relu_s2,3000,20260930-4-k98x,24,pos 5 plies ago,3,-2
relu_s2,3000,20260930-4-k98x,24,pos 5 plies ago,3,-1
relu_s2,3000,20260930-4-k98x,24,pos 5 plies ago,3,0
relu_s2,3000,20260930-4-k98x,24,pos 5 plies ago,3,1
relu_s2,3000,20260930-4-k98x,24,pos 5 plies ago,3,2
relu_s2,3000,20260930-4-k98x,24,pos 5 plies ago,3,3
relu_s2,3000,20260930-4-k98x,26,pos 7 plies ago,-3,-3
relu_s2,3000,20260930-4-k98x,26,pos 7 plies ago,-3,-2
relu_s2,3000,20260930-4-k98x,26,pos 7 plies ago,-3,-1
relu_s2,3000,20260930-4-k98x,26,pos 7 plies ago,-3,0
relu_s2,3000,20260930-4-k98x,26,pos 7 plies ago,-3,1
relu_s2,3000,20260930-4-k98x,26,pos 7 plies ago,-3,2
relu_s2,3000,20260930-4-k98x,26,pos 7 plies ago,-3,3
relu_s2,3000,20260930-4-k98x,26,pos 7 plies ago,-2,-3
relu_s2,3000,20260930-4-k98x,26,pos 7 plies ago,-2,-2
relu_s2,3000,20260930-4-k98x,26,pos 7 plies ago,-2,-1
relu_s2,3000,20260930-4-k98x,26,pos 7 plies ago,-2,0
relu_s2,3000,20260930-4-k98x,26,pos 7 plies ago,-2,1
relu_s2,3000,20260930-4-k98x,26,pos 7 plies ago,-2,2
relu_s2,3000,20260930-4-k98x,26,pos 7 plies ago,-2,3
relu_s2,3000,20260930-4-k98x,26,pos 7 plies ago,-1,-3
relu_s2,3000,20260930-4-k98x,26,pos 7 plies ago,-1,-2
relu_s2,3000,20260930-4-k98x,26,pos 7 plies ago,-1,-1
relu_s2,3000,20260930-4-k98x,26,pos 7 plies ago,-1,0
relu_s2,3000,20260930-4-k98x,26,pos 7 plies ago,-1,1
relu_s2,3000,20260930-4-k98x,26,pos 7 plies ago,-1,2
relu_s2,3000,20260930-4-k98x,26,pos 7 plies ago,-1,3
relu_s2,3000,20260930-4-k98x,26,pos 7 plies ago,0,-3
relu_s2,3000,20260930-4-k98x,26,pos 7 plies ago,0,-2
relu_s2,3000,20260930-4-k98x,26,pos 7 plies ago,0,-1
relu_s2,3000,20260930-4-k98x,26,pos 7 plies ago,0,0
relu_s2,3000,20260930-4-k98x,26,pos 7 plies ago,0,1
relu_s2,3000,20260930-4-k98x,26,pos 7 plies ago,0,2
relu_s2,3000,20260930-4-k98x,26,pos 7 plies ago,0,3
relu_s2,3000,20260930-4-k98x,26,pos 7 plies ago,1,-3
relu_s2,3000,20260930-4-k98x,26,pos 7 plies ago,1,-2
relu_s2,3000,20260930-4-k98x,26,pos 7 plies ago,1,-1
relu_s2,3000,20260930-4-k98x,26,pos 7 plies ago,1,0
relu_s2,3000,20260930-4-k98x,26,pos 7 plies ago,1,1
relu_s2,3000,20260930-4-k98x,26,pos 7 plies ago,1,2
relu_s2,3000,20260930-4-k98x,26,pos 7 plies ago,1,3
relu_s2,3000,20260930-4-k98x,26,pos 7 plies ago,2,-3
relu_s2,3000,20260930-4-k98x,26,pos 7 plies ago,2,-2
relu_s2,3000,20260930-4-k98x,26,pos 7 plies ago,2,-1
relu_s2,3000,20260930-4-k98x,26,pos 7 plies ago,2,0
relu_s2,3000,20260930-4-k98x,26,pos 7 plies ago,2,1
relu_s2,3000,20260930-4-k98x,26,pos 7 plies ago,2,2
relu_s2,3000,20260930-4-k98x,26,pos 7 plies ago,2,3
relu_s2,3000,20260930-4-k98x,26,pos 7 plies ago,3,-3
relu_s2,3000,20260930-4-k98x,26,pos 7 plies ago,3,-2
relu_s2,3000,20260930-4-k98x,26,pos 7 plies ago,3,-1
relu_s2,3000,20260930-4-k98x,26,pos 7 plies ago,3,0
relu_s2,3000,20260930-4-k98x,26,pos 7 plies ago,3,1
relu_s2,3000,20260930-4-k98x,26,pos 7 plies ago,3,2
relu_s2,3000,20260930-4-k98x,26,pos 7 plies ago,3,3
relu_s2,3000,20260930-4-k98x,28,pos 9 plies ago,-3,-3
relu_s2,3000,20260930-4-k98x,28,pos 9 plies ago,-3,-2
relu_s2,3000,20260930-4-k98x,28,pos 9 plies ago,-3,-1
relu_s2,3000,20260930-4-k98x,28,pos 9 plies ago,-3,0
relu_s2,3000,20260930-4-k98x,28,pos 9 plies ago,-3,1
relu_s2,3000,20260930-4-k98x,28,pos 9 plies ago,-3,2
relu_s2,3000,20260930-4-k98x,28,pos 9 plies ago,-3,3
relu_s2,3000,20260930-4-k98x,28,pos 9 plies ago,-2,-3
relu_s2,3000,20260930-4-k98x,28,pos 9 plies ago,-2,-2
relu_s2,3000,20260930-4-k98x,28,pos 9 plies ago,-2,-1
relu_s2,3000,20260930-4-k98x,28,pos 9 plies ago,-2,0
relu_s2,3000,20260930-4-k98x,28,pos 9 plies ago,-2,1
relu_s2,3000,20260930-4-k98x,28,pos 9 plies ago,-2,2
relu_s2,3000,20260930-4-k98x,28,pos 9 plies ago,-2,3
relu_s2,3000,20260930-4-k98x,28,pos 9 plies ago,-1,-3
relu_s2,3000,20260930-4-k98x,28,pos 9 plies ago,-1,-2
relu_s2,3000,20260930-4-k98x,28,pos 9 plies ago,-1,-1
relu_s2,3000,20260930-4-k98x,28,pos 9 plies ago,-1,0
relu_s2,3000,20260930-4-k98x,28,pos 9 plies ago,-1,1
relu_s2,3000,20260930-4-k98x,28,pos 9 plies ago,-1,2
relu_s2,3000,20260930-4-k98x,28,pos 9 plies ago,-1,3
relu_s2,3000,20260930-4-k98x,28,pos 9 plies ago,0,-3
relu_s2,3000,20260930-4-k98x,28,pos 9 plies ago,0,-2
relu_s2,3000,20260930-4-k98x,28,pos 9 plies ago,0,-1
relu_s2,3000,20260930-4-k98x,28,pos 9 plies ago,0,0
relu_s2,3000,20260930-4-k98x,28,pos 9 plies ago,0,1
relu_s2,3000,20260930-4-k98x,28,pos 9 plies ago,0,2
relu_s2,3000,20260930-4-k98x,28,pos 9 plies ago,0,3
relu_s2,3000,20260930-4-k98x,28,pos 9 plies ago,1,-3
relu_s2,3000,20260930-4-k98x,28,pos 9 plies ago,1,-2
relu_s2,3000,20260930-4-k98x,28,pos 9 plies ago,1,-1
relu_s2,3000,20260930-4-k98x,28,pos 9 plies ago,1,0
relu_s2,3000,20260930-4-k98x,28,pos 9 plies ago,1,1
relu_s2,3000,20260930-4-k98x,28,pos 9 plies ago,1,2
relu_s2,3000,20260930-4-k98x,28,pos 9 plies ago,1,3
relu_s2,3000,20260930-4-k98x,28,pos 9 plies ago,2,-3
relu_s2,3000,20260930-4-k98x,28,pos 9 plies ago,2,-2
relu_s2,3000,20260930-4-k98x,28,pos 9 plies ago,2,-1
relu_s2,3000,20260930-4-k98x,28,pos 9 plies ago,2,0
relu_s2,3000,20260930-4-k98x,28,pos 9 plies ago,2,1
relu_s2,3000,20260930-4-k98x,28,pos 9 plies ago,2,2
relu_s2,3000,20260930-4-k98x,28,pos 9 plies ago,2,3
relu_s2,3000,20260930-4-k98x,28,pos 9 plies ago,3,-3
relu_s2,3000,20260930-4-k98x,28,pos 9 plies ago,3,-2
relu_s2,3000,20260930-4-k98x,28,pos 9 plies ago,3,-1
relu_s2,3000,20260930-4-k98x,28,pos 9 plies ago,3,0
relu_s2,3000,20260930-4-k98x,28,pos 9 plies ago,3,1
relu_s2,3000,20260930-4-k98x,28,pos 9 plies ago,3,2
relu_s2,3000,20260930-4-k98x,28,pos 9 plies ago,3,3
relu_s2,4000,20260930-4-k98x,16,en passant,3,-3
relu_s2,4000,20260930-4-k98x,16,en passant,3,-2
relu_s2,4000,20260930-4-k98x,16,en passant,3,-1
relu_s2,4000,20260930-4-k98x,16,en passant,3,0
relu_s2,4000,20260930-4-k98x,16,en passant,3,1
relu_s2,4000,20260930-4-k98x,16,en passant,3,2
relu_s2,4000,20260930-4-k98x,16,en passant,3,3
relu_s2,4000,20260930-4-k98x,19,rep >=2 before,-3,-3
relu_s2,4000,20260930-4-k98x,19,rep >=2 before,-3,-2
relu_s2,4000,20260930-4-k98x,19,rep >=2 before,-3,-1
relu_s2,4000,20260930-4-k98x,19,rep >=2 before,-3,0
relu_s2,4000,20260930-4-k98x,19,rep >=2 before,-3,1
relu_s2,4000,20260930-4-k98x,19,rep >=2 before,-3,2
relu_s2,4000,20260930-4-k98x,19,rep >=2 before,-3,3
relu_s2,4000,20260930-4-k98x,19,rep >=2 before,-2,-3
relu_s2,4000,20260930-4-k98x,19,rep >=2 before,-2,-2
relu_s2,4000,20260930-4-k98x,19,rep >=2 before,-2,-1
relu_s2,4000,20260930-4-k98x,19,rep >=2 before,-2,0
relu_s2,4000,20260930-4-k98x,19,rep >=2 before,-2,1
relu_s2,4000,20260930-4-k98x,19,rep >=2 before,-2,2
relu_s2,4000,20260930-4-k98x,19,rep >=2 before,-2,3
relu_s2,4000,20260930-4-k98x,19,rep >=2 before,-1,-3
relu_s2,4000,20260930-4-k98x,19,rep >=2 before,-1,-2
relu_s2,4000,20260930-4-k98x,19,rep >=2 before,-1,-1
relu_s2,4000,20260930-4-k98x,19,rep >=2 before,-1,0
relu_s2,4000,20260930-4-k98x,19,rep >=2 before,-1,1
relu_s2,4000,20260930-4-k98x,19,rep >=2 before,-1,2
relu_s2,4000,20260930-4-k98x,19,rep >=2 before,-1,3
relu_s2,4000,20260930-4-k98x,19,rep >=2 before,0,-3
relu_s2,4000,20260930-4-k98x,19,rep >=2 before,0,-2
relu_s2,4000,20260930-4-k98x,19,rep >=2 before,0,-1
relu_s2,4000,20260930-4-k98x,19,rep >=2 before,0,0
relu_s2,4000,20260930-4-k98x,19,rep >=2 before,0,1
relu_s2,4000,20260930-4-k98x,19,rep >=2 before,0,2
relu_s2,4000,20260930-4-k98x,19,rep >=2 before,0,3
relu_s2,4000,20260930-4-k98x,19,rep >=2 before,1,-3
relu_s2,4000,20260930-4-k98x,19,rep >=2 before,1,-2
relu_s2,4000,20260930-4-k98x,19,rep >=2 before,1,-1
relu_s2,4000,20260930-4-k98x,19,rep >=2 before,1,0
relu_s2,4000,20260930-4-k98x,19,rep >=2 before,1,1
relu_s2,4000,20260930-4-k98x,19,rep >=2 before,1,2
relu_s2,4000,20260930-4-k98x,19,rep >=2 before,1,3
relu_s2,4000,20260930-4-k98x,19,rep >=2 before,2,-3
relu_s2,4000,20260930-4-k98x,19,rep >=2 before,2,-2
relu_s2,4000,20260930-4-k98x,19,rep >=2 before,2,-1
relu_s2,4000,20260930-4-k98x,19,rep >=2 before,2,0
relu_s2,4000,20260930-4-k98x,19,rep >=2 before,2,1
relu_s2,4000,20260930-4-k98x,19,rep >=2 before,2,2
relu_s2,4000,20260930-4-k98x,19,rep >=2 before,2,3
relu_s2,4000,20260930-4-k98x,19,rep >=2 before,3,-3
relu_s2,4000,20260930-4-k98x,19,rep >=2 before,3,-2
relu_s2,4000,20260930-4-k98x,19,rep >=2 before,3,-1
relu_s2,4000,20260930-4-k98x,19,rep >=2 before,3,0
relu_s2,4000,20260930-4-k98x,19,rep >=2 before,3,1
relu_s2,4000,20260930-4-k98x,19,rep >=2 before,3,2
relu_s2,4000,20260930-4-k98x,19,rep >=2 before,3,3
relu_s2,4000,20260930-4-k98x,20,pos 1 plies ago,-3,-3
relu_s2,4000,20260930-4-k98x,20,pos 1 plies ago,-3,-2
relu_s2,4000,20260930-4-k98x,20,pos 1 plies ago,-3,-1
relu_s2,4000,20260930-4-k98x,20,pos 1 plies ago,-3,0
relu_s2,4000,20260930-4-k98x,20,pos 1 plies ago,-3,1
relu_s2,4000,20260930-4-k98x,20,pos 1 plies ago,-3,2
relu_s2,4000,20260930-4-k98x,20,pos 1 plies ago,-3,3
relu_s2,4000,20260930-4-k98x,20,pos 1 plies ago,-2,-3
relu_s2,4000,20260930-4-k98x,20,pos 1 plies ago,-2,-2
relu_s2,4000,20260930-4-k98x,20,pos 1 plies ago,-2,-1
relu_s2,4000,20260930-4-k98x,20,pos 1 plies ago,-2,0
relu_s2,4000,20260930-4-k98x,20,pos 1 plies ago,-2,1
relu_s2,4000,20260930-4-k98x,20,pos 1 plies ago,-2,2
relu_s2,4000,20260930-4-k98x,20,pos 1 plies ago,-2,3
relu_s2,4000,20260930-4-k98x,20,pos 1 plies ago,-1,-3
relu_s2,4000,20260930-4-k98x,20,pos 1 plies ago,-1,-2
relu_s2,4000,20260930-4-k98x,20,pos 1 plies ago,-1,-1
relu_s2,4000,20260930-4-k98x,20,pos 1 plies ago,-1,0
relu_s2,4000,20260930-4-k98x,20,pos 1 plies ago,-1,1
relu_s2,4000,20260930-4-k98x,20,pos 1 plies ago,-1,2
relu_s2,4000,20260930-4-k98x,20,pos 1 plies ago,-1,3
relu_s2,4000,20260930-4-k98x,20,pos 1 plies ago,0,-3
relu_s2,4000,20260930-4-k98x,20,pos 1 plies ago,0,-2
relu_s2,4000,20260930-4-k98x,20,pos 1 plies ago,0,-1
relu_s2,4000,20260930-4-k98x,20,pos 1 plies ago,0,0
relu_s2,4000,20260930-4-k98x,20,pos 1 plies ago,0,1
relu_s2,4000,20260930-4-k98x,20,pos 1 plies ago,0,2
relu_s2,4000,20260930-4-k98x,20,pos 1 plies ago,0,3
relu_s2,4000,20260930-4-k98x,20,pos 1 plies ago,1,-3
relu_s2,4000,20260930-4-k98x,20,pos 1 plies ago,1,-2
relu_s2,4000,20260930-4-k98x,20,pos 1 plies ago,1,-1
relu_s2,4000,20260930-4-k98x,20,pos 1 plies ago,1,0
relu_s2,4000,20260930-4-k98x,20,pos 1 plies ago,1,1
relu_s2,4000,20260930-4-k98x,20,pos 1 plies ago,1,2
relu_s2,4000,20260930-4-k98x,20,pos 1 plies ago,1,3
relu_s2,4000,20260930-4-k98x,20,pos 1 plies ago,2,-3
relu_s2,4000,20260930-4-k98x,20,pos 1 plies ago,2,-2
relu_s2,4000,20260930-4-k98x,20,pos 1 plies ago,2,-1
relu_s2,4000,20260930-4-k98x,20,pos 1 plies ago,2,0
relu_s2,4000,20260930-4-k98x,20,pos 1 plies ago,2,1
relu_s2,4000,20260930-4-k98x,20,pos 1 plies ago,2,2
relu_s2,4000,20260930-4-k98x,20,pos 1 plies ago,2,3
relu_s2,4000,20260930-4-k98x,20,pos 1 plies ago,3,-3
relu_s2,4000,20260930-4-k98x,20,pos 1 plies ago,3,-2
relu_s2,4000,20260930-4-k98x,20,pos 1 plies ago,3,-1
relu_s2,4000,20260930-4-k98x,20,pos 1 plies ago,3,0
relu_s2,4000,20260930-4-k98x,20,pos 1 plies ago,3,1
relu_s2,4000,20260930-4-k98x,20,pos 1 plies ago,3,2
relu_s2,4000,20260930-4-k98x,20,pos 1 plies ago,3,3
relu_s2,4000,20260930-4-k98x,21,pos 2 plies ago,-3,-3
relu_s2,4000,20260930-4-k98x,21,pos 2 plies ago,-3,-2
relu_s2,4000,20260930-4-k98x,21,pos 2 plies ago,-3,-1
relu_s2,4000,20260930-4-k98x,21,pos 2 plies ago,-3,0
relu_s2,4000,20260930-4-k98x,21,pos 2 plies ago,-3,1
relu_s2,4000,20260930-4-k98x,21,pos 2 plies ago,-3,2
relu_s2,4000,20260930-4-k98x,21,pos 2 plies ago,-3,3
relu_s2,4000,20260930-4-k98x,21,pos 2 plies ago,-2,-3
relu_s2,4000,20260930-4-k98x,21,pos 2 plies ago,-2,-2
relu_s2,4000,20260930-4-k98x,21,pos 2 plies ago,-2,-1
relu_s2,4000,20260930-4-k98x,21,pos 2 plies ago,-2,0
relu_s2,4000,20260930-4-k98x,21,pos 2 plies ago,-2,1
relu_s2,4000,20260930-4-k98x,21,pos 2 plies ago,-2,2
relu_s2,4000,20260930-4-k98x,21,pos 2 plies ago,-2,3
relu_s2,4000,20260930-4-k98x,21,pos 2 plies ago,-1,-3
relu_s2,4000,20260930-4-k98x,21,pos 2 plies ago,-1,-2
relu_s2,4000,20260930-4-k98x,21,pos 2 plies ago,-1,-1
relu_s2,4000,20260930-4-k98x,21,pos 2 plies ago,-1,0
relu_s2,4000,20260930-4-k98x,21,pos 2 plies ago,-1,1
relu_s2,4000,20260930-4-k98x,21,pos 2 plies ago,-1,2
relu_s2,4000,20260930-4-k98x,21,pos 2 plies ago,-1,3
relu_s2,4000,20260930-4-k98x,21,pos 2 plies ago,0,-3
relu_s2,4000,20260930-4-k98x,21,pos 2 plies ago,0,-2
relu_s2,4000,20260930-4-k98x,21,pos 2 plies ago,0,-1
relu_s2,4000,20260930-4-k98x,21,pos 2 plies ago,0,0
relu_s2,4000,20260930-4-k98x,21,pos 2 plies ago,0,1
relu_s2,4000,20260930-4-k98x,21,pos 2 plies ago,0,2
relu_s2,4000,20260930-4-k98x,21,pos 2 plies ago,0,3
relu_s2,4000,20260930-4-k98x,21,pos 2 plies ago,1,-3
relu_s2,4000,20260930-4-k98x,21,pos 2 plies ago,1,-2
relu_s2,4000,20260930-4-k98x,21,pos 2 plies ago,1,-1
relu_s2,4000,20260930-4-k98x,21,pos 2 plies ago,1,0
relu_s2,4000,20260930-4-k98x,21,pos 2 plies ago,1,1
relu_s2,4000,20260930-4-k98x,21,pos 2 plies ago,1,2
relu_s2,4000,20260930-4-k98x,21,pos 2 plies ago,1,3
relu_s2,4000,20260930-4-k98x,21,pos 2 plies ago,2,-3
relu_s2,4000,20260930-4-k98x,21,pos 2 plies ago,2,-2
relu_s2,4000,20260930-4-k98x,21,pos 2 plies ago,2,-1
relu_s2,4000,20260930-4-k98x,21,pos 2 plies ago,2,0
relu_s2,4000,20260930-4-k98x,21,pos 2 plies ago,2,1
relu_s2,4000,20260930-4-k98x,21,pos 2 plies ago,2,2
relu_s2,4000,20260930-4-k98x,21,pos 2 plies ago,2,3
relu_s2,4000,20260930-4-k98x,21,pos 2 plies ago,3,-3
relu_s2,4000,20260930-4-k98x,21,pos 2 plies ago,3,-2
relu_s2,4000,20260930-4-k98x,21,pos 2 plies ago,3,-1
relu_s2,4000,20260930-4-k98x,21,pos 2 plies ago,3,0
relu_s2,4000,20260930-4-k98x,21,pos 2 plies ago,3,1
relu_s2,4000,20260930-4-k98x,21,pos 2 plies ago,3,2
relu_s2,4000,20260930-4-k98x,21,pos 2 plies ago,3,3
relu_s2,4000,20260930-4-k98x,22,pos 3 plies ago,-3,-3
relu_s2,4000,20260930-4-k98x,22,pos 3 plies ago,-3,-2
relu_s2,4000,20260930-4-k98x,22,pos 3 plies ago,-3,-1
relu_s2,4000,20260930-4-k98x,22,pos 3 plies ago,-3,0
relu_s2,4000,20260930-4-k98x,22,pos 3 plies ago,-3,1
relu_s2,4000,20260930-4-k98x,22,pos 3 plies ago,-3,2
relu_s2,4000,20260930-4-k98x,22,pos 3 plies ago,-3,3
relu_s2,4000,20260930-4-k98x,22,pos 3 plies ago,-2,-3
relu_s2,4000,20260930-4-k98x,22,pos 3 plies ago,-2,-2
relu_s2,4000,20260930-4-k98x,22,pos 3 plies ago,-2,-1
relu_s2,4000,20260930-4-k98x,22,pos 3 plies ago,-2,0
relu_s2,4000,20260930-4-k98x,22,pos 3 plies ago,-2,1
relu_s2,4000,20260930-4-k98x,22,pos 3 plies ago,-2,2
relu_s2,4000,20260930-4-k98x,22,pos 3 plies ago,-2,3
relu_s2,4000,20260930-4-k98x,22,pos 3 plies ago,-1,-3
relu_s2,4000,20260930-4-k98x,22,pos 3 plies ago,-1,-2
relu_s2,4000,20260930-4-k98x,22,pos 3 plies ago,-1,-1
relu_s2,4000,20260930-4-k98x,22,pos 3 plies ago,-1,0
relu_s2,4000,20260930-4-k98x,22,pos 3 plies ago,-1,1
relu_s2,4000,20260930-4-k98x,22,pos 3 plies ago,-1,2
relu_s2,4000,20260930-4-k98x,22,pos 3 plies ago,-1,3
relu_s2,4000,20260930-4-k98x,22,pos 3 plies ago,0,-3
relu_s2,4000,20260930-4-k98x,22,pos 3 plies ago,0,-2
relu_s2,4000,20260930-4-k98x,22,pos 3 plies ago,0,-1
relu_s2,4000,20260930-4-k98x,22,pos 3 plies ago,0,0
relu_s2,4000,20260930-4-k98x,22,pos 3 plies ago,0,1
relu_s2,4000,20260930-4-k98x,22,pos 3 plies ago,0,2
relu_s2,4000,20260930-4-k98x,22,pos 3 plies ago,0,3
relu_s2,4000,20260930-4-k98x,22,pos 3 plies ago,1,-3
relu_s2,4000,20260930-4-k98x,22,pos 3 plies ago,1,-2
relu_s2,4000,20260930-4-k98x,22,pos 3 plies ago,1,-1
relu_s2,4000,20260930-4-k98x,22,pos 3 plies ago,1,0
relu_s2,4000,20260930-4-k98x,22,pos 3 plies ago,1,1
relu_s2,4000,20260930-4-k98x,22,pos 3 plies ago,1,2
relu_s2,4000,20260930-4-k98x,22,pos 3 plies ago,1,3
relu_s2,4000,20260930-4-k98x,22,pos 3 plies ago,2,-3
relu_s2,4000,20260930-4-k98x,22,pos 3 plies ago,2,-2
relu_s2,4000,20260930-4-k98x,22,pos 3 plies ago,2,-1
relu_s2,4000,20260930-4-k98x,22,pos 3 plies ago,2,0
relu_s2,4000,20260930-4-k98x,22,pos 3 plies ago,2,1
relu_s2,4000,20260930-4-k98x,22,pos 3 plies ago,2,2
relu_s2,4000,20260930-4-k98x,22,pos 3 plies ago,2,3
relu_s2,4000,20260930-4-k98x,22,pos 3 plies ago,3,-3
relu_s2,4000,20260930-4-k98x,22,pos 3 plies ago,3,-2
relu_s2,4000,20260930-4-k98x,22,pos 3 plies ago,3,-1
relu_s2,4000,20260930-4-k98x,22,pos 3 plies ago,3,0
relu_s2,4000,20260930-4-k98x,22,pos 3 plies ago,3,1
relu_s2,4000,20260930-4-k98x,22,pos 3 plies ago,3,2
relu_s2,4000,20260930-4-k98x,22,pos 3 plies ago,3,3
relu_s2,4000,20260930-4-k98x,24,pos 5 plies ago,-3,-3
relu_s2,4000,20260930-4-k98x,24,pos 5 plies ago,-3,-2
relu_s2,4000,20260930-4-k98x,24,pos 5 plies ago,-3,-1
relu_s2,4000,20260930-4-k98x,24,pos 5 plies ago,-3,0
relu_s2,4000,20260930-4-k98x,24,pos 5 plies ago,-3,1
relu_s2,4000,20260930-4-k98x,24,pos 5 plies ago,-3,2
relu_s2,4000,20260930-4-k98x,24,pos 5 plies ago,-3,3
relu_s2,4000,20260930-4-k98x,24,pos 5 plies ago,-2,-3
relu_s2,4000,20260930-4-k98x,24,pos 5 plies ago,-2,-2
relu_s2,4000,20260930-4-k98x,24,pos 5 plies ago,-2,-1
relu_s2,4000,20260930-4-k98x,24,pos 5 plies ago,-2,0
relu_s2,4000,20260930-4-k98x,24,pos 5 plies ago,-2,1
relu_s2,4000,20260930-4-k98x,24,pos 5 plies ago,-2,2
relu_s2,4000,20260930-4-k98x,24,pos 5 plies ago,-2,3
relu_s2,4000,20260930-4-k98x,24,pos 5 plies ago,-1,-3
relu_s2,4000,20260930-4-k98x,24,pos 5 plies ago,-1,-2
relu_s2,4000,20260930-4-k98x,24,pos 5 plies ago,-1,-1
relu_s2,4000,20260930-4-k98x,24,pos 5 plies ago,-1,0
relu_s2,4000,20260930-4-k98x,24,pos 5 plies ago,-1,1
relu_s2,4000,20260930-4-k98x,24,pos 5 plies ago,-1,2
relu_s2,4000,20260930-4-k98x,24,pos 5 plies ago,-1,3
relu_s2,4000,20260930-4-k98x,24,pos 5 plies ago,0,-3
relu_s2,4000,20260930-4-k98x,24,pos 5 plies ago,0,-2
relu_s2,4000,20260930-4-k98x,24,pos 5 plies ago,0,-1
relu_s2,4000,20260930-4-k98x,24,pos 5 plies ago,0,0
relu_s2,4000,20260930-4-k98x,24,pos 5 plies ago,0,1
relu_s2,4000,20260930-4-k98x,24,pos 5 plies ago,0,2
relu_s2,4000,20260930-4-k98x,24,pos 5 plies ago,0,3
relu_s2,4000,20260930-4-k98x,24,pos 5 plies ago,1,-3
relu_s2,4000,20260930-4-k98x,24,pos 5 plies ago,1,-2
relu_s2,4000,20260930-4-k98x,24,pos 5 plies ago,1,-1
relu_s2,4000,20260930-4-k98x,24,pos 5 plies ago,1,0
relu_s2,4000,20260930-4-k98x,24,pos 5 plies ago,1,1
relu_s2,4000,20260930-4-k98x,24,pos 5 plies ago,1,2
relu_s2,4000,20260930-4-k98x,24,pos 5 plies ago,1,3
relu_s2,4000,20260930-4-k98x,24,pos 5 plies ago,2,-3
relu_s2,4000,20260930-4-k98x,24,pos 5 plies ago,2,-2
relu_s2,4000,20260930-4-k98x,24,pos 5 plies ago,2,-1
relu_s2,4000,20260930-4-k98x,24,pos 5 plies ago,2,0
relu_s2,4000,20260930-4-k98x,24,pos 5 plies ago,2,1
relu_s2,4000,20260930-4-k98x,24,pos 5 plies ago,2,2
relu_s2,4000,20260930-4-k98x,24,pos 5 plies ago,2,3
relu_s2,4000,20260930-4-k98x,24,pos 5 plies ago,3,-3
relu_s2,4000,20260930-4-k98x,24,pos 5 plies ago,3,-2
relu_s2,4000,20260930-4-k98x,24,pos 5 plies ago,3,-1
relu_s2,4000,20260930-4-k98x,24,pos 5 plies ago,3,0
relu_s2,4000,20260930-4-k98x,24,pos 5 plies ago,3,1
relu_s2,4000,20260930-4-k98x,24,pos 5 plies ago,3,2
relu_s2,4000,20260930-4-k98x,24,pos 5 plies ago,3,3
relu_s2,4000,20260930-4-k98x,26,pos 7 plies ago,-3,-3
relu_s2,4000,20260930-4-k98x,26,pos 7 plies ago,-3,-2
relu_s2,4000,20260930-4-k98x,26,pos 7 plies ago,-3,-1
relu_s2,4000,20260930-4-k98x,26,pos 7 plies ago,-3,0
relu_s2,4000,20260930-4-k98x,26,pos 7 plies ago,-3,1
relu_s2,4000,20260930-4-k98x,26,pos 7 plies ago,-3,2
relu_s2,4000,20260930-4-k98x,26,pos 7 plies ago,-3,3
relu_s2,4000,20260930-4-k98x,26,pos 7 plies ago,-2,-3
relu_s2,4000,20260930-4-k98x,26,pos 7 plies ago,-2,-2
relu_s2,4000,20260930-4-k98x,26,pos 7 plies ago,-2,-1
relu_s2,4000,20260930-4-k98x,26,pos 7 plies ago,-2,0
relu_s2,4000,20260930-4-k98x,26,pos 7 plies ago,-2,1
relu_s2,4000,20260930-4-k98x,26,pos 7 plies ago,-2,2
relu_s2,4000,20260930-4-k98x,26,pos 7 plies ago,-2,3
relu_s2,4000,20260930-4-k98x,26,pos 7 plies ago,-1,-3
relu_s2,4000,20260930-4-k98x,26,pos 7 plies ago,-1,-2
relu_s2,4000,20260930-4-k98x,26,pos 7 plies ago,-1,-1
relu_s2,4000,20260930-4-k98x,26,pos 7 plies ago,-1,0
relu_s2,4000,20260930-4-k98x,26,pos 7 plies ago,-1,1
relu_s2,4000,20260930-4-k98x,26,pos 7 plies ago,-1,2
relu_s2,4000,20260930-4-k98x,26,pos 7 plies ago,-1,3
relu_s2,4000,20260930-4-k98x,26,pos 7 plies ago,0,-3
relu_s2,4000,20260930-4-k98x,26,pos 7 plies ago,0,-2
relu_s2,4000,20260930-4-k98x,26,pos 7 plies ago,0,-1
relu_s2,4000,20260930-4-k98x,26,pos 7 plies ago,0,0
relu_s2,4000,20260930-4-k98x,26,pos 7 plies ago,0,1
relu_s2,4000,20260930-4-k98x,26,pos 7 plies ago,0,2
relu_s2,4000,20260930-4-k98x,26,pos 7 plies ago,0,3
relu_s2,4000,20260930-4-k98x,26,pos 7 plies ago,1,-3
relu_s2,4000,20260930-4-k98x,26,pos 7 plies ago,1,-2
relu_s2,4000,20260930-4-k98x,26,pos 7 plies ago,1,-1
relu_s2,4000,20260930-4-k98x,26,pos 7 plies ago,1,0
relu_s2,4000,20260930-4-k98x,26,pos 7 plies ago,1,1
relu_s2,4000,20260930-4-k98x,26,pos 7 plies ago,1,2
relu_s2,4000,20260930-4-k98x,26,pos 7 plies ago,1,3
relu_s2,4000,20260930-4-k98x,26,pos 7 plies ago,2,-3
relu_s2,4000,20260930-4-k98x,26,pos 7 plies ago,2,-2
relu_s2,4000,20260930-4-k98x,26,pos 7 plies ago,2,-1
relu_s2,4000,20260930-4-k98x,26,pos 7 plies ago,2,0
relu_s2,4000,20260930-4-k98x,26,pos 7 plies ago,2,1
relu_s2,4000,20260930-4-k98x,26,pos 7 plies ago,2,2
relu_s2,4000,20260930-4-k98x,26,pos 7 plies ago,2,3
relu_s2,4000,20260930-4-k98x,26,pos 7 plies ago,3,-3
relu_s2,4000,20260930-4-k98x,26,pos 7 plies ago,3,-2
relu_s2,4000,20260930-4-k98x,26,pos 7 plies ago,3,-1
relu_s2,4000,20260930-4-k98x,26,pos 7 plies ago,3,0
relu_s2,4000,20260930-4-k98x,26,pos 7 plies ago,3,1
relu_s2,4000,20260930-4-k98x,26,pos 7 plies ago,3,2
relu_s2,4000,20260930-4-k98x,26,pos 7 plies ago,3,3
relu_s2,4000,20260930-4-k98x,28,pos 9 plies ago,-3,-3
relu_s2,4000,20260930-4-k98x,28,pos 9 plies ago,-3,-2
relu_s2,4000,20260930-4-k98x,28,pos 9 plies ago,-3,-1
relu_s2,4000,20260930-4-k98x,28,pos 9 plies ago,-3,0
relu_s2,4000,20260930-4-k98x,28,pos 9 plies ago,-3,1
relu_s2,4000,20260930-4-k98x,28,pos 9 plies ago,-3,2
relu_s2,4000,20260930-4-k98x,28,pos 9 plies ago,-3,3
relu_s2,4000,20260930-4-k98x,28,pos 9 plies ago,-2,-3
relu_s2,4000,20260930-4-k98x,28,pos 9 plies ago,-2,-2
relu_s2,4000,20260930-4-k98x,28,pos 9 plies ago,-2,-1
relu_s2,4000,20260930-4-k98x,28,pos 9 plies ago,-2,0
relu_s2,4000,20260930-4-k98x,28,pos 9 plies ago,-2,1
relu_s2,4000,20260930-4-k98x,28,pos 9 plies ago,-2,2
relu_s2,4000,20260930-4-k98x,28,pos 9 plies ago,-2,3
relu_s2,4000,20260930-4-k98x,28,pos 9 plies ago,-1,-3
relu_s2,4000,20260930-4-k98x,28,pos 9 plies ago,-1,-2
relu_s2,4000,20260930-4-k98x,28,pos 9 plies ago,-1,-1
relu_s2,4000,20260930-4-k98x,28,pos 9 plies ago,-1,0
relu_s2,4000,20260930-4-k98x,28,pos 9 plies ago,-1,1
relu_s2,4000,20260930-4-k98x,28,pos 9 plies ago,-1,2
relu_s2,4000,20260930-4-k98x,28,pos 9 plies ago,-1,3
relu_s2,4000,20260930-4-k98x,28,pos 9 plies ago,0,-3
relu_s2,4000,20260930-4-k98x,28,pos 9 plies ago,0,-2
relu_s2,4000,20260930-4-k98x,28,pos 9 plies ago,0,-1
relu_s2,4000,20260930-4-k98x,28,pos 9 plies ago,0,0
relu_s2,4000,20260930-4-k98x,28,pos 9 plies ago,0,1
relu_s2,4000,20260930-4-k98x,28,pos 9 plies ago,0,2
relu_s2,4000,20260930-4-k98x,28,pos 9 plies ago,0,3
relu_s2,4000,20260930-4-k98x,28,pos 9 plies ago,1,-3
relu_s2,4000,20260930-4-k98x,28,pos 9 plies ago,1,-2
relu_s2,4000,20260930-4-k98x,28,pos 9 plies ago,1,-1
relu_s2,4000,20260930-4-k98x,28,pos 9 plies ago,1,0
relu_s2,4000,20260930-4-k98x,28,pos 9 plies ago,1,1
relu_s2,4000,20260930-4-k98x,28,pos 9 plies ago,1,2
relu_s2,4000,20260930-4-k98x,28,pos 9 plies ago,1,3
relu_s2,4000,20260930-4-k98x,28,pos 9 plies ago,2,-3
relu_s2,4000,20260930-4-k98x,28,pos 9 plies ago,2,-2
relu_s2,4000,20260930-4-k98x,28,pos 9 plies ago,2,-1
relu_s2,4000,20260930-4-k98x,28,pos 9 plies ago,2,0
relu_s2,4000,20260930-4-k98x,28,pos 9 plies ago,2,1
relu_s2,4000,20260930-4-k98x,28,pos 9 plies ago,2,2
relu_s2,4000,20260930-4-k98x,28,pos 9 plies ago,2,3
relu_s2,4000,20260930-4-k98x,28,pos 9 plies ago,3,-3
relu_s2,4000,20260930-4-k98x,28,pos 9 plies ago,3,-2
relu_s2,4000,20260930-4-k98x,28,pos 9 plies ago,3,-1
relu_s2,4000,20260930-4-k98x,28,pos 9 plies ago,3,0
relu_s2,4000,20260930-4-k98x,28,pos 9 plies ago,3,1
relu_s2,4000,20260930-4-k98x,28,pos 9 plies ago,3,2
relu_s2,4000,20260930-4-k98x,28,pos 9 plies ago,3,3
relu_s2,5000,20260930-4-k98x,16,en passant,3,-3
relu_s2,5000,20260930-4-k98x,16,en passant,3,-2
relu_s2,5000,20260930-4-k98x,16,en passant,3,-1
relu_s2,5000,20260930-4-k98x,16,en passant,3,0
relu_s2,5000,20260930-4-k98x,16,en passant,3,1
relu_s2,5000,20260930-4-k98x,16,en passant,3,2
relu_s2,5000,20260930-4-k98x,16,en passant,3,3
relu_s2,5000,20260930-4-k98x,19,rep >=2 before,-3,-3
relu_s2,5000,20260930-4-k98x,19,rep >=2 before,-3,-2
relu_s2,5000,20260930-4-k98x,19,rep >=2 before,-3,-1
relu_s2,5000,20260930-4-k98x,19,rep >=2 before,-3,0
relu_s2,5000,20260930-4-k98x,19,rep >=2 before,-3,1
relu_s2,5000,20260930-4-k98x,19,rep >=2 before,-3,2
relu_s2,5000,20260930-4-k98x,19,rep >=2 before,-3,3
relu_s2,5000,20260930-4-k98x,19,rep >=2 before,-2,-3
relu_s2,5000,20260930-4-k98x,19,rep >=2 before,-2,-2
relu_s2,5000,20260930-4-k98x,19,rep >=2 before,-2,-1
relu_s2,5000,20260930-4-k98x,19,rep >=2 before,-2,0
relu_s2,5000,20260930-4-k98x,19,rep >=2 before,-2,1
relu_s2,5000,20260930-4-k98x,19,rep >=2 before,-2,2
relu_s2,5000,20260930-4-k98x,19,rep >=2 before,-2,3
relu_s2,5000,20260930-4-k98x,19,rep >=2 before,-1,-3
relu_s2,5000,20260930-4-k98x,19,rep >=2 before,-1,-2
relu_s2,5000,20260930-4-k98x,19,rep >=2 before,-1,-1
relu_s2,5000,20260930-4-k98x,19,rep >=2 before,-1,0
relu_s2,5000,20260930-4-k98x,19,rep >=2 before,-1,1
relu_s2,5000,20260930-4-k98x,19,rep >=2 before,-1,2
relu_s2,5000,20260930-4-k98x,19,rep >=2 before,-1,3
relu_s2,5000,20260930-4-k98x,19,rep >=2 before,0,-3
relu_s2,5000,20260930-4-k98x,19,rep >=2 before,0,-2
relu_s2,5000,20260930-4-k98x,19,rep >=2 before,0,-1
relu_s2,5000,20260930-4-k98x,19,rep >=2 before,0,0
relu_s2,5000,20260930-4-k98x,19,rep >=2 before,0,1
relu_s2,5000,20260930-4-k98x,19,rep >=2 before,0,2
relu_s2,5000,20260930-4-k98x,19,rep >=2 before,0,3
relu_s2,5000,20260930-4-k98x,19,rep >=2 before,1,-3
relu_s2,5000,20260930-4-k98x,19,rep >=2 before,1,-2
relu_s2,5000,20260930-4-k98x,19,rep >=2 before,1,-1
relu_s2,5000,20260930-4-k98x,19,rep >=2 before,1,0
relu_s2,5000,20260930-4-k98x,19,rep >=2 before,1,1
relu_s2,5000,20260930-4-k98x,19,rep >=2 before,1,2
relu_s2,5000,20260930-4-k98x,19,rep >=2 before,1,3
relu_s2,5000,20260930-4-k98x,19,rep >=2 before,2,-3
relu_s2,5000,20260930-4-k98x,19,rep >=2 before,2,-2
relu_s2,5000,20260930-4-k98x,19,rep >=2 before,2,-1
relu_s2,5000,20260930-4-k98x,19,rep >=2 before,2,0
relu_s2,5000,20260930-4-k98x,19,rep >=2 before,2,1
relu_s2,5000,20260930-4-k98x,19,rep >=2 before,2,2
relu_s2,5000,20260930-4-k98x,19,rep >=2 before,2,3
relu_s2,5000,20260930-4-k98x,19,rep >=2 before,3,-3
relu_s2,5000,20260930-4-k98x,19,rep >=2 before,3,-2
relu_s2,5000,20260930-4-k98x,19,rep >=2 before,3,-1
relu_s2,5000,20260930-4-k98x,19,rep >=2 before,3,0
relu_s2,5000,20260930-4-k98x,19,rep >=2 before,3,1
relu_s2,5000,20260930-4-k98x,19,rep >=2 before,3,2
relu_s2,5000,20260930-4-k98x,19,rep >=2 before,3,3
relu_s2,5000,20260930-4-k98x,20,pos 1 plies ago,-3,-3
relu_s2,5000,20260930-4-k98x,20,pos 1 plies ago,-3,-2
relu_s2,5000,20260930-4-k98x,20,pos 1 plies ago,-3,-1
relu_s2,5000,20260930-4-k98x,20,pos 1 plies ago,-3,0
relu_s2,5000,20260930-4-k98x,20,pos 1 plies ago,-3,1
relu_s2,5000,20260930-4-k98x,20,pos 1 plies ago,-3,2
relu_s2,5000,20260930-4-k98x,20,pos 1 plies ago,-3,3
relu_s2,5000,20260930-4-k98x,20,pos 1 plies ago,-2,-3
relu_s2,5000,20260930-4-k98x,20,pos 1 plies ago,-2,-2
relu_s2,5000,20260930-4-k98x,20,pos 1 plies ago,-2,-1
relu_s2,5000,20260930-4-k98x,20,pos 1 plies ago,-2,0
relu_s2,5000,20260930-4-k98x,20,pos 1 plies ago,-2,1
relu_s2,5000,20260930-4-k98x,20,pos 1 plies ago,-2,2
relu_s2,5000,20260930-4-k98x,20,pos 1 plies ago,-2,3
relu_s2,5000,20260930-4-k98x,20,pos 1 plies ago,-1,-3
relu_s2,5000,20260930-4-k98x,20,pos 1 plies ago,-1,-2
relu_s2,5000,20260930-4-k98x,20,pos 1 plies ago,-1,-1
relu_s2,5000,20260930-4-k98x,20,pos 1 plies ago,-1,0
relu_s2,5000,20260930-4-k98x,20,pos 1 plies ago,-1,1
relu_s2,5000,20260930-4-k98x,20,pos 1 plies ago,-1,2
relu_s2,5000,20260930-4-k98x,20,pos 1 plies ago,-1,3
relu_s2,5000,20260930-4-k98x,20,pos 1 plies ago,0,-3
relu_s2,5000,20260930-4-k98x,20,pos 1 plies ago,0,-2
relu_s2,5000,20260930-4-k98x,20,pos 1 plies ago,0,-1
relu_s2,5000,20260930-4-k98x,20,pos 1 plies ago,0,0
relu_s2,5000,20260930-4-k98x,20,pos 1 plies ago,0,1
relu_s2,5000,20260930-4-k98x,20,pos 1 plies ago,0,2
relu_s2,5000,20260930-4-k98x,20,pos 1 plies ago,0,3
relu_s2,5000,20260930-4-k98x,20,pos 1 plies ago,1,-3
relu_s2,5000,20260930-4-k98x,20,pos 1 plies ago,1,-2
relu_s2,5000,20260930-4-k98x,20,pos 1 plies ago,1,-1
relu_s2,5000,20260930-4-k98x,20,pos 1 plies ago,1,0
relu_s2,5000,20260930-4-k98x,20,pos 1 plies ago,1,1
relu_s2,5000,20260930-4-k98x,20,pos 1 plies ago,1,2
relu_s2,5000,20260930-4-k98x,20,pos 1 plies ago,1,3
relu_s2,5000,20260930-4-k98x,20,pos 1 plies ago,2,-3
relu_s2,5000,20260930-4-k98x,20,pos 1 plies ago,2,-2
relu_s2,5000,20260930-4-k98x,20,pos 1 plies ago,2,-1
relu_s2,5000,20260930-4-k98x,20,pos 1 plies ago,2,0
relu_s2,5000,20260930-4-k98x,20,pos 1 plies ago,2,1
relu_s2,5000,20260930-4-k98x,20,pos 1 plies ago,2,2
relu_s2,5000,20260930-4-k98x,20,pos 1 plies ago,2,3
relu_s2,5000,20260930-4-k98x,20,pos 1 plies ago,3,-3
relu_s2,5000,20260930-4-k98x,20,pos 1 plies ago,3,-2
relu_s2,5000,20260930-4-k98x,20,pos 1 plies ago,3,-1
relu_s2,5000,20260930-4-k98x,20,pos 1 plies ago,3,0
relu_s2,5000,20260930-4-k98x,20,pos 1 plies ago,3,1
relu_s2,5000,20260930-4-k98x,20,pos 1 plies ago,3,2
relu_s2,5000,20260930-4-k98x,20,pos 1 plies ago,3,3
relu_s2,5000,20260930-4-k98x,21,pos 2 plies ago,-3,-3
relu_s2,5000,20260930-4-k98x,21,pos 2 plies ago,-3,-2
relu_s2,5000,20260930-4-k98x,21,pos 2 plies ago,-3,-1
relu_s2,5000,20260930-4-k98x,21,pos 2 plies ago,-3,0
relu_s2,5000,20260930-4-k98x,21,pos 2 plies ago,-3,1
relu_s2,5000,20260930-4-k98x,21,pos 2 plies ago,-3,2
relu_s2,5000,20260930-4-k98x,21,pos 2 plies ago,-3,3
relu_s2,5000,20260930-4-k98x,21,pos 2 plies ago,-2,-3
relu_s2,5000,20260930-4-k98x,21,pos 2 plies ago,-2,-2
relu_s2,5000,20260930-4-k98x,21,pos 2 plies ago,-2,-1
relu_s2,5000,20260930-4-k98x,21,pos 2 plies ago,-2,0
relu_s2,5000,20260930-4-k98x,21,pos 2 plies ago,-2,1
relu_s2,5000,20260930-4-k98x,21,pos 2 plies ago,-2,2
relu_s2,5000,20260930-4-k98x,21,pos 2 plies ago,-2,3
relu_s2,5000,20260930-4-k98x,21,pos 2 plies ago,-1,-3
relu_s2,5000,20260930-4-k98x,21,pos 2 plies ago,-1,-2
relu_s2,5000,20260930-4-k98x,21,pos 2 plies ago,-1,-1
relu_s2,5000,20260930-4-k98x,21,pos 2 plies ago,-1,0
relu_s2,5000,20260930-4-k98x,21,pos 2 plies ago,-1,1
relu_s2,5000,20260930-4-k98x,21,pos 2 plies ago,-1,2
relu_s2,5000,20260930-4-k98x,21,pos 2 plies ago,-1,3
relu_s2,5000,20260930-4-k98x,21,pos 2 plies ago,0,-3
relu_s2,5000,20260930-4-k98x,21,pos 2 plies ago,0,-2
relu_s2,5000,20260930-4-k98x,21,pos 2 plies ago,0,-1
relu_s2,5000,20260930-4-k98x,21,pos 2 plies ago,0,0
relu_s2,5000,20260930-4-k98x,21,pos 2 plies ago,0,1
relu_s2,5000,20260930-4-k98x,21,pos 2 plies ago,0,2
relu_s2,5000,20260930-4-k98x,21,pos 2 plies ago,0,3
relu_s2,5000,20260930-4-k98x,21,pos 2 plies ago,1,-3
relu_s2,5000,20260930-4-k98x,21,pos 2 plies ago,1,-2
relu_s2,5000,20260930-4-k98x,21,pos 2 plies ago,1,-1
relu_s2,5000,20260930-4-k98x,21,pos 2 plies ago,1,0
relu_s2,5000,20260930-4-k98x,21,pos 2 plies ago,1,1
relu_s2,5000,20260930-4-k98x,21,pos 2 plies ago,1,2
relu_s2,5000,20260930-4-k98x,21,pos 2 plies ago,1,3
relu_s2,5000,20260930-4-k98x,21,pos 2 plies ago,2,-3
relu_s2,5000,20260930-4-k98x,21,pos 2 plies ago,2,-2
relu_s2,5000,20260930-4-k98x,21,pos 2 plies ago,2,-1
relu_s2,5000,20260930-4-k98x,21,pos 2 plies ago,2,0
relu_s2,5000,20260930-4-k98x,21,pos 2 plies ago,2,1
relu_s2,5000,20260930-4-k98x,21,pos 2 plies ago,2,2
relu_s2,5000,20260930-4-k98x,21,pos 2 plies ago,2,3
relu_s2,5000,20260930-4-k98x,21,pos 2 plies ago,3,-3
relu_s2,5000,20260930-4-k98x,21,pos 2 plies ago,3,-2
relu_s2,5000,20260930-4-k98x,21,pos 2 plies ago,3,-1
relu_s2,5000,20260930-4-k98x,21,pos 2 plies ago,3,0
relu_s2,5000,20260930-4-k98x,21,pos 2 plies ago,3,1
relu_s2,5000,20260930-4-k98x,21,pos 2 plies ago,3,2
relu_s2,5000,20260930-4-k98x,21,pos 2 plies ago,3,3
relu_s2,5000,20260930-4-k98x,22,pos 3 plies ago,-3,-3
relu_s2,5000,20260930-4-k98x,22,pos 3 plies ago,-3,-2
relu_s2,5000,20260930-4-k98x,22,pos 3 plies ago,-3,-1
relu_s2,5000,20260930-4-k98x,22,pos 3 plies ago,-3,0
relu_s2,5000,20260930-4-k98x,22,pos 3 plies ago,-3,1
relu_s2,5000,20260930-4-k98x,22,pos 3 plies ago,-3,2
relu_s2,5000,20260930-4-k98x,22,pos 3 plies ago,-3,3
relu_s2,5000,20260930-4-k98x,22,pos 3 plies ago,-2,-3
relu_s2,5000,20260930-4-k98x,22,pos 3 plies ago,-2,-2
relu_s2,5000,20260930-4-k98x,22,pos 3 plies ago,-2,-1
relu_s2,5000,20260930-4-k98x,22,pos 3 plies ago,-2,0
relu_s2,5000,20260930-4-k98x,22,pos 3 plies ago,-2,1
relu_s2,5000,20260930-4-k98x,22,pos 3 plies ago,-2,2
relu_s2,5000,20260930-4-k98x,22,pos 3 plies ago,-2,3
relu_s2,5000,20260930-4-k98x,22,pos 3 plies ago,-1,-3
relu_s2,5000,20260930-4-k98x,22,pos 3 plies ago,-1,-2
relu_s2,5000,20260930-4-k98x,22,pos 3 plies ago,-1,-1
relu_s2,5000,20260930-4-k98x,22,pos 3 plies ago,-1,0
relu_s2,5000,20260930-4-k98x,22,pos 3 plies ago,-1,1
relu_s2,5000,20260930-4-k98x,22,pos 3 plies ago,-1,2
relu_s2,5000,20260930-4-k98x,22,pos 3 plies ago,-1,3
relu_s2,5000,20260930-4-k98x,22,pos 3 plies ago,0,-3
relu_s2,5000,20260930-4-k98x,22,pos 3 plies ago,0,-2
relu_s2,5000,20260930-4-k98x,22,pos 3 plies ago,0,-1
relu_s2,5000,20260930-4-k98x,22,pos 3 plies ago,0,0
relu_s2,5000,20260930-4-k98x,22,pos 3 plies ago,0,1
relu_s2,5000,20260930-4-k98x,22,pos 3 plies ago,0,2
relu_s2,5000,20260930-4-k98x,22,pos 3 plies ago,0,3
relu_s2,5000,20260930-4-k98x,22,pos 3 plies ago,1,-3
relu_s2,5000,20260930-4-k98x,22,pos 3 plies ago,1,-2
relu_s2,5000,20260930-4-k98x,22,pos 3 plies ago,1,-1
relu_s2,5000,20260930-4-k98x,22,pos 3 plies ago,1,0
relu_s2,5000,20260930-4-k98x,22,pos 3 plies ago,1,1
relu_s2,5000,20260930-4-k98x,22,pos 3 plies ago,1,2
relu_s2,5000,20260930-4-k98x,22,pos 3 plies ago,1,3
relu_s2,5000,20260930-4-k98x,22,pos 3 plies ago,2,-3
relu_s2,5000,20260930-4-k98x,22,pos 3 plies ago,2,-2
relu_s2,5000,20260930-4-k98x,22,pos 3 plies ago,2,-1
relu_s2,5000,20260930-4-k98x,22,pos 3 plies ago,2,0
relu_s2,5000,20260930-4-k98x,22,pos 3 plies ago,2,1
relu_s2,5000,20260930-4-k98x,22,pos 3 plies ago,2,2
relu_s2,5000,20260930-4-k98x,22,pos 3 plies ago,2,3
relu_s2,5000,20260930-4-k98x,22,pos 3 plies ago,3,-3
relu_s2,5000,20260930-4-k98x,22,pos 3 plies ago,3,-2
relu_s2,5000,20260930-4-k98x,22,pos 3 plies ago,3,-1
relu_s2,5000,20260930-4-k98x,22,pos 3 plies ago,3,0
relu_s2,5000,20260930-4-k98x,22,pos 3 plies ago,3,1
relu_s2,5000,20260930-4-k98x,22,pos 3 plies ago,3,2
relu_s2,5000,20260930-4-k98x,22,pos 3 plies ago,3,3
relu_s2,5000,20260930-4-k98x,24,pos 5 plies ago,-3,-3
relu_s2,5000,20260930-4-k98x,24,pos 5 plies ago,-3,-2
relu_s2,5000,20260930-4-k98x,24,pos 5 plies ago,-3,-1
relu_s2,5000,20260930-4-k98x,24,pos 5 plies ago,-3,0
relu_s2,5000,20260930-4-k98x,24,pos 5 plies ago,-3,1
relu_s2,5000,20260930-4-k98x,24,pos 5 plies ago,-3,2
relu_s2,5000,20260930-4-k98x,24,pos 5 plies ago,-3,3
relu_s2,5000,20260930-4-k98x,24,pos 5 plies ago,-2,-3
relu_s2,5000,20260930-4-k98x,24,pos 5 plies ago,-2,-2
relu_s2,5000,20260930-4-k98x,24,pos 5 plies ago,-2,-1
relu_s2,5000,20260930-4-k98x,24,pos 5 plies ago,-2,0
relu_s2,5000,20260930-4-k98x,24,pos 5 plies ago,-2,1
relu_s2,5000,20260930-4-k98x,24,pos 5 plies ago,-2,2
relu_s2,5000,20260930-4-k98x,24,pos 5 plies ago,-2,3
relu_s2,5000,20260930-4-k98x,24,pos 5 plies ago,-1,-3
relu_s2,5000,20260930-4-k98x,24,pos 5 plies ago,-1,-2
relu_s2,5000,20260930-4-k98x,24,pos 5 plies ago,-1,-1
relu_s2,5000,20260930-4-k98x,24,pos 5 plies ago,-1,0
relu_s2,5000,20260930-4-k98x,24,pos 5 plies ago,-1,1
relu_s2,5000,20260930-4-k98x,24,pos 5 plies ago,-1,2
relu_s2,5000,20260930-4-k98x,24,pos 5 plies ago,-1,3
relu_s2,5000,20260930-4-k98x,24,pos 5 plies ago,0,-3
relu_s2,5000,20260930-4-k98x,24,pos 5 plies ago,0,-2
relu_s2,5000,20260930-4-k98x,24,pos 5 plies ago,0,-1
relu_s2,5000,20260930-4-k98x,24,pos 5 plies ago,0,0
relu_s2,5000,20260930-4-k98x,24,pos 5 plies ago,0,1
relu_s2,5000,20260930-4-k98x,24,pos 5 plies ago,0,2
relu_s2,5000,20260930-4-k98x,24,pos 5 plies ago,0,3
relu_s2,5000,20260930-4-k98x,24,pos 5 plies ago,1,-3
relu_s2,5000,20260930-4-k98x,24,pos 5 plies ago,1,-2
relu_s2,5000,20260930-4-k98x,24,pos 5 plies ago,1,-1
relu_s2,5000,20260930-4-k98x,24,pos 5 plies ago,1,0
relu_s2,5000,20260930-4-k98x,24,pos 5 plies ago,1,1
relu_s2,5000,20260930-4-k98x,24,pos 5 plies ago,1,2
relu_s2,5000,20260930-4-k98x,24,pos 5 plies ago,1,3
relu_s2,5000,20260930-4-k98x,24,pos 5 plies ago,2,-3
relu_s2,5000,20260930-4-k98x,24,pos 5 plies ago,2,-2
relu_s2,5000,20260930-4-k98x,24,pos 5 plies ago,2,-1
relu_s2,5000,20260930-4-k98x,24,pos 5 plies ago,2,0
relu_s2,5000,20260930-4-k98x,24,pos 5 plies ago,2,1
relu_s2,5000,20260930-4-k98x,24,pos 5 plies ago,2,2
relu_s2,5000,20260930-4-k98x,24,pos 5 plies ago,2,3
relu_s2,5000,20260930-4-k98x,24,pos 5 plies ago,3,-3
relu_s2,5000,20260930-4-k98x,24,pos 5 plies ago,3,-2
relu_s2,5000,20260930-4-k98x,24,pos 5 plies ago,3,-1
relu_s2,5000,20260930-4-k98x,24,pos 5 plies ago,3,0
relu_s2,5000,20260930-4-k98x,24,pos 5 plies ago,3,1
relu_s2,5000,20260930-4-k98x,24,pos 5 plies ago,3,2
relu_s2,5000,20260930-4-k98x,24,pos 5 plies ago,3,3
relu_s2,5000,20260930-4-k98x,26,pos 7 plies ago,-3,-3
relu_s2,5000,20260930-4-k98x,26,pos 7 plies ago,-3,-2
relu_s2,5000,20260930-4-k98x,26,pos 7 plies ago,-3,-1
relu_s2,5000,20260930-4-k98x,26,pos 7 plies ago,-3,0
relu_s2,5000,20260930-4-k98x,26,pos 7 plies ago,-3,1
relu_s2,5000,20260930-4-k98x,26,pos 7 plies ago,-3,2
relu_s2,5000,20260930-4-k98x,26,pos 7 plies ago,-3,3
relu_s2,5000,20260930-4-k98x,26,pos 7 plies ago,-2,-3
relu_s2,5000,20260930-4-k98x,26,pos 7 plies ago,-2,-2
relu_s2,5000,20260930-4-k98x,26,pos 7 plies ago,-2,-1
relu_s2,5000,20260930-4-k98x,26,pos 7 plies ago,-2,0
relu_s2,5000,20260930-4-k98x,26,pos 7 plies ago,-2,1
relu_s2,5000,20260930-4-k98x,26,pos 7 plies ago,-2,2
relu_s2,5000,20260930-4-k98x,26,pos 7 plies ago,-2,3
relu_s2,5000,20260930-4-k98x,26,pos 7 plies ago,-1,-3
relu_s2,5000,20260930-4-k98x,26,pos 7 plies ago,-1,-2
relu_s2,5000,20260930-4-k98x,26,pos 7 plies ago,-1,-1
relu_s2,5000,20260930-4-k98x,26,pos 7 plies ago,-1,0
relu_s2,5000,20260930-4-k98x,26,pos 7 plies ago,-1,1
relu_s2,5000,20260930-4-k98x,26,pos 7 plies ago,-1,2
relu_s2,5000,20260930-4-k98x,26,pos 7 plies ago,-1,3
relu_s2,5000,20260930-4-k98x,26,pos 7 plies ago,0,-3
relu_s2,5000,20260930-4-k98x,26,pos 7 plies ago,0,-2
relu_s2,5000,20260930-4-k98x,26,pos 7 plies ago,0,-1
relu_s2,5000,20260930-4-k98x,26,pos 7 plies ago,0,0
relu_s2,5000,20260930-4-k98x,26,pos 7 plies ago,0,1
relu_s2,5000,20260930-4-k98x,26,pos 7 plies ago,0,2
relu_s2,5000,20260930-4-k98x,26,pos 7 plies ago,0,3
relu_s2,5000,20260930-4-k98x,26,pos 7 plies ago,1,-3
relu_s2,5000,20260930-4-k98x,26,pos 7 plies ago,1,-2
relu_s2,5000,20260930-4-k98x,26,pos 7 plies ago,1,-1
relu_s2,5000,20260930-4-k98x,26,pos 7 plies ago,1,0
relu_s2,5000,20260930-4-k98x,26,pos 7 plies ago,1,1
relu_s2,5000,20260930-4-k98x,26,pos 7 plies ago,1,2
relu_s2,5000,20260930-4-k98x,26,pos 7 plies ago,1,3
relu_s2,5000,20260930-4-k98x,26,pos 7 plies ago,2,-3
relu_s2,5000,20260930-4-k98x,26,pos 7 plies ago,2,-2
relu_s2,5000,20260930-4-k98x,26,pos 7 plies ago,2,-1
relu_s2,5000,20260930-4-k98x,26,pos 7 plies ago,2,0
relu_s2,5000,20260930-4-k98x,26,pos 7 plies ago,2,1
relu_s2,5000,20260930-4-k98x,26,pos 7 plies ago,2,2
relu_s2,5000,20260930-4-k98x,26,pos 7 plies ago,2,3
relu_s2,5000,20260930-4-k98x,26,pos 7 plies ago,3,-3
relu_s2,5000,20260930-4-k98x,26,pos 7 plies ago,3,-2
relu_s2,5000,20260930-4-k98x,26,pos 7 plies ago,3,-1
relu_s2,5000,20260930-4-k98x,26,pos 7 plies ago,3,0
relu_s2,5000,20260930-4-k98x,26,pos 7 plies ago,3,1
relu_s2,5000,20260930-4-k98x,26,pos 7 plies ago,3,2
relu_s2,5000,20260930-4-k98x,26,pos 7 plies ago,3,3
relu_s2,5000,20260930-4-k98x,28,pos 9 plies ago,-3,-3
relu_s2,5000,20260930-4-k98x,28,pos 9 plies ago,-3,-2
relu_s2,5000,20260930-4-k98x,28,pos 9 plies ago,-3,-1
relu_s2,5000,20260930-4-k98x,28,pos 9 plies ago,-3,0
relu_s2,5000,20260930-4-k98x,28,pos 9 plies ago,-3,1
relu_s2,5000,20260930-4-k98x,28,pos 9 plies ago,-3,2
relu_s2,5000,20260930-4-k98x,28,pos 9 plies ago,-3,3
relu_s2,5000,20260930-4-k98x,28,pos 9 plies ago,-2,-3
relu_s2,5000,20260930-4-k98x,28,pos 9 plies ago,-2,-2
relu_s2,5000,20260930-4-k98x,28,pos 9 plies ago,-2,-1
relu_s2,5000,20260930-4-k98x,28,pos 9 plies ago,-2,0
relu_s2,5000,20260930-4-k98x,28,pos 9 plies ago,-2,1
relu_s2,5000,20260930-4-k98x,28,pos 9 plies ago,-2,2
relu_s2,5000,20260930-4-k98x,28,pos 9 plies ago,-2,3
relu_s2,5000,20260930-4-k98x,28,pos 9 plies ago,-1,-3
relu_s2,5000,20260930-4-k98x,28,pos 9 plies ago,-1,-2
relu_s2,5000,20260930-4-k98x,28,pos 9 plies ago,-1,-1
relu_s2,5000,20260930-4-k98x,28,pos 9 plies ago,-1,0
relu_s2,5000,20260930-4-k98x,28,pos 9 plies ago,-1,1
relu_s2,5000,20260930-4-k98x,28,pos 9 plies ago,-1,2
relu_s2,5000,20260930-4-k98x,28,pos 9 plies ago,-1,3
relu_s2,5000,20260930-4-k98x,28,pos 9 plies ago,0,-3
relu_s2,5000,20260930-4-k98x,28,pos 9 plies ago,0,-2
relu_s2,5000,20260930-4-k98x,28,pos 9 plies ago,0,-1
relu_s2,5000,20260930-4-k98x,28,pos 9 plies ago,0,0
relu_s2,5000,20260930-4-k98x,28,pos 9 plies ago,0,1
relu_s2,5000,20260930-4-k98x,28,pos 9 plies ago,0,2
relu_s2,5000,20260930-4-k98x,28,pos 9 plies ago,0,3
relu_s2,5000,20260930-4-k98x,28,pos 9 plies ago,1,-3
relu_s2,5000,20260930-4-k98x,28,pos 9 plies ago,1,-2
relu_s2,5000,20260930-4-k98x,28,pos 9 plies ago,1,-1
relu_s2,5000,20260930-4-k98x,28,pos 9 plies ago,1,0
relu_s2,5000,20260930-4-k98x,28,pos 9 plies ago,1,1
relu_s2,5000,20260930-4-k98x,28,pos 9 plies ago,1,2
relu_s2,5000,20260930-4-k98x,28,pos 9 plies ago,1,3
relu_s2,5000,20260930-4-k98x,28,pos 9 plies ago,2,-3
relu_s2,5000,20260930-4-k98x,28,pos 9 plies ago,2,-2
relu_s2,5000,20260930-4-k98x,28,pos 9 plies ago,2,-1
relu_s2,5000,20260930-4-k98x,28,pos 9 plies ago,2,0
relu_s2,5000,20260930-4-k98x,28,pos 9 plies ago,2,1
relu_s2,5000,20260930-4-k98x,28,pos 9 plies ago,2,2
relu_s2,5000,20260930-4-k98x,28,pos 9 plies ago,2,3
relu_s2,5000,20260930-4-k98x,28,pos 9 plies ago,3,-3
relu_s2,5000,20260930-4-k98x,28,pos 9 plies ago,3,-2
relu_s2,5000,20260930-4-k98x,28,pos 9 plies ago,3,-1
relu_s2,5000,20260930-4-k98x,28,pos 9 plies ago,3,0
relu_s2,5000,20260930-4-k98x,28,pos 9 plies ago,3,1
relu_s2,5000,20260930-4-k98x,28,pos 9 plies ago,3,2
relu_s2,5000,20260930-4-k98x,28,pos 9 plies ago,3,3
relu_s2,6000,20260930-4-k98x,16,en passant,3,-3
relu_s2,6000,20260930-4-k98x,16,en passant,3,-2
relu_s2,6000,20260930-4-k98x,16,en passant,3,-1
relu_s2,6000,20260930-4-k98x,16,en passant,3,0
relu_s2,6000,20260930-4-k98x,16,en passant,3,1
relu_s2,6000,20260930-4-k98x,16,en passant,3,2
relu_s2,6000,20260930-4-k98x,16,en passant,3,3
relu_s2,6000,20260930-4-k98x,19,rep >=2 before,-3,-3
relu_s2,6000,20260930-4-k98x,19,rep >=2 before,-3,-2
relu_s2,6000,20260930-4-k98x,19,rep >=2 before,-3,-1
relu_s2,6000,20260930-4-k98x,19,rep >=2 before,-3,0
relu_s2,6000,20260930-4-k98x,19,rep >=2 before,-3,1
relu_s2,6000,20260930-4-k98x,19,rep >=2 before,-3,2
relu_s2,6000,20260930-4-k98x,19,rep >=2 before,-3,3
relu_s2,6000,20260930-4-k98x,19,rep >=2 before,-2,-3
relu_s2,6000,20260930-4-k98x,19,rep >=2 before,-2,-2
relu_s2,6000,20260930-4-k98x,19,rep >=2 before,-2,-1
relu_s2,6000,20260930-4-k98x,19,rep >=2 before,-2,0
relu_s2,6000,20260930-4-k98x,19,rep >=2 before,-2,1
relu_s2,6000,20260930-4-k98x,19,rep >=2 before,-2,2
relu_s2,6000,20260930-4-k98x,19,rep >=2 before,-2,3
relu_s2,6000,20260930-4-k98x,19,rep >=2 before,-1,-3
relu_s2,6000,20260930-4-k98x,19,rep >=2 before,-1,-2
relu_s2,6000,20260930-4-k98x,19,rep >=2 before,-1,-1
relu_s2,6000,20260930-4-k98x,19,rep >=2 before,-1,0
relu_s2,6000,20260930-4-k98x,19,rep >=2 before,-1,1
relu_s2,6000,20260930-4-k98x,19,rep >=2 before,-1,2
relu_s2,6000,20260930-4-k98x,19,rep >=2 before,-1,3
relu_s2,6000,20260930-4-k98x,19,rep >=2 before,0,-3
relu_s2,6000,20260930-4-k98x,19,rep >=2 before,0,-2
relu_s2,6000,20260930-4-k98x,19,rep >=2 before,0,-1
relu_s2,6000,20260930-4-k98x,19,rep >=2 before,0,0
relu_s2,6000,20260930-4-k98x,19,rep >=2 before,0,1
relu_s2,6000,20260930-4-k98x,19,rep >=2 before,0,2
relu_s2,6000,20260930-4-k98x,19,rep >=2 before,0,3
relu_s2,6000,20260930-4-k98x,19,rep >=2 before,1,-3
relu_s2,6000,20260930-4-k98x,19,rep >=2 before,1,-2
relu_s2,6000,20260930-4-k98x,19,rep >=2 before,1,-1
relu_s2,6000,20260930-4-k98x,19,rep >=2 before,1,0
relu_s2,6000,20260930-4-k98x,19,rep >=2 before,1,1
relu_s2,6000,20260930-4-k98x,19,rep >=2 before,1,2
relu_s2,6000,20260930-4-k98x,19,rep >=2 before,1,3
relu_s2,6000,20260930-4-k98x,19,rep >=2 before,2,-3
relu_s2,6000,20260930-4-k98x,19,rep >=2 before,2,-2
relu_s2,6000,20260930-4-k98x,19,rep >=2 before,2,-1
relu_s2,6000,20260930-4-k98x,19,rep >=2 before,2,0
relu_s2,6000,20260930-4-k98x,19,rep >=2 before,2,1
relu_s2,6000,20260930-4-k98x,19,rep >=2 before,2,2
relu_s2,6000,20260930-4-k98x,19,rep >=2 before,2,3
relu_s2,6000,20260930-4-k98x,19,rep >=2 before,3,-3
relu_s2,6000,20260930-4-k98x,19,rep >=2 before,3,-2
relu_s2,6000,20260930-4-k98x,19,rep >=2 before,3,-1
relu_s2,6000,20260930-4-k98x,19,rep >=2 before,3,0
relu_s2,6000,20260930-4-k98x,19,rep >=2 before,3,1
relu_s2,6000,20260930-4-k98x,19,rep >=2 before,3,2
relu_s2,6000,20260930-4-k98x,19,rep >=2 before,3,3
relu_s2,6000,20260930-4-k98x,20,pos 1 plies ago,-3,-3
relu_s2,6000,20260930-4-k98x,20,pos 1 plies ago,-3,-2
relu_s2,6000,20260930-4-k98x,20,pos 1 plies ago,-3,-1
relu_s2,6000,20260930-4-k98x,20,pos 1 plies ago,-3,0
relu_s2,6000,20260930-4-k98x,20,pos 1 plies ago,-3,1
relu_s2,6000,20260930-4-k98x,20,pos 1 plies ago,-3,2
relu_s2,6000,20260930-4-k98x,20,pos 1 plies ago,-3,3
relu_s2,6000,20260930-4-k98x,20,pos 1 plies ago,-2,-3
relu_s2,6000,20260930-4-k98x,20,pos 1 plies ago,-2,-2
relu_s2,6000,20260930-4-k98x,20,pos 1 plies ago,-2,-1
relu_s2,6000,20260930-4-k98x,20,pos 1 plies ago,-2,0
relu_s2,6000,20260930-4-k98x,20,pos 1 plies ago,-2,1
relu_s2,6000,20260930-4-k98x,20,pos 1 plies ago,-2,2
relu_s2,6000,20260930-4-k98x,20,pos 1 plies ago,-2,3
relu_s2,6000,20260930-4-k98x,20,pos 1 plies ago,-1,-3
relu_s2,6000,20260930-4-k98x,20,pos 1 plies ago,-1,-2
relu_s2,6000,20260930-4-k98x,20,pos 1 plies ago,-1,-1
relu_s2,6000,20260930-4-k98x,20,pos 1 plies ago,-1,0
relu_s2,6000,20260930-4-k98x,20,pos 1 plies ago,-1,1
relu_s2,6000,20260930-4-k98x,20,pos 1 plies ago,-1,2
relu_s2,6000,20260930-4-k98x,20,pos 1 plies ago,-1,3
relu_s2,6000,20260930-4-k98x,20,pos 1 plies ago,0,-3
relu_s2,6000,20260930-4-k98x,20,pos 1 plies ago,0,-2
relu_s2,6000,20260930-4-k98x,20,pos 1 plies ago,0,-1
relu_s2,6000,20260930-4-k98x,20,pos 1 plies ago,0,0
relu_s2,6000,20260930-4-k98x,20,pos 1 plies ago,0,1
relu_s2,6000,20260930-4-k98x,20,pos 1 plies ago,0,2
relu_s2,6000,20260930-4-k98x,20,pos 1 plies ago,0,3
relu_s2,6000,20260930-4-k98x,20,pos 1 plies ago,1,-3
relu_s2,6000,20260930-4-k98x,20,pos 1 plies ago,1,-2
relu_s2,6000,20260930-4-k98x,20,pos 1 plies ago,1,-1
relu_s2,6000,20260930-4-k98x,20,pos 1 plies ago,1,0
relu_s2,6000,20260930-4-k98x,20,pos 1 plies ago,1,1
relu_s2,6000,20260930-4-k98x,20,pos 1 plies ago,1,2
relu_s2,6000,20260930-4-k98x,20,pos 1 plies ago,1,3
relu_s2,6000,20260930-4-k98x,20,pos 1 plies ago,2,-3
relu_s2,6000,20260930-4-k98x,20,pos 1 plies ago,2,-2
relu_s2,6000,20260930-4-k98x,20,pos 1 plies ago,2,-1
relu_s2,6000,20260930-4-k98x,20,pos 1 plies ago,2,0
relu_s2,6000,20260930-4-k98x,20,pos 1 plies ago,2,1
relu_s2,6000,20260930-4-k98x,20,pos 1 plies ago,2,2
relu_s2,6000,20260930-4-k98x,20,pos 1 plies ago,2,3
relu_s2,6000,20260930-4-k98x,20,pos 1 plies ago,3,-3
relu_s2,6000,20260930-4-k98x,20,pos 1 plies ago,3,-2
relu_s2,6000,20260930-4-k98x,20,pos 1 plies ago,3,-1
relu_s2,6000,20260930-4-k98x,20,pos 1 plies ago,3,0
relu_s2,6000,20260930-4-k98x,20,pos 1 plies ago,3,1
relu_s2,6000,20260930-4-k98x,20,pos 1 plies ago,3,2
relu_s2,6000,20260930-4-k98x,20,pos 1 plies ago,3,3
relu_s2,6000,20260930-4-k98x,21,pos 2 plies ago,-3,-3
relu_s2,6000,20260930-4-k98x,21,pos 2 plies ago,-3,-2
relu_s2,6000,20260930-4-k98x,21,pos 2 plies ago,-3,-1
relu_s2,6000,20260930-4-k98x,21,pos 2 plies ago,-3,0
relu_s2,6000,20260930-4-k98x,21,pos 2 plies ago,-3,1
relu_s2,6000,20260930-4-k98x,21,pos 2 plies ago,-3,2
relu_s2,6000,20260930-4-k98x,21,pos 2 plies ago,-3,3
relu_s2,6000,20260930-4-k98x,21,pos 2 plies ago,-2,-3
relu_s2,6000,20260930-4-k98x,21,pos 2 plies ago,-2,-2
relu_s2,6000,20260930-4-k98x,21,pos 2 plies ago,-2,-1
relu_s2,6000,20260930-4-k98x,21,pos 2 plies ago,-2,0
relu_s2,6000,20260930-4-k98x,21,pos 2 plies ago,-2,1
relu_s2,6000,20260930-4-k98x,21,pos 2 plies ago,-2,2
relu_s2,6000,20260930-4-k98x,21,pos 2 plies ago,-2,3
relu_s2,6000,20260930-4-k98x,21,pos 2 plies ago,-1,-3
relu_s2,6000,20260930-4-k98x,21,pos 2 plies ago,-1,-2
relu_s2,6000,20260930-4-k98x,21,pos 2 plies ago,-1,-1
relu_s2,6000,20260930-4-k98x,21,pos 2 plies ago,-1,0
relu_s2,6000,20260930-4-k98x,21,pos 2 plies ago,-1,1
relu_s2,6000,20260930-4-k98x,21,pos 2 plies ago,-1,2
relu_s2,6000,20260930-4-k98x,21,pos 2 plies ago,-1,3
relu_s2,6000,20260930-4-k98x,21,pos 2 plies ago,0,-3
relu_s2,6000,20260930-4-k98x,21,pos 2 plies ago,0,-2
relu_s2,6000,20260930-4-k98x,21,pos 2 plies ago,0,-1
relu_s2,6000,20260930-4-k98x,21,pos 2 plies ago,0,0
relu_s2,6000,20260930-4-k98x,21,pos 2 plies ago,0,1
relu_s2,6000,20260930-4-k98x,21,pos 2 plies ago,0,2
relu_s2,6000,20260930-4-k98x,21,pos 2 plies ago,0,3
relu_s2,6000,20260930-4-k98x,21,pos 2 plies ago,1,-3
relu_s2,6000,20260930-4-k98x,21,pos 2 plies ago,1,-2
relu_s2,6000,20260930-4-k98x,21,pos 2 plies ago,1,-1
relu_s2,6000,20260930-4-k98x,21,pos 2 plies ago,1,0
relu_s2,6000,20260930-4-k98x,21,pos 2 plies ago,1,1
relu_s2,6000,20260930-4-k98x,21,pos 2 plies ago,1,2
relu_s2,6000,20260930-4-k98x,21,pos 2 plies ago,1,3
relu_s2,6000,20260930-4-k98x,21,pos 2 plies ago,2,-3
relu_s2,6000,20260930-4-k98x,21,pos 2 plies ago,2,-2
relu_s2,6000,20260930-4-k98x,21,pos 2 plies ago,2,-1
relu_s2,6000,20260930-4-k98x,21,pos 2 plies ago,2,0
relu_s2,6000,20260930-4-k98x,21,pos 2 plies ago,2,1
relu_s2,6000,20260930-4-k98x,21,pos 2 plies ago,2,2
relu_s2,6000,20260930-4-k98x,21,pos 2 plies ago,2,3
relu_s2,6000,20260930-4-k98x,21,pos 2 plies ago,3,-3
relu_s2,6000,20260930-4-k98x,21,pos 2 plies ago,3,-2
relu_s2,6000,20260930-4-k98x,21,pos 2 plies ago,3,-1
relu_s2,6000,20260930-4-k98x,21,pos 2 plies ago,3,0
relu_s2,6000,20260930-4-k98x,21,pos 2 plies ago,3,1
relu_s2,6000,20260930-4-k98x,21,pos 2 plies ago,3,2
relu_s2,6000,20260930-4-k98x,21,pos 2 plies ago,3,3
relu_s2,6000,20260930-4-k98x,22,pos 3 plies ago,-3,-3
relu_s2,6000,20260930-4-k98x,22,pos 3 plies ago,-3,-2
relu_s2,6000,20260930-4-k98x,22,pos 3 plies ago,-3,-1
relu_s2,6000,20260930-4-k98x,22,pos 3 plies ago,-3,0
relu_s2,6000,20260930-4-k98x,22,pos 3 plies ago,-3,1
relu_s2,6000,20260930-4-k98x,22,pos 3 plies ago,-3,2
relu_s2,6000,20260930-4-k98x,22,pos 3 plies ago,-3,3
relu_s2,6000,20260930-4-k98x,22,pos 3 plies ago,-2,-3
relu_s2,6000,20260930-4-k98x,22,pos 3 plies ago,-2,-2
relu_s2,6000,20260930-4-k98x,22,pos 3 plies ago,-2,-1
relu_s2,6000,20260930-4-k98x,22,pos 3 plies ago,-2,0
relu_s2,6000,20260930-4-k98x,22,pos 3 plies ago,-2,1
relu_s2,6000,20260930-4-k98x,22,pos 3 plies ago,-2,2
relu_s2,6000,20260930-4-k98x,22,pos 3 plies ago,-2,3
relu_s2,6000,20260930-4-k98x,22,pos 3 plies ago,-1,-3
relu_s2,6000,20260930-4-k98x,22,pos 3 plies ago,-1,-2
relu_s2,6000,20260930-4-k98x,22,pos 3 plies ago,-1,-1
relu_s2,6000,20260930-4-k98x,22,pos 3 plies ago,-1,0
relu_s2,6000,20260930-4-k98x,22,pos 3 plies ago,-1,1
relu_s2,6000,20260930-4-k98x,22,pos 3 plies ago,-1,2
relu_s2,6000,20260930-4-k98x,22,pos 3 plies ago,-1,3
relu_s2,6000,20260930-4-k98x,22,pos 3 plies ago,0,-3
relu_s2,6000,20260930-4-k98x,22,pos 3 plies ago,0,-2
relu_s2,6000,20260930-4-k98x,22,pos 3 plies ago,0,-1
relu_s2,6000,20260930-4-k98x,22,pos 3 plies ago,0,0
relu_s2,6000,20260930-4-k98x,22,pos 3 plies ago,0,1
relu_s2,6000,20260930-4-k98x,22,pos 3 plies ago,0,2
relu_s2,6000,20260930-4-k98x,22,pos 3 plies ago,0,3
relu_s2,6000,20260930-4-k98x,22,pos 3 plies ago,1,-3
relu_s2,6000,20260930-4-k98x,22,pos 3 plies ago,1,-2
relu_s2,6000,20260930-4-k98x,22,pos 3 plies ago,1,-1
relu_s2,6000,20260930-4-k98x,22,pos 3 plies ago,1,0
relu_s2,6000,20260930-4-k98x,22,pos 3 plies ago,1,1
relu_s2,6000,20260930-4-k98x,22,pos 3 plies ago,1,2
relu_s2,6000,20260930-4-k98x,22,pos 3 plies ago,1,3
relu_s2,6000,20260930-4-k98x,22,pos 3 plies ago,2,-3
relu_s2,6000,20260930-4-k98x,22,pos 3 plies ago,2,-2
relu_s2,6000,20260930-4-k98x,22,pos 3 plies ago,2,-1
relu_s2,6000,20260930-4-k98x,22,pos 3 plies ago,2,0
relu_s2,6000,20260930-4-k98x,22,pos 3 plies ago,2,1
relu_s2,6000,20260930-4-k98x,22,pos 3 plies ago,2,2
relu_s2,6000,20260930-4-k98x,22,pos 3 plies ago,2,3
relu_s2,6000,20260930-4-k98x,22,pos 3 plies ago,3,-3
relu_s2,6000,20260930-4-k98x,22,pos 3 plies ago,3,-2
relu_s2,6000,20260930-4-k98x,22,pos 3 plies ago,3,-1
relu_s2,6000,20260930-4-k98x,22,pos 3 plies ago,3,0
relu_s2,6000,20260930-4-k98x,22,pos 3 plies ago,3,1
relu_s2,6000,20260930-4-k98x,22,pos 3 plies ago,3,2
relu_s2,6000,20260930-4-k98x,22,pos 3 plies ago,3,3
relu_s2,6000,20260930-4-k98x,24,pos 5 plies ago,-3,-3
relu_s2,6000,20260930-4-k98x,24,pos 5 plies ago,-3,-2
relu_s2,6000,20260930-4-k98x,24,pos 5 plies ago,-3,-1
relu_s2,6000,20260930-4-k98x,24,pos 5 plies ago,-3,0
relu_s2,6000,20260930-4-k98x,24,pos 5 plies ago,-3,1
relu_s2,6000,20260930-4-k98x,24,pos 5 plies ago,-3,2
relu_s2,6000,20260930-4-k98x,24,pos 5 plies ago,-3,3
relu_s2,6000,20260930-4-k98x,24,pos 5 plies ago,-2,-3
relu_s2,6000,20260930-4-k98x,24,pos 5 plies ago,-2,-2
relu_s2,6000,20260930-4-k98x,24,pos 5 plies ago,-2,-1
relu_s2,6000,20260930-4-k98x,24,pos 5 plies ago,-2,0
relu_s2,6000,20260930-4-k98x,24,pos 5 plies ago,-2,1
relu_s2,6000,20260930-4-k98x,24,pos 5 plies ago,-2,2
relu_s2,6000,20260930-4-k98x,24,pos 5 plies ago,-2,3
relu_s2,6000,20260930-4-k98x,24,pos 5 plies ago,-1,-3
relu_s2,6000,20260930-4-k98x,24,pos 5 plies ago,-1,-2
relu_s2,6000,20260930-4-k98x,24,pos 5 plies ago,-1,-1
relu_s2,6000,20260930-4-k98x,24,pos 5 plies ago,-1,0
relu_s2,6000,20260930-4-k98x,24,pos 5 plies ago,-1,1
relu_s2,6000,20260930-4-k98x,24,pos 5 plies ago,-1,2
relu_s2,6000,20260930-4-k98x,24,pos 5 plies ago,-1,3
relu_s2,6000,20260930-4-k98x,24,pos 5 plies ago,0,-3
relu_s2,6000,20260930-4-k98x,24,pos 5 plies ago,0,-2
relu_s2,6000,20260930-4-k98x,24,pos 5 plies ago,0,-1
relu_s2,6000,20260930-4-k98x,24,pos 5 plies ago,0,0
relu_s2,6000,20260930-4-k98x,24,pos 5 plies ago,0,1
relu_s2,6000,20260930-4-k98x,24,pos 5 plies ago,0,2
relu_s2,6000,20260930-4-k98x,24,pos 5 plies ago,0,3
relu_s2,6000,20260930-4-k98x,24,pos 5 plies ago,1,-3
relu_s2,6000,20260930-4-k98x,24,pos 5 plies ago,1,-2
relu_s2,6000,20260930-4-k98x,24,pos 5 plies ago,1,-1
relu_s2,6000,20260930-4-k98x,24,pos 5 plies ago,1,0
relu_s2,6000,20260930-4-k98x,24,pos 5 plies ago,1,1
relu_s2,6000,20260930-4-k98x,24,pos 5 plies ago,1,2
relu_s2,6000,20260930-4-k98x,24,pos 5 plies ago,1,3
relu_s2,6000,20260930-4-k98x,24,pos 5 plies ago,2,-3
relu_s2,6000,20260930-4-k98x,24,pos 5 plies ago,2,-2
relu_s2,6000,20260930-4-k98x,24,pos 5 plies ago,2,-1
relu_s2,6000,20260930-4-k98x,24,pos 5 plies ago,2,0
relu_s2,6000,20260930-4-k98x,24,pos 5 plies ago,2,1
relu_s2,6000,20260930-4-k98x,24,pos 5 plies ago,2,2
relu_s2,6000,20260930-4-k98x,24,pos 5 plies ago,2,3
relu_s2,6000,20260930-4-k98x,24,pos 5 plies ago,3,-3
relu_s2,6000,20260930-4-k98x,24,pos 5 plies ago,3,-2
relu_s2,6000,20260930-4-k98x,24,pos 5 plies ago,3,-1
relu_s2,6000,20260930-4-k98x,24,pos 5 plies ago,3,0
relu_s2,6000,20260930-4-k98x,24,pos 5 plies ago,3,1
relu_s2,6000,20260930-4-k98x,24,pos 5 plies ago,3,2
relu_s2,6000,20260930-4-k98x,24,pos 5 plies ago,3,3
relu_s2,6000,20260930-4-k98x,26,pos 7 plies ago,-3,-3
relu_s2,6000,20260930-4-k98x,26,pos 7 plies ago,-3,-2
relu_s2,6000,20260930-4-k98x,26,pos 7 plies ago,-3,-1
relu_s2,6000,20260930-4-k98x,26,pos 7 plies ago,-3,0
relu_s2,6000,20260930-4-k98x,26,pos 7 plies ago,-3,1
relu_s2,6000,20260930-4-k98x,26,pos 7 plies ago,-3,2
relu_s2,6000,20260930-4-k98x,26,pos 7 plies ago,-3,3
relu_s2,6000,20260930-4-k98x,26,pos 7 plies ago,-2,-3
relu_s2,6000,20260930-4-k98x,26,pos 7 plies ago,-2,-2
relu_s2,6000,20260930-4-k98x,26,pos 7 plies ago,-2,-1
relu_s2,6000,20260930-4-k98x,26,pos 7 plies ago,-2,0
relu_s2,6000,20260930-4-k98x,26,pos 7 plies ago,-2,1
relu_s2,6000,20260930-4-k98x,26,pos 7 plies ago,-2,2
relu_s2,6000,20260930-4-k98x,26,pos 7 plies ago,-2,3
relu_s2,6000,20260930-4-k98x,26,pos 7 plies ago,-1,-3
relu_s2,6000,20260930-4-k98x,26,pos 7 plies ago,-1,-2
relu_s2,6000,20260930-4-k98x,26,pos 7 plies ago,-1,-1
relu_s2,6000,20260930-4-k98x,26,pos 7 plies ago,-1,0
relu_s2,6000,20260930-4-k98x,26,pos 7 plies ago,-1,1
relu_s2,6000,20260930-4-k98x,26,pos 7 plies ago,-1,2
relu_s2,6000,20260930-4-k98x,26,pos 7 plies ago,-1,3
relu_s2,6000,20260930-4-k98x,26,pos 7 plies ago,0,-3
relu_s2,6000,20260930-4-k98x,26,pos 7 plies ago,0,-2
relu_s2,6000,20260930-4-k98x,26,pos 7 plies ago,0,-1
relu_s2,6000,20260930-4-k98x,26,pos 7 plies ago,0,0
relu_s2,6000,20260930-4-k98x,26,pos 7 plies ago,0,1
relu_s2,6000,20260930-4-k98x,26,pos 7 plies ago,0,2
relu_s2,6000,20260930-4-k98x,26,pos 7 plies ago,0,3
relu_s2,6000,20260930-4-k98x,26,pos 7 plies ago,1,-3
relu_s2,6000,20260930-4-k98x,26,pos 7 plies ago,1,-2
relu_s2,6000,20260930-4-k98x,26,pos 7 plies ago,1,-1
relu_s2,6000,20260930-4-k98x,26,pos 7 plies ago,1,0
relu_s2,6000,20260930-4-k98x,26,pos 7 plies ago,1,1
relu_s2,6000,20260930-4-k98x,26,pos 7 plies ago,1,2
relu_s2,6000,20260930-4-k98x,26,pos 7 plies ago,1,3
relu_s2,6000,20260930-4-k98x,26,pos 7 plies ago,2,-3
relu_s2,6000,20260930-4-k98x,26,pos 7 plies ago,2,-2
relu_s2,6000,20260930-4-k98x,26,pos 7 plies ago,2,-1
relu_s2,6000,20260930-4-k98x,26,pos 7 plies ago,2,0
relu_s2,6000,20260930-4-k98x,26,pos 7 plies ago,2,1
relu_s2,6000,20260930-4-k98x,26,pos 7 plies ago,2,2
relu_s2,6000,20260930-4-k98x,26,pos 7 plies ago,2,3
relu_s2,6000,20260930-4-k98x,26,pos 7 plies ago,3,-3
relu_s2,6000,20260930-4-k98x,26,pos 7 plies ago,3,-2
relu_s2,6000,20260930-4-k98x,26,pos 7 plies ago,3,-1
relu_s2,6000,20260930-4-k98x,26,pos 7 plies ago,3,0
relu_s2,6000,20260930-4-k98x,26,pos 7 plies ago,3,1
relu_s2,6000,20260930-4-k98x,26,pos 7 plies ago,3,2
relu_s2,6000,20260930-4-k98x,26,pos 7 plies ago,3,3
relu_s2,6000,20260930-4-k98x,28,pos 9 plies ago,-3,-3
relu_s2,6000,20260930-4-k98x,28,pos 9 plies ago,-3,-2
relu_s2,6000,20260930-4-k98x,28,pos 9 plies ago,-3,-1
relu_s2,6000,20260930-4-k98x,28,pos 9 plies ago,-3,0
relu_s2,6000,20260930-4-k98x,28,pos 9 plies ago,-3,1
relu_s2,6000,20260930-4-k98x,28,pos 9 plies ago,-3,2
relu_s2,6000,20260930-4-k98x,28,pos 9 plies ago,-3,3
relu_s2,6000,20260930-4-k98x,28,pos 9 plies ago,-2,-3
relu_s2,6000,20260930-4-k98x,28,pos 9 plies ago,-2,-2
relu_s2,6000,20260930-4-k98x,28,pos 9 plies ago,-2,-1
relu_s2,6000,20260930-4-k98x,28,pos 9 plies ago,-2,0
relu_s2,6000,20260930-4-k98x,28,pos 9 plies ago,-2,1
relu_s2,6000,20260930-4-k98x,28,pos 9 plies ago,-2,2
relu_s2,6000,20260930-4-k98x,28,pos 9 plies ago,-2,3
relu_s2,6000,20260930-4-k98x,28,pos 9 plies ago,-1,-3
relu_s2,6000,20260930-4-k98x,28,pos 9 plies ago,-1,-2
relu_s2,6000,20260930-4-k98x,28,pos 9 plies ago,-1,-1
relu_s2,6000,20260930-4-k98x,28,pos 9 plies ago,-1,0
relu_s2,6000,20260930-4-k98x,28,pos 9 plies ago,-1,1
relu_s2,6000,20260930-4-k98x,28,pos 9 plies ago,-1,2
relu_s2,6000,20260930-4-k98x,28,pos 9 plies ago,-1,3
relu_s2,6000,20260930-4-k98x,28,pos 9 plies ago,0,-3
relu_s2,6000,20260930-4-k98x,28,pos 9 plies ago,0,-2
relu_s2,6000,20260930-4-k98x,28,pos 9 plies ago,0,-1
relu_s2,6000,20260930-4-k98x,28,pos 9 plies ago,0,0
relu_s2,6000,20260930-4-k98x,28,pos 9 plies ago,0,1
relu_s2,6000,20260930-4-k98x,28,pos 9 plies ago,0,2
relu_s2,6000,20260930-4-k98x,28,pos 9 plies ago,0,3
relu_s2,6000,20260930-4-k98x,28,pos 9 plies ago,1,-3
relu_s2,6000,20260930-4-k98x,28,pos 9 plies ago,1,-2
relu_s2,6000,20260930-4-k98x,28,pos 9 plies ago,1,-1
relu_s2,6000,20260930-4-k98x,28,pos 9 plies ago,1,0
relu_s2,6000,20260930-4-k98x,28,pos 9 plies ago,1,1
relu_s2,6000,20260930-4-k98x,28,pos 9 plies ago,1,2
relu_s2,6000,20260930-4-k98x,28,pos 9 plies ago,1,3
relu_s2,6000,20260930-4-k98x,28,pos 9 plies ago,2,-3
relu_s2,6000,20260930-4-k98x,28,pos 9 plies ago,2,-2
relu_s2,6000,20260930-4-k98x,28,pos 9 plies ago,2,-1
relu_s2,6000,20260930-4-k98x,28,pos 9 plies ago,2,0
relu_s2,6000,20260930-4-k98x,28,pos 9 plies ago,2,1
relu_s2,6000,20260930-4-k98x,28,pos 9 plies ago,2,2
relu_s2,6000,20260930-4-k98x,28,pos 9 plies ago,2,3
relu_s2,6000,20260930-4-k98x,28,pos 9 plies ago,3,-3
relu_s2,6000,20260930-4-k98x,28,pos 9 plies ago,3,-2
relu_s2,6000,20260930-4-k98x,28,pos 9 plies ago,3,-1
relu_s2,6000,20260930-4-k98x,28,pos 9 plies ago,3,0
relu_s2,6000,20260930-4-k98x,28,pos 9 plies ago,3,1
relu_s2,6000,20260930-4-k98x,28,pos 9 plies ago,3,2
relu_s2,6000,20260930-4-k98x,28,pos 9 plies ago,3,3
relu_s2,7000,20260930-4-k98x,16,en passant,3,-3
relu_s2,7000,20260930-4-k98x,16,en passant,3,-2
relu_s2,7000,20260930-4-k98x,16,en passant,3,-1
relu_s2,7000,20260930-4-k98x,16,en passant,3,0
relu_s2,7000,20260930-4-k98x,16,en passant,3,1
relu_s2,7000,20260930-4-k98x,16,en passant,3,2
relu_s2,7000,20260930-4-k98x,16,en passant,3,3
relu_s2,7000,20260930-4-k98x,19,rep >=2 before,-3,-3
relu_s2,7000,20260930-4-k98x,19,rep >=2 before,-3,-2
relu_s2,7000,20260930-4-k98x,19,rep >=2 before,-3,-1
relu_s2,7000,20260930-4-k98x,19,rep >=2 before,-3,0
relu_s2,7000,20260930-4-k98x,19,rep >=2 before,-3,1
relu_s2,7000,20260930-4-k98x,19,rep >=2 before,-3,2
relu_s2,7000,20260930-4-k98x,19,rep >=2 before,-3,3
relu_s2,7000,20260930-4-k98x,19,rep >=2 before,-2,-3
relu_s2,7000,20260930-4-k98x,19,rep >=2 before,-2,-2
relu_s2,7000,20260930-4-k98x,19,rep >=2 before,-2,-1
relu_s2,7000,20260930-4-k98x,19,rep >=2 before,-2,0
relu_s2,7000,20260930-4-k98x,19,rep >=2 before,-2,1
relu_s2,7000,20260930-4-k98x,19,rep >=2 before,-2,2
relu_s2,7000,20260930-4-k98x,19,rep >=2 before,-2,3
relu_s2,7000,20260930-4-k98x,19,rep >=2 before,-1,-3
relu_s2,7000,20260930-4-k98x,19,rep >=2 before,-1,-2
relu_s2,7000,20260930-4-k98x,19,rep >=2 before,-1,-1
relu_s2,7000,20260930-4-k98x,19,rep >=2 before,-1,0
relu_s2,7000,20260930-4-k98x,19,rep >=2 before,-1,1
relu_s2,7000,20260930-4-k98x,19,rep >=2 before,-1,2
relu_s2,7000,20260930-4-k98x,19,rep >=2 before,-1,3
relu_s2,7000,20260930-4-k98x,19,rep >=2 before,0,-3
relu_s2,7000,20260930-4-k98x,19,rep >=2 before,0,-2
relu_s2,7000,20260930-4-k98x,19,rep >=2 before,0,-1
relu_s2,7000,20260930-4-k98x,19,rep >=2 before,0,0
relu_s2,7000,20260930-4-k98x,19,rep >=2 before,0,1
relu_s2,7000,20260930-4-k98x,19,rep >=2 before,0,2
relu_s2,7000,20260930-4-k98x,19,rep >=2 before,0,3
relu_s2,7000,20260930-4-k98x,19,rep >=2 before,1,-3
relu_s2,7000,20260930-4-k98x,19,rep >=2 before,1,-2
relu_s2,7000,20260930-4-k98x,19,rep >=2 before,1,-1
relu_s2,7000,20260930-4-k98x,19,rep >=2 before,1,0
relu_s2,7000,20260930-4-k98x,19,rep >=2 before,1,1
relu_s2,7000,20260930-4-k98x,19,rep >=2 before,1,2
relu_s2,7000,20260930-4-k98x,19,rep >=2 before,1,3
relu_s2,7000,20260930-4-k98x,19,rep >=2 before,2,-3
relu_s2,7000,20260930-4-k98x,19,rep >=2 before,2,-2
relu_s2,7000,20260930-4-k98x,19,rep >=2 before,2,-1
relu_s2,7000,20260930-4-k98x,19,rep >=2 before,2,0
relu_s2,7000,20260930-4-k98x,19,rep >=2 before,2,1
relu_s2,7000,20260930-4-k98x,19,rep >=2 before,2,2
relu_s2,7000,20260930-4-k98x,19,rep >=2 before,2,3
relu_s2,7000,20260930-4-k98x,19,rep >=2 before,3,-3
relu_s2,7000,20260930-4-k98x,19,rep >=2 before,3,-2
relu_s2,7000,20260930-4-k98x,19,rep >=2 before,3,-1
relu_s2,7000,20260930-4-k98x,19,rep >=2 before,3,0
relu_s2,7000,20260930-4-k98x,19,rep >=2 before,3,1
relu_s2,7000,20260930-4-k98x,19,rep >=2 before,3,2
relu_s2,7000,20260930-4-k98x,19,rep >=2 before,3,3
relu_s2,7000,20260930-4-k98x,20,pos 1 plies ago,-3,-3
relu_s2,7000,20260930-4-k98x,20,pos 1 plies ago,-3,-2
relu_s2,7000,20260930-4-k98x,20,pos 1 plies ago,-3,-1
relu_s2,7000,20260930-4-k98x,20,pos 1 plies ago,-3,0
relu_s2,7000,20260930-4-k98x,20,pos 1 plies ago,-3,1
relu_s2,7000,20260930-4-k98x,20,pos 1 plies ago,-3,2
relu_s2,7000,20260930-4-k98x,20,pos 1 plies ago,-3,3
relu_s2,7000,20260930-4-k98x,20,pos 1 plies ago,-2,-3
relu_s2,7000,20260930-4-k98x,20,pos 1 plies ago,-2,-2
relu_s2,7000,20260930-4-k98x,20,pos 1 plies ago,-2,-1
relu_s2,7000,20260930-4-k98x,20,pos 1 plies ago,-2,0
relu_s2,7000,20260930-4-k98x,20,pos 1 plies ago,-2,1
relu_s2,7000,20260930-4-k98x,20,pos 1 plies ago,-2,2
relu_s2,7000,20260930-4-k98x,20,pos 1 plies ago,-2,3
relu_s2,7000,20260930-4-k98x,20,pos 1 plies ago,-1,-3
relu_s2,7000,20260930-4-k98x,20,pos 1 plies ago,-1,-2
relu_s2,7000,20260930-4-k98x,20,pos 1 plies ago,-1,-1
relu_s2,7000,20260930-4-k98x,20,pos 1 plies ago,-1,0
relu_s2,7000,20260930-4-k98x,20,pos 1 plies ago,-1,1
relu_s2,7000,20260930-4-k98x,20,pos 1 plies ago,-1,2
relu_s2,7000,20260930-4-k98x,20,pos 1 plies ago,-1,3
relu_s2,7000,20260930-4-k98x,20,pos 1 plies ago,0,-3
relu_s2,7000,20260930-4-k98x,20,pos 1 plies ago,0,-2
relu_s2,7000,20260930-4-k98x,20,pos 1 plies ago,0,-1
relu_s2,7000,20260930-4-k98x,20,pos 1 plies ago,0,0
relu_s2,7000,20260930-4-k98x,20,pos 1 plies ago,0,1
relu_s2,7000,20260930-4-k98x,20,pos 1 plies ago,0,2
relu_s2,7000,20260930-4-k98x,20,pos 1 plies ago,0,3
relu_s2,7000,20260930-4-k98x,20,pos 1 plies ago,1,-3
relu_s2,7000,20260930-4-k98x,20,pos 1 plies ago,1,-2
relu_s2,7000,20260930-4-k98x,20,pos 1 plies ago,1,-1
relu_s2,7000,20260930-4-k98x,20,pos 1 plies ago,1,0
relu_s2,7000,20260930-4-k98x,20,pos 1 plies ago,1,1
relu_s2,7000,20260930-4-k98x,20,pos 1 plies ago,1,2
relu_s2,7000,20260930-4-k98x,20,pos 1 plies ago,1,3
relu_s2,7000,20260930-4-k98x,20,pos 1 plies ago,2,-3
relu_s2,7000,20260930-4-k98x,20,pos 1 plies ago,2,-2
relu_s2,7000,20260930-4-k98x,20,pos 1 plies ago,2,-1
relu_s2,7000,20260930-4-k98x,20,pos 1 plies ago,2,0
relu_s2,7000,20260930-4-k98x,20,pos 1 plies ago,2,1
relu_s2,7000,20260930-4-k98x,20,pos 1 plies ago,2,2
relu_s2,7000,20260930-4-k98x,20,pos 1 plies ago,2,3
relu_s2,7000,20260930-4-k98x,20,pos 1 plies ago,3,-3
relu_s2,7000,20260930-4-k98x,20,pos 1 plies ago,3,-2
relu_s2,7000,20260930-4-k98x,20,pos 1 plies ago,3,-1
relu_s2,7000,20260930-4-k98x,20,pos 1 plies ago,3,0
relu_s2,7000,20260930-4-k98x,20,pos 1 plies ago,3,1
relu_s2,7000,20260930-4-k98x,20,pos 1 plies ago,3,2
relu_s2,7000,20260930-4-k98x,20,pos 1 plies ago,3,3
relu_s2,7000,20260930-4-k98x,21,pos 2 plies ago,-3,-3
relu_s2,7000,20260930-4-k98x,21,pos 2 plies ago,-3,-2
relu_s2,7000,20260930-4-k98x,21,pos 2 plies ago,-3,-1
relu_s2,7000,20260930-4-k98x,21,pos 2 plies ago,-3,0
relu_s2,7000,20260930-4-k98x,21,pos 2 plies ago,-3,1
relu_s2,7000,20260930-4-k98x,21,pos 2 plies ago,-3,2
relu_s2,7000,20260930-4-k98x,21,pos 2 plies ago,-3,3
relu_s2,7000,20260930-4-k98x,21,pos 2 plies ago,-2,-3
relu_s2,7000,20260930-4-k98x,21,pos 2 plies ago,-2,-2
relu_s2,7000,20260930-4-k98x,21,pos 2 plies ago,-2,-1
relu_s2,7000,20260930-4-k98x,21,pos 2 plies ago,-2,0
relu_s2,7000,20260930-4-k98x,21,pos 2 plies ago,-2,1
relu_s2,7000,20260930-4-k98x,21,pos 2 plies ago,-2,2
relu_s2,7000,20260930-4-k98x,21,pos 2 plies ago,-2,3
relu_s2,7000,20260930-4-k98x,21,pos 2 plies ago,-1,-3
relu_s2,7000,20260930-4-k98x,21,pos 2 plies ago,-1,-2
relu_s2,7000,20260930-4-k98x,21,pos 2 plies ago,-1,-1
relu_s2,7000,20260930-4-k98x,21,pos 2 plies ago,-1,0
relu_s2,7000,20260930-4-k98x,21,pos 2 plies ago,-1,1
relu_s2,7000,20260930-4-k98x,21,pos 2 plies ago,-1,2
relu_s2,7000,20260930-4-k98x,21,pos 2 plies ago,-1,3
relu_s2,7000,20260930-4-k98x,21,pos 2 plies ago,0,-3
relu_s2,7000,20260930-4-k98x,21,pos 2 plies ago,0,-2
relu_s2,7000,20260930-4-k98x,21,pos 2 plies ago,0,-1
relu_s2,7000,20260930-4-k98x,21,pos 2 plies ago,0,0
relu_s2,7000,20260930-4-k98x,21,pos 2 plies ago,0,1
relu_s2,7000,20260930-4-k98x,21,pos 2 plies ago,0,2
relu_s2,7000,20260930-4-k98x,21,pos 2 plies ago,0,3
relu_s2,7000,20260930-4-k98x,21,pos 2 plies ago,1,-3
relu_s2,7000,20260930-4-k98x,21,pos 2 plies ago,1,-2
relu_s2,7000,20260930-4-k98x,21,pos 2 plies ago,1,-1
relu_s2,7000,20260930-4-k98x,21,pos 2 plies ago,1,0
relu_s2,7000,20260930-4-k98x,21,pos 2 plies ago,1,1
relu_s2,7000,20260930-4-k98x,21,pos 2 plies ago,1,2
relu_s2,7000,20260930-4-k98x,21,pos 2 plies ago,1,3
relu_s2,7000,20260930-4-k98x,21,pos 2 plies ago,2,-3
relu_s2,7000,20260930-4-k98x,21,pos 2 plies ago,2,-2
relu_s2,7000,20260930-4-k98x,21,pos 2 plies ago,2,-1
relu_s2,7000,20260930-4-k98x,21,pos 2 plies ago,2,0
relu_s2,7000,20260930-4-k98x,21,pos 2 plies ago,2,1
relu_s2,7000,20260930-4-k98x,21,pos 2 plies ago,2,2
relu_s2,7000,20260930-4-k98x,21,pos 2 plies ago,2,3
relu_s2,7000,20260930-4-k98x,21,pos 2 plies ago,3,-3
relu_s2,7000,20260930-4-k98x,21,pos 2 plies ago,3,-2
relu_s2,7000,20260930-4-k98x,21,pos 2 plies ago,3,-1
relu_s2,7000,20260930-4-k98x,21,pos 2 plies ago,3,0
relu_s2,7000,20260930-4-k98x,21,pos 2 plies ago,3,1
relu_s2,7000,20260930-4-k98x,21,pos 2 plies ago,3,2
relu_s2,7000,20260930-4-k98x,21,pos 2 plies ago,3,3
relu_s2,7000,20260930-4-k98x,22,pos 3 plies ago,-3,-3
relu_s2,7000,20260930-4-k98x,22,pos 3 plies ago,-3,-2
relu_s2,7000,20260930-4-k98x,22,pos 3 plies ago,-3,-1
relu_s2,7000,20260930-4-k98x,22,pos 3 plies ago,-3,0
relu_s2,7000,20260930-4-k98x,22,pos 3 plies ago,-3,1
relu_s2,7000,20260930-4-k98x,22,pos 3 plies ago,-3,2
relu_s2,7000,20260930-4-k98x,22,pos 3 plies ago,-3,3
relu_s2,7000,20260930-4-k98x,22,pos 3 plies ago,-2,-3
relu_s2,7000,20260930-4-k98x,22,pos 3 plies ago,-2,-2
relu_s2,7000,20260930-4-k98x,22,pos 3 plies ago,-2,-1
relu_s2,7000,20260930-4-k98x,22,pos 3 plies ago,-2,0
relu_s2,7000,20260930-4-k98x,22,pos 3 plies ago,-2,1
relu_s2,7000,20260930-4-k98x,22,pos 3 plies ago,-2,2
relu_s2,7000,20260930-4-k98x,22,pos 3 plies ago,-2,3
relu_s2,7000,20260930-4-k98x,22,pos 3 plies ago,-1,-3
relu_s2,7000,20260930-4-k98x,22,pos 3 plies ago,-1,-2
relu_s2,7000,20260930-4-k98x,22,pos 3 plies ago,-1,-1
relu_s2,7000,20260930-4-k98x,22,pos 3 plies ago,-1,0
relu_s2,7000,20260930-4-k98x,22,pos 3 plies ago,-1,1
relu_s2,7000,20260930-4-k98x,22,pos 3 plies ago,-1,2
relu_s2,7000,20260930-4-k98x,22,pos 3 plies ago,-1,3
relu_s2,7000,20260930-4-k98x,22,pos 3 plies ago,0,-3
relu_s2,7000,20260930-4-k98x,22,pos 3 plies ago,0,-2
relu_s2,7000,20260930-4-k98x,22,pos 3 plies ago,0,-1
relu_s2,7000,20260930-4-k98x,22,pos 3 plies ago,0,0
relu_s2,7000,20260930-4-k98x,22,pos 3 plies ago,0,1
relu_s2,7000,20260930-4-k98x,22,pos 3 plies ago,0,2
relu_s2,7000,20260930-4-k98x,22,pos 3 plies ago,0,3
relu_s2,7000,20260930-4-k98x,22,pos 3 plies ago,1,-3
relu_s2,7000,20260930-4-k98x,22,pos 3 plies ago,1,-2
relu_s2,7000,20260930-4-k98x,22,pos 3 plies ago,1,-1
relu_s2,7000,20260930-4-k98x,22,pos 3 plies ago,1,0
relu_s2,7000,20260930-4-k98x,22,pos 3 plies ago,1,1
relu_s2,7000,20260930-4-k98x,22,pos 3 plies ago,1,2
relu_s2,7000,20260930-4-k98x,22,pos 3 plies ago,1,3
relu_s2,7000,20260930-4-k98x,22,pos 3 plies ago,2,-3
relu_s2,7000,20260930-4-k98x,22,pos 3 plies ago,2,-2
relu_s2,7000,20260930-4-k98x,22,pos 3 plies ago,2,-1
relu_s2,7000,20260930-4-k98x,22,pos 3 plies ago,2,0
relu_s2,7000,20260930-4-k98x,22,pos 3 plies ago,2,1
relu_s2,7000,20260930-4-k98x,22,pos 3 plies ago,2,2
relu_s2,7000,20260930-4-k98x,22,pos 3 plies ago,2,3
relu_s2,7000,20260930-4-k98x,22,pos 3 plies ago,3,-3
relu_s2,7000,20260930-4-k98x,22,pos 3 plies ago,3,-2
relu_s2,7000,20260930-4-k98x,22,pos 3 plies ago,3,-1
relu_s2,7000,20260930-4-k98x,22,pos 3 plies ago,3,0
relu_s2,7000,20260930-4-k98x,22,pos 3 plies ago,3,1
relu_s2,7000,20260930-4-k98x,22,pos 3 plies ago,3,2
relu_s2,7000,20260930-4-k98x,22,pos 3 plies ago,3,3
relu_s2,7000,20260930-4-k98x,24,pos 5 plies ago,-3,-3
relu_s2,7000,20260930-4-k98x,24,pos 5 plies ago,-3,-2
relu_s2,7000,20260930-4-k98x,24,pos 5 plies ago,-3,-1
relu_s2,7000,20260930-4-k98x,24,pos 5 plies ago,-3,0
relu_s2,7000,20260930-4-k98x,24,pos 5 plies ago,-3,1
relu_s2,7000,20260930-4-k98x,24,pos 5 plies ago,-3,2
relu_s2,7000,20260930-4-k98x,24,pos 5 plies ago,-3,3
relu_s2,7000,20260930-4-k98x,24,pos 5 plies ago,-2,-3
relu_s2,7000,20260930-4-k98x,24,pos 5 plies ago,-2,-2
relu_s2,7000,20260930-4-k98x,24,pos 5 plies ago,-2,-1
relu_s2,7000,20260930-4-k98x,24,pos 5 plies ago,-2,0
relu_s2,7000,20260930-4-k98x,24,pos 5 plies ago,-2,1
relu_s2,7000,20260930-4-k98x,24,pos 5 plies ago,-2,2
relu_s2,7000,20260930-4-k98x,24,pos 5 plies ago,-2,3
relu_s2,7000,20260930-4-k98x,24,pos 5 plies ago,-1,-3
relu_s2,7000,20260930-4-k98x,24,pos 5 plies ago,-1,-2
relu_s2,7000,20260930-4-k98x,24,pos 5 plies ago,-1,-1
relu_s2,7000,20260930-4-k98x,24,pos 5 plies ago,-1,0
relu_s2,7000,20260930-4-k98x,24,pos 5 plies ago,-1,1
relu_s2,7000,20260930-4-k98x,24,pos 5 plies ago,-1,2
relu_s2,7000,20260930-4-k98x,24,pos 5 plies ago,-1,3
relu_s2,7000,20260930-4-k98x,24,pos 5 plies ago,0,-3
relu_s2,7000,20260930-4-k98x,24,pos 5 plies ago,0,-2
relu_s2,7000,20260930-4-k98x,24,pos 5 plies ago,0,-1
relu_s2,7000,20260930-4-k98x,24,pos 5 plies ago,0,0
relu_s2,7000,20260930-4-k98x,24,pos 5 plies ago,0,1
relu_s2,7000,20260930-4-k98x,24,pos 5 plies ago,0,2
relu_s2,7000,20260930-4-k98x,24,pos 5 plies ago,0,3
relu_s2,7000,20260930-4-k98x,24,pos 5 plies ago,1,-3
relu_s2,7000,20260930-4-k98x,24,pos 5 plies ago,1,-2
relu_s2,7000,20260930-4-k98x,24,pos 5 plies ago,1,-1
relu_s2,7000,20260930-4-k98x,24,pos 5 plies ago,1,0
relu_s2,7000,20260930-4-k98x,24,pos 5 plies ago,1,1
relu_s2,7000,20260930-4-k98x,24,pos 5 plies ago,1,2
relu_s2,7000,20260930-4-k98x,24,pos 5 plies ago,1,3
relu_s2,7000,20260930-4-k98x,24,pos 5 plies ago,2,-3
relu_s2,7000,20260930-4-k98x,24,pos 5 plies ago,2,-2
relu_s2,7000,20260930-4-k98x,24,pos 5 plies ago,2,-1
relu_s2,7000,20260930-4-k98x,24,pos 5 plies ago,2,0
relu_s2,7000,20260930-4-k98x,24,pos 5 plies ago,2,1
relu_s2,7000,20260930-4-k98x,24,pos 5 plies ago,2,2
relu_s2,7000,20260930-4-k98x,24,pos 5 plies ago,2,3
relu_s2,7000,20260930-4-k98x,24,pos 5 plies ago,3,-3
relu_s2,7000,20260930-4-k98x,24,pos 5 plies ago,3,-2
relu_s2,7000,20260930-4-k98x,24,pos 5 plies ago,3,-1
relu_s2,7000,20260930-4-k98x,24,pos 5 plies ago,3,0
relu_s2,7000,20260930-4-k98x,24,pos 5 plies ago,3,1
relu_s2,7000,20260930-4-k98x,24,pos 5 plies ago,3,2
relu_s2,7000,20260930-4-k98x,24,pos 5 plies ago,3,3
relu_s2,7000,20260930-4-k98x,26,pos 7 plies ago,-3,-3
relu_s2,7000,20260930-4-k98x,26,pos 7 plies ago,-3,-2
relu_s2,7000,20260930-4-k98x,26,pos 7 plies ago,-3,-1
relu_s2,7000,20260930-4-k98x,26,pos 7 plies ago,-3,0
relu_s2,7000,20260930-4-k98x,26,pos 7 plies ago,-3,1
relu_s2,7000,20260930-4-k98x,26,pos 7 plies ago,-3,2
relu_s2,7000,20260930-4-k98x,26,pos 7 plies ago,-3,3
relu_s2,7000,20260930-4-k98x,26,pos 7 plies ago,-2,-3
relu_s2,7000,20260930-4-k98x,26,pos 7 plies ago,-2,-2
relu_s2,7000,20260930-4-k98x,26,pos 7 plies ago,-2,-1
relu_s2,7000,20260930-4-k98x,26,pos 7 plies ago,-2,0
relu_s2,7000,20260930-4-k98x,26,pos 7 plies ago,-2,1
relu_s2,7000,20260930-4-k98x,26,pos 7 plies ago,-2,2
relu_s2,7000,20260930-4-k98x,26,pos 7 plies ago,-2,3
relu_s2,7000,20260930-4-k98x,26,pos 7 plies ago,-1,-3
relu_s2,7000,20260930-4-k98x,26,pos 7 plies ago,-1,-2
relu_s2,7000,20260930-4-k98x,26,pos 7 plies ago,-1,-1
relu_s2,7000,20260930-4-k98x,26,pos 7 plies ago,-1,0
relu_s2,7000,20260930-4-k98x,26,pos 7 plies ago,-1,1
relu_s2,7000,20260930-4-k98x,26,pos 7 plies ago,-1,2
relu_s2,7000,20260930-4-k98x,26,pos 7 plies ago,-1,3
relu_s2,7000,20260930-4-k98x,26,pos 7 plies ago,0,-3
relu_s2,7000,20260930-4-k98x,26,pos 7 plies ago,0,-2
relu_s2,7000,20260930-4-k98x,26,pos 7 plies ago,0,-1
relu_s2,7000,20260930-4-k98x,26,pos 7 plies ago,0,0
relu_s2,7000,20260930-4-k98x,26,pos 7 plies ago,0,1
relu_s2,7000,20260930-4-k98x,26,pos 7 plies ago,0,2
relu_s2,7000,20260930-4-k98x,26,pos 7 plies ago,0,3
relu_s2,7000,20260930-4-k98x,26,pos 7 plies ago,1,-3
relu_s2,7000,20260930-4-k98x,26,pos 7 plies ago,1,-2
relu_s2,7000,20260930-4-k98x,26,pos 7 plies ago,1,-1
relu_s2,7000,20260930-4-k98x,26,pos 7 plies ago,1,0
relu_s2,7000,20260930-4-k98x,26,pos 7 plies ago,1,1
relu_s2,7000,20260930-4-k98x,26,pos 7 plies ago,1,2
relu_s2,7000,20260930-4-k98x,26,pos 7 plies ago,1,3
relu_s2,7000,20260930-4-k98x,26,pos 7 plies ago,2,-3
relu_s2,7000,20260930-4-k98x,26,pos 7 plies ago,2,-2
relu_s2,7000,20260930-4-k98x,26,pos 7 plies ago,2,-1
relu_s2,7000,20260930-4-k98x,26,pos 7 plies ago,2,0
relu_s2,7000,20260930-4-k98x,26,pos 7 plies ago,2,1
relu_s2,7000,20260930-4-k98x,26,pos 7 plies ago,2,2
relu_s2,7000,20260930-4-k98x,26,pos 7 plies ago,2,3
relu_s2,7000,20260930-4-k98x,26,pos 7 plies ago,3,-3
relu_s2,7000,20260930-4-k98x,26,pos 7 plies ago,3,-2
relu_s2,7000,20260930-4-k98x,26,pos 7 plies ago,3,-1
relu_s2,7000,20260930-4-k98x,26,pos 7 plies ago,3,0
relu_s2,7000,20260930-4-k98x,26,pos 7 plies ago,3,1
relu_s2,7000,20260930-4-k98x,26,pos 7 plies ago,3,2
relu_s2,7000,20260930-4-k98x,26,pos 7 plies ago,3,3
relu_s2,7000,20260930-4-k98x,28,pos 9 plies ago,-3,-3
relu_s2,7000,20260930-4-k98x,28,pos 9 plies ago,-3,-2
relu_s2,7000,20260930-4-k98x,28,pos 9 plies ago,-3,-1
relu_s2,7000,20260930-4-k98x,28,pos 9 plies ago,-3,0
relu_s2,7000,20260930-4-k98x,28,pos 9 plies ago,-3,1
relu_s2,7000,20260930-4-k98x,28,pos 9 plies ago,-3,2
relu_s2,7000,20260930-4-k98x,28,pos 9 plies ago,-3,3
relu_s2,7000,20260930-4-k98x,28,pos 9 plies ago,-2,-3
relu_s2,7000,20260930-4-k98x,28,pos 9 plies ago,-2,-2
relu_s2,7000,20260930-4-k98x,28,pos 9 plies ago,-2,-1
relu_s2,7000,20260930-4-k98x,28,pos 9 plies ago,-2,0
relu_s2,7000,20260930-4-k98x,28,pos 9 plies ago,-2,1
relu_s2,7000,20260930-4-k98x,28,pos 9 plies ago,-2,2
relu_s2,7000,20260930-4-k98x,28,pos 9 plies ago,-2,3
relu_s2,7000,20260930-4-k98x,28,pos 9 plies ago,-1,-3
relu_s2,7000,20260930-4-k98x,28,pos 9 plies ago,-1,-2
relu_s2,7000,20260930-4-k98x,28,pos 9 plies ago,-1,-1
relu_s2,7000,20260930-4-k98x,28,pos 9 plies ago,-1,0
relu_s2,7000,20260930-4-k98x,28,pos 9 plies ago,-1,1
relu_s2,7000,20260930-4-k98x,28,pos 9 plies ago,-1,2
relu_s2,7000,20260930-4-k98x,28,pos 9 plies ago,-1,3
relu_s2,7000,20260930-4-k98x,28,pos 9 plies ago,0,-3
relu_s2,7000,20260930-4-k98x,28,pos 9 plies ago,0,-2
relu_s2,7000,20260930-4-k98x,28,pos 9 plies ago,0,-1
relu_s2,7000,20260930-4-k98x,28,pos 9 plies ago,0,0
relu_s2,7000,20260930-4-k98x,28,pos 9 plies ago,0,1
relu_s2,7000,20260930-4-k98x,28,pos 9 plies ago,0,2
relu_s2,7000,20260930-4-k98x,28,pos 9 plies ago,0,3
relu_s2,7000,20260930-4-k98x,28,pos 9 plies ago,1,-3
relu_s2,7000,20260930-4-k98x,28,pos 9 plies ago,1,-2
relu_s2,7000,20260930-4-k98x,28,pos 9 plies ago,1,-1
relu_s2,7000,20260930-4-k98x,28,pos 9 plies ago,1,0
relu_s2,7000,20260930-4-k98x,28,pos 9 plies ago,1,1
relu_s2,7000,20260930-4-k98x,28,pos 9 plies ago,1,2
relu_s2,7000,20260930-4-k98x,28,pos 9 plies ago,1,3
relu_s2,7000,20260930-4-k98x,28,pos 9 plies ago,2,-3
relu_s2,7000,20260930-4-k98x,28,pos 9 plies ago,2,-2
relu_s2,7000,20260930-4-k98x,28,pos 9 plies ago,2,-1
relu_s2,7000,20260930-4-k98x,28,pos 9 plies ago,2,0
relu_s2,7000,20260930-4-k98x,28,pos 9 plies ago,2,1
relu_s2,7000,20260930-4-k98x,28,pos 9 plies ago,2,2
relu_s2,7000,20260930-4-k98x,28,pos 9 plies ago,2,3
relu_s2,7000,20260930-4-k98x,28,pos 9 plies ago,3,-3
relu_s2,7000,20260930-4-k98x,28,pos 9 plies ago,3,-2
relu_s2,7000,20260930-4-k98x,28,pos 9 plies ago,3,-1
relu_s2,7000,20260930-4-k98x,28,pos 9 plies ago,3,0
relu_s2,7000,20260930-4-k98x,28,pos 9 plies ago,3,1
relu_s2,7000,20260930-4-k98x,28,pos 9 plies ago,3,2
relu_s2,7000,20260930-4-k98x,28,pos 9 plies ago,3,3
relu_s2,7282,20260930-4-k98x,16,en passant,3,-3
relu_s2,7282,20260930-4-k98x,16,en passant,3,-2
relu_s2,7282,20260930-4-k98x,16,en passant,3,-1
relu_s2,7282,20260930-4-k98x,16,en passant,3,0
relu_s2,7282,20260930-4-k98x,16,en passant,3,1
relu_s2,7282,20260930-4-k98x,16,en passant,3,2
relu_s2,7282,20260930-4-k98x,16,en passant,3,3
relu_s2,7282,20260930-4-k98x,19,rep >=2 before,-3,-3
relu_s2,7282,20260930-4-k98x,19,rep >=2 before,-3,-2
relu_s2,7282,20260930-4-k98x,19,rep >=2 before,-3,-1
relu_s2,7282,20260930-4-k98x,19,rep >=2 before,-3,0
relu_s2,7282,20260930-4-k98x,19,rep >=2 before,-3,1
relu_s2,7282,20260930-4-k98x,19,rep >=2 before,-3,2
relu_s2,7282,20260930-4-k98x,19,rep >=2 before,-3,3
relu_s2,7282,20260930-4-k98x,19,rep >=2 before,-2,-3
relu_s2,7282,20260930-4-k98x,19,rep >=2 before,-2,-2
relu_s2,7282,20260930-4-k98x,19,rep >=2 before,-2,-1
relu_s2,7282,20260930-4-k98x,19,rep >=2 before,-2,0
relu_s2,7282,20260930-4-k98x,19,rep >=2 before,-2,1
relu_s2,7282,20260930-4-k98x,19,rep >=2 before,-2,2
relu_s2,7282,20260930-4-k98x,19,rep >=2 before,-2,3
relu_s2,7282,20260930-4-k98x,19,rep >=2 before,-1,-3
relu_s2,7282,20260930-4-k98x,19,rep >=2 before,-1,-2
relu_s2,7282,20260930-4-k98x,19,rep >=2 before,-1,-1
relu_s2,7282,20260930-4-k98x,19,rep >=2 before,-1,0
relu_s2,7282,20260930-4-k98x,19,rep >=2 before,-1,1
relu_s2,7282,20260930-4-k98x,19,rep >=2 before,-1,2
relu_s2,7282,20260930-4-k98x,19,rep >=2 before,-1,3
relu_s2,7282,20260930-4-k98x,19,rep >=2 before,0,-3
relu_s2,7282,20260930-4-k98x,19,rep >=2 before,0,-2
relu_s2,7282,20260930-4-k98x,19,rep >=2 before,0,-1
relu_s2,7282,20260930-4-k98x,19,rep >=2 before,0,0
relu_s2,7282,20260930-4-k98x,19,rep >=2 before,0,1
relu_s2,7282,20260930-4-k98x,19,rep >=2 before,0,2
relu_s2,7282,20260930-4-k98x,19,rep >=2 before,0,3
relu_s2,7282,20260930-4-k98x,19,rep >=2 before,1,-3
relu_s2,7282,20260930-4-k98x,19,rep >=2 before,1,-2
relu_s2,7282,20260930-4-k98x,19,rep >=2 before,1,-1
relu_s2,7282,20260930-4-k98x,19,rep >=2 before,1,0
relu_s2,7282,20260930-4-k98x,19,rep >=2 before,1,1
relu_s2,7282,20260930-4-k98x,19,rep >=2 before,1,2
relu_s2,7282,20260930-4-k98x,19,rep >=2 before,1,3
relu_s2,7282,20260930-4-k98x,19,rep >=2 before,2,-3
relu_s2,7282,20260930-4-k98x,19,rep >=2 before,2,-2
relu_s2,7282,20260930-4-k98x,19,rep >=2 before,2,-1
relu_s2,7282,20260930-4-k98x,19,rep >=2 before,2,0
relu_s2,7282,20260930-4-k98x,19,rep >=2 before,2,1
relu_s2,7282,20260930-4-k98x,19,rep >=2 before,2,2
relu_s2,7282,20260930-4-k98x,19,rep >=2 before,2,3
relu_s2,7282,20260930-4-k98x,19,rep >=2 before,3,-3
relu_s2,7282,20260930-4-k98x,19,rep >=2 before,3,-2
relu_s2,7282,20260930-4-k98x,19,rep >=2 before,3,-1
relu_s2,7282,20260930-4-k98x,19,rep >=2 before,3,0
relu_s2,7282,20260930-4-k98x,19,rep >=2 before,3,1
relu_s2,7282,20260930-4-k98x,19,rep >=2 before,3,2
relu_s2,7282,20260930-4-k98x,19,rep >=2 before,3,3
relu_s2,7282,20260930-4-k98x,20,pos 1 plies ago,-3,-3
relu_s2,7282,20260930-4-k98x,20,pos 1 plies ago,-3,-2
relu_s2,7282,20260930-4-k98x,20,pos 1 plies ago,-3,-1
relu_s2,7282,20260930-4-k98x,20,pos 1 plies ago,-3,0
relu_s2,7282,20260930-4-k98x,20,pos 1 plies ago,-3,1
relu_s2,7282,20260930-4-k98x,20,pos 1 plies ago,-3,2
relu_s2,7282,20260930-4-k98x,20,pos 1 plies ago,-3,3
relu_s2,7282,20260930-4-k98x,20,pos 1 plies ago,-2,-3
relu_s2,7282,20260930-4-k98x,20,pos 1 plies ago,-2,-2
relu_s2,7282,20260930-4-k98x,20,pos 1 plies ago,-2,-1
relu_s2,7282,20260930-4-k98x,20,pos 1 plies ago,-2,0
relu_s2,7282,20260930-4-k98x,20,pos 1 plies ago,-2,1
relu_s2,7282,20260930-4-k98x,20,pos 1 plies ago,-2,2
relu_s2,7282,20260930-4-k98x,20,pos 1 plies ago,-2,3
relu_s2,7282,20260930-4-k98x,20,pos 1 plies ago,-1,-3
relu_s2,7282,20260930-4-k98x,20,pos 1 plies ago,-1,-2
relu_s2,7282,20260930-4-k98x,20,pos 1 plies ago,-1,-1
relu_s2,7282,20260930-4-k98x,20,pos 1 plies ago,-1,0
relu_s2,7282,20260930-4-k98x,20,pos 1 plies ago,-1,1
relu_s2,7282,20260930-4-k98x,20,pos 1 plies ago,-1,2
relu_s2,7282,20260930-4-k98x,20,pos 1 plies ago,-1,3
relu_s2,7282,20260930-4-k98x,20,pos 1 plies ago,0,-3
relu_s2,7282,20260930-4-k98x,20,pos 1 plies ago,0,-2
relu_s2,7282,20260930-4-k98x,20,pos 1 plies ago,0,-1
relu_s2,7282,20260930-4-k98x,20,pos 1 plies ago,0,0
relu_s2,7282,20260930-4-k98x,20,pos 1 plies ago,0,1
relu_s2,7282,20260930-4-k98x,20,pos 1 plies ago,0,2
relu_s2,7282,20260930-4-k98x,20,pos 1 plies ago,0,3
relu_s2,7282,20260930-4-k98x,20,pos 1 plies ago,1,-3
relu_s2,7282,20260930-4-k98x,20,pos 1 plies ago,1,-2
relu_s2,7282,20260930-4-k98x,20,pos 1 plies ago,1,-1
relu_s2,7282,20260930-4-k98x,20,pos 1 plies ago,1,0
relu_s2,7282,20260930-4-k98x,20,pos 1 plies ago,1,1
relu_s2,7282,20260930-4-k98x,20,pos 1 plies ago,1,2
relu_s2,7282,20260930-4-k98x,20,pos 1 plies ago,1,3
relu_s2,7282,20260930-4-k98x,20,pos 1 plies ago,2,-3
relu_s2,7282,20260930-4-k98x,20,pos 1 plies ago,2,-2
relu_s2,7282,20260930-4-k98x,20,pos 1 plies ago,2,-1
relu_s2,7282,20260930-4-k98x,20,pos 1 plies ago,2,0
relu_s2,7282,20260930-4-k98x,20,pos 1 plies ago,2,1
relu_s2,7282,20260930-4-k98x,20,pos 1 plies ago,2,2
relu_s2,7282,20260930-4-k98x,20,pos 1 plies ago,2,3
relu_s2,7282,20260930-4-k98x,20,pos 1 plies ago,3,-3
relu_s2,7282,20260930-4-k98x,20,pos 1 plies ago,3,-2
relu_s2,7282,20260930-4-k98x,20,pos 1 plies ago,3,-1
relu_s2,7282,20260930-4-k98x,20,pos 1 plies ago,3,0
relu_s2,7282,20260930-4-k98x,20,pos 1 plies ago,3,1
relu_s2,7282,20260930-4-k98x,20,pos 1 plies ago,3,2
relu_s2,7282,20260930-4-k98x,20,pos 1 plies ago,3,3
relu_s2,7282,20260930-4-k98x,21,pos 2 plies ago,-3,-3
relu_s2,7282,20260930-4-k98x,21,pos 2 plies ago,-3,-2
relu_s2,7282,20260930-4-k98x,21,pos 2 plies ago,-3,-1
relu_s2,7282,20260930-4-k98x,21,pos 2 plies ago,-3,0
relu_s2,7282,20260930-4-k98x,21,pos 2 plies ago,-3,1
relu_s2,7282,20260930-4-k98x,21,pos 2 plies ago,-3,2
relu_s2,7282,20260930-4-k98x,21,pos 2 plies ago,-3,3
relu_s2,7282,20260930-4-k98x,21,pos 2 plies ago,-2,-3
relu_s2,7282,20260930-4-k98x,21,pos 2 plies ago,-2,-2
relu_s2,7282,20260930-4-k98x,21,pos 2 plies ago,-2,-1
relu_s2,7282,20260930-4-k98x,21,pos 2 plies ago,-2,0
relu_s2,7282,20260930-4-k98x,21,pos 2 plies ago,-2,1
relu_s2,7282,20260930-4-k98x,21,pos 2 plies ago,-2,2
relu_s2,7282,20260930-4-k98x,21,pos 2 plies ago,-2,3
relu_s2,7282,20260930-4-k98x,21,pos 2 plies ago,-1,-3
relu_s2,7282,20260930-4-k98x,21,pos 2 plies ago,-1,-2
relu_s2,7282,20260930-4-k98x,21,pos 2 plies ago,-1,-1
relu_s2,7282,20260930-4-k98x,21,pos 2 plies ago,-1,0
relu_s2,7282,20260930-4-k98x,21,pos 2 plies ago,-1,1
relu_s2,7282,20260930-4-k98x,21,pos 2 plies ago,-1,2
relu_s2,7282,20260930-4-k98x,21,pos 2 plies ago,-1,3
relu_s2,7282,20260930-4-k98x,21,pos 2 plies ago,0,-3
relu_s2,7282,20260930-4-k98x,21,pos 2 plies ago,0,-2
relu_s2,7282,20260930-4-k98x,21,pos 2 plies ago,0,-1
relu_s2,7282,20260930-4-k98x,21,pos 2 plies ago,0,0
relu_s2,7282,20260930-4-k98x,21,pos 2 plies ago,0,1
relu_s2,7282,20260930-4-k98x,21,pos 2 plies ago,0,2
relu_s2,7282,20260930-4-k98x,21,pos 2 plies ago,0,3
relu_s2,7282,20260930-4-k98x,21,pos 2 plies ago,1,-3
relu_s2,7282,20260930-4-k98x,21,pos 2 plies ago,1,-2
relu_s2,7282,20260930-4-k98x,21,pos 2 plies ago,1,-1
relu_s2,7282,20260930-4-k98x,21,pos 2 plies ago,1,0
relu_s2,7282,20260930-4-k98x,21,pos 2 plies ago,1,1
relu_s2,7282,20260930-4-k98x,21,pos 2 plies ago,1,2
relu_s2,7282,20260930-4-k98x,21,pos 2 plies ago,1,3
relu_s2,7282,20260930-4-k98x,21,pos 2 plies ago,2,-3
relu_s2,7282,20260930-4-k98x,21,pos 2 plies ago,2,-2
relu_s2,7282,20260930-4-k98x,21,pos 2 plies ago,2,-1
relu_s2,7282,20260930-4-k98x,21,pos 2 plies ago,2,0
relu_s2,7282,20260930-4-k98x,21,pos 2 plies ago,2,1
relu_s2,7282,20260930-4-k98x,21,pos 2 plies ago,2,2
relu_s2,7282,20260930-4-k98x,21,pos 2 plies ago,2,3
relu_s2,7282,20260930-4-k98x,21,pos 2 plies ago,3,-3
relu_s2,7282,20260930-4-k98x,21,pos 2 plies ago,3,-2
relu_s2,7282,20260930-4-k98x,21,pos 2 plies ago,3,-1
relu_s2,7282,20260930-4-k98x,21,pos 2 plies ago,3,0
relu_s2,7282,20260930-4-k98x,21,pos 2 plies ago,3,1
relu_s2,7282,20260930-4-k98x,21,pos 2 plies ago,3,2
relu_s2,7282,20260930-4-k98x,21,pos 2 plies ago,3,3
relu_s2,7282,20260930-4-k98x,22,pos 3 plies ago,-3,-3
relu_s2,7282,20260930-4-k98x,22,pos 3 plies ago,-3,-2
relu_s2,7282,20260930-4-k98x,22,pos 3 plies ago,-3,-1
relu_s2,7282,20260930-4-k98x,22,pos 3 plies ago,-3,0
relu_s2,7282,20260930-4-k98x,22,pos 3 plies ago,-3,1
relu_s2,7282,20260930-4-k98x,22,pos 3 plies ago,-3,2
relu_s2,7282,20260930-4-k98x,22,pos 3 plies ago,-3,3
relu_s2,7282,20260930-4-k98x,22,pos 3 plies ago,-2,-3
relu_s2,7282,20260930-4-k98x,22,pos 3 plies ago,-2,-2
relu_s2,7282,20260930-4-k98x,22,pos 3 plies ago,-2,-1
relu_s2,7282,20260930-4-k98x,22,pos 3 plies ago,-2,0
relu_s2,7282,20260930-4-k98x,22,pos 3 plies ago,-2,1
relu_s2,7282,20260930-4-k98x,22,pos 3 plies ago,-2,2
relu_s2,7282,20260930-4-k98x,22,pos 3 plies ago,-2,3
relu_s2,7282,20260930-4-k98x,22,pos 3 plies ago,-1,-3
relu_s2,7282,20260930-4-k98x,22,pos 3 plies ago,-1,-2
relu_s2,7282,20260930-4-k98x,22,pos 3 plies ago,-1,-1
relu_s2,7282,20260930-4-k98x,22,pos 3 plies ago,-1,0
relu_s2,7282,20260930-4-k98x,22,pos 3 plies ago,-1,1
relu_s2,7282,20260930-4-k98x,22,pos 3 plies ago,-1,2
relu_s2,7282,20260930-4-k98x,22,pos 3 plies ago,-1,3
relu_s2,7282,20260930-4-k98x,22,pos 3 plies ago,0,-3
relu_s2,7282,20260930-4-k98x,22,pos 3 plies ago,0,-2
relu_s2,7282,20260930-4-k98x,22,pos 3 plies ago,0,-1
relu_s2,7282,20260930-4-k98x,22,pos 3 plies ago,0,0
relu_s2,7282,20260930-4-k98x,22,pos 3 plies ago,0,1
relu_s2,7282,20260930-4-k98x,22,pos 3 plies ago,0,2
relu_s2,7282,20260930-4-k98x,22,pos 3 plies ago,0,3
relu_s2,7282,20260930-4-k98x,22,pos 3 plies ago,1,-3
relu_s2,7282,20260930-4-k98x,22,pos 3 plies ago,1,-2
relu_s2,7282,20260930-4-k98x,22,pos 3 plies ago,1,-1
relu_s2,7282,20260930-4-k98x,22,pos 3 plies ago,1,0
relu_s2,7282,20260930-4-k98x,22,pos 3 plies ago,1,1
relu_s2,7282,20260930-4-k98x,22,pos 3 plies ago,1,2
relu_s2,7282,20260930-4-k98x,22,pos 3 plies ago,1,3
relu_s2,7282,20260930-4-k98x,22,pos 3 plies ago,2,-3
relu_s2,7282,20260930-4-k98x,22,pos 3 plies ago,2,-2
relu_s2,7282,20260930-4-k98x,22,pos 3 plies ago,2,-1
relu_s2,7282,20260930-4-k98x,22,pos 3 plies ago,2,0
relu_s2,7282,20260930-4-k98x,22,pos 3 plies ago,2,1
relu_s2,7282,20260930-4-k98x,22,pos 3 plies ago,2,2
relu_s2,7282,20260930-4-k98x,22,pos 3 plies ago,2,3
relu_s2,7282,20260930-4-k98x,22,pos 3 plies ago,3,-3
relu_s2,7282,20260930-4-k98x,22,pos 3 plies ago,3,-2
relu_s2,7282,20260930-4-k98x,22,pos 3 plies ago,3,-1
relu_s2,7282,20260930-4-k98x,22,pos 3 plies ago,3,0
relu_s2,7282,20260930-4-k98x,22,pos 3 plies ago,3,1
relu_s2,7282,20260930-4-k98x,22,pos 3 plies ago,3,2
relu_s2,7282,20260930-4-k98x,22,pos 3 plies ago,3,3
relu_s2,7282,20260930-4-k98x,24,pos 5 plies ago,-3,-3
relu_s2,7282,20260930-4-k98x,24,pos 5 plies ago,-3,-2
relu_s2,7282,20260930-4-k98x,24,pos 5 plies ago,-3,-1
relu_s2,7282,20260930-4-k98x,24,pos 5 plies ago,-3,0
relu_s2,7282,20260930-4-k98x,24,pos 5 plies ago,-3,1
relu_s2,7282,20260930-4-k98x,24,pos 5 plies ago,-3,2
relu_s2,7282,20260930-4-k98x,24,pos 5 plies ago,-3,3
relu_s2,7282,20260930-4-k98x,24,pos 5 plies ago,-2,-3
relu_s2,7282,20260930-4-k98x,24,pos 5 plies ago,-2,-2
relu_s2,7282,20260930-4-k98x,24,pos 5 plies ago,-2,-1
relu_s2,7282,20260930-4-k98x,24,pos 5 plies ago,-2,0
relu_s2,7282,20260930-4-k98x,24,pos 5 plies ago,-2,1
relu_s2,7282,20260930-4-k98x,24,pos 5 plies ago,-2,2
relu_s2,7282,20260930-4-k98x,24,pos 5 plies ago,-2,3
relu_s2,7282,20260930-4-k98x,24,pos 5 plies ago,-1,-3
relu_s2,7282,20260930-4-k98x,24,pos 5 plies ago,-1,-2
relu_s2,7282,20260930-4-k98x,24,pos 5 plies ago,-1,-1
relu_s2,7282,20260930-4-k98x,24,pos 5 plies ago,-1,0
relu_s2,7282,20260930-4-k98x,24,pos 5 plies ago,-1,1
relu_s2,7282,20260930-4-k98x,24,pos 5 plies ago,-1,2
relu_s2,7282,20260930-4-k98x,24,pos 5 plies ago,-1,3
relu_s2,7282,20260930-4-k98x,24,pos 5 plies ago,0,-3
relu_s2,7282,20260930-4-k98x,24,pos 5 plies ago,0,-2
relu_s2,7282,20260930-4-k98x,24,pos 5 plies ago,0,-1
relu_s2,7282,20260930-4-k98x,24,pos 5 plies ago,0,0
relu_s2,7282,20260930-4-k98x,24,pos 5 plies ago,0,1
relu_s2,7282,20260930-4-k98x,24,pos 5 plies ago,0,2
relu_s2,7282,20260930-4-k98x,24,pos 5 plies ago,0,3
relu_s2,7282,20260930-4-k98x,24,pos 5 plies ago,1,-3
relu_s2,7282,20260930-4-k98x,24,pos 5 plies ago,1,-2
relu_s2,7282,20260930-4-k98x,24,pos 5 plies ago,1,-1
relu_s2,7282,20260930-4-k98x,24,pos 5 plies ago,1,0
relu_s2,7282,20260930-4-k98x,24,pos 5 plies ago,1,1
relu_s2,7282,20260930-4-k98x,24,pos 5 plies ago,1,2
relu_s2,7282,20260930-4-k98x,24,pos 5 plies ago,1,3
relu_s2,7282,20260930-4-k98x,24,pos 5 plies ago,2,-3
relu_s2,7282,20260930-4-k98x,24,pos 5 plies ago,2,-2
relu_s2,7282,20260930-4-k98x,24,pos 5 plies ago,2,-1
relu_s2,7282,20260930-4-k98x,24,pos 5 plies ago,2,0
relu_s2,7282,20260930-4-k98x,24,pos 5 plies ago,2,1
relu_s2,7282,20260930-4-k98x,24,pos 5 plies ago,2,2
relu_s2,7282,20260930-4-k98x,24,pos 5 plies ago,2,3
relu_s2,7282,20260930-4-k98x,24,pos 5 plies ago,3,-3
relu_s2,7282,20260930-4-k98x,24,pos 5 plies ago,3,-2
relu_s2,7282,20260930-4-k98x,24,pos 5 plies ago,3,-1
relu_s2,7282,20260930-4-k98x,24,pos 5 plies ago,3,0
relu_s2,7282,20260930-4-k98x,24,pos 5 plies ago,3,1
relu_s2,7282,20260930-4-k98x,24,pos 5 plies ago,3,2
relu_s2,7282,20260930-4-k98x,24,pos 5 plies ago,3,3
relu_s2,7282,20260930-4-k98x,26,pos 7 plies ago,-3,-3
relu_s2,7282,20260930-4-k98x,26,pos 7 plies ago,-3,-2
relu_s2,7282,20260930-4-k98x,26,pos 7 plies ago,-3,-1
relu_s2,7282,20260930-4-k98x,26,pos 7 plies ago,-3,0
relu_s2,7282,20260930-4-k98x,26,pos 7 plies ago,-3,1
relu_s2,7282,20260930-4-k98x,26,pos 7 plies ago,-3,2
relu_s2,7282,20260930-4-k98x,26,pos 7 plies ago,-3,3
relu_s2,7282,20260930-4-k98x,26,pos 7 plies ago,-2,-3
relu_s2,7282,20260930-4-k98x,26,pos 7 plies ago,-2,-2
relu_s2,7282,20260930-4-k98x,26,pos 7 plies ago,-2,-1
relu_s2,7282,20260930-4-k98x,26,pos 7 plies ago,-2,0
relu_s2,7282,20260930-4-k98x,26,pos 7 plies ago,-2,1
relu_s2,7282,20260930-4-k98x,26,pos 7 plies ago,-2,2
relu_s2,7282,20260930-4-k98x,26,pos 7 plies ago,-2,3
relu_s2,7282,20260930-4-k98x,26,pos 7 plies ago,-1,-3
relu_s2,7282,20260930-4-k98x,26,pos 7 plies ago,-1,-2
relu_s2,7282,20260930-4-k98x,26,pos 7 plies ago,-1,-1
relu_s2,7282,20260930-4-k98x,26,pos 7 plies ago,-1,0
relu_s2,7282,20260930-4-k98x,26,pos 7 plies ago,-1,1
relu_s2,7282,20260930-4-k98x,26,pos 7 plies ago,-1,2
relu_s2,7282,20260930-4-k98x,26,pos 7 plies ago,-1,3
relu_s2,7282,20260930-4-k98x,26,pos 7 plies ago,0,-3
relu_s2,7282,20260930-4-k98x,26,pos 7 plies ago,0,-2
relu_s2,7282,20260930-4-k98x,26,pos 7 plies ago,0,-1
relu_s2,7282,20260930-4-k98x,26,pos 7 plies ago,0,0
relu_s2,7282,20260930-4-k98x,26,pos 7 plies ago,0,1
relu_s2,7282,20260930-4-k98x,26,pos 7 plies ago,0,2
relu_s2,7282,20260930-4-k98x,26,pos 7 plies ago,0,3
relu_s2,7282,20260930-4-k98x,26,pos 7 plies ago,1,-3
relu_s2,7282,20260930-4-k98x,26,pos 7 plies ago,1,-2
relu_s2,7282,20260930-4-k98x,26,pos 7 plies ago,1,-1
relu_s2,7282,20260930-4-k98x,26,pos 7 plies ago,1,0
relu_s2,7282,20260930-4-k98x,26,pos 7 plies ago,1,1
relu_s2,7282,20260930-4-k98x,26,pos 7 plies ago,1,2
relu_s2,7282,20260930-4-k98x,26,pos 7 plies ago,1,3
relu_s2,7282,20260930-4-k98x,26,pos 7 plies ago,2,-3
relu_s2,7282,20260930-4-k98x,26,pos 7 plies ago,2,-2
relu_s2,7282,20260930-4-k98x,26,pos 7 plies ago,2,-1
relu_s2,7282,20260930-4-k98x,26,pos 7 plies ago,2,0
relu_s2,7282,20260930-4-k98x,26,pos 7 plies ago,2,1
relu_s2,7282,20260930-4-k98x,26,pos 7 plies ago,2,2
relu_s2,7282,20260930-4-k98x,26,pos 7 plies ago,2,3
relu_s2,7282,20260930-4-k98x,26,pos 7 plies ago,3,-3
relu_s2,7282,20260930-4-k98x,26,pos 7 plies ago,3,-2
relu_s2,7282,20260930-4-k98x,26,pos 7 plies ago,3,-1
relu_s2,7282,20260930-4-k98x,26,pos 7 plies ago,3,0
relu_s2,7282,20260930-4-k98x,26,pos 7 plies ago,3,1
relu_s2,7282,20260930-4-k98x,26,pos 7 plies ago,3,2
relu_s2,7282,20260930-4-k98x,26,pos 7 plies ago,3,3
relu_s2,7282,20260930-4-k98x,28,pos 9 plies ago,-3,-3
relu_s2,7282,20260930-4-k98x,28,pos 9 plies ago,-3,-2
relu_s2,7282,20260930-4-k98x,28,pos 9 plies ago,-3,-1
relu_s2,7282,20260930-4-k98x,28,pos 9 plies ago,-3,0
relu_s2,7282,20260930-4-k98x,28,pos 9 plies ago,-3,1
relu_s2,7282,20260930-4-k98x,28,pos 9 plies ago,-3,2
relu_s2,7282,20260930-4-k98x,28,pos 9 plies ago,-3,3
relu_s2,7282,20260930-4-k98x,28,pos 9 plies ago,-2,-3
relu_s2,7282,20260930-4-k98x,28,pos 9 plies ago,-2,-2
relu_s2,7282,20260930-4-k98x,28,pos 9 plies ago,-2,-1
relu_s2,7282,20260930-4-k98x,28,pos 9 plies ago,-2,0
relu_s2,7282,20260930-4-k98x,28,pos 9 plies ago,-2,1
relu_s2,7282,20260930-4-k98x,28,pos 9 plies ago,-2,2
relu_s2,7282,20260930-4-k98x,28,pos 9 plies ago,-2,3
relu_s2,7282,20260930-4-k98x,28,pos 9 plies ago,-1,-3
relu_s2,7282,20260930-4-k98x,28,pos 9 plies ago,-1,-2
relu_s2,7282,20260930-4-k98x,28,pos 9 plies ago,-1,-1
relu_s2,7282,20260930-4-k98x,28,pos 9 plies ago,-1,0
relu_s2,7282,20260930-4-k98x,28,pos 9 plies ago,-1,1
relu_s2,7282,20260930-4-k98x,28,pos 9 plies ago,-1,2
relu_s2,7282,20260930-4-k98x,28,pos 9 plies ago,-1,3
relu_s2,7282,20260930-4-k98x,28,pos 9 plies ago,0,-3
relu_s2,7282,20260930-4-k98x,28,pos 9 plies ago,0,-2
relu_s2,7282,20260930-4-k98x,28,pos 9 plies ago,0,-1
relu_s2,7282,20260930-4-k98x,28,pos 9 plies ago,0,0
relu_s2,7282,20260930-4-k98x,28,pos 9 plies ago,0,1
relu_s2,7282,20260930-4-k98x,28,pos 9 plies ago,0,2
relu_s2,7282,20260930-4-k98x,28,pos 9 plies ago,0,3
relu_s2,7282,20260930-4-k98x,28,pos 9 plies ago,1,-3
relu_s2,7282,20260930-4-k98x,28,pos 9 plies ago,1,-2
relu_s2,7282,20260930-4-k98x,28,pos 9 plies ago,1,-1
relu_s2,7282,20260930-4-k98x,28,pos 9 plies ago,1,0
relu_s2,7282,20260930-4-k98x,28,pos 9 plies ago,1,1
relu_s2,7282,20260930-4-k98x,28,pos 9 plies ago,1,2
relu_s2,7282,20260930-4-k98x,28,pos 9 plies ago,1,3
relu_s2,7282,20260930-4-k98x,28,pos 9 plies ago,2,-3
relu_s2,7282,20260930-4-k98x,28,pos 9 plies ago,2,-2
relu_s2,7282,20260930-4-k98x,28,pos 9 plies ago,2,-1
relu_s2,7282,20260930-4-k98x,28,pos 9 plies ago,2,0
relu_s2,7282,20260930-4-k98x,28,pos 9 plies ago,2,1
relu_s2,7282,20260930-4-k98x,28,pos 9 plies ago,2,2
relu_s2,7282,20260930-4-k98x,28,pos 9 plies ago,2,3
relu_s2,7282,20260930-4-k98x,28,pos 9 plies ago,3,-3
relu_s2,7282,20260930-4-k98x,28,pos 9 plies ago,3,-2
relu_s2,7282,20260930-4-k98x,28,pos 9 plies ago,3,-1
relu_s2,7282,20260930-4-k98x,28,pos 9 plies ago,3,0
relu_s2,7282,20260930-4-k98x,28,pos 9 plies ago,3,1
relu_s2,7282,20260930-4-k98x,28,pos 9 plies ago,3,2
relu_s2,7282,20260930-4-k98x,28,pos 9 plies ago,3,3
