k,gamma,beta,running_mean,running_var,on_ratio,p_on,act_mean,act_std,act_second,pre_row_norm,final_col_norm,effective_contribution,mean_over_std,bn_input_rounding_noise,dead,mostly_off,flat,always_on,negative_gamma,mean_row_component,shared_contribution,column_shared_fraction,pre_row_rel_change,pre_row_cos_ref,pre_row_norm_ratio_ref,gamma_delta,beta_delta,final_col_rel_change
0,0.988281,-0.00491333,-0.5625,0.285156,-0.00497159,0.498017,0.393846,0.573893,0.484468,1.33319,0.542118,0.311118,1.05337,0.00401049,0,0,0,0,0,-0.00864892,-0.00340635,0.139083,0.0436821,0.999046,0.998358,-0.0117188,-0.00491333,0.273284
1,1.01562,0.00534058,-0.816406,0.628906,0.00525841,0.502098,0.409938,0.593348,0.520111,1.3798,0.662337,0.392997,1.02947,0.00396381,0,0,0,0,0,0.0102164,0.00418808,0.13447,0.0745044,0.997221,0.998262,0.015625,0.00534058,0.296826
2,1.00781,0.00753784,-0.167969,1.22656,0.00747941,0.502984,0.407904,0.589558,0.513964,1.56251,0.541065,0.318989,0.151664,0.00224934,0,0,0,0,0,-0.00917856,-0.00374397,0.147888,0.0412001,0.999152,0.997972,0.0078125,0.00753784,0.215346
3,1,-0.00165558,-0.171875,0.734375,-0.00165558,0.49934,0.400175,0.581837,0.498674,1.36024,0.556525,0.323807,0.200564,0.00234485,0,0,0,0,0,0.000565102,0.00022614,0.00885216,0.0290879,0.999578,0.997996,0,-0.00165558,0.200026
4,1.02344,0.00378418,-0.388672,0.419922,0.00369752,0.501475,0.412293,0.597361,0.526825,1.44416,0.658541,0.393387,0.59979,0.00312459,0,0,0,0,0,0.00798376,0.00329165,0.105689,0.078099,0.996946,0.998164,0.0234375,0.00378418,0.404317
5,1.02344,0.0256348,-0.171875,0.632812,0.0250477,0.509992,0.423218,0.604953,0.545082,1.40218,0.559959,0.338749,0.21606,0.00237512,0,0,0,0,0,0.00380626,0.00161088,0.0592584,0.0824233,0.996598,0.997868,0.0234375,0.0256348,0.380985
6,1.00781,-0.00848389,0.146484,0.523438,-0.00841812,0.496642,0.399893,0.584044,0.501022,1.38569,0.58283,0.340398,0.202469,0.00234857,0,0,0,0,0,-0.00477649,-0.00191009,0.0714452,0.0578257,0.998327,0.99894,0.0078125,-0.00848389,0.355102
7,1.0625,0.0334473,0.0629883,0.519531,0.0314798,0.512557,0.442789,0.630438,0.593514,1.23333,0.685965,0.432459,0.0873884,0.00212381,0,0,0,0,0,0.0231176,0.0102362,0.293797,0.127173,0.991908,0.999254,0.0625,0.0334473,0.531739
8,1.03125,0.0187988,0.957031,1.05469,0.0182292,0.507272,0.422933,0.607117,0.547463,1.45905,0.600593,0.36463,0.931889,0.00377322,0,0,0,0,0,0.0167113,0.00706776,0.24257,0.0599004,0.998204,0.998577,0.03125,0.0187988,0.437509
9,1.02344,0.00817871,-0.535156,0.462891,0.00799141,0.503188,0.41449,0.598879,0.530459,1.48949,0.640534,0.383602,0.786577,0.00348941,0,0,0,0,0,0.00858789,0.0035596,0.116883,0.0840222,0.996465,0.998242,0.0234375,0.00817871,0.401349
10,1.02344,0.00674438,0.292969,0.671875,0.00658993,0.502629,0.413773,0.598383,0.529271,1.52601,0.515327,0.308363,0.357419,0.00265121,0,0,0,0,0,-0.0074162,-0.00306862,0.12546,0.0380816,0.999275,0.998315,0.0234375,0.00674438,0.532207
11,1.01562,0.0231934,-0.365234,0.75,0.0228365,0.50911,0.418865,0.59955,0.534908,1.67435,0.659108,0.395168,0.421736,0.00277683,0,0,0,0,0,-0.00261156,-0.00109389,0.0345422,0.0721162,0.997397,0.998929,0.015625,0.0231934,0.311685
12,1.00781,0.0115356,-1.04688,0.462891,0.0114462,0.504566,0.409903,0.590942,0.517233,1.2485,0.535954,0.316718,1.53871,0.00495841,0,0,0,0,0,0.00676135,0.0027715,0.10998,0.0717574,0.997422,0.998261,0.0078125,0.0115356,0.212451
13,1.01562,0.00491333,1.23438,0.535156,0.00483774,0.50193,0.409725,0.593201,0.519761,1.35111,0.595726,0.353385,1.68736,0.00524874,0,0,0,0,0,0.0157557,0.0064555,0.230567,0.0615474,0.998104,0.99854,0.015625,0.00491333,0.404511
14,1,0.00188446,-0.902344,0.871094,0.00188446,0.500752,0.401945,0.583055,0.501513,1.25444,0.584681,0.340902,0.966807,0.00384142,0,0,0,0,0,-0.00686987,-0.00276131,0.102432,0.0133573,0.999914,0.997492,0,0.00188446,0.104928
15,1.00781,0.00976562,0.302734,0.578125,0.00968992,0.503866,0.409018,0.590329,0.515784,1.32519,0.478513,0.28248,0.398154,0.00273077,0,0,0,0,0,-0.00375775,-0.00153699,0.0684607,0.0417952,0.999126,0.998561,0.0078125,0.00976562,0.250391
16,1,0.000352859,-0.119141,0.863281,0.000352859,0.500141,0.401179,0.582528,0.500283,1.24401,0.529223,0.308287,0.128228,0.00220357,0,0,0,0,0,-0.00557445,-0.00223635,0.091827,0.0159845,0.999874,0.997872,0,0.000352859,0.184506
17,1.00781,0.0132446,-0.09375,0.640625,0.013142,0.505243,0.410758,0.591535,0.518636,1.47034,0.698097,0.412949,0.11713,0.0021819,0,0,0,0,0,-0.00459848,-0.00188886,0.0574256,0.0774642,0.996996,0.998141,0.0078125,0.0132446,0.251886
18,1.04688,0.0240479,0.174805,0.585938,0.0229711,0.509163,0.431823,0.618047,0.568453,1.3742,0.650868,0.402267,0.228364,0.00239915,0,0,0,0,0,0.0160661,0.00693774,0.215192,0.0960848,0.995378,0.998437,0.046875,0.0240479,0.536162
19,1.01562,0.00296021,-0.302734,0.433594,0.00291466,0.501163,0.408748,0.592526,0.518163,1.4253,0.641094,0.379865,0.459748,0.00285107,0,0,0,0,0,0.014643,0.00598531,0.19912,0.10547,0.994432,0.998764,0.015625,0.00296021,0.341364
20,1.02344,-0.00561523,0.0344238,0.601562,-0.00548664,0.497811,0.407593,0.594127,0.519119,1.46118,0.549147,0.326263,0.0443832,0.00203981,0,0,0,0,0,0.0171474,0.00698915,0.272217,0.0359769,0.999353,0.998582,0.0234375,-0.00561523,0.432511
21,1.00781,-0.0136108,0.169922,0.648438,-0.0135053,0.494612,0.39733,0.582292,0.496934,1.33292,0.523368,0.304753,0.211016,0.00236527,0,0,0,0,0,-0.00696381,-0.00276693,0.115997,0.0581942,0.998305,0.998564,0.0078125,-0.0136108,0.418523
22,1.03125,0.00314331,-0.464844,0.330078,0.00304806,0.501216,0.415105,0.60169,0.534343,1.25034,0.598495,0.360108,0.809093,0.00353339,0,0,0,0,0,0.00931782,0.00386788,0.135725,0.103456,0.994644,0.999207,0.03125,0.00314331,0.508313
23,1.01562,0.00891113,0.613281,0.882812,0.00877404,0.5035,0.411724,0.594583,0.523045,1.35655,0.686352,0.408093,0.652718,0.00322796,0,0,0,0,0,0.0128754,0.00530111,0.163539,0.0671618,0.997743,0.998904,0.015625,0.00891113,0.386194
24,1.00781,0.0108643,-0.636719,0.494141,0.01078,0.504301,0.409567,0.59071,0.516683,1.25322,0.561285,0.331556,0.905779,0.00372223,0,0,0,0,0,0.00348488,0.00142729,0.0541266,0.0780004,0.996954,0.998155,0.0078125,0.0108643,0.265005
25,0.992188,3.8147e-05,0.988281,1.00781,3.84473e-05,0.500015,0.397889,0.577869,0.492248,1.41928,0.50802,0.293569,0.984443,0.00387587,0,0,0,0,0,-0.000439242,-0.00017477,0.00753755,0.0363939,0.999339,0.997919,-0.0078125,3.8147e-05,0.314169
26,0.996094,-0.0067749,0.134766,0.523438,-0.00680147,0.497287,0.396048,0.577804,0.490712,1.40325,0.646452,0.373523,0.186272,0.00231694,0,0,0,0,0,-0.00343363,-0.00135988,0.0463045,0.0510036,0.998699,0.997991,-0.00390625,-0.0067749,0.216041
27,0.996094,-0.00244141,1.125,0.570312,-0.00245098,0.499022,0.398215,0.579291,0.494154,1.44066,0.596634,0.345625,1.48969,0.00486268,0,0,0,0,0,0.00187821,0.000747934,0.0274438,0.0306727,0.99953,0.998585,-0.00390625,-0.00244141,0.22176
28,1,-0.00878906,-1.07812,0.597656,-0.00878906,0.496494,0.396608,0.579389,0.49299,1.38746,0.530102,0.307135,1.39458,0.00467691,0,0,0,0,0,0.00851769,0.00337818,0.140078,0.0676402,0.997711,0.99908,0,-0.00878906,0.486072
29,1,-0.00309753,-0.102051,0.464844,-0.00309753,0.498764,0.399454,0.581341,0.497521,1.34356,0.531952,0.309246,0.14968,0.00224547,0,0,0,0,0,0.0114922,0.00459059,0.188337,0.0486686,0.998815,0.998362,0,-0.00309753,0.336217
30,1.00781,0.0153809,-0.129883,0.333984,0.0152616,0.506088,0.411826,0.592278,0.520393,1.1156,0.611368,0.3621,0.224744,0.00239208,0,0,0,0,0,0.00859874,0.00354118,0.122614,0.138479,0.990411,0.9999,0.0078125,0.0153809,0.280449
31,1.01562,0.0130615,0.480469,0.566406,0.0128606,0.50513,0.413799,0.596022,0.526471,1.37346,0.574623,0.342488,0.638412,0.00320002,0,0,0,0,0,0.0156474,0.00647489,0.237393,0.0626526,0.998035,0.998047,0.015625,0.0130615,0.354274
32,0.996094,-0.00454712,-0.628906,0.625,-0.00456495,0.498179,0.397162,0.578568,0.492479,1.28229,0.549182,0.31774,0.79551,0.00350686,0,0,0,0,0,0.00385244,0.00153005,0.0611542,0.0539344,0.998544,0.998615,-0.00390625,-0.00454712,0.193526
33,1.01562,0.0037384,-0.253906,0.353516,0.00368089,0.501468,0.409137,0.592795,0.518799,1.33798,0.565732,0.335363,0.427041,0.00278719,0,0,0,0,0,-0.00839444,-0.00343448,0.129356,0.0674056,0.997726,0.99865,0.015625,0.0037384,0.361007
34,1.02344,0.00110626,1.30469,1.28125,0.00108093,0.500431,0.410954,0.596437,0.524621,1.51633,0.66557,0.396971,1.15263,0.00420435,0,0,0,0,0,0.00317162,0.00130339,0.0415426,0.053737,0.998555,0.999061,0.0234375,0.00110626,0.383699
35,1.01562,0.000957489,0.578125,0.628906,0.000942758,0.500376,0.407747,0.591836,0.516527,1.47419,0.554056,0.32791,0.729002,0.00337696,0,0,0,0,0,0.010147,0.0041374,0.159658,0.0521909,0.998637,0.998072,0.015625,0.000957489,0.381996
36,1.01562,-0.000128746,0.96875,0.660156,-0.000126765,0.499949,0.407204,0.591462,0.515642,1.49294,0.557696,0.329856,1.19231,0.00428185,0,0,0,0,0,-0.00814759,-0.00331773,0.127362,0.032388,0.999476,0.998151,0.015625,-0.000128746,0.383975
37,0.992188,-0.00732422,0.796875,1,-0.00738189,0.497055,0.394207,0.575341,0.486417,1.47403,0.569718,0.327782,0.796875,0.00350952,0,0,0,0,0,-0.00802848,-0.00316489,0.122851,0.0416749,0.999132,0.998371,-0.0078125,-0.00732422,0.125275
38,1.00781,0.0107422,0.18457,0.466797,0.0106589,0.504252,0.409506,0.590667,0.516583,1.3943,0.592175,0.349778,0.270146,0.00248075,0,0,0,0,0,0.0148412,0.00607756,0.218487,0.0784496,0.996918,0.997792,0.0078125,0.0107422,0.510462
39,1,0.00448608,-0.482422,2,0.00448608,0.50179,0.403245,0.583953,0.503608,1.4791,0.5517,0.322167,0.341124,0.00261938,0,0,0,0,0,-0.0147772,-0.00595885,0.233506,0.0179127,0.999841,0.99816,0,0.00448608,0.141918
40,1.01562,0.00515747,-0.228516,0.628906,0.00507813,0.502026,0.409847,0.593285,0.519961,1.37709,0.61514,0.364953,0.288153,0.00251592,0,0,0,0,0,0.00237445,0.00097316,0.0336508,0.0826252,0.996584,0.998953,0.015625,0.00515747,0.359202
41,1.00781,0.00476074,-0.126953,0.613281,0.00472384,0.501885,0.406516,0.588598,0.511702,1.38191,0.592466,0.348724,0.162111,0.00226975,0,0,0,0,0,-0.00144477,-0.00058732,0.0212589,0.0378469,0.999285,0.997625,0.0078125,0.00476074,0.219515
42,1.01562,0.0178223,0.162109,0.894531,0.0175481,0.507,0.416179,0.597677,0.530423,1.35017,0.569601,0.340437,0.1714,0.00228789,0,0,0,0,0,-0.00778098,-0.00323828,0.119089,0.0620676,0.998072,0.998205,0.015625,0.0178223,0.341123
43,1.02344,0.0088501,0.0908203,0.582031,0.00864742,0.50345,0.414826,0.599112,0.531015,1.16358,0.550249,0.32966,0.119045,0.00218563,0,0,0,0,0,0.0183679,0.00761949,0.29101,0.0810761,0.99671,0.998625,0.0234375,0.0088501,0.448291
44,1.00781,0.00193024,0.429688,1.125,0.00191527,0.500764,0.4051,0.587621,0.509405,1.53139,0.610172,0.35855,0.405113,0.00274436,0,0,0,0,0,0.0138142,0.00559615,0.19737,0.0470556,0.998892,0.998379,0.0078125,0.00193024,0.312422
45,1.01562,-0.000667572,0.65625,0.914062,-0.000657302,0.499738,0.406934,0.591277,0.515204,1.31219,0.56094,0.331671,0.686406,0.00329376,0,0,0,0,0,0.00726815,0.00295766,0.112957,0.0578925,0.998323,0.998045,0.015625,-0.000667572,0.346475
46,1.03125,0.0132446,0.388672,0.546875,0.0128433,0.505124,0.420156,0.605185,0.54278,1.41444,0.597366,0.361517,0.52558,0.00297965,0,0,0,0,0,0.00811938,0.00341141,0.118492,0.0549256,0.998491,0.99803,0.03125,0.0132446,0.417364
47,1.05469,0.0217285,0.107422,0.53125,0.0206019,0.508218,0.433796,0.621787,0.574798,1.30971,0.626614,0.389621,0.147382,0.00224098,0,0,0,0,0,0.0340259,0.0147603,0.473387,0.0886607,0.996066,0.998911,0.0546875,0.0217285,0.613543
48,1.03125,0.00482178,0.519531,0.357422,0.00467566,0.501865,0.415945,0.602269,0.535738,1.34926,0.599389,0.360993,0.869003,0.0036504,0,0,0,0,0,0.0107274,0.00446202,0.156025,0.0974277,0.995247,0.998319,0.03125,0.00482178,0.422438
49,1.00781,0.00756836,-0.375,0.5625,0.00750969,0.502996,0.407919,0.589568,0.513989,1.39717,0.571395,0.336876,0.5,0.00292969,0,0,0,0,0,0.00391574,0.0015973,0.0597426,0.0398334,0.999207,0.998198,0.0078125,0.00756836,0.222956
50,1.00781,-0.0014267,0.251953,1.14844,-0.00141564,0.499435,0.403422,0.586465,0.506691,1.59462,0.550571,0.322891,0.235107,0.00241232,0,0,0,0,0,-0.00657192,-0.00265126,0.10406,0.0196351,0.999808,0.998582,0.0078125,-0.0014267,0.360762
51,1.02344,0.0020752,0.0366211,0.408203,0.00202767,0.500809,0.411438,0.596771,0.525418,1.28076,0.622428,0.371447,0.0573183,0.00206507,0,0,0,0,0,0.0140421,0.00577746,0.196675,0.101971,0.994797,0.999138,0.0234375,0.0020752,0.384827
52,1.03125,0.0317383,0.121582,0.808594,0.0307765,0.512276,0.429403,0.611641,0.558492,1.31295,0.605071,0.370086,0.135209,0.0022172,0,0,0,0,0,-0.0111286,-0.00477864,0.160339,0.0858124,0.996314,0.998591,0.03125,0.0317383,0.313831
53,1,0.00424194,-0.181641,0.824219,0.00424194,0.501692,0.403123,0.583869,0.503411,1.408,0.595311,0.347584,0.200075,0.0023439,0,0,0,0,0,-0.0106884,-0.00430876,0.156522,0.022431,0.99975,0.997919,0,0.00424194,0.163395
54,1,0.000587463,-0.322266,0.523438,0.000587463,0.500234,0.401296,0.582609,0.500471,1.37034,0.559704,0.326088,0.445432,0.00282311,0,0,0,0,0,-0.00498794,-0.00200164,0.0776908,0.0447444,0.998999,0.998018,0,0.000587463,0.24473
55,1.00781,0.0112305,0.116699,1.3125,0.0111434,0.504445,0.40975,0.590837,0.516983,1.59008,0.569495,0.336479,0.101863,0.00215208,0,0,0,0,0,-0.0122926,-0.00503691,0.188175,0.0287491,0.999588,0.998236,0.0078125,0.0112305,0.241285
56,0.992188,-0.00891113,0.75,1.55469,-0.0089813,0.496417,0.393414,0.574798,0.485167,1.48777,0.529554,0.304386,0.601506,0.00312794,0,0,0,0,0,0.00418794,0.00164759,0.068944,0.0285866,0.999592,0.998393,-0.0078125,-0.00891113,0.181939
57,1,0.00540161,0.578125,0.474609,0.00540161,0.502155,0.403703,0.584269,0.504347,1.38219,0.54324,0.317398,0.839177,0.00359214,0,0,0,0,0,0.00305136,0.00123184,0.0489675,0.0523142,0.998631,0.998482,0,0.00540161,0.330473
58,1.04688,0.0179443,0.695312,0.539062,0.0171409,0.506838,0.428772,0.615919,0.563201,1.38525,0.69352,0.427152,0.947023,0.00380278,0,0,0,0,0,0.00126718,0.000543332,0.0159289,0.0776141,0.996985,0.998602,0.046875,0.0179443,0.445174
59,0.996094,-0.00708008,0.228516,0.730469,-0.00710784,0.497164,0.395896,0.5777,0.49047,1.57548,0.539236,0.311517,0.267371,0.00247533,0,0,0,0,0,0.00898459,0.00355696,0.145253,0.0317887,0.999496,0.997988,-0.00390625,-0.00708008,0.214609
60,0.996094,0.00418091,0.0786133,0.511719,0.0041973,0.501674,0.401526,0.581573,0.49945,1.46712,0.541398,0.314862,0.109896,0.00216776,0,0,0,0,0,-3.29269e-05,-1.3221e-05,0.000530201,0.0500899,0.998745,0.998345,-0.00390625,0.00418091,0.26995
61,1.01562,-0.00337219,0.285156,0.519531,-0.00332031,0.498675,0.405582,0.590347,0.513006,1.36603,0.572301,0.337856,0.395619,0.00272582,0,0,0,0,0,0.0118967,0.00482509,0.181221,0.0781868,0.99694,0.998593,0.015625,-0.00337219,0.424345
62,1.01562,-0.000747681,0.466797,0.769531,-0.000736178,0.499706,0.406894,0.591249,0.515138,1.52817,0.575522,0.340277,0.532126,0.00299243,0,0,0,0,0,0.00887745,0.00361218,0.134472,0.0707484,0.997495,0.998741,0.015625,-0.000747681,0.394578
63,1.04688,0.00509644,0.196289,0.402344,0.00486824,0.501942,0.422348,0.611464,0.552266,1.4236,0.654221,0.400032,0.309455,0.00255753,0,0,0,0,0,0.000380667,0.000160774,0.00507256,0.0677006,0.997706,0.998305,0.046875,0.00509644,0.45877
64,1.01562,0.0128174,0.141602,0.65625,0.0126202,0.505035,0.413677,0.595937,0.526269,1.3075,0.562386,0.335146,0.174797,0.00229452,0,0,0,0,0,-0.00310521,-0.00128455,0.0481353,0.0553242,0.998469,0.997926,0.015625,0.0128174,0.323705
65,1.01562,0.0100098,-1.02344,0.648438,0.00985577,0.503932,0.412273,0.594963,0.52395,1.5732,0.607806,0.361622,1.27095,0.00443544,0,0,0,0,0,0.00739262,0.00304778,0.106033,0.068786,0.997632,0.998857,0.015625,0.0100098,0.308157
66,1.03125,0.0161133,-0.195312,1.03906,0.015625,0.506233,0.42159,0.606182,0.545195,1.50248,0.586261,0.355381,0.191606,0.00232736,0,0,0,0,0,0.0109353,0.00461023,0.16261,0.0621122,0.998069,0.998875,0.03125,0.0161133,0.584608
67,1.03125,-0.000448227,0.107422,0.392578,-0.000434644,0.499827,0.41331,0.600452,0.531368,1.19031,0.560894,0.33679,0.171447,0.00228798,0,0,0,0,0,0.00499595,0.00206487,0.0776505,0.114812,0.993399,0.998142,0.03125,-0.000448227,0.484052
68,0.992188,-0.00750732,-0.233398,0.972656,-0.00756644,0.496981,0.394116,0.575278,0.486272,1.41651,0.545059,0.31356,0.236656,0.00241534,0,0,0,0,0,0.00114213,0.00045013,0.0182674,0.0266711,0.999645,0.998668,-0.0078125,-0.00750732,0.136887
69,1,0.00130463,-0.515625,0.730469,0.00130463,0.50052,0.401655,0.582856,0.501047,1.51596,0.58586,0.341472,0.6033,0.00313144,0,0,0,0,0,-0.00297511,-0.00119497,0.0442707,0.030313,0.999542,0.998059,0,0.00130463,0.135749
70,1.00781,0.0015564,-0.671875,0.449219,0.00154433,0.500616,0.404913,0.587492,0.509102,1.39808,0.560444,0.329256,1.00244,0.00391102,0,0,0,0,0,-0.000258596,-0.000104709,0.00402251,0.0560463,0.998428,0.998809,0.0078125,0.0015564,0.357094
71,1.02344,-0.0045166,-0.769531,0.878906,-0.00441317,0.498239,0.408143,0.594504,0.520015,1.53242,0.609432,0.36231,0.820833,0.00355632,0,0,0,0,0,0.000926457,0.000378127,0.0132528,0.0711209,0.997469,0.998733,0.0234375,-0.0045166,0.360177
72,0.988281,-0.0126343,0.296875,0.609375,-0.0127841,0.4949,0.389986,0.57125,0.478416,1.46348,0.508892,0.290705,0.380304,0.00269591,0,0,0,0,0,-0.00490199,-0.00191171,0.0839756,0.044073,0.999029,0.998069,-0.0117188,-0.0126343,0.246746
73,1.03125,0.0126953,0.339844,0.445312,0.0123106,0.504911,0.419881,0.604995,0.542319,1.34457,0.574351,0.347479,0.509269,0.00294779,0,0,0,0,0,0.00137856,0.000578832,0.0209245,0.0914637,0.995811,0.998062,0.03125,0.0126953,0.483096
74,1.01562,0.0132446,0.241211,0.511719,0.0130409,0.505202,0.41389,0.596085,0.526623,1.4653,0.558338,0.332817,0.337195,0.00261171,0,0,0,0,0,-0.00101089,-0.0004184,0.0157839,0.0759082,0.997115,0.998134,0.015625,0.0132446,0.377854
75,1.00781,0.0065918,-0.125977,1.38281,0.0065407,0.502609,0.407431,0.589231,0.513193,1.52192,0.551426,0.324917,0.107129,0.00216236,0,0,0,0,0,-0.012728,-0.0051858,0.201225,0.0249469,0.999689,0.998697,0.0078125,0.0065918,0.159937
76,1,0.00485229,0.769531,0.476562,0.00485229,0.501936,0.403429,0.584079,0.503903,1.33214,0.535838,0.312972,1.11472,0.00413032,0,0,0,0,0,-0.00576563,-0.00232602,0.0938037,0.0724179,0.997376,0.998929,0,0.00485229,0.248507
77,1.02344,0.00488281,0.175781,1.11719,0.00477099,0.501903,0.412842,0.59774,0.527732,1.55119,0.541758,0.32383,0.166307,0.00227794,0,0,0,0,0,-0.00438449,-0.0018101,0.0705539,0.0445079,0.999009,0.998386,0.0234375,0.00488281,0.385968
78,1.01562,0.0178223,0.0561523,0.625,0.0175481,0.507,0.416179,0.597677,0.530423,1.43853,0.559748,0.334548,0.0710277,0.00209185,0,0,0,0,0,0.00127341,0.000529965,0.0198327,0.0661678,0.997809,0.998436,0.015625,0.0178223,0.374544
79,1.03906,0.0122681,-0.0922852,1.05469,0.0118069,0.50471,0.422801,0.609396,0.550124,1.54477,0.580336,0.353655,0.0898607,0.00212863,0,0,0,0,0,-0.000622047,-0.000263002,0.00934437,0.0602296,0.998185,0.998898,0.0390625,0.0122681,0.337197
80,1,0.00946045,-0.0529785,0.458984,0.00946045,0.503774,0.405733,0.585673,0.507632,1.39723,0.545678,0.319589,0.0781989,0.00210586,0,0,0,0,0,-0.00822127,-0.00333564,0.131344,0.0664595,0.997789,0.997403,0,0.00946045,0.206832
81,1.03125,0.0128174,0.0742188,0.632812,0.012429,0.504958,0.419942,0.605037,0.542421,1.36041,0.563295,0.340814,0.0932988,0.00213535,0,0,0,0,0,-0.00935996,-0.00393064,0.144859,0.0604502,0.998171,0.998147,0.03125,0.0128174,0.48657
82,1,0.0022583,0.259766,0.369141,0.0022583,0.500901,0.402132,0.583184,0.501814,1.51466,0.525465,0.306443,0.427549,0.00278818,0,0,0,0,0,0.00344678,0.00138606,0.0571843,0.035897,0.999356,0.997958,0,0.0022583,0.216046
83,1.03125,0.00830078,0.291016,0.582031,0.00804924,0.503211,0.417684,0.603472,0.538638,1.4126,0.569044,0.343402,0.381455,0.00269815,0,0,0,0,0,-0.00731789,-0.00305657,0.112111,0.0645883,0.997912,0.998163,0.03125,0.00830078,0.323379
84,1.00781,0.00491333,1.08594,0.96875,0.00487524,0.501945,0.406592,0.588651,0.511826,1.26538,0.510931,0.30076,1.10331,0.00410803,0,0,0,0,0,-0.00932734,-0.00379242,0.159148,0.0447885,0.998997,0.998244,0.0078125,0.00491333,0.20428
85,1.04688,0.0213623,0.466797,0.445312,0.0204058,0.50814,0.430481,0.617109,0.566138,1.23267,0.637977,0.393701,0.699513,0.00331936,0,0,0,0,0,0.0143879,0.0061937,0.196607,0.0988154,0.995114,0.999131,0.046875,0.0213623,0.390401
86,1.00781,0.0101929,-0.120605,0.357422,0.0101139,0.504035,0.409232,0.590477,0.516134,1.25659,0.511737,0.302169,0.201733,0.00234713,0,0,0,0,0,-0.0147243,-0.00602566,0.250839,0.0394156,0.999223,0.998195,0.0078125,0.0101929,0.26469
87,1.03125,0.00476074,0.3125,0.898438,0.00461648,0.501842,0.415914,0.602248,0.535687,1.51842,0.617829,0.372086,0.32969,0.00259705,0,0,0,0,0,0.0145108,0.00603526,0.204753,0.0606181,0.998161,0.998024,0.03125,0.00476074,0.406529
88,1,-0.0037384,0.703125,0.949219,-0.0037384,0.498509,0.399133,0.581121,0.497009,1.48152,0.488832,0.284071,0.721688,0.00336267,0,0,0,0,0,0.00339388,0.00135461,0.0605262,0.0297319,0.999559,0.998048,0,-0.0037384,0.421819
89,1.04688,0.00692749,0.435547,1.11719,0.0066173,0.50264,0.423263,0.612097,0.553814,1.40282,0.643223,0.393715,0.412071,0.00275795,0,0,0,0,0,0.0208174,0.00881124,0.282144,0.0858958,0.996308,0.998908,0.046875,0.00692749,0.504513
90,1.00781,0.00479126,-0.6875,0.933594,0.00475412,0.501897,0.406531,0.588608,0.511727,1.50314,0.552497,0.325205,0.711531,0.00334283,0,0,0,0,0,-0.00847676,-0.00344606,0.133754,0.0377226,0.999289,0.998197,0.0078125,0.00479126,0.153792
91,1.00781,0.00524902,0.832031,1.19531,0.00520833,0.502078,0.40676,0.588766,0.512099,1.45685,0.600491,0.353549,0.761025,0.0034395,0,0,0,0,0,-0.00416655,-0.00169479,0.0604891,0.0263981,0.999653,0.997663,0.0078125,0.00524902,0.158428
92,1.01562,0.0129395,-0.143555,1.02344,0.0127404,0.505083,0.413738,0.595979,0.52637,1.36459,0.592203,0.352941,0.141901,0.00223028,0,0,0,0,0,0.0143903,0.00595383,0.21184,0.0683272,0.997663,0.998485,0.015625,0.0129395,0.460385
93,0.996094,0.00283813,-0.777344,0.570312,0.00284926,0.501137,0.400855,0.581109,0.498373,1.4349,0.529216,0.307532,1.02933,0.00396354,0,0,0,0,0,-0.00356483,-0.00142898,0.0587237,0.0402333,0.999191,0.997652,-0.00390625,0.00283813,0.160239
94,1.03906,0.00952148,0.210938,0.636719,0.00916353,0.503656,0.421427,0.608444,0.547805,1.36825,0.60944,0.37081,0.26435,0.00246943,0,0,0,0,0,0.0251979,0.0106191,0.360446,0.0862205,0.996279,0.998587,0.0390625,0.00952148,0.46135
95,1.02344,0.00970459,0.18457,0.558594,0.00948235,0.503783,0.415253,0.599408,0.531725,1.26549,0.691419,0.414442,0.246953,0.00243545,0,0,0,0,0,0.0044445,0.00184559,0.0560387,0.0590997,0.998252,0.9983,0.0234375,0.00970459,0.401378
96,1,-0.00460815,0.730469,0.785156,-0.00460815,0.498162,0.398698,0.580822,0.496315,1.46705,0.48,0.278794,0.824373,0.00356323,0,0,0,0,0,0.0123026,0.00490503,0.223441,0.0447264,0.999,0.997723,0,-0.00460815,0.281671
97,1.00781,0.00656128,0.511719,0.427734,0.00651042,0.502597,0.407416,0.58922,0.513168,1.42379,0.628794,0.370498,0.782428,0.0034813,0,0,0,0,0,0.00255625,0.00104146,0.0354406,0.0645457,0.997915,0.998263,0.0078125,0.00656128,0.254741
98,0.996094,0.00772095,0.753906,0.671875,0.00775123,0.503092,0.403296,0.582796,0.502299,1.39641,0.610624,0.355869,0.919757,0.00374953,0,0,0,0,0,0.000426305,0.000171927,0.0060863,0.0550184,0.998485,0.998042,-0.00390625,0.00772095,0.14948
99,1.00781,0.00723267,0.507812,0.664062,0.0071766,0.502863,0.407752,0.589452,0.513715,1.48001,0.5013,0.295492,0.623159,0.00317023,0,0,0,0,0,0.00103479,0.000421936,0.0179953,0.0473789,0.998877,0.998121,0.0078125,0.00723267,0.247569
100,1,0.000522614,-1.375,1.28906,0.000522614,0.500208,0.401264,0.582586,0.500419,1.45766,0.561164,0.326926,1.21106,0.00431848,0,0,0,0,0,-0.00842335,-0.00337999,0.130859,0.00897126,0.999962,0.998095,0,0.000522614,0.12246
101,1.03906,0.00958252,1.22656,1.15625,0.00922227,0.503679,0.421458,0.608465,0.547857,1.36076,0.658455,0.400647,1.14068,0.00418102,0,0,0,0,0,0.0235346,0.00991883,0.311592,0.0866498,0.996243,0.99913,0.0390625,0.00958252,0.451212
102,1.00781,0.0114136,0.347656,1.11719,0.0113251,0.504518,0.409842,0.5909,0.517133,1.42341,0.635693,0.375631,0.328918,0.00259554,0,0,0,0,0,0.00677952,0.00277853,0.0929733,0.0893534,0.996003,0.998593,0.0078125,0.0114136,0.238858
103,1,-0.00512695,-0.0432129,0.351562,-0.00512695,0.497955,0.398439,0.580644,0.495901,1.23981,0.578925,0.336149,0.0728806,0.00209547,0,0,0,0,0,0.00598248,0.00238365,0.0900878,0.0821429,0.996622,0.998006,0,-0.00512695,0.319697
104,1,0.00164795,0.239258,0.710938,0.00164795,0.500657,0.401826,0.582974,0.501323,1.51636,0.523288,0.305063,0.28376,0.00250734,0,0,0,0,0,-0.016436,-0.00660441,0.273818,0.024175,0.999709,0.998264,0,0.00164795,0.150398
105,1,-0.00163269,-0.246094,0.933594,-0.00163269,0.499349,0.400186,0.581845,0.498692,1.29908,0.634462,0.369158,0.254696,0.00245058,0,0,0,0,0,0.0105482,0.00422126,0.144938,0.027313,0.999628,0.998323,0,-0.00163269,0.138567
106,1.02344,0.00643921,0.0556641,0.5625,0.00629175,0.50251,0.41362,0.598278,0.529018,1.49168,0.617097,0.369195,0.0742188,0.00209808,0,0,0,0,0,-0.00614628,-0.00254223,0.0868292,0.04597,0.998943,0.998052,0.0234375,0.00643921,0.396267
107,1.00781,0.00350952,-0.375,0.443359,0.00348232,0.501389,0.40589,0.588166,0.510686,1.47685,0.464072,0.272952,0.563188,0.0030531,0,0,0,0,0,0.0150138,0.00609397,0.282041,0.0623346,0.998055,0.998665,0.0078125,0.00350952,0.401546
108,1,-0.00260925,0.875,0.78125,-0.00260925,0.498959,0.399698,0.581509,0.497911,1.56413,0.61942,0.360198,0.989949,0.00388662,0,0,0,0,0,-0.0103388,-0.00413241,0.14551,0.0267577,0.999643,0.997937,0,-0.00260925,0.172758
109,1,-0.00579834,0.490234,0.660156,-0.00579834,0.497687,0.398103,0.580414,0.495367,1.25898,0.580924,0.337176,0.603365,0.00313157,0,0,0,0,0,0.00536878,0.00213733,0.0805682,0.0446181,0.999004,0.998241,0,-0.00579834,0.27366
110,1.03906,0.0241699,-0.22168,1.625,0.0232613,0.509279,0.428751,0.61354,0.560259,1.64849,0.657985,0.4037,0.1739,0.00229277,0,0,0,0,0,0.0098111,0.00420652,0.129989,0.0509642,0.9987,0.998843,0.0390625,0.0241699,0.408017
111,0.988281,0.00439453,0.734375,0.53125,0.00444664,0.501774,0.3985,0.577096,0.491843,1.3267,0.55028,0.317565,1.00755,0.003921,0,0,0,0,0,-0.00031744,-0.0001265,0.00502904,0.0653999,0.997859,0.997789,-0.0117188,0.00439453,0.178087
112,1.01562,0.00765991,-0.0566406,0.337891,0.00754207,0.503009,0.411098,0.59415,0.522016,1.25271,0.588892,0.34989,0.0974406,0.00214344,0,0,0,0,0,-0.00235683,-0.000968888,0.0348899,0.0572887,0.998358,0.998871,0.015625,0.00765991,0.22711
113,1.02344,0.00151062,1.09375,0.605469,0.00147603,0.500589,0.411156,0.596577,0.524953,1.36373,0.603434,0.359995,1.40563,0.0046985,0,0,0,0,0,-0.01703,-0.00700197,0.246031,0.0677036,0.997706,0.998837,0.0234375,0.00151062,0.352757
114,1.00781,-0.00604248,0.976562,0.707031,-0.00599564,0.497608,0.401114,0.58488,0.502977,1.46128,0.563531,0.329598,1.1614,0.00422148,0,0,0,0,0,-0.00963131,-0.00386325,0.148996,0.0279033,0.999613,0.99757,0.0078125,-0.00604248,0.253329
115,1.03125,0.00482178,0.621094,0.664062,0.00467566,0.501865,0.415945,0.602269,0.535738,1.53823,0.605119,0.364444,0.762171,0.00344174,0,0,0,0,0,0.0118466,0.00492755,0.170672,0.0617423,0.998092,0.998413,0.03125,0.00482178,0.398641
116,1.01562,0.0136108,-0.550781,0.605469,0.0134014,0.505346,0.414073,0.596213,0.526926,1.32409,0.595279,0.354913,0.707837,0.00333562,0,0,0,0,0,-0.00394233,-0.00163242,0.0577351,0.0773176,0.997008,0.998768,0.015625,0.0136108,0.254357
117,1.01562,0.00439453,0.21582,0.789062,0.00432692,0.501726,0.409465,0.593021,0.519336,1.47827,0.605702,0.359194,0.242961,0.00242766,0,0,0,0,0,0.00799071,0.00327192,0.115009,0.0400607,0.999199,0.997605,0.015625,0.00439453,0.363354
118,0.988281,-0.00588989,0.753906,0.582031,-0.00595973,0.497622,0.393358,0.573558,0.483699,1.62309,0.506099,0.290277,0.988199,0.0038832,0,0,0,0,0,-0.00919191,-0.00361571,0.158335,0.0394071,0.999223,0.998718,-0.0117188,-0.00588989,0.22892
119,1.00781,0.00253296,-0.143555,0.574219,0.00251332,0.501003,0.405402,0.587829,0.509894,1.44415,0.584773,0.343747,0.189443,0.00232313,0,0,0,0,0,-0.000672465,-0.000272618,0.0100251,0.0508052,0.998709,0.998393,0.0078125,0.00253296,0.303976
120,1,0.00430298,0.0488281,0.671875,0.00430298,0.501717,0.403154,0.58389,0.50346,1.37571,0.430611,0.251429,0.0595698,0.00206947,0,0,0,0,0,-0.00999049,-0.00402771,0.202259,0.0249204,0.99969,0.998346,0,0.00430298,0.201828
121,1.01562,0.00418091,0.316406,0.679688,0.00411659,0.501642,0.409358,0.592948,0.519161,1.53983,0.50934,0.302012,0.383787,0.00270271,0,0,0,0,0,0.000656529,0.000268756,0.0112371,0.04463,0.999004,0.997779,0.015625,0.00418091,0.555151
122,1,0.000396729,0.139648,0.863281,0.000396729,0.500158,0.401201,0.582543,0.500318,1.53736,0.496742,0.289373,0.1503,0.00224668,0,0,0,0,0,0.0104236,0.00418194,0.182933,0.0253856,0.999679,0.997997,0,0.000396729,0.231193
123,1,0.00588989,-0.0400391,0.535156,0.00588989,0.50235,0.403947,0.584438,0.504741,1.19233,0.614783,0.359303,0.0547323,0.00206002,0,0,0,0,0,-0.00353622,-0.00142845,0.0501447,0.0608755,0.998146,0.998816,0,0.00588989,0.265793
124,1.03906,0.0222168,0.103027,0.65625,0.0213816,0.508529,0.427775,0.612858,0.558586,1.49107,0.676332,0.414495,0.12718,0.00220152,0,0,0,0,0,0.0149992,0.0064163,0.193337,0.0819722,0.996635,0.997768,0.0390625,0.0222168,0.406052
125,1.02344,0.0174561,-0.166992,0.671875,0.0170563,0.506804,0.419129,0.602099,0.538192,1.47861,0.530593,0.31947,0.203729,0.00235103,0,0,0,0,0,0.00805724,0.00337702,0.132383,0.0495336,0.998773,0.998262,0.0234375,0.0174561,0.479635
126,1.0625,0.00595093,0.605469,0.421875,0.00560087,0.502234,0.42904,0.620859,0.569542,1.24774,0.605201,0.375744,0.93218,0.00377379,0,0,0,0,0,0.0188964,0.00810732,0.272199,0.103931,0.994597,0.999597,0.0625,0.00595093,0.634998
127,1,0.00113678,-0.335938,1.88281,0.00113678,0.500454,0.401571,0.582798,0.500912,1.60137,0.513494,0.299263,0.244825,0.0024313,0,0,0,0,0,0.000221108,8.87906e-05,0.00375384,0.0223882,0.99975,0.998794,0,0.00113678,0.190901
128,1,-0.00250244,-0.462891,0.400391,-0.00250244,0.499002,0.399751,0.581546,0.497996,1.18668,0.496546,0.288764,0.731537,0.00338191,0,0,0,0,0,-0.00219154,-0.000876072,0.0384767,0.0535721,0.998564,0.998278,0,-0.00250244,0.256733
129,1.00781,0.00958252,-0.425781,0.535156,0.00950824,0.503793,0.408926,0.590265,0.515634,1.47356,0.560089,0.330601,0.582031,0.0030899,0,0,0,0,0,-0.0016361,-0.000669046,0.025466,0.0405795,0.999176,0.998612,0.0078125,0.00958252,0.390557
130,1.00781,0.00328064,-0.259766,0.480469,0.00325521,0.501299,0.405776,0.588087,0.5105,1.55976,0.562344,0.330707,0.374756,0.00268507,0,0,0,0,0,0.00571759,0.00232006,0.0886375,0.0504445,0.998727,0.997978,0.0078125,0.00328064,0.349449
131,1.04688,0.0253906,0.824219,0.597656,0.0242537,0.509675,0.432495,0.618516,0.569614,1.37334,0.667816,0.413055,1.06615,0.00403544,0,0,0,0,0,0.0207847,0.00898926,0.271327,0.0961608,0.995374,0.999356,0.046875,0.0253906,0.434651
132,0.992188,-0.00288391,0.746094,0.601562,-0.00290662,0.49884,0.396428,0.576864,0.489927,1.55787,0.537418,0.310017,0.961951,0.00383194,0,0,0,0,0,0.00349366,0.00138498,0.0566729,0.0329015,0.99946,0.997892,-0.0078125,-0.00288391,0.277245
133,1.00781,0.0153198,-0.178711,1.34375,0.0152011,0.506064,0.411795,0.592256,0.520343,1.60403,0.646005,0.382601,0.154167,0.00225423,0,0,0,0,0,-1.46565e-05,-6.03546e-06,0.000197788,0.0582127,0.998304,0.997857,0.0078125,0.0153198,0.269902
134,1.00781,0.0133057,0.0957031,0.414062,0.0132025,0.505267,0.410788,0.591557,0.518686,1.28932,0.594097,0.351442,0.148728,0.00224361,0,0,0,0,0,-0.0031666,-0.0013008,0.0464668,0.119601,0.992839,0.998654,0.0078125,0.0133057,0.304342
135,1.00781,0.000617981,-0.120605,0.445312,0.00061319,0.500245,0.404444,0.587169,0.508343,1.28057,0.501929,0.294717,0.180732,0.00230612,0,0,0,0,0,0.00448198,0.00181271,0.0778456,0.0784031,0.996923,0.998383,0.0078125,0.000617981,0.534976
136,0.996094,-0.00741577,0.294922,0.515625,-0.00744485,0.49703,0.395728,0.577585,0.490205,1.49273,0.543956,0.314181,0.410714,0.0027553,0,0,0,0,0,-0.011686,-0.00462449,0.187288,0.0437231,0.999045,0.997649,-0.00390625,-0.00741577,0.291824
137,1.00781,-0.000238419,1.26562,0.695312,-0.00023657,0.499906,0.404016,0.586874,0.50765,1.47938,0.587452,0.34476,1.5178,0.00491758,0,0,0,0,0,0.00451816,0.00182541,0.0670495,0.0658272,0.997831,0.998295,0.0078125,-0.000238419,0.453045
138,1.00781,0.00534058,-0.271484,1.01562,0.00529918,0.502114,0.406805,0.588798,0.512174,1.32583,0.510134,0.300366,0.269388,0.00247927,0,0,0,0,0,0.0110308,0.00448741,0.188509,0.0498051,0.998759,0.997814,0.0078125,0.00534058,0.383142
139,1.03906,0.0236816,0.792969,0.890625,0.0227914,0.509092,0.428507,0.613369,0.559841,1.42034,0.636056,0.390137,0.84025,0.00359424,0,0,0,0,0,0.0177553,0.00760828,0.243355,0.0805098,0.996756,0.99863,0.0390625,0.0236816,0.40403
140,1,0.00160217,-1.30469,0.992188,0.00160217,0.500639,0.401803,0.582958,0.501286,1.38736,0.559309,0.326053,1.30981,0.00451136,0,0,0,0,0,-0.013966,-0.00561157,0.217684,0.0158928,0.999876,0.997887,0,0.00160217,0.120494
141,1.01562,0.00680542,0.244141,0.71875,0.00670072,0.502673,0.410671,0.593854,0.521313,1.39743,0.609096,0.361714,0.287973,0.00251557,0,0,0,0,0,-0.00562884,-0.0023116,0.0805637,0.0398858,0.999205,0.998065,0.015625,0.00680542,0.271266
142,1.02344,-0.00164795,-0.265625,0.628906,-0.00161021,0.499358,0.409577,0.595489,0.522361,1.45936,0.628386,0.374197,0.334947,0.00260732,0,0,0,0,0,0.00884591,0.00362308,0.122722,0.0678015,0.997699,0.998551,0.0234375,-0.00164795,0.368243
143,1.02344,0.0152588,0.378906,0.423828,0.0149094,0.505948,0.41803,0.601335,0.536353,1.37894,0.596804,0.358879,0.582019,0.00308988,0,0,0,0,0,0.00245044,0.00102436,0.0357947,0.0889,0.996044,0.99864,0.0234375,0.0152588,0.307123
144,0.988281,-0.00267029,0.773438,0.476562,-0.00270195,0.498922,0.394968,0.574663,0.486237,1.28036,0.569929,0.327517,1.12038,0.00414137,0,0,0,0,0,0.00835074,0.00329827,0.127735,0.0567422,0.998389,0.998287,-0.0117188,-0.00267029,0.169976
145,1.00781,0.00262451,-0.146484,0.742188,0.00260417,0.501039,0.405447,0.587861,0.509968,1.44275,0.565311,0.332324,0.170033,0.00228522,0,0,0,0,0,-0.00168047,-0.000681344,0.025915,0.0289847,0.999581,0.99818,0.0078125,0.00262451,0.177805
146,1.00781,0.00389099,-0.566406,0.322266,0.00386083,0.50154,0.406081,0.588298,0.510996,1.18046,0.573217,0.337222,0.997748,0.00390185,0,0,0,0,0,-0.0155102,-0.0062984,0.235888,0.0745699,0.997216,0.998042,0.0078125,0.00389099,0.282039
147,1.01562,0.00775146,1.21094,0.710938,0.00763221,0.503045,0.411144,0.594182,0.522091,1.30897,0.603919,0.358838,1.43617,0.00475815,0,0,0,0,0,-0.000683835,-0.000281154,0.00987141,0.0812795,0.996693,0.9985,0.015625,0.00775146,0.409088
148,1,-0.000846863,-0.180664,0.378906,-0.000846863,0.499662,0.400579,0.582115,0.499321,1.21356,0.492793,0.286862,0.293499,0.00252636,0,0,0,0,0,-0.0103159,-0.00413235,0.182495,0.0737533,0.997277,0.997999,0,-0.000846863,0.32545
149,1,0.00159454,-0.478516,0.746094,0.00159454,0.500636,0.4018,0.582956,0.50128,1.39149,0.567431,0.330787,0.553987,0.00303513,0,0,0,0,0,-0.01956,-0.00785919,0.300512,0.0162219,0.999871,0.997809,0,0.00159454,0.14552
150,1.03906,0.0123901,0.847656,0.492188,0.0119243,0.504757,0.422862,0.609439,0.550227,1.40461,0.686644,0.418467,1.20824,0.00431298,0,0,0,0,0,-0.00113673,-0.000480679,0.0144322,0.0807065,0.996741,0.999068,0.0390625,0.0123901,0.344311
151,1.01562,0.0172119,-0.476562,0.515625,0.0169471,0.506761,0.415874,0.597464,0.529915,1.23856,0.662359,0.395736,0.663671,0.00324936,0,0,0,0,0,-0.0136101,-0.0056601,0.179133,0.0860354,0.996294,0.998449,0.015625,0.0172119,0.337862
152,1.02344,0.0209961,-0.167969,0.621094,0.0205153,0.508184,0.420899,0.603333,0.541166,1.2582,0.636299,0.3839,0.213133,0.0023694,0,0,0,0,0,-0.017891,-0.00753032,0.245121,0.0724708,0.997371,0.998146,0.0234375,0.0209961,0.220289
153,1.03125,0.00854492,-0.0673828,0.398438,0.00828598,0.503306,0.417806,0.603556,0.538842,1.31242,0.681598,0.411382,0.10675,0.00216162,0,0,0,0,0,0.0178024,0.00743795,0.227697,0.0957878,0.995409,0.999141,0.03125,0.00854492,0.292732
154,1.02344,-0.000212669,0.445312,0.738281,-0.000207799,0.499917,0.410295,0.595983,0.523538,1.43268,0.651896,0.388519,0.518267,0.00296537,0,0,0,0,0,0.0139128,0.00570835,0.186056,0.0610391,0.998136,0.998821,0.0234375,-0.000212669,0.458363
155,1.00781,0.00192261,0.199219,0.550781,0.0019077,0.500761,0.405096,0.587619,0.509399,1.24238,0.534616,0.31415,0.268436,0.00247741,0,0,0,0,0,0.000693371,0.000280882,0.0113066,0.0455987,0.99896,0.998585,0.0078125,0.00192261,0.432145
156,1.00781,-0.00476074,-0.234375,1.22656,-0.00472384,0.498115,0.401755,0.58532,0.504006,1.46716,0.569238,0.333187,0.211625,0.00236645,0,0,0,0,0,0.014899,0.00598575,0.228176,0.0405597,0.999177,0.99838,0.0078125,-0.00476074,0.287645
157,1.03906,0.0198975,-0.386719,0.691406,0.0191494,0.507639,0.426615,0.612049,0.556605,1.31111,0.672566,0.411643,0.465081,0.00286149,0,0,0,0,0,-0.00220751,-0.000941755,0.0286137,0.0623855,0.998052,0.998509,0.0390625,0.0198975,0.321123
158,1.03906,0.00488281,-0.730469,0.703125,0.00469925,0.501875,0.419108,0.60684,0.543906,1.42164,0.583314,0.353979,0.871135,0.00365456,0,0,0,0,0,0.00334579,0.00140225,0.0500038,0.0752844,0.997164,0.998865,0.0390625,0.00488281,0.392117
159,1,-0.0014267,-0.0966797,0.894531,-0.0014267,0.499431,0.400289,0.581915,0.498857,1.384,0.578526,0.336653,0.10222,0.00215277,0,0,0,0,0,-0.0107595,-0.00430693,0.162135,0.0357159,0.999363,0.997816,0,-0.0014267,0.160314
160,1.03125,0.00933838,0.239258,1.09375,0.0090554,0.503613,0.418203,0.603831,0.539505,1.56395,0.560203,0.338268,0.228774,0.00239995,0,0,0,0,0,0.0037118,0.00155229,0.0577625,0.0623404,0.998055,0.998471,0.03125,0.00933838,0.366525
161,1,-0.00279236,0.03125,0.742188,-0.00279236,0.498886,0.399606,0.581446,0.497764,1.45289,0.533871,0.310417,0.0362738,0.00202397,0,0,0,0,0,0.00687628,0.0027478,0.112286,0.0422005,0.999109,0.998413,0,-0.00279236,0.362888
162,1,0.00236511,-0.453125,0.757812,0.00236511,0.500944,0.402185,0.583221,0.5019,1.36276,0.544468,0.317545,0.52052,0.00296976,0,0,0,0,0,-0.00718689,-0.00289046,0.115074,0.0239383,0.999714,0.998628,0,0.00236511,0.128105
163,1.00781,0.00491333,0.226562,0.550781,0.00487524,0.501945,0.406592,0.588651,0.511826,1.43534,0.558493,0.328757,0.30528,0.00254938,0,0,0,0,0,-0.0128543,-0.00522646,0.20065,0.0362386,0.999344,0.998409,0.0078125,0.00491333,0.303741
164,0.992188,-0.00579834,-0.285156,0.496094,-0.005844,0.497669,0.39497,0.575864,0.487621,1.45388,0.536634,0.309028,0.404856,0.00274386,0,0,0,0,0,0.00292407,0.00115492,0.0475024,0.0328545,0.999462,0.997623,-0.0078125,-0.00579834,0.184732
165,1.01562,0.00683594,-0.328125,0.796875,0.00673077,0.502685,0.410686,0.593865,0.521339,1.54967,0.537923,0.319454,0.367574,0.00267104,0,0,0,0,0,0.000751771,0.000308742,0.0121835,0.0367546,0.999325,0.998219,0.015625,0.00683594,0.273595
166,1.00781,-7.27177e-06,0.145508,1.35156,-7.2154e-06,0.499997,0.404132,0.586954,0.507837,1.46544,0.574702,0.337324,0.125161,0.00219758,0,0,0,0,0,0.00405623,0.00163925,0.0615299,0.0384678,0.99926,0.998279,0.0078125,-7.27177e-06,0.389566
167,1.00781,-3.03984e-05,1.05469,0.433594,-3.01627e-05,0.499988,0.40412,0.586946,0.507818,1.43001,0.567323,0.332988,1.6017,0.00508145,0,0,0,0,0,0.00561591,0.0022695,0.0862972,0.0620071,0.998076,0.998834,0.0078125,-3.03984e-05,0.406307
168,1.01562,0.0218506,-0.416016,0.765625,0.0215144,0.508582,0.418193,0.599081,0.533784,1.47375,0.641304,0.384193,0.475446,0.00288173,0,0,0,0,0,0.022493,0.00940643,0.305767,0.081497,0.996676,0.998629,0.015625,0.0218506,0.334169
169,0.992188,-0.00289917,0.882812,0.59375,-0.002922,0.498834,0.39642,0.576859,0.489915,1.32948,0.543351,0.313437,1.14569,0.0041908,0,0,0,0,0,0.00243137,0.000963843,0.0390101,0.0591418,0.99825,0.997849,-0.0078125,-0.00289917,0.33627
170,1.00781,0.0120239,-0.414062,0.353516,0.0119307,0.50476,0.410147,0.591112,0.517634,1.2334,0.62034,0.36669,0.696405,0.00331329,0,0,0,0,0,-0.0189665,-0.00777905,0.266541,0.0801961,0.99678,0.998072,0.0078125,0.0120239,0.179991
171,1.02344,0.0144653,-0.261719,0.496094,0.0141341,0.505638,0.417634,0.601059,0.53569,1.30678,0.635778,0.38214,0.371581,0.00267887,0,0,0,0,0,0.0178006,0.00743412,0.244082,0.0824266,0.9966,0.998996,0.0234375,0.0144653,0.322114
172,1,-0.00292969,0.492188,0.443359,-0.00292969,0.498831,0.399538,0.581399,0.497655,1.46851,0.605868,0.352251,0.739184,0.00339684,0,0,0,0,0,-0.00531279,-0.00212266,0.0764455,0.0369086,0.999319,0.998365,0,-0.00292969,0.221669
173,1.03125,0.0152588,0.291016,0.582031,0.0147964,0.505903,0.421163,0.605885,0.544475,1.49348,0.580635,0.351798,0.381455,0.00269815,0,0,0,0,0,-0.00192074,-0.000808944,0.0288384,0.0691819,0.997604,0.998469,0.03125,0.0152588,0.446301
174,1.03125,0.0109863,-0.00248718,0.902344,0.0106534,0.50425,0.419027,0.604402,0.540885,1.41987,0.534632,0.323133,0.00261831,0.00195824,0,0,0,0,0,0.0157939,0.00661805,0.257537,0.0499441,0.998752,0.998759,0.03125,0.0109863,0.696675
175,1.00781,0.00139618,1.29688,0.621094,0.00138536,0.500553,0.404833,0.587437,0.508972,1.44213,0.591084,0.347225,1.64558,0.00516715,0,0,0,0,0,0.00981572,0.00397373,0.14477,0.0458048,0.99895,0.998558,0.0078125,0.00139618,0.278711
176,1,0.0014801,0.777344,0.578125,0.0014801,0.50059,0.401742,0.582916,0.501188,1.46593,0.507241,0.295679,1.02236,0.00394991,0,0,0,0,0,-0.0129536,-0.00520401,0.22263,0.0235816,0.999724,0.997893,0,0.0014801,0.220129
177,0.996094,-0.00582886,-0.496094,0.722656,-0.00585172,0.497666,0.396522,0.578128,0.491462,1.48895,0.590389,0.341321,0.583577,0.00309292,0,0,0,0,0,-0.00702712,-0.00278641,0.103764,0.0460128,0.998941,0.998422,-0.00390625,-0.00582886,0.219279
178,1,0.015564,0.0991211,0.773438,0.015564,0.506209,0.408784,0.587792,0.512603,1.38834,0.587919,0.345574,0.112708,0.00217326,0,0,0,0,0,-0.00257813,-0.0010539,0.0382292,0.0617763,0.99809,0.997822,0,0.015564,0.254603
179,1.00781,0.0129395,0.104004,0.859375,0.0128391,0.505122,0.410605,0.59143,0.518385,1.47205,0.571514,0.33801,0.112191,0.00217225,0,0,0,0,0,0.0141222,0.00579866,0.215419,0.0495996,0.998769,0.998334,0.0078125,0.0129395,0.307424
180,1,0.0043335,0.0568848,0.75,0.0043335,0.501729,0.403169,0.5839,0.503485,1.4431,0.460273,0.268753,0.0656849,0.00208142,0,0,0,0,0,-0.0124863,-0.00503409,0.236497,0.0251229,0.999686,0.997918,0,0.0043335,0.237702
181,1.03125,0.0205078,-1.14844,0.478516,0.0198864,0.507933,0.423788,0.607712,0.54891,1.28046,0.635237,0.386041,1.6602,0.00519569,0,0,0,0,0,0.00187221,0.000793421,0.0256937,0.093495,0.995626,0.999215,0.03125,0.0205078,0.304304
182,1.00781,0.00506592,-0.219727,0.929688,0.00502665,0.502005,0.406668,0.588703,0.51195,1.3862,0.525746,0.309509,0.227884,0.00239821,0,0,0,0,0,0.00199288,0.00081044,0.0330454,0.0513436,0.998681,0.998261,0.0078125,0.00506592,0.275391
183,1.01562,0.0147095,0.0622559,0.503906,0.0144832,0.505778,0.414623,0.596594,0.527837,1.27127,0.590569,0.35233,0.0877012,0.00212442,0,0,0,0,0,-0.0076429,-0.00316892,0.112822,0.062009,0.998076,0.997928,0.015625,0.0147095,0.253928
184,1.00781,0.00921631,-0.320312,0.423828,0.00914486,0.503648,0.408743,0.590139,0.515335,1.50002,0.554993,0.327523,0.492016,0.00291409,0,0,0,0,0,0.000785254,0.000320967,0.0123347,0.0651766,0.997874,0.998179,0.0078125,0.00921631,0.360734
185,1.02344,0.020752,0.386719,0.679688,0.0202767,0.508089,0.420777,0.603248,0.540961,1.40284,0.668474,0.403255,0.469073,0.00286928,0,0,0,0,0,-0.00759568,-0.00319608,0.0990578,0.0540729,0.998537,0.998233,0.0234375,0.020752,0.322972
186,1.00781,0.00616455,-0.273438,1.02344,0.00611676,0.50244,0.407217,0.589083,0.512845,1.44453,0.564721,0.332668,0.270288,0.00248103,0,0,0,0,0,-0.00461393,-0.00187887,0.0712268,0.0248514,0.999692,0.998422,0.0078125,0.00616455,0.306818
187,1.00781,0.0027771,-0.535156,0.609375,0.00275557,0.501099,0.405524,0.587913,0.510092,1.35578,0.566238,0.332899,0.685549,0.00329209,0,0,0,0,0,-0.00176585,-0.000716096,0.0271871,0.0524645,0.998623,0.998094,0.0078125,0.0027771,0.24915
188,1.05469,0.00939941,0.757812,0.601562,0.00891204,0.503555,0.427632,0.617502,0.564178,1.29168,0.675394,0.417057,0.97706,0.00386145,0,0,0,0,0,0.0320166,0.0136913,0.413261,0.0762659,0.997089,0.999014,0.0546875,0.00939941,0.598801
189,1,-0.000858307,0.519531,0.730469,-0.000858307,0.499658,0.400573,0.582111,0.499312,1.45853,0.585801,0.341001,0.60787,0.00314037,0,0,0,0,0,0.00917274,0.00367435,0.136507,0.0414947,0.999139,0.998045,0,-0.000858307,0.375269
190,1,1.78814e-05,0.0122681,0.398438,1.78814e-05,0.500007,0.401011,0.582412,0.500014,1.28825,0.5707,0.332383,0.0194355,0.00199108,0,0,0,0,0,0.00573993,0.00230178,0.087681,0.0527249,0.998609,0.998335,0,1.78814e-05,0.173466
191,1.01562,0.00189209,-0.228516,0.511719,0.00186298,0.500743,0.408214,0.592158,0.51729,1.40908,0.563149,0.333473,0.319448,0.00257705,0,0,0,0,0,0.0240299,0.00980933,0.371993,0.0735105,0.997296,0.998973,0.015625,0.00189209,0.458075
192,0.996094,0.0114746,0.287109,0.480469,0.0115196,0.504596,0.405173,0.584096,0.505334,1.40135,0.546968,0.319482,0.414204,0.00276212,0,0,0,0,0,-0.00503746,-0.00204104,0.080289,0.0458697,0.998948,0.997992,-0.00390625,0.0114746,0.27101
193,1,0.00375366,0.617188,0.851562,0.00375366,0.501497,0.402879,0.5837,0.503017,1.54242,0.579253,0.33811,0.668819,0.00325941,0,0,0,0,0,0.0104281,0.00420125,0.156943,0.0501758,0.99874,0.998489,0,0.00375366,0.238858
194,1.00781,0.000263214,0.180664,0.353516,0.000261174,0.500104,0.404267,0.587047,0.508056,1.12425,0.548102,0.321762,0.303856,0.00254659,0,0,0,0,0,-0.0112765,-0.00455873,0.179358,0.0728661,0.997343,0.998989,0.0078125,0.000263214,0.215206
195,0.992188,-0.00119019,0.386719,0.8125,-0.00119956,0.499521,0.397274,0.577447,0.491272,1.41324,0.551988,0.318744,0.429026,0.00279107,0,0,0,0,0,0.00130111,0.000516899,0.0205491,0.0425373,0.999095,0.998214,-0.0078125,-0.00119019,0.388191
196,1.00781,0.000274658,0.640625,0.46875,0.000272529,0.500109,0.404273,0.587051,0.508065,1.31849,0.551626,0.323832,0.935693,0.00378065,0,0,0,0,0,-0.00322653,-0.0013044,0.0509916,0.0600355,0.998196,0.997861,0.0078125,0.000274658,0.199723
197,1.00781,-0.00460815,1.32812,0.917969,-0.00457243,0.498176,0.401831,0.585372,0.504129,1.60282,0.553887,0.32423,1.3862,0.00466054,0,0,0,0,0,-0.00122392,-0.000491807,0.0192636,0.0281523,0.999605,0.99821,0.0078125,-0.00460815,0.308158
198,1.00781,0.00360107,-0.0206299,0.523438,0.00357316,0.501425,0.405936,0.588198,0.51076,1.44706,0.530468,0.31202,0.0285144,0.00200882,0,0,0,0,0,-0.00543163,-0.00220489,0.0892643,0.0491737,0.99879,0.998106,0.0078125,0.00360107,0.305282
199,0.996094,0.00216675,0.0825195,0.470703,0.00217525,0.500868,0.400519,0.580878,0.497835,1.45338,0.531669,0.308835,0.120277,0.00218804,0,0,0,0,0,-0.000918225,-0.000367767,0.0150562,0.0264381,0.999651,0.99845,-0.00390625,0.00216675,0.227102
200,1,0.000873566,-0.115723,0.373047,0.000873566,0.500349,0.401439,0.582707,0.500701,1.31723,0.570221,0.332272,0.189468,0.00232318,0,0,0,0,0,-0.000334476,-0.000134272,0.00511362,0.0412971,0.999147,0.998173,0,0.000873566,0.188059
201,1.02344,0.00698853,-0.466797,0.628906,0.00682848,0.502724,0.413895,0.598468,0.529473,1.59971,0.533873,0.319506,0.58862,0.00310277,0,0,0,0,0,0.0115325,0.00477326,0.188319,0.0495826,0.99877,0.998236,0.0234375,0.00698853,0.449208
202,1,-0.00389099,0.294922,0.722656,-0.00389099,0.498448,0.399057,0.581068,0.496887,1.57305,0.52945,0.307647,0.346929,0.00263072,0,0,0,0,0,-0.00571602,-0.00228102,0.0941186,0.0212827,0.999775,0.99827,0,-0.00389099,0.138667
203,1.01562,0.000679016,0.257812,0.496094,0.00066857,0.500267,0.407608,0.59174,0.5163,1.39217,0.525314,0.31085,0.366035,0.00266804,0,0,0,0,0,0.0027773,0.00113205,0.0460904,0.0684138,0.997657,0.998141,0.015625,0.000679016,0.327757
204,1,0.00692749,-0.0595703,0.726562,0.00692749,0.502764,0.404466,0.584797,0.50558,1.4722,0.545868,0.319221,0.0698865,0.00208962,0,0,0,0,0,-0.00505953,-0.00204641,0.0808034,0.0256396,0.999672,0.998732,0,0.00692749,0.215242
205,1.00781,0.0151978,0.820312,0.539062,0.0150799,0.506016,0.411734,0.592214,0.520242,1.25569,0.475636,0.281678,1.11727,0.0041353,0,0,0,0,0,0.000460324,0.000189531,0.00843714,0.0519863,0.998648,0.99799,0.0078125,0.0151978,0.376017
206,1.02344,0.0126953,-0.202148,1.21094,0.0124046,0.504949,0.416749,0.600445,0.534213,1.43137,0.546979,0.328431,0.1837,0.00231191,0,0,0,0,0,-0.000161974,-6.75024e-05,0.00258156,0.0357833,0.999361,0.997907,0.0234375,0.0126953,0.375176
207,0.996094,-0.00546265,-0.644531,0.369141,-0.00548407,0.497812,0.396705,0.578254,0.491752,1.38904,0.532333,0.307824,1.06084,0.00402507,0,0,0,0,0,0.0169049,0.00670626,0.276845,0.042942,0.999078,0.998188,-0.00390625,-0.00546265,0.461446
208,0.996094,-0.00216675,-0.223633,0.8125,-0.00217525,0.499132,0.398353,0.579386,0.494373,1.60139,0.542761,0.314468,0.248098,0.00243769,0,0,0,0,0,0.00359344,0.00143146,0.0577177,0.0299173,0.999553,0.998296,-0.00390625,-0.00216675,0.379133
209,1.01562,0.000663757,0.0883789,0.472656,0.000653546,0.500261,0.4076,0.591735,0.516288,1.29516,0.569841,0.337195,0.128551,0.0022042,0,0,0,0,0,-0.00288742,-0.00117691,0.0441737,0.0553258,0.998468,0.998685,0.015625,0.000663757,0.382353
210,1.00781,0.00294495,-0.174805,0.402344,0.00292212,0.501166,0.405608,0.587971,0.510228,1.24133,0.482221,0.283532,0.275584,0.00249138,0,0,0,0,0,0.00348746,0.00141454,0.0630478,0.0713642,0.997451,0.998693,0.0078125,0.00294495,0.402982
211,1.00781,0.00375366,0.296875,0.832031,0.00372456,0.501486,0.406012,0.58825,0.510884,1.48307,0.631721,0.37161,0.325465,0.0025888,0,0,0,0,0,0.00653217,0.00265214,0.0901444,0.0539409,0.998544,0.998858,0.0078125,0.00375366,0.315396
212,1.02344,0.00454712,0.6875,0.90625,0.00444299,0.501772,0.412674,0.597624,0.527455,1.56036,0.610356,0.364764,0.722185,0.00336364,0,0,0,0,0,0.00514462,0.00212305,0.0734813,0.0533716,0.998575,0.998587,0.0234375,0.00454712,0.371925
213,1,0.00162506,-0.423828,0.398438,0.00162506,0.500648,0.401815,0.582966,0.501305,1.16555,0.558724,0.325717,0.671444,0.00326454,0,0,0,0,0,-0.00180817,-0.000726548,0.0282129,0.0608193,0.998149,0.998475,0,0.00162506,0.235091
214,0.992188,-0.00640869,-0.265625,0.59375,-0.00645915,0.497423,0.394665,0.575655,0.487139,1.49745,0.565163,0.325339,0.344721,0.00262641,0,0,0,0,0,-0.00694084,-0.00273931,0.107064,0.0387506,0.999249,0.998743,-0.0078125,-0.00640869,0.318467
215,1.00781,0.0125732,0.470703,0.660156,0.0124758,0.504977,0.410422,0.591302,0.518085,1.45258,0.536712,0.317359,0.579327,0.00308462,0,0,0,0,0,-0.0140282,-0.00575748,0.22786,0.0335256,0.999438,0.998324,0.0078125,0.0125732,0.169011
216,1.05469,0.0141602,-0.216797,0.753906,0.0134259,0.505356,0.430012,0.619153,0.568261,1.47417,0.686641,0.425136,0.249686,0.00244079,0,0,0,0,0,0.0288769,0.0124174,0.366629,0.060765,0.998152,0.998567,0.0546875,0.0141602,0.550614
217,1.02344,0.0186768,-0.457031,0.498047,0.018249,0.50728,0.419739,0.602524,0.539216,1.27843,0.592584,0.357046,0.647606,0.00321798,0,0,0,0,0,-0.00274718,-0.0011531,0.0404152,0.0933579,0.995637,0.998654,0.0234375,0.0186768,0.364908
218,1.01562,0.0142822,0.582031,0.484375,0.0140625,0.50561,0.414409,0.596446,0.527482,1.27535,0.619609,0.369563,0.836287,0.0035865,0,0,0,0,0,-0.012036,-0.00498782,0.169344,0.0674183,0.997725,0.997982,0.015625,0.0142822,0.268813
219,1.00781,-0.00205994,0.511719,0.458984,-0.00204397,0.499185,0.403105,0.586248,0.50618,1.40742,0.558384,0.327352,0.755322,0.00342836,0,0,0,0,0,-0.013122,-0.00528956,0.204868,0.0468909,0.9989,0.998872,0.0078125,-0.00205994,0.312007
220,1.00781,0.00178528,-0.308594,0.363281,0.00177144,0.500707,0.405028,0.587571,0.509288,1.02729,0.558599,0.328217,0.511995,0.00295312,0,0,0,0,0,0.00706703,0.00286234,0.110292,0.120285,0.992757,0.998614,0.0078125,0.00178528,0.451337
221,0.996094,-0.00473022,0.3125,0.992188,-0.00474877,0.498106,0.397071,0.578505,0.492334,1.47787,0.520745,0.301254,0.313728,0.00256587,0,0,0,0,0,-0.00511631,-0.00203154,0.0856522,0.0214131,0.999772,0.998421,-0.00390625,-0.00473022,0.216032
222,0.988281,-0.0127563,0.157227,0.523438,-0.0129076,0.494851,0.389925,0.571208,0.478321,1.4377,0.497232,0.284023,0.217317,0.00237757,0,0,0,0,0,-0.00342469,-0.00133537,0.060044,0.0323327,0.999478,0.997898,-0.0117188,-0.0127563,0.214808
223,1.01562,0.0103149,0.859375,0.46875,0.0101563,0.504052,0.412425,0.595069,0.524202,1.1849,0.560625,0.333611,1.2552,0.00440468,0,0,0,0,0,0.00695349,0.0028678,0.108128,0.0816935,0.996659,0.998426,0.015625,0.0103149,0.383972
224,1,0.0153198,-0.695312,1.02344,0.0153198,0.506111,0.408662,0.587707,0.512404,1.49282,0.587521,0.34529,0.687305,0.00329552,0,0,0,0,0,-0.0160014,-0.00653915,0.237432,0.0272182,0.999631,0.997986,0,0.0153198,0.212411
225,0.988281,-0.00332642,-0.400391,0.742188,-0.00336586,0.498657,0.39464,0.574437,0.485719,1.16251,0.548119,0.31486,0.464758,0.00286086,0,0,0,0,0,-0.00290379,-0.00114595,0.0461846,0.070529,0.99751,0.998475,-0.0117188,-0.00332642,0.221779
226,1,-0.00300598,-0.675781,0.462891,-0.00300598,0.498801,0.399499,0.581372,0.497594,1.10486,0.480112,0.279124,0.993269,0.0038931,0,0,0,0,0,-0.00352793,-0.00140941,0.0640596,0.0221181,0.999757,0.998158,0,-0.00300598,0.230555
227,1.02344,0.00524902,-0.570312,0.472656,0.00512882,0.502046,0.413025,0.597867,0.528034,1.42478,0.632573,0.378194,0.829545,0.00357333,0,0,0,0,0,0.0114919,0.00474644,0.158375,0.0900962,0.995938,0.998948,0.0234375,0.00524902,0.313338
228,0.992188,0.000134468,1.08594,0.535156,0.000135527,0.500054,0.397937,0.577903,0.492325,1.50442,0.507543,0.293311,1.48445,0.00485243,0,0,0,0,0,-0.0110755,-0.00440734,0.190237,0.0546026,0.998508,0.998274,-0.0078125,0.000134468,0.290957
229,0.984375,-0.00408936,-0.695312,0.535156,-0.00415427,0.498343,0.392692,0.5719,0.481277,1.52367,0.527727,0.301807,0.950473,0.00380952,0,0,0,0,0,-0.00549512,-0.00215789,0.0907767,0.043954,0.999034,0.998372,-0.015625,-0.00408936,0.335674
230,1.02344,-0.00195312,-0.507812,0.808594,-0.0019084,0.499239,0.409424,0.595384,0.522111,1.48783,0.637745,0.379703,0.564727,0.00305611,0,0,0,0,0,-0.00546124,-0.00223596,0.0746537,0.0512136,0.998688,0.998255,0.0234375,-0.00195312,0.256812
231,0.996094,0.000701904,0.193359,0.808594,0.000704657,0.500281,0.399787,0.580373,0.496662,1.41202,0.518634,0.301001,0.21503,0.00237311,0,0,0,0,0,-0.00563175,-0.0022515,0.0946649,0.0351706,0.999382,0.998483,-0.00390625,0.000701904,0.139603
232,1.01562,0.0057373,0.193359,0.439453,0.00564904,0.502254,0.410137,0.593485,0.520437,1.32184,0.534346,0.317126,0.291682,0.00252282,0,0,0,0,0,-0.0120453,-0.00494022,0.196518,0.080384,0.996765,0.998049,0.015625,0.0057373,0.419713
233,1,-0.00145721,-1.50781,0.976562,-0.00145721,0.499419,0.400274,0.581905,0.498832,1.48993,0.515007,0.299685,1.5258,0.0049332,0,0,0,0,0,0.0115735,0.00463256,0.195911,0.0304231,0.999538,0.998359,0,-0.00145721,0.442709
234,0.996094,-0.00891113,-0.910156,0.964844,-0.00894608,0.496431,0.39498,0.577073,0.489022,1.49492,0.524429,0.302634,0.92659,0.00376287,0,0,0,0,0,0.00590209,0.00233121,0.0981128,0.0319761,0.999489,0.998236,-0.00390625,-0.00891113,0.177978
235,1.02344,0.0128784,0.197266,0.914062,0.0125835,0.50502,0.41684,0.600508,0.534366,1.57148,0.645302,0.387509,0.206331,0.00235611,0,0,0,0,0,0.0107128,0.00446553,0.144726,0.0532675,0.998581,0.997877,0.0234375,0.0128784,0.294471
236,1.03125,0.00680542,0.273438,0.730469,0.0065992,0.502633,0.416936,0.602954,0.53739,1.54281,0.569921,0.343636,0.319932,0.00257799,0,0,0,0,0,0.0119992,0.00500292,0.183546,0.04833,0.998832,0.99824,0.03125,0.00680542,0.481035
237,0.996094,0.0131836,-0.486328,0.482422,0.0132353,0.50528,0.406028,0.584689,0.50672,1.58494,0.598077,0.349689,0.70019,0.00332068,0,0,0,0,0,0.010487,0.00425801,0.152862,0.0776782,0.99698,0.99853,-0.00390625,0.0131836,0.308431
238,1,0.0148315,0.146484,0.431641,0.0148315,0.505917,0.408418,0.587537,0.512005,1.39396,0.532128,0.312645,0.222962,0.0023886,0,0,0,0,0,0.00908549,0.00371068,0.148847,0.0790237,0.996873,0.997777,0,0.0148315,0.32796
239,1.01562,0.00119019,0.361328,0.613281,0.00117187,0.500468,0.407863,0.591916,0.516717,1.54231,0.52448,0.310448,0.461394,0.00285429,0,0,0,0,0,0.0154737,0.00631116,0.257201,0.0694341,0.997587,0.998559,0.015625,0.00119019,0.533035
240,1.00781,0.00408936,0.683594,1.27344,0.00405766,0.501619,0.40618,0.588366,0.511157,1.50159,0.582436,0.342686,0.605772,0.00313627,0,0,0,0,0,0.0090591,0.00367963,0.135595,0.0507391,0.998712,0.998936,0.0078125,0.00408936,0.29902
241,1.05469,0.0106201,-0.224609,1.08594,0.0100694,0.504017,0.428242,0.617925,0.565222,1.67004,0.635321,0.392581,0.215539,0.0023741,0,0,0,0,0,0.0334977,0.0143451,0.459651,0.0716022,0.997434,0.998561,0.0546875,0.0106201,0.59913
242,1.02344,0.00872803,0.632812,0.566406,0.00852815,0.503402,0.414765,0.59907,0.530914,1.57353,0.616471,0.369309,0.840835,0.00359538,0,0,0,0,0,0.0131988,0.00547438,0.18665,0.0660319,0.997818,0.998705,0.0234375,0.00872803,0.332733
243,0.996094,0.0016098,-0.40625,0.78125,0.00161612,0.500645,0.400241,0.580686,0.497389,1.49041,0.578968,0.336198,0.459619,0.00285082,0,0,0,0,0,0.00528564,0.00211553,0.0795884,0.0280853,0.999606,0.998284,-0.00390625,0.0016098,0.138425
244,1.00781,0.00613403,-0.486328,0.488281,0.00608648,0.502428,0.407202,0.589072,0.51282,1.48812,0.646652,0.380925,0.695976,0.00331245,0,0,0,0,0,0.0037767,0.00153788,0.0509154,0.0653741,0.997861,0.998638,0.0078125,0.00613403,0.25184
245,1.03906,0.00982666,0.5,0.601562,0.00945724,0.503773,0.42158,0.60855,0.548063,1.31961,0.631091,0.38405,0.644658,0.00321222,0,0,0,0,0,0.0195797,0.0082544,0.270471,0.0645724,0.997914,0.998983,0.0390625,0.00982666,0.43481
246,1.00781,-0.000411987,0.439453,0.570312,-0.000408794,0.499837,0.403929,0.586815,0.50751,1.25998,0.540809,0.317354,0.58191,0.00308967,0,0,0,0,0,-0.000259788,-0.000104936,0.00418777,0.0489007,0.998804,0.99873,0.0078125,-0.000411987,0.289252
247,1.00781,6.38962e-05,1.42188,0.992188,6.34009e-05,0.500025,0.404167,0.586978,0.507895,1.46511,0.566685,0.332632,1.42746,0.00474114,0,0,0,0,0,0.0198936,0.00804036,0.306041,0.0558798,0.998438,0.998396,0.0078125,6.38962e-05,0.502719
248,1.00781,0.000119209,0.378906,1.22656,0.000118285,0.500047,0.404195,0.586997,0.507939,1.56969,0.580315,0.340643,0.342127,0.00262134,0,0,0,0,0,-0.00253381,-0.00102415,0.0380643,0.046971,0.998896,0.998593,0.0078125,0.000119209,0.245611
249,1.00781,0.00154877,0.855469,0.679688,0.00153676,0.500613,0.40491,0.58749,0.509096,1.30414,0.556987,0.327224,1.03765,0.00397978,0,0,0,0,0,0.00856088,0.00346638,0.133993,0.0719316,0.99741,0.997961,0.0078125,0.00154877,0.396782
250,1.00781,0.00189209,0.179688,0.617188,0.00187742,0.500749,0.405081,0.587608,0.509374,1.51902,0.60107,0.353193,0.228723,0.00239985,0,0,0,0,0,-0.010792,-0.00437163,0.156525,0.0452335,0.998976,0.998857,0.0078125,0.00189209,0.305566
251,1.03125,0.0158691,0.515625,0.443359,0.0153883,0.506139,0.421468,0.606097,0.544989,1.3721,0.58688,0.355706,0.774383,0.00346559,0,0,0,0,0,0.000423155,0.000178347,0.00628575,0.0714462,0.997445,0.998641,0.03125,0.0158691,0.437146
252,1,0.000411987,-1.60938,0.972656,0.000411987,0.500164,0.401208,0.582548,0.500331,1.46737,0.589358,0.343329,1.63184,0.00514031,0,0,0,0,0,-0.00889868,-0.00357023,0.13163,0.0264625,0.999651,0.99835,0,0.000411987,0.100646
253,1.00781,0.0106812,-0.283203,1.02344,0.0105984,0.504228,0.409476,0.590646,0.516533,1.35105,0.577634,0.341177,0.279942,0.00249989,0,0,0,0,0,0.00587189,0.0024044,0.0886201,0.0552497,0.998473,0.998324,0.0078125,0.0106812,0.17776
254,1,0.00213623,-0.00762939,0.484375,0.00213623,0.500852,0.40207,0.583142,0.501716,1.41847,0.560083,0.326608,0.0109622,0.00197454,0,0,0,0,0,-0.0108991,-0.0043822,0.169646,0.0452413,0.998977,0.99794,0,0.00213623,0.201776
255,1.00781,-0.00497437,-0.369141,0.451172,-0.0049358,0.498031,0.401648,0.585247,0.503835,1.25263,0.640855,0.375058,0.549567,0.0030265,0,0,0,0,0,-0.00741035,-0.00297635,0.100806,0.0835278,0.996508,0.998823,0.0078125,-0.00497437,0.355426
256,1.00781,0.0106201,-0.230469,0.5,0.0105378,0.504204,0.409445,0.590625,0.516483,1.48286,0.611437,0.36113,0.325932,0.00258971,0,0,0,0,0,0.0101723,0.004165,0.145035,0.0494239,0.998778,0.998748,0.0078125,0.0106201,0.341142
257,1,-0.00872803,-0.0698242,0.785156,-0.00872803,0.496518,0.396638,0.57941,0.493038,1.46152,0.483392,0.280082,0.0788003,0.00210703,0,0,0,0,0,0.00752768,0.00298577,0.135759,0.0279489,0.99961,0.998585,0,-0.00872803,0.2649
258,1.00781,0.00628662,-0.196289,0.875,0.00623789,0.502489,0.407279,0.589125,0.512944,1.34883,0.550839,0.324513,0.209842,0.00236297,0,0,0,0,0,0.00490319,0.00199696,0.0775998,0.0396531,0.999214,0.998954,0.0078125,0.00628662,0.287025
259,1.00781,0.00534058,-0.341797,0.636719,0.00529918,0.502114,0.406805,0.588798,0.512174,1.39678,0.567361,0.334061,0.428346,0.00278974,0,0,0,0,0,-0.000395725,-0.000160983,0.00608052,0.0539328,0.998545,0.99868,0.0078125,0.00534058,0.363204
260,1,-0.00363159,0.451172,0.65625,-0.00363159,0.498551,0.399187,0.581158,0.497094,1.59625,0.57479,0.334043,0.556939,0.0030409,0,0,0,0,0,0.000813384,0.000324692,0.0123365,0.0389646,0.999241,0.998021,0,-0.00363159,0.327754
261,0.996094,0.00209045,0.777344,0.59375,0.00209865,0.500837,0.400481,0.580851,0.497774,1.36403,0.666103,0.386907,1.00881,0.00392347,0,0,0,0,0,-0.000593085,-0.000237519,0.00776216,0.0700018,0.997547,0.998542,-0.00390625,0.00209045,0.159209
262,0.996094,-0.00182343,0.0366211,1.05469,-0.00183058,0.49927,0.398524,0.579504,0.494646,1.61639,0.515804,0.298911,0.035659,0.00202277,0,0,0,0,0,-0.00846991,-0.00337546,0.143153,0.00618978,0.999982,0.998659,-0.00390625,-0.00182343,0.172905
263,1.01562,0.0106201,-0.392578,0.886719,0.0104567,0.504172,0.412578,0.595175,0.524454,1.3677,0.533738,0.317667,0.416901,0.00276739,0,0,0,0,0,-0.00318262,-0.00131308,0.0519832,0.0633276,0.997993,0.99854,0.015625,0.0106201,0.421192
264,1.00781,0.00292969,-0.462891,0.460938,0.00290698,0.50116,0.4056,0.587966,0.510215,1.19723,0.610209,0.358782,0.681801,0.00328477,0,0,0,0,0,-0.0158767,-0.00643961,0.226824,0.0512471,0.998686,0.998813,0.0078125,0.00292969,0.196895
265,1.00781,0.0067749,-0.119141,0.660156,0.00672238,0.502682,0.407523,0.589294,0.513342,1.59677,0.512812,0.302197,0.146635,0.00223952,0,0,0,0,0,0.0125128,0.00509924,0.212717,0.0639337,0.997954,0.998777,0.0078125,0.0067749,0.253685
266,0.996094,0.00190735,0.193359,0.46875,0.00191483,0.500764,0.40039,0.580788,0.497627,1.36304,0.482958,0.280496,0.282419,0.00250473,0,0,0,0,0,-0.0119118,-0.00476936,0.215018,0.0272199,0.99963,0.998509,-0.00390625,0.00190735,0.199916
267,1.02344,0.00367737,0.582031,0.412109,0.00359315,0.501433,0.41224,0.597324,0.526737,1.50351,0.57133,0.341269,0.906651,0.00372393,0,0,0,0,0,0.0237084,0.00977354,0.361761,0.0894415,0.995996,0.998628,0.0234375,0.00367737,0.486326
268,1.02344,0.0025177,0.707031,0.648438,0.00246004,0.500981,0.41166,0.596924,0.525782,1.59749,0.596189,0.355879,0.87802,0.00366801,0,0,0,0,0,0.0107971,0.00444473,0.157881,0.0476047,0.998867,0.99764,0.0234375,0.0025177,0.496017
269,0.996094,-0.00115967,0.578125,0.373047,-0.00116422,0.499536,0.398856,0.579732,0.495176,1.28085,0.545108,0.316017,0.946542,0.00380184,0,0,0,0,0,-0.00123757,-0.000493612,0.0197922,0.0327617,0.999464,0.998526,-0.00390625,-0.00115967,0.194311
270,1.00781,0.00692749,0.691406,0.90625,0.00687379,0.502742,0.407599,0.589347,0.513466,1.40013,0.587379,0.34617,0.726289,0.00337166,0,0,0,0,0,0.0130248,0.00530891,0.193313,0.0613191,0.998118,0.99875,0.0078125,0.00692749,0.202898
271,1,0.00349426,-0.373047,0.734375,0.00349426,0.501394,0.402749,0.583611,0.502809,1.42128,0.567371,0.331123,0.435316,0.00280335,0,0,0,0,0,0.00890796,0.00358768,0.136873,0.0582975,0.998299,0.998421,0,0.00349426,0.277215
272,1,0.0177002,0.423828,0.539062,0.0177002,0.507061,0.409852,0.588535,0.514352,1.5364,0.518484,0.305146,0.577258,0.00308058,0,0,0,0,0,-0.00754592,-0.00309272,0.126877,0.0437117,0.999045,0.998139,0,0.0177002,0.229665
273,1.01562,0.00958252,0.28125,1.07031,0.0094351,0.503764,0.412059,0.594815,0.523598,1.68435,0.597421,0.355355,0.271855,0.00248409,0,0,0,0,0,0.00140963,0.000580852,0.0205699,0.0463798,0.998924,0.998194,0.015625,0.00958252,0.297072
274,1,0.00595093,-0.230469,0.867188,0.00595093,0.502374,0.403978,0.584459,0.50479,1.52316,0.549248,0.321013,0.247489,0.0024365,0,0,0,0,0,-0.00228751,-0.000924105,0.036308,0.0202553,0.999797,0.997803,0,0.00595093,0.13698
275,0.996094,-0.0152588,0.796875,0.949219,-0.0153186,0.493889,0.391807,0.574905,0.484028,1.53212,0.495918,0.285106,0.817913,0.00355061,0,0,0,0,0,0.00579199,0.00226934,0.101818,0.042444,0.9991,0.997694,-0.00390625,-0.0152588,0.360769
276,1.01562,0.00337219,-0.320312,0.371094,0.00332031,0.501325,0.408954,0.592669,0.5185,1.27312,0.577992,0.342558,0.525814,0.00298011,0,0,0,0,0,0.0178758,0.00731037,0.269618,0.10568,0.994408,0.998467,0.015625,0.00337219,0.459763
277,1.01562,0.0131836,-1.13281,0.490234,0.0129808,0.505178,0.41386,0.596064,0.526572,1.50353,0.592212,0.352996,1.61792,0.00511312,0,0,0,0,0,0.00396849,0.0016424,0.0584191,0.0515351,0.998671,0.998422,0.015625,0.0131836,0.410397
278,1.01562,0.00564575,0.0410156,0.455078,0.00555889,0.502218,0.410091,0.593454,0.520362,1.33482,0.554923,0.329321,0.0608004,0.00207188,0,0,0,0,0,-0.000687951,-0.000282122,0.0108076,0.0670246,0.997751,0.997879,0.015625,0.00564575,0.441641
279,1.02344,0.00628662,-0.0395508,0.710938,0.00614265,0.502451,0.413544,0.598225,0.528892,1.46008,0.634871,0.379796,0.0469072,0.00204474,0,0,0,0,0,0.0051903,0.00214642,0.0712711,0.0605232,0.998167,0.998106,0.0234375,0.00628662,0.262091
280,0.996094,-0.00102234,-0.116211,0.486328,-0.00102635,0.499591,0.398925,0.579779,0.495285,1.31815,0.455668,0.264187,0.166641,0.0022786,0,0,0,0,0,0.00592543,0.0023638,0.113365,0.0278302,0.999614,0.997867,-0.00390625,-0.00102234,0.311932
281,0.992188,-0.00497437,-0.609375,0.542969,-0.00501353,0.498,0.395382,0.576147,0.488272,1.53301,0.501448,0.288907,0.826984,0.00356833,0,0,0,0,0,0.0114341,0.00452085,0.198785,0.0397971,0.999208,0.998144,-0.0078125,-0.00497437,0.188604
282,1,-0.00811768,0.652344,0.875,-0.00811768,0.496762,0.396944,0.579619,0.493523,1.34255,0.529413,0.306858,0.697385,0.0033152,0,0,0,0,0,0.000763717,0.000303153,0.0125761,0.0558291,0.99844,0.998145,0,-0.00811768,0.362572
283,0.988281,-0.0088501,-0.582031,0.578125,-0.00895504,0.496428,0.391878,0.572543,0.481374,1.49285,0.581876,0.333149,0.765483,0.00344821,0,0,0,0,0,-0.00644537,-0.0025258,0.096566,0.0532418,0.998582,0.997545,-0.0117188,-0.0088501,0.206378
284,1.03906,0.0141602,0.0583496,0.3125,0.0136278,0.505437,0.423747,0.610053,0.551726,1.06272,0.630455,0.384611,0.104379,0.00215699,0,0,0,0,0,0.00954628,0.0040452,0.132004,0.108081,0.994156,0.999379,0.0390625,0.0141602,0.404705
285,1.01562,0.00650024,-0.000488281,0.949219,0.00640024,0.502553,0.410518,0.593749,0.521063,1.72866,0.617774,0.366802,0.000501172,0.0019541,0,0,0,0,0,0.00161999,0.000665036,0.0228607,0.0308644,0.999525,0.998161,0.015625,0.00650024,0.263058
286,0.996094,-0.00107574,0.257812,1.14062,-0.00107996,0.499569,0.398898,0.579761,0.495243,1.58991,0.50852,0.29482,0.241397,0.0024246,0,0,0,0,0,-0.00431151,-0.00171985,0.0739142,0.0205747,0.99979,0.998008,-0.00390625,-0.00107574,0.249237
287,1.00781,0.00585938,-0.582031,0.929688,0.00581395,0.502319,0.407065,0.588977,0.512596,1.39883,0.537288,0.316451,0.60364,0.00313211,0,0,0,0,0,-0.0210451,-0.00856672,0.341469,0.0200824,0.999799,0.998407,0.0078125,0.00585938,0.122807
288,1.03125,-0.000421524,0.195312,0.71875,-0.000408751,0.499837,0.413323,0.600461,0.53139,1.31928,0.614246,0.368831,0.230378,0.00240308,0,0,0,0,0,0.00309673,0.00127995,0.0439509,0.0770856,0.997026,0.998611,0.03125,-0.000421524,0.452448
289,1.03906,0.00382996,-0.0410156,0.398438,0.00368597,0.50147,0.418581,0.606477,0.543024,1.32934,0.584282,0.354354,0.0649784,0.00208004,0,0,0,0,0,0.0222626,0.00931871,0.33217,0.145979,0.989333,0.998779,0.0390625,0.00382996,0.330224
290,1,0.000167847,0.644531,1.46875,0.000167847,0.500067,0.401086,0.582464,0.500135,1.58969,0.493899,0.287679,0.531827,0.00299185,0,0,0,0,0,0.00667331,0.00267657,0.11779,0.0183123,0.999833,0.998736,0,0.000167847,0.163134
291,1,0.012085,1.26562,0.878906,0.012085,0.504821,0.407045,0.586583,0.509765,1.34549,0.545466,0.319961,1.35,0.00458984,0,0,0,0,0,-0.0148302,-0.00603655,0.23702,0.0393754,0.999225,0.998228,0,0.012085,0.157814
292,1.0625,0.0150146,0.353516,0.515625,0.0141314,0.505637,0.433572,0.623999,0.57736,1.36135,0.662705,0.413528,0.492313,0.00291467,0,0,0,0,0,0.0289226,0.0125401,0.380473,0.0851234,0.996373,0.998598,0.0625,0.0150146,0.538794
293,1.00781,0.00735474,-0.644531,0.558594,0.00729772,0.502911,0.407813,0.589494,0.513815,1.44313,0.596128,0.351414,0.862375,0.00363745,0,0,0,0,0,-0.0167087,-0.00681402,0.244349,0.0514996,0.998673,0.997764,0.0078125,0.00735474,0.225216
294,1.00781,-0.000774384,0.671875,0.351562,-0.000768381,0.499693,0.403748,0.58669,0.507217,1.35533,0.599291,0.351598,1.13315,0.00416631,0,0,0,0,0,0.00313814,0.00126702,0.0456501,0.0585759,0.998283,0.999069,0.0078125,-0.000774384,0.270966
295,0.996094,-0.00241089,0.519531,1.04688,-0.00242034,0.499034,0.398231,0.579302,0.494178,1.47446,0.614677,0.356084,0.507767,0.00294486,0,0,0,0,0,-0.00252909,-0.00100716,0.0358694,0.0294899,0.999566,0.997928,-0.00390625,-0.00241089,0.122557
296,0.988281,-0.00704956,-0.148438,0.478516,-0.00713315,0.497154,0.392778,0.57316,0.482787,1.39415,0.527831,0.302532,0.214583,0.00237223,0,0,0,0,0,0.00657456,0.00258234,0.108587,0.0412291,0.99915,0.998848,-0.0117188,-0.00704956,0.277141
297,1.00781,0.0235596,0.211914,0.773438,0.0233769,0.509325,0.415915,0.595128,0.527163,1.46453,0.53927,0.320935,0.240961,0.00242375,0,0,0,0,0,0.00356473,0.00148263,0.0576273,0.0643548,0.997927,0.998055,0.0078125,0.0235596,0.318153
298,1.03906,0.0194092,1.13281,1.38281,0.0186795,0.507452,0.426371,0.611879,0.556188,1.58695,0.669805,0.40984,0.963333,0.00383463,0,0,0,0,0,0.014805,0.00631243,0.192693,0.0591546,0.998249,0.998255,0.0390625,0.0194092,0.452298
299,1,0.00186157,-0.380859,0.466797,0.00186157,0.500743,0.401933,0.583048,0.501495,1.31412,0.549798,0.320559,0.557443,0.00304188,0,0,0,0,0,-0.00702316,-0.00282284,0.111362,0.0649823,0.997887,0.998928,0,0.00186157,0.383214
300,0.996094,-0.00540161,-0.324219,1.19531,-0.00542279,0.497837,0.396735,0.578275,0.491801,1.4544,0.506877,0.293114,0.29655,0.00253232,0,0,0,0,0,-0.00943836,-0.00374453,0.162331,0.0273779,0.999626,0.998286,-0.00390625,-0.00540161,0.142641
301,0.996094,0.0071106,-0.574219,0.470703,0.00713848,0.502848,0.402991,0.582585,0.501807,1.50785,0.478824,0.278956,0.836958,0.00358781,0,0,0,0,0,-0.00326754,-0.00131679,0.0594911,0.0362072,0.999345,0.997907,-0.00390625,0.0071106,0.150925
302,1.00781,0.0139771,0.917969,0.478516,0.0138687,0.505533,0.411124,0.59179,0.519238,1.40766,0.566134,0.335032,1.32703,0.00454498,0,0,0,0,0,0.0189886,0.00780668,0.292403,0.0837891,0.996485,0.998266,0.0078125,0.0139771,0.331594
303,1,-0.00257874,-0.219727,0.835938,-0.00257874,0.498971,0.399713,0.581519,0.497935,1.45896,0.578058,0.336152,0.240323,0.00242251,0,0,0,0,0,-6.43479e-05,-2.57207e-05,0.000970443,0.0474849,0.998872,0.998226,0,-0.00257874,0.143399
304,1,0.00075531,0.527344,0.703125,0.00075531,0.500301,0.40138,0.582666,0.500606,1.50477,0.543174,0.31649,0.628894,0.00318143,0,0,0,0,0,-0.00588457,-0.00236195,0.0944457,0.0395235,0.999219,0.998215,0,0.00075531,0.307316
305,1.02344,0.003479,0.0693359,0.632812,0.00339933,0.501356,0.41214,0.597255,0.526574,1.34503,0.561179,0.335167,0.0871607,0.00212336,0,0,0,0,0,0.00194128,0.00080008,0.0301574,0.0527644,0.998607,0.998098,0.0234375,0.003479,0.360975
306,1.01562,0.00927734,0.925781,0.832031,0.00913462,0.503644,0.411907,0.59471,0.523347,1.53147,0.625854,0.372202,1.01494,0.00393542,0,0,0,0,0,0.00949157,0.00390964,0.132212,0.0578971,0.998323,0.998551,0.015625,0.00927734,0.320879
307,1.02344,0.00613403,0.40625,0.835938,0.00599356,0.502391,0.413468,0.598172,0.528766,1.42529,0.540975,0.323596,0.444331,0.00282096,0,0,0,0,0,0.00480401,0.0019863,0.0774164,0.0545928,0.998509,0.998217,0.0234375,0.00613403,0.441502
308,1,0.0125122,0.0103149,0.605469,0.0125122,0.504992,0.407258,0.586731,0.510113,1.39993,0.593415,0.348175,0.0132563,0.00197902,0,0,0,0,0,0.0198728,0.00809337,0.291949,0.0590314,0.998256,0.998839,0,0.0125122,0.370603
309,1.03906,0.0178223,0.322266,0.546875,0.0171523,0.506842,0.425578,0.611326,0.554836,1.34687,0.632213,0.386489,0.435783,0.00280426,0,0,0,0,0,0.00174124,0.000741033,0.0240105,0.0830217,0.99655,0.99889,0.0390625,0.0178223,0.550738
310,1.01562,0.0115967,0.675781,0.427734,0.0114183,0.504555,0.413066,0.595514,0.52526,1.37015,0.614639,0.366026,1.03328,0.00397125,0,0,0,0,0,0.016511,0.00682014,0.234186,0.117758,0.99306,0.998965,0.015625,0.0115967,0.292319
311,1,0.0050354,-0.203125,0.431641,0.0050354,0.502009,0.40352,0.584143,0.504051,1.39513,0.574324,0.335487,0.309173,0.00255698,0,0,0,0,0,-0.016002,-0.00645713,0.242898,0.0416754,0.999132,0.99756,0,0.0050354,0.171437
312,1.01562,0.00167847,0.0625,0.539062,0.00165264,0.500659,0.408107,0.592085,0.517116,1.49714,0.572154,0.338763,0.0851257,0.00211939,0,0,0,0,0,-0.00220697,-0.000900682,0.0336273,0.0478746,0.998854,0.998134,0.015625,0.00167847,0.414036
313,1,-0.000751495,0.34375,0.527344,-0.000751495,0.4997,0.400627,0.582148,0.499398,1.45673,0.464814,0.270591,0.473365,0.00287767,0,0,0,0,0,0.00811121,0.00324957,0.152129,0.0412355,0.99915,0.998596,0,-0.000751495,0.421651
314,1,0.0037384,-0.910156,1.04688,0.0037384,0.501491,0.402872,0.583695,0.503005,1.29417,0.524252,0.306003,0.889546,0.00369052,0,0,0,0,0,0.0099408,0.00400487,0.165306,0.044232,0.999021,0.998865,0,0.0037384,0.208342
315,1.02344,0.0115356,0.00242615,0.478516,0.0112715,0.504497,0.416169,0.600042,0.533247,1.5663,0.62783,0.376724,0.00350727,0.00195998,0,0,0,0,0,0.00140381,0.000584221,0.0194927,0.0778601,0.996965,0.998245,0.0234375,0.0115356,0.340675
316,1,0.00708008,0.196289,0.527344,0.00708008,0.502825,0.404542,0.584849,0.505703,1.36224,0.607962,0.355566,0.270302,0.00248106,0,0,0,0,0,-0.00825932,-0.00334125,0.118433,0.0560747,0.998427,0.998474,0,0.00708008,0.132375
317,1.00781,0.0119629,-0.255859,0.679688,0.0118702,0.504735,0.410117,0.591091,0.517584,1.33528,0.537743,0.317855,0.310346,0.00255927,0,0,0,0,0,0.000299102,0.000122667,0.004849,0.0331556,0.999451,0.998483,0.0078125,0.0119629,0.354621
318,1.01562,0.0062561,-0.441406,0.734375,0.00615986,0.502457,0.410396,0.593664,0.520862,1.66523,0.557956,0.331239,0.515086,0.00295915,0,0,0,0,0,0.00788669,0.00323666,0.123226,0.0516697,0.998664,0.998806,0.015625,0.0062561,0.502819
319,1.00781,0.00177765,0.28125,0.726562,0.00176387,0.500704,0.405024,0.587569,0.509281,1.2634,0.523868,0.307809,0.329956,0.00259757,0,0,0,0,0,-0.0132088,-0.00534988,0.21981,0.0399883,0.9992,0.998373,0.0078125,0.00177765,0.228417
320,1.00781,-0.0112305,-0.142578,0.582031,-0.0111434,0.495555,0.39852,0.583104,0.498829,1.43288,0.625274,0.3646,0.186887,0.00231814,0,0,0,0,0,0.00857189,0.00341607,0.119512,0.0488184,0.998808,0.998721,0.0078125,-0.0112305,0.353691
321,1.03125,-0.00334167,0.464844,0.976562,-0.00324041,0.498707,0.411863,0.599457,0.52898,1.41934,0.573862,0.344006,0.470389,0.00287185,0,0,0,0,0,0.00994177,0.00409464,0.15103,0.0548392,0.998495,0.998122,0.03125,-0.00334167,0.41977
322,1.03125,0.00842285,0.0038147,0.660156,0.00816761,0.503258,0.417745,0.603514,0.53874,1.23416,0.576045,0.347651,0.00469501,0.00196229,0,0,0,0,0,0.0143609,0.00599921,0.217337,0.0642091,0.997937,0.999052,0.03125,0.00842285,0.46137
323,1.05469,0.00460815,-0.0698242,0.466797,0.00436921,0.501743,0.425236,0.615845,0.560091,1.20475,0.673068,0.414506,0.102198,0.00215273,0,0,0,0,0,0.0264773,0.0112591,0.342943,0.10907,0.99405,0.999706,0.0546875,0.00460815,0.572496
324,1.02344,0.00167084,0.664062,0.933594,0.00163257,0.500651,0.411236,0.596632,0.525085,1.6356,0.642235,0.383178,0.687274,0.00329546,0,0,0,0,0,0.00753654,0.0030993,0.102302,0.0475032,0.998871,0.998456,0.0234375,0.00167084,0.376057
325,1.01562,0.00341797,0.235352,1.02344,0.00336538,0.501343,0.408977,0.592684,0.518537,1.37856,0.58462,0.346495,0.232641,0.0024075,0,0,0,0,0,0.0203632,0.00832808,0.303654,0.0639222,0.997955,0.998668,0.015625,0.00341797,0.436993
326,1.04688,0.0102539,0.0297852,0.369141,0.00979478,0.503907,0.424926,0.613248,0.556635,1.37038,0.657749,0.403363,0.0490235,0.00204887,0,0,0,0,0,0.013775,0.00585334,0.182573,0.0871419,0.9962,0.999106,0.046875,0.0102539,0.490225
327,1.01562,0.0117798,0.0195312,0.546875,0.0115986,0.504627,0.413158,0.595577,0.525412,1.39108,0.555456,0.330817,0.0264111,0.00200471,0,0,0,0,0,0.00125581,0.000518849,0.0197098,0.0608885,0.998145,0.99864,0.015625,0.0117798,0.366561
328,1.02344,0.012207,0.298828,0.753906,0.0119275,0.504758,0.416504,0.600275,0.533806,1.37742,0.709651,0.425986,0.344162,0.00262532,0,0,0,0,0,0.00771492,0.0032133,0.094775,0.0767207,0.997055,0.999127,0.0234375,0.012207,0.428993
329,1.03906,0.010376,0.199219,0.503906,0.0099859,0.503984,0.421855,0.60874,0.548526,1.31422,0.653489,0.397805,0.280644,0.00250126,0,0,0,0,0,0.0154644,0.00652372,0.206301,0.0746956,0.997208,0.998991,0.0390625,0.010376,0.38171
330,1.00781,0.00402832,-1.11719,0.941406,0.00399709,0.501595,0.406149,0.588345,0.511107,1.64604,0.567313,0.333776,1.15143,0.00420201,0,0,0,0,0,-0.0108835,-0.00442032,0.167245,0.0270192,0.999636,0.998491,0.0078125,0.00402832,0.203799
331,1.00781,0.00811768,-1.45312,0.777344,0.00805475,0.503213,0.408194,0.589758,0.514437,1.36015,0.548886,0.32371,1.64815,0.00517217,0,0,0,0,0,-0.0108594,-0.00443276,0.172477,0.0373048,0.999304,0.998282,0.0078125,0.00811768,0.326249
332,0.996094,0.00363159,0.941406,0.660156,0.00364583,0.501454,0.401252,0.581383,0.499009,1.42666,0.535513,0.311338,1.15865,0.00421612,0,0,0,0,0,-0.004822,-0.00193484,0.0784991,0.0286235,0.999592,0.997601,-0.00390625,0.00363159,0.218463
333,1.01562,0.00421143,1.26562,0.816406,0.00414663,0.501654,0.409374,0.592958,0.519186,1.45837,0.507752,0.301075,1.40072,0.00468891,0,0,0,0,0,0.00760239,0.00311222,0.130529,0.0361829,0.999345,0.998602,0.015625,0.00421143,0.463773
334,0.992188,-0.00291443,-0.0300293,0.382812,-0.00293738,0.498828,0.396412,0.576854,0.489903,1.17627,0.488963,0.28206,0.0485347,0.00204792,0,0,0,0,0,-0.00354084,-0.00140363,0.0631302,0.0306968,0.99953,0.99771,-0.0078125,-0.00291443,0.195114
335,0.992188,-0.00427246,-0.425781,0.679688,-0.0043061,0.498282,0.395733,0.576387,0.488827,1.27317,0.517691,0.298391,0.516454,0.00296182,0,0,0,0,0,-0.00226734,-0.00089726,0.0381814,0.0618679,0.998084,0.998166,-0.0078125,-0.00427246,0.183555
336,1.02344,0.00970459,-0.404297,0.582031,0.00948235,0.503783,0.415253,0.599408,0.531725,1.39764,0.570511,0.341969,0.529941,0.00298817,0,0,0,0,0,0.0175655,0.00729413,0.268413,0.0949735,0.995487,0.999268,0.0234375,0.00970459,0.461534
337,0.992188,0.00306702,-0.859375,0.734375,0.00309117,0.501233,0.399403,0.578913,0.494663,1.42596,0.530631,0.30719,1.00282,0.00391176,0,0,0,0,0,0.00277569,0.00110862,0.0456022,0.0526213,0.998615,0.997791,-0.0078125,0.00306702,0.255213
338,1.02344,0.0131836,-0.384766,0.496094,0.0128817,0.505139,0.416993,0.600614,0.53462,1.40471,0.593543,0.35649,0.546279,0.00302008,0,0,0,0,0,-0.0135106,-0.0056338,0.198439,0.0687436,0.997635,0.998308,0.0234375,0.0131836,0.313616
339,1.04688,0.0269775,0.220703,0.6875,0.0257696,0.510279,0.433288,0.619071,0.570988,1.35273,0.643629,0.398452,0.266178,0.002473,0,0,0,0,0,0.0136706,0.0059233,0.185164,0.0831221,0.996541,0.998551,0.046875,0.0269775,0.545872
340,1.00781,0.00031662,-0.106445,0.515625,0.000314165,0.500125,0.404294,0.587065,0.508099,1.36033,0.525033,0.308229,0.148238,0.00224265,0,0,0,0,0,0.00266246,0.00107641,0.0442082,0.0596363,0.998221,0.999282,0.0078125,0.00031662,0.315104
341,1.02344,0.0131226,-0.117676,0.498047,0.012822,0.505115,0.416962,0.600593,0.534569,1.31342,0.531625,0.31929,0.166745,0.0022788,0,0,0,0,0,0.0168885,0.00704188,0.276945,0.0922841,0.995738,0.998879,0.0234375,0.0131226,0.656607
342,1.00781,0.00488281,-0.112793,0.675781,0.00484496,0.501933,0.406577,0.58864,0.511802,1.39704,0.562456,0.331084,0.137208,0.00222111,0,0,0,0,0,0.00327341,0.00133089,0.0507363,0.0598773,0.998206,0.998569,0.0078125,0.00488281,0.254216
343,1.00781,0.00994873,-0.675781,0.964844,0.00987161,0.503938,0.40911,0.590392,0.515934,1.54295,0.550939,0.32527,0.687983,0.00329684,0,0,0,0,0,-0.00677801,-0.00277295,0.107252,0.0306402,0.999531,0.998777,0.0078125,0.00994873,0.155965
344,1.00781,0.0126953,0.871094,0.984375,0.0125969,0.505025,0.410483,0.591345,0.518185,1.35471,0.577987,0.34179,0.87798,0.00366793,0,0,0,0,0,-0.00323627,-0.00132843,0.0488128,0.0325902,0.999469,0.998713,0.0078125,0.0126953,0.16464
345,1.00781,0.00921631,-0.394531,0.660156,0.00914486,0.503648,0.408743,0.590139,0.515335,1.73567,0.540644,0.319055,0.485577,0.00290152,0,0,0,0,0,-0.000278937,-0.000114014,0.00449781,0.04441,0.999014,0.998429,0.0078125,0.00921631,0.270741
346,1.00781,-0.00427246,-0.417969,0.605469,-0.00423934,0.498309,0.401999,0.585488,0.504399,1.51213,0.469169,0.274692,0.537153,0.00300225,0,0,0,0,0,0.00258596,0.00103955,0.0480507,0.0366183,0.99933,0.998158,0.0078125,-0.00427246,0.562418
347,1.03125,0.0133667,1.35156,0.679688,0.0129616,0.505171,0.420217,0.605228,0.542883,1.60026,0.599726,0.362971,1.63939,0.00515505,0,0,0,0,0,0.0114063,0.00479313,0.165806,0.0520778,0.998643,0.999,0.03125,0.0133667,0.405663
348,1.00781,-0.00619507,0.683594,1.53125,-0.00614704,0.497548,0.401038,0.584828,0.502855,1.60313,0.585016,0.342134,0.552427,0.00303208,0,0,0,0,0,-0.00392392,-0.00157364,0.0584735,0.0288397,0.999585,0.998144,0.0078125,-0.00619507,0.271095
349,0.996094,0.0101318,-0.433594,1.33594,0.0101716,0.504058,0.404502,0.583631,0.504247,1.88271,0.589683,0.344157,0.375137,0.00268581,0,0,0,0,0,-0.0144873,-0.00586015,0.214179,0.0192942,0.999815,0.998081,-0.00390625,0.0101318,0.272701
350,1.00781,0.0111084,1.42188,1.47656,0.0110223,0.504397,0.409689,0.590794,0.516883,1.56583,0.555415,0.328136,1.17013,0.00423854,0,0,0,0,0,0.00255735,0.00104772,0.0401402,0.0321139,0.999485,0.99841,0.0078125,0.0111084,0.234981
351,1,-0.000320435,-0.875,0.408203,-0.000320435,0.499872,0.400842,0.582296,0.499743,1.34434,0.56742,0.330406,1.36952,0.00462798,0,0,0,0,0,-0.00237393,-0.000951572,0.0364729,0.068402,0.997659,0.999037,0,-0.000320435,0.223396
352,1.00781,0.0115356,-0.367188,1.05469,0.0114462,0.504566,0.409903,0.590942,0.517233,1.47737,0.558867,0.330258,0.357541,0.00265145,0,0,0,0,0,0.00698328,0.00286247,0.108933,0.0491468,0.998792,0.998411,0.0078125,0.0115356,0.308807
353,1.02344,0.0115356,-0.0756836,0.414062,0.0112715,0.504497,0.416169,0.600042,0.533247,1.33668,0.621898,0.373165,0.117617,0.00218285,0,0,0,0,0,-0.00270884,-0.00112733,0.0379726,0.0934642,0.995627,0.998446,0.0234375,0.0115356,0.307732
354,1.03906,0.00515747,-0.261719,0.511719,0.00496358,0.50198,0.419245,0.606935,0.544137,1.33962,0.568429,0.344999,0.365864,0.0026677,0,0,0,0,0,0.0110616,0.00463753,0.169648,0.0670091,0.997753,0.998488,0.0390625,0.00515747,0.428397
355,0.992188,0.000671387,0.180664,1.78125,0.000676673,0.50027,0.398205,0.578087,0.492752,1.64219,0.588723,0.340333,0.135366,0.00221751,0,0,0,0,0,-0.00475567,-0.00189373,0.0704219,0.013853,0.999905,0.998253,-0.0078125,0.000671387,0.175696
356,1.01562,0.0112305,0.792969,0.96875,0.0110577,0.504411,0.412883,0.595387,0.524958,1.46951,0.639858,0.380963,0.805657,0.00352667,0,0,0,0,0,-0.000126287,-5.21416e-05,0.0017206,0.0428928,0.99908,0.99824,0.015625,0.0112305,0.370864
357,1.01562,0.0109863,-0.90625,0.478516,0.0108173,0.504315,0.412761,0.595302,0.524756,1.40633,0.552882,0.329131,1.31009,0.00451189,0,0,0,0,0,0.00996765,0.00411426,0.157169,0.0881807,0.996109,0.999245,0.015625,0.0109863,0.270538
358,1.01562,0.000511169,-0.691406,1.09375,0.000503305,0.500201,0.407524,0.591682,0.516164,1.5798,0.570745,0.3377,0.661111,0.00324436,0,0,0,0,0,0.00342098,0.00139413,0.0522535,0.039291,0.999228,0.99824,0.015625,0.000511169,0.32351
359,1.02344,0.0285645,0.208008,0.941406,0.0279103,0.511133,0.424683,0.605979,0.547566,1.41964,0.607595,0.36819,0.214383,0.00237184,0,0,0,0,0,-0.000528436,-0.000224418,0.00758202,0.0677251,0.997704,0.99826,0.0234375,0.0285645,0.363607
360,1.03125,0.00534058,0.101562,0.425781,0.00517874,0.502066,0.416204,0.602448,0.53617,1.22649,0.600607,0.361835,0.155647,0.00225712,0,0,0,0,0,0.0218779,0.00910567,0.317557,0.0989967,0.995097,0.999293,0.03125,0.00534058,0.42261
361,1.01562,0.0180664,0.294922,0.515625,0.0177885,0.507096,0.416301,0.597762,0.530626,1.33917,0.609087,0.364089,0.410714,0.0027553,0,0,0,0,0,-0.0147842,-0.00615467,0.211604,0.066476,0.997788,0.99853,0.015625,0.0180664,0.162265
362,1.00781,0.0142212,0.0612793,0.765625,0.0141109,0.505629,0.411246,0.591875,0.519439,1.64611,0.655966,0.38825,0.0700335,0.00208991,0,0,0,0,0,-0.0149385,-0.00614338,0.198532,0.0465514,0.998916,0.998057,0.0078125,0.0142212,0.219527
363,1,-0.00363159,0.181641,0.929688,-0.00363159,0.498551,0.399187,0.581158,0.497094,1.38577,0.470524,0.273449,0.188384,0.00232106,0,0,0,0,0,0.00911522,0.00363867,0.168885,0.0254374,0.999677,0.998444,0,-0.00363159,0.416966
364,1.00781,0.0078125,-0.185547,0.4375,0.00775194,0.503093,0.408041,0.589653,0.514188,1.36913,0.490407,0.28917,0.280521,0.00250102,0,0,0,0,0,-0.0147857,-0.00603316,0.26284,0.0431618,0.999069,0.997841,0.0078125,0.0078125,0.210412
365,1.00781,0.000349045,0.163086,0.945312,0.000346339,0.500138,0.40431,0.587077,0.508125,1.51589,0.606149,0.355856,0.167737,0.00228074,0,0,0,0,0,-0.00753955,-0.00304831,0.108436,0.0363375,0.999341,0.997921,0.0078125,0.000349045,0.329571
366,0.996094,-0.00183868,-0.337891,0.742188,-0.00184589,0.499264,0.398517,0.579499,0.494634,1.27274,0.523934,0.303619,0.392211,0.00271916,0,0,0,0,0,0.00175848,0.000700782,0.0292594,0.032964,0.999458,0.998027,-0.00390625,-0.00183868,0.158639
367,1.03125,0.0197754,-0.324219,0.796875,0.0191761,0.50765,0.423421,0.607457,0.548289,1.50928,0.586445,0.35624,0.363198,0.0026625,0,0,0,0,0,0.00136614,0.000578452,0.0203083,0.060351,0.998177,0.997948,0.03125,0.0197754,0.40815
368,1.03125,0.00370789,0.503906,0.90625,0.00359553,0.501434,0.415388,0.601884,0.534812,1.55886,0.572961,0.344857,0.529329,0.00298697,0,0,0,0,0,0.00181068,0.000752132,0.02755,0.0364602,0.999336,0.998133,0.03125,0.00370789,0.410016
369,1.02344,0.0106201,0.300781,0.769531,0.0103769,0.50414,0.415711,0.599725,0.532486,1.41888,0.585803,0.351321,0.342876,0.00262281,0,0,0,0,0,-0.00784297,-0.00326041,0.116717,0.0553795,0.998465,0.998516,0.0234375,0.0106201,0.291282
370,1.03906,0.0177002,-0.0488281,0.574219,0.0170348,0.506796,0.425517,0.611284,0.554732,1.53454,0.602871,0.368526,0.0644364,0.00207898,0,0,0,0,0,0.00961444,0.00409111,0.139029,0.101977,0.994791,0.997814,0.0390625,0.0177002,0.299838
371,1.01562,0.00105286,-0.0712891,0.566406,0.00103666,0.500414,0.407794,0.591869,0.516605,1.45278,0.512814,0.303519,0.0947238,0.00213813,0,0,0,0,0,-0.00245963,-0.00100302,0.0418135,0.0491476,0.998792,0.998307,0.015625,0.00105286,0.403825
372,1.00781,0.00537109,1.01562,0.613281,0.00532946,0.502126,0.406821,0.588809,0.512199,1.35039,0.582133,0.342765,1.29689,0.00448612,0,0,0,0,0,-0.012353,-0.00502547,0.184994,0.0474304,0.998875,0.998142,0.0078125,0.00537109,0.26012
373,1.01562,0.00297546,0.0541992,0.558594,0.00292969,0.501169,0.408756,0.592532,0.518175,1.47863,0.622071,0.368597,0.0725179,0.00209476,0,0,0,0,0,0.000304599,0.000124506,0.00426869,0.0736696,0.997283,0.998286,0.015625,0.00297546,0.296564
374,1.02344,0.0164795,-0.0281982,0.398438,0.0161021,0.506424,0.418641,0.601759,0.537374,1.33487,0.578418,0.348068,0.0446727,0.00204038,0,0,0,0,0,-0.00452383,-0.00189386,0.0681823,0.0922209,0.995742,0.998277,0.0234375,0.0164795,0.36557
375,1,0.00202942,-0.152344,1.09375,0.00202942,0.50081,0.402017,0.583105,0.50163,1.29638,0.46194,0.26936,0.145668,0.00223763,0,0,0,0,0,-0.0103051,-0.00414281,0.194478,0.0309852,0.99952,0.998405,0,0.00202942,0.257934
376,1.00781,0.00576782,-1.08594,0.6875,0.00572311,0.502283,0.407019,0.588946,0.512522,1.39566,0.510939,0.300915,1.30969,0.00451111,0,0,0,0,0,-0.0119998,-0.00488417,0.204745,0.0442663,0.99902,0.998716,0.0078125,0.00576782,0.240451
377,1.01562,0.015564,0.375,0.640625,0.0153245,0.506113,0.41505,0.596891,0.528546,1.60093,0.578347,0.34521,0.468521,0.00286821,0,0,0,0,0,0.00725043,0.00300929,0.10929,0.0813762,0.996685,0.998501,0.015625,0.015564,0.284714
378,1,0.00312805,0.757812,0.820312,0.00312805,0.501248,0.402566,0.583484,0.502514,1.4746,0.598193,0.349036,0.836704,0.00358731,0,0,0,0,0,0.0108995,0.00438777,0.158845,0.0506144,0.998718,0.999043,0,0.00312805,0.327483
379,0.996094,-0.00273132,-0.832031,1.03906,-0.00274203,0.498906,0.39807,0.579192,0.493923,1.44666,0.582637,0.337459,0.816242,0.00354735,0,0,0,0,0,0.000559129,0.000222573,0.00836606,0.0202685,0.999797,0.997814,-0.00390625,-0.00273132,0.115712
380,1.0625,0.0220947,0.292969,0.933594,0.020795,0.508295,0.437112,0.626464,0.583525,1.28825,0.723797,0.453433,0.303209,0.00254533,0,0,0,0,0,0.0187992,0.00821738,0.226428,0.086433,0.99626,0.998255,0.0625,0.0220947,0.476989
381,0.996094,-0.00546265,1.17969,0.820312,-0.00548407,0.497812,0.396705,0.578254,0.491752,1.50533,0.538323,0.311288,1.3025,0.00449707,0,0,0,0,0,-0.017496,-0.00694075,0.283336,0.039348,0.999227,0.997688,-0.00390625,-0.00546265,0.293639
382,1,-0.00144196,-0.0549316,0.929688,-0.00144196,0.499425,0.400281,0.58191,0.498845,1.35535,0.585649,0.340795,0.056971,0.0020644,0,0,0,0,0,-0.00666744,-0.00266885,0.0992495,0.0447411,0.998999,0.998615,0,-0.00144196,0.24973
383,1.00781,0.00247192,-0.839844,0.621094,0.00245276,0.500979,0.405371,0.587808,0.509844,1.26024,0.622577,0.365956,1.06566,0.0040345,0,0,0,0,0,-0.00477906,-0.00193729,0.0669199,0.0474751,0.998873,0.998406,0.0078125,0.00247192,0.210475
384,0.996094,-0.00354004,-0.0262451,0.507812,-0.00355392,0.498582,0.397666,0.578914,0.49328,1.40755,0.570539,0.330293,0.0368296,0.00202506,0,0,0,0,0,-0.00945638,-0.00376048,0.144493,0.0578249,0.998327,0.998488,-0.00390625,-0.00354004,0.346103
385,1.00781,0.0038147,-0.388672,0.466797,0.00378513,0.50151,0.406043,0.588271,0.510934,1.18054,0.515764,0.303409,0.568878,0.00306421,0,0,0,0,0,0.00365767,0.00148517,0.0618244,0.0585643,0.998284,0.998678,0.0078125,0.0038147,0.267293
386,1.01562,0.0158691,0.0493164,1.07812,0.015625,0.506233,0.415203,0.596997,0.528799,1.4685,0.615529,0.367469,0.047496,0.00204589,0,0,0,0,0,0.00685415,0.00284586,0.0970759,0.0591633,0.998248,0.998622,0.015625,0.0158691,0.22359
387,1.01562,0.00921631,0.400391,0.777344,0.00907452,0.50362,0.411876,0.594689,0.523297,1.627,0.566056,0.336627,0.454127,0.00284009,0,0,0,0,0,-0.00155665,-0.000641146,0.0239738,0.0611949,0.998126,0.998107,0.015625,0.00921631,0.275977
388,1,0.00340271,-0.757812,0.730469,0.00340271,0.501357,0.402704,0.583579,0.502735,1.50714,0.534285,0.311798,0.886668,0.0036849,0,0,0,0,0,0.00210812,0.000848949,0.0343977,0.044685,0.999001,0.99885,0,0.00340271,0.143411
389,0.996094,-0.00643921,-0.195312,0.628906,-0.00646446,0.497421,0.396216,0.577919,0.490978,1.3507,0.575603,0.332652,0.246285,0.00243415,0,0,0,0,0,-0.0097971,-0.00388177,0.148382,0.0401906,0.999193,0.998179,-0.00390625,-0.00643921,0.368706
390,1.01562,0.0148926,0.363281,0.566406,0.0146635,0.50585,0.414714,0.596658,0.527989,1.27581,0.570214,0.340223,0.482702,0.0028959,0,0,0,0,0,-0.011478,-0.0047601,0.175483,0.0693804,0.997592,0.999217,0.015625,0.0148926,0.256223
391,0.996094,-0.000644684,0.0153198,0.703125,-0.000647212,0.499742,0.399114,0.579909,0.495587,1.35355,0.504984,0.292845,0.01827,0.00198881,0,0,0,0,0,0.00934915,0.00373137,0.161399,0.023168,0.999733,0.997972,-0.00390625,-0.000644684,0.119665
392,1.01562,0.0170898,-0.193359,0.636719,0.0168269,0.506713,0.415813,0.597422,0.529813,1.47716,0.576244,0.344261,0.242321,0.00242641,0,0,0,0,0,0.00392091,0.00163036,0.0593181,0.0988301,0.99511,0.998537,0.015625,0.0170898,0.359657
393,1.03125,0.0180664,-0.214844,0.828125,0.0175189,0.506989,0.422567,0.606861,0.546844,1.37992,0.554463,0.336482,0.236088,0.00241424,0,0,0,0,0,-0.00486846,-0.00205725,0.0765466,0.0628798,0.998022,0.99892,0.03125,0.0180664,0.417105
394,1,0.00695801,-0.333984,1.02344,0.00695801,0.502776,0.404481,0.584807,0.505605,1.37022,0.579184,0.338711,0.330138,0.00259793,0,0,0,0,0,-0.00911871,-0.00368835,0.137254,0.0357215,0.999362,0.998228,0,0.00695801,0.119014
395,1,-0.000957489,-0.302734,0.390625,-0.000957489,0.499618,0.400524,0.582077,0.499233,1.2647,0.590597,0.343773,0.484375,0.00289917,0,0,0,0,0,0.0173841,0.00696273,0.256606,0.101271,0.994866,0.998747,0,-0.000957489,0.345911
396,1,0.00415039,0.503906,0.554688,0.00415039,0.501656,0.403078,0.583837,0.503337,1.57379,0.497942,0.290717,0.67659,0.00327459,0,0,0,0,0,-0.00131687,-0.000530802,0.0230554,0.0270389,0.999636,0.997693,0,0.00415039,0.25851
397,1.00781,-0.00228882,0.816406,0.449219,-0.00227108,0.499094,0.402991,0.586169,0.505996,1.25775,0.56189,0.329362,1.21808,0.0043322,0,0,0,0,0,0.00510662,0.00205792,0.07923,0.0366266,0.999329,0.998691,0.0078125,-0.00228882,0.210104
398,1.03906,0.0301514,-0.220703,0.769531,0.0290179,0.511575,0.431742,0.615634,0.565406,1.65702,0.584413,0.359784,0.251591,0.00244451,0,0,0,0,0,0.0231225,0.00998295,0.344923,0.0821016,0.996626,0.998702,0.0390625,0.0301514,0.595127
399,1.01562,0.0132446,-0.0162354,0.511719,0.0130409,0.505202,0.41389,0.596085,0.526623,1.14533,0.511347,0.304806,0.0226958,0.00199745,0,0,0,0,0,-0.000804148,-0.000332829,0.0137097,0.0687303,0.997636,0.998912,0.015625,0.0132446,0.358986
400,1.02344,0.0206299,-0.369141,0.357422,0.0201574,0.508041,0.420716,0.603205,0.540858,1.2424,0.569404,0.343467,0.617449,0.00315908,0,0,0,0,0,-0.00627297,-0.00263914,0.0960416,0.0924701,0.995722,0.999204,0.0234375,0.0206299,0.404237
401,1.00781,0.00848389,-1.07031,0.589844,0.00841812,0.503358,0.408377,0.589885,0.514736,1.38104,0.578736,0.341388,1.39361,0.00467502,0,0,0,0,0,-0.00217026,-0.000886285,0.0326917,0.0441685,0.999025,0.997963,0.0078125,0.00848389,0.170464
402,0.988281,-0.012085,-0.265625,0.773438,-0.0122283,0.495122,0.390261,0.571438,0.478844,1.74685,0.596865,0.341071,0.302034,0.00254304,0,0,0,0,0,0.0011936,0.000465815,0.0174337,0.0287037,0.999589,0.998524,-0.0117188,-0.012085,0.142195
403,1.00781,-0.00982666,0.498047,0.494141,-0.00975048,0.49611,0.399222,0.583584,0.499949,1.3793,0.548398,0.320036,0.708508,0.00333693,0,0,0,0,0,0.0144345,0.00576257,0.229463,0.0643814,0.997926,0.998925,0.0078125,-0.00982666,0.370339
404,0.992188,-0.00637817,-0.00222778,0.738281,-0.0064284,0.497435,0.39468,0.575665,0.487163,1.27518,0.522111,0.300561,0.00259276,0.00195819,0,0,0,0,0,0.00375597,0.00148241,0.0627143,0.0353432,0.999377,0.997345,-0.0078125,-0.00637817,0.198348
405,1,0.00393677,-0.550781,2.03125,0.00393677,0.501571,0.402971,0.583763,0.503165,1.68737,0.488637,0.285248,0.386454,0.00270792,0,0,0,0,0,-0.0107176,-0.00431888,0.191213,0.00631828,0.999981,0.998479,0,0.00393677,0.130609
406,1.07812,0.0349121,0.341797,0.566406,0.0323822,0.512916,0.449787,0.640051,0.611973,1.28736,0.714977,0.457622,0.454155,0.00284015,0,0,0,0,0,0.0239195,0.0107587,0.291653,0.105219,0.99446,0.999046,0.078125,0.0349121,0.584122
407,1.03125,0.0195312,-0.00421143,0.523438,0.0189394,0.507555,0.423299,0.607372,0.548083,1.37915,0.648104,0.39364,0.00582099,0.00196449,0,0,0,0,0,0.0105803,0.00447862,0.142318,0.0926256,0.995705,0.998561,0.03125,0.0195312,0.394091
408,1,0.00396729,0.359375,0.832031,0.00396729,0.501583,0.402986,0.583774,0.50319,1.47696,0.625931,0.365402,0.393984,0.00272262,0,0,0,0,0,0.0116042,0.00467633,0.16162,0.0691796,0.997605,0.998795,0,0.00396729,0.330664
409,1,0.00056076,0.0961914,0.427734,0.00056076,0.500224,0.401283,0.582599,0.50045,1.48185,0.534838,0.311596,0.147079,0.00224039,0,0,0,0,0,0.00302244,0.00121285,0.0492655,0.0517162,0.998662,0.998479,0,0.00056076,0.2013
410,1.03906,0.0150757,0.433594,0.691406,0.0145089,0.505788,0.424204,0.610371,0.552502,1.39669,0.645726,0.394133,0.521454,0.00297159,0,0,0,0,0,0.00752063,0.00319028,0.101534,0.0518838,0.998653,0.998504,0.0390625,0.0150757,0.454706
411,1.01562,0.00817871,-0.117676,0.515625,0.00805288,0.503213,0.411357,0.594329,0.522442,1.31088,0.523602,0.311192,0.163878,0.0022732,0,0,0,0,0,-0.00711004,-0.00292477,0.11838,0.0772693,0.997012,0.998675,0.015625,0.00817871,0.335056
412,1.00781,0.00619507,-0.178711,0.404297,0.00614704,0.502452,0.407233,0.589093,0.512869,1.44877,0.529626,0.311999,0.281061,0.00250207,0,0,0,0,0,0.00131396,0.000535089,0.0216282,0.0406161,0.999175,0.9987,0.0078125,0.00619507,0.324465
413,1.05469,0.00732422,0.0142212,0.308594,0.00694444,0.50277,0.426594,0.616784,0.562405,1.22859,0.645305,0.398014,0.0256001,0.00200313,0,0,0,0,0,0.015962,0.00680932,0.215641,0.0945045,0.995533,0.99959,0.0546875,0.00732422,0.572917
414,1.00781,0.00585938,-1.25,0.984375,0.00581395,0.502319,0.407065,0.588977,0.512596,1.46207,0.491941,0.289742,1.25988,0.00441383,0,0,0,0,0,0.00602977,0.00245451,0.106855,0.0345957,0.999403,0.997586,0.0078125,0.00585938,0.289889
415,1.01562,0.0145264,-0.597656,0.761719,0.0143029,0.505706,0.414531,0.596531,0.527685,1.66332,0.578418,0.345044,0.684785,0.0032906,0,0,0,0,0,0.010636,0.00440894,0.160303,0.0416038,0.999135,0.997783,0.015625,0.0145264,0.510029
416,1,0.012207,-0.300781,0.404297,0.012207,0.50487,0.407106,0.586625,0.509865,1.23403,0.533522,0.312978,0.473043,0.00287704,0,0,0,0,0,0.00166244,0.00067679,0.0271645,0.0718684,0.997415,0.998615,0,0.012207,0.25612
417,1.02344,0.013916,-0.11084,0.519531,0.0135973,0.505424,0.417359,0.600868,0.535231,1.34235,0.571803,0.343578,0.153777,0.00225347,0,0,0,0,0,0.00419569,0.00175111,0.0639681,0.049587,0.99877,0.998602,0.0234375,0.013916,0.506694
418,1.02344,0.0126343,-0.124512,1.01562,0.0123449,0.504925,0.416718,0.600423,0.534162,1.50021,0.548689,0.329446,0.12355,0.00219443,0,0,0,0,0,-0.0103034,-0.00429361,0.163705,0.0374464,0.9993,0.997588,0.0234375,0.0126343,0.329543
419,1.02344,-0.00588989,1.29688,0.455078,-0.00575501,0.497704,0.407456,0.594033,0.518895,1.25859,0.556209,0.330406,1.92245,0.00570791,0,0,0,0,0,-0.000658085,-0.000268141,0.0103146,0.102619,0.994727,0.998319,0.0234375,-0.00588989,0.437533
420,0.996094,-0.00363159,-1.32812,0.792969,-0.00364583,0.498546,0.39762,0.578883,0.493207,1.38318,0.499609,0.289215,1.49146,0.00486613,0,0,0,0,0,-0.0090573,-0.00360136,0.158043,0.0341718,0.999417,0.998376,-0.00390625,-0.00363159,0.420762
421,1.00781,0.00222778,-0.337891,0.609375,0.00221051,0.500882,0.405249,0.587724,0.509646,1.48918,0.570076,0.335047,0.432846,0.00279853,0,0,0,0,0,0.00216745,0.000878357,0.0331454,0.0424732,0.999098,0.998206,0.0078125,0.00222778,0.223364
422,1.04688,0.020752,0.230469,0.431641,0.0198228,0.507908,0.430175,0.616897,0.565612,1.35939,0.649754,0.400831,0.350793,0.00263827,0,0,0,0,0,0.0174602,0.00751097,0.234266,0.133989,0.991018,0.999372,0.046875,0.020752,0.424206
423,1,0.0101318,-0.291016,0.589844,0.0101318,0.504042,0.406068,0.585906,0.508177,1.28058,0.516011,0.302334,0.37892,0.0026932,0,0,0,0,0,0.00544423,0.00221073,0.0919779,0.0782338,0.996936,0.998256,0,0.0101318,0.544668
424,1.02344,0.0141602,0.746094,0.839844,0.0138359,0.50552,0.417481,0.600953,0.535435,1.22588,0.582597,0.350113,0.814131,0.00354322,0,0,0,0,0,0.0208074,0.0086867,0.311356,0.0542578,0.998527,0.998414,0.0234375,0.0141602,0.495638
425,1,0.00047493,-0.220703,0.402344,0.00047493,0.500189,0.40124,0.58257,0.500381,1.30349,0.510792,0.297572,0.347944,0.0026327,0,0,0,0,0,-0.00454421,-0.00182332,0.077557,0.0668072,0.997766,0.99872,0,0.00047493,0.281898
426,1.01562,0.00927734,-0.398438,0.789062,0.00913462,0.503644,0.411907,0.59471,0.523347,1.51162,0.627879,0.373406,0.448543,0.00282919,0,0,0,0,0,-0.0109237,-0.00449954,0.15167,0.052671,0.998612,0.998408,0.015625,0.00927734,0.265198
427,0.996094,-0.000934601,0.0111084,0.722656,-0.000938266,0.499626,0.398969,0.57981,0.495355,1.45457,0.562108,0.325916,0.0130673,0.00197865,0,0,0,0,0,0.00164649,0.000656899,0.0255357,0.0472854,0.998882,0.998361,-0.00390625,-0.000934601,0.24397
428,1.05469,0.0108643,0.0161133,0.476562,0.0103009,0.504109,0.428364,0.618009,0.565432,1.17334,0.697127,0.430831,0.0233412,0.00199871,0,0,0,0,0,0.0080954,0.00346778,0.101236,0.100023,0.994991,0.998411,0.0546875,0.0108643,0.454948
429,1,-0.00170135,-0.527344,0.640625,-0.00170135,0.499321,0.400152,0.581821,0.498637,1.5714,0.514043,0.299081,0.658858,0.00323996,0,0,0,0,0,-0.0162703,-0.0065106,0.275933,0.0316258,0.9995,0.998695,0,-0.00170135,0.182671
430,1.01562,0.0109253,-0.267578,0.445312,0.0107572,0.504291,0.412731,0.595281,0.524706,1.3336,0.5269,0.313653,0.400976,0.00273628,0,0,0,0,0,0.00365729,0.00150948,0.0605115,0.0620962,0.99807,0.998388,0.015625,0.0109253,0.467941
431,1.03906,0.0100708,-1.13281,1.03906,0.0096922,0.503867,0.421702,0.608635,0.548268,1.4945,0.651629,0.396604,1.11132,0.00412366,0,0,0,0,0,0.0181744,0.00766419,0.243146,0.072233,0.997388,0.998369,0.0390625,0.0100708,0.405786
432,1.01562,0.0170898,0.3125,0.511719,0.0168269,0.506713,0.415813,0.597422,0.529813,1.51964,0.526775,0.314707,0.436852,0.00280635,0,0,0,0,0,-0.0113084,-0.00470217,0.187146,0.049382,0.99878,0.997772,0.015625,0.0170898,0.343306
433,1.00781,-0.000341415,0.695312,0.753906,-0.000338769,0.499865,0.403964,0.586839,0.507567,1.25485,0.534122,0.313444,0.800795,0.00351718,0,0,0,0,0,-0.000607365,-0.000245354,0.00991325,0.0474207,0.998875,0.998717,0.0078125,-0.000341415,0.417154
434,1.00781,0.00500488,-0.515625,0.804688,0.00496609,0.501981,0.406638,0.588682,0.511901,1.34803,0.538772,0.317165,0.574805,0.00307579,0,0,0,0,0,-0.011518,-0.00468366,0.186372,0.0331262,0.999452,0.998456,0.0078125,0.00500488,0.269132
435,1.02344,0.0050354,0.100098,0.78125,0.00492009,0.501963,0.412919,0.597793,0.527858,1.69228,0.55343,0.330836,0.113248,0.00217431,0,0,0,0,0,0.0156208,0.00645012,0.246064,0.0590375,0.998256,0.998314,0.0234375,0.0050354,0.393352
436,1,-0.00291443,0.605469,0.75,-0.00291443,0.498837,0.399545,0.581404,0.497667,1.35984,0.62803,0.365139,0.699135,0.00331862,0,0,0,0,0,-0.00517514,-0.0020677,0.071837,0.0361467,0.999347,0.998979,0,-0.00291443,0.168932
437,0.996094,-0.00686646,0.0717773,0.898438,-0.00689338,0.49725,0.396003,0.577773,0.49064,1.41104,0.56055,0.32387,0.0757257,0.00210103,0,0,0,0,0,-0.000994733,-0.000393917,0.0154703,0.0327582,0.999464,0.998163,-0.00390625,-0.00686646,0.144259
438,1.02344,0.0141602,0.675781,0.347656,0.0138359,0.50552,0.417481,0.600953,0.535435,1.25322,0.556759,0.334586,1.14612,0.00419165,0,0,0,0,0,0.00162351,0.000677782,0.025421,0.0679316,0.99769,0.998403,0.0234375,0.0141602,0.414113
439,0.996094,-0.00360107,-0.0966797,0.402344,-0.0036152,0.498558,0.397635,0.578893,0.493231,1.32747,0.542076,0.313804,0.152418,0.00225082,0,0,0,0,0,0.00386148,0.00153546,0.0621012,0.0426958,0.999088,0.998635,-0.00390625,-0.00360107,0.198859
440,1.00781,0.00231934,-0.332031,0.671875,0.00230136,0.500918,0.405295,0.587755,0.50972,1.31789,0.589497,0.34648,0.405074,0.00274429,0,0,0,0,0,0.0203796,0.00825975,0.301385,0.0731776,0.99732,0.99851,0.0078125,0.00231934,0.409016
441,1.02344,-0.000770569,-0.361328,0.527344,-0.000752922,0.4997,0.410016,0.595791,0.52308,1.3262,0.587306,0.349912,0.497571,0.00292494,0,0,0,0,0,0.000328415,0.000134655,0.0048749,0.0716979,0.997427,0.997985,0.0234375,-0.000770569,0.371328
442,0.996094,-0.00418091,0.222656,0.738281,-0.0041973,0.498326,0.397345,0.578694,0.49277,1.33328,0.585293,0.338705,0.259134,0.00245925,0,0,0,0,0,-0.00626002,-0.00248739,0.0932415,0.0213817,0.999772,0.998381,-0.00390625,-0.00418091,0.181136
443,0.992188,0.00114441,-0.28125,0.570312,0.00115342,0.50046,0.398442,0.57825,0.493129,1.48206,0.551356,0.318822,0.372423,0.00268051,0,0,0,0,0,-0.00762257,-0.00303715,0.120525,0.0211833,0.999778,0.997604,-0.0078125,0.00114441,0.209199
444,1.01562,0.0130005,1.07812,0.53125,0.0128005,0.505107,0.413768,0.596001,0.526421,1.47134,0.620923,0.37007,1.47918,0.00484214,0,0,0,0,0,-0.00113645,-0.000470228,0.0159559,0.0395446,0.999218,0.998166,0.015625,0.0130005,0.301585
445,1.00781,-0.00228882,0.734375,0.398438,-0.00227108,0.499094,0.402991,0.586169,0.505996,1.5053,0.531057,0.311289,1.16342,0.00422544,0,0,0,0,0,-0.0136111,-0.00548514,0.223439,0.0763959,0.997078,0.997871,0.0078125,-0.00228882,0.301033
446,1.00781,0.000804901,-0.460938,0.78125,0.000798662,0.500319,0.404538,0.587234,0.508494,1.53837,0.50329,0.295549,0.521491,0.00297166,0,0,0,0,0,0.00145086,0.000586927,0.0251312,0.0289806,0.99958,0.998711,0.0078125,0.000804901,0.278947
447,1.00781,0.00430298,-0.239258,0.917969,0.00426962,0.501703,0.406287,0.58844,0.51133,1.46597,0.603544,0.355149,0.249719,0.00244086,0,0,0,0,0,0.000745071,0.000302712,0.0107621,0.0559302,0.998435,0.998042,0.0078125,0.00430298,0.331399
448,0.996094,-0.00234985,-0.365234,0.511719,-0.00235907,0.499059,0.398261,0.579323,0.494227,1.44388,0.538064,0.311713,0.510571,0.00295033,0,0,0,0,0,0.00429113,0.00170899,0.0695256,0.039027,0.999239,0.998222,-0.00390625,-0.00234985,0.206268
449,0.992188,0.00279236,0.738281,1.49219,0.00281435,0.501123,0.399266,0.578818,0.494444,1.5511,0.596198,0.345091,0.60438,0.00313355,0,0,0,0,0,0.00372465,0.00148713,0.054463,0.0306313,0.999532,0.997876,-0.0078125,0.00279236,0.235277
450,1.00781,0.0113525,-0.628906,0.96875,0.0112645,0.504494,0.409811,0.590879,0.517083,1.56358,0.596397,0.352398,0.638969,0.00320111,0,0,0,0,0,-0.022724,-0.00931254,0.332166,0.0336593,0.999434,0.998146,0.0078125,0.0113525,0.209031
451,1.02344,0.00735474,-0.867188,0.730469,0.00718631,0.502867,0.414078,0.598594,0.529776,1.49192,0.589093,0.352628,1.01464,0.00393484,0,0,0,0,0,0.0145464,0.00602337,0.215268,0.063347,0.997992,0.998238,0.0234375,0.00735474,0.39132
452,0.996094,0.00411987,-0.527344,1.11719,0.00413603,0.50165,0.401496,0.581552,0.499401,1.6837,0.528948,0.307611,0.49892,0.00292758,0,0,0,0,0,0.00424154,0.00170296,0.0699064,0.0234859,0.999725,0.998527,-0.00390625,0.00411987,0.351299
453,0.988281,-0.00628662,0.163086,0.632812,-0.00636117,0.497462,0.39316,0.573422,0.483387,1.25214,0.545166,0.31261,0.205012,0.00235354,0,0,0,0,0,0.00520746,0.00204737,0.083273,0.046634,0.998912,0.999687,-0.0117188,-0.00628662,0.262587
454,1.03906,0.0250244,-0.0664062,0.621094,0.0240836,0.509607,0.429179,0.613839,0.560992,1.248,0.670251,0.411426,0.0842617,0.0021177,0,0,0,0,0,0.0100056,0.0042942,0.130141,0.0826021,0.996584,0.99801,0.0390625,0.0250244,0.411093
455,0.992188,0.00082016,-0.214844,1.54688,0.000826618,0.50033,0.39828,0.578139,0.492871,1.63587,0.443985,0.256685,0.172741,0.00229051,0,0,0,0,0,0.00719422,0.00286531,0.141261,0.0237364,0.99972,0.997685,-0.0078125,0.00082016,0.466688
456,0.992188,0.00140381,0.925781,0.996094,0.00141486,0.500564,0.398571,0.57834,0.493336,1.38107,0.445187,0.257469,0.927595,0.00376483,0,0,0,0,0,0.000639539,0.000254902,0.0125237,0.0438606,0.999038,0.998353,-0.0078125,0.00140381,0.357526
457,1.01562,0.00376892,0.12793,0.53125,0.00371094,0.50148,0.409152,0.592805,0.518824,1.47537,0.582332,0.34521,0.175518,0.00229593,0,0,0,0,0,0.00496259,0.00203046,0.0742925,0.0702491,0.99753,0.998785,0.015625,0.00376892,0.37683
458,1.02344,0.0123291,1.77344,1.03906,0.0120468,0.504806,0.416565,0.600318,0.533908,1.41813,0.617395,0.370633,1.73978,0.00535114,0,0,0,0,0,0.00936908,0.00390283,0.132294,0.0709716,0.997479,0.998742,0.0234375,0.0123291,0.339864
459,1.00781,0.0124512,-0.0722656,0.828125,0.0123547,0.504929,0.410361,0.59126,0.517984,1.36604,0.56096,0.331673,0.0794116,0.00210823,0,0,0,0,0,-0.0167794,-0.00688563,0.260767,0.02301,0.999737,0.997665,0.0078125,0.0124512,0.178486
460,1.00781,0.00230408,0.143555,0.589844,0.00228622,0.500912,0.405287,0.58775,0.509708,1.34834,0.536493,0.315324,0.186917,0.0023182,0,0,0,0,0,-0.00871187,-0.00353081,0.141564,0.0712282,0.997461,0.998998,0.0078125,0.00230408,0.348307
461,0.996094,0.000203133,0.102539,0.447266,0.000203929,0.500081,0.399538,0.580201,0.496264,1.28909,0.452575,0.262585,0.153323,0.00225258,0,0,0,0,0,0.00356313,0.0014236,0.0686353,0.0468591,0.998902,0.998304,-0.00390625,0.000203133,0.307902
462,1.03125,-0.00227356,0.5625,0.75,-0.00220466,0.49912,0.412397,0.599824,0.52986,1.54068,0.590132,0.353975,0.649519,0.00322172,0,0,0,0,0,0.0257412,0.0106156,0.380265,0.0700628,0.997543,0.998368,0.03125,-0.00227356,0.443483
463,1.03125,0.0105591,0.570312,0.6875,0.0102391,0.504085,0.418813,0.604254,0.540527,1.42121,0.64494,0.389707,0.687823,0.00329653,0,0,0,0,0,0.029546,0.0123743,0.39938,0.0701904,0.997534,0.998771,0.03125,0.0105591,0.58966
464,1.03125,0.00793457,0.898438,0.476562,0.00769413,0.503069,0.417501,0.603345,0.538332,1.46534,0.645284,0.389329,1.30145,0.00449502,0,0,0,0,0,0.0216393,0.00903442,0.292347,0.0898178,0.995962,0.998749,0.03125,0.00793457,0.375703
465,1.00781,0.00946045,0.279297,0.917969,0.00938711,0.503745,0.408865,0.590223,0.515534,1.16247,0.480819,0.283791,0.291509,0.00252248,0,0,0,0,0,-0.0193793,-0.00792353,0.351369,0.0225739,0.999747,0.997837,0.0078125,0.00946045,0.31724
466,1,0.00747681,-0.081543,0.679688,0.00747681,0.502983,0.404741,0.584987,0.506024,1.61937,0.475125,0.277942,0.0989081,0.0021463,0,0,0,0,0,-0.00480097,-0.00194315,0.0880903,0.0200615,0.9998,0.998143,0,0.00747681,0.222384
467,1.00781,0.0103149,0.519531,1.10938,0.010235,0.504083,0.409293,0.590519,0.516233,1.54525,0.549319,0.324383,0.493256,0.00291652,0,0,0,0,0,-0.00608103,-0.00248892,0.0965071,0.0466018,0.998914,0.997785,0.0078125,0.0103149,0.210283
468,1.02344,0.00927734,-0.333984,0.337891,0.00906489,0.503616,0.41504,0.59926,0.53137,1.42648,0.564298,0.338161,0.574564,0.00307532,0,0,0,0,0,0.0187644,0.00778797,0.28989,0.0831482,0.996539,0.998665,0.0234375,0.00927734,0.388606
469,1.00781,0.00927734,0.306641,0.480469,0.00920543,0.503672,0.408774,0.59016,0.515385,1.4934,0.53816,0.3176,0.442382,0.00281715,0,0,0,0,0,0.0155733,0.00636596,0.252276,0.052999,0.998595,0.998462,0.0078125,0.00927734,0.413019
470,1,-0.00375366,0.248047,0.349609,-0.00375366,0.498503,0.399126,0.581116,0.496997,1.16459,0.523262,0.304076,0.41951,0.00277248,0,0,0,0,0,0.00209733,0.000837098,0.0349425,0.0607744,0.998152,0.99874,0,-0.00375366,0.284312
471,1.00781,-0.00145721,0.511719,0.847656,-0.00144592,0.499423,0.403407,0.586455,0.506666,1.38959,0.574128,0.3367,0.555804,0.00303868,0,0,0,0,0,0.00868933,0.00350533,0.131942,0.0280881,0.999607,0.997592,0.0078125,-0.00145721,0.349977
472,1.00781,0.00216675,-0.628906,0.738281,0.00214995,0.500858,0.405219,0.587703,0.509597,1.44803,0.53616,0.315103,0.731939,0.00338269,0,0,0,0,0,0.00889045,0.00360258,0.144556,0.0435335,0.999053,0.997976,0.0078125,0.00216675,0.329829
473,1,0.00396729,-0.408203,0.730469,0.00396729,0.501583,0.402986,0.583774,0.50319,1.55685,0.551223,0.32179,0.477612,0.00288596,0,0,0,0,0,-0.00832949,-0.00335667,0.131734,0.0358896,0.999357,0.998102,0,0.00396729,0.236533
474,1,0.00799561,0.546875,0.539062,0.00799561,0.50319,0.405,0.585166,0.506444,1.21792,0.55669,0.325756,0.744849,0.00340791,0,0,0,0,0,0.00611906,0.00247822,0.0958248,0.0720375,0.997402,0.998114,0,0.00799561,0.193477
475,1.00781,-0.00576782,0.792969,0.496094,-0.00572311,0.497717,0.401251,0.584974,0.503198,1.3662,0.521315,0.304956,1.12583,0.00415202,0,0,0,0,0,0.0120427,0.00483215,0.201386,0.0411556,0.999154,0.997896,0.0078125,-0.00576782,0.39848
476,1.01562,0.0125122,0.671875,0.511719,0.0123197,0.504915,0.413524,0.595831,0.526017,1.46088,0.544361,0.324347,0.939232,0.00378756,0,0,0,0,0,-0.00518959,-0.00214602,0.0831099,0.0669965,0.997753,0.998301,0.015625,0.0125122,0.304357
477,1.00781,0.0114746,-0.462891,0.65625,0.0113857,0.504542,0.409872,0.590921,0.517183,1.55628,0.593579,0.350758,0.571405,0.00306915,0,0,0,0,0,0.00296914,0.00121697,0.0436073,0.0566833,0.998392,0.998815,0.0078125,0.0114746,0.268523
478,1.03125,0.0177002,0.224609,0.746094,0.0171638,0.506847,0.422384,0.606734,0.546534,1.45659,0.670202,0.406634,0.260035,0.00246101,0,0,0,0,0,0.015415,0.00651104,0.200514,0.0694567,0.997585,0.998394,0.03125,0.0177002,0.373614
479,1.00781,0.00610352,-0.328125,0.527344,0.0060562,0.502416,0.407187,0.589062,0.512795,1.50652,0.61869,0.364446,0.451848,0.00283564,0,0,0,0,0,-0.00316143,-0.00128729,0.0445469,0.0327221,0.999465,0.998051,0.0078125,0.00610352,0.320794
480,1.00781,0.012085,1.17188,0.699219,0.0119913,0.504784,0.410178,0.591133,0.517684,1.4582,0.509715,0.301309,1.40144,0.00469031,0,0,0,0,0,0.00416972,0.00171032,0.0713158,0.0314542,0.999506,0.998357,0.0078125,0.012085,0.306358
481,1,0.00592041,-0.5625,0.425781,0.00592041,0.502362,0.403963,0.584448,0.504766,1.31738,0.557637,0.32591,0.862044,0.0036368,0,0,0,0,0,-0.00295312,-0.00119295,0.0461675,0.0833955,0.996519,0.99879,0,0.00592041,0.290073
482,1,0.00370789,-0.507812,1.39844,0.00370789,0.501479,0.402856,0.583684,0.502981,1.49037,0.552895,0.322716,0.42942,0.00279184,0,0,0,0,0,-0.0194967,-0.00785438,0.307415,0.0319813,0.999489,0.998219,0,0.00370789,0.151399
483,1.01562,0.0126343,0.020874,0.917969,0.0124399,0.504963,0.413585,0.595874,0.526118,1.58692,0.568895,0.338989,0.0217867,0.00199568,0,0,0,0,0,0.0203672,0.00842358,0.312109,0.0751679,0.997171,0.998247,0.015625,0.0126343,0.451118
484,1.00781,0.0090332,0.165039,0.464844,0.00896318,0.503576,0.408652,0.590075,0.515185,1.29142,0.484962,0.286164,0.242066,0.00242591,0,0,0,0,0,-0.00959788,-0.00392219,0.172534,0.0293152,0.999572,0.997889,0.0078125,0.0090332,0.35134
485,1.00781,0.00182343,-0.0334473,0.216797,0.00180929,0.500722,0.405047,0.587584,0.509319,1.14445,0.562193,0.330336,0.0718347,0.00209343,0,0,0,0,0,-0.000674549,-0.000273224,0.0104601,0.0986314,0.995129,0.998238,0.0078125,0.00182343,0.371302
486,1,0.00570679,0.589844,1.71875,0.00570679,0.502277,0.403856,0.584375,0.504593,1.50109,0.570959,0.333654,0.449915,0.00283187,0,0,0,0,0,0.00881312,0.00355923,0.134565,0.031027,0.999519,0.998438,0,0.00570679,0.248174
487,1.00781,0.00460815,0.147461,0.792969,0.00457243,0.501824,0.406439,0.588545,0.511578,1.36379,0.590495,0.347533,0.165596,0.00227655,0,0,0,0,0,0.00576581,0.00234345,0.0851238,0.0598205,0.998209,0.998551,0.0078125,0.00460815,0.267735
488,1,0.00964355,-0.417969,0.542969,0.00964355,0.503847,0.405824,0.585737,0.507781,1.16426,0.580366,0.339942,0.567226,0.00306099,0,0,0,0,0,0.0161713,0.00656271,0.242913,0.0952436,0.99546,0.999044,0,0.00964355,0.398397
489,1.01562,0.0155029,0.390625,0.925781,0.0152644,0.506089,0.415019,0.59687,0.528495,1.48227,0.528761,0.315601,0.405981,0.00274606,0,0,0,0,0,-0.00385244,-0.00159884,0.0635161,0.0510007,0.998699,0.998422,0.015625,0.0155029,0.307233
490,1.03125,0.00595093,0.0512695,0.474609,0.0057706,0.502302,0.416509,0.602659,0.536678,1.23242,0.61768,0.37225,0.0744203,0.00209848,0,0,0,0,0,0.0194321,0.00809363,0.27426,0.0668935,0.99776,0.998587,0.03125,0.00595093,0.526253
491,1,0.00179291,-0.18457,1.07031,0.00179291,0.500715,0.401899,0.583024,0.50144,1.58793,0.514318,0.29986,0.178405,0.00230157,0,0,0,0,0,0.0153577,0.00617223,0.260316,0.0427613,0.999085,0.998719,0,0.00179291,0.327853
492,1.00781,0.0128784,-0.507812,0.550781,0.0127786,0.505098,0.410574,0.591408,0.518335,1.41633,0.509033,0.301046,0.684248,0.00328955,0,0,0,0,0,0.004178,0.00171538,0.0715532,0.0561173,0.998424,0.99854,0.0078125,0.0128784,0.313642
493,1.03906,0.0134888,-0.320312,0.710938,0.0129817,0.505179,0.423411,0.60982,0.551157,1.44678,0.671683,0.409606,0.37989,0.0026951,0,0,0,0,0,0.00598094,0.0025324,0.0776269,0.106601,0.994314,0.999251,0.0390625,0.0134888,0.439421
494,1.00781,-0.00411987,0.863281,0.6875,-0.00408794,0.498369,0.402075,0.58554,0.504522,1.44282,0.571579,0.334682,1.04116,0.00398663,0,0,0,0,0,0.00347539,0.00139737,0.0530071,0.0550255,0.998485,0.998603,0.0078125,-0.00411987,0.414361
495,1,0.00466919,0.679688,0.917969,0.00466919,0.501863,0.403337,0.584016,0.503756,1.54415,0.564276,0.329546,0.709407,0.00333869,0,0,0,0,0,0.0121886,0.00491611,0.188308,0.0431518,0.999069,0.99828,0,0.00466919,0.272067
496,1,0.00247192,-0.910156,0.648438,0.00247192,0.500986,0.402238,0.583258,0.501986,1.63206,0.517985,0.302119,1.13027,0.00416068,0,0,0,0,0,-0.00885095,-0.00356019,0.148963,0.025099,0.999686,0.998532,0,0.00247192,0.249228
497,1.02344,0.0125732,0.6875,0.84375,0.0122853,0.504901,0.416687,0.600402,0.534111,1.34728,0.609297,0.365823,0.748455,0.00341495,0,0,0,0,0,0.0257611,0.0107343,0.368588,0.0776664,0.996982,0.999047,0.0234375,0.0125732,0.4902
498,1.02344,0.017334,-0.294922,0.507812,0.016937,0.506757,0.419068,0.602057,0.53809,1.3516,0.584749,0.352052,0.413862,0.00276145,0,0,0,0,0,0.0160912,0.0067433,0.239897,0.125527,0.992113,0.99877,0.0234375,0.017334,0.398411
499,0.996094,-0.00296021,0.00637817,0.773438,-0.00297181,0.498814,0.397956,0.579113,0.493741,1.45385,0.508521,0.294491,0.00725243,0.00196729,0,0,0,0,0,0.000335091,0.000133351,0.00574461,0.0153229,0.999885,0.997535,-0.00390625,-0.00296021,0.172013
500,0.996094,-0.00136566,-0.417969,0.84375,-0.00137102,0.499453,0.398753,0.579661,0.495011,1.20448,0.568785,0.329703,0.455027,0.00284185,0,0,0,0,0,-0.000322116,-0.000128445,0.00493709,0.0190922,0.999819,0.998263,-0.00390625,-0.00136566,0.127488
501,1.00781,0.0126953,0.746094,0.664062,0.0125969,0.505025,0.410483,0.591345,0.518185,1.20268,0.547507,0.323766,0.915564,0.00374134,0,0,0,0,0,-0.0133715,-0.00548876,0.21291,0.0400503,0.999198,0.998313,0.0078125,0.0126953,0.166732
502,1.00781,0.00190735,0.0732422,0.402344,0.00189256,0.500755,0.405089,0.587613,0.509386,1.25937,0.66565,0.391145,0.115468,0.00217865,0,0,0,0,0,-0.00650898,-0.00263671,0.085246,0.0779347,0.996959,0.998098,0.0078125,0.00190735,0.323247
503,1.00781,0.0055542,0.5,1.02344,0.00551114,0.502199,0.406912,0.588872,0.512348,1.29389,0.572592,0.337183,0.494242,0.00291844,0,0,0,0,0,-0.00925847,-0.00376739,0.140962,0.0219653,0.999761,0.997837,0.0078125,0.0055542,0.11586
504,1,0.00482178,-1.35156,0.898438,0.00482178,0.501924,0.403413,0.584069,0.503879,1.4208,0.511315,0.298643,1.42591,0.00473811,0,0,0,0,0,0.00256719,0.00103564,0.04377,0.0508924,0.998704,0.998697,0,0.00482178,0.228317
505,1.00781,0.0158691,-1.29688,0.765625,0.0157461,0.506282,0.41207,0.592447,0.520795,1.35794,0.5491,0.325313,1.48214,0.00484794,0,0,0,0,0,-0.0157048,-0.00647146,0.249337,0.0331232,0.999452,0.998119,0.0078125,0.0158691,0.201675
506,1,0.0045166,0.164062,0.757812,0.0045166,0.501802,0.403261,0.583964,0.503633,1.45755,0.560163,0.327115,0.188464,0.00232122,0,0,0,0,0,-0.0157621,-0.00635625,0.245306,0.0301572,0.999547,0.997651,0,0.0045166,0.27859
507,0.996094,-0.00485229,-0.949219,0.839844,-0.00487132,0.498057,0.39701,0.578463,0.492237,1.48674,0.542836,0.314011,1.03578,0.00397613,0,0,0,0,0,0.00463276,0.00183925,0.0744008,0.0213751,0.999773,0.997798,-0.00390625,-0.00485229,0.131778
508,0.984375,-0.0133667,0.298828,0.777344,-0.0135789,0.494583,0.388053,0.568725,0.474034,1.58142,0.607202,0.345331,0.338934,0.00261511,0,0,0,0,0,-0.0019474,-0.000755696,0.0279595,0.0269727,0.999637,0.998423,-0.015625,-0.0133667,0.245958
509,1,-0.00125885,-0.259766,0.859375,-0.00125885,0.499498,0.400373,0.581973,0.498991,1.5623,0.564205,0.328352,0.280214,0.00250042,0,0,0,0,0,-0.00798134,-0.00319551,0.123323,0.0183306,0.999833,0.998253,0,-0.00125885,0.224453
510,1.01562,0.0187988,-1.25,0.988281,0.0185096,0.507384,0.416667,0.598017,0.531236,1.40017,0.549044,0.328338,1.25739,0.00440896,0,0,0,0,0,0.016458,0.00685753,0.261323,0.0655244,0.997851,0.998753,0.015625,0.0187988,0.474624
511,1.00781,0.0107422,1.32031,0.804688,0.0106589,0.504252,0.409506,0.590667,0.516583,1.52663,0.586561,0.346462,1.47185,0.00482783,0,0,0,0,0,-0.00644262,-0.00263829,0.0957539,0.04864,0.998816,0.998676,0.0078125,0.0107422,0.282144
