k,gamma,beta,running_mean,running_var,on_ratio,p_on,act_mean,act_std,act_second,pre_row_norm,final_col_norm,effective_contribution,mean_over_std,bn_input_rounding_noise,dead,mostly_off,flat,always_on,negative_gamma,mean_row_component,shared_contribution,column_shared_fraction,pre_row_rel_change,pre_row_cos_ref,pre_row_norm_ratio_ref,gamma_delta,beta_delta,final_col_rel_change
0,1.01562,0.0961914,-1.20312,0.480469,0.0947115,0.537728,0.455364,0.625595,0.598725,1.00809,0.535776,0.335179,1.73571,0.00534319,0,0,0,0,0,-0.0386785,-0.0176128,0.629352,0.378551,0.944874,0.754907,0.015625,0.0961914,0.823325
1,0.992188,-0.0344238,-0.53125,0.714844,-0.0346949,0.486162,0.380658,0.566143,0.465418,1.06432,0.552617,0.31286,0.628338,0.00318035,0,0,0,0,0,-0.00942095,-0.00358616,0.14862,0.560048,0.830678,0.770017,-0.0078125,-0.0344238,0.84084
2,0.988281,0.0140991,-0.108887,0.6875,0.0142663,0.505691,0.403353,0.580458,0.499624,1.17891,0.433503,0.25163,0.131322,0.00220961,0,0,0,0,0,-0.0263339,-0.0106219,0.529579,0.323719,0.970936,0.752966,-0.0117188,0.0140991,0.814937
3,0.988281,0.0349121,-0.351562,0.589844,0.0353261,0.51409,0.413759,0.587737,0.516631,1.02475,0.524606,0.30833,0.457756,0.00284718,0,0,0,0,0,-0.030487,-0.0126143,0.506627,0.312677,0.975934,0.751849,-0.0117188,0.0349121,0.780456
4,1.03125,-0.0961914,-0.455078,0.605469,-0.0932765,0.462842,0.365438,0.568562,0.456808,1.19214,0.850361,0.483483,0.584844,0.0030954,0,0,0,0,0,-0.00511062,-0.00186761,0.0523934,0.445774,0.898219,0.823975,0.03125,-0.0961914,1.03221
5,1.09375,0.0145264,-0.382812,0.546875,0.0132812,0.505298,0.44586,0.642029,0.610992,1.09127,0.831583,0.533901,0.517657,0.00296417,0,0,0,0,0,-0.00362346,-0.00161555,0.0379861,0.389948,0.93423,0.776606,0.09375,0.0145264,1.29695
6,1.03125,-0.0175781,0.416016,0.578125,-0.0170455,0.4932,0.404745,0.594589,0.517354,1.07553,0.612548,0.364214,0.54714,0.00302176,0,0,0,0,0,-0.0199891,-0.00809049,0.284486,0.496411,0.873635,0.775344,0.03125,-0.0175781,0.98896
7,1.0625,-0.00860596,-0.0927734,0.417969,-0.00809972,0.496769,0.421762,0.615852,0.557157,1.00231,0.854004,0.52594,0.1435,0.0022334,0,0,0,0,0,0.00479806,0.00202364,0.0489793,0.371789,0.936636,0.81208,0.0625,-0.00860596,1.08635
8,0.882812,-0.0456543,0.210938,0.800781,-0.0517146,0.479378,0.331183,0.498713,0.358397,1.14278,0.828982,0.413424,0.23572,0.00241352,0,0,0,0,0,0.018596,0.00615869,0.195561,0.336668,0.957888,0.782119,-0.117188,-0.0456543,1.21888
9,0.957031,-0.106934,-0.478516,0.414062,-0.111735,0.455517,0.330305,0.52201,0.381596,1.14297,0.72008,0.375889,0.743641,0.00340555,0,0,0,0,0,0.00546711,0.00180581,0.0661887,0.38149,0.940743,0.766008,-0.0429688,-0.106934,1.07836
10,0.996094,0.045166,-0.333984,0.613281,0.0453431,0.518083,0.422019,0.595905,0.533203,1.17742,0.73285,0.436709,0.426478,0.00278609,0,0,0,0,0,-0.019889,-0.00839355,0.236595,0.381732,0.939669,0.770267,-0.00390625,0.045166,1.40245
11,1.00781,-0.00491333,-0.6875,0.578125,-0.00487524,0.498055,0.401679,0.585268,0.503884,1.27693,0.786358,0.46023,0.904194,0.00371913,0,0,0,0,0,0.00473256,0.00190097,0.0524665,0.32928,0.96607,0.761826,0.0078125,-0.00491333,1.15038
12,1,0.00436401,-1.34375,0.451172,0.00436401,0.501741,0.403184,0.583911,0.503509,0.949452,0.506299,0.295633,2.00054,0.00586043,0,0,0,0,0,-0.00048276,-0.000194641,0.0083125,0.357357,0.954096,0.759151,0,0.00436401,0.860001
13,0.859375,-0.146484,1.39062,0.730469,-0.170455,0.432326,0.271369,0.4532,0.279031,1.05169,0.72336,0.327826,1.62708,0.00513102,0,0,0,0,0,0.0351097,0.0095277,0.423136,0.342443,0.95648,0.777256,-0.140625,-0.146484,1.09865
14,1.11719,0.21582,-1.13281,0.730469,0.193182,0.576592,0.558688,0.727076,0.840772,0.942967,0.651659,0.473806,1.32543,0.00454186,0,0,0,0,0,-0.0485892,-0.0271462,0.650019,0.272892,0.992079,0.749817,0.117188,0.21582,0.820677
15,1.08594,0.0181885,-0.0132446,0.65625,0.0167491,0.506682,0.444558,0.638753,0.605636,1.00724,0.585229,0.373816,0.0163495,0.00198506,0,0,0,0,0,-0.00942795,-0.00419127,0.140442,0.406241,0.92955,0.758978,0.0859375,0.0181885,1.15082
16,1.125,0.175781,0.154297,0.535156,0.15625,0.562082,0.539018,0.718555,0.806862,0.947783,0.659235,0.473696,0.21092,0.00236508,0,0,0,0,0,-0.0474171,-0.0255587,0.627049,0.286195,0.983932,0.760257,0.125,0.175781,1.03755
17,1.01562,0.0544434,-0.503906,0.734375,0.0536058,0.521375,0.43449,0.610568,0.561575,1.11142,0.615169,0.375603,0.588018,0.0031016,0,0,0,0,0,-0.023356,-0.010148,0.330987,0.34547,0.960851,0.754491,0.015625,0.0544434,0.797118
18,0.949219,-0.000701904,-0.275391,0.574219,-0.000739455,0.499705,0.380288,0.552589,0.449974,1.07038,0.714591,0.394875,0.363421,0.00266293,0,0,0,0,0,0.00909263,0.00345782,0.110927,0.37142,0.94308,0.777693,-0.0507812,-0.000701904,1.06953
19,0.996094,-0.178711,-0.441406,0.396484,-0.179412,0.428807,0.310675,0.522285,0.3693,1.12562,0.869473,0.454113,0.701012,0.00332229,0,0,0,0,0,0.0310993,0.00966178,0.311818,0.399258,0.927236,0.788768,-0.00390625,-0.178711,1.17653
20,0.96875,-0.114746,0.111816,0.660156,-0.118448,0.452857,0.331098,0.52635,0.386671,1.1414,0.775192,0.408023,0.13762,0.00222191,0,0,0,0,0,0.0119884,0.00396933,0.134821,0.361949,0.947037,0.780046,-0.03125,-0.114746,1.3165
21,1.00781,-0.0187988,0.398438,0.800781,-0.0186531,0.492559,0.394736,0.580525,0.492825,1.05845,0.755619,0.438655,0.445249,0.00282275,0,0,0,0,0,-0.0179579,-0.00708864,0.207186,0.343552,0.952609,0.792946,0.0078125,-0.0187988,1.28439
22,1.01562,-0.107422,-0.753906,0.369141,-0.105769,0.457883,0.353557,0.555891,0.434018,1.02819,0.825396,0.458831,1.24086,0.00437667,0,0,0,0,0,0.0221958,0.00784749,0.234431,0.422844,0.91055,0.821675,0.015625,-0.107422,1.18348
23,0.800781,-0.0184326,0.117676,0.660156,-0.0230183,0.490818,0.311899,0.460083,0.308957,1.06636,0.740352,0.340623,0.144832,0.002236,0,0,0,0,0,0.0144056,0.00449308,0.169628,0.333688,0.958472,0.785221,-0.199219,-0.0184326,0.856426
24,1.08594,0.119141,-1.07031,0.388672,0.109712,0.543681,0.495034,0.674857,0.70049,0.96261,0.703692,0.474891,1.7168,0.00530624,0,0,0,0,0,-0.0342567,-0.0169582,0.424395,0.382798,0.939935,0.766695,0.0859375,0.119141,1.22142
25,0.894531,-0.026123,0.839844,0.511719,-0.0292031,0.488351,0.345648,0.512075,0.381693,1.08258,0.536853,0.274909,1.17404,0.00424617,0,0,0,0,0,-0.0177519,-0.00613589,0.288268,0.32488,0.968134,0.761179,-0.105469,-0.026123,1.04101
26,1.04688,-0.0466309,-0.0957031,0.482422,-0.0445429,0.482236,0.396484,0.593894,0.50991,1.08198,0.707518,0.420191,0.137788,0.00222224,0,0,0,0,0,0.00496538,0.00196869,0.0611817,0.335572,0.961353,0.7695,0.046875,-0.0466309,1.01568
27,1.03125,-0.0415039,1.55469,0.451172,-0.0402462,0.483948,0.392782,0.586511,0.498273,1.10355,0.676364,0.396695,2.31458,0.00647379,0,0,0,0,0,0.00712375,0.00279808,0.0918194,0.348768,0.956612,0.764918,0.03125,-0.0415039,0.936472
28,0.964844,0.0039978,-1.04688,0.910156,0.00414347,0.501653,0.388904,0.563309,0.468563,1.06559,0.619104,0.348747,1.09733,0.00409635,0,0,0,0,0,-0.027139,-0.0105544,0.382152,0.367098,0.947468,0.767309,-0.0351562,0.0039978,1.1607
29,1.07031,0.00933838,-0.314453,0.443359,0.00872491,0.503481,0.433867,0.626581,0.580844,1.04067,0.717199,0.449383,0.472257,0.0028755,0,0,0,0,0,-0.018637,-0.00808598,0.226539,0.472895,0.888636,0.773293,0.0703125,0.00933838,1.28639
30,0.949219,0.0168457,-0.171875,0.433594,0.0177469,0.50708,0.389062,0.558664,0.463474,0.904999,0.661315,0.369453,0.261018,0.00246293,0,0,0,0,0,-0.0140439,-0.00546395,0.185134,0.417422,0.914582,0.811137,-0.0507812,0.0168457,0.897864
31,0.980469,-0.0239258,0.835938,0.566406,-0.0244024,0.490266,0.381207,0.562861,0.462132,1.06447,0.683438,0.384681,1.11073,0.00412253,0,0,0,0,0,0.00678514,0.00258655,0.0865499,0.364783,0.947144,0.773512,-0.0195312,-0.0239258,1.03579
32,1.01562,0.036377,-0.738281,0.652344,0.0358173,0.514286,0.425457,0.604174,0.546039,0.981382,0.519027,0.313582,0.914079,0.00373843,0,0,0,0,0,-0.0250761,-0.0106688,0.421188,0.33658,0.962239,0.764274,0.015625,0.036377,0.819953
33,1,0.0454102,-0.337891,0.570312,0.0454102,0.51811,0.423707,0.598266,0.53745,1.03243,0.586469,0.350865,0.447424,0.002827,0,0,0,0,0,-0.0301132,-0.0127592,0.447629,0.377693,0.941587,0.770595,0,0.0454102,0.853331
34,0.964844,-0.0791016,0.84375,0.765625,-0.0819838,0.46733,0.347354,0.535468,0.407381,1.17,0.815423,0.436633,0.964286,0.0038365,0,0,0,0,0,-0.00481657,-0.00167305,0.0514946,0.34198,0.958196,0.770873,-0.0351562,-0.0791016,0.972507
35,0.988281,-0.0771484,0.589844,0.660156,-0.0780632,0.468889,0.357729,0.549734,0.430178,1.15146,0.791892,0.43533,0.725962,0.00337102,0,0,0,0,0,0.00384471,0.00137536,0.0423257,0.392347,0.932432,0.779574,-0.0117188,-0.0771484,1.21126
36,1.03125,-0.0537109,0.910156,0.542969,-0.0520833,0.479231,0.386678,0.582442,0.488758,1.13959,0.634238,0.369406,1.23518,0.00436558,0,0,0,0,0,-0.00981251,-0.00379428,0.134876,0.367567,0.948539,0.761908,0.03125,-0.0537109,0.947048
37,1.07031,0.0737305,1.00781,1.125,0.0688869,0.52746,0.466063,0.64929,0.638792,1.11119,0.572184,0.371513,0.950175,0.00380894,0,0,0,0,0,-0.0406729,-0.0189561,0.619693,0.291253,0.984301,0.752617,0.0703125,0.0737305,0.737412
38,1,-0.207031,0.0336914,0.515625,-0.207031,0.417993,0.301883,0.513923,0.35525,1.13226,0.920468,0.47305,0.0469194,0.00204476,0,0,0,0,0,0.0459388,0.0138681,0.435088,0.420308,0.913201,0.810267,0,-0.207031,1.53023
39,1.13281,0.245117,-0.597656,1.96875,0.216379,0.585654,0.583256,0.744635,0.894669,1.11397,0.667337,0.496922,0.425948,0.00278505,0,0,0,0,0,-0.0536366,-0.0312838,0.700685,0.265764,0.994011,0.751754,0.132812,0.245117,0.891316
40,1,-0.0771484,-0.328125,0.376953,-0.0771484,0.469253,0.362428,0.55655,0.441103,1.07075,0.723424,0.402622,0.534436,0.00299695,0,0,0,0,0,0.00390705,0.00141603,0.0470829,0.401768,0.92818,0.776734,0,-0.0771484,1.08744
41,1.03906,0.0712891,-0.219727,0.433594,0.068609,0.52735,0.452311,0.630229,0.601774,1.07845,0.645699,0.406938,0.333688,0.00260486,0,0,0,0,0,-0.0106283,-0.00480732,0.143497,0.359237,0.948615,0.77855,0.0390625,0.0712891,0.988934
42,0.972656,0.0893555,0.384766,1.22656,0.0918675,0.536598,0.434715,0.598121,0.546726,1.02979,0.677585,0.405278,0.347417,0.00263167,0,0,0,0,0,-0.0358134,-0.0155686,0.460774,0.327603,0.966923,0.761341,-0.0273438,0.0893555,1.05706
43,0.972656,-0.0563965,-0.285156,0.462891,-0.0579819,0.476882,0.361839,0.547448,0.430627,0.912432,0.644917,0.353058,0.419125,0.00277173,0,0,0,0,0,-0.00553623,-0.00200323,0.0748372,0.388375,0.933735,0.783084,-0.0273438,-0.0563965,1.09807
44,0.957031,-0.129883,-0.585938,0.839844,-0.135714,0.446024,0.31883,0.514826,0.366698,1.1916,0.786333,0.404825,0.63937,0.00320189,0,0,0,0,0,0.0240687,0.00767384,0.266841,0.340333,0.9575,0.776855,-0.0429688,-0.129883,1.02358
45,0.980469,-0.147461,0.660156,0.351562,-0.150398,0.440225,0.31944,0.523006,0.375577,1.02322,0.781557,0.408759,1.11339,0.00412771,0,0,0,0,0,0.0266412,0.00851027,0.297167,0.401438,0.928056,0.778257,-0.0195312,-0.147461,1.16458
46,1.03125,-0.0274658,0.12207,0.464844,-0.0266335,0.489376,0.399801,0.591235,0.509399,1.12965,0.878426,0.519356,0.179043,0.00230282,0,0,0,0,0,-0.0109335,-0.00437123,0.108508,0.409278,0.920753,0.797081,0.03125,-0.0274658,1.38964
47,1.01562,-0.158203,-0.542969,0.380859,-0.155769,0.438107,0.328166,0.540098,0.399399,1.07383,0.872569,0.471273,0.879817,0.00367152,0,0,0,0,0,0.0341015,0.011191,0.340706,0.435451,0.904239,0.819003,0.015625,-0.158203,1.3493
48,1.00781,-0.133789,0.462891,0.445312,-0.132752,0.447195,0.337241,0.543069,0.408655,1.05443,0.717356,0.389574,0.693659,0.00330793,0,0,0,0,0,0.0267125,0.00900855,0.324629,0.388395,0.934292,0.780174,0.0078125,-0.133789,1.24303
49,1.39062,0.238281,0.332031,0.753906,0.171348,0.568025,0.676785,0.896115,1.26106,1.06868,1.01397,0.908636,0.382402,0.0027,0,0,0,0,0,-0.0512445,-0.0346815,0.440583,0.671149,0.741645,0.76351,0.390625,0.238281,1.74812
50,1.03125,-0.0568848,-0.0703125,0.855469,-0.055161,0.478005,0.385091,0.581389,0.486309,1.20659,0.58163,0.338154,0.0760205,0.0021016,0,0,0,0,0,-0.0103395,-0.00398167,0.154975,0.31454,0.97406,0.755591,0.03125,-0.0568848,0.940236
51,0.984375,-0.15918,-0.261719,0.400391,-0.161706,0.435769,0.315147,0.521709,0.371498,1.02163,0.720284,0.375779,0.413612,0.00276096,0,0,0,0,0,0.0263931,0.0083177,0.319443,0.500152,0.86892,0.796986,-0.015625,-0.15918,1.19967
52,1.02344,0.022583,-0.081543,0.601562,0.0220658,0.508802,0.421692,0.603886,0.542503,1.01227,0.748851,0.452221,0.105135,0.00215847,0,0,0,0,0,-0.0382372,-0.0161243,0.445141,0.379682,0.940762,0.769904,0.0234375,0.022583,0.985609
53,1.125,0.0737305,-0.679688,0.882812,0.0655382,0.526127,0.487993,0.681115,0.702054,1.06086,0.656486,0.447143,0.723394,0.003366,0,0,0,0,0,-0.0409452,-0.0199809,0.54373,0.339865,0.964126,0.751884,0.125,0.0737305,0.867352
54,1.14062,0.0303955,-0.738281,0.408203,0.0266481,0.51063,0.472591,0.674861,0.67878,1.05475,0.780246,0.526557,1.15554,0.00421003,0,0,0,0,0,-0.0229293,-0.0108362,0.256193,0.414033,0.923403,0.768174,0.140625,0.0303955,1.22503
55,1.03125,0.101074,0.300781,1.09375,0.0980114,0.539038,0.464071,0.636459,0.620441,1.19817,0.559858,0.356326,0.287602,0.00251485,0,0,0,0,0,-0.0326244,-0.01514,0.508009,0.288541,0.985475,0.752199,0.03125,0.101074,0.790379
56,0.9375,-0.0224609,0.9375,0.507812,-0.0239583,0.490443,0.364709,0.538335,0.422817,1.12703,0.499691,0.269001,1.31559,0.00452263,0,0,0,0,0,0.00329118,0.00120032,0.0574191,0.329108,0.967653,0.756315,-0.0625,-0.0224609,0.800304
57,0.921875,0.0546875,0.453125,0.507812,0.059322,0.523652,0.397018,0.556086,0.466855,1.05273,0.473805,0.263477,0.635867,0.00319505,0,0,0,0,0,-0.0238992,-0.00948839,0.439733,0.411207,0.926546,0.760479,-0.078125,0.0546875,0.831684
58,0.894531,-0.00418091,-0.0108643,0.578125,-0.00467385,0.498135,0.356619,0.519544,0.397102,1.10155,0.807236,0.419394,0.0142886,0.00198103,0,0,0,0,0,-0.00209467,-0.000746999,0.0226215,0.419831,0.915716,0.794085,-0.105469,-0.00418091,0.997414
59,0.972656,0.0270996,0.949219,0.574219,0.0278614,0.511114,0.403587,0.575894,0.494537,1.19255,0.486946,0.280429,1.25264,0.0043997,0,0,0,0,0,-0.0224891,-0.00907633,0.402623,0.344356,0.961107,0.755419,-0.0273438,0.0270996,0.866266
60,1.03906,-0.0189209,-0.170898,0.484375,-0.0182096,0.492736,0.407206,0.598682,0.524237,1.13993,0.747422,0.447468,0.245554,0.00243272,0,0,0,0,0,-0.0150456,-0.00612665,0.175489,0.344861,0.955771,0.775697,0.0390625,-0.0189209,1.23928
61,1.01562,-0.0986328,0.0996094,0.498047,-0.0971154,0.461317,0.357952,0.558697,0.440271,1.05011,0.668226,0.373335,0.141145,0.0022288,0,0,0,0,0,0.0103517,0.0037054,0.13505,0.356639,0.95232,0.767648,0.015625,-0.0986328,1.14274
62,0.9375,-0.0673828,0.527344,0.707031,-0.071875,0.471351,0.342248,0.523379,0.39106,1.21142,0.741348,0.388006,0.627154,0.00317804,0,0,0,0,0,-0.00250244,-0.000856456,0.0294272,0.3322,0.9577,0.79173,-0.0625,-0.0673828,1.25105
63,1.07031,-0.0247803,0.523438,0.46875,-0.0231524,0.490764,0.416808,0.614891,0.55182,1.16366,0.854253,0.525273,0.764529,0.00344635,0,0,0,0,0,-0.0204602,-0.00852799,0.2088,0.437838,0.903278,0.816021,0.0703125,-0.0247803,1.06674
64,1.03125,0.0356445,-0.808594,0.566406,0.0345644,0.513786,0.431356,0.613014,0.561854,0.992644,0.643196,0.394288,1.0744,0.00405156,0,0,0,0,0,-0.0284863,-0.0122877,0.386099,0.367023,0.949872,0.757617,0.03125,0.0356445,1.00222
65,0.964844,-0.0358887,-0.769531,0.972656,-0.0371964,0.485164,0.36896,0.54973,0.438335,1.19713,0.612575,0.336751,0.780273,0.0034771,0,0,0,0,0,-0.00449411,-0.00165815,0.0639575,0.317301,0.971636,0.760079,-0.0351562,-0.0358887,0.964921
66,0.859375,-0.100586,-0.6875,0.675781,-0.117045,0.453412,0.294318,0.467303,0.304995,1.16412,0.787272,0.367895,0.836315,0.00358655,0,0,0,0,0,0.0196758,0.00579094,0.217878,0.323457,0.965426,0.773926,-0.140625,-0.100586,1.41472
67,1.01562,-0.0957031,-0.169922,0.5,-0.0942308,0.462463,0.359416,0.559636,0.442373,0.946133,0.745219,0.417051,0.240306,0.00242247,0,0,0,0,0,0.0131998,0.00474422,0.154415,0.339384,0.954315,0.793385,0.015625,-0.0957031,1.47608
68,0.980469,0.0133667,-0.19043,0.738281,0.013633,0.505439,0.399854,0.575653,0.49126,1.07075,0.475266,0.273588,0.221628,0.00238599,0,0,0,0,0,-0.0205722,-0.00822588,0.377356,0.302657,0.979118,0.754902,-0.0195312,0.0133667,0.85827
69,1.01562,0.0554199,-0.957031,0.644531,0.0545673,0.521758,0.434978,0.610916,0.562424,1.14039,0.490953,0.299931,1.19208,0.0042814,0,0,0,0,0,-0.0266781,-0.0116044,0.473721,0.280726,0.988876,0.750796,0.015625,0.0554199,0.698972
70,1.03125,0.0422363,-0.542969,0.408203,0.0409564,0.516335,0.434652,0.615338,0.567563,1.08815,0.774222,0.476408,0.849839,0.00361297,0,0,0,0,0,-0.0192471,-0.00836579,0.216724,0.374176,0.941823,0.77739,0.03125,0.0422363,1.25002
71,2.26562,0.486328,-0.585938,0.466797,0.214655,0.584982,1.16402,1.48816,3.56957,1.20185,2.07974,3.09499,0.857605,0.00362813,0,0,0,0,0,-0.0683839,-0.0796003,0.286649,0.889737,0.524653,0.783291,1.26562,0.486328,3.43509
72,1.04688,0.0622559,0.400391,0.675781,0.0594683,0.52371,0.450927,0.631543,0.602181,1.1072,0.540131,0.341116,0.487058,0.00290441,0,0,0,0,0,-0.0358264,-0.0161551,0.578244,0.329027,0.968032,0.75509,0.046875,0.0622559,0.856507
73,0.992188,0.000709534,-0.241211,0.515625,0.000715121,0.500285,0.398224,0.578101,0.492783,1.06209,0.763365,0.441302,0.335915,0.00260921,0,0,0,0,0,-0.0248453,-0.00989399,0.283739,0.404008,0.924884,0.788381,-0.0078125,0.000709534,1.26184
74,1.03125,0.0522461,-0.0610352,0.566406,0.0506629,0.520203,0.439657,0.618883,0.576314,1.13428,0.7912,0.48966,0.0810991,0.00211152,0,0,0,0,0,-0.0289577,-0.0127314,0.319069,0.347463,0.955321,0.77265,0.03125,0.0522461,1.33964
75,1.14844,0.174805,-0.125977,1.00781,0.152211,0.56049,0.547928,0.731786,0.835737,1.14584,0.657603,0.481225,0.125487,0.00219822,0,0,0,0,0,-0.0471824,-0.0258526,0.625493,0.302717,0.979991,0.75191,0.148438,0.174805,1.10194
76,0.890625,0.000671387,0.160156,0.443359,0.000753838,0.500301,0.357478,0.518937,0.397086,1.04327,0.656154,0.340502,0.240528,0.00242291,0,0,0,0,0,-0.00675523,-0.00241485,0.0897513,0.354028,0.95018,0.782316,-0.109375,0.000671387,1.08418
77,0.921875,0.109863,0.644531,1.07812,0.119174,0.547431,0.424606,0.576107,0.512189,1.18319,0.602295,0.346986,0.62074,0.00316551,0,0,0,0,0,-0.020733,-0.00880336,0.300096,0.334821,0.963732,0.761532,-0.078125,0.109863,0.966901
78,0.90625,0.136719,0.259766,0.773438,0.150862,0.559958,0.431768,0.577007,0.51936,1.10085,0.562105,0.324339,0.295372,0.00253002,0,0,0,0,0,-0.034448,-0.0148735,0.53426,0.343752,0.959101,0.764063,-0.09375,0.136719,1.02086
79,1.03125,0.00357056,0.100586,1.10156,0.00346236,0.501381,0.415319,0.601837,0.534698,1.18193,0.746197,0.449089,0.0958369,0.00214031,0,0,0,0,0,-0.0236508,-0.00982263,0.276312,0.318488,0.969992,0.764276,0.03125,0.00357056,1.08578
80,1.03125,0.0883789,-0.0212402,0.378906,0.0857008,0.534148,0.457723,0.631845,0.608739,1.05764,0.542074,0.342507,0.0345059,0.00202052,0,0,0,0,0,-0.0359944,-0.0164755,0.578872,0.339341,0.963494,0.754993,0.03125,0.0883789,0.731614
81,1.125,0.0834961,0.00521851,0.542969,0.0742188,0.529582,0.492876,0.684622,0.711633,1.04424,0.745643,0.510483,0.00708205,0.00196696,0,0,0,0,0,-0.0406381,-0.0200295,0.475127,0.426158,0.917164,0.766169,0.125,0.0834961,1.21555
82,0.996094,0.0236816,0.179688,0.527344,0.0237745,0.509484,0.411277,0.588347,0.5153,1.14168,0.431529,0.253889,0.247441,0.00243641,0,0,0,0,0,-0.0177094,-0.00728346,0.357767,0.309977,0.976942,0.752217,-0.00390625,0.0236816,0.791971
83,1.07812,-0.00479126,-0.0888672,0.710938,-0.00444407,0.498227,0.429935,0.62626,0.577045,1.11746,0.739082,0.462857,0.105396,0.00215898,0,0,0,0,0,-0.0260684,-0.0112077,0.307489,0.391453,0.930996,0.789615,0.078125,-0.00479126,1.06688
84,1.05469,0.11084,1.27344,0.59375,0.105093,0.541849,0.478352,0.653652,0.656081,0.977245,0.630684,0.412248,1.65263,0.00518092,0,0,0,0,0,-0.0423049,-0.0202367,0.584771,0.35273,0.953338,0.770934,0.0546875,0.11084,1.07047
85,0.921875,-0.020874,0.494141,0.496094,-0.022643,0.490968,0.359237,0.529774,0.409711,0.996674,0.77664,0.411443,0.701566,0.00332337,0,0,0,0,0,0.00694383,0.00249448,0.0779446,0.373415,0.93655,0.807848,-0.078125,-0.020874,1.14973
86,1.11719,0.0986328,-0.1875,0.361328,0.0882867,0.535176,0.497311,0.685546,0.717292,0.977558,0.675373,0.463,0.311925,0.00256235,0,0,0,0,0,-0.0454359,-0.0225958,0.586491,0.484153,0.881223,0.77654,0.117188,0.0986328,1.00012
87,0.933594,-0.0688477,0.523438,0.519531,-0.0737448,0.470607,0.339949,0.520628,0.386619,1.17573,0.755512,0.393341,0.726205,0.00337149,0,0,0,0,0,0.00246352,0.000837471,0.0284264,0.349522,0.954361,0.772781,-0.0664062,-0.0688477,1.21847
88,0.941406,-0.0649414,0.945312,0.714844,-0.0689834,0.472501,0.345035,0.526451,0.3962,1.15063,0.715799,0.376833,1.11807,0.00413686,0,0,0,0,0,-0.0114618,-0.00395471,0.139594,0.513591,0.862468,0.775134,-0.0585938,-0.0649414,1.37112
89,0.9375,0.010437,0.566406,1.25,0.0111328,0.504441,0.381158,0.549612,0.447355,1.07265,0.667165,0.366682,0.506609,0.0029426,0,0,0,0,0,-0.012552,-0.00478428,0.164016,0.333208,0.96384,0.763802,-0.0625,0.010437,0.888256
90,1.09375,0.126953,-0.996094,1.30469,0.116071,0.546202,0.502073,0.682267,0.717565,1.12937,0.575127,0.39239,0.872061,0.00365637,0,0,0,0,0,-0.0467333,-0.0234635,0.708386,0.260137,0.996558,0.749983,0.09375,0.126953,0.759165
91,0.949219,0.0233154,0.871094,0.765625,0.0245628,0.509798,0.392297,0.560921,0.468529,1.10282,0.53751,0.301501,0.995536,0.00389753,0,0,0,0,0,-0.0257032,-0.0100833,0.416876,0.278531,0.988308,0.755217,-0.0507812,0.0233154,0.779534
92,0.878906,-0.0186768,-0.53125,0.917969,-0.02125,0.491523,0.343105,0.505496,0.373248,1.04805,0.668034,0.337689,0.554479,0.00303609,0,0,0,0,0,-0.00487433,-0.00167241,0.0636097,0.348878,0.956077,0.76687,-0.121094,-0.0186768,0.949874
93,1.03125,0.0776367,-0.625,0.8125,0.0752841,0.530006,0.452352,0.627965,0.598963,1.08201,0.501708,0.315055,0.693375,0.00330737,0,0,0,0,0,-0.0399467,-0.01807,0.694124,0.284434,0.987008,0.7523,0.03125,0.0776367,0.837046
94,0.992188,-0.141602,0.0233154,0.515625,-0.142717,0.443257,0.327069,0.531594,0.389566,1.08224,0.775871,0.412448,0.0324696,0.00201654,0,0,0,0,0,0.0261452,0.00855129,0.293772,0.383433,0.934888,0.789848,-0.0078125,-0.141602,1.21203
95,0.976562,0.0306396,-0.306641,0.476562,0.031375,0.512515,0.406924,0.579411,0.501304,1.00351,0.756668,0.438422,0.444191,0.00282069,0,0,0,0,0,-0.00897312,-0.00365138,0.103382,0.397534,0.927607,0.791635,-0.0234375,0.0306396,0.860063
96,1.0625,-0.078125,0.960938,0.46875,-0.0735294,0.470692,0.387003,0.592589,0.500932,1.11458,0.675445,0.400261,1.40354,0.00469441,0,0,0,0,0,0.0155599,0.00602174,0.200828,0.351925,0.956931,0.758014,0.0625,-0.078125,1.07862
97,0.957031,0.0615234,0.75,0.382812,0.0642857,0.525629,0.414534,0.578991,0.507069,1.0899,0.54814,0.317368,1.21218,0.00432067,0,0,0,0,0,-0.0182945,-0.00758369,0.290962,0.348592,0.956883,0.764162,-0.0429688,0.0615234,0.864215
98,1.02344,-0.00817871,0.589844,0.472656,-0.00799141,0.496812,0.406312,0.593248,0.517033,1.08829,0.66837,0.396509,0.857955,0.00362882,0,0,0,0,0,-0.0197097,-0.00800829,0.257082,0.379514,0.939146,0.777822,0.0234375,-0.00817871,0.973014
99,1.03906,0.0336914,0.135742,0.703125,0.0324248,0.512933,0.433512,0.616876,0.568469,1.14512,0.526733,0.324929,0.161882,0.0022693,0,0,0,0,0,-0.0316079,-0.0137024,0.523132,0.408869,0.925342,0.77227,0.0390625,0.0336914,0.964454
100,1.10938,0.134766,-2.1875,0.945312,0.121479,0.548344,0.512245,0.694224,0.744342,1.09774,0.61321,0.425705,2.24989,0.00634743,0,0,0,0,0,-0.0466673,-0.0239051,0.663453,0.302359,0.980215,0.751651,0.109375,0.134766,0.810633
101,0.957031,-0.176758,0.976562,0.539062,-0.184694,0.426735,0.296659,0.499888,0.337895,1.06664,0.89643,0.448115,1.33009,0.00455095,0,0,0,0,0,0.0308018,0.00913764,0.299548,0.365546,0.944705,0.783177,-0.0429688,-0.176758,1.27275
102,0.988281,-0.0322266,1.20312,0.464844,-0.0326087,0.486993,0.38019,0.564608,0.463326,1.09883,0.721314,0.407259,1.76464,0.0053997,0,0,0,0,0,0.00370357,0.00140806,0.0447613,0.427978,0.915246,0.770887,-0.0117188,-0.0322266,0.979581
103,0.976562,-0.0339355,0.835938,0.488281,-0.03475,0.48614,0.374636,0.557209,0.450834,0.960184,0.584685,0.325792,1.1963,0.00428964,0,0,0,0,0,-0.00485772,-0.00181988,0.0724297,0.424462,0.916808,0.772918,-0.0234375,-0.0339355,0.752861
104,1.03906,0.101074,0.0244141,0.710938,0.0972744,0.538746,0.467204,0.641001,0.629162,1.14224,0.496511,0.318264,0.0289551,0.00200968,0,0,0,0,0,-0.0382343,-0.0178632,0.671322,0.297771,0.981947,0.751974,0.0390625,0.101074,0.758514
105,1.05469,0.0239258,-0.443359,0.882812,0.0226852,0.509049,0.434895,0.622554,0.576707,0.988263,0.603862,0.375937,0.471869,0.00287474,0,0,0,0,0,-0.0199498,-0.00867605,0.28801,0.318429,0.971335,0.759464,0.0546875,0.0239258,0.883142
106,0.960938,0.0390625,-0.511719,0.738281,0.0406504,0.516213,0.404869,0.573279,0.492568,1.15628,0.714875,0.409823,0.595553,0.00311631,0,0,0,0,0,-0.0309917,-0.0125476,0.37794,0.357175,0.950665,0.773641,-0.0390625,0.0390625,0.898771
107,1.09375,-0.0732422,-0.671875,0.367188,-0.0669643,0.473305,0.401975,0.612368,0.536579,1.1292,0.714771,0.437703,1.10878,0.00411871,0,0,0,0,0,0.00572077,0.00229961,0.0697741,0.345835,0.958283,0.763581,0.09375,-0.0732422,1.48724
108,1,0.0668945,0.65625,0.707031,0.0668945,0.526667,0.43445,0.605921,0.555887,1.17925,0.57303,0.347211,0.780459,0.00347746,0,0,0,0,0,-0.0321548,-0.0139696,0.489187,0.367266,0.951109,0.752381,0,0.0668945,0.86391
109,0.9375,0.0201416,0.882812,0.492188,0.0214844,0.50857,0.386011,0.552988,0.4548,1.01366,0.719751,0.398014,1.25836,0.00441085,0,0,0,0,0,-0.0236359,-0.00912369,0.286283,0.387225,0.930685,0.803731,-0.0625,0.0201416,1.04118
110,0.980469,0.171875,-1.04688,1.67969,0.175299,0.569578,0.479138,0.633253,0.630582,1.27957,0.689771,0.436799,0.807757,0.00353077,0,0,0,0,0,-0.0287018,-0.0137521,0.362753,0.3726,0.943026,0.775309,-0.0195312,0.171875,1.03351
111,0.878906,0.00118256,0.761719,0.441406,0.00134549,0.500537,0.353035,0.512288,0.387072,1.02153,0.562635,0.288231,1.1465,0.00419239,0,0,0,0,0,-0.0181954,-0.00642361,0.281931,0.340769,0.959371,0.768279,-0.121094,0.00118256,0.885592
112,1.04688,0.114258,-0.194336,0.4375,0.109142,0.543455,0.476928,0.650362,0.650432,0.945521,0.557232,0.362403,0.293808,0.00252697,0,0,0,0,0,-0.0356041,-0.0169806,0.557019,0.343434,0.961936,0.753928,0.046875,0.114258,0.785763
113,1.03125,0.0644531,0.933594,0.890625,0.0625,0.524918,0.44576,0.623234,0.587122,1.07086,0.707889,0.44118,0.98926,0.00388527,0,0,0,0,0,-0.0232388,-0.0103589,0.286191,0.411775,0.921561,0.784329,0.03125,0.0644531,0.975691
114,1.07031,0.0678711,0.613281,0.5625,0.0634124,0.525281,0.463133,0.64719,0.633348,1.11621,0.628556,0.406795,0.817708,0.00355021,0,0,0,0,0,-0.0406424,-0.0188228,0.563692,0.337059,0.96262,0.762005,0.0703125,0.0678711,0.897616
115,0.96875,-0.109375,0.273438,0.451172,-0.112903,0.455054,0.333784,0.528044,0.390242,1.20047,0.821063,0.433557,0.407087,0.00274822,0,0,0,0,0,0.00702065,0.00234338,0.0745431,0.335686,0.95898,0.779181,-0.03125,-0.109375,1.15431
116,1.16406,0.205078,-1.07031,0.8125,0.176174,0.569922,0.569507,0.75211,0.890007,1.01359,0.7674,0.577169,1.18741,0.00427228,0,0,0,0,0,-0.0439293,-0.025018,0.499044,0.390479,0.936537,0.764561,0.164062,0.205078,1.02614
117,0.882812,-0.0534668,0.226562,0.953125,-0.0605642,0.475853,0.327276,0.496128,0.353253,1.12831,0.635189,0.315135,0.232067,0.00240638,0,0,0,0,0,-0.00608951,-0.00199295,0.0835769,0.308747,0.974776,0.76144,-0.117188,-0.0534668,0.942991
118,0.980469,0.027832,0.941406,0.390625,0.0283865,0.511323,0.407086,0.5807,0.502932,1.2296,0.623684,0.362174,1.50625,0.00489502,0,0,0,0,0,-0.0182829,-0.00744272,0.255557,0.306,0.977273,0.756596,-0.0195312,0.027832,1.07368
119,1.13281,0.0629883,-0.765625,0.679688,0.0556034,0.522171,0.485755,0.681824,0.700842,1.09768,0.727756,0.496202,0.92867,0.00376693,0,0,0,0,0,-0.0251479,-0.0122157,0.301247,0.443194,0.908894,0.758864,0.132812,0.0629883,1.20959
120,1.05469,0.139648,0.0664062,0.835938,0.132407,0.552669,0.492756,0.664265,0.684057,1.03516,0.481721,0.31999,0.072631,0.00209498,0,0,0,0,0,-0.0397606,-0.0195923,0.719556,0.291357,0.984696,0.751211,0.0546875,0.139648,0.919704
121,0.984375,-0.0708008,0.691406,0.419922,-0.0719246,0.471331,0.359336,0.549532,0.431108,1.1753,0.654689,0.359773,1.06696,0.00403704,0,0,0,0,0,0.00678499,0.00243809,0.0903485,0.348745,0.957472,0.761574,-0.015625,-0.0708008,1.29841
122,1.04688,-0.0668945,-0.135742,0.695312,-0.0638993,0.474525,0.386352,0.587178,0.494047,1.18074,0.62845,0.369012,0.162789,0.00227107,0,0,0,0,0,0.00557513,0.00215396,0.0773377,0.295351,0.978664,0.766495,0.046875,-0.0668945,1.23783
123,1.88281,0.148438,-0.361328,0.390625,0.0788382,0.531419,0.829231,1.14892,2.00765,0.938152,1.62279,1.86446,0.578125,0.00308228,0,0,0,0,0,-0.0441164,-0.0365827,0.236998,0.769703,0.652242,0.785894,0.882812,0.148438,2.57146
124,1.07031,-0.0649414,-0.453125,0.535156,-0.0606752,0.475809,0.396727,0.601461,0.519148,1.17729,0.90035,0.541525,0.619409,0.00316291,0,0,0,0,0,0.0182958,0.00725842,0.177152,0.384212,0.934889,0.787796,0.0703125,-0.0649414,1.19546
125,0.96875,0.0302734,0.351562,0.871094,0.03125,0.512465,0.403608,0.574733,0.493217,1.12203,0.521405,0.299668,0.376678,0.00268882,0,0,0,0,0,-0.019979,-0.00806367,0.334045,0.304662,0.977542,0.757526,-0.03125,0.0302734,0.892595
126,1.04688,-0.0966797,0.617188,0.441406,-0.0923507,0.46321,0.37146,0.577488,0.471475,0.998269,0.865441,0.499782,0.928962,0.0037675,0,0,0,0,0,0.00893989,0.00332081,0.0900537,0.371836,0.938632,0.799736,0.046875,-0.0966797,1.59867
127,0.972656,0.0135498,-0.304688,0.917969,0.0139307,0.505557,0.396812,0.571167,0.483692,1.21419,0.569706,0.325397,0.31801,0.00257424,0,0,0,0,0,-0.0111186,-0.00441201,0.17014,0.289198,0.983669,0.757305,-0.0273438,0.0135498,0.871612
128,1.11719,0.134766,-0.359375,0.384766,0.120629,0.548008,0.515378,0.698763,0.753883,0.902174,0.615372,0.429999,0.579362,0.00308469,0,0,0,0,0,-0.0431177,-0.0222219,0.610836,0.449983,0.904883,0.758944,0.117188,0.134766,1.00498
129,0.914062,-0.0202637,-0.707031,0.511719,-0.0221688,0.491157,0.356409,0.525431,0.403105,1.15671,0.660741,0.347174,0.988378,0.00388355,0,0,0,0,0,-0.00294289,-0.00104887,0.0388284,0.34547,0.953664,0.783888,-0.0859375,-0.0202637,1.16108
130,1.03125,-0.0859375,-0.550781,0.445312,-0.0833333,0.466793,0.370565,0.571871,0.464355,1.20377,0.717384,0.410251,0.825366,0.00356517,0,0,0,0,0,0.00719296,0.00266546,0.0874103,0.336661,0.960701,0.77021,0.03125,-0.0859375,1.01236
131,1.07812,-0.0634766,-0.113281,0.6875,-0.0588768,0.476525,0.400592,0.606491,0.528306,1.13857,0.950808,0.576657,0.136622,0.00221997,0,0,0,0,0,0.02231,0.00893721,0.204556,0.409703,0.916446,0.828522,0.078125,-0.0634766,1.09036
132,0.96875,-0.0498047,0.558594,0.664062,-0.0514113,0.479499,0.363569,0.547358,0.431783,1.18,0.517099,0.283038,0.685475,0.00329194,0,0,0,0,0,-0.00301985,-0.00109792,0.0509118,0.342044,0.96204,0.755849,-0.03125,-0.0498047,0.835358
133,0.933594,0.0864258,-0.239258,1.32812,0.0925732,0.536879,0.417586,0.57434,0.504244,1.23045,0.632672,0.363369,0.207609,0.00235861,0,0,0,0,0,-0.026525,-0.0110765,0.365497,0.318644,0.969611,0.765457,-0.0664062,0.0864258,0.815339
134,0.980469,-0.081543,-0.020752,0.601562,-0.0831673,0.466859,0.352399,0.543763,0.419864,1.00663,0.635565,0.345597,0.0267558,0.00200538,0,0,0,0,0,0.0112511,0.00396489,0.154328,0.429335,0.912918,0.779696,-0.0195312,-0.081543,0.88123
135,1.00781,-0.0654297,-0.134766,0.443359,-0.0649225,0.474118,0.37142,0.56493,0.457099,1.00331,0.713474,0.403063,0.202396,0.00234843,0,0,0,0,0,-0.00648679,-0.00240933,0.0792609,0.427313,0.913599,0.782223,0.0078125,-0.0654297,1.43423
136,1.03906,-0.012207,-0.0732422,0.613281,-0.0117481,0.495313,0.410563,0.60097,0.529727,1.12679,0.542218,0.325857,0.0935258,0.00213579,0,0,0,0,0,-0.0217008,-0.00890955,0.348906,0.336606,0.965254,0.753079,0.0390625,-0.012207,0.937083
137,0.867188,-0.0693359,1.46094,0.691406,-0.079955,0.468137,0.313076,0.481842,0.330188,1.13277,0.586562,0.28263,1.75697,0.00538471,0,0,0,0,0,0.00135803,0.000425168,0.0201838,0.364038,0.949623,0.7644,-0.132812,-0.0693359,1.10639
138,0.9375,0.00521851,-0.921875,0.605469,0.00556641,0.502221,0.378549,0.547806,0.44339,1.03291,0.685404,0.375468,1.18475,0.00426709,0,0,0,0,0,-0.00613361,-0.00232187,0.0780146,0.355366,0.950654,0.777369,-0.0625,0.00521851,1.05314
139,0.9375,-0.114258,0.200195,0.542969,-0.121875,0.451499,0.318811,0.508362,0.360072,1.11539,0.812603,0.413097,0.271686,0.00248376,0,0,0,0,0,0.0389841,0.0124286,0.418231,0.406924,0.924112,0.784219,-0.0625,-0.114258,1.06501
140,1.11719,0.1875,-1.72656,1.01562,0.167832,0.566642,0.541745,0.718431,0.80963,1.04407,0.637472,0.457979,1.71323,0.00529928,0,0,0,0,0,-0.0531662,-0.0288025,0.727079,0.272519,0.991845,0.750966,0.117188,0.1875,0.802457
141,1.13281,0.0296631,0.375,0.980469,0.0261853,0.510445,0.469092,0.670055,0.669022,1.06026,0.678382,0.454554,0.378717,0.00269281,0,0,0,0,0,-0.0264224,-0.0123945,0.339551,0.358531,0.954031,0.757259,0.132812,0.0296631,0.908202
142,0.898438,-0.0786133,-0.230469,0.628906,-0.0875,0.465137,0.320969,0.49701,0.35004,1.13589,0.677663,0.336805,0.290616,0.00252073,0,0,0,0,0,0.0108996,0.00349843,0.140218,0.397708,0.930174,0.777215,-0.101562,-0.0786133,0.92717
143,1.02344,-0.0249023,0.800781,0.589844,-0.0243321,0.490294,0.39795,0.587553,0.503582,1.088,0.722044,0.424239,1.04267,0.00398958,0,0,0,0,0,-0.00625171,-0.00248787,0.0754817,0.333962,0.957762,0.787941,0.0234375,-0.0249023,1.00377
144,0.960938,0.0180664,0.398438,0.523438,0.0188008,0.5075,0.394371,0.565914,0.475787,0.980873,0.52977,0.299804,0.550716,0.00302874,0,0,0,0,0,-0.0171869,-0.00677803,0.282824,0.369777,0.946778,0.764778,-0.0390625,0.0180664,0.879335
145,1.03125,0.0588379,-0.59375,0.480469,0.0570549,0.522749,0.442953,0.621229,0.582132,1.10321,0.572235,0.355489,0.856586,0.00362614,0,0,0,0,0,-0.0229623,-0.0101712,0.349822,0.365772,0.949071,0.763264,0.03125,0.0588379,0.931414
146,1.17188,0.191406,-0.341797,0.421875,0.163333,0.564872,0.565628,0.751613,0.884857,0.907509,0.827545,0.621993,0.526231,0.00298092,0,0,0,0,0,-0.0555297,-0.0314092,0.58498,0.539802,0.845411,0.767268,0.171875,0.191406,1.23389
147,0.902344,0.00175476,1.36719,0.550781,0.00194467,0.500776,0.362719,0.526135,0.408384,1.02158,0.763263,0.40158,1.84221,0.00555119,0,0,0,0,0,-0.0240603,-0.00872714,0.274811,0.346409,0.954265,0.779276,-0.0976562,0.00175476,1.1034
148,0.949219,0.0116577,-0.625,0.388672,0.0122814,0.504899,0.386468,0.55686,0.459451,0.966353,0.621074,0.345852,1.00251,0.00391115,0,0,0,0,0,-0.021264,-0.00821786,0.298475,0.42703,0.911786,0.794705,-0.0507812,0.0116577,1.13565
149,1.10156,0.138672,-0.503906,0.714844,0.125887,0.550089,0.511065,0.691128,0.738846,1.04983,0.616222,0.425888,0.595997,0.00311718,0,0,0,0,0,-0.0507957,-0.0259599,0.718616,0.292337,0.983822,0.752811,0.101562,0.138672,0.736184
150,1.0625,0.0039978,1.05469,0.609375,0.00376264,0.501501,0.428064,0.620185,0.567868,1.13675,0.884979,0.548851,1.35108,0.00459196,0,0,0,0,0,-0.0212945,-0.00911543,0.209769,0.421695,0.9127,0.808543,0.0625,0.0039978,1.18487
151,0.925781,0.15332,-1.16406,0.628906,0.165612,0.565769,0.447901,0.594568,0.554126,0.985414,0.726749,0.432102,1.46786,0.00482003,0,0,0,0,0,-0.0384623,-0.0172273,0.461379,0.405821,0.922952,0.794381,-0.0742188,0.15332,0.979419
152,1.11719,0.132812,-0.582031,0.414062,0.118881,0.547315,0.514401,0.698043,0.751872,0.968529,0.733476,0.511998,0.90451,0.00371975,0,0,0,0,0,-0.0415224,-0.0213592,0.493518,0.407985,0.926603,0.768346,0.117188,0.132812,0.971162
153,0.988281,-0.121094,-0.769531,0.496094,-0.12253,0.45124,0.335756,0.535696,0.399702,1.07823,0.831093,0.445213,1.09256,0.00408703,0,0,0,0,0,0.0161046,0.00540722,0.16893,0.456139,0.892813,0.820854,-0.0117188,-0.121094,0.974265
154,0.96875,-0.169922,-0.065918,0.523438,-0.175403,0.430381,0.303554,0.509422,0.351656,1.11323,0.827807,0.421703,0.0911111,0.00213108,0,0,0,0,0,0.0259475,0.00787645,0.273258,0.38037,0.939084,0.776111,-0.03125,-0.169922,1.24227
155,0.984375,0.0664062,0.259766,0.679688,0.0674603,0.526892,0.42794,0.596654,0.539128,0.961299,0.704496,0.42034,0.315084,0.00256852,0,0,0,0,0,-0.0311025,-0.01331,0.384879,0.368738,0.945458,0.772661,-0.015625,0.0664062,1.26822
156,1.04688,-0.00485229,-0.644531,0.894531,-0.00463503,0.498151,0.417373,0.608039,0.543911,1.11259,0.622969,0.378789,0.681469,0.00328412,0,0,0,0,0,-0.00762066,-0.00318066,0.106643,0.302526,0.978522,0.757099,0.046875,-0.00485229,0.9443
157,0.875,0.170898,-0.390625,0.71875,0.195312,0.577426,0.438762,0.569978,0.517387,1.01839,0.600359,0.342192,0.460756,0.00285304,0,0,0,0,0,-0.0297389,-0.0130483,0.431837,0.427069,0.914887,0.775582,-0.125,0.170898,0.7639
158,1.14844,0.00830078,-0.353516,0.765625,0.00722789,0.502883,0.464677,0.671722,0.667134,1.09838,0.706445,0.474534,0.404018,0.00274222,0,0,0,0,0,-0.0262168,-0.0121823,0.323526,0.438889,0.908958,0.771742,0.148438,0.00830078,1.05655
159,1.01562,0.0664062,-0.496094,0.761719,0.0653846,0.526066,0.440471,0.614839,0.572042,1.04639,0.550939,0.338739,0.568416,0.00306331,0,0,0,0,0,-0.0336841,-0.0148369,0.533001,0.339908,0.963398,0.754415,0.015625,0.0664062,0.76846
160,0.972656,-0.0471191,-0.300781,0.820312,-0.0484438,0.480681,0.366478,0.550525,0.437384,1.18676,0.588737,0.324114,0.332094,0.00260175,0,0,0,0,0,-0.00700281,-0.00256637,0.103695,0.302516,0.978362,0.757664,-0.0273438,-0.0471191,0.961653
161,0.941406,-0.114746,-0.178711,0.492188,-0.121888,0.451494,0.320133,0.510477,0.363071,1.11937,0.698972,0.356809,0.254733,0.00245065,0,0,0,0,0,0.015178,0.00485897,0.189304,0.342059,0.958565,0.76922,-0.0585938,-0.114746,1.19062
162,1.04688,0.0649414,-0.851562,0.71875,0.0620336,0.524732,0.45227,0.632502,0.604607,1.02755,0.511015,0.323218,1.00445,0.00391494,0,0,0,0,0,-0.0307454,-0.0139052,0.524509,0.329544,0.968404,0.752986,0.046875,0.0649414,0.726273
163,1.07031,0.0317383,0.625,0.539062,0.0296533,0.511828,0.445067,0.634387,0.600532,1.12113,0.764965,0.485284,0.851257,0.00361574,0,0,0,0,0,-0.0295701,-0.0131607,0.336991,0.347636,0.953591,0.779846,0.0703125,0.0317383,1.14082
164,1.02344,0.111328,-0.0639648,0.925781,0.108779,0.543311,0.466065,0.635666,0.621287,1.09727,0.518489,0.329586,0.0664794,0.00208297,0,0,0,0,0,-0.0336089,-0.0156639,0.565095,0.357417,0.955706,0.752923,0.0234375,0.111328,0.905493
165,1.01562,-0.0100098,-1,0.621094,-0.00985577,0.496068,0.402263,0.588072,0.507644,1.19072,0.701178,0.412343,1.26888,0.00443141,0,0,0,0,0,-0.014498,-0.00583199,0.180254,0.30474,0.974852,0.767001,0.015625,-0.0100098,1.22669
166,0.917969,-0.0751953,-0.255859,0.585938,-0.0819149,0.467357,0.33051,0.509474,0.368801,1.11741,0.64753,0.3299,0.334253,0.00260596,0,0,0,0,0,-0.00237045,-0.000783458,0.0319138,0.332969,0.964634,0.761195,-0.0820312,-0.0751953,0.946079
167,1.1875,-0.0244141,0.804688,0.523438,-0.0205592,0.491799,0.463983,0.68326,0.682125,1.13798,0.944516,0.64535,1.11223,0.00412545,0,0,0,0,0,-0.0154413,-0.00716452,0.142522,0.531307,0.848901,0.794862,0.1875,-0.0244141,1.86676
168,0.914062,0.000736237,-0.482422,0.451172,0.000805455,0.500321,0.366909,0.532609,0.418295,1.15864,0.721597,0.384329,0.718217,0.00335589,0,0,0,0,0,0.0253023,0.00928367,0.305684,0.382261,0.93635,0.785108,-0.0859375,0.000736237,1.06413
169,0.960938,0.0415039,0.953125,0.660156,0.0431911,0.517225,0.40609,0.574142,0.494548,1.01937,0.564134,0.323893,1.17308,0.00424429,0,0,0,0,0,-0.0246208,-0.00999825,0.380475,0.324245,0.967353,0.765097,-0.0390625,0.0415039,1.01158
170,1.25,0.271484,-0.988281,0.828125,0.217188,0.585969,0.644237,0.821953,1.09065,0.932179,0.859995,0.706876,1.08601,0.00407423,0,0,0,0,0,-0.0664678,-0.042821,0.673786,0.432602,0.91596,0.754321,0.25,0.271484,1.06597
171,1.09375,-0.0869141,-0.714844,0.5,-0.0794643,0.468332,0.395139,0.607903,0.525681,1.04903,0.900887,0.547652,1.01094,0.00392762,0,0,0,0,0,0.0186411,0.00736585,0.180389,0.430832,0.908726,0.80196,0.09375,-0.0869141,1.25677
172,1.07031,0.0527344,1.13281,0.486328,0.0492701,0.519648,0.455565,0.641796,0.619442,1.11784,0.727335,0.466801,1.6244,0.00512578,0,0,0,0,0,-0.0341348,-0.0155506,0.409138,0.574633,0.820659,0.759961,0.0703125,0.0527344,1.19243
173,1.125,0.0649414,-0.275391,0.613281,0.0577257,0.523016,0.483598,0.677973,0.693515,1.15139,0.891068,0.60412,0.351657,0.00263996,0,0,0,0,0,-0.0259006,-0.0125255,0.2534,0.459707,0.897162,0.769766,0.125,0.0649414,1.47724
174,0.894531,-0.0698242,-0.355469,0.515625,-0.0780568,0.468891,0.323797,0.497587,0.352438,1.11653,0.732325,0.364396,0.495033,0.00291999,0,0,0,0,0,0.0124137,0.00401953,0.147776,0.329002,0.960413,0.785382,-0.105469,-0.0698242,1.55711
175,0.96875,-0.0593262,1.47656,0.40625,-0.0612399,0.475584,0.358808,0.544208,0.424905,1.10522,0.679708,0.369902,2.31662,0.00647778,0,0,0,0,0,0.00394123,0.00141415,0.0505495,0.359201,0.951697,0.765278,-0.03125,-0.0593262,0.979435
176,1.01562,0.0839844,0.835938,0.34375,0.0826923,0.532952,0.44926,0.621166,0.587682,1.11217,0.51149,0.31772,1.42578,0.00473785,0,0,0,0,0,-0.0272638,-0.0122486,0.464683,0.418221,0.923457,0.757079,0.015625,0.0839844,0.960103
177,1.0625,0.0957031,-0.347656,0.6875,0.0900735,0.535886,0.473917,0.652677,0.650584,1.13401,0.632154,0.412592,0.419289,0.00277205,0,0,0,0,0,-0.0400142,-0.0189634,0.55182,0.325069,0.968261,0.760418,0.0625,0.0957031,0.95355
178,0.929688,0.0722656,0.332031,0.738281,0.0777311,0.530979,0.40894,0.56694,0.488653,1.06057,0.556456,0.315477,0.386428,0.00270787,0,0,0,0,0,-0.0158714,-0.00649044,0.248651,0.334484,0.96369,0.762251,-0.0703125,0.0722656,0.774165
179,0.878906,-0.0175781,-0.376953,0.402344,-0.02,0.492022,0.343654,0.505869,0.374002,1.11701,0.526335,0.266257,0.594277,0.00311382,0,0,0,0,0,0.0042565,0.00146276,0.0705013,0.34896,0.958425,0.757547,-0.121094,-0.0175781,0.998083
180,1.08594,0.162109,-0.326172,0.984375,0.149281,0.559334,0.516518,0.690771,0.743955,1.0871,0.543515,0.375444,0.32875,0.00259522,0,0,0,0,0,-0.046521,-0.024029,0.746182,0.360839,0.954391,0.75174,0.0859375,0.162109,1.02416
181,1.0625,0.0898438,-1.02344,0.566406,0.0845588,0.533694,0.470987,0.650553,0.645048,0.992857,0.72661,0.472698,1.35987,0.00460912,0,0,0,0,0,-0.0342072,-0.0161111,0.410414,0.470219,0.890045,0.774782,0.0625,0.0898438,1.03766
182,0.9375,0.0534668,-0.239258,0.726562,0.0570312,0.52274,0.402673,0.564745,0.481083,1.05755,0.592714,0.334732,0.280692,0.00250135,0,0,0,0,0,-0.0260435,-0.010487,0.383056,0.309027,0.97462,0.761588,-0.0625,0.0534668,1.00936
183,1.14844,0.237305,-0.154297,0.710938,0.206633,0.581852,0.584164,0.751741,0.906362,0.966571,0.743958,0.559263,0.182996,0.00231054,0,0,0,0,0,-0.0478147,-0.0279316,0.560299,0.306683,0.976375,0.758745,0.148438,0.237305,0.944524
184,1.05469,0.0644531,-0.029541,0.519531,0.0611111,0.524365,0.455159,0.636874,0.612779,1.16442,0.797932,0.508182,0.0409845,0.00203317,0,0,0,0,0,-0.0253525,-0.0115394,0.276988,0.374624,0.942148,0.774856,0.0546875,0.0644531,1.18629
185,1.17188,0.275391,0.617188,0.753906,0.235,0.592896,0.617281,0.776553,0.98407,1.08514,0.98607,0.765735,0.710818,0.00334144,0,0,0,0,0,-0.0524708,-0.0323892,0.463892,0.571402,0.822194,0.772168,0.171875,0.275391,1.31508
186,0.980469,0.105469,-0.105957,1.15625,0.10757,0.542831,0.445905,0.608543,0.569156,1.10304,0.575471,0.350199,0.098538,0.00214558,0,0,0,0,0,-0.0339136,-0.0151222,0.513756,0.3498,0.956779,0.762391,-0.0195312,0.105469,0.81475
187,1.08594,0.0698242,-0.921875,0.765625,0.0642986,0.525634,0.470376,0.656983,0.65288,1.07842,0.647002,0.425069,1.05357,0.00401088,0,0,0,0,0,-0.0334743,-0.0157455,0.451038,0.416607,0.917441,0.79391,0.0859375,0.0698242,0.892636
188,0.984375,-0.157227,0.695312,0.484375,-0.159722,0.43655,0.316123,0.5223,0.372731,1.0104,0.797568,0.41657,0.999054,0.0039044,0,0,0,0,0,0.0356212,0.0112607,0.389357,0.349297,0.952492,0.781467,-0.015625,-0.157227,1.16655
189,0.894531,-0.012207,-0.0668945,0.542969,-0.0136463,0.494556,0.352606,0.516797,0.39141,1.13982,0.701874,0.362727,0.0907827,0.00213044,0,0,0,0,0,-0.00231251,-0.000815404,0.0287231,0.358856,0.948484,0.779962,-0.105469,-0.012207,0.95888
190,1.0625,0.003479,0.128906,0.427734,0.00327436,0.501306,0.427805,0.620006,0.567424,0.976752,0.585281,0.362878,0.1971,0.00233809,0,0,0,0,0,-0.0144486,-0.00618117,0.215213,0.330767,0.966755,0.756941,0.0625,0.003479,0.935357
191,1.01562,-0.11084,0.294922,0.546875,-0.109135,0.456548,0.351848,0.554806,0.431607,1.0903,0.704449,0.390832,0.398807,0.00273205,0,0,0,0,0,0.016646,0.00585688,0.206,0.362053,0.948548,0.772974,0.015625,-0.11084,1.23216
192,0.988281,0.00500488,0.151367,0.460938,0.00506423,0.50202,0.398806,0.577307,0.492329,1.08086,0.700348,0.404316,0.222952,0.00238858,0,0,0,0,0,0.00312123,0.00124476,0.0388524,0.349531,0.955078,0.769749,-0.0117188,0.00500488,1.1173
193,0.945312,-0.0088501,0.433594,0.675781,-0.00936209,0.496265,0.374647,0.547519,0.440137,1.17121,0.514319,0.281599,0.527448,0.0029833,0,0,0,0,0,-0.0148297,-0.00555592,0.251367,0.339263,0.962657,0.758189,-0.0546875,-0.0088501,0.925742
194,1.07031,-0.0678711,0.273438,0.249023,-0.0634124,0.474719,0.395262,0.600496,0.516827,0.910413,0.785206,0.471513,0.547946,0.00302333,0,0,0,0,0,0.00277043,0.00109505,0.0307589,0.410559,0.918373,0.808978,0.0703125,-0.0678711,1.12897
195,0.949219,-0.00402832,0.140625,0.494141,-0.00424383,0.498307,0.378625,0.551446,0.44745,1.08619,0.740675,0.408442,0.200049,0.00234385,0,0,0,0,0,-0.0238049,-0.00901311,0.280185,0.365577,0.948219,0.767207,-0.0507812,-0.00402832,1.28583
196,1.05469,0.126953,1.02344,0.5,0.12037,0.547905,0.486409,0.65957,0.671627,1.00513,0.613133,0.404404,1.44736,0.00478,0,0,0,0,0,-0.0383704,-0.0186637,0.545568,0.396072,0.934528,0.760703,0.0546875,0.126953,0.895451
197,0.925781,-0.0888672,1.67188,0.777344,-0.0959916,0.461764,0.326807,0.509607,0.366502,1.22689,0.680284,0.346677,1.89626,0.00565675,0,0,0,0,0,-0.0077615,-0.00253651,0.0994632,0.326189,0.966794,0.76409,-0.0742188,-0.0888672,1.1234
198,0.972656,0.0184326,0.0512695,0.511719,0.0189508,0.50756,0.399254,0.572866,0.487579,1.09584,0.466693,0.267353,0.071671,0.00209311,0,0,0,0,0,-0.0137505,-0.00548993,0.256858,0.323482,0.97021,0.755855,-0.0273438,0.0184326,0.823487
199,0.953125,0.0294189,0.165039,0.648438,0.0308658,0.512312,0.396915,0.565335,0.477145,1.10079,0.487142,0.275398,0.204952,0.00235342,0,0,0,0,0,-0.0155033,-0.00615349,0.277444,0.302723,0.978699,0.756228,-0.046875,0.0294189,0.911954
200,1.02344,0.106445,0.0456543,0.355469,0.104008,0.541418,0.463624,0.633878,0.616748,0.998715,0.595522,0.377488,0.0765739,0.00210268,0,0,0,0,0,-0.0329313,-0.0152677,0.482078,0.347882,0.959118,0.756811,0.0234375,0.106445,0.744455
201,0.941406,-0.0620117,-0.53125,0.574219,-0.0658714,0.47374,0.3465,0.527412,0.398226,1.22785,0.730655,0.385356,0.701068,0.0033224,0,0,0,0,0,0.0113668,0.0039386,0.135623,0.38202,0.940438,0.766188,-0.0585938,-0.0620117,1.23983
202,1.00781,0.0273438,-0.0893555,0.769531,0.0271318,0.510823,0.417807,0.596452,0.530318,1.18444,0.443332,0.264426,0.101861,0.00215207,0,0,0,0,0,-0.020351,-0.0085028,0.400187,0.278042,0.989601,0.751656,0.0078125,0.0273438,0.746467
203,1.03125,-0.0229492,0.474609,0.777344,-0.0222538,0.491123,0.402059,0.592764,0.513021,1.08005,0.646436,0.383184,0.538307,0.00300451,0,0,0,0,0,-0.0017585,-0.000707021,0.023715,0.358032,0.950104,0.774365,0.03125,-0.0229492,1.10049
204,1.09375,0.200195,0.617188,0.632812,0.183036,0.572615,0.539892,0.708746,0.793804,1.11696,0.634284,0.449546,0.775853,0.00346846,0,0,0,0,0,-0.047024,-0.0253879,0.646313,0.482223,0.885285,0.757738,0.09375,0.200195,1.11691
205,0.949219,0.0284424,0.671875,0.351562,0.029964,0.511952,0.39486,0.562717,0.472565,0.969904,0.568955,0.320161,1.13315,0.00416631,0,0,0,0,0,-0.0174605,-0.00689444,0.267538,0.354818,0.952398,0.770857,-0.0507812,0.0284424,1.10808
206,1.01562,0.142578,-0.386719,0.625,0.140385,0.555822,0.478557,0.642674,0.642046,1.09916,0.68766,0.441941,0.489165,0.00290853,0,0,0,0,0,-0.0351889,-0.0168399,0.446106,0.400055,0.931209,0.766301,0.015625,0.142578,1.19603
207,1.10938,-0.124512,-0.96875,0.578125,-0.112236,0.455318,0.382606,0.604929,0.512327,1.10394,0.762574,0.461303,1.27409,0.00444159,0,0,0,0,0,0.00611215,0.00233855,0.0698745,0.638807,0.769729,0.793311,0.109375,-0.124512,1.46508
208,1.00781,-0.0194092,-0.460938,0.617188,-0.0192587,0.492317,0.394431,0.580317,0.492344,1.22554,0.651838,0.378273,0.586723,0.00309907,0,0,0,0,0,0.00458765,0.00180951,0.061356,0.326844,0.96654,0.763989,0.0078125,-0.0194092,1.17452
209,1.08594,-0.000862122,-0.21875,0.361328,-0.000793896,0.499683,0.435032,0.63216,0.58888,1.04733,0.79334,0.501518,0.363913,0.00266389,0,0,0,0,0,-0.00987976,-0.00429802,0.108566,0.486983,0.876094,0.807586,0.0859375,-0.000862122,1.27866
210,1.01562,0.0285645,-0.0163574,0.494141,0.028125,0.511219,0.42155,0.601429,0.539422,0.956215,0.627988,0.37769,0.0232696,0.00199857,0,0,0,0,0,-0.0263232,-0.0110966,0.365422,0.34549,0.957011,0.769306,0.015625,0.0285645,1.26502
211,0.984375,-0.00488281,0.546875,0.808594,-0.00496032,0.498021,0.392295,0.571628,0.480654,1.17478,0.713926,0.4081,0.608167,0.00314095,0,0,0,0,0,-0.0158985,-0.00623689,0.194137,0.321999,0.962025,0.791218,-0.015625,-0.00488281,1.01191
212,1.01562,-0.0737305,0.992188,0.722656,-0.0725962,0.471064,0.370403,0.566755,0.458409,1.19875,0.762056,0.431899,1.16715,0.00423272,0,0,0,0,0,0.00261066,0.000966995,0.0298655,0.335798,0.961841,0.767164,0.015625,-0.0737305,1.12594
213,0.996094,0.0319824,-0.40625,0.445312,0.0321078,0.512807,0.415427,0.591255,0.522163,0.894455,0.491343,0.290509,0.608781,0.00314215,0,0,0,0,0,-0.0140956,-0.0058557,0.250096,0.409842,0.92605,0.766241,-0.00390625,0.0319824,0.846666
214,0.992188,-0.052002,-0.0478516,0.5,-0.0524114,0.4791,0.371869,0.560271,0.45219,1.13645,0.603236,0.337976,0.0676723,0.0020853,0,0,0,0,0,-0.00220178,-0.000818774,0.0318195,0.334173,0.964978,0.757967,-0.0078125,-0.052002,0.99435
215,1.05469,0.102051,0.539062,0.480469,0.0967593,0.538541,0.473958,0.650442,0.647711,1.10438,0.549964,0.35772,0.77769,0.00347205,0,0,0,0,0,-0.0357187,-0.0169291,0.566197,0.343686,0.960446,0.759012,0.0546875,0.102051,0.790263
216,1.08594,-0.0703125,-0.351562,0.455078,-0.0647482,0.474187,0.400307,0.608785,0.530865,1.17381,0.835278,0.508505,0.521146,0.00297099,0,0,0,0,0,0.0118148,0.00472956,0.123311,0.416133,0.917504,0.795109,0.0859375,-0.0703125,1.14564
217,0.9375,0.0407715,-0.730469,0.5,0.0434896,0.517344,0.396325,0.560237,0.47094,0.997611,0.524722,0.293969,1.03304,0.00397078,0,0,0,0,0,-0.0125617,-0.00497852,0.208701,0.482598,0.881824,0.779288,-0.0625,0.0407715,0.754238
218,0.949219,0.0366211,0.589844,0.361328,0.0385802,0.515387,0.39895,0.565594,0.479058,0.972544,0.561352,0.317497,0.981265,0.00386966,0,0,0,0,0,-0.0207189,-0.00826579,0.321764,0.369362,0.947886,0.761029,-0.0507812,0.0366211,0.810832
219,0.984375,0.0449219,0.902344,0.679688,0.0456349,0.518199,0.417198,0.588996,0.520971,1.07919,0.623745,0.367384,1.0945,0.00409083,0,0,0,0,0,-0.03188,-0.0133003,0.445572,0.350631,0.95551,0.765925,-0.015625,0.0449219,1.03516
220,0.960938,-0.100098,-0.130859,0.466797,-0.104167,0.458519,0.335289,0.526449,0.389567,0.848815,0.642542,0.338265,0.191532,0.00232721,0,0,0,0,0,0.0113963,0.00382106,0.154621,0.477324,0.880469,0.825124,-0.0390625,-0.100098,1.0771
221,0.972656,0.0341797,0.0761719,0.667969,0.0351406,0.514016,0.407127,0.578381,0.500277,1.11798,0.500118,0.289258,0.0932001,0.00213516,0,0,0,0,0,-0.0255739,-0.0104118,0.445792,0.314728,0.974069,0.755291,-0.0273438,0.0341797,1.00677
222,1.00781,0.00332642,-0.176758,0.519531,0.00330063,0.501317,0.405798,0.588103,0.510537,1.0817,0.439226,0.25831,0.24523,0.00243209,0,0,0,0,0,-0.0227927,-0.00924924,0.452391,0.320776,0.972832,0.750796,0.0078125,0.00332642,0.714284
223,1.01562,-0.09375,0.644531,0.380859,-0.0923077,0.463227,0.360393,0.560264,0.443779,0.975474,0.693324,0.388444,1.04439,0.00399294,0,0,0,0,0,0.00929937,0.00335143,0.11693,0.467771,0.88618,0.821958,0.015625,-0.09375,1.17476
224,1.07031,0.134766,-1.17969,0.886719,0.125912,0.550099,0.496581,0.671532,0.697548,1.12481,0.585511,0.393189,1.25278,0.00439996,0,0,0,0,0,-0.0505128,-0.0250837,0.752096,0.298814,0.981537,0.751961,0.0703125,0.134766,0.797777
225,1,0.0976562,-0.632812,0.644531,0.0976562,0.538897,0.44983,0.617043,0.583089,0.878609,0.53476,0.32997,0.78823,0.00349264,0,0,0,0,0,-0.0398434,-0.0179228,0.649538,0.292108,0.983354,0.754633,0,0.0976562,0.862521
226,1.07812,0.105469,-1.00781,0.511719,0.0978261,0.538965,0.485065,0.665316,0.677933,0.839699,0.534966,0.355921,1.40885,0.00470478,0,0,0,0,0,-0.0374322,-0.018157,0.609994,0.301286,0.978579,0.758602,0.078125,0.105469,0.964252
227,0.980469,-0.0179443,-0.507812,0.535156,-0.0183018,0.492699,0.384198,0.564891,0.46671,1.08528,0.525376,0.29678,0.694166,0.00330892,0,0,0,0,0,-0.00623081,-0.00239386,0.103391,0.38036,0.942495,0.760917,-0.0195312,-0.0179443,0.79215
228,1.05469,0.144531,0.550781,0.859375,0.137037,0.554499,0.495198,0.666078,0.688881,1.1997,0.778829,0.518762,0.594139,0.00311355,0,0,0,0,0,-0.0175936,-0.0087123,0.196933,0.695799,0.722042,0.796079,0.0546875,0.144531,1.3061
229,1.00781,0.0461426,-1.00781,0.546875,0.0457849,0.518259,0.427206,0.603074,0.546203,1.14946,0.526533,0.317538,1.36281,0.00461487,0,0,0,0,0,-0.0246595,-0.0105347,0.408287,0.375358,0.94691,0.753178,0.0078125,0.0461426,0.886506
230,1.00781,0.0869141,-0.283203,0.714844,0.0862403,0.534362,0.447592,0.617682,0.58187,1.17464,0.834723,0.515594,0.33496,0.00260734,0,0,0,0,0,-0.0306805,-0.0137323,0.320425,0.358091,0.94713,0.788118,0.0078125,0.0869141,1.01403
231,1.03125,0.103516,0.367188,0.765625,0.100379,0.539978,0.465291,0.637349,0.62271,1.06336,0.501726,0.319775,0.419643,0.00277274,0,0,0,0,0,-0.0322965,-0.0150273,0.561172,0.309779,0.977109,0.751932,0.03125,0.103516,0.742119
232,1.26562,0.19043,0.0515137,0.4375,0.150463,0.5598,0.602733,0.805631,1.01233,1.01876,0.987228,0.795341,0.0778814,0.00210524,0,0,0,0,0,-0.061474,-0.0370525,0.542852,0.477469,0.886434,0.769209,0.265625,0.19043,1.64652
233,0.917969,0.0249023,-1.66406,0.894531,0.0271277,0.510821,0.380559,0.543279,0.439977,1.1302,0.48597,0.264017,1.75943,0.00538951,0,0,0,0,0,-0.0186739,-0.00710654,0.334992,0.327209,0.968196,0.75732,-0.0820312,0.0249023,0.930999
234,0.96875,0.0368652,-1.14062,0.617188,0.0380544,0.515178,0.406904,0.577052,0.49856,1.12482,0.395984,0.228504,1.45189,0.00478885,0,0,0,0,0,-0.026911,-0.0109502,0.592459,0.313498,0.975814,0.751105,-0.03125,0.0368652,0.895435
235,0.976562,0.0732422,-0.0976562,0.886719,0.075,0.529893,0.428225,0.594564,0.536883,1.20258,0.658224,0.391356,0.103707,0.00215568,0,0,0,0,0,-0.0201892,-0.00864551,0.267394,0.33479,0.963195,0.763624,-0.0234375,0.0732422,0.840368
236,1.05469,-0.130859,-0.0128784,0.632812,-0.124074,0.450628,0.357502,0.571181,0.454056,1.19792,0.833501,0.47608,0.0161892,0.00198474,0,0,0,0,0,0.0170109,0.00608144,0.177921,0.360313,0.948884,0.775087,0.0546875,-0.130859,1.50532
237,0.984375,-0.0255127,-0.214844,0.408203,-0.0259177,0.489662,0.38198,0.564599,0.464681,1.21048,0.704683,0.397863,0.336267,0.0026099,0,0,0,0,0,0.00699375,0.00267147,0.0865213,0.362696,0.950698,0.762613,-0.015625,-0.0255127,1.0784
238,0.945312,-0.0810547,0.194336,0.515625,-0.0857438,0.465835,0.338545,0.523478,0.388642,1.07278,0.601832,0.315046,0.270636,0.00248171,0,0,0,0,0,0.0163623,0.00553938,0.237015,0.359309,0.951018,0.767884,-0.0546875,-0.0810547,1.03106
239,0.976562,-0.0908203,0.410156,0.625,-0.093,0.462952,0.346194,0.538498,0.40983,1.16991,0.639927,0.344599,0.518811,0.00296643,0,0,0,0,0,0.0111981,0.00387673,0.152554,0.335567,0.964502,0.757453,-0.0234375,-0.0908203,1.27132
240,0.957031,0.0216064,1.05469,0.972656,0.0225765,0.509006,0.394575,0.564874,0.474772,1.15217,0.746272,0.421549,1.06941,0.00404182,0,0,0,0,0,-0.00862029,-0.00340135,0.1007,0.342574,0.959017,0.76648,-0.0429688,0.0216064,1.09213
241,0.898438,-0.208984,-0.8125,0.949219,-0.232609,0.408033,0.262894,0.453175,0.274481,1.31224,0.77605,0.351686,0.83395,0.00358193,0,0,0,0,0,0.029894,0.00785896,0.335815,0.334785,0.958137,0.784624,-0.101562,-0.208984,1.30814
242,1.02344,-0.137695,0.484375,0.542969,-0.134542,0.446487,0.341553,0.55092,0.420172,1.2361,0.942911,0.519469,0.657346,0.003237,0,0,0,0,0,0.021059,0.00719278,0.194704,0.327367,0.961285,0.784544,0.0234375,-0.137695,1.40743
243,0.949219,0.0412598,-0.447266,0.644531,0.0434671,0.517335,0.401269,0.567233,0.482769,1.1347,0.572284,0.324618,0.557113,0.00304124,0,0,0,0,0,-0.0214118,-0.00859189,0.326173,0.34035,0.961678,0.760028,-0.0507812,0.0412598,0.923808
244,1.05469,0.194336,-0.582031,0.96875,0.184259,0.573095,0.521433,0.68379,0.739461,1.20022,0.912153,0.623721,0.591344,0.00310809,0,0,0,0,0,-0.00746155,-0.00389069,0.0713129,0.740983,0.682656,0.805437,0.0546875,0.194336,1.1682
245,0.898438,-0.15918,-0.414062,0.503906,-0.177174,0.429686,0.280945,0.471844,0.301566,1.0597,0.816822,0.385412,0.583299,0.00309238,0,0,0,0,0,0.0307505,0.0086392,0.328194,0.395923,0.926679,0.802228,-0.101562,-0.15918,1.16381
246,0.886719,0.0136108,0.636719,0.400391,0.0153497,0.506123,0.362382,0.52114,0.402907,0.96066,0.443829,0.231297,1.00625,0.00391846,0,0,0,0,0,-0.0195887,-0.00709859,0.384766,0.370859,0.94705,0.76147,-0.113281,0.0136108,0.83786
247,0.816406,-0.168945,0.386719,0.679688,-0.206938,0.418029,0.246487,0.419599,0.236819,1.12794,0.702449,0.294747,0.469073,0.00286928,0,0,0,0,0,0.024542,0.00604927,0.30458,0.37446,0.943608,0.768633,-0.183594,-0.168945,1.17268
248,0.898438,-0.0344238,0.496094,0.972656,-0.0383152,0.484718,0.343064,0.511557,0.379383,1.19427,0.56531,0.289188,0.503019,0.00293558,0,0,0,0,0,-0.0141451,-0.00485266,0.218135,0.29687,0.979982,0.759764,-0.101562,-0.0344238,0.816134
249,0.914062,-0.100098,1.14062,0.482422,-0.109509,0.4564,0.316492,0.499217,0.349385,1.02328,0.64288,0.320936,1.64221,0.00516057,0,0,0,0,0,0.00290996,0.000920981,0.0394607,0.362357,0.946215,0.783044,-0.0859375,-0.100098,0.98576
250,1.0625,0.0483398,-0.0412598,0.722656,0.0454963,0.518144,0.450235,0.63569,0.606813,1.14676,0.590012,0.375065,0.0485357,0.00204792,0,0,0,0,0,-0.0372894,-0.016789,0.550974,0.366052,0.951257,0.754068,0.0625,0.0483398,0.731972
251,0.96875,-0.0339355,0.539062,0.730469,-0.0350302,0.486028,0.371503,0.55266,0.443448,1.08528,0.713181,0.394147,0.630722,0.003185,0,0,0,0,0,0.00203001,0.000754155,0.0248145,0.363926,0.944109,0.789887,-0.03125,-0.0339355,1.18904
252,1.08594,0.125977,-2.04688,0.660156,0.116007,0.546177,0.498452,0.677368,0.707282,1.10248,0.596578,0.404103,2.51923,0.0068735,0,0,0,0,0,-0.0445561,-0.0222091,0.651099,0.277694,0.99023,0.750086,0.0859375,0.125977,0.718461
253,1.03906,0.0922852,0.192383,0.9375,0.0888158,0.535386,0.462809,0.637805,0.620988,1.04632,0.643722,0.410569,0.198692,0.0023412,0,0,0,0,0,-0.0324202,-0.0150044,0.439061,0.332613,0.961734,0.773149,0.0390625,0.0922852,0.941204
254,1.07031,0.103027,-0.0864258,0.65625,0.0962591,0.538343,0.480712,0.659884,0.66653,1.06794,0.559545,0.369235,0.106686,0.0021615,0,0,0,0,0,-0.0410062,-0.0197121,0.638882,0.294426,0.983462,0.751332,0.0703125,0.103027,0.706455
255,1.11719,0.0639648,-0.757812,0.429688,0.0572552,0.522829,0.479977,0.673078,0.683412,1.01735,0.942596,0.63444,1.15607,0.00421108,0,0,0,0,0,-0.0356771,-0.0171242,0.329967,0.467341,0.88735,0.811212,0.117188,0.0639648,1.19689
256,1.05469,-0.0605469,-0.679688,0.710938,-0.0574074,0.47711,0.392659,0.593819,0.506801,1.27006,0.826117,0.490563,0.806109,0.00352756,0,0,0,0,0,0.00978196,0.00384097,0.103227,0.631513,0.779111,0.85542,0.0546875,-0.0605469,1.23436
257,1,0.0222168,0.166016,0.738281,0.0222168,0.508862,0.412111,0.59011,0.518065,1.10093,0.435379,0.256921,0.193214,0.0023305,0,0,0,0,0,-0.0164446,-0.006777,0.329278,0.280978,0.988335,0.752212,0,0.0222168,0.856918
258,1.03906,-0.0090332,-0.25,0.480469,-0.00869361,0.496532,0.41215,0.602056,0.532339,1.02403,0.581519,0.350107,0.360668,0.00265755,0,0,0,0,0,-0.0135487,-0.00558408,0.203114,0.361186,0.952473,0.758409,0.0390625,-0.0090332,0.990896
259,1.02344,0.0600586,-1.20312,0.339844,0.0586832,0.523398,0.44043,0.617117,0.574812,1.06905,0.728009,0.449267,2.06382,0.00598402,0,0,0,0,0,-0.0162631,-0.00716274,0.194748,0.448942,0.904481,0.764359,0.0234375,0.0600586,1.20334
260,0.945312,-0.106934,0.443359,0.539062,-0.11312,0.454968,0.325606,0.515204,0.371454,1.22683,0.689239,0.355099,0.60386,0.00313254,0,0,0,0,0,0.0154458,0.00502924,0.195365,0.347636,0.956597,0.767048,-0.0546875,-0.106934,1.00303
261,0.878906,0.0354004,0.824219,0.539062,0.0402778,0.516064,0.370144,0.524225,0.411818,1.04123,0.525735,0.275604,1.12259,0.00414569,0,0,0,0,0,-0.018084,-0.00669367,0.29987,0.380074,0.942325,0.762235,-0.121094,0.0354004,0.77707
262,1.0625,0.126953,0.138672,0.960938,0.119485,0.547555,0.489542,0.664109,0.680692,1.2169,0.539216,0.358098,0.141462,0.00222942,0,0,0,0,0,-0.0445231,-0.0217959,0.71983,0.264455,0.994444,0.751844,0.0625,0.126953,0.883308
263,1.01562,0.00132751,-0.957031,1.01562,0.00130709,0.500521,0.407932,0.591964,0.516829,1.06542,0.625737,0.370413,0.949641,0.00380789,0,0,0,0,0,-0.019235,-0.00784657,0.267983,0.31286,0.968804,0.777853,0.015625,0.00132751,1.07466
264,1.25,0.195312,0.0290527,0.789062,0.15625,0.562082,0.598909,0.798394,0.996125,0.931352,0.887888,0.708885,0.0327063,0.002017,0,0,0,0,0,-0.0589828,-0.0353254,0.579128,0.553601,0.834784,0.777001,0.25,0.195312,1.17063
265,1.00781,-0.0639648,-0.00512695,0.447266,-0.063469,0.474697,0.372153,0.565412,0.458188,1.20961,0.603888,0.341445,0.00766614,0.0019681,0,0,0,0,0,0.0104079,0.00387335,0.15025,0.311422,0.975056,0.756612,0.0078125,-0.0639648,0.983302
266,1.0625,0.130859,-0.000400543,0.566406,0.123162,0.54901,0.491495,0.66555,0.684524,1.02797,0.527718,0.351223,0.000532213,0.00195416,0,0,0,0,0,-0.0387079,-0.0190247,0.639448,0.294207,0.98302,0.753051,0.0625,0.130859,0.868259
267,1.00781,-0.177734,0.199219,0.40625,-0.176357,0.430007,0.315446,0.529598,0.37998,1.17931,0.907147,0.480423,0.31256,0.00256359,0,0,0,0,0,0.0290055,0.00914964,0.278746,0.343151,0.954811,0.783296,0.0078125,-0.177734,1.59233
268,0.878906,-0.0834961,0.535156,0.400391,-0.095,0.462157,0.310695,0.484084,0.330869,1.22454,0.671411,0.325019,0.845743,0.00360497,0,0,0,0,0,0.00294605,0.000915324,0.0382524,0.3296,0.965161,0.764732,-0.121094,-0.0834961,1.18297
269,0.996094,0.108398,0.294922,0.664062,0.108824,0.543329,0.453635,0.618699,0.588573,0.986536,0.557433,0.344883,0.361912,0.00265998,0,0,0,0,0,-0.0325217,-0.014753,0.508613,0.396241,0.932592,0.769084,-0.00390625,0.108398,0.868628
270,0.9375,-0.0158691,0.824219,0.527344,-0.0169271,0.493247,0.368005,0.540573,0.427647,1.09086,0.65884,0.356151,1.135,0.00416992,0,0,0,0,0,-0.00342252,-0.00125951,0.045287,0.398345,0.929667,0.778142,-0.0625,-0.0158691,0.894082
271,1.04688,-0.120117,-0.605469,0.679688,-0.114739,0.454326,0.359741,0.570021,0.454337,1.15115,0.739509,0.421536,0.734407,0.00338751,0,0,0,0,0,0.0153621,0.00552639,0.181098,0.424716,0.911104,0.808662,0.046875,-0.120117,1.17317
272,2,0.180664,0.59375,0.28125,0.090332,0.535988,0.892337,1.22876,2.30611,1.18013,1.73618,2.13335,1.11959,0.00413982,0,0,0,0,0,-0.0582984,-0.0520218,0.29273,0.803377,0.614588,0.766684,1,0.180664,3.35666
273,0.914062,0.0344238,0.769531,1.05469,0.0376603,0.515021,0.383753,0.54435,0.443583,1.2692,0.484253,0.263603,0.749315,0.00341663,0,0,0,0,0,-0.026054,-0.00999829,0.469038,0.295061,0.982956,0.752166,-0.0859375,0.0344238,0.831454
274,1.01562,0.0583496,-0.503906,0.894531,0.0574519,0.522907,0.436443,0.61196,0.564977,1.14627,0.469461,0.287291,0.532785,0.00299372,0,0,0,0,0,-0.0314718,-0.0137356,0.584425,0.270372,0.99264,0.750905,0.015625,0.0583496,0.860393
275,0.902344,-0.059082,0.78125,0.578125,-0.0654762,0.473897,0.332301,0.505645,0.366101,1.17083,0.600247,0.303512,1.02749,0.00395995,0,0,0,0,0,-0.00685662,-0.00227846,0.0995833,0.344632,0.959123,0.76243,-0.0976562,-0.059082,1.08165
276,1.04688,-0.0869141,-0.96875,0.384766,-0.0830224,0.466917,0.376342,0.580641,0.478778,1.02305,0.807159,0.46867,1.56176,0.00500343,0,0,0,0,0,0.00484838,0.00182465,0.0523654,0.425023,0.911773,0.802344,0.046875,-0.0869141,1.29611
277,0.96875,0.000732422,-1.77344,0.617188,0.000756048,0.500302,0.388837,0.564458,0.469808,1.16153,0.744508,0.420244,2.25739,0.0063621,0,0,0,0,0,-0.00909971,-0.00353831,0.106553,0.3409,0.958565,0.771322,-0.03125,0.000732422,1.20372
278,0.980469,0.00793457,-0.519531,0.554688,0.00809263,0.503228,0.397138,0.57377,0.48693,1.07485,0.76869,0.441051,0.69757,0.00331557,0,0,0,0,0,-0.0298867,-0.0118692,0.338949,0.323962,0.958713,0.803532,-0.0195312,0.00793457,1.39329
279,1.10938,-0.139648,-0.057373,0.566406,-0.12588,0.449913,0.375038,0.600171,0.500859,1.14024,0.865979,0.519736,0.0762332,0.00210202,0,0,0,0,0,0.0182218,0.00683387,0.183439,0.363964,0.946224,0.779462,0.109375,-0.139648,1.17198
280,0.992188,-0.0539551,-0.451172,0.617188,-0.0543799,0.478316,0.370892,0.559624,0.450739,1.01414,0.568869,0.318353,0.574293,0.00307479,0,0,0,0,0,0.00532627,0.00197547,0.081624,0.379295,0.941441,0.767729,-0.0078125,-0.0539551,1.03739
281,0.945312,-0.0198975,-0.832031,0.498047,-0.0210486,0.491603,0.369124,0.543754,0.431921,1.16172,0.423671,0.230373,1.17897,0.00425581,0,0,0,0,0,-0.00941091,-0.00347379,0.193647,0.294956,0.981719,0.756395,-0.0546875,-0.0198975,0.860154
282,0.902344,-0.0668945,0.417969,0.832031,-0.0741342,0.470452,0.328395,0.503086,0.360939,1.04032,0.607419,0.305584,0.45822,0.00284809,0,0,0,0,0,-0.0133554,-0.00438584,0.191679,0.356662,0.950945,0.77345,-0.0976562,-0.0668945,1.05071
283,1.00781,0.0441895,-0.9375,0.478516,0.0438469,0.517487,0.42623,0.602382,0.544536,1.12536,0.524334,0.315849,1.35526,0.00460012,0,0,0,0,0,-0.0277727,-0.0118376,0.461761,0.310543,0.976777,0.751986,0.0078125,0.0441895,0.664201
284,0.945312,-0.026123,0.0957031,0.371094,-0.0276343,0.488977,0.366011,0.541646,0.427344,0.870332,0.659758,0.357355,0.157103,0.00225997,0,0,0,0,0,0.0044898,0.00164332,0.0593266,0.444948,0.899187,0.818459,-0.0546875,-0.026123,1.02231
285,1.10156,0.0737305,-0.117188,0.949219,0.0669326,0.526682,0.478594,0.667475,0.674576,1.30414,0.655935,0.43782,0.120281,0.00218805,0,0,0,0,0,-0.0264999,-0.0126827,0.3522,0.297991,0.981537,0.753035,0.101562,0.0737305,0.891596
286,1.20312,0.0756836,0.0976562,1.70312,0.0629058,0.525079,0.520298,0.727281,0.799647,1.20739,0.71726,0.521649,0.0748302,0.00209928,0,0,0,0,0,-0.0465422,-0.0242158,0.565688,0.316814,0.972452,0.757896,0.203125,0.0756836,1.07531
287,1.17188,0.217773,-0.894531,0.960938,0.185833,0.573712,0.580546,0.760277,0.915054,1.05156,0.69655,0.529571,0.912532,0.00373541,0,0,0,0,0,-0.0606019,-0.0351822,0.758474,0.283939,0.987747,0.750543,0.171875,0.217773,0.962818
288,1.03906,-0.0147705,-0.410156,0.835938,-0.0142152,0.494329,0.409281,0.600096,0.527626,1.06061,0.792688,0.475689,0.448603,0.0028293,0,0,0,0,0,-0.0106852,-0.00437324,0.117513,0.464026,0.890113,0.802811,0.0390625,-0.0147705,1.23341
289,1.125,-0.183594,-0.0306396,0.429688,-0.163194,0.435183,0.359331,0.595734,0.484017,1.03331,0.787836,0.469341,0.046742,0.00204442,0,0,0,0,0,0.0388069,0.0139445,0.429418,0.502662,0.869485,0.776359,0.125,-0.183594,1.11915
290,1.01562,0.065918,1.125,0.789062,0.0649038,0.525875,0.440227,0.614664,0.571612,1.19914,0.462264,0.284137,1.26648,0.00442671,0,0,0,0,0,-0.022635,-0.00996454,0.426872,0.355004,0.956727,0.753371,0.015625,0.065918,1.00481
291,0.957031,0.0825195,1.74219,0.535156,0.0862245,0.534356,0.425032,0.586553,0.524696,1.02598,0.533261,0.312786,2.38152,0.00660454,0,0,0,0,0,-0.0372884,-0.0158487,0.609593,0.35029,0.956864,0.761183,-0.0429688,0.0825195,0.859003
292,1.05469,-0.109375,-0.118652,0.466797,-0.103704,0.458702,0.368245,0.577965,0.469648,1.10011,0.878844,0.507941,0.173665,0.00229231,0,0,0,0,0,0.0045934,0.00169149,0.0455647,0.397088,0.925388,0.806972,0.0546875,-0.109375,1.41554
293,1.10156,0.128906,-1.25,0.609375,0.117021,0.546578,0.506182,0.687525,0.728912,1.08874,0.616836,0.42409,1.60128,0.00508063,0,0,0,0,0,-0.0470477,-0.0238147,0.664929,0.353691,0.957516,0.752739,0.101562,0.128906,0.738311
294,1.01562,0.00982666,0.136719,0.605469,0.00967548,0.50386,0.412181,0.5949,0.5238,1.09921,0.736459,0.43812,0.175704,0.0022963,0,0,0,0,0,-0.013744,-0.005665,0.162693,0.463606,0.889585,0.810267,0.015625,0.00982666,0.968876
295,0.976562,0.0371094,0.574219,1.24219,0.038,0.515156,0.410159,0.581687,0.50659,1.11213,0.485557,0.282442,0.515209,0.00295939,0,0,0,0,0,-0.0229525,-0.00941418,0.412095,0.284525,0.986849,0.752702,-0.0234375,0.0371094,0.67183
296,0.933594,-0.00952148,0.151367,0.773438,-0.0101987,0.495931,0.369613,0.540464,0.428715,1.06282,0.510284,0.27579,0.172115,0.00228929,0,0,0,0,0,-0.0105962,-0.0039165,0.181028,0.380291,0.942399,0.761466,-0.0664062,-0.00952148,0.953622
297,0.863281,0.0639648,0.18457,0.546875,0.074095,0.529533,0.37816,0.525313,0.418959,1.10329,0.405775,0.213159,0.249585,0.00244059,0,0,0,0,0,-0.021692,-0.00820305,0.466038,0.293417,0.983689,0.751876,-0.136719,0.0639648,0.890244
298,0.890625,0.0717773,0.957031,1.07812,0.0805921,0.532117,0.393031,0.544039,0.450452,1.24682,0.793099,0.431477,0.921704,0.00375333,0,0,0,0,0,-0.00306421,-0.00120433,0.033682,0.335944,0.957714,0.784297,-0.109375,0.0717773,1.00142
299,1.02344,0.0187988,-0.222656,0.617188,0.0183683,0.507327,0.4198,0.602567,0.539319,1.04906,0.748251,0.450871,0.283417,0.00250667,0,0,0,0,0,-0.0152514,-0.00640253,0.177692,0.367142,0.941209,0.797446,0.0234375,0.0187988,1.07543
300,1.03906,0.100098,-0.496094,0.816406,0.0963346,0.538373,0.466715,0.640646,0.62825,1.09838,0.507443,0.325091,0.549048,0.00302549,0,0,0,0,0,-0.0356204,-0.0166246,0.611954,0.317626,0.973253,0.753916,0.0390625,0.100098,0.886179
301,0.992188,0.0869141,-0.875,0.75,0.0875984,0.534902,0.441327,0.608594,0.565156,1.1364,0.457487,0.278424,1.01036,0.00392649,0,0,0,0,0,-0.0321246,-0.0141774,0.61216,0.303305,0.979704,0.752077,-0.0078125,0.0869141,0.833824
302,0.917969,-0.0117798,0.945312,0.621094,-0.0128324,0.494881,0.362218,0.530593,0.41273,1.09687,0.662299,0.351411,1.19949,0.00429588,0,0,0,0,0,0.00914062,0.00331089,0.120317,0.382908,0.937473,0.777865,-0.0820312,-0.0117798,0.974579
303,1.03125,0.130859,-0.257812,0.785156,0.126894,0.550488,0.478963,0.647398,0.64853,1.12598,0.566672,0.366862,0.290955,0.0025214,0,0,0,0,0,-0.0297464,-0.0142474,0.457625,0.39467,0.93312,0.770402,0.03125,0.130859,0.745559
304,1.03906,0.0507812,0.925781,0.644531,0.0488722,0.519489,0.442057,0.622911,0.583433,1.13862,0.648407,0.4039,1.15315,0.00420537,0,0,0,0,0,-0.0278334,-0.012304,0.374219,0.335899,0.964943,0.755319,0.0390625,0.0507812,0.964741
305,1.11719,0.205078,0.523438,1.32812,0.183566,0.572823,0.551839,0.724097,0.828843,1.08186,0.733236,0.530934,0.454198,0.00284023,0,0,0,0,0,-0.0414882,-0.0228948,0.493274,0.488687,0.87548,0.802808,0.117188,0.205078,1.19613
306,0.945312,-0.0437012,0.917969,0.703125,-0.0462293,0.481564,0.357222,0.535746,0.414631,1.17239,0.709734,0.380237,1.09474,0.00409129,0,0,0,0,0,0.00924783,0.00330353,0.113593,0.338629,0.961295,0.764425,-0.0546875,-0.0437012,0.955831
307,1.00781,0.0110474,0.339844,0.835938,0.0109617,0.504373,0.409659,0.590773,0.516833,1.09671,0.658705,0.389145,0.3717,0.0026791,0,0,0,0,0,-0.00941206,-0.00385574,0.124566,0.298726,0.976919,0.768095,0.0078125,0.0110474,1.04131
308,0.964844,-0.0159912,0.695312,0.511719,-0.0165739,0.493388,0.378909,0.556456,0.453215,1.07244,0.674026,0.375066,0.971996,0.00385155,0,0,0,0,0,-0.00102595,-0.000388743,0.0132696,0.398246,0.932395,0.765179,-0.0351562,-0.0159912,0.981347
309,0.933594,-0.0507812,-0.0373535,0.554688,-0.0543933,0.478311,0.348983,0.526571,0.399066,1.06931,0.822271,0.432984,0.0501542,0.00205108,0,0,0,0,0,0.00169132,0.00059024,0.0179315,0.405358,0.923407,0.79304,-0.0664062,-0.0507812,1.28895
310,0.996094,0.0683594,0.617188,0.507812,0.0686275,0.527357,0.433616,0.604174,0.553048,1.08004,0.627382,0.379048,0.866095,0.00364472,0,0,0,0,0,-0.0143456,-0.00622046,0.199339,0.512939,0.861623,0.787451,-0.00390625,0.0683594,0.939493
311,1.39844,0.292969,-0.197266,0.648438,0.209497,0.58297,0.713883,0.916514,1.34963,1.05438,1.00644,0.922413,0.244973,0.00243159,0,0,0,0,0,-0.0672372,-0.0479995,0.582412,0.565001,0.828451,0.753912,0.398438,0.292969,1.51418
312,0.917969,0.0144653,-0.464844,0.421875,0.015758,0.506286,0.37534,0.539636,0.432088,1.14189,0.492665,0.26586,0.715674,0.00335093,0,0,0,0,0,-0.0195341,-0.00733195,0.34566,0.38042,0.942375,0.761295,-0.0820312,0.0144653,0.830245
313,0.933594,-0.0354004,0.140625,0.542969,-0.0379184,0.484876,0.356673,0.531699,0.409919,1.11323,0.55132,0.293136,0.190843,0.00232586,0,0,0,0,0,0.0192693,0.00687285,0.304698,0.395115,0.934476,0.763123,-0.0664062,-0.0354004,1.18067
314,0.992188,0.0354004,-1.45312,0.609375,0.0356791,0.514231,0.41557,0.590183,0.521014,0.996798,0.580641,0.342684,1.86149,0.00558885,0,0,0,0,0,-0.0125546,-0.0052173,0.188496,0.331315,0.963235,0.769349,-0.0078125,0.0354004,0.984301
315,1.03906,0.0505371,0.115234,0.613281,0.0486372,0.519396,0.441935,0.622824,0.583217,1.22301,0.814755,0.507449,0.147147,0.00224052,0,0,0,0,0,-0.0139603,-0.00616956,0.149374,0.358409,0.948799,0.779459,0.0390625,0.0505371,1.19815
316,1.07031,0.119629,0.222656,0.601562,0.11177,0.544497,0.489012,0.665955,0.682629,1.02537,0.593031,0.394932,0.287074,0.00251382,0,0,0,0,0,-0.0375588,-0.0183667,0.55213,0.296342,0.982639,0.751559,0.0703125,0.119629,0.711852
317,0.976562,-0.00335693,-0.675781,0.640625,-0.0034375,0.498629,0.389925,0.567602,0.474214,1.02113,0.576503,0.327224,0.844314,0.00360218,0,0,0,0,0,-0.00892273,-0.0034792,0.134928,0.305041,0.975672,0.763575,-0.0234375,-0.00335693,0.983137
318,0.953125,0.0151978,-0.671875,0.8125,0.0159452,0.506361,0.389804,0.560365,0.465956,1.27706,0.653959,0.366456,0.745378,0.00340894,0,0,0,0,0,-0.0141893,-0.00553106,0.189155,0.322507,0.967856,0.765976,-0.046875,0.0151978,1.04025
319,1,-0.0515137,0.0512695,0.542969,-0.0515137,0.479458,0.375246,0.564981,0.460013,0.980958,0.62798,0.354796,0.069578,0.00208902,0,0,0,0,0,-0.0144382,-0.00541788,0.200436,0.375089,0.941854,0.775179,0,-0.0515137,1.0002
320,0.972656,-0.046875,0.292969,0.40625,-0.0481928,0.480781,0.3666,0.550606,0.437563,1.11421,0.665978,0.366692,0.459647,0.00285087,0,0,0,0,0,-0.00385229,-0.00141225,0.0504274,0.334789,0.959966,0.776612,-0.0273438,-0.046875,0.984464
321,0.960938,-0.0244141,0.585938,0.953125,-0.0254065,0.489865,0.373131,0.551322,0.443183,1.09578,0.676267,0.372841,0.600173,0.00312534,0,0,0,0,0,-0.0153012,-0.00570934,0.197248,0.336048,0.960876,0.770585,-0.0390625,-0.0244141,0.940176
322,0.96875,-0.0898438,-0.310547,0.523438,-0.0927419,0.463054,0.343549,0.53427,0.403471,0.978449,0.767515,0.41006,0.429235,0.00279147,0,0,0,0,0,0.014298,0.00491206,0.162403,0.35919,0.945853,0.792051,-0.03125,-0.0898438,1.2392
323,1.03906,-0.212891,-0.261719,0.34375,-0.204887,0.41883,0.314483,0.534833,0.384946,0.989745,0.929353,0.497049,0.446389,0.00282498,0,0,0,0,0,0.0375006,0.0117933,0.351774,0.426677,0.908609,0.821293,0.0390625,-0.212891,1.54065
324,0.988281,0.00595093,0.695312,0.5625,0.00602149,0.502402,0.399279,0.577634,0.493084,1.27418,0.852144,0.492227,0.927083,0.00376383,0,0,0,0,0,0.00839464,0.0033518,0.0858808,0.333542,0.960217,0.777825,-0.0117188,0.00595093,1.20226
325,0.835938,-0.1875,-0.550781,0.441406,-0.224299,0.411262,0.247124,0.424224,0.241036,1.05324,0.69857,0.29635,0.82901,0.00357229,0,0,0,0,0,0.032423,0.00801249,0.404623,0.375088,0.944613,0.762996,-0.164062,-0.1875,1.13002
326,1.10938,-0.128906,0.175781,0.494141,-0.116197,0.453748,0.380409,0.603542,0.508974,1.10135,0.997044,0.601758,0.250062,0.00244153,0,0,0,0,0,0.0226946,0.00863324,0.198434,0.417779,0.91549,0.802963,0.109375,-0.128906,1.513
327,1.00781,-0.0274658,0.11084,0.484375,-0.0272529,0.489129,0.390402,0.577587,0.48602,1.08203,0.819898,0.473562,0.159259,0.00226418,0,0,0,0,0,0.0153323,0.00598575,0.163025,0.341555,0.956981,0.776777,0.0078125,-0.0274658,1.40373
328,0.832031,-0.0869141,0.894531,0.714844,-0.10446,0.458402,0.290189,0.45575,0.291918,1.07596,0.750428,0.342008,1.05801,0.00401955,0,0,0,0,0,0.00696905,0.00202235,0.0809601,0.430875,0.911939,0.780463,-0.167969,-0.0869141,0.840561
329,1.10938,-0.0654297,-0.439453,0.390625,-0.0589789,0.476484,0.412147,0.624033,0.559283,1.08235,0.925015,0.57724,0.703125,0.00332642,0,0,0,0,0,-0.00438178,-0.00180594,0.0412961,0.446738,0.897809,0.822742,0.109375,-0.0654297,1.35151
330,1,0.0751953,-1.35938,0.707031,0.0751953,0.52997,0.4386,0.608904,0.563134,1.24215,0.566639,0.345029,1.61666,0.00511067,0,0,0,0,0,-0.0402575,-0.0176569,0.619366,0.329108,0.968449,0.753493,0,0.0751953,0.888434
331,1.98438,0.161133,-1.00781,0.25,0.0812008,0.532359,0.876305,1.21259,2.23829,1.05866,1.71315,2.07735,2.01562,0.00588989,0,0,0,0,0,-0.050744,-0.0444673,0.258224,0.864167,0.551445,0.777004,0.984375,0.161133,3.21778
332,0.953125,0.0717773,1.4375,0.855469,0.0753074,0.530015,0.418094,0.5804,0.511667,1.08871,0.539341,0.313034,1.5542,0.00498866,0,0,0,0,0,-0.0288666,-0.012069,0.466594,0.328653,0.966486,0.761283,-0.046875,0.0717773,0.973352
333,0.984375,-0.060791,1.13281,0.742188,-0.061756,0.475379,0.364341,0.552818,0.438352,1.11252,0.632462,0.349636,1.31493,0.00452134,0,0,0,0,0,0.00761695,0.00277517,0.104991,0.298552,0.978743,0.761782,-0.015625,-0.060791,1.37403
334,1.05469,0.103027,-0.275391,0.451172,0.0976852,0.538909,0.474446,0.650798,0.648637,0.888182,0.503173,0.327464,0.409995,0.0027539,0,0,0,0,0,-0.0376023,-0.0178402,0.651484,0.292092,0.983751,0.753352,0.0546875,0.103027,0.911859
335,1.05469,0.117676,-0.753906,0.925781,0.111574,0.544419,0.48177,0.656157,0.662644,0.959019,0.528222,0.346597,0.783544,0.00348348,0,0,0,0,0,-0.0385128,-0.0185543,0.635617,0.317803,0.973778,0.751872,0.0546875,0.117676,0.783296
336,0.898438,-0.0527344,-0.695312,0.632812,-0.0586957,0.476597,0.333908,0.505463,0.366988,1.08969,0.597519,0.302024,0.874063,0.00366028,0,0,0,0,0,-0.00214606,-0.000716587,0.031311,0.391945,0.932729,0.779091,-0.101562,-0.0527344,1.09751
337,0.9375,-0.0314941,-1.10938,0.589844,-0.0335937,0.486601,0.360193,0.535285,0.416269,1.08363,0.488197,0.261325,1.44447,0.00477436,0,0,0,0,0,-0.00812611,-0.00292696,0.145109,0.338367,0.96304,0.758251,-0.0625,-0.0314941,0.894385
338,1.0625,0.0458984,-0.683594,0.59375,0.0431985,0.517228,0.449014,0.634826,0.604618,1.09635,0.813063,0.516154,0.887148,0.00368584,0,0,0,0,0,-0.0165548,-0.00743333,0.177503,0.378172,0.939521,0.779165,0.0625,0.0458984,1.23623
339,1.0625,-0.0859375,0.161133,0.5625,-0.0808824,0.467768,0.383096,0.590045,0.494916,1.0587,0.810888,0.47846,0.214844,0.00237274,0,0,0,0,0,0.0117346,0.00449549,0.126158,0.348215,0.952966,0.781507,0.0625,-0.0859375,1.27556
340,0.941406,-0.0258789,-0.738281,0.5625,-0.0274896,0.489035,0.364567,0.539453,0.423919,1.02583,0.482315,0.260186,0.984375,0.00387573,0,0,0,0,0,-0.00986526,-0.00359654,0.178314,0.314518,0.97466,0.753562,-0.0585938,-0.0258789,0.997518
341,0.988281,-0.0649414,-0.257812,0.601562,-0.0657115,0.473804,0.363832,0.553725,0.438986,1.05229,0.805142,0.445828,0.332402,0.00260235,0,0,0,0,0,0.0111573,0.00405938,0.120807,0.377345,0.935959,0.800283,-0.0117188,-0.0649414,1.61258
342,0.902344,-0.012085,-0.357422,0.605469,-0.0133929,0.494657,0.355799,0.521389,0.398439,1.0627,0.534628,0.278749,0.459341,0.00285028,0,0,0,0,0,-0.0119641,-0.00425682,0.19509,0.310978,0.974387,0.75959,-0.0976562,-0.012085,0.870763
343,1.07031,0.117676,-1.01562,1.16406,0.109945,0.543774,0.488036,0.665238,0.680721,1.15966,0.547237,0.364043,0.941337,0.00379167,0,0,0,0,0,-0.0384654,-0.0187725,0.612776,0.275449,0.990871,0.750669,0.0703125,0.117676,0.714828
344,0.984375,0.0913086,0.699219,0.722656,0.0927579,0.536952,0.440391,0.605646,0.560751,1.02569,0.5778,0.349942,0.822521,0.00355961,0,0,0,0,0,-0.0352041,-0.0155036,0.531156,0.362806,0.95228,0.756154,-0.015625,0.0913086,0.867311
345,0.953125,0.00018692,-0.726562,0.59375,0.000196113,0.500078,0.382299,0.55517,0.454367,1.31227,0.510137,0.283213,0.942912,0.00379475,0,0,0,0,0,-0.0145674,-0.00556911,0.248945,0.288313,0.984741,0.754872,-0.046875,0.00018692,0.933189
346,1.04688,-0.0932617,-0.294922,0.652344,-0.0890858,0.464507,0.373168,0.578589,0.47402,1.16396,0.696873,0.403203,0.365148,0.0026663,0,0,0,0,0,0.013893,0.00518444,0.1738,0.305636,0.974136,0.768335,0.046875,-0.0932617,1.4595
347,0.992188,-0.0668945,0.984375,0.498047,-0.0674213,0.473123,0.364422,0.555357,0.441225,1.24426,0.778071,0.432107,1.39484,0.00467743,0,0,0,0,0,0.0135943,0.00495406,0.152315,0.353014,0.951862,0.776763,-0.0078125,-0.0668945,1.10415
348,0.96875,0.0336914,0.660156,0.984375,0.0347782,0.513872,0.405317,0.575934,0.495982,1.22736,0.672008,0.387033,0.665375,0.00325269,0,0,0,0,0,-0.0248445,-0.0100699,0.322301,0.306011,0.975115,0.764182,-0.03125,0.0336914,1.00504
349,0.933594,0.0810547,-0.249023,1.09375,0.0868201,0.534593,0.414901,0.57239,0.499773,1.4199,0.535365,0.306438,0.238112,0.00241819,0,0,0,0,0,-0.0380324,-0.0157797,0.619313,0.273168,0.991047,0.752731,-0.0664062,0.0810547,0.967881
350,0.898438,0.0383301,1.63281,0.5625,0.042663,0.517015,0.379441,0.536631,0.431948,1.19121,0.57005,0.305907,2.17708,0.00620524,0,0,0,0,0,-0.01477,-0.00560432,0.225877,0.316772,0.972005,0.759546,-0.101562,0.0383301,0.906697
351,1.0625,0.0629883,-1.47656,0.578125,0.0592831,0.523637,0.457559,0.640898,0.620111,1.01633,0.546985,0.350562,1.94196,0.00574602,0,0,0,0,0,-0.0350157,-0.0160218,0.558077,0.318604,0.972447,0.755279,0.0625,0.0629883,0.835785
352,0.992188,-0.00515747,-1.35938,0.476562,-0.00519808,0.497926,0.395291,0.576084,0.488127,1.15633,0.798525,0.460017,1.96915,0.00579913,0,0,0,0,0,0.000423733,0.000167498,0.00462605,0.33523,0.958656,0.781455,-0.0078125,-0.00515747,1.20441
353,1,-0.0419922,0.112305,0.59375,-0.0419922,0.483252,0.380006,0.568154,0.467204,1.03256,0.71461,0.406008,0.145746,0.00223778,0,0,0,0,0,-0.00504293,-0.00191634,0.0615206,0.362699,0.948631,0.771287,0,-0.0419922,0.956904
354,1.01562,-0.12207,-0.53125,0.664062,-0.120192,0.452165,0.346233,0.551262,0.423767,1.05113,0.697109,0.38429,0.65192,0.00322641,0,0,0,0,0,0.0165451,0.00572847,0.206908,0.35548,0.949278,0.783463,0.015625,-0.12207,1.21328
355,0.976562,0.0446777,0.574219,1.27344,0.04575,0.518245,0.413943,0.584362,0.512827,1.23951,0.58362,0.341045,0.508849,0.00294697,0,0,0,0,0,-0.0351949,-0.0145687,0.525721,0.301633,0.979955,0.753471,-0.0234375,0.0446777,0.8302
356,0.878906,0.0742188,1.07031,1.00781,0.0844444,0.533648,0.389553,0.538105,0.441308,1.11725,0.622786,0.335124,1.06616,0.00403546,0,0,0,0,0,-0.0182234,-0.00709898,0.255093,0.305157,0.976932,0.758948,-0.121094,0.0742188,0.785095
357,1.03125,0.105957,-1.25,0.605469,0.102746,0.540918,0.466512,0.638241,0.624985,1.06644,0.553253,0.353109,1.60644,0.0050907,0,0,0,0,0,-0.025157,-0.011736,0.396407,0.362555,0.951991,0.757741,0.03125,0.105957,1.02816
358,0.957031,0.0432129,-0.730469,1.14062,0.0451531,0.518007,0.405378,0.572472,0.492056,1.19263,0.506892,0.290182,0.683959,0.00328898,0,0,0,0,0,-0.0267157,-0.01083,0.459471,0.320522,0.972121,0.753596,-0.0429688,0.0432129,0.847797
359,0.964844,0.102051,0.0324707,1.09375,0.105769,0.542117,0.43793,0.598209,0.549637,1.09665,0.779575,0.466349,0.0310479,0.00201377,0,0,0,0,0,-0.0237635,-0.0104067,0.265741,0.322603,0.966481,0.771139,-0.0351562,0.102051,1.09787
360,1.04688,-0.0825195,-0.226562,0.449219,-0.0788246,0.468586,0.37854,0.582068,0.482095,0.958188,0.670712,0.3904,0.338033,0.00261335,0,0,0,0,0,0.00791404,0.00299578,0.102865,0.41,0.923143,0.78069,0.046875,-0.0825195,1.13609
361,0.984375,0.0169678,0.867188,0.527344,0.0172371,0.506876,0.403221,0.57918,0.498037,1.02236,0.57059,0.330475,1.19417,0.00428549,0,0,0,0,0,-0.0151199,-0.00609664,0.23101,0.402092,0.931012,0.762307,-0.015625,0.0169678,0.864533
362,0.980469,0.0546875,-0.165039,0.726562,0.0557769,0.52224,0.420514,0.590191,0.525158,1.24189,0.525166,0.309949,0.19362,0.00233129,0,0,0,0,0,-0.0285102,-0.0119889,0.473272,0.328759,0.96875,0.752974,-0.0195312,0.0546875,0.794974
363,1.00781,-0.0339355,-0.0583496,0.992188,-0.0336725,0.486569,0.387167,0.575405,0.48099,1.05445,0.488256,0.280945,0.0585789,0.00206754,0,0,0,0,0,-0.0117873,-0.00456367,0.210462,0.317655,0.971586,0.759727,0.0078125,-0.0339355,1.05854
364,1.01562,0.0791016,-0.236328,0.492188,0.0778846,0.53104,0.446819,0.619403,0.583307,1.04462,0.514164,0.318474,0.336861,0.00261106,0,0,0,0,0,-0.0316907,-0.01416,0.537325,0.352878,0.95563,0.761334,0.015625,0.0791016,0.797646
365,0.894531,-0.0495605,0.0456543,1.10938,-0.0554039,0.477908,0.333929,0.504239,0.365766,1.15535,0.633733,0.319553,0.0433453,0.00203778,0,0,0,0,0,-0.0200777,-0.00670451,0.276194,0.309373,0.974765,0.760574,-0.105469,-0.0495605,0.937633
366,1.02344,0.0356445,-0.376953,0.380859,0.0348282,0.513892,0.428223,0.608465,0.553605,0.957828,0.473115,0.287874,0.610808,0.00314611,0,0,0,0,0,-0.0236906,-0.0101449,0.436532,0.3077,0.978217,0.751089,0.0234375,0.0356445,0.767606
367,1.07031,0.0454102,-1.125,0.730469,0.042427,0.516921,0.451903,0.639202,0.612795,1.15657,0.694201,0.443735,1.31629,0.004524,0,0,0,0,0,-0.0153668,-0.00694428,0.192976,0.462727,0.896195,0.764736,0.0703125,0.0454102,1.13109
368,0.902344,-0.0537109,0.332031,0.617188,-0.0595238,0.476267,0.334987,0.507414,0.369685,1.19263,0.69845,0.354403,0.42264,0.00277859,0,0,0,0,0,-0.00724132,-0.00242575,0.0903835,0.333943,0.963561,0.763643,-0.0976562,-0.0537109,1.06607
369,1.07031,0.0844727,0.542969,0.933594,0.0789234,0.531453,0.471434,0.653156,0.648863,1.08918,0.766177,0.500433,0.561948,0.00305068,0,0,0,0,0,-0.034381,-0.0162084,0.391197,0.345047,0.957905,0.76649,0.0703125,0.0844727,1.03237
370,1.09375,-0.0532227,0.231445,0.503906,-0.0486607,0.480595,0.411985,0.618985,0.552874,1.19867,0.794092,0.491531,0.326042,0.00258993,0,0,0,0,0,0.00279331,0.0011508,0.0306659,0.402169,0.927457,0.779416,0.09375,-0.0532227,1.08233
371,1.14844,0.0942383,0.238281,0.734375,0.0820578,0.5327,0.507645,0.702132,0.750693,1.10407,0.78032,0.547888,0.278055,0.0024962,0,0,0,0,0,-0.048306,-0.0245223,0.539679,0.40044,0.932701,0.758681,0.148438,0.0942383,1.4872
372,0.933594,0.0722656,1.54688,0.482422,0.0774059,0.53085,0.410506,0.569213,0.492518,1.04234,0.639163,0.36382,2.22711,0.00630295,0,0,0,0,0,-0.0291037,-0.0119473,0.396957,0.374018,0.943413,0.770445,-0.0664062,0.0722656,1.00036
373,1.02344,-0.143555,0.134766,0.523438,-0.140267,0.444224,0.338624,0.549109,0.416186,1.13927,0.802944,0.440903,0.186272,0.00231694,0,0,0,0,0,0.0254541,0.00861935,0.276362,0.356461,0.952037,0.769174,0.0234375,-0.143555,1.22061
374,1.01562,0.0810547,0.445312,0.699219,0.0798077,0.531805,0.447795,0.620107,0.585054,1.01206,0.567162,0.351701,0.532548,0.00299326,0,0,0,0,0,-0.0280786,-0.0125734,0.431593,0.379024,0.944147,0.756868,0.015625,0.0810547,0.980729
375,1.15625,0.0932617,-0.539062,0.546875,0.0806588,0.532143,0.51029,0.706324,0.759289,0.987862,0.71016,0.501603,0.728946,0.00337685,0,0,0,0,0,-0.0419026,-0.0213825,0.51439,0.43668,0.912281,0.760801,0.15625,0.0932617,1.36831
376,1.125,0.10791,-1.45312,0.769531,0.0959201,0.538208,0.505083,0.693461,0.735997,1.05367,0.624017,0.432732,1.65649,0.00518846,0,0,0,0,0,-0.0369434,-0.0186595,0.516116,0.393091,0.937663,0.753996,0.125,0.10791,0.962278
377,1.03906,0.0478516,0.625,0.691406,0.0460526,0.518366,0.440592,0.621872,0.580847,1.23227,0.781813,0.486188,0.751646,0.00342118,0,0,0,0,0,-0.0188091,-0.00828713,0.209735,0.333076,0.962671,0.76857,0.0390625,0.0478516,1.13251
378,0.921875,-0.0634766,0.878906,0.542969,-0.0688559,0.472552,0.337936,0.515567,0.38001,1.13158,0.703893,0.362904,1.19277,0.00428275,0,0,0,0,0,-2.21855e-05,-7.49727e-06,0.00027477,0.329837,0.964561,0.766646,-0.078125,-0.0634766,1.10336
379,1.05469,0.0961914,-1.15625,1.01562,0.0912037,0.536335,0.471028,0.648311,0.642174,1.08757,0.558278,0.361938,1.14732,0.00419399,0,0,0,0,0,-0.0365971,-0.0172383,0.571483,0.258735,0.996993,0.750136,0.0546875,0.0961914,0.69993
380,0.984375,0.140625,0.176758,1.32031,0.142857,0.556798,0.465049,0.623806,0.605404,1.02897,0.819906,0.511462,0.15383,0.00225357,0,0,0,0,0,-0.0150486,-0.00699832,0.160006,0.344146,0.951485,0.797341,-0.015625,0.140625,1.10464
381,0.886719,0.0534668,1.16406,0.714844,0.0602974,0.524041,0.38231,0.535189,0.432587,1.15296,0.573502,0.306931,1.3768,0.00464219,0,0,0,0,0,-0.0251192,-0.00960331,0.381837,0.32856,0.965762,0.764147,-0.113281,0.0534668,0.964829
382,1.01562,0.0615234,-0.333984,0.574219,0.0605769,0.524152,0.43803,0.613093,0.567753,1.04712,0.638348,0.391367,0.440745,0.00281396,0,0,0,0,0,-0.0289857,-0.0126966,0.395852,0.436633,0.910278,0.771515,0.015625,0.0615234,1.06077
383,1.10938,0.150391,-0.863281,0.408203,0.135563,0.553917,0.520057,0.700008,0.760471,0.959585,0.685447,0.479819,1.35118,0.00459215,0,0,0,0,0,-0.0438212,-0.0227895,0.557336,0.464424,0.895954,0.76022,0.109375,0.150391,1.02779
384,1.03906,0.0541992,-0.257812,0.675781,0.0521617,0.5208,0.443766,0.624125,0.58646,1.06169,0.552706,0.344958,0.313618,0.00256566,0,0,0,0,0,-0.0361941,-0.0160617,0.570887,0.34425,0.961779,0.753146,0.0390625,0.0541992,0.83988
385,1.00781,-0.0515137,0.267578,0.613281,-0.0511143,0.479617,0.378378,0.569528,0.467533,0.930851,0.619369,0.352748,0.341681,0.00262047,0,0,0,0,0,-0.0192714,-0.00729187,0.27125,0.491842,0.875083,0.787456,0.0078125,-0.0515137,1.16348
386,0.960938,0.108398,-0.251953,0.894531,0.112805,0.544907,0.439537,0.598266,0.551116,1.1205,0.627143,0.375199,0.266392,0.00247342,0,0,0,0,0,-0.0267712,-0.0117669,0.372141,0.395819,0.934371,0.76197,-0.0390625,0.108398,0.835068
387,0.964844,0.0612793,0.707031,1.0625,0.0635121,0.525321,0.417544,0.583451,0.514758,1.23543,0.554406,0.323469,0.685921,0.00329281,0,0,0,0,0,-0.0291375,-0.0121662,0.458174,0.33442,0.964888,0.757896,-0.0351562,0.0612793,0.932556
388,1.22656,0.0898438,-0.765625,0.554688,0.0732484,0.529196,0.536776,0.745999,0.844644,1.13677,0.787785,0.587687,1.028,0.00396093,0,0,0,0,0,-0.0409759,-0.0219949,0.453448,0.578587,0.818191,0.753388,0.226562,0.0898438,1.37793
389,0.953125,0.143555,-0.0839844,0.613281,0.150615,0.55986,0.453983,0.606764,0.574262,1.03252,0.62711,0.380507,0.107243,0.00216258,0,0,0,0,0,-0.040697,-0.0184757,0.565751,0.382524,0.940911,0.763038,-0.046875,0.143555,0.824041
390,0.96875,0.0500488,0.433594,0.59375,0.0516633,0.520602,0.413495,0.581719,0.509376,0.984203,0.634537,0.369122,0.562706,0.00305216,0,0,0,0,0,-0.0200294,-0.00828206,0.275181,0.380759,0.940026,0.770831,-0.03125,0.0500488,0.987911
391,0.976562,0.0233154,-0.0344238,0.667969,0.023875,0.509524,0.403262,0.576845,0.49537,1.0205,0.404884,0.233555,0.0421193,0.00203539,0,0,0,0,0,-0.0163283,-0.00658457,0.351575,0.277818,0.989444,0.752417,-0.0234375,0.0233154,0.784886
392,0.890625,0.00320435,0.0142212,1.11719,0.00359786,0.501435,0.358745,0.51981,0.3989,1.14186,0.59761,0.310644,0.0134547,0.0019794,0,0,0,0,0,-0.00855596,-0.00306941,0.124812,0.37222,0.943963,0.771876,-0.109375,0.00320435,0.926818
393,1.02344,0.109375,-0.341797,0.894531,0.10687,0.542554,0.465088,0.63495,0.619469,1.05869,0.647006,0.410816,0.361385,0.00265896,0,0,0,0,0,-0.0400992,-0.0186497,0.540299,0.403598,0.929334,0.766382,0.0234375,0.109375,1.04369
394,1.09375,0.169922,-0.734375,0.890625,0.155357,0.56173,0.523557,0.698229,0.761635,1.03147,0.613037,0.42804,0.778163,0.00347297,0,0,0,0,0,-0.0465541,-0.0243737,0.662031,0.330656,0.968358,0.751447,0.09375,0.169922,0.854727
395,1.0625,-0.131836,-0.777344,0.308594,-0.124081,0.450626,0.360147,0.57541,0.460802,1.02552,0.900878,0.518374,1.39933,0.00468619,0,0,0,0,0,0.0266212,0.00958753,0.257613,0.448956,0.897878,0.809865,0.0625,-0.131836,1.37092
396,1.03906,0.0273438,-0.00854492,0.570312,0.0263158,0.510497,0.430338,0.61465,0.562986,1.18548,0.479965,0.29501,0.0113149,0.00197522,0,0,0,0,0,-0.0189561,-0.00815755,0.344308,0.309818,0.977214,0.751529,0.0390625,0.0273438,0.91363
397,0.960938,-0.0257568,1.22656,0.378906,-0.0268039,0.489308,0.37246,0.550868,0.442182,0.99128,0.679763,0.37446,1.99262,0.00584495,0,0,0,0,0,-0.00470809,-0.00175357,0.0603801,0.429256,0.911742,0.787106,-0.0390625,-0.0257568,0.979869
398,0.980469,-0.0913086,-0.957031,0.648438,-0.0931275,0.462901,0.347516,0.540612,0.413028,1.28868,0.793094,0.428756,1.18848,0.00427438,0,0,0,0,0,0.025211,0.00876124,0.277123,0.340205,0.957592,0.776701,-0.0195312,-0.0913086,1.40279
399,1.14844,0.0874023,0.804688,0.691406,0.0761054,0.530332,0.504227,0.699665,0.743776,0.897894,0.750932,0.5254,0.967744,0.00384325,0,0,0,0,0,-0.0384616,-0.0193934,0.446513,0.629409,0.777098,0.783105,0.148438,0.0874023,1.48554
400,0.976562,0.0917969,-0.324219,0.527344,0.094,0.537445,0.437502,0.601281,0.552947,0.983272,0.720823,0.433417,0.446469,0.00282513,0,0,0,0,0,-0.0317073,-0.013872,0.383475,0.552573,0.834615,0.790799,-0.0234375,0.0917969,1.13964
401,1.10156,0.135742,-1.36719,0.492188,0.123227,0.549036,0.5096,0.690046,0.735856,1.04315,0.68493,0.472633,1.94878,0.00575934,0,0,0,0,0,-0.0447677,-0.0228136,0.569803,0.370694,0.949059,0.753798,0.101562,0.135742,1.04078
402,1,0.0383301,-0.394531,0.972656,0.0383301,0.515288,0.420167,0.595764,0.531476,1.31398,0.501826,0.29897,0.400038,0.00273445,0,0,0,0,0,-0.0303078,-0.0127344,0.526512,0.271951,0.99201,0.751092,0,0.0383301,0.750051
403,1.03125,-0.0634766,0.412109,0.439453,-0.061553,0.475459,0.381795,0.579211,0.481254,1.0744,0.744582,0.43127,0.621665,0.00316731,0,0,0,0,0,0.0140489,0.00536379,0.164488,0.393493,0.932143,0.778107,0.03125,-0.0634766,1.20916
404,1.03906,0.0297852,0.0202637,0.539062,0.0286654,0.511434,0.431559,0.615505,0.56509,0.966379,0.521389,0.320918,0.0275993,0.00200703,0,0,0,0,0,-0.0293868,-0.0126822,0.491357,0.29296,0.982665,0.755827,0.0390625,0.0297852,0.712604
405,1.08594,0.116699,-0.455078,2.57812,0.107464,0.54279,0.493813,0.673962,0.698076,1.2681,0.536768,0.361761,0.283422,0.00250668,0,0,0,0,0,-0.0446155,-0.0220317,0.724613,0.256998,0.997508,0.750385,0.0859375,0.116699,0.819649
406,0.960938,-0.043457,-0.267578,0.464844,-0.0452236,0.481965,0.36361,0.544923,0.429153,1.04639,0.929294,0.506394,0.392462,0.00271965,0,0,0,0,0,0.0174185,0.00633354,0.163405,0.415299,0.915556,0.81204,-0.0390625,-0.043457,1.32384
407,0.929688,0.0107422,0.498047,0.398438,0.0115546,0.50461,0.378178,0.545168,0.440227,1.07687,0.7186,0.391758,0.789024,0.00349419,0,0,0,0,0,-0.00677822,-0.00256337,0.0822309,0.407318,0.92473,0.779702,-0.0703125,0.0107422,1.04736
408,0.957031,0.0673828,-0.124023,0.929688,0.0704082,0.528066,0.417463,0.581092,0.511944,1.14685,0.751507,0.436695,0.128628,0.00220435,0,0,0,0,0,0.00565449,0.00236054,0.0655944,0.356885,0.950363,0.775559,-0.0429688,0.0673828,1.04617
409,1.03125,-0.0050354,0.0742188,0.396484,-0.00488281,0.498052,0.411016,0.598876,0.527586,1.14461,0.677585,0.405789,0.117869,0.00218334,0,0,0,0,0,-0.00835668,-0.00343473,0.107517,0.309904,0.971663,0.77124,0.03125,-0.0050354,1.15522
410,0.953125,-0.00878906,0.229492,0.617188,-0.00922131,0.496321,0.377811,0.552089,0.447544,1.08662,0.749884,0.414003,0.292119,0.00252367,0,0,0,0,0,0.000361192,0.000136462,0.00419904,0.349819,0.953291,0.776832,-0.046875,-0.00878906,1.03329
411,1,0.00476074,0.371094,0.5,0.00476074,0.501899,0.403383,0.584048,0.503829,1.01388,0.597055,0.348709,0.524806,0.00297814,0,0,0,0,0,-0.0132743,-0.00535464,0.193823,0.38976,0.935193,0.772407,0,0.00476074,1.17756
412,1.01562,-0.0109863,-0.335938,0.464844,-0.0108173,0.495685,0.401775,0.587738,0.506859,1.12382,0.664262,0.390412,0.492725,0.00291548,0,0,0,0,0,-0.00791991,-0.00318202,0.103941,0.339099,0.958546,0.774702,0.015625,-0.0109863,1.23351
413,1.05469,-0.115234,0.180664,0.371094,-0.109259,0.456498,0.365315,0.576103,0.46535,1.01254,0.893709,0.514868,0.296572,0.00253237,0,0,0,0,0,0.0174499,0.00637472,0.170218,0.501726,0.866058,0.82381,0.0546875,-0.115234,1.34128
414,0.988281,0.0303955,-1.57812,0.6875,0.0307559,0.512268,0.411501,0.586149,0.512904,1.1069,0.478431,0.280432,1.90329,0.00567049,0,0,0,0,0,-0.0207134,-0.00852358,0.377432,0.394787,0.936476,0.755248,-0.0117188,0.0303955,0.922804
415,0.917969,0.0269775,-0.90625,0.550781,0.0293883,0.511723,0.381596,0.544006,0.441558,1.27024,0.70306,0.382469,1.22112,0.00433813,0,0,0,0,0,-0.0125634,-0.00479415,0.155784,0.323925,0.968323,0.761982,-0.0820312,0.0269775,1.1804
416,0.960938,0.0717773,-0.644531,0.369141,0.0746951,0.529771,0.421227,0.584946,0.519594,0.945708,0.474582,0.277605,1.06084,0.00402507,0,0,0,0,0,-0.0253361,-0.0106723,0.46541,0.370672,0.946222,0.765296,-0.0390625,0.0717773,0.852534
417,0.960938,0.0500488,-0.347656,0.359375,0.0520833,0.520769,0.410363,0.577171,0.501524,1.02852,0.659149,0.380442,0.579931,0.0030858,0,0,0,0,0,-0.0145595,-0.00597467,0.192561,0.452874,0.902022,0.765134,-0.0390625,0.0500488,1.2173
418,1.03125,-0.0283203,-0.390625,0.921875,-0.0274621,0.489046,0.399374,0.590946,0.508716,1.14967,0.593377,0.350654,0.40684,0.00274774,0,0,0,0,0,-0.0111712,-0.0044615,0.164126,0.289318,0.981529,0.764493,0.03125,-0.0283203,0.986026
419,0.972656,-0.0257568,1,0.476562,-0.0264809,0.489437,0.377159,0.557692,0.45327,0.984352,0.570935,0.318406,1.44857,0.00478237,0,0,0,0,0,-0.015056,-0.00567851,0.229895,0.529878,0.850973,0.780795,-0.0273438,-0.0257568,0.86414
420,1.09375,-0.045166,-1.54688,0.515625,-0.0412946,0.483531,0.416013,0.621674,0.559545,1.07616,0.665186,0.413529,2.15421,0.00616057,0,0,0,0,0,0.00365348,0.00151989,0.0478817,0.358111,0.949527,0.77677,0.09375,-0.045166,1.26221
421,1.07812,0.074707,0.0251465,0.777344,0.0692935,0.527622,0.469684,0.654187,0.648564,1.14736,0.803339,0.525533,0.0285214,0.00200883,0,0,0,0,0,-0.0283421,-0.0133119,0.307568,0.307623,0.973144,0.769083,0.078125,0.074707,1.17006
422,1.08594,-0.0742188,0.449219,0.515625,-0.0683453,0.472755,0.398354,0.607502,0.527745,1.09303,0.895209,0.543841,0.625592,0.00317498,0,0,0,0,0,-0.000694676,-0.000276727,0.00676496,0.444664,0.90098,0.803558,0.0859375,-0.0742188,1.27158
423,0.941406,-0.00320435,-0.554688,0.714844,-0.00340379,0.498642,0.375904,0.547179,0.440709,0.982204,0.554839,0.303596,0.656059,0.00323449,0,0,0,0,0,-0.0146746,-0.00551625,0.230572,0.329002,0.965175,0.765663,-0.0585938,-0.00320435,1.1026
424,0.820312,-0.0549316,0.396484,0.515625,-0.0669643,0.473305,0.301481,0.459276,0.301826,0.967567,0.6547,0.300688,0.552153,0.00303155,0,0,0,0,0,0.0154909,0.00467021,0.206272,0.375027,0.93927,0.788031,-0.179688,-0.0549316,1.15148
425,0.960938,0.0358887,0.0722656,0.386719,0.0373476,0.514896,0.403283,0.572159,0.490003,1.00509,0.632591,0.361943,0.116207,0.00218009,0,0,0,0,0,-0.0257163,-0.0103709,0.354399,0.448942,0.903459,0.770089,-0.0390625,0.0358887,1.16698
426,1.10938,0.0942383,-0.6875,0.710938,0.0849472,0.533848,0.491981,0.67941,0.703643,1.13901,0.663241,0.450612,0.815374,0.00354565,0,0,0,0,0,-0.0433036,-0.0213046,0.569193,0.412121,0.927896,0.752299,0.109375,0.0942383,0.978376
427,1.00781,0.0228271,-0.100098,0.652344,0.0226502,0.509035,0.415549,0.594872,0.526554,1.11302,0.645084,0.383743,0.123933,0.00219518,0,0,0,0,0,-0.0258618,-0.0107469,0.349502,0.340861,0.960428,0.763938,0.0078125,0.0228271,0.922972
428,1.00781,-0.102539,-0.0532227,0.431641,-0.101744,0.45948,0.352866,0.552907,0.430221,0.961574,0.900591,0.497944,0.0810094,0.00211135,0,0,0,0,0,0.0135979,0.00479825,0.131629,0.434988,0.904568,0.818214,0.0078125,-0.102539,1.12532
429,1.05469,0.0874023,-0.878906,0.582031,0.0828704,0.533023,0.466633,0.645125,0.633933,1.18509,0.530466,0.342217,1.15204,0.00420321,0,0,0,0,0,-0.0375353,-0.0175152,0.616863,0.353218,0.957619,0.753176,0.0546875,0.0874023,0.86981
430,1.02344,-0.026001,-0.166992,0.490234,-0.0254055,0.489866,0.3974,0.587181,0.502709,1.06177,0.78391,0.460297,0.238503,0.00241895,0,0,0,0,0,-0.0081371,-0.00323369,0.090492,0.348878,0.949902,0.794886,0.0234375,-0.026001,1.24776
431,1.03906,0.0693359,-1.10156,0.980469,0.0667293,0.526601,0.451334,0.629529,0.600009,1.13089,0.542436,0.341479,1.11248,0.00412594,0,0,0,0,0,-0.0220528,-0.00995317,0.354422,0.346703,0.96002,0.755467,0.0390625,0.0693359,0.846729
432,0.933594,-0.0140381,0.4375,0.628906,-0.0150366,0.494001,0.367354,0.538922,0.425386,1.15235,0.510736,0.275247,0.551677,0.00303062,0,0,0,0,0,-0.00571166,-0.0020982,0.0974928,0.324876,0.969397,0.756617,-0.0664062,-0.0140381,1.02137
433,0.925781,-0.0111084,0.925781,0.474609,-0.0119989,0.495213,0.365686,0.535372,0.420349,0.978777,0.63811,0.341626,1.34382,0.00457777,0,0,0,0,0,-0.0321859,-0.01177,0.439721,0.324584,0.963728,0.778995,-0.0742188,-0.0111084,1.05437
434,1.10938,0.158203,-0.578125,0.6875,0.142606,0.556699,0.523964,0.702915,0.768628,1.02291,0.665917,0.468083,0.697245,0.00331493,0,0,0,0,0,-0.0466412,-0.0244383,0.6106,0.34342,0.96093,0.757646,0.109375,0.158203,1.04616
435,0.929688,-0.0654297,0.328125,0.769531,-0.0703782,0.471946,0.340092,0.519473,0.385515,1.31185,0.692789,0.359885,0.374047,0.00268369,0,0,0,0,0,0.00465699,0.00158381,0.0586018,0.36546,0.94674,0.773889,-0.0703125,-0.0654297,1.14074
436,1.57812,0.0795898,0.839844,0.4375,0.0504332,0.520111,0.672627,0.94695,1.34914,1.04305,1.3216,1.25149,1.26972,0.00443306,0,0,0,0,0,-0.048386,-0.0325457,0.319173,0.881261,0.528888,0.766256,0.578125,0.0795898,2.11312
437,1.02344,0.0456543,0.120605,0.648438,0.0446088,0.51779,0.433228,0.611997,0.562227,1.06422,0.516115,0.315861,0.149773,0.00224565,0,0,0,0,0,-0.0308216,-0.0133528,0.520614,0.30181,0.980079,0.752826,0.0234375,0.0456543,0.749119
438,1,0.0314941,0.621094,0.404297,0.0314941,0.512562,0.416749,0.593358,0.525754,1.00363,0.816638,0.484559,0.976803,0.00386094,0,0,0,0,0,-0.0109731,-0.00457302,0.11714,0.384118,0.932857,0.799557,0,0.0314941,1.2848
439,0.976562,0.0285645,0.0981445,0.527344,0.02925,0.511667,0.405886,0.578683,0.499617,1.01126,0.540714,0.312902,0.135151,0.00221709,0,0,0,0,0,-0.0161327,-0.00654804,0.260104,0.397748,0.933642,0.760754,-0.0234375,0.0285645,0.893452
440,0.9375,-0.106934,-0.78125,0.451172,-0.114062,0.454594,0.322473,0.510667,0.364769,1.02132,0.699468,0.357195,1.16311,0.00422481,0,0,0,0,0,0.0197578,0.00637136,0.246251,0.373191,0.943067,0.773813,-0.0625,-0.106934,1.06638
441,0.957031,-0.0209961,-0.486328,0.5,-0.0219388,0.491248,0.373274,0.550206,0.442059,1.02996,0.70225,0.386382,0.687772,0.00329643,0,0,0,0,0,-0.0185495,-0.00692403,0.230275,0.30582,0.972306,0.775061,-0.0429688,-0.0209961,1.03242
442,0.992188,0.0629883,0.296875,0.519531,0.0634843,0.52531,0.429364,0.599976,0.544324,1.01513,0.543562,0.326124,0.411877,0.00275757,0,0,0,0,0,-0.0389069,-0.0167052,0.624,0.329213,0.966552,0.760144,-0.0078125,0.0629883,0.685585
443,1.03906,0.128906,-0.527344,0.605469,0.12406,0.549366,0.48112,0.651214,0.655556,1.11817,0.552104,0.359538,0.677716,0.00327679,0,0,0,0,0,-0.0369022,-0.0177544,0.58269,0.306204,0.978353,0.752666,0.0390625,0.128906,0.799317
444,0.976562,0.112305,1.35938,0.625,0.115,0.545777,0.447756,0.608782,0.571101,1.13128,0.707896,0.430954,1.71949,0.0053115,0,0,0,0,0,-0.0285616,-0.0127887,0.351739,0.32235,0.967531,0.767468,-0.0234375,0.112305,0.986173
445,1.00781,0.0610352,1.29688,0.359375,0.060562,0.524146,0.434653,0.608371,0.559039,1.14869,0.538208,0.32743,2.16334,0.00617839,0,0,0,0,0,-0.0255595,-0.0111095,0.414008,0.312435,0.973263,0.761471,0.0078125,0.0610352,0.856044
446,1.01562,0.0888672,-0.445312,0.582031,0.0875,0.534863,0.451702,0.622934,0.592081,1.16355,0.570227,0.355214,0.583703,0.00309317,0,0,0,0,0,-0.0286565,-0.0129442,0.438109,0.305456,0.977849,0.755382,0.015625,0.0888672,0.992044
447,0.886719,-0.0378418,-0.738281,0.65625,-0.0426762,0.48298,0.336655,0.50359,0.36694,1.12485,0.608958,0.306665,0.911354,0.00373311,0,0,0,0,0,0.00460374,0.00154987,0.0659067,0.31505,0.971005,0.765805,-0.113281,-0.0378418,0.937274
448,1.00781,-0.0186768,-0.457031,0.554688,-0.018532,0.492607,0.394797,0.580566,0.492922,1.10116,0.541352,0.314291,0.613651,0.00315166,0,0,0,0,0,-0.00405229,-0.00159983,0.065257,0.300296,0.978201,0.761281,0.0078125,-0.0186768,0.887491
449,0.964844,-0.078125,0.519531,0.703125,-0.0809717,0.467732,0.347842,0.535785,0.40806,1.1802,0.637699,0.34167,0.619577,0.00316324,0,0,0,0,0,-0.00444609,-0.00154654,0.0607812,0.328298,0.967189,0.75926,-0.0351562,-0.078125,0.866927
450,1.05469,0.104492,-0.9375,1.35938,0.0990741,0.53946,0.475178,0.651332,0.650028,1.17953,0.571205,0.372044,0.804084,0.0035236,0,0,0,0,0,-0.0367361,-0.0174562,0.560672,0.28261,0.987483,0.752983,0.0546875,0.104492,0.639221
451,1.01562,-0.0634766,-1,0.664062,-0.0625,0.475082,0.37553,0.570119,0.466058,1.15561,0.726167,0.414001,1.22714,0.00434989,0,0,0,0,0,0.00953213,0.0035796,0.114435,0.340424,0.95832,0.773211,0.015625,-0.0634766,1.05216
452,1.01562,0.0551758,-0.24707,0.929688,0.0543269,0.521663,0.434856,0.610829,0.562212,1.26915,0.534254,0.326338,0.256243,0.0024536,0,0,0,0,0,-0.0168358,-0.00732115,0.274722,0.306797,0.978107,0.752679,0.015625,0.0551758,0.969537
453,1.01562,-0.015625,0.0274658,0.404297,-0.0153846,0.493863,0.399456,0.586155,0.503142,0.952274,0.531263,0.311402,0.0431959,0.00203749,0,0,0,0,0,-0.0184283,-0.00736128,0.3024,0.449929,0.90466,0.760281,0.015625,-0.015625,0.821317
454,1.00781,0.0108643,0.0712891,0.412109,0.01078,0.504301,0.409567,0.59071,0.516683,0.98024,0.866146,0.511641,0.11105,0.00217002,0,0,0,0,0,0.00398556,0.00163235,0.0401148,0.446946,0.902374,0.783884,0.0078125,0.0108643,1.14513
455,0.828125,-0.100098,-0.921875,0.859375,-0.120873,0.451896,0.282031,0.449314,0.281424,1.24115,0.599325,0.269285,0.994445,0.0038954,0,0,0,0,0,0.0274033,0.00772858,0.398609,0.305721,0.977282,0.756953,-0.171875,-0.100098,1.36108
456,0.941406,0.0324707,1.32812,0.945312,0.0344917,0.513757,0.393741,0.559583,0.468166,1.04463,0.567858,0.317764,1.366,0.0046211,0,0,0,0,0,-0.0189352,-0.00745556,0.290694,0.314542,0.974188,0.755147,-0.0585938,0.0324707,1.16597
457,0.925781,-0.0791016,0.0742188,0.464844,-0.085443,0.465955,0.33169,0.512752,0.372933,1.13921,0.703043,0.360487,0.108858,0.00216574,0,0,0,0,0,0.0150266,0.00498416,0.186331,0.385883,0.937397,0.771209,-0.0742188,-0.0791016,1.08045
458,0.839844,0.0864258,1.75,1.28906,0.102907,0.540982,0.379992,0.519829,0.414616,1.10493,0.623935,0.32434,1.54135,0.00496357,0,0,0,0,0,-0.0152738,-0.00580394,0.21341,0.337408,0.958471,0.778163,-0.160156,0.0864258,0.864267
459,1.10938,0.116699,-0.111816,0.519531,0.105194,0.541889,0.503212,0.687586,0.725996,1.03481,0.657201,0.451882,0.155131,0.00225612,0,0,0,0,0,-0.0393771,-0.019815,0.522338,0.518138,0.861852,0.755762,0.109375,0.116699,0.941923
460,0.984375,0.0493164,0.371094,0.585938,0.0500992,0.519978,0.419395,0.590555,0.524647,1.03658,0.630426,0.372301,0.484795,0.00289999,0,0,0,0,0,-0.0263135,-0.0110358,0.363875,0.359191,0.951042,0.768014,-0.015625,0.0493164,1.16432
461,1,0.0549316,0.449219,0.441406,0.0549316,0.521904,0.428468,0.601647,0.545564,0.977845,0.454148,0.273237,0.676143,0.00327372,0,0,0,0,0,-0.0279435,-0.0119729,0.536401,0.322674,0.970156,0.75727,0,0.0549316,1.0375
462,0.914062,-0.163086,0.310547,0.390625,-0.178419,0.429197,0.285419,0.479618,0.311497,1.19662,0.755208,0.362211,0.496875,0.00292358,0,0,0,0,0,0.0198178,0.00565636,0.228768,0.338828,0.958495,0.77542,-0.0859375,-0.163086,1.29444
463,0.992188,-0.21582,0.4375,0.507812,-0.21752,0.413902,0.295753,0.506021,0.343527,1.10554,0.785651,0.397556,0.613941,0.00315223,0,0,0,0,0,0.0462707,0.0136847,0.513432,0.402989,0.927509,0.776934,-0.0078125,-0.21582,1.27036
464,1.02344,-0.145508,1.26562,0.316406,-0.142176,0.443471,0.337647,0.548507,0.414865,1.14795,0.800431,0.439042,2.25,0.00634766,0,0,0,0,0,0.0262145,0.00885126,0.285512,0.384231,0.935908,0.782423,0.0234375,-0.145508,1.12287
465,1.07812,0.111816,0.443359,0.605469,0.103714,0.541302,0.488239,0.667633,0.684112,0.884594,0.571582,0.381607,0.569784,0.00306598,0,0,0,0,0,-0.0433209,-0.021151,0.660733,0.372071,0.946987,0.759316,0.078125,0.111816,1.02403
466,1.03125,0.0874023,0.179688,0.914062,0.0847538,0.533771,0.457235,0.631492,0.607845,1.21796,0.454969,0.287309,0.187945,0.0023202,0,0,0,0,0,-0.0349462,-0.0159786,0.669616,0.271771,0.992193,0.750724,0.03125,0.0874023,0.824194
467,1.10156,0.0776367,0.462891,0.419922,0.0704787,0.528094,0.480548,0.668877,0.678323,1.17979,0.781368,0.522639,0.714322,0.00334829,0,0,0,0,0,-0.0325348,-0.0156345,0.362994,0.43558,0.912712,0.761804,0.101562,0.0776367,1.23018
468,1.03906,-0.119629,-0.46875,0.314453,-0.115132,0.45417,0.356852,0.565638,0.44729,1.10445,0.692692,0.391813,0.835917,0.00358578,0,0,0,0,0,0.0222674,0.00794616,0.280244,0.415779,0.92147,0.773216,0.0390625,-0.119629,1.23113
469,1.03125,-0.0693359,0.363281,0.421875,-0.0672348,0.473197,0.378866,0.577284,0.476797,1.16105,0.767185,0.442884,0.559308,0.00304552,0,0,0,0,0,0.00732944,0.00277687,0.083287,0.319434,0.966519,0.776262,0.03125,-0.0693359,1.35385
470,0.996094,-0.0883789,-0.0512695,0.275391,-0.0887255,0.46465,0.355246,0.550639,0.429403,0.916785,0.655901,0.361165,0.0976978,0.00214394,0,0,0,0,0,0.00860591,0.00305722,0.114384,0.37379,0.940209,0.786223,-0.00390625,-0.0883789,1.31281
471,0.902344,-0.0424805,-0.241211,0.699219,-0.0470779,0.481226,0.340602,0.511138,0.377272,1.06145,0.572565,0.29266,0.288463,0.00251653,0,0,0,0,0,-0.0160276,-0.00545902,0.244034,0.319234,0.970292,0.76202,-0.0976562,-0.0424805,1.0432
472,0.949219,0.00141907,-0.539062,0.703125,0.00149498,0.500596,0.381348,0.55332,0.451589,1.10269,0.531784,0.294247,0.64287,0.00320873,0,0,0,0,0,-0.00372532,-0.00142065,0.0610711,0.296525,0.980057,0.759967,-0.0507812,0.00141907,0.994272
473,1,0.0358887,-0.527344,0.554688,0.0358887,0.514314,0.418947,0.594904,0.529427,1.17931,0.601012,0.357544,0.708059,0.00333605,0,0,0,0,0,-0.0316484,-0.013259,0.459067,0.33488,0.96519,0.756058,0,0.0358887,0.953729
474,1.00781,-0.0157471,0.679688,0.314453,-0.015625,0.493767,0.396262,0.581563,0.495239,0.940722,0.59319,0.344978,1.21208,0.00432047,0,0,0,0,0,0.010088,0.00399747,0.148257,0.374173,0.943227,0.770941,0.0078125,-0.0157471,1.04927
475,0.96875,0.00723267,0.765625,0.617188,0.00746598,0.502978,0.392087,0.566702,0.474884,1.03804,0.487259,0.276131,0.974558,0.00385656,0,0,0,0,0,-0.0141501,-0.00554806,0.253166,0.353341,0.956224,0.758198,-0.03125,0.00723267,1.04918
476,1.05469,0.00872803,-0.0598145,0.726562,0.00827546,0.503301,0.427296,0.61727,0.563604,1.14567,0.742022,0.458027,0.0701729,0.00209018,0,0,0,0,0,-0.0161126,-0.00688486,0.189303,0.570858,0.821978,0.7829,0.0546875,0.00872803,1.41129
477,1.03125,-0.00970459,-0.527344,0.458984,-0.00941051,0.496246,0.408681,0.597276,0.523759,1.1854,0.668025,0.398995,0.778386,0.00347341,0,0,0,0,0,-0.00689878,-0.0028194,0.0900298,0.323746,0.968724,0.760788,0.03125,-0.00970459,1.10614
478,0.882812,-0.0795898,0.408203,0.515625,-0.0901549,0.464082,0.314215,0.48761,0.336495,1.13227,0.740341,0.360998,0.568472,0.00306342,0,0,0,0,0,0.00672441,0.00211291,0.0791825,0.337647,0.958851,0.776093,-0.117188,-0.0795898,1.02163
479,0.984375,-0.0098877,0.166992,0.390625,-0.0100446,0.495993,0.389793,0.569914,0.47674,1.16318,0.736573,0.419783,0.267188,0.00247498,0,0,0,0,0,-0.00110275,-0.000429844,0.0130517,0.33843,0.959831,0.770595,-0.015625,-0.0098877,0.922117
480,0.898438,-0.0132446,1.60938,0.34375,-0.0147418,0.494119,0.353653,0.518718,0.394139,1.13284,0.606682,0.314697,2.74496,0.00731437,0,0,0,0,0,-0.00729787,-0.00258091,0.104868,0.297996,0.975216,0.775598,-0.101562,-0.0132446,0.998676
481,1.00781,0.0678711,-0.263672,0.722656,0.067345,0.526846,0.438071,0.610818,0.565004,1.00081,0.558019,0.340848,0.310169,0.00255892,0,0,0,0,0,-0.029598,-0.012966,0.462403,0.347672,0.958691,0.75878,0.0078125,0.0678711,0.960551
482,1.14844,0.21875,-0.361328,1.35156,0.190476,0.575532,0.572334,0.74655,0.884903,1.12062,0.693296,0.51758,0.310802,0.00256016,0,0,0,0,0,-0.0587819,-0.0336429,0.739149,0.289256,0.985709,0.750566,0.148438,0.21875,1.00753
483,0.925781,-0.0722656,0.15332,0.839844,-0.0780591,0.468891,0.335108,0.51497,0.377491,1.22275,0.683659,0.352064,0.167302,0.00227989,0,0,0,0,0,0.0121691,0.00407795,0.155176,0.350484,0.954786,0.769163,-0.0742188,-0.0722656,1.14653
484,0.9375,0.0302734,-0.102051,0.539062,0.0322917,0.51288,0.391076,0.556536,0.462673,0.993865,0.545799,0.303757,0.138994,0.0022246,0,0,0,0,0,-0.0224334,-0.00877319,0.358319,0.395579,0.933172,0.767966,-0.0625,0.0302734,0.923729
485,1,0.0603027,-0.382812,0.386719,0.0603027,0.524043,0.431154,0.603563,0.550181,0.90819,0.672581,0.405945,0.615586,0.00315544,0,0,0,0,0,-0.0276515,-0.0119221,0.358411,0.45289,0.897803,0.792166,0,0.0603027,1.02421
486,0.933594,-0.0103149,0.421875,0.945312,-0.0110486,0.495592,0.369216,0.540193,0.428129,1.13717,0.437091,0.236113,0.433906,0.0028006,0,0,0,0,0,-0.0112536,-0.00415499,0.224453,0.327721,0.968237,0.75638,-0.0664062,-0.0103149,0.788098
487,0.964844,0.0805664,0.535156,0.894531,0.083502,0.533274,0.427188,0.59039,0.53105,1.03839,0.585055,0.345411,0.565826,0.00305825,0,0,0,0,0,-0.0207655,-0.00887076,0.309422,0.308778,0.975084,0.760299,-0.0351562,0.0805664,0.837097
488,1.02344,-0.0981445,-0.964844,0.376953,-0.0958969,0.461801,0.361329,0.563394,0.447971,0.917212,0.689006,0.388182,1.5715,0.00502245,0,0,0,0,0,0.0265554,0.00959523,0.335998,0.421836,0.915762,0.787054,0.0234375,-0.0981445,1.0606
489,1.0625,0.105469,0.992188,0.851562,0.0992647,0.539536,0.478799,0.656231,0.659888,1.14103,0.678832,0.44547,1.07519,0.00405311,0,0,0,0,0,-0.0402062,-0.0192507,0.516343,0.347464,0.956302,0.768568,0.0625,0.105469,1.21912
490,0.972656,-0.0402832,-0.730469,0.484375,-0.0414157,0.483482,0.369896,0.552806,0.442418,1.00478,0.716085,0.395856,1.04957,0.00400306,0,0,0,0,0,-0.000797422,-0.000294963,0.00970802,0.432042,0.906579,0.814135,-0.0273438,-0.0402832,1.0242
491,0.9375,-0.0366211,-0.259766,0.816406,-0.0390625,0.48442,0.357629,0.533564,0.412589,1.2033,0.590918,0.315293,0.287494,0.00251464,0,0,0,0,0,-0.00688232,-0.00246132,0.101535,0.303049,0.978399,0.756807,-0.0625,-0.0366211,1.08959
492,1.02344,0.0559082,-0.0461426,0.476562,0.0546279,0.521783,0.438355,0.615637,0.571165,1.0751,0.546729,0.336587,0.0668408,0.00208367,0,0,0,0,0,-0.0220179,-0.00965167,0.351084,0.333238,0.965389,0.757968,0.0234375,0.0559082,0.978344
493,0.984375,-0.136719,-0.769531,0.742188,-0.138889,0.444769,0.326377,0.528569,0.385907,1.15319,0.914288,0.483264,0.893243,0.00369774,0,0,0,0,0,0.0176343,0.00575545,0.168145,0.391561,0.929754,0.796478,-0.015625,-0.136719,1.32788
494,0.898438,-0.0805664,1.38281,0.621094,-0.0896739,0.464273,0.319992,0.49638,0.348788,1.11135,0.604927,0.300274,1.75463,0.00538013,0,0,0,0,0,-0.00599128,-0.00191716,0.0863423,0.338878,0.959981,0.769188,-0.101562,-0.0805664,1.07678
495,0.898438,0.0159912,0.738281,0.757812,0.0177989,0.5071,0.368271,0.528793,0.415245,1.18277,0.615668,0.325561,0.848088,0.00360955,0,0,0,0,0,-0.00821134,-0.003024,0.116272,0.317001,0.97051,0.764647,-0.101562,0.0159912,0.999211
496,1.09375,0.065918,-1.47656,0.964844,0.0602679,0.524029,0.471555,0.660133,0.65814,1.22936,0.581134,0.383625,1.50322,0.00488911,0,0,0,0,0,-0.0389837,-0.018383,0.584809,0.286189,0.98639,0.752149,0.09375,0.065918,0.859579
497,0.917969,-0.111328,-0.135742,0.582031,-0.121277,0.451736,0.312444,0.497944,0.345569,1.05981,0.748846,0.372883,0.177927,0.00230064,0,0,0,0,0,0.012525,0.00391334,0.145811,0.359151,0.947104,0.785876,-0.0820312,-0.111328,1.21513
498,1.05469,-0.0888672,-0.796875,0.431641,-0.0842593,0.466425,0.378499,0.584552,0.484962,1.061,0.808225,0.472449,1.21291,0.00432209,0,0,0,0,0,0.0242227,0.00916827,0.261275,0.419219,0.917667,0.784035,0.0546875,-0.0888672,1.28919
499,1.05469,0.0554199,0.052002,0.878906,0.0525463,0.520953,0.450642,0.633654,0.604596,1.09871,0.527782,0.334431,0.0554687,0.00206146,0,0,0,0,0,-0.0344552,-0.015527,0.569124,0.30334,0.979154,0.753861,0.0546875,0.0554199,1.02676
500,1.07031,0.104492,-0.625,0.722656,0.0976277,0.538886,0.481444,0.660417,0.667939,0.905402,0.55745,0.36815,0.735215,0.00338909,0,0,0,0,0,-0.0363877,-0.0175187,0.569057,0.289889,0.985521,0.750387,0.0703125,0.104492,0.789941
501,1.29688,0.237305,1.0625,0.882812,0.182982,0.572594,0.640113,0.840351,1.11593,0.927089,0.908807,0.763716,1.13082,0.00416176,0,0,0,0,0,-0.0659517,-0.0422166,0.632647,0.436173,0.910896,0.769553,0.296875,0.237305,1.43935
502,1.01562,0.0439453,-0.636719,0.503906,0.0432692,0.517257,0.429241,0.606844,0.552508,0.989054,0.676366,0.410449,0.896959,0.003705,0,0,0,0,0,-0.0225851,-0.00969444,0.291103,0.473979,0.886498,0.783861,0.015625,0.0439453,0.84892
503,1.09375,0.11084,0.789062,0.535156,0.101339,0.540359,0.494016,0.67636,0.701515,0.975594,0.599696,0.405611,1.07863,0.00405982,0,0,0,0,0,-0.0458531,-0.0226522,0.666567,0.299281,0.981227,0.752369,0.09375,0.11084,0.739021
504,1.03125,0.0527344,-1.64062,0.523438,0.0511364,0.520392,0.439901,0.619056,0.576744,1.07672,0.540555,0.334634,2.26765,0.00638214,0,0,0,0,0,-0.0242781,-0.01068,0.391546,0.369636,0.948798,0.756837,0.03125,0.0527344,0.95038
505,1.15625,0.245117,-1.64062,0.644531,0.211993,0.583944,0.59209,0.758604,0.92605,1.0291,0.729704,0.553557,2.04356,0.00594445,0,0,0,0,0,-0.0582301,-0.0344774,0.695676,0.310255,0.975593,0.756412,0.15625,0.245117,1.21209
506,0.996094,0.0722656,0.507812,0.578125,0.072549,0.528918,0.435569,0.605577,0.556444,1.11184,0.632315,0.382916,0.667871,0.00325756,0,0,0,0,0,-0.030483,-0.0132775,0.420273,0.344646,0.959483,0.761018,-0.00390625,0.0722656,1.06659
507,1.08594,0.0805664,-1.30469,0.875,0.0741906,0.529571,0.475747,0.660839,0.663043,1.11841,0.575664,0.380421,1.39477,0.00467728,0,0,0,0,0,-0.0307374,-0.0146232,0.465484,0.28108,0.988804,0.750604,0.0859375,0.0805664,0.918892
508,1.03125,0.0371094,0.921875,0.671875,0.0359848,0.514353,0.432088,0.613529,0.563119,1.19946,0.667296,0.409405,1.12468,0.00414976,0,0,0,0,0,-0.0322471,-0.0139336,0.421289,0.38616,0.940441,0.757278,0.03125,0.0371094,0.929677
509,1.02344,-0.00683594,-0.671875,1.08594,-0.00667939,0.497335,0.406983,0.593708,0.518125,1.17698,0.528669,0.313875,0.644742,0.00321239,0,0,0,0,0,-0.0213885,-0.00870476,0.352698,0.311933,0.976183,0.752052,0.0234375,-0.00683594,0.89168
510,1.0625,0.0090332,-1.57031,0.695312,0.00850184,0.503392,0.430582,0.621925,0.572191,1.05956,0.61791,0.384294,1.8832,0.00563125,0,0,0,0,0,-0.0165977,-0.00714669,0.23417,0.393697,0.936914,0.75579,0.0625,0.0090332,1.28727
511,1.00781,-0.0220947,1.67188,0.984375,-0.0219234,0.491255,0.393088,0.579405,0.490229,1.16177,0.683811,0.396204,1.68509,0.00524432,0,0,0,0,0,-0.00892278,-0.00350744,0.113755,0.311005,0.974261,0.759999,0.0078125,-0.0220947,0.984467
