k,gamma,beta,running_mean,running_var,on_ratio,p_on,act_mean,act_std,act_second,pre_row_norm,final_col_norm,effective_contribution,mean_over_std,bn_input_rounding_noise,dead,mostly_off,flat,always_on,negative_gamma,mean_row_component,shared_contribution,column_shared_fraction,pre_row_rel_change,pre_row_cos_ref,pre_row_norm_ratio_ref,gamma_delta,beta_delta,final_col_rel_change
0,0.976562,0.0129395,-0.8125,0.464844,0.01325,0.505286,0.398074,0.57323,0.487055,1.26928,0.50988,0.292279,1.19171,0.00428068,0,0,0,0,0,-0.0187392,-0.00745957,0.320397,0.151094,0.98928,0.950497,-0.0234375,0.0129395,0.512011
1,0.988281,0.0088501,-0.867188,0.863281,0.00895504,0.503572,0.400728,0.578637,0.495404,1.31802,0.600126,0.347255,0.933334,0.00377604,0,0,0,0,0,0.00447542,0.00179343,0.0650126,0.287494,0.957792,0.953565,-0.0117188,0.0088501,0.558335
2,0.984375,-0.0113525,-0.125,1.03125,-0.0115327,0.495399,0.38906,0.569413,0.475599,1.4886,0.482934,0.274989,0.123091,0.00219354,0,0,0,0,0,-0.0127624,-0.00496533,0.230383,0.143046,0.990514,0.950765,-0.015625,-0.0113525,0.538136
3,0.980469,0.00750732,-0.0625,0.921875,0.00765687,0.503055,0.396924,0.573622,0.486591,1.29353,0.537079,0.30808,0.0650945,0.00208026,0,0,0,0,0,-0.00710076,-0.00281846,0.115259,0.108569,0.995158,0.949048,-0.0195312,0.00750732,0.43798
4,1.08594,0.00167847,-0.351562,0.707031,0.00154564,0.500617,0.436303,0.633035,0.591093,1.38876,0.817667,0.517612,0.418103,0.00276973,0,0,0,0,0,0.000185138,8.07763e-05,0.00197391,0.248963,0.968552,0.95987,0.0859375,0.00167847,0.82679
5,1.10156,0.052002,-0.255859,0.679688,0.0472074,0.518826,0.46773,0.659729,0.654014,1.34134,0.747805,0.493349,0.310346,0.00255927,0,0,0,0,0,-0.000300106,-0.000140369,0.00349859,0.216392,0.976554,0.954575,0.101562,0.052002,0.965632
6,1,-0.0178223,0.322266,0.738281,-0.0178223,0.49289,0.392091,0.576307,0.485865,1.32192,0.573169,0.330321,0.375062,0.00268567,0,0,0,0,0,-0.0123941,-0.0048596,0.188511,0.198152,0.98056,0.952964,0,-0.0178223,0.571022
7,1.11719,0.0471191,0.065918,0.558594,0.0421766,0.516821,0.471554,0.667097,0.667382,1.19232,0.834261,0.556533,0.0881974,0.00212539,0,0,0,0,0,0.0187023,0.00881913,0.195433,0.199741,0.979948,0.966029,0.117188,0.0471191,0.861124
8,1.01562,0.0196533,0.902344,1.0625,0.019351,0.507719,0.417095,0.598315,0.531949,1.39507,0.744187,0.445258,0.875402,0.00366289,0,0,0,0,0,0.0195037,0.00813491,0.228477,0.153011,0.98881,0.954785,0.015625,0.0196533,0.865107
9,1.00781,-0.0110474,-0.427734,0.578125,-0.0109617,0.495627,0.398612,0.583167,0.498975,1.42171,0.661837,0.385961,0.562553,0.00305186,0,0,0,0,0,0.00593173,0.00236446,0.0781334,0.201619,0.979837,0.952817,0.0078125,-0.0110474,0.772216
10,1.02344,0.0196533,0.157227,0.816406,0.0192032,0.507661,0.420228,0.602864,0.540037,1.45491,0.633321,0.381807,0.174009,0.00229299,0,0,0,0,0,-0.0128478,-0.005399,0.176853,0.144942,0.990184,0.951802,0.0234375,0.0196533,0.978546
11,1.01562,0.0410156,-0.349609,0.828125,0.0403846,0.516107,0.427776,0.605809,0.549997,1.59566,0.712188,0.43145,0.38418,0.00270348,0,0,0,0,0,0.00437243,0.00187042,0.0535223,0.146088,0.990002,0.951982,0.015625,0.0410156,0.80897
12,1.01562,0.0269775,-1.15625,0.5625,0.0265625,0.510596,0.420757,0.600873,0.538085,1.18953,0.55639,0.33432,1.54167,0.00496419,0,0,0,0,0,0.00873189,0.003674,0.136816,0.207837,0.978548,0.951113,0.015625,0.0269775,0.670804
13,0.992188,-0.00653076,1.51562,0.898438,-0.00658219,0.497374,0.394604,0.575613,0.487043,1.29194,0.686738,0.395295,1.599,0.00507617,0,0,0,0,0,0.029774,0.0117489,0.377966,0.148386,0.989539,0.954813,-0.0078125,-0.00653076,0.842446
14,1.00781,0.0228271,-1.24219,1.125,0.0226502,0.509035,0.415549,0.594872,0.526554,1.1926,0.574072,0.3415,1.17115,0.00424052,0,0,0,0,0,-0.0139935,-0.00581499,0.212504,0.0621393,0.999373,0.948316,0.0078125,0.0228271,0.239922
15,1.02344,0.0257568,0.480469,0.667969,0.025167,0.510039,0.423279,0.604996,0.545185,1.26234,0.518408,0.313634,0.587878,0.00310132,0,0,0,0,0,2.87859e-05,1.21845e-05,0.000484078,0.139663,0.990999,0.951202,0.0234375,0.0257568,0.785448
16,1.00781,0.00726318,-0.03125,0.945312,0.00720688,0.502875,0.407767,0.589463,0.51374,1.18407,0.533126,0.314258,0.0321412,0.0020159,0,0,0,0,0,-0.0136981,-0.00558563,0.223994,0.0685366,0.998854,0.949797,0.0078125,0.00726318,0.386776
17,0.980469,0.019165,-0.310547,0.90625,0.0195468,0.507798,0.402753,0.577671,0.495913,1.40171,0.647648,0.374127,0.326214,0.00259026,0,0,0,0,0,-0.00802552,-0.0032323,0.108029,0.171301,0.985814,0.951552,-0.0195312,0.019165,0.569939
18,1.04688,0.0446777,0.175781,0.792969,0.0426772,0.517021,0.442138,0.625297,0.586483,1.31528,0.721052,0.450872,0.197399,0.00233867,0,0,0,0,0,0.0146171,0.00646277,0.176726,0.209148,0.978143,0.955629,0.046875,0.0446777,0.855892
19,1.0625,-0.0216064,-0.458984,0.46875,-0.0203355,0.491888,0.415262,0.611419,0.546275,1.36466,0.80843,0.494289,0.67039,0.00326248,0,0,0,0,0,0.0312514,0.0129775,0.337003,0.214475,0.976948,0.956271,0.0625,-0.0216064,0.880127
20,1.04688,-0.0244141,0.155273,0.726562,-0.0233209,0.490697,0.407592,0.601367,0.527774,1.39774,0.711661,0.427969,0.182163,0.00230891,0,0,0,0,0,0.0205286,0.00836729,0.251474,0.161488,0.987399,0.955227,0.046875,-0.0244141,1.00533
21,1.01562,-0.0235596,0.310547,0.796875,-0.0231971,0.490747,0.395488,0.583458,0.496834,1.27502,0.631593,0.368508,0.347882,0.00263258,0,0,0,0,0,-0.00461187,-0.00182394,0.0636571,0.159958,0.987657,0.955193,0.015625,-0.0235596,0.864526
22,1.0625,0.00473022,-0.6875,0.398438,0.00445198,0.501776,0.42843,0.620438,0.568495,1.20441,0.72889,0.452231,1.08916,0.0040804,0,0,0,0,0,0.0183786,0.00787395,0.219815,0.241315,0.97048,0.962498,0.0625,0.00473022,0.899206
23,0.960938,0.019165,0.455078,1.03906,0.0199441,0.507956,0.394921,0.566297,0.476654,1.29724,0.729335,0.41302,0.446442,0.00282508,0,0,0,0,0,0.0164366,0.00649116,0.196468,0.158841,0.987843,0.955233,-0.0390625,0.019165,0.647164
24,0.984375,0.0235596,-0.804688,0.5625,0.0239335,0.509547,0.406516,0.58148,0.503374,1.19373,0.539312,0.313599,1.07292,0.00404867,0,0,0,0,0,-0.00778158,-0.00316334,0.125787,0.144077,0.990358,0.950775,-0.015625,0.0235596,0.665175
25,0.953125,-0.00408936,1.11719,0.8125,-0.00429047,0.498288,0.380161,0.5537,0.451106,1.35278,0.511354,0.283137,1.23941,0.00437384,0,0,0,0,0,-0.00462231,-0.00175722,0.0788033,0.119805,0.993709,0.951164,-0.046875,-0.00408936,0.696674
26,1.00781,-0.00680542,0.032959,0.628906,-0.00675266,0.497306,0.400732,0.584619,0.502366,1.34091,0.672088,0.392915,0.0415605,0.0020343,0,0,0,0,0,0.0039711,0.00159135,0.05151,0.157846,0.988063,0.953649,0.0078125,-0.00680542,0.659288
27,1.03906,0.0106201,1.52344,0.6875,0.0102209,0.504077,0.421977,0.608825,0.548732,1.37519,0.680511,0.414312,1.83733,0.00554167,0,0,0,0,0,0.00526616,0.0022222,0.0674631,0.18502,0.983192,0.953207,0.0390625,0.0106201,0.669961
28,1.00781,0.00268555,-0.929688,0.992188,0.00266473,0.501063,0.405478,0.587882,0.510017,1.32352,0.603779,0.354951,0.933341,0.00377606,0,0,0,0,0,-0.00330544,-0.00134028,0.0477262,0.20048,0.980071,0.953041,0.0078125,0.00268555,0.88993
29,1.03125,0.00325012,0.0839844,0.486328,0.00315163,0.501257,0.415159,0.601727,0.534432,1.2821,0.600406,0.36128,0.12043,0.00218834,0,0,0,0,0,0.00149546,0.000620854,0.0217139,0.219294,0.975936,0.952695,0.03125,0.00325012,0.706179
30,1.00781,0.0356445,-0.126953,0.492188,0.0353682,0.514107,0.421957,0.599367,0.537289,1.07267,0.665189,0.398692,0.180958,0.00230656,0,0,0,0,0,0.00297832,0.00125673,0.0390331,0.281987,0.95942,0.961418,0.0078125,0.0356445,0.633929
31,1.01562,0.010498,0.695312,0.695312,0.0103365,0.504124,0.412517,0.595133,0.524353,1.31241,0.636337,0.378705,0.833854,0.00358175,0,0,0,0,0,0.0108088,0.00445883,0.148081,0.180748,0.983997,0.953685,0.015625,0.010498,0.702273
32,1,0.00387573,-0.648438,0.769531,0.00387573,0.501546,0.40294,0.583742,0.503116,1.22253,0.544911,0.318088,0.739188,0.00339685,0,0,0,0,0,-0.00332632,-0.00134031,0.0532163,0.130513,0.992261,0.952072,0,0.00387573,0.496976
33,1.00781,0.0131836,-0.320312,0.652344,0.0130814,0.505219,0.410727,0.591514,0.518586,1.28149,0.573819,0.339422,0.396584,0.0027277,0,0,0,0,0,-0.0144668,-0.00594192,0.219789,0.220732,0.97552,0.956491,0.0078125,0.0131836,0.623078
34,1.03906,-0.019165,1.17969,1.21875,-0.0184445,0.492642,0.407084,0.598599,0.524038,1.44548,0.807179,0.483177,1.06859,0.00404021,0,0,0,0,0,0.00305718,0.00124453,0.0330185,0.18588,0.983051,0.95238,0.0390625,-0.019165,0.771825
35,1.0625,0.00747681,0.855469,0.863281,0.00703699,0.502807,0.429803,0.621387,0.570852,1.41004,0.708536,0.440275,0.920721,0.00375141,0,0,0,0,0,0.00998489,0.00429154,0.122854,0.193874,0.981391,0.954641,0.0625,0.00747681,0.868469
36,1.05469,-0.0245361,1.09375,0.804688,-0.0232639,0.49072,0.410664,0.605875,0.53573,1.42333,0.667799,0.404603,1.21928,0.00433454,0,0,0,0,0,-0.00548282,-0.0022516,0.0715757,0.174675,0.985199,0.951608,0.0546875,-0.0245361,0.861657
37,0.992188,-0.0158691,0.796875,1.28125,-0.0159941,0.49362,0.389935,0.572422,0.479716,1.40096,0.546014,0.31255,0.704001,0.00332813,0,0,0,0,0,-0.0161931,-0.00631425,0.258543,0.122006,0.993533,0.948886,-0.0078125,-0.0158691,0.310029
38,1.03906,-0.000427246,0.369141,0.613281,-0.000411184,0.499836,0.416453,0.605009,0.539469,1.33588,0.746188,0.451451,0.47137,0.00287377,0,0,0,0,0,0.0339937,0.0141568,0.397153,0.224148,0.974735,0.955984,0.0390625,-0.000427246,1.05589
39,1.01562,0.0375977,-0.734375,2.54688,0.0370192,0.514765,0.426067,0.604604,0.547079,1.40731,0.549639,0.332314,0.460166,0.00285189,0,0,0,0,0,-0.021668,-0.00923201,0.343675,0.06202,0.999306,0.949711,0.015625,0.0375977,0.318985
40,1.03125,-0.0129395,-0.192383,0.628906,-0.0125473,0.494994,0.407064,0.59617,0.52112,1.31576,0.68788,0.410094,0.24259,0.00242693,0,0,0,0,0,-0.000600714,-0.000244529,0.00761311,0.21667,0.976494,0.954461,0.03125,-0.0129395,0.791695
41,1.01562,0.027832,0.123047,0.546875,0.0274038,0.510931,0.421184,0.601173,0.538805,1.32169,0.623041,0.374555,0.16639,0.0022781,0,0,0,0,0,-0.00198445,-0.000835817,0.027767,0.180272,0.984072,0.954149,0.015625,0.027832,0.686297
42,1.00781,0.0507812,0.339844,1.4375,0.0503876,0.520093,0.429526,0.604719,0.550177,1.28682,0.630632,0.381355,0.283449,0.00250674,0,0,0,0,0,-0.0186045,-0.00799113,0.257187,0.151736,0.989143,0.951368,0.0078125,0.0507812,0.733204
43,1.01562,0.0018692,-0.22168,0.683594,0.00184044,0.500734,0.408203,0.59215,0.517271,1.11181,0.620867,0.367646,0.268119,0.00247679,0,0,0,0,0,0.00676752,0.00276252,0.0950251,0.195348,0.981103,0.954195,0.015625,0.0018692,0.782834
44,1.00781,-0.00369263,-0.00701904,1,-0.003664,0.498538,0.402289,0.585687,0.504865,1.46275,0.735699,0.430889,0.00701904,0.00196683,0,0,0,0,0,0.0254545,0.0102401,0.301627,0.173452,0.985353,0.95363,0.0078125,-0.00369263,0.748978
45,1.03125,-0.0314941,0.816406,0.566406,-0.0305398,0.487818,0.397787,0.589875,0.506186,1.25364,0.697855,0.411647,1.08478,0.00407184,0,0,0,0,0,0.0223774,0.00890142,0.279544,0.222313,0.975217,0.953512,0.03125,-0.0314941,0.859818
46,1.08594,0.029541,0.361328,0.730469,0.0272032,0.510851,0.450234,0.642716,0.615795,1.35733,0.762297,0.489941,0.422767,0.00277884,0,0,0,0,0,-0.00170698,-0.000768539,0.0195214,0.190718,0.981943,0.95773,0.0859375,0.029541,1.02039
47,1.04688,-0.00592041,-0.0908203,0.484375,-0.00565532,0.497744,0.416839,0.607672,0.54302,1.2582,0.757019,0.460019,0.130494,0.002208,0,0,0,0,0,0.0359898,0.015002,0.414457,0.224203,0.974659,0.959618,0.046875,-0.00592041,1.0091
48,1.03906,-0.0213623,0.707031,0.574219,-0.0205592,0.491799,0.405985,0.597852,0.522252,1.29141,0.678936,0.405903,0.933039,0.00377547,0,0,0,0,0,0.0225883,0.00917051,0.290042,0.211855,0.97755,0.955511,0.0390625,-0.0213623,0.97027
49,0.996094,0.0257568,-0.251953,0.59375,0.0258578,0.510315,0.412314,0.589072,0.517009,1.33173,0.546892,0.322159,0.326978,0.00259175,0,0,0,0,0,-0.00701693,-0.00289318,0.111854,0.226908,0.974182,0.951446,-0.00390625,0.0257568,0.5329
50,1.03906,-0.0281982,0.229492,1.28906,-0.0271382,0.489175,0.402567,0.595537,0.516724,1.51701,0.618355,0.368253,0.20213,0.00234791,0,0,0,0,0,-0.00645748,-0.00259957,0.09104,0.114527,0.994413,0.94998,0.0390625,-0.0281982,0.781907
51,1.03125,-0.026123,-0.121582,0.589844,-0.0253314,0.489895,0.400472,0.591689,0.510474,1.2264,0.717001,0.424242,0.158307,0.00226232,0,0,0,0,0,0.0260824,0.0104453,0.317128,0.210872,0.977739,0.956731,0.03125,-0.026123,0.921393
52,1.05469,0.0383301,0.050293,0.8125,0.0363426,0.514495,0.442097,0.627606,0.58934,1.25221,0.714614,0.448496,0.055795,0.0020621,0,0,0,0,0,-0.0233785,-0.0103356,0.285201,0.174635,0.985179,0.952399,0.0546875,0.0383301,0.713062
53,1.01562,0.0100708,-0.527344,1.25781,0.00991587,0.503956,0.412303,0.594985,0.524001,1.34013,0.587428,0.349511,0.470203,0.00287149,0,0,0,0,0,-0.0181712,-0.00749205,0.269672,0.0797643,0.997977,0.949812,0.015625,0.0100708,0.382145
54,1.03125,0.00114441,-0.404297,0.527344,0.00110973,0.500443,0.414106,0.601001,0.532685,1.30694,0.61973,0.372458,0.556741,0.00304051,0,0,0,0,0,-0.00545783,-0.00226012,0.0767757,0.169217,0.986177,0.951838,0.03125,0.00114441,0.686526
55,1.00781,0.026001,0.283203,1.47656,0.0257994,0.510291,0.417136,0.595982,0.529197,1.51247,0.566304,0.337507,0.233062,0.00240832,0,0,0,0,0,-0.0181313,-0.00756321,0.279117,0.10853,0.99514,0.949513,0.0078125,0.026001,0.530041
56,0.988281,-0.0178223,0.832031,0.964844,-0.0180336,0.492806,0.387392,0.569482,0.474383,1.41691,0.55772,0.317612,0.847054,0.00360753,0,0,0,0,0,0.00686431,0.00265918,0.107297,0.123713,0.993223,0.950843,-0.0117188,-0.0178223,0.590809
57,0.957031,0.0189209,0.445312,0.546875,0.0197704,0.507887,0.393232,0.563937,0.472656,1.31762,0.497487,0.280551,0.602172,0.00312924,0,0,0,0,0,-0.00952153,-0.00374417,0.166852,0.183279,0.983573,0.951834,-0.0429688,0.0189209,0.580686
58,1.03906,0.059082,0.457031,0.675781,0.0568609,0.522672,0.446208,0.625863,0.590806,1.33258,0.794357,0.497158,0.555959,0.00303898,0,0,0,0,0,0.000834365,0.0003723,0.00915687,0.224661,0.974536,0.960636,0.0390625,0.059082,0.798834
59,0.980469,-0.000366211,0.660156,0.757812,-0.000373506,0.499851,0.392987,0.570905,0.480372,1.50008,0.508245,0.29016,0.758343,0.00343426,0,0,0,0,0,-0.00152578,-0.000599611,0.0261713,0.156106,0.988481,0.950226,-0.0195312,-0.000366211,0.468729
60,1.03906,0.0115356,0.120117,0.535156,0.011102,0.504429,0.422434,0.609142,0.549505,1.3992,0.647547,0.394448,0.164197,0.00227382,0,0,0,0,0,-0.00499525,-0.00211016,0.0672501,0.169477,0.98612,0.952131,0.0390625,0.0115356,0.819925
61,1.03125,-0.0268555,-0.0561523,0.613281,-0.0260417,0.489612,0.400106,0.591441,0.509888,1.30381,0.663011,0.392132,0.0717031,0.00209317,0,0,0,0,0,0.0173736,0.0069513,0.228442,0.17926,0.984296,0.953108,0.03125,-0.0268555,0.912129
62,1.00781,0.00340271,0.451172,0.808594,0.00337633,0.501347,0.405837,0.588129,0.510599,1.46322,0.681017,0.400526,0.501738,0.00293308,0,0,0,0,0,0.00448367,0.00181964,0.0573961,0.163901,0.986953,0.956292,0.0078125,0.00340271,0.901564
63,1.10938,0.00315857,0.242188,0.59375,0.00284716,0.501136,0.446441,0.647195,0.618172,1.37295,0.819469,0.530357,0.314304,0.002567,0,0,0,0,0,-0.0072682,-0.00324483,0.0773216,0.268858,0.96318,0.962784,0.109375,0.00315857,0.882884
64,1.03906,0.0113525,-0.294922,0.816406,0.0109258,0.504359,0.422343,0.609079,0.54935,1.24636,0.658242,0.400921,0.326403,0.00259063,0,0,0,0,0,-0.014777,-0.00624097,0.195708,0.148401,0.989673,0.951265,0.0390625,0.0113525,0.804296
65,1.00781,0.00476074,-0.863281,0.917969,0.00472384,0.501885,0.406516,0.588598,0.511702,1.49886,0.625455,0.368141,0.901028,0.00371295,0,0,0,0,0,0.00439219,0.0017855,0.0612199,0.164433,0.987022,0.951658,0.0078125,0.00476074,0.714675
66,0.996094,0.000459671,-0.267578,1.10156,0.000461474,0.500184,0.399666,0.58029,0.496469,1.43348,0.697923,0.404997,0.254945,0.00245106,0,0,0,0,0,0.0139121,0.00556019,0.173777,0.135758,0.991489,0.953003,-0.00390625,0.000459671,1.06331
67,1.07031,-0.00668335,-0.0108643,0.605469,-0.0062443,0.497509,0.425856,0.621061,0.56707,1.14259,0.712172,0.442302,0.0139622,0.00198039,0,0,0,0,0,0.0133277,0.00567569,0.163147,0.229082,0.973529,0.958125,0.0703125,-0.00668335,1.18343
68,0.980469,-0.00273132,-0.166992,1.01562,-0.00278573,0.498889,0.391805,0.570092,0.478515,1.34723,0.513366,0.292665,0.165703,0.00227676,0,0,0,0,0,-0.00516179,-0.00202241,0.0876557,0.102819,0.99576,0.949826,-0.0195312,-0.00273132,0.526056
69,0.992188,0.00613403,-0.777344,1.04688,0.00618233,0.502466,0.400937,0.579972,0.497118,1.44193,0.546828,0.317145,0.759741,0.00343699,0,0,0,0,0,-0.00845514,-0.00338998,0.134796,0.0852341,0.997527,0.949317,-0.0078125,0.00613403,0.37593
70,1.05469,0.034668,-0.423828,0.566406,0.0328704,0.513111,0.440266,0.626318,0.586108,1.33579,0.703546,0.440643,0.563152,0.00305303,0,0,0,0,0,-0.011643,-0.00512602,0.144271,0.219187,0.975922,0.954308,0.0546875,0.034668,0.928958
71,1.125,0.0673828,-1.02344,1.03125,0.0598958,0.523881,0.484819,0.678844,0.695879,1.45868,0.794382,0.539262,1.00781,0.00392151,0,0,0,0,0,-0.0120983,-0.00586548,0.13277,0.291489,0.956592,0.950675,0.125,0.0673828,0.878754
72,0.996094,-0.0192871,0.304688,0.785156,-0.0193627,0.492276,0.389792,0.573534,0.480879,1.39281,0.507054,0.290813,0.343856,0.00262472,0,0,0,0,0,-0.0124549,-0.00485483,0.214138,0.154076,0.988827,0.949876,-0.00390625,-0.0192871,0.454675
73,1.0625,0.0220947,0.155273,0.675781,0.020795,0.508295,0.437112,0.626464,0.583525,1.28829,0.71959,0.450798,0.188884,0.00232204,0,0,0,0,0,-0.0109612,-0.00479129,0.132795,0.223306,0.974927,0.956287,0.0625,0.0220947,0.931566
74,1.03906,0.03125,0.185547,0.738281,0.0300752,0.511996,0.432292,0.616019,0.566355,1.39771,0.683377,0.420973,0.215945,0.00237489,0,0,0,0,0,-0.0114916,-0.00496773,0.146598,0.179475,0.984289,0.952091,0.0390625,0.03125,0.899611
75,1.02344,0.0239258,-0.152344,1.63281,0.0233779,0.509326,0.422364,0.604355,0.543637,1.44701,0.558236,0.337373,0.119222,0.00218598,0,0,0,0,0,-0.0237894,-0.0100478,0.371511,0.0765249,0.998257,0.949541,0.0234375,0.0239258,0.517708
76,0.984375,0.0128174,0.585938,0.632812,0.0130208,0.505194,0.401145,0.577737,0.494698,1.27366,0.594227,0.343307,0.73657,0.00339174,0,0,0,0,0,0.000106962,4.29074e-05,0.00156922,0.195906,0.980964,0.955082,-0.015625,0.0128174,0.724954
77,1.01562,0.0510254,0.570312,1.30469,0.0502404,0.520035,0.432781,0.609354,0.558611,1.47825,0.593225,0.361484,0.499298,0.00292832,0,0,0,0,0,-0.00933657,-0.00404069,0.137206,0.14932,0.989522,0.951442,0.015625,0.0510254,0.718102
78,0.980469,0.0534668,0.478516,1.01562,0.0545319,0.521744,0.419904,0.589757,0.524132,1.37334,0.551414,0.3252,0.47482,0.00288051,0,0,0,0,0,-0.00821545,-0.0034497,0.129886,0.1788,0.98438,0.953187,-0.0195312,0.0534668,0.668721
79,1.0625,-0.0071106,-0.0395508,1.28906,-0.00669233,0.49733,0.42251,0.616364,0.558419,1.47184,0.68479,0.42208,0.0348352,0.00202116,0,0,0,0,0,-0.00839394,-0.00354652,0.10686,0.138149,0.991197,0.951738,0.0625,-0.0071106,0.739314
80,1.00781,0.0332031,0.131836,0.542969,0.0329457,0.513141,0.420737,0.598508,0.535231,1.33112,0.545157,0.326281,0.178915,0.00230257,0,0,0,0,0,-0.0132915,-0.00559223,0.212549,0.1804,0.98418,0.950211,0.0078125,0.0332031,0.384962
81,1.07031,0.0112305,-0.0583496,0.644531,0.0104927,0.504186,0.434813,0.627236,0.582488,1.29881,0.647295,0.406007,0.0726802,0.00209508,0,0,0,0,0,-0.0169883,-0.00738671,0.228799,0.192362,0.981746,0.952955,0.0703125,0.0112305,0.807426
82,0.984375,0.0050354,0.248047,0.478516,0.00511533,0.502041,0.397254,0.575043,0.488485,1.44141,0.479548,0.27576,0.35858,0.00265348,0,0,0,0,0,0.000308037,0.000122369,0.00559987,0.106911,0.995315,0.949694,-0.015625,0.0050354,0.466406
83,1.05469,-0.0130005,0.0537109,0.804688,-0.0123264,0.495083,0.416432,0.609799,0.545271,1.35136,0.663716,0.404734,0.0598755,0.00207007,0,0,0,0,0,-0.0152044,-0.00633159,0.199707,0.179376,0.984218,0.954889,0.0546875,-0.0130005,0.793781
84,1.01562,0.0247803,1.19531,0.75,0.024399,0.509733,0.419658,0.600105,0.536239,1.20867,0.543408,0.326102,1.38023,0.00464888,0,0,0,0,0,-0.0227085,-0.00952982,0.364309,0.143226,0.990377,0.953499,0.015625,0.0247803,0.68258
85,1.04688,0.0529785,0.78125,0.683594,0.0506063,0.52018,0.446289,0.628239,0.593858,1.1884,0.752725,0.472891,0.944911,0.00379865,0,0,0,0,0,0.0120121,0.00536088,0.13912,0.207275,0.9784,0.963253,0.046875,0.0529785,0.875191
86,1.04688,0.0285645,-0.0385742,0.519531,0.0272854,0.510884,0.434082,0.619627,0.572364,1.20035,0.578742,0.358604,0.0535169,0.00205765,0,0,0,0,0,-0.0214826,-0.00932519,0.3236,0.180926,0.983968,0.953516,0.046875,0.0285645,0.555531
87,1.02344,0.00367737,0.490234,0.796875,0.00359315,0.501433,0.41224,0.597324,0.526737,1.45126,0.704509,0.42082,0.549172,0.00302573,0,0,0,0,0,0.008071,0.00332718,0.0998728,0.156116,0.98834,0.953882,0.0234375,0.00367737,0.902956
88,1,-0.0264893,0.859375,0.890625,-0.0264893,0.489434,0.387758,0.573367,0.479106,1.4128,0.613776,0.351919,0.910616,0.00373167,0,0,0,0,0,0.00149747,0.000580655,0.0212694,0.15289,0.988943,0.951752,0,-0.0264893,0.955485
89,0.992188,-0.0057373,0.59375,1.28125,-0.00578248,0.497693,0.395001,0.575885,0.487669,1.33829,0.696869,0.401316,0.52455,0.00297764,0,0,0,0,0,0.00995044,0.00393043,0.12448,0.173402,0.985385,0.952956,-0.0078125,-0.0057373,0.68963
90,1.00781,0.00817871,-1.04688,1.4375,0.00811531,0.503238,0.408225,0.589779,0.514487,1.4295,0.52765,0.311197,0.873154,0.0036585,0,0,0,0,0,-0.0157241,-0.00641898,0.259793,0.0744461,0.998435,0.949298,0.0078125,0.00817871,0.238183
91,0.980469,-0.00463867,0.949219,1.04688,-0.00473108,0.498113,0.390851,0.569437,0.477023,1.38659,0.577221,0.328691,0.927724,0.00376509,0,0,0,0,0,-0.0103065,-0.00402831,0.15566,0.0941863,0.996669,0.949544,-0.0195312,-0.00463867,0.466686
92,0.980469,0.0212402,-0.253906,1.41406,0.0216633,0.508642,0.40379,0.578395,0.497587,1.30041,0.630967,0.364948,0.21352,0.00237016,0,0,0,0,0,0.0081366,0.00328548,0.11242,0.166283,0.986705,0.951522,-0.0195312,0.0212402,0.722803
93,0.980469,0.0098877,-0.664062,0.777344,0.0100847,0.504023,0.398114,0.574446,0.488483,1.36597,0.478922,0.275115,0.753186,0.00342419,0,0,0,0,0,-0.0147339,-0.00586576,0.2682,0.0887979,0.997179,0.94973,-0.0195312,0.0098877,0.444399
94,1.05469,-0.00457764,0.193359,0.6875,-0.00434028,0.498268,0.420643,0.612683,0.552321,1.31178,0.717372,0.439522,0.2332,0.00240859,0,0,0,0,0,0.026501,0.0111475,0.322051,0.208236,0.978303,0.957373,0.0546875,-0.00457764,0.909763
95,1.03125,0.0140381,-0.0388184,0.589844,0.0136127,0.505431,0.420553,0.605461,0.543447,1.21396,0.754465,0.456799,0.0505439,0.00205184,0,0,0,0,0,0.00459611,0.00193291,0.0531078,0.212295,0.977405,0.95765,0.03125,0.0140381,0.694826
96,1.03906,-0.0220947,1.0625,0.714844,-0.0212641,0.491517,0.405619,0.597604,0.521657,1.39695,0.587596,0.35115,1.25668,0.00440757,0,0,0,0,0,0.0160673,0.00651719,0.23838,0.130239,0.992386,0.950047,0.0390625,-0.0220947,0.772637
97,0.972656,0.026001,0.757812,0.503906,0.0267319,0.510663,0.403038,0.57551,0.493651,1.35827,0.57566,0.331298,1.06755,0.00403818,0,0,0,0,0,-0.0036325,-0.00146403,0.0550105,0.186963,0.982841,0.952319,-0.0273438,0.026001,0.597803
98,1.02344,0.00228882,0.777344,0.550781,0.0022364,0.500892,0.411545,0.596845,0.525593,1.33551,0.658941,0.393285,1.04743,0.00399888,0,0,0,0,0,0.0015572,0.000640858,0.0206018,0.164724,0.98687,0.954517,0.0234375,0.00228882,0.661942
99,1.02344,0.000212669,0.507812,0.867188,0.000207799,0.500083,0.410507,0.59613,0.523887,1.41221,0.530296,0.316125,0.545314,0.00301819,0,0,0,0,0,-0.00556454,-0.00228428,0.0914783,0.165231,0.986857,0.952391,0.0234375,0.000212669,0.542748
100,1.01562,0.0222168,-1.875,1.20312,0.021875,0.508726,0.418376,0.599209,0.53409,1.38633,0.55923,0.335095,1.70941,0.00529181,0,0,0,0,0,-0.0176609,-0.00738891,0.275315,0.0822096,0.997797,0.94925,0.015625,0.0222168,0.290196
101,1.04688,-0.0397949,1.07812,0.964844,-0.0380131,0.484839,0.399902,0.596181,0.515354,1.29905,0.809094,0.482367,1.09759,0.00409686,0,0,0,0,0,0.0300024,0.011998,0.323269,0.189524,0.982289,0.953822,0.046875,-0.0397949,0.906852
102,1.02344,0.0195312,0.859375,0.824219,0.019084,0.507613,0.420166,0.602822,0.539934,1.35788,0.671423,0.404749,0.946589,0.00380193,0,0,0,0,0,0.0075599,0.00317642,0.0981582,0.255249,0.966982,0.952622,0.0234375,0.0195312,0.679386
103,1.01562,-0.0185547,0.382812,0.570312,-0.0182692,0.492712,0.397991,0.585157,0.500806,1.1871,0.629472,0.36834,0.506909,0.00294318,0,0,0,0,0,0.00338256,0.00134623,0.0468463,0.264003,0.964564,0.955576,0.015625,-0.0185547,0.581555
104,1.00781,0.00817871,0.205078,0.945312,0.00811531,0.503238,0.408225,0.589779,0.514487,1.44184,0.512289,0.302137,0.210927,0.00236509,0,0,0,0,0,-0.0203076,-0.00829008,0.345582,0.0789645,0.998074,0.949209,0.0078125,0.00817871,0.407321
105,1.00781,0.00473022,-0.308594,1.14844,0.00469356,0.501872,0.4065,0.588587,0.511678,1.23653,0.625655,0.368253,0.287961,0.00251555,0,0,0,0,0,0.00412758,0.00167786,0.0575132,0.118456,0.993919,0.950258,0.0078125,0.00473022,0.458014
106,1.03125,0.0341797,-0.255859,0.882812,0.0331439,0.51322,0.430624,0.612499,0.560591,1.42727,0.698635,0.427913,0.272312,0.00248498,0,0,0,0,0,-0.0176005,-0.00757919,0.219625,0.174224,0.98517,0.954953,0.03125,0.0341797,0.726715
107,1.0625,0.00114441,-0.470703,0.542969,0.00107709,0.50043,0.426637,0.619201,0.565429,1.40671,0.611765,0.378806,0.638792,0.00320077,0,0,0,0,0,0.0130404,0.00556351,0.185828,0.156991,0.988295,0.951233,0.0625,0.00114441,1.11478
108,0.960938,-0.0186768,0.773438,0.820312,-0.019436,0.492247,0.376,0.553268,0.447481,1.48763,0.556401,0.307839,0.853956,0.00362101,0,0,0,0,0,-0.0183943,-0.00691626,0.288206,0.179025,0.984479,0.94913,-0.0390625,-0.0186768,0.508861
109,1.01562,0.00799561,0.707031,0.652344,0.0078726,0.503141,0.411266,0.594266,0.522292,1.20963,0.673488,0.400231,0.875388,0.00366287,0,0,0,0,0,-0.0034511,-0.00141932,0.0446719,0.185874,0.98286,0.959115,0.015625,0.00799561,0.696315
110,1.03906,0.0461426,-0.527344,2.14062,0.0444079,0.51771,0.439738,0.621267,0.579342,1.57468,0.681236,0.42323,0.360432,0.00265709,0,0,0,0,0,0.00112466,0.000494555,0.0143923,0.175805,0.984906,0.954123,0.0390625,0.0461426,0.670565
111,0.960938,0.0192871,0.816406,0.667969,0.0200711,0.508007,0.394982,0.566339,0.476751,1.26808,0.560159,0.31724,0.998914,0.00390413,0,0,0,0,0,-0.00432988,-0.00171022,0.0673862,0.144557,0.990168,0.953701,-0.0390625,0.0192871,0.564996
112,1,0.0189209,-0.0349121,0.535156,0.0189209,0.507548,0.410463,0.58896,0.515354,1.19213,0.5555,0.327167,0.0477239,0.00204634,0,0,0,0,0,-0.0115675,-0.00474802,0.181535,0.145569,0.990139,0.950568,0,0.0189209,0.456713
113,1.0625,0.0106812,1.07031,0.972656,0.0100528,0.50401,0.431406,0.622496,0.573612,1.30549,0.704208,0.438367,1.08525,0.00407276,0,0,0,0,0,-0.013455,-0.00580456,0.166567,0.210301,0.977877,0.956183,0.0625,0.0106812,0.803137
114,0.992188,-0.0297852,0.847656,0.773438,-0.0300197,0.488026,0.382977,0.567705,0.46896,1.39276,0.556811,0.316105,0.963845,0.00383563,0,0,0,0,0,-0.018084,-0.00692575,0.283134,0.153729,0.988845,0.950792,-0.0078125,-0.0297852,0.501523
115,1.0625,-0.0212402,0.462891,0.722656,-0.0199908,0.492025,0.415445,0.611543,0.546579,1.47096,0.760181,0.464883,0.544518,0.00301664,0,0,0,0,0,0.0078636,0.00326689,0.0901802,0.174643,0.985099,0.95475,0.0625,-0.0212402,0.844931
116,1.03125,0.0317383,-0.828125,0.796875,0.0307765,0.512276,0.429403,0.611641,0.558492,1.26168,0.61751,0.377694,0.927686,0.00376501,0,0,0,0,0,-0.00983991,-0.00422529,0.138917,0.183438,0.983547,0.951697,0.03125,0.0317383,0.46351
117,0.984375,0.00212097,0.384766,1.23438,0.00215464,0.50086,0.395797,0.574037,0.486174,1.41106,0.641217,0.368082,0.346316,0.00262952,0,0,0,0,0,0.00540546,0.00213947,0.0734911,0.128024,0.992591,0.952252,-0.015625,0.00212097,0.697645
118,0.988281,-0.000648499,0.847656,0.558594,-0.000656188,0.499738,0.395979,0.575358,0.487836,1.54458,0.5547,0.319151,1.13415,0.00416827,0,0,0,0,0,-0.0137848,-0.00545849,0.216646,0.103586,0.995649,0.950412,-0.0117188,-0.000648499,0.690816
119,1.03125,0.017334,-0.443359,0.703125,0.0168087,0.506705,0.422201,0.606607,0.546225,1.37609,0.614951,0.373034,0.528737,0.00298581,0,0,0,0,0,-0.00533124,-0.00225085,0.0755778,0.16611,0.986742,0.951344,0.03125,0.017334,0.67997
120,1,0.017334,0.065918,1.09375,0.017334,0.506915,0.409669,0.588407,0.514052,1.30889,0.416717,0.2452,0.0630296,0.00207623,0,0,0,0,0,-0.017541,-0.00718602,0.366961,0.0801272,0.997944,0.949852,0,0.017334,0.398711
121,0.996094,-0.0109253,0.53125,0.710938,-0.0109681,0.495624,0.393973,0.576384,0.487433,1.46792,0.592585,0.341556,0.630062,0.00318371,0,0,0,0,0,0.00594972,0.00234403,0.0875293,0.154006,0.988785,0.951185,-0.00390625,-0.0109253,0.981976
122,1.00781,0.000415802,0.0361328,0.933594,0.000412579,0.500165,0.404343,0.5871,0.508179,1.46382,0.523593,0.307401,0.0373958,0.00202616,0,0,0,0,0,0.0115064,0.00465253,0.191581,0.119774,0.993753,0.950262,0.0078125,0.000415802,0.753277
123,1.10156,0.0246582,0.0393066,0.558594,0.0223848,0.508929,0.454058,0.650107,0.628808,1.13724,0.783482,0.509347,0.0525918,0.00205584,0,0,0,0,0,-0.0144809,-0.00657519,0.161129,0.282939,0.95916,0.952673,0.101562,0.0246582,0.917137
124,1.09375,0.0291748,-0.0583496,0.703125,0.0266741,0.51064,0.453184,0.647137,0.624162,1.4285,0.813758,0.526613,0.069586,0.00208904,0,0,0,0,0,0.0177057,0.00802394,0.189681,0.194904,0.981147,0.955901,0.09375,0.0291748,0.848173
125,0.992188,0.0286865,0.150391,1.05469,0.0289124,0.511533,0.412213,0.587824,0.515456,1.40719,0.515636,0.303103,0.14644,0.00223914,0,0,0,0,0,-0.00299941,-0.00123639,0.0507106,0.132704,0.992045,0.950049,-0.0078125,0.0286865,0.652896
126,1.10156,0.00613403,0.722656,0.601562,0.00556848,0.502221,0.444796,0.643673,0.612158,1.1982,0.77069,0.496072,0.931733,0.00377292,0,0,0,0,0,0.014732,0.00655272,0.166643,0.197548,0.98051,0.959904,0.101562,0.00613403,1.27287
127,1,0.0177002,-0.271484,1.25,0.0177002,0.507061,0.409852,0.588535,0.514352,1.52328,0.55417,0.326149,0.242823,0.00242739,0,0,0,0,0,-0.00218678,-0.000896255,0.0344007,0.0947173,0.99659,0.950089,0,0.0177002,0.635181
128,1.02344,0.0148315,-0.431641,0.5,0.0144919,0.505781,0.417817,0.601186,0.535996,1.13165,0.523528,0.314738,0.610432,0.00314538,0,0,0,0,0,-0.0138239,-0.00577587,0.230196,0.223298,0.975022,0.951989,0.0234375,0.0148315,0.600589
129,0.996094,0.0349121,-0.511719,0.699219,0.035049,0.51398,0.416892,0.592286,0.524601,1.40831,0.607601,0.359874,0.611962,0.00314836,0,0,0,0,0,-0.000251368,-0.000104794,0.00360661,0.173882,0.98525,0.954392,-0.00390625,0.0349121,0.855612
130,1.03906,-0.00610352,-0.402344,0.636719,-0.00587406,0.497657,0.413615,0.603059,0.534758,1.48775,0.672319,0.405448,0.504224,0.00293794,0,0,0,0,0,0.010901,0.00450881,0.141351,0.170569,0.985933,0.951907,0.0390625,-0.00610352,0.789045
131,1.11719,0.057373,0.519531,0.738281,0.0513549,0.520479,0.476681,0.670731,0.677105,1.32528,0.876747,0.588061,0.604645,0.00313407,0,0,0,0,0,0.0267062,0.0127303,0.265549,0.221419,0.975239,0.964389,0.117188,0.057373,0.86225
132,0.996094,-0.0239258,0.917969,0.804688,-0.0240196,0.490418,0.387473,0.57196,0.477274,1.48482,0.56985,0.325931,1.02333,0.00395181,0,0,0,0,0,0.00321303,0.00124496,0.0491542,0.133796,0.991846,0.951103,-0.00390625,-0.0239258,0.628005
133,0.988281,0.0270996,-0.0507812,1.47656,0.0274209,0.510938,0.409853,0.584993,0.510196,1.53028,0.65164,0.381205,0.0417905,0.00203475,0,0,0,0,0,-0.010887,-0.00446209,0.14565,0.12807,0.992597,0.951978,-0.0117188,0.0270996,0.536376
134,1.02344,-0.00592041,0.289062,0.613281,-0.00578483,0.497692,0.407441,0.594022,0.51887,1.23645,0.663209,0.393961,0.369115,0.00267405,0,0,0,0,0,0.008813,0.00359078,0.115846,0.273516,0.961876,0.957704,0.0234375,-0.00592041,0.678268
135,1.02344,-0.0115356,-0.0834961,0.585938,-0.0112715,0.495503,0.404633,0.5921,0.51431,1.22574,0.599748,0.355111,0.109079,0.00216617,0,0,0,0,0,0.00117051,0.000473627,0.0170143,0.187244,0.982686,0.955638,0.0234375,-0.0115356,1.00248
136,1.00781,-0.0297852,0.135742,0.640625,-0.0295543,0.488211,0.389243,0.576804,0.484212,1.42092,0.564913,0.325844,0.169595,0.00228437,0,0,0,0,0,-0.00976492,-0.00380092,0.150693,0.147961,0.989808,0.949658,0.0078125,-0.0297852,0.761357
137,0.96875,-0.010437,1.64844,0.875,-0.0107737,0.495702,0.383253,0.560626,0.461184,1.41135,0.606939,0.340266,1.76225,0.00539503,0,0,0,0,0,0.00215958,0.000827663,0.0310192,0.160849,0.987607,0.952393,-0.03125,-0.010437,0.823521
138,0.992188,-0.00552368,-0.464844,0.804688,-0.00556718,0.497779,0.395108,0.575958,0.487838,1.267,0.61522,0.354341,0.518195,0.00296522,0,0,0,0,0,0.00415872,0.00164314,0.0589299,0.165876,0.986704,0.953538,-0.0078125,-0.00552368,0.698688
139,1.03906,0.03125,0.644531,0.984375,0.0300752,0.511996,0.432292,0.616019,0.566355,1.36028,0.748231,0.460924,0.649626,0.00322193,0,0,0,0,0,0.031205,0.0134897,0.363577,0.191497,0.981822,0.956403,0.0390625,0.03125,0.751353
140,1.00781,0.015564,-1.74219,1.30469,0.0154433,0.506161,0.411917,0.592341,0.520544,1.31859,0.550705,0.326205,1.52525,0.00493213,0,0,0,0,0,-0.0208867,-0.00860358,0.330641,0.0740026,0.998515,0.948422,0.0078125,0.015564,0.235446
141,1.0625,0.0162354,0.339844,1.03906,0.0152803,0.506096,0.434183,0.624424,0.57842,1.33047,0.65547,0.409291,0.333395,0.00260429,0,0,0,0,0,-0.007463,-0.00324031,0.0992584,0.145197,0.99021,0.950243,0.0625,0.0162354,0.604173
142,1,-0.000968933,-0.026001,0.832031,-0.000968933,0.499613,0.400518,0.582073,0.499223,1.39603,0.684839,0.398626,0.0285049,0.0020088,0,0,0,0,0,0.0126924,0.00508351,0.16157,0.211208,0.9777,0.955219,0,-0.000968933,0.740351
143,1.04688,0.0189209,0.507812,0.714844,0.0180737,0.50721,0.42926,0.616259,0.564039,1.32176,0.698745,0.430607,0.600617,0.00312621,0,0,0,0,0,-0.000306782,-0.000131689,0.00382753,0.20199,0.979644,0.957233,0.046875,0.0189209,0.748843
144,0.957031,-0.00132751,0.65625,0.539062,-0.00138712,0.499447,0.383108,0.556924,0.456936,1.22202,0.528839,0.294523,0.893819,0.00369887,0,0,0,0,0,0.00340912,0.00130606,0.0561987,0.181029,0.983972,0.952801,-0.0429688,-0.00132751,0.571568
145,1.00781,0.00595093,-0.235352,0.691406,0.0059048,0.502356,0.407111,0.589009,0.512671,1.37521,0.558733,0.329099,0.283042,0.00250594,0,0,0,0,0,-0.0036728,-0.00149524,0.0573059,0.142159,0.990618,0.951455,0.0078125,0.00595093,0.506767
146,1.00781,0.0327148,-0.535156,0.408203,0.0324612,0.512948,0.420493,0.598336,0.534821,1.12779,0.575326,0.344238,0.837611,0.00358908,0,0,0,0,0,-0.0240416,-0.0101093,0.364298,0.193684,0.981462,0.953507,0.0078125,0.0327148,0.518497
147,0.996094,0.0131836,1.36719,0.820312,0.0132353,0.50528,0.406028,0.584689,0.50672,1.25056,0.69765,0.407909,1.50952,0.0049014,0,0,0,0,0,-0.00975473,-0.00396069,0.121895,0.180012,0.984127,0.953942,-0.00390625,0.0131836,0.783408
148,1.00781,0.0119629,-0.265625,0.546875,0.0118702,0.504735,0.410117,0.591091,0.517584,1.16459,0.557947,0.329797,0.359191,0.00265467,0,0,0,0,0,-0.0145197,-0.00595479,0.226868,0.238956,0.971123,0.957727,0.0078125,0.0119629,0.798388
149,1.00781,0.0111694,-0.589844,0.960938,0.0110828,0.504421,0.40972,0.590815,0.516933,1.32438,0.561408,0.331689,0.601713,0.00312835,0,0,0,0,0,-0.0268291,-0.0109924,0.416615,0.0706285,0.998707,0.949682,0.0078125,0.0111694,0.291919
150,1.10156,0.019043,0.753906,0.71875,0.0172872,0.506896,0.451251,0.64815,0.623725,1.3525,0.84029,0.544634,0.889259,0.00368996,0,0,0,0,0,-0.00592011,-0.00267145,0.0614196,0.244882,0.969583,0.962002,0.101562,0.019043,0.892345
151,0.984375,0.0698242,-0.574219,0.773438,0.0709325,0.528274,0.429649,0.59788,0.542059,1.18806,0.675662,0.403965,0.652927,0.00322837,0,0,0,0,0,-0.022739,-0.00976979,0.293392,0.257956,0.966194,0.957742,-0.015625,0.0698242,0.670727
152,1.01562,0.0429688,-0.339844,0.488281,0.0423077,0.516873,0.428752,0.606499,0.55167,1.20129,0.63292,0.383866,0.486345,0.00290302,0,0,0,0,0,-0.0246453,-0.0105667,0.339463,0.18502,0.983199,0.952998,0.015625,0.0429688,0.553191
153,1.05469,-0.00379944,-0.163086,0.527344,-0.00360243,0.498563,0.421032,0.61295,0.552976,1.26556,0.789167,0.48372,0.224579,0.00239176,0,0,0,0,0,0.0144628,0.00608932,0.159768,0.264668,0.96434,0.963469,0.0546875,-0.00379944,0.664306
154,1.02344,-0.0344238,0.173828,0.753906,-0.0336355,0.486584,0.393189,0.584339,0.49605,1.36817,0.750319,0.438441,0.200199,0.00234414,0,0,0,0,0,0.0234232,0.00920976,0.27215,0.200748,0.979992,0.953844,0.0234375,-0.0344238,0.910913
155,0.984375,0.022583,0.279297,0.847656,0.0229415,0.509152,0.406028,0.581138,0.502581,1.18651,0.597883,0.347453,0.303359,0.00254562,0,0,0,0,0,-0.0123984,-0.00503412,0.180783,0.161866,0.987388,0.953676,-0.015625,0.022583,0.814895
156,1.03906,0.00234985,-0.4375,1.23438,0.00226151,0.500902,0.417841,0.605966,0.541786,1.39745,0.632999,0.383576,0.393781,0.00272223,0,0,0,0,0,0.00956028,0.00399468,0.131666,0.123175,0.993288,0.950947,0.0390625,0.00234985,0.674394
157,1,0.0830078,-0.133789,1.04688,0.0830078,0.533077,0.442506,0.611724,0.570018,1.25532,0.660798,0.404226,0.130759,0.00220851,0,0,0,0,0,-0.00941718,-0.00416716,0.124239,0.213306,0.977215,0.956024,0,0.0830078,0.504938
158,1.09375,-0.0236816,-0.667969,1.10156,-0.0216518,0.491363,0.426756,0.628913,0.577652,1.35596,0.671693,0.422437,0.636431,0.00319616,0,0,0,0,0,-0.00465107,-0.00198487,0.0603654,0.211913,0.977605,0.952717,0.09375,-0.0236816,0.765386
159,0.980469,0.00866699,-0.339844,0.9375,0.00883964,0.503526,0.397504,0.574024,0.487512,1.31829,0.53973,0.309818,0.350989,0.00263865,0,0,0,0,0,-0.0158504,-0.00630059,0.256018,0.147223,0.98989,0.950444,-0.0195312,0.00866699,0.426078
160,1.02344,-0.0168457,0.152344,1.42188,-0.0164599,0.493434,0.401978,0.590289,0.510027,1.48957,0.623458,0.36802,0.12776,0.00220266,0,0,0,0,0,0.00462474,0.00185905,0.0646676,0.128887,0.992529,0.950984,0.0234375,-0.0168457,0.771783
161,1.00781,-0.0133667,0.130859,0.640625,-0.0132631,0.494709,0.397452,0.582375,0.497128,1.38569,0.624143,0.363485,0.163494,0.00227245,0,0,0,0,0,0.0115095,0.00457449,0.160761,0.142609,0.990519,0.952236,0.0078125,-0.0133667,0.905076
162,1,0.00311279,-0.65625,0.777344,0.00311279,0.501242,0.402559,0.583479,0.502501,1.2959,0.522551,0.304897,0.744325,0.00340689,0,0,0,0,0,-0.0105795,-0.00425885,0.176499,0.122106,0.993486,0.949628,0,0.00311279,0.331447
163,1.07812,0.0324707,0.386719,0.695312,0.0301178,0.512013,0.448566,0.639194,0.60978,1.37074,0.712023,0.455121,0.463773,0.00285893,0,0,0,0,0,-0.0185993,-0.008343,0.227724,0.170459,0.985898,0.953471,0.078125,0.0324707,0.843425
164,0.980469,0.0114136,-0.0264893,0.839844,0.0116409,0.504644,0.398877,0.574975,0.4897,1.38459,0.497728,0.286181,0.0289048,0.00200958,0,0,0,0,0,-0.00774645,-0.00308988,0.13568,0.143871,0.990418,0.950077,-0.0195312,0.0114136,0.424298
165,1.03906,0.00318909,-0.597656,0.859375,0.0030692,0.501224,0.418261,0.606256,0.542488,1.47936,0.638937,0.387359,0.644704,0.00321231,0,0,0,0,0,-0.00522092,-0.00218371,0.0712353,0.128646,0.992479,0.952925,0.0390625,0.00318909,0.819125
166,0.996094,-0.022583,0.185547,1.28125,-0.0226716,0.490956,0.388144,0.572415,0.478315,1.39626,0.650762,0.372506,0.163922,0.00227328,0,0,0,0,0,0.00330141,0.00128142,0.0442266,0.121557,0.993487,0.951149,-0.00390625,-0.022583,0.724494
167,1.03906,0.0231934,1.10938,0.546875,0.0223214,0.508904,0.428263,0.613199,0.559422,1.36885,0.663982,0.407153,1.50015,0.0048831,0,0,0,0,0,0.00844393,0.00361623,0.110865,0.252954,0.967546,0.956116,0.0390625,0.0231934,1.09345
168,0.992188,0.0454102,-0.451172,0.710938,0.0457677,0.518252,0.420575,0.593718,0.529384,1.40938,0.688008,0.408482,0.535089,0.00299822,0,0,0,0,0,0.0252551,0.0106217,0.320009,0.187325,0.982688,0.95501,-0.0078125,0.0454102,0.722466
169,0.992188,-0.000211716,1.00781,0.796875,-0.000213383,0.499915,0.397764,0.577783,0.49205,1.26905,0.594173,0.343303,1.12898,0.00415816,0,0,0,0,0,-0.00754399,-0.00300073,0.110687,0.137053,0.991324,0.952495,-0.0078125,-0.000211716,0.762931
170,1.03125,0.0274658,-0.84375,0.753906,0.0266335,0.510624,0.427267,0.610143,0.554832,1.17438,0.636272,0.388217,0.971751,0.00385108,0,0,0,0,0,-0.0270119,-0.0115413,0.370099,0.207842,0.97857,0.950312,0.03125,0.0274658,0.405044
171,1.08594,0.0214844,-0.443359,0.488281,0.0197842,0.507892,0.446206,0.639901,0.608572,1.25456,0.802584,0.513574,0.634484,0.00319235,0,0,0,0,0,0.0189818,0.0084698,0.206184,0.192114,0.981632,0.959082,0.0859375,0.0214844,0.929788
172,0.96875,0.00396729,0.644531,0.597656,0.00409526,0.501634,0.390455,0.565574,0.472329,1.39916,0.557491,0.315303,0.833716,0.00358148,0,0,0,0,0,-0.0149902,-0.00585298,0.234409,0.140205,0.990918,0.951216,-0.03125,0.00396729,0.556037
173,1,0.0157471,0.125,0.667969,0.0157471,0.506282,0.408876,0.587855,0.512753,1.42528,0.623978,0.366809,0.152944,0.00225184,0,0,0,0,0,-0.00525153,-0.00214723,0.0733709,0.219226,0.975947,0.952874,0,0.0157471,0.769276
174,1.03125,0.00212097,-0.0844727,0.785156,0.0020567,0.500821,0.414594,0.601337,0.533495,1.35712,0.674768,0.405763,0.0953319,0.00213932,0,0,0,0,0,0.0150502,0.00623971,0.194444,0.136436,0.991329,0.954621,0.03125,0.00212097,1.21356
175,1.00781,0.00230408,1.64062,0.566406,0.00228622,0.500912,0.405287,0.58775,0.509708,1.37526,0.643114,0.37799,2.17994,0.00621083,0,0,0,0,0,0.011066,0.00448492,0.150007,0.184399,0.983343,0.952259,0.0078125,0.00230408,0.717426
176,0.996094,0.0267334,1.03906,0.451172,0.0268382,0.510706,0.412803,0.589414,0.517815,1.39718,0.499214,0.294244,1.54693,0.00497447,0,0,0,0,0,-0.0144453,-0.00596304,0.252258,0.16506,0.986935,0.951092,-0.00390625,0.0267334,0.671602
177,1,0.00952148,-0.498047,0.851562,0.00952148,0.503798,0.405763,0.585694,0.507682,1.41795,0.593151,0.347405,0.539712,0.00300725,0,0,0,0,0,-0.0179176,-0.00727032,0.263343,0.141442,0.990752,0.950818,0,0.00952148,0.571188
178,0.976562,0.0539551,0.453125,0.820312,0.05525,0.52203,0.418581,0.587657,0.520551,1.32469,0.56533,0.33222,0.500298,0.00293027,0,0,0,0,0,-0.00451444,-0.00188966,0.069616,0.171323,0.985792,0.952073,-0.0234375,0.0539551,0.476632
179,0.957031,0.0344238,0.126953,0.773438,0.0359694,0.514347,0.400984,0.569369,0.484969,1.40188,0.53592,0.305136,0.144355,0.00223507,0,0,0,0,0,0.00915206,0.00366983,0.148876,0.15493,0.988652,0.950748,-0.0429688,0.0344238,0.645378
180,1.01562,0.0209961,-0.124512,0.996094,0.0206731,0.508247,0.417766,0.598783,0.53307,1.37334,0.468039,0.280254,0.124756,0.00219679,0,0,0,0,0,-0.0223081,-0.00931957,0.415516,0.154263,0.988804,0.949675,0.015625,0.0209961,0.582795
181,1.03906,0.0463867,-0.960938,0.71875,0.0446429,0.517804,0.43986,0.621354,0.579557,1.22174,0.658996,0.409469,1.13346,0.00416691,0,0,0,0,0,-0.0121324,-0.00533658,0.160499,0.294297,0.955717,0.953395,0.0390625,0.0463867,0.604132
182,0.984375,0.0297852,-0.202148,0.902344,0.0302579,0.512069,0.409629,0.58366,0.508455,1.32125,0.535258,0.312409,0.212806,0.00236876,0,0,0,0,0,-0.00715958,-0.00293278,0.116609,0.150345,0.989359,0.95149,-0.015625,0.0297852,0.62164
183,1.03125,0.0432129,0.0427246,0.675781,0.0419034,0.516712,0.43514,0.615683,0.568412,1.2123,0.610649,0.375966,0.0519727,0.00205463,0,0,0,0,0,-0.01322,-0.00575256,0.188733,0.0928697,0.996697,0.951637,0.03125,0.0432129,0.424049
184,1.07812,0.0500488,-0.0776367,0.667969,0.0464221,0.518513,0.457355,0.645392,0.625704,1.4341,0.728806,0.470366,0.0949925,0.00213866,0,0,0,0,0,-0.0134369,-0.00614542,0.160728,0.213877,0.977127,0.954308,0.078125,0.0500488,0.897935
185,1.03125,0.0756836,0.664062,0.902344,0.0733902,0.529252,0.451375,0.627262,0.597198,1.34097,0.759668,0.476511,0.699074,0.0033185,0,0,0,0,0,-0.0194777,-0.00879176,0.223522,0.196746,0.980816,0.954207,0.03125,0.0756836,0.67412
186,0.996094,0.0327148,-0.00897217,1.48438,0.0328431,0.5131,0.415793,0.591513,0.522771,1.37693,0.573663,0.339329,0.0073642,0.00196751,0,0,0,0,0,-0.011776,-0.00489637,0.178956,0.135368,0.991599,0.951694,-0.00390625,0.0327148,0.496968
187,1.0625,-0.00357056,-0.644531,0.800781,-0.00336052,0.498659,0.42428,0.617579,0.561417,1.29909,0.647556,0.399917,0.720256,0.00335988,0,0,0,0,0,-0.0083312,-0.00353476,0.11216,0.210315,0.97787,0.95636,0.0625,-0.00357056,0.653683
188,1.05469,-0.0183105,0.949219,0.601562,-0.0173611,0.493074,0.413777,0.607989,0.540862,1.23686,0.781755,0.475299,1.22384,0.00434344,0,0,0,0,0,0.0380612,0.0157489,0.424443,0.176604,0.984682,0.956618,0.0546875,-0.0183105,0.991066
189,0.980469,0.0144653,0.318359,0.789062,0.0147535,0.505886,0.400403,0.576035,0.492139,1.39422,0.676281,0.389562,0.358395,0.00265312,0,0,0,0,0,0.00856299,0.00342865,0.110384,0.154053,0.988669,0.954041,-0.0195312,0.0144653,0.697358
190,1.00781,0.00491333,0.144531,0.566406,0.00487524,0.501945,0.406592,0.588651,0.511826,1.22715,0.574556,0.338213,0.192043,0.00232821,0,0,0,0,0,0.00187623,0.000762859,0.0284682,0.162255,0.987421,0.950991,0.0078125,0.00491333,0.50011
191,1.04688,-0.0119019,0.0354004,0.683594,-0.0113689,0.495465,0.413848,0.605625,0.538052,1.34579,0.674313,0.408381,0.0428163,0.00203675,0,0,0,0,0,0.0215494,0.0089182,0.2786,0.180091,0.984108,0.954103,0.046875,-0.0119019,0.947623
192,1.01562,0.0299072,0.188477,0.585938,0.0294471,0.511746,0.422222,0.6019,0.540555,1.33746,0.644871,0.388148,0.246225,0.00243403,0,0,0,0,0,0.00181369,0.000765778,0.0245186,0.16586,0.986744,0.952491,0.015625,0.0299072,0.796883
193,0.96875,-0.00343323,0.539062,0.820312,-0.00354398,0.498586,0.386754,0.563026,0.466577,1.46878,0.536988,0.302338,0.595182,0.00311559,0,0,0,0,0,0.0020375,0.000788012,0.0330781,0.150827,0.989309,0.950816,-0.03125,-0.00343323,0.623387
194,1.07031,-0.0186768,0.24707,0.333984,-0.0174498,0.493039,0.419859,0.616964,0.556927,1.07961,0.700125,0.431952,0.427521,0.00278813,0,0,0,0,0,-0.000612711,-0.000257252,0.00762933,0.267743,0.9635,0.95932,0.0703125,-0.0186768,0.781994
195,0.984375,-0.0101318,0.371094,0.863281,-0.0102927,0.495894,0.389671,0.56983,0.47655,1.34796,0.635041,0.361866,0.399399,0.0027332,0,0,0,0,0,-0.00894958,-0.00348739,0.122859,0.138287,0.991162,0.952101,-0.015625,-0.0101318,0.81098
196,1,0.0266113,0.933594,0.550781,0.0266113,0.510615,0.414308,0.591646,0.521696,1.2565,0.548779,0.324683,1.25796,0.00441009,0,0,0,0,0,-0.0140841,-0.00583514,0.223737,0.142529,0.990584,0.950946,0,0.0266113,0.440313
197,1,-0.0385742,1.66406,1.16406,-0.0385742,0.484615,0.381715,0.569298,0.469807,1.52701,0.630692,0.359052,1.54234,0.00496552,0,0,0,0,0,-0.00214426,-0.000818497,0.0296392,0.141934,0.990671,0.951002,0,-0.0385742,0.80871
198,0.992188,0.0145264,0.0996094,0.800781,0.0146407,0.505841,0.405133,0.582881,0.503883,1.37713,0.49567,0.288917,0.111312,0.00217053,0,0,0,0,0,-0.00985685,-0.00399333,0.173361,0.156657,0.988405,0.949871,-0.0078125,0.0145264,0.552173
199,0.964844,0.00656128,0.0664062,0.609375,0.00680035,0.502713,0.390185,0.564195,0.47056,1.38428,0.492612,0.277929,0.0850681,0.00211927,0,0,0,0,0,-0.00287089,-0.00112018,0.0508064,0.119037,0.993813,0.95098,-0.0351562,0.00656128,0.636624
200,0.992188,0.0172119,-0.0319824,0.515625,0.0173474,0.50692,0.406475,0.583815,0.506062,1.25506,0.561271,0.327678,0.0445394,0.00204012,0,0,0,0,0,-0.0100805,-0.00409749,0.156573,0.149355,0.989532,0.951062,-0.0078125,0.0172119,0.380427
201,1.03906,0.0285645,-0.125,0.792969,0.0274906,0.510966,0.430949,0.615077,0.564037,1.52547,0.665791,0.409513,0.140372,0.00222729,0,0,0,0,0,0.0118896,0.00512381,0.155681,0.214076,0.977143,0.95191,0.0390625,0.0285645,0.936573
202,0.988281,-0.00245667,0.123047,0.816406,-0.0024858,0.499008,0.395075,0.574736,0.486406,1.49612,0.488466,0.280739,0.136181,0.0022191,0,0,0,0,0,-0.00553111,-0.0021852,0.0987153,0.0869902,0.997361,0.949447,-0.0117188,-0.00245667,0.41945
203,1.02344,0.00224304,0.417969,0.761719,0.00219167,0.500874,0.411522,0.596829,0.525556,1.32994,0.592295,0.353499,0.478902,0.00288848,0,0,0,0,0,0.00372299,0.0015321,0.0547976,0.198909,0.980386,0.953524,0.0234375,0.00224304,0.786298
204,1.03125,0.026123,0.169922,0.8125,0.0253314,0.510105,0.426595,0.609673,0.553685,1.40188,0.585715,0.357095,0.188511,0.00232131,0,0,0,0,0,-0.0232336,-0.00991133,0.345809,0.19101,0.982079,0.951026,0.03125,0.026123,0.6702
205,0.988281,0.0269775,0.882812,0.46875,0.0272974,0.510889,0.409792,0.58495,0.510096,1.20039,0.523738,0.306361,1.28943,0.00447154,0,0,0,0,0,-0.00154264,-0.000632163,0.0256778,0.142674,0.990439,0.954044,-0.0117188,0.0269775,0.740306
206,1.02344,0.0612793,-0.143555,1.14844,0.059876,0.523873,0.441041,0.617553,0.575888,1.36607,0.581407,0.359049,0.133956,0.00221476,0,0,0,0,0,-0.00923602,-0.00407346,0.138488,0.159012,0.987916,0.952385,0.0234375,0.0612793,0.691022
207,1.00781,-0.000965118,-0.644531,0.486328,-0.000957637,0.499618,0.403653,0.586624,0.507063,1.32588,0.610379,0.358063,0.924228,0.00375826,0,0,0,0,0,0.017116,0.00690891,0.244461,0.228018,0.973885,0.952801,0.0078125,-0.000965118,0.979354
208,1.01562,-0.00346375,-0.429688,0.789062,-0.00341046,0.498639,0.405536,0.590315,0.512932,1.52607,0.605459,0.357412,0.483723,0.0028979,0,0,0,0,0,0.00510547,0.00207045,0.073512,0.133432,0.991887,0.951342,0.015625,-0.00346375,0.867663
209,1.07812,0.036377,-0.0200195,0.613281,0.0337409,0.513458,0.450519,0.640566,0.613292,1.24471,0.702494,0.449994,0.0255637,0.00200305,0,0,0,0,0,0.00325727,0.00146746,0.0404221,0.248064,0.968786,0.959781,0.078125,0.036377,0.98044
210,1.01562,0.00860596,-0.0598145,0.628906,0.00847356,0.50338,0.411571,0.594477,0.522794,1.18524,0.568694,0.338076,0.0754246,0.00210044,0,0,0,0,0,-0.00737732,-0.00303629,0.113091,0.182009,0.983761,0.95356,0.015625,0.00860596,0.930619
211,1.01562,0.0162354,0.671875,1.09375,0.0159856,0.506377,0.415386,0.597125,0.529103,1.4186,0.690728,0.412451,0.642435,0.00320788,0,0,0,0,0,-0.00296255,-0.0012306,0.0373909,0.165781,0.986657,0.955435,0.015625,0.0162354,0.765692
212,1.05469,-0.00683594,0.976562,0.917969,-0.00648148,0.497414,0.419514,0.611908,0.550424,1.48894,0.717411,0.43899,1.01926,0.00394387,0,0,0,0,0,0.00977732,0.00410172,0.118812,0.162515,0.987307,0.952876,0.0546875,-0.00683594,0.867439
213,1,0.0126953,-0.241211,0.554688,0.0126953,0.505065,0.40735,0.586795,0.510262,1.1126,0.551673,0.323719,0.323872,0.00258569,0,0,0,0,0,-0.00436763,-0.00177915,0.0690194,0.234348,0.972343,0.953119,0,0.0126953,0.549951
214,0.996094,-0.024292,-0.100098,0.65625,-0.0243873,0.490272,0.38729,0.571836,0.47699,1.42546,0.5988,0.342416,0.123563,0.00219446,0,0,0,0,0,-0.000406977,-0.000157618,0.00592509,0.155734,0.988522,0.950727,-0.00390625,-0.024292,0.720357
215,1.02344,0.0235596,0.671875,0.5625,0.02302,0.509183,0.422181,0.604228,0.543327,1.3823,0.551044,0.332956,0.895833,0.0037028,0,0,0,0,0,-0.018577,-0.00784285,0.293897,0.109828,0.994966,0.950023,0.0234375,0.0235596,0.562298
216,1.10938,0.020874,-0.292969,0.761719,0.018816,0.507506,0.455299,0.653337,0.634146,1.41304,0.806592,0.526976,0.335679,0.00260875,0,0,0,0,0,0.0205018,0.00933444,0.221587,0.201266,0.979798,0.957159,0.109375,0.020874,0.918422
217,1.00781,0.0473633,-0.449219,0.707031,0.0469961,0.518742,0.427817,0.603506,0.547247,1.22369,0.592323,0.357471,0.534243,0.00299657,0,0,0,0,0,-0.00240306,-0.00102807,0.0353681,0.252306,0.96772,0.955889,0.0078125,0.0473633,0.563724
218,0.980469,0.00836182,0.609375,0.470703,0.00852839,0.503402,0.397351,0.573918,0.48727,1.21674,0.596539,0.342364,0.888201,0.00368789,0,0,0,0,0,-0.011842,-0.00470544,0.173059,0.179267,0.984328,0.952118,-0.0195312,0.00836182,0.601218
219,1.00781,0.0137329,0.746094,0.640625,0.0136265,0.505436,0.411002,0.591705,0.519037,1.34434,0.589331,0.34871,0.932162,0.00377375,0,0,0,0,0,-0.0174276,-0.00716279,0.257802,0.160872,0.987541,0.954106,0.0078125,0.0137329,0.722373
220,1.03125,-0.0115356,-0.169922,0.511719,-0.0111861,0.495537,0.407766,0.59665,0.522264,0.993343,0.668034,0.398582,0.237538,0.00241707,0,0,0,0,0,0.0111446,0.00454439,0.145436,0.312831,0.949938,0.965617,0.03125,-0.0115356,0.864766
221,0.96875,0.00219727,0.382812,0.851562,0.00226815,0.500905,0.38957,0.564963,0.470948,1.40715,0.480484,0.271456,0.414837,0.00276335,0,0,0,0,0,-0.00801759,-0.00312341,0.145469,0.122797,0.99335,0.950643,-0.03125,0.00219727,0.570667
222,0.976562,-0.0310059,-0.165039,0.734375,-0.03175,0.487336,0.376101,0.558195,0.453034,1.36709,0.453933,0.253383,0.192587,0.00232927,0,0,0,0,0,-0.00661167,-0.00248666,0.126977,0.132599,0.992112,0.948886,-0.0234375,-0.0310059,0.441405
223,1.07812,0.0141602,0.867188,0.425781,0.0131341,0.50524,0.439411,0.632802,0.593521,1.14828,0.715058,0.45249,1.32898,0.0045488,0,0,0,0,0,0.0136087,0.00597979,0.165913,0.280765,0.959808,0.967569,0.078125,0.0141602,1.00301
224,0.984375,0.0285645,-1.13281,1.07031,0.0290179,0.511575,0.409019,0.583232,0.507456,1.42044,0.536645,0.312988,1.09497,0.00409174,0,0,0,0,0,-0.0253239,-0.0103579,0.411386,0.110477,0.994911,0.949594,-0.015625,0.0285645,0.430332
225,0.964844,0.00215149,-0.652344,0.929688,0.00222988,0.50089,0.38798,0.562672,0.467129,1.10656,0.503033,0.283043,0.676563,0.00327454,0,0,0,0,0,-0.0118105,-0.00458224,0.204682,0.124988,0.993075,0.950417,-0.0351562,0.00215149,0.416839
226,1.00781,0.00793457,-0.9375,0.527344,0.00787306,0.503141,0.408102,0.589695,0.514288,1.05284,0.477934,0.281835,1.29099,0.0044746,0,0,0,0,0,-0.00971531,-0.00396484,0.177213,0.116152,0.994162,0.951159,0.0078125,0.00793457,0.400645
227,1.00781,-0.00334167,-0.443359,0.695312,-0.00331577,0.498677,0.402464,0.585807,0.505148,1.35765,0.62243,0.364624,0.531699,0.0029916,0,0,0,0,0,0.00694747,0.00279611,0.0973066,0.214724,0.976998,0.951884,0.0078125,-0.00334167,0.614971
228,1.00781,-0.0055542,1.1875,0.71875,-0.00551114,0.497801,0.401358,0.585048,0.503369,1.43594,0.5832,0.3412,1.4007,0.00468886,0,0,0,0,0,-0.0124836,-0.00501039,0.186607,0.171521,0.98573,0.952834,0.0078125,-0.0055542,0.77051
229,0.96875,-0.00741577,-0.972656,0.6875,-0.00765499,0.496946,0.384763,0.56166,0.463504,1.4495,0.500235,0.280962,1.17307,0.00424427,0,0,0,0,0,-0.00965839,-0.00371619,0.168321,0.150952,0.989332,0.949771,-0.03125,-0.00741577,0.589421
230,1.03906,0.0388184,-0.28125,0.773438,0.037359,0.514901,0.436076,0.61868,0.572927,1.42166,0.729345,0.451231,0.319801,0.00257774,0,0,0,0,0,-0.0179078,-0.00780915,0.21405,0.180629,0.984014,0.953858,0.0390625,0.0388184,0.64248
231,0.992188,0.0144653,0.304688,0.925781,0.0145792,0.505816,0.405102,0.58286,0.503833,1.34243,0.493157,0.287442,0.316665,0.00257161,0,0,0,0,0,-0.0116078,-0.00470233,0.205197,0.119542,0.993828,0.949275,-0.0078125,0.0144653,0.403454
232,1.0625,0.0332031,0.396484,0.738281,0.03125,0.512465,0.442667,0.630352,0.593298,1.26044,0.647178,0.40795,0.46144,0.00285437,0,0,0,0,0,-0.0273842,-0.0121221,0.368879,0.18661,0.982931,0.951683,0.0625,0.0332031,0.787169
233,0.960938,0.0078125,-1.73438,1.15625,0.00813008,0.503243,0.389244,0.562353,0.467752,1.41917,0.469085,0.263791,1.61294,0.00510339,0,0,0,0,0,0.000652232,0.000253878,0.0121215,0.132862,0.991984,0.95095,-0.0390625,0.0078125,0.58227
234,0.972656,0.000621796,-0.90625,0.84375,0.000639276,0.500255,0.390348,0.566695,0.473515,1.42194,0.459939,0.260645,0.9866,0.00388008,0,0,0,0,0,-0.00400383,-0.00156289,0.0758895,0.128083,0.992704,0.949502,-0.0273438,0.000621796,0.500448
235,1,0.0106812,0.181641,1.125,0.0106812,0.504261,0.406343,0.586096,0.508623,1.498,0.644436,0.377702,0.171252,0.0022876,0,0,0,0,0,0.00309362,0.00125707,0.0418498,0.163282,0.987237,0.951216,0,0.0106812,0.506021
236,1.08594,-0.00909424,0.204102,0.855469,-0.00837455,0.496659,0.430916,0.629335,0.581751,1.47229,0.741573,0.466698,0.22067,0.00238412,0,0,0,0,0,0.0184021,0.00792978,0.216332,0.147132,0.989816,0.952614,0.0859375,-0.00909424,1.12433
237,1,0.0332031,-0.170898,0.566406,0.0332031,0.513244,0.417604,0.593959,0.52718,1.5105,0.640404,0.380373,0.227077,0.00239664,0,0,0,0,0,0.00872702,0.00364444,0.118801,0.222262,0.975274,0.951634,0,0.0332031,0.760679
238,1.01562,0.0137329,0.458984,0.75,0.0135216,0.505394,0.414134,0.596255,0.527027,1.33016,0.60666,0.361724,0.52999,0.00298826,0,0,0,0,0,0.0158673,0.00657121,0.228016,0.189969,0.982253,0.95211,0.015625,0.0137329,0.787208
239,1.03125,-0.00683594,0.574219,0.964844,-0.00662879,0.497356,0.410116,0.598258,0.526108,1.4688,0.618995,0.370319,0.584587,0.0030949,0,0,0,0,0,0.0147332,0.00604231,0.207499,0.168153,0.986397,0.950968,0.03125,-0.00683594,1.05257
240,1.02344,0.00723267,0.917969,1.36719,0.00706703,0.502819,0.414017,0.598552,0.529675,1.42934,0.674224,0.403558,0.78508,0.00348648,0,0,0,0,0,0.00322381,0.00133471,0.0416843,0.152668,0.989013,0.950868,0.0234375,0.00723267,0.735349
241,1.02344,-0.0202637,-0.667969,1.05469,-0.0197996,0.492102,0.400269,0.589126,0.507285,1.59905,0.729466,0.429747,0.650421,0.00322348,0,0,0,0,0,0.0311166,0.012455,0.371872,0.139347,0.990853,0.956115,0.0234375,-0.0202637,0.990403
242,1.07812,-0.00866699,0.863281,0.664062,-0.00803895,0.496793,0.427997,0.624931,0.57372,1.50385,0.81229,0.507625,1.05937,0.00402221,0,0,0,0,0,0.0213348,0.00913123,0.228973,0.143749,0.990261,0.954484,0.078125,-0.00866699,0.999128
243,0.972656,0.0149536,-0.306641,0.832031,0.015374,0.506133,0.397514,0.571655,0.484807,1.41997,0.556195,0.317952,0.336171,0.00260971,0,0,0,0,0,-0.00492462,-0.00195761,0.0771885,0.138253,0.991209,0.951107,-0.0273438,0.0149536,0.524546
244,1.03125,0.0172119,-0.566406,0.621094,0.0166903,0.506658,0.42214,0.606564,0.546122,1.42333,0.719894,0.436662,0.718703,0.00335684,0,0,0,0,0,-0.00188772,-0.00079688,0.0228599,0.269716,0.962972,0.955158,0.03125,0.0172119,0.683569
245,1.03125,-0.00248718,0.248047,0.6875,-0.00241181,0.499038,0.41229,0.599751,0.529684,1.26415,0.754463,0.45249,0.299156,0.00253741,0,0,0,0,0,0.0271569,0.0111965,0.313797,0.181565,0.983743,0.956999,0.03125,-0.00248718,0.815543
246,0.96875,-0.00610352,0.566406,0.570312,-0.0063004,0.497487,0.385419,0.562109,0.464515,1.20038,0.504603,0.283642,0.750018,0.003418,0,0,0,0,0,-0.00852841,-0.00328701,0.147341,0.152146,0.989073,0.951485,-0.03125,-0.00610352,0.619699
247,0.964844,-0.0300293,1.25,1.05469,-0.0311235,0.487586,0.37189,0.551701,0.442676,1.3987,0.656067,0.361952,1.21716,0.00433039,0,0,0,0,0,0.0229774,0.00854507,0.305324,0.16064,0.987615,0.953143,-0.0351562,-0.0300293,0.900624
248,0.976562,-0.0198975,0.578125,1.30469,-0.020375,0.491872,0.381655,0.561953,0.461451,1.49485,0.580537,0.326234,0.506137,0.00294167,0,0,0,0,0,-0.0069048,-0.00263525,0.103688,0.10951,0.994958,0.950983,-0.0234375,-0.0198975,0.566325
249,1.03125,-0.0319824,0.964844,0.664062,-0.0310133,0.487629,0.397542,0.58971,0.505798,1.24965,0.667904,0.39387,1.184,0.00426563,0,0,0,0,0,0.00976743,0.00388297,0.127489,0.183455,0.983402,0.956271,0.03125,-0.0319824,0.835074
250,1,-0.00564575,-0.0192871,0.867188,-0.00564575,0.497748,0.398179,0.580466,0.495488,1.44578,0.572155,0.332116,0.0207115,0.00199358,0,0,0,0,0,-0.0190632,-0.00759059,0.290463,0.179373,0.984357,0.950692,0,-0.00564575,0.453511
251,1.05469,0.0380859,0.652344,0.796875,0.0361111,0.514403,0.441975,0.62752,0.589124,1.31756,0.701863,0.440433,0.730771,0.00338041,0,0,0,0,0,0.00681506,0.00301209,0.0846494,0.187077,0.982631,0.958942,0.0546875,0.0380859,0.944443
252,1.00781,0.0109863,-2.09375,0.867188,0.0109012,0.504349,0.409628,0.590752,0.516783,1.39434,0.572805,0.338386,2.24837,0.00634448,0,0,0,0,0,-0.0158382,-0.00648778,0.24105,0.0718105,0.998671,0.94866,0.0078125,0.0109863,0.21646
253,1.02344,0.0407715,0.0703125,1.04688,0.0398378,0.515889,0.430787,0.610272,0.558009,1.29312,0.625081,0.38147,0.0687203,0.00208734,0,0,0,0,0,-0.00836488,-0.00360348,0.116662,0.145786,0.989914,0.955518,0.0234375,0.0407715,0.547888
254,1,-0.0112915,-0.0961914,0.734375,-0.0112915,0.495495,0.395357,0.578534,0.491008,1.34903,0.535243,0.309656,0.112248,0.00217236,0,0,0,0,0,-0.0166443,-0.00658044,0.271095,0.147845,0.98985,0.949085,0,-0.0112915,0.401028
255,1.10156,0.0163574,-0.492188,0.566406,0.0148493,0.505924,0.449908,0.647215,0.621305,1.20201,0.820834,0.531256,0.653983,0.00323044,0,0,0,0,0,-0.0164032,-0.00737993,0.174213,0.25742,0.966332,0.958455,0.101562,0.0163574,0.808715
256,1.04688,0.0319824,-0.460938,0.542969,0.0305504,0.512186,0.435791,0.620825,0.575337,1.42158,0.727637,0.451735,0.625539,0.00317488,0,0,0,0,0,0.0165688,0.00722051,0.19851,0.20774,0.978408,0.957468,0.046875,0.0319824,0.787957
257,0.984375,-0.0142822,-0.0390625,1.11719,-0.0145089,0.494212,0.387596,0.568413,0.473324,1.39,0.442213,0.25136,0.036957,0.00202531,0,0,0,0,0,0.00129062,0.00050024,0.0254434,0.0926589,0.996811,0.949716,-0.015625,-0.0142822,0.529263
258,1.01562,0.00442505,-0.324219,0.925781,0.00435697,0.501738,0.409481,0.593032,0.519361,1.28385,0.568379,0.337067,0.336964,0.00261126,0,0,0,0,0,-0.00296522,-0.0012142,0.0454806,0.142621,0.990575,0.950833,0.015625,0.00442505,0.626133
259,1.02344,0.0332031,-0.65625,0.511719,0.0324427,0.512941,0.427002,0.607606,0.551517,1.33233,0.640653,0.389265,0.917389,0.0037449,0,0,0,0,0,-0.00280742,-0.00119877,0.0382024,0.178055,0.984539,0.952603,0.0234375,0.0332031,0.79615
260,1.01562,-0.0284424,0.582031,0.609375,-0.0280048,0.488829,0.393047,0.581806,0.492984,1.52481,0.69121,0.40215,0.745597,0.00340937,0,0,0,0,0,0.00639283,0.00251268,0.0806288,0.162483,0.987295,0.953351,0.015625,-0.0284424,0.791951
261,0.929688,0.0157471,1.10938,0.710938,0.016938,0.506757,0.38068,0.546907,0.444025,1.3028,0.579303,0.316825,1.31572,0.00452289,0,0,0,0,0,-0.0018034,-0.000686518,0.0271389,0.189289,0.982338,0.953715,-0.0703125,0.0157471,0.469174
262,1,0.013916,0.206055,1.26562,0.013916,0.505552,0.40796,0.587219,0.511258,1.53613,0.503132,0.295449,0.18316,0.00231086,0,0,0,0,0,-0.0175296,-0.0071514,0.303737,0.0596218,0.999494,0.949074,0,0.013916,0.374194
263,1.03125,0.0101929,-0.542969,1.25,0.009884,0.503943,0.41863,0.604127,0.54022,1.30718,0.611918,0.369676,0.485646,0.00290165,0,0,0,0,0,-0.00543524,-0.00227536,0.0774341,0.179841,0.984147,0.954353,0.03125,0.0101929,0.812879
264,1.05469,0.026001,-0.257812,0.664062,0.0246528,0.509834,0.435933,0.623279,0.578514,1.14287,0.675841,0.421237,0.316373,0.00257104,0,0,0,0,0,-0.0246372,-0.0107401,0.3178,0.229874,0.973425,0.953464,0.0546875,0.026001,0.530862
265,1.00781,-0.00836182,-0.0522461,0.664062,-0.008297,0.49669,0.399954,0.584086,0.501119,1.51924,0.56629,0.330762,0.0641135,0.00207835,0,0,0,0,0,0.0124014,0.00495998,0.190914,0.140677,0.990888,0.950286,0.0078125,-0.00836182,0.757272
266,1.00781,0.0148315,0.178711,0.601562,0.0147166,0.505871,0.411551,0.592087,0.519941,1.29669,0.479981,0.28419,0.230415,0.00240315,0,0,0,0,0,-0.016143,-0.00664367,0.293202,0.0891419,0.997138,0.949903,0.0078125,0.0148315,0.439648
267,1.07812,-0.017334,0.625,0.570312,-0.0160779,0.493586,0.423664,0.621971,0.566339,1.43686,0.773416,0.481042,0.827606,0.00356954,0,0,0,0,0,0.0307902,0.0130447,0.347062,0.144887,0.990093,0.954365,0.078125,-0.017334,1.13066
268,0.984375,-0.0256348,0.730469,0.652344,-0.0260417,0.489612,0.381919,0.564558,0.464588,1.524,0.666682,0.37638,0.904406,0.00371954,0,0,0,0,0,0.0069554,0.0026564,0.0909516,0.12719,0.992725,0.951745,-0.015625,-0.0256348,0.960328
269,0.992188,0.0270996,0.613281,0.679688,0.027313,0.510895,0.411419,0.587268,0.514149,1.2235,0.549327,0.322602,0.743884,0.00340602,0,0,0,0,0,-0.00776778,-0.00319581,0.123274,0.209651,0.978077,0.95382,-0.0078125,0.0270996,0.489126
270,1,0.0197754,0.847656,0.609375,0.0197754,0.507889,0.41089,0.589258,0.516055,1.33779,0.635086,0.37423,1.08587,0.00407396,0,0,0,0,0,0.00967979,0.00397733,0.132874,0.228836,0.973658,0.954285,0,0.0197754,0.582834
271,1.03906,-0.0100708,-0.425781,0.804688,-0.0096922,0.496133,0.411631,0.601701,0.531484,1.36055,0.660138,0.397206,0.474649,0.00288017,0,0,0,0,0,0.0143874,0.00592229,0.19,0.24316,0.970092,0.955765,0.0390625,-0.0100708,0.791648
272,1.00781,0.0264893,0.648438,0.667969,0.0262839,0.510485,0.41738,0.596153,0.529604,1.46351,0.540614,0.322288,0.793396,0.00350273,0,0,0,0,0,-0.0172072,-0.00718196,0.27748,0.182712,0.983718,0.950786,0.0078125,0.0264893,0.717873
273,0.980469,0.0195312,0.585938,1.54688,0.0199203,0.507947,0.402936,0.577798,0.496208,1.60268,0.560517,0.323866,0.471111,0.00287326,0,0,0,0,0,-0.0107125,-0.00431644,0.166613,0.126171,0.992947,0.949793,-0.0195312,0.0195312,0.522029
274,0.984375,0.00799561,-0.410156,1.04688,0.00812252,0.50324,0.398735,0.576066,0.490841,1.44952,0.489995,0.28227,0.400868,0.00273607,0,0,0,0,0,-0.00708058,-0.00282327,0.125975,0.0740207,0.998455,0.949562,-0.015625,0.00799561,0.366312
275,0.980469,-0.0390625,0.632812,0.941406,-0.0398406,0.48411,0.373639,0.557763,0.450706,1.4595,0.584435,0.325976,0.652209,0.00322697,0,0,0,0,0,0.0012589,0.000470374,0.0187786,0.163343,0.987257,0.950406,-0.0195312,-0.0390625,0.742984
276,1.05469,0.00233459,-0.503906,0.416016,0.00221354,0.500883,0.424099,0.615061,0.55816,1.22168,0.719613,0.442606,0.781259,0.00347902,0,0,0,0,0,0.015685,0.00665199,0.190017,0.236282,0.97178,0.958125,0.0546875,0.00233459,0.969854
277,1.03906,0.0284424,-1.34375,0.78125,0.0273731,0.510919,0.430888,0.615035,0.563932,1.43367,0.682734,0.419905,1.52028,0.00492242,0,0,0,0,0,-5.29038e-05,-2.27956e-05,0.000675526,0.192415,0.981764,0.952034,0.0390625,0.0284424,0.851133
278,1.03125,0.0115356,-0.11377,0.617188,0.0111861,0.504463,0.419302,0.604592,0.541346,1.28242,0.683102,0.412998,0.144816,0.00223597,0,0,0,0,0,-0.0148593,-0.00623054,0.189636,0.155273,0.988315,0.95871,0.03125,0.0115356,1.04707
279,1.10156,-0.00512695,0.207031,0.785156,-0.00465426,0.498143,0.439166,0.639795,0.602204,1.39503,0.787744,0.503995,0.233646,0.00240946,0,0,0,0,0,0.0170522,0.00748874,0.188713,0.177285,0.984648,0.953638,0.101562,-0.00512695,0.863772
280,1,-0.00325012,-0.191406,0.617188,-0.00325012,0.498703,0.399377,0.581289,0.497399,1.25729,0.526674,0.306149,0.243639,0.00242898,0,0,0,0,0,0.00569539,0.00227461,0.0942733,0.157693,0.988158,0.951794,0,-0.00325012,0.734978
281,0.964844,-0.00778198,-0.910156,0.75,-0.00806554,0.496782,0.383014,0.559259,0.45947,1.45872,0.437866,0.244881,1.05096,0.00400578,0,0,0,0,0,0.00228489,0.000875144,0.0454915,0.110782,0.994867,0.949774,-0.0351562,-0.00778198,0.511676
282,0.976562,-0.036377,0.742188,1.27344,-0.03725,0.485143,0.373415,0.556389,0.449008,1.28365,0.58709,0.32665,0.657695,0.00323769,0,0,0,0,0,-0.00457207,-0.00170728,0.0678914,0.192044,0.981769,0.954354,-0.0234375,-0.036377,0.69917
283,0.984375,-0.00494385,-0.859375,0.605469,-0.00502232,0.497996,0.392265,0.571607,0.480606,1.42115,0.556973,0.31837,1.10443,0.00411021,0,0,0,0,0,-0.0122155,-0.00479172,0.191199,0.120404,0.993702,0.949639,-0.015625,-0.00494385,0.421826
284,1.01562,0.0150146,0.0174561,0.441406,0.0147837,0.505898,0.414775,0.5967,0.52809,1.02751,0.64064,0.38227,0.026274,0.00200444,0,0,0,0,0,0.00775175,0.00321524,0.105485,0.297597,0.954761,0.966271,0.015625,0.0150146,0.753071
285,1.03906,0.0090332,-0.171875,1.29688,0.00869361,0.503468,0.421183,0.608275,0.547394,1.64473,0.654476,0.398101,0.150926,0.0022479,0,0,0,0,0,-0.00785145,-0.0033069,0.104583,0.123506,0.993301,0.949703,0.0390625,0.0090332,0.65946
286,1.01562,0.00561523,0.253906,1.85938,0.00552885,0.502206,0.410076,0.593443,0.520337,1.51221,0.523644,0.310753,0.186204,0.00231681,0,0,0,0,0,-0.0128765,-0.00528034,0.214373,0.0612225,0.999383,0.949233,0.015625,0.00561523,0.337544
287,1.02344,0.0296631,-0.738281,1.25,0.0289838,0.511561,0.425232,0.606364,0.5485,1.32931,0.543034,0.329276,0.660339,0.00324285,0,0,0,0,0,-0.0286274,-0.0121733,0.45958,0.0605881,0.999448,0.948788,0.0234375,0.0296631,0.301346
288,1.09375,-0.00689697,-0.15918,1.00781,-0.0063058,0.497484,0.435148,0.634637,0.592118,1.26622,0.773542,0.490919,0.158562,0.00226282,0,0,0,0,0,-0.00133555,-0.00058116,0.0150516,0.281124,0.959672,0.958444,0.09375,-0.00689697,0.953884
289,1.10938,-0.0375977,-0.0217285,0.699219,-0.0338908,0.486482,0.426063,0.63331,0.582612,1.27021,0.724757,0.458996,0.025985,0.00200388,0,0,0,0,0,0.0319642,0.0136188,0.384484,0.299212,0.954187,0.954355,0.109375,-0.0375977,0.84844
290,0.976562,-0.000234604,0.726562,1.03906,-0.000240234,0.499904,0.391487,0.568675,0.476653,1.51136,0.433481,0.24651,0.712774,0.00334526,0,0,0,0,0,0.00119069,0.000466138,0.0239461,0.0987865,0.996203,0.949524,-0.0234375,-0.000234604,0.491455
291,0.976562,0.0163574,1.64844,0.65625,0.01675,0.506682,0.399783,0.574418,0.489782,1.28311,0.537283,0.308625,2.03488,0.00592749,0,0,0,0,0,-0.0216336,-0.00864874,0.35102,0.161513,0.987511,0.951945,-0.0234375,0.0163574,0.578457
292,1.0625,0.00107574,0.139648,0.5,0.00101247,0.500404,0.426603,0.619177,0.56537,1.30519,0.776679,0.480902,0.197493,0.00233885,0,0,0,0,0,0.020754,0.0088537,0.232952,0.212467,0.977372,0.957401,0.0625,0.00107574,0.992223
293,1.01562,0.0288086,-0.898438,0.75,0.0283654,0.511315,0.421672,0.601515,0.539628,1.3738,0.57806,0.347712,1.03743,0.00397935,0,0,0,0,0,-0.024267,-0.0102327,0.365973,0.184515,0.983403,0.949827,0.015625,0.0288086,0.389737
294,1.05469,0.0194092,0.652344,0.589844,0.0184028,0.507341,0.432637,0.620978,0.572789,1.30252,0.741239,0.460294,0.849392,0.00361209,0,0,0,0,0,-0.00277464,-0.00120041,0.0326329,0.207787,0.978343,0.960138,0.0546875,0.0194092,0.726122
295,0.96875,-0.00144196,0.507812,1.25,-0.00148847,0.499406,0.38775,0.56371,0.468119,1.40311,0.549989,0.310034,0.454201,0.00284024,0,0,0,0,0,-0.00647585,-0.00251101,0.102648,0.101975,0.99586,0.949638,-0.03125,-0.00144196,0.325375
296,0.960938,-0.0139771,-0.0839844,0.789062,-0.0145452,0.494197,0.37835,0.554867,0.451026,1.32802,0.514064,0.285237,0.0945459,0.00213779,0,0,0,0,0,0.00450496,0.00170445,0.0763977,0.18622,0.983014,0.951467,-0.0390625,-0.0139771,0.63719
297,0.941406,0.0397949,0.345703,0.96875,0.0422718,0.516859,0.397404,0.562166,0.47396,1.39418,0.453215,0.254782,0.351235,0.00263913,0,0,0,0,0,-0.00735935,-0.00292463,0.141561,0.151989,0.989153,0.950109,-0.0585938,0.0397949,0.543762
298,1.03125,0.0495605,1.25,1.46875,0.0480587,0.519165,0.438314,0.61793,0.573956,1.51838,0.771987,0.477034,1.03142,0.00396762,0,0,0,0,0,0.0135888,0.00595616,0.153454,0.143608,0.990258,0.955121,0.03125,0.0495605,0.782605
299,1.04688,0.0119629,-0.277344,0.671875,0.0114272,0.504559,0.425781,0.61384,0.558089,1.25937,0.695161,0.426718,0.338356,0.00261398,0,0,0,0,0,-0.00577043,-0.00245694,0.0723652,0.183801,0.983307,0.957313,0.046875,0.0119629,0.877968
300,0.988281,0.0111694,-0.380859,1.375,0.0113019,0.504509,0.401888,0.579441,0.497265,1.38403,0.471652,0.273295,0.324798,0.0025875,0,0,0,0,0,-0.0134095,-0.00538911,0.247855,0.102669,0.995768,0.94999,-0.0117188,0.0111694,0.409338
301,0.976562,0.0280762,-0.695312,0.816406,0.02875,0.511468,0.405642,0.578511,0.499221,1.4349,0.441578,0.255458,0.769532,0.00345612,0,0,0,0,0,-0.00857559,-0.00347862,0.169302,0.121649,0.993544,0.949628,-0.0234375,0.0280762,0.39997
302,1.01562,0.0305176,1.10156,0.703125,0.0300481,0.511986,0.422527,0.602114,0.54107,1.34904,0.665299,0.400586,1.31369,0.00451893,0,0,0,0,0,0.0230698,0.0097476,0.302297,0.188576,0.982395,0.956695,0.015625,0.0305176,0.754262
303,1.01562,0.0211182,-0.207031,0.867188,0.0207933,0.508295,0.417827,0.598826,0.533172,1.39248,0.596255,0.357052,0.22232,0.00238734,0,0,0,0,0,-0.00419306,-0.00175197,0.0613064,0.209377,0.978166,0.952738,0.015625,0.0211182,0.372146
304,1.02344,0.00145721,0.851562,0.917969,0.00142384,0.500568,0.411129,0.596558,0.524909,1.43224,0.61694,0.368041,0.888797,0.00368906,0,0,0,0,0,-0.0124158,-0.00510452,0.175445,0.131934,0.99215,0.950102,0.0234375,0.00145721,0.67552
305,1.09375,0.0429688,0.46875,0.988281,0.0392857,0.515669,0.460081,0.651986,0.63676,1.29681,0.689445,0.449508,0.471521,0.00287406,0,0,0,0,0,-0.0105064,-0.00483378,0.13285,0.261552,0.965194,0.962311,0.09375,0.0429688,0.829224
306,1.02344,0.0195312,1.28906,1.09375,0.019084,0.507613,0.420166,0.602822,0.539934,1.46189,0.705887,0.425524,1.23258,0.00436051,0,0,0,0,0,0.0122201,0.00513447,0.15092,0.147695,0.989707,0.953181,0.0234375,0.0195312,0.727221
307,1.03125,0.00778198,0.482422,0.941406,0.00754616,0.50301,0.417425,0.603292,0.538205,1.3595,0.638106,0.384964,0.497208,0.00292424,0,0,0,0,0,0.000556149,0.00023215,0.0075981,0.130078,0.992317,0.952143,0.03125,0.00778198,0.830122
308,1.01562,0.0211182,0.447266,0.789062,0.0207933,0.508295,0.417827,0.598826,0.533172,1.33404,0.663561,0.397357,0.503512,0.00293655,0,0,0,0,0,0.0124148,0.00518723,0.163104,0.203266,0.979515,0.951831,0.015625,0.0211182,0.734922
309,1.04688,0.0302734,0.445312,0.683594,0.0289179,0.511535,0.434936,0.620226,0.573849,1.2915,0.771307,0.478385,0.538599,0.00300508,0,0,0,0,0,0.00383385,0.00166748,0.0433325,0.234991,0.972102,0.957824,0.046875,0.0302734,1.04465
310,1.02344,0.0240479,0.839844,0.605469,0.0234971,0.509373,0.422425,0.604398,0.54374,1.3147,0.651664,0.393864,1.07933,0.00406118,0,0,0,0,0,0.0100494,0.00424512,0.134439,0.292841,0.956164,0.958543,0.0234375,0.0240479,0.65156
311,1.03125,0.0334473,-0.332031,0.675781,0.0324337,0.512937,0.430257,0.612241,0.559961,1.32913,0.601639,0.368348,0.403902,0.002742,0,0,0,0,0,-0.0262302,-0.0112857,0.380077,0.152292,0.989094,0.950366,0.03125,0.0334473,0.471641
312,0.976562,0.0043335,-0.267578,0.613281,0.0044375,0.50177,0.393771,0.57025,0.480241,1.42712,0.528946,0.301631,0.341681,0.00262047,0,0,0,0,0,-0.00971037,-0.00382366,0.160041,0.172811,0.985545,0.951451,-0.0234375,0.0043335,0.651497
313,0.984375,-0.0168457,0.287109,0.617188,-0.0171131,0.493173,0.386314,0.56754,0.47134,1.3867,0.512219,0.290704,0.365459,0.00266691,0,0,0,0,0,0.0127968,0.00494358,0.217798,0.108657,0.995074,0.950586,-0.015625,-0.0168457,0.844182
314,1.00781,0.0223389,-1.17969,0.792969,0.0221657,0.508842,0.415305,0.594702,0.526148,1.23513,0.550981,0.32767,1.32477,0.00454056,0,0,0,0,0,0.00277278,0.00115155,0.0438718,0.137613,0.991211,0.9533,0.0078125,0.0223389,0.577807
315,1.05469,0.0368652,0.287109,0.785156,0.0349537,0.513942,0.441365,0.62709,0.588045,1.49845,0.737641,0.462568,0.324018,0.00258597,0,0,0,0,0,-0.00628344,-0.00277329,0.0742607,0.200131,0.98009,0.955002,0.0546875,0.0368652,0.820307
316,1.00781,0.022583,0.322266,0.679688,0.0224079,0.508939,0.415427,0.594787,0.526351,1.29661,0.589539,0.350651,0.390894,0.00271659,0,0,0,0,0,-0.0131378,-0.0054578,0.194275,0.132314,0.992085,0.950369,0.0078125,0.022583,0.342869
317,0.996094,0.0212402,-0.470703,0.746094,0.0213235,0.508506,0.410056,0.587494,0.513295,1.27199,0.557527,0.327543,0.544942,0.00301747,0,0,0,0,0,-0.00186589,-0.000765119,0.0291761,0.121075,0.993548,0.95116,-0.00390625,0.0212402,0.706021
318,1,0.0140381,-0.490234,0.949219,0.0140381,0.5056,0.408021,0.587261,0.511357,1.5866,0.612083,0.359453,0.503177,0.00293589,0,0,0,0,0,-0.00346688,-0.00141456,0.0493782,0.144203,0.990303,0.951643,0,0.0140381,0.784162
319,1.01562,-0.0230713,0.129883,0.679688,-0.0227163,0.490938,0.395732,0.583624,0.497221,1.20687,0.584889,0.341355,0.157542,0.00226082,0,0,0,0,0,-0.0104782,-0.00414657,0.156178,0.177203,0.984661,0.9537,0.015625,-0.0230713,0.709489
320,1.02344,-0.0113525,0.10498,0.65625,-0.0110926,0.495575,0.404725,0.592162,0.514458,1.37005,0.668039,0.395587,0.129591,0.00220623,0,0,0,0,0,0.00377083,0.00152615,0.0492087,0.171651,0.985636,0.954933,0.0234375,-0.0113525,0.736082
321,1.03906,-0.0127563,0.460938,1.20312,-0.0122768,0.495102,0.410288,0.600783,0.529277,1.35451,0.675808,0.406014,0.42023,0.00277389,0,0,0,0,0,-0.00227207,-0.000932205,0.0293093,0.165565,0.986794,0.952533,0.0390625,-0.0127563,0.716354
322,1.03906,0.000507355,-0.0201416,0.667969,0.000488281,0.500195,0.41692,0.605331,0.540248,1.18155,0.688308,0.416655,0.0246443,0.00200126,0,0,0,0,0,0.0191608,0.00798851,0.242681,0.160268,0.987564,0.956457,0.0390625,0.000507355,0.953003
323,1.10938,-0.02771,-0.182617,0.474609,-0.024978,0.490036,0.431007,0.636647,0.591086,1.1606,0.860201,0.547644,0.265078,0.00247086,0,0,0,0,0,0.032494,0.0140051,0.329314,0.25363,0.967311,0.963071,0.109375,-0.02771,1.24403
324,1.03906,0.0192871,0.75,0.792969,0.018562,0.507405,0.42631,0.611836,0.556084,1.55982,0.760072,0.46504,0.842235,0.00359812,0,0,0,0,0,0.0134938,0.00575254,0.15477,0.147997,0.989699,0.952196,0.0390625,0.0192871,0.893634
325,0.953125,-0.0427246,0.0067749,1.08594,-0.0448258,0.482123,0.360843,0.54062,0.422477,1.3145,0.655059,0.354138,0.00650131,0.00196582,0,0,0,0,0,0.0311427,0.0112376,0.41446,0.152981,0.988908,0.952259,-0.046875,-0.0427246,0.80846
326,1.13281,0.00222778,0.333984,0.570312,0.00196659,0.500785,0.455374,0.660525,0.643659,1.31376,0.868794,0.57386,0.442252,0.0028169,0,0,0,0,0,0.0204347,0.00930545,0.20505,0.247454,0.968964,0.957827,0.132812,0.00222778,1.13055
327,1.05469,0.0373535,0.149414,0.605469,0.0354167,0.514126,0.441609,0.627262,0.588477,1.33058,0.708266,0.444268,0.19202,0.00232816,0,0,0,0,0,0.0132227,0.00583928,0.162754,0.167639,0.98634,0.955203,0.0546875,0.0373535,1.06867
328,0.980469,-0.00964355,0.742188,1.10156,-0.00983566,0.496076,0.388349,0.567722,0.473123,1.31853,0.759666,0.431279,0.707146,0.00333427,0,0,0,0,0,0.0105457,0.00409542,0.121021,0.184411,0.983215,0.956409,-0.0195312,-0.00964355,0.699069
329,1.125,0.0234375,-0.204102,0.498047,0.0208333,0.508311,0.462846,0.66333,0.654234,1.26417,0.858303,0.569338,0.289209,0.00251799,0,0,0,0,0,0.00812776,0.00376191,0.0825539,0.268826,0.963191,0.960951,0.125,0.0234375,1.02534
330,0.992188,0.0223389,-1.22656,1.19531,0.0225148,0.508981,0.409039,0.585603,0.510243,1.56619,0.547684,0.320726,1.12189,0.00414431,0,0,0,0,0,-0.0194039,-0.00793696,0.308863,0.127861,0.992709,0.950057,-0.0078125,0.0223389,0.534787
331,1.03906,0.0249023,-1.8125,0.6875,0.0239662,0.50956,0.429118,0.613796,0.560887,1.29619,0.625826,0.384129,2.18596,0.00622257,0,0,0,0,0,-0.0216569,-0.00929335,0.301682,0.151633,0.98916,0.951338,0.0390625,0.0249023,0.798465
332,0.953125,0.0126343,1.26562,0.761719,0.0132556,0.505288,0.388523,0.559474,0.463961,1.36047,0.502983,0.281406,1.45013,0.00478542,0,0,0,0,0,-0.0106335,-0.00413135,0.184302,0.136946,0.991389,0.951313,-0.046875,0.0126343,0.601258
333,1.02344,-0.0250244,1.34375,1.14844,-0.0244513,0.490246,0.397889,0.587512,0.503485,1.38885,0.586319,0.344469,1.25391,0.00440216,0,0,0,0,0,0.0134844,0.00536529,0.200495,0.112106,0.994655,0.950995,0.0234375,-0.0250244,1.00658
334,0.988281,0.00196838,-0.0505371,0.470703,0.00199172,0.500795,0.397287,0.576259,0.489912,1.11986,0.461329,0.265845,0.0736609,0.00209699,0,0,0,0,0,-0.0111986,-0.00444908,0.211623,0.0952813,0.996544,0.949862,-0.0117188,0.00196838,0.445992
335,0.992188,0.00156403,-0.640625,1.25781,0.00157634,0.500629,0.398652,0.578395,0.493464,1.21081,0.490458,0.283679,0.57121,0.00306877,0,0,0,0,0,-0.00851651,-0.00339512,0.151379,0.141566,0.990799,0.949276,-0.0078125,0.00156403,0.318314
336,0.988281,0.00726318,-0.237305,0.867188,0.00734931,0.502932,0.399935,0.578088,0.494133,1.33585,0.582145,0.336531,0.25483,0.00245084,0,0,0,0,0,0.00970996,0.00388335,0.14541,0.218527,0.976056,0.955086,-0.0117188,0.00726318,0.818967
337,0.972656,0.00231934,-0.917969,0.847656,0.00238454,0.500951,0.391197,0.56728,0.474842,1.35913,0.521166,0.295647,0.997052,0.00390049,0,0,0,0,0,-0.00302646,-0.00118394,0.0506251,0.170982,0.985891,0.951031,-0.0273438,0.00231934,0.689888
338,1.05469,0.0290527,-0.408203,0.707031,0.0275463,0.510988,0.437459,0.624347,0.58118,1.34243,0.704776,0.440025,0.485464,0.0029013,0,0,0,0,0,-0.0164698,-0.00720483,0.203724,0.193524,0.981479,0.954051,0.0546875,0.0290527,0.812849
339,1.09375,0.0186768,0.259766,0.878906,0.0170759,0.506812,0.447935,0.643472,0.614702,1.29484,0.77563,0.499096,0.277083,0.0024943,0,0,0,0,0,0.0159037,0.00712383,0.178752,0.189803,0.982176,0.95582,0.09375,0.0186768,1.04532
340,0.964844,-0.0101929,-0.369141,0.707031,-0.0105643,0.495786,0.381808,0.558434,0.457626,1.29407,0.49869,0.278486,0.439008,0.00281056,0,0,0,0,0,0.000120866,4.61475e-05,0.0021129,0.127688,0.992708,0.950608,-0.0351562,-0.0101929,0.719698
341,1.04688,0.0195312,-0.180664,0.695312,0.0186567,0.507443,0.429565,0.616471,0.564563,1.25714,0.695602,0.428818,0.216662,0.00237629,0,0,0,0,0,0.0122436,0.00525941,0.153446,0.229478,0.973469,0.956076,0.046875,0.0195312,1.17569
342,0.988281,0.00378418,0.0336914,0.996094,0.00382905,0.501528,0.398195,0.576886,0.491356,1.33202,0.566679,0.326909,0.0337574,0.00201906,0,0,0,0,0,0.000512374,0.000204025,0.00788237,0.154758,0.988628,0.952094,-0.0117188,0.00378418,0.597869
343,1.00781,0.0214844,-1.00781,1.48438,0.0213178,0.508504,0.414877,0.594404,0.525439,1.46603,0.526998,0.31325,0.827195,0.00356874,0,0,0,0,0,-0.0127501,-0.00528972,0.210916,0.0767254,0.99827,0.948986,0.0078125,0.0214844,0.273264
344,0.988281,0.0268555,0.9375,0.886719,0.0271739,0.510839,0.409731,0.584908,0.509996,1.28973,0.554453,0.324304,0.995585,0.00389763,0,0,0,0,0,-0.0153689,-0.00629712,0.241649,0.14888,0.989616,0.950812,-0.0117188,0.0268555,0.51569
345,0.992188,0.0110474,-0.482422,0.734375,0.0111344,0.504442,0.403393,0.581673,0.50107,1.65025,0.534163,0.310708,0.562948,0.00305263,0,0,0,0,0,-0.00667848,-0.00269405,0.108996,0.106023,0.995434,0.949291,-0.0078125,0.0110474,0.641706
346,1.03125,-0.0252686,-0.421875,0.714844,-0.0245028,0.490226,0.400899,0.591978,0.511159,1.44028,0.591634,0.350235,0.498974,0.00292768,0,0,0,0,0,0.0101064,0.00405167,0.14892,0.12095,0.993583,0.950733,0.03125,-0.0252686,1.0676
347,1.05469,0.0112915,1.42188,0.730469,0.010706,0.504271,0.428578,0.618157,0.565798,1.52848,0.722431,0.446576,1.66364,0.00520243,0,0,0,0,0,0.019697,0.00844168,0.237689,0.162136,0.987324,0.954193,0.0546875,0.0112915,0.791073
348,0.996094,-0.000366211,0.695312,1.32031,-0.000367647,0.499853,0.399253,0.580005,0.495809,1.52709,0.62137,0.360398,0.60512,0.003135,0,0,0,0,0,-0.010086,-0.00402685,0.141506,0.106739,0.995282,0.950799,-0.00390625,-0.000366211,0.695482
349,0.945312,0.0284424,-0.314453,1.57031,0.0300878,0.512001,0.393294,0.560443,0.468776,1.79079,0.533569,0.299035,0.250936,0.00244323,0,0,0,0,0,-0.02025,-0.00796421,0.330858,0.0861342,0.997444,0.949352,-0.0546875,0.0284424,0.656175
350,0.972656,0.0336914,1.74219,0.890625,0.0346386,0.513816,0.406883,0.578209,0.499879,1.49045,0.564291,0.326278,1.84607,0.00555872,0,0,0,0,0,-0.00408373,-0.0016616,0.0630901,0.115245,0.99431,0.950346,-0.0273438,0.0336914,0.639712
351,0.992188,-0.00286865,-1.20312,0.582031,-0.00289124,0.498847,0.396435,0.57687,0.489939,1.27849,0.530644,0.306112,1.57702,0.00503325,0,0,0,0,0,-0.00954788,-0.00378512,0.156859,0.123795,0.993245,0.950103,-0.0078125,-0.00286865,0.354452
352,1.00781,0.0189209,-0.941406,0.785156,0.0187742,0.507489,0.413596,0.59351,0.523315,1.41026,0.670509,0.397954,1.06243,0.00402818,0,0,0,0,0,0.00313679,0.00129736,0.0407837,0.144195,0.990248,0.953057,0.0078125,0.0189209,0.769382
353,1.04688,-0.000984192,0.152344,0.613281,-0.000940124,0.499625,0.419307,0.609368,0.547148,1.2787,0.722319,0.440158,0.194534,0.00233307,0,0,0,0,0,-0.00027782,-0.000116492,0.00335306,0.204395,0.979184,0.95514,0.046875,-0.000984192,0.717334
354,1.04688,-0.0147095,-0.369141,0.667969,-0.0140508,0.494395,0.412445,0.604666,0.535732,1.28119,0.654418,0.395704,0.451662,0.00283528,0,0,0,0,0,0.0188211,0.00776267,0.250725,0.193195,0.98152,0.954938,0.046875,-0.0147095,0.873077
355,0.984375,-0.000178337,0.349609,1.42969,-0.000181168,0.499928,0.394648,0.573245,0.484356,1.56301,0.587212,0.336616,0.29239,0.0025242,0,0,0,0,0,-0.0151074,-0.0059621,0.224286,0.0959527,0.996464,0.950126,-0.015625,-0.000178337,0.480901
356,0.96875,0.0252686,1.19531,1.48438,0.0260837,0.510405,0.401105,0.572978,0.48919,1.40021,0.626674,0.359071,0.981092,0.00386932,0,0,0,0,0,-0.00458665,-0.00183973,0.0638058,0.117897,0.993947,0.951165,-0.03125,0.0252686,0.52425
357,0.996094,0.0283203,-1.19531,0.699219,0.0284314,0.511341,0.413596,0.58997,0.519127,1.33833,0.526584,0.310669,1.42947,0.00474506,0,0,0,0,0,-0.00146464,-0.000605771,0.0242477,0.168373,0.98636,0.950932,-0.00390625,0.0283203,0.621042
358,0.996094,0.0175781,-0.789062,1.46094,0.0176471,0.50704,0.408225,0.586217,0.510299,1.50401,0.550827,0.322904,0.652823,0.00322817,0,0,0,0,0,-0.0101138,-0.00412869,0.160068,0.137078,0.991411,0.950347,-0.00390625,0.0175781,0.545206
359,1.01562,0.0629883,0.369141,1.50781,0.0620192,0.524726,0.438762,0.613616,0.569037,1.35462,0.674538,0.413907,0.30062,0.00254027,0,0,0,0,0,-0.00764365,-0.00335374,0.0987873,0.155408,0.988505,0.952539,0.015625,0.0629883,0.729201
360,1.03906,-0.0016861,-0.00509644,0.65625,-0.00162271,0.499353,0.415823,0.604576,0.538422,1.17205,0.648299,0.391947,0.00629118,0.00196541,0,0,0,0,0,0.0169742,0.00705827,0.228255,0.240847,0.970691,0.954932,0.0390625,-0.0016861,0.810041
361,0.996094,0.0262451,0.664062,0.652344,0.026348,0.51051,0.412559,0.589243,0.517412,1.27684,0.578651,0.340966,0.822187,0.00355896,0,0,0,0,0,-0.0144961,-0.00598047,0.218394,0.221862,0.975356,0.952056,-0.00390625,0.0262451,0.559369
362,0.980469,0.020752,0.0262451,1.10938,0.0211653,0.508443,0.403546,0.578224,0.497193,1.56642,0.595727,0.344464,0.0249178,0.00200179,0,0,0,0,0,-0.0198908,-0.00802686,0.29108,0.132004,0.992156,0.949743,-0.0195312,0.020752,0.553216
363,1.01562,-0.0163574,0.15332,1.08594,-0.0161058,0.493575,0.399089,0.585905,0.502557,1.32088,0.517877,0.303427,0.147129,0.00224049,0,0,0,0,0,0.00286956,0.00114521,0.0483053,0.128511,0.99255,0.951688,0.015625,-0.0163574,0.798947
364,1.01562,0.0170898,-0.175781,0.539062,0.0168269,0.506713,0.415813,0.597422,0.529813,1.30561,0.519745,0.310507,0.239416,0.00242073,0,0,0,0,0,-0.017678,-0.00735072,0.296516,0.132305,0.992036,0.951545,0.015625,0.0170898,0.547329
365,0.976562,-0.0220947,0.182617,1.38281,-0.022625,0.490975,0.380557,0.561207,0.459776,1.44484,0.629381,0.353213,0.155296,0.00225644,0,0,0,0,0,-0.0106636,-0.0040581,0.147705,0.126793,0.992803,0.95115,-0.0234375,-0.0220947,0.667591
366,0.976562,-0.00497437,-0.359375,0.566406,-0.00509375,0.497968,0.389117,0.567047,0.472954,1.21087,0.465867,0.264168,0.477512,0.00288576,0,0,0,0,0,-0.00535763,-0.00208474,0.100258,0.0950456,0.996585,0.94951,-0.0234375,-0.00497437,0.408704
367,1.05469,0.0583496,-0.664062,0.851562,0.0553241,0.52206,0.452107,0.634697,0.607241,1.44158,0.639671,0.405997,0.719616,0.00335862,0,0,0,0,0,0.00111811,0.000505504,0.0152382,0.245106,0.969636,0.953187,0.0546875,0.0583496,0.797098
368,1.00781,-0.0115356,0.660156,1.14062,-0.0114462,0.495434,0.398367,0.583,0.498586,1.48542,0.654348,0.381485,0.618124,0.0031604,0,0,0,0,0,-0.000150781,-6.00662e-05,0.00200883,0.117139,0.994043,0.951112,0.0078125,-0.0115356,0.783949
369,1.05469,0.0206299,0.574219,1.0625,0.0195602,0.507803,0.433247,0.621404,0.573846,1.35479,0.683692,0.424849,0.557074,0.00304116,0,0,0,0,0,-0.0168601,-0.00730459,0.214984,0.143982,0.990266,0.953409,0.0546875,0.0206299,0.695187
370,1.10156,0.0128174,0.0664062,0.71875,0.0116356,0.504642,0.448138,0.645986,0.618126,1.46758,0.747575,0.482923,0.0783285,0.00210611,0,0,0,0,0,0.0151624,0.00679485,0.176816,0.225437,0.974467,0.95427,0.101562,0.0128174,0.804365
371,1.01562,0.00561523,0.0252686,0.730469,0.00552885,0.502206,0.410076,0.593443,0.520337,1.38436,0.569706,0.338088,0.0295651,0.00201087,0,0,0,0,0,-0.0135769,-0.00556757,0.207758,0.140041,0.990939,0.951287,0.015625,0.00561523,0.759816
372,0.992188,0.0257568,1.52344,0.6875,0.0259596,0.510355,0.410748,0.586798,0.513045,1.28942,0.617243,0.362197,1.83733,0.00554167,0,0,0,0,0,-0.0150202,-0.00616953,0.212143,0.173151,0.985427,0.953071,-0.0078125,0.0257568,0.730267
373,1.03906,-0.0159912,0.151367,0.738281,-0.01539,0.493861,0.408671,0.599679,0.526627,1.40986,0.708419,0.424824,0.176165,0.0022972,0,0,0,0,0,0.0129599,0.00529635,0.159485,0.208145,0.97846,0.951858,0.0390625,-0.0159912,0.832388
374,1.03125,0.0164795,0.371094,0.703125,0.0159801,0.506375,0.421773,0.606309,0.545504,1.27287,0.605455,0.367093,0.442555,0.00281749,0,0,0,0,0,-0.0136178,-0.00574361,0.196079,0.202556,0.979664,0.951914,0.03125,0.0164795,0.774463
375,1.02344,0.0162354,-0.186523,0.8125,0.0158635,0.506328,0.418519,0.601674,0.53717,1.23452,0.516898,0.311004,0.206929,0.00235728,0,0,0,0,0,-0.0170168,-0.00712185,0.286999,0.148078,0.989744,0.950763,0.0234375,0.0162354,0.675857
376,1.04688,0.0134277,-1.40625,0.941406,0.0128265,0.505117,0.426513,0.614349,0.559338,1.32792,0.574739,0.35309,1.44935,0.00478389,0,0,0,0,0,-0.0171697,-0.00732308,0.260434,0.177,0.984818,0.950247,0.046875,0.0134277,0.634609
377,1.05469,0.0373535,0.820312,1.05469,0.0354167,0.514126,0.441609,0.627262,0.588477,1.52734,0.694893,0.43588,0.798762,0.00351321,0,0,0,0,0,-0.00101323,-0.000447451,0.0127115,0.191254,0.98198,0.952607,0.0546875,0.0373535,0.706239
378,0.988281,-0.00521851,1.19531,1,-0.00528039,0.497893,0.393694,0.573788,0.484227,1.40347,0.645815,0.370561,1.19531,0.00428772,0,0,0,0,0,0.00626102,0.00246493,0.084517,0.142843,0.990541,0.950854,-0.0117188,-0.00521851,0.750017
379,0.996094,-0.00160217,-1.09375,1.51562,-0.00160846,0.499358,0.398635,0.57958,0.494823,1.37558,0.556616,0.322604,0.888428,0.00368834,0,0,0,0,0,-0.00636171,-0.002536,0.099638,0.0581459,0.9996,0.948787,-0.00390625,-0.00160217,0.21002
380,1.07031,0.0771484,0.423828,1.44531,0.0720803,0.528731,0.467772,0.650518,0.641984,1.23857,0.81182,0.528104,0.35254,0.00264168,0,0,0,0,0,0.00755872,0.00353576,0.08117,0.190842,0.98187,0.959762,0.0703125,0.0771484,0.834889
381,0.96875,0.00405884,1.3125,1.00781,0.00418977,0.501671,0.3905,0.565605,0.4724,1.43496,0.562484,0.318144,1.3074,0.00450665,0,0,0,0,0,-0.0154878,-0.00604798,0.240041,0.116512,0.994123,0.951044,-0.03125,0.00405884,0.702441
382,1,0.00100708,-0.111328,0.789062,0.00100708,0.500402,0.401506,0.582753,0.500808,1.2938,0.600289,0.34982,0.125328,0.00219791,0,0,0,0,0,-0.0158742,-0.00637357,0.230535,0.170546,0.98589,0.953265,0,0.00100708,0.648607
383,1.01562,0.0322266,-0.964844,0.714844,0.0317308,0.512657,0.423381,0.602714,0.542516,1.20094,0.617856,0.372391,1.14117,0.00418198,0,0,0,0,0,-0.0172649,-0.00730964,0.243604,0.15209,0.989084,0.951427,0.015625,0.0322266,0.563989
384,0.988281,-0.000850677,-0.176758,0.800781,-0.000860765,0.499657,0.395878,0.575288,0.487676,1.33948,0.549092,0.315886,0.197525,0.00233892,0,0,0,0,0,-0.0149412,-0.00591488,0.237217,0.146365,0.990032,0.950204,-0.0117188,-0.000850677,0.5462
385,1,-0.0137329,-0.173828,0.589844,-0.0137329,0.494522,0.394136,0.5777,0.48908,1.13005,0.54096,0.312513,0.226335,0.00239519,0,0,0,0,0,-0.00375612,-0.00148042,0.0605315,0.22674,0.974124,0.955972,0,-0.0137329,0.745358
386,0.996094,0.0339355,0.0551758,1.28906,0.0340686,0.513589,0.416404,0.591942,0.523787,1.39847,0.61671,0.365056,0.0485972,0.00204804,0,0,0,0,0,-0.00490028,-0.00204049,0.0692703,0.202419,0.97972,0.950995,-0.00390625,0.0339355,0.46607
387,1.01562,0.0268555,0.65625,1.03125,0.0264423,0.510548,0.420696,0.600831,0.537982,1.55051,0.60305,0.362331,0.64623,0.00321529,0,0,0,0,0,-0.0154321,-0.00649222,0.223089,0.144631,0.990257,0.951184,0.015625,0.0268555,0.655447
388,1.00781,0.00842285,-0.957031,0.855469,0.00835756,0.503334,0.408347,0.589864,0.514686,1.43328,0.52733,0.311053,1.03472,0.00397407,0,0,0,0,0,-0.00771111,-0.00314881,0.12748,0.098739,0.99619,0.949895,0.0078125,0.00842285,0.40577
389,1,0.0488281,0.0512695,0.863281,0.0488281,0.519472,0.425416,0.599478,0.540352,1.2884,0.615924,0.369233,0.0551802,0.0020609,0,0,0,0,0,-0.0187757,-0.0079875,0.265752,0.171216,0.985809,0.952139,0,0.0488281,0.624364
390,1,0.0297852,0.539062,0.703125,0.0297852,0.511881,0.415895,0.592759,0.524331,1.21869,0.594357,0.35231,0.64287,0.00320873,0,0,0,0,0,-0.0116427,-0.00484214,0.170771,0.175483,0.984954,0.95448,0,0.0297852,0.63212
391,0.972656,0.00402832,-0.130859,0.929688,0.00414157,0.501652,0.392052,0.56787,0.476181,1.28844,0.44595,0.253241,0.135718,0.0022182,0,0,0,0,0,0.00126551,0.000496144,0.0247392,0.082122,0.997768,0.949963,-0.0273438,0.00402832,0.379072
392,0.980469,0.0289307,0.106934,1.08594,0.029507,0.51177,0.407636,0.581086,0.503827,1.41197,0.605401,0.35179,0.102615,0.00215355,0,0,0,0,0,0.000574137,0.000234039,0.00826759,0.235175,0.972113,0.954467,-0.0195312,0.0289307,0.713448
393,1.02344,0.0296631,-0.0874023,0.933594,0.0289838,0.511561,0.425232,0.606364,0.5485,1.31626,0.586878,0.355862,0.0904574,0.0021298,0,0,0,0,0,-0.0148761,-0.00632581,0.220978,0.195221,0.981168,0.952843,0.0234375,0.0296631,0.655738
394,1.00781,0.0194092,-0.601562,1.35938,0.0192587,0.507683,0.41384,0.59368,0.523719,1.30321,0.569131,0.337882,0.515954,0.00296085,0,0,0,0,0,-0.0188583,-0.00780431,0.288866,0.131745,0.992207,0.949416,0.0078125,0.0194092,0.398569
395,1.08594,-0.00701904,-0.466797,0.353516,-0.00646358,0.497421,0.431954,0.630046,0.583542,1.21457,0.794219,0.500394,0.785098,0.00348652,0,0,0,0,0,0.0243442,0.0105156,0.267216,0.254173,0.967192,0.959159,0.0859375,-0.00701904,0.975897
396,0.996094,-0.00363159,0.400391,0.730469,-0.00364583,0.498546,0.39762,0.578883,0.493207,1.4975,0.477352,0.276331,0.468471,0.00286811,0,0,0,0,0,-0.00300056,-0.00119308,0.0547988,0.111227,0.994836,0.94933,-0.00390625,-0.00363159,0.569467
397,1.01562,0.00193024,1.25,0.394531,0.00190054,0.500758,0.408233,0.592171,0.517321,1.20647,0.651184,0.385613,1.99007,0.00583999,0,0,0,0,0,0.00392763,0.00160339,0.0525816,0.20383,0.979237,0.957974,0.015625,0.00193024,0.700805
398,1.03125,0.0458984,-0.449219,0.890625,0.0445076,0.51775,0.436483,0.616632,0.570753,1.58091,0.678998,0.418692,0.476004,0.00288282,0,0,0,0,0,0.0269287,0.0117539,0.345742,0.163465,0.987146,0.952829,0.03125,0.0458984,0.983141
399,1.03125,0.019165,0.287109,0.71875,0.0185843,0.507414,0.423116,0.607244,0.547773,1.09348,0.56705,0.344338,0.338656,0.00261456,0,0,0,0,0,-0.0121194,-0.00512792,0.186323,0.263073,0.96484,0.953684,0.03125,0.019165,0.799569
400,1.03906,0.0524902,-0.0454102,0.589844,0.0505169,0.520145,0.442912,0.623518,0.584945,1.19515,0.660881,0.412071,0.0591268,0.00206861,0,0,0,0,0,-0.0156835,-0.00694642,0.206884,0.293721,0.955906,0.961206,0.0390625,0.0524902,0.774323
401,1,0.0286865,-1.23438,0.679688,0.0286865,0.511443,0.415346,0.592373,0.523418,1.31455,0.560349,0.331936,1.49724,0.00487743,0,0,0,0,0,-0.0127728,-0.00530513,0.198717,0.144859,0.990275,0.949915,0,0.0286865,0.384968
402,0.964844,-0.0153198,-0.253906,1.36719,-0.015878,0.493666,0.379245,0.556685,0.453724,1.66074,0.531823,0.296058,0.21715,0.00237725,0,0,0,0,0,-0.00731556,-0.00277439,0.119919,0.0876755,0.997305,0.949304,-0.0351562,-0.0153198,0.361964
403,1.04688,-0.0187988,0.699219,0.578125,-0.0179571,0.492837,0.4104,0.603273,0.532367,1.31653,0.68272,0.411867,0.919607,0.00374923,0,0,0,0,0,0.0191933,0.00787693,0.245083,0.213534,0.977225,0.953468,0.046875,-0.0187988,0.877278
404,0.988281,-0.00891113,0.0301514,0.679688,-0.0090168,0.496403,0.391848,0.572523,0.481327,1.21524,0.502309,0.287583,0.0365723,0.00202456,0,0,0,0,0,-0.00382002,-0.00149686,0.0662982,0.0941706,0.996626,0.950465,-0.0117188,-0.00891113,0.323417
405,1.00781,0.0105591,-0.511719,3.25,0.0104772,0.50418,0.409415,0.590604,0.516433,1.60482,0.476076,0.281173,0.28385,0.00250752,0,0,0,0,0,-0.0170855,-0.00699507,0.312866,0.0526467,0.999876,0.949632,0.0078125,0.0105591,0.256513
406,1.07031,0.0610352,0.158203,0.609375,0.0570255,0.522738,0.459715,0.644749,0.627039,1.2402,0.842,0.542879,0.202662,0.00234895,0,0,0,0,0,0.0186391,0.00856869,0.192983,0.211467,0.977501,0.962449,0.0703125,0.0610352,0.99737
407,1.00781,0.0341797,0.455078,0.578125,0.0339147,0.513527,0.421225,0.598851,0.536054,1.31972,0.680469,0.4075,0.598515,0.0031221,0,0,0,0,0,0.0066699,0.00280953,0.085451,0.247134,0.969076,0.95553,0.0078125,0.0341797,0.736176
408,1.02344,0.0407715,0.382812,1.10938,0.0398378,0.515889,0.430787,0.610272,0.558009,1.41024,0.712327,0.434713,0.363452,0.00266299,0,0,0,0,0,0.0151876,0.00654262,0.185873,0.173952,0.985261,0.953676,0.0234375,0.0407715,0.754483
409,1.03125,0.0038147,0.341797,0.539062,0.0036991,0.501476,0.415441,0.601921,0.534901,1.4136,0.623835,0.375499,0.465531,0.00286237,0,0,0,0,0,0.0026205,0.00108866,0.0366202,0.132496,0.991969,0.952492,0.03125,0.0038147,0.774948
410,1.03125,0.0246582,0.601562,0.996094,0.023911,0.509538,0.425863,0.609161,0.552436,1.33618,0.713618,0.434708,0.602741,0.00313035,0,0,0,0,0,0.00840182,0.00357802,0.10264,0.151574,0.989023,0.955239,0.03125,0.0246582,0.797847
411,1.01562,0.0126343,0.147461,0.636719,0.0124399,0.504963,0.413585,0.595874,0.526118,1.25383,0.575158,0.342722,0.184801,0.00231406,0,0,0,0,0,-0.00923814,-0.00382076,0.140024,0.229844,0.973397,0.955216,0.015625,0.0126343,0.900128
412,1.02344,0.0145264,-0.214844,0.53125,0.0141937,0.505662,0.417664,0.60108,0.535741,1.38259,0.605629,0.364032,0.294763,0.00252883,0,0,0,0,0,-0.00392693,-0.00164014,0.0565266,0.131074,0.992142,0.953079,0.0234375,0.0145264,0.82411
413,1.11719,0.00610352,0.277344,0.4375,0.00546329,0.50218,0.451047,0.652762,0.629541,1.18861,0.827429,0.540115,0.419304,0.00277208,0,0,0,0,0,0.0189064,0.00852769,0.199198,0.283929,0.95888,0.967065,0.117188,0.00610352,1.08399
414,0.996094,0.0111084,-1.58594,0.851562,0.011152,0.504449,0.40499,0.583969,0.505037,1.39345,0.483719,0.282477,1.71861,0.00530979,0,0,0,0,0,-0.00273469,-0.00110752,0.0492857,0.149729,0.989485,0.950768,-0.00390625,0.0111084,0.603729
415,1.01562,0.0334473,-0.742188,0.789062,0.0329327,0.513136,0.423992,0.603143,0.54355,1.58677,0.668494,0.403198,0.835522,0.003585,0,0,0,0,0,0.00157226,0.000666624,0.0205037,0.142984,0.990478,0.951861,0.015625,0.0334473,0.928651
416,0.980469,0.0255127,-0.396484,0.511719,0.0260209,0.51038,0.405927,0.579888,0.501047,1.17786,0.502805,0.291571,0.554256,0.00303566,0,0,0,0,0,-0.00706622,-0.00286837,0.122516,0.197561,0.980677,0.953162,-0.0195312,0.0255127,0.501049
417,1.02344,0.0412598,-0.179688,0.542969,0.0403149,0.516079,0.431031,0.610444,0.558429,1.28092,0.630879,0.385117,0.243854,0.0024294,0,0,0,0,0,-0.00553834,-0.00238719,0.0765314,0.187908,0.982636,0.952904,0.0234375,0.0412598,0.889559
418,1.03125,0.00131226,-0.376953,1.26562,0.00127249,0.500508,0.41419,0.601058,0.532824,1.43022,0.58503,0.351637,0.335069,0.00260756,0,0,0,0,0,-0.00603445,-0.00249941,0.0899221,0.104332,0.995537,0.951047,0.03125,0.00131226,0.69419
419,1.02344,-0.0213623,1.24219,0.542969,-0.0208731,0.491673,0.39972,0.588753,0.506406,1.20773,0.604467,0.355882,1.68578,0.00524566,0,0,0,0,0,-0.00229391,-0.000916922,0.0330835,0.311318,0.950336,0.957981,0.0234375,-0.0213623,0.707527
420,1.03125,-0.00534058,-1.49219,0.871094,-0.00517874,0.497934,0.410863,0.598771,0.527336,1.31794,0.579224,0.346823,1.59879,0.00507576,0,0,0,0,0,-0.00195498,-0.000803231,0.0294241,0.15232,0.989053,0.951281,0.03125,-0.00534058,0.839733
421,1.03906,0.0400391,-0.0805664,0.773438,0.0385338,0.515369,0.436686,0.619111,0.573993,1.41948,0.694555,0.430006,0.0916097,0.00213205,0,0,0,0,0,-0.013256,-0.00578873,0.166385,0.147591,0.98979,0.951487,0.0390625,0.0400391,0.781386
422,1.10156,0.0187988,0.539062,0.582031,0.0170656,0.506808,0.451129,0.648065,0.623505,1.30305,0.791845,0.513167,0.706588,0.00333318,0,0,0,0,0,0.009409,0.00424467,0.103588,0.27271,0.962105,0.957952,0.101562,0.0187988,0.923191
423,0.960938,0.0283203,-0.291016,0.8125,0.0294715,0.511756,0.399498,0.569498,0.483927,1.22383,0.51032,0.290626,0.322853,0.0025837,0,0,0,0,0,-0.00261407,-0.00104432,0.0446562,0.169399,0.986068,0.954021,-0.0390625,0.0283203,0.810543
424,0.945312,0.00509644,0.78125,0.835938,0.00539127,0.502151,0.381621,0.552314,0.450685,1.17294,0.630366,0.34816,0.854482,0.00362204,0,0,0,0,0,0.0227558,0.00868408,0.314706,0.16951,0.986007,0.955296,-0.0546875,0.00509644,0.8331
425,1.00781,0.0112305,-0.112793,0.464844,0.0111434,0.504445,0.40975,0.590837,0.516983,1.24571,0.586583,0.346575,0.165435,0.00227624,0,0,0,0,0,-0.0107016,-0.00438498,0.159047,0.227789,0.973905,0.954449,0.0078125,0.0112305,0.836539
426,0.992188,0.000175476,-0.703125,1.0625,0.000176858,0.500071,0.397957,0.577917,0.492358,1.4388,0.567546,0.327994,0.682131,0.00328541,0,0,0,0,0,-0.017282,-0.00687749,0.26546,0.177798,0.984667,0.950307,-0.0078125,0.000175476,0.422515
427,1,0.00343323,0.0203857,0.863281,0.00343323,0.50137,0.402719,0.58359,0.502759,1.38698,0.605832,0.353557,0.0219407,0.00199598,0,0,0,0,0,-0.00707672,-0.00284993,0.101832,0.14793,0.989718,0.951972,0,0.00343323,0.638963
428,1.09375,0.00143433,0.0375977,0.527344,0.00131138,0.500523,0.439313,0.637501,0.599404,1.131,0.860527,0.548587,0.0517743,0.00205425,0,0,0,0,0,0.0114815,0.00504398,0.116316,0.270389,0.962751,0.962384,0.09375,0.00143433,0.908739
429,1,0.0180664,-0.625,0.761719,0.0180664,0.507207,0.410036,0.588662,0.514653,1.49468,0.499914,0.294281,0.716115,0.00335179,0,0,0,0,0,-0.0202966,-0.00832232,0.353944,0.133225,0.991977,0.949935,0,0.0180664,0.497658
430,1.05469,0.0275879,-0.125,0.578125,0.0261574,0.510434,0.436726,0.623834,0.579899,1.27802,0.696057,0.434224,0.164399,0.00227422,0,0,0,0,0,0.000693673,0.000302945,0.00868793,0.173413,0.985261,0.956779,0.0546875,0.0275879,0.961458
431,1.03906,0.0192871,-1.25781,1.42188,0.018562,0.507405,0.42631,0.611836,0.556084,1.42245,0.63114,0.386154,1.05484,0.00401335,0,0,0,0,0,0.00546496,0.00232977,0.0754862,0.158834,0.988028,0.950238,0.0390625,0.0192871,0.587062
432,0.988281,0.0170898,0.412109,0.769531,0.0172925,0.506898,0.404848,0.581498,0.502041,1.44764,0.505409,0.293894,0.469785,0.00287067,0,0,0,0,0,-0.00229926,-0.00093085,0.0396599,0.153413,0.988908,0.950498,-0.0117188,0.0170898,0.750565
433,0.988281,-0.0067749,0.773438,0.675781,-0.00685524,0.497265,0.392916,0.573254,0.483003,1.19898,0.614553,0.352295,0.940854,0.00379073,0,0,0,0,0,-0.014539,-0.00571262,0.206245,0.158338,0.98796,0.954255,-0.0117188,-0.0067749,0.719691
434,1.02344,0.0297852,-0.515625,0.984375,0.0291031,0.511609,0.425293,0.606407,0.548603,1.2836,0.570887,0.34619,0.519701,0.00296817,0,0,0,0,0,-0.0258827,-0.0110078,0.395245,0.115844,0.994219,0.95073,0.0234375,0.0297852,0.592441
435,1.07031,0.00726318,0.347656,0.957031,0.00678604,0.502707,0.432829,0.625863,0.579045,1.61795,0.702885,0.43991,0.355375,0.00264722,0,0,0,0,0,0.0065668,0.0028423,0.0814472,0.18594,0.982974,0.95447,0.0703125,0.00726318,0.996061
436,0.984375,-0.020874,0.546875,1.0625,-0.0212054,0.491541,0.3843,0.566171,0.468235,1.29531,0.603924,0.341924,0.530547,0.00298935,0,0,0,0,0,-0.0135025,-0.00518899,0.194911,0.200645,0.980079,0.951572,-0.015625,-0.020874,0.528135
437,0.984375,-0.0090332,0.109863,0.816406,-0.00917659,0.496339,0.39022,0.570206,0.477406,1.34299,0.524151,0.298874,0.12159,0.00219061,0,0,0,0,0,-0.00865653,-0.00337795,0.143977,0.0974596,0.996315,0.950028,-0.015625,-0.0090332,0.335656
438,1.07031,0.0410156,0.820312,0.527344,0.0383212,0.515284,0.449706,0.63765,0.608833,1.2034,0.729813,0.465366,1.12962,0.00415941,0,0,0,0,0,0.00311731,0.00140187,0.037237,0.20557,0.97885,0.958713,0.0703125,0.0410156,0.9453
439,0.980469,0.0115967,0.0264893,0.519531,0.0118277,0.504718,0.398969,0.575039,0.489846,1.26354,0.524145,0.301404,0.0367506,0.0020249,0,0,0,0,0,-0.00538073,-0.00214674,0.0894945,0.183854,0.983506,0.950536,-0.0195312,0.0115967,0.577012
440,0.992188,-0.0142212,-0.503906,0.683594,-0.0143332,0.494282,0.390759,0.572984,0.481003,1.25964,0.65764,0.376817,0.609468,0.00314349,0,0,0,0,0,0.0225581,0.00881478,0.299035,0.171536,0.985675,0.954383,-0.0078125,-0.0142212,0.794198
441,1.03125,0.000629425,-0.202148,0.753906,0.000610352,0.500243,0.413848,0.600823,0.532259,1.26517,0.672928,0.404311,0.232815,0.00240784,0,0,0,0,0,-0.00514997,-0.00213131,0.0667179,0.16308,0.98724,0.952058,0.03125,0.000629425,0.774267
442,0.984375,-0.00308228,0.234375,0.628906,-0.0031312,0.498751,0.393196,0.572246,0.482068,1.26972,0.559281,0.320046,0.295541,0.00253035,0,0,0,0,0,-0.0143063,-0.00562518,0.223,0.111244,0.994766,0.950783,-0.015625,-0.00308228,0.292957
443,1,0.0213623,-0.373047,0.738281,0.0213623,0.508522,0.411684,0.589811,0.517361,1.41098,0.550095,0.324452,0.434163,0.0028011,0,0,0,0,0,-0.017919,-0.00737695,0.283977,0.0930178,0.996774,0.94976,0,0.0213623,0.48663
444,1.00781,0.052002,1.41406,0.910156,0.0515988,0.520576,0.430136,0.605153,0.551227,1.40424,0.663842,0.401726,1.48221,0.00484807,0,0,0,0,0,-0.0119341,-0.0051333,0.156723,0.137322,0.99128,0.952641,0.0078125,0.052002,0.625689
445,1,0.000724792,1.03125,0.494141,0.000724792,0.500289,0.401365,0.582656,0.500582,1.43442,0.526782,0.306933,1.46703,0.00481842,0,0,0,0,0,-0.015753,-0.0063227,0.260699,0.141704,0.99071,0.950886,0,0.000724792,0.614816
446,1.01562,0.0269775,-0.337891,0.859375,0.0265625,0.510596,0.420757,0.600873,0.538085,1.46411,0.531908,0.31961,0.364489,0.00266502,0,0,0,0,0,-0.00474297,-0.00199564,0.0777357,0.106966,0.99527,0.950506,0.015625,0.0269775,0.634175
447,0.980469,0.00360107,-0.488281,0.917969,0.00367281,0.501465,0.394971,0.572272,0.483498,1.39803,0.629634,0.360322,0.509631,0.0029485,0,0,0,0,0,0.00353245,0.00139522,0.0489097,0.150051,0.989393,0.951787,-0.0195312,0.00360107,0.718643
448,1.00781,-0.00367737,-0.386719,0.789062,-0.00364886,0.498544,0.402297,0.585692,0.504877,1.37719,0.556977,0.326217,0.435351,0.00280342,0,0,0,0,0,0.00466081,0.00187503,0.072951,0.12663,0.992783,0.952114,0.0078125,-0.00367737,0.585556
449,0.976562,-0.0264893,0.660156,1.03125,-0.027125,0.48918,0.378359,0.559719,0.456441,1.47727,0.625017,0.349834,0.650077,0.00322281,0,0,0,0,0,0.00719843,0.00272359,0.100404,0.130041,0.992399,0.95038,-0.0234375,-0.0264893,0.600205
450,1.00781,0.0301514,-0.914062,1.54688,0.0299176,0.511934,0.419211,0.597436,0.532668,1.48817,0.570211,0.340665,0.734934,0.00338854,0,0,0,0,0,-0.0223279,-0.00936011,0.341366,0.0918329,0.996877,0.950011,0.0078125,0.0301514,0.401113
451,1.05469,0.00714111,-0.90625,0.804688,0.00677083,0.502701,0.426503,0.616721,0.562249,1.4254,0.689497,0.425227,1.01026,0.00392629,0,0,0,0,0,0.0151006,0.00644044,0.190927,0.17044,0.985893,0.953732,0.0546875,0.00714111,0.808548
452,1,0.0134277,-0.472656,1.50781,0.0134277,0.505357,0.407716,0.587049,0.510859,1.60116,0.538396,0.316065,0.384921,0.00270492,0,0,0,0,0,-0.00120371,-0.000490773,0.0194907,0.120648,0.993674,0.949577,0,0.0134277,0.682398
453,0.976562,-0.0123901,0.0415039,0.609375,-0.0126875,0.494939,0.385409,0.564509,0.46721,1.19145,0.51261,0.289373,0.0531676,0.00205697,0,0,0,0,0,-0.00160017,-0.000616718,0.0272135,0.203724,0.979434,0.951235,-0.0234375,-0.0123901,0.522317
454,1.07031,0.0554199,0.0559082,0.714844,0.0517792,0.520648,0.456908,0.64275,0.621892,1.19461,0.789208,0.507263,0.0661257,0.00208228,0,0,0,0,0,0.00767678,0.00350758,0.0847997,0.215089,0.976831,0.955314,0.0703125,0.0554199,0.836126
455,0.953125,-0.0100708,-0.474609,1.54688,-0.0105661,0.495785,0.37717,0.551651,0.446576,1.55702,0.530615,0.292714,0.3816,0.00269844,0,0,0,0,0,0.0178271,0.00672384,0.292892,0.0896014,0.997111,0.949594,-0.046875,-0.0100708,0.949755
456,0.980469,0.0090332,1.35938,1.28906,0.00921315,0.503675,0.397687,0.57415,0.487803,1.31421,0.530404,0.304531,1.1973,0.0042916,0,0,0,0,0,-0.00434775,-0.00172904,0.0714603,0.121344,0.993565,0.950024,-0.0195312,0.0090332,0.808558
457,1.00781,0.00494385,0.223633,0.628906,0.00490552,0.501957,0.406607,0.588661,0.511851,1.40787,0.671083,0.395041,0.281996,0.0025039,0,0,0,0,0,0.0112492,0.00457402,0.146135,0.208883,0.978265,0.95309,0.0078125,0.00494385,0.811936
458,0.960938,0.0267334,2.21875,1.58594,0.0278201,0.511097,0.398705,0.568942,0.482661,1.35668,0.646386,0.367756,1.76184,0.00539421,0,0,0,0,0,0.00248396,0.000990366,0.0335011,0.160591,0.987542,0.955464,-0.0390625,0.0267334,0.607596
459,1.01562,0.0267334,-0.200195,0.96875,0.0263221,0.5105,0.420635,0.600788,0.53788,1.30008,0.557439,0.334902,0.203399,0.00235039,0,0,0,0,0,-0.0227138,-0.00955423,0.355222,0.114192,0.994476,0.949498,0.015625,0.0267334,0.350059
460,1.02344,0.0137939,0.205078,0.664062,0.0134781,0.505377,0.417298,0.600826,0.535129,1.28654,0.591145,0.355175,0.25166,0.00244465,0,0,0,0,0,-0.0154327,-0.00644002,0.22759,0.206918,0.97869,0.953213,0.0234375,0.0137939,0.80873
461,0.984375,-0.00387573,0.292969,0.585938,-0.00393725,0.498429,0.392799,0.571974,0.481445,1.22719,0.430858,0.24644,0.382733,0.00270065,0,0,0,0,0,-0.00826881,-0.00324798,0.167307,0.138108,0.991261,0.950366,-0.015625,-0.00387573,0.746258
462,1.00781,-0.0432129,0.5625,0.675781,-0.0428779,0.482899,0.382529,0.572294,0.473849,1.47166,0.695586,0.39808,0.684257,0.00328957,0,0,0,0,0,0.0279138,0.0106778,0.349845,0.170373,0.985908,0.953648,0.0078125,-0.0432129,0.891629
463,1.03906,-0.0223389,0.675781,0.746094,-0.0214991,0.491424,0.405497,0.597521,0.521459,1.35714,0.750511,0.448446,0.782365,0.00348118,0,0,0,0,0,0.0365557,0.0148232,0.424624,0.198346,0.980497,0.953744,0.0390625,-0.0223389,1.01325
464,1.0625,-0.0249023,1.07812,0.5,-0.0234375,0.490651,0.413614,0.610301,0.543543,1.40212,0.763745,0.466114,1.5247,0.00493105,0,0,0,0,0,0.0244455,0.010111,0.279034,0.183693,0.983374,0.955659,0.0625,-0.0249023,0.870443
465,1.03125,0.0183105,0.339844,0.820312,0.0177557,0.507083,0.422689,0.606946,0.54705,1.108,0.528828,0.32097,0.375223,0.00268598,0,0,0,0,0,-0.0244546,-0.0103367,0.403138,0.164981,0.986949,0.951083,0.03125,0.0183105,0.732457
466,0.992188,0.0109863,-0.0192871,1.03125,0.0110728,0.504417,0.403363,0.581652,0.501021,1.53928,0.434853,0.252933,0.0189926,0.00199022,0,0,0,0,0,-0.0110265,-0.00444767,0.221056,0.0788535,0.998106,0.948781,-0.0078125,0.0109863,0.425623
467,1.03125,0.0219727,0.589844,0.765625,0.0213068,0.5085,0.42452,0.608223,0.550153,1.47267,0.624305,0.379717,0.674107,0.00326974,0,0,0,0,0,-0.013453,-0.00571106,0.187857,0.155211,0.9886,0.950919,0.03125,0.0219727,0.657003
468,1.0625,-3.38554e-05,-0.349609,0.398438,-3.18639e-05,0.499987,0.426048,0.618795,0.564424,1.36337,0.671416,0.415469,0.553864,0.00303489,0,0,0,0,0,0.0256998,0.0109494,0.333692,0.230376,0.973283,0.954481,0.0625,-3.38554e-05,0.940396
469,1.05469,0.0120239,0.339844,0.539062,0.0114005,0.504548,0.428944,0.618411,0.566426,1.42579,0.679813,0.420404,0.462871,0.00285717,0,0,0,0,0,0.0137928,0.00591632,0.176876,0.162904,0.987226,0.953263,0.0546875,0.0120239,1.04446
470,1.00781,-0.0196533,0.0981445,0.376953,-0.019501,0.492221,0.394309,0.580234,0.492151,1.11634,0.597997,0.346978,0.159854,0.00226534,0,0,0,0,0,0.0112024,0.00441719,0.163312,0.199009,0.980265,0.957357,0.0078125,-0.0196533,0.887222
471,0.960938,-0.00848389,0.283203,0.800781,-0.00882876,0.496478,0.381096,0.556744,0.455198,1.32536,0.565481,0.314828,0.316476,0.00257124,0,0,0,0,0,0.00404925,0.00154315,0.0624257,0.126543,0.992822,0.951484,-0.0390625,-0.00848389,0.696131
472,0.996094,0.00762939,-0.71875,1,0.00765931,0.503056,0.403251,0.582764,0.502225,1.37918,0.553354,0.322475,0.71875,0.00335693,0,0,0,0,0,0.0056715,0.00228704,0.0893515,0.122884,0.993344,0.950529,-0.00390625,0.00762939,0.749021
473,0.996094,0.0072937,-0.5,0.878906,0.0073223,0.502921,0.403083,0.582648,0.501955,1.48186,0.557968,0.325099,0.533333,0.00299479,0,0,0,0,0,-0.01933,-0.00779158,0.302015,0.125628,0.993008,0.950026,-0.00390625,0.0072937,0.559138
474,1.01562,0.0279541,0.746094,0.423828,0.027524,0.510979,0.421245,0.601215,0.538907,1.16398,0.581542,0.349632,1.14604,0.00419148,0,0,0,0,0,0.009968,0.00419897,0.149429,0.214785,0.976933,0.953903,0.015625,0.0279541,0.706069
475,0.992188,-0.0158691,0.746094,0.753906,-0.0159941,0.49362,0.389935,0.572422,0.479716,1.30367,0.524663,0.300328,0.85928,0.00363141,0,0,0,0,0,0.00391597,0.00152697,0.0650678,0.176425,0.984855,0.952223,-0.0078125,-0.0158691,0.724721
476,1,0.0240479,0.515625,0.769531,0.0240479,0.509593,0.413026,0.590749,0.519576,1.39295,0.583085,0.344457,0.587788,0.00310115,0,0,0,0,0,-0.0119346,-0.0049293,0.178436,0.17112,0.985835,0.951879,0,0.0240479,0.779512
477,1.03906,0.0205078,-0.539062,0.691406,0.0197368,0.507873,0.42692,0.612262,0.557126,1.48247,0.653333,0.400011,0.648295,0.00321933,0,0,0,0,0,-0.00249646,-0.00106579,0.0333116,0.125751,0.992929,0.951444,0.0390625,0.0205078,0.821139
478,0.996094,0.0163574,0.464844,0.746094,0.0164216,0.506551,0.407615,0.585793,0.509303,1.39303,0.719984,0.421761,0.538159,0.00300422,0,0,0,0,0,0.00627508,0.00255781,0.0759807,0.160789,0.98753,0.954832,-0.00390625,0.0163574,0.748176
479,1.04688,0.0123291,-0.195312,0.535156,0.0117771,0.504698,0.425964,0.613967,0.558401,1.43919,0.725909,0.445684,0.266987,0.00247458,0,0,0,0,0,-0.00221232,-0.00094237,0.0265689,0.15334,0.988806,0.953448,0.046875,0.0123291,0.735388
480,0.980469,0.0174561,1.54688,0.585938,0.0178038,0.507102,0.401898,0.577075,0.494538,1.39244,0.556412,0.321091,2.02083,0.00590006,0,0,0,0,0,-0.000370628,-0.000148955,0.00580696,0.118388,0.993791,0.953338,-0.0195312,0.0174561,0.662518
481,0.988281,0.013916,-0.402344,0.828125,0.014081,0.505617,0.403261,0.580394,0.499477,1.25488,0.54818,0.31816,0.442129,0.00281666,0,0,0,0,0,-0.0109625,-0.00442076,0.174339,0.180303,0.984156,0.951406,-0.0117188,0.013916,0.664891
482,1,0.0233154,-0.394531,1.57031,0.0233154,0.509301,0.41266,0.590493,0.518971,1.41667,0.531186,0.313662,0.314839,0.00256804,0,0,0,0,0,-0.0243906,-0.010065,0.400297,0.0821203,0.997825,0.948857,0,0.0233154,0.413934
483,0.996094,0.0158691,0.237305,0.933594,0.0159314,0.506355,0.407371,0.585623,0.508905,1.51394,0.611761,0.358261,0.245599,0.00243281,0,0,0,0,0,0.0152688,0.00622007,0.217586,0.187667,0.982702,0.952336,-0.00390625,0.0158691,0.856998
484,0.996094,0.0257568,0.300781,0.640625,0.0258578,0.510315,0.412314,0.589072,0.517009,1.23179,0.532763,0.313836,0.375793,0.0026871,0,0,0,0,0,-0.0133728,-0.00551379,0.218824,0.134144,0.991767,0.95181,-0.00390625,0.0257568,0.671415
485,1.03125,0.0189209,-0.0908203,0.347656,0.0183475,0.507319,0.422994,0.607159,0.547566,1.09875,0.665354,0.403975,0.154031,0.00225397,0,0,0,0,0,-0.0127721,-0.00540254,0.167347,0.252133,0.967738,0.958382,0.03125,0.0189209,0.821288
486,0.96875,-0.00860596,0.318359,1.34375,-0.00888357,0.496456,0.384168,0.561252,0.462589,1.42993,0.52847,0.296605,0.274637,0.00248952,0,0,0,0,0,0.00173885,0.00066801,0.0286845,0.11827,0.993903,0.951104,-0.03125,-0.00860596,0.506392
487,0.992188,0.0371094,0.496094,1.09375,0.0374016,0.514918,0.416424,0.590785,0.522436,1.30044,0.592378,0.349968,0.474356,0.0028796,0,0,0,0,0,-0.000498646,-0.000207648,0.00733838,0.141238,0.990727,0.952162,-0.0078125,0.0371094,0.51055
488,1.03125,0.019165,-0.730469,0.628906,0.0185843,0.507414,0.423116,0.607244,0.547773,1.11646,0.667804,0.40552,0.921104,0.00375216,0,0,0,0,0,0.0254949,0.0107873,0.332821,0.226921,0.974045,0.958025,0.03125,0.019165,0.828149
489,1.03906,0.0332031,0.515625,1.07031,0.0319549,0.512746,0.433268,0.616705,0.568046,1.41599,0.604671,0.372903,0.498401,0.00292656,0,0,0,0,0,-0.01554,-0.00673297,0.224046,0.159831,0.987728,0.953776,0.0390625,0.0332031,0.765503
490,1.03125,0.00598145,-0.267578,0.558594,0.00580019,0.502314,0.416524,0.60267,0.536703,1.18916,0.697057,0.420095,0.358016,0.00265238,0,0,0,0,0,0.0134458,0.00560051,0.168161,0.21321,0.977101,0.963533,0.03125,0.00598145,0.818037
491,0.988281,0.00167847,-0.167969,1.22656,0.00169837,0.500678,0.397142,0.576159,0.489682,1.51078,0.555481,0.320045,0.151664,0.00224934,0,0,0,0,0,0.0083696,0.00332392,0.131354,0.116081,0.994215,0.950195,-0.0117188,0.00167847,0.736378
492,1.00781,0.0272217,-0.124023,0.613281,0.0270107,0.510774,0.417746,0.596409,0.530216,1.3502,0.523149,0.312011,0.15837,0.00226244,0,0,0,0,0,-0.0067347,-0.00281339,0.112228,0.17797,0.984578,0.951916,0.0078125,0.0272217,0.702473
493,1.05469,0.00637817,-0.392578,0.964844,0.00604745,0.502413,0.426121,0.616457,0.561598,1.38445,0.792977,0.488836,0.399666,0.00273372,0,0,0,0,0,0.0139764,0.00595566,0.153654,0.230747,0.973161,0.956202,0.0546875,0.00637817,0.915669
494,0.964844,-0.0341797,1.24219,0.863281,-0.0354251,0.48587,0.369815,0.550304,0.439597,1.37512,0.579909,0.319126,1.33694,0.00456433,0,0,0,0,0,0.00305617,0.00113022,0.0459436,0.15245,0.989013,0.951751,-0.0351562,-0.0341797,0.819
495,0.972656,0.0151367,0.980469,1.03906,0.0155622,0.506208,0.397606,0.571718,0.484952,1.47081,0.58083,0.332071,0.961862,0.00383176,0,0,0,0,0,0.00582534,0.00231619,0.0874337,0.140136,0.990943,0.950865,-0.0273438,0.0151367,0.61913
496,1.01562,-0.000919342,-1.27344,1.02344,-0.000905198,0.499639,0.406808,0.59119,0.514999,1.55245,0.526138,0.311048,1.25877,0.00441166,0,0,0,0,0,-0.0141369,-0.005751,0.234239,0.0912359,0.996943,0.949826,0.015625,-0.000919342,0.466546
497,0.984375,-0.010498,0.314453,0.738281,-0.0106647,0.495745,0.389488,0.569705,0.476264,1.28832,0.696171,0.396612,0.36597,0.00266791,0,0,0,0,0,0.0221417,0.00862392,0.27727,0.174595,0.98509,0.955325,-0.015625,-0.010498,0.89272
498,1.07031,0.0253906,-0.316406,0.71875,0.0237226,0.509463,0.441893,0.632165,0.594902,1.29355,0.715717,0.452451,0.373212,0.00268206,0,0,0,0,0,0.0225153,0.00994936,0.274248,0.282569,0.959253,0.955875,0.0703125,0.0253906,0.956658
499,1,-0.00762939,0.0195312,1.24219,-0.00762939,0.496956,0.397188,0.579786,0.49391,1.38464,0.499723,0.289733,0.0175241,0.00198735,0,0,0,0,0,-0.0130349,-0.00517729,0.227397,0.114424,0.994423,0.950047,0,-0.00762939,0.56507
500,0.996094,0.00723267,-0.5625,0.984375,0.00726103,0.502897,0.403052,0.582627,0.501906,1.14472,0.538457,0.31372,0.566947,0.00306044,0,0,0,0,0,-0.00755099,-0.00304344,0.122253,0.080714,0.997952,0.948734,-0.00390625,0.00723267,0.279352
501,1.05469,0.0332031,1.08594,0.910156,0.0314815,0.512557,0.439534,0.625803,0.584819,1.14712,0.611795,0.382863,1.13827,0.00417632,0,0,0,0,0,-0.0243121,-0.010686,0.346436,0.158623,0.987988,0.952194,0.0546875,0.0332031,0.540173
502,1.00781,0.0168457,-0.132812,0.648438,0.0167151,0.506668,0.412558,0.592787,0.521601,1.20816,0.682897,0.404812,0.164932,0.00227526,0,0,0,0,0,-0.00479226,-0.00197709,0.0611776,0.234709,0.972176,0.957507,0.0078125,0.0168457,0.644452
503,1.00781,0.00128174,0.609375,0.816406,0.0012718,0.500507,0.404776,0.587398,0.50888,1.23135,0.554216,0.325545,0.674422,0.00327035,0,0,0,0,0,-0.0177253,-0.00717479,0.278819,0.0938591,0.996699,0.949606,0.0078125,0.00128174,0.236508
504,1.00781,0.0115356,-1.64062,0.730469,0.0114462,0.504566,0.409903,0.590942,0.517233,1.35238,0.523738,0.309499,1.91959,0.00570232,0,0,0,0,0,-0.00319908,-0.00131131,0.0532497,0.202565,0.979701,0.950604,0.0078125,0.0115356,0.586698
505,1.02344,0.0410156,-1.64844,0.855469,0.0400763,0.515984,0.430909,0.610358,0.558219,1.292,0.549708,0.335519,1.78226,0.0054341,0,0,0,0,0,-0.0244505,-0.0105359,0.387759,0.0847645,0.997552,0.949652,0.0234375,0.0410156,0.392712
506,1.00781,0.0134277,0.380859,0.910156,0.0133236,0.505315,0.410849,0.591599,0.518786,1.38904,0.598544,0.354098,0.399215,0.00273284,0,0,0,0,0,-0.021841,-0.00897334,0.318114,0.116468,0.994142,0.950754,0.0078125,0.0134277,0.718109
507,0.996094,-0.00175476,-1.3125,1.24219,-0.00176164,0.499297,0.398559,0.579528,0.494701,1.41502,0.519869,0.301278,1.17762,0.00425317,0,0,0,0,0,-0.00583723,-0.00232648,0.0978858,0.0859824,0.997442,0.949666,-0.00390625,-0.00175476,0.408213
508,0.949219,-0.0349121,0.523438,0.980469,-0.0367798,0.48533,0.363183,0.54096,0.42454,1.50464,0.568119,0.30733,0.528625,0.0029856,0,0,0,0,0,-0.00862915,-0.00313396,0.132414,0.129236,0.992527,0.949953,-0.0507812,-0.0349121,0.479701
509,0.996094,0.00769043,-0.353516,1.02344,0.00772059,0.50308,0.403281,0.582785,0.502275,1.48569,0.542305,0.316047,0.349444,0.00263563,0,0,0,0,0,-0.00249969,-0.00100808,0.0401836,0.112954,0.994634,0.949304,-0.00390625,0.00769043,0.570535
510,1,0.0241699,-1.54688,1.21094,0.0241699,0.509641,0.413087,0.590792,0.519676,1.33276,0.516782,0.30531,1.40571,0.00469864,0,0,0,0,0,0.00506712,0.00209316,0.0854793,0.158074,0.988138,0.95067,0,0.0241699,0.802611
511,1.03906,0.00689697,1.82031,1.17969,0.00663769,0.502648,0.420115,0.607536,0.545597,1.45323,0.67505,0.410117,1.67596,0.00522648,0,0,0,0,0,-0.00813133,-0.00341609,0.10501,0.139943,0.99098,0.950663,0.0390625,0.00689697,0.803067
