k,gamma,beta,running_mean,running_var,on_ratio,p_on,act_mean,act_std,act_second,pre_row_norm,final_col_norm,effective_contribution,mean_over_std,bn_input_rounding_noise,dead,mostly_off,flat,always_on,negative_gamma,mean_row_component,shared_contribution,column_shared_fraction,pre_row_rel_change,pre_row_cos_ref,pre_row_norm_ratio_ref,gamma_delta,beta_delta,final_col_rel_change
0,1.03125,0.119141,-1.17969,0.423828,0.11553,0.545988,0.473104,0.643075,0.637373,0.906024,0.519923,0.334349,1.81206,0.0054923,0,0,0,0,0,-0.0398402,-0.0188486,0.668021,0.438545,0.934453,0.678474,0.03125,0.119141,0.853254
1,1.00781,-0.0410156,-0.447266,0.566406,-0.0406977,0.483768,0.383627,0.573029,0.475532,0.961263,0.52659,0.301752,0.594294,0.00311386,0,0,0,0,0,-0.00986089,-0.00378291,0.163249,0.630373,0.780991,0.695456,0.0078125,-0.0410156,0.866006
2,0.996094,0.0263672,-0.09375,0.566406,0.0264706,0.510559,0.41262,0.589286,0.517513,1.0604,0.414209,0.244087,0.124568,0.00219642,0,0,0,0,0,-0.0274329,-0.0113193,0.577377,0.388673,0.965364,0.677276,-0.00390625,0.0263672,0.844845
3,1,0.0493164,-0.369141,0.457031,0.0493164,0.519666,0.425661,0.599651,0.540768,0.921259,0.500666,0.300225,0.546033,0.0030196,0,0,0,0,0,-0.0325988,-0.013876,0.567625,0.381963,0.969769,0.675919,0,0.0493164,0.822131
4,1.02344,-0.108398,-0.441406,0.484375,-0.105916,0.457824,0.356202,0.56012,0.440614,1.08578,0.796316,0.446032,0.634231,0.00319186,0,0,0,0,0,-0.00488698,-0.00174075,0.053501,0.475514,0.890838,0.750459,0.0234375,-0.108398,0.998935
5,1.10938,0.012207,-0.382812,0.480469,0.0110035,0.50439,0.450966,0.650324,0.626292,0.985201,0.801608,0.521305,0.552273,0.00303178,0,0,0,0,0,-0.00455836,-0.00205566,0.0495739,0.433391,0.929755,0.701125,0.109375,0.012207,1.2738
6,1.04688,-0.0183105,0.570312,0.460938,-0.0174907,0.493023,0.410644,0.603439,0.532768,0.977125,0.583517,0.352117,0.840024,0.0035938,0,0,0,0,0,-0.0189964,-0.00780077,0.283808,0.559816,0.839568,0.704405,0.046875,-0.0183105,1.00546
7,1.0625,-0.0130005,-0.111816,0.320312,-0.0122358,0.495119,0.419565,0.614349,0.55346,0.910906,0.806536,0.495495,0.197569,0.002339,0,0,0,0,0,0.00351916,0.00147651,0.0380384,0.42327,0.92512,0.738025,0.0625,-0.0130005,1.04915
8,0.882812,-0.0571289,0.162109,0.671875,-0.0647124,0.474201,0.325445,0.494922,0.350862,1.03366,0.783873,0.387956,0.197772,0.0023394,0,0,0,0,0,0.0176706,0.00575081,0.196522,0.387861,0.95417,0.707439,-0.117188,-0.0571289,1.17006
9,0.964844,-0.121582,-0.392578,0.339844,-0.126012,0.449861,0.326114,0.52194,0.378772,1.03042,0.695468,0.362993,0.673421,0.0032684,0,0,0,0,0,0.00608399,0.00198407,0.0762638,0.436911,0.93111,0.690575,-0.0351562,-0.121582,1.07814
10,1.00781,0.0529785,-0.316406,0.439453,0.0525678,0.520962,0.430624,0.6055,0.552067,1.0638,0.70348,0.425957,0.477297,0.00288535,0,0,0,0,0,-0.0201351,-0.00867066,0.249522,0.434279,0.930924,0.695939,0.0078125,0.0529785,1.38169
11,1.01562,-0.0113525,-0.664062,0.492188,-0.0111779,0.495541,0.401592,0.587613,0.506564,1.15016,0.741653,0.435805,0.94655,0.00380186,0,0,0,0,0,0.00545551,0.00219089,0.064127,0.394697,0.958239,0.686196,0.015625,-0.0113525,1.13059
12,1,0.0032959,-1.25,0.320312,0.0032959,0.501315,0.40265,0.583542,0.502649,0.853961,0.473189,0.276126,2.20863,0.00626686,0,0,0,0,0,7.00198e-05,2.81935e-05,0.00129001,0.415455,0.947286,0.6828,0,0.0032959,0.860578
13,0.859375,-0.166992,1.21094,0.5625,-0.194318,0.422963,0.26339,0.445757,0.268073,0.949042,0.69147,0.308227,1.61458,0.00510661,0,0,0,0,0,0.0345653,0.00910417,0.435787,0.401373,0.948721,0.701391,-0.140625,-0.166992,1.08821
14,1.14062,0.267578,-1.03906,0.550781,0.234589,0.592736,0.600521,0.75571,0.931723,0.84682,0.651201,0.492119,1.40008,0.00468765,0,0,0,0,0,-0.0532381,-0.0319706,0.712712,0.351668,0.987393,0.673363,0.140625,0.267578,0.907091
15,1.10156,0.0205078,-0.0605469,0.4375,0.018617,0.507427,0.451983,0.64866,0.625048,0.905813,0.564181,0.365962,0.0915383,0.00213191,0,0,0,0,0,-0.0091886,-0.00415309,0.141983,0.460956,0.91817,0.682549,0.101562,0.0205078,1.14975
16,1.15625,0.224609,0.161133,0.474609,0.194257,0.577013,0.579015,0.752845,0.902034,0.853577,0.660371,0.497157,0.233892,0.00240995,0,0,0,0,0,-0.0512034,-0.0296475,0.675954,0.364279,0.975698,0.684691,0.15625,0.224609,1.10812
17,1.03125,0.0668945,-0.523438,0.515625,0.0648674,0.52586,0.446981,0.624107,0.589302,0.999094,0.577948,0.360701,0.72895,0.00337686,0,0,0,0,0,-0.0232435,-0.0103894,0.350606,0.407631,0.953828,0.678237,0.03125,0.0668945,0.817565
18,0.945312,-0.00958252,-0.316406,0.443359,-0.0101369,0.495956,0.374281,0.547268,0.439589,0.967154,0.678117,0.371112,0.47519,0.00288123,0,0,0,0,0,0.00902598,0.00337825,0.116037,0.419138,0.937891,0.702695,-0.0546875,-0.00958252,1.05968
19,0.996094,-0.197266,-0.423828,0.341797,-0.198039,0.421507,0.30395,0.515277,0.357896,1.01933,0.820872,0.422976,0.724946,0.00336904,0,0,0,0,0,0.0284767,0.0086555,0.302428,0.45077,0.914906,0.714288,-0.00390625,-0.197266,1.13364
20,0.96875,-0.123047,0.12793,0.546875,-0.127016,0.449464,0.326948,0.523749,0.381208,1.03093,0.730888,0.382802,0.172993,0.002291,0,0,0,0,0,0.00983327,0.00321497,0.117288,0.41419,0.940202,0.704548,-0.03125,-0.123047,1.27343
21,1.01562,-0.00964355,0.273438,0.621094,-0.00949519,0.496212,0.402446,0.588197,0.507939,0.960727,0.720883,0.424021,0.34696,0.00263078,0,0,0,0,0,-0.0181596,-0.00730825,0.219608,0.398448,0.944276,0.719735,0.015625,-0.00964355,1.24897
22,1.02344,-0.12793,-0.71875,0.308594,-0.125,0.450262,0.346436,0.553961,0.42689,0.937374,0.796091,0.441003,1.29385,0.00448018,0,0,0,0,0,0.0212621,0.00736596,0.232836,0.471837,0.893419,0.7491,0.0234375,-0.12793,1.16901
23,0.792969,-0.0212402,0.149414,0.535156,-0.0267857,0.489315,0.307362,0.454583,0.301117,0.96543,0.696628,0.316675,0.204245,0.00235204,0,0,0,0,0,0.0132352,0.004068,0.165629,0.390673,0.951437,0.710901,-0.207031,-0.0212402,0.849455
24,1.10156,0.144531,-0.96875,0.326172,0.131206,0.552194,0.513995,0.693297,0.744852,0.868776,0.68267,0.473293,1.69624,0.0052661,0,0,0,0,0,-0.0353741,-0.0181821,0.451733,0.445076,0.925427,0.691959,0.101562,0.144531,1.22453
25,0.898438,-0.0219727,0.761719,0.410156,-0.0244565,0.490244,0.349289,0.515753,0.388004,0.975026,0.508921,0.262478,1.18938,0.00427613,0,0,0,0,0,-0.0175858,-0.00614253,0.301244,0.386219,0.963321,0.685557,-0.101562,-0.0219727,1.0426
26,1.0625,-0.0522461,-0.081543,0.337891,-0.0491728,0.480391,0.399942,0.601119,0.521297,0.976392,0.681616,0.409732,0.140281,0.00222711,0,0,0,0,0,0.00646431,0.00258535,0.0826778,0.400386,0.951814,0.694407,0.0625,-0.0522461,1.04242
27,1.03125,-0.0515137,1.41406,0.337891,-0.0499527,0.48008,0.387777,0.583171,0.49046,0.994619,0.635588,0.370657,2.43266,0.0067044,0,0,0,0,0,0.00801668,0.00310868,0.109958,0.40594,0.950448,0.689414,0.03125,-0.0515137,0.916547
28,0.96875,0.0179443,-0.972656,0.710938,0.0185232,0.507389,0.397443,0.570421,0.483341,0.959946,0.586424,0.334508,1.15357,0.00420619,0,0,0,0,0,-0.0290322,-0.0115386,0.431593,0.418452,0.942301,0.691238,-0.03125,0.0179443,1.15728
29,1.09375,0.0172119,-0.34375,0.390625,0.0157366,0.506278,0.447202,0.642963,0.613391,0.940089,0.699702,0.449882,0.55,0.00302734,0,0,0,0,0,-0.0203692,-0.00910914,0.253786,0.522841,0.869378,0.698555,0.09375,0.0172119,1.31028
30,0.953125,0.022583,-0.142578,0.378906,0.0236936,0.509452,0.393497,0.56294,0.471741,0.82256,0.62497,0.351821,0.231626,0.00240552,0,0,0,0,0,-0.0154351,-0.00607365,0.215306,0.455757,0.905951,0.737248,-0.046875,0.022583,0.902075
31,0.980469,-0.0334473,0.734375,0.427734,-0.0341135,0.486393,0.376447,0.559648,0.454918,0.961143,0.649913,0.363723,1.12287,0.00414624,0,0,0,0,0,0.00623743,0.00234806,0.0836676,0.419697,0.939005,0.69843,-0.0195312,-0.0334473,1.01804
32,1.02344,0.0517578,-0.675781,0.597656,0.0505725,0.520167,0.43628,0.614162,0.567534,0.884485,0.494245,0.303546,0.874139,0.00366043,0,0,0,0,0,-0.0271352,-0.0118385,0.478627,0.397148,0.955801,0.688813,0.0234375,0.0517578,0.858243
33,1.00781,0.0615234,-0.359375,0.498047,0.0610465,0.524339,0.434897,0.608546,0.559463,0.930755,0.554892,0.337677,0.509229,0.00294771,0,0,0,0,0,-0.0304318,-0.0132347,0.478108,0.43685,0.929731,0.694705,0.0078125,0.0615234,0.858602
34,0.972656,-0.0859375,0.757812,0.597656,-0.0883534,0.464798,0.347069,0.5378,0.409685,1.05579,0.770539,0.414396,0.980248,0.00386767,0,0,0,0,0,-0.00443323,-0.00153864,0.0501571,0.397243,0.953166,0.695625,-0.0273438,-0.0859375,0.950585
35,0.984375,-0.0869141,0.515625,0.527344,-0.0882937,0.464822,0.35128,0.544298,0.419658,1.04208,0.753494,0.410125,0.710047,0.00333994,0,0,0,0,0,0.00366013,0.00128573,0.0423471,0.441204,0.923502,0.705519,-0.015625,-0.0869141,1.18652
36,1.03125,-0.0563965,0.804688,0.421875,-0.0546875,0.478194,0.385335,0.581551,0.486685,1.02657,0.592729,0.344702,1.2389,0.00437285,0,0,0,0,0,-0.0100855,-0.00388628,0.148336,0.424479,0.940407,0.686342,0.03125,-0.0563965,0.930119
37,1.09375,0.0957031,0.898438,0.984375,0.0875,0.534863,0.486448,0.670852,0.686674,0.996851,0.557583,0.374056,0.90554,0.00372176,0,0,0,0,0,-0.0421896,-0.0205231,0.659634,0.360738,0.981767,0.675176,0.09375,0.0957031,0.786256
38,1.01562,-0.237305,-0.00692749,0.451172,-0.233654,0.407627,0.2968,0.511892,0.350124,1.03161,0.888158,0.454641,0.0103135,0.00197327,0,0,0,0,0,0.0449512,0.0133415,0.441223,0.465069,0.899915,0.738246,0.015625,-0.237305,1.50589
39,1.15625,0.292969,-0.554688,1.66406,0.253378,0.600012,0.622599,0.772364,0.984175,1.00161,0.661915,0.511239,0.429995,0.00279296,0,0,0,0,0,-0.0567232,-0.0353158,0.747077,0.341855,0.991239,0.67593,0.15625,0.292969,0.940581
40,1.01562,-0.0864258,-0.296875,0.330078,-0.0850962,0.466092,0.364055,0.562627,0.449085,0.967681,0.694334,0.390651,0.516732,0.00296237,0,0,0,0,0,0.00375085,0.00136552,0.0470943,0.449655,0.919252,0.701964,0.015625,-0.0864258,1.07985
41,1.03906,0.0795898,-0.245117,0.373047,0.0765977,0.530528,0.456461,0.633214,0.609318,0.974579,0.603265,0.381996,0.401321,0.00273696,0,0,0,0,0,-0.0121035,-0.0055248,0.174909,0.420536,0.936767,0.703564,0.0390625,0.0795898,0.977171
42,0.976562,0.103027,0.341797,0.933594,0.1055,0.54201,0.443118,0.605379,0.562836,0.927687,0.644793,0.390344,0.353744,0.00264403,0,0,0,0,0,-0.0356327,-0.0157895,0.481765,0.396018,0.957612,0.685857,-0.0234375,0.103027,1.04532
43,0.972656,-0.060791,-0.257812,0.427734,-0.0625,0.475082,0.359642,0.545998,0.427456,0.825987,0.610318,0.333233,0.3942,0.00272305,0,0,0,0,0,-0.00633335,-0.00227774,0.0904657,0.440058,0.923185,0.708893,-0.0273438,-0.060791,1.09317
44,0.960938,-0.147461,-0.503906,0.847656,-0.153455,0.43902,0.311608,0.511692,0.358928,1.07515,0.74608,0.381763,0.547318,0.00302211,0,0,0,0,0,0.0242339,0.00755146,0.283168,0.391979,0.954197,0.700939,-0.0390625,-0.147461,1.00379
45,0.984375,-0.162109,0.558594,0.322266,-0.164683,0.434597,0.313682,0.520826,0.369656,0.925347,0.749887,0.39056,0.983986,0.00387497,0,0,0,0,0,0.0274219,0.00860174,0.318792,0.452556,0.916823,0.703817,-0.015625,-0.162109,1.14157
46,1.03906,-0.0361328,0.135742,0.378906,-0.0347744,0.48613,0.3986,0.592862,0.510368,1.02654,0.843542,0.500104,0.22052,0.00238383,0,0,0,0,0,-0.00915979,-0.00365109,0.0946642,0.449141,0.913207,0.724327,0.0390625,-0.0361328,1.35092
47,1.02344,-0.182617,-0.523438,0.302734,-0.178435,0.429191,0.319565,0.537001,0.390493,0.977719,0.838513,0.450283,0.951336,0.0038112,0,0,0,0,0,0.032628,0.0104268,0.339225,0.478043,0.890132,0.7457,0.0234375,-0.182617,1.31224
48,1.00781,-0.151367,0.400391,0.359375,-0.150194,0.440306,0.328452,0.537655,0.396953,0.951931,0.684163,0.367843,0.667898,0.00325761,0,0,0,0,0,0.0275209,0.00903929,0.35068,0.43563,0.927339,0.704334,0.0078125,-0.151367,1.22507
49,1.46875,0.298828,0.316406,0.617188,0.203457,0.580611,0.744121,0.960098,1.4755,0.960677,1.02763,0.986627,0.402751,0.00273975,0,0,0,0,0,-0.0569928,-0.0424095,0.483492,0.718319,0.695777,0.686348,0.46875,0.298828,1.81794
50,1.03906,-0.0559082,-0.0717773,0.644531,-0.0538064,0.478545,0.388712,0.58626,0.494798,1.084,0.549012,0.321864,0.0894057,0.00212775,0,0,0,0,0,-0.0104777,-0.0040728,0.166375,0.376815,0.971396,0.678821,0.0390625,-0.0559082,0.931248
51,0.988281,-0.180664,-0.310547,0.353516,-0.182806,0.427475,0.307022,0.516917,0.361466,0.934458,0.683553,0.35334,0.522303,0.00297325,0,0,0,0,0,0.0264412,0.00811803,0.337222,0.556004,0.838343,0.728984,-0.0117188,-0.180664,1.19871
52,1.03125,0.0314941,-0.0483398,0.482422,0.0305398,0.512182,0.429281,0.611555,0.558282,0.913802,0.71119,0.434932,0.0695972,0.00208906,0,0,0,0,0,-0.0373788,-0.016046,0.458191,0.43086,0.933366,0.695012,0.03125,0.0314941,0.961687
53,1.14062,0.09375,-0.683594,0.601562,0.0821918,0.532753,0.504268,0.697411,0.740668,0.953047,0.633165,0.441576,0.881369,0.00367455,0,0,0,0,0,-0.0418321,-0.0210946,0.57597,0.411324,0.952724,0.675469,0.140625,0.09375,0.900708
54,1.16406,0.0432129,-0.757812,0.359375,0.0371225,0.514806,0.488398,0.693011,0.718797,0.952106,0.765884,0.530766,1.26412,0.00442211,0,0,0,0,0,-0.0230333,-0.0112494,0.26218,0.477139,0.903616,0.693416,0.164062,0.0432129,1.24196
55,1.03906,0.117188,0.277344,0.851562,0.112782,0.544898,0.47526,0.646897,0.644348,1.07724,0.533317,0.345001,0.300545,0.00254013,0,0,0,0,0,-0.0327277,-0.0155542,0.534979,0.35815,0.982644,0.676278,0.0390625,0.117188,0.80492
56,0.933594,-0.0249023,0.851562,0.375,-0.0266736,0.48936,0.361922,0.535234,0.417463,1.01217,0.463996,0.248346,1.3906,0.00466913,0,0,0,0,0,0.00463937,0.00167909,0.087167,0.392843,0.962137,0.679235,-0.0664062,-0.0249023,0.806667
57,0.925781,0.0629883,0.341797,0.460938,0.068038,0.527122,0.402735,0.56133,0.477287,0.948602,0.454314,0.25502,0.503439,0.0029364,0,0,0,0,0,-0.0246519,-0.00992816,0.473043,0.486561,0.899542,0.68526,-0.0742188,0.0629883,0.864508
58,0.890625,-0.0078125,-0.0378418,0.496094,-0.00877193,0.496501,0.353236,0.516024,0.391057,0.995294,0.760346,0.392356,0.0537267,0.00205806,0,0,0,0,0,-0.00278373,-0.000983313,0.031917,0.454219,0.911843,0.717489,-0.109375,-0.0078125,0.96997
59,0.980469,0.0351562,0.839844,0.554688,0.0358566,0.514302,0.410748,0.583274,0.508922,1.0731,0.462231,0.269607,1.12765,0.00415557,0,0,0,0,0,-0.0238393,-0.00979197,0.449616,0.403577,0.955632,0.679758,-0.0195312,0.0351562,0.901968
60,1.05469,-0.0200195,-0.208008,0.396484,-0.0189815,0.492428,0.412922,0.607408,0.539449,1.03159,0.719018,0.436737,0.330344,0.00259833,0,0,0,0,0,-0.0148794,-0.00614405,0.180407,0.405008,0.946427,0.701979,0.0546875,-0.0200195,1.22653
61,1.01562,-0.11084,0.034668,0.396484,-0.109135,0.456548,0.351848,0.554806,0.431607,0.946964,0.623965,0.346179,0.0550574,0.00206066,0,0,0,0,0,0.0101322,0.00356499,0.141563,0.407815,0.948284,0.692246,0.015625,-0.11084,1.10709
62,0.945312,-0.0756836,0.449219,0.632812,-0.080062,0.468094,0.341231,0.525218,0.392293,1.09818,0.709883,0.372844,0.564703,0.00305606,0,0,0,0,0,-0.00344527,-0.00117563,0.0423101,0.378573,0.955668,0.71772,-0.0546875,-0.0756836,1.23604
63,1.07812,-0.0202637,0.523438,0.417969,-0.0187953,0.492502,0.422199,0.620974,0.563861,1.05774,0.805319,0.500082,0.809642,0.00353446,0,0,0,0,0,-0.0205289,-0.00866728,0.222231,0.474733,0.893039,0.741743,0.078125,-0.0202637,1.02173
64,1.04688,0.0488281,-0.738281,0.417969,0.0466418,0.518601,0.444213,0.626766,0.590162,0.892392,0.611692,0.383388,1.14196,0.00418351,0,0,0,0,0,-0.0285626,-0.0126879,0.407073,0.423961,0.942705,0.681102,0.046875,0.0488281,0.998051
65,0.964844,-0.0390625,-0.691406,0.820312,-0.0404858,0.483853,0.367373,0.548666,0.435998,1.07613,0.573977,0.314922,0.763385,0.00344411,0,0,0,0,0,-0.00589736,-0.00216653,0.0895715,0.376636,0.96961,0.683258,-0.0351562,-0.0390625,0.955211
66,0.855469,-0.114746,-0.683594,0.59375,-0.134132,0.446649,0.285672,0.460611,0.293771,1.05084,0.745118,0.343209,0.887148,0.00368584,0,0,0,0,0,0.0199242,0.0056918,0.233112,0.386247,0.958237,0.698613,-0.144531,-0.114746,1.37486
67,1.01562,-0.10791,-0.120605,0.396484,-0.10625,0.457692,0.353313,0.555736,0.433673,0.855742,0.708469,0.393722,0.191538,0.00232722,0,0,0,0,0,0.0127573,0.00450732,0.15698,0.390954,0.949074,0.717587,0.015625,-0.10791,1.4426
68,0.984375,0.0246582,-0.124023,0.617188,0.0250496,0.509992,0.407066,0.581864,0.504268,0.961911,0.445474,0.259205,0.157868,0.00226146,0,0,0,0,0,-0.0217676,-0.00886085,0.425986,0.371426,0.974652,0.678165,-0.015625,0.0246582,0.883207
69,1.03125,0.0703125,-0.890625,0.535156,0.0681818,0.52718,0.44869,0.625332,0.592363,1.02436,0.467153,0.292126,1.21746,0.00433098,0,0,0,0,0,-0.0280431,-0.0125827,0.523329,0.350824,0.987347,0.674407,0.03125,0.0703125,0.738953
70,1.03906,0.043457,-0.546875,0.294922,0.0418233,0.51668,0.438395,0.620317,0.576984,0.985048,0.740211,0.459166,1.00701,0.00391995,0,0,0,0,0,-0.0186286,-0.00816667,0.219397,0.420973,0.936451,0.703731,0.0390625,0.043457,1.23144
71,2.42188,0.5625,-0.388672,0.384766,0.232258,0.591831,1.27148,1.60296,4.18616,1.09525,2.08734,3.34592,0.626592,0.00317694,0,0,0,0,0,-0.0717657,-0.0912486,0.299731,0.893963,0.497581,0.713813,1.42188,0.5625,3.47197
72,1.0625,0.0844727,0.40625,0.558594,0.0795037,0.531684,0.468301,0.648611,0.640003,0.996939,0.523637,0.339637,0.543557,0.00301476,0,0,0,0,0,-0.0373859,-0.0175079,0.622422,0.386664,0.965404,0.679896,0.0625,0.0844727,0.893187
73,1,0.00389099,-0.285156,0.46875,0.00389099,0.501552,0.402948,0.583748,0.503128,0.961779,0.72609,0.423853,0.416497,0.0027666,0,0,0,0,0,-0.0242992,-0.00979133,0.291749,0.448132,0.916671,0.713921,0,0.00389099,1.23128
74,1.04688,0.060791,-0.0546875,0.443359,0.058069,0.523153,0.450195,0.63102,0.600861,1.02518,0.756387,0.477295,0.0821316,0.00211354,0,0,0,0,0,-0.0292816,-0.0131824,0.337488,0.406167,0.947038,0.698335,0.046875,0.060791,1.32811
75,1.17188,0.214844,-0.106445,0.777344,0.183333,0.572732,0.578678,0.759467,0.911658,1.02852,0.647838,0.492011,0.120731,0.00218893,0,0,0,0,0,-0.0495589,-0.0286786,0.666902,0.374139,0.974587,0.674921,0.171875,0.214844,1.14089
76,0.894531,0.000230789,0.117676,0.384766,0.000258,0.500103,0.358825,0.52106,0.400259,0.942161,0.628092,0.327274,0.189709,0.00232365,0,0,0,0,0,-0.00692428,-0.0024846,0.0961077,0.405618,0.944528,0.706498,-0.105469,0.000230789,1.09693
77,0.921875,0.125,0.578125,0.757812,0.135593,0.553929,0.432174,0.581707,0.525158,1.06512,0.579386,0.337033,0.664111,0.00325022,0,0,0,0,0,-0.0213231,-0.00921527,0.32084,0.396086,0.957698,0.685539,-0.078125,0.125,0.970679
78,0.917969,0.161133,0.241211,0.636719,0.175532,0.569669,0.448732,0.592945,0.552944,0.9911,0.551259,0.326866,0.30229,0.00254353,0,0,0,0,0,-0.0362848,-0.0162821,0.57382,0.405799,0.951112,0.687888,-0.0820312,0.161133,1.05349
79,1.03906,0.0125122,0.143555,0.929688,0.0120418,0.504804,0.422923,0.609481,0.550331,1.06402,0.710974,0.433325,0.148884,0.00224391,0,0,0,0,0,-0.024452,-0.0103413,0.299825,0.383013,0.964118,0.688034,0.0390625,0.0125122,1.05904
80,1.04688,0.110352,0.0610352,0.330078,0.10541,0.541975,0.474975,0.648931,0.646713,0.950083,0.523042,0.339418,0.106236,0.00216062,0,0,0,0,0,-0.0378134,-0.0179604,0.630255,0.401535,0.957475,0.678211,0.046875,0.110352,0.768306
81,1.14062,0.108398,-0.0678711,0.445312,0.0950342,0.537856,0.511593,0.702725,0.755549,0.941026,0.730186,0.51312,0.101707,0.00215177,0,0,0,0,0,-0.0424326,-0.0217082,0.506609,0.482343,0.900912,0.690443,0.140625,0.108398,1.2356
82,1.00781,0.0314941,0.0942383,0.449219,0.03125,0.512465,0.419882,0.597908,0.533795,1.02513,0.416168,0.24883,0.140604,0.00222774,0,0,0,0,0,-0.0198434,-0.00833187,0.415674,0.377898,0.972271,0.675424,0.0078125,0.0314941,0.839855
83,1.08594,0.00334167,-0.0505371,0.628906,0.00307723,0.501228,0.437134,0.633608,0.592546,1.01178,0.691032,0.437844,0.0637261,0.00207759,0,0,0,0,0,-0.0263633,-0.0115243,0.33259,0.444688,0.918534,0.714937,0.0859375,0.00334167,1.02048
84,1.07031,0.131836,1.19531,0.542969,0.123175,0.549016,0.495116,0.670449,0.694642,0.882152,0.604447,0.405251,1.62216,0.00512141,0,0,0,0,0,-0.0416617,-0.0206274,0.600877,0.40953,0.945936,0.695917,0.0703125,0.131836,1.0584
85,0.921875,-0.0284424,0.419922,0.458984,-0.0308528,0.487693,0.355453,0.527215,0.404302,0.904488,0.733875,0.38691,0.619826,0.00316372,0,0,0,0,0,0.00603337,0.00214458,0.0716712,0.422565,0.926793,0.733127,-0.078125,-0.0284424,1.12533
86,1.14062,0.122559,-0.175781,0.298828,0.107449,0.542783,0.518673,0.707896,0.770138,0.883214,0.665761,0.47129,0.32156,0.00258117,0,0,0,0,0,-0.0471585,-0.0244598,0.617516,0.532637,0.861275,0.701596,0.140625,0.122559,1.04104
87,0.941406,-0.0810547,0.441406,0.439453,-0.0860996,0.465694,0.336979,0.521206,0.385211,1.06065,0.72378,0.377238,0.665859,0.00325363,0,0,0,0,0,0.00231964,0.000781668,0.0279396,0.403843,0.948816,0.697139,-0.0585938,-0.0810547,1.20599
88,0.945312,-0.0712891,0.910156,0.5625,-0.0754132,0.469943,0.343428,0.526649,0.395301,1.03989,0.67895,0.357568,1.21354,0.00432332,0,0,0,0,0,-0.0118322,-0.00406351,0.151927,0.561309,0.839132,0.700534,-0.0546875,-0.0712891,1.33357
89,0.945312,0.0212402,0.546875,0.855469,0.022469,0.508963,0.389693,0.557921,0.463137,0.965606,0.630969,0.352031,0.59127,0.00310795,0,0,0,0,0,-0.0151789,-0.0059151,0.209719,0.391203,0.95969,0.687579,-0.0546875,0.0212402,0.877295
90,1.11719,0.160156,-0.925781,1.17188,0.143357,0.556996,0.528073,0.708178,0.780377,1.01503,0.566494,0.401179,0.8552,0.00362344,0,0,0,0,0,-0.0492938,-0.0260307,0.758584,0.335523,0.9953,0.674056,0.117188,0.160156,0.826224
91,0.949219,0.0373535,0.824219,0.515625,0.0393519,0.515695,0.399316,0.565853,0.479642,0.992086,0.506315,0.2865,1.14782,0.00419497,0,0,0,0,0,-0.0258851,-0.0103363,0.445693,0.351572,0.984684,0.679388,-0.0507812,0.0373535,0.814278
92,0.882812,-0.019043,-0.5,0.695312,-0.0215708,0.491395,0.344488,0.507647,0.376377,0.944841,0.641974,0.325896,0.599625,0.00312427,0,0,0,0,0,-0.00660364,-0.00227488,0.0896753,0.409712,0.947495,0.691349,-0.117188,-0.019043,0.95324
93,1.05469,0.102051,-0.542969,0.605469,0.0967593,0.538541,0.473958,0.650442,0.647711,0.97192,0.495243,0.322127,0.697797,0.00331601,0,0,0,0,0,-0.0422017,-0.0200018,0.742879,0.354456,0.984829,0.675754,0.0546875,0.102051,0.895184
94,0.992188,-0.164062,0.0303955,0.439453,-0.165354,0.434333,0.315838,0.524759,0.375125,0.979182,0.735644,0.386035,0.0458515,0.00204268,0,0,0,0,0,0.0238671,0.00753813,0.282838,0.439918,0.921572,0.714636,-0.0078125,-0.164062,1.17183
95,0.980469,0.0339355,-0.263672,0.353516,0.0346116,0.513805,0.410138,0.582844,0.50792,0.909185,0.713058,0.415601,0.443465,0.00281927,0,0,0,0,0,-0.00970404,-0.00398,0.118641,0.447775,0.915968,0.717222,-0.0195312,0.0339355,0.855452
96,1.07031,-0.0883789,0.8125,0.388672,-0.082573,0.467096,0.385008,0.593797,0.500826,1.00329,0.647678,0.384589,1.30326,0.00449856,0,0,0,0,0,0.0154419,0.00594526,0.207849,0.414895,0.947811,0.682323,0.0703125,-0.0883789,1.05719
97,0.964844,0.0717773,0.652344,0.306641,0.0743927,0.529651,0.422793,0.587218,0.52358,0.983363,0.521632,0.306312,1.17804,0.00425399,0,0,0,0,0,-0.0184044,-0.00778126,0.307584,0.406064,0.950356,0.689464,-0.0351562,0.0717773,0.870988
98,1.03906,-0.0016098,0.558594,0.404297,-0.00154928,0.499382,0.415862,0.604603,0.538485,0.98376,0.639872,0.386868,0.878508,0.00366896,0,0,0,0,0,-0.0210559,-0.00875633,0.286871,0.431857,0.930055,0.703113,0.0390625,-0.0016098,0.988349
99,1.05469,0.0527344,0.154297,0.691406,0.05,0.519939,0.449299,0.6327,0.602179,1.03109,0.512965,0.324553,0.185563,0.00231555,0,0,0,0,0,-0.0344581,-0.015482,0.585613,0.459355,0.915005,0.695366,0.0546875,0.0527344,1.00951
100,1.13281,0.170898,-2.01562,0.714844,0.150862,0.559958,0.53971,0.721258,0.8115,0.986736,0.603745,0.435456,2.38399,0.00660935,0,0,0,0,0,-0.049911,-0.0269374,0.720692,0.378708,0.971723,0.67564,0.132812,0.170898,0.878892
101,0.957031,-0.194336,0.882812,0.484375,-0.203061,0.419544,0.290288,0.493265,0.327578,0.965633,0.8516,0.420064,1.26846,0.00443059,0,0,0,0,0,0.0293653,0.0085244,0.300611,0.407946,0.942352,0.709013,-0.0429688,-0.194336,1.23642
102,0.988281,-0.0397949,1.09375,0.392578,-0.0402668,0.48394,0.376406,0.562067,0.4576,0.991007,0.687125,0.38621,1.74564,0.00536258,0,0,0,0,0,0.00349748,0.00131647,0.0443737,0.47347,0.905575,0.695243,-0.0117188,-0.0397949,0.975917
103,0.976562,-0.0368652,0.675781,0.441406,-0.03775,0.484944,0.373171,0.556225,0.448644,0.865958,0.546279,0.303854,1.01715,0.00393975,0,0,0,0,0,-0.00545692,-0.00203637,0.0870844,0.466122,0.909979,0.697069,-0.0234375,-0.0368652,0.760478
104,1.05469,0.125977,-0.0559082,0.574219,0.119444,0.547538,0.48592,0.65921,0.670677,1.02606,0.482243,0.317899,0.0737797,0.00209723,0,0,0,0,0,-0.040234,-0.0195505,0.727335,0.372215,0.975399,0.675488,0.0546875,0.125977,0.807655
105,1.07031,0.0368652,-0.384766,0.703125,0.0344434,0.513738,0.44763,0.636189,0.605109,0.890533,0.573827,0.365062,0.45886,0.00284934,0,0,0,0,0,-0.0224008,-0.0100273,0.340321,0.382812,0.965722,0.684361,0.0703125,0.0368652,0.906584
106,0.964844,0.048584,-0.455078,0.625,0.0503543,0.52008,0.411197,0.578925,0.504237,1.04333,0.674262,0.390347,0.575633,0.00307741,0,0,0,0,0,-0.0298767,-0.0122852,0.386288,0.41203,0.943696,0.698073,-0.0351562,0.048584,0.879611
107,1.10156,-0.0825195,-0.632812,0.310547,-0.0749113,0.470143,0.400469,0.613878,0.537222,1.01756,0.685139,0.420592,1.13556,0.00417102,0,0,0,0,0,0.00487579,0.0019526,0.0620402,0.405059,0.951472,0.688087,0.101562,-0.0825195,1.45617
108,1.01562,0.0883789,0.648438,0.515625,0.0870192,0.534672,0.451457,0.622757,0.59164,1.0596,0.551637,0.343536,0.903028,0.00371685,0,0,0,0,0,-0.0327722,-0.0147952,0.517915,0.422417,0.94565,0.676039,0.015625,0.0883789,0.89618
109,0.945312,0.0314941,0.804688,0.380859,0.0333161,0.513289,0.39482,0.561514,0.471181,0.919474,0.687359,0.385962,1.3039,0.00449981,0,0,0,0,0,-0.0252004,-0.00994961,0.319618,0.437694,0.918962,0.729048,-0.0546875,0.0314941,1.04635
110,0.988281,0.203125,-0.992188,1.35938,0.205534,0.581422,0.502007,0.6466,0.670103,1.1536,0.668657,0.432354,0.850989,0.00361521,0,0,0,0,0,-0.0311255,-0.0156252,0.405807,0.427015,0.934382,0.698985,-0.0117188,0.203125,1.06416
111,0.875,0.00430298,0.714844,0.333984,0.00491769,0.501962,0.353029,0.511089,0.385841,0.921116,0.534294,0.273072,1.23694,0.00436902,0,0,0,0,0,-0.0188927,-0.00666966,0.308262,0.400867,0.952151,0.692756,-0.125,0.00430298,0.906591
112,1.07031,0.143555,-0.166016,0.375,0.134124,0.553348,0.500975,0.674788,0.706315,0.849544,0.540987,0.365052,0.271102,0.00248262,0,0,0,0,0,-0.0381803,-0.0191274,0.615261,0.404467,0.956066,0.677398,0.0703125,0.143555,0.831221
113,1.03906,0.0761719,0.773438,0.742188,0.0733083,0.52922,0.454752,0.631984,0.606203,0.967923,0.664331,0.419846,0.897777,0.0037066,0,0,0,0,0,-0.0236061,-0.010735,0.309776,0.460692,0.910063,0.708936,0.0390625,0.0761719,0.931424
114,1.08594,0.0986328,0.574219,0.480469,0.0908273,0.536185,0.48478,0.667372,0.680396,1.00558,0.614143,0.409862,0.828409,0.00357111,0,0,0,0,0,-0.0421757,-0.0204459,0.598687,0.392714,0.959264,0.68648,0.0859375,0.0986328,0.935872
115,0.972656,-0.121094,0.291016,0.396484,-0.124498,0.45046,0.329491,0.526627,0.3859,1.08532,0.784907,0.413353,0.462172,0.0028558,0,0,0,0,0,0.00736884,0.00242796,0.0818442,0.39328,0.95222,0.704445,-0.0273438,-0.121094,1.12467
116,1.20312,0.255859,-1,0.707031,0.212662,0.584205,0.616607,0.789586,1.00365,0.911951,0.775906,0.612644,1.18927,0.00427592,0,0,0,0,0,-0.0486374,-0.0299901,0.546472,0.447656,0.925145,0.687892,0.203125,0.255859,1.10643
117,0.882812,-0.0554199,0.168945,0.738281,-0.0627765,0.474972,0.3263,0.495484,0.351976,1.01582,0.602166,0.298364,0.196623,0.00233716,0,0,0,0,0,-0.00729952,-0.00238183,0.105678,0.374589,0.96979,0.685521,-0.117188,-0.0554199,0.944395
118,0.992188,0.0339355,0.800781,0.302734,0.0342028,0.513642,0.414837,0.589667,0.519798,1.10709,0.605182,0.356856,1.4554,0.00479571,0,0,0,0,0,-0.0183923,-0.0076298,0.264945,0.372266,0.972874,0.681212,-0.0078125,0.0339355,1.08897
119,1.15625,0.0761719,-0.699219,0.597656,0.0658784,0.526263,0.501745,0.700175,0.741994,0.987755,0.708643,0.496174,0.904456,0.00371964,0,0,0,0,0,-0.0267661,-0.0134298,0.32928,0.499194,0.891177,0.682872,0.15625,0.0761719,1.23329
120,1.07031,0.166992,0.026123,0.71875,0.156022,0.561992,0.512694,0.683533,0.730073,0.929048,0.473845,0.323889,0.0308131,0.00201331,0,0,0,0,0,-0.0407475,-0.020891,0.749673,0.365291,0.979757,0.674205,0.0703125,0.166992,0.958612
121,0.984375,-0.0795898,0.578125,0.345703,-0.0808532,0.467779,0.354942,0.546669,0.42483,1.05767,0.618506,0.338118,0.983264,0.00387356,0,0,0,0,0,0.00688442,0.00244357,0.0970355,0.407298,0.951203,0.685348,-0.015625,-0.0795898,1.2647
122,1.0625,-0.0732422,-0.15625,0.636719,-0.0689338,0.472521,0.389444,0.594186,0.504723,1.06458,0.603974,0.358873,0.195815,0.00233558,0,0,0,0,0,0.00441571,0.00171967,0.0637366,0.36398,0.973192,0.691085,0.0625,-0.0732422,1.23374
123,2.01562,0.170898,-0.333984,0.341797,0.0847868,0.533785,0.89372,1.2343,2.32224,0.850629,1.6316,2.01388,0.571271,0.00306889,0,0,0,0,0,-0.0459743,-0.0410881,0.245646,0.806795,0.601232,0.712576,1.01562,0.170898,2.6078
124,1.07812,-0.0820312,-0.416016,0.447266,-0.076087,0.469675,0.391315,0.600404,0.513612,1.06611,0.859433,0.516007,0.622052,0.00316807,0,0,0,0,0,0.0172491,0.00674982,0.174969,0.4304,0.927737,0.7134,0.078125,-0.0820312,1.18145
125,0.972656,0.0375977,0.367188,0.601562,0.0386546,0.515417,0.408836,0.579585,0.503066,1.00885,0.491339,0.284773,0.473421,0.00287778,0,0,0,0,0,-0.0215319,-0.00880304,0.38204,0.371782,0.973183,0.681109,-0.0273438,0.0375977,0.894235
126,1.05469,-0.109863,0.574219,0.371094,-0.104167,0.458519,0.368001,0.57781,0.469288,0.905585,0.827514,0.478146,0.942618,0.00379418,0,0,0,0,0,0.00961931,0.00353991,0.101339,0.425837,0.92696,0.725485,0.0546875,-0.109863,1.54652
127,0.980469,0.0194092,-0.298828,0.941406,0.0197958,0.507897,0.402875,0.577756,0.49611,1.09224,0.54587,0.31538,0.307987,0.00255466,0,0,0,0,0,-0.0127329,-0.00512975,0.20335,0.358073,0.980469,0.681243,-0.0195312,0.0194092,0.873544
128,1.13281,0.166992,-0.28125,0.314453,0.147414,0.558597,0.537757,0.719798,0.807291,0.811372,0.603327,0.434274,0.50155,0.00293272,0,0,0,0,0,-0.0440642,-0.0236958,0.636707,0.509689,0.883517,0.682557,0.132812,0.166992,1.01567
129,0.914062,-0.0280762,-0.660156,0.443359,-0.0307158,0.487748,0.352503,0.522789,0.397567,1.04861,0.633745,0.331315,0.991445,0.00388954,0,0,0,0,0,-0.00231632,-0.000816512,0.0318634,0.399685,0.946518,0.710627,-0.0859375,-0.0280762,1.15088
130,1.03906,-0.100098,-0.412109,0.449219,-0.0963346,0.461627,0.366618,0.57185,0.461421,1.08665,0.683299,0.390744,0.61487,0.00315404,0,0,0,0,0,0.00816956,0.00299511,0.10423,0.390768,0.956966,0.695272,0.0390625,-0.100098,1.00319
131,1.08594,-0.0805664,-0.097168,0.566406,-0.0741906,0.470429,0.39518,0.605426,0.522708,1.03587,0.905001,0.547911,0.12911,0.00220529,0,0,0,0,0,0.0216453,0.00855379,0.208507,0.448416,0.906832,0.753789,0.0859375,-0.0805664,1.04434
132,0.96875,-0.0498047,0.5,0.474609,-0.0514113,0.479499,0.363569,0.547358,0.431783,1.06124,0.48364,0.264725,0.725775,0.00337065,0,0,0,0,0,-0.00329828,-0.00119915,0.0594528,0.403409,0.955724,0.679776,-0.03125,-0.0498047,0.844377
133,0.941406,0.100586,-0.21875,1.08594,0.106846,0.542545,0.427799,0.584049,0.524125,1.10911,0.605951,0.353905,0.209916,0.00236312,0,0,0,0,0,-0.0273572,-0.0117034,0.393587,0.379668,0.965195,0.689969,-0.0585938,0.100586,0.83768
134,0.972656,-0.0878906,-0.0703125,0.443359,-0.0903614,0.464,0.346092,0.53717,0.408331,0.908589,0.580966,0.312077,0.105598,0.00215937,0,0,0,0,0,0.0102189,0.00353669,0.153342,0.480693,0.898186,0.703755,-0.0273438,-0.0878906,0.84985
135,1.01562,-0.0717773,-0.117188,0.384766,-0.0706731,0.471829,0.371379,0.567393,0.459858,0.907865,0.694519,0.394065,0.188922,0.00232211,0,0,0,0,0,-0.0066828,-0.00248185,0.0838844,0.47874,0.898407,0.707809,0.015625,-0.0717773,1.42773
136,1.05469,-0.00396729,-0.0529785,0.542969,-0.00376157,0.498499,0.420949,0.612893,0.552835,1.01332,0.513621,0.314795,0.0718973,0.00209355,0,0,0,0,0,-0.0223948,-0.00942705,0.380111,0.397204,0.960429,0.67724,0.0546875,-0.00396729,0.935099
137,0.859375,-0.0742188,1.32812,0.574219,-0.0863636,0.465589,0.307502,0.475716,0.320864,1.01949,0.545896,0.259692,1.75267,0.00537631,0,0,0,0,0,0.00156152,0.000480169,0.024937,0.420157,0.942465,0.687962,-0.140625,-0.0742188,1.09143
138,0.933594,0.0109253,-0.859375,0.496094,0.0117024,0.504668,0.379836,0.547506,0.444039,0.932665,0.64611,0.353749,1.22012,0.00433616,0,0,0,0,0,-0.00749632,-0.00284737,0.101146,0.409035,0.944111,0.701921,-0.0664062,0.0109253,1.01515
139,0.941406,-0.136719,0.100586,0.431641,-0.145228,0.442265,0.309147,0.503659,0.349245,1.00854,0.776412,0.391047,0.1531,0.00225215,0,0,0,0,0,0.0391661,0.0121081,0.439769,0.463415,0.908243,0.709097,-0.0585938,-0.136719,1.06885
140,1.14062,0.233398,-1.64844,0.785156,0.204623,0.581067,0.578729,0.745982,0.891416,0.938396,0.63172,0.471252,1.86035,0.00558662,0,0,0,0,0,-0.0560319,-0.0324273,0.773245,0.346992,0.989072,0.674959,0.140625,0.233398,0.871868
141,1.16406,0.0349121,0.330078,0.832031,0.0299916,0.511963,0.484248,0.690092,0.710724,0.954575,0.660941,0.45611,0.361865,0.00265989,0,0,0,0,0,-0.0283894,-0.0137475,0.374455,0.417367,0.946516,0.681773,0.164062,0.0349121,0.937123
142,0.894531,-0.0893555,-0.209961,0.519531,-0.0998908,0.460215,0.314031,0.491288,0.33998,1.02482,0.63633,0.312621,0.291295,0.00252206,0,0,0,0,0,0.00924905,0.00290449,0.126713,0.443204,0.92359,0.70122,-0.105469,-0.0893555,0.909613
143,1.03125,-0.0301514,0.703125,0.632812,-0.0292377,0.488338,0.398458,0.590328,0.507256,0.983213,0.681406,0.402253,0.883883,0.00367946,0,0,0,0,0,-0.00682515,-0.00271953,0.0873197,0.388367,0.95231,0.712052,0.03125,-0.0301514,0.95872
144,0.96875,0.0245361,0.376953,0.441406,0.0253276,0.510103,0.400739,0.572722,0.488602,0.883812,0.507913,0.290893,0.567372,0.00306127,0,0,0,0,0,-0.0177369,-0.00710786,0.304435,0.428665,0.936805,0.6891,-0.03125,0.0245361,0.906099
145,1.04688,0.0737305,-0.578125,0.474609,0.0704291,0.528074,0.456665,0.635652,0.612596,0.994151,0.559854,0.355872,0.839177,0.00359214,0,0,0,0,0,-0.0250793,-0.0114528,0.390524,0.426104,0.938861,0.687813,0.046875,0.0737305,0.977973
146,1.21094,0.232422,-0.382812,0.333984,0.191935,0.576104,0.604608,0.78767,0.985975,0.818126,0.830408,0.654087,0.662404,0.00324688,0,0,0,0,0,-0.0575586,-0.0348004,0.604262,0.608595,0.80097,0.691698,0.210938,0.232422,1.29373
147,0.902344,0.00349426,1.23438,0.414062,0.00387243,0.501545,0.363589,0.526735,0.409647,0.924582,0.726272,0.382553,1.91829,0.00569978,0,0,0,0,0,-0.0247857,-0.00901183,0.297515,0.402089,0.946959,0.705283,-0.0976562,0.00349426,1.08508
148,0.949219,0.0175781,-0.621094,0.332031,0.0185185,0.507387,0.389428,0.558919,0.464044,0.875625,0.595804,0.333006,1.07787,0.00405835,0,0,0,0,0,-0.0211041,-0.00821853,0.308795,0.475372,0.897492,0.720092,-0.0507812,0.0175781,1.12615
149,1.125,0.177734,-0.416016,0.5625,0.157986,0.562766,0.539995,0.719288,0.808969,0.943174,0.60431,0.434673,0.554688,0.0030365,0,0,0,0,0,-0.0526252,-0.0284173,0.759172,0.363636,0.979693,0.676329,0.125,0.177734,0.791858
150,1.07812,0.0124512,1.02344,0.474609,0.0115489,0.504607,0.438556,0.632209,0.59202,1.0315,0.841417,0.531952,1.48557,0.00485463,0,0,0,0,0,-0.0224012,-0.00982417,0.232095,0.468618,0.898678,0.733679,0.078125,0.0124512,1.16012
151,0.9375,0.174805,-1.10938,0.53125,0.186458,0.573957,0.46481,0.608384,0.586179,0.894375,0.700911,0.426423,1.52205,0.00492588,0,0,0,0,0,-0.0375838,-0.0174693,0.46746,0.450798,0.913055,0.72099,-0.0625,0.174805,0.98735
152,1.13281,0.154297,-0.59375,0.337891,0.136207,0.554171,0.531409,0.715068,0.793718,0.874662,0.706493,0.505191,1.02145,0.00394814,0,0,0,0,0,-0.0415804,-0.0220962,0.513083,0.46144,0.914094,0.693881,0.132812,0.154297,0.973708
153,0.984375,-0.139648,-0.671875,0.419922,-0.141865,0.443593,0.324912,0.527666,0.383999,0.980685,0.787082,0.415316,1.03682,0.00397817,0,0,0,0,0,0.0158549,0.00515145,0.17561,0.494173,0.879458,0.746594,-0.015625,-0.139648,0.960735
154,0.96875,-0.191406,-0.15918,0.451172,-0.197581,0.421687,0.295767,0.5013,0.338779,1.00629,0.789009,0.39553,0.236983,0.00241598,0,0,0,0,0,0.0249311,0.00737379,0.275464,0.431853,0.930563,0.701554,-0.03125,-0.191406,1.22224
155,0.996094,0.0820312,0.294922,0.515625,0.0823529,0.532817,0.440452,0.609098,0.564998,0.868885,0.678846,0.413484,0.410714,0.0027553,0,0,0,0,0,-0.0318094,-0.0140105,0.408498,0.421028,0.938221,0.698382,-0.00390625,0.0820312,1.26255
156,1.05469,0.000333786,-0.644531,0.636719,0.000316479,0.500126,0.423099,0.614372,0.556465,1.00134,0.591418,0.363351,0.807737,0.00353074,0,0,0,0,0,-0.00913873,-0.00386659,0.134709,0.366599,0.975868,0.681397,0.0546875,0.000333786,0.946389
157,0.867188,0.188477,-0.400391,0.53125,0.217342,0.586029,0.447025,0.570268,0.525037,0.917552,0.56704,0.323365,0.549331,0.00302604,0,0,0,0,0,-0.0302754,-0.0135339,0.465461,0.473166,0.904723,0.698785,-0.132812,0.188477,0.796573
158,1.17188,0.0214844,-0.304688,0.621094,0.0183333,0.507314,0.480667,0.689948,0.707068,0.992169,0.688414,0.47497,0.386613,0.00270823,0,0,0,0,0,-0.0281524,-0.0135319,0.356511,0.48708,0.895636,0.697114,0.171875,0.0214844,1.07816
159,1.03125,0.0820312,-0.470703,0.671875,0.0795455,0.531701,0.454549,0.62955,0.602948,0.93994,0.527446,0.332054,0.574252,0.00307471,0,0,0,0,0,-0.0354622,-0.0161193,0.58613,0.400119,0.958537,0.677666,0.03125,0.0820312,0.784471
160,0.972656,-0.0480957,-0.341797,0.621094,-0.0494478,0.480281,0.36599,0.5502,0.436668,1.06777,0.55402,0.304822,0.4337,0.0028002,0,0,0,0,0,-0.00841357,-0.00307928,0.132392,0.369153,0.974359,0.681699,-0.0273438,-0.0480957,0.943455
161,0.953125,-0.129883,-0.183594,0.427734,-0.13627,0.445804,0.317264,0.51256,0.363375,1.01081,0.676728,0.346864,0.280718,0.0025014,0,0,0,0,0,0.0153465,0.00486888,0.197698,0.39997,0.951974,0.694622,-0.046875,-0.129883,1.19287
162,1.0625,0.0859375,-0.761719,0.546875,0.0808824,0.532232,0.469034,0.64914,0.641376,0.922737,0.492405,0.31964,1.03003,0.00396491,0,0,0,0,0,-0.0329484,-0.0154539,0.583336,0.403068,0.957406,0.676178,0.0625,0.0859375,0.772798
163,1.07031,0.0317383,0.679688,0.419922,0.0296533,0.511828,0.445067,0.634387,0.600532,1.01482,0.719892,0.456691,1.04888,0.00400172,0,0,0,0,0,-0.0269311,-0.0119861,0.326132,0.408636,0.942989,0.705899,0.0703125,0.0317383,1.10813
164,1.04688,0.144531,-0.103027,0.808594,0.13806,0.554903,0.492065,0.661543,0.679767,0.985865,0.516037,0.341381,0.114574,0.0021769,0,0,0,0,0,-0.0371505,-0.0182805,0.627611,0.418055,0.948183,0.676482,0.046875,0.144531,0.968284
165,1.02344,-0.00717163,-0.933594,0.507812,-0.0070074,0.497204,0.406815,0.593593,0.517851,1.0719,0.665987,0.395325,1.31011,0.00451192,0,0,0,0,0,-0.014947,-0.00608066,0.195657,0.368874,0.97085,0.690462,0.0234375,-0.00717163,1.20356
166,0.921875,-0.0761719,-0.265625,0.416016,-0.0826271,0.467074,0.331588,0.511429,0.37151,1.00724,0.614863,0.314459,0.411826,0.00275747,0,0,0,0,0,-0.00296994,-0.000984798,0.0421092,0.39525,0.95794,0.686146,-0.078125,-0.0761719,0.941972
167,1.22656,-0.0257568,0.75,0.464844,-0.0209992,0.491623,0.478976,0.705552,0.727222,1.03354,0.937763,0.661641,1.10004,0.00410164,0,0,0,0,0,-0.0175053,-0.00838463,0.162736,0.571097,0.827667,0.721908,0.226562,-0.0257568,1.88692
168,0.90625,-0.00946045,-0.460938,0.353516,-0.0104391,0.495835,0.358678,0.52456,0.403813,1.04915,0.682082,0.357793,0.775243,0.00346727,0,0,0,0,0,0.0241522,0.00866288,0.308694,0.432706,0.92709,0.710919,-0.09375,-0.00946045,1.04057
169,0.96875,0.0554199,0.863281,0.480469,0.0572077,0.52281,0.416181,0.583631,0.513832,0.91846,0.537471,0.313685,1.24543,0.00438561,0,0,0,0,0,-0.0255022,-0.0106135,0.413647,0.385483,0.962213,0.689357,-0.03125,0.0554199,1.02187
170,1.3125,0.349609,-0.914062,0.664062,0.266369,0.605022,0.717604,0.881743,1.29243,0.837442,0.883676,0.779175,1.12169,0.00414392,0,0,0,0,0,-0.0724612,-0.0519985,0.714857,0.500133,0.892107,0.67766,0.3125,0.349609,1.16378
171,1.10156,-0.104492,-0.671875,0.398438,-0.0948582,0.462214,0.389483,0.606768,0.519865,0.952289,0.861365,0.522649,1.06441,0.00403205,0,0,0,0,0,0.0173773,0.00676816,0.175874,0.481342,0.891685,0.728001,0.101562,-0.104492,1.23488
172,1.26562,0.0791016,0.929688,0.378906,0.0625,0.524918,0.547069,0.764878,0.884323,1.00719,0.939789,0.718824,1.51033,0.00490298,0,0,0,0,0,-0.0379605,-0.020767,0.352134,0.76954,0.640153,0.684736,0.265625,0.0791016,1.57184
173,1.15625,0.0786133,-0.34375,0.503906,0.0679899,0.527103,0.502966,0.701051,0.744447,1.0394,0.877975,0.615505,0.484248,0.00289892,0,0,0,0,0,-0.0270901,-0.0136254,0.26899,0.5092,0.880417,0.694896,0.15625,0.0786133,1.48439
174,0.886719,-0.078125,-0.376953,0.466797,-0.0881057,0.464896,0.316514,0.490354,0.340628,1.00858,0.691751,0.339203,0.551726,0.00303071,0,0,0,0,0,0.0114231,0.00361557,0.14396,0.386581,0.954172,0.709449,-0.113281,-0.078125,1.50214
175,0.972656,-0.0693359,1.30469,0.355469,-0.0712851,0.471585,0.355369,0.543193,0.421347,0.996168,0.644755,0.350227,2.18829,0.00622714,0,0,0,0,0,0.00476446,0.00169314,0.0644207,0.414103,0.945462,0.689767,-0.0273438,-0.0693359,0.965216
176,1.03125,0.100098,0.777344,0.285156,0.0970644,0.538662,0.463583,0.636103,0.619536,0.999883,0.500217,0.31819,1.4557,0.00479629,0,0,0,0,0,-0.0278143,-0.0128942,0.484748,0.476192,0.908344,0.680643,0.03125,0.100098,0.98379
177,1.07812,0.120117,-0.236328,0.605469,0.111413,0.544356,0.492389,0.670675,0.692252,1.02074,0.606181,0.40655,0.303717,0.00254632,0,0,0,0,0,-0.0407936,-0.0200863,0.586673,0.389653,0.96182,0.684462,0.078125,0.120117,0.966359
178,0.929688,0.0776367,0.308594,0.632812,0.0835084,0.533276,0.411625,0.56888,0.49306,0.954994,0.52328,0.297683,0.387927,0.00271079,0,0,0,0,0,-0.0158501,-0.00652429,0.264061,0.393997,0.958573,0.686369,-0.0703125,0.0776367,0.797783
179,0.882812,-0.0234375,-0.380859,0.308594,-0.0265487,0.48941,0.342291,0.506158,0.373359,1.00478,0.506353,0.256295,0.6856,0.00329219,0,0,0,0,0,0.00375095,0.00128392,0.0645795,0.409091,0.951665,0.681439,-0.117188,-0.0234375,1.01762
180,1.10938,0.196289,-0.273438,0.835938,0.176937,0.570221,0.543291,0.717008,0.809265,0.976609,0.538276,0.385948,0.299069,0.00253724,0,0,0,0,0,-0.0482262,-0.0262008,0.781061,0.416073,0.94987,0.675335,0.109375,0.196289,1.05748
181,1.08594,0.109863,-0.882812,0.462891,0.101169,0.540292,0.490395,0.671462,0.691348,0.896246,0.703175,0.472155,1.29757,0.00448743,0,0,0,0,0,-0.0361929,-0.0177488,0.448712,0.513779,0.87589,0.699391,0.0859375,0.109863,1.05468
182,0.941406,0.0615234,-0.277344,0.546875,0.0653527,0.526053,0.408268,0.569898,0.491466,0.952817,0.565641,0.322358,0.375037,0.00268562,0,0,0,0,0,-0.0260038,-0.0106165,0.400776,0.374648,0.969491,0.686163,-0.0585938,0.0615234,1.00398
183,1.17969,0.285156,-0.174805,0.585938,0.241722,0.595502,0.626452,0.78402,1.00713,0.869756,0.735171,0.576389,0.228364,0.00239915,0,0,0,0,0,-0.0512025,-0.0320759,0.607169,0.378176,0.968973,0.682747,0.179688,0.285156,0.99256
184,1.0625,0.0708008,-0.0206299,0.419922,0.066636,0.526564,0.461465,0.643693,0.627291,1.05054,0.75813,0.488003,0.0318356,0.0020153,0,0,0,0,0,-0.0244595,-0.0112872,0.281262,0.429049,0.933108,0.69907,0.0625,0.0708008,1.15021
185,1.25,0.330078,0.589844,0.570312,0.264062,0.604134,0.681594,0.838905,1.16833,0.979869,1.02952,0.863673,0.781053,0.00347862,0,0,0,0,0,-0.0561586,-0.0382774,0.47554,0.64942,0.763291,0.697257,0.25,0.330078,1.44067
186,0.988281,0.129883,-0.0961914,0.773438,0.131423,0.55228,0.461245,0.62208,0.599731,0.99313,0.552321,0.343588,0.109376,0.00216675,0,0,0,0,0,-0.0347893,-0.0160464,0.549113,0.413792,0.946903,0.686425,-0.0117188,0.129883,0.843015
187,1.10156,0.0996094,-0.859375,0.628906,0.0904255,0.536025,0.491534,0.676813,0.699682,0.974979,0.6266,0.424091,1.08365,0.00406963,0,0,0,0,0,-0.0358219,-0.0176077,0.498385,0.457419,0.909739,0.717757,0.101562,0.0996094,0.916809
188,0.984375,-0.176758,0.566406,0.414062,-0.179563,0.428748,0.306966,0.516084,0.36057,0.912572,0.76011,0.392281,0.880228,0.00367232,0,0,0,0,0,0.0348853,0.0107086,0.400104,0.406712,0.944132,0.705804,-0.015625,-0.176758,1.14027
189,0.894531,-0.0115356,-0.0551758,0.449219,-0.0128957,0.494855,0.352941,0.517026,0.391884,1.03013,0.67046,0.346646,0.0823227,0.00211391,0,0,0,0,0,-0.00310396,-0.00109552,0.0403599,0.408015,0.943685,0.704901,-0.105469,-0.0115356,0.962878
190,1.08594,0.00970459,0.107422,0.324219,0.0089366,0.503565,0.440316,0.635808,0.598129,0.877956,0.56502,0.359244,0.188657,0.0023216,0,0,0,0,0,-0.0175183,-0.00771358,0.270293,0.395322,0.960227,0.680378,0.0859375,0.00970459,0.978543
191,1.01562,-0.125977,0.275391,0.476562,-0.124038,0.450642,0.34428,0.550037,0.42107,0.984626,0.673322,0.370352,0.398923,0.00273227,0,0,0,0,0,0.015934,0.00548575,0.206304,0.416804,0.940868,0.698055,0.015625,-0.125977,1.22835
192,0.988281,-0.00141907,0.138672,0.375,-0.00143589,0.499427,0.395594,0.575093,0.487226,0.976102,0.663167,0.381382,0.22645,0.00239541,0,0,0,0,0,0.00209849,0.000830147,0.0275861,0.405767,0.94842,0.695146,-0.0117188,-0.00141907,1.09491
193,0.945312,-0.00540161,0.414062,0.613281,-0.0057141,0.49772,0.376372,0.5487,0.442727,1.05455,0.479264,0.262972,0.528733,0.00298581,0,0,0,0,0,-0.0143494,-0.00540069,0.261014,0.403617,0.95444,0.682663,-0.0546875,-0.00540161,0.935205
194,1.08594,-0.0786133,0.279297,0.21582,-0.0723921,0.471145,0.396157,0.606064,0.524254,0.828899,0.753979,0.45696,0.601201,0.00312735,0,0,0,0,0,0.00516149,0.00204476,0.0596791,0.453797,0.907322,0.736547,0.0859375,-0.0786133,1.12014
195,0.960938,0.00637817,0.0913086,0.416016,0.00663745,0.502648,0.388527,0.561857,0.466636,0.97967,0.713352,0.400801,0.141565,0.00222962,0,0,0,0,0,-0.0240561,-0.00934644,0.293987,0.424372,0.93843,0.69197,-0.0390625,0.00637817,1.28428
196,1.07031,0.151367,0.972656,0.414062,0.141423,0.556232,0.504881,0.677693,0.714173,0.90531,0.595868,0.403816,1.51156,0.0049054,0,0,0,0,0,-0.0393216,-0.0198528,0.575291,0.469004,0.911816,0.685159,0.0703125,0.151367,0.932468
197,0.921875,-0.0957031,1.5625,0.578125,-0.103814,0.458659,0.321822,0.505152,0.358748,1.10507,0.641453,0.324031,2.05499,0.00596677,0,0,0,0,0,-0.00706128,-0.00227248,0.0959678,0.384155,0.963405,0.688223,-0.078125,-0.0957031,1.09953
198,0.972656,0.0206299,0.0776367,0.410156,0.0212098,0.508461,0.400352,0.573632,0.489336,0.984919,0.438845,0.251735,0.121225,0.00218989,0,0,0,0,0,-0.0137624,-0.00550982,0.273395,0.387082,0.965399,0.679344,-0.0273438,0.0206299,0.838172
199,0.957031,0.0368652,0.201172,0.53125,0.0385204,0.515364,0.402204,0.570229,0.48693,0.99003,0.462569,0.26377,0.276006,0.0024922,0,0,0,0,0,-0.0159153,-0.00640121,0.299948,0.369459,0.974867,0.680136,-0.0429688,0.0368652,0.924306
200,1.04688,0.12793,-0.00534058,0.291016,0.122201,0.54863,0.483764,0.655392,0.663566,0.898485,0.574169,0.376305,0.00989988,0.00197246,0,0,0,0,0,-0.0343928,-0.016638,0.522197,0.403465,0.955253,0.680857,0.046875,0.12793,0.776797
201,0.9375,-0.0771484,-0.523438,0.503906,-0.0822917,0.467207,0.337365,0.520199,0.384423,1.10733,0.695192,0.361639,0.737378,0.00339332,0,0,0,0,0,0.0113584,0.00383192,0.142435,0.434306,0.932609,0.690985,-0.0625,-0.0771484,1.20299
202,1.01562,0.036377,-0.175781,0.683594,0.0358173,0.514286,0.425457,0.604174,0.546039,1.06315,0.417169,0.252043,0.212605,0.00236837,0,0,0,0,0,-0.0224368,-0.0095459,0.468874,0.353042,0.986063,0.674681,0.015625,0.036377,0.781118
203,1.03906,-0.0253906,0.476562,0.59375,-0.0244361,0.490252,0.403971,0.596487,0.518989,0.975427,0.608741,0.363106,0.618469,0.00316107,0,0,0,0,0,-0.00172123,-0.000695328,0.0246498,0.411736,0.943421,0.699351,0.0390625,-0.0253906,1.07073
204,1.11719,0.244141,0.578125,0.570312,0.218531,0.586492,0.576744,0.735047,0.872928,1.00506,0.626414,0.460444,0.765535,0.00344831,0,0,0,0,0,-0.0489284,-0.0282192,0.680936,0.533943,0.865171,0.681824,0.117188,0.244141,1.1486
205,0.953125,0.0354004,0.601562,0.324219,0.0371414,0.514814,0.399906,0.567438,0.481911,0.875196,0.547524,0.310686,1.05648,0.00401656,0,0,0,0,0,-0.0178951,-0.00715637,0.28493,0.415983,0.942226,0.695585,-0.046875,0.0354004,1.10722
206,1.03906,0.168945,-0.427734,0.527344,0.162594,0.564581,0.501139,0.666141,0.694884,0.99262,0.679234,0.452466,0.589016,0.00310355,0,0,0,0,0,-0.0377656,-0.0189258,0.484712,0.455348,0.918722,0.692024,0.0390625,0.168945,1.23576
207,1.125,-0.139648,-0.863281,0.472656,-0.124132,0.450605,0.381303,0.609239,0.516565,1.0123,0.72119,0.439377,1.25568,0.00440563,0,0,0,0,0,0.00360941,0.00137628,0.0436308,0.68257,0.730828,0.72746,0.125,-0.139648,1.42805
208,1.01562,-0.0236816,-0.367188,0.523438,-0.0233173,0.490699,0.395427,0.583417,0.496738,1.1045,0.619305,0.361313,0.507523,0.00294438,0,0,0,0,0,0.00456037,0.00180329,0.0641951,0.385907,0.962301,0.688536,0.015625,-0.0236816,1.16348
209,1.09375,-0.00323486,-0.130859,0.296875,-0.00295759,0.49882,0.436979,0.635894,0.595312,0.953607,0.749994,0.476917,0.24017,0.00242221,0,0,0,0,0,-0.0107142,-0.00468189,0.12454,0.533943,0.853779,0.735316,0.09375,-0.00323486,1.24483
210,1.03125,0.0444336,-0.000583649,0.361328,0.0430871,0.517184,0.43575,0.616114,0.569475,0.862165,0.601113,0.370354,0.000970958,0.00195502,0,0,0,0,0,-0.027918,-0.0121653,0.404888,0.412797,0.944824,0.69364,0.03125,0.0444336,1.2482
211,0.992188,-0.00402832,0.457031,0.617188,-0.00406004,0.49838,0.395855,0.576471,0.489021,1.06452,0.677287,0.390436,0.581751,0.00308936,0,0,0,0,0,-0.0168606,-0.00667434,0.217023,0.376099,0.957222,0.716961,-0.0078125,-0.00402832,1.01007
212,1.01562,-0.081543,0.878906,0.53125,-0.0802885,0.468004,0.366497,0.564209,0.452652,1.07981,0.715943,0.403942,1.20585,0.0043083,0,0,0,0,0,0.00259615,0.000951481,0.0316125,0.397981,0.954462,0.691048,0.015625,-0.081543,1.08648
213,1,0.0412598,-0.388672,0.332031,0.0412598,0.516456,0.421632,0.596798,0.533942,0.80539,0.46216,0.275816,0.674518,0.00327054,0,0,0,0,0,-0.0144039,-0.00607315,0.271703,0.461314,0.915445,0.689944,0,0.0412598,0.864439
214,0.996094,-0.052002,-0.024292,0.449219,-0.0522059,0.479182,0.373435,0.562545,0.455911,1.02204,0.567511,0.31925,0.0362438,0.00202391,0,0,0,0,0,-0.00267551,-0.000999128,0.0410997,0.393948,0.960496,0.681663,-0.00390625,-0.052002,0.985643
215,1.0625,0.124512,0.492188,0.392578,0.117188,0.546644,0.488321,0.66321,0.678305,0.993903,0.527017,0.349523,0.785539,0.00348738,0,0,0,0,0,-0.0364421,-0.0177954,0.602818,0.406486,0.952571,0.683086,0.0625,0.124512,0.806139
216,1.09375,-0.0883789,-0.408203,0.375,-0.0808036,0.467799,0.394407,0.607427,0.524525,1.06556,0.796088,0.483566,0.666593,0.00325506,0,0,0,0,0,0.0104453,0.00411972,0.114385,0.464326,0.90427,0.721781,0.09375,-0.0883789,1.1156
217,0.933594,0.0395508,-0.707031,0.425781,0.042364,0.516896,0.394149,0.557531,0.466194,0.901327,0.494784,0.275858,1.08354,0.00406942,0,0,0,0,0,-0.0141015,-0.0055581,0.248461,0.517293,0.872158,0.704075,-0.0664062,0.0395508,0.775616
218,0.953125,0.0463867,0.460938,0.267578,0.048668,0.519408,0.405399,0.571323,0.490758,0.874929,0.529031,0.302248,0.89108,0.00369352,0,0,0,0,0,-0.020159,-0.00817242,0.332196,0.425648,0.940315,0.684644,-0.046875,0.0463867,0.822083
219,0.992188,0.0593262,0.8125,0.601562,0.0597933,0.52384,0.427533,0.598667,0.541186,0.972123,0.59379,0.355482,1.04757,0.00399916,0,0,0,0,0,-0.0310549,-0.013277,0.455937,0.410588,0.947501,0.689936,-0.0078125,0.0593262,1.03859
220,0.960938,-0.108887,-0.141602,0.371094,-0.113313,0.454891,0.330895,0.523661,0.383712,0.772715,0.609204,0.319016,0.232448,0.00240713,0,0,0,0,0,0.0112041,0.00370739,0.160333,0.510738,0.867586,0.751148,-0.0390625,-0.108887,1.07794
221,0.984375,0.0458984,0.0203857,0.527344,0.046627,0.518595,0.417686,0.589342,0.521786,1.00494,0.483332,0.284848,0.0280724,0.00200795,0,0,0,0,0,-0.0256226,-0.0107022,0.462152,0.378329,0.970513,0.678917,-0.015625,0.0458984,1.02395
222,1.01562,0.0151978,-0.255859,0.457031,0.0149639,0.50597,0.414867,0.596764,0.528242,0.971571,0.412013,0.245874,0.378467,0.00269232,0,0,0,0,0,-0.0241739,-0.0100289,0.511496,0.398629,0.960805,0.674359,0.015625,0.0151978,0.759496
223,1.01562,-0.107422,0.59375,0.310547,-0.105769,0.457883,0.353557,0.555891,0.434018,0.884801,0.652337,0.362628,1.06547,0.00403412,0,0,0,0,0,0.00865354,0.00305952,0.115645,0.501246,0.874922,0.745555,0.015625,-0.107422,1.14851
224,1.08594,0.169922,-1.14844,0.667969,0.156475,0.562171,0.520424,0.693696,0.752056,1.00927,0.573665,0.397949,1.40517,0.0046976,0,0,0,0,0,-0.0523196,-0.0272284,0.795084,0.369424,0.977275,0.674719,0.0859375,0.169922,0.846305
225,1.01562,0.123535,-0.570312,0.515625,0.121635,0.548406,0.469036,0.635615,0.624001,0.790069,0.517181,0.328728,0.794229,0.00350435,0,0,0,0,0,-0.0415938,-0.019509,0.701121,0.358251,0.981552,0.678587,0.015625,0.123535,0.899558
226,1.09375,0.134766,-0.964844,0.441406,0.123214,0.549031,0.505979,0.685147,0.725441,0.755509,0.525338,0.359933,1.45224,0.00478953,0,0,0,0,0,-0.0401941,-0.0203374,0.667008,0.377092,0.969658,0.682543,0.09375,0.134766,1.02286
227,0.984375,-0.0169678,-0.507812,0.427734,-0.0172371,0.493124,0.386253,0.567498,0.471245,0.977246,0.489599,0.277846,0.776455,0.00346964,0,0,0,0,0,-0.00819176,-0.00316409,0.145863,0.430417,0.937139,0.685171,-0.015625,-0.0169678,0.806323
228,1.0625,0.181641,0.455078,0.78125,0.170956,0.567871,0.516885,0.684515,0.735731,1.10101,0.749784,0.513238,0.514862,0.00295872,0,0,0,0,0,-0.0172142,-0.00889778,0.200151,0.753972,0.660622,0.730589,0.0625,0.181641,1.28699
229,1.02344,0.0605469,-0.957031,0.373047,0.0591603,0.523588,0.440674,0.617291,0.575242,1.03302,0.502074,0.309926,1.56691,0.0050135,0,0,0,0,0,-0.0252984,-0.0111483,0.43927,0.433849,0.938086,0.676878,0.0234375,0.0605469,0.905837
230,1.02344,0.104004,-0.300781,0.65625,0.101622,0.540472,0.462403,0.632986,0.614487,1.0662,0.803965,0.508898,0.371292,0.00267831,0,0,0,0,0,-0.0305741,-0.0141376,0.331531,0.409844,0.939223,0.715364,0.0234375,0.104004,1.00427
231,1.04688,0.126953,0.347656,0.691406,0.121269,0.548261,0.483276,0.655031,0.662622,0.956615,0.490682,0.321412,0.418103,0.00276973,0,0,0,0,0,-0.0347562,-0.0167968,0.617504,0.377172,0.972226,0.676451,0.046875,0.126953,0.795672
232,1.32031,0.240234,-0.00167084,0.373047,0.181953,0.57219,0.650815,0.855163,1.15486,0.921385,0.993389,0.84951,0.0027356,0.00195847,0,0,0,0,0,-0.0635908,-0.0413858,0.558061,0.531622,0.863433,0.695685,0.320312,0.240234,1.68661
233,0.925781,0.0307617,-1.49219,0.738281,0.0332278,0.513254,0.386621,0.549884,0.451849,1.01627,0.474287,0.260803,1.73665,0.00534502,0,0,0,0,0,-0.0200482,-0.00775108,0.368504,0.387568,0.964439,0.680976,-0.0742188,0.0307617,0.963622
234,0.980469,0.0534668,-1.07812,0.5,0.0545319,0.521744,0.419904,0.589757,0.524132,1.01102,0.383224,0.226009,1.5247,0.00493105,0,0,0,0,0,-0.0291514,-0.0122408,0.663153,0.375537,0.973725,0.675114,-0.0195312,0.0534668,0.948777
235,0.984375,0.0922852,-0.142578,0.753906,0.09375,0.537346,0.440879,0.606001,0.561612,1.08329,0.62932,0.381369,0.164208,0.00227384,0,0,0,0,0,-0.0224561,-0.00990044,0.311078,0.393512,0.958255,0.687877,-0.015625,0.0922852,0.864865
236,1.0625,-0.148438,0.0290527,0.550781,-0.139706,0.444446,0.351846,0.570251,0.448982,1.08288,0.801088,0.456821,0.0391469,0.00202958,0,0,0,0,0,0.0181424,0.00638335,0.197434,0.417869,0.939338,0.700652,0.0625,-0.148438,1.47185
237,0.992188,-0.0371094,-0.257812,0.318359,-0.0374016,0.485082,0.379315,0.565241,0.463377,1.08994,0.677896,0.383175,0.456925,0.00284556,0,0,0,0,0,0.00844092,0.00320177,0.108551,0.414078,0.946637,0.686672,-0.0078125,-0.0371094,1.07764
238,0.945312,-0.09375,0.123535,0.410156,-0.0991736,0.4605,0.332198,0.519395,0.380126,0.966695,0.575941,0.299141,0.192893,0.00232987,0,0,0,0,0,0.0169692,0.00563712,0.256856,0.416007,0.943518,0.691947,-0.0546875,-0.09375,1.02908
239,0.980469,-0.102539,0.349609,0.474609,-0.104582,0.458354,0.341901,0.537019,0.405286,1.05311,0.617063,0.331375,0.507475,0.00294429,0,0,0,0,0,0.0122106,0.00417482,0.172511,0.394929,0.959859,0.681833,-0.0195312,-0.102539,1.26899
240,0.960938,0.0281982,0.953125,0.71875,0.0293445,0.511705,0.399437,0.569455,0.48383,1.04011,0.711972,0.405436,1.12424,0.00414892,0,0,0,0,0,-0.00921001,-0.00367882,0.112773,0.400797,0.952501,0.691932,-0.0390625,0.0281982,1.08144
241,0.898438,-0.228516,-0.777344,0.800781,-0.254348,0.399613,0.255816,0.445991,0.26435,1.18582,0.740723,0.330356,0.868673,0.00364975,0,0,0,0,0,0.027891,0.00713494,0.328257,0.38691,0.954137,0.709032,-0.101562,-0.228516,1.2791
242,1.03125,-0.15625,0.376953,0.447266,-0.151515,0.439785,0.335409,0.549743,0.414716,1.1178,0.905294,0.497679,0.563644,0.00305399,0,0,0,0,0,0.0207922,0.00697389,0.200225,0.385082,0.954984,0.709459,0.03125,-0.15625,1.37549
243,0.957031,0.0488281,-0.408203,0.484375,0.0510204,0.520345,0.408186,0.574464,0.496624,1.02212,0.546027,0.313673,0.586524,0.00309868,0,0,0,0,0,-0.0228886,-0.0093428,0.365436,0.390627,0.9612,0.684623,-0.0429688,0.0488281,0.947616
244,1.08594,0.24707,-0.511719,0.886719,0.227518,0.58999,0.566833,0.717272,0.835778,1.11257,0.91481,0.656167,0.543423,0.0030145,0,0,0,0,0,-0.00572961,-0.00324773,0.0546011,0.817893,0.595009,0.746618,0.0859375,0.24707,1.21112
245,0.898438,-0.182617,-0.384766,0.441406,-0.203261,0.419466,0.272451,0.462998,0.288596,0.962328,0.780521,0.36138,0.579131,0.00308424,0,0,0,0,0,0.0297456,0.0081042,0.332234,0.436741,0.919674,0.72851,-0.101562,-0.182617,1.14523
246,0.886719,0.0219727,0.617188,0.318359,0.0247797,0.509885,0.366563,0.524056,0.409002,0.865822,0.417256,0.218665,1.09385,0.00408955,0,0,0,0,0,-0.0192322,-0.00704982,0.401822,0.428547,0.937896,0.686297,-0.113281,0.0219727,0.851187
247,0.816406,-0.183594,0.304688,0.558594,-0.22488,0.411036,0.241178,0.414136,0.229675,1.01633,0.666279,0.27593,0.407668,0.00274935,0,0,0,0,0,0.0231281,0.00557798,0.302615,0.425004,0.937827,0.692576,-0.183594,-0.183594,1.14088
248,0.898438,-0.0286865,0.429688,0.824219,-0.0319293,0.487264,0.345932,0.513485,0.383336,1.07477,0.535543,0.274993,0.473295,0.00287753,0,0,0,0,0,-0.0144678,-0.00500489,0.235513,0.363464,0.976537,0.68374,-0.101562,-0.0286865,0.831102
249,0.902344,-0.108398,1.03906,0.386719,-0.12013,0.45219,0.307643,0.489793,0.334541,0.923399,0.598868,0.293321,1.67088,0.00521655,0,0,0,0,0,0.00260565,0.000801608,0.0379307,0.416514,0.938151,0.706611,-0.0976562,-0.108398,0.972021
250,1.08594,0.0678711,-0.078125,0.582031,0.0625,0.524918,0.469399,0.656284,0.651044,1.03157,0.572684,0.375843,0.102404,0.00215313,0,0,0,0,0,-0.0381628,-0.0179136,0.580941,0.425522,0.942804,0.678325,0.0859375,0.0678711,0.758935
251,0.976562,-0.0412598,0.472656,0.601562,-0.04225,0.48315,0.370974,0.554754,0.445373,0.981749,0.678356,0.376321,0.609404,0.00314337,0,0,0,0,0,0.00167546,0.00062155,0.0215319,0.410666,0.939012,0.714534,-0.0234375,-0.0412598,1.16215
252,1.10938,0.161133,-1.91406,0.498047,0.145246,0.557742,0.525428,0.704008,0.771702,0.990583,0.586121,0.412634,2.7122,0.00725038,0,0,0,0,0,-0.0475465,-0.0249823,0.707194,0.35322,0.986304,0.673959,0.109375,0.161133,0.79171
253,1.05469,0.108398,0.273438,0.84375,0.102778,0.54093,0.477131,0.652759,0.653748,0.943145,0.617167,0.402861,0.297681,0.00253453,0,0,0,0,0,-0.0339608,-0.0162038,0.479714,0.39314,0.955018,0.696912,0.0546875,0.108398,0.960204
254,1.09375,0.133789,-0.116211,0.542969,0.122321,0.548678,0.505491,0.684786,0.724453,0.958452,0.546446,0.374199,0.15771,0.00226115,0,0,0,0,0,-0.0432745,-0.0218749,0.690384,0.360932,0.982062,0.674301,0.09375,0.133789,0.753807
255,1.13281,0.0805664,-0.734375,0.419922,0.0711207,0.528349,0.494544,0.688114,0.718074,0.924729,0.901222,0.620143,1.13327,0.00416654,0,0,0,0,0,-0.036136,-0.0178708,0.349555,0.502864,0.875304,0.73736,0.132812,0.0805664,1.16415
256,1.05469,-0.065918,-0.652344,0.738281,-0.0625,0.475082,0.389973,0.592046,0.502598,1.16695,0.785925,0.465304,0.759216,0.00343597,0,0,0,0,0,0.00823458,0.00321126,0.0913413,0.659777,0.752219,0.785975,0.0546875,-0.065918,1.21724
257,1.00781,0.0344238,0.166992,0.523438,0.034157,0.513624,0.421347,0.598937,0.536259,0.989053,0.417383,0.249986,0.230815,0.00240394,0,0,0,0,0,-0.01755,-0.00739463,0.366563,0.352633,0.985776,0.67577,0.0078125,0.0344238,0.888591
258,1.04688,-0.00964355,-0.291016,0.414062,-0.00921175,0.496325,0.414978,0.606397,0.539923,0.923211,0.554979,0.336538,0.452255,0.00283644,0,0,0,0,0,-0.0126211,-0.00523746,0.198256,0.42102,0.943519,0.68374,0.046875,-0.00964355,1.00664
259,1.03906,0.0673828,-1.21094,0.265625,0.0648496,0.525853,0.450358,0.628829,0.598248,0.961877,0.710071,0.446513,2.34956,0.00654212,0,0,0,0,0,-0.0176886,-0.00796618,0.217169,0.511765,0.880483,0.687732,0.0390625,0.0673828,1.21928
260,0.941406,-0.123535,0.398438,0.492188,-0.131224,0.447799,0.315739,0.507732,0.357483,1.10572,0.645318,0.327649,0.56793,0.00306236,0,0,0,0,0,0.0164458,0.00519256,0.222171,0.401825,0.952133,0.691325,-0.0585938,-0.123535,0.978093
261,0.882812,0.0454102,0.746094,0.443359,0.0514381,0.520512,0.376715,0.530044,0.422861,0.935756,0.494656,0.26219,1.12051,0.00414162,0,0,0,0,0,-0.0186727,-0.0070343,0.329088,0.431798,0.936324,0.685022,-0.117188,0.0454102,0.805426
262,1.08594,0.164062,0.117676,0.730469,0.151079,0.560043,0.517495,0.691501,0.745975,1.09258,0.531442,0.367493,0.137685,0.00222204,0,0,0,0,0,-0.0469568,-0.0242999,0.770282,0.338882,0.993158,0.675033,0.0859375,0.164062,0.944073
263,1.02344,0.010498,-0.898438,0.808594,0.0102576,0.504092,0.41565,0.599683,0.532384,0.962599,0.590852,0.354324,0.999132,0.00390455,0,0,0,0,0,-0.0198037,-0.00823141,0.292196,0.370266,0.965311,0.702782,0.0234375,0.010498,1.05731
264,1.28906,0.242188,-0.00964355,0.65625,0.187879,0.574514,0.640281,0.837035,1.11059,0.84279,0.878197,0.735082,0.0119043,0.00197638,0,0,0,0,0,-0.0619563,-0.0396695,0.615035,0.600138,0.806557,0.703117,0.289062,0.242188,1.20424
265,1.01562,-0.0717773,0.00692749,0.365234,-0.0706731,0.471829,0.371379,0.567393,0.459858,1.08736,0.573318,0.325297,0.0114628,0.00197551,0,0,0,0,0,0.0103752,0.00385313,0.157763,0.375152,0.971748,0.680144,0.015625,-0.0717773,0.965536
266,1.08594,0.163086,-0.0201416,0.443359,0.15018,0.559689,0.517006,0.691136,0.744965,0.923146,0.526803,0.364093,0.0302494,0.00201221,0,0,0,0,0,-0.0419677,-0.0216976,0.694502,0.365945,0.978479,0.676259,0.0859375,0.163086,0.927732
267,1.02344,-0.200195,0.117188,0.34375,-0.195611,0.422457,0.313194,0.530357,0.37937,1.06629,0.877615,0.46545,0.199876,0.00234351,0,0,0,0,0,0.0289785,0.00907592,0.287859,0.402775,0.94557,0.70823,0.0234375,-0.200195,1.57535
268,0.878906,-0.0913086,0.466797,0.332031,-0.103889,0.458629,0.306789,0.481586,0.326044,1.10333,0.638733,0.307605,0.8101,0.00353535,0,0,0,0,0,0.00387393,0.00118848,0.0528736,0.391283,0.95907,0.689037,-0.121094,-0.0913086,1.16724
269,1.00781,0.135742,0.204102,0.542969,0.13469,0.553571,0.472006,0.635596,0.626772,0.888924,0.541527,0.344193,0.276987,0.00249411,0,0,0,0,0,-0.0351577,-0.0165946,0.565987,0.451886,0.920674,0.692987,0.0078125,0.135742,0.90859
270,0.949219,-0.0178223,0.773438,0.542969,-0.0187757,0.49251,0.371728,0.546734,0.437099,0.984854,0.628941,0.343863,1.04963,0.00400319,0,0,0,0,0,-0.00443507,-0.00164864,0.0614749,0.441274,0.924394,0.702523,-0.0507812,-0.0178223,0.903032
271,1.05469,-0.139648,-0.558594,0.570312,-0.132407,0.447331,0.353108,0.568441,0.44781,1.04762,0.702379,0.399261,0.739673,0.0033978,0,0,0,0,0,0.0138076,0.00487557,0.171377,0.461012,0.90298,0.73593,0.0546875,-0.139648,1.16035
272,2.17188,0.209961,0.554688,0.237305,0.0966727,0.538507,0.975907,1.33936,2.74628,1.06924,1.77744,2.38064,1.13866,0.00417708,0,0,0,0,0,-0.0599948,-0.0585494,0.294256,0.820821,0.582156,0.69464,1.17188,0.209961,3.45655
273,0.910156,0.0458984,0.761719,0.730469,0.0504292,0.52011,0.387924,0.546136,0.448749,1.14039,0.445431,0.243266,0.891238,0.00369382,0,0,0,0,0,-0.0253836,-0.00984691,0.496797,0.364001,0.979721,0.675829,-0.0898438,0.0458984,0.84856
274,1.03125,0.0761719,-0.5,0.722656,0.0738636,0.529441,0.45162,0.627438,0.597639,1.02955,0.452276,0.283775,0.588172,0.0031019,0,0,0,0,0,-0.0327761,-0.0148023,0.631771,0.345486,0.990086,0.674443,0.03125,0.0761719,0.904018
275,0.898438,-0.0583496,0.769531,0.470703,-0.0649457,0.474109,0.331101,0.503613,0.363253,1.05498,0.564291,0.284184,1.12164,0.00414382,0,0,0,0,0,-0.00732808,-0.00242633,0.113212,0.40089,0.95434,0.686986,-0.101562,-0.0583496,1.06848
276,1.05469,-0.100586,-0.910156,0.34375,-0.0953704,0.46201,0.372639,0.580775,0.47616,0.929377,0.770595,0.447543,1.55237,0.00498509,0,0,0,0,0,0.00388708,0.00144848,0.0439748,0.464403,0.902477,0.728882,0.0546875,-0.100586,1.26415
277,0.964844,-0.00256348,-1.66406,0.492188,-0.00265688,0.49894,0.385623,0.561049,0.463481,1.0494,0.707006,0.396665,2.37194,0.00658583,0,0,0,0,0,-0.0099939,-0.00385388,0.123231,0.395794,0.953537,0.696855,-0.0351562,-0.00256348,1.18678
278,0.980469,0.0127563,-0.46875,0.451172,0.0130105,0.50519,0.399548,0.575441,0.490772,0.975076,0.727695,0.418746,0.697863,0.00331614,0,0,0,0,0,-0.0292567,-0.0116895,0.350496,0.378339,0.952212,0.728945,-0.0195312,0.0127563,1.35436
279,1.10938,-0.163086,-0.0703125,0.427734,-0.147007,0.441563,0.363319,0.592919,0.483553,1.03214,0.820649,0.486578,0.107509,0.0021631,0,0,0,0,0,0.017941,0.00651832,0.190589,0.415765,0.938935,0.705569,0.109375,-0.163086,1.1411
280,0.988281,-0.0629883,-0.439453,0.455078,-0.0637352,0.474591,0.364809,0.554367,0.440409,0.915813,0.532037,0.294944,0.651433,0.00322545,0,0,0,0,0,0.00614698,0.00224247,0.100723,0.430421,0.934233,0.69329,-0.0117188,-0.0629883,1.01182
281,0.949219,-0.0209961,-0.679688,0.429688,-0.0221193,0.491176,0.370141,0.545656,0.434745,1.04402,0.407047,0.222108,1.03689,0.0039783,0,0,0,0,0,-0.00938097,-0.00347228,0.200914,0.362091,0.978994,0.679762,-0.0507812,-0.0209961,0.880122
282,0.902344,-0.060791,0.404297,0.808594,-0.0673701,0.473144,0.331446,0.505084,0.364966,0.939249,0.574321,0.29008,0.449609,0.00283127,0,0,0,0,0,-0.0143923,-0.00477028,0.218465,0.407135,0.946486,0.698304,-0.0976562,-0.060791,1.03096
283,1.01562,0.0581055,-0.863281,0.330078,0.0572115,0.522812,0.436321,0.611873,0.564764,1.01118,0.488957,0.299179,1.5026,0.00488789,0,0,0,0,0,-0.0282852,-0.0123414,0.504308,0.376419,0.972982,0.675687,0.015625,0.0581055,0.692269
284,0.945312,-0.0327148,0.110352,0.265625,-0.0346074,0.486196,0.362715,0.539424,0.42254,0.792846,0.628869,0.339227,0.214113,0.00237132,0,0,0,0,0,0.00521002,0.00188975,0.0722248,0.481936,0.887648,0.745591,-0.0546875,-0.0327148,1.01928
285,1.11719,0.0922852,-0.10791,0.757812,0.0826049,0.532917,0.494137,0.683247,0.710999,1.17195,0.621938,0.424937,0.12396,0.00219523,0,0,0,0,0,-0.0270165,-0.0133499,0.378694,0.36402,0.979318,0.676706,0.117188,0.0922852,0.893933
286,1.23438,0.103516,0.0737305,1.32812,0.0838608,0.533416,0.546745,0.755477,0.869676,1.08707,0.699642,0.528564,0.0639775,0.00207808,0,0,0,0,0,-0.0490722,-0.02683,0.611458,0.388883,0.963113,0.682369,0.234375,0.103516,1.10422
287,1.21094,0.273438,-0.878906,0.738281,0.225806,0.589324,0.630759,0.799242,1.03664,0.944255,0.705797,0.564102,1.0229,0.00395097,0,0,0,0,0,-0.0639568,-0.0403413,0.789976,0.361753,0.981779,0.673956,0.210938,0.273438,1.04004
288,1.03906,-0.0162354,-0.408203,0.636719,-0.015625,0.493767,0.408549,0.599596,0.526428,0.961732,0.748892,0.449033,0.511567,0.00295228,0,0,0,0,0,-0.01149,-0.00469421,0.133754,0.49812,0.880405,0.727969,0.0390625,-0.0162354,1.20847
289,1.13281,-0.208008,-0.065918,0.335938,-0.183621,0.427156,0.351588,0.592165,0.474273,0.935328,0.755864,0.447596,0.11373,0.00217525,0,0,0,0,0,0.0392049,0.013784,0.452172,0.551878,0.846169,0.702744,0.132812,-0.208008,1.07448
290,1.03125,0.0830078,1.03906,0.699219,0.0804924,0.532077,0.455038,0.629903,0.603836,1.07713,0.455052,0.286638,1.24261,0.0043801,0,0,0,0,0,-0.0251463,-0.0114425,0.481748,0.43172,0.939511,0.676714,0.03125,0.0830078,1.04
291,0.964844,0.101562,1.53906,0.441406,0.105263,0.541917,0.437686,0.59803,0.549209,0.923407,0.503778,0.301274,2.31653,0.00647759,0,0,0,0,0,-0.0366481,-0.0160403,0.634189,0.411152,0.949005,0.68508,-0.0351562,0.101562,0.868148
292,1.07031,-0.12207,-0.170898,0.408203,-0.114051,0.454599,0.368163,0.583015,0.47545,1.00073,0.843518,0.491783,0.267485,0.00247556,0,0,0,0,0,0.00300257,0.00110543,0.0310317,0.440013,0.916294,0.734067,0.0703125,-0.12207,1.38931
293,1.11719,0.15918,-1.1875,0.511719,0.142483,0.556651,0.527585,0.707814,0.779346,0.978275,0.598808,0.423845,1.66004,0.00519539,0,0,0,0,0,-0.048511,-0.0255937,0.706252,0.408857,0.953852,0.676367,0.117188,0.15918,0.779153
294,1.02344,0.0112915,0.0463867,0.503906,0.0110329,0.504401,0.416047,0.599958,0.533044,1.00169,0.700326,0.420166,0.065346,0.00208075,0,0,0,0,0,-0.014453,-0.00601314,0.179914,0.511557,0.869141,0.738389,0.0234375,0.0112915,0.969644
295,0.984375,0.0483398,0.507812,1.05469,0.0491071,0.519583,0.418907,0.590208,0.523828,0.998606,0.46091,0.272033,0.494472,0.00291889,0,0,0,0,0,-0.0240756,-0.0100854,0.455373,0.35434,0.984838,0.675867,-0.015625,0.0483398,0.709131
296,0.9375,-0.00720215,0.224609,0.707031,-0.00768229,0.496935,0.372339,0.543533,0.434064,0.956929,0.482482,0.262245,0.267121,0.00247485,0,0,0,0,0,-0.0110235,-0.00410446,0.199179,0.437308,0.932622,0.685596,-0.0625,-0.00720215,0.960034
297,0.867188,0.0761719,0.143555,0.486328,0.0878378,0.534997,0.38583,0.531996,0.431885,0.991271,0.385746,0.205215,0.205851,0.00235518,0,0,0,0,0,-0.0217701,-0.00839954,0.492,0.359289,0.982377,0.675534,-0.132812,0.0761719,0.90355
298,0.890625,0.0805664,0.84375,0.816406,0.0904605,0.536039,0.397426,0.547222,0.457399,1.12781,0.748319,0.409497,0.933815,0.00377698,0,0,0,0,0,-0.00431819,-0.00171616,0.0503062,0.392196,0.951095,0.709435,-0.109375,0.0805664,0.984504
299,1.03125,0.0246582,-0.279297,0.464844,0.023911,0.509538,0.425863,0.609161,0.552436,0.952174,0.700231,0.426554,0.40965,0.00275322,0,0,0,0,0,-0.0162632,-0.0069259,0.202475,0.415925,0.933196,0.723797,0.03125,0.0246582,1.03356
300,1.05469,0.129883,-0.488281,0.628906,0.123148,0.549005,0.487874,0.660651,0.674481,0.987595,0.497451,0.328642,0.615711,0.00315569,0,0,0,0,0,-0.037892,-0.0184865,0.664054,0.385418,0.966968,0.677877,0.0546875,0.129883,0.920663
301,1.00781,0.10791,-0.796875,0.613281,0.107074,0.542635,0.45809,0.625331,0.600886,1.01987,0.450965,0.282003,1.01756,0.00394055,0,0,0,0,0,-0.034886,-0.015981,0.674397,0.372118,0.97569,0.674954,0.0078125,0.10791,0.893151
302,0.914062,-0.0181885,0.851562,0.527344,-0.0198985,0.492062,0.357447,0.526135,0.404587,0.99036,0.623924,0.328268,1.17265,0.00424346,0,0,0,0,0,0.0077097,0.00275581,0.107724,0.435491,0.928064,0.702331,-0.0859375,-0.0181885,0.954231
303,1.03906,0.15918,-0.251953,0.664062,0.153195,0.560878,0.496256,0.662476,0.685144,1.01459,0.540914,0.358343,0.309183,0.002557,0,0,0,0,0,-0.0322189,-0.0159888,0.519265,0.440032,0.927897,0.694186,0.0390625,0.15918,0.788793
304,1.05469,0.0673828,0.914062,0.486328,0.0638889,0.525471,0.456624,0.637922,0.61545,1.02405,0.619456,0.395164,1.31072,0.00451313,0,0,0,0,0,-0.0286271,-0.0130718,0.402879,0.397233,0.95955,0.679318,0.0546875,0.0673828,0.96926
305,1.14062,0.244141,0.474609,1.15625,0.214041,0.584742,0.585578,0.749014,0.903923,0.978064,0.72423,0.542459,0.441378,0.00281519,0,0,0,0,0,-0.0450962,-0.0264073,0.542838,0.528393,0.859459,0.725784,0.140625,0.244141,1.24126
306,0.945312,-0.0532227,0.789062,0.601562,-0.0563017,0.477551,0.352461,0.532583,0.407874,1.05731,0.669871,0.356762,1.01735,0.00394014,0,0,0,0,0,0.0087208,0.00307374,0.113494,0.398902,0.954567,0.689385,-0.0546875,-0.0532227,0.940297
307,1.00781,0.0145264,0.316406,0.574219,0.0144138,0.50575,0.411398,0.591981,0.51969,0.988873,0.615858,0.364576,0.417548,0.00276865,0,0,0,0,0,-0.00989354,-0.00407019,0.140048,0.361629,0.97382,0.69257,0.0078125,0.0145264,1.0051
308,0.96875,-0.0180664,0.683594,0.462891,-0.0186492,0.49256,0.379438,0.558025,0.455365,0.966458,0.637385,0.355677,1.00475,0.00391553,0,0,0,0,0,-0.00226176,-0.000858199,0.0309352,0.452877,0.921163,0.689562,-0.03125,-0.0180664,0.970873
309,0.933594,-0.0620117,-0.107422,0.486328,-0.0664226,0.473521,0.343367,0.522866,0.39129,0.968132,0.783301,0.409562,0.154038,0.00225398,0,0,0,0,0,0.00176294,0.000605337,0.0196208,0.449919,0.914412,0.718005,-0.0664062,-0.0620117,1.25427
310,1,0.0820312,0.498047,0.453125,0.0820312,0.532689,0.442018,0.611371,0.569154,0.974255,0.596291,0.364555,0.73988,0.0033982,0,0,0,0,0,-0.0166843,-0.00737477,0.243926,0.557712,0.840122,0.710323,0,0.0820312,0.956807
311,1.46875,0.363281,-0.123535,0.546875,0.24734,0.597678,0.785214,0.978526,1.57407,0.947408,1.01273,0.990978,0.16705,0.00227939,0,0,0,0,0,-0.0721165,-0.0566269,0.620797,0.615244,0.797416,0.677426,0.46875,0.363281,1.56033
312,0.921875,0.0220947,-0.451172,0.359375,0.0239672,0.509561,0.380721,0.544571,0.441507,1.02741,0.474392,0.25834,0.752607,0.00342306,0,0,0,0,0,-0.0196449,-0.00747922,0.36101,0.436255,0.93352,0.684967,-0.078125,0.0220947,0.847529
313,0.9375,-0.0354004,0.0505371,0.474609,-0.0377604,0.484939,0.35824,0.533973,0.413463,1.00397,0.530574,0.283312,0.0733571,0.0020964,0,0,0,0,0,0.0192535,0.00689737,0.316352,0.470652,0.909688,0.688223,-0.0625,-0.0354004,1.17374
314,0.992188,0.0427246,-1.35938,0.585938,0.043061,0.517174,0.419232,0.592767,0.527128,0.897675,0.549081,0.325477,1.77588,0.00542164,0,0,0,0,0,-0.0135603,-0.00568491,0.215298,0.393484,0.956351,0.692843,-0.0078125,0.0427246,0.993584
315,1.03906,0.050293,0.158203,0.515625,0.0484023,0.519302,0.441813,0.622738,0.583001,1.10505,0.764601,0.476146,0.220317,0.00238343,0,0,0,0,0,-0.0136204,-0.00601768,0.155297,0.413626,0.940623,0.704279,0.0390625,0.050293,1.16609
316,1.08594,0.148438,0.192383,0.470703,0.136691,0.554362,0.509682,0.685674,0.729925,0.921388,0.569177,0.39027,0.28041,0.0025008,0,0,0,0,0,-0.0398006,-0.0202857,0.609606,0.366415,0.978634,0.675344,0.0859375,0.148438,0.75418
317,0.980469,-0.00787354,-0.664062,0.472656,-0.00803038,0.496796,0.389234,0.568328,0.474499,0.920861,0.545162,0.309831,0.965909,0.00383967,0,0,0,0,0,-0.00847749,-0.00329972,0.135565,0.372589,0.969612,0.688595,-0.0195312,-0.00787354,0.988356
318,0.953125,0.0172119,-0.652344,0.671875,0.0180584,0.507204,0.390811,0.561066,0.467529,1.15026,0.615257,0.3452,0.795852,0.00350752,0,0,0,0,0,-0.014481,-0.00565934,0.205186,0.383599,0.963038,0.689927,-0.046875,0.0172119,1.01893
319,1.00781,-0.050293,0.0213623,0.453125,-0.0499031,0.4801,0.378989,0.569934,0.468457,0.885402,0.599404,0.341621,0.031735,0.00201511,0,0,0,0,0,-0.0151449,-0.00573975,0.220269,0.429182,0.932827,0.699668,0.0078125,-0.050293,0.992884
320,0.96875,-0.0505371,0.287109,0.316406,-0.0521673,0.479198,0.363202,0.547115,0.431251,1.00728,0.631296,0.345392,0.510417,0.00295003,0,0,0,0,0,-0.00278528,-0.00101162,0.038463,0.393969,0.952674,0.702076,-0.03125,-0.0505371,0.971922
321,0.960938,-0.0178223,0.582031,0.714844,-0.0185467,0.492601,0.376427,0.553558,0.448124,0.989565,0.636737,0.352471,0.6884,0.00329766,0,0,0,0,0,-0.0154555,-0.00581787,0.211607,0.391376,0.956392,0.695892,-0.0390625,-0.0178223,0.920188
322,0.964844,-0.102539,-0.355469,0.457031,-0.106275,0.457682,0.335635,0.527942,0.391373,0.886732,0.72718,0.383908,0.52581,0.0029801,0,0,0,0,0,0.0130222,0.0043707,0.156116,0.409984,0.938386,0.717806,-0.0351562,-0.102539,1.1983
323,1.04688,-0.242188,-0.242188,0.292969,-0.231343,0.408524,0.306809,0.528537,0.373483,0.899683,0.892301,0.471614,0.447446,0.00282704,0,0,0,0,0,0.0369825,0.0113466,0.36132,0.465406,0.897952,0.746559,0.046875,-0.242188,1.50598
324,0.996094,0.00595093,0.636719,0.478516,0.00597426,0.502383,0.402411,0.582184,0.500873,1.15157,0.814885,0.474413,0.920449,0.00375088,0,0,0,0,0,0.00658889,0.00265144,0.0704892,0.390212,0.954449,0.702978,-0.00390625,0.00595093,1.17217
325,0.835938,-0.203125,-0.480469,0.347656,-0.242991,0.404006,0.241461,0.418448,0.233402,0.948651,0.664999,0.278268,0.814873,0.00354467,0,0,0,0,0,0.0313719,0.00757508,0.411269,0.428806,0.937394,0.687229,-0.164062,-0.203125,1.121
326,1.125,-0.148438,0.065918,0.390625,-0.131944,0.447514,0.376909,0.606499,0.509901,1.00113,0.961674,0.583254,0.105469,0.00215912,0,0,0,0,0,0.0222772,0.00839649,0.201948,0.460308,0.90483,0.729899,0.125,-0.148438,1.48593
327,1.00781,-0.0344238,0.0480957,0.412109,-0.034157,0.486376,0.386923,0.575241,0.480612,0.977147,0.782664,0.45022,0.0749204,0.00209945,0,0,0,0,0,0.0145865,0.00564386,0.162474,0.401069,0.948864,0.701481,0.0078125,-0.0344238,1.37007
328,0.824219,-0.0922852,0.910156,0.574219,-0.111967,0.455425,0.284371,0.449507,0.282924,0.972898,0.699057,0.314231,1.20109,0.00429901,0,0,0,0,0,0.00638139,0.00181468,0.079581,0.484727,0.894892,0.705704,-0.175781,-0.0922852,0.811222
329,1.125,-0.0742188,-0.363281,0.328125,-0.0659722,0.4737,0.414018,0.630231,0.568602,0.987446,0.884119,0.557199,0.634196,0.00319179,0,0,0,0,0,-0.00540683,-0.00223853,0.0533137,0.473603,0.892021,0.750599,0.125,-0.0742188,1.31938
330,1.00781,0.09375,-1.20312,0.527344,0.0930233,0.537057,0.45101,0.620163,0.588013,1.11627,0.53902,0.334281,1.65678,0.00518902,0,0,0,0,0,-0.0398345,-0.0179658,0.64426,0.3915,0.963798,0.67713,0.0078125,0.09375,0.904452
331,2.14062,0.191406,-0.722656,0.200195,0.0894161,0.535624,0.954099,1.31444,2.63806,0.962505,1.7463,2.29541,1.61512,0.00510766,0,0,0,0,0,-0.0523298,-0.0499278,0.261238,0.877827,0.515595,0.706432,1.14062,0.191406,3.29598
332,0.953125,0.0874023,1.26562,0.617188,0.0917008,0.536532,0.425907,0.586053,0.524855,0.979807,0.500781,0.293484,1.611,0.00509962,0,0,0,0,0,-0.0283942,-0.0120933,0.494298,0.396584,0.957572,0.685134,-0.046875,0.0874023,0.972151
333,0.992188,-0.0629883,0.992188,0.601562,-0.0634843,0.47469,0.366375,0.55664,0.44408,1.00214,0.607026,0.337895,1.27924,0.00445165,0,0,0,0,0,0.00661638,0.00242408,0.095021,0.364615,0.974878,0.686206,-0.0078125,-0.0629883,1.36676
334,1.07031,0.137695,-0.261719,0.431641,0.12865,0.551183,0.498045,0.672616,0.700461,0.798116,0.502249,0.33782,0.398358,0.00273117,0,0,0,0,0,-0.0409307,-0.0203853,0.710456,0.363877,0.979281,0.676959,0.0703125,0.137695,0.978595
335,1.07812,0.149414,-0.714844,0.796875,0.138587,0.555112,0.507038,0.681502,0.721532,0.861288,0.518153,0.353122,0.800785,0.00351716,0,0,0,0,0,-0.0412331,-0.0209067,0.693737,0.386827,0.967291,0.675251,0.078125,0.149414,0.842864
336,0.902344,-0.0568848,-0.699219,0.503906,-0.0630411,0.474867,0.3334,0.506368,0.367563,0.984261,0.569312,0.288281,0.985004,0.00387696,0,0,0,0,0,-0.00382363,-0.0012748,0.0585508,0.444645,0.921897,0.703715,-0.0976562,-0.0568848,1.09625
337,0.9375,-0.0311279,-1.05469,0.447266,-0.0332031,0.486756,0.360376,0.535409,0.416533,0.975087,0.459985,0.24628,1.57703,0.00503327,0,0,0,0,0,-0.00900755,-0.0032461,0.170714,0.402007,0.955535,0.682301,-0.0625,-0.0311279,0.894214
338,1.07812,0.0527344,-0.671875,0.484375,0.048913,0.519506,0.458698,0.646344,0.628165,0.992247,0.778163,0.502961,0.965378,0.00383863,0,0,0,0,0,-0.0149635,-0.0068637,0.167636,0.425562,0.93322,0.705178,0.078125,0.0527344,1.21897
339,1.07031,-0.0957031,0.135742,0.484375,-0.0894161,0.464376,0.381346,0.591429,0.495213,0.957518,0.76995,0.455371,0.19504,0.00233406,0,0,0,0,0,0.0117543,0.00448247,0.133089,0.405164,0.944681,0.706815,0.0703125,-0.0957031,1.25056
340,0.949219,-0.0218506,-0.675781,0.46875,-0.0230195,0.490817,0.369714,0.545366,0.434112,0.922465,0.455852,0.248606,0.987042,0.00388094,0,0,0,0,0,-0.00995182,-0.00367932,0.19032,0.375965,0.972383,0.677631,-0.0507812,-0.0218506,1.00314
341,0.992188,-0.0766602,-0.228516,0.558594,-0.0772638,0.469207,0.359539,0.552165,0.434155,0.954824,0.771009,0.425724,0.305751,0.00255029,0,0,0,0,0,0.0103038,0.00370462,0.116505,0.42121,0.929471,0.726161,-0.0078125,-0.0766602,1.58042
342,0.902344,-0.00952148,-0.396484,0.462891,-0.0105519,0.49579,0.357081,0.522264,0.400267,0.956522,0.504407,0.263434,0.582756,0.00309132,0,0,0,0,0,-0.0135224,-0.00482859,0.233711,0.372877,0.971486,0.683698,-0.0976562,-0.00952148,0.889703
343,1.09375,0.144531,-0.96875,0.914062,0.132143,0.552564,0.510862,0.68876,0.735371,1.04188,0.529022,0.36437,1.01327,0.00393216,0,0,0,0,0,-0.0404324,-0.0206554,0.666288,0.347261,0.989182,0.674425,0.09375,0.144531,0.76629
344,0.984375,0.108887,0.632812,0.492188,0.110615,0.544039,0.44918,0.612067,0.576388,0.922949,0.547593,0.335164,0.902007,0.00371486,0,0,0,0,0,-0.0346699,-0.015573,0.551952,0.424396,0.942699,0.680414,-0.015625,0.108887,0.882079
345,0.957031,0.00314331,-0.683594,0.570312,0.00328444,0.50131,0.385343,0.558464,0.460372,1.17992,0.488929,0.27305,0.905194,0.00372108,0,0,0,0,0,-0.0147041,-0.00566612,0.262179,0.356106,0.982613,0.678739,-0.0429688,0.00314331,0.952846
346,1.05469,-0.10791,-0.275391,0.511719,-0.102315,0.459253,0.368977,0.578432,0.470728,1.05084,0.670104,0.38761,0.384976,0.00270503,0,0,0,0,0,0.0137885,0.00508765,0.179384,0.37207,0.967857,0.69366,0.0546875,-0.10791,1.43305
347,0.988281,-0.078125,0.796875,0.421875,-0.0790514,0.468496,0.357241,0.549416,0.429479,1.12406,0.736051,0.404398,1.22687,0.00434935,0,0,0,0,0,0.0127566,0.00455719,0.15109,0.410714,0.9432,0.701722,-0.0117188,-0.078125,1.07969
348,0.976562,0.0449219,0.585938,0.832031,0.046,0.518345,0.414065,0.584448,0.513029,1.10616,0.640932,0.374591,0.642364,0.00320774,0,0,0,0,0,-0.0249852,-0.0103455,0.339842,0.370044,0.970935,0.688718,-0.0234375,0.0449219,0.999553
349,0.941406,0.0966797,-0.273438,0.828125,0.102697,0.540898,0.425846,0.58262,0.520791,1.27482,0.505305,0.294401,0.300476,0.00253999,0,0,0,0,0,-0.0378272,-0.0161085,0.652615,0.345792,0.989288,0.675819,-0.0585938,0.0966797,0.976107
350,0.898438,0.0456543,1.48438,0.423828,0.0508152,0.520264,0.383103,0.539227,0.437533,1.07226,0.537559,0.289866,2.28007,0.00640639,0,0,0,0,0,-0.0146726,-0.00562112,0.237952,0.382853,0.965972,0.6837,-0.101562,0.0456543,0.907687
351,1.08594,0.0849609,-1.39062,0.412109,0.0782374,0.53118,0.477944,0.662423,0.667234,0.913246,0.526393,0.348694,2.16623,0.00618404,0,0,0,0,0,-0.0373517,-0.017852,0.618596,0.38889,0.964648,0.678675,0.0859375,0.0849609,0.884732
352,1,-0.0105591,-1.25,0.431641,-0.0105591,0.495788,0.395723,0.578784,0.491587,1.04701,0.763015,0.441621,1.90261,0.00566915,0,0,0,0,0,0.000285098,0.00011282,0.00325738,0.38849,0.953778,0.707574,0,-0.0105591,1.18772
353,1,-0.0456543,0.108398,0.46875,-0.0456543,0.481793,0.378175,0.566931,0.464427,0.932336,0.673178,0.381645,0.158326,0.00226236,0,0,0,0,0,-0.00586259,-0.00221709,0.0759218,0.418405,0.94048,0.69642,0,-0.0456543,0.946421
354,1.01562,-0.133789,-0.447266,0.578125,-0.131731,0.447599,0.340373,0.547601,0.415721,0.950425,0.659457,0.361119,0.58824,0.00310203,0,0,0,0,0,0.0149287,0.00508134,0.197353,0.413891,0.939106,0.7084,0.015625,-0.133789,1.18185
355,0.980469,0.0598145,0.550781,0.976562,0.061006,0.524323,0.423078,0.592021,0.529483,1.11445,0.547474,0.324116,0.557351,0.0030417,0,0,0,0,0,-0.0347779,-0.0147137,0.553791,0.369828,0.97584,0.67745,-0.0195312,0.0598145,0.845935
356,0.882812,0.0917969,0.914062,0.730469,0.103982,0.541408,0.399908,0.546772,0.458886,1.00655,0.594183,0.324883,1.06949,0.00404196,0,0,0,0,0,-0.0194873,-0.00779313,0.285916,0.37124,0.972355,0.683749,-0.117188,0.0917969,0.812251
357,1.04688,0.124512,-1.14062,0.527344,0.118937,0.547337,0.482055,0.654131,0.660265,0.959674,0.532779,0.348508,1.57071,0.00502092,0,0,0,0,0,-0.0270319,-0.0130309,0.44232,0.421375,0.94401,0.681881,0.046875,0.124512,1.04624
358,0.957031,0.0512695,-0.660156,0.761719,0.0535714,0.521362,0.409407,0.575332,0.49862,1.07306,0.47536,0.273489,0.756396,0.00343046,0,0,0,0,0,-0.0266926,-0.0109281,0.489526,0.386791,0.966117,0.678038,-0.0429688,0.0512695,0.861742
359,0.96875,0.116211,0.0402832,0.914062,0.11996,0.547742,0.446577,0.605681,0.56628,0.990731,0.744913,0.45118,0.0421343,0.00203542,0,0,0,0,0,-0.0243804,-0.0108877,0.285327,0.385139,0.959581,0.69666,-0.03125,0.116211,1.0846
360,1.05469,-0.0961914,-0.240234,0.324219,-0.0912037,0.463665,0.374836,0.582187,0.479444,0.867767,0.636566,0.3706,0.421906,0.00277716,0,0,0,0,0,0.00740583,0.00277598,0.101423,0.457079,0.912956,0.707019,0.0546875,-0.0961914,1.12206
361,0.992188,0.0180664,0.769531,0.425781,0.0182087,0.507264,0.406903,0.584113,0.506757,0.920452,0.545212,0.318465,1.17932,0.00425649,0,0,0,0,0,-0.0152506,-0.00620549,0.243853,0.444593,0.927681,0.686319,-0.0078125,0.0180664,0.873308
362,0.984375,0.0654297,-0.170898,0.589844,0.0664683,0.526497,0.427452,0.596303,0.538293,1.11591,0.486247,0.289951,0.22252,0.00238773,0,0,0,0,0,-0.0269002,-0.0114985,0.482287,0.393899,0.962636,0.676588,-0.015625,0.0654297,0.816204
363,1.01562,-0.0324707,-0.144531,0.695312,-0.0319712,0.487248,0.391033,0.580447,0.489826,0.947794,0.464766,0.269772,0.173329,0.00229166,0,0,0,0,0,-0.012362,-0.00483393,0.231878,0.381611,0.967005,0.682882,0.015625,-0.0324707,1.08075
364,1.03125,0.0947266,-0.225586,0.380859,0.0918561,0.536594,0.460897,0.634148,0.61457,0.940669,0.493357,0.312861,0.365536,0.00266706,0,0,0,0,0,-0.0317796,-0.0146471,0.561558,0.413278,0.947538,0.685571,0.03125,0.0947266,0.815445
365,0.890625,-0.0444336,0.0483398,0.96875,-0.0498904,0.480105,0.334926,0.503667,0.365855,1.03893,0.595256,0.29981,0.0491133,0.00204905,0,0,0,0,0,-0.0198999,-0.00666501,0.291444,0.37227,0.971716,0.683937,-0.109375,-0.0444336,0.938181
366,1.03906,0.0493164,-0.394531,0.300781,0.0474624,0.518928,0.441325,0.622391,0.582138,0.861333,0.456931,0.28439,0.719376,0.00335816,0,0,0,0,0,-0.0258026,-0.0113873,0.492288,0.379505,0.971371,0.675422,0.0390625,0.0493164,0.806232
367,1.08594,0.0478516,-1.00781,0.609375,0.0440647,0.517574,0.459389,0.649162,0.63245,1.04135,0.670535,0.435286,1.29103,0.00447467,0,0,0,0,0,-0.0158948,-0.00730191,0.206653,0.50505,0.885213,0.688547,0.0859375,0.0478516,1.12704
368,0.90625,-0.0507812,0.304688,0.503906,-0.0560345,0.477657,0.338018,0.510656,0.375025,1.07412,0.668455,0.34135,0.42922,0.00279144,0,0,0,0,0,-0.00801448,-0.00270904,0.104523,0.394396,0.957796,0.687756,-0.09375,-0.0507812,1.04772
369,1.08594,0.100586,0.486328,0.738281,0.0926259,0.5369,0.485756,0.668081,0.682292,0.982178,0.734932,0.490994,0.566003,0.0030586,0,0,0,0,0,-0.035617,-0.0173012,0.422491,0.402023,0.952068,0.691191,0.0859375,0.100586,1.02654
370,1.10938,-0.0581055,0.216797,0.425781,-0.0523768,0.479114,0.415809,0.626458,0.565347,1.0845,0.755074,0.473022,0.332246,0.00260204,0,0,0,0,0,0.00216956,0.000902123,0.0250489,0.456409,0.913929,0.705183,0.109375,-0.0581055,1.04848
371,1.17969,0.124512,0.201172,0.613281,0.105546,0.542029,0.535313,0.731317,0.821385,0.993965,0.764788,0.559303,0.256884,0.00245485,0,0,0,0,0,-0.0508494,-0.0272204,0.579631,0.460088,0.918593,0.683022,0.179688,0.124512,1.50047
372,0.941406,0.081543,1.42969,0.367188,0.0866183,0.534513,0.418278,0.577111,0.508013,0.941383,0.612661,0.353573,2.35938,0.00656128,0,0,0,0,0,-0.0281565,-0.0117772,0.400651,0.428747,0.934394,0.695822,-0.0585938,0.081543,1.00892
373,1.03125,-0.163086,0.0737305,0.4375,-0.158144,0.437172,0.331991,0.547664,0.410154,1.02823,0.764386,0.418627,0.11147,0.00217084,0,0,0,0,0,0.0251297,0.00834283,0.286603,0.40758,0.947704,0.6942,0.03125,-0.163086,1.20276
374,1.02344,0.097168,0.433594,0.558594,0.0949427,0.53782,0.458985,0.630493,0.608189,0.910298,0.535931,0.3379,0.580143,0.00308622,0,0,0,0,0,-0.0287779,-0.0132086,0.468119,0.434453,0.936221,0.680762,0.0234375,0.097168,0.973562
375,1.19531,0.120605,-0.527344,0.453125,0.100899,0.540185,0.539626,0.738973,0.837277,0.88976,0.721383,0.533082,0.783402,0.00348321,0,0,0,0,0,-0.0445275,-0.0240282,0.538107,0.501605,0.888698,0.685248,0.195312,0.120605,1.43211
376,1.14844,0.133789,-1.30469,0.609375,0.116497,0.546371,0.527421,0.71656,0.791631,0.946353,0.600838,0.430536,1.67134,0.00521746,0,0,0,0,0,-0.0384588,-0.020284,0.558014,0.446046,0.930038,0.677199,0.148438,0.133789,0.965759
377,1.05469,0.0583496,0.578125,0.578125,0.0553241,0.52206,0.452107,0.634697,0.607241,1.11262,0.749069,0.475432,0.760345,0.00343817,0,0,0,0,0,-0.0199091,-0.00900105,0.231706,0.388411,0.958792,0.693944,0.0546875,0.0583496,1.11853
378,0.921875,-0.0708008,0.820312,0.429688,-0.0768008,0.469391,0.334274,0.513174,0.375087,1.02116,0.670087,0.343871,1.25142,0.0043973,0,0,0,0,0,-0.000103496,-3.45959e-05,0.00134647,0.39386,0.956522,0.691834,-0.078125,-0.0708008,1.09097
379,1.07812,0.12793,-1.07812,0.8125,0.118659,0.547227,0.496296,0.673548,0.699976,0.977718,0.544598,0.366813,1.19607,0.0042892,0,0,0,0,0,-0.0400889,-0.0198959,0.641733,0.335367,0.99523,0.674366,0.078125,0.12793,0.775086
380,0.980469,0.15625,0.169922,0.996094,0.159363,0.563308,0.471295,0.627386,0.615732,0.931787,0.771569,0.484072,0.170255,0.00228565,0,0,0,0,0,-0.0169168,-0.0079728,0.191139,0.39906,0.943226,0.722037,-0.0195312,0.15625,1.08022
381,0.882812,0.0693359,1.03906,0.511719,0.0785398,0.531301,0.388678,0.538612,0.441174,1.04,0.540606,0.291177,1.45253,0.0047901,0,0,0,0,0,-0.0248744,-0.00966814,0.401124,0.394569,0.957103,0.689277,-0.117188,0.0693359,0.960517
382,1.03125,0.0830078,-0.349609,0.478516,0.0804924,0.532077,0.455038,0.629903,0.603836,0.945386,0.616775,0.388508,0.5054,0.00294023,0,0,0,0,0,-0.0301109,-0.0137016,0.425602,0.491657,0.892579,0.696557,0.03125,0.0830078,1.07775
383,1.13281,0.182617,-0.765625,0.34375,0.161207,0.564035,0.545569,0.725653,0.824218,0.863362,0.674443,0.489412,1.30585,0.00450362,0,0,0,0,0,-0.045661,-0.0249112,0.590211,0.533246,0.865138,0.683988,0.132812,0.182617,1.0645
384,1.0625,0.0732422,-0.1875,0.53125,0.0689338,0.527479,0.462686,0.644569,0.629547,0.953527,0.5301,0.341686,0.257248,0.00245556,0,0,0,0,0,-0.0373477,-0.0172803,0.614205,0.404471,0.956469,0.676415,0.0625,0.0732422,0.865998
385,1.01562,-0.0510254,0.326172,0.527344,-0.0502404,0.479965,0.381755,0.574238,0.475487,0.843083,0.591813,0.339842,0.449158,0.00283039,0,0,0,0,0,-0.0203998,-0.00778773,0.300502,0.537804,0.854892,0.713209,0.015625,-0.0510254,1.15925
386,0.964844,0.133789,-0.277344,0.667969,0.138664,0.555142,0.453799,0.609922,0.577939,1.00822,0.60475,0.368851,0.339344,0.00261591,0,0,0,0,0,-0.0286024,-0.0129797,0.412318,0.446953,0.926393,0.685621,-0.0351562,0.133789,0.876016
387,0.96875,0.0717773,0.660156,0.839844,0.0740927,0.529532,0.42436,0.589491,0.527581,1.11047,0.524685,0.309298,0.720357,0.00336007,0,0,0,0,0,-0.0291258,-0.0123598,0.483934,0.391732,0.96195,0.681233,-0.03125,0.0717773,0.947256
388,1.26562,0.11377,-0.6875,0.398438,0.089892,0.535813,0.564403,0.77737,0.922855,1.02177,0.775681,0.602991,1.08916,0.0040804,0,0,0,0,0,-0.043823,-0.0247338,0.492522,0.644559,0.770193,0.677171,0.265625,0.11377,1.41012
389,0.960938,0.167969,-0.137695,0.507812,0.174797,0.56938,0.469323,0.620478,0.605257,0.929662,0.605179,0.3755,0.193227,0.00233052,0,0,0,0,0,-0.0411899,-0.0193313,0.593353,0.433873,0.934286,0.687029,-0.0390625,0.167969,0.842599
390,0.976562,0.0576172,0.396484,0.490234,0.059,0.523524,0.420412,0.588962,0.523623,0.888462,0.607892,0.358025,0.566271,0.00305912,0,0,0,0,0,-0.0203617,-0.00856033,0.292009,0.439493,0.927682,0.695846,-0.0234375,0.0576172,0.994586
391,0.980469,0.0314941,-0.0583496,0.589844,0.0321215,0.512812,0.408917,0.581986,0.505921,0.916345,0.381273,0.221895,0.0759748,0.00210151,0,0,0,0,0,-0.0174768,-0.00714656,0.399606,0.349411,0.987518,0.67562,-0.0195312,0.0314941,0.815543
392,0.890625,0.000667572,-0.0220947,0.953125,0.000749555,0.500299,0.357477,0.518935,0.397084,1.02921,0.563562,0.292452,0.0226315,0.00199733,0,0,0,0,0,-0.00941382,-0.00336522,0.145623,0.417683,0.941156,0.695729,-0.109375,0.000667572,0.916534
393,1.04688,0.138672,-0.380859,0.800781,0.132463,0.552691,0.489135,0.659366,0.674017,0.953207,0.639585,0.421721,0.425606,0.00278439,0,0,0,0,0,-0.0417166,-0.0204051,0.568614,0.452289,0.921393,0.690026,0.046875,0.138672,1.07624
394,1.11719,0.212891,-0.625,0.726562,0.190559,0.575565,0.55682,0.726261,0.837504,0.927025,0.604652,0.439135,0.733236,0.00338523,0,0,0,0,0,-0.0494618,-0.0275413,0.713134,0.393721,0.963263,0.675355,0.117188,0.212891,0.90935
395,1.07031,-0.152344,-0.773438,0.263672,-0.142336,0.443407,0.353026,0.573577,0.453618,0.932729,0.862105,0.494483,1.50624,0.00489499,0,0,0,0,0,0.0266673,0.00941426,0.269666,0.488469,0.885136,0.736585,0.0703125,-0.152344,1.3313
396,1.05469,0.0400391,-0.0303955,0.458984,0.037963,0.515141,0.442952,0.628208,0.590852,1.06492,0.46275,0.290704,0.0448653,0.00204075,0,0,0,0,0,-0.0208781,-0.00924801,0.393325,0.378948,0.971827,0.675097,0.0546875,0.0400391,0.939558
397,0.964844,-0.0279541,1.07812,0.308594,-0.0289727,0.488443,0.372928,0.552401,0.444221,0.897079,0.641274,0.35424,1.94078,0.0057437,0,0,0,0,0,-0.00383014,-0.00142836,0.0520688,0.472841,0.901158,0.712307,-0.0351562,-0.0279541,0.962505
398,0.988281,-0.108887,-0.90625,0.59375,-0.110178,0.456134,0.34186,0.539542,0.407974,1.16555,0.760863,0.410518,1.17611,0.00425021,0,0,0,0,0,0.0247447,0.00845923,0.28352,0.400165,0.949025,0.702488,-0.0117188,-0.108887,1.38304
399,1.17188,0.108887,0.804688,0.601562,0.0929167,0.537015,0.524368,0.721075,0.794911,0.813634,0.731526,0.527485,1.0375,0.00397949,0,0,0,0,0,-0.0399019,-0.0209233,0.475522,0.666415,0.746492,0.709616,0.171875,0.108887,1.49194
400,0.984375,0.102539,-0.34375,0.433594,0.104167,0.541481,0.446006,0.609741,0.570706,0.887564,0.689633,0.420498,0.522037,0.00297273,0,0,0,0,0,-0.0316042,-0.0140957,0.399516,0.596771,0.807909,0.713826,-0.015625,0.102539,1.12563
401,1.125,0.166016,-1.29688,0.408203,0.147569,0.558659,0.534135,0.714899,0.796382,0.938343,0.67817,0.484823,2.02983,0.00591764,0,0,0,0,0,-0.0463592,-0.0247621,0.595943,0.444657,0.930629,0.678062,0.125,0.166016,1.09509
402,1.01562,0.0581055,-0.404297,0.839844,0.0572115,0.522812,0.436321,0.611873,0.564764,1.17854,0.482824,0.295427,0.441165,0.00281478,0,0,0,0,0,-0.0325562,-0.014205,0.587831,0.344985,0.990704,0.673673,0.015625,0.0581055,0.803803
403,1.03906,-0.065918,0.441406,0.373047,-0.0634398,0.474708,0.383708,0.582954,0.487066,0.972923,0.711788,0.41494,0.722698,0.00336464,0,0,0,0,0,0.0122592,0.00470393,0.150147,0.440165,0.924431,0.704616,0.0390625,-0.065918,1.18627
404,1.05469,0.0505371,0.0380859,0.496094,0.0479167,0.519109,0.448201,0.63192,0.600207,0.869551,0.49964,0.315733,0.0540733,0.00205874,0,0,0,0,0,-0.0314305,-0.0140872,0.548405,0.360004,0.979956,0.680095,0.0546875,0.0505371,0.758572
405,1.10156,0.147461,-0.492188,1.89062,0.133865,0.553245,0.51546,0.694384,0.747868,1.13797,0.527389,0.366211,0.357955,0.00265225,0,0,0,0,0,-0.0468149,-0.0241312,0.773855,0.334463,0.99615,0.67338,0.101562,0.147461,0.88271
406,0.964844,-0.0615234,-0.277344,0.412109,-0.0637652,0.474579,0.356143,0.541211,0.419747,0.952587,0.886959,0.480032,0.432028,0.00279693,0,0,0,0,0,0.0171389,0.00610391,0.168456,0.45765,0.904328,0.739247,-0.0351562,-0.0615234,1.28668
407,0.933594,0.00805664,0.478516,0.326172,0.00862971,0.503443,0.378402,0.546512,0.441863,0.973646,0.685288,0.374518,0.837863,0.00358958,0,0,0,0,0,-0.00717173,-0.00271379,0.0912342,0.456983,0.913623,0.704961,-0.0664062,0.00805664,1.04859
408,0.949219,0.0668945,-0.180664,0.863281,0.0704733,0.528092,0.414086,0.576371,0.503671,1.03732,0.704036,0.405786,0.194444,0.0023329,0,0,0,0,0,0.00478065,0.0019796,0.0591969,0.412941,0.941974,0.701486,-0.0507812,0.0668945,1.02923
409,1.03906,-0.00396729,0.0888672,0.333984,-0.00381814,0.498477,0.414683,0.603792,0.536527,1.0321,0.639873,0.386351,0.153772,0.00225346,0,0,0,0,0,-0.00941528,-0.00390435,0.128276,0.374516,0.965847,0.695435,0.0390625,-0.00396729,1.13471
410,0.957031,-0.0135498,0.131836,0.511719,-0.0141582,0.494352,0.376997,0.552738,0.447646,0.981375,0.710319,0.39262,0.184297,0.00231308,0,0,0,0,0,7.08731e-05,2.67189e-05,0.000869831,0.407425,0.945162,0.70159,-0.0429688,-0.0135498,1.01402
411,1,0.00588989,0.361328,0.373047,0.00588989,0.50235,0.403947,0.584438,0.504741,0.913805,0.564771,0.330073,0.591589,0.00310857,0,0,0,0,0,-0.0124635,-0.00503461,0.192387,0.439213,0.927751,0.696169,0,0.00588989,1.16432
412,1.02344,-0.0177002,-0.289062,0.396484,-0.0172948,0.493101,0.401551,0.589998,0.50934,1.01594,0.644429,0.380211,0.45907,0.00284975,0,0,0,0,0,-0.00738601,-0.00296586,0.0999175,0.403929,0.947626,0.700334,0.0234375,-0.0177002,1.24136
413,1.07031,-0.130859,0.109863,0.316406,-0.122263,0.451345,0.363768,0.58025,0.469017,0.923336,0.856186,0.496802,0.195312,0.00233459,0,0,0,0,0,0.0176995,0.00643851,0.180218,0.534409,0.851105,0.751236,0.0703125,-0.130859,1.30457
414,0.996094,0.0380859,-1.40625,0.597656,0.0382353,0.51525,0.418479,0.593404,0.527252,0.995307,0.453916,0.269356,1.81902,0.00550589,0,0,0,0,0,-0.0222028,-0.00929139,0.426421,0.454296,0.92386,0.67911,-0.00390625,0.0380859,0.940016
415,0.917969,0.0314941,-0.898438,0.523438,0.0343085,0.513684,0.383855,0.545593,0.445016,1.14239,0.663903,0.36222,1.24181,0.00437854,0,0,0,0,0,-0.0127157,-0.00488098,0.166971,0.38721,0.962871,0.685288,-0.0820312,0.0314941,1.14713
416,0.96875,0.0888672,-0.570312,0.3125,0.0917339,0.536545,0.432905,0.595672,0.542232,0.851015,0.451884,0.269175,1.02021,0.00394571,0,0,0,0,0,-0.0262835,-0.0113783,0.507065,0.42389,0.939917,0.688667,-0.03125,0.0888672,0.881176
417,0.96875,0.0554199,-0.386719,0.308594,0.0572077,0.52281,0.416181,0.583631,0.513832,0.92594,0.631435,0.368525,0.696148,0.00331279,0,0,0,0,0,-0.0146508,-0.0060974,0.202274,0.51267,0.879505,0.688826,-0.03125,0.0554199,1.21217
418,1.03906,-0.0299072,-0.363281,0.742188,-0.0287829,0.488519,0.401713,0.594959,0.51535,1.03787,0.56323,0.335099,0.421683,0.00277672,0,0,0,0,0,-0.0099415,-0.00399363,0.153877,0.357423,0.977002,0.690151,0.0390625,-0.0299072,0.978737
419,0.976562,-0.0235596,0.804688,0.398438,-0.024125,0.490376,0.379824,0.560711,0.458663,0.888609,0.543573,0.304787,1.27481,0.004443,0,0,0,0,0,-0.0157722,-0.00599066,0.252954,0.5722,0.829539,0.704851,-0.0234375,-0.0235596,0.870424
420,1.10938,-0.0559082,-1.41406,0.404297,-0.0503961,0.479903,0.416908,0.627188,0.567176,0.975902,0.638779,0.400634,2.22392,0.00629671,0,0,0,0,0,0.00447446,0.00186544,0.0610657,0.415903,0.939241,0.704402,0.109375,-0.0559082,1.26023
421,1.09375,0.0854492,0.0219727,0.664062,0.078125,0.531136,0.481321,0.667144,0.676751,1.03552,0.759334,0.506585,0.0269636,0.00200579,0,0,0,0,0,-0.029139,-0.0140252,0.33454,0.369855,0.968861,0.694117,0.09375,0.0854492,1.14426
422,1.09375,-0.0834961,0.394531,0.439453,-0.0763393,0.469575,0.396848,0.609015,0.528388,0.99275,0.849563,0.517397,0.595148,0.00311552,0,0,0,0,0,-0.000816245,-0.000323925,0.0083759,0.484655,0.889084,0.729834,0.09375,-0.0834961,1.23
423,0.949219,-0.00236511,-0.5,0.578125,-0.00249164,0.499006,0.379456,0.552017,0.44871,0.88499,0.531137,0.293197,0.657596,0.00323749,0,0,0,0,0,-0.0146895,-0.00557402,0.241105,0.386262,0.961569,0.689881,-0.0507812,-0.00236511,1.09408
424,0.820312,-0.0588379,0.3125,0.400391,-0.0717262,0.47141,0.299528,0.457997,0.299478,0.876834,0.620811,0.284329,0.493865,0.0029177,0,0,0,0,0,0.0140465,0.00420733,0.19725,0.418108,0.93482,0.714134,-0.179688,-0.0588379,1.135
425,0.96875,0.0466309,0.136719,0.359375,0.0481351,0.519196,0.411786,0.580506,0.506555,0.905779,0.608434,0.3532,0.228063,0.00239856,0,0,0,0,0,-0.0270223,-0.0111274,0.387182,0.498382,0.888509,0.694,-0.03125,0.0466309,1.15637
426,1.13281,0.120605,-0.59375,0.53125,0.106466,0.542393,0.514563,0.702639,0.758478,1.02263,0.653318,0.459047,0.814618,0.00354418,0,0,0,0,0,-0.0454685,-0.0233964,0.606727,0.473423,0.912067,0.675433,0.132812,0.120605,1.02783
427,1.01562,0.0324707,-0.170898,0.462891,0.0319712,0.512752,0.423503,0.6028,0.542723,1.00427,0.605742,0.365141,0.251188,0.00244373,0,0,0,0,0,-0.0264567,-0.0112045,0.380763,0.398809,0.954656,0.689295,0.015625,0.0324707,0.926672
428,1.00781,-0.119629,-0.0683594,0.347656,-0.118702,0.452756,0.344321,0.547494,0.418306,0.876002,0.849003,0.464824,0.115937,0.00217956,0,0,0,0,0,0.0128441,0.00442249,0.131887,0.468997,0.895937,0.7454,0.0078125,-0.119629,1.08053
429,1.07812,0.108887,-0.851562,0.439453,0.100996,0.540223,0.486774,0.666563,0.681255,1.06539,0.522041,0.347973,1.28458,0.00446207,0,0,0,0,0,-0.0394601,-0.0192082,0.658963,0.416681,0.94878,0.677106,0.078125,0.108887,0.916298
430,1.03125,-0.0354004,-0.181641,0.423828,-0.0343277,0.486308,0.395833,0.588559,0.503086,0.963013,0.748391,0.440473,0.279009,0.00249806,0,0,0,0,0,-0.00712971,-0.00282218,0.083052,0.402486,0.941656,0.72095,0.03125,-0.0354004,1.20391
431,1.04688,0.0820312,-1.11719,0.902344,0.0783582,0.531228,0.460815,0.63864,0.620212,1.0164,0.503446,0.321521,1.17609,0.00425017,0,0,0,0,0,-0.0240092,-0.0110638,0.415749,0.404049,0.955664,0.678989,0.046875,0.0820312,0.871419
432,0.933594,-0.0187988,0.390625,0.503906,-0.020136,0.491967,0.364974,0.537302,0.4219,1.03695,0.486852,0.261587,0.550282,0.00302789,0,0,0,0,0,-0.00556263,-0.00203022,0.099607,0.385604,0.965608,0.680847,-0.0664062,-0.0187988,1.01119
433,0.929688,-0.00171661,0.871094,0.371094,-0.00184644,0.499263,0.371949,0.540865,0.430881,0.887113,0.603644,0.32649,1.42996,0.00474601,0,0,0,0,0,-0.0323468,-0.0120314,0.467151,0.380264,0.958792,0.706041,-0.0703125,-0.00171661,1.04875
434,1.13281,0.195312,-0.523438,0.578125,0.172414,0.568444,0.551917,0.730438,0.838151,0.920833,0.646003,0.471865,0.688421,0.0032977,0,0,0,0,0,-0.0472656,-0.0260867,0.637848,0.40435,0.954255,0.682038,0.132812,0.195312,1.06378
435,0.921875,-0.0756836,0.269531,0.683594,-0.0820975,0.467285,0.331832,0.511587,0.371834,1.18238,0.646156,0.330565,0.325994,0.00258983,0,0,0,0,0,0.00377093,0.00125132,0.0508766,0.412451,0.943645,0.697514,-0.078125,-0.0756836,1.09357
436,1.75781,0.118164,0.839844,0.320312,0.0672222,0.526798,0.763969,1.0653,1.71852,0.943343,1.42601,1.51913,1.48392,0.00485141,0,0,0,0,0,-0.0516963,-0.0394944,0.316041,0.919623,0.457826,0.693009,0.757812,0.118164,2.30822
437,1.03906,0.0639648,0.126953,0.554688,0.0615602,0.524543,0.448649,0.627606,0.595175,0.956172,0.499651,0.313584,0.170459,0.00228605,0,0,0,0,0,-0.0324356,-0.0145522,0.565929,0.371492,0.975395,0.676393,0.0390625,0.0639648,0.80402
438,1.00781,0.0349121,0.546875,0.337891,0.0346415,0.513817,0.421591,0.599109,0.536671,0.911173,0.780686,0.467716,0.940806,0.00379064,0,0,0,0,0,-0.01197,-0.00504643,0.133667,0.432547,0.922877,0.725904,0.0078125,0.0349121,1.25534
439,0.980469,0.0339355,0.111816,0.455078,0.0346116,0.513805,0.410138,0.582844,0.50792,0.911392,0.509339,0.296865,0.165753,0.00227686,0,0,0,0,0,-0.0149725,-0.00614079,0.256268,0.455713,0.920625,0.685624,-0.0195312,0.0339355,0.887645
440,0.941406,-0.119629,-0.8125,0.341797,-0.127075,0.449441,0.317692,0.508949,0.359957,0.923365,0.670036,0.341014,1.38976,0.0046675,0,0,0,0,0,0.01936,0.00615051,0.251892,0.434623,0.929491,0.699598,-0.0585938,-0.119629,1.05588
441,0.964844,-0.0118408,-0.515625,0.457031,-0.0122723,0.495104,0.380984,0.557871,0.456369,0.93132,0.668624,0.373006,0.762713,0.0034428,0,0,0,0,0,-0.0192277,-0.00732544,0.250699,0.361529,0.970605,0.700832,-0.0351562,-0.0118408,1.01841
442,1.00781,0.0854492,0.222656,0.494141,0.0847868,0.533785,0.44686,0.617152,0.58056,0.913946,0.522924,0.322724,0.316745,0.00257177,0,0,0,0,0,-0.0405553,-0.0181225,0.676106,0.396215,0.958087,0.684377,0.0078125,0.0854492,0.748977
443,1.0625,0.161133,-0.443359,0.492188,0.151654,0.56027,0.506631,0.676806,0.714741,1.00489,0.541982,0.366816,0.631961,0.00318742,0,0,0,0,0,-0.0390673,-0.0197927,0.628399,0.376231,0.972767,0.676413,0.0625,0.161133,0.840286
444,0.984375,0.125977,1.17188,0.519531,0.127976,0.550916,0.457725,0.618365,0.591887,1.02069,0.677818,0.419139,1.62583,0.00512858,0,0,0,0,0,-0.0284023,-0.0130004,0.365298,0.379834,0.964126,0.69244,-0.015625,0.125977,0.988009
445,1.01562,0.0766602,1.29688,0.292969,0.0754808,0.530084,0.445598,0.618523,0.581128,1.03553,0.51189,0.316616,2.396,0.00663282,0,0,0,0,0,-0.0251235,-0.011195,0.427868,0.376728,0.968232,0.686457,0.015625,0.0766602,0.860713
446,1.02344,0.105469,-0.462891,0.429688,0.103053,0.54104,0.463135,0.633521,0.615843,1.04635,0.548857,0.347713,0.706158,0.00333234,0,0,0,0,0,-0.0308895,-0.014306,0.490634,0.371713,0.974004,0.679294,0.0234375,0.105469,1.00949
447,0.882812,-0.0429688,-0.71875,0.601562,-0.0486726,0.48059,0.332526,0.499606,0.360179,1.0133,0.568235,0.283894,0.926696,0.00376308,0,0,0,0,0,0.00359309,0.0011948,0.0551249,0.3757,0.967409,0.689865,-0.117188,-0.0429688,0.934061
448,1.01562,-0.0180664,-0.507812,0.398438,-0.0177885,0.492904,0.398235,0.585323,0.501195,0.992289,0.514337,0.301053,0.804495,0.0035244,0,0,0,0,0,-0.00498139,-0.00198376,0.0844325,0.368281,0.973,0.686016,0.015625,-0.0180664,0.90492
449,0.972656,-0.0761719,0.416016,0.574219,-0.0783133,0.468789,0.351952,0.540964,0.416511,1.0634,0.608865,0.329374,0.548998,0.00302539,0,0,0,0,0,-0.00536798,-0.00188927,0.0768594,0.389738,0.961911,0.684119,-0.0273438,-0.0761719,0.875068
450,1.07031,0.125977,-0.847656,0.964844,0.117701,0.546848,0.492186,0.668289,0.688857,1.06097,0.545317,0.364429,0.862961,0.0036386,0,0,0,0,0,-0.0382286,-0.0188156,0.611148,0.35438,0.984166,0.677298,0.0703125,0.125977,0.658223
451,1.02344,-0.0751953,-0.914062,0.503906,-0.0734733,0.470715,0.372803,0.570821,0.464819,1.04427,0.689512,0.393588,1.28766,0.00446808,0,0,0,0,0,0.00865523,0.0032267,0.109432,0.396045,0.952715,0.698714,0.0234375,-0.0751953,1.02366
452,1.02344,0.0644531,-0.269531,0.707031,0.0629771,0.525108,0.442627,0.618687,0.578692,1.14091,0.503314,0.311394,0.320546,0.00257919,0,0,0,0,0,-0.0167933,-0.00743315,0.290872,0.371928,0.975055,0.676622,0.0234375,0.0644531,0.967535
453,1.03906,-0.0143433,-0.000736237,0.349609,-0.013804,0.494493,0.409495,0.600241,0.527976,0.857545,0.524628,0.314904,0.00124516,0.00195556,0,0,0,0,0,-0.0192777,-0.00789411,0.320339,0.507103,0.884826,0.684651,0.0390625,-0.0143433,0.863528
454,1.01562,0.00799561,0.0196533,0.347656,0.0078726,0.503141,0.411266,0.594266,0.522292,0.887336,0.83151,0.494138,0.033332,0.00201823,0,0,0,0,0,0.00362135,0.00148934,0.0379673,0.495374,0.886514,0.70959,0.015625,0.00799561,1.1242
455,0.820312,-0.11084,-0.867188,0.632812,-0.135119,0.446259,0.273527,0.441431,0.269678,1.11648,0.571655,0.252346,1.09012,0.00408227,0,0,0,0,0,0.0267841,0.00732618,0.40846,0.372394,0.97293,0.680921,-0.179688,-0.11084,1.33168
456,0.949219,0.0463867,1.25781,0.792969,0.0488683,0.519488,0.403832,0.569049,0.486897,0.939117,0.542101,0.308482,1.4125,0.00471191,0,0,0,0,0,-0.0206392,-0.0083348,0.33191,0.379399,0.969935,0.678873,-0.0507812,0.0463867,1.15974
457,0.917969,-0.090332,0.115234,0.447266,-0.0984043,0.460806,0.322942,0.504597,0.358909,1.02673,0.653588,0.329799,0.172306,0.00228966,0,0,0,0,0,0.0141262,0.00456192,0.18842,0.434413,0.931135,0.695068,-0.0820312,-0.090332,1.06384
458,0.84375,0.105469,1.52344,1.09375,0.125,0.549738,0.39108,0.529098,0.432889,0.996127,0.595261,0.314952,1.45668,0.00479821,0,0,0,0,0,-0.0175647,-0.00686919,0.25724,0.393272,0.953257,0.701539,-0.15625,0.105469,0.874654
459,1.13281,0.147461,-0.0878906,0.396484,0.130172,0.551785,0.527991,0.712532,0.786476,0.930907,0.647588,0.461427,0.139582,0.00222575,0,0,0,0,0,-0.0399588,-0.0210979,0.537923,0.580917,0.827186,0.679875,0.132812,0.147461,0.989601
460,0.992188,0.057373,0.367188,0.490234,0.0578248,0.523056,0.426556,0.59797,0.539518,0.935445,0.605619,0.362142,0.524428,0.0029774,0,0,0,0,0,-0.0258509,-0.0110268,0.372119,0.412507,0.9452,0.69308,-0.0078125,0.057373,1.16813
461,1.00781,0.0737305,0.478516,0.347656,0.0731589,0.52916,0.441,0.612922,0.570155,0.880299,0.433255,0.265551,0.811561,0.0035382,0,0,0,0,0,-0.0284454,-0.0125444,0.572368,0.3896,0.962969,0.681727,0.0078125,0.0737305,1.05248
462,0.914062,-0.174805,0.265625,0.337891,-0.191239,0.424169,0.281171,0.475184,0.304857,1.07939,0.719246,0.341774,0.456963,0.00284563,0,0,0,0,0,0.0182793,0.00513963,0.221559,0.397658,0.951531,0.699452,-0.0859375,-0.174805,1.26979
463,0.996094,-0.248047,0.373047,0.398438,-0.24902,0.401673,0.285545,0.496412,0.327961,1.00021,0.751403,0.373005,0.590994,0.00310741,0,0,0,0,0,0.0454368,0.0129743,0.52716,0.459879,0.912346,0.702909,-0.00390625,-0.248047,1.26038
464,1.03906,-0.166016,1.17188,0.271484,-0.159774,0.436529,0.333659,0.5513,0.41526,1.03868,0.77275,0.426017,2.2491,0.0063459,0,0,0,0,0,0.0274239,0.00915022,0.309383,0.439808,0.923628,0.707945,0.0390625,-0.166016,1.11244
465,1.09375,0.139648,0.402344,0.445312,0.127679,0.550798,0.508421,0.686952,0.730394,0.795836,0.557401,0.382908,0.602927,0.00313072,0,0,0,0,0,-0.0442622,-0.0225038,0.692263,0.430002,0.938156,0.683129,0.09375,0.139648,1.03516
466,1.04688,0.10791,0.0942383,0.71875,0.103078,0.54105,0.473754,0.648039,0.644397,1.09417,0.444276,0.287908,0.111157,0.00217023,0,0,0,0,0,-0.0367354,-0.0174036,0.72084,0.346091,0.989785,0.674424,0.046875,0.10791,0.877038
467,1.13281,0.0942383,0.359375,0.378906,0.0831897,0.53315,0.50138,0.693043,0.73169,1.06217,0.77049,0.533982,0.583824,0.00309341,0,0,0,0,0,-0.0322075,-0.0161482,0.364415,0.505683,0.885525,0.685851,0.132812,0.0942383,1.26262
468,1.03906,-0.134766,-0.46875,0.283203,-0.129699,0.448402,0.349284,0.560894,0.436602,0.997488,0.655451,0.367639,0.88083,0.0036735,0,0,0,0,0,0.0212153,0.00741017,0.282174,0.465996,0.909678,0.698333,0.0390625,-0.134766,1.19497
469,1.03906,-0.0786133,0.355469,0.361328,-0.0756579,0.469846,0.37736,0.578795,0.477404,1.0486,0.742516,0.429765,0.591358,0.00310812,0,0,0,0,0,0.00757205,0.00285739,0.0889026,0.379394,0.961071,0.701076,0.0390625,-0.0786133,1.33709
470,1.00781,-0.0976562,-0.0311279,0.235352,-0.0968992,0.461403,0.355307,0.554469,0.433679,0.829249,0.634063,0.351568,0.064164,0.00207845,0,0,0,0,0,0.00892293,0.00317038,0.122682,0.420953,0.934073,0.711154,0.0078125,-0.0976562,1.30976
471,0.902344,-0.0405273,-0.197266,0.546875,-0.0449134,0.482088,0.341578,0.51179,0.378604,0.956269,0.548578,0.280756,0.266752,0.00247412,0,0,0,0,0,-0.0169353,-0.00578472,0.269129,0.381103,0.965796,0.686509,-0.0976562,-0.0405273,1.05166
472,0.949219,0.000640869,-0.478516,0.625,0.000675154,0.500269,0.380959,0.553052,0.450996,0.992211,0.500701,0.276914,0.60528,0.00313531,0,0,0,0,0,-0.00398367,-0.00151762,0.0693605,0.362599,0.976958,0.683828,-0.0507812,0.000640869,0.997213
473,1.01562,0.0471191,-0.466797,0.425781,0.0463942,0.518502,0.430828,0.607968,0.555237,1.06087,0.57865,0.351801,0.715377,0.00335034,0,0,0,0,0,-0.0314804,-0.0135626,0.474276,0.399619,0.957819,0.680127,0.015625,0.0471191,0.972453
474,1.01562,-0.0227051,0.578125,0.253906,-0.0223558,0.491082,0.395915,0.583748,0.497511,0.848527,0.568299,0.331744,1.14732,0.00419399,0,0,0,0,0,0.00957118,0.00378938,0.146823,0.430636,0.933377,0.695386,0.015625,-0.0227051,1.05674
475,0.972656,0.0123291,0.671875,0.558594,0.0126757,0.505057,0.396202,0.570743,0.482724,0.933939,0.461934,0.263646,0.89896,0.00370891,0,0,0,0,0,-0.0154975,-0.00614014,0.292475,0.409972,0.95085,0.682163,-0.0273438,0.0123291,1.06088
476,1.08594,-0.000724792,-0.0400391,0.59375,-0.000667435,0.499734,0.435101,0.632207,0.588999,1.04679,0.730911,0.462087,0.0519615,0.00205461,0,0,0,0,0,-0.0161717,-0.00703633,0.192885,0.637255,0.772792,0.71533,0.0859375,-0.000724792,1.43464
477,1.03906,-0.0153809,-0.416016,0.361328,-0.0148026,0.494095,0.408976,0.599887,0.527126,1.06724,0.64341,0.385973,0.692084,0.00330485,0,0,0,0,0,-0.00577927,-0.00236358,0.0783054,0.386193,0.963583,0.684947,0.0390625,-0.0153809,1.10168
478,0.886719,-0.0922852,0.349609,0.470703,-0.104075,0.458555,0.309434,0.485814,0.331765,1.02291,0.711779,0.345792,0.509577,0.00294839,0,0,0,0,0,0.00708379,0.00219196,0.0867616,0.393705,0.953158,0.701138,-0.113281,-0.0922852,1.00218
479,0.988281,-0.0139771,0.237305,0.330078,-0.0141428,0.494358,0.389315,0.570792,0.477369,1.0485,0.694929,0.39666,0.413046,0.00275985,0,0,0,0,0,0.000440096,0.000171336,0.00552094,0.400534,0.951649,0.69462,-0.0117188,-0.0139771,0.899743
480,0.898438,-0.0123901,1.53125,0.283203,-0.0137908,0.494498,0.35408,0.51901,0.394744,1.02288,0.580341,0.301203,2.87738,0.00757301,0,0,0,0,0,-0.00628501,-0.0022254,0.0944126,0.362684,0.970205,0.70032,-0.101562,-0.0123901,0.994773
481,1.02344,0.0869141,-0.208008,0.515625,0.0849237,0.533839,0.453858,0.626771,0.598828,0.900172,0.530642,0.332591,0.289676,0.0025189,0,0,0,0,0,-0.0323287,-0.0146726,0.53112,0.404574,0.953947,0.682478,0.0234375,0.0869141,0.982632
482,1.17969,0.271484,-0.380859,1.05469,0.230132,0.591006,0.617735,0.780079,0.990119,1.006,0.694417,0.5417,0.370854,0.00267745,0,0,0,0,0,-0.061918,-0.0382489,0.777326,0.364343,0.980454,0.673802,0.179688,0.271484,1.05985
483,0.925781,-0.0820312,0.147461,0.613281,-0.0886076,0.464697,0.330225,0.511806,0.370993,1.10306,0.654383,0.334917,0.188299,0.0023209,0,0,0,0,0,0.0118239,0.00390453,0.157519,0.403265,0.950345,0.693873,-0.0742188,-0.0820312,1.12298
484,0.945312,0.0373535,-0.0883789,0.46875,0.0395145,0.51576,0.397749,0.563578,0.475825,0.896155,0.533618,0.300735,0.129086,0.00220525,0,0,0,0,0,-0.0220748,-0.00878026,0.36064,0.469348,0.90923,0.692465,-0.0546875,0.0373535,0.944354
485,1.01562,0.074707,-0.423828,0.333984,0.0735577,0.529319,0.444622,0.617819,0.579389,0.819969,0.643367,0.397485,0.733376,0.0033855,0,0,0,0,0,-0.0293394,-0.0130449,0.397557,0.49145,0.887851,0.715215,0.015625,0.074707,1.01523
486,0.941406,-0.00260925,0.458984,0.820312,-0.00277165,0.498894,0.376202,0.547383,0.441156,1.02254,0.413973,0.226602,0.506767,0.0029429,0,0,0,0,0,-0.012732,-0.00478979,0.268121,0.392496,0.961965,0.680133,-0.0585938,-0.00260925,0.826301
487,0.972656,0.0976562,0.488281,0.699219,0.100402,0.539987,0.438866,0.601144,0.553978,0.933979,0.556699,0.334656,0.583934,0.00309362,0,0,0,0,0,-0.0231263,-0.0101493,0.362154,0.37354,0.971061,0.683847,-0.0273438,0.0976562,0.86136
488,1.02344,-0.117676,-0.910156,0.287109,-0.114981,0.45423,0.351563,0.557181,0.434047,0.831299,0.652707,0.363676,1.6986,0.00527071,0,0,0,0,0,0.0250445,0.00880471,0.334503,0.467446,0.904443,0.713333,0.0234375,-0.117676,1.05367
489,1.07812,0.129883,0.949219,0.582031,0.120471,0.547945,0.497272,0.674267,0.701916,1.02937,0.649565,0.437981,1.24421,0.00438322,0,0,0,0,0,-0.0414466,-0.0206102,0.556253,0.409255,0.947024,0.693362,0.078125,0.129883,1.2177
490,0.972656,-0.0456543,-0.695312,0.388672,-0.0469378,0.481281,0.36721,0.551013,0.438458,0.913417,0.674132,0.371455,1.11529,0.00413143,0,0,0,0,0,-0.00275346,-0.0010111,0.0356074,0.458412,0.903664,0.740109,-0.0273438,-0.0456543,0.997504
491,0.9375,-0.0385742,-0.230469,0.636719,-0.0411458,0.48359,0.356653,0.53291,0.411194,1.08212,0.561713,0.299342,0.288827,0.00251724,0,0,0,0,0,-0.00804018,-0.00286755,0.124784,0.373601,0.972408,0.680595,-0.0625,-0.0385742,1.09057
492,1.03125,0.065918,-0.0172119,0.328125,0.0639205,0.525483,0.446493,0.623758,0.588429,0.967812,0.520711,0.324798,0.0300476,0.00201181,0,0,0,0,0,-0.023037,-0.0102858,0.385687,0.393081,0.960726,0.682325,0.03125,0.065918,0.983237
493,0.988281,-0.162109,-0.722656,0.625,-0.164032,0.434853,0.315248,0.523086,0.373001,1.04535,0.88056,0.460609,0.914096,0.00373847,0,0,0,0,0,0.0185463,0.00584668,0.183613,0.432521,0.923968,0.721999,-0.0117188,-0.162109,1.30885
494,0.898438,-0.0805664,1.26562,0.519531,-0.0896739,0.464273,0.319992,0.49638,0.348788,1.00352,0.572807,0.28433,1.7559,0.00538261,0,0,0,0,0,-0.00645193,-0.00206457,0.0981948,0.395034,0.954823,0.694556,-0.101562,-0.0805664,1.05608
495,0.902344,0.0197754,0.613281,0.613281,0.0219156,0.508742,0.37173,0.532387,0.421619,1.06626,0.58999,0.314103,0.783123,0.00348266,0,0,0,0,0,-0.00953433,-0.00354419,0.140881,0.377425,0.966683,0.689328,-0.0976562,0.0197754,1.01598
496,1.11719,0.0893555,-1.29688,0.734375,0.0799825,0.531874,0.492673,0.682189,0.708108,1.10395,0.565101,0.385505,1.51335,0.00490889,0,0,0,0,0,-0.041179,-0.0202878,0.635268,0.355225,0.984579,0.675419,0.117188,0.0893555,0.893667
497,0.921875,-0.124512,-0.138672,0.527344,-0.135064,0.446281,0.307418,0.4961,0.340621,0.959454,0.708826,0.351648,0.19096,0.00232609,0,0,0,0,0,0.0113284,0.00348257,0.139328,0.409565,0.940623,0.711462,-0.078125,-0.124512,1.1954
498,1.05469,-0.10791,-0.8125,0.357422,-0.102315,0.459253,0.368977,0.578432,0.470728,0.961803,0.775302,0.44846,1.35904,0.0046075,0,0,0,0,0,0.0255251,0.00941819,0.287015,0.460838,0.909463,0.710731,0.0546875,-0.10791,1.2722
499,1.07031,0.0732422,0.0137939,0.65625,0.0684307,0.527279,0.465819,0.649115,0.638337,0.988117,0.501228,0.325355,0.0170276,0.00198638,0,0,0,0,0,-0.0349665,-0.0162881,0.608168,0.368283,0.976447,0.677981,0.0703125,0.0732422,1.03214
500,1.09375,0.129883,-0.605469,0.578125,0.11875,0.547263,0.503538,0.683346,0.720512,0.812947,0.54107,0.369738,0.796308,0.00350841,0,0,0,0,0,-0.0393314,-0.0198048,0.633713,0.360349,0.98262,0.673762,0.09375,0.129883,0.853204
501,1.35156,0.292969,0.910156,0.667969,0.216763,0.585803,0.696215,0.888574,1.27428,0.837507,0.917325,0.81511,1.11362,0.00412817,0,0,0,0,0,-0.0699154,-0.0486762,0.664441,0.489461,0.894515,0.695194,0.351562,0.292969,1.50022
502,1.03125,0.0517578,-0.664062,0.4375,0.0501894,0.520014,0.439413,0.61871,0.575885,0.892806,0.645126,0.399145,1.00397,0.003914,0,0,0,0,0,-0.0230666,-0.0101358,0.311707,0.514382,0.873456,0.70758,0.03125,0.0517578,0.86499
503,1.10938,0.146484,0.726562,0.462891,0.132042,0.552525,0.518104,0.698559,0.756416,0.87776,0.585282,0.408854,1.06791,0.00403888,0,0,0,0,0,-0.0482653,-0.0250065,0.718914,0.368553,0.976769,0.676921,0.109375,0.146484,0.798582
504,1.04688,0.0629883,-1.5625,0.445312,0.0601679,0.523989,0.451293,0.631804,0.602842,0.968383,0.521647,0.329579,2.34146,0.0065263,0,0,0,0,0,-0.0261193,-0.0117875,0.436508,0.429676,0.939282,0.680687,0.046875,0.0629883,0.977424
505,1.19531,0.300781,-1.52344,0.5,0.251634,0.599338,0.642303,0.797849,1.04912,0.927729,0.743094,0.592877,2.15447,0.00616107,0,0,0,0,0,-0.0615982,-0.0395647,0.722655,0.393292,0.960776,0.681905,0.195312,0.300781,1.29653
506,1.00781,0.0854492,0.445312,0.511719,0.0847868,0.533785,0.44686,0.617152,0.58056,1.00151,0.599824,0.370183,0.622514,0.00316897,0,0,0,0,0,-0.0296763,-0.0132612,0.431313,0.408747,0.950279,0.685507,0.0078125,0.0854492,1.06428
507,1.10938,0.101074,-1.1875,0.691406,0.0911092,0.536297,0.495399,0.681889,0.710393,1.00579,0.564361,0.384831,1.42813,0.00474244,0,0,0,0,0,-0.0328942,-0.0162958,0.508124,0.354664,0.985059,0.675016,0.109375,0.101074,0.978739
508,1.05469,0.0625,0.863281,0.542969,0.0592593,0.523627,0.454182,0.636177,0.611003,1.08052,0.657994,0.4186,1.17156,0.00424133,0,0,0,0,0,-0.0343646,-0.0156078,0.455299,0.451866,0.924378,0.682184,0.0546875,0.0625,0.978139
509,1.03906,-0.00314331,-0.613281,0.785156,-0.00302514,0.498793,0.415095,0.604076,0.537211,1.05806,0.511847,0.309194,0.69212,0.00330492,0,0,0,0,0,-0.0231032,-0.00959002,0.393495,0.381765,0.969817,0.676066,0.0390625,-0.00314331,0.912697
510,1.07812,0.0110474,-1.40625,0.539062,0.0102468,0.504088,0.437854,0.631723,0.59079,0.953118,0.596933,0.377096,1.91533,0.005694,0,0,0,0,0,-0.0177974,-0.00779268,0.259919,0.450049,0.926413,0.679867,0.078125,0.0110474,1.28642
511,1.01562,-0.0244141,1.49219,0.832031,-0.0240385,0.490411,0.395061,0.583169,0.496159,1.04567,0.643671,0.375369,1.63589,0.00514822,0,0,0,0,0,-0.00854372,-0.00337529,0.115715,0.377246,0.968942,0.684049,0.015625,-0.0244141,0.961061
