k,gamma,beta,running_mean,running_var,on_ratio,p_on,act_mean,act_std,act_second,pre_row_norm,final_col_norm,effective_contribution,mean_over_std,bn_input_rounding_noise,dead,mostly_off,flat,always_on,negative_gamma,mean_row_component,shared_contribution,column_shared_fraction,pre_row_rel_change,pre_row_cos_ref,pre_row_norm_ratio_ref,gamma_delta,beta_delta,final_col_rel_change
0,0.988281,0.0419922,-1.125,0.486328,0.0424901,0.516946,0.417299,0.590234,0.522515,1.14421,0.51463,0.303752,1.6132,0.0051039,0,0,0,0,0,-0.0292423,-0.0122028,0.495362,0.26296,0.971609,0.856838,-0.0117188,0.0419922,0.696738
1,0.972656,-0.0111084,-0.707031,0.789062,-0.0114207,0.495444,0.384483,0.562671,0.464426,1.19728,0.5563,0.313014,0.795945,0.0035077,0,0,0,0,0,-0.00293576,-0.00112875,0.0460064,0.425459,0.905845,0.866208,-0.0273438,-0.0111084,0.720957
2,0.980469,-0.010376,-0.141602,0.855469,-0.0105827,0.495778,0.387982,0.567472,0.472554,1.34145,0.453279,0.257223,0.153097,0.00225214,0,0,0,0,0,-0.0207058,-0.00803347,0.398229,0.227139,0.981862,0.85678,-0.0195312,-0.010376,0.708675
3,0.972656,0.0078125,-0.261719,0.746094,0.00803213,0.503204,0.393944,0.569178,0.479155,1.16435,0.52321,0.297799,0.302997,0.00254492,0,0,0,0,0,-0.0183877,-0.00724374,0.306379,0.208284,0.987038,0.854273,-0.0273438,0.0078125,0.620954
4,1.07812,-0.0522461,-0.449219,0.695312,-0.0484601,0.480675,0.406208,0.610215,0.537366,1.29775,0.88163,0.537984,0.538726,0.00300532,0,0,0,0,0,-0.000908827,-0.000369172,0.00898672,0.382653,0.924296,0.896965,0.078125,-0.0522461,1.01524
5,1.10156,0.0351562,-0.324219,0.628906,0.0319149,0.51273,0.459307,0.653784,0.638397,1.22145,0.810046,0.529595,0.408832,0.00275163,0,0,0,0,0,-0.000315114,-0.000144734,0.00339129,0.306853,0.955672,0.869255,0.101562,0.0351562,1.19417
6,1.01562,-0.0195312,0.351562,0.671875,-0.0192308,0.492329,0.397502,0.584825,0.500029,1.19903,0.600216,0.351022,0.428902,0.00279082,0,0,0,0,0,-0.017516,-0.00696265,0.25441,0.358945,0.936111,0.864379,0.015625,-0.0195312,0.83369
7,1.09375,0.0183105,-0.00515747,0.5,0.0167411,0.506678,0.447752,0.643345,0.614374,1.10289,0.863737,0.555681,0.00729377,0.00196737,0,0,0,0,0,0.0117395,0.00525639,0.118488,0.29545,0.957494,0.893574,0.09375,0.0183105,1.02158
8,0.941406,-0.0115967,0.542969,0.917969,-0.0123185,0.495086,0.371708,0.544305,0.434434,1.27302,0.822303,0.447583,0.56671,0.00305998,0,0,0,0,0,0.0216723,0.00805576,0.229763,0.2417,0.975987,0.871254,-0.0585938,-0.0115967,1.13304
9,0.972656,-0.059082,-0.470703,0.5,-0.060743,0.475782,0.360496,0.546561,0.428687,1.28813,0.691692,0.378052,0.665675,0.00325327,0,0,0,0,0,0.00456238,0.00164472,0.0575023,0.290758,0.961861,0.863292,-0.0273438,-0.059082,0.968367
10,1,0.0275879,-0.176758,0.734375,0.0275879,0.511005,0.414796,0.591988,0.522506,1.32091,0.704822,0.417247,0.206262,0.00235598,0,0,0,0,0,-0.0135964,-0.00563973,0.168171,0.275807,0.966665,0.864139,0,0.0275879,1.26169
11,1.01562,0.020874,-0.539062,0.683594,0.0205529,0.508199,0.417705,0.59874,0.532968,1.44285,0.775863,0.464541,0.651989,0.00322654,0,0,0,0,0,0.00716817,0.00299418,0.0805434,0.230112,0.980495,0.860819,0.015625,0.020874,1.05222
12,1.00781,0.0140381,-1.28906,0.527344,0.0139293,0.505557,0.411154,0.591811,0.519288,1.07447,0.542418,0.321009,1.77512,0.00542015,0,0,0,0,0,0.00540676,0.00222301,0.0868979,0.283258,0.964856,0.859114,0.0078125,0.0140381,0.822365
13,0.921875,-0.0712891,1.51562,0.847656,-0.0773305,0.46918,0.33403,0.513015,0.37476,1.17658,0.732133,0.375595,1.6462,0.00516835,0,0,0,0,0,0.0352152,0.0117629,0.419321,0.244864,0.975308,0.869556,-0.078125,-0.0712891,1.04799
14,1.04688,0.0947266,-1.21094,0.882812,0.0904851,0.536049,0.467163,0.643235,0.631992,1.07281,0.590067,0.379552,1.28881,0.00447032,0,0,0,0,0,-0.029078,-0.0135842,0.429607,0.162839,0.997113,0.853061,0.046875,0.0947266,0.505924
15,1.05469,0.0218506,0.214844,0.757812,0.0207176,0.508265,0.433857,0.621829,0.574904,1.14044,0.559652,0.348008,0.246798,0.00243515,0,0,0,0,0,-0.00165036,-0.000716019,0.0257079,0.28732,0.963479,0.859344,0.0546875,0.0218506,1.03258
16,1.05469,0.0654297,0.133789,0.636719,0.062037,0.524733,0.455647,0.637224,0.613668,1.06983,0.582821,0.371387,0.167667,0.0022806,0,0,0,0,0,-0.0306015,-0.0139435,0.457735,0.169462,0.99499,0.858159,0.0546875,0.0654297,0.727777
17,0.992188,0.0255127,-0.478516,0.925781,0.0257136,0.510257,0.410626,0.586712,0.512845,1.26324,0.627338,0.368067,0.497327,0.00292447,0,0,0,0,0,-0.0148272,-0.00608844,0.206046,0.254487,0.97407,0.857553,-0.0078125,0.0255127,0.70509
18,0.996094,0.0310059,-0.0231934,0.671875,0.0311275,0.512416,0.414939,0.590912,0.521352,1.19839,0.735244,0.434465,0.0282956,0.00200839,0,0,0,0,0,0.013277,0.00550912,0.157425,0.294386,0.959834,0.870702,-0.00390625,0.0310059,1.01289
19,1.03906,-0.0976562,-0.554688,0.4375,-0.093985,0.462561,0.367838,0.572633,0.463214,1.2509,0.871694,0.499161,0.838609,0.00359103,0,0,0,0,0,0.0339358,0.0124829,0.339392,0.313913,0.952483,0.876554,0.0390625,-0.0976562,1.10218
20,1.00781,-0.0678711,0.0585938,0.703125,-0.067345,0.473154,0.3702,0.564128,0.455288,1.27564,0.771729,0.435354,0.0698771,0.0020896,0,0,0,0,0,0.018533,0.00686091,0.209357,0.27108,0.967283,0.871782,0.0078125,-0.0678711,1.22822
21,1.01562,-0.0256348,0.404297,0.839844,-0.0252404,0.489932,0.394451,0.582755,0.495195,1.16805,0.722334,0.420944,0.441165,0.00281478,0,0,0,0,0,-0.01084,-0.00427583,0.130827,0.254419,0.971935,0.875053,0.015625,-0.0256348,1.17011
22,1.04688,-0.0419922,-0.777344,0.384766,-0.0401119,0.484002,0.398803,0.595445,0.513599,1.12064,0.797371,0.474791,1.25318,0.00440075,0,0,0,0,0,0.0224433,0.00895047,0.245377,0.333961,0.943822,0.895557,0.046875,-0.0419922,1.08455
23,0.875,0.00552368,0.259766,0.828125,0.00631278,0.502518,0.353639,0.511511,0.386704,1.18679,0.751877,0.384594,0.285452,0.00251065,0,0,0,0,0,0.0176668,0.00624767,0.204842,0.251492,0.97291,0.873905,-0.125,0.00552368,0.789148
24,1.02344,0.0629883,-0.972656,0.443359,0.0615458,0.524538,0.441895,0.618163,0.577397,1.08124,0.634137,0.392,1.46077,0.00480619,0,0,0,0,0,-0.0237353,-0.0104885,0.326301,0.276198,0.966897,0.861181,0.0234375,0.0629883,1.01571
25,0.910156,-0.0264893,0.953125,0.644531,-0.0291041,0.488391,0.35173,0.52105,0.395207,1.22361,0.522602,0.272302,1.18721,0.0042719,0,0,0,0,0,-0.0124881,-0.00439242,0.20832,0.235907,0.978992,0.86034,-0.0898438,-0.0264893,0.899408
26,1.03125,-0.0307617,-0.0981445,0.640625,-0.0298295,0.488101,0.398153,0.590122,0.506769,1.21827,0.70576,0.416485,0.122621,0.00219262,0,0,0,0,0,0.00471311,0.00187654,0.058218,0.24122,0.976717,0.866431,0.03125,-0.0307617,0.885462
27,1.03906,-0.0128174,1.57031,0.59375,-0.0123355,0.495079,0.410258,0.600762,0.529226,1.24602,0.696775,0.418596,2.03791,0.00593341,0,0,0,0,0,0.00730939,0.00299873,0.0914524,0.273701,0.967391,0.863669,0.0390625,-0.0128174,0.856321
28,0.976562,-0.00811768,-1.01562,1.03125,-0.0083125,0.496684,0.387545,0.565969,0.470512,1.19965,0.623796,0.353049,1.00012,0.00390648,0,0,0,0,0,-0.0153238,-0.00593865,0.214156,0.285901,0.963419,0.863846,-0.0234375,-0.00811768,1.06274
29,1.04688,0.00137329,-0.111328,0.472656,0.0013118,0.500523,0.420486,0.61018,0.549128,1.16517,0.656616,0.400653,0.161932,0.0022694,0,0,0,0,0,-0.00989773,-0.00416186,0.131411,0.369567,0.931525,0.865809,0.046875,0.00137329,1.04369
30,0.976562,0.0174561,-0.24707,0.462891,0.017875,0.507131,0.400332,0.5748,0.490661,0.993109,0.682501,0.392302,0.363146,0.00266239,0,0,0,0,0,-0.00519155,-0.00207834,0.0663133,0.360956,0.933596,0.890108,-0.0234375,0.0174561,0.813494
31,1,-0.00260925,0.820312,0.636719,-0.00260925,0.498959,0.399698,0.581509,0.497911,1.19304,0.675495,0.392806,1.02803,0.00396099,0,0,0,0,0,0.00970178,0.00387778,0.125209,0.279684,0.965096,0.866941,0,-0.00260925,0.914952
32,1.00781,0.0088501,-0.742188,0.679688,0.00878149,0.503503,0.40856,0.590012,0.515035,1.10738,0.53103,0.313314,0.900241,0.00371141,0,0,0,0,0,-0.0147494,-0.00602601,0.242137,0.230012,0.980304,0.862399,0.0078125,0.0088501,0.687952
33,0.996094,0.0134277,-0.375,0.628906,0.0134804,0.505378,0.40615,0.584774,0.506919,1.16346,0.578472,0.338276,0.472866,0.00287669,0,0,0,0,0,-0.0225202,-0.00914656,0.339387,0.299244,0.958413,0.868396,-0.00390625,0.0134277,0.738254
34,1,-0.0537109,0.941406,0.949219,-0.0537109,0.478583,0.374147,0.564252,0.458366,1.31451,0.834753,0.471011,0.96626,0.00384035,0,0,0,0,0,-0.000208579,-7.8039e-05,0.0021783,0.272542,0.96747,0.866089,0,-0.0537109,0.920889
35,1.03125,-0.0358887,0.78125,0.773438,-0.0348011,0.486119,0.395589,0.588395,0.5027,1.28694,0.783284,0.460881,0.888336,0.00368816,0,0,0,0,0,0.00686799,0.0027169,0.0764393,0.302793,0.956892,0.871301,0.03125,-0.0358887,1.10891
36,1.04688,-0.0441895,1.03906,0.695312,-0.0422108,0.483165,0.397705,0.59471,0.511849,1.2886,0.66668,0.396481,1.2461,0.00438691,0,0,0,0,0,-0.00747259,-0.00297188,0.0977149,0.281118,0.965263,0.861532,0.046875,-0.0441895,0.952344
37,1.02344,0.0163574,0.992188,1.17188,0.0159828,0.506376,0.41858,0.601717,0.537272,1.26226,0.544838,0.327839,0.916544,0.00374325,0,0,0,0,0,-0.0273777,-0.0114597,0.438062,0.197263,0.989548,0.854944,0.0234375,0.0163574,0.535688
38,1.03125,-0.0888672,0.19043,0.570312,-0.0861742,0.465664,0.3691,0.570923,0.462188,1.23474,0.877443,0.500952,0.252161,0.00244563,0,0,0,0,0,0.0434971,0.0160548,0.432164,0.342005,0.941479,0.883604,0.03125,-0.0888672,1.39094
39,1.0625,0.11377,-0.703125,2.28125,0.107077,0.542636,0.48295,0.659265,0.667871,1.26698,0.585332,0.385889,0.465528,0.00286236,0,0,0,0,0,-0.0355852,-0.0171859,0.529997,0.157365,0.997812,0.855011,0.0625,0.11377,0.594365
40,1.00781,-0.0446777,-0.333984,0.460938,-0.0443314,0.48232,0.381796,0.571805,0.472729,1.19866,0.717768,0.410423,0.491932,0.00291393,0,0,0,0,0,0.00344417,0.00131497,0.0418319,0.3153,0.952624,0.869516,0.0078125,-0.0446777,1.00912
41,1.03125,0.048584,-0.032959,0.515625,0.0471117,0.518788,0.437826,0.617584,0.573101,1.20547,0.652199,0.402787,0.0458994,0.00204277,0,0,0,0,0,-0.00342319,-0.00149876,0.045757,0.273629,0.966655,0.870248,0.03125,0.048584,0.905857
42,0.980469,0.0629883,0.363281,1.40625,0.064243,0.525612,0.424664,0.593156,0.532173,1.16352,0.657424,0.389955,0.306346,0.00255146,0,0,0,0,0,-0.0272822,-0.0115858,0.361777,0.235217,0.979199,0.860213,-0.0195312,0.0629883,0.933088
43,0.996094,-0.0301514,-0.339844,0.535156,-0.0302696,0.487926,0.38436,0.569856,0.472469,1.01545,0.651883,0.37148,0.464557,0.00286046,0,0,0,0,0,-0.000415501,-0.000159702,0.0055566,0.298385,0.958393,0.871495,-0.00390625,-0.0301514,0.996817
44,0.988281,-0.0576172,-0.414062,0.925781,-0.0583004,0.476755,0.367495,0.556138,0.444342,1.33263,0.79892,0.44431,0.43034,0.00279363,0,0,0,0,0,0.0282182,0.01037,0.307917,0.266167,0.969134,0.868803,-0.0117188,-0.0576172,0.967402
45,1.00781,-0.0908203,0.695312,0.402344,-0.0901163,0.464097,0.358725,0.556665,0.43856,1.1426,0.769543,0.428378,1.09618,0.0040941,0,0,0,0,0,0.0268069,0.0096163,0.303683,0.318192,0.951614,0.869062,0.0078125,-0.0908203,1.08046
46,1.07031,0.00546265,0.175781,0.539062,0.00510379,0.502036,0.431929,0.62524,0.577488,1.24666,0.851212,0.532212,0.239416,0.00242073,0,0,0,0,0,-0.00679739,-0.00293599,0.0696163,0.31723,0.951032,0.879644,0.0703125,0.00546265,1.28028
47,1.04688,-0.0776367,-0.455078,0.453125,-0.0741604,0.470441,0.380981,0.583658,0.485804,1.16987,0.853973,0.498429,0.676047,0.00327353,0,0,0,0,0,0.0368502,0.0140392,0.376186,0.353956,0.936298,0.892256,0.046875,-0.0776367,1.26601
48,1.03125,-0.0776367,0.53125,0.535156,-0.0752841,0.469994,0.374715,0.574569,0.470541,1.17886,0.730644,0.419805,0.726204,0.00337149,0,0,0,0,0,0.0264205,0.00990018,0.315241,0.31065,0.954038,0.872237,0.03125,-0.0776367,1.1849
49,1.14844,0.109375,0.148438,0.726562,0.0952381,0.537937,0.515214,0.707623,0.766176,1.20909,0.755974,0.534945,0.174143,0.00229325,0,0,0,0,0,-0.029169,-0.0150283,0.336373,0.488811,0.872432,0.863821,0.148438,0.109375,1.17333
50,1.03125,-0.0461426,0.0620117,1.07812,-0.0447443,0.482156,0.390462,0.584961,0.49464,1.36872,0.608572,0.355991,0.0597227,0.00206977,0,0,0,0,0,-0.00754979,-0.00294791,0.108151,0.217445,0.984326,0.857124,0.03125,-0.0461426,0.899203
51,1.02344,-0.0844727,-0.115723,0.558594,-0.0825382,0.467109,0.368165,0.567802,0.457945,1.12289,0.75505,0.428719,0.154835,0.00225554,0,0,0,0,0,0.0305959,0.0112643,0.35326,0.329575,0.94678,0.875979,0.0234375,-0.0844727,1.15289
52,1.03906,0.0236816,-0.11377,0.660156,0.0227914,0.509092,0.428507,0.613369,0.559841,1.13708,0.74718,0.458297,0.140024,0.00222661,0,0,0,0,0,-0.0324779,-0.013917,0.37894,0.290839,0.96166,0.864827,0.0390625,0.0236816,0.895986
53,1.05469,0.0258789,-0.703125,1.17188,0.024537,0.509788,0.435872,0.623236,0.578408,1.20619,0.60936,0.379776,0.649519,0.00322172,0,0,0,0,0,-0.0288538,-0.0125765,0.412795,0.205894,0.987523,0.85488,0.0546875,0.0258789,0.634318
54,1.07812,0.00549316,-0.585938,0.460938,0.00509511,0.502033,0.435077,0.629801,0.585942,1.18411,0.701328,0.441697,0.863039,0.00363875,0,0,0,0,0,-0.0134981,-0.0058727,0.167786,0.284973,0.963896,0.862387,0.078125,0.00549316,0.99938
55,1.01562,0.0556641,0.367188,1.30469,0.0548077,0.521854,0.4351,0.611003,0.562637,1.36255,0.565413,0.345469,0.321466,0.00258099,0,0,0,0,0,-0.025688,-0.0111768,0.396069,0.194926,0.990013,0.855394,0.015625,0.0556641,0.695151
56,0.960938,-0.0200195,0.914062,0.691406,-0.0208333,0.491689,0.375328,0.552812,0.446472,1.27852,0.542205,0.299738,1.09928,0.00410016,0,0,0,0,0,0.00570147,0.00213992,0.0916705,0.225905,0.982015,0.857973,-0.0390625,-0.0200195,0.716818
57,0.929688,0.0310059,0.453125,0.523438,0.0333508,0.513303,0.38831,0.552245,0.455759,1.1906,0.471763,0.260529,0.626305,0.00317638,0,0,0,0,0,-0.0172001,-0.00667896,0.317843,0.285451,0.964013,0.860074,-0.0703125,0.0310059,0.702507
58,0.960938,0.0322266,0.230469,0.648438,0.0335366,0.513377,0.401451,0.57087,0.487056,1.22647,0.823179,0.469929,0.286206,0.00251212,0,0,0,0,0,0.00158812,0.000637553,0.0168188,0.34313,0.941008,0.884143,-0.0390625,0.0322266,0.94828
59,0.96875,0.00524902,0.902344,0.652344,0.00541835,0.502162,0.391096,0.566016,0.47333,1.35378,0.493128,0.279118,1.11721,0.00413517,0,0,0,0,0,-0.0121572,-0.00475462,0.214922,0.252839,0.974557,0.857553,-0.03125,0.00524902,0.703297
60,1.04688,-0.00337219,-0.0286865,0.515625,-0.0032212,0.498715,0.418113,0.608547,0.545148,1.27298,0.723824,0.440481,0.0399495,0.00203115,0,0,0,0,0,-0.00958332,-0.00400691,0.115422,0.259728,0.97139,0.866235,0.046875,-0.00337219,1.10905
61,1.02344,-0.0644531,-0.0289307,0.570312,-0.0629771,0.474892,0.378174,0.574343,0.472886,1.18353,0.685246,0.393566,0.0383091,0.00202795,0,0,0,0,0,0.0141129,0.00533713,0.179546,0.272199,0.967685,0.865182,0.0234375,-0.0644531,1.10026
62,0.96875,-0.0266113,0.488281,0.75,-0.0274698,0.489043,0.375165,0.555129,0.448917,1.34166,0.736196,0.408684,0.563819,0.00305433,0,0,0,0,0,0.00357184,0.00134003,0.0422965,0.254761,0.971639,0.876846,-0.03125,-0.0266113,1.15131
63,1.09375,-0.0206299,0.384766,0.558594,-0.0188616,0.492476,0.428281,0.629949,0.580261,1.27589,0.857056,0.539902,0.514811,0.00295862,0,0,0,0,0,-0.014478,-0.00620064,0.147267,0.374361,0.927876,0.894723,0.09375,-0.0206299,1.00678
64,1.02344,0.0128174,-0.570312,0.695312,0.0125239,0.504996,0.41681,0.600487,0.534315,1.12494,0.654818,0.39321,0.683948,0.00328896,0,0,0,0,0,-0.022124,-0.00922151,0.294544,0.26262,0.971481,0.858587,0.0234375,0.0128174,0.935447
65,0.984375,-0.017334,-0.785156,1,-0.0176091,0.492975,0.38607,0.567374,0.470963,1.35374,0.623581,0.353804,0.785156,0.00348663,0,0,0,0,0,0.0001363,5.26214e-05,0.0019055,0.2401,0.977946,0.859514,-0.015625,-0.017334,0.881003
66,0.917969,-0.0507812,-0.542969,0.828125,-0.0553191,0.477942,0.342717,0.517476,0.385237,1.30367,0.776979,0.402068,0.59666,0.00311848,0,0,0,0,0,0.0196052,0.00671905,0.219973,0.22457,0.981157,0.866699,-0.0820312,-0.0507812,1.3467
67,1.04688,-0.0556641,-0.195312,0.578125,-0.0531716,0.478798,0.391967,0.590888,0.502787,1.05053,0.761269,0.449825,0.256873,0.00245483,0,0,0,0,0,0.0155303,0.00608736,0.177848,0.293552,0.959137,0.880931,0.046875,-0.0556641,1.41893
68,0.980469,-0.00260925,-0.189453,0.933594,-0.00266123,0.498938,0.391866,0.570134,0.478611,1.21468,0.499358,0.284701,0.196075,0.00233608,0,0,0,0,0,-0.0146904,-0.00575666,0.256465,0.195907,0.989636,0.856371,-0.0195312,-0.00260925,0.759655
69,0.992188,0.0218506,-0.898438,0.816406,0.0220226,0.508785,0.408795,0.585432,0.509844,1.29712,0.502387,0.294114,0.99434,0.00389519,0,0,0,0,0,-0.0179612,-0.00734245,0.311676,0.179628,0.993592,0.85398,-0.0078125,0.0218506,0.562075
70,1.04688,0.0441895,-0.490234,0.488281,0.0422108,0.516835,0.441894,0.625125,0.586051,1.21693,0.762425,0.47661,0.701566,0.00332337,0,0,0,0,0,-0.0161137,-0.00712056,0.184249,0.305448,0.956154,0.869389,0.046875,0.0441895,1.15807
71,1.70312,0.271484,-0.988281,0.695312,0.159404,0.563325,0.818699,1.08983,1.85799,1.32609,1.53242,1.67008,1.1852,0.00426796,0,0,0,0,0,-0.0413217,-0.0338301,0.235075,0.766208,0.671021,0.864263,0.703125,0.271484,2.38416
72,1.01562,0.0108032,0.427734,0.738281,0.010637,0.504243,0.41267,0.595238,0.524605,1.25607,0.512835,0.305259,0.49781,0.00292541,0,0,0,0,0,-0.0241324,-0.00995872,0.410232,0.236051,0.979476,0.85662,0.015625,0.0108032,0.664741
73,1.03125,0.00125122,-0.0303955,0.597656,0.0012133,0.500484,0.414159,0.601037,0.532774,1.18121,0.765168,0.459895,0.0393173,0.00202992,0,0,0,0,0,-0.0187209,-0.00775342,0.213293,0.325725,0.948153,0.876803,0.03125,0.00125122,1.16893
74,1.03125,0.0393066,0.0223389,0.652344,0.0381155,0.515202,0.433187,0.614304,0.56502,1.26911,0.764845,0.469847,0.0276581,0.00200714,0,0,0,0,0,-0.0210126,-0.00910237,0.239504,0.25855,0.971957,0.864491,0.03125,0.0393066,1.19462
75,1.07812,0.0878906,-0.138672,1.29688,0.0815217,0.532486,0.476276,0.658935,0.661035,1.30312,0.607976,0.400617,0.12177,0.00219096,0,0,0,0,0,-0.0358796,-0.0170886,0.51448,0.187577,0.9917,0.855118,0.078125,0.0878906,0.881217
76,0.9375,0.00921631,0.306641,0.527344,0.00983073,0.503922,0.380548,0.549189,0.446425,1.16395,0.647627,0.35567,0.422263,0.00277786,0,0,0,0,0,-0.000921731,-0.000350763,0.0124076,0.274266,0.966175,0.872812,-0.0625,0.00921631,0.967721
77,0.957031,0.0800781,0.675781,1.28906,0.0836735,0.533342,0.423811,0.585669,0.522624,1.33687,0.597718,0.350065,0.595209,0.00311564,0,0,0,0,0,-0.0142867,-0.00605486,0.208373,0.243607,0.976832,0.860446,-0.0429688,0.0800781,0.854332
78,0.921875,0.0830078,0.398438,0.886719,0.0900424,0.535873,0.411178,0.566283,0.489744,1.24477,0.532375,0.301475,0.423124,0.00277954,0,0,0,0,0,-0.0226137,-0.00929825,0.370305,0.251209,0.97419,0.863953,-0.078125,0.0830078,0.85373
79,1.04688,-0.00854492,0.02771,1.19531,-0.00816231,0.496744,0.415527,0.606773,0.540836,1.33367,0.734456,0.445648,0.0253452,0.00200263,0,0,0,0,0,-0.0160705,-0.00667773,0.190753,0.22856,0.98069,0.862397,0.046875,-0.00854492,0.971358
80,1.00781,0.0478516,0.0620117,0.429688,0.0474806,0.518935,0.428061,0.603679,0.547665,1.20041,0.527,0.318139,0.0946014,0.00213789,0,0,0,0,0,-0.0254471,-0.0108929,0.420954,0.249567,0.975605,0.856907,0.0078125,0.0478516,0.569542
81,1.08594,0.0294189,-0.0314941,0.585938,0.0270908,0.510806,0.450173,0.642673,0.615685,1.17787,0.696507,0.447626,0.0411438,0.00203348,0,0,0,0,0,-0.0278836,-0.0125525,0.349004,0.309901,0.955103,0.864217,0.0859375,0.0294189,1.03398
82,0.980469,0.00698853,0.24707,0.511719,0.00712774,0.502844,0.396665,0.573443,0.486179,1.29797,0.438128,0.251242,0.345386,0.00262771,0,0,0,0,0,-0.00845006,-0.00335184,0.168138,0.208241,0.986907,0.855188,-0.0195312,0.00698853,0.653094
83,1.07031,-0.0167236,-0.0698242,0.757812,-0.015625,0.493767,0.420836,0.617629,0.558569,1.23834,0.729161,0.450351,0.0802094,0.00210978,0,0,0,0,0,-0.0205223,-0.00863651,0.245363,0.294318,0.959426,0.875032,0.0703125,-0.0167236,1.00471
84,1.03906,0.0571289,1.25781,0.652344,0.0549812,0.521923,0.445231,0.625167,0.589065,1.09834,0.602144,0.37644,1.55732,0.00499476,0,0,0,0,0,-0.0347467,-0.0154703,0.503061,0.253764,0.97313,0.866462,0.0390625,0.0571289,0.95695
85,0.980469,0.0268555,0.582031,0.558594,0.0273904,0.510926,0.406598,0.580358,0.502138,1.10021,0.786006,0.456165,0.77875,0.00347412,0,0,0,0,0,0.0105997,0.00430983,0.117564,0.298382,0.956649,0.891769,-0.0195312,0.0268555,1.0839
86,1.07031,0.0537109,-0.103027,0.435547,0.0501825,0.520012,0.456053,0.642143,0.620332,1.09276,0.619999,0.398128,0.156112,0.00225803,0,0,0,0,0,-0.0333061,-0.0151894,0.468317,0.352621,0.938407,0.868053,0.0703125,0.0537109,0.756266
87,0.972656,-0.0284424,0.5625,0.65625,-0.029242,0.488336,0.375816,0.556785,0.451247,1.31927,0.744457,0.414502,0.694365,0.00330931,0,0,0,0,0,0.00539207,0.00202643,0.0631427,0.265316,0.969591,0.867126,-0.0273438,-0.0284424,1.11436
88,0.976562,-0.0407715,0.851562,0.792969,-0.04175,0.483349,0.371218,0.554917,0.445736,1.285,0.701418,0.389229,0.956288,0.00382087,0,0,0,0,0,-0.00496212,-0.00184203,0.0616733,0.355927,0.937252,0.86566,-0.0234375,-0.0407715,1.2634
89,0.9375,-0.00567627,0.566406,1.33594,-0.00605469,0.497585,0.373102,0.544056,0.435201,1.21146,0.677642,0.368675,0.490044,0.00291024,0,0,0,0,0,-0.00178877,-0.000667392,0.0230123,0.249116,0.974965,0.862647,-0.0625,-0.00567627,0.791801
90,1.03125,0.0441895,-1.07031,1.41406,0.0428504,0.51709,0.435628,0.616028,0.569262,1.286,0.526862,0.324562,0.90007,0.00371107,0,0,0,0,0,-0.0304729,-0.0132749,0.504224,0.15755,0.997947,0.854,0.03125,0.0441895,0.475365
91,0.953125,-0.00457764,0.925781,0.9375,-0.00480277,0.498084,0.379917,0.553533,0.450735,1.25121,0.548143,0.303415,0.956143,0.00382059,0,0,0,0,0,-0.0188242,-0.00715163,0.299384,0.17545,0.993998,0.856835,-0.046875,-0.00457764,0.658305
92,0.929688,-0.000478745,-0.453125,1.125,-0.000514952,0.499795,0.372568,0.541291,0.431803,1.17966,0.664364,0.359614,0.42721,0.00278752,0,0,0,0,0,0.0020319,0.000757021,0.0266627,0.258642,0.972096,0.863166,-0.0703125,-0.000478745,0.873266
93,1,0.0283203,-0.671875,0.867188,0.0283203,0.511297,0.415163,0.592245,0.523114,1.23025,0.474452,0.280992,0.721493,0.00336229,0,0,0,0,0,-0.027679,-0.0114913,0.508586,0.180139,0.993259,0.855369,0,0.0283203,0.643307
94,1.03125,-0.0644531,0.012146,0.597656,-0.0625,0.475082,0.381307,0.57889,0.480508,1.20335,0.77841,0.450613,0.0157111,0.00198381,0,0,0,0,0,0.0297779,0.0113545,0.333497,0.303304,0.956067,0.878241,0.03125,-0.0644531,1.13202
95,1,0.0233154,-0.253906,0.546875,0.0233154,0.509301,0.41266,0.590493,0.518971,1.11658,0.767318,0.453096,0.343344,0.00262372,0,0,0,0,0,-0.00136205,-0.000562063,0.0154747,0.31681,0.951088,0.880829,0,0.0233154,0.805413
96,1.0625,-0.0473633,1.07812,0.585938,-0.0445772,0.482222,0.402383,0.602746,0.525215,1.26081,0.657882,0.396536,1.40846,0.00470402,0,0,0,0,0,0.0160036,0.00643957,0.212068,0.238405,0.978705,0.857463,0.0625,-0.0473633,0.988411
97,0.953125,0.0410156,0.867188,0.451172,0.0430328,0.517162,0.402713,0.56942,0.486418,1.22989,0.553803,0.315347,1.29105,0.0044747,0,0,0,0,0,-0.0128465,-0.00517345,0.202226,0.264761,0.970347,0.862311,-0.046875,0.0410156,0.759345
98,1.02344,-0.0119629,0.671875,0.527344,-0.0116889,0.495337,0.404419,0.591954,0.513965,1.21702,0.669916,0.396559,0.925213,0.00376018,0,0,0,0,0,-0.0105228,-0.00425562,0.136936,0.281339,0.964242,0.869828,0.0234375,-0.0119629,0.848515
99,1.03906,-6.02007e-06,0.261719,0.761719,-5.79375e-06,0.499998,0.416664,0.605154,0.53982,1.28551,0.543766,0.329062,0.299873,0.00253881,0,0,0,0,0,-0.0187464,-0.00781094,0.300547,0.317511,0.952068,0.866945,0.0390625,-6.02007e-06,0.786959
100,1.04688,0.0559082,-2.14062,1.00781,0.0534049,0.521295,0.447753,0.62928,0.596477,1.24837,0.56731,0.356997,2.13231,0.0061178,0,0,0,0,0,-0.031118,-0.0139332,0.478188,0.184807,0.992356,0.85479,0.046875,0.0559082,0.555603
101,1,-0.106934,1.07812,0.710938,-0.106934,0.457421,0.347536,0.546969,0.419956,1.18794,0.883315,0.483146,1.27866,0.0044505,0,0,0,0,0,0.0314542,0.0109315,0.310434,0.283478,0.963292,0.872238,0,-0.106934,1.17049
102,1.01562,-0.00352478,1.19531,0.585938,-0.00347055,0.498615,0.405506,0.590294,0.512882,1.23218,0.715501,0.422356,1.56155,0.00500303,0,0,0,0,0,0.00675292,0.00273835,0.0822788,0.354039,0.938129,0.864438,0.015625,-0.00352478,0.886476
103,1,-0.0289307,0.722656,0.550781,-0.0289307,0.48846,0.386537,0.572543,0.477216,1.07974,0.619796,0.35486,0.973738,0.00385496,0,0,0,0,0,-0.000481681,-0.000186187,0.00677512,0.346246,0.940882,0.869154,0,-0.0289307,0.698417
104,1.01562,0.0449219,0.150391,0.804688,0.0442308,0.51764,0.429729,0.60719,0.553347,1.29939,0.48773,0.296145,0.167651,0.00228057,0,0,0,0,0,-0.0283719,-0.0121922,0.507126,0.181267,0.993011,0.85543,0.015625,0.0449219,0.589037
105,1.03125,0.00145721,-0.441406,1.04688,0.00141306,0.500564,0.414262,0.601108,0.532945,1.11748,0.612744,0.368326,0.431411,0.00279572,0,0,0,0,0,-0.00767733,-0.00318043,0.109229,0.216087,0.984427,0.858767,0.03125,0.00145721,0.71805
106,0.992188,0.0274658,-0.480469,0.875,0.0276821,0.511042,0.411602,0.587396,0.514451,1.29724,0.723942,0.425241,0.513643,0.00295633,0,0,0,0,0,-0.0250034,-0.0102915,0.301094,0.270274,0.967963,0.867958,-0.0078125,0.0274658,0.836257
107,1.08594,-0.0358887,-0.613281,0.486328,-0.0330486,0.486818,0.417519,0.620238,0.559018,1.27291,0.693513,0.430143,0.879417,0.00367074,0,0,0,0,0,0.00970856,0.00405351,0.122041,0.247396,0.975709,0.86076,0.0859375,-0.0358887,1.38546
108,0.972656,0.0137329,0.722656,0.832031,0.014119,0.505632,0.396904,0.571231,0.483837,1.33985,0.552265,0.315471,0.792249,0.00350049,0,0,0,0,0,-0.0267672,-0.010624,0.422535,0.27784,0.967172,0.854845,-0.0273438,0.0137329,0.721686
109,0.976562,0.00787354,0.859375,0.582031,0.0080625,0.503216,0.395541,0.571474,0.483035,1.12019,0.716107,0.409236,1.12644,0.00415321,0,0,0,0,0,-0.0129934,-0.0051394,0.15818,0.291439,0.959223,0.888196,-0.0234375,0.00787354,0.920751
110,1.01562,0.0932617,-0.8125,1.9375,0.0918269,0.536582,0.453899,0.624529,0.596061,1.43723,0.679307,0.424247,0.583717,0.0030932,0,0,0,0,0,-0.0136339,-0.0061884,0.174969,0.276168,0.965788,0.870841,0.015625,0.0932617,0.845259
111,0.90625,0.00787354,0.761719,0.523438,0.00868804,0.503466,0.367345,0.530524,0.416398,1.15082,0.562138,0.298228,1.05284,0.00400945,0,0,0,0,0,-0.0109324,-0.00401595,0.169542,0.244012,0.976051,0.865515,-0.09375,0.00787354,0.771038
112,1.01562,0.0517578,-0.105469,0.492188,0.0509615,0.520322,0.433147,0.609614,0.559245,1.07379,0.547401,0.333703,0.150334,0.00224675,0,0,0,0,0,-0.0246832,-0.0106915,0.393099,0.242393,0.977763,0.856209,0.015625,0.0517578,0.633754
113,1.03906,0.0292969,1.03125,0.9375,0.0281955,0.511247,0.431315,0.615334,0.564669,1.19533,0.719442,0.442697,1.06507,0.00403334,0,0,0,0,0,-0.0156754,-0.00676103,0.189946,0.322497,0.949455,0.875498,0.0390625,0.0292969,0.947552
114,1.02344,-0.00421143,0.765625,0.664062,-0.00411498,0.498358,0.408295,0.594609,0.520264,1.25972,0.596197,0.354504,0.939532,0.00378815,0,0,0,0,0,-0.0304386,-0.012428,0.445084,0.248937,0.97537,0.859974,0.0234375,-0.00421143,0.719841
115,1.01562,-0.0629883,0.439453,0.613281,-0.0620192,0.475274,0.375774,0.570279,0.466425,1.34186,0.814128,0.46428,0.561155,0.00304913,0,0,0,0,0,0.00824216,0.00309719,0.0882582,0.252294,0.973019,0.870951,0.015625,-0.0629883,1.06095
116,1.07812,0.0952148,-1.0625,0.800781,0.0883152,0.535187,0.479938,0.661587,0.668038,1.14235,0.670823,0.443808,1.18733,0.00427213,0,0,0,0,0,-0.0252102,-0.0120993,0.327623,0.284992,0.963972,0.861687,0.078125,0.0952148,0.714017
117,0.925781,-0.0263672,0.289062,1.15625,-0.028481,0.488639,0.358057,0.53019,0.409306,1.2765,0.644888,0.341913,0.268823,0.00247817,0,0,0,0,0,-4.74139e-05,-1.69769e-05,0.000640956,0.218543,0.983422,0.861443,-0.0742188,-0.0263672,0.860049
118,0.980469,0.0140991,0.964844,0.503906,0.01438,0.505737,0.40022,0.575908,0.491846,1.3941,0.593645,0.341885,1.3592,0.0046078,0,0,0,0,0,-0.0157428,-0.00630058,0.231186,0.203017,0.98776,0.857818,-0.0195312,0.0140991,0.920048
119,1.07031,0.0339355,-0.75,0.785156,0.0317062,0.512647,0.446166,0.635159,0.60249,1.24209,0.665751,0.422857,0.846415,0.00360628,0,0,0,0,0,-0.0139287,-0.00621452,0.182392,0.316971,0.953124,0.858702,0.0703125,0.0339355,0.964473
120,1.02344,0.0654297,0.143555,0.902344,0.0639313,0.525488,0.443116,0.619036,0.579557,1.17777,0.437016,0.270529,0.151123,0.00224829,0,0,0,0,0,-0.0286359,-0.012689,0.571241,0.180064,0.993383,0.8547,0.0234375,0.0654297,0.685035
121,0.984375,-0.0427246,0.644531,0.498047,-0.0434028,0.48269,0.373374,0.558812,0.45168,1.32744,0.640814,0.358095,0.91329,0.0037369,0,0,0,0,0,0.00669123,0.00249833,0.0910292,0.262438,0.971333,0.860153,-0.015625,-0.0427246,1.19656
122,1.03906,-0.0366211,-0.0932617,0.816406,-0.0352444,0.485942,0.398356,0.592698,0.509978,1.32671,0.604157,0.358083,0.103217,0.00215472,0,0,0,0,0,0.0100685,0.00401084,0.145285,0.205111,0.986753,0.86125,0.0390625,-0.0366211,1.10795
123,1.46875,0.0908203,-0.105957,0.453125,0.0618351,0.524653,0.634382,0.887287,1.18972,1.04059,1.23547,1.09621,0.157406,0.00226056,0,0,0,0,0,-0.0304264,-0.019302,0.214697,0.609308,0.796493,0.871709,0.46875,0.0908203,1.86331
124,1.10156,-0.0098877,-0.386719,0.628906,-0.00897606,0.496419,0.436785,0.638163,0.598033,1.30823,0.899313,0.573909,0.487643,0.00290555,0,0,0,0,0,0.0211931,0.00925684,0.205442,0.30705,0.955016,0.875422,0.101562,-0.0098877,1.1073
125,0.972656,0.0201416,0.291016,0.996094,0.0207078,0.508261,0.400108,0.573462,0.488945,1.26974,0.514871,0.295259,0.291586,0.00252263,0,0,0,0,0,-0.0134299,-0.00537343,0.227396,0.21563,0.984766,0.857247,-0.0273438,0.0201416,0.782128
126,1.07812,-0.0419922,0.6875,0.503906,-0.0389493,0.484465,0.411335,0.613639,0.545749,1.103,0.848926,0.520935,0.968496,0.00384472,0,0,0,0,0,0.0122439,0.00503635,0.125735,0.294062,0.958731,0.883642,0.078125,-0.0419922,1.52077
127,0.980469,0.0123291,-0.294922,1.03125,0.0125747,0.505016,0.399335,0.575293,0.49043,1.37521,0.568158,0.326857,0.290419,0.00252035,0,0,0,0,0,-0.00554381,-0.00221384,0.085064,0.188228,0.991145,0.857735,-0.0195312,0.0123291,0.795019
128,1.0625,0.0546875,-0.408203,0.458984,0.0514706,0.520525,0.453409,0.637942,0.612549,1.02192,0.558539,0.356315,0.602528,0.00312994,0,0,0,0,0,-0.0304057,-0.0137862,0.47458,0.337047,0.945381,0.859676,0.0625,0.0546875,0.808306
129,0.949219,0.00958252,-0.65625,0.597656,0.0100952,0.504027,0.38543,0.556141,0.457849,1.28814,0.644296,0.358319,0.848875,0.00361108,0,0,0,0,0,1.53843e-05,5.92956e-06,0.00020816,0.258987,0.970827,0.872952,-0.0507812,0.00958252,1.06196
130,1.04688,-0.0463867,-0.558594,0.542969,-0.0443097,0.482329,0.396606,0.593976,0.510103,1.35144,0.721223,0.428389,0.758069,0.00343373,0,0,0,0,0,0.00992253,0.00393533,0.119939,0.250666,0.974254,0.864688,0.046875,-0.0463867,0.96171
131,1.10938,0.00823975,0.0869141,0.742188,0.00742738,0.502963,0.448982,0.648951,0.622721,1.23876,0.958832,0.622234,0.100887,0.00215017,0,0,0,0,0,0.028064,0.0126002,0.255161,0.341928,0.94054,0.90143,0.109375,0.00823975,1.05265
132,0.980469,-0.0444336,0.714844,0.796875,-0.0453187,0.481927,0.370953,0.555968,0.446707,1.33972,0.553412,0.307679,0.800785,0.00351716,0,0,0,0,0,0.000740428,0.000274664,0.0116638,0.236694,0.979081,0.858156,-0.0195312,-0.0444336,0.757609
133,0.953125,0.0546875,-0.155273,1.45312,0.057377,0.522878,0.409549,0.574275,0.497523,1.3874,0.637379,0.366031,0.128809,0.0022047,0,0,0,0,0,-0.0193043,-0.00790606,0.264036,0.220903,0.982589,0.863094,-0.046875,0.0546875,0.706484
134,0.996094,-0.0505371,0.162109,0.640625,-0.0507353,0.479768,0.374167,0.563031,0.457006,1.12896,0.669252,0.37681,0.202538,0.00234871,0,0,0,0,0,0.0137008,0.00512639,0.178469,0.353068,0.937736,0.874448,-0.00390625,-0.0505371,0.855429
135,1.00781,-0.0361328,-0.0766602,0.503906,-0.0358527,0.4857,0.386069,0.574667,0.479291,1.11901,0.663529,0.381308,0.107993,0.00216405,0,0,0,0,0,-0.00217598,-0.000840079,0.0285892,0.307156,0.955258,0.872423,0.0078125,-0.0361328,1.25913
136,1.01562,-0.0289307,-0.0252686,0.660156,-0.0284856,0.488637,0.392803,0.581641,0.4926,1.28049,0.549807,0.319791,0.0310998,0.00201387,0,0,0,0,0,-0.0151345,-0.00594488,0.239974,0.241211,0.978155,0.8558,0.015625,-0.0289307,0.871961
137,0.910156,-0.0412598,1.625,0.78125,-0.0453326,0.481921,0.344345,0.516093,0.384926,1.27848,0.606882,0.313208,1.83848,0.0055439,0,0,0,0,0,0.00245817,0.000846459,0.0353114,0.267247,0.969528,0.862731,-0.0898438,-0.0412598,1.03631
138,0.96875,-0.00598145,-0.625,0.78125,-0.0061744,0.497537,0.38548,0.562151,0.464609,1.15288,0.677662,0.380949,0.707107,0.00333419,0,0,0,0,0,0.000150003,5.78232e-05,0.00192972,0.255064,0.972603,0.867654,-0.03125,-0.00598145,0.95384
139,0.988281,-0.0269775,0.349609,0.722656,-0.0272974,0.489111,0.382814,0.566378,0.467331,1.24374,0.810631,0.459124,0.411261,0.00275637,0,0,0,0,0,0.0375606,0.0143788,0.40394,0.310915,0.953738,0.87446,-0.0117188,-0.0269775,0.978179
140,1.04688,0.0732422,-1.78125,1.14844,0.0699627,0.527888,0.45642,0.635476,0.61215,1.18737,0.563637,0.358178,1.66215,0.00519952,0,0,0,0,0,-0.0352521,-0.0160898,0.545246,0.171439,0.995266,0.854035,0.046875,0.0732422,0.494
141,1.09375,0.0172119,0.337891,1.07031,0.0157366,0.506278,0.447202,0.642963,0.613391,1.20072,0.666798,0.428726,0.326604,0.00259102,0,0,0,0,0,-0.0154519,-0.00691014,0.20202,0.258214,0.972954,0.857571,0.09375,0.0172119,0.779403
142,0.945312,-0.0393066,-0.157227,0.71875,-0.0415806,0.483417,0.359419,0.537213,0.41778,1.27246,0.702634,0.377464,0.185454,0.00231534,0,0,0,0,0,0.0140755,0.00505902,0.17464,0.310348,0.954295,0.870662,-0.0546875,-0.0393066,0.890197
143,1.03906,-0.0016098,0.636719,0.664062,-0.00154928,0.499382,0.415862,0.604603,0.538485,1.21049,0.730365,0.441581,0.781346,0.00347919,0,0,0,0,0,-0.00199231,-0.000828524,0.0237806,0.254628,0.971699,0.876651,0.0390625,-0.0016098,0.937798
144,0.949219,0.00283813,0.447266,0.546875,0.00298997,0.501193,0.382058,0.553809,0.452673,1.10763,0.525214,0.290868,0.604814,0.0031344,0,0,0,0,0,-0.00720466,-0.0027526,0.119587,0.279353,0.965589,0.863607,-0.0507812,0.00283813,0.743154
145,1.01562,0.026123,-0.478516,0.59375,0.0257212,0.51026,0.42033,0.600574,0.537366,1.24611,0.554743,0.333164,0.621004,0.00316602,0,0,0,0,0,-0.0136016,-0.00571716,0.21375,0.255367,0.973203,0.862132,0.015625,0.026123,0.738851
146,1.07031,0.0927734,-0.316406,0.439453,0.0866788,0.534537,0.475585,0.656158,0.656724,1.02163,0.692931,0.454673,0.477297,0.00288535,0,0,0,0,0,-0.0405259,-0.0192735,0.509858,0.373633,0.929935,0.86375,0.0703125,0.0927734,0.887332
147,0.941406,0.00714111,1.44531,0.65625,0.00758558,0.503026,0.381077,0.550745,0.44854,1.14005,0.748376,0.412165,1.78413,0.00543776,0,0,0,0,0,-0.0162249,-0.00618294,0.189003,0.257624,0.97161,0.869647,-0.0585938,0.00714111,0.994803
148,0.980469,0.0090332,-0.503906,0.46875,0.00921315,0.503675,0.397687,0.57415,0.487803,1.07055,0.607167,0.348605,0.736002,0.00339063,0,0,0,0,0,-0.0170949,-0.0067984,0.245451,0.334673,0.944513,0.880392,-0.0195312,0.0090332,1.0351
149,1.03906,0.0544434,-0.582031,0.875,0.0523966,0.520894,0.443888,0.624212,0.586677,1.19287,0.573855,0.358207,0.622218,0.00316839,0,0,0,0,0,-0.0385369,-0.0171061,0.585438,0.174347,0.994458,0.85538,0.0390625,0.0544434,0.517707
150,1.08594,0.0111694,0.878906,0.675781,0.0102855,0.504103,0.441048,0.636315,0.59942,1.25155,0.895794,0.570007,1.06915,0.00404131,0,0,0,0,0,-0.0126058,-0.00555975,0.122678,0.341746,0.941174,0.8902,0.0859375,0.0111694,1.1057
151,0.941406,0.106445,-0.921875,0.707031,0.113071,0.545013,0.430729,0.586198,0.529156,1.09119,0.701514,0.411226,1.09636,0.00409445,0,0,0,0,0,-0.0307601,-0.0132493,0.382259,0.327286,0.947347,0.879652,-0.0585938,0.106445,0.860404
152,1.0625,0.0795898,-0.445312,0.480469,0.0749081,0.529856,0.46586,0.646851,0.635441,1.08808,0.689388,0.445931,0.64244,0.00320789,0,0,0,0,0,-0.0332104,-0.0154714,0.419968,0.299474,0.958892,0.863189,0.0625,0.0795898,0.817888
153,1.02344,-0.0556641,-0.5625,0.523438,-0.0543893,0.478312,0.382569,0.577246,0.479572,1.1801,0.83897,0.484292,0.777482,0.00347164,0,0,0,0,0,0.0180531,0.00690654,0.187591,0.378416,0.926048,0.898405,0.0234375,-0.0556641,0.882407
154,0.996094,-0.0942383,0.041748,0.632812,-0.0946078,0.462313,0.352317,0.548753,0.425257,1.2451,0.809838,0.444402,0.0524806,0.00205563,0,0,0,0,0,0.0277886,0.0097904,0.299141,0.30047,0.958026,0.868045,-0.00390625,-0.0942383,1.13707
155,0.972656,0.0373535,0.269531,0.796875,0.0384036,0.515317,0.408714,0.579499,0.502866,1.07752,0.663716,0.384622,0.301935,0.00254284,0,0,0,0,0,-0.0224654,-0.00918191,0.295079,0.281103,0.964736,0.866078,-0.0273438,0.0373535,1.09645
156,1.04688,-0.00521851,-0.613281,1.1875,-0.00498484,0.498011,0.41719,0.607913,0.543606,1.26195,0.637831,0.387746,0.562785,0.00305232,0,0,0,0,0,0.00152678,0.000636958,0.0208679,0.207657,0.986511,0.858738,0.046875,-0.00521851,0.842836
157,0.925781,0.126953,-0.261719,0.894531,0.137131,0.554536,0.434717,0.584701,0.530854,1.1441,0.623209,0.364391,0.276718,0.00249359,0,0,0,0,0,-0.0196366,-0.00853635,0.274687,0.334585,0.945262,0.871318,-0.0742188,0.126953,0.635362
158,1.125,-0.020752,-0.460938,0.941406,-0.0184462,0.492641,0.440752,0.648107,0.614304,1.23229,0.695253,0.450598,0.475066,0.00288099,0,0,0,0,0,-0.0148569,-0.00654819,0.186291,0.336085,0.945168,0.865828,0.125,-0.020752,0.928694
159,0.996094,0.0327148,-0.419922,0.882812,0.0328431,0.5131,0.415793,0.591513,0.522771,1.1887,0.54685,0.323469,0.446925,0.00282602,0,0,0,0,0,-0.0242934,-0.0101011,0.387282,0.25325,0.97451,0.857015,-0.00390625,0.0327148,0.648875
160,0.992188,-0.0422363,-0.177734,1.03906,-0.0425689,0.483023,0.376751,0.563524,0.459501,1.34482,0.614363,0.346208,0.174361,0.00229367,0,0,0,0,0,-0.00139415,-0.000525247,0.0197829,0.214798,0.984779,0.858574,-0.0078125,-0.0422363,0.912019
161,0.976562,-0.0598145,-0.0240479,0.554688,-0.06125,0.47558,0.361697,0.548593,0.431779,1.25752,0.680835,0.373501,0.0322888,0.00201619,0,0,0,0,0,0.0154749,0.00559723,0.19815,0.249637,0.97462,0.864156,-0.0234375,-0.0598145,1.09602
162,1.01562,0.0186768,-0.820312,0.785156,0.0183894,0.507336,0.416606,0.597974,0.531134,1.16716,0.501463,0.299862,0.925766,0.00376126,0,0,0,0,0,-0.0190995,-0.00795696,0.332039,0.220036,0.983938,0.855293,0.015625,0.0186768,0.535451
163,1.08594,0.0368652,0.546875,0.660156,0.0339478,0.513541,0.453896,0.645287,0.622417,1.24968,0.769435,0.496506,0.673077,0.00326773,0,0,0,0,0,-0.0263535,-0.0119617,0.298588,0.25869,0.971339,0.86926,0.0859375,0.0368652,1.0674
164,0.992188,0.043457,-0.0135498,0.914062,0.0437992,0.517468,0.419598,0.593026,0.527743,1.2471,0.483397,0.286667,0.0141725,0.00198081,0,0,0,0,0,-0.0215162,-0.00902818,0.388034,0.254007,0.974462,0.855735,-0.0078125,0.043457,0.682991
165,1.02344,-0.0103149,-0.851562,0.734375,-0.0100787,0.495979,0.405243,0.592517,0.515299,1.34164,0.681889,0.404031,0.993705,0.00389396,0,0,0,0,0,-0.00993958,-0.00402795,0.127075,0.21425,0.98411,0.864215,0.0234375,-0.0103149,1.08202
166,0.945312,-0.0561523,-0.0859375,0.847656,-0.0594008,0.476316,0.350996,0.531615,0.405813,1.2627,0.660594,0.351182,0.0933411,0.00213543,0,0,0,0,0,0.00146846,0.000515423,0.0193791,0.234633,0.979365,0.860164,-0.0546875,-0.0561523,0.871079
167,1.10938,0.00166321,0.925781,0.574219,0.00149923,0.500598,0.445694,0.64668,0.616838,1.25621,0.815215,0.527183,1.22171,0.00433929,0,0,0,0,0,-0.00317994,-0.00141728,0.0340059,0.420128,0.907978,0.877437,0.109375,0.00166321,1.54584
168,0.957031,0.0300293,-0.519531,0.523438,0.0313776,0.512516,0.398786,0.567823,0.481454,1.28884,0.729479,0.414215,0.718091,0.00335565,0,0,0,0,0,0.0285033,0.0113667,0.340635,0.290255,0.960952,0.873331,-0.0429688,0.0300293,0.976943
169,0.964844,0.0116577,1.0625,0.773438,0.0120825,0.50482,0.392733,0.56596,0.474551,1.15091,0.574625,0.325215,1.20814,0.00431277,0,0,0,0,0,-0.0158353,-0.00621906,0.240242,0.235077,0.978748,0.863823,-0.0351562,0.0116577,0.905172
170,1.11719,0.105469,-1.03125,0.835938,0.0944056,0.537607,0.500729,0.68803,0.724115,1.05791,0.71452,0.491611,1.12792,0.00415609,0,0,0,0,0,-0.0440399,-0.0220521,0.537327,0.318897,0.952703,0.856065,0.117188,0.105469,0.690658
171,1.10156,-0.026001,-0.617188,0.527344,-0.0236037,0.490584,0.428729,0.632676,0.584087,1.15725,0.885636,0.56032,0.849905,0.0036131,0,0,0,0,0,0.0214469,0.00919491,0.211114,0.325995,0.947453,0.884685,0.101562,-0.026001,1.16105
172,0.945312,0.0198975,0.933594,0.554688,0.0210486,0.508397,0.389021,0.557453,0.462091,1.2639,0.535439,0.298482,1.25353,0.00440142,0,0,0,0,0,-0.0234447,-0.00912048,0.381716,0.267867,0.969773,0.859264,-0.0546875,0.0198975,0.760091
173,1.04688,0.0291748,-0.114746,0.683594,0.0278685,0.511116,0.434387,0.619841,0.572894,1.29236,0.769315,0.476853,0.138784,0.00222419,0,0,0,0,0,-0.016035,-0.00696538,0.181707,0.355275,0.937658,0.864011,0.046875,0.0291748,1.17119
174,0.964844,-0.0358887,-0.240234,0.644531,-0.0371964,0.485164,0.36896,0.54973,0.438335,1.24353,0.740291,0.40696,0.299236,0.00253757,0,0,0,0,0,0.0154151,0.00568758,0.181531,0.238888,0.976351,0.874718,-0.0351562,-0.0358887,1.50093
175,0.988281,-0.0275879,1.61719,0.488281,-0.027915,0.488865,0.382509,0.566172,0.466864,1.24563,0.673486,0.381309,2.31433,0.0064733,0,0,0,0,0,0.00624762,0.00238977,0.080871,0.283639,0.964322,0.8625,-0.0117188,-0.0275879,0.893607
176,0.996094,0.0500488,1.03125,0.380859,0.0502451,0.520036,0.42446,0.597637,0.537336,1.26175,0.490625,0.293215,1.67102,0.00521684,0,0,0,0,0,-0.01955,-0.00829822,0.34738,0.297624,0.960024,0.858901,-0.00390625,0.0500488,0.823373
177,1.03125,0.0419922,-0.421875,0.761719,0.0407197,0.51624,0.43453,0.615251,0.56735,1.28174,0.619323,0.381039,0.483378,0.00289722,0,0,0,0,0,-0.0313775,-0.0136344,0.44168,0.240534,0.977829,0.859482,0.03125,0.0419922,0.812596
178,0.949219,0.0634766,0.453125,0.816406,0.0668724,0.526658,0.412377,0.575144,0.500846,1.1991,0.565383,0.325177,0.501493,0.0029326,0,0,0,0,0,-0.010288,-0.00424255,0.158634,0.254592,0.973473,0.861815,-0.0507812,0.0634766,0.654768
179,0.90625,0.00946045,-0.126953,0.523438,0.0104391,0.504165,0.368139,0.531074,0.417565,1.26432,0.530672,0.281826,0.175473,0.00229585,0,0,0,0,0,0.00760584,0.0028,0.124948,0.250117,0.975369,0.857458,-0.09375,0.00946045,0.850754
180,1.04688,0.0771484,-0.239258,1.02344,0.073694,0.529373,0.458374,0.636881,0.615723,1.23682,0.493147,0.314076,0.236502,0.00241504,0,0,0,0,0,-0.034125,-0.015642,0.603258,0.261251,0.972344,0.855274,0.046875,0.0771484,0.807517
181,1.04688,0.0554199,-0.988281,0.671875,0.0529384,0.52111,0.447509,0.629107,0.59604,1.11282,0.692539,0.435681,1.20569,0.00430799,0,0,0,0,0,-0.0247702,-0.0110849,0.311812,0.391411,0.921762,0.868395,0.046875,0.0554199,0.861646
182,0.953125,0.0375977,-0.229492,0.8125,0.0394467,0.515733,0.401004,0.568213,0.48367,1.19552,0.569949,0.323852,0.254599,0.00245039,0,0,0,0,0,-0.018171,-0.00728665,0.277939,0.220433,0.983011,0.860941,-0.046875,0.0375977,0.870749
183,1.07031,0.114746,-0.074707,0.730469,0.107208,0.542688,0.486571,0.664164,0.677865,1.09517,0.655389,0.435286,0.0874099,0.00212385,0,0,0,0,0,-0.0281982,-0.0137204,0.375085,0.187092,0.991091,0.859698,0.0703125,0.114746,0.656746
184,1.07031,0.0578613,-0.101074,0.621094,0.0540602,0.521556,0.458129,0.643618,0.624126,1.30465,0.784823,0.505126,0.128251,0.00220362,0,0,0,0,0,-0.0185388,-0.00849316,0.205929,0.287925,0.962264,0.86817,0.0703125,0.0578613,1.1034
185,1.05469,0.161133,0.660156,0.898438,0.152778,0.560713,0.503499,0.672273,0.705461,1.21893,0.84333,0.566947,0.696471,0.00331342,0,0,0,0,0,-0.0366187,-0.0184375,0.378541,0.400862,0.917509,0.86737,0.0546875,0.161133,0.970112
186,0.972656,0.0549316,-0.00172424,1.42969,0.0564759,0.522519,0.417503,0.585731,0.51739,1.24576,0.566214,0.331649,0.00144204,0.00195594,0,0,0,0,0,-0.0243222,-0.0101546,0.37448,0.239945,0.977781,0.861036,-0.0273438,0.0549316,0.667755
187,1.08594,0.0108032,-0.792969,0.765625,0.00994829,0.503969,0.440865,0.636188,0.599097,1.1977,0.671918,0.427466,0.90625,0.00372314,0,0,0,0,0,-0.020584,-0.00907477,0.267067,0.337584,0.943308,0.881718,0.0859375,0.0108032,0.818691
188,1.02344,-0.0854492,0.816406,0.5625,-0.0834924,0.46673,0.367676,0.567486,0.457226,1.12996,0.813784,0.461811,1.08854,0.00407918,0,0,0,0,0,0.0385463,0.0141726,0.412934,0.271964,0.966776,0.873933,0.0234375,-0.0854492,1.13688
189,0.929688,-0.00109863,0.0456543,0.628906,-0.00118172,0.499529,0.372258,0.541078,0.431341,1.27207,0.704592,0.381239,0.057569,0.00206556,0,0,0,0,0,0.00357979,0.0013326,0.0442922,0.279673,0.964711,0.870458,-0.0703125,-0.00109863,0.858673
190,1.03125,-0.000610352,0.211914,0.455078,-0.000591856,0.499764,0.413229,0.600396,0.531234,1.10752,0.578941,0.347594,0.314135,0.00256667,0,0,0,0,0,-0.00516942,-0.00213615,0.077842,0.243098,0.977273,0.858281,0.03125,-0.000610352,0.761196
191,1.03125,-0.0583496,0.206055,0.621094,-0.0565814,0.477439,0.384359,0.580904,0.485182,1.2233,0.695753,0.404166,0.261459,0.00246379,0,0,0,0,0,0.0185594,0.00713347,0.23255,0.27271,0.967281,0.867263,0.03125,-0.0583496,1.12799
192,1.00781,0.0233154,0.139648,0.558594,0.0231347,0.509229,0.415793,0.595043,0.52696,1.21396,0.700384,0.416759,0.186848,0.00231806,0,0,0,0,0,0.00592682,0.00246433,0.0737721,0.264514,0.970147,0.86454,0.0078125,0.0233154,1.0441
193,0.949219,-0.0108643,0.464844,0.796875,-0.0114455,0.495434,0.375207,0.549105,0.442296,1.32736,0.516043,0.283362,0.520729,0.00297017,0,0,0,0,0,-0.00798416,-0.00299571,0.134881,0.250286,0.975073,0.859268,-0.0507812,-0.0108643,0.811389
194,1.07812,-0.0419922,0.28125,0.28125,-0.0389493,0.484465,0.411335,0.613639,0.545749,0.997785,0.761536,0.467309,0.53033,0.00298893,0,0,0,0,0,0.0029682,0.00122092,0.0339789,0.34265,0.941038,0.886616,0.078125,-0.0419922,1.01857
195,0.957031,-0.0154419,0.235352,0.59375,-0.0161352,0.493563,0.376051,0.552093,0.446221,1.22184,0.698709,0.385753,0.305433,0.00254967,0,0,0,0,0,-0.0165911,-0.0062391,0.207007,0.262754,0.970872,0.863019,-0.0429688,-0.0154419,1.10868
196,1.00781,0.0654297,1.01562,0.546875,0.0649225,0.525882,0.43685,0.609943,0.562868,1.13517,0.560806,0.342059,1.37338,0.0046355,0,0,0,0,0,-0.0265292,-0.0115893,0.4124,0.258673,0.972608,0.859122,0.0078125,0.0654297,0.662812
197,0.964844,-0.0654297,1.71875,1.00781,-0.0678138,0.472967,0.35419,0.539928,0.416972,1.38224,0.673998,0.36391,1.71208,0.00529702,0,0,0,0,0,-0.00551866,-0.00195465,0.0713809,0.243035,0.976941,0.86084,-0.0351562,-0.0654297,1.01896
198,0.980469,0.0158691,0.103027,0.65625,0.0161853,0.506457,0.401105,0.576523,0.493264,1.24223,0.480006,0.276734,0.12718,0.00220152,0,0,0,0,0,-0.012711,-0.00509843,0.230855,0.233465,0.980155,0.856826,-0.0195312,0.0158691,0.752769
199,0.953125,0.0110474,0.108887,0.679688,0.0115907,0.504624,0.387729,0.558924,0.462729,1.24857,0.490838,0.274341,0.132075,0.00221108,0,0,0,0,0,-0.00988509,-0.00383273,0.175569,0.210858,0.985879,0.857746,-0.046875,0.0110474,0.813714
200,1,0.0517578,0.036377,0.435547,0.0517578,0.520639,0.426881,0.600518,0.542849,1.13283,0.576372,0.346122,0.05512,0.00206078,0,0,0,0,0,-0.0221417,-0.00945188,0.3349,0.254816,0.973853,0.858439,0,0.0517578,0.582365
201,0.992188,-0.00952148,-0.353516,0.707031,-0.00959646,0.496172,0.393109,0.574589,0.484687,1.38392,0.71987,0.413629,0.420426,0.00277427,0,0,0,0,0,0.0134598,0.00529117,0.163002,0.296341,0.95993,0.863581,-0.0078125,-0.00952148,1.15252
202,0.992188,0.00534058,-0.00588989,0.828125,0.00538263,0.502147,0.40054,0.579698,0.496482,1.34727,0.454059,0.263217,0.00647231,0.00196577,0,0,0,0,0,-0.0113279,-0.00453729,0.217493,0.176865,0.994004,0.854987,-0.0078125,0.00534058,0.619515
203,1.03125,-0.0112915,0.412109,0.835938,-0.0109493,0.495632,0.407888,0.596733,0.522463,1.21109,0.647108,0.386151,0.450739,0.00283348,0,0,0,0,0,0.00356102,0.0014525,0.0479738,0.276063,0.966101,0.868311,0.03125,-0.0112915,1.01443
204,1.04688,0.0991211,0.474609,0.742188,0.0946828,0.537717,0.46936,0.644833,0.636108,1.26562,0.592933,0.382343,0.550909,0.00302912,0,0,0,0,0,-0.0366265,-0.017191,0.538514,0.344898,0.942372,0.858586,0.046875,0.0991211,0.918812
205,0.957031,0.0217285,0.734375,0.404297,0.0227041,0.509057,0.394636,0.564916,0.474868,1.09089,0.551745,0.31169,1.15496,0.00420891,0,0,0,0,0,-0.00995375,-0.00392811,0.157273,0.253631,0.973101,0.867013,-0.0429688,0.0217285,0.970878
206,1.00781,0.0927734,-0.201172,0.835938,0.0920543,0.536673,0.450522,0.619808,0.587132,1.23875,0.626835,0.388517,0.220029,0.00238287,0,0,0,0,0,-0.0223962,-0.01009,0.311478,0.284095,0.964041,0.863617,0.0078125,0.0927734,0.95712
207,1.03906,-0.0490723,-0.976562,0.550781,-0.0472274,0.481166,0.39213,0.588532,0.500136,1.2082,0.704182,0.414433,1.31586,0.00452317,0,0,0,0,0,0.0125975,0.00493985,0.155957,0.383051,0.9255,0.868236,0.0390625,-0.0490723,1.2795
208,1.01562,-0.00704956,-0.523438,0.710938,-0.00694111,0.497231,0.403743,0.589085,0.51003,1.38232,0.64383,0.379271,0.620796,0.00316562,0,0,0,0,0,0.00584653,0.0023605,0.079165,0.234175,0.979275,0.861726,0.015625,-0.00704956,1.06033
209,1.09375,0.0217285,-0.212891,0.462891,0.0198661,0.507925,0.449461,0.644535,0.617441,1.14971,0.775888,0.500087,0.312908,0.00256427,0,0,0,0,0,-0.00218783,-0.000983343,0.0245822,0.384554,0.923857,0.886526,0.09375,0.0217285,1.20469
210,1.00781,0.00622559,-0.0668945,0.550781,0.00617733,0.502464,0.407248,0.589104,0.512894,1.0765,0.60576,0.356856,0.0901366,0.00212917,0,0,0,0,0,-0.0153142,-0.00623668,0.220394,0.266092,0.969477,0.866082,0.0078125,0.00622559,1.1476
211,1,0.0109253,0.589844,0.949219,0.0109253,0.504358,0.406465,0.586181,0.508822,1.3,0.721562,0.422966,0.605416,0.00313558,0,0,0,0,0,-0.00941096,-0.00382523,0.113702,0.244624,0.97467,0.875561,0,0.0109253,0.942996
212,1.03906,-0.0419922,1.04688,0.832031,-0.0404135,0.483882,0.39567,0.590896,0.505714,1.34985,0.771761,0.456031,1.14769,0.00419471,0,0,0,0,0,0.00736508,0.00291414,0.0831957,0.241495,0.976972,0.863862,0.0390625,-0.0419922,1.06941
213,0.992188,0.0155029,-0.310547,0.519531,0.015625,0.506233,0.405621,0.58322,0.504674,1.00921,0.518761,0.302552,0.430845,0.00279462,0,0,0,0,0,-0.00838491,-0.00340109,0.140909,0.322588,0.950428,0.864544,-0.0078125,0.0155029,0.740382
214,0.996094,-0.0412598,-0.0693359,0.640625,-0.0414216,0.48348,0.378806,0.566125,0.463991,1.28763,0.613499,0.347317,0.0866276,0.00212232,0,0,0,0,0,0.000162589,6.15897e-05,0.00231038,0.242387,0.977402,0.8588,-0.00390625,-0.0412598,0.911925
215,1.03906,0.0456543,0.609375,0.53125,0.043938,0.517523,0.439494,0.621094,0.578913,1.2493,0.552423,0.343107,0.836056,0.00358605,0,0,0,0,0,-0.0262366,-0.0115308,0.414041,0.226084,0.981876,0.858613,0.0390625,0.0456543,0.698925
216,1.10938,-0.0147095,-0.34375,0.652344,-0.0132592,0.49471,0.437507,0.641065,0.602377,1.29898,0.838655,0.537633,0.425603,0.00278438,0,0,0,0,0,0.0172473,0.0075458,0.179285,0.326486,0.947625,0.879896,0.109375,-0.0147095,1.08159
217,0.96875,0.0385742,-0.660156,0.632812,0.0398185,0.515881,0.407758,0.577655,0.499952,1.11659,0.556639,0.321545,0.829868,0.00357396,0,0,0,0,0,-0.0062417,-0.0025451,0.0977544,0.401787,0.916818,0.872229,-0.03125,0.0385742,0.677022
218,0.953125,0.0145874,0.648438,0.398438,0.0153048,0.506105,0.389499,0.560153,0.465481,1.10015,0.578961,0.324307,1.02728,0.00395953,0,0,0,0,0,-0.0140579,-0.00547554,0.211679,0.284071,0.964372,0.860884,-0.046875,0.0145874,0.739434
219,0.988281,0.0163574,0.894531,0.667969,0.0165514,0.506603,0.404482,0.581243,0.501449,1.21852,0.606688,0.352633,1.0945,0.00409083,0,0,0,0,0,-0.0250661,-0.0101388,0.360187,0.251451,0.974011,0.864812,-0.0117188,0.0163574,0.926498
220,1,-0.0600586,-0.114746,0.519531,-0.0600586,0.476054,0.370973,0.562152,0.453636,0.928011,0.673442,0.378577,0.159196,0.00226405,0,0,0,0,0,0.0120938,0.00448647,0.156556,0.407291,0.913368,0.902109,0,-0.0600586,1.00926
221,0.960938,0.00445557,0.180664,0.769531,0.00463669,0.50185,0.387566,0.561192,0.465144,1.26888,0.485964,0.272719,0.205949,0.00235537,0,0,0,0,0,-0.0168409,-0.00652695,0.302112,0.217747,0.984233,0.857234,-0.0390625,0.00445557,0.846334
222,0.984375,-0.026123,-0.248047,0.65625,-0.0265377,0.489414,0.381675,0.564392,0.464215,1.23094,0.427196,0.241106,0.306196,0.00255116,0,0,0,0,0,-0.0142547,-0.00544067,0.290896,0.214951,0.985369,0.854384,-0.015625,-0.026123,0.552245
223,1.05469,-0.032959,0.738281,0.421875,-0.03125,0.487535,0.406453,0.603029,0.528847,1.07349,0.731562,0.441152,1.13666,0.00417316,0,0,0,0,0,0.0131729,0.00535417,0.156978,0.39215,0.920031,0.904551,0.0546875,-0.032959,1.15177
224,1.00781,0.0598145,-1.24219,0.996094,0.0593508,0.523664,0.434042,0.607935,0.557978,1.27887,0.535985,0.325844,1.24462,0.00438402,0,0,0,0,0,-0.0364884,-0.0158375,0.593483,0.196081,0.989819,0.854951,0.0078125,0.0598145,0.601313
225,0.972656,0.0307617,-0.65625,0.773438,0.0316265,0.512615,0.405418,0.577179,0.4975,0.997267,0.505121,0.291545,0.746203,0.00341055,0,0,0,0,0,-0.0262805,-0.0106546,0.453571,0.195838,0.989624,0.856548,-0.0273438,0.0307617,0.672789
226,1.02344,0.0361328,-1.03125,0.550781,0.0353053,0.514082,0.428467,0.608637,0.554023,0.951423,0.48048,0.292438,1.38955,0.00466709,0,0,0,0,0,-0.0224227,-0.00960738,0.406835,0.203738,0.987331,0.859536,0.0234375,0.0361328,0.679276
227,0.992188,-0.0203857,-0.527344,0.632812,-0.0205463,0.491804,0.387677,0.570886,0.476204,1.22897,0.581027,0.3317,0.662913,0.00324788,0,0,0,0,0,-0.000383277,-0.000148587,0.00575073,0.300509,0.958703,0.861662,-0.0078125,-0.0203857,0.737935
228,1.03906,0.029541,0.957031,0.863281,0.0284305,0.511341,0.431437,0.61542,0.564879,1.31015,0.688909,0.423968,1.03003,0.0039649,0,0,0,0,0,-0.0190819,-0.00823265,0.241472,0.351802,0.938634,0.869367,0.0390625,0.029541,1.04381
229,0.980469,0.00854492,-1.03906,0.664062,0.00871514,0.503477,0.397443,0.573981,0.487415,1.30465,0.504945,0.289829,1.27508,0.00444351,0,0,0,0,0,-0.0166108,-0.00660184,0.286783,0.269119,0.96996,0.854861,-0.0195312,0.00854492,0.753273
230,1.02344,0.0625,-0.259766,0.75,0.0610687,0.524348,0.441651,0.617989,0.576965,1.30178,0.804634,0.497255,0.299952,0.00253897,0,0,0,0,0,-0.0235448,-0.0103986,0.255096,0.280099,0.964259,0.873423,0.0234375,0.0625,0.884389
231,1.00781,0.0493164,0.353516,0.824219,0.0489341,0.519514,0.428793,0.604199,0.54892,1.20891,0.482244,0.291371,0.389392,0.00271366,0,0,0,0,0,-0.0209538,-0.00898484,0.378793,0.213377,0.985692,0.854855,0.0078125,0.0493164,0.558478
232,1.14844,0.0927734,0.365234,0.589844,0.0807823,0.532192,0.506913,0.701603,0.749207,1.14236,0.812588,0.570114,0.475558,0.00288195,0,0,0,0,0,-0.0457827,-0.0232078,0.491177,0.350273,0.939832,0.86253,0.148438,0.0927734,1.22756
233,0.929688,0.0117188,-1.72656,1.00781,0.012605,0.505029,0.378666,0.545507,0.440966,1.281,0.466923,0.25471,1.71986,0.00531222,0,0,0,0,0,-0.0115527,-0.00437462,0.215698,0.23167,0.980422,0.858365,-0.0703125,0.0117188,0.799105
234,0.957031,0.00454712,-1.05469,0.769531,0.00475128,0.501895,0.386045,0.558949,0.461455,1.28031,0.399919,0.223535,1.20229,0.00430136,0,0,0,0,0,-0.016041,-0.00619255,0.349676,0.222549,0.983342,0.85493,-0.0429688,0.00454712,0.721601
235,0.980469,0.0286865,0.0532227,1.00781,0.029258,0.511671,0.407514,0.581,0.503628,1.35508,0.65335,0.379596,0.053016,0.00205667,0,0,0,0,0,-0.00892115,-0.00363549,0.119037,0.246965,0.975872,0.860465,-0.0195312,0.0286865,0.6992
236,1.07031,-0.0654297,0.0593262,0.765625,-0.0611314,0.475627,0.396483,0.6013,0.51876,1.3397,0.809496,0.48675,0.0678013,0.00208555,0,0,0,0,0,0.017562,0.00696302,0.189132,0.264253,0.969951,0.866826,0.0703125,-0.0654297,1.38111
237,0.996094,0.00747681,-0.134766,0.494141,0.00750613,0.502994,0.403174,0.582712,0.502102,1.36659,0.689522,0.401793,0.191714,0.00232757,0,0,0,0,0,0.00753026,0.00303601,0.0952069,0.295388,0.960554,0.860968,-0.00390625,0.00747681,0.989543
238,0.984375,-0.0334473,0.390625,0.644531,-0.0339782,0.486447,0.378013,0.561922,0.458651,1.20722,0.620655,0.34876,0.486562,0.00290344,0,0,0,0,0,0.017963,0.00679025,0.252311,0.277903,0.965998,0.864108,-0.015625,-0.0334473,0.965248
239,1,-0.041748,0.511719,0.789062,-0.041748,0.48335,0.380128,0.568236,0.467389,1.32586,0.64178,0.364682,0.57607,0.00307826,0,0,0,0,0,0.0136078,0.00517272,0.184846,0.251494,0.974834,0.858425,0,-0.041748,1.20444
240,0.988281,0.0128784,1.0625,1.14062,0.0130311,0.505199,0.402742,0.580034,0.49864,1.29549,0.72781,0.422154,0.99485,0.00389619,0,0,0,0,0,-0.00267762,-0.00107839,0.0320728,0.248111,0.975363,0.861823,-0.0117188,0.0128784,0.964508
241,0.964844,-0.110352,-0.777344,1.04688,-0.114372,0.454471,0.331729,0.525467,0.386159,1.46481,0.780329,0.410037,0.759741,0.00343699,0,0,0,0,0,0.031114,0.0103214,0.347604,0.249095,0.973377,0.875849,-0.0351562,-0.110352,1.21465
242,1.0625,-0.0693359,0.738281,0.585938,-0.0652574,0.473985,0.391397,0.595468,0.507774,1.37468,0.916381,0.545676,0.964487,0.00383689,0,0,0,0,0,0.0228585,0.00894675,0.217459,0.234831,0.977714,0.872501,0.0625,-0.0693359,1.29398
243,0.960938,0.0241699,-0.351562,0.777344,0.0251524,0.510033,0.397423,0.568044,0.48062,1.28306,0.575749,0.327051,0.398746,0.00273193,0,0,0,0,0,-0.0144249,-0.00573277,0.218416,0.244664,0.976674,0.859405,-0.0390625,0.0241699,0.764861
244,1.02344,0.0305176,-0.671875,0.707031,0.0298187,0.511894,0.42566,0.606663,0.549227,1.30823,0.769637,0.466911,0.799041,0.00351375,0,0,0,0,0,-0.00850176,-0.00361885,0.0963007,0.405072,0.915038,0.877917,0.0234375,0.0305176,0.888943
245,0.964844,-0.0742188,-0.197266,0.570312,-0.0769231,0.469342,0.349795,0.537055,0.410785,1.16587,0.815802,0.438131,0.261213,0.00246331,0,0,0,0,0,0.0316444,0.0110691,0.338158,0.315175,0.951534,0.882601,-0.0351562,-0.0742188,1.06225
246,0.925781,-0.000637054,0.65625,0.507812,-0.000688126,0.499725,0.370922,0.538962,0.428063,1.08587,0.47572,0.256395,0.920911,0.00375178,0,0,0,0,0,-0.0157141,-0.00582872,0.287969,0.258981,0.972307,0.860715,-0.0742188,-0.000637054,0.772665
247,0.875,-0.101074,0.78125,0.769531,-0.115513,0.454019,0.30034,0.476222,0.316991,1.2692,0.70579,0.336113,0.890588,0.00369255,0,0,0,0,0,0.0263217,0.00790545,0.325121,0.277507,0.966033,0.864895,-0.125,-0.101074,1.12482
248,0.933594,-0.0327148,0.574219,1.16406,-0.0350418,0.486023,0.358016,0.5326,0.411839,1.35118,0.578761,0.308248,0.532218,0.00299261,0,0,0,0,0,-0.0109084,-0.00390539,0.164312,0.198392,0.988574,0.859585,-0.0664062,-0.0327148,0.731177
249,0.976562,-0.0654297,1.10938,0.5625,-0.067,0.473291,0.358889,0.546746,0.427733,1.14379,0.674435,0.368745,1.47917,0.00484212,0,0,0,0,0,0.00744142,0.00267064,0.0961884,0.278535,0.964569,0.875263,-0.0234375,-0.0654297,0.963762
250,1.02344,0.00370789,-0.0195312,0.816406,0.00362297,0.501445,0.412255,0.597334,0.526762,1.30346,0.56897,0.339865,0.0216161,0.00199534,0,0,0,0,0,-0.0286176,-0.0117977,0.438481,0.265125,0.970906,0.857108,0.0234375,0.00370789,0.599192
251,1.00781,0.00259399,0.625,0.789062,0.00257389,0.501027,0.405432,0.58785,0.509943,1.2081,0.726537,0.427095,0.703598,0.00332734,0,0,0,0,0,0.00680351,0.00275836,0.0816361,0.283367,0.962627,0.879278,0.0078125,0.00259399,1.12845
252,1.03125,0.0456543,-2.14062,0.734375,0.0442708,0.517656,0.436361,0.616546,0.57054,1.25447,0.562083,0.34655,2.49794,0.00683191,0,0,0,0,0,-0.0289174,-0.0126184,0.448503,0.169758,0.995691,0.853499,0.03125,0.0456543,0.453298
253,1.03125,0.0610352,0.203125,1.01562,0.0591856,0.523598,0.444051,0.622013,0.584081,1.1771,0.641333,0.398917,0.201556,0.00234679,0,0,0,0,0,-0.0223687,-0.00993284,0.304063,0.240565,0.976479,0.869787,0.03125,0.0610352,0.768407
254,1.02344,0.0283203,-0.0192871,0.691406,0.0276718,0.511038,0.424561,0.605893,0.547359,1.21427,0.528783,0.320386,0.0231953,0.00199843,0,0,0,0,0,-0.0276094,-0.0117219,0.455183,0.206893,0.987375,0.854279,0.0234375,0.0283203,0.530635
255,1.11719,0.0351562,-0.582031,0.46875,0.0314685,0.512552,0.465573,0.662883,0.656172,1.11424,0.912441,0.604841,0.850111,0.0036135,0,0,0,0,0,-0.0269053,-0.0125264,0.257063,0.379103,0.92612,0.888474,0.117188,0.0351562,1.06476
256,1.07812,-0.0128174,-0.589844,0.585938,-0.0118886,0.495257,0.425922,0.623512,0.570176,1.32925,0.837727,0.522333,0.770569,0.00345814,0,0,0,0,0,0.0168734,0.00718676,0.175593,0.448452,0.893808,0.895286,0.078125,-0.0128174,1.14074
257,0.988281,-0.00370789,0.138672,0.910156,-0.00375185,0.498503,0.394449,0.574306,0.485418,1.25156,0.427682,0.245621,0.145355,0.00223702,0,0,0,0,0,-0.00819959,-0.00323432,0.167139,0.183114,0.992666,0.85513,-0.0117188,-0.00370789,0.698666
258,1.02344,-0.00811768,-0.271484,0.683594,-0.00793177,0.496836,0.406342,0.593269,0.517082,1.15859,0.574425,0.340789,0.328357,0.00259445,0,0,0,0,0,-0.00887384,-0.00360581,0.134674,0.262523,0.97158,0.858066,0.0234375,-0.00811768,0.860287
259,1.01562,0.0505371,-0.914062,0.429688,0.0497596,0.519843,0.432537,0.60918,0.558188,1.2072,0.690843,0.420848,1.39444,0.00467664,0,0,0,0,0,-0.00822931,-0.00355948,0.103846,0.317757,0.952361,0.863134,0.015625,0.0505371,1.044
260,0.976562,-0.0639648,0.570312,0.621094,-0.0655,0.473888,0.359621,0.547227,0.428785,1.38375,0.706194,0.386449,0.72366,0.00336652,0,0,0,0,0,0.0135508,0.00487316,0.167281,0.264292,0.97014,0.865159,-0.0234375,-0.0639648,0.934935
261,0.894531,0.0217285,1.00781,0.671875,0.0242904,0.50969,0.369573,0.52852,0.415918,1.17865,0.547905,0.289578,1.22952,0.00435453,0,0,0,0,0,-0.0102085,-0.00377279,0.162429,0.287156,0.96312,0.86283,-0.105469,0.0217285,0.646849
262,1.02344,0.0488281,0.171875,1.08594,0.0477099,0.519026,0.434815,0.613122,0.564982,1.38358,0.501622,0.307556,0.164934,0.00227526,0,0,0,0,0,-0.0302984,-0.0131742,0.526562,0.155662,0.998155,0.854821,0.0234375,0.0488281,0.632887
263,1.02344,-0.0135498,-0.753906,1.17188,-0.0132395,0.494718,0.403626,0.591412,0.512682,1.19141,0.639059,0.377948,0.696429,0.00331334,0,0,0,0,0,-0.0101451,-0.00409482,0.138395,0.243676,0.975607,0.869836,0.0234375,-0.0135498,1.02365
264,1.14844,0.0859375,0.0378418,0.835938,0.0748299,0.529825,0.503495,0.699137,0.7423,1.041,0.792793,0.554271,0.041389,0.00203396,0,0,0,0,0,-0.0421247,-0.0212096,0.463216,0.423238,0.90683,0.868478,0.148438,0.0859375,0.906264
265,1.00781,-0.036377,-0.0157471,0.546875,-0.036095,0.485603,0.385947,0.574585,0.479102,1.37052,0.60545,0.347882,0.0212939,0.00199471,0,0,0,0,0,0.0121819,0.00470158,0.175406,0.221447,0.983282,0.857261,0.0078125,-0.036377,0.930515
266,1.02344,0.0576172,0.0869141,0.5625,0.0562977,0.522448,0.439209,0.616246,0.572664,1.16754,0.479534,0.295511,0.115885,0.00217946,0,0,0,0,0,-0.0253528,-0.0111352,0.460907,0.184403,0.992363,0.855293,0.0234375,0.0576172,0.641707
267,1.04688,-0.0927734,0.400391,0.470703,-0.0886194,0.464692,0.373413,0.578747,0.474385,1.31382,0.874939,0.506368,0.583593,0.00309296,0,0,0,0,0,0.0312258,0.0116601,0.311131,0.241425,0.975898,0.872636,0.046875,-0.0927734,1.45516
268,0.917969,-0.0593262,0.652344,0.484375,-0.0646277,0.474235,0.338445,0.514657,0.379416,1.38143,0.681245,0.350607,0.937315,0.00378382,0,0,0,0,0,0.0052945,0.00179189,0.067753,0.2359,0.978672,0.862708,-0.0820312,-0.0593262,1.11467
269,0.980469,0.0510254,0.511719,0.675781,0.0520418,0.520752,0.418683,0.588888,0.522085,1.11179,0.542112,0.319243,0.622484,0.00316891,0,0,0,0,0,-0.0195741,-0.00819535,0.314775,0.307474,0.955707,0.866733,-0.0195312,0.0510254,0.685178
270,0.957031,0.00159454,0.871094,0.546875,0.00166614,0.500665,0.384569,0.55793,0.45918,1.22177,0.653824,0.364788,1.17793,0.00425378,0,0,0,0,0,0.00383939,0.00147651,0.0511928,0.328426,0.947588,0.87152,-0.0429688,0.00159454,0.76831
271,1.05469,-0.0563965,-0.605469,0.773438,-0.0534722,0.478678,0.394734,0.595193,0.510069,1.25776,0.734449,0.437139,0.688461,0.00329777,0,0,0,0,0,0.0171333,0.00676308,0.203369,0.343511,0.940898,0.883552,0.0546875,-0.0563965,1.06853
272,1.30469,0.0761719,0.574219,0.447266,0.0583832,0.523278,0.561269,0.786567,0.933709,1.32148,0.9823,0.772644,0.858607,0.00363009,0,0,0,0,0,-0.0330571,-0.0185539,0.293378,0.609536,0.795276,0.858514,0.304688,0.0761719,1.81458
273,0.933594,0.019165,0.703125,1.29688,0.0205282,0.508189,0.383956,0.550373,0.450332,1.44377,0.511999,0.28179,0.617424,0.00315903,0,0,0,0,0,-0.0200366,-0.00769317,0.341163,0.203659,0.987944,0.855619,-0.0664062,0.019165,0.700652
274,0.984375,0.0158691,-0.490234,1.03125,0.016121,0.506431,0.402671,0.578798,0.497151,1.30399,0.451967,0.261598,0.482749,0.002896,0,0,0,0,0,-0.019838,-0.00798821,0.382647,0.164878,0.996526,0.854226,-0.015625,0.0158691,0.644643
275,0.9375,-0.0473633,0.738281,0.746094,-0.0505208,0.479854,0.352258,0.529979,0.404963,1.32058,0.606099,0.321219,0.854723,0.0036225,0,0,0,0,0,-0.00349125,-0.00122982,0.0502163,0.246425,0.976098,0.859942,-0.0625,-0.0473633,0.982734
276,1.0625,-0.0400391,-0.859375,0.410156,-0.0376838,0.48497,0.406045,0.605197,0.531136,1.12523,0.797168,0.482444,1.34186,0.00457395,0,0,0,0,0,0.0111112,0.00451167,0.121512,0.349924,0.938448,0.882487,0.0625,-0.0400391,1.21596
277,1.00781,0.0125122,-1.63281,0.707031,0.0124152,0.504953,0.410391,0.591281,0.518035,1.3024,0.735156,0.434684,1.94186,0.00574581,0,0,0,0,0,-0.00363159,-0.00149037,0.043065,0.266455,0.969512,0.864862,0.0078125,0.0125122,1.09445
278,1.00781,-0.000255585,-0.333984,0.601562,-0.000253603,0.499899,0.404007,0.586868,0.507636,1.18403,0.752408,0.441564,0.430612,0.00279416,0,0,0,0,0,-0.0221061,-0.00893102,0.256133,0.237301,0.975641,0.885156,0.0078125,-0.000255585,1.30231
279,1.125,-0.0629883,0.0238037,0.660156,-0.0559896,0.477675,0.419634,0.633934,0.577965,1.27237,0.868202,0.550383,0.0292969,0.00201035,0,0,0,0,0,0.0218976,0.00918895,0.219878,0.281208,0.964289,0.869788,0.125,-0.0629883,1.1018
280,1,-0.0305176,-0.404297,0.664062,-0.0305176,0.487827,0.385744,0.572007,0.47599,1.14017,0.577264,0.330199,0.49613,0.00292213,0,0,0,0,0,0.00790305,0.00304855,0.119351,0.286669,0.963246,0.863132,0,-0.0305176,0.972148
281,0.953125,-0.0134277,-0.90625,0.625,-0.0140881,0.49438,0.375492,0.550505,0.444049,1.31592,0.425081,0.234009,1.14633,0.00419204,0,0,0,0,0,-0.00449908,-0.00168937,0.0922698,0.203684,0.987757,0.856797,-0.046875,-0.0134277,0.740838
282,0.941406,-0.0593262,0.486328,0.996094,-0.0630187,0.474876,0.347843,0.528295,0.400091,1.16792,0.617388,0.326163,0.487281,0.00290485,0,0,0,0,0,-0.00826886,-0.00287626,0.11676,0.288224,0.96215,0.868313,-0.0585938,-0.0593262,0.950632
283,0.992188,0.0126953,-0.878906,0.519531,0.0127953,0.505104,0.404217,0.582245,0.502401,1.27988,0.535201,0.311618,1.21937,0.00433471,0,0,0,0,0,-0.0211663,-0.0085558,0.344775,0.206414,0.987342,0.855239,-0.0078125,0.0126953,0.552742
284,0.976562,0.000926971,0.0466309,0.416016,0.000949219,0.500379,0.392067,0.569075,0.477564,0.95325,0.662219,0.376853,0.0722967,0.00209433,0,0,0,0,0,0.00821545,0.00322101,0.108152,0.379195,0.925782,0.896435,-0.0234375,0.000926971,0.938228
285,1.07031,0.0275879,-0.154297,1.17969,0.0257755,0.510282,0.442992,0.632933,0.596846,1.48214,0.660151,0.417831,0.142061,0.00223059,0,0,0,0,0,-0.0164449,-0.00728497,0.217168,0.205058,0.987579,0.855817,0.0703125,0.0275879,0.804777
286,1.09375,0.0214844,0.125,1.83594,0.0196429,0.507836,0.449339,0.64445,0.617221,1.36354,0.616634,0.39739,0.0922531,0.00213331,0,0,0,0,0,-0.0287816,-0.0129327,0.406905,0.184332,0.992279,0.855912,0.09375,0.0214844,0.726929
287,1.07812,0.0927734,-0.804688,1.10156,0.0860507,0.534287,0.478717,0.660702,0.665698,1.1964,0.595799,0.393645,0.766695,0.00345058,0,0,0,0,0,-0.0435592,-0.0208525,0.637363,0.169921,0.995588,0.853925,0.078125,0.0927734,0.625541
288,1.07031,-0.00610352,-0.404297,0.941406,-0.00570255,0.497725,0.426146,0.621259,0.567564,1.16977,0.808368,0.502207,0.416689,0.00276697,0,0,0,0,0,-0.00511182,-0.00217838,0.0551281,0.392208,0.920546,0.885443,0.0703125,-0.00610352,1.16007
289,1.13281,-0.108887,-0.0388184,0.609375,-0.0961207,0.461712,0.399817,0.623523,0.548634,1.15596,0.784311,0.489035,0.0497273,0.00205025,0,0,0,0,0,0.0381609,0.0152574,0.424167,0.411659,0.912394,0.86851,0.132812,-0.108887,1.05976
290,0.980469,0.0253906,0.984375,0.910156,0.0258964,0.51033,0.405866,0.579845,0.500948,1.36206,0.418127,0.242449,1.03182,0.00396839,0,0,0,0,0,-0.0107133,-0.00434815,0.223368,0.214381,0.985308,0.855725,-0.0195312,0.0253906,0.789506
291,0.953125,0.0361328,1.71875,0.621094,0.0379098,0.51512,0.400272,0.567696,0.482497,1.16013,0.534206,0.303267,2.18089,0.00621268,0,0,0,0,0,-0.0305508,-0.0122286,0.498563,0.25753,0.972744,0.860708,-0.046875,0.0361328,0.747452
292,1.0625,-0.0546875,-0.0515137,0.488281,-0.0514706,0.479475,0.398721,0.600307,0.519348,1.20548,0.858155,0.515157,0.0737204,0.00209711,0,0,0,0,0,0.0125135,0.00498938,0.127121,0.327004,0.947111,0.884258,0.0625,-0.0546875,1.2856
293,1.04688,0.0629883,-1.11719,0.660156,0.0601679,0.523989,0.451293,0.631804,0.602842,1.23749,0.583693,0.36878,1.375,0.00463867,0,0,0,0,0,-0.0355289,-0.016034,0.530646,0.267391,0.970405,0.855586,0.046875,0.0629883,0.556064
294,1.02344,0.0167236,0.394531,0.609375,0.0163406,0.506519,0.418763,0.601844,0.537579,1.20724,0.745302,0.448556,0.505404,0.00294024,0,0,0,0,0,-0.00725074,-0.00303634,0.0848118,0.346603,0.939312,0.889906,0.0234375,0.0167236,0.861281
295,0.960938,0.00909424,0.59375,1.26562,0.00946392,0.503776,0.389885,0.562797,0.468751,1.26379,0.502306,0.282696,0.527778,0.00298394,0,0,0,0,0,-0.0146083,-0.00569558,0.253536,0.188068,0.991556,0.855349,-0.0390625,0.00909424,0.539738
296,0.941406,-0.0134277,-0.00497437,0.8125,-0.0142635,0.49431,0.370792,0.54368,0.433075,1.20212,0.515307,0.280162,0.00551856,0.0019639,0,0,0,0,0,-0.00399778,-0.00148235,0.0676331,0.295887,0.960348,0.861264,-0.0585938,-0.0134277,0.845149
297,0.882812,0.0444336,0.287109,0.738281,0.0503319,0.520071,0.376227,0.529698,0.422126,1.25528,0.415355,0.220013,0.334146,0.00260575,0,0,0,0,0,-0.0151165,-0.00568724,0.317277,0.206541,0.987278,0.855454,-0.117188,0.0444336,0.771472
298,0.953125,0.0603027,1.13281,1.34375,0.0632684,0.525224,0.412357,0.576281,0.502138,1.39169,0.808161,0.465728,0.977235,0.00386179,0,0,0,0,0,0.00740202,0.00305227,0.0798471,0.239724,0.976041,0.875424,-0.046875,0.0603027,0.949223
299,1.03125,0.0155029,-0.326172,0.652344,0.0150331,0.505997,0.421285,0.60597,0.54468,1.1597,0.743908,0.450786,0.403839,0.00274187,0,0,0,0,0,-0.00930274,-0.00391911,0.109018,0.276858,0.964483,0.881549,0.03125,0.0155029,1.02368
300,1,0.0368652,-0.455078,1.05469,0.0368652,0.514704,0.419435,0.595248,0.530246,1.24717,0.466198,0.277503,0.443123,0.0028186,0,0,0,0,0,-0.0228292,-0.00957535,0.4269,0.192397,0.990483,0.856045,0,0.0368652,0.666211
301,0.972656,0.0456543,-0.800781,0.847656,0.0469378,0.518719,0.412865,0.582434,0.509686,1.29127,0.429673,0.250256,0.869769,0.00365189,0,0,0,0,0,-0.0201251,-0.00830893,0.408326,0.207244,0.987245,0.854571,-0.0273438,0.0456543,0.620275
302,0.960938,0.0153198,1.05469,0.710938,0.0159426,0.50636,0.392998,0.564957,0.473624,1.23015,0.680321,0.384352,1.25086,0.00439621,0,0,0,0,0,0.0178421,0.00701189,0.228632,0.289695,0.961234,0.872385,-0.0390625,0.0153198,0.901261
303,1.02344,0.0561523,-0.271484,0.855469,0.0548664,0.521878,0.438477,0.615724,0.571379,1.26587,0.588317,0.362241,0.293523,0.00252641,0,0,0,0,0,-0.0165606,-0.00726146,0.245399,0.294333,0.960337,0.866111,0.0234375,0.0561523,0.585486
304,1.03125,0.0194092,0.996094,0.804688,0.018821,0.507508,0.423238,0.607329,0.547979,1.29156,0.640711,0.389122,1.11042,0.00412191,0,0,0,0,0,-0.0209298,-0.00885828,0.28478,0.237903,0.978941,0.856779,0.03125,0.0194092,0.843723
305,1.10156,0.108887,0.625,1.27344,0.0988475,0.53937,0.496173,0.68019,0.708845,1.20155,0.709289,0.482451,0.553849,0.00303486,0,0,0,0,0,-0.0257233,-0.0127632,0.316163,0.402635,0.915676,0.891623,0.101562,0.108887,1.01103
306,0.988281,-0.00564575,1.14062,0.917969,-0.0057127,0.497721,0.39348,0.573641,0.483891,1.32286,0.726094,0.416518,1.1905,0.00427832,0,0,0,0,0,0.0109831,0.00432164,0.131868,0.245507,0.976014,0.862534,-0.0117188,-0.00564575,0.880664
307,1.01562,0.00488281,0.421875,0.925781,0.00480769,0.501918,0.409709,0.59319,0.519736,1.23442,0.662768,0.393147,0.43846,0.00280949,0,0,0,0,0,-0.0024534,-0.00100518,0.0322711,0.213319,0.984294,0.864542,0.015625,0.00488281,0.973853
308,0.992188,0.00306702,0.632812,0.65625,0.00309117,0.501233,0.399403,0.578913,0.494663,1.20889,0.684971,0.396539,0.781161,0.00347883,0,0,0,0,0,0.00516563,0.00206317,0.0657443,0.306934,0.956343,0.862535,-0.0078125,0.00306702,0.902195
309,0.992188,-0.00778198,0.148438,0.617188,-0.00784326,0.496871,0.393979,0.575184,0.486056,1.18725,0.828528,0.476556,0.188945,0.00232216,0,0,0,0,0,0.00465704,0.00183477,0.0490015,0.327894,0.947055,0.88051,-0.0078125,-0.00778198,1.24083
310,1.00781,0.0427246,0.832031,0.554688,0.0423934,0.516907,0.425497,0.601864,0.543289,1.20761,0.642997,0.386997,1.11716,0.00413508,0,0,0,0,0,-0.00171415,-0.000729368,0.0232406,0.421313,0.907313,0.880458,0.0078125,0.0427246,0.809633
311,1.20312,0.132812,-0.205078,0.703125,0.11039,0.54395,0.548862,0.747982,0.860727,1.1976,0.810659,0.606358,0.24457,0.0024308,0,0,0,0,0,-0.0462109,-0.0253634,0.496951,0.39783,0.919642,0.856317,0.203125,0.132812,1.08013
312,0.941406,0.00288391,-0.460938,0.523438,0.00306341,0.501222,0.378948,0.549275,0.445304,1.29009,0.505817,0.277832,0.637103,0.00319747,0,0,0,0,0,-0.0147836,-0.00560222,0.254797,0.282892,0.964855,0.8601,-0.0585938,0.00288391,0.759492
313,0.953125,-0.0274658,0.236328,0.554688,-0.0288166,0.488505,0.368472,0.545741,0.433606,1.25417,0.540186,0.294802,0.317315,0.00257288,0,0,0,0,0,0.0170572,0.00628512,0.275278,0.214188,0.984761,0.859738,-0.046875,-0.0274658,1.05675
314,1,0.0249023,-1.35938,0.707031,0.0249023,0.509934,0.413454,0.591048,0.520282,1.12192,0.574777,0.339721,1.61666,0.00511067,0,0,0,0,0,-0.00524172,-0.00216721,0.0795026,0.240478,0.976988,0.865922,0,0.0249023,0.821724
315,1.05469,0.0529785,0.188477,0.710938,0.0502315,0.520031,0.449421,0.632787,0.602399,1.36631,0.805958,0.51,0.223533,0.00238971,0,0,0,0,0,-0.0107323,-0.00482335,0.116089,0.279543,0.964717,0.870787,0.0546875,0.0529785,1.07977
316,1.03125,0.0544434,0.304688,0.683594,0.0527936,0.521052,0.440755,0.619664,0.578249,1.16665,0.577095,0.357605,0.368515,0.00267288,0,0,0,0,0,-0.0246009,-0.010843,0.371629,0.19879,0.989169,0.855109,0.03125,0.0544434,0.528295
317,0.984375,0.0078125,-0.617188,0.75,0.00793651,0.503166,0.398643,0.576003,0.490695,1.1509,0.579958,0.334057,0.712667,0.00334505,0,0,0,0,0,-0.00459641,-0.00183233,0.0690922,0.203208,0.987297,0.860614,-0.015625,0.0078125,0.887126
318,0.976562,0.0146484,-0.605469,0.9375,0.015,0.505984,0.398928,0.573824,0.488417,1.438,0.656574,0.376758,0.625325,0.00317446,0,0,0,0,0,-0.00795671,-0.00317415,0.105647,0.237521,0.978254,0.862508,-0.0234375,0.0146484,0.964636
319,1.00781,-0.041748,0.0177002,0.589844,-0.0414244,0.483479,0.383261,0.572784,0.474971,1.09749,0.617172,0.353506,0.0230467,0.00199814,0,0,0,0,0,-0.00982345,-0.00376495,0.13876,0.28686,0.962716,0.867266,0.0078125,-0.041748,0.923033
320,1,-0.03125,0.24707,0.507812,-0.03125,0.487535,0.385377,0.57176,0.475426,1.24842,0.674683,0.385757,0.346712,0.0026303,0,0,0,0,0,-0.000459169,-0.000176953,0.00593307,0.24603,0.974906,0.870152,0,-0.03125,0.91467
321,1,-0.0219727,0.535156,1.125,-0.0219727,0.491235,0.390016,0.574897,0.482619,1.23046,0.698455,0.40154,0.50455,0.00293857,0,0,0,0,0,-0.00896991,-0.00349841,0.111958,0.250355,0.974267,0.865297,0,-0.0219727,0.885975
322,1.00781,-0.0424805,-0.213867,0.59375,-0.0421512,0.483189,0.382895,0.572539,0.47441,1.08388,0.759408,0.434791,0.277551,0.00249522,0,0,0,0,0,0.0193076,0.00739278,0.221646,0.270665,0.966818,0.877395,0.0078125,-0.0424805,1.17557
323,1.08594,-0.115723,-0.300781,0.4375,-0.106565,0.457567,0.377602,0.594102,0.49554,1.08015,0.927265,0.55089,0.454739,0.00284129,0,0,0,0,0,0.037159,0.0140313,0.349355,0.358863,0.934157,0.896314,0.0859375,-0.115723,1.49062
324,1.01562,0.0186768,0.695312,0.679688,0.0183894,0.507336,0.416606,0.597974,0.531134,1.42246,0.837876,0.501028,0.843384,0.00360036,0,0,0,0,0,0.0150307,0.00626189,0.156389,0.241469,0.976407,0.868343,0.015625,0.0186768,1.12925
325,0.878906,-0.123535,-0.394531,0.640625,-0.140556,0.444111,0.290676,0.471485,0.30679,1.18868,0.700587,0.330316,0.492923,0.00291587,0,0,0,0,0,0.0341548,0.00992797,0.425007,0.280446,0.965532,0.861116,-0.121094,-0.123535,1.03549
326,1.14062,-0.0583496,0.229492,0.5625,-0.0511558,0.479601,0.428219,0.644567,0.598838,1.21096,0.966558,0.623011,0.30599,0.00255076,0,0,0,0,0,0.023574,0.0100948,0.212624,0.339872,0.94235,0.882874,0.140625,-0.0583496,1.397
327,1.04688,0.00836182,0.144531,0.554688,0.00798741,0.503186,0.42398,0.612593,0.555029,1.21186,0.800313,0.490266,0.194061,0.00233215,0,0,0,0,0,0.0188639,0.00799791,0.205484,0.2578,0.971519,0.86998,0.046875,0.00836182,1.33093
328,0.886719,-0.0529785,0.785156,0.800781,-0.0597467,0.476179,0.329087,0.498562,0.356863,1.20281,0.764124,0.380963,0.877403,0.0036668,0,0,0,0,0,0.0104487,0.00343852,0.119207,0.301568,0.957202,0.872475,-0.113281,-0.0529785,0.802045
329,1.125,-0.0222168,-0.441406,0.457031,-0.0197483,0.492122,0.440019,0.647609,0.613014,1.17654,0.9205,0.596124,0.652928,0.00322838,0,0,0,0,0,0.00193277,0.000850457,0.0183047,0.380743,0.925196,0.894334,0.125,-0.0222168,1.26136
330,0.992188,0.0354004,-1.42188,0.90625,0.0356791,0.514231,0.41557,0.590183,0.521014,1.41113,0.555135,0.327631,1.49361,0.00487033,0,0,0,0,0,-0.0313936,-0.0130462,0.493002,0.231781,0.980733,0.855994,-0.0078125,0.0354004,0.755662
331,1.40625,0.065918,-1.71094,0.365234,0.046875,0.518694,0.596869,0.842041,1.06529,1.17495,1.118,0.941405,2.83106,0.00748253,0,0,0,0,0,-0.0370779,-0.0221306,0.28912,0.643175,0.771134,0.862355,0.40625,0.065918,1.99471
332,0.945312,0.0356445,1.44531,0.976562,0.0377066,0.515039,0.396895,0.562975,0.474467,1.2302,0.524809,0.295454,1.46255,0.00480967,0,0,0,0,0,-0.0214675,-0.00852034,0.356605,0.237271,0.978634,0.86022,-0.0546875,0.0356445,0.83977
333,1,-0.0493164,1.20312,0.910156,-0.0493164,0.480334,0.376344,0.565711,0.461664,1.2567,0.61967,0.350554,1.26111,0.00441623,0,0,0,0,0,0.012336,0.00464257,0.173548,0.207609,0.986262,0.860508,0,-0.0493164,1.2539
334,1.00781,0.0314941,-0.150391,0.472656,0.03125,0.512465,0.419882,0.597908,0.533795,1.00913,0.459629,0.274816,0.21875,0.00238037,0,0,0,0,0,-0.024716,-0.0103778,0.468788,0.184124,0.992319,0.85594,0.0078125,0.0314941,0.678877
335,1.01562,0.0427246,-0.691406,1,0.0420673,0.516777,0.42863,0.606413,0.551461,1.09009,0.48812,0.296002,0.691406,0.00330353,0,0,0,0,0,-0.0225437,-0.00966289,0.402629,0.222331,0.983444,0.854631,0.015625,0.0427246,0.530912
336,0.9375,-0.0178223,-0.574219,0.757812,-0.0190104,0.492416,0.367029,0.539909,0.426212,1.21934,0.604728,0.326498,0.659624,0.00324145,0,0,0,0,0,0.00466576,0.00171247,0.067262,0.310049,0.954294,0.871787,-0.0625,-0.0178223,1.00176
337,0.953125,-0.0147705,-1.03125,0.730469,-0.0154969,0.493818,0.37482,0.550047,0.443042,1.22728,0.511042,0.281097,1.2066,0.00430976,0,0,0,0,0,-0.00532647,-0.00199647,0.0908635,0.243369,0.977129,0.858767,-0.046875,-0.0147705,0.846719
338,1.05469,0.0280762,-0.628906,0.660156,0.0266204,0.510619,0.43697,0.624005,0.580326,1.22302,0.782357,0.488195,0.774038,0.00346492,0,0,0,0,0,-0.0149934,-0.00655167,0.167071,0.292764,0.960538,0.869188,0.0546875,0.0280762,1.10242
339,1.08594,-0.0339355,0.219727,0.71875,-0.03125,0.487535,0.418496,0.620896,0.560651,1.18154,0.819818,0.509022,0.259175,0.00245933,0,0,0,0,0,0.0149751,0.00626701,0.159243,0.271453,0.967124,0.872179,0.0859375,-0.0339355,1.22128
340,0.941406,-0.0281982,-0.683594,0.621094,-0.0299533,0.488052,0.363407,0.53867,0.42223,1.16623,0.491004,0.264489,0.8674,0.00364727,0,0,0,0,0,-0.00409688,-0.00148884,0.0727404,0.223715,0.982775,0.8567,-0.0585938,-0.0281982,0.902495
341,1.02344,-0.0184326,-0.248047,0.667969,-0.0180105,0.492815,0.401185,0.589749,0.508753,1.15924,0.787085,0.464182,0.303498,0.00254589,0,0,0,0,0,0.0125547,0.00503674,0.139056,0.317264,0.950861,0.881627,0.0234375,-0.0184326,1.4924
342,0.9375,-0.0125732,-0.162109,0.820312,-0.0134115,0.49465,0.369653,0.541697,0.430079,1.20445,0.552226,0.299139,0.178986,0.00230271,0,0,0,0,0,-0.00619851,-0.0022913,0.0978536,0.226868,0.981344,0.860909,-0.0625,-0.0125732,0.753932
343,1.03125,0.0546875,-1.07031,1.28125,0.0530303,0.521146,0.440877,0.619751,0.578464,1.31916,0.518187,0.321147,0.94557,0.00379994,0,0,0,0,0,-0.0247708,-0.0109209,0.416736,0.174205,0.994727,0.853912,0.03125,0.0546875,0.475241
344,0.984375,0.0534668,0.871094,0.886719,0.0543155,0.521658,0.42147,0.59203,0.528137,1.16344,0.566805,0.335566,0.925064,0.00375989,0,0,0,0,0,-0.0266602,-0.0112365,0.41005,0.258299,0.97291,0.857707,-0.015625,0.0534668,0.738371
345,0.972656,0.00331116,-0.644531,0.699219,0.00340424,0.501358,0.391693,0.567622,0.475619,1.48839,0.532093,0.302028,0.770792,0.00345858,0,0,0,0,0,-0.00983229,-0.00385124,0.161092,0.192499,0.990439,0.856179,-0.0273438,0.00331116,0.832988
346,1.04688,-0.0554199,-0.359375,0.722656,-0.0529384,0.47889,0.392089,0.590969,0.502979,1.30646,0.675343,0.399107,0.422748,0.00277881,0,0,0,0,0,0.0138364,0.00542511,0.17861,0.212964,0.984682,0.862399,0.046875,-0.0554199,1.34993
347,1.03125,-0.0203857,1.22656,0.601562,-0.019768,0.492114,0.403341,0.593634,0.515086,1.39231,0.777981,0.461836,1.58143,0.00504185,0,0,0,0,0,0.0179338,0.00723343,0.20096,0.267152,0.968788,0.869184,0.03125,-0.0203857,1.02298
348,0.976562,0.00866699,0.753906,1.11719,0.008875,0.503541,0.395937,0.571749,0.483663,1.38201,0.657877,0.37614,0.713271,0.00334623,0,0,0,0,0,-0.0164709,-0.00652143,0.218262,0.208791,0.985982,0.860465,-0.0234375,0.00866699,0.892362
349,0.929688,0.0422363,-0.316406,1.30469,0.0454307,0.518118,0.393925,0.556207,0.464543,1.61332,0.533902,0.29696,0.277008,0.00249416,0,0,0,0,0,-0.0307151,-0.0120994,0.501531,0.172387,0.994873,0.855267,-0.0703125,0.0422363,0.868044
350,0.925781,0.0324707,1.74219,0.675781,0.0350738,0.51399,0.387476,0.550485,0.453172,1.3471,0.57509,0.316578,2.1193,0.00609238,0,0,0,0,0,-0.0102375,-0.00396678,0.15519,0.213536,0.985039,0.858945,-0.0742188,0.0324707,0.820015
351,1.01562,0.010498,-1.36719,0.570312,0.0103365,0.504124,0.412517,0.595133,0.524353,1.15205,0.518707,0.3087,1.81039,0.00548904,0,0,0,0,0,-0.0220067,-0.00907813,0.369862,0.217928,0.98435,0.85614,0.015625,0.010498,0.59585
352,1.00781,0.0142822,-1.26562,0.570312,0.0141715,0.505653,0.411276,0.591896,0.519489,1.28639,0.774846,0.458628,1.6759,0.00522637,0,0,0,0,0,0.00409377,0.00168367,0.046059,0.239387,0.976859,0.869346,0.0078125,0.0142822,1.08931
353,1.01562,-0.026123,0.191406,0.636719,-0.0257212,0.48974,0.394207,0.58259,0.49481,1.16135,0.729268,0.424864,0.239874,0.00242163,0,0,0,0,0,-0.000407871,-0.000160786,0.00487577,0.284868,0.963349,0.867481,0.015625,-0.026123,0.877415
354,1.03906,-0.0693359,-0.507812,0.714844,-0.0667293,0.473399,0.381999,0.58183,0.484449,1.17168,0.704961,0.410168,0.600617,0.00312621,0,0,0,0,0,0.0202422,0.00773249,0.250322,0.286353,0.962242,0.873315,0.0390625,-0.0693359,1.13173
355,0.972656,0.0101318,0.482422,1.39844,0.0104167,0.504156,0.395103,0.569981,0.480985,1.40827,0.579292,0.330186,0.407949,0.0027499,0,0,0,0,0,-0.0271782,-0.0107382,0.409005,0.195405,0.989799,0.856062,-0.0273438,0.0101318,0.688636
356,0.90625,0.0395508,1.22656,1.25781,0.0436422,0.517405,0.383184,0.541612,0.440173,1.26434,0.622973,0.337409,1.09366,0.00408918,0,0,0,0,0,-0.0102356,-0.00392213,0.143236,0.208687,0.986243,0.858864,-0.09375,0.0395508,0.660503
357,1.00781,0.0605469,-1.30469,0.648438,0.0600775,0.523953,0.434409,0.608197,0.558614,1.20884,0.53644,0.326261,1.62021,0.00511761,0,0,0,0,0,-0.0135886,-0.00590299,0.22083,0.26138,0.971816,0.858923,0.0078125,0.0605469,0.853046
358,0.964844,0.0270996,-0.714844,1.48438,0.028087,0.511204,0.400454,0.571345,0.486799,1.35575,0.516443,0.295067,0.586731,0.00309908,0,0,0,0,0,-0.0208073,-0.00833236,0.351236,0.218515,0.984122,0.856668,-0.0351562,0.0270996,0.711687
359,0.988281,0.0800781,0.176758,1.3125,0.0810277,0.53229,0.436342,0.603848,0.555027,1.22991,0.744812,0.449753,0.154287,0.00225447,0,0,0,0,0,-0.0144693,-0.00631355,0.169358,0.240358,0.977161,0.864846,-0.0117188,0.0800781,0.958424
360,1.04688,-0.0397949,-0.189453,0.621094,-0.0380131,0.484839,0.399902,0.596181,0.515354,1.06848,0.673964,0.401805,0.240394,0.00242264,0,0,0,0,0,0.0131093,0.00524244,0.16957,0.329475,0.947277,0.870548,0.046875,-0.0397949,1.03209
361,0.992188,0.0186768,0.765625,0.609375,0.0188238,0.507509,0.407208,0.584325,0.507254,1.15463,0.577129,0.337231,0.980785,0.00386872,0,0,0,0,0,-0.0142337,-0.00579609,0.215007,0.317496,0.952689,0.860928,-0.0078125,0.0186768,0.76988
362,0.976562,0.0302734,-0.0291748,0.910156,0.031,0.512365,0.406741,0.579282,0.501006,1.41046,0.556616,0.322438,0.0305809,0.00201285,0,0,0,0,0,-0.025334,-0.0103044,0.396784,0.231134,0.981028,0.855178,-0.0234375,0.0302734,0.705308
363,1.00781,-0.0390625,0.00341797,1.10156,-0.0387597,0.484541,0.384604,0.573683,0.477033,1.1936,0.504085,0.289186,0.00325659,0.00195949,0,0,0,0,0,-0.00393386,-0.00151298,0.0680332,0.226533,0.981562,0.859986,0.0078125,-0.0390625,0.953301
364,1.00781,0.0400391,-0.197266,0.498047,0.0397287,0.515845,0.424155,0.600916,0.541007,1.18134,0.515238,0.309614,0.279522,0.00249907,0,0,0,0,0,-0.0248918,-0.010558,0.421168,0.248225,0.975442,0.860978,0.0078125,0.0400391,0.683655
365,0.925781,-0.0480957,0.0751953,1.21094,-0.0519515,0.479284,0.347193,0.522914,0.393982,1.30695,0.637435,0.333324,0.0683329,0.00208659,0,0,0,0,0,-0.0149437,-0.00518833,0.204375,0.222208,0.982634,0.860377,-0.0742188,-0.0480957,0.839049
366,0.996094,0.0057373,-0.349609,0.46875,0.0057598,0.502298,0.402305,0.58211,0.500701,1.08988,0.46077,0.268219,0.510637,0.00295046,0,0,0,0,0,-0.0149239,-0.00600395,0.282361,0.198028,0.98942,0.854637,-0.00390625,0.0057373,0.607458
367,1.0625,0.0544434,-0.976562,0.832031,0.0512408,0.520433,0.453287,0.637855,0.612328,1.30546,0.675066,0.430595,1.07061,0.00404415,0,0,0,0,0,-0.0070598,-0.00320011,0.0911702,0.379787,0.927293,0.863182,0.0625,0.0544434,1.01229
368,0.949219,-0.0397949,0.433594,0.78125,-0.0419239,0.48328,0.360742,0.539324,0.421005,1.34501,0.694347,0.374478,0.490555,0.00291124,0,0,0,0,0,-0.00269518,-0.000972265,0.0338391,0.226273,0.981458,0.861209,-0.0507812,-0.0397949,0.974626
369,1.0625,0.0493164,0.613281,1.07812,0.0464154,0.51851,0.450723,0.636036,0.607693,1.22704,0.734646,0.467261,0.590643,0.00310672,0,0,0,0,0,-0.0257793,-0.0116193,0.305915,0.256272,0.972759,0.863511,0.0625,0.0493164,0.899426
370,1.10156,-0.0268555,0.126953,0.570312,-0.0243794,0.490275,0.428301,0.632387,0.583355,1.3384,0.789071,0.498998,0.168107,0.00228146,0,0,0,0,0,0.00767153,0.00328573,0.0847565,0.314986,0.952666,0.870277,0.101562,-0.0268555,0.997376
371,1.0625,0.0371094,0.179688,0.738281,0.0349265,0.513931,0.44462,0.631725,0.596764,1.24972,0.683119,0.431544,0.209125,0.00236157,0,0,0,0,0,-0.0317279,-0.0141069,0.404904,0.280261,0.965882,0.858766,0.0625,0.0371094,1.18242
372,0.953125,0.048584,1.55469,0.585938,0.0509734,0.520327,0.406497,0.572103,0.492542,1.17087,0.628359,0.359486,2.03104,0.00591999,0,0,0,0,0,-0.022068,-0.00897059,0.30617,0.283938,0.963882,0.865447,-0.046875,0.048584,0.906719
373,1.03906,-0.0722656,0.133789,0.628906,-0.0695489,0.472276,0.380534,0.580869,0.482215,1.27874,0.773668,0.4494,0.168705,0.00228263,0,0,0,0,0,0.0220257,0.00838151,0.248188,0.275539,0.966847,0.863335,0.0390625,-0.0722656,1.08775
374,1.01562,0.0402832,0.441406,0.785156,0.0396635,0.515819,0.42741,0.605551,0.549371,1.14913,0.583072,0.35308,0.49815,0.00292607,0,0,0,0,0,-0.0210876,-0.00901306,0.315292,0.295409,0.960733,0.859369,0.015625,0.0402832,0.909991
375,1.07812,0.0390625,-0.328125,0.6875,0.0362319,0.514451,0.451862,0.641511,0.615716,1.11597,0.60301,0.386838,0.395734,0.00272604,0,0,0,0,0,-0.0277997,-0.0125616,0.401904,0.302084,0.958402,0.859461,0.078125,0.0390625,1.02809
376,1.08594,0.0466309,-1.52344,0.898438,0.0429406,0.517126,0.458779,0.648731,0.631329,1.19671,0.601407,0.390151,1.60724,0.00509227,0,0,0,0,0,-0.0263166,-0.0120735,0.381477,0.291338,0.96249,0.856355,0.0859375,0.0466309,0.835261
377,1.04688,0.0388184,0.75,0.855469,0.0370802,0.514789,0.439209,0.623229,0.581319,1.38596,0.756058,0.471198,0.810885,0.00353688,0,0,0,0,0,-0.0102224,-0.00448976,0.11787,0.251343,0.974091,0.864424,0.046875,0.0388184,0.979064
378,0.945312,-0.0349121,1.07031,0.722656,-0.0369318,0.48527,0.361616,0.538686,0.420949,1.27268,0.685524,0.369282,1.25906,0.00441222,0,0,0,0,0,0.00313372,0.00113321,0.0398515,0.228292,0.980783,0.86224,-0.0546875,-0.0349121,0.973663
379,1.01562,0.0264893,-1.14844,1.23438,0.0260817,0.510404,0.420513,0.600702,0.537674,1.23805,0.535311,0.321562,1.03367,0.00397202,0,0,0,0,0,-0.0200304,-0.00842303,0.326205,0.151047,0.999135,0.853926,0.015625,0.0264893,0.434132
380,1.03125,0.104004,0.283203,1.5,0.100852,0.540166,0.465536,0.637528,0.623165,1.14141,0.839012,0.534894,0.231234,0.00240475,0,0,0,0,0,-0.00275017,-0.0012803,0.0285758,0.267221,0.967178,0.88447,0.03125,0.104004,1.0239
381,0.917969,0.0234375,1.30469,0.875,0.0255319,0.510185,0.379826,0.542766,0.438863,1.29999,0.571556,0.310221,1.39477,0.00467728,0,0,0,0,0,-0.0194068,-0.00737123,0.296008,0.222299,0.982439,0.861595,-0.0820312,0.0234375,0.872773
382,1,0.0197754,-0.209961,0.660156,0.0197754,0.507889,0.41089,0.589258,0.516055,1.17565,0.60895,0.358828,0.258413,0.00245784,0,0,0,0,0,-0.0219765,-0.00902991,0.314618,0.332985,0.94633,0.866212,0,0.0197754,0.87535
383,1.04688,0.0776367,-0.964844,0.546875,0.0741604,0.529559,0.458618,0.637056,0.616171,1.08524,0.632074,0.402667,1.30471,0.00450138,0,0,0,0,0,-0.0312828,-0.0143469,0.431464,0.274287,0.967684,0.85977,0.046875,0.0776367,0.810406
384,1.00781,0.0150757,-0.245117,0.75,0.0149588,0.505967,0.411673,0.592172,0.520142,1.20636,0.538906,0.319125,0.283037,0.00250593,0,0,0,0,0,-0.0258631,-0.0106472,0.418384,0.235547,0.979738,0.855767,0.0078125,0.0150757,0.701002
385,1.00781,-0.0405273,0.0454102,0.632812,-0.0402132,0.483962,0.383872,0.573193,0.475907,1.03442,0.596521,0.341922,0.0570841,0.00206462,0,0,0,0,0,-0.0120736,-0.0046347,0.176448,0.373619,0.929158,0.875073,0.0078125,-0.0405273,1.01829
386,0.972656,0.0588379,-0.108398,1.04688,0.060492,0.524118,0.419456,0.587125,0.520659,1.26545,0.623735,0.36621,0.105944,0.00216005,0,0,0,0,0,-0.015614,-0.00654937,0.218233,0.303354,0.957832,0.86054,-0.0273438,0.0588379,0.668359
387,0.984375,0.0405273,0.6875,1.07031,0.0411706,0.51642,0.415,0.587442,0.517314,1.40011,0.581286,0.341472,0.664534,0.00325104,0,0,0,0,0,-0.0235803,-0.00978582,0.353644,0.247887,0.975816,0.858921,-0.015625,0.0405273,0.83809
388,1.07031,0.0351562,-0.878906,0.800781,0.0328467,0.513102,0.446776,0.635588,0.60358,1.29126,0.600209,0.381485,0.982168,0.00387142,0,0,0,0,0,-0.0231932,-0.0103621,0.336872,0.291182,0.962615,0.855772,0.0703125,0.0351562,0.83071
389,0.964844,0.0898438,0.0267334,0.777344,0.0931174,0.537095,0.431826,0.593755,0.53902,1.16891,0.611653,0.363172,0.0303213,0.00201235,0,0,0,0,0,-0.0306896,-0.0132526,0.437415,0.288078,0.962697,0.863831,-0.0351562,0.0898438,0.711108
390,0.976562,0.0432129,0.507812,0.648438,0.04425,0.517647,0.41321,0.583843,0.511616,1.1068,0.614793,0.358943,0.630622,0.00318481,0,0,0,0,0,-0.0160762,-0.00664286,0.227961,0.277717,0.965739,0.866852,-0.0234375,0.0432129,0.847832
391,0.96875,0.0057373,-0.0708008,0.808594,0.00592238,0.502363,0.39134,0.566185,0.473712,1.16001,0.413167,0.233929,0.0787359,0.00210691,0,0,0,0,0,-0.00903155,-0.0035344,0.190565,0.173718,0.994602,0.855275,-0.03125,0.0057373,0.643971
392,0.921875,0.0202637,0.0622559,1.14844,0.0219809,0.508768,0.379806,0.543931,0.440114,1.28427,0.60403,0.328551,0.0580934,0.00206659,0,0,0,0,0,-0.0031913,-0.00121207,0.0460591,0.306882,0.955773,0.868144,-0.078125,0.0202637,0.863506
393,1.01562,0.0546875,-0.195312,0.894531,0.0538462,0.521471,0.434612,0.610655,0.561787,1.19388,0.606186,0.370171,0.206506,0.00235646,0,0,0,0,0,-0.0283075,-0.0123028,0.407102,0.310096,0.95503,0.864246,0.015625,0.0546875,0.853998
394,1.03906,0.0766602,-0.707031,1.09375,0.0737782,0.529407,0.454997,0.632159,0.606647,1.17297,0.570337,0.360544,0.676051,0.00327354,0,0,0,0,0,-0.0310413,-0.0141237,0.474477,0.226827,0.982278,0.85453,0.0390625,0.0766602,0.619327
395,1.08594,-0.0634766,-0.679688,0.335938,-0.0584532,0.476694,0.403725,0.611038,0.536361,1.12479,0.882758,0.539399,1.17268,0.00424352,0,0,0,0,0,0.0268223,0.0108289,0.264888,0.372283,0.929014,0.88826,0.0859375,-0.0634766,1.26305
396,1.01562,0.00283813,0.197266,0.65625,0.00279447,0.501115,0.408687,0.592484,0.518063,1.34729,0.47605,0.282052,0.24351,0.00242873,0,0,0,0,0,-0.0102034,-0.00417,0.186853,0.202037,0.988565,0.854104,0.015625,0.00283813,0.778009
397,0.984375,-0.0119629,1.29688,0.423828,-0.0121528,0.495152,0.388755,0.569204,0.475124,1.10557,0.686027,0.39049,1.99206,0.00584387,0,0,0,0,0,-0.00103981,-0.00040423,0.0132135,0.336037,0.944181,0.877859,-0.015625,-0.0119629,0.902215
398,1.00781,-0.0153198,-0.769531,0.777344,-0.0152011,0.493936,0.396475,0.581709,0.495578,1.43876,0.766969,0.446153,0.87281,0.00365783,0,0,0,0,0,0.0280319,0.011114,0.318626,0.248916,0.97445,0.867153,0.0078125,-0.0153198,1.27515
399,1.07812,0.0444336,0.664062,0.777344,0.0412138,0.516437,0.454547,0.643405,0.620584,0.995495,0.65652,0.422409,0.753186,0.00342419,0,0,0,0,0,-0.0255722,-0.0116238,0.339568,0.467502,0.884135,0.868228,0.078125,0.0444336,1.17748
400,1.00781,0.0688477,-0.140625,0.582031,0.068314,0.527232,0.438559,0.611168,0.565861,1.09697,0.702517,0.429356,0.184327,0.00231314,0,0,0,0,0,-0.0242995,-0.0106568,0.301542,0.433604,0.901305,0.882243,0.0078125,0.0688477,0.989048
401,1.03125,0.0629883,-1.36719,0.566406,0.0610795,0.524352,0.445028,0.62271,0.585818,1.1841,0.598163,0.372482,1.81662,0.00550121,0,0,0,0,0,-0.029233,-0.0130095,0.42605,0.248332,0.97614,0.855649,0.03125,0.0629883,0.726995
402,0.972656,-0.00386047,-0.333984,1.21094,-0.003969,0.498417,0.388107,0.565154,0.470026,1.49478,0.497005,0.280884,0.303505,0.00254591,0,0,0,0,0,-0.0186303,-0.00723057,0.326789,0.174837,0.994511,0.854437,-0.0273438,-0.00386047,0.553814
403,1.04688,-0.0390625,0.558594,0.476562,-0.0373134,0.485118,0.400268,0.596427,0.51594,1.19903,0.735711,0.438798,0.809163,0.00353352,0,0,0,0,0,0.0180505,0.00722506,0.21389,0.307371,0.955578,0.86837,0.046875,-0.0390625,1.1301
404,1.00781,-0.00466919,0.00227356,0.597656,-0.00463299,0.498152,0.401801,0.585351,0.50408,1.09627,0.506365,0.296401,0.0029409,0.00195887,0,0,0,0,0,-0.016615,-0.00667592,0.286051,0.192824,0.990173,0.857416,0.0078125,-0.00466919,0.524771
405,1.03125,0.0412598,-0.457031,2.92188,0.0400095,0.515957,0.434164,0.614993,0.566714,1.44269,0.484287,0.297833,0.267371,0.00247533,0,0,0,0,0,-0.029421,-0.0127735,0.529616,0.151333,0.999124,0.853695,0.03125,0.0412598,0.518999
406,1.01562,0.0220947,-0.101562,0.511719,0.0217548,0.508678,0.418315,0.599166,0.533988,1.14813,0.913052,0.54707,0.141977,0.00223042,0,0,0,0,0,0.0185733,0.0077695,0.177337,0.32646,0.94686,0.890997,0.015625,0.0220947,1.23198
407,0.964844,0.0247803,0.554688,0.503906,0.0256832,0.510245,0.399295,0.570533,0.484944,1.2036,0.714748,0.407787,0.7814,0.0034793,0,0,0,0,0,0.000406471,0.000162302,0.00495773,0.335049,0.945072,0.871456,-0.0351562,0.0247803,0.937428
408,0.992188,0.0600586,0.0610352,1.01562,0.0605315,0.524134,0.427899,0.598928,0.541813,1.2835,0.753889,0.451525,0.0605638,0.00207141,0,0,0,0,0,0.0129019,0.00552069,0.149194,0.266252,0.969206,0.867965,-0.0078125,0.0600586,0.954845
409,1.02344,-0.00242615,0.211914,0.46875,-0.00237059,0.499054,0.409188,0.595222,0.521724,1.28332,0.659136,0.392332,0.30952,0.00255766,0,0,0,0,0,-0.00323035,-0.00132182,0.0427248,0.224112,0.981542,0.864706,0.0234375,-0.00242615,1.02148
410,0.988281,0.010376,0.378906,0.789062,0.010499,0.504188,0.401491,0.579166,0.496628,1.21671,0.75392,0.436645,0.426556,0.00278624,0,0,0,0,0,0.0066878,0.00268509,0.077333,0.252281,0.973155,0.86983,-0.0117188,0.010376,0.971476
411,1.00781,0.00848389,0.298828,0.628906,0.00841812,0.503358,0.408377,0.589885,0.514736,1.13969,0.600605,0.354288,0.376815,0.00268909,0,0,0,0,0,-0.0102011,-0.00416589,0.148069,0.320298,0.950916,0.868257,0.0078125,0.00848389,1.10214
412,1.02344,0.00592041,-0.384766,0.498047,0.00578483,0.502308,0.413361,0.598098,0.528589,1.25671,0.652274,0.390124,0.545207,0.00301798,0,0,0,0,0,-0.00522071,-0.00215804,0.0697761,0.237583,0.977738,0.866302,0.0234375,0.00592041,1.09439
413,1.08594,-0.0510254,0.265625,0.394531,-0.0469874,0.481262,0.409951,0.615169,0.546493,1.10641,0.879043,0.54076,0.422891,0.00277908,0,0,0,0,0,0.018964,0.00777429,0.188073,0.420011,0.907549,0.900186,0.0859375,-0.0510254,1.26962
414,0.988281,0.0115967,-1.65625,0.753906,0.0117342,0.504681,0.402101,0.579589,0.497609,1.25641,0.485374,0.281317,1.90751,0.00567873,0,0,0,0,0,-0.0126835,-0.00510004,0.227808,0.280039,0.966143,0.857265,-0.0117188,0.0115967,0.8047
415,0.964844,0.03125,-0.824219,0.65625,0.0323887,0.512919,0.40253,0.572801,0.490132,1.43605,0.709477,0.406389,1.01744,0.00394031,0,0,0,0,0,-0.00645256,-0.00259735,0.0792867,0.23774,0.978337,0.861448,-0.0351562,0.03125,1.13282
416,0.953125,0.0407715,-0.498047,0.445312,0.0427766,0.51706,0.402591,0.569334,0.486221,1.06954,0.472963,0.269274,0.746342,0.00341082,0,0,0,0,0,-0.0168268,-0.00677433,0.310157,0.288064,0.962512,0.865506,-0.046875,0.0407715,0.674887
417,0.980469,0.0446777,-0.289062,0.457031,0.0455677,0.518173,0.415509,0.586636,0.516789,1.16026,0.647616,0.379915,0.427581,0.00278824,0,0,0,0,0,-0.0109279,-0.00454064,0.147105,0.33387,0.946278,0.863143,-0.0195312,0.0446777,1.09602
418,1.03125,-0.0162354,-0.400391,1.09375,-0.0157434,0.49372,0.405416,0.595046,0.518442,1.29483,0.595361,0.354268,0.382847,0.00270087,0,0,0,0,0,-0.00886344,-0.00359338,0.129786,0.194522,0.989243,0.861021,0.03125,-0.0162354,0.885974
419,0.996094,-0.0279541,1.19531,0.546875,-0.0280637,0.488806,0.385459,0.570598,0.47416,1.10341,0.594345,0.339132,1.61636,0.00511007,0,0,0,0,0,-0.010316,-0.00397639,0.151314,0.429642,0.90344,0.875232,-0.00390625,-0.0279541,0.792108
420,1.0625,-0.0227051,-1.63281,0.703125,-0.0213695,0.491475,0.414712,0.611046,0.545363,1.19776,0.628672,0.384148,1.94724,0.00575633,0,0,0,0,0,0.00172219,0.000714212,0.0238815,0.248425,0.97492,0.864542,0.0625,-0.0227051,1.10381
421,1.07031,0.0581055,0.0712891,0.824219,0.0542883,0.521647,0.458251,0.643705,0.62435,1.28819,0.782637,0.503787,0.0785239,0.00210649,0,0,0,0,0,-0.0219562,-0.0100614,0.24457,0.231026,0.979886,0.863484,0.0703125,0.0581055,1.04589
422,1.10156,-0.022583,0.523438,0.546875,-0.0205009,0.491822,0.430438,0.633835,0.587024,1.20398,0.870691,0.551875,0.707817,0.00333558,0,0,0,0,0,0.00328654,0.00141465,0.0329065,0.370576,0.92988,0.885123,0.101562,-0.022583,1.16361
423,0.941406,0.00457764,-0.490234,0.777344,0.00486255,0.50194,0.379795,0.549859,0.44659,1.10856,0.540747,0.297335,0.556029,0.00303912,0,0,0,0,0,-0.0093692,-0.00355837,0.151048,0.247404,0.975261,0.864161,-0.0585938,0.00457764,1.00846
424,0.867188,-0.0275879,0.621094,0.636719,-0.0318131,0.487311,0.33395,0.495659,0.357201,1.07508,0.66717,0.330689,0.778365,0.00347337,0,0,0,0,0,0.0213771,0.00713889,0.279331,0.27859,0.964518,0.875596,-0.132812,-0.0275879,1.06646
425,0.988281,0.0217285,-0.0756836,0.435547,0.0219862,0.508771,0.407167,0.583115,0.505808,1.13215,0.622535,0.36301,0.114679,0.00217711,0,0,0,0,0,-0.0183619,-0.00747637,0.257135,0.337771,0.944366,0.867444,-0.0117188,0.0217285,1.07093
426,1.03125,0.0279541,-0.75,0.878906,0.027107,0.510813,0.427511,0.610314,0.555249,1.29485,0.592356,0.361524,0.8,0.00351563,0,0,0,0,0,-0.0295423,-0.0126296,0.434778,0.300424,0.959487,0.85523,0.03125,0.0279541,0.733098
427,0.996094,0.00137329,-0.104492,0.808594,0.00137868,0.50055,0.400123,0.580604,0.497199,1.25633,0.635631,0.36905,0.116203,0.00218008,0,0,0,0,0,-0.0153101,-0.00612591,0.209981,0.248331,0.975237,0.862297,-0.00390625,0.00137329,0.814066
428,1.05469,-0.0473633,-0.0148926,0.490234,-0.0449074,0.482091,0.399251,0.598198,0.517242,1.05126,0.914176,0.546858,0.02127,0.00199467,0,0,0,0,0,0.0147543,0.00589066,0.1407,0.370108,0.929652,0.894531,0.0546875,-0.0473633,1.08386
429,1.02344,0.0415039,-0.757812,0.707031,0.0405534,0.516174,0.431153,0.61053,0.55864,1.34681,0.505547,0.308652,0.901244,0.00371337,0,0,0,0,0,-0.0276919,-0.0119394,0.477527,0.245125,0.977021,0.855957,0.0234375,0.0415039,0.710178
430,1.04688,0.00561523,-0.161133,0.542969,0.00536381,0.50214,0.422607,0.611643,0.552704,1.17384,0.771802,0.472067,0.218674,0.00238022,0,0,0,0,0,-0.00412861,-0.00174478,0.0466342,0.268389,0.967376,0.87878,0.046875,0.00561523,1.1854
431,1.03125,0.0371094,-1.1875,1.19531,0.0359848,0.514353,0.432088,0.613529,0.563119,1.28358,0.57815,0.354712,1.08616,0.00407453,0,0,0,0,0,-0.00924663,-0.00399536,0.139428,0.256661,0.973433,0.857472,0.03125,0.0371094,0.713666
432,0.957031,0.000499725,0.412109,0.734375,0.000522162,0.500208,0.384022,0.557553,0.458338,1.30624,0.51712,0.288322,0.480899,0.00289238,0,0,0,0,0,-0.00241054,-0.000925699,0.0406377,0.238704,0.978593,0.857661,-0.0429688,0.000499725,0.951598
433,0.945312,-0.0157471,0.886719,0.539062,-0.0166581,0.493355,0.371199,0.545165,0.434993,1.09317,0.634371,0.345837,1.20772,0.00431195,0,0,0,0,0,-0.0239084,-0.00887478,0.32856,0.238716,0.976957,0.870041,-0.0546875,-0.0157471,0.907289
434,1.07031,0.0751953,-0.597656,0.796875,0.0702555,0.528005,0.466795,0.649816,0.640159,1.15932,0.635082,0.412686,0.669509,0.00326076,0,0,0,0,0,-0.0385798,-0.0180089,0.529586,0.222127,0.982899,0.858679,0.0703125,0.0751953,0.881836
435,1.00781,-0.0203857,0.410156,0.886719,-0.0202277,0.491931,0.393942,0.579985,0.491574,1.47435,0.731758,0.424409,0.435568,0.00280384,0,0,0,0,0,0.00730013,0.00287583,0.08697,0.28609,0.9627,0.869755,0.0078125,-0.0203857,1.15161
436,1.0625,0.0010376,0.484375,0.882812,0.000976562,0.50039,0.426584,0.619164,0.565338,1.17387,0.707985,0.438359,0.515522,0.00296,0,0,0,0,0,-0.0289078,-0.0123316,0.355957,0.462165,0.88714,0.862359,0.0625,0.0010376,1.00742
437,0.996094,0.00805664,0.171875,0.746094,0.00808824,0.503227,0.403464,0.582912,0.50257,1.20952,0.508431,0.296371,0.198983,0.00234176,0,0,0,0,0,-0.0208404,-0.00840836,0.357339,0.193114,0.99039,0.855613,-0.00390625,0.00805664,0.564445
438,1.03125,0.0366211,0.722656,0.488281,0.0355114,0.514164,0.431844,0.613358,0.562697,1.10835,0.794931,0.487577,1.03418,0.00397301,0,0,0,0,0,-0.00282659,-0.00122065,0.0309985,0.300239,0.956708,0.88299,0.03125,0.0366211,1.16735
439,0.972656,0.0139771,0.0410156,0.503906,0.01437,0.505733,0.397026,0.571315,0.484031,1.14161,0.534266,0.305235,0.0577796,0.00206598,0,0,0,0,0,-0.0113034,-0.00448776,0.184442,0.286043,0.96397,0.85881,-0.0273438,0.0139771,0.779406
440,0.960938,-0.0600586,-0.660156,0.582031,-0.0625,0.475082,0.355309,0.53942,0.417218,1.14468,0.696475,0.375692,0.865314,0.00364319,0,0,0,0,0,0.0216093,0.00767796,0.270484,0.279503,0.965116,0.867283,-0.0390625,-0.0600586,0.991846
441,0.988281,-0.0224609,-0.347656,0.59375,-0.0227273,0.490934,0.385073,0.567907,0.470799,1.15153,0.697129,0.395905,0.451178,0.00283433,0,0,0,0,0,-0.0110411,-0.00425164,0.138073,0.23585,0.978181,0.86654,-0.0117188,-0.0224609,0.948997
442,0.976562,0.0154419,0.216797,0.574219,0.0158125,0.506308,0.399325,0.5741,0.489051,1.14741,0.53532,0.307327,0.286098,0.00251191,0,0,0,0,0,-0.0268458,-0.0107202,0.437189,0.22097,0.983122,0.859198,-0.0234375,0.0154419,0.476627
443,1.00781,0.0620117,-0.429688,0.660156,0.061531,0.524532,0.435141,0.60872,0.559888,1.27117,0.525894,0.320122,0.528846,0.00298603,0,0,0,0,0,-0.026112,-0.0113624,0.43286,0.196165,0.989689,0.855654,0.0078125,0.0620117,0.641983
444,0.984375,0.0791016,1.47656,0.753906,0.0803571,0.532023,0.434287,0.601223,0.550074,1.2735,0.6938,0.417128,1.70056,0.00527454,0,0,0,0,0,-0.0208675,-0.00906252,0.262207,0.224482,0.981549,0.863946,-0.015625,0.0791016,0.854207
445,1,0.0252686,1.23438,0.425781,0.0252686,0.51008,0.413637,0.591176,0.520585,1.29768,0.532432,0.314761,1.89171,0.00564787,0,0,0,0,0,-0.0216776,-0.00896666,0.354939,0.217782,0.983785,0.860242,0,0.0252686,0.749637
446,1.00781,0.048584,-0.34375,0.726562,0.0482074,0.519225,0.428427,0.603939,0.548292,1.3204,0.545219,0.329279,0.40328,0.00274078,0,0,0,0,0,-0.016871,-0.007228,0.26976,0.203926,0.987637,0.857208,0.0078125,0.048584,0.811547
447,0.929688,-0.0128784,-0.683594,0.742188,-0.0138524,0.494474,0.366368,0.537043,0.42264,1.26693,0.633243,0.340079,0.79349,0.00350291,0,0,0,0,0,0.0066174,0.0024244,0.091101,0.228578,0.980667,0.862537,-0.0703125,-0.0128784,0.872861
448,1.00781,-0.0162354,-0.367188,0.71875,-0.0161095,0.493574,0.396018,0.581397,0.494852,1.24535,0.551327,0.32054,0.433111,0.00279904,0,0,0,0,0,0.00273133,0.00108165,0.0431888,0.210999,0.98537,0.860972,0.0078125,-0.0162354,0.782632
449,0.964844,-0.0629883,0.597656,0.84375,-0.0652834,0.473974,0.35541,0.540729,0.418705,1.33531,0.641532,0.346895,0.650646,0.00322392,0,0,0,0,0,0.00169964,0.000604071,0.0230965,0.22941,0.980931,0.85905,-0.0351562,-0.0629883,0.768556
450,1.02344,0.0529785,-1.03125,1.61719,0.0517653,0.520642,0.43689,0.614595,0.5686,1.34073,0.55908,0.343608,0.810931,0.00353697,0,0,0,0,0,-0.0269189,-0.0117606,0.41975,0.174604,0.994323,0.855886,0.0234375,0.0529785,0.540915
451,1.03906,-0.0231934,-0.980469,0.761719,-0.0223214,0.491096,0.40507,0.597231,0.520767,1.29579,0.725468,0.433272,1.12341,0.00414728,0,0,0,0,0,0.0130056,0.00526817,0.156285,0.256304,0.972316,0.867007,0.0390625,-0.0231934,0.978155
452,1.00781,0.0258789,-0.34375,1.28125,0.0256783,0.510243,0.417075,0.595939,0.529095,1.44248,0.546127,0.325458,0.303687,0.00254626,0,0,0,0,0,-0.00933978,-0.00389539,0.149091,0.2166,0.984788,0.855473,0.0078125,0.0258789,0.880273
453,0.984375,-0.0205078,0.074707,0.486328,-0.0208333,0.491689,0.384483,0.566295,0.468517,1.076,0.502382,0.284496,0.107126,0.00216236,0,0,0,0,0,-0.0104778,-0.00402853,0.18182,0.33084,0.947855,0.859066,-0.015625,-0.0205078,0.683276
454,1.05469,0.0380859,0.0654297,0.53125,0.0361111,0.514403,0.441975,0.62752,0.589124,1.09136,0.862204,0.54105,0.0897688,0.00212845,0,0,0,0,0,0.00817429,0.00361283,0.0826508,0.350075,0.939067,0.872742,0.0546875,0.0380859,1.06439
455,0.882812,-0.0437012,-0.734375,1.1875,-0.0495022,0.48026,0.332159,0.499362,0.359693,1.4054,0.583501,0.291378,0.673909,0.00326935,0,0,0,0,0,0.0268601,0.00892183,0.401303,0.194638,0.989808,0.857127,-0.117188,-0.0437012,1.24196
456,0.949219,0.00927734,1.34375,1.10156,0.00977366,0.503899,0.385278,0.556035,0.457614,1.18523,0.554571,0.308361,1.28031,0.00445372,0,0,0,0,0,-0.0106637,-0.00410848,0.167632,0.219075,0.983962,0.856784,-0.0507812,0.00927734,1.04011
457,0.96875,-0.0322266,0.0898438,0.546875,-0.0332661,0.486731,0.372358,0.553235,0.444719,1.27985,0.710141,0.392875,0.121491,0.00219041,0,0,0,0,0,0.0152732,0.00568711,0.187497,0.314435,0.953241,0.866422,-0.03125,-0.0322266,0.988652
458,0.882812,0.0488281,2.04688,1.4375,0.0553097,0.522054,0.378424,0.53126,0.425442,1.23787,0.640004,0.340009,1.70721,0.00528752,0,0,0,0,0,-0.00533867,-0.00202028,0.0727205,0.249127,0.973832,0.87179,-0.117188,0.0488281,0.771399
459,1.03125,0.052002,-0.253906,0.773438,0.0504261,0.520109,0.439535,0.618796,0.5761,1.17333,0.560883,0.347072,0.288709,0.00251701,0,0,0,0,0,-0.0311088,-0.0136734,0.483523,0.284847,0.964602,0.856925,0.03125,0.052002,0.59206
460,1,0.0301514,0.318359,0.644531,0.0301514,0.512027,0.416078,0.592887,0.524636,1.16583,0.612976,0.363425,0.396548,0.00272763,0,0,0,0,0,-0.0209612,-0.00872148,0.298112,0.278888,0.965719,0.863778,0,0.0301514,1.03005
461,0.988281,0.0142822,0.361328,0.539062,0.0144516,0.505765,0.403444,0.580521,0.499772,1.10915,0.446375,0.25913,0.492133,0.00291432,0,0,0,0,0,-0.0201135,-0.00811467,0.392821,0.229403,0.980947,0.858954,-0.0117188,0.0142822,0.935963
462,0.953125,-0.112305,0.394531,0.480469,-0.117828,0.453102,0.326053,0.518047,0.374683,1.34172,0.749467,0.388259,0.569179,0.0030648,0,0,0,0,0,0.0243303,0.00793297,0.28301,0.264526,0.969562,0.869443,-0.046875,-0.112305,1.17677
463,1.01562,-0.108398,0.601562,0.597656,-0.106731,0.457501,0.353069,0.555581,0.433328,1.23616,0.780321,0.433532,0.778135,0.00347292,0,0,0,0,0,0.0439848,0.0155297,0.491401,0.314958,0.952824,0.868725,0.015625,-0.108398,1.1743
464,1.04688,-0.0800781,1.25,0.400391,-0.0764925,0.469514,0.37976,0.582862,0.483946,1.28133,0.803541,0.468354,1.97546,0.00581144,0,0,0,0,0,0.0252531,0.00959013,0.273977,0.285751,0.962437,0.873333,0.046875,-0.0800781,1.04759
465,1.04688,0.0483398,0.416016,0.734375,0.0461754,0.518415,0.443969,0.626593,0.589728,1.00198,0.545131,0.341575,0.485457,0.00290128,0,0,0,0,0,-0.0331882,-0.0147345,0.53075,0.285287,0.964067,0.86008,0.046875,0.0483398,0.905936
466,1,0.0334473,0.0825195,1,0.0334473,0.513341,0.417726,0.594045,0.527384,1.38658,0.41838,0.248537,0.0825195,0.0021143,0,0,0,0,0,-0.0222869,-0.00930982,0.464393,0.172526,0.994944,0.854661,0,0.0334473,0.606628
467,1.05469,0.0424805,0.542969,0.542969,0.0402778,0.516064,0.444172,0.62907,0.593018,1.3316,0.703395,0.442485,0.736864,0.00339231,0,0,0,0,0,-0.0235003,-0.0104382,0.29126,0.299285,0.959339,0.859828,0.0546875,0.0424805,0.986875
468,1.05469,-0.0561523,-0.498047,0.369141,-0.0532407,0.47877,0.394856,0.595274,0.510262,1.23985,0.699457,0.416368,0.819737,0.00355417,0,0,0,0,0,0.0253413,0.0100062,0.315846,0.32063,0.950817,0.86801,0.0546875,-0.0561523,1.15284
469,1.05469,-0.0291748,0.357422,0.488281,-0.027662,0.488966,0.408345,0.604305,0.531931,1.29821,0.752488,0.454733,0.511501,0.00295215,0,0,0,0,0,0.00940664,0.00384115,0.108979,0.23664,0.977784,0.867962,0.0546875,-0.0291748,1.26302
470,1.00781,-0.0524902,-0.0220947,0.330078,-0.0520833,0.479231,0.37789,0.569204,0.466794,1.02106,0.652934,0.371653,0.0384574,0.00202824,0,0,0,0,0,0.0116352,0.00439682,0.15535,0.289863,0.960854,0.875645,0.0078125,-0.0524902,1.19142
471,0.917969,-0.0344238,-0.0693359,0.757812,-0.0375,0.485043,0.350896,0.522929,0.396582,1.19941,0.563888,0.294873,0.0796485,0.00210869,0,0,0,0,0,-0.00727302,-0.00255207,0.112442,0.223305,0.982253,0.861063,-0.0820312,-0.0344238,0.920038
472,0.96875,0.00227356,-0.621094,0.871094,0.0023469,0.500936,0.389608,0.564989,0.471007,1.24673,0.549785,0.310623,0.665464,0.00325286,0,0,0,0,0,0.00157888,0.000615145,0.0250359,0.201941,0.987799,0.859239,-0.03125,0.00227356,0.910299
473,0.992188,0.0158691,-0.558594,0.734375,0.0159941,0.50638,0.405804,0.583348,0.504972,1.33794,0.577336,0.336788,0.651834,0.00322624,0,0,0,0,0,-0.026592,-0.0107911,0.401541,0.24054,0.978067,0.857757,-0.0078125,0.0158691,0.798915
474,1.01562,0.00976562,0.738281,0.371094,0.00961538,0.503836,0.412151,0.594879,0.523749,1.05866,0.594074,0.353402,1.21194,0.00432019,0,0,0,0,0,0.0107552,0.00443278,0.157829,0.297405,0.959129,0.867597,0.015625,0.00976562,0.947021
475,0.976562,-0.0102539,0.796875,0.699219,-0.0105,0.495811,0.386477,0.565238,0.468859,1.17667,0.506665,0.286387,0.95298,0.00381441,0,0,0,0,0,-0.00648368,-0.00250579,0.11156,0.263668,0.971047,0.859454,-0.0234375,-0.0102539,0.923774
476,1,0.0344238,0.163086,0.769531,0.0344238,0.51373,0.418214,0.594388,0.528201,1.26458,0.643201,0.382311,0.18591,0.00231623,0,0,0,0,0,-0.0133291,-0.0055744,0.180659,0.302758,0.957641,0.864162,0,0.0344238,1.09892
477,1.03906,0.00933838,-0.617188,0.566406,0.00898731,0.503585,0.421336,0.608381,0.547651,1.33952,0.670932,0.408182,0.820074,0.00355483,0,0,0,0,0,-0.0045162,-0.00190284,0.0586816,0.221977,0.982791,0.859696,0.0390625,0.00933838,1.01923
478,0.929688,-0.0244141,0.482422,0.621094,-0.0262605,0.489525,0.3606,0.533124,0.414254,1.26799,0.740376,0.394712,0.612137,0.0031487,0,0,0,0,0,0.00559026,0.00201585,0.0658244,0.254094,0.972711,0.869121,-0.0703125,-0.0244141,0.942147
479,1.01562,0.00613403,0.0493164,0.460938,0.00603966,0.502409,0.410335,0.593622,0.520762,1.30764,0.744461,0.441928,0.0726391,0.002095,0,0,0,0,0,-0.000826058,-0.00033896,0.00967332,0.246282,0.975309,0.8663,0.015625,0.00613403,0.860536
480,0.933594,0.00193024,1.57812,0.445312,0.00206753,0.500825,0.375338,0.544396,0.437246,1.26856,0.594461,0.323622,2.36488,0.00657203,0,0,0,0,0,-0.00384732,-0.00144405,0.0564212,0.210778,0.984375,0.868521,-0.0664062,0.00193024,0.885572
481,0.996094,0.0308838,-0.384766,0.808594,0.0310049,0.512367,0.414878,0.59087,0.52125,1.13375,0.559268,0.330455,0.427889,0.00278885,0,0,0,0,0,-0.0189852,-0.00787656,0.295939,0.257979,0.972758,0.859571,-0.00390625,0.0308838,0.84421
482,1.05469,0.0932617,-0.337891,1.50781,0.0884259,0.535231,0.469563,0.647247,0.639418,1.27478,0.587467,0.380237,0.275171,0.00249057,0,0,0,0,0,-0.0394797,-0.0185382,0.585864,0.176974,0.994172,0.853821,0.0546875,0.0932617,0.716289
483,0.964844,-0.0269775,0.196289,0.910156,-0.0279605,0.488847,0.373416,0.55273,0.44495,1.37358,0.674505,0.372819,0.205749,0.00235498,0,0,0,0,0,0.0150669,0.00562623,0.194736,0.272412,0.967754,0.864042,-0.0351562,-0.0269775,1.07784
484,0.960938,0.0244141,0.0654297,0.589844,0.0254065,0.510135,0.397545,0.56813,0.480814,1.11869,0.543156,0.308583,0.0851935,0.00211952,0,0,0,0,0,-0.0190072,-0.00755622,0.305071,0.26261,0.970742,0.864419,-0.0390625,0.0244141,0.845778
485,1.00781,0.0349121,-0.263672,0.371094,0.0346415,0.513817,0.421591,0.599109,0.536671,1.01094,0.674948,0.404367,0.432835,0.00279851,0,0,0,0,0,-0.0180474,-0.00760864,0.233105,0.36447,0.9326,0.881785,0.0078125,0.0349121,0.975791
486,0.941406,-0.0162354,0.339844,1.09375,-0.0172459,0.49312,0.369388,0.542724,0.430997,1.28928,0.469242,0.254669,0.324953,0.0025878,0,0,0,0,0,-0.00449785,-0.00166146,0.0835632,0.220362,0.983518,0.857553,-0.0585938,-0.0162354,0.65832
487,0.96875,0.052002,0.558594,1.02344,0.0536794,0.521405,0.414472,0.582414,0.510993,1.17503,0.588588,0.342802,0.552161,0.00303156,0,0,0,0,0,-0.00987344,-0.00409226,0.146239,0.219623,0.983303,0.860342,-0.03125,0.052002,0.704836
488,1.03906,-0.0308838,-0.914062,0.511719,-0.0297227,0.488144,0.401225,0.59463,0.514566,1.02183,0.706357,0.420021,1.27779,0.00444881,0,0,0,0,0,0.0294864,0.0118307,0.363919,0.338182,0.943435,0.876823,0.0390625,-0.0308838,1.00511
489,1.04688,0.0603027,0.769531,0.972656,0.0576026,0.522967,0.449951,0.630846,0.600422,1.28467,0.650634,0.41045,0.780273,0.0034771,0,0,0,0,0,-0.0305479,-0.013745,0.409309,0.253997,0.973203,0.865324,0.046875,0.0603027,1.0584
490,0.996094,-0.0214844,-0.53125,0.53125,-0.0215686,0.491396,0.388694,0.572788,0.479169,1.10337,0.723594,0.414466,0.728869,0.0033767,0,0,0,0,0,0.00773289,0.00300573,0.0931652,0.357299,0.934884,0.894017,-0.00390625,-0.0214844,0.96254
491,0.960938,-0.0189209,-0.259766,1.02344,-0.01969,0.492145,0.375878,0.553185,0.447298,1.36386,0.587361,0.324919,0.256774,0.00245464,0,0,0,0,0,-0.000279979,-0.000105238,0.00415553,0.202467,0.987893,0.857793,-0.0390625,-0.0189209,0.966462
492,1.00781,0.0358887,-0.0322266,0.5625,0.0356105,0.514204,0.42208,0.599453,0.537495,1.21938,0.538765,0.322964,0.0429688,0.00203705,0,0,0,0,0,-0.0127787,-0.00539362,0.206773,0.252757,0.974294,0.859684,0.0078125,0.0358887,0.855589
493,1.03125,-0.0549316,-0.738281,0.855469,-0.053267,0.47876,0.386068,0.582036,0.487815,1.27411,0.88872,0.517267,0.798215,0.00351214,0,0,0,0,0,0.0174919,0.00675306,0.171585,0.304993,0.95533,0.879996,0.03125,-0.0549316,1.21341
494,0.921875,-0.0629883,1.39844,0.742188,-0.0683263,0.472763,0.33818,0.515727,0.38034,1.24858,0.604426,0.311719,1.62325,0.00512354,0,0,0,0,0,-0.000817926,-0.000276606,0.0117972,0.249709,0.974598,0.864167,-0.078125,-0.0629883,1.001
495,0.929688,0.0150757,0.832031,0.863281,0.0162159,0.506469,0.380345,0.546673,0.443514,1.3327,0.6042,0.3303,0.895496,0.00370214,0,0,0,0,0,0.000424234,0.000161355,0.00612114,0.233298,0.979533,0.861579,-0.0703125,0.0150757,0.851128
496,1.04688,0.0169678,-1.44531,1.0625,0.016208,0.506466,0.428283,0.615579,0.562364,1.39798,0.546293,0.336286,1.40216,0.00469172,0,0,0,0,0,-0.0262992,-0.0112635,0.419685,0.184689,0.992297,0.855318,0.046875,0.0169678,0.683906
497,0.949219,-0.0595703,0.0358887,0.679688,-0.0627572,0.47498,0.350854,0.532761,0.406933,1.17878,0.748703,0.39888,0.0435314,0.00203815,0,0,0,0,0,0.0179126,0.00628471,0.208572,0.270854,0.967103,0.874096,-0.0507812,-0.0595703,1.11507
498,1.07031,-0.0238037,-0.613281,0.59375,-0.02224,0.491128,0.417296,0.615223,0.552635,1.18099,0.795952,0.489687,0.795899,0.00350761,0,0,0,0,0,0.0250302,0.010445,0.274148,0.348616,0.939654,0.872701,0.0703125,-0.0238037,1.19836
499,1.02344,0.0130005,0.078125,1.10156,0.0127028,0.505068,0.416901,0.600551,0.534467,1.2478,0.512068,0.307523,0.0744364,0.00209851,0,0,0,0,0,-0.0257898,-0.0107518,0.439063,0.201299,0.988419,0.856157,0.0234375,0.0130005,0.852055
500,1.02344,0.046875,-0.546875,0.785156,0.0458015,0.518266,0.433838,0.61243,0.563286,1.03023,0.529928,0.324544,0.617177,0.00315855,0,0,0,0,0,-0.0207559,-0.00900469,0.341453,0.184976,0.992472,0.853847,0.0234375,0.046875,0.528742
501,1.16406,0.116699,1.24219,1.10156,0.100252,0.539928,0.525141,0.719378,0.793279,1.04179,0.7592,0.546152,1.18354,0.00426472,0,0,0,0,0,-0.0458431,-0.0240741,0.526411,0.320274,0.951266,0.864766,0.164062,0.116699,1.03576
502,1.00781,0.0153198,-0.427734,0.582031,0.0152011,0.506064,0.411795,0.592256,0.520343,1.10443,0.684327,0.405297,0.560662,0.00304817,0,0,0,0,0,-0.0117446,-0.00483636,0.149617,0.383312,0.924953,0.875297,0.0078125,0.0153198,0.774964
503,1.03906,0.034668,0.734375,0.628906,0.0333647,0.513308,0.434001,0.617219,0.569316,1.10915,0.561825,0.346769,0.92603,0.00376178,0,0,0,0,0,-0.0318604,-0.0138274,0.494375,0.188068,0.991553,0.855368,0.0390625,0.034668,0.500156
504,1.01562,0.0206299,-1.75781,0.691406,0.0203125,0.508103,0.417583,0.598655,0.532764,1.22067,0.524631,0.314073,2.114,0.00608204,0,0,0,0,0,-0.0123132,-0.0051418,0.204609,0.290947,0.962418,0.858024,0.015625,0.0206299,0.789795
505,1.0625,0.11084,-1.6875,0.746094,0.10432,0.541542,0.481485,0.658193,0.665046,1.16403,0.601377,0.395822,1.95365,0.00576885,0,0,0,0,0,-0.0404161,-0.0194598,0.585888,0.181358,0.992965,0.855593,0.0625,0.11084,0.791079
506,1,0.0371094,0.515625,0.683594,0.0371094,0.514801,0.419557,0.595334,0.53045,1.25577,0.627811,0.373757,0.623641,0.00317117,0,0,0,0,0,-0.0272492,-0.0114326,0.378383,0.225313,0.981946,0.85954,0,0.0371094,0.956243
507,1.03125,0.0285645,-1.39844,1.0625,0.0276989,0.511049,0.427816,0.610528,0.555771,1.2738,0.535976,0.327228,1.35668,0.0046029,0,0,0,0,0,-0.0189002,-0.00808581,0.307417,0.182102,0.99292,0.85489,0.03125,0.0285645,0.672004
508,0.964844,-0.0186768,0.679688,0.753906,-0.0193573,0.492278,0.377566,0.555543,0.451184,1.35806,0.597321,0.331837,0.7828,0.00348203,0,0,0,0,0,-0.0196814,-0.00743104,0.287247,0.26671,0.970375,0.857408,-0.0351562,-0.0186768,0.703851
509,1,-0.0115967,-0.648438,1.17969,-0.0115967,0.495374,0.395204,0.578429,0.490767,1.33786,0.52364,0.302889,0.597014,0.00311917,0,0,0,0,0,-0.0110905,-0.00438302,0.18464,0.210531,0.986399,0.854847,0,-0.0115967,0.773262
510,1.03125,0.0110474,-1.625,0.9375,0.0107126,0.504274,0.419057,0.604423,0.540936,1.2017,0.566283,0.342274,1.67829,0.00523104,0,0,0,0,0,-0.00826765,-0.00346462,0.127279,0.286234,0.964108,0.85718,0.03125,0.0110474,1.09008
511,1.02344,-0.0117798,1.84375,1.08594,-0.01151,0.495408,0.404511,0.592017,0.514113,1.31446,0.696506,0.412343,1.76929,0.00540877,0,0,0,0,0,-0.00813243,-0.00328966,0.101789,0.216475,0.984168,0.85988,0.0234375,-0.0117798,0.950518
