k,gamma,beta,running_mean,running_var,on_ratio,p_on,act_mean,act_std,act_second,pre_row_norm,final_col_norm,effective_contribution,mean_over_std,bn_input_rounding_noise,dead,mostly_off,flat,always_on,negative_gamma,mean_row_component,shared_contribution,column_shared_fraction,pre_row_rel_change,pre_row_cos_ref,pre_row_norm_ratio_ref,gamma_delta,beta_delta,final_col_rel_change
0,1.11719,0.242188,-0.960938,0.227539,0.216783,0.585811,0.575499,0.734492,0.870678,0.590132,0.52502,0.385623,2.0145,0.00588769,0,0,0,0,0,-0.0489182,-0.0281523,0.812272,0.663052,0.854969,0.44192,0.117188,0.242188,0.998853
1,1.21094,-0.141602,0.229492,0.242188,-0.116935,0.453456,0.414788,0.658514,0.60569,0.770986,0.68914,0.453809,0.466329,0.00286392,0,0,0,0,0,-0.00604966,-0.00250933,0.0765297,1.0342,0.216537,0.557794,0.210938,-0.141602,1.20257
2,1.04688,0.0844727,-0.103027,0.263672,0.0806903,0.532156,0.462036,0.639521,0.622465,0.686637,0.396121,0.253328,0.200641,0.002345,0,0,0,0,0,-0.0319872,-0.0147792,0.703972,0.635519,0.898916,0.438553,0.046875,0.0844727,0.974746
3,1.07031,0.135742,-0.300781,0.168945,0.126825,0.55046,0.497069,0.671893,0.698518,0.601475,0.486929,0.327164,0.731775,0.00338237,0,0,0,0,0,-0.0412148,-0.0204866,0.737894,0.620585,0.917316,0.441297,0.0703125,0.135742,1.02356
4,0.996094,-0.136719,-0.353516,0.208984,-0.137255,0.445415,0.331077,0.535364,0.396227,0.758409,0.630492,0.337543,0.773307,0.00346349,0,0,0,0,0,-0.00622278,-0.00206022,0.0860422,0.638642,0.826906,0.52419,-0.00390625,-0.136719,0.93099
5,1.16406,-0.00860596,-0.451172,0.200195,-0.00739304,0.497051,0.462489,0.675002,0.669523,0.672423,0.727473,0.491045,1.00836,0.00392258,0,0,0,0,0,-0.00670915,-0.00310291,0.0804003,0.629006,0.870728,0.478535,0.164062,-0.00860596,1.23201
6,1.1875,-0.0751953,0.726562,0.244141,-0.0633224,0.474755,0.438593,0.666279,0.636291,0.828653,0.68693,0.457687,1.47046,0.00482512,0,0,0,0,0,-0.0130371,-0.00571799,0.165454,0.903355,0.452653,0.597373,0.1875,-0.0751953,1.34354
7,1.07812,-0.0153198,0.00177002,0.128906,-0.0142097,0.494331,0.424671,0.622658,0.568048,0.6461,0.694522,0.432449,0.00492993,0.00196275,0,0,0,0,0,-0.00432597,-0.00183711,0.0543005,0.592021,0.88212,0.523477,0.078125,-0.0153198,1.00581
8,0.867188,-0.0527344,0.0595703,0.216797,-0.0608108,0.475755,0.321377,0.487276,0.340721,0.709209,0.64187,0.312768,0.127939,0.00220301,0,0,0,0,0,0.00795332,0.00255601,0.108021,0.597877,0.904584,0.485383,-0.132812,-0.0527344,1.07615
9,1.00781,-0.170898,-0.275391,0.148438,-0.169574,0.432673,0.318686,0.531745,0.384314,0.694716,0.642547,0.341671,0.714788,0.0033492,0,0,0,0,0,0.00597793,0.00190508,0.081106,0.63676,0.87127,0.465591,0.0078125,-0.170898,1.10555
10,1.0625,0.09375,-0.205078,0.171875,0.0882353,0.535155,0.47294,0.651968,0.648735,0.721566,0.647881,0.422398,0.494667,0.00291927,0,0,0,0,0,-0.0257462,-0.0121764,0.346437,0.630231,0.874529,0.472047,0.0625,0.09375,1.39546
11,1.04688,-0.0439453,-0.566406,0.181641,-0.0419776,0.483258,0.397827,0.594791,0.512043,0.756151,0.638977,0.380058,1.32899,0.00454881,0,0,0,0,0,0.00322119,0.00128147,0.0439478,0.623614,0.902874,0.451126,0.046875,-0.0439453,1.12688
12,1.01562,-0.00354004,-0.800781,0.161133,-0.00348558,0.498609,0.405498,0.590289,0.51287,0.557468,0.385592,0.227611,1.9949,0.00584942,0,0,0,0,0,-0.00263377,-0.00106799,0.0595465,0.626822,0.903872,0.445734,0.015625,-0.00354004,0.873503
13,0.847656,-0.241211,0.800781,0.224609,-0.284562,0.38799,0.232074,0.411494,0.223186,0.638976,0.589147,0.242431,1.68966,0.00525325,0,0,0,0,0,0.0287769,0.00667837,0.42582,0.616208,0.892873,0.472237,-0.152344,-0.241211,1.06828
14,1.28125,0.550781,-0.941406,0.287109,0.429878,0.666358,0.834087,0.925963,1.55311,0.546487,0.756026,0.700052,1.75693,0.00538462,0,0,0,0,0,-0.075793,-0.0632179,0.873975,0.614298,0.933694,0.434549,0.28125,0.550781,1.30173
15,1.14844,0.0324707,-0.167969,0.162109,0.0282738,0.511278,0.476762,0.680138,0.689889,0.594357,0.514332,0.349817,0.417181,0.00276793,0,0,0,0,0,-0.0133934,-0.00638543,0.227014,0.666168,0.844906,0.44786,0.148438,0.0324707,1.18886
16,1.28906,0.453125,-0.0150757,0.244141,0.351515,0.637399,0.774769,0.899338,1.40907,0.568476,0.72543,0.652407,0.030511,0.00201272,0,0,0,0,0,-0.067868,-0.052582,0.815598,0.62549,0.895504,0.455999,0.289062,0.453125,1.43718
17,1.09375,0.131836,-0.462891,0.242188,0.120536,0.547971,0.504514,0.684066,0.72248,0.648709,0.521114,0.356476,0.940595,0.00379022,0,0,0,0,0,-0.0302186,-0.0152457,0.505531,0.628793,0.906667,0.440378,0.09375,0.131836,0.946525
18,0.9375,-0.0266113,-0.443359,0.18457,-0.0283854,0.488677,0.362634,0.536931,0.419799,0.653126,0.559521,0.300424,1.03199,0.00396873,0,0,0,0,0,0.00538119,0.0019514,0.0838434,0.61769,0.888914,0.474535,-0.0625,-0.0266113,1.03718
19,1.00781,-0.271484,-0.316406,0.125977,-0.26938,0.393819,0.281468,0.494768,0.324019,0.704387,0.696879,0.344794,0.891457,0.00369425,0,0,0,0,0,0.0209478,0.00589613,0.262052,0.645962,0.837093,0.493593,0.0078125,-0.271484,1.0993
20,0.957031,-0.152344,0.162109,0.225586,-0.159184,0.436762,0.3076,0.507947,0.352628,0.689739,0.607476,0.308566,0.341312,0.00261975,0,0,0,0,0,-0.00185354,-0.000570149,0.0265999,0.618611,0.890496,0.471374,-0.0429688,-0.152344,1.22889
21,1.03125,0.0107422,0.222656,0.298828,0.0104167,0.504156,0.418905,0.604317,0.54068,0.678307,0.637892,0.385489,0.407309,0.00274865,0,0,0,0,0,-0.0224851,-0.00941913,0.307295,0.587502,0.898407,0.508158,0.03125,0.0107422,1.16256
22,1.05469,-0.191406,-0.667969,0.172852,-0.181481,0.427995,0.328159,0.55218,0.412591,0.681654,0.715232,0.394937,1.60664,0.0050911,0,0,0,0,0,0.0166437,0.00546178,0.202867,0.653758,0.797941,0.544742,0.0546875,-0.191406,1.15166
23,0.773438,-0.0292969,0.102539,0.214844,-0.0378788,0.484892,0.295502,0.440497,0.281359,0.661619,0.572153,0.252032,0.221222,0.0023852,0,0,0,0,0,0.00583809,0.00172517,0.088954,0.599461,0.901088,0.487188,-0.226562,-0.0292969,0.859257
24,1.17969,0.255859,-0.835938,0.134766,0.216887,0.585852,0.607773,0.775618,0.97097,0.583743,0.638322,0.495094,2.27711,0.00640061,0,0,0,0,0,-0.0413632,-0.0251394,0.564913,0.680835,0.809389,0.464937,0.179688,0.255859,1.28403
25,0.917969,0.00448608,0.439453,0.12793,0.00488697,0.50195,0.370351,0.536178,0.424646,0.644053,0.45579,0.244384,1.22865,0.00435282,0,0,0,0,0,-0.0187083,-0.00692862,0.35783,0.602809,0.929336,0.452844,-0.0820312,0.00448608,1.12474
26,1.125,-0.0922852,0.0266113,0.121582,-0.0820312,0.467311,0.404985,0.624334,0.553806,0.654121,0.637771,0.398182,0.0763189,0.00210219,0,0,0,0,0,0.00883153,0.00357664,0.12072,0.637309,0.870853,0.465209,0.125,-0.0922852,1.16004
27,1.05469,-0.0844727,1.0625,0.117676,-0.0800926,0.468082,0.380696,0.585977,0.488298,0.657954,0.553182,0.324152,3.09732,0.00800257,0,0,0,0,0,0.00741688,0.00282357,0.116885,0.623889,0.89764,0.456057,0.0546875,-0.0844727,0.973925
28,1.00781,0.0981445,-0.691406,0.234375,0.0973837,0.538789,0.453207,0.621763,0.591987,0.639153,0.526431,0.327315,1.42816,0.00474251,0,0,0,0,0,-0.0386858,-0.0175327,0.640646,0.619369,0.89975,0.460241,0.0078125,0.0981445,1.25507
29,1.17188,0.0703125,-0.507812,0.155273,0.06,0.523922,0.505081,0.707173,0.755201,0.645812,0.700589,0.495438,1.28871,0.00447013,0,0,0,0,0,-0.0306474,-0.0154794,0.381361,0.736681,0.716412,0.479885,0.171875,0.0703125,1.48957
30,0.964844,0.0544434,0.00915527,0.168945,0.0564271,0.522499,0.414126,0.581009,0.509073,0.584046,0.522543,0.303602,0.022274,0.00199663,0,0,0,0,0,-0.0202923,-0.00840359,0.338545,0.631409,0.836095,0.523472,-0.0351562,0.0544434,0.949593
31,0.96875,-0.0583496,0.451172,0.160156,-0.0602319,0.475985,0.359296,0.54453,0.425606,0.655193,0.542545,0.295432,1.12738,0.00415504,0,0,0,0,0,0.00542701,0.0019499,0.0872031,0.616184,0.889501,0.476106,-0.03125,-0.0583496,1.01087
32,1.07812,0.112793,-0.455078,0.231445,0.10462,0.541661,0.488727,0.667991,0.685066,0.589858,0.455926,0.304554,0.945936,0.00380066,0,0,0,0,0,-0.0334441,-0.016345,0.639487,0.611592,0.911008,0.459366,0.078125,0.112793,1.01782
33,1.03125,0.126953,-0.335938,0.189453,0.123106,0.548988,0.47701,0.645954,0.644796,0.616821,0.503252,0.325078,0.771805,0.00346056,0,0,0,0,0,-0.0328491,-0.0156693,0.569041,0.654852,0.850506,0.460388,0.03125,0.126953,0.977678
34,0.976562,-0.0952148,0.486328,0.189453,-0.0975,0.461165,0.343996,0.537088,0.406797,0.710098,0.638208,0.342774,1.11732,0.0041354,0,0,0,0,0,-0.00716153,-0.00246354,0.0978251,0.609271,0.905914,0.46786,-0.0234375,-0.0952148,0.94327
35,0.96875,-0.126953,0.25,0.219727,-0.131048,0.447869,0.324994,0.522532,0.378662,0.708171,0.637916,0.333332,0.533333,0.00299479,0,0,0,0,0,0.00169478,0.000550794,0.023161,0.632891,0.864865,0.479454,-0.03125,-0.126953,1.11454
36,1.05469,-0.0603027,0.519531,0.158203,-0.0571759,0.477203,0.392781,0.593899,0.506993,0.675846,0.500048,0.296978,1.30618,0.00450426,0,0,0,0,0,-0.0113119,-0.00444311,0.197211,0.640757,0.878161,0.451856,0.0546875,-0.0603027,0.933277
37,1.20312,0.211914,0.683594,0.408203,0.176136,0.569907,0.588589,0.777336,0.950687,0.647027,0.574132,0.446293,1.06994,0.00404285,0,0,0,0,0,-0.052842,-0.0311022,0.802369,0.598261,0.951693,0.438238,0.203125,0.211914,1.02248
38,1.03125,-0.357422,-0.103516,0.192383,-0.346591,0.364449,0.259155,0.478054,0.295698,0.746687,0.793727,0.379445,0.236006,0.00241407,0,0,0,0,0,0.0409806,0.0106203,0.450105,0.630165,0.831313,0.534345,0.03125,-0.357422,1.45475
39,1.28906,0.539062,-0.435547,0.664062,0.418182,0.662093,0.82956,0.926702,1.54695,0.647209,0.747533,0.69274,0.534479,0.00299703,0,0,0,0,0,-0.0737102,-0.061147,0.859615,0.602321,0.947848,0.436764,0.289062,0.539062,1.25066
40,1.03906,-0.109863,-0.226562,0.126953,-0.105733,0.457897,0.361735,0.568732,0.454308,0.656301,0.605578,0.344411,0.635867,0.00319505,0,0,0,0,0,0.00148931,0.000538736,0.0214399,0.635341,0.864339,0.476086,0.0390625,-0.109863,1.08041
41,1.0625,0.115723,-0.0737305,0.138672,0.108915,0.543365,0.483926,0.659981,0.66976,0.654453,0.493807,0.325903,0.197994,0.00233983,0,0,0,0,0,-0.0183712,-0.00889032,0.324331,0.63362,0.869645,0.47246,0.0625,0.115723,1.02474
42,1.01562,0.161133,0.238281,0.431641,0.158654,0.563029,0.487834,0.649611,0.659977,0.61361,0.598169,0.388577,0.362684,0.00266149,0,0,0,0,0,-0.0401498,-0.0195864,0.585149,0.624196,0.899564,0.453654,0.015625,0.161133,1.12997
43,0.984375,-0.0698242,-0.0839844,0.173828,-0.0709325,0.471726,0.359825,0.549852,0.43181,0.563747,0.530044,0.291445,0.201437,0.00234656,0,0,0,0,0,-0.0105699,-0.00380332,0.173847,0.635391,0.858122,0.483829,-0.015625,-0.0698242,1.11204
44,0.96875,-0.207031,-0.429688,0.341797,-0.21371,0.415387,0.290104,0.495444,0.329625,0.717176,0.607075,0.300771,0.734968,0.00338861,0,0,0,0,0,0.0191996,0.0055699,0.275713,0.605176,0.911515,0.467559,-0.03125,-0.207031,0.955229
45,0.996094,-0.227539,0.394531,0.121582,-0.228431,0.409655,0.292978,0.503973,0.339825,0.633939,0.668766,0.33704,1.13148,0.00416305,0,0,0,0,0,0.0258427,0.00757133,0.336876,0.659571,0.826941,0.482173,-0.00390625,-0.227539,1.13492
46,1.05469,-0.0554199,0.171875,0.193359,-0.0525463,0.479047,0.395222,0.595517,0.510841,0.725474,0.741045,0.441305,0.390868,0.00271654,0,0,0,0,0,-0.0109261,-0.00431824,0.128537,0.626204,0.849691,0.511894,0.0546875,-0.0554199,1.26952
47,1.03125,-0.259766,-0.507812,0.140625,-0.251894,0.400562,0.294549,0.512846,0.34977,0.704967,0.73603,0.37747,1.35417,0.00459798,0,0,0,0,0,0.0239505,0.00705459,0.283678,0.651457,0.804109,0.537674,0.03125,-0.259766,1.22145
48,1.00781,-0.209961,0.408203,0.123535,-0.208333,0.417484,0.303766,0.517447,0.360025,0.636611,0.579481,0.299851,1.1614,0.00422148,0,0,0,0,0,0.0236649,0.00718857,0.356018,0.633794,0.87062,0.471028,0.0078125,-0.209961,1.22623
49,1.76562,0.609375,0.150391,0.241211,0.345133,0.635003,1.05401,1.22831,2.61969,0.629297,1.13495,1.39406,0.306212,0.0025512,0,0,0,0,0,-0.0843855,-0.0889435,0.648186,0.900008,0.436082,0.449596,0.765625,0.609375,2.13109
50,1.07031,-0.050293,0.102051,0.226562,-0.0469891,0.481261,0.404051,0.606317,0.530878,0.703912,0.469301,0.284545,0.214399,0.00237187,0,0,0,0,0,-0.00946075,-0.00382263,0.175744,0.594998,0.953128,0.440804,0.0703125,-0.050293,0.963143
51,0.957031,-0.253906,-0.0732422,0.154297,-0.265306,0.395387,0.268698,0.471253,0.294279,0.708949,0.538877,0.253947,0.186459,0.0023173,0,0,0,0,0,0.0222875,0.00598861,0.360561,0.736376,0.690365,0.553061,-0.0429688,-0.253906,1.17423
52,1.0625,0.0791016,0.107422,0.189453,0.0744485,0.529673,0.465616,0.646675,0.634986,0.617204,0.620193,0.401063,0.246798,0.00243515,0,0,0,0,0,-0.0373985,-0.0174133,0.525695,0.628737,0.878785,0.469428,0.0625,0.0791016,0.97012
53,1.23438,0.208008,-0.585938,0.238281,0.168513,0.56691,0.598991,0.794107,0.989397,0.615224,0.593623,0.4714,1.20035,0.00429755,0,0,0,0,0,-0.0507208,-0.0303813,0.744874,0.645783,0.886497,0.436038,0.234375,0.208008,1.05369
54,1.25781,0.0932617,-0.824219,0.145508,0.074146,0.529553,0.551017,0.765412,0.889475,0.656996,0.760421,0.582036,2.16072,0.00617329,0,0,0,0,0,-0.0307746,-0.0169573,0.352813,0.711019,0.755926,0.478488,0.257812,0.0932617,1.3592
55,1.07812,0.197266,0.118652,0.306641,0.182971,0.57259,0.532135,0.698602,0.771212,0.699093,0.475026,0.331854,0.21427,0.00237162,0,0,0,0,0,-0.0346337,-0.0184298,0.635605,0.594869,0.955549,0.438884,0.078125,0.197266,0.884407
56,0.933594,-0.0368652,0.636719,0.139648,-0.0394874,0.484251,0.355941,0.531208,0.408875,0.660086,0.377218,0.200381,1.70384,0.00528094,0,0,0,0,0,0.00350493,0.00124755,0.0810015,0.626687,0.906939,0.442961,-0.0664062,-0.0368652,0.884093
57,0.957031,0.11377,0.257812,0.170898,0.118878,0.547314,0.440657,0.597972,0.551749,0.651273,0.435401,0.260358,0.623641,0.00317117,0,0,0,0,0,-0.0324426,-0.014296,0.649581,0.740674,0.714969,0.470473,-0.0429688,0.11377,1.01815
58,0.886719,-0.0206299,-0.201172,0.168945,-0.0232654,0.490719,0.345261,0.509383,0.378677,0.672703,0.626539,0.319149,0.489434,0.00290905,0,0,0,0,0,-0.00591135,-0.00204096,0.0822518,0.649753,0.838236,0.484939,-0.113281,-0.0206299,0.960105
59,1.03906,0.0927734,0.671875,0.24707,0.0892857,0.535573,0.463053,0.637983,0.62144,0.696832,0.459383,0.293078,1.35169,0.00459315,0,0,0,0,0,-0.0340795,-0.0157806,0.646733,0.631505,0.901708,0.441409,0.0390625,0.0927734,1.12035
60,1.10938,0.00738525,-0.235352,0.171875,0.00665713,0.502656,0.448555,0.648655,0.621955,0.70458,0.655013,0.424877,0.567689,0.00306189,0,0,0,0,0,-0.0246285,-0.0110472,0.32779,0.628132,0.871124,0.479453,0.109375,0.00738525,1.25423
61,1.02344,-0.139648,0.0118408,0.171875,-0.13645,0.445733,0.340577,0.550315,0.418839,0.62805,0.500174,0.275253,0.0285611,0.00200891,0,0,0,0,0,0.00517132,0.00176123,0.0901338,0.612301,0.91031,0.459115,0.0234375,-0.139648,1.06483
62,0.957031,-0.0888672,0.310547,0.265625,-0.0928571,0.463009,0.339338,0.527772,0.393694,0.761399,0.592353,0.312628,0.602549,0.00312998,0,0,0,0,0,-0.00707556,-0.00240101,0.104133,0.563076,0.935026,0.497615,-0.0429688,-0.0888672,1.19463
63,1.08594,-0.0088501,0.466797,0.196289,-0.00814973,0.496749,0.431038,0.629418,0.581962,0.73903,0.657369,0.41376,1.05361,0.00401096,0,0,0,0,0,-0.0202566,-0.00873139,0.268637,0.63032,0.8406,0.518246,0.0859375,-0.0088501,0.930285
64,1.10156,0.116699,-0.539062,0.171875,0.10594,0.542185,0.500079,0.683044,0.716628,0.584229,0.54047,0.369165,1.30027,0.00449271,0,0,0,0,0,-0.029759,-0.0148818,0.480013,0.641205,0.883249,0.445902,0.101562,0.116699,1.07408
65,0.96875,-0.0388184,-0.527344,0.302734,-0.0400706,0.484018,0.369062,0.551022,0.439832,0.704949,0.4755,0.262011,0.958436,0.00382507,0,0,0,0,0,-0.0100728,-0.00371749,0.184675,0.591075,0.950614,0.447586,-0.03125,-0.0388184,0.992588
66,0.859375,-0.152344,-0.640625,0.201172,-0.177273,0.429647,0.268699,0.451296,0.275868,0.707683,0.630261,0.284434,1.4283,0.00474278,0,0,0,0,0,0.0160686,0.00431762,0.222262,0.608086,0.905016,0.470478,-0.140625,-0.152344,1.26453
67,1.00781,-0.151367,0.00282288,0.160156,-0.150194,0.440306,0.328452,0.537655,0.396953,0.584347,0.613462,0.329831,0.00705375,0.0019669,0,0,0,0,0,0.0088192,0.00289668,0.125328,0.614735,0.879791,0.490008,0.0078125,-0.151367,1.39225
68,1.01562,0.0712891,-0.267578,0.193359,0.0701923,0.52798,0.442913,0.616591,0.576356,0.626307,0.407451,0.251231,0.60851,0.00314162,0,0,0,0,0,-0.0251129,-0.0111228,0.537313,0.621821,0.915295,0.441558,0.015625,0.0712891,1.04135
69,1.07812,0.137695,-0.933594,0.203125,0.127717,0.550814,0.501178,0.677153,0.709717,0.661746,0.418188,0.283178,2.07146,0.00599894,0,0,0,0,0,-0.031192,-0.0156327,0.650246,0.597012,0.956439,0.435671,0.078125,0.137695,0.890041
70,1.07031,0.0495605,-0.605469,0.122559,0.0463047,0.518466,0.453978,0.640671,0.616555,0.685541,0.665818,0.42657,1.7295,0.00533105,0,0,0,0,0,-0.0139002,-0.00631041,0.182001,0.622628,0.870018,0.489759,0.0703125,0.0495605,1.23956
71,2.96875,0.859375,-0.306641,0.1875,0.289474,0.613891,1.66688,2.01482,6.838,0.880089,2.15981,4.35163,0.708156,0.00333624,0,0,0,0,0,-0.0860494,-0.143434,0.347327,0.907645,0.440372,0.573586,1.96875,0.859375,3.67866
72,1.14062,0.182617,0.265625,0.208008,0.160103,0.5636,0.548702,0.730184,0.834243,0.654912,0.520577,0.380117,0.58241,0.00309065,0,0,0,0,0,-0.0461536,-0.0253246,0.772907,0.618795,0.914138,0.446639,0.140625,0.182617,1.07802
73,1.00781,0.0302734,-0.484375,0.171875,0.0300388,0.511982,0.419272,0.597479,0.53277,0.666964,0.611349,0.365268,1.16836,0.00423507,0,0,0,0,0,-0.0228136,-0.0095651,0.325321,0.620245,0.868949,0.495082,0.0078125,0.0302734,1.15772
74,1.10156,0.102539,-0.0192871,0.216797,0.0930851,0.537082,0.492999,0.677878,0.702566,0.699911,0.664506,0.450454,0.0414229,0.00203403,0,0,0,0,0,-0.0322219,-0.0158854,0.422726,0.616691,0.888274,0.476766,0.101562,0.102539,1.31982
75,1.28125,0.380859,-0.164062,0.351562,0.297256,0.616865,0.72575,0.872551,1.28806,0.664088,0.652024,0.568925,0.276699,0.00249355,0,0,0,0,0,-0.0578039,-0.0419512,0.772859,0.62896,0.91137,0.43578,0.28125,0.380859,1.30185
76,0.898438,0.013916,0.224609,0.150391,0.0154891,0.506179,0.367234,0.528071,0.413719,0.643205,0.553222,0.29214,0.579185,0.00308435,0,0,0,0,0,-0.0135181,-0.00496429,0.213021,0.607438,0.895311,0.482319,-0.101562,0.013916,1.12373
77,0.9375,0.204102,0.304688,0.324219,0.217708,0.586172,0.483489,0.616603,0.613961,0.710438,0.545593,0.336414,0.535101,0.00299824,0,0,0,0,0,-0.0279186,-0.0134983,0.446099,0.613273,0.910846,0.457256,-0.0625,0.204102,1.06571
78,0.960938,0.287109,0.0961914,0.320312,0.29878,0.617446,0.545246,0.654855,0.726129,0.656392,0.552277,0.361662,0.169961,0.00228508,0,0,0,0,0,-0.0458462,-0.0249975,0.723691,0.628651,0.891558,0.455579,-0.0390625,0.287109,1.22528
79,1.07812,0.0307617,0.246094,0.376953,0.0285326,0.511381,0.447712,0.638594,0.608248,0.706939,0.626698,0.400206,0.400827,0.00273599,0,0,0,0,0,-0.0326021,-0.0145963,0.453518,0.608128,0.917844,0.45713,0.078125,0.0307617,1.08303
80,1.125,0.210938,-0.0205078,0.132812,0.1875,0.574366,0.558519,0.730385,0.845406,0.617129,0.520762,0.380357,0.056273,0.00206303,0,0,0,0,0,-0.0447853,-0.0250135,0.749728,0.6344,0.898463,0.440534,0.125,0.210938,0.949597
81,1.28125,0.238281,-0.253906,0.182617,0.185976,0.573768,0.634846,0.831286,1.09407,0.625668,0.795817,0.661552,0.594159,0.00311359,0,0,0,0,0,-0.0546803,-0.0347136,0.598996,0.724368,0.747208,0.45906,0.28125,0.238281,1.47973
82,1.19531,0.0834961,0.21582,0.130859,0.0698529,0.527845,0.521071,0.725534,0.797915,0.667821,0.666717,0.483726,0.596609,0.00311838,0,0,0,0,0,-0.0266731,-0.0138986,0.348769,0.791303,0.644816,0.440004,0.195312,0.0834961,1.44215
83,1.11719,0.0559082,0.15918,0.287109,0.0500437,0.519956,0.475949,0.670211,0.67571,0.694113,0.580989,0.389385,0.297074,0.00253335,0,0,0,0,0,-0.0273291,-0.0130073,0.410076,0.615378,0.878617,0.490471,0.117188,0.0559082,0.944751
84,1.125,0.219727,0.894531,0.243164,0.195312,0.577426,0.564123,0.732829,0.855273,0.59404,0.556732,0.40799,1.81404,0.00549616,0,0,0,0,0,-0.0426889,-0.0240818,0.668459,0.622701,0.887542,0.468629,0.125,0.219727,1.07533
85,0.902344,-0.0437012,0.306641,0.209961,-0.0484307,0.480686,0.339991,0.510732,0.376441,0.624945,0.583846,0.298189,0.669207,0.00326017,0,0,0,0,0,-0.00272701,-0.000927159,0.0407188,0.615984,0.865819,0.506545,-0.0976562,-0.0437012,1.05645
86,1.26562,0.233398,-0.160156,0.152344,0.184414,0.573155,0.625844,0.820602,1.06507,0.615729,0.70267,0.576613,0.410328,0.00275455,0,0,0,0,0,-0.0569512,-0.0356426,0.706575,0.722479,0.733219,0.489116,0.265625,0.233398,1.32528
87,0.945312,-0.117676,0.279297,0.197266,-0.124483,0.450466,0.320235,0.511826,0.364516,0.710085,0.616021,0.315296,0.62884,0.00318133,0,0,0,0,0,-0.0021662,-0.000693691,0.0306555,0.609795,0.906299,0.466723,-0.0546875,-0.117676,1.20356
88,0.988281,-0.0727539,0.992188,0.239258,-0.0736166,0.470658,0.359926,0.551166,0.433331,0.72436,0.624216,0.344047,2.02843,0.00591491,0,0,0,0,0,-0.0203744,-0.0073333,0.28455,0.761279,0.674804,0.487975,-0.0117188,-0.0727539,1.3431
89,0.992188,0.0742188,0.419922,0.318359,0.0748031,0.529814,0.434979,0.604007,0.554031,0.641063,0.551512,0.333117,0.744234,0.00340671,0,0,0,0,0,-0.0278768,-0.0121258,0.440651,0.60201,0.926609,0.456481,-0.0078125,0.0742188,0.956078
90,1.23438,0.337891,-0.921875,0.585938,0.273734,0.607856,0.680686,0.831947,1.15547,0.654615,0.615341,0.511931,1.20433,0.00430534,0,0,0,0,0,-0.0635448,-0.0432541,0.900267,0.581302,0.978879,0.434714,0.234375,0.337891,1.13445
91,0.96875,0.0825195,0.476562,0.209961,0.0851815,0.533941,0.429731,0.593369,0.536756,0.651187,0.468779,0.278159,1.04004,0.00398446,0,0,0,0,0,-0.0272098,-0.0116929,0.506017,0.592439,0.950667,0.445938,-0.03125,0.0825195,0.947602
92,0.882812,-0.0116577,-0.429688,0.273438,-0.0132052,0.494732,0.348181,0.51016,0.381493,0.633941,0.569543,0.290558,0.82172,0.00355805,0,0,0,0,0,-0.0121752,-0.00423919,0.186362,0.623723,0.890501,0.46386,-0.117188,-0.0116577,0.955519
93,1.13281,0.219727,-0.507812,0.25,0.193966,0.576899,0.567068,0.737493,0.865461,0.627914,0.498989,0.368001,1.01562,0.00393677,0,0,0,0,0,-0.0493124,-0.0279635,0.861533,0.592446,0.961583,0.436575,0.132812,0.219727,1.09242
94,0.996094,-0.226562,0.0439453,0.148438,-0.227451,0.410037,0.293332,0.504335,0.340398,0.671141,0.626021,0.315725,0.114062,0.0021759,0,0,0,0,0,0.0157152,0.00460977,0.218845,0.660722,0.820067,0.489818,-0.00390625,-0.226562,1.14247
95,0.996094,0.0505371,-0.124023,0.157227,0.0507353,0.520232,0.424705,0.59781,0.537751,0.630115,0.609345,0.364273,0.312781,0.00256403,0,0,0,0,0,-0.0151631,-0.00643984,0.216936,0.644051,0.83718,0.497074,-0.00390625,0.0505371,0.836219
96,1.10156,-0.133789,0.484375,0.130859,-0.121454,0.451666,0.374835,0.597471,0.497473,0.663288,0.592364,0.35392,1.339,0.00456835,0,0,0,0,0,0.0146304,0.00548399,0.215316,0.645863,0.8716,0.451093,0.101562,-0.133789,1.04989
97,1.01562,0.110352,0.333984,0.131836,0.108654,0.543261,0.462444,0.630767,0.611721,0.661867,0.484647,0.305699,0.919834,0.00374967,0,0,0,0,0,-0.0180034,-0.00832554,0.323843,0.626217,0.886964,0.464054,0.015625,0.110352,0.927422
98,1.10156,0.034668,0.294922,0.201172,0.0314716,0.512553,0.459063,0.653613,0.637949,0.664802,0.589453,0.385274,0.657542,0.00323739,0,0,0,0,0,-0.0277729,-0.0127495,0.41075,0.631205,0.870619,0.475147,0.101562,0.034668,1.06503
99,1.14062,0.151367,0.226562,0.3125,0.132705,0.552787,0.533077,0.718517,0.800437,0.692631,0.535076,0.384461,0.405287,0.0027447,0,0,0,0,0,-0.045098,-0.0240407,0.734765,0.657348,0.841435,0.46711,0.140625,0.151367,1.24447
100,1.25781,0.378906,-1.46875,0.339844,0.301242,0.618385,0.71567,0.858103,1.24853,0.63892,0.660184,0.566506,2.51946,0.00687395,0,0,0,0,0,-0.0663353,-0.0474742,0.875965,0.635238,0.900451,0.437483,0.257812,0.378906,1.18426
101,0.960938,-0.259766,0.417969,0.208008,-0.270325,0.393455,0.268047,0.471426,0.294092,0.658919,0.71745,0.338224,0.91644,0.00374305,0,0,0,0,0,0.0219595,0.00588618,0.266832,0.604782,0.897368,0.483809,-0.0390625,-0.259766,1.15769
102,0.996094,-0.0668945,0.765625,0.157227,-0.0671569,0.473228,0.365989,0.55763,0.444899,0.670491,0.610101,0.340211,1.93087,0.00572436,0,0,0,0,0,0.0016343,0.000598134,0.0233526,0.675957,0.812467,0.470384,-0.00390625,-0.0668945,0.998595
103,0.980469,-0.0393066,0.416016,0.150391,-0.0400896,0.484011,0.373517,0.557682,0.450524,0.577501,0.440068,0.245418,1.07275,0.00404834,0,0,0,0,0,-0.00651016,-0.00243165,0.128967,0.650218,0.853271,0.464871,-0.0195312,-0.0393066,0.820732
104,1.13281,0.259766,-0.122559,0.314453,0.22931,0.590686,0.592595,0.748815,0.911893,0.66316,0.502195,0.376051,0.218558,0.00238,0,0,0,0,0,-0.0509577,-0.0301973,0.884594,0.612389,0.93406,0.436578,0.132812,0.259766,1.02422
105,1.13281,0.110352,-0.193359,0.28125,0.0974138,0.538801,0.509436,0.698894,0.747978,0.5904,0.515129,0.36002,0.364602,0.00266524,0,0,0,0,0,-0.0310783,-0.0158324,0.525954,0.608557,0.920752,0.453713,0.132812,0.110352,1.0204
106,0.980469,0.0981445,-0.263672,0.287109,0.1001,0.539867,0.442243,0.605865,0.562651,0.698475,0.55898,0.338666,0.492085,0.00291423,0,0,0,0,0,-0.0297356,-0.0131504,0.463754,0.611203,0.903884,0.467335,-0.0195312,0.0981445,0.885582
107,1.13281,-0.113281,-0.365234,0.128906,-0.1,0.460172,0.39762,0.622116,0.54513,0.675273,0.594372,0.369768,1.01727,0.00393997,0,0,0,0,0,0.00211846,0.000842343,0.031072,0.629719,0.889086,0.456628,0.132812,-0.113281,1.37544
108,1.08594,0.166016,0.601562,0.259766,0.152878,0.560753,0.518471,0.692232,0.747998,0.687015,0.539029,0.373133,1.18029,0.00425839,0,0,0,0,0,-0.036672,-0.0190134,0.593101,0.643068,0.888145,0.438325,0.0859375,0.166016,1.03986
109,0.980469,0.0751953,0.613281,0.166016,0.0766932,0.530566,0.430768,0.597541,0.542616,0.636029,0.620898,0.371012,1.50517,0.00489291,0,0,0,0,0,-0.0344083,-0.014822,0.483115,0.626365,0.854632,0.504306,-0.0195312,0.0751953,1.12403
110,1.00781,0.328125,-1.02344,0.558594,0.325581,0.627629,0.589065,0.695024,0.830055,0.768294,0.633237,0.440115,1.36935,0.00462763,0,0,0,0,0,-0.0421899,-0.0248526,0.58083,0.64464,0.860486,0.465521,0.0078125,0.328125,1.20078
111,0.898438,0.0230713,0.59375,0.128906,0.0256793,0.510243,0.371811,0.531264,0.420485,0.620129,0.49711,0.264097,1.65374,0.00518308,0,0,0,0,0,-0.0240506,-0.00894229,0.421775,0.607325,0.909836,0.466389,-0.101562,0.0230713,1.02355
112,1.15625,0.279297,-0.192383,0.170898,0.241554,0.595437,0.613882,0.768387,0.96727,0.551031,0.544174,0.418136,0.465369,0.00286205,0,0,0,0,0,-0.0503026,-0.0308799,0.80586,0.633835,0.900489,0.439374,0.15625,0.279297,1.05425
113,1.07812,0.132812,0.462891,0.322266,0.123188,0.549021,0.498737,0.675349,0.704834,0.650724,0.572663,0.386747,0.815401,0.00354571,0,0,0,0,0,-0.0276387,-0.0137844,0.420751,0.633194,0.866769,0.47661,0.078125,0.132812,0.917321
114,1.1875,0.234375,0.302734,0.201172,0.197368,0.57823,0.59702,0.774223,0.955855,0.671993,0.6148,0.475993,0.67496,0.00327141,0,0,0,0,0,-0.0509537,-0.0304204,0.722519,0.61721,0.904092,0.458749,0.1875,0.234375,1.12636
115,0.988281,-0.15625,0.0859375,0.155273,-0.158103,0.437188,0.318178,0.524857,0.376712,0.740976,0.692802,0.363622,0.218089,0.00237908,0,0,0,0,0,0.00391508,0.00124569,0.049265,0.606718,0.897404,0.480941,-0.0117188,-0.15625,1.0881
116,1.39062,0.507812,-0.777344,0.279297,0.365169,0.642507,0.847916,0.976147,1.67183,0.610175,0.878717,0.857758,1.47089,0.00482596,0,0,0,0,0,-0.0694756,-0.0589095,0.689271,0.686821,0.80402,0.46026,0.390625,0.507812,1.47381
117,0.878906,-0.060791,0.0517578,0.308594,-0.0691667,0.472428,0.322048,0.491447,0.345235,0.669882,0.51779,0.254467,0.0931713,0.0021351,0,0,0,0,0,-0.013004,-0.0041879,0.218942,0.594646,0.940966,0.452068,-0.121094,-0.060791,0.994039
118,1.04688,0.0578613,0.625,0.129883,0.0552705,0.522039,0.44873,0.629976,0.598228,0.729169,0.596854,0.376003,1.73422,0.00534027,0,0,0,0,0,-0.0183404,-0.0082299,0.267885,0.605514,0.930143,0.448673,0.046875,0.0578613,1.21257
119,1.28906,0.157227,-0.4375,0.208984,0.12197,0.548538,0.59553,0.806902,1.00575,0.653854,0.736638,0.594395,0.95702,0.00382231,0,0,0,0,0,-0.0351363,-0.0209247,0.415823,0.719323,0.759799,0.452034,0.289062,0.157227,1.44573
120,1.14844,0.292969,-0.253906,0.277344,0.255102,0.600678,0.619654,0.767724,0.973371,0.60101,0.501985,0.385386,0.48213,0.00289479,0,0,0,0,0,-0.0482383,-0.029891,0.837737,0.621324,0.921912,0.43615,0.148438,0.292969,1.18826
121,1,-0.113281,0.304688,0.142578,-0.113281,0.454904,0.344362,0.544958,0.415564,0.699404,0.541085,0.294869,0.806916,0.00352913,0,0,0,0,0,0.00558452,0.00192309,0.089976,0.625913,0.897643,0.4532,0,-0.113281,1.22443
122,1.10156,-0.0805664,-0.271484,0.285156,-0.0731383,0.470848,0.401446,0.614516,0.538788,0.7125,0.532134,0.327005,0.508397,0.00294609,0,0,0,0,0,-0.00237824,-0.000954734,0.038962,0.588926,0.937346,0.462529,0.101562,-0.0805664,1.23167
123,2.4375,0.283203,-0.648438,0.15332,0.116186,0.546247,1.11904,1.52058,3.56444,0.598003,1.62454,2.47024,1.65603,0.00518756,0,0,0,0,0,-0.0585526,-0.0655229,0.314212,0.92193,0.400236,0.50095,1.4375,0.283203,2.66378
124,1.09375,-0.134766,-0.185547,0.214844,-0.123214,0.450969,0.371214,0.59263,0.48901,0.732111,0.739458,0.438225,0.400306,0.00273497,0,0,0,0,0,0.0102125,0.00379102,0.1204,0.621621,0.871186,0.489901,0.09375,-0.134766,1.14193
125,1,0.0712891,0.322266,0.205078,0.0712891,0.528416,0.436647,0.607499,0.559715,0.665815,0.447536,0.271878,0.71163,0.00334303,0,0,0,0,0,-0.0235225,-0.010271,0.458207,0.601825,0.934195,0.449516,0,0.0712891,0.981232
126,1.0625,-0.158203,0.294922,0.15918,-0.148897,0.440817,0.346963,0.567251,0.442158,0.631883,0.719256,0.407999,0.739202,0.00339688,0,0,0,0,0,0.00617389,0.00214211,0.074831,0.621153,0.859736,0.506216,0.0625,-0.158203,1.42576
127,1.01562,0.0556641,-0.330078,0.287109,0.0548077,0.521854,0.4351,0.611003,0.562637,0.71544,0.493999,0.301835,0.616018,0.00315628,0,0,0,0,0,-0.0201244,-0.00875612,0.355143,0.594358,0.947786,0.446228,0.015625,0.0556641,0.935975
128,1.24219,0.320312,-0.200195,0.160156,0.257862,0.601743,0.672424,0.831399,1.14338,0.534914,0.637434,0.529962,0.500244,0.00293016,0,0,0,0,0,-0.0535232,-0.0359902,0.732003,0.72493,0.752203,0.44999,0.242188,0.320312,1.19211
129,0.929688,-0.045166,-0.396484,0.186523,-0.0485819,0.480626,0.350224,0.526162,0.399503,0.728391,0.571605,0.300757,0.918035,0.00374616,0,0,0,0,0,-0.00323149,-0.00113175,0.0492849,0.59006,0.907064,0.49362,-0.0703125,-0.045166,1.18706
130,1.04688,-0.136719,-0.296875,0.167969,-0.130597,0.448047,0.35144,0.564819,0.442531,0.733365,0.592698,0.334767,0.724368,0.00336791,0,0,0,0,0,0.00682143,0.00239732,0.100334,0.599479,0.917251,0.469229,0.046875,-0.136719,1.02168
131,1.09375,-0.139648,-0.251953,0.255859,-0.127679,0.449202,0.368772,0.591104,0.485397,0.734309,0.762751,0.450865,0.498103,0.00292598,0,0,0,0,0,0.015153,0.005588,0.17319,0.616269,0.84752,0.534346,0.09375,-0.139648,0.944862
132,0.984375,-0.059082,0.570312,0.186523,-0.0600198,0.47607,0.365196,0.553381,0.439599,0.691351,0.407204,0.225339,1.32052,0.00453227,0,0,0,0,0,-0.00310481,-0.00113386,0.0664706,0.622275,0.913284,0.442845,-0.015625,-0.059082,0.934868
133,0.96875,0.168945,-0.0727539,0.519531,0.174395,0.569223,0.472944,0.625376,0.61477,0.734887,0.555205,0.347212,0.100937,0.00215027,0,0,0,0,0,-0.0327012,-0.0154658,0.513472,0.596926,0.932569,0.457168,-0.03125,0.168945,0.977045
134,0.953125,-0.10498,-0.0908203,0.210938,-0.110143,0.456148,0.329715,0.520359,0.379486,0.602363,0.422158,0.219674,0.197745,0.00233935,0,0,0,0,0,0.0034139,0.00112562,0.0704989,0.667839,0.826973,0.466565,-0.046875,-0.10498,0.860258
135,1.08594,-0.0913086,-0.139648,0.145508,-0.0840827,0.466495,0.389809,0.601934,0.514276,0.622547,0.67025,0.403446,0.366094,0.00266815,0,0,0,0,0,-0.00786867,-0.00306728,0.102346,0.712366,0.750069,0.485363,0.0859375,-0.0913086,1.4903
136,1.10938,0.0281982,0.00370789,0.226562,0.0254181,0.510139,0.458961,0.655894,0.640843,0.657395,0.456101,0.299154,0.00778991,0.00196834,0,0,0,0,0,-0.0252639,-0.0115952,0.482889,0.630556,0.905218,0.439363,0.109375,0.0281982,1.00005
137,0.839844,-0.0957031,1.07031,0.188477,-0.113953,0.454637,0.288928,0.457501,0.292787,0.668626,0.427775,0.195708,2.46537,0.0067683,0,0,0,0,0,-0.00366919,-0.00106013,0.0747758,0.617039,0.911845,0.451194,-0.160156,-0.0957031,1.04325
138,0.941406,0.0349121,-0.941406,0.15918,0.0370851,0.514791,0.394962,0.560443,0.470091,0.640046,0.565657,0.317018,2.35957,0.00656166,0,0,0,0,0,-0.0127099,-0.00501992,0.195882,0.608522,0.894476,0.481697,-0.0585938,0.0349121,1.00573
139,0.941406,-0.234375,0.0556641,0.177734,-0.248963,0.401695,0.269888,0.469178,0.292967,0.691943,0.665364,0.312174,0.132035,0.00221101,0,0,0,0,0,0.0351911,0.00949765,0.461085,0.656554,0.827975,0.486499,-0.0585938,-0.234375,1.05992
140,1.27344,0.478516,-1.42188,0.380859,0.375767,0.646455,0.785068,0.89815,1.423,0.606128,0.713403,0.640743,2.30398,0.00645309,0,0,0,0,0,-0.0737827,-0.0579244,0.901626,0.60481,0.945336,0.435969,0.273438,0.478516,1.21211
141,1.26562,0.0664062,0.363281,0.291016,0.0524691,0.520923,0.540722,0.760351,0.870513,0.647311,0.622292,0.47316,0.673418,0.00326839,0,0,0,0,0,-0.0356538,-0.0192788,0.49948,0.655816,0.847513,0.462321,0.265625,0.0664062,1.08776
142,0.882812,-0.111816,-0.220703,0.21875,-0.126659,0.449605,0.298102,0.477386,0.316762,0.685203,0.511036,0.243962,0.471883,0.00287477,0,0,0,0,0,0.00319903,0.000953635,0.0545724,0.632307,0.874496,0.468842,-0.117188,-0.111816,0.906747
143,1.05469,-0.041748,0.71875,0.205078,-0.0395833,0.484213,0.402058,0.600075,0.521741,0.667421,0.570263,0.342201,1.58715,0.00505303,0,0,0,0,0,-0.00882279,-0.00354728,0.134877,0.602027,0.901198,0.483353,0.0546875,-0.041748,0.9274
144,1.00781,0.0629883,0.308594,0.210938,0.0625,0.524918,0.435629,0.609069,0.560738,0.583802,0.450275,0.274249,0.671909,0.00326545,0,0,0,0,0,-0.0251144,-0.0109406,0.486241,0.650345,0.861457,0.455185,0.0078125,0.0629883,0.99814
145,1.125,0.143555,-0.585938,0.169922,0.127604,0.550769,0.522905,0.706548,0.772639,0.660312,0.593294,0.419191,1.42143,0.00472936,0,0,0,0,0,-0.0319198,-0.016691,0.469026,0.668337,0.834018,0.456844,0.125,0.143555,1.2105
146,1.45312,0.429688,-0.707031,0.124512,0.295699,0.61627,0.821664,0.988919,1.65309,0.555085,0.989416,0.978452,2.0037,0.00586661,0,0,0,0,0,-0.0716207,-0.0588482,0.631054,0.859677,0.512676,0.469306,0.453125,0.429688,1.70996
147,0.902344,0.0187988,1.07031,0.164062,0.0208333,0.508311,0.371241,0.532046,0.420893,0.635835,0.610597,0.324866,2.64244,0.00711415,0,0,0,0,0,-0.0265619,-0.00986089,0.379238,0.599017,0.90349,0.485023,-0.0976562,0.0187988,1.0631
148,0.964844,0.0390625,-0.46875,0.141602,0.0404858,0.516147,0.406436,0.575553,0.496452,0.607696,0.526603,0.303088,1.24568,0.0043861,0,0,0,0,0,-0.0219414,-0.00891779,0.363236,0.657565,0.817765,0.499755,-0.0351562,0.0390625,1.1336
149,1.21875,0.337891,-0.455078,0.277344,0.277244,0.609203,0.674797,0.822686,1.13216,0.612499,0.604461,0.497281,0.864125,0.00364087,0,0,0,0,0,-0.0610321,-0.0411843,0.880232,0.605805,0.940217,0.439209,0.21875,0.337891,1.01081
150,1.09375,0.0198975,1.03125,0.176758,0.018192,0.507257,0.448545,0.643897,0.615796,0.724566,0.68396,0.4404,2.45287,0.00674389,0,0,0,0,0,-0.023359,-0.0104776,0.297735,0.64275,0.827057,0.515366,0.09375,0.0198975,1.08533
151,0.976562,0.283203,-1.0625,0.273438,0.29,0.614092,0.548645,0.662923,0.740479,0.638335,0.646943,0.428874,2.03189,0.00592166,0,0,0,0,0,-0.0407394,-0.0223514,0.548978,0.641963,0.828512,0.514587,-0.0234375,0.283203,1.03824
152,1.22656,0.253906,-0.601562,0.147461,0.207006,0.581998,0.624196,0.803009,1.03444,0.599192,0.672486,0.540012,1.56654,0.00501278,0,0,0,0,0,-0.0473987,-0.0295861,0.614455,0.667578,0.820764,0.475346,0.226562,0.253906,1.05575
153,1,-0.193359,-0.765625,0.1875,-0.193359,0.423339,0.306838,0.51906,0.363573,0.701918,0.689424,0.357852,1.76814,0.00540651,0,0,0,0,0,0.0134849,0.00413769,0.170518,0.655075,0.801344,0.534369,0,-0.193359,0.979606
154,0.992188,-0.257812,-0.235352,0.168945,-0.259843,0.397493,0.280534,0.490538,0.319327,0.686214,0.690715,0.338822,0.57259,0.00307147,0,0,0,0,0,0.0194657,0.00546078,0.245684,0.62271,0.879069,0.478407,-0.0078125,-0.257812,1.22605
155,1.0625,0.145508,0.167969,0.273438,0.136949,0.554464,0.498819,0.670977,0.699031,0.593264,0.634833,0.425958,0.321218,0.0025805,0,0,0,0,0,-0.0376456,-0.0187783,0.516966,0.61555,0.889679,0.476847,0.0625,0.145508,1.30508
156,1.08594,0.0227051,-0.546875,0.22168,0.0209083,0.508341,0.446816,0.640326,0.609662,0.655155,0.52144,0.333892,1.16152,0.00422171,0,0,0,0,0,-0.0125894,-0.00562514,0.210478,0.591095,0.95258,0.445824,0.0859375,0.0227051,0.991403
157,0.859375,0.25,-0.667969,0.180664,0.290909,0.61444,0.483306,0.583607,0.574182,0.608646,0.489679,0.28578,1.57152,0.0050225,0,0,0,0,0,-0.0337166,-0.0162954,0.600259,0.651664,0.852366,0.463529,-0.140625,0.25,0.935385
158,1.25,0.106445,-0.283203,0.265625,0.0851563,0.533931,0.554476,0.765627,0.893627,0.679649,0.656633,0.502736,0.549495,0.00302636,0,0,0,0,0,-0.0410648,-0.0227694,0.545198,0.71664,0.748079,0.477532,0.25,0.106445,1.23339
159,1.10156,0.183594,-0.400391,0.265625,0.166667,0.566184,0.533526,0.707899,0.785771,0.609317,0.499801,0.353808,0.776872,0.00347045,0,0,0,0,0,-0.0436774,-0.023303,0.761846,0.622335,0.917011,0.439298,0.101562,0.183594,0.912781
160,0.984375,-0.0371094,-0.484375,0.216797,-0.0376984,0.484964,0.376182,0.560692,0.455889,0.701576,0.479535,0.268871,1.04029,0.00398495,0,0,0,0,0,-0.0140091,-0.00526996,0.254681,0.602203,0.935431,0.447907,-0.015625,-0.0371094,0.985907
161,0.980469,-0.179688,-0.255859,0.182617,-0.183267,0.427294,0.304431,0.51266,0.355499,0.68225,0.618279,0.316967,0.598729,0.00312252,0,0,0,0,0,0.0144134,0.0043879,0.203231,0.610528,0.903367,0.468837,-0.0195312,-0.179688,1.21197
162,1.15625,0.197266,-0.644531,0.267578,0.170608,0.567734,0.562292,0.744762,0.870842,0.5999,0.51378,0.382644,1.246,0.00438672,0,0,0,0,0,-0.0443263,-0.0249243,0.752127,0.643255,0.886564,0.439604,0.15625,0.197266,1.00385
163,1.07812,0.0380859,0.488281,0.170898,0.0353261,0.51409,0.451374,0.641167,0.614833,0.697672,0.621896,0.398739,1.18114,0.00426004,0,0,0,0,0,-0.0244821,-0.0110506,0.343193,0.605915,0.894693,0.485293,0.078125,0.0380859,1.06566
164,1.14062,0.283203,-0.160156,0.351562,0.248288,0.598044,0.610483,0.760233,0.950644,0.639903,0.54636,0.415361,0.270111,0.00248069,0,0,0,0,0,-0.0483523,-0.0295183,0.771517,0.651663,0.874691,0.43909,0.140625,0.283203,1.19827
165,1.0625,0.0194092,-0.65625,0.182617,0.0182675,0.507287,0.43577,0.625528,0.581181,0.715924,0.603039,0.377218,1.53567,0.00495248,0,0,0,0,0,-0.0164379,-0.00716315,0.237634,0.591193,0.935856,0.461161,0.0625,0.0194092,1.20258
166,0.941406,-0.0805664,-0.322266,0.15625,-0.0855809,0.4659,0.337223,0.521364,0.38554,0.673588,0.543709,0.283471,0.815275,0.00354546,0,0,0,0,0,-0.00503721,-0.00169866,0.0807662,0.611887,0.911116,0.458857,-0.0585938,-0.0805664,1.0005
167,1.375,-0.00787354,0.382812,0.206055,-0.00572621,0.497716,0.547441,0.798103,0.936661,0.751082,0.96256,0.768222,0.843325,0.00360024,0,0,0,0,0,-0.0269266,-0.0147408,0.243872,0.745057,0.686322,0.524618,0.375,-0.00787354,2.023
168,0.878906,-0.0268555,-0.417969,0.158203,-0.0305556,0.487812,0.339016,0.50273,0.367669,0.725578,0.557867,0.280456,1.05084,0.00400555,0,0,0,0,0,0.0182154,0.0061753,0.284652,0.6586,0.821681,0.49166,-0.121094,-0.0268555,1.0099
169,1.00781,0.104492,0.71875,0.188477,0.103682,0.541289,0.456381,0.62408,0.59776,0.615502,0.485118,0.302752,1.65558,0.00518667,0,0,0,0,0,-0.0303436,-0.0138483,0.545289,0.60031,0.923268,0.46197,0.0078125,0.104492,1.10631
170,1.60156,0.726562,-0.761719,0.240234,0.453659,0.674963,1.06689,1.16997,2.50707,0.548626,1.09185,1.27742,1.55409,0.00498846,0,0,0,0,0,-0.100083,-0.106778,0.79911,0.771527,0.677822,0.44395,0.601562,0.726562,1.62287
171,1.1875,-0.141602,-0.507812,0.217773,-0.119243,0.452541,0.40539,0.644906,0.580245,0.667579,0.806602,0.520183,1.08818,0.00407848,0,0,0,0,0,0.00652855,0.00264661,0.0705609,0.707498,0.744493,0.510347,0.1875,-0.141602,1.29788
172,2.20312,0.193359,0.144531,0.101562,0.087766,0.534969,0.980138,1.3515,2.78722,0.720411,1.66766,2.25384,0.453519,0.0028389,0,0,0,0,0,-0.0556808,-0.0545748,0.291075,1.02337,0.196612,0.489771,1.20312,0.193359,2.83423
173,1.32031,0.173828,-0.667969,0.178711,0.131657,0.552372,0.616362,0.831194,1.07079,0.705803,0.914433,0.760071,1.58009,0.00503923,0,0,0,0,0,-0.0348478,-0.0214789,0.332224,0.717184,0.750535,0.471867,0.320312,0.173828,1.63831
174,0.867188,-0.097168,-0.257812,0.201172,-0.11205,0.455392,0.29916,0.472918,0.313149,0.676469,0.562289,0.265917,0.574805,0.00307579,0,0,0,0,0,0.00344492,0.00103058,0.0534105,0.593422,0.918666,0.475838,-0.132812,-0.097168,1.32893
175,0.972656,-0.105957,0.984375,0.135742,-0.108936,0.456627,0.337059,0.531395,0.395989,0.662789,0.551285,0.29295,2.6718,0.00717147,0,0,0,0,0,0.00132764,0.000447493,0.0209948,0.627218,0.890348,0.458929,-0.0273438,-0.105957,0.988046
176,1.08594,0.163086,0.492188,0.109375,0.15018,0.559689,0.517006,0.691136,0.744965,0.648386,0.469212,0.324289,1.48824,0.00485983,0,0,0,0,0,-0.030034,-0.0155278,0.558021,0.695471,0.805591,0.441371,0.0859375,0.163086,1.08415
177,1.14844,0.217773,0.0241699,0.300781,0.189626,0.575199,0.571712,0.746279,0.883786,0.672743,0.569765,0.425203,0.0440707,0.0020392,0,0,0,0,0,-0.0444996,-0.0254409,0.680875,0.604603,0.928768,0.451112,0.148438,0.217773,1.07281
178,0.945312,0.116699,0.0996094,0.235352,0.12345,0.549125,0.437422,0.592245,0.542092,0.631546,0.451805,0.267579,0.205325,0.00235415,0,0,0,0,0,-0.019047,-0.00833159,0.367522,0.617621,0.908315,0.453902,-0.0546875,0.116699,0.908745
179,0.910156,-0.0427246,-0.25,0.124023,-0.0469421,0.48128,0.343613,0.515605,0.383918,0.663476,0.465535,0.240032,0.709885,0.00333962,0,0,0,0,0,-0.00150208,-0.000516133,0.0281285,0.639783,0.881342,0.449966,-0.0898438,-0.0427246,1.12255
180,1.21094,0.349609,-0.425781,0.470703,0.28871,0.613598,0.679324,0.821557,1.13644,0.630942,0.578652,0.475395,0.620602,0.00316524,0,0,0,0,0,-0.059689,-0.0405481,0.899256,0.624434,0.917301,0.436302,0.210938,0.349609,1.24529
181,1.17188,0.206055,-0.683594,0.170898,0.175833,0.569788,0.573074,0.757048,0.901535,0.608786,0.691023,0.523137,1.65359,0.0051828,0,0,0,0,0,-0.0453045,-0.0259628,0.571552,0.687919,0.791946,0.47507,0.171875,0.206055,1.19909
182,0.953125,0.0957031,-0.34375,0.21582,0.10041,0.539991,0.430057,0.589076,0.53196,0.632314,0.513638,0.302572,0.73994,0.00339832,0,0,0,0,0,-0.0282616,-0.0121541,0.479675,0.604211,0.924857,0.455355,-0.046875,0.0957031,1.04111
183,1.33594,0.558594,-0.324219,0.320312,0.418129,0.662073,0.85968,0.960378,1.66138,0.567674,0.817485,0.785094,0.572864,0.003072,0,0,0,0,0,-0.0712727,-0.0612717,0.760064,0.643939,0.879587,0.445616,0.335938,0.558594,1.31894
184,1.10156,0.10498,0.0473633,0.169922,0.0953014,0.537962,0.494219,0.678766,0.704976,0.710874,0.676631,0.459274,0.114899,0.00217754,0,0,0,0,0,-0.0278978,-0.0137876,0.359438,0.64346,0.85587,0.473045,0.101562,0.10498,1.10099
185,1.82031,0.605469,0.302734,0.135742,0.332618,0.630289,1.07214,1.2593,2.7353,0.668681,1.47679,1.85972,0.821683,0.00355797,0,0,0,0,0,-0.0769358,-0.0824856,0.454167,0.915776,0.407464,0.475822,0.820312,0.605469,2.31089
186,1.01562,0.21582,-0.0991211,0.484375,0.2125,0.584142,0.520407,0.666487,0.715028,0.660591,0.504939,0.336535,0.142421,0.00223129,0,0,0,0,0,-0.0380001,-0.0197755,0.656073,0.642762,0.870954,0.456583,0.015625,0.21582,0.972348
187,1.16406,0.219727,-0.847656,0.314453,0.188758,0.574859,0.578846,0.756152,0.906829,0.668235,0.59409,0.449223,1.51162,0.0049055,0,0,0,0,0,-0.0470981,-0.0272625,0.691126,0.643639,0.841296,0.491939,0.164062,0.219727,1.08373
188,0.984375,-0.253906,0.168945,0.152344,-0.257937,0.398228,0.279005,0.48736,0.315364,0.616494,0.651285,0.31741,0.432846,0.00279853,0,0,0,0,0,0.0299941,0.00836848,0.401487,0.625558,0.876685,0.476811,-0.015625,-0.253906,1.07947
189,0.898438,0.0169678,-0.00714111,0.211914,0.0188859,0.507534,0.368759,0.529133,0.415965,0.701107,0.578282,0.305988,0.0155127,0.00198342,0,0,0,0,0,-0.00839856,-0.00309705,0.126611,0.618915,0.882855,0.479756,-0.101562,0.0169678,1.00834
190,1.16406,0.0461426,0.0593262,0.124023,0.0396393,0.51581,0.489863,0.694044,0.721663,0.57615,0.527557,0.366148,0.168459,0.00228215,0,0,0,0,0,-0.0198392,-0.00971851,0.32784,0.644321,0.878186,0.446491,0.164062,0.0461426,1.09412
191,1.02344,-0.173828,0.102539,0.148438,-0.169847,0.432565,0.323487,0.539906,0.396142,0.671423,0.595088,0.321291,0.266145,0.00247294,0,0,0,0,0,0.0116502,0.00376868,0.170671,0.621824,0.882252,0.476008,0.0234375,-0.173828,1.22271
192,0.996094,-0.00805664,0.341797,0.145508,-0.00808824,0.496773,0.395408,0.577365,0.489698,0.658857,0.57206,0.330287,0.896035,0.00370319,0,0,0,0,0,-0.00285784,-0.00113001,0.0435515,0.625845,0.882838,0.469215,-0.00390625,-0.00805664,1.06226
193,0.960938,0.0119019,0.443359,0.207031,0.0123857,0.504941,0.391289,0.56377,0.470944,0.694694,0.420592,0.237117,0.974402,0.00385625,0,0,0,0,0,-0.0152445,-0.005965,0.31598,0.617893,0.912194,0.449712,-0.0390625,0.0119019,0.995422
194,1.14062,-0.115234,0.124023,0.097168,-0.101027,0.459764,0.399776,0.626032,0.551737,0.606209,0.709494,0.444166,0.397871,0.00273022,0,0,0,0,0,0.00777235,0.0031072,0.0955015,0.64481,0.811616,0.538667,0.140625,-0.115234,1.17619
195,1.00781,0.0405273,-0.0400391,0.169922,0.0402132,0.516038,0.424399,0.601088,0.541421,0.658754,0.654708,0.393537,0.0971313,0.00214283,0,0,0,0,0,-0.0284896,-0.0120909,0.379354,0.633359,0.876169,0.465297,0.0078125,0.0405273,1.33941
196,1.15625,0.257812,0.746094,0.175781,0.222973,0.588222,0.600184,0.762211,0.941187,0.602044,0.582807,0.444222,1.77954,0.00542878,0,0,0,0,0,-0.0461043,-0.0276711,0.689641,0.686344,0.808247,0.455641,0.15625,0.257812,1.12227
197,0.921875,-0.118164,1.14062,0.228516,-0.128178,0.449004,0.310592,0.498073,0.344544,0.731669,0.553393,0.27563,2.38608,0.00661344,0,0,0,0,0,-0.00640759,-0.00199015,0.100941,0.591523,0.941178,0.455673,-0.078125,-0.118164,1.12759
198,0.972656,0.0314941,-0.0344238,0.161133,0.0323795,0.512915,0.405785,0.577436,0.498094,0.643721,0.369197,0.213188,0.0857565,0.00212062,0,0,0,0,0,-0.0129981,-0.00527442,0.306922,0.608949,0.930532,0.444004,-0.0273438,0.0314941,0.887596
199,0.984375,0.0703125,0.21875,0.169922,0.0714286,0.528472,0.429893,0.598056,0.542479,0.648047,0.414259,0.24775,0.530669,0.00298959,0,0,0,0,0,-0.0185874,-0.0079906,0.39116,0.597706,0.944464,0.445199,-0.015625,0.0703125,1.00114
200,1.125,0.233398,-0.0830078,0.121094,0.207465,0.582177,0.57284,0.736663,0.870818,0.594933,0.554245,0.408292,0.238538,0.00241902,0,0,0,0,0,-0.0424547,-0.0243198,0.667776,0.629461,0.895045,0.450831,0.125,0.233398,0.961965
201,0.933594,-0.116211,-0.542969,0.186523,-0.124477,0.450469,0.316268,0.505483,0.355539,0.738343,0.588521,0.297488,1.25721,0.00440861,0,0,0,0,0,0.00824697,0.00260825,0.122163,0.629182,0.885985,0.460733,-0.0664062,-0.116211,1.13895
202,1.07031,0.112305,-0.209961,0.408203,0.104927,0.541783,0.48535,0.66327,0.675492,0.685668,0.402941,0.267259,0.328625,0.00259497,0,0,0,0,0,-0.0338899,-0.0164485,0.733222,0.589359,0.96752,0.43513,0.0703125,0.112305,0.937452
203,1.04688,-0.0390625,0.5625,0.230469,-0.0373134,0.485118,0.400268,0.596427,0.51594,0.657599,0.51005,0.304208,1.1717,0.0042416,0,0,0,0,0,-0.00207916,-0.000832222,0.0355371,0.616718,0.892884,0.471478,0.046875,-0.0390625,1.0581
204,1.21875,0.427734,0.248047,0.244141,0.350962,0.637191,0.732078,0.850072,1.25856,0.660448,0.64525,0.548509,0.502012,0.00293362,0,0,0,0,0,-0.0576706,-0.0422194,0.779172,0.735007,0.737103,0.448044,0.21875,0.427734,1.345
205,0.984375,0.0683594,0.46875,0.106934,0.0694444,0.527682,0.428916,0.597354,0.540801,0.589652,0.505644,0.302049,1.43346,0.00475284,0,0,0,0,0,-0.022541,-0.00966822,0.38863,0.631735,0.87544,0.468642,-0.015625,0.0683594,1.17904
206,1.14844,0.283203,-0.582031,0.235352,0.246599,0.597391,0.613428,0.764876,0.961329,0.680011,0.722135,0.552344,1.19974,0.00429637,0,0,0,0,0,-0.0494005,-0.0303037,0.596376,0.686853,0.794151,0.474083,0.148438,0.283203,1.49894
207,1.17969,-0.179688,-0.200195,0.287109,-0.152318,0.439468,0.383214,0.628584,0.54197,0.781374,0.599324,0.376725,0.37362,0.00268285,0,0,0,0,0,-0.00416123,-0.00159464,0.0605295,0.785003,0.622486,0.561511,0.179688,-0.179688,1.33297
208,1.03125,-0.0427246,-0.157227,0.177734,-0.0414299,0.483477,0.392171,0.586103,0.497315,0.735067,0.534838,0.31347,0.372941,0.00268153,0,0,0,0,0,-4.72633e-05,-1.85353e-05,0.000770387,0.607066,0.918142,0.458235,0.03125,-0.0427246,1.12645
209,1.14062,-0.0106812,0.200195,0.129883,-0.0093643,0.496264,0.452053,0.660641,0.640799,0.688983,0.677983,0.447904,0.555492,0.00303807,0,0,0,0,0,-0.014974,-0.00676906,0.192543,0.686361,0.763413,0.531267,0.140625,-0.0106812,1.19517
210,1.09375,0.128906,0.0961914,0.140625,0.117857,0.54691,0.503049,0.682986,0.719529,0.575469,0.564271,0.385389,0.25651,0.00245412,0,0,0,0,0,-0.0355231,-0.0178699,0.548819,0.651968,0.852397,0.462983,0.09375,0.128906,1.30909
211,0.992188,0.026001,0.199219,0.245117,0.0262057,0.510453,0.41087,0.586883,0.513246,0.736282,0.542317,0.318277,0.402386,0.00273904,0,0,0,0,0,-0.0198888,-0.0081717,0.319714,0.568821,0.929994,0.49589,-0.0078125,0.026001,0.988843
212,1.02344,-0.11084,0.867188,0.22168,-0.108302,0.456878,0.354981,0.559344,0.438877,0.718684,0.604976,0.33839,1.84183,0.00555045,0,0,0,0,0,0.000793457,0.000281662,0.0114338,0.626443,0.89046,0.459937,0.0234375,-0.11084,1.05807
213,1.03125,0.0805664,-0.275391,0.122559,0.078125,0.531136,0.453817,0.629021,0.601618,0.536112,0.4158,0.261547,0.786642,0.00348954,0,0,0,0,0,-0.0137333,-0.00623241,0.287937,0.661787,0.841521,0.459265,0.03125,0.0805664,0.981189
214,1.02344,-0.0568848,0.134766,0.142578,-0.0555821,0.477837,0.381958,0.576842,0.478639,0.669037,0.492104,0.283866,0.356905,0.00265021,0,0,0,0,0,-0.00605819,-0.00231398,0.107323,0.619411,0.913719,0.446222,0.0234375,-0.0568848,1.01586
215,1.13281,0.21875,0.457031,0.179688,0.193103,0.576561,0.566445,0.737221,0.864354,0.659765,0.519707,0.383139,1.07817,0.00405892,0,0,0,0,0,-0.045769,-0.0259256,0.76775,0.648391,0.865821,0.453441,0.132812,0.21875,0.97369
216,1.14062,-0.143555,-0.402344,0.146484,-0.125856,0.449923,0.385616,0.617086,0.529495,0.750536,0.717068,0.442493,1.05124,0.00400633,0,0,0,0,0,0.00594056,0.00229078,0.0722228,0.650336,0.821732,0.508395,0.140625,-0.143555,1.10078
217,0.957031,0.0683594,-0.527344,0.173828,0.0714286,0.528472,0.417951,0.581443,0.51276,0.614177,0.458721,0.26672,1.26483,0.00442351,0,0,0,0,0,-0.0209186,-0.00874296,0.397549,0.678202,0.8027,0.479767,-0.0429688,0.0683594,0.909082
218,0.996094,0.0947266,0.388672,0.117676,0.095098,0.537882,0.446799,0.613704,0.576262,0.580541,0.484125,0.297109,1.13303,0.00416606,0,0,0,0,0,-0.0238856,-0.0106721,0.430116,0.632573,0.887361,0.454281,-0.00390625,0.0947266,0.91472
219,1.02344,0.118164,0.6875,0.267578,0.115458,0.545959,0.469483,0.638176,0.627683,0.646032,0.531311,0.33907,1.32907,0.00454896,0,0,0,0,0,-0.0338147,-0.0158754,0.554834,0.61959,0.901121,0.458503,0.0234375,0.118164,1.08209
220,0.960938,-0.158203,-0.209961,0.125,-0.164634,0.434616,0.306237,0.508439,0.352291,0.556103,0.52072,0.264755,0.593859,0.00311301,0,0,0,0,0,0.0111278,0.00340773,0.186299,0.676713,0.771658,0.540581,-0.0390625,-0.158203,1.11856
221,1.03125,0.109863,0.120117,0.211914,0.106534,0.542421,0.468465,0.63967,0.628638,0.659002,0.472497,0.302242,0.260931,0.00246276,0,0,0,0,0,-0.0290774,-0.0136217,0.536491,0.610598,0.926958,0.44521,0.03125,0.109863,1.12768
222,1.07031,0.0942383,-0.176758,0.210938,0.0880474,0.535081,0.476317,0.656689,0.658119,0.627072,0.3964,0.260312,0.384859,0.0027048,0,0,0,0,0,-0.0338568,-0.0161266,0.744593,0.62192,0.922071,0.435245,0.0703125,0.0942383,0.965636
223,1.02344,-0.15625,0.484375,0.116699,-0.152672,0.439329,0.332276,0.545217,0.407669,0.611816,0.540166,0.294508,1.41791,0.00472247,0,0,0,0,0,0.00602893,0.00200327,0.0973015,0.642755,0.826951,0.515531,0.0234375,-0.15625,1.13082
224,1.21094,0.367188,-0.835938,0.275391,0.303226,0.619141,0.690531,0.826851,1.16052,0.651155,0.638301,0.52778,1.59294,0.00506433,0,0,0,0,0,-0.0664843,-0.0459094,0.908029,0.602604,0.949165,0.435312,0.210938,0.367188,1.12342
225,1.09375,0.255859,-0.498047,0.174805,0.233929,0.59248,0.575381,0.724445,0.855885,0.515989,0.520099,0.376783,1.19122,0.00427974,0,0,0,0,0,-0.0507747,-0.0292148,0.851077,0.607133,0.933929,0.443181,0.09375,0.255859,1.0767
226,1.21094,0.292969,-0.675781,0.169922,0.241935,0.595585,0.643211,0.804864,1.06153,0.495525,0.595132,0.479,1.63939,0.00515505,0,0,0,0,0,-0.0548224,-0.0352624,0.803067,0.651168,0.867146,0.447668,0.210938,0.292969,1.35691
227,1.01562,0.0124512,-0.304688,0.168945,0.0122596,0.504891,0.413494,0.59581,0.525967,0.638333,0.396264,0.236098,0.741279,0.00340094,0,0,0,0,0,-0.0149077,-0.00616425,0.32797,0.631324,0.895688,0.44755,0.015625,0.0124512,0.912082
228,1.05469,0.294922,-0.22168,0.351562,0.27963,0.610119,0.585563,0.712688,0.850809,0.834195,0.64672,0.46091,0.373873,0.00268335,0,0,0,0,0,-0.0204461,-0.0119725,0.275613,0.876642,0.485877,0.553541,0.0546875,0.294922,1.27634
229,1.08594,0.142578,-0.8125,0.179688,0.131295,0.552229,0.506753,0.683499,0.72397,0.671691,0.485943,0.332141,1.91675,0.00569677,0,0,0,0,0,-0.0316307,-0.0160289,0.567453,0.653944,0.870288,0.440121,0.0859375,0.142578,1.02394
230,1.07031,0.197266,-0.253906,0.339844,0.184307,0.573114,0.52919,0.693934,0.761587,0.738783,0.709958,0.492664,0.435546,0.0028038,0,0,0,0,0,-0.0374101,-0.0197971,0.459371,0.592563,0.902361,0.495684,0.0703125,0.197266,1.01532
231,1.11719,0.240234,0.314453,0.265625,0.215035,0.58513,0.574253,0.733938,0.868432,0.623774,0.48817,0.358286,0.610129,0.00314478,0,0,0,0,0,-0.0435592,-0.025014,0.777886,0.613763,0.927085,0.441089,0.117188,0.240234,1.01076
232,1.54688,0.449219,-0.40625,0.161133,0.290404,0.614246,0.869452,1.05026,1.85899,0.647032,1.08214,1.13653,1.01205,0.00392978,0,0,0,0,0,-0.075043,-0.0652463,0.604551,0.731912,0.719467,0.488537,0.546875,0.449219,1.95003
233,0.949219,0.0742188,-1.11719,0.219727,0.0781893,0.531161,0.417748,0.579008,0.509763,0.668672,0.438005,0.253608,2.38333,0.00660807,0,0,0,0,0,-0.0257343,-0.0107505,0.512202,0.608195,0.927172,0.448059,-0.0507812,0.0742188,1.09376
234,1.03125,0.137695,-0.933594,0.198242,0.133523,0.55311,0.482381,0.649931,0.655102,0.652078,0.37645,0.244667,2.09681,0.00604846,0,0,0,0,0,-0.0361029,-0.0174154,0.836067,0.597932,0.955469,0.435427,0.03125,0.137695,1.11746
235,1.01562,0.191406,-0.355469,0.322266,0.188462,0.574743,0.504841,0.659646,0.689998,0.720437,0.569356,0.375574,0.626173,0.00317612,0,0,0,0,0,-0.0344055,-0.0173693,0.526805,0.623525,0.896774,0.45747,0.015625,0.191406,1.01654
236,1.09375,-0.22168,0.0859375,0.232422,-0.202679,0.419693,0.33191,0.563888,0.428134,0.739306,0.715655,0.40355,0.178256,0.00230128,0,0,0,0,0,0.0184875,0.00613619,0.225207,0.634517,0.863599,0.478352,0.09375,-0.22168,1.43137
237,1.01562,-0.081543,-0.267578,0.130859,-0.0802885,0.468004,0.366497,0.564209,0.452652,0.724228,0.612574,0.34562,0.739687,0.00339783,0,0,0,0,0,0.012453,0.00456399,0.177224,0.624722,0.896292,0.456272,0.015625,-0.081543,1.09717
238,0.925781,-0.136719,-0.0708008,0.135742,-0.147679,0.441298,0.302881,0.494604,0.33637,0.640072,0.485552,0.240156,0.192168,0.00232845,0,0,0,0,0,0.0142669,0.00432118,0.256154,0.635128,0.880182,0.458154,-0.0742188,-0.136719,1.05789
239,1,-0.15332,0.316406,0.180664,-0.15332,0.439073,0.324342,0.532534,0.38879,0.692795,0.560212,0.298332,0.744405,0.00340704,0,0,0,0,0,0.0136698,0.0044337,0.212724,0.613696,0.919159,0.448547,0,-0.15332,1.28789
240,0.96875,0.0612793,0.570312,0.308594,0.063256,0.525219,0.419111,0.585724,0.518726,0.699867,0.625789,0.36654,1.02664,0.00395829,0,0,0,0,0,-0.0172748,-0.00724003,0.240653,0.619004,0.89522,0.465587,-0.03125,0.0612793,1.11068
241,0.863281,-0.287109,-0.695312,0.298828,-0.332579,0.369726,0.221329,0.40439,0.212518,0.800034,0.608145,0.245928,1.27195,0.0044374,0,0,0,0,0,0.0205148,0.00454051,0.294081,0.58911,0.921666,0.478363,-0.136719,-0.287109,1.20753
242,1.04688,-0.22168,0.0612793,0.209961,-0.211754,0.41615,0.314242,0.536164,0.38622,0.761347,0.781885,0.419219,0.133735,0.00221433,0,0,0,0,0,0.0181632,0.00570763,0.202514,0.596492,0.908177,0.48322,0.046875,-0.22168,1.30566
243,0.996094,0.0854492,-0.172852,0.15918,0.0857843,0.534181,0.442161,0.610335,0.568015,0.675807,0.501566,0.306124,0.433241,0.0027993,0,0,0,0,0,-0.0275135,-0.0121654,0.478215,0.599791,0.933539,0.45266,-0.00390625,0.0854492,1.06859
244,1.11719,0.417969,-0.585938,0.632812,0.374126,0.645845,0.687572,0.787367,1.0927,0.951772,0.857306,0.675015,0.73657,0.00339174,0,0,0,0,0,-0.00958513,-0.00659046,0.0974695,0.911655,0.451562,0.638708,0.117188,0.417969,1.28269
245,0.886719,-0.251953,-0.515625,0.177734,-0.284141,0.388151,0.242904,0.430591,0.244411,0.68085,0.655267,0.282152,1.22306,0.00434192,0,0,0,0,0,0.0227673,0.00553028,0.302901,0.626909,0.846534,0.515423,-0.113281,-0.251953,1.0845
246,0.882812,0.0493164,0.433594,0.144531,0.0558628,0.522274,0.378668,0.531434,0.425812,0.569395,0.339897,0.180633,1.14052,0.0041807,0,0,0,0,0,-0.0198564,-0.00751899,0.509285,0.636962,0.884027,0.451333,-0.117188,0.0493164,0.913308
247,0.824219,-0.231445,0.0175781,0.219727,-0.280806,0.38943,0.22678,0.401231,0.212415,0.676312,0.55888,0.22424,0.0375,0.00202637,0,0,0,0,0,0.0156885,0.00355783,0.24472,0.626183,0.889943,0.460871,-0.175781,-0.231445,1.06827
248,0.902344,-0.0111694,0.34375,0.345703,-0.0123782,0.495062,0.356257,0.521701,0.399091,0.706601,0.449392,0.234448,0.584643,0.00309501,0,0,0,0,0,-0.0166432,-0.00592927,0.322864,0.599033,0.937919,0.44952,-0.0976562,-0.0111694,0.903555
249,0.878906,-0.139648,0.910156,0.138672,-0.158889,0.436878,0.282619,0.466561,0.297553,0.621217,0.487683,0.227534,2.44412,0.00672679,0,0,0,0,0,-0.00241917,-0.000683704,0.043245,0.609527,0.898722,0.475372,-0.121094,-0.139648,1.00725
250,1.17188,0.167969,-0.147461,0.257812,0.143333,0.556987,0.553909,0.742834,0.858618,0.672443,0.580247,0.431027,0.290419,0.00252035,0,0,0,0,0,-0.0457142,-0.0253215,0.686824,0.660625,0.858362,0.442175,0.171875,0.167969,0.92
251,0.96875,-0.0683594,0.194336,0.226562,-0.0705645,0.471872,0.354291,0.54124,0.418464,0.672159,0.564114,0.305321,0.408281,0.00275055,0,0,0,0,0,0.00232694,0.000824415,0.0359605,0.60286,0.895206,0.489208,-0.03125,-0.0683594,1.13773
252,1.23438,0.369141,-1.44531,0.239258,0.299051,0.617549,0.70061,0.841297,1.19863,0.641046,0.65113,0.547793,2.9548,0.00772423,0,0,0,0,0,-0.0652528,-0.0457168,0.873652,0.616022,0.929438,0.436146,0.234375,0.369141,1.14625
253,1.10156,0.175781,0.414062,0.375,0.159574,0.563392,0.52962,0.704959,0.777465,0.632977,0.562123,0.396274,0.676161,0.00327375,0,0,0,0,0,-0.0405112,-0.0214555,0.628277,0.61692,0.896018,0.467721,0.101562,0.175781,1.05605
254,1.20312,0.296875,-0.333984,0.34375,0.246753,0.59745,0.642757,0.801353,1.0553,0.618292,0.587879,0.471098,0.569646,0.00306571,0,0,0,0,0,-0.0581093,-0.0373501,0.861717,0.597782,0.956201,0.434987,0.203125,0.296875,1.02068
255,1.19531,0.171875,-0.664062,0.15625,0.143791,0.557167,0.565261,0.757895,0.893924,0.650027,0.801056,0.607116,1.67996,0.0052343,0,0,0,0,0,-0.0420017,-0.0237419,0.4571,0.644171,0.823526,0.518318,0.195312,0.171875,1.174
256,1.00781,-0.0664062,-0.466797,0.308594,-0.0658915,0.473732,0.370932,0.564609,0.456374,0.860317,0.596859,0.336992,0.8403,0.00359434,0,0,0,0,0,-0.000866438,-0.00032139,0.0126553,0.751688,0.665051,0.579446,0.0078125,-0.0664062,1.08739
257,1.04688,0.0874023,0.198242,0.180664,0.0834888,0.533269,0.463501,0.640581,0.625176,0.644315,0.408049,0.261388,0.466402,0.00286407,0,0,0,0,0,-0.0220007,-0.0101974,0.470036,0.597069,0.950995,0.440228,0.046875,0.0874023,1.00777
258,1.09375,-0.0100708,-0.40625,0.114746,-0.00920759,0.496327,0.433561,0.63355,0.589361,0.613553,0.510775,0.323602,1.19929,0.00429549,0,0,0,0,0,-0.00893944,-0.00387579,0.152576,0.674651,0.826719,0.454404,0.09375,-0.0100708,1.06767
259,1.21094,0.125,-1.00781,0.111328,0.103226,0.541108,0.548089,0.749662,0.862395,0.634324,0.812278,0.608934,3.02049,0.00785252,0,0,0,0,0,-0.0289581,-0.0158716,0.310794,0.783848,0.651853,0.453535,0.210938,0.125,1.50464
260,0.925781,-0.175781,0.275391,0.146484,-0.189873,0.424704,0.285235,0.481753,0.313445,0.729311,0.511175,0.24626,0.719538,0.00335847,0,0,0,0,0,0.0120268,0.00343046,0.20511,0.607419,0.919948,0.455985,-0.0742188,-0.175781,0.959993
261,0.90625,0.0786133,0.439453,0.223633,0.0867457,0.534563,0.402715,0.555601,0.470872,0.614933,0.437721,0.243198,0.929276,0.00376812,0,0,0,0,0,-0.0229424,-0.00923926,0.456929,0.635975,0.886548,0.450163,-0.09375,0.0786133,0.931589
262,1.1875,0.365234,0.0751953,0.298828,0.307566,0.620794,0.680452,0.812409,1.12302,0.706032,0.589318,0.478767,0.137556,0.00222179,0,0,0,0,0,-0.0614602,-0.0418207,0.909183,0.584024,0.973378,0.436211,0.1875,0.365234,1.26327
263,1.03906,0.0610352,-0.828125,0.365234,0.0587406,0.523421,0.447184,0.62656,0.592551,0.647342,0.486376,0.304743,1.37028,0.00462946,0,0,0,0,0,-0.0229531,-0.0102643,0.411411,0.582762,0.934959,0.472617,0.0390625,0.0610352,1.04473
264,1.46875,0.453125,-0.170898,0.296875,0.308511,0.621153,0.842496,1.00524,1.72031,0.59031,0.918258,0.923073,0.313654,0.00256573,0,0,0,0,0,-0.0766772,-0.0646003,0.727962,0.783559,0.63817,0.492479,0.46875,0.453125,1.43194
265,1.03906,-0.103516,-0.034668,0.129883,-0.0996241,0.460321,0.364909,0.570755,0.45892,0.71342,0.508616,0.290296,0.096195,0.00214101,0,0,0,0,0,0.00966775,0.00352785,0.165707,0.601868,0.937703,0.446244,0.0390625,-0.103516,0.987707
266,1.1875,0.335938,-0.180664,0.223633,0.282895,0.611371,0.661773,0.80359,1.0837,0.598265,0.590467,0.474494,0.382036,0.00269929,0,0,0,0,0,-0.0568462,-0.0376193,0.839291,0.618446,0.923643,0.438264,0.1875,0.335938,1.22038
267,1.07031,-0.279297,0.00360107,0.154297,-0.260949,0.397066,0.302194,0.528732,0.370878,0.73013,0.79363,0.419617,0.00916755,0.00197103,0,0,0,0,0,0.0239038,0.00722357,0.262576,0.615547,0.88285,0.484952,0.0703125,-0.279297,1.52497
268,0.90625,-0.111816,0.361328,0.140625,-0.123384,0.450902,0.3075,0.490988,0.335626,0.730744,0.565259,0.277536,0.963542,0.00383504,0,0,0,0,0,0.00194622,0.000598464,0.0300159,0.612057,0.913377,0.456353,-0.09375,-0.111816,1.18906
269,1.07031,0.259766,-0.0196533,0.291016,0.242701,0.595881,0.569038,0.711633,0.830226,0.589931,0.539389,0.383847,0.0364316,0.00202428,0,0,0,0,0,-0.0450927,-0.0256595,0.728804,0.655738,0.849659,0.459898,0.0703125,0.259766,1.10111
270,0.976562,-0.0274658,0.365234,0.162109,-0.028125,0.488781,0.377871,0.559389,0.455703,0.665453,0.565856,0.316534,0.907126,0.00372486,0,0,0,0,0,-0.0100353,-0.00379203,0.154607,0.624354,0.880065,0.474686,-0.0234375,-0.0274658,0.980782
271,1.0625,-0.185547,-0.455078,0.236328,-0.174632,0.430684,0.333292,0.558993,0.423557,0.741904,0.588897,0.32919,0.936113,0.00378147,0,0,0,0,0,0.00732121,0.0024401,0.10838,0.630141,0.839014,0.521174,0.0625,-0.185547,1.12869
272,2.75,0.326172,0.390625,0.108398,0.118608,0.547207,1.26584,1.71798,4.55382,0.797629,1.89042,3.2477,1.18645,0.00427041,0,0,0,0,0,-0.0686304,-0.0868753,0.316494,0.881791,0.47373,0.518187,1.75,0.326172,3.73718
273,0.914062,0.0844727,0.558594,0.289062,0.0924145,0.536816,0.408778,0.562272,0.483248,0.73688,0.3641,0.204723,1.03896,0.00398235,0,0,0,0,0,-0.0250727,-0.0102491,0.600326,0.58857,0.966677,0.436696,-0.0859375,0.0844727,0.959017
274,1.10156,0.166992,-0.507812,0.198242,0.151596,0.560247,0.525225,0.701664,0.768194,0.666149,0.458575,0.321765,1.14053,0.00418072,0,0,0,0,0,-0.0398035,-0.0209058,0.756689,0.611155,0.936008,0.436386,0.101562,0.166992,1.1086
275,0.886719,-0.0771484,0.746094,0.151367,-0.0870044,0.465334,0.317002,0.490669,0.341247,0.702938,0.473713,0.232437,1.91769,0.00569861,0,0,0,0,0,-0.0103045,-0.00326655,0.189635,0.610988,0.91342,0.457742,-0.113281,-0.0771484,1.05695
276,1.07031,-0.12207,-0.515625,0.157227,-0.114051,0.454599,0.368163,0.583015,0.47545,0.645549,0.65954,0.384522,1.30038,0.00449293,0,0,0,0,0,-0.00572009,-0.00210593,0.0756082,0.622823,0.857636,0.506285,0.0703125,-0.12207,1.19307
277,0.96875,-0.00177765,-1.3125,0.203125,-0.00183499,0.499268,0.387582,0.563594,0.467859,0.712935,0.621903,0.350501,2.91218,0.00764097,0,0,0,0,0,-0.0128003,-0.00496118,0.179434,0.594663,0.91937,0.473428,-0.03125,-0.00177765,1.20137
278,0.992188,0.0454102,-0.287109,0.195312,0.0457677,0.518252,0.420575,0.593718,0.529384,0.675813,0.633868,0.376338,0.649654,0.00322198,0,0,0,0,0,-0.0309026,-0.0129968,0.425014,0.59005,0.897714,0.505223,-0.0078125,0.0454102,1.28402
279,1.13281,-0.238281,0.150391,0.179688,-0.210345,0.416699,0.340616,0.580774,0.453318,0.708813,0.716282,0.415998,0.354782,0.00264606,0,0,0,0,0,0.0129122,0.00439811,0.157153,0.619255,0.878463,0.484543,0.132812,-0.238281,1.12705
280,0.988281,-0.0800781,-0.283203,0.165039,-0.0810277,0.46771,0.356264,0.548782,0.428086,0.620092,0.453674,0.248968,0.697115,0.00331468,0,0,0,0,0,0.00622698,0.00221845,0.119658,0.63778,0.86659,0.469423,-0.0117188,-0.0800781,1.03079
281,0.96875,-0.0154419,-0.253906,0.169922,-0.01594,0.493641,0.38075,0.558918,0.45736,0.686467,0.389047,0.217446,0.615955,0.00315616,0,0,0,0,0,-0.011977,-0.00456025,0.268382,0.592928,0.948867,0.446959,-0.03125,-0.0154419,0.977592
282,0.921875,-0.029541,0.3125,0.304688,-0.0320445,0.487218,0.354904,0.526845,0.403522,0.629567,0.502491,0.264735,0.566139,0.00305886,0,0,0,0,0,-0.021487,-0.00762581,0.372781,0.606115,0.90982,0.468065,-0.078125,-0.029541,1.06194
283,1.07031,0.131836,-0.439453,0.15332,0.123175,0.549016,0.495116,0.670449,0.694642,0.653109,0.440641,0.295427,1.12231,0.00414514,0,0,0,0,0,-0.033556,-0.0166141,0.663885,0.60175,0.949041,0.436418,0.0703125,0.131836,0.839981
284,0.949219,-0.0532227,0.152344,0.121094,-0.05607,0.477643,0.354028,0.534857,0.411407,0.570369,0.558649,0.298797,0.437788,0.00280818,0,0,0,0,0,0.00457904,0.00162111,0.0714566,0.645024,0.812531,0.536374,-0.0507812,-0.0532227,1.06002
285,1.1875,0.169922,-0.0893555,0.259766,0.143092,0.556891,0.561151,0.752632,0.881345,0.759834,0.556229,0.418635,0.17532,0.00229555,0,0,0,0,0,-0.0336669,-0.0188922,0.527662,0.602173,0.94575,0.438743,0.1875,0.169922,1.00244
286,1.41406,0.228516,0.0600586,0.710938,0.161602,0.56419,0.6813,0.906025,1.28505,0.742327,0.743647,0.673763,0.0712294,0.00209224,0,0,0,0,0,-0.0639745,-0.0435858,0.749975,0.657728,0.841817,0.465969,0.414062,0.228516,1.38613
287,1.36719,0.550781,-1.07031,0.306641,0.402857,0.656473,0.866478,0.976097,1.70355,0.612099,0.802641,0.783455,1.93284,0.0057282,0,0,0,0,0,-0.0806082,-0.0698452,0.875517,0.631705,0.906211,0.436882,0.367188,0.550781,1.36313
288,1.03125,-0.00439453,-0.28125,0.263672,-0.00426136,0.4983,0.411336,0.599096,0.528113,0.670263,0.611014,0.366056,0.547723,0.0030229,0,0,0,0,0,-0.0142095,-0.0058449,0.202738,0.652484,0.819623,0.507346,0.03125,-0.00439453,1.14289
289,1.17969,-0.302734,-0.241211,0.115234,-0.256623,0.398735,0.334925,0.584625,0.453961,0.642046,0.699556,0.408978,0.710569,0.00334095,0,0,0,0,0,0.039069,0.0130852,0.486874,0.753648,0.688981,0.482391,0.179688,-0.302734,1.05901
290,1.08594,0.154297,0.699219,0.310547,0.142086,0.556494,0.512612,0.687855,0.735915,0.696527,0.429791,0.295634,1.25473,0.00440377,0,0,0,0,0,-0.0347539,-0.0178153,0.704941,0.653036,0.874132,0.437598,0.0859375,0.154297,1.15127
291,1.01562,0.188477,1.15625,0.182617,0.185577,0.573612,0.502974,0.658835,0.687045,0.612199,0.46148,0.304039,2.70571,0.00723771,0,0,0,0,0,-0.0403494,-0.0202947,0.762238,0.633947,0.885529,0.454194,0.015625,0.188477,0.952382
292,1.125,-0.166016,-0.0810547,0.177734,-0.147569,0.441341,0.36812,0.601076,0.496805,0.71882,0.742576,0.446345,0.192262,0.00232864,0,0,0,0,0,-0.00327851,-0.00120688,0.0384895,0.59451,0.876747,0.527279,0.125,-0.166016,1.34335
293,1.21875,0.314453,-0.921875,0.235352,0.258013,0.601801,0.659854,0.815766,1.10088,0.633339,0.603905,0.492645,1.90026,0.00566457,0,0,0,0,0,-0.0593656,-0.0391726,0.856985,0.643836,0.887471,0.437882,0.21875,0.314453,1.00306
294,1.08594,0.0444336,-0.335938,0.308594,0.0409173,0.516319,0.45768,0.647954,0.629316,0.732518,0.621248,0.40254,0.604735,0.00313425,0,0,0,0,0,-0.0172105,-0.0078769,0.24151,0.703481,0.73771,0.539968,0.0859375,0.0444336,1.04431
295,1.03125,0.103027,0.310547,0.503906,0.0999053,0.53979,0.465047,0.637171,0.622256,0.646038,0.409406,0.260862,0.437474,0.00280757,0,0,0,0,0,-0.0293583,-0.013653,0.625149,0.588759,0.965758,0.437245,0.03125,0.103027,0.875398
296,0.96875,0.00741577,0.316406,0.229492,0.00765499,0.503054,0.392179,0.566765,0.475027,0.632128,0.440331,0.249564,0.660482,0.00324313,0,0,0,0,0,-0.0144182,-0.00565452,0.285456,0.656084,0.855242,0.452892,-0.03125,0.00741577,1.03685
297,0.894531,0.125977,-0.0922852,0.226562,0.14083,0.555998,0.421697,0.566195,0.498406,0.640748,0.354793,0.200882,0.193882,0.0023318,0,0,0,0,0,-0.0242228,-0.0102147,0.595189,0.597086,0.955161,0.436659,-0.105469,0.125977,1.019
298,0.871094,0.120117,0.527344,0.328125,0.137892,0.554837,0.409369,0.550408,0.470533,0.763078,0.602497,0.331619,0.920607,0.00375119,0,0,0,0,0,-0.0151042,-0.00618321,0.21855,0.597612,0.909641,0.480006,-0.128906,0.120117,0.934847
299,1.05469,0.0629883,-0.178711,0.193359,0.0597222,0.523812,0.454426,0.636351,0.611446,0.669047,0.585253,0.372427,0.406414,0.0027469,0,0,0,0,0,-0.0213987,-0.00972412,0.31875,0.597534,0.886398,0.508578,0.0546875,0.0629883,0.986886
300,1.14062,0.265625,-0.318359,0.271484,0.232877,0.592071,0.599276,0.755148,0.929379,0.643177,0.530757,0.4008,0.611006,0.0031465,0,0,0,0,0,-0.0487709,-0.0292272,0.801072,0.637138,0.893549,0.441471,0.140625,0.265625,1.10046
301,1.08594,0.207031,-0.679688,0.28125,0.190647,0.575599,0.541306,0.705973,0.79141,0.658902,0.488154,0.344624,1.28163,0.00445631,0,0,0,0,0,-0.0466219,-0.0252367,0.832607,0.611796,0.935478,0.436065,0.0859375,0.207031,1.14263
302,0.898438,-0.0336914,0.5,0.166016,-0.0375,0.485043,0.34343,0.511803,0.379886,0.671968,0.520615,0.266452,1.22714,0.00434989,0,0,0,0,0,-0.000974956,-0.000334829,0.0163258,0.627658,0.874153,0.476538,-0.101562,-0.0336914,0.985934
303,1.09375,0.296875,-0.291016,0.285156,0.271429,0.606969,0.601532,0.736421,0.904156,0.668296,0.521497,0.384042,0.544973,0.00301753,0,0,0,0,0,-0.0462261,-0.0278065,0.772755,0.638787,0.875919,0.457251,0.09375,0.296875,1.03832
304,1.14062,0.141602,0.691406,0.189453,0.124144,0.549399,0.528194,0.714902,0.790073,0.670163,0.597488,0.427145,1.58848,0.00505563,0,0,0,0,0,-0.0355084,-0.0187553,0.518094,0.628203,0.903131,0.444564,0.140625,0.141602,1.08895
305,1.24219,0.427734,0.291016,0.613281,0.34434,0.634705,0.740912,0.863858,1.2952,0.670026,0.759676,0.656252,0.371609,0.00267892,0,0,0,0,0,-0.0617498,-0.0457512,0.708621,0.705515,0.753677,0.497201,0.242188,0.427734,1.49832
306,0.945312,-0.0834961,0.431641,0.202148,-0.0883264,0.464809,0.337324,0.522689,0.386992,0.704419,0.563455,0.294512,0.960035,0.00382819,0,0,0,0,0,0.00503661,0.00169897,0.0779265,0.617682,0.902927,0.459296,-0.0546875,-0.0834961,0.943135
307,1.02344,0.0308838,0.283203,0.21875,0.0301765,0.512037,0.425843,0.606792,0.549539,0.661242,0.523451,0.317626,0.605514,0.00313577,0,0,0,0,0,-0.0123389,-0.00525445,0.205499,0.579804,0.948261,0.46311,0.0234375,0.0308838,0.997986
308,0.976562,-0.0181885,0.601562,0.144531,-0.018625,0.49257,0.38251,0.562533,0.462757,0.643114,0.544697,0.30641,1.58234,0.00504363,0,0,0,0,0,-0.00980056,-0.00374881,0.156857,0.658426,0.846695,0.458858,-0.0234375,-0.0181885,0.993505
309,0.941406,-0.0922852,-0.255859,0.234375,-0.098029,0.460955,0.331364,0.517593,0.377705,0.663219,0.665594,0.344507,0.528501,0.00298535,0,0,0,0,0,0.000389551,0.000129083,0.00510225,0.628671,0.860705,0.491869,-0.0585938,-0.0922852,1.17548
310,1.03906,0.143555,0.0742188,0.186523,0.138158,0.554942,0.488444,0.656644,0.669758,0.645804,0.546936,0.359142,0.171849,0.00228877,0,0,0,0,0,-0.02752,-0.013442,0.43865,0.740129,0.715629,0.470852,0.0390625,0.143555,1.11351
311,1.76562,0.703125,-0.314453,0.246094,0.39823,0.65477,1.11379,1.25793,2.82292,0.623,1.15643,1.45472,0.633878,0.00319117,0,0,0,0,0,-0.0963167,-0.107276,0.726085,0.857991,0.518886,0.445464,0.765625,0.703125,1.91264
312,0.941406,0.0507812,-0.480469,0.141602,0.0539419,0.521509,0.402897,0.566063,0.482753,0.678182,0.446667,0.252841,1.27682,0.00444692,0,0,0,0,0,-0.0230243,-0.00927642,0.449376,0.660507,0.849472,0.452141,-0.0585938,0.0507812,0.955663
313,0.949219,-0.0222168,-0.357422,0.201172,-0.0234053,0.490663,0.369531,0.545242,0.433842,0.687533,0.470239,0.256394,0.796888,0.00350955,0,0,0,0,0,0.0148854,0.00550061,0.275961,0.729522,0.731931,0.471306,-0.0507812,-0.0222168,1.18505
314,1,0.0820312,-1.08594,0.143555,0.0820312,0.532689,0.442018,0.611371,0.569154,0.606635,0.486835,0.297636,2.86613,0.00755104,0,0,0,0,0,-0.0149876,-0.00662479,0.268384,0.613009,0.900705,0.468213,0,0.0820312,1.06071
315,1.04688,0.074707,-0.0546875,0.204102,0.0713619,0.528445,0.457153,0.636003,0.613488,0.743623,0.648484,0.412437,0.12105,0.00218955,0,0,0,0,0,-0.0167463,-0.00765563,0.225127,0.620771,0.885418,0.473931,0.046875,0.074707,1.16371
316,1.17188,0.283203,-0.0688477,0.248047,0.241667,0.595481,0.622262,0.778809,0.993754,0.59571,0.559881,0.436041,0.138236,0.00222312,0,0,0,0,0,-0.0519129,-0.0323034,0.808326,0.601186,0.949565,0.436634,0.171875,0.283203,0.968347
317,0.996094,-0.0111694,-0.392578,0.188477,-0.0112132,0.495527,0.393851,0.5763,0.487241,0.612817,0.462472,0.266523,0.904269,0.00371927,0,0,0,0,0,-0.00928271,-0.00365601,0.174983,0.59425,0.934929,0.458248,-0.00390625,-0.0111694,1.03214
318,0.921875,0.0454102,-0.480469,0.263672,0.0492585,0.519643,0.392379,0.552784,0.459532,0.759532,0.475695,0.262956,0.935693,0.00378065,0,0,0,0,0,-0.0170933,-0.00670704,0.313259,0.604493,0.924266,0.455566,-0.078125,0.0454102,0.988253
319,1.02344,-0.0458984,0.199219,0.166992,-0.0448473,0.482115,0.387452,0.580494,0.487092,0.602026,0.531267,0.308397,0.487508,0.00290529,0,0,0,0,0,-0.0188989,-0.00732242,0.310121,0.633787,0.866697,0.475737,0.0234375,-0.0458984,0.969501
320,0.964844,-0.0698242,0.208984,0.141602,-0.0723684,0.471154,0.351993,0.538489,0.413869,0.681259,0.537566,0.289473,0.555367,0.00303783,0,0,0,0,0,-0.00382413,-0.00134607,0.0620166,0.606107,0.903575,0.47484,-0.0351562,-0.0698242,0.96283
321,0.964844,-0.00311279,0.474609,0.3125,-0.00322621,0.498713,0.385348,0.560861,0.463058,0.666189,0.534963,0.300039,0.849007,0.00361134,0,0,0,0,0,-0.0200595,-0.00772988,0.326891,0.611827,0.902,0.468484,-0.0351562,-0.00311279,0.925916
322,0.964844,-0.145508,-0.326172,0.202148,-0.15081,0.440063,0.314151,0.51455,0.363453,0.612107,0.616474,0.317207,0.725456,0.00337003,0,0,0,0,0,0.00522749,0.00164222,0.073924,0.60691,0.885148,0.495498,-0.0351562,-0.145508,1.11838
323,1.07031,-0.333984,-0.140625,0.128906,-0.312044,0.377504,0.282373,0.509093,0.33891,0.639715,0.774816,0.394453,0.391675,0.00271811,0,0,0,0,0,0.0312885,0.00883504,0.352041,0.627963,0.835897,0.530838,0.0703125,-0.333984,1.38363
324,1.00781,0.00202942,0.671875,0.207031,0.00201369,0.500803,0.40515,0.587655,0.509485,0.775765,0.684003,0.401958,1.47663,0.00483716,0,0,0,0,0,-0.005554,-0.0022502,0.0707872,0.592148,0.922388,0.473568,0.0078125,0.00202942,1.08618
325,0.835938,-0.263672,-0.443359,0.104492,-0.315421,0.376221,0.219517,0.396615,0.205491,0.633315,0.575959,0.228434,1.37156,0.00463195,0,0,0,0,0,0.0283536,0.00622408,0.429164,0.63591,0.878512,0.458792,-0.164062,-0.263672,1.15215
326,1.16406,-0.230469,-0.0515137,0.185547,-0.197987,0.421528,0.355226,0.60219,0.488819,0.714731,0.857393,0.516314,0.11959,0.0021867,0,0,0,0,0,0.0173225,0.00615342,0.176132,0.642497,0.823976,0.521091,0.164062,-0.230469,1.41852
327,1.01562,-0.0673828,0.0397949,0.139648,-0.0663462,0.473551,0.373577,0.568834,0.463132,0.663325,0.686748,0.390646,0.10649,0.00216111,0,0,0,0,0,0.0101354,0.00378636,0.128663,0.617245,0.888053,0.476192,0.015625,-0.0673828,1.29888
328,0.816406,-0.0908203,0.488281,0.238281,-0.111244,0.455711,0.281971,0.445433,0.277918,0.660413,0.557477,0.248319,1.00029,0.00390681,0,0,0,0,0,-0.000814137,-0.000229563,0.0127314,0.705458,0.763829,0.479039,-0.183594,-0.0908203,0.799596
329,1.15625,-0.0976562,-0.150391,0.150391,-0.0844595,0.466346,0.414831,0.640767,0.582667,0.715071,0.760286,0.487166,0.387802,0.00271055,0,0,0,0,0,-0.010417,-0.00432131,0.119447,0.614601,0.844181,0.543555,0.15625,-0.0976562,1.25499
330,1.03906,0.170898,-0.800781,0.182617,0.164474,0.565321,0.502116,0.666876,0.696844,0.725623,0.484025,0.322785,1.87389,0.00561306,0,0,0,0,0,-0.0407356,-0.020454,0.733691,0.621601,0.917109,0.440164,0.0390625,0.170898,1.00971
331,2.70312,0.316406,-0.119629,0.103516,0.117052,0.546591,1.24216,1.68715,4.38944,0.758604,1.87572,3.16463,0.37182,0.00267934,0,0,0,0,0,-0.0615401,-0.0764428,0.28602,0.924103,0.409531,0.556778,1.70312,0.316406,3.58808
332,0.976562,0.15625,0.972656,0.302734,0.16,0.563559,0.469729,0.62512,0.61142,0.645862,0.454236,0.283952,1.76778,0.00540582,0,0,0,0,0,-0.0316887,-0.0148851,0.608176,0.609223,0.922022,0.451621,-0.0234375,0.15625,1.07525
333,1.01562,-0.0771484,0.695312,0.169922,-0.0759615,0.469725,0.368694,0.565639,0.455883,0.666937,0.563134,0.318531,1.68677,0.00524759,0,0,0,0,0,0.00139578,0.000514615,0.0216078,0.588997,0.943376,0.456677,0.015625,-0.0771484,1.39236
334,1.1875,0.310547,-0.425781,0.188477,0.261513,0.603152,0.645585,0.796069,1.05051,0.516694,0.581622,0.463012,0.980749,0.00386865,0,0,0,0,0,-0.0584837,-0.0377562,0.876599,0.622828,0.917445,0.438258,0.1875,0.310547,1.30675
335,1.17188,0.310547,-0.773438,0.365234,0.265,0.604495,0.639695,0.786797,1.02826,0.555428,0.560253,0.440806,1.27979,0.00445272,0,0,0,0,0,-0.056134,-0.0359086,0.873471,0.629659,0.910713,0.435456,0.171875,0.310547,1.12933
336,0.980469,-0.0429688,-0.601562,0.242188,-0.0438247,0.482522,0.371686,0.556457,0.447795,0.660211,0.582372,0.324065,1.22238,0.00434058,0,0,0,0,0,-0.0148779,-0.0055299,0.222714,0.717389,0.750128,0.472029,-0.0195312,-0.0429688,1.27138
337,0.996094,-0.043457,-0.886719,0.126953,-0.0436275,0.482601,0.377707,0.56539,0.462329,0.653568,0.476621,0.269477,2.48865,0.00681377,0,0,0,0,0,-0.00696167,-0.00262948,0.127335,0.744011,0.716772,0.457323,-0.00390625,-0.043457,0.971764
338,1.125,0.0869141,-0.388672,0.206055,0.0772569,0.53079,0.494585,0.685853,0.715008,0.683027,0.685313,0.470024,0.856233,0.00362545,0,0,0,0,0,-0.0147233,-0.00728193,0.187294,0.62058,0.87606,0.485419,0.125,0.0869141,1.19515
339,1.07812,-0.138672,0.00473022,0.207031,-0.128623,0.448828,0.362995,0.582342,0.470887,0.651648,0.650241,0.378663,0.0103959,0.00197343,0,0,0,0,0,0.00793191,0.00287924,0.106343,0.619799,0.880651,0.481029,0.078125,-0.138672,1.18395
340,0.972656,0.00158691,-0.427734,0.208008,0.00163153,0.500651,0.390831,0.567028,0.474269,0.598402,0.38762,0.219791,0.937852,0.00378487,0,0,0,0,0,-0.0136213,-0.00532364,0.306352,0.597528,0.951128,0.439578,-0.0273438,0.00158691,1.05749
341,0.996094,-0.109863,-0.243164,0.19043,-0.110294,0.456088,0.344504,0.543771,0.41437,0.673162,0.661641,0.359781,0.557227,0.00304146,0,0,0,0,0,0.00504436,0.0017378,0.0664646,0.625556,0.850445,0.511952,-0.00390625,-0.109863,1.46998
342,0.902344,0.0136719,-0.386719,0.149414,0.0151515,0.506044,0.368678,0.530261,0.4171,0.627759,0.429057,0.227512,1.00046,0.00390715,0,0,0,0,0,-0.0175525,-0.00647123,0.356641,0.599633,0.938005,0.448706,-0.0976562,0.0136719,0.958672
343,1.17969,0.285156,-0.820312,0.453125,0.241722,0.595502,0.626452,0.78402,1.00713,0.672002,0.545159,0.427416,1.21863,0.00433325,0,0,0,0,0,-0.0536288,-0.0335959,0.857595,0.590256,0.966466,0.434998,0.179688,0.285156,1.05644
344,0.996094,0.166992,0.240234,0.208008,0.167647,0.56657,0.482932,0.640489,0.64345,0.604291,0.498622,0.319362,0.526739,0.00298191,0,0,0,0,0,-0.0356136,-0.017199,0.622661,0.684471,0.819275,0.445494,-0.00390625,0.166992,0.998823
345,0.976562,0.0273438,-0.453125,0.228516,0.028,0.511169,0.405276,0.578255,0.498627,0.770609,0.437101,0.252756,0.947895,0.00380448,0,0,0,0,0,-0.0185705,-0.00752617,0.370381,0.589446,0.957685,0.443285,-0.0234375,0.0273438,1.05444
346,1.08594,-0.140625,-0.117676,0.1875,-0.129496,0.448482,0.365151,0.586267,0.477044,0.715023,0.597059,0.350036,0.271761,0.00248391,0,0,0,0,0,0.00918715,0.0033547,0.134144,0.634903,0.868317,0.471988,0.0859375,-0.140625,1.37495
347,0.988281,-0.112305,0.394531,0.183594,-0.113636,0.454763,0.340151,0.538461,0.405643,0.759606,0.623668,0.335821,0.920773,0.00375151,0,0,0,0,0,0.00844305,0.00287191,0.118019,0.618645,0.88796,0.474203,-0.0117188,-0.112305,1.02311
348,0.996094,0.0961914,0.408203,0.330078,0.0965686,0.538466,0.447532,0.614238,0.577572,0.73732,0.541013,0.332311,0.710506,0.00334083,0,0,0,0,0,-0.0284662,-0.0127395,0.458699,0.592841,0.935896,0.459071,-0.00390625,0.0961914,1.02192
349,0.980469,0.175781,-0.289062,0.292969,0.179283,0.571142,0.481628,0.634326,0.634335,0.825236,0.455724,0.289078,0.534049,0.00299619,0,0,0,0,0,-0.0404617,-0.0194875,0.774014,0.579946,0.977244,0.437482,-0.0195312,0.175781,1.04151
350,0.917969,0.060791,0.941406,0.185547,0.0662234,0.5264,0.398503,0.555996,0.467936,0.706517,0.485987,0.270207,2.1855,0.00622167,0,0,0,0,0,-0.0186449,-0.00743006,0.334459,0.616052,0.913916,0.450492,-0.0820312,0.060791,0.98414
351,1.17188,0.212891,-1.01562,0.178711,0.181667,0.572078,0.577433,0.758928,0.9094,0.603254,0.530599,0.402686,2.40247,0.00664545,0,0,0,0,0,-0.0485073,-0.0280097,0.796981,0.641767,0.880106,0.448306,0.171875,0.212891,1.11662
352,1.02344,-0.00830078,-0.640625,0.164062,-0.00811069,0.496764,0.40625,0.593206,0.516933,0.719648,0.646619,0.383578,1.58161,0.00504221,0,0,0,0,0,-0.00567512,-0.00230552,0.0765127,0.586022,0.91819,0.486341,0.0234375,-0.00830078,1.15033
353,1.00781,-0.0544434,-0.0166016,0.206055,-0.0540213,0.478459,0.376914,0.568556,0.46532,0.624416,0.578853,0.329111,0.0365728,0.00202456,0,0,0,0,0,-0.00869169,-0.00327601,0.130901,0.62006,0.893055,0.466415,0.0078125,-0.0544434,0.9974
354,1.01562,-0.180664,-0.435547,0.225586,-0.177885,0.429407,0.317329,0.533114,0.384908,0.649801,0.545172,0.290639,0.91702,0.00374418,0,0,0,0,0,0.00939664,0.00298182,0.150261,0.607477,0.893552,0.48433,0.015625,-0.180664,1.09608
355,1.00781,0.118652,0.498047,0.365234,0.117733,0.54686,0.463461,0.629277,0.610785,0.723984,0.478808,0.301303,0.824109,0.00356271,0,0,0,0,0,-0.0349206,-0.0161844,0.63581,0.608406,0.935622,0.440096,0.0078125,0.118652,0.96948
356,0.894531,0.171875,0.378906,0.359375,0.19214,0.576184,0.446747,0.58191,0.538202,0.666577,0.522516,0.304057,0.632059,0.00318762,0,0,0,0,0,-0.0295669,-0.0132089,0.493302,0.596582,0.937623,0.452806,-0.105469,0.171875,0.927104
357,1.10156,0.208984,-0.789062,0.253906,0.189716,0.575234,0.54844,0.715846,0.813222,0.625842,0.490572,0.351174,1.56594,0.0050116,0,0,0,0,0,-0.0334001,-0.018318,0.593543,0.648445,0.873952,0.444682,0.101562,0.208984,1.14038
358,0.980469,0.0786133,-0.5625,0.335938,0.0801793,0.531953,0.432477,0.598774,0.545566,0.697351,0.430005,0.257475,0.970495,0.00384862,0,0,0,0,0,-0.0283972,-0.0122811,0.575717,0.614416,0.926671,0.440639,-0.0195312,0.0786133,0.967081
359,0.996094,0.1875,0.00842285,0.416016,0.188235,0.574654,0.494989,0.646898,0.663492,0.673091,0.674583,0.436386,0.0130588,0.00197863,0,0,0,0,0,-0.03105,-0.0153694,0.401267,0.594055,0.92025,0.473303,-0.00390625,0.1875,1.10781
360,1.08594,-0.136719,-0.142578,0.144531,-0.125899,0.449906,0.367104,0.587485,0.479904,0.604739,0.569735,0.334711,0.375035,0.00268562,0,0,0,0,0,0.00296993,0.00109027,0.0454443,0.660131,0.818927,0.492715,0.0859375,-0.136719,1.15358
361,1.01562,0.0212402,0.667969,0.168945,0.0209135,0.508343,0.417888,0.598868,0.533274,0.607964,0.465043,0.278499,1.62511,0.00512717,0,0,0,0,0,-0.0165068,-0.00689799,0.30944,0.643119,0.873445,0.453317,0.015625,0.0212402,0.908928
362,1.02344,0.111328,-0.324219,0.212891,0.108779,0.543311,0.466065,0.635666,0.621287,0.720685,0.419768,0.266832,0.702684,0.00332555,0,0,0,0,0,-0.0256285,-0.0119445,0.532256,0.615584,0.929136,0.43696,0.0234375,0.111328,0.888088
363,1.0625,-0.0172119,-0.199219,0.257812,-0.0161994,0.493538,0.417459,0.612913,0.549934,0.623263,0.434823,0.266509,0.392354,0.00271944,0,0,0,0,0,-0.01876,-0.00783152,0.37612,0.606704,0.928124,0.449058,0.0625,-0.0172119,1.18172
364,1.07031,0.166992,-0.277344,0.1875,0.156022,0.561992,0.512694,0.683533,0.730073,0.61566,0.444,0.303489,0.640498,0.0032041,0,0,0,0,0,-0.0360894,-0.0185028,0.708603,0.62651,0.901289,0.4487,0.0703125,0.166992,0.922756
365,0.898438,-0.0250244,0.0766602,0.419922,-0.0278533,0.48889,0.347763,0.514721,0.385877,0.679666,0.505575,0.26023,0.1183,0.00218418,0,0,0,0,0,-0.0234845,-0.00816704,0.40495,0.590083,0.952101,0.447429,-0.101562,-0.0250244,0.991424
366,1.10156,0.118164,-0.472656,0.125977,0.10727,0.542712,0.500811,0.683581,0.718094,0.558695,0.430143,0.294037,1.33168,0.00455407,0,0,0,0,0,-0.0321511,-0.0161016,0.651613,0.627113,0.9115,0.438105,0.101562,0.118164,0.954734
367,1.14844,0.0732422,-0.8125,0.217773,0.0637755,0.525426,0.497147,0.69458,0.729596,0.692192,0.627966,0.436173,1.74109,0.00535369,0,0,0,0,0,-0.0195515,-0.00971998,0.271426,0.687148,0.805472,0.457683,0.148438,0.0732422,1.19572
368,0.921875,-0.0317383,0.0776367,0.203125,-0.034428,0.486268,0.353805,0.526105,0.401965,0.713019,0.597612,0.314407,0.17226,0.00228957,0,0,0,0,0,-0.0150295,-0.00531751,0.219246,0.612434,0.912678,0.456545,-0.078125,-0.0317383,1.06054
369,1.13281,0.171875,0.349609,0.326172,0.151724,0.560298,0.540198,0.721624,0.812555,0.657902,0.666422,0.480906,0.612153,0.00314874,0,0,0,0,0,-0.0420435,-0.0227118,0.549993,0.611903,0.907079,0.462987,0.132812,0.171875,1.07382
370,1.14062,-0.0883789,0.228516,0.178711,-0.0774829,0.46912,0.413204,0.634691,0.57357,0.741156,0.64991,0.412492,0.540556,0.0030089,0,0,0,0,0,-0.000339533,-0.000140296,0.00455445,0.648474,0.842178,0.481925,0.140625,-0.0883789,1.04089
371,1.32812,0.263672,0.170898,0.294922,0.198529,0.578685,0.668703,0.866339,1.19771,0.657408,0.78671,0.681557,0.314691,0.00256776,0,0,0,0,0,-0.0650815,-0.0435202,0.721191,0.704273,0.783705,0.45175,0.328125,0.263672,1.68085
372,0.96875,0.131836,1.20312,0.146484,0.136089,0.554124,0.454389,0.611464,0.580358,0.643919,0.554453,0.339028,3.14351,0.0080928,0,0,0,0,0,-0.0299891,-0.0136267,0.471525,0.635352,0.864433,0.475952,-0.03125,0.131836,1.06647
373,1.04688,-0.231445,0.0244141,0.173828,-0.221082,0.412514,0.310703,0.532523,0.380117,0.691817,0.685066,0.364814,0.0585572,0.00206749,0,0,0,0,0,0.0226138,0.00702617,0.287772,0.631287,0.877412,0.467076,0.046875,-0.231445,1.20527
374,1.0625,0.171875,0.189453,0.285156,0.161765,0.564254,0.512003,0.680835,0.725683,0.590517,0.477002,0.32476,0.354781,0.00264606,0,0,0,0,0,-0.0328554,-0.0168221,0.600474,0.654861,0.867475,0.441616,0.0625,0.171875,1.04544
375,1.39844,0.251953,-0.871094,0.179688,0.180168,0.57149,0.687733,0.905076,1.29214,0.617648,0.853651,0.772619,2.05497,0.00596674,0,0,0,0,0,-0.0609059,-0.041887,0.621993,0.75867,0.683959,0.475681,0.398438,0.251953,1.82743
376,1.24219,0.255859,-0.933594,0.267578,0.205975,0.581595,0.63133,0.812877,1.05935,0.613505,0.582879,0.473809,1.80481,0.00547815,0,0,0,0,0,-0.0467987,-0.0295454,0.699942,0.663413,0.857163,0.439017,0.242188,0.255859,1.08613
377,1.09375,0.102051,0.445312,0.237305,0.0933036,0.537169,0.489622,0.673157,0.69287,0.751239,0.67051,0.451358,0.914138,0.00373855,0,0,0,0,0,-0.0237824,-0.0116444,0.309213,0.599143,0.91833,0.46855,0.09375,0.102051,1.15152
378,0.945312,-0.0991211,0.507812,0.161133,-0.104855,0.458245,0.329512,0.517681,0.376572,0.687333,0.593912,0.307457,1.26506,0.00442395,0,0,0,0,0,-0.00284076,-0.000936065,0.0416984,0.617007,0.897795,0.465669,-0.0546875,-0.0991211,1.10305
379,1.1875,0.298828,-0.949219,0.330078,0.251645,0.599342,0.638113,0.792638,1.03546,0.630489,0.583586,0.462572,1.65218,0.00518004,0,0,0,0,0,-0.0571839,-0.0364898,0.854232,0.585575,0.972951,0.43487,0.1875,0.298828,1.10501
380,0.988281,0.234375,0.0432129,0.451172,0.237154,0.593731,0.521931,0.655507,0.702101,0.641588,0.670083,0.439244,0.0643343,0.00207878,0,0,0,0,0,-0.0282189,-0.0147283,0.367129,0.600724,0.891359,0.497163,-0.0117188,0.234375,1.10982
381,0.890625,0.140625,0.476562,0.21875,0.157895,0.56273,0.427455,0.569405,0.506941,0.694925,0.497629,0.283353,1.01893,0.00394323,0,0,0,0,0,-0.0290356,-0.0124114,0.508666,0.620272,0.898217,0.460575,-0.109375,0.140625,1.01184
382,1.10938,0.166016,-0.441406,0.172852,0.149648,0.559479,0.52787,0.705832,0.776845,0.640276,0.609524,0.430221,1.0617,0.00402676,0,0,0,0,0,-0.0331017,-0.0174734,0.473441,0.715937,0.752497,0.471753,0.109375,0.166016,1.26596
383,1.25,0.345703,-0.441406,0.146484,0.276562,0.608942,0.691556,0.843527,1.18979,0.566997,0.674659,0.569093,1.1533,0.00420567,0,0,0,0,0,-0.0561185,-0.0388091,0.725151,0.739959,0.728231,0.449197,0.25,0.345703,1.20882
384,1.14844,0.171875,-0.269531,0.211914,0.14966,0.559484,0.546464,0.73069,0.832531,0.619578,0.517199,0.377913,0.585503,0.00309669,0,0,0,0,0,-0.0456611,-0.0249521,0.769653,0.650412,0.876119,0.439518,0.148438,0.171875,1.02746
385,1.05469,-0.0415039,0.511719,0.234375,-0.0393519,0.484305,0.40218,0.600157,0.521937,0.585951,0.534265,0.320643,1.057,0.00401758,0,0,0,0,0,-0.0254219,-0.0102242,0.414819,0.721738,0.731107,0.495687,0.0546875,-0.0415039,1.17776
386,0.996094,0.238281,-0.472656,0.287109,0.239216,0.594531,0.527366,0.661282,0.715408,0.671125,0.576323,0.381112,0.882108,0.00367599,0,0,0,0,0,-0.0380755,-0.0200797,0.575952,0.66975,0.832327,0.456384,-0.00390625,0.238281,1.06973
387,0.984375,0.114746,0.457031,0.322266,0.116567,0.546399,0.45211,0.61422,0.581669,0.724591,0.46731,0.287031,0.80508,0.00352555,0,0,0,0,0,-0.0325784,-0.014729,0.60776,0.602962,0.93814,0.444511,-0.015625,0.114746,1.04209
388,1.42969,0.223633,-0.249023,0.119141,0.156421,0.562149,0.685124,0.913255,1.30343,0.667107,0.779441,0.711828,0.721457,0.00336222,0,0,0,0,0,-0.0543297,-0.0372226,0.607661,0.858715,0.518048,0.442121,0.429688,0.223633,1.58049
389,1,0.269531,-0.341797,0.21582,0.269531,0.60624,0.548762,0.672738,0.753716,0.610779,0.570434,0.383753,0.735736,0.00339011,0,0,0,0,0,-0.0450792,-0.0247378,0.688933,0.660825,0.849685,0.451371,0,0.269531,0.966294
390,1.0625,0.105469,0.211914,0.169922,0.0992647,0.539536,0.478799,0.656231,0.659888,0.601316,0.635141,0.416799,0.514085,0.0029572,0,0,0,0,0,-0.0271895,-0.0130183,0.373196,0.740432,0.715101,0.470952,0.0625,0.105469,1.21834
391,1.00781,0.0678711,-0.239258,0.209961,0.067345,0.526846,0.438071,0.610818,0.565004,0.593842,0.334708,0.204446,0.522152,0.00297295,0,0,0,0,0,-0.0199063,-0.00872037,0.518479,0.584416,0.97086,0.437839,0.0078125,0.0678711,0.928311
392,0.894531,0.0306396,-0.0859375,0.431641,0.0342522,0.513662,0.374029,0.531645,0.422544,0.684489,0.471467,0.250653,0.130804,0.0022086,0,0,0,0,0,-0.017758,-0.00664199,0.328359,0.60731,0.913403,0.462703,-0.105469,0.0306396,0.93953
393,1.13281,0.28125,-0.5,0.326172,0.248276,0.59804,0.606293,0.755023,0.93765,0.636917,0.651276,0.491728,0.875481,0.00366305,0,0,0,0,0,-0.0504395,-0.0305811,0.675169,0.651145,0.855185,0.461064,0.132812,0.28125,1.24719
394,1.23438,0.443359,-0.503906,0.285156,0.359177,0.640269,0.74793,0.864144,1.30614,0.599292,0.664937,0.574601,0.943644,0.00379618,0,0,0,0,0,-0.0657722,-0.049193,0.862321,0.628848,0.910644,0.436596,0.234375,0.443359,1.19695
395,1.10156,-0.225586,-0.679688,0.126953,-0.204787,0.418869,0.333439,0.567045,0.432721,0.66385,0.754839,0.428028,1.9076,0.00567891,0,0,0,0,0,0.022153,0.00738665,0.255849,0.645924,0.817951,0.524249,0.101562,-0.225586,1.26462
396,1.11719,0.108398,-0.164062,0.174805,0.097028,0.538648,0.502194,0.689097,0.727053,0.689393,0.446189,0.307467,0.392403,0.00271954,0,0,0,0,0,-0.0275257,-0.0138232,0.537806,0.626345,0.913761,0.437036,0.117188,0.108398,1.05782
397,0.988281,-0.0393066,0.699219,0.125,-0.0397727,0.484137,0.37665,0.56223,0.457968,0.611076,0.559569,0.314606,1.97769,0.0058158,0,0,0,0,0,-0.00757554,-0.00285332,0.118023,0.666825,0.814875,0.485212,-0.0117188,-0.0393066,1.01956
398,1.01562,-0.172852,-0.800781,0.227539,-0.170192,0.432429,0.320842,0.535679,0.389892,0.801034,0.681967,0.365316,1.67875,0.00523193,0,0,0,0,0,0.0211501,0.00678584,0.270368,0.62105,0.87759,0.482791,0.015625,-0.172852,1.36228
399,1.28906,0.202148,0.839844,0.289062,0.156818,0.562306,0.617991,0.823619,1.06026,0.583358,0.746889,0.615152,1.56208,0.00500406,0,0,0,0,0,-0.0502791,-0.0310721,0.586865,0.862684,0.505752,0.50878,0.289062,0.202148,1.63637
400,1.0625,0.154297,-0.251953,0.161133,0.145221,0.557732,0.503213,0.674251,0.707838,0.592746,0.690272,0.465417,0.627665,0.00317903,0,0,0,0,0,-0.0352513,-0.0177389,0.445207,0.814806,0.590864,0.476718,0.0625,0.154297,1.28705
401,1.29688,0.326172,-0.953125,0.169922,0.251506,0.599289,0.696772,0.865591,1.23474,0.615064,0.777885,0.673331,2.3122,0.00646914,0,0,0,0,0,-0.0579216,-0.0403581,0.64913,0.741726,0.728288,0.444455,0.296875,0.326172,1.41017
402,1.08594,0.162109,-0.455078,0.294922,0.149281,0.559334,0.516518,0.690771,0.743955,0.760079,0.465759,0.321733,0.837978,0.0035898,0,0,0,0,0,-0.0419274,-0.0216563,0.784772,0.583738,0.975916,0.434472,0.0859375,0.162109,0.992452
403,1.05469,-0.0703125,0.275391,0.161133,-0.0666667,0.473424,0.387776,0.590601,0.49918,0.67476,0.622842,0.367851,0.686052,0.00329307,0,0,0,0,0,0.00409328,0.00158728,0.0572929,0.617697,0.877117,0.488679,0.0546875,-0.0703125,1.13953
404,1.125,0.150391,-0.0454102,0.194336,0.133681,0.553172,0.526323,0.709081,0.779812,0.567807,0.489949,0.347413,0.103009,0.00215432,0,0,0,0,0,-0.0420729,-0.0221439,0.748615,0.606835,0.933328,0.444095,0.125,0.150391,1.00593
405,1.21094,0.320312,-0.515625,0.765625,0.264516,0.604309,0.660645,0.812851,1.09718,0.733507,0.592124,0.481309,0.589286,0.00310407,0,0,0,0,0,-0.0616998,-0.0407617,0.908401,0.580008,0.98145,0.434044,0.210938,0.320312,1.22568
406,0.960938,-0.111816,-0.291016,0.192383,-0.116362,0.453683,0.32943,0.522737,0.381778,0.674319,0.749048,0.391555,0.663488,0.003249,0,0,0,0,0,0.0157503,0.00518861,0.183309,0.647107,0.817023,0.523299,-0.0390625,-0.111816,1.20105
407,0.972656,0.0142822,0.367188,0.128906,0.0146837,0.505858,0.397179,0.571421,0.484273,0.667687,0.630846,0.360479,1.02271,0.0039506,0,0,0,0,0,-0.0100245,-0.00398153,0.138531,0.638133,0.854817,0.483433,-0.0273438,0.0142822,1.13391
408,0.941406,0.104492,-0.292969,0.28125,0.110996,0.54419,0.429752,0.585481,0.527475,0.707607,0.592387,0.346831,0.552427,0.00303208,0,0,0,0,0,-0.00463787,-0.00199313,0.0682527,0.628465,0.871451,0.47852,-0.0585938,0.104492,1.0597
409,1.09375,0.0203857,0.0961914,0.141602,0.0186384,0.507435,0.448789,0.644067,0.616235,0.692425,0.574357,0.369925,0.255624,0.00245239,0,0,0,0,0,-0.0179005,-0.00803354,0.2717,0.604529,0.913306,0.466559,0.09375,0.0203857,1.18676
410,0.96875,-0.0184326,-0.149414,0.161133,-0.0190272,0.49241,0.379255,0.5579,0.455087,0.665253,0.604977,0.337517,0.37222,0.00268012,0,0,0,0,0,-0.00714428,-0.0027095,0.10295,0.629962,0.871897,0.475593,-0.03125,-0.0184326,0.998097
411,1.01562,0.0115356,0.380859,0.198242,0.0113582,0.504531,0.413036,0.595492,0.52521,0.610765,0.473532,0.281985,0.855395,0.00362382,0,0,0,0,0,-0.0112556,-0.00464895,0.207217,0.630184,0.880476,0.465302,0.015625,0.0115356,1.13682
412,1.0625,-0.0301514,-0.0776367,0.177734,-0.0283778,0.48868,0.410989,0.608525,0.539215,0.701739,0.587584,0.35756,0.184154,0.0023128,0,0,0,0,0,-0.00642676,-0.00264133,0.0953518,0.61482,0.884774,0.48374,0.0625,-0.0301514,1.26608
413,1.09375,-0.201172,0.0108032,0.151367,-0.183929,0.427035,0.339343,0.571618,0.4419,0.667729,0.74871,0.427976,0.0277675,0.00200736,0,0,0,0,0,0.0188621,0.00640072,0.219626,0.665591,0.784261,0.543272,0.09375,-0.201172,1.2132
414,1.02344,0.0844727,-0.945312,0.199219,0.0825382,0.532891,0.452637,0.625887,0.596615,0.646751,0.393502,0.246288,2.11792,0.00608969,0,0,0,0,0,-0.0272679,-0.0123424,0.604103,0.673176,0.840235,0.441286,0.0234375,0.0844727,1.01899
415,0.925781,0.0639648,-0.816406,0.164062,0.0690928,0.527542,0.403223,0.561681,0.478074,0.75191,0.569572,0.319917,2.01559,0.00588982,0,0,0,0,0,-0.0182899,-0.00737489,0.279943,0.611855,0.919053,0.451052,-0.0742188,0.0639648,1.12227
416,1.00781,0.155273,-0.632812,0.146484,0.15407,0.561223,0.481772,0.642882,0.645401,0.555275,0.413674,0.265944,1.65341,0.00518243,0,0,0,0,0,-0.0273709,-0.0131865,0.576815,0.652076,0.864266,0.449346,0.0078125,0.155273,1.05659
417,1.03906,0.0952148,-0.300781,0.132812,0.0916353,0.536506,0.464274,0.638869,0.623704,0.615273,0.61503,0.392924,0.825337,0.00356511,0,0,0,0,0,-0.0163962,-0.00761231,0.232409,0.745276,0.714492,0.457714,0.0390625,0.0952148,1.27342
418,1.07031,-0.0375977,-0.107422,0.333984,-0.0351277,0.485989,0.410399,0.610565,0.541218,0.696834,0.488466,0.298241,0.185879,0.00231617,0,0,0,0,0,-0.00682289,-0.00280011,0.12177,0.590132,0.934948,0.463372,0.0703125,-0.0375977,1.02019
419,1.02344,-0.0344238,0.226562,0.164062,-0.0336355,0.486584,0.393189,0.584339,0.49605,0.623477,0.530443,0.309959,0.55935,0.0030456,0,0,0,0,0,-0.0185063,-0.00727647,0.30415,0.819165,0.57987,0.494547,0.0234375,-0.0344238,1.06843
420,1.14844,-0.0874023,-1.08594,0.165039,-0.0761054,0.469668,0.416825,0.639554,0.582772,0.68601,0.571681,0.365621,2.67308,0.00717398,0,0,0,0,0,0.00196156,0.000817626,0.0299126,0.632009,0.854015,0.49516,0.148438,-0.0874023,1.2394
421,1.15625,0.138672,0.00325012,0.291016,0.119932,0.547732,0.532995,0.722898,0.806665,0.69853,0.684373,0.494732,0.00602478,0.00196489,0,0,0,0,0,-0.0363876,-0.0193944,0.463518,0.582904,0.939136,0.468228,0.15625,0.138672,1.19686
422,1.11719,-0.117676,0.220703,0.189453,-0.105332,0.458056,0.389157,0.611636,0.525541,0.688709,0.734772,0.449413,0.507058,0.00294347,0,0,0,0,0,-0.00663255,-0.0025811,0.0786928,0.660866,0.809389,0.506314,0.117188,-0.117676,1.1899
423,0.972656,0.00549316,-0.394531,0.240234,0.00564759,0.502253,0.392784,0.568376,0.47733,0.582719,0.461038,0.262043,0.804941,0.00352527,0,0,0,0,0,-0.0134994,-0.00530236,0.255262,0.601071,0.930167,0.45425,-0.0273438,0.00549316,1.09106
424,0.804688,-0.074707,0.0966797,0.139648,-0.0928398,0.463015,0.285328,0.443764,0.278338,0.610389,0.508718,0.225751,0.258712,0.00245842,0,0,0,0,0,0.00818373,0.00233505,0.140243,0.603587,0.887919,0.497129,-0.195312,-0.074707,1.13389
425,1,0.0996094,0.236328,0.15918,0.0996094,0.539673,0.450807,0.617755,0.584848,0.602327,0.581073,0.358961,0.592341,0.00311004,0,0,0,0,0,-0.0329924,-0.0148732,0.494983,0.706121,0.773973,0.461497,0,0.0996094,1.19091
426,1.26562,0.246094,-0.566406,0.21582,0.194444,0.577086,0.633938,0.824126,1.08106,0.664524,0.676612,0.557614,1.21922,0.00433441,0,0,0,0,0,-0.0554456,-0.0351491,0.714389,0.696036,0.806744,0.43891,0.265625,0.246094,1.21676
427,1.05469,0.0932617,-0.0115967,0.202148,0.0884259,0.535231,0.469563,0.647247,0.639418,0.665859,0.520019,0.336581,0.0257928,0.0020035,0,0,0,0,0,-0.0309124,-0.0145153,0.518227,0.615822,0.907651,0.457021,0.0546875,0.0932617,0.972187
428,1.02344,-0.170898,0.0942383,0.147461,-0.166985,0.433691,0.324952,0.540785,0.398042,0.62684,0.712862,0.385505,0.245408,0.00243244,0,0,0,0,0,0.00756981,0.00245982,0.0925734,0.639759,0.820427,0.533385,0.0234375,-0.170898,1.00942
429,1.17969,0.208984,-0.949219,0.203125,0.177152,0.570306,0.577887,0.762522,0.915393,0.695493,0.574525,0.438088,2.10613,0.00606665,0,0,0,0,0,-0.0510451,-0.0294983,0.774554,0.66665,0.849466,0.442017,0.179688,0.208984,1.17938
430,1.03906,-0.0610352,-0.12793,0.181641,-0.0587406,0.476579,0.386149,0.584563,0.490825,0.682778,0.632471,0.369719,0.300168,0.00253939,0,0,0,0,0,-0.00459571,-0.00177463,0.0633459,0.585485,0.898442,0.511155,0.0390625,-0.0610352,1.09408
431,1.10156,0.15625,-0.832031,0.365234,0.141844,0.556398,0.519854,0.697653,0.756967,0.659065,0.458033,0.319548,1.37675,0.00464208,0,0,0,0,0,-0.0326775,-0.0169875,0.621954,0.622363,0.915913,0.440275,0.101562,0.15625,1.0589
432,0.949219,-0.0319824,0.402344,0.166992,-0.0336934,0.486561,0.364648,0.541945,0.426672,0.680746,0.436008,0.236292,0.984576,0.00387612,0,0,0,0,0,-0.00699386,-0.00255029,0.139839,0.603283,0.935,0.446968,-0.0507812,-0.0319824,1.04199
433,0.964844,0.0371094,0.773438,0.193359,0.0384615,0.51534,0.405459,0.574864,0.494866,0.615546,0.538358,0.309483,1.75891,0.00538849,0,0,0,0,0,-0.0366524,-0.014861,0.593523,0.587016,0.91387,0.489904,-0.0351562,0.0371094,1.11876
434,1.21094,0.339844,-0.490234,0.199219,0.280645,0.610509,0.673097,0.818638,1.12323,0.601551,0.620826,0.508232,1.09834,0.00409833,0,0,0,0,0,-0.0496866,-0.0334439,0.697712,0.630549,0.898799,0.445554,0.210938,0.339844,1.19003
435,0.910156,-0.10498,0.298828,0.255859,-0.115343,0.454086,0.312485,0.495404,0.343072,0.782142,0.528084,0.261615,0.590773,0.00310698,0,0,0,0,0,-0.00223566,-0.00069861,0.0369071,0.607813,0.914011,0.461404,-0.0898438,-0.10498,1.04465
436,2.35938,0.246094,0.546875,0.118164,0.104305,0.541536,1.06916,1.46156,3.27927,0.694095,1.6782,2.45279,1.59091,0.00506037,0,0,0,0,0,-0.0622837,-0.0665913,0.323548,0.969777,0.313327,0.509904,1.35938,0.246094,2.76641
437,1.09375,0.154297,0.065918,0.186523,0.141071,0.556093,0.515745,0.69239,0.745396,0.620728,0.459658,0.318263,0.152629,0.00225123,0,0,0,0,0,-0.0391727,-0.0202031,0.742942,0.609507,0.935218,0.439101,0.09375,0.154297,0.982324
438,1.05469,0.0673828,0.367188,0.154297,0.0638889,0.525471,0.456624,0.637922,0.61545,0.642822,0.709322,0.452492,0.93478,0.00377887,0,0,0,0,0,-0.0206429,-0.00942605,0.253708,0.620757,0.856177,0.512116,0.0546875,0.0673828,1.25745
439,1.02344,0.0563965,0.199219,0.202148,0.055105,0.521973,0.438599,0.615811,0.571593,0.605289,0.447617,0.275648,0.443093,0.00281854,0,0,0,0,0,-0.0181548,-0.00796269,0.353584,0.664534,0.840825,0.455348,0.0234375,0.0563965,0.94311
440,0.945312,-0.162109,-0.644531,0.118652,-0.171488,0.43192,0.298018,0.498227,0.337045,0.639374,0.592575,0.295237,1.87114,0.00560769,0,0,0,0,0,0.0168283,0.00501514,0.247574,0.641501,0.849607,0.484429,-0.0546875,-0.162109,1.08026
441,0.988281,0.0319824,-0.470703,0.194336,0.0323617,0.512908,0.412294,0.586706,0.514211,0.635674,0.588168,0.345082,1.06775,0.00403858,0,0,0,0,0,-0.0280616,-0.0115696,0.415927,0.578225,0.934954,0.478354,-0.0117188,0.0319824,1.02553
442,1.07812,0.202148,0.227539,0.249023,0.1875,0.574366,0.535248,0.699952,0.776423,0.602828,0.51784,0.362463,0.45597,0.00284369,0,0,0,0,0,-0.0495489,-0.0265209,0.834152,0.636644,0.884404,0.451406,0.078125,0.202148,0.997485
443,1.15625,0.310547,-0.396484,0.248047,0.268581,0.605874,0.633806,0.777528,1.00626,0.650342,0.563075,0.437807,0.796085,0.00350798,0,0,0,0,0,-0.0490197,-0.031069,0.758946,0.621434,0.919973,0.437759,0.15625,0.310547,1.0266
444,1.02344,0.178711,0.832031,0.170898,0.174618,0.56931,0.499756,0.660765,0.686367,0.687475,0.605339,0.399987,2.01266,0.0058841,0,0,0,0,0,-0.031047,-0.0155159,0.447124,0.596007,0.924439,0.466386,0.0234375,0.178711,1.04066
445,1.0625,0.128906,1.22656,0.124512,0.121324,0.548283,0.490518,0.66483,0.682606,0.688447,0.476961,0.317098,3.47604,0.00874226,0,0,0,0,0,-0.0253138,-0.0124169,0.462681,0.602803,0.925672,0.456375,0.0625,0.128906,0.939484
446,1.08594,0.203125,-0.476562,0.164062,0.18705,0.574189,0.538815,0.704889,0.78719,0.683635,0.535048,0.377149,1.17656,0.0042511,0,0,0,0,0,-0.0408947,-0.0220347,0.666318,0.604892,0.936286,0.443818,0.0859375,0.203125,1.16806
447,0.871094,-0.0429688,-0.441406,0.223633,-0.0493274,0.480329,0.327826,0.492784,0.350306,0.669653,0.454771,0.224104,0.933406,0.00377618,0,0,0,0,0,-0.0043074,-0.00141208,0.0825712,0.589765,0.943208,0.455905,-0.128906,-0.0429688,0.955686
448,1.07031,-0.00482178,-0.367188,0.160156,-0.00450502,0.498203,0.426787,0.621699,0.568657,0.659226,0.494699,0.307554,0.917521,0.00374516,0,0,0,0,0,-0.0128157,-0.00546956,0.225844,0.639733,0.875969,0.455754,0.0703125,-0.00482178,1.05154
449,0.988281,-0.0864258,0.439453,0.161133,-0.0874506,0.465157,0.35309,0.546727,0.423583,0.706997,0.525666,0.287396,1.09476,0.00409134,0,0,0,0,0,-0.0073746,-0.0026039,0.122303,0.60198,0.928353,0.454835,-0.0117188,-0.0864258,0.921942
450,1.14062,0.259766,-0.449219,0.408203,0.22774,0.590076,0.59554,0.753466,0.922378,0.687439,0.524392,0.395111,0.703104,0.00332638,0,0,0,0,0,-0.0486738,-0.0289872,0.809182,0.593072,0.958029,0.438843,0.140625,0.259766,0.825368
451,1.03125,-0.126953,-0.609375,0.169922,-0.123106,0.451012,0.350057,0.558801,0.434798,0.711781,0.591818,0.330708,1.47829,0.00484041,0,0,0,0,0,0.00645166,0.00225845,0.0950363,0.590417,0.922018,0.47625,0.03125,-0.126953,1.03026
452,1.05469,0.117188,-0.183594,0.298828,0.111111,0.544236,0.481526,0.655978,0.662174,0.740582,0.443355,0.290831,0.335851,0.00260908,0,0,0,0,0,-0.0187205,-0.00901442,0.368107,0.60534,0.940863,0.439206,0.0546875,0.117188,1.04714
453,1.17188,-0.034668,0.111328,0.0996094,-0.0295833,0.4882,0.452591,0.67069,0.654664,0.598045,0.631308,0.423412,0.35274,0.00264207,0,0,0,0,0,-0.014447,-0.00653856,0.1995,0.794692,0.624586,0.47747,0.171875,-0.034668,1.1671
454,1.0625,0.00567627,-0.128906,0.154297,0.00534237,0.502131,0.428903,0.620764,0.569306,0.61736,0.753502,0.467747,0.328167,0.00259408,0,0,0,0,0,0.000548193,0.000235122,0.00634243,0.681577,0.789139,0.493694,0.0625,0.00567627,1.14076
455,0.800781,-0.148438,-0.675781,0.21875,-0.185366,0.426471,0.24803,0.41807,0.236302,0.732975,0.488712,0.204316,1.44488,0.00477516,0,0,0,0,0,0.021684,0.00537828,0.386806,0.597712,0.94242,0.447026,-0.199219,-0.148438,1.27643
456,0.988281,0.109375,1.03906,0.308594,0.110672,0.544062,0.450991,0.614516,0.581023,0.615545,0.508687,0.312596,1.87046,0.00560636,0,0,0,0,0,-0.0311677,-0.0140563,0.534147,0.60475,0.935206,0.444968,-0.0117188,0.109375,1.23209
457,0.914062,-0.131836,0.0981445,0.188477,-0.144231,0.442659,0.300623,0.48931,0.329799,0.679767,0.548046,0.268165,0.226067,0.00239466,0,0,0,0,0,0.0101115,0.00303974,0.160843,0.624141,0.893359,0.460183,-0.0859375,-0.131836,1.08281
458,0.855469,0.194336,1,0.53125,0.227169,0.589854,0.446344,0.564959,0.518402,0.668784,0.522396,0.295132,1.37199,0.00463279,0,0,0,0,0,-0.0295443,-0.0131869,0.493039,0.599168,0.915962,0.471002,-0.144531,0.194336,0.982025
459,1.25,0.265625,0.138672,0.130859,0.2125,0.584142,0.640501,0.820292,1.08312,0.611514,0.656212,0.538285,0.383342,0.00270184,0,0,0,0,0,-0.0433114,-0.027741,0.575393,0.796396,0.632783,0.446611,0.25,0.265625,1.16402
460,1.00781,0.0996094,0.261719,0.226562,0.0988372,0.539366,0.45394,0.622297,0.593315,0.629272,0.535902,0.33349,0.549846,0.00302704,0,0,0,0,0,-0.0286498,-0.0130053,0.466061,0.606532,0.911016,0.466234,0.0078125,0.0996094,1.18622
461,1.04688,0.144531,0.318359,0.135742,0.13806,0.554903,0.492065,0.661543,0.679767,0.575211,0.403222,0.266748,0.864092,0.00364081,0,0,0,0,0,-0.031668,-0.0155827,0.684674,0.629657,0.900155,0.44546,0.046875,0.144531,1.14151
462,0.945312,-0.216797,0.178711,0.168945,-0.229339,0.409303,0.277731,0.477963,0.305583,0.721564,0.636717,0.304327,0.434789,0.00280232,0,0,0,0,0,0.0081164,0.00225417,0.111128,0.596891,0.922146,0.467578,-0.0546875,-0.216797,1.25454
463,1.00781,-0.367188,-0.101562,0.161133,-0.364341,0.357802,0.246782,0.461045,0.273464,0.684276,0.662493,0.30544,0.253012,0.00244729,0,0,0,0,0,0.0405202,0.00999966,0.533208,0.667715,0.816627,0.480883,0.0078125,-0.367188,1.27553
464,1.07812,-0.244141,0.835938,0.138672,-0.226449,0.410426,0.31788,0.54627,0.399458,0.704947,0.686569,0.375052,2.24481,0.00633752,0,0,0,0,0,0.0256004,0.00813785,0.325064,0.638184,0.857042,0.480479,0.078125,-0.244141,1.08082
465,1.17188,0.279297,0.365234,0.170898,0.238333,0.594189,0.619771,0.77768,0.988902,0.5243,0.558951,0.434684,0.883492,0.0036787,0,0,0,0,0,-0.0508118,-0.0314917,0.792497,0.661356,0.850078,0.450047,0.171875,0.279297,1.13635
466,1.13281,0.224609,-0.000816345,0.357422,0.198276,0.578585,0.570181,0.738856,0.871014,0.70654,0.480614,0.355105,0.00136547,0.00195579,0,0,0,0,0,-0.0482233,-0.027496,0.874716,0.587704,0.96931,0.435496,0.132812,0.224609,1.12471
467,1.35938,0.174805,-0.111816,0.136719,0.128592,0.55116,0.632515,0.854242,1.12981,0.703223,0.915523,0.782079,0.302407,0.00254376,0,0,0,0,0,-0.0399347,-0.0252593,0.380266,0.811003,0.603928,0.454078,0.359375,0.174805,1.64073
468,1.07031,-0.189453,-0.259766,0.106934,-0.177007,0.429751,0.334756,0.562177,0.428104,0.671888,0.5734,0.322352,0.794373,0.00350464,0,0,0,0,0,0.0164171,0.0054957,0.2496,0.643774,0.857616,0.470383,0.0703125,-0.189453,1.17236
469,1.05469,-0.119629,0.263672,0.161133,-0.113426,0.454846,0.363118,0.574712,0.462149,0.711725,0.661012,0.379892,0.656858,0.00323605,0,0,0,0,0,0.00505849,0.00183683,0.0667142,0.597633,0.913386,0.475848,0.0546875,-0.119629,1.32425
470,1.03906,-0.139648,-0.00915527,0.0913086,-0.134398,0.446544,0.346842,0.559377,0.433203,0.574027,0.586941,0.328321,0.0302981,0.0020123,0,0,0,0,0,0.00780259,0.00270627,0.115891,0.631828,0.856357,0.492278,0.0390625,-0.139648,1.34618
471,0.910156,-0.0327148,-0.304688,0.248047,-0.0359442,0.485663,0.348617,0.518954,0.390847,0.635707,0.491026,0.25482,0.611769,0.00314799,0,0,0,0,0,-0.0181501,-0.00632745,0.322242,0.617869,0.905522,0.456376,-0.0898438,-0.0327148,1.14327
472,0.964844,-0.00121307,-0.353516,0.225586,-0.00125727,0.499498,0.386298,0.561514,0.464524,0.652282,0.426435,0.239449,0.744308,0.00340685,0,0,0,0,0,-0.00626115,-0.00241867,0.127999,0.592428,0.94664,0.44955,-0.0351562,-0.00121307,1.0433
473,1.10156,0.116699,-0.308594,0.155273,0.10594,0.542185,0.500079,0.683044,0.716628,0.694342,0.589904,0.402931,0.783138,0.00348269,0,0,0,0,0,-0.0343963,-0.0172009,0.50832,0.640272,0.885336,0.445145,0.101562,0.116699,1.19119
474,1.04688,-0.0588379,0.235352,0.0932617,-0.0562034,0.47759,0.39038,0.589837,0.500304,0.571164,0.526553,0.31058,0.770665,0.00345833,0,0,0,0,0,0.00809363,0.0031596,0.134001,0.63658,0.869364,0.468081,0.046875,-0.0588379,1.12351
475,1.00781,0.0400391,0.339844,0.259766,0.0397287,0.515845,0.424155,0.600916,0.541007,0.60881,0.405118,0.243442,0.666789,0.00325545,0,0,0,0,0,-0.0192076,-0.008147,0.413331,0.635626,0.892458,0.444684,0.0078125,0.0400391,1.14658
476,1.15625,-0.0336914,0.382812,0.267578,-0.0291385,0.488377,0.446813,0.661921,0.637782,0.815828,0.653536,0.43259,0.74005,0.00339853,0,0,0,0,0,-0.0179574,-0.00802361,0.239541,0.833899,0.551945,0.557501,0.15625,-0.0336914,1.40815
477,1.07812,-0.0429688,-0.0397949,0.139648,-0.0398551,0.484104,0.410846,0.613312,0.544946,0.708561,0.583295,0.357742,0.10649,0.00216111,0,0,0,0,0,-0.00427739,-0.00175735,0.0639289,0.608018,0.920407,0.454751,0.078125,-0.0429688,1.16644
478,0.898438,-0.131836,0.0698242,0.199219,-0.146739,0.441669,0.294358,0.480255,0.317291,0.692319,0.610043,0.292976,0.156438,0.00225867,0,0,0,0,0,0.00490871,0.00144492,0.0701478,0.597642,0.914584,0.474538,-0.101562,-0.131836,0.983326
479,0.996094,-0.0439453,0.345703,0.154297,-0.0441176,0.482405,0.377463,0.565227,0.46196,0.704387,0.596992,0.337436,0.880085,0.00367204,0,0,0,0,0,0.00318347,0.00120164,0.0464878,0.614807,0.899791,0.466649,-0.00390625,-0.0439453,0.904504
480,0.910156,-0.00488281,1.23438,0.120605,-0.00536481,0.49786,0.362533,0.528403,0.41064,0.689007,0.525858,0.277865,3.55438,0.00889527,0,0,0,0,0,-0.00695118,-0.00252003,0.115238,0.589719,0.927184,0.47173,-0.0898438,-0.00488281,1.04525
481,1.07812,0.174805,0.0673828,0.240234,0.162138,0.564401,0.519733,0.690999,0.747602,0.590025,0.494078,0.341407,0.137477,0.00222164,0,0,0,0,0,-0.0407825,-0.021196,0.719589,0.635317,0.89025,0.447336,0.078125,0.174805,1.11989
482,1.33594,0.554688,-0.455078,0.554688,0.415205,0.661004,0.85719,0.959111,1.65467,0.649477,0.79502,0.762513,0.611029,0.00314654,0,0,0,0,0,-0.08109,-0.0695095,0.889193,0.631056,0.90918,0.435007,0.335938,0.554688,1.35649
483,0.925781,-0.125977,0.0957031,0.277344,-0.136076,0.445881,0.308252,0.497912,0.342935,0.739517,0.580258,0.288917,0.181726,0.00230806,0,0,0,0,0,0.0091106,0.00280836,0.136878,0.611601,0.905378,0.46519,-0.0742188,-0.125977,1.11523
484,1.46875,0.145508,0.376953,0.0942383,0.0990691,0.539458,0.661726,0.907038,1.2606,0.613508,1.13949,1.03356,1.22793,0.00435143,0,0,0,0,0,-0.0373482,-0.0247143,0.285736,1.03395,0.164197,0.474061,0.46875,0.145508,2.32473
485,1.07031,0.15332,-0.202148,0.150391,0.143248,0.556953,0.505858,0.678421,0.716147,0.550718,0.576581,0.391165,0.521267,0.00297122,0,0,0,0,0,-0.038174,-0.0193106,0.577184,0.676402,0.80484,0.480362,0.0703125,0.15332,1.04571
486,0.964844,0.0230713,0.351562,0.261719,0.0239119,0.509539,0.39844,0.569935,0.483581,0.667845,0.362942,0.206854,0.687203,0.00329532,0,0,0,0,0,-0.0174949,-0.00697065,0.420223,0.61998,0.915048,0.444211,-0.0351562,0.0230713,0.95131
487,1.02344,0.173828,0.490234,0.240234,0.169847,0.567435,0.497315,0.658921,0.681499,0.615727,0.514386,0.338939,1.0002,0.00390664,0,0,0,0,0,-0.0358702,-0.0178388,0.607927,0.606726,0.926218,0.450827,0.0234375,0.173828,1.03178
488,1.03906,-0.178711,-0.730469,0.117188,-0.171992,0.431722,0.327311,0.547481,0.406869,0.57017,0.572062,0.313193,2.13384,0.00612077,0,0,0,0,0,0.0188247,0.00616152,0.286874,0.692588,0.776373,0.48926,0.0390625,-0.178711,1.08194
489,1.11719,0.219727,0.996094,0.269531,0.196678,0.57796,0.561178,0.728166,0.845147,0.689188,0.584652,0.425723,1.91865,0.00570049,0,0,0,0,0,-0.0436332,-0.024486,0.650618,0.618245,0.897499,0.46422,0.117188,0.219727,1.23609
490,0.988281,-0.0500488,-0.671875,0.158203,-0.0506423,0.479805,0.371279,0.558646,0.449933,0.632982,0.558488,0.311997,1.6892,0.00525234,0,0,0,0,0,-0.00981337,-0.0036435,0.153183,0.609886,0.868705,0.512883,-0.0117188,-0.0500488,0.984197
491,0.953125,-0.0378418,-0.236328,0.246094,-0.0397029,0.484165,0.363284,0.542252,0.426013,0.707779,0.51428,0.278869,0.476393,0.00288358,0,0,0,0,0,-0.0128653,-0.00467378,0.218086,0.625079,0.906922,0.445153,-0.046875,-0.0378418,1.16511
492,1.08594,0.116699,0.0810547,0.097168,0.107464,0.54279,0.493813,0.673962,0.698076,0.637417,0.497258,0.335133,0.260026,0.00246099,0,0,0,0,0,-0.027893,-0.0137739,0.489013,0.619932,0.909717,0.449391,0.0859375,0.116699,1.08373
493,1,-0.226562,-0.667969,0.257812,-0.226562,0.410382,0.294804,0.506643,0.343596,0.73815,0.787667,0.399066,1.31554,0.00452254,0,0,0,0,0,0.0145429,0.00428731,0.160959,0.604243,0.877571,0.509821,0,-0.226562,1.27707
494,0.914062,-0.0839844,1.02344,0.211914,-0.0918803,0.463397,0.324549,0.504363,0.359714,0.677694,0.502616,0.253501,2.22321,0.00629534,0,0,0,0,0,-0.0122058,-0.00396139,0.211708,0.598315,0.918911,0.469046,-0.0859375,-0.0839844,1.07467
495,0.925781,0.0581055,0.492188,0.244141,0.0627637,0.525023,0.400293,0.559581,0.473366,0.717226,0.546469,0.305794,0.996117,0.00389867,0,0,0,0,0,-0.0185756,-0.00743567,0.296336,0.59159,0.932777,0.46368,-0.0742188,0.0581055,1.1013
496,1.20312,0.211914,-1.07031,0.298828,0.176136,0.569907,0.588589,0.777336,0.950687,0.713753,0.548044,0.426014,1.95794,0.00577723,0,0,0,0,0,-0.0494875,-0.0291278,0.787203,0.592353,0.961569,0.43669,0.203125,0.211914,1.03612
497,0.929688,-0.163086,-0.0898438,0.207031,-0.17542,0.430375,0.291308,0.488875,0.323859,0.656372,0.588854,0.287876,0.197456,0.00233878,0,0,0,0,0,0.00452142,0.00131713,0.0669382,0.601941,0.898428,0.486718,-0.0703125,-0.163086,1.16914
498,1.08594,-0.1875,-0.707031,0.145508,-0.172662,0.431459,0.341714,0.571963,0.443909,0.664877,0.695335,0.397706,1.85351,0.00557327,0,0,0,0,0,0.0251028,0.00857797,0.314728,0.649818,0.833607,0.491315,0.0859375,-0.1875,1.27738
499,1.125,0.15332,-0.154297,0.265625,0.136285,0.554202,0.527788,0.710169,0.7829,0.643386,0.457878,0.325171,0.29938,0.00253785,0,0,0,0,0,-0.0384702,-0.0203041,0.732456,0.604545,0.93941,0.441449,0.125,0.15332,1.12132
500,1.19531,0.287109,-0.574219,0.229492,0.240196,0.594911,0.633586,0.793877,1.03167,0.524925,0.573826,0.455547,1.19865,0.00429424,0,0,0,0,0,-0.0546116,-0.0346012,0.829682,0.611677,0.93681,0.435052,0.195312,0.287109,1.15949
501,1.59375,0.515625,0.369141,0.318359,0.323529,0.626853,0.929459,1.0981,2.06972,0.575107,1.02472,1.12525,0.654234,0.00323093,0,0,0,0,0,-0.0881063,-0.0818911,0.749562,0.740498,0.711753,0.477382,0.59375,0.515625,1.83962
502,1.09375,0.117188,-0.511719,0.151367,0.107143,0.542662,0.49719,0.678682,0.707807,0.60791,0.589957,0.400393,1.31527,0.00452201,0,0,0,0,0,-0.0269806,-0.0134145,0.398692,0.684539,0.792386,0.48179,0.09375,0.117188,0.991595
503,1.21875,0.314453,0.523438,0.209961,0.258013,0.601801,0.659854,0.815766,1.10088,0.574473,0.607541,0.495612,1.14234,0.00418426,0,0,0,0,0,-0.0600651,-0.0396341,0.861892,0.626565,0.907042,0.443028,0.21875,0.314453,1.07356
504,1.10938,0.146484,-0.953125,0.22168,0.132042,0.552525,0.518104,0.698559,0.756416,0.633662,0.506796,0.354026,2.02436,0.00590695,0,0,0,0,0,-0.0344441,-0.0178456,0.592501,0.650342,0.870486,0.445408,0.109375,0.146484,1.10606
505,1.40625,0.585938,-0.804688,0.3125,0.416667,0.661539,0.903616,1.01026,1.83714,0.648634,0.899185,0.908408,1.43947,0.00476459,0,0,0,0,0,-0.0814508,-0.0736003,0.789684,0.712388,0.754889,0.476763,0.40625,0.585938,1.71687
506,1.02344,0.132812,0.225586,0.180664,0.129771,0.551626,0.476807,0.643583,0.641544,0.660822,0.487546,0.313776,0.530733,0.00298971,0,0,0,0,0,-0.0262075,-0.0124959,0.468615,0.624658,0.900249,0.452313,0.0234375,0.132812,1.05227
507,1.23438,0.192383,-0.894531,0.21875,0.155854,0.561926,0.591179,0.788231,0.9708,0.650691,0.600945,0.473684,1.91259,0.00568865,0,0,0,0,0,-0.0427657,-0.0252822,0.620393,0.620853,0.92197,0.4367,0.234375,0.192383,1.24737
508,1.21094,0.181641,0.835938,0.195312,0.15,0.559618,0.576409,0.77061,0.926087,0.728374,0.725619,0.559169,1.89151,0.00564748,0,0,0,0,0,-0.0469023,-0.0270349,0.563498,0.69178,0.796889,0.459856,0.210938,0.181641,1.25056
509,1.10938,0.0285645,-0.357422,0.283203,0.0257482,0.510271,0.459144,0.656022,0.641179,0.687592,0.483418,0.317133,0.671633,0.00326491,0,0,0,0,0,-0.0267932,-0.012302,0.48318,0.632964,0.901773,0.439347,0.109375,0.0285645,1.02725
510,1.15625,0.036377,-1.15625,0.18457,0.0314611,0.512549,0.481847,0.686057,0.702852,0.623679,0.594527,0.407879,2.69135,0.00720968,0,0,0,0,0,-0.0217641,-0.010487,0.319136,0.673879,0.835967,0.444875,0.15625,0.036377,1.42665
511,1.03125,-0.0274658,1.00781,0.277344,-0.0266335,0.489376,0.399801,0.591235,0.509399,0.69063,0.533992,0.315715,1.91369,0.00569079,0,0,0,0,0,-0.00778617,-0.00311292,0.127115,0.606324,0.925746,0.451791,0.03125,-0.0274658,0.950407
