k,gamma,beta,running_mean,running_var,on_ratio,p_on,act_mean,act_std,act_second,pre_row_norm,final_col_norm,effective_contribution,mean_over_std,bn_input_rounding_noise,dead,mostly_off,flat,always_on,negative_gamma,mean_row_component,shared_contribution,column_shared_fraction,pre_row_rel_change,pre_row_cos_ref,pre_row_norm_ratio_ref,gamma_delta,beta_delta,final_col_rel_change
0,2.76562,3.3125,0.308594,0.00656128,1.19774,0.884491,3.46565,2.49887,18.2551,0.222012,0.521751,1.30378,3.80972,0.00939398,0,0,0,0,0,-0.0439361,-0.152267,0.734116,0.600218,0.850254,0.561821,0.0625,0,0.520924
1,1.02344,-0.259766,0.0883789,0.00256348,-0.253817,0.399819,0.291604,0.508241,0.343342,0.149564,0.218386,0.110993,1.74556,0.00536242,0,0,0,0,0,-0.000171134,-4.99035e-05,0.00683155,0.479034,0.969794,0.557516,0.0273438,-0.00195312,0.377303
2,1.07031,4.46875,-0.515625,0.808594,4.17518,0.999985,4.46875,1.0703,21.1153,0.287882,2.02936,2.17201,0.573415,0.00307308,0,0,0,1,0,-0.232743,-1.04007,0.999828,0.546149,0.986292,0.465667,-0.203125,-0.15625,0.508185
3,1.24219,1.25,-0.0427246,0.0422363,1.00629,0.842862,1.35336,1.07662,2.9907,0.124784,0.355476,0.382712,0.207891,0.00235916,0,0,0,0,0,-0.0391079,-0.0529271,0.959094,0.704208,0.785759,0.44912,0.015625,-0.0234375,0.497121
4,1.00781,0.404297,-0.0131226,0.00646973,0.401163,0.65585,0.637629,0.718974,0.923494,0.15667,0.240505,0.172916,0.163146,0.00227177,0,0,0,0,0,-0.020893,-0.013322,0.757329,0.588727,0.925219,0.475075,0.0078125,-0.00195312,0.518693
5,1.32031,1.48438,-0.322266,0.275391,1.12426,0.869549,1.57159,1.17374,3.84756,0.174539,0.873048,1.02473,0.6141,0.00315254,0,0,0,0,0,-0.100027,-0.157202,0.998817,0.525277,0.97734,0.496601,-0.0703125,-0.0625,0.528379
6,1.64062,0.921875,-0.212891,0.00427246,0.561905,0.71291,1.21345,1.25185,3.03959,0.155111,0.327859,0.41043,3.257,0.00831445,0,0,0,0,0,-0.0292809,-0.035531,0.778583,0.518385,0.946901,0.540275,0.015625,0.0117188,0.458652
7,1.34375,-0.683594,-0.15625,0.00964355,-0.508721,0.305474,0.258728,0.552436,0.372125,0.272334,0.304839,0.168404,1.59111,0.00506077,0,0,0,0,0,0.00286279,0.000740683,0.0818702,0.467181,0.977212,0.561037,0.0625,-0.0117188,0.277853
8,1.78906,-0.000743866,0.150391,0.00317383,-0.000415785,0.499834,0.717046,1.04171,1.59931,0.166744,0.534685,0.556985,2.66949,0.00716698,0,0,0,0,0,-0.0231575,-0.016605,0.377573,0.392238,0.984329,0.633965,0.03125,0.00200272,0.441571
9,1.38281,0.640625,0.300781,0.00653076,0.463277,0.678417,0.929649,1.01457,1.8936,0.176458,0.224506,0.227778,3.72194,0.00922253,0,0,0,0,0,-0.0116349,-0.0108164,0.451796,0.599664,0.813205,0.668636,0.0234375,0,0.602127
10,1.5,0.445312,0.00656128,0.0020752,0.296875,0.616719,0.849294,1.02135,1.76446,0.151407,0.386958,0.39522,0.144032,0.00223444,0,0,0,0,0,-0.0198875,-0.0168903,0.448047,0.490041,0.969427,0.545248,0.015625,0.00390625,0.435175
11,1.875,0.292969,0.146484,0.00405884,0.15625,0.562082,0.898364,1.19759,2.24128,0.181266,0.504404,0.60407,2.29927,0.00644389,0,0,0,0,0,-0.0222161,-0.0199581,0.383969,0.453615,0.987548,0.562086,0.0234375,0,0.473237
12,1.39844,-0.24707,0.0231934,0.00610352,-0.176676,0.429881,0.43755,0.734699,0.731232,0.206196,0.268026,0.196919,0.296875,0.00253296,0,0,0,0,0,0.000579131,0.000253399,0.0188368,0.362701,0.96479,0.715045,0.0546875,-0.0166016,0.443819
13,1.49219,-0.902344,0.10498,0.020874,-0.604712,0.272685,0.249822,0.565587,0.3823,0.337774,0.395344,0.223602,0.726617,0.0033723,0,0,0,0,0,0.00442121,0.00110451,0.0974928,0.40675,0.982848,0.620307,0.09375,-0.03125,0.165927
14,3.39062,4.15625,0.523438,0.328125,1.22581,0.889864,4.33017,3.08289,28.2546,0.228846,0.523992,1.61541,0.913787,0.00373787,0,0,0,0,0,-0.0597309,-0.258645,0.99376,1.60526,0.635184,2.04242,0.078125,-0.0625,0.561828
15,2.59375,2.17188,0.361328,0.00408936,0.837349,0.798802,2.46089,2.16101,10.7259,0.166721,0.590226,1.27548,5.65034,0.0129889,0,0,0,0,0,-0.0447173,-0.110044,0.660487,0.399823,0.973408,0.645716,0.03125,0.015625,0.453921
16,2.4375,2.89062,0.0683594,0.00537109,1.1859,0.882169,3.0298,2.19659,14.0047,0.114872,0.483339,1.0617,0.932753,0.00377491,0,0,0,0,0,-0.0484224,-0.14671,0.873376,0.265297,0.964852,1.00122,0.03125,0.015625,0.469885
17,2.10938,0.535156,-0.00354004,0.00279236,0.253704,0.600138,1.13626,1.40924,3.27705,0.141566,0.388196,0.547062,0.0669919,0.00208397,0,0,0,0,0,-0.0117957,-0.0134029,0.264898,0.405074,0.979677,0.62775,0.03125,0,0.42551
18,1.4375,0.237305,0.249023,0.00166321,0.165082,0.56556,0.695093,0.922924,1.33494,0.122199,0.35251,0.32534,6.10614,0.0138792,0,0,0,0,0,-0.0115529,-0.00803036,0.285711,0.490654,0.967069,0.547589,0.03125,0.00195312,0.439161
19,1.13281,-0.679688,0.139648,0.00280762,-0.6,0.274253,0.19094,0.431165,0.222361,0.15558,0.226946,0.0978512,2.63552,0.00710063,0,0,0,0,0,0.000646353,0.000123415,0.0248287,0.470571,0.968219,0.569616,0.03125,0,0.348277
20,1.19531,0.255859,0.249023,0.00341797,0.214052,0.584747,0.613662,0.784929,0.992695,0.076465,0.137439,0.10788,4.25948,0.0102724,0,0,0,0,0,-0.011979,-0.00735104,0.759828,0.615889,0.862326,0.51172,0.0078125,0,0.503391
21,1.32031,0.6875,-0.111328,0.0629883,0.52071,0.698716,0.935978,0.994247,1.86458,0.180206,0.521108,0.51811,0.443583,0.0028195,0,0,0,0,0,-0.0559403,-0.0523589,0.935845,0.576335,0.923369,0.493517,-0.0234375,-0.03125,0.537135
22,1.29688,0.486328,-0.0319824,0.0458984,0.375,0.64617,0.798883,0.914365,1.47428,0.162805,0.465571,0.425702,0.149284,0.00224469,0,0,0,0,0,-0.0488032,-0.0389881,0.913838,0.571045,0.941325,0.48069,-0.015625,-0.0253906,0.540431
23,1.11719,2.3125,-0.439453,0.347656,2.06993,0.980771,2.32054,1.09771,6.58988,0.192446,1.17606,1.29098,0.745311,0.00340881,0,0,0,0,0,-0.134894,-0.313027,0.999931,0.517075,0.981833,0.500831,-0.117188,-0.078125,0.518643
24,2.96875,2.40625,0.34375,0.0109863,0.810526,0.791181,2.75621,2.45176,13.6078,0.202092,0.590887,1.44871,3.27957,0.00835853,0,0,0,0,0,-0.0344128,-0.0948491,0.507718,0.40922,0.978839,0.624456,0.09375,0,0.417241
25,1.32812,0.667969,-0.414062,0.00878906,0.502941,0.692497,0.92647,0.99211,1.84263,0.257548,0.347026,0.344288,4.41667,0.0105794,0,0,0,0,0,-0.0146901,-0.01361,0.369037,0.498996,0.888467,0.692583,0.078125,-0.0195312,0.398969
26,1.40625,0.40625,0.108887,0.0022583,0.288889,0.613667,0.789053,0.954141,1.53299,0.0996845,0.168722,0.160985,2.29131,0.00642834,0,0,0,0,0,-0.0129594,-0.0102256,0.669606,0.508421,0.953921,0.543485,0.0078125,0.00585938,0.471386
27,1.32031,2.07812,-0.613281,0.396484,1.57396,0.942252,2.10931,1.25692,6.02901,0.204744,1.13685,1.42892,0.973972,0.00385541,0,0,0,0,0,-0.130384,-0.27502,0.999837,0.519056,0.981977,0.498554,-0.101562,-0.078125,0.520411
28,1.32812,2.21875,0.546875,0.132812,1.67059,0.952598,2.24491,1.2733,6.66091,0.354482,0.902412,1.14904,1.50061,0.00488401,0,0,0,0,0,-0.101228,-0.227249,0.977922,0.677237,0.793073,0.497074,-0.0703125,-0.03125,0.532502
29,1.55469,0.992188,0.0874023,0.00164795,0.638191,0.738325,1.23995,1.21469,3.01294,0.112906,0.371274,0.450983,2.15304,0.00615827,0,0,0,0,0,-0.0332839,-0.0412702,0.781531,0.56789,0.903225,0.531318,0.015625,0.0117188,0.4455
30,1.27344,0.511719,-0.0622559,0.0458984,0.40184,0.656099,0.806237,0.908748,1.47584,0.155309,0.429659,0.390452,0.29059,0.00252068,0,0,0,0,0,-0.0458496,-0.0369657,0.930291,0.577204,0.948577,0.465915,-0.015625,-0.0195312,0.547553
31,1.15625,0.832031,-0.100586,0.0471191,0.719595,0.764113,0.993638,0.927099,1.84683,0.20048,0.560115,0.519282,0.463381,0.00285817,0,0,0,0,0,-0.0603316,-0.0599478,0.93902,0.55365,0.940729,0.503123,-0.0234375,-0.03125,0.530266
32,1.44531,1.30469,-0.169922,0.00421143,0.902703,0.816658,1.44672,1.22614,3.59641,0.159827,0.346113,0.424383,2.61839,0.00706717,0,0,0,0,0,-0.0343437,-0.0496856,0.865041,0.549735,0.867938,0.632299,0.015625,0.0078125,0.424771
33,1.89062,2.59375,-0.0354004,0.00531006,1.3719,0.914953,2.66872,1.75126,10.189,0.170015,0.634393,1.11099,0.485801,0.00290196,0,0,0,0,0,-0.0630964,-0.168387,0.867068,0.547217,0.94115,0.510791,0.0234375,0.015625,0.464025
34,1.17188,0.18457,0.140625,0.0238037,0.1575,0.562575,0.56221,0.749044,0.877147,0.129916,0.365237,0.273579,0.911465,0.00373333,0,0,0,0,0,-0.0373318,-0.0209883,0.891069,0.564405,0.946256,0.483705,-0.0078125,-0.0166016,0.537179
35,0.953125,0.0593262,-0.100586,0.026123,0.0622439,0.524816,0.411868,0.575932,0.501333,0.125902,0.308591,0.177727,0.622337,0.00316863,0,0,0,0,0,-0.0315375,-0.0129893,0.890945,0.580912,0.925005,0.485582,-0.0078125,-0.0109863,0.515194
36,1.09375,0.164062,-0.0522461,0.00245667,0.15,0.559618,0.520628,0.696035,0.755517,0.0937515,0.116401,0.0810193,1.0541,0.00401191,0,0,0,0,0,-0.00925819,-0.00482007,0.693387,0.612051,0.866093,0.512931,0,0,0.541829
37,2.125,2.15625,-0.285156,0.00994873,1.01471,0.844877,2.33047,1.84504,8.83526,0.15843,0.31852,0.587682,2.8589,0.00753692,0,0,0,0,0,-0.0327405,-0.0763008,0.8961,0.489654,0.911257,0.646398,0.03125,0,0.520108
38,0.894531,-0.542969,-0.102539,0.00166321,-0.606987,0.27193,0.149272,0.338374,0.136779,0.10745,0.144643,0.0489434,2.51429,0.00686386,0,0,0,0,0,0.00382573,0.000571075,0.230581,0.493697,0.918819,0.62223,0.015625,0,0.433268
39,3.51562,4.46875,0.0268555,0.0147095,1.27111,0.898155,4.63629,3.21475,31.8298,0.135995,0.590324,1.89775,0.221429,0.0023856,0,0,0,0,0,-0.0646973,-0.299955,0.955437,0.251068,0.970035,1.0333,0.0625,0,0.515548
40,2.25,0.111816,0.0908203,0.00427246,0.0496962,0.519818,0.958164,1.34952,2.73928,0.19661,0.523638,0.706659,1.38945,0.0046669,0,0,0,0,0,-0.0162016,-0.0155238,0.269733,0.466273,0.974314,0.566027,0.0625,-0.00439453,0.396327
41,1.22656,0.847656,-0.122559,0.179688,0.691083,0.755243,1.02751,0.974528,2.00548,0.13719,0.622303,0.606452,0.289124,0.00251782,0,0,0,0,0,-0.0712698,-0.0732303,0.998413,0.521541,0.972039,0.506352,-0.0390625,-0.046875,0.533058
42,1.41406,3.57812,-0.0864258,0.326172,2.53039,0.994303,3.5808,1.40652,14.8004,0.461595,1.39906,1.9678,0.151328,0.00224869,0,0,0,0,0,-0.158287,-0.566792,0.986314,0.638812,0.847066,0.492662,-0.0546875,-0.0625,0.530077
43,1.25,0.777344,-0.0209961,0.0668945,0.621875,0.732988,0.981455,0.971651,1.90736,0.217639,0.570629,0.554453,0.0811789,0.00211168,0,0,0,0,0,-0.0607107,-0.0595848,0.927509,0.584275,0.931858,0.473888,-0.03125,-0.0351562,0.528845
44,0.886719,0.0869141,-0.150391,0.0407715,0.0980176,0.539041,0.399033,0.54726,0.458721,0.0763241,0.265823,0.145474,0.744805,0.00340782,0,0,0,0,0,-0.0299474,-0.01195,0.982139,0.55771,0.939732,0.499122,-0.0117188,-0.0161133,0.540649
45,1.28125,0.929688,-0.300781,0.222656,0.72561,0.765961,1.10691,1.02932,2.28474,0.150102,0.690106,0.710338,0.637431,0.00319811,0,0,0,0,0,-0.079108,-0.0875655,0.999335,0.514538,0.976511,0.50926,-0.046875,-0.0507812,0.530798
46,1.38281,1.05469,-0.453125,0.265625,0.762712,0.777182,1.23361,1.12432,2.7859,0.164954,0.766962,0.862314,0.879192,0.0036703,0,0,0,0,0,-0.0878778,-0.108407,0.998877,0.516585,0.978473,0.504902,-0.046875,-0.0546875,0.530197
47,1.15625,-0.443359,0.0791016,0.00311279,-0.383446,0.350695,0.275124,0.521466,0.34762,0.162615,0.194092,0.101212,1.41778,0.00472223,0,0,0,0,0,0.00170169,0.000468175,0.0764327,0.524903,0.92382,0.5647,0.03125,-0.00585938,0.395002
48,0.8125,-0.710938,0.081543,0.0172119,-0.875,0.190787,0.0831703,0.241433,0.0652074,0.293541,0.319865,0.077226,0.621544,0.00316708,0,0,0,0,0,0.00124655,0.000103676,0.0339744,0.547727,0.913464,0.546828,0.0859375,-0.0664062,0.340978
49,3.125,0.574219,-0.0703125,0.0045166,0.18375,0.572895,1.54397,2.0256,6.48692,0.185478,0.574228,1.16316,1.04623,0.00399654,0,0,0,0,0,-0.00419522,-0.0064773,0.0636909,0.371608,0.943808,0.77391,0.09375,-0.015625,0.375171
50,1.39062,0.667969,0.0634766,0.00485229,0.480337,0.684506,0.950027,1.02822,1.95978,0.0958838,0.187805,0.193104,0.911255,0.00373292,0,0,0,0,0,-0.0155127,-0.0147375,0.720092,0.557257,0.89801,0.556019,0.0078125,0.00390625,0.48189
51,1.28125,-1.10156,-0.824219,0.0247803,-0.859756,0.194962,0.135854,0.385887,0.167365,0.434014,0.467437,0.180378,5.23588,0.0121794,0,0,0,0,0,0.00391614,0.000532024,0.0730368,0.457535,0.953349,0.609528,0.148438,-0.046875,0.174744
52,1.00781,5.84375,-0.535156,1.27344,5.79845,1,5.84375,1.00781,35.1651,0.356987,2.56639,2.58644,0.474233,0.00287936,0,0,0,1,0,-0.294305,-1.71985,0.999727,0.520035,0.989249,0.4902,-0.257812,-0.21875,0.508875
53,2.25,2.23438,-0.298828,0.0128174,0.993056,0.839659,2.42592,1.94468,9.6669,0.116625,0.323382,0.628875,2.6395,0.0071084,0,0,0,0,0,-0.0337357,-0.0818403,0.909456,0.509367,0.907298,0.619818,0.03125,0.015625,0.505802
54,2.3125,2.04688,-0.185547,0.00540161,0.885135,0.811958,2.28003,1.9549,9.02014,0.185837,0.549287,1.0738,2.5246,0.00688398,0,0,0,0,0,-0.04927,-0.112337,0.781969,0.516281,0.947098,0.542697,0.03125,0,0.456006
55,2.76562,1.3125,-0.0722656,0.00427246,0.474576,0.682455,1.87922,2.03955,7.69124,0.242592,0.882046,1.79898,1.10559,0.00411247,0,0,0,0,0,-0.038272,-0.0719217,0.378266,0.453706,0.960907,0.601475,0.109375,0.0078125,0.380878
56,2.03125,0.28125,0.46875,0.0205078,0.138462,0.555062,0.955161,1.28389,2.56072,0.389075,0.398364,0.511457,3.27327,0.00834623,0,0,0,0,0,0.00279312,0.00266788,0.0611247,0.483234,0.959426,0.566981,0.09375,-0.0410156,0.198434
57,1.70312,1.94531,-0.0776367,0.00439453,1.1422,0.873315,2.05338,1.52002,6.52683,0.137192,0.556986,0.846632,1.17115,0.00424052,0,0,0,0,0,-0.0573012,-0.117661,0.896864,0.511423,0.948763,0.546638,0.015625,0.0234375,0.451605
58,1.17188,0.582031,-0.251953,0.0446777,0.496667,0.690288,0.812785,0.872907,1.42259,0.182472,0.464759,0.405691,1.19199,0.00428124,0,0,0,0,0,-0.0498625,-0.0405275,0.935305,0.587826,0.921425,0.480333,-0.0234375,-0.0273438,0.527413
59,2.20312,1.82812,0.265625,0.00411987,0.829787,0.79667,2.07762,1.831,7.66905,0.120184,0.514578,0.94219,4.13835,0.0100358,0,0,0,0,0,-0.0489574,-0.101715,0.829419,0.658934,0.753136,0.790647,0.015625,0.0234375,0.443664
60,1.89844,1.17969,0.0211182,0.00306702,0.621399,0.732831,1.4899,1.47548,4.39682,0.15925,0.509602,0.751905,0.381327,0.00269791,0,0,0,0,0,-0.0284508,-0.0423888,0.48671,0.436733,0.976219,0.597089,0.0390625,0.0078125,0.426397
61,1.375,-0.292969,-0.0397949,0.00104523,-0.213068,0.415637,0.412081,0.70354,0.664779,0.105018,0.286919,0.201859,1.2309,0.00435722,0,0,0,0,0,-0.0149025,-0.00614102,0.452799,0.441022,0.942741,0.654192,0.0234375,0,0.455881
62,1.19531,1.92969,-0.277344,0.324219,1.61438,0.946777,1.95585,1.14141,5.12818,0.184423,1.04672,1.19474,0.487079,0.00290445,0,0,0,0,0,-0.120053,-0.234806,0.99988,0.519108,0.981548,0.498941,-0.09375,-0.0703125,0.519053
63,1.33594,1.17969,0.306641,0.00512695,0.883041,0.811393,1.31479,1.12888,3.00302,0.166653,0.302695,0.341705,4.28253,0.0103174,0,0,0,0,0,-0.0256446,-0.0337172,0.738579,0.630409,0.823949,0.547711,0.03125,-0.015625,0.523246
64,3.4375,0.582031,-0.287109,0.00695801,0.169318,0.567227,1.66946,2.21248,7.68218,0.232856,0.884992,1.95803,3.44195,0.00867569,0,0,0,0,0,-0.0221624,-0.0369992,0.218315,0.349708,0.978185,0.696865,0.109375,-0.00390625,0.409153
65,1.27344,0.800781,-0.191406,0.19043,0.628834,0.735271,1.00659,0.992029,1.99734,0.139818,0.631596,0.626561,0.43862,0.00280981,0,0,0,0,0,-0.0723716,-0.0728483,0.998932,0.519438,0.971802,0.508968,-0.0390625,-0.046875,0.532835
66,0.570312,-0.277344,-0.349609,0.00216675,-0.486301,0.313377,0.114443,0.238331,0.0698987,0.126503,0.134817,0.0321311,7.51067,0.0166224,0,0,0,0,0,-0.00599935,-0.000686582,0.38794,0.543728,0.887662,0.598554,0.0195312,-0.00976562,0.457156
67,1.35156,0.213867,-0.241211,0.0368652,0.158237,0.562865,0.648913,0.864271,1.16805,0.247728,0.546204,0.472069,1.25629,0.00440681,0,0,0,0,0,-0.053682,-0.034835,0.856802,0.533151,0.920961,0.557068,0,-0.00683594,0.491913
68,1.9375,1.24219,-0.992188,0.00457764,0.641129,0.739281,1.54958,1.51519,4.69699,0.163079,0.659548,0.999337,14.6647,0.0305951,0,0,0,0,0,-0.0494877,-0.0766851,0.65412,0.493492,0.905856,0.652656,0.0625,0.015625,0.419868
69,2.1875,1.78125,-0.233398,0.0120239,0.814286,0.792259,2.03714,1.80878,7.42163,0.184815,0.280508,0.507378,2.12851,0.00611036,0,0,0,0,0,-0.0239483,-0.0487859,0.74428,0.508517,0.876616,0.712161,0.015625,0.0078125,0.536072
70,1.59375,2.03125,-0.10791,0.0107422,1.27451,0.898759,2.10677,1.45798,6.56418,0.168517,0.542548,0.791021,1.04116,0.00398663,0,0,0,0,0,-0.0514719,-0.10844,0.827064,0.526039,0.953484,0.522383,0.0234375,0.015625,0.48434
71,2.98438,1.84375,0.333984,0.0106201,0.617801,0.731647,2.33399,2.31686,10.8154,0.308738,0.575622,1.33364,3.24087,0.00828295,0,0,0,0,0,-0.0197412,-0.0460759,0.298981,0.283415,0.971328,0.817048,0.0625,-0.0078125,0.418137
72,2.21875,-0.090332,0.21875,0.0466309,-0.040713,0.483762,0.844558,1.26154,2.30476,0.443662,0.448122,0.565324,1.013,0.00393165,0,0,0,0,0,0.00305407,0.00257934,0.0594141,0.462069,0.950845,0.607896,0.0625,-0.041748,0.428988
73,1.24219,1.71875,-0.318359,0.294922,1.38365,0.916767,1.76685,1.15239,4.44977,0.176938,0.949565,1.09427,0.586225,0.0030981,0,0,0,0,0,-0.108855,-0.19233,0.999376,0.519726,0.978649,0.501293,-0.0859375,-0.0625,0.523569
74,1.35938,1.00781,0.357422,0.0125732,0.741379,0.770768,1.19068,1.09765,2.62257,0.200844,0.231901,0.254547,3.18755,0.00817882,0,0,0,0,0,-0.0195915,-0.0233272,0.736497,0.45496,0.907082,0.734493,0.046875,-0.03125,0.541844
75,3.89062,2.125,-0.347656,0.00595093,0.546185,0.707531,2.83117,2.95448,16.7445,0.232845,0.950142,2.80718,4.50669,0.0107553,0,0,0,0,0,-0.071634,-0.202808,0.657261,0.377296,0.972961,0.674623,0.046875,0.015625,0.413963
76,1.03906,0.273438,0.191406,0.00204468,0.263158,0.603786,0.565976,0.697063,0.806226,0.136073,0.21623,0.150726,4.23296,0.0102206,0,0,0,0,0,-0.00900521,-0.00509674,0.363065,0.483693,0.950226,0.580241,0.0078125,0,0.473893
77,1.19531,2.89062,-0.298828,0.507812,2.4183,0.992203,2.89378,1.18669,9.78222,0.230869,1.41101,1.67443,0.419343,0.00277216,0,0,0,0,0,-0.16184,-0.468329,0.999912,0.535528,0.984222,0.478768,-0.140625,-0.109375,0.517594
78,1.5,1.98438,0.0732422,0.0144043,1.32292,0.907068,2.04969,1.38066,6.10744,0.155207,0.479757,0.66238,0.610261,0.00314504,0,0,0,0,0,-0.0494015,-0.101258,0.897689,0.567651,0.942517,0.483643,0.0234375,0,0.481721
79,1.03125,5.59375,-0.474609,1.1875,5.42424,1,5.59375,1.03125,32.3535,0.345631,2.47918,2.55665,0.435531,0.00280377,0,0,0,1,0,-0.284282,-1.59021,0.999654,0.533975,0.989999,0.474996,-0.25,-0.1875,0.507645
80,1.92188,1.95312,-0.191406,0.00364685,1.01626,0.845247,2.11026,1.66923,7.2395,0.12852,0.615148,1.02682,3.16955,0.00814365,0,0,0,0,0,-0.0626856,-0.132283,0.888372,0.481586,0.939421,0.601136,0.0234375,0.0234375,0.44224
81,2.95312,3,0.22168,0.00842285,1.01587,0.845155,3.24161,2.5647,17.0857,0.219322,0.719845,1.84618,2.41544,0.00667078,0,0,0,0,0,-0.0635808,-0.206104,0.770006,0.523931,0.887206,0.638935,0.0625,0.03125,0.530198
82,2.15625,2.1875,-0.113281,0.00376892,1.01449,0.844826,2.36435,1.87209,9.09486,0.0939895,0.560828,1.04992,1.84523,0.00555708,0,0,0,0,0,-0.0617493,-0.145997,0.959862,0.368456,0.958225,0.725944,0.03125,0.015625,0.441969
83,1.19531,2.35938,0.25,0.15625,1.97386,0.975801,2.36995,1.1704,6.98649,0.154263,0.685899,0.802778,0.632456,0.00318839,0,0,0,0,0,-0.0780608,-0.185,0.992154,0.653051,0.82142,0.50329,0.046875,-0.0625,0.485704
84,1.0625,2.53125,0.447266,0.0561523,2.38235,0.991399,2.53432,1.05421,7.53412,0.322894,0.720516,0.759578,1.88748,0.0056396,0,0,0,0,0,-0.0758474,-0.192221,0.917707,0.547877,0.924916,0.530404,0.0742188,-0.0625,0.506339
85,1.40625,0.345703,0.142578,0.00346375,0.245833,0.597094,0.75045,0.936271,1.43978,0.174236,0.477318,0.446899,2.42259,0.00668475,0,0,0,0,0,-0.0261605,-0.0196322,0.477799,0.478984,0.978147,0.546642,0.0234375,0.00195312,0.47231
86,1.69531,2.5625,0.0302734,0.164062,1.51152,0.934672,2.61094,1.6,9.37701,0.298072,0.442587,0.708141,0.0747407,0.0020991,0,0,0,0,0,-0.0467217,-0.121988,0.920294,0.518354,0.939131,0.550985,0.046875,-0.0625,0.509907
87,1.25781,1.53125,-0.302734,0.291016,1.21739,0.888272,1.59731,1.1415,3.85441,0.172771,0.896927,1.02384,0.561182,0.00304918,0,0,0,0,0,-0.10286,-0.1643,0.999764,0.515745,0.981339,0.502779,-0.0703125,-0.0625,0.524454
88,1.13281,-0.211914,-0.0839844,0.00564575,-0.187069,0.425803,0.350173,0.590687,0.471532,0.224567,0.28659,0.169285,1.11773,0.00413619,0,0,0,0,0,0.00327209,0.0011458,0.0995339,0.450382,0.984223,0.570051,0.078125,-0.0136719,0.34935
89,1.16406,-0.0185547,0.0712891,0.00109863,-0.0159396,0.493641,0.457514,0.671603,0.660371,0.0995917,0.22761,0.152863,2.15078,0.00615387,0,0,0,0,0,-0.00560311,-0.00256351,0.214608,0.445358,0.970227,0.596483,0.0234375,0.000488281,0.420434
90,2.76562,3.25,-0.00512695,0.00872803,1.17514,0.880031,3.41224,2.48633,17.8252,0.0991245,0.442642,1.10055,0.0548784,0.00206031,0,0,0,0,0,-0.0484587,-0.165353,0.954391,0.427009,0.964314,1.29933,0.046875,0,0.515815
91,3.21875,0.9375,0.106445,0.00823975,0.291262,0.614575,1.81092,2.18621,8.05898,0.240472,0.86875,1.89927,1.17265,0.00424346,0,0,0,0,0,-0.0375809,-0.0680562,0.37712,0.436836,0.972686,0.602627,0.046875,0.0078125,0.430512
92,1.11719,0.703125,-0.3125,0.157227,0.629371,0.735447,0.883534,0.870454,1.53832,0.127873,0.568538,0.494886,0.78811,0.0034924,0,0,0,0,0,-0.0651181,-0.057534,0.998502,0.505796,0.976407,0.519023,-0.0390625,-0.0429688,0.531482
93,2.4375,2.76562,0.384766,0.15625,1.13462,0.871732,2.92297,2.17182,13.2606,0.153853,0.360395,0.782713,0.973389,0.00385427,0,0,0,0,0,-0.041067,-0.120038,0.993395,1.83181,0.582211,2.22371,0.046875,-0.046875,0.560193
94,1.09375,-0.109863,0.168945,0.00179291,-0.100446,0.459995,0.383665,0.600508,0.507808,0.127283,0.262884,0.157864,3.98995,0.00974599,0,0,0,0,0,-0.010531,-0.00404036,0.349229,0.522097,0.954411,0.526059,0.0078125,0,0.482828
95,1.24219,0.609375,-0.0898438,0.041748,0.490566,0.688133,0.856721,0.922727,1.5854,0.201709,0.529722,0.488789,0.439713,0.00281194,0,0,0,0,0,-0.0560672,-0.048034,0.922716,0.574496,0.919198,0.500903,-0.0234375,-0.03125,0.523785
96,1.21875,-0.118164,0.0981445,0.00119781,-0.0969551,0.461381,0.42964,0.670499,0.634158,0.110538,0.205506,0.137791,2.83577,0.00749174,0,0,0,0,0,-0.00255022,-0.00109568,0.108183,0.469082,0.93558,0.626795,0.015625,-0.00195312,0.430235
97,1.11719,0.265625,-0.0942383,0.0854492,0.237762,0.593967,0.590442,0.741204,0.898004,0.100891,0.37178,0.275565,0.322384,0.00258278,0,0,0,0,0,-0.0422154,-0.0249258,0.989901,0.540259,0.947118,0.512478,-0.015625,-0.0234375,0.540157
98,2.45312,2.78125,0.00176239,0.0057373,1.13376,0.871552,2.93991,2.18533,13.4188,0.0812051,0.385364,0.842148,0.0232674,0.00199857,0,0,0,0,0,-0.0421303,-0.123859,0.953083,0.366366,0.947434,1.12592,0.03125,0.015625,0.512153
99,1.53125,0.648438,-0.21875,0.00939941,0.423469,0.664024,0.990579,1.10344,2.19883,0.182289,0.259894,0.286778,2.2563,0.00635997,0,0,0,0,0,-0.0154338,-0.0152884,0.517705,0.564915,0.832303,0.723412,0.0390625,-0.0117188,0.498252
100,2.96875,3.625,0.0169678,0.0111084,1.22105,0.888967,3.77934,2.69643,21.5541,0.112647,0.484138,1.30544,0.16099,0.00226756,0,0,0,0,0,-0.0531359,-0.200819,0.956811,0.323744,0.969936,1.18345,0.046875,0,0.518249
101,1.17969,-0.347656,0.0205078,0.00393677,-0.294702,0.384111,0.318643,0.56839,0.424601,0.207401,0.294274,0.167263,0.326851,0.00259151,0,0,0,0,0,0.00242522,0.000772781,0.0718465,0.498218,0.933119,0.588253,0.0859375,-0.00976562,0.267476
102,1.0625,0.494141,0.172852,0.00842285,0.465074,0.679061,0.715524,0.780192,1.12067,0.141482,0.271905,0.212138,1.88341,0.00563165,0,0,0,0,0,-0.0235051,-0.0168185,0.753621,0.583662,0.922458,0.484748,-0.0078125,-0.00585938,0.550396
103,3.78125,0.875,0.0878906,0.00939941,0.231405,0.5915,1.98309,2.50177,10.1915,0.258182,0.991576,2.48069,0.906551,0.00372373,0,0,0,0,0,-0.0366518,-0.0726839,0.322238,0.378979,0.985459,0.646704,0.09375,0.00390625,0.396729
104,2.5625,2.90625,-0.0268555,0.00756836,1.13415,0.871633,3.07184,2.28296,14.6481,0.090621,0.403017,0.920072,0.308697,0.00255605,0,0,0,0,0,-0.0441107,-0.135501,0.954175,0.412635,0.958124,1.25523,0.03125,0,0.513449
105,1.67969,1.5,0.117676,0.00173187,0.893023,0.814078,1.66742,1.42219,4.80294,0.151932,0.415598,0.591061,2.82767,0.00747592,0,0,0,0,0,-0.0280021,-0.0466914,0.587387,0.297975,0.960803,0.851568,0.046875,0,0.398129
106,1.78125,1.4375,-0.121582,0.0019989,0.807018,0.790172,1.64898,1.46936,4.87817,0.145765,0.522148,0.767225,2.7194,0.00726446,0,0,0,0,0,-0.0327663,-0.054031,0.547067,0.47506,0.959948,0.576306,0.0390625,0.0078125,0.45057
107,3.01562,0.211914,0.0380859,0.00436401,0.070272,0.528011,1.31523,1.83089,5.08197,0.232474,0.754151,1.38076,0.57653,0.00307916,0,0,0,0,0,-0.0320732,-0.0421836,0.370758,0.428592,0.980054,0.60032,0.0625,0.00390625,0.421543
108,2.10938,2.03125,0.507812,0.00233459,0.962963,0.832217,2.22006,1.81173,8.21101,0.189596,0.669211,1.21243,10.5099,0.0224802,0,0,0,0,0,-0.0579171,-0.128579,0.754485,0.343465,0.983459,0.691638,0.03125,0.03125,0.409957
109,0.910156,1.24219,-0.275391,0.0810547,1.36481,0.913843,1.27879,0.842286,2.34476,0.13666,0.617093,0.519769,0.967298,0.00384238,0,0,0,0,0,-0.0706305,-0.0903218,0.997812,0.546866,0.975557,0.474783,-0.0546875,-0.046875,0.528723
110,1.46094,1.36719,0.310547,0.00527954,0.935829,0.825319,1.50372,1.24779,3.81813,0.167325,0.351235,0.438266,4.27395,0.0103007,0,0,0,0,0,-0.0329606,-0.0495633,0.818095,0.575316,0.875052,0.564078,0.0234375,0,0.471553
111,1.47656,0.115234,0.00756836,0.00909424,0.0780423,0.531103,0.649722,0.9006,1.23322,0.21533,0.234399,0.211099,0.0793631,0.00210813,0,0,0,0,0,-0.00469278,-0.003049,0.174535,0.498966,0.867437,0.82985,0.0234375,-0.00439453,0.524164
112,1.4375,-0.863281,0.0202637,0.00393677,-0.600543,0.274072,0.242108,0.546871,0.357684,0.179435,0.261511,0.143013,0.32296,0.00258391,0,0,0,0,0,-0.00351479,-0.00085096,0.11717,0.473018,0.964095,0.572654,0.015625,-0.00390625,0.404541
113,1.16406,3.0625,-0.451172,0.542969,2.63087,0.995742,3.06391,1.15989,10.7329,0.239831,1.46793,1.70265,0.612286,0.003149,0,0,0,0,0,-0.168367,-0.515862,0.999902,0.532202,0.985333,0.48123,-0.148438,-0.109375,0.517135
114,1.78906,1.42188,0.235352,0.00332642,0.79476,0.786623,1.63956,1.4699,4.84878,0.116248,0.294691,0.433167,4.08064,0.00992313,0,0,0,0,0,-0.0271376,-0.0444938,0.802808,0.421896,0.906874,0.886468,0.015625,0.0078125,0.467448
115,0.824219,-0.337891,0.0168457,0.00331116,-0.409953,0.34092,0.188201,0.364449,0.168243,0.156317,0.283579,0.10335,0.292752,0.00252491,0,0,0,0,0,-0.0156113,-0.00293805,0.479923,0.446887,0.957145,0.6168,0.03125,-0.00390625,0.435019
116,2.76562,3.21875,0.0942383,0.006073,1.16384,0.877756,3.38553,2.48011,17.6128,0.128471,0.543892,1.34891,1.20928,0.00431499,0,0,0,0,0,-0.0544334,-0.184286,0.872488,0.28356,0.960402,1.0131,0.03125,0.015625,0.469664
117,1.26562,0.914062,-0.24707,0.210938,0.722222,0.764921,1.09016,1.01566,2.22,0.145264,0.674212,0.684767,0.537952,0.00300381,0,0,0,0,0,-0.0772962,-0.084265,0.999467,0.518427,0.977287,0.504152,-0.046875,-0.0507812,0.532376
118,1.13281,0.480469,-0.300781,0.0133057,0.424138,0.664267,0.733309,0.816567,1.20452,0.257836,0.259002,0.211493,2.60755,0.00704599,0,0,0,0,0,-0.00176186,-0.00129199,0.0593027,0.4636,0.90498,0.720823,0.0390625,-0.0117188,0.618413
119,2.59375,2.09375,0.503906,0.996094,0.807229,0.790233,2.40156,2.13975,10.346,0.336204,0.498562,1.0668,0.504893,0.00293924,0,0,0,0,0,-0.0428687,-0.102952,0.749596,1.24081,0.390371,1.22224,0.03125,-0.03125,0.562638
120,1.99219,1.67188,0.223633,0.0022583,0.839216,0.799326,1.89296,1.66083,6.34166,0.15719,0.483277,0.80264,4.70592,0.0111444,0,0,0,0,0,-0.0410618,-0.0777283,0.740711,0.412343,0.935564,0.722709,0.0234375,0.015625,0.422351
121,1.21094,-0.302734,-0.0893555,0.00619507,-0.25,0.401294,0.346703,0.603046,0.483868,0.215618,0.235492,0.142013,1.13527,0.00417044,0,0,0,0,0,0.00165925,0.000575266,0.0614244,0.463672,0.966709,0.580034,0.046875,-0.0078125,0.2977
122,1.52344,-0.233398,0.341797,0.00634766,-0.153205,0.439118,0.494203,0.811335,0.902501,0.231947,0.216126,0.175351,4.29004,0.0103321,0,0,0,0,0,-0.00166795,-0.000824307,0.0672795,0.435572,0.984417,0.58592,0.015625,-0.00488281,0.398255
123,4.15625,2.15625,0.0334473,0.0122681,0.518797,0.698049,2.94132,3.12711,18.4302,0.128869,0.483739,1.5127,0.301976,0.00254292,0,0,0,0,0,-0.0493457,-0.145142,0.889293,0.795896,0.607147,0.652726,0.03125,0.015625,0.525229
124,1.125,-0.265625,-0.149414,0.00221252,-0.236111,0.406673,0.327761,0.565997,0.427781,0.124508,0.18521,0.104828,3.17649,0.00815721,0,0,0,0,0,-0.00611857,-0.00200543,0.288,0.429403,0.951787,0.651312,0.0078125,-0.00195312,0.422958
125,1.33594,2.65625,-0.570312,0.5,1.9883,0.976611,2.66773,1.30877,8.82968,0.229926,1.35818,1.77755,0.806544,0.00352841,0,0,0,0,0,-0.155775,-0.415565,0.999874,0.527443,0.983177,0.488371,-0.132812,-0.09375,0.520851
126,0.828125,-0.0603027,0.369141,0.00665283,-0.0728184,0.470975,0.301929,0.462063,0.304663,0.177624,0.225908,0.104384,4.52573,0.0107924,0,0,0,0,0,-0.00794222,-0.00239799,0.306491,0.581697,0.872484,0.55689,0.0429688,-0.0217285,0.710564
127,1.19531,0.753906,-0.189453,0.173828,0.630719,0.735888,0.946543,0.931719,1.76404,0.132898,0.587845,0.547706,0.454404,0.00284063,0,0,0,0,0,-0.0673475,-0.0637473,0.998769,0.508642,0.972334,0.520504,-0.0390625,-0.0429688,0.533324
128,3.85938,0.566406,0.289062,0.0105591,0.146761,0.55834,1.83082,2.45134,9.36096,0.244906,0.779448,1.91069,2.81306,0.00744738,0,0,0,0,0,-0.0260303,-0.0476568,0.291138,0.350355,0.982799,0.68507,0.0625,0,0.393705
129,1.30469,3.01562,0.129883,0.267578,2.31138,0.989594,3.02001,1.29304,10.7924,0.399308,1.19379,1.54361,0.251088,0.00244353,0,0,0,0,0,-0.135575,-0.409439,0.990053,0.659022,0.820097,0.493188,-0.0546875,-0.046875,0.529391
130,1.23438,-0.12793,0.131836,0.0030365,-0.103639,0.458728,0.431022,0.676459,0.643377,0.17437,0.219809,0.148692,2.39247,0.00662593,0,0,0,0,0,-0.00672898,-0.00290034,0.266877,0.521449,0.981298,0.49668,0.015625,-0.00390625,0.413295
131,1.25,0.6875,-0.162109,0.167969,0.55,0.70884,0.913236,0.950333,1.73713,0.132021,0.561087,0.53322,0.395543,0.00272567,0,0,0,0,0,-0.0641961,-0.0586262,0.997437,0.523066,0.967011,0.510166,-0.03125,-0.0429688,0.534874
132,1.32812,0.59375,0.163086,0.00262451,0.447059,0.672584,0.87915,0.967323,1.70862,0.113556,0.203853,0.197192,3.18341,0.00817072,0,0,0,0,0,-0.0146322,-0.0128639,0.625747,0.475387,0.959101,0.577175,0.0078125,0.0078125,0.453558
133,1.23438,4.09375,-0.478516,0.828125,3.31646,0.999544,4.09389,1.23387,18.2824,0.292342,1.92314,2.37291,0.525833,0.00298014,0,0,0,1,0,-0.220587,-0.903061,0.999947,0.537742,0.987032,0.473808,-0.1875,-0.15625,0.511767
134,1.57812,-0.0268555,0.173828,0.00128937,-0.0170173,0.493211,0.619404,0.909917,1.21161,0.116443,0.334239,0.30413,4.84096,0.0114081,0,0,0,0,0,-0.0143408,-0.00888272,0.374043,0.435484,0.963138,0.620674,0.0234375,0.00146484,0.460148
135,1.29688,0.804688,-0.228516,0.074707,0.620482,0.73253,1.01689,1.00765,2.04942,0.260688,0.516295,0.520244,0.836056,0.00358605,0,0,0,0,0,-0.0518012,-0.052676,0.874679,0.554575,0.942723,0.499688,-0.015625,-0.0195312,0.515455
136,1.25,0.0961914,0.0185547,0.0020752,0.0769531,0.53067,0.549349,0.761922,0.882309,0.14712,0.204372,0.155716,0.407309,0.00274865,0,0,0,0,0,-0.00176927,-0.000971944,0.0754706,0.465528,0.973664,0.567785,0.0234375,-0.00146484,0.367334
137,1.28906,0.9375,0.15332,0.00153351,0.727273,0.766471,1.11529,1.03615,2.31747,0.122337,0.350904,0.363589,3.91522,0.00960005,0,0,0,0,0,-0.0317149,-0.0353712,0.787919,0.457372,0.967432,0.586494,0.015625,0.0117188,0.441564
138,0.65625,-0.261719,0.106934,0.0202637,-0.39881,0.345017,0.152497,0.292596,0.108868,0.217401,0.192045,0.0561918,0.751199,0.00342031,0,0,0,0,0,-0.0035041,-0.000534365,0.159067,0.639914,0.830077,0.516201,0.015625,0.0136719,0.509497
139,0.71875,-0.220703,0.273438,0.00128937,-0.307065,0.379397,0.19092,0.34314,0.154195,0.111704,0.174788,0.0599767,7.615,0.0168262,0,0,0,0,0,-0.0072081,-0.00137617,0.359514,0.474059,0.959922,0.577585,0.0117188,0,0.445313
140,3.03125,3.6875,0.451172,0.255859,1.21649,0.888102,3.84709,2.75038,22.3647,0.201888,0.459472,1.26372,0.891952,0.00369522,0,0,0,0,0,-0.0524035,-0.201601,0.994279,1.61889,0.62661,2.04557,0.0625,-0.0625,0.570744
141,2.5625,2.17188,-0.320312,0.00540161,0.847561,0.801659,2.45111,2.14216,10.5968,0.16554,0.68704,1.47175,4.35825,0.0104653,0,0,0,0,0,-0.0640592,-0.157016,0.812842,0.4069,0.954658,0.677278,0.015625,0.03125,0.432041
142,0.898438,-0.175781,0.257812,0.00720215,-0.195652,0.422441,0.274928,0.465567,0.292338,0.190062,0.227323,0.105834,3.0379,0.00788652,0,0,0,0,0,0.000756565,0.000208001,0.0290141,0.507583,0.873761,0.728508,0.0585938,-0.0136719,0.634792
143,1.49219,2.3125,-0.304688,0.490234,1.54974,0.939398,2.35061,1.41575,7.5297,0.225933,1.25106,1.77119,0.435164,0.00280305,0,0,0,0,0,-0.14349,-0.33729,0.999889,0.512682,0.980857,0.506596,-0.117188,-0.09375,0.524308
144,2.1875,1.60156,0.734375,0.00315857,0.732143,0.767959,1.9007,1.76108,6.71405,0.193095,0.544378,0.958691,13.0669,0.0274744,0,0,0,0,0,-0.0431217,-0.0819613,0.690561,0.393651,0.976694,0.646705,0.046875,0.015625,0.408275
145,1.91406,2.64062,0.0708008,0.0149536,1.37959,0.916144,2.71536,1.77475,10.5229,0.210388,0.638615,1.13339,0.578982,0.00308395,0,0,0,0,0,-0.0621936,-0.168878,0.849011,0.514935,0.969566,0.516559,0.0390625,-0.015625,0.48299
146,2.79688,1.28125,0.0395508,0.00411987,0.458101,0.67656,1.87108,2.04727,7.69224,0.208955,0.719113,1.47222,0.616188,0.00315662,0,0,0,0,0,-0.0326284,-0.0610502,0.395553,0.389491,0.979175,0.64678,0.0625,0,0.432618
147,1.3125,0.734375,-0.239258,0.0834961,0.559524,0.712098,0.968389,1.00075,1.93928,0.210738,0.567401,0.567827,0.828005,0.00357032,0,0,0,0,0,-0.0609516,-0.0590249,0.936488,0.56369,0.930734,0.501767,-0.0234375,-0.0351562,0.525169
148,2.1875,1.16406,-0.287109,0.00367737,0.532143,0.702686,1.5685,1.65411,5.19627,0.150288,0.482995,0.798925,4.73455,0.0112003,0,0,0,0,0,-0.0276206,-0.043323,0.498537,0.391728,0.978234,0.64598,0.03125,0.0078125,0.407055
149,2.20312,2.95312,-0.0893555,0.00717163,1.34043,0.909946,3.046,2.03241,13.4088,0.2188,0.717905,1.45907,1.05515,0.00401396,0,0,0,0,0,-0.0775082,-0.23609,0.941212,0.512745,0.916756,0.595277,0.03125,0.015625,0.443217
150,1.09375,3.29688,-0.390625,0.542969,3.01429,0.998712,3.29724,1.09255,12.0654,0.242286,1.54311,1.68592,0.530118,0.00298851,0,0,0,1,0,-0.176989,-0.583575,0.999903,0.533382,0.98723,0.478193,-0.148438,-0.109375,0.514723
151,1.49219,1.57031,0.00534058,0.00136566,1.05236,0.853682,1.68448,1.30602,4.54318,0.0613237,0.407817,0.532618,0.144516,0.00223538,0,0,0,0,0,-0.0425954,-0.0717512,0.910551,0.50856,0.927608,0.582513,0.015625,0.015625,0.449664
152,3.39062,3.625,0.0456543,0.0062561,1.06912,0.857493,3.87616,2.97832,23.895,0.269742,1.03497,3.08246,0.577204,0.00308048,0,0,0,0,0,-0.0810797,-0.314278,0.682956,0.338389,0.981418,0.702691,0.09375,0.03125,0.426574
153,1.20312,0.34375,0.0402832,0.0249023,0.285714,0.612452,0.672643,0.815177,1.11696,0.166872,0.43572,0.355189,0.255272,0.0024517,0,0,0,0,0,-0.0450937,-0.030332,0.902227,0.549559,0.935361,0.514747,-0.0078125,-0.0214844,0.527015
154,1.17188,0.304688,-0.239258,0.0952148,0.26,0.602568,0.635959,0.785074,1.02079,0.116774,0.407936,0.32026,0.775379,0.00346754,0,0,0,0,0,-0.0461233,-0.0293326,0.985679,0.541845,0.961226,0.494802,-0.0234375,-0.0292969,0.536284
155,0.910156,4.875,-0.451172,0.902344,5.35622,1,4.875,0.910156,24.594,0.301373,2.17096,1.97592,0.474959,0.00288078,0,0,0,1,0,-0.248985,-1.2138,0.999832,0.534807,0.988591,0.475434,-0.222656,-0.1875,0.50729
156,1.69531,-0.851562,0.96875,0.0402832,-0.502304,0.307727,0.330361,0.700229,0.599458,0.435861,0.462876,0.324119,4.82669,0.0113803,0,0,0,0,0,0.00365203,0.00120649,0.0687823,0.426267,0.98164,0.600431,0.117188,-0.0078125,0.191615
157,1.03125,3.92188,-0.349609,0.714844,3.80303,0.999929,3.92189,1.03118,16.4446,0.270633,1.7942,1.85014,0.413502,0.00276075,0,0,0,1,0,-0.205785,-0.807066,0.999883,0.518403,0.986857,0.494284,-0.179688,-0.140625,0.511466
158,2.35938,2.64062,-0.138672,0.00592041,1.11921,0.868474,2.79822,2.09513,12.2196,0.115084,0.662495,1.38801,1.80224,0.00547312,0,0,0,0,0,-0.0726752,-0.203361,0.956336,0.313292,0.964666,0.79516,0.03125,0.015625,0.443108
159,2.51562,1.27344,0.253906,0.00534058,0.506211,0.693646,1.76009,1.88196,6.63968,0.175987,0.549952,1.03499,3.4744,0.00873905,0,0,0,0,0,-0.0265392,-0.0467112,0.420697,0.453945,0.967721,0.590164,0.03125,0,0.410146
160,1.32812,1.15625,-0.328125,0.0878906,0.870588,0.80801,1.29361,1.11873,2.925,0.235827,0.689319,0.771164,1.1068,0.00411484,0,0,0,0,0,-0.0744002,-0.096245,0.940939,0.574277,0.91912,0.501298,-0.0390625,-0.046875,0.53391
161,1.17969,-0.492188,0.169922,0.00263977,-0.417219,0.338259,0.266261,0.518815,0.340064,0.144443,0.204921,0.106316,3.30724,0.00841259,0,0,0,0,0,0.000326652,8.69748e-05,0.0138965,0.489153,0.949755,0.573848,0.015625,-0.00195312,0.344401
162,1.59375,1.38281,0.0727539,0.00604248,0.867647,0.807206,1.54877,1.34118,4.19746,0.127088,0.329469,0.441877,0.935941,0.00378114,0,0,0,0,0,-0.0357978,-0.0554427,0.947214,0.643458,0.822244,0.522039,0.0234375,-0.0078125,0.472144
163,0.890625,7.5625,-0.949219,3.42188,8.49123,1,7.5625,0.890625,57.9846,0.574383,3.15623,2.81101,0.513138,0.00295535,0,0,0,1,0,-0.361971,-2.7374,0.999798,0.553249,0.99692,0.449259,-0.320312,-0.28125,0.507585
164,2.34375,1.65625,-0.251953,0.0159912,0.706667,0.760113,1.99113,1.87147,7.46696,0.301098,0.383151,0.717054,1.99241,0.00584455,0,0,0,0,0,-0.0203069,-0.0404335,0.46204,0.694621,0.740297,0.915045,0.046875,-0.0234375,0.562183
165,1.42188,0.808594,-0.316406,0.142578,0.568681,0.715214,1.05897,1.08719,2.30341,0.185048,0.634376,0.689687,0.837951,0.00358975,0,0,0,0,0,-0.0708393,-0.0750171,0.973497,0.531685,0.968737,0.498481,-0.0390625,-0.0507812,0.534301
166,0.996094,0.0249023,0.0898438,0.00196838,0.025,0.509973,0.411887,0.588773,0.516305,0.0816083,0.16998,0.10008,2.02504,0.00590828,0,0,0,0,0,-0.0144426,-0.00594874,0.740723,0.649739,0.833275,0.491942,-0.00390625,-0.0020752,0.556694
167,1.52344,0.400391,0.0106201,0.00256348,0.262821,0.603656,0.829487,1.02186,1.73224,0.137468,0.285841,0.29209,0.209756,0.0023628,0,0,0,0,0,-0.02044,-0.0169547,0.623392,0.546258,0.907476,0.558319,0.0078125,0.0078125,0.465255
168,0.820312,-0.125,0.130859,0.0219727,-0.152381,0.439443,0.266447,0.437079,0.262032,0.15416,0.179663,0.078527,0.882803,0.00367735,0,0,0,0,0,-0.0120933,-0.00322222,0.586801,0.580599,0.919276,0.49247,-0.00390625,0.00488281,0.542845
169,1.15625,3.60938,-0.476562,0.691406,3.12162,0.999101,3.60967,1.15526,14.3643,0.268634,1.69129,1.95388,0.57313,0.00307252,0,0,0,1,0,-0.193989,-0.700236,0.999918,0.522849,0.986601,0.489859,-0.171875,-0.125,0.51363
170,2.73438,3.71875,-0.324219,0.0101318,1.36,0.913085,3.82977,2.52889,21.0624,0.138452,0.813044,2.0561,3.22102,0.00824419,0,0,0,0,0,-0.0886782,-0.339617,0.950845,0.540489,0.871402,0.644535,0.03125,0.015625,0.446264
171,2.95312,0.200195,0.117188,0.0055542,0.067791,0.527024,1.28431,1.79031,4.85466,0.223456,0.776517,1.39021,1.57243,0.00502427,0,0,0,0,0,-0.0314431,-0.0403826,0.353005,0.423737,0.987084,0.594798,0.078125,0.00195312,0.432351
172,2.71875,0.71875,0.259766,0.0062561,0.264368,0.604252,1.483,1.82486,5.52941,0.187717,0.611773,1.1164,3.2842,0.00836758,0,0,0,0,0,-0.0258372,-0.0383165,0.368182,0.363353,0.980211,0.675516,0.046875,0,0.407591
173,1.39844,0.460938,-0.229492,0.0013504,0.329609,0.629152,0.820975,0.966145,1.60744,0.106511,0.263376,0.254459,6.24505,0.0141505,0,0,0,0,0,-0.0222465,-0.0182638,0.736365,0.482262,0.91307,0.655633,0.0078125,0.0078125,0.438425
174,1.02344,1.27344,-0.400391,0.185547,1.24427,0.893301,1.32439,0.932731,2.624,0.139373,0.740722,0.690894,0.929516,0.00376859,0,0,0,0,0,-0.0849417,-0.112496,0.999706,0.516955,0.977805,0.505212,-0.0625,-0.0546875,0.527
175,1.44531,-0.474609,0.279297,0.00178528,-0.328378,0.371313,0.37275,0.679155,0.600195,0.123329,0.407731,0.276913,6.61018,0.0148636,0,0,0,0,0,-0.0158135,-0.00589448,0.338112,0.427608,0.981047,0.599862,0.0390625,0.00195312,0.435131
176,3.57812,1.76562,-0.224609,0.488281,0.49345,0.689153,2.47437,2.66139,13.2055,0.359744,0.590546,1.57167,0.321435,0.00258093,0,0,0,0,0,-0.0370404,-0.0916514,0.5468,0.885474,0.566534,0.890609,-0.03125,-0.125,0.621009
177,2.28125,0.175781,0.103516,0.00350952,0.0770548,0.53071,1.00268,1.39059,2.9391,0.187294,0.573371,0.797324,1.74736,0.00536593,0,0,0,0,0,-0.0234782,-0.0235411,0.356974,0.42341,0.98965,0.5913,0.046875,0.00195312,0.429229
178,1.57031,1.79688,0.237305,0.00601196,1.14428,0.873746,1.89604,1.40213,5.56093,0.207279,0.519757,0.728767,3.06054,0.00793074,0,0,0,0,0,-0.0488803,-0.0926788,0.819861,0.523376,0.943456,0.538447,0.03125,-0.0078125,0.456197
179,1.28906,1.17188,0.00369263,0.00224304,0.909091,0.818349,1.29735,1.095,2.88215,0.100267,0.300904,0.329491,0.0779681,0.00210541,0,0,0,0,0,-0.029218,-0.0379061,0.846504,0.534872,0.926753,0.546019,0.015625,0.0078125,0.450716
180,2.10938,0.871094,0.0429688,0.00244141,0.412963,0.660183,1.35044,1.51286,4.11243,0.159383,0.473587,0.716469,0.869626,0.00365161,0,0,0,0,0,-0.0222977,-0.0301118,0.410456,0.36099,0.984467,0.669048,0.046875,0.00390625,0.414588
181,1.51562,3.17188,-0.0561523,0.0742188,2.09278,0.981816,3.18219,1.49047,12.3478,0.268115,0.930815,1.38735,0.206116,0.00235569,0,0,0,0,0,-0.0990151,-0.315085,0.927352,0.571703,0.915824,0.508912,0.078125,-0.046875,0.511005
182,1.25,1.67969,-0.398438,0.296875,1.34375,0.910485,1.73205,1.15363,4.33087,0.175405,0.944945,1.09012,0.731263,0.00338137,0,0,0,0,0,-0.108366,-0.187696,0.999757,0.515606,0.980928,0.503362,-0.078125,-0.0625,0.522476
183,3.20312,4.03125,0.11084,0.0100708,1.25854,0.895901,4.1871,2.9244,26.0839,0.159477,0.656303,1.9193,1.1045,0.00411034,0,0,0,0,0,-0.0656289,-0.274794,0.87176,0.343052,0.955199,1.12866,0.046875,0,0.473188
184,3.57812,0.800781,-0.243164,0.00622559,0.223799,0.588543,1.85921,2.35958,9.02428,0.218671,0.812481,1.91711,3.08183,0.00797233,0,0,0,0,0,-0.0253119,-0.0470601,0.271592,0.398682,0.977911,0.638417,0.078125,-0.00390625,0.419018
185,2.21875,1.88281,-0.283203,0.00280762,0.848592,0.801946,2.12403,1.85543,7.95413,0.261024,0.825776,1.53217,5.34477,0.0123921,0,0,0,0,0,-0.0361068,-0.0766921,0.381183,0.365426,0.93221,0.881689,0.15625,0.015625,0.284092
186,1.16406,0.0917969,-0.0185547,0.0722656,0.0788591,0.531428,0.51269,0.71034,0.767434,0.221963,0.284281,0.201936,0.069022,0.00208793,0,0,0,0,0,-0.0276956,-0.0141993,0.849318,0.545736,0.953919,0.49808,-0.015625,-0.0112305,0.554957
187,2.51562,2.98438,-0.193359,0.00564575,1.18634,0.882255,3.12785,2.26721,14.9237,0.149637,0.795263,1.80303,2.57338,0.00697926,0,0,0,0,0,-0.0818571,-0.256037,0.89733,0.323,0.97481,0.741179,0.03125,0.03125,0.42496
188,1.51562,-0.761719,0.128906,0.00382996,-0.502577,0.307631,0.295195,0.625886,0.478874,0.182018,0.302988,0.189636,2.08294,0.00602137,0,0,0,0,0,0.00371501,0.00109665,0.106891,0.442868,0.978825,0.586103,0.0390625,0,0.336358
189,1.95312,0.550781,-0.0629883,0.00157166,0.282,0.611028,1.08733,1.32117,2.92778,0.131945,0.494027,0.652695,1.58884,0.00505633,0,0,0,0,0,-0.0235632,-0.025621,0.415806,0.388695,0.978137,0.649753,0.046875,0.00390625,0.42556
190,2.01562,1.64062,-0.0247803,0.00317383,0.813953,0.792164,1.87657,1.66648,6.29867,0.133557,0.534503,0.89074,0.43986,0.00281223,0,0,0,0,0,-0.0513204,-0.0963062,0.837041,0.422288,0.966266,0.631606,0.015625,0.0234375,0.429873
191,0.851562,-0.382812,-0.00360107,0.00094986,-0.449541,0.326521,0.182226,0.365631,0.166892,0.0928322,0.139917,0.051158,0.116843,0.00218133,0,0,0,0,0,-0.00409136,-0.000745552,0.25492,0.482834,0.950198,0.581411,0.0078125,-0.00195312,0.426387
192,1.98438,0.0883789,0.349609,0.00421143,0.0445374,0.517762,0.839929,1.18657,2.11343,0.194803,0.551821,0.654775,5.38727,0.0124751,0,0,0,0,0,-0.0235404,-0.0197722,0.371897,0.46093,0.981136,0.562705,0.03125,0.00292969,0.452641
193,1.33594,2.6875,-0.519531,0.503906,2.0117,0.977874,2.69845,1.30987,8.99738,0.230668,1.36998,1.7945,0.731875,0.00338257,0,0,0,0,0,-0.157137,-0.424025,0.999928,0.532727,0.982628,0.483272,-0.140625,-0.09375,0.52082
194,1.47656,-0.466797,0.125977,0.00239563,-0.316138,0.375949,0.387361,0.70019,0.640314,0.156213,0.282824,0.198031,2.57383,0.00698014,0,0,0,0,0,0.00646635,0.00250481,0.199319,0.420921,0.974471,0.618426,0.0390625,-0.00390625,0.366837
195,1.21875,0.245117,0.0251465,0.00302124,0.201122,0.579698,0.615647,0.795878,1.01244,0.135184,0.163238,0.129917,0.457493,0.00284667,0,0,0,0,0,-0.0048621,-0.00299334,0.259663,0.52642,0.902119,0.600562,0.0234375,-0.00488281,0.523807
196,1.64844,2.3125,-0.125977,0.0257568,1.40284,0.919668,2.37382,1.53315,7.98556,0.158667,0.498277,0.763931,0.784953,0.00348624,0,0,0,0,0,-0.048704,-0.115615,0.852121,0.52817,0.962027,0.509854,0.0234375,0.015625,0.471763
197,0.941406,0.124023,-0.0839844,0.0200195,0.131743,0.552406,0.439518,0.592686,0.544453,0.0967435,0.264578,0.156812,0.593569,0.00311244,0,0,0,0,0,-0.0273856,-0.0120365,0.90235,0.583915,0.931335,0.474891,-0.0078125,-0.0117188,0.54253
198,1.36719,-1.09375,-0.0556641,0.0405273,-0.8,0.211855,0.16463,0.434465,0.215863,0.467192,0.429774,0.186722,0.276504,0.00249317,0,0,0,0,0,0.00273971,0.000451039,0.0555739,0.428811,0.985636,0.591482,0.125,-0.0078125,0.231927
199,1.19531,0.636719,-0.0771484,0.161133,0.53268,0.702872,0.857562,0.903998,1.55262,0.129909,0.550056,0.49725,0.192192,0.0023285,0,0,0,0,0,-0.0629626,-0.0539943,0.997889,0.515024,0.971981,0.513726,-0.03125,-0.0429688,0.532574
200,2.79688,3.5625,-0.11377,0.00958252,1.27374,0.898623,3.6952,2.55836,20.1997,0.175216,0.940442,2.40599,1.16221,0.00422307,0,0,0,0,0,-0.0992391,-0.366709,0.919936,0.334454,0.964867,0.757916,0.046875,0.03125,0.429586
201,0.855469,-0.582031,0.0883789,0.00125122,-0.680365,0.248137,0.127645,0.30303,0.108121,0.101068,0.153341,0.0464668,2.49851,0.00683303,0,0,0,0,0,-4.06315e-05,-5.18641e-06,0.00231001,0.492719,0.95758,0.557916,0.015625,0,0.369509
202,1.71875,1.65625,-0.542969,0.00939941,0.963636,0.832386,1.80992,1.47643,5.45567,0.151887,0.390738,0.576898,5.60047,0.0128915,0,0,0,0,0,-0.0401686,-0.072702,0.896205,0.516244,0.932814,0.563152,0.015625,0.0078125,0.453637
203,1.60938,-0.394531,0.308594,0.0319824,-0.245146,0.403172,0.463611,0.804335,0.86189,0.362818,0.366533,0.294816,1.72557,0.00532337,0,0,0,0,0,0.00396787,0.00183955,0.0943738,0.422447,0.979478,0.608212,0.0703125,-0.0175781,0.246933
204,2.21875,1.78125,-0.0327148,0.00848389,0.802817,0.78896,2.04692,1.82774,7.53052,0.13312,0.277276,0.50679,0.355179,0.00264683,0,0,0,0,0,-0.0268683,-0.0549972,0.844763,0.450332,0.905407,0.755207,0.03125,0,0.52487
205,1.09375,0.816406,-0.0272217,0.00439453,0.746429,0.772296,0.962214,0.884613,1.7084,0.152239,0.256513,0.226915,0.410638,0.00275515,0,0,0,0,0,-0.0241034,-0.0231926,0.819172,0.565278,0.874597,0.583979,0.0234375,-0.0117188,0.49754
206,2.01562,2.21875,-0.570312,0.0169678,1.10078,0.864503,2.35878,1.7827,8.74185,0.171632,0.511057,0.911059,4.37825,0.0105044,0,0,0,0,0,-0.0542789,-0.128032,0.92591,0.452481,0.953902,0.615275,0.015625,0.015625,0.454262
207,1.46094,-0.171875,0.257812,0.00233459,-0.117647,0.453174,0.499902,0.794138,0.880557,0.160816,0.259859,0.206364,5.33578,0.0123746,0,0,0,0,0,0.000974479,0.000487144,0.032692,0.498677,0.950888,0.559906,0.0234375,-0.00390625,0.349873
208,1.42188,0.992188,-0.026001,0.0014267,0.697802,0.75735,1.19838,1.13214,2.71785,0.0920117,0.239575,0.271232,0.688373,0.0032976,0,0,0,0,0,-0.0182601,-0.0218825,0.664458,0.528673,0.938178,0.538587,0.0234375,0.00390625,0.454912
209,1.70312,-0.542969,0.111816,0.00424194,-0.318807,0.374936,0.445149,0.806024,0.847832,0.190959,0.323765,0.260962,1.71681,0.00530628,0,0,0,0,0,0.00576664,0.00256702,0.155275,0.443698,0.971426,0.596544,0.046875,-0.00390625,0.328615
210,1.40625,2.15625,-0.0512695,0.0366211,1.53333,0.937403,2.194,1.33118,6.58566,0.228777,0.686241,0.913512,0.267913,0.00247639,0,0,0,0,0,-0.0704183,-0.154497,0.894573,0.633312,0.884538,0.456179,-0.0078125,0,0.528379
211,1.17969,2.32812,-0.269531,0.378906,1.97351,0.975781,2.33857,1.15509,6.80312,0.199892,1.19313,1.37817,0.437868,0.00280834,0,0,0,0,0,-0.136847,-0.320026,0.999901,0.518243,0.982419,0.49897,-0.117188,-0.078125,0.518849
212,1.39062,1.19531,-0.365234,0.100098,0.859551,0.804982,1.34283,1.16712,3.16537,0.279391,0.769739,0.898377,1.15441,0.00420783,0,0,0,0,0,-0.0823653,-0.110603,0.932841,0.554847,0.94014,0.502283,-0.03125,-0.0390625,0.518858
213,1.90625,1.07031,-0.0279541,0.0566406,0.561475,0.712763,1.40929,1.45434,4.10121,0.347699,0.379141,0.5514,0.117458,0.00218253,0,0,0,0,0,-0.0131643,-0.0185524,0.302694,0.490122,0.87984,0.760097,0.078125,-0.015625,0.555148
214,1.39062,0.707031,0.0241699,0.0100098,0.508427,0.694423,0.974932,1.04138,2.03497,0.142411,0.162572,0.1693,0.241581,0.00242496,0,0,0,0,0,-0.0117997,-0.0115039,0.632749,0.561361,0.899834,0.546525,0.015625,0,0.518744
215,2.15625,2.78125,-0.090332,0.00497437,1.28986,0.90145,2.8808,1.97637,12.205,0.10655,0.673738,1.33155,1.28078,0.00445464,0,0,0,0,0,-0.0740766,-0.2134,0.958511,0.359991,0.958828,0.737595,0.03125,0.015625,0.443358
216,0.9375,-0.296875,0.0800781,0.0153198,-0.316667,0.375748,0.245763,0.44439,0.257882,0.198158,0.180167,0.0800646,0.646974,0.00321675,0,0,0,0,0,-0.00605252,-0.00148749,0.292865,0.54495,0.947019,0.506773,0.00390625,0.015625,0.510841
217,1.75,1.97656,-0.0761719,0.00830078,1.12946,0.870649,2.09084,1.5575,6.79741,0.141477,0.462139,0.71978,0.836056,0.00358605,0,0,0,0,0,-0.0482671,-0.100919,0.91051,0.474366,0.961998,0.574102,0.015625,0.015625,0.451717
218,2.32812,0.765625,0.0296631,0.00285339,0.328859,0.628869,1.36565,1.6079,4.45036,0.161619,0.624416,1.004,0.55531,0.00303771,0,0,0,0,0,-0.0347518,-0.0474588,0.485189,0.405333,0.974993,0.636015,0.0625,0.00390625,0.410937
219,0.859375,2.09375,0.0240479,0.15918,2.43636,0.992582,2.09592,0.853431,5.12121,0.147623,0.721596,0.615832,0.0602743,0.00207085,0,0,0,0,0,-0.0826352,-0.173196,0.998338,0.610873,0.892692,0.480303,0.0390625,-0.0625,0.489095
220,0.980469,-0.605469,0.00744629,0.0145874,-0.61753,0.268443,0.161125,0.367429,0.160966,0.274573,0.326138,0.119833,0.0616525,0.00207354,0,0,0,0,0,0.00452971,0.00072985,0.121081,0.453807,0.96961,0.587401,0.117188,-0.03125,0.183623
221,1.67188,1.67188,0.0991211,0.00312805,1,0.841345,1.81252,1.44712,5.37937,0.171808,0.535959,0.775595,1.77227,0.00541458,0,0,0,0,0,-0.0486583,-0.0881941,0.791467,0.483939,0.955582,0.571741,0.03125,0.015625,0.407133
222,2.09375,1.30469,0.117676,0.0233154,0.623134,0.733402,1.64594,1.62816,5.36001,0.227009,0.324793,0.528814,0.770665,0.00345833,0,0,0,0,0,-0.0259946,-0.0427854,0.697722,0.548185,0.847375,0.983579,0.078125,-0.0546875,0.498969
223,1.21094,-0.886719,-0.863281,0.0296631,-0.732258,0.232006,0.16556,0.409237,0.194885,0.438701,0.479745,0.196329,5.01238,0.0117429,0,0,0,0,0,0.00270655,0.000448096,0.0491828,0.428299,0.956146,0.643647,0.148438,-0.046875,0.195763
224,1.96094,1.96094,-0.310547,0.013855,1,0.841345,2.1259,1.69732,7.40034,0.163566,0.263081,0.446532,2.6383,0.00710606,0,0,0,0,0,-0.0259167,-0.0550962,0.858809,0.447141,0.927222,0.682937,0.0234375,0,0.546863
225,1.39062,2,-0.233398,0.0294189,1.4382,0.924812,2.04783,1.29946,5.8822,0.175948,0.454368,0.590434,1.36077,0.00461088,0,0,0,0,0,-0.0462841,-0.0947818,0.888036,0.521074,0.962316,0.517827,0.0234375,0,0.485826
226,2.29688,1.80469,-0.0610352,0.00939941,0.785714,0.783983,2.08916,1.88156,7.90487,0.130386,0.280404,0.527596,0.629549,0.00318271,0,0,0,0,0,-0.0275188,-0.0574913,0.855565,0.440681,0.929706,0.687729,0.015625,0,0.518121
227,1.48438,-1.04688,0.458984,0.0495605,-0.705263,0.240323,0.212589,0.514092,0.309485,0.467329,0.456561,0.234714,2.06172,0.00597992,0,0,0,0,0,0.00869269,0.00184797,0.165983,0.420487,0.97122,0.624697,0.109375,-0.0507812,0.147992
228,1.28125,1.51562,-0.279297,0.287109,1.18293,0.881581,1.58933,1.15385,3.85736,0.171384,0.888889,1.02565,0.521246,0.00297118,0,0,0,0,0,-0.101929,-0.161999,0.999668,0.521526,0.980082,0.497847,-0.0703125,-0.0625,0.525758
229,2.09375,1.125,0.150391,0.0289307,0.537313,0.704474,1.5095,1.58569,4.79301,0.287942,0.281626,0.446572,0.884182,0.00368004,0,0,0,0,0,-0.0164914,-0.0248938,0.510497,0.439819,0.918254,0.726859,0.0625,-0.0546875,0.456369
230,0.933594,7.4375,-0.878906,3.35938,7.96653,1,7.4375,0.933594,56.188,0.570092,3.12947,2.92165,0.479527,0.0028897,0,0,0,1,0,-0.358938,-2.6696,0.999898,0.542005,0.996768,0.460749,-0.316406,-0.28125,0.508068
231,2.48438,2.96875,-0.00686646,0.00732422,1.19497,0.88395,3.10733,2.24336,14.6881,0.0913406,0.401995,0.901819,0.0802328,0.00210983,0,0,0,0,0,-0.0440963,-0.137022,0.956286,0.382595,0.971795,1.27307,0.03125,0,0.515601
232,2.28125,2.625,0.466797,0.00311279,1.15068,0.875069,2.76693,2.0398,11.8167,0.170442,0.800993,1.63387,8.36667,0.0182943,0,0,0,0,0,-0.0699912,-0.193661,0.761766,0.531141,0.917005,0.56628,0.03125,0.03125,0.446626
233,1.16406,0.636719,-0.40625,0.142578,0.54698,0.707804,0.847781,0.884186,1.50052,0.126629,0.53723,0.475011,1.07589,0.00405447,0,0,0,0,0,-0.0613821,-0.0520386,0.996067,0.513685,0.969293,0.518293,-0.03125,-0.0429688,0.531751
234,2.54688,2.39062,-0.259766,0.0146484,0.93865,0.826045,2.62759,2.17655,11.6416,0.203524,0.373915,0.813844,2.14628,0.00614507,0,0,0,0,0,-0.0352012,-0.0924945,0.820713,0.514607,0.85744,0.862279,0.0625,-0.03125,0.568357
235,0.910156,1.13281,-0.287109,0.126953,1.24464,0.893367,1.1781,0.829527,2.07603,0.123653,0.609531,0.505622,0.805797,0.00352695,0,0,0,0,0,-0.0697953,-0.0822258,0.998246,0.524676,0.976466,0.498166,-0.0546875,-0.046875,0.528252
236,1.10156,0.0147095,-0.28125,0.0228271,0.0133533,0.505327,0.449084,0.646643,0.619823,0.0993642,0.259167,0.167589,1.86152,0.0055889,0,0,0,0,0,-0.027298,-0.0122591,0.918242,0.581711,0.931689,0.477341,-0.0078125,-0.00482178,0.548987
237,1.21094,0.980469,-0.40625,0.201172,0.809677,0.790937,1.12346,0.99978,2.26173,0.142458,0.677041,0.676892,0.905753,0.00372217,0,0,0,0,0,-0.0776303,-0.0872148,0.999592,0.518461,0.977688,0.503688,-0.046875,-0.0507812,0.531598
238,1.57812,-0.392578,-0.0554199,0.0130615,-0.248762,0.401772,0.45254,0.786621,0.823566,0.317019,0.35358,0.278133,0.484919,0.00290023,0,0,0,0,0,0.0027764,0.00125643,0.0684543,0.44394,0.976226,0.588798,0.078125,-0.0117188,0.233976
239,1.20312,0.679688,-0.141602,0.15918,0.564935,0.713941,0.892633,0.918875,1.64112,0.130898,0.55821,0.512925,0.354915,0.00264632,0,0,0,0,0,-0.0639102,-0.0570484,0.998113,0.526479,0.966467,0.50686,-0.03125,-0.0390625,0.534976
240,1.16406,2.45312,-0.308594,0.388672,2.10738,0.982458,2.46076,1.14536,7.36718,0.203553,1.24088,1.42126,0.494989,0.0029199,0,0,0,0,0,-0.142321,-0.350218,0.999874,0.519882,0.98091,0.498767,-0.125,-0.09375,0.518855
241,0.566406,-0.523438,-0.213867,0.00549316,-0.924138,0.177707,0.0538948,0.160223,0.0285762,0.121923,0.150977,0.02419,2.88558,0.00758902,0,0,0,0,0,0.00235431,0.000126885,0.135944,0.592857,0.892962,0.507139,0.015625,-0.0117188,0.466784
242,1.46094,-0.419922,0.234375,0.00153351,-0.287433,0.38689,0.39846,0.707704,0.659616,0.127905,0.270124,0.191168,5.98506,0.0136427,0,0,0,0,0,0.00734502,0.0029267,0.237048,0.43467,0.960673,0.626262,0.0390625,-0.00390625,0.35878
243,2.14062,0.605469,-0.0388184,0.00215149,0.282847,0.611353,1.19287,1.44855,3.52122,0.122293,0.377029,0.546144,0.836888,0.00358767,0,0,0,0,0,-0.0105303,-0.0125613,0.243485,0.395415,0.953234,0.698268,0.0625,-0.0078125,0.394511
244,1.03125,6.4375,-0.679688,1.51562,6.24242,1,6.4375,1.03125,42.5049,0.389851,2.7828,2.86977,0.552094,0.00303143,0,0,0,1,0,-0.319105,-2.05424,0.999671,0.526777,0.990664,0.481833,-0.28125,-0.21875,0.5106
245,0.96875,-0.332031,0.189453,0.00141144,-0.342742,0.365896,0.2448,0.450372,0.262762,0.10791,0.176125,0.0793218,5.04279,0.0118023,0,0,0,0,0,-0.00127997,-0.000313337,0.0633555,0.509022,0.93238,0.574001,0.0117188,0.00195312,0.402441
246,3.32812,0.402344,-0.275391,0.00439453,0.120892,0.548112,1.53576,2.08195,6.69307,0.178193,0.739541,1.53969,4.15425,0.0100669,0,0,0,0,0,-0.021854,-0.0335625,0.257618,0.32009,0.975137,0.74416,0.078125,-0.00390625,0.373649
247,1.52344,-0.832031,-0.269531,0.0233154,-0.546154,0.29248,0.276526,0.607812,0.445902,0.384941,0.467972,0.284439,1.76517,0.00540073,0,0,0,0,0,0.00358802,0.000992179,0.0668407,0.43063,0.965681,0.622195,0.148438,-0.0351562,0.206105
248,1.15625,1.73438,-0.298828,0.294922,1.5,0.933193,1.76847,1.08952,4.31455,0.17442,0.963176,1.0494,0.55026,0.00302785,0,0,0,0,0,-0.110467,-0.195358,0.999849,0.513558,0.982635,0.503768,-0.0859375,-0.0703125,0.521608
249,1.30469,1.27344,-0.351562,0.271484,0.976048,0.83548,1.38774,1.12364,3.18838,0.165483,0.817396,0.91846,0.67473,0.00327096,0,0,0,0,0,-0.0937115,-0.130047,0.999463,0.518846,0.980223,0.500599,-0.0625,-0.0625,0.527622
250,1.60156,1.72656,-0.121094,0.00778198,1.07805,0.859494,1.84312,1.40952,5.38384,0.185874,0.521903,0.735635,1.3727,0.00463419,0,0,0,0,0,-0.0530532,-0.0977834,0.886193,0.570489,0.878231,0.567188,0.046875,-0.0390625,0.488176
251,1.1875,0.996094,-0.265625,0.178711,0.838816,0.799214,1.12799,0.989854,2.25218,0.140191,0.649888,0.643295,0.628338,0.00318035,0,0,0,0,0,-0.0743151,-0.0838269,0.996885,0.526189,0.976434,0.49654,-0.046875,-0.0507812,0.532236
252,2.6875,3.20312,0.00817871,0.00756836,1.19186,0.883342,3.35425,2.42509,17.132,0.0926984,0.435009,1.05494,0.0940122,0.00213674,0,0,0,0,0,-0.0475624,-0.159536,0.953176,0.264756,0.971362,1.08815,0.03125,0.015625,0.514023
253,1.14844,1.49219,-0.171875,0.0524902,1.29932,0.903083,1.54435,1.05389,3.49569,0.326533,0.612572,0.645585,0.750194,0.00341835,0,0,0,0,0,-0.0678647,-0.104807,0.965814,0.577851,0.887854,0.538289,-0.0390625,-0.03125,0.522349
254,2.54688,2.8125,0.00982666,0.010376,1.10429,0.865267,2.98814,2.25428,14.0107,0.101997,0.391135,0.881727,0.0964698,0.00214154,0,0,0,0,0,-0.0428274,-0.127974,0.954557,0.532774,0.951789,1.38739,0.03125,0,0.518572
255,2.29688,1.16406,-0.0306396,0.00285339,0.506803,0.693853,1.6079,1.71877,5.53953,0.181714,0.694577,1.19382,0.573592,0.00307342,0,0,0,0,0,-0.0377886,-0.0607604,0.474293,0.420844,0.970296,0.625935,0.078125,0,0.438925
256,1.19531,-0.320312,0.00921631,0.00193787,-0.267974,0.39436,0.334443,0.587428,0.456923,0.127172,0.197579,0.116064,0.209361,0.00236203,0,0,0,0,0,0.00417979,0.0013979,0.184425,0.462667,0.949453,0.609569,0.0234375,-0.00195312,0.340814
257,2.23438,1.28125,-0.0810547,0.0291748,0.573427,0.716822,1.67215,1.71093,5.72338,0.285518,0.354307,0.606195,0.474541,0.00287996,0,0,0,0,0,-0.0258185,-0.0431725,0.635269,0.337593,0.95733,0.782832,0.0625,-0.0390625,0.441666
258,2.4375,0.211914,-0.115723,0.00418091,0.0869391,0.53464,1.0834,1.49455,3.40742,0.234386,0.616225,0.920977,1.78971,0.00544866,0,0,0,0,0,-0.0246606,-0.0267173,0.348875,0.433162,0.985873,0.586404,0.0625,0.000976562,0.425648
259,3.10938,0.523438,-0.227539,0.00622559,0.168342,0.566843,1.50859,2.00015,6.27641,0.232538,0.82896,1.65804,2.8838,0.00758556,0,0,0,0,0,-0.0307669,-0.0464145,0.323561,0.375965,0.976005,0.669515,0.078125,0,0.417647
260,0.78125,-0.186523,0.155273,0.00152588,-0.23875,0.40565,0.226865,0.392293,0.205362,0.114164,0.172199,0.0675526,3.975,0.0097168,0,0,0,0,0,-0.00674746,-0.00153076,0.341599,0.497815,0.952944,0.558074,0.0078125,0,0.442066
261,1.3125,1.41406,0.196289,0.0057373,1.07738,0.859345,1.50971,1.15495,3.61314,0.157005,0.380595,0.43957,2.59145,0.00701454,0,0,0,0,0,-0.0329912,-0.0498071,0.755686,0.542069,0.942872,0.515267,0.015625,0.0078125,0.456438
262,2.53125,2.82812,0.000602722,0.0108643,1.11728,0.868064,2.9979,2.24681,14.0356,0.105432,0.389636,0.875438,0.00578252,0.00196442,0,0,0,0,0,-0.0427776,-0.128243,0.957114,0.567111,0.951794,1.42879,0.046875,0,0.51859
263,1.10938,2.57812,-0.279297,0.380859,2.32394,0.989936,2.58176,1.09969,7.8748,0.202849,1.27487,1.40196,0.452568,0.00283705,0,0,0,0,0,-0.146215,-0.377491,0.999839,0.52015,0.97926,0.500192,-0.132812,-0.09375,0.518609
264,2.32812,2.70312,-0.154297,0.00482178,1.16107,0.877194,2.84446,2.0865,12.4444,0.119992,0.709118,1.47957,2.22205,0.00629306,0,0,0,0,0,-0.0718972,-0.204509,0.883894,0.45774,0.945066,0.624635,0.03125,0.015625,0.441498
265,1.22656,-0.046875,0.0986328,0.00292969,-0.0382166,0.484758,0.468417,0.698427,0.707215,0.16913,0.252078,0.176058,1.82226,0.00551223,0,0,0,0,0,-0.00346834,-0.00162463,0.119948,0.487275,0.961803,0.558687,0.0234375,-0.000244141,0.381087
266,3.01562,3.375,-0.0140991,0.012146,1.11917,0.868466,3.57644,2.67786,19.9618,0.16576,0.464356,1.24348,0.127931,0.00220299,0,0,0,0,0,-0.049734,-0.177871,0.933704,0.390764,0.96472,0.675961,0.0625,-0.015625,0.515729
267,0.796875,-0.558594,0.157227,0.00131226,-0.70098,0.241658,0.114948,0.27706,0.0899752,0.109433,0.145195,0.0402278,4.34027,0.0104302,0,0,0,0,0,-0.000862373,-9.91281e-05,0.0517784,0.514139,0.969081,0.51802,0.0078125,0,0.429151
268,0.949219,-0.244141,0.11084,0.00198364,-0.257202,0.398512,0.269293,0.470209,0.293616,0.146028,0.201756,0.0948678,2.48865,0.00681377,0,0,0,0,0,-0.00367565,-0.000989826,0.158823,0.487754,0.970388,0.546646,0.015625,-0.000976562,0.403406
269,1.35938,1.83594,-0.166016,0.0380859,1.35057,0.911584,1.89215,1.25568,5.15696,0.177893,0.503551,0.632301,0.850681,0.00361461,0,0,0,0,0,-0.05296,-0.100208,0.916878,0.576486,0.939875,0.475438,0.0390625,-0.0234375,0.501407
270,1.1875,-0.347656,0.216797,0.00288391,-0.292763,0.384852,0.321588,0.572978,0.431723,0.16729,0.229493,0.131495,4.03703,0.00983795,0,0,0,0,0,-0.00333646,-0.00107297,0.126742,0.501209,0.968347,0.533713,0.0234375,0,0.399792
271,1.09375,0.0791016,-0.24707,0.00915527,0.0723214,0.528827,0.478147,0.664858,0.67066,0.179213,0.176331,0.117235,2.58217,0.00699643,0,0,0,0,0,-0.00242603,-0.00116,0.119943,0.569763,0.836268,0.681435,0.0234375,-0.012207,0.63736
272,2.21875,2.89062,-0.229492,0.00616455,1.30282,0.903681,2.99078,2.03699,13.0941,0.140048,0.732502,1.4921,2.92292,0.00766196,0,0,0,0,0,-0.0750139,-0.22435,0.892771,0.385131,0.961905,0.690637,0.03125,0.015625,0.4425
273,0.820312,8.6875,-1.17188,5,10.5905,1,8.6875,0.820312,76.1456,0.691801,3.60092,2.95388,0.524078,0.00297672,0,0,0,1,0,-0.412957,-3.58757,0.999766,0.531074,0.997491,0.471157,-0.375,-0.375,0.50669
274,2.9375,1.39062,0.3125,0.00946045,0.473404,0.682038,1.99381,2.16515,8.66318,0.196445,0.57657,1.24836,3.21288,0.00822828,0,0,0,0,0,-0.0240823,-0.0480157,0.364127,0.431683,0.964762,0.62254,0.109375,0,0.417035
275,1.07031,0.275391,-0.109863,0.0302734,0.257299,0.601526,0.579,0.716186,0.848164,0.112068,0.318775,0.228302,0.631425,0.00318638,0,0,0,0,0,-0.0333573,-0.0193139,0.912249,0.593291,0.925485,0.468849,-0.0078125,-0.015625,0.543699
276,1.21875,-0.376953,-0.225586,0.00534058,-0.309295,0.378549,0.322749,0.580882,0.441591,0.197325,0.293815,0.170672,3.08687,0.00798216,0,0,0,0,0,0.00419288,0.00135325,0.124407,0.355121,0.961546,0.736419,0.09375,-0.0136719,0.344748
277,1.45312,0.75,0.239258,0.0030365,0.516129,0.697118,1.02589,1.09199,2.24488,0.133384,0.200622,0.219077,4.3419,0.0104334,0,0,0,0,0,-0.0117307,-0.0120344,0.509745,0.439467,0.935681,0.673709,0.0078125,0.00390625,0.492355
278,1.27344,1.48438,-0.128906,0.0217285,1.16564,0.878121,1.56083,1.14243,3.74135,0.171687,0.478396,0.546532,0.874498,0.00366113,0,0,0,0,0,-0.0499083,-0.0778986,0.909478,0.552793,0.91407,0.538431,0.0390625,-0.03125,0.490885
279,1.71094,-0.664062,0.225586,0.0192871,-0.388128,0.348961,0.404206,0.76894,0.75465,0.32956,0.413092,0.317643,1.62435,0.00512568,0,0,0,0,0,0.00159727,0.000645625,0.0337084,0.457309,0.983652,0.563291,0.109375,-0.0351562,0.183039
280,1.13281,0.855469,0.110352,0.00747681,0.755172,0.774927,1.0041,0.918806,1.85242,0.134399,0.211079,0.19394,1.2762,0.00444571,0,0,0,0,0,-0.0203025,-0.0203857,0.838514,0.564238,0.91691,0.51805,0.0078125,-0.00390625,0.487773
281,1.1875,0.605469,0.155273,0.00300598,0.509868,0.694928,0.833618,0.889852,1.48676,0.123499,0.27229,0.242298,2.83207,0.00748451,0,0,0,0,0,-0.0250606,-0.0208909,0.802353,0.593295,0.896345,0.502094,-0.0078125,0.0078125,0.47787
282,1.28906,2.39062,-0.253906,0.425781,1.85455,0.968169,2.40677,1.25288,7.36226,0.211666,1.24075,1.55451,0.389117,0.00271312,0,0,0,0,0,-0.142308,-0.342504,0.999891,0.519235,0.980394,0.500001,-0.117188,-0.078125,0.520339
283,1.4375,1.99219,-0.25,0.0317383,1.38587,0.917107,2.0476,1.33397,5.97215,0.157387,0.476465,0.635592,1.40329,0.00469393,0,0,0,0,0,-0.0507475,-0.103911,0.928518,0.575796,0.91787,0.500706,0.03125,-0.0078125,0.49705
284,1.36719,1.21875,-0.235352,0.283203,0.891429,0.81365,1.35534,1.15723,3.17613,0.168724,0.809608,0.936902,0.44225,0.00281689,0,0,0,0,0,-0.0928184,-0.125801,0.999461,0.509595,0.978892,0.512076,-0.0546875,-0.0625,0.529331
285,2.09375,2.26562,-0.175781,0.00994873,1.08209,0.860394,2.41677,1.8443,9.24224,0.251666,0.678795,1.2519,1.76234,0.00539519,0,0,0,0,0,-0.0564569,-0.136443,0.725079,0.43355,0.939228,0.674435,0.046875,0,0.499971
286,2.64062,1.97656,0.0598145,0.024292,0.748521,0.772927,2.32725,2.13716,9.98354,0.210413,0.335775,0.717603,0.383773,0.00270268,0,0,0,0,0,-0.0343515,-0.0799448,0.891877,0.373667,0.942549,0.775139,0.0625,-0.0390625,0.515148
287,3.1875,3.92188,0.476562,0.275391,1.23039,0.890725,4.08408,2.90003,25.0899,0.211103,0.485091,1.40678,0.908124,0.00372681,0,0,0,0,0,-0.0553236,-0.225946,0.994246,1.61014,0.613952,2.01733,0.0625,-0.0625,0.57233
288,0.898438,-0.523438,0.241211,0.013916,-0.582609,0.280078,0.155196,0.347237,0.144659,0.258726,0.263656,0.091551,2.04475,0.00594677,0,0,0,0,0,0.00345462,0.000536143,0.114227,0.440587,0.953366,0.632394,0.0859375,-0.0234375,0.222656
289,1.13281,-0.605469,0.314453,0.00195312,-0.534483,0.296504,0.208804,0.456542,0.25203,0.143225,0.199966,0.0912931,7.11526,0.0158501,0,0,0,0,0,6.01191e-05,1.25531e-05,0.00262097,0.510292,0.950041,0.546338,0.0234375,0,0.425153
290,1.33594,0.753906,0.243164,0.00473022,0.564327,0.713734,0.990554,1.02012,2.02184,0.127411,0.155135,0.158256,3.53556,0.00885852,0,0,0,0,0,-0.0116372,-0.0115273,0.65395,0.537816,0.931784,0.534961,0.0078125,0.00390625,0.512523
291,3.59375,0.929688,-0.285156,0.00842285,0.258696,0.602065,1.94729,2.40618,9.58165,0.228019,0.778712,1.87373,3.10709,0.00802165,0,0,0,0,0,-0.0272626,-0.053088,0.305208,0.365415,0.979705,0.674173,0.0625,0,0.38947
292,1.17969,-0.294922,0.119141,0.0027771,-0.25,0.401294,0.337756,0.587484,0.459216,0.162322,0.20386,0.119765,2.26081,0.00636877,0,0,0,0,0,-0.00394136,-0.00133122,0.168547,0.521158,0.963629,0.516207,0.0078125,0,0.446115
293,3.23438,3.5625,-0.189453,0.0130005,1.10145,0.864649,3.78688,2.86102,22.526,0.156779,0.508172,1.45389,1.66158,0.0051984,0,0,0,0,0,-0.0521407,-0.197451,0.894484,0.708801,0.736923,0.950124,0.046875,0.015625,0.512856
294,1.3125,1.79688,-0.337891,0.34375,1.36905,0.914508,1.84922,1.2153,4.89657,0.188014,1.02182,1.24182,0.576308,0.00307873,0,0,0,0,0,-0.117194,-0.216717,0.999854,0.512209,0.981732,0.506174,-0.0859375,-0.0703125,0.522917
295,1.375,1.08594,-0.00964355,0.0183105,0.789773,0.78517,1.25489,1.12787,2.84684,0.169605,0.225206,0.254002,0.0712667,0.00209232,0,0,0,0,0,-0.0235517,-0.0295549,0.911696,0.529422,0.907217,0.585767,0.03125,-0.0234375,0.524726
296,1.04688,0.244141,-0.0235596,0.0016098,0.233209,0.5922,0.550242,0.693181,0.783266,0.126757,0.193764,0.134313,0.587193,0.00309999,0,0,0,0,0,-0.00517476,-0.00284737,0.232822,0.502445,0.937926,0.574394,0.015625,0,0.435819
297,1.58594,1.57031,0.0588379,0.00145721,0.990148,0.838949,1.706,1.3699,4.78704,0.0794493,0.475927,0.65197,1.54133,0.00496353,0,0,0,0,0,-0.0495639,-0.084556,0.907888,0.479699,0.922962,0.636657,0.015625,0.015625,0.436048
298,0.949219,0.261719,-0.0344238,0.0617676,0.27572,0.608618,0.524641,0.640316,0.685253,0.0949226,0.347423,0.222461,0.138509,0.00222365,0,0,0,0,0,-0.0394175,-0.02068,0.989092,0.54341,0.947113,0.508573,-0.015625,-0.0214844,0.540886
299,1.4375,1.50781,-0.00346375,0.0612793,1.04891,0.852891,1.61852,1.25723,4.20023,0.292423,0.843916,1.061,0.0139923,0.00198045,0,0,0,0,0,-0.0903754,-0.146274,0.933594,0.59489,0.889262,0.508892,-0.0390625,-0.0390625,0.525651
300,2.67188,3.39062,0.3125,0.00497437,1.26901,0.897781,3.5184,2.44257,18.3453,0.257606,1.04646,2.55605,4.43079,0.010607,0,0,0,0,0,-0.0925622,-0.325671,0.771115,0.362013,0.98921,0.658166,0.046875,0.046875,0.423455
301,1.91406,1.97656,-0.128906,0.00340271,1.03265,0.849117,2.12849,1.66823,7.31349,0.119291,0.520665,0.868591,2.20984,0.00626923,0,0,0,0,0,-0.0542599,-0.115492,0.908504,0.415025,0.963155,0.647065,0.0234375,0.015625,0.426593
302,1.33594,-0.361328,0.34375,0.00340271,-0.270468,0.3934,0.372582,0.655328,0.568272,0.182078,0.276529,0.181217,5.89292,0.0134627,0,0,0,0,0,0.00130353,0.00048567,0.0410947,0.452584,0.974131,0.582004,0.0390625,0,0.362166
303,1.53125,1.33594,-0.0869141,0.00271606,0.872449,0.808518,1.49362,1.29063,3.89663,0.136547,0.320487,0.413629,1.66771,0.00521037,0,0,0,0,0,-0.0351252,-0.0524638,0.955467,0.594176,0.8617,0.552554,0.015625,0,0.441471
304,3.15625,1.03906,-0.0098877,0.00411987,0.329208,0.629001,1.85212,2.18018,8.18355,0.210921,0.841151,1.83386,0.154047,0.002254,0,0,0,0,0,-0.0375726,-0.0695889,0.389407,0.354186,0.988101,0.669053,0.09375,0.0078125,0.425108
305,2.17188,2.51562,-0.000896454,0.00427246,1.15827,0.876624,2.64836,1.94526,10.7978,0.102261,0.62385,1.21355,0.0137148,0.00197991,0,0,0,0,0,-0.0650103,-0.17217,0.908466,0.542212,0.94485,0.512722,0.015625,0.03125,0.449812
306,1.44531,0.902344,0.057373,0.0507812,0.624324,0.733793,1.13749,1.12433,2.55802,0.213311,0.592681,0.666371,0.254599,0.00245039,0,0,0,0,0,-0.0616383,-0.0701132,0.906643,0.571199,0.929323,0.493536,-0.0234375,-0.0390625,0.543432
307,1.17969,0.550781,-0.0703125,0.139648,0.466887,0.67971,0.795806,0.866954,1.38492,0.12581,0.527775,0.457557,0.188154,0.00232061,0,0,0,0,0,-0.0602642,-0.0479586,0.995445,0.514858,0.968446,0.517928,-0.03125,-0.0390625,0.531761
308,1.3125,1.21875,-0.0981445,0.0137939,0.928571,0.823444,1.34279,1.11934,3.05601,0.147285,0.264924,0.296541,0.835645,0.00358524,0,0,0,0,0,-0.0265629,-0.0356685,0.874101,0.527967,0.902188,0.597734,0.0078125,0.0078125,0.468701
309,1.15625,0.535156,-0.204102,0.0683594,0.462838,0.67826,0.77701,0.848174,1.32314,0.145043,0.433846,0.367977,0.780634,0.0034778,0,0,0,0,0,-0.0477395,-0.0370941,0.959288,0.54774,0.950292,0.499656,-0.015625,-0.0234375,0.545466
310,1.84375,1.58594,-0.0810547,0.00546265,0.860169,0.805152,1.78125,1.54773,5.56833,0.137166,0.461073,0.713618,1.09667,0.00409506,0,0,0,0,0,-0.046816,-0.083391,0.885179,0.563935,0.936792,0.494523,0.015625,0.0234375,0.450564
311,4.21875,1.86719,0.789062,0.0234375,0.442593,0.67097,2.78058,3.06647,17.1349,0.385213,0.789832,2.422,5.15413,0.0120198,0,0,0,0,0,-0.0229997,-0.0639525,0.25386,0.266735,0.972807,0.840519,0.0625,0,0.424552
312,1.14844,3.46875,-0.632812,0.46875,3.02041,0.998738,3.46913,1.14719,13.3509,0.265496,1.56698,1.79763,0.924282,0.00375836,0,0,0,1,0,-0.179495,-0.62269,0.998606,0.545313,0.98414,0.468487,-0.15625,-0.125,0.51355
313,0.699219,-0.386719,-0.421875,0.010437,-0.553073,0.290107,0.125754,0.277302,0.0927102,0.155904,0.171058,0.0474346,4.12948,0.0100185,0,0,0,0,0,-0.00205449,-0.00025836,0.104705,0.604817,0.867591,0.523327,-0.0078125,-0.00390625,0.487526
314,1.21094,2.5,-0.279297,0.402344,2.06452,0.980516,2.50883,1.18959,7.70935,0.209512,1.25846,1.49706,0.440319,0.00281312,0,0,0,0,0,-0.144326,-0.362088,0.999793,0.517724,0.980232,0.501805,-0.125,-0.09375,0.520072
315,1.20312,1.27344,0.141602,0.00576782,1.05844,0.855073,1.36443,1.0544,2.97342,0.136928,0.390193,0.41142,1.8645,0.00559472,0,0,0,0,0,-0.0384791,-0.0525018,0.859709,0.54942,0.918636,0.536858,0.0234375,-0.015625,0.480725
316,2.65625,3.14062,-0.283203,0.00634766,1.18235,0.881467,3.29366,2.39183,16.569,0.160193,0.838683,2.00598,3.5546,0.00889571,0,0,0,0,0,-0.0862013,-0.283918,0.896031,0.335058,0.969282,0.741748,0.046875,0.03125,0.426438
317,1.28125,0.433594,0.355469,0.015625,0.338415,0.632475,0.759372,0.888668,1.36638,0.194996,0.221543,0.196878,2.84375,0.00750732,0,0,0,0,0,-0.0118323,-0.00898514,0.465608,0.717353,0.706495,0.589317,0.0546875,-0.046875,0.432935
318,1.19531,0.46875,0.300781,0.00196838,0.392157,0.652529,0.749395,0.849285,1.28288,0.117454,0.167847,0.14255,6.77947,0.0151943,0,0,0,0,0,-0.00800439,-0.00599845,0.415739,0.550231,0.883369,0.595108,0.0078125,0.00195312,0.488637
319,1.34375,1.25781,-0.211914,0.287109,0.936047,0.825375,1.38335,1.14775,3.23097,0.169271,0.824077,0.945833,0.395491,0.00272557,0,0,0,0,0,-0.0944567,-0.130666,0.999245,0.510352,0.97996,0.510087,-0.0625,-0.0625,0.526912
320,1.44531,-0.330078,-0.176758,0.0117798,-0.228378,0.409676,0.425133,0.731284,0.715514,0.296414,0.381119,0.278706,1.62858,0.00513395,0,0,0,0,0,0.000679088,0.000288703,0.0155336,0.450292,0.973295,0.585911,0.109375,-0.0273438,0.246692
321,1.45312,-0.466797,0.0299072,0.0109863,-0.321237,0.374016,0.378527,0.686467,0.614519,0.277674,0.359141,0.246538,0.285332,0.00251041,0,0,0,0,0,0.00163749,0.000619834,0.0397485,0.439061,0.980454,0.587943,0.09375,-0.0214844,0.262627
322,1.23438,2.92188,-0.429688,0.539062,2.36709,0.991036,2.92556,1.22444,10.0582,0.240296,1.43062,1.75171,0.585239,0.00309617,0,0,0,0,0,-0.164088,-0.48005,0.999907,0.531576,0.984735,0.482464,-0.148438,-0.109375,0.5189
323,1.03125,-0.65625,-0.0727539,0.00259399,-0.636364,0.26227,0.164795,0.380028,0.171579,0.149854,0.212226,0.0806518,1.42847,0.00474311,0,0,0,0,0,-0.00117785,-0.000194104,0.0483836,0.416966,0.976124,0.620204,0.015625,-0.00390625,0.413671
324,1.21875,2.6875,-0.457031,0.445312,2.20513,0.986277,2.69345,1.20365,8.70344,0.218304,1.34,1.6129,0.684878,0.00329078,0,0,0,0,0,-0.153693,-0.413964,0.999895,0.520837,0.981425,0.497208,-0.132812,-0.09375,0.520248
325,1.13281,-0.345703,0.140625,0.00279236,-0.305172,0.380117,0.301683,0.541579,0.384321,0.173515,0.236405,0.128032,2.6612,0.00715077,0,0,0,0,0,-0.0025485,-0.00076884,0.0939799,0.463403,0.983687,0.556625,0.0390625,0,0.380633
326,1.46094,-0.208008,0.171875,0.00276184,-0.14238,0.44339,0.481835,0.782891,0.845084,0.15004,0.462563,0.362136,3.27049,0.00834081,0,0,0,0,0,-0.0212504,-0.0102392,0.400502,0.45141,0.983886,0.569396,0.03125,0.00195312,0.449241
327,1.30469,3.28125,-0.382812,0.6875,2.51497,0.994048,3.28385,1.29738,12.4669,0.26722,1.58932,2.06196,0.461689,0.00285486,0,0,0,0,0,-0.182296,-0.598633,0.999935,0.522226,0.986676,0.490441,-0.15625,-0.109375,0.516512
328,1.1875,-0.507812,0.0991211,0.00793457,-0.427632,0.33446,0.263543,0.518223,0.33801,0.259493,0.372135,0.192849,1.11277,0.0041265,0,0,0,0,0,-0.000811853,-0.000213958,0.0190188,0.426088,0.97522,0.61107,0.117188,-0.0292969,0.276085
329,1.16406,0.384766,0.175781,0.00337219,0.330537,0.629503,0.68407,0.804554,1.11526,0.0943366,0.152746,0.122892,3.02703,0.00786529,0,0,0,0,0,-0.0128135,-0.00876536,0.731319,0.567406,0.902307,0.533379,0.0078125,0,0.466153
330,1.77344,2.14062,-0.566406,0.0143433,1.20705,0.886293,2.23643,1.60572,7.57995,0.153224,0.476664,0.765387,4.72938,0.0111902,0,0,0,0,0,-0.0506026,-0.113169,0.92548,0.4889,0.941034,0.588093,0.015625,0.015625,0.461336
331,4.34375,1.125,0.261719,0.0126343,0.258993,0.60218,2.3545,2.90872,14.0043,0.280843,0.913939,2.65839,2.32841,0.0065008,0,0,0,0,0,-0.0352474,-0.0829899,0.336214,0.379705,0.983657,0.649356,0.0625,0,0.396078
332,0.96875,5.5,-0.546875,1.20312,5.67742,1,5.5,0.96875,31.1885,0.347089,2.42305,2.34733,0.498578,0.00292691,0,0,0,1,0,-0.277883,-1.52836,0.999785,0.513409,0.990541,0.495808,-0.242188,-0.1875,0.506883
333,1.26562,1.3125,-0.310547,0.263672,1.03704,0.850141,1.41215,1.10411,3.21323,0.163556,0.8195,0.904816,0.604777,0.00313433,0,0,0,0,0,-0.0939749,-0.132707,0.999699,0.517678,0.980993,0.501057,-0.0625,-0.0625,0.527458
334,2.32812,1.89062,-0.15332,0.0133667,0.812081,0.791627,2.1642,1.92367,8.38426,0.23696,0.373462,0.718418,1.32613,0.00454323,0,0,0,0,0,-0.0264905,-0.0573306,0.618372,0.722392,0.717109,0.907094,0.078125,-0.03125,0.610064
335,2.35938,2.32812,0.263672,0.00491333,0.986755,0.838119,2.53115,2.03652,10.5541,0.251148,0.695108,1.41561,3.76163,0.00930005,0,0,0,0,0,-0.0452958,-0.11465,0.568083,0.21928,0.978734,1.05622,0.109375,-0.015625,0.397189
336,1.42969,1.30469,-0.34375,0.132812,0.912568,0.819265,1.44313,1.21531,3.55961,0.27065,0.753882,0.916202,0.943242,0.00379539,0,0,0,0,0,-0.0840133,-0.121242,0.97152,0.573909,0.929735,0.489532,-0.0390625,-0.046875,0.529728
337,1.19531,0.679688,0.129883,0.00320435,0.568627,0.715196,0.890188,0.913941,1.62772,0.122663,0.237844,0.217376,2.29447,0.00643451,0,0,0,0,0,-0.0218677,-0.0194664,0.801525,0.536984,0.936492,0.529836,0.0078125,0,0.464676
338,3.39062,0.9375,-0.324219,0.0043335,0.276498,0.608917,1.87571,2.288,8.75323,0.173934,0.732416,1.67577,4.92514,0.0115725,0,0,0,0,0,-0.0254723,-0.0477786,0.303192,0.328793,0.975649,0.730708,0.078125,-0.00390625,0.38454
339,1.27344,0.24707,0.0864258,0.00540161,0.194018,0.576919,0.637505,0.829062,1.09376,0.100303,0.14865,0.12324,1.17593,0.00424986,0,0,0,0,0,-0.0104399,-0.00665549,0.612262,0.52977,0.911293,0.57796,0.0078125,0,0.461113
340,2.1875,1.57031,0.193359,0.0025177,0.717857,0.763577,1.87697,1.75299,6.59599,0.187205,0.626226,1.09777,3.85357,0.00947963,0,0,0,0,0,-0.0491934,-0.0923346,0.684831,0.405471,0.984947,0.618167,0.03125,0.015625,0.430388
341,1.26562,1.22656,-0.277344,0.257812,0.969136,0.833761,1.33871,1.08843,2.97683,0.160801,0.792857,0.862971,0.546218,0.00301996,0,0,0,0,0,-0.0909103,-0.121702,0.999597,0.514755,0.98073,0.50449,-0.0546875,-0.0546875,0.528099
342,2.5,0.589844,-0.0125122,0.00720215,0.235937,0.593259,1.31836,1.65732,4.48479,0.251255,0.761908,1.26273,0.147436,0.00224109,0,0,0,0,0,-0.0321665,-0.042407,0.368051,0.39982,0.990023,0.615854,0.078125,0.00390625,0.425854
343,2.04688,1.97656,-0.0106812,0.00296021,0.965649,0.83289,2.15897,1.75903,7.75535,0.110204,0.357618,0.62906,0.196317,0.00233656,0,0,0,0,0,-0.0359897,-0.0777008,0.877335,0.634375,0.823897,0.538875,0.015625,0.015625,0.442663
344,2.54688,1.32812,-0.155273,0.0043335,0.521472,0.698981,1.80673,1.91856,6.94515,0.184309,0.690394,1.32456,2.35873,0.00656002,0,0,0,0,0,-0.042888,-0.0774872,0.541559,0.406522,0.981679,0.622578,0.03125,0.0078125,0.421475
345,1.82031,0.644531,-0.435547,0.0137939,0.354077,0.63836,1.09704,1.27143,2.82004,0.295709,0.361536,0.459668,3.70843,0.00919616,0,0,0,0,0,-0.00268984,-0.00295086,0.0648607,0.444126,0.966196,0.604557,0.078125,-0.0195312,0.275935
346,1.39844,-0.0883789,0.182617,0.00318909,-0.0631983,0.474804,0.516587,0.784688,0.882597,0.172864,0.431842,0.338861,3.23377,0.00826907,0,0,0,0,0,-0.0176372,-0.00911115,0.35605,0.459321,0.992608,0.54961,0.046875,0.00195312,0.443181
347,1.02344,4.8125,-0.515625,0.890625,4.70229,0.999999,4.8125,1.02344,24.2076,0.301533,2.16552,2.21627,0.54637,0.00302025,0,0,0,1,0,-0.248355,-1.19521,0.999812,0.541444,0.987016,0.469946,-0.21875,-0.1875,0.507805
348,0.929688,2.03125,0.0864258,0.166016,2.18487,0.985551,2.03611,0.917452,4.98746,0.151966,0.702286,0.644313,0.212114,0.00236741,0,0,0,0,0,-0.080364,-0.16363,0.997596,0.611976,0.894826,0.476223,0.0351562,-0.0625,0.488744
349,1.47656,2.01562,0.219727,0.00546265,1.36508,0.913886,2.07498,1.3665,6.17287,0.135507,0.502257,0.686336,2.9729,0.00775958,0,0,0,0,0,-0.0487834,-0.101225,0.846746,0.566852,0.943963,0.483108,0.015625,0.015625,0.474194
350,1.10156,4.40625,-0.492188,0.871094,4,0.999968,4.40626,1.10153,20.6285,0.298056,2.01422,2.21872,0.527349,0.0029831,0,0,0,1,0,-0.231008,-1.01788,0.999832,0.532621,0.988121,0.478152,-0.195312,-0.15625,0.508974
351,2.10938,1.97656,-0.15625,0.00564575,0.937037,0.82563,2.17332,1.80206,7.97075,0.120074,0.306785,0.552847,2.0795,0.00601465,0,0,0,0,0,-0.0315212,-0.0685057,0.895727,0.598345,0.805282,0.724681,0.03125,0,0.526136
352,1.4375,-0.535156,0.345703,0.0256348,-0.372283,0.354841,0.347862,0.653731,0.548372,0.343891,0.375734,0.245629,2.15918,0.00617027,0,0,0,0,0,0.00451124,0.00156929,0.10467,0.44476,0.985995,0.573687,0.078125,-0.0273438,0.284108
353,1.07812,0.193359,-0.322266,0.0830078,0.179348,0.571168,0.529644,0.697525,0.767064,0.101394,0.370284,0.258282,1.11855,0.00413779,0,0,0,0,0,-0.0420902,-0.0222928,0.990953,0.530178,0.956864,0.513381,-0.015625,-0.0253906,0.533855
354,1.58594,-0.375,0.241211,0.00131989,-0.236453,0.406541,0.461856,0.797699,0.849634,0.122725,0.287778,0.22956,6.6394,0.0149207,0,0,0,0,0,0.0113935,0.00526214,0.345148,0.481369,0.938138,0.603743,0.0390625,-0.00390625,0.365134
355,1.44531,1.59375,-0.277344,0.160156,1.1027,0.864922,1.69375,1.27883,4.5042,0.274665,0.868378,1.1105,0.693021,0.00330668,0,0,0,0,0,-0.096972,-0.164247,0.973519,0.546099,0.951488,0.500319,-0.0546875,-0.0625,0.532533
356,1.22656,-0.302734,-0.123047,0.0147705,-0.246815,0.402526,0.352593,0.61226,0.499184,0.285517,0.33484,0.205009,1.01245,0.00393056,0,0,0,0,0,0.00360665,0.00127168,0.0939016,0.439567,0.967982,0.607138,0.0859375,-0.0351562,0.260194
357,2.26562,2.07812,0.138672,0.00405884,0.917241,0.820492,2.29598,1.92774,8.98767,0.225447,0.519533,1.00152,2.17664,0.00620438,0,0,0,0,0,-0.037063,-0.0850957,0.62192,0.199597,0.979894,0.985449,0.078125,-0.03125,0.48905
358,1.39062,0.914062,0.0717773,0.00170898,0.657303,0.744507,1.12928,1.09308,2.47008,0.113045,0.338003,0.369463,1.73627,0.00534429,0,0,0,0,0,-0.0325018,-0.0367036,0.83829,0.522362,0.963119,0.515391,0.015625,0.0078125,0.453173
359,1.21875,4.03125,-0.585938,0.785156,3.30769,0.99953,4.0314,1.21823,17.7362,0.286517,1.88679,2.29855,0.661262,0.00324465,0,0,0,1,0,-0.216411,-0.87244,0.999915,0.533961,0.986898,0.477896,-0.1875,-0.15625,0.511201
360,1.07031,-0.174805,0.0456543,0.00213623,-0.163321,0.435133,0.341795,0.566734,0.438011,0.155616,0.192117,0.108879,0.987774,0.00388237,0,0,0,0,0,-0.00545033,-0.0018629,0.247323,0.456206,0.971137,0.582253,0.015625,-0.00292969,0.373715
361,1.42188,1.46875,0.114746,0.00671387,1.03297,0.84919,1.58155,1.23934,4.03726,0.126487,0.402196,0.498458,1.4004,0.00468828,0,0,0,0,0,-0.0396118,-0.0626479,0.858605,0.574783,0.918102,0.501825,0.015625,0.0078125,0.485055
362,1.45312,0.753906,0.176758,0.00805664,0.518817,0.698056,1.02838,1.09332,2.25291,0.108672,0.151086,0.165185,1.96925,0.00579932,0,0,0,0,0,-0.0143051,-0.014711,0.825421,0.567645,0.883316,0.56321,0.0078125,-0.00390625,0.513353
363,2.60938,0.300781,-0.109375,0.0055542,0.115269,0.545884,1.19676,1.62692,4.07911,0.183732,0.509687,0.829222,1.4676,0.00481953,0,0,0,0,0,-0.0143043,-0.0171187,0.244664,0.391578,0.979044,0.644588,0.046875,0.00195312,0.386525
364,1.70312,2.5,0.189453,0.019165,1.46789,0.928933,2.55456,1.59785,9.0789,0.221931,0.738288,1.17967,1.36851,0.00462599,0,0,0,0,0,-0.0742566,-0.189693,0.876832,0.544426,0.943793,0.511191,0.046875,-0.015625,0.487376
365,1.08594,2.70312,-0.490234,0.171875,2.48921,0.993599,2.70548,1.07938,8.48468,0.461229,1.17674,1.27016,1.18249,0.00426268,0,0,0,0,0,-0.133076,-0.360034,0.985883,0.567296,0.899895,0.537079,-0.109375,-0.09375,0.517667
366,1.84375,1.32031,0.324219,0.00497437,0.716102,0.763036,1.57956,1.47669,4.67562,0.189235,0.471972,0.696955,4.59694,0.0109315,0,0,0,0,0,-0.0379339,-0.0599189,0.700677,0.474943,0.973575,0.557139,0.03125,0.0078125,0.455099
367,1.64844,1.86719,-0.0756836,0.0162354,1.1327,0.87133,1.97406,1.46815,6.05236,0.153536,0.497716,0.730721,0.593979,0.00311324,0,0,0,0,0,-0.050137,-0.0989733,0.878179,0.554167,0.938248,0.505339,0.0234375,0,0.479745
368,1.09375,1.32031,-0.294922,0.211914,1.20714,0.886311,1.37938,0.99033,2.88346,0.149265,0.747303,0.740076,0.640659,0.00320441,0,0,0,0,0,-0.0856805,-0.118186,0.999522,0.513826,0.978231,0.508174,-0.0625,-0.0546875,0.527115
369,2.3125,1.69531,0.0439453,0.00273132,0.733108,0.768254,2.01101,1.86229,7.51226,0.16713,0.568029,1.05783,0.840864,0.00359544,0,0,0,0,0,-0.033176,-0.0667172,0.509168,0.389765,0.975904,0.652941,0.046875,0.0078125,0.457039
370,0.8125,-0.316406,0.0247803,0.00128937,-0.389423,0.348482,0.19157,0.364806,0.169783,0.0858526,0.0884632,0.0322719,0.690109,0.00330099,0,0,0,0,0,-0.00427355,-0.000818685,0.421147,0.604459,0.862956,0.531198,0.00390625,-0.00195312,0.577585
371,2.90625,3.64062,-0.123535,0.00854492,1.25269,0.89484,3.78338,2.65143,21.344,0.160034,0.95666,2.53652,1.3364,0.00456328,0,0,0,0,0,-0.0975824,-0.369191,0.889243,0.399876,0.954189,0.688901,0.03125,0.03125,0.439986
372,1.66406,2.21875,0.0922852,0.0332031,1.33333,0.908789,2.28983,1.53371,7.59562,0.174232,0.56885,0.872453,0.506457,0.0029423,0,0,0,0,0,-0.0600811,-0.137576,0.920761,0.58775,0.914641,0.488005,0.0390625,-0.03125,0.490388
373,1.15625,0.330078,-0.0986328,0.0556641,0.285473,0.612359,0.646258,0.783334,1.03126,0.259948,0.452499,0.354458,0.418056,0.00276964,0,0,0,0,0,-0.046455,-0.0300219,0.894996,0.555726,0.927481,0.516322,-0.015625,-0.03125,0.505645
374,1.36719,2.32812,0.28125,0.227539,1.70286,0.955703,2.35334,1.3138,7.26427,0.163529,0.697627,0.916543,0.58961,0.00310471,0,0,0,0,0,-0.0794517,-0.186977,0.992858,0.652209,0.821538,0.504834,0.0390625,-0.0625,0.477028
375,3.14062,3.92188,0.271484,0.0109253,1.24876,0.894123,4.07712,2.86386,24.8246,0.208934,1.06724,3.05642,2.59734,0.00702605,0,0,0,0,0,-0.111608,-0.455037,0.911675,0.387465,0.964227,0.681628,0.046875,0.03125,0.441044
376,2.35938,3.21875,-0.0908203,0.00704956,1.36424,0.913754,3.31375,2.18328,15.7476,0.129987,0.753832,1.64582,1.08169,0.0040658,0,0,0,0,0,-0.0824356,-0.273171,0.953339,0.431078,0.931195,0.701082,0.03125,0.03125,0.443934
377,1.25781,1.25,-0.373047,0.251953,0.993789,0.839837,1.35695,1.0873,3.02352,0.159283,0.787387,0.856125,0.743196,0.00340468,0,0,0,0,0,-0.0902806,-0.122506,0.99957,0.518227,0.979126,0.502422,-0.0546875,-0.0546875,0.528342
378,1.14062,-0.384766,-0.113281,0.00297546,-0.337329,0.367935,0.290471,0.53242,0.367845,0.159803,0.245399,0.130655,2.07673,0.00600924,0,0,0,0,0,0.00341572,0.000992167,0.121344,0.403623,0.943229,0.713899,0.0703125,-0.00976562,0.336562
379,2.40625,1.95312,-0.392578,0.0148315,0.811688,0.791515,2.23611,1.98797,8.95219,0.215062,0.370135,0.735817,3.22354,0.0082491,0,0,0,0,0,-0.0301763,-0.0674773,0.710742,0.493516,0.871233,0.820192,0.0625,-0.0234375,0.551615
380,1.25781,1.53125,-0.201172,0.285156,1.21739,0.888272,1.59731,1.1415,3.85441,0.170564,0.905331,1.03343,0.376726,0.00268892,0,0,0,0,0,-0.103818,-0.165829,0.999702,0.517719,0.978585,0.503547,-0.078125,-0.0625,0.523851
381,1.38281,1.75781,-0.482422,0.0400391,1.27119,0.898169,1.8237,1.26448,4.92481,0.154903,0.45487,0.575174,2.41093,0.00666198,0,0,0,0,0,-0.0501444,-0.0914485,0.961042,0.660317,0.811023,0.504792,0.0390625,-0.0390625,0.494255
382,1.21094,1.14844,-0.043457,0.00674438,0.948387,0.828534,1.25939,1.03694,2.66131,0.136189,0.285493,0.296038,0.529162,0.00298665,0,0,0,0,0,-0.028765,-0.0362264,0.878366,0.579042,0.902307,0.515723,0.0234375,-0.0078125,0.48476
383,2.375,1.71875,-0.213867,0.00463867,0.723684,0.76537,2.04836,1.90682,7.83175,0.155846,0.445413,0.849322,3.14013,0.00808619,0,0,0,0,0,-0.0359984,-0.0737377,0.704574,0.414645,0.945464,0.688886,0.015625,0.0078125,0.425982
384,1.92188,1.875,-0.511719,0.0102539,0.97561,0.835371,2.04349,1.65503,6.91498,0.188759,0.42851,0.709198,5.05343,0.0118231,0,0,0,0,0,-0.0433761,-0.0886387,0.882464,0.507495,0.919334,0.598825,0.0234375,0.0078125,0.478149
385,1.0625,0.390625,-0.0756836,0.010437,0.367647,0.643432,0.649525,0.74665,0.97937,0.162594,0.415684,0.31037,0.740822,0.00340004,0,0,0,0,0,-0.0398158,-0.0258614,0.835025,0.576427,0.914883,0.503448,-0.0078125,-0.0214844,0.522629
386,1.6875,1.88281,-0.00701904,0.00188446,1.11574,0.867733,1.99638,1.49737,6.22762,0.0711203,0.492567,0.737554,0.16169,0.00226893,0,0,0,0,0,-0.0514949,-0.102803,0.911392,0.444165,0.930916,0.678157,0.015625,0.015625,0.452724
387,0.949219,5,-0.439453,1.03125,5.26749,1,5,0.949219,25.901,0.321662,2.22751,2.11439,0.432744,0.00279833,0,0,0,1,0,-0.255461,-1.27731,0.999799,0.520495,0.990744,0.488262,-0.222656,-0.1875,0.509421
388,2.54688,1.86719,-0.142578,0.0209961,0.733129,0.76826,2.21486,2.05105,9.11242,0.217959,0.334501,0.686078,0.983974,0.00387495,0,0,0,0,0,-0.031393,-0.0695311,0.818166,0.381525,0.947679,0.738738,0.046875,-0.0234375,0.517905
389,2.48438,2.21875,-0.363281,0.00393677,0.893082,0.814093,2.46636,2.10355,10.5079,0.15609,0.651263,1.36996,5.78993,0.0132616,0,0,0,0,0,-0.0607719,-0.149885,0.813492,0.355322,0.968934,0.713813,0.046875,0.015625,0.43074
390,2.57812,1.11719,0.0766602,0.00531006,0.433333,0.667614,1.68402,1.86613,6.31838,0.182789,0.596232,1.11265,1.05201,0.00400783,0,0,0,0,0,-0.0305268,-0.0514079,0.446348,0.403958,0.983684,0.621999,0.046875,0.0078125,0.410956
391,2.07812,1.27344,-0.367188,0.00994873,0.612782,0.72999,1.61732,1.61079,5.21037,0.212813,0.302108,0.486633,3.68132,0.00914321,0,0,0,0,0,-0.0222685,-0.0360153,0.642592,0.429976,0.958142,0.637338,0.046875,-0.0078125,0.429892
392,1.125,1.11719,-0.214844,0.22168,0.993056,0.839659,1.21296,0.972341,2.41672,0.148326,0.714602,0.694837,0.45631,0.00284436,0,0,0,0,0,-0.0819477,-0.0993995,0.999722,0.500295,0.981527,0.519261,-0.0546875,-0.0546875,0.527797
393,1.60156,1.92969,0.157227,0.00970459,1.20488,0.885875,2.01671,1.44939,6.16787,0.143784,0.51187,0.741899,1.59602,0.00507034,0,0,0,0,0,-0.0505367,-0.101918,0.860705,0.570588,0.941283,0.481299,0.0234375,0.0078125,0.474968
394,3.57812,4.46875,0.0419922,0.0159912,1.24891,0.894151,4.64558,3.26287,32.2277,0.164333,0.595934,1.94446,0.332069,0.0026017,0,0,0,0,0,-0.0651341,-0.302586,0.952834,0.327331,0.945031,0.960189,0.0625,0,0.51552
395,2,-0.172852,0.0137939,0.00160217,-0.0864258,0.465564,0.715579,1.10708,1.73768,0.137361,0.479152,0.53046,0.344615,0.0026262,0,0,0,0,0,-0.0176432,-0.0126251,0.321004,0.428369,0.970238,0.61688,0.046875,-0.000976562,0.438342
396,1.66406,1.00781,-0.0148926,0.00765991,0.605634,0.727621,1.28604,1.28697,3.3102,0.149046,0.243503,0.313382,0.17016,0.00228547,0,0,0,0,0,-0.0242502,-0.0311867,0.868195,0.548223,0.93102,0.52194,0.015625,-0.0078125,0.45115
397,1,-0.0825195,0.0400391,0.0142822,-0.0825195,0.467117,0.359743,0.554805,0.437224,0.149275,0.316971,0.175857,0.335032,0.00260748,0,0,0,0,0,-0.0295176,-0.0106187,0.811836,0.550586,0.920849,0.532123,-0.0078125,-0.00878906,0.505191
398,1.63281,-0.953125,0.447266,0.0257568,-0.583732,0.2797,0.28161,0.630443,0.476763,0.366021,0.427958,0.269803,2.78689,0.00739626,0,0,0,0,0,0.00346728,0.000976421,0.0706308,0.450855,0.97411,0.584033,0.09375,-0.03125,0.179641
399,3.03125,3.10938,-0.244141,0.00521851,1.02577,0.847501,3.35302,2.63808,18.2022,0.16878,0.886542,2.33877,3.37961,0.00855393,0,0,0,0,0,-0.0872586,-0.292579,0.858056,0.417009,0.959375,0.652298,0.03125,0.03125,0.438506
400,1.94531,3.14062,-0.0256348,0.015625,1.61446,0.946786,3.1832,1.8576,13.5835,0.220525,0.764489,1.42012,0.205078,0.00235367,0,0,0,0,0,-0.0764607,-0.24339,0.871913,0.519354,0.974106,0.506547,0.0390625,0,0.481777
401,4.15625,1.67188,-0.043457,0.00506592,0.402256,0.656252,2.6325,2.96653,15.7304,0.187453,0.655198,1.94367,0.610564,0.00314563,0,0,0,0,0,-0.0320657,-0.084413,0.426653,0.401256,0.97365,0.643497,0.09375,-0.0078125,0.429562
402,1.96094,1.76562,-0.010498,0.0039978,0.900398,0.816046,1.95898,1.6628,6.60251,0.0634603,0.268948,0.447207,0.166034,0.00227741,0,0,0,0,0,-0.029374,-0.057543,0.95214,0.51202,0.879394,1.0678,0.0234375,0.0078125,0.509336
403,1.17188,0.380859,-0.25,0.120605,0.325,0.627409,0.684524,0.807958,1.12137,0.112401,0.443243,0.358122,0.719874,0.00335913,0,0,0,0,0,-0.0507299,-0.0347258,0.997764,0.537243,0.96003,0.501459,-0.0234375,-0.0292969,0.53631
404,1.64844,1.76562,-0.0380859,0.00289917,1.07109,0.857936,1.88726,1.4486,5.6602,0.0923811,0.441773,0.639953,0.707339,0.00333465,0,0,0,0,0,-0.0464289,-0.0876233,0.916211,0.483263,0.939753,0.598171,0.015625,0.015625,0.453786
405,2.76562,2.39062,-0.476562,0.0178223,0.864407,0.806318,2.68078,2.32485,12.5915,0.212802,0.406599,0.94528,3.56975,0.0089253,0,0,0,0,0,-0.037784,-0.10129,0.810118,0.377819,0.930585,0.83712,0.0625,-0.03125,0.551345
406,0.917969,-0.53125,0.34375,0.00282288,-0.578723,0.281388,0.159428,0.355997,0.152151,0.163309,0.236685,0.0842592,6.46989,0.0145896,0,0,0,0,0,0.0124891,0.00199112,0.46001,0.521102,0.949405,0.533572,0.0625,0,0.39249
407,1.11719,0.601562,-0.328125,0.134766,0.538462,0.704871,0.806416,0.846391,1.36669,0.120261,0.516891,0.437492,0.893819,0.00369887,0,0,0,0,0,-0.0591206,-0.0476758,0.997118,0.520425,0.969363,0.510552,-0.03125,-0.0390625,0.530998
408,1.42188,1.4375,-0.28125,0.125977,1.01099,0.843989,1.55484,1.23358,3.93925,0.276883,0.819915,1.01143,0.792406,0.00350079,0,0,0,0,0,-0.0911576,-0.141736,0.969239,0.546821,0.946764,0.504751,-0.0546875,-0.0625,0.529558
409,1.27344,0.617188,0.40625,0.00183105,0.484663,0.686042,0.873481,0.943414,1.653,0.0935728,0.156971,0.148089,9.49386,0.0204958,0,0,0,0,0,-0.0131253,-0.0114647,0.728948,0.586856,0.890669,0.519601,0.0078125,0,0.512649
410,1.14062,1.0625,-0.214844,0.195312,0.931507,0.824204,1.16981,0.973345,2.31586,0.140721,0.697223,0.678639,0.486136,0.00290261,0,0,0,0,0,-0.0799175,-0.0934884,0.999256,0.522091,0.978761,0.498602,-0.046875,-0.0546875,0.528869
411,1.52344,1.42969,0.0800781,0.00537109,0.938462,0.825996,1.57147,1.30187,4.1644,0.128982,0.464584,0.604829,1.09265,0.00408721,0,0,0,0,0,-0.0440367,-0.0692025,0.826336,0.560049,0.904874,0.540935,0.03125,-0.015625,0.480495
412,2.89062,0.957031,0.0732422,0.00619507,0.331081,0.629708,1.6997,1.99837,6.88247,0.234221,0.797584,1.59387,0.930547,0.0037706,0,0,0,0,0,-0.0330556,-0.0561847,0.361307,0.446657,0.984817,0.573274,0.078125,0,0.441179
413,1.54688,-0.542969,-0.261719,0.0118408,-0.35101,0.36279,0.386256,0.714723,0.660022,0.304027,0.398338,0.284701,2.40516,0.0066507,0,0,0,0,0,0.00097453,0.000376418,0.021328,0.449484,0.967749,0.595494,0.101562,-0.0273438,0.201864
414,3.29688,1.57031,0.402344,0.235352,0.476303,0.683071,2.24383,2.43323,10.9554,0.275912,0.54986,1.33793,0.829352,0.00357295,0,0,0,0,0,-0.0367149,-0.0823821,0.5821,0.551231,0.835846,0.885791,0.0625,-0.046875,0.524207
415,0.878906,4.84375,-0.419922,0.898438,5.51111,1,4.84375,0.878906,24.2344,0.299939,2.13998,1.88084,0.443021,0.0028184,0,0,0,1,0,-0.245426,-1.18878,0.999809,0.531988,0.989978,0.477077,-0.207031,-0.15625,0.507356
416,1.96094,1.14062,-0.251953,0.0493164,0.581673,0.719607,1.4798,1.50537,4.45593,0.306581,0.352495,0.530634,1.13455,0.00416905,0,0,0,0,0,-0.0186269,-0.027564,0.460674,0.629691,0.781521,0.696164,0.046875,-0.0078125,0.531223
417,3.625,0.960938,0.345703,0.0109863,0.265086,0.604528,1.97899,2.43392,9.84036,0.275423,1.00438,2.44458,3.2982,0.00839492,0,0,0,0,0,-0.0441817,-0.0874352,0.383488,0.39738,0.981461,0.633357,0.078125,0.00390625,0.412244
418,1.40625,0.785156,-0.132812,0.00151062,0.558333,0.711692,1.03629,1.07184,2.22274,0.107084,0.174923,0.18749,3.41713,0.0086272,0,0,0,0,0,-0.0154561,-0.016017,0.770301,0.635034,0.80821,0.570574,0.0078125,0.00390625,0.497628
419,1.25,-1.02344,-0.0366211,0.0358887,-0.81875,0.206465,0.144878,0.390552,0.173521,0.406596,0.404918,0.158142,0.193309,0.00233068,0,0,0,0,0,0.00192185,0.000278434,0.0413771,0.444826,0.973564,0.591862,0.101562,-0.0351562,0.248046
420,1.4375,0.210938,0.392578,0.00482178,0.146739,0.558331,0.68191,0.913037,1.29864,0.123311,0.112224,0.102465,5.65357,0.0129952,0,0,0,0,0,-0.00541569,-0.00369301,0.420702,0.592578,0.892619,0.508019,0.0078125,0,0.528911
421,1.5,1.41406,-0.359375,0.347656,0.942708,0.827085,1.55274,1.28296,4.057,0.186808,0.914839,1.1737,0.609499,0.00314355,0,0,0,0,0,-0.104884,-0.162858,0.999474,0.510224,0.977668,0.512735,-0.0625,-0.0625,0.527301
422,1.51562,-0.679688,0.160156,0.00439453,-0.448454,0.326913,0.324926,0.651281,0.529743,0.203234,0.308496,0.200917,2.41595,0.00667177,0,0,0,0,0,0.00624846,0.00203029,0.176576,0.447175,0.971791,0.591866,0.0390625,0,0.32399
423,0.972656,1.51562,-0.292969,0.206055,1.55823,0.940411,1.53981,0.923922,3.22464,0.147357,0.816758,0.75462,0.645402,0.00321368,0,0,0,0,0,-0.0936729,-0.144238,0.999833,0.521816,0.980998,0.496593,-0.0742188,-0.0546875,0.523415
424,0.582031,-0.570312,-0.0810547,0.0169678,-0.979866,0.163576,0.0506661,0.15546,0.0267349,0.263674,0.268905,0.0418041,0.622251,0.00316846,0,0,0,0,0,-0.00721422,-0.000365517,0.233882,0.543503,0.904112,0.568235,0.0117188,-0.0800781,0.425334
425,2.5,0.605469,-0.0220947,0.00430298,0.242188,0.595683,1.32832,1.66184,4.52614,0.199924,0.622526,1.03454,0.336825,0.00261099,0,0,0,0,0,-0.0270112,-0.0358796,0.378262,0.459406,0.97715,0.569871,0.046875,0,0.456697
426,2.5625,2.53125,-0.0922852,0.0045166,0.987805,0.838376,2.75136,2.21234,12.4644,0.230308,0.780212,1.72609,1.37318,0.00463511,0,0,0,0,0,-0.0501989,-0.138115,0.560904,0.364393,0.977689,0.679935,0.0625,0.015625,0.395515
427,1.21094,0.804688,0.173828,0.00939941,0.664516,0.74682,0.989992,0.954013,1.89022,0.0983567,0.264783,0.252606,1.79296,0.00545499,0,0,0,0,0,-0.0268709,-0.026602,0.884707,0.594939,0.907735,0.485911,0.015625,-0.0078125,0.475365
428,1.10156,0.216797,-0.347656,0.0410156,0.196809,0.578011,0.553421,0.718022,0.82183,0.109382,0.329237,0.236399,1.71662,0.00530591,0,0,0,0,0,-0.0360894,-0.0199727,0.955606,0.558025,0.936554,0.502359,-0.0078125,-0.0136719,0.540636
429,2.46875,2.26562,0.0128784,0.0111084,0.917722,0.820618,2.50283,2.10077,10.6774,0.187196,0.447579,0.940261,0.12219,0.00219178,0,0,0,0,0,-0.0435551,-0.109011,0.848353,0.469285,0.94659,0.605619,0.03125,0.015625,0.457596
430,1.10938,0.168945,-0.090332,0.0144653,0.152289,0.56052,0.529335,0.706928,0.779942,0.102826,0.273945,0.19366,0.751065,0.00342005,0,0,0,0,0,-0.0285706,-0.0151234,0.909205,0.619147,0.868345,0.497715,-0.0078125,-0.0117188,0.554871
431,1.01562,0.0211182,0.117188,0.0055542,0.0207933,0.508295,0.417827,0.598826,0.533172,0.172959,0.289425,0.173315,1.57243,0.00502427,0,0,0,0,0,-0.0194114,-0.00811063,0.584694,0.487983,0.934841,0.600095,0.0078125,0.00195312,0.47248
432,4.1875,0.886719,0.330078,0.0112915,0.211754,0.58385,2.14369,2.74709,12.1419,0.261962,0.918012,2.52186,3.10628,0.00802008,0,0,0,0,0,-0.0369974,-0.0793109,0.351342,0.403156,0.97977,0.629793,0.0625,0,0.393062
433,1.15625,2.20312,-0.253906,0.308594,1.90541,0.971636,2.21532,1.12825,6.18057,0.194938,1.12846,1.27318,0.457067,0.00284583,0,0,0,0,0,-0.129375,-0.286607,0.999477,0.52384,0.983096,0.492294,-0.109375,-0.078125,0.517262
434,1.27344,2.6875,0.302734,0.273438,2.11043,0.982589,2.69578,1.25313,8.83756,0.17581,0.849976,1.06513,0.578939,0.00308386,0,0,0,0,0,-0.0971872,-0.261996,0.996803,0.630385,0.850217,0.50344,0.0546875,-0.09375,0.482645
435,1.09375,0.416016,-0.160156,0.0961914,0.380357,0.64816,0.677492,0.77301,1.05654,0.107323,0.417489,0.322723,0.516388,0.00296169,0,0,0,0,0,-0.0474805,-0.0321677,0.991465,0.540405,0.958032,0.499924,-0.0234375,-0.0292969,0.536998
436,3.25,0.816406,-0.236328,0.00338745,0.251202,0.599171,1.7455,2.1689,7.75091,0.182226,0.736799,1.59805,4.06049,0.00988378,0,0,0,0,0,-0.0282509,-0.0493118,0.334264,0.368033,0.972319,0.687975,0.0625,0.00390625,0.391959
437,1.92969,0.964844,-0.0927734,0.00579834,0.5,0.691462,1.34249,1.43956,3.8746,0.171734,0.228016,0.328242,1.21835,0.00433271,0,0,0,0,0,-0.0169304,-0.0227289,0.647305,0.440694,0.932333,0.680427,0.015625,0.00390625,0.483257
438,1.98438,1.07812,0.0737305,0.00343323,0.543307,0.706541,1.43968,1.50559,4.33947,0.169457,0.488627,0.735671,1.25833,0.00441081,0,0,0,0,0,-0.027699,-0.0398776,0.49419,0.444015,0.981383,0.581056,0.03125,0.0078125,0.450108
439,1.11719,1.84375,-0.146484,0.225586,1.65035,0.950564,1.86664,1.06952,4.62821,0.17178,0.940881,1.00629,0.308415,0.0025555,0,0,0,0,0,-0.107827,-0.201273,0.999075,0.526449,0.981168,0.491435,-0.0859375,-0.0625,0.522242
440,1.11719,-0.168945,0.197266,0.00418091,-0.151224,0.4399,0.363522,0.595654,0.486952,0.191156,0.264565,0.157589,3.05082,0.00791175,0,0,0,0,0,-0.00866756,-0.00315085,0.285609,0.404489,0.979954,0.627931,0.03125,-0.00683594,0.425913
441,1.65625,0.3125,0.147461,0.00341797,0.188679,0.574828,0.82351,1.07583,1.83558,0.166619,0.496773,0.534444,2.52228,0.00687945,0,0,0,0,0,-0.0223765,-0.0184272,0.392681,0.486188,0.982065,0.533923,0.03125,0,0.472067
442,1.59375,1.69531,-0.310547,0.00497437,1.06373,0.856273,1.81462,1.39832,5.24815,0.172602,0.445241,0.62259,4.4031,0.0105529,0,0,0,0,0,-0.0452663,-0.0821411,0.886313,0.488179,0.917893,0.633558,0.03125,0.0078125,0.425535
443,1.55469,0.875,-0.157227,0.00279236,0.562814,0.713219,1.15096,1.18661,2.73275,0.11968,0.191842,0.227642,2.97537,0.00776439,0,0,0,0,0,-0.0144593,-0.0166422,0.657068,0.542992,0.917229,0.548244,0.0078125,0.0078125,0.495725
444,2,3,0.24707,0.00689697,1.5,0.933193,3.05897,1.88458,12.909,0.18568,0.736676,1.38833,2.97503,0.00776373,0,0,0,0,0,-0.0729025,-0.223007,0.862725,0.541581,0.946117,0.512011,0.03125,0.015625,0.473823
445,1.35938,1.40625,-0.53125,0.163086,1.03448,0.849545,1.51379,1.18525,3.69637,0.195606,0.769348,0.911868,1.3155,0.00452246,0,0,0,0,0,-0.0871582,-0.131939,0.987625,0.554702,0.976263,0.465594,-0.0546875,-0.0546875,0.534964
446,1.70312,0.605469,-0.0246582,0.024292,0.355505,0.638894,1.02797,1.19034,2.47362,0.281854,0.305376,0.363501,0.158209,0.00226213,0,0,0,0,0,-0.0111726,-0.011485,0.318952,0.46222,0.898509,0.753714,0.0703125,-0.03125,0.380578
447,1.16406,0.808594,-0.249023,0.171875,0.694631,0.756357,0.978287,0.925919,1.81437,0.13305,0.602544,0.557907,0.600667,0.0031263,0,0,0,0,0,-0.0690661,-0.0675665,0.999271,0.514115,0.976219,0.510045,-0.0390625,-0.046875,0.533353
448,3.35938,0.734375,0.104004,0.00994873,0.218605,0.586521,1.73442,2.21035,7.89387,0.263723,0.929496,2.05451,1.04272,0.00398968,0,0,0,0,0,-0.0389545,-0.0675636,0.365357,0.397221,0.985855,0.625725,0.09375,0.00390625,0.410287
449,1.46875,1.17188,0.244141,0.146484,0.797872,0.787528,1.34949,1.20796,3.28028,0.278002,0.671077,0.810634,0.637888,0.003199,0,0,0,0,0,-0.0737851,-0.099572,0.958524,0.568163,0.926151,0.501222,-0.03125,-0.0390625,0.533616
450,1.82031,2.42188,-0.3125,0.0214844,1.33047,0.908319,2.50005,1.67711,9.06292,0.191716,0.504562,0.846205,2.13201,0.0061172,0,0,0,0,0,-0.0512304,-0.128078,0.885156,0.61214,0.87039,0.506667,0.03125,-0.015625,0.497583
451,1.24219,-0.472656,-0.0825195,0.00509644,-0.380503,0.351786,0.296897,0.561455,0.40338,0.20464,0.309952,0.174024,1.15591,0.00421076,0,0,0,0,0,0.00121408,0.000360456,0.0341475,0.565019,0.881495,0.571206,0.09375,-0.015625,0.278302
452,1.78125,0.519531,-0.363281,0.0216064,0.291667,0.614729,1.00262,1.21006,2.4695,0.331819,0.373202,0.451598,2.47145,0.00678017,0,0,0,0,0,-0.00265183,-0.00265878,0.0619454,0.458771,0.981067,0.565178,0.078125,-0.03125,0.326931
453,1.50781,-0.175781,-0.306641,0.0119019,-0.11658,0.453596,0.516746,0.820125,0.939631,0.285093,0.372429,0.305438,2.81075,0.00744287,0,0,0,0,0,0.00278222,0.0014377,0.0651261,0.431469,0.976093,0.60337,0.09375,-0.0263672,0.251874
454,2.03125,0.359375,0.355469,0.00343323,0.176923,0.570216,0.99474,1.31282,2.71301,0.186834,0.481608,0.632267,6.06667,0.0138021,0,0,0,0,0,-0.0200113,-0.019906,0.362233,0.443103,0.97712,0.588399,0.03125,0.00195312,0.439171
455,0.890625,0.208008,0.065918,0.0105591,0.233553,0.592334,0.468311,0.589809,0.56719,0.146706,0.372798,0.219879,0.641491,0.00320604,0,0,0,0,0,-0.0369062,-0.0172836,0.863044,0.584181,0.881064,0.538221,-0.0078125,-0.015625,0.514138
456,1.38281,2.01562,0.0120239,0.0349121,1.45763,0.927528,2.06105,1.29554,5.92635,0.194889,0.627219,0.812586,0.0643514,0.00207881,0,0,0,0,0,-0.0673266,-0.138764,0.935781,0.585137,0.884058,0.532002,0.0546875,-0.046875,0.497848
457,1.21875,0.206055,0.0761719,0.00756836,0.169071,0.567129,0.591749,0.784312,0.965312,0.183532,0.193485,0.151752,0.875576,0.00366323,0,0,0,0,0,-0.00623066,-0.00368699,0.280734,0.582746,0.854458,0.590467,0.015625,0,0.510945
458,1.22656,1.08594,-0.0488281,0.00640869,0.88535,0.812016,1.20956,1.03693,2.53827,0.120993,0.371496,0.385216,0.609938,0.00314441,0,0,0,0,0,-0.0364313,-0.044066,0.854924,0.647838,0.865363,0.454818,0.015625,0,0.50199
459,3.0625,3.8125,0.535156,0.261719,1.2449,0.893415,3.96482,2.79129,23.5111,0.227573,0.542867,1.5153,1.04608,0.00399624,0,0,0,0,0,-0.0581089,-0.230391,0.93316,1.20106,0.679291,1.63008,0.0625,-0.0625,0.560604
460,4.09375,1.44531,-0.18457,0.00891113,0.353053,0.637976,2.46449,2.85805,14.2421,0.259548,0.973268,2.78164,1.95522,0.00577191,0,0,0,0,0,-0.0370033,-0.0911944,0.331448,0.379948,0.983751,0.648898,0.0625,0.0078125,0.41191
461,2.14062,1.67188,-0.126953,0.00567627,0.781022,0.782605,1.93942,1.75088,6.82692,0.133746,0.273912,0.479587,1.68505,0.00524423,0,0,0,0,0,-0.0282687,-0.0548248,0.899708,0.53117,0.857434,0.725773,0.03125,0,0.523416
462,0.957031,-0.267578,0.0771484,0.00191498,-0.279592,0.389895,0.263743,0.466303,0.286999,0.142341,0.205993,0.0960551,1.76297,0.00539643,0,0,0,0,0,1.50957e-05,3.98138e-06,0.000638862,0.504295,0.958474,0.542558,0.0234375,-0.00195312,0.392648
463,1.40625,-0.722656,0.195312,0.00141144,-0.513889,0.303665,0.268127,0.575967,0.40363,0.122927,0.266947,0.153752,5.19875,0.0121069,0,0,0,0,0,0.00923804,0.00247697,0.301691,0.449535,0.96344,0.602471,0.0390625,-0.00390625,0.372807
464,1.71875,-0.652344,-0.291016,0.0314941,-0.379545,0.352141,0.411397,0.777411,0.773616,0.396161,0.472666,0.367456,1.63984,0.00515594,0,0,0,0,0,0.00265473,0.00109215,0.0489635,0.429877,0.977423,0.603056,0.132812,-0.0273438,0.205523
465,3.42188,4.1875,-0.449219,0.0106201,1.22374,0.889476,4.36405,3.10986,28.7162,0.206598,1.0794,3.35679,4.35906,0.0104669,0,0,0,0,0,-0.113763,-0.496467,0.918805,0.360107,0.973055,0.696445,0.0625,0.03125,0.428956
466,2.25,2.29688,0.0126343,0.00463867,1.02083,0.846333,2.47934,1.95611,9.97348,0.0695624,0.331824,0.649083,0.185504,0.00231544,0,0,0,0,0,-0.0362308,-0.0898284,0.95187,0.413035,0.925305,1.08898,0.03125,0.015625,0.509519
467,2.15625,0.476562,0.239258,0.00344849,0.221014,0.587459,1.11657,1.42022,3.26374,0.183527,0.523718,0.743794,4.07429,0.00991072,0,0,0,0,0,-0.0219892,-0.0245525,0.366032,0.430548,0.972782,0.60991,0.03125,0.00195312,0.460582
468,1.17969,-0.314453,0.244141,0.00201416,-0.266556,0.394905,0.330677,0.580356,0.446161,0.141338,0.210094,0.121929,5.43993,0.012578,0,0,0,0,0,-0.000231837,-7.66632e-05,0.00962003,0.450852,0.957952,0.610187,0.0234375,0,0.344749
469,1.16406,0.223633,-0.0698242,0.0722656,0.192114,0.576174,0.581337,0.757237,0.911361,0.101544,0.350856,0.265682,0.259741,0.00246043,0,0,0,0,0,-0.0395572,-0.0229961,0.982886,0.559083,0.934353,0.503552,-0.015625,-0.0214844,0.544215
470,1.39844,2.125,-0.142578,0.185547,1.51955,0.935688,2.16407,1.32127,6.42895,0.310185,1.0254,1.35484,0.330999,0.00259961,0,0,0,0,0,-0.115414,-0.249764,0.981231,0.541531,0.946477,0.511649,-0.078125,-0.078125,0.531617
471,1.08594,0.820312,-0.242188,0.0332031,0.755396,0.774994,0.962735,0.88085,1.70275,0.249702,0.513149,0.452007,1.32911,0.00454905,0,0,0,0,0,-0.0574807,-0.0553386,0.976529,0.548302,0.959855,0.488732,-0.0390625,-0.046875,0.548305
472,1.39844,0.675781,-0.0444336,0.00389099,0.48324,0.685537,0.957953,1.03535,1.98963,0.106048,0.152614,0.15801,0.71233,0.00334439,0,0,0,0,0,-0.0106265,-0.0101797,0.607016,0.544406,0.915897,0.54814,0.0078125,0.00390625,0.502344
473,1.16406,1.02344,0.0795898,0.0113525,0.879195,0.810352,1.14181,0.982883,2.26978,0.13393,0.309112,0.30382,0.746984,0.00341208,0,0,0,0,0,-0.0318359,-0.0363504,0.89786,0.601967,0.917834,0.465304,0.0078125,0,0.48779
474,2.64062,0.408203,0.0317383,0.00250244,0.154586,0.561426,1.263,1.68496,4.43426,0.163474,0.632029,1.06494,0.634456,0.0031923,0,0,0,0,0,-0.0223775,-0.0282628,0.308661,0.402231,0.983107,0.624933,0.0625,0.00390625,0.440891
475,1.44531,0.322266,0.835938,0.0128174,0.222973,0.588222,0.75023,0.952764,1.4706,0.224153,0.309466,0.294848,7.3837,0.0163744,0,0,0,0,0,-0.00435558,-0.00326769,0.122699,0.527505,0.920153,0.56668,0.03125,0.00585938,0.36387
476,1.33594,1.75,-0.0727539,0.0224609,1.30994,0.904892,1.80955,1.22761,4.78149,0.162831,0.423841,0.520312,0.485448,0.00290126,0,0,0,0,0,-0.0432017,-0.0781755,0.888596,0.569122,0.913347,0.515727,0.03125,-0.015625,0.50315
477,1.4375,0.910156,0.139648,0.00793457,0.633152,0.736683,1.14098,1.12135,2.55928,0.0872574,0.183366,0.205618,1.56774,0.00501512,0,0,0,0,0,-0.017692,-0.0201862,0.841133,0.693719,0.774494,0.489736,0.0078125,-0.00390625,0.495541
478,0.738281,-0.229492,-0.240234,0.00190735,-0.310847,0.377959,0.195096,0.351475,0.161597,0.101405,0.117503,0.0412993,5.50073,0.0126967,0,0,0,0,0,-0.00418081,-0.000815659,0.310184,0.651296,0.762481,0.687886,0.0117188,-0.00195312,0.648963
479,1.42188,1.24219,-0.102051,0.0184326,0.873626,0.808839,1.38821,1.19891,3.36449,0.136103,0.386781,0.463714,0.751662,0.00342122,0,0,0,0,0,-0.039017,-0.0541637,0.87942,0.58934,0.913462,0.487159,0.0234375,-0.015625,0.488754
480,1.14062,2.6875,-0.361328,0.419922,2.35616,0.990768,2.69099,1.13125,8.52116,0.211451,1.32396,1.49773,0.557593,0.00304217,0,0,0,0,0,-0.15183,-0.408573,0.999741,0.517976,0.981022,0.500705,-0.140625,-0.09375,0.518222
481,1.38281,3.14062,-0.574219,0.675781,2.27119,0.988432,3.14581,1.36923,11.7709,0.265546,1.54933,2.1214,0.698513,0.00331741,0,0,0,0,0,-0.177709,-0.559037,0.999933,0.526978,0.985339,0.486742,-0.15625,-0.109375,0.518254
482,3.42188,4.21875,0.523438,0.324219,1.23288,0.891189,4.39221,3.11422,28.9898,0.228218,0.523113,1.62909,0.919276,0.00374859,0,0,0,0,0,-0.0596603,-0.26204,0.994252,1.57041,0.609125,1.96457,0.0625,-0.0625,0.571164
483,1.11719,1.76562,-0.128906,0.273438,1.58042,0.942995,1.79156,1.0643,4.34242,0.169532,0.959624,1.02133,0.246516,0.0024346,0,0,0,0,0,-0.110062,-0.197183,0.999873,0.520664,0.981342,0.497479,-0.0859375,-0.0625,0.52081
484,2.15625,2.6875,-0.0270996,0.00384521,1.24638,0.893687,2.79449,1.96565,11.673,0.0995109,0.688635,1.35362,0.437021,0.00280668,0,0,0,0,0,-0.0718788,-0.200865,0.909952,0.423905,0.934007,0.70583,0.03125,0.03125,0.455379
485,1.5,0.933594,0.104492,0.00280762,0.622396,0.733159,1.17834,1.16617,2.74844,0.108123,0.319973,0.373144,1.97204,0.00580476,0,0,0,0,0,-0.0290855,-0.0342726,0.792445,0.601557,0.884823,0.50432,0.015625,0,0.480931
486,1.71094,0.458984,0.242188,0.0216064,0.268265,0.605752,0.937516,1.15037,2.20229,0.303533,0.283146,0.325724,1.64763,0.00517116,0,0,0,0,0,-0.00348027,-0.00326281,0.107154,0.465138,0.955681,0.595571,0.03125,-0.0078125,0.385753
487,1.75781,1.20312,-0.259766,0.00445557,0.684444,0.753153,1.46368,1.39366,4.08466,0.152304,0.382788,0.533476,3.89162,0.00955394,0,0,0,0,0,-0.0393724,-0.0576287,0.896686,0.461573,0.960141,0.592826,0.015625,0.015625,0.439869
488,1.11719,-0.144531,0.294922,0.00244141,-0.129371,0.448532,0.375729,0.603181,0.505,0.110107,0.113608,0.0685264,5.9688,0.0136109,0,0,0,0,0,-0.000917623,-0.000344778,0.0704143,0.637612,0.82984,0.521321,0.0078125,0,0.556988
489,1.20312,4.71875,-0.546875,1.00781,3.92208,0.999956,4.71876,1.20307,23.7141,0.321222,2.17614,2.61804,0.544751,0.00301709,0,0,0,1,0,-0.249602,-1.17781,0.999927,0.537773,0.987066,0.473744,-0.21875,-0.1875,0.510835
490,1.32812,-0.695312,-0.113281,0.0220947,-0.523529,0.300303,0.248591,0.54019,0.353603,0.367556,0.460547,0.248783,0.762103,0.00344161,0,0,0,0,0,0.00485485,0.00120687,0.0918986,0.435829,0.972762,0.603692,0.171875,-0.0390625,0.243725
491,1.46094,0.832031,-0.227539,0.00364685,0.569519,0.715498,1.089,1.11734,2.43437,0.123137,0.304394,0.340112,3.76788,0.00931226,0,0,0,0,0,-0.0284551,-0.0309875,0.81495,0.585052,0.943609,0.461236,0.0078125,0.0117188,0.475369
492,1.54688,0.298828,0.365234,0.00872803,0.193182,0.576592,0.773568,1.00672,1.61189,0.202803,0.296064,0.298054,3.90943,0.00958873,0,0,0,0,0,-0.00676722,-0.00523491,0.199265,0.444296,0.948863,0.636228,0.0703125,-0.0273438,0.436694
493,0.765625,-0.332031,0.0791016,0.00552368,-0.433673,0.332263,0.168239,0.332622,0.138942,0.127797,0.129073,0.0429325,1.06432,0.00403187,0,0,0,0,0,0.000268133,4.51105e-05,0.0181102,0.598749,0.876488,0.520495,0,0,0.52194
494,1.27344,-0.376953,0.170898,0.010437,-0.296012,0.38361,0.343361,0.612964,0.493622,0.273689,0.389641,0.238836,1.67282,0.00522036,0,0,0,0,0,0.00316242,0.00108585,0.0707558,0.428609,0.979604,0.601015,0.140625,-0.0234375,0.224616
495,1.17969,3.21875,-0.380859,0.59375,2.72848,0.996819,3.21989,1.17625,11.7512,0.250393,1.53656,1.80738,0.494268,0.00291849,0,0,0,0,0,-0.176244,-0.567485,0.999937,0.527739,0.986401,0.484908,-0.148438,-0.109375,0.516088
496,2.70312,1.0625,-0.169922,0.00314331,0.393064,0.652864,1.69627,1.92139,6.56908,0.17293,0.651539,1.25186,3.03079,0.00787263,0,0,0,0,0,-0.0283322,-0.0480592,0.379094,0.401319,0.971631,0.647402,0.0625,0,0.414962
497,1.60938,-0.808594,0.169922,0.0202637,-0.502427,0.307684,0.313542,0.664674,0.5401,0.330685,0.441153,0.293223,1.19369,0.00428454,0,0,0,0,0,0.00367318,0.0011517,0.0725872,0.450304,0.978785,0.577794,0.125,-0.0351562,0.181717
498,1.33594,0.216797,0.279297,0.00698853,0.162281,0.564458,0.644113,0.85631,1.14815,0.10012,0.128052,0.109652,3.34098,0.00847847,0,0,0,0,0,-0.0110149,-0.00709483,0.749897,0.538896,0.90731,0.570234,0.0078125,0,0.474501
499,2.40625,2.1875,0.180664,0.0139771,0.909091,0.818349,2.42172,2.044,10.0427,0.191256,0.321413,0.656968,1.52814,0.00493778,0,0,0,0,0,-0.0296912,-0.0719039,0.805326,0.448796,0.920759,0.698915,0.046875,-0.015625,0.539428
500,2.35938,2.20312,-0.166016,0.0067749,0.933775,0.82479,2.42432,2.01429,9.9347,0.138576,0.341353,0.687586,2.01696,0.0058925,0,0,0,0,0,-0.0352237,-0.0853935,0.899576,0.391777,0.922482,0.85568,0.03125,0,0.517736
501,3.1875,4.375,-0.0917969,0.0159912,1.37255,0.915054,4.50124,2.95279,28.9801,0.197383,1.14282,3.37452,0.725917,0.00337093,0,0,0,0,0,-0.115277,-0.518888,0.879365,0.406994,0.92886,0.760261,0.046875,0.03125,0.435929
502,1.35938,-1.28906,-0.205078,0.0859375,-0.948276,0.171495,0.124577,0.375163,0.156267,0.534317,0.609842,0.22879,0.699565,0.00331946,0,0,0,0,0,0.0039709,0.000494684,0.0567647,0.456758,0.939276,0.637833,0.171875,-0.148438,0.328181
503,2.85938,2.4375,0.316406,0.017334,0.852459,0.80302,2.74571,2.3942,13.2711,0.189928,0.404263,0.967886,2.40323,0.00664694,0,0,0,0,0,-0.0401676,-0.110288,0.8662,0.513104,0.859612,0.81261,0.0625,-0.015625,0.510303
504,1.54688,0.996094,0.134766,0.00215149,0.643939,0.740193,1.24047,1.21078,3.00473,0.102342,0.227194,0.275081,2.90542,0.00762778,0,0,0,0,0,-0.0218084,-0.0270526,0.836823,0.559889,0.919447,0.520876,0.0078125,0.0078125,0.437377
505,3.26562,4.1875,0.100098,0.0131226,1.2823,0.900131,4.34023,2.99035,27.7797,0.174576,0.670044,2.00366,0.873805,0.00365978,0,0,0,0,0,-0.0668886,-0.290312,0.870274,0.335508,0.96247,1.15974,0.0625,0,0.47743
506,1.16406,0.882812,0.652344,0.0078125,0.758389,0.775891,1.03464,0.945138,1.96377,0.19463,0.203012,0.191874,7.38043,0.016368,0,0,0,0,0,-0.0138261,-0.0143051,0.593726,0.527073,0.934299,0.546072,0.0078125,0.0117188,0.502991
507,2.48438,2.65625,-0.0090332,0.00787354,1.06918,0.857506,2.84026,2.1823,12.8295,0.0864443,0.375921,0.820373,0.101802,0.00215196,0,0,0,0,0,-0.0410397,-0.116563,0.951732,0.345627,0.945064,1.05733,0.03125,0.015625,0.512368
508,1.28125,0.832031,0.378906,0.00241089,0.64939,0.741957,1.03276,1.00459,2.07579,0.10678,0.255343,0.256515,7.71691,0.0170252,0,0,0,0,0,-0.0245353,-0.0253391,0.837673,0.591714,0.916795,0.480174,0.0078125,0,0.47709
509,1.72656,0.582031,0.151367,0.0378418,0.337104,0.631981,1.02186,1.19683,2.4766,0.34053,0.316828,0.379191,0.778119,0.00347289,0,0,0,0,0,-0.00663526,-0.00678029,0.182575,0.505175,0.921242,0.598925,0.0546875,-0.0195312,0.360608
510,0.917969,0.21875,0.209961,0.00305176,0.238298,0.594175,0.485467,0.609173,0.60677,0.162739,0.256153,0.156042,3.8007,0.00937637,0,0,0,0,0,-0.018905,-0.00917775,0.643404,0.531388,0.931847,0.54363,0,0.000976562,0.501924
511,1.36719,0.78125,0.328125,0.00343323,0.571429,0.716145,1.0211,1.04626,2.13729,0.131906,0.263539,0.27573,5.6,0.0128906,0,0,0,0,0,-0.015685,-0.0160159,0.518854,0.791374,0.621594,0.509118,0.0390625,0.0078125,0.523771
