k,gamma,beta,running_mean,running_var,on_ratio,p_on,act_mean,act_std,act_second,pre_row_norm,final_col_norm,effective_contribution,mean_over_std,bn_input_rounding_noise,dead,mostly_off,flat,always_on,negative_gamma,mean_row_component,shared_contribution,column_shared_fraction,pre_row_rel_change,pre_row_cos_ref,pre_row_norm_ratio_ref,gamma_delta,beta_delta,final_col_rel_change,pre_row_velocity_norm,pre_row_velocity_cos_w,gamma_velocity,beta_velocity,final_col_velocity_norm
0,2.76719,3.31328,0.29493,0.00589602,1.19734,0.884414,3.46668,2.50006,18.2682,0.212243,0.512842,1.28214,3.84096,0.009455,0,0,0,0,0,-0.0434769,-0.150721,0.739064,0.615342,0.846984,0.5371,0.0640693,0.000783682,0.524771,0.0319368,0.00178527,0.000256494,-0.000383927,0.0437549
1,1.02416,-0.25975,0.083011,0.00226937,-0.253623,0.399893,0.291881,0.508671,0.343941,0.143043,0.212021,0.107849,1.74254,0.00535653,0,0,0,0,0,-0.000215598,-6.29292e-05,0.00886488,0.502755,0.967303,0.533209,0.0280634,-0.00193745,0.394415,0.0303803,-0.00218396,-0.00131497,-0.000172119,0.0308251
2,1.06822,4.47592,-0.490197,0.724553,4.19006,0.999986,4.47593,1.06821,21.175,0.275689,1.95047,2.08352,0.575885,0.0030779,0,0,0,1,0,-0.223693,-1.00124,0.999815,0.565143,0.986088,0.445944,-0.205213,-0.149076,0.527287,0.033935,-0.00604853,0.000146215,-0.00103488,0.0986877
3,1.24251,1.25124,-0.0407406,0.0376432,1.00702,0.843038,1.3545,1.07707,2.99474,0.119113,0.345003,0.371592,0.209983,0.00236325,0,0,0,0,0,-0.0379908,-0.0514585,0.959983,0.713222,0.78737,0.42871,0.0159513,-0.0221968,0.511858,0.0108454,-0.00144739,-0.000187065,-6.78579e-06,0.00704911
4,1.00824,0.405009,-0.0321604,0.00515497,0.401699,0.656047,0.638244,0.719452,0.924967,0.149837,0.232901,0.167561,0.447929,0.00282799,0,0,0,0,0,-0.0200719,-0.0128108,0.75132,0.606959,0.922227,0.454358,0.00823963,-0.00124121,0.535577,0.02692,0.000401452,-5.42073e-05,-4.62946e-06,0.0362986
5,1.32033,1.48687,-0.305245,0.243935,1.12614,0.869946,1.57373,1.17423,3.85546,0.166784,0.837112,0.982965,0.618033,0.00316022,0,0,0,0,0,-0.0959105,-0.150937,0.998825,0.544919,0.978056,0.474538,-0.0702955,-0.0600016,0.547748,0.02841,-0.00336826,-0.00015307,-0.000309293,0.0432453
6,1.64126,0.922576,-0.193318,0.0040534,0.562115,0.712981,1.21418,1.25241,3.04278,0.148537,0.318484,0.398874,3.03642,0.00788363,0,0,0,0,0,-0.0285716,-0.0346911,0.782083,0.540091,0.9432,0.517379,0.0162599,0.0124201,0.473981,0.027023,0.000345603,-0.000351744,-0.00010097,0.0255961
7,1.34609,-0.683781,-0.151945,0.00848282,-0.507977,0.305735,0.25954,0.553695,0.373939,0.260638,0.301502,0.16694,1.64974,0.00517527,0,0,0,0,0,0.00289921,0.000752461,0.0838294,0.491922,0.974331,0.536943,0.0648354,-0.0119056,0.287041,0.0953595,0.000114051,-0.00397007,-0.000684515,0.0191089
8,1.79122,-0.00034259,0.156245,0.00283287,-0.000191261,0.499924,0.71811,1.0431,1.60373,0.159576,0.51839,0.540731,2.93556,0.00768665,0,0,0,0,0,-0.0224273,-0.0161053,0.377161,0.418909,0.98285,0.606714,0.033403,0.00240399,0.45854,0.0347277,-0.00097087,-0.000371495,-0.000191316,0.0801091
9,1.38443,0.640603,0.283972,0.00618008,0.462719,0.678217,0.930245,1.0155,1.8966,0.16957,0.224195,0.22767,3.61226,0.00900831,0,0,0,0,0,-0.0111958,-0.0104149,0.435349,0.613226,0.806808,0.642535,0.0250566,-2.18153e-05,0.621917,0.103268,-1.63784e-05,-0.00162142,-0.00147331,0.0244785
10,1.50114,0.445678,0.00783889,0.00182772,0.296894,0.616726,0.849955,1.02213,1.76718,0.145035,0.374862,0.383158,0.183358,0.00231125,0,0,0,0,0,-0.0192043,-0.0163227,0.446615,0.516975,0.962598,0.522304,0.0167613,0.00427163,0.452744,0.0321282,8.40499e-06,-0.000107762,-8.34077e-06,0.0427888
11,1.87668,0.293333,0.128253,0.00361592,0.156304,0.562103,0.899221,1.1987,2.24549,0.173394,0.488622,0.585713,2.13284,0.00611883,0,0,0,0,0,-0.0214797,-0.019315,0.383232,0.478609,0.985751,0.537676,0.0251199,0.000364482,0.48955,0.0385043,0.0031873,0.000711252,0.000122349,0.0746887
12,1.39995,-0.247366,0.0432289,0.00541293,-0.176697,0.429873,0.438011,0.73548,0.732785,0.197392,0.263969,0.194144,0.587567,0.00310072,0,0,0,0,0,0.000507542,0.000222309,0.016762,0.390299,0.961431,0.684513,0.056196,-0.0168975,0.454113,0.0388833,-0.000428657,0.000213654,0.000246233,0.0128641
13,1.49578,-0.903019,0.12532,0.0190521,-0.60371,0.273018,0.250784,0.567453,0.384895,0.323944,0.39218,0.222544,0.907925,0.00372642,0,0,0,0,0,0.00440208,0.00110397,0.0978542,0.43256,0.980661,0.59491,0.097345,-0.0319251,0.170961,0.0624624,0.000581772,-0.000321584,-0.000347479,0.0130245
14,3.39084,4.15784,0.500043,0.301413,1.2262,0.889938,4.33159,3.08336,28.2698,0.218893,0.518674,1.59926,0.910806,0.00373204,0,0,0,0,0,-0.0591463,-0.256197,0.994122,1.53238,0.631743,1.9536,0.0783446,-0.0609069,0.566684,0.0455434,0.00111608,3.96212e-05,-0.00041906,0.0166186
15,2.5946,2.17293,0.345784,0.00333665,0.837481,0.798839,2.46195,2.16181,10.7347,0.159581,0.573267,1.2393,5.98617,0.0136449,0,0,0,0,0,-0.0437871,-0.107802,0.665881,0.429843,0.968541,0.61806,0.0321045,0.0166807,0.468149,0.0415204,-0.000541968,-0.000140216,-2.57665e-05,0.0756739
16,2.43788,2.89174,0.0758139,0.0044093,1.18617,0.882222,3.03084,2.19706,14.0131,0.109774,0.474433,1.04236,1.14173,0.00418307,0,0,0,0,0,-0.0477304,-0.144663,0.877056,0.280885,0.959746,0.956781,0.0316279,0.0167377,0.47864,0.0202446,-5.39771e-05,-5.48089e-05,-0.000143549,0.0461644
17,2.11024,0.535264,-0.00588656,0.00237804,0.253651,0.600117,1.13665,1.40979,3.27948,0.13551,0.376263,0.530452,0.120712,0.00218889,0,0,0,0,0,-0.0115627,-0.0131428,0.267902,0.430257,0.978503,0.600894,0.0321145,0.000107348,0.44256,0.0364645,-4.62199e-05,-3.56974e-05,0.000156969,0.0413543
18,1.43866,0.237491,0.238282,0.00143194,0.165078,0.565559,0.695651,0.923666,1.33709,0.117019,0.342056,0.315945,6.29695,0.0142519,0,0,0,0,0,-0.0112269,-0.00780999,0.286134,0.510713,0.966997,0.524379,0.0324081,0.00213911,0.455721,0.0271391,-0.000871664,-0.000194643,-9.21956e-05,0.0350876
19,1.1335,-0.679683,0.131839,0.00246466,-0.599634,0.274375,0.191155,0.431565,0.222788,0.148833,0.220311,0.0950784,2.65562,0.00713988,0,0,0,0,0,0.000724693,0.000138529,0.0286764,0.495273,0.964955,0.544915,0.0319332,4.64916e-06,0.365428,0.0318976,-0.0033839,-0.00140185,-0.00018622,0.0339002
20,1.19557,0.256063,0.224309,0.00282214,0.214177,0.584796,0.613888,0.785139,0.993303,0.0735869,0.134347,0.105481,4.22239,0.0102,0,0,0,0,0,-0.0116406,-0.00714601,0.75536,0.644178,0.840223,0.492459,0.00806785,0.000203937,0.518293,0.0339061,0.00154058,9.07656e-05,0.000270269,0.0326748
21,1.321,0.68879,-0.089657,0.0520757,0.521415,0.698961,0.937059,0.995083,1.86827,0.172167,0.500651,0.498189,0.392886,0.00272048,0,0,0,0,0,-0.0536559,-0.0502787,0.934305,0.600707,0.913532,0.471503,-0.0227495,-0.0299603,0.555645,0.0273867,-0.000135831,-0.000218666,0.000218477,0.0353704
22,1.29737,0.48725,-0.0136472,0.0376267,0.375569,0.646381,0.799656,0.914946,1.47657,0.155518,0.446609,0.408623,0.070355,0.00209054,0,0,0,0,0,-0.0467753,-0.0374042,0.913055,0.589664,0.93988,0.459175,-0.0151335,-0.0244687,0.559151,0.0225131,-0.000601153,9.82447e-05,0.000102667,0.0262973
23,1.11617,2.31648,-0.430622,0.310686,2.07538,0.981024,2.32441,1.09694,6.60617,0.184315,1.12891,1.23835,0.772564,0.00346204,0,0,0,0,0,-0.129486,-0.300978,0.999925,0.536878,0.981761,0.479673,-0.118203,-0.0741403,0.53792,0.0305809,-0.00481576,7.44472e-05,-0.000560498,0.0574687
24,2.97065,2.40703,0.339847,0.00987319,0.810271,0.791108,2.7574,2.45312,13.621,0.193307,0.578126,1.41821,3.42022,0.00863324,0,0,0,0,0,-0.0341961,-0.0942921,0.515657,0.434377,0.977796,0.597311,0.0956459,0.000778198,0.428748,0.0496715,-0.000965203,-0.000120311,0.000160218,0.0507175
25,1.33682,0.66689,-0.387414,0.00786915,0.498863,0.691062,0.92906,0.996763,1.85669,0.249023,0.361604,0.360434,4.36729,0.010483,0,0,0,0,0,-0.0144308,-0.0134071,0.347909,0.525061,0.875636,0.669658,0.0868206,-0.0206096,0.429096,0.191823,-0.00179566,0.000593525,0.00207515,0.0304164
26,1.40651,0.406487,0.107319,0.00181434,0.289004,0.613711,0.789302,0.954367,1.53381,0.095668,0.164269,0.156773,2.51953,0.00687408,0,0,0,0,0,-0.012688,-0.0100147,0.673356,0.534022,0.94603,0.521586,0.00807357,0.00609657,0.48485,0.0248181,-0.00184891,-0.000109307,-2.83397e-05,0.0332262
27,1.31968,2.08174,-0.583339,0.351856,1.57746,0.942655,2.11254,1.25693,6.04272,0.195675,1.09054,1.37074,0.983419,0.00387387,0,0,0,0,0,-0.125074,-0.264223,0.999836,0.539617,0.982053,0.47647,-0.102191,-0.074506,0.539924,0.0330202,-0.00559508,0.000116385,-0.00040722,0.0557089
28,1.32797,2.22284,0.543051,0.120076,1.67386,0.952921,2.24883,1.27345,6.67891,0.338537,0.870701,1.10879,1.56716,0.00501398,0,0,0,0,0,-0.0975967,-0.219478,0.977176,0.69593,0.780506,0.474715,-0.0704632,-0.0271614,0.549091,0.0423954,0.000278787,0.00179603,-0.00178833,0.0369835
29,1.5554,0.993097,0.097165,0.00150038,0.638484,0.738421,1.24086,1.21536,3.01683,0.108577,0.360569,0.43822,2.50847,0.00685248,0,0,0,0,0,-0.0323163,-0.0400999,0.78134,0.588306,0.895363,0.510942,0.0163367,0.0126285,0.461799,0.0258246,0.000230144,-6.80398e-05,-0.000210401,0.0557945
30,1.2738,0.51255,-0.0433974,0.0401043,0.402377,0.656297,0.806905,0.90923,1.47779,0.148345,0.412136,0.374726,0.216705,0.00237638,0,0,0,0,0,-0.0439787,-0.0354866,0.93027,0.59494,0.94837,0.445022,-0.0152583,-0.0187003,0.565787,0.0183445,0.00213037,-0.000430199,-0.000340923,0.023376
31,1.15659,0.833589,-0.0839109,0.0405266,0.720731,0.764463,0.994927,0.927709,1.85052,0.191546,0.537398,0.498549,0.41682,0.00276723,0,0,0,0,0,-0.057832,-0.0575386,0.938164,0.573661,0.938197,0.480704,-0.0230999,-0.0296922,0.549358,0.0308787,0.00010347,0.00028101,0.000146552,0.0377434
32,1.4461,1.30562,-0.171666,0.00404943,0.902852,0.816698,1.44769,1.22685,3.60096,0.152983,0.337522,0.414088,2.69766,0.00722199,0,0,0,0,0,-0.0334819,-0.0484714,0.864798,0.575557,0.855081,0.605222,0.0164139,0.00874054,0.43975,0.0407708,-0.000349921,-0.000250417,6.64096e-05,0.0146929
33,1.89148,2.59554,-0.0394243,0.00452702,1.37222,0.915003,2.6705,1.75213,10.2015,0.162579,0.616543,1.08026,0.585946,0.00309755,0,0,0,0,0,-0.0615329,-0.164323,0.870062,0.564757,0.941379,0.488449,0.0242959,0.0174108,0.478369,0.0278668,-0.000587002,-3.05055e-05,-0.00041519,0.0484299
34,1.17229,0.185249,0.153525,0.0193543,0.158024,0.562781,0.562714,0.749537,0.878453,0.124162,0.350297,0.262561,1.10355,0.00410849,0,0,0,0,0,-0.035756,-0.0201204,0.889854,0.586125,0.941158,0.462283,-0.00740159,-0.0159227,0.556217,0.0206228,-0.0020656,-0.000126484,0.000181682,0.0265903
35,0.953323,0.0598632,-0.0871015,0.025447,0.0627942,0.525035,0.412216,0.576239,0.501973,0.12044,0.295183,0.170096,0.546019,0.00301957,0,0,0,0,0,-0.0301778,-0.0124398,0.891258,0.599851,0.921338,0.464518,-0.00761485,-0.0104493,0.536359,0.023801,-0.00178229,7.34348e-05,-0.000229573,0.02381
36,1.09381,0.164314,-0.0339929,0.00289224,0.150222,0.559705,0.520779,0.696166,0.755858,0.0896922,0.11218,0.0780958,0.632079,0.00318765,0,0,0,0,0,-0.00911016,-0.00474438,0.707975,0.640768,0.845922,0.490722,6.36578e-05,0.000251874,0.557586,0.0132646,4.98626e-05,0.000228747,-6.39069e-05,0.0154319
37,2.12591,2.15692,-0.279297,0.00866424,1.01459,0.84485,2.33125,1.84578,8.84166,0.151727,0.315306,0.581986,3.00055,0.00781358,0,0,0,0,0,-0.0324266,-0.0755946,0.896553,0.515992,0.90217,0.619047,0.032156,0.000674725,0.52741,0.0350552,-0.000793276,-0.000469008,-2.69442e-05,0.0193903
38,0.89505,-0.543041,-0.106985,0.00156048,-0.606715,0.27202,0.149418,0.338652,0.137011,0.102821,0.141594,0.0479512,2.70828,0.00724273,0,0,0,0,0,0.00383605,0.000573173,0.236181,0.531094,0.900593,0.595423,0.016144,-7.19428e-05,0.455333,0.0200282,0.000328352,-9.2522e-05,-7.00581e-05,0.0124431
39,3.51648,4.46934,0.0276873,0.0123959,1.27097,0.898131,4.63696,3.21548,31.8407,0.129851,0.583077,1.87487,0.248681,0.00243883,0,0,0,0,0,-0.0640555,-0.297023,0.957717,0.239133,0.97111,0.986612,0.0633533,0.000591755,0.521397,0.0223083,0.000913946,-0.000421456,6.62929e-06,0.00260262
40,2.25142,0.112006,0.0724273,0.00386176,0.049749,0.519839,0.958829,1.35041,2.74297,0.188043,0.50692,0.684552,1.16549,0.00422948,0,0,0,0,0,-0.0158048,-0.0151541,0.271804,0.491631,0.971041,0.541365,0.0639224,-0.00420491,0.41508,0.0300363,-0.000192691,-0.000323537,-1.49406e-05,0.0687939
41,1.22689,0.84901,-0.114293,0.160595,0.691999,0.755531,1.02864,0.975077,2.00888,0.131185,0.596283,0.581421,0.285203,0.00251016,0,0,0,0,0,-0.0682937,-0.0702497,0.998471,0.540566,0.972998,0.484187,-0.0387304,-0.0455211,0.552563,0.023215,0.00222488,-7.24129e-05,-4.86952e-05,0.0321432
42,1.4146,3.58393,-0.05647,0.298739,2.53353,0.994354,3.58657,1.40713,14.8435,0.440624,1.35037,1.90014,0.103317,0.00215492,0,0,0,0,0,-0.152689,-0.547632,0.985743,0.654908,0.842327,0.47028,-0.0541512,-0.0566938,0.546617,0.0417584,0.00203192,0.000739771,0.000115798,0.0484966
43,1.25069,0.77904,-0.00399217,0.0572129,0.62289,0.733322,0.982958,0.972494,1.91195,0.20794,0.548259,0.533178,0.0166902,0.00198572,0,0,0,0,0,-0.0581888,-0.0571972,0.925253,0.605338,0.926041,0.45277,-0.0305625,-0.0334595,0.547759,0.0347694,0.00189515,-0.000933752,-0.000218596,0.0360564
44,0.886929,0.0873438,-0.1406,0.0358217,0.0984789,0.539224,0.399333,0.547539,0.459266,0.0729005,0.254525,0.139362,0.742867,0.00340404,0,0,0,0,0,-0.0286774,-0.0114518,0.982236,0.575058,0.94034,0.476734,-0.0115083,-0.0156836,0.560135,0.0126988,-0.000910657,-7.52041e-05,-9.06159e-05,0.0154728
45,1.2816,0.931271,-0.287824,0.197075,0.726645,0.766278,1.10822,1.02995,2.28895,0.143477,0.661156,0.680954,0.648352,0.00321944,0,0,0,0,0,-0.0757917,-0.0839942,0.999366,0.534373,0.977235,0.486783,-0.0465207,-0.0491973,0.550463,0.0253539,-0.00143384,-2.26497e-05,-0.000165104,0.0354667
46,1.38318,1.0564,-0.435354,0.236312,0.763747,0.777491,1.23503,1.125,2.79092,0.157749,0.734789,0.826639,0.895569,0.00370228,0,0,0,0,0,-0.0841958,-0.103984,0.998929,0.536229,0.979191,0.482847,-0.0465065,-0.0529747,0.549882,0.0272144,0.000777885,1.18787e-05,-0.000158801,0.0393144
47,1.1572,-0.44352,0.081704,0.00277367,-0.38327,0.35076,0.275423,0.521962,0.348303,0.155776,0.191328,0.099866,1.55137,0.00498314,0,0,0,0,0,0.00169527,0.000466917,0.0772446,0.54628,0.918943,0.540952,0.0321985,-0.00602004,0.403672,0.0270106,0.00169089,-0.000344798,-0.000115294,0.0062073
48,0.815927,-0.711348,0.0790933,0.0155677,-0.871828,0.191651,0.0841441,0.24313,0.0661926,0.28045,0.314669,0.0765057,0.63391,0.00319123,0,0,0,0,0,0.00149916,0.000126146,0.0415338,0.56666,0.910956,0.522441,0.0893646,-0.0668166,0.351834,0.0750073,-0.000670719,-0.00907484,-0.00290484,0.0190445
49,3.12663,0.574188,-0.0624484,0.00385259,0.183645,0.572854,1.54457,2.02657,6.49267,0.177354,0.557861,1.13054,1.00611,0.00391818,0,0,0,0,0,-0.00418692,-0.00646697,0.0654298,0.402754,0.93607,0.740014,0.0953794,-0.0156555,0.391737,0.0243608,0.000872388,-0.000117296,4.7447e-05,0.0699377
50,1.39085,0.668331,0.0564723,0.00446324,0.480519,0.684571,0.950343,1.02847,1.9609,0.0920341,0.182791,0.187995,0.845299,0.0036041,0,0,0,0,0,-0.0151936,-0.0144391,0.724623,0.577035,0.891764,0.533696,0.00803912,0.00426823,0.494489,0.0223087,-0.000646903,-0.000134144,8.01608e-05,0.0263086
51,1.28857,-1.10231,-0.789068,0.0225782,-0.85545,0.196151,0.137966,0.38958,0.170807,0.416372,0.467508,0.182132,5.25133,0.0122096,0,0,0,0,0,0.00431702,0.000595602,0.0805012,0.487529,0.944205,0.584752,0.155759,-0.0476211,0.181045,0.111462,-0.00190059,-0.0123439,-0.000566949,0.0410094
52,1.00513,5.85255,-0.508919,1.12886,5.82266,1,5.85255,1.00513,35.2627,0.341592,2.46776,2.48043,0.478992,0.00288866,0,0,0,1,0,-0.28299,-1.65621,0.999713,0.540607,0.988957,0.46906,-0.26049,-0.209947,0.52774,0.0324279,0.000924802,0.000169218,-0.00129069,0.124264
53,2.25052,2.23519,-0.283183,0.0116725,0.993189,0.839691,2.42674,1.94519,9.67283,0.111599,0.318684,0.619899,2.62111,0.00707249,0,0,0,0,0,-0.0333968,-0.0810454,0.91359,0.5329,0.90017,0.593107,0.0317709,0.0164423,0.512519,0.0343969,0.000435422,-5.34012e-05,0.000110648,0.0130912
54,2.31338,2.04823,-0.193636,0.00484552,0.885384,0.812025,2.28139,1.95574,9.02966,0.178287,0.534394,1.04514,2.78173,0.00738619,0,0,0,0,0,-0.0479455,-0.109382,0.782155,0.54279,0.93773,0.520647,0.0321319,0.00135708,0.470448,0.0564122,-0.00120403,-0.000292786,-0.000408777,0.0691665
55,2.76985,1.31361,-0.0609422,0.00375204,0.474254,0.68234,1.88152,2.04236,7.71138,0.232193,0.858282,1.75292,0.994911,0.00389631,0,0,0,0,0,-0.0373719,-0.0703161,0.379597,0.476054,0.959535,0.575693,0.113597,0.00892258,0.397118,0.0693847,-0.000206582,3.64034e-05,-0.000185942,0.112027
56,2.03439,0.28019,0.458972,0.0185433,0.137727,0.554772,0.95589,1.28532,2.56578,0.372581,0.395518,0.508368,3.37048,0.0085361,0,0,0,0,0,0.00279733,0.00267394,0.0616573,0.507281,0.955397,0.542944,0.0968885,-0.0420756,0.203079,0.0546431,0.000926469,0.0014728,0.000122424,0.00995403
57,1.70391,1.94705,-0.0631705,0.00397711,1.1427,0.873418,2.05504,1.52089,6.53628,0.131127,0.540975,0.822762,1.00168,0.00390954,0,0,0,0,0,-0.055621,-0.114303,0.896331,0.535221,0.944083,0.522473,0.0164065,0.0251733,0.467274,0.0298232,-0.000771295,-5.23607e-05,-0.000530641,0.054094
58,1.17258,0.583387,-0.218619,0.0371953,0.497523,0.69059,0.813917,0.873773,1.42594,0.174355,0.446896,0.390486,1.13356,0.00416711,0,0,0,0,0,-0.0477987,-0.0389042,0.932429,0.609164,0.914632,0.458965,-0.0227294,-0.0259876,0.546246,0.02779,0.00076864,-0.000784599,-0.000729897,0.0303178
59,2.20556,1.82858,0.261716,0.00446532,0.829079,0.79647,2.07873,1.83259,7.67952,0.119554,0.504053,0.923725,3.91655,0.00960264,0,0,0,0,0,-0.047712,-0.0991804,0.825197,0.684114,0.73145,0.786506,0.0180604,0.0238962,0.456468,0.150872,-0.000837482,-0.000945377,0.00120766,0.0459547
60,1.90003,1.18032,0.0234679,0.00277315,0.621211,0.73277,1.49087,1.47662,4.40313,0.152455,0.494746,0.730554,0.445643,0.00282352,0,0,0,0,0,-0.0277702,-0.0414019,0.489332,0.463471,0.972631,0.571612,0.0406532,0.00844288,0.442483,0.0332099,-0.0014611,-0.000347238,-0.000215607,0.0719552
61,1.3757,-0.292826,-0.0355208,0.000946158,-0.212856,0.41572,0.412398,0.70401,0.665702,0.100598,0.277486,0.195353,1.15478,0.00420856,0,0,0,0,0,-0.0144976,-0.00597879,0.455473,0.460186,0.942246,0.626654,0.0241419,0.000142395,0.472772,0.024047,-0.00285788,-0.000259382,-0.00012075,0.0426903
62,1.19466,1.93308,-0.273903,0.289029,1.6181,0.947179,1.95906,1.14109,5.14,0.176372,1.00413,1.1458,0.509479,0.0029482,0,0,0,0,0,-0.115168,-0.22562,0.999879,0.539404,0.981564,0.477159,-0.0943983,-0.0669187,0.538605,0.0301821,0.00195533,9.47209e-05,-0.000440549,0.0515039
63,1.33827,1.17991,0.307205,0.00442655,0.881664,0.811021,1.31551,1.13054,3.00869,0.160338,0.300477,0.339701,4.61738,0.0109714,0,0,0,0,0,-0.025,-0.0328879,0.725331,0.639618,0.82414,0.526957,0.033587,-0.0154035,0.536715,0.113061,-0.00217918,-0.000271262,0.00138501,0.0426206
64,3.44031,0.582348,-0.263672,0.00605435,0.169272,0.567209,1.67075,2.21423,7.69422,0.222654,0.857262,1.89818,3.38868,0.00857163,0,0,0,0,0,-0.0215366,-0.0359822,0.219013,0.37914,0.975677,0.666334,0.112186,-0.00358999,0.427351,0.0413761,0.000290387,-0.000291336,-1.19792e-05,0.11316
65,1.27379,0.802132,-0.183829,0.169211,0.629719,0.735561,1.00772,0.992582,2.00072,0.133669,0.605075,0.600587,0.446889,0.00282596,0,0,0,0,0,-0.0693351,-0.0698706,0.998966,0.538752,0.972605,0.486587,-0.0387063,-0.0455244,0.55243,0.0245048,5.32879e-05,1.89227e-05,-7.65515e-05,0.0325561
66,0.570651,-0.277284,-0.326212,0.00186036,-0.485908,0.313516,0.114592,0.238541,0.0700331,0.121036,0.12999,0.0310078,7.56312,0.0167248,0,0,0,0,0,-0.00577144,-0.000661361,0.387064,0.566425,0.879306,0.572686,0.0198695,-0.00970548,0.475476,0.0166618,0.00139743,-6.37318e-05,-0.000185141,0.00964959
67,1.35275,0.215244,-0.203612,0.030042,0.159116,0.563211,0.650078,0.865477,1.17165,0.237036,0.524889,0.454279,1.17473,0.00424752,0,0,0,0,0,-0.0513847,-0.0334041,0.853441,0.555107,0.915502,0.533025,0.00118792,-0.00545934,0.512285,0.0538,-0.000291048,0.00168689,0.000567508,0.053837
68,1.9391,1.24352,-0.960944,0.00401151,0.641286,0.739332,1.5511,1.51651,4.70571,0.15604,0.637531,0.966825,15.172,0.031586,0,0,0,0,0,-0.04792,-0.0743285,0.655274,0.516804,0.899058,0.624482,0.0641043,0.0169586,0.43869,0.0255093,-0.0016896,-0.000281864,-0.000299146,0.0724713
69,2.18862,1.78166,-0.21194,0.01108,0.814056,0.792193,2.0378,1.80957,7.42718,0.178307,0.279249,0.505322,2.01346,0.00588566,0,0,0,0,0,-0.0232755,-0.0474308,0.726631,0.523549,0.871787,0.687081,0.0167456,0.00822139,0.547339,0.124685,-0.000392792,0.000502304,0.000994615,0.0236979
70,1.59439,2.03277,-0.0877694,0.00840302,1.27495,0.898837,2.10826,1.45864,6.57239,0.161163,0.526055,0.767324,0.957471,0.00382318,0,0,0,0,0,-0.0500869,-0.105596,0.830041,0.545026,0.953322,0.499586,0.0240732,0.0171402,0.499256,0.0302111,-0.000429582,-7.74227e-05,-7.40022e-05,0.0363877
71,2.98529,1.84444,0.33594,0.0091401,0.617844,0.731661,2.3348,2.3176,10.8226,0.294735,0.558292,1.2939,3.51387,0.00881615,0,0,0,0,0,-0.019503,-0.0455358,0.304543,0.313696,0.967948,0.77999,0.0634124,-0.00712049,0.434853,0.0339987,0.000735607,-0.000154622,-0.000402981,0.0563283
72,2.22425,-0.0910381,0.1985,0.0419763,-0.0409298,0.483676,0.84641,1.26451,2.31539,0.424674,0.45454,0.574769,0.968857,0.00384542,0,0,0,0,0,0.00350943,0.00297042,0.0673087,0.488979,0.944769,0.581879,0.0679991,-0.0424542,0.44791,0.172569,-0.000220002,-0.00842525,-0.00387074,0.0429438
73,1.2419,1.7217,-0.307599,0.261361,1.38635,0.917179,1.76953,1.15253,4.45957,0.169195,0.910783,1.04971,0.601678,0.00312828,0,0,0,0,0,-0.104411,-0.184759,0.9994,0.53955,0.979091,0.479358,-0.0862241,-0.0595461,0.542996,0.0286649,0.00134954,-7.73946e-05,-0.000358476,0.0473015
74,1.36177,1.00748,0.330183,0.0116082,0.739831,0.770299,1.19118,1.09904,2.62681,0.193104,0.233802,0.256958,3.06459,0.00793864,0,0,0,0,0,-0.0193063,-0.0229974,0.719876,0.475928,0.900747,0.70619,0.0492746,-0.0315799,0.555305,0.0810632,0.00097333,0.000388076,-0.00174305,0.0121337
75,3.89289,2.1265,-0.361333,0.00512207,0.546251,0.707553,2.83302,2.95627,16.7655,0.222585,0.921205,2.72333,5.04876,0.011814,0,0,0,0,0,-0.0695543,-0.197049,0.658225,0.4068,0.969462,0.644897,0.049144,0.0171227,0.431521,0.045589,0.000322051,-0.000260057,-0.000110277,0.134208
76,1.03975,0.273566,0.187314,0.00176862,0.263109,0.603767,0.566316,0.697507,0.80723,0.130247,0.210167,0.146593,4.45402,0.0106524,0,0,0,0,0,-0.00882946,-0.00500026,0.366248,0.504302,0.949,0.5554,0.00849593,0.000128984,0.486499,0.0250112,0.000594775,0.000482846,0.000109805,0.0423432
77,1.19397,2.89556,-0.281159,0.452707,2.42514,0.992349,2.89866,1.1855,9.80764,0.22072,1.35496,1.6063,0.417872,0.00276928,0,0,0,0,0,-0.15541,-0.45048,0.999902,0.555598,0.984029,0.45772,-0.141963,-0.10444,0.536743,0.03286,-0.00531022,0.000108745,-0.00068955,0.0696436
78,1.50047,1.98593,0.0707336,0.0124828,1.32354,0.907172,2.05119,1.3812,6.11511,0.148244,0.466332,0.644098,0.633095,0.00318964,0,0,0,0,0,-0.0481347,-0.0987335,0.899849,0.586028,0.941633,0.461944,0.0239104,0.00155663,0.495452,0.0177621,9.73409e-05,5.1151e-05,-0.000477031,0.0242981
79,1.02862,5.60227,-0.469975,1.06314,5.44638,1,5.60227,1.02862,32.4435,0.331216,2.38371,2.45193,0.455807,0.00284337,0,0,0,1,0,-0.273331,-1.53127,0.999638,0.553254,0.98982,0.455186,-0.252629,-0.178983,0.526593,0.0332519,0.00408818,0.000294363,-0.00115971,0.119816
80,1.92277,1.95494,-0.184896,0.00327833,1.01673,0.84536,2.11201,1.67017,7.25005,0.122934,0.596764,0.996695,3.22924,0.00826024,0,0,0,0,0,-0.0607973,-0.128405,0.888154,0.49556,0.943512,0.575009,0.0243287,0.0252523,0.458593,0.0221584,-0.00134582,-0.000223998,-5.58675e-05,0.0632198
81,2.95425,3.00151,0.198249,0.00712317,1.016,0.845185,3.24316,2.56574,17.1011,0.209487,0.699689,1.79522,2.34895,0.00654091,0,0,0,0,0,-0.0622232,-0.2018,0.775272,0.537383,0.887838,0.610283,0.063621,0.0327592,0.542572,0.0310073,-2.5661e-05,-7.48617e-05,-0.000303149,0.0262998
82,2.15657,2.18909,-0.108807,0.00339862,1.01508,0.844966,2.36578,1.8726,9.10357,0.0899085,0.545797,1.02206,1.86641,0.00559845,0,0,0,0,0,-0.0601424,-0.142284,0.96063,0.389484,0.958008,0.694424,0.0315726,0.0172188,0.456654,0.0133946,0.000569248,-9.66246e-05,-0.000223944,0.041278
83,1.19606,2.36175,0.234599,0.138802,1.9746,0.975843,2.37231,1.17117,6.99951,0.147404,0.664114,0.77779,0.62969,0.00318299,0,0,0,0,0,-0.0755975,-0.179341,0.992366,0.665744,0.819339,0.480915,0.0476265,-0.0601254,0.502062,0.024388,-0.000520293,-0.000429945,-0.000197048,0.0264884
84,1.06273,2.53514,0.416595,0.0417627,2.3855,0.991472,2.53818,1.05449,7.55432,0.30865,0.701534,0.739763,2.03854,0.00593465,0,0,0,0,0,-0.0735401,-0.186658,0.913865,0.574835,0.913816,0.507005,0.0744475,-0.0586121,0.520885,0.0467518,0.000843825,0.000525247,-0.00111985,0.0535928
85,1.40826,0.346238,0.131754,0.00307359,0.245863,0.597106,0.751547,0.937618,1.44395,0.166717,0.462454,0.433605,2.37652,0.00659476,0,0,0,0,0,-0.025317,-0.0190269,0.477256,0.50315,0.975452,0.523052,0.0254431,0.00248775,0.488906,0.0323781,-0.000514137,-0.000465114,2.1434e-05,0.0478493
86,1.69556,2.56447,0.0300348,0.143049,1.51246,0.934791,2.61279,1.60044,9.38809,0.284556,0.434764,0.695816,0.0794114,0.00210823,0,0,0,0,0,-0.0457935,-0.119649,0.91824,0.540636,0.93573,0.526001,0.0471265,-0.0605311,0.518332,0.0235561,-0.000430206,-0.00043814,-8.52684e-05,0.0147493
87,1.2577,1.53385,-0.293424,0.258012,1.21957,0.888686,1.59951,1.14195,3.86249,0.165252,0.859981,0.982057,0.577665,0.00308138,0,0,0,0,0,-0.0986251,-0.157752,0.999782,0.535758,0.981731,0.480899,-0.0704231,-0.0598954,0.544011,0.0279464,-0.00203548,-1.26568e-05,-0.000315434,0.044635
88,1.1344,-0.212177,-0.0767527,0.00501435,-0.187038,0.425815,0.350677,0.59153,0.472883,0.214902,0.280056,0.165662,1.08389,0.0040701,0,0,0,0,0,0.00314761,0.00110379,0.097981,0.474805,0.982691,0.545517,0.0797168,-0.0139344,0.363692,0.0287701,-0.00142394,-0.000319142,2.85361e-05,0.00574909
89,1.16487,-0.0184746,0.0747915,0.000957972,-0.0158598,0.493673,0.457876,0.672098,0.661367,0.095369,0.221674,0.148987,2.41644,0.00667273,0,0,0,0,0,-0.00558271,-0.00255619,0.219552,0.47095,0.966808,0.571192,0.0242401,0.000568409,0.435525,0.0182277,-0.000889946,-0.000159696,-3.78673e-05,0.0303138
90,2.76586,3.25088,-0.00370765,0.00722049,1.17536,0.880075,3.41304,2.48666,17.8323,0.0946209,0.437184,1.08713,0.043633,0.00203835,0,0,0,0,0,-0.0479802,-0.163759,0.956765,0.387038,0.96289,1.2403,0.047107,0.000882387,0.521675,0.00498994,-0.00125838,-0.000143647,-0.000130542,0.00194914
91,3.22163,0.938432,0.0670917,0.00723867,0.291291,0.614586,1.8126,2.1882,8.07373,0.229863,0.84241,1.84336,0.788569,0.0034933,0,0,0,0,0,-0.0364357,-0.0660434,0.37706,0.46361,0.969453,0.57604,0.0497513,0.00874466,0.447648,0.0268448,0.00265007,-0.000588711,-0.000141619,0.107317
92,1.11754,0.704343,-0.298464,0.139167,0.630264,0.735739,0.884568,0.87097,1.54105,0.122181,0.544604,0.474333,0.800064,0.00351575,0,0,0,0,0,-0.06238,-0.0551793,0.998554,0.526179,0.977046,0.495919,-0.0387138,-0.0417505,0.55119,0.0210523,0.0017286,4.27011e-05,-0.000151202,0.0289962
93,2.43755,2.76702,0.369011,0.143911,1.13516,0.871846,2.92417,2.17213,13.2689,0.147108,0.356452,0.774261,0.972731,0.00385299,0,0,0,0,0,-0.040636,-0.118827,0.99384,1.7543,0.574546,2.12622,0.0469289,-0.0454845,0.56555,0.0320895,0.0012357,-7.31043e-05,-0.000198248,0.00988546
94,1.09445,-0.109695,0.169923,0.00155956,-0.100228,0.460082,0.38403,0.600969,0.508642,0.121744,0.254212,0.152774,4.30281,0.0103571,0,0,0,0,0,-0.0101799,-0.00390939,0.349104,0.548891,0.945906,0.503165,0.00851333,0.000168249,0.500092,0.0197442,-0.00148535,-0.000147635,1.07741e-05,0.0377092
95,1.24266,0.610653,-0.0728464,0.0377693,0.491407,0.688431,0.857715,0.923432,1.5884,0.192822,0.508047,0.469146,0.374834,0.00268522,0,0,0,0,0,-0.0537323,-0.046087,0.922017,0.594254,0.914873,0.478833,-0.022962,-0.0299718,0.543346,0.034745,0.00087312,0.000336109,0.000286794,0.0385524
96,1.21923,-0.118169,0.0952885,0.00107547,-0.0969205,0.461395,0.429831,0.670778,0.634699,0.105798,0.199254,0.133655,2.90564,0.00762819,0,0,0,0,0,-0.00242457,-0.00104215,0.10608,0.490441,0.932936,0.599917,0.016109,-0.00195777,0.4472,0.0180666,-0.000724589,-6.41119e-05,3.66752e-06,0.025133
97,1.11749,0.266252,-0.0851431,0.0756224,0.23826,0.59416,0.590954,0.741562,0.899141,0.0964237,0.356129,0.264092,0.309617,0.00255785,0,0,0,0,0,-0.040441,-0.0238988,0.98997,0.558066,0.947815,0.489785,-0.0153264,-0.0228104,0.559475,0.0160621,0.00292507,5.11766e-05,4.343e-05,0.0206059
98,2.45318,2.7818,0.00357517,0.00475877,1.13396,0.871594,2.9404,2.18547,13.4222,0.0775327,0.380553,0.831689,0.0518261,0.00205435,0,0,0,0,0,-0.0417097,-0.122643,0.955494,0.35018,0.945581,1.075,0.0313008,0.0161798,0.518093,0.00936849,-0.00216836,-0.000182423,-6.26265e-05,0.00169067
99,1.53454,0.647894,-0.213178,0.00859957,0.422206,0.663563,0.991474,1.10518,2.20445,0.175351,0.26615,0.294145,2.29881,0.006443,0,0,0,0,0,-0.0151073,-0.0149785,0.494842,0.591906,0.814721,0.695881,0.0423566,-0.0122625,0.515845,0.0632528,-0.000153263,-0.000151895,0.000154224,0.00652861
100,2.96924,3.62613,0.0181747,0.0093582,1.22123,0.889001,3.78041,2.69698,21.5652,0.107534,0.478289,1.28993,0.187876,0.00232007,0,0,0,0,0,-0.0526185,-0.19892,0.959081,0.295796,0.968724,1.12973,0.0473619,0.00112534,0.523986,0.0109403,-0.000416177,-0.000305748,-1.90065e-05,0.0021292
101,1.1817,-0.347842,0.0243472,0.00349175,-0.294358,0.384242,0.319334,0.569504,0.426309,0.198695,0.288996,0.164584,0.412028,0.00275787,0,0,0,0,0,0.00225707,0.00072076,0.0680865,0.521402,0.927797,0.563561,0.0879474,-0.00995132,0.279182,0.0385185,0.000218451,-0.000499474,-0.000224292,0.0110672
102,1.0627,0.49464,0.172413,0.0071478,0.465455,0.679197,0.715918,0.780475,1.12168,0.135285,0.261363,0.203987,2.03932,0.00593617,0,0,0,0,0,-0.0226401,-0.0162084,0.755163,0.605894,0.914466,0.463516,-0.00761068,-0.00536039,0.567576,0.0286888,-0.00181702,-0.000343473,9.71388e-05,0.0314916
103,3.78451,0.87579,0.0920147,0.00820552,0.231415,0.591504,1.98482,2.50393,10.2092,0.246707,0.96144,2.40738,1.01579,0.00393709,0,0,0,0,0,-0.0353169,-0.0700978,0.320234,0.408674,0.98296,0.617961,0.0970087,0.00469667,0.415121,0.032909,0.000477097,-0.0005589,-0.000114778,0.118452
104,2.56261,2.90695,-0.0227044,0.00623886,1.13437,0.871681,3.07246,2.28317,14.6529,0.0865072,0.397958,0.908606,0.287446,0.00251454,0,0,0,0,0,-0.0436654,-0.13416,0.956549,0.377308,0.956995,1.19824,0.0313587,0.000698805,0.519437,0.00772972,-0.000313865,-7.9209e-05,-0.000163489,0.00177012
105,1.68094,1.50066,0.107909,0.00158277,0.892752,0.814005,1.66827,1.42317,4.80856,0.145339,0.405285,0.576791,2.71237,0.00725072,0,0,0,0,0,-0.0274466,-0.0457884,0.590383,0.316098,0.959766,0.814613,0.0481235,0.000659108,0.408364,0.0262208,-0.000843264,-0.000176328,-8.26527e-05,0.0511905
106,1.78266,1.43828,-0.106224,0.0017614,0.806817,0.790114,1.65001,1.47043,4.8847,0.139655,0.506308,0.74449,2.53102,0.00689652,0,0,0,0,0,-0.0318501,-0.0525531,0.548407,0.500318,0.954951,0.552148,0.0404702,0.00859118,0.466686,0.0310188,-0.000705036,4.22805e-05,-3.62502e-05,0.0562088
107,3.01825,0.212515,0.030695,0.00381352,0.0704099,0.528066,1.31658,1.83263,5.09192,0.222427,0.731725,1.34098,0.497055,0.00292394,0,0,0,0,0,-0.0311638,-0.0410298,0.371287,0.453739,0.978478,0.574375,0.0651238,0.00450674,0.438483,0.0476453,0.00238165,0.000664082,3.06409e-05,0.100708
108,2.11065,2.03268,0.492185,0.00209064,0.963058,0.832241,2.22157,1.81286,8.22184,0.181227,0.648928,1.17642,10.7644,0.0229773,0,0,0,0,0,-0.0563084,-0.125093,0.756456,0.369769,0.983451,0.661109,0.0325272,0.0326796,0.427459,0.0280598,-0.000496582,-0.000345244,-0.000193119,0.0590931
109,0.909961,1.2441,-0.261631,0.0697824,1.3672,0.914219,1.28053,0.842368,2.34933,0.130644,0.592327,0.498958,0.990411,0.00388752,0,0,0,0,0,-0.0677989,-0.0868183,0.997856,0.567163,0.974189,0.453883,-0.0548826,-0.0449607,0.547636,0.0245923,-0.00213424,-0.000175454,-0.000241595,0.0297178
110,1.46269,1.36763,0.253909,0.00492375,0.935011,0.825109,1.5045,1.24908,3.82372,0.160689,0.344654,0.430499,3.61851,0.00902052,0,0,0,0,0,-0.0321145,-0.0483163,0.812316,0.60493,0.856095,0.541708,0.0251931,0.000447154,0.485599,0.0661375,-4.24836e-05,-0.000202135,-0.000493667,0.0211994
111,1.47877,0.114968,0.0279771,0.00778876,0.0777461,0.530985,0.650474,0.901788,1.23634,0.207074,0.237387,0.214073,0.317006,0.00257228,0,0,0,0,0,-0.00440478,-0.00286519,0.161761,0.504751,0.865931,0.798032,0.0256437,-0.00466046,0.540718,0.072287,-0.000204819,0.00145664,-0.000262701,0.0203565
112,1.43797,-0.863244,0.0239083,0.00339784,-0.600321,0.274146,0.242265,0.547158,0.358074,0.17167,0.252415,0.138111,0.410155,0.00275421,0,0,0,0,0,-0.00330859,-0.000801555,0.114271,0.497542,0.960641,0.547872,0.0160959,-0.00386864,0.424833,0.0263723,0.0011348,-0.000606896,-0.000234844,0.0321378
113,1.16259,3.0675,-0.424375,0.481147,2.63851,0.995836,3.06887,1.15854,10.7602,0.22915,1.40994,1.63348,0.611802,0.00314805,0,0,0,0,0,-0.161714,-0.49628,0.999893,0.552783,0.985047,0.459798,-0.14991,-0.10437,0.536196,0.0318749,-0.00049426,-2.85255e-05,-0.000787499,0.0720057
114,1.78994,1.42255,0.229497,0.00306662,0.794747,0.78662,1.64035,1.47062,4.85348,0.111457,0.290587,0.427343,4.14427,0.0100474,0,0,0,0,0,-0.0268157,-0.0439871,0.804488,0.422119,0.908425,0.849938,0.0165052,0.00848997,0.474334,0.0239666,-0.00259592,-0.000337412,-4.70245e-08,0.0304434
115,0.826599,-0.33755,0.012874,0.00291391,-0.408361,0.341504,0.189221,0.365935,0.169713,0.149565,0.277269,0.101463,0.238494,0.00241893,0,0,0,0,0,-0.0149809,-0.00283469,0.471023,0.470127,0.955056,0.590157,0.03363,-0.00356606,0.451514,0.0298067,-0.000928936,-0.000315837,0.000220646,0.03455
116,2.76623,3.22014,0.100285,0.00488743,1.16409,0.877806,3.38685,2.48079,17.6251,0.122812,0.533907,1.32451,1.43449,0.00475486,0,0,0,0,0,-0.0536513,-0.181709,0.876035,0.302261,0.953345,0.968475,0.0318527,0.0170107,0.478425,0.0266644,-0.00184907,-0.000293975,1.27003e-05,0.0574546
117,1.26595,0.915594,-0.233689,0.186556,0.723248,0.765236,1.09142,1.01625,2.22396,0.138736,0.645949,0.656446,0.541045,0.00300985,0,0,0,0,0,-0.0740584,-0.0808288,0.9995,0.538499,0.978055,0.481494,-0.0465519,-0.0492495,0.551956,0.0244937,-0.000482064,-1.78822e-06,-0.000154914,0.0344277
118,1.13663,0.480241,-0.285154,0.0116363,0.422514,0.663675,0.734601,0.818717,1.20994,0.247782,0.263225,0.215507,2.64345,0.00711612,0,0,0,0,0,-0.00149995,-0.00110187,0.0496771,0.494992,0.891303,0.692713,0.0428773,-0.0119468,0.637623,0.144735,0.00136603,-0.00752972,-0.00209574,0.0436183
119,2.59385,2.09549,0.485351,0.883321,0.80787,0.790417,2.40292,2.14028,10.3548,0.320847,0.483635,1.03511,0.516413,0.00296174,0,0,0,0,0,-0.0420902,-0.101139,0.7587,1.21181,0.38238,1.16641,0.0313468,-0.02951,0.576187,0.0237807,-0.000921684,-0.000481646,0.000320034,0.00732325
120,1.9932,1.67301,0.197588,0.0021089,0.839358,0.799366,1.89413,1.66175,6.34915,0.15117,0.470431,0.781738,4.30261,0.0103567,0,0,0,0,0,-0.0400778,-0.0759127,0.742701,0.457064,0.916622,0.695029,0.0244454,0.0167551,0.437198,0.0405437,-0.00136495,-0.000254997,-7.8472e-05,0.0545796
121,1.21266,-0.302866,-0.0920732,0.00547185,-0.249754,0.401389,0.347304,0.604012,0.485451,0.206443,0.233668,0.141138,1.2447,0.00438419,0,0,0,0,0,0.00167936,0.000583248,0.0626544,0.487515,0.964023,0.555352,0.0485958,-0.00794399,0.304637,0.0778036,-7.10306e-05,-0.0027243,-0.000465934,0.0180067
122,1.5237,-0.233374,0.339849,0.0057469,-0.153163,0.439135,0.494321,0.811495,0.902877,0.221867,0.208218,0.168968,4.483,0.010709,0,0,0,0,0,-0.00168082,-0.000830862,0.0703734,0.460857,0.982879,0.560458,0.0158881,-0.00485826,0.419018,0.0326997,0.00201676,0.000908081,1.01001e-05,0.0264357
123,4.15643,2.15733,0.0176726,0.00905719,0.519035,0.698132,2.94208,3.12758,18.4376,0.123633,0.475212,1.48626,0.185697,0.00231581,0,0,0,0,0,-0.048588,-0.14295,0.891351,0.810677,0.586817,0.626208,0.0314302,0.0167069,0.534351,0.0241711,0.00141828,-0.000129879,-9.40967e-05,0.0605067
124,1.12529,-0.265534,-0.134464,0.00188483,-0.235969,0.406729,0.327905,0.566204,0.428108,0.11915,0.178721,0.101192,3.09721,0.00800236,0,0,0,0,0,-0.00594758,-0.00195024,0.290116,0.455296,0.947552,0.623285,0.00810504,-0.00186184,0.441102,0.028321,-0.000335176,-0.000194057,0.00010014,0.0273456
125,1.33477,2.66087,-0.543837,0.443448,1.9935,0.976897,2.67223,1.30787,8.85132,0.219878,1.30362,1.70497,0.816672,0.00354819,0,0,0,0,0,-0.149516,-0.399541,0.999867,0.547554,0.98313,0.46703,-0.133976,-0.0891304,0.540085,0.0358977,0.00609833,0.000125856,-0.000647006,0.0670904
126,0.831396,-0.0611116,0.351565,0.00615401,-0.0735048,0.470702,0.302836,0.463701,0.306729,0.169939,0.227617,0.105546,4.48153,0.0107061,0,0,0,0,0,-0.00759796,-0.00230093,0.291004,0.59714,0.870216,0.532795,0.0462395,-0.0225374,0.726062,0.052395,0.000492321,0.000908192,0.00103094,0.0116697
127,1.19565,0.755171,-0.181116,0.154729,0.631598,0.736175,0.947609,0.93224,1.76703,0.127083,0.563193,0.525031,0.460437,0.00285242,0,0,0,0,0,-0.0645261,-0.0611456,0.998815,0.528298,0.973056,0.497729,-0.0387242,-0.0417038,0.552875,0.0217168,-0.0035982,3.96975e-05,-8.38624e-05,0.0302956
128,3.86125,0.566619,0.267579,0.00915004,0.146745,0.558333,1.83168,2.4525,9.36982,0.234016,0.755091,1.85186,2.79731,0.00741662,0,0,0,0,0,-0.0251036,-0.0459818,0.28983,0.381734,0.979817,0.654607,0.0643733,0.000212252,0.412551,0.0617349,3.44215e-05,-0.000357869,0.000341936,0.127179
129,1.30494,3.02035,0.136955,0.251286,2.31455,0.989681,3.02471,1.29335,10.8217,0.381216,1.1513,1.48904,0.273208,0.00248673,0,0,0,0,0,-0.13076,-0.395512,0.990135,0.676406,0.81149,0.470843,-0.0544308,-0.0421469,0.546068,0.035448,-0.00119226,-0.000792927,-0.000420189,0.0511915
130,1.235,-0.127866,0.131765,0.00259504,-0.103536,0.458769,0.431303,0.67684,0.644135,0.166711,0.213385,0.144428,2.58659,0.00700506,0,0,0,0,0,-0.00644121,-0.00277811,0.263154,0.545066,0.977542,0.474864,0.0162464,-0.0038427,0.431603,0.0261508,0.00116557,0.000236885,4.80851e-05,0.0192328
131,1.25037,0.688658,-0.155508,0.149373,0.550762,0.709101,0.914233,0.950839,1.73992,0.126063,0.537568,0.51114,0.402362,0.00273899,0,0,0,0,0,-0.0615092,-0.0562338,0.997503,0.54246,0.967938,0.48714,-0.0308751,-0.0418103,0.554347,0.0212286,-0.000316248,-1.34784e-05,-0.00011244,0.0294111
132,1.32848,0.594094,0.158409,0.00226663,0.447197,0.672634,0.879504,0.967644,1.70986,0.10874,0.198427,0.192007,3.32728,0.00845171,0,0,0,0,0,-0.0143766,-0.0126443,0.63163,0.493162,0.960983,0.552697,0.00817049,0.00815618,0.467022,0.0167388,0.000524781,-5.59346e-06,-1.368e-05,0.0310924
133,1.23246,4.10077,-0.468286,0.74073,3.3273,0.999562,4.1009,1.232,18.3352,0.280051,1.84761,2.27624,0.544103,0.00301583,0,0,0,1,0,-0.211922,-0.869072,0.99994,0.556973,0.986804,0.453887,-0.189412,-0.14923,0.530926,0.0359118,-0.000772039,0.000135052,-0.000929015,0.093474
134,1.57902,-0.0266319,0.15901,0.00113828,-0.0168661,0.493272,0.619875,0.910514,1.21328,0.111589,0.323972,0.294981,4.71301,0.0111582,0,0,0,0,0,-0.0138549,-0.00858828,0.372822,0.466326,0.955218,0.594801,0.0243323,0.00168837,0.476221,0.0192995,-0.00277196,-0.000106536,-6.54707e-05,0.0529786
135,1.29778,0.806565,-0.19191,0.0652403,0.621498,0.732864,1.0186,1.00867,2.05495,0.249155,0.497723,0.502038,0.751344,0.00342059,0,0,0,0,0,-0.0497199,-0.0506444,0.870862,0.576295,0.938025,0.477583,-0.0147243,-0.0176536,0.533907,0.0404033,0.00100811,0.00104222,-0.000699729,0.0332672
136,1.25041,0.096193,0.0252218,0.00178249,0.0769289,0.53066,0.549516,0.762163,0.882861,0.140786,0.197813,0.150765,0.597396,0.00311991,0,0,0,0,0,-0.00179588,-0.000986866,0.0791464,0.489117,0.971751,0.543341,0.0238519,-0.00146326,0.382971,0.0321543,-0.00245535,-0.00101842,-0.000225674,0.0236155
137,1.28972,0.938417,0.13672,0.00135748,0.727611,0.766574,1.11619,1.03679,2.32082,0.117182,0.340477,0.353004,3.71078,0.00920074,0,0,0,0,0,-0.030741,-0.0343128,0.787113,0.479968,0.965883,0.561781,0.0162861,0.0126353,0.458191,0.0174277,0.00115817,-0.00015787,-0.000126255,0.042359
138,0.659122,-0.259859,0.0856934,0.0196374,-0.39425,0.346698,0.154254,0.294877,0.110747,0.207587,0.190711,0.0562365,0.611512,0.00314748,0,0,0,0,0,-0.00314059,-0.000484447,0.143562,0.667958,0.80826,0.492901,0.0184968,0.0155317,0.517403,0.0175549,-0.000435442,-0.00146271,-0.000753595,0.0183605
139,0.719543,-0.220593,0.26172,0.00114845,-0.306574,0.379584,0.191259,0.343644,0.154671,0.106902,0.170099,0.0584533,7.72291,0.0170369,0,0,0,0,0,-0.00702327,-0.00134326,0.359953,0.50106,0.953839,0.552753,0.0125117,0.00011,0.458538,0.0233352,-0.00166572,-0.000788706,7.44524e-05,0.0289587
140,3.0314,3.68926,0.43441,0.234933,1.21702,0.888201,3.84863,2.75084,22.3791,0.193065,0.455055,1.25178,0.896246,0.0037036,0,0,0,0,0,-0.0519159,-0.199805,0.994589,1.54805,0.621149,1.95617,0.0626466,-0.0607371,0.575213,0.0393875,-0.00095562,8.91981e-05,-0.000395753,0.0139653
141,2.56333,2.17356,-0.310545,0.00459641,0.847946,0.801766,2.45265,2.14312,10.6085,0.15841,0.665536,1.42633,4.58053,0.0108995,0,0,0,0,0,-0.0623361,-0.152888,0.816536,0.428813,0.953671,0.648108,0.0164518,0.0329385,0.448852,0.0270425,0.00117855,-0.000187879,-0.000123746,0.0424491
142,0.901964,-0.176425,0.26172,0.0063365,-0.195601,0.422461,0.276024,0.467412,0.294663,0.182661,0.230995,0.10797,3.28785,0.0083747,0,0,0,0,0,0.000827298,0.000228354,0.0312224,0.534732,0.860013,0.700139,0.0621207,-0.0143158,0.661599,0.0592725,0.000376485,0.00145221,0.000808219,0.00949426
143,1.49155,2.3165,-0.292181,0.435898,1.55308,0.939798,2.35419,1.4158,7.54672,0.215944,1.20019,1.69924,0.442547,0.00281747,0,0,0,0,0,-0.137656,-0.324069,0.999887,0.533393,0.980941,0.484198,-0.117823,-0.0897546,0.543633,0.0365884,-0.00170321,2.6542e-05,-0.000514408,0.0621916
144,2.18865,1.60266,0.700032,0.00284344,0.732263,0.767996,1.90189,1.76207,6.72208,0.184855,0.528676,0.931563,13.1279,0.0275936,0,0,0,0,0,-0.0420838,-0.0800389,0.693956,0.418075,0.976007,0.619109,0.0480213,0.016727,0.42461,0.0400887,0.000858787,-0.000222984,-3.55725e-06,0.0516344
145,1.9149,2.64245,0.078017,0.0116148,1.37994,0.916197,2.71716,1.77562,10.5358,0.201054,0.62033,1.10147,0.723908,0.00336701,0,0,0,0,0,-0.0605722,-0.164584,0.85125,0.533613,0.971292,0.493641,0.0399047,-0.0138037,0.497195,0.0399583,-0.000494115,-0.000655677,0.000121761,0.0436087
146,2.79915,1.28189,0.0335986,0.00361018,0.457955,0.676508,1.87234,2.0488,7.70324,0.199999,0.697753,1.42956,0.559187,0.00304529,0,0,0,0,0,-0.0319407,-0.0598038,0.39907,0.417604,0.976354,0.619058,0.0647767,0.000636458,0.449193,0.0386833,0.000582416,-0.000248787,-0.000255657,0.092872
147,1.31327,0.735883,-0.209579,0.0687727,0.560344,0.712378,0.969775,1.00159,1.94365,0.201362,0.545108,0.545975,0.799169,0.003514,0,0,0,0,0,-0.0584264,-0.0566605,0.934401,0.584836,0.9259,0.479443,-0.0226666,-0.033648,0.544262,0.0336168,0.000940291,0.000284391,0.00036241,0.0408075
148,2.18826,1.16465,-0.269534,0.00323916,0.532225,0.702715,1.56918,1.65472,5.20043,0.143723,0.468206,0.77475,4.73584,0.0112028,0,0,0,0,0,-0.0268416,-0.0421193,0.499779,0.421672,0.974341,0.617762,0.0320067,0.0083952,0.424797,0.0201031,0.000904329,-0.000181876,-8.43986e-05,0.0656947
149,2.2053,2.95505,-0.0964851,0.00662385,1.33998,0.909874,3.04809,2.03429,13.4292,0.20963,0.701017,1.42607,1.18551,0.00426857,0,0,0,0,0,-0.0755127,-0.23017,0.939071,0.547443,0.899114,0.570329,0.0334232,0.0175521,0.457898,0.0764505,-0.000122216,-0.000502057,0.000343071,0.0351846
150,1.09216,3.30221,-0.37258,0.481325,3.02357,0.998751,3.30257,1.09098,12.0972,0.231732,1.48251,1.61738,0.537032,0.00300202,0,0,0,1,0,-0.170037,-0.561558,0.999892,0.55356,0.986912,0.457361,-0.150031,-0.104036,0.533767,0.0317827,0.000428832,4.12571e-05,-0.000755227,0.0759524
151,1.49261,1.57147,0.003776,0.00116073,1.05283,0.85379,1.68557,1.30653,4.54816,0.0588023,0.396597,0.518165,0.110832,0.00216959,0,0,0,0,0,-0.041417,-0.0698111,0.910408,0.531243,0.921806,0.558563,0.016052,0.0167806,0.464621,0.0152658,-0.000387109,-6.87747e-05,-0.000109342,0.0398237
152,3.39368,3.62688,0.074007,0.00491018,1.06872,0.857401,3.87847,2.98075,23.9273,0.257786,1.00629,2.9995,1.05615,0.00401591,0,0,0,0,0,-0.0791246,-0.306882,0.685478,0.369735,0.978542,0.671544,0.0968039,0.0331321,0.442029,0.0267998,-0.000135642,-0.00043645,-0.000280325,0.0796596
153,1.20364,0.344679,0.0637648,0.0200857,0.286365,0.612701,0.673429,0.815758,1.11897,0.159499,0.41801,0.340995,0.449923,0.00283188,0,0,0,0,0,-0.0431746,-0.029075,0.900428,0.571957,0.929803,0.492004,-0.00730038,-0.0205554,0.546478,0.033187,-0.000359502,0.000460921,0.000302631,0.0364177
154,1.17222,0.305394,-0.224564,0.0835405,0.260525,0.602771,0.636541,0.785488,1.02218,0.111523,0.390747,0.306927,0.776948,0.0034706,0,0,0,0,0,-0.0441825,-0.028124,0.985738,0.56094,0.961428,0.472554,-0.0230893,-0.0285908,0.555773,0.0185389,0.00183513,0.000123303,-3.17154e-05,0.0224052
155,0.907796,4.88245,-0.439517,0.811939,5.37835,1,4.88245,0.907796,24.6624,0.289047,2.08718,1.89473,0.487768,0.0029058,0,0,0,1,0,-0.239373,-1.16873,0.999821,0.553637,0.988416,0.455988,-0.225016,-0.18005,0.526292,0.0288815,-0.0123811,0.000187749,-0.00106124,0.104311
156,1.70101,-0.852113,0.945316,0.0364414,-0.500945,0.308205,0.332309,0.703278,0.605029,0.418131,0.463214,0.325768,4.95199,0.011625,0,0,0,0,0,0.00383465,0.00127429,0.0721691,0.453182,0.977775,0.576006,0.122886,-0.00836337,0.196316,0.0868197,0.000919662,0.00492791,0.00141238,0.0270268
157,1.02939,3.92818,-0.334052,0.638017,3.81603,0.999932,3.9282,1.02932,16.4903,0.258961,1.72426,1.77482,0.418214,0.00276995,0,0,0,1,0,-0.197761,-0.776846,0.999873,0.538919,0.986606,0.472967,-0.181547,-0.134315,0.530496,0.0305706,-0.00404272,0.000100167,-0.000858159,0.0876824
158,2.35991,2.64258,-0.138575,0.00527639,1.11978,0.868596,2.80001,2.09586,12.2327,0.110056,0.644557,1.3509,1.90772,0.00567915,0,0,0,0,0,-0.070767,-0.198148,0.957141,0.334186,0.964308,0.760421,0.0317852,0.0175786,0.457953,0.0133196,-0.000150245,-0.000107701,-0.000264498,0.0459244
159,2.51694,1.27401,0.240251,0.00478315,0.506173,0.693632,1.76095,1.88291,6.64631,0.168216,0.533731,1.00497,3.47383,0.00873795,0,0,0,0,0,-0.0259101,-0.0456264,0.423208,0.476848,0.966867,0.564106,0.0325685,0.000571251,0.427076,0.0264938,0.000108245,-0.000151268,-0.0001896,0.0625112
160,1.32863,1.15847,-0.290672,0.0771487,0.87193,0.808377,1.29545,1.11965,2.93182,0.225303,0.662334,0.741583,1.0465,0.00399707,0,0,0,0,0,-0.0713702,-0.0924567,0.939391,0.59385,0.915288,0.478928,-0.0385616,-0.0446566,0.552497,0.0305247,0.000905071,-0.000203989,7.65812e-05,0.0410964
161,1.18008,-0.492183,0.16207,0.00225661,-0.417076,0.338311,0.26641,0.519043,0.34038,0.138244,0.198193,0.10287,3.41174,0.00861667,0,0,0,0,0,0.000435918,0.000116133,0.0191745,0.515325,0.943233,0.549218,0.0160173,-0.00194886,0.363726,0.0273003,0.00492171,0.00146516,0.000163044,0.0255619
162,1.59423,1.38384,0.0676243,0.00416803,0.868029,0.807311,1.5497,1.34175,4.20186,0.122005,0.321525,0.431406,1.04746,0.00399894,0,0,0,0,0,-0.0349391,-0.0541452,0.947336,0.660573,0.812922,0.501156,0.0239147,-0.00678897,0.485262,0.0397194,-0.000333303,-0.00019411,8.66756e-05,0.021595
163,0.887304,7.57353,-0.900247,3.06293,8.53545,1,7.57353,0.887304,58.1457,0.549894,3.03646,2.69426,0.514391,0.00295779,0,0,0,1,0,-0.348236,-2.63738,0.999798,0.572273,0.996843,0.430105,-0.323634,-0.270216,0.52626,0.0204454,-0.0177899,0.000143774,-0.00168776,0.155691
164,2.34961,1.65541,-0.279569,0.0146582,0.704549,0.759454,1.99232,1.87487,7.48449,0.294477,0.39742,0.74511,2.30913,0.00646315,0,0,0,0,0,-0.0199017,-0.0396506,0.436563,0.723052,0.714074,0.894924,0.0527337,-0.0242735,0.574797,0.31828,-0.00191071,0.00313974,0.00258783,0.0495379
165,1.42237,0.809903,-0.307268,0.126706,0.569404,0.715459,1.06012,1.08781,2.30719,0.176756,0.608048,0.661441,0.863215,0.00363909,0,0,0,0,0,-0.0679107,-0.0719938,0.973659,0.551966,0.968243,0.476144,-0.0385674,-0.0494716,0.553524,0.0243639,-0.0104806,-2.94619e-05,-4.30757e-05,0.0340329
166,0.996264,0.0251104,0.110609,0.00119593,0.0252046,0.510054,0.41206,0.588946,0.51665,0.0784235,0.163673,0.0963945,3.19844,0.00820008,0,0,0,0,0,-0.0138777,-0.00571843,0.739174,0.675773,0.811028,0.472744,-0.00373554,-0.00186711,0.573464,0.0324741,0.000746687,-5.77476e-05,0.000153278,0.0326403
167,1.52411,0.400886,0.0430464,0.00228222,0.26303,0.603736,0.830055,1.0224,1.7343,0.132037,0.277607,0.283826,0.901069,0.00371302,0,0,0,0,0,-0.0197036,-0.0163551,0.618759,0.57517,0.892062,0.53626,0.00848293,0.00830749,0.483558,0.0457503,0.000980799,0.000239855,-0.000161035,0.0326167
168,0.820937,-0.124387,0.129804,0.0176696,-0.151519,0.439783,0.267004,0.437627,0.262809,0.147193,0.174032,0.0761612,0.976509,0.00386037,0,0,0,0,0,-0.0114554,-0.00305864,0.573837,0.599738,0.915983,0.470213,-0.00328165,0.00549544,0.559304,0.0142019,-0.000976636,-0.000270382,-1.18679e-05,0.0151437
169,1.15454,3.61533,-0.45555,0.616025,3.13142,0.99913,3.61562,1.15357,14.4034,0.257148,1.62486,1.87439,0.580413,0.00308674,0,0,0,1,0,-0.186368,-0.673834,0.999909,0.542984,0.986374,0.468914,-0.173589,-0.119044,0.53272,0.0326768,-0.0075076,0.000134053,-0.00074306,0.08291
170,2.73539,3.72115,-0.308321,0.00913787,1.36037,0.913144,3.83213,2.52995,21.0859,0.132322,0.792128,2.00405,3.22538,0.00825269,0,0,0,0,0,-0.0864809,-0.331406,0.95177,0.560903,0.864323,0.615997,0.0322649,0.0180297,0.460265,0.0235288,-0.000505538,-0.000166444,-0.000363999,0.0538625
171,2.95616,0.200766,0.114985,0.00495294,0.0679145,0.527073,1.28581,1.79228,4.86559,0.213726,0.753924,1.35124,1.63384,0.00514422,0,0,0,0,0,-0.0305791,-0.0393189,0.353593,0.449776,0.985542,0.568899,0.0811613,0.00252394,0.448526,0.0374908,0.000951111,-0.00141365,-0.000205086,0.0812724
172,2.72014,0.71906,0.241092,0.00545446,0.264347,0.604244,1.48372,1.82578,5.53488,0.179305,0.591921,1.08072,3.26443,0.00832896,0,0,0,0,0,-0.0249554,-0.0370267,0.367542,0.395409,0.976367,0.645248,0.0482616,0.000309646,0.426693,0.0232413,0.000605423,-0.000250926,3.49154e-05,0.0919808
173,1.39903,0.461417,-0.212887,0.00128551,0.329812,0.629229,0.821504,0.966642,1.60927,0.102483,0.25597,0.247432,5.93763,0.0135501,0,0,0,0,0,-0.0216749,-0.017806,0.738201,0.531203,0.884364,0.630834,0.0084058,0.00829154,0.456007,0.0461255,-0.00199687,-0.000150054,-0.000259707,0.0309202
174,1.02333,1.27561,-0.385022,0.165331,1.24653,0.893715,1.32637,0.932889,2.62954,0.133201,0.71025,0.662584,0.94691,0.00380256,0,0,0,0,0,-0.0814487,-0.108031,0.999724,0.536894,0.978462,0.482838,-0.0626116,-0.0525198,0.546433,0.0235167,-0.000443743,-4.62554e-05,-0.000293483,0.0367266
175,1.44677,-0.47441,0.259768,0.00159971,-0.327909,0.37149,0.373373,0.680079,0.601914,0.118062,0.394811,0.268503,6.49477,0.0146382,0,0,0,0,0,-0.0153722,-0.00573956,0.339433,0.452745,0.979354,0.574246,0.0405215,0.00215244,0.45294,0.0244375,0.000228463,-0.000185355,8.10053e-06,0.0600861
176,3.5781,1.76626,-0.198932,0.444222,0.493633,0.689217,2.47476,2.66159,13.2085,0.343479,0.565315,1.50464,0.298473,0.00253608,0,0,0,0,0,-0.0360092,-0.0891142,0.555303,0.875064,0.562917,0.850342,-0.0312798,-0.12436,0.637445,0.0484502,-5.33152e-05,0.00021313,0.00205623,0.0504838
177,2.28303,0.176137,0.107808,0.00313302,0.0771505,0.530748,1.00357,1.39176,2.94414,0.179234,0.555393,0.772973,1.92607,0.00571497,0,0,0,0,0,-0.0228925,-0.0229743,0.359335,0.450564,0.987166,0.565853,0.0486591,0.00230901,0.446689,0.0424556,0.00015308,-0.000259611,-0.000244979,0.0893003
178,1.57145,1.79822,0.225256,0.00601828,1.14431,0.873753,1.89745,1.40315,5.56916,0.198281,0.504683,0.708148,2.90363,0.00762427,0,0,0,0,0,-0.0475136,-0.0901547,0.820741,0.542073,0.94303,0.515072,0.0323832,-0.00646341,0.471581,0.0480623,-0.000626007,-0.000655396,0.000118901,0.0386867
179,1.28951,1.17271,0.00923321,0.00210822,0.90942,0.818436,1.29817,1.09545,2.88525,0.096216,0.292813,0.320763,0.201092,0.00234588,0,0,0,0,0,-0.028605,-0.037134,0.851644,0.55328,0.924133,0.523957,0.0160732,0.0086441,0.465627,0.0231655,-0.000342292,8.24566e-06,-0.000106968,0.024287
180,2.11063,0.871533,0.0403345,0.0021705,0.412925,0.660169,1.3512,1.51373,4.11712,0.152699,0.459588,0.695693,0.865759,0.00364406,0,0,0,0,0,-0.0217523,-0.0293916,0.412613,0.389392,0.982263,0.640991,0.0481324,0.00434536,0.431591,0.0269229,-0.000342592,-0.000146501,-0.000124199,0.0570118
181,1.51646,3.17497,-0.0437523,0.0678889,2.09367,0.981855,3.18527,1.49134,12.3701,0.255989,0.900619,1.34313,0.16792,0.00228109,0,0,0,0,0,-0.0959402,-0.305596,0.928681,0.588094,0.916083,0.485895,0.0789646,-0.0437763,0.526162,0.0301548,-0.000556871,0.000327869,-0.000115242,0.0374213
182,1.24975,1.68259,-0.383783,0.264575,1.34635,0.910905,1.73469,1.15379,4.34036,0.167757,0.906223,1.04559,0.746124,0.0034104,0,0,0,0,0,-0.103928,-0.180283,0.999781,0.535711,0.981246,0.481416,-0.0783798,-0.0595937,0.542017,0.0287124,-0.00299594,2.25522e-05,-0.000360117,0.0470367
183,3.20404,4.03195,0.120574,0.00820469,1.25839,0.895876,4.18788,2.92519,26.0951,0.152426,0.644323,1.88477,1.33113,0.00455299,0,0,0,0,0,-0.0647148,-0.271018,0.875602,0.355677,0.944241,1.07877,0.0477948,0.000703812,0.481791,0.0246547,-5.20325e-05,-6.76489e-05,-0.000192562,0.0660639
184,3.58035,0.801113,-0.22851,0.00545186,0.223752,0.588525,1.86026,2.361,9.0349,0.209235,0.787234,1.85866,3.0948,0.00799766,0,0,0,0,0,-0.0248208,-0.0461731,0.274864,0.426376,0.975139,0.610869,0.0803533,-0.00357467,0.436742,0.0417142,-0.00153261,-0.0006559,3.19907e-05,0.105201
185,2.22514,1.88402,-0.269534,0.00252935,0.846696,0.801418,2.12695,1.85961,7.9821,0.249864,0.80958,1.50551,5.35931,0.0124205,0,0,0,0,0,-0.0354236,-0.0753445,0.381453,0.380077,0.928838,0.843992,0.162645,0.0168343,0.291438,0.0496481,-0.00206513,-0.00151638,-0.000119546,0.0807715
186,1.16453,0.0924566,-0.012789,0.0616993,0.0793938,0.53164,0.513208,0.710851,0.768692,0.211848,0.273425,0.194364,0.0514868,0.00205369,0,0,0,0,0,-0.0264466,-0.0135726,0.843216,0.566833,0.951538,0.475383,-0.0151557,-0.0105707,0.572559,0.0199334,-0.000702492,-0.000628761,-0.000351485,0.0249054
187,2.51655,2.98666,-0.18246,0.00490097,1.18681,0.882348,3.13001,2.26828,14.9421,0.142891,0.77221,1.75159,2.60632,0.00704358,0,0,0,0,0,-0.0796603,-0.249338,0.899318,0.348966,0.974303,0.707762,0.0321712,0.0335324,0.440992,0.015562,-0.000665705,-0.000266175,-0.000187493,0.0437711
188,1.51674,-0.761754,0.11824,0.00339288,-0.502231,0.307752,0.295602,0.626504,0.479888,0.174103,0.295026,0.184835,2.02993,0.00591784,0,0,0,0,0,0.00362145,0.00107051,0.107011,0.46988,0.975268,0.560617,0.0401765,-3.52263e-05,0.352528,0.0346732,0.00137934,0.000779765,0.000161862,0.0358789
189,1.95457,0.551191,-0.0535748,0.00139972,0.282001,0.611028,1.08814,1.32215,2.93213,0.126365,0.478621,0.632811,1.43199,0.00474999,0,0,0,0,0,-0.0229007,-0.0249191,0.417122,0.413593,0.977196,0.622272,0.0483249,0.00431615,0.443393,0.0204248,-0.00070295,-0.000185089,-5.85676e-05,0.0692932
190,2.01635,1.64198,-0.0264217,0.00256165,0.814332,0.792273,1.87783,1.66729,6.3061,0.127872,0.518979,0.86529,0.522036,0.00297273,0,0,0,0,0,-0.0498501,-0.0936099,0.837382,0.448891,0.962579,0.604722,0.0163543,0.0247949,0.445936,0.0332435,0.000118214,-0.000224792,1.13695e-05,0.0617145
191,0.851945,-0.382733,-0.00999156,0.000858587,-0.449246,0.326627,0.182399,0.365876,0.167134,0.0888397,0.135907,0.0497249,0.34099,0.00261912,0,0,0,0,0,-0.00392037,-0.000715072,0.251474,0.509847,0.943236,0.556405,0.00819528,-0.00187349,0.445309,0.0207567,0.00242419,0.000344726,0.000126077,0.0238908
192,1.98654,0.088875,0.347623,0.00373001,0.0447387,0.517842,0.841044,1.18801,2.11871,0.186431,0.535165,0.635779,5.69184,0.01307,0,0,0,0,0,-0.0227861,-0.0191641,0.371183,0.486593,0.977893,0.538522,0.0334121,0.00342577,0.468771,0.0322531,-0.00163458,-0.00106454,-5.07502e-05,0.0642989
193,1.33482,2.69216,-0.497655,0.448702,2.01687,0.978145,2.70298,1.30902,9.01963,0.220611,1.31499,1.72134,0.742933,0.00340417,0,0,0,0,0,-0.150828,-0.407685,0.999923,0.552594,0.982547,0.462202,-0.141741,-0.0890899,0.540042,0.0355566,-0.00694413,4.60442e-05,-0.000605958,0.0675255
194,1.47737,-0.466867,0.114581,0.00213815,-0.316011,0.375997,0.387641,0.70064,0.641161,0.149499,0.274684,0.192455,2.47795,0.00679287,0,0,0,0,0,0.0063594,0.00246516,0.201832,0.450082,0.9696,0.591846,0.0398724,-0.0039759,0.384961,0.0281649,-4.7828e-05,0.000364426,1.08091e-05,0.0319282
195,1.21955,0.245062,0.0391503,0.00267896,0.200944,0.579629,0.615915,0.796342,1.01351,0.129455,0.161724,0.128788,0.7564,0.00343047,0,0,0,0,0,-0.00472925,-0.00291282,0.254933,0.547523,0.896324,0.57511,0.024241,-0.00493781,0.53349,0.0260233,0.00146229,-3.45701e-05,-9.57775e-05,0.0065332
196,1.64893,2.31392,-0.124928,0.0219785,1.40329,0.919735,2.3752,1.53369,7.99381,0.151555,0.484359,0.742857,0.842678,0.00359898,0,0,0,0,0,-0.047592,-0.113041,0.856592,0.547224,0.962745,0.487002,0.0239277,0.0170493,0.485157,0.0222703,0.000920181,0.000453735,-0.000674938,0.0227329
197,0.941707,0.124472,-0.0695963,0.0165356,0.132177,0.552578,0.439863,0.593027,0.545161,0.092426,0.253786,0.150502,0.541222,0.0030102,0,0,0,0,0,-0.0262404,-0.0115422,0.901385,0.603426,0.927621,0.453697,-0.00751173,-0.01127,0.561262,0.0151373,-0.000688346,5.17031e-06,6.81325e-05,0.0181613
198,1.37353,-1.09424,-0.018346,0.0362254,-0.79666,0.212824,0.166498,0.437802,0.219393,0.447546,0.43106,0.188719,0.0963905,0.00214139,0,0,0,0,0,0.00303493,0.000505311,0.0613787,0.454771,0.983244,0.566609,0.131341,-0.00829768,0.240903,0.136603,-0.000174936,0.00699496,0.00293593,0.0213643
199,1.19567,0.637827,-0.0727215,0.143354,0.533448,0.703138,0.858514,0.904477,1.55513,0.124122,0.526886,0.476556,0.192069,0.00232826,0,0,0,0,0,-0.0603135,-0.05178,0.99794,0.534937,0.97258,0.490844,-0.0308942,-0.0418606,0.55224,0.0210371,0.0034065,3.77205e-05,-0.000107408,0.028744
200,2.79796,3.56526,-0.101785,0.00822724,1.27423,0.898709,3.6979,2.55951,20.2256,0.167249,0.912997,2.33683,1.12216,0.00414485,0,0,0,0,0,-0.096499,-0.356844,0.921426,0.357183,0.964682,0.723453,0.0479643,0.0340061,0.445861,0.0209933,-0.000351294,-0.000439937,-0.000138368,0.0448915
201,0.85574,-0.582047,0.0824076,0.00107932,-0.680168,0.248199,0.127726,0.30318,0.108232,0.0967185,0.148128,0.0449094,2.50838,0.0068523,0,0,0,0,0,2.60099e-05,3.32214e-06,0.00153077,0.515167,0.954903,0.533908,0.0158963,-1.5676e-05,0.388707,0.0197959,0.00367189,0.00106629,9.68099e-05,0.0155145
202,1.71914,1.65756,-0.496091,0.00809458,0.964177,0.832521,1.81113,1.47693,5.46152,0.145413,0.380504,0.561978,5.51397,0.0127226,0,0,0,0,0,-0.0391846,-0.0709684,0.897767,0.539454,0.927082,0.53915,0.0160155,0.00911856,0.46768,0.0397767,0.000348415,-0.000360745,-0.000206388,0.02551
203,1.61332,-0.395148,0.290264,0.0287621,-0.244929,0.403256,0.464874,0.806434,0.866444,0.347795,0.367489,0.296356,1.71153,0.00529595,0,0,0,0,0,0.00421386,0.00195891,0.0999636,0.448793,0.976373,0.58303,0.0742558,-0.0181951,0.253926,0.0746299,-0.00129485,-0.00248883,-0.000627061,0.0174271
204,2.2194,1.78177,-0.0196572,0.00750014,0.802817,0.78896,2.04752,1.82828,7.53496,0.127868,0.274056,0.501051,0.22698,0.00239645,0,0,0,0,0,-0.0265793,-0.0544216,0.845496,0.4676,0.901263,0.725407,0.0319042,0.000524402,0.530995,0.035719,-0.000409052,-4.44092e-05,0.000187705,0.00722828
205,1.09597,0.816399,-0.0167445,0.00430701,0.744907,0.771836,0.962905,0.885976,1.71214,0.14621,0.254458,0.225444,0.255144,0.00245145,0,0,0,0,0,-0.0233518,-0.0224855,0.800037,0.591676,0.85983,0.560852,0.0256623,-0.0117257,0.514726,0.0481169,0.000578136,8.2684e-05,0.000278307,0.0165023
206,2.01622,2.22033,-0.546876,0.0142292,1.10123,0.864603,2.36027,1.7834,8.75137,0.164135,0.497952,0.888047,4.58457,0.0109074,0,0,0,0,0,-0.052927,-0.124922,0.92661,0.473837,0.953172,0.588401,0.0162179,0.0172033,0.468011,0.0356539,0.000194463,-1.87308e-05,-0.000414307,0.0286812
207,1.46163,-0.171991,0.257811,0.00202775,-0.11767,0.453164,0.500122,0.794505,0.88136,0.153889,0.252407,0.200539,5.72525,0.0131353,0,0,0,0,0,0.00104367,0.000521961,0.0360468,0.524519,0.944353,0.535792,0.0241315,-0.00402214,0.368367,0.0351342,-0.0051746,-0.000960604,-0.000222293,0.0477031
208,1.4223,0.992644,-0.0185668,0.00125388,0.697912,0.757384,1.19886,1.13252,2.71986,0.0881382,0.234024,0.265037,0.524336,0.00297722,0,0,0,0,0,-0.0178921,-0.0214501,0.66651,0.549504,0.934471,0.515914,0.0238674,0.00436229,0.466649,0.0184256,-0.000916222,-8.74929e-05,-0.000142523,0.0184477
209,1.7042,-0.543045,0.0960635,0.00372731,-0.318651,0.374995,0.445525,0.806625,0.849136,0.182715,0.315036,0.254116,1.57348,0.00502632,0,0,0,0,0,0.00551664,0.0024578,0.152658,0.471589,0.966559,0.570791,0.0479463,-0.00398213,0.345702,0.0418687,0.00193596,0.00140852,0.000245193,0.0435425
210,1.40689,2.15851,-0.0275644,0.0318841,1.53424,0.937514,2.19617,1.33196,6.59727,0.218417,0.663809,0.884167,0.15437,0.00225463,0,0,0,0,0,-0.068235,-0.149856,0.89613,0.648771,0.882593,0.43552,-0.00716817,0.00225663,0.543178,0.0255132,-0.000779962,0.000253338,5.0328e-05,0.0277231
211,1.17869,2.33215,-0.259027,0.335858,1.9786,0.97607,2.34248,1.15432,6.81968,0.19128,1.14517,1.32189,0.446958,0.00282609,0,0,0,0,0,-0.131347,-0.307677,0.999899,0.53847,0.982285,0.477474,-0.118188,-0.0740957,0.538171,0.0316863,0.00103238,0.000147478,-0.000520164,0.0589273
212,1.39147,1.19802,-0.325109,0.0859527,0.860972,0.805373,1.34515,1.16838,3.17454,0.266977,0.740101,0.864718,1.10892,0.00411898,0,0,0,0,0,-0.078987,-0.10625,0.930403,0.576039,0.936051,0.479967,-0.0304029,-0.0363561,0.537991,0.0398842,0.00140453,-0.000529468,-0.000484436,0.0502056
213,1.91231,1.06781,-0.0618721,0.0513685,0.558387,0.71171,1.40929,1.45758,4.11064,0.333226,0.385028,0.56121,0.27299,0.00248631,0,0,0,0,0,-0.0126342,-0.0178052,0.286063,0.512838,0.87009,0.728458,0.0841819,-0.0181311,0.574764,0.120749,-0.000139798,0.00121616,0.00374621,0.0201557
214,1.3914,0.70698,-0.00284971,0.00865026,0.508106,0.69431,0.975193,1.04181,2.03638,0.137096,0.161971,0.168743,0.0306399,0.00201297,0,0,0,0,0,-0.0115492,-0.0112627,0.621618,0.59011,0.882467,0.526128,0.0164027,-5.13196e-05,0.525615,0.0492957,-0.000704638,-0.00054154,-0.000113884,0.00870516
215,2.15692,2.78327,-0.0663434,0.00437393,1.29039,0.901543,2.88276,1.97711,12.2193,0.101768,0.655451,1.2959,1.00314,0.00391239,0,0,0,0,0,-0.0721144,-0.207888,0.959154,0.381603,0.958624,0.704496,0.0319164,0.0176454,0.458198,0.0113213,-0.000945097,-0.000101954,-0.000265996,0.0424996
216,0.938259,-0.296499,0.0879036,0.011328,-0.31601,0.375998,0.246186,0.444967,0.258603,0.189317,0.17622,0.078412,0.825906,0.00356622,0,0,0,0,0,-0.00561855,-0.00138321,0.277956,0.569272,0.94012,0.484164,0.00466532,0.0160012,0.524775,0.0304776,-0.000514584,-0.000790272,0.000205647,0.0237094
217,1.75055,1.97797,-0.0597453,0.00882387,1.12991,0.870744,2.09217,1.55814,6.80495,0.135411,0.449684,0.700669,0.636025,0.00319536,0,0,0,0,0,-0.047063,-0.0984637,0.912386,0.493831,0.962776,0.549488,0.0161713,0.0170299,0.465968,0.0269148,0.000762928,0.000131662,-0.000336483,0.0272609
218,2.32995,0.766313,0.0326046,0.00255821,0.328896,0.628883,1.36678,1.60919,4.45758,0.154543,0.604692,0.973067,0.644631,0.00321217,0,0,0,0,0,-0.0337434,-0.0461197,0.486476,0.433031,0.972059,0.608171,0.064327,0.00459421,0.429378,0.016056,-0.00135306,-0.000217855,-0.00011607,0.0794047
219,0.860044,2.09622,0.0234612,0.143622,2.43734,0.992602,2.09839,0.854109,5.13273,0.14098,0.69672,0.595075,0.061907,0.00207404,0,0,0,0,0,-0.079786,-0.167422,0.998332,0.627318,0.890438,0.458688,0.0397316,-0.0600264,0.506698,0.0214991,0.000109274,-0.000231163,-0.000270396,0.0302434
220,0.98489,-0.606185,0.00918177,0.0129923,-0.615485,0.269117,0.162336,0.369757,0.163073,0.263085,0.325538,0.12037,0.0805533,0.00211046,0,0,0,0,0,0.00456844,0.000741623,0.122341,0.479686,0.965375,0.562824,0.121608,-0.0319662,0.185871,0.0570104,-0.00131371,-0.00166931,-0.000199552,0.0101909
221,1.67299,1.6732,0.132514,0.00285699,1.00013,0.841375,1.81391,1.44812,5.3873,0.164419,0.519905,0.752884,2.47918,0.00679527,0,0,0,0,0,-0.0472327,-0.0856757,0.792001,0.506849,0.952641,0.547152,0.0323641,0.0169485,0.424466,0.0255864,-0.000844314,-0.000116535,-0.000262915,0.0400429
222,2.09743,1.30402,0.0767805,0.0224077,0.621722,0.732938,1.64658,1.63029,5.36908,0.220103,0.331186,0.539931,0.512924,0.00295493,0,0,0,0,0,-0.0255905,-0.0421367,0.673617,0.535367,0.850853,0.953657,0.0818012,-0.0553595,0.513854,0.184552,0.000657395,-2.93258e-05,-0.00366794,0.0183061
223,1.21906,-0.887087,-0.80903,0.026314,-0.727682,0.233404,0.168013,0.413699,0.199375,0.420666,0.478577,0.197987,4.98736,0.0116941,0,0,0,0,0,0.00296991,0.000498984,0.0541001,0.457019,0.949512,0.617188,0.15656,-0.0472437,0.201297,0.199272,-0.000984306,-0.0223765,-0.00439065,0.051382
224,1.9619,1.96135,-0.300114,0.0122712,0.999718,0.841277,2.12647,1.69805,7.40523,0.157237,0.261621,0.444245,2.70921,0.00724455,0,0,0,0,0,-0.0254449,-0.0541078,0.847884,0.47011,0.921539,0.656514,0.0243977,0.000407577,0.555728,0.067649,-0.000798921,-0.000652848,-0.000372787,0.0156828
225,1.39104,2.00147,-0.225907,0.0256006,1.43883,0.9249,2.04924,1.29996,5.88926,0.168019,0.441817,0.574343,1.4119,0.00471074,0,0,0,0,0,-0.0451549,-0.0925332,0.890984,0.538517,0.965153,0.494493,0.0238513,0.00146532,0.499362,0.0184041,0.00136639,-1.05502e-05,-0.000389691,0.0191472
226,2.29749,1.80522,-0.0481616,0.00891173,0.785737,0.783989,2.08976,1.88207,7.90929,0.125113,0.277147,0.521612,0.510176,0.00294956,0,0,0,0,0,-0.0271836,-0.0568072,0.855073,0.454327,0.931236,0.659919,0.0162354,0.000532627,0.524463,0.0305761,0.00016599,0.000187693,-0.000123846,0.00731548
227,1.48859,-1.04832,0.480717,0.0443311,-0.704236,0.240643,0.21356,0.516031,0.311896,0.447239,0.452389,0.233446,2.28315,0.00641241,0,0,0,0,0,0.00883201,0.00188616,0.170198,0.447502,0.967778,0.597843,0.113585,-0.0522215,0.15597,0.0555568,-0.000617948,-0.0010893,0.000294828,0.0101642
228,1.28122,1.51825,-0.265623,0.254299,1.185,0.881991,1.59157,1.15436,3.86563,0.163912,0.852278,0.983834,0.526736,0.00298191,0,0,0,0,0,-0.0977323,-0.155548,0.999686,0.541154,0.980657,0.476142,-0.070341,-0.0598798,0.545256,0.0281034,-0.0013755,-1.56228e-05,-0.000331094,0.0444332
229,2.0966,1.12409,0.144629,0.0254044,0.536149,0.704072,1.5097,1.58729,4.79868,0.277091,0.286331,0.45449,0.907403,0.0037254,0,0,0,0,0,-0.0162918,-0.0245958,0.496031,0.451171,0.919056,0.699466,0.0653472,-0.0556,0.455594,0.106597,-3.49429e-05,-0.000286122,-0.00109761,0.0187143
230,0.930244,7.44839,-0.83531,3.00581,8.00692,1,7.44839,0.930244,56.3439,0.545157,3.01057,2.80056,0.481801,0.00289414,0,0,0,1,0,-0.345299,-2.57192,0.999894,0.562006,0.996687,0.440597,-0.319756,-0.270361,0.526751,0.0216422,0.00397689,4.49047e-05,-0.00179148,0.153597
231,2.48456,2.96942,-0.00309953,0.00612965,1.19515,0.883985,3.10794,2.24361,14.6931,0.0871961,0.397033,0.890789,0.0395893,0.00203045,0,0,0,0,0,-0.0436559,-0.13568,0.958569,0.344174,0.970337,1.2153,0.0314374,0.000669718,0.521478,0.00759285,-0.00110079,-0.000164787,-8.99268e-05,0.00176867
232,2.28262,2.62704,0.470703,0.00272297,1.15089,0.875111,2.76899,2.04112,11.8335,0.163144,0.777017,1.58599,9.02038,0.0195711,0,0,0,0,0,-0.0679034,-0.188024,0.761847,0.552941,0.911434,0.542035,0.0326228,0.0332918,0.462945,0.0253219,-0.000591009,-0.000102681,-0.000336715,0.115109
233,1.16444,0.637805,-0.386441,0.12711,0.547735,0.708063,0.848725,0.884677,1.50299,0.121016,0.514651,0.4553,1.08391,0.00407014,0,0,0,0,0,-0.0588079,-0.0499118,0.996161,0.533564,0.96973,0.495318,-0.0308703,-0.0418823,0.551404,0.0205399,-0.000517123,2.34344e-05,-0.00017273,0.0279135
234,2.54967,2.39048,-0.263671,0.0137269,0.937565,0.825766,2.62811,2.17845,11.6526,0.196374,0.37567,0.818378,2.25048,0.0063486,0,0,0,0,0,-0.0344956,-0.0906581,0.800504,0.544327,0.838902,0.831987,0.0652924,-0.0313957,0.583197,0.0684123,-0.000647782,-0.00114782,0.000546666,0.0103041
235,0.910074,1.13456,-0.273915,0.11247,1.24667,0.893741,1.1797,0.829661,2.08003,0.118235,0.584778,0.485167,0.816764,0.00354837,0,0,0,0,0,-0.0669619,-0.078995,0.99826,0.543941,0.977276,0.476336,-0.0547693,-0.0451231,0.547383,0.0198024,-0.00268959,0.000130729,-0.000107378,0.0303828
236,1.1018,0.0151946,-0.267576,0.0205938,0.0137906,0.505501,0.449423,0.646952,0.620529,0.0949426,0.248456,0.160739,1.86457,0.00559487,0,0,0,0,0,-0.0261586,-0.0117563,0.917853,0.600573,0.928897,0.456099,-0.00757051,-0.00433667,0.567577,0.0150904,0.000830851,0.000117062,0.000108314,0.02042
237,1.21121,0.982093,-0.385913,0.177948,0.810834,0.791269,1.12478,1.00039,2.26591,0.136135,0.648785,0.649036,0.914837,0.00373992,0,0,0,0,0,-0.0743925,-0.0836754,0.99962,0.538214,0.978542,0.481331,-0.0465983,-0.0491568,0.551125,0.0243877,-0.00131224,-3.7641e-05,-0.000210186,0.0343367
238,1.58093,-0.392987,-0.0385703,0.0117955,-0.24858,0.401843,0.453449,0.788124,0.826756,0.303348,0.350242,0.276034,0.355135,0.00264675,0,0,0,0,0,0.00268883,0.00121925,0.0669272,0.468755,0.974158,0.563408,0.0809278,-0.0121273,0.242056,0.063058,-0.00110524,-0.00296772,-0.000554693,0.0180846
239,1.20346,0.680865,-0.134784,0.141035,0.565757,0.71422,0.893632,0.919362,1.6438,0.125087,0.534758,0.491636,0.358902,0.00265411,0,0,0,0,0,-0.0612276,-0.054715,0.998154,0.545477,0.96732,0.484357,-0.0309149,-0.0378846,0.554479,0.0213307,-0.00154521,-0.000129145,-0.000141099,0.0284742
240,1.16295,2.4573,-0.297745,0.345346,2.11298,0.982699,2.46481,1.14451,7.3852,0.19459,1.19119,1.36333,0.506661,0.0029427,0,0,0,0,0,-0.136619,-0.336741,0.999861,0.540613,0.980569,0.476805,-0.126111,-0.089576,0.538112,0.0320658,-0.00630457,0.000145787,-0.000553745,0.0609091
241,0.567465,-0.523201,-0.192381,0.00495444,-0.921996,0.178265,0.0541723,0.160873,0.0288146,0.116455,0.147289,0.0236948,2.73316,0.00729133,0,0,0,0,0,0.00243831,0.000132089,0.144319,0.613904,0.885392,0.484396,0.016684,-0.0114818,0.481479,0.0178195,0.00186006,0.000469902,0.000268558,0.0113419
242,1.46188,-0.420047,0.22168,0.001363,-0.287334,0.386928,0.39877,0.708213,0.660583,0.122443,0.263434,0.186568,6.00452,0.0136807,0,0,0,0,0,0.00707182,0.00282003,0.234027,0.458484,0.958448,0.599518,0.0400044,-0.00403145,0.37407,0.021938,-0.00169661,-0.000494167,-6.1516e-05,0.0333061
243,2.14148,0.60559,-0.0296988,0.00185794,0.282791,0.611332,1.19327,1.44909,3.52373,0.117028,0.366385,0.530924,0.689007,0.00329884,0,0,0,0,0,-0.0103081,-0.0123002,0.245271,0.428417,0.945036,0.668207,0.0633504,-0.00769103,0.410713,0.0164758,-0.000870183,-0.000144493,-5.30485e-05,0.045779
244,1.02841,6.44725,-0.648966,1.35934,6.26917,1,6.44725,1.02841,42.6247,0.373245,2.67629,2.75231,0.556619,0.00304027,0,0,0,1,0,-0.306885,-1.97857,0.999655,0.546776,0.990487,0.461309,-0.284093,-0.208995,0.529325,0.0330603,-0.00299042,0.000202964,-0.00140838,0.135697
245,0.969382,-0.331999,0.184114,0.00123847,-0.342485,0.365993,0.24505,0.450752,0.263227,0.103306,0.171862,0.0774674,5.23172,0.0121713,0,0,0,0,0,-0.00133961,-0.000328272,0.0679523,0.529288,0.929751,0.549511,0.012351,0.0019854,0.417286,0.0179101,-0.00254671,-0.000381063,-7.35905e-05,0.0250952
246,3.33006,0.402683,-0.263675,0.00375362,0.120923,0.548124,1.53671,2.0832,6.7012,0.170432,0.716208,1.49201,4.30371,0.0103588,0,0,0,0,0,-0.0211973,-0.0325741,0.258017,0.353571,0.970549,0.711749,0.0800648,-0.00356731,0.393231,0.0797645,-0.000110537,-0.000436483,0.000221428,0.08346
247,1.52887,-0.832402,-0.237344,0.0207358,-0.544457,0.293063,0.278135,0.610874,0.450526,0.368843,0.464628,0.283829,1.64823,0.00517233,0,0,0,0,0,0.00406015,0.00112927,0.0761805,0.457799,0.960997,0.596175,0.153865,-0.0355269,0.216034,0.0817425,0.00186521,-0.00115173,-0.000379906,0.0237641
248,1.15581,1.73748,-0.284076,0.261604,1.50326,0.933614,1.77126,1.08959,4.32458,0.166773,0.923827,1.0066,0.555409,0.00303791,0,0,0,0,0,-0.105955,-0.187674,0.999857,0.534009,0.982859,0.481683,-0.0863786,-0.0672081,0.541127,0.0281471,-0.00231435,0.000135317,-0.000344195,0.0474858
249,1.30487,1.27557,-0.333368,0.243801,0.977538,0.835849,1.3896,1.12415,3.1947,0.158254,0.783419,0.880682,0.675159,0.00327179,0,0,0,0,0,-0.0898189,-0.124812,0.999494,0.538406,0.981032,0.478733,-0.0623128,-0.0603725,0.547233,0.0270303,-0.00243407,-7.20671e-05,-0.000226445,0.0410232
250,1.60251,1.72796,-0.0923496,0.00780506,1.07828,0.859547,1.84453,1.41043,5.39161,0.17977,0.506023,0.71371,1.04531,0.00399476,0,0,0,0,0,-0.051187,-0.0944161,0.881853,0.573974,0.885475,0.54856,0.0478232,-0.0376623,0.506337,0.0837901,-0.000797089,-9.09068e-05,0.000538499,0.0513121
251,1.18772,0.997631,-0.252822,0.158551,0.839953,0.799533,1.12923,0.99041,2.25607,0.133987,0.622895,0.616922,0.634937,0.00319324,0,0,0,0,0,-0.0712345,-0.0804401,0.996971,0.545397,0.977476,0.474567,-0.0466527,-0.0492437,0.551639,0.022738,-0.00123902,-7.65266e-05,-0.000189604,0.0329834
252,2.68784,3.20408,0.0179948,0.00633812,1.19207,0.883382,3.35514,2.42551,17.1401,0.088552,0.429582,1.04196,0.22603,0.00239459,0,0,0,0,0,-0.0470885,-0.157989,0.9556,0.25648,0.969108,1.03948,0.0315919,0.0165849,0.519939,0.0153404,0.000124367,-0.000282803,-3.43524e-06,0.00189242
253,1.14843,1.49492,-0.167394,0.0449354,1.3017,0.903491,1.54686,1.05421,3.50414,0.31188,0.590984,0.62302,0.789668,0.00349545,0,0,0,0,0,-0.0653455,-0.10108,0.963932,0.602363,0.876709,0.514134,-0.039066,-0.0285165,0.540328,0.0441905,1.19207e-05,0.00104657,0.00124591,0.0454197
254,2.54697,2.81316,0.0098924,0.00858874,1.10451,0.865314,2.98872,2.25447,14.0151,0.0973498,0.38631,0.870924,0.106742,0.00216161,0,0,0,0,0,-0.0424029,-0.12673,0.9569,0.482793,0.951668,1.32418,0.0313442,0.000657797,0.524427,0.00584447,-0.00210246,-0.000118321,-0.00012078,0.00172214
255,2.29922,1.16486,-0.0159572,0.00252808,0.506633,0.693794,1.6093,1.72039,5.54959,0.173907,0.673588,1.15884,0.317366,0.00257298,0,0,0,0,0,-0.0365909,-0.0588856,0.473571,0.451584,0.963974,0.599043,0.0804713,0.000797749,0.455729,0.0330239,-1.42445e-05,-7.55259e-05,2.66468e-05,0.0775248
256,1.19588,-0.320357,0.00608353,0.00169175,-0.267883,0.394395,0.334642,0.587747,0.457431,0.121702,0.192338,0.113046,0.147907,0.00224201,0,0,0,0,0,0.00408625,0.00136743,0.185211,0.489152,0.943713,0.583346,0.0240068,-0.00199738,0.35617,0.0242445,0.000862672,0.00032466,2.83322e-05,0.0301468
257,2.23903,1.28036,-0.073086,0.0273529,0.57184,0.716285,1.67294,1.71366,5.73534,0.274212,0.364524,0.624669,0.441909,0.00281623,0,0,0,0,0,-0.0253464,-0.0424029,0.606173,0.361475,0.95406,0.751834,0.0671523,-0.0399482,0.449275,0.0538455,-0.00072555,-0.0010936,-0.000306807,0.0229567
258,2.43975,0.212353,-0.0953173,0.00372225,0.0870389,0.53468,1.08452,1.49602,3.41426,0.224236,0.597976,0.894582,1.56232,0.00500452,0,0,0,0,0,-0.0240347,-0.0260662,0.350398,0.459574,0.983515,0.56101,0.0647538,0.00141589,0.442201,0.0514442,-0.000447379,-0.00137755,-0.000213991,0.0670106
259,3.11219,0.524014,-0.204147,0.00555081,0.168375,0.566856,1.51,2.002,6.2881,0.222462,0.803427,1.60846,2.74009,0.00730487,0,0,0,0,0,-0.0299301,-0.0451946,0.324765,0.404562,0.97312,0.640505,0.0809414,0.000576437,0.435346,0.0636039,0.000488218,6.01553e-05,0.000221635,0.103592
260,0.781946,-0.18643,0.155296,0.00130743,-0.238418,0.405778,0.227161,0.392738,0.205846,0.109212,0.16762,0.0658307,4.29487,0.0103415,0,0,0,0,0,-0.00661438,-0.00150253,0.344009,0.522976,0.94734,0.53387,0.00850886,9.32664e-05,0.456228,0.0169953,-0.00411724,-0.000850173,-0.000118324,0.0221882
261,1.31335,1.41503,0.172866,0.00492037,1.07742,0.859354,1.51073,1.15571,3.61797,0.150223,0.370084,0.427711,2.4644,0.00676641,0,0,0,0,0,-0.032219,-0.0486743,0.75896,0.568472,0.932944,0.493007,0.0164745,0.0087781,0.470438,0.0419013,-0.0001922,-0.000234786,-0.000468279,0.0259417
262,2.53133,2.82876,0.00145507,0.00913737,1.1175,0.868109,2.99846,2.24698,14.0397,0.10062,0.384905,0.864875,0.015222,0.00198286,0,0,0,0,0,-0.0423574,-0.127007,0.959363,0.512728,0.952077,1.36359,0.0469563,0.000633717,0.524377,0.00576035,-0.00076861,-0.000131472,-0.000110178,0.00173165
263,1.10818,2.58251,-0.265214,0.339034,2.33041,0.990108,2.58609,1.09861,7.89483,0.193938,1.2241,1.34481,0.455486,0.00284275,0,0,0,0,0,-0.140389,-0.36306,0.999826,0.540728,0.978949,0.478221,-0.134009,-0.0893657,0.537771,0.0319328,0.000224046,0.000108407,-0.000569755,0.0626263
264,2.32852,2.70515,-0.145451,0.00392606,1.16175,0.877331,2.84628,2.08717,12.4576,0.114604,0.688531,1.43708,2.32134,0.00648698,0,0,0,0,0,-0.0699447,-0.199082,0.885601,0.481826,0.941824,0.596586,0.0316477,0.017653,0.457282,0.0150606,0.00418866,-0.000168132,-0.000297785,0.0552245
265,1.22748,-0.0468264,0.0812056,0.0025828,-0.0381485,0.484785,0.468808,0.698975,0.708347,0.161786,0.245435,0.171553,1.59787,0.00507396,0,0,0,0,0,-0.00344476,-0.00161493,0.122357,0.511801,0.95773,0.534426,0.0243508,-0.000195496,0.397424,0.0267231,-0.00117826,-0.000921393,-0.000137071,0.0384137
266,3.01714,3.3758,0.005312,0.0107454,1.11888,0.868404,3.57747,2.67903,19.9755,0.159091,0.460051,1.23249,0.0512446,0.00205321,0,0,0,0,0,-0.0491989,-0.176008,0.932301,0.422645,0.95741,0.648763,0.0640123,-0.0148206,0.521756,0.0479879,1.63856e-05,-7.17707e-05,-0.000430713,0.00600868
267,0.797155,-0.558602,0.148437,0.0011326,-0.700745,0.241731,0.115034,0.277216,0.0900816,0.104657,0.140381,0.0389159,4.41067,0.0105677,0,0,0,0,0,-0.000748602,-8.61145e-05,0.0464889,0.536221,0.96677,0.495413,0.00809258,-8.64267e-06,0.446537,0.0160691,0.0019632,0.000510969,0.000112393,0.0163858
268,0.949689,-0.244115,0.0977438,0.00171068,-0.257047,0.398571,0.26948,0.470496,0.293985,0.139684,0.195114,0.0918002,2.36322,0.00656879,0,0,0,0,0,-0.00349813,-0.000942674,0.156298,0.512283,0.966719,0.522896,0.0160949,-0.000950634,0.422884,0.0219504,0.00200566,0.000310932,0.000115579,0.0322809
269,1.35973,1.83769,-0.149592,0.0357785,1.35151,0.911735,1.89381,1.25616,5.16448,0.169836,0.488217,0.61328,0.790856,0.00349777,0,0,0,0,0,-0.0514493,-0.0974353,0.918699,0.594979,0.938556,0.453904,0.0394156,-0.0216821,0.515958,0.0196687,-0.000373474,1.24544e-06,-0.000211407,0.0202741
270,1.18824,-0.347604,0.211558,0.00252816,-0.292536,0.384938,0.321886,0.573432,0.432434,0.159976,0.223217,0.127999,4.20753,0.010171,0,0,0,0,0,-0.00330871,-0.00106503,0.129223,0.526861,0.962915,0.51038,0.0241779,5.26011e-05,0.415329,0.0237995,-0.000583242,0.000624703,5.5829e-05,0.0293048
271,1.0967,0.0780482,-0.204595,0.00891649,0.0711665,0.528367,0.478803,0.666195,0.673068,0.173439,0.185494,0.123575,2.1667,0.00618496,0,0,0,0,0,-0.00213159,-0.00102061,0.10018,0.603281,0.811977,0.659482,0.0263866,-0.0132604,0.677982,0.081656,-9.62554e-05,0.00109791,0.00148974,0.00909713
272,2.21977,2.89263,-0.204103,0.00504043,1.30312,0.903733,2.99277,2.03801,13.1102,0.133895,0.711555,1.45016,2.87485,0.00756808,0,0,0,0,0,-0.0728931,-0.218152,0.893068,0.419967,0.953829,0.660297,0.032275,0.0176284,0.45814,0.0227957,-0.00139645,-5.02815e-05,-0.000489652,0.0536577
273,0.81645,8.69974,-1.11359,4.48232,10.6556,1,8.69974,0.81645,76.3521,0.662601,3.46456,2.82864,0.525985,0.00298044,0,0,0,1,0,-0.397321,-3.45659,0.999772,0.550826,0.997447,0.45127,-0.378863,-0.362758,0.525362,0.0174487,-0.0435727,6.92378e-05,-0.00206351,0.175814
274,2.93932,1.39108,0.320439,0.00829065,0.473267,0.681989,1.99479,2.16636,8.67231,0.187836,0.56151,1.21643,3.51926,0.00882667,0,0,0,0,0,-0.0239795,-0.0478342,0.372297,0.453225,0.965059,0.595259,0.111195,0.000458121,0.431562,0.0362358,0.000121946,-0.000243992,5.84969e-05,0.0254083
275,1.07062,0.275984,-0.0967174,0.0266594,0.257781,0.601712,0.579493,0.716541,0.849242,0.10705,0.305796,0.219115,0.592352,0.00311006,0,0,0,0,0,-0.0319855,-0.0185354,0.911862,0.612548,0.921458,0.447855,-0.00750887,-0.0150315,0.562235,0.0159782,-0.00121749,2.24123e-05,0.000155824,0.019135
276,1.22082,-0.377269,-0.218213,0.00481778,-0.30903,0.378649,0.323414,0.581983,0.4433,0.188959,0.289327,0.168384,3.14382,0.0080934,0,0,0,0,0,0.00414494,0.00134053,0.124892,0.381249,0.958564,0.705196,0.0958176,-0.0139875,0.354932,0.030889,-0.000707124,0.000459034,1.40301e-05,0.0112377
277,1.45355,0.750237,0.221211,0.00269471,0.516143,0.697123,1.02619,1.09231,2.24622,0.127775,0.195668,0.21373,4.26137,0.0102761,0,0,0,0,0,-0.0115956,-0.0118993,0.516631,0.460042,0.933463,0.645379,0.00823283,0.00414324,0.501495,0.0307945,-0.0010273,-0.00031813,-4.47092e-05,0.0374636
278,1.27409,1.48592,-0.127335,0.0168302,1.16626,0.878245,1.56231,1.14317,3.74764,0.164243,0.463232,0.529553,0.981532,0.00387018,0,0,0,0,0,-0.0482923,-0.0754474,0.908837,0.56744,0.915698,0.515085,0.0397165,-0.0297031,0.507037,0.038863,-0.00109763,0.00080268,-0.000551462,0.0287495
279,1.71449,-0.664704,0.220482,0.0174558,-0.387699,0.34912,0.405311,0.770782,0.758382,0.315486,0.409667,0.315764,1.6688,0.0052125,0,0,0,0,0,0.00167415,0.000678552,0.0356263,0.481863,0.981559,0.539235,0.112925,-0.0357981,0.190099,0.069611,-4.89505e-05,-0.00413535,-0.00051126,0.0211939
280,1.1332,0.855896,0.0907331,0.00698252,0.755293,0.774963,1.00454,0.919154,1.85395,0.128459,0.20552,0.188905,1.08582,0.00407388,0,0,0,0,0,-0.0199224,-0.020013,0.845074,0.583288,0.913809,0.495154,0.00819755,-0.00347918,0.501296,0.0152573,-0.00128271,7.25718e-05,-0.000289233,0.0167795
281,1.18788,0.606134,0.158202,0.00276099,0.510267,0.695068,0.834183,0.890294,1.48849,0.118313,0.263505,0.234597,3.01079,0.00783357,0,0,0,0,0,-0.0241787,-0.0201695,0.799926,0.616821,0.884495,0.481011,-0.00743628,0.00847727,0.494684,0.0229267,0.00134141,0.000130653,1.91758e-05,0.0369244
282,1.28809,2.39474,-0.247884,0.379095,1.85914,0.968496,2.41065,1.25238,7.37967,0.202456,1.19073,1.49124,0.402601,0.00273946,0,0,0,0,0,-0.13657,-0.329221,0.999882,0.539659,0.980131,0.478246,-0.118157,-0.0740106,0.539666,0.0339858,0.0014684,9.34457e-05,-0.000494299,0.061506
283,1.43801,1.99374,-0.242884,0.0282065,1.38645,0.917195,2.0491,1.33455,5.97984,0.150289,0.463079,0.618004,1.44619,0.00477771,0,0,0,0,0,-0.0494455,-0.101319,0.930846,0.589735,0.921116,0.478124,0.0317633,-0.00626397,0.510291,0.0200701,0.000239676,-0.000386337,-0.000155636,0.0172272
284,1.36744,1.22074,-0.219515,0.251412,0.892719,0.813996,1.3571,1.15775,3.1821,0.161334,0.775853,0.89824,0.437795,0.00280819,0,0,0,0,0,-0.0889508,-0.120715,0.999487,0.529452,0.979722,0.489646,-0.0544326,-0.0605084,0.548928,0.0277448,-0.00123653,-3.54192e-05,-0.000233076,0.0410055
285,2.09805,2.26657,-0.19524,0.00910935,1.08032,0.86,2.41856,1.84738,9.26227,0.242672,0.665042,1.22859,2.04562,0.00594848,0,0,0,0,0,-0.0547444,-0.132403,0.717625,0.461115,0.930527,0.650334,0.0511737,0.000941515,0.519148,0.252465,0.000629729,-0.000111336,-0.00238775,0.0591063
286,2.64223,1.97655,0.0607243,0.0234693,0.748063,0.772789,2.32775,2.13814,9.99003,0.202463,0.333634,0.713354,0.39638,0.00272731,0,0,0,0,0,-0.03392,-0.0789571,0.886323,0.397033,0.937625,0.745853,0.0641017,-0.0390731,0.523181,0.117489,-0.000758969,0.00012504,-0.00157233,0.0136679
287,3.1877,3.92371,0.460634,0.250826,1.23089,0.890818,4.0858,2.90039,25.106,0.201812,0.480509,1.39366,0.919749,0.00374951,0,0,0,0,0,-0.054818,-0.223975,0.994553,1.53816,0.610138,1.92854,0.0627029,-0.0606673,0.576707,0.0421668,0.00130194,9.24151e-05,-0.000430604,0.015417
288,0.901956,-0.524157,0.241397,0.0126138,-0.581133,0.280575,0.156124,0.349049,0.14621,0.247901,0.264664,0.0923808,2.14936,0.0061511,0,0,0,0,0,0.00354367,0.000553252,0.116725,0.465099,0.94964,0.605935,0.0894563,-0.0241566,0.228382,0.0744823,-0.00178373,0.0011494,0.000518994,0.00661759
289,1.13362,-0.605401,0.302757,0.00168456,-0.534043,0.296656,0.209072,0.45704,0.252596,0.137035,0.195356,0.0892854,7.3765,0.0163603,0,0,0,0,0,-8.19155e-05,-1.71262e-05,0.0036555,0.530766,0.948423,0.522725,0.024242,6.80685e-05,0.435606,0.0263686,0.000662269,-0.000284419,-6.42977e-05,0.0257248
290,1.33621,0.754074,0.248514,0.00417372,0.56434,0.713739,0.990765,1.02033,2.02268,0.121883,0.151587,0.154669,3.84671,0.00946623,0,0,0,0,0,-0.0114878,-0.0113817,0.660664,0.567763,0.917962,0.511749,0.00808036,0.0040741,0.52301,0.0233049,-0.000636865,3.74311e-05,4.77026e-05,0.0154437
291,3.59572,0.930081,-0.274277,0.00734375,0.258663,0.602052,1.94828,2.40747,9.59172,0.217898,0.754424,1.81625,3.20059,0.00820428,0,0,0,0,0,-0.0263843,-0.051404,0.304885,0.397197,0.97578,0.644249,0.064472,0.000393748,0.408373,0.0213505,-0.000199477,-0.000258892,-0.000109202,0.107878
292,1.1801,-0.294899,0.118146,0.00238271,-0.249893,0.401335,0.337921,0.587737,0.459625,0.155197,0.197251,0.115932,2.42038,0.00668042,0,0,0,0,0,-0.00369948,-0.00125013,0.163504,0.544522,0.959466,0.493548,0.00822759,2.2918e-05,0.463743,0.0257537,-0.00434572,-0.000942517,-6.98079e-05,0.03683
293,3.23497,3.56372,-0.188183,0.0108176,1.10162,0.864688,3.78806,2.86166,22.5385,0.14967,0.500837,1.43322,1.80932,0.00548696,0,0,0,0,0,-0.0516524,-0.195662,0.899086,0.696172,0.737601,0.907042,0.0474679,0.016845,0.519655,0.0118706,-2.78559e-05,-9.51102e-05,-0.000216084,0.00813635
294,1.31219,1.80005,-0.335768,0.306949,1.37179,0.914936,1.85209,1.21544,4.90756,0.179739,0.979892,1.19101,0.606047,0.00313681,0,0,0,0,0,-0.112386,-0.20815,0.999867,0.532758,0.981951,0.483896,-0.0862492,-0.0671397,0.542471,0.0309185,0.000871896,7.63542e-05,-0.000347454,0.0506111
295,1.37523,1.08676,-0.00130529,0.0168704,0.790241,0.785306,1.25559,1.12823,2.84941,0.162229,0.220261,0.248505,0.0100495,0.00197275,0,0,0,0,0,-0.0230832,-0.028983,0.913617,0.547238,0.905294,0.560292,0.0314791,-0.0226129,0.534338,0.0392779,0.000652199,0.000205864,0.000170751,0.0180713
296,1.04728,0.244243,-0.013618,0.0014374,0.233217,0.592204,0.550459,0.69345,0.783877,0.121293,0.187582,0.130079,0.359189,0.00265467,0,0,0,0,0,-0.0050167,-0.00276149,0.233149,0.526724,0.93213,0.549633,0.0160276,0.000102207,0.452057,0.0227524,0.00216095,0.000543312,8.20988e-05,0.0220493
297,1.5867,1.5717,0.0503409,0.00130363,0.990545,0.839046,1.70736,1.37067,4.79379,0.0761822,0.462493,0.633923,1.39426,0.00467629,0,0,0,0,0,-0.0480902,-0.0821071,0.906482,0.506269,0.914346,0.610477,0.0163851,0.0170082,0.451878,0.0115894,-0.00158238,-0.00014696,-0.000201693,0.0571337
298,0.949509,0.26233,-0.0302664,0.0544918,0.27628,0.608833,0.52514,0.640669,0.686229,0.0907483,0.332748,0.213182,0.129657,0.00220636,0,0,0,0,0,-0.0377551,-0.0198267,0.989161,0.561012,0.947808,0.486208,-0.015335,-0.0208733,0.560245,0.0154274,-0.000252414,-2.51958e-05,-2.26428e-05,0.0183524
299,1.43772,1.51053,0.0109613,0.0477494,1.05064,0.853288,1.62089,1.25789,4.20956,0.279573,0.810341,1.01932,0.0501624,0.0020511,0,0,0,0,0,-0.0866774,-0.140494,0.932491,0.614361,0.883061,0.48653,-0.0388439,-0.0363483,0.544613,0.053965,-0.000272682,-0.000749081,-0.000274068,0.0559959
300,2.67409,3.39301,0.296878,0.00458841,1.26885,0.897752,3.52093,2.44455,18.3728,0.246168,1.01387,2.47846,4.38274,0.0105132,0,0,0,0,0,-0.0899406,-0.316675,0.773354,0.39001,0.988532,0.628944,0.0490906,0.0492642,0.440981,0.042901,-0.000491721,-0.00077834,-0.000166189,0.079258
301,1.9149,1.97799,-0.110816,0.00293834,1.03295,0.849185,2.12991,1.66907,7.32231,0.114192,0.506198,0.844881,2.04433,0.00594595,0,0,0,0,0,-0.0528227,-0.112508,0.909719,0.451118,0.952651,0.619406,0.0242796,0.0170553,0.442128,0.0227766,-0.00109808,-0.00034611,-2.16177e-05,0.0364316
302,1.33679,-0.36139,0.316004,0.00297171,-0.270342,0.393449,0.37288,0.655806,0.569122,0.174108,0.268478,0.17607,5.79682,0.013275,0,0,0,0,0,0.00121709,0.000453829,0.0395204,0.477275,0.972038,0.556528,0.0399133,-6.20782e-05,0.380334,0.0276866,0.00360731,0.000628318,7.45111e-05,0.0400442
303,1.53201,1.33688,-0.0873756,0.00268112,0.872626,0.808567,1.49457,1.29135,3.90133,0.131424,0.313935,0.4054,1.68746,0.00524894,0,0,0,0,0,-0.0342777,-0.0512306,0.951872,0.601572,0.865839,0.531824,0.0163894,0.000938535,0.45459,0.0485492,0.000400781,-0.000309565,-0.000340571,0.0190354
304,3.15912,1.03967,0.00272394,0.00363819,0.329102,0.628961,1.85359,2.18206,8.19721,0.201885,0.816011,1.78059,0.0451601,0.00204133,0,0,0,0,0,-0.0364618,-0.0675853,0.389537,0.380057,0.988191,0.64039,0.096622,0.00842321,0.442254,0.0349339,-0.00197948,-0.000347909,-0.000169997,0.0991701
305,2.17217,2.51741,0.00744602,0.00358507,1.15894,0.876759,2.64995,1.94581,10.8084,0.0978219,0.606833,1.18078,0.124358,0.00219601,0,0,0,0,0,-0.0632659,-0.167652,0.908882,0.562358,0.942277,0.490467,0.0159242,0.0330369,0.464624,0.0233984,-0.000257871,-8.88642e-05,-0.000137485,0.0537414
306,1.44593,0.903731,0.0783486,0.0407032,0.625017,0.73402,1.13874,1.12506,2.56249,0.203769,0.56923,0.640416,0.388344,0.00271161,0,0,0,0,0,-0.0591431,-0.0673487,0.90578,0.592321,0.924181,0.471461,-0.0228198,-0.0376755,0.56148,0.0337808,-0.000236961,-0.000540361,0.000129173,0.040888
307,1.18006,0.551786,-0.0648998,0.124355,0.467593,0.679962,0.796585,0.867502,1.38711,0.120182,0.505461,0.438489,0.18404,0.00231258,0,0,0,0,0,-0.0577213,-0.04598,0.995532,0.534598,0.969147,0.494762,-0.030882,-0.0380576,0.55154,0.0205649,0.00166606,-8.09779e-06,-1.53859e-05,0.0276389
308,1.31295,1.21944,-0.0959457,0.0120452,0.928777,0.823498,1.34348,1.11977,3.05883,0.140724,0.258472,0.28943,0.874217,0.00366058,0,0,0,0,0,-0.0260105,-0.0349446,0.877287,0.549488,0.896703,0.571107,0.00826263,0.00849998,0.480761,0.018044,-0.00103841,8.12702e-05,-0.00052377,0.016859
309,1.15658,0.536099,-0.185897,0.0611563,0.46352,0.678504,0.777737,0.84868,1.32513,0.138493,0.416067,0.353108,0.751711,0.00342131,0,0,0,0,0,-0.0457843,-0.0356081,0.959311,0.566811,0.949861,0.477092,-0.015291,-0.0224944,0.563942,0.0174281,0.00050839,-5.15135e-05,0.000229589,0.026405
310,1.84444,1.58726,-0.070823,0.0046617,0.860565,0.805261,1.78247,1.54851,5.5751,0.13125,0.448277,0.694164,1.03729,0.00397909,0,0,0,0,0,-0.0454772,-0.0810618,0.88441,0.589289,0.926314,0.473192,0.0163155,0.0247611,0.465812,0.0261865,-0.000463556,-0.000363166,-0.000237972,0.0455828
311,4.21978,1.86777,0.746099,0.0198025,0.442622,0.67098,2.78134,3.06726,17.1439,0.367708,0.764388,2.34458,5.30195,0.0123085,0,0,0,0,0,-0.0225095,-0.0626065,0.256719,0.2919,0.971253,0.802322,0.0635257,0.000578642,0.442652,0.0414136,0.000261236,-0.000694856,-0.000383402,0.11607
312,1.14685,3.47428,-0.60348,0.416291,3.02941,0.998775,3.47465,1.14563,13.3857,0.253922,1.5058,1.72509,0.935329,0.00377994,0,0,0,1,0,-0.172491,-0.599346,0.998631,0.565055,0.983649,0.448063,-0.157837,-0.119465,0.532531,0.0348606,-0.00398809,-0.000839487,-0.00105883,0.0770799
313,0.700943,-0.385803,-0.394088,0.00949467,-0.550406,0.29102,0.126514,0.278629,0.0936401,0.149054,0.168259,0.046882,4.0444,0.00985233,0,0,0,0,0,-0.00166587,-0.000210756,0.0863117,0.621874,0.863031,0.500334,-0.00608861,-0.00299048,0.505078,0.0253811,0.00129321,-0.00150061,-0.000355327,0.0146119
314,1.20986,2.50424,-0.270104,0.359214,2.06986,0.980767,2.51295,1.18877,7.72809,0.200273,1.2081,1.43615,0.450667,0.00283333,0,0,0,0,0,-0.138547,-0.348163,0.999777,0.53848,0.979962,0.479676,-0.126079,-0.0895073,0.539266,0.0332979,0.00230122,9.10774e-05,-0.000492198,0.0619125
315,1.20363,1.27459,0.145311,0.00470897,1.05896,0.855191,1.36553,1.05496,2.97761,0.131401,0.378143,0.398925,2.11755,0.00608897,0,0,0,0,0,-0.037242,-0.050855,0.858586,0.566879,0.916237,0.515186,0.0239407,-0.0144689,0.496792,0.0500478,-5.86748e-05,0.000601709,9.26102e-05,0.0427297
316,2.65738,3.14298,-0.26172,0.00552991,1.18273,0.881542,3.29593,2.39305,16.5898,0.152981,0.814337,1.94875,3.51947,0.00882709,0,0,0,0,0,-0.0838755,-0.276448,0.89792,0.359758,0.968682,0.708352,0.0480099,0.0336001,0.442457,0.0140577,-0.00072851,-8.33809e-05,-0.000345557,0.0477568
317,1.2829,0.433349,0.343748,0.0137098,0.33779,0.632239,0.759835,0.88956,1.36867,0.187177,0.220556,0.196198,2.93578,0.00768707,0,0,0,0,0,-0.0114984,-0.00873693,0.454493,0.739743,0.683046,0.565689,0.0563328,-0.0471201,0.442009,0.0937601,-0.000614016,-9.78886e-05,-0.00232587,0.0136051
318,1.19577,0.468848,0.287108,0.00177866,0.392088,0.652503,0.749631,0.849586,1.28374,0.112549,0.164126,0.139439,6.80768,0.0152494,0,0,0,0,0,-0.0078565,-0.00588948,0.41731,0.563626,0.88339,0.570256,0.00827384,0.00205123,0.500371,0.0370612,-0.000872851,-0.000348602,-0.000297955,0.0251654
319,1.34398,1.25988,-0.205436,0.257189,0.93743,0.825731,1.38517,1.14827,3.23721,0.161894,0.789736,0.906828,0.40509,0.00274432,0,0,0,0,0,-0.0905243,-0.125391,0.999287,0.530318,0.980582,0.487857,-0.0622735,-0.0604289,0.546603,0.0273353,0.00109733,7.61636e-05,-0.000170811,0.0419499
320,1.448,-0.330489,-0.16498,0.0102816,-0.228238,0.40973,0.425996,0.732717,0.718347,0.283839,0.374179,0.274167,1.62705,0.00513095,0,0,0,0,0,0.000735633,0.000313377,0.0171391,0.476133,0.969674,0.561054,0.112059,-0.0277542,0.259142,0.0736362,0.000466999,0.00327725,0.000654219,0.0182243
321,1.45626,-0.467243,0.042827,0.00960245,-0.320851,0.374162,0.379548,0.688147,0.617602,0.26574,0.355874,0.244894,0.437046,0.00280673,0,0,0,0,0,0.00163307,0.000619826,0.0400049,0.464679,0.978076,0.562673,0.0968882,-0.0219307,0.269894,0.0432814,-0.00188597,0.000770113,0.000126959,0.0132957
322,1.23301,2.92671,-0.412429,0.477762,2.37362,0.991193,2.93034,1.22322,10.0831,0.229621,1.37377,1.68042,0.596683,0.00311852,0,0,0,0,0,-0.157565,-0.46172,0.999896,0.552154,0.984399,0.46103,-0.1498,-0.104545,0.538003,0.0331994,-0.00105428,7.87322e-05,-0.000756017,0.0702027
323,1.03172,-0.656242,-0.0654502,0.00220853,-0.636069,0.262366,0.164943,0.3803,0.171834,0.143342,0.204994,0.0779593,1.3927,0.00467325,0,0,0,0,0,-0.00112135,-0.000184959,0.0476878,0.444537,0.972887,0.593252,0.0160908,-0.00389874,0.433815,0.025246,0.000402672,-4.37191e-05,1.30794e-05,0.0264576
324,1.21756,2.69206,-0.433206,0.393042,2.21103,0.986483,2.69788,1.20275,8.72515,0.208551,1.28652,1.54736,0.690995,0.00330272,0,0,0,0,0,-0.147556,-0.398088,0.999882,0.541779,0.981162,0.474996,-0.134001,-0.0891917,0.539384,0.0341052,-0.00634636,0.000115946,-0.000608535,0.0659781
325,1.13366,-0.345686,0.130981,0.00243593,-0.304929,0.38021,0.302009,0.542082,0.385063,0.165994,0.229765,0.124551,2.65385,0.00713642,0,0,0,0,0,-0.00255299,-0.000771025,0.0968662,0.487113,0.982423,0.532496,0.0399098,1.71661e-05,0.39644,0.0377969,-0.00311067,-0.00280009,-0.000232615,0.0298395
326,1.46264,-0.207691,0.168107,0.00245911,-0.141997,0.443541,0.482678,0.783978,0.847599,0.143547,0.447371,0.350729,3.38998,0.00857417,0,0,0,0,0,-0.0205557,-0.00992178,0.400564,0.476788,0.98157,0.544756,0.0329554,0.00226976,0.46731,0.0291249,-0.00167418,-8.25516e-05,8.87228e-05,0.067795
327,1.30309,3.28675,-0.36836,0.608937,2.52226,0.99417,3.28928,1.29596,12.4989,0.2556,1.52627,1.97799,0.472048,0.00287509,0,0,0,0,0,-0.175063,-0.575832,0.99993,0.542681,0.986503,0.469114,-0.157844,-0.103879,0.535674,0.0344834,-0.00265737,2.87041e-05,-0.00071789,0.0786467
328,1.19039,-0.508221,0.101178,0.0068644,-0.426936,0.334713,0.264484,0.519753,0.340095,0.248347,0.364832,0.189623,1.2212,0.00433827,0,0,0,0,0,-0.000822227,-0.000217466,0.0196474,0.450621,0.973764,0.584822,0.120078,-0.0297057,0.289548,0.0586708,0.00030797,0.00156336,0.000524582,0.0104756
329,1.16431,0.385064,0.155272,0.00234021,0.330723,0.629573,0.684354,0.804792,1.11603,0.0906366,0.148738,0.119704,3.20972,0.00822211,0,0,0,0,0,-0.0124762,-0.00853812,0.731248,0.596816,0.884388,0.512459,0.00806034,0.000298798,0.482246,0.027308,0.00131094,8.63905e-05,-9.2688e-05,0.0292965
330,1.77401,2.14213,-0.542972,0.0123269,1.20751,0.886382,2.23785,1.6064,7.58849,0.146527,0.464412,0.746031,4.89047,0.0115048,0,0,0,0,0,-0.049358,-0.110456,0.926533,0.508164,0.940678,0.562386,0.0161979,0.0171323,0.474988,0.0294508,0.00140075,-7.85608e-06,-0.00032305,0.0277133
331,4.34601,1.12562,0.22946,0.0112161,0.259,0.602183,2.35575,2.91025,14.0191,0.268397,0.886365,2.57954,2.16664,0.00618484,0,0,0,0,0,-0.0343104,-0.0808265,0.337458,0.408,0.981869,0.620579,0.0647593,0.0006181,0.414169,0.0385412,-0.00154121,0.000143618,2.43773e-05,0.115619
332,0.966258,5.50841,-0.513501,1.06816,5.70077,1,5.50841,0.966258,31.2762,0.332124,2.3299,2.25128,0.496849,0.00292353,0,0,0,1,0,-0.267197,-1.47183,0.999772,0.534197,0.990364,0.474431,-0.24468,-0.17909,0.525826,0.0300414,-0.00730409,0.000164536,-0.00118278,0.117181
333,1.26573,1.3147,-0.297124,0.236289,1.03869,0.850526,1.41406,1.10459,3.21968,0.156328,0.785511,0.867666,0.611245,0.00314696,0,0,0,0,0,-0.0900786,-0.127377,0.999715,0.537722,0.981607,0.478916,-0.0623945,-0.0602978,0.54703,0.0269306,0.00409548,4.02901e-06,-0.000261741,0.0411863
334,2.33241,1.89036,-0.15458,0.0119311,0.810476,0.791167,2.16534,1.9262,8.39894,0.229708,0.382043,0.735892,1.41518,0.00471715,0,0,0,0,0,-0.0256506,-0.0555423,0.585318,0.767418,0.673405,0.87933,0.0824111,-0.0315121,0.630443,0.155576,-0.000119083,-0.000733802,-0.00108562,0.0346448
335,2.36152,2.32907,0.243164,0.00447874,0.986259,0.837997,2.53245,2.03816,10.5674,0.239912,0.675877,1.37755,3.63347,0.00904974,0,0,0,0,0,-0.0443464,-0.112305,0.572002,0.215646,0.976995,1.00896,0.111519,-0.0146804,0.409952,0.0267897,-0.000242394,-0.000116061,-0.000341449,0.0738066
336,1.42967,1.30694,-0.328235,0.12144,0.914149,0.819681,1.44505,1.21569,3.56607,0.258616,0.722987,0.87893,0.941898,0.00379277,0,0,0,0,0,-0.0805929,-0.116461,0.97179,0.593148,0.926726,0.467765,-0.0390759,-0.0446268,0.54884,0.0380056,-0.00131451,0.000787177,-0.000686807,0.0432044
337,1.19567,0.680288,0.128577,0.00250917,0.568962,0.715309,0.890755,0.914305,1.6294,0.117549,0.230894,0.211107,2.56684,0.00696648,0,0,0,0,0,-0.0212022,-0.018886,0.800526,0.560009,0.929791,0.507747,0.00816619,0.000600815,0.481286,0.0318874,9.91842e-05,0.000166858,1.39786e-05,0.0322369
338,3.39244,0.937942,-0.331856,0.00378134,0.27648,0.60891,1.87667,2.28921,8.7624,0.166336,0.70946,1.6241,5.39669,0.0124935,0,0,0,0,0,-0.0247797,-0.0465034,0.304491,0.364575,0.969814,0.698789,0.0799439,-0.0034641,0.403519,0.0211627,0.000977971,-0.000188948,-0.000140684,0.160863
339,1.27371,0.247182,0.0750248,0.00427562,0.194064,0.576937,0.637681,0.829258,1.09431,0.0959979,0.144566,0.119882,1.14738,0.00419409,0,0,0,0,0,-0.0102412,-0.00653064,0.617582,0.550046,0.907006,0.553154,0.00808871,0.000112012,0.476229,0.0196495,0.000312657,5.79359e-05,9.66877e-05,0.0163705
340,2.18867,1.57174,0.185529,0.00240975,0.718128,0.763661,1.87842,1.75408,6.60526,0.179229,0.606898,1.06455,3.77942,0.00933481,0,0,0,0,0,-0.0478493,-0.0898811,0.687332,0.429386,0.984987,0.591831,0.0324171,0.0170552,0.44714,0.0481835,-0.00181955,-0.000189362,-0.000415916,0.0724993
341,1.26582,1.22862,-0.26536,0.22958,0.970611,0.834129,1.34051,1.08893,2.98273,0.153758,0.759844,0.827417,0.553819,0.0030348,0,0,0,0,0,-0.0871271,-0.116795,0.999622,0.534663,0.981398,0.482392,-0.0544966,-0.052635,0.547726,0.0267802,-0.00303604,1.27987e-05,-0.000215849,0.0402977
342,2.50356,0.5906,-0.00924212,0.00616903,0.235904,0.593246,1.32018,1.65966,4.49734,0.240271,0.740326,1.22869,0.117669,0.00218295,0,0,0,0,0,-0.0312646,-0.041275,0.368161,0.427467,0.988326,0.588931,0.0816832,0.00466216,0.442211,0.0363377,-3.33942e-05,-0.000301363,-0.000223927,0.082138
343,2.04744,1.97753,-0.00317844,0.00262448,0.965855,0.832942,2.15993,1.75959,7.76144,0.105556,0.351133,0.61785,0.0620429,0.0020743,0,0,0,0,0,-0.0354082,-0.0764791,0.8791,0.659052,0.806027,0.516147,0.016187,0.0165899,0.452149,0.0179045,-0.00145121,-0.000167703,-8.83985e-05,0.0416878
344,2.54878,1.32916,-0.163845,0.00385133,0.521487,0.698986,1.80811,1.92001,6.9557,0.176313,0.669392,1.28524,2.64015,0.00710967,0,0,0,0,0,-0.0416581,-0.0753224,0.542532,0.434336,0.978941,0.59557,0.033159,0.00884461,0.438751,0.0286099,0.000800273,-0.000281792,-0.000201407,0.0854237
345,1.8221,0.644302,-0.410179,0.0123479,0.353604,0.638182,1.09757,1.27241,2.82368,0.28358,0.353748,0.450113,3.69129,0.00916267,0,0,0,0,0,-0.00275397,-0.00302267,0.0678691,0.467607,0.963731,0.579759,0.0799124,-0.0197607,0.286728,0.0981087,0.000708824,0.00328909,0.000876595,0.0301502
346,1.40019,-0.0880695,0.175734,0.00286157,-0.0628984,0.474924,0.517443,0.785807,0.885241,0.165289,0.418158,0.328591,3.28514,0.00836942,0,0,0,0,0,-0.0170542,-0.00882457,0.355548,0.483251,0.992004,0.525524,0.0486237,0.0022625,0.460549,0.0422878,-5.98502e-05,-0.00192905,2.64506e-05,0.0480252
347,1.02116,4.81998,-0.490669,0.800521,4.72009,0.999999,4.81998,1.02116,24.275,0.288746,2.08162,2.12567,0.548407,0.00302423,0,0,0,1,0,-0.23873,-1.15068,0.999799,0.560754,0.986707,0.450017,-0.221025,-0.180021,0.526858,0.0329242,-0.00712145,0.00024818,-0.000926347,0.104611
348,0.930354,2.03363,0.0835901,0.150238,2.18587,0.985587,2.03848,0.918145,4.99838,0.145216,0.678147,0.622638,0.215658,0.00237433,0,0,0,0,0,-0.0776029,-0.158192,0.99761,0.628727,0.891941,0.45507,0.0358232,-0.0601194,0.506315,0.0217177,-0.00284156,-0.000274433,-0.000214615,0.0283614
349,1.47713,2.01707,0.22071,0.0040176,1.36553,0.913957,2.07639,1.36711,6.1804,0.129592,0.487848,0.666944,3.48208,0.00875407,0,0,0,0,0,-0.0475345,-0.0987002,0.849436,0.587542,0.939632,0.462019,0.0161959,0.0170696,0.48845,0.0225074,0.000282595,8.47203e-05,-0.000288456,0.0441674
350,1.09948,4.41338,-0.475083,0.782447,4.01405,0.99997,4.41339,1.09945,20.6868,0.285482,1.93577,2.12829,0.537083,0.00300212,0,0,0,1,0,-0.222009,-0.97981,0.99982,0.552103,0.987954,0.457981,-0.197393,-0.149122,0.528084,0.0332555,-0.00814872,0.000183895,-0.00101062,0.0980687
351,2.11062,1.97691,-0.154296,0.00490846,0.936646,0.82553,2.1739,1.80299,7.9766,0.115386,0.304949,0.549818,2.20234,0.00625456,0,0,0,0,0,-0.031175,-0.0677712,0.891222,0.619129,0.790964,0.696388,0.0324986,0.000344038,0.535613,0.0523174,-0.000298977,-0.000158155,-0.000462326,0.00606865
352,1.43991,-0.535654,0.345387,0.0226375,-0.372006,0.354944,0.348589,0.654961,0.550488,0.32932,0.368509,0.241359,2.29558,0.00643668,0,0,0,0,0,0.00466024,0.00162451,0.110247,0.469021,0.984598,0.549381,0.0805327,-0.0278417,0.299674,0.0796714,-0.00050648,-0.00116173,-0.000726053,0.0147337
353,1.07842,0.193985,-0.302574,0.0728494,0.179879,0.571376,0.530153,0.697871,0.768086,0.0967557,0.354504,0.247398,1.12103,0.00414264,0,0,0,0,0,-0.0402995,-0.0213649,0.991029,0.549989,0.956847,0.489896,-0.0153334,-0.0247654,0.553683,0.0169254,-0.00104392,6.225e-05,-3.01901e-05,0.0206293
354,1.58683,-0.375139,0.227547,0.00115937,-0.236408,0.406558,0.462143,0.798176,0.85066,0.11756,0.28028,0.223713,6.68283,0.0150055,0,0,0,0,0,0.0112453,0.00519693,0.349772,0.512196,0.926909,0.578332,0.0399574,-0.00404558,0.381744,0.0202632,-0.00328896,5.69116e-05,-2.21926e-06,0.0444
355,1.44531,1.59651,-0.251759,0.14582,1.10461,0.865336,1.69612,1.27936,4.51357,0.262303,0.833541,1.0664,0.659289,0.0032408,0,0,0,0,0,-0.0930539,-0.15783,0.973228,0.567655,0.948157,0.477803,-0.0546862,-0.0597371,0.551263,0.034662,-0.000176757,0.000369479,-0.000557669,0.0471435
356,1.23019,-0.303403,-0.0945796,0.0127512,-0.246632,0.402597,0.353716,0.614152,0.502297,0.273639,0.333196,0.204633,0.837572,0.00358901,0,0,0,0,0,0.00362625,0.00128266,0.0948779,0.468499,0.96162,0.581878,0.0895603,-0.0358244,0.265424,0.110806,-4.98316e-05,0.00705896,0.00109333,0.0306495
357,2.26701,2.07889,0.130918,0.00366767,0.917017,0.820433,2.29695,1.92883,8.99635,0.215359,0.507596,0.979066,2.16174,0.00617527,0,0,0,0,0,-0.0364006,-0.0836102,0.625168,0.212808,0.977773,0.941355,0.079514,-0.0304856,0.500228,0.0264543,-0.00071981,-0.000209071,-4.54213e-05,0.0679154
358,1.39127,0.914978,0.0683461,0.00162805,0.657658,0.744621,1.13017,1.0937,2.47348,0.108658,0.328472,0.359251,1.69387,0.00526146,0,0,0,0,0,-0.0315209,-0.0356241,0.83658,0.542356,0.960115,0.495388,0.0162663,0.00872809,0.468508,0.0263953,-0.00167724,-0.000132387,-0.000133854,0.0442253
359,1.21686,4.03805,-0.566195,0.702828,3.31841,0.999547,4.03818,1.21637,17.7865,0.274281,1.81275,2.20498,0.67537,0.00327221,0,0,0,1,0,-0.207917,-0.839607,0.999906,0.553607,0.986709,0.457487,-0.189389,-0.149453,0.530366,0.03597,-0.00325193,0.000120166,-0.00091664,0.0917415
360,1.07075,-0.174772,0.0470037,0.00190077,-0.163224,0.435171,0.341986,0.566995,0.438437,0.148832,0.185897,0.105403,1.07812,0.00405883,0,0,0,0,0,-0.00535761,-0.00183223,0.25125,0.479985,0.969454,0.55687,0.0160592,-0.00289701,0.388187,0.0317712,0.00110614,0.000576868,0.000178486,0.0195519
361,1.42236,1.46991,0.109361,0.00555911,1.03343,0.849299,1.58265,1.23989,4.04211,0.121084,0.390255,0.483872,1.46677,0.0048179,0,0,0,0,0,-0.0385055,-0.0609408,0.860164,0.591127,0.917322,0.480389,0.0161092,0.00897563,0.499861,0.0273106,-7.23189e-05,-0.000210972,6.64553e-05,0.026342
362,1.45328,0.754448,0.168024,0.00551833,0.519136,0.698167,1.02878,1.09359,2.25433,0.104241,0.148602,0.162511,2.26187,0.00637083,0,0,0,0,0,-0.0141559,-0.0145632,0.830458,0.594033,0.869041,0.540244,0.00796437,-0.00336456,0.521403,0.0333415,0.000305519,6.27254e-05,-0.000228067,0.0182199
363,2.61056,0.300935,-0.114822,0.00479275,0.115276,0.545887,1.19731,1.62767,4.08285,0.17565,0.494269,0.804506,1.65857,0.00519252,0,0,0,0,0,-0.0138519,-0.016585,0.244316,0.418051,0.977694,0.616235,0.0480571,0.00210688,0.404947,0.0297798,-0.000254386,-3.61727e-05,-9.25242e-05,0.0657522
364,1.70398,2.50232,0.195114,0.0142138,1.46852,0.929019,2.55683,1.59878,9.09347,0.212282,0.715127,1.14333,1.63656,0.00514954,0,0,0,0,0,-0.0719945,-0.184077,0.877653,0.56272,0.943249,0.488967,0.0477251,-0.0133007,0.503111,0.0683743,0.000246016,-0.000833743,0.000611656,0.0516669
365,1.08701,2.70783,-0.473706,0.155646,2.49108,0.993632,2.71017,1.08049,8.51247,0.440525,1.13428,1.22558,1.20072,0.00429828,0,0,0,0,0,-0.128169,-0.34736,0.985074,0.582938,0.899976,0.51297,-0.108302,-0.089047,0.535435,0.0440639,-0.00207958,-0.00172565,-0.000140281,0.0534148
366,1.84494,1.3213,0.306641,0.00432791,0.716175,0.763058,1.58068,1.47767,4.68206,0.180865,0.458388,0.677348,4.66113,0.0110569,0,0,0,0,0,-0.0369675,-0.0584338,0.703062,0.496022,0.974199,0.532496,0.0324363,0.00879705,0.470426,0.0271272,-0.00145703,-0.000396048,-0.000144443,0.0284083
367,1.64901,1.86872,-0.0773336,0.01277,1.13324,0.871443,1.9755,1.46883,6.06005,0.146763,0.48307,0.709547,0.684342,0.00328973,0,0,0,0,0,-0.0487163,-0.0962389,0.879165,0.571543,0.938494,0.483046,0.0240079,0.00153172,0.494564,0.0381758,-0.000336995,-9.05839e-05,-0.000715793,0.0324312
368,1.09368,1.32247,-0.287071,0.187362,1.2092,0.886706,1.38121,0.990718,2.88927,0.142592,0.716711,0.710059,0.663206,0.00324845,0,0,0,0,0,-0.0821737,-0.113499,0.999529,0.533731,0.979282,0.485458,-0.0625731,-0.0525311,0.546439,0.0231414,-0.000835196,-7.82437e-05,-0.000325859,0.0374541
369,2.31401,1.69606,0.034103,0.00242636,0.732954,0.768207,2.01205,1.86341,7.52065,0.160203,0.551848,1.02832,0.692332,0.00330534,0,0,0,0,0,-0.0323402,-0.06507,0.510892,0.412055,0.976177,0.625877,0.0483868,0.00856316,0.471998,0.0354667,-0.00092384,-0.000822374,-5.08535e-05,0.0771459
370,0.812721,-0.316398,0.022478,0.00111251,-0.389307,0.348524,0.191656,0.364937,0.169911,0.0821713,0.0865362,0.0315802,0.673918,0.00326937,0,0,0,0,0,-0.00407183,-0.000780392,0.410203,0.627287,0.850677,0.50842,0.00412744,-0.00194508,0.589704,0.0202576,-0.000192179,-1.75451e-05,-9.5592e-05,0.00862116
371,2.90733,3.64327,-0.114956,0.00718255,1.25313,0.894922,3.78598,2.65256,21.3697,0.152833,0.928455,2.46279,1.35641,0.00460237,0,0,0,0,0,-0.0948424,-0.359071,0.890529,0.425434,0.951388,0.657903,0.0323288,0.0338993,0.456177,0.0158531,-0.000185192,-0.000170374,-0.000479711,0.069936
372,1.66472,2.22052,0.0931856,0.028191,1.33387,0.908877,2.29156,1.53442,7.60572,0.166415,0.552163,0.847252,0.555001,0.00303711,0,0,0,0,0,-0.058398,-0.133823,0.922014,0.601697,0.9174,0.46611,0.0397171,-0.0294769,0.504881,0.0249265,3.71836e-05,6.22893e-05,-0.000500586,0.0229684
373,1.15799,0.331996,-0.0934241,0.0436976,0.286701,0.612829,0.648136,0.784937,1.03621,0.248498,0.437664,0.343539,0.44692,0.00282602,0,0,0,0,0,-0.0444526,-0.0288114,0.885448,0.581424,0.917346,0.49358,-0.0138868,-0.029332,0.524854,0.0410152,-0.00044773,0.000313316,-0.00030928,0.0290686
374,1.36789,2.33051,0.270788,0.202404,1.70372,0.955784,2.35569,1.31456,7.27733,0.156176,0.675325,0.887755,0.601893,0.0031287,0,0,0,0,0,-0.076921,-0.181202,0.992977,0.664634,0.820015,0.482136,0.0397648,-0.0601172,0.493758,0.0259804,-0.000914876,-6.30817e-05,-0.000325874,0.0264701
375,3.14221,3.92494,0.257985,0.00961083,1.2491,0.894186,4.08018,2.86543,24.8586,0.199421,1.03642,2.9698,2.63157,0.00709291,0,0,0,0,0,-0.108488,-0.442651,0.91254,0.413611,0.96235,0.650594,0.0484619,0.0343199,0.456886,0.0213795,0.00609736,-0.000105069,-0.000449388,0.0720864
376,2.36031,3.22101,-0.057793,0.00623474,1.36465,0.913819,3.31597,2.18426,15.7666,0.124282,0.733615,1.60241,0.731924,0.00338266,0,0,0,0,0,-0.0802851,-0.266223,0.954056,0.452451,0.928377,0.670315,0.0321887,0.0335088,0.458624,0.0207409,0.000202752,2.96981e-06,-0.00040929,0.047352
377,1.25797,1.25206,-0.356292,0.225545,0.9953,0.840205,1.35875,1.08778,3.02946,0.152196,0.75473,0.820983,0.75022,0.0034184,0,0,0,0,0,-0.0865387,-0.117584,0.999597,0.5382,0.979869,0.480067,-0.054527,-0.052627,0.547879,0.0259748,0.00296618,2.96662e-05,-0.000260578,0.0396642
378,1.14204,-0.384942,-0.109946,0.0025796,-0.337064,0.368034,0.290942,0.533188,0.368937,0.15307,0.241221,0.128616,2.16472,0.0061811,0,0,0,0,0,0.00330868,0.000962635,0.119577,0.419394,0.944488,0.683819,0.0717323,-0.009942,0.343822,0.0256443,-1.65628e-06,9.9443e-05,0.000106259,0.00867096
379,2.41034,1.95275,-0.4084,0.01327,0.810155,0.791075,2.2371,1.99035,8.96613,0.207849,0.378161,0.752674,3.54527,0.00887749,0,0,0,0,0,-0.0295523,-0.0661115,0.681272,0.528628,0.850843,0.792687,0.0665939,-0.0238096,0.569017,0.178919,0.000366063,-0.00138248,-0.00119785,0.0216734
380,1.25772,1.53391,-0.192672,0.252789,1.2196,0.888692,1.59957,1.14198,3.86272,0.163079,0.867986,0.99122,0.383212,0.00270159,0,0,0,0,0,-0.0995373,-0.159216,0.999724,0.53774,0.978947,0.481451,-0.0782176,-0.0598353,0.543468,0.028745,-0.000348673,6.52173e-05,-0.000312165,0.0450245
381,1.38314,1.75946,-0.462877,0.0381988,1.27207,0.898326,1.82527,1.26492,4.93163,0.147893,0.441768,0.558803,2.36832,0.00657876,0,0,0,0,0,-0.0487621,-0.0890038,0.962267,0.666562,0.817484,0.481948,0.0393927,-0.0374194,0.508694,0.0174042,-0.000960127,-0.000160632,-0.000255217,0.0139682
382,1.21194,1.14905,-0.0519334,0.00541723,0.948111,0.828464,1.26015,1.03773,2.66486,0.130663,0.279432,0.289975,0.7056,0.00333125,0,0,0,0,0,-0.0280588,-0.0353582,0.875388,0.595715,0.899307,0.494796,0.0244368,-0.00719893,0.496386,0.0359211,-0.000244098,0.000121861,-0.00014448,0.0208133
383,2.37561,1.71958,-0.190952,0.00389012,0.723847,0.76542,2.04918,1.90741,7.83736,0.149058,0.433511,0.826883,3.06156,0.00793273,0,0,0,0,0,-0.0351891,-0.072109,0.707644,0.43982,0.941507,0.658882,0.0162351,0.00864148,0.440903,0.0299269,8.04776e-05,1.82953e-05,1.7208e-05,0.072119
384,1.92312,1.876,-0.488505,0.00899422,0.975496,0.835343,2.04463,1.65607,6.92307,0.180746,0.419399,0.694554,5.15095,0.0120136,0,0,0,0,0,-0.0422965,-0.0864806,0.879191,0.529353,0.914345,0.573404,0.0246848,0.00881004,0.491639,0.0356062,0.0020927,-0.000562983,-0.000120434,0.0210898
385,1.06302,0.391493,-0.0397998,0.00774491,0.368283,0.643669,0.650276,0.747231,0.981213,0.155595,0.398969,0.298122,0.452243,0.00283641,0,0,0,0,0,-0.0380895,-0.0247687,0.832288,0.599533,0.905676,0.481779,-0.00728965,-0.0206159,0.54215,0.0456364,-0.000209726,0.00110532,0.0002016,0.038045
386,1.68811,1.88424,0.0019965,0.00161418,1.11618,0.867828,1.99774,1.49805,6.2351,0.0681268,0.478795,0.717259,0.0496928,0.00205018,0,0,0,0,0,-0.0500525,-0.0999916,0.911345,0.470757,0.923923,0.649613,0.0162325,0.0170523,0.467828,0.0158091,-0.00083142,-6.91184e-05,-0.000143765,0.0464633
387,0.946772,5.00762,-0.419349,0.913547,5.28915,1,5.00762,0.946772,25.9726,0.307853,2.14153,2.02754,0.438743,0.00281005,0,0,0,1,0,-0.245598,-1.22986,0.999787,0.540989,0.990477,0.4673,-0.225103,-0.179883,0.528342,0.0292652,-0.00989414,0.000153776,-0.00100962,0.107283
388,2.54997,1.86676,-0.151725,0.0194944,0.732072,0.767938,2.21551,2.05284,9.12265,0.210022,0.341037,0.700095,1.08668,0.00407555,0,0,0,0,0,-0.0309076,-0.0684761,0.790078,0.405136,0.943036,0.711837,0.0499711,-0.0238613,0.524969,0.0838183,-0.000314578,-0.000652944,0.000518429,0.00895277
389,2.48537,2.22019,-0.351565,0.00350549,0.893302,0.814152,2.46781,2.10448,10.519,0.14925,0.632433,1.33095,5.93787,0.0135505,0,0,0,0,0,-0.0590554,-0.145738,0.814051,0.381986,0.966941,0.682533,0.0478687,0.01706,0.446795,0.0252524,-0.000500791,-6.76415e-05,-0.000194981,0.0678103
390,2.57962,1.11785,0.0686981,0.00469858,0.433339,0.667616,1.68501,1.86722,6.32576,0.174656,0.578022,1.07929,1.00222,0.00391058,0,0,0,0,0,-0.0296822,-0.0500149,0.447671,0.430324,0.982663,0.594325,0.0483706,0.00847495,0.428626,0.0244536,-0.000229197,-8.75114e-05,-4.05387e-06,0.0703445
391,2.08022,1.2735,-0.33594,0.00881044,0.612194,0.729795,1.61802,1.61212,5.2169,0.203967,0.303734,0.489655,3.57901,0.00894337,0,0,0,0,0,-0.0219385,-0.035497,0.629681,0.459084,0.951447,0.610845,0.0489671,-0.00775337,0.4327,0.076571,0.000632012,-5.91759e-05,0.00039342,0.0190624
392,1.12514,1.11905,-0.206217,0.196734,0.994591,0.840032,1.21459,0.972773,2.42151,0.141741,0.684905,0.666257,0.464927,0.00286119,0,0,0,0,0,-0.0785438,-0.0953982,0.999744,0.521051,0.982177,0.496208,-0.0545508,-0.052824,0.547401,0.023069,-0.00055443,1.07071e-06,-0.000222348,0.0362191
393,1.60211,1.93129,0.155263,0.00684171,1.20547,0.885988,2.01821,1.45008,6.17591,0.137481,0.49684,0.720457,1.87709,0.00561933,0,0,0,0,0,-0.049169,-0.0992334,0.862743,0.590493,0.937746,0.460201,0.0239869,0.00941753,0.48957,0.0389259,0.00051322,2.78883e-05,-0.000630526,0.0380732
394,3.57899,4.46941,0.0415587,0.0134513,1.24879,0.894129,4.64631,3.26361,32.2394,0.156887,0.588585,1.92091,0.358327,0.00265298,0,0,0,0,0,-0.0644852,-0.299618,0.955119,0.333246,0.943213,0.916684,0.0633676,0.000656128,0.521404,0.0148335,-0.000525976,-7.48735e-05,-0.000272988,0.00267724
395,2.00156,-0.17264,0.0082289,0.00141947,-0.0862526,0.465633,0.71631,1.10806,1.74089,0.131746,0.464855,0.515086,0.218413,0.00237971,0,0,0,0,0,-0.0168906,-0.0120989,0.316764,0.453319,0.967247,0.591661,0.048434,-0.000764668,0.455495,0.0395254,-0.000628546,-0.000220456,-6.21116e-05,0.0529201
396,1.66468,1.00826,-0.0353367,0.00623995,0.605676,0.727635,1.28657,1.28747,3.31285,0.143327,0.238817,0.30747,0.447338,0.00282683,0,0,0,0,0,-0.0236962,-0.0304869,0.865008,0.571287,0.92202,0.501913,0.0162455,-0.00736678,0.462476,0.0585519,-0.000280613,-0.000200214,8.84098e-05,0.00660932
397,1.00032,-0.081927,0.0379519,0.0147452,-0.0819006,0.467363,0.360168,0.555185,0.437951,0.142881,0.303539,0.16852,0.312541,0.00256356,0,0,0,0,0,-0.0281624,-0.0101432,0.808839,0.568466,0.919114,0.509328,-0.00749063,-0.0081965,0.526586,0.0284548,4.4987e-05,0.000527619,0.000589273,0.042405
398,1.63669,-0.953664,0.435655,0.0230424,-0.582679,0.280055,0.282693,0.632524,0.480003,0.350443,0.424094,0.26825,2.86998,0.00755855,0,0,0,0,0,0.00357519,0.00101068,0.0734926,0.475585,0.971517,0.559175,0.0976255,-0.031789,0.184888,0.116049,0.000117925,-0.00554857,-0.000983289,0.0211186
399,3.03235,3.11169,-0.227061,0.00459642,1.02616,0.847593,3.35525,2.63925,18.2234,0.161467,0.860079,2.26997,3.34914,0.00849441,0,0,0,0,0,-0.084811,-0.284562,0.859648,0.444488,0.954954,0.624037,0.0323532,0.0335653,0.45486,0.0257492,0.00206451,-0.000167959,-0.00035212,0.074948
400,1.94625,3.14291,-0.00881202,0.0117523,1.61485,0.946829,3.18547,1.85855,13.6015,0.21082,0.742439,1.37986,0.0812856,0.00211189,0,0,0,0,0,-0.0743835,-0.236947,0.87342,0.541058,0.97238,0.484254,0.0400015,0.00228262,0.496351,0.0372282,-0.000543312,-0.000500851,-0.000296264,0.0540293
401,4.15638,1.67235,-0.0238949,0.00461435,0.402357,0.65629,2.63285,2.96676,15.7336,0.179334,0.637682,1.89185,0.351763,0.00264016,0,0,0,0,0,-0.0314492,-0.0828011,0.429944,0.431661,0.96866,0.615626,0.0938835,-0.00733554,0.444235,0.0383564,-0.000168375,-0.000259238,6.14876e-05,0.0605784
402,1.961,1.76634,-0.00897593,0.00320666,0.900733,0.816135,1.95961,1.66297,6.60552,0.0606097,0.265491,0.441504,0.158509,0.00226271,0,0,0,0,0,-0.0290718,-0.0569693,0.954615,0.498322,0.878446,1.01984,0.0235032,0.00852847,0.515496,0.00210578,-0.0037797,-5.00948e-05,-0.000114248,0.001174
403,1.17218,0.381672,-0.237752,0.107383,0.325608,0.62764,0.685158,0.808388,1.12293,0.10737,0.424476,0.343142,0.725534,0.00337018,0,0,0,0,0,-0.0485848,-0.0332882,0.997823,0.555934,0.960714,0.479015,-0.0231315,-0.0284846,0.555899,0.0187624,-6.20516e-05,1.7641e-05,-5.61657e-05,0.0232981
404,1.64902,1.7669,-0.0348539,0.00270814,1.07149,0.858025,1.88848,1.44923,5.66665,0.0886085,0.429815,0.622903,0.669754,0.00326124,0,0,0,0,0,-0.0451947,-0.0853495,0.916669,0.501746,0.93895,0.573743,0.0162039,0.0169016,0.468348,0.0281269,-0.00014982,2.68291e-05,-7.88252e-05,0.0385283
405,2.76901,2.3903,-0.46698,0.016875,0.86323,0.805995,2.68159,2.32679,12.6049,0.205229,0.409903,0.953759,3.59481,0.00897424,0,0,0,0,0,-0.0371218,-0.0995455,0.789506,0.410119,0.918822,0.807328,0.0658898,-0.0315781,0.566001,0.0978049,0.00213633,-0.000916098,0.000405689,0.00900112
406,0.918996,-0.531392,0.310549,0.0023994,-0.578231,0.281554,0.159715,0.35655,0.152637,0.156135,0.23026,0.0820991,6.33985,0.0143357,0,0,0,0,0,0.0121975,0.00194813,0.461806,0.544399,0.944718,0.510134,0.0635275,-0.000142455,0.410626,0.023312,-0.00240726,-0.000123247,6.97408e-05,0.0141063
407,1.11752,0.602599,-0.310329,0.119102,0.539228,0.705135,0.807308,0.846842,1.36889,0.11496,0.495116,0.419284,0.899215,0.0037094,0,0,0,0,0,-0.0566345,-0.0457215,0.997197,0.53987,0.969919,0.488045,-0.0309154,-0.0380256,0.550728,0.0202639,-0.00219274,1.34194e-05,-7.69116e-05,0.0268752
408,1.42201,1.43999,-0.257691,0.114827,1.01264,0.844385,1.55701,1.23413,3.94735,0.264459,0.786841,0.971066,0.760462,0.0034384,0,0,0,0,0,-0.0874753,-0.1362,0.969182,0.567237,0.944472,0.482102,-0.0545485,-0.0600052,0.548449,0.0352265,0.00251462,-0.00038062,-0.000543598,0.0448712
409,1.27371,0.617462,0.380861,0.00172267,0.484774,0.686082,0.873759,0.943664,1.65396,0.0903328,0.153969,0.145295,9.17626,0.0198755,0,0,0,0,0,-0.0128869,-0.01126,0.729662,0.615891,0.869491,0.501609,0.00808537,0.000274599,0.524345,0.029107,-0.000370055,-0.00023068,7.41459e-05,0.0358328
410,1.14081,1.06425,-0.209453,0.174155,0.932886,0.824561,1.17135,0.973778,2.32029,0.134469,0.668177,0.650656,0.501901,0.0029334,0,0,0,0,0,-0.0765907,-0.0897141,0.999289,0.541982,0.979391,0.476448,-0.0466899,-0.0529418,0.548478,0.0239405,-2.36247e-05,-7.67957e-05,-0.00019564,0.0355478
411,1.52417,1.43095,0.0768677,0.00413948,0.938836,0.826093,1.57272,1.3026,4.1702,0.124102,0.450402,0.586692,1.19473,0.00428659,0,0,0,0,0,-0.0425757,-0.0669595,0.824078,0.571048,0.907637,0.520467,0.0319823,-0.0143669,0.496527,0.0375814,-0.000112853,-0.000215697,5.14451e-05,0.0681049
412,2.8936,0.95771,0.0703199,0.00548021,0.330976,0.629669,1.70125,2.00033,6.89559,0.22408,0.77406,1.54838,0.949903,0.0038084,0,0,0,0,0,-0.0322473,-0.0548608,0.363183,0.472147,0.982652,0.548455,0.0810969,0.000679135,0.457284,0.0308642,-0.000899969,-0.000162602,-0.00016647,0.0955732
413,1.54979,-0.543373,-0.252798,0.010469,-0.350611,0.36294,0.387207,0.716282,0.662989,0.291169,0.391857,0.28068,2.4707,0.00677872,0,0,0,0,0,0.0011313,0.000438048,0.0251685,0.47578,0.963412,0.57031,0.104476,-0.0277485,0.213855,0.0910828,-0.000793938,-0.0048067,-0.00091307,0.0243873
414,3.29688,1.57132,0.384845,0.206873,0.47661,0.68318,2.24448,2.43357,10.9599,0.263291,0.531345,1.29306,0.846124,0.00360571,0,0,0,0,0,-0.036218,-0.0812905,0.59423,0.544589,0.838729,0.845273,0.0625,-0.0458637,0.53991,0.0016941,0.000538604,-6.36596e-05,-0.000163178,0.00448081
415,0.87669,4.85127,-0.405356,0.808371,5.53362,1,4.85127,0.87669,24.3034,0.287063,2.05757,1.80385,0.450849,0.00283369,0,0,0,1,0,-0.235971,-1.14476,0.999796,0.551938,0.989764,0.456596,-0.209247,-0.148733,0.526312,0.0276186,-0.00668028,0.00020206,-0.00098428,0.103468
416,1.96613,1.13842,-0.266052,0.0455444,0.579017,0.718711,1.47975,1.50812,4.46408,0.294037,0.357936,0.539809,1.24666,0.00438801,0,0,0,0,0,-0.0180238,-0.0266708,0.438984,0.644718,0.771429,0.66768,0.0520653,-0.0100151,0.550196,0.100861,1.48529e-05,0.00177176,0.00225901,0.0220931
417,3.6289,0.961877,0.309447,0.00970866,0.26506,0.604519,1.98106,2.43651,9.86115,0.263229,0.975429,2.37664,3.14056,0.00808703,0,0,0,0,0,-0.0429009,-0.0849892,0.383423,0.424581,0.979768,0.605315,0.082021,0.00484538,0.429092,0.0365673,0.00146635,0.000283786,-2.59994e-05,0.107613
418,1.40688,0.785425,-0.128906,0.00160982,0.558277,0.711672,1.03669,1.0723,2.22455,0.105152,0.173739,0.186301,3.21282,0.00822816,0,0,0,0,0,-0.0151851,-0.0157422,0.761947,0.645786,0.80038,0.56028,0.00843763,0.00417548,0.50745,0.043025,8.92635e-05,0.000175254,3.40166e-05,0.0279885
419,1.25457,-1.02397,-0.017327,0.0327128,-0.816193,0.207195,0.146179,0.392884,0.175726,0.389417,0.401741,0.157838,0.0957995,0.00214023,0,0,0,0,0,0.00226904,0.000331688,0.0492383,0.469775,0.970826,0.566856,0.106131,-0.0356892,0.257393,0.0835647,0.00087843,-0.00372627,-0.00146992,0.017105
420,1.43763,0.210999,0.366835,0.00446921,0.146769,0.558343,0.681991,0.913132,1.29892,0.118121,0.109125,0.0996455,5.48726,0.0126704,0,0,0,0,0,-0.00531991,-0.00362813,0.424998,0.623006,0.871985,0.486635,0.00793755,6.15865e-05,0.544299,0.0372798,0.000690229,-0.000116681,4.13321e-05,0.0111961
421,1.50022,1.41639,-0.338998,0.307269,0.944121,0.827446,1.55478,1.28352,4.06478,0.178478,0.876786,1.12538,0.611559,0.00314758,0,0,0,0,0,-0.100524,-0.156293,0.999502,0.530272,0.978611,0.489871,-0.0622778,-0.0601717,0.546929,0.0306845,-0.00233807,-2.50822e-05,-0.000292813,0.0460774
422,1.51691,-0.679749,0.12987,0.00385509,-0.448113,0.327036,0.325389,0.651998,0.53098,0.194401,0.3013,0.196447,2.09166,0.0060384,0,0,0,0,0,0.00602886,0.00196172,0.174438,0.471068,0.970261,0.566144,0.0403508,-6.13928e-05,0.340143,0.0320994,0.000665393,-0.00152182,-0.000207767,0.0458961
423,0.97226,1.51833,-0.276389,0.18196,1.56165,0.940815,1.54224,0.923985,3.23225,0.140837,0.783562,0.724,0.647938,0.00321863,0,0,0,0,0,-0.0898658,-0.138595,0.999833,0.542033,0.981273,0.474621,-0.0746148,-0.0519843,0.542761,0.023851,0.00141431,-7.94702e-05,-0.000326898,0.040609
424,0.585953,-0.571657,-0.0901713,0.0155427,-0.975603,0.164631,0.0513706,0.157204,0.027352,0.252231,0.267666,0.0420782,0.723277,0.00336578,0,0,0,0,0,-0.006591,-0.000338583,0.214666,0.56935,0.893452,0.543574,0.0156401,-0.081423,0.441097,0.0467804,-0.000831515,0.00543274,0.00130942,0.0121854
425,2.502,0.605916,-0.0122383,0.00389482,0.242173,0.595677,1.32936,1.66315,4.53327,0.191257,0.603634,1.00394,0.1961,0.00233613,0,0,0,0,0,-0.0263191,-0.0349875,0.380105,0.484438,0.974498,0.545166,0.0488706,0.000447094,0.472806,0.0260594,0.000871505,-0.000386584,-6.34083e-05,0.0820601
426,2.56487,2.53245,-0.0722628,0.00350476,0.987362,0.838267,2.75293,2.21418,12.4812,0.220128,0.758216,1.67883,1.22064,0.00433718,0,0,0,0,0,-0.0490718,-0.135091,0.564217,0.396455,0.973386,0.649879,0.0648668,0.0168271,0.411742,0.0201261,-0.000226153,-0.00023799,-0.000134142,0.0822467
427,1.21124,0.805476,0.169958,0.00730713,0.664999,0.746974,0.990686,0.954401,1.89234,0.0940704,0.25679,0.245081,1.98824,0.00583641,0,0,0,0,0,-0.0260819,-0.0258389,0.885456,0.610207,0.907642,0.464735,0.0159311,-0.00702423,0.490988,0.0225389,-0.000560391,-0.000128911,5.28968e-05,0.0185307
428,1.10192,0.217431,-0.331172,0.035608,0.19732,0.578212,0.553961,0.718413,0.822989,0.1045,0.315874,0.226928,1.75501,0.00538088,0,0,0,0,0,-0.0346346,-0.0191862,0.955878,0.576079,0.936034,0.479935,-0.00745463,-0.0130373,0.559136,0.0144201,-0.0012371,-1.6326e-05,-2.72414e-05,0.0197094
429,2.46997,2.26639,0.0126021,0.00995068,0.917581,0.820581,2.50377,2.10175,10.6862,0.179063,0.438914,0.922485,0.126333,0.00219987,0,0,0,0,0,-0.0428049,-0.107174,0.850199,0.497358,0.939253,0.579307,0.0324652,0.0163927,0.468792,0.0390293,0.000338959,-0.00040901,-0.000184293,0.0362447
430,1.10957,0.16936,-0.0879639,0.0124466,0.152636,0.560657,0.529621,0.707198,0.780628,0.0982466,0.262566,0.185686,0.788458,0.00349308,0,0,0,0,0,-0.0273849,-0.0145037,0.909243,0.634102,0.866432,0.475548,-0.00761485,-0.0113036,0.573283,0.0109914,-0.00108316,-0.000120454,-0.000154211,0.0161071
431,1.01643,0.0215848,0.114586,0.00465375,0.0212359,0.508471,0.418382,0.599455,0.53439,0.165508,0.279761,0.167704,1.67969,0.00523377,0,0,0,0,0,-0.0185158,-0.00774669,0.576984,0.5162,0.925822,0.574241,0.00861442,0.00241973,0.491542,0.0298959,0.000276699,-0.000249195,-0.00047747,0.0460789
432,4.18969,0.88733,0.307206,0.00998343,0.211789,0.583864,2.1449,2.74857,12.1552,0.250418,0.889861,2.44585,3.07461,0.00795822,0,0,0,0,0,-0.0358668,-0.0769308,0.35138,0.431739,0.976725,0.602039,0.0646901,0.000611722,0.411453,0.0472823,0.00105146,6.40554e-05,-0.000100463,0.112356
433,1.15533,2.20692,-0.242034,0.274799,1.91021,0.971947,2.21889,1.12777,6.19532,0.18637,1.08305,1.22144,0.46171,0.0028549,0,0,0,0,0,-0.124171,-0.275521,0.999484,0.54434,0.982893,0.470658,-0.110299,-0.0743303,0.536669,0.0327276,0.00310673,4.33006e-05,-0.000246316,0.0555833
434,1.27427,2.69044,0.290999,0.246184,2.11136,0.982629,2.69871,1.25399,8.85551,0.16802,0.821799,1.03053,0.586491,0.00309862,0,0,0,0,0,-0.0939699,-0.253597,0.99685,0.644232,0.848471,0.481133,0.0555193,-0.0908077,0.499799,0.0285092,-0.00328239,-0.000264001,-0.000393689,0.0346932
435,1.09405,0.416783,-0.151788,0.0848884,0.380954,0.648381,0.678095,0.77343,1.05801,0.102558,0.399967,0.309347,0.520971,0.00297065,0,0,0,0,0,-0.0454937,-0.030849,0.991593,0.558738,0.958742,0.477728,-0.0231371,-0.0285292,0.55639,0.0169289,-0.000618205,-9.01891e-06,-5.92091e-05,0.022011
436,3.25181,0.816926,-0.23984,0.00299521,0.251222,0.599179,1.74651,2.17013,7.75978,0.174307,0.713174,1.54768,4.38236,0.0105124,0,0,0,0,0,-0.0274894,-0.0480105,0.336028,0.398447,0.968204,0.658077,0.0643122,0.004426,0.411167,0.0259038,-0.00124642,-0.000276368,-0.000159443,0.132594
437,1.9307,0.965035,-0.0781449,0.00534738,0.499838,0.691405,1.34299,1.44021,3.87782,0.16435,0.22733,0.327402,1.06864,0.00404031,0,0,0,0,0,-0.0167273,-0.0224646,0.641469,0.462419,0.929243,0.651171,0.0166341,0.004098,0.490662,0.0362418,-0.000176847,-5.69198e-05,0.000268751,0.0106263
438,1.98568,1.0787,0.0706377,0.00302396,0.543238,0.706517,1.44052,1.50655,4.34481,0.162286,0.473865,0.713902,1.28454,0.004462,0,0,0,0,0,-0.0270916,-0.0390261,0.49841,0.46746,0.980416,0.556465,0.0325592,0.00838757,0.466141,0.0336978,-0.000120799,-0.000420029,-6.54789e-05,0.0771444
439,1.11661,1.84688,-0.141797,0.20021,1.654,0.950937,1.8696,1.06925,4.63869,0.164253,0.902976,0.965505,0.316901,0.00257207,0,0,0,0,0,-0.103483,-0.193473,0.999082,0.546784,0.980882,0.469901,-0.0865126,-0.0593677,0.541458,0.0290516,0.000183667,0.000129814,-0.000459289,0.0462406
440,1.11818,-0.168884,0.188488,0.00371166,-0.151034,0.439975,0.363953,0.59625,0.487976,0.182892,0.256774,0.153101,3.09385,0.00799581,0,0,0,0,0,-0.00845545,-0.00307738,0.287073,0.42897,0.979491,0.600785,0.0322471,-0.00677413,0.442664,0.0335889,0.00278405,0.00233963,0.000120521,0.036234
441,1.65809,0.312898,0.133786,0.00311634,0.188709,0.57484,0.824458,1.07704,1.83975,0.159395,0.481171,0.518241,2.39657,0.00663392,0,0,0,0,0,-0.0217524,-0.017934,0.394108,0.50862,0.981056,0.510774,0.0330937,0.000397891,0.48831,0.0337992,-0.000655736,8.86686e-05,9.80454e-05,0.0624347
442,1.595,1.69642,-0.287111,0.00474858,1.06359,0.856242,1.81585,1.39938,5.25558,0.165252,0.434103,0.607474,4.16647,0.0100908,0,0,0,0,0,-0.0441857,-0.0802348,0.887353,0.518893,0.905642,0.606581,0.0324978,0.0089215,0.440544,0.0344676,-7.89259e-05,-0.000481178,-2.8368e-05,0.0241071
443,1.5549,0.875431,-0.148636,0.00231474,0.563014,0.713287,1.15136,1.18684,2.73422,0.114604,0.18704,0.221987,3.0894,0.00798711,0,0,0,0,0,-0.0142439,-0.0163998,0.663896,0.566556,0.909187,0.52499,0.00802505,0.00824332,0.507209,0.0197454,-0.00135164,-6.03177e-05,-1.56244e-05,0.0191002
444,2.00099,3.00207,0.240209,0.00635324,1.50029,0.933231,3.06103,1.88559,12.9253,0.177568,0.715622,1.34937,3.01365,0.00783915,0,0,0,0,0,-0.0709203,-0.217089,0.863959,0.562963,0.942343,0.489643,0.0322406,0.017694,0.488341,0.023731,-0.000324263,9.34662e-05,-0.000353795,0.0532776
445,1.35961,1.40822,-0.503228,0.138394,1.03575,0.849841,1.51553,1.18577,3.70287,0.186956,0.738019,0.875121,1.35272,0.00459515,0,0,0,0,0,-0.0836248,-0.126736,0.987812,0.573541,0.976486,0.445003,-0.0544554,-0.0527194,0.553847,0.0289378,-0.000819102,-0.000139139,-0.000270373,0.0366181
446,1.70912,0.603985,-0.0270223,0.0228373,0.353389,0.638102,1.02928,1.1934,2.48362,0.271052,0.320968,0.383043,0.178813,0.00230237,0,0,0,0,0,-0.0111048,-0.01143,0.301618,0.469804,0.899979,0.724828,0.0763084,-0.032734,0.390921,0.113644,-0.000648379,-0.000481443,0.00204888,0.00995846
447,1.16437,0.809934,-0.238338,0.15343,0.6956,0.75666,0.979401,0.926449,1.81753,0.127148,0.577291,0.534831,0.608469,0.00314154,0,0,0,0,0,-0.0661734,-0.0648103,0.999298,0.534025,0.97698,0.487416,-0.0387573,-0.0455343,0.552887,0.0224529,-0.00323236,9.29971e-06,-0.000179503,0.0308683
448,3.36285,0.735126,0.0924497,0.00889179,0.218602,0.58652,1.73621,2.21264,7.9102,0.252177,0.901795,1.99534,0.980417,0.003868,0,0,0,0,0,-0.0378417,-0.0657012,0.365822,0.424373,0.984328,0.59833,0.0972283,0.00465697,0.427751,0.0470994,0.000439131,-0.00157532,-0.000172298,0.127725
449,1.46915,1.17387,0.217798,0.128534,0.79901,0.787858,1.35112,1.20874,3.28659,0.26507,0.644369,0.778873,0.607498,0.00313964,0,0,0,0,0,-0.0708165,-0.0956819,0.958091,0.588291,0.923098,0.477906,-0.0308501,-0.0370716,0.552196,0.0323392,0.00172056,-0.000551213,-0.000927172,0.0419922
450,1.82098,2.42336,-0.295106,0.015732,1.3308,0.908373,2.50151,1.67779,9.07256,0.183216,0.491671,0.824922,2.35281,0.00654846,0,0,0,0,0,-0.0500166,-0.125117,0.886842,0.628541,0.866774,0.484204,0.0319176,-0.0141401,0.510017,0.033112,-0.00143068,-0.000620804,0.0004631,0.0264585
451,1.24425,-0.472832,-0.0782138,0.00421732,-0.380014,0.351967,0.29761,0.562591,0.405081,0.195847,0.30442,0.171264,1.20438,0.00430544,0,0,0,0,0,0.00120605,0.000358933,0.0345381,0.582649,0.877469,0.546664,0.0958101,-0.0158004,0.287262,0.0508995,-0.000196277,0.00146391,0.000518738,0.0123624
452,1.78388,0.519262,-0.333985,0.0190199,0.291086,0.614507,1.00344,1.21154,2.47472,0.31729,0.368262,0.446163,2.42171,0.00668303,0,0,0,0,0,-0.00259077,-0.00259968,0.0613308,0.483084,0.979492,0.540431,0.0807545,-0.0315192,0.335695,0.0324945,0.000720806,-0.000529128,0.000390066,0.0102732
453,1.50979,-0.176139,-0.296585,0.0103998,-0.116665,0.453563,0.517361,0.821163,0.941971,0.273013,0.36363,0.2986,2.90829,0.00763338,0,0,0,0,0,0.00272551,0.00141008,0.0653424,0.456552,0.973874,0.577805,0.0957315,-0.0267254,0.266341,0.0394896,9.55533e-05,0.000418132,0.000282258,0.0167684
454,2.03278,0.359724,0.330339,0.00305405,0.176962,0.570231,0.995538,1.31383,2.71725,0.178868,0.467421,0.614113,5.97752,0.013628,0,0,0,0,0,-0.0197314,-0.0196434,0.368007,0.470397,0.972861,0.56331,0.032778,0.00230193,0.454842,0.0282022,0.00151828,-6.95591e-06,-8.38685e-05,0.0925206
455,0.891481,0.208963,0.0936076,0.00816579,0.2344,0.592663,0.469243,0.590593,0.56899,0.140568,0.358479,0.211715,1.03589,0.00397634,0,0,0,0,0,-0.0352885,-0.0165589,0.858178,0.609135,0.867654,0.515704,-0.0069564,-0.0146695,0.534263,0.0326149,-0.000400449,0.000473801,0.000341097,0.0344697
456,1.38393,2.01758,0.00122812,0.023898,1.45786,0.927561,2.06302,1.29662,5.93727,0.186297,0.607544,0.787757,0.00794437,0.00196864,0,0,0,0,0,-0.0652139,-0.134537,0.93577,0.605791,0.876653,0.508546,0.0558035,-0.0449202,0.513577,0.0376546,-1.62964e-05,0.000280885,-7.29286e-05,0.0262128
457,1.22078,0.205684,0.0662393,0.00681381,0.168485,0.566899,0.592379,0.785351,0.96769,0.176303,0.196982,0.1547,0.802454,0.00352042,0,0,0,0,0,-0.00594496,-0.00352167,0.263105,0.60232,0.845312,0.567208,0.0176589,-0.000370324,0.528451,0.0472789,0.000488565,-0.000296238,-7.38728e-05,0.0110659
458,1.22706,1.08697,-0.0400022,0.00558485,0.885832,0.812146,1.21056,1.03745,2.54175,0.115659,0.359615,0.373082,0.535276,0.00299859,0,0,0,0,0,-0.0352698,-0.0426961,0.855012,0.662258,0.863032,0.434767,0.0161189,0.00102818,0.517704,0.0221829,0.000505668,0.00024129,-8.53657e-05,0.0309895
459,3.06295,3.81444,0.536138,0.233006,1.24535,0.893498,3.96667,2.79185,23.529,0.217747,0.53453,1.49233,1.11069,0.00412244,0,0,0,0,0,-0.0574205,-0.227768,0.936487,1.14832,0.677701,1.5597,0.0629487,-0.0605574,0.56744,0.0415368,-5.88852e-05,-0.00095894,0.000624621,0.0189527
460,4.09553,1.44611,-0.18508,0.00778537,0.353093,0.637991,2.46567,2.85934,14.2554,0.24798,0.942695,2.69549,2.09758,0.00604996,0,0,0,0,0,-0.0359433,-0.0886244,0.332395,0.411306,0.980036,0.619975,0.0642829,0.00860548,0.430224,0.0333767,-0.00122239,-0.000411652,-6.76652e-05,0.134106
461,2.14175,1.67219,-0.132247,0.00533974,0.780757,0.782527,1.94001,1.75165,6.8319,0.129546,0.272898,0.478021,1.80978,0.00548785,0,0,0,0,0,-0.0278908,-0.0541084,0.890981,0.56405,0.83646,0.702979,0.0323756,0.000311971,0.533521,0.0695425,-0.00254039,-0.000124012,0.000356419,0.0185725
462,0.9578,-0.267563,0.0722613,0.00170429,-0.279351,0.389988,0.264039,0.466761,0.287582,0.136122,0.200345,0.0935134,1.75039,0.00537185,0,0,0,0,0,-2.32262e-05,-6.13262e-06,0.00101066,0.526429,0.956033,0.518853,0.0242066,-0.00193769,0.410613,0.0226727,-0.00281334,-0.000717238,-8.81964e-05,0.0312955
463,1.40708,-0.722732,0.186462,0.00126211,-0.513641,0.303752,0.268411,0.576409,0.404292,0.11764,0.259727,0.149709,5.24858,0.0122043,0,0,0,0,0,0.00901763,0.00242043,0.302679,0.475945,0.95905,0.576557,0.0398885,-0.00398165,0.389683,0.0194637,0.000240676,0.000264311,0.000105705,0.029772
464,1.72413,-0.653009,-0.265684,0.0281027,-0.378746,0.352438,0.413185,0.780311,0.779607,0.379629,0.471228,0.367705,1.58486,0.00504855,0,0,0,0,0,0.00291279,0.00120352,0.0538871,0.45981,0.971232,0.577891,0.138195,-0.0280085,0.211472,0.109437,0.00155734,0.00808447,0.00110639,0.0324566
465,3.42334,4.19028,-0.423827,0.00929159,1.22403,0.88953,4.36677,3.1114,28.7495,0.197348,1.04833,3.26176,4.39687,0.0105408,0,0,0,0,0,-0.110708,-0.483438,0.920643,0.387443,0.971393,0.665261,0.0639679,0.0340323,0.444798,0.0289443,0.00517136,-0.000111966,-0.000520467,0.0548489
466,2.25,2.29718,0.0124934,0.00369522,1.02097,0.846366,2.4796,1.95617,9.97502,0.0664308,0.32761,0.640859,0.205523,0.00235454,0,0,0,0,0,-0.0358645,-0.0889298,0.954366,0.400652,0.92359,1.03995,0.031251,0.0159349,0.515574,0.00973634,-0.00212908,-0.000127291,-7.38991e-05,0.0014528
467,2.15789,0.476941,0.233409,0.00310799,0.221022,0.587462,1.11743,1.4213,3.26874,0.17569,0.508171,0.722263,4.18676,0.0101304,0,0,0,0,0,-0.0215133,-0.0240395,0.369065,0.457211,0.96928,0.583864,0.0328865,0.00233138,0.476014,0.0478567,0.000170177,0.000550177,0.000208791,0.0655207
468,1.18041,-0.314493,0.219726,0.00175343,-0.266428,0.394955,0.330933,0.580764,0.446804,0.13522,0.204973,0.119041,5.24732,0.0122018,0,0,0,0,0,-0.000217972,-7.21341e-05,0.00927066,0.479961,0.951078,0.583774,0.0241555,-3.99649e-05,0.359442,0.0252064,-0.00184451,0.000342842,3.68554e-05,0.0336743
469,1.16437,0.224182,-0.0612986,0.0630183,0.192535,0.576339,0.581801,0.757572,0.912408,0.0970219,0.336211,0.254704,0.244184,0.00243005,0,0,0,0,0,-0.0379089,-0.0220555,0.98296,0.577367,0.933363,0.481126,-0.0153208,-0.0209355,0.563195,0.0157108,-6.5145e-06,6.6109e-05,0.000110157,0.0200789
470,1.39786,2.1287,-0.12328,0.166973,1.52282,0.936098,2.16738,1.32133,6.44346,0.296262,0.985178,1.30174,0.301696,0.00254237,0,0,0,0,0,-0.110852,-0.240258,0.980921,0.563666,0.942423,0.488682,-0.0786983,-0.0744283,0.549985,0.0370517,0.000472392,0.00036142,-0.000870536,0.0520754
471,1.08597,0.821789,-0.230945,0.0285896,0.75673,0.775394,0.963868,0.881261,1.70566,0.238558,0.491972,0.433556,1.36586,0.00462082,0,0,0,0,0,-0.0550978,-0.053107,0.976339,0.56836,0.958389,0.46692,-0.0390251,-0.0453982,0.566859,0.0389191,-0.000593711,-0.00100279,-0.00089679,0.0327301
472,1.39863,0.676003,-0.0419773,0.00400146,0.483332,0.68557,0.958167,1.03554,1.99042,0.101552,0.148859,0.154149,0.663598,0.00324922,0,0,0,0,0,-0.0104669,-0.0100291,0.612989,0.559669,0.916642,0.5249,0.00800514,0.0041278,0.5139,0.0163768,-0.000525248,5.25351e-05,-5.95193e-05,0.0196416
473,1.16432,1.02453,0.0697957,0.00979131,0.879932,0.810552,1.1428,0.983248,2.27276,0.127995,0.299841,0.294818,0.705355,0.00333077,0,0,0,0,0,-0.0309405,-0.0353587,0.899585,0.618049,0.917231,0.444687,0.00807297,0.00108802,0.502824,0.020726,0.0005646,-6.89553e-05,-0.000287587,0.0176554
474,2.64246,0.408583,0.040662,0.00221339,0.154622,0.56144,1.26393,1.68617,4.44068,0.156492,0.612627,1.03299,0.864289,0.00364119,0,0,0,0,0,-0.0217168,-0.0274484,0.309034,0.426316,0.983004,0.598242,0.0643394,0.00428644,0.457915,0.0237633,-0.000273343,-3.71064e-05,-2.7483e-05,0.0913584
475,1.44666,0.322083,0.828108,0.0118325,0.222638,0.588091,0.750623,0.953516,1.47263,0.214664,0.302072,0.288031,7.61288,0.016822,0,0,0,0,0,-0.00407022,-0.0030552,0.117467,0.552204,0.911738,0.542691,0.0326008,0.00567639,0.376282,0.0531975,0.000309965,-0.00105854,-0.000618211,0.0301673
476,1.33648,1.75136,-0.0557953,0.0168455,1.31042,0.904974,1.81088,1.22819,4.78771,0.155586,0.41212,0.50616,0.429889,0.00279275,0,0,0,0,0,-0.0420526,-0.0761521,0.889562,0.588174,0.910025,0.492779,0.0317936,-0.0142696,0.516547,0.0261036,-0.000649149,-0.000609405,0.000522977,0.0283153
477,1.43778,0.910565,0.129884,0.00616286,0.633312,0.736735,1.14138,1.12163,2.56081,0.0834523,0.180019,0.201915,1.65449,0.00518455,0,0,0,0,0,-0.0174652,-0.0199344,0.84579,0.713178,0.758741,0.468379,0.00809586,-0.00349748,0.50327,0.0142285,0.000192975,-0.000105171,-7.24942e-05,0.0209144
478,0.739083,-0.229491,-0.222458,0.00168154,-0.310507,0.378088,0.195399,0.351946,0.162046,0.0973111,0.117199,0.0412476,5.42493,0.0125487,0,0,0,0,0,-0.00389644,-0.00076136,0.289836,0.673611,0.74381,0.660115,0.0125206,-0.00195168,0.667379,0.0326546,-0.000474455,-0.000167849,-0.000266324,0.00708711
479,1.42225,1.24346,-0.0979955,0.0153188,0.874287,0.809019,1.38929,1.19949,3.36888,0.13007,0.374844,0.44962,0.791759,0.00349953,0,0,0,0,0,-0.0378665,-0.0526075,0.880666,0.609281,0.908066,0.465565,0.0238136,-0.0143569,0.504108,0.0234795,0.000671508,-0.000205838,-0.000237444,0.0252443
480,1.13933,2.69209,-0.344444,0.374162,2.36287,0.990933,2.69553,1.13009,8.54298,0.20214,1.27128,1.43666,0.563105,0.00305294,0,0,0,0,0,-0.145786,-0.392971,0.999727,0.538624,0.980864,0.478658,-0.141918,-0.0891566,0.537383,0.0329714,-0.0028457,0.000135888,-0.000579917,0.0652568
481,1.38135,3.14594,-0.553963,0.60109,2.27744,0.98862,3.15097,1.36813,11.8004,0.254093,1.48758,2.0352,0.714515,0.00334866,0,0,0,0,0,-0.170626,-0.537636,0.999934,0.547098,0.985086,0.465749,-0.157713,-0.104062,0.537439,0.0354856,-0.00183667,0.000147756,-0.000784721,0.0764745
482,3.4221,4.22027,0.507653,0.297038,1.23324,0.891257,4.39364,3.11456,29.0046,0.218169,0.518129,1.61374,0.931454,0.00377237,0,0,0,0,0,-0.0591108,-0.259712,0.994571,1.50096,0.605476,1.87806,0.0627213,-0.0609784,0.575598,0.0449875,0.000548519,8.36476e-05,-0.000458125,0.0168216
483,1.11669,1.76879,-0.123,0.242385,1.58395,0.943398,1.79456,1.06409,4.35273,0.162075,0.920545,0.979541,0.249835,0.00244108,0,0,0,0,0,-0.105581,-0.189472,0.99988,0.540882,0.981545,0.475596,-0.0864317,-0.0593334,0.540301,0.0279973,0.00166782,6.03789e-05,-0.000368156,0.0474167
484,2.15663,2.6895,-0.0155449,0.00327021,1.24709,0.893817,2.79639,1.96617,11.6857,0.0951884,0.669219,1.3158,0.271831,0.00248404,0,0,0,0,0,-0.0698673,-0.195376,0.910149,0.452498,0.926507,0.67517,0.0316303,0.0332546,0.470551,0.0193412,-0.000400486,-8.85758e-05,-0.000212411,0.0604093
485,1.50051,0.934394,0.108418,0.0025713,0.622719,0.733265,1.1791,1.16668,2.75144,0.10399,0.310888,0.362708,2.13808,0.00612906,0,0,0,0,0,-0.0282107,-0.0332633,0.791072,0.617268,0.88059,0.485041,0.0161316,0.000799775,0.495823,0.0261455,0.000581151,6.11246e-07,-0.000122184,0.0535239
486,1.71266,0.45869,0.239125,0.0188002,0.267823,0.605582,0.93798,1.15131,2.20532,0.29083,0.280353,0.322773,1.74399,0.00535935,0,0,0,0,0,-0.00317986,-0.00298264,0.0988801,0.487238,0.953514,0.570645,0.032976,-0.00810659,0.395658,0.104503,-0.00062825,0.00360214,0.000857498,0.0339528
487,1.75858,1.20414,-0.252948,0.00410059,0.684721,0.75324,1.46469,1.39439,4.08966,0.145639,0.372827,0.519868,3.95011,0.00966817,0,0,0,0,0,-0.03831,-0.0561124,0.895801,0.4866,0.956615,0.566882,0.0163944,0.0166382,0.454574,0.0227559,-0.00144038,-0.000200524,-0.000153037,0.0306241
488,1.11752,-0.144616,0.281252,0.00205674,-0.129408,0.448517,0.37582,0.603348,0.505269,0.105548,0.111897,0.0675131,6.20164,0.0140657,0,0,0,0,0,-0.000845895,-0.000317904,0.0659027,0.654248,0.822129,0.499737,0.00814533,-8.5175e-05,0.563203,0.023279,0.00250376,0.000148582,6.22069e-05,0.00800003
489,1.20091,4.72633,-0.520605,0.901612,3.93562,0.999959,4.72634,1.20086,23.7804,0.307472,2.09123,2.51127,0.548276,0.00302398,0,0,0,1,0,-0.239861,-1.13367,0.999919,0.557388,0.98679,0.453465,-0.220964,-0.179918,0.529905,0.0358955,-0.00130057,0.000206691,-0.000993039,0.104782
490,1.33371,-0.695796,-0.10585,0.0199907,-0.5217,0.300939,0.25052,0.543178,0.357802,0.352286,0.455964,0.24767,0.748648,0.00341533,0,0,0,0,0,0.00528893,0.00132498,0.101121,0.462155,0.968874,0.578612,0.177458,-0.0395462,0.25545,0.140214,0.000422307,0.00848315,0.00255315,0.0303243
491,1.46142,0.832794,-0.216757,0.00328287,0.569851,0.715611,1.08973,1.11783,2.43705,0.11782,0.295388,0.330194,3.78309,0.00934197,0,0,0,0,0,-0.0276724,-0.0301554,0.816696,0.604629,0.939438,0.441322,0.00829995,0.0124819,0.491116,0.0312977,-0.00113146,-5.8154e-05,0.000140415,0.0304132
492,1.54953,0.298023,0.369139,0.00792436,0.192331,0.576258,0.774057,1.00808,1.6154,0.194259,0.295769,0.298161,4.14675,0.0100523,0,0,0,0,0,-0.00670321,-0.00518866,0.197577,0.472016,0.942363,0.609424,0.0729719,-0.0281489,0.458659,0.0565897,-0.000534713,-0.000632331,0.000432989,0.0172152
493,0.766632,-0.33169,0.105839,0.00458083,-0.432659,0.332631,0.168742,0.33331,0.13957,0.122349,0.128474,0.0428216,1.56378,0.00500737,0,0,0,0,0,0.000488599,8.24473e-05,0.0331547,0.618264,0.869003,0.498306,0.0010072,0.000341028,0.534111,0.0228273,0.000113642,-0.00138292,-0.000365147,0.0152708
494,1.27728,-0.377466,0.175145,0.0092383,-0.295522,0.383798,0.344625,0.615039,0.49704,0.261989,0.384694,0.236602,1.82223,0.00551216,0,0,0,0,0,0.00313241,0.00107951,0.0709855,0.455002,0.976816,0.575323,0.144471,-0.02395,0.233781,0.0547242,-0.00031831,0.00189752,0.000450896,0.0119555
495,1.17813,3.22407,-0.370684,0.528523,2.73659,0.996896,3.22518,1.17477,11.7819,0.239428,1.47587,1.73381,0.509884,0.00294899,0,0,0,0,0,-0.169282,-0.545966,0.999929,0.548235,0.986072,0.463674,-0.149991,-0.104055,0.535184,0.0324361,-0.00123168,4.74384e-05,-0.000716012,0.0758032
496,2.70489,1.06306,-0.17951,0.00275773,0.393013,0.652845,1.69729,1.9226,6.57719,0.16541,0.631826,1.21475,3.41832,0.00862953,0,0,0,0,0,-0.0274129,-0.0465277,0.378237,0.42946,0.968136,0.619248,0.0642648,0.000557303,0.432563,0.0182087,-0.00182534,-0.000365293,-7.60733e-05,0.0933296
497,1.61275,-0.809135,0.164465,0.0180985,-0.501713,0.307935,0.314617,0.666413,0.54309,0.316592,0.434109,0.289295,1.22251,0.00434084,0,0,0,0,0,0.00355371,0.00111806,0.0713658,0.473601,0.977727,0.55317,0.128371,-0.0356978,0.192229,0.160173,0.000971493,0.00730076,0.0016632,0.0258187
498,1.33632,0.216837,0.249883,0.00543263,0.162265,0.564451,0.644284,0.856544,1.14877,0.0965273,0.126565,0.108409,3.39026,0.00857472,0,0,0,0,0,-0.0109814,-0.00707515,0.756397,0.567567,0.891386,0.54977,0.00819099,3.98159e-05,0.482526,0.0404354,0.000903107,0.00037877,0.00011698,0.0169116
499,2.40781,2.18761,0.183009,0.0131665,0.908549,0.818206,2.42218,2.0451,10.0494,0.183977,0.319675,0.653769,1.59491,0.00506819,0,0,0,0,0,-0.0293225,-0.0710244,0.799648,0.462388,0.920851,0.672315,0.0484359,-0.0155103,0.545541,0.0849779,-0.000225261,-0.000164823,-0.000541295,0.00770035
500,2.36094,2.20345,-0.159314,0.00609932,0.933295,0.824666,2.42496,2.01543,9.9424,0.133923,0.339572,0.684385,2.03992,0.00593735,0,0,0,0,0,-0.0348052,-0.0844012,0.89355,0.419779,0.911562,0.826947,0.0328159,0.000329733,0.525889,0.071817,0.000453575,-0.000359186,-0.00022498,0.00914038
501,3.18897,4.37809,-0.065831,0.0123074,1.37289,0.915106,4.5043,2.95428,29.0165,0.188752,1.1086,3.27511,0.593399,0.00311211,0,0,0,0,0,-0.11206,-0.504753,0.881216,0.451643,0.910963,0.72702,0.0483403,0.0343413,0.452258,0.0408937,-0.000185407,-0.000651458,-3.0641e-05,0.0630493
502,1.37063,-1.29219,-0.225508,0.0800948,-0.94277,0.172899,0.126706,0.380414,0.160769,0.511152,0.612778,0.233109,0.796819,0.00350941,0,0,0,0,0,0.00435192,0.000551413,0.0619135,0.486083,0.930908,0.61018,0.183128,-0.151562,0.341737,0.13064,0.00162942,0.01519,0.00605511,0.0230863
503,2.86188,2.43744,0.3242,0.017375,0.851694,0.802808,2.74645,2.39569,13.2823,0.182893,0.403711,0.967167,2.45952,0.00675687,0,0,0,0,0,-0.0396418,-0.108874,0.85603,0.526915,0.852821,0.78251,0.0650034,-0.0156806,0.518643,0.12611,0.00118383,-0.000663196,0.00156401,0.010598
504,1.54721,0.996649,0.143341,0.00177834,0.64416,0.740264,1.24099,1.21112,3.00687,0.0981926,0.222222,0.269137,3.3991,0.00859199,0,0,0,0,0,-0.0213875,-0.0265417,0.839037,0.585924,0.906889,0.499759,0.00814414,0.00836772,0.449525,0.033612,0.000923035,-7.24627e-05,7.66853e-05,0.0314936
505,3.26658,4.1884,0.11252,0.0106275,1.2822,0.900113,4.34119,2.99118,27.7931,0.166833,0.65789,1.96787,1.09148,0.00408492,0,0,0,0,0,-0.0659966,-0.286504,0.874531,0.335603,0.95448,1.1083,0.0634515,0.000895023,0.485821,0.0243508,-0.00035746,-0.000122631,-0.000112358,0.0600077
506,1.16468,0.883057,0.611655,0.00627529,0.758195,0.775833,1.03502,0.945582,1.96539,0.186467,0.198671,0.18786,7.72129,0.0170338,0,0,0,0,0,-0.0134334,-0.0139038,0.589464,0.563084,0.914278,0.523168,0.00843227,0.011963,0.5153,0.0482604,0.000333677,0.000116294,0.000573378,0.0291563
507,2.48462,2.65706,-0.00472522,0.0060982,1.0694,0.857556,2.841,2.18262,12.8351,0.0826362,0.37113,0.810036,0.0605092,0.00207131,0,0,0,0,0,-0.0406207,-0.115404,0.954174,0.333021,0.945195,1.01075,0.0314922,0.0164349,0.518449,0.0131549,0.00171762,-6.40695e-05,-0.00013016,0.00181156
508,1.2816,0.832736,0.355469,0.0019117,0.649764,0.742078,1.0334,1.00498,2.07791,0.102367,0.248297,0.249534,8.13002,0.0178321,0,0,0,0,0,-0.0238597,-0.0246567,0.837722,0.607154,0.915939,0.46033,0.00816011,0.000704944,0.491779,0.0338881,-0.000951972,-7.64134e-05,-0.000102415,0.0330961
509,1.72897,0.581384,0.154084,0.0352988,0.336261,0.631663,1.02235,1.19805,2.48052,0.326116,0.31427,0.376511,0.820122,0.00355492,0,0,0,0,0,-0.00643014,-0.00657385,0.178371,0.528939,0.914626,0.573574,0.0570905,-0.020179,0.36757,0.0849523,0.00023184,-0.000243001,-0.000839876,0.00533665
510,0.918318,0.219237,0.207782,0.00269362,0.238738,0.594346,0.485909,0.609522,0.607624,0.155986,0.246506,0.150251,4.00349,0.00977244,0,0,0,0,0,-0.0180282,-0.00876007,0.637577,0.551507,0.928235,0.521074,0.000349402,0.00146395,0.521437,0.0426974,0.000234863,0.00152996,0.000445161,0.0321347
511,1.36759,0.781657,0.314566,0.00286562,0.571559,0.71619,1.02153,1.0466,2.13891,0.125957,0.255412,0.267316,5.87627,0.0134302,0,0,0,0,0,-0.0153334,-0.0156636,0.523365,0.79655,0.618994,0.486157,0.0394627,0.00821996,0.525457,0.0123196,0.00297652,-0.00012086,-0.000108477,0.0293666
