k,gamma,beta,running_mean,running_var,on_ratio,p_on,act_mean,act_std,act_second,pre_row_norm,final_col_norm,effective_contribution,mean_over_std,bn_input_rounding_noise,dead,mostly_off,flat,always_on,negative_gamma,mean_row_component,shared_contribution,column_shared_fraction,pre_row_rel_change,pre_row_cos_ref,pre_row_norm_ratio_ref,gamma_delta,beta_delta,final_col_rel_change,pre_row_velocity_norm,pre_row_velocity_cos_w,gamma_velocity,beta_velocity,final_col_velocity_norm
0,2.7044,3.31387,1.08734,0.110691,1.22536,0.889781,3.45277,2.4587,17.9668,0.393396,0.890599,2.18972,3.26819,0.00833632,0,0,0,0,0,-0.0942517,-0.325429,0.922601,0.0787289,0.996897,0.995524,0.00127268,0.00137115,0.0115222,0.0184278,-0.0113301,0.000630467,-0.000792341,0.0113751
1,0.997902,-0.257893,0.0272171,0.00948468,-0.258435,0.398035,0.282658,0.493876,0.323809,0.267574,0.338075,0.166967,0.279467,0.00249896,0,0,0,0,0,-0.00367434,-0.00103858,0.0947488,0.0506697,0.998716,0.997408,0.0018084,-8.08239e-05,0.0354219,0.0160491,-0.00808381,0.000653581,0.000194894,0.0146163
2,1.26504,4.63107,-1.70011,7.07004,3.6608,0.999874,4.6311,1.2649,23.0471,0.618478,4.12231,5.21429,0.639392,0.00320194,0,0,0,1,0,-0.47263,-2.1888,0.999512,0.00989604,0.999951,1.00042,-0.00839484,0.00606632,0.00178897,0.0263563,-0.014204,0.000656014,0.00119292,0.357015
3,1.2275,1.27417,0.0570619,0.185096,1.03802,0.850369,1.37064,1.07107,3.02586,0.276178,0.705123,0.755238,0.132632,0.00221217,0,0,0,0,0,-0.078015,-0.106931,0.96454,0.0394476,0.999235,0.994019,0.000939012,0.000729918,0.00920379,0.0170984,-0.00405139,0.000347926,0.000342248,0.054777
4,0.99891,0.407406,-0.19778,0.0515809,0.407851,0.658308,0.636256,0.714774,0.915723,0.329338,0.478728,0.342182,0.870837,0.00365398,0,0,0,0,0,-0.0461191,-0.0293436,0.839844,0.0651423,0.997876,0.998665,-0.00109041,0.00115603,0.0214839,0.0181153,-0.0053573,-1.71881e-06,-0.00035478,0.0329988
5,1.38731,1.548,-0.91664,2.02858,1.11583,0.867753,1.64135,1.23102,4.20944,0.351075,1.84642,2.27299,0.643581,0.00321012,0,0,0,0,0,-0.211549,-0.347226,0.998819,0.0148153,0.999891,0.998885,-0.0033133,0.00112879,0.00294423,0.0227754,-0.00321813,-0.00139532,-0.00225097,0.160505
6,1.62551,0.911062,-0.555995,0.0296091,0.560477,0.712423,1.20051,1.23978,2.97828,0.284597,0.595662,0.738488,3.23116,0.00826398,0,0,0,0,0,-0.0566152,-0.0679672,0.82859,0.0583783,0.998319,0.991298,0.000511885,0.00090605,0.0139638,0.0101206,-0.00115687,7.47116e-06,0.00022467,0.0355185
7,1.28231,-0.672607,-0.357145,0.0288052,-0.524528,0.299956,0.239551,0.52118,0.329013,0.48284,0.406897,0.212066,2.10431,0.0060631,0,0,0,0,0,-0.000356063,-8.52954e-05,0.00762869,0.0418402,0.999134,0.994701,0.00105929,-0.000732362,0.0238115,0.0155467,-0.00817284,-0.000383307,3.46827e-06,0.00787173
8,1.75962,-0.00259859,0.259717,0.00828538,-0.00147679,0.499411,0.704311,1.02392,1.54446,0.265792,0.94855,0.971237,2.85328,0.00752594,0,0,0,0,0,-0.0451706,-0.0318142,0.415148,0.0858307,0.99641,1.01055,0.00180376,0.00014799,0.0180611,0.0238569,-0.00814075,6.66856e-07,-0.000256769,0.0619209
9,1.35881,0.64243,0.506147,0.0821843,0.472788,0.681818,0.921753,1.00126,1.85216,0.262514,0.346969,0.347407,1.76556,0.00540148,0,0,0,0,0,-0.0310687,-0.0286377,0.780621,0.0764695,0.997075,0.99472,-0.000563741,0.00180471,0.0232732,0.0110086,-0.00381018,-0.000343194,0.000735342,0.00531769
10,1.48467,0.441725,0.0923732,0.00768465,0.297524,0.616967,0.841228,1.0112,1.7302,0.277261,0.667505,0.674984,1.05374,0.00401121,0,0,0,0,0,-0.0387418,-0.0325907,0.505978,0.0659489,0.997823,0.998477,0.000295281,0.000318319,0.0234935,0.0124437,-0.0072519,-0.000136846,6.21305e-05,0.0446549
11,1.85321,0.293187,0.196141,0.0131388,0.158205,0.562852,0.889736,1.18503,2.19594,0.322122,0.941462,1.11566,1.71116,0.00529524,0,0,0,0,0,-0.0468079,-0.0416467,0.433434,0.0591928,0.998247,0.998864,0.00165045,0.00021854,0.0211117,0.0276238,-0.00766011,-0.000167746,0.000315292,0.070233
12,1.34581,-0.231136,0.0679117,0.0117963,-0.171745,0.431819,0.424104,0.709204,0.682834,0.289151,0.328306,0.232836,0.625276,0.00317437,0,0,0,0,0,-0.000548137,-0.000232467,0.0145552,0.0914272,0.995836,1.00271,0.00205636,-0.00066717,0.0384438,0.0278055,-0.0051323,0.000702217,0.000385351,0.00638905
13,1.398,-0.87306,-0.184494,0.056062,-0.624508,0.266147,0.227391,0.520655,0.322789,0.544934,0.446279,0.232358,0.779197,0.00347499,0,0,0,0,0,0.00149943,0.000340958,0.0292906,0.0604423,0.998175,1.00075,-0.00044167,-0.00196594,0.0413933,0.0463381,-0.00856718,-0.00214932,-0.000756261,0.0139268
14,3.31478,4.22073,0.0089982,0.0101299,1.27331,0.898545,4.37812,3.03193,28.3605,0.11199,1.15144,3.49109,0.0894032,0.00212774,0,0,0,0,0,-0.127489,-0.558161,0.965242,0.119488,0.992858,0.999497,0.00227594,0.00197649,0.00386421,0.00523429,-0.002258,-8.83103e-05,-5.74333e-06,0.000328004
15,2.56356,2.1579,0.465115,0.0148788,0.84176,0.800039,2.44083,2.13896,10.5328,0.257494,1.06134,2.27017,3.81309,0.00940056,0,0,0,0,0,-0.0889005,-0.216991,0.730222,0.0703647,0.997521,0.997281,0.00105929,0.001652,0.0100138,0.0128215,-0.00564925,-0.000137445,-2.66602e-05,0.0643399
16,2.40779,2.87655,0.0571547,0.00633087,1.19469,0.883895,3.01095,2.17406,13.7924,0.116482,0.8984,1.95318,0.718324,0.0033561,0,0,0,0,0,-0.0941851,-0.283587,0.913944,0.13656,0.99093,1.01525,0.00153804,0.00154996,0.00576772,0.0110745,-0.00973921,-4.51253e-05,-1.74963e-05,0.0280952
17,2.08022,0.535257,0.0496844,0.00824684,0.257308,0.60153,1.12533,1.39196,3.20392,0.227929,0.661419,0.920666,0.547113,0.0030217,0,0,0,0,0,-0.0257495,-0.0289768,0.339391,0.105894,0.994509,1.01071,0.00209141,0.000100911,0.0253029,0.0174631,-0.00683053,-0.000121777,8.11338e-05,0.0369697
18,1.4074,0.235468,0.305455,0.00611206,0.167307,0.566436,0.682104,0.904779,1.28389,0.222949,0.620974,0.561844,3.90709,0.00958417,0,0,0,0,0,-0.0233556,-0.015931,0.327888,0.0804004,0.996765,0.999061,0.00114918,0.000116602,0.0285542,0.00991549,-0.00602741,-0.000272924,-0.000116531,0.0384529
19,1.10351,-0.679495,0.162501,0.0101506,-0.615756,0.269028,0.181817,0.414193,0.204613,0.272045,0.332331,0.137649,1.61291,0.00510334,0,0,0,0,0,-0.00345293,-0.000627801,0.0905784,0.0558267,0.998443,0.996023,0.00195146,0.000192225,0.042164,0.0163222,-0.011232,-1.66652e-05,4.76504e-05,0.015897
20,1.18791,0.255883,0.522937,0.036321,0.215406,0.585274,0.610888,0.780526,0.982405,0.14936,0.266534,0.208037,2.74392,0.00731234,0,0,0,0,0,-0.0235893,-0.0144104,0.771558,0.078469,0.99692,0.999549,0.000412703,2.36928e-05,0.0302259,0.00877116,-0.00552125,-5.479e-05,0.000313264,0.0120759
21,1.34228,0.719713,-0.320809,0.424573,0.536188,0.704086,0.966575,1.01622,1.96698,0.363561,1.10738,1.12534,0.492347,0.00291474,0,0,0,0,0,-0.12301,-0.118899,0.968393,0.0419034,0.999128,0.995659,-0.00147271,0.00096333,0.0054663,0.0243881,-0.00295756,-0.00100128,-0.0026657,0.0936248
22,1.31158,0.512529,-0.191168,0.308363,0.390772,0.652017,0.821131,0.931314,1.5416,0.337413,1.00152,0.932726,0.344257,0.0026255,0,0,0,0,0,-0.10854,-0.0891251,0.944794,0.0438869,0.99904,0.996225,-0.00091958,0.000810623,0.00912663,0.0206643,-0.0038125,-0.00103178,-0.00136413,0.082293
23,1.22924,2.39403,-1.18144,2.68284,1.94757,0.974267,2.40545,1.2025,7.23222,0.382949,2.43947,2.93348,0.721297,0.00336191,0,0,0,0,0,-0.279754,-0.672936,0.999741,0.0136157,0.999913,0.996608,-0.00513899,0.00340319,0.0021171,0.0240195,-0.0082679,0.000224362,0.000305457,0.210439
24,2.87883,2.40726,0.63488,0.0263847,0.836192,0.798477,2.72884,2.39761,13.1951,0.323544,0.996872,2.39012,3.90855,0.00958701,0,0,0,0,0,-0.065619,-0.179064,0.573848,0.0989454,0.995104,0.999741,0.00383377,0.00100803,0.0169738,0.0225571,-0.00973673,-0.000346835,8.66537e-05,0.0276795
25,1.24956,0.688322,-0.739529,0.0587619,0.550849,0.709131,0.913723,0.950248,1.73786,0.368342,0.364042,0.34593,3.05075,0.00791163,0,0,0,0,0,-0.0277405,-0.0253472,0.664309,0.0716664,0.997453,0.990524,-0.000435233,0.000821829,0.02617,0.010237,-0.00441544,0.000252746,-0.000376889,0.0199647
26,1.3987,0.400771,0.149247,0.0257442,0.28653,0.612764,0.782715,0.948033,1.51141,0.182793,0.305183,0.289323,0.930179,0.00376988,0,0,0,0,0,-0.0253414,-0.0198351,0.723898,0.0658735,0.997829,0.996599,0.000265241,0.000380278,0.0298478,0.00522824,-0.00599406,-1.85699e-05,-1.53883e-05,0.00835347
27,1.41721,2.15927,-1.63307,3.0076,1.5236,0.936196,2.19841,1.33976,6.62796,0.408547,2.36618,3.17012,0.941661,0.00379231,0,0,0,0,0,-0.271355,-0.596548,0.99976,0.0138105,0.999918,0.994815,-0.00466049,0.0030241,0.00291715,0.0250439,-0.00676664,0.000328057,0.000412928,0.204466
28,1.39244,2.25332,0.462957,0.794605,1.61825,0.947196,2.28359,1.33001,6.98371,0.710219,1.91127,2.54201,0.519356,0.00296749,0,0,0,0,0,-0.217619,-0.496952,0.992617,0.0330323,0.999461,0.995907,-0.00599778,0.00331879,0.00712788,0.0488614,-0.00590726,0.00299947,-0.0025007,0.166469
29,1.53974,0.981467,-0.135206,0.0153548,0.637422,0.738075,1.22713,1.20272,2.95239,0.211579,0.655098,0.787902,1.09113,0.00408423,0,0,0,0,0,-0.060384,-0.0740989,0.803568,0.0627374,0.998033,0.995657,0.000681758,0.00099802,0.012819,0.017776,-0.00387376,0.000171648,0.000117364,0.0539586
30,1.28842,0.531745,-0.135224,0.262216,0.412712,0.660091,0.82465,0.923954,1.53374,0.332278,0.934019,0.862991,0.264073,0.00246889,0,0,0,0,0,-0.103194,-0.0850988,0.963174,0.0321128,0.999488,0.996808,-0.000646949,0.000494778,0.00996696,0.0224208,-0.00450453,-0.000526276,-0.00176165,0.0820907
31,1.17858,0.863828,-0.438454,0.337923,0.73294,0.768202,1.02477,0.949075,1.9509,0.396994,1.18192,1.12173,0.754249,0.00342627,0,0,0,0,0,-0.130467,-0.133698,0.962314,0.021912,0.999766,0.996294,-0.00110793,0.000546455,0.00634121,0.0254657,-0.00394005,-0.00121537,-0.00168908,0.0993073
32,1.42992,1.29748,-0.209842,0.0582969,0.907375,0.817896,1.43702,1.21423,3.53939,0.252592,0.584132,0.709272,0.8691,0.00365059,0,0,0,0,0,-0.0606169,-0.0871078,0.904668,0.130216,0.991516,0.999288,0.000236034,0.000602007,0.0155791,0.0167251,-0.00677161,0.000587734,-0.000912624,0.0284898
33,1.86905,2.57941,-0.243858,0.0609665,1.38006,0.916217,2.65232,1.73313,10.0385,0.331959,1.16495,2.019,0.987623,0.00388208,0,0,0,0,0,-0.121446,-0.322114,0.908835,0.063606,0.997975,0.997332,0.00186384,0.00128627,0.0089662,0.0202131,-0.00686536,-0.000240958,-0.000326811,0.0887648
34,1.17906,0.201462,0.168858,0.173566,0.170867,0.567836,0.573536,0.759568,0.905887,0.267507,0.779737,0.592263,0.405313,0.00274475,0,0,0,0,0,-0.0828379,-0.0475105,0.926164,0.0419191,0.999126,0.995984,-0.000629902,0.000290304,0.00806284,0.0189038,-0.0039035,-0.000855909,-0.00151698,0.0647194
35,0.960096,0.0704184,-0.249169,0.196544,0.0733452,0.529234,0.42021,0.583967,0.517594,0.25803,0.629713,0.367732,0.562037,0.00305085,0,0,0,0,0,-0.0661309,-0.0277889,0.915521,0.0483946,0.998835,0.995176,-0.000841141,0.000105925,0.00980753,0.0126249,-0.00384237,0.000815946,0.00079746,0.051225
36,1.09402,0.164123,-0.332561,0.0180754,0.150018,0.559625,0.520764,0.696212,0.755906,0.182776,0.245244,0.170742,2.47359,0.00678435,0,0,0,0,0,-0.0211931,-0.0110366,0.753362,0.0996162,0.995038,0.999998,0.000266314,6.01262e-05,0.0372495,0.0145704,-0.00917816,0.000182332,0.00042338,0.0164503
37,2.09445,2.15717,-0.184756,0.0710654,1.02995,0.848483,2.32425,1.8244,8.73056,0.244113,0.629422,1.14832,0.693056,0.00330675,0,0,0,0,0,-0.0682982,-0.158742,0.945962,0.0886969,0.996059,0.995985,0.000695944,0.000924349,0.0135425,0.0276446,-0.00443437,-0.000866392,0.00106374,0.00517302
38,0.87978,-0.542956,-0.224034,0.00319565,-0.61715,0.268568,0.144659,0.329808,0.129699,0.173058,0.217652,0.0717832,3.9631,0.00969356,0,0,0,0,0,0.00357978,0.000517846,0.143384,0.0805471,0.996765,1.00216,0.000873387,1.2517e-05,0.043181,0.0118249,-0.00768822,0.000189319,0.000153675,0.012434
39,3.45546,4.47086,0.0838438,0.0139721,1.29385,0.902142,4.62929,3.1688,31.4716,0.13237,1.21168,3.83956,0.709317,0.00333851,0,0,0,0,0,-0.134236,-0.62142,0.965807,0.134026,0.991086,1.00575,0.00233841,0.00210619,0.00382361,0.0111203,-0.00781334,-6.92535e-05,-1.97944e-05,0.000366465
40,2.19129,0.116112,0.149583,0.0128411,0.0529881,0.521129,0.936767,1.31687,2.61167,0.346927,0.86653,1.1411,1.32002,0.00453128,0,0,0,0,0,-0.0307658,-0.0288204,0.309522,0.0716103,0.997434,0.998781,0.0037868,-9.87127e-05,0.0174361,0.0156448,-0.0056711,-0.000196784,-0.000136752,0.0456129
41,1.26397,0.894658,-0.417051,1.2158,0.707816,0.76047,1.0749,1.00964,2.1748,0.269956,1.32934,1.34216,0.378232,0.00269186,0,0,0,0,0,-0.152272,-0.163678,0.998596,0.0151841,0.999891,0.996376,-0.00165534,0.000127196,0.00324354,0.0189556,-0.00558578,-0.00127193,-0.0016275,0.115074
42,1.46249,3.64409,-1.25215,0.824116,2.4917,0.993643,3.64723,1.45373,15.4156,0.934979,2.95653,4.29799,1.37931,0.00464709,0,0,0,0,0,-0.337617,-1.23137,0.99552,0.0158703,0.999876,0.997908,-0.00625706,0.00346541,0.00557097,0.0666289,-0.00465865,-0.00709924,-0.000891078,0.259273
43,1.27996,0.812763,0.0678269,0.370362,0.634992,0.737283,1.01772,0.999037,2.03384,0.456813,1.19585,1.1947,0.111452,0.00217081,0,0,0,0,0,-0.131555,-0.133887,0.959045,0.0272858,0.99964,0.994666,-0.00129163,0.000262737,0.00715919,0.0276958,-0.00434324,-0.000965234,0.000199811,0.10188
44,0.898135,0.103025,-0.377535,0.270363,0.11471,0.545663,0.411667,0.559795,0.48284,0.152212,0.576156,0.322529,0.726077,0.00337124,0,0,0,0,0,-0.0651019,-0.0268003,0.985055,0.0143001,0.999908,0.995389,-0.00030297,-2.22772e-06,0.00495445,0.0102941,-0.0024787,-0.000591525,-0.000822606,0.0476431
45,1.32593,0.980204,-0.900499,1.55453,0.739256,0.770124,1.15925,1.06992,2.48859,0.293414,1.46738,1.56997,0.722243,0.00336376,0,0,0,0,0,-0.168258,-0.195054,0.999636,0.01562,0.999888,0.995485,-0.00219202,-0.000264645,0.00288942,0.0195705,-0.00661646,0.000290674,0.000490649,0.125837
46,1.42711,1.10904,-1.21873,1.85953,0.77712,0.781456,1.28874,1.16579,3.01993,0.325404,1.62863,1.89864,0.893725,0.00369868,0,0,0,0,0,-0.186679,-0.240581,0.999266,0.0156128,0.999886,0.996017,-0.00257695,-0.000338674,0.00281448,0.0214082,-0.00328987,0.000641969,0.00103489,0.139187
47,1.12559,-0.437656,0.026683,0.00888747,-0.388823,0.348704,0.265636,0.505609,0.326203,0.286342,0.243616,0.123175,0.283038,0.00250593,0,0,0,0,0,-0.00332081,-0.000882126,0.118835,0.0445824,0.999017,0.994362,0.000593781,-0.000156254,0.0522726,0.0133061,-0.00611214,-0.000513385,-0.000154078,0.0103242
48,0.708082,-0.654187,0.475105,0.0553703,-0.923885,0.177773,0.0674015,0.200352,0.0446838,0.533106,0.370602,0.0742507,2.01907,0.00589662,0,0,0,0,0,-0.00653885,-0.000440729,0.153816,0.0820464,0.996635,0.993105,-0.0184805,-0.0096553,0.0729124,0.0207876,-0.00506222,0.00667559,0.00327066,0.0135515
49,3.03614,0.589416,0.0467363,0.00919686,0.194133,0.576964,1.52017,1.97675,6.21847,0.24993,0.882479,1.74445,0.487343,0.00290497,0,0,0,0,0,-0.0150644,-0.0229004,0.148818,0.110439,0.995032,1.04284,0.00489068,-0.000427723,0.0322878,0.0377159,-0.00790923,-7.71961e-05,0.000185935,0.0423859
50,1.3831,0.664654,0.171874,0.0463447,0.480553,0.684583,0.945079,1.02275,1.9392,0.172956,0.347485,0.355391,0.798383,0.00351247,0,0,0,0,0,-0.0313319,-0.0296111,0.786062,0.0796285,0.996843,1.00295,0.000289798,0.000591695,0.0196504,0.0187355,-0.00358353,-0.000172928,-0.000513462,0.0157331
51,1.1247,-1.05978,-1.89846,0.0711721,-0.942282,0.173024,0.104051,0.312313,0.108366,0.708332,0.497453,0.155361,7.11615,0.0158519,0,0,0,0,0,-0.00319846,-0.000332802,0.0560525,0.0603881,0.998181,0.994779,-0.00811303,-0.00509632,0.0349994,0.0225455,-0.00741297,0.00375635,0.00131745,0.0129422
52,1.25536,6.07043,-1.78881,9.81742,4.83561,0.999999,6.07043,1.25536,38.4261,0.728488,5.22075,6.55391,0.570906,0.00306818,0,0,0,1,0,-0.598506,-3.63319,0.999408,0.00971543,0.999953,1.00033,-0.010265,0.00793171,0.00187045,0.0283762,-0.0304157,-0.000187763,0.000210992,0.44899
53,2.2192,2.2204,-0.335447,0.0457573,1.00054,0.841475,2.40691,1.92108,9.48378,0.186733,0.645135,1.23936,1.56817,0.00501596,0,0,0,0,0,-0.069423,-0.167095,0.938122,0.106415,0.994324,0.992411,0.000451088,0.00164962,0.0105439,0.0177057,-0.00552998,0.000603582,-0.000730081,0.00262261
54,2.28349,2.0468,-0.0860516,0.109829,0.896349,0.814967,2.27331,1.93473,8.91112,0.340966,0.992318,1.91987,0.259657,0.00246027,0,0,0,0,0,-0.0952207,-0.216466,0.836542,0.0905389,0.995893,0.995714,0.00224066,-7.03335e-05,0.00961777,0.0151951,-0.00979807,-0.000733544,0.000720114,0.0633711
55,2.66175,1.3051,-0.0231465,0.0137991,0.490318,0.688045,1.83535,1.97699,7.27702,0.40337,1.41228,2.79206,0.197043,0.00233797,0,0,0,0,0,-0.069873,-0.128242,0.431317,0.061998,0.998078,1.0001,0.00550151,0.000415921,0.0136818,0.0278456,-0.00957273,-0.000455246,-8.39746e-05,0.08768
56,1.94108,0.321225,0.149963,0.065256,0.165488,0.56572,0.938991,1.24654,2.43556,0.68273,0.446473,0.556546,0.58705,0.00309971,0,0,0,0,0,-0.00257987,-0.00242247,0.0503743,0.0518636,0.998661,0.99491,0.00358188,-0.0010407,0.031284,0.0351867,-0.00580588,0.000721566,0.000803708,0.00612394
57,1.68856,1.92357,-0.153544,0.03098,1.13918,0.872686,2.03145,1.50602,6.3949,0.250208,1.00966,1.52057,0.872354,0.00365694,0,0,0,0,0,-0.105744,-0.214814,0.913038,0.0728024,0.997346,0.996946,0.00105906,0.00169671,0.0145041,0.00968339,-0.00922475,0.000201531,-0.00019768,0.084485
58,1.19387,0.609771,-0.745196,0.356121,0.510753,0.695238,0.83876,0.894981,1.50451,0.377716,0.96604,0.864587,1.24874,0.00439207,0,0,0,0,0,-0.107568,-0.0902234,0.970718,0.0336515,0.999447,0.994286,-0.00144637,0.000396013,0.00934581,0.0197424,0.00118062,-0.0013895,-0.00174714,0.0861711
59,2.18865,1.80624,0.39101,0.0103124,0.825275,0.795392,2.05648,1.81628,7.52795,0.152661,0.915643,1.66306,3.85042,0.00947348,0,0,0,0,0,-0.0907396,-0.186604,0.863928,0.121048,0.992714,1.00431,0.00115442,0.00155509,0.0110384,0.0109491,-0.0051471,-5.65417e-05,-0.000133981,0.0713732
60,1.86095,1.17267,0.0105699,0.00993686,0.630147,0.735701,1.47284,1.45031,4.27264,0.268602,0.877405,1.27251,0.106034,0.00216022,0,0,0,0,0,-0.0550611,-0.081096,0.54708,0.0598084,0.998249,1.00709,0.00157392,0.000795603,0.0155248,0.0219078,-0.00598122,-0.000193003,0.000150571,0.0559001
61,1.353,-0.292912,0.0334522,0.00312473,-0.216491,0.414303,0.403809,0.690556,0.639929,0.160997,0.520278,0.359281,0.598437,0.00312195,0,0,0,0,0,-0.0284118,-0.0114729,0.476068,0.113391,0.993594,1.0029,0.00143802,5.6684e-05,0.0261893,0.0126313,-0.00938088,-0.000179354,-0.000117551,0.0353798
62,1.28613,2.00471,-0.883144,2.47459,1.55871,0.940467,2.03664,1.22177,5.64062,0.367988,2.17272,2.65457,0.561409,0.00304963,0,0,0,0,0,-0.249168,-0.507465,0.999758,0.015653,0.999887,0.995562,-0.00292933,0.00470662,0.00240067,0.0232248,-0.00339517,0.000437082,0.000632744,0.188366
63,1.30413,1.19721,0.800902,0.144019,0.918011,0.820693,1.32246,1.10981,2.98059,0.302885,0.542138,0.601671,2.11042,0.00607505,0,0,0,0,0,-0.0561239,-0.0742217,0.902495,0.0583691,0.998299,0.99544,-0.000554085,0.00189638,0.0121717,0.0179741,-0.00174541,0.00141044,-0.0017511,0.0379799
64,3.33498,0.585715,-0.207133,0.0157548,0.175628,0.569707,1.63045,2.15426,7.29919,0.342448,1.4849,3.19885,1.65023,0.00517622,0,0,0,0,0,-0.0482594,-0.0786843,0.28333,0.0956894,0.995834,1.02484,0.00685883,-0.000222623,0.0225484,0.0935516,-0.018092,-0.000842421,0.000787981,0.0848802
65,1.31081,0.847632,-0.65238,1.32299,0.646647,0.74107,1.05386,1.02688,2.16509,0.274259,1.3484,1.38464,0.567181,0.0030609,0,0,0,0,0,-0.154555,-0.162879,0.999244,0.0150489,0.999888,0.998363,-0.00168955,-2.46167e-05,0.00367565,0.0188196,-0.00773904,-9.46721e-05,3.72276e-05,0.11547
66,0.549386,-0.26832,-0.735869,0.00840196,-0.488399,0.312634,0.109826,0.229233,0.0646095,0.209693,0.188252,0.0431536,8.02805,0.0176329,0,0,0,0,0,-0.0124421,-0.00136646,0.576182,0.102749,0.994711,0.992175,-0.00139529,-0.000741571,0.0493748,0.0161951,-0.00177604,0.00051786,0.000358312,0.00489062
67,1.35059,0.220327,-0.74743,0.36954,0.163134,0.564793,0.651754,0.866136,1.17497,0.443042,1.05553,0.914235,1.22953,0.00435456,0,0,0,0,0,-0.109281,-0.0712246,0.902571,0.0389184,0.999247,0.996272,-0.000971437,-0.000376359,0.0121617,0.0339391,-0.00652494,0.000727336,0.00350741,0.0823345
68,1.87847,1.22715,-1.48299,0.00983214,0.653272,0.743209,1.51969,1.47466,4.48409,0.252371,1.12086,1.65289,14.956,0.031164,0,0,0,0,0,-0.0900506,-0.136849,0.700395,0.154403,0.988248,1.01001,0.00347424,0.000591755,0.01644,0.0320697,-0.00834629,-0.000267948,-0.000346552,0.0784554
69,2.17213,1.77481,-0.143576,0.183256,0.817084,0.79306,2.02744,1.79772,7.34231,0.258083,0.522173,0.938723,0.335393,0.00260819,0,0,0,0,0,-0.0546643,-0.110829,0.912633,0.0509837,0.998708,0.994486,0.000254393,0.00137377,0.0113817,0.0144548,-0.0050818,0.000728378,-0.0008626,0.00324678
70,1.57134,2.01734,-0.249436,0.073367,1.28384,0.9004,2.09064,1.43916,6.44196,0.32185,1.02828,1.47986,0.920893,0.00375174,0,0,0,0,0,-0.104583,-0.218646,0.886657,0.0496421,0.998768,0.997699,0.00102746,0.00171781,0.011879,0.0145741,-0.00711772,-0.000468325,0.000371038,0.0727656
71,2.92257,1.85317,0.493391,0.0143012,0.63409,0.736989,2.32181,2.28049,10.5914,0.380762,0.967699,2.20683,4.12576,0.0100113,0,0,0,0,0,-0.0413953,-0.0961118,0.372921,0.0773737,0.997058,1.00766,0.000699282,0.00161171,0.0209147,0.0874606,-0.00679728,-0.000451648,0.000751472,0.0711164
72,2.1563,-0.0499573,0.221376,0.107518,-0.0231681,0.490758,0.839702,1.23877,2.23966,0.72335,0.376703,0.46665,0.675132,0.00327174,0,0,0,0,0,-0.0105404,-0.00885076,0.243929,0.0429522,0.999109,0.991118,4.69685e-05,-0.00137328,0.0355901,0.0133036,-0.00398664,0.00117002,0.000379869,0.0111925
73,1.32425,1.78321,-0.91526,2.13296,1.34658,0.910943,1.83838,1.2226,4.87442,0.351643,1.98884,2.43157,0.62669,0.00317713,0,0,0,0,0,-0.228023,-0.419194,0.999507,0.0149705,0.999895,0.996261,-0.00387764,0.00195885,0.00274106,0.0227212,-0.00209108,-1.15778e-05,4.49721e-05,0.172971
74,1.31329,1.04011,0.670445,0.0401016,0.791986,0.785816,1.20078,1.07803,2.60403,0.273857,0.423592,0.456645,3.34798,0.00849215,0,0,0,0,0,-0.0420336,-0.0504733,0.86508,0.0723634,0.997387,1.0015,0.000792146,0.00104666,0.0187311,0.0197234,-0.00667034,-0.000443456,0.000948889,0.0153427
75,3.84704,2.11071,-0.458737,0.0128744,0.548658,0.70838,2.80668,2.92358,16.4248,0.349266,1.61721,4.72805,4.04297,0.00984955,0,0,0,0,0,-0.127032,-0.356537,0.684782,0.0752865,0.99727,1.01193,0.00328708,0.00133419,0.0107284,0.0240147,-0.0224158,0.0001849,-1.95205e-05,0.151467
76,1.03183,0.273518,0.241768,0.00701764,0.26508,0.604526,0.563301,0.692795,0.797272,0.234263,0.36707,0.254304,2.88605,0.00758993,0,0,0,0,0,-0.0225354,-0.0126942,0.535208,0.0823208,0.996609,0.998943,0.00057888,8.01682e-05,0.0408504,0.0159846,-0.0045499,-0.000287151,-0.000232794,0.0306029
77,1.32909,3.00307,-1.07228,4.26115,2.25949,0.988074,3.00832,1.31543,10.7803,0.48045,2.92104,3.84243,0.51945,0.00296768,0,0,0,0,0,-0.33498,-1.00773,0.999742,0.0125256,0.999928,0.996338,-0.00684452,0.00307369,0.00237766,0.0247918,-0.00172489,0.00029912,0.000669687,0.254369
78,1.47692,1.98597,-0.0421978,0.0997917,1.34467,0.910634,2.04773,1.36322,6.05159,0.319754,0.911343,1.24236,0.13358,0.00221402,0,0,0,0,0,-0.097162,-0.198962,0.92944,0.0675223,0.997719,0.996387,0.000361443,0.00159574,0.00865029,0.0263712,-0.00453721,0.00128322,-0.000540223,0.0646108
79,1.27458,5.79316,-1.67195,9.72553,4.54515,0.999997,5.79316,1.27458,35.1853,0.722884,5.03097,6.41236,0.536124,0.00300024,0,0,0,1,0,-0.576701,-3.34092,0.999322,0.0113784,0.999956,0.99345,-0.00666988,0.01191,0.00184179,0.0280047,-0.00302201,0.000779308,0.00152014,0.431832
80,1.89952,1.93159,-0.204188,0.018441,1.01688,0.845396,2.08672,1.65002,7.07698,0.21372,1.09548,1.80756,1.50362,0.00488988,0,0,0,0,0,-0.112996,-0.23579,0.899217,0.0856306,0.996332,0.999643,0.00107896,0.00190091,0.0142238,0.00712419,-0.00943473,3.93312e-05,-0.00015758,0.0926718
81,2.89219,2.97097,0.158963,0.00679786,1.02724,0.847846,3.20282,2.51784,16.5975,0.34445,1.39916,3.52286,1.92801,0.00571877,0,0,0,0,0,-0.125802,-0.402919,0.783834,0.0856894,0.996347,1.00346,0.00156617,0.00221634,0.0110245,0.0165556,-0.00864336,7.55298e-05,-0.000142678,0.115619
82,2.12634,2.17358,-0.154196,0.00885082,1.02222,0.846661,2.34559,1.84914,8.92109,0.129241,1.00189,1.85264,1.63901,0.00515431,0,0,0,0,0,-0.110819,-0.259936,0.964277,0.110358,0.993901,0.998212,0.00133514,0.00170398,0.00371202,0.0104401,-0.00611448,4.04578e-05,-0.000215441,0.0702633
83,1.14963,2.42403,0.686466,0.758489,2.10853,0.982507,2.43155,1.13121,7.19207,0.305124,1.33365,1.50865,0.788214,0.00349261,0,0,0,0,0,-0.151429,-0.368206,0.989857,0.0193235,0.999823,0.995483,0.00119436,0.0021584,0.00432381,0.0206775,0.00281815,0.00274025,-0.00387941,0.11152
84,0.98689,2.59535,0.875817,0.315449,2.62983,0.995729,2.59655,0.983337,7.70904,0.607256,1.40922,1.38574,1.55937,0.00499877,0,0,0,0,0,-0.15688,-0.407348,0.9705,0.0646721,0.997907,0.997512,-0.00139153,0.00159931,0.0106895,0.040066,-0.0027729,-0.00149465,0.000274012,0.112581
85,1.38435,0.344337,0.269885,0.0128735,0.248736,0.598218,0.741323,0.922856,1.40122,0.317775,0.887471,0.819008,2.37864,0.00659891,0,0,0,0,0,-0.0550038,-0.0407756,0.540312,0.0657719,0.997835,0.996973,0.00153303,0.000587195,0.0178218,0.0185752,-0.00573859,-0.00046054,3.87809e-05,0.0622111
86,1.64968,2.62461,-0.114103,0.47652,1.59098,0.944193,2.66222,1.57273,9.5609,0.539366,0.890479,1.40048,0.165294,0.00227596,0,0,0,0,0,-0.0960447,-0.255692,0.940279,0.0414975,0.999141,0.997016,0.00124061,-0.000392914,0.0167816,0.0262735,0.000564431,0.00287001,-0.00372957,0.0658433
87,1.32431,1.59477,-0.850924,2.16195,1.20422,0.885748,1.66686,1.19831,4.21435,0.342072,1.88173,2.25489,0.578718,0.00308343,0,0,0,0,0,-0.215802,-0.359712,0.999786,0.0155215,0.999889,0.99546,-0.00381243,0.00101817,0.00351607,0.0216226,-0.00401761,2.80605e-05,9.90457e-05,0.163273
88,1.05885,-0.19925,-0.273058,0.0176322,-0.188176,0.425369,0.326885,0.551678,0.411202,0.392785,0.435791,0.240416,2.05637,0.00596948,0,0,0,0,0,0.00230631,0.000753898,0.0461367,0.0666821,0.997775,0.997065,0.00416315,-0.00100818,0.021539,0.0217672,-0.0049822,-0.000970252,-0.000360899,0.00615888
89,1.14172,-0.0190861,0.131695,0.00349654,-0.016717,0.493331,0.448289,0.65841,0.634467,0.167004,0.381656,0.251286,2.22716,0.00630304,0,0,0,0,0,-0.0105045,-0.00470904,0.239944,0.0812859,0.996697,1.00024,0.00109375,-4.31351e-05,0.0308025,0.0132701,-0.00334774,5.76477e-05,0.000111086,0.0242921
90,2.72028,3.25179,-0.0203576,0.00619162,1.19539,0.884033,3.40336,2.4566,17.6177,0.0777036,0.909044,2.23316,0.258716,0.00245843,0,0,0,0,0,-0.100531,-0.342141,0.964095,0.22796,0.974659,1.01855,0.00152516,0.00179052,0.00374122,0.095351,-0.0374138,-0.00102719,0.000867171,0.000984917
91,3.17409,0.930386,0.544394,0.0208705,0.293119,0.615284,1.78956,2.15765,7.85798,0.399056,1.5158,3.27058,3.76832,0.00931312,0,0,0,0,0,-0.0720048,-0.128857,0.414119,0.0615852,0.998104,1.00004,0.00221801,0.000698626,0.0136608,0.0406648,-0.0142914,-0.000337059,0.000172965,0.130586
92,1.15486,0.746173,-0.8488,1.02942,0.646117,0.740898,0.92801,0.904555,1.67942,0.245919,1.21058,1.09503,0.836584,0.00358708,0,0,0,0,0,-0.138703,-0.128718,0.998852,0.0138279,0.999906,0.998161,-0.00139248,7.9155e-05,0.00302899,0.0171848,-0.0105735,0.000612491,0.000946834,0.103565
93,2.39199,2.81402,-0.0456266,0.00448366,1.17644,0.880289,2.95389,2.15105,13.3525,0.0692142,0.790162,1.69967,0.6814,0.00328398,0,0,0,0,0,-0.0873978,-0.258164,0.964253,0.135229,0.99086,1.00038,0.00136614,0.00152254,0.00378587,0.00150016,-0.00748915,-3.3856e-05,-2.75981e-05,0.000226487
94,1.08607,-0.109854,0.200632,0.00855053,-0.101149,0.459716,0.380588,0.596045,0.500117,0.24208,0.491994,0.293251,2.16972,0.00619086,0,0,0,0,0,-0.0247543,-0.00942118,0.438629,0.0974727,0.995252,1.00051,0.000127673,9.30578e-06,0.0331758,0.0171692,-0.00499106,-0.000411092,-0.000356979,0.0368044
95,1.26493,0.641646,-0.503022,0.334281,0.50726,0.694014,0.885867,0.946751,1.6811,0.401142,1.10225,1.04355,0.870025,0.00365239,0,0,0,0,0,-0.120073,-0.106368,0.949669,0.0290787,0.999583,0.99615,-0.000699639,0.00102144,0.00632027,0.0262581,-0.00517155,-0.000306693,-0.00106904,0.091851
96,1.20405,-0.116031,0.322399,0.00354864,-0.0963667,0.461615,0.424813,0.66264,0.619557,0.177636,0.341686,0.226415,5.41206,0.0125236,0,0,0,0,0,-0.00947916,-0.00402687,0.241852,0.139899,0.990311,1.00727,0.000927806,0.000180312,0.0521453,0.0135253,-0.00569006,-0.000537615,-0.000142991,0.0234802
97,1.13225,0.2891,-0.195109,0.540342,0.255331,0.600766,0.611088,0.756982,0.946449,0.196439,0.804922,0.609312,0.265426,0.00247153,0,0,0,0,0,-0.091701,-0.0560374,0.993178,0.0158538,0.999876,0.997816,-0.000557661,3.70443e-05,0.00407456,0.0138331,-0.00147511,-0.00076403,-0.000959647,0.067754
98,2.42385,2.7664,-0.0663143,0.0066462,1.14132,0.873132,2.9205,2.16285,13.2072,0.0844528,0.784433,1.69661,0.81343,0.00354186,0,0,0,0,0,-0.0868029,-0.253508,0.964684,0.308507,0.971837,1.17094,0.00197625,0.000770092,0.00367336,0.002283,-0.00641106,-4.04626e-05,-2.08254e-05,0.000227117
99,1.49225,0.660905,-0.0281398,0.0242909,0.442891,0.671078,0.983829,1.08482,2.14475,0.251286,0.389446,0.422478,0.18055,0.00230576,0,0,0,0,0,-0.0313797,-0.0308723,0.702439,0.116465,0.993203,0.997227,6.49691e-05,0.000749111,0.0186851,0.0105906,-0.00412292,-5.02029e-05,0.000189772,0.00426087
100,2.92368,3.62686,-0.00867607,0.00874437,1.24051,0.892606,3.77329,2.66332,21.331,0.0949622,0.999679,2.66247,0.0927809,0.00213434,0,0,0,0,0,-0.110655,-0.417534,0.964979,0.110409,0.993893,0.99765,0.00180912,0.00185537,0.00381927,0.00510989,-0.00380103,-6.55044e-05,-1.65251e-05,0.00028462
101,1.09533,-0.338193,-0.0324186,0.0126989,-0.30876,0.378752,0.290277,0.522264,0.35702,0.351163,0.379989,0.198455,0.287681,0.002515,0,0,0,0,0,-0.000324837,-9.42925e-05,0.00745248,0.0532484,0.998585,0.996005,0.0015775,-0.000302345,0.0326999,0.0166903,-0.00842284,-0.00108851,-5.28693e-05,0.0118162
102,1.07024,0.500552,0.10729,0.0813172,0.467698,0.68,0.72253,0.786813,1.14112,0.290958,0.576346,0.453476,0.376244,0.00268798,0,0,0,0,0,-0.0573266,-0.0414202,0.867121,0.0433098,0.999064,0.996887,-6.81877e-05,0.000551641,0.0160619,0.0263388,-0.00465817,4.06097e-05,0.00141343,0.0480343
103,3.69117,0.871666,0.366536,0.0223725,0.236149,0.593342,1.94701,2.44721,9.77968,0.403513,1.63746,4.00719,2.45053,0.00673931,0,0,0,0,0,-0.0683131,-0.133007,0.363698,0.0601994,0.998264,1.01073,0.00366759,0.000572681,0.0166489,0.0410311,-0.00601607,-7.88999e-05,7.38549e-05,0.133303
104,2.53262,2.90791,-0.0569971,0.00508125,1.14818,0.874553,3.0664,2.26332,14.5254,0.0720402,0.823859,1.86466,0.79959,0.00351482,0,0,0,0,0,-0.091113,-0.279389,0.964127,0.148627,0.988934,0.997856,0.00137162,0.00165701,0.00377047,0.00464868,-0.00228354,-6.31775e-05,-3.27172e-06,0.000234914
105,1.63342,1.50127,0.167477,0.00536415,0.919096,0.820977,1.6579,1.39035,4.68168,0.178336,0.600005,0.834214,2.28668,0.0064193,0,0,0,0,0,-0.0506266,-0.0839336,0.735581,0.0907877,0.995877,0.999557,0.000612497,0.00127482,0.0137382,0.026181,-0.00542655,4.20525e-06,0.000239705,0.037375
106,1.74424,1.43045,-0.410053,0.00741467,0.820096,0.793919,1.63204,1.44502,4.75164,0.252862,0.935882,1.35236,4.76206,0.011254,0,0,0,0,0,-0.0661092,-0.107893,0.615812,0.0832872,0.996531,0.999735,0.00205421,0.000758052,0.0143214,0.0212932,-0.00496244,0.000148107,0.000150855,0.0712465
107,2.9571,0.208173,0.0737204,0.0147897,0.0703977,0.528061,1.28989,1.79548,4.88758,0.386766,1.29328,2.32207,0.606189,0.00313709,0,0,0,0,0,-0.0604851,-0.0780191,0.40772,0.0567244,0.99839,0.99875,0.00397038,0.000164971,0.0208017,0.0255226,-0.00792228,-0.000668756,-0.000135393,0.0841975
108,2.07947,2.00191,0.753048,0.00799971,0.962705,0.832152,2.18812,1.78595,7.97748,0.274163,1.12744,2.01355,8.41948,0.0183974,0,0,0,0,0,-0.101273,-0.221598,0.783082,0.0772998,0.997013,1.00014,0.00134254,0.00191426,0.0073639,0.0237044,-0.00487761,-0.000134226,-0.000173849,0.0979414
109,0.962663,1.29048,-0.866636,0.845766,1.34053,0.909964,1.33106,0.88808,2.56039,0.286107,1.30668,1.16044,0.942348,0.00379365,0,0,0,0,0,-0.149675,-0.199226,0.998586,0.0124484,0.99994,0.993992,-0.0021804,0.00142121,0.00261083,0.0165472,-0.00630929,-0.000584007,-0.000841326,0.117093
110,1.4375,1.36862,0.713212,0.0615974,0.952086,0.829473,1.49956,1.23188,3.76623,0.29509,0.631864,0.778383,2.87367,0.00756577,0,0,0,0,0,-0.0650757,-0.0975851,0.897845,0.0683247,0.997667,0.994793,-7.15256e-07,0.00143576,0.0148063,0.0168249,-0.00367837,0.000432947,-0.000948235,0.0340762
111,1.45396,0.119337,0.360341,0.0628002,0.0820777,0.532708,0.642709,0.888931,1.20327,0.259106,0.250672,0.222831,1.43791,0.00476155,0,0,0,0,0,-0.0172268,-0.0110718,0.599107,0.0615088,0.998107,0.998553,0.000831962,-0.000291504,0.0260806,0.0118117,-0.00642563,0.00016114,-9.0452e-05,0.00357644
112,1.42401,-0.859434,0.0622002,0.0123,-0.603531,0.273078,0.238812,0.54031,0.348966,0.312641,0.431826,0.23332,0.560841,0.00304852,0,0,0,0,0,-0.0075073,-0.00179283,0.151559,0.0598109,0.99821,0.997771,0.00213492,-5.94258e-05,0.0417946,0.0131861,-0.00643407,0.000116532,3.64679e-05,0.0309661
113,1.30556,3.17505,-1.51363,4.54705,2.43194,0.992491,3.17838,1.29644,11.7829,0.496946,3.03673,3.93693,0.709829,0.00333951,0,0,0,0,0,-0.348234,-1.10682,0.999706,0.0114829,0.999938,0.997141,-0.00693834,0.00317764,0.00209116,0.0243623,0.000954013,-0.000385536,-0.00072797,0.263425
114,1.77411,1.41508,0.0958289,0.0111356,0.797627,0.787457,1.62972,1.45899,4.78465,0.13186,0.503529,0.734642,0.908112,0.00372678,0,0,0,0,0,-0.0522991,-0.0852331,0.905474,0.115828,0.993344,1.00553,0.000675797,0.0010184,0.0116698,0.010414,-0.00846352,2.88934e-05,4.49851e-05,0.0162568
115,0.792059,-0.334516,0.0251424,0.00980332,-0.422337,0.336389,0.177302,0.347016,0.151856,0.252901,0.469108,0.162788,0.253934,0.00244909,0,0,0,0,0,-0.0298145,-0.00528618,0.554067,0.0697012,0.997568,0.997903,-0.000910044,-0.000531554,0.0330545,0.0228643,-0.00576943,-0.000856499,-0.000474957,0.0379451
116,2.73594,3.20502,0.0693063,0.00865024,1.17145,0.879292,3.36699,2.45763,17.3765,0.128245,1.01174,2.48648,0.745175,0.00340855,0,0,0,0,0,-0.105963,-0.356778,0.91305,0.121681,0.992743,1.01131,0.0015645,0.00189972,0.00483864,0.00581965,-0.012605,-2.05746e-05,-4.27871e-05,0.0331475
117,1.31019,0.964377,-0.749906,1.49469,0.736059,0.769153,1.14231,1.05612,2.42026,0.286515,1.43834,1.51906,0.613382,0.00315114,0,0,0,0,0,-0.164943,-0.188416,0.999723,0.0168194,0.999874,0.994373,-0.00231111,-0.000466943,0.00290672,0.0191856,-0.00612893,-5.91227e-05,1.45559e-05,0.123573
118,1.09346,0.492081,-0.331084,0.0277889,0.450022,0.673653,0.72588,0.797476,1.16287,0.356594,0.252826,0.201622,1.9861,0.00583223,0,0,0,0,0,-0.0165426,-0.012008,0.570414,0.0429551,0.999079,0.996915,-0.000289917,-0.000106126,0.0364651,0.0318797,-0.00415039,0.00144031,0.00127838,0.0183895
119,2.56452,2.12665,0.0970924,0.0045029,0.829258,0.796521,2.41739,2.13098,10.3849,0.277462,1.10324,2.35097,1.4469,0.0047791,0,0,0,0,0,-0.0854141,-0.206479,0.674944,0.0796118,0.996896,1.00869,0.00201678,0.001647,0.0245154,0.0484929,-0.00624851,0.00017694,0.000142647,0.080368
120,1.96968,1.65768,0.21962,0.00895959,0.841601,0.799994,1.87514,1.64336,6.21678,0.21731,0.826183,1.35771,2.32022,0.0064848,0,0,0,0,0,-0.0750056,-0.140646,0.791452,0.0829053,0.996561,0.999122,0.000931025,0.00143492,0.0078373,0.0116444,-0.00399311,-9.26675e-05,-4.49846e-05,0.0554817
121,1.16511,-0.295173,-0.29844,0.0182736,-0.253343,0.400002,0.332172,0.5788,0.445347,0.36988,0.290891,0.168367,2.20772,0.00626508,0,0,0,0,0,-0.00235924,-0.000783673,0.0707048,0.0505466,0.998729,0.995014,0.00105143,-0.000251323,0.0288696,0.012068,-0.00882834,-0.000218283,9.40013e-05,0.00608729
122,1.50755,-0.228771,0.387542,0.0180831,-0.15175,0.439692,0.490146,0.803542,0.885923,0.394883,0.335858,0.269876,2.88193,0.00758189,0,0,0,0,0,-0.00667732,-0.00327286,0.173322,0.0497984,0.99876,0.997512,-0.000262856,-0.000255108,0.0352371,0.0353945,-0.00290144,0.0013835,0.00077688,0.0181844
123,4.12611,2.1427,0.28231,0.13416,0.519304,0.698226,2.92132,3.10514,18.176,0.19634,1.00083,3.1077,0.77075,0.0034585,0,0,0,0,0,-0.102506,-0.299454,0.892892,0.110232,0.993906,0.994472,0.00110865,0.00207877,0.00678663,0.0197384,-0.00657441,-0.000134274,0.000352088,0.00490497
124,1.11784,-0.263658,-0.313988,0.00537307,-0.235864,0.406769,0.325776,0.562498,0.422535,0.191406,0.302969,0.17042,4.28353,0.0103194,0,0,0,0,0,-0.0139219,-0.00453541,0.400596,0.0698836,0.997562,1.00126,0.000654697,1.34408e-05,0.0417307,0.0222912,-0.00532233,0.000630875,0.00040736,0.0236361
125,1.46237,2.75325,-1.53602,4.04289,1.88273,0.970132,2.76996,1.42443,9.7017,0.469008,2.83053,4.03189,0.763924,0.00344516,0,0,0,0,0,-0.324593,-0.899113,0.999721,0.0134256,0.999917,0.99619,-0.00637996,0.00325227,0.00215374,0.0271381,-0.00651397,0.000964943,0.00141707,0.244473
126,0.785137,-0.0381802,0.70112,0.0526257,-0.0486287,0.480608,0.295752,0.444341,0.284908,0.317286,0.28182,0.125224,3.05628,0.00792243,0,0,0,0,0,-0.0205706,-0.0060838,0.63633,0.0471402,0.998897,0.994759,-1.88947e-05,0.000394002,0.0353994,0.0160285,-0.00879044,-0.00163558,-0.00234379,0.0174644
127,1.23259,0.796512,-0.480633,1.13899,0.646209,0.740928,0.990561,0.965469,1.91334,0.254978,1.25637,1.21299,0.450354,0.00283272,0,0,0,0,0,-0.144003,-0.142644,0.999217,0.015098,0.999887,0.99864,-0.00178313,-0.000362754,0.00344047,0.0179708,-0.00350449,-9.1723e-05,-0.000148804,0.107247
128,3.79998,0.566562,0.5447,0.0239185,0.149096,0.559261,1.80708,2.41693,9.10709,0.36037,1.28225,3.09911,3.52201,0.00883205,0,0,0,0,0,-0.0467357,-0.0844554,0.317748,0.081943,0.996702,1.00805,0.00310969,0.000155449,0.0158154,0.0129776,-0.00977342,9.26981e-05,4.62899e-05,0.0949312
129,1.35363,3.06694,-0.533083,0.728249,2.26572,0.988266,3.07214,1.34004,11.2337,0.807438,2.52279,3.38066,0.624676,0.0031732,0,0,0,0,0,-0.28832,-0.88576,0.996323,0.0182926,0.999836,0.997274,-0.00574803,0.00443745,0.00416912,0.0516109,-0.00346956,0.0027558,-0.00152018,0.208809
130,1.21893,-0.124367,0.254064,0.0130907,-0.10203,0.459367,0.426609,0.668618,0.629046,0.349922,0.354538,0.237051,2.22055,0.00629014,0,0,0,0,0,-0.0142709,-0.0060881,0.35091,0.0513918,0.99868,0.996728,0.000177264,-0.000343449,0.0445871,0.0208349,-0.00825406,0.000507812,0.000303,0.0164948
131,1.27985,0.730315,-0.49707,1.07187,0.570623,0.715873,0.955089,0.979182,1.87099,0.257745,1.20294,1.1779,0.480116,0.00289085,0,0,0,0,0,-0.137704,-0.131519,0.997945,0.0142993,0.999905,0.995995,-0.0013957,-0.000154018,0.0031667,0.0176739,-0.00199783,-0.000421562,-0.000726746,0.10317
132,1.32068,0.586533,0.290976,0.0148401,0.444114,0.67152,0.871744,0.960622,1.68273,0.196845,0.360122,0.345941,2.38857,0.0066183,0,0,0,0,0,-0.0299389,-0.0260991,0.724759,0.0627884,0.99803,1.00051,0.00036931,0.000595987,0.0343483,0.0126585,-0.0121712,5.23608e-05,9.96736e-05,0.0204605
133,1.41123,4.25213,-1.55082,7.0402,3.01306,0.998707,4.2526,1.40968,20.0718,0.617753,3.93375,5.54532,0.584477,0.00309468,0,0,0,1,0,-0.45111,-1.91839,0.999728,0.0130796,0.999915,1.00121,-0.0106428,0.00212669,0.00213744,0.027788,-0.0204679,7.23469e-05,0.00035913,0.339059
134,1.55642,-0.0281516,0.249141,0.00376776,-0.0180873,0.492785,0.610054,0.896838,1.17648,0.18812,0.605633,0.543154,4.05885,0.00988057,0,0,0,0,0,-0.0287237,-0.017523,0.413465,0.0994168,0.995075,1.00273,0.00173628,0.000168739,0.0241305,0.0131346,-0.00844925,-0.000146483,-0.000124772,0.0341266
135,1.30776,0.824949,-0.856883,0.587572,0.630813,0.735919,1.03568,1.0194,2.11179,0.520489,1.03005,1.05002,1.11787,0.00413646,0,0,0,0,0,-0.11109,-0.115054,0.940214,0.0886725,0.996062,0.997677,-0.00474429,0.000730157,0.0131357,0.0265061,-0.00923558,0.000558083,0.00191012,0.0987389
136,1.2271,0.0975163,-0.104624,0.00784209,0.0794687,0.53167,0.540829,0.749079,0.853615,0.258182,0.294312,0.220463,1.18145,0.00426064,0,0,0,0,0,-0.00669829,-0.00362263,0.19841,0.0713064,0.997455,0.99641,0.000540257,-0.000139967,0.0399441,0.011099,-0.00843462,0.000143843,-5.79841e-05,0.0139801
137,1.27417,0.926638,0.425989,0.015022,0.727251,0.766464,1.10238,1.02417,2.26415,0.20797,0.619545,0.634517,3.47564,0.00874149,0,0,0,0,0,-0.0599566,-0.0660948,0.843667,0.0679353,0.99769,0.99703,0.000727534,0.000856876,0.0155919,0.0155331,-0.00709716,-5.31801e-05,0.000365835,0.0453184
138,0.630762,-0.281647,0.603513,0.0298354,-0.446518,0.327611,0.135668,0.271434,0.0920821,0.420979,0.345103,0.0936728,3.49398,0.00877731,0,0,0,0,0,-0.0143423,-0.00194578,0.362306,0.0746733,0.997211,0.999582,-0.00986308,-0.0062561,0.0607462,0.0214007,-0.00413566,-0.0043094,-0.00185456,0.0274037
139,0.707491,-0.220616,0.487612,0.00472521,-0.311829,0.377585,0.186708,0.336571,0.14814,0.193208,0.285119,0.0959628,7.09355,0.0158077,0,0,0,0,0,-0.0166429,-0.00310735,0.508872,0.0940119,0.995577,0.999015,0.000460207,8.70526e-05,0.0465419,0.017783,-0.00831015,-0.00174132,-0.000393849,0.0212125
140,2.97073,3.75182,0.0200491,0.00780611,1.26293,0.896693,3.89533,2.71372,22.5378,0.0984902,1.02623,2.78491,0.226922,0.00239633,0,0,0,0,0,-0.113643,-0.442677,0.965391,0.11435,0.993451,0.997922,0.00197887,0.00182486,0.0038789,0.00202323,-0.00530963,-4.70872e-05,-3.35738e-05,0.000293595
141,2.54909,2.14218,-0.471955,0.00995842,0.840372,0.79965,2.42436,2.12591,10.397,0.252272,1.18188,2.51258,4.72939,0.0111902,0,0,0,0,0,-0.113889,-0.276108,0.840066,0.158009,0.988405,1.03213,0.00221086,0.00155449,0.0207226,0.0417681,-0.00860551,-0.000168869,-0.000367736,0.0940087
142,0.84107,-0.162326,0.134737,0.0113362,-0.192999,0.42348,0.258182,0.43668,0.257347,0.2611,0.215651,0.0941705,1.26547,0.00442475,0,0,0,0,0,-0.00498802,-0.00128782,0.201643,0.0821769,0.996626,1.0008,0.00122648,-0.000216752,0.0524249,0.0166892,-0.00780134,-2.55695e-05,-8.88423e-05,0.00441224
143,1.60413,2.4094,-1.08713,3.63657,1.502,0.933451,2.45644,1.51197,8.32017,0.445344,2.62583,3.97018,0.570081,0.00306656,0,0,0,0,0,-0.301127,-0.739702,0.999748,0.0139019,0.999904,0.998569,-0.00524437,0.00314713,0.00228287,0.0286498,-0.00846073,0.000120729,0.000175048,0.227932
144,2.14253,1.5872,1.46218,0.00928791,0.740804,0.770594,1.87572,1.72971,6.51021,0.30028,0.90144,1.55923,15.172,0.0315859,0,0,0,0,0,-0.0764651,-0.143427,0.739492,0.106845,0.99434,1.00568,0.00190997,0.00126052,0.0161952,0.0233355,-0.0059731,5.57854e-06,-0.000224996,0.0556996
145,1.87618,2.65779,0.429312,0.124017,1.4166,0.9217,2.72554,1.74814,10.4845,0.406747,1.20981,2.11492,1.21908,0.00433414,0,0,0,0,0,-0.124418,-0.339106,0.896547,0.0652182,0.997871,0.998674,0.00117505,0.00154233,0.0112281,0.0274171,-0.0070161,0.00119176,-0.00155991,0.0902951
146,2.73823,1.28164,0.13715,0.0116639,0.468054,0.680127,1.84922,2.01339,7.47335,0.324607,1.25768,2.5322,1.26991,0.00443343,0,0,0,0,0,-0.0648053,-0.119839,0.449208,0.0747984,0.997227,1.00476,0.00385261,0.000387192,0.0165046,0.0303166,-0.00748914,-0.000454512,-0.000224681,0.0707681
147,1.33499,0.770058,-0.492737,0.47536,0.576825,0.717971,1.00252,1.02332,2.05223,0.418128,1.17836,1.20583,0.714668,0.00334896,0,0,0,0,0,-0.130662,-0.130991,0.966668,0.0238016,0.999725,0.995564,-0.000942707,0.000526905,0.00663343,0.0243451,-0.00642772,-0.000958803,0.000216478,0.0978163
148,2.15736,1.1569,-0.404421,0.0110933,0.536257,0.704109,1.55363,1.63334,5.08158,0.233596,0.805924,1.31635,3.83975,0.00945263,0,0,0,0,0,-0.0513004,-0.0797018,0.554924,0.0982692,0.995199,1.00406,0.00110841,0.000648022,0.0169376,0.0164582,-0.0106257,-1.58917e-05,-0.000125749,0.0630179
149,2.17346,2.9396,0.15179,0.0568045,1.3525,0.911892,3.02914,2.00817,13.2084,0.365814,1.26995,2.55028,0.636872,0.00319702,0,0,0,0,0,-0.138992,-0.421027,0.954134,0.055031,0.99849,0.995251,0.00158286,0.00209832,0.0105744,0.0392064,-0.00392875,0.00069037,0.000193905,0.102104
150,1.23454,3.40912,-1.39064,4.72638,2.76145,0.997123,3.41022,1.23121,13.1454,0.505104,3.17642,3.91084,0.639659,0.00320246,0,0,0,0,0,-0.364253,-1.24218,0.999705,0.0116509,0.999937,0.996906,-0.00764811,0.00287151,0.00194006,0.0237819,-0.00243241,-0.000236623,-0.000243704,0.276342
151,1.47739,1.55587,-0.0805656,0.00541608,1.05312,0.853857,1.66874,1.29329,4.45729,0.104724,0.738261,0.954783,1.09473,0.00409127,0,0,0,0,0,-0.0774215,-0.129197,0.914236,0.0848256,0.996397,0.994772,0.000828624,0.00118124,0.00846709,0.00581441,-0.00597881,-1.08419e-05,-0.000106103,0.0482741
152,3.30198,3.59569,0.0836781,0.0160043,1.08895,0.861911,3.83076,2.91291,23.1598,0.387625,1.79214,5.22035,0.661444,0.00324501,0,0,0,0,0,-0.149967,-0.574487,0.729508,0.0878041,0.99623,1.00978,0.00510955,0.00193715,0.00935633,0.0283083,-0.0113346,-0.000114667,-0.000260078,0.132656
153,1.21045,0.365429,-0.127049,0.248114,0.301896,0.618634,0.689225,0.826029,1.15735,0.322957,0.909742,0.751473,0.255061,0.00245129,0,0,0,0,0,-0.0979856,-0.0675341,0.938968,0.0232688,0.999735,0.996223,-0.000490069,0.000194281,0.0069105,0.0220921,-0.00409677,-0.00115711,-0.00109637,0.0749953
154,1.19473,0.333978,-0.529129,0.629785,0.279542,0.610086,0.66325,0.807291,1.09162,0.23525,0.876195,0.707344,0.666753,0.00325538,0,0,0,0,0,-0.0993725,-0.0659089,0.988718,0.0178266,0.999846,0.996816,-0.000578761,-5.93066e-06,0.00425833,0.0150467,-0.00857388,0.00109283,0.00189499,0.0741534
155,1.12983,5.07654,-1.61082,7.4727,4.49321,0.999996,5.07654,1.12982,27.0478,0.63504,4.40206,4.97354,0.58926,0.00310402,0,0,0,1,0,-0.504717,-2.56222,0.999537,0.00937293,0.999958,1.00181,-0.00298738,0.0140395,0.0018514,0.0246243,-0.0110805,-0.00119904,-0.00123287,0.379233
156,1.57991,-0.84603,0.880991,0.105546,-0.535491,0.296155,0.290832,0.636179,0.489307,0.724959,0.485807,0.30906,2.71175,0.00724952,0,0,0,0,0,-0.00434137,-0.00126261,0.0779059,0.04642,0.998922,0.998685,0.00178993,-0.00227988,0.0374956,0.0384831,-0.00693861,0.00441359,0.00145295,0.0226551
157,1.20154,4.06533,-1.25893,5.53372,3.38344,0.999642,4.06544,1.20117,17.9706,0.54512,3.66973,4.40796,0.535172,0.00299838,0,0,0,1,0,-0.420783,-1.71067,0.99961,0.0124977,0.999931,0.995608,-0.00939715,0.0028348,0.001801,0.0251209,-0.00271069,0.000170751,0.000493101,0.317514
158,2.32987,2.62689,-0.130001,0.00978824,1.12748,0.870231,2.77971,2.07268,12.0228,0.144808,1.18693,2.46012,1.314,0.00451952,0,0,0,0,0,-0.130867,-0.363772,0.961197,0.103616,0.994635,1.00053,0.00174379,0.00189114,0.00341691,0.011175,-0.00660081,9.71151e-05,-0.000287524,0.0841963
159,2.48564,1.27398,0.350878,0.0196134,0.512535,0.695862,1.74913,1.86486,6.53716,0.298429,0.919392,1.71454,2.50541,0.00684651,0,0,0,0,0,-0.0502496,-0.0878931,0.476474,0.0934673,0.995636,1.00077,0.00126243,0.000537992,0.0181286,0.015072,-0.00440866,0.000352301,-0.000286407,0.083844
160,1.36531,1.20381,-1.00642,0.501156,0.881713,0.811034,1.34214,1.15338,3.13163,0.469307,1.45042,1.67289,1.42165,0.00472979,0,0,0,0,0,-0.162325,-0.217863,0.975664,0.0310637,0.999519,0.997607,-0.00188231,0.000682116,0.00705925,0.0292694,-0.00754115,-0.002999,-0.00253455,0.125603
161,1.16592,-0.490205,0.257828,0.00930799,-0.420445,0.33708,0.26179,0.511531,0.330198,0.25142,0.297772,0.152319,2.6724,0.00717266,0,0,0,0,0,-0.00358085,-0.000937431,0.104836,0.0698521,0.997558,0.998849,0.00185621,2.95043e-05,0.0542408,0.0147474,-0.0030687,-9.55412e-05,-0.000130912,0.0237546
162,1.57001,1.39272,0.393018,0.18263,0.887075,0.812481,1.55057,1.32774,4.16715,0.243415,0.611178,0.811486,0.919658,0.00374933,0,0,0,0,0,-0.0678165,-0.105154,0.96733,0.0961421,0.995378,0.999872,-0.000301957,0.00209141,0.00782031,0.0217089,-0.00740958,0.000694517,-0.000570073,0.0462718
163,1.19715,7.85043,-3.43333,30.8386,6.55758,1,7.85043,1.19715,63.0624,1.27311,6.40571,7.66862,0.618255,0.00316065,0,0,0,1,0,-0.734588,-5.76683,0.999731,0.00553571,0.999994,0.995775,-0.0137838,0.00667524,0.00178829,0.0179731,-0.00728363,-0.00499171,-0.00610345,0.559649
164,2.29733,1.68126,-0.0479235,0.133556,0.731829,0.767864,1.99559,1.84931,7.40232,0.327125,0.553861,1.02426,0.131134,0.00220925,0,0,0,0,0,-0.0540564,-0.107874,0.850849,0.0980541,0.995182,0.99414,0.000459194,0.00156879,0.006526,0.0259581,-0.00448473,0.000380832,-0.000913753,0.00287802
165,1.45973,0.859287,-0.771037,0.665452,0.58866,0.721955,1.10932,1.12302,2.49176,0.370401,1.35329,1.51977,0.945185,0.00379919,0,0,0,0,0,-0.152773,-0.169474,0.984157,0.0158009,0.999877,0.997784,-0.00120306,-8.81553e-05,0.0054878,0.0266578,-0.00811471,0.000778694,0.00224316,0.116381
166,0.999799,0.0270515,0.166754,0.0426182,0.0270569,0.510793,0.414448,0.591684,0.521856,0.165399,0.369393,0.218564,0.807751,0.00353076,0,0,0,0,0,-0.0353426,-0.0146477,0.834099,0.058738,0.998274,0.997043,-0.000200629,7.39712e-05,0.0164488,0.0130402,-0.00320255,-0.000870765,-0.000985546,0.0322239
167,1.51603,0.393108,-0.225207,0.00872888,0.259301,0.602298,0.822053,1.01532,1.70665,0.246069,0.504002,0.511726,2.41047,0.00666108,0,0,0,0,0,-0.0420204,-0.034543,0.726833,0.0696192,0.997575,0.999398,0.000407815,0.000530124,0.0269216,0.00977204,-0.00915832,5.34403e-05,-8.10648e-05,0.0316058
168,0.822775,-0.128727,0.398548,0.104441,-0.156455,0.437837,0.265571,0.437371,0.261822,0.311533,0.373703,0.163447,1.23324,0.00436179,0,0,0,0,0,-0.0301564,-0.00800866,0.703492,0.111322,0.993785,0.995202,-0.00144362,0.0011555,0.0275397,0.00715835,-0.00564145,0.000718573,0.000479418,0.0276461
169,1.31855,3.73598,-1.54257,5.53179,2.8334,0.997697,3.73693,1.31562,15.6955,0.549347,3.4732,4.56939,0.655861,0.0032341,0,0,0,0,0,-0.398273,-1.48832,0.999673,0.0133208,0.999913,1.00174,-0.00957537,0.00160718,0.00215451,0.0257423,-0.00607427,-0.000143469,-9.57643e-05,0.302094
170,2.70504,3.70564,-0.446623,0.0240625,1.3699,0.914641,3.81334,2.50499,20.8165,0.215531,1.4618,3.66178,2.87919,0.00757655,0,0,0,0,0,-0.160496,-0.612025,0.957157,0.153747,0.988226,1.00336,0.00191379,0.00251651,0.00581755,0.011702,-0.0172097,0.000261683,-0.00036528,0.1066
171,2.87829,0.198356,0.220654,0.0179082,0.0689147,0.527471,1.25338,1.7461,4.61984,0.376952,1.35382,2.3639,1.64887,0.00517357,0,0,0,0,0,-0.0627343,-0.0786299,0.403973,0.0728722,0.997359,1.00338,0.00328994,0.000114202,0.0171488,0.0206919,-0.00932965,-0.000266732,-7.36198e-05,0.104443
172,2.67404,0.718933,0.320971,0.0146475,0.268857,0.60598,1.46626,1.79839,5.38414,0.280436,1.02487,1.84313,2.65207,0.00713295,0,0,0,0,0,-0.0499262,-0.0732049,0.424683,0.0848445,0.996475,1.00918,0.00216174,0.000182688,0.0140915,0.0163429,-0.00747759,-4.67721e-05,8.9788e-05,0.0702195
173,1.39148,0.453655,-0.31028,0.00405496,0.326023,0.627796,0.81371,0.959805,1.58335,0.163922,0.451769,0.43361,4.8726,0.0114699,0,0,0,0,0,-0.0399398,-0.0324994,0.770719,0.125851,0.992192,1.00902,0.00085783,0.000529736,0.0225187,0.0148994,-0.0114681,-4.55569e-05,-0.000150673,0.0327353
174,1.08273,1.32906,-1.27984,1.33209,1.2275,0.890184,1.3844,0.984731,2.88627,0.275143,1.56294,1.53908,1.10889,0.00411892,0,0,0,0,0,-0.179246,-0.248149,0.999802,0.0164044,0.999869,0.99736,-0.00320792,0.000930667,0.00266206,0.0188131,-0.00896879,-0.000120329,-0.000394276,0.134759
175,1.40931,-0.476378,0.395992,0.00502304,-0.338023,0.367673,0.358538,0.657496,0.56085,0.206431,0.716036,0.47079,5.58731,0.0128658,0,0,0,0,0,-0.0294337,-0.0105531,0.358358,0.0771301,0.997046,1.00406,0.00305712,0.000184476,0.0169481,0.0145961,-0.00579741,-0.000353279,-0.000142686,0.0427595
176,3.61062,1.89183,-0.0957412,0.00733082,0.523964,0.699848,2.56708,2.72295,14.0043,0.405108,1.43822,3.91619,1.11821,0.00413712,0,0,0,0,0,-0.0715927,-0.183784,0.433961,0.0593133,0.99825,1.00291,0.00124264,0.00120795,0.0125381,0.0283287,-0.00779392,0.000106277,3.36591e-05,0.0989094
177,2.23743,0.174159,0.0319639,0.0103689,0.0778389,0.531022,0.984295,1.36451,2.83073,0.318314,0.997977,1.36175,0.313903,0.00256622,0,0,0,0,0,-0.0456093,-0.044893,0.398418,0.0787944,0.996923,1.00494,0.00305724,0.000331119,0.0203028,0.018364,-0.0145282,0.000131939,0.000130394,0.0606201
178,1.53921,1.806,0.771921,0.136267,1.17333,0.879668,1.8967,1.38321,5.51072,0.384518,0.921445,1.27455,2.09111,0.00603733,0,0,0,0,0,-0.093889,-0.178079,0.888284,0.0875675,0.996162,0.998859,0.000144124,0.00131118,0.0125347,0.0219703,-0.0150077,0.0009113,-0.00170348,0.066772
179,1.27409,1.1648,-0.304141,0.0214007,0.914223,0.8197,1.28787,1.08341,2.83238,0.182924,0.531859,0.576221,2.07903,0.00601373,0,0,0,0,0,-0.053392,-0.068762,0.875158,0.0818413,0.996646,0.996135,0.000651121,0.000738859,0.0109406,0.0110602,-0.00544108,0.00013344,-0.000166904,0.0361511
180,2.06475,0.867417,0.0825925,0.00704122,0.420107,0.662796,1.33128,1.48563,3.97942,0.240708,0.799889,1.18834,0.984276,0.00387554,0,0,0,0,0,-0.042741,-0.0569003,0.465824,0.0682355,0.99775,1.01043,0.00225449,0.000229537,0.0175155,0.0122009,-0.0115013,-0.000238337,5.10763e-06,0.0456259
181,1.44206,3.21944,-0.248041,0.251532,2.23253,0.98721,3.2258,1.42572,12.4385,0.525679,1.86307,2.65623,0.49457,0.00291908,0,0,0,0,0,-0.207052,-0.66791,0.968851,0.0250226,0.999689,0.997798,0.00456178,0.000692606,0.00471214,0.0346219,-0.00502185,0.00146721,-0.000298444,0.148216
182,1.32384,1.74342,-1.06122,2.22503,1.31694,0.906071,1.80169,1.21758,4.72858,0.347075,1.97501,2.40474,0.711436,0.00334265,0,0,0,0,0,-0.226525,-0.408128,0.999892,0.0160686,0.999878,0.996008,-0.00428772,0.00122845,0.00244501,0.0222946,-0.00393473,4.63665e-05,5.10274e-05,0.171706
183,3.15819,4.03357,0.108766,0.0108082,1.27718,0.89923,4.18255,2.89011,25.8465,0.140847,1.22867,3.55099,1.04621,0.0039965,0,0,0,0,0,-0.128895,-0.539112,0.914553,0.107188,0.994242,0.996815,0.00193906,0.00231791,0.00478925,0.00860013,-0.00613786,7.75826e-05,-0.000141766,0.0377052
184,3.50392,0.804467,-0.32284,0.0170172,0.229591,0.590795,1.83359,2.31645,8.72802,0.345546,1.38307,3.20382,2.47481,0.00678675,0,0,0,0,0,-0.0519069,-0.0951761,0.32718,0.0736531,0.99735,1.00883,0.00392175,-0.000220299,0.0225354,0.0273362,-0.0122811,-0.000423902,-9.12158e-05,0.0738002
185,2.06306,1.86835,-0.265812,0.00486656,0.905623,0.817432,2.07021,1.75125,7.35264,0.296707,0.934389,1.63634,3.81033,0.00939518,0,0,0,0,0,-0.0556348,-0.115176,0.51907,0.0606684,0.998166,1.00222,0.000559807,0.0011673,0.0130907,0.0291428,-0.00724217,-3.78229e-05,0.000153198,0.048119
186,1.17828,0.100438,0.161426,0.238028,0.0852414,0.533965,0.52271,0.721732,0.794123,0.443461,0.621793,0.448768,0.330872,0.00259936,0,0,0,0,0,-0.0636714,-0.0332817,0.892699,0.0413029,0.999155,0.995117,-0.00141168,-0.00258949,0.0157867,0.0345031,-0.00243412,-0.00573585,-0.00861108,0.0523301
187,2.48705,2.95505,-0.0965394,0.0091863,1.18817,0.882617,3.09623,2.24238,14.6149,0.204058,1.37335,3.07957,1.00724,0.0039204,0,0,0,0,0,-0.14462,-0.447778,0.918024,0.103622,0.994745,1.01074,0.00267982,0.00192237,0.00879945,0.0230009,-0.00980055,3.26128e-05,-0.000219562,0.112269
188,1.4796,-0.761874,0.110576,0.012438,-0.514918,0.303305,0.281562,0.60556,0.44598,0.310486,0.453737,0.274765,0.991485,0.00388962,0,0,0,0,0,0.00312158,0.000878918,0.0599759,0.0590635,0.998255,0.999777,0.00304186,-0.000155628,0.0342446,0.0270696,-0.00606327,0.00158065,0.000336496,0.0168347
189,1.90836,0.547122,-0.00774793,0.00412149,0.286697,0.612828,1.06812,1.29357,2.81422,0.20478,0.853886,1.10456,0.120686,0.00218884,0,0,0,0,0,-0.0444178,-0.0474437,0.453486,0.0857351,0.996391,1.00842,0.00211322,0.000246644,0.0172645,0.00900805,-0.00927939,6.34075e-06,1.7795e-05,0.0628259
190,2.00097,1.61893,0.0451954,0.0147781,0.809071,0.790763,1.8555,1.65172,6.17108,0.213028,0.926259,1.52992,0.371778,0.00267925,0,0,0,0,0,-0.0912292,-0.169276,0.858635,0.122824,0.99254,1.00743,0.000968218,0.00173807,0.0110374,0.0239439,-0.0201495,-0.000346248,0.000300644,0.0721361
191,0.84432,-0.380657,0.0517157,0.00273897,-0.450845,0.326051,0.180277,0.362172,0.163668,0.159587,0.228338,0.0826976,0.988163,0.00388313,0,0,0,0,0,-0.00832833,-0.00150141,0.317971,0.0785655,0.996912,0.999498,0.000569522,0.000202239,0.0523439,0.0156427,-0.00478185,0.000336615,0.000238116,0.0154771
192,1.9551,0.0857869,0.644869,0.0148715,0.0438786,0.517499,0.826892,1.16861,2.0494,0.345159,0.995688,1.16357,5.28803,0.0122813,0,0,0,0,0,-0.0486071,-0.0401928,0.425582,0.0534328,0.998573,0.997021,0.00197279,0.00033766,0.0176,0.0196708,-0.00836181,-7.48102e-06,0.000134794,0.0718443
193,1.47028,2.78467,-1.49725,4.13564,1.89397,0.970886,2.80083,1.43339,9.89926,0.474019,2.85534,4.09281,0.736245,0.0033911,0,0,0,0,0,-0.327463,-0.91717,0.999798,0.0143837,0.99992,0.993116,-0.00628209,0.00342226,0.00206775,0.0269223,-0.00415934,2.39884e-05,6.56722e-05,0.247098
194,1.43927,-0.463035,0.252666,0.00705119,-0.321715,0.373834,0.374669,0.679681,0.602342,0.253654,0.438184,0.297825,3.00896,0.00783,0,0,0,0,0,0.00890103,0.00333494,0.177089,0.0685174,0.997671,1.00418,0.00177228,-0.000144392,0.0279505,0.0243609,-0.00951188,-0.00128038,-0.000320076,0.0272163
195,1.19589,0.249852,0.000996418,0.00977744,0.208927,0.582747,0.610048,0.783573,0.986145,0.224051,0.230457,0.18058,0.0100769,0.00197281,0,0,0,0,0,-0.0122704,-0.00748554,0.464168,0.0696149,0.997576,0.995356,0.000573397,-0.00014773,0.0271888,0.0102134,-0.00425122,0.000148368,1.82991e-05,0.00364904
196,1.62707,2.2975,-0.186227,0.0575679,1.41205,0.921032,2.35684,1.51512,7.85029,0.3099,0.925782,1.40267,0.77616,0.00346906,0,0,0,0,0,-0.09593,-0.226092,0.903343,0.0609953,0.998141,0.99582,0.00207281,0.000629187,0.00964377,0.0215651,-0.00442405,-0.000812231,0.000415638,0.0677734
197,0.948733,0.135918,-0.165299,0.119043,0.143263,0.556959,0.448403,0.601363,0.562703,0.202975,0.571874,0.343904,0.479093,0.00288885,0,0,0,0,0,-0.0609936,-0.0273497,0.929802,0.0401145,0.999199,0.996357,-0.000485718,0.000175893,0.00897901,0.0126853,-0.00574582,-0.000164112,0.000195109,0.0463118
198,1.23561,-1.09165,-0.343622,0.0979582,-0.883486,0.188487,0.124874,0.36411,0.14817,0.785987,0.439995,0.160207,1.09789,0.00409745,0,0,0,0,0,-0.00469119,-0.000585805,0.0929483,0.0557137,0.998452,0.995088,-0.00657523,-0.00570917,0.0417806,0.0314193,-0.00731994,0.0041801,0.000509913,0.0165798
199,1.22533,0.67974,-0.25267,1.07205,0.55474,0.710464,0.899623,0.932924,1.67967,0.252242,1.1734,1.09469,0.244032,0.00242975,0,0,0,0,0,-0.134388,-0.120899,0.99844,0.0146028,0.999896,0.997494,-0.00123107,5.28097e-05,0.00374098,0.0171012,-0.00706554,0.000486304,0.000926643,0.100478
200,2.75263,3.53424,0.0364817,0.0110528,1.28395,0.90042,3.66261,2.52112,19.7708,0.231972,1.64236,4.14058,0.347007,0.00263087,0,0,0,0,0,-0.175078,-0.641244,0.929333,0.0961494,0.995399,1.00342,0.00262976,0.00299001,0.00325417,0.0215985,-0.00884302,5.67014e-05,-0.000335273,0.132073
201,0.841661,-0.581929,0.216867,0.00488897,-0.691405,0.244656,0.123348,0.295179,0.102346,0.180971,0.233794,0.0690111,3.10159,0.00801093,0,0,0,0,0,-0.00143172,-0.0001766,0.0533866,0.0880198,0.996123,0.998998,0.00181758,0.000102639,0.0526186,0.01301,-0.00183787,0.000290869,-6.41602e-06,0.0163054
202,1.70498,1.64842,-1.23431,0.0475271,0.966828,0.833185,1.80008,1.46557,5.38818,0.268487,0.707332,1.03665,5.66179,0.0130113,0,0,0,0,0,-0.0746198,-0.134321,0.919682,0.0964317,0.99534,0.995472,0.00185621,-1.34706e-05,0.0126453,0.0205157,0.00297833,-0.000356008,0.000838438,0.0415171
203,1.53893,-0.379232,-0.149288,0.0760139,-0.246426,0.402676,0.442604,0.768404,0.786342,0.594963,0.368102,0.282851,0.541477,0.0030107,0,0,0,0,0,-0.00489445,-0.0021663,0.115916,0.0505132,0.998724,0.997371,-0.000133276,-0.0022791,0.0325033,0.0279807,-0.0093233,-0.00108673,-0.000707055,0.0160358
204,2.18823,1.78253,0.211657,0.0672776,0.814599,0.792349,2.03834,1.80957,7.42937,0.175554,0.547684,0.991073,0.816014,0.0035469,0,0,0,0,0,-0.0585517,-0.119348,0.932001,0.110636,0.993863,0.99594,0.000728846,0.00127959,0.00503008,0.00892041,-0.00758961,9.1329e-06,-0.000113036,0.00123701
205,1.07074,0.828977,0.165659,0.0606435,0.774211,0.780597,0.964557,0.873847,1.69398,0.25953,0.473587,0.413843,0.672702,0.003267,0,0,0,0,0,-0.0490851,-0.0473454,0.903559,0.0595644,0.998228,0.995541,0.000425935,0.000852048,0.0147393,0.0124479,-0.00625248,-0.000179162,-0.000186078,0.0293999
206,2.00227,2.20361,-1.14051,0.0594145,1.10056,0.864455,2.34278,1.7708,8.62433,0.278742,0.929889,1.64665,4.67899,0.0110918,0,0,0,0,0,-0.10094,-0.23648,0.946323,0.0815744,0.996671,0.999249,0.00226903,0.000484705,0.00993916,0.0118904,-0.0137249,-0.000310527,0.000303394,0.0617214
207,1.43837,-0.168048,0.437694,0.0109038,-0.116832,0.453496,0.492765,0.782239,0.854715,0.286698,0.380969,0.298009,4.19161,0.0101399,0,0,0,0,0,-0.00333056,-0.00164118,0.0762139,0.0673581,0.997729,0.998187,0.000868201,-7.90656e-05,0.0383166,0.01405,-0.00641643,0.000189592,0.000163029,0.0197638
208,1.39926,0.988784,-0.115682,0.00547533,0.706647,0.760107,1.18872,1.11729,2.66139,0.17128,0.421011,0.470392,1.56336,0.00500656,0,0,0,0,0,-0.0372239,-0.0442486,0.770788,0.0850483,0.996396,1.00258,0.000824213,0.000502408,0.0371275,0.0163459,-0.00611101,-0.00023486,0.000278976,0.0272559
209,1.65958,-0.539189,0.161169,0.014061,-0.324894,0.372631,0.430108,0.781868,0.79631,0.320988,0.478707,0.374286,1.35917,0.00460775,0,0,0,0,0,0.00512804,0.00220561,0.0933874,0.0639456,0.997965,1.00275,0.00333416,-0.000126421,0.0389421,0.0298049,-0.00826636,0.000963909,0.000130079,0.018102
210,1.4109,2.15778,-0.375861,0.103295,1.52936,0.936913,2.1961,1.33486,6.60469,0.500667,1.41827,1.89319,1.16946,0.00423723,0,0,0,0,0,-0.153604,-0.337329,0.944167,0.0395559,0.999218,0.998325,-0.00315809,0.00153327,0.0109159,0.0275641,-0.00650003,0.000849872,0.000242446,0.113845
211,1.29255,2.41092,-0.959237,2.92434,1.86525,0.968927,2.42658,1.25731,7.4691,0.399349,2.47571,3.11272,0.560934,0.0030487,0,0,0,0,0,-0.283893,-0.688888,0.999681,0.0137497,0.99991,0.996856,-0.00432634,0.00467491,0.00279413,0.024793,0.00394412,0.00107728,0.00168474,0.214436
212,1.42011,1.23599,-1.12109,0.520862,0.870345,0.807944,1.38295,1.19612,3.34326,0.554637,1.57204,1.88036,1.55338,0.00498708,0,0,0,0,0,-0.174538,-0.241378,0.967906,0.0340011,0.999424,0.997115,-0.00176084,0.00161397,0.00993753,0.0553483,-0.00434762,-0.00358829,0.00148013,0.135108
213,1.83388,1.0812,-0.00219929,0.213321,0.589572,0.722261,1.39491,1.41126,3.93744,0.454073,0.439447,0.620175,0.00476173,0.00196243,0,0,0,0,0,-0.0372567,-0.0519698,0.739102,0.0683254,0.997676,0.992639,0.00575256,-0.00473523,0.0297863,0.0213218,-0.0041971,0.000371382,-0.00160836,0.00461775
214,1.37513,0.707282,0.190304,0.135681,0.514339,0.696493,0.969251,1.03254,2.00559,0.25961,0.303799,0.313685,0.516641,0.00296219,0,0,0,0,0,-0.0275102,-0.0266643,0.789431,0.0727211,0.997353,0.996297,0.000127196,0.000250936,0.0171319,0.0101253,-0.0049697,-7.16208e-05,-0.000238155,0.00309524
215,2.12678,2.76756,-0.122664,0.00873329,1.3013,0.903421,2.86382,1.95218,12.0125,0.145193,1.20634,2.35498,1.31259,0.00451677,0,0,0,0,0,-0.133337,-0.381852,0.963579,0.114661,0.993473,1.00511,0.00177503,0.00193882,0.00292437,0.00815195,-0.0109969,9.62841e-05,-0.00024382,0.0838272
216,0.931102,-0.315357,0.349246,0.0564416,-0.338693,0.367421,0.236654,0.434178,0.244515,0.389519,0.344383,0.149524,1.47005,0.00482431,0,0,0,0,0,-0.0178713,-0.00422931,0.452399,0.0679648,0.997689,0.996166,-0.00249135,-0.00285748,0.0366288,0.0217193,-0.00386123,0.00106314,0.00206776,0.0191831
217,1.7353,1.96246,-0.333311,0.0486479,1.1309,0.870952,2.07541,1.5449,6.69406,0.245545,0.835128,1.29019,1.51119,0.00490466,0,0,0,0,0,-0.0896947,-0.186153,0.936311,0.0643621,0.997928,0.996405,0.000928164,0.00151849,0.00752506,0.00913403,-0.00942295,-0.000249425,0.000105461,0.051632
218,2.26936,0.761995,0.295382,0.00713504,0.335775,0.63148,1.34119,1.57216,4.27047,0.258734,1.05641,1.66085,3.49692,0.00878305,0,0,0,0,0,-0.0639395,-0.0857547,0.527645,0.104636,0.994786,1.01819,0.00373411,0.00027597,0.0163655,0.0625574,-0.00718379,-0.000271522,-0.000641324,0.0802759
219,0.82137,2.15878,-0.00717856,0.542152,2.62827,0.995709,2.15979,0.81839,5.33447,0.305904,1.41177,1.15537,0.00974938,0.00197217,0,0,0,0,0,-0.161651,-0.349132,0.99821,0.0194509,0.999821,0.995282,0.00105751,0.0025332,0.00325852,0.0190684,-0.00413318,-8.30255e-05,7.73532e-05,0.116615
220,0.864247,-0.576403,-0.259726,0.0343127,-0.666942,0.252404,0.131747,0.309868,0.113375,0.466281,0.362298,0.112264,1.40213,0.00469166,0,0,0,0,0,0.00160339,0.000211242,0.0385816,0.0621465,0.998067,0.997526,0.000965774,-0.00218427,0.0300344,0.0190463,-0.00951729,0.000133646,8.92133e-05,0.00522613
221,1.64186,1.65764,-0.114004,0.0262959,1.00961,0.843659,1.79347,1.42402,5.24435,0.299346,0.881686,1.25554,0.70303,0.00332623,0,0,0,0,0,-0.0853314,-0.153039,0.843727,0.0515025,0.998676,0.996161,0.00123835,0.0013901,0.0168755,0.00905784,-0.0102046,0.000112456,-0.000106911,0.0676698
222,2.0164,1.36083,0.125238,0.120241,0.674882,0.750125,1.66436,1.59382,5.31038,0.229443,0.503871,0.80308,0.361168,0.00265853,0,0,0,0,0,-0.0528002,-0.0878788,0.91353,0.106087,0.994357,0.994126,0.000778675,0.00145996,0.00567928,0.00951793,-0.0051825,-3.69145e-05,-1.0905e-05,0.000282469
223,1.05484,-0.84624,-1.62802,0.0604126,-0.802247,0.211205,0.126448,0.334525,0.127896,0.681897,0.504157,0.168653,6.62363,0.0148899,0,0,0,0,0,-0.0062758,-0.000793564,0.10852,0.0820517,0.996635,1.00046,-0.00766253,-0.00639635,0.0351563,0.0529036,-0.00565914,0.0137783,0.00400716,0.0292177
224,1.93846,1.96155,-0.384681,0.100489,1.01191,0.84421,2.12127,1.68209,7.32919,0.238489,0.536775,0.902901,1.2135,0.00432325,0,0,0,0,0,-0.0587618,-0.124649,0.954355,0.0695277,0.997582,0.995765,0.000964046,0.000616074,0.010366,0.0120587,-0.00813072,-0.000307269,0.000392876,0.00210279
225,1.3697,1.9997,-0.49369,0.0709851,1.45996,0.927849,2.04444,1.28365,5.8275,0.340219,0.86964,1.11632,1.85298,0.00557223,0,0,0,0,0,-0.0923085,-0.188719,0.925356,0.0802137,0.996788,1.00129,0.00250947,-0.000302672,0.010582,0.0610156,-0.00415757,-0.00403214,0.00438819,0.0647434
226,2.28182,1.80594,0.061643,0.0848144,0.791446,0.785658,2.08541,1.87273,7.85604,0.189101,0.558638,1.04618,0.211665,0.00236653,0,0,0,0,0,-0.0595638,-0.124215,0.92952,0.0786111,0.996905,0.997426,0.000574589,0.00125372,0.00546917,0.0145187,-0.00413085,0.000226434,-0.000455659,0.00114608
227,1.37146,-0.996991,-0.118134,0.117826,-0.726956,0.233627,0.189257,0.465725,0.252718,0.745796,0.481354,0.224179,0.344155,0.0026253,0,0,0,0,0,0.00853979,0.00161622,0.154664,0.0484578,0.998827,0.996935,-0.00353861,-0.000897706,0.0459587,0.0312525,-0.00691697,-0.00415723,-0.00118419,0.0157671
228,1.34768,1.57884,-0.830287,2.12014,1.17152,0.879305,1.65861,1.21061,4.21655,0.342467,1.87008,2.26394,0.570225,0.00306685,0,0,0,0,0,-0.214453,-0.355693,0.999723,0.0167579,0.999872,0.99482,-0.00387883,0.000713587,0.00269197,0.0222389,-0.00334957,-0.000367967,-0.000436611,0.1624
229,2.03111,1.18093,0.534877,0.226509,0.581421,0.719522,1.53237,1.55912,4.779,0.39455,0.460375,0.717779,1.12386,0.00414816,0,0,0,0,0,-0.0378874,-0.0580574,0.717447,0.0792355,0.996856,0.99597,-0.000136137,0.0012455,0.0144298,0.0314205,-0.00461405,0.000565932,-0.0017798,0.00398892
230,1.23718,7.7266,-3.1911,29.2116,6.24534,1,7.7266,1.23718,61.231,1.23546,6.35716,7.86494,0.590422,0.00310629,0,0,0,1,0,-0.729033,-5.63295,0.99975,0.00399491,0.999993,0.998498,-0.0128213,0.00785351,0.00172852,0.018926,-0.0225527,-0.00407344,-0.00492018,0.552989
231,2.45458,2.97032,-0.0180066,0.0047737,1.21012,0.886883,3.10183,2.22396,14.5674,0.0726545,0.825725,1.83638,0.260617,0.00246214,0,0,0,0,0,-0.0913637,-0.283395,0.964595,0.175549,0.984862,1.01263,0.00145459,0.00157452,0.00379239,0.0130825,-0.00794372,-0.000148747,6.62766e-05,0.000224791
232,2.25174,2.59572,0.365215,0.0261895,1.15276,0.875495,2.73513,2.01434,11.5385,0.301149,1.41522,2.85073,2.25676,0.00636086,0,0,0,0,0,-0.131525,-0.359738,0.810199,0.072794,0.997352,1.00055,0.00174141,0.00196528,0.00890246,0.0193092,-0.00895516,-2.55797e-05,0.000149681,0.106936
233,1.19433,0.679944,-0.708485,0.941944,0.56931,0.715427,0.890076,0.913382,1.6265,0.243573,1.14415,1.04504,0.729992,0.00337889,0,0,0,0,0,-0.130891,-0.116503,0.99732,0.0126004,0.999925,0.996944,-0.000981808,0.000256658,0.00335578,0.0169226,-0.00542972,0.000522628,0.000852106,0.099077
234,2.48563,2.42325,-0.152761,0.0539298,0.974905,0.835196,2.64142,2.1402,11.5575,0.234614,0.720867,1.5428,0.657807,0.0032379,0,0,0,0,0,-0.079011,-0.208701,0.955519,0.0755162,0.99715,0.993998,0.00125337,0.00137734,0.00436521,0.00945856,-0.0061611,-0.000178621,0.000105096,0.000623443
235,0.962686,1.18095,-0.765415,0.897983,1.22672,0.890036,1.23022,0.875469,2.27988,0.247772,1.28925,1.1287,0.807724,0.00353071,0,0,0,0,0,-0.147732,-0.181742,0.998945,0.0126086,0.999922,0.998206,-0.00215739,0.00125968,0.0027954,0.0157046,-0.00191044,-0.000275595,-0.000549107,0.11442
236,1.10931,0.0197305,-0.47412,0.175317,0.0177862,0.507095,0.454703,0.652904,0.633038,0.207363,0.566771,0.370047,1.13234,0.00416472,0,0,0,0,0,-0.0616294,-0.0280231,0.947953,0.03423,0.999419,0.996161,-6.03199e-05,0.000199262,0.00943296,0.0122289,-0.00740072,-0.000616777,-0.000738202,0.0423088
237,1.25543,1.03104,-1.14599,1.43067,0.821271,0.794254,1.17579,1.04046,2.46504,0.282088,1.44208,1.50043,0.958102,0.00382442,0,0,0,0,0,-0.165387,-0.19446,0.999807,0.0164001,0.999869,0.997376,-0.00238621,-0.000205398,0.00287222,0.0191454,-0.00643755,0.00023039,0.000333685,0.124486
238,1.50416,-0.381933,-0.465842,0.0352779,-0.253918,0.39978,0.428521,0.746914,0.74151,0.537024,0.443387,0.331172,2.4802,0.00679727,0,0,0,0,0,-0.000535405,-0.000229432,0.010527,0.0534745,0.99857,0.997414,0.00416195,-0.00107378,0.0316094,0.0381326,-0.0048234,-0.00223743,-0.000973294,0.0140041
239,1.23327,0.719234,-0.318161,1.07068,0.583192,0.720118,0.932096,0.947198,1.76599,0.257941,1.19658,1.13339,0.307481,0.00255367,0,0,0,0,0,-0.137017,-0.127713,0.998251,0.0183019,0.999833,0.998793,-0.00110316,0.000484407,0.00346337,0.0174902,-0.00855899,-0.000767582,-0.00106044,0.101449
240,1.28386,2.55086,-0.950444,3.01463,1.98688,0.976532,2.56193,1.25768,8.14525,0.406778,2.57516,3.23874,0.547406,0.00302228,0,0,0,0,0,-0.295299,-0.756536,0.999687,0.0141467,0.999905,0.996731,-0.00520742,0.00398731,0.0026472,0.0251066,-0.00346141,0.000476487,0.000690291,0.222689
241,0.547686,-0.51308,-0.22584,0.0125616,-0.936816,0.174427,0.051104,0.152938,0.0260017,0.239839,0.248696,0.0380352,2.01502,0.0058887,0,0,0,0,0,-0.000410199,-2.09628e-05,0.0143791,0.0754893,0.997147,0.997612,-0.00309575,-0.00136161,0.0453972,0.0167097,-0.00635126,0.000521344,0.000181057,0.018735
242,1.42375,-0.416153,0.355459,0.00487535,-0.292293,0.385031,0.385811,0.687211,0.621109,0.20487,0.41141,0.282725,5.0908,0.0118961,0,0,0,0,0,0.00903005,0.00348389,0.191347,0.0975833,0.995258,1.00311,0.00187767,-0.000136882,0.0348651,0.0193399,-0.011609,-0.00111094,-0.000255155,0.0203029
243,2.08111,0.613013,-0.0696373,0.00516534,0.294561,0.615835,1.17524,1.41558,3.38506,0.182382,0.606766,0.858924,0.968931,0.00384557,0,0,0,0,0,-0.0241441,-0.0283752,0.346893,0.141032,0.991271,1.04136,0.00298238,-0.000268281,0.0269706,0.0160753,-0.0132215,-8.40855e-05,0.00010363,0.03096
244,1.30153,6.66491,-2.15161,12.2199,5.12085,1,6.66491,1.30152,46.115,0.809283,5.68112,7.39412,0.615503,0.00315528,0,0,0,1,0,-0.651285,-4.34075,0.99941,0.0080074,0.999968,1.00023,-0.0109749,0.00865841,0.00210442,0.0286411,-0.0201661,-0.000282263,8.02017e-05,0.488702
245,0.957764,-0.33385,0.126195,0.00438868,-0.348572,0.363705,0.240001,0.443333,0.254145,0.187573,0.284328,0.126052,1.90491,0.00567366,0,0,0,0,0,-0.00391686,-0.000940049,0.120095,0.0922728,0.995736,0.997754,0.00073266,0.000134647,0.0372105,0.0117408,-0.00576915,-0.000515732,-0.000216394,0.0179421
246,3.25456,0.406163,-0.314156,0.00966459,0.124798,0.549658,1.50817,2.04063,6.43873,0.247448,1.18257,2.41318,3.19561,0.00819454,0,0,0,0,0,-0.0394972,-0.0595685,0.29117,0.124413,0.99305,1.03338,0.00456381,-8.67844e-05,0.0163421,0.0160023,-0.0145609,-0.00018978,-7.66223e-05,0.0501186
247,1.37299,-0.799445,-1.06376,0.0631031,-0.582264,0.280195,0.237285,0.530809,0.338063,0.616719,0.492764,0.261564,4.23467,0.010224,0,0,0,0,0,-0.00636393,-0.00151006,0.112588,0.0648191,0.997898,0.996825,-0.0020057,-0.00256985,0.0295606,0.0198078,-0.00956757,0.000136785,0.000410635,0.0142324
248,1.2368,1.80518,-0.883319,2.19499,1.45956,0.927794,1.84562,1.15904,4.7497,0.345249,2.00967,2.3293,0.596212,0.0031176,0,0,0,0,0,-0.230468,-0.425356,0.99975,0.0169753,0.99986,0.997167,-0.00538683,0.000494003,0.00234367,0.0218659,-0.00407408,0.000701265,0.0010832,0.172675
249,1.36428,1.33647,-0.939729,1.96754,0.979614,0.836362,1.45528,1.17584,3.50045,0.329697,1.72657,2.03018,0.669948,0.00326162,0,0,0,0,0,-0.197987,-0.288127,0.999675,0.0137814,0.999908,0.99736,-0.00290537,0.000532627,0.00264904,0.0211207,-0.00383404,-0.000265619,-0.000302599,0.149483
250,1.55628,1.76648,0.0479877,0.21224,1.13506,0.871825,1.86684,1.38679,5.40827,0.326517,0.984238,1.36493,0.104164,0.00215657,0,0,0,0,0,-0.106098,-0.198068,0.939754,0.0372003,0.999312,0.996355,0.0015955,0.000850677,0.00571633,0.0204001,-0.00453859,0.000472677,0.000158116,0.077892
251,1.23228,1.0469,-0.873192,1.24098,0.849566,0.802217,1.18059,1.03083,2.45639,0.281191,1.38616,1.42889,0.783839,0.00348406,0,0,0,0,0,-0.158596,-0.187236,0.997433,0.0155991,0.999886,0.995945,-0.00209308,2.95639e-05,0.00281303,0.018435,-0.00610627,-0.000183685,-0.000349646,0.120702
252,2.65779,3.18921,-0.00945006,0.00702424,1.19995,0.88492,3.33553,2.40262,16.8984,0.0857028,0.889734,2.13769,0.112755,0.00217335,0,0,0,0,0,-0.0984322,-0.328324,0.964459,0.111442,0.993846,1.00603,0.00154352,0.00170898,0.00371478,0.0045645,-0.00480691,-7.34362e-05,1.16964e-06,0.000250293
253,1.18445,1.52524,-0.290649,0.284391,1.28772,0.901079,1.58012,1.08534,3.67477,0.604227,1.26073,1.36833,0.545018,0.00301761,0,0,0,0,0,-0.142023,-0.224414,0.98207,0.0240405,0.999718,0.996067,-0.00305212,0.00180197,0.012841,0.0414478,-0.00496921,-0.00141104,0.00264737,0.105236
254,2.51693,2.81415,-0.0520815,0.00578139,1.11808,0.868235,2.98267,2.23449,13.8893,0.0733133,0.807136,1.80354,0.684963,0.00329094,0,0,0,0,0,-0.0892633,-0.266243,0.964124,0.132267,0.991232,0.997225,0.00130892,0.00164533,0.00380276,0.00171119,-0.00632519,-2.03505e-05,-3.99062e-05,0.000231689
255,2.22247,1.1644,-0.198542,0.00732143,0.523922,0.699834,1.58007,1.67604,5.30576,0.292078,1.22819,2.05849,2.32035,0.00648507,0,0,0,0,0,-0.0713715,-0.112772,0.506603,0.0942134,0.995607,1.0061,0.003721,0.00033915,0.0156001,0.0600592,-0.00985239,1.67938e-05,0.000470567,0.0982867
256,1.17331,-0.318399,0.0266253,0.00670992,-0.271368,0.393054,0.326844,0.575171,0.437649,0.208547,0.28757,0.165402,0.32504,0.00258797,0,0,0,0,0,0.00361524,0.00118162,0.109597,0.073813,0.997275,0.999616,0.00143647,-3.92497e-05,0.0494506,0.0176949,-0.0056243,0.000667554,0.000170679,0.0117861
257,2.17323,1.32054,0.229657,0.110181,0.607642,0.728287,1.68285,1.68181,5.66047,0.366703,0.549161,0.923584,0.691872,0.00330444,0,0,0,0,0,-0.0524107,-0.0881994,0.832006,0.0914102,0.995859,1.00543,0.00135159,0.000230908,0.00967625,0.0221682,-0.00665215,0.00026435,-0.000666613,0.00315167
258,2.37851,0.211114,-0.159074,0.0145974,0.0887591,0.535363,1.05935,1.45995,3.25366,0.398601,1.05506,1.54034,1.31662,0.00452465,0,0,0,0,0,-0.0473291,-0.0501379,0.391072,0.0443906,0.999016,0.997249,0.00350976,0.000176802,0.0218743,0.0168561,-0.00904981,-0.00015974,-4.11571e-05,0.0482211
259,3.03621,0.523722,-0.303715,0.0151475,0.172492,0.568475,1.47939,1.95784,6.02173,0.353701,1.41691,2.77409,2.46772,0.0067729,0,0,0,0,0,-0.059828,-0.0885089,0.368102,0.0781072,0.99717,1.01836,0.00496292,0.000284314,0.01892,0.0349862,-0.0115983,0.000563634,0.0001236,0.0867235
260,0.773814,-0.186323,0.206929,0.0061457,-0.240785,0.404861,0.224135,0.387979,0.200764,0.204531,0.286952,0.111331,2.63958,0.00710856,0,0,0,0,0,-0.0159172,-0.00356761,0.483576,0.0845232,0.996427,0.999824,0.000376344,0.000200614,0.0453244,0.0117398,-0.00924467,-0.000406263,-2.52153e-05,0.0206483
261,1.29824,1.40695,0.719585,0.0430423,1.08374,0.86076,1.50036,1.14398,3.55978,0.303352,0.673892,0.770919,3.46844,0.00872743,0,0,0,0,0,-0.0642132,-0.096343,0.830692,0.0648422,0.997898,0.995552,0.00136769,0.000704885,0.0159996,0.0242536,-0.00394251,-0.000286203,-0.000381825,0.0450048
262,2.48574,2.82972,-0.0547577,0.00550378,1.13838,0.872519,2.98882,2.21664,13.8465,0.073709,0.805376,1.78523,0.738099,0.00339472,0,0,0,0,0,-0.0890919,-0.26628,0.964376,0.135652,0.99079,0.998893,0.00136566,0.0015924,0.00377392,0.0039824,-0.00281597,-6.01364e-05,-4.85088e-06,0.00023038
263,1.23678,2.67592,-0.774778,2.95148,2.16363,0.984754,2.68284,1.2195,8.68481,0.403994,2.6451,3.2257,0.45098,0.00283395,0,0,0,0,0,-0.303303,-0.813713,0.999637,0.0138974,0.99991,0.996183,-0.00541186,0.00404835,0.00233375,0.0252283,-0.0043565,0.000337209,0.000550059,0.2291
264,2.29822,2.68961,-0.158681,0.0152791,1.1703,0.879059,2.82604,2.06391,12.2462,0.192595,1.26284,2.60638,1.28374,0.00446043,0,0,0,0,0,-0.129855,-0.366976,0.896435,0.0862281,0.996295,1.00258,0.00134969,0.00210595,0.00685565,0.0147615,-0.006758,-0.000115294,-9.87202e-05,0.0976727
265,1.20376,-0.0467088,0.085087,0.0105768,-0.0388024,0.484524,0.459356,0.685206,0.680516,0.301611,0.387267,0.265358,0.827343,0.00356903,0,0,0,0,0,-0.010091,-0.00463536,0.227159,0.0707538,0.997495,0.996311,0.00063467,-7.79033e-05,0.0385448,0.0256322,-0.00859503,-0.00141874,-0.000523034,0.0262226
266,2.95463,3.39245,0.0677785,0.0539921,1.14818,0.874553,3.57735,2.64045,19.7694,0.243132,0.937639,2.47579,0.291694,0.00252284,0,0,0,0,0,-0.103722,-0.371051,0.964369,0.0842138,0.99646,0.991479,0.00150084,0.00182152,0.0043083,0.0106489,-0.00621692,-0.00013578,8.28216e-05,0.000389598
267,0.790036,-0.558431,0.183887,0.00557584,-0.706843,0.239832,0.112847,0.273226,0.0873869,0.210582,0.234728,0.0641339,2.46261,0.00676291,0,0,0,0,0,-0.00346686,-0.000391224,0.128759,0.0666147,0.997779,0.996831,0.000973105,0.000162721,0.0424242,0.0131999,-0.00717796,-0.000789546,-0.000126474,0.0121133
268,0.933433,-0.243163,-0.00564662,0.00850349,-0.260504,0.397238,0.263698,0.461265,0.282302,0.266314,0.311696,0.143775,0.0612336,0.00207272,0,0,0,0,0,-0.0107992,-0.00284772,0.302041,0.063815,0.997962,0.99693,-0.000160635,1.40071e-06,0.0381682,0.0128122,-0.0113647,-0.000642548,-0.000130378,0.0202692
269,1.32351,1.85878,-0.573867,0.157046,1.40443,0.919904,1.90784,1.2312,5.15573,0.372542,0.994427,1.22434,1.4481,0.00478144,0,0,0,0,0,-0.108715,-0.207411,0.953064,0.0497227,0.998768,0.995657,0.00319862,-0.000597239,0.00692197,0.0196142,-0.0049865,-0.00104191,0.00044159,0.0775176
270,1.1656,-0.34777,0.21246,0.0117583,-0.298362,0.382714,0.313291,0.560078,0.411839,0.312481,0.36067,0.202004,1.95932,0.00577991,0,0,0,0,0,-0.00968623,-0.00303461,0.234127,0.0715419,0.997438,0.996923,0.00153446,-0.000113279,0.0434515,0.0185508,-0.00806638,0.000577712,-0.000154937,0.0176247
271,1.07083,0.0908464,-0.533475,0.0119821,0.0848372,0.533805,0.47483,0.655763,0.655488,0.262815,0.192933,0.126518,4.87358,0.0114718,0,0,0,0,0,-0.0107237,-0.00509195,0.484559,0.0924064,0.995728,0.999319,0.000520587,-0.000462152,0.0528908,0.00910105,-0.00432962,-1.81775e-06,-1.35399e-05,0.00360167
272,2.18929,2.8769,-0.421827,0.0114722,1.31408,0.90559,2.97377,2.01283,12.8948,0.203277,1.30577,2.6283,3.93832,0.00964516,0,0,0,0,0,-0.135852,-0.403993,0.906998,0.105447,0.994457,1.00245,0.00179362,0.00190234,0.00629793,0.020788,-0.0159502,-0.000306694,0.000213186,0.097204
273,1.17697,9.06634,-3.93686,41.2138,7.70313,1,9.06634,1.17697,83.5838,1.47063,7.29371,8.58446,0.613237,0.00315085,0,0,0,1,0,-0.836381,-7.58291,0.999683,0.00405212,0.999993,1.00158,-0.0183445,0.00384045,0.00195517,0.0172591,-0.039787,-0.00535345,-0.00667967,0.634472
274,2.83289,1.39139,0.682842,0.0192926,0.491155,0.688342,1.95487,2.1049,8.25214,0.316357,0.976333,2.05509,4.91615,0.011555,0,0,0,0,0,-0.0475573,-0.0929684,0.424645,0.0985945,0.995155,1.00255,0.00476575,0.000763297,0.0140719,0.0197907,-0.00819547,-0.000283817,3.19193e-05,0.0159696
275,1.07755,0.291466,-0.127722,0.168777,0.270489,0.606608,0.591977,0.725214,0.876371,0.238008,0.690581,0.500819,0.310891,0.00256033,0,0,0,0,0,-0.0744116,-0.0440499,0.939361,0.0453374,0.998977,0.995732,-0.000575662,0.000449926,0.00772409,0.0188252,-0.00455944,-0.000641117,-0.00182852,0.0576757
276,1.12661,-0.363822,-0.303541,0.00891182,-0.322935,0.373372,0.292779,0.531547,0.368261,0.267644,0.340325,0.180899,3.2154,0.0082332,0,0,0,0,0,-4.93876e-05,-1.44596e-05,0.00126512,0.07825,0.996936,0.998849,0.00161052,-0.000540435,0.0224619,0.0148894,-0.00744514,-0.000508633,-0.000147171,0.00567092
277,1.44583,0.746683,0.500794,0.0114889,0.516439,0.697226,1.02102,1.08666,2.22332,0.197867,0.351082,0.381507,4.67219,0.0110785,0,0,0,0,0,-0.0288363,-0.0294425,0.716042,0.0889717,0.99604,0.999401,0.000517488,0.000589192,0.0320729,0.0236332,-0.012591,-9.12274e-05,-0.000365014,0.0147636
278,1.2345,1.51748,-0.0130333,0.173007,1.22923,0.890507,1.58042,1.123,3.75885,0.317498,0.914976,1.02752,0.0313345,0.00201433,0,0,0,0,0,-0.100283,-0.158489,0.955487,0.0508281,0.998712,0.995714,0.000124931,0.00185537,0.008335,0.0169873,-0.00454767,0.000192321,8.97019e-05,0.0657332
279,1.60701,-0.629904,-0.201822,0.0602102,-0.391973,0.347539,0.377413,0.720163,0.661075,0.581392,0.483802,0.348416,0.822493,0.00355956,0,0,0,0,0,-0.00419182,-0.00158205,0.0755339,0.0456582,0.998971,0.993728,0.005445,-0.000997961,0.0382542,0.0197324,-0.00390082,-6.62271e-05,-0.000164284,0.0134205
280,1.126,0.85941,0.0635788,0.0545901,0.763243,0.777341,1.00496,0.915674,1.8484,0.258328,0.396658,0.363209,0.272117,0.0024846,0,0,0,0,0,-0.0392083,-0.0394028,0.861725,0.089233,0.996011,0.995745,0.000998497,3.51071e-05,0.0189836,0.0196295,-0.00361667,-6.51836e-06,-0.000703358,0.0289082
281,1.19491,0.598246,0.0663742,0.0216061,0.500662,0.691695,0.831806,0.891678,1.48699,0.246088,0.502185,0.447787,0.451556,0.00283507,0,0,0,0,0,-0.0498269,-0.0414464,0.864982,0.0545679,0.998512,1.00048,-0.000401735,0.000589728,0.0231324,0.0115912,-0.00435824,-0.000197891,3.91077e-05,0.0384684
282,1.40116,2.47264,-0.832952,3.24388,1.7647,0.961193,2.4951,1.35259,8.05502,0.421503,2.5826,3.49321,0.462474,0.0028564,0,0,0,0,0,-0.296177,-0.738991,0.999773,0.013937,0.999912,0.995683,-0.00508606,0.00388646,0.00258587,0.0265205,-0.00218286,-4.52489e-05,8.76067e-05,0.223888
283,1.40716,2.00109,-0.423117,0.174367,1.42208,0.922499,2.05129,1.31208,5.92936,0.313415,0.930432,1.2208,1.01328,0.00393218,0,0,0,0,0,-0.102717,-0.210702,0.962417,0.0593614,0.998237,0.997093,0.000907421,0.00109458,0.00731217,0.0146731,-0.00592182,0.000194852,-0.000276114,0.069526
284,1.41904,1.2815,-0.737606,1.96935,0.903074,0.816757,1.42087,1.20395,3.46836,0.328163,1.71602,2.06599,0.525609,0.0029797,0,0,0,0,0,-0.196775,-0.279592,0.999666,0.0155626,0.999887,0.995973,-0.00283253,0.000251055,0.00292516,0.0218856,-0.00480185,0.000124279,0.000322056,0.147637
285,2.04756,2.2684,0.600657,0.0544965,1.10786,0.866038,2.40854,1.81373,9.09071,0.371704,1.24952,2.2663,2.57301,0.00697854,0,0,0,0,0,-0.115313,-0.277736,0.804527,0.0664476,0.997791,0.996124,0.000685453,0.00277519,0.0104535,0.0221259,-0.00698198,-0.000317682,-0.000210011,0.0989487
286,2.57868,2.01769,0.359417,0.121033,0.782453,0.783026,2.3391,2.11016,9.92414,0.269667,0.665363,1.40402,1.03311,0.00397092,0,0,0,0,0,-0.0720413,-0.168512,0.943908,0.10436,0.99454,0.993424,0.000551701,0.00206757,0.00393097,0.0293174,-0.00583966,0.000808976,-0.00139022,0.00284303
287,3.12714,3.98626,-0.00458584,0.0083269,1.27473,0.898798,4.13439,2.86081,25.2774,0.104669,1.08597,3.10674,0.0502548,0.00205128,0,0,0,0,0,-0.120265,-0.497221,0.965449,0.110673,0.993877,1.00023,0.00213647,0.00188255,0.00388354,0.00583708,-0.00368425,-9.39858e-05,-2.77014e-07,0.000309359
288,0.814029,-0.499485,0.0932917,0.0298029,-0.613597,0.269741,0.134544,0.306124,0.111814,0.407516,0.262739,0.0804305,0.540398,0.00300859,0,0,0,0,0,-0.000487663,-6.5612e-05,0.0161809,0.0505447,0.998725,0.996076,0.00152886,0.000514567,0.0319251,0.023867,-0.0068196,0.00262727,0.000568939,0.00842663
289,1.11037,-0.605446,0.488267,0.00817079,-0.545264,0.292786,0.201786,0.443351,0.237278,0.26104,0.315612,0.139927,5.40164,0.0125032,0,0,0,0,0,-0.00347886,-0.000701986,0.0960926,0.0647349,0.997905,0.995749,0.000997186,2.30074e-05,0.0442084,0.0210567,-0.00678368,-8.44203e-05,0.000298369,0.0137712
290,1.32817,0.750566,0.374217,0.0487082,0.565112,0.714001,0.985588,1.01443,2.00046,0.236522,0.299995,0.304325,1.6956,0.00526484,0,0,0,0,0,-0.02661,-0.0262265,0.773282,0.0750261,0.99719,0.993084,4.70877e-05,0.000566423,0.0275869,0.00868526,-0.00305817,-0.000125401,0.000301846,0.00861425
291,3.53348,0.92995,-0.390832,0.0208895,0.263182,0.603795,1.92474,2.37049,9.32384,0.341501,1.27129,3.01358,2.70412,0.00723461,0,0,0,0,0,-0.0499148,-0.096073,0.342288,0.0848229,0.996484,1.0097,0.00223255,0.000262618,0.0150761,0.0249216,-0.0110714,-7.92737e-05,-0.000165466,0.0883095
292,1.17216,-0.294965,0.156775,0.0127297,-0.251642,0.400659,0.334905,0.583032,0.452088,0.313408,0.331014,0.192992,1.38953,0.00466705,0,0,0,0,0,-0.0102007,-0.00341628,0.268653,0.0497066,0.998766,0.996682,0.000289559,-4.3422e-05,0.0424027,0.019437,-0.00401809,0.00146424,0.000405429,0.0197249
293,3.18932,3.54879,-0.309859,0.0191669,1.11271,0.867083,3.76482,2.8281,22.1721,0.16577,1.02272,2.89237,2.23814,0.0063245,0,0,0,0,0,-0.108184,-0.407294,0.922171,0.150272,0.988772,1.00461,0.00182128,0.00191069,0.00606856,0.0153199,-0.00907853,-0.00014811,2.8319e-05,0.00453494
294,1.394,1.86898,-1.01363,2.53539,1.34073,0.909996,1.9277,1.28603,5.36992,0.370288,2.13765,2.74909,0.636588,0.00319646,0,0,0,0,0,-0.245173,-0.472621,0.999867,0.0147614,0.999896,0.996896,-0.00443792,0.00178766,0.00258027,0.0240142,-0.00480599,0.000181001,0.000330786,0.18366
295,1.34276,1.11181,0.608653,0.138675,0.828006,0.796167,1.26445,1.1153,2.84274,0.288235,0.453332,0.505602,1.63445,0.00514541,0,0,0,0,0,-0.0496572,-0.0627891,0.954932,0.061458,0.998113,0.995483,-0.000989318,0.00243926,0.0113016,0.0186088,-0.0034775,-7.88106e-05,-0.000351875,0.0217142
296,1.03138,0.244198,-0.3104,0.00619551,0.236768,0.593582,0.544439,0.683979,0.764241,0.220595,0.309166,0.211463,3.94352,0.0096553,0,0,0,0,0,-0.015144,-0.00824499,0.427028,0.0729766,0.997336,0.999615,0.000131369,5.73695e-05,0.0416899,0.0141887,-0.00658266,-0.000297015,-0.00014358,0.0257252
297,1.57135,1.55605,0.217668,0.00599051,0.990262,0.838977,1.69046,1.35733,4.70001,0.124937,0.842559,1.14363,2.81231,0.00744592,0,0,0,0,0,-0.0886433,-0.149848,0.917176,0.105964,0.994393,1.00117,0.00104058,0.00136328,0.00994397,0.00476156,-0.0143011,-5.61888e-06,-9.89631e-05,0.0733363
298,0.9644,0.283429,-0.143422,0.390777,0.293892,0.61558,0.544205,0.655794,0.726225,0.186012,0.753307,0.494015,0.229431,0.00240123,0,0,0,0,0,-0.0855687,-0.0465669,0.990261,0.0164179,0.999871,0.996608,-0.000443637,0.000225902,0.00432381,0.0136805,-0.0070306,-0.0013679,-0.00185006,0.0621478
299,1.47475,1.54786,-0.0174337,0.536189,1.04957,0.853043,1.66129,1.28999,4.42395,0.573164,1.75044,2.25805,0.0238085,0.00199963,0,0,0,0,0,-0.194556,-0.323214,0.968958,0.0291461,0.999577,0.997456,-0.00181687,0.000980735,0.00516813,0.0420863,-0.00791987,-0.000626842,-0.00282783,0.148025
300,2.62746,3.34684,0.305661,0.015857,1.2738,0.898632,3.4715,2.40341,17.8277,0.391427,1.80255,4.33226,2.42733,0.00669401,0,0,0,0,0,-0.165808,-0.575602,0.801908,0.0699959,0.99755,1.00007,0.00245857,0.00309443,0.00512324,0.0326159,-0.0057206,-0.000223939,-0.000273288,0.145649
301,1.89227,1.96247,-0.219102,0.00738764,1.0371,0.850155,2.11145,1.6508,7.18334,0.185538,0.901788,1.48867,2.54913,0.0069319,0,0,0,0,0,-0.095489,-0.20162,0.923114,0.169076,0.985818,1.0064,0.0016408,0.00153089,0.00497395,0.0121733,-0.0113195,-0.00014875,5.99256e-05,0.0627973
302,1.2979,-0.361349,0.70119,0.0129849,-0.278411,0.390348,0.358236,0.63294,0.528946,0.312555,0.418233,0.264716,6.15343,0.0139715,0,0,0,0,0,-0.00325509,-0.00116609,0.0678502,0.0685736,0.997647,0.999068,0.0010227,-2.09212e-05,0.0331807,0.0225789,-0.0090892,-0.00159269,-0.000517875,0.0205749
303,1.51613,1.33665,0.0163405,0.114541,0.881625,0.81101,1.49029,1.28077,3.86134,0.246868,0.555517,0.711491,0.0482819,0.00204743,0,0,0,0,0,-0.0625447,-0.0932096,0.981521,0.0850251,0.996382,0.998979,0.000501394,0.000717163,0.012769,0.0156579,-0.00487946,0.000703348,-0.00135658,0.0352299
304,3.06625,1.03158,0.0496079,0.00992411,0.336431,0.631727,1.81343,2.12485,7.80351,0.318552,1.45054,3.08217,0.497972,0.00292573,0,0,0,0,0,-0.0719236,-0.130428,0.432265,0.0735086,0.99738,1.01046,0.00375009,0.000330806,0.0145924,0.0323273,-0.0160639,-0.00043347,1.82138e-05,0.0954563
305,2.1574,2.48639,-0.125597,0.0257888,1.15249,0.87544,2.62005,1.92983,10.5889,0.198608,1.12768,2.17623,0.782101,0.00348067,0,0,0,0,0,-0.118855,-0.311406,0.918839,0.0729935,0.997334,0.995796,0.00115371,0.00201154,0.00609788,0.0127017,-0.00601041,-4.63365e-05,-0.000223873,0.0775243
306,1.46686,0.942311,-0.0620228,0.388587,0.642402,0.739694,1.17459,1.14759,2.69661,0.430392,1.27771,1.46628,0.0994965,0.00214745,0,0,0,0,0,-0.139046,-0.163321,0.948707,0.0458175,0.998955,0.995798,-0.001894,0.000905037,0.0062851,0.0258991,-0.00385982,-0.00136349,-0.00212452,0.111887
307,1.21002,0.590058,-0.328854,0.891631,0.487643,0.687099,0.832281,0.897643,1.49845,0.242092,1.12384,1.00881,0.348265,0.00263333,0,0,0,0,0,-0.128429,-0.106889,0.996246,0.0139024,0.999909,0.996636,-0.000916958,0.00021404,0.00364379,0.0172755,-0.00221375,-0.000630186,-0.000816374,0.0954863
308,1.30419,1.21275,-0.340037,0.0993888,0.929886,0.823785,1.33576,1.11256,3.02204,0.246591,0.487049,0.54187,1.07859,0.00405975,0,0,0,0,0,-0.0513047,-0.0685307,0.918313,0.0745167,0.997226,1.00076,-0.000493407,0.00181472,0.0123192,0.0118292,-0.00683619,-0.000419413,0.000673085,0.0307675
309,1.17105,0.558835,-0.377875,0.300919,0.477209,0.683393,0.797684,0.864636,1.3839,0.28961,0.941955,0.814448,0.688848,0.00329853,0,0,0,0,0,-0.105714,-0.0843268,0.978388,0.0284252,0.999598,0.99767,-0.000826836,0.000241041,0.00723095,0.0222035,-0.00464092,-0.00113537,-0.00234425,0.0812104
310,1.82827,1.56477,-0.170346,0.0459679,0.855872,0.803966,1.76033,1.53257,5.44753,0.276351,0.830265,1.27244,0.794521,0.00350492,0,0,0,0,0,-0.0861234,-0.151606,0.904297,0.0487529,0.998814,0.996324,0.000148416,0.00226784,0.0180431,0.0186881,-0.00321133,0.000101035,0.000340674,0.0683381
311,4.15765,1.86823,1.6915,0.0375145,0.449348,0.67341,2.75822,3.03131,16.7966,0.461466,1.36058,4.12433,8.73316,0.0190101,0,0,0,0,0,-0.0467068,-0.128828,0.29927,0.0818558,0.996696,1.0069,0.00139952,0.00104523,0.0222277,0.032458,-0.00849946,-1.82672e-05,0.000298055,0.10727
312,1.29828,3.59763,-2.02644,4.37218,2.77108,0.997206,3.59875,1.29486,14.6277,0.565875,3.21803,4.16688,0.969136,0.00384597,0,0,0,0,0,-0.368438,-1.32592,0.998116,0.0110421,0.99994,0.998527,-0.00641,0.00387979,0.00208992,0.0250144,-0.00969108,-0.00185163,-0.00386216,0.28568
313,0.704942,-0.382267,-0.557187,0.0557576,-0.542267,0.293817,0.128617,0.282201,0.0961797,0.296355,0.269013,0.0759157,2.35966,0.00656183,0,0,0,0,0,-0.0120235,-0.00154642,0.389641,0.10604,0.994362,0.994785,-0.0020892,0.00054574,0.0477478,0.00851065,-0.00691741,0.000184083,-0.000133659,0.023393
314,1.33068,2.5977,-0.90839,3.10716,1.95216,0.97454,2.60996,1.30195,8.50697,0.416529,2.61856,3.40923,0.515336,0.00295964,0,0,0,0,0,-0.300235,-0.783601,0.999553,0.0134918,0.999912,0.997632,-0.00525928,0.00394607,0.00233957,0.0260649,-0.014774,0.000102456,0.000194751,0.227042
315,1.18105,1.28948,0.309515,0.110435,1.0918,0.86254,1.37307,1.04253,2.97219,0.254419,0.73408,0.765303,0.931384,0.00377223,0,0,0,0,0,-0.0774102,-0.106289,0.919309,0.0450286,0.998987,0.997507,0.00136423,0.000413895,0.00713721,0.0144567,-0.00669769,-0.000138739,0.000460045,0.0592973
316,2.61219,3.11144,-0.128472,0.0103779,1.19112,0.883197,3.25861,2.35675,16.1728,0.217729,1.45158,3.42101,1.26111,0.00441623,0,0,0,0,0,-0.152742,-0.497726,0.917329,0.0880658,0.996187,1.00816,0.00281644,0.00206757,0.00855786,0.0255501,-0.0109904,0.000174783,-0.000399555,0.118968
317,1.22658,0.481338,0.324464,0.208424,0.392423,0.652627,0.769205,0.871604,1.35137,0.328843,0.33531,0.292257,0.71071,0.00334123,0,0,0,0,0,-0.0268049,-0.0206184,0.696906,0.0486045,0.998831,0.993831,1.5378e-05,0.000868946,0.0181984,0.00888204,-0.00492485,4.15825e-05,-3.40946e-06,0.00773698
318,1.18801,0.466855,0.476061,0.0195655,0.392971,0.65283,0.745436,0.844409,1.2687,0.196886,0.285188,0.240815,3.40344,0.00860046,0,0,0,0,0,-0.0205755,-0.0153377,0.628965,0.0859238,0.996303,0.997571,0.00051403,5.80847e-05,0.0381696,0.0119242,-0.00962444,8.81033e-05,-0.000316953,0.0093664
319,1.40343,1.32073,-0.639607,1.98273,0.941071,0.826666,1.45081,1.19996,3.54475,0.331652,1.73783,2.08533,0.454235,0.0028403,0,0,0,0,0,-0.199268,-0.289101,0.999624,0.0148798,0.999889,0.999411,-0.00282192,0.000413537,0.00301537,0.0219827,-0.00308024,0.000173673,0.000509375,0.15056
320,1.33786,-0.304213,-0.543986,0.0338817,-0.227388,0.410061,0.394005,0.677405,0.614117,0.503713,0.472991,0.320407,2.95533,0.00772524,0,0,0,0,0,-0.00569946,-0.00224562,0.105048,0.0642585,0.997936,0.99567,0.00191772,-0.00147828,0.0230287,0.0261329,-0.00430742,-0.00124089,-0.000369722,0.0142148
321,1.36273,-0.446032,-0.218175,0.0299471,-0.327307,0.371718,0.351983,0.640863,0.534597,0.470992,0.478131,0.306416,1.26074,0.00441552,0,0,0,0,0,-0.00160445,-0.00056474,0.0292541,0.0531344,0.998588,0.997269,0.00335896,-0.000719488,0.0223563,0.0197825,-0.00687248,-0.000784851,-0.000193309,0.00982862
322,1.37594,3.03432,-1.41632,4.55574,2.20527,0.986282,3.04103,1.3589,11.0945,0.497083,2.96975,4.03561,0.663563,0.00324915,0,0,0,0,0,-0.340543,-1.0356,0.999674,0.0119356,0.999931,0.998039,-0.00687242,0.00306845,0.00208514,0.0252464,-0.00839089,-2.94081e-05,-1.22765e-05,0.257485
323,1.01734,-0.65243,-0.0905509,0.00696416,-0.641311,0.26066,0.16136,0.373247,0.16535,0.241982,0.352988,0.131752,1.08507,0.00407241,0,0,0,0,0,-0.00302003,-0.000487314,0.0745861,0.0513617,0.998684,1.0015,0.0017128,-8.66652e-05,0.0338468,0.015763,-0.00496388,0.000676339,0.000155192,0.0257704
324,1.34517,2.78444,-1.43665,3.51601,2.06995,0.980771,2.79412,1.32173,9.55405,0.437714,2.78921,3.68657,0.766171,0.00344955,0,0,0,0,0,-0.319845,-0.893683,0.999687,0.013747,0.99991,0.996938,-0.00639069,0.00318623,0.00223836,0.0262745,-0.00414121,-7.05337e-05,2.51701e-05,0.240927
325,1.09467,-0.346176,0.0850292,0.0102312,-0.316239,0.375911,0.287134,0.519055,0.351864,0.310675,0.359795,0.186753,0.840631,0.00359498,0,0,0,0,0,-0.00784347,-0.00225213,0.190047,0.067943,0.99769,0.996626,0.000917077,-0.000472933,0.040224,0.0189812,-0.00674725,-0.00145292,-0.000409494,0.0162801
326,1.43244,-0.209681,0.150672,0.0083485,-0.14638,0.441811,0.469573,0.765863,0.807045,0.264413,0.833548,0.638383,1.64902,0.00517388,0,0,0,0,0,-0.0426711,-0.0200372,0.446283,0.0654696,0.99787,1.00344,0.00275731,0.000279889,0.018881,0.0183513,-0.00825722,-0.000218998,7.43992e-05,0.0537969
327,1.45152,3.39162,-1.39844,5.47346,2.33659,0.99027,3.39625,1.43914,13.6056,0.544602,3.28264,4.72418,0.597739,0.00312058,0,0,0,0,0,-0.376451,-1.27852,0.99975,0.0143339,0.999897,0.999532,-0.00941443,0.000991106,0.00211826,0.0269275,-0.00878024,-0.000127306,-6.00398e-05,0.286095
328,1.07211,-0.479609,0.011429,0.0226688,-0.447351,0.327311,0.230271,0.461073,0.265613,0.422985,0.502446,0.231664,0.0759088,0.00210138,0,0,0,0,0,-0.00320611,-0.000738275,0.0556283,0.0726709,0.997357,0.99607,0.00179541,-0.00109291,0.0240731,0.0220264,-0.00623712,0.000462606,-0.000126278,0.00975026
329,1.15651,0.385303,0.413974,0.0297851,0.33316,0.630493,0.681566,0.80027,1.10496,0.176948,0.273734,0.219061,2.39869,0.00663807,0,0,0,0,0,-0.0236983,-0.016152,0.754736,0.0753286,0.997164,1.00046,0.000259876,0.000537723,0.0334975,0.0113805,-0.00688328,9.15214e-05,0.000181412,0.0130711
330,1.75927,2.12588,-1.1088,0.0581667,1.20838,0.88655,2.22058,1.59337,7.46977,0.260053,0.877516,1.3982,4.59742,0.0109325,0,0,0,0,0,-0.094881,-0.21069,0.942608,0.0765956,0.997063,0.998112,0.00146067,0.000876904,0.0123169,0.0173092,-0.0156478,-0.000331569,0.000355481,0.0582261
331,4.28408,1.12549,0.462966,0.0299696,0.262715,0.603615,2.33232,2.87345,13.6965,0.435125,1.5068,4.32973,2.67429,0.00717635,0,0,0,0,0,-0.0645361,-0.150519,0.373381,0.061813,0.998119,1.00608,0.00283003,0.000494003,0.0152918,0.0469375,-0.0053672,0.000133468,0.000384172,0.0915413
332,1.20759,5.70319,-1.77603,9.08191,4.72279,0.999999,5.70319,1.20759,33.9846,0.699995,4.90968,5.92887,0.589333,0.00310417,0,0,0,1,0,-0.562841,-3.20999,0.9994,0.00837401,0.999965,0.999925,-0.00334811,0.0156851,0.00176229,0.0267014,-0.0252689,-0.000108374,0.000371786,0.425252
333,1.32491,1.3755,-0.874999,1.95688,1.03818,0.850407,1.4796,1.15611,3.52581,0.324915,1.73051,2.00066,0.625497,0.0031748,0,0,0,0,0,-0.198461,-0.293642,0.999786,0.0153355,0.999893,0.995385,-0.00321269,0.000498414,0.00256073,0.0209906,-0.00250901,0.000152609,0.000293865,0.149471
334,2.25091,1.92327,-0.0392011,0.0759693,0.854441,0.80357,2.16482,1.88595,8.24325,0.259488,0.617687,1.16493,0.142226,0.00223091,0,0,0,0,0,-0.0653833,-0.141543,0.922796,0.0787306,0.996902,0.99333,0.00090766,0.00139296,0.00420339,0.00981115,-0.00728707,4.36807e-05,-0.000186607,0.000832368
335,2.25141,2.34567,0.188034,0.00518519,1.04187,0.851264,2.52136,1.96611,10.2229,0.239628,1.0432,2.05105,2.61128,0.00705329,0,0,0,0,0,-0.0842346,-0.212386,0.703928,0.0969068,0.995371,1.00777,0.00140667,0.00192165,0.0138679,0.0439217,-0.00563893,0.000133733,0.000184373,0.0656753
336,1.466,1.35391,-0.725211,0.797999,0.923538,0.822137,1.49353,1.24897,3.79057,0.550605,1.58975,1.98555,0.811826,0.00353872,0,0,0,0,0,-0.179902,-0.268689,0.986536,0.0327721,0.999469,0.995893,-0.00274503,0.00234866,0.00601924,0.0321621,-0.00388425,0.00149276,-0.000356676,0.136247
337,1.18802,0.68026,0.172889,0.0374404,0.572599,0.716542,0.888342,0.909475,1.6163,0.230874,0.43026,0.391311,0.893503,0.00369825,0,0,0,0,0,-0.0418243,-0.0371542,0.84743,0.0554183,0.998464,0.997246,0.000523329,0.00057292,0.0202371,0.0111524,-0.00515124,8.13575e-06,-0.000211686,0.027454
338,3.31628,0.941558,-0.2777,0.00913231,0.28392,0.611764,1.85027,2.24516,8.46427,0.244936,1.18799,2.66724,2.90593,0.00762877,0,0,0,0,0,-0.0474218,-0.0877431,0.347993,0.107191,0.994825,1.02899,0.0037756,0.000152111,0.0171513,0.0251537,-0.00629982,-8.86853e-05,0.000143482,0.0642096
339,1.26615,0.247572,0.0726562,0.020592,0.195532,0.577512,0.635079,0.824853,1.08371,0.174388,0.255353,0.210628,0.506318,0.00294203,0,0,0,0,0,-0.0207232,-0.0131609,0.707494,0.105484,0.994475,1.00485,0.000526071,0.000502184,0.0512964,0.0131684,-0.00776465,0.000153077,-0.000159238,0.0158646
340,2.15827,1.55575,0.436659,0.0121295,0.720832,0.764493,1.85676,1.73122,6.44468,0.304431,1.07405,1.85942,3.9648,0.00969688,0,0,0,0,0,-0.0930143,-0.172705,0.754973,0.0936271,0.995654,1.00526,0.00201654,0.00105906,0.0186013,0.0265322,-0.00569366,-0.000258462,-0.000166229,0.0832995
341,1.31733,1.28153,-0.801756,1.85218,0.972828,0.834681,1.39756,1.13377,3.23859,0.317335,1.67645,1.9007,0.589116,0.00310374,0,0,0,0,0,-0.192256,-0.268689,0.999764,0.0155946,0.999888,0.995592,-0.00298393,0.000283599,0.00284674,0.0209406,-0.00227681,0.000647274,0.00091847,0.144165
342,2.42552,0.586185,0.128956,0.0215293,0.241674,0.595483,1.28796,1.61197,4.25727,0.406809,1.31005,2.11176,0.878877,0.00366968,0,0,0,0,0,-0.063743,-0.0820982,0.42418,0.053165,0.998587,0.997135,0.00364852,0.000247359,0.0148281,0.0251159,-0.00840242,-0.00146448,-0.000306983,0.0882276
343,2.03183,1.9624,-0.194321,0.0304735,0.965825,0.832934,2.14342,1.74617,7.64333,0.203617,0.62695,1.09476,1.11316,0.00412727,0,0,0,0,0,-0.066043,-0.141558,0.918334,0.0555714,0.998459,0.995647,0.000584841,0.00145876,0.0155329,0.0271353,-0.00545144,-4.02888e-05,0.000527299,0.0408614
344,2.5172,1.32138,-0.124583,0.0149743,0.524942,0.700188,1.79125,1.89919,6.81548,0.296985,1.18344,2.24757,1.01809,0.00394158,0,0,0,0,0,-0.0800909,-0.143463,0.589989,0.0807648,0.996754,1.00319,0.00157189,0.00106931,0.0139061,0.0183255,-0.00869485,-0.000179111,0.000108681,0.110484
345,1.74256,0.662935,-0.926738,0.0398943,0.380438,0.64819,1.07947,1.2316,2.68209,0.488691,0.441407,0.543637,4.63983,0.0110153,0,0,0,0,0,-0.0128602,-0.0138821,0.253988,0.0602954,0.998181,0.999094,0.000368237,-0.00112778,0.0251401,0.0337688,-0.00448466,0.000625316,0.000520803,0.0154735
346,1.35428,-0.0902311,0.287714,0.0115366,-0.0666266,0.473439,0.497954,0.758384,0.823105,0.313985,0.768658,0.582938,2.67869,0.00718495,0,0,0,0,0,-0.0367175,-0.0182836,0.416435,0.0525625,0.998618,0.998294,0.00271809,0.00010094,0.0232022,0.0178012,-0.00804896,-0.000795532,-1.99112e-05,0.0587483
347,1.23943,5.01441,-1.78392,7.60042,4.04574,0.999974,5.01441,1.2394,26.6805,0.63975,4.39607,5.4485,0.647077,0.00321695,0,0,0,1,0,-0.503984,-2.52718,0.999444,0.0105691,0.999948,0.997067,-0.00275731,0.0144062,0.00181182,0.0267337,0.0028873,-0.000353465,-0.000221586,0.381022
348,0.895363,2.09666,0.134703,0.55804,2.34168,0.990402,2.09948,0.887795,5.19602,0.3177,1.37247,1.21848,0.18032,0.00230531,0,0,0,0,0,-0.156982,-0.32958,0.997129,0.0196993,0.999815,0.995592,0.000831306,0.00290632,0.00349752,0.0195841,-0.00316875,0.000253264,-0.000332479,0.111573
349,1.46246,2.00112,0.177514,0.0552806,1.36833,0.914395,2.05953,1.35403,6.07507,0.279464,0.934383,1.26518,0.754998,0.00342773,0,0,0,0,0,-0.0967078,-0.199173,0.902284,0.0518232,0.998659,0.996342,0.00152433,0.00112414,0.00657831,0.0268949,-0.00590371,-7.74305e-05,-0.000960397,0.06669
350,1.28935,4.56955,-1.69703,7.166,3.54408,0.999803,4.56962,1.28909,22.5432,0.622394,4.09696,5.28135,0.633943,0.00319129,0,0,0,1,0,-0.46975,-2.14658,0.999566,0.00943753,0.999957,0.998467,-0.00752795,0.00705051,0.00260741,0.0263323,-0.0089848,0.00010447,0.000448417,0.354252
351,2.07878,1.97786,-0.37742,0.03517,0.95145,0.829312,2.1674,1.7812,7.87031,0.165017,0.593692,1.05749,2.01251,0.00588382,0,0,0,0,0,-0.064723,-0.140281,0.950396,0.0984435,0.995143,0.995924,0.000654697,0.00129318,0.0116116,0.0080143,-0.00818203,8.63617e-05,-0.000125917,0.0023437
352,1.35558,-0.510598,0.288793,0.074486,-0.376663,0.353212,0.325886,0.614465,0.483769,0.598512,0.48689,0.299177,1.05815,0.00401983,0,0,0,0,0,-0.000685048,-0.000223247,0.0122658,0.058671,0.998277,0.998453,-0.00379431,-0.00278503,0.0413752,0.0310012,-0.00825389,0.0020495,0.000770199,0.0169471
353,1.09324,0.218744,-0.81407,0.549663,0.200089,0.579294,0.551524,0.713597,0.813399,0.196922,0.791501,0.564813,1.09803,0.00409771,0,0,0,0,0,-0.0901611,-0.049726,0.993058,0.0134724,0.999913,0.997062,-0.000514865,-6.04987e-06,0.00527914,0.0133441,-0.00596766,0.000476973,0.000633603,0.066847
354,1.54912,-0.371208,0.402131,0.00447704,-0.239625,0.40531,0.449353,0.777367,0.806218,0.204505,0.447261,0.347686,6.00997,0.0136913,0,0,0,0,0,0.0172915,0.00777,0.337039,0.100471,0.995001,1.00606,0.00224411,-0.000114441,0.0337739,0.0251798,-0.00933521,-0.000775406,-0.000229698,0.0219738
355,1.49748,1.65719,-0.863577,0.711619,1.10665,0.865777,1.75994,1.32613,4.85601,0.547306,1.84381,2.44512,1.02371,0.00395256,0,0,0,0,0,-0.208746,-0.367381,0.986984,0.0141087,0.999905,0.996954,-0.0025152,0.000935912,0.00514246,0.0413534,-0.00413368,0.000502918,-0.00191809,0.160954
356,1.14218,-0.270488,-0.527643,0.0423765,-0.236818,0.406399,0.332474,0.574343,0.440409,0.469513,0.415935,0.238889,2.56317,0.00695932,0,0,0,0,0,-0.000312802,-0.000103999,0.00655618,0.0803577,0.996767,0.998396,0.00155473,-0.00291011,0.0298119,0.0265199,-0.00406714,-0.00100751,-0.000894198,0.00960042
357,2.18895,2.1111,0.103723,0.00397047,0.964435,0.832586,2.30656,1.88065,8.85709,0.231829,0.9899,1.86166,1.64609,0.00516815,0,0,0,0,0,-0.0788371,-0.181843,0.694299,0.0935162,0.995773,1.01335,0.00145411,0.00172853,0.0175181,0.0544261,-0.00801145,0.000134917,0.000221561,0.068791
358,1.37542,0.907483,0.107125,0.0308287,0.659788,0.745305,1.11952,1.08197,2.424,0.218686,0.606949,0.656702,0.610115,0.00314476,0,0,0,0,0,-0.060408,-0.0676281,0.867659,0.0736104,0.997287,0.997025,0.00041759,0.00123334,0.0177074,0.0103972,-0.00682176,-3.56004e-05,3.92789e-06,0.0527769
359,1.39619,4.19001,-1.84135,6.5422,3.00102,0.998655,4.19049,1.39462,19.5052,0.596164,3.85542,5.37684,0.719903,0.00335919,0,0,0,1,0,-0.442101,-1.85262,0.999671,0.0132039,0.999928,0.994373,-0.0100555,0.00251245,0.00239608,0.0278401,-0.00163419,-4.28185e-05,8.58538e-05,0.33421
360,1.05528,-0.171554,0.00818743,0.00732196,-0.162567,0.43543,0.337392,0.559013,0.426329,0.266751,0.278976,0.155951,0.0956829,0.00214001,0,0,0,0,0,-0.0132157,-0.00445889,0.412982,0.0664965,0.997787,0.998073,0.00059104,0.000321209,0.0461972,0.0189192,-0.0057034,0.000558292,0.000250054,0.0150636
361,1.407,1.46249,0.175348,0.064216,1.03943,0.850698,1.57278,1.22807,3.9818,0.250823,0.768112,0.943296,0.691955,0.0033046,0,0,0,0,0,-0.0793978,-0.124875,0.901136,0.0531275,0.998594,0.99512,0.000754595,0.00154901,0.00736895,0.0123258,-0.00480657,-0.000592201,0.0005589,0.0528949
362,1.4453,0.759167,0.437549,0.0716562,0.525266,0.700301,1.02878,1.09062,2.24784,0.192433,0.30049,0.32772,1.63455,0.00514561,0,0,0,0,0,-0.0298768,-0.0307367,0.866783,0.0939986,0.995574,0.99731,-1.10865e-05,0.00135469,0.0198465,0.00922162,-0.00646442,-0.000169158,3.38431e-05,0.010044
363,2.56401,0.299049,-0.148247,0.0148703,0.116633,0.546425,1.1777,1.59993,3.94674,0.287872,0.82697,1.32309,1.2157,0.00432755,0,0,0,0,0,-0.0244957,-0.0288485,0.25823,0.0973598,0.995356,1.00994,0.00151134,0.000220388,0.0177542,0.0396566,-0.0114094,-6.43006e-05,0.000328796,0.0579109
364,1.65796,2.51779,0.209819,0.137694,1.51861,0.935569,2.56423,1.56628,9.0285,0.432976,1.42245,2.22795,0.565441,0.0030575,0,0,0,0,0,-0.150141,-0.384995,0.920171,0.0352383,0.999381,0.997307,0.00171256,0.00216579,0.010144,0.0289504,-0.00469777,0.000919624,-0.000270599,0.120378
365,1.18937,2.79901,-2.01134,0.523603,2.35336,0.990698,2.80267,1.17954,9.24628,0.856347,2.42425,2.85949,2.77961,0.00738205,0,0,0,0,0,-0.276051,-0.77368,0.992702,0.0210887,0.999781,0.997175,-0.00594532,0.00213408,0.00522433,0.0491984,-0.00213536,0.0025764,0.00592764,0.216662
366,1.81371,1.31396,0.720666,0.0182617,0.724461,0.765609,1.56534,1.45654,4.57179,0.3396,0.83358,1.21414,5.3329,0.0123689,0,0,0,0,0,-0.0735427,-0.115119,0.769129,0.0743608,0.997235,0.999839,0.00120938,0.0014621,0.0285608,0.0223493,-0.0123038,-0.0002125,-0.000222451,0.0584691
367,1.62626,1.86859,-0.242288,0.100138,1.14901,0.874724,1.97017,1.4536,5.99454,0.30276,0.940676,1.36737,0.765652,0.00344854,0,0,0,0,0,-0.0997136,-0.196453,0.924104,0.038472,0.999264,0.996485,0.00126493,0.0014056,0.00744559,0.0192394,-0.0068884,-0.000278043,-0.00011483,0.0644075
368,1.15322,1.37593,-0.988953,1.4493,1.19312,0.883589,1.44057,1.04092,3.15875,0.292207,1.57697,1.64149,0.821479,0.00355758,0,0,0,0,0,-0.180809,-0.260468,0.99955,0.0161327,0.999883,0.994825,-0.00302565,0.00093472,0.00280976,0.0193617,-0.0099946,-0.00082411,-0.00143169,0.138033
369,2.26753,1.68812,-0.0997535,0.00850531,0.744476,0.771706,1.99147,1.8328,7.32511,0.257143,1.03125,1.89006,1.08164,0.0040657,0,0,0,0,0,-0.0655054,-0.130452,0.55376,0.0830861,0.996575,1.0046,0.00190783,0.000622869,0.016015,0.0164159,-0.00879582,-0.000121689,8.62919e-06,0.0695945
370,0.808464,-0.314553,-0.110431,0.00818689,-0.389075,0.348611,0.190721,0.363088,0.168208,0.160866,0.161148,0.058511,1.22048,0.00433688,0,0,0,0,0,-0.0118656,-0.00226302,0.641906,0.0683532,0.997664,0.995327,-0.000129282,-9.9808e-05,0.0642743,0.00951659,-0.00450395,-0.000179461,-2.51922e-05,0.0100361
371,2.87681,3.61223,-0.163546,0.0140563,1.25564,0.895376,3.75287,2.62554,20.9775,0.232321,1.70124,4.46667,1.37944,0.00464735,0,0,0,0,0,-0.175158,-0.657343,0.897576,0.103633,0.994631,1.00008,0.00181389,0.00285864,0.0043028,0.0134364,-0.0185392,-5.81139e-05,-0.000158968,0.136357
372,1.62633,2.2515,0.272455,0.181129,1.3844,0.916882,2.31438,1.50892,7.63316,0.35555,1.10241,1.66345,0.640178,0.00320347,0,0,0,0,0,-0.120301,-0.278421,0.951327,0.0467271,0.998912,0.995857,0.00133085,0.00149608,0.00711965,0.0204308,-0.00497104,-3.03818e-05,-0.000753685,0.0828254
373,1.16991,0.361399,-0.523534,0.414654,0.30891,0.621305,0.671378,0.800856,1.09212,0.50142,0.891156,0.713688,0.813022,0.00354106,0,0,0,0,0,-0.0966581,-0.0648941,0.945565,0.0366287,0.999335,0.995947,-0.00196123,7.04825e-05,0.0133828,0.0225759,-0.00276807,-0.000344656,-0.00202899,0.0760981
374,1.32939,2.3929,0.556998,0.956073,1.8,0.964069,2.41238,1.28671,7.47518,0.322627,1.33397,1.71643,0.56965,0.00306572,0,0,0,0,0,-0.151571,-0.365645,0.99055,0.0185922,0.999835,0.995989,0.00126457,0.00227141,0.00322628,0.0227918,-0.00391264,0.00152736,-0.00185417,0.111587
375,3.09737,3.89315,0.770786,0.0171522,1.25692,0.895609,4.04425,2.82729,24.3495,0.3076,1.9066,5.39052,5.88537,0.013448,0,0,0,0,0,-0.201963,-0.816789,0.923459,0.102167,0.994805,1.00352,0.00362229,0.00252867,0.0093565,0.0398373,-0.00703025,0.000248489,-0.000736235,0.156874
376,2.33006,3.18963,-0.178713,0.0193031,1.3689,0.914485,3.28258,2.15746,15.43,0.18581,1.35035,2.91332,1.2863,0.00446542,0,0,0,0,0,-0.148307,-0.486831,0.957468,0.110925,0.993863,1.00217,0.00193453,0.00212812,0.00350818,0.00987093,-0.0123939,0.000100545,-0.000241202,0.0938037
377,1.30914,1.30455,-1.15543,1.79422,0.996491,0.840494,1.41535,1.13231,3.28534,0.316568,1.66575,1.88616,0.862592,0.00363788,0,0,0,0,0,-0.191028,-0.270372,0.999756,0.0161262,0.999871,0.998543,-0.0033567,-0.000137806,0.00284081,0.0208215,-0.0043101,0.000189509,0.000236548,0.143492
378,1.07227,-0.3753,-0.205049,0.00581955,-0.350006,0.363167,0.268136,0.495805,0.317719,0.224122,0.268059,0.132905,2.6879,0.00720292,0,0,0,0,0,0.00402552,0.00107939,0.130918,0.100453,0.994962,1.00123,0.00195503,-0.000300139,0.0304202,0.0191838,-0.00825864,-0.000367628,-0.000141115,0.00326559
379,2.34403,1.97849,-0.193022,0.0905248,0.844053,0.80068,2.23589,1.95727,8.8301,0.260607,0.632345,1.23767,0.641538,0.00320613,0,0,0,0,0,-0.0672186,-0.150294,0.926706,0.0925374,0.995711,0.993892,0.000282288,0.00192535,0.00535453,0.00915128,-0.00638172,-3.66718e-05,-4.33878e-05,0.000654387
380,1.3325,1.59543,-0.513986,2.09983,1.19732,0.884409,1.6693,1.20386,4.23585,0.337619,1.89722,2.284,0.354698,0.00264589,0,0,0,0,0,-0.217595,-0.363231,0.999854,0.0154309,0.999886,0.996733,-0.00343454,0.00168037,0.00291444,0.0225182,-0.00616407,0.000367075,0.000736719,0.164411
381,1.34517,1.79773,-0.760137,0.321468,1.33643,0.909296,1.85487,1.2403,4.97887,0.305923,0.895713,1.11095,1.34067,0.00457163,0,0,0,0,0,-0.0999389,-0.185373,0.972686,0.0342913,0.999415,0.996928,0.00142276,0.000859857,0.00703657,0.0223047,-0.00293627,0.00251325,-0.0021625,0.0730121
382,1.18772,1.15711,-0.275046,0.0778915,0.974226,0.835028,1.26148,1.02252,2.63686,0.26315,0.535427,0.547484,0.985507,0.00387794,0,0,0,0,0,-0.0571249,-0.0720616,0.930105,0.0638706,0.997959,0.996501,0.000221729,0.000859976,0.0119916,0.0134267,-0.00573516,0.000306169,-0.000605846,0.0333838
383,2.36058,1.71184,-0.349657,0.0143768,0.725179,0.765829,2.03861,1.89615,7.75132,0.228662,0.769001,1.45814,2.91615,0.00764874,0,0,0,0,0,-0.066113,-0.134778,0.749492,0.124727,0.992362,1.01076,0.00120521,0.000906825,0.0161659,0.0204711,-0.0139487,-0.000116769,0.000193248,0.0398616
384,1.89906,1.86842,-1.07914,0.099724,0.983865,0.837409,2.03263,1.63821,6.81534,0.313014,0.789857,1.29395,3.41726,0.00862746,0,0,0,0,0,-0.0840235,-0.170789,0.927383,0.0519092,0.998668,0.993014,0.000627279,0.00123668,0.0124104,0.00924861,-0.00484208,0.000189941,-0.000125578,0.046706
385,1.06917,0.412147,-0.354277,0.144851,0.385483,0.65006,0.665761,0.757381,1.01686,0.321448,0.857095,0.649147,0.930855,0.0037712,0,0,0,0,0,-0.0874477,-0.0582192,0.88946,0.05282,0.998609,0.995319,-0.00114322,3.72529e-05,0.00820282,0.0180888,-0.00290191,-0.00109578,-0.000794494,0.0737856
386,1.6728,1.86871,-0.0579537,0.00550198,1.11712,0.868028,1.98095,1.48477,6.12872,0.104815,0.896429,1.33099,0.781307,0.00347912,0,0,0,0,0,-0.0938192,-0.185851,0.912394,0.132418,0.991228,0.99945,0.000925779,0.00152683,0.00683228,0.00681741,-0.0099872,1.5773e-05,-0.000125939,0.0580303
387,1.16892,5.20206,-1.48851,8.02453,4.45032,0.999996,5.20206,1.16891,28.4278,0.657574,4.53542,5.30152,0.525464,0.00297942,0,0,0,1,0,-0.519978,-2.70495,0.999479,0.0089812,0.999961,0.998154,-0.00295746,0.0145564,0.00237298,0.025359,-0.00207749,-0.00119182,-0.00102791,0.387725
388,2.50091,1.89174,0.0114638,0.138281,0.756419,0.775301,2.21912,2.02927,9.04241,0.295119,0.638375,1.29543,0.0308282,0.00201334,0,0,0,0,0,-0.0679131,-0.150707,0.927438,0.0672321,0.997741,1.00026,0.000910044,0.00111187,0.00872245,0.0173584,-0.01035,-6.96012e-05,0.000337026,0.00292572
389,2.43984,2.20427,-0.391078,0.00686614,0.903451,0.816857,2.44376,2.07016,10.2576,0.221773,1.1356,2.35087,4.71962,0.0111711,0,0,0,0,0,-0.109772,-0.268256,0.842699,0.121919,0.992771,1.01418,0.00233531,0.00114632,0.00910258,0.0247788,-0.0178708,-0.000123806,0.000134055,0.0699464
390,2.53279,1.11005,0.116968,0.0144491,0.43827,0.669405,1.66238,1.83741,6.13958,0.295578,1.00326,1.8434,0.973077,0.00385367,0,0,0,0,0,-0.0584474,-0.097162,0.507877,0.0733353,0.997343,1.0058,0.00153661,0.000670314,0.0159983,0.0279688,-0.00602311,6.35785e-05,0.000120156,0.0592799
391,2.0314,1.28237,-0.579071,0.0497435,0.631276,0.73607,1.60948,1.58371,5.09855,0.331252,0.498885,0.790087,2.59635,0.00702412,0,0,0,0,0,-0.0448612,-0.0722033,0.78393,0.0768455,0.997056,0.99204,0.000149012,0.00112319,0.0162736,0.0134123,-0.00355362,-0.000182639,0.00042795,0.0137647
392,1.17678,1.17193,-0.630847,1.50283,0.995878,0.840345,1.27163,1.0177,2.65275,0.284502,1.50995,1.53668,0.514599,0.0029582,0,0,0,0,0,-0.173181,-0.220222,0.99987,0.016292,0.999875,0.995989,-0.0029068,5.50747e-05,0.00302197,0.0185652,-0.00625419,3.71656e-05,0.000241722,0.12997
393,1.57947,1.92318,0.0837348,0.0811721,1.21761,0.888314,2.00608,1.43348,6.07921,0.297713,0.954792,1.36867,0.293902,0.00252715,0,0,0,0,0,-0.100087,-0.200783,0.913853,0.0503193,0.998736,0.996557,0.00134218,0.0013032,0.00676219,0.0235225,-0.00421858,-0.000187071,-0.000658511,0.0639528
394,3.51802,4.47082,0.106727,0.0232393,1.27083,0.898106,4.63855,3.21683,31.8642,0.172156,1.22083,3.92721,0.700102,0.00332051,0,0,0,0,0,-0.135143,-0.626866,0.965037,0.102577,0.994787,1.0059,0.00239658,0.00206757,0.00374214,0.00977042,-0.00982955,-0.000118314,1.04393e-05,0.000332987
395,1.95607,-0.171691,0.115135,0.00440311,-0.0877733,0.465028,0.698544,1.08191,1.6585,0.223363,0.845991,0.91529,1.73512,0.00534203,0,0,0,0,0,-0.034708,-0.024245,0.35766,0.108178,0.994172,1.00311,0.00294614,0.000184223,0.016207,0.0196085,-0.00866251,-4.57519e-05,-0.000123096,0.0611808
396,1.64873,1.01665,0.282644,0.112987,0.616627,0.731259,1.28795,1.27949,3.29591,0.284151,0.434783,0.5563,0.840866,0.00359544,0,0,0,0,0,-0.0454105,-0.0584865,0.910522,0.0765779,0.997066,0.99506,0.000290871,0.00102472,0.016642,0.0151488,-0.00671174,0.000138891,-0.000411238,0.0236624
397,1.00759,-0.0734476,-0.201171,0.142777,-0.0728943,0.470945,0.367323,0.562173,0.450965,0.27975,0.631548,0.35504,0.532397,0.00299296,0,0,0,0,0,-0.0620679,-0.0227989,0.856776,0.0591911,0.998247,0.997227,-0.000221372,0.000282839,0.0132411,0.0157478,-0.00463185,0.000623808,0.00172586,0.0458482
398,1.53863,-0.923387,0.655672,0.0676975,-0.600134,0.274208,0.259293,0.585558,0.410111,0.623219,0.470899,0.275738,2.52,0.006875,0,0,0,0,0,-0.00384097,-0.000995938,0.0711083,0.0408469,0.999177,0.994424,-0.000427961,-0.00151199,0.0246798,0.0288873,-0.00619627,-0.0029067,-0.00120679,0.0112697
399,3.00204,3.08021,-0.370684,0.0140261,1.02604,0.847563,3.32139,2.6128,17.8583,0.260552,1.57045,4.10327,3.12993,0.00806628,0,0,0,0,0,-0.155916,-0.517857,0.865513,0.0922043,0.995803,1.00698,0.00204158,0.00208354,0.0107137,0.023684,-0.00791124,1.95283e-06,-0.000308654,0.125029
400,1.90927,3.14132,-0.284437,0.0818596,1.6453,0.950046,3.18081,1.82715,13.456,0.434211,1.45687,2.66191,0.994148,0.00389482,0,0,0,0,0,-0.151895,-0.483148,0.908928,0.0514502,0.998676,0.997384,0.00301731,0.000695229,0.0146778,0.0569199,-0.00447714,0.000956644,0.00109681,0.133588
401,4.06671,1.67959,-0.0799446,0.0149451,0.413009,0.6602,2.60367,2.91673,15.2864,0.293922,1.13448,3.30896,0.653942,0.00323036,0,0,0,0,0,-0.0647611,-0.168616,0.497651,0.102761,0.994807,1.00899,0.00420809,-0.000100136,0.0167938,0.020337,-0.0208864,-0.000121955,7.58793e-05,0.0423074
402,1.93837,1.75894,-0.0849796,0.00393591,0.907434,0.817911,1.94809,1.64601,6.5044,0.0596775,0.54479,0.896727,1.35454,0.00459871,0,0,0,0,0,-0.0602751,-0.117421,0.96453,0.1742,0.984898,1.00415,0.000872493,0.00113213,0.00367191,0.00599397,-0.0220089,-4.05122e-05,4.18834e-06,0.000179979
403,1.19463,0.410323,-0.703266,0.859205,0.343473,0.634379,0.711885,0.830461,1.19645,0.223334,0.95235,0.79089,0.758702,0.00343497,0,0,0,0,0,-0.109097,-0.0776649,0.998676,0.013755,0.999912,0.996368,-0.000684738,0.000166655,0.00383023,0.0148556,-0.00839656,-0.000485411,-0.000645899,0.0806367
404,1.63373,1.75137,-0.191633,0.0115569,1.07201,0.858142,1.8717,1.43596,5.56524,0.154373,0.80169,1.15119,1.78258,0.00543473,0,0,0,0,0,-0.0848118,-0.158742,0.922266,0.0858575,0.996313,0.999572,0.000913978,0.00136924,0.00811731,0.0109908,-0.0136094,0.000103262,-0.000227451,0.0537105
405,2.70416,2.42339,-0.332595,0.0752673,0.896173,0.81492,2.69169,2.29107,12.4942,0.252579,0.756413,1.73299,1.21231,0.00432091,0,0,0,0,0,-0.0822996,-0.221525,0.948517,0.0831606,0.996541,0.993592,0.00103211,0.00151825,0.00412326,0.0120543,-0.00291069,5.48455e-05,-0.000133754,0.000672422
406,0.854128,-0.53226,0.596063,0.0102264,-0.623162,0.266589,0.139205,0.318484,0.12081,0.304108,0.34929,0.111244,5.89429,0.0134654,0,0,0,0,0,0.0178845,0.00248961,0.446373,0.0675353,0.997725,0.993602,-0.00134045,-0.00101018,0.028026,0.0146955,-0.00411207,-0.000312405,-0.000293865,0.00705509
407,1.14739,0.64073,-0.722355,0.902634,0.558423,0.711722,0.845609,0.874566,1.47992,0.23454,1.09918,0.961307,0.760317,0.00343812,0,0,0,0,0,-0.125852,-0.106422,0.998156,0.012978,0.999925,0.995704,-0.00104618,0.000104547,0.00293043,0.0160593,-0.00107828,5.81329e-05,7.02119e-05,0.0935296
408,1.47493,1.5009,-0.714603,0.592523,1.01761,0.845567,1.6212,1.2814,4.27029,0.547245,1.72872,2.21519,0.928351,0.00376631,0,0,0,0,0,-0.195305,-0.316629,0.984906,0.0178318,0.999843,0.997614,-0.00162947,0.000900388,0.00634064,0.0429987,-0.00608594,0.000919541,-0.00160831,0.147453
409,1.26583,0.617782,1.00601,0.0428948,0.488047,0.687242,0.870991,0.939214,1.64075,0.180127,0.303078,0.284655,4.85735,0.0114401,0,0,0,0,0,-0.0261745,-0.0227978,0.75289,0.0797439,0.996821,1.00023,0.000200868,0.000594974,0.0232437,0.00926848,-0.000492755,2.34338e-05,0.000245707,0.0146763
410,1.18472,1.11705,-0.681922,1.4103,0.942882,0.827129,1.22655,1.01334,2.53128,0.280758,1.47687,1.49657,0.57422,0.00307465,0,0,0,0,0,-0.16932,-0.20768,0.99948,0.0166502,0.999874,0.994779,-0.0027802,-0.000136852,0.00264594,0.0186095,-0.000681589,7.23295e-05,0.000112787,0.127402
411,1.49384,1.44586,0.346047,0.108619,0.967886,0.833449,1.5785,1.28436,4.14126,0.238517,0.880502,1.13088,1.04999,0.00400388,0,0,0,0,0,-0.0879859,-0.138886,0.871143,0.0747946,0.997204,1.00031,0.00164878,0.000551462,0.00588358,0.0153905,-0.00564351,-0.000477904,0.00115556,0.0695649
412,2.81463,0.957288,0.0756954,0.020742,0.340111,0.633114,1.67122,1.95369,6.6099,0.409588,1.41398,2.76248,0.525586,0.00297966,0,0,0,0,0,-0.0662583,-0.110732,0.408512,0.0579326,0.998329,1.0025,0.00213289,0.000256777,0.0152882,0.0291163,-0.00573901,0.000936308,0.000297667,0.0929159
413,1.44712,-0.517685,-0.670878,0.0337297,-0.357736,0.360271,0.357819,0.665285,0.570639,0.509997,0.472238,0.314173,3.6529,0.00908769,0,0,0,0,0,-0.00432115,-0.00154619,0.079771,0.0676967,0.997707,0.998925,0.00180542,-0.00206047,0.0315263,0.0249603,-0.00400795,-0.000437793,-9.23593e-05,0.0148835
414,3.23617,1.61869,-0.0594796,0.00873921,0.500187,0.691528,2.2518,2.41441,10.9,0.315509,1.1538,2.78575,0.636256,0.00319581,0,0,0,0,0,-0.0792718,-0.178504,0.598955,0.091901,0.995913,1.01291,0.00179601,0.0015043,0.036421,0.0581657,-0.00957259,0.000308362,9.21679e-05,0.0915843
415,1.07995,5.00982,-1.48392,7.31713,4.63891,0.999998,5.00982,1.07995,26.2646,0.629745,4.33905,4.68597,0.548579,0.00302457,0,0,0,1,0,-0.497467,-2.49222,0.999486,0.00838492,0.999966,1.00166,-0.00598276,0.00981569,0.00196951,0.0234358,-0.0116551,-0.000416866,-6.38929e-05,0.372298
416,1.91917,1.14198,-0.797345,0.399243,0.595037,0.724091,1.46775,1.4794,4.34293,0.436215,0.463146,0.685179,1.26191,0.00441779,0,0,0,0,0,-0.0439805,-0.0645525,0.827844,0.0810548,0.996729,0.990527,0.005108,-0.00645924,0.00652584,0.0194844,-0.00139899,0.001192,-0.00284426,0.00565429
417,3.54859,0.95758,0.740326,0.02837,0.269848,0.606361,1.94805,2.3876,9.49556,0.437118,1.70103,4.06138,4.39535,0.0105378,0,0,0,0,0,-0.0828754,-0.161445,0.424738,0.0719451,0.997439,1.00519,0.00171757,0.000549078,0.0126533,0.0296247,-0.0135936,0.000371179,0.000279237,0.184374
418,1.39846,0.78211,0.158529,0.057353,0.559266,0.71201,1.03154,1.06621,2.20086,0.186578,0.314415,0.335232,0.661958,0.00324601,0,0,0,0,0,-0.0311635,-0.0321463,0.864071,0.0739849,0.997264,0.994142,1.93119e-05,0.000859618,0.0296038,0.00802222,-0.00403241,0.000244654,-0.000436306,0.00881517
419,1.1408,-0.994223,-0.0500795,0.0920734,-0.871517,0.191736,0.117732,0.340028,0.12948,0.684874,0.446439,0.151802,0.165041,0.00227547,0,0,0,0,0,-0.00671976,-0.000791131,0.13122,0.0567701,0.998388,0.996938,-0.00764239,-0.00594127,0.0478674,0.0408998,-0.00374907,-0.00185603,6.82529e-05,0.0145097
420,1.42946,0.211268,0.765804,0.0546241,0.147796,0.558748,0.678849,0.908492,1.28619,0.241109,0.218206,0.198238,3.27661,0.00835276,0,0,0,0,0,-0.0126799,-0.00860771,0.506588,0.0938861,0.995586,0.993323,-0.000230432,0.000330031,0.0374178,0.0130673,-8.62618e-05,-1.23273e-05,-0.000429643,0.00365215
421,1.55946,1.4773,-0.885557,2.42251,0.947318,0.828262,1.62043,1.33508,4.40825,0.366326,1.93049,2.57736,0.568963,0.00306438,0,0,0,0,0,-0.221368,-0.358712,0.999667,0.0177707,0.999858,1.00546,-0.00304174,0.000739694,0.00296617,0.024861,-0.0250309,-5.43223e-05,-7.72261e-05,0.166293
422,1.47866,-0.679659,0.188554,0.0144747,-0.459645,0.322886,0.311004,0.630162,0.493827,0.341763,0.450967,0.284182,1.56723,0.00501412,0,0,0,0,0,0.00707226,0.0021995,0.136716,0.0655447,0.997853,0.995296,0.00209951,2.82526e-05,0.0377722,0.0185561,-0.00673734,-0.00134295,-0.000246404,0.0232751
423,1.04262,1.57119,-0.873335,1.55655,1.50697,0.934091,1.60136,0.983386,3.5314,0.295565,1.71049,1.68207,0.700001,0.00332031,0,0,0,0,0,-0.196145,-0.314098,0.999688,0.0169359,0.999864,0.996053,-0.00425947,0.00087893,0.00249273,0.0183693,-0.00256099,-0.000331518,-0.000579688,0.148017
424,0.5626,-0.491792,-0.43431,0.0399584,-0.874141,0.191021,0.057706,0.167302,0.0313201,0.463283,0.35174,0.058847,2.17268,0.00619664,0,0,0,0,0,-0.0219108,-0.00126439,0.543055,0.0579121,0.998322,0.998405,-0.00771219,-0.00155777,0.0685726,0.0385565,-0.00326883,-0.0192452,-0.0106554,0.0285511
425,2.45538,0.605666,-0.0678459,0.0150104,0.246669,0.597418,1.31163,1.63537,4.3948,0.350694,1.12944,1.84706,0.553767,0.0030347,0,0,0,0,0,-0.0554152,-0.0726842,0.427732,0.0716492,0.997432,0.999633,0.00225449,0.000196815,0.0180651,0.0204882,-0.00669485,-0.000713973,-0.000164721,0.0683946
426,2.50494,2.51635,-0.428593,0.0105969,1.00455,0.842444,2.72541,2.17027,12.1379,0.34456,1.27116,2.75875,4.16348,0.0100849,0,0,0,0,0,-0.0897387,-0.244575,0.615443,0.0876542,0.99637,1.01724,0.00494385,0.000720501,0.0135556,0.0219784,-0.0123269,5.33523e-05,-0.000211921,0.102972
427,1.19571,0.813564,0.269798,0.0724501,0.680401,0.751875,0.991966,0.946785,1.8804,0.201683,0.498309,0.471792,1.00235,0.00391084,0,0,0,0,0,-0.0517393,-0.0513236,0.905166,0.0412754,0.999152,0.99637,0.000399232,0.00106359,0.0118521,0.0119436,-0.00534939,-9.35376e-05,0.000323475,0.0360821
428,1.10883,0.230495,-0.623042,0.238055,0.207872,0.582335,0.564895,0.726203,0.846477,0.217345,0.708645,0.51462,1.27696,0.00444719,0,0,0,0,0,-0.0792111,-0.0447459,0.974461,0.0294158,0.999568,0.9982,-0.000542402,2.60323e-05,0.0100531,0.0164376,-0.00581082,-0.000346555,-0.000997417,0.0605041
429,2.43867,2.25126,0.279838,0.0438756,0.923152,0.822036,2.48366,2.07747,10.4845,0.306475,0.812424,1.68779,1.33596,0.00456243,0,0,0,0,0,-0.0821868,-0.204124,0.881913,0.0576012,0.998363,0.991513,0.00117183,0.00126362,0.0149155,0.00828939,-0.00274606,0.000153814,-0.000143222,0.0504315
430,1.11693,0.180488,-0.102739,0.142668,0.161592,0.564186,0.538137,0.715644,0.801737,0.205964,0.60328,0.431733,0.272001,0.00248438,0,0,0,0,0,-0.0657338,-0.0353738,0.949897,0.029051,0.999581,0.996937,-0.00025332,-0.000176489,0.0087385,0.0173842,-0.00374947,-0.000225701,-0.000912858,0.0509642
431,1.00793,0.0190751,-0.0341763,0.0486171,0.018925,0.50755,0.413719,0.593631,0.523561,0.287848,0.528184,0.313546,0.155,0.00225586,0,0,0,0,0,-0.0423591,-0.0175248,0.699146,0.0536345,0.998561,0.998709,0.000115871,-8.99602e-05,0.0146357,0.0332472,-0.00410565,-0.00175013,-0.00281385,0.0355644
432,4.12759,0.886943,0.66173,0.0273209,0.214882,0.58507,2.12125,2.71145,11.8516,0.418461,1.50892,4.09137,4.00344,0.00977235,0,0,0,0,0,-0.0664516,-0.14096,0.383924,0.0695547,0.997614,1.00604,0.00259209,0.000224531,0.015033,0.0150342,-0.0104903,0.000186559,-9.91613e-05,0.14738
433,1.26244,2.28669,-0.794975,2.57864,1.81133,0.964955,2.30464,1.22296,6.80697,0.394708,2.33398,2.85435,0.49506,0.00292004,0,0,0,0,0,-0.267519,-0.616535,0.99923,0.0143441,0.999902,0.996792,-0.00318444,0.00544453,0.00256331,0.0237179,-0.00899626,-0.000239727,-0.00025547,0.203159
434,1.22023,2.78426,0.646099,1.1946,2.28176,0.988748,2.78861,1.20875,9.23745,0.347866,1.64327,1.98631,0.591136,0.00310769,0,0,0,0,0,-0.187758,-0.523586,0.996085,0.0171254,0.99986,0.996131,0.0014751,0.00301313,0.00325067,0.0237667,-0.00513516,0.00148518,-0.00169692,0.138742
435,1.11647,0.445359,-0.392155,0.614158,0.398897,0.655016,0.704766,0.795681,1.1298,0.213511,0.898327,0.714782,0.5004,0.00293047,0,0,0,0,0,-0.102399,-0.072167,0.993725,0.01438,0.999911,0.994559,-0.000712872,4.62532e-05,0.0037867,0.0148367,-0.00149002,-0.000734607,-0.00100229,0.0762725
436,3.19107,0.81277,-0.0747804,0.00804708,0.254701,0.600523,1.72097,2.13284,7.51074,0.273223,1.21049,2.58179,0.833621,0.00358129,0,0,0,0,0,-0.0511315,-0.0879956,0.368241,0.099224,0.995709,1.03152,0.00357294,0.000269949,0.0160715,0.051935,-0.0119012,2.58533e-06,0.000242216,0.0603369
437,1.91468,0.961332,0.160572,0.0461345,0.502085,0.692196,1.33459,1.42971,3.82522,0.252696,0.404749,0.578675,0.747577,0.00341324,0,0,0,0,0,-0.035432,-0.0472872,0.76316,0.0604952,0.998173,1.00121,0.000618815,0.000394583,0.0244988,0.0467896,-0.00433832,7.27312e-05,-0.00116602,0.00775772
438,1.95492,1.07097,0.123073,0.0117528,0.54783,0.708096,1.42502,1.48528,4.23675,0.293191,0.876891,1.30243,1.13524,0.0041704,0,0,0,0,0,-0.0552394,-0.0787174,0.549175,0.0633817,0.998016,1.00533,0.00179613,0.000652909,0.016746,0.0254092,-0.0076351,-0.000358949,-0.000160491,0.0542968
439,1.19895,1.90827,-0.661097,1.96567,1.59161,0.944264,1.93557,1.14308,5.05307,0.348235,1.9655,2.24671,0.47153,0.00287408,0,0,0,0,0,-0.225236,-0.435961,0.999017,0.015382,0.999888,0.996243,-0.00417113,0.00201535,0.00232587,0.0221013,-0.00452359,-0.000979271,-0.00113561,0.17091
440,1.08733,-0.162173,0.290919,0.0104157,-0.149148,0.440718,0.354935,0.580424,0.462871,0.303467,0.432105,0.250804,2.85055,0.0075206,0,0,0,0,0,-0.0199082,-0.00706613,0.401653,0.065937,0.997824,0.996866,0.00139189,-6.38962e-05,0.0267565,0.0323117,-0.00567567,0.00128908,0.000778466,0.0243599
441,1.62679,0.312589,0.210293,0.012566,0.192151,0.576188,0.812463,1.05826,1.78002,0.311292,0.925035,0.97893,1.87597,0.00561713,0,0,0,0,0,-0.0475376,-0.0386225,0.448009,0.0607251,0.998155,0.997522,0.00178945,8.91984e-05,0.0222532,0.0222532,-0.00572863,0.000475977,0.000343303,0.0643538
442,1.56349,1.68819,-0.624044,0.0594767,1.07976,0.859876,1.80159,1.37652,5.14053,0.272892,0.753378,1.03704,2.55883,0.00695084,0,0,0,0,0,-0.0796394,-0.143477,0.921556,0.111346,0.993813,1.00169,0.000987172,0.00069201,0.0131067,0.0150948,-0.0168175,0.000133568,-0.000165279,0.0442768
443,1.54708,0.86779,-0.212861,0.0214725,0.56092,0.712574,1.14311,1.18012,2.69938,0.217697,0.361612,0.426745,1.45263,0.0047903,0,0,0,0,0,-0.0306991,-0.0350924,0.740099,0.0689688,0.997619,0.99725,0.000208497,0.000602365,0.0359144,0.0151471,-0.00679498,-7.1084e-05,-0.000275264,0.0114535
444,1.96957,2.98725,0.716984,0.0890916,1.5167,0.935329,3.04272,1.86017,12.7184,0.361328,1.37508,2.55787,2.4021,0.00664473,0,0,0,0,0,-0.143989,-0.438117,0.912867,0.061159,0.99813,0.996359,0.000823855,0.00287747,0.00575185,0.0179425,-0.00373535,0.00100412,-0.00119239,0.101546
445,1.41164,1.46172,-1.23046,1.25973,1.03548,0.849777,1.57319,1.23108,3.99049,0.417467,1.64851,2.02944,1.0963,0.00409434,0,0,0,0,0,-0.187282,-0.29463,0.990403,0.0149265,0.999908,0.993679,-0.00242341,0.000783563,0.00338783,0.023168,-0.00795908,-0.000976733,-0.00200213,0.145857
446,1.63281,0.637463,0.430685,0.129575,0.390408,0.651883,1.02186,1.15922,2.38799,0.371615,0.37186,0.431067,1.19646,0.00428997,0,0,0,0,0,-0.0258675,-0.026433,0.606432,0.0767657,0.997055,0.993746,-2.14577e-06,0.000744283,0.016927,0.0189325,-0.00570678,-0.000377799,0.00116978,0.00663784
447,1.20125,0.855249,-0.69929,1.22163,0.711965,0.761757,1.02535,0.960822,1.97453,0.260043,1.28785,1.2374,0.632686,0.00318884,0,0,0,0,0,-0.147653,-0.151396,0.999498,0.0153682,0.999886,0.996867,-0.00187361,-0.000219882,0.00319127,0.0175934,-0.00191063,0.000557327,0.00100507,0.110122
448,3.26863,0.730824,0.367986,0.0261364,0.223587,0.588461,1.69795,2.15529,7.52831,0.422647,1.56939,3.38248,2.27619,0.00639881,0,0,0,0,0,-0.0731782,-0.124253,0.406498,0.061732,0.998104,1.0028,0.00300646,0.000354826,0.0171374,0.0227607,-0.0122335,-2.34222e-05,-0.000170958,0.132224
449,1.49694,1.21244,0.386208,0.76428,0.809946,0.791014,1.38911,1.23602,3.45736,0.554242,1.42023,1.75543,0.441768,0.00281595,0,0,0,0,0,-0.159931,-0.222161,0.981703,0.0402479,0.99919,0.999269,-0.00306237,0.00150061,0.00919722,0.0443356,-0.00224251,0.00305143,-0.00151467,0.125596
450,1.79018,2.43874,-0.192778,0.311223,1.36228,0.913446,2.5111,1.65615,9.04842,0.37651,0.972956,1.61136,0.345558,0.00262804,0,0,0,0,0,-0.105394,-0.264655,0.944346,0.0376435,0.9993,0.995043,0.0011214,0.00123882,0.00818704,0.0257919,-0.00388909,0.00125186,-0.000360924,0.0743891
451,1.15017,-0.457262,0.178095,0.0155654,-0.397562,0.345476,0.267792,0.513291,0.33518,0.357301,0.364076,0.186877,1.42749,0.00474119,0,0,0,0,0,-0.00276306,-0.000739924,0.0661614,0.0716418,0.99743,0.997327,0.00172842,-0.000231206,0.0317007,0.0212631,-0.00599309,-0.000195316,0.000323554,0.0111781
452,1.70546,0.549246,-0.48851,0.0510197,0.322052,0.626293,0.992999,1.1743,2.36502,0.58512,0.495535,0.581906,2.16274,0.00617723,0,0,0,0,0,-0.0150072,-0.0149022,0.264018,0.0575704,0.998343,0.996617,0.00233209,-0.00153548,0.0230381,0.0479458,-0.00511104,0.000806276,0.00139075,0.0162691
453,1.41441,-0.151216,-0.62992,0.0321003,-0.10691,0.45743,0.491576,0.773652,0.840183,0.472413,0.463581,0.35865,3.51585,0.00882002,0,0,0,0,0,-0.0022076,-0.0010852,0.0415147,0.0789898,0.99688,0.999815,0.000352144,-0.00180154,0.0290504,0.0208339,-0.00160791,-0.000230994,-0.000446227,0.00923517
454,2.00127,0.357752,0.661528,0.0116599,0.178763,0.570938,0.982404,1.29446,2.64074,0.318266,0.844819,1.09358,6.12633,0.0139186,0,0,0,0,0,-0.0411133,-0.0403898,0.424253,0.0943552,0.995562,1.00232,0.00126672,0.000329882,0.0226911,0.0162385,-0.0214997,-0.000223091,6.8733e-05,0.0486598
455,0.898035,0.224013,-0.348726,0.142346,0.249448,0.598493,0.481309,0.598849,0.590279,0.271886,0.74231,0.444532,0.924296,0.00375839,0,0,0,0,0,-0.0788455,-0.037949,0.925973,0.0468283,0.998904,0.997472,-0.000402033,0.000380039,0.00789395,0.017754,-0.00416584,-0.000678924,0.000336066,0.0612909
456,1.32912,2.06415,0.186964,0.286262,1.55303,0.939791,2.09775,1.26161,5.99222,0.36559,1.22431,1.5446,0.349442,0.00263563,0,0,0,0,0,-0.136551,-0.28645,0.972323,0.0487806,0.99881,0.997975,0.000993371,0.00165439,0.00483304,0.0193264,-0.00976178,-0.000315898,0.000940331,0.0960178
457,1.20416,0.205855,0.463903,0.0708705,0.170953,0.56787,0.585798,0.775777,0.944989,0.309165,0.26771,0.207683,1.74259,0.00535662,0,0,0,0,0,-0.0187633,-0.0109915,0.611014,0.0514766,0.998682,0.994657,0.00103343,-0.000200033,0.0267545,0.0161334,-0.00448202,4.8493e-05,0.000512074,0.00639616
458,1.21141,1.08702,-0.193575,0.0775312,0.897316,0.815225,1.20701,1.02659,2.51078,0.264326,0.734292,0.75382,0.695201,0.00331094,0,0,0,0,0,-0.0758713,-0.0915777,0.900773,0.0461445,0.998949,0.99361,0.000477076,0.00108433,0.00866604,0.0135194,-0.0044313,-0.000198345,0.000595176,0.0522628
459,3.00198,3.8771,0.0900941,0.0106563,1.29152,0.901737,4.0153,2.75212,23.6968,0.141543,1.17821,3.24258,0.872756,0.00365773,0,0,0,0,0,-0.123616,-0.496355,0.914655,0.139504,0.990497,1.01386,0.00197911,0.00210118,0.00563691,0.00461775,-0.00579591,-1.81526e-05,-6.41388e-05,0.0348479
460,4.03325,1.43821,0.0924273,0.0213351,0.356588,0.6393,2.43716,2.82027,13.8937,0.402526,1.64226,4.63161,0.63278,0.00318902,0,0,0,0,0,-0.0698444,-0.170222,0.370763,0.0517583,0.998689,1.00636,0.00200415,0.000710249,0.0134704,0.0201177,-0.00865149,-2.93529e-05,-0.000176099,0.125797
461,2.11006,1.673,0.350255,0.0552655,0.792868,0.786073,1.9307,1.73256,6.72939,0.18429,0.534165,0.925474,1.4899,0.00486309,0,0,0,0,0,-0.0586794,-0.113292,0.957673,0.101065,0.994893,1.00005,0.000682354,0.00112247,0.00869509,0.0148377,-0.00724885,-0.000240917,0.000422016,0.00353079
462,0.934763,-0.26575,0.0480848,0.00725844,-0.284296,0.388092,0.256013,0.453869,0.27154,0.260875,0.321167,0.145768,0.564399,0.00305547,0,0,0,0,0,-0.00390808,-0.00100052,0.106081,0.0615682,0.99811,0.994373,0.00116885,-0.000124514,0.0384916,0.0113561,-0.00655185,-0.000576155,-7.35082e-05,0.016259
463,1.36945,-0.718758,0.338939,0.00462399,-0.524851,0.299843,0.25567,0.556468,0.375023,0.205076,0.419856,0.233636,4.98441,0.0116883,0,0,0,0,0,0.0147789,0.00377853,0.306867,0.0899723,0.995986,1.00509,0.00226247,-7.689e-06,0.032813,0.024202,-0.00752869,-0.000986046,-0.000199333,0.0188222
464,1.58806,-0.62763,-0.478255,0.077274,-0.395217,0.346341,0.371097,0.709954,0.641748,0.654989,0.545261,0.387111,1.72046,0.00531339,0,0,0,0,0,-0.00539898,-0.00200354,0.0863206,0.0529423,0.998599,0.997058,0.00212646,-0.00263035,0.0226608,0.0281279,-0.00639938,0.00246582,0.00131545,0.013879
465,3.36227,4.15909,-0.439309,0.020744,1.23699,0.891955,4.32843,3.06152,28.1082,0.29843,1.87774,5.74872,3.05017,0.00791048,0,0,0,0,0,-0.201802,-0.873484,0.936908,0.108669,0.994149,1.00601,0.00289369,0.00284243,0.0081589,0.0216304,-0.00938486,0.000212038,-0.00044361,0.150459
466,2.2198,2.28266,-0.0556534,0.00445785,1.02832,0.8481,2.46026,1.93292,9.78908,0.0640455,0.672049,1.29902,0.833546,0.00358114,0,0,0,0,0,-0.0743682,-0.182965,0.964703,0.152435,0.988415,1.00261,0.00104928,0.00141478,0.00371651,0.00390127,-0.00731716,-3.85715e-05,-1.33038e-05,0.000192558
467,2.12635,0.474826,0.355162,0.0105828,0.223305,0.588351,1.10419,1.40191,3.18461,0.300323,0.948037,1.32907,3.45244,0.00869617,0,0,0,0,0,-0.0448725,-0.049548,0.412631,0.0493563,0.998781,0.998055,0.00135398,0.000216544,0.0183088,0.0178622,-0.00809948,-5.20867e-05,-5.02773e-06,0.0620643
468,1.15718,-0.314424,0.479498,0.00726838,-0.271717,0.39292,0.322203,0.567115,0.425435,0.231935,0.301398,0.170927,5.6243,0.0129381,0,0,0,0,0,-0.00490808,-0.0015814,0.141964,0.0682575,0.997674,1.00132,0.000926614,2.86996e-05,0.0427137,0.0175352,-0.0117766,-0.000747024,-8.78576e-05,0.0143793
469,1.17914,0.245113,-0.184795,0.461849,0.207874,0.582336,0.600716,0.772252,0.957233,0.20119,0.765565,0.591209,0.27192,0.00248422,0,0,0,0,0,-0.0867176,-0.0520927,0.987489,0.0161768,0.999872,0.997687,-0.00054419,-4.21703e-06,0.00478223,0.0144304,-0.00317749,-0.00126901,-0.00203994,0.0651232
470,1.47285,2.20559,-0.517888,0.855806,1.49749,0.932868,2.24931,1.38738,6.98423,0.605012,2.17736,3.02083,0.559819,0.00304652,0,0,0,0,0,-0.24744,-0.556571,0.99071,0.0140351,0.999903,0.997965,-0.0037092,0.00246429,0.00415673,0.0530783,-0.00471543,0.00176879,-0.00374196,0.192723
471,1.1224,0.867131,-0.372987,0.276071,0.77257,0.780112,1.0097,0.915518,1.85766,0.508508,1.11785,1.02342,0.709877,0.0033396,0,0,0,0,0,-0.125873,-0.127093,0.981644,0.0298739,0.999563,0.995284,-0.00260222,-5.67436e-05,0.0138823,0.035024,-0.00415975,-0.00425345,-0.00725814,0.0931201
472,1.39083,0.672282,-0.229136,0.0478319,0.483368,0.685583,0.952855,1.02978,1.96838,0.192642,0.28146,0.289842,1.04769,0.0039994,0,0,0,0,0,-0.024055,-0.0229209,0.745065,0.0765406,0.997067,0.995724,0.000204921,0.000407457,0.028452,0.00623863,-0.00740605,7.74207e-06,6.47209e-05,0.00805833
473,1.15621,1.02493,-0.0843866,0.0679957,0.886458,0.812314,1.14128,0.977671,2.25835,0.286482,0.592843,0.579605,0.323618,0.00258519,0,0,0,0,0,-0.0628834,-0.0717674,0.924706,0.0500655,0.998752,0.995306,-4.39882e-05,0.00149,0.0201081,0.0208071,-0.00504459,-0.000144745,0.000830369,0.0390459
474,2.58095,0.404577,0.282622,0.00703584,0.156755,0.562281,1.23726,1.64898,4.24994,0.263212,1.12363,1.85285,3.36936,0.0085339,0,0,0,0,0,-0.0449904,-0.0556646,0.349062,0.0766855,0.997097,1.00621,0.00282526,0.000279844,0.0172405,0.0257578,-0.0142282,-0.000135923,7.00737e-05,0.0759983
475,1.41283,0.316581,1.24021,0.0406346,0.224075,0.588651,0.734363,0.931797,1.40754,0.394747,0.403701,0.376168,6.15245,0.0139696,0,0,0,0,0,-0.0145273,-0.0106683,0.313713,0.0947185,0.995507,0.997957,-0.00123072,0.000174701,0.048488,0.0282565,-0.00725771,-0.00190039,-0.000832503,0.0222044
476,1.30553,1.76681,-0.0310149,0.174449,1.35333,0.912024,1.82051,1.20638,4.7696,0.315346,0.837679,1.01056,0.0742568,0.00209816,0,0,0,0,0,-0.0897468,-0.163385,0.934003,0.0569278,0.998378,0.998776,0.000844002,0.00118673,0.0104829,0.0221653,-0.0060843,0.00124229,-0.000262455,0.0609415
477,1.42988,0.914644,0.45687,0.0853835,0.639663,0.738804,1.14201,1.1177,2.55342,0.177466,0.348145,0.389121,1.56353,0.00500689,0,0,0,0,0,-0.0358926,-0.0409896,0.898776,0.0751648,0.997172,0.996036,0.000195742,0.000581026,0.0265324,0.0103087,-0.00259274,0.000185286,-0.000226915,0.0183507
478,0.726548,-0.227719,-0.482908,0.00324555,-0.313426,0.376978,0.191316,0.345226,0.155783,0.14759,0.173963,0.0600567,8.47657,0.0185089,0,0,0,0,0,-0.01517,-0.00290226,0.760212,0.104766,0.994519,1.00119,-1.45435e-05,-0.000180289,0.0516564,0.0149403,-0.00582876,-0.000221303,-0.000301148,0.00521846
479,1.39963,1.25841,-0.168672,0.133515,0.899102,0.815701,1.39669,1.18653,3.35858,0.277811,0.742646,0.881169,0.461612,0.00285471,0,0,0,0,0,-0.0774376,-0.108156,0.909027,0.0560219,0.998438,0.994381,0.0011971,0.000602365,0.00958249,0.0125848,-0.0051315,-0.000249157,0.00066501,0.0525784
480,1.27512,2.78476,-1.09447,3.21286,2.18393,0.985516,2.79145,1.25829,9.37547,0.420786,2.74502,3.45403,0.610601,0.0031457,0,0,0,0,0,-0.314726,-0.87854,0.999525,0.0139612,0.999909,0.9964,-0.00613368,0.00351334,0.00213861,0.0259529,-0.00526378,0.000609414,0.000894805,0.23814
481,1.53088,3.25224,-1.77486,5.51315,2.12443,0.983183,3.26183,1.50725,12.9113,0.543986,3.21169,4.84082,0.755899,0.00342949,0,0,0,0,0,-0.368342,-1.20147,0.999825,0.0129164,0.999921,0.99712,-0.00818706,0.00224137,0.00226121,0.0271937,-0.00973636,0.00026852,0.000560656,0.279192
482,3.36157,4.28335,0.0229984,0.0116103,1.27421,0.898706,4.44272,3.07508,29.1939,0.116012,1.1694,3.59598,0.21344,0.00237,0,0,0,0,0,-0.129505,-0.575354,0.965453,0.112502,0.993664,0.998663,0.0021956,0.00210047,0.00385807,0.00560698,-0.00611962,-8.17932e-05,-1.28225e-05,0.000333653
483,1.19737,1.82825,-0.566979,2.09469,1.52689,0.936606,1.861,1.13244,4.74575,0.339663,1.99885,2.26359,0.391748,0.00271826,0,0,0,0,0,-0.229227,-0.426592,0.999752,0.0184646,0.999834,0.996715,-0.00575876,0.000125766,0.00256175,0.0216363,-0.0116366,0.00037171,0.000565187,0.172131
484,2.12639,2.65833,-0.0835327,0.0079237,1.25017,0.89438,2.7632,1.93934,11.3963,0.140809,1.25904,2.44171,0.938409,0.00378596,0,0,0,0,0,-0.131745,-0.364039,0.912226,0.122518,0.992486,0.998754,0.00138545,0.00208378,0.0068039,0.0078758,-0.0124959,4.24528e-05,-0.000192715,0.0828628
485,1.48496,0.934536,0.172787,0.0567123,0.629335,0.735435,1.17435,1.15699,2.71771,0.213565,0.604126,0.698967,0.725557,0.00337023,0,0,0,0,0,-0.0588294,-0.069086,0.848932,0.0577846,0.998332,0.996129,0.000581503,0.000941753,0.0124047,0.0120289,-0.00813549,-0.000330483,0.000388936,0.0416507
486,1.68065,0.46615,0.624056,0.204081,0.277363,0.609249,0.930671,1.13454,2.15333,0.507839,0.389681,0.44211,1.38141,0.00465119,0,0,0,0,0,-0.0171253,-0.015938,0.383121,0.0500721,0.998748,0.996446,0.000965953,-0.000646442,0.0286604,0.0258896,-0.00269501,-0.000757821,-0.000898788,0.00959525
487,1.74288,1.18876,-0.297908,0.026049,0.682067,0.752402,1.4481,1.38078,4.00355,0.255157,0.67677,0.934467,1.84581,0.00555821,0,0,0,0,0,-0.0706653,-0.102331,0.910274,0.0433697,0.999077,0.993169,0.00069344,0.00126195,0.0125125,0.00963499,-0.00514882,0.000149778,-0.000136873,0.0584175
488,1.10928,-0.144515,0.836545,0.0295386,-0.130279,0.448173,0.372565,0.598597,0.497123,0.210005,0.144394,0.0864338,4.86737,0.0114597,0,0,0,0,0,-0.00759862,-0.00283098,0.458768,0.0686347,0.997647,0.994308,-9.71556e-05,1.58548e-05,0.0582069,0.00432595,-0.00668614,-5.09043e-05,0.000113381,0.00271957
489,1.41712,4.91815,-1.7537,8.61038,3.47051,0.99974,4.91824,1.41677,26.1963,0.677707,4.44414,6.29632,0.597646,0.0031204,0,0,0,1,0,-0.509636,-2.50651,0.999722,0.00906375,0.999959,0.999494,-0.00475085,0.0118957,0.00183676,0.028527,-0.0212052,-0.00112161,-0.00125469,0.38132
490,1.15014,-0.660446,-0.602055,0.0590781,-0.574229,0.282906,0.200996,0.447797,0.240921,0.606046,0.530415,0.237519,2.47698,0.00679098,0,0,0,0,0,-0.00606934,-0.00121991,0.0997544,0.077353,0.997005,0.995399,-0.00610554,-0.00419623,0.0350206,0.0221585,-0.00533715,0.00325049,0.000788995,0.0156687
491,1.45379,0.821073,-0.739294,0.023866,0.56478,0.713888,1.07844,1.11027,2.39572,0.264709,0.570726,0.633658,4.7855,0.0112998,0,0,0,0,0,-0.0555403,-0.0598968,0.848374,0.0448746,0.999021,0.991524,0.000666261,0.000760436,0.0183054,0.00775396,-0.00415684,6.25584e-06,-3.8387e-06,0.0377679
492,1.4782,0.325787,0.300228,0.0192013,0.220395,0.587218,0.764871,0.973357,1.53245,0.316961,0.349029,0.339729,2.16664,0.00618484,0,0,0,0,0,-0.0163004,-0.0124677,0.407139,0.058202,0.998313,0.994365,0.00163734,-0.00038445,0.0262877,0.0128889,-0.00327587,-0.000330459,-9.36396e-05,0.0129197
493,0.76388,-0.333419,0.200518,0.0431943,-0.436481,0.331244,0.167078,0.331173,0.137591,0.244141,0.199861,0.0661885,0.964806,0.00383751,0,0,0,0,0,-0.00792033,-0.00132332,0.34548,0.0818327,0.996649,0.994344,-0.00174528,-0.00138751,0.0472661,0.0100047,-0.00502392,0.00016016,0.000335351,0.0112366
494,1.1376,-0.355034,-0.0482236,0.0286363,-0.31209,0.377486,0.300106,0.541079,0.38283,0.453734,0.497077,0.268958,0.284972,0.00250971,0,0,0,0,0,0.00100045,0.00030024,0.0175459,0.0650783,0.997881,0.996391,0.00478756,-0.00151819,0.0244435,0.0191732,-0.00612026,0.00115058,-6.91478e-05,0.00522197
495,1.32068,3.33139,-1.2821,4.9129,2.52248,0.994173,3.33396,1.31346,12.8405,0.514266,3.17111,4.16513,0.578432,0.00308287,0,0,0,0,0,-0.363669,-1.21246,0.999771,0.012378,0.999931,0.995921,-0.0074414,0.00326967,0.00253101,0.0247703,-0.0134274,-0.000245422,-0.000181627,0.275453
496,2.64394,1.06272,0.0682224,0.00750875,0.401943,0.656137,1.6741,1.88685,6.36283,0.272011,1.10748,2.08966,0.787306,0.00349083,0,0,0,0,0,-0.0537906,-0.090051,0.423425,0.0871986,0.996432,1.01833,0.00331712,0.000215173,0.0171448,0.0276167,-0.00818522,-2.62029e-05,0.000180173,0.0598288
497,1.48977,-0.774558,-0.0191661,0.0540972,-0.519917,0.301561,0.280797,0.607519,0.447927,0.56963,0.529145,0.321466,0.0824034,0.00211407,0,0,0,0,0,-0.000188272,-5.28662e-05,0.00310182,0.0444256,0.99902,0.995294,0.00539601,-0.00112003,0.0318258,0.0410628,-0.00509959,-0.00368858,-0.0015736,0.01355
498,1.32849,0.217034,0.505405,0.0574091,0.163368,0.564886,0.641246,0.852081,1.13724,0.174712,0.230474,0.196382,2.10935,0.00607296,0,0,0,0,0,-0.0212723,-0.0136408,0.804637,0.0842642,0.996444,0.995072,0.000367761,0.000236794,0.0251554,0.00777844,-0.00392834,8.92994e-05,-0.000305116,0.00488315
499,2.35985,2.20479,0.0421447,0.0848179,0.93429,0.824923,2.42585,2.01492,9.94463,0.272804,0.645669,1.30097,0.14471,0.00223576,0,0,0,0,0,-0.0676213,-0.164039,0.91302,0.0984313,0.995145,0.996919,0.000478506,0.00166345,0.0055166,0.0117374,-0.00677137,-0.00015938,0.000160502,0.00286509
500,2.32907,2.20462,-0.154566,0.0265203,0.946565,0.82807,2.41864,1.99366,9.82451,0.16189,0.668479,1.33272,0.949126,0.00380689,0,0,0,0,0,-0.0734136,-0.177561,0.957405,0.103244,0.994668,0.999635,0.00094986,0.00149655,0.00428085,0.0168612,-0.00439702,0.00018606,-0.000275768,0.000623599
501,3.14313,4.34719,0.0484243,0.0253509,1.38308,0.916679,4.46904,2.9157,28.4737,0.260756,2.01023,5.86122,0.304135,0.00254714,0,0,0,0,0,-0.206869,-0.924507,0.897133,0.088903,0.996075,1.00436,0.00250316,0.00343943,0.00635716,0.0169205,-0.00993209,9.96386e-05,-0.000393592,0.149918
502,1.17598,-1.15889,-0.386178,0.104328,-0.985468,0.162197,0.101412,0.312272,0.107798,0.835347,0.531409,0.165944,1.1956,0.00428828,0,0,0,0,0,-0.00681863,-0.00069149,0.11186,0.108527,0.994098,0.997184,-0.0115199,-0.0182655,0.030047,0.0333056,-0.00409844,-0.00602748,-0.00296099,0.011313
503,2.7979,2.45516,0.06669,0.0591046,0.877499,0.809892,2.74035,2.36162,13.0868,0.231864,0.772915,1.82533,0.274315,0.0024889,0,0,0,0,0,-0.0836287,-0.229172,0.943258,0.0951327,0.995471,0.992036,0.00102758,0.00203085,0.00519205,0.0140501,-0.0036188,2.20494e-06,-0.000182263,0.0019862
504,1.53929,0.989046,0.243938,0.034097,0.642533,0.739736,1.23274,1.20431,2.97,0.195701,0.39319,0.473521,1.32106,0.00453332,0,0,0,0,0,-0.0399862,-0.0492926,0.886573,0.0916592,0.99579,0.996038,0.00022912,0.000764489,0.0250837,0.0128871,-0.0058711,-2.40128e-05,9.47608e-05,0.0184308
505,3.20533,4.1897,0.108842,0.0114127,1.3071,0.904411,4.33329,2.94436,27.4466,0.151584,1.26424,3.72238,1.01884,0.00394304,0,0,0,0,0,-0.132771,-0.575335,0.915545,0.111741,0.993825,1.007,0.00220227,0.00219584,0.00505766,0.00693776,-0.00708549,-5.92391e-05,-3.5178e-05,0.0388434
506,1.15417,0.874019,1.40339,0.0997559,0.75727,0.775556,1.02487,0.936767,1.92789,0.356213,0.382487,0.358301,4.44333,0.0106315,0,0,0,0,0,-0.0318131,-0.0326042,0.725095,0.0783693,0.996928,0.999424,-0.00207889,0.00292563,0.0225186,0.0326331,-0.00368849,0.000441966,-0.00215774,0.0133316
507,2.45449,2.64207,-0.0620023,0.00729728,1.07643,0.859132,2.82128,2.15942,12.6227,0.0824909,0.765973,1.65406,0.725818,0.00337074,0,0,0,0,0,-0.0846949,-0.238948,0.963941,0.138679,0.99051,1.00897,0.00136232,0.00144887,0.00370949,0.00455347,-0.00469362,-1.85659e-05,-3.923e-05,0.000219561
508,1.27305,0.833719,0.802975,0.0524742,0.6549,0.743734,1.03147,0.999898,2.06374,0.221993,0.482276,0.482227,3.50533,0.00879947,0,0,0,0,0,-0.0472784,-0.0487665,0.854622,0.0951027,0.995471,0.99827,-0.000388622,0.00168806,0.0193734,0.0101234,-0.00667919,0.000233903,-0.000534028,0.0305962
509,1.6751,0.598598,0.709868,0.285369,0.35735,0.639585,1.01302,1.17172,2.39915,0.564489,0.443227,0.519339,1.32884,0.00454852,0,0,0,0,0,-0.0207267,-0.0209967,0.407673,0.0481587,0.998858,0.992825,0.00322974,-0.0029642,0.0133426,0.0310652,-0.00305012,-0.000373842,-0.00181326,0.00485675
510,0.916778,0.217164,0.0753423,0.0608749,0.236878,0.593624,0.484007,0.608007,0.603935,0.29904,0.493226,0.299885,0.305366,0.00254954,0,0,0,0,0,-0.0427038,-0.0206689,0.754793,0.0660167,0.997819,0.998944,-0.00119084,-0.00060904,0.019372,0.0306651,-0.00263913,-0.000992047,-0.00251602,0.0353467
511,1.32806,0.774591,1.41569,0.0518716,0.583249,0.720137,1.0038,1.02002,2.04804,0.258423,0.349813,0.356816,6.21589,0.0140935,0,0,0,0,0,-0.0305116,-0.0306274,0.760388,0.0783096,0.996929,0.997434,-6.19888e-05,0.00115341,0.0329745,0.0132087,-0.00114334,-0.000157059,0.000467005,0.0182172
