[REPLAY] starting offline corpus replay over 1 corpus path(s)
[REPLAY] start-model: v5-cont-replay-step106333.safetensors modelID=20260729-1-VZ2j encoding=basic30
[REPLAY-ARCH] (start-model) v5 . in basic30(30) -> stem 128 (7x7) . 5x[7x7+7x7 @128, SE+/4, relu/pre, clean_add, ReZero(0.447·tanh≤0.447), out:layer_norm, drop*1] . act relu . policy intermediate_conv(4864) . value WDL(16->FC128) . bfloat16 . 8,447,028 params
[REPLAY-HPARAMS] lr=0.01 batch=4096 wd=0.00025 momentum=0.93 gradClip=30 entropyBonus=0 drawPenalty=0 policyW=1 valueW=1 illegalW=1 pLabelSmooth=0.1 vLabelSmooth=0.013 lrWarmup=500 bufCap=1000000 replayRatio=0.48 minPrefill=500000 complementCE=on sqrtBatchLR=on
[REPLAY] corpus 20260624-192615-w3aA5b: 46 sealed shard(s)
[REPLAY] --start-game-index 0 -> shard-00000.dcmgames offset 0 (skipping 0 games on the first pass)
[REPLAY] building network + trainer (encoding=basic30)
[REPLAY] start-model weights loaded into trainer (working+masters, velocity zeroed) + feeder net (base tensors=110)
[REPLAY] trainer-model output: /Users/andrew/Downloads/v5-continue-bundle/v5-cont-replay-latest.safetensors
[REPLAY] batchSize=4096 reuse=0.48 K=8533 minPrefill=500000 stepLimit=none epochLimit=1
[REPLAY] pre-filled: bufCount=500032 positionsFed=500032 gamesFed=7563
[REPLAY] step=1 loss=3.7188 pLoss=2.7188 vLoss=0.9961 pEnt=-- pIllM=0.0018 playedP=-- pW=-- pD=-- pL=-- vAbs=-- gNorm=2.531 lr=2e-05 ms=3681.1 buf=500032 plies=500032 games=7563 epoch=0
[REPLAY] step=50 loss=3.6719 pLoss=2.6250 vLoss=1.0469 pEnt=2.500 pIllM=0.0022 playedP=0.226 pW=0.47 pD=0.07 pL=0.46 vAbs=0.248 gNorm=1.172 lr=0.001 ms=3551.2 buf=918157 plies=918157 games=13918 epoch=0
[REPLAY] step=100 loss=3.7656 pLoss=2.6562 vLoss=1.1016 pEnt=2.656 pIllM=0.0023 playedP=0.197 pW=0.48 pD=0.08 pL=0.44 vAbs=0.275 gNorm=1.102 lr=0.002 ms=3537.6 buf=1000000 plies=1344849 games=20422 epoch=0
[REPLAY] step=150 loss=3.5781 pLoss=2.5625 vLoss=1.0078 pEnt=2.859 pIllM=0.0018 playedP=0.171 pW=0.48 pD=0.07 pL=0.45 vAbs=0.252 gNorm=0.844 lr=0.003 ms=3503.1 buf=1000000 plies=1771473 games=26858 epoch=0
[REPLAY] step=200 loss=3.6250 pLoss=2.6562 vLoss=0.9688 pEnt=2.641 pIllM=0.0012 playedP=0.193 pW=0.47 pD=0.06 pL=0.47 vAbs=0.275 gNorm=1.672 lr=0.004 ms=3519.9 buf=1000000 plies=2198168 games=33332 epoch=0
[REPLAY] step=250 loss=3.6562 pLoss=2.6250 vLoss=1.0312 pEnt=2.562 pIllM=0.0022 playedP=0.207 pW=0.47 pD=0.07 pL=0.46 vAbs=0.248 gNorm=1.820 lr=0.005 ms=3513.3 buf=1000000 plies=2624774 games=39724 epoch=0
[REPLAY] step=300 loss=3.8750 pLoss=2.6562 vLoss=1.2188 pEnt=2.734 pIllM=0.0021 playedP=0.185 pW=0.59 pD=0.07 pL=0.35 vAbs=0.348 gNorm=3.062 lr=0.006 ms=3522.0 buf=1000000 plies=3051438 games=46181 epoch=0
[REPLAY] step=350 loss=3.4844 pLoss=2.5312 vLoss=0.9453 pEnt=2.641 pIllM=0.0014 playedP=0.212 pW=0.47 pD=0.03 pL=0.50 vAbs=0.247 gNorm=1.156 lr=0.007 ms=3539.5 buf=1000000 plies=3478099 games=52668 epoch=0
[REPLAY] step=400 loss=3.7344 pLoss=2.7812 vLoss=0.9531 pEnt=2.609 pIllM=0.0014 playedP=0.186 pW=0.48 pD=0.06 pL=0.46 vAbs=0.250 gNorm=5.219 lr=0.008 ms=3524.8 buf=1000000 plies=3904701 games=59094 epoch=0
[REPLAY] step=450 loss=3.6562 pLoss=2.6719 vLoss=0.9805 pEnt=2.781 pIllM=0.0011 playedP=0.181 pW=0.47 pD=0.06 pL=0.46 vAbs=0.242 gNorm=1.586 lr=0.009 ms=3487.4 buf=1000000 plies=4331416 games=65555 epoch=0
[REPLAY] step=500 loss=3.7812 pLoss=2.7344 vLoss=1.0469 pEnt=2.578 pIllM=0.0021 playedP=0.172 pW=0.43 pD=0.11 pL=0.46 vAbs=0.275 gNorm=7.062 lr=0.01 ms=3475.8 buf=1000000 plies=4758027 games=71978 epoch=0
[REPLAY] step=550 loss=3.7656 pLoss=2.7969 vLoss=0.9648 pEnt=2.656 pIllM=0.0013 playedP=0.187 pW=0.52 pD=0.03 pL=0.45 vAbs=0.245 gNorm=3.938 lr=0.01 ms=3478.3 buf=1000000 plies=5184660 games=78520 epoch=0
[REPLAY] step=600 loss=3.9375 pLoss=2.9531 vLoss=0.9883 pEnt=2.406 pIllM=0.0022 playedP=0.208 pW=0.50 pD=0.08 pL=0.42 vAbs=0.258 gNorm=5.781 lr=0.01 ms=3499.8 buf=1000000 plies=5611302 games=85065 epoch=0
[REPLAY] step=650 loss=3.5781 pLoss=2.5781 vLoss=1.0000 pEnt=2.516 pIllM=0.0021 playedP=0.203 pW=0.43 pD=0.04 pL=0.53 vAbs=0.268 gNorm=4.375 lr=0.01 ms=3471.9 buf=1000000 plies=6038009 games=91489 epoch=0
[REPLAY] step=700 loss=3.7656 pLoss=2.7344 vLoss=1.0234 pEnt=2.531 pIllM=0.0019 playedP=0.207 pW=0.50 pD=0.05 pL=0.45 vAbs=0.273 gNorm=4.625 lr=0.01 ms=3494.1 buf=1000000 plies=6464602 games=97944 epoch=0
[REPLAY] step=750 loss=3.7344 pLoss=2.6562 vLoss=1.0703 pEnt=2.609 pIllM=0.0020 playedP=0.187 pW=0.47 pD=0.02 pL=0.51 vAbs=0.271 gNorm=3.547 lr=0.01 ms=3498.2 buf=1000000 plies=6891330 games=104392 epoch=0
[REPLAY] step=800 loss=3.5000 pLoss=2.4375 vLoss=1.0625 pEnt=2.797 pIllM=0.0013 playedP=0.177 pW=0.38 pD=0.04 pL=0.57 vAbs=0.344 gNorm=3.094 lr=0.01 ms=3480.4 buf=1000000 plies=7317942 games=110889 epoch=0
[REPLAY] step=850 loss=3.6875 pLoss=2.7344 vLoss=0.9492 pEnt=2.609 pIllM=0.0016 playedP=0.191 pW=0.49 pD=0.04 pL=0.47 vAbs=0.244 gNorm=4.531 lr=0.01 ms=3494.3 buf=1000000 plies=7744603 games=117394 epoch=0
[REPLAY] step=900 loss=3.4844 pLoss=2.5469 vLoss=0.9375 pEnt=2.578 pIllM=0.0019 playedP=0.194 pW=0.37 pD=0.09 pL=0.54 vAbs=0.322 gNorm=3.875 lr=0.01 ms=3394.2 buf=1000000 plies=8171245 games=123892 epoch=0
[REPLAY] step=950 loss=3.5469 pLoss=2.4219 vLoss=1.1172 pEnt=2.500 pIllM=0.0018 playedP=0.211 pW=0.38 pD=0.05 pL=0.57 vAbs=0.377 gNorm=3.875 lr=0.01 ms=3425.5 buf=1000000 plies=8597961 games=130375 epoch=0
[REPLAY] step=1000 loss=3.7031 pLoss=2.6875 vLoss=1.0156 pEnt=2.484 pIllM=0.0018 playedP=0.213 pW=0.47 pD=0.09 pL=0.44 vAbs=0.270 gNorm=4.062 lr=0.01 ms=3420.2 buf=1000000 plies=9024554 games=136804 epoch=0
[REPLAY] saved trainer model (autosave) step=1000 nextGame=136804 shard=0 epoch=0 -> v5-cont-replay-latest.safetensors
[REPLAY] enumerated checkpoint -> v5-cont-replay-step1000.safetensors
[REPLAY] step=1050 loss=4.0312 pLoss=2.7969 vLoss=1.2188 pEnt=2.562 pIllM=0.0020 playedP=0.189 pW=0.54 pD=0.15 pL=0.31 vAbs=0.359 gNorm=6.969 lr=0.01 ms=3424.2 buf=1000000 plies=9451153 games=143314 epoch=0
[REPLAY] step=1100 loss=3.7969 pLoss=2.7344 vLoss=1.0625 pEnt=2.703 pIllM=0.0013 playedP=0.188 pW=0.51 pD=0.04 pL=0.45 vAbs=0.248 gNorm=3.281 lr=0.01 ms=3462.2 buf=1000000 plies=9877887 games=149845 epoch=0
[REPLAY] step=1150 loss=3.6719 pLoss=2.6406 vLoss=1.0234 pEnt=2.594 pIllM=0.0015 playedP=0.197 pW=0.39 pD=0.07 pL=0.54 vAbs=0.233 gNorm=3.406 lr=0.01 ms=3421.8 buf=1000000 plies=10304493 games=156350 epoch=0
[REPLAY] step=1200 loss=3.7188 pLoss=2.7656 vLoss=0.9570 pEnt=2.625 pIllM=0.0013 playedP=0.188 pW=0.47 pD=0.04 pL=0.49 vAbs=0.232 gNorm=6.125 lr=0.01 ms=3433.0 buf=1000000 plies=10731145 games=162901 epoch=0
[REPLAY] step=1250 loss=3.8125 pLoss=2.7812 vLoss=1.0234 pEnt=2.656 pIllM=0.0014 playedP=0.186 pW=0.51 pD=0.07 pL=0.42 vAbs=0.277 gNorm=4.938 lr=0.01 ms=3722.5 buf=1000000 plies=11157823 games=169369 epoch=0
[REPLAY] step=1300 loss=4.1250 pLoss=2.7812 vLoss=1.3281 pEnt=2.594 pIllM=0.0016 playedP=0.189 pW=0.67 pD=0.04 pL=0.29 vAbs=0.471 gNorm=4.812 lr=0.01 ms=3466.2 buf=1000000 plies=11584429 games=175782 epoch=0
[REPLAY] step=1350 loss=3.5156 pLoss=2.3281 vLoss=1.1875 pEnt=2.672 pIllM=0.0015 playedP=0.190 pW=0.34 pD=0.04 pL=0.61 vAbs=0.402 gNorm=4.500 lr=0.01 ms=3571.8 buf=1000000 plies=12011072 games=182188 epoch=0
[REPLAY] step=1400 loss=3.7031 pLoss=2.6406 vLoss=1.0547 pEnt=2.719 pIllM=0.0015 playedP=0.190 pW=0.55 pD=0.05 pL=0.40 vAbs=0.330 gNorm=3.047 lr=0.01 ms=3444.7 buf=1000000 plies=12437713 games=188656 epoch=0
[REPLAY] step=1450 loss=3.7344 pLoss=2.7344 vLoss=1.0000 pEnt=2.562 pIllM=0.0017 playedP=0.203 pW=0.50 pD=0.06 pL=0.44 vAbs=0.254 gNorm=2.594 lr=0.01 ms=3534.8 buf=1000000 plies=12864354 games=195099 epoch=0
[REPLAY] step=1500 loss=4.1250 pLoss=2.8438 vLoss=1.2891 pEnt=2.547 pIllM=0.0022 playedP=0.181 pW=0.59 pD=0.13 pL=0.28 vAbs=0.426 gNorm=5.406 lr=0.01 ms=3436.4 buf=1000000 plies=13291030 games=201493 epoch=0
[REPLAY] step=1550 loss=3.6250 pLoss=2.5312 vLoss=1.0859 pEnt=2.766 pIllM=0.0014 playedP=0.182 pW=0.41 pD=0.04 pL=0.55 vAbs=0.264 gNorm=3.031 lr=0.01 ms=3486.1 buf=1000000 plies=13717713 games=207896 epoch=0
[REPLAY] step=1600 loss=3.8594 pLoss=2.8125 vLoss=1.0469 pEnt=2.547 pIllM=0.0017 playedP=0.200 pW=0.46 pD=0.16 pL=0.38 vAbs=0.245 gNorm=4.688 lr=0.01 ms=3429.6 buf=1000000 plies=14144307 games=214299 epoch=0
[REPLAY] step=1650 loss=3.9062 pLoss=2.8438 vLoss=1.0625 pEnt=2.688 pIllM=0.0015 playedP=0.187 pW=0.58 pD=0.02 pL=0.40 vAbs=0.293 gNorm=4.438 lr=0.01 ms=3423.3 buf=1000000 plies=14571030 games=220705 epoch=0
[REPLAY] step=1700 loss=3.7031 pLoss=2.6719 vLoss=1.0234 pEnt=2.734 pIllM=0.0013 playedP=0.194 pW=0.57 pD=0.02 pL=0.41 vAbs=0.281 gNorm=3.250 lr=0.01 ms=3509.5 buf=1000000 plies=14997609 games=227192 epoch=0
[REPLAY] step=1750 loss=3.6562 pLoss=2.7500 vLoss=0.9062 pEnt=2.594 pIllM=0.0014 playedP=0.198 pW=0.45 pD=0.02 pL=0.53 vAbs=0.187 gNorm=4.375 lr=0.01 ms=3568.4 buf=1000000 plies=15424254 games=233727 epoch=0
[REPLAY] step=1800 loss=3.7031 pLoss=2.7031 vLoss=0.9922 pEnt=2.734 pIllM=0.0012 playedP=0.185 pW=0.50 pD=0.04 pL=0.46 vAbs=0.250 gNorm=2.016 lr=0.01 ms=3558.8 buf=1000000 plies=15850931 games=240238 epoch=0
[REPLAY] step=1850 loss=3.7344 pLoss=2.7031 vLoss=1.0312 pEnt=2.547 pIllM=0.0017 playedP=0.197 pW=0.46 pD=0.05 pL=0.49 vAbs=0.270 gNorm=4.875 lr=0.01 ms=3550.0 buf=1000000 plies=16277570 games=246802 epoch=0
[REPLAY] step=1900 loss=3.6094 pLoss=2.5625 vLoss=1.0391 pEnt=2.656 pIllM=0.0015 playedP=0.187 pW=0.42 pD=0.05 pL=0.53 vAbs=0.266 gNorm=3.266 lr=0.01 ms=3444.2 buf=1000000 plies=16704227 games=253257 epoch=0
[REPLAY] step=1950 loss=3.7344 pLoss=2.5312 vLoss=1.2031 pEnt=2.562 pIllM=0.0013 playedP=0.168 pW=0.36 pD=0.03 pL=0.62 vAbs=0.377 gNorm=10.438 lr=0.01 ms=3413.8 buf=1000000 plies=17130927 games=259746 epoch=0
[REPLAY] step=2000 loss=4.1875 pLoss=2.8438 vLoss=1.3516 pEnt=2.578 pIllM=0.0011 playedP=0.202 pW=0.70 pD=0.04 pL=0.27 vAbs=0.459 gNorm=6.344 lr=0.01 ms=3404.7 buf=1000000 plies=17557518 games=266229 epoch=0
[REPLAY] saved trainer model (autosave) step=2000 nextGame=266229 shard=0 epoch=0 -> v5-cont-replay-latest.safetensors
[REPLAY] enumerated checkpoint -> v5-cont-replay-step2000.safetensors
[REPLAY] step=2050 loss=3.5938 pLoss=2.2500 vLoss=1.3438 pEnt=2.672 pIllM=0.0013 playedP=0.177 pW=0.28 pD=0.06 pL=0.66 vAbs=0.459 gNorm=6.812 lr=0.01 ms=3412.3 buf=1000000 plies=17984159 games=272741 epoch=0
[REPLAY] step=2100 loss=3.9219 pLoss=2.7812 vLoss=1.1406 pEnt=2.688 pIllM=0.0014 playedP=0.180 pW=0.60 pD=0.03 pL=0.38 vAbs=0.287 gNorm=4.812 lr=0.01 ms=3453.5 buf=1000000 plies=18410821 games=279261 epoch=0
[REPLAY] step=2150 loss=3.6250 pLoss=2.7031 vLoss=0.9219 pEnt=2.719 pIllM=0.0013 playedP=0.190 pW=0.47 pD=0.03 pL=0.50 vAbs=0.199 gNorm=3.891 lr=0.01 ms=3411.3 buf=1000000 plies=18837512 games=285719 epoch=0
[REPLAY] step=2200 loss=3.6094 pLoss=2.6250 vLoss=0.9805 pEnt=2.562 pIllM=0.0018 playedP=0.196 pW=0.39 pD=0.04 pL=0.58 vAbs=0.273 gNorm=6.656 lr=0.01 ms=3443.5 buf=1000000 plies=19264130 games=292196 epoch=0
[REPLAY] step=2250 loss=3.6250 pLoss=2.6094 vLoss=1.0078 pEnt=2.594 pIllM=0.0018 playedP=0.197 pW=0.37 pD=0.06 pL=0.56 vAbs=0.268 gNorm=4.219 lr=0.01 ms=3422.8 buf=1000000 plies=19690751 games=298593 epoch=0
[REPLAY] step=2300 loss=3.6250 pLoss=2.6875 vLoss=0.9414 pEnt=2.672 pIllM=0.0014 playedP=0.188 pW=0.47 pD=0.03 pL=0.50 vAbs=0.211 gNorm=3.609 lr=0.01 ms=3440.8 buf=1000000 plies=20117411 games=305065 epoch=0
[REPLAY] step=2350 loss=3.9062 pLoss=2.7969 vLoss=1.1094 pEnt=2.547 pIllM=0.0019 playedP=0.201 pW=0.42 pD=0.25 pL=0.33 vAbs=0.227 gNorm=4.781 lr=0.01 ms=3449.2 buf=1000000 plies=20544105 games=311582 epoch=0
[REPLAY] step=2400 loss=3.6094 pLoss=2.6094 vLoss=0.9922 pEnt=2.609 pIllM=0.0024 playedP=0.186 pW=0.42 pD=0.06 pL=0.52 vAbs=0.270 gNorm=3.016 lr=0.01 ms=3405.4 buf=1000000 plies=20970711 games=318062 epoch=0
[REPLAY] step=2450 loss=3.6719 pLoss=2.6094 vLoss=1.0625 pEnt=2.703 pIllM=0.0013 playedP=0.178 pW=0.46 pD=0.05 pL=0.50 vAbs=0.295 gNorm=5.344 lr=0.01 ms=3571.2 buf=1000000 plies=21397387 games=324569 epoch=0
[REPLAY] step=2500 loss=3.7969 pLoss=2.7969 vLoss=0.9961 pEnt=2.609 pIllM=0.0018 playedP=0.178 pW=0.51 pD=0.05 pL=0.43 vAbs=0.245 gNorm=8.688 lr=0.01 ms=3437.0 buf=1000000 plies=21823999 games=331084 epoch=0
[REPLAY] step=2550 loss=3.9375 pLoss=2.7344 vLoss=1.2031 pEnt=2.625 pIllM=0.0020 playedP=0.209 pW=0.62 pD=0.04 pL=0.34 vAbs=0.355 gNorm=3.719 lr=0.01 ms=3573.9 buf=1000000 plies=22250661 games=337600 epoch=0
[REPLAY] step=2600 loss=3.9219 pLoss=2.8906 vLoss=1.0312 pEnt=2.531 pIllM=0.0023 playedP=0.207 pW=0.49 pD=0.05 pL=0.46 vAbs=0.244 gNorm=6.156 lr=0.01 ms=3434.4 buf=1000000 plies=22677344 games=344126 epoch=0
[REPLAY] step=2650 loss=3.9219 pLoss=2.7344 vLoss=1.1875 pEnt=2.641 pIllM=0.0014 playedP=0.175 pW=0.61 pD=0.03 pL=0.36 vAbs=0.377 gNorm=5.656 lr=0.01 ms=3428.9 buf=1000000 plies=23103987 games=350609 epoch=0
[REPLAY] step=2700 loss=3.7969 pLoss=2.8125 vLoss=0.9766 pEnt=2.688 pIllM=0.0018 playedP=0.171 pW=0.51 pD=0.03 pL=0.46 vAbs=0.234 gNorm=3.859 lr=0.01 ms=3494.0 buf=1000000 plies=23530619 games=357058 epoch=0
[REPLAY] step=2750 loss=3.7031 pLoss=2.7031 vLoss=1.0000 pEnt=2.609 pIllM=0.0014 playedP=0.188 pW=0.49 pD=0.08 pL=0.43 vAbs=0.266 gNorm=5.344 lr=0.01 ms=3447.8 buf=1000000 plies=23957266 games=363582 epoch=0
[REPLAY] step=2800 loss=3.8906 pLoss=2.7812 vLoss=1.1016 pEnt=2.531 pIllM=0.0019 playedP=0.200 pW=0.59 pD=0.02 pL=0.39 vAbs=0.336 gNorm=4.812 lr=0.01 ms=3402.0 buf=1000000 plies=24383918 games=370139 epoch=0
[REPLAY] step=2850 loss=3.4844 pLoss=2.2031 vLoss=1.2812 pEnt=2.578 pIllM=0.0018 playedP=0.194 pW=0.31 pD=0.06 pL=0.63 vAbs=0.438 gNorm=4.781 lr=0.01 ms=3398.0 buf=1000000 plies=24810562 games=376649 epoch=0
[REPLAY] step=2900 loss=3.8281 pLoss=2.8594 vLoss=0.9727 pEnt=2.516 pIllM=0.0022 playedP=0.195 pW=0.44 pD=0.14 pL=0.42 vAbs=0.194 gNorm=5.469 lr=0.01 ms=3427.8 buf=1000000 plies=25237229 games=383094 epoch=0
[REPLAY] step=2950 loss=3.6719 pLoss=2.6562 vLoss=1.0156 pEnt=2.594 pIllM=0.0012 playedP=0.190 pW=0.49 pD=0.04 pL=0.46 vAbs=0.293 gNorm=5.438 lr=0.01 ms=3392.0 buf=1000000 plies=25663857 games=389563 epoch=0
[REPLAY] step=3000 loss=3.7656 pLoss=2.7500 vLoss=1.0156 pEnt=2.531 pIllM=0.0021 playedP=0.213 pW=0.51 pD=0.04 pL=0.45 vAbs=0.228 gNorm=2.719 lr=0.01 ms=3534.5 buf=1000000 plies=26090513 games=396092 epoch=0
[REPLAY] saved trainer model (autosave) step=3000 nextGame=396092 shard=0 epoch=0 -> v5-cont-replay-latest.safetensors
[REPLAY] enumerated checkpoint -> v5-cont-replay-step3000.safetensors
[REPLAY] step=3050 loss=3.8750 pLoss=2.8281 vLoss=1.0391 pEnt=2.594 pIllM=0.0018 playedP=0.178 pW=0.50 pD=0.05 pL=0.45 vAbs=0.268 gNorm=6.500 lr=0.01 ms=3439.9 buf=1000000 plies=26517225 games=402561 epoch=0
[REPLAY] step=3100 loss=3.6562 pLoss=2.5625 vLoss=1.0938 pEnt=2.625 pIllM=0.0013 playedP=0.197 pW=0.44 pD=0.03 pL=0.53 vAbs=0.297 gNorm=3.859 lr=0.01 ms=3437.0 buf=1000000 plies=26943863 games=409027 epoch=0
[REPLAY] step=3150 loss=3.5781 pLoss=2.5156 vLoss=1.0547 pEnt=2.641 pIllM=0.0014 playedP=0.200 pW=0.43 pD=0.09 pL=0.48 vAbs=0.328 gNorm=3.188 lr=0.01 ms=3434.3 buf=1000000 plies=27370540 games=415550 epoch=0
[REPLAY] step=3200 loss=3.8281 pLoss=2.7344 vLoss=1.0938 pEnt=2.688 pIllM=0.0013 playedP=0.184 pW=0.51 pD=0.04 pL=0.46 vAbs=0.254 gNorm=3.172 lr=0.01 ms=3424.9 buf=1000000 plies=27797185 games=422112 epoch=0
[REPLAY] step=3250 loss=4.3438 pLoss=2.9844 vLoss=1.3672 pEnt=2.406 pIllM=0.0023 playedP=0.193 pW=0.66 pD=0.07 pL=0.27 vAbs=0.508 gNorm=7.250 lr=0.01 ms=3474.9 buf=1000000 plies=28223790 games=428571 epoch=0
[REPLAY] step=3300 loss=3.7969 pLoss=2.7344 vLoss=1.0547 pEnt=2.625 pIllM=0.0015 playedP=0.192 pW=0.43 pD=0.13 pL=0.44 vAbs=0.220 gNorm=3.719 lr=0.01 ms=3439.8 buf=1000000 plies=28650449 games=435137 epoch=0
[REPLAY] step=3350 loss=3.7969 pLoss=2.8125 vLoss=0.9766 pEnt=2.578 pIllM=0.0018 playedP=0.188 pW=0.52 pD=0.02 pL=0.46 vAbs=0.241 gNorm=6.438 lr=0.01 ms=3491.4 buf=1000000 plies=29077090 games=441562 epoch=0
[REPLAY] step=3400 loss=3.6719 pLoss=2.5625 vLoss=1.1094 pEnt=2.641 pIllM=0.0015 playedP=0.178 pW=0.40 pD=0.09 pL=0.51 vAbs=0.361 gNorm=5.562 lr=0.01 ms=3439.2 buf=1000000 plies=29503725 games=448011 epoch=0
[REPLAY] step=3450 loss=3.5312 pLoss=2.2969 vLoss=1.2344 pEnt=2.797 pIllM=0.0012 playedP=0.184 pW=0.33 pD=0.10 pL=0.58 vAbs=0.402 gNorm=3.328 lr=0.01 ms=3402.2 buf=1000000 plies=29930372 games=454547 epoch=0
[REPLAY] step=3500 loss=3.5469 pLoss=2.5938 vLoss=0.9453 pEnt=2.719 pIllM=0.0012 playedP=0.179 pW=0.42 pD=0.06 pL=0.52 vAbs=0.303 gNorm=4.688 lr=0.01 ms=3461.2 buf=1000000 plies=30357034 games=461002 epoch=0
[REPLAY] step=3550 loss=3.6719 pLoss=2.5625 vLoss=1.1094 pEnt=2.688 pIllM=0.0012 playedP=0.194 pW=0.45 pD=0.05 pL=0.51 vAbs=0.297 gNorm=4.500 lr=0.01 ms=3462.6 buf=1000000 plies=30783664 games=467456 epoch=0
[REPLAY] step=3600 loss=3.7500 pLoss=2.6719 vLoss=1.0781 pEnt=2.734 pIllM=0.0013 playedP=0.188 pW=0.56 pD=0.04 pL=0.40 vAbs=0.307 gNorm=3.250 lr=0.01 ms=3449.4 buf=1000000 plies=31210330 games=473901 epoch=0
[REPLAY] step=3650 loss=3.7812 pLoss=2.7500 vLoss=1.0234 pEnt=2.688 pIllM=0.0015 playedP=0.186 pW=0.50 pD=0.06 pL=0.44 vAbs=0.252 gNorm=4.938 lr=0.01 ms=3434.2 buf=1000000 plies=31636997 games=480340 epoch=0
[REPLAY] step=3700 loss=3.8594 pLoss=2.7656 vLoss=1.0938 pEnt=2.547 pIllM=0.0018 playedP=0.201 pW=0.50 pD=0.11 pL=0.39 vAbs=0.283 gNorm=4.625 lr=0.01 ms=3455.6 buf=1000000 plies=32063631 games=486754 epoch=0
[REPLAY] step=3750 loss=3.8438 pLoss=2.7188 vLoss=1.1172 pEnt=2.578 pIllM=0.0021 playedP=0.186 pW=0.52 pD=0.08 pL=0.40 vAbs=0.309 gNorm=6.562 lr=0.01 ms=3575.1 buf=1000000 plies=32490258 games=493243 epoch=0
[REPLAY] step=3800 loss=3.6562 pLoss=2.4688 vLoss=1.1875 pEnt=2.641 pIllM=0.0020 playedP=0.192 pW=0.34 pD=0.14 pL=0.53 vAbs=0.338 gNorm=5.594 lr=0.01 ms=3525.9 buf=1000000 plies=32916932 games=499730 epoch=0
[REPLAY] step=3850 loss=3.4531 pLoss=2.5312 vLoss=0.9141 pEnt=2.781 pIllM=0.0016 playedP=0.180 pW=0.42 pD=0.06 pL=0.52 vAbs=0.254 gNorm=5.656 lr=0.01 ms=3423.0 buf=1000000 plies=33343563 games=506167 epoch=0
[REPLAY] step=3900 loss=3.5000 pLoss=2.3594 vLoss=1.1406 pEnt=2.828 pIllM=0.0012 playedP=0.183 pW=0.42 pD=0.04 pL=0.54 vAbs=0.354 gNorm=2.578 lr=0.01 ms=3440.6 buf=1000000 plies=33770237 games=512606 epoch=0
[REPLAY] step=3950 loss=3.7188 pLoss=2.6562 vLoss=1.0625 pEnt=2.781 pIllM=0.0012 playedP=0.179 pW=0.54 pD=0.04 pL=0.43 vAbs=0.301 gNorm=2.734 lr=0.01 ms=3401.6 buf=1000000 plies=34196917 games=519077 epoch=0
[REPLAY] step=4000 loss=3.7969 pLoss=2.7969 vLoss=0.9961 pEnt=2.594 pIllM=0.0014 playedP=0.192 pW=0.43 pD=0.12 pL=0.45 vAbs=0.189 gNorm=5.594 lr=0.01 ms=3422.1 buf=1000000 plies=34623602 games=525606 epoch=0
[REPLAY] saved trainer model (autosave) step=4000 nextGame=525606 shard=1 epoch=0 -> v5-cont-replay-latest.safetensors
[REPLAY] enumerated checkpoint -> v5-cont-replay-step4000.safetensors
[REPLAY] step=4050 loss=3.6250 pLoss=2.4688 vLoss=1.1562 pEnt=2.625 pIllM=0.0018 playedP=0.177 pW=0.38 pD=0.03 pL=0.59 vAbs=0.342 gNorm=4.750 lr=0.01 ms=3446.6 buf=1000000 plies=35050149 games=532042 epoch=0
[REPLAY] step=4100 loss=3.5000 pLoss=2.3594 vLoss=1.1328 pEnt=2.641 pIllM=0.0018 playedP=0.213 pW=0.37 pD=0.09 pL=0.55 vAbs=0.324 gNorm=2.578 lr=0.01 ms=3425.4 buf=1000000 plies=35476813 games=538552 epoch=0
[REPLAY] step=4150 loss=3.6094 pLoss=2.5000 vLoss=1.1094 pEnt=2.688 pIllM=0.0019 playedP=0.187 pW=0.37 pD=0.08 pL=0.56 vAbs=0.330 gNorm=4.438 lr=0.01 ms=3425.8 buf=1000000 plies=35903450 games=545046 epoch=0
[REPLAY] step=4200 loss=3.5938 pLoss=2.5781 vLoss=1.0156 pEnt=2.672 pIllM=0.0019 playedP=0.203 pW=0.49 pD=0.06 pL=0.45 vAbs=0.299 gNorm=4.344 lr=0.01 ms=3430.6 buf=1000000 plies=36330118 games=551579 epoch=0
[REPLAY] step=4250 loss=3.6250 pLoss=2.6094 vLoss=1.0078 pEnt=2.750 pIllM=0.0011 playedP=0.185 pW=0.42 pD=0.16 pL=0.42 vAbs=0.242 gNorm=2.688 lr=0.01 ms=3425.0 buf=1000000 plies=36756764 games=557950 epoch=0
[REPLAY] step=4300 loss=3.6719 pLoss=2.7344 vLoss=0.9336 pEnt=2.516 pIllM=0.0014 playedP=0.203 pW=0.46 pD=0.04 pL=0.50 vAbs=0.235 gNorm=4.812 lr=0.01 ms=3446.0 buf=1000000 plies=37183399 games=564397 epoch=0
[REPLAY] step=4350 loss=3.6719 pLoss=2.6719 vLoss=0.9961 pEnt=2.625 pIllM=0.0021 playedP=0.186 pW=0.47 pD=0.09 pL=0.44 vAbs=0.240 gNorm=5.500 lr=0.01 ms=3426.8 buf=1000000 plies=37610076 games=570830 epoch=0
[REPLAY] step=4400 loss=3.7656 pLoss=2.7500 vLoss=1.0078 pEnt=2.531 pIllM=0.0015 playedP=0.202 pW=0.48 pD=0.05 pL=0.47 vAbs=0.233 gNorm=3.422 lr=0.01 ms=3407.4 buf=1000000 plies=38036735 games=577318 epoch=0
[REPLAY] step=4450 loss=3.5625 pLoss=2.5469 vLoss=1.0078 pEnt=2.672 pIllM=0.0021 playedP=0.179 pW=0.44 pD=0.05 pL=0.52 vAbs=0.283 gNorm=4.000 lr=0.01 ms=3401.2 buf=1000000 plies=38463427 games=583758 epoch=0
[REPLAY] step=4500 loss=3.5938 pLoss=2.3906 vLoss=1.2031 pEnt=2.656 pIllM=0.0013 playedP=0.179 pW=0.34 pD=0.07 pL=0.58 vAbs=0.395 gNorm=5.625 lr=0.01 ms=3426.6 buf=1000000 plies=38890039 games=590216 epoch=0
[REPLAY] step=4550 loss=3.6094 pLoss=2.6719 vLoss=0.9375 pEnt=2.516 pIllM=0.0015 playedP=0.206 pW=0.46 pD=0.05 pL=0.49 vAbs=0.256 gNorm=3.641 lr=0.01 ms=3483.0 buf=1000000 plies=39316738 games=596663 epoch=0
[REPLAY] step=4600 loss=3.5312 pLoss=2.3281 vLoss=1.1953 pEnt=2.672 pIllM=0.0014 playedP=0.188 pW=0.34 pD=0.05 pL=0.62 vAbs=0.402 gNorm=4.094 lr=0.01 ms=3476.8 buf=1000000 plies=39743335 games=603155 epoch=0
[REPLAY] step=4650 loss=3.6875 pLoss=2.5156 vLoss=1.1719 pEnt=2.578 pIllM=0.0014 playedP=0.189 pW=0.35 pD=0.06 pL=0.59 vAbs=0.363 gNorm=5.906 lr=0.01 ms=3528.5 buf=1000000 plies=40169979 games=609625 epoch=0
[REPLAY] step=4700 loss=3.5781 pLoss=2.3750 vLoss=1.2031 pEnt=2.734 pIllM=0.0012 playedP=0.174 pW=0.33 pD=0.10 pL=0.57 vAbs=0.373 gNorm=4.438 lr=0.01 ms=3449.2 buf=1000000 plies=40596632 games=616124 epoch=0
[REPLAY] step=4750 loss=3.5938 pLoss=2.1094 vLoss=1.4844 pEnt=2.609 pIllM=0.0015 playedP=0.180 pW=0.21 pD=0.06 pL=0.73 vAbs=0.586 gNorm=6.375 lr=0.01 ms=3497.2 buf=1000000 plies=41023292 games=622608 epoch=0
[REPLAY] step=4800 loss=3.5625 pLoss=2.5781 vLoss=0.9766 pEnt=2.797 pIllM=0.0013 playedP=0.183 pW=0.48 pD=0.08 pL=0.45 vAbs=0.249 gNorm=1.164 lr=0.01 ms=3523.7 buf=1000000 plies=41449950 games=629138 epoch=0
[REPLAY] step=4850 loss=3.5938 pLoss=2.4531 vLoss=1.1328 pEnt=2.500 pIllM=0.0021 playedP=0.208 pW=0.40 pD=0.05 pL=0.54 vAbs=0.367 gNorm=4.000 lr=0.01 ms=3612.6 buf=1000000 plies=41876584 games=635606 epoch=0
[REPLAY] step=4900 loss=3.7031 pLoss=2.6250 vLoss=1.0703 pEnt=2.781 pIllM=0.0013 playedP=0.178 pW=0.46 pD=0.04 pL=0.50 vAbs=0.266 gNorm=2.156 lr=0.01 ms=3618.6 buf=1000000 plies=42303296 games=642073 epoch=0
[REPLAY] step=4950 loss=3.6406 pLoss=2.6562 vLoss=0.9805 pEnt=2.578 pIllM=0.0016 playedP=0.193 pW=0.45 pD=0.07 pL=0.48 vAbs=0.248 gNorm=4.188 lr=0.01 ms=3450.6 buf=1000000 plies=42729891 games=648561 epoch=0
[REPLAY] step=5000 loss=3.8438 pLoss=2.7344 vLoss=1.1016 pEnt=2.672 pIllM=0.0012 playedP=0.178 pW=0.49 pD=0.11 pL=0.40 vAbs=0.322 gNorm=4.094 lr=0.01 ms=3448.4 buf=1000000 plies=43156545 games=655048 epoch=0
[REPLAY] saved trainer model (autosave) step=5000 nextGame=655048 shard=1 epoch=0 -> v5-cont-replay-latest.safetensors
[REPLAY] enumerated checkpoint -> v5-cont-replay-step5000.safetensors
[REPLAY] step=5050 loss=3.7969 pLoss=2.7031 vLoss=1.0859 pEnt=2.672 pIllM=0.0019 playedP=0.191 pW=0.54 pD=0.12 pL=0.34 vAbs=0.322 gNorm=4.688 lr=0.01 ms=3432.8 buf=1000000 plies=43583202 games=661434 epoch=0
[REPLAY] step=5100 loss=3.9688 pLoss=2.7188 vLoss=1.2422 pEnt=2.734 pIllM=0.0011 playedP=0.169 pW=0.64 pD=0.02 pL=0.34 vAbs=0.398 gNorm=7.125 lr=0.01 ms=3426.4 buf=1000000 plies=44009847 games=667831 epoch=0
[REPLAY] step=5150 loss=3.6406 pLoss=2.6562 vLoss=0.9805 pEnt=2.812 pIllM=0.0013 playedP=0.182 pW=0.49 pD=0.04 pL=0.47 vAbs=0.206 gNorm=1.188 lr=0.01 ms=3429.3 buf=1000000 plies=44436486 games=674340 epoch=0
[REPLAY] step=5200 loss=3.6875 pLoss=2.7188 vLoss=0.9609 pEnt=2.641 pIllM=0.0024 playedP=0.193 pW=0.50 pD=0.06 pL=0.44 vAbs=0.231 gNorm=3.188 lr=0.01 ms=3468.4 buf=1000000 plies=44863099 games=680813 epoch=0
[REPLAY] step=5250 loss=4.2812 pLoss=3.0156 vLoss=1.2500 pEnt=2.484 pIllM=0.0020 playedP=0.182 pW=0.63 pD=0.09 pL=0.28 vAbs=0.381 gNorm=8.625 lr=0.01 ms=3509.0 buf=1000000 plies=45289810 games=687256 epoch=0
[REPLAY] step=5300 loss=3.3906 pLoss=2.4219 vLoss=0.9727 pEnt=2.625 pIllM=0.0014 playedP=0.206 pW=0.35 pD=0.09 pL=0.56 vAbs=0.352 gNorm=3.453 lr=0.01 ms=3450.7 buf=1000000 plies=45716407 games=693673 epoch=0
[REPLAY] step=5350 loss=3.7812 pLoss=2.7812 vLoss=1.0000 pEnt=2.594 pIllM=0.0015 playedP=0.177 pW=0.50 pD=0.06 pL=0.43 vAbs=0.273 gNorm=5.469 lr=0.01 ms=3451.1 buf=1000000 plies=46143049 games=700094 epoch=0
[REPLAY] step=5400 loss=4.1562 pLoss=2.7969 vLoss=1.3438 pEnt=2.531 pIllM=0.0022 playedP=0.188 pW=0.64 pD=0.11 pL=0.26 vAbs=0.436 gNorm=5.938 lr=0.01 ms=3434.9 buf=1000000 plies=46569702 games=706539 epoch=0
[REPLAY] step=5450 loss=3.5469 pLoss=2.4062 vLoss=1.1328 pEnt=2.656 pIllM=0.0016 playedP=0.177 pW=0.36 pD=0.04 pL=0.60 vAbs=0.340 gNorm=4.750 lr=0.01 ms=3419.5 buf=1000000 plies=46996394 games=712988 epoch=0
[REPLAY] step=5500 loss=4.5000 pLoss=2.6562 vLoss=1.8281 pEnt=2.688 pIllM=0.0011 playedP=0.198 pW=0.87 pD=0.03 pL=0.10 vAbs=0.781 gNorm=7.312 lr=0.01 ms=3420.7 buf=1000000 plies=47423012 games=719507 epoch=0
[REPLAY] step=5550 loss=3.7031 pLoss=2.7344 vLoss=0.9727 pEnt=2.562 pIllM=0.0019 playedP=0.199 pW=0.54 pD=0.04 pL=0.41 vAbs=0.277 gNorm=3.188 lr=0.01 ms=3409.1 buf=1000000 plies=47849688 games=725980 epoch=0
[REPLAY] step=5600 loss=4.1562 pLoss=2.8281 vLoss=1.3203 pEnt=2.516 pIllM=0.0018 playedP=0.205 pW=0.66 pD=0.06 pL=0.28 vAbs=0.430 gNorm=5.812 lr=0.01 ms=3427.7 buf=1000000 plies=48276316 games=732468 epoch=0
[REPLAY] step=5650 loss=4.7500 pLoss=3.0938 vLoss=1.6562 pEnt=2.438 pIllM=0.0016 playedP=0.198 pW=0.80 pD=0.04 pL=0.17 vAbs=0.668 gNorm=8.875 lr=0.01 ms=3407.6 buf=1000000 plies=48703091 games=738982 epoch=0
[REPLAY] step=5700 loss=3.5625 pLoss=2.5312 vLoss=1.0312 pEnt=2.766 pIllM=0.0012 playedP=0.172 pW=0.43 pD=0.07 pL=0.51 vAbs=0.281 gNorm=4.344 lr=0.01 ms=3399.6 buf=1000000 plies=49129626 games=745425 epoch=0
[REPLAY] step=5750 loss=3.5469 pLoss=2.3125 vLoss=1.2266 pEnt=2.547 pIllM=0.0023 playedP=0.200 pW=0.35 pD=0.04 pL=0.61 vAbs=0.393 gNorm=4.188 lr=0.01 ms=3398.8 buf=1000000 plies=49556280 games=751856 epoch=0
[REPLAY] step=5800 loss=3.8125 pLoss=2.7500 vLoss=1.0625 pEnt=2.594 pIllM=0.0017 playedP=0.197 pW=0.52 pD=0.05 pL=0.43 vAbs=0.309 gNorm=5.344 lr=0.01 ms=3391.8 buf=1000000 plies=49982906 games=758337 epoch=0
[REPLAY] step=5850 loss=3.5938 pLoss=2.1094 vLoss=1.4766 pEnt=2.703 pIllM=0.0017 playedP=0.172 pW=0.24 pD=0.04 pL=0.71 vAbs=0.566 gNorm=7.469 lr=0.01 ms=3410.0 buf=1000000 plies=50409553 games=764759 epoch=0
[REPLAY] step=5900 loss=3.5000 pLoss=2.5312 vLoss=0.9648 pEnt=2.781 pIllM=0.0016 playedP=0.189 pW=0.45 pD=0.04 pL=0.50 vAbs=0.209 gNorm=2.156 lr=0.01 ms=3396.9 buf=1000000 plies=50836255 games=771210 epoch=0
[REPLAY] step=5950 loss=3.5156 pLoss=2.0781 vLoss=1.4297 pEnt=2.625 pIllM=0.0010 playedP=0.198 pW=0.27 pD=0.04 pL=0.69 vAbs=0.562 gNorm=5.469 lr=0.01 ms=3391.1 buf=1000000 plies=51262940 games=777684 epoch=0
[REPLAY] step=6000 loss=3.7969 pLoss=2.7500 vLoss=1.0391 pEnt=2.641 pIllM=0.0013 playedP=0.193 pW=0.39 pD=0.18 pL=0.44 vAbs=0.188 gNorm=4.562 lr=0.01 ms=3418.9 buf=1000000 plies=51689506 games=784172 epoch=0
[REPLAY] saved trainer model (autosave) step=6000 nextGame=784172 shard=1 epoch=0 -> v5-cont-replay-latest.safetensors
[REPLAY] enumerated checkpoint -> v5-cont-replay-step6000.safetensors
[REPLAY] step=6050 loss=3.6719 pLoss=2.5781 vLoss=1.0859 pEnt=2.531 pIllM=0.0017 playedP=0.213 pW=0.39 pD=0.05 pL=0.56 vAbs=0.268 gNorm=4.719 lr=0.01 ms=3417.6 buf=1000000 plies=52116162 games=790660 epoch=0
[REPLAY] step=6100 loss=3.5156 pLoss=2.5000 vLoss=1.0078 pEnt=2.625 pIllM=0.0013 playedP=0.192 pW=0.41 pD=0.06 pL=0.53 vAbs=0.273 gNorm=4.156 lr=0.01 ms=3389.0 buf=1000000 plies=52542841 games=797076 epoch=0
[REPLAY] step=6150 loss=3.7500 pLoss=2.6094 vLoss=1.1406 pEnt=2.609 pIllM=0.0015 playedP=0.184 pW=0.37 pD=0.15 pL=0.47 vAbs=0.262 gNorm=7.375 lr=0.01 ms=3394.7 buf=1000000 plies=52969470 games=803532 epoch=0
[REPLAY] step=6200 loss=3.6875 pLoss=2.6250 vLoss=1.0547 pEnt=2.578 pIllM=0.0015 playedP=0.192 pW=0.40 pD=0.08 pL=0.52 vAbs=0.273 gNorm=5.719 lr=0.01 ms=3420.9 buf=1000000 plies=53396140 games=809906 epoch=0
[REPLAY] step=6250 loss=3.5938 pLoss=2.5469 vLoss=1.0391 pEnt=2.781 pIllM=0.0011 playedP=0.185 pW=0.43 pD=0.11 pL=0.46 vAbs=0.283 gNorm=1.969 lr=0.01 ms=3390.7 buf=1000000 plies=53822813 games=816334 epoch=0
[REPLAY] step=6300 loss=3.5156 pLoss=2.4844 vLoss=1.0312 pEnt=2.688 pIllM=0.0015 playedP=0.190 pW=0.41 pD=0.04 pL=0.55 vAbs=0.297 gNorm=3.094 lr=0.01 ms=3420.9 buf=1000000 plies=54249437 games=822801 epoch=0
[REPLAY] step=6350 loss=3.6875 pLoss=2.7031 vLoss=0.9883 pEnt=2.656 pIllM=0.0014 playedP=0.179 pW=0.46 pD=0.04 pL=0.50 vAbs=0.219 gNorm=7.562 lr=0.01 ms=3423.9 buf=1000000 plies=54676052 games=829293 epoch=0
[REPLAY] step=6400 loss=3.7031 pLoss=2.6562 vLoss=1.0469 pEnt=2.688 pIllM=0.0013 playedP=0.195 pW=0.53 pD=0.04 pL=0.43 vAbs=0.271 gNorm=2.781 lr=0.01 ms=3425.6 buf=1000000 plies=55102728 games=835721 epoch=0
[REPLAY] step=6450 loss=3.6094 pLoss=2.5938 vLoss=1.0156 pEnt=2.766 pIllM=0.0015 playedP=0.163 pW=0.43 pD=0.05 pL=0.52 vAbs=0.303 gNorm=4.188 lr=0.01 ms=3421.5 buf=1000000 plies=55529360 games=842133 epoch=0
[REPLAY] step=6500 loss=3.6250 pLoss=2.6250 vLoss=1.0000 pEnt=2.719 pIllM=0.0011 playedP=0.184 pW=0.44 pD=0.11 pL=0.44 vAbs=0.254 gNorm=6.469 lr=0.01 ms=3426.3 buf=1000000 plies=55956085 games=848588 epoch=0
[REPLAY] step=6550 loss=3.8125 pLoss=2.7188 vLoss=1.0938 pEnt=2.750 pIllM=0.0010 playedP=0.192 pW=0.38 pD=0.28 pL=0.35 vAbs=0.189 gNorm=3.859 lr=0.01 ms=3422.2 buf=1000000 plies=56382722 games=855050 epoch=0
[REPLAY] step=6600 loss=3.5938 pLoss=2.4531 vLoss=1.1328 pEnt=2.625 pIllM=0.0024 playedP=0.184 pW=0.39 pD=0.03 pL=0.58 vAbs=0.350 gNorm=3.125 lr=0.01 ms=3422.7 buf=1000000 plies=56809323 games=861570 epoch=0
[REPLAY] step=6650 loss=3.8906 pLoss=2.8125 vLoss=1.0703 pEnt=2.500 pIllM=0.0019 playedP=0.210 pW=0.46 pD=0.18 pL=0.36 vAbs=0.210 gNorm=5.562 lr=0.01 ms=3396.4 buf=1000000 plies=57235957 games=867993 epoch=0
[REPLAY] step=6700 loss=3.6250 pLoss=2.6094 vLoss=1.0156 pEnt=2.547 pIllM=0.0019 playedP=0.199 pW=0.43 pD=0.03 pL=0.54 vAbs=0.260 gNorm=4.438 lr=0.01 ms=3439.2 buf=1000000 plies=57662628 games=874487 epoch=0
[REPLAY] step=6750 loss=3.8281 pLoss=2.7656 vLoss=1.0625 pEnt=2.625 pIllM=0.0016 playedP=0.189 pW=0.48 pD=0.11 pL=0.41 vAbs=0.214 gNorm=3.594 lr=0.01 ms=3404.6 buf=1000000 plies=58089277 games=880955 epoch=0
[REPLAY] step=6800 loss=3.5625 pLoss=2.4688 vLoss=1.0938 pEnt=2.688 pIllM=0.0015 playedP=0.181 pW=0.35 pD=0.10 pL=0.55 vAbs=0.316 gNorm=3.688 lr=0.01 ms=3413.7 buf=1000000 plies=58515946 games=887429 epoch=0
[REPLAY] step=6850 loss=3.8594 pLoss=2.7656 vLoss=1.0859 pEnt=2.562 pIllM=0.0010 playedP=0.173 pW=0.46 pD=0.03 pL=0.52 vAbs=0.283 gNorm=8.812 lr=0.01 ms=3404.6 buf=1000000 plies=58942582 games=893961 epoch=0
[REPLAY] step=6900 loss=3.8281 pLoss=2.7656 vLoss=1.0547 pEnt=2.625 pIllM=0.0014 playedP=0.180 pW=0.52 pD=0.04 pL=0.44 vAbs=0.285 gNorm=6.812 lr=0.01 ms=3429.6 buf=1000000 plies=59369230 games=900400 epoch=0
[REPLAY] step=6950 loss=3.6719 pLoss=2.6094 vLoss=1.0547 pEnt=2.625 pIllM=0.0015 playedP=0.188 pW=0.43 pD=0.07 pL=0.50 vAbs=0.273 gNorm=4.875 lr=0.01 ms=3403.0 buf=1000000 plies=59795888 games=906792 epoch=0
[REPLAY] step=7000 loss=3.7031 pLoss=2.6875 vLoss=1.0078 pEnt=2.578 pIllM=0.0026 playedP=0.197 pW=0.44 pD=0.06 pL=0.50 vAbs=0.221 gNorm=3.156 lr=0.01 ms=3393.1 buf=1000000 plies=60222559 games=913267 epoch=0
[REPLAY] saved trainer model (autosave) step=7000 nextGame=913267 shard=1 epoch=0 -> v5-cont-replay-latest.safetensors
[REPLAY] enumerated checkpoint -> v5-cont-replay-step7000.safetensors
[REPLAY] step=7050 loss=3.6875 pLoss=2.6406 vLoss=1.0469 pEnt=2.594 pIllM=0.0014 playedP=0.197 pW=0.47 pD=0.04 pL=0.49 vAbs=0.262 gNorm=3.703 lr=0.01 ms=3408.5 buf=1000000 plies=60649165 games=919681 epoch=0
[REPLAY] step=7100 loss=3.7969 pLoss=2.7188 vLoss=1.0781 pEnt=2.750 pIllM=0.0023 playedP=0.190 pW=0.47 pD=0.17 pL=0.36 vAbs=0.172 gNorm=2.281 lr=0.01 ms=3421.6 buf=1000000 plies=61075837 games=926148 epoch=0
[REPLAY] step=7150 loss=3.8906 pLoss=2.8594 vLoss=1.0312 pEnt=2.578 pIllM=0.0011 playedP=0.199 pW=0.52 pD=0.09 pL=0.40 vAbs=0.245 gNorm=4.781 lr=0.01 ms=3393.2 buf=1000000 plies=61502497 games=932543 epoch=0
[REPLAY] step=7200 loss=3.5000 pLoss=2.5469 vLoss=0.9531 pEnt=2.578 pIllM=0.0017 playedP=0.186 pW=0.38 pD=0.06 pL=0.56 vAbs=0.354 gNorm=5.938 lr=0.01 ms=3417.2 buf=1000000 plies=61929180 games=938955 epoch=0
[REPLAY] step=7250 loss=3.9375 pLoss=2.8281 vLoss=1.1016 pEnt=2.531 pIllM=0.0014 playedP=0.197 pW=0.50 pD=0.16 pL=0.34 vAbs=0.283 gNorm=6.219 lr=0.01 ms=3393.7 buf=1000000 plies=62355792 games=945341 epoch=0
[REPLAY] step=7300 loss=3.7656 pLoss=2.8281 vLoss=0.9375 pEnt=2.484 pIllM=0.0016 playedP=0.208 pW=0.49 pD=0.05 pL=0.46 vAbs=0.195 gNorm=3.891 lr=0.01 ms=3422.2 buf=1000000 plies=62782458 games=951781 epoch=0
[REPLAY] step=7350 loss=3.7812 pLoss=2.7656 vLoss=1.0078 pEnt=2.703 pIllM=0.0016 playedP=0.185 pW=0.61 pD=0.03 pL=0.36 vAbs=0.342 gNorm=3.781 lr=0.01 ms=3390.7 buf=1000000 plies=63209072 games=958192 epoch=0
[REPLAY] step=7400 loss=3.8750 pLoss=2.6719 vLoss=1.1953 pEnt=2.625 pIllM=0.0015 playedP=0.214 pW=0.57 pD=0.11 pL=0.32 vAbs=0.369 gNorm=3.484 lr=0.01 ms=3416.8 buf=1000000 plies=63635729 games=964633 epoch=0
[REPLAY] step=7450 loss=3.5312 pLoss=2.6094 vLoss=0.9258 pEnt=2.844 pIllM=0.0020 playedP=0.174 pW=0.52 pD=0.04 pL=0.44 vAbs=0.309 gNorm=1.070 lr=0.01 ms=3419.5 buf=1000000 plies=64062362 games=971049 epoch=0
[REPLAY] step=7500 loss=3.6250 pLoss=2.5781 vLoss=1.0469 pEnt=2.438 pIllM=0.0018 playedP=0.224 pW=0.44 pD=0.02 pL=0.54 vAbs=0.264 gNorm=3.078 lr=0.01 ms=3411.7 buf=1000000 plies=64489047 games=977526 epoch=0
[REPLAY] step=7550 loss=3.5312 pLoss=2.2812 vLoss=1.2422 pEnt=2.766 pIllM=0.0020 playedP=0.177 pW=0.36 pD=0.05 pL=0.60 vAbs=0.414 gNorm=2.703 lr=0.01 ms=3387.8 buf=1000000 plies=64915673 games=983965 epoch=0
[REPLAY] step=7600 loss=3.5469 pLoss=2.1250 vLoss=1.4219 pEnt=2.672 pIllM=0.0018 playedP=0.178 pW=0.24 pD=0.04 pL=0.72 vAbs=0.535 gNorm=6.062 lr=0.01 ms=3390.4 buf=1000000 plies=65342339 games=990342 epoch=0
[REPLAY] step=7650 loss=3.6250 pLoss=2.3594 vLoss=1.2578 pEnt=2.703 pIllM=0.0012 playedP=0.185 pW=0.36 pD=0.02 pL=0.62 vAbs=0.342 gNorm=4.219 lr=0.01 ms=3390.5 buf=1000000 plies=65768971 games=996818 epoch=0
[REPLAY] step=7700 loss=3.5469 pLoss=2.3438 vLoss=1.1953 pEnt=2.672 pIllM=0.0013 playedP=0.193 pW=0.30 pD=0.08 pL=0.62 vAbs=0.357 gNorm=4.844 lr=0.01 ms=3389.8 buf=1000000 plies=66195679 games=1003277 epoch=0
[REPLAY] step=7750 loss=3.7812 pLoss=2.8125 vLoss=0.9727 pEnt=2.625 pIllM=0.0012 playedP=0.181 pW=0.51 pD=0.03 pL=0.46 vAbs=0.240 gNorm=4.906 lr=0.01 ms=3393.4 buf=1000000 plies=66622255 games=1009801 epoch=0
[REPLAY] step=7800 loss=4.0000 pLoss=2.7031 vLoss=1.2891 pEnt=2.594 pIllM=0.0020 playedP=0.212 pW=0.65 pD=0.08 pL=0.27 vAbs=0.430 gNorm=4.969 lr=0.01 ms=3391.6 buf=1000000 plies=67048927 games=1016237 epoch=0
[REPLAY] step=7850 loss=4.0312 pLoss=2.7969 vLoss=1.2422 pEnt=2.438 pIllM=0.0016 playedP=0.229 pW=0.60 pD=0.13 pL=0.27 vAbs=0.350 gNorm=4.250 lr=0.01 ms=3391.9 buf=1000000 plies=67475612 games=1022697 epoch=0
[REPLAY] step=7900 loss=3.6094 pLoss=2.6562 vLoss=0.9453 pEnt=2.562 pIllM=0.0017 playedP=0.200 pW=0.46 pD=0.04 pL=0.50 vAbs=0.258 gNorm=3.469 lr=0.01 ms=3391.9 buf=1000000 plies=67902251 games=1029225 epoch=0
[REPLAY] step=7950 loss=3.7812 pLoss=2.7969 vLoss=0.9844 pEnt=2.641 pIllM=0.0014 playedP=0.170 pW=0.40 pD=0.13 pL=0.47 vAbs=0.188 gNorm=7.438 lr=0.01 ms=3408.3 buf=1000000 plies=68328873 games=1035716 epoch=0
[REPLAY] step=8000 loss=3.7812 pLoss=2.8281 vLoss=0.9492 pEnt=2.656 pIllM=0.0015 playedP=0.173 pW=0.54 pD=0.03 pL=0.44 vAbs=0.260 gNorm=3.891 lr=0.01 ms=3418.7 buf=1000000 plies=68755568 games=1042134 epoch=0
[REPLAY] saved trainer model (autosave) step=8000 nextGame=1042134 shard=2 epoch=0 -> v5-cont-replay-latest.safetensors
[REPLAY] enumerated checkpoint -> v5-cont-replay-step8000.safetensors
[REPLAY] step=8050 loss=3.5625 pLoss=2.5625 vLoss=0.9961 pEnt=2.750 pIllM=0.0014 playedP=0.195 pW=0.45 pD=0.07 pL=0.49 vAbs=0.270 gNorm=1.805 lr=0.01 ms=3443.7 buf=1000000 plies=69182149 games=1048584 epoch=0
[REPLAY] step=8100 loss=3.6406 pLoss=2.4375 vLoss=1.1953 pEnt=2.516 pIllM=0.0025 playedP=0.203 pW=0.37 pD=0.04 pL=0.59 vAbs=0.346 gNorm=5.125 lr=0.01 ms=3400.0 buf=1000000 plies=69608878 games=1055026 epoch=0
[REPLAY] step=8150 loss=3.5625 pLoss=2.4531 vLoss=1.1016 pEnt=2.500 pIllM=0.0017 playedP=0.215 pW=0.40 pD=0.05 pL=0.55 vAbs=0.338 gNorm=3.609 lr=0.01 ms=3429.8 buf=1000000 plies=70035478 games=1061528 epoch=0
[REPLAY] step=8200 loss=3.6875 pLoss=2.6719 vLoss=1.0156 pEnt=2.625 pIllM=0.0020 playedP=0.173 pW=0.43 pD=0.07 pL=0.50 vAbs=0.240 gNorm=7.438 lr=0.01 ms=3401.4 buf=1000000 plies=70462120 games=1067986 epoch=0
[REPLAY] step=8250 loss=3.9375 pLoss=2.9219 vLoss=1.0156 pEnt=2.625 pIllM=0.0012 playedP=0.161 pW=0.52 pD=0.05 pL=0.43 vAbs=0.237 gNorm=9.438 lr=0.01 ms=3402.6 buf=1000000 plies=70888767 games=1074437 epoch=0
[REPLAY] step=8300 loss=3.6250 pLoss=2.7031 vLoss=0.9141 pEnt=2.656 pIllM=0.0014 playedP=0.199 pW=0.47 pD=0.06 pL=0.47 vAbs=0.239 gNorm=3.734 lr=0.01 ms=3426.0 buf=1000000 plies=71315522 games=1080877 epoch=0
[REPLAY] step=8350 loss=3.6406 pLoss=2.5625 vLoss=1.0781 pEnt=2.578 pIllM=0.0014 playedP=0.198 pW=0.44 pD=0.05 pL=0.51 vAbs=0.285 gNorm=4.469 lr=0.01 ms=3403.0 buf=1000000 plies=71742080 games=1087282 epoch=0
[REPLAY] step=8400 loss=3.7812 pLoss=2.7812 vLoss=1.0000 pEnt=2.688 pIllM=0.0013 playedP=0.146 pW=0.48 pD=0.04 pL=0.48 vAbs=0.238 gNorm=10.188 lr=0.01 ms=3391.7 buf=1000000 plies=72168735 games=1093698 epoch=0
[REPLAY] step=8450 loss=3.9531 pLoss=2.9219 vLoss=1.0234 pEnt=2.578 pIllM=0.0018 playedP=0.173 pW=0.41 pD=0.13 pL=0.47 vAbs=0.194 gNorm=7.625 lr=0.01 ms=3409.8 buf=1000000 plies=72595397 games=1100135 epoch=0
[REPLAY] step=8500 loss=3.5469 pLoss=2.5156 vLoss=1.0234 pEnt=2.812 pIllM=0.0015 playedP=0.181 pW=0.46 pD=0.05 pL=0.49 vAbs=0.291 gNorm=2.156 lr=0.01 ms=3422.8 buf=1000000 plies=73022019 games=1106553 epoch=0
[REPLAY] step=8550 loss=3.5625 pLoss=2.4375 vLoss=1.1250 pEnt=2.531 pIllM=0.0018 playedP=0.211 pW=0.40 pD=0.06 pL=0.55 vAbs=0.346 gNorm=2.625 lr=0.01 ms=3416.5 buf=1000000 plies=73448705 games=1112977 epoch=0
[REPLAY] step=8600 loss=3.7656 pLoss=2.7188 vLoss=1.0391 pEnt=2.703 pIllM=0.0011 playedP=0.198 pW=0.51 pD=0.15 pL=0.34 vAbs=0.326 gNorm=3.453 lr=0.01 ms=3389.0 buf=1000000 plies=73875307 games=1119395 epoch=0
[REPLAY] step=8650 loss=3.6562 pLoss=2.6875 vLoss=0.9688 pEnt=2.750 pIllM=0.0014 playedP=0.163 pW=0.44 pD=0.08 pL=0.47 vAbs=0.227 gNorm=5.031 lr=0.01 ms=3410.5 buf=1000000 plies=74301952 games=1125830 epoch=0
[REPLAY] step=8700 loss=3.6094 pLoss=2.5625 vLoss=1.0391 pEnt=2.562 pIllM=0.0021 playedP=0.207 pW=0.44 pD=0.07 pL=0.50 vAbs=0.264 gNorm=3.719 lr=0.01 ms=3391.0 buf=1000000 plies=74728605 games=1132279 epoch=0
[REPLAY] step=8750 loss=3.8281 pLoss=2.7812 vLoss=1.0391 pEnt=2.516 pIllM=0.0016 playedP=0.181 pW=0.47 pD=0.08 pL=0.45 vAbs=0.262 gNorm=9.188 lr=0.01 ms=3415.9 buf=1000000 plies=75155356 games=1138806 epoch=0
[REPLAY] step=8800 loss=3.7656 pLoss=2.7500 vLoss=1.0156 pEnt=2.594 pIllM=0.0020 playedP=0.179 pW=0.48 pD=0.08 pL=0.44 vAbs=0.281 gNorm=5.094 lr=0.01 ms=3419.8 buf=1000000 plies=75581968 games=1145296 epoch=0
[REPLAY] step=8850 loss=3.7969 pLoss=2.8594 vLoss=0.9414 pEnt=2.578 pIllM=0.0017 playedP=0.192 pW=0.50 pD=0.06 pL=0.44 vAbs=0.215 gNorm=4.500 lr=0.01 ms=3423.2 buf=1000000 plies=76008590 games=1151759 epoch=0
[REPLAY] step=8900 loss=3.7344 pLoss=2.6719 vLoss=1.0547 pEnt=2.688 pIllM=0.0014 playedP=0.193 pW=0.50 pD=0.04 pL=0.46 vAbs=0.262 gNorm=2.547 lr=0.01 ms=3424.7 buf=1000000 plies=76435204 games=1158133 epoch=0
[REPLAY] step=8950 loss=3.6562 pLoss=2.5625 vLoss=1.0859 pEnt=2.609 pIllM=0.0018 playedP=0.189 pW=0.43 pD=0.05 pL=0.52 vAbs=0.297 gNorm=3.672 lr=0.01 ms=3414.3 buf=1000000 plies=76861854 games=1164597 epoch=0
[REPLAY] step=9000 loss=3.6719 pLoss=2.6094 vLoss=1.0625 pEnt=2.562 pIllM=0.0022 playedP=0.195 pW=0.44 pD=0.05 pL=0.51 vAbs=0.285 gNorm=4.625 lr=0.01 ms=3410.0 buf=1000000 plies=77288522 games=1171119 epoch=0
[REPLAY] saved trainer model (autosave) step=9000 nextGame=1171119 shard=2 epoch=0 -> v5-cont-replay-latest.safetensors
[REPLAY] enumerated checkpoint -> v5-cont-replay-step9000.safetensors
[REPLAY] step=9050 loss=3.9062 pLoss=2.7031 vLoss=1.1953 pEnt=2.719 pIllM=0.0013 playedP=0.188 pW=0.58 pD=0.04 pL=0.38 vAbs=0.344 gNorm=3.734 lr=0.01 ms=3409.8 buf=1000000 plies=77715162 games=1177630 epoch=0
[REPLAY] step=9100 loss=3.5781 pLoss=2.3906 vLoss=1.1875 pEnt=2.719 pIllM=0.0014 playedP=0.188 pW=0.37 pD=0.03 pL=0.59 vAbs=0.344 gNorm=4.125 lr=0.01 ms=3417.2 buf=1000000 plies=78141819 games=1184036 epoch=0
[REPLAY] step=9150 loss=3.7500 pLoss=2.7031 vLoss=1.0391 pEnt=2.516 pIllM=0.0025 playedP=0.217 pW=0.54 pD=0.04 pL=0.42 vAbs=0.249 gNorm=3.250 lr=0.01 ms=3416.8 buf=1000000 plies=78568492 games=1190502 epoch=0
[REPLAY] step=9200 loss=3.5938 pLoss=2.6250 vLoss=0.9727 pEnt=2.688 pIllM=0.0026 playedP=0.192 pW=0.45 pD=0.08 pL=0.46 vAbs=0.235 gNorm=2.156 lr=0.01 ms=3422.8 buf=1000000 plies=78995101 games=1196973 epoch=0
[REPLAY] step=9250 loss=3.9688 pLoss=3.0000 vLoss=0.9648 pEnt=2.562 pIllM=0.0013 playedP=0.164 pW=0.45 pD=0.10 pL=0.45 vAbs=0.228 gNorm=10.375 lr=0.01 ms=3420.9 buf=1000000 plies=79421794 games=1203472 epoch=0
[REPLAY] step=9300 loss=3.8125 pLoss=2.7656 vLoss=1.0391 pEnt=2.516 pIllM=0.0020 playedP=0.200 pW=0.49 pD=0.08 pL=0.44 vAbs=0.248 gNorm=4.062 lr=0.01 ms=3414.2 buf=1000000 plies=79848482 games=1209908 epoch=0
[REPLAY] step=9350 loss=3.7969 pLoss=2.6406 vLoss=1.1562 pEnt=2.625 pIllM=0.0019 playedP=0.197 pW=0.62 pD=0.03 pL=0.35 vAbs=0.383 gNorm=3.531 lr=0.01 ms=3409.3 buf=1000000 plies=80275065 games=1216315 epoch=0
[REPLAY] step=9400 loss=3.6250 pLoss=2.5156 vLoss=1.1094 pEnt=2.531 pIllM=0.0021 playedP=0.207 pW=0.41 pD=0.05 pL=0.54 vAbs=0.291 gNorm=3.359 lr=0.01 ms=3399.2 buf=1000000 plies=80701744 games=1222772 epoch=0
[REPLAY] step=9450 loss=3.6250 pLoss=2.3906 vLoss=1.2266 pEnt=2.531 pIllM=0.0018 playedP=0.204 pW=0.34 pD=0.13 pL=0.53 vAbs=0.393 gNorm=4.156 lr=0.01 ms=3412.2 buf=1000000 plies=81128411 games=1229240 epoch=0
[REPLAY] step=9500 loss=3.7344 pLoss=2.7031 vLoss=1.0234 pEnt=2.734 pIllM=0.0014 playedP=0.173 pW=0.43 pD=0.08 pL=0.49 vAbs=0.234 gNorm=4.875 lr=0.01 ms=3414.5 buf=1000000 plies=81555030 games=1235689 epoch=0
[REPLAY] step=9550 loss=3.5781 pLoss=2.4375 vLoss=1.1328 pEnt=2.859 pIllM=0.0013 playedP=0.166 pW=0.39 pD=0.08 pL=0.54 vAbs=0.348 gNorm=2.797 lr=0.01 ms=3430.3 buf=1000000 plies=81981690 games=1242167 epoch=0
[REPLAY] step=9600 loss=3.9844 pLoss=2.7812 vLoss=1.2031 pEnt=2.516 pIllM=0.0017 playedP=0.195 pW=0.62 pD=0.03 pL=0.34 vAbs=0.393 gNorm=5.531 lr=0.01 ms=3389.8 buf=1000000 plies=82408424 games=1248588 epoch=0
[REPLAY] step=9650 loss=3.5469 pLoss=2.5312 vLoss=1.0156 pEnt=2.672 pIllM=0.0013 playedP=0.205 pW=0.45 pD=0.05 pL=0.50 vAbs=0.271 gNorm=1.922 lr=0.01 ms=3393.5 buf=1000000 plies=82835025 games=1255024 epoch=0
[REPLAY] step=9700 loss=4.2188 pLoss=2.7812 vLoss=1.4375 pEnt=2.578 pIllM=0.0012 playedP=0.187 pW=0.71 pD=0.03 pL=0.27 vAbs=0.498 gNorm=6.031 lr=0.01 ms=3420.9 buf=1000000 plies=83261669 games=1261467 epoch=0
[REPLAY] step=9750 loss=3.7031 pLoss=2.6094 vLoss=1.0938 pEnt=2.547 pIllM=0.0018 playedP=0.202 pW=0.40 pD=0.13 pL=0.48 vAbs=0.307 gNorm=3.234 lr=0.01 ms=3418.8 buf=1000000 plies=83688251 games=1267936 epoch=0
[REPLAY] step=9800 loss=3.7344 pLoss=2.6719 vLoss=1.0625 pEnt=2.625 pIllM=0.0016 playedP=0.178 pW=0.43 pD=0.05 pL=0.52 vAbs=0.287 gNorm=5.406 lr=0.01 ms=3419.5 buf=1000000 plies=84114950 games=1274421 epoch=0
[REPLAY] step=9850 loss=3.6562 pLoss=2.5469 vLoss=1.1016 pEnt=2.594 pIllM=0.0012 playedP=0.197 pW=0.39 pD=0.11 pL=0.50 vAbs=0.332 gNorm=4.125 lr=0.01 ms=3428.5 buf=1000000 plies=84541567 games=1280852 epoch=0
[REPLAY] step=9900 loss=4.2188 pLoss=2.7188 vLoss=1.5078 pEnt=2.641 pIllM=0.0013 playedP=0.197 pW=0.76 pD=0.03 pL=0.22 vAbs=0.582 gNorm=5.625 lr=0.01 ms=3394.7 buf=1000000 plies=84968212 games=1287349 epoch=0
[REPLAY] step=9950 loss=3.6875 pLoss=2.7188 vLoss=0.9727 pEnt=2.656 pIllM=0.0015 playedP=0.186 pW=0.45 pD=0.06 pL=0.49 vAbs=0.247 gNorm=3.141 lr=0.01 ms=3432.1 buf=1000000 plies=85394860 games=1293824 epoch=0
[REPLAY] step=10000 loss=3.8594 pLoss=2.6875 vLoss=1.1719 pEnt=2.531 pIllM=0.0025 playedP=0.208 pW=0.59 pD=0.04 pL=0.37 vAbs=0.371 gNorm=3.094 lr=0.01 ms=3396.9 buf=1000000 plies=85821538 games=1300319 epoch=0
[REPLAY] saved trainer model (autosave) step=10000 nextGame=1300319 shard=2 epoch=0 -> v5-cont-replay-latest.safetensors
[REPLAY] enumerated checkpoint -> v5-cont-replay-step10000.safetensors
[REPLAY] step=10050 loss=3.7656 pLoss=2.6719 vLoss=1.0859 pEnt=2.578 pIllM=0.0012 playedP=0.186 pW=0.43 pD=0.05 pL=0.52 vAbs=0.268 gNorm=5.750 lr=0.01 ms=3446.9 buf=1000000 plies=86248199 games=1306804 epoch=0
[REPLAY] step=10100 loss=3.7656 pLoss=2.7656 vLoss=1.0000 pEnt=2.641 pIllM=0.0016 playedP=0.192 pW=0.56 pD=0.07 pL=0.37 vAbs=0.336 gNorm=4.031 lr=0.01 ms=3437.1 buf=1000000 plies=86674801 games=1313278 epoch=0
[REPLAY] step=10150 loss=3.5781 pLoss=2.5312 vLoss=1.0469 pEnt=2.594 pIllM=0.0015 playedP=0.198 pW=0.39 pD=0.10 pL=0.50 vAbs=0.297 gNorm=5.594 lr=0.01 ms=3408.2 buf=1000000 plies=87101518 games=1319775 epoch=0
[REPLAY] step=10200 loss=3.9062 pLoss=2.7969 vLoss=1.1094 pEnt=2.531 pIllM=0.0019 playedP=0.205 pW=0.59 pD=0.02 pL=0.38 vAbs=0.249 gNorm=3.828 lr=0.01 ms=3999.4 buf=1000000 plies=87528146 games=1326203 epoch=0
[REPLAY] step=10250 loss=4.0625 pLoss=2.6875 vLoss=1.3594 pEnt=2.531 pIllM=0.0021 playedP=0.219 pW=0.68 pD=0.04 pL=0.27 vAbs=0.486 gNorm=4.000 lr=0.01 ms=3492.9 buf=1000000 plies=87954749 games=1332631 epoch=0
[REPLAY] step=10300 loss=3.6562 pLoss=2.5625 vLoss=1.0859 pEnt=2.516 pIllM=0.0018 playedP=0.211 pW=0.40 pD=0.12 pL=0.47 vAbs=0.293 gNorm=3.859 lr=0.01 ms=3437.6 buf=1000000 plies=88381441 games=1339044 epoch=0
[REPLAY] step=10350 loss=3.7812 pLoss=2.7031 vLoss=1.0703 pEnt=2.453 pIllM=0.0017 playedP=0.227 pW=0.56 pD=0.03 pL=0.41 vAbs=0.350 gNorm=2.938 lr=0.01 ms=3424.6 buf=1000000 plies=88808073 games=1345540 epoch=0
[REPLAY] step=10400 loss=3.5781 pLoss=2.5000 vLoss=1.0703 pEnt=2.750 pIllM=0.0013 playedP=0.183 pW=0.44 pD=0.05 pL=0.51 vAbs=0.340 gNorm=2.859 lr=0.01 ms=3420.4 buf=1000000 plies=89234718 games=1351942 epoch=0
[REPLAY] step=10450 loss=3.6875 pLoss=2.5312 vLoss=1.1484 pEnt=2.609 pIllM=0.0016 playedP=0.187 pW=0.39 pD=0.05 pL=0.55 vAbs=0.326 gNorm=4.594 lr=0.01 ms=3418.5 buf=1000000 plies=89661400 games=1358381 epoch=0
[REPLAY] step=10500 loss=3.5625 pLoss=2.1094 vLoss=1.4453 pEnt=2.562 pIllM=0.0018 playedP=0.193 pW=0.27 pD=0.03 pL=0.70 vAbs=0.512 gNorm=5.500 lr=0.01 ms=3393.0 buf=1000000 plies=90088044 games=1364762 epoch=0
[REPLAY] step=10550 loss=3.5781 pLoss=2.5000 vLoss=1.0781 pEnt=2.703 pIllM=0.0017 playedP=0.192 pW=0.42 pD=0.05 pL=0.54 vAbs=0.281 gNorm=4.000 lr=0.01 ms=3428.6 buf=1000000 plies=90514653 games=1371204 epoch=0
[REPLAY] step=10600 loss=3.8125 pLoss=2.7656 vLoss=1.0391 pEnt=2.562 pIllM=0.0013 playedP=0.193 pW=0.51 pD=0.02 pL=0.47 vAbs=0.258 gNorm=5.094 lr=0.01 ms=3418.8 buf=1000000 plies=90941332 games=1377617 epoch=0
[REPLAY] step=10650 loss=3.8438 pLoss=2.8438 vLoss=1.0000 pEnt=2.484 pIllM=0.0017 playedP=0.212 pW=0.52 pD=0.07 pL=0.41 vAbs=0.221 gNorm=3.484 lr=0.01 ms=3390.6 buf=1000000 plies=91367981 games=1384041 epoch=0
[REPLAY] step=10700 loss=3.7500 pLoss=2.7188 vLoss=1.0234 pEnt=2.578 pIllM=0.0014 playedP=0.186 pW=0.44 pD=0.05 pL=0.51 vAbs=0.222 gNorm=6.938 lr=0.01 ms=3392.0 buf=1000000 plies=91794613 games=1390530 epoch=0
[REPLAY] step=10750 loss=4.2188 pLoss=3.0156 vLoss=1.2109 pEnt=2.547 pIllM=0.0017 playedP=0.176 pW=0.59 pD=0.05 pL=0.37 vAbs=0.383 gNorm=7.125 lr=0.01 ms=3420.6 buf=1000000 plies=92221286 games=1397005 epoch=0
[REPLAY] step=10800 loss=3.6094 pLoss=2.5156 vLoss=1.0938 pEnt=2.844 pIllM=0.0017 playedP=0.184 pW=0.49 pD=0.11 pL=0.40 vAbs=0.305 gNorm=1.578 lr=0.01 ms=3421.4 buf=1000000 plies=92647917 games=1403435 epoch=0
[REPLAY] step=10850 loss=3.5625 pLoss=2.5625 vLoss=0.9922 pEnt=2.719 pIllM=0.0013 playedP=0.188 pW=0.46 pD=0.05 pL=0.48 vAbs=0.283 gNorm=3.172 lr=0.01 ms=3416.0 buf=1000000 plies=93074630 games=1409895 epoch=0
[REPLAY] step=10900 loss=3.5938 pLoss=2.6719 vLoss=0.9258 pEnt=2.750 pIllM=0.0017 playedP=0.178 pW=0.47 pD=0.04 pL=0.49 vAbs=0.201 gNorm=5.938 lr=0.01 ms=3391.2 buf=1000000 plies=93501264 games=1416370 epoch=0
[REPLAY] step=10950 loss=3.6719 pLoss=2.7344 vLoss=0.9375 pEnt=2.438 pIllM=0.0013 playedP=0.231 pW=0.47 pD=0.05 pL=0.48 vAbs=0.201 gNorm=2.172 lr=0.01 ms=3420.3 buf=1000000 plies=93927873 games=1422787 epoch=0
[REPLAY] step=11000 loss=3.6250 pLoss=2.5625 vLoss=1.0547 pEnt=2.594 pIllM=0.0020 playedP=0.205 pW=0.44 pD=0.08 pL=0.48 vAbs=0.250 gNorm=1.781 lr=0.01 ms=3391.6 buf=1000000 plies=94354547 games=1429217 epoch=0
[REPLAY] saved trainer model (autosave) step=11000 nextGame=1429217 shard=3 epoch=0 -> v5-cont-replay-latest.safetensors
[REPLAY] enumerated checkpoint -> v5-cont-replay-step11000.safetensors
[REPLAY] step=11050 loss=4.0312 pLoss=3.0469 vLoss=0.9727 pEnt=2.422 pIllM=0.0011 playedP=0.155 pW=0.44 pD=0.04 pL=0.52 vAbs=0.237 gNorm=13.438 lr=0.01 ms=3416.4 buf=1000000 plies=94781212 games=1435647 epoch=0
[REPLAY] step=11100 loss=3.5781 pLoss=2.6094 vLoss=0.9727 pEnt=2.859 pIllM=0.0012 playedP=0.170 pW=0.47 pD=0.04 pL=0.48 vAbs=0.213 gNorm=1.539 lr=0.01 ms=3424.3 buf=1000000 plies=95207844 games=1442025 epoch=0
[REPLAY] step=11150 loss=3.8906 pLoss=2.7812 vLoss=1.1016 pEnt=2.609 pIllM=0.0017 playedP=0.186 pW=0.43 pD=0.21 pL=0.36 vAbs=0.260 gNorm=5.375 lr=0.01 ms=3388.7 buf=1000000 plies=95634460 games=1448477 epoch=0
[REPLAY] step=11200 loss=3.6406 pLoss=2.6094 vLoss=1.0312 pEnt=2.656 pIllM=0.0011 playedP=0.189 pW=0.46 pD=0.07 pL=0.47 vAbs=0.309 gNorm=3.844 lr=0.01 ms=3391.5 buf=1000000 plies=96061121 games=1454911 epoch=0
[REPLAY] step=11250 loss=3.4688 pLoss=2.3438 vLoss=1.1250 pEnt=2.609 pIllM=0.0018 playedP=0.190 pW=0.37 pD=0.07 pL=0.56 vAbs=0.369 gNorm=2.828 lr=0.01 ms=3391.9 buf=1000000 plies=96487793 games=1461412 epoch=0
[REPLAY] step=11300 loss=4.1875 pLoss=2.8906 vLoss=1.2812 pEnt=2.562 pIllM=0.0017 playedP=0.180 pW=0.63 pD=0.07 pL=0.30 vAbs=0.453 gNorm=6.031 lr=0.01 ms=3388.9 buf=1000000 plies=96914417 games=1467864 epoch=0
[REPLAY] step=11350 loss=3.7812 pLoss=2.7656 vLoss=1.0156 pEnt=2.547 pIllM=0.0017 playedP=0.187 pW=0.47 pD=0.05 pL=0.49 vAbs=0.248 gNorm=6.906 lr=0.01 ms=3407.6 buf=1000000 plies=97341126 games=1474289 epoch=0
[REPLAY] step=11400 loss=4.1250 pLoss=2.7500 vLoss=1.3750 pEnt=2.656 pIllM=0.0014 playedP=0.157 pW=0.71 pD=0.04 pL=0.25 vAbs=0.504 gNorm=10.312 lr=0.01 ms=3388.7 buf=1000000 plies=97767783 games=1480704 epoch=0
[REPLAY] step=11450 loss=3.5156 pLoss=2.4062 vLoss=1.1094 pEnt=2.641 pIllM=0.0017 playedP=0.194 pW=0.38 pD=0.05 pL=0.57 vAbs=0.363 gNorm=3.250 lr=0.01 ms=3390.4 buf=1000000 plies=98194364 games=1487131 epoch=0
[REPLAY] step=11500 loss=3.6406 pLoss=2.7031 vLoss=0.9414 pEnt=2.703 pIllM=0.0016 playedP=0.180 pW=0.47 pD=0.10 pL=0.43 vAbs=0.289 gNorm=4.469 lr=0.01 ms=3391.0 buf=1000000 plies=98621020 games=1493507 epoch=0
[REPLAY] step=11550 loss=3.6562 pLoss=2.7188 vLoss=0.9375 pEnt=2.594 pIllM=0.0014 playedP=0.177 pW=0.41 pD=0.12 pL=0.47 vAbs=0.287 gNorm=9.000 lr=0.01 ms=3424.4 buf=1000000 plies=99047663 games=1499987 epoch=0
[REPLAY] step=11600 loss=3.5938 pLoss=2.5625 vLoss=1.0234 pEnt=2.531 pIllM=0.0018 playedP=0.197 pW=0.41 pD=0.05 pL=0.54 vAbs=0.287 gNorm=3.859 lr=0.01 ms=3427.1 buf=1000000 plies=99474414 games=1506429 epoch=0
[REPLAY] step=11650 loss=3.7344 pLoss=2.6875 vLoss=1.0469 pEnt=2.766 pIllM=0.0011 playedP=0.182 pW=0.55 pD=0.06 pL=0.39 vAbs=0.287 gNorm=2.531 lr=0.01 ms=3414.8 buf=1000000 plies=99901009 games=1512780 epoch=0
[REPLAY] step=11700 loss=3.7344 pLoss=2.7500 vLoss=0.9844 pEnt=2.516 pIllM=0.0020 playedP=0.190 pW=0.43 pD=0.07 pL=0.50 vAbs=0.222 gNorm=5.719 lr=0.01 ms=3389.4 buf=1000000 plies=100327644 games=1519248 epoch=0
[REPLAY] step=11750 loss=3.6250 pLoss=2.6094 vLoss=1.0156 pEnt=2.562 pIllM=0.0023 playedP=0.198 pW=0.41 pD=0.05 pL=0.54 vAbs=0.216 gNorm=3.766 lr=0.01 ms=3416.8 buf=1000000 plies=100754251 games=1525702 epoch=0
[REPLAY] step=11800 loss=3.7188 pLoss=2.5469 vLoss=1.1641 pEnt=2.656 pIllM=0.0018 playedP=0.175 pW=0.38 pD=0.02 pL=0.60 vAbs=0.324 gNorm=4.250 lr=0.01 ms=3415.0 buf=1000000 plies=101180905 games=1532159 epoch=0
[REPLAY] step=11850 loss=3.5938 pLoss=2.6562 vLoss=0.9297 pEnt=2.594 pIllM=0.0015 playedP=0.202 pW=0.45 pD=0.04 pL=0.51 vAbs=0.262 gNorm=3.500 lr=0.01 ms=3389.2 buf=1000000 plies=101607565 games=1538541 epoch=0
[REPLAY] step=11900 loss=3.5781 pLoss=2.5469 vLoss=1.0312 pEnt=2.562 pIllM=0.0018 playedP=0.220 pW=0.41 pD=0.09 pL=0.50 vAbs=0.262 gNorm=4.500 lr=0.01 ms=3417.8 buf=1000000 plies=102034236 games=1544992 epoch=0
[REPLAY] step=11950 loss=4.1250 pLoss=2.7344 vLoss=1.3828 pEnt=2.578 pIllM=0.0013 playedP=0.201 pW=0.66 pD=0.13 pL=0.22 vAbs=0.531 gNorm=4.812 lr=0.01 ms=3386.4 buf=1000000 plies=102460866 games=1551391 epoch=0
[REPLAY] step=12000 loss=3.6562 pLoss=2.6406 vLoss=1.0156 pEnt=2.594 pIllM=0.0020 playedP=0.199 pW=0.52 pD=0.07 pL=0.42 vAbs=0.293 gNorm=3.812 lr=0.01 ms=3416.5 buf=1000000 plies=102887544 games=1557907 epoch=0
[REPLAY] saved trainer model (autosave) step=12000 nextGame=1557907 shard=3 epoch=0 -> v5-cont-replay-latest.safetensors
[REPLAY] enumerated checkpoint -> v5-cont-replay-step12000.safetensors
[REPLAY] step=12050 loss=4.0938 pLoss=3.0781 vLoss=1.0078 pEnt=2.422 pIllM=0.0023 playedP=0.180 pW=0.55 pD=0.05 pL=0.40 vAbs=0.234 gNorm=10.625 lr=0.01 ms=3390.8 buf=1000000 plies=103314165 games=1564293 epoch=0
[REPLAY] step=12100 loss=3.4844 pLoss=2.5156 vLoss=0.9609 pEnt=2.812 pIllM=0.0015 playedP=0.187 pW=0.39 pD=0.06 pL=0.54 vAbs=0.238 gNorm=2.438 lr=0.01 ms=3398.3 buf=1000000 plies=103740842 games=1570739 epoch=0
[REPLAY] step=12150 loss=3.9531 pLoss=2.7188 vLoss=1.2266 pEnt=2.562 pIllM=0.0016 playedP=0.191 pW=0.62 pD=0.06 pL=0.31 vAbs=0.455 gNorm=4.781 lr=0.01 ms=3419.8 buf=1000000 plies=104167466 games=1577222 epoch=0
[REPLAY] step=12200 loss=3.4062 pLoss=2.4531 vLoss=0.9531 pEnt=2.656 pIllM=0.0022 playedP=0.188 pW=0.35 pD=0.08 pL=0.57 vAbs=0.309 gNorm=3.750 lr=0.01 ms=3418.4 buf=1000000 plies=104594125 games=1583722 epoch=0
[REPLAY] step=12250 loss=4.1562 pLoss=2.7344 vLoss=1.4219 pEnt=2.656 pIllM=0.0012 playedP=0.181 pW=0.73 pD=0.02 pL=0.25 vAbs=0.535 gNorm=5.062 lr=0.01 ms=3390.5 buf=1000000 plies=105020769 games=1590192 epoch=0
[REPLAY] step=12300 loss=4.3438 pLoss=2.7969 vLoss=1.5547 pEnt=2.531 pIllM=0.0018 playedP=0.203 pW=0.78 pD=0.03 pL=0.19 vAbs=0.598 gNorm=6.625 lr=0.01 ms=3416.6 buf=1000000 plies=105447410 games=1596711 epoch=0
[REPLAY] step=12350 loss=3.6406 pLoss=2.6562 vLoss=0.9883 pEnt=2.625 pIllM=0.0022 playedP=0.190 pW=0.49 pD=0.04 pL=0.46 vAbs=0.260 gNorm=4.000 lr=0.01 ms=3407.8 buf=1000000 plies=105874072 games=1603205 epoch=0
[REPLAY] step=12400 loss=3.5938 pLoss=2.6094 vLoss=0.9766 pEnt=2.516 pIllM=0.0024 playedP=0.216 pW=0.47 pD=0.04 pL=0.48 vAbs=0.268 gNorm=3.109 lr=0.01 ms=3388.5 buf=1000000 plies=106300756 games=1609730 epoch=0
[REPLAY] step=12450 loss=3.8125 pLoss=2.8125 vLoss=0.9961 pEnt=2.547 pIllM=0.0019 playedP=0.201 pW=0.56 pD=0.04 pL=0.40 vAbs=0.235 gNorm=3.594 lr=0.01 ms=3421.0 buf=1000000 plies=106727427 games=1616169 epoch=0
[REPLAY] step=12500 loss=3.6562 pLoss=2.7031 vLoss=0.9453 pEnt=2.625 pIllM=0.0014 playedP=0.197 pW=0.45 pD=0.03 pL=0.52 vAbs=0.200 gNorm=5.594 lr=0.01 ms=3392.7 buf=1000000 plies=107154007 games=1622628 epoch=0
[REPLAY] step=12550 loss=3.8750 pLoss=2.7500 vLoss=1.1172 pEnt=2.750 pIllM=0.0011 playedP=0.184 pW=0.71 pD=0.02 pL=0.26 vAbs=0.498 gNorm=4.625 lr=0.01 ms=3388.2 buf=1000000 plies=107580651 games=1629100 epoch=0
[REPLAY] step=12600 loss=3.7031 pLoss=2.7812 vLoss=0.9258 pEnt=2.625 pIllM=0.0016 playedP=0.170 pW=0.46 pD=0.06 pL=0.48 vAbs=0.188 gNorm=8.500 lr=0.01 ms=3416.7 buf=1000000 plies=108007303 games=1635482 epoch=0
[REPLAY] step=12650 loss=3.8281 pLoss=2.7656 vLoss=1.0547 pEnt=2.453 pIllM=0.0018 playedP=0.223 pW=0.53 pD=0.05 pL=0.41 vAbs=0.291 gNorm=4.312 lr=0.01 ms=3417.8 buf=1000000 plies=108433956 games=1641922 epoch=0
[REPLAY] step=12700 loss=3.7031 pLoss=2.6875 vLoss=1.0156 pEnt=2.625 pIllM=0.0021 playedP=0.187 pW=0.45 pD=0.09 pL=0.47 vAbs=0.224 gNorm=3.594 lr=0.01 ms=3387.7 buf=1000000 plies=108860609 games=1648433 epoch=0
[REPLAY] step=12750 loss=3.5312 pLoss=2.3750 vLoss=1.1484 pEnt=2.578 pIllM=0.0023 playedP=0.185 pW=0.35 pD=0.10 pL=0.54 vAbs=0.332 gNorm=5.219 lr=0.01 ms=3428.2 buf=1000000 plies=109287295 games=1654815 epoch=0
[REPLAY] step=12800 loss=3.7031 pLoss=2.7188 vLoss=0.9844 pEnt=2.641 pIllM=0.0016 playedP=0.188 pW=0.49 pD=0.04 pL=0.47 vAbs=0.241 gNorm=3.328 lr=0.01 ms=3408.7 buf=1000000 plies=109713927 games=1661316 epoch=0
[REPLAY] step=12850 loss=3.6719 pLoss=2.5781 vLoss=1.0938 pEnt=2.531 pIllM=0.0019 playedP=0.211 pW=0.42 pD=0.11 pL=0.46 vAbs=0.293 gNorm=2.016 lr=0.01 ms=3420.3 buf=1000000 plies=110140617 games=1667754 epoch=0
[REPLAY] step=12900 loss=3.6406 pLoss=2.5156 vLoss=1.1250 pEnt=2.547 pIllM=0.0021 playedP=0.195 pW=0.39 pD=0.11 pL=0.50 vAbs=0.318 gNorm=4.688 lr=0.01 ms=3399.4 buf=1000000 plies=110567210 games=1674167 epoch=0
[REPLAY] step=12950 loss=3.6719 pLoss=2.6250 vLoss=1.0469 pEnt=2.578 pIllM=0.0018 playedP=0.196 pW=0.44 pD=0.07 pL=0.50 vAbs=0.239 gNorm=3.328 lr=0.01 ms=3391.8 buf=1000000 plies=110993901 games=1680569 epoch=0
[REPLAY] step=13000 loss=3.6250 pLoss=2.2031 vLoss=1.4219 pEnt=2.641 pIllM=0.0016 playedP=0.174 pW=0.22 pD=0.10 pL=0.68 vAbs=0.488 gNorm=6.188 lr=0.01 ms=3417.7 buf=1000000 plies=111420569 games=1686917 epoch=0
[REPLAY] saved trainer model (autosave) step=13000 nextGame=1686917 shard=3 epoch=0 -> v5-cont-replay-latest.safetensors
[REPLAY] enumerated checkpoint -> v5-cont-replay-step13000.safetensors
[REPLAY] step=13050 loss=3.6406 pLoss=2.5625 vLoss=1.0781 pEnt=2.703 pIllM=0.0015 playedP=0.195 pW=0.47 pD=0.10 pL=0.43 vAbs=0.301 gNorm=3.531 lr=0.01 ms=3402.4 buf=1000000 plies=111847192 games=1693343 epoch=0
[REPLAY] step=13100 loss=3.6719 pLoss=2.5312 vLoss=1.1328 pEnt=2.469 pIllM=0.0014 playedP=0.220 pW=0.39 pD=0.16 pL=0.45 vAbs=0.266 gNorm=5.312 lr=0.01 ms=3392.0 buf=1000000 plies=112273815 games=1699779 epoch=0
[REPLAY] step=13150 loss=4.2188 pLoss=2.7500 vLoss=1.4531 pEnt=2.547 pIllM=0.0020 playedP=0.206 pW=0.70 pD=0.08 pL=0.21 vAbs=0.555 gNorm=6.125 lr=0.01 ms=3391.8 buf=1000000 plies=112700500 games=1706214 epoch=0
[REPLAY] step=13200 loss=3.8281 pLoss=2.8594 vLoss=0.9609 pEnt=2.562 pIllM=0.0022 playedP=0.184 pW=0.47 pD=0.04 pL=0.49 vAbs=0.198 gNorm=4.469 lr=0.01 ms=3391.3 buf=1000000 plies=113127174 games=1712589 epoch=0
[REPLAY] step=13250 loss=3.7344 pLoss=2.6875 vLoss=1.0469 pEnt=2.672 pIllM=0.0012 playedP=0.197 pW=0.40 pD=0.21 pL=0.40 vAbs=0.208 gNorm=3.562 lr=0.01 ms=3418.9 buf=1000000 plies=113553778 games=1718995 epoch=0
[REPLAY] step=13300 loss=4.0312 pLoss=2.7500 vLoss=1.2812 pEnt=2.578 pIllM=0.0016 playedP=0.196 pW=0.60 pD=0.12 pL=0.28 vAbs=0.420 gNorm=4.375 lr=0.01 ms=3434.0 buf=1000000 plies=113980420 games=1725438 epoch=0
[REPLAY] step=13350 loss=3.6719 pLoss=2.6406 vLoss=1.0312 pEnt=2.578 pIllM=0.0017 playedP=0.197 pW=0.44 pD=0.04 pL=0.52 vAbs=0.303 gNorm=4.562 lr=0.01 ms=3388.7 buf=1000000 plies=114407103 games=1731878 epoch=0
[REPLAY] step=13400 loss=3.8906 pLoss=2.7344 vLoss=1.1484 pEnt=2.703 pIllM=0.0014 playedP=0.178 pW=0.59 pD=0.05 pL=0.36 vAbs=0.377 gNorm=4.781 lr=0.01 ms=3418.6 buf=1000000 plies=114833745 games=1738292 epoch=0
[REPLAY] step=13450 loss=4.4375 pLoss=2.7969 vLoss=1.6328 pEnt=2.656 pIllM=0.0014 playedP=0.173 pW=0.78 pD=0.04 pL=0.18 vAbs=0.613 gNorm=7.906 lr=0.01 ms=3416.5 buf=1000000 plies=115260435 games=1744659 epoch=0
[REPLAY] step=13500 loss=4.6562 pLoss=2.8281 vLoss=1.8359 pEnt=2.641 pIllM=0.0014 playedP=0.175 pW=0.82 pD=0.09 pL=0.09 vAbs=0.734 gNorm=8.812 lr=0.01 ms=3389.2 buf=1000000 plies=115687035 games=1751045 epoch=0
[REPLAY] step=13550 loss=3.6875 pLoss=2.6406 vLoss=1.0391 pEnt=2.594 pIllM=0.0014 playedP=0.185 pW=0.39 pD=0.10 pL=0.52 vAbs=0.285 gNorm=7.188 lr=0.01 ms=3418.3 buf=1000000 plies=116113725 games=1757551 epoch=0
[REPLAY] step=13600 loss=3.7188 pLoss=2.7656 vLoss=0.9570 pEnt=2.562 pIllM=0.0021 playedP=0.185 pW=0.45 pD=0.06 pL=0.49 vAbs=0.238 gNorm=4.938 lr=0.01 ms=3406.8 buf=1000000 plies=116540351 games=1763999 epoch=0
[REPLAY] step=13650 loss=4.0625 pLoss=2.7812 vLoss=1.2656 pEnt=2.547 pIllM=0.0014 playedP=0.194 pW=0.65 pD=0.05 pL=0.30 vAbs=0.436 gNorm=6.938 lr=0.01 ms=3434.6 buf=1000000 plies=116966990 games=1770486 epoch=0
[REPLAY] step=13700 loss=3.7969 pLoss=2.7344 vLoss=1.0547 pEnt=2.703 pIllM=0.0010 playedP=0.191 pW=0.55 pD=0.06 pL=0.39 vAbs=0.275 gNorm=4.312 lr=0.01 ms=3414.0 buf=1000000 plies=117393678 games=1776894 epoch=0
[REPLAY] step=13750 loss=3.7188 pLoss=2.7031 vLoss=1.0156 pEnt=2.594 pIllM=0.0017 playedP=0.184 pW=0.41 pD=0.13 pL=0.46 vAbs=0.225 gNorm=6.594 lr=0.01 ms=3390.0 buf=1000000 plies=117820282 games=1783328 epoch=0
[REPLAY] step=13800 loss=3.6562 pLoss=2.4531 vLoss=1.2031 pEnt=2.625 pIllM=0.0014 playedP=0.165 pW=0.30 pD=0.14 pL=0.56 vAbs=0.373 gNorm=9.125 lr=0.01 ms=3408.0 buf=1000000 plies=118246906 games=1789803 epoch=0
[REPLAY] step=13850 loss=3.6562 pLoss=2.3906 vLoss=1.2578 pEnt=2.734 pIllM=0.0013 playedP=0.188 pW=0.35 pD=0.09 pL=0.56 vAbs=0.340 gNorm=3.562 lr=0.01 ms=3417.8 buf=1000000 plies=118673625 games=1796189 epoch=0
[REPLAY] step=13900 loss=3.7344 pLoss=2.5625 vLoss=1.1641 pEnt=2.594 pIllM=0.0026 playedP=0.181 pW=0.42 pD=0.04 pL=0.55 vAbs=0.324 gNorm=3.891 lr=0.01 ms=3407.9 buf=1000000 plies=119100202 games=1802675 epoch=0
[REPLAY] step=13950 loss=3.7031 pLoss=2.5312 vLoss=1.1719 pEnt=2.797 pIllM=0.0012 playedP=0.188 pW=0.59 pD=0.03 pL=0.37 vAbs=0.412 gNorm=2.469 lr=0.01 ms=3388.5 buf=1000000 plies=119526855 games=1809167 epoch=0
[REPLAY] step=14000 loss=3.6719 pLoss=2.5156 vLoss=1.1562 pEnt=2.641 pIllM=0.0015 playedP=0.161 pW=0.37 pD=0.05 pL=0.58 vAbs=0.295 gNorm=9.500 lr=0.01 ms=3389.5 buf=1000000 plies=119953532 games=1815529 epoch=0
[REPLAY] saved trainer model (autosave) step=14000 nextGame=1815529 shard=3 epoch=0 -> v5-cont-replay-latest.safetensors
[REPLAY] enumerated checkpoint -> v5-cont-replay-step14000.safetensors
[REPLAY] step=14050 loss=4.4375 pLoss=2.9531 vLoss=1.4844 pEnt=2.422 pIllM=0.0014 playedP=0.165 pW=0.70 pD=0.07 pL=0.23 vAbs=0.535 gNorm=12.625 lr=0.01 ms=3389.0 buf=1000000 plies=120380188 games=1821948 epoch=0
[REPLAY] step=14100 loss=3.6094 pLoss=2.4219 vLoss=1.1875 pEnt=2.578 pIllM=0.0020 playedP=0.201 pW=0.34 pD=0.08 pL=0.58 vAbs=0.424 gNorm=5.781 lr=0.01 ms=3417.9 buf=1000000 plies=120806803 games=1828390 epoch=0
[REPLAY] step=14150 loss=3.6562 pLoss=2.7188 vLoss=0.9414 pEnt=2.781 pIllM=0.0012 playedP=0.179 pW=0.52 pD=0.03 pL=0.46 vAbs=0.196 gNorm=2.438 lr=0.01 ms=3417.6 buf=1000000 plies=121233452 games=1834828 epoch=0
[REPLAY] step=14200 loss=3.7969 pLoss=2.7656 vLoss=1.0312 pEnt=2.656 pIllM=0.0012 playedP=0.197 pW=0.50 pD=0.10 pL=0.40 vAbs=0.229 gNorm=3.641 lr=0.01 ms=3417.8 buf=1000000 plies=121660102 games=1841351 epoch=0
[REPLAY] step=14250 loss=3.5625 pLoss=2.4531 vLoss=1.1094 pEnt=2.531 pIllM=0.0014 playedP=0.209 pW=0.39 pD=0.08 pL=0.53 vAbs=0.314 gNorm=3.469 lr=0.01 ms=3397.9 buf=1000000 plies=122086783 games=1847798 epoch=0
[REPLAY] step=14300 loss=4.2188 pLoss=2.6406 vLoss=1.5859 pEnt=2.609 pIllM=0.0018 playedP=0.192 pW=0.77 pD=0.02 pL=0.21 vAbs=0.625 gNorm=6.094 lr=0.01 ms=3391.6 buf=1000000 plies=122513424 games=1854223 epoch=0
[REPLAY] step=14350 loss=3.7656 pLoss=2.6719 vLoss=1.0859 pEnt=2.734 pIllM=0.0012 playedP=0.198 pW=0.55 pD=0.12 pL=0.34 vAbs=0.279 gNorm=4.062 lr=0.01 ms=3391.6 buf=1000000 plies=122940057 games=1860686 epoch=0
[REPLAY] step=14400 loss=3.7500 pLoss=2.6719 vLoss=1.0781 pEnt=2.578 pIllM=0.0014 playedP=0.201 pW=0.48 pD=0.10 pL=0.42 vAbs=0.281 gNorm=3.391 lr=0.01 ms=3391.3 buf=1000000 plies=123366727 games=1867132 epoch=0
[REPLAY] step=14450 loss=3.5156 pLoss=2.4844 vLoss=1.0234 pEnt=2.641 pIllM=0.0020 playedP=0.203 pW=0.42 pD=0.09 pL=0.49 vAbs=0.245 gNorm=1.773 lr=0.01 ms=3411.1 buf=1000000 plies=123793361 games=1873533 epoch=0
[REPLAY] step=14500 loss=3.8438 pLoss=2.7656 vLoss=1.0781 pEnt=2.453 pIllM=0.0014 playedP=0.215 pW=0.48 pD=0.12 pL=0.40 vAbs=0.289 gNorm=4.750 lr=0.01 ms=3418.1 buf=1000000 plies=124220019 games=1879981 epoch=0
[REPLAY] step=14550 loss=3.6719 pLoss=2.6562 vLoss=1.0156 pEnt=2.719 pIllM=0.0014 playedP=0.186 pW=0.45 pD=0.05 pL=0.50 vAbs=0.217 gNorm=2.766 lr=0.01 ms=3390.7 buf=1000000 plies=124646679 games=1886440 epoch=0
[REPLAY] step=14600 loss=3.6406 pLoss=2.5000 vLoss=1.1328 pEnt=2.641 pIllM=0.0014 playedP=0.199 pW=0.41 pD=0.08 pL=0.51 vAbs=0.322 gNorm=3.641 lr=0.01 ms=3405.4 buf=1000000 plies=125073341 games=1892868 epoch=0
[REPLAY] step=14650 loss=4.3438 pLoss=2.7656 vLoss=1.5625 pEnt=2.594 pIllM=0.0014 playedP=0.202 pW=0.79 pD=0.02 pL=0.20 vAbs=0.617 gNorm=6.844 lr=0.01 ms=3416.5 buf=1000000 plies=125499995 games=1899276 epoch=0
[REPLAY] step=14700 loss=3.8125 pLoss=2.6875 vLoss=1.1250 pEnt=2.531 pIllM=0.0017 playedP=0.214 pW=0.50 pD=0.10 pL=0.40 vAbs=0.344 gNorm=2.859 lr=0.01 ms=3519.4 buf=1000000 plies=125926644 games=1905712 epoch=0
[REPLAY] step=14750 loss=3.6562 pLoss=2.7500 vLoss=0.9062 pEnt=2.703 pIllM=0.0016 playedP=0.182 pW=0.51 pD=0.08 pL=0.41 vAbs=0.199 gNorm=5.781 lr=0.01 ms=3390.6 buf=1000000 plies=126353269 games=1912163 epoch=0
[REPLAY] step=14800 loss=3.5625 pLoss=2.5781 vLoss=0.9844 pEnt=2.828 pIllM=0.0014 playedP=0.186 pW=0.49 pD=0.05 pL=0.46 vAbs=0.203 gNorm=1.461 lr=0.01 ms=3419.4 buf=1000000 plies=126779901 games=1918605 epoch=0
[REPLAY] step=14850 loss=3.7188 pLoss=2.5000 vLoss=1.2109 pEnt=2.609 pIllM=0.0012 playedP=0.170 pW=0.36 pD=0.08 pL=0.56 vAbs=0.371 gNorm=7.938 lr=0.01 ms=3418.8 buf=1000000 plies=127206589 games=1925027 epoch=0
[REPLAY] step=14900 loss=3.6406 pLoss=2.5469 vLoss=1.0938 pEnt=2.609 pIllM=0.0017 playedP=0.188 pW=0.39 pD=0.10 pL=0.51 vAbs=0.305 gNorm=5.031 lr=0.01 ms=3419.1 buf=1000000 plies=127633241 games=1931571 epoch=0
[REPLAY] step=14950 loss=3.5312 pLoss=2.3594 vLoss=1.1719 pEnt=2.594 pIllM=0.0020 playedP=0.185 pW=0.34 pD=0.04 pL=0.61 vAbs=0.418 gNorm=4.688 lr=0.01 ms=3429.0 buf=1000000 plies=128059857 games=1937947 epoch=0
[REPLAY] step=15000 loss=3.5625 pLoss=2.2969 vLoss=1.2578 pEnt=2.719 pIllM=0.0015 playedP=0.162 pW=0.33 pD=0.04 pL=0.62 vAbs=0.459 gNorm=4.812 lr=0.01 ms=3432.1 buf=1000000 plies=128486551 games=1944329 epoch=0
[REPLAY] saved trainer model (autosave) step=15000 nextGame=1944329 shard=4 epoch=0 -> v5-cont-replay-latest.safetensors
[REPLAY] enumerated checkpoint -> v5-cont-replay-step15000.safetensors
[REPLAY] step=15050 loss=4.2812 pLoss=2.7812 vLoss=1.4844 pEnt=2.562 pIllM=0.0019 playedP=0.193 pW=0.76 pD=0.03 pL=0.21 vAbs=0.594 gNorm=7.438 lr=0.01 ms=3409.0 buf=1000000 plies=128913190 games=1950815 epoch=0
[REPLAY] step=15100 loss=3.5469 pLoss=2.6250 vLoss=0.9180 pEnt=2.625 pIllM=0.0020 playedP=0.208 pW=0.43 pD=0.05 pL=0.52 vAbs=0.191 gNorm=2.219 lr=0.01 ms=3432.0 buf=1000000 plies=129339820 games=1957283 epoch=0
[REPLAY] step=15150 loss=3.9688 pLoss=2.7031 vLoss=1.2578 pEnt=2.578 pIllM=0.0012 playedP=0.205 pW=0.61 pD=0.02 pL=0.37 vAbs=0.400 gNorm=3.781 lr=0.01 ms=3408.1 buf=1000000 plies=129766494 games=1963774 epoch=0
[REPLAY] step=15200 loss=4.0625 pLoss=2.7344 vLoss=1.3359 pEnt=2.500 pIllM=0.0018 playedP=0.213 pW=0.67 pD=0.03 pL=0.31 vAbs=0.443 gNorm=4.469 lr=0.01 ms=3411.5 buf=1000000 plies=130193133 games=1970209 epoch=0
[REPLAY] step=15250 loss=3.5312 pLoss=2.4375 vLoss=1.0938 pEnt=2.859 pIllM=0.0015 playedP=0.171 pW=0.37 pD=0.08 pL=0.55 vAbs=0.279 gNorm=2.438 lr=0.01 ms=3394.5 buf=1000000 plies=130619776 games=1976663 epoch=0
[REPLAY] step=15300 loss=3.6719 pLoss=2.6406 vLoss=1.0234 pEnt=2.578 pIllM=0.0011 playedP=0.195 pW=0.42 pD=0.06 pL=0.52 vAbs=0.275 gNorm=4.656 lr=0.01 ms=3423.6 buf=1000000 plies=131046462 games=1983089 epoch=0
[REPLAY] step=15350 loss=3.7188 pLoss=2.7500 vLoss=0.9727 pEnt=2.766 pIllM=0.0010 playedP=0.173 pW=0.52 pD=0.02 pL=0.46 vAbs=0.189 gNorm=2.188 lr=0.01 ms=3449.0 buf=1000000 plies=131473098 games=1989491 epoch=0
[REPLAY] step=15400 loss=3.8906 pLoss=2.7344 vLoss=1.1484 pEnt=2.766 pIllM=0.0011 playedP=0.169 pW=0.54 pD=0.10 pL=0.37 vAbs=0.307 gNorm=2.953 lr=0.01 ms=3401.4 buf=1000000 plies=131899723 games=1995880 epoch=0
[REPLAY] step=15450 loss=4.1250 pLoss=2.9375 vLoss=1.1797 pEnt=2.547 pIllM=0.0009 playedP=0.149 pW=0.64 pD=0.03 pL=0.33 vAbs=0.387 gNorm=12.125 lr=0.01 ms=3431.0 buf=1000000 plies=132326394 games=2002252 epoch=0
[REPLAY] step=15500 loss=3.9062 pLoss=2.6562 vLoss=1.2422 pEnt=2.625 pIllM=0.0015 playedP=0.194 pW=0.64 pD=0.04 pL=0.31 vAbs=0.471 gNorm=5.094 lr=0.01 ms=3400.1 buf=1000000 plies=132753114 games=2008634 epoch=0
[REPLAY] step=15550 loss=3.5938 pLoss=2.4375 vLoss=1.1484 pEnt=2.688 pIllM=0.0018 playedP=0.163 pW=0.38 pD=0.05 pL=0.57 vAbs=0.383 gNorm=5.219 lr=0.01 ms=3439.5 buf=1000000 plies=133179693 games=2015001 epoch=0
[REPLAY] step=15600 loss=3.6562 pLoss=2.5938 vLoss=1.0547 pEnt=2.672 pIllM=0.0016 playedP=0.178 pW=0.47 pD=0.04 pL=0.49 vAbs=0.279 gNorm=3.547 lr=0.01 ms=3424.9 buf=1000000 plies=133606375 games=2021370 epoch=0
[REPLAY] step=15650 loss=3.7031 pLoss=2.6250 vLoss=1.0781 pEnt=2.578 pIllM=0.0013 playedP=0.175 pW=0.41 pD=0.07 pL=0.52 vAbs=0.309 gNorm=8.125 lr=0.01 ms=3396.2 buf=1000000 plies=134032967 games=2027784 epoch=0
[REPLAY] step=15700 loss=3.4531 pLoss=2.3438 vLoss=1.1094 pEnt=2.531 pIllM=0.0019 playedP=0.202 pW=0.36 pD=0.06 pL=0.59 vAbs=0.340 gNorm=3.672 lr=0.01 ms=3425.4 buf=1000000 plies=134459642 games=2034166 epoch=0
[REPLAY] step=15750 loss=4.0000 pLoss=2.6875 vLoss=1.3203 pEnt=2.516 pIllM=0.0021 playedP=0.213 pW=0.56 pD=0.16 pL=0.28 vAbs=0.383 gNorm=4.312 lr=0.01 ms=3433.3 buf=1000000 plies=134886324 games=2040578 epoch=0
[REPLAY] step=15800 loss=3.8438 pLoss=2.7812 vLoss=1.0547 pEnt=2.562 pIllM=0.0022 playedP=0.190 pW=0.51 pD=0.06 pL=0.43 vAbs=0.273 gNorm=3.672 lr=0.01 ms=3419.9 buf=1000000 plies=135312944 games=2046990 epoch=0
[REPLAY] step=15850 loss=4.2812 pLoss=2.8906 vLoss=1.3750 pEnt=2.594 pIllM=0.0016 playedP=0.162 pW=0.66 pD=0.05 pL=0.29 vAbs=0.455 gNorm=9.000 lr=0.01 ms=3413.5 buf=1000000 plies=135739595 games=2053438 epoch=0
[REPLAY] step=15900 loss=3.5625 pLoss=2.5312 vLoss=1.0312 pEnt=2.500 pIllM=0.0018 playedP=0.219 pW=0.46 pD=0.07 pL=0.48 vAbs=0.289 gNorm=2.234 lr=0.01 ms=3401.6 buf=1000000 plies=136166244 games=2059848 epoch=0
[REPLAY] step=15950 loss=3.6875 pLoss=2.5938 vLoss=1.0859 pEnt=2.859 pIllM=0.0014 playedP=0.169 pW=0.52 pD=0.09 pL=0.40 vAbs=0.320 gNorm=1.711 lr=0.01 ms=3404.9 buf=1000000 plies=136592850 games=2066322 epoch=0
[REPLAY] step=16000 loss=3.6094 pLoss=2.6094 vLoss=0.9961 pEnt=2.641 pIllM=0.0019 playedP=0.188 pW=0.46 pD=0.09 pL=0.45 vAbs=0.270 gNorm=2.219 lr=0.01 ms=3416.0 buf=1000000 plies=137019557 games=2072786 epoch=0
[REPLAY] saved trainer model (autosave) step=16000 nextGame=2072786 shard=4 epoch=0 -> v5-cont-replay-latest.safetensors
[REPLAY] enumerated checkpoint -> v5-cont-replay-step16000.safetensors
[REPLAY] step=16050 loss=3.8750 pLoss=2.7031 vLoss=1.1641 pEnt=2.703 pIllM=0.0010 playedP=0.176 pW=0.54 pD=0.05 pL=0.41 vAbs=0.307 gNorm=3.781 lr=0.01 ms=3441.6 buf=1000000 plies=137446266 games=2079187 epoch=0
[REPLAY] step=16100 loss=4.0938 pLoss=2.7344 vLoss=1.3438 pEnt=2.469 pIllM=0.0017 playedP=0.196 pW=0.27 pD=0.07 pL=0.66 vAbs=0.494 gNorm=7.250 lr=0.01 ms=3431.9 buf=1000000 plies=137872885 games=2085608 epoch=0
[REPLAY] step=16150 loss=3.6562 pLoss=2.7188 vLoss=0.9375 pEnt=2.562 pIllM=0.0015 playedP=0.211 pW=0.50 pD=0.03 pL=0.46 vAbs=0.236 gNorm=3.562 lr=0.01 ms=3452.6 buf=1000000 plies=138299495 games=2092090 epoch=0
[REPLAY] step=16200 loss=3.6406 pLoss=2.6094 vLoss=1.0312 pEnt=2.547 pIllM=0.0020 playedP=0.204 pW=0.43 pD=0.07 pL=0.50 vAbs=0.268 gNorm=3.875 lr=0.01 ms=3451.9 buf=1000000 plies=138726107 games=2098518 epoch=0
[REPLAY] step=16250 loss=3.5625 pLoss=2.4375 vLoss=1.1250 pEnt=2.781 pIllM=0.0013 playedP=0.170 pW=0.37 pD=0.12 pL=0.51 vAbs=0.342 gNorm=3.422 lr=0.01 ms=3437.2 buf=1000000 plies=139152816 games=2104925 epoch=0
[REPLAY] step=16300 loss=3.7969 pLoss=2.7344 vLoss=1.0547 pEnt=2.484 pIllM=0.0012 playedP=0.198 pW=0.50 pD=0.03 pL=0.48 vAbs=0.283 gNorm=6.688 lr=0.01 ms=3429.5 buf=1000000 plies=139579468 games=2111304 epoch=0
[REPLAY] step=16350 loss=3.6406 pLoss=2.5156 vLoss=1.1172 pEnt=2.547 pIllM=0.0015 playedP=0.192 pW=0.36 pD=0.07 pL=0.57 vAbs=0.311 gNorm=4.500 lr=0.01 ms=3452.7 buf=1000000 plies=140006091 games=2117753 epoch=0
[REPLAY] step=16400 loss=4.3125 pLoss=2.7656 vLoss=1.5469 pEnt=2.578 pIllM=0.0011 playedP=0.197 pW=0.75 pD=0.05 pL=0.20 vAbs=0.586 gNorm=6.094 lr=0.01 ms=3437.5 buf=1000000 plies=140432775 games=2124156 epoch=0
[REPLAY] step=16450 loss=3.8438 pLoss=2.7500 vLoss=1.0938 pEnt=2.578 pIllM=0.0013 playedP=0.197 pW=0.56 pD=0.03 pL=0.41 vAbs=0.338 gNorm=3.922 lr=0.01 ms=3418.5 buf=1000000 plies=140859391 games=2130567 epoch=0
[REPLAY] step=16500 loss=3.8281 pLoss=2.5312 vLoss=1.2891 pEnt=2.719 pIllM=0.0024 playedP=0.182 pW=0.68 pD=0.02 pL=0.29 vAbs=0.512 gNorm=3.859 lr=0.01 ms=3423.4 buf=1000000 plies=141286045 games=2136994 epoch=0
[REPLAY] step=16550 loss=3.9688 pLoss=2.7812 vLoss=1.1797 pEnt=2.453 pIllM=0.0015 playedP=0.211 pW=0.58 pD=0.05 pL=0.38 vAbs=0.375 gNorm=4.719 lr=0.01 ms=3407.2 buf=1000000 plies=141712740 games=2143387 epoch=0
[REPLAY] step=16600 loss=3.8438 pLoss=2.7656 vLoss=1.0703 pEnt=2.625 pIllM=0.0015 playedP=0.178 pW=0.51 pD=0.11 pL=0.38 vAbs=0.281 gNorm=5.188 lr=0.01 ms=3417.4 buf=1000000 plies=142139348 games=2149834 epoch=0
[REPLAY] step=16650 loss=3.6875 pLoss=2.6875 vLoss=0.9922 pEnt=2.578 pIllM=0.0013 playedP=0.193 pW=0.44 pD=0.08 pL=0.48 vAbs=0.238 gNorm=3.062 lr=0.01 ms=3393.0 buf=1000000 plies=142565996 games=2156281 epoch=0
[REPLAY] step=16700 loss=3.9531 pLoss=2.7500 vLoss=1.1953 pEnt=2.641 pIllM=0.0017 playedP=0.171 pW=0.52 pD=0.15 pL=0.34 vAbs=0.352 gNorm=4.000 lr=0.01 ms=3419.4 buf=1000000 plies=142992606 games=2162666 epoch=0
[REPLAY] step=16750 loss=3.7656 pLoss=2.7188 vLoss=1.0391 pEnt=2.672 pIllM=0.0013 playedP=0.159 pW=0.41 pD=0.04 pL=0.55 vAbs=0.307 gNorm=6.719 lr=0.01 ms=3434.0 buf=1000000 plies=143419285 games=2169051 epoch=0
[REPLAY] step=16800 loss=3.7031 pLoss=2.6094 vLoss=1.0938 pEnt=2.484 pIllM=0.0021 playedP=0.200 pW=0.40 pD=0.07 pL=0.53 vAbs=0.307 gNorm=7.250 lr=0.01 ms=3395.0 buf=1000000 plies=143845975 games=2175442 epoch=0
[REPLAY] step=16850 loss=3.7188 pLoss=2.7188 vLoss=1.0000 pEnt=2.531 pIllM=0.0015 playedP=0.212 pW=0.48 pD=0.05 pL=0.47 vAbs=0.254 gNorm=2.594 lr=0.01 ms=3413.7 buf=1000000 plies=144272578 games=2181846 epoch=0
[REPLAY] step=16900 loss=3.7812 pLoss=2.7344 vLoss=1.0469 pEnt=2.562 pIllM=0.0018 playedP=0.196 pW=0.46 pD=0.10 pL=0.45 vAbs=0.260 gNorm=3.500 lr=0.01 ms=3388.4 buf=1000000 plies=144699270 games=2188199 epoch=0
[REPLAY] step=16950 loss=3.5469 pLoss=2.5938 vLoss=0.9453 pEnt=2.578 pIllM=0.0023 playedP=0.189 pW=0.45 pD=0.05 pL=0.50 vAbs=0.266 gNorm=3.406 lr=0.01 ms=3406.3 buf=1000000 plies=145125882 games=2194611 epoch=0
[REPLAY] step=17000 loss=3.7188 pLoss=2.5781 vLoss=1.1328 pEnt=2.625 pIllM=0.0012 playedP=0.182 pW=0.43 pD=0.04 pL=0.53 vAbs=0.336 gNorm=4.469 lr=0.01 ms=3420.9 buf=1000000 plies=145552597 games=2200991 epoch=0
[REPLAY] saved trainer model (autosave) step=17000 nextGame=2200991 shard=4 epoch=0 -> v5-cont-replay-latest.safetensors
[REPLAY] enumerated checkpoint -> v5-cont-replay-step17000.safetensors
[REPLAY] step=17050 loss=3.7656 pLoss=2.7500 vLoss=1.0156 pEnt=2.719 pIllM=0.0014 playedP=0.163 pW=0.51 pD=0.08 pL=0.41 vAbs=0.301 gNorm=4.312 lr=0.01 ms=3391.6 buf=1000000 plies=145979237 games=2207401 epoch=0
[REPLAY] step=17100 loss=3.5156 pLoss=2.1875 vLoss=1.3203 pEnt=2.562 pIllM=0.0021 playedP=0.194 pW=0.29 pD=0.06 pL=0.66 vAbs=0.459 gNorm=4.781 lr=0.01 ms=3430.8 buf=1000000 plies=146405802 games=2213788 epoch=0
[REPLAY] step=17150 loss=4.0625 pLoss=2.7969 vLoss=1.2578 pEnt=2.641 pIllM=0.0017 playedP=0.165 pW=0.62 pD=0.05 pL=0.33 vAbs=0.389 gNorm=4.781 lr=0.01 ms=3440.2 buf=1000000 plies=146832488 games=2220171 epoch=0
[REPLAY] step=17200 loss=3.6406 pLoss=2.6875 vLoss=0.9531 pEnt=2.562 pIllM=0.0016 playedP=0.197 pW=0.46 pD=0.06 pL=0.48 vAbs=0.240 gNorm=4.469 lr=0.01 ms=3390.9 buf=1000000 plies=147259120 games=2226620 epoch=0
[REPLAY] step=17250 loss=3.6719 pLoss=2.6250 vLoss=1.0469 pEnt=2.516 pIllM=0.0020 playedP=0.204 pW=0.42 pD=0.04 pL=0.54 vAbs=0.247 gNorm=3.562 lr=0.01 ms=3416.7 buf=1000000 plies=147685855 games=2233031 epoch=0
[REPLAY] step=17300 loss=3.7969 pLoss=2.7188 vLoss=1.0703 pEnt=2.656 pIllM=0.0017 playedP=0.202 pW=0.51 pD=0.10 pL=0.39 vAbs=0.271 gNorm=4.031 lr=0.01 ms=3420.8 buf=1000000 plies=148112514 games=2239476 epoch=0
[REPLAY] step=17350 loss=3.8594 pLoss=2.7969 vLoss=1.0547 pEnt=2.641 pIllM=0.0011 playedP=0.181 pW=0.49 pD=0.09 pL=0.42 vAbs=0.233 gNorm=4.188 lr=0.01 ms=3419.4 buf=1000000 plies=148539057 games=2245879 epoch=0
[REPLAY] step=17400 loss=3.7969 pLoss=2.7969 vLoss=0.9922 pEnt=2.406 pIllM=0.0024 playedP=0.219 pW=0.48 pD=0.06 pL=0.45 vAbs=0.250 gNorm=5.031 lr=0.01 ms=3388.5 buf=1000000 plies=148965772 games=2252278 epoch=0
[REPLAY] step=17450 loss=3.9375 pLoss=2.7500 vLoss=1.1797 pEnt=2.578 pIllM=0.0012 playedP=0.188 pW=0.55 pD=0.09 pL=0.36 vAbs=0.361 gNorm=4.500 lr=0.01 ms=3401.2 buf=1000000 plies=149392349 games=2258615 epoch=0
[REPLAY] step=17500 loss=3.6875 pLoss=2.6562 vLoss=1.0234 pEnt=2.500 pIllM=0.0015 playedP=0.212 pW=0.46 pD=0.09 pL=0.46 vAbs=0.273 gNorm=3.688 lr=0.01 ms=3391.0 buf=1000000 plies=149819044 games=2265063 epoch=0
[REPLAY] step=17550 loss=3.6406 pLoss=2.6406 vLoss=1.0000 pEnt=2.688 pIllM=0.0021 playedP=0.194 pW=0.49 pD=0.06 pL=0.45 vAbs=0.270 gNorm=1.883 lr=0.01 ms=3407.0 buf=1000000 plies=150245670 games=2271480 epoch=0
[REPLAY] step=17600 loss=3.8281 pLoss=2.7656 vLoss=1.0547 pEnt=2.500 pIllM=0.0017 playedP=0.202 pW=0.50 pD=0.11 pL=0.39 vAbs=0.262 gNorm=4.406 lr=0.01 ms=3430.6 buf=1000000 plies=150672321 games=2277920 epoch=0
[REPLAY] step=17650 loss=3.7812 pLoss=2.6719 vLoss=1.1016 pEnt=2.625 pIllM=0.0015 playedP=0.180 pW=0.45 pD=0.07 pL=0.48 vAbs=0.311 gNorm=4.344 lr=0.01 ms=3430.1 buf=1000000 plies=151099001 games=2284295 epoch=0
[REPLAY] step=17700 loss=3.8594 pLoss=2.6406 vLoss=1.2188 pEnt=2.547 pIllM=0.0015 playedP=0.153 pW=0.39 pD=0.04 pL=0.57 vAbs=0.332 gNorm=11.938 lr=0.01 ms=3420.1 buf=1000000 plies=151525726 games=2290765 epoch=0
[REPLAY] step=17750 loss=3.4531 pLoss=2.3906 vLoss=1.0625 pEnt=2.484 pIllM=0.0031 playedP=0.218 pW=0.33 pD=0.05 pL=0.62 vAbs=0.416 gNorm=5.531 lr=0.01 ms=3431.1 buf=1000000 plies=151952307 games=2297160 epoch=0
[REPLAY] step=17800 loss=3.7188 pLoss=2.7031 vLoss=1.0078 pEnt=2.672 pIllM=0.0013 playedP=0.168 pW=0.45 pD=0.06 pL=0.49 vAbs=0.258 gNorm=5.406 lr=0.01 ms=3393.5 buf=1000000 plies=152378907 games=2303562 epoch=0
[REPLAY] step=17850 loss=3.5469 pLoss=2.4844 vLoss=1.0547 pEnt=2.578 pIllM=0.0017 playedP=0.202 pW=0.40 pD=0.06 pL=0.53 vAbs=0.309 gNorm=2.438 lr=0.01 ms=3418.2 buf=1000000 plies=152805586 games=2310004 epoch=0
[REPLAY] step=17900 loss=3.4219 pLoss=2.1719 vLoss=1.2500 pEnt=2.672 pIllM=0.0023 playedP=0.197 pW=0.32 pD=0.04 pL=0.64 vAbs=0.445 gNorm=3.547 lr=0.01 ms=3397.4 buf=1000000 plies=153232236 games=2316386 epoch=0
[REPLAY] step=17950 loss=3.6875 pLoss=2.6562 vLoss=1.0234 pEnt=2.781 pIllM=0.0010 playedP=0.173 pW=0.47 pD=0.08 pL=0.45 vAbs=0.289 gNorm=1.766 lr=0.01 ms=3422.6 buf=1000000 plies=153658860 games=2322776 epoch=0
[REPLAY] step=18000 loss=3.6875 pLoss=2.6719 vLoss=1.0078 pEnt=2.500 pIllM=0.0022 playedP=0.199 pW=0.45 pD=0.07 pL=0.48 vAbs=0.256 gNorm=5.656 lr=0.01 ms=3390.9 buf=1000000 plies=154085659 games=2329095 epoch=0
[REPLAY] saved trainer model (autosave) step=18000 nextGame=2329095 shard=5 epoch=0 -> v5-cont-replay-latest.safetensors
[REPLAY] enumerated checkpoint -> v5-cont-replay-step18000.safetensors
[REPLAY] step=18050 loss=3.8594 pLoss=2.7500 vLoss=1.1016 pEnt=2.516 pIllM=0.0023 playedP=0.207 pW=0.52 pD=0.08 pL=0.40 vAbs=0.295 gNorm=3.641 lr=0.01 ms=3422.9 buf=1000000 plies=154512182 games=2335554 epoch=0
[REPLAY] step=18100 loss=3.8281 pLoss=2.9062 vLoss=0.9219 pEnt=2.469 pIllM=0.0022 playedP=0.218 pW=0.51 pD=0.03 pL=0.46 vAbs=0.189 gNorm=6.000 lr=0.01 ms=3392.4 buf=1000000 plies=154938804 games=2341986 epoch=0
[REPLAY] step=18150 loss=3.5625 pLoss=2.4062 vLoss=1.1562 pEnt=2.750 pIllM=0.0016 playedP=0.190 pW=0.36 pD=0.03 pL=0.61 vAbs=0.314 gNorm=4.719 lr=0.01 ms=3395.4 buf=1000000 plies=155365462 games=2348357 epoch=0
[REPLAY] step=18200 loss=3.4062 pLoss=2.2188 vLoss=1.1875 pEnt=2.609 pIllM=0.0022 playedP=0.197 pW=0.35 pD=0.05 pL=0.60 vAbs=0.426 gNorm=3.062 lr=0.01 ms=3390.8 buf=1000000 plies=155792141 games=2354769 epoch=0
[REPLAY] step=18250 loss=3.9219 pLoss=2.7812 vLoss=1.1406 pEnt=2.344 pIllM=0.0008 playedP=0.158 pW=0.38 pD=0.12 pL=0.50 vAbs=0.352 gNorm=14.375 lr=0.01 ms=3400.1 buf=1000000 plies=156218760 games=2361139 epoch=0
[REPLAY] step=18300 loss=3.3125 pLoss=2.2031 vLoss=1.1016 pEnt=2.594 pIllM=0.0014 playedP=0.193 pW=0.29 pD=0.04 pL=0.68 vAbs=0.512 gNorm=3.891 lr=0.01 ms=3407.7 buf=1000000 plies=156645408 games=2367517 epoch=0
[REPLAY] step=18350 loss=3.8906 pLoss=2.8750 vLoss=1.0156 pEnt=2.703 pIllM=0.0015 playedP=0.163 pW=0.51 pD=0.11 pL=0.38 vAbs=0.228 gNorm=5.031 lr=0.01 ms=3415.2 buf=1000000 plies=157072085 games=2373918 epoch=0
[REPLAY] step=18400 loss=3.5781 pLoss=2.1719 vLoss=1.4062 pEnt=2.531 pIllM=0.0016 playedP=0.206 pW=0.32 pD=0.02 pL=0.66 vAbs=0.461 gNorm=4.125 lr=0.01 ms=3416.6 buf=1000000 plies=157498731 games=2380280 epoch=0
[REPLAY] step=18450 loss=3.6719 pLoss=2.6406 vLoss=1.0234 pEnt=2.797 pIllM=0.0017 playedP=0.184 pW=0.50 pD=0.10 pL=0.40 vAbs=0.229 gNorm=1.242 lr=0.01 ms=3415.8 buf=1000000 plies=157925426 games=2386631 epoch=0
[REPLAY] step=18500 loss=3.9219 pLoss=2.7500 vLoss=1.1641 pEnt=2.672 pIllM=0.0012 playedP=0.171 pW=0.53 pD=0.06 pL=0.41 vAbs=0.371 gNorm=4.500 lr=0.01 ms=3416.8 buf=1000000 plies=158352015 games=2393010 epoch=0
[REPLAY] step=18550 loss=4.2188 pLoss=2.6562 vLoss=1.5625 pEnt=2.656 pIllM=0.0013 playedP=0.200 pW=0.80 pD=0.02 pL=0.18 vAbs=0.648 gNorm=6.156 lr=0.01 ms=3418.8 buf=1000000 plies=158778655 games=2399351 epoch=0
[REPLAY] step=18600 loss=3.8906 pLoss=2.7969 vLoss=1.0859 pEnt=2.656 pIllM=0.0013 playedP=0.191 pW=0.60 pD=0.04 pL=0.37 vAbs=0.309 gNorm=5.062 lr=0.01 ms=3416.4 buf=1000000 plies=159205337 games=2405730 epoch=0
[REPLAY] step=18650 loss=3.6250 pLoss=2.5312 vLoss=1.0938 pEnt=2.656 pIllM=0.0017 playedP=0.190 pW=0.37 pD=0.14 pL=0.48 vAbs=0.330 gNorm=4.781 lr=0.01 ms=3415.8 buf=1000000 plies=159631997 games=2412115 epoch=0
[REPLAY] step=18700 loss=3.6094 pLoss=2.5156 vLoss=1.0938 pEnt=2.578 pIllM=0.0014 playedP=0.194 pW=0.39 pD=0.09 pL=0.52 vAbs=0.311 gNorm=4.969 lr=0.01 ms=3481.2 buf=1000000 plies=160058649 games=2418483 epoch=0
[REPLAY] step=18750 loss=3.5312 pLoss=2.0156 vLoss=1.5156 pEnt=2.625 pIllM=0.0012 playedP=0.189 pW=0.18 pD=0.07 pL=0.75 vAbs=0.625 gNorm=7.656 lr=0.01 ms=3449.2 buf=1000000 plies=160485305 games=2424907 epoch=0
[REPLAY] step=18800 loss=3.4219 pLoss=2.1250 vLoss=1.2891 pEnt=2.516 pIllM=0.0014 playedP=0.215 pW=0.28 pD=0.04 pL=0.68 vAbs=0.479 gNorm=4.219 lr=0.01 ms=3432.7 buf=1000000 plies=160911918 games=2431298 epoch=0
[REPLAY] step=18850 loss=3.9219 pLoss=2.7188 vLoss=1.2031 pEnt=2.578 pIllM=0.0021 playedP=0.195 pW=0.60 pD=0.06 pL=0.35 vAbs=0.404 gNorm=4.594 lr=0.01 ms=3423.0 buf=1000000 plies=161338659 games=2437719 epoch=0
[REPLAY] step=18900 loss=3.5938 pLoss=2.6094 vLoss=0.9844 pEnt=2.578 pIllM=0.0024 playedP=0.197 pW=0.46 pD=0.06 pL=0.47 vAbs=0.266 gNorm=2.266 lr=0.01 ms=3436.9 buf=1000000 plies=161765218 games=2444088 epoch=0
[REPLAY] step=18950 loss=3.7812 pLoss=2.7188 vLoss=1.0547 pEnt=2.656 pIllM=0.0013 playedP=0.167 pW=0.54 pD=0.04 pL=0.43 vAbs=0.369 gNorm=4.656 lr=0.01 ms=3453.3 buf=1000000 plies=162191955 games=2450488 epoch=0
[REPLAY] step=19000 loss=3.6406 pLoss=2.6250 vLoss=1.0078 pEnt=2.656 pIllM=0.0012 playedP=0.192 pW=0.46 pD=0.06 pL=0.49 vAbs=0.268 gNorm=4.719 lr=0.01 ms=3422.1 buf=1000000 plies=162618553 games=2456753 epoch=0
[REPLAY] saved trainer model (autosave) step=19000 nextGame=2456753 shard=5 epoch=0 -> v5-cont-replay-latest.safetensors
[REPLAY] enumerated checkpoint -> v5-cont-replay-step19000.safetensors
[REPLAY] step=19050 loss=3.7969 pLoss=2.7500 vLoss=1.0469 pEnt=2.547 pIllM=0.0018 playedP=0.202 pW=0.54 pD=0.06 pL=0.40 vAbs=0.285 gNorm=3.172 lr=0.01 ms=3389.7 buf=1000000 plies=163045222 games=2463255 epoch=0
[REPLAY] step=19100 loss=3.7031 pLoss=2.6719 vLoss=1.0234 pEnt=2.672 pIllM=0.0018 playedP=0.188 pW=0.52 pD=0.05 pL=0.43 vAbs=0.252 gNorm=3.203 lr=0.01 ms=3447.8 buf=1000000 plies=163471851 games=2469670 epoch=0
[REPLAY] step=19150 loss=3.6094 pLoss=2.5156 vLoss=1.0938 pEnt=2.641 pIllM=0.0015 playedP=0.187 pW=0.37 pD=0.08 pL=0.55 vAbs=0.312 gNorm=3.984 lr=0.01 ms=3415.8 buf=1000000 plies=163898512 games=2476017 epoch=0
[REPLAY] step=19200 loss=3.6562 pLoss=2.6406 vLoss=1.0078 pEnt=2.562 pIllM=0.0021 playedP=0.196 pW=0.43 pD=0.07 pL=0.51 vAbs=0.239 gNorm=3.812 lr=0.01 ms=3421.4 buf=1000000 plies=164325162 games=2482362 epoch=0
[REPLAY] step=19250 loss=3.5781 pLoss=2.4531 vLoss=1.1250 pEnt=2.594 pIllM=0.0022 playedP=0.200 pW=0.38 pD=0.06 pL=0.57 vAbs=0.309 gNorm=3.422 lr=0.01 ms=3439.4 buf=1000000 plies=164751832 games=2488702 epoch=0
[REPLAY] step=19300 loss=3.5625 pLoss=2.4688 vLoss=1.0859 pEnt=2.516 pIllM=0.0019 playedP=0.207 pW=0.39 pD=0.04 pL=0.57 vAbs=0.311 gNorm=5.000 lr=0.01 ms=3392.7 buf=1000000 plies=165178408 games=2495033 epoch=0
[REPLAY] step=19350 loss=3.6875 pLoss=2.6406 vLoss=1.0469 pEnt=2.906 pIllM=0.0012 playedP=0.167 pW=0.51 pD=0.04 pL=0.45 vAbs=0.254 gNorm=1.219 lr=0.01 ms=3430.5 buf=1000000 plies=165605063 games=2501372 epoch=0
[REPLAY] step=19400 loss=3.8281 pLoss=2.7656 vLoss=1.0625 pEnt=2.500 pIllM=0.0015 playedP=0.205 pW=0.52 pD=0.04 pL=0.43 vAbs=0.295 gNorm=5.500 lr=0.01 ms=3408.2 buf=1000000 plies=166031715 games=2507806 epoch=0
[REPLAY] step=19450 loss=3.8906 pLoss=2.8750 vLoss=1.0078 pEnt=2.469 pIllM=0.0013 playedP=0.184 pW=0.52 pD=0.03 pL=0.45 vAbs=0.258 gNorm=10.000 lr=0.01 ms=3419.1 buf=1000000 plies=166458358 games=2514196 epoch=0
[REPLAY] step=19500 loss=3.7656 pLoss=2.6875 vLoss=1.0781 pEnt=2.766 pIllM=0.0011 playedP=0.185 pW=0.50 pD=0.06 pL=0.43 vAbs=0.241 gNorm=2.016 lr=0.01 ms=3426.1 buf=1000000 plies=166885007 games=2520598 epoch=0
[REPLAY] step=19550 loss=3.5781 pLoss=2.3281 vLoss=1.2422 pEnt=2.672 pIllM=0.0024 playedP=0.187 pW=0.37 pD=0.04 pL=0.59 vAbs=0.389 gNorm=4.500 lr=0.01 ms=3430.8 buf=1000000 plies=167311667 games=2526993 epoch=0
[REPLAY] step=19600 loss=3.8438 pLoss=2.7344 vLoss=1.1094 pEnt=2.516 pIllM=0.0022 playedP=0.205 pW=0.50 pD=0.09 pL=0.41 vAbs=0.283 gNorm=3.609 lr=0.01 ms=3393.7 buf=1000000 plies=167738306 games=2533304 epoch=0
[REPLAY] step=19650 loss=3.8125 pLoss=2.7969 vLoss=1.0156 pEnt=2.531 pIllM=0.0014 playedP=0.190 pW=0.47 pD=0.06 pL=0.47 vAbs=0.250 gNorm=5.281 lr=0.01 ms=3407.6 buf=1000000 plies=168165064 games=2539711 epoch=0
[REPLAY] step=19700 loss=3.8438 pLoss=2.7500 vLoss=1.0938 pEnt=2.672 pIllM=0.0015 playedP=0.183 pW=0.44 pD=0.15 pL=0.42 vAbs=0.287 gNorm=5.625 lr=0.01 ms=3415.5 buf=1000000 plies=168591617 games=2546117 epoch=0
[REPLAY] step=19750 loss=3.8125 pLoss=2.7812 vLoss=1.0234 pEnt=2.641 pIllM=0.0017 playedP=0.182 pW=0.55 pD=0.02 pL=0.44 vAbs=0.270 gNorm=3.250 lr=0.01 ms=3387.7 buf=1000000 plies=169018347 games=2552538 epoch=0
[REPLAY] step=19800 loss=3.7500 pLoss=2.7344 vLoss=1.0078 pEnt=2.484 pIllM=0.0025 playedP=0.210 pW=0.48 pD=0.05 pL=0.47 vAbs=0.240 gNorm=4.844 lr=0.01 ms=3429.6 buf=1000000 plies=169445019 games=2558911 epoch=0
[REPLAY] step=19850 loss=3.6250 pLoss=2.5781 vLoss=1.0469 pEnt=2.562 pIllM=0.0022 playedP=0.212 pW=0.41 pD=0.11 pL=0.48 vAbs=0.242 gNorm=3.656 lr=0.01 ms=3447.9 buf=1000000 plies=169871561 games=2565240 epoch=0
[REPLAY] step=19900 loss=3.7656 pLoss=2.7812 vLoss=0.9766 pEnt=2.641 pIllM=0.0020 playedP=0.186 pW=0.52 pD=0.08 pL=0.40 vAbs=0.247 gNorm=4.188 lr=0.01 ms=3408.2 buf=1000000 plies=170298260 games=2571618 epoch=0
[REPLAY] step=19950 loss=3.5938 pLoss=2.4375 vLoss=1.1484 pEnt=2.812 pIllM=0.0012 playedP=0.180 pW=0.35 pD=0.14 pL=0.52 vAbs=0.332 gNorm=2.406 lr=0.01 ms=3434.7 buf=1000000 plies=170724901 games=2578049 epoch=0
[REPLAY] step=20000 loss=3.8281 pLoss=2.8281 vLoss=0.9922 pEnt=2.547 pIllM=0.0016 playedP=0.190 pW=0.49 pD=0.07 pL=0.43 vAbs=0.229 gNorm=4.094 lr=0.01 ms=3412.0 buf=1000000 plies=171151516 games=2584454 epoch=0
[REPLAY] saved trainer model (autosave) step=20000 nextGame=2584454 shard=5 epoch=0 -> v5-cont-replay-latest.safetensors
[REPLAY] enumerated checkpoint -> v5-cont-replay-step20000.safetensors
[REPLAY] step=20050 loss=3.7500 pLoss=2.7500 vLoss=1.0000 pEnt=2.609 pIllM=0.0015 playedP=0.187 pW=0.49 pD=0.04 pL=0.47 vAbs=0.239 gNorm=3.312 lr=0.01 ms=3417.5 buf=1000000 plies=171578222 games=2590831 epoch=0
[REPLAY] step=20100 loss=3.6406 pLoss=2.6406 vLoss=1.0000 pEnt=2.547 pIllM=0.0021 playedP=0.201 pW=0.48 pD=0.06 pL=0.46 vAbs=0.277 gNorm=3.922 lr=0.01 ms=3441.9 buf=1000000 plies=172004808 games=2597131 epoch=0
[REPLAY] step=20150 loss=3.7500 pLoss=2.6719 vLoss=1.0781 pEnt=2.750 pIllM=0.0012 playedP=0.180 pW=0.55 pD=0.04 pL=0.42 vAbs=0.293 gNorm=3.109 lr=0.01 ms=3421.5 buf=1000000 plies=172431584 games=2603517 epoch=0
[REPLAY] step=20200 loss=3.7500 pLoss=2.7188 vLoss=1.0234 pEnt=2.609 pIllM=0.0012 playedP=0.188 pW=0.46 pD=0.05 pL=0.49 vAbs=0.245 gNorm=4.000 lr=0.01 ms=3390.5 buf=1000000 plies=172858119 games=2609874 epoch=0
[REPLAY] step=20250 loss=3.6719 pLoss=2.4844 vLoss=1.1797 pEnt=2.719 pIllM=0.0011 playedP=0.166 pW=0.36 pD=0.06 pL=0.58 vAbs=0.334 gNorm=4.906 lr=0.01 ms=3444.2 buf=1000000 plies=173284771 games=2616284 epoch=0
[REPLAY] step=20300 loss=3.7344 pLoss=2.7031 vLoss=1.0312 pEnt=2.688 pIllM=0.0010 playedP=0.187 pW=0.46 pD=0.09 pL=0.45 vAbs=0.218 gNorm=3.562 lr=0.01 ms=3395.3 buf=1000000 plies=173711432 games=2622726 epoch=0
[REPLAY] step=20350 loss=4.2812 pLoss=2.7188 vLoss=1.5547 pEnt=2.703 pIllM=0.0011 playedP=0.178 pW=0.74 pD=0.08 pL=0.18 vAbs=0.613 gNorm=5.531 lr=0.01 ms=3422.9 buf=1000000 plies=174138118 games=2629019 epoch=0
[REPLAY] step=20400 loss=3.9531 pLoss=2.7656 vLoss=1.1797 pEnt=2.594 pIllM=0.0012 playedP=0.191 pW=0.48 pD=0.15 pL=0.37 vAbs=0.295 gNorm=3.547 lr=0.01 ms=3409.2 buf=1000000 plies=174564748 games=2635379 epoch=0
[REPLAY] step=20450 loss=3.7344 pLoss=2.7500 vLoss=0.9766 pEnt=2.531 pIllM=0.0016 playedP=0.204 pW=0.48 pD=0.03 pL=0.50 vAbs=0.196 gNorm=3.234 lr=0.01 ms=3437.8 buf=1000000 plies=174991358 games=2641764 epoch=0
[REPLAY] step=20500 loss=3.7812 pLoss=2.7500 vLoss=1.0234 pEnt=2.500 pIllM=0.0015 playedP=0.205 pW=0.49 pD=0.10 pL=0.41 vAbs=0.266 gNorm=3.359 lr=0.01 ms=3421.6 buf=1000000 plies=175417999 games=2648147 epoch=0
[REPLAY] step=20550 loss=3.9219 pLoss=2.7812 vLoss=1.1328 pEnt=2.656 pIllM=0.0014 playedP=0.142 pW=0.50 pD=0.13 pL=0.37 vAbs=0.328 gNorm=9.375 lr=0.01 ms=3418.9 buf=1000000 plies=175844708 games=2654525 epoch=0
[REPLAY] step=20600 loss=3.7656 pLoss=2.8125 vLoss=0.9453 pEnt=2.609 pIllM=0.0012 playedP=0.195 pW=0.50 pD=0.05 pL=0.45 vAbs=0.237 gNorm=2.734 lr=0.01 ms=3390.2 buf=1000000 plies=176271366 games=2660911 epoch=0
[REPLAY] step=20650 loss=3.6875 pLoss=2.6875 vLoss=0.9922 pEnt=2.609 pIllM=0.0016 playedP=0.175 pW=0.43 pD=0.04 pL=0.54 vAbs=0.232 gNorm=6.562 lr=0.01 ms=3425.2 buf=1000000 plies=176697975 games=2667318 epoch=0
[REPLAY] step=20700 loss=3.7188 pLoss=2.7031 vLoss=1.0078 pEnt=2.578 pIllM=0.0017 playedP=0.169 pW=0.42 pD=0.06 pL=0.53 vAbs=0.266 gNorm=9.625 lr=0.01 ms=3414.9 buf=1000000 plies=177124633 games=2673665 epoch=0
[REPLAY] step=20750 loss=3.5781 pLoss=2.5469 vLoss=1.0234 pEnt=2.641 pIllM=0.0023 playedP=0.202 pW=0.43 pD=0.07 pL=0.50 vAbs=0.275 gNorm=1.766 lr=0.01 ms=3392.8 buf=1000000 plies=177551284 games=2680095 epoch=0
[REPLAY] step=20800 loss=3.6250 pLoss=2.5781 vLoss=1.0469 pEnt=2.672 pIllM=0.0009 playedP=0.183 pW=0.45 pD=0.05 pL=0.50 vAbs=0.299 gNorm=3.734 lr=0.01 ms=3443.8 buf=1000000 plies=177977943 games=2686479 epoch=0
[REPLAY] step=20850 loss=3.6875 pLoss=2.6719 vLoss=1.0078 pEnt=2.672 pIllM=0.0010 playedP=0.192 pW=0.49 pD=0.05 pL=0.46 vAbs=0.268 gNorm=1.977 lr=0.01 ms=3437.8 buf=1000000 plies=178404553 games=2692852 epoch=0
[REPLAY] step=20900 loss=3.8125 pLoss=2.7656 vLoss=1.0469 pEnt=2.562 pIllM=0.0013 playedP=0.193 pW=0.51 pD=0.07 pL=0.43 vAbs=0.258 gNorm=3.688 lr=0.01 ms=3442.5 buf=1000000 plies=178831220 games=2699247 epoch=0
[REPLAY] step=20950 loss=3.7969 pLoss=2.7344 vLoss=1.0547 pEnt=2.547 pIllM=0.0015 playedP=0.194 pW=0.48 pD=0.05 pL=0.46 vAbs=0.222 gNorm=2.578 lr=0.01 ms=3416.2 buf=1000000 plies=179257859 games=2705624 epoch=0
[REPLAY] step=21000 loss=3.7031 pLoss=2.6719 vLoss=1.0312 pEnt=2.516 pIllM=0.0018 playedP=0.202 pW=0.48 pD=0.04 pL=0.48 vAbs=0.311 gNorm=4.375 lr=0.01 ms=3413.4 buf=1000000 plies=179684499 games=2711960 epoch=0
[REPLAY] saved trainer model (autosave) step=21000 nextGame=2711960 shard=5 epoch=0 -> v5-cont-replay-latest.safetensors
[REPLAY] enumerated checkpoint -> v5-cont-replay-step21000.safetensors
[REPLAY] step=21050 loss=3.6875 pLoss=2.5469 vLoss=1.1406 pEnt=2.594 pIllM=0.0016 playedP=0.181 pW=0.38 pD=0.10 pL=0.53 vAbs=0.340 gNorm=3.734 lr=0.01 ms=3406.4 buf=1000000 plies=180111193 games=2718362 epoch=0
[REPLAY] step=21100 loss=3.7344 pLoss=2.7188 vLoss=1.0156 pEnt=2.641 pIllM=0.0015 playedP=0.174 pW=0.46 pD=0.06 pL=0.48 vAbs=0.238 gNorm=4.438 lr=0.01 ms=3426.8 buf=1000000 plies=180537878 games=2724649 epoch=0
[REPLAY] step=21150 loss=3.8281 pLoss=2.5469 vLoss=1.2812 pEnt=2.500 pIllM=0.0018 playedP=0.195 pW=0.37 pD=0.03 pL=0.61 vAbs=0.328 gNorm=5.625 lr=0.01 ms=3460.5 buf=1000000 plies=180964496 games=2731048 epoch=0
[REPLAY] step=21200 loss=3.7344 pLoss=2.6094 vLoss=1.1250 pEnt=2.578 pIllM=0.0014 playedP=0.201 pW=0.47 pD=0.03 pL=0.50 vAbs=0.268 gNorm=2.625 lr=0.01 ms=3434.5 buf=1000000 plies=181391137 games=2737433 epoch=0
[REPLAY] step=21250 loss=3.7656 pLoss=2.7188 vLoss=1.0391 pEnt=2.578 pIllM=0.0015 playedP=0.184 pW=0.46 pD=0.07 pL=0.47 vAbs=0.262 gNorm=6.406 lr=0.01 ms=3424.5 buf=1000000 plies=181817850 games=2743847 epoch=0
[REPLAY] step=21300 loss=3.5156 pLoss=2.2500 vLoss=1.2578 pEnt=2.625 pIllM=0.0015 playedP=0.191 pW=0.31 pD=0.07 pL=0.62 vAbs=0.432 gNorm=4.438 lr=0.01 ms=3447.8 buf=1000000 plies=182244412 games=2750234 epoch=0
[REPLAY] step=21350 loss=3.8438 pLoss=2.7031 vLoss=1.1328 pEnt=2.656 pIllM=0.0014 playedP=0.183 pW=0.50 pD=0.08 pL=0.42 vAbs=0.328 gNorm=3.641 lr=0.01 ms=3465.0 buf=1000000 plies=182671065 games=2756629 epoch=0
[REPLAY] step=21400 loss=3.6250 pLoss=2.7188 vLoss=0.9023 pEnt=2.641 pIllM=0.0011 playedP=0.190 pW=0.47 pD=0.05 pL=0.48 vAbs=0.230 gNorm=3.344 lr=0.01 ms=3424.8 buf=1000000 plies=183097725 games=2763030 epoch=0
[REPLAY] step=21450 loss=3.8594 pLoss=2.8750 vLoss=0.9844 pEnt=2.594 pIllM=0.0020 playedP=0.182 pW=0.57 pD=0.05 pL=0.38 vAbs=0.262 gNorm=4.562 lr=0.01 ms=3453.6 buf=1000000 plies=183524405 games=2769473 epoch=0
[REPLAY] step=21500 loss=3.7656 pLoss=2.7500 vLoss=1.0156 pEnt=2.562 pIllM=0.0017 playedP=0.200 pW=0.41 pD=0.15 pL=0.45 vAbs=0.226 gNorm=4.094 lr=0.01 ms=3448.3 buf=1000000 plies=183951012 games=2775855 epoch=0
[REPLAY] step=21550 loss=3.5469 pLoss=2.5000 vLoss=1.0469 pEnt=2.781 pIllM=0.0011 playedP=0.179 pW=0.42 pD=0.02 pL=0.56 vAbs=0.262 gNorm=2.391 lr=0.01 ms=3439.2 buf=1000000 plies=184377687 games=2782272 epoch=0
[REPLAY] step=21600 loss=3.7344 pLoss=2.7031 vLoss=1.0312 pEnt=2.688 pIllM=0.0015 playedP=0.170 pW=0.43 pD=0.07 pL=0.50 vAbs=0.236 gNorm=5.094 lr=0.01 ms=3518.6 buf=1000000 plies=184804329 games=2788632 epoch=0
[REPLAY] step=21650 loss=3.7500 pLoss=2.7188 vLoss=1.0234 pEnt=2.531 pIllM=0.0017 playedP=0.200 pW=0.47 pD=0.09 pL=0.45 vAbs=0.264 gNorm=5.875 lr=0.01 ms=3453.3 buf=1000000 plies=185231016 games=2795039 epoch=0
[REPLAY] step=21700 loss=3.9688 pLoss=2.7969 vLoss=1.1641 pEnt=2.609 pIllM=0.0017 playedP=0.200 pW=0.62 pD=0.04 pL=0.34 vAbs=0.367 gNorm=5.688 lr=0.01 ms=3454.5 buf=1000000 plies=185657660 games=2801505 epoch=0
[REPLAY] step=21750 loss=3.7656 pLoss=2.6094 vLoss=1.1562 pEnt=2.578 pIllM=0.0019 playedP=0.189 pW=0.39 pD=0.15 pL=0.46 vAbs=0.326 gNorm=3.219 lr=0.01 ms=3470.7 buf=1000000 plies=186084279 games=2807845 epoch=0
[REPLAY] step=21800 loss=3.6406 pLoss=2.7500 vLoss=0.8945 pEnt=2.688 pIllM=0.0015 playedP=0.187 pW=0.44 pD=0.08 pL=0.48 vAbs=0.199 gNorm=2.406 lr=0.01 ms=3478.4 buf=1000000 plies=186510931 games=2814274 epoch=0
[REPLAY] step=21850 loss=3.7188 pLoss=2.7656 vLoss=0.9453 pEnt=2.609 pIllM=0.0013 playedP=0.190 pW=0.48 pD=0.05 pL=0.47 vAbs=0.217 gNorm=4.781 lr=0.01 ms=3422.8 buf=1000000 plies=186937554 games=2820645 epoch=0
[REPLAY] step=21900 loss=3.6719 pLoss=2.7344 vLoss=0.9375 pEnt=2.656 pIllM=0.0018 playedP=0.183 pW=0.50 pD=0.04 pL=0.47 vAbs=0.266 gNorm=2.703 lr=0.01 ms=3460.3 buf=1000000 plies=187364200 games=2827015 epoch=0
[REPLAY] step=21950 loss=3.7031 pLoss=2.7656 vLoss=0.9297 pEnt=2.594 pIllM=0.0021 playedP=0.200 pW=0.48 pD=0.04 pL=0.48 vAbs=0.178 gNorm=2.453 lr=0.01 ms=3417.9 buf=1000000 plies=187790907 games=2833364 epoch=0
[REPLAY] step=22000 loss=3.9375 pLoss=2.9531 vLoss=0.9883 pEnt=2.500 pIllM=0.0013 playedP=0.182 pW=0.54 pD=0.05 pL=0.41 vAbs=0.243 gNorm=7.562 lr=0.01 ms=3391.3 buf=1000000 plies=188217530 games=2839700 epoch=0
[REPLAY] saved trainer model (autosave) step=22000 nextGame=2839700 shard=6 epoch=0 -> v5-cont-replay-latest.safetensors
[REPLAY] enumerated checkpoint -> v5-cont-replay-step22000.safetensors
[REPLAY] step=22050 loss=3.7656 pLoss=2.7344 vLoss=1.0312 pEnt=2.594 pIllM=0.0020 playedP=0.187 pW=0.48 pD=0.05 pL=0.47 vAbs=0.258 gNorm=5.375 lr=0.01 ms=3433.5 buf=1000000 plies=188644230 games=2846086 epoch=0
[REPLAY] step=22100 loss=3.7500 pLoss=2.7031 vLoss=1.0469 pEnt=2.656 pIllM=0.0013 playedP=0.185 pW=0.50 pD=0.06 pL=0.45 vAbs=0.271 gNorm=3.312 lr=0.01 ms=3394.4 buf=1000000 plies=189070844 games=2852476 epoch=0
[REPLAY] step=22150 loss=3.8125 pLoss=2.7500 vLoss=1.0625 pEnt=2.578 pIllM=0.0020 playedP=0.181 pW=0.48 pD=0.05 pL=0.47 vAbs=0.249 gNorm=6.094 lr=0.01 ms=3420.6 buf=1000000 plies=189497511 games=2858884 epoch=0
[REPLAY] step=22200 loss=4.3125 pLoss=2.7812 vLoss=1.5234 pEnt=2.453 pIllM=0.0020 playedP=0.221 pW=0.73 pD=0.02 pL=0.25 vAbs=0.551 gNorm=6.906 lr=0.01 ms=3420.8 buf=1000000 plies=189924131 games=2865254 epoch=0
[REPLAY] step=22250 loss=4.5000 pLoss=2.7656 vLoss=1.7266 pEnt=2.500 pIllM=0.0023 playedP=0.210 pW=0.82 pD=0.06 pL=0.12 vAbs=0.719 gNorm=7.094 lr=0.01 ms=3418.4 buf=1000000 plies=190350852 games=2871628 epoch=0
[REPLAY] step=22300 loss=3.7031 pLoss=2.7344 vLoss=0.9727 pEnt=2.672 pIllM=0.0015 playedP=0.198 pW=0.52 pD=0.05 pL=0.43 vAbs=0.241 gNorm=3.266 lr=0.01 ms=3458.4 buf=1000000 plies=190777407 games=2878032 epoch=0
[REPLAY] step=22350 loss=3.7031 pLoss=2.6875 vLoss=1.0156 pEnt=2.547 pIllM=0.0019 playedP=0.195 pW=0.46 pD=0.03 pL=0.51 vAbs=0.244 gNorm=4.312 lr=0.01 ms=3391.1 buf=1000000 plies=191204062 games=2884486 epoch=0
[REPLAY] step=22400 loss=3.5312 pLoss=2.5625 vLoss=0.9648 pEnt=2.703 pIllM=0.0026 playedP=0.185 pW=0.46 pD=0.04 pL=0.50 vAbs=0.254 gNorm=1.805 lr=0.01 ms=3430.4 buf=1000000 plies=191630721 games=2890874 epoch=0
[REPLAY] step=22450 loss=3.6250 pLoss=2.6406 vLoss=0.9766 pEnt=2.562 pIllM=0.0012 playedP=0.202 pW=0.42 pD=0.05 pL=0.53 vAbs=0.221 gNorm=3.500 lr=0.01 ms=3426.3 buf=1000000 plies=192057383 games=2897280 epoch=0
[REPLAY] step=22500 loss=3.7031 pLoss=2.7188 vLoss=0.9766 pEnt=2.531 pIllM=0.0012 playedP=0.188 pW=0.43 pD=0.03 pL=0.54 vAbs=0.260 gNorm=6.906 lr=0.01 ms=3420.8 buf=1000000 plies=192484035 games=2903708 epoch=0
[REPLAY] step=22550 loss=3.5938 pLoss=2.5000 vLoss=1.0938 pEnt=2.641 pIllM=0.0013 playedP=0.173 pW=0.36 pD=0.04 pL=0.60 vAbs=0.312 gNorm=6.000 lr=0.01 ms=3401.2 buf=1000000 plies=192910656 games=2910152 epoch=0
[REPLAY] step=22600 loss=3.7969 pLoss=2.8281 vLoss=0.9609 pEnt=2.609 pIllM=0.0013 playedP=0.191 pW=0.51 pD=0.04 pL=0.45 vAbs=0.234 gNorm=3.578 lr=0.01 ms=3393.9 buf=1000000 plies=193337324 games=2916485 epoch=0
[REPLAY] step=22650 loss=3.6719 pLoss=2.6875 vLoss=0.9766 pEnt=2.578 pIllM=0.0012 playedP=0.189 pW=0.43 pD=0.05 pL=0.52 vAbs=0.277 gNorm=5.219 lr=0.01 ms=3420.7 buf=1000000 plies=193763995 games=2922889 epoch=0
[REPLAY] step=22700 loss=4.0625 pLoss=2.8438 vLoss=1.2031 pEnt=2.562 pIllM=0.0014 playedP=0.186 pW=0.61 pD=0.11 pL=0.29 vAbs=0.377 gNorm=5.500 lr=0.01 ms=3411.0 buf=1000000 plies=194190640 games=2929286 epoch=0
[REPLAY] step=22750 loss=3.7500 pLoss=2.8125 vLoss=0.9375 pEnt=2.547 pIllM=0.0018 playedP=0.195 pW=0.47 pD=0.08 pL=0.46 vAbs=0.220 gNorm=4.188 lr=0.01 ms=3415.0 buf=1000000 plies=194617252 games=2935667 epoch=0
[REPLAY] step=22800 loss=4.0938 pLoss=2.9062 vLoss=1.1719 pEnt=2.531 pIllM=0.0015 playedP=0.175 pW=0.60 pD=0.05 pL=0.35 vAbs=0.357 gNorm=9.250 lr=0.01 ms=3434.0 buf=1000000 plies=195043972 games=2942063 epoch=0
[REPLAY] step=22850 loss=3.6719 pLoss=2.6250 vLoss=1.0469 pEnt=2.562 pIllM=0.0018 playedP=0.183 pW=0.42 pD=0.04 pL=0.54 vAbs=0.289 gNorm=4.031 lr=0.01 ms=3400.4 buf=1000000 plies=195470620 games=2948510 epoch=0
[REPLAY] step=22900 loss=3.5312 pLoss=2.4844 vLoss=1.0469 pEnt=2.844 pIllM=0.0013 playedP=0.170 pW=0.42 pD=0.08 pL=0.50 vAbs=0.279 gNorm=1.648 lr=0.01 ms=3418.4 buf=1000000 plies=195897205 games=2954921 epoch=0
[REPLAY] step=22950 loss=3.7500 pLoss=2.7344 vLoss=1.0078 pEnt=2.781 pIllM=0.0013 playedP=0.167 pW=0.47 pD=0.06 pL=0.46 vAbs=0.243 gNorm=2.562 lr=0.01 ms=3427.4 buf=1000000 plies=196323904 games=2961359 epoch=0
[REPLAY] step=23000 loss=3.7188 pLoss=2.6406 vLoss=1.0703 pEnt=2.578 pIllM=0.0016 playedP=0.190 pW=0.44 pD=0.06 pL=0.50 vAbs=0.273 gNorm=3.781 lr=0.01 ms=3418.6 buf=1000000 plies=196750541 games=2967684 epoch=0
[REPLAY] saved trainer model (autosave) step=23000 nextGame=2967684 shard=6 epoch=0 -> v5-cont-replay-latest.safetensors
[REPLAY] enumerated checkpoint -> v5-cont-replay-step23000.safetensors
[REPLAY] step=23050 loss=3.7344 pLoss=2.7031 vLoss=1.0234 pEnt=2.453 pIllM=0.0017 playedP=0.217 pW=0.40 pD=0.15 pL=0.45 vAbs=0.221 gNorm=3.047 lr=0.01 ms=3414.0 buf=1000000 plies=197177149 games=2974045 epoch=0
[REPLAY] step=23100 loss=3.5938 pLoss=2.5156 vLoss=1.0703 pEnt=2.828 pIllM=0.0018 playedP=0.162 pW=0.43 pD=0.02 pL=0.55 vAbs=0.277 gNorm=3.031 lr=0.01 ms=3432.1 buf=1000000 plies=197603815 games=2980426 epoch=0
[REPLAY] step=23150 loss=4.5000 pLoss=3.5156 vLoss=0.9922 pEnt=2.047 pIllM=0.0008 playedP=0.139 pW=0.48 pD=0.07 pL=0.45 vAbs=0.216 gNorm=18.625 lr=0.01 ms=3428.2 buf=1000000 plies=198030481 games=2986855 epoch=0
[REPLAY] step=23200 loss=3.7500 pLoss=2.7188 vLoss=1.0234 pEnt=2.562 pIllM=0.0021 playedP=0.192 pW=0.47 pD=0.01 pL=0.52 vAbs=0.210 gNorm=4.312 lr=0.01 ms=3446.8 buf=1000000 plies=198457147 games=2993301 epoch=0
[REPLAY] step=23250 loss=3.6406 pLoss=2.6562 vLoss=0.9805 pEnt=2.688 pIllM=0.0018 playedP=0.193 pW=0.51 pD=0.03 pL=0.46 vAbs=0.209 gNorm=3.172 lr=0.01 ms=3447.2 buf=1000000 plies=198883818 games=2999671 epoch=0
[REPLAY] step=23300 loss=3.7969 pLoss=2.8438 vLoss=0.9531 pEnt=2.469 pIllM=0.0015 playedP=0.213 pW=0.52 pD=0.07 pL=0.42 vAbs=0.212 gNorm=2.672 lr=0.01 ms=3416.2 buf=1000000 plies=199310483 games=3006061 epoch=0
[REPLAY] step=23350 loss=3.6094 pLoss=2.5312 vLoss=1.0781 pEnt=2.531 pIllM=0.0022 playedP=0.202 pW=0.39 pD=0.05 pL=0.56 vAbs=0.295 gNorm=3.438 lr=0.01 ms=3443.7 buf=1000000 plies=199737088 games=3012505 epoch=0
[REPLAY] step=23400 loss=3.8438 pLoss=2.7344 vLoss=1.1016 pEnt=2.578 pIllM=0.0020 playedP=0.188 pW=0.51 pD=0.12 pL=0.37 vAbs=0.305 gNorm=3.703 lr=0.01 ms=3577.6 buf=1000000 plies=200163704 games=3018939 epoch=0
[REPLAY] step=23450 loss=3.6719 pLoss=2.1250 vLoss=1.5469 pEnt=2.672 pIllM=0.0010 playedP=0.151 pW=0.21 pD=0.03 pL=0.75 vAbs=0.617 gNorm=8.438 lr=0.01 ms=3446.8 buf=1000000 plies=200590365 games=3025380 epoch=0
[REPLAY] step=23500 loss=3.6562 pLoss=2.4844 vLoss=1.1719 pEnt=2.562 pIllM=0.0020 playedP=0.195 pW=0.37 pD=0.08 pL=0.56 vAbs=0.328 gNorm=6.094 lr=0.01 ms=3411.7 buf=1000000 plies=201017044 games=3031837 epoch=0
[REPLAY] step=23550 loss=3.5469 pLoss=2.3125 vLoss=1.2266 pEnt=2.516 pIllM=0.0014 playedP=0.206 pW=0.30 pD=0.05 pL=0.65 vAbs=0.418 gNorm=4.781 lr=0.01 ms=3421.3 buf=1000000 plies=201443649 games=3038237 epoch=0
[REPLAY] step=23600 loss=3.6094 pLoss=2.5625 vLoss=1.0391 pEnt=2.781 pIllM=0.0023 playedP=0.182 pW=0.52 pD=0.03 pL=0.45 vAbs=0.307 gNorm=1.586 lr=0.01 ms=3405.1 buf=1000000 plies=201870407 games=3044713 epoch=0
[REPLAY] step=23650 loss=3.5938 pLoss=2.2812 vLoss=1.3125 pEnt=2.578 pIllM=0.0018 playedP=0.196 pW=0.31 pD=0.07 pL=0.62 vAbs=0.434 gNorm=4.312 lr=0.01 ms=3408.9 buf=1000000 plies=202296976 games=3051165 epoch=0
[REPLAY] step=23700 loss=3.8594 pLoss=2.7188 vLoss=1.1406 pEnt=2.609 pIllM=0.0018 playedP=0.192 pW=0.61 pD=0.03 pL=0.36 vAbs=0.334 gNorm=4.688 lr=0.01 ms=3449.6 buf=1000000 plies=202723625 games=3057615 epoch=0
[REPLAY] step=23750 loss=3.8125 pLoss=2.7188 vLoss=1.0859 pEnt=2.641 pIllM=0.0010 playedP=0.201 pW=0.57 pD=0.07 pL=0.37 vAbs=0.311 gNorm=3.094 lr=0.01 ms=3407.1 buf=1000000 plies=203150274 games=3064076 epoch=0
[REPLAY] step=23800 loss=3.6250 pLoss=2.6719 vLoss=0.9531 pEnt=2.688 pIllM=0.0010 playedP=0.185 pW=0.45 pD=0.06 pL=0.49 vAbs=0.239 gNorm=2.844 lr=0.01 ms=3416.1 buf=1000000 plies=203576963 games=3070538 epoch=0
[REPLAY] step=23850 loss=3.6562 pLoss=2.5469 vLoss=1.1094 pEnt=2.641 pIllM=0.0015 playedP=0.170 pW=0.35 pD=0.09 pL=0.55 vAbs=0.322 gNorm=7.094 lr=0.01 ms=3420.1 buf=1000000 plies=204003641 games=3077007 epoch=0
[REPLAY] step=23900 loss=3.5000 pLoss=2.0625 vLoss=1.4375 pEnt=2.562 pIllM=0.0020 playedP=0.195 pW=0.23 pD=0.07 pL=0.71 vAbs=0.551 gNorm=5.344 lr=0.01 ms=3433.8 buf=1000000 plies=204430215 games=3083442 epoch=0
[REPLAY] step=23950 loss=4.3438 pLoss=2.7500 vLoss=1.6016 pEnt=2.656 pIllM=0.0014 playedP=0.180 pW=0.82 pD=0.05 pL=0.13 vAbs=0.711 gNorm=7.594 lr=0.01 ms=3420.1 buf=1000000 plies=204856858 games=3089846 epoch=0
[REPLAY] step=24000 loss=3.6406 pLoss=2.4219 vLoss=1.2188 pEnt=2.562 pIllM=0.0020 playedP=0.201 pW=0.36 pD=0.02 pL=0.62 vAbs=0.363 gNorm=4.375 lr=0.01 ms=3424.1 buf=1000000 plies=205283510 games=3096284 epoch=0
[REPLAY] saved trainer model (autosave) step=24000 nextGame=3096284 shard=6 epoch=0 -> v5-cont-replay-latest.safetensors
[REPLAY] enumerated checkpoint -> v5-cont-replay-step24000.safetensors
[REPLAY] step=24050 loss=3.6719 pLoss=2.6562 vLoss=1.0078 pEnt=2.750 pIllM=0.0013 playedP=0.177 pW=0.47 pD=0.09 pL=0.44 vAbs=0.258 gNorm=1.930 lr=0.01 ms=3419.5 buf=1000000 plies=205710158 games=3102683 epoch=0
[REPLAY] step=24100 loss=3.5781 pLoss=2.6250 vLoss=0.9531 pEnt=2.578 pIllM=0.0016 playedP=0.191 pW=0.42 pD=0.04 pL=0.53 vAbs=0.275 gNorm=3.031 lr=0.01 ms=3424.2 buf=1000000 plies=206136816 games=3109099 epoch=0
[REPLAY] step=24150 loss=3.8438 pLoss=2.7656 vLoss=1.0781 pEnt=2.594 pIllM=0.0019 playedP=0.186 pW=0.58 pD=0.05 pL=0.37 vAbs=0.359 gNorm=4.250 lr=0.01 ms=3442.1 buf=1000000 plies=206563502 games=3115575 epoch=0
[REPLAY] step=24200 loss=3.4844 pLoss=2.5000 vLoss=0.9766 pEnt=2.906 pIllM=0.0010 playedP=0.160 pW=0.40 pD=0.07 pL=0.53 vAbs=0.316 gNorm=2.000 lr=0.01 ms=3435.2 buf=1000000 plies=206990126 games=3122031 epoch=0
[REPLAY] step=24250 loss=3.7188 pLoss=2.7344 vLoss=0.9805 pEnt=2.578 pIllM=0.0017 playedP=0.188 pW=0.49 pD=0.04 pL=0.47 vAbs=0.254 gNorm=4.344 lr=0.01 ms=3459.5 buf=1000000 plies=207416759 games=3128448 epoch=0
[REPLAY] step=24300 loss=3.7188 pLoss=2.7031 vLoss=1.0156 pEnt=2.531 pIllM=0.0017 playedP=0.207 pW=0.49 pD=0.05 pL=0.46 vAbs=0.250 gNorm=2.703 lr=0.01 ms=3453.4 buf=1000000 plies=207843469 games=3134929 epoch=0
[REPLAY] step=24350 loss=3.8125 pLoss=2.7188 vLoss=1.0938 pEnt=2.578 pIllM=0.0023 playedP=0.180 pW=0.41 pD=0.10 pL=0.49 vAbs=0.311 gNorm=3.891 lr=0.01 ms=3426.3 buf=1000000 plies=208270066 games=3141403 epoch=0
[REPLAY] step=24400 loss=3.6875 pLoss=2.7188 vLoss=0.9609 pEnt=2.750 pIllM=0.0013 playedP=0.164 pW=0.44 pD=0.08 pL=0.49 vAbs=0.260 gNorm=3.844 lr=0.01 ms=3481.0 buf=1000000 plies=208696769 games=3147879 epoch=0
[REPLAY] step=24450 loss=3.4219 pLoss=2.4375 vLoss=0.9766 pEnt=2.797 pIllM=0.0012 playedP=0.171 pW=0.35 pD=0.07 pL=0.58 vAbs=0.354 gNorm=3.109 lr=0.01 ms=3438.8 buf=1000000 plies=209123401 games=3154312 epoch=0
[REPLAY] step=24500 loss=3.8906 pLoss=2.7656 vLoss=1.1250 pEnt=2.594 pIllM=0.0012 playedP=0.193 pW=0.52 pD=0.12 pL=0.36 vAbs=0.336 gNorm=3.297 lr=0.01 ms=3402.3 buf=1000000 plies=209550058 games=3160735 epoch=0
[REPLAY] step=24550 loss=3.7344 pLoss=2.7188 vLoss=1.0078 pEnt=2.453 pIllM=0.0017 playedP=0.209 pW=0.46 pD=0.03 pL=0.52 vAbs=0.252 gNorm=5.062 lr=0.01 ms=3399.7 buf=1000000 plies=209976678 games=3167168 epoch=0
[REPLAY] step=24600 loss=3.8906 pLoss=2.8125 vLoss=1.0703 pEnt=2.672 pIllM=0.0013 playedP=0.197 pW=0.55 pD=0.10 pL=0.35 vAbs=0.283 gNorm=3.266 lr=0.01 ms=3406.2 buf=1000000 plies=210403319 games=3173567 epoch=0
[REPLAY] step=24650 loss=3.9688 pLoss=2.7812 vLoss=1.1797 pEnt=2.641 pIllM=0.0012 playedP=0.179 pW=0.59 pD=0.09 pL=0.32 vAbs=0.379 gNorm=4.469 lr=0.01 ms=3447.9 buf=1000000 plies=210829978 games=3179998 epoch=0
[REPLAY] step=24700 loss=3.6094 pLoss=2.5469 vLoss=1.0547 pEnt=2.531 pIllM=0.0017 playedP=0.208 pW=0.42 pD=0.04 pL=0.54 vAbs=0.334 gNorm=3.062 lr=0.01 ms=3400.8 buf=1000000 plies=211256613 games=3186538 epoch=0
[REPLAY] step=24750 loss=4.0938 pLoss=2.7969 vLoss=1.3047 pEnt=2.594 pIllM=0.0013 playedP=0.183 pW=0.65 pD=0.09 pL=0.25 vAbs=0.494 gNorm=7.531 lr=0.01 ms=3392.1 buf=1000000 plies=211683256 games=3193018 epoch=0
[REPLAY] step=24800 loss=3.6562 pLoss=2.5781 vLoss=1.0703 pEnt=2.453 pIllM=0.0021 playedP=0.232 pW=0.49 pD=0.04 pL=0.48 vAbs=0.299 gNorm=2.531 lr=0.01 ms=3413.0 buf=1000000 plies=212109930 games=3199474 epoch=0
[REPLAY] step=24850 loss=3.9844 pLoss=2.9688 vLoss=1.0156 pEnt=2.469 pIllM=0.0015 playedP=0.153 pW=0.39 pD=0.08 pL=0.52 vAbs=0.270 gNorm=10.438 lr=0.01 ms=3434.5 buf=1000000 plies=212536558 games=3205943 epoch=0
[REPLAY] step=24900 loss=3.7344 pLoss=2.7031 vLoss=1.0234 pEnt=2.516 pIllM=0.0013 playedP=0.195 pW=0.40 pD=0.09 pL=0.51 vAbs=0.245 gNorm=7.750 lr=0.01 ms=3396.4 buf=1000000 plies=212963238 games=3212443 epoch=0
[REPLAY] step=24950 loss=3.9688 pLoss=2.7500 vLoss=1.2109 pEnt=2.594 pIllM=0.0019 playedP=0.189 pW=0.59 pD=0.08 pL=0.33 vAbs=0.404 gNorm=4.406 lr=0.01 ms=3420.4 buf=1000000 plies=213389896 games=3218991 epoch=0
[REPLAY] step=25000 loss=3.6406 pLoss=2.5781 vLoss=1.0625 pEnt=2.781 pIllM=0.0013 playedP=0.166 pW=0.42 pD=0.06 pL=0.53 vAbs=0.316 gNorm=3.859 lr=0.01 ms=3442.3 buf=1000000 plies=213816547 games=3225487 epoch=0
[REPLAY] saved trainer model (autosave) step=25000 nextGame=3225487 shard=7 epoch=0 -> v5-cont-replay-latest.safetensors
[REPLAY] enumerated checkpoint -> v5-cont-replay-step25000.safetensors
[REPLAY] step=25050 loss=3.7031 pLoss=2.7500 vLoss=0.9492 pEnt=2.516 pIllM=0.0022 playedP=0.209 pW=0.53 pD=0.02 pL=0.45 vAbs=0.244 gNorm=3.109 lr=0.01 ms=3437.3 buf=1000000 plies=214243156 games=3231939 epoch=0
[REPLAY] step=25100 loss=3.7500 pLoss=2.7812 vLoss=0.9609 pEnt=2.578 pIllM=0.0017 playedP=0.193 pW=0.53 pD=0.05 pL=0.43 vAbs=0.254 gNorm=3.172 lr=0.01 ms=3809.7 buf=1000000 plies=214669824 games=3238468 epoch=0
[REPLAY] step=25150 loss=4.0000 pLoss=2.7031 vLoss=1.2969 pEnt=2.656 pIllM=0.0019 playedP=0.183 pW=0.68 pD=0.02 pL=0.31 vAbs=0.436 gNorm=6.031 lr=0.01 ms=3401.4 buf=1000000 plies=215096460 games=3244895 epoch=0
[REPLAY] step=25200 loss=3.5312 pLoss=2.2656 vLoss=1.2578 pEnt=2.688 pIllM=0.0015 playedP=0.191 pW=0.33 pD=0.03 pL=0.64 vAbs=0.430 gNorm=4.594 lr=0.01 ms=3412.9 buf=1000000 plies=215523154 games=3251320 epoch=0
[REPLAY] step=25250 loss=3.5625 pLoss=2.3281 vLoss=1.2344 pEnt=2.516 pIllM=0.0017 playedP=0.214 pW=0.34 pD=0.02 pL=0.64 vAbs=0.320 gNorm=3.844 lr=0.01 ms=3421.9 buf=1000000 plies=215949750 games=3257821 epoch=0
[REPLAY] step=25300 loss=3.7188 pLoss=2.6562 vLoss=1.0625 pEnt=2.562 pIllM=0.0019 playedP=0.192 pW=0.45 pD=0.04 pL=0.51 vAbs=0.316 gNorm=4.688 lr=0.01 ms=3430.3 buf=1000000 plies=216376438 games=3264302 epoch=0
[REPLAY] step=25350 loss=3.5156 pLoss=1.9453 vLoss=1.5625 pEnt=2.625 pIllM=0.0017 playedP=0.187 pW=0.19 pD=0.04 pL=0.78 vAbs=0.648 gNorm=6.312 lr=0.01 ms=3443.5 buf=1000000 plies=216803060 games=3270743 epoch=0
[REPLAY] step=25400 loss=3.8125 pLoss=2.7344 vLoss=1.0781 pEnt=2.625 pIllM=0.0025 playedP=0.192 pW=0.55 pD=0.08 pL=0.37 vAbs=0.273 gNorm=3.391 lr=0.01 ms=3454.5 buf=1000000 plies=217229797 games=3277288 epoch=0
[REPLAY] step=25450 loss=3.8906 pLoss=2.7969 vLoss=1.0859 pEnt=2.516 pIllM=0.0012 playedP=0.212 pW=0.54 pD=0.07 pL=0.38 vAbs=0.324 gNorm=3.359 lr=0.01 ms=3417.9 buf=1000000 plies=217656374 games=3283794 epoch=0
[REPLAY] step=25500 loss=3.8125 pLoss=2.7344 vLoss=1.0703 pEnt=2.547 pIllM=0.0015 playedP=0.179 pW=0.44 pD=0.09 pL=0.46 vAbs=0.324 gNorm=6.688 lr=0.01 ms=3407.5 buf=1000000 plies=218083011 games=3290249 epoch=0
[REPLAY] step=25550 loss=3.9531 pLoss=2.7969 vLoss=1.1562 pEnt=2.422 pIllM=0.0014 playedP=0.228 pW=0.54 pD=0.15 pL=0.31 vAbs=0.340 gNorm=3.859 lr=0.01 ms=3412.6 buf=1000000 plies=218509663 games=3296825 epoch=0
[REPLAY] step=25600 loss=3.5156 pLoss=2.3594 vLoss=1.1562 pEnt=2.578 pIllM=0.0020 playedP=0.184 pW=0.33 pD=0.03 pL=0.64 vAbs=0.439 gNorm=5.375 lr=0.01 ms=3426.9 buf=1000000 plies=218936301 games=3303294 epoch=0
[REPLAY] step=25650 loss=3.8125 pLoss=2.7500 vLoss=1.0547 pEnt=2.562 pIllM=0.0018 playedP=0.198 pW=0.51 pD=0.04 pL=0.45 vAbs=0.260 gNorm=3.406 lr=0.01 ms=3418.7 buf=1000000 plies=219362956 games=3309777 epoch=0
[REPLAY] step=25700 loss=4.1875 pLoss=3.0156 vLoss=1.1641 pEnt=2.516 pIllM=0.0019 playedP=0.183 pW=0.60 pD=0.04 pL=0.37 vAbs=0.365 gNorm=6.156 lr=0.01 ms=3421.2 buf=1000000 plies=219789633 games=3316228 epoch=0
[REPLAY] step=25750 loss=4.0312 pLoss=2.8125 vLoss=1.2031 pEnt=2.688 pIllM=0.0015 playedP=0.178 pW=0.62 pD=0.05 pL=0.33 vAbs=0.379 gNorm=5.688 lr=0.01 ms=3455.9 buf=1000000 plies=220216296 games=3322707 epoch=0
[REPLAY] step=25800 loss=3.9062 pLoss=2.7500 vLoss=1.1484 pEnt=2.609 pIllM=0.0025 playedP=0.192 pW=0.59 pD=0.03 pL=0.38 vAbs=0.348 gNorm=5.562 lr=0.01 ms=3462.5 buf=1000000 plies=220642919 games=3329213 epoch=0
[REPLAY] step=25850 loss=3.7344 pLoss=2.6719 vLoss=1.0625 pEnt=2.562 pIllM=0.0021 playedP=0.217 pW=0.49 pD=0.06 pL=0.45 vAbs=0.243 gNorm=2.047 lr=0.01 ms=3411.0 buf=1000000 plies=221069611 games=3335741 epoch=0
[REPLAY] step=25900 loss=4.0000 pLoss=2.7969 vLoss=1.1953 pEnt=2.641 pIllM=0.0019 playedP=0.169 pW=0.59 pD=0.05 pL=0.36 vAbs=0.369 gNorm=5.219 lr=0.01 ms=3443.5 buf=1000000 plies=221496230 games=3342192 epoch=0
[REPLAY] step=25950 loss=3.4844 pLoss=2.2031 vLoss=1.2812 pEnt=2.578 pIllM=0.0020 playedP=0.207 pW=0.29 pD=0.05 pL=0.66 vAbs=0.434 gNorm=4.719 lr=0.01 ms=3442.3 buf=1000000 plies=221922885 games=3348672 epoch=0
[REPLAY] step=26000 loss=3.8281 pLoss=2.7812 vLoss=1.0391 pEnt=2.578 pIllM=0.0019 playedP=0.188 pW=0.44 pD=0.12 pL=0.44 vAbs=0.213 gNorm=3.297 lr=0.01 ms=3465.6 buf=1000000 plies=222349546 games=3355200 epoch=0
[REPLAY] saved trainer model (autosave) step=26000 nextGame=3355200 shard=7 epoch=0 -> v5-cont-replay-latest.safetensors
[REPLAY] enumerated checkpoint -> v5-cont-replay-step26000.safetensors
[REPLAY] step=26050 loss=3.7969 pLoss=2.7656 vLoss=1.0312 pEnt=2.562 pIllM=0.0016 playedP=0.180 pW=0.46 pD=0.04 pL=0.50 vAbs=0.234 gNorm=7.688 lr=0.01 ms=3411.4 buf=1000000 plies=222776181 games=3361663 epoch=0
[REPLAY] step=26100 loss=3.7188 pLoss=2.7188 vLoss=0.9961 pEnt=2.672 pIllM=0.0012 playedP=0.184 pW=0.47 pD=0.05 pL=0.49 vAbs=0.232 gNorm=4.344 lr=0.01 ms=3391.8 buf=1000000 plies=223202868 games=3368193 epoch=0
[REPLAY] step=26150 loss=3.8125 pLoss=2.8281 vLoss=0.9844 pEnt=2.609 pIllM=0.0017 playedP=0.177 pW=0.45 pD=0.11 pL=0.44 vAbs=0.197 gNorm=5.562 lr=0.01 ms=3389.7 buf=1000000 plies=223629464 games=3374639 epoch=0
[REPLAY] step=26200 loss=3.7500 pLoss=2.7969 vLoss=0.9492 pEnt=2.688 pIllM=0.0016 playedP=0.170 pW=0.48 pD=0.03 pL=0.49 vAbs=0.231 gNorm=5.344 lr=0.01 ms=3420.9 buf=1000000 plies=224056116 games=3381046 epoch=0
[REPLAY] step=26250 loss=3.9219 pLoss=2.8438 vLoss=1.0703 pEnt=2.547 pIllM=0.0014 playedP=0.195 pW=0.52 pD=0.13 pL=0.36 vAbs=0.256 gNorm=7.188 lr=0.01 ms=3397.0 buf=1000000 plies=224482784 games=3387484 epoch=0
[REPLAY] step=26300 loss=4.0000 pLoss=2.7344 vLoss=1.2578 pEnt=2.672 pIllM=0.0017 playedP=0.164 pW=0.60 pD=0.14 pL=0.26 vAbs=0.443 gNorm=5.062 lr=0.01 ms=3413.9 buf=1000000 plies=224909409 games=3393907 epoch=0
[REPLAY] step=26350 loss=3.3906 pLoss=2.4062 vLoss=0.9844 pEnt=2.547 pIllM=0.0018 playedP=0.198 pW=0.35 pD=0.04 pL=0.61 vAbs=0.348 gNorm=3.703 lr=0.01 ms=3391.3 buf=1000000 plies=225336075 games=3400347 epoch=0
[REPLAY] step=26400 loss=3.9219 pLoss=2.8125 vLoss=1.1016 pEnt=2.562 pIllM=0.0019 playedP=0.198 pW=0.58 pD=0.06 pL=0.36 vAbs=0.270 gNorm=6.844 lr=0.01 ms=3389.4 buf=1000000 plies=225762706 games=3406787 epoch=0
[REPLAY] step=26450 loss=3.7969 pLoss=2.7969 vLoss=0.9922 pEnt=2.609 pIllM=0.0020 playedP=0.174 pW=0.39 pD=0.21 pL=0.40 vAbs=0.229 gNorm=5.688 lr=0.01 ms=3392.1 buf=1000000 plies=226189387 games=3413206 epoch=0
[REPLAY] step=26500 loss=3.8750 pLoss=2.7031 vLoss=1.1641 pEnt=2.641 pIllM=0.0014 playedP=0.185 pW=0.52 pD=0.15 pL=0.33 vAbs=0.359 gNorm=3.328 lr=0.01 ms=3413.2 buf=1000000 plies=226616005 games=3419753 epoch=0
[REPLAY] step=26550 loss=4.2188 pLoss=2.7969 vLoss=1.4297 pEnt=2.641 pIllM=0.0019 playedP=0.178 pW=0.82 pD=0.03 pL=0.15 vAbs=0.703 gNorm=7.125 lr=0.01 ms=3422.8 buf=1000000 plies=227042748 games=3426297 epoch=0
[REPLAY] step=26600 loss=4.3750 pLoss=2.7344 vLoss=1.6328 pEnt=2.641 pIllM=0.0015 playedP=0.183 pW=0.82 pD=0.04 pL=0.14 vAbs=0.707 gNorm=6.875 lr=0.01 ms=3403.8 buf=1000000 plies=227469336 games=3432747 epoch=0
[REPLAY] step=26650 loss=3.5469 pLoss=2.4219 vLoss=1.1172 pEnt=2.578 pIllM=0.0019 playedP=0.191 pW=0.34 pD=0.09 pL=0.57 vAbs=0.350 gNorm=4.125 lr=0.01 ms=3452.8 buf=1000000 plies=227895956 games=3439180 epoch=0
[REPLAY] step=26700 loss=3.6875 pLoss=2.3125 vLoss=1.3750 pEnt=2.562 pIllM=0.0015 playedP=0.168 pW=0.28 pD=0.02 pL=0.70 vAbs=0.459 gNorm=9.312 lr=0.01 ms=3412.2 buf=1000000 plies=228322599 games=3445678 epoch=0
[REPLAY] step=26750 loss=3.8125 pLoss=2.8125 vLoss=0.9961 pEnt=2.625 pIllM=0.0013 playedP=0.188 pW=0.52 pD=0.09 pL=0.39 vAbs=0.247 gNorm=5.594 lr=0.01 ms=3565.9 buf=1000000 plies=228749329 games=3452162 epoch=0
[REPLAY] step=26800 loss=3.5156 pLoss=2.4844 vLoss=1.0234 pEnt=2.750 pIllM=0.0022 playedP=0.188 pW=0.41 pD=0.08 pL=0.51 vAbs=0.295 gNorm=2.109 lr=0.01 ms=3431.7 buf=1000000 plies=229175918 games=3458656 epoch=0
[REPLAY] step=26850 loss=3.6875 pLoss=2.7031 vLoss=0.9883 pEnt=2.469 pIllM=0.0018 playedP=0.216 pW=0.49 pD=0.02 pL=0.49 vAbs=0.279 gNorm=3.312 lr=0.01 ms=3436.4 buf=1000000 plies=229602586 games=3465101 epoch=0
[REPLAY] step=26900 loss=3.7969 pLoss=2.7969 vLoss=0.9961 pEnt=2.547 pIllM=0.0021 playedP=0.174 pW=0.48 pD=0.05 pL=0.47 vAbs=0.297 gNorm=6.594 lr=0.01 ms=3447.6 buf=1000000 plies=230029236 games=3471543 epoch=0
[REPLAY] step=26950 loss=3.6094 pLoss=2.3594 vLoss=1.2422 pEnt=2.656 pIllM=0.0014 playedP=0.182 pW=0.30 pD=0.05 pL=0.64 vAbs=0.408 gNorm=5.219 lr=0.01 ms=3522.8 buf=1000000 plies=230455859 games=3478032 epoch=0
[REPLAY] step=27000 loss=3.6406 pLoss=2.5625 vLoss=1.0781 pEnt=2.641 pIllM=0.0016 playedP=0.190 pW=0.42 pD=0.05 pL=0.53 vAbs=0.344 gNorm=4.406 lr=0.01 ms=3456.0 buf=1000000 plies=230882568 games=3484504 epoch=0
[REPLAY] saved trainer model (autosave) step=27000 nextGame=3484504 shard=7 epoch=0 -> v5-cont-replay-latest.safetensors
[REPLAY] enumerated checkpoint -> v5-cont-replay-step27000.safetensors
[REPLAY] step=27050 loss=3.5469 pLoss=2.6250 vLoss=0.9141 pEnt=2.531 pIllM=0.0014 playedP=0.207 pW=0.44 pD=0.05 pL=0.51 vAbs=0.254 gNorm=2.375 lr=0.01 ms=3475.1 buf=1000000 plies=231309181 games=3490930 epoch=0
[REPLAY] step=27100 loss=3.5312 pLoss=2.3438 vLoss=1.1797 pEnt=2.531 pIllM=0.0018 playedP=0.197 pW=0.33 pD=0.04 pL=0.62 vAbs=0.402 gNorm=4.750 lr=0.01 ms=3465.9 buf=1000000 plies=231735820 games=3497423 epoch=0
[REPLAY] step=27150 loss=3.6562 pLoss=2.6250 vLoss=1.0234 pEnt=2.500 pIllM=0.0016 playedP=0.195 pW=0.43 pD=0.08 pL=0.48 vAbs=0.264 gNorm=5.781 lr=0.01 ms=3509.9 buf=1000000 plies=232162455 games=3503847 epoch=0
[REPLAY] step=27200 loss=3.7031 pLoss=2.7188 vLoss=0.9766 pEnt=2.656 pIllM=0.0012 playedP=0.186 pW=0.47 pD=0.08 pL=0.44 vAbs=0.258 gNorm=3.094 lr=0.01 ms=3469.8 buf=1000000 plies=232589134 games=3510304 epoch=0
[REPLAY] step=27250 loss=3.9531 pLoss=2.8125 vLoss=1.1328 pEnt=2.547 pIllM=0.0015 playedP=0.182 pW=0.57 pD=0.03 pL=0.40 vAbs=0.350 gNorm=6.688 lr=0.01 ms=3448.8 buf=1000000 plies=233015865 games=3516767 epoch=0
[REPLAY] step=27300 loss=3.6719 pLoss=2.5469 vLoss=1.1172 pEnt=2.516 pIllM=0.0015 playedP=0.205 pW=0.41 pD=0.07 pL=0.52 vAbs=0.338 gNorm=3.875 lr=0.01 ms=3413.5 buf=1000000 plies=233442400 games=3523166 epoch=0
[REPLAY] step=27350 loss=4.0625 pLoss=2.8281 vLoss=1.2422 pEnt=2.531 pIllM=0.0012 playedP=0.206 pW=0.68 pD=0.05 pL=0.27 vAbs=0.418 gNorm=5.781 lr=0.01 ms=3423.9 buf=1000000 plies=233869066 games=3529536 epoch=0
[REPLAY] step=27400 loss=4.1250 pLoss=2.7812 vLoss=1.3516 pEnt=2.641 pIllM=0.0013 playedP=0.189 pW=0.71 pD=0.02 pL=0.27 vAbs=0.467 gNorm=4.781 lr=0.01 ms=3422.2 buf=1000000 plies=234295740 games=3536013 epoch=0
[REPLAY] step=27450 loss=3.6875 pLoss=2.7188 vLoss=0.9688 pEnt=2.500 pIllM=0.0019 playedP=0.206 pW=0.46 pD=0.06 pL=0.48 vAbs=0.227 gNorm=2.844 lr=0.01 ms=3420.7 buf=1000000 plies=234722376 games=3542480 epoch=0
[REPLAY] step=27500 loss=3.4688 pLoss=2.4062 vLoss=1.0625 pEnt=2.859 pIllM=0.0019 playedP=0.166 pW=0.40 pD=0.04 pL=0.57 vAbs=0.334 gNorm=1.812 lr=0.01 ms=3444.8 buf=1000000 plies=235149030 games=3548950 epoch=0
[REPLAY] step=27550 loss=3.9531 pLoss=2.7344 vLoss=1.2109 pEnt=2.578 pIllM=0.0016 playedP=0.188 pW=0.58 pD=0.06 pL=0.37 vAbs=0.389 gNorm=5.500 lr=0.01 ms=3453.7 buf=1000000 plies=235575665 games=3555367 epoch=0
[REPLAY] step=27600 loss=3.5938 pLoss=2.4688 vLoss=1.1250 pEnt=2.625 pIllM=0.0013 playedP=0.187 pW=0.35 pD=0.07 pL=0.58 vAbs=0.363 gNorm=3.641 lr=0.01 ms=3417.0 buf=1000000 plies=236002343 games=3561846 epoch=0
[REPLAY] step=27650 loss=3.7812 pLoss=2.7031 vLoss=1.0703 pEnt=2.531 pIllM=0.0019 playedP=0.206 pW=0.51 pD=0.03 pL=0.46 vAbs=0.277 gNorm=3.250 lr=0.01 ms=3423.9 buf=1000000 plies=236428988 games=3568266 epoch=0
[REPLAY] step=27700 loss=3.8438 pLoss=2.8438 vLoss=1.0000 pEnt=2.484 pIllM=0.0022 playedP=0.211 pW=0.55 pD=0.04 pL=0.41 vAbs=0.245 gNorm=3.203 lr=0.01 ms=3445.7 buf=1000000 plies=236855651 games=3574659 epoch=0
[REPLAY] step=27750 loss=3.7500 pLoss=2.7344 vLoss=1.0078 pEnt=2.562 pIllM=0.0017 playedP=0.190 pW=0.52 pD=0.04 pL=0.44 vAbs=0.260 gNorm=3.188 lr=0.01 ms=3420.7 buf=1000000 plies=237282324 games=3581073 epoch=0
[REPLAY] step=27800 loss=3.7656 pLoss=2.8281 vLoss=0.9375 pEnt=2.484 pIllM=0.0017 playedP=0.207 pW=0.51 pD=0.05 pL=0.44 vAbs=0.239 gNorm=4.219 lr=0.01 ms=3464.9 buf=1000000 plies=237708938 games=3587545 epoch=0
[REPLAY] step=27850 loss=3.7031 pLoss=2.6562 vLoss=1.0469 pEnt=2.578 pIllM=0.0013 playedP=0.193 pW=0.47 pD=0.05 pL=0.48 vAbs=0.297 gNorm=3.328 lr=0.01 ms=3474.4 buf=1000000 plies=238135593 games=3593961 epoch=0
[REPLAY] step=27900 loss=3.6719 pLoss=2.7031 vLoss=0.9648 pEnt=2.625 pIllM=0.0018 playedP=0.197 pW=0.51 pD=0.07 pL=0.42 vAbs=0.245 gNorm=2.891 lr=0.01 ms=3420.9 buf=1000000 plies=238562287 games=3600443 epoch=0
[REPLAY] step=27950 loss=3.5625 pLoss=2.4688 vLoss=1.0938 pEnt=2.766 pIllM=0.0013 playedP=0.181 pW=0.39 pD=0.09 pL=0.52 vAbs=0.309 gNorm=2.750 lr=0.01 ms=3468.2 buf=1000000 plies=238988889 games=3606832 epoch=0
[REPLAY] step=28000 loss=4.0938 pLoss=2.7656 vLoss=1.3359 pEnt=2.594 pIllM=0.0010 playedP=0.192 pW=0.66 pD=0.04 pL=0.31 vAbs=0.463 gNorm=4.719 lr=0.01 ms=3474.6 buf=1000000 plies=239415550 games=3613310 epoch=0
[REPLAY] saved trainer model (autosave) step=28000 nextGame=3613310 shard=7 epoch=0 -> v5-cont-replay-latest.safetensors
[REPLAY] enumerated checkpoint -> v5-cont-replay-step28000.safetensors
[REPLAY] step=28050 loss=3.5469 pLoss=2.3906 vLoss=1.1562 pEnt=2.531 pIllM=0.0011 playedP=0.204 pW=0.37 pD=0.05 pL=0.58 vAbs=0.342 gNorm=3.828 lr=0.01 ms=3436.6 buf=1000000 plies=239842162 games=3619748 epoch=0
[REPLAY] step=28100 loss=3.6406 pLoss=2.5781 vLoss=1.0547 pEnt=2.500 pIllM=0.0015 playedP=0.203 pW=0.40 pD=0.04 pL=0.56 vAbs=0.281 gNorm=3.625 lr=0.01 ms=3400.5 buf=1000000 plies=240268819 games=3626207 epoch=0
[REPLAY] step=28150 loss=3.7500 pLoss=2.7344 vLoss=1.0078 pEnt=2.656 pIllM=0.0012 playedP=0.189 pW=0.56 pD=0.03 pL=0.41 vAbs=0.279 gNorm=2.875 lr=0.01 ms=3409.8 buf=1000000 plies=240695597 games=3632737 epoch=0
[REPLAY] step=28200 loss=3.8750 pLoss=2.8438 vLoss=1.0312 pEnt=2.531 pIllM=0.0012 playedP=0.205 pW=0.53 pD=0.08 pL=0.39 vAbs=0.249 gNorm=4.094 lr=0.01 ms=3404.1 buf=1000000 plies=241122134 games=3639212 epoch=0
[REPLAY] step=28250 loss=3.7031 pLoss=2.7500 vLoss=0.9492 pEnt=2.484 pIllM=0.0018 playedP=0.216 pW=0.49 pD=0.06 pL=0.46 vAbs=0.239 gNorm=2.375 lr=0.01 ms=3392.0 buf=1000000 plies=241548784 games=3645742 epoch=0
[REPLAY] step=28300 loss=3.7812 pLoss=2.6719 vLoss=1.1016 pEnt=2.453 pIllM=0.0016 playedP=0.213 pW=0.37 pD=0.13 pL=0.50 vAbs=0.285 gNorm=5.906 lr=0.01 ms=3447.3 buf=1000000 plies=241975425 games=3652213 epoch=0
[REPLAY] step=28350 loss=3.7344 pLoss=2.7031 vLoss=1.0234 pEnt=2.547 pIllM=0.0016 playedP=0.204 pW=0.45 pD=0.10 pL=0.45 vAbs=0.241 gNorm=3.188 lr=0.01 ms=3530.4 buf=1000000 plies=242402070 games=3658665 epoch=0
[REPLAY] step=28400 loss=3.8594 pLoss=2.7656 vLoss=1.0859 pEnt=2.484 pIllM=0.0016 playedP=0.196 pW=0.48 pD=0.11 pL=0.41 vAbs=0.277 gNorm=6.094 lr=0.01 ms=3423.2 buf=1000000 plies=242828705 games=3665099 epoch=0
[REPLAY] step=28450 loss=3.7656 pLoss=2.7500 vLoss=1.0156 pEnt=2.531 pIllM=0.0021 playedP=0.200 pW=0.48 pD=0.06 pL=0.46 vAbs=0.216 gNorm=3.469 lr=0.01 ms=3428.6 buf=1000000 plies=243255376 games=3671566 epoch=0
[REPLAY] step=28500 loss=3.8906 pLoss=2.8438 vLoss=1.0391 pEnt=2.609 pIllM=0.0013 playedP=0.163 pW=0.50 pD=0.04 pL=0.46 vAbs=0.268 gNorm=7.375 lr=0.01 ms=3489.2 buf=1000000 plies=243682041 games=3677995 epoch=0
[REPLAY] step=28550 loss=3.8281 pLoss=2.7344 vLoss=1.0938 pEnt=2.500 pIllM=0.0021 playedP=0.183 pW=0.43 pD=0.05 pL=0.52 vAbs=0.299 gNorm=5.500 lr=0.01 ms=3985.2 buf=1000000 plies=244108704 games=3684477 epoch=0
[REPLAY] step=28600 loss=3.5000 pLoss=2.1250 vLoss=1.3750 pEnt=2.578 pIllM=0.0022 playedP=0.192 pW=0.28 pD=0.04 pL=0.68 vAbs=0.504 gNorm=4.812 lr=0.01 ms=3688.9 buf=1000000 plies=244535354 games=3690902 epoch=0
[REPLAY] step=28650 loss=3.9219 pLoss=2.8906 vLoss=1.0234 pEnt=2.594 pIllM=0.0015 playedP=0.162 pW=0.50 pD=0.09 pL=0.41 vAbs=0.258 gNorm=8.562 lr=0.01 ms=3448.8 buf=1000000 plies=244961987 games=3697370 epoch=0
[REPLAY] step=28700 loss=3.9219 pLoss=2.7969 vLoss=1.1172 pEnt=2.547 pIllM=0.0015 playedP=0.193 pW=0.57 pD=0.05 pL=0.38 vAbs=0.350 gNorm=6.188 lr=0.01 ms=3431.8 buf=1000000 plies=245388626 games=3703798 epoch=0
[REPLAY] step=28750 loss=3.7812 pLoss=2.7344 vLoss=1.0469 pEnt=2.672 pIllM=0.0014 playedP=0.184 pW=0.50 pD=0.04 pL=0.47 vAbs=0.242 gNorm=2.766 lr=0.01 ms=3432.6 buf=1000000 plies=245815280 games=3710240 epoch=0
[REPLAY] step=28800 loss=3.7500 pLoss=2.7344 vLoss=1.0078 pEnt=2.594 pIllM=0.0016 playedP=0.179 pW=0.49 pD=0.04 pL=0.47 vAbs=0.254 gNorm=6.062 lr=0.01 ms=3429.7 buf=1000000 plies=246241924 games=3716627 epoch=0
[REPLAY] step=28850 loss=3.7031 pLoss=2.6094 vLoss=1.0938 pEnt=2.812 pIllM=0.0016 playedP=0.162 pW=0.54 pD=0.05 pL=0.42 vAbs=0.322 gNorm=3.250 lr=0.01 ms=3423.5 buf=1000000 plies=246668559 games=3723053 epoch=0
[REPLAY] step=28900 loss=3.7031 pLoss=2.6719 vLoss=1.0234 pEnt=2.625 pIllM=0.0012 playedP=0.189 pW=0.46 pD=0.04 pL=0.50 vAbs=0.270 gNorm=3.703 lr=0.01 ms=3424.8 buf=1000000 plies=247095222 games=3729537 epoch=0
[REPLAY] step=28950 loss=3.7188 pLoss=2.7500 vLoss=0.9609 pEnt=2.516 pIllM=0.0016 playedP=0.200 pW=0.48 pD=0.05 pL=0.48 vAbs=0.243 gNorm=2.578 lr=0.01 ms=3458.4 buf=1000000 plies=247521914 games=3735934 epoch=0
[REPLAY] step=29000 loss=3.7188 pLoss=2.6250 vLoss=1.0938 pEnt=2.578 pIllM=0.0012 playedP=0.166 pW=0.39 pD=0.04 pL=0.57 vAbs=0.334 gNorm=8.000 lr=0.01 ms=3410.6 buf=1000000 plies=247948547 games=3742322 epoch=0
[REPLAY] saved trainer model (autosave) step=29000 nextGame=3742322 shard=8 epoch=0 -> v5-cont-replay-latest.safetensors
[REPLAY] enumerated checkpoint -> v5-cont-replay-step29000.safetensors
[REPLAY] step=29050 loss=3.4844 pLoss=2.4375 vLoss=1.0469 pEnt=2.578 pIllM=0.0022 playedP=0.207 pW=0.42 pD=0.04 pL=0.54 vAbs=0.332 gNorm=2.516 lr=0.01 ms=3432.2 buf=1000000 plies=248375195 games=3748803 epoch=0
[REPLAY] step=29100 loss=3.5938 pLoss=2.6094 vLoss=0.9844 pEnt=2.516 pIllM=0.0018 playedP=0.199 pW=0.43 pD=0.05 pL=0.52 vAbs=0.281 gNorm=5.031 lr=0.01 ms=3402.0 buf=1000000 plies=248801873 games=3755226 epoch=0
[REPLAY] step=29150 loss=3.7969 pLoss=2.7188 vLoss=1.0781 pEnt=2.688 pIllM=0.0014 playedP=0.177 pW=0.47 pD=0.11 pL=0.43 vAbs=0.273 gNorm=2.734 lr=0.01 ms=3411.7 buf=1000000 plies=249228486 games=3761644 epoch=0
[REPLAY] step=29200 loss=3.6406 pLoss=2.5156 vLoss=1.1250 pEnt=2.641 pIllM=0.0021 playedP=0.176 pW=0.38 pD=0.08 pL=0.54 vAbs=0.326 gNorm=4.031 lr=0.01 ms=3414.1 buf=1000000 plies=249655108 games=3768081 epoch=0
[REPLAY] step=29250 loss=3.5781 pLoss=2.5781 vLoss=0.9922 pEnt=2.578 pIllM=0.0020 playedP=0.186 pW=0.43 pD=0.04 pL=0.53 vAbs=0.318 gNorm=4.562 lr=0.01 ms=3415.7 buf=1000000 plies=250081787 games=3774557 epoch=0
[REPLAY] step=29300 loss=3.6719 pLoss=2.5625 vLoss=1.1016 pEnt=2.562 pIllM=0.0012 playedP=0.192 pW=0.42 pD=0.04 pL=0.55 vAbs=0.340 gNorm=5.094 lr=0.01 ms=3411.3 buf=1000000 plies=250508414 games=3781058 epoch=0
[REPLAY] step=29350 loss=3.7031 pLoss=2.5000 vLoss=1.1953 pEnt=2.562 pIllM=0.0019 playedP=0.173 pW=0.38 pD=0.04 pL=0.58 vAbs=0.424 gNorm=6.656 lr=0.01 ms=3415.6 buf=1000000 plies=250935072 games=3787529 epoch=0
[REPLAY] step=29400 loss=3.5781 pLoss=2.6406 vLoss=0.9375 pEnt=2.656 pIllM=0.0016 playedP=0.205 pW=0.51 pD=0.05 pL=0.44 vAbs=0.268 gNorm=1.508 lr=0.01 ms=3417.0 buf=1000000 plies=251361700 games=3793985 epoch=0
[REPLAY] step=29450 loss=3.8906 pLoss=2.7969 vLoss=1.0859 pEnt=2.609 pIllM=0.0014 playedP=0.169 pW=0.51 pD=0.10 pL=0.39 vAbs=0.320 gNorm=7.000 lr=0.01 ms=3413.2 buf=1000000 plies=251788389 games=3800418 epoch=0
[REPLAY] step=29500 loss=3.6094 pLoss=2.5312 vLoss=1.0703 pEnt=2.766 pIllM=0.0018 playedP=0.180 pW=0.41 pD=0.04 pL=0.55 vAbs=0.305 gNorm=2.781 lr=0.01 ms=3399.9 buf=1000000 plies=252215017 games=3806888 epoch=0
[REPLAY] step=29550 loss=3.6875 pLoss=2.4844 vLoss=1.2031 pEnt=2.656 pIllM=0.0013 playedP=0.184 pW=0.34 pD=0.14 pL=0.52 vAbs=0.346 gNorm=4.156 lr=0.01 ms=3417.5 buf=1000000 plies=252641677 games=3813322 epoch=0
[REPLAY] step=29600 loss=4.3125 pLoss=2.7188 vLoss=1.5781 pEnt=2.500 pIllM=0.0020 playedP=0.221 pW=0.76 pD=0.07 pL=0.17 vAbs=0.629 gNorm=6.188 lr=0.01 ms=3423.4 buf=1000000 plies=253068350 games=3819741 epoch=0
[REPLAY] step=29650 loss=3.9219 pLoss=2.8906 vLoss=1.0312 pEnt=2.453 pIllM=0.0019 playedP=0.192 pW=0.46 pD=0.04 pL=0.50 vAbs=0.210 gNorm=4.875 lr=0.01 ms=3409.1 buf=1000000 plies=253494990 games=3826207 epoch=0
[REPLAY] step=29700 loss=3.7188 pLoss=2.7031 vLoss=1.0156 pEnt=2.594 pIllM=0.0013 playedP=0.194 pW=0.48 pD=0.04 pL=0.48 vAbs=0.248 gNorm=2.359 lr=0.01 ms=3418.3 buf=1000000 plies=253921631 games=3832671 epoch=0
[REPLAY] step=29750 loss=3.7188 pLoss=2.7188 vLoss=0.9922 pEnt=2.594 pIllM=0.0021 playedP=0.195 pW=0.48 pD=0.04 pL=0.48 vAbs=0.220 gNorm=2.938 lr=0.01 ms=3388.0 buf=1000000 plies=254348331 games=3839053 epoch=0
[REPLAY] step=29800 loss=3.7812 pLoss=2.7500 vLoss=1.0234 pEnt=2.500 pIllM=0.0011 playedP=0.205 pW=0.47 pD=0.06 pL=0.47 vAbs=0.225 gNorm=4.312 lr=0.01 ms=3412.7 buf=1000000 plies=254774928 games=3845496 epoch=0
[REPLAY] step=29850 loss=4.2500 pLoss=2.7812 vLoss=1.4688 pEnt=2.547 pIllM=0.0016 playedP=0.195 pW=0.73 pD=0.03 pL=0.24 vAbs=0.512 gNorm=6.219 lr=0.01 ms=3412.4 buf=1000000 plies=255201565 games=3851904 epoch=0
[REPLAY] step=29900 loss=3.7031 pLoss=2.5625 vLoss=1.1328 pEnt=2.656 pIllM=0.0019 playedP=0.187 pW=0.43 pD=0.09 pL=0.48 vAbs=0.275 gNorm=3.031 lr=0.01 ms=3445.3 buf=1000000 plies=255628201 games=3858318 epoch=0
[REPLAY] step=29950 loss=3.5938 pLoss=2.5625 vLoss=1.0234 pEnt=2.719 pIllM=0.0013 playedP=0.178 pW=0.45 pD=0.06 pL=0.50 vAbs=0.285 gNorm=2.984 lr=0.01 ms=3420.0 buf=1000000 plies=256054884 games=3864719 epoch=0
[REPLAY] step=30000 loss=3.8750 pLoss=2.8750 vLoss=1.0000 pEnt=2.438 pIllM=0.0025 playedP=0.218 pW=0.52 pD=0.07 pL=0.41 vAbs=0.254 gNorm=5.375 lr=0.01 ms=3396.8 buf=1000000 plies=256481524 games=3871155 epoch=0
[REPLAY] saved trainer model (autosave) step=30000 nextGame=3871155 shard=8 epoch=0 -> v5-cont-replay-latest.safetensors
[REPLAY] enumerated checkpoint -> v5-cont-replay-step30000.safetensors
[REPLAY] step=30050 loss=3.7812 pLoss=2.7344 vLoss=1.0469 pEnt=2.641 pIllM=0.0013 playedP=0.196 pW=0.50 pD=0.06 pL=0.44 vAbs=0.225 gNorm=4.156 lr=0.01 ms=3418.3 buf=1000000 plies=256908197 games=3877574 epoch=0
[REPLAY] step=30100 loss=3.6406 pLoss=2.6250 vLoss=1.0156 pEnt=2.516 pIllM=0.0015 playedP=0.201 pW=0.38 pD=0.11 pL=0.52 vAbs=0.270 gNorm=4.438 lr=0.01 ms=3449.2 buf=1000000 plies=257334879 games=3884029 epoch=0
[REPLAY] step=30150 loss=3.7812 pLoss=2.7812 vLoss=0.9922 pEnt=2.719 pIllM=0.0014 playedP=0.170 pW=0.47 pD=0.05 pL=0.49 vAbs=0.191 gNorm=4.562 lr=0.01 ms=3413.9 buf=1000000 plies=257761481 games=3890440 epoch=0
[REPLAY] step=30200 loss=3.5469 pLoss=2.5469 vLoss=1.0000 pEnt=2.766 pIllM=0.0012 playedP=0.185 pW=0.40 pD=0.09 pL=0.52 vAbs=0.266 gNorm=2.406 lr=0.01 ms=3419.4 buf=1000000 plies=258188141 games=3896864 epoch=0
[REPLAY] step=30250 loss=4.0625 pLoss=2.6875 vLoss=1.3594 pEnt=2.531 pIllM=0.0022 playedP=0.204 pW=0.70 pD=0.06 pL=0.25 vAbs=0.512 gNorm=5.781 lr=0.01 ms=3393.0 buf=1000000 plies=258614773 games=3903359 epoch=0
[REPLAY] step=30300 loss=3.5312 pLoss=2.1719 vLoss=1.3594 pEnt=2.641 pIllM=0.0021 playedP=0.187 pW=0.30 pD=0.03 pL=0.66 vAbs=0.482 gNorm=4.562 lr=0.01 ms=3421.4 buf=1000000 plies=259041413 games=3909820 epoch=0
[REPLAY] step=30350 loss=3.8594 pLoss=2.7969 vLoss=1.0547 pEnt=2.375 pIllM=0.0012 playedP=0.181 pW=0.43 pD=0.06 pL=0.51 vAbs=0.293 gNorm=10.938 lr=0.01 ms=3420.0 buf=1000000 plies=259468100 games=3916216 epoch=0
[REPLAY] step=30400 loss=3.5938 pLoss=2.4688 vLoss=1.1250 pEnt=2.594 pIllM=0.0012 playedP=0.198 pW=0.38 pD=0.10 pL=0.52 vAbs=0.318 gNorm=3.641 lr=0.01 ms=3392.0 buf=1000000 plies=259894745 games=3922648 epoch=0
[REPLAY] step=30450 loss=3.9844 pLoss=2.8750 vLoss=1.1016 pEnt=2.609 pIllM=0.0015 playedP=0.167 pW=0.51 pD=0.05 pL=0.45 vAbs=0.239 gNorm=7.969 lr=0.01 ms=3392.7 buf=1000000 plies=260321360 games=3929041 epoch=0
[REPLAY] step=30500 loss=3.6875 pLoss=2.5156 vLoss=1.1641 pEnt=2.891 pIllM=0.0013 playedP=0.161 pW=0.31 pD=0.23 pL=0.46 vAbs=0.287 gNorm=3.469 lr=0.01 ms=3425.2 buf=1000000 plies=260748015 games=3935523 epoch=0
[REPLAY] step=30550 loss=3.7500 pLoss=2.7188 vLoss=1.0234 pEnt=2.594 pIllM=0.0016 playedP=0.187 pW=0.47 pD=0.04 pL=0.48 vAbs=0.233 gNorm=3.828 lr=0.01 ms=3408.0 buf=1000000 plies=261174703 games=3941970 epoch=0
[REPLAY] step=30600 loss=3.5781 pLoss=2.3281 vLoss=1.2422 pEnt=2.594 pIllM=0.0022 playedP=0.184 pW=0.31 pD=0.05 pL=0.64 vAbs=0.412 gNorm=5.344 lr=0.01 ms=3422.2 buf=1000000 plies=261601331 games=3948421 epoch=0
[REPLAY] step=30650 loss=3.6562 pLoss=2.5625 vLoss=1.0859 pEnt=2.609 pIllM=0.0014 playedP=0.182 pW=0.40 pD=0.04 pL=0.56 vAbs=0.312 gNorm=5.812 lr=0.01 ms=3431.3 buf=1000000 plies=262027976 games=3954884 epoch=0
[REPLAY] step=30700 loss=3.7969 pLoss=2.8281 vLoss=0.9688 pEnt=2.562 pIllM=0.0016 playedP=0.195 pW=0.43 pD=0.07 pL=0.50 vAbs=0.198 gNorm=5.812 lr=0.01 ms=3425.1 buf=1000000 plies=262454641 games=3961304 epoch=0
[REPLAY] step=30750 loss=3.7500 pLoss=2.7188 vLoss=1.0234 pEnt=2.625 pIllM=0.0018 playedP=0.194 pW=0.49 pD=0.05 pL=0.46 vAbs=0.268 gNorm=4.781 lr=0.01 ms=3431.6 buf=1000000 plies=262881310 games=3967785 epoch=0
[REPLAY] step=30800 loss=3.7031 pLoss=1.7734 vLoss=1.9219 pEnt=2.594 pIllM=0.0025 playedP=0.200 pW=0.11 pD=0.03 pL=0.86 vAbs=0.773 gNorm=8.562 lr=0.01 ms=3408.4 buf=1000000 plies=263307995 games=3974272 epoch=0
[REPLAY] step=30850 loss=3.6875 pLoss=2.6562 vLoss=1.0234 pEnt=2.672 pIllM=0.0018 playedP=0.194 pW=0.45 pD=0.08 pL=0.47 vAbs=0.227 gNorm=3.297 lr=0.01 ms=3429.8 buf=1000000 plies=263734624 games=3980752 epoch=0
[REPLAY] step=30900 loss=3.4531 pLoss=2.5469 vLoss=0.9102 pEnt=2.812 pIllM=0.0014 playedP=0.181 pW=0.40 pD=0.09 pL=0.51 vAbs=0.262 gNorm=2.219 lr=0.01 ms=3454.4 buf=1000000 plies=264161301 games=3987302 epoch=0
[REPLAY] step=30950 loss=3.8750 pLoss=2.7656 vLoss=1.1016 pEnt=2.469 pIllM=0.0019 playedP=0.223 pW=0.52 pD=0.10 pL=0.38 vAbs=0.258 gNorm=2.312 lr=0.01 ms=3414.5 buf=1000000 plies=264587934 games=3993701 epoch=0
[REPLAY] step=31000 loss=3.7812 pLoss=2.7812 vLoss=0.9961 pEnt=2.531 pIllM=0.0022 playedP=0.194 pW=0.48 pD=0.08 pL=0.45 vAbs=0.209 gNorm=4.531 lr=0.01 ms=3428.4 buf=1000000 plies=265014521 games=4000161 epoch=0
[REPLAY] saved trainer model (autosave) step=31000 nextGame=4000161 shard=8 epoch=0 -> v5-cont-replay-latest.safetensors
[REPLAY] enumerated checkpoint -> v5-cont-replay-step31000.safetensors
[REPLAY] step=31050 loss=3.7031 pLoss=2.6094 vLoss=1.0938 pEnt=2.719 pIllM=0.0019 playedP=0.193 pW=0.54 pD=0.08 pL=0.38 vAbs=0.311 gNorm=1.992 lr=0.01 ms=3406.0 buf=1000000 plies=265441211 games=4006629 epoch=0
[REPLAY] step=31100 loss=3.7656 pLoss=2.7031 vLoss=1.0625 pEnt=2.516 pIllM=0.0013 playedP=0.206 pW=0.52 pD=0.07 pL=0.42 vAbs=0.328 gNorm=5.344 lr=0.01 ms=3396.4 buf=1000000 plies=265867814 games=4013070 epoch=0
[REPLAY] step=31150 loss=3.7031 pLoss=2.7500 vLoss=0.9531 pEnt=2.453 pIllM=0.0020 playedP=0.218 pW=0.49 pD=0.07 pL=0.44 vAbs=0.273 gNorm=4.938 lr=0.01 ms=3450.8 buf=1000000 plies=266294455 games=4019522 epoch=0
[REPLAY] step=31200 loss=3.5625 pLoss=2.4219 vLoss=1.1406 pEnt=2.453 pIllM=0.0017 playedP=0.201 pW=0.34 pD=0.05 pL=0.62 vAbs=0.389 gNorm=6.812 lr=0.01 ms=3435.9 buf=1000000 plies=266721129 games=4026016 epoch=0
[REPLAY] step=31250 loss=3.9219 pLoss=2.8594 vLoss=1.0547 pEnt=2.672 pIllM=0.0013 playedP=0.176 pW=0.47 pD=0.14 pL=0.39 vAbs=0.238 gNorm=4.344 lr=0.01 ms=3435.1 buf=1000000 plies=267147773 games=4032515 epoch=0
[REPLAY] step=31300 loss=3.5156 pLoss=2.5469 vLoss=0.9609 pEnt=2.547 pIllM=0.0012 playedP=0.202 pW=0.37 pD=0.10 pL=0.53 vAbs=0.322 gNorm=4.438 lr=0.01 ms=3395.1 buf=1000000 plies=267574435 games=4038948 epoch=0
[REPLAY] step=31350 loss=4.1875 pLoss=2.7344 vLoss=1.4609 pEnt=2.703 pIllM=0.0014 playedP=0.175 pW=0.76 pD=0.04 pL=0.20 vAbs=0.605 gNorm=5.750 lr=0.01 ms=3394.6 buf=1000000 plies=268001056 games=4045421 epoch=0
[REPLAY] step=31400 loss=3.5312 pLoss=2.3750 vLoss=1.1484 pEnt=2.750 pIllM=0.0010 playedP=0.183 pW=0.34 pD=0.08 pL=0.58 vAbs=0.365 gNorm=2.703 lr=0.01 ms=3418.3 buf=1000000 plies=268427763 games=4051856 epoch=0
[REPLAY] step=31450 loss=3.5469 pLoss=2.3438 vLoss=1.1953 pEnt=2.547 pIllM=0.0012 playedP=0.200 pW=0.31 pD=0.04 pL=0.64 vAbs=0.373 gNorm=5.250 lr=0.01 ms=3421.5 buf=1000000 plies=268854370 games=4058366 epoch=0
[REPLAY] step=31500 loss=4.5312 pLoss=2.7656 vLoss=1.7578 pEnt=2.484 pIllM=0.0015 playedP=0.210 pW=0.84 pD=0.04 pL=0.12 vAbs=0.742 gNorm=7.156 lr=0.01 ms=3447.3 buf=1000000 plies=269281013 games=4064825 epoch=0
[REPLAY] step=31550 loss=3.7656 pLoss=2.7500 vLoss=1.0156 pEnt=2.719 pIllM=0.0016 playedP=0.165 pW=0.47 pD=0.09 pL=0.44 vAbs=0.283 gNorm=2.625 lr=0.01 ms=3396.5 buf=1000000 plies=269707680 games=4071290 epoch=0
[REPLAY] step=31600 loss=3.6250 pLoss=2.5625 vLoss=1.0625 pEnt=2.484 pIllM=0.0020 playedP=0.205 pW=0.38 pD=0.04 pL=0.58 vAbs=0.266 gNorm=4.062 lr=0.01 ms=3427.5 buf=1000000 plies=270134378 games=4077686 epoch=0
[REPLAY] step=31650 loss=3.6562 pLoss=2.6875 vLoss=0.9727 pEnt=2.531 pIllM=0.0024 playedP=0.198 pW=0.48 pD=0.03 pL=0.50 vAbs=0.283 gNorm=3.859 lr=0.01 ms=3420.7 buf=1000000 plies=270560975 games=4084139 epoch=0
[REPLAY] step=31700 loss=4.0625 pLoss=2.8281 vLoss=1.2344 pEnt=2.531 pIllM=0.0017 playedP=0.187 pW=0.63 pD=0.06 pL=0.31 vAbs=0.420 gNorm=5.969 lr=0.01 ms=3414.2 buf=1000000 plies=270987601 games=4090564 epoch=0
[REPLAY] step=31750 loss=3.7188 pLoss=2.6875 vLoss=1.0234 pEnt=2.484 pIllM=0.0016 playedP=0.212 pW=0.45 pD=0.08 pL=0.47 vAbs=0.239 gNorm=3.312 lr=0.01 ms=3415.2 buf=1000000 plies=271414256 games=4097039 epoch=0
[REPLAY] step=31800 loss=4.0000 pLoss=2.9688 vLoss=1.0234 pEnt=2.281 pIllM=0.0013 playedP=0.166 pW=0.43 pD=0.08 pL=0.49 vAbs=0.314 gNorm=13.500 lr=0.01 ms=3439.0 buf=1000000 plies=271840934 games=4103463 epoch=0
[REPLAY] step=31850 loss=3.7969 pLoss=2.7656 vLoss=1.0234 pEnt=2.609 pIllM=0.0011 playedP=0.201 pW=0.49 pD=0.10 pL=0.41 vAbs=0.260 gNorm=2.891 lr=0.01 ms=3424.4 buf=1000000 plies=272267555 games=4109882 epoch=0
[REPLAY] step=31900 loss=3.7031 pLoss=2.7031 vLoss=0.9961 pEnt=2.594 pIllM=0.0013 playedP=0.177 pW=0.44 pD=0.04 pL=0.52 vAbs=0.281 gNorm=6.344 lr=0.01 ms=3414.2 buf=1000000 plies=272694221 games=4116297 epoch=0
[REPLAY] step=31950 loss=3.6406 pLoss=2.6406 vLoss=0.9922 pEnt=2.578 pIllM=0.0012 playedP=0.193 pW=0.45 pD=0.03 pL=0.52 vAbs=0.256 gNorm=3.359 lr=0.01 ms=3402.3 buf=1000000 plies=273120894 games=4122791 epoch=0
[REPLAY] step=32000 loss=3.7656 pLoss=2.7812 vLoss=0.9805 pEnt=2.516 pIllM=0.0018 playedP=0.202 pW=0.52 pD=0.04 pL=0.45 vAbs=0.222 gNorm=2.625 lr=0.01 ms=3398.6 buf=1000000 plies=273547534 games=4129239 epoch=0
[REPLAY] saved trainer model (autosave) step=32000 nextGame=4129239 shard=9 epoch=0 -> v5-cont-replay-latest.safetensors
[REPLAY] enumerated checkpoint -> v5-cont-replay-step32000.safetensors
[REPLAY] step=32050 loss=4.4062 pLoss=2.9531 vLoss=1.4609 pEnt=2.406 pIllM=0.0025 playedP=0.191 pW=0.73 pD=0.06 pL=0.21 vAbs=0.602 gNorm=7.719 lr=0.01 ms=3417.7 buf=1000000 plies=273974253 games=4135692 epoch=0
[REPLAY] step=32100 loss=3.7812 pLoss=2.6719 vLoss=1.1016 pEnt=2.422 pIllM=0.0022 playedP=0.231 pW=0.50 pD=0.07 pL=0.43 vAbs=0.332 gNorm=4.469 lr=0.01 ms=3405.6 buf=1000000 plies=274400845 games=4142134 epoch=0
[REPLAY] step=32150 loss=4.1875 pLoss=2.9844 vLoss=1.2109 pEnt=2.438 pIllM=0.0014 playedP=0.195 pW=0.68 pD=0.12 pL=0.20 vAbs=0.531 gNorm=9.188 lr=0.01 ms=3421.3 buf=1000000 plies=274827459 games=4148597 epoch=0
[REPLAY] step=32200 loss=4.0000 pLoss=2.7969 vLoss=1.1953 pEnt=2.703 pIllM=0.0013 playedP=0.182 pW=0.63 pD=0.06 pL=0.32 vAbs=0.375 gNorm=4.156 lr=0.01 ms=3397.7 buf=1000000 plies=275254112 games=4155080 epoch=0
[REPLAY] step=32250 loss=3.9219 pLoss=2.9531 vLoss=0.9648 pEnt=2.516 pIllM=0.0014 playedP=0.178 pW=0.47 pD=0.07 pL=0.46 vAbs=0.235 gNorm=8.438 lr=0.01 ms=3419.0 buf=1000000 plies=275680823 games=4161566 epoch=0
[REPLAY] step=32300 loss=3.8281 pLoss=2.7500 vLoss=1.0703 pEnt=2.453 pIllM=0.0015 playedP=0.215 pW=0.51 pD=0.05 pL=0.44 vAbs=0.275 gNorm=3.172 lr=0.01 ms=3425.5 buf=1000000 plies=276107481 games=4167984 epoch=0
[REPLAY] step=32350 loss=3.9375 pLoss=2.8594 vLoss=1.0781 pEnt=2.625 pIllM=0.0015 playedP=0.197 pW=0.45 pD=0.21 pL=0.35 vAbs=0.217 gNorm=5.969 lr=0.01 ms=3424.4 buf=1000000 plies=276534073 games=4174410 epoch=0
[REPLAY] step=32400 loss=3.8750 pLoss=2.7500 vLoss=1.1172 pEnt=2.391 pIllM=0.0014 playedP=0.171 pW=0.43 pD=0.02 pL=0.55 vAbs=0.352 gNorm=11.438 lr=0.01 ms=3391.5 buf=1000000 plies=276960734 games=4180882 epoch=0
[REPLAY] step=32450 loss=3.5625 pLoss=2.4844 vLoss=1.0781 pEnt=2.500 pIllM=0.0017 playedP=0.214 pW=0.40 pD=0.07 pL=0.53 vAbs=0.309 gNorm=2.328 lr=0.01 ms=3433.4 buf=1000000 plies=277387372 games=4187340 epoch=0
[REPLAY] step=32500 loss=3.7969 pLoss=2.6875 vLoss=1.1094 pEnt=2.484 pIllM=0.0016 playedP=0.216 pW=0.54 pD=0.06 pL=0.40 vAbs=0.309 gNorm=1.945 lr=0.01 ms=3412.8 buf=1000000 plies=277814001 games=4193718 epoch=0
[REPLAY] step=32550 loss=3.5781 pLoss=2.5938 vLoss=0.9844 pEnt=2.578 pIllM=0.0021 playedP=0.198 pW=0.46 pD=0.04 pL=0.51 vAbs=0.283 gNorm=3.453 lr=0.01 ms=3434.8 buf=1000000 plies=278240651 games=4200087 epoch=0
[REPLAY] step=32600 loss=4.0625 pLoss=2.7812 vLoss=1.2734 pEnt=2.531 pIllM=0.0021 playedP=0.193 pW=0.65 pD=0.06 pL=0.30 vAbs=0.463 gNorm=4.781 lr=0.01 ms=3421.4 buf=1000000 plies=278667322 games=4206557 epoch=0
[REPLAY] step=32650 loss=3.6250 pLoss=2.5000 vLoss=1.1172 pEnt=2.703 pIllM=0.0014 playedP=0.167 pW=0.36 pD=0.10 pL=0.54 vAbs=0.367 gNorm=4.344 lr=0.01 ms=3391.1 buf=1000000 plies=279093963 games=4212954 epoch=0
[REPLAY] step=32700 loss=4.0312 pLoss=2.8750 vLoss=1.1562 pEnt=2.453 pIllM=0.0024 playedP=0.198 pW=0.61 pD=0.05 pL=0.34 vAbs=0.441 gNorm=6.500 lr=0.01 ms=3398.6 buf=1000000 plies=279520644 games=4219386 epoch=0
[REPLAY] step=32750 loss=3.5625 pLoss=2.5156 vLoss=1.0469 pEnt=2.672 pIllM=0.0017 playedP=0.198 pW=0.43 pD=0.05 pL=0.52 vAbs=0.277 gNorm=3.609 lr=0.01 ms=3417.7 buf=1000000 plies=279947268 games=4225810 epoch=0
[REPLAY] step=32800 loss=3.6406 pLoss=2.5156 vLoss=1.1172 pEnt=2.531 pIllM=0.0018 playedP=0.202 pW=0.41 pD=0.03 pL=0.56 vAbs=0.303 gNorm=3.594 lr=0.01 ms=3408.9 buf=1000000 plies=280373929 games=4232291 epoch=0
[REPLAY] step=32850 loss=3.6875 pLoss=2.7031 vLoss=0.9883 pEnt=2.688 pIllM=0.0019 playedP=0.180 pW=0.43 pD=0.09 pL=0.48 vAbs=0.226 gNorm=3.391 lr=0.01 ms=3419.0 buf=1000000 plies=280800578 games=4238752 epoch=0
[REPLAY] step=32900 loss=3.5469 pLoss=2.5781 vLoss=0.9648 pEnt=2.734 pIllM=0.0016 playedP=0.188 pW=0.50 pD=0.03 pL=0.46 vAbs=0.275 gNorm=2.109 lr=0.01 ms=3420.3 buf=1000000 plies=281227267 games=4245224 epoch=0
[REPLAY] step=32950 loss=3.6719 pLoss=2.6875 vLoss=0.9766 pEnt=2.703 pIllM=0.0014 playedP=0.178 pW=0.46 pD=0.08 pL=0.46 vAbs=0.258 gNorm=2.609 lr=0.01 ms=3407.7 buf=1000000 plies=281653857 games=4251688 epoch=0
[REPLAY] step=33000 loss=3.5781 pLoss=2.5156 vLoss=1.0547 pEnt=2.500 pIllM=0.0020 playedP=0.219 pW=0.39 pD=0.09 pL=0.53 vAbs=0.291 gNorm=2.031 lr=0.01 ms=3420.0 buf=1000000 plies=282080548 games=4258079 epoch=0
[REPLAY] saved trainer model (autosave) step=33000 nextGame=4258079 shard=9 epoch=0 -> v5-cont-replay-latest.safetensors
[REPLAY] enumerated checkpoint -> v5-cont-replay-step33000.safetensors
[REPLAY] step=33050 loss=3.8125 pLoss=2.7656 vLoss=1.0469 pEnt=2.641 pIllM=0.0014 playedP=0.164 pW=0.52 pD=0.01 pL=0.47 vAbs=0.268 gNorm=5.750 lr=0.01 ms=3418.5 buf=1000000 plies=282507249 games=4264540 epoch=0
[REPLAY] step=33100 loss=3.9062 pLoss=2.6250 vLoss=1.2734 pEnt=2.719 pIllM=0.0011 playedP=0.188 pW=0.65 pD=0.03 pL=0.31 vAbs=0.482 gNorm=3.781 lr=0.01 ms=3400.1 buf=1000000 plies=282933810 games=4271053 epoch=0
[REPLAY] step=33150 loss=3.8281 pLoss=2.7969 vLoss=1.0312 pEnt=2.578 pIllM=0.0020 playedP=0.177 pW=0.55 pD=0.06 pL=0.40 vAbs=0.311 gNorm=4.062 lr=0.01 ms=3418.7 buf=1000000 plies=283360450 games=4277514 epoch=0
[REPLAY] step=33200 loss=3.8125 pLoss=2.7500 vLoss=1.0547 pEnt=2.500 pIllM=0.0019 playedP=0.180 pW=0.39 pD=0.13 pL=0.48 vAbs=0.301 gNorm=6.062 lr=0.01 ms=3421.2 buf=1000000 plies=283787129 games=4283975 epoch=0
[REPLAY] step=33250 loss=3.7969 pLoss=2.7344 vLoss=1.0547 pEnt=2.453 pIllM=0.0014 playedP=0.216 pW=0.46 pD=0.08 pL=0.46 vAbs=0.249 gNorm=3.875 lr=0.01 ms=3423.9 buf=1000000 plies=284213772 games=4290456 epoch=0
[REPLAY] step=33300 loss=3.6875 pLoss=2.6875 vLoss=1.0000 pEnt=2.484 pIllM=0.0024 playedP=0.212 pW=0.41 pD=0.08 pL=0.51 vAbs=0.266 gNorm=5.531 lr=0.01 ms=3420.3 buf=1000000 plies=284640447 games=4296891 epoch=0
[REPLAY] step=33350 loss=3.4844 pLoss=2.4375 vLoss=1.0469 pEnt=2.703 pIllM=0.0021 playedP=0.192 pW=0.42 pD=0.05 pL=0.54 vAbs=0.320 gNorm=1.758 lr=0.01 ms=3417.9 buf=1000000 plies=285067124 games=4303269 epoch=0
[REPLAY] step=33400 loss=3.8281 pLoss=2.7812 vLoss=1.0469 pEnt=2.594 pIllM=0.0022 playedP=0.159 pW=0.33 pD=0.12 pL=0.55 vAbs=0.342 gNorm=5.844 lr=0.01 ms=3415.4 buf=1000000 plies=285493734 games=4309696 epoch=0
[REPLAY] step=33450 loss=3.8906 pLoss=2.7812 vLoss=1.1016 pEnt=2.547 pIllM=0.0016 playedP=0.206 pW=0.58 pD=0.06 pL=0.36 vAbs=0.291 gNorm=3.766 lr=0.01 ms=3437.0 buf=1000000 plies=285920350 games=4316123 epoch=0
[REPLAY] step=33500 loss=3.5469 pLoss=2.2969 vLoss=1.2500 pEnt=2.641 pIllM=0.0020 playedP=0.177 pW=0.31 pD=0.06 pL=0.63 vAbs=0.398 gNorm=5.969 lr=0.01 ms=3395.4 buf=1000000 plies=286347064 games=4322581 epoch=0
[REPLAY] step=33550 loss=3.8438 pLoss=2.7812 vLoss=1.0625 pEnt=2.562 pIllM=0.0016 playedP=0.197 pW=0.53 pD=0.10 pL=0.37 vAbs=0.293 gNorm=4.469 lr=0.01 ms=3420.4 buf=1000000 plies=286773722 games=4329052 epoch=0
[REPLAY] step=33600 loss=4.0312 pLoss=2.8906 vLoss=1.1484 pEnt=2.625 pIllM=0.0013 playedP=0.160 pW=0.64 pD=0.03 pL=0.32 vAbs=0.354 gNorm=7.312 lr=0.01 ms=3435.7 buf=1000000 plies=287200309 games=4335526 epoch=0
[REPLAY] step=33650 loss=3.4062 pLoss=2.1719 vLoss=1.2266 pEnt=2.625 pIllM=0.0022 playedP=0.192 pW=0.30 pD=0.07 pL=0.63 vAbs=0.438 gNorm=3.953 lr=0.01 ms=3413.9 buf=1000000 plies=287626977 games=4342003 epoch=0
[REPLAY] step=33700 loss=3.9219 pLoss=2.7812 vLoss=1.1406 pEnt=2.656 pIllM=0.0013 playedP=0.185 pW=0.58 pD=0.06 pL=0.36 vAbs=0.340 gNorm=5.000 lr=0.01 ms=3436.9 buf=1000000 plies=288053604 games=4348443 epoch=0
[REPLAY] step=33750 loss=3.8594 pLoss=2.7031 vLoss=1.1484 pEnt=2.750 pIllM=0.0016 playedP=0.161 pW=0.57 pD=0.09 pL=0.34 vAbs=0.342 gNorm=5.156 lr=0.01 ms=3493.7 buf=1000000 plies=288480312 games=4354953 epoch=0
[REPLAY] step=33800 loss=3.7500 pLoss=2.7188 vLoss=1.0234 pEnt=2.516 pIllM=0.0013 playedP=0.205 pW=0.45 pD=0.04 pL=0.51 vAbs=0.249 gNorm=3.766 lr=0.01 ms=3417.2 buf=1000000 plies=288906945 games=4361470 epoch=0
[REPLAY] step=33850 loss=3.5625 pLoss=2.4219 vLoss=1.1406 pEnt=2.656 pIllM=0.0023 playedP=0.188 pW=0.39 pD=0.08 pL=0.54 vAbs=0.346 gNorm=2.797 lr=0.01 ms=3398.9 buf=1000000 plies=289333600 games=4367957 epoch=0
[REPLAY] step=33900 loss=3.7812 pLoss=2.4688 vLoss=1.3047 pEnt=2.406 pIllM=0.0022 playedP=0.203 pW=0.26 pD=0.15 pL=0.60 vAbs=0.375 gNorm=7.188 lr=0.01 ms=3400.0 buf=1000000 plies=289760257 games=4374419 epoch=0
[REPLAY] step=33950 loss=3.7969 pLoss=2.7656 vLoss=1.0234 pEnt=2.562 pIllM=0.0016 playedP=0.199 pW=0.43 pD=0.12 pL=0.45 vAbs=0.221 gNorm=2.750 lr=0.01 ms=3423.6 buf=1000000 plies=290186864 games=4380928 epoch=0
[REPLAY] step=34000 loss=4.0312 pLoss=2.8594 vLoss=1.1719 pEnt=2.516 pIllM=0.0017 playedP=0.188 pW=0.66 pD=0.13 pL=0.21 vAbs=0.512 gNorm=7.656 lr=0.01 ms=3426.3 buf=1000000 plies=290613499 games=4387377 epoch=0
[REPLAY] saved trainer model (autosave) step=34000 nextGame=4387377 shard=9 epoch=0 -> v5-cont-replay-latest.safetensors
[REPLAY] enumerated checkpoint -> v5-cont-replay-step34000.safetensors
[REPLAY] step=34050 loss=3.6094 pLoss=2.6406 vLoss=0.9688 pEnt=2.656 pIllM=0.0022 playedP=0.193 pW=0.46 pD=0.08 pL=0.46 vAbs=0.223 gNorm=2.047 lr=0.01 ms=3421.9 buf=1000000 plies=291040196 games=4393836 epoch=0
[REPLAY] step=34100 loss=3.8750 pLoss=2.7656 vLoss=1.1094 pEnt=2.359 pIllM=0.0019 playedP=0.239 pW=0.56 pD=0.08 pL=0.37 vAbs=0.322 gNorm=3.812 lr=0.01 ms=3419.6 buf=1000000 plies=291466810 games=4400299 epoch=0
[REPLAY] step=34150 loss=3.7031 pLoss=2.7344 vLoss=0.9609 pEnt=2.656 pIllM=0.0011 playedP=0.183 pW=0.46 pD=0.10 pL=0.44 vAbs=0.208 gNorm=4.156 lr=0.01 ms=3411.8 buf=1000000 plies=291893456 games=4406734 epoch=0
[REPLAY] step=34200 loss=3.6406 pLoss=2.5000 vLoss=1.1328 pEnt=2.453 pIllM=0.0015 playedP=0.217 pW=0.40 pD=0.09 pL=0.51 vAbs=0.311 gNorm=2.875 lr=0.01 ms=3415.9 buf=1000000 plies=292320124 games=4413193 epoch=0
[REPLAY] step=34250 loss=3.8125 pLoss=2.7969 vLoss=1.0156 pEnt=2.656 pIllM=0.0015 playedP=0.177 pW=0.52 pD=0.01 pL=0.47 vAbs=0.244 gNorm=4.344 lr=0.01 ms=3419.0 buf=1000000 plies=292746803 games=4419642 epoch=0
[REPLAY] step=34300 loss=3.6094 pLoss=2.6406 vLoss=0.9648 pEnt=2.781 pIllM=0.0020 playedP=0.168 pW=0.51 pD=0.02 pL=0.47 vAbs=0.270 gNorm=2.219 lr=0.01 ms=3413.7 buf=1000000 plies=293173423 games=4426161 epoch=0
[REPLAY] step=34350 loss=4.1250 pLoss=2.8906 vLoss=1.2188 pEnt=2.469 pIllM=0.0013 playedP=0.186 pW=0.65 pD=0.09 pL=0.26 vAbs=0.426 gNorm=9.938 lr=0.01 ms=3396.6 buf=1000000 plies=293600091 games=4432685 epoch=0
[REPLAY] step=34400 loss=3.8594 pLoss=2.7031 vLoss=1.1562 pEnt=2.500 pIllM=0.0020 playedP=0.226 pW=0.49 pD=0.11 pL=0.40 vAbs=0.293 gNorm=4.688 lr=0.01 ms=3421.7 buf=1000000 plies=294026740 games=4439116 epoch=0
[REPLAY] step=34450 loss=3.7969 pLoss=2.6875 vLoss=1.1016 pEnt=2.641 pIllM=0.0020 playedP=0.168 pW=0.42 pD=0.09 pL=0.49 vAbs=0.285 gNorm=4.812 lr=0.01 ms=3394.1 buf=1000000 plies=294453405 games=4445537 epoch=0
[REPLAY] step=34500 loss=3.8125 pLoss=2.7656 vLoss=1.0469 pEnt=2.844 pIllM=0.0014 playedP=0.163 pW=0.52 pD=0.10 pL=0.38 vAbs=0.241 gNorm=2.578 lr=0.01 ms=3394.4 buf=1000000 plies=294880021 games=4452078 epoch=0
[REPLAY] step=34550 loss=3.6094 pLoss=2.4688 vLoss=1.1328 pEnt=2.672 pIllM=0.0019 playedP=0.200 pW=0.45 pD=0.04 pL=0.52 vAbs=0.285 gNorm=1.992 lr=0.01 ms=3411.0 buf=1000000 plies=295306651 games=4458535 epoch=0
[REPLAY] step=34600 loss=3.7031 pLoss=2.5938 vLoss=1.1016 pEnt=2.547 pIllM=0.0017 playedP=0.198 pW=0.43 pD=0.07 pL=0.50 vAbs=0.281 gNorm=3.891 lr=0.01 ms=3443.3 buf=1000000 plies=295733350 games=4464915 epoch=0
[REPLAY] step=34650 loss=3.8125 pLoss=2.7656 vLoss=1.0391 pEnt=2.719 pIllM=0.0011 playedP=0.173 pW=0.56 pD=0.05 pL=0.40 vAbs=0.311 gNorm=3.672 lr=0.01 ms=3430.6 buf=1000000 plies=296159951 games=4471294 epoch=0
[REPLAY] step=34700 loss=3.7812 pLoss=2.7500 vLoss=1.0312 pEnt=2.484 pIllM=0.0014 playedP=0.209 pW=0.52 pD=0.02 pL=0.46 vAbs=0.264 gNorm=5.219 lr=0.01 ms=3446.2 buf=1000000 plies=296586609 games=4477752 epoch=0
[REPLAY] step=34750 loss=3.7500 pLoss=2.7188 vLoss=1.0234 pEnt=2.531 pIllM=0.0019 playedP=0.195 pW=0.52 pD=0.04 pL=0.45 vAbs=0.293 gNorm=3.672 lr=0.01 ms=3407.1 buf=1000000 plies=297013251 games=4484238 epoch=0
[REPLAY] step=34800 loss=3.6094 pLoss=2.5938 vLoss=1.0078 pEnt=2.688 pIllM=0.0025 playedP=0.193 pW=0.46 pD=0.10 pL=0.44 vAbs=0.275 gNorm=1.797 lr=0.01 ms=3425.3 buf=1000000 plies=297439952 games=4490791 epoch=0
[REPLAY] step=34850 loss=3.7812 pLoss=2.7656 vLoss=1.0156 pEnt=2.453 pIllM=0.0012 playedP=0.224 pW=0.52 pD=0.05 pL=0.43 vAbs=0.266 gNorm=2.438 lr=0.01 ms=3406.4 buf=1000000 plies=297866593 games=4497237 epoch=0
[REPLAY] step=34900 loss=3.6719 pLoss=2.6094 vLoss=1.0625 pEnt=2.516 pIllM=0.0016 playedP=0.202 pW=0.45 pD=0.05 pL=0.50 vAbs=0.260 gNorm=4.031 lr=0.01 ms=3423.3 buf=1000000 plies=298293209 games=4503732 epoch=0
[REPLAY] step=34950 loss=3.6562 pLoss=2.6562 vLoss=0.9961 pEnt=2.766 pIllM=0.0010 playedP=0.176 pW=0.50 pD=0.05 pL=0.45 vAbs=0.256 gNorm=2.016 lr=0.01 ms=3404.8 buf=1000000 plies=298719918 games=4510206 epoch=0
[REPLAY] step=35000 loss=3.6250 pLoss=2.5938 vLoss=1.0234 pEnt=2.578 pIllM=0.0014 playedP=0.196 pW=0.42 pD=0.03 pL=0.55 vAbs=0.264 gNorm=2.703 lr=0.01 ms=3417.3 buf=1000000 plies=299146501 games=4516616 epoch=0
[REPLAY] saved trainer model (autosave) step=35000 nextGame=4516616 shard=9 epoch=0 -> v5-cont-replay-latest.safetensors
[REPLAY] enumerated checkpoint -> v5-cont-replay-step35000.safetensors
[REPLAY] step=35050 loss=3.6094 pLoss=2.6094 vLoss=0.9922 pEnt=2.641 pIllM=0.0013 playedP=0.192 pW=0.48 pD=0.05 pL=0.48 vAbs=0.260 gNorm=3.172 lr=0.01 ms=3391.0 buf=1000000 plies=299573225 games=4523083 epoch=0
[REPLAY] step=35100 loss=3.9219 pLoss=2.7812 vLoss=1.1328 pEnt=2.469 pIllM=0.0014 playedP=0.215 pW=0.58 pD=0.04 pL=0.38 vAbs=0.350 gNorm=3.422 lr=0.01 ms=3411.6 buf=1000000 plies=299999853 games=4529534 epoch=0
[REPLAY] step=35150 loss=3.5781 pLoss=2.4062 vLoss=1.1719 pEnt=2.500 pIllM=0.0016 playedP=0.201 pW=0.37 pD=0.08 pL=0.55 vAbs=0.396 gNorm=5.469 lr=0.01 ms=3406.4 buf=1000000 plies=300426467 games=4535920 epoch=0
[REPLAY] step=35200 loss=3.8125 pLoss=2.7188 vLoss=1.0938 pEnt=2.594 pIllM=0.0017 playedP=0.173 pW=0.54 pD=0.06 pL=0.40 vAbs=0.336 gNorm=4.469 lr=0.01 ms=3391.5 buf=1000000 plies=300853139 games=4542370 epoch=0
[REPLAY] step=35250 loss=3.7656 pLoss=2.7031 vLoss=1.0625 pEnt=2.547 pIllM=0.0019 playedP=0.176 pW=0.41 pD=0.06 pL=0.54 vAbs=0.289 gNorm=4.938 lr=0.01 ms=3428.8 buf=1000000 plies=301279860 games=4548837 epoch=0
[REPLAY] step=35300 loss=3.7812 pLoss=2.7500 vLoss=1.0234 pEnt=2.578 pIllM=0.0012 playedP=0.197 pW=0.52 pD=0.04 pL=0.45 vAbs=0.271 gNorm=3.109 lr=0.01 ms=3415.0 buf=1000000 plies=301706492 games=4555285 epoch=0
[REPLAY] step=35350 loss=3.7500 pLoss=2.6094 vLoss=1.1328 pEnt=2.609 pIllM=0.0016 playedP=0.206 pW=0.51 pD=0.11 pL=0.38 vAbs=0.361 gNorm=2.406 lr=0.01 ms=3388.4 buf=1000000 plies=302133074 games=4561728 epoch=0
[REPLAY] step=35400 loss=3.9531 pLoss=2.5781 vLoss=1.3672 pEnt=2.766 pIllM=0.0012 playedP=0.188 pW=0.70 pD=0.04 pL=0.26 vAbs=0.527 gNorm=4.000 lr=0.01 ms=3405.9 buf=1000000 plies=302559726 games=4568116 epoch=0
[REPLAY] step=35450 loss=3.6719 pLoss=2.6875 vLoss=0.9766 pEnt=2.594 pIllM=0.0019 playedP=0.179 pW=0.44 pD=0.05 pL=0.50 vAbs=0.244 gNorm=4.781 lr=0.01 ms=3425.7 buf=1000000 plies=302986361 games=4574554 epoch=0
[REPLAY] step=35500 loss=3.8594 pLoss=2.9375 vLoss=0.9258 pEnt=2.594 pIllM=0.0014 playedP=0.158 pW=0.49 pD=0.07 pL=0.45 vAbs=0.207 gNorm=9.188 lr=0.01 ms=3409.4 buf=1000000 plies=303413029 games=4581056 epoch=0
[REPLAY] step=35550 loss=3.5938 pLoss=2.5625 vLoss=1.0312 pEnt=2.656 pIllM=0.0013 playedP=0.190 pW=0.44 pD=0.05 pL=0.51 vAbs=0.303 gNorm=3.500 lr=0.01 ms=3393.3 buf=1000000 plies=303839707 games=4587463 epoch=0
[REPLAY] step=35600 loss=3.5625 pLoss=2.5156 vLoss=1.0391 pEnt=2.531 pIllM=0.0017 playedP=0.198 pW=0.41 pD=0.04 pL=0.55 vAbs=0.320 gNorm=5.969 lr=0.01 ms=3393.4 buf=1000000 plies=304266325 games=4593829 epoch=0
[REPLAY] step=35650 loss=3.8281 pLoss=2.8125 vLoss=1.0078 pEnt=2.484 pIllM=0.0022 playedP=0.210 pW=0.45 pD=0.10 pL=0.45 vAbs=0.195 gNorm=4.219 lr=0.01 ms=3411.7 buf=1000000 plies=304692972 games=4600222 epoch=0
[REPLAY] step=35700 loss=3.6562 pLoss=2.5938 vLoss=1.0625 pEnt=2.812 pIllM=0.0016 playedP=0.175 pW=0.43 pD=0.06 pL=0.51 vAbs=0.197 gNorm=2.266 lr=0.01 ms=3420.4 buf=1000000 plies=305119637 games=4606670 epoch=0
[REPLAY] step=35750 loss=3.7031 pLoss=2.6250 vLoss=1.0781 pEnt=2.469 pIllM=0.0016 playedP=0.215 pW=0.44 pD=0.07 pL=0.49 vAbs=0.270 gNorm=2.859 lr=0.01 ms=3423.8 buf=1000000 plies=305546360 games=4613046 epoch=0
[REPLAY] step=35800 loss=3.6250 pLoss=2.5781 vLoss=1.0391 pEnt=2.766 pIllM=0.0013 playedP=0.174 pW=0.42 pD=0.07 pL=0.51 vAbs=0.285 gNorm=2.281 lr=0.01 ms=3405.6 buf=1000000 plies=305972924 games=4619510 epoch=0
[REPLAY] step=35850 loss=3.8750 pLoss=2.8438 vLoss=1.0234 pEnt=2.594 pIllM=0.0015 playedP=0.188 pW=0.53 pD=0.02 pL=0.45 vAbs=0.200 gNorm=3.562 lr=0.01 ms=3434.8 buf=1000000 plies=306399593 games=4626009 epoch=0
[REPLAY] step=35900 loss=3.6250 pLoss=2.5781 vLoss=1.0391 pEnt=2.578 pIllM=0.0016 playedP=0.185 pW=0.44 pD=0.04 pL=0.53 vAbs=0.279 gNorm=4.969 lr=0.01 ms=3441.7 buf=1000000 plies=306826221 games=4632443 epoch=0
[REPLAY] step=35950 loss=3.8594 pLoss=2.8906 vLoss=0.9609 pEnt=2.469 pIllM=0.0012 playedP=0.179 pW=0.46 pD=0.05 pL=0.49 vAbs=0.256 gNorm=9.688 lr=0.01 ms=3413.8 buf=1000000 plies=307252914 games=4638881 epoch=0
[REPLAY] step=36000 loss=3.6406 pLoss=2.6562 vLoss=0.9844 pEnt=2.562 pIllM=0.0020 playedP=0.201 pW=0.44 pD=0.07 pL=0.49 vAbs=0.219 gNorm=3.047 lr=0.01 ms=3418.4 buf=1000000 plies=307679576 games=4645374 epoch=0
[REPLAY] saved trainer model (autosave) step=36000 nextGame=4645374 shard=10 epoch=0 -> v5-cont-replay-latest.safetensors
[REPLAY] enumerated checkpoint -> v5-cont-replay-step36000.safetensors
[REPLAY] step=36050 loss=3.9062 pLoss=2.6719 vLoss=1.2266 pEnt=2.734 pIllM=0.0010 playedP=0.174 pW=0.60 pD=0.06 pL=0.35 vAbs=0.424 gNorm=2.906 lr=0.01 ms=3393.3 buf=1000000 plies=308106163 games=4651804 epoch=0
[REPLAY] step=36100 loss=3.6562 pLoss=2.5469 vLoss=1.1016 pEnt=2.578 pIllM=0.0021 playedP=0.205 pW=0.44 pD=0.08 pL=0.48 vAbs=0.277 gNorm=2.328 lr=0.01 ms=3412.0 buf=1000000 plies=308532845 games=4658277 epoch=0
[REPLAY] step=36150 loss=3.9219 pLoss=2.7344 vLoss=1.1797 pEnt=2.547 pIllM=0.0022 playedP=0.192 pW=0.53 pD=0.13 pL=0.35 vAbs=0.373 gNorm=4.750 lr=0.01 ms=3393.2 buf=1000000 plies=308959470 games=4664729 epoch=0
[REPLAY] step=36200 loss=3.6719 pLoss=2.5156 vLoss=1.1562 pEnt=2.875 pIllM=0.0010 playedP=0.158 pW=0.40 pD=0.06 pL=0.55 vAbs=0.287 gNorm=2.203 lr=0.01 ms=3414.4 buf=1000000 plies=309386154 games=4671232 epoch=0
[REPLAY] step=36250 loss=3.9844 pLoss=2.9219 vLoss=1.0547 pEnt=2.391 pIllM=0.0012 playedP=0.171 pW=0.48 pD=0.07 pL=0.46 vAbs=0.291 gNorm=11.625 lr=0.01 ms=3410.7 buf=1000000 plies=309812885 games=4677740 epoch=0
[REPLAY] step=36300 loss=3.9062 pLoss=2.7500 vLoss=1.1562 pEnt=2.516 pIllM=0.0015 playedP=0.200 pW=0.50 pD=0.13 pL=0.37 vAbs=0.324 gNorm=3.531 lr=0.01 ms=3420.6 buf=1000000 plies=310239410 games=4684186 epoch=0
[REPLAY] step=36350 loss=3.6094 pLoss=2.5781 vLoss=1.0234 pEnt=2.719 pIllM=0.0012 playedP=0.192 pW=0.45 pD=0.05 pL=0.51 vAbs=0.242 gNorm=1.789 lr=0.01 ms=3410.9 buf=1000000 plies=310666119 games=4690628 epoch=0
[REPLAY] step=36400 loss=3.6875 pLoss=2.2812 vLoss=1.3984 pEnt=2.750 pIllM=0.0014 playedP=0.161 pW=0.29 pD=0.09 pL=0.62 vAbs=0.455 gNorm=4.500 lr=0.01 ms=3390.1 buf=1000000 plies=311092787 games=4697085 epoch=0
[REPLAY] step=36450 loss=3.9844 pLoss=2.7344 vLoss=1.2500 pEnt=2.516 pIllM=0.0013 playedP=0.205 pW=0.59 pD=0.11 pL=0.30 vAbs=0.449 gNorm=3.672 lr=0.01 ms=3420.4 buf=1000000 plies=311519355 games=4703554 epoch=0
[REPLAY] step=36500 loss=4.0312 pLoss=2.7656 vLoss=1.2578 pEnt=2.547 pIllM=0.0024 playedP=0.203 pW=0.68 pD=0.03 pL=0.29 vAbs=0.428 gNorm=5.156 lr=0.01 ms=3406.4 buf=1000000 plies=311946029 games=4709962 epoch=0
[REPLAY] step=36550 loss=3.7500 pLoss=2.7031 vLoss=1.0391 pEnt=2.594 pIllM=0.0015 playedP=0.183 pW=0.48 pD=0.06 pL=0.46 vAbs=0.270 gNorm=3.031 lr=0.01 ms=3418.9 buf=1000000 plies=312372659 games=4716354 epoch=0
[REPLAY] step=36600 loss=3.7031 pLoss=2.7656 vLoss=0.9336 pEnt=2.562 pIllM=0.0016 playedP=0.197 pW=0.49 pD=0.07 pL=0.44 vAbs=0.277 gNorm=2.578 lr=0.01 ms=3394.1 buf=1000000 plies=312799329 games=4722747 epoch=0
[REPLAY] step=36650 loss=3.6250 pLoss=2.6719 vLoss=0.9531 pEnt=2.562 pIllM=0.0018 playedP=0.181 pW=0.41 pD=0.06 pL=0.53 vAbs=0.293 gNorm=6.312 lr=0.01 ms=3392.8 buf=1000000 plies=313225981 games=4729152 epoch=0
[REPLAY] step=36700 loss=3.6094 pLoss=2.5781 vLoss=1.0312 pEnt=2.641 pIllM=0.0019 playedP=0.190 pW=0.45 pD=0.08 pL=0.48 vAbs=0.262 gNorm=2.422 lr=0.01 ms=3428.3 buf=1000000 plies=313652650 games=4735621 epoch=0
[REPLAY] step=36750 loss=3.6094 pLoss=2.4375 vLoss=1.1641 pEnt=2.438 pIllM=0.0014 playedP=0.222 pW=0.39 pD=0.03 pL=0.58 vAbs=0.338 gNorm=4.188 lr=0.01 ms=3403.6 buf=1000000 plies=314079301 games=4742059 epoch=0
[REPLAY] step=36800 loss=3.6250 pLoss=2.6250 vLoss=1.0000 pEnt=2.453 pIllM=0.0018 playedP=0.225 pW=0.51 pD=0.05 pL=0.44 vAbs=0.311 gNorm=2.719 lr=0.01 ms=3430.6 buf=1000000 plies=314505932 games=4748516 epoch=0
[REPLAY] step=36850 loss=3.4844 pLoss=2.3281 vLoss=1.1562 pEnt=2.641 pIllM=0.0016 playedP=0.197 pW=0.31 pD=0.12 pL=0.57 vAbs=0.383 gNorm=4.000 lr=0.01 ms=3420.5 buf=1000000 plies=314932552 games=4754949 epoch=0
[REPLAY] step=36900 loss=3.6250 pLoss=2.6562 vLoss=0.9648 pEnt=2.609 pIllM=0.0021 playedP=0.170 pW=0.42 pD=0.07 pL=0.51 vAbs=0.252 gNorm=4.938 lr=0.01 ms=3392.0 buf=1000000 plies=315359209 games=4761335 epoch=0
[REPLAY] step=36950 loss=3.7656 pLoss=2.7812 vLoss=0.9844 pEnt=2.547 pIllM=0.0018 playedP=0.211 pW=0.43 pD=0.13 pL=0.44 vAbs=0.217 gNorm=4.312 lr=0.01 ms=3418.5 buf=1000000 plies=315785872 games=4767864 epoch=0
[REPLAY] step=37000 loss=3.7969 pLoss=2.7656 vLoss=1.0234 pEnt=2.672 pIllM=0.0020 playedP=0.192 pW=0.48 pD=0.05 pL=0.47 vAbs=0.266 gNorm=3.500 lr=0.01 ms=3391.4 buf=1000000 plies=316212539 games=4774285 epoch=0
[REPLAY] saved trainer model (autosave) step=37000 nextGame=4774285 shard=10 epoch=0 -> v5-cont-replay-latest.safetensors
[REPLAY] enumerated checkpoint -> v5-cont-replay-step37000.safetensors
[REPLAY] step=37050 loss=3.7500 pLoss=2.7031 vLoss=1.0391 pEnt=2.469 pIllM=0.0014 playedP=0.214 pW=0.48 pD=0.08 pL=0.44 vAbs=0.264 gNorm=2.625 lr=0.01 ms=3419.7 buf=1000000 plies=316639201 games=4780779 epoch=0
[REPLAY] step=37100 loss=3.7188 pLoss=2.7500 vLoss=0.9648 pEnt=2.594 pIllM=0.0016 playedP=0.175 pW=0.44 pD=0.06 pL=0.50 vAbs=0.211 gNorm=7.750 lr=0.01 ms=3393.4 buf=1000000 plies=317065850 games=4787211 epoch=0
[REPLAY] step=37150 loss=3.5312 pLoss=2.4531 vLoss=1.0703 pEnt=2.812 pIllM=0.0012 playedP=0.172 pW=0.43 pD=0.04 pL=0.54 vAbs=0.312 gNorm=2.781 lr=0.01 ms=3422.6 buf=1000000 plies=317492471 games=4793609 epoch=0
[REPLAY] step=37200 loss=3.6406 pLoss=2.5625 vLoss=1.0781 pEnt=2.750 pIllM=0.0011 playedP=0.165 pW=0.44 pD=0.03 pL=0.53 vAbs=0.320 gNorm=3.547 lr=0.01 ms=3393.0 buf=1000000 plies=317919175 games=4800066 epoch=0
[REPLAY] step=37250 loss=3.7031 pLoss=2.6719 vLoss=1.0312 pEnt=2.703 pIllM=0.0010 playedP=0.180 pW=0.47 pD=0.09 pL=0.44 vAbs=0.273 gNorm=2.609 lr=0.01 ms=3391.5 buf=1000000 plies=318345756 games=4806506 epoch=0
[REPLAY] step=37300 loss=3.7656 pLoss=2.7344 vLoss=1.0312 pEnt=2.641 pIllM=0.0017 playedP=0.162 pW=0.45 pD=0.12 pL=0.44 vAbs=0.254 gNorm=5.250 lr=0.01 ms=3412.0 buf=1000000 plies=318772414 games=4812868 epoch=0
[REPLAY] step=37350 loss=3.5938 pLoss=2.2500 vLoss=1.3438 pEnt=2.656 pIllM=0.0015 playedP=0.187 pW=0.26 pD=0.08 pL=0.66 vAbs=0.471 gNorm=5.781 lr=0.01 ms=3512.3 buf=1000000 plies=319199101 games=4819346 epoch=0
[REPLAY] step=37400 loss=4.1562 pLoss=2.7344 vLoss=1.4297 pEnt=2.688 pIllM=0.0019 playedP=0.174 pW=0.68 pD=0.10 pL=0.23 vAbs=0.539 gNorm=6.438 lr=0.01 ms=3432.8 buf=1000000 plies=319625762 games=4825721 epoch=0
[REPLAY] step=37450 loss=3.5312 pLoss=2.5469 vLoss=0.9766 pEnt=2.844 pIllM=0.0016 playedP=0.179 pW=0.43 pD=0.11 pL=0.47 vAbs=0.230 gNorm=1.312 lr=0.01 ms=3417.8 buf=1000000 plies=320052407 games=4832158 epoch=0
[REPLAY] step=37500 loss=3.8438 pLoss=2.7969 vLoss=1.0469 pEnt=2.594 pIllM=0.0016 playedP=0.188 pW=0.46 pD=0.14 pL=0.40 vAbs=0.232 gNorm=4.938 lr=0.01 ms=3446.9 buf=1000000 plies=320479046 games=4838615 epoch=0
[REPLAY] step=37550 loss=3.8594 pLoss=2.7656 vLoss=1.0859 pEnt=2.547 pIllM=0.0014 playedP=0.180 pW=0.40 pD=0.16 pL=0.44 vAbs=0.241 gNorm=7.969 lr=0.01 ms=3418.1 buf=1000000 plies=320905713 games=4845068 epoch=0
[REPLAY] step=37600 loss=3.8594 pLoss=2.8281 vLoss=1.0312 pEnt=2.672 pIllM=0.0013 playedP=0.159 pW=0.52 pD=0.03 pL=0.45 vAbs=0.285 gNorm=6.031 lr=0.01 ms=3415.4 buf=1000000 plies=321332308 games=4851536 epoch=0
[REPLAY] step=37650 loss=3.7031 pLoss=2.7031 vLoss=1.0000 pEnt=2.578 pIllM=0.0013 playedP=0.198 pW=0.51 pD=0.04 pL=0.45 vAbs=0.307 gNorm=2.469 lr=0.01 ms=3397.0 buf=1000000 plies=321758957 games=4857940 epoch=0
[REPLAY] step=37700 loss=3.4219 pLoss=2.3125 vLoss=1.1094 pEnt=2.562 pIllM=0.0019 playedP=0.196 pW=0.38 pD=0.04 pL=0.59 vAbs=0.395 gNorm=3.188 lr=0.01 ms=3392.4 buf=1000000 plies=322185618 games=4864330 epoch=0
[REPLAY] step=37750 loss=3.7031 pLoss=2.5938 vLoss=1.1094 pEnt=2.562 pIllM=0.0015 playedP=0.190 pW=0.38 pD=0.04 pL=0.58 vAbs=0.287 gNorm=3.984 lr=0.01 ms=3420.8 buf=1000000 plies=322612318 games=4870760 epoch=0
[REPLAY] step=37800 loss=3.6562 pLoss=2.6406 vLoss=1.0156 pEnt=2.719 pIllM=0.0012 playedP=0.177 pW=0.52 pD=0.04 pL=0.44 vAbs=0.311 gNorm=2.297 lr=0.01 ms=3393.6 buf=1000000 plies=323038919 games=4877207 epoch=0
[REPLAY] step=37850 loss=3.5938 pLoss=2.6250 vLoss=0.9727 pEnt=2.609 pIllM=0.0021 playedP=0.195 pW=0.45 pD=0.10 pL=0.46 vAbs=0.256 gNorm=2.156 lr=0.01 ms=3421.3 buf=1000000 plies=323465583 games=4883671 epoch=0
[REPLAY] step=37900 loss=3.6562 pLoss=2.5781 vLoss=1.0781 pEnt=2.547 pIllM=0.0019 playedP=0.205 pW=0.43 pD=0.05 pL=0.52 vAbs=0.266 gNorm=3.906 lr=0.01 ms=3419.8 buf=1000000 plies=323892234 games=4890086 epoch=0
[REPLAY] step=37950 loss=3.6719 pLoss=2.6406 vLoss=1.0312 pEnt=2.672 pIllM=0.0021 playedP=0.185 pW=0.47 pD=0.05 pL=0.48 vAbs=0.240 gNorm=2.328 lr=0.01 ms=3393.1 buf=1000000 plies=324318855 games=4896540 epoch=0
[REPLAY] step=38000 loss=3.7500 pLoss=2.7344 vLoss=1.0078 pEnt=2.547 pIllM=0.0015 playedP=0.177 pW=0.43 pD=0.04 pL=0.53 vAbs=0.271 gNorm=6.281 lr=0.01 ms=3409.5 buf=1000000 plies=324745525 games=4903021 epoch=0
[REPLAY] saved trainer model (autosave) step=38000 nextGame=4903021 shard=10 epoch=0 -> v5-cont-replay-latest.safetensors
[REPLAY] enumerated checkpoint -> v5-cont-replay-step38000.safetensors
[REPLAY] step=38050 loss=3.6406 pLoss=2.6250 vLoss=1.0078 pEnt=2.750 pIllM=0.0012 playedP=0.178 pW=0.48 pD=0.03 pL=0.48 vAbs=0.268 gNorm=2.578 lr=0.01 ms=3391.1 buf=1000000 plies=325172190 games=4909430 epoch=0
[REPLAY] step=38100 loss=3.5469 pLoss=1.8594 vLoss=1.6797 pEnt=2.781 pIllM=0.0014 playedP=0.183 pW=0.17 pD=0.02 pL=0.81 vAbs=0.684 gNorm=6.500 lr=0.01 ms=3436.2 buf=1000000 plies=325598801 games=4915825 epoch=0
[REPLAY] step=38150 loss=3.6406 pLoss=2.6406 vLoss=0.9961 pEnt=2.781 pIllM=0.0012 playedP=0.163 pW=0.45 pD=0.04 pL=0.52 vAbs=0.268 gNorm=3.844 lr=0.01 ms=3393.0 buf=1000000 plies=326025457 games=4922268 epoch=0
[REPLAY] step=38200 loss=3.7656 pLoss=2.7812 vLoss=0.9844 pEnt=2.609 pIllM=0.0015 playedP=0.187 pW=0.52 pD=0.05 pL=0.43 vAbs=0.279 gNorm=5.219 lr=0.01 ms=3418.3 buf=1000000 plies=326452103 games=4928601 epoch=0
[REPLAY] step=38250 loss=3.6719 pLoss=2.6094 vLoss=1.0547 pEnt=2.672 pIllM=0.0012 playedP=0.186 pW=0.43 pD=0.14 pL=0.43 vAbs=0.293 gNorm=2.172 lr=0.01 ms=3414.3 buf=1000000 plies=326878787 games=4934959 epoch=0
[REPLAY] step=38300 loss=3.6094 pLoss=2.5000 vLoss=1.1094 pEnt=2.547 pIllM=0.0014 playedP=0.208 pW=0.40 pD=0.04 pL=0.56 vAbs=0.352 gNorm=3.312 lr=0.01 ms=3392.7 buf=1000000 plies=327305500 games=4941313 epoch=0
[REPLAY] step=38350 loss=3.7812 pLoss=2.7188 vLoss=1.0547 pEnt=2.516 pIllM=0.0016 playedP=0.204 pW=0.49 pD=0.09 pL=0.42 vAbs=0.301 gNorm=3.938 lr=0.01 ms=3390.5 buf=1000000 plies=327732106 games=4947819 epoch=0
[REPLAY] step=38400 loss=3.7812 pLoss=2.8594 vLoss=0.9180 pEnt=2.578 pIllM=0.0014 playedP=0.189 pW=0.50 pD=0.03 pL=0.47 vAbs=0.184 gNorm=5.562 lr=0.01 ms=3419.9 buf=1000000 plies=328158791 games=4954251 epoch=0
[REPLAY] step=38450 loss=3.7344 pLoss=2.6719 vLoss=1.0547 pEnt=2.719 pIllM=0.0012 playedP=0.189 pW=0.55 pD=0.05 pL=0.40 vAbs=0.301 gNorm=2.812 lr=0.01 ms=3408.2 buf=1000000 plies=328585351 games=4960670 epoch=0
[REPLAY] step=38500 loss=3.8438 pLoss=2.7969 vLoss=1.0469 pEnt=2.656 pIllM=0.0014 playedP=0.184 pW=0.57 pD=0.02 pL=0.40 vAbs=0.281 gNorm=3.484 lr=0.01 ms=3391.8 buf=1000000 plies=329012005 games=4967089 epoch=0
[REPLAY] step=38550 loss=3.7656 pLoss=2.6719 vLoss=1.0859 pEnt=2.594 pIllM=0.0009 playedP=0.162 pW=0.45 pD=0.02 pL=0.53 vAbs=0.320 gNorm=9.062 lr=0.01 ms=3418.4 buf=1000000 plies=329438671 games=4973488 epoch=0
[REPLAY] step=38600 loss=4.5312 pLoss=2.7969 vLoss=1.7266 pEnt=2.500 pIllM=0.0009 playedP=0.161 pW=0.85 pD=0.05 pL=0.10 vAbs=0.762 gNorm=12.188 lr=0.01 ms=3390.2 buf=1000000 plies=329865322 games=4979892 epoch=0
[REPLAY] step=38650 loss=3.7344 pLoss=2.7500 vLoss=0.9766 pEnt=2.656 pIllM=0.0016 playedP=0.189 pW=0.45 pD=0.04 pL=0.51 vAbs=0.266 gNorm=3.750 lr=0.01 ms=3405.8 buf=1000000 plies=330292047 games=4986295 epoch=0
[REPLAY] step=38700 loss=4.2812 pLoss=2.7656 vLoss=1.5234 pEnt=2.594 pIllM=0.0018 playedP=0.194 pW=0.75 pD=0.05 pL=0.20 vAbs=0.578 gNorm=6.000 lr=0.01 ms=3416.5 buf=1000000 plies=330718623 games=4992724 epoch=0
[REPLAY] step=38750 loss=3.7031 pLoss=2.5312 vLoss=1.1641 pEnt=2.547 pIllM=0.0016 playedP=0.186 pW=0.38 pD=0.04 pL=0.58 vAbs=0.396 gNorm=6.688 lr=0.01 ms=3392.4 buf=1000000 plies=331145296 games=4999112 epoch=0
[REPLAY] step=38800 loss=4.2500 pLoss=2.6875 vLoss=1.5469 pEnt=2.609 pIllM=0.0019 playedP=0.199 pW=0.79 pD=0.04 pL=0.17 vAbs=0.648 gNorm=6.094 lr=0.01 ms=3389.4 buf=1000000 plies=331571923 games=5005536 epoch=0
[REPLAY] step=38850 loss=3.6562 pLoss=2.5469 vLoss=1.1094 pEnt=2.562 pIllM=0.0011 playedP=0.201 pW=0.38 pD=0.09 pL=0.54 vAbs=0.301 gNorm=4.344 lr=0.01 ms=3414.9 buf=1000000 plies=331998637 games=5011960 epoch=0
[REPLAY] step=38900 loss=4.1250 pLoss=2.7500 vLoss=1.3828 pEnt=2.562 pIllM=0.0017 playedP=0.198 pW=0.71 pD=0.03 pL=0.26 vAbs=0.512 gNorm=4.906 lr=0.01 ms=3410.2 buf=1000000 plies=332425207 games=5018369 epoch=0
[REPLAY] step=38950 loss=3.7812 pLoss=2.7500 vLoss=1.0312 pEnt=2.641 pIllM=0.0016 playedP=0.184 pW=0.45 pD=0.08 pL=0.47 vAbs=0.224 gNorm=4.781 lr=0.01 ms=3415.0 buf=1000000 plies=332851901 games=5024785 epoch=0
[REPLAY] step=39000 loss=4.0625 pLoss=2.8594 vLoss=1.1875 pEnt=2.516 pIllM=0.0023 playedP=0.188 pW=0.50 pD=0.17 pL=0.33 vAbs=0.320 gNorm=6.344 lr=0.01 ms=3416.9 buf=1000000 plies=333278617 games=5031180 epoch=0
[REPLAY] saved trainer model (autosave) step=39000 nextGame=5031180 shard=11 epoch=0 -> v5-cont-replay-latest.safetensors
[REPLAY] enumerated checkpoint -> v5-cont-replay-step39000.safetensors
[REPLAY] step=39050 loss=3.5469 pLoss=2.5938 vLoss=0.9492 pEnt=2.781 pIllM=0.0013 playedP=0.183 pW=0.44 pD=0.05 pL=0.52 vAbs=0.235 gNorm=1.914 lr=0.01 ms=3388.7 buf=1000000 plies=333705185 games=5037535 epoch=0
[REPLAY] step=39100 loss=3.8906 pLoss=2.8125 vLoss=1.0703 pEnt=2.594 pIllM=0.0015 playedP=0.187 pW=0.59 pD=0.03 pL=0.38 vAbs=0.324 gNorm=5.344 lr=0.01 ms=3413.7 buf=1000000 plies=334131802 games=5043946 epoch=0
[REPLAY] step=39150 loss=3.5938 pLoss=2.5312 vLoss=1.0625 pEnt=2.734 pIllM=0.0012 playedP=0.176 pW=0.39 pD=0.03 pL=0.59 vAbs=0.285 gNorm=4.625 lr=0.01 ms=3392.2 buf=1000000 plies=334558480 games=5050401 epoch=0
[REPLAY] step=39200 loss=3.8438 pLoss=2.7969 vLoss=1.0391 pEnt=2.688 pIllM=0.0011 playedP=0.181 pW=0.53 pD=0.06 pL=0.41 vAbs=0.254 gNorm=3.297 lr=0.01 ms=3420.9 buf=1000000 plies=334985194 games=5056785 epoch=0
[REPLAY] step=39250 loss=3.8281 pLoss=2.7188 vLoss=1.1094 pEnt=2.734 pIllM=0.0012 playedP=0.178 pW=0.54 pD=0.07 pL=0.39 vAbs=0.342 gNorm=3.516 lr=0.01 ms=3416.8 buf=1000000 plies=335411829 games=5063239 epoch=0
[REPLAY] step=39300 loss=3.5938 pLoss=2.5312 vLoss=1.0625 pEnt=2.531 pIllM=0.0012 playedP=0.207 pW=0.41 pD=0.06 pL=0.53 vAbs=0.299 gNorm=2.812 lr=0.01 ms=3393.2 buf=1000000 plies=335838475 games=5069667 epoch=0
[REPLAY] step=39350 loss=4.2500 pLoss=2.7656 vLoss=1.4922 pEnt=2.531 pIllM=0.0016 playedP=0.201 pW=0.76 pD=0.02 pL=0.22 vAbs=0.578 gNorm=6.375 lr=0.01 ms=3395.2 buf=1000000 plies=336265051 games=5076076 epoch=0
[REPLAY] step=39400 loss=3.6562 pLoss=2.3906 vLoss=1.2656 pEnt=2.547 pIllM=0.0018 playedP=0.195 pW=0.31 pD=0.15 pL=0.53 vAbs=0.391 gNorm=5.000 lr=0.01 ms=3418.6 buf=1000000 plies=336691742 games=5082488 epoch=0
[REPLAY] step=39450 loss=3.6094 pLoss=2.5156 vLoss=1.0859 pEnt=2.516 pIllM=0.0018 playedP=0.201 pW=0.39 pD=0.08 pL=0.53 vAbs=0.312 gNorm=3.500 lr=0.01 ms=3419.4 buf=1000000 plies=337118418 games=5088952 epoch=0
[REPLAY] step=39500 loss=3.8438 pLoss=2.8438 vLoss=0.9961 pEnt=2.516 pIllM=0.0017 playedP=0.163 pW=0.43 pD=0.06 pL=0.52 vAbs=0.250 gNorm=9.000 lr=0.01 ms=3417.8 buf=1000000 plies=337545064 games=5095369 epoch=0
[REPLAY] step=39550 loss=3.7188 pLoss=2.2500 vLoss=1.4688 pEnt=2.578 pIllM=0.0014 playedP=0.161 pW=0.23 pD=0.03 pL=0.74 vAbs=0.566 gNorm=10.000 lr=0.01 ms=3403.5 buf=1000000 plies=337971671 games=5101779 epoch=0
[REPLAY] step=39600 loss=4.1562 pLoss=2.7812 vLoss=1.3828 pEnt=2.656 pIllM=0.0018 playedP=0.182 pW=0.70 pD=0.03 pL=0.27 vAbs=0.527 gNorm=6.000 lr=0.01 ms=3389.9 buf=1000000 plies=338398326 games=5108124 epoch=0
[REPLAY] step=39650 loss=3.6562 pLoss=2.6406 vLoss=1.0156 pEnt=2.625 pIllM=0.0018 playedP=0.189 pW=0.52 pD=0.05 pL=0.43 vAbs=0.275 gNorm=2.891 lr=0.01 ms=3420.1 buf=1000000 plies=338824988 games=5114530 epoch=0
[REPLAY] step=39700 loss=3.5156 pLoss=2.4531 vLoss=1.0625 pEnt=2.781 pIllM=0.0010 playedP=0.177 pW=0.43 pD=0.04 pL=0.53 vAbs=0.326 gNorm=2.312 lr=0.01 ms=3390.0 buf=1000000 plies=339251713 games=5120956 epoch=0
[REPLAY] step=39750 loss=3.8438 pLoss=2.7812 vLoss=1.0625 pEnt=2.641 pIllM=0.0016 playedP=0.175 pW=0.57 pD=0.15 pL=0.28 vAbs=0.355 gNorm=3.953 lr=0.01 ms=3418.2 buf=1000000 plies=339678274 games=5127401 epoch=0
[REPLAY] step=39800 loss=3.6719 pLoss=2.5156 vLoss=1.1562 pEnt=2.766 pIllM=0.0015 playedP=0.183 pW=0.48 pD=0.09 pL=0.43 vAbs=0.373 gNorm=1.000 lr=0.01 ms=3391.4 buf=1000000 plies=340104919 games=5133765 epoch=0
[REPLAY] step=39850 loss=3.8594 pLoss=2.7969 vLoss=1.0625 pEnt=2.453 pIllM=0.0015 playedP=0.219 pW=0.49 pD=0.12 pL=0.39 vAbs=0.248 gNorm=3.562 lr=0.01 ms=3418.0 buf=1000000 plies=340531565 games=5140176 epoch=0
[REPLAY] step=39900 loss=3.6250 pLoss=2.7031 vLoss=0.9258 pEnt=2.703 pIllM=0.0018 playedP=0.182 pW=0.48 pD=0.07 pL=0.45 vAbs=0.179 gNorm=2.562 lr=0.01 ms=3391.4 buf=1000000 plies=340958334 games=5146556 epoch=0
[REPLAY] step=39950 loss=3.6250 pLoss=2.5469 vLoss=1.0781 pEnt=2.531 pIllM=0.0014 playedP=0.197 pW=0.42 pD=0.04 pL=0.54 vAbs=0.326 gNorm=3.453 lr=0.01 ms=3391.7 buf=1000000 plies=341384851 games=5152941 epoch=0
[REPLAY] step=40000 loss=3.6719 pLoss=2.6094 vLoss=1.0547 pEnt=2.828 pIllM=0.0014 playedP=0.172 pW=0.55 pD=0.04 pL=0.41 vAbs=0.289 gNorm=1.820 lr=0.01 ms=3392.1 buf=1000000 plies=341811530 games=5159354 epoch=0
[REPLAY] saved trainer model (autosave) step=40000 nextGame=5159354 shard=11 epoch=0 -> v5-cont-replay-latest.safetensors
[REPLAY] enumerated checkpoint -> v5-cont-replay-step40000.safetensors
[REPLAY] step=40050 loss=3.5469 pLoss=2.0625 vLoss=1.4844 pEnt=2.734 pIllM=0.0010 playedP=0.183 pW=0.22 pD=0.04 pL=0.74 vAbs=0.551 gNorm=5.500 lr=0.01 ms=3390.4 buf=1000000 plies=342238183 games=5165743 epoch=0
[REPLAY] step=40100 loss=3.7344 pLoss=2.7188 vLoss=1.0078 pEnt=2.625 pIllM=0.0012 playedP=0.188 pW=0.47 pD=0.03 pL=0.50 vAbs=0.236 gNorm=3.078 lr=0.01 ms=3416.4 buf=1000000 plies=342664870 games=5172182 epoch=0
[REPLAY] step=40150 loss=3.5938 pLoss=2.5000 vLoss=1.0938 pEnt=2.625 pIllM=0.0011 playedP=0.194 pW=0.37 pD=0.05 pL=0.58 vAbs=0.281 gNorm=2.906 lr=0.01 ms=3420.5 buf=1000000 plies=343091535 games=5178546 epoch=0
[REPLAY] step=40200 loss=3.7812 pLoss=2.7656 vLoss=1.0156 pEnt=2.516 pIllM=0.0019 playedP=0.203 pW=0.54 pD=0.05 pL=0.42 vAbs=0.258 gNorm=3.234 lr=0.01 ms=3412.4 buf=1000000 plies=343518188 games=5184940 epoch=0
[REPLAY] step=40250 loss=3.7188 pLoss=2.7344 vLoss=0.9883 pEnt=2.578 pIllM=0.0015 playedP=0.189 pW=0.48 pD=0.04 pL=0.48 vAbs=0.266 gNorm=4.219 lr=0.01 ms=3417.9 buf=1000000 plies=343944827 games=5191350 epoch=0
[REPLAY] step=40300 loss=3.5312 pLoss=2.3594 vLoss=1.1719 pEnt=2.609 pIllM=0.0022 playedP=0.191 pW=0.33 pD=0.09 pL=0.58 vAbs=0.369 gNorm=3.641 lr=0.01 ms=3390.2 buf=1000000 plies=344371426 games=5197760 epoch=0
[REPLAY] step=40350 loss=3.7031 pLoss=2.7031 vLoss=0.9961 pEnt=2.500 pIllM=0.0018 playedP=0.199 pW=0.45 pD=0.09 pL=0.46 vAbs=0.220 gNorm=3.750 lr=0.01 ms=3389.5 buf=1000000 plies=344798078 games=5204164 epoch=0
[REPLAY] step=40400 loss=3.4531 pLoss=2.3281 vLoss=1.1250 pEnt=2.766 pIllM=0.0012 playedP=0.183 pW=0.33 pD=0.04 pL=0.63 vAbs=0.377 gNorm=3.547 lr=0.01 ms=3416.6 buf=1000000 plies=345224726 games=5210531 epoch=0
[REPLAY] step=40450 loss=3.5781 pLoss=2.3594 vLoss=1.2109 pEnt=2.578 pIllM=0.0013 playedP=0.188 pW=0.33 pD=0.02 pL=0.65 vAbs=0.420 gNorm=5.969 lr=0.01 ms=3416.0 buf=1000000 plies=345651429 games=5216856 epoch=0
[REPLAY] step=40500 loss=3.8594 pLoss=2.7031 vLoss=1.1484 pEnt=2.625 pIllM=0.0014 playedP=0.180 pW=0.55 pD=0.06 pL=0.39 vAbs=0.344 gNorm=4.625 lr=0.01 ms=3418.6 buf=1000000 plies=346078060 games=5223219 epoch=0
[REPLAY] step=40550 loss=3.6562 pLoss=2.5625 vLoss=1.0938 pEnt=2.797 pIllM=0.0015 playedP=0.184 pW=0.50 pD=0.06 pL=0.43 vAbs=0.299 gNorm=1.469 lr=0.01 ms=3389.4 buf=1000000 plies=346504681 games=5229592 epoch=0
[REPLAY] step=40600 loss=3.7812 pLoss=2.7656 vLoss=1.0078 pEnt=2.406 pIllM=0.0015 playedP=0.220 pW=0.46 pD=0.05 pL=0.48 vAbs=0.196 gNorm=4.375 lr=0.01 ms=3433.7 buf=1000000 plies=346931322 games=5235964 epoch=0
[REPLAY] step=40650 loss=3.8125 pLoss=2.7969 vLoss=1.0156 pEnt=2.531 pIllM=0.0016 playedP=0.197 pW=0.48 pD=0.07 pL=0.45 vAbs=0.224 gNorm=4.281 lr=0.01 ms=3415.1 buf=1000000 plies=347357963 games=5242347 epoch=0
[REPLAY] step=40700 loss=3.6406 pLoss=2.7188 vLoss=0.9258 pEnt=2.500 pIllM=0.0014 playedP=0.207 pW=0.48 pD=0.05 pL=0.47 vAbs=0.239 gNorm=2.516 lr=0.01 ms=3392.3 buf=1000000 plies=347784627 games=5248731 epoch=0
[REPLAY] step=40750 loss=3.7031 pLoss=2.7656 vLoss=0.9414 pEnt=2.531 pIllM=0.0015 playedP=0.196 pW=0.47 pD=0.02 pL=0.51 vAbs=0.210 gNorm=4.812 lr=0.01 ms=3410.5 buf=1000000 plies=348211257 games=5255176 epoch=0
[REPLAY] step=40800 loss=3.8281 pLoss=2.6875 vLoss=1.1406 pEnt=2.656 pIllM=0.0011 playedP=0.188 pW=0.56 pD=0.03 pL=0.40 vAbs=0.352 gNorm=2.688 lr=0.01 ms=3408.9 buf=1000000 plies=348637937 games=5261549 epoch=0
[REPLAY] step=40850 loss=3.7188 pLoss=2.7344 vLoss=0.9805 pEnt=2.672 pIllM=0.0015 playedP=0.168 pW=0.49 pD=0.04 pL=0.47 vAbs=0.268 gNorm=4.406 lr=0.01 ms=3391.6 buf=1000000 plies=349064624 games=5267915 epoch=0
[REPLAY] step=40900 loss=3.6875 pLoss=2.6562 vLoss=1.0234 pEnt=2.719 pIllM=0.0012 playedP=0.180 pW=0.46 pD=0.03 pL=0.51 vAbs=0.232 gNorm=3.047 lr=0.01 ms=3437.8 buf=1000000 plies=349491223 games=5274262 epoch=0
[REPLAY] step=40950 loss=3.7344 pLoss=2.7656 vLoss=0.9688 pEnt=2.516 pIllM=0.0012 playedP=0.185 pW=0.44 pD=0.05 pL=0.52 vAbs=0.218 gNorm=7.469 lr=0.01 ms=3391.5 buf=1000000 plies=349917919 games=5280611 epoch=0
[REPLAY] step=41000 loss=3.8281 pLoss=2.7500 vLoss=1.0703 pEnt=2.641 pIllM=0.0014 playedP=0.183 pW=0.57 pD=0.04 pL=0.40 vAbs=0.328 gNorm=3.781 lr=0.01 ms=3391.0 buf=1000000 plies=350344534 games=5287018 epoch=0
[REPLAY] saved trainer model (autosave) step=41000 nextGame=5287018 shard=11 epoch=0 -> v5-cont-replay-latest.safetensors
[REPLAY] enumerated checkpoint -> v5-cont-replay-step41000.safetensors
[REPLAY] step=41050 loss=3.8750 pLoss=2.9219 vLoss=0.9531 pEnt=2.438 pIllM=0.0012 playedP=0.189 pW=0.53 pD=0.04 pL=0.43 vAbs=0.266 gNorm=8.750 lr=0.01 ms=3441.3 buf=1000000 plies=350771183 games=5293402 epoch=0
[REPLAY] step=41100 loss=3.8594 pLoss=2.7500 vLoss=1.1094 pEnt=2.625 pIllM=0.0012 playedP=0.186 pW=0.55 pD=0.04 pL=0.41 vAbs=0.330 gNorm=3.016 lr=0.01 ms=3396.6 buf=1000000 plies=351197838 games=5299784 epoch=0
[REPLAY] step=41150 loss=3.8750 pLoss=2.8438 vLoss=1.0312 pEnt=2.484 pIllM=0.0020 playedP=0.204 pW=0.51 pD=0.07 pL=0.42 vAbs=0.275 gNorm=3.594 lr=0.01 ms=3394.2 buf=1000000 plies=351624492 games=5306176 epoch=0
[REPLAY] step=41200 loss=3.9844 pLoss=2.8750 vLoss=1.1094 pEnt=2.484 pIllM=0.0013 playedP=0.186 pW=0.57 pD=0.07 pL=0.36 vAbs=0.352 gNorm=7.688 lr=0.01 ms=3405.1 buf=1000000 plies=352051120 games=5312464 epoch=0
[REPLAY] step=41250 loss=4.1875 pLoss=2.8750 vLoss=1.3047 pEnt=2.500 pIllM=0.0012 playedP=0.175 pW=0.66 pD=0.05 pL=0.30 vAbs=0.443 gNorm=8.062 lr=0.01 ms=3416.0 buf=1000000 plies=352477777 games=5318775 epoch=0
[REPLAY] step=41300 loss=3.7188 pLoss=2.6719 vLoss=1.0391 pEnt=2.688 pIllM=0.0013 playedP=0.184 pW=0.44 pD=0.11 pL=0.46 vAbs=0.245 gNorm=2.469 lr=0.01 ms=3392.0 buf=1000000 plies=352904433 games=5325186 epoch=0
[REPLAY] step=41350 loss=3.9844 pLoss=2.6719 vLoss=1.3125 pEnt=2.625 pIllM=0.0022 playedP=0.188 pW=0.70 pD=0.05 pL=0.26 vAbs=0.492 gNorm=5.000 lr=0.01 ms=3390.8 buf=1000000 plies=353331113 games=5331539 epoch=0
[REPLAY] step=41400 loss=3.7500 pLoss=2.7656 vLoss=0.9844 pEnt=2.562 pIllM=0.0017 playedP=0.190 pW=0.47 pD=0.03 pL=0.50 vAbs=0.192 gNorm=3.500 lr=0.01 ms=3407.6 buf=1000000 plies=353757701 games=5337960 epoch=0
[REPLAY] step=41450 loss=3.6875 pLoss=2.5781 vLoss=1.1094 pEnt=2.578 pIllM=0.0016 playedP=0.200 pW=0.39 pD=0.16 pL=0.45 vAbs=0.268 gNorm=4.250 lr=0.01 ms=3430.2 buf=1000000 plies=354184390 games=5344299 epoch=0
[REPLAY] step=41500 loss=3.7188 pLoss=2.6719 vLoss=1.0469 pEnt=2.469 pIllM=0.0019 playedP=0.210 pW=0.46 pD=0.05 pL=0.48 vAbs=0.258 gNorm=4.031 lr=0.01 ms=3424.8 buf=1000000 plies=354611046 games=5350725 epoch=0
[REPLAY] step=41550 loss=3.6250 pLoss=2.5156 vLoss=1.1094 pEnt=2.578 pIllM=0.0022 playedP=0.189 pW=0.37 pD=0.03 pL=0.61 vAbs=0.295 gNorm=4.188 lr=0.01 ms=3391.8 buf=1000000 plies=355037702 games=5357035 epoch=0
[REPLAY] step=41600 loss=3.5938 pLoss=2.6250 vLoss=0.9688 pEnt=2.547 pIllM=0.0017 playedP=0.197 pW=0.45 pD=0.03 pL=0.52 vAbs=0.287 gNorm=2.938 lr=0.01 ms=3397.4 buf=1000000 plies=355464340 games=5363465 epoch=0
[REPLAY] step=41650 loss=3.6719 pLoss=2.5781 vLoss=1.0859 pEnt=2.844 pIllM=0.0014 playedP=0.173 pW=0.50 pD=0.08 pL=0.41 vAbs=0.297 gNorm=1.453 lr=0.01 ms=3391.1 buf=1000000 plies=355890980 games=5369883 epoch=0
[REPLAY] step=41700 loss=3.7031 pLoss=2.5781 vLoss=1.1250 pEnt=2.594 pIllM=0.0015 playedP=0.176 pW=0.40 pD=0.05 pL=0.54 vAbs=0.312 gNorm=6.406 lr=0.01 ms=3389.4 buf=1000000 plies=356317671 games=5376260 epoch=0
[REPLAY] step=41750 loss=3.5000 pLoss=2.5000 vLoss=1.0000 pEnt=2.656 pIllM=0.0019 playedP=0.204 pW=0.44 pD=0.04 pL=0.52 vAbs=0.289 gNorm=2.047 lr=0.01 ms=3422.3 buf=1000000 plies=356744274 games=5382587 epoch=0
[REPLAY] step=41800 loss=3.6562 pLoss=2.6406 vLoss=1.0156 pEnt=2.641 pIllM=0.0011 playedP=0.189 pW=0.42 pD=0.05 pL=0.54 vAbs=0.258 gNorm=4.188 lr=0.01 ms=3427.0 buf=1000000 plies=357170916 games=5388940 epoch=0
[REPLAY] step=41850 loss=4.2812 pLoss=2.7344 vLoss=1.5391 pEnt=2.531 pIllM=0.0013 playedP=0.200 pW=0.76 pD=0.07 pL=0.17 vAbs=0.645 gNorm=6.062 lr=0.01 ms=3419.7 buf=1000000 plies=357597574 games=5395321 epoch=0
[REPLAY] step=41900 loss=3.6094 pLoss=2.1719 vLoss=1.4297 pEnt=2.594 pIllM=0.0017 playedP=0.179 pW=0.25 pD=0.06 pL=0.69 vAbs=0.520 gNorm=5.656 lr=0.01 ms=3417.0 buf=1000000 plies=358024228 games=5401672 epoch=0
[REPLAY] step=41950 loss=3.6094 pLoss=2.6250 vLoss=0.9805 pEnt=2.750 pIllM=0.0013 playedP=0.188 pW=0.43 pD=0.16 pL=0.42 vAbs=0.225 gNorm=2.391 lr=0.01 ms=3420.4 buf=1000000 plies=358450858 games=5408052 epoch=0
[REPLAY] step=42000 loss=4.0625 pLoss=2.6719 vLoss=1.3906 pEnt=2.562 pIllM=0.0018 playedP=0.208 pW=0.69 pD=0.02 pL=0.29 vAbs=0.484 gNorm=4.562 lr=0.01 ms=3389.4 buf=1000000 plies=358877512 games=5414409 epoch=0
[REPLAY] saved trainer model (autosave) step=42000 nextGame=5414409 shard=11 epoch=0 -> v5-cont-replay-latest.safetensors
[REPLAY] enumerated checkpoint -> v5-cont-replay-step42000.safetensors
[REPLAY] step=42050 loss=4.1875 pLoss=2.8281 vLoss=1.3516 pEnt=2.531 pIllM=0.0019 playedP=0.188 pW=0.69 pD=0.03 pL=0.28 vAbs=0.469 gNorm=5.750 lr=0.01 ms=3405.1 buf=1000000 plies=359304201 games=5420753 epoch=0
[REPLAY] step=42100 loss=3.6875 pLoss=2.4688 vLoss=1.2109 pEnt=2.641 pIllM=0.0013 playedP=0.183 pW=0.33 pD=0.11 pL=0.56 vAbs=0.398 gNorm=5.406 lr=0.01 ms=3401.0 buf=1000000 plies=359730801 games=5427113 epoch=0
[REPLAY] step=42150 loss=3.6250 pLoss=2.6094 vLoss=1.0078 pEnt=2.453 pIllM=0.0016 playedP=0.223 pW=0.43 pD=0.07 pL=0.50 vAbs=0.243 gNorm=2.812 lr=0.01 ms=3431.2 buf=1000000 plies=360157453 games=5433503 epoch=0
[REPLAY] step=42200 loss=4.0000 pLoss=2.7656 vLoss=1.2344 pEnt=2.609 pIllM=0.0014 playedP=0.184 pW=0.60 pD=0.04 pL=0.37 vAbs=0.371 gNorm=4.812 lr=0.01 ms=3417.0 buf=1000000 plies=360584114 games=5439900 epoch=0
[REPLAY] step=42250 loss=3.8594 pLoss=2.8594 vLoss=1.0000 pEnt=2.641 pIllM=0.0016 playedP=0.178 pW=0.46 pD=0.09 pL=0.45 vAbs=0.212 gNorm=4.875 lr=0.01 ms=3406.7 buf=1000000 plies=361010882 games=5446279 epoch=0
[REPLAY] step=42300 loss=3.7031 pLoss=2.7344 vLoss=0.9727 pEnt=2.547 pIllM=0.0015 playedP=0.199 pW=0.47 pD=0.02 pL=0.51 vAbs=0.213 gNorm=3.953 lr=0.01 ms=3416.7 buf=1000000 plies=361437421 games=5452641 epoch=0
[REPLAY] step=42350 loss=3.6094 pLoss=2.6094 vLoss=0.9922 pEnt=2.703 pIllM=0.0016 playedP=0.199 pW=0.48 pD=0.04 pL=0.49 vAbs=0.246 gNorm=2.109 lr=0.01 ms=3392.2 buf=1000000 plies=361864072 games=5459037 epoch=0
[REPLAY] step=42400 loss=3.7031 pLoss=2.5625 vLoss=1.1406 pEnt=2.625 pIllM=0.0019 playedP=0.174 pW=0.39 pD=0.04 pL=0.56 vAbs=0.311 gNorm=5.250 lr=0.01 ms=3390.8 buf=1000000 plies=362290741 games=5465371 epoch=0
[REPLAY] step=42450 loss=3.6406 pLoss=2.7188 vLoss=0.9258 pEnt=2.844 pIllM=0.0015 playedP=0.163 pW=0.49 pD=0.04 pL=0.47 vAbs=0.229 gNorm=1.805 lr=0.01 ms=3391.3 buf=1000000 plies=362717426 games=5471794 epoch=0
[REPLAY] step=42500 loss=3.6094 pLoss=2.5156 vLoss=1.0938 pEnt=2.688 pIllM=0.0012 playedP=0.177 pW=0.39 pD=0.07 pL=0.54 vAbs=0.303 gNorm=3.688 lr=0.01 ms=3423.4 buf=1000000 plies=363144053 games=5478112 epoch=0
[REPLAY] step=42550 loss=3.6250 pLoss=2.5469 vLoss=1.0703 pEnt=2.516 pIllM=0.0021 playedP=0.213 pW=0.42 pD=0.06 pL=0.52 vAbs=0.271 gNorm=2.391 lr=0.01 ms=3393.7 buf=1000000 plies=363570659 games=5484460 epoch=0
[REPLAY] step=42600 loss=3.5625 pLoss=2.5312 vLoss=1.0312 pEnt=2.578 pIllM=0.0023 playedP=0.212 pW=0.43 pD=0.05 pL=0.52 vAbs=0.249 gNorm=2.344 lr=0.01 ms=3432.7 buf=1000000 plies=363997328 games=5490809 epoch=0
[REPLAY] step=42650 loss=3.7500 pLoss=2.7344 vLoss=1.0078 pEnt=2.562 pIllM=0.0016 playedP=0.189 pW=0.44 pD=0.04 pL=0.52 vAbs=0.228 gNorm=4.156 lr=0.01 ms=3466.5 buf=1000000 plies=364423955 games=5497186 epoch=0
[REPLAY] step=42700 loss=4.0312 pLoss=2.8281 vLoss=1.2109 pEnt=2.500 pIllM=0.0015 playedP=0.208 pW=0.64 pD=0.02 pL=0.34 vAbs=0.328 gNorm=4.656 lr=0.01 ms=3432.5 buf=1000000 plies=364850633 games=5503490 epoch=0
[REPLAY] step=42750 loss=3.6719 pLoss=2.7031 vLoss=0.9688 pEnt=2.516 pIllM=0.0012 playedP=0.205 pW=0.44 pD=0.07 pL=0.49 vAbs=0.231 gNorm=2.469 lr=0.01 ms=3429.1 buf=1000000 plies=365277283 games=5509851 epoch=0
[REPLAY] step=42800 loss=3.7031 pLoss=2.7500 vLoss=0.9453 pEnt=2.562 pIllM=0.0013 playedP=0.195 pW=0.46 pD=0.09 pL=0.46 vAbs=0.262 gNorm=2.984 lr=0.01 ms=3391.5 buf=1000000 plies=365703986 games=5516196 epoch=0
[REPLAY] step=42850 loss=3.7031 pLoss=2.4062 vLoss=1.2891 pEnt=2.578 pIllM=0.0012 playedP=0.193 pW=0.35 pD=0.01 pL=0.64 vAbs=0.377 gNorm=4.688 lr=0.01 ms=3413.7 buf=1000000 plies=366130582 games=5522563 epoch=0
[REPLAY] step=42900 loss=3.9219 pLoss=2.8594 vLoss=1.0547 pEnt=2.562 pIllM=0.0015 playedP=0.166 pW=0.43 pD=0.05 pL=0.52 vAbs=0.266 gNorm=9.125 lr=0.01 ms=3402.7 buf=1000000 plies=366557237 games=5528891 epoch=0
[REPLAY] step=42950 loss=3.9375 pLoss=2.5469 vLoss=1.3906 pEnt=2.859 pIllM=0.0015 playedP=0.169 pW=0.71 pD=0.04 pL=0.25 vAbs=0.547 gNorm=4.531 lr=0.01 ms=3409.2 buf=1000000 plies=366983849 games=5535263 epoch=0
[REPLAY] step=43000 loss=3.7812 pLoss=2.8125 vLoss=0.9648 pEnt=2.484 pIllM=0.0019 playedP=0.204 pW=0.48 pD=0.04 pL=0.48 vAbs=0.213 gNorm=3.641 lr=0.01 ms=3446.7 buf=1000000 plies=367410500 games=5541608 epoch=0
[REPLAY] saved trainer model (autosave) step=43000 nextGame=5541608 shard=12 epoch=0 -> v5-cont-replay-latest.safetensors
[REPLAY] enumerated checkpoint -> v5-cont-replay-step43000.safetensors
[REPLAY] step=43050 loss=4.1250 pLoss=2.8281 vLoss=1.3047 pEnt=2.625 pIllM=0.0013 playedP=0.184 pW=0.60 pD=0.08 pL=0.32 vAbs=0.406 gNorm=4.219 lr=0.01 ms=3408.7 buf=1000000 plies=367837166 games=5547917 epoch=0
[REPLAY] step=43100 loss=3.8125 pLoss=2.8125 vLoss=1.0000 pEnt=2.688 pIllM=0.0012 playedP=0.179 pW=0.50 pD=0.04 pL=0.46 vAbs=0.196 gNorm=3.469 lr=0.01 ms=3412.0 buf=1000000 plies=368263826 games=5554238 epoch=0
[REPLAY] step=43150 loss=3.7031 pLoss=2.6562 vLoss=1.0391 pEnt=2.516 pIllM=0.0013 playedP=0.211 pW=0.46 pD=0.10 pL=0.44 vAbs=0.305 gNorm=2.125 lr=0.01 ms=3403.2 buf=1000000 plies=368690489 games=5560581 epoch=0
[REPLAY] step=43200 loss=3.7031 pLoss=2.6719 vLoss=1.0312 pEnt=2.641 pIllM=0.0019 playedP=0.188 pW=0.52 pD=0.07 pL=0.41 vAbs=0.256 gNorm=3.156 lr=0.01 ms=3430.8 buf=1000000 plies=369117137 games=5566913 epoch=0
[REPLAY] step=43250 loss=3.6875 pLoss=2.7656 vLoss=0.9258 pEnt=2.578 pIllM=0.0013 playedP=0.196 pW=0.48 pD=0.07 pL=0.45 vAbs=0.256 gNorm=3.266 lr=0.01 ms=3438.0 buf=1000000 plies=369543855 games=5573300 epoch=0
[REPLAY] step=43300 loss=3.7500 pLoss=2.6250 vLoss=1.1250 pEnt=2.609 pIllM=0.0012 playedP=0.182 pW=0.44 pD=0.03 pL=0.53 vAbs=0.293 gNorm=5.062 lr=0.01 ms=3453.8 buf=1000000 plies=369970433 games=5579646 epoch=0
[REPLAY] step=43350 loss=3.8594 pLoss=2.8750 vLoss=0.9805 pEnt=2.484 pIllM=0.0015 playedP=0.209 pW=0.55 pD=0.11 pL=0.34 vAbs=0.312 gNorm=3.891 lr=0.01 ms=3462.3 buf=1000000 plies=370397079 games=5586034 epoch=0
[REPLAY] step=43400 loss=3.7188 pLoss=2.6875 vLoss=1.0312 pEnt=2.656 pIllM=0.0013 playedP=0.190 pW=0.41 pD=0.08 pL=0.51 vAbs=0.213 gNorm=2.312 lr=0.01 ms=3446.4 buf=1000000 plies=370823728 games=5592408 epoch=0
[REPLAY] step=43450 loss=4.3125 pLoss=2.8125 vLoss=1.5078 pEnt=2.703 pIllM=0.0014 playedP=0.162 pW=0.76 pD=0.08 pL=0.16 vAbs=0.613 gNorm=7.469 lr=0.01 ms=3442.1 buf=1000000 plies=371250450 games=5598866 epoch=0
[REPLAY] step=43500 loss=3.6562 pLoss=2.6094 vLoss=1.0391 pEnt=2.703 pIllM=0.0013 playedP=0.174 pW=0.45 pD=0.03 pL=0.52 vAbs=0.264 gNorm=3.078 lr=0.01 ms=3435.6 buf=1000000 plies=371677014 games=5605185 epoch=0
[REPLAY] step=43550 loss=3.9688 pLoss=2.7969 vLoss=1.1641 pEnt=2.562 pIllM=0.0014 playedP=0.198 pW=0.57 pD=0.08 pL=0.35 vAbs=0.361 gNorm=5.500 lr=0.01 ms=3575.8 buf=1000000 plies=372103769 games=5611567 epoch=0
[REPLAY] step=43600 loss=3.4688 pLoss=2.0625 vLoss=1.4062 pEnt=2.719 pIllM=0.0021 playedP=0.186 pW=0.24 pD=0.04 pL=0.72 vAbs=0.547 gNorm=4.906 lr=0.01 ms=3440.9 buf=1000000 plies=372530299 games=5617926 epoch=0
[REPLAY] step=43650 loss=3.7344 pLoss=2.6719 vLoss=1.0625 pEnt=2.531 pIllM=0.0023 playedP=0.208 pW=0.50 pD=0.07 pL=0.43 vAbs=0.273 gNorm=3.219 lr=0.01 ms=3438.2 buf=1000000 plies=372956992 games=5624256 epoch=0
[REPLAY] step=43700 loss=3.8125 pLoss=2.7344 vLoss=1.0703 pEnt=2.656 pIllM=0.0014 playedP=0.176 pW=0.54 pD=0.03 pL=0.43 vAbs=0.289 gNorm=3.594 lr=0.01 ms=3455.3 buf=1000000 plies=373383613 games=5630631 epoch=0
[REPLAY] step=43750 loss=3.6875 pLoss=2.7031 vLoss=0.9766 pEnt=2.469 pIllM=0.0015 playedP=0.218 pW=0.45 pD=0.08 pL=0.47 vAbs=0.229 gNorm=2.859 lr=0.01 ms=3437.0 buf=1000000 plies=373810283 games=5636910 epoch=0
[REPLAY] step=43800 loss=3.6875 pLoss=2.7188 vLoss=0.9688 pEnt=2.672 pIllM=0.0022 playedP=0.182 pW=0.45 pD=0.11 pL=0.44 vAbs=0.213 gNorm=3.250 lr=0.01 ms=3424.8 buf=1000000 plies=374236916 games=5643259 epoch=0
[REPLAY] step=43850 loss=3.7969 pLoss=2.8281 vLoss=0.9648 pEnt=2.531 pIllM=0.0011 playedP=0.196 pW=0.48 pD=0.08 pL=0.44 vAbs=0.247 gNorm=6.281 lr=0.01 ms=3393.9 buf=1000000 plies=374663596 games=5649664 epoch=0
[REPLAY] step=43900 loss=3.7812 pLoss=2.7656 vLoss=1.0078 pEnt=2.562 pIllM=0.0017 playedP=0.181 pW=0.55 pD=0.07 pL=0.38 vAbs=0.309 gNorm=6.438 lr=0.01 ms=3420.4 buf=1000000 plies=375090237 games=5655945 epoch=0
[REPLAY] step=43950 loss=3.9688 pLoss=2.8750 vLoss=1.0859 pEnt=2.531 pIllM=0.0014 playedP=0.190 pW=0.70 pD=0.06 pL=0.23 vAbs=0.504 gNorm=7.625 lr=0.01 ms=3431.8 buf=1000000 plies=375516909 games=5662368 epoch=0
[REPLAY] step=44000 loss=3.6250 pLoss=2.6250 vLoss=1.0000 pEnt=2.750 pIllM=0.0011 playedP=0.194 pW=0.47 pD=0.10 pL=0.43 vAbs=0.231 gNorm=1.367 lr=0.01 ms=3395.2 buf=1000000 plies=375943511 games=5668677 epoch=0
[REPLAY] saved trainer model (autosave) step=44000 nextGame=5668677 shard=12 epoch=0 -> v5-cont-replay-latest.safetensors
[REPLAY] enumerated checkpoint -> v5-cont-replay-step44000.safetensors
[REPLAY] step=44050 loss=3.9219 pLoss=2.7188 vLoss=1.2031 pEnt=2.547 pIllM=0.0018 playedP=0.199 pW=0.57 pD=0.07 pL=0.36 vAbs=0.359 gNorm=3.766 lr=0.01 ms=3392.8 buf=1000000 plies=376370163 games=5675030 epoch=0
[REPLAY] step=44100 loss=3.8438 pLoss=2.7500 vLoss=1.0938 pEnt=2.578 pIllM=0.0014 playedP=0.181 pW=0.43 pD=0.07 pL=0.50 vAbs=0.260 gNorm=5.094 lr=0.01 ms=3431.3 buf=1000000 plies=376796896 games=5681373 epoch=0
[REPLAY] step=44150 loss=3.9062 pLoss=2.8438 vLoss=1.0547 pEnt=2.344 pIllM=0.0019 playedP=0.211 pW=0.46 pD=0.09 pL=0.46 vAbs=0.245 gNorm=6.031 lr=0.01 ms=3439.9 buf=1000000 plies=377223464 games=5687748 epoch=0
[REPLAY] step=44200 loss=4.0000 pLoss=2.7969 vLoss=1.2031 pEnt=2.453 pIllM=0.0007 playedP=0.132 pW=0.32 pD=0.05 pL=0.64 vAbs=0.398 gNorm=14.500 lr=0.01 ms=3411.5 buf=1000000 plies=377650104 games=5694127 epoch=0
[REPLAY] step=44250 loss=3.7500 pLoss=2.7031 vLoss=1.0469 pEnt=2.812 pIllM=0.0014 playedP=0.166 pW=0.47 pD=0.02 pL=0.50 vAbs=0.226 gNorm=1.961 lr=0.01 ms=3436.9 buf=1000000 plies=378076794 games=5700426 epoch=0
[REPLAY] step=44300 loss=4.8125 pLoss=2.8438 vLoss=1.9609 pEnt=2.516 pIllM=0.0008 playedP=0.171 pW=0.88 pD=0.04 pL=0.08 vAbs=0.797 gNorm=10.938 lr=0.01 ms=3420.7 buf=1000000 plies=378503444 games=5706855 epoch=0
[REPLAY] step=44350 loss=3.7500 pLoss=2.6719 vLoss=1.0781 pEnt=2.438 pIllM=0.0013 playedP=0.194 pW=0.43 pD=0.06 pL=0.52 vAbs=0.318 gNorm=8.062 lr=0.01 ms=3503.4 buf=1000000 plies=378930112 games=5713257 epoch=0
[REPLAY] step=44400 loss=3.7656 pLoss=2.6875 vLoss=1.0781 pEnt=2.469 pIllM=0.0029 playedP=0.200 pW=0.39 pD=0.02 pL=0.58 vAbs=0.311 gNorm=5.719 lr=0.01 ms=3767.1 buf=1000000 plies=379356707 games=5719594 epoch=0
[REPLAY] step=44450 loss=3.9062 pLoss=2.8438 vLoss=1.0547 pEnt=2.641 pIllM=0.0013 playedP=0.178 pW=0.55 pD=0.02 pL=0.44 vAbs=0.206 gNorm=6.250 lr=0.01 ms=3679.7 buf=1000000 plies=379783386 games=5726028 epoch=0
[REPLAY] step=44500 loss=3.5156 pLoss=2.5625 vLoss=0.9453 pEnt=2.672 pIllM=0.0014 playedP=0.191 pW=0.41 pD=0.07 pL=0.52 vAbs=0.256 gNorm=3.031 lr=0.01 ms=3665.1 buf=1000000 plies=380210029 games=5732427 epoch=0
[REPLAY] step=44550 loss=3.7188 pLoss=2.7500 vLoss=0.9648 pEnt=2.438 pIllM=0.0014 playedP=0.226 pW=0.45 pD=0.10 pL=0.46 vAbs=0.201 gNorm=2.438 lr=0.01 ms=3498.4 buf=1000000 plies=380636678 games=5738780 epoch=0
[REPLAY] step=44600 loss=3.5625 pLoss=2.4062 vLoss=1.1562 pEnt=2.672 pIllM=0.0020 playedP=0.184 pW=0.34 pD=0.08 pL=0.58 vAbs=0.334 gNorm=4.594 lr=0.01 ms=3661.6 buf=1000000 plies=381063457 games=5745153 epoch=0
[REPLAY] step=44650 loss=4.2500 pLoss=2.7812 vLoss=1.4688 pEnt=2.625 pIllM=0.0012 playedP=0.179 pW=0.73 pD=0.05 pL=0.22 vAbs=0.570 gNorm=6.875 lr=0.01 ms=3666.8 buf=1000000 plies=381489961 games=5751619 epoch=0
[REPLAY] step=44700 loss=3.6875 pLoss=2.6562 vLoss=1.0312 pEnt=2.656 pIllM=0.0011 playedP=0.173 pW=0.41 pD=0.04 pL=0.55 vAbs=0.271 gNorm=6.156 lr=0.01 ms=3664.9 buf=1000000 plies=381916622 games=5758064 epoch=0
[REPLAY] step=44750 loss=3.5156 pLoss=2.2344 vLoss=1.2812 pEnt=2.656 pIllM=0.0010 playedP=0.197 pW=0.27 pD=0.11 pL=0.62 vAbs=0.447 gNorm=3.578 lr=0.01 ms=3713.4 buf=1000000 plies=382343403 games=5764416 epoch=0
[REPLAY] step=44800 loss=3.9062 pLoss=2.7031 vLoss=1.2031 pEnt=2.578 pIllM=0.0014 playedP=0.185 pW=0.57 pD=0.02 pL=0.41 vAbs=0.365 gNorm=4.844 lr=0.01 ms=3693.7 buf=1000000 plies=382769971 games=5770766 epoch=0
[REPLAY] step=44850 loss=3.5781 pLoss=2.6250 vLoss=0.9531 pEnt=2.844 pIllM=0.0016 playedP=0.167 pW=0.49 pD=0.05 pL=0.46 vAbs=0.241 gNorm=1.453 lr=0.01 ms=3713.7 buf=1000000 plies=383196563 games=5777175 epoch=0
[REPLAY] step=44900 loss=3.4375 pLoss=2.4062 vLoss=1.0234 pEnt=2.484 pIllM=0.0017 playedP=0.217 pW=0.31 pD=0.14 pL=0.56 vAbs=0.352 gNorm=3.312 lr=0.01 ms=3606.7 buf=1000000 plies=383623224 games=5783600 epoch=0
[REPLAY] step=44950 loss=3.6562 pLoss=1.8906 vLoss=1.7578 pEnt=2.656 pIllM=0.0010 playedP=0.183 pW=0.12 pD=0.04 pL=0.84 vAbs=0.730 gNorm=7.625 lr=0.01 ms=3670.8 buf=1000000 plies=384049880 games=5790053 epoch=0
[REPLAY] step=45000 loss=3.7344 pLoss=2.7188 vLoss=1.0078 pEnt=2.672 pIllM=0.0011 playedP=0.193 pW=0.51 pD=0.08 pL=0.41 vAbs=0.250 gNorm=2.453 lr=0.01 ms=3734.5 buf=1000000 plies=384476579 games=5796413 epoch=0
[REPLAY] saved trainer model (autosave) step=45000 nextGame=5796413 shard=12 epoch=0 -> v5-cont-replay-latest.safetensors
[REPLAY] enumerated checkpoint -> v5-cont-replay-step45000.safetensors
[REPLAY] step=45050 loss=3.5000 pLoss=2.3438 vLoss=1.1484 pEnt=2.750 pIllM=0.0015 playedP=0.171 pW=0.31 pD=0.03 pL=0.66 vAbs=0.436 gNorm=5.312 lr=0.01 ms=3645.9 buf=1000000 plies=384903212 games=5802730 epoch=0
[REPLAY] step=45100 loss=3.5156 pLoss=2.5469 vLoss=0.9648 pEnt=2.578 pIllM=0.0012 playedP=0.193 pW=0.37 pD=0.05 pL=0.59 vAbs=0.330 gNorm=4.156 lr=0.01 ms=3695.8 buf=1000000 plies=385329803 games=5809164 epoch=0
[REPLAY] step=45150 loss=3.8125 pLoss=2.7812 vLoss=1.0312 pEnt=2.656 pIllM=0.0010 playedP=0.193 pW=0.59 pD=0.03 pL=0.39 vAbs=0.236 gNorm=4.281 lr=0.01 ms=3756.9 buf=1000000 plies=385756484 games=5815572 epoch=0
[REPLAY] step=45200 loss=3.7188 pLoss=2.7344 vLoss=0.9844 pEnt=2.484 pIllM=0.0014 playedP=0.206 pW=0.48 pD=0.05 pL=0.47 vAbs=0.250 gNorm=4.031 lr=0.01 ms=3677.3 buf=1000000 plies=386183122 games=5821987 epoch=0
[REPLAY] step=45250 loss=3.9062 pLoss=2.6719 vLoss=1.2266 pEnt=2.531 pIllM=0.0021 playedP=0.200 pW=0.64 pD=0.06 pL=0.31 vAbs=0.449 gNorm=3.938 lr=0.01 ms=3721.4 buf=1000000 plies=386609765 games=5828358 epoch=0
[REPLAY] step=45300 loss=3.6562 pLoss=2.5781 vLoss=1.0703 pEnt=2.609 pIllM=0.0014 playedP=0.193 pW=0.39 pD=0.10 pL=0.50 vAbs=0.285 gNorm=4.344 lr=0.01 ms=3728.1 buf=1000000 plies=387036443 games=5834784 epoch=0
[REPLAY] step=45350 loss=3.7500 pLoss=2.7188 vLoss=1.0234 pEnt=2.562 pIllM=0.0012 playedP=0.185 pW=0.50 pD=0.03 pL=0.46 vAbs=0.307 gNorm=6.906 lr=0.01 ms=3707.7 buf=1000000 plies=387463111 games=5841169 epoch=0
[REPLAY] step=45400 loss=3.6250 pLoss=2.5781 vLoss=1.0469 pEnt=2.703 pIllM=0.0013 playedP=0.188 pW=0.45 pD=0.03 pL=0.52 vAbs=0.289 gNorm=2.609 lr=0.01 ms=3966.1 buf=1000000 plies=387889724 games=5847591 epoch=0
[REPLAY] step=45450 loss=4.2500 pLoss=2.8125 vLoss=1.4375 pEnt=2.453 pIllM=0.0014 playedP=0.215 pW=0.72 pD=0.07 pL=0.21 vAbs=0.578 gNorm=5.500 lr=0.01 ms=3683.1 buf=1000000 plies=388316384 games=5853958 epoch=0
[REPLAY] step=45500 loss=3.6562 pLoss=2.6875 vLoss=0.9648 pEnt=2.641 pIllM=0.0014 playedP=0.180 pW=0.46 pD=0.07 pL=0.47 vAbs=0.283 gNorm=2.781 lr=0.01 ms=3733.8 buf=1000000 plies=388743012 games=5860309 epoch=0
[REPLAY] step=45550 loss=3.6094 pLoss=2.5156 vLoss=1.0938 pEnt=2.641 pIllM=0.0012 playedP=0.188 pW=0.37 pD=0.07 pL=0.57 vAbs=0.340 gNorm=5.000 lr=0.01 ms=3464.7 buf=1000000 plies=389169722 games=5866751 epoch=0
[REPLAY] step=45600 loss=3.8125 pLoss=2.7500 vLoss=1.0625 pEnt=2.625 pIllM=0.0016 playedP=0.165 pW=0.38 pD=0.17 pL=0.46 vAbs=0.268 gNorm=7.219 lr=0.01 ms=3715.7 buf=1000000 plies=389596330 games=5873140 epoch=0
[REPLAY] step=45650 loss=3.5938 pLoss=2.5781 vLoss=1.0156 pEnt=2.688 pIllM=0.0021 playedP=0.190 pW=0.47 pD=0.05 pL=0.48 vAbs=0.268 gNorm=1.102 lr=0.01 ms=3702.4 buf=1000000 plies=390022965 games=5879590 epoch=0
[REPLAY] step=45700 loss=3.7812 pLoss=2.7344 vLoss=1.0469 pEnt=2.562 pIllM=0.0021 playedP=0.202 pW=0.55 pD=0.05 pL=0.39 vAbs=0.291 gNorm=3.656 lr=0.01 ms=3688.0 buf=1000000 plies=390449644 games=5886055 epoch=0
[REPLAY] step=45750 loss=4.0000 pLoss=2.9844 vLoss=1.0078 pEnt=2.516 pIllM=0.0018 playedP=0.172 pW=0.54 pD=0.06 pL=0.41 vAbs=0.273 gNorm=6.281 lr=0.01 ms=3739.3 buf=1000000 plies=390876340 games=5892479 epoch=0
[REPLAY] step=45800 loss=3.9062 pLoss=2.9219 vLoss=0.9844 pEnt=2.500 pIllM=0.0008 playedP=0.166 pW=0.51 pD=0.07 pL=0.43 vAbs=0.223 gNorm=11.562 lr=0.01 ms=3718.8 buf=1000000 plies=391302905 games=5898933 epoch=0
[REPLAY] step=45850 loss=3.6250 pLoss=2.6562 vLoss=0.9727 pEnt=2.547 pIllM=0.0017 playedP=0.191 pW=0.40 pD=0.09 pL=0.52 vAbs=0.316 gNorm=4.062 lr=0.01 ms=3690.8 buf=1000000 plies=391729579 games=5905446 epoch=0
[REPLAY] step=45900 loss=3.7344 pLoss=2.8125 vLoss=0.9258 pEnt=2.500 pIllM=0.0020 playedP=0.208 pW=0.44 pD=0.10 pL=0.46 vAbs=0.193 gNorm=4.094 lr=0.01 ms=3699.0 buf=1000000 plies=392156210 games=5911933 epoch=0
[REPLAY] step=45950 loss=3.7344 pLoss=2.6719 vLoss=1.0625 pEnt=2.562 pIllM=0.0019 playedP=0.205 pW=0.51 pD=0.05 pL=0.44 vAbs=0.289 gNorm=3.047 lr=0.01 ms=3735.5 buf=1000000 plies=392582927 games=5918449 epoch=0
[REPLAY] step=46000 loss=3.6406 pLoss=2.6250 vLoss=1.0156 pEnt=2.578 pIllM=0.0021 playedP=0.184 pW=0.39 pD=0.07 pL=0.54 vAbs=0.273 gNorm=4.000 lr=0.01 ms=3655.0 buf=1000000 plies=393009559 games=5924823 epoch=0
[REPLAY] saved trainer model (autosave) step=46000 nextGame=5924823 shard=13 epoch=0 -> v5-cont-replay-latest.safetensors
[REPLAY] enumerated checkpoint -> v5-cont-replay-step46000.safetensors
[REPLAY] step=46050 loss=3.7656 pLoss=2.7812 vLoss=0.9883 pEnt=2.453 pIllM=0.0021 playedP=0.202 pW=0.42 pD=0.03 pL=0.55 vAbs=0.247 gNorm=6.469 lr=0.01 ms=3645.3 buf=1000000 plies=393436239 games=5931303 epoch=0
[REPLAY] step=46100 loss=3.6406 pLoss=2.5469 vLoss=1.0859 pEnt=2.625 pIllM=0.0013 playedP=0.177 pW=0.38 pD=0.08 pL=0.54 vAbs=0.342 gNorm=5.406 lr=0.01 ms=3653.0 buf=1000000 plies=393862827 games=5937739 epoch=0
[REPLAY] step=46150 loss=3.5625 pLoss=2.4688 vLoss=1.0859 pEnt=2.516 pIllM=0.0014 playedP=0.208 pW=0.37 pD=0.06 pL=0.57 vAbs=0.342 gNorm=3.031 lr=0.01 ms=3649.4 buf=1000000 plies=394289494 games=5944216 epoch=0
[REPLAY] step=46200 loss=3.7969 pLoss=2.6875 vLoss=1.1094 pEnt=2.734 pIllM=0.0011 playedP=0.184 pW=0.53 pD=0.09 pL=0.38 vAbs=0.297 gNorm=2.375 lr=0.01 ms=3691.6 buf=1000000 plies=394716100 games=5950698 epoch=0
[REPLAY] step=46250 loss=3.8281 pLoss=2.1094 vLoss=1.7109 pEnt=2.609 pIllM=0.0017 playedP=0.181 pW=0.21 pD=0.02 pL=0.77 vAbs=0.582 gNorm=7.375 lr=0.01 ms=3624.[REPLAY] WARNING: enumerated checkpoint failed at step 47000: You don’t have permission to save the file “v5-cont-replay-step47000.safetensors” in the folder “v5-continue-bundle”.
8 buf=1000000 plies=395142766 games=5957135 epoch=0
[REPLAY] step=46300 loss=3.5156 pLoss=2.5625 vLoss=0.9531 pEnt=2.469 pIllM=0.0020 playedP=0.211 pW=0.37 pD=0.10 pL=0.54 vAbs=0.342 gNorm=3.672 lr=0.01 ms=3665.6 buf=1000000 plies=395569445 games=5963633 epoch=0
[REPLAY] step=46350 loss=3.5781 pLoss=2.2344 vLoss=1.3359 pEnt=2.578 pIllM=0.0018 playedP=0.183 pW=0.26 pD=0.08 pL=0.66 vAbs=0.498 gNorm=5.031 lr=0.01 ms=3667.6 buf=1000000 plies=395996075 games=5970076 epoch=0
[REPLAY] step=46400 loss=3.7031 pLoss=2.5938 vLoss=1.1016 pEnt=2.703 pIllM=0.0014 playedP=0.191 pW=0.37 pD=0.22 pL=0.41 vAbs=0.264 gNorm=3.688 lr=0.01 ms=3647.7 buf=1000000 plies=396422767 games=5976518 epoch=0
[REPLAY] step=46450 loss=4.1562 pLoss=2.8125 vLoss=1.3516 pEnt=2.609 pIllM=0.0015 playedP=0.182 pW=0.70 pD=0.03 pL=0.27 vAbs=0.488 gNorm=6.031 lr=0.01 ms=3696.9 buf=1000000 plies=396849360 games=5982967 epoch=0
[REPLAY] step=46500 loss=3.5469 pLoss=2.1875 vLoss=1.3594 pEnt=2.547 pIllM=0.0023 playedP=0.194 pW=0.24 pD=0.06 pL=0.70 vAbs=0.486 gNorm=5.844 lr=0.01 ms=3715.3 buf=1000000 plies=397276072 games=5989376 epoch=0
[REPLAY] step=46550 loss=3.8125 pLoss=2.8438 vLoss=0.9648 pEnt=2.641 pIllM=0.0016 playedP=0.176 pW=0.50 pD=0.04 pL=0.46 vAbs=0.217 gNorm=4.188 lr=0.01 ms=3628.5 buf=1000000 plies=397702730 games=5995772 epoch=0
[REPLAY] step=46600 loss=3.5625 pLoss=2.5469 vLoss=1.0156 pEnt=2.891 pIllM=0.0015 playedP=0.161 pW=0.46 pD=0.05 pL=0.49 vAbs=0.273 gNorm=1.102 lr=0.01 ms=3694.9 buf=1000000 plies=398129343 games=6002200 epoch=0
[REPLAY] step=46650 loss=3.5312 pLoss=2.3750 vLoss=1.1484 pEnt=2.469 pIllM=0.0018 playedP=0.222 pW=0.36 pD=0.08 pL=0.57 vAbs=0.342 gNorm=3.469 lr=0.01 ms=3697.4 buf=1000000 plies=398556026 games=6008614 epoch=0
[REPLAY] step=46700 loss=3.6250 pLoss=2.5156 vLoss=1.1016 pEnt=2.609 pIllM=0.0021 playedP=0.188 pW=0.33 pD=0.16 pL=0.51 vAbs=0.287 gNorm=3.297 lr=0.01 ms=3702.3 buf=1000000 plies=398982625 games=6014977 epoch=0
[REPLAY] step=46750 loss=4.1250 pLoss=2.9062 vLoss=1.2031 pEnt=2.516 pIllM=0.0016 playedP=0.192 pW=0.62 pD=0.09 pL=0.29 vAbs=0.400 gNorm=6.344 lr=0.01 ms=3687.4 buf=1000000 plies=399409249 games=6021361 epoch=0
[REPLAY] step=46800 loss=3.8594 pLoss=2.8125 vLoss=1.0469 pEnt=2.516 pIllM=0.0016 playedP=0.209 pW=0.58 pD=0.04 pL=0.38 vAbs=0.324 gNorm=3.172 lr=0.01 ms=3695.8 buf=1000000 plies=399835947 games=6027747 epoch=0
[REPLAY] step=46850 loss=3.5938 pLoss=2.2500 vLoss=1.3359 pEnt=2.656 pIllM=0.0019 playedP=0.179 pW=0.26 pD=0.04 pL=0.70 vAbs=0.475 gNorm=5.094 lr=0.01 ms=3686.1 buf=1000000 plies=400262549 games=6034167 epoch=0
[REPLAY] step=46900 loss=3.7500 pLoss=2.1094 vLoss=1.6406 pEnt=2.719 pIllM=0.0015 playedP=0.173 pW=0.18 pD=0.04 pL=0.79 vAbs=0.625 gNorm=7.750 lr=0.01 ms=3694.6 buf=1000000 plies=400689255 games=6040634 epoch=0
[REPLAY] step=46950 loss=3.9219 pLoss=2.7188 vLoss=1.2031 pEnt=2.672 pIllM=0.0019 playedP=0.194 pW=0.64 pD=0.03 pL=0.33 vAbs=0.420 gNorm=3.781 lr=0.01 ms=3710.3 buf=1000000 plies=401115893 games=6047126 epoch=0
[REPLAY] step=47000 loss=3.7500 pLoss=2.7188 vLoss=1.0234 pEnt=2.656 pIllM=0.0017 playedP=0.203 pW=0.53 pD=0.06 pL=0.41 vAbs=0.268 gNorm=2.922 lr=0.01 ms=3692.1 buf=1000000 plies=401542502 games=6053555 epoch=0
[REPLAY] saved trainer model (autosave) step=47000 nextGame=6053555 shard=13 epoch=0 -> v5-cont-replay-latest.safetensors
[REPLAY] step=47050 loss=4.1250 pLoss=2.6406 vLoss=1.4688 pEnt=2.797 pIllM=0.0013 playedP=0.173 pW=0.70 pD=0.09 pL=0.21 vAbs=0.520 gNorm=5.344 lr=0.01 ms=3711.7 buf=1000000 plies=401969149 games=6060075 epoch=0
[REPLAY] step=47100 loss=4.1875 pLoss=2.7969 vLoss=1.3828 pEnt=2.594 pIllM=0.0013 playedP=0.190 pW=0.73 pD=0.03 pL=0.25 vAbs=0.504 gNorm=7.031 lr=0.01 ms=3708.8 buf=1000000 plies=402395817 games=6066548 epoch=0
[REPLAY] step=47150 loss=3.5938 pLoss=2.3281 vLoss=1.2578 pEnt=2.594 pIllM=0.0012 playedP=0.187 pW=0.29 pD=0.09 pL=0.62 vAbs=0.439 gNorm=6.312 lr=0.01 ms=3704.7 buf=1000000 plies=402822459 games=6073067 epoch=0
[REPLAY] step=47200 loss=4.1562 pLoss=2.8750 vLoss=1.2812 pEnt=2.422 pIllM=0.0016 playedP=0.218 pW=0.64 pD=0.06 pL=0.30 vAbs[REPLAY] WARNING: enumerated checkpoint failed at step 48000: You don’t have permission to save the file “v5-cont-replay-step48000.safetensors” in the folder “v5-continue-bundle”.
=0.410 gNorm=5.500 lr=0.01 ms=3718.3 buf=1000000 plies=403249126 games=6079525 epoch=0
[REPLAY] step=47250 loss=3.5000 pLoss=2.2656 vLoss=1.2266 pEnt=2.703 pIllM=0.0023 playedP=0.184 pW=0.30 pD=0.07 pL=0.64 vAbs=0.393 gNorm=3.906 lr=0.01 ms=3928.6 buf=1000000 plies=403675802 games=6085937 epoch=0
[REPLAY] step=47300 loss=3.6719 pLoss=2.6250 vLoss=1.0469 pEnt=2.391 pIllM=0.0013 playedP=0.227 pW=0.41 pD=0.08 pL=0.51 vAbs=0.273 gNorm=3.484 lr=0.01 ms=3917.1 buf=1000000 plies=404102399 games=6092437 epoch=0
[REPLAY] step=47350 loss=4.0938 pLoss=2.9219 vLoss=1.1797 pEnt=2.562 pIllM=0.0012 playedP=0.164 pW=0.58 pD=0.21 pL=0.21 vAbs=0.447 gNorm=10.875 lr=0.01 ms=3707.2 buf=1000000 plies=404529068 games=6098931 epoch=0
[REPLAY] step=47400 loss=3.8125 pLoss=2.8281 vLoss=0.9766 pEnt=2.703 pIllM=0.0016 playedP=0.174 pW=0.46 pD=0.08 pL=0.46 vAbs=0.224 gNorm=5.250 lr=0.01 ms=3656.2 buf=1000000 plies=404955740 games=6105446 epoch=0
[REPLAY] step=47450 loss=3.8281 pLoss=2.8750 vLoss=0.9492 pEnt=2.656 pIllM=0.0014 playedP=0.172 pW=0.48 pD=0.04 pL=0.49 vAbs=0.209 gNorm=5.625 lr=0.01 ms=3711.4 buf=1000000 plies=405382449 games=6111890 epoch=0
[REPLAY] step=47500 loss=3.7500 pLoss=2.6094 vLoss=1.1406 pEnt=2.609 pIllM=0.0018 playedP=0.197 pW=0.39 pD=0.12 pL=0.49 vAbs=0.281 gNorm=4.969 lr=0.01 ms=3709.8 buf=1000000 plies=405809056 games=6118323 epoch=0
[REPLAY] step=47550 loss=3.8438 pLoss=2.8125 vLoss=1.0312 pEnt=2.609 pIllM=0.0020 playedP=0.181 pW=0.53 pD=0.07 pL=0.39 vAbs=0.299 gNorm=4.562 lr=0.01 ms=3726.2 buf=1000000 plies=406235663 games=6124810 epoch=0
[REPLAY] step=47600 loss=3.5625 pLoss=2.3125 vLoss=1.2500 pEnt=2.531 pIllM=0.0018 playedP=0.204 pW=0.31 pD=0.04 pL=0.64 vAbs=0.389 gNorm=5.250 lr=0.01 ms=3664.9 buf=1000000 plies=406662370 games=6131269 epoch=0
[REPLAY] step=47650 loss=3.8125 pLoss=2.7969 vLoss=1.0156 pEnt=2.516 pIllM=0.0018 playedP=0.206 pW=0.52 pD=0.08 pL=0.40 vAbs=0.238 gNorm=2.531 lr=0.01 ms=3710.2 buf=1000000 plies=407088991 games=6137738 epoch=0
[REPLAY] step=47700 loss=3.9688 pLoss=2.8125 vLoss=1.1484 pEnt=2.562 pIllM=0.0015 playedP=0.183 pW=0.58 pD=0.02 pL=0.40 vAbs=0.318 gNorm=6.000 lr=0.01 ms=3735.2 buf=1000000 plies=407515639 games=6144200 epoch=0
[REPLAY] step=47750 loss=3.8750 pLoss=2.7969 vLoss=1.0781 pEnt=2.516 pIllM=0.0020 playedP=0.197 pW=0.58 pD=0.03 pL=0.39 vAbs=0.312 gNorm=5.250 lr=0.01 ms=3715.9 buf=1000000 plies=407942362 games=6150692 epoch=0
[REPLAY] step=47800 loss=3.5938 pLoss=2.5000 vLoss=1.0859 pEnt=2.922 pIllM=0.0012 playedP=0.159 pW=0.37 pD=0.06 pL=0.57 vAbs=0.334 gNorm=1.984 lr=0.01 ms=3776.5 buf=1000000 plies=408368899 games=6157144 epoch=0
[REPLAY] step=47850 loss=3.9531 pLoss=2.8594 vLoss=1.0859 pEnt=2.438 pIllM=0.0015 playedP=0.222 pW=0.46 pD=0.19 pL=0.35 vAbs=0.235 gNorm=4.094 lr=0.01 ms=3696.9 buf=1000000 plies=408795613 games=6163627 epoch=0
[REPLAY] step=47900 loss=3.6719 pLoss=2.7188 vLoss=0.9531 pEnt=2.547 pIllM=0.0015 playedP=0.197 pW=0.41 pD=0.06 pL=0.53 vAbs=0.212 gNorm=3.609 lr=0.01 ms=3838.7 buf=1000000 plies=409222253 games=6170202 epoch=0
[REPLAY] step=47950 loss=3.8281 pLoss=2.7656 vLoss=1.0625 pEnt=2.594 pIllM=0.0023 playedP=0.199 pW=0.48 pD=0.12 pL=0.40 vAbs=0.266 gNorm=4.062 lr=0.01 ms=3664.0 buf=1000000 plies=409648896 games=6176676 epoch=0
[REPLAY] step=48000 loss=3.6406 pLoss=2.5312 vLoss=1.1094 pEnt=2.656 pIllM=0.0011 playedP=0.183 pW=0.38 pD=0.11 pL=0.51 vAbs=0.346 gNorm=3.828 lr=0.01 ms=3673.5 buf=1000000 plies=410075555 games=6183156 epoch=0
[REPLAY] saved trainer model (autosave) step=48000 nextGame=6183156 shard=13 epoch=0 -> v5-cont-replay-latest.safetensors
[REPLAY] step=48050 loss=3.7500 pLoss=2.7812 vLoss=0.9688 pEnt=2.562 pIllM=0.0013 playedP=0.192 pW=0.53 pD=0.02 pL=0.45 vAbs=0.241 gNorm=3.484 lr=0.01 ms=3648.5 buf=1000000 plies=410502173 games=6189567 epoch=0
[REPLAY] step=48100 loss=3.9375 pLoss=3.0000 vLoss=0.9336 pEnt=2.594 pIllM=0.0019 playedP=0.186 pW=0.50 pD=0.04 pL=0.47 vAbs=0.226 gNorm=6.250 lr=0.01 ms=3662.1 buf=1000000 plies=410928810 games=6196054 epoch=0
[REPLAY] step=48150 loss=3.7656 pLoss=2.7656 vLoss=0.9961 pEnt=2.531 pIllM=0.0020 played[REPLAY] WARNING: enumerated checkpoint failed at step 49000: You don’t have permission to save the file “v5-cont-replay-step49000.safetensors” in the folder “v5-continue-bundle”.
P=0.224 pW=0.54 pD=0.02 pL=0.44 vAbs=0.228 gNorm=3.516 lr=0.01 ms=3657.5 buf=1000000 plies=411355461 games=6202540 epoch=0
[REPLAY] step=48200 loss=3.7656 pLoss=2.7656 vLoss=0.9961 pEnt=2.547 pIllM=0.0013 playedP=0.205 pW=0.47 pD=0.04 pL=0.48 vAbs=0.212 gNorm=3.219 lr=0.01 ms=3726.5 buf=1000000 plies=411782185 games=6208997 epoch=0
[REPLAY] step=48250 loss=3.9844 pLoss=2.7188 vLoss=1.2656 pEnt=2.641 pIllM=0.0013 playedP=0.178 pW=0.67 pD=0.03 pL=0.30 vAbs=0.469 gNorm=5.125 lr=0.01 ms=3686.8 buf=1000000 plies=412208787 games=6215433 epoch=0
[REPLAY] step=48300 loss=3.7188 pLoss=2.7500 vLoss=0.9688 pEnt=2.516 pIllM=0.0019 playedP=0.190 pW=0.50 pD=0.02 pL=0.48 vAbs=0.256 gNorm=5.000 lr=0.01 ms=3717.5 buf=1000000 plies=412635410 games=6221859 epoch=0
[REPLAY] step=48350 loss=3.7031 pLoss=2.6562 vLoss=1.0391 pEnt=2.641 pIllM=0.0017 playedP=0.175 pW=0.47 pD=0.06 pL=0.47 vAbs=0.311 gNorm=3.359 lr=0.01 ms=3731.5 buf=1000000 plies=413062096 games=6228313 epoch=0
[REPLAY] step=48400 loss=3.9062 pLoss=2.7344 vLoss=1.1719 pEnt=2.484 pIllM=0.0017 playedP=0.212 pW=0.60 pD=0.04 pL=0.37 vAbs=0.395 gNorm=4.281 lr=0.01 ms=3675.6 buf=1000000 plies=413488734 games=6234716 epoch=0
[REPLAY] step=48450 loss=3.7969 pLoss=2.6875 vLoss=1.1094 pEnt=2.406 pIllM=0.0022 playedP=0.203 pW=0.37 pD=0.09 pL=0.54 vAbs=0.316 gNorm=6.219 lr=0.01 ms=3699.4 buf=1000000 plies=413915392 games=6241261 epoch=0
[REPLAY] step=48500 loss=3.9062 pLoss=2.9375 vLoss=0.9648 pEnt=2.359 pIllM=0.0014 playedP=0.182 pW=0.46 pD=0.07 pL=0.47 vAbs=0.240 gNorm=11.062 lr=0.01 ms=3695.8 buf=1000000 plies=414342027 games=6247747 epoch=0
[REPLAY] step=48550 loss=3.7344 pLoss=2.0156 vLoss=1.7188 pEnt=2.688 pIllM=0.0017 playedP=0.166 pW=0.17 pD=0.02 pL=0.82 vAbs=0.688 gNorm=7.156 lr=0.01 ms=3710.4 buf=1000000 plies=414768657 games=6254232 epoch=0
[REPLAY] step=48600 loss=3.6250 pLoss=2.6562 vLoss=0.9609 pEnt=2.750 pIllM=0.0020 playedP=0.185 pW=0.50 pD=0.07 pL=0.43 vAbs=0.258 gNorm=2.031 lr=0.01 ms=3689.2 buf=1000000 plies=415195355 games=6260670 epoch=0
[REPLAY] step=48650 loss=3.7188 pLoss=2.7500 vLoss=0.9609 pEnt=2.688 pIllM=0.0010 playedP=0.181 pW=0.46 pD=0.04 pL=0.49 vAbs=0.214 gNorm=3.766 lr=0.01 ms=3680.1 buf=1000000 plies=415621980 games=6267152 epoch=0
[REPLAY] step=48700 loss=3.4062 pLoss=2.1875 vLoss=1.2109 pEnt=2.562 pIllM=0.0021 playedP=0.186 pW=0.25 pD=0.03 pL=0.72 vAbs=0.520 gNorm=5.812 lr=0.01 ms=3689.0 buf=1000000 plies=416048642 games=6273576 epoch=0
[REPLAY] step=48750 loss=3.7812 pLoss=2.8125 vLoss=0.9609 pEnt=2.625 pIllM=0.0013 playedP=0.191 pW=0.48 pD=0.09 pL=0.42 vAbs=0.202 gNorm=2.188 lr=0.01 ms=3806.4 buf=1000000 plies=416475274 games=6280025 epoch=0
[REPLAY] step=48800 loss=3.7188 pLoss=2.7344 vLoss=0.9844 pEnt=2.562 pIllM=0.0016 playedP=0.186 pW=0.49 pD=0.06 pL=0.45 vAbs=0.262 gNorm=4.219 lr=0.01 ms=3691.7 buf=1000000 plies=416901942 games=6286513 epoch=0
[REPLAY] step=48850 loss=3.5625 pLoss=2.4688 vLoss=1.0938 pEnt=2.719 pIllM=0.0016 playedP=0.180 pW=0.38 pD=0.10 pL=0.52 vAbs=0.371 gNorm=3.188 lr=0.01 ms=3647.5 buf=1000000 plies=417328557 games=6292983 epoch=0
[REPLAY] step=48900 loss=3.7344 pLoss=2.7656 vLoss=0.9609 pEnt=2.562 pIllM=0.0020 playedP=0.203 pW=0.50 pD=0.14 pL=0.37 vAbs=0.216 gNorm=2.578 lr=0.01 ms=3684.5 buf=1000000 plies=417755220 games=6299364 epoch=0
[REPLAY] step=48950 loss=3.2969 pLoss=2.2656 vLoss=1.0312 pEnt=2.828 pIllM=0.0014 playedP=0.169 pW=0.30 pD=0.04 pL=0.65 vAbs=0.416 gNorm=3.781 lr=0.01 ms=3689.5 buf=1000000 plies=418181957 games=6305811 epoch=0
[REPLAY] step=49000 loss=3.6250 pLoss=2.6250 vLoss=0.9922 pEnt=2.812 pIllM=0.0010 playedP=0.167 pW=0.43 pD=0.07 pL=0.50 vAbs=0.244 gNorm=2.438 lr=0.01 ms=3645.0 buf=1000000 plies=418608598 games=6312250 epoch=0
[REPLAY] saved trainer model (autosave) step=49000 nextGame=6312250 shard=13 epoch=0 -> v5-cont-replay-latest.safetensors
[REPLAY] step=49050 loss=3.5938 pLoss=2.4375 vLoss=1.1484 pEnt=2.609 pIllM=0.0012 playedP=0.189 pW=0.33 pD=0.06 pL=0.61 vAbs=0.309 gNorm=3.906 lr=0.01 ms=3670.9 buf=1000000 plies=419035198 games=6318663 epoch=0
[REPLAY] step=49100 loss=3.7812 pLoss=2.3750 vLoss=1.3984 pEnt=2.656 pIllM=0.0012 playedP=0.186 pW=0.21 pD=0.25 pL=0.55 vAbs=0.365 gNorm=5.781 lr=0.01 ms=3656.7 buf=1000000 plies=419461862 games=6325122 epoch=0
[REPLAY] step=49150 loss=4.0000 pLoss=2.7031 vLoss=1.2969 pEnt=2.438 pIllM=0.0020 playedP=0.225 pW=0.67 pD=0.04 pL=0.29 vAbs=0.498 gNorm=4.344 lr=0.01 ms=3728.2 buf=1000000 plies=419888560 games=6331567 epoch=0
[REPLAY] step=49200 loss=3.7500 pLoss=2.7656 vLoss=0.9766 pEnt=2.688 pIllM=0.0013 playedP=0.170 pW=0.46 pD=0.03 pL=0.51 vAbs=0.214 gNorm=3.922 lr=0.01 ms=3700.2 buf=1000000 plies=420315118 games=6338002 epoch=0
[REPLAY] step=49250 loss=3.5625 pLoss=2.3281 vLoss=1.2344 pEnt=2.594 pIllM=0.0016 playedP=0.175 pW=0.30 pD=0.06 pL=0.64 vAbs=0.393 gNorm=7.438 lr=0.01 ms=3713.7 buf=1000000 plies=420741766 games=6344388 epoch=0
[REPLAY] step=49300 loss=3.5312 pLoss=2.4375 vLoss=1.0938 pEnt=2.594 pIllM=0.0022 playedP=0.190 pW=0.33 pD=0.09 pL=0.57 vAbs=0.350 gNorm=4.406 lr=0.01 ms=3654.9 buf=1000000 plies=421168416 games=6350817 epoch=0
[REPLAY] step=49350 loss=4.2188 pLoss=2.7969 vLoss=1.4219 pEnt=2.531 pIllM=0.0017 playedP=0.194 pW=0.67 pD=0.11 pL=0.22 vAbs=0.490 gNorm=6.625 lr=0.01 ms=3657.8 buf=1000000 plies=421595051 games=6357203 epoch=0
[REPLAY] skipping unreadable shard shard-00014.dcmgames: Corpus I/O failed: read shard-00014.dcmgames: The file “shard-00014.dcmgames” couldn’t be opened because you don’t have permission to view it.
[REPLAY] skipping unreadable shard shard-00015.dcmgames: Corpus I/O failed: read shard-00015.dcmgames: The file “shard-00015.dcmgames” couldn’t be opened because you don’t have permission to view it.
[REPLAY] skipping unreadable shard shard-00016.dcmgames: Corpus I/O failed: read shard-00016.dcmgames: The file “shard-00016.dcmgames” couldn’t be opened because you don’t have permission to view it.
[REPLAY] skipping unreadable shard shard-00017.dcmgames: Corpus I/O failed: read shard-00017.dcmgames: The file “shard-00017.dcmgames” couldn’t be opened because you don’t have permission to view it.
[REPLAY] skipping unreadable shard shard-00018.dcmgames: Corpus I/O failed: read shard-00018.dcmgames: The file “shard-00018.dcmgames” couldn’t be opened because you don’t have permission to view it.
[REPLAY] skipping unreadable shard shard-00019.dcmgames: Corpus I/O failed: read shard-00019.dcmgames: The file “shard-00019.dcmgames” couldn’t be opened because you don’t have permission to view it.
[REPLAY] skipping unreadable shard shard-00020.dcmgames: Corpus I/O failed: read shard-00020.dcmgames: The file “shard-00020.dcmgames” couldn’t be opened because you don’t have permission to view it.
[REPLAY] skipping unreadable shard shard-00021.dcmgames: Corpus I/O failed: read shard-00021.dcmgames: The file “shard-00021.dcmgames” couldn’t be opened because you don’t have permission to view it.
[REPLAY] skipping unreadable shard shard-00022.dcmgames: Corpus I/O failed: read shard-00022.dcmgames: The file “shard-00022.dcmgames” couldn’t be opened because you don’t have permission to view it.
[REPLAY] skipping unreadable shard shard-00023.dcmgames: Corpus I/O failed: read shard-00023.dcmgames: The file “shard-00023.dcmgames” couldn’t be opened because you don’t have permission to view it.
[REPLAY] skipping unreadable shard shard-00024.dcmgames: Corpus I/O failed: read shard-00024.dcmgames: The file “shard-00024.dcmgames” couldn’t be opened because you don’t have permission to view it.
[REPLAY] skipping unreadable shard shard-00025.dcmgames: Corpus I/O failed: read shard-00025.dcmgames: The file “shard-00025.dcmgames” couldn’t be opened because you don’t have permission to view it.
[REPLAY] skipping unreadable shard shard-00026.dcmgames: Corpus I/O failed: read shard-00026.dcmgames: The file “shard-00026.dcmgames” couldn’t be opened because you don’t have permission to view it.
[REPLAY] skipping unreadable shard shard-00027.dcmgames: Corpus I/O failed: read shard-00027.dcmgames: The file “shard-00027.dcmgames” couldn’t be opened because you don’LLVM Profile Error: Failed to write file "default.profraw": Operation not permitted
t have permission to view it.
[REPLAY] skipping unreadable shard shard-00028.dcmgames: Corpus I/O failed: read shard-00028.dcmgames: The file “shard-00028.dcmgames” couldn’t be opened because you don’t have permission to view it.
[REPLAY] skipping unreadable shard shard-00029.dcmgames: Corpus I/O failed: read shard-00029.dcmgames: The file “shard-00029.dcmgames” couldn’t be opened because you don’t have permission to view it.
[REPLAY] skipping unreadable shard shard-00030.dcmgames: Corpus I/O failed: read shard-00030.dcmgames: The file “shard-00030.dcmgames” couldn’t be opened because you don’t have permission to view it.
[REPLAY] skipping unreadable shard shard-00031.dcmgames: Corpus I/O failed: read shard-00031.dcmgames: The file “shard-00031.dcmgames” couldn’t be opened because you don’t have permission to view it.
[REPLAY] skipping unreadable shard shard-00032.dcmgames: Corpus I/O failed: read shard-00032.dcmgames: The file “shard-00032.dcmgames” couldn’t be opened because you don’t have permission to view it.
[REPLAY] skipping unreadable shard shard-00033.dcmgames: Corpus I/O failed: read shard-00033.dcmgames: The file “shard-00033.dcmgames” couldn’t be opened because you don’t have permission to view it.
[REPLAY] skipping unreadable shard shard-00034.dcmgames: Corpus I/O failed: read shard-00034.dcmgames: The file “shard-00034.dcmgames” couldn’t be opened because you don’t have permission to view it.
[REPLAY] skipping unreadable shard shard-00035.dcmgames: Corpus I/O failed: read shard-00035.dcmgames: The file “shard-00035.dcmgames” couldn’t be opened because you don’t have permission to view it.
[REPLAY] skipping unreadable shard shard-00036.dcmgames: Corpus I/O failed: read shard-00036.dcmgames: The file “shard-00036.dcmgames” couldn’t be opened because you don’t have permission to view it.
[REPLAY] skipping unreadable shard shard-00037.dcmgames: Corpus I/O failed: read shard-00037.dcmgames: The file “shard-00037.dcmgames” couldn’t be opened because you don’t have permission to view it.
[REPLAY] skipping unreadable shard shard-00038.dcmgames: Corpus I/O failed: read shard-00038.dcmgames: The file “shard-00038.dcmgames” couldn’t be opened because you don’t have permission to view it.
[REPLAY] skipping unreadable shard shard-00039.dcmgames: Corpus I/O failed: read shard-00039.dcmgames: The file “shard-00039.dcmgames” couldn’t be opened because you don’t have permission to view it.
[REPLAY] skipping unreadable shard shard-00040.dcmgames: Corpus I/O failed: read shard-00040.dcmgames: The file “shard-00040.dcmgames” couldn’t be opened because you don’t have permission to view it.
[REPLAY] skipping unreadable shard shard-00041.dcmgames: Corpus I/O failed: read shard-00041.dcmgames: The file “shard-00041.dcmgames” couldn’t be opened because you don’t have permission to view it.
[REPLAY] skipping unreadable shard shard-00042.dcmgames: Corpus I/O failed: read shard-00042.dcmgames: The file “shard-00042.dcmgames” couldn’t be opened because you don’t have permission to view it.
[REPLAY] skipping unreadable shard shard-00043.dcmgames: Corpus I/O failed: read shard-00043.dcmgames: The file “shard-00043.dcmgames” couldn’t be opened because you don’t have permission to view it.
[REPLAY] skipping unreadable shard shard-00044.dcmgames: Corpus I/O failed: read shard-00044.dcmgames: The file “shard-00044.dcmgames” couldn’t be opened because you don’t have permission to view it.
[REPLAY] skipping unreadable shard shard-00045.dcmgames: Corpus I/O failed: read shard-00045.dcmgames: The file “shard-00045.dcmgames” couldn’t be opened because you don’t have permission to view it.
[REPLAY] saved trainer model (final) step=49374 nextGame=0 shard=0 epoch=1 -> v5-cont-replay-latest.safetensors
[REPLAY] enumerated checkpoint -> v5-cont-replay-step49374.safetensors
[REPLAY] done: steps=49374 positionsFed=421804465 gamesFed=6360368 epochs=1
