k,gamma,beta,running_mean,running_var,on_ratio,p_on,act_mean,act_std,act_second,pre_row_norm,final_col_norm,effective_contribution,mean_over_std,bn_input_rounding_noise,dead,mostly_off,flat,always_on,negative_gamma,mean_row_component,shared_contribution,column_shared_fraction,pre_row_rel_change,pre_row_cos_ref,pre_row_norm_ratio_ref,gamma_delta,beta_delta,final_col_rel_change
0,1.36719,0.566406,-0.0556641,0.0135498,0.414286,0.660668,0.87644,0.98114,1.73078,0.180187,0.477035,0.468038,0.478199,0.00288711,0,0,0,0,0,-0.042001,-0.0368114,0.767567,0.986297,0.168325,0.134933,0.367188,0.566406,1.2552
1,1.125,0.129883,-0.0273438,0.00430298,0.115451,0.545956,0.516069,0.701504,0.758435,0.148868,0.313771,0.220111,0.416844,0.00276727,0,0,0,0,0,-0.0209114,-0.0107917,0.581003,0.965317,0.370288,0.107703,0.125,0.129883,1.11687
2,1.375,0.757812,-0.0888672,0.0111694,0.551136,0.70923,1.00575,1.04573,2.10507,0.144132,0.471435,0.492993,0.840864,0.00359544,0,0,0,0,0,-0.0459601,-0.0462241,0.849896,0.983173,0.227277,0.0920568,0.375,0.757812,1.28332
3,1.28125,0.515625,-0.0206299,0.00823975,0.402439,0.65632,0.811672,0.91457,1.49525,0.180238,0.400096,0.365916,0.227269,0.00239701,0,0,0,0,0,-0.0351343,-0.0285175,0.76555,0.977625,0.233426,0.132239,0.28125,0.515625,1.20967
4,0.785156,0.1875,-0.213867,0.0412598,0.238806,0.594372,0.415483,0.521153,0.444226,0.321468,0.424861,0.221417,1.05288,0.00400954,0,0,0,0,0,-0.0305991,-0.0127134,0.627869,0.981366,0.194179,0.22219,-0.214844,0.1875,1.22651
5,1.32812,0.0844727,0.0302734,0.00787354,0.0636029,0.525357,0.574818,0.803173,0.975503,0.180005,0.258816,0.207874,0.341175,0.00261948,0,0,0,0,0,-0.00530695,-0.00305053,0.178756,0.983246,0.193745,0.128102,0.328125,0.0844727,1.01476
6,1.42969,0.625,-0.0947266,0.00732422,0.437158,0.669002,0.937355,1.03664,1.95327,0.157042,0.408156,0.423113,1.10686,0.00411495,0,0,0,0,0,-0.035945,-0.0336932,0.767748,0.988838,0.154647,0.113211,0.429688,0.625,1.2548
7,1.3125,-0.013916,0.0134888,0.00473022,-0.0106027,0.49577,0.519358,0.759634,0.846777,0.20577,0.516074,0.392028,0.196124,0.00233618,0,0,0,0,0,-0.0274983,-0.0142814,0.464515,0.977471,0.216969,0.166717,0.3125,-0.013916,1.16524
8,0.929688,-0.139648,-0.0311279,0.00891113,-0.15021,0.440299,0.302983,0.495972,0.337786,0.137326,0.184208,0.0913618,0.329749,0.00259717,0,0,0,0,0,-0.0128088,-0.00388086,0.60619,0.978004,0.27845,0.0939859,-0.0703125,-0.139648,0.998713
9,1.10938,-0.169922,-0.0212402,0.00656128,-0.153169,0.439132,0.359901,0.590831,0.47861,0.235746,0.325125,0.192094,0.26222,0.00246527,0,0,0,0,0,0.00102068,0.000367345,0.0273683,1.00322,0.0586004,0.157995,0.109375,-0.169922,0.985751
10,0.996094,0.118164,-0.0280762,0.00631714,0.118627,0.547215,0.458518,0.622288,0.597481,0.147294,0.260589,0.162161,0.353246,0.00264306,0,0,0,0,0,-0.0193351,-0.00886547,0.64684,0.992235,0.128447,0.0963597,-0.00390625,0.118164,1.07198
11,2,0.398438,-0.0412598,0.00634766,0.199219,0.578954,1.00787,1.30499,2.71879,0.229723,0.81992,1.06999,0.517869,0.00296459,0,0,0,0,0,-0.0266734,-0.0268832,0.283605,0.985909,0.170619,0.137054,1,0.398438,1.576
12,1.49219,0.726562,-0.0419922,0.00787354,0.486911,0.686839,1.02567,1.1066,2.27655,0.165621,0.389553,0.431079,0.473242,0.00287743,0,0,0,0,0,-0.0294656,-0.0302218,0.659409,0.965793,0.32011,0.132425,0.492188,0.726562,1.27115
13,1.07031,-0.131836,0.0524902,0.0119019,-0.123175,0.450984,0.36328,0.579944,0.468307,0.24657,0.274461,0.159172,0.48114,0.00289285,0,0,0,0,0,0.00818265,0.00297259,0.259909,1.00925,0.0400909,0.182228,0.0703125,-0.131836,0.992148
14,1.89062,1.125,0.0341797,0.0113525,0.595041,0.724092,1.44593,1.4574,4.21472,0.1952,0.529162,0.771198,0.320791,0.00257967,0,0,0,0,0,-0.0366531,-0.0529977,0.60385,1.00851,0.0225553,0.155217,0.890625,1.125,1.27351
15,2.17188,1.41406,0.0874023,0.0375977,0.651079,0.742502,1.75344,1.70381,5.97752,0.344085,0.917182,1.5627,0.450757,0.00283351,0,0,0,0,0,-0.0786269,-0.137867,0.747347,0.962697,0.270828,0.259275,1.17188,1.41406,2.12116
16,1.60156,1.00781,0.0415039,0.00927734,0.629268,0.735413,1.26648,1.24781,3.16101,0.135254,0.399962,0.499078,0.430901,0.00279473,0,0,0,0,0,-0.0396459,-0.0502108,0.864146,1.00545,0.00391214,0.108493,0.601562,1.00781,1.28058
17,1.33594,0.155273,-0.0202637,0.00424194,0.116228,0.546264,0.613351,0.833417,1.07078,0.180498,0.425709,0.354793,0.311126,0.00256079,0,0,0,0,0,-0.0232575,-0.014265,0.476275,0.988037,0.158317,0.122531,0.335938,0.155273,1.08626
18,2.45312,0.335938,-0.120117,0.00958252,0.136943,0.554462,1.15168,1.54916,3.72627,0.250259,0.847424,1.3128,1.22706,0.00434972,0,0,0,0,0,-0.0314282,-0.0361951,0.323315,0.968031,0.263924,0.181828,1.45312,0.335938,1.77399
19,1.5,0.617188,0.00540161,0.0148315,0.411458,0.659632,0.958876,1.07508,2.07524,0.219652,0.567998,0.610642,0.0443537,0.00203975,0,0,0,0,0,-0.0459829,-0.0440919,0.705758,1.00369,0.0529164,0.153919,0.5,0.617188,1.33719
20,1.20312,0.167969,-0.46875,0.0476074,0.13961,0.555516,0.56644,0.760974,0.899937,0.365791,0.242286,0.184373,2.14834,0.00614911,0,0,0,0,0,-0.000962885,-0.000545417,0.034646,1.0133,0.0714372,0.249985,0.203125,0.167969,1.12183
21,1.17188,-0.15332,0.277344,0.0205078,-0.130833,0.447954,0.393264,0.632174,0.554301,0.335981,0.225229,0.142384,1.93668,0.00573571,0,0,0,0,0,-0.00210702,-0.000828615,0.0815549,1.03062,0.00235489,0.251702,0.171875,-0.15332,1.08331
22,0.984375,-0.0118408,0.0952148,0.0286865,-0.0120288,0.495201,0.388816,0.569246,0.475219,0.299949,0.245799,0.13992,0.562167,0.00305111,0,0,0,0,0,-0.0156408,-0.00608139,0.554735,0.986841,0.174387,0.239704,-0.015625,-0.0118408,1.03983
23,1.38281,-0.0568848,-0.0488281,0.0366211,-0.041137,0.483593,0.526069,0.786046,0.894617,0.401414,0.400757,0.315014,0.255155,0.00245147,0,0,0,0,0,-0.000534459,-0.000281162,0.0116263,0.96979,0.248454,0.295584,0.382812,-0.0568848,1.08772
24,2.60938,0.832031,-0.111328,0.0202637,0.318862,0.625085,1.514,1.79414,5.51114,0.296246,0.72612,1.30276,0.78207,0.00348061,0,0,0,0,0,-0.0303113,-0.0458912,0.363918,0.98033,0.200519,0.235953,1.60938,0.832031,1.61246
25,0.988281,-0.188477,0.0155029,0.00897217,-0.190711,0.424376,0.304191,0.513964,0.356691,0.210652,0.20153,0.103579,0.163668,0.00227279,0,0,0,0,0,0.00917851,0.00279202,0.397046,0.987887,0.155343,0.148113,-0.0117188,-0.188477,1.02443
26,1.50781,0.824219,-0.0223389,0.00726318,0.546632,0.707684,1.09773,1.14517,2.51643,0.167254,0.445519,0.510193,0.262118,0.00246508,0,0,0,0,0,-0.0431836,-0.0474041,0.845005,0.975328,0.264331,0.11895,0.507812,0.824219,1.10907
27,1.375,0.601562,-0.00479126,0.0133057,0.4375,0.669126,0.901799,0.997145,1.80754,0.173795,0.363331,0.362294,0.0415366,0.00203425,0,0,0,0,0,-0.0373475,-0.0336799,0.896118,0.975399,0.261935,0.120465,0.375,0.601562,1.17982
28,1.10156,0.151367,-0.090332,0.00958252,0.137411,0.554647,0.517413,0.695835,0.751903,0.195584,0.209124,0.145516,0.922788,0.00375545,0,0,0,0,0,-0.00804331,-0.00416171,0.335303,0.954071,0.389047,0.140836,0.101562,0.151367,1.05914
29,1.57031,0.0578613,-0.855469,0.119141,0.036847,0.514697,0.65863,0.934715,1.30749,0.568306,0.369082,0.344986,2.47842,0.00679378,0,0,0,0,0,-0.00217413,-0.00143194,0.0513534,1.02648,0.147608,0.422293,0.570312,0.0578613,1.23456
30,1.39844,0.0649414,0.0240479,0.00491333,0.0464385,0.51852,0.593247,0.837147,1.05276,0.156646,0.277936,0.232673,0.343074,0.00262319,0,0,0,0,0,-0.001212,-0.000719014,0.0380157,0.990711,0.136051,0.140399,0.398438,0.0649414,1.06453
31,1.21875,-0.225586,-0.0874023,0.0195312,-0.185096,0.426577,0.377609,0.636407,0.547602,0.323096,0.287125,0.182728,0.6254,0.00317461,0,0,0,0,0,0.00850401,0.00321119,0.258203,0.960504,0.282294,0.234783,0.21875,-0.225586,1.03809
32,1.8125,0.205078,-0.243164,0.0888672,0.113147,0.545043,0.829356,1.12866,1.96172,0.613736,0.398494,0.449766,0.815697,0.00354628,0,0,0,0,0,-0.00623203,-0.00516857,0.136337,1.00688,0.22454,0.477961,0.8125,0.205078,1.22199
33,1.14062,0.0354004,-0.24707,0.0356445,0.031036,0.51238,0.475094,0.676616,0.683523,0.415921,0.30198,0.204325,1.30865,0.00450909,0,0,0,0,0,-0.000260689,-0.000123852,0.00752577,0.994731,0.172146,0.310438,0.140625,0.0354004,1.06129
34,1.16406,-0.0356445,-0.046875,0.00254822,-0.0306208,0.487786,0.44897,0.665812,0.644879,0.148557,0.471326,0.313814,0.928588,0.00376677,0,0,0,0,0,-0.0212727,-0.00955081,0.393467,0.981515,0.236047,0.0978794,0.164062,-0.0356445,1.19801
35,1.60156,0.122559,-0.0162354,0.00396729,0.0765244,0.530499,0.70351,0.975965,1.44743,0.193697,0.621958,0.607009,0.25776,0.00245656,0,0,0,0,0,-0.0328961,-0.0231427,0.461095,0.974716,0.255935,0.131139,0.601562,0.122559,1.53918
36,1.20312,0.425781,0.0541992,0.0437012,0.353896,0.638292,0.724944,0.840277,1.23161,0.322058,0.350771,0.294745,0.259267,0.0024595,0,0,0,0,0,-0.0271915,-0.0197123,0.675795,0.974454,0.224788,0.215321,0.203125,0.425781,1.12513
37,1.28906,0.462891,-0.0373535,0.0107422,0.359091,0.640236,0.780995,0.902394,1.42427,0.189563,0.440867,0.397836,0.3604,0.00265703,0,0,0,0,0,-0.0363633,-0.0283995,0.719054,0.986108,0.171641,0.128393,0.289062,0.462891,1.18734
38,1.5,-0.121582,-0.253906,0.0284424,-0.0810547,0.467699,0.540713,0.832921,0.986127,0.366791,0.361054,0.300729,1.50553,0.00489362,0,0,0,0,0,0.00163369,0.000883359,0.0394462,0.977955,0.214304,0.262484,0.5,-0.121582,1.17878
39,1.59375,1.32812,0.0218506,0.074707,0.833333,0.797672,1.50725,1.3261,4.03033,0.361287,0.61858,0.820296,0.0799434,0.00210926,0,0,0,0,0,-0.0660792,-0.0995979,0.93127,0.949147,0.325177,0.243811,0.59375,1.32812,1.32373
40,1.21875,0.412109,-0.00114441,0.0244141,0.338141,0.632372,0.722116,0.845215,1.23584,0.258505,0.243784,0.20605,0.00732422,0.00196743,0,0,0,0,0,-0.0170539,-0.0123149,0.609853,0.987577,0.159597,0.187522,0.21875,0.412109,1.04809
41,1.99219,0.773438,-0.0559082,0.006073,0.388235,0.651079,1.24401,1.41298,3.54407,0.198401,0.779257,1.10107,0.717421,0.00335434,0,0,0,0,0,-0.0543208,-0.0675757,0.607704,0.949787,0.413392,0.143229,0.992188,0.773438,1.58455
42,1,0.213867,-0.0020752,0.00637817,0.213867,0.584675,0.513273,0.65662,0.694599,0.135151,0.282622,0.185575,0.0259843,0.00200388,0,0,0,0,0,-0.0227201,-0.0116616,0.700827,0.971512,0.331006,0.0999196,0,0.213867,0.985347
43,0.777344,-0.146484,-0.188477,0.0308838,-0.188442,0.425265,0.239904,0.40493,0.221522,0.311915,0.178828,0.0724128,1.07249,0.00404783,0,0,0,0,0,-0.000438765,-0.000105262,0.0213897,1.04294,-0.0299981,0.267697,-0.222656,-0.146484,1.04371
44,1.19531,0.285156,-0.0227051,0.0128174,0.238562,0.594277,0.632341,0.793312,1.0292,0.159474,0.220005,0.174533,0.20055,0.00234482,0,0,0,0,0,-0.0190298,-0.0120333,0.754065,0.979401,0.248069,0.103968,0.195312,0.285156,1.08156
45,1.21875,0.240234,0.0683594,0.027832,0.197115,0.578131,0.612534,0.794512,1.00645,0.256907,0.274654,0.218216,0.409756,0.00275343,0,0,0,0,0,-0.0216365,-0.0132531,0.686765,1.00532,0.0704274,0.195403,0.21875,0.240234,1.1458
46,0.914062,0.167969,-0.0358887,0.00598145,0.183761,0.572899,0.451618,0.592492,0.555005,0.206639,0.399286,0.236574,0.464039,0.00285945,0,0,0,0,0,-0.027489,-0.0124145,0.60018,0.983788,0.18319,0.145804,-0.0859375,0.167969,1.14405
47,0.632812,-0.0986328,-0.041748,0.00570679,-0.155864,0.43807,0.204443,0.336504,0.155032,0.118251,0.24208,0.081461,0.552637,0.0030325,0,0,0,0,0,-0.0200608,-0.00410129,0.72243,0.999622,0.0492802,0.0901896,-0.367188,-0.0986328,1.15006
48,1.9375,0.953125,-0.0228271,0.0090332,0.491935,0.688618,1.33796,1.44012,3.86407,0.197499,0.703461,1.01307,0.240177,0.00242222,0,0,0,0,0,-0.0545693,-0.0730115,0.676262,0.965412,0.305664,0.146129,0.9375,0.953125,1.55808
49,0.957031,-0.0119019,-0.234375,0.0480957,-0.0124362,0.495039,0.377821,0.5533,0.44889,0.322129,0.259672,0.143677,1.06871,0.00404044,0,0,0,0,0,-0.0171098,-0.00646445,0.574416,0.988958,0.162787,0.230142,-0.0429688,-0.0119019,1.08357
50,1.44531,0.621094,0.0393066,0.0241699,0.42973,0.666304,0.940754,1.04446,1.97592,0.183032,0.294603,0.307701,0.25283,0.00244693,0,0,0,0,0,-0.030365,-0.028566,0.898552,0.980492,0.225852,0.114618,0.445312,0.621094,1.05457
51,1.21875,-0.196289,0.0149536,0.00506592,-0.161058,0.436024,0.390577,0.646165,0.570079,0.195807,0.275137,0.177784,0.210096,0.00236347,0,0,0,0,0,0.00687677,0.00268591,0.217892,0.987762,0.156005,0.152752,0.21875,-0.196289,1.031
52,1.33594,0.239258,0.000904083,0.0027771,0.179094,0.571068,0.656082,0.864231,1.17734,0.185793,0.480662,0.415403,0.0171559,0.00198663,0,0,0,0,0,-0.0243262,-0.0159599,0.441206,1.00078,0.0651097,0.141309,0.335938,0.239258,1.23239
53,2.15625,0.679688,-0.0634766,0.0146484,0.315217,0.623702,1.24608,1.48019,3.74366,0.275802,0.759879,1.12476,0.524466,0.00297747,0,0,0,0,0,-0.0284816,-0.0354902,0.326758,0.985449,0.171633,0.195474,1.15625,0.679688,1.4528
54,1.29688,0.527344,-0.0568848,0.00364685,0.406627,0.657859,0.825033,0.927472,1.54088,0.122051,0.423637,0.392911,0.94197,0.00379291,0,0,0,0,0,-0.0406753,-0.0335585,0.837036,0.98657,0.19452,0.0888891,0.296875,0.527344,1.21423
55,1.32812,0.306641,0.0117188,0.0161133,0.230882,0.591297,0.696098,0.87852,1.25635,0.153794,0.192883,0.169451,0.0923186,0.00213343,0,0,0,0,0,-0.0178972,-0.0124582,0.808904,0.985314,0.199262,0.0965501,0.328125,0.306641,0.99843
56,1.19531,0.128906,0.0683594,0.0119019,0.107843,0.54294,0.543776,0.742009,0.84627,0.163082,0.208856,0.154973,0.626601,0.00317695,0,0,0,0,0,-0.0183866,-0.00999819,0.767469,0.99113,0.13541,0.109439,0.195312,0.128906,1.04243
57,1.51562,0.074707,0.0324707,0.00463867,0.0492912,0.519656,0.645123,0.908832,1.24216,0.196153,0.540582,0.491298,0.476755,0.00288429,0,0,0,0,0,-0.0217879,-0.0140559,0.351367,0.983512,0.18625,0.141699,0.515625,0.074707,1.45826
58,1.32812,-0.0544434,0.0874023,0.00650024,-0.0409926,0.483651,0.50536,0.755024,0.825449,0.186712,0.25755,0.194456,1.08407,0.00407045,0,0,0,0,0,0.00284206,0.00143626,0.0962006,1.0122,-0.0238956,0.134597,0.328125,-0.0544434,0.997769
59,1.60156,-0.0544434,-0.0203857,0.00585938,-0.0339939,0.486441,0.615009,0.91423,1.21405,0.17233,0.355044,0.324592,0.266318,0.00247328,0,0,0,0,0,0.00521519,0.00320739,0.128055,1.00965,-0.0342179,0.109162,0.601562,-0.0544434,1.14787
60,1.44531,0.355469,-0.0742188,0.00485229,0.245946,0.597138,0.771399,0.962325,1.52113,0.160525,0.494052,0.475439,1.06547,0.00403412,0,0,0,0,0,-0.0295192,-0.0227711,0.520882,0.985146,0.189593,0.109234,0.445312,0.355469,1.29996
61,1.17188,0.115723,-0.214844,0.0120239,0.09875,0.539332,0.527786,0.723564,0.802103,0.196576,0.277993,0.201146,1.95929,0.00577987,0,0,0,0,0,-0.012078,-0.00637462,0.378764,0.972719,0.259104,0.1437,0.171875,0.115723,1.06571
62,1.14844,-0.157227,-0.189453,0.0209961,-0.136905,0.445553,0.381913,0.617368,0.527001,0.322197,0.265008,0.163607,1.30747,0.00450678,0,0,0,0,0,0.00133203,0.000508718,0.0438189,0.96919,0.249346,0.210573,0.148438,-0.157227,1.09377
63,1.54688,-0.149414,-0.400391,0.147461,-0.0965909,0.461526,0.545593,0.851198,1.02221,0.683652,0.333808,0.284137,1.04267,0.00398958,0,0,0,0,0,-0.00095081,-0.000518756,0.0248315,0.926039,0.388276,0.479412,0.546875,-0.149414,1.18038
64,1.54688,0.0480957,0.0427246,0.00482178,0.0310922,0.512402,0.644348,0.917633,1.25724,0.184384,0.497312,0.45635,0.615282,0.00315485,0,0,0,0,0,-0.0156667,-0.0100948,0.274635,0.954862,0.383875,0.140728,0.546875,0.0480957,1.39356
65,1.63281,0.0805664,-0.015625,0.00389099,0.0493421,0.519677,0.695045,0.979132,1.44179,0.195682,0.650244,0.636675,0.25049,0.00244236,0,0,0,0,0,-0.0273295,-0.0189952,0.366406,0.972672,0.279075,0.124242,0.632812,0.0805664,1.46072
66,0.933594,0.269531,-0.0708008,0.00482178,0.288703,0.613596,0.523733,0.633392,0.675481,0.134716,0.265153,0.167945,1.01961,0.00394455,0,0,0,0,0,-0.0239642,-0.0125508,0.787906,1.00879,-0.0538259,0.0895615,-0.0664062,0.269531,1.08842
67,1.53906,0.902344,-0.0756836,0.0341797,0.586294,0.721161,1.16684,1.18319,2.76144,0.214529,0.431037,0.509998,0.409372,0.00275268,0,0,0,0,0,-0.0439706,-0.0513065,0.889313,0.987502,0.158985,0.179895,0.539062,0.902344,1.34452
68,2.09375,1.32812,0.0415039,0.0120239,0.634328,0.737067,1.66373,1.63388,5.43758,0.168611,0.612455,1.00068,0.3785,0.00269238,0,0,0,0,0,-0.0572827,-0.0953032,0.815373,1.00762,-0.00488167,0.118874,1.09375,1.32812,1.41616
69,1.47656,0.722656,-0.126953,0.0644531,0.489418,0.687727,1.01729,1.09626,2.23665,0.319633,0.337762,0.370274,0.500059,0.0029298,0,0,0,0,0,-0.0295252,-0.0300355,0.762059,0.940706,0.378633,0.210436,0.476562,0.722656,1.18084
70,1.25781,-0.0143433,-0.279297,0.0283203,-0.0114033,0.495451,0.497214,0.727639,0.77668,0.328602,0.214375,0.155988,1.65965,0.00519463,0,0,0,0,0,0.00349208,0.00173631,0.142009,0.970716,0.240294,0.234758,0.257812,-0.0143433,1.05945
71,2.01562,0.914062,-0.0256348,0.010437,0.453488,0.674901,1.3425,1.47233,3.97007,0.198268,0.756996,1.11455,0.250923,0.00244321,0,0,0,0,0,-0.0585657,-0.0786246,0.674461,0.980457,0.21437,0.129219,1.01562,0.914062,1.60369
72,1.38281,0.558594,0.106445,0.0566406,0.403955,0.656877,0.877348,0.987741,1.74537,0.326178,0.416435,0.411329,0.447263,0.00282668,0,0,0,0,0,-0.0376379,-0.0330215,0.787925,0.952016,0.321758,0.222448,0.382812,0.558594,1.25411
73,1.57031,0.792969,0.00337219,0.0285645,0.504975,0.693212,1.09745,1.17411,2.58292,0.286241,0.599259,0.703593,0.0199526,0.00199209,0,0,0,0,0,-0.05261,-0.0577369,0.765352,0.959434,0.293289,0.212474,0.570312,0.792969,1.54036
74,1.46875,0.574219,-0.0446777,0.0055542,0.390957,0.652086,0.919702,1.043,1.93371,0.190848,0.587117,0.612364,0.599488,0.003124,0,0,0,0,0,-0.0403039,-0.0370676,0.598452,0.980069,0.216787,0.130002,0.46875,0.574219,1.48244
75,1.71875,1.53906,0.0206299,0.00683594,0.895455,0.814728,1.70977,1.45598,5.0432,0.125755,0.688683,1.00271,0.249516,0.00244046,0,0,0,0,0,-0.0698152,-0.119368,0.883766,0.981006,0.269246,0.0825216,0.71875,1.53906,1.57222
76,1.28125,-0.21875,-0.138672,0.0216064,-0.170732,0.432217,0.404409,0.675573,0.619946,0.351123,0.336721,0.22748,0.943402,0.00379571,0,0,0,0,0,0.0079563,0.0032176,0.205991,1.00235,0.122711,0.263296,0.28125,-0.21875,1.09086
77,1.46875,0.914062,-0.0603027,0.0065918,0.62234,0.733141,1.15373,1.14186,2.63492,0.12882,0.50258,0.573874,0.742737,0.00340378,0,0,0,0,0,-0.0528001,-0.060917,0.915875,0.993692,0.117296,0.0829121,0.46875,0.914062,1.35452
78,1.35156,0.439453,-0.0456543,0.00842285,0.325145,0.627464,0.789609,0.931905,1.49193,0.131415,0.676253,0.630203,0.497453,0.00292471,0,0,0,0,0,-0.0574122,-0.0453332,0.74012,0.994077,0.110352,0.0912107,0.351562,0.439453,1.65631
79,1.46094,0.550781,-0.111328,0.00442505,0.377005,0.646915,0.901814,1.03097,1.87616,0.146871,0.446872,0.460711,1.67358,0.00522183,0,0,0,0,0,-0.0376718,-0.033973,0.73492,0.990742,0.144521,0.094972,0.460938,0.550781,1.29437
80,1.58594,0.699219,0.169922,0.0534668,0.440887,0.670352,1.04357,1.15188,2.41586,0.392407,0.491335,0.565958,0.734864,0.00338841,0,0,0,0,0,-0.0387391,-0.0404268,0.68735,0.95454,0.298658,0.280117,0.585938,0.699219,1.3285
81,2.04688,0.101562,0.110352,0.300781,0.0496183,0.519787,0.871583,1.22763,2.26673,0.587252,0.428262,0.525747,0.201212,0.00234612,0,0,0,0,0,-0.0222015,-0.0193505,0.45194,1.0247,0.157405,0.430874,1.04688,0.101562,1.27701
82,1.39844,0.0505371,0.104492,0.00579834,0.0361383,0.514414,0.586045,0.832059,1.03577,0.19132,0.28978,0.241114,1.37225,0.00463329,0,0,0,0,0,0.00609493,0.00357191,0.183361,0.965505,0.331957,0.126054,0.398438,0.0505371,0.990533
83,1.02344,0.0771484,-0.0961914,0.0148315,0.0753817,0.530044,0.448975,0.623244,0.590012,0.193077,0.220117,0.137186,0.789847,0.0034958,0,0,0,0,0,-0.0184107,-0.00826594,0.729162,0.945979,0.453476,0.136431,0.0234375,0.0771484,0.980199
84,1.59375,0.617188,-0.0522461,0.00454712,0.387255,0.650716,0.994212,1.12988,2.2651,0.198436,0.640799,0.724029,0.774793,0.00346639,0,0,0,0,0,-0.0438565,-0.0436027,0.596649,0.997878,0.0918124,0.156543,0.59375,0.617188,1.43985
85,1.59375,-0.0283203,0.0483398,0.00518799,-0.0177696,0.492911,0.624937,0.918518,1.23422,0.198217,0.48482,0.445316,0.671129,0.00326392,0,0,0,0,0,-0.013217,-0.00825983,0.237662,0.997375,0.096651,0.160664,0.59375,-0.0283203,1.29853
86,1.35938,0.421875,-0.0639648,0.00909424,0.310345,0.621851,0.781347,0.931143,1.47753,0.178927,0.33668,0.313497,0.670746,0.00326318,0,0,0,0,0,-0.0255871,-0.0199924,0.662537,0.983349,0.18724,0.142134,0.359375,0.421875,1.0388
87,1.16406,0.0834961,-0.106445,0.0441895,0.0717282,0.528591,0.50854,0.70735,0.758957,0.376407,0.258805,0.183066,0.506369,0.00294213,0,0,0,0,0,-0.00579119,-0.00294505,0.195075,0.985576,0.181584,0.247404,0.164062,0.0834961,1.08541
88,2.9375,0.734375,-0.166992,0.0230713,0.25,0.598706,1.57541,1.95933,6.32088,0.346212,0.943582,1.84879,1.09941,0.00410041,0,0,0,0,0,-0.031005,-0.0488456,0.286456,1.03324,-0.0282848,0.23323,1.9375,0.734375,2.12659
89,1.03906,-0.265625,-0.0245361,0.00842285,-0.255639,0.399115,0.29537,0.515308,0.352786,0.223913,0.225697,0.116303,0.267348,0.00247529,0,0,0,0,0,0.0116064,0.00342819,0.448311,0.9822,0.190367,0.159441,0.0390625,-0.265625,1.03892
90,1.85156,1.28125,-0.0102539,0.0120239,0.691983,0.755526,1.55235,1.47153,4.57516,0.169801,0.473135,0.69623,0.0935118,0.00213577,0,0,0,0,0,-0.0493224,-0.0765654,0.908796,0.970736,0.312109,0.112761,0.851562,1.28125,1.21723
91,1.13281,-0.157227,-0.0105591,0.00927734,-0.138793,0.444807,0.375647,0.608307,0.511149,0.255594,0.263858,0.160507,0.109626,0.00216724,0,0,0,0,0,-0.00299481,-0.00112499,0.0989478,0.953731,0.345747,0.175033,0.132812,-0.157227,1.03753
92,0.945312,-0.0493164,-0.206055,0.0233154,-0.0521694,0.479197,0.354414,0.533878,0.410635,0.245847,0.150001,0.0800824,1.34946,0.00458879,0,0,0,0,0,0.000701427,0.000248596,0.0407656,1.00127,0.0828699,0.179889,-0.0546875,-0.0493164,1.03709
93,1.25,0.396484,-0.0952148,0.0177002,0.317188,0.624449,0.723933,0.858831,1.26167,0.16643,0.26509,0.227667,0.715675,0.00335093,0,0,0,0,0,-0.0227182,-0.0164465,0.747116,0.958077,0.412557,0.115715,0.25,0.396484,1.10681
94,0.851562,-0.306641,-0.279297,0.010376,-0.360092,0.359389,0.209833,0.390802,0.196756,0.220316,0.174217,0.0680845,2.7419,0.0073084,0,0,0,0,0,0.00770273,0.00161628,0.385443,0.964427,0.297694,0.160793,-0.148438,-0.306641,1.04238
95,2.14062,0.507812,-0.0252686,0.00506592,0.237226,0.593759,1.1306,1.41988,3.29432,0.225634,0.774475,1.09966,0.355019,0.00264652,0,0,0,0,0,-0.03674,-0.0415384,0.41356,0.993699,0.124287,0.177994,1.14062,0.507812,1.48889
96,1.50781,0.511719,0.0175781,0.0101929,0.339378,0.632838,0.894577,1.04626,1.89493,0.147355,0.252881,0.264579,0.17411,0.00229318,0,0,0,0,0,-0.0237274,-0.021226,0.817975,0.989179,0.157506,0.100214,0.507812,0.511719,1.23744
97,1.44531,0.675781,-0.0537109,0.00946045,0.467568,0.679953,0.975621,1.06249,2.08072,0.124816,0.321986,0.342107,0.552213,0.00303167,0,0,0,0,0,-0.033084,-0.0322775,0.895753,0.986589,0.195981,0.0875121,0.445312,0.675781,1.14335
98,1.16406,0.188477,-0.0378418,0.065918,0.161913,0.564313,0.56103,0.74598,0.871241,0.471377,0.465629,0.34735,0.147391,0.002241,0,0,0,0,0,-0.0267885,-0.0150292,0.501551,0.951685,0.308397,0.336903,0.164062,0.188477,1.10554
99,1.35938,0.484375,-0.0981445,0.0854492,0.356322,0.6392,0.821195,0.950436,1.57769,0.448966,0.63048,0.59923,0.335747,0.00260888,0,0,0,0,0,-0.0526506,-0.0432364,0.728013,0.972955,0.239503,0.302783,0.359375,0.484375,1.69836
100,1.99219,1.57812,0.108398,0.0668945,0.792157,0.785865,1.82178,1.6354,5.9934,0.305025,0.510765,0.835304,0.41911,0.0027717,0,0,0,0,0,-0.0517546,-0.0942853,0.883354,0.959853,0.292792,0.208858,0.992188,1.57812,1.32738
101,0.941406,-0.0761719,0.0117188,0.00765991,-0.0809129,0.467756,0.33942,0.522788,0.388513,0.193988,0.195528,0.102219,0.133897,0.00221464,0,0,0,0,0,-0.00458465,-0.00155612,0.204411,0.998722,0.0801831,0.142435,-0.0585938,-0.0761719,1.05723
102,1.55469,0.186523,0.0228271,0.00402832,0.119975,0.547748,0.716695,0.972029,1.45849,0.190252,0.594663,0.57803,0.359658,0.00265558,0,0,0,0,0,-0.0264534,-0.018959,0.387808,0.995332,0.101625,0.133472,0.554688,0.186523,1.29814
103,1.84375,0.447266,-0.0683594,0.00561523,0.242585,0.595836,0.980104,1.22582,2.46323,0.157138,0.646034,0.79192,0.912251,0.00373486,0,0,0,0,0,-0.0466676,-0.0457391,0.629747,0.976033,0.250454,0.126491,0.84375,0.447266,1.41758
104,1.33594,0.0172119,0.0366211,0.00318909,0.0128838,0.50514,0.54432,0.784009,0.910954,0.164501,0.351257,0.275388,0.648482,0.00321969,0,0,0,0,0,-0.0096676,-0.00526227,0.239939,0.992237,0.125553,0.108296,0.335938,0.0172119,1.05917
105,1.53125,-0.0849609,0.106445,0.0088501,-0.0554847,0.477876,0.571554,0.863111,1.07163,0.27589,0.423045,0.365135,1.13149,0.00416308,0,0,0,0,0,-0.00534856,-0.00305699,0.110219,0.948586,0.342272,0.212017,0.53125,-0.0849609,1.18812
106,1.64844,0.382812,0.00747681,0.00491333,0.232227,0.591819,0.865394,1.09104,1.93927,0.224118,0.653325,0.712801,0.106667,0.00216146,0,0,0,0,0,-0.0355517,-0.0307663,0.474393,0.985391,0.171686,0.149952,0.648438,0.382812,1.40777
107,1.41406,0.457031,0.043457,0.00762939,0.323204,0.62673,0.824374,0.974157,1.62857,0.147426,0.255211,0.248616,0.497525,0.00292485,0,0,0,0,0,-0.0198692,-0.0163797,0.678715,0.998968,0.0601974,0.0996917,0.414062,0.457031,1.18181
108,1.27344,0.435547,0.0400391,0.0116577,0.342025,0.633834,0.757672,0.884674,1.35672,0.186666,0.401942,0.355588,0.370832,0.00267741,0,0,0,0,0,-0.0353526,-0.0267857,0.76677,0.97828,0.239939,0.119095,0.273438,0.435547,1.1165
109,1.38281,-0.231445,0.10791,0.0240479,-0.167373,0.433538,0.438788,0.730517,0.726191,0.342738,0.297117,0.217049,0.695864,0.00331223,0,0,0,0,0,0.00232564,0.00102046,0.0682372,0.97808,0.215656,0.271756,0.382812,-0.231445,1.00999
110,1.49219,0.8125,0.015564,0.0269775,0.544503,0.706952,1.08395,1.13257,2.45765,0.22371,0.673098,0.762328,0.0947587,0.0021382,0,0,0,0,0,-0.0663021,-0.0718679,0.858729,0.989462,0.145111,0.135549,0.492188,0.8125,1.48586
111,1.36719,-0.224609,0.120605,0.015564,-0.164286,0.434753,0.435941,0.723532,0.713543,0.294165,0.316471,0.228977,0.966734,0.00384128,0,0,0,0,0,0.00702953,0.00306446,0.193642,0.972449,0.233434,0.221237,0.367188,-0.224609,1.1244
112,1.83594,1.23438,-0.0366211,0.0116577,0.67234,0.749317,1.51186,1.45,4.38824,0.183461,0.606503,0.879431,0.339176,0.00261558,0,0,0,0,0,-0.0621213,-0.0939188,0.892924,0.983586,0.18443,0.146286,0.835938,1.23438,1.40217
113,1.32031,0.34375,-0.0654297,0.00897217,0.260355,0.602705,0.716813,0.884654,1.29643,0.175189,0.362619,0.320792,0.690758,0.00330226,0,0,0,0,0,-0.0279775,-0.0200547,0.672614,0.969841,0.29565,0.128314,0.320312,0.34375,1.06048
114,1.35938,0.289062,-0.0500488,0.00543213,0.212644,0.584198,0.696669,0.892122,1.28123,0.156761,0.313648,0.279813,0.679061,0.00327942,0,0,0,0,0,-0.00802125,-0.00558816,0.222949,0.985175,0.191008,0.107016,0.359375,0.289062,1.08834
115,1.0625,0.117188,-0.0174561,0.00866699,0.110294,0.543912,0.484659,0.660518,0.671179,0.133484,0.286593,0.1893,0.187505,0.00231934,0,0,0,0,0,-0.0234555,-0.0113679,0.713487,0.977378,0.301471,0.0866397,0.0625,0.117188,1.08063
116,0.941406,0.0400391,-0.225586,0.0668945,0.0425311,0.516962,0.397526,0.562252,0.474154,0.341026,0.268883,0.15118,0.872201,0.00365664,0,0,0,0,0,-0.0145616,-0.00578861,0.47212,0.980887,0.202211,0.257238,-0.0585938,0.0400391,1.09348
117,2.29688,0.636719,-0.12207,0.012146,0.277211,0.609191,1.27168,1.55042,4.021,0.268052,0.75718,1.17395,1.10763,0.00411646,0,0,0,0,0,-0.0364635,-0.0463701,0.419823,0.969973,0.253944,0.180894,1.29688,0.636719,1.51604
118,1.1875,-0.205078,0.134766,0.0314941,-0.172697,0.431445,0.373651,0.625443,0.530794,0.2994,0.235058,0.147015,0.759389,0.00343631,0,0,0,0,0,0.00720714,0.00269296,0.267298,1.01414,0.0148249,0.184227,0.1875,-0.205078,1.09661
119,1.25781,0.201172,-0.0913086,0.00683594,0.159938,0.563535,0.604972,0.805125,1.01422,0.185432,0.214947,0.17306,1.10436,0.00411009,0,0,0,0,0,-0.0106845,-0.00646381,0.43334,0.980851,0.212042,0.128196,0.257812,0.201172,1.07807
120,1.60938,0.703125,0.0649414,0.0327148,0.436893,0.668906,1.05489,1.16679,2.4742,0.236632,0.316922,0.369782,0.359045,0.00265439,0,0,0,0,0,-0.0288925,-0.0304785,0.794767,1.02093,-0.0373024,0.171722,0.609375,0.703125,1.2118
121,1.94531,-0.0405273,0.0634766,0.00878906,-0.0208333,0.491689,0.759811,1.11911,1.82971,0.161911,0.489874,0.548221,0.677083,0.00327555,0,0,0,0,0,-0.00124865,-0.000948737,0.022221,0.980182,0.239479,0.104915,0.945312,-0.0405273,1.39488
122,1.05469,-0.0595703,0.0957031,0.0126953,-0.0564815,0.477479,0.393147,0.594142,0.507569,0.222294,0.151918,0.0902608,0.849385,0.00361208,0,0,0,0,0,-0.00628416,-0.0024706,0.360616,0.999043,0.0787787,0.144305,0.0546875,-0.0595703,1.02178
123,1.625,0.539062,-0.00427246,0.00497437,0.331731,0.629954,0.956181,1.12373,2.17706,0.164263,0.470456,0.528668,0.0605772,0.00207144,0,0,0,0,0,-0.0361667,-0.0345819,0.670187,0.962288,0.337698,0.137604,0.625,0.539062,1.17226
124,0.71875,-0.191406,-0.0534668,0.00439453,-0.266304,0.395002,0.201538,0.35366,0.165693,0.147336,0.168336,0.0595336,0.806544,0.00352841,0,0,0,0,0,-0.00233188,-0.000469963,0.120764,0.965675,0.391471,0.0985921,-0.28125,-0.191406,0.96365
125,1.14844,-0.271484,-0.138672,0.0101929,-0.236395,0.406563,0.334472,0.577669,0.445573,0.212039,0.20663,0.119363,1.37354,0.00463581,0,0,0,0,0,0.0114571,0.00383209,0.483382,0.956579,0.368305,0.143155,0.148438,-0.271484,1.08893
126,0.742188,-0.0825195,-0.191406,0.0358887,-0.111184,0.455735,0.256359,0.404953,0.229707,0.363404,0.219981,0.0890818,1.01036,0.00392649,0,0,0,0,0,-0.00243418,-0.000624024,0.0964661,0.967465,0.255501,0.291132,-0.257812,-0.0825195,1.04828
127,1.25781,0.267578,-0.129883,0.00970459,0.212733,0.584232,0.644691,0.825501,1.09708,0.149286,0.212799,0.175666,1.31845,0.00452822,0,0,0,0,0,-0.0195671,-0.0126147,0.801608,0.985,0.206447,0.0931115,0.257812,0.267578,1.04927
128,2.26562,1.42969,-0.0236816,0.012146,0.631034,0.735991,1.79464,1.76618,6.34013,0.254427,0.98237,1.73504,0.21488,0.00237281,0,0,0,0,0,-0.0809429,-0.145264,0.718308,0.972957,0.231657,0.214034,1.26562,1.42969,1.95992
129,1.125,0.243164,0.0649414,0.00915527,0.216146,0.585563,0.579066,0.739425,0.882067,0.183193,0.294276,0.217595,0.678713,0.00327874,0,0,0,0,0,-0.0216258,-0.0125228,0.640657,0.972315,0.281986,0.124147,0.125,0.243164,1.0977
130,1.29688,-0.25,0.345703,0.0407715,-0.192771,0.423569,0.398207,0.673443,0.612095,0.467459,0.304499,0.205063,1.71208,0.00529704,0,0,0,0,0,-0.00255556,-0.00101764,0.0731658,1.0343,0.032904,0.299094,0.296875,-0.25,1.08238
131,0.777344,0.214844,-0.0354004,0.00799561,0.276382,0.608873,0.429972,0.524527,0.460004,0.137146,0.271348,0.142329,0.395897,0.00272636,0,0,0,0,0,-0.027665,-0.0118952,0.888814,0.996312,0.0867837,0.0997993,-0.222656,0.214844,1.15369
132,1.79688,0.957031,0.0883789,0.0869141,0.532609,0.702848,1.28905,1.35892,3.50831,0.366669,0.547069,0.743424,0.299781,0.00253863,0,0,0,0,0,-0.044371,-0.0571963,0.707072,0.941386,0.359679,0.23487,0.796875,0.957031,1.36913
133,1.41406,-0.214844,-0.318359,0.0981445,-0.151934,0.43962,0.459621,0.753633,0.779214,0.592804,0.381251,0.287323,1.01621,0.00393792,0,0,0,0,0,-0.00196532,-0.000903302,0.0449397,0.950199,0.31607,0.36878,0.414062,-0.214844,1.02909
134,2.125,0.298828,-0.032959,0.00497437,0.140625,0.555917,1.00154,1.34486,2.81174,0.22049,0.815343,1.09652,0.46731,0.00286584,0,0,0,0,0,-0.0305149,-0.030562,0.32627,0.996958,0.103177,0.170782,1.125,0.298828,1.57207
135,1.375,0.0717773,0.277344,0.0302734,0.0522017,0.520816,0.587267,0.825929,1.02704,0.395426,0.273805,0.226143,1.594,0.0050664,0,0,0,0,0,-0.00761083,-0.00446959,0.242325,0.943608,0.331905,0.30829,0.375,0.0717773,1.12579
136,2.14062,0.96875,-0.0233154,0.0108643,0.452555,0.674565,1.42448,1.56298,4.47205,0.213148,0.773952,1.20967,0.223688,0.00239002,0,0,0,0,0,-0.0598838,-0.0853036,0.674532,0.983294,0.187521,0.142455,1.14062,0.96875,1.63623
137,1.125,0.145508,0.0439453,0.00469971,0.12934,0.551456,0.523882,0.707271,0.774684,0.171402,0.271839,0.192264,0.641028,0.00320513,0,0,0,0,0,-0.0145869,-0.0076418,0.467798,0.990481,0.139736,0.115663,0.125,0.145508,1.07087
138,0.96875,0.0839844,-0.090332,0.0178223,0.0866935,0.534542,0.430463,0.5939,0.538016,0.216815,0.246071,0.146142,0.676644,0.0032747,0,0,0,0,0,-0.0145048,-0.00624379,0.513876,0.949736,0.381885,0.163174,-0.03125,0.0839844,1.07261
139,0.785156,-0.235352,0.134766,0.0296631,-0.299751,0.382183,0.21064,0.376885,0.186411,0.269752,0.187328,0.0706012,0.782476,0.0034814,0,0,0,0,0,-0.00682853,-0.00143837,0.317783,0.947323,0.36526,0.18966,-0.214844,-0.235352,1.01028
140,2.0625,2.14062,0.0541992,0.0128784,1.03788,0.850337,2.30277,1.79961,8.54135,0.157823,0.688373,1.2388,0.477597,0.00288593,0,0,0,0,0,-0.0714722,-0.164584,0.905148,0.985575,0.182915,0.113517,1.0625,2.14062,1.44402
141,1.55469,0.828125,0.0966797,0.0273438,0.532663,0.702867,1.11537,1.17578,2.62652,0.210763,0.349268,0.410663,0.584664,0.00309505,0,0,0,0,0,-0.0355164,-0.039614,0.886497,1.01085,0.00282914,0.15053,0.554688,0.828125,1.17887
142,2.10938,0.287109,-0.00418091,0.00469971,0.136111,0.554133,0.989419,1.33143,2.75166,0.214017,0.719771,0.958325,0.0609867,0.00207224,0,0,0,0,0,-0.0271538,-0.0268665,0.328884,0.989451,0.144875,0.146439,1.10938,0.287109,1.59449
143,1.6875,0.259766,-0.174805,0.0290527,0.153935,0.56117,0.806574,1.07637,1.80913,0.366384,0.574669,0.618555,1.02556,0.00395616,0,0,0,0,0,-0.0316335,-0.0255148,0.479884,1.04348,-0.0347755,0.265339,0.6875,0.259766,1.54122
144,0.800781,-0.0319824,-0.0161133,0.00756836,-0.039939,0.484071,0.305124,0.455517,0.300597,0.134771,0.198513,0.0904263,0.185218,0.00231488,0,0,0,0,0,-0.0176359,-0.00538115,0.77449,1.00433,0.0112669,0.10508,-0.199219,-0.0319824,1.09664
145,2.32812,0.839844,-0.113281,0.0178223,0.360738,0.640852,1.41297,1.63098,4.65658,0.293902,0.89745,1.46372,0.848548,0.00361045,0,0,0,0,0,-0.0575208,-0.0812751,0.558755,0.967491,0.258949,0.203339,1.32812,0.839844,1.76606
146,1.60938,1.03906,0.0170898,0.010437,0.645631,0.740741,1.29265,1.26037,3.25948,0.139482,0.548362,0.691137,0.167282,0.00227985,0,0,0,0,0,-0.0582321,-0.0752738,0.925767,1.01653,-0.0823482,0.117927,0.609375,1.03906,1.19809
147,0.773438,0.0698242,-0.193359,0.0306396,0.0902778,0.535967,0.345062,0.475168,0.344852,0.336297,0.239447,0.113777,1.10465,0.00411064,0,0,0,0,0,-0.0135395,-0.00467199,0.492949,1.0315,0.00355941,0.256532,-0.226562,0.0698242,1.04179
148,1.25,0.578125,-0.043457,0.0201416,0.4625,0.678139,0.839742,0.916804,1.5457,0.217431,0.406158,0.372368,0.306206,0.00255118,0,0,0,0,0,-0.0351442,-0.0295121,0.754337,0.990618,0.141626,0.178809,0.25,0.578125,1.17223
149,1.78906,1.39844,-0.0595703,0.00497437,0.781659,0.782793,1.62177,1.46363,4.77234,0.161243,0.678487,0.993055,0.844619,0.00360277,0,0,0,0,0,-0.0698001,-0.113199,0.896852,0.980891,0.221505,0.115623,0.789062,1.39844,1.37373
150,1.25781,0.0128174,0.0195312,0.00650024,0.0101902,0.504065,0.510794,0.736985,0.804058,0.183412,0.25104,0.185013,0.242251,0.00242627,0,0,0,0,0,0.00194479,0.000993389,0.0675363,1.00538,0.0238965,0.130457,0.257812,0.0128174,1.10884
151,2.45312,0.964844,-0.0466309,0.0279541,0.393312,0.652956,1.53978,1.74388,5.41205,0.340263,1.14128,1.99026,0.278901,0.00249785,0,0,0,0,0,-0.0746604,-0.114961,0.570303,0.977258,0.219118,0.274299,1.45312,0.964844,1.82641
152,2.03125,0.742188,-0.0200195,0.00854492,0.365385,0.642588,1.23881,1.42597,3.56804,0.264786,0.784997,1.11938,0.216571,0.00237611,0,0,0,0,0,-0.0440028,-0.0545111,0.488674,0.979091,0.203527,0.210058,1.03125,0.742188,1.50284
153,0.898438,0.0205078,-0.100098,0.019165,0.0228261,0.509106,0.370529,0.530368,0.418582,0.213366,0.223289,0.118426,0.723051,0.00336533,0,0,0,0,0,-0.00736718,-0.00272976,0.287634,0.99363,0.120309,0.162435,-0.101562,0.0205078,1.09444
154,1.625,0.0756836,-0.000217438,0.00292969,0.0465745,0.518574,0.689471,0.972852,1.42181,0.186057,0.712547,0.693203,0.00401721,0.00196097,0,0,0,0,0,-0.0354133,-0.0244164,0.433271,0.997212,0.08632,0.129713,0.625,0.0756836,1.3866
155,2.04688,0.277344,-0.0629883,0.00613403,0.135496,0.55389,0.959474,1.29151,2.5886,0.269022,0.770082,0.994571,0.804242,0.00352391,0,0,0,0,0,-0.0374006,-0.0358849,0.423398,0.984882,0.177505,0.216231,1.04688,0.277344,1.70674
156,1.375,-0.163086,0.232422,0.0441895,-0.118608,0.452793,0.469835,0.747009,0.778767,0.364457,0.222187,0.165976,1.10565,0.0041126,0,0,0,0,0,-0.00365365,-0.00171661,0.143356,0.969423,0.245409,0.248008,0.375,-0.163086,1.04274
157,0.996094,0.328125,-0.104004,0.00854492,0.329412,0.629078,0.584648,0.688115,0.815316,0.164327,0.319939,0.220155,1.12511,0.00415061,0,0,0,0,0,-0.0284731,-0.0166467,0.775842,0.992697,0.120713,0.125147,-0.00390625,0.328125,1.10072
158,1.38281,0.542969,0.0561523,0.0142822,0.392655,0.652713,0.867386,0.982726,1.71811,0.170915,0.294925,0.28983,0.469862,0.00287082,0,0,0,0,0,-0.0291512,-0.0252853,0.861691,0.990828,0.136072,0.120088,0.382812,0.542969,1.14129
159,0.84375,-0.0466309,-0.101074,0.0134277,-0.0552662,0.477963,0.31503,0.475653,0.32549,0.21325,0.223365,0.106244,0.872246,0.00365673,0,0,0,0,0,-0.0127594,-0.0040196,0.497993,0.986223,0.165864,0.153746,-0.15625,-0.0466309,1.02039
160,1.84375,0.351562,0.019165,0.00610352,0.190678,0.575611,0.919087,1.19865,2.28147,0.212747,0.672028,0.805524,0.245312,0.00243225,0,0,0,0,0,-0.0372767,-0.0342605,0.483567,0.967483,0.303427,0.135824,0.84375,0.351562,1.58898
161,1.44531,0.472656,-0.0688477,0.00370789,0.327027,0.628176,0.846115,0.997381,1.71068,0.16677,0.499138,0.497831,1.13064,0.00416141,0,0,0,0,0,-0.0378437,-0.0320201,0.660967,0.993837,0.110916,0.114603,0.445312,0.472656,1.32386
162,1.71875,1.38281,0.0461426,0.0140381,0.804545,0.789459,1.5879,1.41666,4.52834,0.174599,0.569844,0.807276,0.389447,0.00271376,0,0,0,0,0,-0.0622236,-0.0988046,0.951931,0.993933,0.111248,0.127945,0.71875,1.38281,1.37085
163,0.9375,-0.103027,-0.298828,0.0634766,-0.109896,0.456246,0.324426,0.511902,0.367296,0.473363,0.297328,0.152203,1.18608,0.00426969,0,0,0,0,0,-0.00636239,-0.00206412,0.186548,0.996783,0.174389,0.329266,-0.0625,-0.103027,1.13957
164,1.45312,0.804688,-0.0140381,0.00674438,0.553763,0.71013,1.06579,1.10603,2.35921,0.136361,0.398574,0.440834,0.170937,0.00228699,0,0,0,0,0,-0.0366627,-0.0390747,0.801905,1.00696,-0.0278148,0.0935685,0.453125,0.804688,1.26367
165,1.1875,-0.157227,0.0233154,0.00701904,-0.132401,0.447333,0.397577,0.640024,0.567699,0.197,0.239637,0.153373,0.278294,0.00249667,0,0,0,0,0,0.00515642,0.00205007,0.187586,0.985568,0.176359,0.126897,0.1875,-0.157227,1.00161
166,1.61719,0.375,-0.09375,0.00354004,0.231884,0.591686,0.848635,1.07019,1.86549,0.192297,0.647114,0.692537,1.57568,0.00503062,0,0,0,0,0,-0.0401438,-0.0340674,0.540809,0.989815,0.142851,0.130995,0.617188,0.375,1.48964
167,0.9375,0.0844727,-0.0583496,0.0115356,0.0901042,0.535898,0.418176,0.575902,0.506534,0.182019,0.219836,0.126604,0.543272,0.0030142,0,0,0,0,0,-0.0157124,-0.00657053,0.623087,0.98374,0.190419,0.127137,-0.0625,0.0844727,1.10643
168,1.3125,0.240234,0.155273,0.0187988,0.183036,0.572615,0.64787,0.850495,1.14308,0.207891,0.471476,0.400988,1.13248,0.00416501,0,0,0,0,0,-0.0417073,-0.0270209,0.771186,0.98492,0.176679,0.140869,0.3125,0.240234,1.30136
169,1.35938,-0.261719,-0.148438,0.0273438,-0.192529,0.423664,0.417517,0.706023,0.672789,0.400796,0.319252,0.225399,0.897666,0.00370638,0,0,0,0,0,-0.000243262,-0.000101566,0.00664274,1.01912,0.0862485,0.30082,0.359375,-0.261719,1.01713
170,2.375,0.949219,-0.141602,0.0124512,0.399671,0.655301,1.50037,1.69319,5.118,0.269835,0.861344,1.45842,1.269,0.00443165,0,0,0,0,0,-0.0501446,-0.0752355,0.507521,1.02259,0.00454402,0.218351,1.375,0.949219,1.49849
171,1.375,-0.191406,0.457031,0.0927734,-0.139205,0.444644,0.455675,0.738185,0.752556,0.526467,0.448597,0.331148,1.50049,0.00488378,0,0,0,0,0,-0.00230287,-0.00104936,0.0447528,0.995632,0.212063,0.40247,0.375,-0.191406,1.16609
172,1.53125,0.925781,-0.0913086,0.00408936,0.604592,0.727275,1.18219,1.18387,2.79913,0.136845,0.507581,0.600912,1.42786,0.00474191,0,0,0,0,0,-0.0518789,-0.0613306,0.89103,1.00904,-0.0511391,0.0930338,0.53125,0.925781,1.35765
173,1.03125,0.251953,-0.0246582,0.00643921,0.244318,0.596508,0.549334,0.686145,0.772562,0.126468,0.46193,0.316951,0.307288,0.0025533,0,0,0,0,0,-0.0391453,-0.0215039,0.738773,1.00108,0.0294473,0.0845504,0.03125,0.251953,1.15035
174,1.83594,0.314453,-0.519531,0.171875,0.171277,0.567997,0.893442,1.18302,2.19778,0.661986,0.394622,0.466847,1.25316,0.0044007,0,0,0,0,0,-0.0129578,-0.011577,0.286257,0.914868,0.407867,0.46565,0.835938,0.314453,1.36686
175,1.08594,-0.125977,0.263672,0.0373535,-0.116007,0.453823,0.372475,0.590856,0.487849,0.275693,0.284638,0.16818,1.36426,0.0046177,0,0,0,0,0,-0.0176978,-0.00659199,0.542043,0.985254,0.172122,0.190896,0.0859375,-0.125977,1.05493
176,1.125,0.328125,-0.0854492,0.012207,0.291667,0.614729,0.633235,0.764251,0.985065,0.195001,0.176442,0.134846,0.773398,0.00346367,0,0,0,0,0,-0.00986132,-0.00624453,0.487237,1.00133,0.056328,0.132742,0.125,0.328125,1.06814
177,1.77344,1.75781,0.0272217,0.00811768,0.991189,0.839203,1.90927,1.53219,5.99292,0.126773,0.752724,1.15332,0.302134,0.00254323,0,0,0,0,0,-0.0763869,-0.145843,0.884687,0.999118,0.0528805,0.0850087,0.773438,1.75781,1.54668
178,1.3125,0.570312,-0.0981445,0.0297852,0.434524,0.668046,0.858318,0.950541,1.64024,0.294372,0.428445,0.407255,0.568678,0.00306382,0,0,0,0,0,-0.0411726,-0.0353392,0.83776,0.94816,0.344457,0.21157,0.3125,0.570312,1.22319
179,0.988281,-0.0966797,-0.124512,0.0102539,-0.0978261,0.461035,0.347963,0.54343,0.416394,0.246421,0.240613,0.130756,1.2296,0.0043547,0,0,0,0,0,0.00587621,0.0020447,0.212904,0.975506,0.22833,0.167122,-0.0117188,-0.0966797,1.05178
180,1.875,1.77344,0.103027,0.0153198,0.945833,0.827883,1.94593,1.60473,6.36183,0.166927,0.589715,0.946336,0.832388,0.00357888,0,0,0,0,0,-0.0601742,-0.117095,0.88956,0.973036,0.288157,0.115432,0.875,1.77344,1.4413
181,1.88281,1,-0.0366211,0.00686646,0.53112,0.702332,1.34857,1.42328,3.84435,0.239341,0.69666,0.991539,0.441942,0.00281629,0,0,0,0,0,-0.0470613,-0.0634655,0.588911,1.00415,0.0711165,0.186771,0.882812,1,1.46254
182,1.10938,0.227539,-0.115723,0.00842285,0.205106,0.581255,0.563215,0.725694,0.843843,0.161266,0.247614,0.179692,1.26092,0.00441587,0,0,0,0,0,-0.0169812,-0.00956408,0.597861,1.00211,0.0398814,0.116135,0.109375,0.227539,1.14878
183,1.17969,0.488281,-0.0336914,0.00860596,0.413907,0.660529,0.755958,0.846439,1.28793,0.13315,0.462937,0.391848,0.363178,0.00266246,0,0,0,0,0,-0.044797,-0.0338647,0.843596,0.965375,0.377797,0.104521,0.179688,0.488281,1.20725
184,1.09375,0.300781,-0.0284424,0.0100708,0.275,0.608342,0.604022,0.737579,0.908866,0.140907,0.251971,0.185848,0.283422,0.00250668,0,0,0,0,0,-0.0234879,-0.0141872,0.812646,0.994167,0.108915,0.0937654,0.09375,0.300781,1.04831
185,1.29688,-0.00146484,-0.304688,0.0512695,-0.00112952,0.499549,0.519318,0.754804,0.83942,0.424983,0.330749,0.24965,1.34563,0.0045813,0,0,0,0,0,-0.00510577,-0.00265152,0.134577,1.04375,0.00337013,0.30241,0.296875,-0.00146484,1.04273
186,2.21875,0.482422,-0.0664062,0.00415039,0.21743,0.586063,1.14386,1.45912,3.43745,0.212659,0.838786,1.22389,1.03078,0.00396636,0,0,0,0,0,-0.0444315,-0.0508235,0.461792,0.992376,0.125164,0.146984,1.21875,0.482422,1.68797
187,1.6875,1.1875,-0.0135498,0.0100098,0.703704,0.759191,1.42981,1.34618,3.85656,0.154857,0.736242,0.991112,0.135432,0.00221764,0,0,0,0,0,-0.0753926,-0.107797,0.89272,0.97228,0.296781,0.114002,0.6875,1.1875,1.61731
188,1.53125,-0.193359,-0.0466309,0.0275879,-0.126276,0.449757,0.517355,0.828216,0.953598,0.387941,0.282076,0.23362,0.280746,0.00250146,0,0,0,0,0,0.00789354,0.00408376,0.243956,1.01602,0.0961944,0.300042,0.53125,-0.193359,1.02895
189,1.09375,-0.0292969,0.0639648,0.00741577,-0.0267857,0.489315,0.423948,0.627011,0.572875,0.18476,0.176044,0.110382,0.742785,0.00340388,0,0,0,0,0,-0.00374592,-0.00158807,0.1855,0.984874,0.181951,0.126428,0.09375,-0.0292969,1.07381
190,1.32031,0.277344,0.0961914,0.0137329,0.210059,0.583189,0.674475,0.865522,1.20404,0.210146,0.238945,0.206812,0.820833,0.00355632,0,0,0,0,0,-0.0147722,-0.00996345,0.538955,0.968263,0.273217,0.162854,0.320312,0.277344,1.11488
191,0.90625,0.104492,-0.198242,0.0478516,0.115302,0.545897,0.415654,0.56505,0.492051,0.398831,0.272817,0.154156,0.90625,0.00372314,0,0,0,0,0,-0.00655606,-0.00272506,0.209497,0.930961,0.377116,0.282753,-0.09375,0.104492,1.16369
192,1.53906,0.617188,-0.00360107,0.015564,0.401015,0.655796,0.973599,1.09789,2.15327,0.161017,0.2589,0.284245,0.028865,0.0020095,0,0,0,0,0,-0.0274576,-0.0267327,0.924566,0.984557,0.190966,0.11467,0.539062,0.617188,1.06924
193,1.02344,0.231445,-0.0737305,0.00778198,0.226145,0.589456,0.533314,0.675588,0.740842,0.141384,0.234939,0.158722,0.835799,0.00358555,0,0,0,0,0,-0.0194392,-0.0103672,0.721322,0.976446,0.300084,0.0915254,0.0234375,0.231445,1.08074
194,2.01562,0.773438,-0.115234,0.00738525,0.383721,0.649407,1.25284,1.4267,3.6051,0.174642,0.799868,1.14117,1.34091,0.00457209,0,0,0,0,0,-0.0672489,-0.0842524,0.732948,0.980516,0.201921,0.155184,1.01562,0.773438,1.56843
195,1.16406,0.25,0.0644531,0.0358887,0.214765,0.585025,0.598148,0.764643,0.94246,0.240175,0.368116,0.281477,0.340224,0.00261763,0,0,0,0,0,-0.0355041,-0.0212367,0.840816,0.941021,0.422234,0.169643,0.164062,0.25,1.10614
196,1.51562,0.53125,0.283203,0.0410156,0.350515,0.637024,0.909974,1.05693,1.94515,0.322566,0.38149,0.403208,1.39837,0.00468432,0,0,0,0,0,-0.0306808,-0.0279187,0.701117,0.993057,0.150405,0.244125,0.515625,0.53125,1.22455
197,1.14844,-0.0336914,0.0844727,0.00415039,-0.0293367,0.488298,0.44368,0.657372,0.62899,0.170275,0.262472,0.172542,1.31121,0.00451408,0,0,0,0,0,-0.00334345,-0.00148342,0.11105,0.977314,0.264521,0.106045,0.148438,-0.0336914,1.08004
198,1.22656,0.335938,-0.0184326,0.0119019,0.273885,0.607914,0.676496,0.826736,1.14114,0.155332,0.37125,0.306926,0.168958,0.00228312,0,0,0,0,0,-0.0334886,-0.0226549,0.786389,0.973234,0.300046,0.10714,0.226562,0.335938,1.1908
199,1.32031,0.515625,-0.166992,0.00698853,0.390533,0.651929,0.826396,0.937413,1.56167,0.198023,0.546236,0.512049,1.99758,0.00585464,0,0,0,0,0,-0.0456802,-0.0377499,0.729045,0.9921,0.125859,0.136039,0.320312,0.515625,1.45556
200,1.42969,0.59375,0.0308838,0.013916,0.415301,0.661039,0.917431,1.02646,1.8953,0.159879,0.367563,0.377289,0.261802,0.00246446,0,0,0,0,0,-0.0343482,-0.0315121,0.814665,0.991644,0.129262,0.121154,0.429688,0.59375,1.20233
201,1.17969,0.223633,-0.287109,0.0197754,0.18957,0.575177,0.587226,0.766567,0.93246,0.171021,0.185997,0.142579,2.04167,0.00594076,0,0,0,0,0,-0.0129916,-0.00762901,0.608925,0.986437,0.179592,0.106719,0.179688,0.223633,1.08172
202,1.83594,0.53125,-0.0654297,0.00445557,0.289362,0.613848,1.03071,1.24594,2.61473,0.2062,0.606111,0.755181,0.98022,0.00386762,0,0,0,0,0,-0.035266,-0.0363488,0.507236,0.969308,0.296373,0.130856,0.835938,0.53125,1.53976
203,1.17969,0.550781,0.148438,0.198242,0.466887,0.67971,0.795806,0.866954,1.38492,0.541247,0.6176,0.535431,0.333385,0.00260427,0,0,0,0,0,-0.0495943,-0.0394674,0.700053,1.01816,0.146807,0.388057,0.179688,0.550781,1.40313
204,1.65625,1.46094,0.0305176,0.00787354,0.882075,0.811132,1.62866,1.39927,4.6105,0.133468,0.654515,0.915844,0.343926,0.00262486,0,0,0,0,0,-0.0659563,-0.10742,0.878503,0.984088,0.219615,0.0905437,0.65625,1.46094,1.52465
205,1.38281,0.484375,0.0556641,0.00952148,0.350282,0.636937,0.830029,0.964212,1.61865,0.180057,0.29006,0.279679,0.570457,0.0030673,0,0,0,0,0,-0.0268829,-0.0223136,0.80797,0.988696,0.150095,0.143105,0.382812,0.484375,1.16497
206,1.5625,0.726562,-0.128906,0.00323486,0.465,0.679034,1.05217,1.1473,2.42336,0.161452,0.607093,0.696519,2.26645,0.00637978,0,0,0,0,0,-0.052421,-0.0551557,0.752761,0.969045,0.327036,0.112559,0.5625,0.726562,1.5697
207,2.15625,0.597656,-0.0578613,0.00830078,0.277174,0.609177,1.19378,1.45548,3.54351,0.245479,0.75695,1.10172,0.635081,0.00319352,0,0,0,0,0,-0.0345931,-0.0412964,0.398408,0.985562,0.169458,0.176406,1.15625,0.597656,1.61442
208,1.78125,0.738281,0.134766,0.0644531,0.414474,0.660736,1.14209,1.27839,2.93866,0.375619,0.335746,0.429215,0.530832,0.00298991,0,0,0,0,0,-0.0290875,-0.0332205,0.75527,0.968007,0.251524,0.234158,0.78125,0.738281,1.1487
209,1.58594,0.722656,0.126953,0.0402832,0.455665,0.675685,1.05851,1.1596,2.46512,0.259899,0.347223,0.402641,0.63253,0.00318854,0,0,0,0,0,-0.0314885,-0.0333309,0.790587,1.00698,0.0652599,0.200405,0.585938,0.722656,1.15988
210,1.38281,-0.0622559,0.0264893,0.00692749,-0.0450212,0.482045,0.523383,0.784251,0.88898,0.162703,0.263163,0.206386,0.31826,0.00257473,0,0,0,0,0,-0.000950456,-0.000497452,0.0314857,0.964316,0.333192,0.1309,0.382812,-0.0622559,1.16406
211,1.23438,0.451172,-0.0253906,0.00799561,0.365506,0.642633,0.752911,0.866599,1.31787,0.131046,0.506372,0.438822,0.283954,0.00250772,0,0,0,0,0,-0.0454244,-0.0342005,0.782035,0.984133,0.222478,0.08826,0.234375,0.451172,1.40183
212,2.3125,0.345703,0.0549316,0.0101318,0.149493,0.559418,1.10017,1.47118,3.37474,0.285602,0.874407,1.28641,0.545731,0.00301901,0,0,0,0,0,-0.033555,-0.0369161,0.334541,0.973446,0.234738,0.182777,1.3125,0.345703,1.63383
213,2.17188,1.86719,0.0639648,0.00909424,0.859712,0.805026,2.0975,1.8229,7.72247,0.16331,0.90814,1.65545,0.670746,0.00326318,0,0,0,0,0,-0.0937311,-0.196601,0.899782,0.963454,0.326407,0.139901,1.17188,1.86719,1.88139
214,1.57812,0.859375,-0.00121307,0.00515747,0.544554,0.70697,1.14643,1.19781,2.74907,0.108688,0.528277,0.632776,0.0168915,0.00198612,0,0,0,0,0,-0.0570147,-0.0653636,0.940876,0.992309,0.14193,0.0724905,0.578125,0.859375,1.28321
215,2.03125,1.27344,0.427734,0.0961914,0.626923,0.734645,1.60265,1.58143,5.06941,0.404968,0.570663,0.902463,1.37913,0.00464674,0,0,0,0,0,-0.0554326,-0.088839,0.846823,0.953377,0.30277,0.278325,1.03125,1.27344,1.40166
216,1.04688,-0.255859,-0.189453,0.0240479,-0.244403,0.403459,0.301854,0.523494,0.365162,0.314857,0.245178,0.128349,1.2217,0.00433925,0,0,0,0,0,0.0078772,0.00237777,0.28009,0.992727,0.140615,0.213277,0.046875,-0.255859,1.00251
217,1.5,0.515625,-0.0018158,0.0100098,0.34375,0.634483,0.894123,1.04287,1.88704,0.173809,0.328252,0.342325,0.0181491,0.00198857,0,0,0,0,0,-0.0302922,-0.027085,0.804509,0.956939,0.378217,0.135772,0.5,0.515625,1.11035
218,1.52344,0.828125,0.0463867,0.0169678,0.54359,0.706638,1.10559,1.15597,2.55859,0.185176,0.402907,0.465746,0.356108,0.00264865,0,0,0,0,0,-0.040295,-0.0445498,0.871874,0.96799,0.289824,0.144903,0.523438,0.828125,1.10155
219,1.5625,0.550781,-0.0147705,0.00772095,0.3525,0.637768,0.940095,1.09059,2.07316,0.147707,0.543094,0.592291,0.168097,0.00228144,0,0,0,0,0,-0.0411597,-0.038694,0.6607,0.994546,0.1043,0.104831,0.5625,0.550781,1.32719
220,1.17188,0.0283203,-0.0678711,0.0131836,0.0241667,0.50964,0.484085,0.692333,0.713663,0.229931,0.215617,0.149279,0.59111,0.00310764,0,0,0,0,0,-0.00341475,-0.00165303,0.138065,0.964467,0.267909,0.223513,0.171875,0.0283203,1.01935
221,1.55469,0.929688,-0.078125,0.0161133,0.59799,0.725077,1.19249,1.19953,2.86091,0.157642,0.366897,0.440105,0.615457,0.00315519,0,0,0,0,0,-0.0362968,-0.0432835,0.862444,0.971339,0.318507,0.1065,0.554688,0.929688,1.1097
222,1.4375,0.917969,0.0368652,0.0147705,0.638587,0.738454,1.14691,1.12327,2.57715,0.166116,0.471032,0.529097,0.303333,0.00254557,0,0,0,0,0,-0.0433564,-0.049726,0.802433,0.986447,0.174399,0.1153,0.4375,0.917969,1.43955
223,1.27344,0.081543,-0.0283203,0.0133667,0.0640337,0.525528,0.551423,0.770298,0.897426,0.256002,0.198998,0.153288,0.244955,0.00243155,0,0,0,0,0,0.00344101,0.00189745,0.150745,0.973211,0.230382,0.215713,0.273438,0.081543,1.09493
224,1.82812,1.20312,0.010437,0.0192871,0.65812,0.744769,1.48569,1.43734,4.27321,0.204038,0.461375,0.663152,0.0751524,0.00209991,0,0,0,0,0,-0.0479817,-0.0712858,0.906625,0.995326,0.102385,0.136404,0.828125,1.20312,1.16617
225,1.03906,0.46875,-0.296875,0.0212402,0.451128,0.674051,0.690501,0.758182,1.05163,0.274617,0.443974,0.336613,2.03701,0.00593167,0,0,0,0,0,-0.0386211,-0.0266679,0.758358,0.917409,0.453631,0.235868,0.0390625,0.46875,1.26425
226,1.73438,1.51562,0.0055542,0.027832,0.873874,0.808907,1.69363,1.46252,5.00736,0.194056,0.584213,0.854424,0.0332927,0.00201815,0,0,0,0,0,-0.0604387,-0.102361,0.901884,0.954408,0.341788,0.175314,0.734375,1.51562,1.62308
227,2.17188,1.09375,0.0162354,0.0143433,0.503597,0.692728,1.51596,1.62287,4.93185,0.252276,0.789048,1.28053,0.135562,0.00221789,0,0,0,0,0,-0.0631249,-0.0956947,0.697436,0.989363,0.148259,0.176876,1.17188,1.09375,1.63242
228,1.14062,0.0025177,-0.0957031,0.00799561,0.0022073,0.500881,0.458652,0.665175,0.652819,0.20178,0.181499,0.120729,1.07029,0.00404353,0,0,0,0,0,0.0026662,0.00122286,0.128064,0.989444,0.145373,0.133894,0.140625,0.0025177,0.984809
229,0.949219,0.138672,-0.0201416,0.0791016,0.146091,0.558075,0.449975,0.602672,0.565691,0.370234,0.425628,0.256514,0.0716146,0.002093,0,0,0,0,0,-0.027376,-0.0123185,0.56072,1.01309,0.0669639,0.242593,-0.0507812,0.138672,1.24456
230,1.34375,-0.105469,-0.131836,0.0488281,-0.0784884,0.46872,0.486113,0.747279,0.794731,0.52309,0.326229,0.243784,0.596621,0.0031184,0,0,0,0,0,0.000392512,0.000190805,0.0104891,0.991993,0.198205,0.350965,0.34375,-0.105469,1.02857
231,1.71875,1.10156,0.0119019,0.0147095,0.640909,0.739209,1.37434,1.34402,3.69521,0.170787,0.638483,0.858136,0.0981332,0.00214479,0,0,0,0,0,-0.0651515,-0.0895404,0.889574,0.967548,0.32474,0.120769,0.71875,1.10156,1.5703
232,1.4375,0.558594,-0.0397949,0.0107422,0.388587,0.651209,0.897961,1.01972,1.84617,0.148727,0.532361,0.54286,0.383956,0.00270304,0,0,0,0,0,-0.0486165,-0.0436557,0.796131,0.950922,0.482466,0.112295,0.4375,0.558594,1.15447
233,1.13281,-0.316406,0.355469,0.0947266,-0.27931,0.390003,0.312301,0.552066,0.402309,0.476402,0.371215,0.204935,1.15496,0.0042089,0,0,0,0,0,-0.00840413,-0.00262462,0.197367,1.02202,0.0898603,0.319224,0.132812,-0.316406,1.22003
234,1.02344,-0.15918,-0.00628662,0.00634766,-0.155534,0.4382,0.330811,0.544326,0.405726,0.156436,0.148979,0.0810932,0.0789061,0.00210724,0,0,0,0,0,-0.00176576,-0.000584133,0.103327,0.999051,0.0613152,0.104461,0.0234375,-0.15918,1.01255
235,0.839844,0.194336,-0.078125,0.0267334,0.231395,0.591496,0.440454,0.555659,0.502756,0.201706,0.34005,0.188952,0.477818,0.00288636,0,0,0,0,0,-0.0326626,-0.0143864,0.837365,0.975902,0.249922,0.128081,-0.160156,0.194336,1.15144
236,1.28125,0.0942383,-0.0155029,0.00384521,0.0735518,0.529316,0.560903,0.7794,0.922078,0.176118,0.422553,0.329338,0.250008,0.00244142,0,0,0,0,0,-0.0111029,-0.00622763,0.229066,0.978516,0.243484,0.113953,0.28125,0.0942383,1.21019
237,1.89062,0.361328,-0.0334473,0.00735474,0.191116,0.575783,0.942981,1.22935,2.40052,0.205135,0.708524,0.871024,0.390011,0.00271487,0,0,0,0,0,-0.0277942,-0.0262094,0.341985,0.996227,0.0937542,0.129237,0.890625,0.361328,1.4739
238,1.39844,0.482422,0.00430298,0.0149536,0.344972,0.634942,0.834673,0.972794,1.64301,0.20587,0.407786,0.396691,0.0351881,0.00202185,0,0,0,0,0,-0.0399569,-0.0333509,0.854214,0.998784,0.0819272,0.147359,0.398438,0.482422,1.32983
239,1.38281,-0.257812,-0.188477,0.0234375,-0.186441,0.42605,0.427767,0.721374,0.703365,0.360259,0.300262,0.216601,1.23112,0.00435766,0,0,0,0,0,0.0108992,0.00466231,0.316447,0.994956,0.138194,0.233248,0.382812,-0.257812,1.0897
240,1.34375,-0.0888672,0.289062,0.0578613,-0.0661337,0.473636,0.494413,0.752705,0.811009,0.397335,0.262502,0.197587,1.2017,0.0043002,0,0,0,0,0,-0.0112676,-0.00557088,0.374203,1.00234,0.123297,0.264327,0.34375,-0.0888672,1.09662
241,1.49219,-0.246094,-0.214844,0.034668,-0.164921,0.434503,0.475324,0.789398,0.849082,0.463939,0.387927,0.306229,1.15387,0.00420679,0,0,0,0,0,0.00521734,0.00247993,0.117248,1.02165,0.0598219,0.277402,0.492188,-0.246094,1.13255
242,1.03906,-0.25,0.0493164,0.015564,-0.240602,0.404932,0.301033,0.521041,0.362104,0.240086,0.242115,0.126152,0.395304,0.0027252,0,0,0,0,0,-0.00550029,-0.00165577,0.198048,0.968337,0.280689,0.152381,0.0390625,-0.25,1.14041
243,1.55469,0.230469,0.142578,0.0106201,0.148241,0.558924,0.738668,0.988341,1.52245,0.165807,0.37076,0.366437,1.38353,0.00465533,0,0,0,0,0,-0.0132174,-0.00976328,0.310786,0.984763,0.191686,0.111058,0.554688,0.230469,1.14925
244,1.26562,0.458984,-0.0143433,0.00976562,0.362654,0.641568,0.769671,0.887403,1.37988,0.134843,0.315682,0.280137,0.145144,0.00223661,0,0,0,0,0,-0.0298421,-0.0229686,0.824112,0.982963,0.231912,0.0904895,0.265625,0.458984,1.08508
245,1.28125,0.339844,0.0317383,0.019165,0.265244,0.604589,0.699599,0.860324,1.2296,0.198772,0.220155,0.189405,0.22926,0.0024009,0,0,0,0,0,-0.0162811,-0.0113903,0.644707,0.968585,0.280731,0.150476,0.28125,0.339844,1.0574
246,1.47656,0.617188,-0.0397949,0.00585938,0.417989,0.662023,0.950042,1.0614,2.02916,0.214891,0.507656,0.538827,0.519879,0.00296851,0,0,0,0,0,-0.0328967,-0.0312533,0.564925,0.983015,0.184033,0.170334,0.476562,0.617188,1.27349
247,0.996094,-0.0203857,0.0771484,0.0128784,-0.0204657,0.491836,0.389243,0.573161,0.480024,0.188137,0.177727,0.101866,0.679823,0.0032809,0,0,0,0,0,0.00134059,0.000521817,0.0657584,0.983386,0.192618,0.128205,-0.00390625,-0.0203857,0.974063
248,1.04688,0.18457,-0.0270996,0.0251465,0.176306,0.569973,0.512262,0.676432,0.719972,0.214458,0.256691,0.173634,0.170893,0.0022869,0,0,0,0,0,-0.0209058,-0.0107092,0.710007,0.982589,0.194722,0.136432,0.046875,0.18457,1.10071
249,1.07031,0.0795898,-0.043457,0.0169678,0.0743613,0.529639,0.468993,0.651396,0.644271,0.170986,0.34242,0.223051,0.333617,0.00260472,0,0,0,0,0,-0.0293797,-0.0137789,0.747989,0.990005,0.141427,0.130844,0.0703125,0.0795898,1.14706
250,1.5625,0.609375,-0.0727539,0.00390625,0.39,0.651732,0.977452,1.1091,2.18551,0.199153,0.681523,0.755877,1.16406,0.00422668,0,0,0,0,0,-0.0391707,-0.0382875,0.501058,0.969462,0.295113,0.130956,0.5625,0.609375,1.44019
251,1.20312,0.237305,-0.045166,0.0115356,0.19724,0.57818,0.604777,0.784368,0.980988,0.170256,0.164332,0.128896,0.420524,0.00277446,0,0,0,0,0,-0.00945749,-0.00571967,0.50172,0.993259,0.116175,0.123915,0.203125,0.237305,1.07136
252,1.77344,0.910156,-0.339844,0.134766,0.513216,0.6961,1.24873,1.33094,3.33072,0.423514,0.365588,0.486575,0.925741,0.00376121,0,0,0,0,0,-0.0276716,-0.0345543,0.659857,0.957615,0.288051,0.288145,0.773438,0.910156,1.09465
253,1.5,0.219727,0.0317383,0.00282288,0.146484,0.55823,0.711367,0.952591,1.41347,0.172699,0.538444,0.512917,0.597362,0.00311985,0,0,0,0,0,-0.0233031,-0.016577,0.377294,0.978255,0.232352,0.127611,0.5,0.219727,1.37062
254,1.28125,0.371094,0.0791016,0.0132446,0.289634,0.613952,0.719523,0.869615,1.27394,0.169162,0.184279,0.160252,0.68733,0.00329557,0,0,0,0,0,-0.0135048,-0.00971704,0.63888,0.955725,0.423292,0.11901,0.28125,0.371094,0.982492
255,1.48438,0.455078,0.0510254,0.00622559,0.306579,0.620418,0.849631,1.01507,1.75223,0.203176,0.656141,0.666027,0.64669,0.00321619,0,0,0,0,0,-0.0409566,-0.034798,0.544169,0.986407,0.164338,0.162009,0.484375,0.455078,1.36629
256,1.21094,0.00180817,-0.108398,0.0251465,0.0014932,0.500596,0.486493,0.70588,0.734942,0.29229,0.311904,0.220167,0.683572,0.00328823,0,0,0,0,0,-0.0113805,-0.00553653,0.318088,0.986953,0.164272,0.196865,0.210938,0.00180817,1.06146
257,1.49219,0.964844,-0.0184326,0.00518799,0.646597,0.741054,1.19962,1.16895,2.80553,0.136999,0.421678,0.49292,0.25591,0.00245295,0,0,0,0,0,-0.0448034,-0.0537472,0.92627,0.986673,0.188231,0.0936043,0.492188,0.964844,1.38575
258,1.3125,0.116211,0.00714111,0.00408936,0.0885417,0.535277,0.584421,0.805518,0.990408,0.179448,0.404985,0.326223,0.111671,0.00217123,0,0,0,0,0,-0.00945794,-0.00552742,0.203594,0.9823,0.198454,0.132901,0.3125,0.116211,1.27272
259,2.3125,0.585938,-0.0810547,0.00772095,0.253378,0.600012,1.2452,1.54473,3.9367,0.261311,0.882736,1.36359,0.92245,0.00375479,0,0,0,0,0,-0.0438027,-0.054543,0.43259,0.960468,0.300822,0.186834,1.3125,0.585938,1.6645
260,1.32812,0.172852,0.0529785,0.00424194,0.130147,0.551775,0.619007,0.835369,1.08101,0.193581,0.47077,0.393267,0.813425,0.00354185,0,0,0,0,0,-0.0227584,-0.0140876,0.421443,0.982298,0.205477,0.121032,0.328125,0.172852,1.26078
261,1.19531,-0.0539551,0.0380859,0.017334,-0.0451389,0.481998,0.452346,0.677865,0.664118,0.279014,0.28974,0.196404,0.289278,0.00251812,0,0,0,0,0,-0.00477412,-0.00215955,0.143646,0.989035,0.155514,0.204253,0.195312,-0.0539551,0.985527
262,1.80469,1.11719,0.103516,0.0495605,0.619048,0.732058,1.4131,1.40158,3.96128,0.266339,0.45357,0.635715,0.464984,0.0028613,0,0,0,0,0,-0.0417328,-0.0589726,0.802121,1.02185,-0.0519658,0.164553,0.804688,1.11719,1.31966
263,1.625,1.08594,-0.116699,0.00872803,0.668269,0.748019,1.33314,1.28175,3.42013,0.165031,0.461647,0.591715,1.24914,0.00439284,0,0,0,0,0,-0.0423098,-0.0564047,0.798983,1.00085,0.0531861,0.120487,0.625,1.08594,1.20999
264,1.84375,1.08594,-0.0510254,0.0766602,0.588983,0.722064,1.4016,1.4186,3.97691,0.349749,0.536437,0.76099,0.18429,0.00231307,0,0,0,0,0,-0.0493978,-0.0692359,0.802779,1.01175,0.105394,0.291786,0.84375,1.08594,1.27208
265,1.35156,0.578125,-0.0480957,0.00415039,0.427746,0.665582,0.878022,0.975838,1.72318,0.140457,0.419679,0.409538,0.746555,0.00341124,0,0,0,0,0,-0.0386806,-0.0339624,0.803495,0.97762,0.29581,0.087856,0.351562,0.578125,1.39232
266,1.64062,1.17188,0.176758,0.0378418,0.714286,0.762475,1.40328,1.31323,3.69378,0.246626,0.494454,0.649334,0.908642,0.00372782,0,0,0,0,0,-0.0536292,-0.0752567,0.945544,0.965723,0.276808,0.180668,0.640625,1.17188,1.32386
267,1.46094,-0.277344,-0.138672,0.0439453,-0.18984,0.424717,0.450135,0.760254,0.780607,0.445187,0.284965,0.216645,0.661503,0.00324512,0,0,0,0,0,0.00967744,0.00435615,0.296058,0.984415,0.200142,0.295693,0.460938,-0.277344,1.11607
268,1.22656,0.373047,-0.0644531,0.00927734,0.30414,0.619489,0.700156,0.837859,1.19223,0.159853,0.337108,0.282449,0.669163,0.00326008,0,0,0,0,0,-0.0318983,-0.0223338,0.824907,0.994972,0.100155,0.0998289,0.226562,0.373047,1.1134
269,1.375,0.59375,-0.0247803,0.0126953,0.431818,0.667063,0.896818,0.994588,1.79349,0.196297,0.333488,0.331683,0.21993,0.00238268,0,0,0,0,0,-0.0273568,-0.0245341,0.715141,0.960522,0.329397,0.153029,0.375,0.59375,1.11905
270,1.60156,0.734375,-0.0727539,0.00622559,0.458537,0.676717,1.07187,1.17255,2.52378,0.174672,0.618134,0.724794,0.922075,0.00375405,0,0,0,0,0,-0.0563586,-0.0604092,0.794848,0.972002,0.283862,0.124598,0.601562,0.734375,1.56357
271,1.09375,-0.0500488,0.010437,0.00442505,-0.0457589,0.481751,0.413572,0.620043,0.555495,0.155626,0.226557,0.140475,0.156898,0.00225957,0,0,0,0,0,-0.00439961,-0.00181955,0.169294,0.975996,0.271592,0.109324,0.09375,-0.0500488,1.11508
272,1.3125,0.738281,-0.0252686,0.00491333,0.5625,0.713112,0.971355,1.00166,1.94686,0.113802,0.452691,0.453444,0.360489,0.00265721,0,0,0,0,0,-0.0455363,-0.0442319,0.876925,0.977414,0.339008,0.0739326,0.3125,0.738281,1.32286
273,0.960938,0.157227,-0.0415039,0.00576782,0.163618,0.564984,0.463951,0.616425,0.595231,0.186135,0.413899,0.255138,0.546491,0.00302049,0,0,0,0,0,-0.0317278,-0.0147202,0.668271,0.983127,0.206828,0.110309,-0.0390625,0.157227,1.14625
274,1.86719,0.166992,-0.0187988,0.0830078,0.0894351,0.535632,0.832243,1.14655,2.00721,0.577652,0.450492,0.516512,0.0652486,0.00208056,0,0,0,0,0,-0.00345272,-0.0028735,0.0668161,1.00706,0.170476,0.378413,0.867188,0.166992,1.23987
275,0.882812,-0.0786133,0.00518799,0.00744629,-0.0890487,0.464522,0.314703,0.487925,0.337109,0.135981,0.153048,0.0746762,0.0601214,0.00207055,0,0,0,0,0,-0.00847294,-0.00266646,0.482628,0.974904,0.32413,0.0885487,-0.117188,-0.0786133,1.02136
276,2.01562,0.5,-0.046875,0.00964355,0.248062,0.597957,1.07851,1.34329,2.96762,0.244966,0.748537,1.00551,0.477334,0.00288542,0,0,0,0,0,-0.0408437,-0.0440503,0.475684,0.956463,0.317742,0.192119,1.01562,0.5,1.59917
277,1.34375,0.24707,-0.12793,0.0227051,0.183866,0.572941,0.664007,0.871053,1.19964,0.283878,0.26451,0.230403,0.849004,0.00361134,0,0,0,0,0,-0.0109316,-0.00725864,0.360285,0.994723,0.122175,0.18851,0.34375,0.24707,1.07529
278,1.10156,0.492188,-0.179688,0.104004,0.446809,0.672493,0.729002,0.802218,1.175,0.458394,0.589867,0.473202,0.557177,0.00304136,0,0,0,0,0,-0.0423182,-0.0308501,0.625432,0.955768,0.297562,0.342685,0.101562,0.492188,1.48304
279,1.51562,-0.134766,0.0385742,0.0197754,-0.0889175,0.464574,0.540386,0.837741,0.993828,0.328543,0.299531,0.25093,0.274306,0.00248888,0,0,0,0,0,0.000516019,0.00027885,0.0150186,0.971107,0.239083,0.224591,0.515625,-0.134766,1.14607
280,0.742188,-0.078125,0.057373,0.00537109,-0.105263,0.458083,0.258556,0.406348,0.23197,0.13223,0.150972,0.0613472,0.782846,0.00348212,0,0,0,0,0,-0.0112523,-0.00290935,0.649755,0.978503,0.262493,0.100101,-0.257812,-0.078125,1.03363
281,0.941406,0.157227,0.0791016,0.0600586,0.167012,0.56632,0.456119,0.6051,0.574191,0.319663,0.380394,0.230177,0.322773,0.00258354,0,0,0,0,0,-0.0299439,-0.013658,0.686247,0.957146,0.30555,0.208132,-0.0585938,0.157227,1.32388
282,0.941406,-0.151367,-0.00169373,0.0209961,-0.160788,0.43613,0.301823,0.499197,0.340295,0.218698,0.168129,0.0839294,0.0116889,0.00197595,0,0,0,0,0,-0.00731739,-0.00220855,0.379421,0.980538,0.199827,0.162595,-0.0585938,-0.151367,1.04511
283,1.625,1.08594,0.00866699,0.0103149,0.668269,0.748019,1.33314,1.28175,3.42013,0.149443,0.704071,0.902442,0.0853365,0.0021198,0,0,0,0,0,-0.0671018,-0.0894558,0.830854,0.989158,0.15791,0.0998604,0.625,1.08594,1.55464
284,3.20312,1.10156,-0.0603027,0.0108643,0.343902,0.63454,1.90964,2.22712,8.60678,0.330321,1.05191,2.34273,0.578545,0.0030831,0,0,0,0,0,-0.0580927,-0.110936,0.48145,1.00876,0.126984,0.310633,2.20312,1.10156,2.07698
285,1.96875,1.52344,0.135742,0.0296631,0.77381,0.780478,1.77292,1.60652,5.72414,0.241128,0.759451,1.22007,0.788146,0.00349247,0,0,0,0,0,-0.0809433,-0.143506,0.929154,0.963068,0.329975,0.139232,0.96875,1.52344,1.607
286,1.70312,1.23438,-0.00473022,0.00534058,0.724771,0.765704,1.4703,1.36787,4.03284,0.108138,0.454441,0.621616,0.0647273,0.00207955,0,0,0,0,0,-0.0472942,-0.0695365,0.907272,0.998552,0.0552589,0.0678798,0.703125,1.23438,1.29318
287,1.67969,1.46875,0.0227051,0.0110474,0.874419,0.809055,1.64092,1.41666,4.69956,0.122639,0.53517,0.758155,0.21602,0.00237504,0,0,0,0,0,-0.0556736,-0.0913561,0.90691,0.98455,0.218907,0.0875331,0.679688,1.46875,1.27092
288,1.04688,-0.291016,-0.0419922,0.0598145,-0.277985,0.390512,0.289112,0.510685,0.344386,0.428309,0.254211,0.129822,0.171698,0.00228847,0,0,0,0,0,-0.00814737,-0.0023555,0.279402,0.984884,0.208375,0.324202,0.046875,-0.291016,1.05101
289,1.26562,-0.162109,-0.11084,0.0213623,-0.128086,0.44904,0.426464,0.683831,0.649496,0.315289,0.245923,0.16817,0.758354,0.00343428,0,0,0,0,0,0.00336602,0.00143549,0.119323,1.01129,0.0704966,0.236887,0.265625,-0.162109,1.07803
290,1.61719,0.484375,0.0184326,0.00939941,0.299517,0.617727,0.918369,1.10243,2.05876,0.220951,0.529776,0.584043,0.190124,0.00232446,0,0,0,0,0,-0.0213101,-0.0195705,0.350671,1.01251,-0.0212786,0.138814,0.617188,0.484375,1.36161
291,1.57812,0.53125,-0.0617676,0.0256348,0.336634,0.631803,0.933532,1.09371,2.06768,0.322048,0.348209,0.380839,0.385785,0.00270661,0,0,0,0,0,-0.0231088,-0.0215728,0.578556,0.977369,0.213109,0.238929,0.578125,0.53125,1.09301
292,1.19531,-0.326172,-0.173828,0.0314941,-0.272876,0.392474,0.332319,0.585304,0.453017,0.332771,0.243973,0.142798,0.979502,0.00386621,0,0,0,0,0,0.0112863,0.00375066,0.403289,1.00784,0.0897998,0.244099,0.195312,-0.326172,0.982764
293,1.57031,0.886719,-0.0498047,0.0114136,0.564677,0.713853,1.16475,1.19922,2.79476,0.192461,0.392473,0.47066,0.466186,0.00286364,0,0,0,0,0,-0.0400314,-0.0466266,0.889196,1.00887,-0.000427026,0.133065,0.570312,0.886719,1.10824
294,1.0625,-0.203125,-0.0825195,0.0169678,-0.191176,0.424194,0.326856,0.552376,0.411954,0.255942,0.172698,0.0953943,0.633497,0.00319042,0,0,0,0,0,0.0032597,0.00106545,0.164549,0.978337,0.207911,0.188665,0.0625,-0.203125,1.01845
295,1.24219,0.585938,-0.195312,0.0578613,0.471698,0.681429,0.841778,0.914876,1.54559,0.326834,0.373566,0.341767,0.811962,0.00353899,0,0,0,0,0,-0.0347507,-0.0292524,0.810966,0.983366,0.185175,0.221205,0.242188,0.585938,1.1174
296,1.625,0.929688,0.00170135,0.00860596,0.572115,0.716378,1.21449,1.24381,3.02207,0.158951,0.533125,0.663107,0.0183398,0.00198894,0,0,0,0,0,-0.0470272,-0.0571143,0.769001,0.999086,0.0649632,0.113881,0.625,0.929688,1.51941
297,1.82812,0.431641,-0.0571289,0.00939941,0.236111,0.593327,0.964253,1.21201,2.39875,0.217641,0.63995,0.775624,0.589258,0.00310402,0,0,0,0,0,-0.0445959,-0.0430018,0.607514,0.970415,0.270675,0.148319,0.828125,0.431641,1.57116
298,1.25781,-0.138672,-0.269531,0.0286865,-0.110248,0.456106,0.43505,0.686662,0.660773,0.374164,0.302471,0.207696,1.59137,0.00506126,0,0,0,0,0,0.00276606,0.00120337,0.079723,0.992389,0.149898,0.235364,0.257812,-0.138672,1.13978
299,1.53125,1.03906,-0.131836,0.121094,0.678571,0.751295,1.2682,1.21176,3.07671,0.347193,0.460467,0.557977,0.378855,0.00269308,0,0,0,0,0,-0.0434884,-0.055152,0.823344,0.907799,0.465205,0.26392,0.53125,1.03906,1.21811
300,1.6875,1.28906,0.0255127,0.00805664,0.763889,0.777533,1.50693,1.37258,4.15482,0.123763,0.518978,0.71234,0.284236,0.00250827,0,0,0,0,0,-0.0570126,-0.085914,0.957698,0.993638,0.117127,0.0849497,0.6875,1.28906,1.31265
301,1.625,0.894531,-0.287109,0.15625,0.550481,0.709005,1.1878,1.23561,2.93761,0.471296,0.37661,0.465345,0.726336,0.00337175,0,0,0,0,0,-0.0278644,-0.0330973,0.645006,0.952202,0.305536,0.311907,0.625,0.894531,1.18028
302,1.25781,-0.349609,-0.157227,0.0179443,-0.27795,0.390525,0.347382,0.613601,0.49718,0.290039,0.249922,0.153352,1.17371,0.00424553,0,0,0,0,0,0.012776,0.00443816,0.445654,0.984668,0.176811,0.205686,0.257812,-0.349609,1.06072
303,1.22656,0.425781,-0.259766,0.0634766,0.347134,0.635755,0.733778,0.854058,1.26784,0.271431,0.248413,0.212159,1.03104,0.00396687,0,0,0,0,0,-0.0203817,-0.0149557,0.715275,1.00063,0.0894612,0.185714,0.226562,0.425781,1.02373
304,1.34375,0.613281,-0.0388184,0.00793457,0.456395,0.675947,0.897492,0.982845,1.77148,0.182601,0.57028,0.560497,0.435788,0.00280427,0,0,0,0,0,-0.0469456,-0.0421333,0.717652,0.982937,0.200225,0.121131,0.34375,0.613281,1.42049
305,1.4375,0.597656,-0.227539,0.128906,0.415761,0.661208,0.922866,1.03229,1.91729,0.497342,0.347258,0.35847,0.633751,0.00319092,0,0,0,0,0,-0.0199509,-0.018412,0.500861,1.02527,0.11518,0.369058,0.4375,0.597656,1.18663
306,1.25781,0.239258,-0.0874023,0.0234375,0.190217,0.575431,0.626635,0.817559,1.06107,0.326539,0.250975,0.205187,0.57091,0.00306818,0,0,0,0,0,-0.0107785,-0.00675418,0.374398,0.996095,0.124763,0.21291,0.257812,0.239258,1.09234
307,1.0625,0.0893555,-0.0302734,0.00454712,0.0840993,0.533511,0.470743,0.650376,0.644588,0.160168,0.228332,0.148502,0.448945,0.00282997,0,0,0,0,0,-0.0134027,-0.00630922,0.511719,0.985331,0.185897,0.112176,0.0625,0.0893555,1.10028
308,1.49219,0.101562,0.060791,0.00424194,0.0680628,0.527132,0.649152,0.904773,1.24001,0.187264,0.554834,0.501999,0.933377,0.00377613,0,0,0,0,0,-0.0237391,-0.0154103,0.372999,0.98071,0.209784,0.133612,0.492188,0.101562,1.41293
309,1.125,0.0810547,0.104492,0.00671387,0.0720486,0.528718,0.491655,0.683743,0.709229,0.206155,0.306089,0.209286,1.27526,0.00444386,0,0,0,0,0,-0.0118271,-0.00581485,0.336851,0.979919,0.206471,0.152893,0.125,0.0810547,1.04383
310,1.57031,-0.199219,-0.296875,0.0566406,-0.126866,0.449523,0.53009,0.849055,1.00189,0.472601,0.381428,0.323853,1.24741,0.00438947,0,0,0,0,0,-6.538e-05,-3.46573e-05,0.00149431,0.936226,0.351465,0.344571,0.570312,-0.199219,1.18375
311,2.10938,0.417969,-0.119629,0.00579834,0.198148,0.578535,1.06154,1.37573,3.0195,0.221138,0.786151,1.08153,1.57103,0.00502154,0,0,0,0,0,-0.036716,-0.0389757,0.407152,0.97085,0.260729,0.15812,1.10938,0.417969,1.44288
312,1.14062,0.19043,-0.0878906,0.00811768,0.166952,0.566296,0.552608,0.733124,0.842847,0.159798,0.222113,0.162836,0.975499,0.0038584,0,0,0,0,0,-0.0136676,-0.00755283,0.536445,0.961495,0.407734,0.106537,0.140625,0.19043,1.01648
313,1.52344,0.147461,-0.109375,0.00494385,0.0967949,0.538555,0.684633,0.939548,1.35147,0.198629,0.562442,0.528441,1.55556,0.00499132,0,0,0,0,0,-0.0265301,-0.0181634,0.411215,0.977996,0.227903,0.136161,0.523438,0.147461,1.69625
314,1.23438,0.460938,-0.112793,0.157227,0.373418,0.645581,0.759137,0.869681,1.33264,0.513099,0.64652,0.562266,0.284459,0.00250871,0,0,0,0,0,-0.0464123,-0.0352333,0.625833,0.979779,0.248554,0.39602,0.234375,0.460938,1.70668
315,1.1875,0.0629883,-0.263672,0.0334473,0.0530428,0.521151,0.507684,0.713658,0.767051,0.325694,0.249793,0.178266,1.44173,0.004769,0,0,0,0,0,-0.00576451,-0.00292655,0.201182,0.995485,0.125488,0.207573,0.1875,0.0629883,0.999118
316,1.375,0.4375,0.024292,0.0378418,0.318182,0.624826,0.797198,0.945131,1.5288,0.232931,0.19234,0.181786,0.124876,0.00219702,0,0,0,0,0,-0.0198257,-0.015805,0.898603,0.947052,0.387283,0.17073,0.375,0.4375,0.978227
317,1.53906,0.746094,-0.0356445,0.00671387,0.484772,0.686081,1.05579,1.14026,2.41487,0.142841,0.556953,0.635069,0.435017,0.00280277,0,0,0,0,0,-0.0469199,-0.0495374,0.734422,0.995853,0.0921548,0.106813,0.539062,0.746094,1.42014
318,0.992188,-0.289062,-0.200195,0.0142822,-0.291339,0.385396,0.269208,0.479244,0.302148,0.26286,0.235919,0.113063,1.67516,0.00522492,0,0,0,0,0,0.00715758,0.00192687,0.26449,0.989982,0.142053,0.157663,-0.0078125,-0.289062,1.1293
319,1.35156,0.628906,0.0134888,0.0644531,0.465318,0.679148,0.910399,0.99256,1.814,0.302849,0.641615,0.636841,0.0531313,0.0020569,0,0,0,0,0,-0.0602293,-0.0548326,0.818351,0.977867,0.21112,0.239319,0.351562,0.628906,1.53251
320,1.26562,0.369141,-0.0898438,0.00294495,0.291667,0.614729,0.712389,0.859782,1.24672,0.164207,0.512901,0.440983,1.65558,0.00518667,0,0,0,0,0,-0.0304792,-0.021713,0.518055,0.989216,0.150943,0.114453,0.265625,0.369141,1.22688
321,1.1875,-0.146484,0.0441895,0.0140991,-0.123355,0.450913,0.402948,0.643375,0.576298,0.20715,0.201834,0.129855,0.372154,0.00267999,0,0,0,0,0,0.00189952,0.000765407,0.0820455,0.987116,0.160712,0.145674,0.1875,-0.146484,1.04062
322,1.38281,-0.081543,0.0878906,0.006073,-0.0589689,0.476488,0.51374,0.777849,0.868977,0.224092,0.353594,0.275043,1.12782,0.0041559,0,0,0,0,0,0.00647736,0.00332768,0.159698,0.986359,0.165384,0.181402,0.382812,-0.081543,1.03879
323,0.808594,-0.201172,-0.19043,0.0117798,-0.248792,0.401761,0.231862,0.403037,0.216199,0.189386,0.174392,0.0702865,1.75455,0.00537998,0,0,0,0,0,-0.00548644,-0.0012721,0.274265,0.953217,0.369302,0.157153,-0.191406,-0.201172,1.035
324,1.19531,0.0834961,0.0854492,0.00537109,0.0698529,0.527845,0.521071,0.725534,0.797915,0.185681,0.304418,0.220865,1.16594,0.00423035,0,0,0,0,0,-0.00796499,-0.00415033,0.228098,1.00404,0.0209586,0.113349,0.195312,0.0834961,1.03754
325,0.871094,-0.167969,0.0568848,0.0131836,-0.192825,0.423548,0.267453,0.452325,0.276129,0.186071,0.161044,0.0728443,0.495426,0.00292075,0,0,0,0,0,-0.00146777,-0.000392559,0.0794546,0.95543,0.390678,0.134795,-0.128906,-0.167969,1.01802
326,1.02344,0.0115967,-0.0578613,0.00714111,0.0113311,0.50452,0.416199,0.600063,0.533298,0.198579,0.301352,0.18083,0.684708,0.00329045,0,0,0,0,0,-0.00942263,-0.00392169,0.272587,0.994761,0.108484,0.144778,0.0234375,0.0115967,1.11322
327,1.24219,0.273438,-0.314453,0.0495605,0.220126,0.587113,0.642537,0.817854,1.08174,0.395297,0.260476,0.213031,1.4125,0.00471191,0,0,0,0,0,-0.011562,-0.007429,0.386965,1.01022,0.105677,0.283779,0.242188,0.273438,1.04565
328,0.941406,-0.0217285,-0.102051,0.00970459,-0.0230809,0.490793,0.366642,0.540858,0.426954,0.1974,0.170057,0.0919768,1.03592,0.00397641,0,0,0,0,0,-0.00630106,-0.00231023,0.323017,0.965166,0.310633,0.143187,-0.0585938,-0.0217285,0.985346
329,1.26562,-0.0354004,-0.0361328,0.00531006,-0.0279707,0.488843,0.489818,0.725035,0.765597,0.15416,0.429873,0.311673,0.495852,0.00292159,0,0,0,0,0,-0.0213829,-0.0104737,0.433644,0.982892,0.203339,0.117183,0.265625,-0.0354004,1.17883
330,1.84375,0.546875,-0.0859375,0.00396729,0.29661,0.616618,1.04361,1.25526,2.66481,0.166487,0.602014,0.755686,1.36438,0.00461793,0,0,0,0,0,-0.0302177,-0.0315356,0.437585,0.989477,0.15414,0.100992,0.84375,0.546875,1.40167
331,2.23438,1.01562,-0.0195312,0.015564,0.454545,0.675282,1.48971,1.6329,4.88558,0.244309,0.7956,1.29913,0.156556,0.0022589,0,0,0,0,0,-0.0578067,-0.0861149,0.633417,0.982729,0.185142,0.179311,1.23438,1.01562,1.65186
332,1.23438,0.125,0.019165,0.0402832,0.101266,0.54033,0.557487,0.763288,0.8934,0.29568,0.220216,0.168088,0.0954878,0.00213962,0,0,0,0,0,-0.00473661,-0.0026406,0.187511,1.02761,-0.0320051,0.206756,0.234375,0.125,1.0446
333,1.39844,0.176758,0.0234375,0.00537109,0.126397,0.550291,0.649156,0.877654,1.19168,0.215793,0.529054,0.464326,0.319801,0.00257774,0,0,0,0,0,-0.0247462,-0.0160641,0.40777,0.992426,0.124943,0.147762,0.398438,0.176758,1.48415
334,2,0.683594,0.105957,0.174805,0.341797,0.633748,1.18967,1.38929,3.34544,0.407511,0.345469,0.479955,0.253427,0.0024481,0,0,0,0,0,-0.0323583,-0.0384958,0.81655,0.970092,0.258058,0.345649,1,0.683594,1.18379
335,2.15625,1.30469,0.261719,0.116699,0.605072,0.727435,1.6655,1.66734,5.5539,0.41882,0.49616,0.827266,0.766127,0.00344947,0,0,0,0,0,-0.0444199,-0.0739814,0.780482,0.989256,0.196722,0.328355,1.15625,1.30469,1.36761
336,0.933594,-0.00878906,-0.0515137,0.00665283,-0.00941423,0.496244,0.369979,0.540715,0.429256,0.208987,0.200098,0.108196,0.631567,0.00318665,0,0,0,0,0,-0.0013049,-0.000482787,0.0568516,0.983933,0.181374,0.149419,-0.0664062,-0.00878906,1.02292
337,1.07812,0.0732422,-0.417969,0.0155029,0.0679348,0.527081,0.468952,0.653661,0.647189,0.220303,0.19242,0.125778,3.35689,0.00850955,0,0,0,0,0,-0.00536823,-0.00251744,0.243213,0.960635,0.327415,0.154153,0.078125,0.0732422,1.04956
338,1.58594,0.988281,-0.0678711,0.00518799,0.623153,0.733408,1.24676,1.23327,3.07538,0.15296,0.629778,0.776689,0.942292,0.00379354,0,0,0,0,0,-0.0581132,-0.0724532,0.804441,0.993023,0.118315,0.108707,0.585938,0.988281,1.34411
339,1.28906,0.118164,-0.0255127,0.00390625,0.0916667,0.536519,0.575999,0.792597,0.959984,0.170459,0.356919,0.282893,0.408203,0.0027504,0,0,0,0,0,-0.0156143,-0.00899381,0.381381,0.957789,0.3913,0.125829,0.289062,0.118164,1.15346
340,1.78906,0.832031,-0.0168457,0.0981445,0.465066,0.679058,1.20481,1.3137,3.17737,0.384359,0.45312,0.595264,0.053772,0.00205815,0,0,0,0,0,-0.0432808,-0.0521449,0.832699,0.999241,0.14386,0.282345,0.789062,0.832031,1.32209
341,1.4375,0.333984,-0.0297852,0.00537109,0.232337,0.591862,0.754757,0.95147,1.47495,0.216537,0.487452,0.463795,0.406414,0.0027469,0,0,0,0,0,-0.0263079,-0.019856,0.470501,0.971935,0.250371,0.16468,0.4375,0.333984,1.45162
342,1.26562,-0.0830078,-0.251953,0.0495605,-0.0655864,0.473854,0.466015,0.70917,0.720092,0.395855,0.20357,0.144366,1.13175,0.00416358,0,0,0,0,0,-0.00761409,-0.00354828,0.326069,1.0179,0.077661,0.282947,0.265625,-0.0830078,1.0229
343,1.42969,0.660156,0.00382996,0.0189209,0.461749,0.677869,0.95977,1.04824,2.01996,0.241903,0.30049,0.314986,0.0278434,0.00200751,0,0,0,0,0,-0.0216643,-0.0207927,0.628522,1.01938,-0.0466949,0.156587,0.429688,0.660156,1.05967
344,2.23438,0.474609,-0.0167236,0.0106201,0.212413,0.584107,1.14477,1.46622,3.46029,0.258285,0.803318,1.17784,0.16228,0.00227008,0,0,0,0,0,-0.0361494,-0.0413828,0.392302,0.98248,0.186409,0.190412,1.23438,0.474609,1.54937
345,1.35938,0.414062,0.240234,0.0581055,0.304598,0.619664,0.776366,0.928772,1.46536,0.353036,0.348539,0.323713,0.996613,0.00389964,0,0,0,0,0,-0.0272048,-0.0211209,0.680457,0.958385,0.302194,0.20308,0.359375,0.414062,1.24898
346,0.953125,0.0732422,-0.0209961,0.00640869,0.0768443,0.530626,0.418826,0.580928,0.512893,0.132654,0.209103,0.121474,0.262273,0.00246538,0,0,0,0,0,-0.013209,-0.00553228,0.550702,0.991645,0.138799,0.087565,-0.046875,0.0732422,1.00552
347,1.75781,0.186523,-0.0649414,0.0375977,0.106111,0.542253,0.798149,1.09007,1.8253,0.412654,0.386229,0.421018,0.33492,0.00260727,0,0,0,0,0,-0.0142201,-0.0113497,0.32097,1.00348,0.115254,0.257609,0.757812,0.186523,1.27695
348,1.36719,0.166992,-0.0280762,0.00509644,0.122143,0.548607,0.631742,0.855893,1.13165,0.158887,0.525254,0.449561,0.393283,0.00272125,0,0,0,0,0,-0.0274665,-0.0173517,0.45587,0.992981,0.120165,0.0989264,0.367188,0.166992,1.32127
349,1.52344,0.707031,0.0830078,0.0388184,0.464103,0.678713,1.02499,1.11817,2.3009,0.240626,0.338274,0.378246,0.421309,0.00277599,0,0,0,0,0,-0.0297272,-0.0304702,0.766114,0.999656,0.0664761,0.127563,0.523438,0.707031,1.06757
350,1.11719,0.157227,-0.0717773,0.0122681,0.140734,0.55596,0.526608,0.707087,0.777287,0.147773,0.14255,0.100795,0.648036,0.00321882,0,0,0,0,0,-0.011218,-0.00590751,0.686054,0.987818,0.175612,0.0942239,0.117188,0.157227,1.03688
351,1.82812,1.05469,-0.18457,0.00665283,0.576923,0.718004,1.37298,1.40136,3.84888,0.190194,0.728092,1.02032,2.26286,0.00637278,0,0,0,0,0,-0.0652897,-0.0896414,0.781745,0.96689,0.301049,0.141342,0.828125,1.05469,1.6228
352,1.05469,-0.0898438,0.0317383,0.0062561,-0.0851852,0.466057,0.37801,0.584236,0.484223,0.208964,0.275731,0.161092,0.401265,0.00273685,0,0,0,0,0,-0.00627877,-0.00237344,0.198516,0.979121,0.216916,0.141219,0.0546875,-0.0898438,1.10931
353,1.8125,0.433594,0.0332031,0.00466919,0.239224,0.594534,0.959609,1.20328,2.36873,0.181934,0.530362,0.638172,0.485913,0.00290217,0,0,0,0,0,-0.0223452,-0.0214427,0.367299,1.01569,-0.0484143,0.135898,0.8125,0.433594,1.2951
354,1.48438,0.703125,-0.0107422,0.0196533,0.473684,0.682137,1.00778,1.09423,2.21296,0.191879,0.326577,0.357351,0.0766258,0.00210278,0,0,0,0,0,-0.0313221,-0.0315657,0.836128,1.00151,0.0609668,0.143017,0.484375,0.703125,1.21976
355,1.17188,0.369141,-0.0373535,0.0231934,0.315,0.623619,0.677053,0.804371,1.10541,0.20844,0.417878,0.336129,0.245273,0.00243217,0,0,0,0,0,-0.0393319,-0.0266298,0.820544,0.966761,0.32132,0.126707,0.171875,0.369141,1.12846
356,1.35156,0.404297,-0.0241699,0.00830078,0.299133,0.617581,0.767195,0.9212,1.4372,0.166684,0.482581,0.444554,0.265287,0.00247126,0,0,0,0,0,-0.0391425,-0.0300299,0.707106,0.98957,0.148248,0.113228,0.351562,0.404297,1.18766
357,1.99219,1.89844,0.013916,0.00976562,0.952941,0.82969,2.07966,1.70753,7.24064,0.13979,0.829382,1.4162,0.14082,0.00222816,0,0,0,0,0,-0.083986,-0.174662,0.882794,1.00839,-0.0351294,0.0993256,0.992188,1.89844,1.95592
358,1.48438,0.294922,-0.00860596,0.00518799,0.198684,0.578745,0.74752,0.968326,1.49644,0.18926,0.475766,0.460696,0.119481,0.00218649,0,0,0,0,0,-0.0150434,-0.0112453,0.275652,0.986363,0.173047,0.119589,0.484375,0.294922,1.23141
359,1.03906,0.164062,-0.0202637,0.0205078,0.157895,0.56273,0.498698,0.664306,0.690002,0.199712,0.157212,0.104437,0.141501,0.00222949,0,0,0,0,0,-0.01062,-0.00529619,0.588907,0.975362,0.243497,0.140433,0.0390625,0.164062,1.05916
360,1.35938,0.0786133,0.0427246,0.00309753,0.0578305,0.523058,0.584419,0.819268,1.01275,0.168973,0.480062,0.3933,0.767662,0.00345246,0,0,0,0,0,-0.0193399,-0.0113026,0.351207,0.978275,0.224923,0.137672,0.359375,0.0786133,1.3324
361,1.30469,0.175781,0.0187988,0.00497437,0.134731,0.553588,0.611073,0.822846,1.05049,0.161043,0.255332,0.210099,0.26654,0.00247371,0,0,0,0,0,-0.0128479,-0.00785101,0.438665,0.991158,0.133345,0.120079,0.304688,0.175781,1.0903
362,1.61719,0.34375,0.0893555,0.0168457,0.21256,0.584165,0.828711,1.06128,1.81308,0.226485,0.346855,0.368111,0.688457,0.00329777,0,0,0,0,0,-0.0149808,-0.0124148,0.376526,0.981737,0.200438,0.137321,0.617188,0.34375,1.04577
363,1.08594,-0.151367,0.0169678,0.00463867,-0.139388,0.444572,0.35978,0.582936,0.469256,0.200253,0.30119,0.175575,0.249131,0.00243971,0,0,0,0,0,-0.00774916,-0.00278799,0.224295,1.0004,0.0693791,0.144282,0.0859375,-0.151367,1.22235
364,1.67969,1.14062,-0.0727539,0.00799561,0.67907,0.751453,1.39178,1.32944,3.70446,0.163154,0.758218,1.00801,0.813637,0.00354226,0,0,0,0,0,-0.0754948,-0.105072,0.86802,0.977773,0.244303,0.118908,0.679688,1.14062,1.73763
365,1.22656,0.273438,-0.00202942,0.00485229,0.22293,0.588205,0.636648,0.808547,1.05907,0.118755,0.398318,0.322059,0.0291339,0.00201003,0,0,0,0,0,-0.0298016,-0.0189731,0.652252,0.996449,0.084426,0.0781774,0.226562,0.273438,1.12399
366,1.20312,-0.0878906,-0.0625,0.017334,-0.0730519,0.470882,0.438511,0.671207,0.642811,0.295089,0.256567,0.17221,0.474713,0.0028803,0,0,0,0,0,0.00278719,0.00122221,0.0947049,1.01765,0.0387631,0.231397,0.203125,-0.0878906,1.09139
367,0.589844,-0.0301514,-0.208984,0.019165,-0.0511175,0.479616,0.221453,0.333328,0.160149,0.199928,0.257786,0.0859272,1.50959,0.00490154,0,0,0,0,0,-0.0212308,-0.00470164,0.717985,0.980563,0.211702,0.132194,-0.410156,-0.0301514,1.07612
368,1.42188,0.53125,-0.0471191,0.0227051,0.373626,0.645659,0.874638,1.00188,1.76875,0.224579,0.276156,0.276675,0.312706,0.00256388,0,0,0,0,0,-0.01795,-0.0156997,0.566651,0.959984,0.344608,0.143798,0.421875,0.53125,1.0233
369,1.42969,0.542969,0.0678711,0.0110474,0.379781,0.647946,0.885054,1.01017,1.80377,0.152625,0.52548,0.530826,0.645737,0.00321433,0,0,0,0,0,-0.047411,-0.0419613,0.786557,0.979129,0.245994,0.107407,0.429688,0.542969,1.28417
370,0.9375,0.12793,-0.0456543,0.0107422,0.136458,0.554271,0.439905,0.591868,0.543824,0.158931,0.201516,0.119271,0.440489,0.00281346,0,0,0,0,0,-0.0153293,-0.00674341,0.66316,0.975958,0.281516,0.103342,-0.0625,0.12793,1.07597
371,1.61719,1.11719,0.139648,0.0299072,0.690821,0.755161,1.35442,1.28478,3.48511,0.276202,0.552933,0.710397,0.80751,0.00353029,0,0,0,0,0,-0.0554952,-0.0751637,0.874962,0.936698,0.417865,0.189797,0.617188,1.11719,1.51915
372,1.49219,0.050293,0.0110474,0.0129395,0.0337042,0.513443,0.623517,0.886561,1.17476,0.243549,0.266725,0.236468,0.0971182,0.00214281,0,0,0,0,0,-0.00719552,-0.00448653,0.235182,0.985152,0.171879,0.180019,0.492188,0.050293,1.0411
373,1.47656,0.792969,0.050293,0.0158691,0.537037,0.704379,1.06423,1.11818,2.38289,0.167163,0.29287,0.32748,0.399237,0.00273288,0,0,0,0,0,-0.0310621,-0.0330571,0.924619,0.99066,0.138805,0.112859,0.476562,0.792969,1.09051
374,1.76562,1.30469,-0.0130005,0.00592041,0.738938,0.770028,1.54325,1.42456,4.41099,0.147935,0.681418,0.970723,0.16896,0.00228312,0,0,0,0,0,-0.0727487,-0.112269,0.930719,1.0077,-0.0145346,0.110633,0.765625,1.30469,1.59324
375,1.32812,0.306641,-0.0546875,0.00579834,0.230882,0.591297,0.696098,0.87852,1.25635,0.188218,0.457172,0.401635,0.718185,0.00335583,0,0,0,0,0,-0.0264301,-0.018398,0.503995,0.991815,0.128713,0.144956,0.328125,0.306641,1.29543
376,2.0625,1.64062,0.0698242,0.0110474,0.795455,0.786825,1.89124,1.69494,6.44962,0.159552,0.828993,1.4051,0.664319,0.00325062,0,0,0,0,0,-0.0838058,-0.158497,0.881312,0.966694,0.343941,0.114173,1.0625,1.64062,1.76755
377,1.36719,0.699219,-0.0131836,0.0125732,0.511429,0.695475,0.961117,1.02523,1.97483,0.105718,0.310801,0.318641,0.117574,0.00218276,0,0,0,0,0,-0.0325186,-0.0312542,0.912128,0.99872,0.0523657,0.0659368,0.367188,0.699219,1.24436
378,1.82812,0.217773,0.106445,0.0805664,0.119124,0.547411,0.841969,1.14242,2.01402,0.467638,0.379759,0.433842,0.375016,0.00268558,0,0,0,0,0,-0.0162937,-0.0137188,0.37404,1.02042,0.093309,0.316825,0.828125,0.217773,1.18896
379,1.74219,1.53906,0.0142212,0.00933838,0.883408,0.811492,1.71515,1.47227,5.10932,0.143693,0.635364,0.935426,0.147164,0.00224055,0,0,0,0,0,-0.0677837,-0.116259,0.930056,1.00272,0.0221047,0.0991102,0.742188,1.53906,1.48206
380,0.695312,0.0270996,-0.0161133,0.00518799,0.0389747,0.515545,0.292372,0.4144,0.257209,0.107854,0.236053,0.0978203,0.22371,0.00239006,0,0,0,0,0,-0.0206593,-0.0060402,0.762981,0.983711,0.235106,0.0835758,-0.304688,0.0270996,1.07383
381,1.47656,0.976562,0.0117188,0.0302734,0.661376,0.745814,1.20363,1.16212,2.79926,0.190794,0.360142,0.41853,0.067352,0.00208467,0,0,0,0,0,-0.0369427,-0.0444654,0.894256,0.989271,0.147614,0.126452,0.476562,0.976562,1.03153
382,1.64844,0.582031,-0.00946045,0.00970459,0.353081,0.637986,0.99241,1.15087,2.30938,0.191396,0.442305,0.509035,0.0960336,0.00214069,0,0,0,0,0,-0.0274532,-0.0272448,0.541099,0.98711,0.161324,0.14102,0.648438,0.582031,1.21072
383,1.75,1.21094,-0.15332,0.0090332,0.691964,0.75552,1.46717,1.3908,4.08691,0.20411,0.74183,1.03174,1.61317,0.00510384,0,0,0,0,0,-0.0662537,-0.0972055,0.778597,0.971338,0.255559,0.161703,0.75,1.21094,1.51802
384,1.88281,0.789062,-0.0216064,0.124023,0.419087,0.662424,1.21275,1.3541,3.30434,0.475265,0.463696,0.627891,0.0613524,0.00207295,0,0,0,0,0,-0.0375286,-0.0455127,0.705564,0.999949,0.168724,0.337144,0.882812,0.789062,1.1794
385,1.5625,0.628906,-0.142578,0.0043335,0.4025,0.656342,0.989905,1.11536,2.22394,0.133872,0.515456,0.574918,2.16588,0.00618335,0,0,0,0,0,-0.0479957,-0.0475112,0.811743,0.982477,0.209994,0.11325,0.5625,0.628906,1.40905
386,1.20312,0.455078,-0.0539551,0.0125122,0.378247,0.647376,0.743623,0.849505,1.27463,0.166675,0.599617,0.509378,0.482353,0.00289522,0,0,0,0,0,-0.0530897,-0.0394787,0.771868,0.985703,0.181912,0.113344,0.203125,0.455078,1.37718
387,1.19531,0.308594,-0.0375977,0.00744629,0.25817,0.601862,0.647284,0.800134,1.05919,0.188709,0.406495,0.32525,0.435703,0.00280411,0,0,0,0,0,-0.0301671,-0.0195267,0.646971,0.99102,0.135102,0.115767,0.195312,0.308594,1.2151
388,1.16406,0.177734,-0.207031,0.0115356,0.152685,0.560676,0.555659,0.741949,0.859245,0.177299,0.187535,0.139141,1.92759,0.00571795,0,0,0,0,0,-0.0095618,-0.0053131,0.444493,0.97573,0.262794,0.117504,0.164062,0.177734,1.0567
389,1.74219,1.07812,0.0664062,0.0128784,0.618834,0.731987,1.36388,1.35295,3.69065,0.212268,0.519538,0.70291,0.585164,0.00309602,0,0,0,0,0,-0.0494333,-0.0674211,0.829486,0.988316,0.152483,0.156868,0.742188,1.07812,1.29153
390,2.01562,0.640625,-0.157227,0.00860596,0.317829,0.624693,1.16817,1.38526,3.28356,0.245723,0.803699,1.11333,1.69483,0.00526334,0,0,0,0,0,-0.0495029,-0.0578276,0.536962,0.996105,0.116424,0.192451,1.01562,0.640625,1.67313
391,1.39844,0.355469,-0.0644531,0.00466919,0.25419,0.600326,0.753731,0.934475,1.44135,0.150767,0.455613,0.425759,0.943242,0.00379539,0,0,0,0,0,-0.0370683,-0.0279396,0.709273,0.962895,0.383181,0.111161,0.398438,0.355469,1.35866
392,1.82031,1.41406,-0.0947266,0.00692749,0.776824,0.781369,1.64341,1.48685,4.91153,0.189544,0.778687,1.15779,1.13811,0.00417599,0,0,0,0,0,-0.0752067,-0.123595,0.841977,0.985323,0.177776,0.128128,0.820312,1.41406,1.65686
393,1.13281,0.361328,-0.12207,0.00512695,0.318966,0.625124,0.657349,0.778931,1.03884,0.135219,0.240341,0.187209,1.70483,0.00528287,0,0,0,0,0,-0.0180775,-0.0118832,0.655721,0.976248,0.288715,0.0978851,0.132812,0.361328,1.02703
394,2.5625,1.66406,-0.012085,0.0157471,0.64939,0.741957,2.06552,2.00918,8.30317,0.236932,0.907945,1.82422,0.0963042,0.00214122,0,0,0,0,0,-0.0776747,-0.160439,0.745808,0.966257,0.278497,0.172609,1.5625,1.66406,1.62706
395,1.41406,-0.228516,-0.25,0.0458984,-0.161602,0.43581,0.452785,0.749484,0.76674,0.464383,0.289354,0.216866,1.16692,0.00423227,0,0,0,0,0,0.00777749,0.00352153,0.234324,0.974978,0.250739,0.366727,0.414062,-0.228516,1.05972
396,1.71094,1.05469,0.277344,0.0932617,0.616438,0.731197,1.3363,1.32769,3.54847,0.36902,0.329847,0.437935,0.908169,0.00372689,0,0,0,0,0,-0.0336211,-0.044928,0.8886,0.971962,0.235139,0.233937,0.710938,1.05469,1.18917
397,1.52344,0.503906,0.110352,0.0132446,0.330769,0.629591,0.895485,1.05305,1.91081,0.204909,0.318065,0.334938,0.958867,0.00382591,0,0,0,0,0,-0.0195379,-0.0174959,0.535512,0.958795,0.329388,0.162704,0.523438,0.503906,1.14091
398,1.39844,-0.170898,-0.277344,0.0422363,-0.122207,0.451368,0.475328,0.758162,0.800745,0.397737,0.257843,0.195487,1.34951,0.00458888,0,0,0,0,0,0.00585091,0.0027811,0.197822,1.02155,0.0290038,0.23972,0.398438,-0.170898,1.03805
399,1.28125,0.605469,-0.157227,0.00714111,0.472561,0.681737,0.868954,0.944014,1.64624,0.164089,0.398681,0.376361,1.86056,0.00558703,0,0,0,0,0,-0.0380419,-0.0330566,0.831846,0.982465,0.193009,0.143112,0.28125,0.605469,1.25871
400,1.35156,1.03125,-0.024292,0.0131226,0.763006,0.77727,1.20603,1.09902,2.66236,0.16442,0.537071,0.590253,0.212058,0.0023673,0,0,0,0,0,-0.0563313,-0.0679375,0.914376,0.980611,0.211323,0.132235,0.351562,1.03125,1.31736
401,2.125,2.07812,-0.0466309,0.0235596,0.977941,0.835948,2.2637,1.83085,8.47634,0.224749,0.911674,1.66913,0.303801,0.00254649,0,0,0,0,0,-0.0952739,-0.215672,0.911048,0.976909,0.221739,0.162407,1.125,2.07812,1.89812
402,1.47656,0.466797,0.0961914,0.017334,0.316138,0.624051,0.854158,1.01402,1.75782,0.200101,0.243068,0.246476,0.730612,0.0033801,0,0,0,0,0,-0.0162854,-0.0139103,0.584089,0.989703,0.146747,0.114381,0.476562,0.466797,1.0181
403,1.33594,-0.108398,0.0698242,0.00619507,-0.0811404,0.467665,0.481515,0.741783,0.782098,0.214377,0.315175,0.233791,0.887121,0.00368578,0,0,0,0,0,0.00570704,0.00274802,0.157858,0.95857,0.338947,0.155257,0.335938,-0.108398,1.10694
404,1.52344,0.222656,0.208008,0.12793,0.146154,0.5581,0.72223,0.967287,1.45726,0.424955,0.285517,0.276177,0.581559,0.00308898,0,0,0,0,0,-0.0180309,-0.0130225,0.550544,1.00546,0.149714,0.332367,0.523438,0.222656,1.13336
405,1.73438,1.25,0.00188446,0.0444336,0.720721,0.764459,1.49194,1.39115,4.16119,0.227577,0.458893,0.638389,0.00893987,0.00197059,0,0,0,0,0,-0.0468897,-0.0699566,0.890786,0.992824,0.120427,0.134666,0.734375,1.25,1.37674
406,1.20312,-0.34375,-0.154297,0.0197754,-0.285714,0.387548,0.328893,0.583558,0.448711,0.33778,0.285015,0.166323,1.09722,0.00409614,0,0,0,0,0,0.00377073,0.00124017,0.115336,1.05398,-0.0804006,0.262131,0.203125,-0.34375,1.08178
407,1.53125,1.07031,0.234375,0.0568848,0.69898,0.757718,1.29193,1.21968,3.15671,0.310289,0.449482,0.548226,0.982683,0.00387243,0,0,0,0,0,-0.0483485,-0.0624629,0.937729,0.92748,0.423422,0.224662,0.53125,1.07031,1.27285
408,1.32812,0.157227,-0.00735474,0.00552368,0.118382,0.547118,0.611195,0.829597,1.06179,0.19233,0.384979,0.319377,0.0989584,0.0021464,0,0,0,0,0,-0.0218567,-0.0133587,0.494942,0.979962,0.217549,0.130064,0.328125,0.157227,1.16712
409,1.30469,0.345703,-0.0218506,0.0062561,0.26497,0.604484,0.712169,0.875956,1.27448,0.159319,0.372317,0.326133,0.276256,0.00249269,0,0,0,0,0,-0.0274067,-0.0195182,0.641726,0.987435,0.169986,0.10735,0.304688,0.345703,1.19899
410,1.36719,0.132812,-0.0512695,0.0306396,0.0971429,0.538694,0.614652,0.843357,1.08905,0.470428,0.377591,0.318444,0.292899,0.00252519,0,0,0,0,0,-0.00298293,-0.00183346,0.0688698,1.0002,0.167566,0.336312,0.367188,0.132812,1.15762
411,1.30469,0.566406,-0.126953,0.0314941,0.434132,0.667904,0.852883,0.944715,1.6199,0.199416,0.284031,0.268329,0.715366,0.00335032,0,0,0,0,0,-0.0281726,-0.024028,0.864705,0.982089,0.192801,0.151922,0.304688,0.566406,1.06407
412,2.9375,0.617188,-0.117188,0.0123901,0.210106,0.583208,1.50069,1.9257,5.9604,0.306989,1.10556,2.12898,1.05279,0.00400936,0,0,0,0,0,-0.0450088,-0.0675444,0.354911,0.96654,0.261279,0.211621,1.9375,0.617188,2.29044
413,1.35156,-0.106445,-0.015625,0.00750732,-0.0787572,0.468613,0.488757,0.751505,0.803643,0.202976,0.2787,0.209445,0.180334,0.00230534,0,0,0,0,0,0.00343584,0.00167929,0.107474,0.965942,0.28529,0.165144,0.351562,-0.106445,1.10536
414,0.898438,-0.0844727,-0.0751953,0.0198975,-0.0940217,0.462546,0.318039,0.495123,0.346296,0.2262,0.194568,0.0963352,0.533079,0.0029943,0,0,0,0,0,-0.0130031,-0.00413548,0.582613,0.987539,0.157406,0.154339,-0.101562,-0.0844727,1.08953
415,1.03906,-0.114258,0.0334473,0.0294189,-0.109962,0.45622,0.359538,0.567337,0.451138,0.293878,0.228705,0.129753,0.195006,0.002334,0,0,0,0,0,-0.00595242,-0.00214012,0.226895,0.997272,0.1036,0.17629,0.0390625,-0.114258,1.15039
416,2.125,1.10156,-0.0664062,0.00735474,0.518382,0.697904,1.50327,1.59852,4.8151,0.267836,0.850302,1.35923,0.774329,0.00346549,0,0,0,0,0,-0.0618329,-0.0929517,0.633947,0.97848,0.206591,0.216741,1.125,1.10156,1.82873
417,1.57031,-0.0273438,-0.0898438,0.050293,-0.0174129,0.493054,0.616027,0.905201,1.19888,0.429895,0.294275,0.266378,0.400621,0.00273559,0,0,0,0,0,-0.00440613,-0.00271429,0.13053,1.04002,0.0322574,0.319808,0.570312,-0.0273438,1.13439
418,1.35938,0.542969,-0.0197754,0.0148926,0.399425,0.65521,0.858552,0.96902,1.67611,0.163633,0.276103,0.267549,0.162047,0.00226962,0,0,0,0,0,-0.0243025,-0.0208649,0.767337,0.967035,0.352366,0.10881,0.359375,0.542969,1.07043
419,1.42969,0.683594,-0.0771484,0.0166016,0.478142,0.683725,0.974713,1.05605,2.0653,0.201645,0.548189,0.578914,0.59876,0.00312258,0,0,0,0,0,-0.0547065,-0.0533231,0.869992,0.984972,0.173222,0.159946,0.429688,0.683594,1.32752
420,1.78906,1.28125,0.145508,0.046875,0.716157,0.763053,1.53278,1.43291,4.40267,0.277339,0.603608,0.864918,0.672072,0.00326577,0,0,0,0,0,-0.0612217,-0.0938396,0.884213,0.97523,0.222298,0.200182,0.789062,1.28125,1.35058
421,1.27344,-0.0267334,-0.0125122,0.015564,-0.0209931,0.491626,0.497285,0.732519,0.783876,0.261375,0.286755,0.210053,0.100294,0.00214901,0,0,0,0,0,-0.0068431,-0.00340297,0.208041,0.959609,0.313484,0.175201,0.273438,-0.0267334,1.18372
422,1.14062,-0.097168,-0.0629883,0.00485229,-0.0851884,0.466056,0.408809,0.631839,0.566346,0.146176,0.333976,0.211019,0.904245,0.00371923,0,0,0,0,0,-0.00566382,-0.00231542,0.147843,1.00284,0.0272576,0.107464,0.140625,-0.097168,1.14091
423,0.855469,0.108398,-0.113281,0.0164795,0.126712,0.550416,0.397244,0.536988,0.44616,0.261164,0.218894,0.117544,0.882442,0.00367664,0,0,0,0,0,-0.0118809,-0.00471961,0.473174,1.01699,0.0176272,0.203587,-0.144531,0.108398,0.982954
424,1.15625,-0.0145874,0.0186768,0.00939941,-0.0126161,0.494967,0.456365,0.668406,0.655036,0.226821,0.226971,0.151709,0.192642,0.00232938,0,0,0,0,0,0.00141268,0.000644699,0.0542601,1.00153,0.0840729,0.184734,0.15625,-0.0145874,1.0643
425,1.90625,1.74219,0.0301514,0.0090332,0.913934,0.819624,1.9264,1.62087,6.33822,0.131096,0.585886,0.949643,0.317239,0.00257273,0,0,0,0,0,-0.0611926,-0.117881,0.910526,0.987152,0.177316,0.100445,0.90625,1.74219,1.43572
426,1.58594,0.5625,0.00506592,0.0148315,0.35468,0.638585,0.9564,1.10803,2.14242,0.171214,0.259959,0.288042,0.0415973,0.00203437,0,0,0,0,0,-0.0220827,-0.0211199,0.740549,0.959448,0.407868,0.113085,0.585938,0.5625,0.972408
427,1.21875,0.133789,0.0559082,0.00994873,0.109776,0.543706,0.555616,0.757422,0.882397,0.202371,0.266259,0.201671,0.560521,0.00304789,0,0,0,0,0,-0.0149594,-0.00831169,0.489797,0.982847,0.191885,0.1389,0.21875,0.133789,1.07294
428,1.57812,0.013916,0.0402832,0.00592041,0.00881807,0.503518,0.63979,0.923915,1.26295,0.216945,0.553658,0.511532,0.523538,0.00297566,0,0,0,0,0,-0.0191286,-0.0122383,0.301195,1.00559,0.0619267,0.184601,0.578125,0.013916,1.17947
429,1.85156,1.66406,0.0368652,0.0247803,0.898734,0.815603,1.84708,1.56953,5.87512,0.240839,0.917544,1.44011,0.234188,0.00241052,0,0,0,0,0,-0.0959689,-0.177262,0.911824,0.971581,0.25956,0.153064,0.851562,1.66406,1.90933
430,1.09375,-0.12793,-0.0473633,0.00558472,-0.116964,0.453444,0.374631,0.594777,0.494109,0.217289,0.243681,0.144936,0.633784,0.00319098,0,0,0,0,0,-0.00498543,-0.0018677,0.178356,0.971358,0.254886,0.162671,0.09375,-0.12793,1.10018
431,1.63281,0.449219,-0.0220947,0.00714111,0.27512,0.608388,0.901844,1.10116,2.02587,0.168392,0.455702,0.501799,0.26146,0.00246379,0,0,0,0,0,-0.0355886,-0.0320953,0.680827,1.0068,-0.00442316,0.112491,0.632812,0.449219,1.23847
432,2.3125,0.431641,0.0947266,0.00793457,0.186655,0.574035,1.14682,1.50081,3.56762,0.20193,0.606552,0.910317,1.06343,0.00403014,0,0,0,0,0,-0.0206321,-0.0236614,0.296539,1.01519,-0.0491244,0.132584,1.3125,0.431641,1.47877
433,0.757812,-0.263672,-0.369141,0.0279541,-0.347938,0.363943,0.19007,0.350945,0.159289,0.342759,0.287558,0.100917,2.20785,0.00626533,0,0,0,0,0,0.00484225,0.000920366,0.146801,0.978772,0.21339,0.272797,-0.242188,-0.263672,1.20519
434,1.42969,0.5625,-0.158203,0.00512695,0.393443,0.653004,0.897507,1.0164,1.83859,0.150798,0.453724,0.461165,2.20946,0.00626847,0,0,0,0,0,-0.040843,-0.0366569,0.784752,0.984864,0.190335,0.111692,0.429688,0.5625,1.20353
435,1.03906,0.243164,-0.0115356,0.0274658,0.234023,0.592516,0.546675,0.688251,0.772543,0.201324,0.305185,0.210044,0.0696058,0.00208907,0,0,0,0,0,-0.0299842,-0.0163916,0.856517,1.00459,0.0206844,0.118766,0.0390625,0.243164,1.26916
436,1.41406,0.476562,-0.00527954,0.0130615,0.337017,0.631948,0.836826,0.980173,1.66102,0.165937,0.272365,0.266965,0.0461955,0.00204335,0,0,0,0,0,-0.0239524,-0.020044,0.766663,0.991288,0.132109,0.121902,0.414062,0.476562,1.06653
437,1.64062,-0.103027,-0.106934,0.0500488,-0.0627976,0.474964,0.606381,0.9208,1.21557,0.479142,0.348401,0.320807,0.477988,0.0028867,0,0,0,0,0,0.00386773,0.00234532,0.0967796,0.997921,0.175598,0.338944,0.640625,-0.103027,1.16475
438,1.04688,0.130859,-0.0383301,0.0236816,0.125,0.549738,0.485229,0.656474,0.666405,0.203876,0.155096,0.101817,0.249077,0.0024396,0,0,0,0,0,-0.0113841,-0.0055239,0.639888,0.971478,0.254312,0.162422,0.046875,0.130859,0.98087
439,1.57031,0.875,0.0161133,0.0116577,0.557214,0.711309,1.15585,1.19648,2.76757,0.158846,0.3356,0.40154,0.149237,0.0022446,0,0,0,0,0,-0.0306616,-0.0354404,0.796489,0.983154,0.199536,0.119497,0.570312,0.875,1.26453
440,0.816406,-0.11377,-0.0106201,0.0128784,-0.139354,0.444585,0.270496,0.438259,0.265239,0.190163,0.206732,0.0906022,0.0935832,0.0021359,0,0,0,0,0,0.00367025,0.000992789,0.154773,0.991671,0.129608,0.144079,-0.183594,-0.11377,0.956312
441,2.5625,0.410156,-0.132812,0.0102539,0.160061,0.563583,1.23265,1.64037,4.21024,0.320549,0.944843,1.5499,1.31158,0.0045148,0,0,0,0,0,-0.0438056,-0.0539969,0.404182,0.948884,0.327102,0.241218,1.5625,0.410156,1.89616
442,1.69531,0.921875,0.0917969,0.0187988,0.543779,0.706703,1.23057,1.28646,3.16926,0.273323,0.504044,0.64843,0.669518,0.00326078,0,0,0,0,0,-0.0390113,-0.048006,0.674727,0.977448,0.211279,0.204668,0.695312,0.921875,1.33997
443,2.375,0.291016,-0.0957031,0.00601196,0.122533,0.548762,1.09789,1.48715,3.41697,0.200134,0.760837,1.13148,1.23429,0.00436385,0,0,0,0,0,-0.0224206,-0.0246153,0.256899,0.982075,0.199222,0.134714,1.375,0.291016,1.54952
444,1.23438,0.214844,-0.00982666,0.00540161,0.174051,0.569087,0.602409,0.796689,0.99761,0.197251,0.493944,0.39352,0.133704,0.00221427,0,0,0,0,0,-0.0301048,-0.0181354,0.53133,0.973774,0.260322,0.133816,0.234375,0.214844,1.21303
445,1.92188,0.515625,0.316406,0.116699,0.268293,0.605763,1.05313,1.29221,2.77891,0.446726,0.452458,0.584673,0.926213,0.00376214,0,0,0,0,0,-0.0336882,-0.0354782,0.649091,0.967333,0.256578,0.296137,0.921875,0.515625,1.24674
446,1.85156,1.88281,0.034668,0.00970459,1.01688,0.845394,2.03403,1.60837,6.72412,0.135642,0.799835,1.28643,0.351917,0.00264046,0,0,0,0,0,-0.0811637,-0.165089,0.884644,0.993081,0.122325,0.088059,0.851562,1.88281,1.8892
447,1.48438,0.5625,0.0473633,0.0167236,0.378947,0.647637,0.91812,1.04842,1.94213,0.187162,0.25555,0.267924,0.366249,0.00266846,0,0,0,0,0,-0.0234839,-0.0215611,0.801128,0.991057,0.133581,0.127421,0.484375,0.5625,1.05007
448,1.35938,0.345703,-0.0410156,0.0439453,0.25431,0.600372,0.732782,0.90842,1.3622,0.335461,0.242829,0.220591,0.195656,0.00233527,0,0,0,0,0,-0.0110363,-0.00808722,0.396215,0.984974,0.180265,0.23192,0.359375,0.345703,1.12725
449,1.01562,-0.000537872,0.059082,0.00485229,-0.000529597,0.499789,0.406999,0.591321,0.515309,0.136039,0.149545,0.0884292,0.848168,0.0036097,0,0,0,0,0,-0.00775732,-0.00315722,0.452216,0.976629,0.307683,0.0875184,0.015625,-0.000537872,1.01052
450,1.86719,1.61719,0.0181885,0.00683594,0.866109,0.806785,1.81232,1.57048,5.7509,0.119394,0.548731,0.861772,0.219987,0.00238279,0,0,0,0,0,-0.057418,-0.10406,0.912212,0.99088,0.157222,0.0762178,0.867188,1.61719,1.1841
451,1.35938,0.333984,0.0712891,0.0167236,0.24569,0.597039,0.72531,0.905005,1.34511,0.193672,0.205059,0.185579,0.551261,0.00302981,0,0,0,0,0,-0.0159605,-0.0115763,0.678539,0.994138,0.1099,0.129585,0.359375,0.333984,1.07343
452,1.44531,0.628906,0.188477,0.0268555,0.435135,0.668268,0.945735,1.04702,1.99066,0.23617,0.321172,0.336272,1.15011,0.00419944,0,0,0,0,0,-0.0294707,-0.0278715,0.799944,0.986539,0.16549,0.140062,0.445312,0.628906,1.17572
453,1.50781,-0.134766,-0.267578,0.0446777,-0.0893782,0.464391,0.537254,0.833199,0.982862,0.485626,0.365114,0.304213,1.26592,0.00442562,0,0,0,0,0,0.00610429,0.00327955,0.145751,0.991589,0.21546,0.387716,0.507812,-0.134766,1.11423
454,1.53906,0.435547,-0.102539,0.0184326,0.282995,0.61141,0.857791,1.04154,1.82061,0.224935,0.417976,0.435339,0.755259,0.00342824,0,0,0,0,0,-0.0266656,-0.0228735,0.55617,1.00929,0.0380477,0.179877,0.539062,0.435547,1.16209
455,1.26562,0.200195,0.0145264,0.00540161,0.158179,0.562842,0.607616,0.80929,1.02415,0.15708,0.270651,0.219035,0.197649,0.00233916,0,0,0,0,0,-0.0115272,-0.00700414,0.371297,0.969378,0.362653,0.0958001,0.265625,0.200195,1.00877
456,2.32812,0.511719,0.0668945,0.00866699,0.219799,0.586986,1.20377,1.53262,3.79797,0.276931,0.987029,1.51274,0.718549,0.00335654,0,0,0,0,0,-0.0461331,-0.0555336,0.407465,0.952814,0.33024,0.200189,1.32812,0.511719,2.26627
457,1.42969,0.200195,0.00616455,0.00601196,0.140027,0.555681,0.673406,0.904497,1.27159,0.202801,0.374955,0.339146,0.0795048,0.00210841,0,0,0,0,0,-0.0177951,-0.0119833,0.413741,0.992219,0.125098,0.13729,0.429688,0.200195,1.19683
458,1.16406,-0.189453,0.0025177,0.00656128,-0.162752,0.435357,0.372065,0.616574,0.518597,0.207981,0.280334,0.172847,0.0310821,0.00201383,0,0,0,0,0,-0.000321715,-0.000119699,0.0100046,0.996382,0.0978936,0.146474,0.164062,-0.189453,1.06675
459,2,2.0625,0.0366211,0.0115356,1.03125,0.848788,2.22166,1.74261,7.97248,0.146101,0.861872,1.50191,0.340965,0.00261907,0,0,0,0,0,-0.0874173,-0.194212,0.884223,1.00478,0.00848918,0.106703,1,2.0625,1.71603
460,1.65625,0.765625,-0.147461,0.00680542,0.462264,0.678054,1.11241,1.21464,2.71279,0.202407,0.696863,0.846435,1.78751,0.00544436,0,0,0,0,0,-0.0589473,-0.0655735,0.737435,0.995882,0.102384,0.149966,0.65625,0.765625,1.66558
461,1.28906,0.341797,0.050293,0.0090332,0.265152,0.604554,0.703789,0.865535,1.24447,0.163753,0.220675,0.191002,0.529159,0.00298664,0,0,0,0,0,-0.0149974,-0.010555,0.592473,1.01799,-0.0797309,0.126815,0.289062,0.341797,1.11725
462,1.20312,-0.0703125,-0.125977,0.0395508,-0.0584416,0.476698,0.4473,0.676982,0.658381,0.442499,0.331914,0.2247,0.63345,0.00319033,0,0,0,0,0,0.00176405,0.00078906,0.0463333,0.979532,0.214023,0.286742,0.203125,-0.0703125,1.13886
463,0.949219,-0.112305,-0.114258,0.0055542,-0.118313,0.45291,0.324487,0.515779,0.371319,0.159136,0.179138,0.0923954,1.53312,0.00494749,0,0,0,0,0,-0.00485064,-0.00157397,0.236058,0.982569,0.210419,0.111835,-0.0507812,-0.112305,1.08028
464,1.08594,-0.12207,0.017334,0.00604248,-0.11241,0.455249,0.374428,0.592089,0.490766,0.180595,0.200782,0.118881,0.222993,0.00238866,0,0,0,0,0,0.00441394,0.00165271,0.19165,0.967852,0.318519,0.12309,0.0859375,-0.12207,0.939375
465,2.60938,0.816406,-0.0961914,0.00927734,0.312874,0.622812,1.50403,1.78938,5.46398,0.317049,0.874293,1.56444,0.998676,0.00390366,0,0,0,0,0,-0.0424079,-0.063783,0.42286,0.969685,0.245779,0.272148,1.60938,0.816406,1.99472
466,1.85156,0.394531,-0.149414,0.0146484,0.21308,0.584368,0.949427,1.21536,2.37851,0.313385,0.560767,0.681534,1.23451,0.00436428,0,0,0,0,0,-0.019406,-0.0184246,0.301689,0.978539,0.206495,0.193164,0.851562,0.394531,1.53965
467,1.17188,0.0159912,-0.166992,0.0383301,0.0136458,0.505444,0.47792,0.688037,0.701803,0.367719,0.23633,0.162604,0.852955,0.00361905,0,0,0,0,0,-0.000720752,-0.000344462,0.0265873,1.02053,0.0313725,0.23744,0.171875,0.0159912,1.11584
468,1.32031,-0.0341797,0.0458984,0.00421143,-0.0258876,0.489674,0.512359,0.757293,0.836004,0.180663,0.255093,0.19318,0.707267,0.00333451,0,0,0,0,0,0.00757062,0.00387887,0.258726,0.995654,0.097524,0.126481,0.320312,-0.0341797,1.06202
469,2.39062,0.824219,-0.120117,0.0106201,0.344771,0.634867,1.42656,1.66284,4.80012,0.287012,0.986656,1.64065,1.16558,0.00422964,0,0,0,0,0,-0.0609482,-0.0869465,0.53852,0.985168,0.172664,0.191892,1.39062,0.824219,2.21367
470,1.05469,0.150391,-0.0178223,0.00692749,0.142593,0.556694,0.498127,0.668259,0.694702,0.146155,0.23665,0.158143,0.214129,0.00237135,0,0,0,0,0,-0.019844,-0.00988482,0.73102,0.980227,0.218863,0.125341,0.0546875,0.150391,1.07798
471,0.9375,0.00366211,-0.111816,0.015625,0.00390625,0.501558,0.377771,0.547268,0.442213,0.218606,0.227574,0.124544,0.894531,0.00370026,0,0,0,0,0,-0.0125981,-0.00475921,0.482603,0.967836,0.280119,0.156938,-0.0625,0.00366211,1.07368
472,1.50781,0.542969,-0.0527344,0.00631714,0.360104,0.640615,0.914501,1.05601,1.95146,0.191807,0.501092,0.529157,0.663489,0.003249,0,0,0,0,0,-0.0345416,-0.0315884,0.600941,0.973123,0.266679,0.132192,0.507812,0.542969,1.47366
473,1.46875,0.695312,-0.0390625,0.0050354,0.473404,0.682038,0.996907,1.08258,2.1658,0.194528,0.489475,0.529894,0.550482,0.00302828,0,0,0,0,0,-0.0378591,-0.0377421,0.674291,1.01722,-0.0768978,0.124713,0.46875,0.695312,1.18396
474,1.34375,-0.151367,0.0405273,0.0035553,-0.112645,0.455156,0.463163,0.732557,0.751161,0.163962,0.332799,0.243795,0.679689,0.00328064,0,0,0,0,0,0.00680453,0.00315161,0.178247,0.983897,0.186061,0.13437,0.34375,-0.151367,1.11825
475,1.55469,-0.355469,-0.341797,0.0612793,-0.228643,0.409573,0.457156,0.786472,0.827529,0.531248,0.343005,0.269763,1.38074,0.00464988,0,0,0,0,0,0.000406566,0.000185864,0.0103333,1.01186,0.163265,0.388031,0.554688,-0.355469,1.07103
476,1.54688,0.683594,-0.0267334,0.0253906,0.441919,0.670726,1.01888,1.12403,2.30157,0.25377,0.284441,0.319721,0.167771,0.0022808,0,0,0,0,0,-0.0217587,-0.0221695,0.666878,0.994857,0.11629,0.173416,0.546875,0.683594,1.15111
477,1.66406,-0.0144043,-0.220703,0.0566406,-0.0086561,0.496547,0.660091,0.964216,1.36543,0.410667,0.26406,0.254611,0.927352,0.00376436,0,0,0,0,0,-0.00429696,-0.00283638,0.141862,0.989475,0.171506,0.263565,0.664062,-0.0144043,1.11278
478,0.738281,-0.0961914,-0.0035553,0.00866699,-0.130291,0.448168,0.247957,0.398394,0.220201,0.158873,0.185333,0.0738358,0.0381893,0.00202771,0,0,0,0,0,-0.0127906,-0.00317151,0.601649,0.967096,0.351634,0.108897,-0.261719,-0.0961914,1.01756
479,1.53125,0.3125,-0.0302734,0.0101318,0.204082,0.580855,0.776395,1.00122,1.60523,0.257232,0.579189,0.579896,0.300758,0.00254054,0,0,0,0,0,-0.0302263,-0.0234675,0.454958,0.951535,0.362709,0.170414,0.53125,0.3125,1.29439
480,1.3125,0.155273,0.0559082,0.0332031,0.118304,0.547086,0.603952,0.819799,1.03683,0.326555,0.254637,0.208751,0.306822,0.00255239,0,0,0,0,0,-0.00599377,-0.00361995,0.205204,1.00811,0.0753769,0.223576,0.3125,0.155273,1.02734
481,1.05469,0.114746,-0.0253906,0.00473022,0.108796,0.543318,0.480305,0.655082,0.659826,0.135852,0.162315,0.10633,0.369175,0.00267417,0,0,0,0,0,-0.00766055,-0.0036794,0.41144,0.974823,0.292868,0.102998,0.0546875,0.114746,1.04825
482,2.07812,2.14062,0.0439453,0.0114746,1.03008,0.848513,2.30636,1.81023,8.59622,0.151106,0.689512,1.24818,0.410245,0.00275439,0,0,0,0,0,-0.0719219,-0.165878,0.90934,1.00297,0.0212619,0.101208,1.07812,2.14062,1.40883
483,0.789062,-0.160156,-0.114746,0.0285645,-0.20297,0.419579,0.239366,0.406719,0.222716,0.291144,0.180921,0.0735841,0.67893,0.00327916,0,0,0,0,0,0.00224405,0.000537148,0.108131,0.971048,0.247365,0.183143,-0.210938,-0.160156,0.983904
484,1.27344,0.507812,-0.0598145,0.0139771,0.398773,0.65497,0.803746,0.907493,1.46955,0.261946,0.407547,0.369846,0.505939,0.00294129,0,0,0,0,0,-0.0380756,-0.0306032,0.814473,1.00955,0.0537933,0.202407,0.273438,0.507812,1.15592
485,1.27344,-0.0834961,0.0150757,0.00442505,-0.0655675,0.473861,0.468903,0.713556,0.729033,0.19054,0.399243,0.284882,0.22663,0.00239576,0,0,0,0,0,-0.015562,-0.00729705,0.339808,1.00154,0.073818,0.166198,0.273438,-0.0834961,1.05462
486,1.52344,-0.361328,-0.148438,0.0722656,-0.237179,0.406259,0.443254,0.765854,0.783006,0.523681,0.323189,0.247515,0.552176,0.00303159,0,0,0,0,0,0.00629229,0.00278908,0.16973,0.990934,0.20007,0.348321,0.523438,-0.361328,1.06201
487,1.45312,0.21582,0.032959,0.00396729,0.148522,0.559034,0.690617,0.923928,1.3306,0.196604,0.625385,0.577811,0.523272,0.00297514,0,0,0,0,0,-0.0312336,-0.0215705,0.435393,0.990308,0.138977,0.143951,0.453125,0.21582,1.46572
488,1.375,0.289062,-0.445312,0.0913086,0.210227,0.583255,0.702559,0.901437,1.30618,0.486177,0.356779,0.321614,1.4737,0.00483145,0,0,0,0,0,-0.0118897,-0.00835318,0.29052,1.04651,0.0945069,0.417186,0.375,0.289062,1.14421
489,1.10938,0.170898,-0.0444336,0.00762939,0.154049,0.561215,0.530311,0.70766,0.782012,0.149296,0.221758,0.156929,0.508705,0.00294669,0,0,0,0,0,-0.0190529,-0.010104,0.749011,1.00555,-0.00509435,0.100562,0.109375,0.170898,0.974373
490,0.832031,-0.101562,-0.211914,0.0302734,-0.122066,0.451423,0.282865,0.451122,0.283524,0.291218,0.182629,0.0823879,1.21795,0.00433193,0,0,0,0,0,-0.00806097,-0.00228017,0.384791,0.959253,0.287148,0.235964,-0.167969,-0.101562,1.04139
491,0.648438,-0.177734,-0.167969,0.0244141,-0.274096,0.392005,0.179991,0.317231,0.133032,0.252505,0.232652,0.0738046,1.075,0.00405273,0,0,0,0,0,-0.0172842,-0.00311101,0.647664,0.969587,0.267995,0.158811,-0.351562,-0.177734,1.20006
492,1.00781,0.0522461,0.00314331,0.00631714,0.0518411,0.520672,0.430258,0.605239,0.551437,0.188155,0.184312,0.111553,0.0395482,0.00203037,0,0,0,0,0,0.00387608,0.00166772,0.183335,0.991107,0.133069,0.132653,0.0078125,0.0522461,1.07518
493,1.25781,0.625,-0.0673828,0.0214844,0.496894,0.690368,0.872572,0.937016,1.63938,0.173685,0.299988,0.281094,0.459714,0.002851,0,0,0,0,0,-0.0281528,-0.0245654,0.818133,0.972069,0.289566,0.11996,0.257812,0.625,1.06418
494,1.45312,0.269531,-0.0149536,0.00479126,0.185484,0.573575,0.719553,0.942603,1.40626,0.18622,0.614152,0.578901,0.216034,0.00237507,0,0,0,0,0,-0.0327452,-0.0235619,0.464814,0.996839,0.0889275,0.128887,0.453125,0.269531,1.36838
495,1.375,-0.0131836,-0.0703125,0.0456543,-0.00958807,0.496175,0.544786,0.796284,0.930861,0.44484,0.313875,0.249934,0.329073,0.00259584,0,0,0,0,0,-0.00445949,-0.00242947,0.123861,0.963309,0.269034,0.287585,0.375,-0.0131836,1.19774
496,1.28125,0.636719,-0.412109,0.0308838,0.496951,0.690388,0.888878,0.954501,1.70118,0.251402,0.31375,0.299475,2.34502,0.00653325,0,0,0,0,0,-0.0249271,-0.0221572,0.69262,0.991709,0.130585,0.153814,0.28125,0.636719,1.04019
497,0.984375,-0.103516,0.00772095,0.00442505,-0.105159,0.458125,0.342979,0.538978,0.408132,0.168121,0.284749,0.153474,0.116068,0.00217982,0,0,0,0,0,-0.00882496,-0.00302678,0.270182,0.995874,0.0953644,0.124666,-0.015625,-0.103516,1.15101
498,1.35156,0.439453,-0.0541992,0.0175781,0.325145,0.627464,0.789609,0.931905,1.49193,0.191581,0.32445,0.302356,0.408796,0.00275155,0,0,0,0,0,-0.0320612,-0.0253158,0.861468,0.998755,0.0795717,0.14157,0.351562,0.439453,1.25021
499,2.10938,0.617188,-0.097168,0.00799561,0.292593,0.615083,1.18856,1.43356,3.46776,0.255636,0.805387,1.15457,1.08667,0.00407553,0,0,0,0,0,-0.0439996,-0.0522961,0.476267,0.966578,0.275061,0.175401,1.10938,0.617188,1.9178
500,1.35938,0.539062,0.158203,0.0209961,0.396552,0.654151,0.856062,0.967766,1.66941,0.24911,0.343554,0.33248,1.09181,0.00408556,0,0,0,0,0,-0.0272607,-0.0233369,0.69175,0.98189,0.190155,0.206459,0.359375,0.539062,1.18307
501,2.0625,1.64062,-0.00132751,0.0125732,0.795455,0.786825,1.89124,1.69494,6.44962,0.175202,0.889123,1.50701,0.011839,0.00197625,0,0,0,0,0,-0.0868624,-0.164277,0.851681,0.949918,0.408466,0.14543,1.0625,1.64062,1.8319
502,1.53906,0.703125,0.017334,0.00769043,0.456853,0.676112,1.02839,1.12593,2.32531,0.194801,0.353957,0.398532,0.197662,0.00233918,0,0,0,0,0,-0.0215063,-0.0221169,0.529691,0.991531,0.131816,0.154386,0.539062,0.703125,1.06209
503,2.03125,1.79688,-0.0101929,0.013855,0.884615,0.811818,2.00182,1.71696,6.95525,0.173289,0.828692,1.42283,0.0865952,0.00212226,0,0,0,0,0,-0.0875403,-0.17524,0.92092,1.00981,-0.00698248,0.133639,1.03125,1.79688,1.69813
504,3.28125,1.32812,-0.166992,0.0344238,0.404762,0.657174,2.08353,2.34464,9.83846,0.389035,1.06197,2.48994,0.90005,0.00371103,0,0,0,0,0,-0.0569586,-0.118675,0.467577,0.990597,0.170952,0.273457,2.28125,1.32812,2.16387
505,2.29688,1.27344,0.0913086,0.172852,0.554422,0.710355,1.68578,1.74859,5.89943,0.443033,0.572895,1.00176,0.219622,0.00238207,0,0,0,0,0,-0.0602056,-0.101493,0.916154,0.876085,0.51977,0.325641,1.29688,1.27344,1.33291
506,1.44531,0.451172,-0.00598145,0.00909424,0.312162,0.622541,0.832417,0.990808,1.67462,0.162642,0.266343,0.263894,0.0627224,0.00207563,0,0,0,0,0,-0.0170418,-0.0141859,0.557804,0.99542,0.0967067,0.111323,0.445312,0.451172,1.13543
507,0.886719,0.118652,-0.00842285,0.00323486,0.133811,0.553224,0.414902,0.558937,0.484554,0.127547,0.366625,0.20492,0.148092,0.00224237,0,0,0,0,0,-0.0275876,-0.0114462,0.655991,0.995653,0.0934718,0.0856012,-0.113281,0.118652,1.28692
508,1.25781,0.324219,0.0791016,0.0212402,0.257764,0.601705,0.680803,0.841821,1.17216,0.228834,0.272477,0.229376,0.542757,0.0030132,0,0,0,0,0,-0.0229171,-0.015602,0.733225,0.989281,0.146031,0.144474,0.257812,0.324219,1.1177
509,1.70312,1.10156,-0.00799561,0.00952148,0.646789,0.741116,1.36945,1.33427,3.65568,0.167935,0.68099,0.908627,0.0819406,0.00211317,0,0,0,0,0,-0.0655847,-0.0898149,0.839592,0.980562,0.233035,0.107305,0.703125,1.10156,1.46874
510,1.95312,0.154297,-0.00549316,0.00463867,0.079,0.531484,0.860356,1.19194,2.16095,0.187985,0.629438,0.750255,0.080654,0.00211065,0,0,0,0,0,-0.0203729,-0.0175279,0.282167,0.962378,0.342335,0.134091,0.953125,0.154297,1.61388
511,1.35156,0.10791,-0.0168457,0.0446777,0.079841,0.531818,0.595935,0.825236,1.03615,0.336778,0.305326,0.251966,0.0796973,0.00210878,0,0,0,0,0,-0.0134136,-0.00799365,0.382992,0.998611,0.116456,0.220311,0.351562,0.10791,1.09762
