k,gamma,beta,running_mean,running_var,on_ratio,p_on,act_mean,act_std,act_second,pre_row_norm,final_col_norm,effective_contribution,mean_over_std,bn_input_rounding_noise,dead,mostly_off,flat,always_on,negative_gamma,mean_row_component,shared_contribution,column_shared_fraction,pre_row_rel_change,pre_row_cos_ref,pre_row_norm_ratio_ref,gamma_delta,beta_delta,final_col_rel_change
0,1.07031,0.0471191,-0.173828,0.0756836,0.0440237,0.517557,0.452757,0.639806,0.614341,0.501649,0.409767,0.262171,0.631858,0.00318722,0,0,0,0,0,-0.0179671,-0.00813475,0.382251,0.678725,0.905678,0.375659,0.0703125,0.0471191,0.780308
1,1.00781,-0.00732422,-0.373047,0.0732422,-0.00726744,0.497101,0.400473,0.584441,0.50195,0.512945,0.420474,0.245742,1.37842,0.00464536,0,0,0,0,0,0.00459741,0.00184114,0.0953193,0.679733,0.910363,0.371107,0.0078125,-0.00732422,0.752165
2,1.17188,0.12793,-0.605469,0.104004,0.109167,0.543465,0.533889,0.728028,0.815063,0.598317,0.565393,0.411622,1.87744,0.00562001,0,0,0,0,0,-0.0243338,-0.0129916,0.375203,0.692703,0.871657,0.382144,0.171875,0.12793,1.12366
3,1.03906,0.0693359,-0.0568848,0.0986328,0.0667293,0.526601,0.451334,0.629529,0.600009,0.481293,0.371381,0.233795,0.181128,0.00230689,0,0,0,0,0,-0.0208983,-0.00943213,0.490568,0.674201,0.948893,0.35312,0.0390625,0.0693359,0.876188
4,1.03125,0.0539551,-0.667969,0.125977,0.0523201,0.520863,0.440511,0.61949,0.577818,0.614408,0.499293,0.309307,1.88196,0.00562884,0,0,0,0,0,0.00499158,0.00219885,0.0871545,0.640829,0.906223,0.424661,0.03125,0.0539551,0.864921
5,1.125,0.012085,-0.00531006,0.0673828,0.0107422,0.504285,0.45717,0.659382,0.643789,0.489416,0.39069,0.257614,0.0204562,0.00199308,0,0,0,0,0,-0.00739843,-0.00338234,0.165087,0.700471,0.905336,0.348296,0.125,0.012085,0.798026
6,1.03125,0.0620117,-0.0183105,0.0732422,0.0601326,0.523975,0.44454,0.622361,0.584949,0.500333,0.387443,0.24113,0.0676582,0.00208527,0,0,0,0,0,-0.0224316,-0.00997172,0.504729,0.674287,0.936313,0.360688,0.03125,0.0620117,0.917191
7,1.10938,-0.0336914,-0.0247803,0.0541992,-0.0303697,0.487886,0.428016,0.634626,0.585948,0.446772,0.449264,0.285115,0.106441,0.00216102,0,0,0,0,0,0.00311809,0.00133459,0.0605053,0.737086,0.811834,0.361979,0.109375,-0.0336914,0.735246
8,1.14844,-0.057373,-0.11084,0.149414,-0.0499575,0.480078,0.43184,0.649439,0.608257,0.611659,0.595216,0.386556,0.286748,0.00251318,0,0,0,0,0,0.0191283,0.00826036,0.280162,0.648035,0.902123,0.418619,0.148438,-0.057373,0.87512
9,1.15625,-0.046875,-0.451172,0.0927734,-0.0405405,0.483831,0.440221,0.65749,0.626088,0.582391,0.576354,0.378947,1.48126,0.0048462,0,0,0,0,0,0.0112666,0.0049598,0.170416,0.671016,0.899383,0.390312,0.15625,-0.046875,0.890867
10,0.960938,-0.0184326,-0.126953,0.105469,-0.0191819,0.492348,0.376122,0.553351,0.447665,0.531819,0.367136,0.203155,0.390914,0.00271663,0,0,0,0,0,-0.0026475,-0.000995783,0.062866,0.679136,0.948249,0.347915,-0.0390625,-0.0184326,0.983002
11,1.07812,0.0883789,-0.132812,0.0986328,0.0819746,0.532667,0.47652,0.659112,0.6615,0.574328,0.412458,0.271856,0.422891,0.00277908,0,0,0,0,0,-0.0167303,-0.0079723,0.353614,0.702523,0.910364,0.342649,0.078125,0.0883789,0.875008
12,1.0625,0.0722656,-0.402344,0.0976562,0.0680147,0.527113,0.462198,0.644218,0.628644,0.430579,0.34488,0.222178,1.2875,0.00446777,0,0,0,0,0,-0.0232042,-0.0107249,0.586549,0.6988,0.915258,0.344277,0.0625,0.0722656,0.868311
13,0.980469,-0.0303955,0.217773,0.0883789,-0.031001,0.487634,0.377973,0.560675,0.45722,0.504001,0.382077,0.214221,0.732539,0.00338386,0,0,0,0,0,0.00709925,0.00268332,0.161983,0.672704,0.921135,0.372483,-0.0195312,-0.0303955,0.836119
14,1.09375,0.100098,-0.285156,0.0825195,0.0915179,0.536459,0.488645,0.672447,0.690959,0.43012,0.378226,0.254337,0.992669,0.00389193,0,0,0,0,0,-0.0290498,-0.0141951,0.669574,0.694117,0.928576,0.342017,0.09375,0.100098,0.898977
15,1.21094,0.179688,0.241211,0.115234,0.148387,0.558981,0.575433,0.76988,0.923837,0.456988,0.576482,0.443822,0.710569,0.00334095,0,0,0,0,0,-0.0358962,-0.0206558,0.542837,0.777007,0.747549,0.34435,0.210938,0.179688,1.28433
16,1.07812,0.0922852,0.0410156,0.0957031,0.0855978,0.534107,0.478473,0.660525,0.66523,0.429506,0.338729,0.223739,0.132583,0.00221208,0,0,0,0,0,-0.0290393,-0.0138945,0.747378,0.677989,0.956431,0.344525,0.078125,0.0922852,0.897435
17,1.07812,-0.000728607,0.0957031,0.0664062,-0.00067581,0.49973,0.431966,0.627656,0.580547,0.515607,0.413123,0.259299,0.371383,0.00267848,0,0,0,0,0,-0.00374704,-0.00161859,0.0790707,0.685014,0.933188,0.350021,0.078125,-0.000728607,0.832876
18,1.10938,0.0380859,-0.139648,0.060791,0.034331,0.513693,0.463905,0.659363,0.649968,0.48305,0.469785,0.309759,0.566391,0.00305936,0,0,0,0,0,-0.013361,-0.00619822,0.24794,0.70354,0.894973,0.350964,0.109375,0.0380859,0.995193
19,1.03906,0.0483398,-0.320312,0.0664062,0.0465226,0.518553,0.440836,0.622045,0.581277,0.502382,0.367665,0.228704,1.243,0.00438085,0,0,0,0,0,-0.0192704,-0.0084951,0.456926,0.692411,0.915377,0.35204,0.0390625,0.0483398,0.850241
20,1.0625,0.0471191,-0.115723,0.078125,0.0443474,0.517686,0.449625,0.635258,0.605715,0.517911,0.357103,0.226853,0.414022,0.00276176,0,0,0,0,0,-0.00979353,-0.00440341,0.239085,0.673984,0.94792,0.353945,0.0625,0.0471191,0.850132
21,1.07031,-0.0522461,0.140625,0.0688477,-0.0488139,0.480534,0.403075,0.605667,0.529301,0.504077,0.359077,0.217481,0.535942,0.00299989,0,0,0,0,0,0.00638701,0.00257444,0.155066,0.693518,0.876036,0.377632,0.0703125,-0.0522461,0.844178
22,1.07812,0.0610352,0.0708008,0.0683594,0.0566123,0.522573,0.462848,0.649296,0.635814,0.511146,0.402914,0.261611,0.270794,0.00248202,0,0,0,0,0,-0.0120642,-0.00558389,0.261031,0.703623,0.82228,0.408481,0.078125,0.0610352,0.842204
23,0.96875,0.00915527,0.191406,0.0561523,0.0094506,0.50377,0.393049,0.567368,0.476393,0.490586,0.355698,0.201812,0.807741,0.00353074,0,0,0,0,0,-0.00726103,-0.00285394,0.17796,0.677386,0.929625,0.361247,-0.03125,0.00915527,0.832526
24,1.14844,0.0751953,-0.275391,0.0786133,0.0654762,0.526103,0.498124,0.695279,0.73154,0.442002,0.537773,0.373903,0.982203,0.00387149,0,0,0,0,0,-0.0184047,-0.00916781,0.298357,0.770584,0.752938,0.352044,0.148438,0.0751953,1.09732
25,0.964844,-0.0649414,0.143555,0.074707,-0.0673077,0.473168,0.354434,0.540088,0.417318,0.511992,0.378084,0.204198,0.525214,0.00297893,0,0,0,0,0,0.0130423,0.00462263,0.300727,0.685262,0.916705,0.35999,-0.0351562,-0.0649414,0.862136
26,1.04688,0.0961914,0.139648,0.0952148,0.0918843,0.536605,0.467895,0.643767,0.633362,0.476014,0.40994,0.263906,0.452568,0.00283705,0,0,0,0,0,-0.0262509,-0.0122827,0.558253,0.690407,0.942205,0.33854,0.046875,0.0961914,0.743737
27,1.07031,0.0786133,0.498047,0.0693359,0.0734489,0.529276,0.468504,0.651045,0.643356,0.497614,0.390075,0.253957,1.89143,0.00564733,0,0,0,0,0,-0.0238371,-0.0111678,0.532735,0.6852,0.941484,0.344918,0.0703125,0.0786133,0.858895
28,1.07031,0.0397949,-0.416016,0.0722656,0.0371807,0.51483,0.449095,0.63722,0.607736,0.510661,0.428454,0.27302,1.54755,0.00497568,0,0,0,0,0,-0.00857945,-0.00385299,0.174567,0.675685,0.92281,0.367717,0.0703125,0.0397949,1.03439
29,0.996094,-0.0175781,-0.0581055,0.0639648,-0.0176471,0.49296,0.390647,0.574115,0.482213,0.48063,0.274531,0.157613,0.229745,0.00240185,0,0,0,0,0,-0.00771936,-0.00301555,0.24513,0.688426,0.915067,0.357143,-0.00390625,-0.0175781,0.898463
30,1.07812,0.0266113,0.0415039,0.0366211,0.024683,0.509846,0.445636,0.637141,0.604541,0.402873,0.347349,0.221311,0.216882,0.00237672,0,0,0,0,0,-0.00670862,-0.00298961,0.168373,0.709664,0.867878,0.361089,0.078125,0.0266113,0.839327
31,1.07812,-0.0664062,0.0252686,0.0598145,-0.0615942,0.475443,0.399128,0.605525,0.525963,0.500557,0.461467,0.27943,0.103318,0.00215492,0,0,0,0,0,0.0115641,0.00461556,0.218463,0.683048,0.915152,0.363737,0.078125,-0.0664062,0.870852
32,1.07812,0.0830078,-0.453125,0.060791,0.0769928,0.530685,0.473835,0.657173,0.656396,0.473405,0.368768,0.242344,1.8378,0.00554258,0,0,0,0,0,-0.0216342,-0.010251,0.511438,0.670856,0.930187,0.368675,0.078125,0.0830078,0.881722
33,1.02344,0.0224609,-0.111328,0.0766602,0.0219466,0.508755,0.421631,0.603844,0.5424,0.505229,0.383447,0.231542,0.402087,0.00273845,0,0,0,0,0,-0.00627782,-0.00264693,0.142728,0.673105,0.913733,0.377097,0.0234375,0.0224609,0.919825
34,0.953125,-0.0615234,0.211914,0.0942383,-0.0645492,0.474266,0.351444,0.534392,0.409087,0.547482,0.429739,0.229649,0.690313,0.00330139,0,0,0,0,0,0.00605182,0.00212687,0.122769,0.677635,0.929991,0.360717,-0.046875,-0.0615234,0.861985
35,1.10156,0.00817871,-0.0495605,0.0664062,0.00742465,0.502962,0.445819,0.644379,0.613979,0.527021,0.472388,0.304397,0.192323,0.00232876,0,0,0,0,0,0.00567195,0.00252866,0.104674,0.702174,0.8888,0.35681,0.101562,0.00817871,0.860896
36,1.07031,0.065918,0.314453,0.0825195,0.0615876,0.524554,0.462157,0.646492,0.631541,0.522313,0.358161,0.231548,1.09466,0.00409112,0,0,0,0,0,-0.02641,-0.0122056,0.64283,0.690373,0.923995,0.349207,0.0703125,0.065918,0.828581
37,1.00781,0.0263672,0.139648,0.119141,0.0261628,0.510436,0.417319,0.59611,0.529502,0.516644,0.374079,0.222992,0.404582,0.00274332,0,0,0,0,0,-0.0145361,-0.00606619,0.33876,0.671623,0.9593,0.349928,0.0078125,0.0263672,0.81576
38,1.10156,-0.0223389,0.0290527,0.0683594,-0.0202793,0.49191,0.43056,0.633918,0.587234,0.485878,0.460223,0.291744,0.111119,0.00217015,0,0,0,0,0,0.00774755,0.00333578,0.146758,0.688532,0.930131,0.347705,0.101562,-0.0223389,0.878708
39,1.08594,0.133789,-0.0556641,0.140625,0.123201,0.549026,0.502358,0.680248,0.7151,0.52316,0.424877,0.289022,0.148438,0.00224304,0,0,0,0,0,-0.0347726,-0.0174683,0.713478,0.668504,0.959844,0.353051,0.0859375,0.133789,0.775537
40,0.980469,0.046875,-0.433594,0.0722656,0.0478088,0.519066,0.416608,0.587414,0.518618,0.52211,0.390121,0.229163,1.61294,0.00510339,0,0,0,0,0,-0.0139428,-0.00580868,0.311571,0.675633,0.906904,0.378743,-0.0195312,0.046875,0.817693
41,1.03125,0.105469,-0.267578,0.0922852,0.102273,0.54073,0.466268,0.638063,0.62453,0.499262,0.458817,0.292754,0.880815,0.00367347,0,0,0,0,0,-0.0277031,-0.0129171,0.526375,0.686353,0.913956,0.360425,0.03125,0.105469,0.975754
42,0.996094,0.0512695,-0.324219,0.121582,0.0514706,0.520525,0.425071,0.598071,0.538373,0.504349,0.41424,0.247745,0.92983,0.0037692,0,0,0,0,0,-0.00749882,-0.00318753,0.157815,0.666429,0.931824,0.372875,-0.00390625,0.0512695,0.867889
43,1.03125,-0.0454102,-0.365234,0.0869141,-0.0440341,0.482439,0.390829,0.585205,0.495212,0.531706,0.467892,0.273813,1.23887,0.0043728,0,0,0,0,0,0.0125996,0.0049243,0.234757,0.647014,0.865174,0.45633,0.03125,-0.0454102,0.970616
44,1.00781,0.0179443,0.00506592,0.115234,0.0178052,0.507103,0.413107,0.59317,0.522508,0.527368,0.357773,0.21222,0.0149234,0.00198227,0,0,0,0,0,-0.0119242,-0.00492597,0.290555,0.679716,0.954285,0.343815,0.0078125,0.0179443,0.87355
45,1.03125,0.0292969,0.0986328,0.078125,0.0284091,0.511332,0.428182,0.610785,0.556398,0.476079,0.35284,0.21551,0.352879,0.00264234,0,0,0,0,0,-0.0138673,-0.00593774,0.342627,0.669359,0.943205,0.362105,0.03125,0.0292969,0.831737
46,0.941406,0.0375977,-0.214844,0.133789,0.0399378,0.515929,0.396305,0.56139,0.472216,0.519471,0.443337,0.248885,0.587371,0.00310033,0,0,0,0,0,-0.000168047,-6.6598e-05,0.00330449,0.678714,0.918999,0.366539,-0.0585938,0.0375977,0.83216
47,0.890625,-0.0371094,-0.310547,0.167969,-0.0416667,0.483382,0.338588,0.506109,0.370788,0.487321,0.433622,0.21946,0.757727,0.00343306,0,0,0,0,0,0.0218853,0.00741011,0.439996,0.682236,0.904949,0.371677,-0.109375,-0.0371094,0.948482
48,1.07812,0.106445,0.388672,0.0732422,0.0987319,0.539324,0.485553,0.665672,0.678881,0.465484,0.394327,0.262493,1.43616,0.00475812,0,0,0,0,0,-0.024815,-0.012049,0.548611,0.719816,0.871754,0.344412,0.078125,0.106445,0.912976
49,1.07031,-0.0206299,-0.233398,0.0991211,-0.0192746,0.492311,0.418883,0.6163,0.555289,0.541283,0.488773,0.301231,0.741336,0.00340105,0,0,0,0,0,0.00965851,0.00404579,0.17227,0.662676,0.918518,0.386715,0.0703125,-0.0206299,1.00451
50,1.10938,0.0703125,0.142578,0.128906,0.0633803,0.525268,0.480018,0.670798,0.680387,0.540674,0.358133,0.240235,0.397115,0.00272874,0,0,0,0,0,-0.0225114,-0.0108059,0.547981,0.680568,0.962051,0.338581,0.109375,0.0703125,0.768303
51,1.10156,-0.059082,0.074707,0.0834961,-0.0536348,0.478613,0.412188,0.621586,0.556269,0.507653,0.434987,0.270382,0.25854,0.00245809,0,0,0,0,0,0.00623492,0.00256996,0.124957,0.684664,0.868719,0.396027,0.101562,-0.059082,0.825496
52,1.07812,0.0559082,-0.231445,0.0893555,0.0518569,0.520679,0.460285,0.647471,0.631081,0.48602,0.420427,0.272215,0.774262,0.00346536,0,0,0,0,0,-0.00883173,-0.00406511,0.183131,0.696896,0.880528,0.369653,0.078125,0.0559082,0.73486
53,1.14062,0.131836,-0.240234,0.09375,0.115582,0.546008,0.523311,0.711302,0.779805,0.510877,0.604713,0.430133,0.784602,0.00348555,0,0,0,0,0,-0.0221755,-0.0116047,0.319691,0.766165,0.75134,0.362082,0.140625,0.131836,1.05813
54,1.02344,0.0292969,-0.15332,0.0908203,0.028626,0.511419,0.425049,0.606235,0.548188,0.503131,0.353202,0.214124,0.508754,0.00294679,0,0,0,0,0,-0.0209347,-0.00889828,0.516714,0.671001,0.933371,0.366429,0.0234375,0.0292969,0.815847
55,1.11719,0.0140991,0.0952148,0.186523,0.0126202,0.505035,0.455044,0.655531,0.636786,0.571671,0.396808,0.26012,0.220464,0.00238372,0,0,0,0,0,-0.00833043,-0.00379072,0.183018,0.67787,0.932452,0.358889,0.117188,0.0140991,0.844854
56,1.03125,-0.0703125,0.539062,0.112305,-0.0681818,0.47282,0.378377,0.576964,0.476057,0.541111,0.341185,0.196851,1.60857,0.00509486,0,0,0,0,0,-0.00604404,-0.00228693,0.154435,0.708969,0.866404,0.363121,0.03125,-0.0703125,0.755116
57,1.03906,-0.00994873,0.00500488,0.0737305,-0.00957472,0.49618,0.411692,0.601742,0.531584,0.501165,0.348831,0.209906,0.0184319,0.00198912,0,0,0,0,0,-0.00624972,-0.00257296,0.15619,0.676646,0.929769,0.362036,0.0390625,-0.00994873,0.836394
58,1.08594,-0.0148926,0.0219727,0.0722656,-0.013714,0.494529,0.428017,0.627353,0.576771,0.498423,0.452552,0.28391,0.0817366,0.00211277,0,0,0,0,0,0.0083193,0.0035608,0.16026,0.688541,0.9115,0.359304,0.0859375,-0.0148926,0.798783
59,1.08594,-0.00860596,0.169922,0.0776367,-0.00792491,0.496838,0.431161,0.629502,0.582172,0.535419,0.390469,0.245801,0.60984,0.00314422,0,0,0,0,0,-0.00138596,-0.000597573,0.0309437,0.69829,0.92496,0.339161,0.0859375,-0.00860596,0.887123
60,1.07812,0.0493164,-0.0344238,0.0878906,0.0457428,0.518242,0.456989,0.645133,0.625035,0.51553,0.416073,0.268422,0.116115,0.00217991,0,0,0,0,0,-0.0149972,-0.00685354,0.31423,0.68266,0.936468,0.350808,0.078125,0.0493164,0.90066
61,1.04688,-0.0383301,-0.029541,0.0727539,-0.0366138,0.485396,0.400634,0.596673,0.516526,0.478351,0.347461,0.207321,0.109521,0.00216703,0,0,0,0,0,-0.00257969,-0.00103351,0.0647244,0.682956,0.937778,0.349683,0.046875,-0.0383301,0.81152
62,0.972656,-0.0461426,0.0568848,0.103027,-0.0474398,0.481081,0.366966,0.55085,0.4381,0.55291,0.37926,0.208916,0.177223,0.00229926,0,0,0,0,0,0.00825285,0.00302852,0.189702,0.675019,0.933881,0.361356,-0.0273438,-0.0461426,0.836413
63,1.1875,-0.0898438,-0.194336,0.114258,-0.0756579,0.469846,0.431268,0.66148,0.623549,0.649865,0.509666,0.337134,0.574924,0.00307602,0,0,0,0,0,0.00585631,0.00252564,0.100172,0.705874,0.778355,0.455719,0.1875,-0.0898438,1.01859
64,1.14062,0.0175781,-0.204102,0.0549316,0.015411,0.506148,0.466182,0.670389,0.666747,0.475868,0.516983,0.34658,0.870833,0.00365397,0,0,0,0,0,-0.000919367,-0.000428593,0.0155031,0.686157,0.910113,0.363197,0.140625,0.0175781,1.07944
65,1.07031,-0.000766754,-0.863281,0.100586,-0.000716383,0.499714,0.428814,0.623093,0.572127,0.599158,0.511044,0.318428,2.72197,0.00726948,0,0,0,0,0,0.0102308,0.00438712,0.174526,0.669453,0.915507,0.380417,0.0703125,-0.000766754,0.96203
66,0.957031,0.0476074,-0.273438,0.180664,0.0497449,0.519837,0.407576,0.57403,0.495628,0.56035,0.424645,0.243759,0.643313,0.0032096,0,0,0,0,0,-0.00873807,-0.00356142,0.179389,0.671385,0.923445,0.372529,-0.0429688,0.0476074,0.882615
67,1.07812,0.0644531,0.188477,0.0603027,0.0597826,0.523836,0.464557,0.650516,0.638984,0.415474,0.337885,0.219799,0.767518,0.00345218,0,0,0,0,0,-0.0263688,-0.0122498,0.680345,0.687378,0.931251,0.348398,0.078125,0.0644531,0.859853
68,1.21094,0.194336,-0.0388184,0.097168,0.160484,0.56375,0.582757,0.775369,0.940803,0.490528,0.506876,0.393016,0.12453,0.00219635,0,0,0,0,0,-0.0336782,-0.0196262,0.579234,0.733379,0.841096,0.345832,0.210938,0.194336,0.957163
69,1.0625,0.0498047,-0.46875,0.0844727,0.046875,0.518694,0.450967,0.636209,0.608133,0.520097,0.347953,0.221371,1.61281,0.00510314,0,0,0,0,0,-0.0232442,-0.0104824,0.582372,0.67941,0.957392,0.342415,0.0625,0.0498047,0.869485
70,1.10938,-0.00970459,-0.146484,0.0708008,-0.0087478,0.49651,0.44001,0.642776,0.606769,0.49971,0.41881,0.269201,0.550519,0.00302836,0,0,0,0,0,-0.00245797,-0.00108153,0.0511642,0.68648,0.91904,0.356999,0.109375,-0.00970459,0.930272
71,1.125,0.129883,-0.425781,0.140625,0.115451,0.545956,0.516069,0.701504,0.758435,0.550871,0.567294,0.397959,1.13542,0.00417074,0,0,0,0,0,-0.0191915,-0.00990414,0.294923,0.712377,0.865428,0.359023,0.125,0.129883,1.02573
72,0.988281,0.0339355,-0.00405884,0.132812,0.0343379,0.513696,0.413271,0.587393,0.515823,0.502594,0.345379,0.202873,0.0111374,0.00197488,0,0,0,0,0,-0.0250527,-0.0103536,0.632362,0.669917,0.975456,0.342761,-0.0117188,0.0339355,0.873311
73,1.10156,0.111328,-0.142578,0.097168,0.101064,0.54025,0.497393,0.681081,0.711271,0.472084,0.456809,0.311124,0.457395,0.00284647,0,0,0,0,0,-0.0255392,-0.012703,0.487392,0.691395,0.919985,0.350424,0.101562,0.111328,1.04625
74,1.10938,0.0844727,-0.0957031,0.106445,0.0761444,0.530348,0.487098,0.675882,0.694082,0.515989,0.426876,0.288518,0.293334,0.00252604,0,0,0,0,0,-0.0224729,-0.0109465,0.458948,0.683426,0.933857,0.351482,0.109375,0.0844727,0.961812
75,1.10156,0.137695,0.0134277,0.165039,0.125,0.549738,0.510577,0.690767,0.737848,0.510709,0.395044,0.272884,0.0330529,0.00201768,0,0,0,0,0,-0.0360179,-0.0183899,0.794839,0.676856,0.976004,0.335131,0.101562,0.137695,0.948317
76,1.0625,-0.0324707,-0.189453,0.0849609,-0.0305607,0.48781,0.40983,0.607742,0.537311,0.53773,0.490817,0.29829,0.649968,0.00322259,0,0,0,0,0,0.00833009,0.00341392,0.147958,0.658233,0.904356,0.403227,0.0625,-0.0324707,0.923663
77,1.01562,0.108398,-0.118652,0.12207,0.106731,0.542499,0.461467,0.630051,0.609917,0.537788,0.362681,0.228507,0.339603,0.00261641,0,0,0,0,0,-0.0278265,-0.012841,0.668868,0.675032,0.959368,0.346135,0.015625,0.108398,0.906388
78,1.00781,0.0194092,-0.539062,0.112305,0.0192587,0.507683,0.41384,0.59368,0.523719,0.549178,0.38015,0.225687,1.60857,0.00509486,0,0,0,0,0,-0.00910443,-0.00376777,0.208788,0.682136,0.891972,0.381166,0.0078125,0.0194092,0.902422
79,1,0.0407715,-0.369141,0.090332,0.0407715,0.516261,0.421388,0.596626,0.53353,0.537213,0.400969,0.239228,1.22821,0.00435196,0,0,0,0,0,-0.0233651,-0.00984576,0.507999,0.677934,0.951521,0.34738,0,0.0407715,0.98922
80,1.07031,0.122559,0.0167236,0.113281,0.114507,0.545582,0.490477,0.667031,0.685498,0.479943,0.418126,0.278903,0.049688,0.00205017,0,0,0,0,0,-0.0298241,-0.014628,0.621823,0.68981,0.93627,0.342604,0.0703125,0.122559,1.06421
81,1.21094,0.0888672,0.236328,0.103027,0.0733871,0.529251,0.530022,0.736557,0.823439,0.511866,0.474439,0.349451,0.736273,0.00339116,0,0,0,0,0,-0.0153017,-0.00811025,0.281168,0.699986,0.866789,0.375563,0.210938,0.0888672,0.99455
82,1.14062,0.0238037,-0.0634766,0.0859375,0.020869,0.508325,0.469295,0.672557,0.672571,0.521274,0.39775,0.26751,0.216532,0.00237604,0,0,0,0,0,-0.0114486,-0.00537278,0.250928,0.686357,0.941727,0.343449,0.140625,0.0238037,0.91475
83,1.0625,-0.0158691,0.207031,0.100098,-0.0149357,0.494042,0.41813,0.613371,0.551056,0.560252,0.417012,0.255783,0.654371,0.00323119,0,0,0,0,0,-0.0104874,-0.00438511,0.219244,0.675145,0.88524,0.395882,0.0625,-0.0158691,0.876192
84,1.13281,0.078125,0.382812,0.0722656,0.0689655,0.527491,0.493323,0.687237,0.715662,0.475003,0.431696,0.296677,1.42403,0.00473444,0,0,0,0,0,-0.0310834,-0.0153341,0.627707,0.685322,0.894996,0.374723,0.132812,0.078125,0.967418
85,1.10938,-0.0629883,0.249023,0.0683594,-0.0567782,0.477361,0.413368,0.62484,0.561298,0.504208,0.476179,0.297536,0.952448,0.00381337,0,0,0,0,0,0.00167169,0.000691023,0.030605,0.688894,0.847169,0.408682,0.109375,-0.0629883,0.883773
86,1.125,0.0688477,0.134766,0.0441895,0.0611979,0.524399,0.485551,0.679368,0.697301,0.455994,0.401272,0.272611,0.641091,0.00320526,0,0,0,0,0,-0.0180858,-0.00878157,0.39292,0.70002,0.885054,0.362227,0.125,0.0688477,0.8854
87,0.96875,0.00720215,-0.135742,0.100098,0.00743448,0.502966,0.392072,0.566692,0.47486,0.542515,0.376277,0.213233,0.429045,0.0027911,0,0,0,0,0,0.000474776,0.000186146,0.0109999,0.678234,0.935476,0.356583,-0.03125,0.00720215,0.861091
88,1.32812,0.119141,0.0961914,0.0859375,0.0897059,0.53574,0.592152,0.815669,1.01596,0.515805,0.717344,0.585116,0.328129,0.002594,0,0,0,0,0,-0.0312733,-0.0185185,0.38006,0.847747,0.578548,0.347479,0.328125,0.119141,1.57809
89,1.01562,-0.0981445,-0.154297,0.100586,-0.0966346,0.461508,0.358196,0.558853,0.440621,0.525055,0.49483,0.276537,0.486506,0.00290333,0,0,0,0,0,0.0215185,0.00770784,0.379108,0.677967,0.909585,0.373876,0.015625,-0.0981445,0.901269
90,1.17969,0.137695,-0.267578,0.110352,0.116722,0.54646,0.541905,0.736156,0.835587,0.510831,0.456155,0.335802,0.805492,0.00352635,0,0,0,0,0,-0.036932,-0.0200137,0.705825,0.711508,0.897375,0.33923,0.179688,0.137695,0.895733
91,1.07031,-0.0561523,0.283203,0.0708008,-0.0524635,0.47908,0.401122,0.604369,0.52616,0.510418,0.400845,0.242258,1.06434,0.00403191,0,0,0,0,0,-0.000910307,-0.000365144,0.0197978,0.688573,0.927002,0.349538,0.0703125,-0.0561523,0.796772
92,0.941406,-0.0397949,-0.382812,0.0839844,-0.0422718,0.483141,0.357609,0.534776,0.413869,0.488324,0.36144,0.193289,1.32095,0.00453311,0,0,0,0,0,0.00475507,0.00170045,0.114691,0.684354,0.922628,0.357311,-0.0585938,-0.0397949,0.824099
93,1.04688,0.0559082,-0.462891,0.106445,0.0534049,0.521295,0.447753,0.62928,0.596477,0.516042,0.383313,0.241212,1.41878,0.00472418,0,0,0,0,0,-0.011367,-0.0050896,0.258522,0.675259,0.937529,0.358793,0.046875,0.0559082,0.870271
94,0.996094,-0.105957,-0.19043,0.100586,-0.106373,0.457643,0.346457,0.54501,0.417069,0.514967,0.524487,0.285851,0.600435,0.00312585,0,0,0,0,0,0.0337719,0.0117005,0.561342,0.683363,0.897021,0.375838,-0.00390625,-0.105957,0.968527
95,1.08594,0.0593262,-0.0218506,0.0717773,0.0546313,0.521784,0.465127,0.653235,0.643059,0.449558,0.49025,0.320249,0.0815585,0.00211242,0,0,0,0,0,-0.0181672,-0.00845005,0.323055,0.73592,0.823641,0.354639,0.0859375,0.0593262,0.8818
96,1.1875,0.0668945,0.378906,0.125,0.0563322,0.522461,0.509638,0.715048,0.771025,0.514208,0.449008,0.321062,1.07171,0.00404631,0,0,0,0,0,-0.0157452,-0.00802435,0.305704,0.691381,0.921183,0.349706,0.1875,0.0668945,1.06178
97,1.13281,0.0588379,0.503906,0.0859375,0.0519397,0.520712,0.483679,0.680347,0.696818,0.536309,0.429357,0.292112,1.71893,0.00531041,0,0,0,0,0,-0.0255341,-0.0123503,0.518452,0.700263,0.865674,0.376021,0.132812,0.0588379,0.87305
98,1.08594,-0.0407715,0.269531,0.0849609,-0.037545,0.485025,0.415078,0.618597,0.554952,0.548347,0.468373,0.289734,0.924697,0.00375917,0,0,0,0,0,-0.0049065,-0.00203658,0.0913244,0.704152,0.839172,0.391914,0.0859375,-0.0407715,0.823954
99,1.00781,0.0126343,0.239258,0.0908203,0.0125363,0.505001,0.410452,0.591324,0.518135,0.546343,0.367981,0.217596,0.793916,0.00350374,0,0,0,0,0,-0.00977085,-0.00401047,0.23148,0.663903,0.94312,0.368453,0.0078125,0.0126343,0.938547
100,1.14062,0.19043,-0.462891,0.128906,0.166952,0.566296,0.552608,0.733124,0.842847,0.492609,0.438644,0.32158,1.28926,0.00447122,0,0,0,0,0,-0.0393573,-0.0217492,0.782205,0.686708,0.951975,0.337301,0.140625,0.19043,0.922588
101,0.972656,-0.050293,0.462891,0.0957031,-0.0517068,0.479381,0.364891,0.54947,0.435062,0.478556,0.412366,0.226582,1.49629,0.00487556,0,0,0,0,0,0.00921515,0.00336253,0.194817,0.683289,0.934296,0.351378,-0.0273438,-0.050293,0.753094
102,1.00781,0.0250244,-0.289062,0.074707,0.0248304,0.509905,0.416647,0.59564,0.528383,0.537199,0.43182,0.25721,1.05757,0.0040187,0,0,0,0,0,3.43323e-05,1.43045e-05,0.000693117,0.692248,0.879375,0.376873,0.0078125,0.0250244,0.869069
103,1.11719,0.0114746,0.0266113,0.0791016,0.010271,0.504097,0.453732,0.654621,0.634401,0.517367,0.461633,0.302195,0.0946181,0.00213793,0,0,0,0,0,-0.0143918,-0.00653001,0.271784,0.725908,0.776177,0.416464,0.117188,0.0114746,0.898271
104,1.02344,-0.00369263,0.111328,0.0737305,-0.00360806,0.498561,0.408555,0.594787,0.520688,0.537757,0.353753,0.210408,0.409998,0.0027539,0,0,0,0,0,-0.00847814,-0.00346378,0.208933,0.681596,0.933217,0.354022,0.0234375,-0.00369263,0.738736
105,1.14062,-0.0341797,0.000900269,0.0612793,-0.0299658,0.488047,0.440303,0.652658,0.61983,0.48562,0.474819,0.309894,0.00363676,0.00196023,0,0,0,0,0,-0.000720928,-0.000317427,0.0132364,0.698791,0.872157,0.373191,0.140625,-0.0341797,0.816973
106,1.03125,0.045166,-0.0466309,0.0717773,0.0437973,0.517467,0.436117,0.616373,0.570114,0.518044,0.423648,0.261125,0.174052,0.00229307,0,0,0,0,0,-0.0191586,-0.00835536,0.394243,0.690073,0.928904,0.346612,0.03125,0.045166,0.794666
107,1.04688,0.00613403,-0.186523,0.11377,0.00585938,0.502338,0.422866,0.611822,0.553143,0.499246,0.280689,0.171732,0.552994,0.00303319,0,0,0,0,0,-0.0134068,-0.00566927,0.416395,0.682787,0.959389,0.337597,0.046875,0.00613403,1.00961
108,0.996094,0.0198975,0.136719,0.100586,0.0199755,0.507969,0.409385,0.587026,0.512195,0.533281,0.346972,0.203681,0.431082,0.00279508,0,0,0,0,0,-0.0213935,-0.00875818,0.537521,0.681572,0.957003,0.340241,-0.00390625,0.0198975,0.806812
109,1.05469,-0.0537109,0.195312,0.0493164,-0.0509259,0.479692,0.396077,0.596084,0.512193,0.455521,0.407538,0.242927,0.879497,0.00367089,0,0,0,0,0,0.00852306,0.00337579,0.18232,0.711492,0.864151,0.361181,0.0546875,-0.0537109,0.802306
110,1.02344,0.115723,-0.322266,0.148438,0.113073,0.545013,0.468262,0.637279,0.625393,0.578767,0.396243,0.252517,0.836454,0.00358682,0,0,0,0,0,-0.018843,-0.00882346,0.414567,0.669916,0.961254,0.350684,0.0234375,0.115723,0.847728
111,1.05469,-0.0356445,0.277344,0.0549316,-0.0337963,0.48652,0.40511,0.602124,0.526668,0.469686,0.396152,0.238532,1.18333,0.00426432,0,0,0,0,0,0.00776951,0.00314751,0.170978,0.695292,0.907802,0.353243,0.0546875,-0.0356445,0.876784
112,1.16406,0.167969,0.0996094,0.119629,0.144295,0.557366,0.550776,0.738299,0.84844,0.448117,0.543324,0.401136,0.287993,0.00251561,0,0,0,0,0,-0.0360572,-0.0198595,0.578549,0.734032,0.824024,0.357314,0.164062,0.167969,0.988652
113,1.10156,0.0576172,0.291016,0.125,0.052305,0.520857,0.470538,0.661722,0.659282,0.497963,0.440855,0.291724,0.823116,0.00356077,0,0,0,0,0,-0.0125554,-0.00590778,0.248279,0.678763,0.921663,0.364723,0.101562,0.0576172,0.867501
114,1.00781,0.00162506,0.189453,0.119629,0.00161246,0.500643,0.404948,0.587516,0.509158,0.498483,0.3466,0.203633,0.547752,0.00302295,0,0,0,0,0,-0.0210131,-0.0085092,0.528528,0.702422,0.9145,0.340299,0.0078125,0.00162506,0.846416
115,1.03125,0.00695801,0.0561523,0.164062,0.00674716,0.502692,0.417013,0.603007,0.537517,0.533906,0.397719,0.239828,0.138632,0.00222389,0,0,0,0,0,-0.00511049,-0.00213114,0.112019,0.675136,0.958449,0.34654,0.03125,0.00695801,0.758485
116,1.02344,0.0395508,-0.503906,0.097168,0.038645,0.515413,0.430176,0.609841,0.556958,0.516054,0.472319,0.28804,1.61655,0.00511044,0,0,0,0,0,0.000476586,0.000205016,0.00879655,0.696798,0.855459,0.389264,0.0234375,0.0395508,0.880546
117,1.22656,0.102539,-0.445312,0.0766602,0.0835987,0.533312,0.543124,0.75058,0.858354,0.563469,0.705246,0.529344,1.60835,0.00509443,0,0,0,0,0,-0.0150986,-0.00820044,0.18664,0.802919,0.657342,0.380256,0.226562,0.102539,1.11908
118,1.08594,-0.0385742,0.302734,0.112793,-0.0355216,0.485832,0.416176,0.619335,0.556779,0.582325,0.418505,0.259195,0.901407,0.00371368,0,0,0,0,0,-0.00695061,-0.00289268,0.144787,0.666203,0.95525,0.358317,0.0859375,-0.0385742,0.893375
119,1.0625,-0.00897217,0.208984,0.0693359,-0.00844439,0.496631,0.421579,0.615727,0.556848,0.528261,0.38858,0.239259,0.79366,0.00350324,0,0,0,0,0,-0.0125064,-0.00527243,0.280581,0.692401,0.895324,0.365207,0.0625,-0.00897217,0.939079
120,1.08594,0.0629883,-0.121094,0.112305,0.0580036,0.523127,0.466958,0.65454,0.646472,0.480358,0.31994,0.209414,0.361346,0.00265888,0,0,0,0,0,-0.0257115,-0.0120062,0.700592,0.67267,0.959619,0.348593,0.0859375,0.0629883,0.845475
121,1.04688,-0.0266113,0.195312,0.109863,-0.0254198,0.48986,0.406494,0.600623,0.525985,0.540444,0.348285,0.209188,0.589256,0.00310401,0,0,0,0,0,-0.00416155,-0.00169164,0.104166,0.675589,0.951204,0.350197,0.046875,-0.0266113,0.870233
122,1.04688,-0.0238037,0.0264893,0.0810547,-0.0227379,0.49093,0.407897,0.601574,0.528271,0.542518,0.390106,0.234678,0.0930424,0.00213485,0,0,0,0,0,0.00405793,0.00165522,0.0906837,0.677223,0.944682,0.352183,0.046875,-0.0238037,0.94341
123,1.11719,0.0488281,-0.15918,0.0615234,0.0437063,0.517431,0.472409,0.667702,0.668996,0.418724,0.441772,0.294972,0.641752,0.00320655,0,0,0,0,0,-0.0178938,-0.0084532,0.353112,0.752956,0.792685,0.350766,0.117188,0.0488281,0.865619
124,1.03906,-0.0424805,-0.439453,0.111816,-0.0408835,0.483694,0.395426,0.590733,0.505327,0.584174,0.541801,0.32006,1.31419,0.00451991,0,0,0,0,0,0.0159629,0.00631213,0.256849,0.674378,0.892823,0.390908,0.0390625,-0.0424805,0.871036
125,1.10938,-0.0678711,-0.109375,0.0986328,-0.0611796,0.475608,0.410926,0.623228,0.557273,0.554418,0.464369,0.289408,0.348263,0.00263333,0,0,0,0,0,0.0126221,0.00518677,0.236961,0.66658,0.929417,0.374308,0.109375,-0.0678711,1.05514
126,0.988281,0.00230408,-0.255859,0.123535,0.0023314,0.50093,0.397455,0.576375,0.490179,0.54586,0.439,0.253029,0.727958,0.00337492,0,0,0,0,0,0.00706814,0.00280927,0.140361,0.656626,0.869052,0.437301,-0.0117188,0.00230408,0.923933
127,1.07031,-0.00598145,-0.223633,0.0981445,-0.0055885,0.497771,0.426207,0.621301,0.567668,0.567168,0.392485,0.243851,0.713843,0.00334735,0,0,0,0,0,-0.00950623,-0.00405162,0.21115,0.673234,0.949676,0.353749,0.0703125,-0.00598145,0.958306
128,1.17969,0.161133,-0.314453,0.0561523,0.136589,0.554322,0.553624,0.744825,0.861263,0.42889,0.520724,0.387848,1.327,0.00454493,0,0,0,0,0,-0.033788,-0.0187058,0.565667,0.734083,0.819428,0.360799,0.179688,0.161133,1.02718
129,0.960938,0.0189209,-0.149414,0.146484,0.01969,0.507855,0.394799,0.566211,0.476461,0.510886,0.357931,0.202664,0.390387,0.0027156,0,0,0,0,0,-0.00791489,-0.00312479,0.192776,0.671044,0.96697,0.34622,-0.0390625,0.0189209,0.923467
130,1.03906,0.0178223,-0.166992,0.0639648,0.0171523,0.506842,0.425578,0.611326,0.554836,0.548224,0.370354,0.226407,0.660276,0.00324273,0,0,0,0,0,-0.00333083,-0.00141753,0.0784047,0.674992,0.951372,0.35077,0.0390625,0.0178223,0.819191
131,0.917969,0.0537109,-0.00759888,0.097168,0.0585106,0.523329,0.394963,0.553464,0.462319,0.53449,0.457788,0.253369,0.0243774,0.00200074,0,0,0,0,0,-0.00813692,-0.00321379,0.154954,0.671611,0.900155,0.388941,-0.0820312,0.0537109,0.859361
132,1.08594,0.145508,0.542969,0.101562,0.133993,0.553296,0.508217,0.684586,0.726943,0.542262,0.362966,0.248482,1.70376,0.00528078,0,0,0,0,0,-0.0292702,-0.0148756,0.703017,0.682485,0.942667,0.347346,0.0859375,0.145508,0.941416
133,1.09375,-0.0605469,-0.394531,0.0859375,-0.0553571,0.477927,0.408323,0.616554,0.546866,0.657538,0.505022,0.311373,1.34583,0.0045817,0,0,0,0,0,0.00558331,0.00227979,0.0963803,0.711828,0.807508,0.40905,0.09375,-0.0605469,0.891582
134,1.04688,0.0400391,-0.0257568,0.0864258,0.0382463,0.515254,0.439819,0.62366,0.582392,0.46476,0.365834,0.228156,0.0876135,0.00212425,0,0,0,0,0,-0.0125622,-0.00552509,0.299356,0.679419,0.927789,0.359983,0.046875,0.0400391,0.774218
135,1.13281,0.0488281,-0.00708008,0.0532227,0.0431034,0.51719,0.478675,0.676799,0.687186,0.468758,0.444524,0.300853,0.0306895,0.00201307,0,0,0,0,0,-0.0111278,-0.00532662,0.218234,0.679213,0.9197,0.365463,0.132812,0.0488281,1.02251
136,1.22656,0.115723,0.152344,0.0976562,0.0943471,0.537583,0.549716,0.755363,0.872761,0.516764,0.52468,0.396324,0.4875,0.00290527,0,0,0,0,0,-0.0276816,-0.015217,0.459941,0.721815,0.866114,0.345374,0.226562,0.115723,0.94039
137,1.01562,0.0302734,0.292969,0.104492,0.0298077,0.51189,0.422405,0.602029,0.540864,0.526749,0.397513,0.239314,0.906315,0.00372327,0,0,0,0,0,-0.00358572,-0.00151462,0.0786378,0.677043,0.939586,0.355454,0.015625,0.0302734,0.818201
138,1.0625,0.0517578,-0.523438,0.0722656,0.0487132,0.519426,0.451944,0.636902,0.609897,0.514185,0.482835,0.307518,1.94715,0.00575615,0,0,0,0,0,0.00639986,0.00289238,0.115552,0.693535,0.864087,0.386974,0.0625,0.0517578,1.06337
139,0.976562,-0.0349121,0.046875,0.0864258,-0.03575,0.485741,0.374148,0.556881,0.450103,0.512588,0.404733,0.225388,0.159448,0.00226455,0,0,0,0,0,0.0248224,0.00928724,0.534665,0.688116,0.91064,0.360396,-0.0234375,-0.0349121,0.861972
140,1.15625,0.233398,-0.53125,0.166016,0.201858,0.579986,0.584618,0.755303,0.912261,0.465898,0.473165,0.357383,1.30384,0.00449969,0,0,0,0,0,-0.0459392,-0.0268569,0.846403,0.677166,0.975426,0.335106,0.15625,0.233398,0.925108
141,1.07031,0.0654297,0.0649414,0.10791,0.0611314,0.524373,0.461913,0.646317,0.63109,0.483113,0.334012,0.215878,0.197693,0.00233924,0,0,0,0,0,-0.0274572,-0.0126828,0.716639,0.68422,0.943205,0.345047,0.0703125,0.0654297,0.804355
142,1.04688,0.0622559,-0.257812,0.0981445,0.0594683,0.52371,0.450927,0.631543,0.602181,0.5334,0.39876,0.251834,0.822945,0.00356044,0,0,0,0,0,-0.00818286,-0.00368987,0.178896,0.674533,0.929126,0.364972,0.046875,0.0622559,0.815677
143,1.10156,0.0288086,0.029541,0.0883789,0.0261525,0.510432,0.456133,0.651558,0.632586,0.512712,0.506528,0.330032,0.099369,0.00214721,0,0,0,0,0,-0.00599736,-0.0027356,0.10322,0.719442,0.835251,0.371311,0.101562,0.0288086,1.03951
144,0.996094,-0.0122681,-0.130859,0.171875,-0.0123162,0.495087,0.393302,0.575925,0.486376,0.543813,0.453017,0.260904,0.315645,0.00256962,0,0,0,0,0,0.00642776,0.00252805,0.123695,0.679398,0.846922,0.424005,-0.00390625,-0.0122681,0.759858
145,1.20312,0.148438,-0.22168,0.0727539,0.123377,0.549096,0.556675,0.753733,0.878001,0.507004,0.618431,0.466132,0.82186,0.00355832,0,0,0,0,0,-0.0177488,-0.00988029,0.250198,0.789187,0.713031,0.350776,0.203125,0.148438,1.11152
146,1.08594,0.101074,-0.21875,0.0742188,0.0930755,0.537078,0.486001,0.668259,0.682766,0.420592,0.360567,0.240952,0.802955,0.0035214,0,0,0,0,0,-0.0274545,-0.0133429,0.663795,0.67336,0.946347,0.355597,0.0859375,0.101074,0.728737
147,0.996094,0.0239258,0.0507812,0.183594,0.0240196,0.509582,0.411399,0.588432,0.515501,0.534519,0.478728,0.281699,0.118515,0.0021846,0,0,0,0,0,-0.00523299,-0.00215284,0.0952944,0.657883,0.899401,0.407738,-0.00390625,0.0239258,0.889358
148,1.07031,0.115234,-0.162109,0.09375,0.107664,0.542869,0.486815,0.664343,0.678341,0.472913,0.376936,0.250415,0.529447,0.0029872,0,0,0,0,0,-0.0231313,-0.0112607,0.534982,0.676675,0.891413,0.388912,0.0703125,0.115234,0.887197
149,1.20312,0.251953,-0.365234,0.104492,0.209416,0.582938,0.614116,0.788482,0.998842,0.498236,0.513954,0.405243,1.12987,0.00415991,0,0,0,0,0,-0.0410818,-0.025229,0.696838,0.679769,0.931442,0.357274,0.203125,0.251953,0.843189
150,1.07031,-0.0174561,0.231445,0.105957,-0.0163093,0.493494,0.42047,0.61738,0.557953,0.522698,0.448537,0.276918,0.711023,0.00334184,0,0,0,0,0,-0.000135522,-5.6983e-05,0.00263402,0.703028,0.866063,0.371782,0.0703125,-0.0174561,0.826242
151,1.20312,0.147461,-0.245117,0.0717773,0.122565,0.548774,0.556186,0.753373,0.876914,0.462546,0.647329,0.48768,0.914914,0.00374007,0,0,0,0,0,-0.030604,-0.0170215,0.412155,0.84893,0.560983,0.372877,0.203125,0.147461,1.06879
152,1.20312,0.15918,-0.198242,0.09375,0.132305,0.552629,0.562046,0.757709,0.890018,0.505296,0.560709,0.424855,0.647456,0.00321769,0,0,0,0,0,-0.024823,-0.0139517,0.385944,0.6958,0.843877,0.400858,0.203125,0.15918,0.819031
153,0.96875,-0.0022583,-0.523438,0.0869141,-0.00233115,0.49907,0.387342,0.563429,0.467486,0.537229,0.4047,0.22802,1.7755,0.00542089,0,0,0,0,0,0.00894695,0.00346553,0.19273,0.693977,0.838244,0.408992,-0.03125,-0.0022583,0.739212
154,1.0625,-0.0218506,-0.160156,0.0766602,-0.0205653,0.491796,0.41514,0.611336,0.546072,0.531052,0.449103,0.274552,0.578441,0.00308289,0,0,0,0,0,0.00734623,0.00304971,0.142602,0.681379,0.908611,0.370233,0.0625,-0.0218506,0.886159
155,1.10156,0.041748,-0.043457,0.0419922,0.0378989,0.515116,0.462603,0.656104,0.644474,0.452516,0.478836,0.314166,0.212068,0.00236732,0,0,0,0,0,-0.0175372,-0.00811278,0.319287,0.731695,0.820572,0.363718,0.101562,0.041748,1.10129
156,1.07031,-0.0319824,0.0922852,0.0756836,-0.0298814,0.488081,0.413207,0.612456,0.545842,0.51246,0.398477,0.244049,0.335452,0.00260831,0,0,0,0,0,0.00188919,0.000780626,0.0413314,0.693973,0.917649,0.348722,0.0703125,-0.0319824,0.883448
157,1.03906,0.090332,-0.566406,0.166016,0.0869361,0.534639,0.461833,0.637097,0.619182,0.586421,0.538816,0.343278,1.39012,0.00466821,0,0,0,0,0,-0.0155519,-0.00718236,0.251622,0.700242,0.7939,0.446603,0.0390625,0.090332,0.912377
158,1.08594,0.0698242,-0.660156,0.121094,0.0642986,0.525634,0.470376,0.656983,0.65288,0.517304,0.357538,0.234897,1.89708,0.00565836,0,0,0,0,0,-0.0219146,-0.0103081,0.53434,0.69423,0.894378,0.363466,0.0859375,0.0698242,0.907929
159,1.03906,-0.0456543,-0.0874023,0.132812,-0.043938,0.482477,0.393839,0.589672,0.502822,0.553719,0.465806,0.274673,0.23983,0.00242154,0,0,0,0,0,0.00120815,0.000475819,0.0226112,0.666593,0.895542,0.399214,0.0390625,-0.0456543,0.800588
160,1.07812,0.0256348,-0.322266,0.097168,0.0237772,0.509485,0.445148,0.6368,0.603671,0.545949,0.442984,0.282092,1.03384,0.00397234,0,0,0,0,0,-0.00756914,-0.00336939,0.148958,0.686493,0.932742,0.34855,0.078125,0.0256348,1.01223
161,1.07812,0.057373,0.117676,0.0976562,0.0532156,0.52122,0.461017,0.647992,0.632431,0.511403,0.391471,0.25367,0.376563,0.0026886,0,0,0,0,0,-0.0211216,-0.00973743,0.470365,0.690194,0.920713,0.351432,0.078125,0.057373,0.905978
162,1.10156,0.135742,-0.253906,0.0893555,0.123227,0.549036,0.5096,0.690046,0.735856,0.472741,0.405594,0.279878,0.849401,0.00361211,0,0,0,0,0,-0.034066,-0.0173601,0.732212,0.681796,0.945613,0.346423,0.101562,0.135742,0.900192
163,1.11719,0.0722656,-0.0703125,0.126953,0.0646853,0.525788,0.484128,0.676043,0.691414,0.612419,0.59623,0.403077,0.197338,0.00233855,0,0,0,0,0,-0.0196915,-0.00953318,0.28792,0.76157,0.705977,0.425992,0.117188,0.0722656,1.17605
164,1.08594,0.107422,-0.179688,0.111816,0.0989209,0.539399,0.489174,0.670571,0.688956,0.489312,0.373756,0.25063,0.53736,0.00300266,0,0,0,0,0,-0.0300594,-0.0147043,0.70113,0.68005,0.968356,0.335757,0.0859375,0.107422,0.923397
165,1.10156,-0.0593262,-0.0859375,0.0893555,-0.0538564,0.478525,0.412066,0.621506,0.556068,0.554549,0.376473,0.23398,0.28749,0.00251463,0,0,0,0,0,0.00055815,0.000229995,0.0129248,0.681127,0.928954,0.357212,0.101562,-0.0593262,0.79798
166,1.07812,0.0181885,-0.0551758,0.057373,0.0168705,0.50673,0.441425,0.634203,0.597069,0.509979,0.405758,0.257333,0.230353,0.00240303,0,0,0,0,0,-0.0207846,-0.00917483,0.446561,0.687368,0.93294,0.347404,0.078125,0.0181885,0.904595
167,0.941406,0.00469971,0.109375,0.0727539,0.00499222,0.501992,0.379856,0.549902,0.446682,0.513444,0.375855,0.206683,0.405499,0.00274512,0,0,0,0,0,-0.00365993,-0.00139024,0.0848905,0.686676,0.916111,0.358632,-0.0585938,0.00469971,0.897435
168,1.08594,0.0500488,-0.118652,0.133789,0.0460881,0.51838,0.460488,0.64994,0.634471,0.599456,0.472773,0.307274,0.324389,0.0025867,0,0,0,0,0,-0.015872,-0.00730884,0.292674,0.703662,0.824544,0.406198,0.0859375,0.0500488,0.89142
169,1.04688,-0.0834961,0.165039,0.0703125,-0.0797575,0.468215,0.378051,0.58175,0.481356,0.496674,0.407983,0.237344,0.622401,0.00316875,0,0,0,0,0,0.00993456,0.00375577,0.212282,0.661289,0.941116,0.372782,0.046875,-0.0834961,0.884795
170,1.25,0.172852,0.0927734,0.0534668,0.138281,0.554991,0.587679,0.790005,0.969474,0.440071,0.618726,0.488796,0.401219,0.00273676,0,0,0,0,0,-0.0339948,-0.019978,0.478984,0.848743,0.570681,0.356106,0.25,0.172852,0.958782
171,0.964844,0.0300293,-0.445312,0.0654297,0.0311235,0.512414,0.401919,0.572373,0.48915,0.5077,0.38325,0.219362,1.74091,0.00535335,0,0,0,0,0,-0.00616751,-0.00247884,0.140292,0.676196,0.893271,0.388123,-0.0351562,0.0300293,0.793306
172,1.07031,0.108887,0.308594,0.0688477,0.101734,0.540516,0.483641,0.662021,0.67218,0.505091,0.398494,0.263811,1.1761,0.00425019,0,0,0,0,0,-0.0332388,-0.0160756,0.72716,0.68474,0.945066,0.343386,0.0703125,0.108887,0.888259
173,1.08594,0.0576172,-0.261719,0.135742,0.0530576,0.521157,0.464272,0.652627,0.64147,0.599119,0.551707,0.360059,0.710358,0.00334054,0,0,0,0,0,-0.00984222,-0.00456947,0.155522,0.684264,0.864097,0.400544,0.0859375,0.0576172,0.984261
174,1.20312,-0.0314941,-0.271484,0.106934,-0.0261769,0.489558,0.466709,0.68996,0.693862,0.620271,0.477522,0.329471,0.83021,0.00357463,0,0,0,0,0,-0.00933213,-0.00435539,0.170371,0.718668,0.772255,0.436307,0.203125,-0.0314941,1.2322
175,1.07812,-0.0578613,0.402344,0.0913086,-0.0536685,0.4786,0.4034,0.608349,0.53282,0.532731,0.461055,0.280482,1.3315,0.00455371,0,0,0,0,0,0.00741542,0.00299138,0.140214,0.683313,0.90702,0.368873,0.078125,-0.0578613,0.954437
176,0.964844,0.0603027,0.34375,0.0952148,0.0625,0.524918,0.417056,0.583101,0.513943,0.518334,0.33981,0.198144,1.11401,0.00412893,0,0,0,0,0,-0.0149464,-0.00623347,0.383448,0.683917,0.930664,0.352842,-0.0351562,0.0603027,0.854303
177,1.125,0.186523,-0.174805,0.164062,0.165799,0.565842,0.544389,0.722593,0.8185,0.507118,0.434229,0.313771,0.431567,0.00279603,0,0,0,0,0,-0.0392913,-0.0213898,0.788831,0.67641,0.967654,0.340052,0.125,0.186523,0.879745
178,1.05469,0.0805664,-0.271484,0.126953,0.0763889,0.530445,0.463215,0.642657,0.627577,0.543641,0.453439,0.291406,0.761944,0.0034413,0,0,0,0,0,-0.0205547,-0.00952125,0.395183,0.699653,0.848618,0.390723,0.0546875,0.0805664,0.929229
179,0.980469,-0.00497437,-0.400391,0.143555,-0.00507346,0.497976,0.390683,0.569322,0.47676,0.557978,0.447583,0.254818,1.05676,0.0040171,0,0,0,0,0,0.0155479,0.0060743,0.302835,0.662754,0.930133,0.378418,-0.0195312,-0.00497437,0.882381
180,1.125,0.217773,-0.0169678,0.116211,0.193576,0.576746,0.562878,0.732285,0.853072,0.486283,0.406408,0.297606,0.0497739,0.00205034,0,0,0,0,0,-0.0384614,-0.0216491,0.82503,0.692144,0.942716,0.33627,0.125,0.217773,0.989928
181,1.21875,0.165039,-0.217773,0.097168,0.135417,0.553859,0.571241,0.768957,0.917611,0.483066,0.56092,0.431323,0.698624,0.00331762,0,0,0,0,0,-0.0328688,-0.018776,0.510846,0.710442,0.845406,0.376963,0.21875,0.165039,1.00344
182,0.976562,0.0286865,-0.322266,0.0786133,0.029375,0.511717,0.405947,0.578725,0.499716,0.514896,0.362779,0.209949,1.14939,0.00419802,0,0,0,0,0,-0.0132538,-0.00538035,0.318498,0.663023,0.941067,0.370798,-0.0234375,0.0286865,0.878383
183,1.01562,0.0554199,-0.202148,0.0874023,0.0545673,0.521758,0.434978,0.610916,0.562424,0.467687,0.409464,0.250148,0.683768,0.00328861,0,0,0,0,0,-0.0125077,-0.00544056,0.266298,0.684972,0.906491,0.367128,0.015625,0.0554199,0.818751
184,0.972656,0.017334,-0.283203,0.0976562,0.0178213,0.507109,0.398704,0.572483,0.486702,0.543521,0.376631,0.215615,0.90625,0.00372314,0,0,0,0,0,-0.00904766,-0.00360734,0.209424,0.686506,0.911745,0.361682,-0.0273438,0.017334,0.829299
185,1.01562,0.0228271,-0.242188,0.0981445,0.022476,0.508966,0.418682,0.599422,0.534601,0.528354,0.439345,0.263353,0.77307,0.00346303,0,0,0,0,0,0.00324932,0.00136043,0.0644754,0.67398,0.913779,0.375967,0.015625,0.0228271,0.761117
186,1.07031,0.0500488,-0.277344,0.0771484,0.0467609,0.518648,0.454222,0.640844,0.616999,0.499226,0.370682,0.237549,0.998516,0.00390335,0,0,0,0,0,-0.0249598,-0.0113373,0.587012,0.698243,0.915106,0.345051,0.0703125,0.0500488,0.886308
187,1.05469,0.109375,-0.318359,0.0952148,0.103704,0.541298,0.47762,0.653116,0.654681,0.471659,0.383802,0.250667,1.03173,0.00396822,0,0,0,0,0,-0.0282021,-0.0134699,0.64059,0.676563,0.954466,0.347224,0.0546875,0.109375,0.828002
188,1.125,-0.0187988,0.120605,0.0649414,-0.0167101,0.493334,0.441728,0.648771,0.616028,0.464235,0.454088,0.294599,0.473267,0.00287747,0,0,0,0,0,0.00767048,0.00338827,0.147262,0.727671,0.83472,0.35905,0.125,-0.0187988,0.839959
189,1.03906,-0.0206299,0.0683594,0.0776367,-0.0198543,0.49208,0.406352,0.598101,0.522847,0.52964,0.399013,0.23865,0.245338,0.0024323,0,0,0,0,0,0.00400122,0.0016259,0.0874202,0.679388,0.924031,0.362424,0.0390625,-0.0206299,0.86929
190,1.03125,0.0127563,0.0480957,0.0495605,0.0123698,0.504935,0.419912,0.605016,0.54237,0.442535,0.28569,0.172847,0.216042,0.00237508,0,0,0,0,0,-0.0111312,-0.00467412,0.339667,0.671277,0.972455,0.342946,0.03125,0.0127563,0.788485
191,1.02344,0.0429688,-0.337891,0.0922852,0.0419847,0.516745,0.431885,0.611048,0.559904,0.564169,0.420522,0.256959,1.11227,0.00412553,0,0,0,0,0,-0.00336913,-0.00145508,0.0698451,0.6796,0.872714,0.399971,0.0234375,0.0429688,1.00617
192,1.14844,0.0634766,0.15918,0.131836,0.0552721,0.522039,0.492264,0.691093,0.719934,0.512661,0.419692,0.290046,0.4384,0.00280938,0,0,0,0,0,-0.0227005,-0.0111747,0.471533,0.675463,0.927209,0.365099,0.148438,0.0634766,0.892446
193,1.03906,0.0515137,0.00245667,0.136719,0.0495771,0.51977,0.442423,0.623171,0.58408,0.57212,0.511288,0.31862,0.00664403,0.0019661,0,0,0,0,0,-0.000977767,-0.000432587,0.0166716,0.675165,0.919801,0.370363,0.0390625,0.0515137,0.84793
194,1.14844,0.09375,0.201172,0.0510254,0.0816327,0.532531,0.507401,0.701956,0.750198,0.409429,0.454592,0.319104,0.890582,0.00369254,0,0,0,0,0,-0.0297246,-0.0150823,0.570034,0.721095,0.841617,0.363812,0.148438,0.09375,0.889666
195,1.04688,-0.0305176,0.425781,0.134766,-0.0291511,0.488372,0.404541,0.599303,0.522817,0.512727,0.364614,0.218514,1.15984,0.00421843,0,0,0,0,0,-0.0144077,-0.00582848,0.344483,0.685127,0.91364,0.362154,0.046875,-0.0305176,0.765654
196,1.0625,0.0415039,0.632812,0.0717773,0.0390625,0.51558,0.446817,0.633274,0.600681,0.511914,0.384559,0.243531,2.36201,0.00656642,0,0,0,0,0,-0.025241,-0.0112781,0.572203,0.686028,0.876892,0.387429,0.0625,0.0415039,0.830415
197,0.988281,-0.0212402,0.410156,0.0961914,-0.0214921,0.491427,0.385683,0.568321,0.47174,0.564172,0.408461,0.232137,1.32246,0.00453605,0,0,0,0,0,-0.000395725,-0.000152624,0.00844597,0.671538,0.956986,0.351358,-0.0117188,-0.0212402,0.990956
198,1.03125,0.0197754,0.273438,0.101074,0.0191761,0.50765,0.423421,0.607457,0.548289,0.537318,0.367314,0.223128,0.860078,0.00363296,0,0,0,0,0,-0.0128208,-0.0054286,0.304287,0.677622,0.914947,0.370613,0.03125,0.0197754,0.877143
199,1.01562,0.0603027,-0.105957,0.0761719,0.059375,0.523673,0.437419,0.612657,0.566684,0.528567,0.372562,0.228253,0.383913,0.00270295,0,0,0,0,0,-0.0172404,-0.0075413,0.403419,0.660624,0.957583,0.363118,0.015625,0.0603027,0.921077
200,1.07812,0.0512695,-0.151367,0.0615234,0.0475543,0.518964,0.457965,0.645825,0.626822,0.473776,0.406891,0.26278,0.610255,0.00314503,0,0,0,0,0,-0.0200005,-0.00915955,0.428519,0.696925,0.895759,0.35902,0.078125,0.0512695,0.912116
201,1.01562,0.0105591,-0.279297,0.0952148,0.0103966,0.504148,0.412548,0.595154,0.524404,0.548869,0.319631,0.190229,0.905136,0.00372097,0,0,0,0,0,-0.00554557,-0.00228781,0.151253,0.674683,0.966584,0.3425,0.015625,0.0105591,0.804455
202,1.14062,0.0368652,0.141602,0.0917969,0.0323202,0.512892,0.475826,0.677131,0.684916,0.546429,0.420175,0.284513,0.467363,0.00286594,0,0,0,0,0,-0.0264384,-0.0125801,0.548544,0.690006,0.928775,0.346768,0.140625,0.0368652,0.963319
203,1.13281,0.00622559,0.213867,0.104004,0.00549569,0.502192,0.457373,0.661904,0.647308,0.540871,0.445431,0.294832,0.663162,0.00324836,0,0,0,0,0,-0.00906385,-0.00414556,0.177394,0.68545,0.877461,0.387788,0.132812,0.00622559,0.922457
204,1.11719,0.160156,0.194336,0.113281,0.143357,0.556996,0.528073,0.708178,0.780377,0.515995,0.448689,0.317752,0.577396,0.00308085,0,0,0,0,0,-0.0323103,-0.0170622,0.627772,0.679559,0.943777,0.350047,0.117188,0.160156,0.932836
205,1.07031,0.0336914,0.369141,0.0595703,0.0314781,0.512556,0.446044,0.635073,0.602273,0.443081,0.334934,0.212707,1.51244,0.0049071,0,0,0,0,0,-0.0238308,-0.0106296,0.620277,0.68559,0.928546,0.35215,0.0703125,0.0336914,0.931783
206,1.14844,0.12793,-0.155273,0.105957,0.111395,0.544348,0.524491,0.714406,0.785467,0.494532,0.493911,0.352853,0.477015,0.0028848,0,0,0,0,0,-0.0243958,-0.0127954,0.430599,0.70212,0.907694,0.344772,0.148438,0.12793,1.12327
207,1.21094,0.0991211,-0.132812,0.0898438,0.0818548,0.532619,0.535149,0.740254,0.834361,0.491032,0.514112,0.380574,0.443093,0.00281854,0,0,0,0,0,-0.0172811,-0.00924796,0.293035,0.728979,0.840411,0.352865,0.210938,0.0991211,1.02552
208,1.04688,0.103027,-0.18457,0.233398,0.0984142,0.539198,0.471313,0.646256,0.639783,0.53672,0.329411,0.212884,0.382044,0.0026993,0,0,0,0,0,-0.0301481,-0.0142092,0.797865,0.670934,0.988975,0.334587,0.046875,0.103027,0.890017
209,1.11719,0.0776367,-0.0454102,0.074707,0.069493,0.527701,0.486813,0.677969,0.696629,0.455691,0.364102,0.24685,0.166139,0.00227762,0,0,0,0,0,-0.0223172,-0.0108643,0.534346,0.686815,0.927421,0.351379,0.117188,0.0776367,0.844753
210,1.0625,-0.00897217,-0.0130615,0.0507812,-0.00844439,0.496631,0.421579,0.615727,0.556848,0.447988,0.355911,0.219144,0.0579618,0.00206633,0,0,0,0,0,0.00348784,0.0014704,0.0854323,0.693861,0.899587,0.360421,0.0625,-0.00897217,0.851042
211,0.96875,0.00254822,-0.177734,0.136719,0.00263042,0.501049,0.389745,0.565084,0.471221,0.520096,0.349182,0.197317,0.480681,0.00289196,0,0,0,0,0,-0.0168763,-0.00657744,0.421338,0.684492,0.933763,0.350288,-0.03125,0.00254822,0.992102
212,1.10156,0.00113678,0.225586,0.105957,0.00103197,0.500412,0.442298,0.641948,0.607725,0.546736,0.441172,0.28321,0.693022,0.00330668,0,0,0,0,0,-0.00634495,-0.00280635,0.12538,0.689742,0.92411,0.349895,0.101562,0.00113678,0.838806
213,1.15625,0.186523,0.081543,0.102051,0.161318,0.564078,0.556921,0.740715,0.858819,0.40227,0.506696,0.375317,0.255257,0.00245167,0,0,0,0,0,-0.0430381,-0.0239688,0.740479,0.707862,0.896216,0.344607,0.15625,0.186523,1.01608
214,1.07031,0.0546875,-0.225586,0.109863,0.0510949,0.520375,0.456542,0.64249,0.621223,0.510527,0.352568,0.226521,0.68059,0.0032824,0,0,0,0,0,-0.0226998,-0.0103634,0.561288,0.687506,0.944601,0.340502,0.0703125,0.0546875,0.824396
215,1.13281,0.172852,0.155273,0.104492,0.152586,0.560638,0.540686,0.721989,0.81361,0.489277,0.42742,0.308593,0.480347,0.0028913,0,0,0,0,0,-0.0385566,-0.020847,0.786411,0.685637,0.956048,0.336269,0.132812,0.172852,0.951097
216,1.05469,-0.0532227,-0.0859375,0.0830078,-0.050463,0.479877,0.396321,0.596246,0.51258,0.521618,0.449733,0.268152,0.298279,0.0025357,0,0,0,0,0,0.0157071,0.00622504,0.304472,0.715145,0.86804,0.353331,0.0546875,-0.0532227,0.836847
217,1.1875,0.0483398,-0.451172,0.111816,0.0407072,0.516235,0.50036,0.708466,0.752284,0.525472,0.505378,0.358043,1.34924,0.00458836,0,0,0,0,0,-0.0194586,-0.00973632,0.335662,0.739806,0.756656,0.410475,0.1875,0.0483398,0.936774
218,1.14062,0.0864258,0.376953,0.0849609,0.0757705,0.530199,0.500606,0.694768,0.733309,0.508255,0.460938,0.320245,1.29324,0.00447898,0,0,0,0,0,-0.0289503,-0.0144927,0.547543,0.690436,0.856737,0.397716,0.140625,0.0864258,0.792956
219,1.07031,0.0737305,0.150391,0.057373,0.0688869,0.52746,0.466063,0.64929,0.638792,0.494534,0.341233,0.221559,0.627866,0.00317943,0,0,0,0,0,-0.0244531,-0.0113967,0.624727,0.668633,0.963182,0.350981,0.0703125,0.0737305,0.833172
220,1.07812,0.0132446,-0.239258,0.0668945,0.0122849,0.504901,0.438953,0.632485,0.592717,0.412818,0.412584,0.260953,0.925062,0.00375989,0,0,0,0,0,0.000854166,0.000374939,0.0180483,0.69969,0.83663,0.401296,0.078125,0.0132446,0.864463
221,1.07812,0.117188,0.0299072,0.108887,0.108696,0.543278,0.490924,0.6696,0.689371,0.510391,0.36624,0.245234,0.0906335,0.00213014,0,0,0,0,0,-0.0281449,-0.013817,0.669946,0.683763,0.944522,0.344811,0.078125,0.117188,0.865492
222,1.07031,0.118164,0.369141,0.0795898,0.110401,0.543955,0.48828,0.665417,0.681197,0.506621,0.359269,0.239064,1.30847,0.00450873,0,0,0,0,0,-0.0302651,-0.0147778,0.734395,0.686188,0.928216,0.351641,0.0703125,0.118164,1.05299
223,1.05469,-0.00738525,0.416016,0.0727539,-0.00700231,0.497207,0.41924,0.61172,0.549963,0.425938,0.334081,0.204364,1.54234,0.00496552,0,0,0,0,0,-0.00850667,-0.00356633,0.22198,0.69343,0.902699,0.358906,0.0546875,-0.00738525,0.853369
224,1.13281,0.170898,-0.194336,0.164062,0.150862,0.559958,0.53971,0.721258,0.8115,0.506196,0.433253,0.312487,0.479787,0.00289021,0,0,0,0,0,-0.0371651,-0.0200584,0.747826,0.678865,0.965798,0.338403,0.132812,0.170898,0.864645
225,1.00781,0.0756836,-0.554688,0.0922852,0.0750969,0.529931,0.441977,0.613625,0.57188,0.44935,0.411954,0.252785,1.82592,0.00551938,0,0,0,0,0,-0.0183527,-0.00811145,0.388381,0.681993,0.885928,0.385945,0.0078125,0.0756836,0.917243
226,1.125,0.155273,-0.150391,0.0996094,0.138021,0.554888,0.528764,0.710895,0.784964,0.387777,0.418704,0.297655,0.476509,0.00288381,0,0,0,0,0,-0.0399826,-0.0211414,0.832475,0.675163,0.951804,0.350326,0.125,0.155273,1.07743
227,1.17188,0.103516,-0.330078,0.0664062,0.0883333,0.535194,0.521682,0.719124,0.789292,0.49259,0.485635,0.349232,1.28089,0.00445487,0,0,0,0,0,-0.0266487,-0.0139021,0.478379,0.732511,0.843605,0.345367,0.171875,0.103516,0.964461
228,1.07031,0.00393677,0.259766,0.0849609,0.00367815,0.501467,0.431166,0.624714,0.576171,0.532701,0.373261,0.233181,0.891194,0.00369374,0,0,0,0,0,-0.0106738,-0.00460219,0.249295,0.679568,0.938009,0.353481,0.0703125,0.00393677,0.740133
229,1.07031,-0.0181885,-0.341797,0.0898438,-0.0169936,0.493221,0.420104,0.61713,0.557337,0.572803,0.464475,0.286642,1.14031,0.0041803,0,0,0,0,0,0.00152999,0.000642754,0.0287166,0.672927,0.91659,0.375325,0.0703125,-0.0181885,1.01509
230,1.03906,0.00738525,-0.291016,0.0898438,0.00710761,0.502836,0.420359,0.607705,0.546007,0.541542,0.445473,0.270716,0.970895,0.0038494,0,0,0,0,0,0.00136152,0.000572328,0.0266446,0.6964,0.890402,0.363345,0.0390625,0.00738525,0.923754
231,1.13281,0.131836,-0.045166,0.0942383,0.116379,0.546324,0.520178,0.706762,0.770098,0.492102,0.501655,0.354551,0.147129,0.00224049,0,0,0,0,0,-0.0272466,-0.0141731,0.473494,0.702397,0.901959,0.34798,0.132812,0.131836,1.0874
232,1.15625,0.103027,0.119629,0.0722656,0.0891047,0.535501,0.515173,0.70986,0.769303,0.469213,0.482608,0.342584,0.44501,0.00282229,0,0,0,0,0,-0.0280849,-0.0144685,0.507323,0.736843,0.822205,0.354276,0.15625,0.103027,0.900188
233,1.14844,0.0402832,-0.851562,0.162109,0.0350765,0.513991,0.480668,0.682882,0.697369,0.743836,0.531559,0.362992,2.11501,0.006084,0,0,0,0,0,-0.00545416,-0.00262164,0.0894506,0.722178,0.729183,0.498424,0.148438,0.0402832,1.17726
234,1.05469,-0.0537109,-0.597656,0.0693359,-0.0509259,0.479692,0.396077,0.596084,0.512193,0.554095,0.432355,0.25772,2.26972,0.00638617,0,0,0,0,0,0.0141878,0.00561944,0.286075,0.672982,0.92432,0.369999,0.0546875,-0.0537109,0.926131
235,1,0.0693359,-0.445312,0.209961,0.0693359,0.527639,0.43567,0.606797,0.558011,0.646821,0.521811,0.316634,0.971842,0.00385125,0,0,0,0,0,-0.000697588,-0.000303919,0.0116545,0.673293,0.870864,0.410725,0,0.0693359,0.873701
236,1.02344,0.0148315,0.0397949,0.0683594,0.0144919,0.505781,0.417817,0.601186,0.535996,0.539995,0.362523,0.217944,0.152205,0.0022504,0,0,0,0,0,-0.0102152,-0.00426806,0.24565,0.677863,0.948185,0.349392,0.0234375,0.0148315,0.889775
237,1.03906,0.0358887,-0.193359,0.0805664,0.0345395,0.513777,0.434611,0.617649,0.570377,0.548194,0.379614,0.234468,0.681221,0.00328364,0,0,0,0,0,-0.00954477,-0.00414826,0.219195,0.694058,0.923018,0.345368,0.0390625,0.0358887,0.925909
238,1.03906,0.0213623,-0.0373535,0.0791016,0.0205592,0.508201,0.427348,0.61256,0.557856,0.495505,0.338693,0.20747,0.132812,0.00221252,0,0,0,0,0,-0.0110565,-0.00472496,0.284589,0.679145,0.936852,0.354675,0.0390625,0.0213623,0.898765
239,1.10156,-0.0698242,0.289062,0.0786133,-0.0633865,0.474729,0.406817,0.618038,0.547471,0.536697,0.443097,0.273851,1.03096,0.00396673,0,0,0,0,0,0.0119542,0.00486315,0.235194,0.697182,0.913257,0.347482,0.101562,-0.0698242,1.00774
240,0.992188,-0.0610352,0.151367,0.0810547,-0.0615157,0.475474,0.367352,0.557284,0.445513,0.525006,0.40601,0.226263,0.531671,0.00299154,0,0,0,0,0,-0.000529666,-0.000194574,0.0113729,0.684471,0.935522,0.34926,-0.0078125,-0.0610352,0.794535
241,1.02344,-0.0581055,-0.345703,0.0966797,-0.0567748,0.477362,0.381348,0.576438,0.477707,0.592594,0.443478,0.255638,1.11182,0.00412465,0,0,0,0,0,0.00816074,0.00311208,0.160422,0.680842,0.934166,0.354329,0.0234375,-0.0581055,0.932655
242,1.07031,-0.0786133,0.0217285,0.157227,-0.0734489,0.470724,0.389891,0.596974,0.508393,0.556677,0.508345,0.303469,0.0547983,0.00206015,0,0,0,0,0,0.0192382,0.00750079,0.329923,0.671597,0.953518,0.353319,0.0703125,-0.0786133,1.01228
243,1.03125,0.0351562,-0.133789,0.0622559,0.0340909,0.513598,0.431112,0.612842,0.561433,0.508887,0.350593,0.214858,0.536205,0.0030004,0,0,0,0,0,-0.0124947,-0.00538662,0.310692,0.689172,0.940609,0.340856,0.03125,0.0351562,0.838986
244,1.07031,0.0795898,-0.335938,0.100098,0.0743613,0.529639,0.468993,0.651396,0.644271,0.533108,0.388124,0.252823,1.06181,0.00402697,0,0,0,0,0,-0.0214641,-0.0100665,0.482113,0.679667,0.930865,0.357754,0.0703125,0.0795898,0.791212
245,1.03125,0.0410156,0.0634766,0.116699,0.0397727,0.515863,0.434041,0.614907,0.566502,0.486876,0.422954,0.260077,0.185814,0.00231604,0,0,0,0,0,-0.00272347,-0.0011821,0.0561354,0.691454,0.892266,0.368579,0.03125,0.0410156,0.89514
246,1.0625,0.0922852,0.0512695,0.102539,0.0868566,0.534607,0.472208,0.651437,0.64735,0.456787,0.387971,0.252739,0.160109,0.00226584,0,0,0,0,0,-0.0228991,-0.0108131,0.514547,0.689486,0.905487,0.362073,0.0625,0.0922852,0.932439
247,0.890625,-0.0678711,0.494141,0.146484,-0.0762061,0.469628,0.323207,0.495951,0.35043,0.500899,0.262062,0.12997,1.29109,0.00447478,0,0,0,0,0,-0.000951842,-0.000307642,0.0316642,0.686128,0.945898,0.341336,-0.109375,-0.0678711,0.832206
248,1.03125,0.0200195,0.114258,0.15332,0.0194129,0.507744,0.423543,0.607542,0.548496,0.566572,0.403189,0.244954,0.291801,0.00252305,0,0,0,0,0,-0.0100018,-0.00423622,0.216261,0.666664,0.950893,0.360437,0.03125,0.0200195,0.87173
249,1.03906,-0.0427246,0.298828,0.0742188,-0.0411184,0.483601,0.395304,0.590651,0.505134,0.488528,0.430749,0.254422,1.09689,0.0040955,0,0,0,0,0,-0.00864009,-0.00341546,0.174864,0.667362,0.928726,0.373835,0.0390625,-0.0427246,0.794633
250,1.09375,0.111816,0.112793,0.078125,0.102232,0.540714,0.494505,0.676717,0.702481,0.528807,0.412874,0.279399,0.40354,0.00274129,0,0,0,0,0,-0.0255328,-0.0126261,0.539123,0.692439,0.922339,0.347726,0.09375,0.111816,0.920046
251,1.03906,0.0432129,0.335938,0.0874023,0.0415883,0.516587,0.438273,0.620231,0.57677,0.482653,0.360602,0.223657,1.13631,0.00417248,0,0,0,0,0,-0.0154729,-0.00678136,0.374068,0.687432,0.92637,0.351283,0.0390625,0.0432129,0.827453
252,1.14844,0.158203,-0.777344,0.111328,0.137755,0.554783,0.539628,0.725592,0.817682,0.549092,0.459094,0.333115,2.32976,0.00650343,0,0,0,0,0,-0.0370301,-0.0199825,0.703168,0.703743,0.862338,0.373583,0.148438,0.158203,0.921838
253,1.03906,0.078125,-0.474609,0.0712891,0.075188,0.529967,0.455729,0.632687,0.607981,0.54621,0.490319,0.310218,1.77756,0.00542493,0,0,0,0,0,-0.00885723,-0.00403649,0.15748,0.683538,0.861822,0.403607,0.0390625,0.078125,0.931396
254,1.08594,0.0603027,-0.0986328,0.122559,0.0555306,0.522142,0.465615,0.653583,0.643968,0.507238,0.368736,0.241,0.281741,0.0025034,0,0,0,0,0,-0.0164466,-0.00765777,0.388836,0.675975,0.939317,0.356858,0.0859375,0.0603027,0.805401
255,1.05469,0.0324707,-0.198242,0.0649414,0.030787,0.51228,0.439168,0.625546,0.584176,0.453271,0.409318,0.256047,0.777921,0.0034725,0,0,0,0,0,-0.0118954,-0.00522409,0.253353,0.687331,0.910562,0.361429,0.0546875,0.0324707,0.79593
256,1.03906,-0.0397949,-0.566406,0.0874023,-0.0382989,0.484725,0.396769,0.591633,0.507455,0.553977,0.40932,0.242167,1.91587,0.00569506,0,0,0,0,0,-0.00119611,-0.000474579,0.025475,0.671622,0.922148,0.373118,0.0390625,-0.0397949,0.908877
257,1.04688,0.103516,-0.00823975,0.0766602,0.0988806,0.539383,0.471557,0.646434,0.640243,0.494417,0.350846,0.226799,0.0297597,0.00201125,0,0,0,0,0,-0.025676,-0.0121077,0.637995,0.68446,0.955612,0.33781,0.046875,0.103516,0.969739
258,1.02344,0.050293,-0.170898,0.0612793,0.0491412,0.519597,0.435547,0.613642,0.566257,0.479915,0.402056,0.246718,0.690369,0.0033015,0,0,0,0,0,-0.0112695,-0.00490839,0.244356,0.698598,0.897913,0.35543,0.0234375,0.050293,0.960064
259,1.09375,0.0688477,-0.25,0.0703125,0.0629464,0.525095,0.47302,0.66118,0.660907,0.48478,0.432869,0.286205,0.942809,0.00379455,0,0,0,0,0,-0.0149194,-0.00705719,0.300471,0.698088,0.912854,0.346612,0.09375,0.0688477,0.873158
260,1.02344,-0.00241089,0.186523,0.107422,-0.00235568,0.49906,0.409195,0.595227,0.521736,0.546872,0.376255,0.223957,0.569098,0.00306464,0,0,0,0,0,-0.0108395,-0.00443547,0.25115,0.679683,0.957741,0.341919,0.0234375,-0.00241089,0.873274
261,1.00781,-0.0136719,-0.00933838,0.09375,-0.0135659,0.494588,0.397299,0.582271,0.496886,0.53312,0.478486,0.278608,0.030499,0.00201269,0,0,0,0,0,0.00611857,0.0024309,0.111478,0.690117,0.866127,0.390272,0.0078125,-0.0136719,0.77953
262,1.09375,0.138672,0.128906,0.132812,0.126786,0.550445,0.507932,0.68659,0.729401,0.541251,0.371113,0.254802,0.353716,0.00264398,0,0,0,0,0,-0.0345672,-0.0175578,0.812017,0.672901,0.985381,0.334404,0.09375,0.138672,0.943464
263,1.11719,0.161133,-0.148438,0.114258,0.144231,0.557341,0.528561,0.708542,0.781409,0.479154,0.423222,0.299871,0.439138,0.00281082,0,0,0,0,0,-0.0299456,-0.0158281,0.616839,0.689171,0.925351,0.349825,0.117188,0.161133,0.819101
264,1.14844,0.139648,-0.0500488,0.0791016,0.121599,0.548392,0.53035,0.718719,0.797829,0.425569,0.466856,0.335538,0.177951,0.00230069,0,0,0,0,0,-0.0313434,-0.016623,0.585288,0.706812,0.882252,0.355041,0.148438,0.139648,0.821903
265,1.00781,0.0297852,-0.191406,0.114746,0.0295543,0.511789,0.419028,0.597308,0.532361,0.540941,0.299261,0.178751,0.56505,0.00305674,0,0,0,0,0,-0.0191048,-0.00800542,0.556543,0.674831,0.973952,0.338358,0.0078125,0.0297852,0.992462
266,1.09375,0.144531,0.259766,0.0834961,0.132143,0.552564,0.510862,0.68876,0.735371,0.462098,0.376726,0.259474,0.898977,0.00370894,0,0,0,0,0,-0.0336388,-0.0171848,0.778434,0.681425,0.96045,0.338514,0.09375,0.144531,0.844542
267,1.10938,-0.0378418,0.0849609,0.0751953,-0.0341109,0.486394,0.425941,0.633228,0.582404,0.521242,0.421984,0.267212,0.30983,0.00255826,0,0,0,0,0,0.0100093,0.00426338,0.206783,0.681706,0.946159,0.346209,0.109375,-0.0378418,0.877725
268,1.00781,0.0273438,0.126953,0.117676,0.0271318,0.510823,0.417807,0.596452,0.530318,0.538872,0.342075,0.204031,0.370084,0.00267594,0,0,0,0,0,-0.0172326,-0.0071999,0.439174,0.687052,0.952686,0.336528,0.0078125,0.0273438,0.824318
269,1.07812,0.081543,0.134766,0.0683594,0.0756341,0.530145,0.473102,0.656645,0.655008,0.459708,0.432055,0.283707,0.515442,0.00295985,0,0,0,0,0,-0.0250442,-0.0118484,0.505329,0.718111,0.854895,0.358379,0.078125,0.081543,0.961376
270,1.07031,0.0634766,-0.034668,0.0883789,0.0593066,0.523646,0.460936,0.64562,0.629287,0.527803,0.421945,0.272416,0.116615,0.00218089,0,0,0,0,0,-0.0183004,-0.0084353,0.378103,0.698408,0.868502,0.376496,0.0703125,0.0634766,0.978941
271,1.05469,-0.0203857,-0.316406,0.0800781,-0.0193287,0.492289,0.412739,0.607284,0.539147,0.524997,0.446319,0.271042,1.11812,0.00413695,0,0,0,0,0,0.00464678,0.00191791,0.0907639,0.671739,0.928389,0.368801,0.0546875,-0.0203857,0.903896
272,0.996094,0.101074,0.00231934,0.0869141,0.101471,0.540412,0.449973,0.616019,0.581955,0.540533,0.393479,0.24239,0.00786717,0.00196849,0,0,0,0,0,-0.0255771,-0.011509,0.566679,0.682789,0.935626,0.351163,-0.00390625,0.101074,0.960219
273,1.02344,0.0568848,-0.112793,0.15918,0.0555821,0.522163,0.438843,0.615985,0.572021,0.640637,0.493737,0.304135,0.282708,0.00250529,0,0,0,0,0,-0.00274275,-0.00120364,0.0484282,0.668668,0.917959,0.37966,0.0234375,0.0568848,0.900421
274,1.07031,0.057373,-0.0541992,0.0795898,0.053604,0.521375,0.457884,0.643445,0.623679,0.517556,0.354179,0.227895,0.192116,0.00232835,0,0,0,0,0,-0.0184927,-0.00846754,0.455182,0.688342,0.945505,0.339044,0.0703125,0.057373,0.865995
275,0.992188,-0.0419922,0.0288086,0.097168,-0.0423228,0.483121,0.376873,0.563606,0.459685,0.556777,0.381617,0.215081,0.0924188,0.00213363,0,0,0,0,0,0.010831,0.00408191,0.247427,0.673332,0.935112,0.362565,-0.0078125,-0.0419922,0.896759
276,1.07812,0.0507812,-0.163086,0.0493164,0.0471014,0.518784,0.457721,0.645652,0.626375,0.441677,0.367441,0.237239,0.73438,0.00338746,0,0,0,0,0,-0.020356,-0.00931739,0.482961,0.686882,0.935614,0.346394,0.078125,0.0507812,0.882467
277,1.09375,0.0505371,-0.628906,0.0683594,0.0462054,0.518427,0.463865,0.654661,0.643752,0.527221,0.42014,0.27505,2.4054,0.00665117,0,0,0,0,0,-0.0149087,-0.00691562,0.309352,0.691542,0.920216,0.350103,0.09375,0.0505371,0.969616
278,1.08594,0.0649414,0.117188,0.11377,0.0598022,0.523843,0.467934,0.655237,0.648298,0.516335,0.467565,0.306366,0.347431,0.0026317,0,0,0,0,0,-0.00868295,-0.00406305,0.161895,0.688975,0.873457,0.386,0.0859375,0.0649414,1.06424
279,1.13281,-0.0057373,-0.0483398,0.0717773,-0.00506466,0.49798,0.451392,0.657785,0.636436,0.514639,0.419878,0.27619,0.180431,0.00230553,0,0,0,0,0,0.00337121,0.00152174,0.0699954,0.682067,0.93596,0.351806,0.132812,-0.0057373,0.755008
280,0.972656,-0.0314941,-0.306641,0.172852,-0.0323795,0.487085,0.37429,0.555756,0.448958,0.529837,0.414889,0.230577,0.737553,0.00339366,0,0,0,0,0,0.00566623,0.00212082,0.119061,0.659758,0.904516,0.401098,-0.0273438,-0.0314941,1.06908
281,1.01562,-0.0279541,-0.714844,0.131836,-0.027524,0.489021,0.393291,0.581971,0.493368,0.605336,0.443986,0.258387,1.96877,0.00579837,0,0,0,0,0,-0.00142381,-0.000559972,0.0279569,0.669116,0.897696,0.394134,0.015625,-0.0279541,1.01075
282,1.07031,-0.0771484,0.177734,0.122559,-0.0720803,0.471269,0.390624,0.597453,0.509536,0.524339,0.433588,0.259048,0.507691,0.00294471,0,0,0,0,0,-0.000914574,-0.000357254,0.0183886,0.676976,0.889709,0.38983,0.0703125,-0.0771484,0.844591
283,1.11719,0.15332,-0.0233154,0.0844727,0.137238,0.554579,0.524655,0.705633,0.773181,0.522993,0.417876,0.294867,0.0802205,0.00210981,0,0,0,0,0,-0.0354389,-0.0185932,0.739334,0.672241,0.958906,0.349473,0.117188,0.15332,0.915027
284,1.64844,0.180664,-0.0441895,0.0549316,0.109597,0.543636,0.751359,1.02435,1.61384,0.428269,1.04401,1.06944,0.188542,0.00232137,0,0,0,0,0,-0.0341426,-0.0256534,0.2851,0.878306,0.485148,0.402743,0.648438,0.180664,1.97233
285,1.17188,0.161133,0.0874023,0.142578,0.1375,0.554682,0.550491,0.740289,0.851068,0.598497,0.525571,0.389075,0.231471,0.00240522,0,0,0,0,0,-0.038937,-0.0214345,0.645858,0.684825,0.941078,0.345584,0.171875,0.161133,0.970396
286,1.09375,0.104004,0.0668945,0.162109,0.0950893,0.537878,0.490598,0.673868,0.694784,0.538004,0.361828,0.243824,0.166145,0.00227763,0,0,0,0,0,-0.0319811,-0.0156899,0.770544,0.683073,0.958599,0.337712,0.09375,0.104004,0.897756
287,1.10938,0.167969,-0.335938,0.122559,0.151408,0.560173,0.528846,0.706562,0.778909,0.474769,0.399655,0.282381,0.959592,0.00382733,0,0,0,0,0,-0.0374744,-0.0198182,0.817441,0.690773,0.940883,0.338863,0.109375,0.167969,0.878431
288,1.14062,-0.0913086,-0.558594,0.129883,-0.0800514,0.468098,0.411739,0.633738,0.571153,0.616014,0.566299,0.358885,1.54996,0.00498039,0,0,0,0,0,0.0205218,0.00844964,0.31592,0.681143,0.807948,0.466283,0.140625,-0.0913086,0.923503
289,1.09375,-0.0476074,-0.0976562,0.0766602,-0.0435268,0.482641,0.414793,0.620857,0.557517,0.480806,0.407376,0.252922,0.352708,0.00264201,0,0,0,0,0,0.00660717,0.0027406,0.141393,0.680544,0.923691,0.361245,0.09375,-0.0476074,0.830776
290,1.15625,0.109375,0.349609,0.119141,0.0945946,0.537682,0.518346,0.712166,0.775864,0.556307,0.444361,0.316459,1.01287,0.00393138,0,0,0,0,0,-0.0203128,-0.010529,0.398511,0.735378,0.831711,0.349504,0.15625,0.109375,0.992314
291,1.03906,0.0942383,0.523438,0.0742188,0.0906955,0.536133,0.463786,0.638514,0.622798,0.48408,0.366629,0.234098,1.92136,0.00570577,0,0,0,0,0,-0.0191772,-0.0088941,0.456,0.692139,0.904834,0.359142,0.0390625,0.0942383,0.791324
292,1.125,-0.0952148,0.0218506,0.0610352,-0.0846354,0.466276,0.40352,0.623385,0.551437,0.495373,0.491225,0.306222,0.088445,0.00212587,0,0,0,0,0,0.0199854,0.00806451,0.354682,0.71303,0.858111,0.363373,0.125,-0.0952148,0.952031
293,1.10156,0.138672,-0.308594,0.0917969,0.125887,0.550089,0.511065,0.691128,0.738846,0.493253,0.400438,0.276754,1.01853,0.00394244,0,0,0,0,0,-0.0297158,-0.0151867,0.646932,0.696452,0.925516,0.341029,0.101562,0.138672,0.832917
294,1.11719,-0.0559082,0.365234,0.0869141,-0.0500437,0.480044,0.420041,0.631735,0.575524,0.530983,0.495976,0.313325,1.23887,0.0043728,0,0,0,0,0,0.0128029,0.00537772,0.225037,0.668293,0.902618,0.391409,0.117188,-0.0559082,0.927954
295,1.05469,0.0274658,-0.0395508,0.0981445,0.0260417,0.510388,0.436665,0.623792,0.579792,0.509322,0.392178,0.244638,0.126247,0.0021997,0,0,0,0,0,-0.0208693,-0.00911288,0.463906,0.693614,0.925008,0.344714,0.0546875,0.0274658,0.844185
296,1.03906,0.0737305,0.00215149,0.0751953,0.0709586,0.528285,0.453532,0.631106,0.603986,0.481641,0.338394,0.213562,0.00784592,0.00196845,0,0,0,0,0,-0.0254223,-0.0115298,0.654935,0.686026,0.939572,0.345074,0.0390625,0.0737305,0.957035
297,1.13281,0.0264893,0.0480957,0.0673828,0.0233836,0.509328,0.467505,0.668945,0.666049,0.519422,0.450171,0.30114,0.185281,0.002315,0,0,0,0,0,-0.0125819,-0.00588209,0.243655,0.686637,0.923547,0.353978,0.132812,0.0264893,1.0271
298,0.953125,0.00180054,0.267578,0.130859,0.00188909,0.500754,0.383106,0.555726,0.455602,0.564928,0.383731,0.21325,0.739687,0.00339783,0,0,0,0,0,0.00410508,0.00157268,0.0932614,0.67749,0.938887,0.355362,-0.046875,0.00180054,0.81523
299,1.11719,0.155273,-0.248047,0.10791,0.138986,0.555269,0.525632,0.70636,0.775232,0.467676,0.405309,0.286294,0.755097,0.00342792,0,0,0,0,0,-0.0320591,-0.0168513,0.689561,0.67322,0.946765,0.355505,0.117188,0.155273,0.846008
300,1.08594,0.141602,-0.217773,0.115723,0.130396,0.551873,0.506264,0.683137,0.72298,0.489977,0.383021,0.261656,0.640171,0.00320346,0,0,0,0,0,-0.0361147,-0.0182836,0.821994,0.676194,0.97508,0.336316,0.0859375,0.141602,0.890082
301,1.13281,0.121582,-0.396484,0.130859,0.107328,0.542735,0.515052,0.702997,0.759483,0.542229,0.42522,0.298929,1.09603,0.00409381,0,0,0,0,0,-0.0323899,-0.0166825,0.664053,0.688934,0.911443,0.35885,0.132812,0.121582,1.02084
302,1.11719,-0.100586,0.263672,0.081543,-0.090035,0.46413,0.397702,0.617108,0.538989,0.523862,0.452514,0.27925,0.923359,0.00375656,0,0,0,0,0,0.0213402,0.00848703,0.411124,0.687191,0.896063,0.371506,0.117188,-0.100586,0.798589
303,1.05469,0.0258789,-0.208984,0.117188,0.024537,0.509788,0.435872,0.623236,0.578408,0.546367,0.358173,0.223226,0.610482,0.00314547,0,0,0,0,0,-0.0186831,-0.00814341,0.454739,0.677727,0.910092,0.373826,0.0546875,0.0258789,0.832439
304,0.984375,0.0629883,0.143555,0.0922852,0.0639881,0.52551,0.426231,0.595429,0.536208,0.518449,0.411716,0.245148,0.472554,0.00287608,0,0,0,0,0,-0.0157543,-0.00671497,0.333586,0.679298,0.954921,0.343922,-0.015625,0.0629883,0.941547
305,1.13281,0.0432129,-0.347656,0.114258,0.0381466,0.515215,0.475867,0.674816,0.681826,0.528787,0.40757,0.275035,1.02851,0.00396193,0,0,0,0,0,-0.0258557,-0.0123039,0.553045,0.700048,0.845971,0.392392,0.132812,0.0432129,0.975873
306,0.980469,0.0301514,0.0717773,0.0810547,0.030752,0.512266,0.408246,0.581514,0.504823,0.534079,0.33508,0.194854,0.252115,0.00244554,0,0,0,0,0,-0.015985,-0.00652581,0.415882,0.684748,0.936712,0.348231,-0.0195312,0.0301514,0.815073
307,1.00781,0.000197411,-0.0402832,0.0722656,0.00019588,0.500078,0.404234,0.587024,0.508003,0.495293,0.370788,0.217662,0.14985,0.0022458,0,0,0,0,0,-0.00410318,-0.00165865,0.0964721,0.686109,0.936311,0.346885,0.0078125,0.000197411,0.863878
308,1.02344,-0.00448608,0.0407715,0.074707,-0.00438335,0.498251,0.408158,0.594514,0.52004,0.510549,0.416081,0.247366,0.149168,0.00224447,0,0,0,0,0,-0.00241892,-0.000987301,0.0506817,0.702529,0.87729,0.364274,0.0234375,-0.00448608,0.884357
309,1.00781,0.0174561,-0.206055,0.0771484,0.0173207,0.50691,0.412863,0.593,0.522105,0.486061,0.391709,0.232283,0.741855,0.00340206,0,0,0,0,0,-0.00164318,-0.000678409,0.0365703,0.692563,0.901992,0.360482,0.0078125,0.0174561,0.729639
310,1.03906,-0.0284424,0.0539551,0.0654297,-0.0273731,0.489081,0.402445,0.595454,0.516528,0.495052,0.379443,0.225941,0.210933,0.0023651,0,0,0,0,0,0.00855952,0.00344474,0.196657,0.689703,0.906783,0.36094,0.0390625,-0.0284424,0.831499
311,1.07031,0.045166,-0.0466309,0.0654297,0.0421989,0.51683,0.451781,0.639116,0.612575,0.496258,0.400805,0.256161,0.1823,0.00230918,0,0,0,0,0,-0.0159896,-0.00722381,0.347786,0.689127,0.917336,0.35484,0.0703125,0.045166,0.757282
312,1.03125,0.0229492,-0.162109,0.0874023,0.0222538,0.508877,0.425008,0.608564,0.550982,0.530653,0.393454,0.239442,0.548336,0.00302409,0,0,0,0,0,-0.00888404,-0.00377579,0.196845,0.677035,0.942365,0.353784,0.03125,0.0229492,0.869554
313,1.02344,-0.0257568,0.0510254,0.125,-0.025167,0.489961,0.397522,0.587264,0.502903,0.496746,0.310414,0.182295,0.144322,0.002235,0,0,0,0,0,-0.00300357,-0.00119399,0.0843535,0.672297,0.974934,0.340521,0.0234375,-0.0257568,1.01629
314,1.03906,0.0126343,-0.388672,0.0708008,0.0121593,0.504851,0.422984,0.609523,0.550434,0.507089,0.407031,0.248095,1.46071,0.00480607,0,0,0,0,0,-0.00530745,-0.00224496,0.113675,0.685609,0.872703,0.391382,0.0390625,0.0126343,0.873021
315,1.05469,-0.0284424,0.21875,0.124023,-0.0269676,0.489243,0.408711,0.604553,0.532529,0.561414,0.423528,0.256045,0.62115,0.00316631,0,0,0,0,0,-0.00346219,-0.00141503,0.0712648,0.68216,0.926039,0.357804,0.0546875,-0.0284424,0.826127
316,1.0625,0.0446777,0.185547,0.0693359,0.0420496,0.51677,0.448404,0.634394,0.603522,0.507093,0.347702,0.22058,0.704652,0.0033294,0,0,0,0,0,-0.0184678,-0.00828102,0.463036,0.679742,0.909512,0.371681,0.0625,0.0446777,0.725892
317,1.09375,0.108398,-0.199219,0.0834961,0.0991071,0.539473,0.492796,0.675469,0.699106,0.479639,0.446226,0.301412,0.689441,0.00329969,0,0,0,0,0,-0.0188093,-0.00926912,0.367471,0.696525,0.897074,0.358661,0.09375,0.108398,1.01967
318,0.925781,-0.0859375,-0.492188,0.124023,-0.092827,0.46302,0.328272,0.510548,0.368421,0.581795,0.374684,0.191294,1.39759,0.00468279,0,0,0,0,0,0.0266786,0.00875783,0.620733,0.670794,0.962587,0.34896,-0.0742188,-0.0859375,0.976756
319,1.0625,0.0461426,-0.060791,0.10498,0.0434283,0.51732,0.449136,0.634912,0.604837,0.44843,0.375479,0.238396,0.187623,0.00231958,0,0,0,0,0,-0.0287146,-0.0128968,0.666689,0.684791,0.926502,0.354362,0.0625,0.0461426,0.872729
320,0.980469,0.0549316,-0.283203,0.12207,0.0560259,0.522339,0.420636,0.590278,0.525363,0.551637,0.436008,0.257366,0.810575,0.00353628,0,0,0,0,0,-0.0165488,-0.00696103,0.330886,0.688266,0.876642,0.384493,-0.0195312,0.0549316,0.841347
321,1.14844,-0.0415039,-0.0795898,0.110352,-0.0361395,0.485586,0.439774,0.654742,0.622088,0.518254,0.466393,0.305367,0.23959,0.00242107,0,0,0,0,0,-0.000581239,-0.000255614,0.0108645,0.685431,0.909599,0.364452,0.148438,-0.0415039,0.80876
322,1.08594,-0.00408936,0.0957031,0.0561523,-0.00376574,0.498498,0.433419,0.631051,0.586077,0.471165,0.435706,0.274953,0.403871,0.00274193,0,0,0,0,0,-0.00269353,-0.00116743,0.0538933,0.683644,0.888949,0.381406,0.0859375,-0.00408936,0.916313
323,1.04688,-0.0800781,-0.22168,0.103027,-0.0764925,0.469514,0.37976,0.582862,0.483946,0.509486,0.567614,0.330841,0.690637,0.00330202,0,0,0,0,0,0.0206374,0.00783727,0.316963,0.654138,0.887994,0.422773,0.046875,-0.0800781,0.980985
324,1.05469,-0.00165558,0.269531,0.10498,-0.00156973,0.499374,0.422104,0.613687,0.554784,0.568373,0.429331,0.263475,0.831869,0.00357787,0,0,0,0,0,-0.00857976,-0.00362155,0.174217,0.673867,0.960165,0.346965,0.0546875,-0.00165558,0.827664
325,1.02344,-0.060791,-0.164062,0.10498,-0.0593989,0.476317,0.380005,0.575551,0.475663,0.519054,0.44116,0.25391,0.506355,0.0029421,0,0,0,0,0,0.012675,0.00481657,0.250472,0.67575,0.910531,0.376018,0.0234375,-0.060791,0.923069
326,1.03906,0.00927734,-0.222656,0.116699,0.00892857,0.503562,0.421305,0.60836,0.5476,0.511127,0.456855,0.277932,0.65178,0.00322613,0,0,0,0,0,-0.00313736,-0.00132179,0.0598677,0.686519,0.895696,0.372648,0.0390625,0.00927734,0.878845
327,1.08594,0.0507812,-0.186523,0.0625,0.0467626,0.518649,0.460854,0.6502,0.635146,0.527767,0.399249,0.259591,0.746094,0.00341034,0,0,0,0,0,-0.018564,-0.00855532,0.405355,0.683408,0.892772,0.378876,0.0859375,0.0507812,0.913595
328,1.01562,-0.0275879,-0.15918,0.104004,-0.0271635,0.489165,0.393474,0.582095,0.493656,0.525182,0.453133,0.263766,0.493586,0.00291716,0,0,0,0,0,0.000208516,8.20456e-05,0.00401162,0.665441,0.921793,0.380947,0.015625,-0.0275879,0.752215
329,1.09375,-0.0476074,-0.172852,0.0942383,-0.0435268,0.482641,0.414793,0.620857,0.557517,0.510902,0.495534,0.307656,0.563066,0.00305286,0,0,0,0,0,0.00971696,0.00403052,0.170948,0.663402,0.915032,0.388358,0.09375,-0.0476074,0.871331
330,1.08594,0.0913086,-0.355469,0.0839844,0.0840827,0.533505,0.481118,0.664716,0.673322,0.564755,0.429482,0.285484,1.2266,0.00434882,0,0,0,0,0,-0.0243317,-0.0117064,0.493895,0.678069,0.95975,0.342581,0.0859375,0.0913086,0.90872
331,1.32031,0.178711,-0.609375,0.0913086,0.135355,0.553834,0.618804,0.833006,1.07682,0.521754,0.641029,0.533981,2.01664,0.00589188,0,0,0,0,0,-0.0223854,-0.0138522,0.304435,0.741043,0.780144,0.382942,0.320312,0.178711,1.16911
332,1.04688,-0.00878906,0.363281,0.112305,-0.00839552,0.496651,0.415405,0.606689,0.540633,0.500982,0.325407,0.197421,1.08404,0.00407038,0,0,0,0,0,-0.0127656,-0.00530288,0.341996,0.68188,0.938816,0.350313,0.046875,-0.00878906,0.779727
333,0.996094,-0.00683594,0.376953,0.0874023,-0.00686275,0.497262,0.396018,0.577783,0.490664,0.500565,0.341671,0.197412,1.27505,0.00444345,0,0,0,0,0,-0.0153378,-0.00607404,0.391346,0.687975,0.939695,0.342756,-0.00390625,-0.00683594,0.990768
334,1.10938,0.11377,0.222656,0.106445,0.102553,0.540841,0.501747,0.686514,0.723052,0.46009,0.406902,0.279344,0.682451,0.00328604,0,0,0,0,0,-0.0324858,-0.0162997,0.696002,0.695269,0.857014,0.390246,0.109375,0.11377,0.960649
335,1.14062,0.164062,-0.320312,0.115723,0.143836,0.557185,0.539425,0.723239,0.814053,0.431851,0.447099,0.323359,0.941596,0.00379218,0,0,0,0,0,-0.0411316,-0.0221874,0.802009,0.71561,0.889815,0.338572,0.140625,0.164062,0.97049
336,1.05469,0.0133667,-0.703125,0.0947266,0.0126736,0.505056,0.429616,0.618877,0.567579,0.554296,0.478672,0.296239,2.28453,0.0064151,0,0,0,0,0,0.0026074,0.00112018,0.0474871,0.698806,0.843705,0.396303,0.0546875,0.0133667,1.00736
337,1.07812,0.03125,-1.04688,0.0834961,0.0289855,0.511562,0.447956,0.638766,0.608686,0.626648,0.484429,0.309436,3.62295,0.00902919,0,0,0,0,0,0.0093491,0.00418798,0.168247,0.667935,0.850805,0.438486,0.078125,0.03125,1.05418
338,1.09375,0.133789,-0.398438,0.0693359,0.122321,0.548678,0.505491,0.684786,0.724453,0.491872,0.435048,0.297915,1.51315,0.00490849,0,0,0,0,0,-0.0292952,-0.0148085,0.587038,0.692791,0.918619,0.349567,0.09375,0.133789,0.863941
339,1.0625,-0.0253906,0.0405273,0.0800781,-0.0238971,0.490467,0.41337,0.610135,0.543139,0.532548,0.42155,0.257202,0.143216,0.00223284,0,0,0,0,0,-0.00617943,-0.00255439,0.127793,0.667468,0.901807,0.393113,0.0625,-0.0253906,0.872702
340,1.07031,0.0791016,-0.119141,0.114258,0.0739051,0.529457,0.468749,0.65122,0.643813,0.468537,0.340666,0.221848,0.352466,0.00264153,0,0,0,0,0,-0.0286847,-0.0134459,0.734056,0.678185,0.956657,0.344181,0.0703125,0.0791016,0.905426
341,1.03906,0.0617676,-0.0795898,0.0620117,0.0594455,0.523701,0.44755,0.626821,0.593206,0.465494,0.359404,0.225282,0.31961,0.00257736,0,0,0,0,0,-0.016957,-0.00758909,0.411312,0.672252,0.951093,0.354017,0.0390625,0.0617676,0.976044
342,1.17188,-0.0839844,-0.333984,0.198242,-0.0716667,0.471434,0.427932,0.654304,0.61124,0.670137,0.501811,0.328337,0.750115,0.00341819,0,0,0,0,0,0.00113151,0.00048421,0.0196573,0.728243,0.729755,0.478997,0.171875,-0.0839844,0.907768
343,1.08594,0.140625,-0.300781,0.111816,0.129496,0.551518,0.505776,0.682776,0.721992,0.547832,0.415436,0.283649,0.899493,0.00370995,0,0,0,0,0,-0.0177631,-0.00898417,0.372754,0.723849,0.84851,0.35462,0.0859375,0.140625,0.853658
344,1.0625,0.0688477,0.302734,0.0549316,0.0647978,0.525833,0.460489,0.642993,0.62549,0.488715,0.389101,0.250189,1.29167,0.00447591,0,0,0,0,0,-0.0234724,-0.0108088,0.5259,0.68538,0.916018,0.360289,0.0625,0.0688477,0.837738
345,1.02344,0.0615234,-0.24707,0.139648,0.0601145,0.523968,0.441163,0.61764,0.576103,0.6166,0.379334,0.234292,0.661154,0.00324444,0,0,0,0,0,-0.0177281,-0.00782098,0.407425,0.665769,0.962182,0.354693,0.0234375,0.0615234,0.872823
346,1.03906,0.0327148,-0.322266,0.119141,0.031485,0.512559,0.433024,0.616533,0.567623,0.566796,0.422059,0.260214,0.93365,0.00377666,0,0,0,0,0,-0.000371331,-0.000160795,0.00766998,0.670351,0.922926,0.374143,0.0390625,0.0327148,1.11414
347,1.13281,0.0149536,0.542969,0.0864258,0.0132004,0.505266,0.461737,0.664927,0.65533,0.564983,0.42001,0.279276,1.84694,0.00556043,0,0,0,0,0,-0.00792841,-0.00366084,0.164563,0.682907,0.932846,0.352705,0.132812,0.0149536,0.93371
348,1.05469,0.00866699,0.19043,0.104492,0.00821759,0.503278,0.427266,0.617248,0.563552,0.574761,0.41255,0.254646,0.589105,0.00310372,0,0,0,0,0,-0.0103603,-0.0044266,0.218929,0.682592,0.925131,0.357858,0.0546875,0.00866699,0.799482
349,1.11719,0.102539,-0.207031,0.15332,0.0917832,0.536565,0.499264,0.686964,0.721185,0.637289,0.410703,0.282138,0.528733,0.00298581,0,0,0,0,0,-0.0260474,-0.0130045,0.552896,0.680029,0.964494,0.337845,0.117188,0.102539,0.822526
350,1.03125,0.0332031,0.601562,0.0834961,0.032197,0.512843,0.430135,0.612156,0.559751,0.564336,0.370242,0.226646,2.08184,0.00601922,0,0,0,0,0,-0.00666628,-0.0028674,0.156966,0.684158,0.919047,0.359834,0.03125,0.0332031,0.906505
351,1.03906,0.12793,-0.710938,0.0612793,0.12312,0.548994,0.480631,0.650853,0.654616,0.488473,0.453913,0.295431,2.87193,0.00756237,0,0,0,0,0,-0.0251706,-0.0120978,0.483423,0.710688,0.863202,0.363007,0.0390625,0.12793,0.936012
352,1.03906,-0.000484467,-0.527344,0.078125,-0.000466254,0.499814,0.416424,0.60499,0.539422,0.558718,0.462902,0.280051,1.88668,0.00563805,0,0,0,0,0,0.00830419,0.00345807,0.156392,0.67625,0.907421,0.377584,0.0390625,-0.000484467,0.915168
353,1.10938,0.0522461,-0.193359,0.0751953,0.0470951,0.518781,0.470985,0.664364,0.663206,0.462177,0.424834,0.282244,0.705131,0.00333033,0,0,0,0,0,-0.0220813,-0.0104,0.453118,0.710688,0.889418,0.345228,0.109375,0.0522461,0.970212
354,1.10938,0.0776367,-0.100098,0.0996094,0.0699824,0.527896,0.48368,0.673423,0.687445,0.490684,0.418565,0.281871,0.317157,0.00257257,0,0,0,0,0,-0.0260866,-0.0126176,0.543327,0.683099,0.912055,0.365732,0.109375,0.0776367,0.910917
355,1.02344,0.0249023,-0.0966797,0.101074,0.0243321,0.509706,0.422852,0.604697,0.544462,0.570599,0.389687,0.235642,0.304099,0.00254707,0,0,0,0,0,-0.0180073,-0.00761443,0.402847,0.670349,0.967175,0.346856,0.0234375,0.0249023,0.826581
356,1.13281,0.0541992,0.394531,0.0839844,0.0478448,0.51908,0.48136,0.678701,0.692342,0.543024,0.4714,0.31994,1.36139,0.00461209,0,0,0,0,0,-0.0177366,-0.00853771,0.328011,0.677362,0.917992,0.368876,0.132812,0.0541992,0.811739
357,1.14062,0.174805,-0.482422,0.136719,0.153253,0.560901,0.544796,0.727254,0.8257,0.492683,0.512667,0.372839,1.30471,0.00450138,0,0,0,0,0,-0.0334488,-0.0182228,0.56879,0.694782,0.913858,0.350068,0.140625,0.174805,1.1785
358,1.04688,0.0493164,-0.808594,0.100586,0.0471082,0.518787,0.444458,0.62694,0.590596,0.590928,0.43177,0.270693,2.54954,0.00693269,0,0,0,0,0,-0.0122965,-0.00546526,0.248276,0.681611,0.903643,0.373393,0.046875,0.0493164,0.948838
359,1.02344,0.0507812,-0.507812,0.074707,0.0496183,0.519787,0.435791,0.613815,0.566683,0.580123,0.439853,0.269988,1.8579,0.00558184,0,0,0,0,0,-0.00220044,-0.000958933,0.0436123,0.682978,0.857926,0.40793,0.0234375,0.0507812,0.946111
360,1.02344,0.0303955,-0.123535,0.0805664,0.0296994,0.511847,0.425599,0.606621,0.549123,0.520228,0.445024,0.269961,0.435225,0.00280317,0,0,0,0,0,0.00546099,0.00232419,0.106978,0.705397,0.804597,0.423859,0.0234375,0.0303955,0.845165
361,1.10938,0.0140991,0.0236816,0.0878906,0.0127091,0.50507,0.451912,0.650981,0.628,0.476975,0.400729,0.260867,0.0798805,0.00210914,0,0,0,0,0,-0.00521389,-0.00235622,0.113427,0.696973,0.90077,0.355648,0.109375,0.0140991,0.712613
362,1.125,0.10498,-0.204102,0.139648,0.093316,0.537174,0.503618,0.692395,0.733042,0.58755,0.492422,0.340951,0.546171,0.00301986,0,0,0,0,0,-0.022482,-0.0113223,0.398019,0.681419,0.929958,0.356239,0.125,0.10498,0.852698
363,0.941406,-0.0498047,0.0458984,0.0727539,-0.0529046,0.478904,0.352604,0.531442,0.40676,0.479447,0.312694,0.166178,0.170165,0.00228548,0,0,0,0,0,0.00969671,0.0034191,0.270341,0.674141,0.962343,0.345439,-0.0585938,-0.0498047,0.972548
364,1.08594,0.145508,0.138672,0.097168,0.133993,0.553296,0.508217,0.684586,0.726943,0.474861,0.441796,0.302447,0.444864,0.002822,0,0,0,0,0,-0.0368678,-0.0187369,0.727499,0.684129,0.941593,0.346084,0.0859375,0.145508,0.996749
365,0.957031,0.0228271,-0.404297,0.0800781,0.023852,0.509515,0.395185,0.5653,0.475736,0.54258,0.370607,0.209504,1.42871,0.00474357,0,0,0,0,0,-0.00661267,-0.00261323,0.15555,0.675453,0.939772,0.357184,-0.0429688,0.0228271,0.866724
366,1.04688,-0.022583,-0.013855,0.0534668,-0.0215718,0.491395,0.408508,0.601988,0.529268,0.472027,0.358809,0.215999,0.0599189,0.00207015,0,0,0,0,0,0.000273403,0.000111687,0.00664274,0.683682,0.904492,0.370144,0.046875,-0.022583,0.871571
367,0.910156,0.0390625,-0.597656,0.158203,0.0429185,0.517117,0.384506,0.543713,0.443469,0.575312,0.395821,0.215213,1.5026,0.00488789,0,0,0,0,0,0.00705212,0.00271158,0.15532,0.671364,0.912162,0.380401,-0.0898438,0.0390625,0.904849
368,1.19531,0.136719,0.103516,0.119629,0.114379,0.545531,0.547683,0.744876,0.854797,0.553566,0.494796,0.368562,0.299287,0.00253767,0,0,0,0,0,-0.0227909,-0.0124822,0.401553,0.705172,0.886401,0.354448,0.195312,0.136719,1.00797
369,1.14062,0.0559082,0.111816,0.0732422,0.0490154,0.519546,0.485347,0.683855,0.70322,0.519589,0.450389,0.308,0.413166,0.00276009,0,0,0,0,0,-0.0194529,-0.00944141,0.376534,0.683391,0.911628,0.365652,0.140625,0.0559082,0.875982
370,1.03906,0.0410156,-0.462891,0.106445,0.0394737,0.515744,0.437174,0.619455,0.574846,0.570645,0.397205,0.246051,1.41878,0.00472418,0,0,0,0,0,-0.00394164,-0.00172318,0.0865105,0.672128,0.924293,0.371054,0.0390625,0.0410156,0.764796
371,1.08594,0.115723,0.0712891,0.141602,0.106565,0.542433,0.493325,0.673604,0.697112,0.492398,0.359446,0.242124,0.189448,0.00232314,0,0,0,0,0,-0.0295711,-0.0145882,0.717201,0.672992,0.97761,0.33836,0.0859375,0.115723,0.944119
372,1.1875,0.000858307,0.507812,0.0559082,0.000722785,0.500288,0.476619,0.691903,0.705896,0.534901,0.509632,0.352616,2.14766,0.00614777,0,0,0,0,0,-0.0200271,-0.00954532,0.342585,0.697907,0.846349,0.395371,0.1875,0.000858307,0.859801
373,1.0625,0.0751953,-0.19043,0.103516,0.0707721,0.52821,0.463663,0.64527,0.631356,0.497367,0.329423,0.212567,0.591877,0.00310914,0,0,0,0,0,-0.0249952,-0.0115893,0.661467,0.68131,0.96573,0.335795,0.0625,0.0751953,0.80025
374,1.10938,0.155273,0.115234,0.0883789,0.139965,0.555656,0.522499,0.701824,0.765562,0.459251,0.410575,0.288151,0.387621,0.0027102,0,0,0,0,0,-0.0333161,-0.0174076,0.707405,0.68045,0.953483,0.343449,0.109375,0.155273,0.954868
375,1.05469,0.0256348,0.0131226,0.0583496,0.0243056,0.509696,0.43575,0.623151,0.578195,0.46115,0.397203,0.247518,0.054325,0.00205923,0,0,0,0,0,-0.0158768,-0.00691832,0.348463,0.707602,0.88051,0.355154,0.0546875,0.0256348,0.939293
376,1.17188,0.189453,-0.457031,0.132812,0.161667,0.564216,0.564651,0.750878,0.882649,0.504401,0.550845,0.413618,1.25408,0.00440251,0,0,0,0,0,-0.0400116,-0.0225926,0.633233,0.693434,0.899627,0.360943,0.171875,0.189453,1.07012
377,1.04688,0.0922852,0.205078,0.109375,0.088153,0.535122,0.465942,0.642349,0.629714,0.554485,0.351737,0.225938,0.620098,0.00316425,0,0,0,0,0,-0.0217076,-0.0101145,0.538024,0.673089,0.963688,0.345834,0.046875,0.0922852,0.917059
378,1,-0.000244141,0.198242,0.0795898,-0.000244141,0.499903,0.40088,0.582322,0.499804,0.502844,0.27987,0.162974,0.702696,0.00332558,0,0,0,0,0,-0.0181244,-0.00726573,0.564567,0.685518,0.948297,0.340677,0,-0.000244141,0.854098
379,1.09375,0.137695,-0.365234,0.135742,0.125893,0.550092,0.507444,0.686229,0.72841,0.484021,0.383196,0.26296,0.991321,0.0038893,0,0,0,0,0,-0.0335332,-0.0170162,0.762887,0.672266,0.987749,0.333846,0.09375,0.137695,0.886007
380,0.921875,0.0314941,-0.148438,0.251953,0.0341631,0.513626,0.385421,0.547867,0.448708,0.52212,0.449311,0.246163,0.295722,0.00253071,0,0,0,0,0,0.00324435,0.00125044,0.0629488,0.697428,0.837008,0.404588,-0.078125,0.0314941,0.843492
381,1.0625,0.111816,0.292969,0.0825195,0.105239,0.541907,0.481973,0.65855,0.665987,0.512218,0.331245,0.218142,1.01987,0.00394505,0,0,0,0,0,-0.0295296,-0.0142325,0.777168,0.69021,0.940932,0.339482,0.0625,0.111816,0.797746
382,1.08594,0.0786133,-0.074707,0.078125,0.0723921,0.528855,0.47477,0.660136,0.661187,0.482183,0.422816,0.279116,0.26728,0.00247516,0,0,0,0,0,-0.0239255,-0.0113591,0.493305,0.684137,0.926299,0.355271,0.0859375,0.0786133,0.939687
383,1.17188,0.194336,-0.53125,0.0981445,0.165833,0.565856,0.567093,0.752716,0.888175,0.468589,0.521226,0.392335,1.69577,0.00526517,0,0,0,0,0,-0.0297671,-0.0168807,0.497872,0.685591,0.899405,0.371234,0.171875,0.194336,0.939884
384,1.07812,0.117676,0.00491333,0.0898438,0.109149,0.543458,0.491169,0.669779,0.68985,0.479028,0.370799,0.248354,0.016392,0.00198514,0,0,0,0,0,-0.0345483,-0.016969,0.812259,0.696086,0.928357,0.339814,0.078125,0.117676,0.849763
385,1.125,0.0456543,-0.675781,0.0527344,0.0405816,0.516185,0.473955,0.671128,0.675046,0.454623,0.459006,0.308052,2.94279,0.00770076,0,0,0,0,0,-0.0202527,-0.00959885,0.384654,0.693345,0.867395,0.384589,0.125,0.0456543,1.07699
386,1.04688,0.081543,-0.449219,0.203125,0.0778918,0.531043,0.460571,0.638464,0.619762,0.61057,0.504338,0.322002,0.996727,0.00389986,0,0,0,0,0,-0.0106472,-0.0049038,0.184044,0.699595,0.822439,0.415205,0.046875,0.081543,0.875569
387,0.976562,0.0266113,0.0698242,0.145508,0.02725,0.51087,0.40491,0.577998,0.498033,0.559572,0.354817,0.205084,0.183047,0.00231064,0,0,0,0,0,-0.0142374,-0.00576487,0.349811,0.673127,0.968225,0.343278,-0.0234375,0.0266113,0.79546
388,1.09375,0.0292969,-0.431641,0.117676,0.0267857,0.510685,0.453245,0.64718,0.624273,0.570007,0.433028,0.280247,1.25828,0.00441071,0,0,0,0,0,-0.00175958,-0.00079752,0.0354241,0.672514,0.913831,0.377769,0.09375,0.0292969,0.857106
389,1.14844,0.142578,-0.0400391,0.104004,0.12415,0.549402,0.531815,0.719801,0.800941,0.483476,0.446456,0.321359,0.124154,0.00219561,0,0,0,0,0,-0.0326629,-0.0173706,0.637798,0.676903,0.93685,0.357293,0.148438,0.142578,0.856321
390,1.17188,0.0898438,-0.100586,0.0495605,0.0766667,0.530556,0.514847,0.714181,0.775121,0.454078,0.594736,0.424749,0.451824,0.00283559,0,0,0,0,0,-0.0217581,-0.0112021,0.318936,0.803955,0.675036,0.355635,0.171875,0.0898438,1.2071
391,1.04688,-0.00354004,-0.265625,0.0703125,-0.00338153,0.498651,0.418029,0.608489,0.545008,0.482906,0.391123,0.237994,1.00173,0.00390964,0,0,0,0,0,-0.0112426,-0.00469972,0.250587,0.676242,0.940139,0.356046,0.046875,-0.00354004,0.947904
392,1.21094,0.172852,-0.236328,0.109863,0.142742,0.556753,0.572015,0.767328,0.915993,0.574231,0.512208,0.393031,0.712999,0.0033457,0,0,0,0,0,-0.0392298,-0.02244,0.667693,0.659119,0.922581,0.388171,0.210938,0.172852,0.96388
393,0.996094,0.0849609,-0.53125,0.0976562,0.0852941,0.533986,0.441916,0.610158,0.567583,0.517375,0.343006,0.209288,1.7,0.00527344,0,0,0,0,0,-0.0102519,-0.00453048,0.260561,0.674015,0.915787,0.374527,-0.00390625,0.0849609,0.778479
394,1.28125,0.228516,0.065918,0.105469,0.178354,0.570777,0.62862,0.828592,1.08173,0.482633,0.616383,0.51073,0.202975,0.00234956,0,0,0,0,0,-0.0362907,-0.0228131,0.513277,0.770947,0.752642,0.351607,0.28125,0.228516,1.00617
395,1.13281,-0.0673828,-0.155273,0.0649414,-0.0594828,0.476284,0.420569,0.637028,0.582684,0.483115,0.429116,0.273359,0.609307,0.00314318,0,0,0,0,0,0.00451569,0.00189916,0.0917393,0.727597,0.807507,0.381521,0.132812,-0.0673828,0.824712
396,1.08594,0.138672,0.0534668,0.136719,0.127698,0.550806,0.504799,0.682053,0.720018,0.529818,0.354971,0.242109,0.144601,0.00223555,0,0,0,0,0,-0.0314956,-0.015899,0.773507,0.678943,0.970374,0.335875,0.0859375,0.138672,0.946878
397,1.14062,0.0751953,0.371094,0.0634766,0.0659247,0.526281,0.494991,0.690733,0.722128,0.46194,0.439965,0.303898,1.47291,0.00482991,0,0,0,0,0,-0.0209793,-0.0103846,0.415699,0.70613,0.866859,0.366794,0.140625,0.0751953,0.906386
398,1.03125,-0.0201416,-0.167969,0.0883789,-0.0195312,0.492209,0.403463,0.593717,0.515283,0.576367,0.355537,0.211088,0.565007,0.00305666,0,0,0,0,0,0.0048287,0.0019482,0.1184,0.681829,0.943894,0.347382,0.03125,-0.0201416,0.837313
399,1.00781,0.0795898,-0.472656,0.0561523,0.0789729,0.531473,0.44393,0.615034,0.57534,0.445933,0.376302,0.231439,1.99463,0.00584888,0,0,0,0,0,-0.019914,-0.00884044,0.461348,0.691248,0.865771,0.388923,0.0078125,0.0795898,0.890653
400,1.03906,0.137695,-0.363281,0.117676,0.132519,0.552713,0.485514,0.654467,0.664051,0.495427,0.449839,0.294405,1.05901,0.0040215,0,0,0,0,0,-0.0263443,-0.0127906,0.510549,0.656656,0.912996,0.398449,0.0390625,0.137695,0.883152
401,1.1875,0.236328,-0.542969,0.126953,0.199013,0.578874,0.598265,0.77477,0.958189,0.519529,0.625363,0.484513,1.52389,0.00492947,0,0,0,0,0,-0.0411666,-0.0246285,0.573878,0.703544,0.860325,0.37542,0.1875,0.236328,1.24219
402,1.04688,0.0410156,0.0113525,0.152344,0.0391791,0.515626,0.440307,0.624004,0.583251,0.591778,0.324415,0.202436,0.0290858,0.00200993,0,0,0,0,0,-0.0215942,-0.0095081,0.580289,0.67925,0.965276,0.338269,0.046875,0.0410156,0.791079
403,1.0625,-0.0202637,0.163086,0.0683594,-0.0190717,0.492392,0.415933,0.611875,0.547391,0.495988,0.392836,0.240366,0.62376,0.00317141,0,0,0,0,0,0.00138624,0.000576584,0.0307634,0.69668,0.895954,0.359208,0.0625,-0.0202637,0.836498
404,1.04688,0.00909424,0.0922852,0.0576172,0.00868703,0.503466,0.424346,0.612846,0.55565,0.451672,0.332683,0.203884,0.384464,0.00270403,0,0,0,0,0,-0.0183088,-0.00776929,0.479774,0.691527,0.915162,0.353263,0.046875,0.00909424,0.849338
405,1.14062,0.15332,-0.121094,0.152344,0.134418,0.553464,0.534053,0.719242,0.802522,0.572533,0.400202,0.287842,0.310248,0.00255908,0,0,0,0,0,-0.0344558,-0.0184012,0.750567,0.672823,0.977137,0.33879,0.140625,0.15332,0.926993
406,1.0625,-0.081543,-0.0544434,0.09375,-0.0767463,0.469413,0.385294,0.591474,0.498293,0.490975,0.544422,0.322011,0.177811,0.00230041,0,0,0,0,0,0.0289916,0.0111703,0.464241,0.67841,0.898823,0.381017,0.0625,-0.081543,0.918408
407,1.11719,0.158203,-0.0649414,0.137695,0.141608,0.556305,0.527096,0.70745,0.778316,0.540752,0.536602,0.379619,0.17501,0.00229494,0,0,0,0,0,-0.0320591,-0.0168982,0.520842,0.678059,0.885672,0.391527,0.117188,0.158203,1.01071
408,0.925781,-0.0229492,-0.136719,0.0854492,-0.024789,0.490112,0.359766,0.531345,0.411759,0.519416,0.331065,0.17591,0.467707,0.00286662,0,0,0,0,0,-0.00230676,-0.000829894,0.060743,0.676637,0.947376,0.351256,-0.0742188,-0.0229492,0.818655
409,1.03906,0.00151062,0.0534668,0.136719,0.00145383,0.50058,0.417422,0.605677,0.541085,0.516025,0.34065,0.206324,0.144601,0.00223555,0,0,0,0,0,-0.0123747,-0.00516546,0.316689,0.66753,0.971096,0.347699,0.0390625,0.00151062,0.755308
410,0.964844,0.0422363,-0.0830078,0.0737305,0.0437753,0.517458,0.408023,0.576675,0.499037,0.500257,0.386556,0.222917,0.3057,0.0025502,0,0,0,0,0,-0.0136651,-0.00557567,0.308182,0.689191,0.912826,0.357637,-0.0351562,0.0422363,0.908975
411,1.05469,0.0854492,0.143555,0.0991211,0.0810185,0.532286,0.465657,0.644419,0.632112,0.469135,0.385786,0.248608,0.455968,0.00284369,0,0,0,0,0,-0.0233501,-0.0108731,0.527654,0.68853,0.914461,0.357404,0.0546875,0.0854492,0.842652
412,1.10938,0.0405273,-0.241211,0.0708008,0.0365317,0.514571,0.465126,0.660223,0.652236,0.499269,0.541647,0.357607,0.906521,0.00372367,0,0,0,0,0,-0.0111688,-0.00519488,0.179761,0.768881,0.766011,0.344168,0.109375,0.0405273,1.1582
413,1.16406,-0.00424194,0.0512695,0.0688477,-0.00364409,0.498546,0.464671,0.676499,0.67357,0.457896,0.455241,0.30797,0.195396,0.00233476,0,0,0,0,0,0.000131507,6.11073e-05,0.00251833,0.7046,0.862077,0.372549,0.164062,-0.00424194,0.878922
414,1.03906,-0.0181885,-0.742188,0.0776367,-0.0175047,0.493017,0.407572,0.598931,0.524834,0.598636,0.418597,0.250711,2.66367,0.0071556,0,0,0,0,0,0.00974615,0.00397226,0.202976,0.663692,0.889139,0.408457,0.0390625,-0.0181885,1.11833
415,0.984375,-0.00909424,-0.511719,0.0878906,-0.00923859,0.496314,0.39019,0.570185,0.477359,0.598287,0.401052,0.228674,1.72608,0.00532437,0,0,0,0,0,0.0129387,0.00504853,0.281252,0.670794,0.945734,0.358897,-0.015625,-0.00909424,0.872976
416,1.10156,0.148438,-0.332031,0.12793,0.134752,0.553596,0.515948,0.694747,0.748875,0.470063,0.536512,0.37274,0.928311,0.00376623,0,0,0,0,0,-0.0290409,-0.0149836,0.471886,0.75129,0.762717,0.38039,0.101562,0.148438,1.11133
417,1.125,0.00891113,0.0351562,0.0629883,0.00792101,0.50316,0.455583,0.658283,0.640892,0.507515,0.429462,0.282707,0.140079,0.00222672,0,0,0,0,0,-0.00713011,-0.00324836,0.144737,0.673819,0.911813,0.377551,0.125,0.00891113,0.856145
418,1.08594,0.0849609,0.146484,0.113281,0.0782374,0.53118,0.477944,0.662423,0.667234,0.522426,0.356949,0.236451,0.435223,0.00280317,0,0,0,0,0,-0.0188463,-0.00900748,0.460285,0.687402,0.932886,0.347396,0.0859375,0.0849609,0.849961
419,1.00781,0.0397949,0.361328,0.0844727,0.0394864,0.515749,0.424033,0.60083,0.5408,0.435741,0.373719,0.224541,1.24321,0.00438127,0,0,0,0,0,-0.0256149,-0.0108616,0.597523,0.718375,0.872891,0.345633,0.0078125,0.0397949,0.786941
420,1.10938,0.154297,-0.503906,0.0722656,0.139085,0.555308,0.52201,0.701461,0.764542,0.471903,0.382064,0.268003,1.87449,0.00561424,0,0,0,0,0,-0.0336912,-0.0175872,0.768754,0.686524,0.946377,0.340618,0.109375,0.154297,0.8375
421,1.03906,0.0161133,-0.585938,0.0688477,0.0155075,0.506186,0.424723,0.610732,0.553383,0.562803,0.422357,0.257947,2.23309,0.00631463,0,0,0,0,0,0.000567003,0.000240819,0.0117034,0.665095,0.927721,0.37725,0.0390625,0.0161133,0.930537
422,1.10156,-0.00686646,-0.194336,0.0981445,-0.00623338,0.497513,0.438296,0.639198,0.600677,0.539935,0.495006,0.316407,0.620326,0.0031647,0,0,0,0,0,-0.000232897,-0.000102078,0.00410167,0.745657,0.757743,0.396941,0.101562,-0.00686646,0.917391
423,0.925781,0.0324707,-0.228516,0.101562,0.0350738,0.51399,0.387476,0.550485,0.453172,0.507498,0.399583,0.219964,0.71705,0.00335361,0,0,0,0,0,-0.00485551,-0.00188139,0.105934,0.688831,0.861981,0.395613,-0.0742188,0.0324707,0.898618
424,1.02344,-0.0195312,-0.204102,0.0805664,-0.019084,0.492387,0.400635,0.589375,0.507872,0.467755,0.403993,0.238103,0.719067,0.00335755,0,0,0,0,0,0.00365147,0.00146291,0.0787953,0.689337,0.879283,0.380961,0.0234375,-0.0195312,0.931384
425,1.16406,0.175781,0.158203,0.109375,0.151007,0.560015,0.554682,0.741218,0.857077,0.462679,0.449081,0.332867,0.478361,0.00288742,0,0,0,0,0,-0.0425695,-0.0236126,0.826383,0.69385,0.908662,0.354501,0.164062,0.175781,0.961882
426,1.17188,0.109863,-0.165039,0.126953,0.09375,0.537346,0.524856,0.72143,0.795935,0.509818,0.483166,0.348571,0.463196,0.00285781,0,0,0,0,0,-0.0313898,-0.0164751,0.566368,0.740337,0.839381,0.336728,0.171875,0.109863,0.883048
427,1.03125,-0.0142212,0.137695,0.101074,-0.0137902,0.494499,0.406423,0.595733,0.520078,0.518591,0.37153,0.221332,0.433111,0.00279904,0,0,0,0,0,-0.00753885,-0.00306396,0.176896,0.679556,0.933999,0.355942,0.03125,-0.0142212,0.82476
428,1.17188,-0.0212402,-0.125977,0.0563965,-0.018125,0.49277,0.459305,0.675239,0.666908,0.469317,0.561135,0.3789,0.530474,0.00298921,0,0,0,0,0,0.00431111,0.00198011,0.0669775,0.696482,0.844366,0.399347,0.171875,-0.0212402,0.867154
429,1.1875,0.197266,-0.261719,0.141602,0.166118,0.565968,0.574823,0.76288,0.912407,0.535761,0.572836,0.437005,0.695506,0.00331153,0,0,0,0,0,-0.0397671,-0.0228591,0.605202,0.692592,0.934297,0.3405,0.1875,0.197266,1.14376
430,1.07812,-0.0130615,-0.421875,0.0922852,-0.012115,0.495167,0.4258,0.623428,0.569968,0.546708,0.509036,0.317347,1.38873,0.00466549,0,0,0,0,0,0.00728868,0.00310352,0.124827,0.667659,0.881713,0.409288,0.078125,-0.0130615,0.97389
431,1.1875,-0.0126953,-0.337891,0.188477,-0.0106908,0.495735,0.469843,0.687252,0.693068,0.525739,0.433525,0.297941,0.778301,0.00347324,0,0,0,0,0,-0.00521735,-0.00245133,0.104916,0.69035,0.920769,0.351209,0.1875,-0.0126953,0.812803
432,1.14844,0.137695,0.0756836,0.124512,0.119898,0.547718,0.529374,0.717999,0.795759,0.53515,0.459224,0.329722,0.214485,0.00237204,0,0,0,0,0,-0.024998,-0.0132333,0.474556,0.698465,0.904468,0.351372,0.148438,0.137695,0.875907
433,0.902344,-0.0825195,-0.107422,0.0839844,-0.0914502,0.463567,0.320582,0.498022,0.350799,0.47524,0.412191,0.20528,0.370675,0.0026771,0,0,0,0,0,0.0145775,0.00467329,0.308313,0.682374,0.895509,0.378237,-0.0976562,-0.0825195,1.0069
434,1.09375,0.0507812,-0.176758,0.0776367,0.0464286,0.518516,0.463987,0.654748,0.643979,0.485128,0.403163,0.26397,0.634373,0.00319214,0,0,0,0,0,-0.0190636,-0.00884528,0.412223,0.680764,0.92629,0.359322,0.09375,0.0507812,0.902312
435,1,0.0244141,0.185547,0.132812,0.0244141,0.509739,0.413209,0.590877,0.519878,0.596161,0.363621,0.214855,0.509136,0.00294753,0,0,0,0,0,-0.00540814,-0.00223469,0.12966,0.674851,0.950074,0.35169,0,0.0244141,0.876608
436,1.10156,0.0610352,0.308594,0.15332,0.0554078,0.522093,0.472247,0.662939,0.662505,0.490707,0.421666,0.279539,0.788111,0.0034924,0,0,0,0,0,-0.0272683,-0.0128773,0.563761,0.687507,0.911661,0.360488,0.101562,0.0610352,0.913444
437,1.02344,0.010376,0.122559,0.0727539,0.0101384,0.504045,0.415589,0.59964,0.532283,0.491459,0.345293,0.207052,0.454376,0.00284058,0,0,0,0,0,-0.00522413,-0.00217109,0.131896,0.692789,0.921755,0.347657,0.0234375,0.010376,0.851986
438,1,0.00254822,0.182617,0.0551758,0.00254822,0.501017,0.402276,0.583284,0.502047,0.463781,0.351603,0.205085,0.777441,0.00347156,0,0,0,0,0,-0.0121251,-0.00487764,0.300635,0.669868,0.930756,0.369481,0,0.00254822,0.880165
439,1.08594,0.0776367,0.28125,0.101562,0.0714928,0.528497,0.474282,0.659785,0.66026,0.47536,0.368019,0.242814,0.882523,0.0036768,0,0,0,0,0,-0.0314368,-0.0149099,0.744689,0.708492,0.875156,0.357605,0.0859375,0.0776367,0.946957
440,0.972656,-0.00069809,-0.539062,0.090332,-0.000717715,0.499714,0.389688,0.566241,0.472486,0.510415,0.454619,0.257424,1.79357,0.00545619,0,0,0,0,0,0.0142052,0.00553559,0.272399,0.686475,0.876994,0.386722,-0.0273438,-0.00069809,0.885427
441,1.24219,0.0566406,-0.180664,0.0600586,0.0455975,0.518184,0.52644,0.743241,0.829547,0.501926,0.546652,0.406294,0.737198,0.00339296,0,0,0,0,0,-0.01346,-0.00708591,0.214655,0.715594,0.834757,0.377707,0.242188,0.0566406,0.925163
442,1.10156,0.119141,0.443359,0.0966797,0.108156,0.543064,0.501299,0.683938,0.719073,0.472472,0.41168,0.281564,1.4259,0.00473808,0,0,0,0,0,-0.0267879,-0.0134288,0.567265,0.686474,0.924158,0.353794,0.101562,0.119141,0.916358
443,1.07812,0.0517578,-0.203125,0.0717773,0.0480072,0.519145,0.45821,0.645998,0.627269,0.521237,0.423633,0.273666,0.758175,0.00343394,0,0,0,0,0,-0.0148935,-0.00682436,0.306489,0.692878,0.916359,0.350856,0.078125,0.0517578,0.880846
444,1,0.00842285,0.125,0.12207,0.00842285,0.50336,0.405214,0.585314,0.506791,0.532965,0.444438,0.260136,0.357771,0.0026519,0,0,0,0,0,-0.00410682,-0.00166414,0.0805566,0.662884,0.956002,0.361566,0,0.00842285,0.815392
445,1.10938,0.0378418,0.3125,0.0869141,0.0341109,0.513606,0.463783,0.659277,0.649741,0.534615,0.416557,0.274627,1.06,0.00402343,0,0,0,0,0,-0.0267431,-0.012403,0.559686,0.691939,0.912556,0.354399,0.109375,0.0378418,0.882143
446,1.11719,0.181641,-0.124023,0.151367,0.162587,0.564578,0.538815,0.716224,0.803299,0.521252,0.427172,0.305951,0.318778,0.00257574,0,0,0,0,0,-0.0348946,-0.0188017,0.712135,0.6831,0.957286,0.338398,0.117188,0.181641,0.987197
447,1.10156,0.0529785,-0.0189209,0.12793,0.048094,0.519179,0.468218,0.660075,0.654928,0.499702,0.370107,0.244299,0.0529001,0.00205645,0,0,0,0,0,-0.0214224,-0.0100304,0.5046,0.689484,0.941134,0.340201,0.101562,0.0529785,0.800189
448,1.08594,0.0366211,-0.148438,0.0761719,0.033723,0.513451,0.453774,0.645201,0.622195,0.497377,0.393631,0.253971,0.537832,0.00300358,0,0,0,0,0,-0.0116437,-0.0052836,0.257874,0.692752,0.92819,0.34386,0.0859375,0.0366211,0.825084
449,1.00781,-0.0106812,-0.120605,0.103516,-0.0105984,0.495772,0.398795,0.583292,0.499267,0.553073,0.38885,0.226813,0.374856,0.00268526,0,0,0,0,0,0.0057874,0.00230798,0.12975,0.680457,0.93249,0.35581,0.0078125,-0.0106812,0.789975
450,1.13281,0.21582,-0.246094,0.243164,0.190517,0.575548,0.564577,0.736406,0.861041,0.523292,0.438424,0.322858,0.499058,0.00292785,0,0,0,0,0,-0.0429155,-0.0242291,0.85335,0.672516,0.986834,0.334056,0.132812,0.21582,0.796991
451,1.16406,0.0966797,-0.4375,0.115723,0.0830537,0.533096,0.515132,0.712104,0.772453,0.561088,0.450958,0.321129,1.28608,0.00446501,0,0,0,0,0,-0.00918562,-0.0047318,0.177574,0.681375,0.901213,0.375421,0.164062,0.0966797,0.864655
452,1.04688,0.0522461,-0.124023,0.194336,0.0499067,0.519902,0.445922,0.627979,0.593204,0.569354,0.317042,0.199095,0.281337,0.00250261,0,0,0,0,0,-0.0224006,-0.00998891,0.615956,0.66938,0.98612,0.337659,0.046875,0.0522461,0.899464
453,1.07812,0.0142212,0.145508,0.0539551,0.0131907,0.505262,0.439441,0.632824,0.593574,0.463702,0.38173,0.241568,0.626427,0.00317661,0,0,0,0,0,-0.00327898,-0.00144092,0.0748841,0.692643,0.887736,0.370213,0.078125,0.0142212,0.762383
454,1.11719,0.0185547,-0.0256348,0.0917969,0.0166084,0.506625,0.457272,0.657079,0.640851,0.481609,0.415661,0.273122,0.0846088,0.00211838,0,0,0,0,0,-0.0200936,-0.00918825,0.42143,0.722366,0.813371,0.385136,0.117188,0.0185547,0.760862
455,1.04688,0.0446777,-0.255859,0.10791,0.0426772,0.517021,0.442138,0.625297,0.586483,0.556911,0.322885,0.201899,0.778879,0.00347437,0,0,0,0,0,-0.00584803,-0.00258564,0.157895,0.682829,0.955555,0.339648,0.046875,0.0446777,0.854097
456,1.125,0.0727539,0.300781,0.0629883,0.0646701,0.525782,0.487505,0.680765,0.701102,0.498391,0.437263,0.297673,1.19845,0.00429385,0,0,0,0,0,-0.0235356,-0.0114737,0.469233,0.693058,0.901344,0.360279,0.125,0.0727539,1.02553
457,1.03906,0.0183105,0.0625,0.0834961,0.0176222,0.50703,0.425822,0.611496,0.555252,0.535937,0.345476,0.211257,0.216295,0.00237558,0,0,0,0,0,-0.0146563,-0.00624098,0.36984,0.67251,0.936243,0.362814,0.0390625,0.0183105,0.820248
458,1.04688,-0.0717773,0.476562,0.0908203,-0.0685634,0.472669,0.383911,0.585575,0.490285,0.494983,0.445398,0.260814,1.58135,0.0050417,0,0,0,0,0,0.0155026,0.00595163,0.303434,0.684546,0.936488,0.3486,0.046875,-0.0717773,0.86327
459,1.17188,0.246094,-0.090332,0.124512,0.21,0.583166,0.598602,0.768195,0.948448,0.481482,0.527723,0.405394,0.255998,0.00245312,0,0,0,0,0,-0.0461734,-0.0276395,0.762768,0.690225,0.92031,0.351644,0.171875,0.246094,0.936895
460,1.07031,0.081543,0.00933838,0.0717773,0.0761861,0.530364,0.469969,0.6521,0.646105,0.475657,0.449834,0.293337,0.034856,0.0020212,0,0,0,0,0,-0.0277463,-0.0130399,0.537723,0.712753,0.874218,0.352419,0.0703125,0.081543,1.02055
461,1.03125,0.0111084,0.143555,0.0622559,0.0107718,0.504297,0.419088,0.604444,0.540987,0.447862,0.307793,0.186044,0.575344,0.00307684,0,0,0,0,0,-0.0122454,-0.00513191,0.346834,0.681123,0.94622,0.346837,0.03125,0.0111084,0.953574
462,1.08594,-0.0257568,-0.118652,0.0976562,-0.0237185,0.490539,0.422585,0.62366,0.56753,0.584175,0.388454,0.242263,0.379688,0.0026947,0,0,0,0,0,-0.00178811,-0.00075563,0.0401294,0.670533,0.916242,0.378549,0.0859375,-0.0257568,0.846852
463,0.988281,-0.00634766,-0.113281,0.0849609,-0.00642292,0.497438,0.393129,0.573401,0.483339,0.533164,0.432682,0.2481,0.388641,0.00271219,0,0,0,0,0,0.0181038,0.00711714,0.364761,0.676556,0.910976,0.374687,-0.0117188,-0.00634766,0.865196
464,1.0625,-0.078125,0.135742,0.0917969,-0.0735294,0.470692,0.387003,0.592589,0.500932,0.530135,0.460916,0.273133,0.448024,0.00282817,0,0,0,0,0,0.00585877,0.00226736,0.110813,0.6795,0.925523,0.361331,0.0625,-0.078125,0.792534
465,1.19531,0.158203,0.118652,0.0463867,0.132353,0.552647,0.558425,0.75281,0.878561,0.399901,0.57397,0.43209,0.550909,0.00302912,0,0,0,0,0,-0.0343043,-0.0191564,0.521035,0.84225,0.59494,0.343266,0.195312,0.158203,1.19549
466,1.17969,0.0761719,-0.0197754,0.0986328,0.0645695,0.525742,0.511143,0.713815,0.7708,0.582258,0.547329,0.390692,0.0629672,0.00207611,0,0,0,0,0,-0.0209332,-0.0106999,0.333422,0.716085,0.858234,0.358891,0.179688,0.0761719,1.24789
467,1.0625,-0.0133667,-0.248047,0.0874023,-0.0125804,0.494981,0.419382,0.614224,0.553152,0.56832,0.446309,0.274134,0.83902,0.00359184,0,0,0,0,0,-0.000770694,-0.000323215,0.015054,0.691183,0.895079,0.366969,0.0625,-0.0133667,0.948785
468,1.07812,-0.0130615,-0.0854492,0.060791,-0.012115,0.495167,0.4258,0.623428,0.569968,0.503138,0.385486,0.240323,0.346568,0.00263002,0,0,0,0,0,-0.00265272,-0.00112953,0.0599915,0.699437,0.901173,0.352243,0.078125,-0.0130615,0.890423
469,1.03906,0.090332,-0.0927734,0.0761719,0.0869361,0.534639,0.461833,0.637097,0.619182,0.507928,0.379582,0.241831,0.336145,0.00260966,0,0,0,0,0,-0.0241545,-0.0111553,0.554753,0.688453,0.944302,0.339592,0.0390625,0.090332,1.00631
470,0.992188,0.0157471,0.0517578,0.0756836,0.0158711,0.506331,0.405743,0.583305,0.504873,0.441115,0.349855,0.204072,0.188137,0.00232058,0,0,0,0,0,-0.00650835,-0.00264072,0.162177,0.67829,0.902774,0.378295,-0.0078125,0.0157471,0.917415
471,0.988281,-0.0192871,-0.0407715,0.100586,-0.0195158,0.492215,0.38666,0.568984,0.473249,0.510334,0.438815,0.249679,0.128555,0.00220421,0,0,0,0,0,-0.00449404,-0.00173766,0.0892817,0.669959,0.935367,0.366371,-0.0117188,-0.0192871,0.976352
472,1.02344,0.0727539,-0.404297,0.0810547,0.0710878,0.528336,0.446778,0.621663,0.586075,0.50889,0.378139,0.235075,1.42008,0.00472671,0,0,0,0,0,-0.0166461,-0.00743712,0.383768,0.680946,0.93994,0.350725,0.0234375,0.0727539,1.04885
473,1.11719,0.144531,0.0712891,0.198242,0.129371,0.551468,0.52026,0.702372,0.763997,0.547093,0.436524,0.306602,0.160112,0.00226584,0,0,0,0,0,-0.0300725,-0.0156455,0.600577,0.699589,0.903219,0.350743,0.117188,0.144531,0.875961
474,1.125,-0.0529785,0.0737305,0.0644531,-0.047092,0.48122,0.424638,0.637258,0.586416,0.492336,0.496755,0.316561,0.290419,0.00252035,0,0,0,0,0,0.00024474,0.000103926,0.00429506,0.736751,0.768308,0.40348,0.125,-0.0529785,1.14318
475,1.07031,-0.105469,0.105957,0.0678711,-0.0985401,0.460752,0.376463,0.588292,0.487812,0.494603,0.442844,0.260522,0.406712,0.00274749,0,0,0,0,0,0.0121162,0.0045613,0.238518,0.692243,0.901432,0.361266,0.0703125,-0.105469,0.851285
476,1.14844,0.160156,0.335938,0.108398,0.139456,0.555455,0.540604,0.726319,0.819792,0.523384,0.454679,0.330242,1.02034,0.00394599,0,0,0,0,0,-0.0295986,-0.0160011,0.567509,0.699389,0.892996,0.357657,0.148438,0.160156,1.07521
477,1.04688,0.0233154,-0.318359,0.107422,0.0222715,0.508884,0.431457,0.617791,0.567821,0.536667,0.350552,0.216568,0.97134,0.00385027,0,0,0,0,0,-0.00649804,-0.00280362,0.161598,0.686398,0.939942,0.344431,0.046875,0.0233154,0.76884
478,1.05469,-0.0256348,-0.275391,0.128906,-0.0243056,0.490304,0.410115,0.605503,0.534828,0.595215,0.577201,0.349497,0.76703,0.00345123,0,0,0,0,0,0.00650408,0.00266742,0.0982348,0.684766,0.854874,0.40798,0.0546875,-0.0256348,0.921953
479,1.14062,0.0524902,-0.384766,0.111816,0.0460188,0.518352,0.483638,0.682643,0.699908,0.598,0.559388,0.381862,1.15065,0.00420049,0,0,0,0,0,-0.0106132,-0.00513295,0.165402,0.686301,0.865717,0.396168,0.140625,0.0524902,0.969306
480,1.01562,0.0186768,0.59375,0.0966797,0.0183894,0.507336,0.416606,0.597974,0.531134,0.53507,0.378584,0.226383,1.90957,0.00568276,0,0,0,0,0,-0.0121052,-0.00504312,0.278752,0.68073,0.915565,0.366336,0.015625,0.0186768,0.745235
481,0.953125,-0.0253906,-0.257812,0.0563965,-0.0266393,0.489374,0.36951,0.546443,0.435137,0.471906,0.323617,0.176838,1.08562,0.00407348,0,0,0,0,0,-0.00449793,-0.00166203,0.121168,0.68588,0.918962,0.357783,-0.046875,-0.0253906,1.00501
482,1.16406,0.261719,-0.222656,0.224609,0.224832,0.588945,0.605619,0.767979,0.956567,0.498787,0.483562,0.371365,0.469809,0.00287072,0,0,0,0,0,-0.048015,-0.0290788,0.865629,0.67893,0.973818,0.334078,0.164062,0.261719,0.870061
483,0.929688,-0.0050354,-0.136719,0.125977,-0.00541623,0.497839,0.370289,0.539725,0.428418,0.577282,0.432593,0.233481,0.385197,0.00270546,0,0,0,0,0,0.0169186,0.00626476,0.34095,0.678607,0.924391,0.363137,-0.0703125,-0.0050354,0.861515
484,1,0.0644531,0.0490723,0.0649414,0.0644531,0.525695,0.433229,0.605047,0.553769,0.459376,0.354024,0.214201,0.192564,0.00232923,0,0,0,0,0,-0.0199596,-0.00864708,0.491503,0.670241,0.953306,0.354963,0,0.0644531,0.891299
485,1.07031,-0.0864258,0.125977,0.078125,-0.0807482,0.467821,0.385985,0.59443,0.502332,0.46637,0.444817,0.264413,0.450707,0.00283341,0,0,0,0,0,0.00737075,0.002845,0.144457,0.681467,0.861724,0.40679,0.0703125,-0.0864258,0.925473
486,0.992188,-0.0737305,0.0791016,0.0810547,-0.074311,0.470381,0.361004,0.55312,0.436266,0.537516,0.440466,0.243631,0.277841,0.00249578,0,0,0,0,0,0.0136306,0.00492071,0.26978,0.692358,0.906883,0.357523,-0.0078125,-0.0737305,0.827505
487,1.05469,-0.000812531,-0.0466309,0.0683594,-0.000770399,0.499693,0.422526,0.613977,0.555496,0.476203,0.348093,0.213721,0.178351,0.00230147,0,0,0,0,0,-0.00340331,-0.00143799,0.0852341,0.678545,0.9481,0.348669,0.0546875,-0.000812531,0.75188
488,1.00781,0.0505371,-0.243164,0.0942383,0.0501453,0.519997,0.429404,0.604632,0.549968,0.449724,0.317434,0.191931,0.79211,0.00350022,0,0,0,0,0,-0.013323,-0.00572093,0.365893,0.674329,0.899448,0.385905,0.0078125,0.0505371,0.857256
489,1.0625,0.0144043,-0.298828,0.0957031,0.013557,0.505408,0.433267,0.623787,0.576831,0.571629,0.450602,0.28108,0.965958,0.00383976,0,0,0,0,0,-0.00529136,-0.00229257,0.102372,0.662992,0.920297,0.385036,0.0625,0.0144043,0.851166
490,1.01562,-0.0354004,-0.4375,0.0751953,-0.0348558,0.486097,0.389568,0.579462,0.487539,0.49349,0.413644,0.239691,1.59545,0.00506923,0,0,0,0,0,0.0169248,0.00659336,0.3567,0.671799,0.886032,0.399857,0.015625,-0.0354004,0.898721
491,1.03125,-0.0600586,-0.597656,0.121582,-0.0582386,0.476779,0.383504,0.580339,0.483869,0.613918,0.502367,0.291544,1.71402,0.00530083,0,0,0,0,0,0.0163753,0.00627998,0.284167,0.65995,0.924007,0.38612,0.03125,-0.0600586,1.08049
492,0.9375,0.032959,-0.417969,0.0883789,0.0351562,0.514022,0.392419,0.557481,0.464777,0.525141,0.379503,0.211566,1.40595,0.00469912,0,0,0,0,0,0.00149687,0.000587402,0.0343856,0.676189,0.918123,0.370234,-0.0625,0.032959,0.956861
493,1.03125,0.09375,-0.185547,0.115234,0.0909091,0.536218,0.460409,0.633794,0.61367,0.559927,0.484935,0.307349,0.546591,0.00302069,0,0,0,0,0,-0.0212475,-0.00978255,0.381972,0.67978,0.888815,0.386727,0.03125,0.09375,0.851901
494,0.945312,0.00946045,0.242188,0.0844727,0.0100077,0.503992,0.383803,0.553823,0.454025,0.517682,0.362792,0.200923,0.833285,0.00358064,0,0,0,0,0,-0.0110679,-0.00424789,0.265959,0.671953,0.944543,0.358299,-0.0546875,0.00946045,0.858078
495,1.04688,-0.059082,0.277344,0.0927734,-0.0564366,0.477497,0.390258,0.589756,0.500114,0.546768,0.38204,0.22531,0.910556,0.00373155,0,0,0,0,0,-0.00163277,-0.000637203,0.0372583,0.676678,0.943553,0.35348,0.046875,-0.059082,0.875703
496,1.04688,0.125,-0.558594,0.141602,0.119403,0.547522,0.482299,0.654311,0.660736,0.596916,0.422904,0.276711,1.48444,0.00485242,0,0,0,0,0,-0.0162312,-0.00782831,0.334593,0.676198,0.925684,0.365207,0.046875,0.125,0.85559
497,0.917969,-0.052002,0.0151367,0.0859375,-0.0566489,0.477412,0.342107,0.517072,0.384401,0.481194,0.407522,0.210718,0.0516345,0.00205397,0,0,0,0,0,0.0133778,0.00457663,0.286181,0.67674,0.937931,0.356819,-0.0820312,-0.052002,0.893737
498,1.03906,0.0334473,-0.322266,0.0834961,0.0321898,0.51284,0.43339,0.61679,0.568258,0.469794,0.336357,0.207462,1.11527,0.00413139,0,0,0,0,0,-0.0120893,-0.0052394,0.313335,0.693066,0.922028,0.347158,0.0390625,0.0334473,0.937642
499,1.09375,0.0439453,-0.150391,0.0834961,0.0401786,0.516025,0.460569,0.65233,0.637659,0.504761,0.428225,0.279344,0.52046,0.00296965,0,0,0,0,0,-0.0228747,-0.0105354,0.465683,0.704594,0.900135,0.346334,0.09375,0.0439453,1.04333
500,1.0625,0.097168,-0.223633,0.0888672,0.0914522,0.536433,0.474649,0.653209,0.651974,0.448502,0.392973,0.256693,0.750179,0.00341832,0,0,0,0,0,-0.0194317,-0.00922322,0.431077,0.685004,0.899807,0.371714,0.0625,0.097168,0.891844
501,1.17188,0.21875,0.185547,0.0932617,0.186667,0.574039,0.581168,0.760547,0.916189,0.426554,0.532487,0.404982,0.607578,0.0031398,0,0,0,0,0,-0.0433416,-0.0251888,0.709582,0.706996,0.883328,0.354072,0.171875,0.21875,1.10259
502,1.0625,0.0683594,-0.0510254,0.0947266,0.0643382,0.52565,0.460245,0.642818,0.625041,0.453307,0.369182,0.237317,0.165787,0.00227693,0,0,0,0,0,-0.0240605,-0.0110737,0.568159,0.695129,0.898877,0.359262,0.0625,0.0683594,0.773069
503,1.13281,0.1875,0.177734,0.107422,0.165517,0.565732,0.54801,0.72749,0.829558,0.449678,0.500488,0.3641,0.542282,0.00301227,0,0,0,0,0,-0.0458041,-0.0251011,0.797843,0.701737,0.905203,0.346788,0.132812,0.1875,1.0028
504,1.4375,0.195312,-0.539062,0.0732422,0.13587,0.554038,0.674097,0.907217,1.27745,0.51774,0.860369,0.780541,1.99186,0.00584347,0,0,0,0,0,-0.0236573,-0.0159473,0.23971,0.86129,0.536678,0.363925,0.4375,0.195312,1.5868
505,1.23438,0.203125,-0.306641,0.171875,0.164557,0.565354,0.59655,0.792267,0.983559,0.512839,0.599473,0.474943,0.739645,0.00339774,0,0,0,0,0,-0.0444063,-0.0264906,0.645776,0.71769,0.831692,0.37695,0.234375,0.203125,1.23552
506,1.07812,0.0549316,-0.0383301,0.0737305,0.0509511,0.520318,0.459796,0.647124,0.630183,0.498889,0.351954,0.227758,0.141161,0.00222883,0,0,0,0,0,-0.0166383,-0.00765022,0.412126,0.691168,0.93549,0.341475,0.078125,0.0549316,0.958201
507,0.972656,0.00189972,-0.824219,0.15625,0.00195312,0.500779,0.390987,0.567136,0.474514,0.596414,0.455686,0.258436,2.08513,0.00602564,0,0,0,0,0,0.00627367,0.00245293,0.120023,0.644182,0.930925,0.400273,-0.0273438,0.00189972,1.12568
508,0.996094,-0.00265503,-0.0122681,0.147461,-0.00266544,0.498937,0.398108,0.579218,0.493984,0.547772,0.344486,0.199532,0.0319476,0.00201552,0,0,0,0,0,-0.0100918,-0.00401762,0.25539,0.679093,0.951949,0.345834,-0.00390625,-0.00265503,0.738184
509,1.11719,0.138672,-0.217773,0.131836,0.124126,0.549392,0.517331,0.700205,0.757917,0.532806,0.416216,0.291436,0.599775,0.00312456,0,0,0,0,0,-0.0343154,-0.0177524,0.71875,0.686128,0.947484,0.340444,0.117188,0.138672,0.895469
510,1.03906,-0.0229492,-0.710938,0.0830078,-0.0220865,0.491189,0.405192,0.597314,0.520964,0.549178,0.437287,0.261198,2.46758,0.00677262,0,0,0,0,0,0.00208975,0.00084675,0.0416615,0.682292,0.878062,0.391733,0.0390625,-0.0229492,1.12271
511,1.10156,0.00619507,0.302734,0.0844727,0.00562389,0.502244,0.444827,0.643694,0.612212,0.537359,0.451759,0.290794,1.04161,0.00398751,0,0,0,0,0,-0.00889015,-0.00395458,0.171557,0.677167,0.945901,0.351525,0.101562,0.00619507,0.85141
