k,gamma,beta,running_mean,running_var,on_ratio,p_on,act_mean,act_std,act_second,pre_row_norm,final_col_norm,effective_contribution,mean_over_std,bn_input_rounding_noise,dead,mostly_off,flat,always_on,negative_gamma,mean_row_component,shared_contribution,column_shared_fraction,pre_row_rel_change,pre_row_cos_ref,pre_row_norm_ratio_ref,gamma_delta,beta_delta,final_col_rel_change
0,0.996094,-0.00646973,0.200195,0.19043,-0.0064951,0.497409,0.396201,0.577909,0.490954,0.814036,0.455497,0.263236,0.458761,0.00284914,0,0,0,0,0,-0.00462813,-0.00183367,0.0885782,0.497171,0.9475,0.566796,-0.00390625,-0.00646973,0.910773
1,0.972656,-0.00811768,-0.0500488,0.198242,-0.00834588,0.496671,0.385979,0.563694,0.466731,0.827718,0.471503,0.265784,0.112408,0.00217267,0,0,0,0,0,-0.00538244,-0.00207751,0.0995179,0.579758,0.866957,0.570758,-0.0273438,-0.00811768,0.91524
2,1.0625,-0.0388184,-0.613281,0.337891,-0.0365349,0.485428,0.406656,0.605607,0.532128,0.844783,0.583221,0.353202,1.05505,0.00401376,0,0,0,0,0,0.0109062,0.00443508,0.163023,0.500144,0.942176,0.570909,0.0625,-0.0388184,1.11042
3,1.17188,-0.0664062,0.539062,0.28125,-0.0566667,0.477405,0.436722,0.660085,0.626439,0.843044,0.728223,0.480689,1.01647,0.00393841,0,0,0,0,0,0.0107389,0.0046899,0.128559,0.512951,0.91771,0.593195,0.171875,-0.0664062,1.07102
4,0.984375,0.00543213,0.138672,0.257812,0.00551835,0.502201,0.397453,0.57518,0.4888,0.863008,0.45214,0.260062,0.273109,0.00248654,0,0,0,0,0,-0.0127852,-0.0050815,0.246513,0.490358,0.9567,0.562079,-0.015625,0.00543213,0.733661
5,0.972656,-0.00708008,0.25,0.296875,-0.00727912,0.497096,0.386497,0.56405,0.467532,0.786409,0.487577,0.275018,0.458831,0.00284928,0,0,0,0,0,-0.00700802,-0.00270858,0.125302,0.483054,0.956921,0.570865,-0.0273438,-0.00708008,0.651071
6,1.01562,0.0358887,-0.139648,0.275391,0.0353365,0.514094,0.425212,0.604002,0.545624,0.68153,0.401085,0.242256,0.26611,0.00247287,0,0,0,0,0,-0.0240001,-0.0102051,0.521654,0.465181,0.98532,0.552597,0.015625,0.0358887,0.701557
7,1.01562,0.0356445,0.0142212,0.15918,0.0350962,0.513998,0.42509,0.603916,0.545416,0.764347,0.490905,0.296465,0.0356445,0.00202274,0,0,0,0,0,-0.00884134,-0.00375837,0.15701,0.538796,0.906501,0.57177,0.015625,0.0356445,0.828917
8,0.996094,0.024292,0.851562,0.470703,0.0243873,0.509728,0.411582,0.58856,0.515803,0.862958,0.531455,0.312793,1.2412,0.00437735,0,0,0,0,0,-0.0274499,-0.0112979,0.450278,0.49612,0.947258,0.568533,-0.00390625,0.024292,0.680864
9,1.02344,-0.0148315,0.179688,0.222656,-0.0144919,0.494219,0.402985,0.590975,0.511648,0.760139,0.494316,0.292128,0.380803,0.00269688,0,0,0,0,0,-0.00313724,-0.00126426,0.0553286,0.543707,0.903748,0.568521,0.0234375,-0.0148315,1.01115
10,1.02344,0.0625,-0.511719,0.322266,0.0610687,0.524348,0.441651,0.617989,0.576965,0.792619,0.342893,0.211904,0.901414,0.0037137,0,0,0,0,0,-0.0253424,-0.0111925,0.644311,0.464111,0.988332,0.549927,0.0234375,0.0625,0.836229
11,1.03906,0.0556641,-0.355469,0.308594,0.0535714,0.521362,0.444499,0.624646,0.587761,0.790843,0.365767,0.228475,0.639894,0.00320292,0,0,0,0,0,-0.0307037,-0.0136477,0.7318,0.461775,0.989936,0.55038,0.0390625,0.0556641,0.729832
12,1.01562,0.0322266,0.703125,0.192383,0.0317308,0.512657,0.423381,0.602714,0.542516,0.765776,0.449954,0.271194,1.60306,0.0050841,0,0,0,0,0,-0.0170067,-0.00720033,0.329503,0.486257,0.956773,0.567081,0.015625,0.0322266,0.807334
13,0.976562,0.0266113,0.199219,0.251953,0.02725,0.51087,0.40491,0.577998,0.498033,0.787091,0.457355,0.26435,0.39689,0.0027283,0,0,0,0,0,-0.00810072,-0.00328006,0.154411,0.493096,0.947407,0.572276,-0.0234375,0.0266113,0.796555
14,1.02344,-0.0177002,-0.330078,0.386719,-0.0172948,0.493101,0.401551,0.589998,0.50934,0.810686,0.669746,0.395149,0.530786,0.00298982,0,0,0,0,0,0.0175205,0.00703537,0.228057,0.531536,0.901239,0.593403,0.0234375,-0.0177002,0.946226
15,1.04688,0.0203857,-0.542969,0.304688,0.0194729,0.507768,0.429992,0.616769,0.565297,0.781099,0.459316,0.283292,0.983666,0.00387435,0,0,0,0,0,-0.0110988,-0.00477238,0.210654,0.503946,0.946786,0.559015,0.046875,0.0203857,0.963897
16,0.988281,-0.0216064,0.341797,0.396484,-0.0218626,0.491279,0.3855,0.568197,0.471458,0.758366,0.454349,0.25816,0.542819,0.00301332,0,0,0,0,0,-0.00739273,-0.0028499,0.141848,0.494308,0.949761,0.567157,-0.0117188,-0.0216064,0.837645
17,1,0.0317383,-0.228516,0.404297,0.0317383,0.51266,0.416872,0.593444,0.525958,0.854866,0.427692,0.253812,0.35939,0.00265506,0,0,0,0,0,-0.0237097,-0.00988389,0.483282,0.482585,0.96752,0.556444,0,0.0317383,0.647941
18,1.03125,0.00689697,-0.170898,0.251953,0.00668797,0.502668,0.416982,0.602986,0.537466,0.795092,0.505369,0.304731,0.34047,0.0026181,0,0,0,0,0,-0.0100141,-0.0041757,0.172747,0.505207,0.922485,0.596583,0.03125,0.00689697,0.786387
19,0.980469,-0.00927734,0.209961,0.291016,-0.00946215,0.496225,0.388532,0.567847,0.473407,0.811703,0.473595,0.268929,0.389207,0.00271329,0,0,0,0,0,-0.00755714,-0.00293619,0.13911,0.495469,0.94457,0.573488,-0.0195312,-0.00927734,0.748842
20,1.07031,0.090332,-0.597656,0.367188,0.0843978,0.53363,0.474364,0.655274,0.654405,0.720572,0.44052,0.288661,0.986297,0.00387949,0,0,0,0,0,-0.0288601,-0.0136902,0.571136,0.478458,0.975186,0.551029,0.0703125,0.090332,0.613089
21,1.04688,0.0461426,0.00479126,0.265625,0.0440765,0.517578,0.442871,0.625816,0.587779,0.812379,0.572989,0.358585,0.00929641,0.00197128,0,0,0,0,0,-0.0218384,-0.0096716,0.332263,0.554554,0.882221,0.589231,0.046875,0.0461426,0.745966
22,0.988281,-0.0556641,0.507812,0.255859,-0.0563241,0.477542,0.368471,0.556784,0.445779,0.781247,0.551103,0.306845,1.00393,0.00391392,0,0,0,0,0,0.0181588,0.00669099,0.287251,0.546272,0.874838,0.622341,-0.0117188,-0.0556641,0.87321
23,1.03906,-0.0393066,0.28125,0.476562,-0.0378289,0.484912,0.397013,0.591796,0.507842,0.811182,0.527897,0.312408,0.407411,0.00274885,0,0,0,0,0,-0.01265,-0.00502222,0.208905,0.547561,0.876578,0.615403,0.0390625,-0.0393066,0.75449
24,1.01562,0.0510254,-0.419922,0.259766,0.0502404,0.520035,0.432781,0.609354,0.558611,0.785278,0.38916,0.237136,0.823906,0.00356232,0,0,0,0,0,-0.0265079,-0.0114721,0.593819,0.466406,0.985148,0.5515,0.015625,0.0510254,0.743163
25,1.07812,-0.0300293,0.746094,0.404297,-0.0278533,0.48889,0.417316,0.617665,0.555662,0.890753,0.573355,0.354141,1.17339,0.00424491,0,0,0,0,0,-0.0045158,-0.00188452,0.0686623,0.515942,0.921519,0.581822,0.078125,-0.0300293,0.788985
26,1.01562,-0.0214844,0.53125,0.194336,-0.0211538,0.491561,0.396526,0.584162,0.498478,0.771571,0.534947,0.312496,1.2051,0.00430683,0,0,0,0,0,0.0164653,0.00652891,0.268328,0.538833,0.905145,0.574043,0.015625,-0.0214844,0.688691
27,0.957031,0.0286865,0.4375,0.486328,0.0299745,0.511956,0.398115,0.567352,0.480384,0.767244,0.514325,0.291803,0.627355,0.00317843,0,0,0,0,0,-0.0179662,-0.0071526,0.304526,0.515841,0.925923,0.574604,-0.0429688,0.0286865,0.703257
28,0.960938,-0.013916,-0.00357056,0.279297,-0.0144817,0.494223,0.37838,0.554888,0.451073,0.836832,0.425715,0.236224,0.00675621,0.00196632,0,0,0,0,0,-0.00581992,-0.00220214,0.119181,0.502975,0.945642,0.561946,-0.0390625,-0.013916,0.774404
29,0.90625,0.00982666,0.28125,0.425781,0.0108432,0.504326,0.368322,0.531201,0.417835,0.879966,0.459778,0.244235,0.431022,0.00279496,0,0,0,0,0,0.0034268,0.00126217,0.0649751,0.478719,0.960777,0.570566,-0.09375,0.00982666,0.761609
30,1,-0.0132446,0.00726318,0.214844,-0.0132446,0.494716,0.39438,0.577867,0.489465,0.804585,0.500904,0.289456,0.0156699,0.00198373,0,0,0,0,0,-0.00726609,-0.0028656,0.12646,0.521847,0.9216,0.572786,0,-0.0132446,0.76359
31,1.01562,0.0649414,-0.400391,0.251953,0.0639423,0.525492,0.439739,0.614315,0.570753,0.864791,0.390764,0.240052,0.797671,0.00351108,0,0,0,0,0,-0.0304873,-0.0134065,0.680161,0.501175,0.953052,0.553697,0.015625,0.0649414,0.747924
32,1.05469,-0.0439453,-0.255859,0.242188,-0.0416667,0.483382,0.40096,0.59934,0.519977,0.863704,0.600471,0.359886,0.519907,0.00296857,0,0,0,0,0,0.0125018,0.00501271,0.181504,0.53068,0.903951,0.589709,0.0546875,-0.0439453,0.917964
33,1.17188,0.0683594,0.165039,0.137695,0.0583333,0.523258,0.504104,0.706476,0.75323,0.818461,0.636421,0.449616,0.444761,0.0028218,0,0,0,0,0,-0.0327735,-0.0165212,0.448936,0.569979,0.874953,0.574255,0.171875,0.0683594,1.12821
34,1.02344,0.0356445,-0.898438,0.279297,0.0348282,0.513892,0.428223,0.608465,0.553605,0.731634,0.382636,0.23282,1.70002,0.00527348,0,0,0,0,0,-0.0218803,-0.00936964,0.498511,0.475348,0.975475,0.554159,0.0234375,0.0356445,0.721314
35,1.03906,0.0300293,0.289062,0.394531,0.0289004,0.511528,0.431681,0.615591,0.565301,0.811387,0.42164,0.259558,0.460205,0.00285196,0,0,0,0,0,-0.0185099,-0.00799036,0.382709,0.525775,0.928248,0.556652,0.0390625,0.0300293,0.834321
36,1.03906,0.0197754,-0.601562,0.357422,0.019032,0.507592,0.426554,0.612007,0.5565,0.816321,0.444067,0.271772,1.00621,0.00391839,0,0,0,0,0,-0.016297,-0.00695157,0.319939,0.497676,0.955951,0.55405,0.0390625,0.0197754,0.706682
37,0.996094,-0.00212097,-0.726562,0.353516,-0.00212929,0.499151,0.398375,0.579402,0.494409,0.791914,0.424315,0.245849,1.22199,0.00433983,0,0,0,0,0,-0.0117453,-0.00467902,0.241313,0.516631,0.934086,0.56069,-0.00390625,-0.00212097,0.736666
38,1.15625,0.164062,-0.0197754,0.257812,0.141892,0.556417,0.54569,0.732308,0.834053,0.857214,0.653511,0.478572,0.0389469,0.00202919,0,0,0,0,0,-0.0304736,-0.0166291,0.406516,0.619184,0.83256,0.555893,0.15625,0.164062,1.19154
39,1.26562,-0.239258,-0.46875,0.202148,-0.189043,0.425029,0.390322,0.658996,0.586627,0.994348,0.688252,0.453556,1.04257,0.0039894,0,0,0,0,0,-0.0147055,-0.00573986,0.186268,0.655338,0.760774,0.669969,0.265625,-0.239258,1.30415
40,0.96875,-0.0400391,0.302734,0.248047,-0.0413306,0.483516,0.368452,0.550614,0.438932,0.805671,0.561322,0.309071,0.607848,0.00314033,0,0,0,0,0,0.0110454,0.00406968,0.171544,0.508952,0.927569,0.582003,-0.03125,-0.0400391,0.877996
41,1.04688,-0.0142822,-0.175781,0.229492,-0.0136427,0.494558,0.412658,0.604812,0.536084,0.819166,0.412568,0.249526,0.366935,0.00266979,0,0,0,0,0,-0.015619,-0.0064453,0.330038,0.500435,0.952369,0.55558,0.046875,-0.0142822,0.714592
42,1.03906,0.0761719,0.145508,0.224609,0.0733083,0.52922,0.454752,0.631984,0.606203,0.847309,0.436117,0.275619,0.307024,0.00255278,0,0,0,0,0,-0.0291341,-0.0132488,0.582378,0.495596,0.959469,0.551797,0.0390625,0.0761719,0.794388
43,1.17188,0.0986328,-0.628906,0.640625,0.0841667,0.533538,0.519241,0.717355,0.78421,0.983684,0.740368,0.531107,0.785749,0.00348779,0,0,0,0,0,0.0251318,0.0130495,0.295926,0.620745,0.800523,0.638778,0.171875,0.0986328,1.18006
44,1.02344,0.0395508,-0.273438,0.195312,0.038645,0.515413,0.430176,0.609841,0.556958,0.782978,0.362063,0.220801,0.618718,0.00316156,0,0,0,0,0,-0.0159641,-0.00686737,0.384386,0.490756,0.964088,0.551405,0.0234375,0.0395508,0.754847
45,1.05469,0.101074,-0.292969,0.310547,0.0958333,0.538174,0.473469,0.650087,0.646786,0.824301,0.463789,0.301503,0.525724,0.00297993,0,0,0,0,0,-0.0339151,-0.0160578,0.6375,0.484317,0.967984,0.553791,0.0546875,0.101074,0.744205
46,0.980469,0.0161133,0.0776367,0.355469,0.0164343,0.506556,0.401227,0.576608,0.49346,0.823762,0.521239,0.300551,0.130217,0.00220745,0,0,0,0,0,-0.0129996,-0.00521578,0.21742,0.561081,0.884269,0.573232,-0.0195312,0.0161133,0.900002
47,1.03125,0.0415039,0.695312,0.441406,0.0402462,0.516052,0.434286,0.615079,0.566926,0.882431,0.539374,0.331758,1.04655,0.00399717,0,0,0,0,0,-0.0220081,-0.0095578,0.355712,0.489192,0.953419,0.5683,0.03125,0.0415039,0.592049
48,1.0625,0.0898438,-0.773438,0.765625,0.0845588,0.533694,0.470987,0.650553,0.645048,0.775149,0.461227,0.300052,0.883929,0.00367955,0,0,0,0,0,-0.0300409,-0.0141489,0.567814,0.468172,0.98475,0.550103,0.0625,0.0898438,0.694311
49,0.9375,0.0217285,0.197266,0.291016,0.0231771,0.509245,0.386804,0.553542,0.456026,0.793007,0.367881,0.203638,0.365673,0.00266733,0,0,0,0,0,-0.0157699,-0.00609984,0.373703,0.494183,0.958578,0.554736,-0.0625,0.0217285,0.780335
50,0.9375,0.00958252,-0.330078,0.25,0.0102214,0.504078,0.380731,0.549316,0.446704,0.75766,0.470001,0.258179,0.660156,0.00324249,0,0,0,0,0,-0.0147073,-0.00559953,0.272798,0.525361,0.916087,0.576647,-0.0625,0.00958252,0.696538
51,1.07031,-0.081543,-0.0361328,0.255859,-0.0761861,0.469636,0.388426,0.596018,0.506113,0.855383,0.643538,0.383561,0.0714334,0.00209264,0,0,0,0,0,0.0215479,0.00836978,0.291903,0.539783,0.899951,0.58171,0.0703125,-0.081543,0.886069
52,1.04688,-0.0284424,-0.117188,0.382812,-0.0271688,0.489163,0.405578,0.600004,0.524498,0.873687,0.669836,0.401904,0.189404,0.00232305,0,0,0,0,0,-2.88612e-05,-1.17055e-05,0.000375623,0.528345,0.900911,0.599597,0.046875,-0.0284424,0.68247
53,1.03906,0.0961914,-1,0.458984,0.0925752,0.536879,0.464762,0.639224,0.624611,0.810579,0.496825,0.317582,1.47605,0.00483604,0,0,0,0,0,-0.0210705,-0.00979277,0.369725,0.556252,0.88673,0.577364,0.0390625,0.0961914,0.823287
54,1,-0.000659943,-0.152344,0.300781,-0.000659943,0.499737,0.400672,0.582179,0.499471,0.85071,0.498259,0.290076,0.277779,0.00249566,0,0,0,0,0,-0.0100646,-0.00403262,0.176096,0.570059,0.873449,0.577003,0,-0.000659943,0.855
55,0.980469,0.0169678,-0.189453,0.240234,0.0173058,0.506904,0.401654,0.576905,0.494146,0.703958,0.311689,0.179815,0.386531,0.00270807,0,0,0,0,0,-0.0172171,-0.00691531,0.481553,0.478113,0.974269,0.552615,-0.0195312,0.0169678,0.738107
56,1.03906,0.0541992,-0.898438,0.40625,0.0521617,0.5208,0.443766,0.624125,0.58646,0.867135,0.39794,0.248364,1.40958,0.00470622,0,0,0,0,0,-0.0244779,-0.0108625,0.536245,0.487133,0.967194,0.551546,0.0390625,0.0541992,0.69137
57,0.964844,-0.0185547,0.574219,0.257812,-0.0192308,0.492329,0.377627,0.555584,0.451276,0.777842,0.441107,0.245072,1.1309,0.00416192,0,0,0,0,0,-0.00961274,-0.00363003,0.189981,0.534885,0.908669,0.574333,-0.0351562,-0.0185547,0.879885
58,1.14062,0.147461,-0.369141,0.416016,0.129281,0.551432,0.531124,0.717069,0.79628,0.899219,0.584885,0.419403,0.572317,0.00307093,0,0,0,0,0,-0.0478162,-0.0253963,0.712707,0.527219,0.927168,0.556223,0.140625,0.147461,0.819827
59,1.11719,-0.0737305,-0.394531,0.271484,-0.0659965,0.47369,0.41113,0.625846,0.56071,0.843836,0.685226,0.428845,0.757197,0.00343203,0,0,0,0,0,0.0104862,0.00431118,0.133411,0.494981,0.935781,0.588373,0.117188,-0.0737305,1.16586
60,1.09375,0.0324707,-0.351562,0.267578,0.0296875,0.511842,0.454832,0.648292,0.627155,0.802879,0.562093,0.3644,0.679637,0.00328054,0,0,0,0,0,-0.00881817,-0.00401079,0.136766,0.593857,0.850425,0.574944,0.09375,0.0324707,0.940012
61,0.984375,-0.0556641,-0.15625,0.219727,-0.0565476,0.477453,0.366905,0.554511,0.442101,0.777586,0.468853,0.259984,0.333333,0.00260417,0,0,0,0,0,0.00217395,0.000797632,0.0404222,0.503932,0.926057,0.592097,-0.015625,-0.0556641,0.902889
62,1.02344,-0.0177002,0.582031,0.269531,-0.0172948,0.493101,0.401551,0.589998,0.50934,0.829451,0.43716,0.257923,1.12109,0.00414276,0,0,0,0,0,-0.0041795,-0.00167828,0.0833472,0.53106,0.920196,0.56133,0.0234375,-0.0177002,0.918545
63,0.941406,-0.0410156,0.302734,0.24707,-0.0435685,0.482624,0.356998,0.534368,0.412997,0.80877,0.511865,0.273524,0.609048,0.00314267,0,0,0,0,0,0.00677832,0.00241985,0.115444,0.538185,0.901544,0.581506,-0.0585938,-0.0410156,0.693243
64,1.11719,0.0241699,0.304688,0.162109,0.0216346,0.50863,0.46008,0.659036,0.646002,0.851711,0.58677,0.386702,0.756747,0.00343115,0,0,0,0,0,-0.0182814,-0.00841091,0.271612,0.616186,0.835635,0.556401,0.117188,0.0241699,1.29912
65,1.01562,0.0078125,-0.0981445,0.419922,0.00769231,0.503069,0.411174,0.594203,0.522141,0.855786,0.380142,0.225881,0.151454,0.00224893,0,0,0,0,0,-0.0174322,-0.00716767,0.399773,0.464376,0.98493,0.553963,0.015625,0.0078125,0.679684
66,0.933594,-0.0402832,-0.427734,0.322266,-0.0431485,0.482792,0.354232,0.530064,0.406448,0.80732,0.618991,0.328105,0.753472,0.00342475,0,0,0,0,0,0.0173112,0.00613217,0.243809,0.546173,0.884093,0.601383,-0.0664062,-0.0402832,0.737553
67,1.04688,0.0495605,-0.435547,0.237305,0.0473414,0.518879,0.44458,0.627026,0.590813,0.786669,0.432685,0.271304,0.894091,0.0036994,0,0,0,0,0,-0.022151,-0.0098479,0.446303,0.501027,0.954348,0.552094,0.046875,0.0495605,0.687997
68,0.996094,0.0194092,-0.496094,0.238281,0.0194853,0.507773,0.409141,0.586855,0.511795,0.798494,0.449689,0.263902,1.01629,0.00393807,0,0,0,0,0,-0.00953298,-0.00390033,0.184809,0.489537,0.95918,0.559589,-0.00390625,0.0194092,0.821719
69,1.00781,-0.0361328,-0.180664,0.310547,-0.0358527,0.4857,0.386069,0.574667,0.479291,0.883684,0.593753,0.34121,0.324196,0.00258632,0,0,0,0,0,0.011694,0.00451467,0.171697,0.494426,0.923709,0.611147,0.0078125,-0.0361328,0.860517
70,1.00781,0.000991821,-0.108887,0.189453,0.000984133,0.500393,0.404631,0.587298,0.508645,0.799375,0.397813,0.233635,0.250164,0.00244173,0,0,0,0,0,-0.0123431,-0.00499439,0.27049,0.526511,0.925214,0.560201,0.0078125,0.000991821,0.779498
71,0.992188,-0.000865936,-0.0751953,0.298828,-0.000872755,0.499652,0.397437,0.577558,0.491529,0.866726,0.518318,0.299359,0.137556,0.00222179,0,0,0,0,0,-0.00401989,-0.00159765,0.0676121,0.484765,0.957405,0.568019,-0.0078125,-0.000865936,0.71527
72,1.04688,0.0378418,0.308594,0.357422,0.0361474,0.514418,0.43872,0.622885,0.580462,0.757566,0.543565,0.338579,0.516175,0.00296128,0,0,0,0,0,-0.0193262,-0.0084788,0.309958,0.513664,0.927735,0.574828,0.046875,0.0378418,0.923069
73,0.9375,0.017334,0.120605,0.332031,0.0184896,0.507376,0.384607,0.552009,0.452636,0.834291,0.374036,0.206471,0.209304,0.00236192,0,0,0,0,0,-0.0165828,-0.00637787,0.386502,0.486554,0.964355,0.556047,-0.0625,0.017334,0.733198
74,1,0.0230713,0.00689697,0.240234,0.0230713,0.509203,0.412538,0.590408,0.518769,0.767683,0.316794,0.187038,0.0140715,0.00198061,0,0,0,0,0,-0.00662618,-0.00273355,0.182345,0.488043,0.965659,0.552521,0,0.0230713,0.853795
75,1.08594,0.029541,-0.625,0.429688,0.0272032,0.510851,0.450234,0.642716,0.615795,0.868022,0.438494,0.281827,0.953463,0.00381536,0,0,0,0,0,-0.0227325,-0.0102349,0.451949,0.489205,0.964398,0.552834,0.0859375,0.029541,0.674998
76,1.07812,-0.0834961,0.296875,0.316406,-0.0774457,0.469135,0.390583,0.599927,0.512467,1.01658,0.680752,0.408401,0.527778,0.00298394,0,0,0,0,0,-0.00449271,-0.00175477,0.0575342,0.774728,0.633547,0.673367,0.078125,-0.0834961,0.971376
77,0.945312,0.000774384,-0.8125,0.211914,0.000819183,0.500327,0.37946,0.550823,0.447395,0.800158,0.429317,0.236477,1.765,0.00540038,0,0,0,0,0,-0.000987203,-0.000374604,0.0200464,0.499309,0.945174,0.567466,-0.0546875,0.000774384,0.830776
78,0.957031,0.019043,0.239258,0.227539,0.019898,0.507938,0.393293,0.563979,0.472752,0.797665,0.485887,0.27403,0.501578,0.00293277,0,0,0,0,0,-0.00754333,-0.00296674,0.135342,0.506563,0.931628,0.57873,-0.0429688,0.019043,0.858879
79,1.07812,0.0415039,0.255859,0.248047,0.0384964,0.515354,0.453083,0.642371,0.617925,0.778152,0.527795,0.33904,0.513729,0.0029565,0,0,0,0,0,-0.0306952,-0.0139075,0.507005,0.542474,0.90143,0.574544,0.078125,0.0415039,0.780589
80,1.07031,-0.00149536,-0.496094,0.171875,-0.00139713,0.499443,0.42845,0.622842,0.571502,0.773642,0.590594,0.367847,1.19662,0.00429028,0,0,0,0,0,-0.00851641,-0.00364886,0.125711,0.514516,0.924182,0.579452,0.0703125,-0.00149536,0.81444
81,1.02344,0.0500488,-0.431641,0.34375,0.0489027,0.519502,0.435425,0.613555,0.566045,0.81025,0.387148,0.237537,0.736209,0.00339103,0,0,0,0,0,-0.0285285,-0.012422,0.642404,0.471224,0.981947,0.550355,0.0234375,0.0500488,0.718476
82,1.32812,0.181641,-0.400391,0.164062,0.136765,0.554392,0.623402,0.838631,1.09193,0.753329,0.844626,0.708329,0.988506,0.0038838,0,0,0,0,0,-0.0545466,-0.0340044,0.563002,0.696704,0.738018,0.564617,0.328125,0.181641,1.49587
83,1.01562,0.0529785,-0.285156,0.230469,0.0521635,0.520801,0.433757,0.610048,0.560303,0.689253,0.437338,0.266797,0.593987,0.00311326,0,0,0,0,0,-0.0291497,-0.0126439,0.581064,0.538584,0.91294,0.561469,0.015625,0.0529785,0.70239
84,1.03125,0.0820312,-0.0302734,0.242188,0.0795455,0.531701,0.454549,0.62955,0.602948,0.834505,0.397125,0.25001,0.0615157,0.00207327,0,0,0,0,0,-0.0264817,-0.0120373,0.581335,0.475173,0.977197,0.552104,0.03125,0.0820312,0.627948
85,1.00781,0.0185547,-0.644531,0.359375,0.0184109,0.507344,0.413413,0.593382,0.523012,0.84952,0.461943,0.274109,1.07515,0.00405303,0,0,0,0,0,-0.00793417,-0.00328008,0.149734,0.507048,0.93562,0.571639,0.0078125,0.0185547,0.749044
86,1.05469,-0.0683594,0.273438,0.339844,-0.0648148,0.474161,0.388752,0.591243,0.500697,0.826662,0.563089,0.332923,0.469049,0.00286924,0,0,0,0,0,0.00580875,0.00225817,0.0899316,0.500544,0.939793,0.574067,0.0546875,-0.0683594,0.896132
87,0.984375,-0.0849609,0.275391,0.480469,-0.0863095,0.46561,0.352256,0.544929,0.421032,0.843376,0.520592,0.283685,0.397298,0.0027291,0,0,0,0,0,0.0221732,0.00781066,0.371312,0.490849,0.954911,0.56403,-0.015625,-0.0849609,0.934518
88,1,0.0544434,-0.00524902,0.427734,0.0544434,0.521709,0.428224,0.601473,0.545146,0.822024,0.497491,0.299227,0.00802586,0.0019688,0,0,0,0,0,-0.0213744,-0.00915301,0.374554,0.486846,0.952527,0.572623,0,0.0544434,0.747059
89,1.13281,0.106445,0.240234,0.200195,0.0939655,0.537432,0.507483,0.697471,0.744005,0.712797,0.66295,0.462388,0.536918,0.00300179,0,0,0,0,0,-0.0244314,-0.0123985,0.321274,0.618949,0.827562,0.566878,0.132812,0.106445,1.27445
90,1.08594,-0.0341797,0.298828,0.201172,-0.0314748,0.487445,0.418374,0.620814,0.560446,0.787029,0.568284,0.352799,0.666251,0.0032544,0,0,0,0,0,0.000970966,0.000406227,0.0148952,0.563626,0.874408,0.587591,0.0859375,-0.0341797,1.22573
91,1.53125,0.0649414,0.0212402,0.148438,0.0424107,0.516914,0.646506,0.91447,1.25422,0.87412,1.05317,0.963092,0.0551299,0.0020608,0,0,0,0,0,-0.0348163,-0.0225089,0.288198,0.800213,0.600829,0.564268,0.53125,0.0649414,1.94009
92,0.988281,0.0245361,0.0444336,0.18457,0.0248271,0.509904,0.408571,0.584096,0.508098,0.729792,0.513701,0.30005,0.103426,0.00215513,0,0,0,0,0,-0.0109006,-0.00445369,0.18499,0.534876,0.899505,0.590957,-0.0117188,0.0245361,0.804012
93,1,-0.00189209,0.535156,0.259766,-0.00189209,0.499245,0.400056,0.581755,0.498484,0.758096,0.488102,0.283956,1.05,0.00400391,0,0,0,0,0,-0.0057353,-0.00229444,0.102436,0.540129,0.896579,0.587398,0,-0.00189209,0.820634
94,0.960938,0.0147705,0.412109,0.208984,0.0153709,0.506132,0.392723,0.564766,0.473193,0.844437,0.355199,0.200605,0.901479,0.00371383,0,0,0,0,0,-0.0086728,-0.00340601,0.21286,0.475976,0.972733,0.557086,-0.0390625,0.0147705,0.652783
95,1.03125,-0.034668,-0.384766,0.142578,-0.0336174,0.486591,0.3962,0.588806,0.503666,0.76274,0.55313,0.325686,1.01899,0.00394334,0,0,0,0,0,0.0121691,0.00482139,0.191795,0.530562,0.914974,0.570484,0.03125,-0.034668,0.832349
96,1.14062,0.0466309,-0.494141,0.357422,0.0408818,0.516305,0.480709,0.680571,0.694257,0.835015,0.621497,0.422973,0.826533,0.00356745,0,0,0,0,0,-0.00399138,-0.00191869,0.0559874,0.635535,0.783005,0.652617,0.140625,0.0466309,0.986597
97,0.949219,0.00897217,0.235352,0.330078,0.00945216,0.503771,0.385125,0.555929,0.457379,0.840248,0.398806,0.221708,0.409646,0.00275321,0,0,0,0,0,-0.0123044,-0.00473874,0.268971,0.492536,0.949664,0.569594,-0.0507812,0.00897217,0.846973
98,0.996094,-0.0289307,0.28125,0.173828,-0.0290441,0.488415,0.384971,0.570268,0.473408,0.810074,0.38846,0.221526,0.674579,0.00327066,0,0,0,0,0,-0.00214316,-0.000825053,0.0480966,0.498968,0.948831,0.562503,-0.00390625,-0.0289307,0.795653
99,0.96875,-0.0212402,0.365234,0.369141,-0.0219254,0.491254,0.377851,0.556947,0.452961,0.771907,0.524033,0.291859,0.60114,0.00312723,0,0,0,0,0,-0.00270482,-0.00102202,0.0449973,0.52258,0.920627,0.57329,-0.03125,-0.0212402,0.679885
100,1.02344,-0.0893555,-0.225586,0.249023,-0.0873092,0.465213,0.365723,0.566222,0.454361,0.860331,0.642946,0.364051,0.452056,0.00283605,0,0,0,0,0,0.0246158,0.00900258,0.333769,0.501752,0.930774,0.587123,0.0234375,-0.0893555,0.857588
101,0.980469,-0.0297852,-0.00686646,0.248047,-0.0303785,0.487883,0.378278,0.560881,0.457682,0.844097,0.58272,0.326837,0.0137869,0.00198005,0,0,0,0,0,0.0135045,0.00510847,0.202035,0.528614,0.913819,0.575445,-0.0195312,-0.0297852,0.741586
102,0.917969,-0.0195312,0.0311279,0.546875,-0.0212766,0.491513,0.358342,0.527954,0.407145,0.784396,0.409738,0.216323,0.0420926,0.00203534,0,0,0,0,0,0.00137579,0.000493003,0.029272,0.48307,0.960417,0.565755,-0.0820312,-0.0195312,0.82732
103,1.4375,0.230469,-0.222656,0.174805,0.160326,0.563688,0.691675,0.920353,1.32546,0.796381,0.983436,0.905108,0.532548,0.00299326,0,0,0,0,0,-0.0462164,-0.0319667,0.409691,0.755133,0.660712,0.578449,0.4375,0.230469,1.71132
104,1.03125,0.0712891,0.050293,0.193359,0.0691288,0.527556,0.449178,0.625683,0.59324,0.791201,0.421348,0.26363,0.114373,0.00217651,0,0,0,0,0,-0.0304759,-0.0136891,0.630555,0.501688,0.952969,0.553168,0.03125,0.0712891,0.670462
105,1.00781,0.0678711,-0.22168,0.271484,0.067345,0.526846,0.438071,0.610818,0.565004,0.738207,0.443086,0.270645,0.425455,0.00278409,0,0,0,0,0,-0.0247109,-0.0108251,0.486191,0.548737,0.89892,0.568512,0.0078125,0.0678711,0.670502
106,0.992188,0.0227051,-0.306641,0.235352,0.0228839,0.509129,0.409222,0.585731,0.510543,0.800681,0.34285,0.200818,0.632079,0.00318765,0,0,0,0,0,-0.0167172,-0.00684104,0.425075,0.483712,0.968018,0.554454,-0.0078125,0.0227051,0.695007
107,1.00781,0.0300293,-0.120605,0.470703,0.0297965,0.511885,0.41915,0.597394,0.532566,0.883071,0.467081,0.279031,0.17579,0.00229646,0,0,0,0,0,-0.0208642,-0.00874523,0.389419,0.519185,0.929132,0.564661,0.0078125,0.0300293,0.772046
108,0.902344,0.0339355,0.283203,0.376953,0.0376082,0.515,0.37881,0.537354,0.432247,0.848007,0.43966,0.236253,0.461269,0.00285404,0,0,0,0,0,0.00124601,0.000472002,0.0247066,0.486878,0.958459,0.563878,-0.0976562,0.0339355,0.789545
109,0.992188,0.078125,0.373047,0.28125,0.0787402,0.53138,0.436932,0.605415,0.557437,0.80238,0.393697,0.23835,0.703424,0.003327,0,0,0,0,0,-0.0209092,-0.0091359,0.463001,0.535169,0.914226,0.564634,-0.0078125,0.078125,0.745761
110,1.02344,-0.0405273,0.090332,0.248047,-0.0395992,0.484206,0.390137,0.58229,0.491268,0.812404,0.597013,0.347635,0.181374,0.00230737,0,0,0,0,0,0.0023623,0.000921622,0.0344952,0.527538,0.911635,0.580916,0.0234375,-0.0405273,0.784987
111,1.02344,-0.0544434,-0.0192871,0.204102,-0.0531966,0.478788,0.383179,0.577651,0.480507,0.846921,0.561983,0.32463,0.0426918,0.00203651,0,0,0,0,0,0.0100995,0.00386992,0.156669,0.507065,0.936315,0.570528,0.0234375,-0.0544434,0.906897
112,1.02344,0.0306396,0.314453,0.523438,0.029938,0.511942,0.425721,0.606706,0.549331,0.833309,0.554522,0.336432,0.434634,0.00280202,0,0,0,0,0,-0.00544131,-0.00231648,0.0855444,0.485466,0.948331,0.580896,0.0234375,0.0306396,0.974428
113,1,0.026001,0.253906,0.3125,0.026001,0.510372,0.414003,0.591433,0.521191,0.832213,0.538167,0.318289,0.454201,0.00284024,0,0,0,0,0,-0.0160656,-0.0066512,0.260248,0.515699,0.923987,0.578013,0,0.026001,0.759511
114,1.00781,0.0223389,-0.333984,0.216797,0.0221657,0.508842,0.415305,0.594702,0.526148,0.793148,0.361334,0.214886,0.717298,0.0033541,0,0,0,0,0,-0.0186662,-0.00775217,0.450354,0.474215,0.978654,0.551286,0.0078125,0.0223389,0.759285
115,1.03125,-0.0213623,0.445312,0.177734,-0.020715,0.491737,0.402853,0.593303,0.514298,0.877398,0.575192,0.341263,1.05628,0.00401617,0,0,0,0,0,0.00633008,0.00255009,0.0959407,0.506445,0.938757,0.567609,0.03125,-0.0213623,0.875514
116,0.996094,-0.0668945,0.390625,0.283203,-0.0671569,0.473228,0.365989,0.55763,0.444899,0.838963,0.594381,0.331444,0.734025,0.00338677,0,0,0,0,0,0.012405,0.00454009,0.181944,0.529518,0.900198,0.598956,-0.00390625,-0.0668945,0.696231
117,1.03125,0.0244141,-0.0578613,0.490234,0.0236742,0.509444,0.425741,0.609076,0.552228,0.79422,0.359872,0.219189,0.0826393,0.00211453,0,0,0,0,0,-0.0199685,-0.00850139,0.48373,0.495248,0.959418,0.552289,0.03125,0.0244141,0.722122
118,1.09375,-0.0830078,-0.335938,0.259766,-0.0758929,0.469752,0.397092,0.609174,0.528776,0.81473,0.671828,0.40926,0.659125,0.00324048,0,0,0,0,0,0.011205,0.00444941,0.145398,0.55871,0.870087,0.60701,0.09375,-0.0830078,0.85982
119,0.914062,-0.0390625,-0.043457,0.204102,-0.042735,0.482956,0.34701,0.519101,0.389882,0.784015,0.355723,0.184656,0.0961915,0.002141,0,0,0,0,0,-0.00138145,-0.000479376,0.0338555,0.495649,0.948451,0.567364,-0.0859375,-0.0390625,0.93394
120,1,-0.0088501,0.0883789,0.233398,-0.0088501,0.496469,0.396577,0.579368,0.492941,0.767798,0.46023,0.266643,0.182936,0.00231042,0,0,0,0,0,0.000870052,0.000345043,0.0164808,0.509362,0.935887,0.56801,0,-0.0088501,0.840759
121,0.941406,0.0947266,0.0986328,0.445312,0.100622,0.540075,0.424869,0.581906,0.519129,0.792965,0.416151,0.242161,0.147805,0.00224181,0,0,0,0,0,-0.0183775,-0.00780804,0.384984,0.557793,0.888162,0.571989,-0.0585938,0.0947266,0.692161
122,0.96875,-0.0458984,0.777344,0.202148,-0.047379,0.481106,0.365522,0.548657,0.434631,0.796526,0.447491,0.245519,1.72893,0.00532995,0,0,0,0,0,0.00483111,0.00176588,0.0941174,0.493971,0.944678,0.575323,-0.03125,-0.0458984,0.861801
123,1.01562,-0.0515137,0.300781,0.243164,-0.0507212,0.479774,0.381511,0.574076,0.475114,0.839378,0.586619,0.336764,0.60996,0.00314445,0,0,0,0,0,0.00298285,0.00113799,0.0443284,0.518554,0.898187,0.623164,0.015625,-0.0515137,0.980594
124,0.972656,0.03125,0.542969,0.200195,0.0321285,0.512815,0.405662,0.577351,0.497896,0.813094,0.4044,0.233481,1.21352,0.00432329,0,0,0,0,0,-0.0276495,-0.0112164,0.59605,0.501384,0.950315,0.557271,-0.0273438,0.03125,0.838013
125,0.984375,0.0170898,-0.052002,0.333984,0.0173611,0.506926,0.403282,0.579223,0.498135,0.819738,0.384958,0.222976,0.0899822,0.00212887,0,0,0,0,0,-0.0211819,-0.00854227,0.479688,0.479517,0.968229,0.559078,-0.015625,0.0170898,0.773099
126,1.14062,0.101562,-0.345703,0.199219,0.0890411,0.535475,0.508175,0.700241,0.748578,0.768138,0.557675,0.390506,0.77453,0.00346588,0,0,0,0,0,-0.0257078,-0.0130641,0.401876,0.626913,0.819301,0.565779,0.140625,0.101562,0.98671
127,1.01562,-0.0380859,-0.738281,0.355469,-0.0375,0.485043,0.388225,0.57856,0.48545,0.889786,0.568271,0.328779,1.23829,0.00437165,0,0,0,0,0,0.0202161,0.00784839,0.310133,0.496434,0.94695,0.568584,0.015625,-0.0380859,0.956659
128,1.125,-0.0512695,0.0800781,0.202148,-0.0455729,0.481825,0.425493,0.637828,0.587869,0.784387,0.652808,0.416379,0.178106,0.00230099,0,0,0,0,0,0.0237261,0.0100953,0.316846,0.536312,0.906295,0.576142,0.125,-0.0512695,1.08045
129,1.02344,-0.0247803,0.0913086,0.237305,-0.0242128,0.490341,0.398011,0.587594,0.503679,0.741029,0.589171,0.346194,0.187438,0.00231922,0,0,0,0,0,0.00765635,0.00304731,0.113289,0.621363,0.819115,0.580281,0.0234375,-0.0247803,0.882835
130,1.03125,-0.057373,0.441406,0.285156,-0.0556345,0.477817,0.384847,0.581227,0.485933,0.804627,0.586288,0.340767,0.826603,0.00356758,0,0,0,0,0,0.00530588,0.00204195,0.0788957,0.509745,0.926155,0.583222,0.03125,-0.057373,0.709013
131,0.996094,0.00338745,0.582031,0.197266,0.00340074,0.501357,0.40113,0.581299,0.498813,0.746533,0.497957,0.289462,1.31045,0.0045126,0,0,0,0,0,-0.00879396,-0.00352752,0.153957,0.535806,0.908477,0.573188,-0.00390625,0.00338745,0.921272
132,1.07812,0.117676,0.124023,0.332031,0.109149,0.543458,0.491169,0.669779,0.68985,0.782783,0.539746,0.36151,0.215236,0.00237351,0,0,0,0,0,-0.0340112,-0.0167053,0.549338,0.539255,0.906735,0.570634,0.078125,0.117676,0.845842
133,1.23438,0.128906,0.0354004,0.205078,0.10443,0.541586,0.55944,0.764715,0.897763,0.868195,0.728819,0.557339,0.0781715,0.0021058,0,0,0,0,0,-0.0266229,-0.0148939,0.318451,0.732929,0.685461,0.601545,0.234375,0.128906,1.20254
134,1.0625,-0.00466919,-0.137695,0.196289,-0.00439453,0.498247,0.42373,0.617202,0.560485,0.818827,0.524777,0.323893,0.310793,0.00256014,0,0,0,0,0,-0.020477,-0.00867675,0.340173,0.585992,0.84923,0.595108,0.0625,-0.00466919,0.869506
135,1.03906,0.0332031,-0.6875,0.306641,0.0319549,0.512746,0.433268,0.616705,0.568046,0.800531,0.522463,0.322205,1.24153,0.00437799,0,0,0,0,0,-0.0156304,-0.00677216,0.260809,0.522631,0.909606,0.592548,0.0390625,0.0332031,0.723849
136,1.07812,0.0839844,-0.375,0.285156,0.0778986,0.531046,0.474323,0.657525,0.657321,0.884867,0.504569,0.331767,0.702247,0.0033247,0,0,0,0,0,-0.0324151,-0.0153752,0.560059,0.552333,0.901569,0.558205,0.078125,0.0839844,0.835955
137,0.984375,-0.0251465,0.0786133,0.289062,-0.0255456,0.48981,0.382163,0.564723,0.464961,0.775522,0.50481,0.285078,0.146218,0.00223871,0,0,0,0,0,-0.00316238,-0.00120855,0.0546127,0.488463,0.954573,0.567525,-0.015625,-0.0251465,0.90911
138,0.96875,-0.0490723,0.378906,0.355469,-0.0506552,0.4798,0.363935,0.547601,0.432316,0.866084,0.473041,0.259038,0.635523,0.00319438,0,0,0,0,0,0.015176,0.00552307,0.279682,0.482091,0.962366,0.56417,-0.03125,-0.0490723,0.767437
139,1.02344,0.078125,0.0668945,0.226562,0.0763359,0.530424,0.449463,0.623596,0.590889,0.773011,0.387027,0.241348,0.140539,0.00222762,0,0,0,0,0,-0.0260759,-0.0117201,0.58736,0.488518,0.961848,0.557124,0.0234375,0.078125,0.848438
140,0.953125,-0.02771,-0.0444336,0.34375,-0.0290727,0.488403,0.36835,0.545659,0.433426,0.827126,0.53493,0.291889,0.0757862,0.00210114,0,0,0,0,0,0.00755937,0.0027845,0.123196,0.511405,0.929744,0.574836,-0.046875,-0.02771,1.00362
141,0.996094,-0.0493164,-0.0488281,0.291016,-0.0495098,0.480257,0.374778,0.563437,0.45792,0.885351,0.588903,0.33181,0.0905132,0.00212991,0,0,0,0,0,0.00969745,0.00363439,0.143556,0.53485,0.899607,0.590809,-0.00390625,-0.0493164,0.750711
142,0.996094,-0.0131226,-0.53125,0.271484,-0.013174,0.494744,0.392875,0.575633,0.485704,0.803182,0.564855,0.32515,1.01959,0.00394452,0,0,0,0,0,0.00779669,0.00306312,0.120332,0.519159,0.912759,0.592361,-0.00390625,-0.0131226,0.91657
143,1.03125,0.059082,-0.0395508,0.226562,0.0572917,0.522844,0.443075,0.621316,0.582348,0.814904,0.419358,0.260554,0.0830924,0.00211541,0,0,0,0,0,-0.0167957,-0.00744175,0.349157,0.507564,0.941373,0.562157,0.03125,0.059082,0.764246
144,1.02344,0.0527344,0.347656,0.3125,0.0515267,0.520547,0.436768,0.614509,0.568387,0.745416,0.380381,0.233748,0.621906,0.00316779,0,0,0,0,0,-0.0167797,-0.00732886,0.384568,0.498951,0.952819,0.556819,0.0234375,0.0527344,0.744933
145,1.00781,-0.0317383,0.119629,0.447266,-0.0314922,0.487438,0.388266,0.576145,0.482694,0.857728,0.582923,0.335848,0.178877,0.00230249,0,0,0,0,0,-0.00342309,-0.00132907,0.0511934,0.506719,0.922437,0.59433,0.0078125,-0.0317383,0.855933
146,0.996094,-0.0236816,0.259766,0.149414,-0.0237745,0.490516,0.387595,0.572043,0.477463,0.750093,0.475128,0.271794,0.672026,0.00326568,0,0,0,0,0,-0.000156704,-6.07376e-05,0.00287525,0.538212,0.906866,0.572084,-0.00390625,-0.0236816,0.82835
147,1.00781,0.0581055,-0.5,0.423828,0.057655,0.522988,0.433188,0.607326,0.556496,0.804015,0.351373,0.213398,0.768025,0.00345317,0,0,0,0,0,-0.0219687,-0.00951659,0.545059,0.466769,0.985674,0.550443,0.0078125,0.0581055,0.705627
148,1.02344,-0.0319824,0.369141,0.263672,-0.03125,0.487535,0.39441,0.585161,0.497972,0.883438,0.679299,0.397499,0.718886,0.0033572,0,0,0,0,0,0.0125373,0.00494481,0.160897,0.54995,0.885637,0.591022,0.0234375,-0.0319824,0.921811
149,1.375,0.138672,-0.200195,0.208008,0.100852,0.540166,0.620714,0.850037,1.10785,0.740357,0.887737,0.754609,0.438949,0.00281045,0,0,0,0,0,-0.0350241,-0.02174,0.343946,0.716777,0.714779,0.557686,0.375,0.138672,1.235
150,1.13281,-0.106445,-0.527344,0.279297,-0.0939655,0.462568,0.401038,0.624306,0.55059,0.832631,0.752365,0.469706,0.99784,0.00390203,0,0,0,0,0,0.0306001,0.0122718,0.35457,0.523532,0.901401,0.607106,0.132812,-0.106445,0.978304
151,1.00781,-0.0603027,-0.249023,0.197266,-0.0598353,0.476143,0.373984,0.566618,0.46092,0.774217,0.594759,0.337001,0.560679,0.0030482,0,0,0,0,0,0.0226153,0.00845774,0.331488,0.550016,0.883844,0.594539,0.0078125,-0.0603027,0.918081
152,1.47656,0.100586,-0.267578,0.161133,0.0681217,0.527156,0.642398,0.895331,1.21429,0.87787,1.06639,0.954775,0.66659,0.00325506,0,0,0,0,0,-0.0306397,-0.0196829,0.25048,0.760807,0.65482,0.567553,0.476562,0.100586,1.5259
153,0.972656,0.0143433,-0.265625,0.292969,0.0147465,0.505883,0.397209,0.571443,0.484322,0.822215,0.377806,0.215894,0.490748,0.00291162,0,0,0,0,0,-0.0106296,-0.00422216,0.245275,0.467417,0.979951,0.557125,-0.0273438,0.0143433,0.812896
154,1.01562,0.00546265,-0.189453,0.341797,0.00537861,0.502146,0.409999,0.59339,0.520212,0.8374,0.408977,0.242683,0.324054,0.00258604,0,0,0,0,0,-0.0185968,-0.0076247,0.396412,0.498752,0.955191,0.553763,0.015625,0.00546265,0.758514
155,1.01562,-0.0177002,0.373047,0.302734,-0.0174279,0.493048,0.398418,0.585448,0.501486,0.904369,0.524351,0.306981,0.678004,0.00327735,0,0,0,0,0,0.00297908,0.00118692,0.0495298,0.514089,0.932692,0.566356,0.015625,-0.0177002,0.768764
156,1.04688,-0.00146484,-0.785156,0.332031,-0.00139925,0.499442,0.419067,0.609203,0.546745,0.759999,0.470592,0.286686,1.36259,0.00461444,0,0,0,0,0,-0.0190129,-0.0079677,0.352218,0.526307,0.906251,0.59274,0.046875,-0.00146484,0.762988
157,1,-0.0106812,-0.273438,0.289062,-0.0106812,0.495739,0.395662,0.578742,0.491491,0.84142,0.572921,0.331574,0.508583,0.00294645,0,0,0,0,0,0.012285,0.00486072,0.186934,0.518275,0.909119,0.600726,0,-0.0106812,0.915735
158,1.01562,-0.0473633,0.205078,0.219727,-0.0466346,0.481402,0.383586,0.575457,0.47829,0.807367,0.544196,0.313162,0.4375,0.00280762,0,0,0,0,0,0.00145601,0.000558506,0.0233247,0.503274,0.936123,0.576108,0.015625,-0.0473633,0.839936
159,1.04688,-0.131836,0.102051,0.263672,-0.125933,0.449893,0.353881,0.566341,0.445975,0.789568,0.64338,0.364373,0.19874,0.00234129,0,0,0,0,0,0.0223867,0.00792222,0.303339,0.522037,0.9069,0.598696,0.046875,-0.131836,0.977635
160,0.976562,0.0270996,-0.431641,0.675781,0.02775,0.511069,0.405154,0.578169,0.498429,0.801521,0.458529,0.265107,0.525072,0.00297866,0,0,0,0,0,-0.0107843,-0.0043693,0.205037,0.531724,0.91554,0.567771,-0.0234375,0.0270996,0.738905
161,1.07031,-0.0415039,-0.71875,0.25,-0.0387774,0.484534,0.408446,0.609254,0.538019,0.869704,0.6475,0.394492,1.4375,0.00476074,0,0,0,0,0,0.0242607,0.00990917,0.32664,0.512934,0.92225,0.585136,0.0703125,-0.0415039,0.944656
162,0.945312,-0.0629883,-0.382812,0.318359,-0.0666322,0.473437,0.347578,0.529364,0.401037,0.763433,0.561322,0.297144,0.678465,0.00327825,0,0,0,0,0,0.0231357,0.00804147,0.359317,0.599655,0.827157,0.617931,-0.0546875,-0.0629883,0.674569
163,0.992188,-0.0143433,0.300781,0.168945,-0.0144562,0.494233,0.390698,0.572942,0.480907,0.791151,0.477827,0.273767,0.731775,0.00338237,0,0,0,0,0,-0.00301572,-0.00117824,0.0550209,0.620397,0.815493,0.592064,-0.0078125,-0.0143433,0.697702
164,1.11719,-0.0917969,0.625,0.402344,-0.0821678,0.467257,0.402096,0.619949,0.546018,0.82259,0.69981,0.433847,0.985329,0.0038776,0,0,0,0,0,0.00107585,0.000432593,0.0134022,0.515274,0.913314,0.59764,0.117188,-0.0917969,0.950536
165,0.964844,0.0432129,0.289062,0.277344,0.0447874,0.517862,0.408511,0.57702,0.499834,0.81524,0.448981,0.259071,0.548887,0.00302517,0,0,0,0,0,-0.0116658,-0.0047656,0.226513,0.48291,0.954485,0.57469,-0.0351562,0.0432129,0.903773
166,1.05469,0.0240479,-0.464844,0.176758,0.0228009,0.509095,0.434956,0.622597,0.576813,0.749504,0.478797,0.298097,1.10565,0.0041126,0,0,0,0,0,-0.0212461,-0.0092411,0.386842,0.588245,0.860445,0.566508,0.0546875,0.0240479,0.806889
167,1.07812,0.114746,-0.478516,0.423828,0.106431,0.54238,0.489704,0.668705,0.686977,0.752429,0.441628,0.295319,0.735024,0.00338872,0,0,0,0,0,-0.0395934,-0.0193891,0.78158,0.488863,0.965269,0.552072,0.078125,0.114746,0.772444
168,1.07812,0.0566406,-0.605469,0.498047,0.0525362,0.520949,0.460651,0.647732,0.631756,0.794755,0.452707,0.293233,0.857939,0.00362879,0,0,0,0,0,-0.0324863,-0.0149648,0.625589,0.480365,0.971837,0.553246,0.078125,0.0566406,0.852378
169,0.964844,-0.00198364,0.202148,0.244141,-0.00205592,0.49918,0.385913,0.561249,0.463929,0.754825,0.371873,0.208713,0.40912,0.00275219,0,0,0,0,0,-0.00768684,-0.00296645,0.180202,0.481477,0.961691,0.565876,-0.0351562,-0.00198364,0.722609
170,1.07812,0.0620117,-0.235352,0.265625,0.0575181,0.522934,0.463337,0.649644,0.636719,0.790869,0.462219,0.300278,0.456649,0.00284502,0,0,0,0,0,-0.0203787,-0.00944218,0.384357,0.50791,0.947305,0.553149,0.078125,0.0620117,0.765173
171,1.02344,-0.0349121,-0.0179443,0.279297,-0.0341126,0.486394,0.392945,0.584175,0.495666,0.859924,0.543557,0.317532,0.0339543,0.00201944,0,0,0,0,0,0.0155054,0.00609278,0.248683,0.545448,0.893478,0.583937,0.0234375,-0.0349121,0.832999
172,1.07812,-0.0236816,-0.265625,0.390625,-0.0219656,0.491238,0.42049,0.619814,0.560981,0.837237,0.649994,0.402875,0.425,0.0027832,0,0,0,0,0,0.0270661,0.011381,0.363013,0.553697,0.877072,0.601689,0.078125,-0.0236816,0.713767
173,1.0625,-0.0339355,0.0805664,0.261719,-0.0319393,0.48726,0.409097,0.607249,0.536111,0.838805,0.647802,0.393377,0.157484,0.00226071,0,0,0,0,0,0.010906,0.00446162,0.146768,0.535774,0.897171,0.593906,0.0625,-0.0339355,0.901296
174,1,0.0227051,-0.150391,0.392578,0.0227051,0.509057,0.412355,0.59028,0.518467,0.7811,0.48573,0.286717,0.240026,0.00242193,0,0,0,0,0,-0.0172114,-0.00709723,0.308908,0.508908,0.932185,0.574475,0,0.0227051,0.885743
175,1.03125,-0.0649414,0.1875,0.294922,-0.0629735,0.474894,0.381063,0.578729,0.480136,0.874743,0.603976,0.349538,0.345261,0.00262746,0,0,0,0,0,0.00849835,0.00323841,0.122665,0.510235,0.930704,0.574966,0.03125,-0.0649414,0.856016
176,1.07812,0.0400391,0.0297852,0.373047,0.0371377,0.514812,0.45235,0.641855,0.616599,0.808649,0.495639,0.318128,0.0487661,0.00204837,0,0,0,0,0,-0.0258943,-0.0117133,0.455455,0.533003,0.924928,0.551319,0.078125,0.0400391,0.942026
177,1.01562,-0.0415039,0.226562,0.324219,-0.0408654,0.483702,0.386516,0.577414,0.482802,0.907971,0.569082,0.328596,0.397895,0.00273026,0,0,0,0,0,0.0159066,0.00614816,0.243674,0.489863,0.946236,0.578365,0.015625,-0.0415039,0.948768
178,1.09375,-0.0432129,-0.357422,0.277344,-0.0395089,0.484242,0.41699,0.622328,0.561172,0.786991,0.526435,0.327615,0.678691,0.00327869,0,0,0,0,0,-0.00118958,-0.000496044,0.0196996,0.501405,0.941672,0.569983,0.09375,-0.0432129,0.874536
179,1.03906,0.00320435,-0.416016,0.341797,0.00308388,0.50123,0.418269,0.606261,0.542501,0.69442,0.380699,0.230803,0.711583,0.00334294,0,0,0,0,0,-0.015574,-0.00651413,0.356637,0.506552,0.944802,0.558479,0.0390625,0.00320435,0.866916
180,1.03125,-0.0145264,-0.392578,0.298828,-0.0140862,0.494381,0.406271,0.595629,0.51983,0.785299,0.592509,0.352915,0.71815,0.00335576,0,0,0,0,0,-0.00854708,-0.00347243,0.125756,0.518137,0.903953,0.611384,0.03125,-0.0145264,0.742034
181,0.941406,-0.0202637,-0.269531,0.28125,-0.0215249,0.491413,0.367374,0.541355,0.428029,0.844524,0.491924,0.266305,0.508233,0.00294577,0,0,0,0,0,-0.00182428,-0.000670193,0.0323296,0.480163,0.959546,0.570592,-0.0585938,-0.0202637,0.864052
182,1.04688,-0.0708008,0.425781,0.173828,-0.0676306,0.47304,0.384399,0.585895,0.491036,0.842825,0.506594,0.296811,1.02124,0.00394773,0,0,0,0,0,0.00903953,0.00347478,0.155558,0.505084,0.940797,0.566352,0.046875,-0.0708008,0.894235
183,0.988281,-0.0268555,0.757812,0.136719,-0.0271739,0.489161,0.382875,0.56642,0.467425,0.756765,0.433003,0.245262,2.0495,0.00595605,0,0,0,0,0,-8.18654e-05,-3.13443e-05,0.00164822,0.50244,0.942306,0.567624,-0.0117188,-0.0268555,0.742532
184,1.05469,0.0688477,-0.404297,0.222656,0.0652778,0.526024,0.457356,0.638447,0.616789,0.792855,0.465466,0.297175,0.856807,0.00362658,0,0,0,0,0,-0.0278959,-0.0127583,0.522467,0.480944,0.969438,0.555775,0.0546875,0.0688477,0.677422
185,0.96875,-0.0437012,0.484375,0.267578,-0.0451109,0.482009,0.36662,0.54939,0.43624,0.837004,0.520326,0.285862,0.936389,0.00378201,0,0,0,0,0,0.0122568,0.0044936,0.205357,0.545924,0.889118,0.591521,-0.03125,-0.0437012,0.865317
186,0.949219,-0.0065918,0.470703,0.341797,-0.00694444,0.49723,0.377343,0.550567,0.445512,0.856142,0.332444,0.183033,0.805124,0.00352563,0,0,0,0,0,-0.0127164,-0.00479844,0.333466,0.486501,0.963337,0.557504,-0.0507812,-0.0065918,0.840415
187,1.0625,0.0267334,0.145508,0.243164,0.0251608,0.510037,0.439432,0.628085,0.587591,0.750441,0.502933,0.315885,0.295078,0.00252945,0,0,0,0,0,-0.0175845,-0.00772719,0.304808,0.55019,0.887513,0.586866,0.0625,0.0267334,0.764644
188,1.03125,0.0644531,-0.515625,0.382812,0.0625,0.524918,0.44576,0.623234,0.587122,0.709771,0.510715,0.318295,0.833376,0.00358081,0,0,0,0,0,-0.0131718,-0.00587146,0.22484,0.621231,0.805845,0.617923,0.03125,0.0644531,0.8334
189,1.01562,0.0571289,0.0144043,0.314453,0.05625,0.522429,0.435832,0.611525,0.563912,0.801992,0.444965,0.272107,0.025687,0.0020033,0,0,0,0,0,-0.0225695,-0.0098365,0.442183,0.4858,0.958262,0.565492,0.015625,0.0571289,0.918428
190,1.04688,-0.0378418,0.036377,0.308594,-0.0361474,0.485582,0.400878,0.596837,0.516918,0.842139,0.52892,0.315679,0.0654836,0.00208102,0,0,0,0,0,-0.0137751,-0.00552213,0.227044,0.494732,0.951944,0.563411,0.046875,-0.0378418,0.944757
191,0.914062,0.00817871,0.170898,0.225586,0.00894765,0.50357,0.370631,0.53518,0.423784,0.750631,0.347407,0.185925,0.359817,0.00265589,0,0,0,0,0,-0.0140317,-0.00520057,0.352109,0.525015,0.92638,0.560565,-0.0859375,0.00817871,0.738012
192,1.09375,-0.0233154,-0.357422,0.320312,-0.021317,0.491496,0.426939,0.629037,0.577964,0.846291,0.605937,0.381157,0.63153,0.00318658,0,0,0,0,0,0.0234703,0.0100204,0.337674,0.564714,0.869563,0.595624,0.09375,-0.0233154,0.99503
193,1.07031,-0.0111084,-0.155273,0.210938,-0.0103786,0.49586,0.423644,0.619546,0.563311,0.839107,0.551035,0.341392,0.338081,0.00261344,0,0,0,0,0,-0.00290602,-0.00123112,0.0459755,0.507099,0.941119,0.563158,0.0703125,-0.0111084,0.952897
194,1.09375,0.00543213,0.298828,0.314453,0.00496652,0.501981,0.441312,0.63888,0.602924,0.93495,0.649094,0.414693,0.532897,0.00299394,0,0,0,0,0,-0.00685431,-0.00302489,0.0920583,0.492671,0.942921,0.579844,0.09375,0.00543213,0.764763
195,0.992188,-0.0283203,-0.427734,0.224609,-0.0285433,0.488614,0.383709,0.568199,0.470083,0.767177,0.527413,0.299675,0.902527,0.00371587,0,0,0,0,0,0.00306521,0.00117615,0.050666,0.539835,0.901802,0.578277,-0.0078125,-0.0283203,0.645828
196,1.05469,0.0893555,-0.726562,0.326172,0.0847222,0.533759,0.46761,0.645832,0.635758,0.834968,0.444364,0.286984,1.27218,0.00443786,0,0,0,0,0,-0.0335931,-0.0157085,0.659051,0.460547,0.991517,0.549691,0.0546875,0.0893555,0.796648
197,0.964844,-0.0119629,0.251953,0.237305,-0.0123988,0.495054,0.380923,0.55783,0.456276,0.768121,0.450508,0.251306,0.51721,0.0029633,0,0,0,0,0,-0.00289837,-0.00110406,0.0560865,0.497408,0.945837,0.56898,-0.0351562,-0.0119629,0.898605
198,1.03125,0.0249023,-0.186523,0.188477,0.0241477,0.509633,0.425985,0.609246,0.552644,0.789685,0.587804,0.358118,0.42964,0.00279227,0,0,0,0,0,-0.00720938,-0.00307109,0.106923,0.517045,0.922655,0.57823,0.03125,0.0249023,0.941156
199,1.13281,-0.0185547,-0.248047,0.242188,-0.0163793,0.493466,0.444983,0.653404,0.624947,0.786529,0.690122,0.450929,0.504032,0.00293756,0,0,0,0,0,0.00731137,0.00325344,0.092359,0.558391,0.865919,0.617692,0.132812,-0.0185547,0.865525
200,1,-0.0035553,-0.125977,0.195312,-0.0035553,0.498582,0.399225,0.581184,0.497155,0.797359,0.487781,0.283491,0.285052,0.00250987,0,0,0,0,0,-0.011681,-0.00466335,0.208767,0.504612,0.932962,0.579336,0,-0.0035553,0.917442
201,0.945312,-0.0405273,0.0344238,0.339844,-0.0428719,0.482902,0.358809,0.536805,0.416903,0.867347,0.448601,0.240811,0.0590499,0.00206846,0,0,0,0,0,-0.00908356,-0.00325926,0.176524,0.516523,0.924384,0.576129,-0.0546875,-0.0405273,0.759925
202,1.02344,0.0145264,0.157227,0.28125,0.0141937,0.505662,0.417664,0.60108,0.535741,0.827677,0.540302,0.324765,0.296469,0.00253217,0,0,0,0,0,-0.0117121,-0.00489173,0.188976,0.502533,0.940867,0.569693,0.0234375,0.0145264,0.791996
203,1.04688,-0.0644531,0.671875,0.208984,-0.0615672,0.475454,0.387573,0.587982,0.495936,0.7445,0.63029,0.370599,1.46971,0.00482365,0,0,0,0,0,0.00382466,0.00148233,0.0529005,0.59271,0.840046,0.601337,0.046875,-0.0644531,0.676496
204,0.949219,0.00094223,0.275391,0.320312,0.000992638,0.500396,0.38111,0.553155,0.451226,0.938822,0.524233,0.289982,0.486589,0.00290349,0,0,0,0,0,0.00445396,0.00169745,0.0740678,0.500561,0.942141,0.570401,-0.0507812,0.00094223,0.95691
205,1.05469,-0.0037384,0.241211,0.257812,-0.00354456,0.498586,0.421063,0.612971,0.553028,0.825348,0.61862,0.379196,0.475056,0.00288097,0,0,0,0,0,0.00195152,0.000821712,0.0275015,0.516874,0.920447,0.582245,0.0546875,-0.0037384,0.848033
206,0.976562,0.00267029,0.233398,0.251953,0.00273437,0.501091,0.392939,0.569676,0.478932,0.862526,0.479,0.272875,0.464984,0.0028613,0,0,0,0,0,-0.00712609,-0.00280012,0.129695,0.490318,0.953583,0.56663,-0.0234375,0.00267029,0.670269
207,1.20312,-0.0476074,0.296875,0.181641,-0.0395698,0.484218,0.458652,0.684536,0.678951,0.759242,0.735109,0.503209,0.696574,0.00331362,0,0,0,0,0,-0.000683596,-0.000313533,0.0081069,0.606679,0.825417,0.603217,0.203125,-0.0476074,0.96999
208,1.33594,-0.232422,-0.412109,0.375,-0.173977,0.430942,0.419503,0.703113,0.670351,0.856436,0.800965,0.563169,0.672972,0.00326752,0,0,0,0,0,0.00570421,0.00239294,0.0620854,0.767003,0.642097,0.666232,0.335938,-0.232422,1.19644
209,1.00781,0.0405273,-0.316406,0.337891,0.0402132,0.516038,0.424399,0.601088,0.541421,0.788861,0.347855,0.209092,0.544323,0.00301626,0,0,0,0,0,-0.0196978,-0.00835974,0.493659,0.478721,0.971524,0.555552,0.0078125,0.0405273,0.813452
210,1,-0.0267334,-0.194336,0.15332,-0.0267334,0.489336,0.387636,0.573285,0.478917,0.739149,0.473667,0.271546,0.49631,0.00292248,0,0,0,0,0,-0.000784673,-0.000304167,0.0144418,0.508873,0.934263,0.571221,0,-0.0267334,0.738838
211,1.03125,0.0537109,-0.478516,0.462891,0.0520833,0.520769,0.440389,0.619403,0.577603,0.723952,0.41315,0.255906,0.703326,0.00332681,0,0,0,0,0,-0.0293459,-0.0129236,0.619223,0.468649,0.983963,0.550587,0.03125,0.0537109,0.695165
212,0.972656,0.0280762,-0.863281,0.21875,0.0288655,0.511514,0.404076,0.576237,0.495326,0.835646,0.392928,0.22642,1.84577,0.00555815,0,0,0,0,0,-0.0194917,-0.00787614,0.432458,0.516922,0.937415,0.555374,-0.0273438,0.0280762,0.743326
213,1.07812,0.0703125,-0.773438,0.298828,0.0652174,0.526,0.467487,0.652611,0.644445,0.664609,0.493403,0.322001,1.41486,0.00471653,0,0,0,0,0,-0.0250407,-0.0117062,0.442436,0.52613,0.921478,0.566605,0.078125,0.0703125,0.895831
214,1.07031,0.0986328,-0.228516,0.227539,0.0921533,0.536712,0.478514,0.658285,0.662315,0.758602,0.469551,0.309098,0.479058,0.00288878,0,0,0,0,0,-0.0306238,-0.0146539,0.56857,0.507198,0.942861,0.560451,0.0703125,0.0986328,0.720754
215,0.996094,0.00631714,0.152344,0.283203,0.00634191,0.50253,0.402595,0.582311,0.501168,0.769303,0.420219,0.244698,0.28627,0.00251225,0,0,0,0,0,-0.012746,-0.00513147,0.264426,0.490016,0.955959,0.563565,-0.00390625,0.00631714,0.79519
216,1.02344,0.0703125,-0.0805664,0.185547,0.0687023,0.527387,0.445557,0.620786,0.583897,0.825935,0.489745,0.304027,0.187037,0.00231843,0,0,0,0,0,-0.0205793,-0.00916926,0.366326,0.562279,0.873607,0.591923,0.0234375,0.0703125,0.683959
217,0.957031,0.0698242,0.193359,0.410156,0.0729592,0.529081,0.418684,0.58197,0.513985,0.829344,0.522346,0.30399,0.301919,0.00254281,0,0,0,0,0,-0.00717916,-0.0030058,0.119818,0.507215,0.920967,0.59624,-0.0429688,0.0698242,0.863784
218,1.00781,0.0510254,-0.390625,0.271484,0.0506298,0.52019,0.429648,0.604806,0.550387,0.842035,0.385768,0.233315,0.7497,0.00341738,0,0,0,0,0,-0.0201833,-0.0086717,0.456112,0.515158,0.93974,0.554385,0.0078125,0.0510254,0.677164
219,1.05469,0.0563965,-0.0791016,0.199219,0.0534722,0.521322,0.45113,0.634002,0.605477,0.812324,0.54374,0.344732,0.177223,0.00229926,0,0,0,0,0,-0.0219163,-0.0098871,0.351384,0.502171,0.935592,0.578509,0.0546875,0.0563965,0.75236
220,1.05469,-0.010437,-0.402344,0.201172,-0.00989583,0.496052,0.417714,0.610675,0.547409,0.763875,0.480544,0.293457,0.897044,0.00370516,0,0,0,0,0,-0.0104835,-0.0043791,0.190186,0.578121,0.85942,0.589556,0.0546875,-0.010437,0.634805
221,0.96875,-0.0272217,0.294922,0.283203,-0.0280998,0.488791,0.37486,0.554922,0.448459,0.815805,0.489136,0.271432,0.554189,0.00303553,0,0,0,0,0,-0.000327462,-0.000122752,0.0058363,0.513839,0.92479,0.579439,-0.03125,-0.0272217,0.832193
222,1.01562,0.0301514,0.101074,0.296875,0.0296875,0.511842,0.422344,0.601986,0.540761,0.823205,0.397939,0.239554,0.185504,0.00231544,0,0,0,0,0,-0.01282,-0.00541446,0.280853,0.493126,0.957908,0.556958,0.015625,0.0301514,0.919593
223,1,0.0366211,0.388672,0.248047,0.0366211,0.514606,0.419313,0.595162,0.530041,0.807433,0.407817,0.242717,0.780398,0.00347734,0,0,0,0,0,-0.0212241,-0.00889953,0.453701,0.489825,0.95885,0.559698,0,0.0366211,0.682102
224,1.08594,-0.000896454,0.239258,0.373047,-0.000825511,0.499671,0.435015,0.632148,0.58885,0.898043,0.576387,0.364362,0.391728,0.00271822,0,0,0,0,0,0.00145531,0.000633081,0.0220114,0.543233,0.877565,0.622179,0.0859375,-0.000896454,0.927829
225,1.01562,0.0246582,-0.332031,0.275391,0.0242788,0.509685,0.419597,0.600062,0.536136,0.833096,0.463396,0.278066,0.63271,0.00318889,0,0,0,0,0,-0.0148494,-0.00623075,0.279359,0.5026,0.943991,0.56488,0.015625,0.0246582,0.84333
226,1.14062,-0.0339355,-0.435547,0.240234,-0.0297517,0.488133,0.440426,0.65274,0.620045,0.845306,0.726569,0.474261,0.888623,0.00368872,0,0,0,0,0,0.00118581,0.000522259,0.014228,0.54941,0.879704,0.604512,0.140625,-0.0339355,1.30619
227,0.964844,0.0378418,0.124512,0.308594,0.0392206,0.515643,0.405826,0.575122,0.49546,0.768431,0.495717,0.285098,0.224139,0.0023909,0,0,0,0,0,-0.0131828,-0.00534993,0.231837,0.502722,0.933445,0.581239,-0.0351562,0.0378418,0.802507
228,1.07812,0.097168,-0.263672,0.361328,0.0901268,0.535907,0.480915,0.662296,0.669915,0.851612,0.477158,0.31602,0.438645,0.00280985,0,0,0,0,0,-0.0358414,-0.0172367,0.654832,0.480034,0.973804,0.551043,0.078125,0.097168,0.829253
229,1.0625,0.0539551,-0.101562,0.223633,0.0507812,0.52025,0.453043,0.637682,0.611885,0.762585,0.538307,0.343269,0.214766,0.00237259,0,0,0,0,0,-0.0184119,-0.00834136,0.298177,0.554917,0.891968,0.570192,0.0625,0.0539551,0.887314
230,1.03125,-0.00245667,-0.242188,0.28125,-0.00238222,0.49905,0.412305,0.599761,0.529709,0.863514,0.504567,0.30262,0.456673,0.00284506,0,0,0,0,0,-0.00966233,-0.00398383,0.166943,0.520805,0.928429,0.563438,0.03125,-0.00245667,0.949796
231,1.03125,0.0883789,-0.310547,0.392578,0.0857008,0.534148,0.457723,0.631845,0.608739,0.841766,0.436902,0.276055,0.495637,0.00292117,0,0,0,0,0,-0.0296698,-0.0135805,0.59202,0.475013,0.97812,0.551088,0.03125,0.0883789,0.782332
232,1.04688,-0.0415039,0.378906,0.492188,-0.0396455,0.484188,0.399047,0.595608,0.513988,0.936131,0.62061,0.369641,0.54009,0.00300799,0,0,0,0,0,0.0223761,0.00892913,0.31432,0.524921,0.915195,0.578856,0.046875,-0.0415039,0.812122
233,1.04688,-0.00244141,-0.373047,0.314453,-0.00233209,0.49907,0.418579,0.608867,0.545927,0.856011,0.665924,0.405459,0.665251,0.00325244,0,0,0,0,0,0.0279133,0.0116839,0.365421,0.5261,0.897934,0.609722,0.046875,-0.00244141,0.846424
234,1.21875,0.0310059,-0.425781,0.219727,0.0254407,0.510148,0.504225,0.72057,0.773463,0.840004,0.688298,0.495966,0.908333,0.00372721,0,0,0,0,0,-0.0226204,-0.0114057,0.286504,0.623191,0.826134,0.559929,0.21875,0.0310059,1.15736
235,1.01562,-0.00189972,-0.609375,0.304688,-0.00187049,0.499254,0.406318,0.590853,0.514201,0.816314,0.404946,0.239263,1.10397,0.00410932,0,0,0,0,0,-0.0133694,-0.00543221,0.28782,0.518099,0.936543,0.555047,0.015625,-0.00189972,0.702206
236,1.05469,0.11377,-0.378906,0.287109,0.10787,0.542951,0.479817,0.654724,0.658888,0.822015,0.441652,0.28916,0.707144,0.00333427,0,0,0,0,0,-0.0345474,-0.0165764,0.681933,0.496113,0.95391,0.55885,0.0546875,0.11377,0.662461
237,1.09375,0.171875,-0.902344,0.376953,0.157143,0.562434,0.524534,0.698961,0.763683,0.873324,0.518357,0.362311,1.4697,0.00482363,0,0,0,0,0,-0.0444445,-0.0233127,0.747474,0.463677,0.988538,0.550128,0.09375,0.171875,0.644439
238,1.03125,-0.050293,-0.314453,0.277344,-0.0487689,0.480552,0.388387,0.583577,0.491407,0.788516,0.503577,0.293876,0.5971,0.00311934,0,0,0,0,0,0.000795666,0.000309026,0.0137743,0.510428,0.927605,0.579772,0.03125,-0.050293,0.820933
239,0.949219,0.0290527,-0.0148926,0.351562,0.030607,0.512209,0.395165,0.562931,0.473047,0.737095,0.401734,0.226149,0.025117,0.00200218,0,0,0,0,0,-0.0148209,-0.00585671,0.32162,0.49006,0.957215,0.561716,-0.0507812,0.0290527,0.78059
240,1.03125,0.0576172,-0.335938,0.3125,0.0558712,0.522278,0.442342,0.620794,0.581051,0.779534,0.407208,0.252792,0.600943,0.00312684,0,0,0,0,0,-0.0231383,-0.0102351,0.495362,0.480218,0.972495,0.552547,0.03125,0.0576172,0.708783
241,1.00781,-0.0795898,0.291016,0.197266,-0.0789729,0.468527,0.36434,0.5603,0.44668,0.888238,0.549545,0.30791,0.655225,0.00323286,0,0,0,0,0,0.015047,0.00548224,0.238701,0.595776,0.841973,0.589251,0.0078125,-0.0795898,0.79174
242,1.125,0.0134277,0.699219,0.197266,0.0119358,0.504762,0.457842,0.659848,0.645018,0.805633,0.59312,0.391369,1.5743,0.00502793,0,0,0,0,0,-0.00491634,-0.00225091,0.0722614,0.536186,0.906177,0.576553,0.125,0.0134277,0.875858
243,1.09375,0.00543213,0.486328,0.28125,0.00496652,0.501981,0.441312,0.63888,0.602924,0.852544,0.632118,0.403847,0.917029,0.0037442,0,0,0,0,0,0.000309492,0.000136583,0.00426834,0.537494,0.901753,0.582287,0.09375,0.00543213,0.918534
244,1.07031,-0.0693359,0.691406,0.322266,-0.064781,0.474174,0.39453,0.600014,0.51567,0.95644,0.536401,0.321848,1.21794,0.00433192,0,0,0,0,0,0.00232631,0.0009178,0.0378081,0.626712,0.809204,0.591077,0.0703125,-0.0693359,1.10897
245,0.945312,-0.00653076,0.3125,0.355469,-0.00690857,0.497244,0.375807,0.548313,0.441878,0.834974,0.499855,0.274077,0.524142,0.00297684,0,0,0,0,0,-0.000935504,-0.000351569,0.0163158,0.483281,0.954732,0.573846,-0.0546875,-0.00653076,0.856593
246,1.0625,0.0561523,-0.238281,0.203125,0.0528493,0.521074,0.454141,0.638463,0.613879,0.79542,0.420962,0.268768,0.528699,0.00298574,0,0,0,0,0,-0.019231,-0.00873361,0.39826,0.52442,0.928127,0.558754,0.0625,0.0561523,0.773875
247,1.10938,0.0301514,-0.168945,0.147461,0.0271787,0.510841,0.459938,0.656578,0.642637,0.749269,0.59851,0.392968,0.439954,0.00281241,0,0,0,0,0,-0.0144279,-0.00663592,0.210154,0.599115,0.848595,0.567433,0.109375,0.0301514,1.14306
248,1.00781,0.0898438,-0.0957031,0.180664,0.0891473,0.535518,0.449057,0.618745,0.584497,0.752782,0.420581,0.260232,0.225159,0.00239289,0,0,0,0,0,-0.0233896,-0.0105033,0.484819,0.525352,0.928812,0.556406,0.0078125,0.0898438,0.872627
249,1.04688,0.108887,0.138672,0.257812,0.104011,0.54142,0.474243,0.648396,0.645323,0.750709,0.443422,0.287513,0.273109,0.00248654,0,0,0,0,0,-0.0361031,-0.0171216,0.709796,0.551303,0.898459,0.565046,0.046875,0.108887,0.889304
250,1.02344,0.0055542,0.0252686,0.255859,0.005427,0.502165,0.413178,0.597972,0.528286,0.761919,0.539506,0.32261,0.0499551,0.00205069,0,0,0,0,0,-0.00918484,-0.00379497,0.148416,0.526008,0.913565,0.579969,0.0234375,0.0055542,0.786207
251,1.03906,-0.00744629,0.0195312,0.157227,-0.00716635,0.497141,0.412943,0.602599,0.533648,0.755547,0.545287,0.328589,0.0492569,0.00204933,0,0,0,0,0,0.00158009,0.000652487,0.0252617,0.509865,0.930542,0.57576,0.0390625,-0.00744629,0.925863
252,1.08594,0.0664062,-0.0371094,0.310547,0.0611511,0.524381,0.468667,0.65576,0.64967,0.763131,0.525132,0.344361,0.0665917,0.00208319,0,0,0,0,0,-0.0250037,-0.0117184,0.41509,0.531964,0.908481,0.579356,0.0859375,0.0664062,0.950562
253,1,0.027832,0.46875,0.330078,0.027832,0.511102,0.414918,0.592074,0.522709,0.795388,0.543196,0.321612,0.815892,0.00354666,0,0,0,0,0,-0.00352157,-0.00146116,0.0565179,0.507794,0.934141,0.57293,0,0.027832,0.915375
254,0.992188,0.045166,-0.435547,0.219727,0.0455217,0.518154,0.420453,0.593631,0.529178,0.791342,0.428576,0.254416,0.929167,0.0037679,0,0,0,0,0,-0.00642774,-0.00270256,0.130749,0.488094,0.960679,0.559256,-0.0078125,0.045166,0.967168
255,1.03906,-0.00509644,0.195312,0.257812,-0.00490484,0.498043,0.414118,0.603405,0.535591,0.887584,0.666187,0.401981,0.384661,0.00270442,0,0,0,0,0,0.000382549,0.00015842,0.00500608,0.499324,0.93833,0.57807,0.0390625,-0.00509644,0.944729
256,0.945312,0.103516,0.176758,0.550781,0.109504,0.543599,0.43083,0.587393,0.530645,0.926148,0.534679,0.314067,0.238171,0.0024183,0,0,0,0,0,-0.0128646,-0.00554247,0.209754,0.486274,0.950934,0.575783,-0.0546875,0.103516,0.919019
257,1.04688,-0.0849609,0.0583496,0.396484,-0.0811567,0.467659,0.377319,0.581275,0.48025,0.879979,0.69989,0.406828,0.092667,0.00213412,0,0,0,0,0,0.0237239,0.00895148,0.295504,0.535817,0.906692,0.576252,0.046875,-0.0849609,0.864469
258,1.00781,-0.0281982,-0.482422,0.237305,-0.0279797,0.488839,0.390036,0.577339,0.485449,0.774564,0.627424,0.362237,0.990316,0.00388734,0,0,0,0,0,0.0111562,0.00435131,0.155011,0.514049,0.91587,0.594834,0.0078125,-0.0281982,1.01326
259,1.02344,-0.065918,-0.0576172,0.210938,-0.0644084,0.474323,0.377442,0.573861,0.471779,0.831087,0.573155,0.328911,0.125451,0.00219815,0,0,0,0,0,0.023774,0.00897332,0.361608,0.523283,0.919554,0.574003,0.0234375,-0.065918,0.963639
260,1,-0.0071106,0.337891,0.175781,-0.0071106,0.497163,0.397447,0.579964,0.494323,0.747242,0.507693,0.294444,0.805916,0.00352718,0,0,0,0,0,-0.00428155,-0.00170169,0.0735201,0.53965,0.894136,0.592969,0,-0.0071106,0.723862
261,1.04688,-0.0490723,0.271484,0.241211,-0.046875,0.481306,0.395263,0.59308,0.507977,0.87276,0.580627,0.344358,0.552772,0.00303276,0,0,0,0,0,0.0128575,0.0050821,0.193048,0.496062,0.945868,0.570709,0.046875,-0.0490723,0.917488
262,0.996094,0.015625,0.621094,0.208008,0.0156863,0.506258,0.407248,0.585538,0.508706,0.820909,0.452398,0.264896,1.36181,0.00461292,0,0,0,0,0,-0.0206016,-0.00838999,0.396997,0.536509,0.913959,0.563013,-0.00390625,0.015625,0.845622
263,1.03125,0.0251465,0.589844,0.179688,0.0243845,0.509727,0.426107,0.609332,0.552852,0.700508,0.426561,0.259917,1.39148,0.00467087,0,0,0,0,0,-0.0198324,-0.00845073,0.405323,0.540632,0.904543,0.572155,0.03125,0.0251465,0.737485
264,1.03906,0.0167236,0.0639648,0.213867,0.0160949,0.506421,0.425028,0.610944,0.553902,0.773703,0.503074,0.30735,0.138315,0.00222327,0,0,0,0,0,-0.0111363,-0.00473325,0.192982,0.527048,0.917055,0.572426,0.0390625,0.0167236,0.953518
265,1.09375,0.112305,-0.6875,0.230469,0.102679,0.540891,0.494749,0.676895,0.702964,0.748161,0.493853,0.334287,1.43208,0.00475015,0,0,0,0,0,-0.028314,-0.0140083,0.499817,0.568978,0.88848,0.552128,0.09375,0.112305,0.900969
266,1.125,0.0131226,-0.371094,0.337891,0.0116645,0.504653,0.457689,0.659742,0.644738,0.842145,0.614787,0.405601,0.638404,0.00320001,0,0,0,0,0,-0.00323752,-0.00148178,0.0459087,0.596318,0.835813,0.603052,0.125,0.0131226,0.951742
267,1.15625,0.0576172,-0.332031,0.201172,0.0498311,0.519872,0.492468,0.693558,0.723546,0.855722,0.626375,0.434427,0.740279,0.00339898,0,0,0,0,0,-0.0234969,-0.0115715,0.327027,0.530222,0.915302,0.570464,0.15625,0.0576172,0.860682
268,1.0625,-0.00570679,0.198242,0.222656,-0.00537109,0.497857,0.423212,0.616846,0.559606,0.767522,0.609464,0.375945,0.420125,0.00277368,0,0,0,0,0,-0.00227175,-0.000961432,0.0324953,0.564593,0.874036,0.586454,0.0625,-0.00570679,0.748583
269,1.08594,-0.0247803,0.0327148,0.201172,-0.0228192,0.490897,0.423073,0.623991,0.568355,0.814914,0.574638,0.358569,0.0729392,0.00209558,0,0,0,0,0,-0.00151037,-0.000638997,0.0229137,0.543038,0.898775,0.578327,0.0859375,-0.0247803,0.808631
270,1.00781,0.0233154,0.414062,0.388672,0.0231347,0.509229,0.415793,0.595043,0.52696,0.838823,0.487532,0.290102,0.664162,0.00325032,0,0,0,0,0,-0.0159266,-0.00662216,0.284791,0.5194,0.930276,0.562595,0.0078125,0.0233154,0.772884
271,1.00781,0.0161133,-0.578125,0.208008,0.0159884,0.506378,0.412192,0.592532,0.520997,0.772328,0.516062,0.305783,1.2676,0.0044289,0,0,0,0,0,-0.00416123,-0.00171523,0.0702954,0.526267,0.906444,0.592442,0.0078125,0.0161133,0.628909
272,0.925781,-0.000915527,-0.0639648,0.291016,-0.000988924,0.499605,0.370783,0.538866,0.427856,0.790618,0.497036,0.267836,0.118572,0.00218471,0,0,0,0,0,-0.000796669,-0.000295391,0.0139732,0.50067,0.937826,0.57701,-0.0742188,-0.000915527,0.962794
273,0.933594,-0.0463867,0.257812,0.253906,-0.0496862,0.480186,0.35118,0.52803,0.402143,0.764115,0.5358,0.282918,0.511643,0.00295243,0,0,0,0,0,-0.00202087,-0.00070969,0.0328809,0.533989,0.904674,0.582837,-0.0664062,-0.0463867,0.804373
274,1.03906,-0.0162354,0.209961,0.208008,-0.015625,0.493767,0.408549,0.599596,0.526428,0.793824,0.485041,0.290829,0.460361,0.00285227,0,0,0,0,0,0.00590806,0.00241373,0.106187,0.491495,0.954497,0.563815,0.0390625,-0.0162354,0.767051
275,0.980469,0.00288391,-0.0317383,0.380859,0.00294136,0.501173,0.394612,0.572025,0.482931,0.817473,0.502677,0.287544,0.0514282,0.00205357,0,0,0,0,0,-0.00684472,-0.00270101,0.118706,0.483821,0.955043,0.572696,-0.0195312,0.00288391,0.759454
276,1.07031,0.019043,0.34375,0.267578,0.017792,0.507098,0.438719,0.62995,0.589312,0.859126,0.579844,0.365273,0.664534,0.00325104,0,0,0,0,0,-0.0128375,-0.00563204,0.193008,0.532571,0.89605,0.601877,0.0703125,0.019043,0.880928
277,1.03125,-0.0194092,0.0620117,0.175781,-0.018821,0.492492,0.403829,0.593966,0.515874,0.774394,0.433355,0.257398,0.147907,0.00224201,0,0,0,0,0,0.00462592,0.00186808,0.0930597,0.520725,0.924462,0.569801,0.03125,-0.0194092,0.678734
278,1.28906,-0.0810547,-0.867188,0.291016,-0.0628788,0.474932,0.47639,0.723451,0.750329,0.87438,0.721353,0.521864,1.60751,0.0050928,0,0,0,0,0,-0.00835795,-0.00398164,0.101009,0.75683,0.659105,0.744022,0.289062,-0.0810547,1.41796
279,1.01562,0.0170898,0.111328,0.539062,0.0168269,0.506713,0.415813,0.597422,0.529813,0.844416,0.355694,0.212499,0.15163,0.00224928,0,0,0,0,0,-0.0162898,-0.00677352,0.399252,0.475747,0.977456,0.551127,0.015625,0.0170898,0.754914
280,1.00781,0.050293,-0.171875,0.318359,0.0499031,0.5199,0.429282,0.604546,0.549758,0.833214,0.413584,0.25003,0.304617,0.00254808,0,0,0,0,0,-0.0211819,-0.00909301,0.446486,0.505533,0.949849,0.552637,0.0078125,0.050293,0.805493
281,0.980469,0.0324707,0.230469,0.353516,0.0331175,0.51321,0.409406,0.582329,0.50672,0.79177,0.498378,0.29022,0.387621,0.0027102,0,0,0,0,0,-0.0186872,-0.00765066,0.326884,0.506053,0.93247,0.578083,-0.0195312,0.0324707,0.896959
282,1.03906,0.045166,-0.296875,0.178711,0.043468,0.517336,0.43925,0.620922,0.578484,0.744518,0.518543,0.321975,0.70226,0.00332473,0,0,0,0,0,-0.0226297,-0.00994008,0.380453,0.536124,0.9056,0.577666,0.0390625,0.045166,0.887323
283,0.984375,-0.0566406,0.314453,0.302734,-0.0575397,0.477058,0.366416,0.554188,0.441385,0.877904,0.547364,0.303342,0.571512,0.00306936,0,0,0,0,0,0.0104149,0.00381621,0.165878,0.487568,0.952525,0.571702,-0.015625,-0.0566406,0.953327
284,1.00781,0.0222168,0.496094,0.357422,0.0220446,0.508794,0.415244,0.594659,0.526047,0.792237,0.524535,0.31192,0.8298,0.00357383,0,0,0,0,0,-0.0117399,-0.00487491,0.195117,0.514712,0.921263,0.584138,0.0078125,0.0222168,0.7914
285,1.01562,-0.0116577,-0.120605,0.230469,-0.0114784,0.495421,0.401439,0.587508,0.506319,0.680258,0.347062,0.203902,0.251224,0.0024438,0,0,0,0,0,-0.0131005,-0.00525904,0.329069,0.546044,0.908437,0.557123,0.015625,-0.0116577,0.742418
286,1.03125,0.0544434,-0.451172,0.217773,0.0527936,0.521052,0.440755,0.619664,0.578249,0.776678,0.412056,0.255336,0.966807,0.00384142,0,0,0,0,0,-0.0179223,-0.00789933,0.379178,0.613182,0.831966,0.570891,0.03125,0.0544434,0.770431
287,0.96875,0.0239258,0.213867,0.367188,0.0246976,0.509852,0.400434,0.572509,0.488113,0.834734,0.421019,0.241037,0.352939,0.00264246,0,0,0,0,0,-0.0213669,-0.00855604,0.442432,0.486027,0.960339,0.562252,-0.03125,0.0239258,0.907538
288,1,-0.0498047,0.164062,0.222656,-0.0498047,0.480139,0.3761,0.565549,0.461297,0.727258,0.537171,0.303796,0.34769,0.00263221,0,0,0,0,0,-0.00249878,-0.00093979,0.0405529,0.509058,0.919927,0.595265,0,-0.0498047,0.893473
289,1.07812,0.143555,-0.0698242,0.324219,0.133152,0.552963,0.504108,0.679325,0.715607,0.767471,0.442132,0.300351,0.122627,0.00219263,0,0,0,0,0,-0.0382899,-0.0193023,0.754988,0.477565,0.976072,0.550883,0.078125,0.143555,0.695436
290,1.03125,0.027832,-0.345703,0.3125,0.0269886,0.510766,0.42745,0.610272,0.555145,0.815165,0.485998,0.296591,0.618413,0.00316096,0,0,0,0,0,-0.0188339,-0.00805053,0.33784,0.51745,0.9207,0.580932,0.03125,0.027832,0.619308
291,1.01562,0.0240479,0.488281,0.232422,0.0236779,0.509445,0.419292,0.599849,0.535624,0.794767,0.450528,0.270249,1.01282,0.00393129,0,0,0,0,0,-0.0178143,-0.00746939,0.34471,0.520154,0.921941,0.574758,0.015625,0.0240479,0.804123
292,1.00781,0.0198975,-0.182617,0.225586,0.0197432,0.507876,0.414084,0.59385,0.524124,0.760893,0.41021,0.243603,0.384491,0.00270408,0,0,0,0,0,-0.0138931,-0.00575292,0.295258,0.526855,0.920485,0.567117,0.0078125,0.0198975,0.799188
293,0.988281,-0.0245361,-0.232422,0.273438,-0.0248271,0.490096,0.384035,0.567204,0.469203,0.850952,0.499635,0.283395,0.444476,0.00282124,0,0,0,0,0,-0.00288901,-0.00110948,0.0504083,0.528597,0.913608,0.57583,-0.0117188,-0.0245361,0.867094
294,1.01562,0.0473633,-0.0532227,0.324219,0.0466346,0.518598,0.43095,0.608054,0.555448,0.872286,0.367212,0.223285,0.0934711,0.00213569,0,0,0,0,0,-0.0233803,-0.0100757,0.555059,0.489063,0.963429,0.55431,0.015625,0.0473633,0.698441
295,1.17969,-0.00540161,-0.384766,0.161133,-0.00457885,0.498173,0.470357,0.685201,0.690735,0.839539,0.687715,0.471223,0.958527,0.00382525,0,0,0,0,0,0.0051187,0.00240761,0.064887,0.589953,0.848476,0.587791,0.179688,-0.00540161,1.16405
296,1.02344,0.0791016,-0.345703,0.248047,0.0772901,0.530804,0.449952,0.623948,0.591767,0.849351,0.427365,0.266654,0.694123,0.00330883,0,0,0,0,0,-0.0290107,-0.0130534,0.591788,0.490749,0.964071,0.551436,0.0234375,0.0791016,0.675131
297,1.00781,0.0194092,-0.0957031,0.289062,0.0192587,0.507683,0.41384,0.59368,0.523719,0.79303,0.568306,0.337392,0.178004,0.00230079,0,0,0,0,0,-0.000112571,-4.65864e-05,0.00172684,0.520724,0.901398,0.612137,0.0078125,0.0194092,0.917827
298,1.07812,-0.0368652,0.519531,0.255859,-0.0341938,0.486361,0.413898,0.615361,0.54998,0.750856,0.645564,0.397254,1.0271,0.00395917,0,0,0,0,0,0.000870579,0.000360331,0.0117564,0.529076,0.879978,0.646991,0.078125,-0.0368652,0.821787
299,0.984375,-0.0247803,-0.19043,0.28125,-0.0251736,0.489958,0.382347,0.564847,0.465241,0.736175,0.565559,0.319454,0.359078,0.00265445,0,0,0,0,0,0.0174889,0.00668682,0.269582,0.552181,0.8845,0.589129,-0.015625,-0.0247803,0.88776
300,0.964844,-0.00518799,-0.170898,0.217773,-0.00537702,0.497855,0.384311,0.560148,0.461461,0.846864,0.423322,0.237123,0.366215,0.00266839,0,0,0,0,0,0.0013679,0.000525697,0.0281701,0.593419,0.844487,0.588938,-0.0351562,-0.00518799,0.742508
301,0.988281,-0.0678711,-0.361328,0.298828,-0.0686759,0.472624,0.362368,0.552764,0.436858,0.853339,0.586795,0.324359,0.660984,0.00324411,0,0,0,0,0,0.0194598,0.00705159,0.289107,0.503575,0.936423,0.575208,-0.0117188,-0.0678711,0.98968
302,1.04688,0.0220947,-0.337891,0.208984,0.0211054,0.508419,0.430847,0.617365,0.566768,0.773714,0.420753,0.259758,0.739127,0.00339673,0,0,0,0,0,-0.0173767,-0.00748672,0.360038,0.492774,0.958861,0.55607,0.046875,0.0220947,0.600705
303,1.00781,0.0532227,-0.0581055,0.223633,0.0528101,0.521058,0.430747,0.605587,0.552278,0.805547,0.350737,0.212401,0.122871,0.00219311,0,0,0,0,0,-0.0214038,-0.00921961,0.532006,0.478268,0.974929,0.551578,0.0078125,0.0532227,0.827322
304,1.04688,0.0625,0.15918,0.285156,0.0597015,0.523803,0.451049,0.63163,0.602402,0.836653,0.472996,0.298758,0.298089,0.00253533,0,0,0,0,0,-0.0308847,-0.0139305,0.569236,0.515087,0.930592,0.568216,0.046875,0.0625,0.764756
305,1.03125,-0.0668945,0.116211,0.199219,-0.0648674,0.47414,0.380086,0.578086,0.478649,0.903052,0.609171,0.352154,0.260365,0.00246165,0,0,0,0,0,0.0247936,0.00942372,0.354819,0.498114,0.944463,0.570126,0.03125,-0.0668945,0.912246
306,1.05469,-0.0194092,-0.734375,0.244141,-0.0184028,0.492659,0.413228,0.607616,0.539954,0.818823,0.663246,0.402999,1.48627,0.004856,0,0,0,0,0,0.0308061,0.0127299,0.404919,0.515454,0.910894,0.601991,0.0546875,-0.0194092,1.03761
307,0.96875,0.106445,-0.078125,0.425781,0.109879,0.543747,0.441694,0.60209,0.557605,0.772837,0.569515,0.342899,0.119728,0.00218697,0,0,0,0,0,-0.0129771,-0.00573189,0.198645,0.546013,0.882499,0.605128,-0.03125,0.106445,0.775947
308,0.964844,-0.074707,-0.192383,0.298828,-0.0774291,0.469141,0.349551,0.536896,0.410443,0.804019,0.534968,0.287222,0.351929,0.00264049,0,0,0,0,0,0.0077996,0.00272636,0.127102,0.522179,0.91696,0.580082,-0.0351562,-0.074707,0.772572
309,1.03906,0.0107422,0.0639648,0.449219,0.0103383,0.504124,0.422038,0.608867,0.548835,0.779661,0.531574,0.323658,0.095436,0.00213952,0,0,0,0,0,-0.0136109,-0.0057443,0.223218,0.563234,0.87951,0.578228,0.0390625,0.0107422,0.6342
310,0.960938,0.00494385,0.462891,0.291016,0.00514482,0.502052,0.38781,0.561361,0.465523,0.868452,0.504745,0.283344,0.858065,0.00362903,0,0,0,0,0,-0.0119857,-0.00464819,0.207014,0.491583,0.949662,0.570832,-0.0390625,0.00494385,0.702185
311,1,0.0449219,0.539062,0.255859,0.0449219,0.517915,0.423463,0.598093,0.537037,0.785884,0.504363,0.301656,1.06571,0.00403459,0,0,0,0,0,-0.0265476,-0.0112419,0.458869,0.509107,0.936691,0.567124,0,0.0449219,0.665024
312,0.984375,-0.00244141,-0.00396729,0.193359,-0.00248016,0.499011,0.393516,0.572466,0.482573,0.758078,0.411008,0.235288,0.00902217,0.00197075,0,0,0,0,0,-0.00834924,-0.00328556,0.177094,0.506819,0.940758,0.564074,-0.015625,-0.00244141,0.917853
313,0.9375,-0.0302734,0.0703125,0.248047,-0.0322917,0.48712,0.360803,0.535696,0.417149,0.740901,0.441293,0.236399,0.141178,0.00222886,0,0,0,0,0,-0.00383728,-0.0013845,0.0758061,0.501464,0.944131,0.566177,-0.0625,-0.0302734,0.946779
314,1.01562,0.0576172,-0.090332,0.226562,0.0567308,0.52262,0.436077,0.611699,0.564338,0.741377,0.491723,0.300786,0.189779,0.00232379,0,0,0,0,0,-0.021222,-0.00925442,0.376247,0.545464,0.903793,0.565603,0.015625,0.0576172,0.726237
315,1.03906,0.00132751,0.155273,0.251953,0.00127761,0.50051,0.41733,0.605614,0.540933,0.785249,0.443202,0.268409,0.309341,0.00255731,0,0,0,0,0,-0.00714729,-0.00298278,0.140587,0.512106,0.93858,0.560182,0.0390625,0.00132751,0.853251
316,1.07031,0.0791016,-0.882812,0.168945,0.0739051,0.529457,0.468749,0.65122,0.643813,0.683909,0.462866,0.301428,2.14781,0.00614806,0,0,0,0,0,-0.0283104,-0.0132704,0.533208,0.565058,0.889777,0.55662,0.0703125,0.0791016,0.710969
317,1.03125,-0.0529785,0.373047,0.261719,-0.0513731,0.479514,0.387044,0.582685,0.489325,0.778181,0.571886,0.333229,0.729199,0.00337734,0,0,0,0,0,0.0120968,0.00468201,0.184403,0.500474,0.927826,0.594158,0.03125,-0.0529785,0.985289
318,0.992188,-0.0100708,-0.177734,0.412109,-0.0101501,0.495951,0.392834,0.574401,0.484255,0.808249,0.570758,0.327844,0.276863,0.00249387,0,0,0,0,0,0.0073051,0.00286969,0.111579,0.51858,0.915882,0.587606,-0.0078125,-0.0100708,0.862827
319,1.09375,-0.0375977,-0.285156,0.162109,-0.034375,0.486289,0.419798,0.624212,0.565871,0.827321,0.617934,0.385722,0.708237,0.0033364,0,0,0,0,0,0.00859722,0.00360909,0.121289,0.534088,0.912767,0.568683,0.09375,-0.0375977,0.975837
320,0.96875,0.0228271,-0.101074,0.239258,0.0235635,0.5094,0.399885,0.572125,0.487234,0.786505,0.498294,0.285087,0.206637,0.00235671,0,0,0,0,0,-0.0132625,-0.00530347,0.232031,0.506661,0.930364,0.580675,-0.03125,0.0228271,0.791017
321,0.945312,0.0170898,0.0544434,0.214844,0.0180785,0.507212,0.387617,0.556474,0.45991,0.778683,0.301951,0.168028,0.117458,0.00218254,0,0,0,0,0,-0.0125263,-0.0048554,0.361653,0.495684,0.955969,0.556495,-0.0546875,0.0170898,0.720508
322,1.03906,-0.0361328,-0.150391,0.291016,-0.0347744,0.48613,0.3986,0.592862,0.510368,0.86329,0.525131,0.31133,0.278781,0.00249762,0,0,0,0,0,0.0120037,0.00478469,0.199276,0.494908,0.950185,0.565756,0.0390625,-0.0361328,0.806974
323,1.03906,0.00854492,0.289062,0.206055,0.00822368,0.503281,0.420939,0.608106,0.546983,0.793729,0.473251,0.287787,0.636796,0.00319687,0,0,0,0,0,-0.00522895,-0.00220107,0.0963228,0.516749,0.928141,0.569706,0.0390625,0.00854492,0.696524
324,1.04688,-0.0319824,-0.289062,0.302734,-0.0305504,0.487814,0.403808,0.598809,0.521633,0.901715,0.626924,0.375408,0.525365,0.00297923,0,0,0,0,0,0.00931513,0.00376153,0.129533,0.514029,0.907882,0.610433,0.046875,-0.0319824,0.758067
325,1.07812,0.0854492,-0.945312,0.376953,0.0792572,0.531586,0.475055,0.658054,0.658712,0.817382,0.461333,0.303582,1.53968,0.00496032,0,0,0,0,0,-0.0347027,-0.0164857,0.655775,0.507554,0.946896,0.554183,0.078125,0.0854492,0.734916
326,0.972656,-0.0164795,0.443359,0.371094,-0.0169428,0.493241,0.381798,0.56084,0.460311,0.88566,0.513488,0.287984,0.727803,0.00337462,0,0,0,0,0,0.0021555,0.000822967,0.0365953,0.487379,0.954358,0.569213,-0.0273438,-0.0164795,0.784002
327,0.921875,-0.00613403,-0.482422,0.289062,-0.00665387,0.497346,0.366607,0.534799,0.42041,0.854616,0.451565,0.241497,0.897286,0.00370564,0,0,0,0,0,0.00483744,0.00177344,0.0933903,0.511158,0.928644,0.576988,-0.078125,-0.00613403,1.02734
328,1.03906,-0.0174561,0.460938,0.227539,-0.0167998,0.493298,0.407938,0.599181,0.525431,0.739623,0.485704,0.291024,0.966305,0.00384044,0,0,0,0,0,-0.00662397,-0.00270217,0.118892,0.546961,0.901755,0.566601,0.0390625,-0.0174561,0.903384
329,1.03906,-0.0249023,-0.648438,0.255859,-0.0239662,0.49044,0.404215,0.596652,0.519384,0.836822,0.524694,0.31306,1.28194,0.00445691,0,0,0,0,0,-0.00209756,-0.000847865,0.0348509,0.515341,0.924636,0.577465,0.0390625,-0.0249023,0.740155
330,0.992188,-0.0181885,-0.398438,0.21875,-0.0183317,0.492687,0.388775,0.571633,0.47791,0.784858,0.569344,0.325456,0.851895,0.00361698,0,0,0,0,0,-0.00562663,-0.00218749,0.086155,0.525738,0.907016,0.592248,-0.0078125,-0.0181885,0.809862
331,1.1875,-0.130859,-0.263672,0.154297,-0.110197,0.456126,0.410761,0.648296,0.589012,0.767917,0.709423,0.459916,0.671251,0.00326416,0,0,0,0,0,0.0341841,0.0140415,0.420074,0.564527,0.870904,0.593119,0.1875,-0.130859,1.21046
332,1.10938,0.0893555,0.142578,0.345703,0.0805458,0.532098,0.48954,0.677644,0.69885,0.845601,0.515181,0.349109,0.242494,0.00242675,0,0,0,0,0,-0.0322615,-0.0157933,0.545923,0.533634,0.912459,0.5699,0.109375,0.0893555,0.92769
333,0.996094,0.0466309,0.0305176,0.308594,0.0468137,0.518669,0.422751,0.596424,0.534441,0.784694,0.356236,0.212468,0.0549359,0.00206042,0,0,0,0,0,-0.0246403,-0.0104167,0.602998,0.474461,0.978726,0.550921,-0.00390625,0.0466309,0.733443
334,0.945312,-0.0267334,-0.287109,0.226562,-0.02828,0.488719,0.365706,0.541439,0.426897,0.816368,0.363999,0.197083,0.603189,0.00313123,0,0,0,0,0,-0.00410566,-0.00150146,0.0983309,0.483349,0.964384,0.559832,-0.0546875,-0.0267334,0.934863
335,1.0625,-0.0539551,0.388672,0.355469,-0.0507812,0.47975,0.399087,0.600551,0.519932,0.892488,0.59526,0.357484,0.651902,0.00322637,0,0,0,0,0,0.0107312,0.00428271,0.157163,0.500574,0.938229,0.5765,0.0625,-0.0539551,0.847638
336,0.980469,0.0161133,-0.145508,0.224609,0.0164343,0.506556,0.401227,0.576608,0.49346,0.792633,0.412805,0.238027,0.307024,0.00255278,0,0,0,0,0,-0.0118752,-0.00476463,0.250784,0.539793,0.899001,0.583439,-0.0195312,0.0161133,0.820189
337,1.07812,0.0510254,-0.11084,0.240234,0.0473279,0.518874,0.457843,0.645738,0.626598,0.888149,0.60636,0.391549,0.22614,0.00239481,0,0,0,0,0,-0.0173822,-0.00795833,0.249909,0.508911,0.931286,0.575921,0.078125,0.0510254,0.804172
338,1.02344,0.0284424,-0.589844,0.273438,0.027791,0.511086,0.424622,0.605936,0.547462,0.808651,0.339861,0.205934,1.128,0.00415624,0,0,0,0,0,-0.0207443,-0.0088085,0.532114,0.479947,0.972939,0.552273,0.0234375,0.0284424,0.733366
339,0.988281,0.0588379,-0.117188,0.241211,0.0595356,0.523737,0.425722,0.596219,0.536716,0.742722,0.391234,0.233261,0.238607,0.00241915,0,0,0,0,0,-0.027207,-0.0115826,0.60625,0.489814,0.96177,0.555667,-0.0117188,0.0588379,0.790125
340,1.28906,0.0991211,-0.243164,0.15918,0.0768939,0.530646,0.566478,0.785704,0.938228,0.774161,0.828369,0.650853,0.609475,0.0031435,0,0,0,0,0,-0.0300051,-0.0169972,0.315775,0.754819,0.661633,0.57497,0.289062,0.0991211,1.55534
341,0.996094,-0.0324707,-0.835938,0.244141,-0.032598,0.486998,0.383201,0.569075,0.470689,0.820648,0.503356,0.286447,1.69182,0.00525746,0,0,0,0,0,-0.0015982,-0.000612432,0.0276798,0.491235,0.954054,0.564784,-0.00390625,-0.0324707,0.82114
342,1.02344,0.0198975,-0.22168,0.308594,0.0194418,0.507756,0.42035,0.60295,0.540242,0.792761,0.593713,0.357979,0.399055,0.00273253,0,0,0,0,0,0.00233198,0.000980249,0.0342417,0.546154,0.877748,0.615591,0.0234375,0.0198975,0.845177
343,1.00781,0.0678711,-0.228516,0.365234,0.067345,0.526846,0.438071,0.610818,0.565004,0.747656,0.44942,0.274514,0.37812,0.00269164,0,0,0,0,0,-0.0270653,-0.0118565,0.525009,0.533098,0.913732,0.568624,0.0078125,0.0678711,0.864347
344,1.04688,-0.124512,-0.0913086,0.209961,-0.118937,0.452663,0.357543,0.568637,0.451185,0.794191,0.66826,0.379997,0.19927,0.00234232,0,0,0,0,0,0.0332826,0.0119,0.434189,0.563682,0.870317,0.596111,0.046875,-0.124512,0.973518
345,1.00781,0.0488281,0.416016,0.25,0.0484496,0.519321,0.428549,0.604026,0.548501,0.838289,0.410416,0.247901,0.832031,0.00357819,0,0,0,0,0,-0.0186219,-0.0079804,0.395555,0.528497,0.921699,0.562758,0.0078125,0.0488281,0.7332
346,1.03906,0.0600586,-0.289062,0.371094,0.0578008,0.523046,0.446696,0.626211,0.591678,0.830426,0.527234,0.33016,0.474515,0.00287991,0,0,0,0,0,-0.0173234,-0.00773828,0.286441,0.612844,0.82957,0.577054,0.0390625,0.0600586,0.763408
347,1.03125,0.0617676,-0.060791,0.363281,0.0598958,0.523881,0.444417,0.622274,0.584732,0.886358,0.595878,0.370799,0.10086,0.00215012,0,0,0,0,0,0.00809731,0.00359859,0.118465,0.51857,0.914283,0.590512,0.03125,0.0617676,0.744015
348,1.10938,0.00939941,0.192383,0.263672,0.00847271,0.50338,0.449562,0.649352,0.623764,0.896409,0.686829,0.445994,0.374657,0.00268488,0,0,0,0,0,-0.00929837,-0.00418019,0.118023,0.551639,0.876333,0.60751,0.109375,0.00939941,0.714202
349,1.03125,-0.0168457,0.277344,0.226562,-0.0163352,0.493483,0.405111,0.594839,0.517948,0.839955,0.619464,0.368481,0.582672,0.00309116,0,0,0,0,0,-0.00435429,-0.00176397,0.0612785,0.495833,0.939725,0.580652,0.03125,-0.0168457,0.735102
350,1.03906,0.114746,-0.201172,0.318359,0.110432,0.543967,0.47404,0.646001,0.64203,0.836775,0.455979,0.294563,0.35654,0.00264949,0,0,0,0,0,-0.0253563,-0.0120199,0.484784,0.513707,0.93844,0.558225,0.0390625,0.114746,0.785063
351,1.07031,0.0776367,0.175781,0.4375,0.0725365,0.528913,0.468016,0.650693,0.642441,0.865269,0.636924,0.414443,0.265756,0.00247218,0,0,0,0,0,-0.0181723,-0.00850494,0.248731,0.498986,0.933799,0.585995,0.0703125,0.0776367,0.842095
352,0.972656,-0.0228271,-0.132812,0.285156,-0.0234689,0.490638,0.378624,0.558684,0.455484,0.813599,0.529346,0.295737,0.248712,0.00243889,0,0,0,0,0,-0.000608946,-0.000230562,0.0100287,0.504625,0.934584,0.576682,-0.0273438,-0.0228271,0.891257
353,0.980469,0.0144043,0.267578,0.210938,0.0146912,0.505861,0.400372,0.576014,0.49209,0.806396,0.361806,0.208405,0.582604,0.00309102,0,0,0,0,0,-0.0146713,-0.00587399,0.353509,0.484765,0.964178,0.558424,-0.0195312,0.0144043,0.804473
354,2.04688,0.123047,-0.255859,0.133789,0.0601145,0.523968,0.882325,1.23528,2.30441,0.866431,1.52533,1.88421,0.699505,0.00331935,0,0,0,0,0,-0.0424534,-0.0374577,0.242636,0.796947,0.604267,0.620503,1.04688,0.123047,2.54475
355,2.34375,0.322266,-0.263672,0.203125,0.1375,0.554682,1.10098,1.48058,3.40427,0.887347,1.83454,2.71617,0.585035,0.00309577,0,0,0,0,0,-0.0587339,-0.064665,0.279106,0.805447,0.596508,0.664081,1.34375,0.322266,3.45627
356,1.125,0.204102,-0.478516,0.388672,0.181424,0.571982,0.554161,0.728495,0.8378,0.753941,0.567493,0.413416,0.767546,0.00345224,0,0,0,0,0,-0.0402727,-0.0223176,0.618668,0.498191,0.958349,0.550149,0.125,0.204102,0.71923
357,1.08594,0.0883789,-0.259766,0.211914,0.0813849,0.532432,0.479653,0.663657,0.670507,0.743956,0.514121,0.3412,0.564289,0.00305525,0,0,0,0,0,-0.0274751,-0.0131785,0.465886,0.528017,0.923742,0.560284,0.0859375,0.0883789,0.64733
358,1.04688,0.0942383,-0.373047,0.3125,0.0900187,0.535864,0.466918,0.643058,0.631536,0.831054,0.50657,0.325754,0.667327,0.0032565,0,0,0,0,0,-0.0198233,-0.00925585,0.341148,0.522186,0.926039,0.56517,0.046875,0.0942383,0.740084
359,1.00781,0.00750732,0.324219,0.232422,0.00744913,0.502972,0.407889,0.589547,0.513939,0.779117,0.541294,0.319118,0.672511,0.00326662,0,0,0,0,0,-0.00474393,-0.001935,0.0764033,0.506321,0.92992,0.581908,0.0078125,0.00750732,0.809843
360,1.17188,0.0539551,-0.206055,0.139648,0.0460417,0.518361,0.496902,0.701355,0.738811,0.794861,0.665066,0.466448,0.551397,0.00303007,0,0,0,0,0,-0.0263737,-0.0131051,0.345711,0.707731,0.717511,0.592189,0.171875,0.0539551,1.10915
361,1.07812,0.110352,-1.4375,0.445312,0.102355,0.540763,0.487506,0.667098,0.682682,0.775075,0.441717,0.294668,2.15415,0.00616044,0,0,0,0,0,-0.0343447,-0.0167433,0.677834,0.471639,0.982079,0.549733,0.078125,0.110352,0.782772
362,0.984375,-0.0480957,-0.0771484,0.222656,-0.0488591,0.480516,0.370689,0.557022,0.447683,0.783119,0.475224,0.26471,0.163497,0.00227246,0,0,0,0,0,0.00453527,0.00168118,0.0831979,0.54159,0.90472,0.570299,-0.015625,-0.0480957,0.721944
363,1.05469,0.0673828,0.205078,0.289062,0.0638889,0.525471,0.456624,0.637922,0.61545,0.849412,0.448869,0.286343,0.381438,0.00269812,0,0,0,0,0,-0.0308804,-0.0141007,0.59975,0.494479,0.959713,0.552823,0.0546875,0.0673828,0.780427
364,1.05469,0.0454102,-0.151367,0.28125,0.0430556,0.517171,0.445637,0.630105,0.595625,0.755975,0.538062,0.339035,0.285421,0.00251059,0,0,0,0,0,-0.0247901,-0.0110474,0.401655,0.5576,0.884902,0.578359,0.0546875,0.0454102,0.842185
365,1.03906,0.0498047,-0.363281,0.435547,0.0479323,0.519115,0.441569,0.622564,0.58257,0.747772,0.51183,0.318647,0.55046,0.00302824,0,0,0,0,0,-0.0264009,-0.0116578,0.449676,0.543035,0.900245,0.575701,0.0390625,0.0498047,0.695904
366,1.09375,0.00854492,0.246094,0.382812,0.0078125,0.503117,0.442869,0.639956,0.605677,0.851066,0.643324,0.411699,0.397748,0.00272998,0,0,0,0,0,-0.0118899,-0.00526565,0.161122,0.495737,0.932859,0.592299,0.09375,0.00854492,0.874149
367,0.96875,0.0549316,-0.507812,0.279297,0.0567036,0.522609,0.415937,0.583457,0.513426,0.763676,0.4241,0.247444,0.960883,0.00382985,0,0,0,0,0,-0.0258632,-0.0107574,0.531643,0.507912,0.941864,0.560968,-0.03125,0.0549316,0.824455
368,0.988281,0.0240479,-0.425781,0.371094,0.024333,0.509707,0.408327,0.583925,0.5077,0.919275,0.629877,0.367801,0.698948,0.00331826,0,0,0,0,0,0.00693181,0.00283044,0.0959395,0.523914,0.91365,0.583132,-0.0117188,0.0240479,0.808638
369,1.01562,-0.000492096,-0.253906,0.239258,-0.000484525,0.499807,0.407022,0.591337,0.515346,0.886054,0.423012,0.250143,0.519087,0.00296697,0,0,0,0,0,-0.0168239,-0.00684772,0.346723,0.502732,0.945914,0.561867,0.015625,-0.000492096,0.957246
370,1.10156,0.146484,0.129883,0.302734,0.132979,0.552895,0.514971,0.694022,0.746862,0.770168,0.518472,0.359831,0.236059,0.00241418,0,0,0,0,0,-0.0397033,-0.0204461,0.667587,0.49217,0.960858,0.554066,0.101562,0.146484,0.848328
371,0.984375,-0.019165,0.34375,0.337891,-0.0194692,0.492233,0.385154,0.566751,0.46955,0.846315,0.434353,0.24617,0.591364,0.00310813,0,0,0,0,0,-0.00995534,-0.00383434,0.199811,0.560258,0.883756,0.575674,-0.015625,-0.019165,0.961482
372,1.07812,0.112305,-0.828125,0.498047,0.104167,0.541481,0.488483,0.667812,0.684588,0.800096,0.541559,0.361659,1.17344,0.004245,0,0,0,0,0,-0.0321173,-0.0156888,0.517012,0.535635,0.916386,0.560481,0.078125,0.112305,0.999183
373,1.98438,0.157227,-0.0708008,0.122559,0.0792323,0.531576,0.874352,1.21118,2.23145,0.857797,1.53209,1.85564,0.20224,0.00234812,0,0,0,0,0,-0.0485632,-0.0424614,0.276331,0.839807,0.544775,0.590117,0.984375,0.157227,2.54912
374,1.05469,-0.0458984,0.0698242,0.263672,-0.0435185,0.482644,0.399983,0.598687,0.518412,0.804458,0.722093,0.432308,0.13598,0.00221871,0,0,0,0,0,0.0230685,0.009227,0.278505,0.551288,0.872862,0.616332,0.0546875,-0.0458984,1.00569
375,1.0625,0.0585938,0.0268555,0.339844,0.0551471,0.521989,0.455362,0.639332,0.616099,0.73995,0.437468,0.279687,0.0460673,0.0020431,0,0,0,0,0,-0.0259757,-0.0118284,0.517641,0.531998,0.922264,0.55676,0.0625,0.0585938,0.795179
376,1.07031,-0.0634766,0.0354004,0.318359,-0.0593066,0.476354,0.39746,0.601944,0.520311,0.793884,0.514794,0.309877,0.0627407,0.00207567,0,0,0,0,0,-0.000998045,-0.000396683,0.0169014,0.527343,0.918471,0.569646,0.0703125,-0.0634766,1.01103
377,1,-0.00692749,-0.757812,0.361328,-0.00692749,0.497236,0.397539,0.580027,0.494468,0.843405,0.370333,0.214803,1.2607,0.00441542,0,0,0,0,0,-0.0105752,-0.00420407,0.248946,0.4758,0.977106,0.551523,0,-0.00692749,0.647921
378,0.957031,-0.0078125,0.285156,0.326172,-0.00816327,0.496743,0.379866,0.554699,0.451988,0.771286,0.507321,0.28141,0.499298,0.00292832,0,0,0,0,0,-0.0147876,-0.00561731,0.25411,0.518274,0.924648,0.573106,-0.0429688,-0.0078125,0.752198
379,1.03906,0.0132446,-0.186523,0.186523,0.0127467,0.505085,0.423289,0.609735,0.55095,0.700087,0.475688,0.290043,0.431884,0.00279665,0,0,0,0,0,-0.00941975,-0.00398728,0.172633,0.520623,0.928212,0.564034,0.0390625,0.0132446,0.774056
380,0.992188,-0.00643921,0.310547,0.171875,-0.00648991,0.497411,0.39465,0.575644,0.487115,0.7878,0.563993,0.324659,0.749067,0.00341615,0,0,0,0,0,-0.00996499,-0.00393268,0.154032,0.536911,0.907067,0.573835,-0.0078125,-0.00643921,0.885989
381,0.984375,0.0566406,0.40625,0.330078,0.0575397,0.522942,0.423057,0.593161,0.530817,0.85116,0.45789,0.271603,0.707107,0.00333419,0,0,0,0,0,-0.0203992,-0.00863002,0.388381,0.526363,0.925263,0.560339,-0.015625,0.0566406,0.942076
382,1,-0.017334,-0.439453,0.236328,-0.017334,0.493085,0.392335,0.576473,0.486248,0.803359,0.403796,0.232778,0.903972,0.00371869,0,0,0,0,0,0.00416567,0.00163434,0.0899352,0.48531,0.962066,0.560698,0,-0.017334,0.777455
383,1.05469,0.0649414,0.000419617,0.263672,0.0615741,0.524549,0.455403,0.637049,0.613223,0.727579,0.495516,0.315668,0.000817186,0.00195472,0,0,0,0,0,-0.0185952,-0.00846833,0.327153,0.528436,0.919537,0.566277,0.0546875,0.0649414,0.951619
384,1.03125,-0.0131836,0.00306702,0.265625,-0.0127841,0.4949,0.406942,0.596087,0.520921,0.77805,0.527689,0.314549,0.00595089,0.00196475,0,0,0,0,0,-0.00650067,-0.0026454,0.107396,0.523566,0.907062,0.595802,0.03125,-0.0131836,0.809039
385,1.00781,0.0498047,-0.163086,0.488281,0.0494186,0.519707,0.429038,0.604372,0.549339,0.870669,0.588127,0.355447,0.23339,0.00240896,0,0,0,0,0,0.00209353,0.000898202,0.0310324,0.516156,0.919201,0.585513,0.0078125,0.0498047,0.861215
386,1.01562,0.111328,0.138672,0.351562,0.109615,0.543643,0.462932,0.631125,0.612625,0.783121,0.493314,0.311343,0.233877,0.00240992,0,0,0,0,0,-0.0319863,-0.0148075,0.565259,0.509308,0.934993,0.569471,0.015625,0.111328,0.731686
387,1.05469,0.0932617,-0.796875,0.22168,0.0884259,0.535231,0.469563,0.647247,0.639418,0.76454,0.385818,0.24972,1.69249,0.00525878,0,0,0,0,0,-0.0287174,-0.0134846,0.648887,0.506788,0.949696,0.551254,0.0546875,0.0932617,0.782434
388,1.01562,0.000522614,-0.0294189,0.318359,0.000514573,0.500205,0.407529,0.591686,0.516173,0.819455,0.55354,0.327522,0.0521397,0.00205496,0,0,0,0,0,0.0106291,0.00433167,0.167399,0.497976,0.941276,0.575243,0.015625,0.000522614,0.779157
389,1.00781,-0.0220947,-0.150391,0.198242,-0.0219234,0.491255,0.393088,0.579405,0.490229,0.806253,0.401944,0.232888,0.337771,0.00261283,0,0,0,0,0,0.00448498,0.00176299,0.0972751,0.526926,0.923217,0.562688,0.0078125,-0.0220947,0.857968
390,1.07812,0.0194092,0.145508,0.205078,0.0180027,0.507182,0.442035,0.634628,0.598147,0.802995,0.643286,0.408247,0.321312,0.00258069,0,0,0,0,0,-0.00693028,-0.00306343,0.0939189,0.555397,0.885991,0.580303,0.078125,0.0194092,0.811817
391,1.03906,-0.0269775,0.566406,0.316406,-0.0259633,0.489643,0.403178,0.595949,0.517708,0.86852,0.548022,0.326593,1.00694,0.00391981,0,0,0,0,0,-0.00106013,-0.000427423,0.0168644,0.508332,0.937112,0.567543,0.0390625,-0.0269775,0.8195
392,1,-0.0332031,0.285156,0.172852,-0.0332031,0.486756,0.384401,0.571103,0.473922,0.767148,0.504953,0.28838,0.685877,0.00329273,0,0,0,0,0,0.00767097,0.00294873,0.132436,0.531576,0.912485,0.573071,0,-0.0332031,0.810688
393,0.988281,0.00686646,-0.484375,0.28125,0.00694788,0.502772,0.399736,0.57795,0.493816,0.891733,0.451504,0.260947,0.913346,0.003737,0,0,0,0,0,-0.0144385,-0.00577158,0.278783,0.508002,0.938955,0.565187,-0.0117188,0.00686646,0.673033
394,1.03125,0.0279541,-0.09375,0.193359,0.027107,0.510813,0.427511,0.610314,0.555249,0.755498,0.475346,0.29011,0.213201,0.00236953,0,0,0,0,0,-0.00209527,-0.000895752,0.0384271,0.576274,0.869222,0.573184,0.03125,0.0279541,0.931833
395,1.02344,-0.0439453,-0.396484,0.255859,-0.0429389,0.482875,0.388428,0.581146,0.488607,0.843865,0.446702,0.259599,0.783836,0.00348406,0,0,0,0,0,0.00542882,0.00210871,0.105948,0.521675,0.930045,0.559736,0.0234375,-0.0439453,0.823097
396,1.04688,0.0162354,-0.628906,0.236328,0.0155084,0.506187,0.427917,0.615324,0.561737,0.853895,0.618368,0.380497,1.29368,0.00447985,0,0,0,0,0,-0.0105299,-0.00450591,0.148451,0.512709,0.917312,0.594308,0.046875,0.0162354,0.839429
397,0.996094,0.00946045,0.277344,0.213867,0.00949755,0.503789,0.404166,0.583398,0.503704,0.755596,0.540148,0.315121,0.599717,0.00312445,0,0,0,0,0,-0.0111165,-0.0044929,0.179416,0.508111,0.931502,0.576717,-0.00390625,0.00946045,0.898481
398,1.05469,-0.0668945,-0.0649414,0.246094,-0.0634259,0.474714,0.389485,0.591725,0.501837,0.830879,0.670853,0.39696,0.13091,0.00220881,0,0,0,0,0,0.0211237,0.00822737,0.274505,0.545447,0.894629,0.581782,0.0546875,-0.0668945,1.07862
399,0.996094,-0.0144653,0.00842285,0.28125,-0.0145221,0.494207,0.392203,0.575175,0.48465,0.784678,0.402964,0.231775,0.0158823,0.00198415,0,0,0,0,0,-0.00560068,-0.0021966,0.121166,0.51662,0.928129,0.569912,-0.00390625,-0.0144653,0.785717
400,1.08594,-0.129883,-0.648438,0.265625,-0.119604,0.452398,0.370522,0.589627,0.484946,0.803713,0.69697,0.410952,1.25815,0.00441046,0,0,0,0,0,0.0305375,0.0113148,0.381967,0.575814,0.845843,0.629021,0.0859375,-0.129883,0.849701
401,0.980469,0.0546875,-0.209961,0.273438,0.0557769,0.52224,0.420514,0.590191,0.525158,0.80234,0.51937,0.306528,0.401522,0.00273735,0,0,0,0,0,-0.0186077,-0.00782481,0.312337,0.50915,0.935504,0.568896,-0.0195312,0.0546875,0.823913
402,1.0625,-0.0239258,-0.0148926,0.144531,-0.0225184,0.491017,0.414102,0.610632,0.544351,0.788667,0.569452,0.347726,0.0391732,0.00202964,0,0,0,0,0,0.00588879,0.00243856,0.090152,0.525882,0.917702,0.573131,0.0625,-0.0239258,0.810832
403,1.02344,-0.00726318,-0.139648,0.333984,-0.00709685,0.497169,0.406769,0.593562,0.517777,0.868708,0.575882,0.341822,0.241642,0.00242508,0,0,0,0,0,-0.00751234,-0.00305579,0.113723,0.505168,0.936988,0.572103,0.0234375,-0.00726318,0.751914
404,1.02344,-0.00958252,-0.363281,0.230469,-0.00936307,0.496265,0.40561,0.592768,0.515893,0.80579,0.511356,0.303115,0.756723,0.0034311,0,0,0,0,0,0.00334807,0.00135801,0.0570793,0.55154,0.885924,0.587499,0.0234375,-0.00958252,0.942167
405,1.00781,0.0218506,0.0544434,0.396484,0.0216812,0.508649,0.41506,0.594532,0.525743,0.776828,0.579451,0.344502,0.0864633,0.002122,0,0,0,0,0,-0.00263917,-0.00109541,0.0397061,0.518517,0.898372,0.622814,0.0078125,0.0218506,0.677965
406,1.00781,0.0419922,-0.0209961,0.451172,0.0416667,0.516618,0.425131,0.601605,0.542666,0.846215,0.412926,0.248418,0.0312585,0.00201418,0,0,0,0,0,-0.0217501,-0.00924667,0.459195,0.526081,0.930144,0.553409,0.0078125,0.0419922,0.97209
407,0.964844,0.0410156,-0.119629,0.230469,0.0425101,0.516954,0.407412,0.576243,0.498041,0.761975,0.441804,0.254587,0.24919,0.00243982,0,0,0,0,0,-0.0146588,-0.00597216,0.28925,0.517192,0.929336,0.567185,-0.0351562,0.0410156,0.866396
408,1.26562,0.125,-0.542969,0.227539,0.0987654,0.539338,0.570019,0.781456,0.935595,0.731953,0.840629,0.656915,1.13827,0.00417632,0,0,0,0,0,-0.0192781,-0.0109889,0.199925,0.730481,0.691048,0.585457,0.265625,0.125,1.43097
409,1.10938,0.177734,-0.96875,0.345703,0.160211,0.563643,0.533729,0.710225,0.789286,0.724062,0.517209,0.367335,1.64763,0.00517116,0,0,0,0,0,-0.0400884,-0.0213964,0.675709,0.486565,0.968867,0.55,0.109375,0.177734,0.827847
410,1.07031,0.057373,0.271484,0.332031,0.053604,0.521375,0.457884,0.643445,0.623679,0.74761,0.468816,0.301657,0.471146,0.00287333,0,0,0,0,0,-0.0264835,-0.0121264,0.49247,0.538842,0.91091,0.564344,0.0703125,0.057373,0.726883
411,1.04688,0.0300293,-0.1875,0.208984,0.0286847,0.511442,0.434814,0.62014,0.573637,0.808779,0.537617,0.333398,0.410152,0.0027542,0,0,0,0,0,-0.0171486,-0.00745646,0.278075,0.53359,0.909539,0.574906,0.046875,0.0300293,0.900753
412,0.96875,-0.0541992,0.490234,0.216797,-0.0559476,0.477692,0.361371,0.545901,0.428597,0.778825,0.397669,0.217088,1.05288,0.00400952,0,0,0,0,0,0.00379423,0.00137113,0.083178,0.501098,0.944166,0.566609,-0.03125,-0.0541992,0.727497
413,1.03125,-0.0159912,0.125,0.423828,-0.0155066,0.493814,0.405538,0.59513,0.51864,0.805807,0.603302,0.359043,0.192006,0.00232814,0,0,0,0,0,0.011541,0.0046803,0.166769,0.527799,0.905593,0.591473,0.03125,-0.0159912,0.75442
414,1.03906,0.0620117,-0.308594,0.367188,0.0596805,0.523795,0.447672,0.626908,0.593425,0.799995,0.444848,0.278879,0.509264,0.00294778,0,0,0,0,0,-0.0283391,-0.0126866,0.555368,0.472111,0.980333,0.551449,0.0390625,0.0620117,0.640061
415,0.992188,0.000545502,0.147461,0.294922,0.000549797,0.500219,0.398142,0.578044,0.492652,0.852496,0.548379,0.316987,0.271534,0.00248346,0,0,0,0,0,-0.00648137,-0.00258051,0.103037,0.498294,0.946337,0.567062,-0.0078125,0.000545502,0.961853
416,1.00781,-0.0820312,-0.036377,0.228516,-0.0813953,0.467564,0.36312,0.559507,0.444904,0.874124,0.636242,0.355982,0.0760971,0.00210175,0,0,0,0,0,0.0213044,0.00773604,0.291913,0.520909,0.91739,0.581309,0.0078125,-0.0820312,0.760218
417,1.00781,-0.00424194,0.0358887,0.229492,-0.00420906,0.498321,0.402014,0.585498,0.504423,0.717762,0.492157,0.288157,0.0749158,0.00209944,0,0,0,0,0,-0.00346587,-0.00139333,0.0613926,0.51484,0.925733,0.576388,0.0078125,-0.00424194,0.702482
418,0.996094,0.0162354,0.181641,0.261719,0.016299,0.506502,0.407554,0.58575,0.509203,0.788293,0.389571,0.228191,0.355055,0.00264659,0,0,0,0,0,-0.00902078,-0.00367645,0.201867,0.501288,0.945741,0.564014,-0.00390625,0.0162354,0.776787
419,1.03125,0.0141602,0.000732422,0.199219,0.0137311,0.505478,0.420614,0.605503,0.54355,0.826901,0.572385,0.346581,0.00164095,0.00195633,0,0,0,0,0,-0.0101941,-0.00428777,0.155263,0.494405,0.947167,0.57092,0.03125,0.0141602,0.736244
420,1.00781,-0.0551758,0.523438,0.253906,-0.0547481,0.47817,0.376547,0.568314,0.464768,0.875707,0.536751,0.305043,1.03879,0.00398201,0,0,0,0,0,0.0157475,0.00592969,0.255768,0.508909,0.936225,0.568114,0.0078125,-0.0551758,0.73111
421,1.14844,0.0534668,-0.730469,0.253906,0.0465561,0.518566,0.48726,0.687537,0.710129,0.762634,0.680774,0.468058,1.44966,0.00478448,0,0,0,0,0,-0.0153196,-0.00746461,0.196178,0.601145,0.840881,0.57924,0.148438,0.0534668,1.17978
422,1.01562,-0.00149536,0.753906,0.376953,-0.00147236,0.499413,0.40652,0.590992,0.51453,0.826183,0.423505,0.250288,1.22793,0.00435143,0,0,0,0,0,-0.00518115,-0.00210624,0.106653,0.473585,0.975932,0.555544,0.015625,-0.00149536,0.673029
423,1.0625,-0.0722656,-0.0766602,0.223633,-0.0680147,0.472887,0.389932,0.594506,0.505485,0.864074,0.566238,0.336632,0.162107,0.00226974,0,0,0,0,0,0.0167435,0.00652883,0.257783,0.53064,0.912248,0.574942,0.0625,-0.0722656,1.02336
424,0.992188,0.0332031,-0.12793,0.1875,0.0334646,0.513348,0.414471,0.58941,0.51919,0.742384,0.405139,0.238793,0.295441,0.00253016,0,0,0,0,0,-0.00886224,-0.00367314,0.190698,0.496243,0.952998,0.559982,-0.0078125,0.0332031,0.742474
425,1.09375,0.0101929,-0.488281,0.19043,0.0093192,0.503718,0.443693,0.640527,0.607138,0.815322,0.589244,0.377426,1.11893,0.00413853,0,0,0,0,0,-0.0180625,-0.00801422,0.267233,0.548251,0.888378,0.58872,0.09375,0.0101929,0.952411
426,1.01562,0.0324707,-0.335938,0.345703,0.0319712,0.512752,0.423503,0.6028,0.542723,0.83334,0.385901,0.232621,0.571356,0.00306905,0,0,0,0,0,-0.0251619,-0.0106562,0.568427,0.479764,0.971284,0.554671,0.015625,0.0324707,0.775295
427,0.933594,-0.0532227,0.484375,0.24707,-0.0570084,0.477269,0.347762,0.525763,0.397365,0.787431,0.473145,0.248762,0.974477,0.0038564,0,0,0,0,0,0.0067653,0.00235271,0.124652,0.498321,0.934318,0.586075,-0.0664062,-0.0532227,0.819136
428,0.996094,0.000774384,0.233398,0.249023,0.00077742,0.50031,0.399823,0.580398,0.49672,0.815495,0.491854,0.285471,0.467711,0.00286662,0,0,0,0,0,-0.0151717,-0.006066,0.268909,0.506539,0.938766,0.567466,-0.00390625,0.000774384,0.78288
429,1.01562,-0.00299072,0.0612793,0.246094,-0.00294471,0.498825,0.405773,0.590478,0.513315,0.817839,0.400019,0.236203,0.123527,0.00219439,0,0,0,0,0,-0.0099831,-0.00405087,0.217566,0.488224,0.96147,0.558002,0.015625,-0.00299072,0.713094
430,1.04688,0.00370789,-0.15332,0.291016,0.00354186,0.501413,0.421653,0.610985,0.551094,0.742352,0.580689,0.354792,0.284211,0.00250823,0,0,0,0,0,-0.000107389,-4.52808e-05,0.00161221,0.558892,0.875624,0.594415,0.046875,0.00370789,0.821968
431,0.929688,0.0131836,-0.484375,0.24707,0.0141807,0.505657,0.379399,0.546015,0.442076,0.818167,0.327569,0.178858,0.974477,0.0038564,0,0,0,0,0,-0.011812,-0.00448147,0.314361,0.510308,0.940177,0.560246,-0.0703125,0.0131836,0.744992
432,0.953125,0.0107422,0.155273,0.161133,0.0112705,0.504496,0.387576,0.558818,0.462493,0.758161,0.475718,0.26584,0.386817,0.00270863,0,0,0,0,0,-0.00210069,-0.000814179,0.0384964,0.54189,0.894842,0.587617,-0.046875,0.0107422,0.780296
433,1.01562,0.00854492,-0.074707,0.219727,0.00841346,0.503356,0.41154,0.594456,0.522744,0.822075,0.533585,0.317193,0.159375,0.0022644,0,0,0,0,0,-0.00255595,-0.00105188,0.0417595,0.489405,0.946803,0.578084,0.015625,0.00854492,0.947326
434,0.976562,0.00244141,0.169922,0.21582,0.0025,0.500997,0.392825,0.569597,0.478752,0.802463,0.514209,0.292892,0.365766,0.00266751,0,0,0,0,0,-0.0154907,-0.00608513,0.262627,0.512687,0.935681,0.563732,-0.0234375,0.00244141,0.751013
435,1.05469,0.0110474,0.241211,0.371094,0.0104745,0.504179,0.428456,0.618073,0.565588,0.825248,0.55399,0.342406,0.395964,0.00272649,0,0,0,0,0,-0.00122753,-0.000525942,0.0193169,0.491433,0.93416,0.596282,0.0546875,0.0110474,0.909
436,0.9375,-0.0405273,0.365234,0.292969,-0.0432292,0.482759,0.355676,0.532257,0.409803,0.731463,0.555289,0.295556,0.674778,0.00327105,0,0,0,0,0,0.00559965,0.00199166,0.0879121,0.530845,0.901768,0.593576,-0.0625,-0.0405273,0.806278
437,1.13281,-0.0678711,-0.00454712,0.253906,-0.0599138,0.476112,0.420325,0.636867,0.582273,0.843,0.672937,0.428572,0.00902401,0.00197075,0,0,0,0,0,0.0210228,0.00883639,0.272347,0.514358,0.927496,0.574208,0.132812,-0.0678711,1.21223
438,1.35156,0.172852,-0.232422,0.367188,0.12789,0.550882,0.628406,0.848982,1.11566,0.792859,0.874286,0.742253,0.38356,0.00270227,0,0,0,0,0,-0.035598,-0.02237,0.354959,0.715304,0.713815,0.568241,0.351562,0.172852,1.31551
439,1.04688,-0.046875,-0.0834961,0.273438,-0.0447761,0.482143,0.396362,0.593813,0.509716,0.83793,0.619841,0.368069,0.159675,0.00226499,0,0,0,0,0,0.0246571,0.00977312,0.346791,0.520875,0.916732,0.582504,0.046875,-0.046875,1.1025
440,1,0.0334473,-0.488281,0.337891,0.0334473,0.513341,0.417726,0.594045,0.527384,0.917092,0.511861,0.304068,0.840005,0.00359376,0,0,0,0,0,0.00911775,0.00380872,0.15529,0.621906,0.818672,0.579944,0,0.0334473,0.931699
441,1.05469,0.0849609,1.03906,0.296875,0.0805556,0.532102,0.465413,0.644243,0.631657,0.873729,0.495911,0.319487,1.90702,0.00567777,0,0,0,0,0,-0.0256558,-0.0119405,0.451012,0.508548,0.936401,0.56834,0.0546875,0.0849609,0.898486
442,1.04688,-0.0507812,0.384766,0.296875,-0.0485075,0.480656,0.394409,0.592511,0.506627,0.79533,0.492521,0.291824,0.70617,0.00333236,0,0,0,0,0,-0.000271722,-0.000107169,0.00480957,0.512963,0.932089,0.56888,0.046875,-0.0507812,0.868556
443,1.15625,0.0688477,-0.558594,0.151367,0.0595439,0.523741,0.498083,0.697556,0.734671,0.694574,0.62929,0.438965,1.43575,0.00475733,0,0,0,0,0,-0.024392,-0.0121492,0.337911,0.667281,0.775604,0.559212,0.15625,0.0688477,0.958224
444,1,0.0722656,0.398438,0.380859,0.0722656,0.528805,0.437135,0.60785,0.560569,0.84638,0.392017,0.238287,0.645621,0.0032141,0,0,0,0,0,-0.0310626,-0.0135785,0.69078,0.473649,0.978635,0.551938,0,0.0722656,0.823293
445,1,0.02771,-0.128906,0.304688,0.02771,0.511053,0.414857,0.592031,0.522607,0.78685,0.425283,0.251781,0.233532,0.00240924,0,0,0,0,0,-0.0160877,-0.00667409,0.329779,0.51151,0.939139,0.560161,0,0.02771,0.721191
446,0.988281,-0.0296631,-0.0585938,0.304688,-0.0300148,0.488028,0.381472,0.565472,0.465279,0.838931,0.487301,0.275555,0.106151,0.00216045,0,0,0,0,0,0.00284787,0.00108638,0.0509483,0.494195,0.953481,0.561877,-0.0117188,-0.0296631,0.837652
447,1.07031,-0.0341797,-0.182617,0.229492,-0.0319343,0.487262,0.412108,0.611715,0.544029,0.859885,0.59733,0.365396,0.381204,0.00269766,0,0,0,0,0,0.00796368,0.0032819,0.116227,0.514589,0.929657,0.570402,0.0703125,-0.0341797,0.954281
448,0.960938,0.00343323,-0.376953,0.259766,0.00357279,0.501425,0.387055,0.560839,0.464352,0.802286,0.503288,0.282264,0.739599,0.00339765,0,0,0,0,0,0.000586253,0.000226912,0.0101549,0.538027,0.904233,0.576957,-0.0390625,0.00343323,0.672013
449,1.02344,0.0566406,-0.15918,0.170898,0.0553435,0.522068,0.438721,0.615898,0.571807,0.760651,0.483636,0.297871,0.385051,0.00270518,0,0,0,0,0,-0.0249184,-0.0109322,0.449168,0.529253,0.918089,0.567382,0.0234375,0.0566406,0.829301
450,1.07812,-0.00135803,-0.357422,0.226562,-0.00125962,0.499497,0.431652,0.627439,0.580003,0.837884,0.660277,0.414284,0.750909,0.00341974,0,0,0,0,0,0.010463,0.00451638,0.138146,0.518432,0.909092,0.600513,0.078125,-0.00135803,0.884032
451,0.996094,-0.0698242,0.143555,0.246094,-0.070098,0.472058,0.364524,0.556669,0.442758,0.790844,0.477928,0.266048,0.289379,0.00251832,0,0,0,0,0,0.0123598,0.00450545,0.225453,0.525602,0.91522,0.577752,-0.00390625,-0.0698242,0.642102
452,1.08594,0.104004,-0.396484,0.320312,0.0957734,0.53815,0.487465,0.669325,0.685618,0.766512,0.611288,0.40915,0.70055,0.00332139,0,0,0,0,0,-0.0310267,-0.0151245,0.442484,0.514312,0.928873,0.57205,0.0859375,0.104004,0.730373
453,1.01562,-0.0476074,-0.222656,0.226562,-0.046875,0.481306,0.383464,0.575376,0.478102,0.797899,0.534563,0.307575,0.467779,0.00286676,0,0,0,0,0,0.0151083,0.0057935,0.24639,0.538223,0.900002,0.584269,0.015625,-0.0476074,0.784386
454,0.964844,-0.0854492,-0.12207,0.236328,-0.0885628,0.464715,0.34418,0.533415,0.402991,0.860007,0.531356,0.283433,0.251103,0.00244356,0,0,0,0,0,0.0284852,0.00980405,0.467349,0.504033,0.935472,0.576089,-0.0351562,-0.0854492,1.19095
455,1.05469,0.026123,0.0629883,0.285156,0.0247685,0.50988,0.435994,0.623322,0.578621,0.768005,0.636036,0.396455,0.117956,0.00218351,0,0,0,0,0,-0.0130199,-0.00567659,0.178457,0.549084,0.878738,0.607308,0.0546875,0.026123,0.657038
456,1,0.0264893,-0.664062,0.210938,0.0264893,0.510566,0.414247,0.591604,0.521595,0.829639,0.343643,0.2033,1.44588,0.00477711,0,0,0,0,0,-0.0125626,-0.00520401,0.318697,0.487673,0.963747,0.555539,0,0.0264893,0.770299
457,1.00781,0.0537109,-0.239258,0.296875,0.0532946,0.521251,0.430991,0.60576,0.552698,0.840965,0.433274,0.26246,0.439116,0.00281077,0,0,0,0,0,-0.0203457,-0.0087688,0.409371,0.482118,0.965392,0.559905,0.0078125,0.0537109,0.972231
458,0.972656,-0.00463867,-0.0201416,0.353516,-0.00476908,0.498097,0.387718,0.564887,0.469422,0.929107,0.614719,0.347246,0.0338758,0.00201929,0,0,0,0,0,0.0216392,0.0083899,0.306882,0.525572,0.914205,0.579547,-0.0273438,-0.00463867,0.954697
459,1.07812,0.0854492,-0.373047,0.244141,0.0792572,0.531586,0.475055,0.658054,0.658712,0.747896,0.510475,0.33592,0.754994,0.00342772,0,0,0,0,0,-0.0303204,-0.0144039,0.517806,0.569998,0.879045,0.566607,0.078125,0.0854492,0.728919
460,1.01562,0.0296631,-0.65625,0.205078,0.0292067,0.51165,0.4221,0.601814,0.540349,0.725634,0.409042,0.246168,1.44914,0.00478347,0,0,0,0,0,-0.022174,-0.00935964,0.472588,0.527506,0.926044,0.557506,0.015625,0.0296631,0.717174
461,1.07812,0.00637817,-0.0383301,0.150391,0.00591599,0.50236,0.43552,0.630107,0.586712,0.777792,0.604355,0.380808,0.0988392,0.00214617,0,0,0,0,0,-0.00426152,-0.00185598,0.0614722,0.53055,0.899352,0.598822,0.078125,0.00637817,0.890467
462,0.992188,-0.010437,0.404297,0.265625,-0.0105192,0.495804,0.392651,0.574276,0.483967,0.76971,0.543484,0.31211,0.784451,0.00348526,0,0,0,0,0,0.00410712,0.00161267,0.0658806,0.539338,0.89851,0.585133,-0.0078125,-0.010437,0.782544
463,1.0625,0.0578613,-0.515625,0.205078,0.0544577,0.521715,0.454996,0.639071,0.615432,0.794003,0.426604,0.27263,1.13861,0.00417697,0,0,0,0,0,-0.0228988,-0.0104189,0.467945,0.525936,0.919454,0.570164,0.0625,0.0578613,0.692136
464,1.05469,0.019165,-0.213867,0.28125,0.0181713,0.507249,0.432515,0.620893,0.572578,0.844094,0.461566,0.286583,0.403272,0.00274077,0,0,0,0,0,-0.0103429,-0.00447347,0.195351,0.504195,0.941687,0.566204,0.0546875,0.019165,0.799422
465,1.01562,0.0373535,-0.361328,0.192383,0.0367788,0.514669,0.425945,0.604518,0.54687,0.774222,0.362796,0.219317,0.823794,0.0035621,0,0,0,0,0,-0.0221216,-0.00942259,0.531571,0.484722,0.968645,0.552439,0.015625,0.0373535,0.725145
466,0.984375,0.0185547,-0.104004,0.203125,0.0188492,0.507519,0.404014,0.579733,0.499318,0.85935,0.49208,0.285275,0.230764,0.00240384,0,0,0,0,0,-0.00847104,-0.00342242,0.150075,0.496896,0.942703,0.57447,-0.015625,0.0185547,0.780111
467,1.04688,-0.115723,0.100586,0.287109,-0.110541,0.45599,0.361938,0.57141,0.457509,0.803612,0.588606,0.336336,0.187721,0.00231977,0,0,0,0,0,0.0166489,0.00602588,0.246586,0.509845,0.918097,0.597404,0.046875,-0.115723,0.836423
468,0.984375,0.0361328,-0.910156,0.275391,0.0367063,0.51464,0.412803,0.585892,0.513676,0.85394,0.405388,0.237514,1.73437,0.00534056,0,0,0,0,0,-0.00654165,-0.00270041,0.140677,0.500188,0.953114,0.55485,-0.015625,0.0361328,0.810223
469,1.03906,0.0186768,0.308594,0.15918,0.0179746,0.50717,0.426005,0.611624,0.555564,0.733408,0.480771,0.294051,0.77347,0.00346381,0,0,0,0,0,-0.0133468,-0.00568582,0.242018,0.529054,0.915446,0.572022,0.0390625,0.0186768,0.68641
470,1.03125,0.0264893,0.271484,0.155273,0.0256866,0.510246,0.426778,0.609801,0.553998,0.761318,0.509368,0.310613,0.688964,0.00329876,0,0,0,0,0,-0.00704866,-0.00300821,0.120637,0.518863,0.919995,0.57998,0.03125,0.0264893,0.855842
471,0.9375,-0.050293,0.851562,0.257812,-0.0536458,0.478609,0.350793,0.529006,0.402904,0.794466,0.451806,0.239008,1.67712,0.00522875,0,0,0,0,0,0.00585988,0.00205561,0.113069,0.494965,0.946829,0.570697,-0.0625,-0.050293,0.751764
472,1.03125,-0.043457,0.507812,0.197266,-0.0421402,0.483193,0.391805,0.585858,0.496741,0.785263,0.58184,0.340875,1.14335,0.00418622,0,0,0,0,0,0.00745037,0.00291909,0.11163,0.512858,0.923374,0.583311,0.03125,-0.043457,0.954193
473,0.992188,-0.0111694,-0.108887,0.3125,-0.0112574,0.495509,0.392285,0.574025,0.483392,0.744895,0.489147,0.280783,0.194782,0.00233356,0,0,0,0,0,0.00172981,0.00067858,0.0308296,0.568057,0.871225,0.585355,-0.0078125,-0.0111694,0.892433
474,1.00781,0.0556641,-0.765625,0.21875,0.0552326,0.522023,0.431967,0.606455,0.554384,0.786032,0.361208,0.219056,1.63698,0.00515034,0,0,0,0,0,-0.0242987,-0.0104963,0.586453,0.475727,0.973216,0.556724,0.0078125,0.0556641,0.792853
475,1.07031,0.0324707,0.390625,0.236328,0.0303376,0.512101,0.445433,0.634644,0.601184,0.798692,0.580157,0.368194,0.80353,0.00352252,0,0,0,0,0,-0.0113675,-0.00506346,0.170815,0.528618,0.91027,0.581593,0.0703125,0.0324707,0.815581
476,1.10156,0.0124512,0.289062,0.285156,0.0113032,0.504509,0.447955,0.645859,0.617798,0.826884,0.624323,0.403225,0.541315,0.00301038,0,0,0,0,0,-0.01243,-0.00556808,0.173568,0.499671,0.938366,0.577532,0.101562,0.0124512,1.03003
477,0.980469,-0.0844727,-0.449219,0.371094,-0.0861554,0.465671,0.350934,0.542815,0.417803,0.83384,0.576577,0.312975,0.737422,0.0033934,0,0,0,0,0,0.00841151,0.00295188,0.127181,0.536377,0.896375,0.5944,-0.0195312,-0.0844727,0.76675
478,1.02344,0.0620117,-0.378906,0.527344,0.0605916,0.524158,0.441407,0.617814,0.576534,0.816245,0.442137,0.273158,0.521777,0.00297222,0,0,0,0,0,-0.020539,-0.00906605,0.404976,0.516213,0.933773,0.561742,0.0234375,0.0620117,0.775345
479,0.972656,-0.0385742,0.306641,0.341797,-0.0396586,0.484183,0.37075,0.553378,0.443683,0.8856,0.553263,0.306164,0.5245,0.00297754,0,0,0,0,0,-0.000746714,-0.000276845,0.011766,0.503332,0.936603,0.575261,-0.0273438,-0.0385742,0.809099
480,0.925781,-0.0961914,-0.443359,0.398438,-0.103903,0.458623,0.323145,0.507266,0.361742,0.847545,0.491872,0.24951,0.702386,0.00332497,0,0,0,0,0,0.0136939,0.0044251,0.242706,0.473552,0.969034,0.564957,-0.0742188,-0.0961914,0.938267
481,1.09375,-0.0327148,-0.0233154,0.287109,-0.0299107,0.488069,0.422239,0.625857,0.569982,0.813003,0.634497,0.397105,0.0435131,0.00203811,0,0,0,0,0,0.0212588,0.0089763,0.29209,0.579466,0.855641,0.595062,0.09375,-0.0327148,0.9097
482,0.976562,0.0192871,-0.233398,0.318359,0.01975,0.507879,0.401247,0.575439,0.492129,0.812635,0.418602,0.240879,0.413656,0.00276105,0,0,0,0,0,-0.0185303,-0.00743523,0.385912,0.524949,0.920808,0.56944,-0.0234375,0.0192871,0.780243
483,1.04688,-0.000224113,-0.310547,0.255859,-0.000214079,0.499915,0.419687,0.609629,0.547785,0.744272,0.363461,0.221577,0.613941,0.00315223,0,0,0,0,0,-0.0148632,-0.00623788,0.3565,0.479689,0.973915,0.55129,0.046875,-0.000224113,0.685717
484,0.988281,-0.0307617,0.217773,0.404297,-0.0311265,0.487584,0.380922,0.565101,0.464441,0.806538,0.618739,0.34965,0.342495,0.00262206,0,0,0,0,0,0.0142549,0.00543001,0.200846,0.521021,0.912759,0.589352,-0.0117188,-0.0307617,0.899503
485,1.00781,0.0380859,0.165039,0.206055,0.0377907,0.515073,0.423178,0.600227,0.539352,0.812094,0.529263,0.317678,0.363576,0.00266323,0,0,0,0,0,-0.0223143,-0.00944291,0.367551,0.505125,0.938332,0.570068,0.0078125,0.0380859,0.710457
486,1.01562,-0.0383301,0.137695,0.169922,-0.0377404,0.484947,0.388103,0.578478,0.48526,0.818415,0.548181,0.31711,0.334037,0.00260554,0,0,0,0,0,0.0139893,0.00542931,0.222475,0.516819,0.924709,0.575155,0.015625,-0.0383301,0.809024
487,1.01562,0.0327148,-0.0913086,0.292969,0.0322115,0.512848,0.423625,0.602886,0.54293,0.805746,0.519158,0.312993,0.168695,0.00228261,0,0,0,0,0,-0.0141525,-0.00599537,0.237652,0.519689,0.922915,0.573846,0.015625,0.0327148,0.79075
488,1.07812,0.140625,-0.882812,0.464844,0.130435,0.551889,0.502643,0.678238,0.712657,0.753348,0.495588,0.336127,1.29484,0.0044821,0,0,0,0,0,-0.0355395,-0.0178637,0.62517,0.489376,0.963795,0.553442,0.078125,0.140625,0.761439
489,0.988281,0.0500488,-0.710938,0.25,0.0506423,0.520195,0.421328,0.593089,0.529271,0.804817,0.376881,0.223524,1.42188,0.00473022,0,0,0,0,0,-0.0213288,-0.0089864,0.493365,0.502459,0.95066,0.555414,-0.0117188,0.0500488,0.899827
490,1.04688,0.0314941,-0.239258,0.257812,0.030084,0.512,0.435546,0.620654,0.574912,0.826828,0.551144,0.34207,0.47121,0.00287346,0,0,0,0,0,0.00171448,0.000746736,0.027119,0.535503,0.907217,0.575847,0.046875,0.0314941,0.809284
491,1.05469,0.0317383,-0.65625,0.273438,0.0300926,0.512003,0.438801,0.625289,0.583533,0.813618,0.505622,0.31616,1.25499,0.00440428,0,0,0,0,0,-0.0121312,-0.00532318,0.209163,0.513457,0.920801,0.586866,0.0546875,0.0317383,0.911287
492,1.03906,-0.0717773,0.144531,0.211914,-0.0690789,0.472463,0.380778,0.581029,0.482587,0.791731,0.637812,0.370587,0.313965,0.00256634,0,0,0,0,0,0.0239621,0.00912424,0.327521,0.538865,0.893963,0.594722,0.0390625,-0.0717773,1.00081
493,1.03906,-0.0373535,-0.226562,0.304688,-0.0359492,0.485661,0.39799,0.592452,0.509395,0.836793,0.51432,0.30471,0.41045,0.00275479,0,0,0,0,0,-0.00272302,-0.00108373,0.0461555,0.483671,0.957175,0.569719,0.0390625,-0.0373535,0.924449
494,0.988281,-0.00613403,-0.308594,0.279297,-0.00620677,0.497524,0.393236,0.573474,0.483507,0.824631,0.533659,0.30604,0.583921,0.0030936,0,0,0,0,0,0.00347951,0.00136827,0.0568408,0.568414,0.863677,0.600936,-0.0117188,-0.00613403,0.811221
495,1.00781,0.0493164,0.5,0.292969,0.0489341,0.519514,0.428793,0.604199,0.54892,0.804269,0.382976,0.231394,0.92376,0.00375734,0,0,0,0,0,-0.0203407,-0.00872197,0.463022,0.488622,0.962485,0.556124,0.0078125,0.0493164,0.80958
496,1.03125,0.0120239,-0.231445,0.279297,0.0116596,0.504651,0.419546,0.604762,0.541755,0.847742,0.582512,0.352281,0.437941,0.00280848,0,0,0,0,0,-0.00379382,-0.00159168,0.0567777,0.512926,0.933922,0.566086,0.03125,0.0120239,0.891232
497,0.980469,-0.00653076,-0.0314941,0.198242,-0.00666086,0.497343,0.389905,0.568788,0.475545,0.820413,0.36731,0.208922,0.0707346,0.00209128,0,0,0,0,0,-0.00155453,-0.000606119,0.0368955,0.492479,0.96178,0.552445,-0.0195312,-0.00653076,0.756504
498,0.957031,0.0174561,-0.118652,0.238281,0.0182398,0.507276,0.3925,0.563426,0.471505,0.770578,0.364599,0.205425,0.24307,0.00242787,0,0,0,0,0,-0.00875676,-0.00343703,0.20938,0.502029,0.946378,0.562106,-0.0429688,0.0174561,0.765619
499,1.02344,0.0336914,-0.839844,0.416016,0.0329198,0.513131,0.427247,0.607778,0.551934,0.810707,0.510636,0.310354,1.3021,0.00449629,0,0,0,0,0,-0.0204989,-0.00875808,0.349965,0.548925,0.899327,0.567501,0.0234375,0.0336914,0.658535
500,0.941406,0.00337219,0.177734,0.353516,0.00358208,0.501429,0.379192,0.549443,0.445675,0.775388,0.49581,0.27242,0.298928,0.00253697,0,0,0,0,0,-0.00198887,-0.000754164,0.0349701,0.489678,0.940585,0.587761,-0.0585938,0.00337219,0.805804
501,1.01562,0.017334,-0.498047,0.279297,0.0170673,0.506809,0.415935,0.597507,0.530016,0.792236,0.34378,0.205411,0.942404,0.00379376,0,0,0,0,0,-0.0103542,-0.00430667,0.262569,0.482871,0.96872,0.554494,0.015625,0.017334,0.701092
502,1.01562,-0.0446777,-0.494141,0.289062,-0.0439904,0.482456,0.384929,0.576353,0.480353,0.760031,0.41745,0.240599,0.919083,0.00374821,0,0,0,0,0,0.00652228,0.00251062,0.136208,0.520094,0.927482,0.565929,0.015625,-0.0446777,0.761392
503,0.941406,0.0383301,-0.423828,0.236328,0.0407158,0.516239,0.396671,0.561649,0.472797,0.821941,0.328114,0.184285,0.871831,0.00365592,0,0,0,0,0,-0.010382,-0.00411824,0.275844,0.537679,0.909279,0.568858,-0.0585938,0.0383301,0.775655
504,1.00781,0.00619507,0.640625,0.365234,0.00614704,0.502452,0.407233,0.589093,0.512869,0.920948,0.521616,0.30728,1.06003,0.0040235,0,0,0,0,0,-0.0152828,-0.00622365,0.255422,0.48009,0.959518,0.570724,0.0078125,0.00619507,0.876067
505,0.992188,0.0166016,-0.585938,0.480469,0.0167323,0.506675,0.40617,0.583603,0.505566,0.915014,0.558002,0.325651,0.845315,0.00360413,0,0,0,0,0,0.0232733,0.00945293,0.363605,0.530094,0.909427,0.580708,-0.0078125,0.0166016,0.871267
506,1.03906,0.0583496,0.613281,0.486328,0.056156,0.522391,0.445841,0.625602,0.590152,0.847407,0.382495,0.23929,0.879417,0.00367074,0,0,0,0,0,-0.0307966,-0.0137304,0.701914,0.460958,0.990863,0.550077,0.0390625,0.0583496,0.840482
507,0.984375,0.00424194,-0.151367,0.214844,0.00430928,0.501719,0.396858,0.574769,0.487855,0.780716,0.358735,0.20619,0.326566,0.00259095,0,0,0,0,0,-0.00452742,-0.00179674,0.110023,0.490016,0.958365,0.560145,-0.015625,0.00424194,0.880738
508,0.980469,0.020752,-0.259766,0.380859,0.0211653,0.508443,0.403546,0.578224,0.497193,0.911812,0.341898,0.197694,0.42092,0.00277523,0,0,0,0,0,-0.0216384,-0.00873208,0.55174,0.480412,0.973216,0.551381,-0.0195312,0.020752,0.745503
509,1.11719,-0.0913086,0.0563965,0.230469,-0.0817308,0.46743,0.402341,0.620107,0.546411,0.86206,0.750151,0.465174,0.117475,0.00218257,0,0,0,0,0,0.0351136,0.0141276,0.408069,0.559473,0.878942,0.586454,0.117188,-0.0913086,1.05167
510,0.964844,0.0296631,-0.168945,0.335938,0.0307439,0.512263,0.401736,0.572244,0.488855,0.850243,0.51049,0.292125,0.291485,0.00252243,0,0,0,0,0,-0.0036591,-0.00146999,0.0624876,0.490013,0.953367,0.567334,-0.0351562,0.0296631,0.809047
511,0.945312,-0.0407715,0.0996094,0.316406,-0.0431302,0.482799,0.358687,0.536723,0.416728,0.815583,0.509547,0.273486,0.177083,0.00229899,0,0,0,0,0,0.0124493,0.0044654,0.212994,0.49707,0.937864,0.58196,-0.0546875,-0.0407715,0.904354
