k,gamma,beta,running_mean,running_var,on_ratio,p_on,act_mean,act_std,act_second,pre_row_norm,final_col_norm,effective_contribution,mean_over_std,bn_input_rounding_noise,dead,mostly_off,flat,always_on,negative_gamma,mean_row_component,shared_contribution,column_shared_fraction,pre_row_rel_change,pre_row_cos_ref,pre_row_norm_ratio_ref,gamma_delta,beta_delta,final_col_rel_change
0,1.00781,-0.00582886,0.367188,0.322266,-0.00578367,0.497693,0.401221,0.584954,0.503149,1.07166,0.489682,0.286441,0.646816,0.00321644,0,0,0,0,0,-0.00107201,-0.000430111,0.0190849,0.318912,0.975022,0.746172,0.0078125,-0.00582886,0.767814
1,1,0.0144043,-0.00976562,0.357422,0.0144043,0.505746,0.408205,0.587388,0.511656,1.08243,0.513787,0.301792,0.0163346,0.00198503,0,0,0,0,0,-0.00512665,-0.00209272,0.0869877,0.363317,0.95466,0.746395,0,0.0144043,0.82833
2,1.04688,-0.000926971,-0.566406,0.478516,-0.000885465,0.499647,0.419336,0.609388,0.547196,1.10472,0.59885,0.364932,0.818804,0.00355235,0,0,0,0,0,0.0117498,0.0049271,0.171048,0.321693,0.973705,0.746574,0.046875,-0.000926971,1.01806
3,1.13281,-0.0327148,0.609375,0.398438,-0.0288793,0.48848,0.437903,0.648603,0.612445,1.06986,0.7304,0.47374,0.965394,0.00383866,0,0,0,0,0,0.0145866,0.00638753,0.174101,0.340315,0.963666,0.752794,0.132812,-0.0327148,0.934984
4,0.988281,0.0043335,0.289062,0.388672,0.00438488,0.501749,0.39847,0.577075,0.491794,1.14171,0.502261,0.289842,0.463661,0.00285871,0,0,0,0,0,-0.00738857,-0.00294412,0.128244,0.312857,0.978391,0.743597,-0.0117188,0.0043335,0.613214
5,1,0.00137329,0.219727,0.566406,0.00137329,0.500548,0.401689,0.582879,0.501102,1.03024,0.573227,0.334122,0.291957,0.00252335,0,0,0,0,0,0.000670734,0.000269427,0.0102007,0.305087,0.980272,0.747869,0,0.00137329,0.571399
6,0.988281,0.00567627,-0.115234,0.515625,0.00574358,0.502291,0.399141,0.577539,0.492865,0.912018,0.447329,0.25835,0.160478,0.00226656,0,0,0,0,0,-0.0105924,-0.00422787,0.206431,0.28201,0.992117,0.739481,-0.0117188,0.00567627,0.448992
7,0.996094,0.0288086,0.21582,0.25,0.0289216,0.511536,0.41384,0.590141,0.519531,0.999637,0.498876,0.294407,0.431641,0.00279617,0,0,0,0,0,-0.00462412,-0.00191365,0.0808059,0.348359,0.961393,0.747779,-0.00390625,0.0288086,0.706225
8,1.00781,0.0114746,0.847656,1.07031,0.0113857,0.504542,0.409872,0.590921,0.517183,1.13203,0.581859,0.343833,0.819341,0.0035534,0,0,0,0,0,-0.0218608,-0.00896015,0.327533,0.300832,0.982647,0.745803,0.0078125,0.0114746,0.539172
9,1.02344,0.00424194,0.244141,0.378906,0.0041448,0.501654,0.412522,0.597519,0.527203,0.996972,0.523091,0.312557,0.39662,0.00272777,0,0,0,0,0,0.00141056,0.000581887,0.0235083,0.353617,0.95953,0.745653,0.0234375,0.00424194,0.898064
10,1,0.0213623,-0.386719,0.453125,0.0213623,0.508522,0.411684,0.589811,0.517361,1.06386,0.361401,0.213158,0.574495,0.00307519,0,0,0,0,0,-0.0146574,-0.0060342,0.353568,0.27132,0.996591,0.738117,0,0.0213623,0.587257
11,1,0.0116577,-0.194336,0.628906,0.0116577,0.504651,0.406831,0.586435,0.509417,1.0603,0.352491,0.206713,0.245053,0.00243174,0,0,0,0,0,-0.0203972,-0.00829821,0.504463,0.271639,0.996549,0.737904,0,0.0116577,0.450219
12,1.01562,0.0166016,0.664062,0.345703,0.0163462,0.506521,0.415569,0.597252,0.529407,1.0049,0.471529,0.281622,1.12942,0.00415903,0,0,0,0,0,-0.0114934,-0.00477631,0.212495,0.299151,0.983849,0.744163,0.015625,0.0166016,0.71539
13,0.992188,0.0184326,0.220703,0.367188,0.0185778,0.507411,0.407086,0.58424,0.507055,1.02687,0.499593,0.291882,0.364221,0.00266449,0,0,0,0,0,-0.00451274,-0.00183707,0.0787463,0.316246,0.976021,0.746611,-0.0078125,0.0184326,0.651201
14,1.04688,0.0065918,-0.0727539,0.546875,0.00629664,0.502512,0.423095,0.611981,0.55353,1.02989,0.687639,0.420822,0.0983812,0.00214528,0,0,0,0,0,0.0183886,0.00778015,0.233129,0.360875,0.953809,0.753854,0.046875,0.0065918,0.85157
15,1.02344,0.00173187,-0.570312,0.404297,0.00169221,0.500675,0.411267,0.596653,0.525135,1.03824,0.487143,0.290655,0.896939,0.00370496,0,0,0,0,0,-0.000331879,-0.000136491,0.00593922,0.309662,0.979904,0.743046,0.0234375,0.00173187,0.827411
16,1,-0.0286865,0.357422,0.707031,-0.0286865,0.488557,0.386659,0.572625,0.477405,0.997512,0.494552,0.283193,0.425071,0.00278334,0,0,0,0,0,-0.0023162,-0.000895579,0.0408292,0.31505,0.976714,0.746006,0,-0.0286865,0.722784
17,0.996094,-0.00128937,-0.090332,0.679688,-0.00129442,0.499484,0.398791,0.579688,0.495072,1.13765,0.487154,0.282397,0.109569,0.00216713,0,0,0,0,0,-0.013172,-0.0052529,0.235718,0.306366,0.982089,0.740511,-0.00390625,-0.00128937,0.440027
18,1.03125,0.0139771,-0.157227,0.351562,0.0135535,0.505407,0.420522,0.60544,0.543396,1.01043,0.532453,0.322368,0.26517,0.00247104,0,0,0,0,0,-0.00338083,-0.00142171,0.0553539,0.342094,0.961392,0.758161,0.03125,0.0139771,0.61299
19,1.01562,0.00259399,0.435547,0.535156,0.00255409,0.501019,0.408565,0.5924,0.517863,1.05905,0.520035,0.308069,0.59538,0.00311598,0,0,0,0,0,-0.00531234,-0.00217044,0.0890555,0.313332,0.976749,0.748241,0.015625,0.00259399,0.665464
20,1.03125,0.0393066,-0.742188,0.498047,0.0381155,0.515202,0.433187,0.614304,0.56502,0.966279,0.474593,0.291544,1.05167,0.00400716,0,0,0,0,0,-0.0200403,-0.00868118,0.368119,0.291846,0.988488,0.738923,0.03125,0.0393066,0.425937
21,1.03906,0.0383301,-0.0751953,0.431641,0.0368891,0.514713,0.435832,0.618508,0.572502,1.03896,0.593181,0.366887,0.114454,0.00217667,0,0,0,0,0,-0.0191902,-0.00836369,0.282032,0.36795,0.950462,0.753571,0.0390625,0.0383301,0.696084
22,1.04688,-0.0152588,0.839844,0.458984,-0.0145756,0.494185,0.41217,0.604479,0.535279,0.980296,0.622945,0.376557,1.23965,0.00437432,0,0,0,0,0,0.020023,0.00825288,0.280212,0.403211,0.926639,0.780903,0.046875,-0.0152588,0.806569
23,1.03906,-0.0283203,0.292969,0.574219,-0.0272556,0.489128,0.402506,0.595495,0.516626,1.01441,0.576471,0.343286,0.386618,0.00270824,0,0,0,0,0,-0.00689597,-0.00277567,0.104286,0.375189,0.943037,0.769585,0.0390625,-0.0283203,0.698518
24,0.984375,0.00878906,-0.498047,0.691406,0.00892857,0.503562,0.399131,0.576341,0.491474,1.05201,0.414775,0.239051,0.598968,0.00312298,0,0,0,0,0,-0.0132004,-0.00526868,0.277447,0.280283,0.992998,0.738824,-0.015625,0.00878906,0.515984
25,1.0625,0.00198364,0.839844,0.527344,0.00186696,0.500745,0.427057,0.61949,0.566145,1.1494,0.59874,0.370914,1.15652,0.00421195,0,0,0,0,0,-0.00267932,-0.00114422,0.0390116,0.341384,0.963752,0.750769,0.0625,0.00198364,0.731194
26,1.03906,0.00842285,0.59375,0.361328,0.0081062,0.503234,0.420878,0.608064,0.54688,1.00679,0.591779,0.359839,0.987763,0.00388235,0,0,0,0,0,0.015344,0.00645796,0.226041,0.356148,0.957371,0.749042,0.0390625,0.00842285,0.636188
27,0.984375,0.0284424,0.617188,0.722656,0.0288938,0.511525,0.408958,0.583189,0.507356,1.00166,0.568752,0.33169,0.726024,0.00337114,0,0,0,0,0,-0.0129244,-0.00528552,0.198104,0.347124,0.961291,0.750164,-0.015625,0.0284424,0.585613
28,0.984375,-0.0139771,0.0712891,0.503906,-0.0141989,0.494336,0.387748,0.568517,0.47356,1.10677,0.46112,0.262155,0.100426,0.00214927,0,0,0,0,0,-0.00632075,-0.00245086,0.119498,0.32032,0.975333,0.743215,-0.015625,-0.0139771,0.646418
29,0.964844,0.0213623,0.578125,0.675781,0.0221407,0.508832,0.397586,0.569338,0.48222,1.15247,0.537638,0.306097,0.703264,0.00332669,0,0,0,0,0,0.00498952,0.00198376,0.0809052,0.300926,0.98215,0.747255,-0.0351562,0.0213623,0.656162
30,1.00781,-0.0139771,0.0727539,0.378906,-0.0138687,0.494467,0.397147,0.582167,0.496643,1.05236,0.563852,0.328256,0.118193,0.00218397,0,0,0,0,0,-0.00146704,-0.00058263,0.0226821,0.347525,0.961383,0.749179,0.0078125,-0.0139771,0.650434
31,0.992188,0.0269775,-0.265625,0.470703,0.02719,0.510846,0.411358,0.587225,0.514049,1.15624,0.431336,0.253292,0.387164,0.00270931,0,0,0,0,0,-0.0237928,-0.00978735,0.480879,0.306011,0.982306,0.740299,-0.0078125,0.0269775,0.584996
32,1.07031,-5.22137e-05,-0.199219,0.398438,-4.87836e-05,0.499981,0.429172,0.623339,0.57274,1.10197,0.634399,0.395445,0.31561,0.00256955,0,0,0,0,0,0.0153455,0.00658586,0.210875,0.348398,0.96008,0.752391,0.0703125,-5.22137e-05,0.833742
33,1.07031,0.0344238,0.480469,0.259766,0.0321624,0.512829,0.44641,0.63533,0.602926,1.06152,0.560727,0.356247,0.942702,0.00379434,0,0,0,0,0,-0.0249985,-0.0111596,0.38866,0.349465,0.961738,0.744793,0.0703125,0.0344238,0.830704
34,1.00781,0.00283813,-0.855469,0.408203,0.00281613,0.501123,0.405554,0.587934,0.510141,0.976456,0.422015,0.248117,1.33896,0.00456827,0,0,0,0,0,-0.00772082,-0.00313121,0.159493,0.285792,0.990627,0.739593,0.0078125,0.00283813,0.455149
35,1.03125,0.006073,0.470703,0.769531,0.00588897,0.502349,0.41657,0.602701,0.53678,1.08115,0.485573,0.292656,0.536579,0.00300113,0,0,0,0,0,-0.0112661,-0.00469312,0.202267,0.340147,0.966975,0.741719,0.03125,0.006073,0.635025
36,1.01562,-0.00268555,-0.546875,0.65625,-0.00264423,0.498945,0.405925,0.590583,0.513563,1.09139,0.488066,0.288243,0.675077,0.00327164,0,0,0,0,0,-0.00174216,-0.000707188,0.0311184,0.303135,0.983344,0.740742,0.015625,-0.00268555,0.46877
37,1,0.000214577,-0.722656,0.667969,0.000214577,0.500086,0.40111,0.58248,0.500172,1.04853,0.470552,0.274087,0.884206,0.00368009,0,0,0,0,0,-0.00432843,-0.00173617,0.0801917,0.322596,0.97461,0.742376,0,0.000214577,0.569233
38,1.04688,0.0800781,-0.259766,0.523438,0.0764925,0.530486,0.459838,0.637936,0.618413,1.14484,0.539232,0.343995,0.359045,0.00265439,0,0,0,0,0,-0.0182468,-0.00839058,0.294997,0.404954,0.934243,0.742416,0.046875,0.0800781,0.799812
39,1.16406,-0.140625,-0.828125,0.25,-0.120805,0.451923,0.396479,0.631607,0.556123,1.13968,0.682828,0.431279,1.65625,0.00518799,0,0,0,0,0,-0.00571489,-0.00226584,0.0729631,0.496333,0.874675,0.767893,0.164062,-0.140625,1.1413
40,1,-0.00994873,0.875,0.445312,-0.00994873,0.496031,0.396028,0.578993,0.492071,1.03758,0.612841,0.35483,1.31122,0.0045141,0,0,0,0,0,0.0106113,0.00420239,0.150949,0.335401,0.966807,0.749529,0,-0.00994873,0.810689
41,1.02344,-0.0150757,-0.212891,0.441406,-0.0147304,0.494124,0.402863,0.590892,0.511452,1.09086,0.467248,0.276093,0.320433,0.00257897,0,0,0,0,0,-0.00804269,-0.0032401,0.150058,0.291959,0.988132,0.739848,0.0234375,-0.0150757,0.551366
42,1.01562,0.0422363,0.5625,0.523438,0.0415865,0.516586,0.428386,0.60624,0.551042,1.13516,0.463318,0.280882,0.777482,0.00347164,0,0,0,0,0,-0.0237241,-0.0101631,0.446393,0.303381,0.983733,0.739253,0.015625,0.0422363,0.621428
43,1.13281,0.0908203,-0.224609,0.707031,0.0801724,0.53195,0.499671,0.691808,0.728268,1.17816,0.711684,0.492348,0.267121,0.00247485,0,0,0,0,0,0.0206275,0.0103069,0.252677,0.404478,0.929151,0.765064,0.132812,0.0908203,0.993514
44,1,0.00970459,-0.345703,0.332031,0.00970459,0.503872,0.405855,0.585758,0.50783,1.04871,0.388113,0.22734,0.599948,0.0031249,0,0,0,0,0,-0.00681064,-0.00276413,0.152981,0.30269,0.984251,0.738546,0,0.00970459,0.547126
45,1.01562,0.0375977,-0.414062,0.601562,0.0370192,0.514765,0.426067,0.604604,0.547079,1.10043,0.461516,0.279034,0.533858,0.00299582,0,0,0,0,0,-0.0231124,-0.00984745,0.436582,0.291676,0.988428,0.739302,0.015625,0.0375977,0.517462
46,0.992188,0.0180664,0.185547,0.482422,0.0182087,0.507264,0.406903,0.584113,0.506757,1.07251,0.53423,0.31205,0.267141,0.00247488,0,0,0,0,0,-0.00956867,-0.00389352,0.156146,0.356488,0.957971,0.74633,-0.0078125,0.0180664,0.744321
47,1.04688,0.0356445,1.0625,0.824219,0.0340485,0.513581,0.437622,0.622112,0.578536,1.15857,0.598052,0.372055,1.17033,0.00423892,0,0,0,0,0,-0.0147778,-0.0064671,0.215416,0.314298,0.976989,0.74614,0.046875,0.0356445,0.509537
48,1.01562,0.0269775,-0.65625,1.3125,0.0265625,0.510596,0.420757,0.600873,0.538085,1.04029,0.485436,0.291686,0.572822,0.00307192,0,0,0,0,0,-0.0143033,-0.00601821,0.256869,0.279142,0.993623,0.738267,0.015625,0.0269775,0.395723
49,0.960938,0.0158691,0.146484,0.867188,0.0165142,0.506588,0.393273,0.565149,0.474056,1.05786,0.393293,0.222269,0.157302,0.00226036,0,0,0,0,0,-0.012392,-0.00487345,0.274684,0.31565,0.978352,0.74001,-0.0390625,0.0158691,0.63859
50,0.972656,-0.00366211,-0.173828,0.412109,-0.00376506,0.498498,0.388206,0.565222,0.47018,0.986185,0.544382,0.307697,0.270778,0.00248199,0,0,0,0,0,-0.0105758,-0.00410558,0.169362,0.349207,0.960209,0.750575,-0.0273438,-0.00366211,0.572249
51,1.07812,-0.0233154,-0.141602,0.367188,-0.0216259,0.491373,0.420673,0.619938,0.561289,1.10762,0.678951,0.420908,0.233681,0.00240953,0,0,0,0,0,0.0205442,0.00864237,0.263789,0.370827,0.949136,0.753248,0.078125,-0.0233154,0.800968
52,1.08594,-0.00427246,-0.0250244,0.621094,-0.00393435,0.49843,0.433327,0.630988,0.585918,1.10783,0.741709,0.468009,0.031753,0.00201514,0,0,0,0,0,0.00313859,0.00136004,0.03689,0.380324,0.942664,0.760286,0.0859375,-0.00427246,0.648741
53,1.03125,0.0600586,-0.914062,0.613281,0.0582386,0.523221,0.443563,0.621664,0.583214,1.04817,0.494163,0.307203,1.1672,0.00423282,0,0,0,0,0,-0.0159911,-0.00709304,0.282107,0.356433,0.957921,0.746598,0.03125,0.0600586,0.606738
54,1.01562,-0.00537109,-0.207031,0.408203,-0.00528846,0.49789,0.404582,0.589661,0.511387,1.10424,0.52329,0.308563,0.324039,0.00258601,0,0,0,0,0,-0.00326372,-0.00132045,0.0543724,0.376976,0.9472,0.748961,0.015625,-0.00537109,0.714865
55,0.976562,-0.001091,-0.0324707,0.417969,-0.00111719,0.499554,0.391058,0.568381,0.475983,0.943431,0.368841,0.209642,0.050225,0.00205122,0,0,0,0,0,-0.0068849,-0.0026924,0.162729,0.298862,0.985125,0.740604,-0.0234375,-0.001091,0.520157
56,1.01562,0.0214844,-0.996094,0.683594,0.0211538,0.508439,0.41801,0.598953,0.533478,1.16102,0.442498,0.265036,1.20476,0.00430618,0,0,0,0,0,-0.0124085,-0.00518689,0.244464,0.28134,0.992717,0.738475,0.015625,0.0214844,0.436349
57,0.984375,-0.00970459,0.808594,0.396484,-0.00985863,0.496067,0.389884,0.569976,0.476883,1.0146,0.480702,0.273989,1.28415,0.00446124,0,0,0,0,0,-0.00386248,-0.00150592,0.0700482,0.333085,0.967953,0.749143,-0.015625,-0.00970459,0.762532
58,1.03125,0.0471191,-0.554688,0.5,0.0456913,0.518222,0.437093,0.617064,0.571819,1.1962,0.502565,0.310115,0.784447,0.00348525,0,0,0,0,0,-0.0305495,-0.013353,0.52993,0.29268,0.987821,0.739926,0.03125,0.0471191,0.51869
59,1.11719,-0.0292969,-0.417969,0.414062,-0.0262238,0.489539,0.433346,0.640659,0.598233,1.07915,0.714871,0.457989,0.649547,0.00322177,0,0,0,0,0,0.013613,0.00589917,0.16601,0.331695,0.967612,0.75245,0.117188,-0.0292969,1.06905
60,1.05469,0.0212402,-0.0532227,0.357422,0.0201389,0.508034,0.433552,0.621617,0.574375,1.04259,0.545999,0.339402,0.0890238,0.002127,0,0,0,0,0,-0.00377951,-0.00163862,0.0603463,0.37487,0.94889,0.746603,0.0546875,0.0212402,0.753935
61,1.02344,-0.0294189,-0.237305,0.359375,-0.0287452,0.488534,0.395691,0.586026,0.499998,0.998315,0.536347,0.314313,0.395852,0.00272627,0,0,0,0,0,0.00680104,0.00269111,0.110544,0.338308,0.962551,0.760172,0.0234375,-0.0294189,0.849828
62,1.00781,-0.0162354,0.582031,0.429688,-0.0161095,0.493574,0.396018,0.581397,0.494852,1.09637,0.459479,0.26714,0.887912,0.00368733,0,0,0,0,0,0.00290856,0.00115184,0.0551847,0.331724,0.970714,0.741966,0.0078125,-0.0162354,0.761107
63,0.984375,-0.0140381,0.431641,0.433594,-0.0142609,0.494311,0.387718,0.568496,0.473513,1.04983,0.577102,0.32808,0.655512,0.00323342,0,0,0,0,0,0.00718824,0.00278701,0.108587,0.377065,0.945638,0.754825,-0.015625,-0.0140381,0.612757
64,0.988281,-0.00439453,0.632812,0.421875,-0.00444664,0.498226,0.394106,0.574071,0.484876,1.1332,0.389354,0.223517,0.974279,0.00385601,0,0,0,0,0,-0.0071452,-0.00281597,0.159984,0.301049,0.984343,0.74029,-0.0117188,-0.00439453,0.666002
65,1,-0.0167236,-0.0151978,0.691406,-0.0167236,0.493329,0.392641,0.576681,0.486727,1.14297,0.430284,0.248137,0.0182773,0.00198882,0,0,0,0,0,-0.00785932,-0.00308589,0.159234,0.274231,0.994911,0.739862,0,-0.0167236,0.479942
66,0.996094,-0.0115356,-0.34375,0.482422,-0.0115809,0.49538,0.393668,0.576175,0.486952,1.02427,0.679712,0.391633,0.494913,0.00291975,0,0,0,0,0,0.018935,0.00745409,0.242855,0.376805,0.943769,0.76299,-0.00390625,-0.0115356,0.659697
67,1.01562,0.0157471,-0.478516,0.384766,0.0155048,0.506185,0.415142,0.596955,0.528698,1.0535,0.462692,0.276206,0.771433,0.00345983,0,0,0,0,0,-0.0117208,-0.00486579,0.220837,0.320665,0.976403,0.739361,0.015625,0.0157471,0.50036
68,0.992188,0.0107422,-0.328125,0.402344,0.0108268,0.504319,0.403241,0.581567,0.500824,1.05872,0.475083,0.276293,0.517298,0.00296347,0,0,0,0,0,-0.00869003,-0.00350417,0.159463,0.298674,0.984757,0.741956,-0.0078125,0.0107422,0.669452
69,1.05469,-0.00765991,-0.271484,0.386719,-0.00726273,0.497103,0.419102,0.611626,0.549733,1.10924,0.636568,0.389341,0.436563,0.00280579,0,0,0,0,0,0.0158417,0.00663931,0.216953,0.335354,0.962042,0.767141,0.0546875,-0.00765991,0.809104
70,0.980469,-0.000984192,-0.119141,0.310547,-0.0010038,0.4996,0.392678,0.570692,0.479886,1.05901,0.404087,0.230609,0.213794,0.00237069,0,0,0,0,0,-0.00549968,-0.0021596,0.118651,0.332896,0.970131,0.742153,-0.0195312,-0.000984192,0.567877
71,1.01562,0.000276566,0.371094,0.59375,0.000272311,0.500109,0.407406,0.591602,0.515972,1.13686,0.571791,0.338273,0.481595,0.00289374,0,0,0,0,0,0.00244181,0.000994808,0.037229,0.297543,0.984205,0.745057,0.015625,0.000276566,0.534149
72,1.05469,0.0224609,0.300781,0.445312,0.0212963,0.508495,0.434163,0.622042,0.575434,0.987699,0.584126,0.363351,0.450732,0.00283346,0,0,0,0,0,-0.0175503,-0.0076197,0.261931,0.333853,0.967521,0.749449,0.0546875,0.0224609,0.868356
73,0.953125,-0.00127411,0.193359,0.515625,-0.00133677,0.499467,0.381568,0.554668,0.453251,1.11174,0.431898,0.23956,0.269276,0.00247906,0,0,0,0,0,-0.0129832,-0.00495399,0.262065,0.295727,0.986264,0.740966,-0.046875,-0.00127411,0.598798
74,0.996094,0.0172119,0.231445,0.445312,0.0172794,0.506893,0.408042,0.58609,0.51,1.02735,0.35844,0.210078,0.346829,0.00263053,0,0,0,0,0,-0.0012723,-0.000519153,0.0309443,0.303504,0.983631,0.739408,-0.00390625,0.0172119,0.69876
75,1.0625,-0.00180817,-0.972656,0.839844,-0.0017018,0.499321,0.425161,0.618185,0.562914,1.16106,0.481766,0.29782,1.06135,0.00402608,0,0,0,0,0,-0.010941,-0.00465167,0.197982,0.31036,0.980766,0.739466,0.0625,-0.00180817,0.486444
76,1.05469,0.0039978,0.636719,0.474609,0.00379051,0.501512,0.424931,0.615635,0.559572,1.15188,0.650794,0.400651,0.924229,0.00375826,0,0,0,0,0,-0.00559381,-0.00237699,0.0749327,0.376404,0.943968,0.762983,0.0546875,0.0039978,0.74621
77,0.964844,0.00915527,-0.8125,0.388672,0.00948887,0.503785,0.391482,0.565093,0.472588,1.05085,0.46832,0.264644,1.30326,0.00449856,0,0,0,0,0,0.00262281,0.00102678,0.0488236,0.320335,0.974693,0.745256,-0.0351562,0.00915527,0.692242
78,0.988281,0.0153809,0.458984,0.376953,0.0155632,0.506209,0.403994,0.580903,0.500659,1.03588,0.52021,0.302191,0.747574,0.00341323,0,0,0,0,0,-0.00444347,-0.00179513,0.0744647,0.327442,0.969731,0.751564,-0.0117188,0.0153809,0.742385
79,1.04688,0.015564,-0.19043,0.478516,0.0148671,0.505931,0.427581,0.615091,0.561162,1.01041,0.536044,0.329716,0.275288,0.0024908,0,0,0,0,0,-0.0210196,-0.00898758,0.341846,0.347519,0.962288,0.74603,0.046875,0.015564,0.593705
80,1.04688,3.19481e-05,-0.535156,0.330078,3.05176e-05,0.500012,0.419815,0.609718,0.548,1.00204,0.606858,0.370012,0.931477,0.00377242,0,0,0,0,0,-0.00886927,-0.00372346,0.127411,0.347122,0.961191,0.750521,0.046875,3.19481e-05,0.656377
81,0.996094,0.0090332,-0.5,0.78125,0.00906863,0.503618,0.403953,0.58325,0.503359,1.08734,0.420153,0.245054,0.565685,0.00305798,0,0,0,0,0,-0.0169518,-0.00684773,0.351735,0.287252,0.990409,0.738568,-0.00390625,0.0090332,0.491715
82,1.05469,0.0756836,-0.65625,0.339844,0.0717593,0.528603,0.460774,0.6409,0.623065,0.993607,0.544311,0.348849,1.12572,0.00415179,0,0,0,0,0,-0.0247277,-0.0113939,0.396044,0.339811,0.966231,0.744704,0.0546875,0.0756836,0.740951
83,1,0.0178223,-0.351562,0.416016,0.0178223,0.50711,0.409913,0.588577,0.514452,0.912223,0.466194,0.274391,0.545064,0.0030177,0,0,0,0,0,-0.0218409,-0.0089529,0.408425,0.34677,0.963496,0.743101,0,0.0178223,0.522688
84,1.00781,0.0380859,0.376953,0.5,0.0377907,0.515073,0.423178,0.600227,0.539352,1.1175,0.422719,0.253727,0.533092,0.00299432,0,0,0,0,0,-0.019896,-0.00841957,0.410319,0.300829,0.98475,0.739332,0.0078125,0.0380859,0.489553
85,1.03125,0.0145264,-0.75,0.757812,0.0140862,0.505619,0.420797,0.60563,0.543858,1.10897,0.514473,0.31158,0.86155,0.00363584,0,0,0,0,0,-0.00367827,-0.00154781,0.0623287,0.312268,0.977816,0.746222,0.03125,0.0145264,0.636202
86,1.05469,-0.0273438,0.539062,0.46875,-0.0259259,0.489658,0.40926,0.604924,0.533428,1.08051,0.600523,0.363271,0.787351,0.00349092,0,0,0,0,0,0.00551871,0.00225859,0.0801153,0.31721,0.974481,0.750349,0.0546875,-0.0273438,0.777043
87,1.00781,-0.0290527,0.597656,0.585938,-0.0288275,0.488501,0.389609,0.577051,0.484783,1.11365,0.574571,0.331557,0.780775,0.00347808,0,0,0,0,0,0.0272007,0.0105976,0.412708,0.303562,0.981865,0.744783,0.0078125,-0.0290527,0.83856
88,1.00781,0.0292969,-0.0981445,0.59375,0.0290698,0.511596,0.418784,0.597137,0.531952,1.07467,0.543914,0.324791,0.127369,0.00220189,0,0,0,0,0,-0.0127591,-0.00534332,0.204502,0.317887,0.974714,0.748616,0.0078125,0.0292969,0.617997
89,1.02344,0.0517578,0.359375,0.308594,0.0505725,0.520167,0.43628,0.614162,0.567534,0.934972,0.511578,0.314192,0.646926,0.00321665,0,0,0,0,0,-0.0143954,-0.00628044,0.245312,0.364658,0.9548,0.743569,0.0234375,0.0517578,0.765901
90,1.07031,-0.0103149,0.558594,0.259766,-0.00963732,0.496155,0.42404,0.619817,0.563983,1.01097,0.571032,0.353935,1.09599,0.00409372,0,0,0,0,0,0.0060599,0.00256964,0.092515,0.383476,0.942419,0.754784,0.0703125,-0.0103149,1.1232
91,1.11719,0.0148926,0.574219,0.373047,0.0133304,0.505318,0.455441,0.655806,0.637508,1.15098,0.629076,0.412552,0.940147,0.00378935,0,0,0,0,0,-0.0232377,-0.0105834,0.32203,0.476054,0.891941,0.74299,0.117188,0.0148926,0.955897
92,1.02344,0.0227051,0.402344,0.390625,0.0221851,0.50885,0.421753,0.603929,0.542606,0.934966,0.545281,0.329311,0.64375,0.00321045,0,0,0,0,0,-0.00616568,-0.0026004,0.0985751,0.349939,0.958093,0.757098,0.0234375,0.0227051,0.684534
93,1.02344,0.00257874,0.535156,0.445312,0.00251968,0.501005,0.41169,0.596945,0.525832,0.975517,0.535422,0.319617,0.801952,0.00351944,0,0,0,0,0,-0.000331596,-0.000136515,0.00539909,0.351366,0.95776,0.755864,0.0234375,0.00257874,0.748754
94,0.980469,0.0101318,0.640625,0.474609,0.0103337,0.504122,0.398236,0.574531,0.488678,1.12397,0.437319,0.251253,0.929899,0.00376933,0,0,0,0,0,-0.00515325,-0.00205221,0.102728,0.293861,0.986831,0.741495,-0.0195312,0.0101318,0.50268
95,1.02344,-0.00674438,-0.400391,0.300781,-0.00658993,0.497371,0.407029,0.59374,0.518199,0.999503,0.574245,0.340952,0.73006,0.00337902,0,0,0,0,0,0.0136873,0.00557114,0.207792,0.371281,0.950421,0.747569,0.0234375,-0.00674438,0.72533
96,1.10156,0.0308838,-0.472656,0.380859,0.0280363,0.511183,0.457171,0.652285,0.634481,0.992608,0.61263,0.39961,0.765884,0.00344899,0,0,0,0,0,-0.00425279,-0.00194425,0.0605176,0.477239,0.88561,0.775786,0.101562,0.0308838,0.812562
97,0.976562,0.0130615,0.318359,0.511719,0.013375,0.505336,0.398135,0.573272,0.487152,1.10178,0.398503,0.228451,0.445043,0.00282235,0,0,0,0,0,-0.00829887,-0.00330407,0.181549,0.322515,0.973256,0.746885,-0.0234375,0.0130615,0.693864
98,0.996094,-0.0206299,0.445312,0.363281,-0.0207108,0.491738,0.389121,0.573078,0.479834,1.07114,0.426831,0.244607,0.738828,0.00339615,0,0,0,0,0,0.00434243,0.00168973,0.0886919,0.313127,0.97822,0.743779,-0.00390625,-0.0206299,0.610372
99,1.00781,-0.00288391,0.53125,0.613281,-0.00286156,0.498858,0.402693,0.585964,0.505516,1.00939,0.592645,0.347269,0.678374,0.00327807,0,0,0,0,0,0.00416675,0.00167792,0.0612929,0.337546,0.965805,0.749665,0.0078125,-0.00288391,0.597769
100,1.05469,-0.036377,0.0673828,0.371094,-0.0344907,0.486243,0.404744,0.601878,0.526075,1.10497,0.673455,0.405338,0.110613,0.00216917,0,0,0,0,0,0.0253791,0.010272,0.328529,0.325981,0.969641,0.754077,0.0546875,-0.036377,0.792699
101,1.02344,0.00512695,0.132812,0.392578,0.00500954,0.501999,0.412964,0.597824,0.527934,1.1011,0.644605,0.385361,0.211971,0.00236713,0,0,0,0,0,0.016718,0.00690392,0.226098,0.348682,0.960432,0.750649,0.0234375,0.00512695,0.693009
102,0.957031,-0.00354004,0.104004,0.675781,-0.00369898,0.498524,0.382002,0.556164,0.455244,1.03228,0.462764,0.257372,0.126516,0.00220023,0,0,0,0,0,0.00504614,0.00192764,0.095062,0.297846,0.984248,0.744547,-0.0429688,-0.00354004,0.694503
103,1.20312,0.117188,-0.507812,0.492188,0.0974026,0.538797,0.54105,0.742268,0.843697,1.02897,0.747366,0.554746,0.723833,0.00336686,0,0,0,0,0,-0.0328819,-0.0177907,0.383557,0.418131,0.925727,0.747393,0.203125,0.117188,1.06864
104,1,0.0202637,0.349609,0.363281,0.0202637,0.508083,0.411134,0.589428,0.516457,1.05881,0.452575,0.26676,0.580045,0.00308603,0,0,0,0,0,-0.0208094,-0.00855545,0.400844,0.312292,0.979692,0.740269,0,0.0202637,0.4321
105,0.996094,0.0305176,-0.131836,0.371094,0.0306373,0.512221,0.414695,0.590741,0.520947,0.971532,0.49566,0.292807,0.216417,0.00237582,0,0,0,0,0,-0.0146354,-0.00606922,0.257411,0.365848,0.952926,0.748202,-0.00390625,0.0305176,0.529571
106,0.992188,0.00619507,-0.519531,0.640625,0.00624385,0.502491,0.400967,0.579993,0.497167,1.07008,0.412975,0.239523,0.649097,0.00322089,0,0,0,0,0,-0.0106127,-0.00425536,0.224032,0.295386,0.986386,0.74101,-0.0078125,0.00619507,0.553266
107,1.01562,0.0187988,-0.135742,0.785156,0.0185096,0.507384,0.416667,0.598017,0.531236,1.16356,0.486702,0.291056,0.153192,0.00225233,0,0,0,0,0,-0.012979,-0.00540793,0.23248,0.32067,0.974933,0.744012,0.015625,0.0187988,0.581592
108,0.949219,0.0361328,0.582031,0.75,0.0380658,0.515182,0.398705,0.565422,0.478668,1.12075,0.49125,0.277763,0.672072,0.00326577,0,0,0,0,0,0.00553116,0.0022053,0.0981569,0.300715,0.982875,0.745236,-0.0507812,0.0361328,0.675973
109,0.996094,0.0407715,0.515625,0.484375,0.0409314,0.516325,0.419822,0.594351,0.529504,1.05979,0.467505,0.277862,0.740872,0.00340014,0,0,0,0,0,-0.0162069,-0.00680403,0.302219,0.35937,0.956747,0.745771,-0.00390625,0.0407715,0.588974
110,1.02344,-0.00787354,0.121094,0.371094,-0.00769323,0.496931,0.406464,0.593353,0.517281,1.04798,0.63812,0.37863,0.198783,0.00234137,0,0,0,0,0,0.00549216,0.00223237,0.0750322,0.351667,0.959397,0.749367,0.0234375,-0.00787354,0.666865
111,1.02344,-0.0133057,0.0050354,0.316406,-0.013001,0.494814,0.403748,0.591495,0.512879,1.10804,0.577765,0.341745,0.00895182,0.00197061,0,0,0,0,0,0.0102361,0.00413279,0.15445,0.325242,0.972212,0.746429,0.0234375,-0.0133057,0.810173
112,1.05469,0.020874,0.585938,0.777344,0.0197917,0.507895,0.433369,0.621489,0.574057,1.07655,0.576796,0.358472,0.664576,0.00325113,0,0,0,0,0,-0.00381216,-0.00165207,0.0576177,0.318607,0.973856,0.750461,0.0546875,0.020874,0.844908
113,1.01562,0.0113525,0.363281,0.632812,0.0111779,0.504459,0.412944,0.595429,0.525059,1.08116,0.57679,0.343437,0.456673,0.00284506,0,0,0,0,0,-0.00941467,-0.00388774,0.142297,0.35064,0.959445,0.750918,0.015625,0.0113525,0.607424
114,0.988281,0.0013504,-0.296875,0.519531,0.00136642,0.500545,0.396978,0.576046,0.489421,1.06291,0.399585,0.23018,0.411877,0.00275757,0,0,0,0,0,-0.00757077,-0.00300543,0.165172,0.282371,0.992216,0.738787,-0.0117188,0.0013504,0.563496
115,1.03125,-0.00500488,0.742188,0.308594,-0.00485322,0.498064,0.411031,0.598886,0.527611,1.15234,0.6087,0.364542,1.33604,0.00456258,0,0,0,0,0,0.00465235,0.00191226,0.0666309,0.3239,0.973086,0.745472,0.03125,-0.00500488,0.781911
116,1.03906,-0.0247803,0.326172,0.431641,-0.0238487,0.490487,0.404276,0.596693,0.519482,1.06517,0.647471,0.386342,0.496461,0.00292278,0,0,0,0,0,0.0137871,0.00557381,0.185635,0.373009,0.946248,0.760449,0.0390625,-0.0247803,0.656107
117,1.00781,0.00176239,0.267578,0.761719,0.00174873,0.500698,0.405016,0.587563,0.509269,1.06386,0.413981,0.24324,0.306587,0.00255193,0,0,0,0,0,-0.0088506,-0.00358464,0.18638,0.300553,0.98471,0.739791,0.0078125,0.00176239,0.504005
118,1.11719,-0.029541,-0.382812,0.455078,-0.0264423,0.489452,0.433224,0.640577,0.598022,1.02878,0.754591,0.483373,0.56747,0.00306147,0,0,0,0,0,0.019087,0.00826895,0.220512,0.390306,0.936196,0.766487,0.117188,-0.029541,0.838628
119,0.941406,-0.0228271,0.0163574,0.400391,-0.0242479,0.490327,0.366093,0.540486,0.426149,1.03279,0.387937,0.209674,0.0258507,0.00200361,0,0,0,0,0,0.000313106,0.000114626,0.00703619,0.325414,0.971846,0.747395,-0.0585938,-0.0228271,0.786694
120,1.01562,-0.00531006,0.326172,0.464844,-0.00522837,0.497914,0.404613,0.589681,0.511436,1.00765,0.495468,0.292168,0.478402,0.0028875,0,0,0,0,0,0.00538678,0.00217956,0.0947808,0.308434,0.979653,0.745448,0.015625,-0.00531006,0.70335
121,0.976562,0.0776367,0.134766,0.738281,0.0795,0.531683,0.430422,0.596149,0.540657,1.03998,0.47024,0.280333,0.156844,0.00225946,0,0,0,0,0,-0.0108618,-0.00467516,0.201367,0.398034,0.936005,0.750167,-0.0234375,0.0776367,0.569176
122,0.996094,-0.0159912,0.96875,0.310547,-0.0160539,0.493596,0.39144,0.574655,0.483454,1.03572,0.494401,0.28411,1.73839,0.00534843,0,0,0,0,0,0.00265172,0.00103799,0.0467579,0.312547,0.977123,0.748091,-0.00390625,-0.0159912,0.744393
123,1.0625,-0.0241699,0.5,0.353516,-0.0227482,0.490926,0.41398,0.610549,0.544149,1.04097,0.645523,0.394123,0.840941,0.00359559,0,0,0,0,0,0.00762407,0.00315621,0.102963,0.382387,0.938787,0.772832,0.0625,-0.0241699,0.945947
124,0.960938,0.00254822,0.738281,0.59375,0.0026518,0.501058,0.386612,0.560534,0.463668,1.08135,0.438861,0.245996,0.95812,0.00382445,0,0,0,0,0,-0.0189925,-0.00734272,0.377278,0.299614,0.98465,0.741126,-0.0390625,0.00254822,0.622461
125,0.984375,-0.00595093,-0.181641,0.847656,-0.00604539,0.497588,0.391761,0.571262,0.479817,1.08802,0.41927,0.239513,0.197289,0.00233846,0,0,0,0,0,-0.0114857,-0.00449963,0.238819,0.288552,0.98873,0.742054,-0.015625,-0.00595093,0.601648
126,1.0625,0.0327148,-0.296875,0.337891,0.0307904,0.512282,0.442422,0.630181,0.592866,1.00937,0.514634,0.324313,0.510723,0.00295063,0,0,0,0,0,-0.0149976,-0.00663529,0.254057,0.410592,0.930883,0.743458,0.0625,0.0327148,0.762251
127,1.03906,-0.000434875,-0.769531,0.574219,-0.000418527,0.499833,0.416449,0.605007,0.539463,1.16688,0.60989,0.368988,1.01552,0.00393656,0,0,0,0,0,0.0208883,0.0086989,0.298578,0.323714,0.973112,0.745653,0.0390625,-0.000434875,0.863172
128,1.10938,-0.00302124,0.195312,0.3125,-0.00272337,0.498914,0.443351,0.645068,0.612673,1.01897,0.661934,0.426992,0.349386,0.00263552,0,0,0,0,0,0.0220566,0.00977884,0.29049,0.352785,0.959129,0.748449,0.109375,-0.00302124,0.969594
129,1,-0.000375748,0.261719,0.458984,-0.000375748,0.49985,0.400814,0.582277,0.499699,0.962402,0.564703,0.328814,0.38631,0.00270764,0,0,0,0,0,0.0129536,0.00519199,0.199976,0.400924,0.933626,0.753633,0,-0.000375748,0.672233
130,1.05469,-0.0244141,0.632812,0.470703,-0.0231481,0.490766,0.410725,0.605916,0.53583,1.03683,0.645182,0.390926,0.922362,0.00375461,0,0,0,0,0,0.00776231,0.00318817,0.104886,0.335943,0.965989,0.751531,0.0546875,-0.0244141,0.62632
131,1.00781,0.0100098,0.660156,0.298828,0.00993217,0.503962,0.40914,0.590414,0.515984,0.974195,0.51466,0.303862,1.20764,0.00431179,0,0,0,0,0,-0.00513119,-0.00209938,0.086917,0.371906,0.949997,0.747988,0.0078125,0.0100098,0.813583
132,1.05469,0.060791,0.0786133,0.455078,0.0576389,0.522982,0.453328,0.635567,0.609452,1.02392,0.527158,0.335044,0.116534,0.00218073,0,0,0,0,0,-0.0260576,-0.0118126,0.430924,0.348121,0.961895,0.746419,0.0546875,0.060791,0.655199
133,1.09375,0.0771484,-0.174805,0.400391,0.0705357,0.528116,0.477171,0.664156,0.668795,1.08449,0.607775,0.403657,0.276256,0.00249269,0,0,0,0,0,-0.015907,-0.00759037,0.228167,0.494974,0.878095,0.751407,0.09375,0.0771484,0.825944
134,1.0625,-0.0157471,0.0854492,0.322266,-0.0148208,0.494088,0.418191,0.613412,0.551159,1.04151,0.578715,0.354991,0.150522,0.00224711,0,0,0,0,0,-0.0133629,-0.00558824,0.201299,0.402344,0.932092,0.756948,0.0625,-0.0157471,0.689955
135,1.03906,0.0322266,-0.652344,0.429688,0.031015,0.512371,0.43278,0.616362,0.5672,1.01992,0.574491,0.354095,0.995177,0.00389683,0,0,0,0,0,-0.00932332,-0.00403494,0.14148,0.340604,0.962939,0.754943,0.0390625,0.0322266,0.544326
136,1.01562,0.0332031,-0.429688,0.4375,0.0326923,0.51304,0.42387,0.603057,0.543343,1.17381,0.468448,0.282501,0.649626,0.00322193,0,0,0,0,0,-0.0248295,-0.0105245,0.462077,0.32362,0.97476,0.740479,0.015625,0.0332031,0.597448
137,1.00781,-0.0136719,0.0634766,0.515625,-0.0135659,0.494588,0.397299,0.582271,0.496886,1.01859,0.549341,0.319865,0.0883988,0.00212578,0,0,0,0,0,-0.000249411,-9.90908e-05,0.00395804,0.322094,0.973889,0.745405,0.0078125,-0.0136719,0.803815
138,0.992188,-0.0151367,0.816406,0.554688,-0.0152559,0.493914,0.390301,0.572672,0.480288,1.14403,0.539804,0.30913,1.09618,0.0040941,0,0,0,0,0,0.0161522,0.00630423,0.260858,0.29812,0.983922,0.745223,-0.0078125,-0.0151367,0.681686
139,1.00781,0.0405273,0.149414,0.730469,0.0402132,0.516038,0.424399,0.601088,0.541421,1.0266,0.399436,0.240096,0.17482,0.00229457,0,0,0,0,0,-0.0203098,-0.00861946,0.443267,0.288622,0.989427,0.739891,0.0078125,0.0405273,0.620336
140,0.992188,-0.00598145,-0.0512695,0.515625,-0.00602854,0.497595,0.394879,0.575801,0.487476,1.07659,0.567095,0.326534,0.071399,0.00209258,0,0,0,0,0,0.0111769,0.00441351,0.171819,0.321632,0.973236,0.748211,-0.0078125,-0.00598145,0.911983
141,1.01562,-0.00854492,0.00248718,0.474609,-0.00841346,0.496644,0.402996,0.588573,0.508823,1.12903,0.61364,0.361172,0.00361027,0.00196018,0,0,0,0,0,0.0129865,0.00523349,0.184495,0.359376,0.954641,0.753419,0.015625,-0.00854492,0.663666
142,1.02344,0.012146,-0.330078,0.482422,0.0118678,0.504734,0.416474,0.600254,0.533755,1.02397,0.600075,0.360197,0.475229,0.00288131,0,0,0,0,0,0.0101386,0.00422244,0.147291,0.351915,0.957684,0.755192,0.0234375,0.012146,0.811779
143,1.02344,0.0361328,-0.00976562,0.539062,0.0353053,0.514082,0.428467,0.608637,0.554023,1.07531,0.474616,0.288869,0.0133009,0.0019791,0,0,0,0,0,-0.0141853,-0.00607792,0.260556,0.30284,0.983121,0.741793,0.0234375,0.0361328,0.648836
144,1,0.00778198,0.191406,0.582031,0.00778198,0.503105,0.404893,0.585092,0.506271,0.992038,0.422418,0.247153,0.25089,0.00244314,0,0,0,0,0,-0.00679317,-0.00275051,0.140197,0.313608,0.978887,0.741044,0,0.00778198,0.514722
145,1.03906,-0.0057373,0.205078,0.800781,-0.00552162,0.497797,0.413798,0.603185,0.535061,1.0928,0.630941,0.380574,0.229172,0.00240073,0,0,0,0,0,-0.000484165,-0.000200347,0.00668978,0.331064,0.96655,0.757212,0.0390625,-0.0057373,0.774602
146,0.976562,-0.00866699,0.605469,0.277344,-0.008875,0.496459,0.38727,0.565781,0.470087,0.978258,0.493694,0.279323,1.14969,0.00419862,0,0,0,0,0,0.0038167,0.00147809,0.0673964,0.34378,0.963999,0.746103,-0.0234375,-0.00866699,0.713297
147,0.988281,0.0180664,-0.589844,0.714844,0.0182806,0.507293,0.405336,0.581838,0.502833,1.07902,0.388186,0.225861,0.69764,0.0033157,0,0,0,0,0,-0.0116871,-0.00473722,0.262467,0.276982,0.994282,0.738713,-0.0117188,0.0180664,0.484753
148,1.04688,0.00921631,0.726562,0.470703,0.00880364,0.503512,0.424408,0.612889,0.555754,1.12978,0.704833,0.431984,1.05901,0.0040215,0,0,0,0,0,0.00961003,0.00407857,0.118863,0.365428,0.951101,0.755829,0.046875,0.00921631,0.792477
149,1.125,0.0585938,-0.353516,0.486328,0.0520833,0.520769,0.480425,0.675713,0.687396,0.983881,0.646674,0.436966,0.506925,0.00294321,0,0,0,0,0,-0.0227501,-0.0109297,0.306694,0.429314,0.920867,0.741124,0.125,0.0585938,0.644317
150,1.13281,-0.0274658,-0.402344,0.417969,-0.0242457,0.490328,0.440528,0.650378,0.617056,1.04508,0.786953,0.511817,0.622337,0.00316863,0,0,0,0,0,0.0318993,0.0140525,0.353378,0.359051,0.952574,0.76201,0.132812,-0.0274658,0.913361
151,1.00781,-0.0214844,-0.065918,0.292969,-0.0213178,0.491496,0.393393,0.579612,0.490709,0.985365,0.612897,0.355243,0.121785,0.00219099,0,0,0,0,0,0.0197139,0.00775529,0.280408,0.362288,0.952391,0.756684,0.0078125,-0.0214844,0.77429
152,1.05469,0.0473633,-0.139648,0.330078,0.0449074,0.517909,0.446614,0.630796,0.597367,1.15018,0.642299,0.40516,0.243068,0.00242787,0,0,0,0,0,-0.0130957,-0.0058487,0.177745,0.423995,0.923324,0.743603,0.0546875,0.0473633,0.657307
153,0.992188,0.0142822,-0.133789,0.691406,0.0143947,0.505742,0.405011,0.582796,0.503685,1.09288,0.418859,0.24411,0.160899,0.00226738,0,0,0,0,0,-0.00645858,-0.0026158,0.134424,0.278477,0.993099,0.740522,-0.0078125,0.0142822,0.661492
154,1,-0.0217285,0.0732422,0.550781,-0.0217285,0.491332,0.390138,0.57498,0.48281,1.11924,0.452375,0.260107,0.0986897,0.00214588,0,0,0,0,0,-0.0100393,-0.00391671,0.193469,0.316875,0.977785,0.740143,0,-0.0217285,0.611394
155,1.01562,0.00372314,0.376953,0.359375,0.00366587,0.501462,0.40913,0.59279,0.518787,1.19172,0.560589,0.332312,0.628801,0.00318125,0,0,0,0,0,0.00578569,0.0023671,0.089974,0.35226,0.959984,0.746309,0.015625,0.00372314,0.644487
156,1.03906,-0.0126343,-0.765625,0.472656,-0.0121593,0.495149,0.410349,0.600824,0.529377,0.969386,0.497361,0.298827,1.11364,0.0041282,0,0,0,0,0,-0.00954073,-0.00391503,0.167231,0.351736,0.957539,0.756046,0.0390625,-0.0126343,0.563886
157,1.02344,0.0148315,-0.101074,0.396484,0.0144919,0.505781,0.417817,0.601186,0.535996,1.06023,0.607866,0.365441,0.160519,0.00226664,0,0,0,0,0,0.0105168,0.00439409,0.150828,0.353549,0.956457,0.756942,0.0234375,0.0148315,0.791035
158,1.03125,-0.0240479,0.375,0.375,-0.0233191,0.490698,0.40151,0.592392,0.512138,1.0518,0.587748,0.348177,0.612372,0.00314916,0,0,0,0,0,0.0055288,0.00221987,0.0820062,0.33305,0.967565,0.750529,0.03125,-0.0240479,0.739576
159,1.07812,-0.0703125,0.361328,0.455078,-0.0652174,0.474,0.397174,0.604239,0.522852,1.00343,0.691073,0.417573,0.535622,0.00299926,0,0,0,0,0,0.0222047,0.00881912,0.280109,0.349174,0.957461,0.760857,0.078125,-0.0703125,0.925376
160,1,0.0375977,-0.291016,1.08594,0.0375977,0.514996,0.419801,0.595506,0.53086,1.05226,0.503674,0.299941,0.279263,0.00249856,0,0,0,0,0,-0.00854003,-0.00358511,0.147814,0.34145,0.96528,0.745385,0,0.0375977,0.62473
161,1.0625,0.00408936,-0.609375,0.392578,0.00384881,0.501535,0.42811,0.620216,0.567946,1.12053,0.658817,0.408609,0.972572,0.00385268,0,0,0,0,0,0.0210852,0.00902676,0.279009,0.337918,0.964439,0.753891,0.0625,0.00408936,0.815073
162,0.972656,-0.0119019,-0.112305,0.394531,-0.0122364,0.495118,0.384087,0.5624,0.463817,0.953846,0.609354,0.342701,0.178796,0.00230234,0,0,0,0,0,0.0219368,0.00842564,0.313842,0.441105,0.90764,0.772053,-0.0273438,-0.0119019,0.596506
163,1.02344,0.00337219,0.507812,0.261719,0.00329497,0.501314,0.412087,0.597219,0.526486,1.00897,0.53287,0.31824,0.992627,0.00389185,0,0,0,0,0,0.00173433,0.000714696,0.0283738,0.424334,0.920491,0.755072,0.0234375,0.00337219,0.541964
164,1.13281,-0.0510254,0.589844,0.601562,-0.0450431,0.482036,0.428748,0.642457,0.596576,1.047,0.747553,0.480271,0.760495,0.00343847,0,0,0,0,0,0.00265704,0.0011392,0.0309858,0.346272,0.958832,0.760684,0.132812,-0.0510254,0.89871
165,0.980469,0.0410156,0.625,0.539062,0.0418327,0.516684,0.413678,0.58534,0.513753,1.06226,0.470583,0.275451,0.851257,0.00361574,0,0,0,0,0,-0.00844044,-0.00349163,0.156364,0.301399,0.98147,0.748824,-0.0195312,0.0410156,0.746914
166,1.01562,0.00872803,-0.289062,0.296875,0.00859375,0.503428,0.411632,0.59452,0.522894,0.990475,0.50573,0.300667,0.530524,0.0029893,0,0,0,0,0,-0.0107751,-0.00443538,0.185742,0.36624,0.952613,0.748645,0.015625,0.00872803,0.592556
167,1.02344,0.036377,-0.3125,0.539062,0.0355439,0.514177,0.428589,0.608723,0.554232,1.00822,0.416392,0.253467,0.425628,0.00278443,0,0,0,0,0,-0.0244641,-0.010485,0.512193,0.293814,0.987429,0.739753,0.0234375,0.036377,0.480044
168,1.00781,0.00683594,-0.507812,0.835938,0.00678295,0.502706,0.407553,0.589315,0.513392,1.06151,0.39382,0.232084,0.555414,0.00303792,0,0,0,0,0,-0.0161148,-0.00656764,0.356725,0.276107,0.994531,0.738939,0.0078125,0.00683594,0.508953
169,0.988281,7.58171e-05,0.335938,0.609375,7.67161e-05,0.500031,0.396341,0.575607,0.48841,0.991536,0.411153,0.236663,0.430344,0.00279364,0,0,0,0,0,-0.0054765,-0.00217056,0.11612,0.299953,0.983793,0.743333,-0.0117188,7.58171e-05,0.590609
170,1.03906,0.0196533,-0.273438,0.419922,0.0189145,0.507545,0.426493,0.611964,0.556396,1.05667,0.490052,0.299894,0.421962,0.00277727,0,0,0,0,0,-0.00940644,-0.00401178,0.167336,0.307586,0.982059,0.739058,0.0390625,0.0196533,0.567579
171,1.05469,-0.000865936,-0.222656,0.53125,-0.000821036,0.499672,0.422499,0.613959,0.555451,1.11023,0.613017,0.376367,0.305482,0.00254977,0,0,0,0,0,0.0211752,0.0089465,0.301135,0.378513,0.945145,0.753908,0.0546875,-0.000865936,0.714277
172,1.10156,0.0319824,-0.22168,0.511719,0.0290337,0.511581,0.45772,0.65267,0.635487,1.06219,0.725125,0.473268,0.309892,0.00255838,0,0,0,0,0,0.0320713,0.0146797,0.385576,0.395155,0.934403,0.763356,0.101562,0.0319824,0.69794
173,1.0625,0.00909424,0.363281,0.433594,0.00855928,0.503415,0.430612,0.621946,0.572244,1.06441,0.65424,0.406902,0.551698,0.00303066,0,0,0,0,0,0.00935123,0.00402675,0.124606,0.363204,0.952747,0.75364,0.0625,0.00909424,0.798096
174,1.01562,0.0168457,-0.119629,0.511719,0.0165865,0.506617,0.415691,0.597337,0.52961,1.01965,0.535265,0.319734,0.167232,0.00227975,0,0,0,0,0,-0.0128877,-0.00535728,0.2099,0.337188,0.965892,0.749923,0.015625,0.0168457,0.756758
175,1.03125,-0.0273438,0.330078,0.433594,-0.0265152,0.489423,0.399862,0.591276,0.509497,1.13718,0.614743,0.363483,0.501274,0.00293218,0,0,0,0,0,0.00909025,0.00363484,0.128911,0.339563,0.965531,0.747464,0.03125,-0.0273438,0.757794
176,1.01562,-0.000265121,0.0263672,0.578125,-0.000261043,0.499896,0.407135,0.591415,0.515531,1.08364,0.434464,0.256949,0.0346779,0.00202086,0,0,0,0,0,-0.0120963,-0.00492483,0.24272,0.327739,0.973479,0.7388,0.015625,-0.000265121,0.587988
177,1.05469,-0.013916,0.416016,0.535156,-0.0131944,0.494736,0.415974,0.609487,0.544509,1.18018,0.638189,0.388968,0.568682,0.00306383,0,0,0,0,0,0.0169396,0.00704642,0.231398,0.318335,0.973586,0.751759,0.0546875,-0.013916,0.887471
178,1.07812,-0.0247803,-0.582031,0.369141,-0.0229846,0.490831,0.419941,0.619441,0.560057,1.03271,0.581974,0.360499,0.957967,0.00382415,0,0,0,0,0,0.000939269,0.000394437,0.01407,0.323953,0.972314,0.747949,0.078125,-0.0247803,0.856024
179,1.01562,-0.0108032,-0.351562,0.466797,-0.010637,0.495757,0.401866,0.5878,0.507006,0.922002,0.39926,0.234685,0.514563,0.00295813,0,0,0,0,0,-0.00516876,-0.00207715,0.112859,0.312024,0.979406,0.741509,0.015625,-0.0108032,0.621234
180,1.0625,-0.0071106,-0.5625,0.398438,-0.00669233,0.49733,0.42251,0.616364,0.558419,0.985933,0.65276,0.402338,0.891133,0.00369362,0,0,0,0,0,-0.00522573,-0.00220792,0.0697912,0.367597,0.947165,0.767584,0.0625,-0.0071106,0.685366
181,0.96875,-0.0218506,-0.123535,0.609375,-0.0225554,0.491002,0.377546,0.55674,0.4525,1.10367,0.520259,0.289649,0.158252,0.00226221,0,0,0,0,0,-0.00344447,-0.00130045,0.0577178,0.304644,0.981139,0.745679,-0.03125,-0.0218506,0.726997
182,1.04688,-0.0341797,0.455078,0.337891,-0.0326493,0.486977,0.40271,0.598068,0.519861,1.10744,0.540621,0.323328,0.782885,0.0034822,0,0,0,0,0,0.0115281,0.00464246,0.185896,0.318439,0.975843,0.744167,0.046875,-0.0341797,0.786697
183,0.996094,-0.0100098,1.21094,0.289062,-0.010049,0.495991,0.394431,0.576697,0.488155,0.996975,0.491806,0.283623,2.2523,0.00635214,0,0,0,0,0,0.004828,0.00190431,0.0855816,0.320276,0.973943,0.747798,-0.00390625,-0.0100098,0.605589
184,1.02344,0.0211182,-0.330078,0.494141,0.0206345,0.508231,0.42096,0.603375,0.541269,1.05752,0.487523,0.294159,0.46956,0.00287024,0,0,0,0,0,-0.0188146,-0.0079202,0.336439,0.302358,0.983479,0.741297,0.0234375,0.0211182,0.542064
185,0.976562,-0.0268555,0.871094,0.390625,-0.0275,0.48903,0.378176,0.559596,0.456164,1.06131,0.54379,0.304302,1.39375,0.00467529,0,0,0,0,0,0.0126493,0.00478366,0.202788,0.343667,0.962916,0.750044,-0.0234375,-0.0268555,0.706612
186,0.980469,-0.0179443,0.769531,0.898438,-0.0183018,0.492699,0.384198,0.564891,0.46671,1.13731,0.365467,0.206449,0.811862,0.00353879,0,0,0,0,0,-0.00802728,-0.00308406,0.191482,0.295122,0.986628,0.740596,-0.0195312,-0.0179443,0.659935
187,1.05469,0.0030365,0.320312,0.365234,0.00287905,0.501149,0.42445,0.615303,0.558756,0.968684,0.550854,0.338942,0.530015,0.00298831,0,0,0,0,0,-0.00994386,-0.00422068,0.157371,0.378214,0.944387,0.757538,0.0546875,0.0030365,0.688497
188,1.02344,0.0410156,-0.253906,0.429688,0.0400763,0.515984,0.430909,0.610358,0.558219,0.874582,0.518642,0.316557,0.387344,0.00270966,0,0,0,0,0,-0.0118476,-0.00510525,0.199146,0.427023,0.917638,0.761406,0.0234375,0.0410156,0.658469
189,1,0.0187988,-0.032959,0.371094,0.0187988,0.507499,0.410402,0.588918,0.515253,1.05648,0.464197,0.273373,0.0541043,0.0020588,0,0,0,0,0,-0.0125696,-0.0051586,0.236063,0.306232,0.980723,0.744937,0,0.0187988,0.713312
190,1.04688,-0.0297852,-0.0351562,0.757812,-0.0284515,0.488651,0.404907,0.59955,0.52341,1.10994,0.550071,0.329795,0.0403851,0.002032,0,0,0,0,0,-0.0113514,-0.00459627,0.179903,0.310627,0.97965,0.742579,0.046875,-0.0297852,0.784255
191,0.949219,0.00549316,0.59375,0.423828,0.00578704,0.502309,0.383386,0.554726,0.454705,0.997051,0.409476,0.227147,0.912029,0.00373443,0,0,0,0,0,-0.00850266,-0.0032598,0.181023,0.341439,0.96552,0.74459,-0.0507812,0.00549316,0.547127
192,1.07812,0.0150757,0.0544434,0.433594,0.0139832,0.505578,0.439869,0.63312,0.594326,1.07073,0.629444,0.398514,0.0826806,0.00211461,0,0,0,0,0,0.0206728,0.00909332,0.286318,0.364492,0.952139,0.753586,0.078125,0.0150757,0.857417
193,1.07031,0.000492096,0.0620117,0.371094,0.000459768,0.500183,0.429444,0.623526,0.573207,1.10913,0.585991,0.365381,0.101796,0.00215195,0,0,0,0,0,0.00126949,0.000545175,0.0188862,0.326523,0.972275,0.74438,0.0703125,0.000492096,0.866595
194,1.08594,0.0151978,0.238281,0.470703,0.0139951,0.505583,0.443062,0.637713,0.602982,1.20997,0.685708,0.437285,0.347309,0.00263146,0,0,0,0,0,-0.00576953,-0.00255626,0.0733513,0.321664,0.972568,0.750406,0.0859375,0.0151978,0.723695
195,1.01562,-0.0131226,-0.228516,0.330078,-0.0129207,0.494846,0.400707,0.587008,0.505144,0.993544,0.58874,0.345595,0.397748,0.00272998,0,0,0,0,0,0.00129158,0.000517543,0.0191251,0.345335,0.962473,0.748906,0.015625,-0.0131226,0.575315
196,1,0.0110474,-0.84375,0.613281,0.0110474,0.504407,0.406526,0.586223,0.508921,1.12139,0.431974,0.253233,1.07742,0.00405746,0,0,0,0,0,-0.0161237,-0.00655469,0.325397,0.266999,0.998119,0.738254,0,0.0110474,0.467752
197,0.992188,0.0100708,0.34375,0.464844,0.0101501,0.504049,0.402905,0.581335,0.500282,1.00729,0.481493,0.279908,0.504184,0.00293786,0,0,0,0,0,0.000510341,0.000205619,0.00924012,0.319622,0.974726,0.746144,-0.0078125,0.0100708,0.80047
198,1.03906,0.0203857,0.020874,0.400391,0.0196194,0.507826,0.426859,0.612219,0.557021,1.02557,0.611257,0.374224,0.0329886,0.00201756,0,0,0,0,0,-0.00119621,-0.000510613,0.0170604,0.347222,0.961023,0.750953,0.0390625,0.0203857,0.821083
199,1.11719,0.0209961,-0.128906,0.345703,0.0187937,0.507497,0.458493,0.657929,0.643087,0.975381,0.698891,0.459821,0.219241,0.00238133,0,0,0,0,0,0.00745372,0.00341748,0.0929759,0.417875,0.921759,0.766006,0.117188,0.0209961,0.776613
200,0.988281,-0.000425339,-0.337891,0.292969,-0.000430382,0.499828,0.39609,0.575435,0.488013,1.02849,0.494842,0.284749,0.62426,0.00317238,0,0,0,0,0,-0.00665594,-0.00263636,0.11726,0.320691,0.973926,0.747265,-0.0117188,-0.000425339,0.753731
201,0.980469,-0.0149536,0.165039,0.53125,-0.0152515,0.493916,0.385693,0.565909,0.469013,1.13062,0.507465,0.287179,0.226432,0.00239537,0,0,0,0,0,-0.00951446,-0.00366966,0.16345,0.319373,0.973369,0.751003,-0.0195312,-0.0149536,0.558037
202,1.03906,0.0229492,0.275391,0.458984,0.0220865,0.508811,0.428141,0.613114,0.559213,1.08477,0.569245,0.349012,0.40649,0.00274705,0,0,0,0,0,-0.00776431,-0.00332422,0.118908,0.308111,0.97941,0.74665,0.0390625,0.0229492,0.711851
203,1.07031,-0.0366211,0.714844,0.378906,-0.0342153,0.486353,0.410887,0.610894,0.54202,0.950883,0.729419,0.445597,1.1613,0.00422129,0,0,0,0,0,0.00709694,0.00291604,0.0848206,0.447211,0.904829,0.768034,0.0703125,-0.0366211,0.617503
204,1,0.0263672,0.335938,0.558594,0.0263672,0.510518,0.414186,0.591561,0.521494,1.22824,0.575839,0.340644,0.44948,0.00283102,0,0,0,0,0,0.00604174,0.0025024,0.0914676,0.325788,0.972029,0.746245,0,0.0263672,0.915605
205,1.05469,0.00952148,0.1875,0.408203,0.00902778,0.503602,0.427693,0.617544,0.564282,1.06552,0.651557,0.402366,0.29347,0.00252631,0,0,0,0,0,0.000380265,0.000162637,0.00508792,0.340789,0.963765,0.751679,0.0546875,0.00952148,0.760479
206,0.992188,0.0108643,0.261719,0.503906,0.0109498,0.504368,0.403302,0.58161,0.500922,1.13537,0.551604,0.320818,0.368689,0.00267322,0,0,0,0,0,-0.00614046,-0.00247646,0.0970465,0.310222,0.978778,0.745874,-0.0078125,0.0108643,0.565061
207,1.14062,-0.0281982,0.390625,0.21582,-0.0247217,0.490138,0.443294,0.654679,0.625115,0.963604,0.722301,0.472875,0.840841,0.00359539,0,0,0,0,0,0.00886395,0.00392934,0.106983,0.420909,0.920183,0.765582,0.140625,-0.0281982,0.787923
208,1.28125,-0.160156,-0.490234,0.427734,-0.125,0.450262,0.433706,0.693508,0.669054,1.01312,0.840385,0.582814,0.749578,0.00341714,0,0,0,0,0,0.0131837,0.00571785,0.136762,0.623866,0.781559,0.788121,0.28125,-0.160156,1.11372
209,1.00781,0.0197754,-0.118164,0.777344,0.0196221,0.507828,0.414023,0.593808,0.524022,1.05187,0.394847,0.234463,0.134023,0.00221489,0,0,0,0,0,-0.007059,-0.00292259,0.155855,0.295684,0.986344,0.740777,0.0078125,0.0197754,0.574207
210,1,-0.0148926,-0.0299072,0.335938,-0.0148926,0.494059,0.393556,0.577305,0.488167,0.967384,0.506981,0.292682,0.0515997,0.00205391,0,0,0,0,0,0.00384586,0.00151356,0.0661315,0.324762,0.972067,0.747603,0,-0.0148926,0.603242
211,1,0.00183868,-0.433594,0.726562,0.00183868,0.500734,0.401922,0.58304,0.501476,0.970981,0.45321,0.26424,0.508682,0.00294664,0,0,0,0,0,-0.0148906,-0.00598487,0.286431,0.269492,0.99714,0.73846,0,0.00183868,0.431654
212,0.96875,0.00817871,-0.890625,0.451172,0.00844254,0.503368,0.39256,0.567029,0.475626,1.11603,0.443012,0.251201,1.32594,0.00454285,0,0,0,0,0,-0.0150404,-0.00590425,0.295972,0.339528,0.967258,0.741721,-0.03125,0.00817871,0.610236
213,1.03906,0.0251465,-0.925781,0.458984,0.0242011,0.509654,0.42924,0.613881,0.561097,0.871486,0.478968,0.294029,1.3665,0.00462207,0,0,0,0,0,-0.0118643,-0.00509263,0.215945,0.302888,0.982718,0.742976,0.0390625,0.0251465,0.602539
214,1.03125,0.0427246,-0.230469,0.308594,0.0414299,0.516523,0.434896,0.61551,0.567987,1.00391,0.475907,0.292925,0.414876,0.00276343,0,0,0,0,0,-0.0198276,-0.00862294,0.363207,0.304595,0.982438,0.741682,0.03125,0.0427246,0.49406
215,0.988281,-0.00671387,0.243164,0.398438,-0.00679348,0.49729,0.392946,0.573275,0.483051,1.01748,0.45219,0.259229,0.385229,0.00270553,0,0,0,0,0,-0.00608838,-0.00239241,0.117378,0.311448,0.978424,0.745372,-0.0117188,-0.00671387,0.649716
216,1.02344,0.046875,0.249023,0.365234,0.0458015,0.518266,0.433838,0.61243,0.563286,1.05053,0.524886,0.321456,0.412054,0.00275792,0,0,0,0,0,-0.0153427,-0.00665626,0.254826,0.366664,0.95127,0.752884,0.0234375,0.046875,0.522939
217,1,0.0612793,0.527344,0.613281,0.0612793,0.524432,0.431642,0.603911,0.551024,1.05648,0.561828,0.339294,0.673386,0.00326833,0,0,0,0,0,-0.00614503,-0.00265245,0.0953514,0.345009,0.959706,0.759538,0,0.0612793,0.765918
218,0.984375,0.0130615,-0.707031,0.433594,0.0132688,0.505293,0.401267,0.577822,0.494894,1.12392,0.416251,0.240519,1.07373,0.00405026,0,0,0,0,0,-0.0096977,-0.00389137,0.203105,0.316524,0.977989,0.739977,-0.015625,0.0130615,0.511728
219,1.04688,0.03125,-0.220703,0.400391,0.0298507,0.511907,0.435424,0.620568,0.574699,1.05048,0.583384,0.362029,0.348792,0.00263436,0,0,0,0,0,-0.0167881,-0.00730994,0.250873,0.326883,0.970989,0.748117,0.046875,0.03125,0.632788
220,1.03906,-0.00241089,-0.314453,0.294922,-0.00232025,0.499074,0.415461,0.604327,0.537819,0.982221,0.548391,0.331407,0.579032,0.00308405,0,0,0,0,0,-0.00178909,-0.000743299,0.0284413,0.38017,0.943276,0.758074,0.0390625,-0.00241089,0.50568
221,1,-0.0078125,0.28125,0.472656,-0.0078125,0.496883,0.397096,0.579724,0.493765,1.0555,0.551577,0.319762,0.409091,0.00275213,0,0,0,0,0,0.00684598,0.00271851,0.108202,0.34596,0.961964,0.749683,0,-0.0078125,0.72146
222,1.01562,0.0196533,0.09375,0.609375,0.019351,0.507719,0.417095,0.598315,0.531949,1.09475,0.432243,0.258617,0.120096,0.00218769,0,0,0,0,0,-0.00678951,-0.00283187,0.136936,0.303958,0.983028,0.740676,0.015625,0.0196533,0.794445
223,0.988281,0.0142212,0.710938,0.382812,0.0143898,0.505741,0.403414,0.5805,0.499723,1.07056,0.447588,0.259825,1.14905,0.00419736,0,0,0,0,0,-0.0132268,-0.00533586,0.257621,0.305799,0.981811,0.74209,-0.0117188,0.0142212,0.503284
224,1.09375,0.0142822,0.349609,0.515625,0.013058,0.505209,0.445737,0.641945,0.610775,1.11218,0.646379,0.414939,0.486873,0.00290405,0,0,0,0,0,0.00203379,0.000906534,0.0274299,0.391607,0.934653,0.77054,0.09375,0.0142822,0.882862
225,1.01562,0.0114136,-0.353516,0.386719,0.011238,0.504483,0.412975,0.59545,0.525109,1.09909,0.490791,0.292241,0.568475,0.00306343,0,0,0,0,0,-0.0113548,-0.00468927,0.201693,0.321361,0.974258,0.745235,0.015625,0.0114136,0.776059
226,1.10938,-0.0110474,-0.251953,0.34375,-0.00995819,0.496027,0.439338,0.642316,0.605588,1.05498,0.691414,0.444106,0.429733,0.00279245,0,0,0,0,0,0.00563742,0.00247673,0.0710803,0.373816,0.947348,0.75446,0.109375,-0.0110474,1.13851
227,0.996094,0.0300293,0.0776367,0.498047,0.0301471,0.512025,0.414451,0.59057,0.520542,0.993239,0.53694,0.317101,0.11001,0.00216799,0,0,0,0,0,-0.00930701,-0.0038573,0.151109,0.33743,0.965393,0.751283,-0.00390625,0.0300293,0.669313
228,1.03125,0.032959,-0.0654297,0.632812,0.0319602,0.512748,0.430013,0.61207,0.559541,1.14147,0.47032,0.287869,0.0822503,0.00211377,0,0,0,0,0,-0.0255142,-0.0109714,0.472927,0.288874,0.989767,0.738595,0.03125,0.032959,0.600065
229,1.00781,0.0168457,-0.0437012,0.369141,0.0167151,0.506668,0.412558,0.592787,0.521601,0.998381,0.52808,0.313039,0.0719279,0.00209361,0,0,0,0,0,-0.011134,-0.00459344,0.183806,0.356554,0.957891,0.746499,0.0078125,0.0168457,0.649023
230,1.01562,0.00732422,0.0230713,0.443359,0.00721154,0.502877,0.41093,0.594034,0.52174,1.13816,0.517417,0.307363,0.0346493,0.0020208,0,0,0,0,0,-0.00711504,-0.00292378,0.119879,0.313419,0.978457,0.742641,0.015625,0.00732422,0.789473
231,0.992188,0.0222168,-0.202148,0.570312,0.0223917,0.508932,0.408978,0.58556,0.510144,1.12971,0.449231,0.263052,0.267679,0.00247594,0,0,0,0,0,-0.0150512,-0.0061556,0.292084,0.282283,0.991972,0.7396,-0.0078125,0.0222168,0.547349
232,1.07812,-0.00668335,0.398438,0.796875,-0.00619905,0.497527,0.428989,0.625611,0.57542,1.2151,0.684048,0.427948,0.446339,0.00282488,0,0,0,0,0,0.0232387,0.00996916,0.296164,0.338606,0.964843,0.751357,0.078125,-0.00668335,0.765079
233,1.07031,0.0351562,-0.0952148,0.503906,0.0328467,0.513102,0.446776,0.635588,0.60358,1.07161,0.692196,0.439951,0.134131,0.0022151,0,0,0,0,0,0.0290779,0.0129913,0.366219,0.350688,0.956144,0.763289,0.0703125,0.0351562,0.734413
234,1.07812,0.000858307,-0.371094,0.488281,0.000796111,0.500318,0.43276,0.628202,0.581919,1.11297,0.553586,0.347764,0.531066,0.00299036,0,0,0,0,0,-0.0111198,-0.00481222,0.175114,0.384055,0.945495,0.741882,0.078125,0.000858307,0.683
235,1.00781,-0.0183105,-0.816406,0.488281,-0.0181686,0.492752,0.39498,0.580691,0.493211,1.08728,0.46416,0.269533,1.16835,0.00423505,0,0,0,0,0,-0.0049836,-0.00196842,0.0936015,0.31123,0.980459,0.739287,0.0078125,-0.0183105,0.519851
236,1.03125,0.0539551,-0.546875,0.455078,0.0523201,0.520863,0.440511,0.61949,0.577818,1.09188,0.451137,0.279475,0.810672,0.00353647,0,0,0,0,0,-0.024119,-0.0106247,0.466077,0.310478,0.979795,0.742319,0.03125,0.0539551,0.449453
237,1.03125,0.0683594,-1.03125,0.609375,0.0662879,0.526426,0.447713,0.624632,0.590613,1.17205,0.51093,0.319144,1.32106,0.00453331,0,0,0,0,0,-0.0312781,-0.0140036,0.533686,0.270248,0.99692,0.738302,0.03125,0.0683594,0.382727
238,1.03906,-0.0186768,-0.507812,0.466797,-0.0179746,0.49283,0.407328,0.598765,0.524436,1.01775,0.544906,0.326271,0.743258,0.0034048,0,0,0,0,0,0.00703207,0.00286436,0.112504,0.345044,0.962775,0.74832,0.0390625,-0.0186768,0.687326
239,0.972656,0.0251465,0.0888672,0.605469,0.0258534,0.510313,0.402611,0.57521,0.492962,0.977157,0.472597,0.271843,0.114208,0.00217619,0,0,0,0,0,-0.00831945,-0.0033495,0.153466,0.310522,0.979034,0.74466,-0.0273438,0.0251465,0.597758
240,1,0.0163574,-0.484375,0.585938,0.0163574,0.506525,0.409181,0.588067,0.513253,1.04287,0.43466,0.255609,0.632785,0.00318903,0,0,0,0,0,-0.0109801,-0.00449285,0.220224,0.288619,0.989661,0.739201,0,0.0163574,0.491285
241,1.01562,-0.0317383,0.488281,0.333984,-0.03125,0.487535,0.391399,0.580694,0.490399,1.12634,0.588722,0.341867,0.844903,0.00360333,0,0,0,0,0,0.0168815,0.00660739,0.249981,0.348606,0.961442,0.747206,0.015625,-0.0317383,0.667818
242,1.08594,0.00817871,0.640625,0.287109,0.00753147,0.503005,0.439553,0.635279,0.596787,1.04708,0.602505,0.382759,1.19558,0.00428825,0,0,0,0,0,-0.0033622,-0.00147787,0.0486486,0.353364,0.958606,0.749343,0.0859375,0.00817871,0.766728
243,1.08594,0.0305176,0.824219,0.451172,0.0281025,0.51121,0.450722,0.643058,0.616674,1.10295,0.66449,0.427306,1.22708,0.00434976,0,0,0,0,0,0.00161482,0.000727836,0.0211857,0.377393,0.945859,0.753312,0.0859375,0.0305176,0.830675
244,1.00781,-0.0162354,1.00781,0.515625,-0.0161095,0.493574,0.396018,0.581397,0.494852,1.20446,0.472863,0.274921,1.4035,0.00469434,0,0,0,0,0,0.00427442,0.00169274,0.0788041,0.336918,0.96765,0.744355,0.0078125,-0.0162354,0.750462
245,0.984375,-0.000161171,0.824219,0.585938,-0.000163729,0.499935,0.394656,0.573251,0.48437,1.08993,0.545624,0.312779,1.07675,0.00405616,0,0,0,0,0,0.000650908,0.000256885,0.0104,0.305844,0.979593,0.749064,-0.015625,-0.000161171,0.717895
246,1.04688,0.0249023,-0.081543,0.384766,0.0237873,0.509489,0.432251,0.618346,0.569192,1.05782,0.464403,0.287161,0.131458,0.00220988,0,0,0,0,0,-0.0106486,-0.00460287,0.199897,0.33092,0.970729,0.743082,0.046875,0.0249023,0.642998
247,1.04688,0.0172119,-0.0800781,0.285156,0.0164412,0.506559,0.428405,0.615664,0.562573,0.983997,0.532619,0.327914,0.149959,0.00224601,0,0,0,0,0,-0.00679608,-0.00291148,0.111237,0.333953,0.968734,0.745195,0.046875,0.0172119,0.868403
248,0.988281,0.0466309,-0.0629883,0.335938,0.0471838,0.518817,0.419619,0.591876,0.526397,1.00304,0.402527,0.238246,0.108675,0.00216538,0,0,0,0,0,-0.0155666,-0.00653202,0.337136,0.323106,0.974699,0.741383,-0.0117188,0.0466309,0.641931
249,1.01562,0.0456543,0.0791016,0.404297,0.0449519,0.517927,0.430095,0.607449,0.553976,0.987991,0.437715,0.26589,0.124404,0.0021961,0,0,0,0,0,-0.0263519,-0.0113338,0.52484,0.343708,0.964756,0.743645,0.015625,0.0456543,0.741249
250,1.03125,0.0122681,0.238281,0.396484,0.0118963,0.504746,0.419668,0.604846,0.54196,0.991157,0.590575,0.357207,0.378422,0.00269223,0,0,0,0,0,-0.00354217,-0.00148654,0.0522879,0.35428,0.956773,0.754465,0.03125,0.0122681,0.711256
251,1.03125,0.00964355,0.104004,0.285156,0.00935133,0.503731,0.418355,0.603937,0.539761,0.981891,0.546321,0.329943,0.194764,0.00233352,0,0,0,0,0,0.00530725,0.00222032,0.0846893,0.329786,0.969677,0.748244,0.03125,0.00964355,0.762809
252,1.0625,0.0334473,-0.359375,0.451172,0.0314798,0.512557,0.442789,0.630438,0.593514,0.988048,0.551434,0.347645,0.535028,0.0029981,0,0,0,0,0,-0.0164765,-0.0072956,0.260482,0.345306,0.962145,0.750108,0.0625,0.0334473,0.810926
253,1.02344,0.0334473,0.902344,0.628906,0.0326813,0.513036,0.427124,0.607692,0.551725,1.0405,0.571886,0.34753,1.13783,0.00417546,0,0,0,0,0,0.000481229,0.000205545,0.00733583,0.327299,0.970401,0.749488,0.0234375,0.0334473,0.795639
254,1,0.0390625,-0.241211,0.464844,0.0390625,0.51558,0.420534,0.596022,0.532091,1.05058,0.468991,0.279529,0.353788,0.00264412,0,0,0,0,0,-2.60504e-05,-1.09551e-05,0.000484235,0.302852,0.982899,0.742464,0,0.0390625,0.847467
255,1.05469,0.00358582,0.242188,0.507812,0.00339988,0.501356,0.424725,0.615492,0.559222,1.14864,0.694891,0.4277,0.33986,0.00261691,0,0,0,0,0,0.00447504,0.00190066,0.0561419,0.332621,0.968467,0.74809,0.0546875,0.00358582,0.803103
256,0.996094,0.078125,0.734375,0.949219,0.0784314,0.531258,0.438498,0.607688,0.561565,1.20408,0.575248,0.349571,0.753763,0.00342532,0,0,0,0,0,-0.00810583,-0.00355439,0.122843,0.309538,0.978227,0.748572,-0.00390625,0.078125,0.819083
257,1.08594,-0.03125,0.112305,0.6875,-0.028777,0.488521,0.419839,0.621802,0.562902,1.14566,0.745228,0.463384,0.135445,0.00221767,0,0,0,0,0,0.0266561,0.0111913,0.311827,0.354044,0.958037,0.750235,0.0859375,-0.03125,0.804826
258,1.03906,0.00282288,-0.335938,0.423828,0.00271675,0.501084,0.418078,0.606129,0.542182,0.980005,0.657067,0.398267,0.516017,0.00296097,0,0,0,0,0,0.0115098,0.00481199,0.152709,0.340786,0.963506,0.752604,0.0390625,0.00282288,0.927016
259,1.02344,-0.0135498,-0.106934,0.353516,-0.0132395,0.494718,0.403626,0.591412,0.512682,1.08116,0.587655,0.347546,0.17985,0.00230439,0,0,0,0,0,0.0242934,0.00980545,0.36039,0.332697,0.96884,0.746718,0.0234375,-0.0135498,0.870883
260,0.992188,0.00390625,0.378906,0.251953,0.00393701,0.501571,0.399823,0.579203,0.495334,0.953493,0.551188,0.319249,0.75487,0.00342748,0,0,0,0,0,0.00174984,0.000699626,0.0276762,0.356981,0.954925,0.756638,-0.0078125,0.00390625,0.631952
261,1.04688,-0.0143433,0.431641,0.402344,-0.013701,0.494534,0.412628,0.604791,0.536034,1.14405,0.624944,0.377961,0.680493,0.00328221,0,0,0,0,0,0.015043,0.00620717,0.209846,0.316428,0.975487,0.748109,0.046875,-0.0143433,0.837722
262,0.984375,-0.0137939,0.902344,0.5,-0.0140129,0.49441,0.38784,0.568579,0.473702,1.08604,0.473639,0.269302,1.27611,0.00444552,0,0,0,0,0,-0.0104963,-0.00407088,0.193194,0.315334,0.976952,0.744852,-0.015625,-0.0137939,0.626616
263,1.02344,-0.00134277,0.699219,0.355469,-0.00131202,0.499477,0.409729,0.595594,0.522611,0.915736,0.463768,0.276218,1.17277,0.00424369,0,0,0,0,0,-0.0132465,-0.0054275,0.249005,0.381895,0.944974,0.747947,0.0234375,-0.00134277,0.589586
264,1.03125,0.0184326,0.335938,0.369141,0.0178741,0.50713,0.42275,0.606989,0.547153,1.00848,0.51414,0.312077,0.55292,0.00303305,0,0,0,0,0,-0.00709328,-0.00299868,0.120274,0.346976,0.962513,0.746126,0.03125,0.0184326,0.809511
265,1.02344,0.0446777,-0.699219,0.40625,0.0436546,0.51741,0.43274,0.611652,0.561382,1.00154,0.461885,0.282513,1.09702,0.00409575,0,0,0,0,0,-0.0188534,-0.00815861,0.355846,0.375171,0.950824,0.739119,0.0234375,0.0446777,0.630577
266,1.07031,0.0150757,0.0213623,0.429688,0.0140853,0.505619,0.436736,0.628571,0.585839,1.05447,0.599329,0.37672,0.0325891,0.00201678,0,0,0,0,0,-0.000641873,-0.000280329,0.00933664,0.409474,0.92869,0.755097,0.0703125,0.0150757,0.770161
267,1.10156,0.026001,-0.3125,0.367188,0.0236037,0.509416,0.45473,0.650576,0.630029,1.11817,0.626674,0.407699,0.515711,0.00296037,0,0,0,0,0,-0.0152424,-0.00693115,0.21204,0.338575,0.96658,0.745424,0.101562,0.026001,0.748019
268,1.0625,0.00741577,0.0996094,0.320312,0.00697955,0.502784,0.429773,0.621365,0.5708,0.986073,0.659528,0.409808,0.176,0.00229688,0,0,0,0,0,0.0013854,0.000595407,0.0183126,0.387977,0.940449,0.753446,0.0625,0.00741577,0.649503
269,1.08594,-0.0133057,0.104004,0.335938,-0.0122527,0.495112,0.428811,0.627895,0.57813,1.06008,0.638015,0.400606,0.17944,0.00230359,0,0,0,0,0,-0.00213623,-0.000916038,0.0291893,0.367763,0.950884,0.752316,0.0859375,-0.0133057,0.714892
270,1.00781,0.0127563,0.223633,0.625,0.0126575,0.505049,0.410513,0.591366,0.518235,1.1081,0.508882,0.300936,0.282876,0.00250562,0,0,0,0,0,-0.0111221,-0.00456576,0.190535,0.323447,0.973984,0.743196,0.0078125,0.0127563,0.664392
271,1.01562,0.0159912,-0.554688,0.34375,0.0157452,0.506281,0.415264,0.59704,0.5289,0.988568,0.578298,0.345267,0.946078,0.00380093,0,0,0,0,0,0.00267972,0.00111279,0.0403966,0.355661,0.955109,0.758315,0.015625,0.0159912,0.527033
272,0.964844,0.00830078,0.296875,0.5,0.00860324,0.503432,0.391055,0.564797,0.471919,1.025,0.512004,0.289178,0.419845,0.00277313,0,0,0,0,0,0.00257341,0.00100635,0.043817,0.31973,0.974096,0.748065,-0.0351562,0.00830078,0.813695
273,0.980469,-0.024292,0.511719,0.445312,-0.0247759,0.490117,0.381024,0.562737,0.461853,0.9883,0.589585,0.331781,0.76683,0.00345084,0,0,0,0,0,0.00346194,0.00131908,0.0511894,0.373992,0.94742,0.753836,-0.0195312,-0.024292,0.680443
274,1.03125,0.00114441,0.103516,0.417969,0.00110973,0.500443,0.414106,0.601001,0.532685,1.04666,0.510599,0.30687,0.160116,0.00226585,0,0,0,0,0,0.00476546,0.00197341,0.081364,0.295168,0.98569,0.743389,0.03125,0.00114441,0.644163
275,1,0.0025177,-0.109375,0.722656,0.0025177,0.501004,0.402261,0.583274,0.502022,1.06703,0.562406,0.328037,0.128663,0.00220442,0,0,0,0,0,-0.000808615,-0.000325275,0.0125343,0.300682,0.982162,0.74753,0,0.0025177,0.653175
276,1.07812,0.0220947,0.5,0.386719,0.0204937,0.508175,0.443378,0.635564,0.600525,1.08383,0.642902,0.408605,0.80403,0.0035235,0,0,0,0,0,-0.00970554,-0.00430322,0.131608,0.348647,0.958107,0.7593,0.078125,0.0220947,0.821383
277,1.03125,-0.00370789,0.244141,0.384766,-0.00359553,0.498566,0.41168,0.599332,0.528678,1.01472,0.491208,0.294396,0.393588,0.00272185,0,0,0,0,0,0.00576027,0.00237139,0.102231,0.332532,0.968939,0.746632,0.03125,-0.00370789,0.579296
278,1.24219,-0.0568848,-1.03125,0.259766,-0.045794,0.481737,0.469678,0.704177,0.716462,0.956692,0.754519,0.531315,2.02336,0.005905,0,0,0,0,0,0.000832784,0.00039114,0.00962207,0.617668,0.786907,0.814063,0.242188,-0.0568848,1.37153
279,0.992188,-0.00860596,0.28125,0.878906,-0.00867372,0.49654,0.393567,0.574902,0.485407,1.131,0.388602,0.223408,0.3,0.00253906,0,0,0,0,0,-0.000271741,-0.000106948,0.00609616,0.274091,0.995549,0.738171,-0.0078125,-0.00860596,0.468681
280,0.980469,0.0244141,-0.212891,0.628906,0.0249004,0.509933,0.405377,0.579504,0.500155,1.116,0.420135,0.24347,0.26845,0.00247744,0,0,0,0,0,-0.0132075,-0.00535403,0.274055,0.304671,0.982892,0.740195,-0.0195312,0.0244141,0.629691
281,1.00781,0.026001,0.298828,0.5625,0.0257994,0.510291,0.417136,0.595982,0.529197,1.02738,0.527945,0.314646,0.398438,0.00273132,0,0,0,0,0,-0.0162773,-0.00678985,0.268783,0.330244,0.96893,0.750102,0.0078125,0.026001,0.769852
282,1.01562,0.0202637,-0.326172,0.275391,0.0199519,0.507959,0.4174,0.598528,0.532458,0.962693,0.492095,0.294532,0.621544,0.00316708,0,0,0,0,0,-0.0156615,-0.00653712,0.277455,0.351258,0.960274,0.746947,0.015625,0.0202637,0.692508
283,1.01562,-0.026001,0.296875,0.523438,-0.025601,0.489788,0.394268,0.582632,0.494906,1.14844,0.585025,0.340854,0.410338,0.00275457,0,0,0,0,0,0.00938847,0.00370157,0.139903,0.31608,0.975704,0.747878,0.015625,-0.026001,0.852538
284,1.03906,0.0192871,0.5625,0.546875,0.018562,0.507405,0.42631,0.611836,0.556084,1.02507,0.579247,0.354405,0.760639,0.00343875,0,0,0,0,0,-0.00714904,-0.00304771,0.107595,0.345408,0.960521,0.755808,0.0390625,0.0192871,0.748691
285,0.992188,-0.0196533,-0.00218201,0.332031,-0.0198081,0.492098,0.388043,0.571135,0.476772,0.903767,0.375791,0.214627,0.00378675,0.00196052,0,0,0,0,0,-0.00204528,-0.000793656,0.0474475,0.315336,0.978432,0.740175,-0.0078125,-0.0196533,0.524672
286,1,0.0250244,-0.324219,0.416016,0.0250244,0.509982,0.413515,0.591091,0.520383,1.01095,0.428056,0.25302,0.50267,0.0029349,0,0,0,0,0,-0.00673063,-0.00278321,0.137076,0.363785,0.955363,0.743093,0,0.0250244,0.54148
287,0.976562,0.00897217,0.388672,0.695312,0.0091875,0.503665,0.39609,0.571854,0.483904,1.10168,0.441523,0.252487,0.466115,0.00286351,0,0,0,0,0,-0.0173622,-0.00687699,0.342813,0.297174,0.985326,0.742056,-0.0234375,0.00897217,0.747428
288,1.02344,-0.0253906,0.419922,0.361328,-0.0248092,0.490104,0.397706,0.587388,0.503194,0.925273,0.57798,0.339498,0.698582,0.00331754,0,0,0,0,0,0.0012453,0.000495262,0.0187831,0.340329,0.962408,0.757341,0.0234375,-0.0253906,0.81828
289,1.03125,0.0505371,0.029541,0.574219,0.0490057,0.519543,0.438802,0.618276,0.574813,1.02872,0.441229,0.272801,0.038984,0.00202927,0,0,0,0,0,-0.0266756,-0.0117053,0.527056,0.280671,0.992995,0.738406,0.03125,0.0505371,0.466714
290,1.02344,0.0180664,-0.233398,0.394531,0.0176527,0.507042,0.419434,0.602312,0.538704,1.05071,0.505927,0.304726,0.371584,0.00267888,0,0,0,0,0,-0.0148082,-0.00621104,0.255164,0.323837,0.972112,0.748793,0.0234375,0.0180664,0.452898
291,1.01562,0.00656128,0.400391,0.392578,0.00646034,0.502577,0.410549,0.59377,0.521113,1.03452,0.492012,0.292142,0.639029,0.00320123,0,0,0,0,0,-0.0112911,-0.00463555,0.200063,0.35491,0.95821,0.748143,0.015625,0.00656128,0.658927
292,1.00781,0.00610352,-0.135742,0.373047,0.0060562,0.502416,0.407187,0.589062,0.512795,1.00054,0.449713,0.264909,0.222246,0.0023872,0,0,0,0,0,-0.00527983,-0.00214988,0.102351,0.346599,0.962803,0.745732,0.0078125,0.00610352,0.609838
293,1.01562,-0.0136108,-0.0493164,0.390625,-0.0134014,0.494654,0.400463,0.586841,0.504753,1.10825,0.549028,0.322192,0.0789062,0.00210724,0,0,0,0,0,0.000822067,0.000329207,0.0130533,0.326326,0.970691,0.749941,0.015625,-0.0136108,0.791024
294,1.00781,0.00686646,0.125977,0.660156,0.00681323,0.502718,0.407568,0.589325,0.513417,1.16387,0.450906,0.26573,0.155048,0.00225595,0,0,0,0,0,-0.0134018,-0.00546216,0.259111,0.30486,0.983009,0.739604,0.0078125,0.00686646,0.617409
295,1.13281,0.012146,-0.566406,0.245117,0.010722,0.504277,0.460333,0.663953,0.652741,1.07236,0.67231,0.446382,1.14404,0.00418758,0,0,0,0,0,0.00507104,0.00233437,0.0657558,0.381359,0.944504,0.750799,0.132812,0.012146,1.00603
296,1,0.0292969,-0.097168,0.425781,0.0292969,0.511686,0.415651,0.592587,0.523925,1.13745,0.474439,0.281147,0.148912,0.00224397,0,0,0,0,0,-0.0243015,-0.0101009,0.44654,0.294319,0.987657,0.738479,0,0.0292969,0.49151
297,1.03906,0.026001,0.0429688,0.515625,0.0250235,0.509982,0.429667,0.61418,0.561831,0.990939,0.615158,0.377818,0.0598392,0.00207,0,0,0,0,0,0.00595565,0.00255894,0.0844013,0.341236,0.960014,0.764902,0.0390625,0.026001,0.813038
298,1.07812,-0.0219727,0.476562,0.339844,-0.0203804,0.49187,0.421344,0.620394,0.562419,0.909502,0.67667,0.419802,0.817486,0.00354978,0,0,0,0,0,0.00378245,0.00159371,0.0487307,0.361743,0.946364,0.783692,0.078125,-0.0219727,0.769368
299,0.996094,0.00552368,0.175781,0.431641,0.00554534,0.502212,0.402198,0.582036,0.500529,0.943962,0.584863,0.340412,0.267554,0.00247569,0,0,0,0,0,0.0193107,0.00776672,0.287839,0.380891,0.94357,0.755412,-0.00390625,0.00552368,0.782799
300,0.980469,0.0167236,-0.255859,0.351562,0.0170568,0.506804,0.401532,0.57682,0.49395,1.08922,0.504034,0.290737,0.431519,0.00279594,0,0,0,0,0,0.00466914,0.00187481,0.0807576,0.42095,0.921858,0.75748,-0.0195312,0.0167236,0.622063
301,1.02344,-0.026123,-0.235352,0.523438,-0.0255248,0.489818,0.397339,0.58714,0.502612,1.11146,0.62992,0.369851,0.3253,0.00258848,0,0,0,0,0,0.0166873,0.00663052,0.230944,0.316033,0.975324,0.749196,0.0234375,-0.026123,0.87445
302,1.01562,0.00224304,-0.492188,0.380859,0.00220853,0.500881,0.40839,0.592279,0.517577,1.0301,0.477436,0.282775,0.797532,0.00351081,0,0,0,0,0,-0.00735529,-0.00300382,0.134305,0.299489,0.984961,0.740336,0.015625,0.00224304,0.381307
303,0.992188,0.0200195,-0.10791,0.369141,0.0201772,0.508049,0.407879,0.584793,0.508349,1.07943,0.351978,0.205835,0.17761,0.00230002,0,0,0,0,0,-0.0130314,-0.00531524,0.322762,0.282351,0.992112,0.739113,-0.0078125,0.0200195,0.615738
304,1.03125,0.0283203,0.484375,0.445312,0.0274621,0.510954,0.427694,0.610443,0.555562,1.10006,0.504468,0.307948,0.725854,0.00337081,0,0,0,0,0,-0.0237684,-0.0101656,0.410746,0.340438,0.965237,0.747108,0.03125,0.0283203,0.632522
305,1.03125,-0.0134888,0.474609,0.384766,-0.01308,0.494782,0.406789,0.595983,0.520673,1.18195,0.640868,0.381946,0.765135,0.00344753,0,0,0,0,0,0.02506,0.0101941,0.340893,0.315279,0.976556,0.746203,0.03125,-0.0134888,0.778752
306,1.07812,0.0192871,-0.380859,0.34375,0.0178895,0.507136,0.441974,0.634585,0.59804,1.03114,0.671504,0.426126,0.649596,0.00322187,0,0,0,0,0,0.0297039,0.0131284,0.385631,0.331064,0.966311,0.758082,0.078125,0.0192871,0.934838
307,1.02344,0.0820312,0.141602,0.53125,0.0801527,0.531942,0.451416,0.625005,0.594408,0.980961,0.609717,0.381076,0.194276,0.00233257,0,0,0,0,0,-0.0100457,-0.00453477,0.143634,0.38645,0.937793,0.768088,0.0234375,0.0820312,0.701675
308,1,-0.0291748,-0.0500488,0.40625,-0.0291748,0.488363,0.386415,0.57246,0.477027,1.04168,0.599211,0.343024,0.0785231,0.00210649,0,0,0,0,0,0.0120477,0.00465542,0.17528,0.345975,0.961431,0.751553,0,-0.0291748,0.739041
309,1.03125,0.0184326,0.263672,0.664062,0.0178741,0.50713,0.42275,0.606989,0.547153,1.00845,0.570265,0.346144,0.323563,0.00258508,0,0,0,0,0,-0.00502586,-0.00212468,0.0768318,0.395355,0.93799,0.747909,0.03125,0.0184326,0.484011
310,0.992188,0.00564575,0.554688,0.578125,0.00569021,0.50227,0.400692,0.579803,0.496727,1.14058,0.566812,0.328639,0.729521,0.00337797,0,0,0,0,0,-0.00831775,-0.00333286,0.12793,0.314375,0.975869,0.7497,-0.0078125,0.00564575,0.572717
311,1.00781,0.0202637,0.503906,0.574219,0.0201066,0.508021,0.414267,0.593978,0.524427,1.03206,0.559157,0.332127,0.664984,0.00325192,0,0,0,0,0,-0.018712,-0.00775177,0.291739,0.317628,0.976002,0.744772,0.0078125,0.0202637,0.557225
312,0.984375,-0.0050354,0.271484,0.273438,-0.00511533,0.497959,0.392219,0.571576,0.480534,0.999183,0.424553,0.242664,0.519177,0.00296714,0,0,0,0,0,-0.00211962,-0.000831354,0.0435244,0.318414,0.976069,0.743477,-0.015625,-0.0050354,0.777008
313,0.964844,-0.0185547,0.198242,0.451172,-0.0192308,0.492329,0.377627,0.555584,0.451276,0.973709,0.484082,0.268948,0.295138,0.00252957,0,0,0,0,0,-0.00205406,-0.000775671,0.0369915,0.308872,0.979903,0.744082,-0.0351562,-0.0185547,0.812697
314,1.01562,0.0356445,0.123535,0.478516,0.0350962,0.513998,0.42509,0.603916,0.545416,0.97738,0.52231,0.315431,0.178584,0.00230192,0,0,0,0,0,-0.00957505,-0.00407026,0.159816,0.339894,0.965913,0.745651,0.015625,0.0356445,0.589327
315,1.03125,0.00408936,0.332031,0.443359,0.00396544,0.501582,0.415578,0.602016,0.535129,1.04025,0.483933,0.291336,0.498656,0.00292706,0,0,0,0,0,0.00247028,0.00102659,0.0445008,0.313193,0.978726,0.742096,0.03125,0.00408936,0.72441
316,1.02344,0.036377,-0.855469,0.291016,0.0355439,0.514177,0.428589,0.608723,0.554232,0.910418,0.456695,0.278001,1.58579,0.00505037,0,0,0,0,0,-0.0216347,-0.00927242,0.412983,0.359183,0.958219,0.740972,0.0234375,0.036377,0.499011
317,1.05469,-0.00872803,0.482422,0.386719,-0.00827546,0.496699,0.418568,0.61126,0.548838,0.992437,0.612302,0.374276,0.775764,0.00346829,0,0,0,0,0,0.0154341,0.00646023,0.219747,0.337241,0.963678,0.757747,0.0546875,-0.00872803,0.906967
318,1.03125,0.0139771,-0.081543,0.75,0.0135535,0.505407,0.420522,0.60544,0.543396,1.03597,0.614557,0.372077,0.0941577,0.00213703,0,0,0,0,0,0.0100848,0.0042409,0.143059,0.341388,0.963078,0.753162,0.03125,0.0139771,0.771606
319,1.07812,-0.00848389,-0.210938,0.3125,-0.00786911,0.496861,0.428089,0.624994,0.573877,1.08547,0.6441,0.402558,0.377336,0.00269011,0,0,0,0,0,0.0106888,0.00457577,0.144672,0.345802,0.963057,0.74613,0.078125,-0.00848389,0.864933
320,1,0.0217285,0.046875,0.363281,0.0217285,0.508668,0.411867,0.589939,0.517662,1.01679,0.539055,0.31801,0.0777714,0.00210502,0,0,0,0,0,-0.0126695,-0.00521816,0.204897,0.320894,0.972813,0.750692,0,0.0217285,0.658099
321,0.964844,0.00778198,0.507812,0.371094,0.00806554,0.503218,0.390796,0.564617,0.471514,1.03615,0.351858,0.198665,0.833607,0.00358126,0,0,0,0,0,-0.00681489,-0.00266323,0.168849,0.314426,0.978717,0.740494,-0.0351562,0.00778198,0.549886
322,1.03906,-0.00521851,-0.168945,0.5,-0.00502232,0.497996,0.414057,0.603363,0.53549,1.13757,0.550568,0.332193,0.238925,0.00241977,0,0,0,0,0,0.0131537,0.0054464,0.208279,0.31183,0.978223,0.745503,0.0390625,-0.00521851,0.728116
323,1.03906,0.00735474,0.433594,0.308594,0.00707824,0.502824,0.420344,0.607694,0.545981,1.0422,0.537374,0.326559,0.78053,0.0034776,0,0,0,0,0,-0.00257648,-0.00108301,0.0417981,0.33271,0.968441,0.748046,0.0390625,0.00735474,0.637561
324,1.07812,0.000972748,-0.074707,0.445312,0.000902259,0.50036,0.432817,0.628242,0.582018,1.1294,0.688656,0.432642,0.111951,0.00217178,0,0,0,0,0,0.0100041,0.00432996,0.126644,0.340648,0.960362,0.764566,0.078125,0.000972748,0.707034
325,1.02344,0.0351562,-1,0.496094,0.0343511,0.513701,0.427979,0.608293,0.553186,1.09109,0.465834,0.283364,1.41977,0.00472611,0,0,0,0,0,-0.0220884,-0.00945337,0.413371,0.321062,0.976103,0.739758,0.0234375,0.0351562,0.458964
326,1.01562,0.00254822,0.523438,0.632812,0.00250901,0.501001,0.408542,0.592384,0.517826,1.16176,0.576213,0.34134,0.658002,0.00323829,0,0,0,0,0,0.00457483,0.00186901,0.0692147,0.301572,0.982076,0.746663,0.015625,0.00254822,0.742625
327,0.976562,0.0178223,-0.416016,0.478516,0.01825,0.50728,0.400515,0.574928,0.490955,1.10954,0.49157,0.282617,0.601397,0.00312773,0,0,0,0,0,0.0038283,0.00153329,0.0678934,0.32204,0.972796,0.749096,-0.0234375,0.0178223,0.952112
328,1.03125,0.00224304,0.640625,0.314453,0.00217507,0.500868,0.414655,0.601379,0.533596,0.971087,0.513046,0.308535,1.14242,0.00418441,0,0,0,0,0,-0.005346,-0.00221675,0.0908404,0.354488,0.959617,0.743918,0.03125,0.00224304,0.786591
329,1.03125,-0.00695801,-0.796875,0.421875,-0.00674716,0.497308,0.410055,0.598216,0.526008,1.08714,0.569237,0.340527,1.22687,0.00434935,0,0,0,0,0,0.00227973,0.000934815,0.0349139,0.350621,0.959654,0.750201,0.03125,-0.00695801,0.62254
330,1.01562,-0.00628662,-0.265625,0.371094,-0.0061899,0.497531,0.404125,0.589347,0.510646,1.00884,0.618823,0.364701,0.436041,0.00280477,0,0,0,0,0,-0.0034013,-0.00137455,0.0479166,0.359151,0.952714,0.761262,0.015625,-0.00628662,0.719044
331,1.13281,-0.0522461,-0.396484,0.222656,-0.0461207,0.481607,0.428137,0.64205,0.59553,0.97721,0.672713,0.431916,0.84025,0.00359424,0,0,0,0,0,0.0292121,0.0125068,0.378565,0.393565,0.937229,0.754771,0.132812,-0.0522461,1.02363
332,1.0625,0.0317383,0.0537109,0.519531,0.0298713,0.511915,0.441934,0.629838,0.592002,1.10704,0.520161,0.327617,0.0745173,0.00209867,0,0,0,0,0,-0.0195788,-0.00865254,0.328137,0.341127,0.965217,0.746101,0.0625,0.0317383,0.696777
333,0.972656,0.00735474,0.137695,0.472656,0.0075615,0.503017,0.393715,0.569019,0.478794,1.05238,0.39692,0.225855,0.200284,0.0023443,0,0,0,0,0,-0.0136943,-0.00539167,0.300777,0.291379,0.988695,0.738856,-0.0273438,0.00735474,0.528983
334,0.960938,-0.0209961,-0.400391,0.498047,-0.0218496,0.491284,0.37484,0.55248,0.44574,1.08242,0.425072,0.234844,0.567347,0.00306122,0,0,0,0,0,0.00372345,0.0013957,0.0763641,0.297262,0.985219,0.742276,-0.0390625,-0.0209961,0.816982
335,1.07031,-0.0150146,0.503906,0.558594,-0.0140283,0.494404,0.421691,0.618212,0.560009,1.16083,0.633984,0.391936,0.67422,0.00326996,0,0,0,0,0,0.011775,0.00496539,0.161915,0.322591,0.972338,0.749838,0.0703125,-0.0150146,0.757945
336,0.992188,0.00283813,-0.129883,0.480469,0.00286048,0.501141,0.399289,0.578834,0.49448,1.01691,0.44829,0.259486,0.187378,0.0023191,0,0,0,0,0,-0.00684136,-0.00273168,0.133042,0.331625,0.968782,0.748522,-0.0078125,0.00283813,0.677968
337,1.07812,0.0380859,-0.0317383,0.378906,0.0353261,0.51409,0.451374,0.641167,0.614833,1.15417,0.642211,0.411765,0.0515605,0.00205383,0,0,0,0,0,-0.0183094,-0.00826437,0.248543,0.328602,0.970144,0.748425,0.078125,0.0380859,0.733708
338,1,-0.00686646,-0.632812,0.511719,-0.00686646,0.497261,0.397569,0.580048,0.494517,1.08283,0.374668,0.217325,0.884625,0.00368091,0,0,0,0,0,-0.00821815,-0.00326728,0.19122,0.280161,0.992805,0.739524,0,-0.00686646,0.50173
339,0.976562,0.0202637,-0.225586,0.414062,0.02075,0.508277,0.401736,0.575779,0.492913,0.990226,0.423382,0.243774,0.350573,0.00263784,0,0,0,0,0,-0.0159986,-0.00642722,0.329426,0.295311,0.986473,0.740837,-0.0234375,0.0202637,0.554645
340,1.08594,0.0380859,-0.196289,0.306641,0.0350719,0.513989,0.454506,0.645716,0.623525,1.00653,0.581463,0.37546,0.354471,0.00264545,0,0,0,0,0,-0.0183022,-0.00831848,0.274403,0.39608,0.937697,0.747551,0.0859375,0.0380859,0.862095
341,0.996094,-0.0268555,-0.972656,0.484375,-0.0269608,0.489246,0.386008,0.570969,0.475008,1.08062,0.533948,0.304868,1.39755,0.00468272,0,0,0,0,0,0.00159916,0.000617289,0.0261096,0.305164,0.981555,0.743699,-0.00390625,-0.0268555,0.659146
342,1.05469,0.0214844,0.117188,0.371094,0.0203704,0.508126,0.433674,0.621702,0.574587,0.998268,0.632933,0.393495,0.192371,0.00232885,0,0,0,0,0,0.0108159,0.00469057,0.148974,0.380888,0.939028,0.77517,0.0546875,0.0214844,0.735839
343,1,0.0351562,-0.308594,0.648438,0.0351562,0.514022,0.41858,0.594646,0.528813,0.979036,0.464683,0.276322,0.383224,0.00270161,0,0,0,0,0,-0.0190265,-0.00796414,0.356952,0.364387,0.954641,0.744598,0,0.0351562,0.674256
344,1.07031,-0.0554199,-0.0834961,0.337891,-0.0517792,0.479352,0.401488,0.604612,0.526748,1.01042,0.698931,0.422582,0.143641,0.00223367,0,0,0,0,0,0.0318132,0.0127726,0.396808,0.385017,0.940749,0.758413,0.0703125,-0.0554199,0.903125
345,1,0.0267334,0.652344,0.396484,0.0267334,0.510664,0.414369,0.591689,0.521798,1.1087,0.455472,0.269498,1.03601,0.00397658,0,0,0,0,0,-0.010715,-0.00443996,0.205086,0.343549,0.964638,0.744291,0,0.0267334,0.586682
346,1.00781,0.0380859,0.261719,0.519531,0.0377907,0.515073,0.423178,0.600227,0.539352,1.07561,0.543746,0.326371,0.363102,0.00266231,0,0,0,0,0,-0.0102111,-0.00432113,0.163714,0.400319,0.935469,0.747434,0.0078125,0.0380859,0.554157
347,1.03906,0.0698242,0.380859,0.490234,0.0671992,0.526788,0.451579,0.629704,0.60045,1.13001,0.629301,0.396273,0.543955,0.00301554,0,0,0,0,0,0.00753081,0.00340075,0.104325,0.333523,0.966693,0.752839,0.0390625,0.0698242,0.635325
348,1.125,0.0143433,0.496094,0.365234,0.0127496,0.505086,0.458299,0.660165,0.645857,1.13018,0.756079,0.499137,0.820877,0.0035564,0,0,0,0,0,-0.00342929,-0.00157164,0.0395406,0.377934,0.942522,0.765937,0.125,0.0143433,0.650811
349,1.03906,0.00534058,0.464844,0.361328,0.0051398,0.50205,0.419337,0.606998,0.54429,1.08822,0.673043,0.408536,0.773314,0.0034635,0,0,0,0,0,-0.0022591,-0.000947325,0.0292618,0.319501,0.972941,0.752273,0.0390625,0.00534058,0.648152
350,1.03125,0.0688477,-0.179688,0.738281,0.0667614,0.526614,0.447958,0.624807,0.59105,1.11182,0.502264,0.313818,0.209125,0.00236157,0,0,0,0,0,-0.0156577,-0.007014,0.271771,0.322744,0.974755,0.741708,0.03125,0.0688477,0.603521
351,1.0625,0.0483398,0.683594,0.671875,0.0454963,0.518144,0.450235,0.63569,0.606813,1.10956,0.644252,0.409545,0.833977,0.00358199,0,0,0,0,0,-0.010102,-0.00454828,0.136697,0.314044,0.975485,0.751442,0.0625,0.0483398,0.689877
352,1.00781,-0.0119629,0.107422,0.507812,-0.0118702,0.495265,0.398154,0.582854,0.498245,1.057,0.577259,0.336458,0.150744,0.00224755,0,0,0,0,0,0.00129427,0.000515318,0.0195461,0.331516,0.96863,0.749205,0.0078125,-0.0119629,0.78751
353,0.976562,-0.0020752,0.396484,0.363281,-0.002125,0.499152,0.390566,0.568042,0.475214,1.07133,0.382061,0.217027,0.657816,0.00323792,0,0,0,0,0,-0.00442801,-0.00172943,0.101038,0.297593,0.985214,0.741886,-0.0234375,-0.0020752,0.597382
354,1.46875,0.034668,-0.208008,0.216797,0.0236037,0.509416,0.606306,0.867435,1.12005,1.05157,1.09357,0.948598,0.446738,0.00282566,0,0,0,0,0,-0.0292012,-0.0177049,0.232789,0.646216,0.763222,0.753095,0.46875,0.034668,1.66686
355,1.73438,0.151367,-0.144531,0.291016,0.0872748,0.534773,0.771172,1.06364,1.72603,1.02161,1.4073,1.49686,0.267919,0.0024764,0,0,0,0,0,-0.0363709,-0.0280482,0.225306,0.654151,0.756408,0.764562,0.734375,0.151367,2.56477
356,1.03906,0.0712891,-0.53125,0.636719,0.068609,0.52735,0.452311,0.630229,0.601774,1.01164,0.525528,0.331203,0.665771,0.00325346,0,0,0,0,0,-0.0220682,-0.0099817,0.366082,0.278418,0.993922,0.738192,0.0390625,0.0712891,0.390966
357,1.03906,0.0324707,-0.361328,0.320312,0.03125,0.512465,0.432902,0.616447,0.567412,0.986234,0.54607,0.336624,0.638432,0.00320006,0,0,0,0,0,-0.0204582,-0.0088564,0.326608,0.335331,0.968854,0.742747,0.0390625,0.0324707,0.492361
358,1.03125,0.0639648,-0.253906,0.449219,0.0620265,0.524729,0.445516,0.623059,0.586687,1.09668,0.542023,0.337713,0.37883,0.00269303,0,0,0,0,0,-0.0156932,-0.00699159,0.252407,0.340372,0.965646,0.745816,0.03125,0.0639648,0.605269
359,1.03125,0.0222168,0.314453,0.482422,0.0215436,0.508594,0.424642,0.608308,0.55036,1.00827,0.590416,0.359155,0.452733,0.00283737,0,0,0,0,0,-0.00140702,-0.00059748,0.0207754,0.333437,0.96667,0.753056,0.03125,0.0222168,0.72795
360,1.05469,0.0212402,0.0427246,0.285156,0.0201389,0.508034,0.433552,0.621617,0.574375,1.01227,0.518967,0.322598,0.0800086,0.00210939,0,0,0,0,0,-0.0174323,-0.00755781,0.292834,0.421126,0.922489,0.754164,0.0546875,0.0212402,0.581151
361,1.02344,0.0371094,-1.67969,0.675781,0.0362595,0.514462,0.428956,0.608981,0.55486,1.04067,0.424432,0.258471,2.04327,0.00594388,0,0,0,0,0,-0.0182104,-0.00781144,0.374039,0.281646,0.992725,0.738113,0.0234375,0.0371094,0.449115
362,1,-0.0266113,-0.0927734,0.363281,-0.0266113,0.489385,0.387697,0.573326,0.479012,1.02562,0.525404,0.301228,0.153923,0.00225375,0,0,0,0,0,0.0069029,0.00267623,0.114537,0.358442,0.956875,0.746898,0,-0.0266113,0.583118
363,1.01562,0.0224609,0.398438,0.726562,0.0221154,0.508822,0.418498,0.599294,0.534295,1.13553,0.473184,0.283577,0.467438,0.00286609,0,0,0,0,0,-0.0176928,-0.0074044,0.325966,0.28386,0.991559,0.739039,0.015625,0.0224609,0.54922
364,1.04688,0.0198975,-0.0771484,0.40625,0.0190065,0.507582,0.429748,0.616599,0.564877,0.983053,0.569395,0.351089,0.12104,0.00218953,0,0,0,0,0,-0.0183234,-0.00787446,0.280543,0.381836,0.943931,0.752085,0.046875,0.0198975,0.693519
365,1.03125,0.0275879,-0.380859,0.667969,0.0267519,0.510671,0.427328,0.610186,0.554936,0.974725,0.556158,0.33936,0.466001,0.00286328,0,0,0,0,0,-0.0164851,-0.00704452,0.258404,0.363621,0.953403,0.75043,0.03125,0.0275879,0.541041
366,1.10938,0.0164795,0.114258,0.609375,0.0148548,0.505926,0.453102,0.651808,0.630154,1.08974,0.6966,0.454049,0.146367,0.002239,0,0,0,0,0,-0.00579874,-0.00262742,0.07257,0.334062,0.964907,0.758404,0.109375,0.0164795,0.806846
367,0.964844,0.022583,-0.761719,0.472656,0.0234059,0.509337,0.398196,0.569764,0.483192,1.01175,0.43882,0.250024,1.10795,0.0041171,0,0,0,0,0,-0.0161642,-0.00643651,0.321125,0.32917,0.971471,0.743196,-0.0351562,0.022583,0.630207
368,1.01562,0.0300293,-0.0864258,0.585938,0.0295673,0.511794,0.422283,0.601943,0.540658,1.18558,0.655885,0.394806,0.112906,0.00217364,0,0,0,0,0,0.00904204,0.0038183,0.120184,0.360283,0.954571,0.752062,0.015625,0.0300293,0.707258
369,1,-0.0131226,-0.138672,0.423828,-0.0131226,0.494765,0.394441,0.577908,0.489562,1.17025,0.414791,0.239711,0.213007,0.00236915,0,0,0,0,0,-0.0137474,-0.00542253,0.288933,0.317359,0.976959,0.742085,0,-0.0131226,0.731831
370,1.03125,0.0405273,0.423828,0.451172,0.0392992,0.515674,0.433797,0.614734,0.566078,1.02762,0.471411,0.289792,0.630985,0.00318552,0,0,0,0,0,-0.025351,-0.0109972,0.468817,0.285141,0.990983,0.739284,0.03125,0.0405273,0.53838
371,1.00781,-0.0203857,0.566406,0.59375,-0.0202277,0.491931,0.393942,0.579985,0.491574,1.10099,0.456046,0.2645,0.735066,0.0033888,0,0,0,0,0,-0.00209959,-0.000827117,0.0401358,0.395367,0.937731,0.748907,0.0078125,-0.0203857,0.761806
372,1.02344,0.0629883,-0.859375,0.90625,0.0615458,0.524538,0.441895,0.618163,0.577397,1.06262,0.493522,0.305077,0.902732,0.00371627,0,0,0,0,0,-0.0187444,-0.00828306,0.33111,0.345803,0.963567,0.744383,0.0234375,0.0629883,0.647818
373,1.25781,0.0500488,-0.111816,0.238281,0.0397904,0.51587,0.52941,0.750008,0.842786,1.08125,0.838301,0.628732,0.229066,0.00240052,0,0,0,0,0,-0.0343901,-0.0182065,0.357635,0.554925,0.837113,0.74384,0.257812,0.0500488,1.15347
374,1.0625,-0.0126953,0.21875,0.453125,-0.0119485,0.495233,0.419717,0.614453,0.553716,0.996238,0.743482,0.456835,0.324967,0.00258783,0,0,0,0,0,0.0260727,0.0109431,0.305718,0.373132,0.945508,0.763264,0.0625,-0.0126953,0.900957
375,1.00781,0.0170898,-0.102539,0.59375,0.0169574,0.506765,0.41268,0.592872,0.521802,0.983483,0.431652,0.255914,0.133072,0.00221303,0,0,0,0,0,-0.0102641,-0.00423579,0.207297,0.335836,0.969469,0.740002,0.0078125,0.0170898,0.453023
376,1.07031,-0.0395508,0.198242,0.429688,-0.0369526,0.485261,0.409422,0.609909,0.539616,1.04086,0.562249,0.342921,0.302426,0.0025438,0,0,0,0,0,0.00236551,0.000968494,0.0366778,0.333374,0.968495,0.746862,0.0703125,-0.0395508,0.955613
377,0.996094,-0.00692749,-0.78125,0.75,-0.00695466,0.497226,0.395972,0.577752,0.490591,1.13033,0.448604,0.259182,0.90211,0.00371506,0,0,0,0,0,0.00131545,0.00052088,0.0255633,0.293899,0.987597,0.739152,-0.00390625,-0.00692749,0.397205
378,1,0.00543213,0.417969,0.722656,0.00543213,0.502167,0.403718,0.58428,0.504371,1.00662,0.558963,0.32659,0.491675,0.00291343,0,0,0,0,0,-0.011673,-0.00471259,0.182056,0.330926,0.969254,0.747972,0,0.00543213,0.668273
379,1.03125,0.0123291,-0.125,0.298828,0.0119555,0.504769,0.419698,0.604867,0.542011,0.92622,0.536983,0.324804,0.228665,0.00239974,0,0,0,0,0,-0.00695138,-0.00291748,0.112854,0.366169,0.953314,0.746222,0.03125,0.0123291,0.676424
380,1,8.2016e-05,0.435547,0.333984,8.2016e-05,0.500033,0.401043,0.582435,0.500066,1.02731,0.582318,0.339162,0.753654,0.0034251,0,0,0,0,0,-0.00755466,-0.00302974,0.1131,0.343891,0.963314,0.748293,0,8.2016e-05,0.753702
381,0.992188,0.0393066,0.523438,0.585938,0.0396161,0.5158,0.417523,0.59156,0.524268,1.12816,0.471442,0.278886,0.683816,0.0032887,0,0,0,0,0,-0.0149765,-0.00625304,0.276943,0.325717,0.973147,0.742697,-0.0078125,0.0393066,0.809588
382,1.00781,-0.00485229,-0.443359,0.433594,-0.00481468,0.498079,0.401709,0.585289,0.503933,1.06542,0.452787,0.265011,0.673309,0.00326818,0,0,0,0,0,0.00681676,0.00273836,0.131248,0.311848,0.978813,0.743604,0.0078125,-0.00485229,0.655449
383,1.01562,0.0236816,0.249023,0.443359,0.0233173,0.509301,0.419109,0.599721,0.535317,0.960814,0.491878,0.294989,0.373992,0.00268358,0,0,0,0,0,-0.00549438,-0.00230274,0.0973796,0.341579,0.964514,0.747804,0.015625,0.0236816,0.727995
384,1.03125,0.00205994,-0.0439453,0.425781,0.00199751,0.500797,0.414564,0.601316,0.533444,0.988999,0.565797,0.340223,0.0673472,0.00208466,0,0,0,0,0,-0.00190773,-0.000790873,0.0293942,0.364967,0.950935,0.75734,0.03125,0.00205994,0.691219
385,1.04688,0.0603027,-0.0291748,0.738281,0.0576026,0.522967,0.449951,0.630846,0.600422,1.12039,0.622715,0.392837,0.0339545,0.00201944,0,0,0,0,0,0.00446892,0.00201079,0.0625633,0.332389,0.967022,0.753448,0.046875,0.0603027,0.788953
386,1.00781,0.0722656,0.3125,0.65625,0.0717054,0.528582,0.440268,0.612396,0.568864,1.02817,0.524227,0.321034,0.385758,0.00270656,0,0,0,0,0,-0.0215287,-0.00947842,0.358019,0.340342,0.965119,0.747663,0.0078125,0.0722656,0.532204
387,1.00781,0.0300293,-0.726562,0.347656,0.0297965,0.511885,0.41915,0.597394,0.532566,1.02405,0.374743,0.223869,1.23225,0.00435986,0,0,0,0,0,-0.0156713,-0.00656862,0.364568,0.299171,0.985745,0.738366,0.0078125,0.0300293,0.51784
388,1.04688,0.017334,0.320312,0.519531,0.0165578,0.506605,0.428466,0.615706,0.562677,1.0682,0.597895,0.368128,0.444394,0.00282108,0,0,0,0,0,0.00930605,0.00398733,0.13569,0.322622,0.972319,0.749857,0.046875,0.017334,0.740573
389,1.01562,0.000804901,-0.195312,0.353516,0.000792518,0.500316,0.40767,0.591784,0.516403,1.06528,0.453467,0.268354,0.328493,0.00259471,0,0,0,0,0,0.00879007,0.00358345,0.168987,0.336052,0.96831,0.743464,0.015625,0.000804901,0.752653
390,1.08594,0.0302734,0.249023,0.316406,0.0278777,0.51112,0.4506,0.642973,0.616454,1.03971,0.682577,0.438878,0.442708,0.00281779,0,0,0,0,0,-0.00328927,-0.00148215,0.0420102,0.382008,0.944026,0.751374,0.0859375,0.0302734,0.75556
391,1.04688,-0.0158691,0.695312,0.484375,-0.0151586,0.493953,0.411865,0.604271,0.534776,1.14128,0.598958,0.361933,0.999054,0.0039044,0,0,0,0,0,0.00138092,0.000568752,0.0200992,0.320914,0.974284,0.745779,0.046875,-0.0158691,0.773933
392,1.00781,-0.00701904,0.345703,0.302734,-0.00696463,0.497222,0.400626,0.584545,0.502194,1.00284,0.54571,0.318992,0.628308,0.00318029,0,0,0,0,0,0.00770438,0.00308657,0.123079,0.356281,0.957282,0.749137,0.0078125,-0.00701904,0.675063
393,0.980469,-0.000171661,-0.349609,0.427734,-0.000175081,0.49993,0.393084,0.570972,0.480525,1.17531,0.481943,0.275176,0.534559,0.00299719,0,0,0,0,0,-0.00467821,-0.00183893,0.0846234,0.326968,0.971915,0.744922,-0.0195312,-0.000171661,0.543483
394,1.02344,0.0286865,0.0371094,0.320312,0.0280296,0.511181,0.424744,0.606021,0.54767,0.984338,0.498963,0.302382,0.0655687,0.00208119,0,0,0,0,0,0.000338793,0.0001439,0.00591933,0.370076,0.951228,0.746801,0.0234375,0.0286865,0.824249
395,1.02344,-0.0167236,-0.435547,0.503906,-0.0163406,0.493481,0.402039,0.59033,0.510125,1.11937,0.499903,0.295108,0.613564,0.00315149,0,0,0,0,0,0.00862689,0.00346835,0.150444,0.346522,0.963797,0.742478,0.0234375,-0.0167236,0.719632
396,1.0625,0.00787354,-0.675781,0.396484,0.00741039,0.502956,0.430002,0.621524,0.571193,1.08927,0.673509,0.418602,1.07323,0.00404928,0,0,0,0,0,-0.00494003,-0.00212422,0.063943,0.360028,0.953096,0.758131,0.0625,0.00787354,0.709374
397,1.00781,0.012085,0.193359,0.40625,0.0119913,0.504784,0.410178,0.591133,0.517684,0.980189,0.555329,0.328273,0.303367,0.00254564,0,0,0,0,0,-0.00447344,-0.0018349,0.070226,0.323827,0.972311,0.74814,0.0078125,0.012085,0.74197
398,1.07031,-0.0253906,0.217773,0.431641,-0.0237226,0.490537,0.416503,0.614685,0.551312,1.07325,0.697734,0.428887,0.33147,0.00260053,0,0,0,0,0,0.0212387,0.00884596,0.265365,0.363794,0.953034,0.751489,0.0703125,-0.0253906,0.976562
399,1.00781,-0.0142212,0.3125,0.494141,-0.0141109,0.494371,0.397025,0.582083,0.49645,1.03114,0.446352,0.259814,0.444554,0.00282139,0,0,0,0,0,-0.00166971,-0.000662915,0.0326114,0.334135,0.967552,0.748914,0.0078125,-0.0142212,0.629657
400,1.10938,-0.0294189,-0.738281,0.355469,-0.0265185,0.489422,0.430153,0.636069,0.589614,0.990438,0.751604,0.478072,1.23829,0.00437165,0,0,0,0,0,0.0310076,0.013338,0.359655,0.418512,0.91963,0.77516,0.109375,-0.0294189,0.798408
401,0.992188,0.0300293,-0.105957,0.417969,0.0302657,0.512072,0.412884,0.588295,0.516564,1.05437,0.546384,0.321435,0.163892,0.00227323,0,0,0,0,0,-0.0126334,-0.00521614,0.201572,0.33431,0.967859,0.747598,-0.0078125,0.0300293,0.698834
402,1.04688,-0.00601196,0.0800781,0.279297,-0.00574277,0.497709,0.416793,0.607641,0.542944,1.02654,0.582695,0.354069,0.151524,0.00224907,0,0,0,0,0,0.0028558,0.00119028,0.0427261,0.331447,0.969611,0.745999,0.046875,-0.00601196,0.673425
403,1.03125,0.00927734,-0.178711,0.535156,0.00899621,0.503589,0.418172,0.60381,0.539454,1.13672,0.633555,0.382547,0.244293,0.00243026,0,0,0,0,0,-0.00364635,-0.0015248,0.0501742,0.341836,0.964164,0.748611,0.03125,0.00927734,0.647104
404,1.03906,0.0128174,-0.257812,0.333984,0.0123355,0.504921,0.423075,0.609587,0.550589,1.03294,0.543849,0.331523,0.446109,0.00282443,0,0,0,0,0,0.00479924,0.00203044,0.0769309,0.372853,0.948172,0.753109,0.0390625,0.0128174,0.884608
405,1.04688,0.043457,0.277344,0.519531,0.0415112,0.516556,0.441528,0.624866,0.585404,0.963992,0.641942,0.401128,0.38478,0.00270465,0,0,0,0,0,-0.00225378,-0.000995108,0.0306072,0.379287,0.940306,0.772871,0.046875,0.043457,0.603311
406,0.96875,0.00186157,0.0849609,0.722656,0.00192162,0.500767,0.389402,0.564847,0.470686,1.13103,0.395083,0.223161,0.0999432,0.00214833,0,0,0,0,0,-0.00922083,-0.00359061,0.203464,0.302202,0.984077,0.739672,-0.03125,0.00186157,0.743378
407,0.972656,0.0197754,0.310547,0.345703,0.0203313,0.50811,0.399925,0.573334,0.488652,1.00028,0.466244,0.267314,0.528172,0.00298471,0,0,0,0,0,-0.0111142,-0.00444484,0.207812,0.349374,0.961846,0.744568,-0.0273438,0.0197754,0.765985
408,1.0625,0.0527344,-0.535156,0.333984,0.0496324,0.519792,0.452432,0.637248,0.61078,0.938585,0.602208,0.383756,0.926014,0.00376175,0,0,0,0,0,-0.0110649,-0.00500611,0.16018,0.413651,0.927422,0.750732,0.0625,0.0527344,0.782864
409,1.03125,0.0559082,-1.02344,0.699219,0.054214,0.521618,0.441488,0.620185,0.579541,0.971995,0.470017,0.291498,1.22392,0.0043436,0,0,0,0,0,-0.0228233,-0.0100762,0.423323,0.282474,0.992334,0.738331,0.03125,0.0559082,0.494622
410,1.03906,0.0134888,0.390625,0.636719,0.0129817,0.505179,0.423411,0.60982,0.551157,0.984755,0.500549,0.305245,0.489538,0.00290925,0,0,0,0,0,-0.0168804,-0.00714736,0.293998,0.359337,0.957452,0.743356,0.0390625,0.0134888,0.534508
411,1.04688,0.0174561,-0.21582,0.367188,0.0166744,0.506652,0.428527,0.615749,0.562782,1.05383,0.580758,0.357601,0.356163,0.00264876,0,0,0,0,0,-0.0118856,-0.0050933,0.178415,0.366787,0.952223,0.749095,0.046875,0.0174561,0.840905
412,0.976562,-0.0275879,0.90625,0.318359,-0.02825,0.488731,0.37781,0.559348,0.455611,1.02558,0.417202,0.233361,1.60616,0.00509016,0,0,0,0,0,0.00851315,0.00321635,0.17789,0.314347,0.976973,0.746125,-0.0234375,-0.0275879,0.561953
413,1.07031,0.00756836,0.210938,0.679688,0.00707117,0.502821,0.432982,0.625968,0.57931,1.0307,0.663557,0.415366,0.255858,0.00245285,0,0,0,0,0,0.0102851,0.00445327,0.135126,0.361135,0.952977,0.75655,0.0703125,0.00756836,0.700363
414,1.01562,0.0134888,-0.18457,0.941406,0.0132812,0.505298,0.414012,0.59617,0.526825,1.07158,0.494157,0.294602,0.190228,0.00232466,0,0,0,0,0,-0.0156268,-0.00646969,0.275684,0.279447,0.993372,0.738659,0.015625,0.0134888,0.390206
415,0.996094,0.00698853,0.108398,0.492188,0.00701593,0.502799,0.40293,0.582543,0.501709,1.12207,0.584202,0.340323,0.15451,0.0022549,0,0,0,0,0,0.000183683,7.40113e-05,0.00274102,0.32473,0.972449,0.746379,-0.00390625,0.00698853,0.832782
416,1.01562,-0.0274658,0.144531,0.349609,-0.0270433,0.489213,0.393535,0.582136,0.493752,1.12941,0.675719,0.39336,0.244439,0.00243054,0,0,0,0,0,0.0204016,0.00802876,0.263212,0.342447,0.96318,0.751082,0.015625,-0.0274658,0.629794
417,1.00781,0.000134468,0.0263672,0.380859,0.000133426,0.500053,0.404202,0.587003,0.507952,0.935012,0.566878,0.332759,0.0427249,0.00203657,0,0,0,0,0,0.00020499,8.28574e-05,0.00315246,0.343757,0.962648,0.750847,0.0078125,0.000134468,0.640547
418,1,0.00276184,-0.115234,0.519531,0.00276184,0.501102,0.402383,0.583358,0.502219,1.04088,0.456482,0.266292,0.159873,0.00226538,0,0,0,0,0,-0.000897759,-0.000361243,0.0171452,0.313517,0.977755,0.744736,0,0.00276184,0.609534
419,1.03906,0.0169678,0.140625,0.390625,0.0163299,0.506514,0.42515,0.611029,0.554109,1.08126,0.611219,0.373472,0.225,0.00239258,0,0,0,0,0,-0.00818378,-0.00347934,0.116725,0.313262,0.977302,0.746539,0.0390625,0.0169678,0.63772
420,1.03125,-0.0157471,0.769531,0.427734,-0.0152699,0.493908,0.40566,0.595213,0.518838,1.15025,0.576945,0.343405,1.17663,0.00425123,0,0,0,0,0,0.0154867,0.00628232,0.234008,0.333996,0.968407,0.746223,0.03125,-0.0157471,0.624745
421,1.07812,0.0290527,-0.660156,0.410156,0.0269475,0.510749,0.446857,0.637996,0.60672,0.985896,0.62359,0.397848,1.03079,0.0039664,0,0,0,0,0,-0.00634761,-0.00283647,0.0887396,0.375333,0.948065,0.748813,0.078125,0.0290527,0.925395
422,1,-0.00408936,0.941406,0.730469,-0.00408936,0.498369,0.398958,0.581,0.496729,1.10191,0.481786,0.279918,1.10148,0.00410445,0,0,0,0,0,0.00269639,0.00107574,0.0487905,0.28468,0.990596,0.740949,0,-0.00408936,0.527
423,1.07031,-0.0294189,-0.168945,0.396484,-0.0274863,0.489036,0.414488,0.613322,0.547964,1.12429,0.599689,0.367802,0.268308,0.00247716,0,0,0,0,0,0.0169834,0.00703941,0.246891,0.348525,0.961229,0.748083,0.0703125,-0.0294189,0.907469
424,0.996094,0.0229492,-0.174805,0.398438,0.0230392,0.509191,0.410911,0.588091,0.514698,0.984152,0.444833,0.261602,0.276932,0.00249401,0,0,0,0,0,-0.00771442,-0.00316994,0.151186,0.321324,0.97517,0.742348,-0.00390625,0.0229492,0.639706
425,1.0625,0.00512695,-0.582031,0.294922,0.00482537,0.501925,0.428628,0.620575,0.568835,1.04411,0.595967,0.369842,1.07175,0.00404638,0,0,0,0,0,-0.0133138,-0.00570668,0.194754,0.382732,0.943013,0.753918,0.0625,0.00512695,0.847095
426,0.996094,-0.0137939,-0.332031,0.648438,-0.013848,0.494476,0.392539,0.575404,0.485177,1.11237,0.424696,0.244372,0.41233,0.00275846,0,0,0,0,0,-0.0128394,-0.00503998,0.263557,0.29913,0.985087,0.740393,-0.00390625,-0.0137939,0.518251
427,0.976562,-0.0251465,0.746094,0.433594,-0.02575,0.489728,0.379031,0.560173,0.457458,1.01429,0.532387,0.298229,1.13306,0.00416613,0,0,0,0,0,0.009552,0.0036205,0.156413,0.330887,0.967266,0.754922,-0.0234375,-0.0251465,0.724406
428,1.00781,0.00592041,0.081543,0.414062,0.00587452,0.502344,0.407095,0.588998,0.512646,1.0712,0.541017,0.318658,0.126722,0.00220063,0,0,0,0,0,-0.0112929,-0.00459727,0.18197,0.318969,0.975235,0.745398,0.0078125,0.00592041,0.736206
429,1,-0.00982666,-0.136719,0.4375,-0.00982666,0.49608,0.396089,0.579034,0.492167,1.08632,0.453459,0.262568,0.206699,0.00235683,0,0,0,0,0,0.000817349,0.000323743,0.0157136,0.294791,0.986564,0.741185,0,-0.00982666,0.492832
430,1.04688,0.0218506,-0.0878906,0.375,0.0208722,0.508326,0.430725,0.61728,0.566558,0.946164,0.622563,0.384295,0.143525,0.00223345,0,0,0,0,0,0.00252663,0.00108828,0.0353807,0.382348,0.942294,0.757611,0.046875,0.0218506,0.737414
431,0.949219,0.00811768,-0.558594,0.462891,0.00855195,0.503412,0.384698,0.555633,0.456721,1.08763,0.407375,0.226351,0.821026,0.00355669,0,0,0,0,0,-0.00508694,-0.00195693,0.10886,0.341597,0.965398,0.74476,-0.0507812,0.00811768,0.559013
432,0.984375,0.0263672,0.332031,0.265625,0.0267857,0.510685,0.40792,0.582462,0.505661,0.976573,0.519455,0.302563,0.644235,0.0032114,0,0,0,0,0,0.0014024,0.000572069,0.023536,0.387535,0.93983,0.7569,-0.015625,0.0263672,0.683762
433,1.03125,0.0217285,-0.138672,0.371094,0.0210701,0.508405,0.424398,0.608138,0.549945,1.06606,0.567207,0.34494,0.227639,0.00239773,0,0,0,0,0,-0.00421805,-0.00179013,0.0648302,0.310584,0.977464,0.749654,0.03125,0.0217285,0.860202
434,0.976562,-0.010437,0.24707,0.427734,-0.0106875,0.495736,0.386385,0.565176,0.468717,1.05805,0.551014,0.31142,0.377775,0.00269097,0,0,0,0,0,-0.00828934,-0.00320288,0.131149,0.333351,0.969583,0.74328,-0.0234375,-0.010437,0.629978
435,1.05469,0.00248718,0.566406,0.466797,0.00235822,0.500941,0.424176,0.615114,0.55829,1.04933,0.598748,0.368298,0.829018,0.0035723,0,0,0,0,0,0.000118594,5.03049e-05,0.00172674,0.325821,0.968552,0.758191,0.0546875,0.00248718,0.800144
436,0.992188,-0.0203857,0.53125,0.427734,-0.0205463,0.491804,0.387677,0.570886,0.476204,0.936677,0.613769,0.350392,0.812291,0.00353963,0,0,0,0,0,0.00876798,0.00339914,0.124538,0.365018,0.950212,0.760105,-0.0078125,-0.0203857,0.72493
437,1.125,-0.00634766,-0.0688477,0.359375,-0.00564236,0.497749,0.447954,0.653026,0.627105,1.09937,0.696207,0.454641,0.114846,0.00217743,0,0,0,0,0,0.0203799,0.00912926,0.255194,0.33294,0.968107,0.748835,0.125,-0.00634766,1.10412
438,1.16406,0.090332,0.170898,0.558594,0.0776007,0.530927,0.511958,0.709812,0.765933,1.04292,0.727493,0.516383,0.22866,0.00239973,0,0,0,0,0,-0.0220174,-0.011272,0.263842,0.52396,0.859018,0.747457,0.164062,0.090332,0.928263
439,1.07031,-0.00149536,-0.03125,0.402344,-0.00139713,0.499443,0.42845,0.622842,0.571502,1.08185,0.647041,0.403005,0.0492665,0.00204935,0,0,0,0,0,0.0234069,0.0100287,0.315369,0.340106,0.963965,0.752068,0.0703125,-0.00149536,1.03822
440,1,0.0161133,-0.433594,0.449219,0.0161133,0.506428,0.409059,0.587983,0.513053,1.17632,0.508283,0.298862,0.646925,0.00321665,0,0,0,0,0,0.00861331,0.00352335,0.147731,0.325136,0.973039,0.743872,0,0.0161133,0.775426
441,1.02344,0.0373535,1.17188,0.443359,0.0364981,0.514557,0.429078,0.609067,0.55507,1.14727,0.510439,0.310892,1.75996,0.00539055,0,0,0,0,0,-0.0186695,-0.00801067,0.318857,0.323977,0.972809,0.746272,0.0234375,0.0373535,0.743403
442,1.03125,-0.0383301,0.527344,0.5625,-0.0371686,0.485175,0.394369,0.587575,0.500771,1.04349,0.523398,0.307536,0.703125,0.00332642,0,0,0,0,0,0.00348653,0.00137498,0.0580722,0.344123,0.963758,0.746386,0.03125,-0.0383301,0.743915
443,1.03906,0.024292,-0.621094,0.265625,0.0233788,0.509326,0.428813,0.613583,0.560364,0.921427,0.503523,0.308953,1.2051,0.00430683,0,0,0,0,0,-0.0153871,-0.00659817,0.266406,0.368511,0.953386,0.741854,0.0390625,0.024292,0.543238
444,0.972656,0.02771,0.527344,0.664062,0.028489,0.511364,0.403892,0.576108,0.49503,1.13456,0.415162,0.239178,0.647127,0.00321704,0,0,0,0,0,-0.0211552,-0.00854443,0.444229,0.286342,0.990323,0.739862,-0.0273438,0.02771,0.605548
445,1.00781,0.0195312,0.00872803,0.511719,0.0193798,0.507731,0.413901,0.593722,0.52382,1.0461,0.504024,0.29925,0.0122011,0.00197696,0,0,0,0,0,-0.00521489,-0.00215845,0.0901989,0.347135,0.962848,0.744723,0.0078125,0.0195312,0.520704
446,1,-0.0062561,-0.0600586,0.4375,-0.0062561,0.497504,0.397874,0.580257,0.495002,1.11102,0.540735,0.313765,0.0908001,0.00213047,0,0,0,0,0,0.00763978,0.00303967,0.12317,0.310629,0.979162,0.744112,0,-0.0062561,0.769288
447,1.0625,-0.00349426,-0.217773,0.375,-0.00328872,0.498688,0.424318,0.617605,0.561482,1.12454,0.606531,0.374597,0.355623,0.0026477,0,0,0,0,0,0.00677222,0.00287357,0.0973385,0.334367,0.968319,0.745961,0.0625,-0.00349426,0.863208
448,0.992188,0.0194092,-0.335938,0.46875,0.019562,0.507804,0.407574,0.58458,0.507851,1.04165,0.553463,0.323544,0.490668,0.00291146,0,0,0,0,0,9.12516e-05,3.71918e-05,0.00143734,0.369383,0.950947,0.749094,-0.0078125,0.0194092,0.516054
449,1,0.0235596,-0.621094,0.345703,0.0235596,0.509398,0.412782,0.590579,0.519172,0.999946,0.491875,0.290491,1.05634,0.0040163,0,0,0,0,0,-0.0192581,-0.0079494,0.341323,0.344883,0.963556,0.745876,0,0.0235596,0.671041
450,1.08594,0.0150757,-0.451172,0.308594,0.0138826,0.505538,0.443001,0.63767,0.602874,1.06086,0.690666,0.440417,0.812173,0.0035394,0,0,0,0,0,0.0118858,0.00526543,0.150026,0.344278,0.959832,0.760322,0.0859375,0.0150757,0.806447
451,1.01562,-0.0272217,0.251953,0.439453,-0.0268029,0.489308,0.393657,0.582219,0.493945,1.02762,0.545874,0.317818,0.38007,0.00269545,0,0,0,0,0,0.0151579,0.00596702,0.242077,0.347679,0.960876,0.750725,0.015625,-0.0272217,0.542176
452,1.04688,0.0678711,-0.285156,0.494141,0.0648321,0.525846,0.453735,0.63355,0.607261,0.999943,0.631191,0.399892,0.405656,0.00274542,0,0,0,0,0,-0.0222877,-0.0101127,0.30783,0.327304,0.971361,0.74626,0.046875,0.0678711,0.541769
453,1.03125,-0.00598145,-0.129883,0.376953,-0.00580019,0.497686,0.410543,0.598551,0.526809,1.0276,0.583467,0.349235,0.211548,0.0023663,0,0,0,0,0,0.0146008,0.00599424,0.218155,0.351604,0.958567,0.75247,0.03125,-0.00598145,0.685496
454,0.992188,-0.0266113,0.137695,0.351562,-0.0268209,0.489301,0.384564,0.568777,0.471396,1.11822,0.545943,0.31052,0.23223,0.0024067,0,0,0,0,0,0.027115,0.0104274,0.432981,0.323764,0.972065,0.749054,-0.0078125,-0.0266113,1.0928
455,1.07031,0.0302734,-0.0673828,0.478516,0.0282847,0.511282,0.444335,0.633874,0.599229,0.968941,0.701397,0.444597,0.0974094,0.00214338,0,0,0,0,0,-0.00830073,-0.0036883,0.103171,0.380166,0.941357,0.7662,0.0703125,0.0302734,0.588451
456,0.996094,0.012085,-0.714844,0.386719,0.0121324,0.50484,0.405478,0.584308,0.505829,1.1062,0.39687,0.231895,1.14951,0.00419827,0,0,0,0,0,-0.00414808,-0.00168196,0.0911182,0.303962,0.983009,0.740731,-0.00390625,0.012085,0.622185
457,1.00781,0.0319824,-0.589844,0.511719,0.0317345,0.512658,0.420126,0.598079,0.534205,1.11481,0.438209,0.262084,0.824558,0.00356359,0,0,0,0,0,-0.0133685,-0.00561644,0.265954,0.299863,0.984188,0.742228,0.0078125,0.0319824,0.764926
458,1.02344,0.0305176,0.396484,0.558594,0.0298187,0.511894,0.42566,0.606663,0.549227,1.20689,0.672515,0.40799,0.530491,0.00298924,0,0,0,0,0,0.0243878,0.0103809,0.316138,0.346502,0.960838,0.752816,0.0234375,0.0305176,0.942391
459,1.04688,0.0368652,-0.455078,0.431641,0.0352146,0.514046,0.438232,0.622541,0.579605,0.986146,0.532604,0.331568,0.692667,0.00330599,0,0,0,0,0,-0.0232189,-0.0101753,0.380053,0.381806,0.945242,0.747106,0.046875,0.0368652,0.550085
460,1,0.00759888,-0.886719,0.316406,0.00759888,0.503031,0.404802,0.585029,0.506123,0.965667,0.442502,0.258877,1.57639,0.00503201,0,0,0,0,0,-0.0148984,-0.0060309,0.293515,0.329676,0.971639,0.741924,0,0.00759888,0.516864
461,1.0625,0.0078125,0.228516,0.277344,0.00735294,0.502933,0.429971,0.621503,0.571141,0.986249,0.62959,0.391292,0.433917,0.00280062,0,0,0,0,0,0.00183164,0.000787554,0.0253624,0.378984,0.943568,0.759314,0.0625,0.0078125,0.765153
462,1.03125,0.0178223,0.570312,0.470703,0.0172822,0.506894,0.422445,0.606776,0.546637,0.991701,0.591952,0.359183,0.831265,0.00357669,0,0,0,0,0,0.00508158,0.00214669,0.0748374,0.364484,0.952063,0.753891,0.03125,0.0178223,0.715372
463,1.03906,0.0246582,-0.339844,0.359375,0.0237312,0.509466,0.428996,0.613711,0.560678,1.03669,0.469658,0.288234,0.566899,0.00306035,0,0,0,0,0,-0.010728,-0.00460228,0.199134,0.344111,0.964338,0.744431,0.0390625,0.0246582,0.460251
464,1.03906,0.0131836,-0.376953,0.5,0.012688,0.505062,0.423258,0.609714,0.550899,1.11166,0.501148,0.305557,0.533092,0.00299432,0,0,0,0,0,-0.0020366,-0.000862006,0.0354279,0.327557,0.971424,0.745685,0.0390625,0.0131836,0.634609
465,0.992188,0.00662231,-0.186523,0.335938,0.00667446,0.502663,0.401181,0.580141,0.49751,1.03702,0.397298,0.230489,0.321813,0.00258167,0,0,0,0,0,-0.0125553,-0.00503695,0.275498,0.292994,0.987687,0.739955,-0.0078125,0.00662231,0.576789
466,1.00781,0.0164795,-0.0109253,0.380859,0.0163517,0.506523,0.412375,0.59266,0.521299,1.12106,0.554601,0.32869,0.0177032,0.0019877,0,0,0,0,0,-0.00180696,-0.000745146,0.0284037,0.31559,0.975442,0.749422,0.0078125,0.0164795,0.714404
467,1.05469,-0.0598145,0.166016,0.404297,-0.056713,0.477387,0.393025,0.594061,0.507377,1.02243,0.641212,0.380919,0.261095,0.00246308,0,0,0,0,0,0.0175796,0.0069092,0.239009,0.345179,0.959488,0.760074,0.0546875,-0.0598145,0.766059
468,0.972656,0.0270996,-1.02344,0.472656,0.0278614,0.511114,0.403587,0.575894,0.494537,1.14025,0.445513,0.256568,1.48864,0.00486062,0,0,0,0,0,0.00187937,0.000758488,0.0367754,0.319797,0.976295,0.740877,-0.0273438,0.0270996,0.695925
469,1.02344,0.0107422,0.507812,0.275391,0.0104962,0.504187,0.415772,0.599767,0.532587,0.958105,0.480636,0.28827,0.967673,0.00384311,0,0,0,0,0,-0.0107432,-0.00446672,0.19486,0.351701,0.959972,0.747275,0.0234375,0.0107422,0.54817
470,1.02344,0.019165,0.213867,0.328125,0.0187261,0.50747,0.419983,0.602694,0.539627,0.989585,0.546157,0.329166,0.373357,0.00268234,0,0,0,0,0,-0.00354661,-0.00148952,0.0566113,0.345948,0.9608,0.753877,0.0234375,0.019165,0.730763
471,0.960938,-0.0205078,1.3125,0.431641,-0.0213415,0.491487,0.375084,0.552646,0.446106,1.04174,0.522783,0.288914,1.99774,0.00585495,0,0,0,0,0,0.0109879,0.00412138,0.183231,0.317092,0.975139,0.748327,-0.0390625,-0.0205078,0.646844
472,1.04688,-0.0140381,0.773438,0.353516,-0.0134095,0.494651,0.41278,0.604895,0.536286,1.0124,0.626437,0.378928,1.30083,0.00449381,0,0,0,0,0,0.00829034,0.00342209,0.115372,0.357228,0.956037,0.752031,0.046875,-0.0140381,0.878635
473,1.01562,0.0146484,-0.0844727,0.53125,0.0144231,0.505754,0.414592,0.596573,0.527786,0.9567,0.517387,0.308659,0.115896,0.00217948,0,0,0,0,0,0.00558827,0.00231685,0.0941604,0.379714,0.94508,0.751796,0.015625,0.0146484,0.819786
474,0.988281,0.0202637,-0.875,0.402344,0.020504,0.508179,0.406435,0.582604,0.504616,1.04795,0.395221,0.230257,1.37946,0.00464738,0,0,0,0,0,-0.0145818,-0.00592657,0.321646,0.287757,0.988978,0.742235,-0.0117188,0.0202637,0.579836
475,1.0625,0.0275879,0.585938,0.335938,0.0259651,0.510357,0.439859,0.628384,0.588342,1.03509,0.620259,0.389761,1.01093,0.0039276,0,0,0,0,0,-0.00502255,-0.00220921,0.0705925,0.35604,0.956139,0.753736,0.0625,0.0275879,0.714246
476,1.07812,0.00294495,0.0361328,0.451172,0.00273154,0.50109,0.433803,0.628922,0.583727,1.07257,0.645268,0.405823,0.0537936,0.00205819,0,0,0,0,0,-0.0083156,-0.00360733,0.112347,0.329499,0.969541,0.749133,0.078125,0.00294495,0.944715
477,1.02344,-0.0334473,-0.378906,0.617188,-0.0326813,0.486964,0.393677,0.584668,0.496818,1.06019,0.648,0.378865,0.482307,0.00289513,0,0,0,0,0,0.0129614,0.0051026,0.174375,0.363357,0.95212,0.755751,0.0234375,-0.0334473,0.699267
478,0.996094,0.0341797,-0.451172,0.734375,0.0343137,0.513687,0.416526,0.592028,0.523991,1.08228,0.467818,0.276961,0.526481,0.00298141,0,0,0,0,0,-0.0109797,-0.00457333,0.204607,0.326517,0.972141,0.744827,-0.00390625,0.0341797,0.597249
479,1,-0.00408936,0.365234,0.558594,-0.00408936,0.498369,0.398958,0.581,0.496729,1.1522,0.603272,0.350502,0.488679,0.00290758,0,0,0,0,0,0.00331502,0.00132255,0.0479049,0.322818,0.972658,0.748439,0,-0.00408936,0.728091
480,0.953125,-0.0546875,-0.5,0.628906,-0.057377,0.477122,0.354862,0.536646,0.413915,1.11587,0.538344,0.2889,0.630488,0.00318455,0,0,0,0,0,0.0178101,0.00632012,0.288412,0.289552,0.987759,0.743817,-0.046875,-0.0546875,0.843842
481,1.05469,0.0122681,0.0864258,0.361328,0.0116319,0.50464,0.429066,0.618496,0.566635,1.03174,0.6329,0.391446,0.143778,0.00223394,0,0,0,0,0,0.0182749,0.00784115,0.251725,0.394683,0.93655,0.755165,0.0546875,0.0122681,0.767281
482,0.976562,-0.00579834,-0.376953,0.488281,-0.0059375,0.497631,0.388705,0.566764,0.472313,1.06603,0.468993,0.265808,0.539451,0.00300674,0,0,0,0,0,-0.00945111,-0.00367369,0.175681,0.359561,0.956307,0.747004,-0.0234375,-0.00579834,0.55699
483,1.02344,-0.0161133,-0.316406,0.404297,-0.0157443,0.493719,0.402344,0.590538,0.510616,0.997528,0.396832,0.234344,0.497617,0.00292503,0,0,0,0,0,-0.00387312,-0.00155833,0.0850867,0.285488,0.990987,0.73888,0.0234375,-0.0161133,0.462357
484,1.03906,0.00506592,0.40625,0.535156,0.00487547,0.501945,0.419199,0.606903,0.54406,1.03543,0.650385,0.394721,0.555332,0.00303776,0,0,0,0,0,0.0169727,0.00711494,0.227503,0.349554,0.9584,0.756611,0.0390625,0.00506592,0.83183
485,1.01562,0.0206299,0.283203,0.373047,0.0203125,0.508103,0.417583,0.598655,0.532764,1.06334,0.584209,0.34974,0.463678,0.00285875,0,0,0,0,0,-0.017865,-0.0074601,0.266588,0.322994,0.973186,0.746435,0.015625,0.0206299,0.594469
486,1.03906,-0.00154877,0.382812,0.367188,-0.00149054,0.499405,0.415892,0.604624,0.538536,1.06295,0.597658,0.361358,0.631746,0.003187,0,0,0,0,0,0.0164763,0.00685236,0.240333,0.332027,0.969052,0.747008,0.0390625,-0.00154877,0.748995
487,1.02344,0.0197754,0.116699,0.470703,0.0193225,0.507708,0.420289,0.602907,0.540139,1.04863,0.557553,0.336153,0.170096,0.00228534,0,0,0,0,0,-0.0111741,-0.00469636,0.174717,0.333912,0.968266,0.746825,0.0234375,0.0197754,0.651509
488,1.03125,0.0549316,-0.9375,0.570312,0.053267,0.52124,0.441,0.619838,0.578679,1.00638,0.483301,0.299568,1.24141,0.00437775,0,0,0,0,0,-0.0221913,-0.00978635,0.400287,0.293526,0.987687,0.739326,0.03125,0.0549316,0.512745
489,0.976562,0.0158691,-0.855469,0.423828,0.01625,0.506483,0.399538,0.574248,0.489392,1.07484,0.416393,0.239113,1.31404,0.00451961,0,0,0,0,0,-0.0157852,-0.00630681,0.330487,0.327356,0.972717,0.741763,-0.0234375,0.0158691,0.730612
490,1.03125,0.0393066,-0.169922,0.445312,0.0381155,0.515202,0.433187,0.614304,0.56502,1.07473,0.550682,0.338286,0.254634,0.00245046,0,0,0,0,0,0.00518267,0.00224506,0.0820464,0.336338,0.966686,0.7485,0.03125,0.0393066,0.634668
491,1.03906,0.0290527,-0.671875,0.394531,0.0279605,0.511153,0.431193,0.615249,0.564458,1.03989,0.522082,0.32121,1.06966,0.00404231,0,0,0,0,0,-0.00417388,-0.00179975,0.0696961,0.317813,0.974306,0.750078,0.0390625,0.0290527,0.698262
492,1.07031,-0.0111084,0.306641,0.332031,-0.0103786,0.49586,0.423644,0.619546,0.563311,1.01,0.685517,0.424709,0.532158,0.0029925,0,0,0,0,0,0.0246641,0.0104488,0.313657,0.376144,0.945137,0.758677,0.0703125,-0.0111084,0.935946
493,1.03125,-0.0177002,-0.4375,0.425781,-0.0171638,0.493153,0.404684,0.594548,0.517256,1.09555,0.530685,0.315518,0.670478,0.00326265,0,0,0,0,0,0.000316921,0.000128253,0.0052062,0.303381,0.981586,0.745892,0.03125,-0.0177002,0.818232
494,1.00781,0.020874,-0.261719,0.408203,0.0207122,0.508262,0.414572,0.594191,0.524933,1.04661,0.575025,0.341674,0.409635,0.00275319,0,0,0,0,0,0.00416569,0.00172698,0.063155,0.410217,0.926599,0.762698,0.0078125,0.020874,0.713585
495,0.988281,0.0151367,0.734375,0.613281,0.0153162,0.50611,0.403871,0.580818,0.500462,1.0702,0.416278,0.241782,0.937752,0.00378467,0,0,0,0,0,-0.008968,-0.00362192,0.18781,0.298435,0.985495,0.740009,-0.0117188,0.0151367,0.598417
496,1.03125,0.0209961,-0.28125,0.464844,0.0203598,0.508122,0.424032,0.607882,0.549324,1.11567,0.617837,0.375572,0.412514,0.00275882,0,0,0,0,0,-0.00612008,-0.00259511,0.0863554,0.33773,0.967091,0.744995,0.03125,0.0209961,0.757795
497,0.980469,-0.000816345,0.00946045,0.318359,-0.000832607,0.499668,0.392762,0.57075,0.480018,1.0992,0.432499,0.246849,0.0167669,0.00198587,0,0,0,0,0,0.00464158,0.00182304,0.0935596,0.303298,0.983463,0.740174,-0.0195312,-0.000816345,0.588757
498,0.96875,0.010437,-0.00750732,0.451172,0.0107737,0.504298,0.39369,0.567812,0.477402,1.01845,0.413535,0.23481,0.0111767,0.00197495,0,0,0,0,0,-0.00206395,-0.000812556,0.0435105,0.324352,0.973675,0.742923,-0.03125,0.010437,0.627299
499,1.01562,0.026123,-0.835938,0.648438,0.0257212,0.51026,0.42033,0.600574,0.537366,1.06172,0.541123,0.324985,1.0381,0.00398067,0,0,0,0,0,-0.0120223,-0.00505334,0.193686,0.359824,0.957258,0.743213,0.015625,0.026123,0.511477
500,0.988281,0.0103149,0.53125,0.5,0.0104373,0.504164,0.401461,0.579144,0.496579,0.999223,0.544822,0.315531,0.751301,0.00342051,0,0,0,0,0,0.00292557,0.0011745,0.0468126,0.314198,0.973673,0.757433,-0.0117188,0.0103149,0.67753
501,1.01562,0.00233459,-0.640625,0.503906,0.00229868,0.500917,0.408435,0.592311,0.517651,1.05731,0.41626,0.246555,0.902462,0.00371575,0,0,0,0,0,0.00328305,0.00134091,0.0687575,0.289824,0.988913,0.740021,0.015625,0.00233459,0.504254
502,1.01562,-0.015625,-0.238281,0.5,-0.0153846,0.493863,0.399456,0.586155,0.503142,1.00468,0.499996,0.293075,0.336981,0.00261129,0,0,0,0,0,0.0119976,0.0047925,0.209187,0.356134,0.957642,0.748095,0.015625,-0.015625,0.676761
503,0.972656,0.0314941,-0.398438,0.402344,0.0323795,0.512915,0.405785,0.577436,0.498094,1.08019,0.365923,0.211297,0.628147,0.00317998,0,0,0,0,0,-0.00490859,-0.00199183,0.116943,0.354964,0.958341,0.747587,-0.0273438,0.0314941,0.628506
504,1.01562,-0.000782013,0.730469,0.601562,-0.000769982,0.499693,0.406877,0.591237,0.51511,1.20625,0.546234,0.322954,0.941806,0.00379259,0,0,0,0,0,-0.00803496,-0.00326924,0.128236,0.298031,0.983225,0.747527,0.015625,-0.000782013,0.709144
505,1,0.0419922,-0.412109,0.710938,0.0419922,0.516748,0.421998,0.597057,0.53456,1.17954,0.576173,0.344008,0.488761,0.00290774,0,0,0,0,0,0.0229496,0.00968468,0.347239,0.349192,0.960775,0.748587,0,0.0419922,0.728211
506,1,0.012146,1.14062,0.929688,0.012146,0.504845,0.407075,0.586604,0.509815,1.13735,0.370327,0.217235,1.18297,0.00426362,0,0,0,0,0,-0.0156116,-0.0063551,0.36751,0.272249,0.996189,0.738288,0,0.012146,0.556551
507,0.996094,0.000846863,-0.111328,0.4375,0.000850184,0.500339,0.399859,0.580423,0.496778,1.03522,0.399968,0.23215,0.168312,0.00228186,0,0,0,0,0,-0.00170087,-0.000680107,0.0370725,0.305281,0.981813,0.742747,-0.00390625,0.000846863,0.778722
508,0.972656,-0.00171661,0.0693359,0.800781,-0.00176487,0.499296,0.389179,0.565891,0.471692,1.22263,0.397062,0.224694,0.0774821,0.00210446,0,0,0,0,0,-0.0126214,-0.004912,0.277113,0.282564,0.991954,0.739337,-0.0273438,-0.00171661,0.55475
509,1.10938,-0.0270996,0.0612793,0.380859,-0.0244278,0.490256,0.431312,0.636853,0.591612,1.10953,0.758305,0.482929,0.0992959,0.00214706,0,0,0,0,0,0.0303322,0.0130826,0.348712,0.378509,0.944921,0.754805,0.109375,-0.0270996,0.926775
510,0.992188,0.0324707,-0.0932617,0.535156,0.0327264,0.513054,0.414105,0.589152,0.518583,1.11659,0.560736,0.330359,0.127486,0.00220212,0,0,0,0,0,-0.00383062,-0.00158628,0.0595549,0.308761,0.979642,0.745054,-0.0078125,0.0324707,0.723078
511,0.984375,-0.0155029,0.335938,0.507812,-0.015749,0.493717,0.386985,0.567997,0.472378,1.05102,0.540776,0.307159,0.471419,0.00287386,0,0,0,0,0,0.0117655,0.00455309,0.189671,0.311564,0.976966,0.749954,-0.015625,-0.0155029,0.7655
