k,gamma,beta,running_mean,running_var,on_ratio,p_on,act_mean,act_std,act_second,pre_row_norm,final_col_norm,effective_contribution,mean_over_std,bn_input_rounding_noise,dead,mostly_off,flat,always_on,negative_gamma,mean_row_component,shared_contribution,column_shared_fraction,pre_row_rel_change,pre_row_cos_ref,pre_row_norm_ratio_ref,gamma_delta,beta_delta,final_col_rel_change,pre_row_velocity_norm,pre_row_velocity_cos_w,gamma_velocity,beta_velocity,final_col_velocity_norm
0,2.16373,2.28422,0.921499,0.39617,1.05568,0.854443,2.44872,1.89514,9.58779,0.831954,1.14537,2.17063,1.46404,0.00481259,0,0,0,0,0,-0.109603,-0.268388,0.834229,1.79109,0.616804,2.22567,0.0699849,-0.0751593,0.291618,0.00697527,-0.00522595,0.000474466,-0.000274216,0.0235148
1,0.868334,-0.22863,0.252856,0.165093,-0.263297,0.396161,0.244428,0.428213,0.243111,0.423664,0.32851,0.140672,0.622313,0.00316858,0,0,0,0,0,-0.00740644,-0.00181034,0.196548,1.56351,0.539326,1.85669,-0.0301031,-0.0274581,0.408618,0.00056881,-0.000763182,-2.6464e-05,-3.78239e-05,0.000253783
2,1.3485,1.34908,0.312266,0.360401,1.00043,0.841448,1.46243,1.16732,3.50136,0.58385,1.33854,1.56251,0.520155,0.00296905,0,0,0,0,0,-0.151586,-0.221685,0.987266,1.04475,0.612583,1.29578,-0.167121,-0.338423,0.273092,0.0216659,-0.0123992,0.000871749,-0.00126691,0.0132387
3,1.20284,0.787833,-0.0532217,0.026356,0.654979,0.743759,0.974658,0.944775,1.84256,0.300015,0.530545,0.501246,0.32783,0.00259342,0,0,0,0,0,-0.0542049,-0.0528313,0.890683,0.858136,0.728942,1.24639,-0.000287771,-0.0129487,0.138887,0.00726553,-0.00858471,8.82105e-05,0.000271504,0.0134733
4,1.01895,0.21483,0.773359,0.108184,0.210834,0.583492,0.52103,0.668191,0.717951,0.452015,0.428958,0.286625,2.35125,0.00654541,0,0,0,0,0,-0.0421258,-0.0219488,0.856132,0.895545,0.78953,1.44173,-0.0435474,-0.0586075,0.351152,0.00484843,-0.00854032,0.000120363,0.000193718,0.00454816
5,1.23189,0.423581,-0.0354264,0.164408,0.343846,0.634519,0.734384,0.856509,1.27293,0.423159,0.682331,0.584423,0.0873706,0.00212377,0,0,0,0,0,-0.0699318,-0.0513568,0.893484,0.528996,0.857036,0.976815,-0.0337323,-0.111575,0.270962,0.00358186,-0.00403041,-3.01719e-05,-0.000144803,0.0022997
6,1.45336,0.551403,-0.108554,0.0460338,0.3794,0.647805,0.899353,1.02672,1.86299,0.415753,0.59469,0.610581,0.505949,0.00294131,0,0,0,0,0,-0.0481834,-0.0433339,0.70634,0.642797,0.861919,1.257,0.008044,-0.0110965,0.200679,0.0140434,-0.0166152,-0.000464641,-0.000348963,0.0109348
7,1.01515,-0.450855,-0.238037,0.0706417,-0.444128,0.328475,0.219223,0.437619,0.23957,0.602612,0.512851,0.224434,0.895599,0.00370234,0,0,0,0,0,-0.00296003,-0.000648908,0.0503167,0.700291,0.887991,1.41613,-0.00829053,-0.00163612,0.334149,0.0221881,-0.0192144,-0.00352784,-0.00184807,0.0126138
8,1.30799,-0.101567,0.236269,0.0566239,-0.0776507,0.469053,0.473725,0.72775,0.754035,0.369662,0.795556,0.578966,0.992903,0.00389239,0,0,0,0,0,-0.0319204,-0.0151215,0.349788,0.867583,0.79072,1.40549,-0.00450778,0.00390218,0.13964,0.0105849,-0.0127968,0.000545516,0.000433292,0.0167228
9,1.17774,0.364744,-0.436468,0.0423334,0.309697,0.621604,0.676462,0.806498,1.10804,0.300333,0.460853,0.371677,2.12134,0.00609637,0,0,0,0,0,-0.0392052,-0.0265208,0.741631,1.09944,0.797673,1.71694,-0.00194347,-0.00634992,0.462651,0.00759924,-0.00964468,-0.00017902,-0.000351388,0.0153907
10,1.36414,0.253981,0.249182,0.0537978,0.186184,0.57385,0.676098,0.885143,1.24059,0.485757,0.861375,0.76244,1.07432,0.00405141,0,0,0,0,0,-0.0380201,-0.0257053,0.384793,1.01374,0.841033,1.69836,0.0438249,-0.00773779,0.595593,0.0144573,-0.0171618,0.000736122,0.000397962,0.0150279
11,1.65021,0.215381,-0.135031,0.0753593,0.130517,0.551921,0.769429,1.03818,1.66984,0.388481,0.776679,0.806334,0.491886,0.00291384,0,0,0,0,0,-0.0376891,-0.0289991,0.42304,0.716477,0.786558,1.14989,-0.0138519,-0.0102047,0.164793,0.00196014,-0.00337591,-2.69546e-05,5.67506e-05,0.00140813
12,1.28008,-0.158291,-0.526542,0.034842,-0.123657,0.450794,0.434171,0.693415,0.669329,0.453244,0.67077,0.465122,2.82086,0.00746262,0,0,0,0,0,0.0184161,0.00799575,0.239349,0.95338,0.877832,1.70216,0.0925845,-0.00594723,1.10131,0.00896311,-0.0179886,-0.000128018,0.000154288,0.011197
13,1.1443,-0.590248,0.374275,0.0962063,-0.515817,0.302991,0.217381,0.468023,0.2663,0.784659,0.588202,0.275292,1.20667,0.00430991,0,0,0,0,0,0.00715489,0.00155534,0.106043,0.762218,0.859689,1.42541,-0.0119538,0.0308462,0.426448,0.0176848,-0.0313901,0.00177684,0.000632109,0.0178633
14,2.45903,2.86602,1.24899,2.18594,1.16551,0.878093,3.01372,2.20598,13.9488,1.52904,1.31461,2.90001,0.844773,0.00360307,0,0,0,0,0,-0.147951,-0.445881,0.981129,14.9868,0.380136,15.3384,-0.00971794,-0.0558527,0.246095,0.00072287,-0.00102478,9.89254e-05,-0.000118711,0.000768668
15,2.22631,1.40058,0.47764,0.0640025,0.629101,0.735359,1.76023,1.73448,6.10684,0.594878,1.3542,2.34883,1.888,0.00564063,0,0,0,0,0,-0.0955706,-0.168227,0.615245,1.71677,0.734179,2.31098,0.00756145,-0.013487,0.300876,0.0116363,-0.00913281,0.00013025,-0.000352144,0.0210626
16,1.92005,1.88237,-0.255183,0.263956,0.980375,0.83655,2.04937,1.6551,6.93927,0.683837,1.03801,1.71802,0.496692,0.00292323,0,0,0,0,0,-0.108332,-0.222011,0.909829,5.32763,0.59666,5.8635,0.0372356,-0.0941951,0.176786,0.00449579,-0.0110119,-2.10784e-08,0.000148785,0.0232457
17,1.92641,0.395086,-0.56239,0.0313895,0.205089,0.581249,0.977993,1.26015,2.54444,0.434813,1.22001,1.53739,3.17428,0.00815289,0,0,0,0,0,-0.0369654,-0.0361519,0.264143,1.37842,0.916635,2.23583,0.223288,-0.0131175,0.813027,0.00540972,-0.0111498,-0.000390445,1.40915e-06,0.0329784
18,1.1734,0.1746,0.523208,0.0219329,0.148798,0.559144,0.557837,0.746196,0.867992,0.367984,0.489971,0.365615,3.53286,0.00885324,0,0,0,0,0,-0.0228946,-0.0127714,0.407351,0.854789,0.864636,1.5562,-0.00628436,-0.00313425,0.284568,0.00765974,-0.0251419,-0.000116837,0.000118638,0.0113844
19,1.21046,-0.618394,0.477185,0.0671476,-0.510875,0.304719,0.232119,0.496861,0.30075,0.609623,0.763499,0.379353,1.8415,0.0055498,0,0,0,0,0,0.0111403,0.00258587,0.127202,0.808983,0.923835,1.63652,0.101086,-0.00901902,0.888224,0.0130126,-0.023551,-0.000427081,-0.000124754,0.0134856
20,1.11867,0.0630534,0.907814,0.0342037,0.0563643,0.522474,0.480118,0.673618,0.684275,0.459326,0.638068,0.429815,4.90863,0.0115403,0,0,0,0,0,-0.0245223,-0.0117736,0.335043,1.46781,0.660262,1.92138,0.0249248,-0.0219076,0.814618,0.0109412,-0.0144226,-0.00039157,-0.000274988,0.0156204
21,1.17212,0.250364,0.0294613,0.0398228,0.2136,0.58457,0.601416,0.769547,0.953904,0.361076,0.637162,0.490326,0.147634,0.00224147,0,0,0,0,0,-0.0525119,-0.0315815,0.71848,0.701798,0.803672,1.17571,-0.0231951,-0.0543236,0.358378,0.00700681,-0.0164327,-0.000320347,-0.00010674,0.0106918
22,1.1042,0.0859048,0.0136368,0.0668764,0.0777984,0.531006,0.485738,0.673386,0.68939,0.419415,0.665457,0.44811,0.0527322,0.00205612,0,0,0,0,0,-0.0530297,-0.0257585,0.694713,0.746644,0.860738,1.40695,-0.0442404,-0.0498374,0.346411,0.017054,-0.0185136,-2.64873e-05,0.00036762,0.010834
23,1.11842,0.677461,0.42979,0.146386,0.605733,0.727654,0.864431,0.865002,1.49547,0.361547,0.912786,0.789561,1.12333,0.00414713,0,0,0,0,0,-0.101279,-0.0875484,0.967287,0.917623,0.657575,1.18144,-0.100334,-0.178007,0.264499,0.0128137,-0.00858525,-0.000256286,0.000871605,0.00557174
24,1.88805,1.87696,-0.352296,0.515957,0.994123,0.839919,2.0374,1.63221,6.81511,0.833942,0.979633,1.59897,0.490457,0.00291105,0,0,0,0,0,-0.0781857,-0.159295,0.695778,2.49991,0.560716,2.91952,0.0443006,-0.115232,0.27464,0.0080668,-0.00390472,0.000238772,-0.000450599,0.0266887
25,1.0917,0.415827,-0.137337,0.0714639,0.380899,0.648361,0.676599,0.771748,1.05338,0.401259,0.353823,0.273063,0.51374,0.00295652,0,0,0,0,0,-0.0258193,-0.0174693,0.636157,0.549486,0.85933,1.06029,-0.00205135,-0.00995466,0.357459,0.00318848,-0.00434648,-5.70263e-05,-0.000127018,0.00622671
26,1.26291,0.170199,1.12723,0.381436,0.134767,0.553602,0.59153,0.796516,0.984346,0.598175,0.370272,0.294928,1.82517,0.00551791,0,0,0,0,0,-0.0247585,-0.0146454,0.582922,2.74058,0.197341,2.75658,-0.018338,-0.0339023,0.278696,0.00254962,-0.00185776,-8.77408e-05,-3.50439e-05,0.00375445
27,1.21091,0.611333,0.58526,0.170776,0.504855,0.69317,0.84618,0.905334,1.53565,0.405309,0.875624,0.792733,1.41624,0.00471921,0,0,0,0,0,-0.0949715,-0.080363,0.945545,0.837512,0.721774,1.19335,-0.101591,-0.169917,0.291099,0.0126419,-0.00986227,-0.000162358,0.00122944,0.00608755
28,1.2939,0.848162,0.114462,0.183028,0.655509,0.74393,1.04897,1.01647,2.13354,0.512755,0.942652,0.958177,0.26755,0.00247568,0,0,0,0,0,-0.104507,-0.109624,0.966497,0.729436,0.745983,1.04359,-0.0576642,-0.183088,0.217371,0.000446096,-0.000443303,-1.28268e-05,1.84632e-05,6.94171e-05
29,1.4736,0.575653,-0.463279,0.0446416,0.390643,0.65197,0.922446,1.0463,1.94565,0.474363,0.926309,0.969198,2.19267,0.00623568,0,0,0,0,0,-0.0661823,-0.0610496,0.622864,1.12461,0.724595,1.6133,0.0595409,-0.0180965,0.778889,0.03009,-0.00920902,-0.00129938,-0.00110943,0.0449646
30,1.36763,0.181064,0.372954,0.0338294,0.132393,0.552663,0.638953,0.861354,1.15019,0.401954,0.98861,0.851543,2.02772,0.00591351,0,0,0,0,0,-0.0546805,-0.0349383,0.482186,0.954037,0.644044,1.21411,0.148877,-0.0464754,0.928681,0.00901164,-0.0220256,-3.85125e-05,0.000300574,0.0385368
31,0.95977,0.239802,0.708663,0.0511006,0.249854,0.59865,0.514644,0.64013,0.674625,0.335776,0.589658,0.377458,3.13492,0.00807602,0,0,0,0,0,-0.061257,-0.0315256,0.905654,0.910351,0.67753,1.21399,-0.0402303,-0.0707448,0.207421,0.0128892,-0.0169788,5.79243e-05,0.000961088,0.00868217
32,1.29323,0.801346,-0.365324,0.0346641,0.619649,0.732255,1.01321,1.00455,2.03572,0.332735,0.494978,0.497231,1.96218,0.0057855,0,0,0,0,0,-0.046128,-0.0467373,0.812429,0.868947,0.739278,1.28846,-0.00364828,-0.0267787,0.219811,0.00344664,-0.00986504,-1.0321e-05,1.47918e-05,0.00163019
33,1.63999,1.55739,-0.26248,0.0437904,0.949631,0.82885,1.70736,1.4047,4.88824,0.444105,1.05063,1.47582,1.25432,0.00440296,0,0,0,0,0,-0.0991479,-0.169281,0.822698,0.759824,0.818987,1.31706,0.00717795,-0.0129274,0.21984,0.00716113,-0.0130621,0.000125926,0.000247065,0.0193975
34,0.974077,-0.105863,-0.0604368,0.0897654,-0.108681,0.456728,0.337676,0.53225,0.397315,0.387694,0.625743,0.333052,0.201719,0.00234711,0,0,0,0,0,-0.051239,-0.0173022,0.713858,0.995917,0.761339,1.51731,-0.096235,-0.0711954,0.336871,0.0129887,-0.0103023,0.0015973,0.00148403,0.0151719
35,0.842384,-0.115048,0.210545,0.0644314,-0.136575,0.445684,0.280274,0.452928,0.283697,0.511358,0.509144,0.230606,0.829462,0.00357317,0,0,0,0,0,-0.0312612,-0.00876169,0.535268,0.877269,0.860911,1.57559,-0.0599599,-0.060849,0.406221,0.0202409,-0.0226339,-0.00140302,-0.0012342,0.0167167
36,1.09991,0.0861132,-0.889345,0.0720694,0.0782914,0.531202,0.484121,0.670964,0.684566,0.639019,0.67773,0.454732,3.3128,0.00842343,0,0,0,0,0,-0.0146002,-0.00706828,0.187806,1.37345,0.778661,2.00041,-0.00946999,-0.0286329,1.07233,0.016948,-0.0166899,0.000221068,0.000455915,0.0239441
37,1.71697,1.45261,-0.0227525,0.0854682,0.846032,0.801233,1.64034,1.43461,4.74881,0.390671,0.76023,1.09063,0.0778265,0.00210513,0,0,0,0,0,-0.0829657,-0.136092,0.951395,1.42717,0.737182,1.99426,0.00603449,-0.0161366,0.216775,0.00542814,-0.00545582,-0.00012973,-0.000150812,0.00936126
38,0.812577,-0.513763,0.0650112,0.0336972,-0.632264,0.263607,0.130653,0.300543,0.107396,0.347057,0.350861,0.105449,0.354153,0.00264483,0,0,0,0,0,-0.00145299,-0.000189837,0.0361022,1.39337,0.676527,1.85939,-0.0116422,-0.00595027,0.746769,0.0108806,-0.010714,-0.00213883,-0.000858998,0.0165553
39,2.51313,3.08405,0.67171,1.51622,1.22718,0.890122,3.21258,2.28557,15.5445,1.45228,1.42626,3.25981,0.545508,0.00301857,0,0,0,0,0,-0.157187,-0.504976,0.960785,12.9274,0.257245,13.1485,-0.00249672,-0.0565748,0.33433,0.00324111,-0.00144504,-9.75273e-05,6.84315e-05,0.00705637
40,1.60727,0.0550187,0.506266,0.0186182,0.0342311,0.513654,0.672029,0.955234,1.3641,0.405182,0.915923,0.874921,3.71031,0.00919983,0,0,0,0,0,-0.0342508,-0.0230175,0.326001,1.25184,0.838226,1.96505,0.0682091,-0.00650471,0.18306,0.00562202,-0.0108599,-1.53573e-05,0.000118629,0.0195754
41,1.11045,0.308334,0.567934,0.0536161,0.277666,0.609366,0.615131,0.749718,0.940464,0.38459,0.599936,0.449783,2.45273,0.00674362,0,0,0,0,0,-0.0564574,-0.0347287,0.820394,0.7624,0.785931,1.23196,-0.0301777,-0.0529941,0.307638,0.00973196,-0.0180044,-1.49571e-05,0.000222682,0.00858291
42,1.39851,1.46297,0.884359,0.36775,1.04609,0.85224,1.57125,1.2224,3.96308,0.725678,1.35323,1.65419,1.45832,0.0048014,0,0,0,0,0,-0.140509,-0.220775,0.90519,0.745566,0.758934,1.12205,-0.195235,-0.208903,0.324231,0.0170554,-0.00931797,-0.000645521,0.0015825,0.0106678
43,1.06788,0.277584,0.849246,0.174818,0.25994,0.602545,0.579479,0.715383,0.847569,0.530938,0.793924,0.567959,2.03114,0.0059202,0,0,0,0,0,-0.067119,-0.0388941,0.73701,0.807422,0.857155,1.47896,-0.104,-0.0896039,0.447227,0.01163,-0.0172274,0.000266935,-0.000155285,0.0248943
44,0.820851,-0.126881,0.103511,0.0258317,-0.154573,0.438579,0.265723,0.436818,0.261418,0.421022,0.502786,0.219626,0.644037,0.00321101,0,0,0,0,0,-0.0292722,-0.00777828,0.50755,1.65433,0.566377,2.00081,0.00053823,-0.0306897,0.83011,0.0133544,-0.0179453,-0.000215234,-0.000342902,0.0102994
45,1.08343,0.206525,0.257539,0.081434,0.190621,0.575589,0.540038,0.704336,0.78773,0.34405,0.64432,0.453818,0.902486,0.00371579,0,0,0,0,0,-0.0649912,-0.0350977,0.879346,0.809403,0.746148,1.20644,-0.0571941,-0.0962093,0.313052,0.00661269,-0.0142697,2.55662e-05,-0.000149885,0.00399967
46,1.14223,0.266627,0.303005,0.120576,0.233426,0.592285,0.600521,0.756393,0.932757,0.379883,0.74814,0.565888,0.872608,0.00365744,0,0,0,0,0,-0.072923,-0.0437918,0.849744,0.747271,0.846467,1.37079,-0.0765158,-0.0986073,0.325841,0.00949542,-0.0147681,-0.000179574,0.000155489,0.0108825
47,1.05264,-0.39857,0.44046,0.0523803,-0.378639,0.352478,0.252304,0.476443,0.290655,0.521965,0.61276,0.291945,1.92452,0.00571195,0,0,0,0,0,-0.00245812,-0.000620193,0.0349719,0.815228,0.835361,1.43738,0.0682641,-0.00989854,0.804609,0.0153372,-0.0148088,-0.00168692,-0.00011402,0.0111207
48,0.917275,-0.49274,1.37043,0.0849713,-0.537179,0.295572,0.16848,0.368819,0.164413,0.672304,0.476538,0.175756,4.70134,0.0111354,0,0,0,0,0,-0.00396018,-0.000667211,0.0724476,0.6991,0.836183,1.26971,0.0110247,-0.0318028,0.285836,0.0155698,-0.0313152,-0.00112359,0.000902215,0.00823784
49,2.31916,0.563,-0.292365,0.168309,0.24276,0.595904,1.23308,1.54201,3.8983,0.39457,0.83366,1.28551,0.712644,0.00334501,0,0,0,0,0,-0.0229165,-0.0282579,0.239643,1.3386,0.627122,1.71576,0.00666261,-0.0151249,0.18677,8.78813e-05,-0.000620608,2.53167e-07,-1.85244e-06,9.17355e-06
50,1.26416,0.396789,-0.145459,0.0635046,0.313876,0.623192,0.729464,0.867281,1.2843,0.333459,0.454813,0.394451,0.577214,0.0030805,0,0,0,0,0,-0.0318727,-0.02325,0.610933,1.06597,0.709922,1.51009,-0.00146604,-0.00555426,0.457342,0.0100453,-0.0123258,-0.000165149,-0.000404717,0.0104476
51,1.00366,-0.757008,-1.00552,0.117583,-0.754248,0.22535,0.131909,0.332473,0.127938,0.865981,0.517701,0.172121,2.93237,0.0076804,0,0,0,0,0,-0.00114529,-0.000151074,0.0192861,0.673781,0.863127,1.30919,-0.0900894,-0.0265397,0.271942,0.0161466,-0.0222347,-0.00134995,0.000470799,0.0197624
52,1.47338,1.73299,0.744766,0.607853,1.1762,0.880243,1.8192,1.3249,5.06483,0.713109,1.67725,2.22219,0.955258,0.00381886,0,0,0,0,0,-0.189028,-0.343878,0.982501,1.05334,0.579849,1.24749,-0.206307,-0.485758,0.292302,0.0213624,-0.0103149,0.00127484,-0.00107461,0.0110981
53,1.81723,1.46836,0.0575131,0.126015,0.808018,0.79046,1.68367,1.49954,5.08336,0.409344,0.751631,1.1271,0.162015,0.00226956,0,0,0,0,0,-0.0828023,-0.139412,0.960384,1.90413,0.548923,2.25977,-0.00308013,-0.0316434,0.253619,0.00359176,-0.00368104,-0.000122147,4.31929e-06,0.00239962
54,2.03577,1.26097,-0.159219,0.186586,0.619407,0.732176,1.5946,1.58123,5.04302,0.648773,1.09088,1.72493,0.3686,0.00267305,0,0,0,0,0,-0.0834166,-0.133016,0.666626,1.37457,0.70847,1.88804,0.0201457,-0.0984042,0.365839,0.0158307,-0.012162,7.7748e-07,-3.87516e-06,0.0327003
55,1.90073,0.984031,-0.303526,0.0302729,0.517711,0.69767,1.34381,1.42938,3.84896,0.518153,1.39177,1.98937,1.74449,0.00536034,0,0,0,0,0,-0.0526936,-0.0708101,0.330064,0.846871,0.903398,1.63368,0.142922,-0.0120628,0.37783,0.00978967,-0.0181359,0.000584756,-0.000154446,0.0363411
56,1.46428,0.340277,-1.15717,0.348377,0.232385,0.591881,0.768863,0.969216,1.53053,0.955339,0.360338,0.349245,1.96052,0.00578227,0,0,0,0,0,-0.0237813,-0.0182846,0.575351,0.847836,0.861614,1.54073,-0.113844,-0.00542587,0.6168,0.00466059,-0.00182443,-4.62244e-05,-0.000394652,0.00159599
57,1.45278,1.12145,0.44195,0.0265308,0.771937,0.779924,1.3062,1.18476,3.10983,0.331427,0.797575,0.944936,2.7133,0.00725254,0,0,0,0,0,-0.0782329,-0.102188,0.855115,0.871271,0.765139,1.35212,0.00746751,-0.0113581,0.178029,0.0088944,-0.00960892,-0.000553801,-5.09947e-05,0.0236882
58,1.25202,0.21168,0.321022,0.0340917,0.16907,0.567129,0.607904,0.805724,1.01874,0.410618,0.944683,0.761153,1.73864,0.00534891,0,0,0,0,0,-0.0532993,-0.0324008,0.491861,0.994602,0.62733,1.24602,0.166085,-0.0539455,1.00218,0.00698391,-0.0137365,-0.000373238,2.3004e-06,0.0325053
59,1.76797,1.0791,1.04768,0.865696,0.610363,0.729189,1.37269,1.36935,3.75941,0.831822,0.758044,1.03803,1.12602,0.00415238,0,0,0,0,0,-0.0714554,-0.0980863,0.821765,4.65935,0.317967,4.87984,0.00234675,-0.0380838,0.228477,0.000701285,-0.000654211,1.28634e-06,-2.53184e-05,0.00139304
60,1.51087,0.806352,-0.0786595,0.0331554,0.533699,0.703225,1.08513,1.143,2.48396,0.448653,1.04309,1.19226,0.431991,0.00279686,0,0,0,0,0,-0.0547546,-0.0594157,0.45762,0.940171,0.947125,1.83085,0.0811856,-0.0100541,0.398204,0.00985647,-0.0213462,0.00030927,0.000183212,0.0301302
61,1.12799,-0.344622,-0.121077,0.023168,-0.305519,0.379985,0.300256,0.539133,0.380819,0.309963,0.519288,0.279966,0.795459,0.00350676,0,0,0,0,0,-0.0225828,-0.00678062,0.379119,0.987708,0.837572,1.66043,-0.00482535,-0.00477821,0.352408,0.00797975,-0.0120955,-8.49772e-05,-0.000135773,0.0144012
62,1.11849,0.547134,-0.0629856,0.126748,0.489171,0.68764,0.770415,0.830318,1.28297,0.340201,0.825175,0.685158,0.176917,0.00229867,0,0,0,0,0,-0.0920942,-0.0709508,0.972956,0.888104,0.643344,1.09348,-0.0768201,-0.171616,0.230712,0.00591183,-0.00600588,0.000109942,-0.000420198,0.00175897
63,1.16577,0.714683,0.544346,0.0846969,0.613058,0.730081,0.907513,0.903683,1.64022,0.361675,0.506096,0.45735,1.87043,0.00560631,0,0,0,0,0,-0.0449636,-0.0408051,0.774524,0.886158,0.731343,1.29715,-0.00610828,-0.0392234,0.345352,0.00711862,-0.0147747,2.49823e-05,0.000238716,0.0105796
64,2.2108,0.504042,0.63096,0.465847,0.22799,0.590173,1.15465,1.46055,3.46644,0.656283,1.24973,1.82529,0.924442,0.00375868,0,0,0,0,0,-0.0377476,-0.0435854,0.263319,2.24668,0.418399,2.4733,-0.00794673,-0.0193954,0.263393,0.00138688,-0.00215235,-5.40596e-06,4.01976e-05,0.000995325
65,1.10218,0.163856,0.324531,0.0569188,0.148665,0.559091,0.523907,0.700852,0.765672,0.289991,0.590404,0.413786,1.36028,0.00460992,0,0,0,0,0,-0.0629027,-0.0329552,0.92881,0.676863,0.780327,1.03927,-0.0384401,-0.0832138,0.228351,0.00371466,-0.00677029,8.69709e-05,2.76929e-05,0.0019746
66,0.606864,-0.253625,0.139655,0.0309045,-0.417927,0.338,0.136816,0.266752,0.0898753,0.34618,0.335827,0.0895825,0.794412,0.00350471,0,0,0,0,0,-0.00823278,-0.00112638,0.213716,1.11629,0.799363,1.74015,-0.0103239,-0.0104609,0.82732,0.0123062,-0.0175924,-0.00219845,-0.000655734,0.0105002
67,1.08401,-0.178643,0.0936762,0.0755633,-0.164799,0.434551,0.345369,0.573503,0.448186,0.447337,0.617949,0.354396,0.34078,0.00261871,0,0,0,0,0,-0.0382297,-0.0132034,0.539331,0.744663,0.799201,1.2388,-0.0175536,-0.0438775,0.393428,0.00912405,-0.0171917,0.0003301,0.000262911,0.0141357
68,1.42358,0.740064,0.165177,0.126692,0.519863,0.69842,1.00841,1.0716,2.16522,0.485488,0.769913,0.825036,0.464061,0.00285949,0,0,0,0,0,-0.0538066,-0.0542593,0.609258,1.85076,0.642809,2.32759,-0.0139245,-0.00602984,0.19597,0.00689898,-0.0085217,-0.000331764,-0.000384223,0.014155
69,1.68789,1.32513,-0.44028,0.0868683,0.785082,0.783797,1.53444,1.3824,4.26553,0.359537,0.710042,0.981562,1.49382,0.00487074,0,0,0,0,0,-0.0784105,-0.120316,0.962713,1.77003,0.461553,1.99323,0.000385642,-0.0264338,0.265408,0.00312897,-0.00779269,3.38338e-06,-4.25495e-05,0.00383687
70,1.47231,1.13997,-0.633486,0.0759986,0.774269,0.780614,1.32637,1.2016,3.20312,0.457673,0.832548,1.00039,2.29792,0.00644124,0,0,0,0,0,-0.077293,-0.102519,0.809353,0.740156,0.820445,1.29051,-0.0276862,-0.0475338,0.384707,0.00538144,-0.00925515,-0.000155861,-0.000162972,0.0196724
71,2.51598,1.32388,1.47838,0.532396,0.526189,0.700622,1.79265,1.89908,6.82011,0.903694,0.900611,1.71033,2.02613,0.00591041,0,0,0,0,0,-0.0372375,-0.066754,0.360454,1.76423,0.674818,2.27728,-0.0152738,-0.035496,0.235391,0.00755723,-0.0014618,-0.000179029,8.82308e-05,0.00356661
72,2.03517,0.210911,1.24092,0.177212,0.103633,0.54127,0.921564,1.26023,2.43746,0.898988,0.550453,0.693696,2.9478,0.00771055,0,0,0,0,0,-0.025882,-0.023852,0.409907,0.490765,0.92286,1.22703,0.0195472,-0.039089,0.226106,0.0212094,-0.0314016,0.00037742,0.00124594,0.0051867
73,1.22434,0.620956,0.00428344,0.128028,0.507174,0.693984,0.857379,0.916342,1.57478,0.401185,0.764349,0.700406,0.0119713,0.00197651,0,0,0,0,0,-0.0805754,-0.0690836,0.919003,0.658473,0.782677,0.997548,-0.0412802,-0.101701,0.231909,0.000585855,-0.000287285,1.76879e-05,-5.30616e-05,0.00010854
74,1.13659,0.661491,0.0982935,0.0483598,0.581997,0.719716,0.857993,0.872621,1.49762,0.369573,0.493603,0.430728,0.446974,0.00282612,0,0,0,0,0,-0.0357855,-0.0307037,0.632029,1.22864,0.820457,1.90798,-0.00403547,-0.00257128,0.505899,0.0101386,-0.015315,-0.00028235,-0.000429227,0.0122248
75,3.00695,1.49836,0.370843,0.115776,0.498297,0.690863,2.08868,2.24147,9.38679,0.435193,1.30442,2.92383,1.08988,0.0040818,0,0,0,0,0,-0.0928421,-0.193917,0.620489,1.15343,0.625274,1.4746,0.006953,-0.0250815,0.154192,0.00303646,-0.00308276,-4.93909e-06,-3.42199e-05,0.00252744
76,1.05986,0.193395,0.0453392,0.0331107,0.182472,0.572394,0.522784,0.686623,0.744753,0.472835,0.51823,0.355828,0.249166,0.00243978,0,0,0,0,0,-0.0224974,-0.0117613,0.378457,0.532223,0.950575,1.38284,0.0208011,-0.00680034,0.408801,0.0215769,-0.0213876,-0.000894823,-0.000969702,0.0133053
77,1.2951,0.908281,0.267276,0.16019,0.701319,0.758448,1.09499,1.03236,2.26478,0.385349,0.990683,1.02274,0.667793,0.00325741,0,0,0,0,0,-0.112242,-0.122904,0.987702,0.857559,0.669655,1.09843,-0.0877078,-0.201094,0.231636,0.00474628,-0.0043987,0.000226962,-0.000449605,0.00183107
78,1.32283,1.17716,0.244141,0.0402322,0.889876,0.813234,1.30961,1.11933,2.968,0.433576,0.831366,0.930577,1.21718,0.00433043,0,0,0,0,0,-0.072944,-0.0955285,0.764899,0.753021,0.838359,1.35786,0.0337688,-0.0337822,0.249221,0.018848,-0.0131419,-0.00115943,-0.000434783,0.0213714
79,1.43135,1.6545,0.728239,0.634119,1.1559,0.87614,1.74247,1.28133,4.67801,0.720213,1.60531,2.05693,0.91451,0.00373928,0,0,0,0,0,-0.18153,-0.316311,0.985817,1.02508,0.622856,1.28523,-0.232713,-0.454872,0.282608,0.024328,-0.0136657,0.000216673,0.000349361,0.0117072
80,1.61048,1.11958,0.0446103,0.0479897,0.695186,0.75653,1.35414,1.28123,3.47525,0.353597,0.843728,1.08101,0.203639,0.00235086,0,0,0,0,0,-0.0843981,-0.114286,0.87204,1.0886,0.698157,1.5182,-0.00670981,-0.0132316,0.112713,0.00880772,-0.00875043,8.99673e-05,0.00017306,0.0191954
81,2.4114,1.92689,0.661804,0.158767,0.799076,0.787877,2.21779,1.98401,8.85492,0.717868,1.43025,2.83764,1.66092,0.00519711,0,0,0,0,0,-0.111909,-0.248191,0.682117,1.7855,0.835247,2.53397,0.00514722,0.0128262,0.246816,0.0131206,-0.017967,-0.000558094,-0.000260854,0.0378739
82,1.74504,1.33113,-0.973987,0.162521,0.762807,0.777211,1.55688,1.41888,4.4371,0.495485,0.911334,1.29308,2.41601,0.00667189,0,0,0,0,0,-0.0949012,-0.14775,0.907823,1.2564,0.764754,1.84336,-0.0283992,-0.00480962,0.208867,0.00787001,-0.0117604,0.000411607,0.000269111,0.015589
83,1.16727,1.26835,1.52025,0.140452,1.08659,0.861391,1.35185,1.02921,2.88677,0.440937,0.70643,0.727064,4.05651,0.00987599,0,0,0,0,0,-0.0683818,-0.0924421,0.843876,0.835415,0.726573,1.20178,0.0188373,-0.0910244,0.331416,0.00770347,-0.0138029,-1.04286e-05,9.12284e-05,0.0100836
84,0.862104,1.39778,0.802753,0.254752,1.62136,0.94753,1.41642,0.823632,2.68461,0.639791,0.929435,0.765513,1.59046,0.00505949,0,0,0,0,0,-0.087407,-0.123805,0.819849,0.717678,0.817903,1.24689,-0.0363337,-0.0709692,0.287403,0.0166112,-0.0106866,-0.000338767,0.00186247,0.0167245
85,1.28076,0.145096,0.588568,0.0339951,0.11329,0.5451,0.586135,0.797609,0.979735,0.492374,0.943063,0.752196,3.19219,0.00818786,0,0,0,0,0,-0.0468418,-0.0274556,0.433012,0.678992,0.921174,1.47758,0.0229443,-0.0131067,0.279378,0.0149479,-0.014439,-0.000358879,-0.000263082,0.0207699
86,1.46231,1.66848,-0.496189,0.10727,1.14099,0.873063,1.76152,1.30475,4.80532,0.392797,0.87251,1.13841,1.51498,0.00491207,0,0,0,0,0,-0.0908293,-0.159998,0.907532,0.722379,0.784905,1.15626,0.024809,-0.0737092,0.23687,0.00473064,-0.0122017,0.000160491,-0.000319831,0.0176521
87,1.10051,0.435827,0.407731,0.100018,0.396025,0.653957,0.69267,0.783286,1.09333,0.326053,0.740343,0.579901,1.28924,0.00447118,0,0,0,0,0,-0.0806379,-0.0558554,0.949538,0.767099,0.735017,1.09375,-0.0713698,-0.126673,0.252106,0.00355966,-0.00875164,-1.12954e-05,-2.78271e-05,0.00185545
88,0.767196,-0.14847,-0.160951,0.0469225,-0.193523,0.423275,0.235359,0.398173,0.213936,0.386232,0.416552,0.16586,0.743025,0.00340435,0,0,0,0,0,-0.00637619,-0.0015007,0.133444,1.11908,0.735505,1.62619,0.0250081,-0.0068685,0.796168,0.00813089,-0.0129686,-7.58001e-05,-0.00025805,0.00652045
89,0.977775,-0.0530087,0.0978735,0.284638,-0.0542136,0.478382,0.365586,0.551548,0.437858,0.551486,0.467247,0.257709,0.18345,0.00231143,0,0,0,0,0,-0.0154166,-0.00563607,0.287639,2.41018,0.344691,2.56455,-0.0183192,-0.0134579,1.12833,1.59906e-08,-0.000135719,3.22704e-10,1.16407e-09,1.77794e-08
90,2.10761,1.99443,-0.31862,1.29008,0.946297,0.828001,2.18818,1.80399,8.04252,1.00319,0.96018,1.73216,0.280521,0.00250102,0,0,0,0,0,-0.108872,-0.238231,0.988482,9.60394,0.115962,9.6684,-0.00176263,-0.208698,0.354356,0.0164003,-0.00604686,9.48514e-05,8.77883e-05,0.0103512
91,2.67308,0.635762,1.98896,0.473343,0.237839,0.593997,1.41287,1.77353,5.14161,0.8816,1.4337,2.5427,2.89093,0.00759947,0,0,0,0,0,-0.0630328,-0.0890573,0.38328,1.93575,0.573098,2.32683,-0.0456696,-0.0243943,0.416135,0.00413954,-0.00336124,3.91339e-05,-0.000249013,0.00499346
92,0.931213,0.142988,0.369464,0.0865042,0.15355,0.561018,0.444912,0.593837,0.55059,0.326728,0.586927,0.348539,1.25618,0.00440661,0,0,0,0,0,-0.0586424,-0.0260907,0.871033,1.01562,0.760105,1.54065,-0.064881,-0.0777154,0.283758,0.0105591,-0.0132408,-0.000128163,0.000414182,0.0086277
93,1.86646,1.69193,-0.342188,0.869699,0.90649,0.817662,1.87432,1.58464,6.02416,0.848894,0.845428,1.3397,0.366928,0.00266978,0,0,0,0,0,-0.0952431,-0.178516,0.982119,11.4331,0.0468257,11.4363,-0.00853562,-0.198693,0.366973,0.014658,-0.00651902,2.97278e-05,9.37609e-06,0.0086723
94,1.03297,-0.144205,0.0898493,0.0436575,-0.139602,0.444487,0.342122,0.554436,0.424447,0.366126,0.568615,0.315261,0.430017,0.002793,0,0,0,0,0,-0.0256399,-0.00877195,0.393101,1.01977,0.761247,1.54828,-0.0217154,-0.0104161,0.225336,0.00941411,-0.00657068,-0.000440775,-0.000326083,0.0135096
95,1.07163,0.118746,-0.470356,0.031934,0.110809,0.544116,0.489099,0.666395,0.6833,0.394219,0.644423,0.429441,2.63209,0.00709392,0,0,0,0,0,-0.0553786,-0.0270856,0.749166,1.02832,0.62628,1.29685,-0.00649703,-0.0824254,0.439083,0.00702784,-0.00938111,-0.000283441,-0.000272335,0.00884428
96,1.07737,-0.151336,-0.0381718,0.0199276,-0.140468,0.444145,0.356361,0.577981,0.461055,0.381609,0.559028,0.323107,0.270405,0.00248126,0,0,0,0,0,-0.0102148,-0.00364018,0.159296,0.741132,0.923726,1.55819,0.0226865,-0.00973476,0.633807,0.00909058,-0.0127342,0.000240123,0.000329043,0.0137923
97,1.04236,-0.0107175,0.0832218,0.0292805,-0.0102819,0.495898,0.41263,0.603399,0.534354,0.243744,0.375425,0.226531,0.486349,0.00290303,0,0,0,0,0,-0.0310523,-0.0128131,0.721071,0.677213,0.792329,1.08627,-0.0123283,-0.0260983,0.303021,0.00453907,-0.011185,0.000101645,0.000119666,0.00201498
98,1.90146,1.67859,-0.127571,0.874929,0.882793,0.811326,1.87095,1.60666,6.08182,0.844387,0.829296,1.3324,0.136385,0.0022195,0,0,0,0,0,-0.0939306,-0.175739,0.987425,11.3234,0.0560438,11.3354,-0.00479317,-0.17297,0.347522,0.0145869,-0.00667473,0.000125584,-2.68099e-06,0.00808326
99,1.19871,0.41415,-0.0949192,0.0894456,0.345496,0.635139,0.715865,0.834054,1.20811,0.319343,0.385748,0.321735,0.317376,0.002573,0,0,0,0,0,-0.0320723,-0.0229594,0.724825,1.31491,0.633864,1.69724,-0.00441289,-0.0174907,0.405893,0.00460909,-0.00899635,4.11283e-05,-0.000168111,0.000362068
100,2.24468,2.24621,-0.3547,1.60694,1.00068,0.841509,2.43482,1.9432,9.70437,1.11652,1.07237,2.08383,0.279809,0.00249963,0,0,0,0,0,-0.121386,-0.295554,0.986808,12.4636,0.109763,12.5337,0.010308,-0.238163,0.353821,0.0166162,-0.00521398,8.05482e-05,2.87881e-05,0.0118086
101,0.870517,-0.306617,0.0186894,0.0131376,-0.352225,0.362335,0.216985,0.401852,0.208568,0.295071,0.406309,0.163276,0.163057,0.0022716,0,0,0,0,0,-0.00591758,-0.00128403,0.126968,0.793892,0.848745,1.44089,0.0111417,-0.003883,0.606329,0.00710868,-0.0191534,-0.000380475,-0.000179884,0.0114215
102,1.04535,0.338836,0.123228,0.0530456,0.324136,0.627082,0.610043,0.720448,0.891197,0.424511,0.442725,0.318961,0.535036,0.00299812,0,0,0,0,0,-0.0333407,-0.0203393,0.65652,0.810579,0.845211,1.45465,-0.0405858,-0.0107736,0.293978,0.0114912,-0.0154585,0.000716195,0.000432622,0.0110514
103,3.07035,0.616426,1.9097,0.176116,0.200767,0.57956,1.55028,2.00472,6.42229,0.908035,1.84475,3.69822,4.55057,0.0108409,0,0,0,0,0,-0.0647672,-0.100408,0.306072,1.45248,0.91823,2.31567,0.054729,0.0031445,0.193684,0.0190661,-0.00871093,-0.000324209,-0.000330017,0.0648314
104,1.97965,1.75747,-0.329478,1.06613,0.887768,0.812667,1.95631,1.6744,6.63077,0.934495,0.872891,1.46157,0.319095,0.00257636,0,0,0,0,0,-0.0986632,-0.193016,0.985376,11.7436,0.071744,11.7729,-0.00472319,-0.187841,0.355982,0.0143611,-0.0061796,5.96616e-05,9.67714e-05,0.00990777
105,1.52657,0.953081,0.0161851,0.0954645,0.624328,0.733794,1.20145,1.18755,2.85375,0.608484,0.87694,1.04141,0.0523834,0.00205544,0,0,0,0,0,-0.0614787,-0.0738636,0.611169,1.16611,0.74695,1.70493,0.0656323,-0.0469191,0.709441,0.00870642,-0.0118336,0.000472146,5.15926e-05,0.0422122
106,1.4093,0.956581,0.0936857,0.0575167,0.678764,0.751356,1.16741,1.11532,2.60678,0.483259,0.84926,0.9472,0.39064,0.00271609,0,0,0,0,0,-0.0609669,-0.0711731,0.625836,0.872705,0.869493,1.58896,0.0108598,-0.00045073,0.194686,0.0104622,-0.00922927,-0.000296345,-0.000366375,0.0262405
107,2.46786,-0.0526332,-1.12689,0.278064,-0.0213275,0.491492,0.963299,1.4193,2.94237,1.12395,1.64566,2.33568,2.13703,0.00612701,0,0,0,0,0,-0.0609987,-0.05876,0.323139,1.68675,0.889045,2.51248,-0.000894547,-0.121969,0.294655,0.00918579,-0.00877594,-0.000754726,-0.000310083,0.0372271
108,1.68142,1.26027,0.232709,0.0364646,0.749526,0.77323,1.48316,1.36128,4.05286,0.432472,0.865069,1.1776,1.21865,0.00433329,0,0,0,0,0,-0.0745759,-0.110608,0.751545,1.03104,0.775551,1.59073,-0.0138921,0.00245619,0.225954,0.00538134,-0.0108781,4.63175e-05,-8.1393e-05,0.0164192
109,0.983195,0.632286,-0.0672463,0.0423329,0.643093,0.739918,0.78781,0.769365,1.21257,0.345317,0.606694,0.466769,0.326836,0.00259148,0,0,0,0,0,-0.0603284,-0.0475273,0.866879,0.809855,0.754283,1.22842,-0.0168045,-0.00833893,0.203328,0.00612816,-0.0110619,-6.01415e-05,-2.90396e-05,0.00909621
110,1.32495,0.844861,-0.0426666,0.0835505,0.637655,0.738151,1.05618,1.03502,2.18678,0.376193,0.616779,0.638379,0.147609,0.00224142,0,0,0,0,0,-0.0618275,-0.0653008,0.873894,0.965443,0.643434,1.23173,-0.00317502,-0.0223265,0.247366,0.00699296,-0.00857076,8.82463e-05,-0.000317772,0.00108085
111,1.25063,-0.00723937,0.460383,0.11477,-0.00578856,0.497691,0.497887,0.725889,0.774807,0.714895,0.462094,0.335429,1.35895,0.00460733,0,0,0,0,0,-0.0160102,-0.00797128,0.302047,0.892518,0.778046,1.41204,-0.0774914,0.000573135,0.502153,0.0178432,-0.0219289,-0.000829651,-5.43887e-05,0.0187908
112,1.43566,-0.769466,-0.220564,0.0867508,-0.535967,0.295991,0.264112,0.577854,0.403671,0.704517,0.812237,0.469355,0.748855,0.00341573,0,0,0,0,0,-0.00134923,-0.000356349,0.0144814,0.685237,0.951137,1.56287,0.0450331,-0.00774705,0.588477,0.0148754,-0.0191431,-0.000991968,-0.000440929,0.0223852
113,1.30564,1.03746,0.528841,0.150271,0.794601,0.786577,1.19638,1.07266,2.58192,0.492157,1.05785,1.13472,1.36423,0.00461764,0,0,0,0,0,-0.112989,-0.135178,0.931151,0.619509,0.818247,1.04915,-0.0927993,-0.150038,0.285869,0.0054495,-0.00507071,1.42273e-05,0.000170891,0.00783284
114,1.55018,0.873451,-0.336798,0.069428,0.563451,0.713436,1.14838,1.1834,2.7192,0.35749,0.654294,0.77429,1.27821,0.00444963,0,0,0,0,0,-0.0641687,-0.07369,0.854983,1.87808,0.543085,2.223,0.0189328,-0.0523298,0.286406,0.00592421,-0.0104742,0.000169931,0.000194461,0.0238799
115,0.793178,-0.344215,0.428482,0.0213101,-0.433969,0.332155,0.174209,0.344516,0.14904,0.369235,0.51311,0.176775,2.93521,0.00768596,0,0,0,0,0,-0.0177989,-0.00310071,0.302404,0.725312,0.903986,1.48988,0.0119278,-0.0121837,0.527651,0.00975216,-0.0206838,5.72199e-05,-2.82977e-05,0.0180429
116,2.263,2.03745,-0.423913,0.312846,0.900328,0.816027,2.26061,1.91891,8.79259,0.746974,1.19651,2.296,0.7579,0.0034334,0,0,0,0,0,-0.122408,-0.276717,0.891868,5.52823,0.406004,5.85817,0.106755,-0.150054,0.138093,0.00482217,-0.00319977,-1.14255e-05,0.000320344,0.0353351
117,1.06073,0.210825,0.484703,0.117883,0.198754,0.578773,0.534224,0.691985,0.764238,0.367956,0.622449,0.430725,1.41173,0.0047104,0,0,0,0,0,-0.0625742,-0.0334287,0.876392,0.678076,0.850862,1.27953,-0.0720805,-0.0840967,0.321159,0.00940929,-0.013683,0.000279482,0.000252394,0.00888188
118,1.01633,0.399111,-0.993668,0.132464,0.392699,0.652729,0.637533,0.722291,0.928153,0.582482,0.392915,0.283799,2.73019,0.00728552,0,0,0,0,0,-0.0179172,-0.0114228,0.397538,0.7484,0.858136,1.40265,-0.0539834,-0.0208108,0.436113,0.0128901,-0.0288822,0.00104966,0.000890448,0.0142441
119,2.05589,1.30713,0.895204,1.03821,0.635799,0.737546,1.63595,1.60508,5.25261,0.859603,0.904789,1.45226,0.878576,0.00366909,0,0,0,0,0,-0.0737035,-0.120575,0.710146,3.50615,0.301797,3.67584,0.00901794,-0.0756776,0.235179,0.000295687,-0.000457955,1.73556e-05,-3.43152e-05,0.000240239
120,1.64078,1.05695,0.275115,0.0795403,0.644176,0.740269,1.31606,1.28437,3.38164,0.418332,0.70196,0.901578,0.975484,0.00385837,0,0,0,0,0,-0.0617392,-0.0812527,0.766753,1.32258,0.616214,1.67873,0.000154018,-0.0211746,0.367709,0.00238512,-0.00491072,5.22506e-05,-0.000105877,0.000593899
121,1.04701,-0.194381,-0.0785716,0.0481264,-0.185653,0.426358,0.324187,0.546508,0.403768,0.44446,0.377505,0.20631,0.358157,0.00265265,0,0,0,0,0,-0.00408783,-0.00132522,0.0944009,0.752085,0.883686,1.47236,0.00794828,-0.0078574,0.393067,0.0161778,-0.0187029,-0.000840855,-0.000797494,0.00617883
122,1.42922,-0.177178,-0.310963,0.0409073,-0.123968,0.45067,0.484532,0.774063,0.833945,0.528686,0.699966,0.541817,1.53748,0.00495601,0,0,0,0,0,-0.00330823,-0.00160294,0.0412027,0.751853,0.947734,1.62853,0.0464092,-0.016045,0.647863,0.0238853,-0.0275725,0.000800061,0.000298991,0.0203108
123,3.58105,1.13802,-0.604936,0.251852,0.317789,0.624678,2.07533,2.46107,10.3639,1.21747,1.6219,3.99163,1.20541,0.00430745,0,0,0,0,0,-0.0963185,-0.199893,0.517716,2.82282,0.727898,3.46617,0.0185549,-0.0338544,0.267434,0.00822766,-0.00646742,0.000153969,0.000182717,0.0359732
124,1.09731,-0.275973,-0.171037,0.0303832,-0.2515,0.400714,0.313574,0.545857,0.396288,0.400923,0.529924,0.289263,0.981236,0.0038696,0,0,0,0,0,-0.0152353,-0.0047774,0.250636,0.926341,0.916825,1.75269,0.0191851,-0.00839517,0.599505,0.0187587,-0.0137745,-0.00206727,-0.000740583,0.0168394
125,1.33934,0.784894,0.0915595,0.188388,0.58603,0.721072,1.01515,1.02956,2.09053,0.417481,1.04486,1.07575,0.210948,0.00236513,0,0,0,0,0,-0.116513,-0.118278,0.972131,0.960942,0.598205,1.12854,-0.0981587,-0.211199,0.245318,0.00713405,-0.00760777,0.000332932,-0.000799031,0.00205849
126,0.865136,-0.0164582,1.0567,0.0516044,-0.0190239,0.492411,0.338692,0.49823,0.362946,0.424679,0.412795,0.205667,4.65169,0.0110385,0,0,0,0,0,-0.0267892,-0.00907328,0.565759,0.653405,0.84888,1.23298,-0.00986421,-0.0197236,0.384094,0.012673,-0.0138357,0.000170156,-0.000276066,0.0141829
127,1.09014,0.239813,-0.213951,0.0387752,0.219983,0.587058,0.563791,0.717703,0.832957,0.254363,0.492325,0.353343,1.08652,0.00407523,0,0,0,0,0,-0.0517143,-0.029156,0.915725,0.558359,0.843092,0.993323,-0.0192335,-0.0531557,0.214587,0.00275177,-0.00559821,-5.4525e-06,0.000137722,0.000609184
128,3.28078,0.491963,1.41161,0.0655301,0.149953,0.559599,1.56158,2.08775,6.79724,0.565292,1.44692,3.02081,5.51435,0.0127233,0,0,0,0,0,-0.0462865,-0.0722802,0.278879,0.695775,0.929433,1.5193,0.0464079,-0.000224322,0.165568,0.0133732,-0.0114578,-7.88675e-06,-0.000194103,0.0454481
129,1.29709,1.19251,0.0859512,0.27886,0.919376,0.821051,1.31683,1.10412,2.95312,0.554404,1.14891,1.26853,0.162764,0.00227102,0,0,0,0,0,-0.122474,-0.161277,0.92932,0.667558,0.786491,1.03987,-0.124789,-0.174677,0.291957,0.00512539,-0.00672299,6.02294e-05,-0.000108977,0.00597806
130,1.09659,-0.111086,0.821551,0.0336121,-0.101301,0.459656,0.384194,0.60177,0.509732,0.51788,0.556121,0.334657,4.48112,0.0107053,0,0,0,0,0,-0.0136112,-0.00522933,0.21337,0.648616,0.957232,1.53775,0.0106566,-0.0114762,0.537092,0.012118,-0.0310532,0.000807353,0.000108743,0.0204364
131,1.14622,0.243512,0.233964,0.0577733,0.212448,0.584121,0.587288,0.752173,0.910671,0.426212,0.584844,0.439904,0.973389,0.00385427,0,0,0,0,0,-0.0468996,-0.0275436,0.699095,0.701428,0.844662,1.29793,-0.0334641,-0.0455501,0.376043,0.00976571,-0.0283607,-0.000121136,-7.23022e-05,0.00905404
132,1.18137,0.335855,0.717938,0.0473523,0.284293,0.611907,0.659409,0.799934,1.07471,0.299632,0.350464,0.280348,3.29926,0.00839699,0,0,0,0,0,-0.0290612,-0.0191632,0.722898,1.35347,0.56182,1.63305,-0.00613189,-0.00203609,0.287953,0.00398659,-0.00408096,1.25217e-05,0.000160379,0.00196873
133,1.40459,1.1986,0.792919,0.377903,0.853343,0.803265,1.3497,1.17643,3.20566,0.577721,1.35441,1.59336,1.28985,0.00447236,0,0,0,0,0,-0.151838,-0.204935,0.977321,1.06173,0.592877,1.28481,-0.173536,-0.332654,0.282506,0.0212866,-0.00978564,0.000846051,-0.000924742,0.00668797
134,1.26903,-0.123117,0.0306373,0.129227,-0.0970168,0.461357,0.447327,0.698137,0.687496,0.402625,0.563117,0.393133,0.0852263,0.00211958,0,0,0,0,0,-0.0238963,-0.0106895,0.369947,1.40079,0.570527,1.7053,-0.0278419,-0.0113011,0.336397,8.71482e-05,-0.000454728,1.53512e-07,-6.52838e-07,1.50296e-05
135,1.16638,0.35201,0.209395,0.0667048,0.301797,0.618597,0.66406,0.795922,1.07447,0.485933,0.738889,0.588098,0.810752,0.00353662,0,0,0,0,0,-0.0663948,-0.0440901,0.783359,0.64088,0.814291,1.08595,-0.0133076,-0.0796302,0.377799,0.00902866,-0.0084526,0.000544119,0.000469786,0.0126742
136,1.18512,0.0250264,-0.264789,0.0209369,0.0211172,0.508424,0.487748,0.698895,0.726352,0.408935,0.50631,0.353857,1.82997,0.00552728,0,0,0,0,0,-0.0129609,-0.00632164,0.223164,1.58098,0.767514,2.2127,0.0288676,-0.0142802,1.33256,0.0120367,-0.0208185,0.000126695,0.000136302,0.0132739
137,1.09928,0.523706,0.89305,0.0347727,0.476409,0.683109,0.748235,0.81135,1.21814,0.385849,0.59002,0.478713,4.78913,0.0113069,0,0,0,0,0,-0.0478908,-0.0358336,0.707607,1.13786,0.775273,1.72172,-0.0257237,0.00808066,0.395842,0.00561338,-0.00757641,0.000351696,3.10545e-05,0.014297
138,0.768809,-0.0682252,-0.101711,0.112051,-0.0887414,0.464644,0.274182,0.424992,0.255794,0.648274,0.490712,0.208549,0.303852,0.00254659,0,0,0,0,0,-0.0178283,-0.00488819,0.31673,0.785725,0.836549,1.39973,-0.0397847,-0.0213502,0.479447,0.0129011,-0.0125322,2.66214e-05,-0.000595697,0.0127517
139,0.679982,-0.252228,0.313284,0.0257812,-0.370934,0.355343,0.164882,0.309546,0.123005,0.290042,0.361867,0.112014,1.95113,0.00576393,0,0,0,0,0,-0.0176743,-0.00291417,0.425795,1.1009,0.735731,1.60365,-0.0270493,-0.0110174,0.50518,0.00652801,-0.0253088,0.000390955,0.000249329,0.00969979
140,2.23573,2.34304,-0.211436,1.5623,1.048,0.85268,2.51552,1.95498,10.1498,1.1075,1.10595,2.16212,0.16916,0.00228352,0,0,0,0,0,-0.125325,-0.315258,0.98789,12.3223,0.130859,12.4132,0.0169806,-0.250706,0.348417,0.0174038,-0.00568961,0.000232906,-8.02673e-05,0.011514
141,2.16627,1.23987,0.345568,0.305587,0.572353,0.716459,1.61942,1.65823,5.37225,0.598637,1.03667,1.71904,0.625124,0.00317407,0,0,0,0,0,-0.0959333,-0.155356,0.806741,2.57571,0.377608,2.78112,0.0100179,-0.0648171,0.146296,6.61799e-05,-0.000307255,6.06142e-07,-8.58095e-08,6.80857e-05
142,0.806533,-0.140102,0.355171,0.0279242,-0.173709,0.431047,0.253371,0.424548,0.244438,0.334892,0.448984,0.190615,2.12543,0.00610436,0,0,0,0,0,-0.00643613,-0.00163073,0.124969,1.09173,0.825567,1.76014,0.0291893,-0.00728941,0.944304,0.00792503,-0.0193416,-0.000574334,-0.000256059,0.00710159
143,1.40999,0.700892,-0.143866,0.176952,0.497088,0.690437,0.978319,1.05048,2.06061,0.42959,0.984243,1.03393,0.342004,0.0026211,0,0,0,0,0,-0.108251,-0.105904,0.958819,0.687916,0.770654,1.02976,-0.090005,-0.178014,0.243855,0.00463817,-0.00554209,5.73778e-05,-0.000423669,0.00418466
144,1.72322,0.934048,0.97962,0.324578,0.542035,0.706103,1.24855,1.30694,3.26697,0.606009,0.943747,1.23342,1.71948,0.00531149,0,0,0,0,0,-0.0640964,-0.0800272,0.592086,2.18818,0.398821,2.38558,-0.00333929,-0.0425148,0.641035,0.000148211,0.000433189,-1.51166e-07,-1.33796e-06,6.35006e-06
145,1.70617,1.61794,-0.593234,0.110073,0.948288,0.828509,1.7743,1.46098,5.28259,0.586768,1.1869,1.73403,1.78808,0.00544546,0,0,0,0,0,-0.107537,-0.190803,0.789866,0.692424,0.825416,1.22637,-0.0203925,-0.0539342,0.244974,0.00961414,-0.0135992,0.00020324,-0.000251167,0.0217754
146,2.16555,1.0285,-0.340201,0.0435793,0.474936,0.682584,1.47197,1.59728,4.71799,0.55829,1.45281,2.32054,1.62966,0.00513605,0,0,0,0,0,-0.0638644,-0.0940066,0.383227,0.895838,0.959604,1.81011,0.0718,0.00506055,0.226313,0.0273123,-0.00834198,-4.16368e-05,0.000660223,0.0456059
147,1.09419,0.223508,0.380359,0.111842,0.204268,0.580928,0.554921,0.715504,0.819883,0.408356,0.650654,0.465545,1.13734,0.00417449,0,0,0,0,0,-0.0617946,-0.0342911,0.827956,0.788779,0.792504,1.29274,-0.0620601,-0.0616478,0.2919,0.00802425,-0.0151234,-0.000407965,-0.000183157,0.0092667
148,1.91132,0.832224,0.65993,0.0500327,0.435418,0.66837,1.25101,1.38478,3.48265,0.482461,0.929073,1.28656,2.95033,0.00771549,0,0,0,0,0,-0.0481921,-0.0602889,0.452203,1.05649,0.935437,1.93103,0.00507307,0.00800514,0.203672,0.00484091,-0.00912574,-5.40793e-06,-3.17675e-05,0.0234628
149,1.77431,1.81036,0.207322,0.0646161,1.02031,0.84621,1.95438,1.54239,6.19856,0.513492,1.21285,1.87068,0.815597,0.00354609,0,0,0,0,0,-0.123628,-0.241615,0.888621,1.11198,0.779029,1.69739,0.00087738,-0.00995386,0.192904,0.0133765,-0.013379,0.000348254,0.000522017,0.0282553
150,1.30209,1.04964,0.373089,0.207953,0.806123,0.789914,1.20452,1.07379,2.60388,0.432792,1.04495,1.12206,0.818144,0.00355106,0,0,0,0,0,-0.117443,-0.141462,0.979797,0.883234,0.630579,1.05216,-0.0650979,-0.231606,0.219439,0.00114978,-0.000875582,-0.000108041,0.00013253,4.73828e-05
151,1.25688,0.970833,-0.229246,0.0548835,0.772413,0.780065,1.13053,1.02516,2.32905,0.338925,0.669003,0.685837,0.978545,0.00386435,0,0,0,0,0,-0.0688044,-0.0777853,0.896593,1.47283,0.583257,1.81184,-0.0165538,-0.0213543,0.174218,0.0111495,-0.0245576,0.000169893,0.000475187,0.0128526
152,2.3516,2.49859,-0.0362285,0.138582,1.06251,0.855997,2.67505,2.06271,11.4107,0.818156,1.57285,3.24432,0.0973187,0.0021432,0,0,0,0,0,-0.13646,-0.365036,0.756353,1.7438,0.915407,2.61211,-0.0390227,0.0142195,0.152464,0.00685635,-0.00640576,0.000214562,5.94989e-05,0.0555244
153,1.01066,-0.019105,0.633395,0.0663281,-0.0189035,0.492459,0.395724,0.582077,0.495411,0.344194,0.52732,0.306941,2.45938,0.00675661,0,0,0,0,0,-0.0449552,-0.0177898,0.743211,0.764723,0.825085,1.34042,-0.0440298,-0.0505991,0.371428,0.00794848,-0.0136232,7.89778e-05,7.27035e-05,0.013159
154,1.06215,-0.0264962,0.199652,0.0416957,-0.0249459,0.490049,0.412676,0.609556,0.54186,0.252328,0.444916,0.271202,0.97775,0.00386279,0,0,0,0,0,-0.0438618,-0.0181007,0.859439,0.573099,0.833205,0.983776,-0.0237888,-0.0413888,0.20182,0.00400734,-0.0104764,-0.000128508,-0.000177711,0.00292126
155,1.28416,1.45936,0.929199,0.440643,1.13643,0.872111,1.54191,1.14465,3.68772,0.622211,1.41533,1.62006,1.3998,0.0046871,0,0,0,0,0,-0.159708,-0.246256,0.983728,1.0924,0.590248,1.32627,-0.200213,-0.392207,0.290029,0.0205741,-0.0123866,-4.19926e-05,0.000106379,0.0103609
156,1.41769,-0.519363,0.648866,0.333461,-0.366345,0.357054,0.346118,0.647583,0.539161,0.992593,0.587227,0.380278,1.12365,0.00414776,0,0,0,0,0,-0.000187751,-6.49842e-05,0.0027873,0.653321,0.881016,1.33159,-0.058875,0.011887,0.247037,0.0170141,-0.0168078,0.00195304,-0.00103083,0.0175945
157,1.28925,1.20286,-0.0111766,0.233184,0.93299,0.824587,1.32388,1.10051,2.96377,0.462538,1.23717,1.36152,0.0231453,0.00199833,0,0,0,0,0,-0.138757,-0.183697,0.977763,1.06443,0.551924,1.21346,-0.124811,-0.281516,0.261187,0.00751507,-0.00597635,0.00021344,-0.000788201,0.00579099
158,1.87239,1.60199,-0.425553,0.273734,0.855584,0.803886,1.80241,1.5694,5.71168,0.558789,0.998121,1.56645,0.813373,0.00354174,0,0,0,0,0,-0.107035,-0.192921,0.934868,2.25191,0.631293,2.74544,-0.0338564,-0.00738454,0.146622,0.00741557,-0.0067856,0.000100155,0.000284888,0.0114582
159,2.51042,0.967007,0.952128,0.0617104,0.385198,0.649955,1.56275,1.77811,5.60386,0.643329,1.77306,3.15269,3.8328,0.00943907,0,0,0,0,0,-0.0641806,-0.100298,0.315563,1.17571,0.905213,2.00144,0.416665,-0.0173683,0.963026,0.0101266,-0.0133457,-0.000221513,-0.000110859,0.0490172
160,1.25853,0.558278,0.453751,0.0327347,0.443594,0.671332,0.830303,0.915201,1.527,0.410563,0.767655,0.702558,2.50792,0.00685141,0,0,0,0,0,-0.066468,-0.0551886,0.754838,0.689325,0.810125,1.17271,-0.00709307,-0.0550035,0.351805,0.00701577,-0.0129006,7.08612e-05,-1.52561e-05,0.0199865
161,1.142,-0.440989,0.724135,0.24052,-0.386154,0.349691,0.270613,0.514002,0.33743,0.538391,0.529108,0.271963,1.47654,0.00483699,0,0,0,0,0,-0.00165622,-0.000448196,0.0272886,1.38859,0.549598,1.65876,-0.014246,-0.0132551,1.02078,1.61812e-05,-0.000346118,6.81039e-07,1.31045e-06,4.174e-06
162,1.42568,0.841831,0.440829,0.0875649,0.590479,0.722565,1.0854,1.09744,2.38247,0.325208,0.550835,0.604507,1.48972,0.00486274,0,0,0,0,0,-0.0585549,-0.0635556,0.926721,0.980311,0.628693,1.22557,-0.00401211,-0.0370753,0.180933,0.00380004,-0.00652282,-0.000101544,0.000136642,0.00275537
163,1.40937,2.3244,1.41077,0.836651,1.64924,0.950451,2.35334,1.34913,7.35835,0.83405,2.04477,2.75867,1.54236,0.00496554,0,0,0,0,0,-0.231961,-0.545881,0.988953,1.08885,0.548267,1.24554,-0.262503,-0.659975,0.277494,0.026321,-0.0133142,-0.000728664,0.000618367,0.0168167
164,1.82183,1.20796,-0.391238,0.063822,0.663049,0.74635,1.48739,1.43463,4.27049,0.404731,0.758258,1.08782,1.54866,0.00497785,0,0,0,0,0,-0.0794674,-0.118199,0.913649,0.807932,0.727715,1.15471,0.0249556,-0.0186001,0.203377,0.00150833,-0.00218162,6.68222e-06,-4.62472e-05,0.000201242
165,1.21003,0.287556,0.732789,0.0745475,0.237643,0.593921,0.63942,0.802761,1.05328,0.33735,0.694781,0.557743,2.68388,0.00719507,0,0,0,0,0,-0.0641872,-0.0410426,0.805393,0.763711,0.788674,1.24173,-0.0477787,-0.0640062,0.307811,0.00650788,-0.017928,2.68163e-05,-0.000172261,0.0120329
166,0.950896,-0.0652093,0.327647,0.0315435,-0.0685766,0.472663,0.348707,0.531885,0.404498,0.368094,0.406773,0.216357,1.8448,0.00555626,0,0,0,0,0,-0.0209326,-0.00729936,0.448619,1.09338,0.772351,1.6623,-0.0334786,-0.00881278,0.452968,0.0118691,-0.010913,0.000617574,0.000365448,0.013811
167,1.38744,0.177495,-1.0655,0.0811107,0.12793,0.550898,0.645115,0.871539,1.17575,0.433589,0.65651,0.572174,3.74123,0.00926021,0,0,0,0,0,-0.0452155,-0.0291692,0.600417,0.881567,0.818353,1.48683,-0.0188086,-0.000238925,0.283084,0.00845405,-0.0115138,-4.97327e-05,-0.000258299,0.0176719
168,0.790609,-0.124251,0.545581,0.0699377,-0.157159,0.43756,0.25491,0.420103,0.241466,0.351324,0.433799,0.18224,2.06302,0.00598246,0,0,0,0,0,-0.033501,-0.00853975,0.67325,0.756258,0.805578,1.27556,-0.0414222,-0.0339193,0.440351,0.00549264,-0.00950888,-0.000224925,-0.000300719,0.0101104
169,1.30793,1.07481,0.170765,0.261603,0.821762,0.794394,1.22546,1.08415,2.67712,0.480799,1.19125,1.29149,0.333871,0.00260522,0,0,0,0,0,-0.134225,-0.164486,0.982283,0.934646,0.630204,1.15051,-0.129566,-0.268939,0.257761,0.00860665,-0.00824707,0.000619892,-0.00111562,0.00487666
170,2.22892,2.34729,-0.527813,0.118645,1.0531,0.853853,2.51758,1.95116,10.1452,0.583933,1.38329,2.69901,1.53234,0.00494598,0,0,0,0,0,-0.147945,-0.372463,0.932383,1.14374,0.768059,1.71571,0.0414248,-0.058964,0.141575,0.00544676,-0.00463768,1.27722e-05,0.000233065,0.0184066
171,2.35324,0.10279,0.422163,0.0765034,0.0436801,0.51742,0.995049,1.40642,2.96814,0.632751,1.57304,2.21236,1.5263,0.00493418,0,0,0,0,0,-0.0567505,-0.0564695,0.314511,0.94557,0.929341,1.79984,0.103238,0.00171535,0.326459,0.0137191,-0.0114559,-0.000119822,0.000379194,0.0453496
172,2.28167,0.51179,0.186517,0.406442,0.224305,0.58874,1.1863,1.50497,3.67224,0.596923,0.998444,1.50262,0.292563,0.00252454,0,0,0,0,0,-0.0446218,-0.0529349,0.38961,1.8087,0.514682,2.10725,-0.0152059,-0.0272726,0.524246,0.0003304,-0.000836555,1.56134e-06,-9.36964e-06,3.27585e-05
173,1.15667,0.206906,-0.624363,0.184863,0.178881,0.570984,0.567886,0.748193,0.882287,0.478924,0.464606,0.347615,1.45215,0.00478936,0,0,0,0,0,-0.0297193,-0.0168772,0.557649,2.39107,0.43435,2.64927,-0.0308309,-0.0177034,0.323306,0.000841126,-0.00107168,-4.93245e-06,-1.22096e-05,0.000753327
174,0.92306,0.409427,0.0475202,0.0481522,0.443554,0.671317,0.608955,0.671234,0.821381,0.289193,0.640371,0.429839,0.216556,0.00237609,0,0,0,0,0,-0.0671758,-0.0409071,0.914509,0.781857,0.739417,1.13696,-0.0456903,-0.0827608,0.219933,0.00780108,-0.0121827,0.00022527,0.000133219,0.00960674
175,1.2094,-0.47745,-0.20174,0.032249,-0.394782,0.346502,0.282802,0.540846,0.372491,0.43647,0.707549,0.382675,1.1234,0.00414726,0,0,0,0,0,-0.0159526,-0.00451141,0.196554,0.735807,0.896659,1.48437,0.0453382,0.00106567,0.419946,0.0176346,-0.0156503,6.41495e-06,0.000538165,0.0220784
176,3.0524,1.26696,1.23692,1.85413,0.41507,0.660955,1.95828,2.19128,8.63657,1.18087,1.316,2.88372,0.908386,0.00372732,0,0,0,0,0,-0.0640284,-0.125386,0.424155,2.88298,0.315892,3.03828,-0.0100985,-0.0533512,0.187231,0.000964308,-0.000618103,3.68981e-06,-6.9108e-05,0.000963172
177,1.82813,0.0996187,-0.543945,0.0541253,0.054492,0.521728,0.782896,1.09961,1.82206,0.390915,0.817756,0.899209,2.33805,0.00651964,0,0,0,0,0,-0.0342826,-0.0268397,0.365474,0.966815,0.702521,1.35694,-0.00780308,-0.00438524,0.187328,0.00282868,-0.00646718,-6.03186e-05,-1.68848e-05,0.00342868
178,1.3659,1.05924,0.0720749,0.0900291,0.77549,0.780975,1.23178,1.1152,2.76094,0.578549,0.887931,0.99022,0.240211,0.00242229,0,0,0,0,0,-0.0723635,-0.0891356,0.710472,0.767818,0.875746,1.4728,0.0143389,-0.0579445,0.388715,0.0399534,-0.0180025,0.000734212,-0.00283986,0.0224853
179,1.13442,0.724489,-0.404876,0.0736519,0.638644,0.738473,0.905148,0.886456,1.6051,0.386188,0.482954,0.428117,1.49187,0.00486692,0,0,0,0,0,-0.0424608,-0.0384333,0.766461,0.955703,0.830196,1.60646,-0.0218328,-0.00597984,0.289253,0.0113023,-0.00977566,-0.000167882,-0.000706711,0.00992301
180,1.62729,0.667349,0.131756,0.0533001,0.410098,0.659133,1.03884,1.1656,2.43779,0.484121,0.935965,1.09096,0.570699,0.00306777,0,0,0,0,0,-0.0424825,-0.0441323,0.395691,1.42189,0.936678,2.31477,0.0179172,0.00328666,0.330368,0.00811919,-0.0120108,-0.00021202,-7.14773e-05,0.024408
181,1.49304,1.74912,-0.324994,0.200099,1.17152,0.879304,1.83749,1.34118,5.17515,0.577489,1.21785,1.63337,0.726528,0.00337212,0,0,0,0,0,-0.124894,-0.229493,0.894035,0.877739,0.711299,1.23701,-0.077271,-0.07119,0.262784,0.00558659,-0.002301,-0.000201207,0.000394689,0.00533884
182,1.18944,0.586622,-0.0392481,0.0710061,0.493194,0.689062,0.822331,0.884594,1.45874,0.313584,0.710711,0.62869,0.147289,0.0022408,0,0,0,0,0,-0.0756904,-0.0622426,0.928441,0.684688,0.768859,1.01369,-0.0449396,-0.104784,0.223639,0.00335577,-0.00569392,-8.16123e-05,0.000215863,0.000523201
183,2.38074,2.74732,-0.0242346,0.842126,1.15398,0.875745,2.8943,2.13031,12.9152,0.957688,1.31694,2.80549,0.0264088,0.0020047,0,0,0,0,0,-0.138532,-0.400953,0.917045,6.04096,0.392251,6.36277,-0.00988555,-0.0808079,0.310405,0.00460108,-0.00632397,0.000397864,-0.000375309,0.0208888
184,2.87421,0.713791,-0.216391,0.219714,0.248343,0.598066,1.53843,1.91573,6.03678,0.496424,1.21855,2.33441,0.461648,0.00285478,0,0,0,0,0,-0.0397649,-0.0611755,0.284487,1.19951,0.666853,1.60681,-0.000788689,-0.00105286,0.145579,0.00399208,-0.00367522,-1.44513e-05,-0.000153894,0.00835751
185,1.94674,1.41028,-0.219842,0.0468539,0.72443,0.765599,1.68011,1.56336,5.26684,0.670619,1.47536,2.30652,1.01564,0.00393679,0,0,0,0,0,-0.0636948,-0.107014,0.376368,1.87552,0.482609,2.14107,0.204554,0.0430905,0.633697,0.010534,-0.00932695,-0.00073942,-0.000126618,0.0611797
186,1.22092,0.0811462,0.365108,0.225747,0.0664634,0.526496,0.530163,0.73959,0.828066,0.666584,0.559631,0.413898,0.76844,0.00345398,0,0,0,0,0,-0.0437913,-0.0232165,0.682169,0.642329,0.820194,1.11226,-0.0915848,-0.0526429,0.355527,0.0104349,-0.0142485,0.000301743,-0.000287691,0.0112207
187,1.92831,1.75803,0.225295,0.362123,0.911695,0.819035,1.945,1.63888,6.46896,0.714847,1.11316,1.82434,0.374389,0.00268435,0,0,0,0,0,-0.114995,-0.223666,0.900591,3.58899,0.701327,4.21882,0.0376858,-0.0935304,0.154013,0.00676434,-0.00349216,-0.000208482,0.000577976,0.0132938
188,1.31903,-0.677023,0.374827,0.117184,-0.513274,0.30388,0.251791,0.540484,0.355522,0.468989,0.788805,0.426337,1.09496,0.00409171,0,0,0,0,0,-0.00141642,-0.000356642,0.0156541,1.27016,0.574922,1.54644,-0.016908,-0.00905448,1.52782,0.00170404,-0.000945379,-4.87458e-05,-6.60185e-05,0.000105754
189,1.39912,0.381793,0.233302,0.062043,0.272881,0.607528,0.770771,0.942627,1.48263,0.313152,0.657033,0.619337,0.936638,0.0037825,0,0,0,0,0,-0.0342588,-0.0264057,0.45456,1.44495,0.543881,1.72018,0.000680208,-0.0088318,0.165751,0.00216663,-0.00251379,-4.619e-06,6.7466e-05,0.00220671
190,1.68985,0.865596,0.50491,0.77217,0.512233,0.695756,1.18881,1.26764,3.02019,0.934632,0.922804,1.16979,0.574589,0.00307537,0,0,0,0,0,-0.0759823,-0.0903286,0.717811,4.15664,0.299149,4.34478,-0.036714,-0.0679978,0.57498,0.000888008,-0.000113363,6.01075e-05,-0.0001063,5.85516e-05
191,0.804399,-0.368561,0.14253,0.0249655,-0.458182,0.323411,0.169614,0.343182,0.146543,0.302001,0.379654,0.13029,0.902064,0.00371497,0,0,0,0,0,-0.00516591,-0.000876213,0.118622,0.935865,0.824764,1.57047,0.00752425,-0.00332659,0.793072,0.00940867,-0.0123239,-0.000887657,-0.000289921,0.00994245
192,1.67678,-0.0408043,1.20244,0.0459915,-0.024335,0.490293,0.651989,0.962632,1.35175,0.56823,1.15977,1.11644,5.60694,0.0129042,0,0,0,0,0,-0.0400723,-0.0261267,0.301215,0.728989,0.943563,1.59297,0.0752144,-0.00711291,0.310298,0.0170758,-0.0132989,-0.00117295,-0.000585842,0.0288966
193,1.32019,0.764934,0.410911,0.196484,0.579414,0.718845,0.993999,1.01277,2.01374,0.434235,1.06803,1.08167,0.927009,0.00376369,0,0,0,0,0,-0.118985,-0.118271,0.971216,0.910484,0.638887,1.12587,-0.1095,-0.223347,0.253766,0.00555488,-0.00538792,0.00012461,-0.000478631,0.00397086
194,1.27244,-0.375159,0.0244456,0.036274,-0.294834,0.38406,0.343637,0.613021,0.493881,0.525906,0.739435,0.453289,0.128352,0.00220381,0,0,0,0,0,0.0126485,0.0043465,0.149124,0.939388,0.914965,1.76326,0.0536928,-0.0275027,0.722666,0.0124732,-0.0140113,-0.000651791,-0.000189385,0.0226716
195,1.06956,0.148968,-0.658191,0.0281783,0.139279,0.555385,0.503382,0.676366,0.710864,0.390664,0.611975,0.413919,3.92098,0.00961129,0,0,0,0,0,-0.0286899,-0.014442,0.408698,1.04139,0.852333,1.75287,-0.000748277,-0.00630507,0.586001,0.00957748,-0.0140741,-9.42753e-05,0.000228794,0.0174515
196,1.45,1.47018,-0.242031,0.134584,1.01392,0.844689,1.58923,1.25876,4.11011,0.448162,0.798384,1.00497,0.659742,0.00324168,0,0,0,0,0,-0.074071,-0.117716,0.808804,1.01395,0.74697,1.51251,-0.0187492,-0.0454451,0.255525,0.00730624,-0.00548786,0.000110162,0.000340379,0.0201486
197,0.83983,-0.0664144,0.448925,0.026132,-0.0790807,0.468484,0.303567,0.46688,0.310129,0.328079,0.416428,0.194422,2.77708,0.00737711,0,0,0,0,0,-0.0310195,-0.00941648,0.649383,0.906842,0.807625,1.49655,-0.0273575,-0.0236898,0.41003,0.00670633,-0.0260818,-0.000101903,-0.000124338,0.0100211
198,1.28598,-0.709014,-0.967844,0.236277,-0.55134,0.2907,0.231819,0.510773,0.314629,1.0551,0.667628,0.341006,1.99111,0.005842,0,0,0,0,0,-0.00200998,-0.000465951,0.026246,0.379728,0.958289,1.20831,-0.0187042,0.0331732,0.354566,0.0416848,-0.0129874,0.0039935,0.00173304,0.0101464
199,1.07013,0.167697,0.273484,0.0347997,0.156708,0.562262,0.512972,0.68369,0.730572,0.259126,0.495515,0.338778,1.46603,0.00481647,0,0,0,0,0,-0.048956,-0.0251131,0.861304,0.598909,0.822159,1.00827,-0.0236235,-0.048123,0.245896,0.00562379,-0.00894327,-1.94933e-05,-0.000288509,0.00177424
200,2.07895,2.03931,0.427153,0.820521,0.980937,0.836688,2.21996,1.79229,8.14053,0.995947,1.22702,2.19917,0.471561,0.00287414,0,0,0,0,0,-0.130793,-0.290357,0.929269,4.71947,0.577608,5.22595,0.0164452,-0.116935,0.191595,0.00514159,-0.00206002,-0.000351555,0.000588138,0.00977395
201,0.896276,-0.518887,0.217301,0.0264065,-0.578937,0.281316,0.155615,0.347519,0.144986,0.401894,0.4918,0.17091,1.33723,0.0045649,0,0,0,0,0,0.00169812,0.000264252,0.0301015,0.894924,0.894996,1.67082,0.0486194,-0.00326234,0.97183,0.0125156,-0.0162472,0.00108197,0.000235274,0.0127892
202,1.42921,0.903303,-0.178601,0.788638,0.63203,0.736316,1.13318,1.11449,2.5262,0.856801,0.659207,0.734683,0.201115,0.00234593,0,0,0,0,0,-0.0654897,-0.0742119,0.86608,3.163,0.212165,3.22041,-0.0629777,-0.120135,0.325516,0.00489585,-0.00401714,0.000119063,-0.00030247,0.00700046
203,1.46608,-0.155784,-0.0368929,0.275602,-0.106259,0.457688,0.510009,0.802214,0.903657,0.919813,0.583763,0.468303,0.0702752,0.00209038,0,0,0,0,0,0.000423008,0.000215738,0.00631711,0.513688,0.932613,1.29818,-0.00267065,-0.044456,0.311545,0.0279017,-0.0113357,0.00234467,0.00231868,0.00906709
204,1.75997,1.26178,-0.487916,0.12619,0.716929,0.763291,1.50889,1.40996,4.26476,0.453131,0.750986,1.05886,1.37351,0.00463576,0,0,0,0,0,-0.0764,-0.115279,0.886887,1.62235,0.518345,1.89701,0.00216138,-0.0272861,0.316498,0.00170741,-0.00219343,-2.85585e-05,-4.60004e-06,0.0059048
205,1.01168,0.417903,0.203058,0.0301289,0.413076,0.660225,0.647763,0.725623,0.946125,0.343729,0.481148,0.349132,1.16985,0.00423798,0,0,0,0,0,-0.0323027,-0.0209245,0.585285,1.54377,0.366312,1.59815,0.0507467,-0.0567067,0.800356,0.028201,-0.0385505,0.00164772,0.000972904,0.00716532
206,1.70957,1.31215,-1.14939,0.0939983,0.767534,0.778618,1.53137,1.39218,4.28328,0.573466,0.992563,1.38183,3.74892,0.00927524,0,0,0,0,0,-0.101328,-0.15517,0.889972,1.03561,0.80472,1.65328,-0.00136459,-0.0159701,0.163253,0.0237016,-0.017824,0.00125142,0.00130475,0.0244359
207,1.34851,-0.124145,0.0957301,0.0356586,-0.0920603,0.463325,0.478685,0.744008,0.782686,0.441565,0.594605,0.442391,0.506951,0.00294326,0,0,0,0,0,-0.00144029,-0.000689447,0.0211168,0.641659,0.917021,1.41967,0.0360137,-0.00109769,0.449867,0.0137681,-0.0158783,-0.000594555,-0.000379059,0.0150761
208,1.15169,0.595362,0.0347374,0.350193,0.516949,0.697404,0.813675,0.865788,1.41166,0.632479,0.459278,0.397637,0.0587008,0.00206778,0,0,0,0,0,-0.0398699,-0.0324412,0.756793,2.92253,0.318757,3.08332,-0.0514394,-0.0765125,0.400822,0.00457017,-0.00157961,-5.00483e-06,-0.000434097,0.00482672
209,1.64364,-0.438072,0.195715,0.0440221,-0.266526,0.394917,0.460745,0.808617,0.866148,0.560316,0.950616,0.768685,0.932801,0.003775,0,0,0,0,0,0.0210322,0.00969046,0.192879,0.856554,0.874403,1.58028,0.174887,-0.0201036,0.885737,0.0211396,-0.0167561,-0.00259272,-0.000510209,0.0155079
210,1.54604,1.21097,-0.16201,0.105148,0.783269,0.783265,1.40336,1.26548,3.57085,0.472676,1.01407,1.28329,0.499622,0.00292895,0,0,0,0,0,-0.10464,-0.146847,0.899567,0.702247,0.79965,1.16378,-0.0477097,-0.08591,0.264441,0.00247366,-0.00271242,7.59551e-05,7.18417e-05,0.00901232
211,1.2222,0.720597,0.402915,0.148954,0.589591,0.722268,0.929666,0.94055,1.74891,0.441265,0.891802,0.838785,1.04397,0.00399212,0,0,0,0,0,-0.0996159,-0.0926095,0.973794,0.90337,0.625873,1.08172,-0.0746763,-0.201278,0.237405,0.000643332,-0.00106706,6.89221e-06,-7.72559e-06,0.000215436
212,1.29533,0.43127,0.742925,0.0492742,0.332941,0.630411,0.763198,0.896244,1.38573,0.48864,1.03975,0.931866,3.34684,0.00848992,0,0,0,0,0,-0.0769557,-0.0587324,0.645238,0.903137,0.673502,1.19241,0.0453339,-0.0999801,0.541513,0.0142565,-0.00815604,0.000614708,0.000819251,0.022938
213,1.62303,0.523809,0.583311,0.454072,0.322736,0.626552,0.945712,1.11788,2.14403,0.709227,0.453155,0.506573,0.865641,0.00364383,0,0,0,0,0,-0.0461228,-0.0436189,0.887311,1.01683,0.679913,1.38434,-0.0175976,-0.0386911,0.428882,4.92251e-05,-0.000273111,-1.04775e-06,4.94591e-06,0.000204522
214,1.21783,0.411183,0.181311,0.102072,0.337635,0.632181,0.721181,0.844388,1.23309,0.471578,0.436949,0.368955,0.567506,0.00306154,0,0,0,0,0,-0.025786,-0.0185964,0.51447,1.49868,0.826407,2.21529,0.0225209,-0.0185041,0.690281,0.0203935,-0.0405383,-0.00167981,0.000390954,0.00953372
215,1.69679,1.71035,-0.328635,0.080925,1.00799,0.843271,1.85112,1.47116,5.59096,0.424417,1.07379,1.57971,1.15524,0.00420945,0,0,0,0,0,-0.115462,-0.213734,0.937404,2.2563,0.594901,2.70317,0.00147736,-0.0240201,0.105785,0.010806,-0.0112418,0.000300764,0.000509861,0.0194832
216,0.867211,-0.301516,-0.485677,0.167995,-0.347684,0.364039,0.217589,0.401684,0.208695,0.695118,0.378891,0.152194,1.18495,0.00426748,0,0,0,0,0,-0.0215477,-0.00468852,0.495784,2.56191,0.12502,2.48701,-0.0937261,-0.0456563,0.623551,0.00404569,-0.00191291,0.000114373,1.05423e-05,0.00747215
217,1.4819,1.22725,-0.850138,0.227031,0.828163,0.796211,1.39565,1.23093,3.46303,0.489133,0.763107,0.939333,1.78421,0.00543791,0,0,0,0,0,-0.077233,-0.10779,0.882316,1.77272,0.717373,2.34746,-0.0337294,-0.0305619,0.177639,0.00429763,-0.00686215,8.84806e-05,-0.000292237,0.0116401
218,1.66157,0.500966,0.549348,0.0269647,0.301501,0.618484,0.945676,1.13369,2.17955,0.472041,1.00166,1.13557,3.34541,0.00848714,0,0,0,0,0,-0.0483335,-0.0457078,0.420664,1.41535,0.798615,2.07963,0.0600101,-0.0146586,0.211937,0.00940369,-0.0218674,9.96028e-05,0.000164697,0.017949
219,1.00385,1.05275,0.472987,0.0894778,1.04871,0.852845,1.13009,0.877923,2.04784,0.358332,0.550068,0.482917,1.58122,0.00504144,0,0,0,0,0,-0.0472796,-0.05343,0.749315,1.06307,0.651243,1.39571,-0.019591,-0.0175642,0.369021,0.00815111,-0.0147061,-0.000376177,0.00046002,0.0111843
220,0.746252,-0.333771,0.0317623,0.0433047,-0.447264,0.327342,0.160307,0.320956,0.128711,0.346597,0.291714,0.0936273,0.152632,0.00225123,0,0,0,0,0,-0.00920852,-0.00147619,0.275194,0.841555,0.809422,1.41223,0.0118775,0.000212878,0.588256,0.0135409,-0.0152889,0.00145417,0.000950047,0.0075403
221,1.41367,0.97265,-0.39543,0.0406004,0.688031,0.754283,1.18098,1.1221,2.65381,0.463613,0.75637,0.84872,1.96247,0.00578608,0,0,0,0,0,-0.0699196,-0.0825734,0.805881,0.779544,0.884242,1.5084,-0.000389576,0.00390011,0.180293,0.0304292,-0.0128736,0.000410204,0.00113556,0.0236194
222,1.59869,0.91324,-0.0998933,0.131433,0.571242,0.716082,1.19377,1.22335,2.92167,0.403031,0.564525,0.69061,0.275539,0.00249129,0,0,0,0,0,-0.0635,-0.0758044,0.980612,1.21668,0.644408,1.59076,-0.00287056,-0.0242602,0.279233,0.00536846,-0.00706663,0.000147325,-0.00040806,0.00396247
223,0.946056,-0.466736,-0.215495,0.10202,-0.493349,0.310883,0.187426,0.393318,0.189828,0.766144,0.601193,0.23646,0.674676,0.00327085,0,0,0,0,0,-0.00374156,-0.000701263,0.0542557,0.721362,0.837137,1.30741,-0.0500376,0.00396714,0.353871,0.0236846,-0.0295272,0.00648208,0.00130016,0.0265906
224,1.56738,1.35104,-0.742728,0.40178,0.861968,0.805647,1.51639,1.31652,4.03268,0.587962,0.623053,0.820261,1.17175,0.0042417,0,0,0,0,0,-0.0683719,-0.103679,0.956664,1.43088,0.695331,1.93263,-0.0263652,-0.047402,0.350074,0.00234392,-0.00438817,-1.05126e-05,4.87783e-05,0.00200342
225,1.27002,1.212,0.207537,0.0954117,0.954311,0.830037,1.32727,1.08886,2.94727,0.389131,0.689046,0.750277,0.671884,0.0032654,0,0,0,0,0,-0.0674395,-0.0895106,0.853244,0.973344,0.745503,1.45485,-0.0112264,-0.0380028,0.176616,0.00410584,-0.00698945,2.70443e-05,-1.04376e-05,0.00424412
226,1.84896,1.27398,-1.2779,0.179259,0.689023,0.754596,1.54601,1.46807,4.54537,0.634249,0.752196,1.10428,3.01825,0.00784815,0,0,0,0,0,-0.0644981,-0.0997145,0.747519,1.47681,0.811557,2.16787,-0.00260258,-0.0307112,0.363013,0.0571717,-0.0164896,0.00295302,0.00251874,0.0261811
227,1.02418,-0.681952,-0.701812,0.727574,-0.665849,0.252754,0.156398,0.367573,0.15957,0.875576,0.285591,0.104976,0.822777,0.00356011,0,0,0,0,0,0.00873293,0.00136581,0.266577,1.16139,0.589471,1.42392,-0.100816,-0.0882017,0.393116,0.000846079,-0.000219546,-6.47106e-05,-8.64532e-05,3.83703e-05
228,1.17677,0.474371,0.447497,0.0891798,0.403111,0.656567,0.745991,0.840248,1.26252,0.30187,0.687845,0.57796,1.4985,0.00487988,0,0,0,0,0,-0.0762054,-0.0568486,0.965834,0.65027,0.793587,1.023,-0.0497884,-0.111566,0.21707,0.00138355,-0.00319925,-2.25261e-05,5.63179e-05,0.000354128
229,1.66002,0.87193,-0.815376,0.191611,0.525254,0.700297,1.1816,1.25263,2.96528,0.504482,0.588538,0.737222,1.86272,0.00559125,0,0,0,0,0,-0.0566019,-0.0668811,0.838424,0.712624,0.862359,1.36385,0.0428278,-0.0655704,0.193218,0.0236951,-0.0197778,-0.000331334,-0.00105024,0.00436734
230,1.45246,2.28455,0.632595,0.898823,1.57288,0.942127,2.31898,1.38251,7.28901,0.848804,2.03025,2.80684,0.66725,0.00325635,0,0,0,0,0,-0.230077,-0.533544,0.987942,1.01481,0.601445,1.22721,-0.2741,-0.63732,0.277624,0.0254604,-0.0131983,-0.000882065,0.000884661,0.0168821
231,1.88824,1.83464,0.365304,0.89533,0.971614,0.834379,2.00128,1.62472,6.64482,0.837243,0.871945,1.41666,0.386067,0.00270716,0,0,0,0,0,-0.0988008,-0.197728,0.987821,11.1364,0.0882517,11.18,-0.00238514,-0.180984,0.340631,0.0157763,-0.007262,0.00019476,-0.000148018,0.00739996
232,1.97741,1.6185,-0.0559599,0.156333,0.818495,0.793463,1.84781,1.63733,6.09524,0.726995,1.41542,2.3175,0.141531,0.00222955,0,0,0,0,0,-0.112199,-0.207322,0.69105,1.62765,0.823304,2.34878,0.000849366,-0.0299355,0.3952,0.00741213,-0.0086898,-0.000531163,0.000134713,0.0520884
233,1.03682,0.221309,0.18646,0.0572707,0.213449,0.584512,0.531897,0.680677,0.746235,0.286029,0.548823,0.373571,0.779146,0.00347489,0,0,0,0,0,-0.0489166,-0.0260186,0.777017,0.770278,0.838493,1.38292,-0.033489,-0.0423628,0.356259,0.00535861,-0.0172135,-9.86581e-05,0.000133411,0.00710325
234,1.89747,1.67368,-0.160455,0.0983977,0.882056,0.811127,1.86583,1.60306,6.05113,0.435902,0.882326,1.41442,0.511517,0.00295218,0,0,0,0,0,-0.0978583,-0.182587,0.966887,1.59764,0.650843,2.05656,0.0224712,-0.037262,0.189199,0.00046507,-0.00121188,8.22624e-07,-3.37099e-05,0.000141611
235,0.974677,0.544546,-0.54046,0.0544257,0.558694,0.711815,0.718522,0.742981,1.06829,0.327863,0.558571,0.415007,2.31666,0.00647784,0,0,0,0,0,-0.0590965,-0.0424621,0.922338,0.811979,0.693423,1.06778,-0.0214164,-0.0609226,0.293827,0.00177989,-0.00708379,2.2434e-05,2.04233e-05,0.000366778
236,0.990816,-0.178346,0.280728,0.0501533,-0.179999,0.428577,0.308818,0.519297,0.365038,0.370382,0.535054,0.277852,1.25353,0.00440143,0,0,0,0,0,-0.030933,-0.00955266,0.504,1.02839,0.76815,1.57291,-0.0404335,-0.0230722,0.506272,0.0101481,-0.0136661,0.00021543,0.0002978,0.0147633
237,1.05121,0.265147,-0.0238,0.061685,0.25223,0.599569,0.56527,0.701847,0.812118,0.253225,0.575267,0.403749,0.095827,0.00214029,0,0,0,0,0,-0.0629189,-0.0355662,0.953495,0.613523,0.815235,1.01777,-0.042539,-0.0864151,0.219074,0.00112176,-0.00571831,6.4656e-06,2.88317e-05,0.000491264
238,1.09731,-0.33013,-0.87902,0.174657,-0.300855,0.381763,0.293945,0.52629,0.363384,0.723473,0.497634,0.2619,2.10332,0.00606118,0,0,0,0,0,-0.0143768,-0.00422598,0.251859,1.24478,0.665747,1.66208,-0.0589424,-0.0781774,0.725585,0.00435478,-0.00198265,-0.000511431,-0.000285099,0.00331181
239,1.0174,0.0907406,0.936636,0.107455,0.0891887,0.535534,0.45335,0.624646,0.595709,0.365859,0.541668,0.338351,2.85731,0.00753382,0,0,0,0,0,-0.0511031,-0.0231676,0.822472,0.753196,0.763934,1.15239,-0.0529122,-0.0733219,0.325587,0.0131266,-0.0153275,0.000319929,0.000876566,0.0117339
240,1.1773,0.704261,0.329899,0.154232,0.598199,0.725147,0.90321,0.908417,1.64101,0.377485,0.944494,0.857995,0.840029,0.00359381,0,0,0,0,0,-0.105837,-0.0955928,0.976886,0.882831,0.665739,1.13754,-0.0961356,-0.198082,0.253268,0.0074661,-0.00974046,0.000163998,-0.000509059,0.00302268
241,0.549386,-0.413138,0.851747,0.029505,-0.751998,0.226026,0.072502,0.182362,0.0385126,0.303818,0.289344,0.0527654,4.95864,0.011638,0,0,0,0,0,-0.0136581,-0.00099024,0.411513,0.832753,0.825126,1.43694,-0.01702,-0.0107938,0.714331,0.00819846,-0.024649,0.00190671,0.000821196,0.0117374
242,1.28195,-0.332156,-0.468238,0.0237103,-0.259103,0.397778,0.362805,0.634142,0.533763,0.392519,0.679287,0.430765,3.04087,0.00789233,0,0,0,0,0,0.018899,0.00685666,0.242545,0.886035,0.887572,1.64443,0.0944474,-0.00793719,0.654981,0.0126514,-0.0222991,0.00149934,0.000264954,0.015335
243,1.59429,0.496533,-0.0481658,0.219176,0.311444,0.622269,0.91749,1.09259,2.03554,0.527878,0.590692,0.645383,0.102883,0.00215407,0,0,0,0,0,-0.0250981,-0.0230273,0.370413,2.15683,0.366428,2.31224,0.000540257,-0.0308109,0.306499,0.000165923,-0.000600799,1.32054e-07,-3.25037e-07,3.2806e-05
244,1.51418,1.94123,0.740482,0.811636,1.28204,0.900085,2.01208,1.38649,5.97083,0.8036,1.78415,2.47372,0.821928,0.00355845,0,0,0,0,0,-0.202267,-0.406977,0.988325,0.960597,0.652964,1.24382,-0.274883,-0.511892,0.281238,0.0256326,-0.0131239,-0.000355337,0.000533435,0.013518
245,0.91456,-0.317102,0.0436561,0.0267107,-0.346726,0.364399,0.229786,0.423918,0.232509,0.264896,0.418979,0.177613,0.267118,0.00247484,0,0,0,0,0,-0.0114048,-0.00262066,0.237302,1.11065,0.564564,1.30772,0.000497997,-0.00460157,0.703576,0.00395061,-0.0307848,4.1771e-06,8.05605e-05,0.00088516
246,2.40067,0.30787,-0.19604,0.0214993,0.128243,0.551022,1.11661,1.50829,3.52177,0.355222,1.175,1.77225,1.337,0.00456446,0,0,0,0,0,-0.0338996,-0.0378527,0.251514,0.720752,0.917293,1.51805,0.0569243,-0.0143955,0.114549,0.00793352,-0.0343164,-0.000325371,-7.76482e-05,0.0282067
247,1.03155,-0.521828,-0.530901,0.0990443,-0.505867,0.306475,0.199683,0.424966,0.22047,0.780962,0.678319,0.288263,1.68694,0.00524792,0,0,0,0,0,0.000924091,0.000184525,0.0118765,0.650436,0.889431,1.3522,-0.00751185,-0.0179213,0.272917,0.0182312,-0.0169787,0.00308118,0.00053526,0.0228985
248,1.03216,0.491695,0.436546,0.163238,0.476375,0.683096,0.702529,0.761801,1.07389,0.386809,0.761239,0.579913,1.08049,0.00406345,0,0,0,0,0,-0.0818152,-0.0574776,0.936958,0.812629,0.795596,1.3372,-0.100652,-0.152836,0.31087,0.0110831,-0.0137484,8.31564e-05,0.000372803,0.00767213
249,1.13374,0.396104,0.0895069,0.0976913,0.349378,0.636597,0.67987,0.790219,1.08667,0.388111,0.711934,0.562584,0.286371,0.00251244,0,0,0,0,0,-0.0696083,-0.0473247,0.85237,0.786161,0.786944,1.27411,-0.0693839,-0.0902244,0.340375,0.0100611,-0.0152881,0.000371335,0.000735778,0.0104122
250,1.42014,1.06258,0.0447437,0.0875711,0.748219,0.772836,1.25128,1.14926,2.88651,0.41194,0.743937,0.854978,0.1512,0.00224844,0,0,0,0,0,-0.0696818,-0.0871917,0.816563,0.949648,0.743269,1.41727,-0.0173591,-0.0155486,0.207108,0.00676036,-0.0121835,3.72818e-05,0.000284468,0.0100916
251,1.05849,0.330371,0.172025,0.0607619,0.312115,0.622523,0.609598,0.725614,0.898127,0.316446,0.614855,0.446148,0.697873,0.00331616,0,0,0,0,0,-0.0634445,-0.0386757,0.899555,0.666531,0.784163,1.02742,-0.0352583,-0.0817383,0.244728,0.00306188,-0.00461282,-3.39162e-05,0.000153606,0.001051
252,2.05201,1.94083,-0.514385,1.32691,0.945816,0.827879,2.12961,1.75623,7.61958,1.03532,0.950412,1.66914,0.446548,0.00282529,0,0,0,0,0,-0.107598,-0.229143,0.986963,12.1908,0.0937287,12.2438,0.00513768,-0.215423,0.355101,0.014781,-0.00557168,0.000195011,-5.43674e-05,0.0110984
253,1.11052,0.725711,-0.284283,0.0909393,0.65349,0.74328,0.898595,0.87185,1.5676,0.473923,0.714967,0.623344,0.942703,0.00379434,0,0,0,0,0,-0.0752168,-0.0675895,0.91714,0.695432,0.764959,1.02723,-0.0457343,-0.137571,0.392073,0.0117173,-0.00533972,0.000117767,-0.000972705,0.00901083
254,2.04414,1.78435,0.614672,0.515589,0.872911,0.808644,1.99462,1.72318,6.94789,0.800274,0.901739,1.55386,0.856035,0.00362507,0,0,0,0,0,-0.102505,-0.20446,0.990998,10.3889,0.240664,10.5842,0.0441391,-0.0906485,0.220114,0.000534903,-0.000214141,-1.9832e-05,2.31456e-05,5.69186e-05
255,1.51686,0.884414,0.63421,0.0445226,0.583056,0.720072,1.14627,1.16495,2.67106,0.52498,1.01183,1.17874,3.00568,0.0078236,0,0,0,0,0,-0.0608964,-0.0698039,0.524674,1.698,0.505887,1.96846,0.0402968,0.0172263,0.588933,0.00841876,-0.0122661,-0.000260772,0.000217376,0.0259409
256,1.16455,-0.272944,0.412087,0.0285869,-0.234377,0.407346,0.340016,0.586642,0.459759,0.420297,0.609496,0.357556,2.43728,0.00671344,0,0,0,0,0,0.0111562,0.00379328,0.15957,1.11753,0.846037,1.8282,0.0864254,-0.013178,1.13019,0.0154446,-0.0165856,-0.00209736,-0.000444264,0.0104255
257,1.66082,0.985087,-0.220496,0.0725207,0.593133,0.723454,1.26777,1.27949,3.24434,0.311166,0.591345,0.756623,0.818784,0.00355231,0,0,0,0,0,-0.0623546,-0.0790513,0.919251,0.529272,0.877188,1.09987,0.00456846,-0.0227257,0.168203,0.00866523,-0.0141543,-0.000102773,-0.00021415,0.00172044
258,2.13204,0.15196,1.61361,0.0589556,0.0712743,0.52841,0.930932,1.2952,2.54418,0.616402,1.46313,1.89504,6.64563,0.0149329,0,0,0,0,0,-0.0511112,-0.0475811,0.304538,1.62835,0.169283,1.4655,0.233601,0.0250064,1.14825,0.0125602,-0.0114343,-0.000195539,-0.000205521,0.0347393
259,2.20263,0.379441,-0.296252,0.0618403,0.172267,0.568386,1.07298,1.42013,3.16806,0.621943,1.5512,2.20291,1.19131,0.00427991,0,0,0,0,0,-0.0464998,-0.0498933,0.26133,1.04116,0.957055,1.95704,0.0932524,-0.007278,0.260612,0.015021,-0.0100003,0.000287862,0.000219642,0.0467129
260,0.808191,-0.214383,0.0735201,0.0317015,-0.265263,0.395403,0.226922,0.397975,0.209878,0.46096,0.449363,0.178835,0.41292,0.00275961,0,0,0,0,0,-0.0132938,-0.00301666,0.257905,0.969507,0.90869,1.78371,0.0269406,-0.0200471,0.917247,0.0200289,-0.0188733,-0.00209121,-0.000796397,0.0132111
261,1.21433,0.780454,0.437054,0.0507598,0.642701,0.739791,0.972654,0.950118,1.84878,0.473471,0.807338,0.767066,1.93988,0.00574196,0,0,0,0,0,-0.063526,-0.0617888,0.685967,0.96902,0.748998,1.4561,0.0190223,-0.0437648,0.422131,0.00946532,-0.015319,0.000356987,-0.000164614,0.0213855
262,1.95096,1.71486,-0.259479,0.99957,0.878981,0.810294,1.91331,1.64724,6.37413,0.893174,0.854786,1.40804,0.259535,0.00246003,0,0,0,0,0,-0.0967924,-0.185194,0.987166,11.7815,0.0768532,11.8161,-0.00216115,-0.183577,0.345225,0.0146217,-0.00650481,7.27898e-05,-2.79479e-05,0.00808018
263,1.15385,0.757929,0.571621,0.144752,0.656867,0.744367,0.936622,0.906843,1.69962,0.383747,0.938827,0.851368,1.50243,0.00488757,0,0,0,0,0,-0.105065,-0.0984058,0.975613,0.884802,0.66678,1.14372,-0.096145,-0.19129,0.250638,0.00817406,-0.0090446,0.000357269,-0.00051989,0.00786259
264,1.98078,1.67684,-0.339332,0.116852,0.846555,0.801378,1.89316,1.65532,6.32415,0.562327,1.18141,1.95561,0.992677,0.00389195,0,0,0,0,0,-0.11558,-0.218812,0.852881,2.5016,0.721806,3.12577,0.00422168,-0.0419073,0.149813,0.00611632,-0.00710453,2.41859e-05,4.1308e-05,0.0266774
265,0.944491,-0.075809,0.412093,0.568948,-0.0802644,0.468013,0.340839,0.5247,0.391481,0.754451,0.586643,0.307811,0.546335,0.00302019,0,0,0,0,0,-0.0140668,-0.0047945,0.209039,2.03306,0.530395,2.37827,-0.125822,-0.0487094,0.680722,0.004405,-0.0086791,0.000460732,0.00015839,0.00705555
266,2.28568,2.28846,0.663664,0.384848,1.00122,0.841639,2.48033,1.97891,10.0681,0.723051,1.09929,2.17539,1.0698,0.00404258,0,0,0,0,0,-0.121094,-0.300353,0.960324,4.06513,0.431459,4.39523,0.0669277,-0.102165,0.207833,0.00144199,-0.00134622,-4.20039e-05,4.61373e-05,0.000354711
267,0.914987,-0.521001,0.116459,0.0296141,-0.569408,0.28454,0.160962,0.357746,0.153891,0.440059,0.581478,0.208021,0.676743,0.00327489,0,0,0,0,0,0.00319133,0.000513682,0.0478459,1.18666,0.880096,1.96763,0.118112,-0.00928223,1.49366,0.0144239,-0.0156496,0.0013212,0.000381525,0.0099184
268,0.935011,-0.222757,-0.0251325,0.026954,-0.23824,0.405847,0.271688,0.469678,0.294411,0.420807,0.511812,0.240387,0.153082,0.00225211,0,0,0,0,0,-0.00789185,-0.00214412,0.134423,1.07184,0.843941,1.77188,0.0365734,-0.00400701,0.852333,0.0171582,-0.0248547,-0.00173175,-0.000673757,0.0117155
269,1.36437,1.02004,-0.397143,0.138343,0.747627,0.772658,1.20153,1.10391,2.6623,0.468148,0.784087,0.865565,1.06774,0.00403856,0,0,0,0,0,-0.082743,-0.099418,0.91997,0.913595,0.663522,1.18785,-0.0262574,-0.0580863,0.262329,0.000103457,-0.000164338,8.74527e-07,-2.57032e-06,3.57831e-05
270,1.11644,-0.330338,-0.513125,0.0278855,-0.295886,0.383658,0.30108,0.537443,0.379494,0.504016,0.514086,0.276292,3.0728,0.00795469,0,0,0,0,0,-0.00849433,-0.00255747,0.144046,0.576782,0.940342,1.40609,0.0226868,-0.00611949,0.32504,0.0116253,-0.0182535,0.000130139,0.000316808,0.0116144
271,1.0107,0.00385358,-0.192503,0.0276008,0.00381279,0.501521,0.407219,0.589965,0.513887,0.340834,0.373961,0.220624,1.15872,0.00421624,0,0,0,0,0,-0.0148651,-0.00605337,0.346537,0.784652,0.83228,1.38759,0.00288594,-0.00621722,0.47567,0.0136357,-0.00923291,-0.000430921,-0.000569021,0.00729828
272,1.82528,1.819,-0.507494,0.132394,0.99656,0.840511,1.97347,1.57876,6.38705,0.594396,1.10318,1.74165,1.39475,0.00467724,0,0,0,0,0,-0.112639,-0.222288,0.890121,2.78608,0.670777,3.35633,0.00496995,-0.0403713,0.130175,0.00639754,-0.00583865,0.000248679,0.000260007,0.0161029
273,1.37511,2.76453,0.593394,0.987091,2.0104,0.977805,2.77583,1.34822,9.52289,0.884381,2.35891,3.18032,0.597262,0.00311965,0,0,0,0,0,-0.267518,-0.742584,0.988664,1.15017,0.485882,1.23352,-0.296762,-0.8136,0.282236,0.0275898,-0.0120299,-0.000732122,0.000847027,0.022037
274,1.59381,1.08039,-0.707428,0.113306,0.677864,0.751071,1.31916,1.26099,3.33028,0.366666,0.643215,0.811087,2.10163,0.00605786,0,0,0,0,0,-0.0615276,-0.0811649,0.833913,1.47757,0.508078,1.70865,0.0156879,-0.0446111,0.189464,0.000108666,0.000364158,5.18101e-06,-1.34518e-05,2.69858e-05
275,0.952028,0.0367887,0.50254,0.0306537,0.0386425,0.515412,0.40016,0.567289,0.481944,0.326397,0.457933,0.25978,2.87032,0.00755921,0,0,0,0,0,-0.0338639,-0.013551,0.644676,0.686775,0.865079,1.33414,-0.0245348,-0.025223,0.327921,0.00847217,-0.0130524,1.51519e-05,0.0003373,0.00982764
276,1.02069,-0.329332,-0.14574,0.0181243,-0.322656,0.373478,0.265356,0.481672,0.302422,0.352984,0.480296,0.231345,1.08255,0.00406749,0,0,0,0,0,5.42968e-05,1.4408e-05,0.000985534,1.10641,0.807123,1.74285,0.0480335,-0.00511304,1.04785,0.013828,-0.0225854,-0.000494087,-0.000236928,0.0141843
277,1.25054,0.490344,0.359972,0.0445608,0.392107,0.65251,0.783977,0.888502,1.40406,0.333121,0.459721,0.408463,1.70527,0.00528372,0,0,0,0,0,-0.0336882,-0.0264108,0.638838,0.990303,0.846498,1.68152,-0.00727665,0.00596881,0.343284,0.00915222,-0.0314479,7.98565e-05,-0.00030488,0.0137929
278,1.13789,0.777144,0.157346,0.0602213,0.682972,0.752688,0.946215,0.901736,1.70845,0.355615,0.736429,0.664065,0.641182,0.00320543,0,0,0,0,0,-0.0650872,-0.0615865,0.770498,0.952195,0.71622,1.36402,-0.0105515,-0.0236371,0.326136,0.00705761,-0.0141352,-0.00013196,7.55708e-05,0.0149863
279,1.30128,-0.286343,0.30247,0.254046,-0.220047,0.412917,0.386697,0.662436,0.588357,0.842169,0.567376,0.375851,0.600104,0.0031252,0,0,0,0,0,0.00428905,0.00165856,0.0659018,0.934119,0.772331,1.45722,-0.0424664,0.0163911,0.412143,0.0263646,-0.0155658,-0.00454221,-0.00240449,0.016503
280,1.14984,0.450232,0.253598,0.0938111,0.39156,0.652308,0.72045,0.816759,1.18614,0.523098,0.541315,0.442124,0.827977,0.00357027,0,0,0,0,0,-0.0386838,-0.0278697,0.622996,1.23404,0.771994,1.82974,0.0404679,-0.0419554,0.823173,0.0149714,-0.0461136,0.00104096,0.00034286,0.0238409
281,1.44809,0.349843,0.733807,0.0289437,0.241589,0.595451,0.76886,0.962345,1.51725,0.451488,1.01363,0.975458,4.31325,0.0103774,0,0,0,0,0,-0.0560156,-0.0430682,0.481768,0.854098,0.80978,1.43045,0.22934,-0.0446882,1.12214,0.00695155,-0.0109879,-0.000258055,0.000183553,0.0220724
282,1.24562,0.682631,0.0681402,0.16371,0.548024,0.708162,0.908168,0.946435,1.72051,0.391336,0.963553,0.91194,0.168409,0.00228205,0,0,0,0,0,-0.106641,-0.0968478,0.964839,0.899522,0.64999,1.13127,-0.098129,-0.196276,0.269574,0.00532781,-0.0122895,0.000136842,-0.000516997,0.00336389
283,1.29167,1.16005,-0.216572,0.0849555,0.898099,0.815434,1.28784,1.09478,2.85708,0.358648,0.692511,0.758147,0.743031,0.00340436,0,0,0,0,0,-0.0628363,-0.0809233,0.791025,0.810439,0.770141,1.27007,0.00260866,-0.0274514,0.26647,0.0113838,-0.0111176,7.876e-05,-0.000413337,0.0168385
284,1.17029,0.313775,0.406279,0.103941,0.268117,0.605695,0.641158,0.786812,1.03016,0.333291,0.695358,0.547116,1.26018,0.00441441,0,0,0,0,0,-0.0749256,-0.0480391,0.939353,0.623014,0.813685,1.0378,-0.0562689,-0.112006,0.235145,0.00451778,-0.008431,-2.62161e-06,0.000300781,0.00205913
285,1.84583,1.35914,0.192096,0.104291,0.736332,0.769236,1.6097,1.48802,4.80533,0.675014,1.50625,2.24134,0.594832,0.00311491,0,0,0,0,0,-0.097149,-0.15638,0.562272,1.25472,0.888796,2.05682,0.0489548,-0.0314817,0.411615,0.0101076,-0.00394494,-6.23743e-05,0.000498588,0.0432824
286,2.04462,1.39984,-0.396096,0.151161,0.684643,0.753215,1.70281,1.62116,5.52771,0.468244,0.804952,1.30495,1.01878,0.00394293,0,0,0,0,0,-0.0885344,-0.150757,0.958845,0.975305,0.765167,1.49777,0.013371,-0.0376643,0.220025,0.0114409,-0.00742974,0.000218161,-0.00037757,0.000354694
287,2.32993,2.50621,0.701115,1.55671,1.07566,0.85896,2.67658,2.0495,11.3645,1.13162,1.16262,2.38278,0.561934,0.00305065,0,0,0,0,0,-0.131088,-0.350867,0.982949,11.4377,0.119553,11.5141,0.00180888,-0.243792,0.349222,0.0197343,-0.00638927,-2.17516e-05,0.000154702,0.0122362
288,0.850467,-0.364644,-0.0566085,0.100477,-0.428758,0.33405,0.188398,0.370832,0.17301,0.46759,0.408428,0.151458,0.178586,0.00230193,0,0,0,0,0,-0.0108439,-0.00204297,0.231461,1.03287,0.800226,1.64117,0.0223423,0.0123089,0.736778,0.0147247,-0.0132479,-0.00286293,-0.00027307,0.0123409
289,1.00951,-0.601068,0.0759662,0.0935864,-0.595406,0.275786,0.171273,0.385796,0.178173,0.350838,0.622719,0.240242,0.248321,0.00243813,0,0,0,0,0,-0.00863723,-0.00147932,0.120917,0.88269,0.684986,1.18333,-0.0217404,-0.0112242,1.84544,0.000419549,-0.000475766,-1.77488e-05,-1.66888e-05,4.84596e-05
290,1.19867,0.481426,0.953026,0.0656011,0.401633,0.656023,0.758743,0.855314,1.30725,0.359708,0.385784,0.329966,3.72091,0.00922052,0,0,0,0,0,-0.0337561,-0.0256122,0.762807,1.17217,0.718716,1.6624,0.00336015,-0.0127145,0.295941,0.00796976,-0.00880561,6.98427e-05,-0.000310337,0.00522133
291,3.2039,0.745993,0.633659,0.0799848,0.232839,0.592057,1.68323,2.1211,7.3323,0.65321,1.68813,3.58068,2.24054,0.00632917,0,0,0,0,0,-0.0541599,-0.0911634,0.279692,0.987346,0.936264,1.859,0.125771,-0.000100315,0.367749,0.00958991,-0.00922933,-0.000164453,-0.000177597,0.0456692
292,1.22109,-0.242843,-0.0291717,0.0592452,-0.198873,0.421181,0.372237,0.631286,0.537082,0.580394,0.68808,0.434375,0.119849,0.00218721,0,0,0,0,0,-0.00382844,-0.00142509,0.0485054,0.759016,0.940362,1.61888,0.103904,-0.0006551,0.722871,0.0117889,-0.023278,0.000764149,0.000165805,0.01573
293,2.46523,2.38247,-0.200011,0.376796,0.966428,0.833085,2.60188,2.11889,11.2595,0.692123,1.15335,2.44382,0.325837,0.00258953,0,0,0,0,0,-0.124759,-0.324609,0.943016,3.51218,0.614026,4.03637,0.0277293,-0.0706577,0.195349,0.000766772,-0.000905872,2.77276e-05,-4.75806e-05,0.000202613
294,1.18193,0.533173,0.413983,0.123367,0.451102,0.674042,0.785426,0.862422,1.36067,0.347527,0.821533,0.708508,1.17864,0.00425517,0,0,0,0,0,-0.0902855,-0.0709126,0.958076,0.789029,0.715254,1.08153,-0.0758786,-0.146514,0.238798,0.00359127,-0.00606354,-7.37367e-05,0.000233263,0.00232462
295,1.12853,0.74363,0.0299277,0.10969,0.658938,0.745032,0.917838,0.887518,1.63012,0.322783,0.431049,0.382564,0.090363,0.00212962,0,0,0,0,0,-0.0400988,-0.0368042,0.810984,1.16861,0.535309,1.3429,0.00352693,-0.0493389,0.522661,0.000936506,-0.00375004,-2.69291e-05,5.31465e-05,0.000266013
296,1.03193,0.169075,-0.136026,0.020859,0.163843,0.565072,0.498345,0.662056,0.686666,0.364752,0.494062,0.327097,0.941835,0.00379265,0,0,0,0,0,-0.014224,-0.00708846,0.250985,0.708034,0.861948,1.35618,0.0163093,-0.00963619,0.503137,0.0113541,-0.011682,-0.000347619,-0.000371621,0.0171972
297,1.32024,0.940666,0.0428662,0.0324153,0.712496,0.761921,1.12745,1.05618,2.38665,0.335879,0.775525,0.819091,0.238089,0.00241814,0,0,0,0,0,-0.0726862,-0.0819501,0.817077,1.57874,0.550747,1.8908,-0.00788486,-0.0046466,0.215283,0.0122758,-0.01183,0.000390924,0.000514333,0.0215392
298,0.782645,-0.0769532,0.463733,0.0632984,-0.0983246,0.460837,0.275366,0.430231,0.260925,0.299412,0.449482,0.193381,1.8432,0.00555312,0,0,0,0,0,-0.0427444,-0.0117703,0.829037,0.719694,0.881114,1.42363,-0.0493866,-0.0554688,0.293336,0.0075047,-0.0149459,-3.20323e-05,0.00037099,0.00860989
299,1.23285,0.568853,1.00723,0.13202,0.461411,0.677748,0.827367,0.903783,1.50136,0.555823,0.866137,0.782799,2.77211,0.00736741,0,0,0,0,0,-0.0776346,-0.0642323,0.781404,1.08943,0.649351,1.42943,-0.0718342,-0.0991161,0.390603,0.0137293,-0.0203871,0.000634283,0.000751579,0.00977947
300,1.99712,2.04359,0.520205,0.21609,1.02327,0.84691,2.20484,1.73716,7.87902,0.788536,1.4237,2.47319,1.11907,0.00413881,0,0,0,0,0,-0.117058,-0.258094,0.716785,1.79335,0.805953,2.49878,-0.0497555,0.0123403,0.302276,0.0181126,-0.0115309,-0.000588132,0.000994515,0.0222323
301,1.52781,1.19753,0.114051,0.145387,0.783821,0.783427,1.38745,1.25078,3.48945,0.390409,0.73894,0.92425,0.299114,0.00253733,0,0,0,0,0,-0.0799784,-0.110966,0.943561,1.78874,0.624178,2.23327,-0.0190692,-0.021224,0.196143,0.00471169,-0.00370642,0.000242167,-0.000370027,0.00458633
302,1.20061,-0.302024,-0.513416,0.0338162,-0.251559,0.400691,0.343068,0.597217,0.474364,0.441479,0.654924,0.391132,2.79194,0.00740614,0,0,0,0,0,0.00501054,0.00171895,0.066696,0.866903,0.862266,1.56585,0.0834225,-0.00905561,0.637041,0.0140421,-0.01843,0.000468265,8.85717e-05,0.0167094
303,1.16267,0.687305,-0.813061,0.405551,0.591143,0.722788,0.885757,0.89517,1.58589,0.703681,0.696272,0.623282,1.27673,0.00444675,0,0,0,0,0,-0.0609765,-0.0540104,0.763468,2.04681,0.444083,2.28437,-0.243578,-0.113476,0.546341,0.013202,-0.0150561,0.00146517,0.00163102,0.0158222
304,2.2318,0.778393,-0.0853169,0.0301399,0.348773,0.63637,1.33748,1.55515,4.20735,0.462412,1.37876,2.14418,0.491433,0.00291295,0,0,0,0,0,-0.0642045,-0.0858725,0.405959,0.830915,0.942533,1.70332,0.0599282,-0.0106698,0.137022,0.0110308,-0.0113804,-0.000216357,-8.172e-05,0.0404746
305,1.88664,1.5232,-0.287037,0.1493,0.807358,0.79027,1.74704,1.55648,5.47476,0.508079,1.02431,1.59432,0.742862,0.00340403,0,0,0,0,0,-0.104536,-0.182628,0.889689,0.971795,0.771842,1.50678,-0.0352314,-0.0236775,0.15342,0.0133766,-0.0157933,0.000288062,0.000392417,0.0177427
306,1.22088,0.35541,0.67503,0.100502,0.29111,0.614517,0.68677,0.829181,1.15919,0.497679,0.839355,0.695977,2.12929,0.0061119,0,0,0,0,0,-0.0642297,-0.044111,0.667109,0.593254,0.890733,1.27199,-0.0603707,-0.0820895,0.344808,0.00789838,-0.0203818,0.000765056,0.0002156,0.0191718
307,1.00545,0.0820604,0.401924,0.0724535,0.0816159,0.532524,0.444217,0.61455,0.575,0.353138,0.612864,0.376636,1.49319,0.0048695,0,0,0,0,0,-0.053279,-0.0236674,0.757877,0.840209,0.849876,1.50428,-0.0492406,-0.0614942,0.319898,0.0124339,-0.0130229,-0.000352199,0.000509668,0.0141389
308,1.21406,0.748819,-0.584433,0.0728975,0.616788,0.731313,0.948548,0.942216,1.78751,0.472857,0.563536,0.530973,2.1646,0.00618087,0,0,0,0,0,-0.0452001,-0.0428745,0.699237,1.48564,0.761342,2.09804,0.0265613,-0.0285249,0.562694,0.0192177,-0.0501881,4.21101e-05,-0.00109521,0.0198882
309,0.993045,0.112867,0.83887,0.0381248,0.113657,0.545245,0.454647,0.618567,0.589329,0.279066,0.49591,0.306754,4.29627,0.0103443,0,0,0,0,0,-0.050747,-0.023072,0.892101,0.801456,0.705447,1.0796,-0.0225796,-0.0560783,0.26621,0.00452281,-0.00852873,9.82862e-05,-7.53615e-05,0.00158299
310,1.56546,0.897778,-0.266703,0.0923431,0.57349,0.716844,1.17163,1.19875,2.80972,0.462171,0.745523,0.893694,0.877659,0.0036673,0,0,0,0,0,-0.0705297,-0.0826348,0.824741,1.05767,0.733122,1.54315,-0.00484943,-0.000659466,0.126658,0.00659692,-0.00922409,-0.000199658,0.000234386,0.00971848
311,3.67578,1.3512,2.02428,2.94123,0.367596,0.643413,2.24695,2.58302,11.7208,1.48527,1.11703,2.8853,1.18034,0.00425848,0,0,0,0,0,-0.0338377,-0.0760316,0.264085,2.81021,0.251192,2.88945,-0.0585976,-0.109738,0.33322,0.00149946,0.00022605,6.57083e-05,-0.000213447,0.00254802
312,1.43524,1.46231,-0.492126,0.201425,1.01886,0.845864,1.57911,1.24725,4.04922,0.672118,1.30622,1.62918,1.09653,0.00409478,0,0,0,0,0,-0.136636,-0.215763,0.911918,0.686039,0.777488,1.0516,-0.088195,-0.170507,0.30052,0.0115046,-0.00830138,9.37065e-05,0.000630165,0.00939457
313,0.748067,-0.284028,-0.989012,0.0542614,-0.379682,0.352091,0.179019,0.338325,0.146512,0.518014,0.433888,0.146795,4.24576,0.0102456,0,0,0,0,0,-0.0200262,-0.00358508,0.402372,1.10254,0.612695,1.38145,-0.0331825,-0.0379339,0.572594,0.00511885,-0.00197653,-0.000521445,-0.000177638,0.00426319
314,1.24273,0.724882,-0.665221,0.180892,0.583299,0.720154,0.939344,0.954492,1.79342,0.471556,0.926426,0.884266,1.56407,0.00500796,0,0,0,0,0,-0.102963,-0.0967178,0.968897,0.871333,0.678464,1.14701,-0.0853968,-0.196993,0.249449,0.0202119,-0.0115985,0.000233501,-0.0021439,0.00785506
315,1.11945,0.674884,0.256809,0.0501057,0.602872,0.726703,0.862797,0.865031,1.4927,0.345735,0.624879,0.54054,1.14727,0.00419389,0,0,0,0,0,-0.0520562,-0.0449139,0.726244,0.963499,0.723064,1.39474,-0.0055517,-0.0165226,0.368005,0.00770833,-0.0168331,-0.000299777,-0.000116682,0.0138404
316,2.02962,1.88318,0.0207972,0.246588,0.92785,0.823257,2.07521,1.73067,7.30172,0.665122,1.21388,2.10082,0.0418812,0.00203492,0,0,0,0,0,-0.12505,-0.259506,0.898082,2.81817,0.781138,3.52928,0.0374339,-0.069941,0.121128,0.00644564,-0.00342825,8.82922e-05,0.00028981,0.0174995
317,1.39716,0.267594,1.59668,0.0319738,0.191527,0.575944,0.697225,0.908645,1.31176,0.458658,1.03054,0.936398,8.92938,0.0193933,0,0,0,0,0,-0.0327218,-0.0228145,0.276808,1.36212,0.531462,1.59815,0.381539,-0.0117026,2.5305,0.012941,-0.0130706,-0.00017075,-0.000143757,0.0278133
318,1.06373,0.277781,0.464903,0.0454105,0.261138,0.603007,0.578044,0.712982,0.842478,0.341981,0.470764,0.335646,2.18165,0.00621415,0,0,0,0,0,-0.0263019,-0.0152036,0.487069,1.57913,0.596659,1.95668,0.00123298,-0.00932857,0.722112,0.00864438,-0.0204567,-0.000367866,-0.000127355,0.013214
319,1.19325,0.410452,0.4043,0.0616414,0.343978,0.634569,0.711449,0.829692,1.19455,0.303985,0.702802,0.583109,1.62843,0.00513364,0,0,0,0,0,-0.0716627,-0.0509843,0.888928,0.791449,0.711254,1.07495,-0.0411235,-0.0934539,0.264374,0.00435901,-0.0142656,-6.16094e-05,-0.000180444,0.00198459
320,0.977119,-0.0861128,-0.574459,0.0771518,-0.0881292,0.464887,0.348771,0.540338,0.413606,0.517906,0.453302,0.244936,2.06817,0.00599252,0,0,0,0,0,1.21083e-05,4.22304e-06,0.000232865,1.35251,0.68916,1.83119,0.00836927,-0.00652294,0.667698,0.0494636,-0.0146384,0.00774173,0.00313274,0.0224992
321,0.8911,-0.248901,-0.0971776,0.0270801,-0.279319,0.39,0.245662,0.434267,0.248937,0.277531,0.329306,0.143006,0.590528,0.0031065,0,0,0,0,0,-0.0090893,-0.00223289,0.240623,1.20153,0.617882,1.52643,-0.00733775,-0.00280701,0.884515,0.00280866,-0.0140188,9.15154e-05,3.92087e-05,0.00159307
322,1.31874,0.857392,0.412946,0.198414,0.650161,0.742206,1.06375,1.03423,2.2012,0.445674,1.07187,1.10857,0.927059,0.00376379,0,0,0,0,0,-0.120069,-0.127723,0.97655,0.827372,0.673865,1.04621,-0.0953237,-0.228545,0.240186,0.00428182,-0.00545643,0.00015668,-0.000409282,0.00282818
323,1.00775,-0.570056,-0.111257,0.0423809,-0.56567,0.285809,0.178188,0.395304,0.188016,0.471523,0.559895,0.221329,0.540434,0.00300866,0,0,0,0,0,0.00252019,0.000449067,0.0392404,0.908542,0.915652,1.73043,0.0429096,-0.00755596,0.70583,0.0165274,-0.0137567,-0.0021561,-0.000481819,0.0117972
324,1.22211,0.777116,0.804582,0.254311,0.63588,0.737573,0.972554,0.954153,1.85627,0.461059,0.987007,0.941756,1.59547,0.00506927,0,0,0,0,0,-0.109068,-0.106074,0.963346,0.906478,0.698044,1.25389,-0.12945,-0.215071,0.288238,0.0098998,-0.0126254,-0.00045164,0.0010666,0.00337667
325,1.03267,-0.327013,-0.0568721,0.0316955,-0.316667,0.375748,0.270712,0.489503,0.312898,0.52452,0.609709,0.298454,0.319448,0.00257705,0,0,0,0,0,-0.00573565,-0.00155271,0.0820101,0.668417,0.937702,1.50872,0.0639213,-0.00865343,0.54664,0.013021,-0.0278382,-0.000453863,-0.000158883,0.0139216
326,1.17172,-0.299962,-0.00539949,0.0185326,-0.256003,0.398974,0.332924,0.58094,0.448329,0.374567,0.848476,0.492913,0.0396629,0.00203059,0,0,0,0,0,-0.0300956,-0.0100196,0.309222,0.640908,0.93022,1.45564,0.0310905,-0.00504026,0.306596,0.0130649,-0.0254558,-0.000485831,-0.000322838,0.025467
327,1.39595,1.00859,0.35581,0.249429,0.722516,0.765012,1.20272,1.12034,2.70171,0.492486,1.15779,1.29712,0.712434,0.0033446,0,0,0,0,0,-0.127487,-0.153331,0.959936,0.848652,0.680599,1.10888,-0.119678,-0.233593,0.260816,0.00905515,-0.00805175,0.000341522,-0.000778824,0.00350145
328,0.651981,-0.328534,0.276293,0.0197648,-0.503901,0.307166,0.126672,0.26898,0.0883962,0.35009,0.388392,0.10447,1.96528,0.00579156,0,0,0,0,0,-0.00993545,-0.00125855,0.22301,1.01362,0.846465,1.70897,0.0230747,-0.00822118,0.764344,0.0119551,-0.0172544,0.00178377,0.000107831,0.0103591
329,1.05921,0.226742,0.88977,0.10056,0.214066,0.584752,0.543798,0.695559,0.77952,0.401876,0.413399,0.287543,2.80586,0.00743332,0,0,0,0,0,-0.0226363,-0.0123096,0.477357,1.25336,0.659133,1.66181,-0.0111016,0.00408527,0.427988,0.00703284,-0.00749527,-0.000410023,-0.000446215,0.0118464
330,1.54119,1.29215,-0.991183,0.0962487,0.83841,0.7991,1.46349,1.28451,3.79176,0.500959,0.857432,1.10138,3.19489,0.00819315,0,0,0,0,0,-0.0865824,-0.126712,0.880312,1.47038,0.616947,1.85898,0.00213218,-0.0281599,0.187913,0.0200556,-0.0191497,0.000718552,0.00106536,0.0170634
331,3.76131,0.890109,1.46896,0.107443,0.236648,0.593535,1.98521,2.49425,10.1624,0.728049,1.76727,4.40801,4.48147,0.010706,0,0,0,0,0,-0.0667036,-0.132421,0.329044,0.831101,0.92762,1.67005,0.0425634,0.00729614,0.216178,0.0124282,-0.0114738,-4.03593e-05,-0.000180305,0.0417185
332,1.36842,1.638,1.11118,0.576752,1.197,0.884347,1.71392,1.23622,4.46579,0.685728,1.54387,1.90857,1.46315,0.00481085,0,0,0,0,0,-0.174751,-0.29951,0.986768,1.04767,0.599607,1.27572,-0.209704,-0.440126,0.28846,0.0200008,-0.0120758,-0.000763275,0.00146628,0.00617695
333,1.11217,0.361229,0.462703,0.0793439,0.324796,0.627332,0.649505,0.766725,1.00972,0.31417,0.691772,0.530399,1.64265,0.00516143,0,0,0,0,0,-0.0756246,-0.0491186,0.95303,0.754125,0.731249,1.05286,-0.0518912,-0.115333,0.222695,0.00376078,-0.00560011,1.47423e-05,-0.000165918,0.00143419
334,1.74879,1.33112,-0.178925,0.0478955,0.761164,0.77672,1.55805,1.42118,4.44725,0.313577,0.737224,1.04773,0.817567,0.00354994,0,0,0,0,0,-0.081603,-0.127141,0.964969,1.12975,0.700394,1.57612,0.00660491,-0.0126327,0.201841,0.0045191,-0.00696698,-0.000109588,0.000125955,0.000183825
335,1.67354,1.57529,0.535361,1.31059,0.941292,0.826722,1.73036,1.43098,5.04183,1.02716,0.885856,1.26764,0.467642,0.00286649,0,0,0,0,0,-0.0712597,-0.123305,0.701274,4.71182,0.275085,4.88778,-0.0139592,-0.0497097,0.245915,0.0022798,-0.00164068,0.000472871,-0.000603429,0.00541791
336,1.17747,0.46359,0.487219,0.254331,0.393718,0.653105,0.739378,0.837193,1.24757,0.597106,0.832717,0.697145,0.966106,0.00384005,0,0,0,0,0,-0.0800927,-0.0592188,0.838499,0.691326,0.854376,1.31033,-0.127221,-0.110629,0.285554,0.0203793,-0.0169187,0.000173163,-0.000853918,0.0176612
337,1.12295,0.393969,-0.86002,0.0605766,0.350835,0.637144,0.674442,0.783207,1.06829,0.453206,0.532579,0.41712,3.49427,0.00877786,0,0,0,0,0,-0.0378479,-0.0255262,0.619533,0.945209,0.800724,1.53187,-0.0020504,-0.0122805,0.441076,0.0214171,-0.0189213,-0.00112104,-0.00113197,0.0132755
338,2.55932,0.750313,0.150726,0.0324244,0.293169,0.615304,1.44303,1.73979,5.10919,0.457685,1.27532,2.21879,0.837051,0.00358799,0,0,0,0,0,-0.0440894,-0.0636223,0.301384,0.940222,0.916576,1.76753,0.043694,-0.0114055,0.111729,0.0102164,-0.0169375,-0.000311235,-7.44979e-05,0.021004
339,1.29268,0.0931231,-0.301548,0.0134445,0.0720389,0.528715,0.564929,0.785649,0.936388,0.327417,0.722501,0.567632,2.60067,0.00703255,0,0,0,0,0,-0.0104811,-0.00592108,0.126467,1.63871,0.337357,1.67869,0.144241,-0.0230879,1.7658,0.00906437,-0.0246746,-0.000221919,0.000137168,0.0184008
340,1.6703,0.970035,0.701831,0.200947,0.580755,0.719297,1.25931,1.28189,3.22909,0.602592,0.934908,1.19845,1.56564,0.00501102,0,0,0,0,0,-0.0636587,-0.0801658,0.593602,1.49651,0.703753,2.02088,-0.040638,0.0364408,0.435524,0.00615975,-0.0116271,0.000697134,-0.000189985,0.00807801
341,1.08823,0.316181,0.454155,0.0786231,0.290546,0.614301,0.61176,0.738906,0.920232,0.301574,0.694574,0.513225,1.61968,0.00511657,0,0,0,0,0,-0.0759898,-0.0464875,0.953769,0.920926,0.60762,1.07378,-0.0523943,-0.121319,0.208577,0.00575149,-0.00659653,-1.76315e-05,-0.00022201,0.00211179
342,1.78262,0.417534,0.597829,0.0448194,0.234225,0.592595,0.938105,1.18087,2.27449,0.564864,1.28296,1.51501,2.82387,0.00746849,0,0,0,0,0,-0.0506853,-0.0475482,0.344409,0.748436,0.965813,1.66792,0.0794901,-0.01606,0.247732,0.017697,-0.0154325,0.000310214,0.000416673,0.0229437
343,1.70325,1.28497,0.6044,0.146331,0.754418,0.774701,1.50875,1.38114,4.18388,0.500272,0.704746,0.973355,1.58,0.00503905,0,0,0,0,0,-0.0704622,-0.10631,0.871627,2.27209,0.579121,2.69991,0.000129223,-0.0353472,0.293517,0.00734957,-0.00313082,-0.000109594,-0.000374722,0.0118295
344,2.25426,0.905257,1.19708,0.0614182,0.401576,0.656002,1.42683,1.60849,4.62308,0.638756,1.62054,2.60661,4.83031,0.0113873,0,0,0,0,0,-0.0664506,-0.094814,0.357476,1.12914,0.939053,2.01459,0.160507,-0.000993431,0.55617,0.0223706,-0.0112475,-0.000797458,-0.000225821,0.0517668
345,1.38393,0.559014,-0.68909,0.0882867,0.403931,0.656868,0.878039,0.988531,1.74814,0.420241,0.479263,0.473766,2.31915,0.00648271,0,0,0,0,0,-0.0371278,-0.0325996,0.675355,1.39132,0.792345,2.04278,-0.00669217,-0.00739229,0.423914,0.0175179,-0.0106923,0.000212146,0.000728492,0.0129456
346,1.09986,-0.130077,0.189108,0.0219141,-0.118267,0.452928,0.376008,0.59765,0.498567,0.392467,0.647363,0.386896,1.27747,0.00444817,0,0,0,0,0,-0.0220758,-0.0083007,0.297287,0.652563,0.955431,1.5374,0.0217365,-0.00556542,0.360743,0.00839121,-0.0185804,-0.000545929,-0.000110127,0.0146234
347,1.40141,1.43427,0.216225,0.34975,1.02345,0.846952,1.54739,1.21904,3.88046,0.61603,1.44268,1.75868,0.365617,0.00266722,0,0,0,0,0,-0.162254,-0.25107,0.98047,0.980451,0.598923,1.1646,-0.13765,-0.393852,0.274128,0.0171565,-0.00852642,0.00133891,-0.00226248,0.00609039
348,1.08019,0.942696,0.289178,0.0902172,0.872717,0.808591,1.05386,0.910525,1.93968,0.368721,0.606001,0.551779,0.962765,0.00383353,0,0,0,0,0,-0.0565505,-0.0595964,0.813524,0.987317,0.649279,1.27885,0.00987375,-0.0651161,0.316249,0.00751284,-0.0111132,-0.000116264,0.000600552,0.00689916
349,1.34102,1.22218,-0.934877,0.0724442,0.911378,0.818952,1.35227,1.13967,3.12747,0.510213,0.938435,1.0695,3.47338,0.00873708,0,0,0,0,0,-0.0814458,-0.110137,0.756609,0.969926,0.809168,1.58086,-0.0183514,0.00342894,0.311533,0.0105182,-0.0257297,-0.000399272,0.000358709,0.0313499
350,1.36309,1.30687,0.34857,0.376272,0.958757,0.831159,1.42971,1.16973,3.41233,0.589183,1.35266,1.58224,0.56825,0.00306299,0,0,0,0,0,-0.151845,-0.217094,0.978631,1.07819,0.579601,1.2856,-0.160351,-0.349382,0.278986,0.0258038,-0.0127145,0.00162133,-0.00214426,0.0076276
351,1.68344,1.28493,-0.263357,0.200341,0.763275,0.77735,1.50252,1.36901,4.13176,0.473431,0.712069,0.974829,0.588382,0.00310231,0,0,0,0,0,-0.0761555,-0.114425,0.932365,2.39223,0.466679,2.68942,-0.00405777,-0.0353825,0.351636,0.00305678,-0.00336218,-0.000170364,0.000239451,0.00413301
352,1.02435,-0.157974,-0.00129336,0.121461,-0.154218,0.438719,0.331781,0.545223,0.407347,0.690532,0.490602,0.267488,0.00371108,0.00196037,0,0,0,0,0,-0.00457605,-0.00151825,0.0813145,0.899563,0.792349,1.45343,-0.0459592,-0.0144191,0.220889,0.0203042,-0.0192384,-0.000734021,-0.000798825,0.00914359
353,0.957435,-0.0918806,0.0618092,0.0524932,-0.0959654,0.461774,0.337994,0.527039,0.39201,0.326239,0.502478,0.264826,0.269775,0.00248003,0,0,0,0,0,-0.0387603,-0.0131007,0.672475,0.698289,0.910297,1.47266,-0.0386583,-0.0398787,0.382331,0.0132846,-0.00965378,0.000387019,0.000751392,0.0114509
354,1.3571,-0.260715,-0.436867,0.0145122,-0.192113,0.423827,0.417022,0.705053,0.671007,0.356526,0.734988,0.518206,3.62646,0.00903606,0,0,0,0,0,0.0264414,0.0110267,0.313625,0.856787,0.897948,1.63306,0.11491,-0.0146217,0.70395,0.0123624,-0.0125295,-0.000323979,-0.000221142,0.0127141
355,1.31197,0.598807,-0.213011,0.0358019,0.456419,0.675956,0.876285,0.95961,1.68873,0.440659,0.953452,0.914942,1.12577,0.0041519,0,0,0,0,0,-0.0929467,-0.0814478,0.849849,0.978655,0.581054,1.12455,-0.0239692,-0.131661,0.310043,0.00767088,-0.00739677,5.41492e-05,-7.81145e-05,0.0141867
356,0.877687,-0.0426865,-0.478311,0.0653678,-0.0486353,0.480605,0.330611,0.496716,0.356031,0.572817,0.426471,0.211835,1.8708,0.00560704,0,0,0,0,0,0.00141768,0.000468702,0.0289799,0.897955,0.825966,1.52493,-0.0168444,-0.00704201,0.47778,0.0234329,-0.0191009,-0.00493605,-0.00177859,0.01943
357,1.69721,1.38655,0.637093,1.25499,0.816958,0.793024,1.58399,1.4046,4.48193,0.958692,0.780408,1.09616,0.568699,0.00306386,0,0,0,0,0,-0.0655199,-0.103783,0.731911,4.38592,0.15526,4.42848,0.00189281,-0.0665796,0.258181,0.000819457,-0.000535437,0.000128476,-0.000190126,0.000683411
358,1.30008,0.489451,0.988637,0.0158413,0.376476,0.646719,0.802084,0.917236,1.48466,0.304478,0.636585,0.583899,7.85491,0.0172947,0,0,0,0,0,-0.0560307,-0.0449413,0.76732,1.28979,0.44457,1.37258,0.0344594,-0.0222676,0.60625,0.00737877,-0.0232825,4.53346e-06,0.000222666,0.00930335
359,1.43181,1.20159,-0.132073,0.258668,0.839212,0.799325,1.36049,1.19365,3.27574,0.544876,1.34819,1.60927,0.259682,0.00246032,0,0,0,0,0,-0.151373,-0.205941,0.978825,1.09576,0.534899,1.23261,-0.12288,-0.314035,0.255119,0.0168677,-0.00918327,0.000603149,-0.00191637,0.00912039
360,1.03464,-0.147092,-0.0430964,0.0300198,-0.142167,0.443474,0.341349,0.554516,0.424007,0.509156,0.585119,0.324458,0.248735,0.00243894,0,0,0,0,0,-0.012467,-0.00425559,0.185748,0.693376,0.932467,1.5243,0.0854256,-0.0133027,0.508151,0.0281186,-0.0170092,0.00458407,0.00102439,0.0163447
361,1.3274,0.823937,-0.382559,0.0603617,0.620713,0.732606,1.04106,1.03144,2.14768,0.375607,0.666777,0.687743,1.5571,0.00499434,0,0,0,0,0,-0.063821,-0.0664413,0.834429,0.755361,0.782059,1.20889,-0.0163466,-0.0315318,0.370801,0.00465916,-0.0141669,1.83679e-06,-9.64166e-06,0.0117393
362,1.30298,0.464443,0.769869,0.0642615,0.356446,0.639247,0.787231,0.911058,1.44976,0.303628,0.404688,0.368695,3.03698,0.00788472,0,0,0,0,0,-0.0343387,-0.0270325,0.739725,1.08108,0.68713,1.48769,0.00610673,-0.0296981,0.465548,0.00546357,-0.0233314,8.49993e-05,-5.06195e-05,0.00898927
363,2.22137,0.216474,-0.627494,0.174835,0.0974507,0.538816,0.999012,1.37051,2.87634,0.580943,0.796511,1.09163,1.5007,0.00488419,0,0,0,0,0,-0.0298231,-0.0297937,0.326414,1.74453,0.70147,2.29378,-0.0130031,-0.0169243,0.202929,0.00105609,-0.000777997,1.14771e-05,9.68164e-06,0.00136889
364,1.53771,1.39675,0.624062,0.0642306,0.908335,0.818149,1.5466,1.30601,4.09764,0.60146,1.32084,1.72504,2.46239,0.00676248,0,0,0,0,0,-0.11462,-0.177272,0.756514,0.694741,0.816675,1.20349,0.00645518,-0.0485611,0.381754,0.00852528,-0.00750712,0.000258987,0.000289494,0.0273895
365,1.23882,1.0337,0.689224,0.442377,0.83442,0.797978,1.17261,1.03114,2.43826,0.777058,1.13205,1.16731,1.03625,0.00397705,0,0,0,0,0,-0.124593,-0.146099,0.959475,0.70965,0.778024,1.10806,-0.190865,-0.317865,0.356212,0.0118701,-0.00705576,0.000392706,-0.000696325,0.0148323
366,1.50555,0.794629,0.075508,0.0264316,0.527801,0.701181,1.07456,1.13695,2.44733,0.408292,0.896529,1.01931,0.464442,0.00286024,0,0,0,0,0,-0.0720864,-0.0774609,0.700964,0.901164,0.86733,1.61857,0.0133579,-0.00224602,0.479519,0.00877245,-0.0140773,0.000177851,-5.61806e-05,0.0218133
367,1.45643,1.11284,-1.33519,0.074166,0.764087,0.777592,1.3008,1.18471,3.09562,0.505528,0.925589,1.09655,4.90276,0.0115288,0,0,0,0,0,-0.08262,-0.107472,0.778169,0.885764,0.820596,1.49732,-0.0201349,-0.0199755,0.264128,0.0124665,-0.0232901,0.000243125,0.000276468,0.0249306
368,1.09141,0.541768,-0.51213,0.0608827,0.49639,0.690191,0.756788,0.812871,1.23349,0.339405,0.567781,0.461533,2.07555,0.00600693,0,0,0,0,0,-0.0597581,-0.0452242,0.917536,0.568007,0.834598,0.973111,-0.0257732,-0.0480762,0.266728,0.000763188,-0.00175881,-1.915e-05,4.71539e-05,0.00412261
369,1.86342,1.25387,0.406974,0.0512802,0.672886,0.74949,1.53527,1.47197,4.52374,0.548515,1.31802,1.94008,1.79718,0.00546324,0,0,0,0,0,-0.074526,-0.114417,0.492939,0.703694,0.926043,1.51996,0.0509237,-0.00394106,0.233013,0.00948239,-0.0128024,-0.000383201,-0.00025063,0.0221046
370,0.87229,-0.328623,-0.463391,0.0416521,-0.376736,0.353185,0.209678,0.395375,0.200286,0.496124,0.502983,0.198867,2.27054,0.00638777,0,0,0,0,0,-0.0074085,-0.0015534,0.128405,0.88438,0.878729,1.62324,0.0285401,-0.018076,1.04074,0.0369339,-0.0146345,0.0103871,0.00247738,0.0310656
371,2.49348,2.27804,-0.00852412,0.173349,0.913598,0.819536,2.51912,2.12004,10.8405,0.75109,1.5278,3.23899,0.0204733,0.00199311,0,0,0,0,0,-0.147165,-0.370726,0.839739,1.94993,0.817603,2.68059,0.0091064,-0.0500853,0.127588,0.00583187,-0.00827297,0.000237683,6.11658e-05,0.026345
372,1.39854,1.32317,0.569623,0.110654,0.94611,0.827954,1.45178,1.19702,3.54051,0.503597,0.936903,1.12149,1.7124,0.00529765,0,0,0,0,0,-0.0874981,-0.127028,0.814162,0.838203,0.777622,1.33195,-0.00771201,-0.0596415,0.241117,0.00885161,-0.0183361,1.76394e-05,-0.000271886,0.0139834
373,1.04466,0.107293,-0.0671373,0.0671215,0.102706,0.540902,0.472557,0.646525,0.641304,0.310816,0.399864,0.258522,0.259139,0.00245926,0,0,0,0,0,-0.0389895,-0.0184248,0.850045,0.574818,0.834331,0.997194,-0.0256534,-0.0538403,0.273301,0.000969796,-0.00250934,-1.86486e-05,-2.49152e-05,0.000680503
374,1.34597,1.36143,-0.0152798,0.0798303,1.01149,0.844109,1.47241,1.16785,3.53186,0.447157,0.895273,1.04554,0.0540797,0.00205875,0,0,0,0,0,-0.0889181,-0.130924,0.865847,0.924425,0.709136,1.30699,-0.0290335,-0.0135672,0.175911,0.00728995,-0.00986231,0.000137679,0.000118753,0.012184
375,2.34903,2.29184,-0.672773,3.64853,0.975653,0.835382,2.49776,2.0229,10.3309,1.55918,1.51281,3.06026,0.352217,0.00264105,0,0,0,0,0,-0.148576,-0.371107,0.856192,5.6989,0.378504,6.00174,0.00527763,-0.161289,0.311737,0.00627478,-0.00413683,-0.000757651,0.000811473,0.00164279
376,1.83268,1.96678,-0.0285594,0.171917,1.07317,0.858403,2.10146,1.61123,7.01218,0.579084,1.25911,2.02872,0.0688795,0.00208766,0,0,0,0,0,-0.129791,-0.27275,0.898644,3.16729,0.637952,3.7102,0.0358069,-0.0644711,0.182101,0.0207078,-0.013802,0.000734165,0.00139211,0.0236365
377,1.10269,0.384205,0.0303549,0.0844705,0.348425,0.636239,0.660581,0.768249,1.02657,0.326907,0.666665,0.512165,0.104442,0.00215711,0,0,0,0,0,-0.0698801,-0.0461615,0.913803,0.644278,0.810366,1.07829,-0.0535594,-0.0923577,0.24479,0.00462946,-0.00924969,-2.96036e-05,-0.000203778,0.00706283
378,0.92505,-0.359229,1.09464,0.606739,-0.388334,0.348884,0.218472,0.415677,0.220518,0.807831,0.447683,0.186092,1.40531,0.00469787,0,0,0,0,0,-0.00857164,-0.00187266,0.166917,3.15046,0.26062,3.25951,-0.0593248,-0.0271975,0.985109,1.97506e-06,0.000791221,-1.36818e-07,-3.16528e-07,2.56246e-06
379,1.84293,1.36274,-0.253622,0.0758601,0.739442,0.770181,1.61152,1.48718,4.8087,0.376419,0.759117,1.12894,0.920832,0.00375162,0,0,0,0,0,-0.0840926,-0.135517,0.96573,1.2542,0.749904,1.81544,0.00699341,-0.0200719,0.191984,0.00162146,-0.00602479,1.83418e-05,-5.47322e-05,0.0001848
380,1.09596,0.453864,0.134735,0.125488,0.414125,0.660609,0.702456,0.78644,1.11193,0.374017,0.75255,0.591836,0.380346,0.00269599,0,0,0,0,0,-0.0809583,-0.0568697,0.93785,0.96867,0.714063,1.38355,-0.0837277,-0.124261,0.269655,0.0110582,-0.0122496,0.000315387,0.000146215,0.00947755
381,1.29794,1.06092,-0.505254,0.101287,0.817392,0.793148,1.21178,1.07432,2.62258,0.421596,0.784417,0.842716,1.58757,0.00505384,0,0,0,0,0,-0.0719855,-0.0872306,0.800027,0.954641,0.742805,1.42332,-0.0301888,-0.00157762,0.385699,0.00912987,-0.0154148,-0.000344863,-5.05701e-05,0.0221797
382,1.09091,0.69405,-0.595662,0.0449713,0.636209,0.73768,0.86842,0.85181,1.47973,0.386609,0.612414,0.52166,2.80887,0.00743921,0,0,0,0,0,-0.0508224,-0.0441352,0.723465,0.997635,0.645727,1.28779,0.0362266,-0.0481379,0.712059,0.00526703,-0.0142247,-1.73041e-05,0.000167101,0.026412
383,2.11655,1.19438,1.20527,0.0631879,0.564307,0.713727,1.56932,1.61619,5.07483,0.577406,1.16276,1.87924,4.79478,0.0113179,0,0,0,0,0,-0.0661099,-0.103748,0.495658,1.83767,0.882684,2.65924,0.116554,-0.00874007,0.651745,0.00892788,-0.0144618,1.83876e-05,-0.000355808,0.0304085
384,1.62486,1.1428,-0.113567,0.0937653,0.70332,0.759072,1.37627,1.29605,3.57386,0.476522,0.804406,1.04255,0.370877,0.00267749,0,0,0,0,0,-0.081094,-0.111607,0.878862,1.51094,0.642649,1.94493,0.0076766,-0.0290748,0.184724,0.0156163,-0.0138521,7.03226e-05,0.000176312,0.0172767
385,0.902072,0.0739847,-0.114805,0.0244175,0.0820164,0.532683,0.398725,0.551495,0.463129,0.405839,0.567245,0.312833,0.734701,0.00338809,0,0,0,0,0,-0.0397866,-0.0158639,0.611467,0.976362,0.771735,1.51258,-0.011991,-0.0436911,0.516861,0.0085467,-0.0241431,-0.000317929,-0.000188762,0.00641785
386,1.37989,1.105,-0.898699,0.367968,0.800783,0.788371,1.2709,1.13596,2.90559,0.664171,0.739106,0.839597,1.48153,0.00484673,0,0,0,0,0,-0.0740712,-0.0941368,0.873673,2.90212,0.539734,3.31708,-0.0576051,-0.0746914,0.22392,0.0113903,-0.00628649,-0.000185544,0.00140236,0.0129421
387,1.34975,1.52113,0.952143,0.489795,1.12697,0.870123,1.60976,1.20062,4.03282,0.667851,1.44542,1.7354,1.36049,0.00461033,0,0,0,0,0,-0.162084,-0.260917,0.977584,0.974431,0.65487,1.26999,-0.181498,-0.392931,0.285671,0.01966,-0.0123358,0.000505644,-0.00026806,0.0109693
388,1.87354,1.41137,-0.552967,0.0515057,0.753319,0.774371,1.65803,1.51869,5.05546,0.373526,0.813844,1.23597,2.43653,0.00671197,0,0,0,0,0,-0.0876265,-0.145287,0.938644,0.996309,0.647175,1.28863,-0.00145876,-0.0183136,0.169849,0.013934,-0.0133881,-4.16025e-07,-0.000458904,0.0089294
389,1.98648,1.42233,-0.0045424,0.0425773,0.716003,0.763005,1.70169,1.59095,5.42689,0.555357,1.28549,2.04516,0.0220138,0.00199612,0,0,0,0,0,-0.103084,-0.175416,0.699079,2.03874,0.831514,2.79311,0.119295,-0.0542351,0.311924,0.0135465,-0.010578,0.000228108,0.000295271,0.02755
390,2.21978,0.792785,0.646434,0.0818284,0.357146,0.639509,1.34213,1.55258,4.21181,0.585959,1.02649,1.59371,2.25981,0.00636682,0,0,0,0,0,-0.0533259,-0.0715703,0.452887,1.21523,0.889592,2.01572,0.00103092,-0.000183582,0.217361,0.00452721,-0.00490442,0.00020267,-1.54792e-06,0.0206756
391,1.57521,0.90027,-1.06669,0.0704443,0.571524,0.716178,1.17657,1.20548,2.83752,0.382344,0.641785,0.773662,4.01897,0.00980267,0,0,0,0,0,-0.0671318,-0.0789855,0.911896,1.25113,0.56945,1.51264,-0.00291443,-0.00988615,0.223349,0.0029563,-0.00906455,6.11826e-07,-0.000125914,0.00558891
392,0.975931,0.31538,0.232513,0.0600032,0.323158,0.626712,0.568922,0.672311,0.775675,0.253781,0.600435,0.403679,0.949206,0.00380704,0,0,0,0,0,-0.0664222,-0.037789,0.964393,0.771277,0.721444,1.06108,-0.0475061,-0.0947766,0.21183,0.00233436,-0.00656883,-3.36893e-05,1.24314e-05,0.00133107
393,1.44547,1.17142,-0.770514,0.0847768,0.810409,0.791147,1.34186,1.1937,3.22551,0.419998,0.873857,1.04313,2.64632,0.00712171,0,0,0,0,0,-0.0821649,-0.110254,0.819697,0.907274,0.735487,1.33888,-0.0310905,-0.0160764,0.236998,0.0126232,-0.0120284,0.0002029,0.000689023,0.0192552
394,2.66797,2.99859,0.571444,1.50977,1.12392,0.869477,3.17496,2.3716,15.7049,1.21522,1.3961,3.31101,0.46507,0.00286146,0,0,0,0,0,-0.157859,-0.501198,0.985733,11.0657,0.424291,11.4529,0.0742166,-0.126409,0.229931,0.00218028,-0.000171059,8.73738e-05,-9.46923e-05,0.000778971
395,1.47837,-0.219702,0.373307,0.0181995,-0.148611,0.44093,0.482978,0.789406,0.85643,0.371255,0.842707,0.665238,2.76718,0.00735777,0,0,0,0,0,-0.0284368,-0.0137344,0.294179,0.926158,0.924761,1.76912,0.048681,-0.00485812,0.263002,0.00716233,-0.00731655,-0.000104848,-0.000108709,0.0298966
396,1.48573,0.606238,-0.278891,0.0486988,0.408039,0.658378,0.946518,1.06321,2.02632,0.38367,0.564972,0.600685,1.26379,0.00442147,0,0,0,0,0,-0.0423774,-0.040111,0.653905,0.825972,0.780853,1.32119,0.024796,-0.0226684,0.565971,0.0137829,-0.0132232,0.000262752,-0.000268063,0.00943873
397,0.87054,-0.230137,0.212596,0.0780318,-0.264361,0.395751,0.244713,0.428964,0.243894,0.52203,0.51308,0.220093,0.761059,0.00343957,0,0,0,0,0,-0.0276685,-0.00677084,0.470118,0.621154,0.944926,1.47286,-0.0669599,-0.0455663,0.298769,0.0136129,-0.0172014,0.0011662,0.00106442,0.0170873
398,1.3109,-0.62151,0.764701,0.160588,-0.474109,0.317711,0.268847,0.552743,0.377804,0.855761,0.701312,0.387646,1.90825,0.00568017,0,0,0,0,0,0.00482945,0.00129838,0.0600334,0.661692,0.888905,1.36639,0.00621295,0.0230216,0.450264,0.0380988,-0.0147363,0.0133175,0.00246109,0.0331625
399,2.45054,2.05755,-1.57321,1.15985,0.839633,0.799443,2.32926,2.04323,9.60023,1.17739,1.43489,2.93181,1.46079,0.00480622,0,0,0,0,0,-0.133998,-0.312115,0.814113,4.41361,0.502066,4.83011,-0.0650835,0.0575547,0.110999,0.00361981,-0.00287326,-0.000134019,0.000293271,0.0176325
400,1.61181,1.8676,0.0538172,0.228223,1.1587,0.876711,1.96601,1.44377,5.94964,0.730154,1.28536,1.85577,0.112653,0.00217315,0,0,0,0,0,-0.117896,-0.231785,0.799616,0.770605,0.830249,1.36236,-0.0600673,-0.00739789,0.253229,0.0109711,-0.00683869,0.000529192,0.000118645,0.0317225
401,3.17512,1.27854,0.234754,0.083118,0.402677,0.656407,2.01192,2.26667,9.18562,0.686254,1.28888,2.92147,0.814266,0.00354349,0,0,0,0,0,-0.0841413,-0.169285,0.569121,1.46161,0.868854,2.24406,0.0188658,-0.0261427,0.116125,0.0126853,-0.0107352,-0.000140743,3.7573e-08,0.0147347
402,1.61622,1.0655,-0.220734,0.245407,0.659252,0.745133,1.31487,1.27119,3.34479,0.436273,0.605343,0.769504,0.44558,0.0028234,0,0,0,0,0,-0.0684903,-0.0900556,0.986357,6.08124,0.31159,6.31813,0.0224698,-0.0595034,0.212091,5.87409e-05,-0.000403846,2.47043e-08,-1.98048e-06,9.20446e-06
403,1.04967,-0.0259178,-0.208484,0.0584562,-0.0246914,0.490151,0.407961,0.602485,0.529421,0.273028,0.433156,0.26097,0.862299,0.0036373,0,0,0,0,0,-0.0443243,-0.0180826,0.89208,0.464189,0.888255,0.9551,-0.0284551,-0.0581444,0.234607,0.00157066,-0.0022966,5.16381e-06,9.04893e-05,0.000290862
404,1.35732,1.00632,-1.17777,0.340355,0.741399,0.770774,1.18891,1.096,2.61472,0.695047,0.698422,0.765473,2.0188,0.0058961,0,0,0,0,0,-0.0688437,-0.0818486,0.859316,3.00688,0.550127,3.43872,-0.0723646,-0.0874324,0.23491,0.00295158,-0.00421062,-4.28636e-05,0.000210782,0.00677495
405,2.05993,1.70211,-0.355746,0.0839454,0.826294,0.795681,1.93712,1.71002,6.6766,0.418662,0.927286,1.58568,1.22784,0.00435125,0,0,0,0,0,-0.102614,-0.198776,0.964718,1.26281,0.696006,1.73481,0.0130539,-0.0244559,0.200446,0.000612628,-0.000317851,-2.19529e-05,-1.14281e-05,0.000167528
406,0.676411,-0.443009,0.563656,0.0199888,-0.654941,0.256253,0.105067,0.245152,0.0711386,0.354123,0.40827,0.100088,3.98677,0.00973978,0,0,0,0,0,-0.00459095,-0.000482356,0.0980306,1.19504,0.734366,1.71794,0.0279731,0.00425655,1.22918,0.0120621,-0.0139014,-0.00161705,-0.000299061,0.0134745
407,1.07673,0.203913,-0.0287191,0.0145985,0.189382,0.575103,0.535846,0.699608,0.776582,0.29404,0.552029,0.386203,0.237693,0.00241737,0,0,0,0,0,-0.0371322,-0.0198971,0.586402,1.1038,0.519351,1.21799,0.0220405,-0.0460867,0.6663,0.00988463,-0.0171123,-0.000333301,-0.000172979,0.010021
408,1.25614,0.54011,0.109418,0.0723648,0.429975,0.666393,0.81782,0.907858,1.49303,0.371242,0.848477,0.770296,0.406747,0.00274755,0,0,0,0,0,-0.0909,-0.0743399,0.933966,0.721112,0.747577,1.02842,-0.0485448,-0.11614,0.23997,0.00181506,-0.00460322,-7.36123e-06,-2.91655e-05,0.0057277
409,1.17135,0.358817,0.888065,0.0534907,0.306328,0.620322,0.670273,0.800921,1.09074,0.349594,0.408298,0.327014,3.83977,0.00945268,0,0,0,0,0,-0.0253105,-0.0169649,0.540419,0.832389,0.80698,1.39357,-0.00833738,-0.00641739,0.456083,0.0097762,-0.0184499,-9.7459e-05,-0.000510353,0.0102658
410,0.982405,0.316842,0.668955,0.0625666,0.322516,0.626469,0.572294,0.676577,0.785277,0.331619,0.639273,0.432518,2.67439,0.00717655,0,0,0,0,0,-0.064977,-0.0371859,0.886094,0.869993,0.721147,1.2474,-0.0488454,-0.0796429,0.244927,0.0110456,-0.0146877,0.000186196,0.0007326,0.00815146
411,1.29754,0.897619,0.140883,0.0963294,0.691785,0.755464,1.08766,1.03115,2.24627,0.437334,0.824105,0.849777,0.453921,0.00283969,0,0,0,0,0,-0.0617546,-0.0671679,0.653271,1.12481,0.665083,1.50623,-0.0305861,0.0108998,0.388238,0.00730145,-0.0154781,-0.000475145,-5.75586e-05,0.017653
412,2.13494,0.779838,0.264023,0.0562607,0.365274,0.642546,1.3019,1.49869,3.94101,0.619162,1.48565,2.22652,1.11311,0.00412717,0,0,0,0,0,-0.06088,-0.0792596,0.357245,0.722676,0.953909,1.61133,0.0880673,-0.00141186,0.198084,0.0103326,-0.0154703,-0.000283317,-2.69141e-05,0.0302512
413,1.14124,-0.294648,-1.76305,0.0901713,-0.258183,0.398133,0.323363,0.56492,0.423699,0.763891,0.74647,0.421696,5.87123,0.0134204,0,0,0,0,0,-0.00150953,-0.000488126,0.0176294,1.09242,0.773262,1.66282,0.00842595,-0.00949183,0.551015,0.0396776,-0.0148828,-0.0102143,-0.00324984,0.0272491
414,2.67679,0.89042,1.56094,4.34967,0.332645,0.630299,1.57663,1.85183,5.91505,1.65072,1.06669,1.97534,0.748442,0.00341493,0,0,0,0,0,-0.0736711,-0.116152,0.602094,5.28628,0.184152,5.37825,-0.0107105,-0.101767,0.207869,0.000710501,-0.000374152,8.66443e-06,-5.50406e-05,7.68832e-05
415,1.23144,1.49285,0.943156,0.398532,1.21228,0.887298,1.55844,1.11628,3.67482,0.576548,1.39071,1.55242,1.49401,0.0048711,0,0,0,0,0,-0.1555,-0.242337,0.974768,1.0544,0.619139,1.32277,-0.190436,-0.350899,0.294026,0.0164019,-0.0116692,-0.00146681,0.00190134,0.0103777
416,1.75468,0.557513,0.129737,0.200325,0.317728,0.624655,1.01682,1.20587,2.48806,0.765861,0.635678,0.766545,0.289864,0.00251927,0,0,0,0,0,-0.0486743,-0.0494932,0.667528,0.813547,0.843552,1.45465,0.0124967,-0.0206119,0.382779,0.0179227,-0.0177728,0.000329675,0.00100356,0.00362887
417,2.94788,0.680413,0.722444,0.174999,0.230815,0.591271,1.54492,1.94989,6.18882,0.572082,1.48217,2.89006,1.72698,0.00532613,0,0,0,0,0,-0.0667693,-0.103153,0.392722,1.07338,0.645059,1.39888,-0.00524855,-0.0148996,0.181356,0.000318014,-0.000560764,2.22252e-06,5.18673e-06,0.000202799
418,1.26171,0.490123,0.0947746,0.0444186,0.388461,0.651163,0.788047,0.894968,1.42199,0.279961,0.452337,0.404828,0.449686,0.00283142,0,0,0,0,0,-0.0326869,-0.0257588,0.629967,1.12229,0.636342,1.45149,0.00389314,-0.0137829,0.532812,0.00943493,-0.0154716,-0.000143268,-1.0517e-05,0.00707892
419,1.32995,-0.567847,0.233032,0.453423,-0.426969,0.334701,0.295476,0.580674,0.424488,1.02003,0.632639,0.367357,0.346071,0.00262904,0,0,0,0,0,-0.00431404,-0.00127469,0.0594477,0.635929,0.902241,1.36962,0.0721365,0.0493403,0.396981,0.0253552,-0.0174935,-0.00402153,-0.00123181,0.0159232
420,1.32043,0.0543882,0.313549,0.109463,0.0411898,0.516428,0.55669,0.787997,0.930843,0.322236,0.30157,0.237636,0.947704,0.00380411,0,0,0,0,0,-0.0195506,-0.0108836,0.565169,1.40764,0.435509,1.51769,0.000117302,-0.0178774,0.724042,0.00529484,-0.0174661,3.35591e-07,-0.000113958,0.000955353
421,1.29969,0.379314,0.593521,0.110535,0.29185,0.614799,0.731714,0.882993,1.31508,0.37265,0.773696,0.683168,1.7852,0.00543984,0,0,0,0,0,-0.0825111,-0.0603745,0.929713,0.607067,0.813942,0.9901,-0.0596881,-0.128498,0.226841,0.00287367,-0.0046415,1.38295e-05,0.000171418,0.00137393
422,1.41533,-0.590836,-0.632591,0.0465361,-0.417455,0.338173,0.319324,0.622338,0.489272,0.577741,0.854516,0.531798,2.93243,0.00768053,0,0,0,0,0,0.0206234,0.00658557,0.210401,0.805996,0.943748,1.67879,0.110639,-0.0205233,0.811116,0.0203884,-0.0209548,-0.00170799,-0.000659355,0.019111
423,0.957776,0.474305,-0.139355,0.0949261,0.495215,0.689776,0.663405,0.712959,0.948417,0.307271,0.58956,0.420332,0.452303,0.00283653,0,0,0,0,0,-0.0651604,-0.0432277,0.963524,0.61881,0.807067,0.992226,-0.0383179,-0.115539,0.22983,0.000291599,0.000321447,-4.33615e-06,1.15155e-05,4.98979e-05
424,0.673586,-0.442807,0.257801,0.098644,-0.657387,0.255466,0.104232,0.243593,0.0702016,0.746585,0.560244,0.136471,0.820824,0.0035563,0,0,0,0,0,0.00189135,0.000197139,0.0294308,1.27176,0.829478,1.97203,0.079836,-0.147885,1.12576,0.0180412,-0.0242617,0.00449152,0.000864313,0.00667551
425,2.14703,0.482982,-0.390161,0.0452598,0.224954,0.588992,1.11719,1.41656,3.25474,0.546413,1.31179,1.85823,1.83395,0.00553505,0,0,0,0,0,-0.057008,-0.0636886,0.378859,0.6976,0.891246,1.42131,0.0532784,-0.0111581,0.195498,0.0121349,-0.0172039,0.000180467,0.000111077,0.0270774
426,1.98214,1.76673,-0.65382,0.580515,0.89132,0.813621,1.96479,1.67771,6.6751,0.971572,1.03004,1.72811,0.858128,0.00362916,0,0,0,0,0,-0.0868152,-0.170574,0.734764,2.64957,0.653602,3.19277,0.021207,-0.0613992,0.251336,0.00833217,-0.00430077,0.000165997,0.000467765,0.0269021
427,1.09559,0.426886,0.459492,0.0431849,0.389639,0.651598,0.685118,0.777552,1.07397,0.322189,0.487011,0.378676,2.21112,0.00627172,0,0,0,0,0,-0.0378306,-0.0259185,0.677192,1.01603,0.7004,1.4235,-0.00596833,-0.0145199,0.329568,0.00708544,-0.0180825,-4.93681e-05,-0.000129208,0.0111136
428,0.970882,-0.0400454,0.323706,0.0423683,-0.0412464,0.48355,0.369303,0.551852,0.440926,0.288771,0.458624,0.253093,1.57264,0.00502469,0,0,0,0,0,-0.0364594,-0.0134646,0.693043,0.834256,0.812204,1.40858,-0.0213059,-0.025397,0.381327,0.00675483,-0.0153534,-6.13219e-05,-9.49982e-05,0.0103586
429,1.90877,1.57283,-0.180388,0.311729,0.824002,0.795031,1.79165,1.58335,5.71698,0.548857,0.891036,1.41082,0.323086,0.00258415,0,0,0,0,0,-0.0887541,-0.159016,0.86836,1.4889,0.660889,1.94681,-0.0209192,0.00251555,0.259475,0.00417351,-0.00547687,-8.11301e-06,7.45054e-05,0.0054786
430,1.02314,-0.0246644,-0.236065,0.0504991,-0.0241066,0.490384,0.397949,0.58746,0.503472,0.531326,0.610676,0.358748,1.05048,0.00400485,0,0,0,0,0,-0.025444,-0.0101254,0.36323,1.11619,0.86818,1.86799,-0.0315483,-0.0324464,0.64986,0.0282197,-0.0118105,0.0030154,0.00149737,0.0310011
431,1.04085,-0.0145914,-0.21514,0.039796,-0.0140188,0.494407,0.410086,0.601195,0.529606,0.444867,0.47038,0.28279,1.07845,0.00405948,0,0,0,0,0,-0.0207625,-0.0085144,0.384802,0.805682,0.912404,1.60638,0.00178325,-0.00543614,0.538672,0.021894,-0.0205514,-0.00374105,-0.00090522,0.0252256
432,3.43439,0.675413,0.323927,0.205701,0.196661,0.577954,1.72511,2.23847,7.98674,0.533656,1.32023,2.9553,0.714216,0.00334808,0,0,0,0,0,-0.053217,-0.091805,0.351405,0.941755,0.68873,1.28977,-0.0031054,-0.0159934,0.176294,0.000910618,-0.00136757,2.69414e-06,-2.28346e-05,0.000271205
433,1.2591,0.801461,0.10762,0.202561,0.636534,0.737786,1.00262,0.983235,1.97199,0.518912,0.864968,0.850467,0.23912,0.00242016,0,0,0,0,0,-0.0923988,-0.0926405,0.931265,0.719911,0.74637,1.02085,-0.045586,-0.151664,0.264557,0.0021288,-0.00289349,8.72425e-05,-0.000221216,0.000991212
434,1.3104,1.48768,0.390479,0.13413,1.13529,0.871873,1.57214,1.16774,3.83526,0.414688,0.774673,0.90462,1.06619,0.00403553,0,0,0,0,0,-0.0703173,-0.110549,0.791316,1.18179,0.632622,1.52528,-0.00991273,-0.0357552,0.343126,0.00720827,-0.0167147,-0.000169541,-6.35504e-05,0.0170123
435,0.998185,0.0943543,0.0284429,0.0342711,0.0945259,0.537654,0.447452,0.614785,0.578173,0.286236,0.452713,0.278321,0.153642,0.00225321,0,0,0,0,0,-0.0375979,-0.0168232,0.724014,0.596994,0.859149,1.16662,-0.0252526,-0.0355285,0.368152,0.00475568,-0.0156116,8.74002e-05,6.10037e-05,0.00494121
436,2.49358,0.613754,0.310771,0.0443263,0.246133,0.59721,1.33119,1.66043,4.52907,0.363048,1.13815,1.88981,1.47608,0.00483609,0,0,0,0,0,-0.0476038,-0.0633695,0.364627,1.11008,0.557674,1.29476,0.00920868,-0.011246,0.204026,0.00379879,-0.00629962,-4.79102e-05,-7.73533e-05,0.00505344
437,1.6518,0.661751,-0.416782,0.159817,0.400623,0.655651,1.04451,1.17811,2.47894,0.45149,0.536307,0.631829,1.04255,0.00398936,0,0,0,0,0,-0.0359637,-0.0375643,0.584599,0.868527,0.707561,1.21252,0.00336683,-0.0218431,0.208636,0.00112892,-0.000756316,-6.72671e-07,2.55742e-06,0.000548447
438,1.53646,0.643075,0.884351,0.431345,0.418544,0.662225,0.989122,1.10473,2.1988,0.764728,0.93659,1.03468,1.34652,0.00458304,0,0,0,0,0,-0.0504168,-0.0498684,0.46928,2.21916,0.381153,2.39856,-0.0494813,-0.0600498,0.569447,0.00183631,-0.00133152,4.3034e-05,-0.000265317,0.0012296
439,1.23929,0.807654,-0.319718,0.133739,0.651707,0.742705,1.00112,0.972402,1.9478,0.482077,0.684207,0.665324,0.874254,0.00366065,0,0,0,0,0,-0.0709306,-0.0710099,0.90376,0.768648,0.739175,1.10958,-0.0185217,-0.0556269,0.269758,0.00257724,-0.0037181,-0.000105305,0.000309173,0.00383206
440,1.00477,-0.145547,-0.305914,0.0344845,-0.144857,0.442412,0.33014,0.537672,0.398084,0.488423,0.503849,0.270906,1.64736,0.00517062,0,0,0,0,0,-0.0125558,-0.00414517,0.217245,0.679131,0.962102,1.58408,0.0125788,-0.0137112,0.47657,0.0127966,-0.0185112,0.00147638,0.00030769,0.0130459
441,1.41972,0.208527,-0.275408,0.0323454,0.146879,0.558386,0.673575,0.901818,1.26698,0.4816,0.960505,0.866201,1.53134,0.00494401,0,0,0,0,0,-0.0394664,-0.0265836,0.358208,0.66697,0.927034,1.47862,0.0915961,-0.0112,0.416061,0.0120848,-0.0225351,-0.00044652,0.000105137,0.0212749
442,1.33188,1.05648,-0.924443,0.10032,0.793222,0.786176,1.21903,1.09373,2.68229,0.411792,0.680029,0.743769,2.91868,0.00765368,0,0,0,0,0,-0.0675842,-0.0823872,0.866412,1.2112,0.736481,1.74117,-0.0196794,-0.0138339,0.200435,0.00540715,-0.00909917,7.58534e-05,0.000114821,0.00732533
443,1.36838,0.596074,0.104814,0.376951,0.435604,0.668438,0.895807,0.991498,1.78554,0.580787,0.748895,0.742528,0.170716,0.00228656,0,0,0,0,0,-0.0294493,-0.0263808,0.342815,1.49759,0.524779,1.75691,-0.0144278,-0.0133007,1.09334,0.00122549,-0.00149114,-3.30909e-05,7.90792e-05,0.000291894
444,1.7249,1.79746,-0.239949,0.0704068,1.04206,0.851309,1.93201,1.50638,6.00186,0.502729,1.18918,1.79136,0.904298,0.00371933,0,0,0,0,0,-0.111663,-0.215733,0.818591,1.07475,0.742933,1.58379,0.00615036,-0.0228573,0.205981,0.01296,-0.0109612,-0.000145285,-0.000491673,0.031863
445,1.24835,0.609027,0.0984958,0.0578126,0.487866,0.687178,0.858821,0.92617,1.59537,0.345209,0.701177,0.64941,0.409644,0.00275321,0,0,0,0,0,-0.0727219,-0.0624551,0.904158,0.719649,0.749574,1.03198,-0.0250885,-0.0823796,0.225832,0.00144623,-0.00147208,-4.9508e-05,2.10107e-05,0.000958129
446,1.39578,0.415676,-0.108794,0.0884703,0.297809,0.617076,0.791116,0.95078,1.52985,0.439746,0.486766,0.462807,0.365769,0.00266752,0,0,0,0,0,-0.0346833,-0.0274385,0.621166,1.02253,0.84152,1.70969,0.00515401,-0.0198711,0.437382,0.022013,-0.0197921,-0.00168173,-0.000743677,0.0138473
447,1.02172,0.212799,-0.14276,0.0702607,0.208275,0.582493,0.520778,0.669268,0.719129,0.302875,0.524533,0.351053,0.53858,0.00300504,0,0,0,0,0,-0.0526564,-0.0274223,0.875155,0.541834,0.861675,1.05159,-0.0407795,-0.0645447,0.294077,0.00672635,-0.0068288,2.9564e-05,0.000411785,0.00136374
448,2.56609,0.522858,0.2275,0.0532305,0.203756,0.580728,1.30056,1.67763,4.50591,0.591846,1.66326,2.79034,0.986056,0.00387901,0,0,0,0,0,-0.0630223,-0.0819645,0.330324,0.603852,0.970448,1.52399,0.0817184,-0.000579417,0.183958,0.0142882,-0.0142722,-0.00109638,-0.00029529,0.0479004
449,1.29779,0.445884,0.588522,0.111179,0.343573,0.634416,0.77344,0.902214,1.4122,0.466984,0.768895,0.693708,1.76502,0.00540044,0,0,0,0,0,-0.0748506,-0.0578925,0.848662,0.704314,0.783487,1.11501,-0.0537764,-0.104897,0.339379,0.00884905,-0.0219668,0.000361719,0.000335237,0.0114093
450,1.47283,1.57496,0.140712,0.225732,1.06934,0.857542,1.68401,1.2938,4.5098,0.468127,0.787759,1.0192,0.296166,0.00253157,0,0,0,0,0,-0.0760183,-0.128016,0.841262,1.38615,0.507816,1.59377,0.00408268,-0.0656658,0.30486,0.00133447,-0.00396917,9.12062e-05,-9.0074e-05,0.000116937
451,1.03031,-0.430095,0.708341,0.0327785,-0.417442,0.338178,0.232462,0.453045,0.259289,0.5294,0.59802,0.27093,3.91244,0.00959461,0,0,0,0,0,-0.00421281,-0.00097932,0.0614133,0.966113,0.915191,1.79323,0.0615603,-0.0101726,0.782893,0.021602,-0.0192018,-0.00157048,-0.00104121,0.0144671
452,1.23764,0.655117,-0.295283,0.037365,0.529327,0.701711,0.884779,0.935065,1.65718,0.375136,0.474231,0.443437,1.52758,0.00493669,0,0,0,0,0,-0.0345088,-0.0305327,0.634375,1.12113,0.846909,1.83392,0.026704,-0.0167577,0.398846,0.0153245,-0.026463,0.000334772,0.000366536,0.00424822
453,1.13683,-0.0156269,0.762361,0.0443663,-0.013746,0.494516,0.448058,0.656742,0.632066,0.345139,0.350195,0.229988,3.61938,0.00902223,0,0,0,0,0,-0.00813426,-0.00364462,0.202495,0.940727,0.754336,1.42812,0.00401819,-0.00518987,0.581714,0.0113706,-0.0214094,-0.000439857,-0.000395631,0.00452981
454,1.82013,0.230686,-0.267042,0.0400047,0.126741,0.550427,0.845218,1.14254,2.01978,0.545598,1.21265,1.3855,1.33513,0.00456081,0,0,0,0,0,-0.0443709,-0.0375031,0.318984,0.814786,0.938766,1.67711,0.0935655,-0.00368948,0.371239,0.0179281,-0.0208776,-0.0005028,-4.74518e-05,0.0448091
455,0.764677,-0.0310848,0.685465,0.0305491,-0.0406509,0.483787,0.291095,0.434797,0.273785,0.370169,0.49016,0.21312,3.9218,0.0096129,0,0,0,0,0,-0.0413187,-0.0120277,0.734879,1.33243,0.570063,1.61904,-0.0439168,-0.0536678,0.550249,0.00634249,-0.0166447,0.000250128,-0.000184774,0.0133432
456,1.26959,1.04654,-0.135177,0.0826678,0.824309,0.795118,1.19199,1.05325,2.53016,0.406091,0.850827,0.896133,0.470149,0.00287138,0,0,0,0,0,-0.0853161,-0.101696,0.874171,0.642384,0.824089,1.12704,-0.0429083,-0.0550265,0.255502,0.00213288,-0.00342976,2.20767e-05,9.93562e-05,0.00413182
457,1.00329,0.0465547,0.34979,0.0593633,0.0464021,0.518505,0.425599,0.600586,0.541838,0.44545,0.433071,0.260097,1.43565,0.00475713,0,0,0,0,0,-0.0260101,-0.0110699,0.523588,1.54109,0.543821,1.83638,-0.035773,-0.0198515,1.25707,0.00924821,-0.00705841,0.000314534,0.000586889,0.0188181
458,1.20032,0.643064,0.00774083,0.0359426,0.535745,0.703933,0.863946,0.908625,1.572,0.304818,0.677025,0.615161,0.0408303,0.00203287,0,0,0,0,0,-0.0632929,-0.0546817,0.815,0.756802,0.75793,1.14161,-0.0184323,-0.0405298,0.337802,0.00412117,-0.0103572,-9.13697e-05,-2.01814e-05,0.0131999
459,2.32088,2.57182,0.0601033,1.58679,1.10812,0.866096,2.73058,2.05596,11.683,1.31629,1.29644,2.66543,0.0477132,0.00204631,0,0,0,0,0,-0.136784,-0.373499,0.919791,9.03102,0.304322,9.28497,0.0708756,-0.17818,0.295747,0.00313971,-0.00206204,-0.000139391,0.000210215,0.0116922
460,3.483,1.13028,1.32697,0.108315,0.324513,0.627225,2.03344,2.40086,9.89899,0.72703,1.70565,4.09502,4.03197,0.00982807,0,0,0,0,0,-0.0712914,-0.144966,0.36438,0.881041,0.927194,1.72464,-0.0169978,0.0130916,0.181234,0.00829837,-0.00979933,-0.000252524,-0.000121083,0.0527813
461,1.74833,1.09196,0.250778,0.0506633,0.62457,0.733873,1.3763,1.36016,3.74425,0.298762,0.629413,0.856104,1.11415,0.00412919,0,0,0,0,0,-0.0702712,-0.0967146,0.973303,1.22304,0.625475,1.56731,0.0061444,-0.0252316,0.208204,0.00143662,-0.00312584,-6.30061e-06,1.09591e-05,5.5188e-05
462,0.930692,-0.236123,0.48755,0.0448001,-0.253707,0.399861,0.265216,0.462221,0.283988,0.49985,0.598846,0.276799,2.30345,0.00645206,0,0,0,0,0,-0.00474709,-0.001259,0.0691065,1.37256,0.707313,1.88384,0.0478798,-0.0183496,0.965472,0.0119871,-0.0151494,-0.0015076,0.000361679,0.0155787
463,1.18431,-0.633738,-0.12649,0.0118034,-0.53511,0.296287,0.218118,0.477041,0.275143,0.32348,0.669255,0.319262,1.16427,0.00422709,0,0,0,0,0,0.0246195,0.00536996,0.320697,0.744981,0.899829,1.50372,0.114002,-0.00873846,0.582553,0.0102734,-0.017681,-0.000630447,-0.000179759,0.012086
464,1.24813,-0.209387,0.0243859,0.156039,-0.16776,0.433386,0.39581,0.659222,0.59124,0.83071,0.744165,0.49057,0.0617336,0.0020737,0,0,0,0,0,-0.0057005,-0.00225632,0.0667807,0.743658,0.861654,1.40523,0.0137564,0.0122932,0.394728,0.0346441,-0.0183674,-0.0125982,-0.00274541,0.0327475
465,2.57292,2.48958,0.687369,1.76436,0.967608,0.83338,2.71814,2.212,12.2812,1.35763,1.46849,3.24829,0.517483,0.00296383,0,0,0,0,0,-0.152718,-0.41511,0.906625,4.50415,0.481016,4.89902,0.0260484,-0.197918,0.249941,0.00343716,-0.00264104,0.000210593,-0.000318018,0.00722259
466,1.7952,1.39832,0.268626,0.432989,0.778923,0.781987,1.6236,1.46734,4.78918,0.597351,0.74021,1.08614,0.408235,0.00275046,0,0,0,0,0,-0.0839379,-0.136282,0.988577,8.77893,0.211736,8.93609,0.0139517,-0.0938641,0.268232,0.00473479,-0.00357209,3.81983e-05,1.67104e-05,0.00508642
467,2.0053,0.361643,0.0508199,0.0569148,0.180344,0.571559,0.986405,1.29794,2.65764,0.599715,1.20147,1.55944,0.213021,0.00236918,0,0,0,0,0,-0.0470932,-0.0464529,0.341704,0.626332,0.95794,1.51466,0.0209241,-0.00359097,0.264496,0.00959724,-0.0265454,-0.000846751,-9.5973e-05,0.0297388
468,1.14915,-0.280287,-0.333415,0.0453412,-0.243909,0.403651,0.331549,0.574844,0.440371,0.492658,0.587913,0.337958,1.56581,0.00501135,0,0,0,0,0,-0.00309332,-0.00102559,0.0458689,0.730916,0.920763,1.53886,0.0553973,-0.00684988,0.634116,0.0257821,-0.0201161,0.00413522,0.000973321,0.0193567
469,1.07227,-0.0338127,-0.0544695,0.0397058,-0.0315337,0.487422,0.413078,0.612981,0.546378,0.297937,0.417768,0.256084,0.273355,0.00248702,0,0,0,0,0,-0.0351375,-0.0145145,0.733233,0.700039,0.800071,1.16086,-0.0214771,-0.0277702,0.259613,0.0195605,-0.013742,0.000534644,0.000996354,0.0125622
470,1.23305,0.808127,0.794312,0.212554,0.655391,0.743892,0.999523,0.968629,1.93729,0.520757,1.00853,0.97689,1.72289,0.00531814,0,0,0,0,0,-0.102874,-0.102825,0.889252,0.733006,0.828576,1.30169,-0.134141,-0.141092,0.31941,0.0133767,-0.0139589,0.000252883,0.00132835,0.0127619
471,1.07496,0.387343,-0.127316,0.0963743,0.360333,0.640701,0.652128,0.752931,0.992176,0.431817,0.611589,0.460485,0.410113,0.00275413,0,0,0,0,0,-0.0653826,-0.0426379,0.931986,0.627665,0.829065,1.11422,-0.0656676,-0.0931257,0.302953,0.00819922,-0.00935504,-2.54164e-05,0.000340184,0.00312151
472,1.24539,0.436734,-0.153795,0.147168,0.35068,0.637086,0.747859,0.868546,1.31366,0.47905,0.420915,0.365584,0.400901,0.00273613,0,0,0,0,0,-0.0298669,-0.0223362,0.61859,1.5244,0.485054,1.73369,-0.0124199,-0.0242033,0.459776,0.00225541,-0.00390746,-3.87465e-05,9.02212e-06,0.000511564
473,1.08138,0.576358,0.0915538,0.101205,0.532982,0.702977,0.776072,0.817909,1.27126,0.392785,0.511716,0.418537,0.28779,0.00251521,0,0,0,0,0,-0.0492918,-0.038254,0.839755,0.955244,0.647519,1.22352,-0.0123676,-0.0212985,0.262422,0.00353036,-0.00393077,-5.02107e-05,0.000215434,0.0041398
474,2.06761,0.296961,0.194473,0.0229567,0.143625,0.557102,0.977595,1.31085,2.67402,0.421026,1.32631,1.73859,1.28353,0.00446001,0,0,0,0,0,-0.0405983,-0.0396887,0.266852,1.03952,0.903634,1.85081,0.130105,-0.00186747,0.314301,0.0070017,-0.0174835,-0.000153815,5.45013e-05,0.0398243
475,1.32037,0.225072,2.56047,0.0751434,0.170461,0.567676,0.642007,0.850401,1.13536,0.647769,0.739827,0.62915,9.34058,0.0201964,0,0,0,0,0,-0.00468042,-0.00300487,0.055152,1.40344,0.668103,1.85806,0.0547447,-0.0268811,1.0597,0.0190368,-0.0231953,0.00277892,0.000145192,0.0200569
476,1.33261,0.999729,0.281708,0.0334037,0.750206,0.773435,1.17617,1.07912,2.54786,0.387704,0.811539,0.875744,1.54135,0.00496358,0,0,0,0,0,-0.0578766,-0.0680725,0.621729,0.874776,0.687466,1.17516,0.0982308,-0.0705838,0.503359,0.00814092,-0.0124427,-0.000386886,0.000278657,0.0263005
477,1.29336,0.62636,-0.185424,0.0833847,0.484287,0.685909,0.88684,0.958014,1.70428,0.339194,0.488693,0.468175,0.642131,0.00320729,0,0,0,0,0,-0.039708,-0.0352147,0.708352,1.18793,0.748378,1.7339,-0.011323,-0.014265,0.382136,0.00801907,-0.0224014,-0.000283078,-0.000176704,0.0133703
478,0.890107,-0.262786,-0.000116248,0.0798671,-0.29523,0.383909,0.240255,0.428699,0.241505,0.71716,0.683086,0.292838,0.00041134,0.00195393,0,0,0,0,0,-0.0150463,-0.00361496,0.192027,0.785006,0.954144,1.67983,0.0619824,-0.0362236,0.793605,0.0279157,-0.0204933,0.012342,0.00256277,0.027352
479,1.32974,0.718935,0.364351,0.105581,0.540658,0.705628,0.96206,1.00809,1.94181,0.421073,0.693821,0.699437,1.12131,0.00414318,0,0,0,0,0,-0.0592856,-0.0570363,0.744918,0.777435,0.813202,1.32867,-0.0374476,-0.00372165,0.336329,0.007879,-0.020881,-0.000398206,0.000159223,0.0176031
480,1.19941,0.79156,0.0747017,0.165402,0.659959,0.74536,0.976415,0.943566,1.8437,0.408566,0.977182,0.922036,0.183679,0.00231187,0,0,0,0,0,-0.108907,-0.106339,0.971601,0.831016,0.688249,1.09356,-0.0974674,-0.200628,0.244522,0.0044775,-0.0101198,3.4066e-05,-0.000329997,0.00304296
481,1.52701,1.05967,-0.124903,0.136467,0.693955,0.756145,1.28252,1.21435,3.11952,0.472803,1.12951,1.37162,0.338111,0.0026135,0,0,0,0,0,-0.124715,-0.15995,0.962573,0.911415,0.61994,1.08362,-0.05893,-0.198139,0.211385,0.00245781,-0.00158461,-9.10993e-05,0.000150782,0.000329063
482,2.50944,2.69138,0.409229,1.67713,1.0725,0.858252,2.87603,2.2059,13.1375,1.14278,1.25471,2.76776,0.315997,0.00257031,0,0,0,0,0,-0.142436,-0.409651,0.989656,11.5458,0.118417,11.6215,0.00944233,-0.277374,0.343144,0.0218341,-0.00652596,0.000110838,-3.21405e-05,0.0109871
483,1.01876,0.513218,0.472906,0.141262,0.503768,0.692788,0.711201,0.761299,1.08538,0.366395,0.744961,0.567138,1.25824,0.00441062,0,0,0,0,0,-0.0795863,-0.0566018,0.931347,0.820302,0.749338,1.23349,-0.090615,-0.143032,0.300184,0.0127337,-0.0118921,-0.00025188,0.00148186,0.00623531
484,1.72969,1.6572,-0.534206,0.158518,0.958089,0.830991,1.81324,1.48412,5.49047,0.501,1.07631,1.59737,1.34174,0.00457372,0,0,0,0,0,-0.108585,-0.196892,0.879511,3.12381,0.638164,3.66561,-0.0281206,-0.030302,0.156535,0.0119287,-0.0203387,0.0001448,0.000758066,0.0194212
485,1.42309,0.578324,-0.228791,0.0556666,0.406387,0.657771,0.905108,1.01762,1.85478,0.300704,0.625254,0.636273,0.969708,0.00384709,0,0,0,0,0,-0.0563149,-0.0509711,0.785188,0.752953,0.749473,1.10815,-0.0144132,-0.0232384,0.274086,0.000232016,0.000338158,-7.4939e-07,-4.08072e-06,0.000260873
486,1.42303,0.309709,0.212087,0.212337,0.21764,0.586145,0.733827,0.935917,1.41444,0.777574,0.609132,0.570096,0.460259,0.00285207,0,0,0,0,0,-0.0120224,-0.0088224,0.172063,0.725403,0.874516,1.41395,0.00897169,-0.0262284,0.321314,0.0278022,-0.0180022,-0.00138607,-0.00212521,0.00698072
487,1.49072,0.669733,0.0164639,0.133522,0.449269,0.673381,0.988879,1.08683,2.15908,0.349765,0.556942,0.605302,0.0450563,0.00204113,0,0,0,0,0,-0.0536924,-0.0530953,0.840445,0.9308,0.675218,1.24294,-0.00147057,-0.0216728,0.237865,0.00279658,-0.00869839,3.24497e-05,-8.54508e-05,0.000913303
488,1.04667,-0.211716,0.398933,0.0487688,-0.202277,0.41985,0.317774,0.539771,0.392333,0.279016,0.212089,0.11448,1.80646,0.00548137,0,0,0,0,0,-0.00721163,-0.00229167,0.296429,0.55748,0.863861,1.10269,-0.000209928,-0.00175543,0.361343,0.00430743,-0.0100542,7.3939e-05,0.000103457,0.00411267
489,1.58164,1.51961,0.181231,0.337074,0.960778,0.831668,1.66168,1.35785,4.60494,0.561203,1.48867,2.02139,0.312154,0.0025628,0,0,0,0,0,-0.166842,-0.277239,0.977043,1.06772,0.543177,1.20278,-0.144919,-0.331954,0.255936,0.0105066,-0.00756234,0.00062637,-0.000860639,0.00803325
490,0.792774,-0.356754,0.364545,0.0201557,-0.450007,0.326353,0.169512,0.340272,0.14452,0.313948,0.3531,0.12015,2.56774,0.00696825,0,0,0,0,0,-0.00164324,-0.000278549,0.0405705,0.956692,0.768003,1.4787,0.00761813,-0.00323838,0.548392,0.00998575,-0.0202915,-2.66851e-05,3.27746e-05,0.00975782
491,1.33995,0.506714,-1.38341,0.0694845,0.378159,0.647344,0.828116,0.946077,1.58084,0.357008,0.612728,0.579688,5.24814,0.0122034,0,0,0,0,0,-0.0537226,-0.0444885,0.764356,0.654501,0.801941,1.0693,-0.0116127,-0.00891083,0.182613,0.000528069,0.00107625,1.51132e-06,6.74049e-07,5.96456e-05
492,1.28039,0.210147,-0.201012,0.0560601,0.164127,0.565184,0.618513,0.821595,1.05758,0.287984,0.343632,0.282326,0.848974,0.00361128,0,0,0,0,0,-0.0215862,-0.0133513,0.547632,0.927246,0.769969,1.44275,-0.000859261,0.000185639,0.315639,0.00360181,-0.0110714,-1.05262e-05,8.5922e-05,0.00477352
493,0.768881,-0.288493,-0.880972,0.0623849,-0.375212,0.353751,0.185246,0.3489,0.156047,0.533131,0.44794,0.156287,3.52714,0.00884207,0,0,0,0,0,-0.0151007,-0.00279735,0.29389,1.17735,0.646613,1.54342,-0.043619,-0.0326339,0.973885,0.00646423,-0.00946862,-4.10713e-05,0.000204619,0.022619
494,0.754146,-0.25155,0.102471,0.134072,-0.333556,0.369357,0.193081,0.353011,0.161897,0.394658,0.348406,0.122991,0.279855,0.00249972,0,0,0,0,0,-0.00974489,-0.00188156,0.243836,1.35479,0.670072,1.80341,-0.0544481,-0.0240105,0.850608,0.00460033,-0.0103735,-0.000647606,-0.000547055,0.00450509
495,1.29382,0.966666,0.583303,0.215389,0.747139,0.77251,1.13892,1.04667,2.39267,0.451719,1.11146,1.16334,1.25685,0.00440791,0,0,0,0,0,-0.124691,-0.142014,0.97802,0.927706,0.627494,1.13186,-0.112426,-0.236459,0.251924,0.00598556,-0.00746801,0.000347077,-0.000577099,0.00383746
496,2.01537,0.836443,-0.0165162,0.188947,0.415033,0.660941,1.29292,1.44678,3.76482,0.455058,0.928441,1.34325,0.0379962,0.00202734,0,0,0,0,0,-0.0473439,-0.0612117,0.444545,1.47141,0.528575,1.73042,-0.000257969,-0.0151196,0.200173,0.000311897,-0.000746642,-5.83269e-06,1.92055e-05,6.04067e-05
497,1.03562,-0.450014,0.411563,0.0884651,-0.434535,0.33195,0.227246,0.449634,0.253811,0.697842,0.634909,0.285476,1.38373,0.00465571,0,0,0,0,0,0.00486289,0.00110507,0.0667713,0.829759,0.851245,1.49399,0.00437367,0.00701684,0.39836,0.0181675,-0.0205897,-0.00107566,-0.0008981,0.0171269
498,1.19973,0.0684609,-0.0321684,0.0670713,0.0570637,0.522753,0.515325,0.722725,0.787891,0.274041,0.366874,0.265149,0.124211,0.00219573,0,0,0,0,0,-0.0177901,-0.00916769,0.422736,1.25707,0.633468,1.62418,-0.00339592,-0.0121055,0.87721,0.00827139,-0.0212876,2.76781e-05,0.000188323,0.00456832
499,1.82576,1.57189,0.0735529,0.127169,0.860949,0.805367,1.76495,1.53302,5.46521,0.448922,0.785498,1.20419,0.206257,0.00235597,0,0,0,0,0,-0.0859424,-0.151684,0.953825,1.86077,0.595574,2.27401,0.0210711,-0.0453019,0.197965,0.000340864,2.04313e-05,1.43682e-05,-3.44521e-05,9.63773e-05
500,1.88431,1.43871,-0.100419,0.0846079,0.763524,0.777425,1.68216,1.53248,5.17815,0.379622,0.781717,1.19797,0.345231,0.0026274,0,0,0,0,0,-0.0880797,-0.148164,0.982274,2.04357,0.596068,2.47529,0.00930727,-0.0300355,0.181127,0.000292725,-0.0005938,5.03509e-06,-2.72604e-05,0.000101163
501,2.68858,2.61275,0.171902,0.233728,0.971795,0.834424,2.84994,2.31344,13.4742,0.913315,1.91643,4.43355,0.35557,0.0026476,0,0,0,0,0,-0.185532,-0.528754,0.843979,3.06824,0.709574,3.69581,0.0635774,-0.0903795,0.136924,0.00533669,-0.00412151,0.000138116,0.000178839,0.0316516
502,1.23715,-0.563951,-0.999224,0.13475,-0.455847,0.32425,0.26191,0.528717,0.348138,0.893357,0.431309,0.22804,2.72207,0.00726967,0,0,0,0,0,-0.00575591,-0.00150753,0.116341,0.511684,0.92701,1.2751,-0.0284768,-0.0483257,0.314479,0.0148032,-0.0208686,0.00137771,0.000636736,0.00494268
503,2.17261,1.64405,0.106987,0.312343,0.756719,0.775391,1.9283,1.76305,6.8267,0.580862,0.886111,1.56226,0.191432,0.00232701,0,0,0,0,0,-0.0983362,-0.189622,0.967459,1.29688,0.68965,1.76553,0.000734329,-0.0590708,0.259782,0.00488557,-0.00867913,-8.08471e-05,0.000123768,0.000485386
504,1.3833,0.634632,0.170053,0.0409786,0.458782,0.676805,0.926011,1.01286,1.88339,0.326299,0.513058,0.519659,0.840052,0.00359385,0,0,0,0,0,-0.0456853,-0.0423051,0.776276,1.08587,0.722018,1.55892,0.000485539,-0.0098992,0.456594,0.0112796,-0.0104897,8.25538e-05,0.000419493,0.0161782
505,2.42106,2.80691,0.187713,1.42808,1.15937,0.876848,2.95449,2.16898,13.4334,1.25534,1.40459,3.04651,0.157078,0.00225992,0,0,0,0,0,-0.145646,-0.430308,0.903973,7.56532,0.375433,7.88376,0.0616884,-0.193087,0.31311,0.00667139,-0.00332586,0.000669377,-0.000290816,0.0175669
506,1.03566,0.480851,0.971637,0.0648789,0.464293,0.678781,0.696935,0.760217,1.06365,0.38717,0.408372,0.310451,3.81463,0.00940357,0,0,0,0,0,-0.0299441,-0.0208691,0.639239,1.21306,0.590591,1.4963,-0.00339985,-0.0171958,0.636036,0.0114945,-0.0156865,-0.000270542,-0.000291193,0.00834686
507,1.94296,1.60089,0.0434672,0.837128,0.823943,0.795014,1.82365,1.61168,5.92322,0.815474,0.78905,1.2717,0.0475079,0.00204591,0,0,0,0,0,-0.0895001,-0.163217,0.988839,10.4567,0.0654257,10.4744,-0.0101647,-0.149111,0.340337,0.0158063,-0.00755709,0.000271819,-0.000242807,0.0072745
508,1.18928,0.492969,0.685189,0.0808279,0.41451,0.66075,0.762564,0.853556,1.31006,0.460224,0.482292,0.411663,2.41007,0.00666029,0,0,0,0,0,-0.042263,-0.0322283,0.763937,1.00951,0.725281,1.46362,-0.0216544,-0.0382807,0.295661,0.00170793,-0.00286851,-5.26634e-06,6.57844e-05,0.00131526
509,1.28514,0.353972,-0.0361568,0.195861,0.275434,0.608509,0.710074,0.866812,1.25557,0.510166,0.381033,0.330284,0.0816989,0.00211269,0,0,0,0,0,-0.0273582,-0.0194263,0.625938,1.18128,0.74347,1.7172,-0.0273576,0.000456601,0.552553,0.0128138,-0.00852332,-0.000462618,-0.00115789,0.00749898
510,1.05753,0.123441,0.0792396,0.0346354,0.116726,0.546461,0.485792,0.659927,0.671498,0.448127,0.752596,0.496658,0.425777,0.00278472,0,0,0,0,0,-0.0253356,-0.0123078,0.293479,0.786055,0.764155,1.21339,0.100497,-0.0230433,0.76998,0.00427789,-0.00960205,0.000267439,0.000195468,0.022038
511,1.27489,0.458619,0.898927,0.0313407,0.359731,0.640476,0.77293,0.89273,1.39439,0.450475,0.733285,0.654626,5.07774,0.0118706,0,0,0,0,0,-0.0397604,-0.0307321,0.4727,1.54778,0.499888,1.78266,0.0717672,0.0113531,1.26084,0.0102119,-0.0079781,-0.000257175,-0.000137814,0.0326007
