k,gamma,beta,running_mean,running_var,on_ratio,p_on,act_mean,act_std,act_second,pre_row_norm,final_col_norm,effective_contribution,mean_over_std,bn_input_rounding_noise,dead,mostly_off,flat,always_on,negative_gamma,mean_row_component,shared_contribution,column_shared_fraction,pre_row_rel_change,pre_row_cos_ref,pre_row_norm_ratio_ref,gamma_delta,beta_delta,final_col_rel_change
0,2,2.17188,0.210938,0.0488281,1.08594,0.861247,2.31513,1.76319,8.46869,0.378195,1.24124,2.18855,0.954594,0.00381757,0,0,0,0,0,-0.132602,-0.306992,0.931323,0.989765,0.177559,0.283211,1,2.17188,2.24894
1,0.890625,-0.198242,0.121094,0.00500488,-0.222588,0.411928,0.263843,0.452543,0.274409,0.232137,0.30868,0.139691,1.71169,0.00529627,0,0,0,0,0,-0.00888964,-0.00234547,0.251063,0.966924,0.277661,0.167947,-0.109375,-0.198242,1.04721
2,1.45312,1.40625,-0.886719,0.453125,0.967742,0.833413,1.53531,1.24932,3.91796,0.420522,1.39007,1.73664,1.31728,0.00452593,0,0,0,0,0,-0.158242,-0.242949,0.992411,0.998696,0.139146,0.268586,0.453125,1.40625,2.76412
3,1.19531,0.730469,-0.192383,0.0234375,0.611111,0.729437,0.928747,0.926024,1.72009,0.241836,0.565359,0.523536,1.25664,0.0044075,0,0,0,0,0,-0.0589423,-0.0547425,0.908886,0.997795,0.101131,0.177433,0.195312,0.730469,1.39089
4,1.04688,0.238281,0.0693359,0.0375977,0.227612,0.590026,0.546506,0.691499,0.776839,0.30281,0.499954,0.345717,0.357584,0.00265153,0,0,0,0,0,-0.052728,-0.0288162,0.919428,0.941728,0.374956,0.209294,0.046875,0.238281,1.2854
5,1.22656,0.439453,-0.679688,0.0991211,0.35828,0.639933,0.742495,0.85833,1.28803,0.441057,0.734754,0.630661,2.15887,0.00616967,0,0,0,0,0,-0.0762345,-0.0566037,0.904516,0.946393,0.323149,0.313881,0.226562,0.439453,1.66088
6,1.41406,0.507812,-0.294922,0.0108032,0.359116,0.640246,0.85675,0.98991,1.71394,0.323134,0.619371,0.613121,2.83746,0.00749505,0,0,0,0,0,-0.0553144,-0.0473906,0.778564,0.934492,0.388477,0.232946,0.414062,0.507812,1.41981
7,0.953125,-0.423828,-0.191406,0.00970459,-0.444672,0.328278,0.205641,0.410717,0.210977,0.354024,0.394689,0.162105,1.94298,0.005748,0,0,0,0,0,-0.00880005,-0.00180965,0.194374,1.01119,0.104184,0.286834,-0.046875,-0.423828,1.08382
8,1.22656,-0.124512,0.166992,0.00518799,-0.101513,0.459572,0.429599,0.673009,0.637496,0.259847,0.817894,0.55045,2.31844,0.00648134,0,0,0,0,0,-0.0368923,-0.0158489,0.393229,0.972035,0.243968,0.177839,0.226562,-0.124512,1.74955
9,1.15625,0.333984,-0.363281,0.00616455,0.288851,0.613652,0.648749,0.784503,1.03632,0.181035,0.392205,0.307686,4.62692,0.0109901,0,0,0,0,0,-0.0359114,-0.0232975,0.798228,0.958905,0.392416,0.121328,0.15625,0.333984,1.15144
10,1.29688,0.230469,0.458984,0.00927734,0.177711,0.570525,0.635755,0.838468,1.10721,0.284015,0.585081,0.490572,4.76525,0.0112603,0,0,0,0,0,-0.0376432,-0.0239318,0.560889,0.918859,0.511891,0.185802,0.296875,0.230469,1.48271
11,1.61719,0.207031,-0.0673828,0.00897217,0.128019,0.550933,0.752012,1.01591,1.5976,0.332921,0.856537,0.870166,0.711378,0.00334254,0,0,0,0,0,-0.0449313,-0.0337888,0.457308,0.968413,0.25583,0.198623,0.617188,0.207031,1.57422
12,1.17188,-0.141602,-0.223633,0.00585938,-0.120833,0.451912,0.399124,0.635836,0.563587,0.2684,0.360355,0.229127,2.92153,0.00765923,0,0,0,0,0,-0.00182448,-0.000728193,0.0441382,0.983771,0.182313,0.214604,0.171875,-0.141602,1.10123
13,1.10938,-0.589844,0.0296631,0.0358887,-0.53169,0.29747,0.205229,0.448173,0.242978,0.54177,0.535989,0.240216,0.15658,0.00225895,0,0,0,0,0,0.00472809,0.000970344,0.0769019,1.04203,0.0930247,0.400396,0.109375,-0.589844,1.18141
14,2.34375,2.6875,-0.246094,0.00389099,1.14667,0.87424,2.83469,2.09383,12.4196,0.0977646,1.56748,3.28203,3.94521,0.00965862,0,0,0,0,0,-0.17564,-0.497885,0.976853,0.983605,0.248038,0.0777392,1.34375,2.6875,2.82449
15,2.15625,1.28125,0.128906,0.00836182,0.594203,0.723812,1.6477,1.66172,5.47625,0.253087,1.1449,1.90252,1.40969,0.00470643,0,0,0,0,0,-0.0950262,-0.156575,0.72357,0.959546,0.303189,0.190706,1.15625,1.28125,2.56186
16,1.80469,1.8125,-0.292969,0.00318909,1.00433,0.84239,1.96318,1.5635,6.29861,0.126895,1.12277,1.75544,5.18786,0.0120857,0,0,0,0,0,-0.120474,-0.236512,0.935427,0.9679,0.361192,0.101788,0.804688,1.8125,2.37718
17,1.64844,0.382812,-0.324219,0.00411987,0.232227,0.591819,0.865394,1.09104,1.93927,0.193709,0.72251,0.788284,5.05122,0.0118188,0,0,0,0,0,-0.0391742,-0.0339011,0.472675,0.987299,0.16172,0.1315,0.648438,0.382812,1.29909
18,1.15625,0.15918,0.228516,0.00418091,0.137669,0.554749,0.543249,0.730491,0.828736,0.232567,0.428693,0.313156,3.53411,0.00885569,0,0,0,0,0,-0.0240601,-0.0130706,0.48928,0.962065,0.304731,0.168974,0.15625,0.15918,1.17145
19,1.10938,-0.59375,0.617188,0.0122681,-0.535211,0.296252,0.204289,0.446816,0.241379,0.375448,0.43458,0.194177,5.57223,0.0128364,0,0,0,0,0,-0.00238834,-0.000487912,0.0479107,0.93325,0.376791,0.263092,0.109375,-0.59375,1.14841
20,1.07812,0.060791,0.628906,0.0100708,0.0563859,0.522483,0.462726,0.649209,0.635588,0.251411,0.453777,0.294596,6.26692,0.0141932,0,0,0,0,0,-0.0321798,-0.0148904,0.618227,0.960162,0.313154,0.171817,0.078125,0.060791,1.38653
21,1.15625,0.245117,-0.128906,0.0488281,0.211993,0.583944,0.59209,0.758604,0.92605,0.296604,0.637907,0.483919,0.583363,0.00309251,0,0,0,0,0,-0.0640299,-0.0379115,0.875049,0.904592,0.519993,0.222203,0.15625,0.245117,1.4129
22,1.10938,0.0849609,-0.292969,0.0463867,0.0765845,0.530523,0.487342,0.676058,0.694557,0.300849,0.633319,0.42816,1.36027,0.0046099,0,0,0,0,0,-0.0608441,-0.0296519,0.837535,0.943997,0.346624,0.240422,0.109375,0.0849609,1.38825
23,1.15625,0.707031,-0.285156,0.217773,0.611486,0.729561,0.898725,0.895867,1.61028,0.289399,0.939898,0.842023,0.611055,0.00314659,0,0,0,0,0,-0.10667,-0.0958672,0.989394,0.964131,0.271853,0.213101,0.15625,0.707031,1.67447
24,1.76562,1.86719,-0.314453,0.017334,1.05752,0.854863,2.00095,1.54706,6.39721,0.288885,1.0657,1.6487,2.3884,0.00661797,0,0,0,0,0,-0.0995068,-0.199108,0.814002,0.973987,0.22663,0.230089,0.765625,1.86719,2.10806
25,1.07812,0.386719,-0.398438,0.0152588,0.358696,0.640089,0.652924,0.754596,0.995725,0.369881,0.407386,0.307412,3.22552,0.00825298,0,0,0,0,0,-0.0352338,-0.023005,0.753982,0.955613,0.296921,0.260069,0.078125,0.386719,1.17417
26,1.25781,0.173828,0.59375,0.0163574,0.138199,0.554958,0.5913,0.794904,0.981507,0.239469,0.400951,0.318717,4.64244,0.0110204,0,0,0,0,0,-0.0287301,-0.0169881,0.624672,0.939441,0.42997,0.17031,0.257812,0.173828,1.11267
27,1.25781,0.640625,-0.550781,0.205078,0.509317,0.694735,0.882534,0.942305,1.66681,0.333034,0.924677,0.871328,1.21624,0.00432859,0,0,0,0,0,-0.10289,-0.0908036,0.970037,0.957458,0.295792,0.23084,0.257812,0.640625,1.82529
28,1.29688,0.882812,-0.601562,0.167969,0.680723,0.751977,1.07621,1.02699,2.21294,0.45624,1.01742,1.04489,1.4678,0.00481992,0,0,0,0,0,-0.113352,-0.12199,0.971257,0.971566,0.249583,0.32853,0.296875,0.882812,2.10229
29,1.39062,0.535156,-1.17188,0.0153809,0.384831,0.649819,0.86535,0.984806,1.71867,0.300434,0.665092,0.654987,9.44911,0.0204084,0,0,0,0,0,-0.0580596,-0.0502419,0.761025,0.947704,0.33975,0.223245,0.390625,0.535156,1.73352
30,1.20312,0.182617,-0.53125,0.048584,0.151786,0.560322,0.573765,0.766442,0.916639,0.319115,0.649911,0.498119,2.4102,0.00666054,0,0,0,0,0,-0.0637946,-0.0366031,0.85573,0.958836,0.283969,0.286018,0.203125,0.182617,1.39222
31,0.960938,0.240234,-0.0727539,0.0625,0.25,0.598706,0.51536,0.64095,0.676413,0.263534,0.614711,0.393999,0.291016,0.00252151,0,0,0,0,0,-0.0658246,-0.0339234,0.933521,0.97696,0.214678,0.191501,-0.0390625,0.240234,1.55802
32,1.27344,0.757812,-0.804688,0.0114136,0.595092,0.724109,0.97396,0.981651,1.91224,0.25641,0.546812,0.536778,7.53211,0.0166643,0,0,0,0,0,-0.0549506,-0.0535196,0.876074,0.956654,0.31221,0.199685,0.273438,0.757812,1.43832
33,1.60938,1.40625,-0.972656,0.0187988,0.873786,0.808883,1.57146,1.35708,4.31114,0.345532,0.955855,1.29717,7.09405,0.0158087,0,0,0,0,0,-0.0988336,-0.155313,0.901404,0.975587,0.222456,0.257901,0.609375,1.40625,1.90387
34,1.04688,-0.0673828,0.269531,0.0327148,-0.0643657,0.47434,0.386108,0.587018,0.493669,0.267714,0.571621,0.335552,1.49017,0.00486362,0,0,0,0,0,-0.0528067,-0.0203891,0.805355,0.912348,0.563345,0.176388,0.046875,-0.0673828,1.17208
35,0.890625,-0.0727539,-0.081543,0.0306396,-0.0816886,0.467447,0.320766,0.494364,0.347286,0.305218,0.445125,0.220054,0.465848,0.00286299,0,0,0,0,0,-0.0360555,-0.0115654,0.706149,0.971923,0.237287,0.206642,-0.109375,-0.0727539,1.26177
36,1.10156,0.108887,-0.367188,0.00970459,0.0988475,0.53937,0.496173,0.68019,0.708845,0.308742,0.408637,0.277951,3.72734,0.00923309,0,0,0,0,0,-0.0201881,-0.0100168,0.430689,0.961313,0.287002,0.206419,0.101562,0.108887,1.06043
37,1.65625,1.33594,-0.263672,0.0170898,0.806604,0.790053,1.53274,1.36607,4.21544,0.19826,0.844184,1.15321,2.01695,0.00589248,0,0,0,0,0,-0.094264,-0.144482,0.973454,0.972628,0.268188,0.134283,0.65625,1.33594,1.66216
38,0.820312,-0.503906,-0.160156,0.00418091,-0.614286,0.269513,0.135446,0.308298,0.113393,0.203667,0.243394,0.075038,2.4769,0.00679082,0,0,0,0,0,-0.00531837,-0.000720353,0.190491,0.948028,0.420197,0.145748,-0.179688,-0.503906,1.01724
39,2.39062,2.875,-0.255859,0.00558472,1.20261,0.885437,3.00569,2.16239,13.7101,0.113271,1.657,3.58307,3.42374,0.00864012,0,0,0,0,0,-0.185791,-0.55843,0.977483,0.980562,0.29004,0.0764404,1.39062,2.875,2.97837
40,1.4375,0.0385742,0.22168,0.00280762,0.0268342,0.510704,0.595728,0.850604,1.07842,0.200079,0.761853,0.648035,4.18367,0.0101243,0,0,0,0,0,-0.03471,-0.0206777,0.397183,0.985938,0.168773,0.145139,0.4375,0.0385742,1.53407
41,1.11719,0.306641,-0.0703125,0.0539551,0.274476,0.60814,0.616592,0.75321,0.947512,0.307261,0.592584,0.44634,0.302703,0.00254434,0,0,0,0,0,-0.0616078,-0.0379869,0.906343,0.923101,0.444258,0.221817,0.117188,0.306641,1.28784
42,1.53906,1.41406,-0.609375,0.224609,0.918782,0.820895,1.56171,1.30994,4.15487,0.598873,1.45368,1.90423,1.28579,0.00446444,0,0,0,0,0,-0.161101,-0.251592,0.966133,1.03574,0.139223,0.442758,0.539062,1.41406,2.73658
43,1.13281,0.296875,-0.115234,0.0737305,0.262069,0.603366,0.616255,0.759593,0.956753,0.340114,0.728896,0.553665,0.424384,0.002782,0,0,0,0,0,-0.0773524,-0.0476688,0.925156,0.97025,0.246354,0.291899,0.132812,0.296875,1.82293
44,0.804688,-0.121582,-0.294922,0.0212402,-0.151092,0.439951,0.261891,0.42907,0.252688,0.220328,0.387124,0.166103,2.02361,0.00590549,0,0,0,0,0,-0.0353763,-0.00926472,0.796652,0.931298,0.533679,0.143642,-0.195312,-0.121582,1.115
45,1.10156,0.222656,-0.427734,0.0976562,0.202128,0.580092,0.557157,0.719662,0.828338,0.291013,0.664628,0.478308,1.36875,0.00462646,0,0,0,0,0,-0.0716095,-0.0398977,0.939288,0.938181,0.381327,0.221344,0.101562,0.222656,1.55458
46,1.17188,0.279297,-0.0114136,0.102539,0.238333,0.594189,0.619771,0.77768,0.988902,0.27778,0.755775,0.587751,0.0356432,0.00202274,0,0,0,0,0,-0.081871,-0.0507413,0.944375,0.912682,0.524047,0.196001,0.171875,0.279297,1.6872
47,0.941406,-0.382812,0.0839844,0.00872803,-0.406639,0.342137,0.216089,0.417295,0.22083,0.333451,0.378302,0.157864,0.89896,0.00370891,0,0,0,0,0,-0.00432415,-0.000934403,0.099648,0.953776,0.304714,0.254321,-0.0585938,-0.382812,1.08871
48,0.917969,-0.445312,0.761719,0.0395508,-0.485106,0.3138,0.184604,0.38395,0.181496,0.526763,0.435132,0.167069,3.83016,0.00943391,0,0,0,0,0,-0.0127582,-0.00235521,0.255609,0.942517,0.338123,0.389752,-0.0820312,-0.445312,1.38088
49,2.20312,0.566406,-0.294922,0.00524902,0.257092,0.601446,1.19152,1.47406,3.59257,0.225733,0.953478,1.40548,4.07069,0.00990369,0,0,0,0,0,-0.0358444,-0.0427092,0.327731,0.976519,0.224526,0.161273,1.20312,0.566406,2.04306
50,1.25,0.363281,0.228516,0.0194092,0.290625,0.614331,0.702764,0.848776,1.2143,0.228265,0.410102,0.348085,1.64026,0.00515675,0,0,0,0,0,-0.0353352,-0.0248323,0.751143,0.958621,0.354962,0.142944,0.25,0.363281,1.0892
51,1.10156,-0.683594,-0.217773,0.0358887,-0.620567,0.267442,0.180219,0.411696,0.201973,0.65765,0.441844,0.181905,1.14955,0.00419833,0,0,0,0,0,0.00151058,0.000272236,0.0298045,1.1202,0.00815728,0.513042,0.101562,-0.683594,1.3503
52,1.63281,1.83594,-0.347656,0.671875,1.1244,0.869579,1.94377,1.45159,5.88533,0.531458,1.75919,2.55361,0.424137,0.00278152,0,0,0,0,0,-0.199604,-0.387984,0.989156,1.02694,0.134554,0.404212,0.632812,1.83594,3.23815
53,1.76562,1.36719,-0.337891,0.0109863,0.774336,0.780634,1.5907,1.44101,4.60686,0.172483,0.86259,1.24301,3.22366,0.00824935,0,0,0,0,0,-0.0964647,-0.153447,0.974923,0.970499,0.298889,0.122247,0.765625,1.36719,1.72271
54,1.97656,1.25,-0.363281,0.0233154,0.632411,0.736441,1.56774,1.5415,4.83403,0.332849,0.984817,1.5181,2.37915,0.0065999,0,0,0,0,0,-0.0865846,-0.135742,0.766464,0.979104,0.206506,0.242413,0.976562,1.25,2.00995
55,1.61719,0.941406,-0.123535,0.00424194,0.582126,0.719759,1.22095,1.24165,3.03241,0.293848,0.972,1.20688,1.89674,0.0056577,0,0,0,0,0,-0.0578733,-0.0706602,0.519061,0.995184,0.118281,0.184475,0.617188,0.941406,1.98854
56,1.50781,0.333984,-0.189453,0.0617676,0.221503,0.587649,0.781259,0.993332,1.59707,0.593518,0.629243,0.625048,0.762292,0.00344198,0,0,0,0,0,-0.0263053,-0.0205513,0.364445,1.02409,0.137944,0.39829,0.507812,0.333984,1.45958
57,1.40625,1.01562,0.0510254,0.010498,0.722222,0.764921,1.21128,1.12851,2.74074,0.242102,0.786668,0.88776,0.498003,0.00292579,0,0,0,0,0,-0.0822877,-0.0996738,0.911906,0.988828,0.15097,0.174892,0.40625,1.01562,1.81801
58,1.05469,0.211914,-0.769531,0.0654297,0.200926,0.579622,0.53264,0.688683,0.757989,0.321729,0.571806,0.393793,3.00842,0.00782895,0,0,0,0,0,-0.0588359,-0.0313383,0.897016,0.940453,0.365066,0.231929,0.0546875,0.211914,1.28155
59,1.70312,1,0.271484,0.00610352,0.587156,0.721451,1.29233,1.30966,3.38534,0.174313,0.862919,1.13013,3.475,0.00874023,0,0,0,0,0,-0.0869102,-0.112317,0.878027,0.976232,0.267907,0.110419,0.703125,1,1.94389
60,1.36719,0.753906,0.0820312,0.0062561,0.551429,0.70933,1.00033,1.03988,2.08202,0.243997,0.771462,0.802228,1.03712,0.00397874,0,0,0,0,0,-0.0570863,-0.0571054,0.645096,0.99413,0.118266,0.166035,0.367188,0.753906,1.69736
61,1.11719,-0.347656,-0.125,0.00350952,-0.311189,0.377829,0.295086,0.531726,0.369809,0.206638,0.399686,0.212523,2.11002,0.00607425,0,0,0,0,0,-0.0186913,-0.00551553,0.407687,0.969906,0.271755,0.151056,0.117188,-0.347656,1.18477
62,1.14062,0.589844,-0.496094,0.183594,0.517123,0.697465,0.805988,0.85754,1.38499,0.305959,0.854041,0.732375,1.1578,0.00421446,0,0,0,0,0,-0.0953273,-0.0768326,0.973073,0.969152,0.25187,0.199961,0.140625,0.589844,1.86739
63,1.16406,0.683594,0.660156,0.0402832,0.587248,0.721482,0.883374,0.895162,1.58167,0.28677,0.530975,0.475308,3.28916,0.00837726,0,0,0,0,0,-0.0519531,-0.045894,0.852992,0.928902,0.441529,0.201098,0.164062,0.683594,1.27317
64,2,0.511719,-0.138672,0.00524902,0.255859,0.60097,1.08009,1.33743,2.95532,0.250722,1.26232,1.68827,1.91403,0.00569147,0,0,0,0,0,-0.0478471,-0.0516792,0.33044,0.973521,0.232219,0.191359,1,0.511719,2.45922
65,1.10156,0.176758,-0.12793,0.0849609,0.160461,0.563741,0.530108,0.705326,0.7785,0.279349,0.636817,0.449164,0.438896,0.00281034,0,0,0,0,0,-0.0686726,-0.0364039,0.940103,0.941079,0.4111,0.177364,0.101562,0.176758,1.43879
66,0.632812,-0.241211,0.0771484,0.00518799,-0.381173,0.351538,0.151096,0.285881,0.104558,0.216714,0.244168,0.069803,1.07109,0.00404511,0,0,0,0,0,-0.0136853,-0.0020678,0.488623,0.93899,0.482579,0.144075,-0.367188,-0.241211,1.04036
67,1.07031,-0.167969,-0.365234,0.0385742,-0.156934,0.437648,0.345213,0.568802,0.442708,0.335773,0.491973,0.279835,1.85962,0.00558519,0,0,0,0,0,-0.0383686,-0.0132454,0.679895,0.91846,0.418572,0.281564,0.0703125,-0.167969,1.38544
68,1.39062,0.675781,0.226562,0.00476074,0.485955,0.6865,0.955008,1.03083,1.97466,0.21271,0.736988,0.759713,3.2836,0.00836641,0,0,0,0,0,-0.0606877,-0.0579573,0.717872,0.980041,0.206744,0.149964,0.390625,0.675781,1.73065
69,1.625,1.22656,-0.275391,0.0105591,0.754808,0.774818,1.43991,1.31786,3.81009,0.163276,0.806021,1.06222,2.68001,0.00718752,0,0,0,0,0,-0.0908492,-0.130815,0.982611,0.979224,0.245017,0.107496,0.625,1.22656,1.70323
70,1.48438,1.08594,-1.03906,0.0332031,0.731579,0.767787,1.28912,1.1948,3.08939,0.348188,0.898515,1.07354,5.70233,0.0130905,0,0,0,0,0,-0.0947848,-0.122189,0.919644,0.95466,0.302515,0.24875,0.484375,1.08594,1.85101
71,2.48438,1.27344,0.488281,0.0132446,0.512579,0.695877,1.74831,1.86395,6.5309,0.406101,1.0993,2.04905,4.24278,0.0102398,0,0,0,0,0,-0.060006,-0.104909,0.475865,0.968465,0.249603,0.264671,1.48438,1.27344,2.04905
72,1.98438,0.227539,0.245117,0.0766602,0.114665,0.545645,0.909509,1.2368,2.35688,0.717013,0.553208,0.684208,0.885297,0.00368222,0,0,0,0,0,-0.0377892,-0.0343696,0.595506,1.00024,0.243999,0.488991,0.984375,0.227539,1.42744
73,1.22656,0.617188,-0.546875,0.0893555,0.503185,0.692583,0.855813,0.916344,1.5721,0.384822,0.848675,0.777678,1.82948,0.00552633,0,0,0,0,0,-0.0912379,-0.0780826,0.937218,0.973855,0.233155,0.28565,0.226562,0.617188,1.91593
74,1.11719,0.605469,0.0996094,0.0146484,0.541958,0.706076,0.809382,0.847288,1.373,0.196354,0.434073,0.367785,0.823009,0.00356056,0,0,0,0,0,-0.0418193,-0.0338478,0.839888,0.967231,0.307858,0.133753,0.117188,0.605469,1.26009
75,2.84375,1.42969,0.0737305,0.00964355,0.502747,0.692429,1.98338,2.1241,8.4456,0.307826,1.43766,3.05373,0.750807,0.00341955,0,0,0,0,0,-0.10976,-0.217697,0.665575,0.925939,0.454063,0.201998,1.84375,1.42969,2.81821
76,1.03906,0.1875,0.00619507,0.00952148,0.180451,0.571601,0.511185,0.672568,0.713658,0.364789,0.437349,0.294147,0.0634883,0.00207713,0,0,0,0,0,-0.0288898,-0.014768,0.575868,0.963807,0.26669,0.273544,0.0390625,0.1875,1.28253
77,1.33594,0.9375,-0.542969,0.279297,0.701754,0.758584,1.12996,1.06506,2.41115,0.32691,0.995215,1.05996,1.02741,0.00395978,0,0,0,0,0,-0.113461,-0.128206,0.993887,0.961304,0.285557,0.210408,0.335938,0.9375,2.20372
78,1.26562,1.09375,-0.330078,0.0181885,0.864198,0.80626,1.22659,1.06384,2.63629,0.306415,0.816806,0.86895,2.44748,0.00673335,0,0,0,0,0,-0.0825573,-0.101264,0.881137,0.947593,0.346301,0.212672,0.265625,1.09375,1.80879
79,1.60938,1.74219,-0.863281,0.632812,1.08252,0.86049,1.85827,1.41777,5.46322,0.524295,1.70801,2.42157,1.08521,0.00407268,0,0,0,0,0,-0.193488,-0.359552,0.987575,0.954593,0.300405,0.339027,0.609375,1.74219,3.5296
80,1.57031,1.01562,-0.363281,0.00842285,0.646766,0.741108,1.26263,1.23022,3.10767,0.234828,0.872274,1.07309,3.95834,0.00968426,0,0,0,0,0,-0.0903599,-0.114091,0.903088,0.96191,0.306715,0.167631,0.570312,1.01562,1.73209
81,2.32812,1.73438,0.265625,0.00442505,0.744966,0.771854,2.04556,1.88207,7.72649,0.284371,1.3873,2.61099,3.9931,0.00975214,0,0,0,0,0,-0.123627,-0.252885,0.776873,0.95833,0.299879,0.208647,1.32812,1.73438,2.68561
82,1.72656,1.20312,-1.03125,0.0227051,0.696833,0.757046,1.4539,1.37431,4.00256,0.28735,0.892102,1.22603,6.84388,0.0153201,0,0,0,0,0,-0.0958921,-0.139418,0.937076,0.974881,0.225671,0.189325,0.726562,1.20312,2.03807
83,1.14062,1.21875,1.29688,0.0664062,1.06849,0.857351,1.30335,1.00179,2.70229,0.368233,0.770418,0.771796,5.03261,0.0117824,0,0,0,0,0,-0.0837467,-0.109151,0.94765,0.911455,0.455331,0.260199,0.140625,1.21875,1.59844
84,0.960938,1.3125,0.605469,0.045166,1.36585,0.914008,1.35107,0.889402,2.61642,0.499249,0.863233,0.767761,2.84896,0.00751749,0,0,0,0,0,-0.0918973,-0.124159,0.928071,0.951361,0.317419,0.39385,-0.0390625,1.3125,1.84399
85,1.21094,0.120605,0.498047,0.00994873,0.0995968,0.539668,0.545892,0.748057,0.857587,0.327845,0.775819,0.580357,4.99329,0.0117056,0,0,0,0,0,-0.0486711,-0.0265692,0.546912,0.956323,0.293642,0.265733,0.210938,0.120605,1.75631
86,1.42969,1.57812,-0.652344,0.0612793,1.10383,0.865166,1.67682,1.26531,4.41272,0.328012,0.895865,1.13355,2.63524,0.00710007,0,0,0,0,0,-0.0987244,-0.165543,0.960702,0.995664,0.146887,0.260562,0.429688,1.57812,1.8959
87,1.125,0.453125,-0.174805,0.141602,0.402778,0.656444,0.712931,0.80316,1.15334,0.298912,0.780383,0.626772,0.464536,0.00286042,0,0,0,0,0,-0.0859214,-0.061256,0.959844,0.940347,0.392803,0.196468,0.125,0.453125,1.75773
88,0.714844,-0.143555,0.0673828,0.00364685,-0.20082,0.42042,0.217408,0.36904,0.183457,0.223922,0.285207,0.105253,1.11581,0.00413244,0,0,0,0,0,-0.0147561,-0.00320811,0.451045,0.96584,0.29801,0.150848,-0.285156,-0.143555,1.13339
89,0.980469,-0.0529785,0.0893555,0.00726318,-0.0540339,0.478454,0.366681,0.553126,0.440404,0.226382,0.339138,0.187586,1.04847,0.00400093,0,0,0,0,0,-0.0191476,-0.00702106,0.492204,0.947894,0.395419,0.1612,-0.0195312,-0.0529785,1.07586
90,2.01562,2.01562,-0.285156,0.00350952,1,0.841345,2.18519,1.74465,7.81886,0.100302,1.22084,2.12995,4.81348,0.0113544,0,0,0,0,0,-0.136911,-0.299177,0.97766,0.988909,0.198887,0.0666081,1.01562,2.01562,2.33732
91,2.625,0.613281,0.816406,0.0125122,0.233631,0.592364,1.38042,1.73844,4.92774,0.380553,1.42718,2.48107,7.2986,0.0162082,0,0,0,0,0,-0.0671768,-0.092732,0.410344,0.945124,0.335096,0.260606,1.625,0.613281,2.52181
92,0.960938,0.15918,0.137695,0.0585938,0.16565,0.565784,0.464928,0.617161,0.597046,0.205093,0.57327,0.3538,0.568844,0.00306415,0,0,0,0,0,-0.0621527,-0.0288965,0.945164,0.928334,0.535474,0.150069,-0.0390625,0.15918,1.41753
93,1.78906,1.71875,-0.202148,0.00209045,0.960699,0.831648,1.87947,1.53589,5.89139,0.0759289,1.05668,1.62294,4.4213,0.0105885,0,0,0,0,0,-0.118774,-0.223233,0.979913,0.988307,0.246598,0.0527917,0.789062,1.71875,2.22344
94,1.03125,-0.146484,0.166992,0.00601196,-0.142045,0.443522,0.340291,0.552735,0.421315,0.234713,0.548413,0.303127,2.15371,0.0061596,0,0,0,0,0,-0.0276773,-0.00941835,0.43997,0.957171,0.330321,0.1713,0.03125,-0.146484,1.48327
95,1.03906,0.134766,-0.242188,0.0654297,0.129699,0.551598,0.484049,0.653381,0.661211,0.295616,0.602481,0.39365,0.946813,0.00380237,0,0,0,0,0,-0.0628299,-0.0304128,0.909138,0.957613,0.294511,0.2332,0.0390625,0.134766,1.13343
96,1.03906,-0.146484,0.0358887,0.00469971,-0.140977,0.443944,0.343424,0.557265,0.428484,0.25473,0.394543,0.219865,0.523506,0.0029756,0,0,0,0,0,-0.0162493,-0.00558039,0.359042,0.971262,0.250121,0.173239,0.0390625,-0.146484,1.20836
97,1.03125,-0.0167236,-0.414062,0.0378418,-0.0162169,0.493531,0.405172,0.59488,0.518047,0.230905,0.404663,0.240726,2.12853,0.00611041,0,0,0,0,0,-0.0359593,-0.0145697,0.774685,0.929393,0.501683,0.161894,0.03125,-0.0167236,1.14613
98,1.82812,1.67969,-0.205078,0.0019989,0.918803,0.820901,1.85506,1.55598,5.8623,0.0754493,1.04702,1.62914,4.58695,0.010912,0,0,0,0,0,-0.118145,-0.219165,0.983707,0.993798,0.141619,0.0539252,0.828125,1.67969,1.97507
99,1.17188,0.386719,-0.11084,0.0101929,0.33,0.6293,0.68826,0.80976,1.12941,0.19376,0.409048,0.331231,1.09786,0.00409739,0,0,0,0,0,-0.0386421,-0.0265958,0.823556,0.965402,0.325526,0.130672,0.171875,0.386719,1.36311
100,2.125,2.26562,-0.220703,0.00337219,1.06618,0.856828,2.42394,1.86542,9.35527,0.093225,1.34847,2.51545,3.8006,0.00937617,0,0,0,0,0,-0.151791,-0.367933,0.981326,0.985595,0.255954,0.0638333,1.125,2.26562,2.54559
101,0.855469,-0.306641,-0.0524902,0.0039978,-0.358447,0.360004,0.211305,0.393077,0.199159,0.209534,0.315865,0.124159,0.830172,0.00357455,0,0,0,0,0,-0.0146663,-0.00309907,0.404786,0.968951,0.275606,0.15385,-0.144531,-0.306641,1.11617
102,1.07812,0.320312,-0.498047,0.0268555,0.297101,0.616805,0.610586,0.73417,0.91182,0.300213,0.460688,0.338223,3.03916,0.00788899,0,0,0,0,0,-0.0409052,-0.0249761,0.774066,0.931968,0.417336,0.210615,0.078125,0.320312,1.22303
103,2.89062,0.566406,0.988281,0.0133667,0.195946,0.577674,1.45065,1.88347,5.65186,0.385214,1.60861,3.02978,8.54808,0.0186486,0,0,0,0,0,-0.0668656,-0.0969986,0.362375,0.940333,0.341724,0.310086,1.89062,0.566406,2.92756
104,1.90625,1.77344,-0.208984,0.00213623,0.930328,0.823899,1.95311,1.62629,6.45946,0.0775584,1.09935,1.78787,4.52158,0.0107843,0,0,0,0,0,-0.124011,-0.242206,0.983399,0.993368,0.154995,0.051059,0.90625,1.77344,2.13726
105,1.4375,0.914062,-0.453125,0.0272217,0.63587,0.737569,1.14395,1.12231,2.5682,0.370297,0.634005,0.711551,2.74638,0.00731715,0,0,0,0,0,-0.0590628,-0.0675647,0.812135,0.955386,0.295566,0.284567,0.4375,0.914062,1.49189
106,1.35156,0.871094,-0.0568848,0.00732422,0.644509,0.740377,1.08443,1.05809,2.29553,0.299568,0.810227,0.857292,0.664684,0.00325134,0,0,0,0,0,-0.0716254,-0.0776724,0.770668,0.957426,0.308106,0.200434,0.351562,0.871094,1.6931
107,2.39062,0.0390625,-0.186523,0.0154419,0.0163399,0.506518,0.978178,1.40583,2.9332,0.456967,1.33069,1.87073,1.50101,0.00488478,0,0,0,0,0,-0.0617647,-0.0604168,0.404641,0.90313,0.452808,0.309007,1.39062,0.0390625,3.27544
108,1.64844,1.15625,0.226562,0.0125122,0.701422,0.75848,1.39386,1.31405,3.66958,0.287923,0.791175,1.03965,2.02545,0.00590908,0,0,0,0,0,-0.0770874,-0.107449,0.84941,0.96296,0.289751,0.183698,0.648438,1.15625,1.55882
109,0.992188,0.570312,-0.155273,0.0240479,0.574803,0.717288,0.743567,0.760071,1.1306,0.273345,0.607992,0.462117,1.00129,0.00390877,0,0,0,0,0,-0.0644804,-0.0479455,0.924564,0.976043,0.217581,0.216735,-0.0078125,0.570312,1.42661
110,1.3125,0.796875,-0.734375,0.0419922,0.607143,0.728122,1.01585,1.01556,2.06329,0.306378,0.692527,0.703299,3.58372,0.00895257,0,0,0,0,0,-0.0740254,-0.0751984,0.931861,0.943046,0.390883,0.185639,0.3125,0.796875,1.55081
111,1.30469,-0.0230713,0.0322266,0.0576172,-0.0176834,0.492946,0.511647,0.751962,0.82723,0.574971,0.4085,0.307176,0.134257,0.00221535,0,0,0,0,0,-0.0193128,-0.00988132,0.412154,0.953995,0.320155,0.432426,0.304688,-0.0230713,1.11544
112,1.39062,-0.746094,0.15918,0.0196533,-0.536517,0.295801,0.255644,0.559463,0.378353,0.476209,0.5608,0.313747,1.13545,0.00417081,0,0,0,0,0,-0.00890782,-0.00227723,0.138475,0.949341,0.319892,0.379713,0.390625,-0.746094,1.32043
113,1.375,1.03125,0.182617,0.125977,0.75,0.773373,1.21337,1.11337,2.71186,0.461431,1.11886,1.24571,0.514513,0.00295803,0,0,0,0,0,-0.122661,-0.148834,0.955736,0.953151,0.304356,0.337966,0.375,1.03125,1.98125
114,1.49219,0.84375,-0.287109,0.0181885,0.565445,0.714114,1.10767,1.13982,2.52614,0.201035,0.614508,0.700429,2.12887,0.00611107,0,0,0,0,0,-0.0657023,-0.0727768,0.932094,0.968297,0.295965,0.137241,0.492188,0.84375,1.45178
115,0.777344,-0.333984,0.289062,0.0072937,-0.429648,0.333726,0.171948,0.338724,0.1443,0.25218,0.367852,0.1246,3.38468,0.00856383,0,0,0,0,0,-0.019121,-0.00328783,0.453154,0.915968,0.573655,0.163681,-0.222656,-0.333984,1.10374
116,2.07812,2.01562,-0.298828,0.00309753,0.969925,0.833958,2.19953,1.78747,8.03299,0.124323,1.26547,2.26199,5.36925,0.0124399,0,0,0,0,0,-0.134194,-0.295164,0.924461,0.995862,0.0909204,0.0937775,1.07812,2.01562,2.3566
117,1.09375,0.21875,-0.589844,0.0932617,0.2,0.57926,0.551722,0.713906,0.814058,0.291693,0.651442,0.465068,1.93146,0.0057255,0,0,0,0,0,-0.0707004,-0.0390069,0.946135,0.921485,0.481626,0.196848,0.09375,0.21875,1.48392
118,1.0625,0.402344,-0.292969,0.032959,0.378676,0.647536,0.656997,0.750357,0.99468,0.438387,0.354887,0.266292,1.61374,0.00510497,0,0,0,0,0,-0.0252406,-0.016583,0.620036,0.97235,0.235961,0.269749,0.0625,0.402344,1.17448
119,1.98438,1.25781,-0.251953,0.00805664,0.633858,0.736913,1.57612,1.5483,4.88137,0.255168,1.04757,1.62195,2.807,0.00743555,0,0,0,0,0,-0.0910072,-0.143438,0.757356,0.976326,0.220814,0.176407,0.984375,1.25781,2.12542
120,1.59375,0.980469,-0.034668,0.0183105,0.615196,0.730787,1.24327,1.23627,3.0741,0.252205,0.703963,0.87029,0.256199,0.00245351,0,0,0,0,0,-0.0713865,-0.0887528,0.884043,0.944258,0.387583,0.183024,0.59375,0.980469,1.80086
121,1.01562,-0.178711,-0.0322266,0.00747681,-0.175962,0.430162,0.318036,0.533856,0.386149,0.276112,0.345206,0.18429,0.372697,0.00268105,0,0,0,0,0,-0.00755343,-0.00240226,0.190754,0.967109,0.270268,0.178915,0.015625,-0.178711,1.10398
122,1.35938,-0.155273,-0.175781,0.00762939,-0.114224,0.45453,0.467476,0.740397,0.766722,0.314145,0.459014,0.339852,2.01246,0.00588371,0,0,0,0,0,-0.0106565,-0.00498166,0.202393,0.923017,0.464932,0.203931,0.359375,-0.155273,1.3369
123,3.45312,1.04688,-0.589844,0.010376,0.303167,0.619119,1.969,2.3578,9.43616,0.355429,1.53569,3.62085,5.79059,0.0132629,0,0,0,0,0,-0.106797,-0.210283,0.606263,0.974848,0.232285,0.297745,2.45312,1.04688,2.64578
124,1.07031,-0.271484,-0.126953,0.00592041,-0.25365,0.399883,0.305025,0.531584,0.375622,0.254456,0.389461,0.207032,1.64994,0.00517566,0,0,0,0,0,-0.0185907,-0.00567062,0.416138,0.953938,0.349426,0.170272,0.0703125,-0.271484,1.18274
125,1.36719,0.828125,-0.425781,0.287109,0.605714,0.727648,1.05669,1.0574,2.23469,0.355963,1.07216,1.1337,0.794626,0.00350513,0,0,0,0,0,-0.121331,-0.12821,0.986552,0.933049,0.389422,0.240324,0.367188,0.828125,2.36794
126,0.890625,-0.0100098,0.523438,0.0201416,-0.011239,0.495516,0.352138,0.515272,0.389507,0.346308,0.430264,0.221703,3.68823,0.0091567,0,0,0,0,0,-0.0392601,-0.013825,0.79547,0.975533,0.225828,0.277436,-0.109375,-0.0100098,1.42219
127,1.08594,0.237305,-0.648438,0.0556641,0.218525,0.58649,0.560607,0.714484,0.824768,0.255309,0.517706,0.369893,2.7484,0.0073211,0,0,0,0,0,-0.0544565,-0.0305287,0.917009,0.924886,0.533607,0.159239,0.0859375,0.237305,1.36113
128,3.15625,0.474609,0.890625,0.0145264,0.150371,0.559764,1.50297,2.009,6.29498,0.374506,1.2992,2.61008,7.38952,0.0163858,0,0,0,0,0,-0.0514474,-0.0773238,0.34522,0.979566,0.221722,0.315049,2.15625,0.474609,2.6753
129,1.36719,1.16406,-0.640625,0.166016,0.851429,0.802734,1.31177,1.14438,3.03034,0.484729,1.2179,1.39374,1.57228,0.00502398,0,0,0,0,0,-0.136481,-0.179032,0.976937,0.973455,0.243982,0.328494,0.367188,1.16406,2.43261
130,1.08594,-0.10791,0.130859,0.00921631,-0.0993705,0.460422,0.381508,0.596592,0.501471,0.327253,0.413035,0.246413,1.3631,0.00461542,0,0,0,0,0,-0.024016,-0.0091623,0.506898,0.975299,0.221207,0.209386,0.0859375,-0.10791,1.0447
131,1.15625,0.239258,-0.417969,0.0505371,0.206926,0.581966,0.588354,0.75695,0.919134,0.332097,0.620146,0.469419,1.85925,0.00558448,0,0,0,0,0,-0.0607822,-0.0357615,0.854455,0.934882,0.381515,0.241663,0.15625,0.239258,1.42274
132,1.16406,0.300781,-0.0281982,0.0098877,0.258389,0.601947,0.630524,0.77929,1.00485,0.185116,0.387481,0.30196,0.283579,0.00250699,0,0,0,0,0,-0.0352619,-0.0222335,0.793346,0.982155,0.208437,0.118576,0.164062,0.300781,1.22724
133,1.50781,1.27344,-0.423828,0.464844,0.84456,0.800822,1.43883,1.25923,3.6559,0.420827,1.41068,1.77637,0.621636,0.00316726,0,0,0,0,0,-0.160741,-0.231279,0.993357,0.977033,0.217619,0.261793,0.507812,1.27344,2.47233
134,1.26562,-0.125977,-0.363281,0.00524902,-0.099537,0.460356,0.44453,0.695241,0.680967,0.250511,0.586844,0.407998,5.01422,0.0117465,0,0,0,0,0,-0.0273201,-0.0121446,0.40585,0.963212,0.283124,0.194035,0.265625,-0.125977,1.21871
135,1.14062,0.361328,-0.492188,0.0854492,0.316781,0.624295,0.660293,0.783541,1.04992,0.434533,0.699962,0.548449,1.68375,0.00524169,0,0,0,0,0,-0.0737995,-0.0487293,0.919149,1.0079,0.145984,0.33878,0.140625,0.361328,1.66286
136,1.14062,0.0213623,0.310547,0.010498,0.0187286,0.507471,0.468074,0.671706,0.670283,0.189688,0.26605,0.178707,3.03091,0.00787287,0,0,0,0,0,-0.0198856,-0.00930794,0.651602,0.976074,0.249858,0.126776,0.140625,0.0213623,0.994861
137,1.10938,0.460938,0.298828,0.0055542,0.415493,0.661109,0.712022,0.796559,1.14148,0.219392,0.559604,0.445757,4.00969,0.00978455,0,0,0,0,0,-0.055231,-0.0393257,0.860417,0.976467,0.231106,0.148048,0.109375,0.460938,1.33927
138,0.832031,-0.0285645,0.804688,0.0264893,-0.034331,0.486307,0.319364,0.47486,0.327485,0.464807,0.401544,0.190677,4.94416,0.0116097,0,0,0,0,0,-0.0272512,-0.00870305,0.591642,0.965722,0.271218,0.349812,-0.167969,-0.0285645,1.26002
139,0.707031,-0.245117,0.158203,0.00689697,-0.346685,0.364414,0.177654,0.327734,0.138971,0.187301,0.303087,0.0993319,1.90496,0.00567375,0,0,0,0,0,-0.0213263,-0.00378871,0.613415,0.930127,0.577899,0.13169,-0.292969,-0.245117,1.10841
140,2.10938,2.375,-0.229492,0.00338745,1.12593,0.869902,2.51383,1.87588,9.83828,0.0905507,1.39247,2.61211,3.94304,0.00965438,0,0,0,0,0,-0.156738,-0.394014,0.981289,0.990877,0.171997,0.0651303,1.10938,2.375,2.52413
141,2.09375,1.17188,-0.392578,0.0050354,0.559701,0.712158,1.54509,1.59652,4.9362,0.215933,1.14009,1.82018,5.53234,0.0127585,0,0,0,0,0,-0.108401,-0.16749,0.828898,0.970585,0.265034,0.154223,1.09375,1.17188,2.15435
142,0.773438,-0.136719,0.363281,0.00469971,-0.176768,0.429845,0.241971,0.406315,0.223642,0.203268,0.282117,0.114628,5.29917,0.0123031,0,0,0,0,0,-0.014943,-0.00361578,0.46176,0.955487,0.382464,0.139084,-0.226562,-0.136719,1.03931
143,1.4375,0.730469,-1.01562,0.231445,0.508152,0.694327,1.00754,1.07635,2.17368,0.426307,1.02479,1.10303,2.1111,0.00607637,0,0,0,0,0,-0.113302,-0.114157,0.963854,0.914873,0.418361,0.308735,0.4375,0.730469,2.06499
144,1.65625,0.878906,0.417969,0.00866699,0.53066,0.702173,1.18572,1.25184,2.97301,0.255377,0.819515,1.0259,4.48962,0.0107219,0,0,0,0,0,-0.0701433,-0.0831701,0.746167,0.983861,0.179957,0.199115,0.65625,0.878906,1.85461
145,1.72656,1.53125,-0.867188,0.0310059,0.886878,0.812428,1.70489,1.46008,5.03848,0.484407,1.17011,1.70845,4.92483,0.0115719,0,0,0,0,0,-0.119196,-0.203216,0.888061,0.959959,0.284654,0.335142,0.726562,1.53125,2.2823
146,1.98438,0.972656,-0.103027,0.0062561,0.490157,0.687989,1.36808,1.47377,4.04364,0.302261,1.22826,1.81017,1.30257,0.0044972,0,0,0,0,0,-0.067368,-0.092165,0.478157,0.949948,0.318733,0.255552,0.984375,0.972656,2.18622
147,1.11719,0.21582,-0.337891,0.0703125,0.193182,0.576592,0.558688,0.727076,0.840772,0.306164,0.671558,0.488274,1.27427,0.00444192,0,0,0,0,0,-0.0699285,-0.0390682,0.907774,0.931165,0.401367,0.233546,0.117188,0.21582,1.37358
148,1.86719,0.765625,0.207031,0.00708008,0.410042,0.659112,1.19191,1.33739,3.20928,0.242442,0.84775,1.13378,2.46046,0.00675872,0,0,0,0,0,-0.054811,-0.0653301,0.563646,0.954314,0.323597,0.199379,0.867188,0.765625,1.82719
149,1.72656,1.64062,-0.0629883,0.0152588,0.950226,0.829001,1.79836,1.47903,5.42164,0.297023,1.10951,1.64101,0.509917,0.00294906,0,0,0,0,0,-0.120404,-0.21653,0.946052,0.971012,0.240624,0.212988,0.726562,1.64062,1.99073
150,1.32812,1.09375,-0.40625,0.202148,0.823529,0.794897,1.24616,1.10153,2.76626,0.395942,1.0429,1.14878,0.903562,0.0037179,0,0,0,0,0,-0.117171,-0.146014,0.979462,0.965419,0.261479,0.281624,0.328125,1.09375,1.88275
151,1.24219,0.898438,-0.439453,0.00994873,0.72327,0.765243,1.07096,0.997184,2.14132,0.203241,0.691205,0.689258,4.40584,0.0105583,0,0,0,0,0,-0.0737494,-0.0789825,0.930162,0.962416,0.307005,0.16384,0.242188,0.898438,1.30134
152,2.28125,2.29688,-0.105957,0.0112305,1.00685,0.842996,2.48651,1.97742,10.0929,0.302812,1.49616,2.95854,0.999841,0.00390594,0,0,0,0,0,-0.143497,-0.356808,0.836127,0.947496,0.332935,0.240225,1.28125,2.29688,2.44082
153,1.02344,-0.0150757,-0.0400391,0.0429688,-0.0147304,0.494124,0.402863,0.590892,0.511452,0.249811,0.518565,0.306416,0.193156,0.00233038,0,0,0,0,0,-0.0525298,-0.0211623,0.883098,0.939822,0.401996,0.190181,0.0234375,-0.0150757,1.32612
154,1.0625,-0.02771,-0.158203,0.0507812,-0.02608,0.489597,0.41221,0.60935,0.541225,0.263262,0.500463,0.304957,0.702042,0.0033243,0,0,0,0,0,-0.0484079,-0.0199542,0.84324,0.930393,0.457822,0.183538,0.0625,-0.02771,1.1666
155,1.42969,1.53906,-0.507812,0.472656,1.0765,0.859149,1.64343,1.25784,4.28302,0.436489,1.49802,1.88427,0.738636,0.00339577,0,0,0,0,0,-0.17014,-0.279614,0.990138,0.967569,0.266358,0.350836,0.429688,1.53906,2.94638
156,1.45312,-0.490234,0.149414,0.0664062,-0.337366,0.367921,0.370032,0.67827,0.596975,0.749559,0.533191,0.361648,0.579812,0.00308557,0,0,0,0,0,-0.00250017,-0.000925142,0.0408783,1.05022,0.154106,0.510065,0.453125,-0.490234,1.31824
157,1.35156,1.24219,-0.855469,0.347656,0.919075,0.820972,1.37179,1.15042,3.20527,0.351539,1.24709,1.43468,1.45087,0.00478686,0,0,0,0,0,-0.142527,-0.195516,0.996336,1.05802,-0.0891506,0.267724,0.351562,1.24219,2.24202
158,1.84375,1.44531,-0.451172,0.0148926,0.783898,0.78345,1.67447,1.50947,5.08237,0.234251,1.04994,1.58485,3.69706,0.00917395,0,0,0,0,0,-0.113269,-0.189667,0.940494,0.950966,0.372908,0.164589,0.84375,1.44531,2.27466
159,2.03125,0.929688,0.431641,0.0112915,0.457692,0.676413,1.35835,1.48657,4.05501,0.326275,0.944653,1.40429,4.06206,0.00988684,0,0,0,0,0,-0.0567876,-0.0771376,0.524068,0.968601,0.249,0.235234,1.03125,0.929688,1.76031
160,1.25,0.558594,-0.257812,0.0412598,0.446875,0.672517,0.827289,0.910346,1.51314,0.328323,0.688095,0.626404,1.26923,0.00443209,0,0,0,0,0,-0.0714168,-0.0590823,0.904813,0.93789,0.391912,0.209612,0.25,0.558594,1.65271
161,1.15625,-0.414062,0.259766,0.0113525,-0.358108,0.360131,0.285742,0.531416,0.364052,0.332943,0.391928,0.208277,2.43801,0.00671486,0,0,0,0,0,-0.00144148,-0.000411891,0.0320633,0.922939,0.438233,0.228796,0.15625,-0.414062,1.21303
162,1.39844,0.800781,0.217773,0.0314941,0.572626,0.716551,1.04571,1.07056,2.23961,0.26791,0.596851,0.638967,1.22713,0.00434986,0,0,0,0,0,-0.063528,-0.0664317,0.92791,0.96656,0.265644,0.196323,0.398438,0.800781,1.39987
163,1.64844,2.46875,-0.617188,0.890625,1.49763,0.932885,2.51767,1.55281,8.74985,0.629955,2.12193,3.29494,0.653988,0.00323045,0,0,0,0,0,-0.240748,-0.606124,0.989097,0.98124,0.261507,0.43819,0.648438,2.46875,3.83531
164,1.71094,1.13281,-0.0771484,0.0673828,0.6621,0.746047,1.39562,1.3469,3.7619,0.325339,0.818267,1.10212,0.297203,0.0025336,0,0,0,0,0,-0.0875501,-0.122187,0.932757,0.984166,0.181988,0.223241,0.710938,1.13281,1.84572
165,1.21875,0.279297,0.0169678,0.0727539,0.229167,0.59063,0.637439,0.805571,1.05527,0.265175,0.699352,0.563378,0.0629067,0.00207599,0,0,0,0,0,-0.0719886,-0.0458883,0.897376,0.9478,0.383027,0.170812,0.21875,0.279297,1.6167
166,0.980469,-0.0708008,0.125977,0.0164795,-0.0722112,0.471217,0.35777,0.54726,0.427492,0.242367,0.385718,0.211088,0.981336,0.0038698,0,0,0,0,0,-0.028685,-0.0102626,0.648324,0.914904,0.57603,0.165104,-0.0195312,-0.0708008,1.13117
167,1.38281,0.141602,-1.21875,0.013855,0.102401,0.540781,0.625312,0.855649,1.12315,0.304102,0.611242,0.523008,10.3541,0.0221759,0,0,0,0,0,-0.050065,-0.0313062,0.714049,0.981849,0.190882,0.21241,0.382812,0.141602,1.53272
168,0.828125,-0.0961914,0.523438,0.0159912,-0.116156,0.453765,0.283984,0.450542,0.283635,0.272863,0.421612,0.189954,4.13927,0.0100376,0,0,0,0,0,-0.0340373,-0.00966607,0.703801,1.00632,0.0581722,0.184895,-0.171875,-0.0961914,1.13834
169,1.375,1.11719,-0.78125,0.347656,0.8125,0.791748,1.27862,1.13628,2.92602,0.398101,1.22746,1.39474,1.325,0.00454101,0,0,0,0,0,-0.138942,-0.177654,0.98681,0.956264,0.292572,0.298798,0.375,1.11719,2.43278
170,2.125,2.1875,-1.27344,0.0334473,1.02941,0.848357,2.35718,1.8508,8.98175,0.352983,1.33188,2.46505,6.96301,0.0155528,0,0,0,0,0,-0.145787,-0.343646,0.954243,0.993474,0.165592,0.285634,1.125,2.1875,2.23532
171,2.15625,0.0712891,0.310547,0.010437,0.0330616,0.513187,0.900306,1.28062,2.45053,0.341561,1.23253,1.5784,3.03976,0.00789015,0,0,0,0,0,-0.0586636,-0.0528152,0.414933,0.953487,0.304546,0.261114,1.15625,0.0712891,2.26028
172,2.25,0.507812,0.65625,0.00866699,0.225694,0.58928,1.17183,1.48497,3.57832,0.287812,0.984275,1.46162,7.04912,0.0157209,0,0,0,0,0,-0.0542819,-0.0636092,0.480779,0.964471,0.276188,0.195669,1.25,0.507812,1.85391
173,1.15625,0.191406,-0.265625,0.00312805,0.165541,0.565741,0.559362,0.742552,0.86427,0.184924,0.492939,0.366033,4.74933,0.0112292,0,0,0,0,0,-0.0336027,-0.0187961,0.594275,0.997568,0.0814594,0.123632,0.15625,0.191406,1.27626
174,0.929688,0.410156,-0.314453,0.0810547,0.441176,0.670457,0.611919,0.675327,0.830511,0.263399,0.644549,0.435282,1.1045,0.00411036,0,0,0,0,0,-0.068371,-0.0418375,0.924747,0.920578,0.504277,0.185279,-0.0703125,0.410156,1.68438
175,1.14844,-0.474609,0.458984,0.00793457,-0.413265,0.339706,0.260853,0.50656,0.324647,0.30761,0.517003,0.261893,5.15272,0.012017,0,0,0,0,0,-0.0148873,-0.0038834,0.251032,0.931255,0.418156,0.212995,0.148438,-0.474609,1.24399
176,2.96875,1.21094,0.376953,0.00772095,0.407895,0.658325,1.89103,2.12434,8.08883,0.381538,1.54317,3.27822,4.28995,0.0103319,0,0,0,0,0,-0.0848348,-0.160425,0.479256,1.02924,0.0156269,0.259721,1.96875,1.21094,3.22649
177,1.77344,0.0888672,-0.210938,0.00549316,0.0501101,0.519983,0.755586,1.06394,1.70289,0.285322,0.884479,0.941035,2.84605,0.00751182,0,0,0,0,0,-0.0412107,-0.0311382,0.40619,0.976411,0.217501,0.191325,0.773438,0.0888672,1.71717
178,1.33594,1.01562,0.265625,0.0286865,0.760234,0.776443,1.18928,1.08534,2.59234,0.399394,0.765286,0.830594,1.5683,0.00501622,0,0,0,0,0,-0.0747444,-0.0888919,0.851455,1.00628,0.121588,0.287051,0.335938,1.01562,1.613
179,1.13281,0.667969,-0.169922,0.0206299,0.589655,0.722289,0.861729,0.871779,1.50258,0.266331,0.477128,0.41595,1.18304,0.00426376,0,0,0,0,0,-0.0465326,-0.0400985,0.850216,0.956255,0.3272,0.180624,0.132812,0.667969,1.43005
180,1.53906,0.625,-0.0334473,0.00338745,0.406091,0.657662,0.97858,1.10041,2.16852,0.204068,0.787767,0.866866,0.574677,0.00307554,0,0,0,0,0,-0.0476392,-0.0466188,0.527198,0.98004,0.210591,0.141115,0.539062,0.625,1.86452
181,1.57031,1.63281,-0.847656,0.0883789,1.0398,0.850784,1.75583,1.37072,4.96179,0.437519,1.30768,1.79247,2.85132,0.0075221,0,0,0,0,0,-0.143664,-0.252249,0.957749,0.967531,0.264265,0.341421,0.570312,1.63281,2.41177
182,1.19531,0.597656,-0.574219,0.090332,0.5,0.691462,0.831581,0.89171,1.48668,0.325247,0.719872,0.641917,1.91054,0.00568465,0,0,0,0,0,-0.0771581,-0.0641632,0.934401,0.957587,0.294353,0.234224,0.195312,0.597656,1.56628
183,2.26562,2.60938,-0.349609,0.00476074,1.15172,0.875283,2.74999,2.0263,11.6683,0.144262,1.5696,3.18047,5.06694,0.0118495,0,0,0,0,0,-0.1674,-0.460348,0.929765,0.975723,0.268399,0.113244,1.26562,2.60938,2.81934
184,2.76562,0.691406,-0.582031,0.00964355,0.25,0.598706,1.48323,1.84468,5.60284,0.305307,1.34666,2.48416,5.9269,0.0135291,0,0,0,0,0,-0.0546979,-0.0811296,0.354095,0.959752,0.295702,0.203164,1.76562,0.691406,2.55805
185,1.6875,1.26562,0.261719,0.00588989,0.75,0.773373,1.48913,1.36641,4.0846,0.321093,0.997012,1.36233,3.41021,0.00861369,0,0,0,0,0,-0.068476,-0.10197,0.598749,0.958619,0.291604,0.228484,0.6875,1.26562,1.74276
186,1.3125,0.123535,-0.238281,0.126953,0.094122,0.537494,0.588083,0.808179,0.998996,0.646,0.651902,0.526853,0.668757,0.00325929,0,0,0,0,0,-0.0538756,-0.0316833,0.720471,0.931015,0.372422,0.446498,0.3125,0.123535,1.50393
187,1.8125,1.67188,-0.202148,0.00485229,0.922414,0.821844,1.84479,1.54381,5.78662,0.166696,1.17558,1.81487,2.902,0.00762109,0,0,0,0,0,-0.125588,-0.231685,0.931334,0.996081,0.0932308,0.122718,0.8125,1.67188,2.29563
188,1.32031,-0.652344,0.208984,0.00762939,-0.494083,0.310624,0.261219,0.54862,0.369219,0.308152,0.444989,0.24413,2.39259,0.00662616,0,0,0,0,0,0.00474689,0.00123998,0.0929965,0.92071,0.438663,0.238332,0.320312,-0.652344,1.24641
189,1.32031,0.359375,0.108887,0.00257874,0.272189,0.607262,0.726775,0.889263,1.31899,0.183375,0.709099,0.630576,2.14423,0.00614108,0,0,0,0,0,-0.043179,-0.0313814,0.530851,0.995134,0.101423,0.125481,0.320312,0.359375,1.53768
190,1.67188,0.828125,-0.259766,0.00708008,0.495327,0.689815,1.15815,1.24459,2.89031,0.214365,0.873648,1.08734,3.08718,0.00798278,0,0,0,0,0,-0.0815024,-0.0943917,0.813281,0.983785,0.179876,0.166124,0.671875,0.828125,1.85866
191,0.792969,-0.365234,0.201172,0.00463867,-0.460591,0.322546,0.166512,0.337704,0.14177,0.210317,0.26439,0.0892853,2.95373,0.00772212,0,0,0,0,0,-0.0100502,-0.00167347,0.331388,0.974871,0.240968,0.149105,-0.207031,-0.365234,1.11475
192,1.52344,-0.0629883,0.699219,0.00933838,-0.0413462,0.48351,0.579408,0.865876,1.08546,0.33739,0.901225,0.780349,7.23565,0.0160852,0,0,0,0,0,-0.043859,-0.0254122,0.42426,0.94273,0.351663,0.240278,0.523438,-0.0629883,1.8978
193,1.35938,0.816406,-0.182617,0.285156,0.600575,0.725938,1.04535,1.04968,2.19458,0.380148,1.09919,1.1538,0.34198,0.00262105,0,0,0,0,0,-0.123805,-0.129419,0.981907,0.910469,0.470573,0.24609,0.359375,0.816406,2.28559
194,1.19531,-0.332031,-0.00121307,0.00592041,-0.277778,0.390591,0.330196,0.583186,0.449135,0.304395,0.45708,0.266562,0.0157656,0.00198392,0,0,0,0,0,0.00246939,0.000815382,0.0470982,0.923263,0.408061,0.270481,0.195312,-0.332031,1.29145
195,1.05469,0.129883,-0.507812,0.00389099,0.123148,0.549005,0.487874,0.660651,0.674481,0.225162,0.449638,0.297054,8.14092,0.0178534,0,0,0,0,0,-0.0338071,-0.0164936,0.655467,0.956684,0.345982,0.159038,0.0546875,0.129883,1.24257
196,1.44531,1.39062,0.081543,0.0253906,0.962162,0.832016,1.52016,1.24116,3.85137,0.292165,0.803403,0.997155,0.511741,0.00295262,0,0,0,0,0,-0.0838886,-0.127524,0.910283,0.949682,0.332395,0.221117,0.445312,1.39062,1.7395
197,0.851562,-0.0678711,0.143555,0.0218506,-0.0797018,0.468237,0.307543,0.47323,0.31853,0.234761,0.378125,0.17894,0.971149,0.0038499,0,0,0,0,0,-0.0333392,-0.0102533,0.768648,0.932767,0.517497,0.146205,-0.148438,-0.0678711,1.16177
198,1.30469,-0.683594,-1.28125,0.0932617,-0.523952,0.300156,0.244004,0.530496,0.340964,0.881602,0.578206,0.306736,4.19548,0.0101474,0,0,0,0,0,-0.00712924,-0.00173957,0.10749,0.988391,0.323021,0.608082,0.304688,-0.683594,1.38527
199,1.07031,0.164062,-0.18457,0.052002,0.153285,0.560913,0.511229,0.682435,0.727073,0.26392,0.529319,0.361226,0.809379,0.00353394,0,0,0,0,0,-0.052593,-0.0268871,0.866198,0.918329,0.522709,0.181309,0.0703125,0.164062,1.43558
200,1.97656,1.9375,-0.1875,0.00527954,0.980237,0.836515,2.10945,1.70377,7.35263,0.184708,1.37405,2.34106,2.5805,0.00699316,0,0,0,0,0,-0.146518,-0.309072,0.929598,0.984378,0.180721,0.139969,0.976562,1.9375,2.62652
201,0.851562,-0.503906,0.277344,0.00634766,-0.591743,0.277011,0.145227,0.326487,0.127684,0.244973,0.274074,0.0894814,3.48106,0.00875207,0,0,0,0,0,-0.00111181,-0.000161465,0.0353648,0.946997,0.413975,0.152865,-0.148438,-0.503906,1.11262
202,1.46094,0.925781,-0.8125,0.0119019,0.63369,0.736858,1.16018,1.13983,2.64523,0.264713,0.665771,0.758866,7.44759,0.0164992,0,0,0,0,0,-0.0710353,-0.0824138,0.930156,0.959323,0.32121,0.167989,0.460938,0.925781,1.57121
203,1.44531,-0.0834961,-0.617188,0.0756836,-0.0577703,0.476966,0.537826,0.813578,0.951166,0.717019,0.51116,0.415869,2.24345,0.00633486,0,0,0,0,0,-0.00707193,-0.00380347,0.120611,0.955778,0.34116,0.51408,0.445312,-0.0834961,1.34314
204,1.67969,1.1875,-0.123047,0.0164795,0.706977,0.76021,1.42737,1.34135,3.8366,0.209365,0.787337,1.0561,0.958514,0.00382522,0,0,0,0,0,-0.0851593,-0.121554,0.942927,1.0007,0.0661018,0.142032,0.679688,1.1875,1.81815
205,0.949219,0.423828,0.267578,0.0132446,0.446502,0.672383,0.627997,0.691177,0.872106,0.223861,0.405126,0.280014,2.32504,0.00649422,0,0,0,0,0,-0.0404268,-0.0253879,0.869932,0.963825,0.288603,0.177919,-0.0507812,0.423828,1.33255
206,1.67188,1.19531,-1.64844,0.0263672,0.714953,0.762681,1.43086,1.33854,3.83902,0.357509,0.945755,1.26593,10.1517,0.0217807,0,0,0,0,0,-0.100702,-0.144091,0.928256,0.94472,0.340281,0.249244,0.671875,1.19531,2.08669
207,1.28906,-0.118164,-0.142578,0.00662231,-0.0916667,0.463481,0.457835,0.71137,0.71566,0.310812,0.458869,0.326426,1.75206,0.00537511,0,0,0,0,0,-0.0105882,-0.00484765,0.201159,0.966052,0.26109,0.223356,0.289062,-0.118164,1.26077
208,1.17969,0.617188,-0.347656,0.00488281,0.523179,0.699575,0.838145,0.889345,1.49342,0.210322,0.447424,0.397914,4.97525,0.0116704,0,0,0,0,0,-0.0448456,-0.0375871,0.873791,0.968932,0.298829,0.131113,0.179688,0.617188,1.35045
209,1.4375,-0.398438,0.605469,0.00939941,-0.277174,0.390823,0.397413,0.701661,0.650265,0.363037,0.548404,0.384793,6.24513,0.0141506,0,0,0,0,0,0.00458332,0.00182147,0.0728596,0.994642,0.159056,0.279934,0.4375,-0.398438,1.14046
210,1.57031,1.16406,-0.498047,0.0927734,0.741294,0.770742,1.37534,1.26794,3.49924,0.387933,1.0896,1.38155,1.63515,0.00514678,0,0,0,0,0,-0.120374,-0.165556,0.963108,0.935956,0.354683,0.312105,0.570312,1.16406,2.63059
211,1.23438,0.78125,-0.515625,0.21582,0.632911,0.736604,0.979531,0.962829,1.88652,0.397639,0.955864,0.920334,1.10991,0.00412092,0,0,0,0,0,-0.10773,-0.105525,0.982536,0.934886,0.369123,0.267812,0.234375,0.78125,1.91166
212,1.19531,0.427734,-0.367188,0.09375,0.357843,0.63977,0.723244,0.836298,1.22248,0.3819,0.824548,0.689567,1.19923,0.00429537,0,0,0,0,0,-0.0851665,-0.0615962,0.900451,0.936732,0.37288,0.244405,0.195312,0.427734,1.67767
213,1.60156,0.486328,-0.388672,0.126953,0.303659,0.619306,0.913725,1.09379,2.03126,0.499366,0.555003,0.607055,1.09084,0.00408367,0,0,0,0,0,-0.0510688,-0.0466628,0.80217,0.990823,0.235246,0.427785,0.601562,0.486328,1.3858
214,1.17188,0.384766,-0.0549316,0.019043,0.328333,0.62867,0.687015,0.809159,1.12673,0.192253,0.375973,0.304222,0.398066,0.0027306,0,0,0,0,0,-0.0370307,-0.0254406,0.858641,0.942617,0.498787,0.128226,0.171875,0.384766,1.1276
215,1.64062,1.5625,-0.318359,0.00680542,0.952381,0.829548,1.71187,1.40604,4.90746,0.168457,1.04736,1.47263,3.85914,0.0094905,0,0,0,0,0,-0.11552,-0.197755,0.961543,0.999892,0.0588223,0.115776,0.640625,1.5625,2.105
216,0.964844,-0.263672,0.0088501,0.0189209,-0.273279,0.392319,0.268104,0.47231,0.294956,0.298553,0.391452,0.184887,0.0643394,0.00207879,0,0,0,0,0,-0.0248756,-0.00666924,0.55399,0.956332,0.312331,0.202232,-0.0351562,-0.263672,1.06673
217,1.48438,1.14062,-0.574219,0.0122681,0.768421,0.778881,1.33065,1.20914,3.23265,0.207283,0.786772,0.95132,5.18429,0.0120787,0,0,0,0,0,-0.0823532,-0.109583,0.912512,0.96463,0.295536,0.16192,0.484375,1.14062,1.67495
218,1.5,0.470703,0.245117,0.00357056,0.313802,0.623164,0.865482,1.02905,1.808,0.220804,0.866657,0.891831,4.1021,0.00996503,0,0,0,0,0,-0.0525888,-0.0455147,0.528997,0.970202,0.256281,0.172782,0.5,0.470703,1.55058
219,1.03125,0.972656,0.554688,0.0285645,0.943182,0.827206,1.06793,0.882122,1.91861,0.259434,0.548825,0.484131,3.28198,0.00836323,0,0,0,0,0,-0.0570795,-0.0609567,0.906678,0.923827,0.490008,0.184125,0.03125,0.972656,1.33253
220,0.722656,-0.330078,-0.0913086,0.00576782,-0.456757,0.323923,0.152751,0.308632,0.118587,0.227804,0.214163,0.0660976,1.20228,0.00430133,0,0,0,0,0,-0.00997046,-0.001523,0.405861,0.924055,0.440649,0.221446,-0.277344,-0.330078,1.00512
221,1.38281,0.875,-0.617188,0.0112305,0.632768,0.736558,1.09717,1.07856,2.36709,0.300574,0.705243,0.76065,5.82396,0.013328,0,0,0,0,0,-0.0696593,-0.0764282,0.861087,0.984716,0.176223,0.203063,0.382812,0.875,1.61856
222,1.53906,0.855469,0.074707,0.0493164,0.555838,0.710839,1.13124,1.17218,2.65372,0.247931,0.651344,0.763493,0.336408,0.00261017,0,0,0,0,0,-0.0722945,-0.0817827,0.967613,0.972143,0.245666,0.172087,0.539062,0.855469,1.68274
223,0.988281,-0.423828,0.102051,0.0302734,-0.428854,0.334015,0.218892,0.430893,0.233583,0.563487,0.451679,0.194625,0.586524,0.00309868,0,0,0,0,0,-0.00264379,-0.000578704,0.0510274,1.03922,0.153183,0.474808,-0.0117188,-0.423828,1.35382
224,1.54688,1.28906,-0.542969,0.0805664,0.833333,0.797672,1.46292,1.28709,3.79674,0.308388,0.75496,0.971704,1.91292,0.00568931,0,0,0,0,0,-0.0816586,-0.11946,0.942942,0.983939,0.180359,0.206164,0.546875,1.28906,1.44757
225,1.26562,1.14062,-0.228516,0.0157471,0.901235,0.816268,1.26527,1.07338,2.75305,0.263841,0.715858,0.76839,1.82103,0.00550982,0,0,0,0,0,-0.0742858,-0.0939913,0.90466,0.958566,0.292359,0.226612,0.265625,1.14062,1.574
226,1.76562,1.21875,-0.285156,0.0268555,0.690265,0.754986,1.47799,1.40246,4.15135,0.23963,0.817281,1.1462,1.74007,0.0053517,0,0,0,0,0,-0.087155,-0.128814,0.929668,0.958177,0.297393,0.216487,0.765625,1.21875,1.9698
227,1.10156,-0.542969,-0.427734,0.0473633,-0.492908,0.311039,0.21841,0.458117,0.257574,0.579273,0.426396,0.19534,1.96541,0.00579182,0,0,0,0,0,0.00923538,0.0020171,0.18882,0.907786,0.41965,0.406142,0.101562,-0.542969,1.1993
228,1.17969,0.484375,0.117676,0.140625,0.410596,0.659316,0.753467,0.845176,1.28204,0.289392,0.705683,0.596426,0.313802,0.00256602,0,0,0,0,0,-0.0776339,-0.0584946,0.959067,0.96367,0.281768,0.19203,0.179688,0.484375,1.45962
229,1.5625,0.867188,-0.396484,0.0947266,0.555,0.710553,1.14748,1.18973,2.73215,0.36716,0.641178,0.762827,1.28822,0.00446918,0,0,0,0,0,-0.066501,-0.0763084,0.904183,0.988838,0.166427,0.240579,0.5625,0.867188,1.39606
230,1.69531,2.42188,-1.28125,0.851562,1.42857,0.923436,2.48148,1.58214,8.66089,0.667333,2.12362,3.35985,1.38844,0.00466491,0,0,0,0,0,-0.239849,-0.59518,0.984619,0.914425,0.40682,0.447744,0.695312,2.42188,3.57458
231,1.80469,1.84375,-0.19043,0.00218201,1.02165,0.846526,1.98989,1.56923,6.42214,0.0759783,1.10834,1.73925,4.07668,0.00991539,0,0,0,0,0,-0.12482,-0.248378,0.981787,0.994776,0.123843,0.0537265,0.804688,1.84375,2.28979
232,1.94531,1.5,-0.4375,0.013916,0.771084,0.779672,1.74778,1.58599,5.57011,0.318954,1.17875,1.86948,3.70869,0.00919666,0,0,0,0,0,-0.10547,-0.18434,0.780038,0.959926,0.283481,0.240824,0.945312,1.5,2.23042
233,1.03906,0.213867,-0.337891,0.0424805,0.205827,0.581537,0.527996,0.679911,0.741058,0.20487,0.522806,0.355461,1.63939,0.00515505,0,0,0,0,0,-0.0548655,-0.0289688,0.914883,0.959528,0.357489,0.137278,0.0390625,0.213867,1.39507
234,1.79688,1.57031,-0.245117,0.0180664,0.873913,0.808917,1.75472,1.51524,5.375,0.199738,0.988524,1.49786,1.82363,0.00551491,0,0,0,0,0,-0.110743,-0.194323,0.976647,0.969531,0.291656,0.133376,0.796875,1.57031,2.24449
235,0.972656,0.539062,-1.02344,0.0593262,0.554217,0.710285,0.713726,0.740428,1.05764,0.285634,0.618148,0.457695,4.20183,0.0101598,0,0,0,0,0,-0.0687802,-0.0490902,0.970013,0.988021,0.156336,0.181375,-0.0273438,0.539062,1.46556
236,1.00781,-0.180664,-0.0581055,0.0314941,-0.179264,0.428865,0.314384,0.528486,0.378135,0.249728,0.464122,0.245282,0.327418,0.00259261,0,0,0,0,0,-0.0397861,-0.0125081,0.747319,0.938292,0.45091,0.161581,0.0078125,-0.180664,1.26696
237,1.0625,0.275391,-0.188477,0.0981445,0.259191,0.602256,0.576055,0.711548,0.838141,0.252561,0.59931,0.426438,0.601623,0.00312817,0,0,0,0,0,-0.0658409,-0.037928,0.957748,0.911363,0.61193,0.159116,0.0625,0.275391,1.42207
238,1.13281,-0.249023,-0.380859,0.010376,-0.219828,0.413003,0.336723,0.576766,0.446042,0.41728,0.449812,0.259437,3.73895,0.00925577,0,0,0,0,0,-0.0121073,-0.00407681,0.234652,0.943779,0.332281,0.298683,0.132812,-0.249023,1.20566
239,1.03125,0.101074,-0.0366211,0.0766602,0.0980114,0.539038,0.464071,0.636459,0.620441,0.326347,0.610418,0.388506,0.132265,0.00221146,0,0,0,0,0,-0.0609075,-0.0282654,0.869861,0.939324,0.384103,0.211292,0.03125,0.101074,1.6646
240,1.21094,0.738281,-0.472656,0.239258,0.609677,0.728962,0.939569,0.93771,1.76209,0.316359,0.984703,0.923366,0.966301,0.00384043,0,0,0,0,0,-0.111428,-0.104694,0.986494,0.936913,0.395536,0.210458,0.210938,0.738281,2.05864
241,0.578125,-0.392578,0.636719,0.00860596,-0.679054,0.248552,0.0864448,0.20503,0.0495101,0.219172,0.238438,0.0488871,6.86354,0.0153585,0,0,0,0,0,-0.0112943,-0.000976335,0.412943,0.943379,0.485351,0.131049,-0.421875,-0.392578,1.11106
242,1.15625,-0.308594,0.0429688,0.00430298,-0.266892,0.394776,0.323967,0.568685,0.428357,0.238791,0.431638,0.245466,0.65504,0.0032325,0,0,0,0,0,0.00714396,0.00231441,0.144287,0.939119,0.465248,0.151559,0.15625,-0.308594,1.2112
243,1.52344,0.5,-0.265625,0.00540161,0.328205,0.628622,0.892995,1.05185,1.90382,0.231874,0.666558,0.701117,3.61416,0.00901203,0,0,0,0,0,-0.0345108,-0.0308179,0.45136,0.968365,0.27812,0.155311,0.523438,0.5,1.49758
244,1.73438,2.03125,-1.29688,0.753906,1.17117,0.879235,2.13399,1.55785,6.98082,0.617236,1.90789,2.97221,1.49362,0.00487035,0,0,0,0,0,-0.215358,-0.459572,0.984042,1.02932,0.135282,0.41421,0.734375,2.03125,3.15086
245,0.898438,-0.3125,-0.149414,0.00364685,-0.347826,0.363985,0.225377,0.416103,0.223937,0.207753,0.371158,0.15444,2.47419,0.00678552,0,0,0,0,0,-0.0150298,-0.00338736,0.35302,0.967099,0.284387,0.157275,-0.101562,-0.3125,1.22099
246,2.21875,0.302734,-0.217773,0.0055542,0.136444,0.554265,1.04109,1.40074,3.04595,0.240362,1.11537,1.56235,2.92209,0.00766034,0,0,0,0,0,-0.0427565,-0.0445134,0.334186,0.960361,0.29919,0.190524,1.21875,0.302734,2.25872
247,0.960938,-0.457031,-0.219727,0.0288086,-0.47561,0.317176,0.196552,0.404734,0.202442,0.539845,0.596689,0.2415,1.29456,0.00448156,0,0,0,0,0,-0.00276348,-0.000543168,0.0403753,1.00428,0.172269,0.367876,-0.0390625,-0.457031,1.46872
248,1.08594,0.527344,-0.410156,0.161133,0.485612,0.686379,0.745527,0.804852,1.2036,0.284698,0.798834,0.642944,1.02178,0.00394879,0,0,0,0,0,-0.0895916,-0.0667929,0.977726,0.927703,0.4753,0.181117,0.0859375,0.527344,1.65703
249,1.16406,0.396484,-0.404297,0.0844727,0.340604,0.633299,0.691542,0.808177,1.13138,0.306832,0.750364,0.606427,1.39105,0.00467002,0,0,0,0,0,-0.080868,-0.0559236,0.939532,0.934985,0.385294,0.234796,0.164062,0.396484,1.66859
250,1.42188,0.980469,0.259766,0.034668,0.68956,0.754765,1.18948,1.12916,2.68986,0.286856,0.753516,0.850838,1.39514,0.00467801,0,0,0,0,0,-0.0768425,-0.0914026,0.889029,0.992489,0.133983,0.188627,0.421875,0.980469,1.41898
251,1.05469,0.335938,-0.808594,0.0688477,0.318519,0.624954,0.611714,0.725067,0.899916,0.30909,0.661788,0.479841,3.08167,0.00797201,0,0,0,0,0,-0.0694901,-0.0425081,0.915401,0.945113,0.349769,0.224961,0.0546875,0.335938,1.50764
252,1.96094,1.97656,-0.25,0.00308228,1.00797,0.843265,2.13925,1.70017,7.46698,0.0910822,1.19284,2.02803,4.50302,0.0107481,0,0,0,0,0,-0.1342,-0.287088,0.980795,0.994632,0.117372,0.0619692,0.960938,1.97656,2.18426
253,1.125,0.757812,-0.102051,0.0878906,0.673611,0.749721,0.927503,0.888872,1.65036,0.431249,0.770209,0.684617,0.344227,0.00262544,0,0,0,0,0,-0.0859455,-0.0797148,0.972796,1.00124,0.155438,0.31866,0.125,0.757812,1.77136
254,1.91406,1.70312,-0.207031,0.00212097,0.889796,0.813212,1.89481,1.61959,6.21337,0.077842,1.0737,1.73896,4.4954,0.0107332,0,0,0,0,0,-0.121222,-0.229693,0.984249,1.00116,0.00625953,0.0547642,0.914062,1.70312,2.01955
255,1.38281,0.808594,-0.108887,0.00552368,0.584746,0.720641,1.04675,1.06256,2.22472,0.264492,0.841935,0.894606,1.46508,0.0048146,0,0,0,0,0,-0.0623703,-0.0652861,0.645812,0.979989,0.199385,0.210901,0.382812,0.808594,1.51518
256,1.07031,-0.253906,0.414062,0.00512695,-0.237226,0.406241,0.311396,0.538043,0.386458,0.233836,0.318699,0.171474,5.78277,0.0132476,0,0,0,0,0,-0.00244319,-0.000760799,0.0668317,0.966808,0.285999,0.157495,0.0703125,-0.253906,1.00399
257,1.59375,0.929688,-0.00946045,0.0400391,0.583333,0.720166,1.20471,1.22411,2.94978,0.269005,0.676359,0.827939,0.0472792,0.00204547,0,0,0,0,0,-0.0724784,-0.0873158,0.934197,0.97815,0.209481,0.183798,0.59375,0.929688,1.80025
258,1.82812,0.10498,-0.21875,0.0100708,0.0574252,0.522897,0.785573,1.10151,1.83045,0.412239,0.997579,1.09884,2.1798,0.00621054,0,0,0,0,0,-0.0469047,-0.0368471,0.409898,0.968763,0.253369,0.305308,0.828125,0.10498,2.05709
259,1.96875,0.357422,-0.0883789,0.00878906,0.181548,0.572031,0.969937,1.27493,2.56624,0.334542,1.25375,1.59845,0.942708,0.00379435,0,0,0,0,0,-0.0494274,-0.0479414,0.343686,0.976171,0.218032,0.239194,0.96875,0.357422,2.26751
260,0.785156,-0.196289,0.108398,0.00848389,-0.25,0.401294,0.224798,0.391007,0.203421,0.295789,0.27691,0.108274,1.17686,0.00425168,0,0,0,0,0,-0.0192647,-0.00433066,0.6065,0.948875,0.361848,0.184935,-0.214844,-0.196289,1.15916
261,1.19531,0.738281,0.400391,0.0133667,0.617647,0.731596,0.934679,0.927914,1.73465,0.323415,0.662267,0.614527,3.46315,0.0087171,0,0,0,0,0,-0.0640044,-0.0598235,0.842526,0.957166,0.295424,0.236757,0.195312,0.738281,1.41043
262,1.86719,1.72656,-0.200195,0.00213623,0.924686,0.822435,1.90408,1.59113,6.15723,0.0777199,1.07318,1.70758,4.33142,0.0104129,0,0,0,0,0,-0.121203,-0.23078,0.984569,0.991105,0.208419,0.0480181,0.867188,1.72656,2.27887
263,1.1875,0.785156,-0.384766,0.220703,0.661184,0.745753,0.967826,0.934561,1.81009,0.321089,0.973835,0.910108,0.819015,0.00355276,0,0,0,0,0,-0.109915,-0.106378,0.983959,0.932862,0.393996,0.234423,0.1875,0.785156,2.057
264,1.92969,1.5625,-0.515625,0.00564575,0.809717,0.790948,1.79035,1.59322,5.7437,0.18637,1.14225,1.81985,6.86235,0.0153562,0,0,0,0,0,-0.11733,-0.210062,0.895479,0.94561,0.418039,0.155483,0.929688,1.5625,2.04399
265,1.05469,-0.02771,-0.15625,0.00662231,-0.0262731,0.48952,0.409077,0.604801,0.533128,0.313816,0.446633,0.270124,1.92006,0.00570325,0,0,0,0,0,-0.0165082,-0.00675314,0.322224,0.923227,0.47425,0.196292,0.0546875,-0.02771,1.13386
266,2.125,2.20312,-0.210938,0.0106201,1.03676,0.850077,2.37053,1.8537,9.05562,0.157405,1.29443,2.39949,2.04686,0.00595091,0,0,0,0,0,-0.142694,-0.33826,0.961019,0.98776,0.163156,0.115308,1.125,2.20312,2.6882
267,0.804688,-0.503906,0.000246048,0.00521851,-0.626214,0.265587,0.130556,0.299235,0.106586,0.230366,0.259303,0.0775925,0.00340602,0.00195978,0,0,0,0,0,-0.00587089,-0.000766481,0.19738,0.926695,0.538036,0.153009,-0.195312,-0.503906,1.13081
268,0.898438,-0.219727,0.0820312,0.00741577,-0.244565,0.403397,0.259001,0.449214,0.268874,0.246841,0.342827,0.154003,0.952579,0.00381363,0,0,0,0,0,-0.0140993,-0.00365173,0.358533,0.944497,0.427132,0.154154,-0.101562,-0.219727,1.04298
269,1.375,0.976562,-0.597656,0.0517578,0.710227,0.761218,1.17184,1.09918,2.58142,0.376104,0.911604,1.00202,2.62702,0.00708402,0,0,0,0,0,-0.0990376,-0.116057,0.94711,0.986868,0.191095,0.293203,0.375,0.976562,1.90681
270,1.07031,-0.322266,-0.507812,0.00765991,-0.301095,0.381671,0.28662,0.513251,0.345578,0.34182,0.41042,0.210648,5.80218,0.0132855,0,0,0,0,0,-0.00950939,-0.00272559,0.201991,0.947019,0.333446,0.24383,0.0703125,-0.322266,1.22149
271,1,-0.00531006,-0.304688,0.00720215,-0.00531006,0.497882,0.398347,0.580581,0.495755,0.265101,0.335704,0.194903,3.59024,0.00896531,0,0,0,0,0,-0.023477,-0.009352,0.609667,0.934107,0.435287,0.186228,0,-0.00531006,1.20616
272,1.76562,1.70312,-0.644531,0.00680542,0.964602,0.832628,1.86074,1.517,5.76365,0.17705,1.11155,1.68622,7.81298,0.0172128,0,0,0,0,0,-0.117437,-0.21852,0.921051,0.980456,0.225766,0.115022,0.765625,1.70312,2.25202
273,1.65625,2.96875,-0.96875,1.03125,1.79245,0.96347,2.99351,1.60216,11.528,0.669673,2.418,3.87404,0.953959,0.00381633,0,0,0,0,0,-0.274273,-0.821037,0.988854,1.00416,0.187924,0.396867,0.65625,2.96875,4.381
274,1.46094,1.05469,-0.242188,0.00891113,0.721925,0.76483,1.25806,1.17228,2.95696,0.184079,0.687898,0.806409,2.56558,0.00696402,0,0,0,0,0,-0.0733388,-0.0922646,0.92943,0.99285,0.119377,0.120588,0.460938,1.05469,1.6251
275,0.953125,0.0310059,0.18457,0.0234375,0.0325307,0.512976,0.397708,0.565892,0.478406,0.247169,0.443062,0.250725,1.20561,0.00430783,0,0,0,0,0,-0.0388357,-0.0154453,0.76414,0.942849,0.425411,0.160953,-0.046875,0.0310059,1.23771
276,0.964844,-0.324219,0.0742188,0.00436401,-0.336032,0.368423,0.24616,0.450805,0.263819,0.214217,0.266876,0.120309,1.12349,0.00414745,0,0,0,0,0,-0.00843969,-0.00207751,0.275692,0.949381,0.377675,0.168004,-0.0351562,-0.324219,0.946745
277,1.22656,0.4375,0.194336,0.0114136,0.356688,0.639337,0.741249,0.857718,1.28513,0.198539,0.427249,0.366459,1.81904,0.00550594,0,0,0,0,0,-0.0391527,-0.0290219,0.798891,0.957633,0.380462,0.13184,0.226562,0.4375,1.22945
278,1.14062,0.710938,0.316406,0.0294189,0.623288,0.733452,0.896801,0.887023,1.59106,0.259592,0.661883,0.587106,1.84472,0.0055561,0,0,0,0,0,-0.0681449,-0.0611125,0.897551,0.920663,0.489629,0.194066,0.140625,0.710938,1.60181
279,1.28906,-0.269531,-0.199219,0.0393066,-0.209091,0.417189,0.388184,0.661485,0.588249,0.555072,0.512885,0.339266,1.00484,0.0039157,0,0,0,0,0,-0.00431051,-0.00167327,0.0732681,1.04927,0.0566764,0.379446,0.289062,-0.269531,1.20865
280,1.09375,0.443359,-0.00463867,0.0201416,0.405357,0.657392,0.694926,0.781758,1.09407,0.296794,0.407418,0.318502,0.0326849,0.00201696,0,0,0,0,0,-0.0376713,-0.0261788,0.806079,0.909341,0.497553,0.22468,0.09375,0.443359,1.28462
281,1.21094,0.367188,-0.433594,0.0168457,0.303226,0.619141,0.690531,0.826851,1.16052,0.325618,0.545939,0.45141,3.34071,0.00847794,0,0,0,0,0,-0.0468424,-0.0323461,0.748,0.947961,0.345076,0.21201,0.210938,0.367188,1.44275
282,1.27344,0.722656,-0.554688,0.261719,0.567485,0.714808,0.947265,0.973335,1.84469,0.33409,0.99601,0.969451,1.08425,0.00407081,0,0,0,0,0,-0.112318,-0.106395,0.983084,0.933625,0.382549,0.248386,0.273438,0.722656,2.05307
283,1.27344,1.07812,0.135742,0.0263672,0.846626,0.801398,1.21718,1.06422,2.61408,0.277942,0.701686,0.74675,0.835955,0.00358585,0,0,0,0,0,-0.0721073,-0.0877672,0.895866,0.956016,0.324479,0.185726,0.273438,1.07812,1.43631
284,1.17969,0.332031,-0.326172,0.125,0.281457,0.61082,0.656338,0.797798,1.06726,0.329486,0.75534,0.602609,0.922553,0.00375499,0,0,0,0,0,-0.0807246,-0.0529826,0.931687,0.953637,0.301088,0.309848,0.179688,0.332031,1.62448
285,1.75781,1.25,0.103027,0.00738525,0.711111,0.761492,1.49928,1.4056,4.22355,0.309961,1.17432,1.65062,1.19886,0.00429466,0,0,0,0,0,-0.0975945,-0.146321,0.724515,0.993915,0.123384,0.178978,0.757812,1.25,2.08695
286,1.96094,1.3125,-0.111816,0.0825195,0.669323,0.748355,1.6103,1.54724,4.98704,0.319118,0.906701,1.40289,0.389249,0.00271338,0,0,0,0,0,-0.101376,-0.163247,0.974717,0.952887,0.329812,0.200315,0.960938,1.3125,1.96695
287,2.21875,2.53125,-0.239258,0.0038147,1.14085,0.873033,2.67247,1.97962,11.061,0.0969203,1.47219,2.91439,3.87379,0.00951912,0,0,0,0,0,-0.165643,-0.442676,0.980878,0.990757,0.167579,0.0691763,1.21875,2.53125,2.70074
288,0.839844,-0.369141,0.375,0.0115356,-0.439535,0.330137,0.182764,0.363283,0.165377,0.297555,0.288506,0.104809,3.49149,0.00877243,0,0,0,0,0,-0.0116899,-0.00213649,0.353234,0.943446,0.356608,0.22523,-0.160156,-0.369141,1.09066
289,1.04688,-0.589844,-0.0249023,0.00747681,-0.563433,0.28657,0.185669,0.411453,0.203766,0.314217,0.318881,0.131204,0.287993,0.00251561,0,0,0,0,0,-0.00631897,-0.00117324,0.172753,0.949305,0.327333,0.236082,0.046875,-0.589844,1.04475
290,1.17188,0.449219,0.333984,0.0257568,0.383333,0.649264,0.728108,0.829334,1.21794,0.218017,0.380676,0.315707,2.08104,0.00601765,0,0,0,0,0,-0.0369471,-0.0269015,0.84612,0.984527,0.180576,0.136971,0.171875,0.449219,1.28118
291,3,0.714844,0.192383,0.0150757,0.238281,0.594169,1.58651,1.99081,6.48037,0.352445,1.28465,2.5575,1.56685,0.00501338,0,0,0,0,0,-0.0539654,-0.0856169,0.366216,1.00318,0.118546,0.261481,2,0.714844,2.25612
292,1.10156,-0.234375,0.0308838,0.0114746,-0.212766,0.415755,0.330253,0.563756,0.426888,0.357145,0.433788,0.24455,0.288311,0.00251623,0,0,0,0,0,-0.0127882,-0.00422333,0.257003,0.920263,0.423219,0.261978,0.101562,-0.234375,1.28394
293,2.32812,2.25,-0.458984,0.0127563,0.966443,0.833089,2.45721,2.00106,10.0421,0.175224,1.3587,2.71884,4.06382,0.00989028,0,0,0,0,0,-0.146711,-0.360499,0.941336,0.973175,0.279025,0.121148,1.32812,2.25,2.35324
294,1.20312,0.558594,-0.361328,0.161133,0.464286,0.678778,0.809621,0.883138,1.43542,0.319167,0.856428,0.756344,0.900139,0.00371121,0,0,0,0,0,-0.0955554,-0.0773636,0.972682,0.923626,0.42986,0.235271,0.203125,0.558594,1.71267
295,1.10938,0.730469,0.142578,0.027832,0.658451,0.744876,0.901851,0.872322,1.57428,0.227367,0.445768,0.388853,0.854635,0.00362233,0,0,0,0,0,-0.0454752,-0.0410119,0.88935,0.959346,0.335759,0.153884,0.109375,0.730469,1.1919
296,1.01562,0.166016,-0.212891,0.00695801,0.163462,0.564922,0.490276,0.651447,0.664753,0.275472,0.408625,0.266197,2.5522,0.00693788,0,0,0,0,0,-0.0244611,-0.0119927,0.521866,0.94717,0.35929,0.197363,0.015625,0.166016,1.25935
297,1.28906,0.851562,-0.0114746,0.00662231,0.660606,0.745568,1.05003,1.01431,2.13139,0.186486,0.729677,0.740115,0.141005,0.00222852,0,0,0,0,0,-0.0735479,-0.0772279,0.878713,0.983303,0.193829,0.127087,0.289062,0.851562,1.72069
298,0.808594,-0.0583496,0.232422,0.0407715,-0.0721618,0.471237,0.295073,0.451339,0.290775,0.217432,0.456728,0.206139,1.15106,0.00420129,0,0,0,0,0,-0.047967,-0.0141538,0.91557,0.93688,0.515315,0.136773,-0.191406,-0.0583496,1.20615
299,1.25781,0.566406,-0.271484,0.0893555,0.450311,0.673757,0.835215,0.91746,1.53932,0.359774,0.827667,0.759351,0.908206,0.00372696,0,0,0,0,0,-0.0863021,-0.0720808,0.909018,0.95736,0.289333,0.273483,0.257812,0.566406,1.65223
300,1.96875,1.83594,0.277344,0.00772095,0.93254,0.824471,2.02086,1.68038,6.90755,0.293409,1.2974,2.18011,3.15633,0.00811784,0,0,0,0,0,-0.118761,-0.24,0.798011,0.985708,0.171155,0.201393,0.96875,1.83594,2.55402
301,1.5,1.10156,-0.402344,0.0115967,0.734375,0.76864,1.30588,1.20847,3.16571,0.190254,0.778261,0.940502,3.7362,0.0092504,0,0,0,0,0,-0.0850565,-0.111073,0.952772,0.973626,0.26966,0.125911,0.5,1.10156,1.86532
302,1.10156,-0.285156,0.271484,0.00622559,-0.258865,0.39787,0.311849,0.545006,0.394281,0.274345,0.413609,0.225419,3.44076,0.00867336,0,0,0,0,0,-0.00416761,-0.00129966,0.0878423,0.98087,0.194664,0.194557,0.101562,-0.285156,1.10454
303,1.38281,0.734375,-0.5625,0.0212402,0.531073,0.702316,0.990394,1.0453,2.07352,0.312405,0.652755,0.682321,3.85961,0.00949142,0,0,0,0,0,-0.070649,-0.0699704,0.943545,0.970932,0.240889,0.213749,0.382812,0.734375,1.46311
304,2.03125,0.734375,0.146484,0.00570679,0.361538,0.641152,1.23383,1.42351,3.54873,0.264594,1.25097,1.78078,1.93908,0.00574039,0,0,0,0,0,-0.0702949,-0.0867319,0.489873,0.978438,0.209283,0.175523,1.03125,0.734375,2.5713
305,1.88281,1.38281,-0.523438,0.024292,0.73444,0.76866,1.63924,1.51691,4.98813,0.337927,1.04504,1.58524,3.35841,0.00851251,0,0,0,0,0,-0.109209,-0.179021,0.91103,0.954995,0.300816,0.250763,0.882812,1.38281,2.31261
306,1.23438,0.357422,-0.131836,0.0578613,0.289557,0.613922,0.693139,0.837771,1.1823,0.387568,0.819673,0.686699,0.548075,0.00302358,0,0,0,0,0,-0.0775693,-0.0537663,0.825003,0.924462,0.413982,0.252703,0.234375,0.357422,1.7492
307,1.02344,0.0927734,0.261719,0.0488281,0.0906489,0.536114,0.456788,0.628895,0.604164,0.242597,0.588717,0.370241,1.1844,0.00426641,0,0,0,0,0,-0.0586328,-0.0267827,0.868243,0.945027,0.399611,0.169906,0.0234375,0.0927734,1.48537
308,1.17188,0.707031,-0.828125,0.0152588,0.603333,0.726857,0.903615,0.905672,1.63676,0.233545,0.482159,0.436678,6.70403,0.0150469,0,0,0,0,0,-0.0500095,-0.0451893,0.90421,0.957718,0.331696,0.166633,0.171875,0.707031,1.4119
309,0.980469,0.115234,-0.287109,0.0532227,0.11753,0.54678,0.450787,0.61213,0.577912,0.249039,0.52322,0.320278,1.24451,0.00438381,0,0,0,0,0,-0.0552191,-0.0248921,0.920052,0.946328,0.375144,0.184697,-0.0195312,0.115234,1.1976
310,1.53125,0.796875,-0.253906,0.0153198,0.520408,0.69861,1.08522,1.15293,2.50695,0.294861,0.788475,0.909059,2.05138,0.00595973,0,0,0,0,0,-0.076814,-0.08336,0.849297,0.991291,0.147825,0.214982,0.53125,0.796875,1.79878
311,3.67188,1.39844,1.28125,0.0256348,0.380851,0.648343,2.27559,2.59568,11.9159,0.525976,1.52539,3.95942,8.00238,0.0175828,0,0,0,0,0,-0.0595313,-0.135469,0.34023,0.907799,0.421901,0.376088,2.67188,1.39844,2.66265
312,1.47656,1.39844,-1.82031,0.227539,0.94709,0.828204,1.53401,1.26406,3.95102,0.585752,1.34658,1.70216,3.81608,0.00940641,0,0,0,0,0,-0.150995,-0.231627,0.97754,1.01846,0.147564,0.390518,0.476562,1.39844,2.60868
313,0.78125,-0.232422,-0.326172,0.0233154,-0.2975,0.383042,0.21023,0.375637,0.1853,0.38313,0.370664,0.139235,2.13612,0.00612523,0,0,0,0,0,-0.0189321,-0.0039801,0.445273,0.942478,0.344036,0.262636,-0.21875,-0.232422,1.27505
314,1.26562,0.75,-0.976562,0.226562,0.592593,0.723273,0.965582,0.974873,1.88273,0.412942,0.984698,0.959956,2.05166,0.00596028,0,0,0,0,0,-0.108202,-0.104478,0.957945,0.902299,0.45093,0.318716,0.265625,0.75,2.20004
315,1.11719,0.613281,0.582031,0.020752,0.548951,0.70848,0.815315,0.849089,1.38569,0.247384,0.540797,0.459185,4.04033,0.00984439,0,0,0,0,0,-0.0530795,-0.0432765,0.855656,0.947358,0.403933,0.157664,0.117188,0.613281,1.29244
316,1.90625,1.75781,-0.166992,0.0062561,0.922131,0.82177,1.93975,1.62357,6.39863,0.18803,1.24957,2.02877,2.11127,0.0060767,0,0,0,0,0,-0.132633,-0.257275,0.925334,0.965512,0.314835,0.137819,0.90625,1.75781,2.13255
317,1,0.243164,0.757812,0.0268555,0.243164,0.596061,0.531951,0.665018,0.725221,0.277759,0.326393,0.217057,4.62429,0.0109849,0,0,0,0,0,-0.0283953,-0.0151049,0.758425,0.958031,0.301676,0.2077,0,0.243164,1.14168
318,1.04688,0.255859,0.217773,0.00878906,0.244403,0.596541,0.557714,0.696567,0.796249,0.18044,0.369618,0.257464,2.32292,0.00649007,0,0,0,0,0,-0.0297836,-0.0166107,0.702474,0.947159,0.529457,0.108228,0.046875,0.255859,1.14358
319,1.19531,0.417969,-0.166992,0.0942383,0.349673,0.636708,0.717018,0.833244,1.20841,0.27818,0.724442,0.603637,0.543979,0.00301558,0,0,0,0,0,-0.0774736,-0.05555,0.932302,0.942942,0.362068,0.219825,0.195312,0.417969,1.46686
320,0.9375,-0.0708008,-0.0319824,0.00933838,-0.0755208,0.4699,0.340539,0.522263,0.388726,0.190308,0.239312,0.124984,0.33096,0.00259953,0,0,0,0,0,-0.00790101,-0.0026906,0.287822,0.965506,0.321883,0.132646,-0.0625,-0.0708008,1.00708
321,0.886719,-0.248047,0.109863,0.00732422,-0.279736,0.38984,0.24432,0.431998,0.246315,0.200457,0.252864,0.109237,1.28372,0.0044604,0,0,0,0,0,-0.0118479,-0.00289468,0.40847,0.953948,0.389646,0.140968,-0.113281,-0.248047,0.936332
322,1.35156,0.894531,-0.486328,0.300781,0.66185,0.745966,1.10222,1.0639,2.34678,0.428548,1.11205,1.18311,0.886756,0.00368507,0,0,0,0,0,-0.123905,-0.13657,0.97134,0.989842,0.202587,0.346908,0.351562,0.894531,2.43879
323,0.964844,-0.546875,0.150391,0.00662231,-0.566802,0.285424,0.170338,0.378099,0.171974,0.286564,0.347083,0.131232,1.84806,0.00556262,0,0,0,0,0,-0.00180631,-0.000307683,0.0453696,0.947717,0.333016,0.237792,-0.0351562,-0.546875,1.0628
324,1.28906,0.820312,-0.21582,0.279297,0.636364,0.73773,1.02631,1.00658,2.0665,0.356787,1.05681,1.06376,0.408375,0.00275073,0,0,0,0,0,-0.118768,-0.121892,0.979735,0.959817,0.289688,0.217802,0.289062,0.820312,1.97924
325,0.933594,-0.316406,0.133789,0.00750732,-0.338912,0.367338,0.237212,0.435269,0.245728,0.329491,0.409993,0.178457,1.54411,0.00496896,0,0,0,0,0,-0.0110891,-0.00263047,0.23579,0.923922,0.425951,0.238692,-0.0664062,-0.316406,1.32635
326,1.07812,-0.308594,0.12793,0.00576782,-0.286232,0.38735,0.29452,0.522728,0.359987,0.262305,0.635568,0.332229,1.68448,0.00524312,0,0,0,0,0,-0.029987,-0.00883178,0.411318,0.937947,0.410029,0.191239,0.078125,-0.308594,1.46212
327,1.45312,1.03906,-0.703125,0.292969,0.715054,0.762712,1.24375,1.16344,2.9005,0.448056,1.19238,1.38726,1.29904,0.00449031,0,0,0,0,0,-0.132636,-0.164966,0.969732,0.899543,0.457453,0.321653,0.453125,1.03906,2.35627
328,0.632812,-0.320312,0.100586,0.00421143,-0.506173,0.306368,0.122427,0.260641,0.082922,0.214336,0.281476,0.0733642,1.54997,0.00498041,0,0,0,0,0,-0.0145135,-0.00177685,0.449509,0.942971,0.434092,0.155471,-0.367188,-0.320312,1.02534
329,1.07031,0.198242,0.435547,0.0088501,0.185219,0.573471,0.529813,0.694204,0.762621,0.265877,0.38927,0.270233,4.62979,0.0109957,0,0,0,0,0,-0.0263865,-0.0139799,0.590931,0.92158,0.473856,0.202104,0.0703125,0.198242,1.16029
330,1.50781,1.1875,-1,0.0164795,0.787565,0.784524,1.37358,1.23592,3.41421,0.270032,0.828576,1.02405,7.78983,0.0171676,0,0,0,0,0,-0.0893053,-0.122668,0.939618,0.974927,0.233052,0.163802,0.507812,1.1875,1.67563
331,3.625,0.839844,0.890625,0.0200195,0.231681,0.591607,1.90178,2.39867,9.37042,0.438934,1.51753,3.64007,6.2946,0.0142473,0,0,0,0,0,-0.0678306,-0.128999,0.389668,0.964026,0.270737,0.322156,2.625,0.839844,2.99295
332,1.52344,1.72656,-0.464844,0.558594,1.13333,0.871463,1.82519,1.35701,5.17278,0.504734,1.64317,2.22979,0.621955,0.00316788,0,0,0,0,0,-0.186254,-0.339948,0.988163,0.961013,0.284781,0.352937,0.523438,1.72656,3.10537
333,1.11719,0.378906,-0.289062,0.129883,0.339161,0.632756,0.662666,0.775133,1.03996,0.302887,0.72661,0.563219,0.802077,0.00351968,0,0,0,0,0,-0.0791714,-0.0524643,0.949892,0.926338,0.445789,0.207398,0.117188,0.378906,1.88624
334,1.67969,1.22656,0.0649414,0.0245361,0.730233,0.767376,1.45703,1.35142,3.94927,0.202722,0.816033,1.1028,0.41459,0.00276287,0,0,0,0,0,-0.0911672,-0.132833,0.973953,0.967415,0.272391,0.171948,0.679688,1.22656,1.90008
335,1.625,1.49219,-0.183594,0.00439453,0.918269,0.820761,1.6482,1.38294,4.62908,0.211896,1.03082,1.42556,2.7695,0.00736231,0,0,0,0,0,-0.0915173,-0.150839,0.773978,0.977163,0.21896,0.166127,0.625,1.49219,2.1003
336,1.25,0.46875,-0.417969,0.124023,0.375,0.64617,0.770007,0.881316,1.36963,0.430206,0.870336,0.767041,1.18684,0.00427117,0,0,0,0,0,-0.091058,-0.0701154,0.912091,0.932971,0.364411,0.307583,0.25,0.46875,2.01411
337,1.11719,0.367188,-0.691406,0.0131836,0.328671,0.628798,0.655195,0.771514,1.02451,0.304345,0.472342,0.364418,6.02166,0.0137142,0,0,0,0,0,-0.0445226,-0.029171,0.821734,0.94968,0.336823,0.21296,0.117188,0.367188,1.33149
338,2.375,0.730469,-0.0622559,0.00683594,0.307566,0.620794,1.3609,1.62482,4.49209,0.263891,1.24719,2.02646,0.752976,0.00342378,0,0,0,0,0,-0.053518,-0.0728329,0.374088,0.923972,0.483748,0.187545,1.375,0.730469,2.11623
339,1.13281,0.0947266,-0.211914,0.0119629,0.0836207,0.533321,0.501624,0.69322,0.73218,0.209573,0.326054,0.226027,1.9375,0.0057373,0,0,0,0,0,-0.0232468,-0.0116611,0.621556,0.96083,0.325587,0.154701,0.132812,0.0947266,1.07327
340,1.65625,0.835938,-0.136719,0.00866699,0.504717,0.693121,1.15724,1.23822,2.87238,0.306575,0.836927,1.0363,1.46857,0.00482142,0,0,0,0,0,-0.0739443,-0.0855712,0.770237,0.981097,0.195745,0.225206,0.65625,0.835938,1.95104
341,1.08594,0.341797,0.115234,0.137695,0.314748,0.623524,0.627228,0.7453,0.948888,0.285555,0.718302,0.535351,0.310544,0.00255966,0,0,0,0,0,-0.0795288,-0.0498827,0.965215,0.906801,0.517739,0.21717,0.0859375,0.341797,1.82909
342,1.5625,0.392578,0.382812,0.00787354,0.25125,0.59919,0.839229,1.04276,1.79166,0.313396,1.01473,1.05813,4.31421,0.0103793,0,0,0,0,0,-0.0533072,-0.0447369,0.457974,1.00685,0.081334,0.224008,0.5625,0.392578,2.04954
343,1.65625,1.20312,-0.304688,0.0131226,0.726415,0.766208,1.4319,1.33093,3.82169,0.183974,0.777678,1.03503,2.65978,0.007148,0,0,0,0,0,-0.0849603,-0.121654,0.952409,0.974043,0.274678,0.119089,0.65625,1.20312,1.73625
344,2.01562,0.839844,0.433594,0.00982666,0.416667,0.661539,1.29518,1.44804,3.7743,0.315316,1.11527,1.61495,4.37401,0.0104961,0,0,0,0,0,-0.0678172,-0.0878357,0.530112,0.954612,0.307049,0.232457,1.01562,0.839844,2.0773
345,1.36719,0.519531,-0.371094,0.0257568,0.38,0.648027,0.846554,0.966107,1.65002,0.22919,0.457341,0.44184,2.31226,0.00646927,0,0,0,0,0,-0.0435772,-0.0368905,0.830667,0.962459,0.345322,0.131839,0.367188,0.519531,1.30617
346,1.04688,-0.131836,0.119629,0.00588989,-0.125933,0.449893,0.353881,0.566341,0.445975,0.249265,0.455959,0.258229,1.55877,0.0049976,0,0,0,0,0,-0.0221513,-0.00783893,0.423526,0.951871,0.367738,0.16454,0.046875,-0.131836,1.28302
347,1.48438,1.51562,-0.820312,0.458984,1.02105,0.846385,1.63595,1.29055,4.34186,0.513506,1.50351,1.94035,1.21082,0.00431801,0,0,0,0,0,-0.168624,-0.275861,0.977733,0.983294,0.211963,0.320569,0.484375,1.51562,3.02902
348,1.07812,0.902344,0.683594,0.041748,0.836957,0.798691,1.02258,0.898134,1.85231,0.297739,0.612665,0.550256,3.34565,0.00848759,0,0,0,0,0,-0.06391,-0.0653529,0.909395,0.924233,0.48592,0.185378,0.078125,0.902344,1.38511
349,1.34375,1.10938,-1.0625,0.0202637,0.825581,0.795479,1.26291,1.11524,2.83869,0.319626,0.849926,0.947868,7.46397,0.0165312,0,0,0,0,0,-0.0862959,-0.108984,0.885148,0.958166,0.326447,0.169443,0.34375,1.10938,1.49476
350,1.46094,1.375,-0.558594,0.453125,0.941176,0.826693,1.51039,1.24916,3.84168,0.439558,1.41115,1.76275,0.829826,0.00357388,0,0,0,0,0,-0.160105,-0.241821,0.989094,0.907579,0.454651,0.280273,0.460938,1.375,2.78158
351,1.63281,1.19531,-0.294922,0.00830078,0.732057,0.767933,1.41863,1.31448,3.74037,0.163247,0.790526,1.03913,3.23704,0.00827546,0,0,0,0,0,-0.0887704,-0.125932,0.978946,0.983955,0.191852,0.121316,0.632812,1.19531,1.75812
352,1.02344,-0.11377,0.0612793,0.0229492,-0.111164,0.455743,0.353516,0.558416,0.436802,0.401902,0.377488,0.210795,0.404511,0.00274318,0,0,0,0,0,-0.0089356,-0.00315888,0.206361,1.00081,0.132804,0.271607,0.0234375,-0.11377,1.13891
353,0.976562,-0.0839844,-0.0996094,0.0317383,-0.086,0.465733,0.349612,0.540702,0.414587,0.231962,0.470928,0.254632,0.559124,0.00304517,0,0,0,0,0,-0.0440254,-0.0153918,0.814997,0.9603,0.311214,0.173267,-0.0234375,-0.0839844,1.21209
354,1.19531,-0.228516,-0.145508,0.00297546,-0.191176,0.424194,0.367713,0.621423,0.521379,0.220458,0.447219,0.277912,2.66753,0.00716314,0,0,0,0,0,0.00805168,0.00296071,0.156954,0.984763,0.174183,0.164319,0.195312,-0.228516,1.24982
355,1.28125,0.613281,-0.535156,0.124023,0.478659,0.683909,0.873935,0.946624,1.65986,0.3773,0.902108,0.853957,1.5196,0.00492109,0,0,0,0,0,-0.0973864,-0.0851094,0.941123,0.902552,0.518855,0.229353,0.28125,0.613281,1.70756
356,0.855469,-0.0239258,-0.451172,0.0217285,-0.027968,0.488844,0.331082,0.49007,0.349784,0.354801,0.350511,0.171775,3.06074,0.00793114,0,0,0,0,0,-0.0101919,-0.00337434,0.253489,0.995389,0.139596,0.241016,-0.144531,-0.0239258,1.04775
357,1.64062,1.32812,-0.192383,0.00497437,0.809524,0.790893,1.52192,1.35447,4.15084,0.227118,0.907027,1.22854,2.72771,0.00728067,0,0,0,0,0,-0.0824821,-0.125531,0.792769,0.979768,0.204795,0.161375,0.640625,1.32812,2.04576
358,1.24219,0.451172,0.351562,0.00787354,0.363208,0.641775,0.755855,0.871185,1.33028,0.222304,0.593905,0.517401,3.96203,0.00969146,0,0,0,0,0,-0.0566339,-0.042807,0.831316,0.964583,0.317905,0.140469,0.242188,0.451172,1.51941
359,1.48438,1.25781,-0.431641,0.421875,0.847368,0.801605,1.41963,1.24081,3.55495,0.41814,1.36695,1.69612,0.664554,0.00325108,0,0,0,0,0,-0.155254,-0.220404,0.990142,0.954499,0.298245,0.294027,0.484375,1.25781,2.60433
360,0.910156,-0.128906,-0.180664,0.00576782,-0.141631,0.443686,0.300522,0.487947,0.328406,0.301899,0.408196,0.199178,2.37884,0.0065993,0,0,0,0,0,-0.018013,-0.0054133,0.384702,0.941596,0.353491,0.245974,-0.0898438,-0.128906,1.29023
361,1.32031,0.777344,-0.566406,0.0222168,0.588757,0.721988,1.00346,1.01579,2.03877,0.302368,0.714896,0.726185,3.80003,0.00937506,0,0,0,0,0,-0.0763738,-0.076638,0.93134,0.955901,0.304016,0.225456,0.320312,0.777344,1.45084
362,1.27344,0.451172,0.199219,0.0262451,0.354294,0.638441,0.767634,0.889543,1.38055,0.202603,0.395447,0.351767,1.22972,0.00435492,0,0,0,0,0,-0.0406901,-0.0312351,0.897031,0.974502,0.266343,0.122841,0.273438,0.451172,0.995283
363,2.17188,0.216797,0.0947266,0.00704956,0.0998201,0.539756,0.979325,1.34185,2.75965,0.24536,0.89077,1.19528,1.12821,0.00415666,0,0,0,0,0,-0.0379052,-0.0371215,0.370971,0.951314,0.35709,0.176781,1.17188,0.216797,2.16975
364,1.51562,1.29688,-0.235352,0.0454102,0.85567,0.80391,1.45907,1.2704,3.74281,0.492052,1.2138,1.54202,1.10444,0.00411023,0,0,0,0,0,-0.125671,-0.183363,0.902599,0.946197,0.325301,0.358614,0.515625,1.29688,2.53601
365,1.38281,1.14844,-0.490234,0.257812,0.830508,0.796874,1.3048,1.14951,3.02387,0.664386,1.24821,1.43483,0.965499,0.00383887,0,0,0,0,0,-0.136629,-0.178273,0.95425,0.969774,0.286748,0.43737,0.382812,1.14844,2.26302
366,1.45312,0.71875,-0.12207,0.0133667,0.494624,0.689567,1.00596,1.0814,2.18139,0.249875,0.690506,0.746715,1.05584,0.00401531,0,0,0,0,0,-0.0657378,-0.0661296,0.829955,0.980839,0.194825,0.195942,0.453125,0.71875,1.73316
367,1.46094,1.03125,-1.375,0.0324707,0.705882,0.759869,1.24026,1.16625,2.8984,0.341705,0.847929,0.9889,7.63057,0.0168566,0,0,0,0,0,-0.0870466,-0.107961,0.894951,0.946626,0.342898,0.225938,0.460938,1.03125,1.7939
368,1.10938,0.523438,-0.972656,0.0664062,0.471831,0.681476,0.751871,0.817108,1.23297,0.392026,0.64046,0.523325,3.77446,0.00932512,0,0,0,0,0,-0.0701242,-0.0527243,0.954515,0.931433,0.389302,0.251014,0.109375,0.523438,1.48954
369,1.74219,1.17188,0.431641,0.0119019,0.672646,0.749414,1.43506,1.37609,3.95305,0.360297,1.16389,1.60162,3.95653,0.00968073,0,0,0,0,0,-0.0805536,-0.1156,0.603367,0.953423,0.306197,0.253553,0.742188,1.17188,2.16365
370,0.867188,-0.304688,-0.585938,0.0102539,-0.351351,0.362662,0.21643,0.400576,0.207303,0.337991,0.312654,0.125242,5.78638,0.0132546,0,0,0,0,0,-0.0119379,-0.00258371,0.332866,0.93752,0.385297,0.219774,-0.132812,-0.304688,1.04178
371,2.4375,2.125,-0.259766,0.0106201,0.871795,0.80834,2.37639,2.05402,9.86625,0.276911,1.48614,3.05256,2.52068,0.00687632,0,0,0,0,0,-0.148785,-0.353571,0.872783,0.974443,0.227734,0.190285,1.4375,2.125,3.24098
372,1.39062,1.25,0.216797,0.0234375,0.898876,0.815641,1.38743,1.17883,3.31461,0.378036,0.919069,1.08343,1.41611,0.00471897,0,0,0,0,0,-0.0923787,-0.128169,0.876255,0.939154,0.350841,0.279425,0.390625,1.25,1.7886
373,1.05469,0.118164,-0.695312,0.0495605,0.112037,0.544603,0.482014,0.656336,0.663115,0.318376,0.463083,0.303938,3.12329,0.0080533,0,0,0,0,0,-0.0462951,-0.0223149,0.871532,0.924685,0.444663,0.21495,0.0546875,0.118164,1.22819
374,1.375,1.25,-0.439453,0.034668,0.909091,0.818349,1.38384,1.168,3.27924,0.339817,0.931077,1.0875,2.3602,0.00656289,0,0,0,0,0,-0.0986649,-0.136537,0.923813,0.956535,0.294382,0.254131,0.375,1.25,2.01627
375,2.26562,2.21875,0.0761719,0.00927734,0.97931,0.836287,2.41616,1.95256,9.65031,0.254727,1.56702,3.0597,0.790829,0.00349771,0,0,0,0,0,-0.162339,-0.392238,0.903145,0.93433,0.421846,0.196178,1.26562,2.21875,3.48623
376,1.73438,1.83594,-0.145508,0.00643921,1.05856,0.8551,1.96707,1.52002,6.17983,0.150528,1.20801,1.83619,1.8133,0.00549473,0,0,0,0,0,-0.132563,-0.260761,0.956664,1.00272,0.0286149,0.107716,0.734375,1.83594,2.47487
377,1.11719,0.386719,-0.453125,0.0908203,0.346154,0.635386,0.667647,0.777559,1.05035,0.32906,0.697455,0.542312,1.50358,0.0048898,0,0,0,0,0,-0.0748018,-0.0499412,0.934981,0.897223,0.577659,0.205236,0.117188,0.386719,1.68393
378,0.984375,-0.328125,0.476562,0.00848389,-0.333333,0.369441,0.252106,0.460856,0.275945,0.280743,0.344769,0.158889,5.17395,0.0120585,0,0,0,0,0,-0.00692568,-0.001746,0.175122,0.963073,0.285661,0.190203,-0.015625,-0.328125,1.11402
379,1.76562,1.25781,-0.5625,0.020874,0.712389,0.761888,1.50765,1.41243,4.26797,0.192636,0.850624,1.20145,3.89331,0.00955725,0,0,0,0,0,-0.0958894,-0.144568,0.982743,0.9663,0.315798,0.132868,0.765625,1.25781,1.79887
380,1.125,0.470703,-0.236328,0.142578,0.418403,0.662174,0.724138,0.808839,1.1786,0.268241,0.777498,0.628871,0.625877,0.00317554,0,0,0,0,0,-0.0871357,-0.0630983,0.977021,0.971685,0.238224,0.207858,0.125,0.470703,1.66569
381,1.3125,0.960938,-0.249023,0.0400391,0.732143,0.767959,1.14042,1.05665,2.41706,0.290388,0.749647,0.792111,1.24451,0.00438381,0,0,0,0,0,-0.082526,-0.0941142,0.959711,0.950544,0.346844,0.19246,0.3125,0.960938,1.47179
382,1.03906,0.675781,-0.703125,0.0187988,0.650376,0.742275,0.838321,0.814951,1.36693,0.303822,0.481057,0.392038,5.12823,0.0119692,0,0,0,0,0,-0.047717,-0.0400022,0.864737,0.915081,0.47517,0.223855,0.0390625,0.675781,1.28573
383,1.95312,1.11719,0.182617,0.0101929,0.572,0.716339,1.45956,1.49491,4.36508,0.221968,0.81773,1.22244,1.80881,0.00548596,0,0,0,0,0,-0.0709989,-0.103627,0.756918,0.982263,0.187895,0.175851,0.953125,1.11719,1.52236
384,1.57812,1.05469,-0.408203,0.0128784,0.668317,0.748034,1.29474,1.24479,3.22586,0.231608,0.789235,0.982436,3.59704,0.00897859,0,0,0,0,0,-0.0849786,-0.110025,0.938663,0.964162,0.296365,0.164299,0.578125,1.05469,1.59619
385,0.890625,0.0800781,0.0341797,0.0216064,0.0899123,0.535822,0.397182,0.547045,0.457011,0.284158,0.494096,0.270293,0.232529,0.00240728,0,0,0,0,0,-0.0442287,-0.0175668,0.780368,0.922817,0.428883,0.240385,-0.109375,0.0800781,1.50028
386,1.40625,1.07031,-0.742188,0.0109863,0.761111,0.776705,1.25281,1.14279,2.87549,0.211771,0.762044,0.870854,7.08088,0.015783,0,0,0,0,0,-0.0814791,-0.102078,0.932123,0.966415,0.301304,0.14401,0.40625,1.07031,1.72145
387,1.48438,1.59375,-0.726562,0.457031,1.07368,0.858518,1.70272,1.30516,4.60269,0.520672,1.51406,1.97608,1.07473,0.00405221,0,0,0,0,0,-0.171406,-0.291856,0.986938,0.978537,0.226181,0.319414,0.484375,1.59375,3.01995
388,1.78125,1.32812,-0.244141,0.0620117,0.745614,0.77205,1.56593,1.44028,4.52654,0.277152,0.883847,1.27298,0.9804,0.00386797,0,0,0,0,0,-0.0969527,-0.151821,0.95629,0.981799,0.19003,0.183681,0.78125,1.32812,2.01725
389,1.78125,1.35156,-0.019165,0.00387573,0.758772,0.776006,1.58373,1.44643,4.60036,0.197431,1.06515,1.54066,0.307846,0.00255439,0,0,0,0,0,-0.101716,-0.16109,0.832501,0.967992,0.288816,0.145903,0.78125,1.35156,1.88177
390,2.15625,0.742188,0.550781,0.00872803,0.344203,0.634653,1.28592,1.49943,3.90191,0.288391,0.961917,1.44233,5.89551,0.0134678,0,0,0,0,0,-0.0556785,-0.0715984,0.504611,0.927709,0.421423,0.225868,1.15625,0.742188,1.91303
391,1.50781,0.832031,-0.453125,0.0163574,0.551813,0.709462,1.10367,1.14697,2.53363,0.221225,0.648523,0.743839,3.54291,0.00887288,0,0,0,0,0,-0.0697568,-0.0769882,0.937707,0.953233,0.361571,0.163109,0.507812,0.832031,1.73739
392,0.984375,0.326172,-0.0942383,0.106934,0.331349,0.62981,0.578985,0.680608,0.798451,0.248056,0.627644,0.42718,0.288184,0.00251598,0,0,0,0,0,-0.0700684,-0.0405685,0.973229,0.936249,0.451912,0.167682,-0.015625,0.326172,1.40425
393,1.46094,1.08594,-1.13281,0.036377,0.743316,0.771355,1.28179,1.1804,3.03633,0.308066,0.895903,1.05752,5.93943,0.0135536,0,0,0,0,0,-0.0950687,-0.121858,0.925088,0.959424,0.289763,0.223009,0.460938,1.08594,1.91015
394,2.45312,2.85938,-0.243164,0.0045166,1.16561,0.878113,3.00668,2.20073,13.8833,0.105415,1.66548,3.66526,3.61821,0.00901994,0,0,0,0,0,-0.186536,-0.560855,0.976409,0.974524,0.365908,0.0767965,1.45312,2.85938,2.97091
395,1.35938,-0.225586,0.267578,0.00378418,-0.165948,0.434099,0.43232,0.718718,0.703455,0.225913,0.659128,0.473727,4.34975,0.0104487,0,0,0,0,0,-0.0249059,-0.0107673,0.329412,1.0151,0.0039044,0.178406,0.359375,-0.225586,1.35362
396,1.4375,0.566406,-0.527344,0.0314941,0.394022,0.653218,0.902942,1.02222,1.86024,0.287973,0.485328,0.496112,2.97152,0.00775688,0,0,0,0,0,-0.0493583,-0.0445677,0.886608,0.950065,0.357978,0.182559,0.4375,0.566406,1.37504
397,0.925781,-0.199219,-0.130859,0.0339355,-0.21519,0.41481,0.27674,0.472957,0.300274,0.370623,0.473348,0.223874,0.710358,0.00334054,0,0,0,0,0,-0.0305438,-0.00845268,0.562533,0.959133,0.283173,0.294286,-0.0742188,-0.199219,1.2809
398,1.25781,-0.609375,0.691406,0.0480957,-0.484472,0.314025,0.253235,0.526338,0.34116,0.624998,0.578805,0.304647,3.15268,0.00811071,0,0,0,0,0,-0.00157089,-0.000397804,0.0236603,1.01052,0.160284,0.376693,0.257812,-0.609375,1.49836
399,2.4375,1.82031,-0.691406,0.00448608,0.746795,0.772406,2.14504,1.97166,8.48863,0.242377,1.44778,2.85452,10.3228,0.0221149,0,0,0,0,0,-0.139347,-0.298904,0.839078,0.954185,0.317462,0.211391,1.4375,1.82031,3.14513
400,1.67969,1.6875,-0.792969,0.0212402,1.00465,0.842468,1.82767,1.4553,5.45827,0.517497,1.2367,1.79978,5.44097,0.01258,0,0,0,0,0,-0.123913,-0.226471,0.87349,1.00843,0.187755,0.416198,0.679688,1.6875,2.43029
401,3.03125,1.21094,-0.25,0.00830078,0.399485,0.655232,1.91459,2.16086,8.33496,0.312046,1.37444,2.96997,2.74398,0.00731246,0,0,0,0,0,-0.0967436,-0.185224,0.613625,0.930823,0.408921,0.22549,2.03125,1.21094,2.57668
402,1.53906,1.01562,-0.210938,0.00219727,0.659898,0.745341,1.25285,1.21075,3.03555,0.0786457,0.708192,0.857442,4.5,0.0107422,0,0,0,0,0,-0.0802516,-0.100543,0.987892,0.990079,0.242063,0.044955,0.539062,1.01562,1.58306
403,1.05469,-0.0123291,-1.07812,0.0766602,-0.0116898,0.495337,0.416768,0.610029,0.54583,0.296114,0.475199,0.289885,3.8939,0.00955839,0,0,0,0,0,-0.0469975,-0.019587,0.862196,0.922909,0.452846,0.214454,0.0546875,-0.0123291,1.24967
404,1.39844,0.996094,-0.953125,0.0115967,0.712291,0.761858,1.19401,1.11866,2.67706,0.212838,0.748141,0.836914,8.85081,0.0192399,0,0,0,0,0,-0.079375,-0.0947745,0.924927,0.969014,0.26649,0.166465,0.398438,0.996094,1.74684
405,1.95312,1.58594,-0.527344,0.0415039,0.812,0.791604,1.81548,1.61378,5.90025,0.232483,1.03377,1.66828,2.58851,0.0070088,0,0,0,0,0,-0.11605,-0.210687,0.97865,0.956162,0.380462,0.137569,0.953125,1.58594,2.26506
406,0.648438,-0.445312,0.632812,0.00656128,-0.686747,0.246121,0.0957577,0.228374,0.0613241,0.232559,0.24668,0.0563353,7.81233,0.0172116,0,0,0,0,0,-0.00722789,-0.000692126,0.255437,0.966536,0.272558,0.180476,-0.351562,-0.445312,0.953302
407,1.03906,0.209961,-0.542969,0.0324707,0.202068,0.580068,0.525505,0.678813,0.736943,0.241407,0.455527,0.309218,3.01321,0.0078383,0,0,0,0,0,-0.0456981,-0.0240146,0.874562,0.949254,0.370355,0.174789,0.0390625,0.209961,1.2535
408,1.24219,0.546875,-0.158203,0.117676,0.440252,0.670123,0.816873,0.901951,1.4808,0.338568,0.872555,0.787002,0.461181,0.00285387,0,0,0,0,0,-0.0964773,-0.0788097,0.963915,0.926476,0.4238,0.228957,0.242188,0.546875,1.74455
409,1.17188,0.326172,0.992188,0.0197754,0.278333,0.609622,0.649657,0.791424,1.04841,0.241966,0.363241,0.287477,7.05556,0.0157335,0,0,0,0,0,-0.0299132,-0.0194334,0.71792,0.956632,0.34175,0.163038,0.171875,0.326172,1.22741
410,0.996094,0.322266,-0.0351562,0.0654297,0.323529,0.626853,0.580912,0.686315,0.808486,0.269837,0.657037,0.450934,0.137441,0.00222156,0,0,0,0,0,-0.0691462,-0.0401678,0.917456,0.955847,0.320283,0.192908,-0.00390625,0.322266,1.35188
411,1.29688,0.808594,0.21875,0.0147095,0.623494,0.73352,1.01985,1.0086,2.05737,0.270268,0.681662,0.687523,1.80364,0.00547586,0,0,0,0,0,-0.0590741,-0.0602469,0.7555,0.948527,0.346507,0.2059,0.296875,0.808594,1.59081
412,1.92188,0.734375,0.279297,0.0141602,0.382114,0.648812,1.1926,1.35936,3.27017,0.381984,1.28032,1.74042,2.3471,0.00653731,0,0,0,0,0,-0.0690265,-0.0823213,0.470005,0.946784,0.328379,0.263318,0.921875,0.734375,2.58866
413,1.07031,-0.253906,-0.585938,0.0123901,-0.237226,0.406241,0.311396,0.538043,0.386458,0.404435,0.466468,0.25098,5.26397,0.0122343,0,0,0,0,0,-0.0048334,-0.0015051,0.0903313,0.937879,0.347449,0.329052,0.0703125,-0.253906,1.14334
414,2.59375,0.886719,-0.285156,0.00830078,0.341867,0.633775,1.54297,1.80179,5.6272,0.309938,1.29881,2.34018,3.12985,0.00806611,0,0,0,0,0,-0.0894137,-0.137963,0.600156,0.986936,0.167108,0.211474,1.59375,0.886719,2.79599
415,1.375,1.53906,-0.550781,0.421875,1.11932,0.868498,1.63088,1.22103,4.15069,0.400471,1.4357,1.75303,0.847983,0.00360934,0,0,0,0,0,-0.163761,-0.267074,0.99438,0.976789,0.215615,0.240232,0.375,1.53906,2.81715
416,1.70312,0.5,-0.996094,0.125977,0.293578,0.61546,0.960722,1.15797,2.26388,0.544321,0.586018,0.67859,2.80644,0.00743445,0,0,0,0,0,-0.0571145,-0.0548711,0.849653,0.974279,0.277883,0.440481,0.703125,0.5,1.53468
417,2.84375,0.644531,0.212891,0.0151978,0.226648,0.589651,1.48279,1.87761,5.72411,0.400103,1.6102,3.02334,1.7269,0.00532597,0,0,0,0,0,-0.0768625,-0.113971,0.416141,0.954545,0.298068,0.297645,1.84375,0.644531,3.32421
418,1.22656,0.460938,0.18457,0.0230713,0.375796,0.646466,0.756192,0.865101,1.32023,0.194343,0.424993,0.367662,1.21514,0.00432644,0,0,0,0,0,-0.0402735,-0.0304545,0.826123,0.962088,0.352419,0.129232,0.226562,0.460938,1.06863
419,1.28906,-0.570312,-0.683594,0.0878906,-0.442424,0.329091,0.279171,0.556404,0.387522,0.775672,0.534527,0.297413,2.30583,0.00645669,0,0,0,0,0,-0.0124216,-0.00346777,0.202589,1.0642,0.199938,0.615269,0.289062,-0.570312,1.33215
420,1.30469,0.0493164,0.53125,0.0169678,0.0377994,0.515076,0.547841,0.777042,0.903924,0.21738,0.293111,0.227759,4.07837,0.00991869,0,0,0,0,0,-0.0214877,-0.0117719,0.639095,0.958177,0.339431,0.156904,0.304688,0.0493164,0.994764
421,1.3125,0.400391,-0.433594,0.145508,0.30506,0.61984,0.749981,0.896929,1.36695,0.387042,0.837396,0.751084,1.13668,0.00417321,0,0,0,0,0,-0.0884797,-0.0663581,0.921127,0.91051,0.459223,0.259437,0.3125,0.400391,1.69524
422,1.28906,-0.550781,-0.310547,0.00939941,-0.427273,0.33459,0.28625,0.562695,0.398565,0.340731,0.505261,0.284308,3.20315,0.00820927,0,0,0,0,0,0.00687464,0.00196787,0.118615,0.965274,0.26147,0.250493,0.289062,-0.550781,1.23915
423,0.960938,0.496094,-1.05469,0.0874023,0.51626,0.697164,0.678488,0.722166,0.98187,0.338631,0.612749,0.442507,3.56749,0.00892087,0,0,0,0,0,-0.0664911,-0.0451134,0.945991,0.938226,0.358776,0.263975,-0.0390625,0.496094,1.39405
424,0.617188,-0.259766,-0.271484,0.0183105,-0.420886,0.336919,0.138482,0.270694,0.0924523,0.358594,0.285216,0.0772061,2.00629,0.00587166,0,0,0,0,0,-0.0145983,-0.0020216,0.446207,0.957441,0.28865,0.292056,-0.382812,-0.259766,1.07879
425,2.01562,0.458984,-0.200195,0.0109253,0.227713,0.590065,1.05236,1.33145,2.88022,0.375219,1.16299,1.54846,1.9153,0.00569395,0,0,0,0,0,-0.063741,-0.0670784,0.477804,0.952581,0.304777,0.28749,1.01562,0.458984,2.34319
426,1.89844,1.70312,-0.617188,0.019165,0.897119,0.815172,1.89122,1.60874,6.16476,0.304211,1.03169,1.65971,4.45823,0.0106606,0,0,0,0,0,-0.101302,-0.191584,0.856006,0.951194,0.337441,0.200927,0.898438,1.70312,1.83102
427,1.07812,0.390625,0.460938,0.015564,0.362319,0.641443,0.655415,0.755822,1.00084,0.232185,0.455979,0.344639,3.69472,0.00916938,0,0,0,0,0,-0.042402,-0.0277909,0.810677,0.907355,0.634094,0.159363,0.078125,0.390625,1.22225
428,0.96875,-0.0476074,0.19043,0.03125,-0.0491431,0.480403,0.364667,0.548089,0.433383,0.207877,0.429906,0.235626,1.07723,0.0040571,0,0,0,0,0,-0.0410349,-0.0149641,0.832122,0.935886,0.439284,0.176885,-0.03125,-0.0476074,1.07379
429,1.85938,1.4375,0.0717773,0.0203857,0.773109,0.780271,1.67343,1.51692,5.10143,0.277726,0.987064,1.4973,0.502718,0.002935,0,0,0,0,0,-0.102475,-0.171485,0.905066,0.984983,0.172692,0.176507,0.859375,1.4375,2.01537
430,1.04688,-0.0109253,-0.173828,0.0196533,-0.0104361,0.495837,0.414337,0.605958,0.53886,0.320944,0.457951,0.277499,1.23994,0.00437489,0,0,0,0,0,-0.0324171,-0.0134316,0.617109,0.886525,0.565617,0.240271,0.046875,-0.0109253,1.14887
431,1.03906,-0.0211182,-0.464844,0.0117798,-0.0203242,0.491892,0.406107,0.597935,0.52245,0.291235,0.36751,0.219747,4.2829,0.0103182,0,0,0,0,0,-0.0249635,-0.0101379,0.592166,0.943186,0.381005,0.194554,0.0390625,-0.0211182,1.21253
432,3.32812,0.652344,0.761719,0.0146484,0.196009,0.577699,1.67034,2.1686,7.49287,0.410346,1.4657,3.17852,6.2936,0.0142453,0,0,0,0,0,-0.0629456,-0.105141,0.374392,0.946897,0.326575,0.269428,2.32812,0.652344,3.12063
433,1.26562,0.824219,-0.0981445,0.105469,0.651235,0.742552,1.02194,0.992916,2.03024,0.491309,0.954234,0.947474,0.302207,0.00254337,0,0,0,0,0,-0.106114,-0.108442,0.969453,0.941911,0.339753,0.391026,0.265625,0.824219,1.97134
434,1.30469,1.38281,0.84375,0.0515137,1.05988,0.8554,1.48121,1.14376,3.50217,0.267691,0.781225,0.893535,3.71751,0.00921389,0,0,0,0,0,-0.0811133,-0.120146,0.905154,0.953868,0.32644,0.198272,0.304688,1.38281,1.64108
435,0.996094,0.0883789,-0.000276566,0.0375977,0.0887255,0.53535,0.443625,0.611397,0.57061,0.246358,0.463574,0.283428,0.00142632,0.00195591,0,0,0,0,0,-0.045219,-0.0200603,0.850372,0.937453,0.489579,0.145333,-0.00390625,0.0883789,1.3701
436,2.34375,0.589844,0.605469,0.00558472,0.251667,0.599351,1.25947,1.56443,4.0337,0.28853,1.24251,1.94383,8.10198,0.0177773,0,0,0,0,0,-0.0568849,-0.0716446,0.399119,0.971547,0.238305,0.211963,1.34375,0.589844,2.05322
437,1.59375,0.636719,-0.130859,0.0307617,0.39951,0.655241,1.00666,1.13614,2.30418,0.382803,0.632987,0.719158,0.746104,0.00341036,0,0,0,0,0,-0.0441517,-0.044446,0.608079,1.02837,0.0291605,0.270794,0.59375,0.636719,1.48882
438,1.53125,0.640625,0.090332,0.0108643,0.418367,0.662161,0.985598,1.1009,2.18339,0.325074,0.845425,0.93073,0.866646,0.00364579,0,0,0,0,0,-0.0581559,-0.0573183,0.599688,0.947821,0.325712,0.258976,0.53125,0.640625,1.86981
439,1.24219,0.765625,-0.466797,0.0620117,0.616352,0.731169,0.970111,0.963913,1.87024,0.418883,0.693006,0.667998,1.87452,0.00561431,0,0,0,0,0,-0.0734325,-0.0712377,0.923757,0.957042,0.290954,0.315119,0.242188,0.765625,1.64357
440,0.980469,-0.130859,0.0299072,0.00665283,-0.133466,0.446912,0.327741,0.528117,0.386322,0.277827,0.3723,0.196618,0.366668,0.00266927,0,0,0,0,0,-0.0160342,-0.00525505,0.375457,0.942273,0.371574,0.210498,-0.0195312,-0.130859,1.07887
441,1.28125,0.199219,-0.0834961,0.00744629,0.155488,0.561782,0.613394,0.817988,1.04536,0.315339,0.670211,0.548224,0.967601,0.00384297,0,0,0,0,0,-0.0407397,-0.0249895,0.529924,0.965609,0.261086,0.237297,0.28125,0.199219,1.55313
442,1.32812,0.964844,-0.894531,0.0112305,0.726471,0.766225,1.14828,1.06727,2.4576,0.231825,0.656794,0.700977,8.44105,0.0184396,0,0,0,0,0,-0.0702859,-0.0807076,0.932923,0.980994,0.195243,0.173594,0.328125,0.964844,1.4682
443,1.35938,0.566406,0.138672,0.0183105,0.416667,0.661539,0.873495,0.976582,1.71671,0.34519,0.544113,0.531371,1.0248,0.00395468,0,0,0,0,0,-0.0379273,-0.0331293,0.607673,0.953756,0.310598,0.232355,0.359375,0.566406,1.31728
444,1.67969,1.64844,-0.345703,0.0247803,0.981395,0.836801,1.79428,1.44822,5.31679,0.313898,1.14209,1.65399,2.19609,0.00624236,0,0,0,0,0,-0.117835,-0.21143,0.899461,0.951301,0.329595,0.21295,0.679688,1.64844,2.08791
445,1.23438,0.605469,-0.246094,0.078125,0.490506,0.688112,0.851286,0.916899,1.56539,0.31418,0.721866,0.661878,0.880452,0.00367276,0,0,0,0,0,-0.0761687,-0.0648413,0.91987,0.971657,0.238294,0.208271,0.234375,0.605469,1.4293
446,1.35938,0.392578,-0.320312,0.0269775,0.288793,0.61363,0.762668,0.922297,1.43229,0.281444,0.457525,0.421974,1.95017,0.00576205,0,0,0,0,0,-0.0420839,-0.0320961,0.801879,0.938368,0.418278,0.182714,0.359375,0.392578,1.32747
447,1.03125,0.209961,-0.458984,0.0649414,0.203598,0.580666,0.522561,0.674152,0.727551,0.298273,0.564836,0.380785,1.8011,0.00547089,0,0,0,0,0,-0.0586329,-0.0306393,0.904953,0.9173,0.491949,0.203066,0.03125,0.209961,1.29483
448,2.32812,0.480469,0.222656,0.0127563,0.206376,0.581751,1.18384,1.52377,3.72335,0.370651,1.44111,2.19591,1.97139,0.00580349,0,0,0,0,0,-0.0685071,-0.0811017,0.414425,0.952205,0.310184,0.256248,1.32812,0.480469,2.69751
449,1.30469,0.457031,-0.462891,0.108398,0.350299,0.636943,0.783149,0.909744,1.44096,0.408927,0.802943,0.730472,1.40594,0.0046991,0,0,0,0,0,-0.0858433,-0.0672281,0.932028,0.865845,0.607278,0.263077,0.304688,0.457031,1.60445
450,1.44531,1.5,0.419922,0.0620117,1.03784,0.850327,1.61363,1.26108,4.19413,0.290378,0.820905,1.03523,1.68629,0.00524666,0,0,0,0,0,-0.0879741,-0.141958,0.934262,0.95656,0.321936,0.18537,0.445312,1.5,1.42147
451,0.945312,-0.417969,0.3125,0.00460815,-0.442149,0.329191,0.20482,0.408113,0.208507,0.265744,0.340923,0.139135,4.60348,0.0109443,0,0,0,0,0,-0.00800844,-0.00164029,0.204785,0.971952,0.244436,0.177808,-0.0546875,-0.417969,1.16426
452,1.17188,0.625,-0.212891,0.0183105,0.533333,0.703099,0.841328,0.886448,1.49362,0.198805,0.440772,0.390722,1.57328,0.00502594,0,0,0,0,0,-0.0458293,-0.0385575,0.906433,0.962353,0.372245,0.117902,0.171875,0.625,1.29985
453,1.11719,-0.0187988,0.859375,0.0209961,-0.0168269,0.493287,0.438595,0.644221,0.607387,0.241071,0.308699,0.198871,5.9308,0.0135367,0,0,0,0,0,-0.0153704,-0.00674137,0.434066,0.943971,0.37919,0.192467,0.117188,-0.0187988,1.15273
454,1.67969,0.211914,-0.253906,0.00842285,0.126163,0.550198,0.779516,1.05402,1.7186,0.331843,0.937873,0.988537,2.76658,0.00735661,0,0,0,0,0,-0.0450978,-0.0351544,0.419197,0.934156,0.372638,0.26537,0.679688,0.211914,1.74236
455,0.785156,-0.00872803,-0.00260925,0.0250244,-0.0111163,0.495565,0.310485,0.454286,0.302777,0.214818,0.431229,0.195901,0.0164943,0.00198534,0,0,0,0,0,-0.0431599,-0.0134005,0.872528,0.938865,0.517874,0.131013,-0.214844,-0.00872803,1.26686
456,1.30469,0.996094,-0.193359,0.0495605,0.763473,0.777409,1.16467,1.06107,2.48231,0.343196,0.924126,0.980559,0.868555,0.00364952,0,0,0,0,0,-0.100551,-0.117108,0.94855,0.968825,0.247746,0.248091,0.304688,0.996094,2.18724
457,1.02344,0.0480957,0.231445,0.0205078,0.0469943,0.518741,0.434449,0.612862,0.564346,0.248818,0.269414,0.165114,1.61618,0.00510972,0,0,0,0,0,-0.019923,-0.00865553,0.644676,0.934565,0.459983,0.168443,0.0234375,0.0480957,1.10264
458,1.19531,0.621094,-0.251953,0.0324707,0.519608,0.698332,0.846525,0.899668,1.52601,0.257659,0.720374,0.648097,1.39821,0.00468401,0,0,0,0,0,-0.0753013,-0.0637444,0.91128,1.01267,0.020454,0.181461,0.195312,0.621094,1.54182
459,2.14062,2.53125,-0.324219,0.00485229,1.18248,0.881493,2.65454,1.92759,10.7622,0.143156,1.50095,2.8932,4.65441,0.0110438,0,0,0,0,0,-0.159993,-0.424708,0.929272,0.982246,0.220583,0.104552,1.14062,2.53125,2.74007
460,3.40625,1.0625,0.785156,0.0164795,0.311927,0.622452,1.96129,2.33485,9.29818,0.426381,1.66229,3.88119,6.11624,0.0138989,0,0,0,0,0,-0.0774857,-0.151972,0.40637,0.956807,0.291728,0.31591,2.40625,1.0625,3.50571
461,1.6875,1.02344,0.104004,0.0214844,0.606481,0.727902,1.30524,1.30545,3.40784,0.191617,0.724377,0.945635,0.709559,0.00333898,0,0,0,0,0,-0.08056,-0.10515,0.96953,0.975517,0.237165,0.148394,0.6875,1.02344,1.96069
462,0.878906,-0.216797,0.136719,0.00506592,-0.246667,0.402583,0.252701,0.438769,0.256377,0.264899,0.363519,0.159501,1.92087,0.00570483,0,0,0,0,0,-0.0143894,-0.00363621,0.345081,0.934608,0.45432,0.171656,-0.121094,-0.216797,1.18683
463,1.02344,-0.609375,0.0947266,0.00311279,-0.59542,0.275781,0.173633,0.391114,0.183118,0.22929,0.428372,0.167542,1.69784,0.00526922,0,0,0,0,0,0.0128057,0.00222348,0.260608,0.966711,0.283718,0.161137,0.0234375,-0.609375,1.27511
464,1.14844,-0.179688,-0.0563965,0.0256348,-0.156463,0.437834,0.370682,0.610484,0.510097,0.50079,0.553864,0.338125,0.352239,0.00264109,0,0,0,0,0,-0.0145576,-0.00539624,0.229136,1.04697,0.0298206,0.341329,0.148438,-0.179688,1.41862
465,2.4375,2.42188,-0.455078,0.00695801,0.99359,0.839789,2.6292,2.10698,11.352,0.271551,1.66565,3.50949,5.45561,0.0126086,0,0,0,0,0,-0.177629,-0.467021,0.929686,0.927261,0.417257,0.233093,1.4375,2.42188,3.47422
466,1.71875,1.35156,-0.181641,0.00177765,0.786364,0.784173,1.56417,1.40827,4.42984,0.0726991,0.881969,1.24205,4.30814,0.0103675,0,0,0,0,0,-0.100098,-0.15657,0.989413,1.00023,0.017194,0.0448102,0.71875,1.35156,2.07625
467,1.96094,0.337891,0.229492,0.012085,0.172311,0.568403,0.955286,1.26434,2.51112,0.398019,1.03595,1.30979,2.08759,0.00603045,0,0,0,0,0,-0.0533067,-0.0509231,0.448589,0.987388,0.177267,0.257005,0.960938,0.337891,1.94852
468,1.09375,-0.265625,-0.269531,0.00958252,-0.242857,0.404058,0.315983,0.547556,0.399662,0.334536,0.412188,0.225696,2.7534,0.00733086,0,0,0,0,0,-0.0131558,-0.00415699,0.278245,0.972783,0.231731,0.234206,0.09375,-0.265625,1.16816
469,1.07812,-0.0390625,-0.212891,0.0361328,-0.0362319,0.485549,0.412799,0.614622,0.548164,0.271664,0.450915,0.277142,1.11997,0.00414056,0,0,0,0,0,-0.0385133,-0.0158983,0.744601,0.939581,0.413414,0.18163,0.078125,-0.0390625,1.2424
470,1.30469,0.804688,-0.0314941,0.152344,0.616766,0.731306,1.01933,1.01254,2.06428,0.373432,1.03598,1.04898,0.0806896,0.00211072,0,0,0,0,0,-0.11456,-0.116775,0.964023,0.95792,0.288757,0.320251,0.304688,0.804688,2.22472
471,1.11719,0.416016,-0.871094,0.0673828,0.372378,0.645194,0.686326,0.786749,1.09002,0.356979,0.6733,0.529718,3.35576,0.00850734,0,0,0,0,0,-0.0741015,-0.0508578,0.959457,0.957564,0.290212,0.256276,0.117188,0.416016,1.58968
472,1.22656,0.423828,-0.285156,0.0366211,0.345541,0.635156,0.732533,0.85345,1.26498,0.298758,0.42188,0.360053,1.49011,0.00486349,0,0,0,0,0,-0.0369995,-0.0271033,0.764563,0.934802,0.409273,0.205903,0.226562,0.423828,1.26463
473,1.08594,0.539062,-0.628906,0.0157471,0.496403,0.690195,0.752999,0.808797,1.22116,0.324137,0.547379,0.442719,5.01171,0.0117416,0,0,0,0,0,-0.0561544,-0.0422841,0.894338,0.954874,0.316156,0.207805,0.0859375,0.539062,1.30211
474,1.82812,0.273438,0.124512,0.00360107,0.149573,0.559449,0.869801,1.16308,2.10931,0.224206,1.03374,1.20232,2.07489,0.00600564,0,0,0,0,0,-0.0440679,-0.0383303,0.371636,0.950232,0.355988,0.183742,0.828125,0.273438,2.00135
475,1.25,0.224609,0.703125,0.0219727,0.179688,0.571301,0.614351,0.808842,1.03165,0.331977,0.443755,0.358928,4.74342,0.0112176,0,0,0,0,0,-0.0276438,-0.016983,0.543077,1.01953,0.039903,0.242481,0.25,0.224609,1.42079
476,1.22656,0.972656,0.617188,0.0439453,0.792994,0.786109,1.12242,1.00717,2.27422,0.340714,0.667979,0.672767,2.94416,0.00770343,0,0,0,0,0,-0.0641964,-0.0720555,0.837828,0.971432,0.23736,0.232829,0.226562,0.972656,1.52524
477,1.28125,0.59375,-0.078125,0.02771,0.463415,0.678466,0.861482,0.940113,1.62596,0.206436,0.458053,0.430622,0.469323,0.00286977,0,0,0,0,0,-0.0426402,-0.0367338,0.81154,0.951435,0.423897,0.13249,0.28125,0.59375,1.21011
478,0.832031,-0.219727,-0.189453,0.0152588,-0.264085,0.395857,0.233971,0.410072,0.222901,0.424016,0.412964,0.169345,1.5337,0.00494864,0,0,0,0,0,-0.0189937,-0.00444399,0.400964,0.933259,0.367293,0.290635,-0.167969,-0.219727,1.15607
479,1.35156,0.652344,-0.425781,0.0230713,0.482659,0.685331,0.925342,1.00038,1.85703,0.308567,0.680139,0.6804,2.80318,0.00742808,0,0,0,0,0,-0.0675146,-0.0624741,0.865381,0.97131,0.240542,0.204423,0.351562,0.652344,1.41631
480,1.24219,0.820312,-0.996094,0.236328,0.660377,0.745494,1.01164,0.977351,1.97862,0.373556,1.01815,0.995093,2.049,0.00595508,0,0,0,0,0,-0.113362,-0.114681,0.970643,0.979991,0.205331,0.255756,0.242188,0.820312,2.31704
481,1.51562,1.07812,-0.490234,0.244141,0.71134,0.761563,1.29297,1.21203,3.1408,0.41415,1.17578,1.42508,0.992165,0.00389095,0,0,0,0,0,-0.131605,-0.170161,0.975779,0.894254,0.475967,0.313994,0.515625,1.07812,2.37925
482,2.375,2.71875,-0.242188,0.00390625,1.14474,0.873841,2.86857,2.12085,12.7267,0.0979514,1.5907,3.37364,3.875,0.00952148,0,0,0,0,0,-0.178942,-0.513308,0.980688,0.987279,0.225471,0.0656059,1.375,2.71875,2.814
483,1.0625,0.535156,-0.335938,0.146484,0.503676,0.692756,0.741674,0.793953,1.18044,0.297325,0.795081,0.631256,0.877734,0.00366745,0,0,0,0,0,-0.0876593,-0.0650147,0.961156,0.9708,0.247358,0.187031,0.0625,0.535156,1.93881
484,1.70312,1.52344,-0.349609,0.0039978,0.894495,0.814472,1.69283,1.44247,4.94639,0.150849,1.08271,1.56178,5.52933,0.0127526,0,0,0,0,0,-0.113005,-0.191299,0.909893,1.00798,-0.0104117,0.116562,0.703125,1.52344,2.33877
485,1.42188,0.546875,-0.239258,0.0274658,0.384615,0.649739,0.8846,1.00684,1.79624,0.271469,0.710997,0.715859,1.44368,0.00477281,0,0,0,0,0,-0.0686999,-0.0607719,0.842354,0.929659,0.405008,0.236788,0.421875,0.546875,1.45984
486,1.35156,0.330078,0.00147247,0.0737305,0.24422,0.59647,0.719875,0.899227,1.32683,0.544543,0.567533,0.510341,0.0054228,0.00196372,0,0,0,0,0,-0.0242332,-0.0174449,0.372243,1.03559,0.0810981,0.362198,0.351562,0.330078,1.42403
487,1.44531,0.617188,-0.192383,0.013916,0.427027,0.66532,0.938263,1.04319,1.96858,0.298107,0.622648,0.649539,1.63083,0.00513834,0,0,0,0,0,-0.0589812,-0.0553399,0.825806,0.98988,0.155265,0.21827,0.445312,0.617188,1.51756
488,1.03906,-0.217773,0.570312,0.0212402,-0.209586,0.416995,0.312713,0.533005,0.381883,0.250861,0.244148,0.130132,3.91321,0.00959611,0,0,0,0,0,-0.00983401,-0.00307522,0.351143,1.01603,0.0325701,0.215262,0.0390625,-0.217773,1.08694
489,1.66406,1.57031,-0.683594,0.494141,0.943662,0.827329,1.72393,1.42357,4.99847,0.428138,1.48015,2.10709,0.972462,0.00385247,0,0,0,0,0,-0.169022,-0.291383,0.995512,1.01695,0.0849185,0.288384,0.664062,1.57031,3.14284
490,0.789062,-0.351562,0.166992,0.00643921,-0.445545,0.327963,0.169994,0.3398,0.144362,0.216464,0.303371,0.103085,2.08104,0.00601765,0,0,0,0,0,-0.0101049,-0.00171778,0.29038,0.951646,0.35672,0.175393,-0.210938,-0.351562,1.10888
491,1.33594,0.458984,-1.90625,0.0181885,0.343567,0.634414,0.796173,0.928734,1.49644,0.338803,0.675477,0.627338,14.1345,0.0295596,0,0,0,0,0,-0.0643576,-0.0512397,0.830608,0.956049,0.308271,0.213088,0.335938,0.458984,1.84716
492,1.25781,0.182617,-0.0639648,0.00897217,0.145186,0.557718,0.595694,0.798178,0.99194,0.20157,0.359342,0.286819,0.675294,0.00327206,0,0,0,0,0,-0.0281594,-0.0167744,0.68316,0.942565,0.463604,0.142111,0.257812,0.182617,1.18669
493,0.820312,-0.24707,-0.443359,0.0122681,-0.30119,0.381635,0.219644,0.39334,0.20296,0.347726,0.360351,0.14174,4.00284,0.00977116,0,0,0,0,0,-0.0138176,-0.00303496,0.334284,0.93384,0.386446,0.240165,-0.179688,-0.24707,1.08535
494,0.808594,-0.229492,0.271484,0.00650024,-0.283816,0.388276,0.221598,0.392748,0.203357,0.237152,0.261738,0.102797,3.36729,0.00852986,0,0,0,0,0,-0.0106084,-0.00235079,0.353337,0.924922,0.522306,0.164138,-0.191406,-0.229492,1.1052
495,1.34375,0.996094,-0.193359,0.302734,0.741279,0.770738,1.17689,1.085,2.56231,0.384459,1.14939,1.24709,0.351426,0.0026395,0,0,0,0,0,-0.129973,-0.152964,0.985804,0.938823,0.362883,0.248549,0.34375,0.996094,2.3435
496,1.91406,0.804688,0.257812,0.00448608,0.420408,0.662906,1.23449,1.3774,3.42118,0.267059,0.998299,1.37505,3.8492,0.00947109,0,0,0,0,0,-0.0583547,-0.0720382,0.509591,0.953749,0.358215,0.163393,0.914062,0.804688,2.10474
497,0.902344,-0.417969,-0.203125,0.0142822,-0.463203,0.321609,0.188624,0.383543,0.182685,0.37207,0.451885,0.173318,1.69967,0.0052728,0,0,0,0,0,-0.00195602,-0.000368954,0.0377357,0.985895,0.188712,0.2759,-0.0976562,-0.417969,1.25572
498,1.17969,0.0605469,-0.228516,0.0122681,0.0513245,0.520467,0.503331,0.708242,0.754949,0.175474,0.300101,0.212544,2.06314,0.00598269,0,0,0,0,0,-0.0241856,-0.0121734,0.702581,0.939815,0.515018,0.129668,0.179688,0.0605469,1.12401
499,1.73438,1.48438,-0.147461,0.0220947,0.855856,0.803961,1.6699,1.45385,4.90225,0.18871,0.898067,1.30565,0.992048,0.00389072,0,0,0,0,0,-0.0995435,-0.166228,0.966298,0.974629,0.2582,0.129481,0.734375,1.48438,2.09247
500,1.80469,1.32812,-0.128906,0.0120239,0.735931,0.769114,1.57327,1.45467,4.59122,0.155001,0.892825,1.29876,1.17558,0.00424917,0,0,0,0,0,-0.101004,-0.158906,0.986228,0.975997,0.248837,0.128463,0.804688,1.32812,1.91686
501,2.54688,2.4375,-0.480469,0.0090332,0.957055,0.83073,2.66765,2.18482,11.8898,0.244856,1.79489,3.92152,5.05527,0.0118267,0,0,0,0,0,-0.181723,-0.484773,0.882628,0.986731,0.166476,0.203249,1.54688,2.4375,3.40187
502,1.28906,-0.4375,-1.80469,0.0563965,-0.339394,0.367156,0.327307,0.600783,0.468069,0.683445,0.363372,0.218307,7.59934,0.0167956,0,0,0,0,0,-0.0122698,-0.00401598,0.294369,0.948802,0.36293,0.541654,0.289062,-0.4375,1.07254
503,2.0625,1.5625,-0.065918,0.0649414,0.757576,0.775648,1.83192,1.67416,6.15875,0.33026,1.06352,1.7805,0.258668,0.00245834,0,0,0,0,0,-0.114912,-0.210508,0.941947,0.972735,0.232938,0.254693,1.0625,1.5625,2.06231
504,1.35156,0.585938,-0.119629,0.0229492,0.433526,0.667684,0.883003,0.978389,1.73694,0.214378,0.485041,0.474559,0.789682,0.00349547,0,0,0,0,0,-0.0473211,-0.0417847,0.850517,0.953878,0.37436,0.150689,0.351562,0.585938,1.41464
505,2.23438,2.76562,-0.402344,0.00588989,1.23776,0.892098,2.87802,2.03471,12.423,0.156722,1.61775,3.29166,5.24256,0.0121925,0,0,0,0,0,-0.173128,-0.498266,0.932956,0.985646,0.181311,0.115195,1.23438,2.76562,3.05852
506,1.01562,0.453125,0.828125,0.0201416,0.446154,0.672257,0.671705,0.739415,0.997922,0.21345,0.368315,0.272338,5.83511,0.0133498,0,0,0,0,0,-0.0351543,-0.0236134,0.832082,0.975077,0.241514,0.1461,0.015625,0.453125,1.0637
507,1.875,1.58594,-0.212891,0.0020752,0.845833,0.801177,1.79103,1.56654,5.66185,0.0803904,1.01622,1.59195,4.67334,0.0110807,0,0,0,0,0,-0.113737,-0.203707,0.975716,0.985431,0.295043,0.0539526,0.875,1.58594,2.20907
508,1.20312,0.486328,-0.245117,0.0194092,0.404221,0.656975,0.763547,0.859493,1.32173,0.317794,0.534277,0.459208,1.75942,0.0053895,0,0,0,0,0,-0.0534981,-0.0408483,0.872927,0.961927,0.286464,0.200638,0.203125,0.486328,1.33208
509,1.27344,0.316406,0.112305,0.0184326,0.248466,0.598113,0.681712,0.84882,1.18523,0.200513,0.383563,0.325576,0.827188,0.00356873,0,0,0,0,0,-0.0363476,-0.0247786,0.826126,0.986064,0.172075,0.128121,0.273438,0.316406,1.13871
510,0.96875,0.138672,-0.945312,0.0222168,0.143145,0.556912,0.457807,0.614008,0.586593,0.388838,0.501318,0.307813,6.34212,0.0143401,0,0,0,0,0,-0.0334899,-0.0153319,0.58238,0.946501,0.326407,0.277361,-0.03125,0.138672,1.45772
511,1.17969,0.400391,0.820312,0.0169678,0.339404,0.632847,0.699922,0.818586,1.15997,0.249993,0.413995,0.33889,6.29748,0.0142529,0,0,0,0,0,-0.0376417,-0.0263462,0.792649,0.943981,0.414717,0.163538,0.179688,0.400391,1.15445
