k,gamma,beta,running_mean,running_var,on_ratio,p_on,act_mean,act_std,act_second,pre_row_norm,final_col_norm,effective_contribution,mean_over_std,bn_input_rounding_noise,dead,mostly_off,flat,always_on,negative_gamma,mean_row_component,shared_contribution,column_shared_fraction,pre_row_rel_change,pre_row_cos_ref,pre_row_norm_ratio_ref,gamma_delta,beta_delta,final_col_rel_change
0,2.76562,3.3125,1.10156,0.0603027,1.19774,0.884491,3.46565,2.49887,18.2551,0.370693,0.716334,1.79002,4.48581,0.0107145,0,0,0,0,0,-0.0722435,-0.250371,0.879206,1.02904,0.0326601,0.277593,1.76562,3.3125,1.44623
1,1.01562,-0.265625,0.0178223,0.0098877,-0.261538,0.396839,0.286536,0.501498,0.333603,0.266898,0.328177,0.16458,0.179232,0.00230319,0,0,0,0,0,-0.00357613,-0.00102469,0.0949974,0.972809,0.235449,0.193096,0.015625,-0.265625,1.10911
2,1.10156,4.78125,-1.78906,9,4.34043,0.999993,4.78125,1.10155,24.0738,0.619946,4.56853,5.03248,0.596354,0.00311788,0,0,0,1,0,-0.523849,-2.50465,0.999623,1.05256,0.0617579,0.395958,0.101562,4.78125,8.79472
3,1.23438,1.3125,-0.106934,0.239258,1.06329,0.856175,1.40498,1.08291,3.14668,0.254426,0.741593,0.803082,0.218616,0.00238011,0,0,0,0,0,-0.082579,-0.116022,0.970757,1.01067,0.0358906,0.18667,0.234375,1.3125,1.69346
4,0.996094,0.429688,-0.207031,0.0913086,0.431373,0.666901,0.649401,0.720366,0.940649,0.303813,0.450038,0.324192,0.685141,0.00329129,0,0,0,0,0,-0.0429661,-0.0279022,0.832307,0.981426,0.192626,0.209987,-0.00390625,0.429688,1.25515
5,1.34375,1.59375,-1.17188,2.65625,1.18605,0.882198,1.67045,1.21098,4.25686,0.354446,2.0128,2.43745,0.71903,0.00335748,0,0,0,0,0,-0.230751,-0.385458,0.999428,1.01768,0.0553969,0.252244,0.34375,1.59375,4.0832
6,1.64062,0.929688,-0.447266,0.0272217,0.566667,0.71453,1.21938,1.25368,3.0586,0.268155,0.603886,0.757077,2.71087,0.00724779,0,0,0,0,0,-0.057463,-0.0700695,0.829545,0.945105,0.372831,0.193312,0.640625,0.929688,1.44317
7,1.30469,-0.707031,-0.324219,0.0344238,-0.541916,0.293938,0.23815,0.522448,0.329668,0.502901,0.389929,0.203718,1.74747,0.00536614,0,0,0,0,0,-0.000604391,-0.000143936,0.0135126,1.06769,0.0319663,0.407456,0.304688,-0.707031,1.14246
8,1.79688,-0.00405884,0.224609,0.00836182,-0.00225883,0.499099,0.718522,1.04512,1.60854,0.260357,0.96649,1.01009,2.45628,0.00675054,0,0,0,0,0,-0.0458445,-0.0329403,0.41352,0.988216,0.154837,0.178188,0.796875,-0.00405884,2.0085
9,1.38281,0.648438,0.699219,0.0732422,0.468927,0.680439,0.93463,1.01717,1.90817,0.265533,0.312232,0.317592,2.58364,0.0069993,0,0,0,0,0,-0.0257982,-0.0241118,0.72031,1.00251,0.0748468,0.177957,0.382812,0.648438,1.11371
10,1.48438,0.439453,0.0810547,0.00860596,0.296053,0.616405,0.839669,1.01034,1.72584,0.277536,0.692702,0.699867,0.873733,0.00365963,0,0,0,0,0,-0.0401344,-0.0336996,0.505101,0.934118,0.44169,0.181563,0.484375,0.439453,1.69359
11,1.85938,0.285156,0.322266,0.0131836,0.153361,0.560943,0.888192,1.1856,2.19453,0.309515,0.931155,1.10398,2.80671,0.00743497,0,0,0,0,0,-0.0467531,-0.0415258,0.437719,0.972306,0.240225,0.184659,0.859375,0.285156,1.66682
12,1.38281,-0.253906,0.131836,0.0214844,-0.183616,0.427157,0.429183,0.722852,0.706713,0.361439,0.345628,0.249838,0.899441,0.00370984,0,0,0,0,0,-0.000485621,-0.00020842,0.0122488,0.991331,0.174365,0.288995,0.382812,-0.253906,1.14504
13,1.42969,-0.90625,-0.177734,0.0585938,-0.63388,0.26308,0.229321,0.528028,0.331401,0.564017,0.441619,0.233187,0.734253,0.00338721,0,0,0,0,0,0.00239773,0.00054985,0.0473325,1.07273,0.0275923,0.416838,0.429688,-0.90625,1.11434
14,3.375,4.21875,-0.0223389,0.0109863,1.25,0.89435,4.38525,3.07806,28.7048,0.120316,0.905813,2.78814,0.213125,0.00236939,0,0,0,0,0,-0.0989669,-0.433994,0.952485,0.981139,0.243123,0.0956717,2.375,4.21875,1.8195
15,2.59375,2.17188,0.53125,0.0154419,0.837349,0.798802,2.46089,2.16101,10.7259,0.252794,1.03406,2.23462,4.27512,0.010303,0,0,0,0,0,-0.0853908,-0.210137,0.719898,0.952749,0.337439,0.190486,1.59375,2.17188,2.34737
16,2.4375,2.875,0.0673828,0.00723267,1.17949,0.880898,3.01645,2.19346,13.9102,0.110579,0.764611,1.67714,0.792319,0.00350062,0,0,0,0,0,-0.0786217,-0.237158,0.896414,0.976786,0.303023,0.0887005,1.4375,2.875,1.80732
17,2.125,0.535156,0.142578,0.00927734,0.251838,0.599417,1.14215,1.41852,3.31671,0.22532,0.66781,0.947305,1.48027,0.00484428,0,0,0,0,0,-0.0245362,-0.028024,0.320303,0.998741,0.0847084,0.152959,1.125,0.535156,1.28106
18,1.44531,0.231445,0.333984,0.00637817,0.160135,0.563613,0.695296,0.925251,1.33953,0.225169,0.639715,0.591897,4.18194,0.010121,0,0,0,0,0,-0.0239225,-0.0166332,0.326007,1.00262,0.0657666,0.163599,0.445312,0.231445,1.42511
19,1.10938,-0.683594,0.0405273,0.010437,-0.616197,0.268882,0.182665,0.416229,0.206613,0.267401,0.323084,0.134477,0.396698,0.00272793,0,0,0,0,0,-0.00243279,-0.000444384,0.065644,0.971471,0.243769,0.187379,0.109375,-0.683594,1.06179
20,1.20312,0.261719,0.457031,0.0356445,0.217532,0.586103,0.620343,0.791248,1.0109,0.138907,0.241407,0.191013,2.42075,0.00668115,0,0,0,0,0,-0.0216461,-0.013428,0.781695,0.980713,0.248671,0.0949306,0.203125,0.261719,1.16373
21,1.32812,0.707031,-0.357422,0.417969,0.532353,0.702759,0.952517,1.00434,1.91599,0.362322,1.15697,1.162,0.552852,0.00303291,0,0,0,0,0,-0.128996,-0.122871,0.971986,0.977677,0.217041,0.271436,0.328125,0.707031,2.34668
22,1.29688,0.503906,-0.136719,0.294922,0.388554,0.651197,0.81009,0.919954,1.50256,0.331075,1.03606,0.953129,0.251753,0.00244483,0,0,0,0,0,-0.112995,-0.0915364,0.950783,0.99085,0.166713,0.264578,0.296875,0.503906,2.0939
23,1.14844,2.5,-1.30469,3.3125,2.17687,0.985255,2.50616,1.13297,7.56447,0.381931,2.68217,3.03883,0.71685,0.00335322,0,0,0,0,0,-0.307617,-0.770938,0.999841,1.04375,-0.0183471,0.281238,0.148438,2.5,4.1794
24,3,2.375,0.84375,0.0279541,0.791667,0.785722,2.74226,2.46233,13.5831,0.317681,0.940428,2.31564,5.04651,0.0118096,0,0,0,0,0,-0.0550012,-0.150828,0.509863,1.03615,-0.0189342,0.253025,2,2.375,1.82917
25,1.26562,0.699219,-0.566406,0.0693359,0.552469,0.709687,0.927024,0.962936,1.78662,0.366601,0.354011,0.34089,2.15104,0.00615438,0,0,0,0,0,-0.0250493,-0.0232213,0.616858,0.992755,0.156889,0.257763,0.265625,0.699219,1.12369
26,1.40625,0.410156,0.129883,0.0179443,0.291667,0.614729,0.791543,0.955313,1.53916,0.176524,0.294317,0.281165,0.96959,0.00384685,0,0,0,0,0,-0.0238947,-0.0189137,0.70777,0.951731,0.437969,0.125544,0.40625,0.410156,1.07833
27,1.34375,2.25,-1.54688,3.70312,1.67442,0.952976,2.27627,1.28863,6.84197,0.405212,2.58885,3.33606,0.803843,0.00352313,0,0,0,0,0,-0.296926,-0.675884,0.999883,1.06213,-0.0876304,0.280871,0.34375,2.25,4.50209
28,1.34375,2.26562,0.761719,0.726562,1.68605,0.954107,2.29129,1.28971,6.91334,0.723008,1.97587,2.5483,0.893631,0.0036985,0,0,0,0,0,-0.224815,-0.515115,0.991912,1.15335,-0.0568135,0.520623,0.34375,2.26562,3.90297
29,1.55469,0.996094,-0.0332031,0.0155029,0.640704,0.739142,1.24291,1.21565,3.02264,0.192584,0.681411,0.828357,0.266669,0.00247396,0,0,0,0,0,-0.0627423,-0.0779831,0.802709,0.988026,0.154728,0.143104,0.554688,0.996094,1.75117
30,1.27344,0.523438,-0.287109,0.349609,0.411043,0.659479,0.813709,0.912526,1.49482,0.32539,0.967854,0.883191,0.485574,0.00290151,0,0,0,0,0,-0.107203,-0.0872323,0.965619,1.00705,0.121549,0.291642,0.273438,0.523438,1.9288
31,1.16406,0.859375,-0.267578,0.404297,0.738255,0.76982,1.01685,0.938996,1.91569,0.401967,1.24867,1.17249,0.420824,0.00277505,0,0,0,0,0,-0.138453,-0.140786,0.966637,1.03344,0.029666,0.292095,0.164062,0.859375,2.61869
32,1.45312,1.29688,-0.263672,0.046875,0.892473,0.81393,1.44183,1.23023,3.59234,0.252166,0.590557,0.72652,1.21785,0.00433173,0,0,0,0,0,-0.0612948,-0.0883768,0.904833,0.986921,0.164357,0.19638,0.453125,1.29688,1.55267
33,1.91406,2.59375,-0.0961914,0.0532227,1.3551,0.912307,2.67221,1.7691,10.2704,0.3213,1.17584,2.08018,0.416954,0.00276749,0,0,0,0,0,-0.121068,-0.323519,0.897611,1.0151,0.0564787,0.239815,0.914062,2.59375,2.27762
34,1.17188,0.192383,0.211914,0.181641,0.164167,0.5652,0.566116,0.75198,0.885962,0.265783,0.796528,0.598974,0.497225,0.00292427,0,0,0,0,0,-0.0849385,-0.048085,0.92963,0.971177,0.249777,0.175115,0.171875,0.192383,1.49957
35,0.957031,0.0693359,-0.246094,0.220703,0.072449,0.528878,0.41844,0.581794,0.513576,0.248005,0.649009,0.37759,0.523837,0.00297624,0,0,0,0,0,-0.0690468,-0.0288919,0.92747,0.978516,0.21053,0.167907,-0.0429688,0.0693359,1.66863
36,1.09375,0.161133,-0.425781,0.0274658,0.147321,0.558561,0.519163,0.69494,0.752471,0.168175,0.224117,0.155748,2.56915,0.00697101,0,0,0,0,0,-0.0193445,-0.010043,0.752471,0.99865,0.0682163,0.112438,0.09375,0.161133,0.975433
37,2.14062,2.15625,-0.263672,0.0490723,1.0073,0.843105,2.33406,1.8557,8.89144,0.261227,0.518866,0.96286,1.19027,0.00427787,0,0,0,0,0,-0.055134,-0.128686,0.926342,0.984777,0.173847,0.176932,1.14062,2.15625,1.28058
38,0.894531,-0.546875,-0.0761719,0.00350952,-0.611354,0.270483,0.148332,0.337067,0.135617,0.177872,0.23379,0.0788031,1.28579,0.00446444,0,0,0,0,0,0.00489972,0.000726785,0.182705,0.975157,0.256394,0.127289,-0.105469,-0.546875,0.988222
39,3.51562,4.5,0.0449219,0.0131226,1.28,0.899727,4.66506,3.21834,32.1205,0.16799,0.952633,3.0659,0.392147,0.00271904,0,0,0,0,0,-0.104094,-0.485604,0.952591,0.971473,0.304728,0.113367,2.51562,4.5,1.80971
40,2.25,0.104004,0.0283203,0.0150757,0.046224,0.518434,0.954257,1.34675,2.72433,0.361752,0.866544,1.16702,0.230653,0.00240362,0,0,0,0,0,-0.030315,-0.0289283,0.304982,0.985079,0.187645,0.262418,1.25,0.104004,1.70828
41,1.23438,0.917969,-0.539062,1.55469,0.743671,0.771462,1.08334,0.997458,2.16855,0.268916,1.43468,1.43104,0.432332,0.00279752,0,0,0,0,0,-0.164435,-0.17814,0.999183,0.979598,0.201085,0.194135,0.234375,0.917969,2.58304
42,1.35938,3.67188,-1.36719,0.9375,2.70115,0.996545,3.67327,1.35518,15.3294,0.954062,3.11633,4.22318,1.41203,0.00471099,0,0,0,0,0,-0.355983,-1.30762,0.995848,1.14804,0.127268,0.705356,0.359375,3.67188,5.75216
43,1.25781,0.792969,-0.0634766,0.40625,0.630435,0.735795,0.995764,0.980349,1.95263,0.458651,1.24537,1.2209,0.0995902,0.00214764,0,0,0,0,0,-0.136706,-0.136127,0.95696,1.051,0.0639599,0.393631,0.257812,0.792969,2.8062
44,0.894531,0.110352,-0.416016,0.367188,0.123362,0.54909,0.413885,0.560401,0.48535,0.148662,0.607154,0.34025,0.68654,0.00329402,0,0,0,0,0,-0.0689183,-0.0285243,0.989562,0.97367,0.316556,0.0969191,-0.105469,0.110352,1.45586
45,1.30469,1.01562,-0.835938,1.92188,0.778443,0.781846,1.1795,1.06625,2.5281,0.293886,1.58729,1.69244,0.602992,0.00313084,0,0,0,0,0,-0.182013,-0.214684,0.999663,0.988156,0.164436,0.223529,0.304688,1.01562,3.25544
46,1.40625,1.14844,-0.710938,2.34375,0.816667,0.792941,1.31213,1.1637,3.07588,0.328286,1.7603,2.04846,0.464382,0.00286012,0,0,0,0,0,-0.201814,-0.264807,0.999473,0.996694,0.130067,0.231639,0.40625,1.14844,3.4918
47,1.13281,-0.443359,0.186523,0.00848389,-0.391379,0.347758,0.26629,0.507882,0.328855,0.25932,0.233661,0.118672,2.02505,0.0059083,0,0,0,0,0,-0.00194378,-0.000517608,0.0725215,0.960509,0.294618,0.197781,0.132812,-0.443359,1.08482
48,0.695312,-0.726562,0.143555,0.0605469,-1.04494,0.148024,0.053949,0.17339,0.0329745,0.538186,0.393628,0.0682511,0.583407,0.00309259,0,0,0,0,0,-0.00268003,-0.000144585,0.0593553,1.02728,0.129665,0.398203,-0.304688,-0.726562,1.29893
49,3.125,0.570312,0.0461426,0.0100098,0.1825,0.572405,1.54148,2.02453,6.47487,0.246448,0.872836,1.76708,0.461201,0.00285391,0,0,0,0,0,-0.0120892,-0.0186353,0.120746,0.960841,0.306084,0.176073,2.125,0.570312,1.91327
50,1.39062,0.683594,0.101074,0.0654297,0.491573,0.688489,0.959989,1.03346,1.98962,0.175142,0.338752,0.350087,0.395142,0.00272489,0,0,0,0,0,-0.0304058,-0.0291892,0.782495,0.99781,0.0747815,0.109677,0.390625,0.683594,1.04731
51,1.13281,-1.10156,-2.03125,0.0913086,-0.972414,0.165422,0.0998392,0.30493,0.10295,0.730245,0.523985,0.159779,6.72214,0.0150823,0,0,0,0,0,-0.00315355,-0.000314848,0.0524672,1.13325,0.0353444,0.569675,0.132812,-1.10156,1.48191
52,1.04688,6.25,-1.84375,13.0625,5.97015,1,6.25,1.04687,40.1584,0.7441,5.78802,6.05933,0.510139,0.00294949,0,0,0,1,0,-0.663651,-4.14782,0.999579,1.15547,-0.013097,0.565942,0.046875,6.25,10.5353
53,2.25,2.21875,-0.376953,0.0290527,0.986111,0.837961,2.41257,1.94185,9.5913,0.188556,0.51622,1.00242,2.21154,0.00627253,0,0,0,0,0,-0.0542843,-0.130965,0.916742,0.970958,0.280978,0.133638,1.25,2.21875,1.32368
54,2.3125,2.04688,0.0395508,0.119141,0.885135,0.811958,2.28003,1.9549,9.02014,0.331776,1.00567,1.96598,0.114584,0.00217692,0,0,0,0,0,-0.0956567,-0.2181,0.829216,0.990049,0.161794,0.241631,1.3125,2.04688,2.05338
55,2.75,1.30469,0.100098,0.0157471,0.474432,0.682404,1.86835,2.02789,7.60309,0.400851,1.43459,2.90919,0.797671,0.00351108,0,0,0,0,0,-0.0697735,-0.130362,0.424005,1.01771,0.0548422,0.251651,1.75,1.30469,2.78218
56,1.96875,0.28125,0.394531,0.0791016,0.142857,0.556798,0.930098,1.24761,2.42162,0.691117,0.416971,0.520218,1.40278,0.00469293,0,0,0,0,0,-0.000406043,-0.00037766,0.0084893,1.02834,0.169914,0.463785,0.96875,0.28125,1.16014
57,1.71875,1.94531,-0.25,0.0349121,1.13182,0.871145,2.05696,1.53047,6.57344,0.243188,1.0247,1.56827,1.33799,0.00456638,0,0,0,0,0,-0.107037,-0.220171,0.910639,1.01345,0.0107643,0.175676,0.71875,1.94531,2.21741
58,1.17969,0.597656,-0.691406,0.417969,0.506623,0.69379,0.825692,0.882699,1.46092,0.373263,1.0029,0.88526,1.06945,0.0040419,0,0,0,0,0,-0.111816,-0.0923259,0.971973,0.968698,0.249049,0.269079,0.179688,0.597656,1.88353
59,2.23438,1.82031,0.243164,0.00964355,0.814685,0.792374,2.08147,1.84779,7.74682,0.156718,0.87514,1.61707,2.47617,0.0067894,0,0,0,0,0,-0.0850911,-0.177114,0.847643,0.980945,0.239754,0.0992732,1.23438,1.82031,1.9328
60,1.90625,1.1875,-0.00823975,0.0120239,0.622951,0.733342,1.49828,1.48227,4.44194,0.274871,0.905372,1.342,0.0751434,0.00209989,0,0,0,0,0,-0.0553464,-0.0829241,0.532928,1.00528,0.0652402,0.187044,0.90625,1.1875,1.96035
61,1.38281,-0.294922,0.0766602,0.00323486,-0.213277,0.415556,0.414317,0.70743,0.672116,0.165207,0.535727,0.37899,1.34785,0.00458565,0,0,0,0,0,-0.029746,-0.0123243,0.484051,0.999272,0.0664084,0.120769,0.382812,-0.294922,1.34951
62,1.21875,2.07812,-0.941406,3.07812,1.70513,0.955915,2.10049,1.17135,5.78414,0.366941,2.38165,2.78975,0.536579,0.00300113,0,0,0,0,0,-0.273155,-0.573759,0.999857,1.0594,-0.135124,0.239816,0.21875,2.07812,4.63994
63,1.32812,1.19531,0.78125,0.162109,0.9,0.81594,1.32635,1.12611,3.02732,0.302174,0.52312,0.58909,1.94038,0.00574292,0,0,0,0,0,-0.0540896,-0.0717416,0.901404,0.978877,0.204579,0.2119,0.328125,1.19531,1.32364
64,3.45312,0.570312,-0.253906,0.0178223,0.165158,0.56559,1.66987,2.21712,7.7041,0.339371,1.48653,3.29582,1.90192,0.00566781,0,0,0,0,0,-0.0458856,-0.0766229,0.269098,0.976036,0.22092,0.259018,2.45312,0.570312,2.86824
65,1.29688,0.878906,-0.498047,1.67969,0.677711,0.751022,1.07324,1.02601,2.20454,0.277924,1.45366,1.49147,0.384287,0.00270369,0,0,0,0,0,-0.166658,-0.178865,0.999472,0.976441,0.220166,0.176459,0.296875,0.878906,2.76092
66,0.5625,-0.28125,-0.769531,0.00878906,-0.5,0.308538,0.110082,0.232724,0.0662787,0.269662,0.2536,0.0590188,8.20833,0.017985,0,0,0,0,0,-0.0120375,-0.00132511,0.413802,1.00136,0.0820279,0.179276,-0.4375,-0.28125,1.14943
67,1.35938,0.240234,-0.746094,0.472656,0.176724,0.570137,0.665538,0.878508,1.21472,0.437358,1.10742,0.972876,1.08523,0.00407271,0,0,0,0,0,-0.116362,-0.0774433,0.916022,0.929725,0.368258,0.366749,0.359375,0.240234,2.47849
68,1.94531,1.24219,-1.8125,0.010437,0.638554,0.738444,1.55203,1.52006,4.71937,0.268939,1.22248,1.85825,17.7415,0.0366045,0,0,0,0,0,-0.0976888,-0.151615,0.696641,0.998524,0.102582,0.189607,0.945312,1.24219,2.49574
69,2.1875,1.77344,-0.394531,0.143555,0.810714,0.791235,2.0312,1.80667,7.38984,0.249292,0.412123,0.744569,1.04129,0.0039869,0,0,0,0,0,-0.0430507,-0.0874447,0.910668,0.992526,0.127429,0.164125,1.1875,1.77344,1.24748
70,1.59375,2.03125,-0.21875,0.0849609,1.27451,0.898759,2.10677,1.45798,6.56418,0.31571,1.0542,1.53701,0.750479,0.0034189,0,0,0,0,0,-0.10587,-0.223044,0.875498,0.979961,0.200728,0.225547,0.59375,2.03125,2.13113
71,2.95312,1.86719,0.609375,0.0184326,0.632275,0.736396,2.34201,2.30302,10.7889,0.371971,0.951056,2.1903,4.4884,0.0107195,0,0,0,0,0,-0.0386115,-0.0904284,0.35393,0.980706,0.200032,0.242427,1.95312,1.86719,1.80786
72,2.14062,-0.135742,0.226562,0.161133,-0.0634124,0.474719,0.790525,1.20099,2.06731,0.725276,0.368234,0.442246,0.564412,0.00305549,0,0,0,0,0,-0.00858779,-0.00678886,0.203313,1.06238,0.117271,0.494626,1.14062,-0.135742,1.24697
73,1.25781,1.83594,-0.878906,2.84375,1.45963,0.927804,1.87706,1.17874,4.91278,0.3577,2.17645,2.56548,0.521191,0.00297108,0,0,0,0,0,-0.249589,-0.468493,0.99973,1.06801,-0.132091,0.265518,0.257812,1.83594,4.48062
74,1.33594,1.03906,0.691406,0.0527344,0.777778,0.78165,1.20708,1.09155,2.64851,0.275298,0.382494,0.417511,3.01083,0.00783365,0,0,0,0,0,-0.0377254,-0.0455374,0.859836,1.00873,0.0470097,0.187528,0.335938,1.03906,1.25235
75,3.92188,2.125,-0.632812,0.0170898,0.541833,0.706033,2.84096,2.97428,16.9174,0.3633,1.65238,4.91465,4.84068,0.0114076,0,0,0,0,0,-0.13001,-0.369352,0.685917,0.931583,0.396366,0.2384,2.92188,2.125,3.16685
76,1.02344,0.269531,0.289062,0.0078125,0.263359,0.603863,0.557596,0.686642,0.78239,0.232462,0.351162,0.241123,3.27037,0.00834056,0,0,0,0,0,-0.0196437,-0.0109532,0.487665,0.983862,0.178992,0.174316,0.0234375,0.269531,1.16221
77,1.21875,3.10938,-1.17188,4.6875,2.55128,0.994634,3.11151,1.21269,11.1521,0.45067,3.22921,3.91602,0.541266,0.00301028,0,0,0,0,0,-0.370348,-1.15234,0.999817,1.02009,0.0750807,0.290063,0.21875,3.10938,6.56244
78,1.51562,1.98438,0.0339355,0.0820312,1.30928,0.90478,2.05201,1.39261,6.15012,0.308532,0.914663,1.27377,0.118485,0.00218454,0,0,0,0,0,-0.0975366,-0.200146,0.929637,0.993257,0.138452,0.214141,0.515625,1.98438,2.01428
79,1.07031,5.96875,-1.73438,11.375,5.57664,1,5.96875,1.07031,36.7715,0.697464,5.5857,5.97845,0.514242,0.0029575,0,0,0,1,0,-0.640368,-3.8222,0.999444,1.0338,0.149286,0.451003,0.0703125,5.96875,11.178
80,1.92969,1.96094,-0.289062,0.0194092,1.01619,0.845232,2.11873,1.67599,7.29793,0.199717,1.13704,1.90567,2.07486,0.00600558,0,0,0,0,0,-0.116792,-0.247449,0.89545,0.988134,0.154018,0.142567,0.929688,1.96094,2.16542
81,2.92188,3.01562,0.107422,0.00793457,1.03209,0.848984,3.24779,2.5463,17.0318,0.34296,1.37423,3.49921,1.20595,0.00430851,0,0,0,0,0,-0.12404,-0.402856,0.78688,0.96911,0.246678,0.251634,1.92188,3.01562,2.69258
82,2.15625,2.1875,-0.107422,0.0137329,1.01449,0.844826,2.36435,1.87209,9.09486,0.124466,0.997179,1.86681,0.916667,0.00374349,0,0,0,0,0,-0.110179,-0.260502,0.963239,0.985942,0.211224,0.0820064,1.15625,2.1875,2.24075
83,1.16406,2.48438,0.734375,1.24219,2.13423,0.983588,2.49147,1.14652,7.52194,0.294814,1.52117,1.74406,0.658907,0.00324005,0,0,0,0,0,-0.173481,-0.432223,0.994216,1.01776,0.0181561,0.20832,0.164062,2.48438,3.0046
84,1.08594,2.59375,0.84375,0.341797,2.38849,0.991541,2.59684,1.07758,7.90474,0.617761,1.45867,1.57182,1.44321,0.0047719,0,0,0,0,0,-0.162488,-0.421956,0.971122,1.02401,0.193804,0.487343,0.0859375,2.59375,2.92593
85,1.36719,0.337891,0.244141,0.0131226,0.247143,0.597601,0.730745,0.910783,1.36352,0.307526,0.873363,0.795444,2.13123,0.00611569,0,0,0,0,0,-0.0539712,-0.0394392,0.538734,0.978416,0.210287,0.249263,0.367188,0.337891,1.90049
86,1.71094,2.59375,-0.0727539,0.710938,1.51598,0.935238,2.64203,1.61574,9.59093,0.572365,0.916127,1.48022,0.0862861,0.00212165,0,0,0,0,0,-0.0981172,-0.259229,0.933677,1.05427,0.104733,0.454668,0.710938,2.59375,1.94863
87,1.28125,1.64844,-0.832031,2.75,1.28659,0.900881,1.70792,1.17388,4.29499,0.346304,2.05319,2.41019,0.501734,0.00293307,0,0,0,0,0,-0.235493,-0.402204,0.9999,1.0298,-0.019056,0.227618,0.28125,1.64844,3.94618
88,1.13281,-0.222656,-0.322266,0.0217285,-0.196552,0.422089,0.346279,0.586636,0.464051,0.427496,0.431356,0.253049,2.18625,0.00622314,0,0,0,0,0,0.00333751,0.00115571,0.0674518,1.00213,0.136599,0.287988,0.132812,-0.222656,1.41777
89,1.17188,-0.0228271,0.151367,0.00379944,-0.0194792,0.492229,0.458511,0.6747,0.665452,0.164246,0.405163,0.273363,2.45568,0.00674938,0,0,0,0,0,-0.011518,-0.00528113,0.24783,0.962058,0.376737,0.116954,0.171875,-0.0228271,1.16633
90,2.76562,3.26562,-0.0324707,0.00650024,1.18079,0.881157,3.42559,2.48945,17.932,0.0857272,0.718566,1.78883,0.402742,0.00273973,0,0,0,0,0,-0.0783402,-0.268361,0.950441,0.996315,0.0930791,0.0569293,1.76562,3.26562,1.55413
91,3.1875,0.9375,0.621094,0.0229492,0.294118,0.615666,1.79915,2.16772,7.93595,0.400824,1.52466,3.30504,4.0999,0.00996074,0,0,0,0,0,-0.0718057,-0.129189,0.410576,0.942885,0.339382,0.274487,2.1875,0.9375,2.68102
92,1.14062,0.773438,-0.644531,1.30469,0.678082,0.75114,0.944258,0.9025,1.70613,0.247752,1.30541,1.17814,0.564275,0.00305522,0,0,0,0,0,-0.14962,-0.141279,0.999189,0.972247,0.241612,0.181282,0.140625,0.773438,2.62262
93,2.4375,2.8125,-0.060791,0.00598145,1.15385,0.875718,2.96303,2.18104,13.5365,0.0767515,0.62542,1.36406,0.786025,0.00348833,0,0,0,0,0,-0.0681795,-0.202018,0.950361,0.991754,0.180565,0.0533636,1.4375,2.8125,1.56332
94,1.08594,-0.115723,0.163086,0.00759888,-0.106565,0.457567,0.377602,0.594102,0.49554,0.232895,0.484916,0.288089,1.87086,0.00560715,0,0,0,0,0,-0.0246082,-0.00929211,0.442405,0.980572,0.198179,0.169973,0.0859375,-0.115723,1.3918
95,1.25781,0.636719,-0.6875,0.380859,0.506211,0.693646,0.880044,0.94098,1.65992,0.398564,1.15252,1.0845,1.11401,0.00412893,0,0,0,0,0,-0.126426,-0.111261,0.956304,1.02509,0.0764061,0.314412,0.257812,0.636719,1.86569
96,1.22656,-0.119629,0.367188,0.00334167,-0.0975318,0.461152,0.43204,0.67457,0.641703,0.168692,0.332894,0.22456,6.35193,0.0143592,0,0,0,0,0,-0.00678413,-0.00293101,0.177662,0.977091,0.254766,0.114725,0.226562,-0.119629,1.14455
97,1.125,0.300781,-0.292969,0.710938,0.267361,0.605404,0.615801,0.756109,0.950912,0.19491,0.855693,0.646997,0.347461,0.00263176,0,0,0,0,0,-0.097653,-0.0601348,0.994889,0.980868,0.206989,0.136657,0.125,0.300781,1.75196
98,2.45312,2.78125,-0.0629883,0.00616455,1.13376,0.871552,2.93991,2.18533,13.4188,0.0791656,0.622123,1.35955,0.802249,0.00352002,0,0,0,0,0,-0.067839,-0.199441,0.950626,0.999318,0.0403442,0.0565813,1.45312,2.78125,1.43157
99,1.51562,0.664062,-0.117188,0.0238037,0.438144,0.669359,0.994651,1.09945,2.19811,0.25324,0.367012,0.403509,0.759555,0.00343663,0,0,0,0,0,-0.0295174,-0.0293595,0.70114,0.979577,0.203756,0.170785,0.515625,0.664062,1.28178
100,2.98438,3.64062,-0.0224609,0.0078125,1.2199,0.888748,3.79628,2.70991,21.7553,0.0983936,0.788259,2.13612,0.254116,0.00244945,0,0,0,0,0,-0.0860467,-0.326657,0.951638,0.99213,0.150044,0.0673724,1.98438,3.64062,1.67922
101,1.14062,-0.347656,-0.0688477,0.0145264,-0.304795,0.380261,0.30392,0.545467,0.389902,0.364934,0.37747,0.205898,0.57123,0.00306881,0,0,0,0,0,0.000918332,0.0002791,0.0212092,1.01948,0.060557,0.267952,0.140625,-0.347656,1.18251
102,1.05469,0.476562,0.0756836,0.0834961,0.451852,0.674312,0.701372,0.769835,1.08457,0.279721,0.553501,0.426104,0.26192,0.00246469,0,0,0,0,0,-0.0548019,-0.0384365,0.863147,0.950251,0.345326,0.196239,0.0546875,0.476562,1.35377
103,3.75,0.875,0.300781,0.0241699,0.233333,0.592249,1.97131,2.48317,10.0522,0.40097,1.64956,4.09614,1.9347,0.00573183,0,0,0,0,0,-0.0683539,-0.134747,0.361245,0.960515,0.281302,0.322769,2.75,0.875,2.99658
104,2.5625,2.92188,-0.059082,0.00643921,1.14024,0.872908,3.0852,2.28602,14.7443,0.078481,0.652929,1.49261,0.736273,0.00339116,0,0,0,0,0,-0.0711702,-0.219574,0.950252,0.994881,0.124659,0.0516664,1.5625,2.92188,1.45257
105,1.66406,1.50781,0.0722656,0.00360107,0.906103,0.817559,1.67051,1.41269,4.78631,0.16107,0.588153,0.830879,1.20425,0.00430517,0,0,0,0,0,-0.0472292,-0.078897,0.700046,0.966957,0.324433,0.12378,0.664062,1.50781,1.4472
106,1.79688,1.42969,-0.425781,0.00769043,0.795652,0.786883,1.64794,1.47675,4.8965,0.239135,0.93723,1.38406,4.85525,0.011436,0,0,0,0,0,-0.0642938,-0.105952,0.598039,0.976002,0.228188,0.16,0.796875,1.42969,1.93344
107,3,0.206055,0.15332,0.0162354,0.0686849,0.52738,1.30603,1.81969,5.017,0.388813,1.30874,2.3815,1.20329,0.00430329,0,0,0,0,0,-0.0609433,-0.0795941,0.405957,0.923111,0.412658,0.262921,2,0.206055,3.22757
108,2.10938,2.03125,0.808594,0.0120239,0.962963,0.832217,2.22006,1.81173,8.21101,0.275929,1.17331,2.12572,7.37407,0.0163556,0,0,0,0,0,-0.105669,-0.23459,0.785127,0.990392,0.142337,0.176046,1.10938,2.03125,2.06396
109,0.910156,1.3125,-0.789062,1.16406,1.44206,0.925357,1.34352,0.85093,2.52914,0.258978,1.44619,1.2306,0.731347,0.00338154,0,0,0,0,0,-0.165771,-0.222718,0.999292,1.03287,-0.0600408,0.205343,-0.0898438,1.3125,2.72676
110,1.46094,1.375,0.628906,0.0791016,0.941176,0.826693,1.51039,1.24916,3.84168,0.301517,0.65032,0.812353,2.23611,0.00632053,0,0,0,0,0,-0.0678406,-0.102466,0.909429,0.961409,0.298505,0.182693,0.460938,1.375,1.53883
111,1.46875,0.12793,0.492188,0.0830078,0.0871011,0.534704,0.652937,0.900646,1.23749,0.295153,0.250569,0.225674,1.70833,0.0052897,0,0,0,0,0,-0.0143372,-0.00936131,0.498822,0.951152,0.325673,0.221979,0.46875,0.12793,1.02499
112,1.42969,-0.867188,0.0844727,0.0111084,-0.606557,0.272072,0.238723,0.541013,0.349684,0.296455,0.413876,0.223912,0.801476,0.00351851,0,0,0,0,0,-0.00775475,-0.00185124,0.163344,0.981948,0.19387,0.236383,0.429688,-0.867188,1.1628
113,1.19531,3.29688,-1.63281,6.0625,2.75817,0.997094,3.29794,1.19206,12.2974,0.511801,3.35041,3.99389,0.663148,0.00324834,0,0,0,0,0,-0.384252,-1.26724,0.999827,1.02584,0.117611,0.374859,0.195312,3.29688,5.87722
114,1.80469,1.41406,0.242188,0.00692749,0.78355,0.783348,1.63852,1.47732,4.86723,0.177663,0.460824,0.680786,2.9098,0.00763634,0,0,0,0,0,-0.0438373,-0.0718284,0.829309,0.990156,0.141409,0.121285,0.804688,1.41406,1.28841
115,0.78125,-0.345703,0.0581055,0.0100098,-0.4425,0.329064,0.169173,0.337195,0.14232,0.250906,0.477788,0.161108,0.580771,0.00308744,0,0,0,0,0,-0.0313698,-0.00530694,0.572379,0.936269,0.460294,0.162854,-0.21875,-0.345703,1.29675
116,2.78125,3.21875,0.0373535,0.00866699,1.1573,0.876426,3.38911,2.49052,17.6888,0.122802,0.862234,2.14741,0.401234,0.00273678,0,0,0,0,0,-0.0885647,-0.300156,0.895452,0.987031,0.185416,0.0926302,1.78125,3.21875,1.71482
117,1.28906,1,-0.710938,1.92188,0.775758,0.781054,1.16274,1.05256,2.45985,0.293673,1.55829,1.64018,0.512825,0.00295474,0,0,0,0,0,-0.178711,-0.207795,0.999795,0.98351,0.181611,0.198185,0.289062,1,2.94153
118,1.09375,0.470703,-0.277344,0.0388184,0.430357,0.666532,0.712359,0.790627,1.13255,0.368126,0.236431,0.186929,1.40767,0.00470247,0,0,0,0,0,-0.013073,-0.00931269,0.482035,0.992882,0.144571,0.226516,0.09375,0.470703,1.0882
119,2.625,2.125,-0.0505371,0.00537109,0.809524,0.790893,2.43507,2.16716,10.6261,0.275115,1.06189,2.30129,0.689571,0.00329994,0,0,0,0,0,-0.0801488,-0.195168,0.657996,0.975337,0.223169,0.190197,1.625,2.125,2.0953
120,1.99219,1.67969,0.369141,0.0130615,0.843137,0.800424,1.89889,1.66297,6.37128,0.224994,0.86297,1.4351,3.22994,0.00826161,0,0,0,0,0,-0.0788865,-0.149797,0.796918,0.993134,0.123548,0.163277,0.992188,1.67969,2.06862
121,1.17969,-0.314453,-0.296875,0.0238037,-0.266556,0.394905,0.330677,0.580356,0.446161,0.387083,0.279339,0.162116,1.9242,0.00571134,0,0,0,0,0,-0.00223145,-0.000737889,0.0696405,0.995205,0.144483,0.250822,0.179688,-0.314453,1.01909
122,1.51562,-0.241211,0.460938,0.0212402,-0.159149,0.436776,0.487164,0.804438,0.88445,0.404208,0.331672,0.26681,3.16273,0.00813034,0,0,0,0,0,-0.00603877,-0.00294187,0.158725,0.92974,0.389554,0.262397,0.515625,-0.241211,1.32955
123,4.15625,2.17188,0.214844,0.131836,0.522556,0.699359,2.95128,3.13244,18.5222,0.177864,0.765008,2.39634,0.591706,0.0031088,0,0,0,0,0,-0.0788747,-0.232782,0.898832,1.02969,-0.127696,0.148998,3.15625,2.17188,1.5916
124,1.125,-0.267578,-0.298828,0.00570679,-0.237847,0.406,0.327054,0.565277,0.426502,0.195288,0.301084,0.170196,3.95572,0.00967914,0,0,0,0,0,-0.0134538,-0.00440012,0.389552,0.989404,0.145992,0.13068,0.125,-0.267578,1.12239
125,1.36719,2.85938,-1.29688,4.71875,2.09143,0.981755,2.86871,1.34443,10.037,0.453903,3.11301,4.18521,0.597014,0.00311917,0,0,0,0,0,-0.357011,-1.02416,0.999788,0.994722,0.170401,0.306447,0.367188,2.85938,6.55887
126,0.78125,-0.0563965,0.691406,0.0493164,-0.0721875,0.471226,0.285085,0.436069,0.27143,0.303382,0.249817,0.108937,3.11342,0.00803402,0,0,0,0,0,-0.0160704,-0.00458143,0.560805,1.02941,-0.00127713,0.243047,-0.21875,-0.0563965,1.18734
127,1.21875,0.828125,-0.429688,1.46875,0.679487,0.751585,1.01023,0.964746,1.95131,0.259595,1.357,1.30916,0.354551,0.00264561,0,0,0,0,0,-0.155569,-0.157161,0.999425,0.970874,0.258226,0.161913,0.21875,0.828125,2.84374
128,3.85938,0.5625,0.498047,0.0270996,0.145749,0.55794,1.82887,2.44988,9.34666,0.359132,1.28901,3.15791,3.02544,0.00786219,0,0,0,0,0,-0.0477171,-0.0872683,0.322719,0.981815,0.210703,0.302116,2.85938,0.5625,2.64772
129,1.25781,3.10938,-0.710938,0.75,2.47205,0.993283,3.11225,1.24986,11.2482,0.82413,2.62939,3.28636,0.82092,0.00355648,0,0,0,0,0,-0.300524,-0.935305,0.996396,1.08195,0.126508,0.558501,0.257812,3.10938,4.94616
130,1.22656,-0.131836,0.292969,0.0117188,-0.107484,0.457202,0.425936,0.670677,0.63123,0.307137,0.319359,0.214187,2.70633,0.00723892,0,0,0,0,0,-0.0144213,-0.00614258,0.393671,0.987013,0.163915,0.196515,0.226562,-0.131836,1.00443
131,1.25781,0.753906,-0.578125,1.41406,0.599379,0.72554,0.966103,0.970895,1.87599,0.256567,1.29677,1.25903,0.486169,0.00290267,0,0,0,0,0,-0.148579,-0.143543,0.998852,1.00946,0.0424274,0.1867,0.257812,0.753906,2.63591
132,1.32812,0.601562,0.425781,0.0184326,0.452941,0.674704,0.884131,0.9699,1.72239,0.193948,0.34558,0.335178,3.13612,0.00807836,0,0,0,0,0,-0.0280643,-0.0248125,0.707967,0.990897,0.135058,0.124234,0.328125,0.601562,1.21885
133,1.25781,4.40625,-1.67969,9.125,3.50311,0.99977,4.40633,1.25753,20.9971,0.623564,4.34655,5.4659,0.556048,0.00303916,0,0,0,1,0,-0.498484,-2.19648,0.999801,1.07002,0.00713797,0.387915,0.257812,4.40625,7.02296
134,1.59375,-0.0303955,0.398438,0.00430298,-0.0190717,0.492392,0.6239,0.917812,1.23163,0.191794,0.595171,0.546256,6.07401,0.0138164,0,0,0,0,0,-0.0281543,-0.0175655,0.412391,0.997412,0.0916778,0.148555,0.59375,-0.0303955,1.25751
135,1.32031,0.808594,-0.867188,0.441406,0.612426,0.729872,1.02719,1.02328,2.10222,0.527694,1.07015,1.09507,1.30525,0.00450244,0,0,0,0,0,-0.115157,-0.118288,0.938105,1.02552,0.14288,0.411412,0.320312,0.808594,2.3879
136,1.23438,0.0942383,-0.109863,0.00811768,0.0763449,0.530428,0.542106,0.752127,0.859575,0.258957,0.300296,0.225861,1.21937,0.00433471,0,0,0,0,0,-0.00546267,-0.00296135,0.158585,0.976638,0.219944,0.173071,0.234375,0.0942383,1.10527
137,1.28906,0.941406,0.380859,0.0162354,0.730303,0.767398,1.11825,1.03716,2.3262,0.208146,0.639061,0.662809,2.98905,0.00779112,0,0,0,0,0,-0.0619533,-0.0692795,0.84514,0.972117,0.265978,0.140459,0.289062,0.941406,1.45191
138,0.609375,-0.310547,0.582031,0.0458984,-0.509615,0.30516,0.117132,0.250361,0.0764004,0.40628,0.334375,0.0837142,2.71674,0.00725925,0,0,0,0,0,-0.011313,-0.00132512,0.294953,0.976429,0.229062,0.305765,-0.390625,-0.310547,1.14248
139,0.707031,-0.223633,0.441406,0.00521851,-0.316298,0.375888,0.185441,0.335236,0.146772,0.202245,0.293679,0.0984519,6.11034,0.0138874,0,0,0,0,0,-0.0156978,-0.00291101,0.465984,0.957871,0.361129,0.142196,-0.292969,-0.223633,1.1288
140,3.01562,3.76562,-0.0286865,0.00778198,1.2487,0.894113,3.9147,2.74986,22.8866,0.103138,0.807579,2.22073,0.325187,0.00258826,0,0,0,0,0,-0.0882119,-0.345323,0.952245,0.991438,0.152017,0.0741839,2.01562,3.76562,1.62076
141,2.57812,2.17188,-0.410156,0.0181885,0.842424,0.800225,2.456,2.15158,10.6612,0.245593,1.19485,2.57082,3.04124,0.00789305,0,0,0,0,0,-0.11529,-0.283151,0.841169,0.980347,0.198642,0.175406,1.57812,2.17188,2.23876
142,0.855469,-0.19043,0.253906,0.0197754,-0.222603,0.411922,0.253423,0.434675,0.253166,0.312143,0.228182,0.0991848,1.80556,0.0054796,0,0,0,0,0,-0.00314723,-0.000797581,0.120241,0.994404,0.132918,0.21358,-0.144531,-0.19043,0.996144
143,1.51562,2.48438,-0.980469,4.53125,1.63918,0.949412,2.51609,1.44981,8.43264,0.445534,2.8757,4.16921,0.460601,0.00285274,0,0,0,0,0,-0.329821,-0.829859,0.999866,0.997248,0.169847,0.32266,0.515625,2.48438,5.35104
144,2.20312,1.60156,1.54688,0.00817871,0.72695,0.766372,1.90559,1.77069,6.76661,0.305455,0.936589,1.65841,17.1046,0.0353605,0,0,0,0,0,-0.0774802,-0.147646,0.721188,0.983608,0.187345,0.23816,1.20312,1.60156,2.03077
145,1.9375,2.64062,0.566406,0.10498,1.3629,0.913543,2.71884,1.79258,10.6054,0.395789,1.20352,2.1574,1.74813,0.00536744,0,0,0,0,0,-0.122484,-0.333014,0.887221,0.975571,0.225038,0.27383,0.9375,2.64062,2.36443
146,2.79688,1.28125,0.203125,0.0123901,0.458101,0.67656,1.87108,2.04727,7.69224,0.319759,1.2484,2.55581,1.82484,0.00551727,0,0,0,0,0,-0.0620647,-0.116128,0.433409,0.969445,0.246467,0.270346,1.79688,1.28125,2.25558
147,1.32031,0.761719,-0.570312,0.519531,0.576923,0.718004,0.991596,1.01209,2.00759,0.418235,1.23387,1.24879,0.791238,0.00349851,0,0,0,0,0,-0.137605,-0.136449,0.972235,0.984037,0.209154,0.319035,0.320312,0.761719,2.32608
148,2.17188,1.16406,-0.486328,0.0115967,0.535971,0.704011,1.56361,1.64419,5.14825,0.226607,0.805658,1.32466,4.51609,0.0107736,0,0,0,0,0,-0.0508691,-0.0795395,0.55044,0.962806,0.289052,0.186356,1.17188,1.16406,1.7621
149,2.23438,2.9375,0.125977,0.0466309,1.31469,0.905692,3.03625,2.05444,13.4396,0.367952,1.25614,2.58066,0.583382,0.00309254,0,0,0,0,0,-0.137174,-0.416496,0.952011,1.00687,0.10578,0.263851,1.23438,2.9375,2.24387
150,1.10938,3.53125,-1.48438,6.46875,3.1831,0.999271,3.53148,1.10858,13.7003,0.525921,3.50768,3.88853,0.583624,0.00309302,0,0,0,1,0,-0.402292,-1.42069,0.999836,1.07223,-0.0130283,0.374075,0.109375,3.53125,5.70322
151,1.5,1.57031,-0.0424805,0.00805664,1.04688,0.852421,1.68628,1.31132,4.56309,0.100266,0.745429,0.977498,0.473274,0.00287749,0,0,0,0,0,-0.0781473,-0.131778,0.913933,1.00067,0.0321701,0.080828,0.5,1.57031,1.38372
152,3.40625,3.60938,0.0810547,0.0218506,1.05963,0.855344,3.86639,2.98595,23.8649,0.379915,1.79848,5.37016,0.548336,0.00302409,0,0,0,0,0,-0.148591,-0.57451,0.720266,0.96145,0.276138,0.301391,2.40625,3.60938,2.97208
153,1.20312,0.359375,-0.0966797,0.310547,0.298701,0.617416,0.682605,0.819871,1.13814,0.324509,0.950611,0.779379,0.173489,0.00229197,0,0,0,0,0,-0.10295,-0.0702744,0.944129,0.955783,0.298548,0.247048,0.203125,0.359375,1.9729
154,1.1875,0.339844,-0.458984,0.863281,0.286184,0.612631,0.664263,0.804758,1.08888,0.227985,0.937183,0.754205,0.493994,0.00291796,0,0,0,0,0,-0.106683,-0.0708656,0.992379,0.96486,0.296672,0.158944,0.1875,0.339844,1.80873
155,0.964844,5.25,-1.78906,10,5.4413,1,5.25,0.964844,28.4934,0.651562,4.87545,4.70405,0.565751,0.00305811,0,0,0,1,0,-0.559056,-2.93505,0.999649,1.07901,0.105034,0.523705,-0.0351562,5.25,9.45734
156,1.57031,-0.890625,0.910156,0.114746,-0.567164,0.285301,0.277093,0.615173,0.455218,0.733495,0.452769,0.278531,2.68687,0.00720092,0,0,0,0,0,-0.00421399,-0.00116767,0.081138,1.02317,0.2026,0.499133,0.570312,-0.890625,1.24608
157,1.05469,4.1875,-1.36719,7.28125,3.97037,0.999964,4.18751,1.05465,18.6475,0.557068,4.06239,4.2844,0.50667,0.00294271,0,0,0,1,0,-0.465872,-1.95084,0.99975,1.14764,-0.161562,0.424249,0.0546875,4.1875,6.71401
158,2.35938,2.65625,-0.130859,0.015564,1.12583,0.869881,2.81157,2.09816,12.3072,0.14248,1.17632,2.46812,1.04893,0.00400181,0,0,0,0,0,-0.129671,-0.36458,0.961002,0.990965,0.139903,0.100109,1.35938,2.65625,2.50937
159,2.51562,1.27344,0.480469,0.0211182,0.506211,0.693646,1.76009,1.88196,6.63968,0.290279,0.904977,1.70313,3.30626,0.00841067,0,0,0,0,0,-0.0479767,-0.0844432,0.462168,0.966205,0.263392,0.209282,1.51562,1.27344,1.72628
160,1.32812,1.1875,-0.890625,0.589844,0.894118,0.814371,1.31967,1.12477,3.00665,0.473247,1.52121,1.71102,1.15965,0.00421806,0,0,0,0,0,-0.170802,-0.225402,0.978839,0.966219,0.260987,0.302135,0.328125,1.1875,3.20264
161,1.16406,-0.496094,0.135742,0.00958252,-0.426174,0.33499,0.258956,0.508546,0.325677,0.246046,0.281243,0.143025,1.38668,0.00466148,0,0,0,0,0,-0.00413355,-0.00107041,0.128129,0.965697,0.283937,0.169081,0.164062,-0.496094,1.11162
162,1.59375,1.39844,0.125,0.176758,0.877451,0.809879,1.5609,1.34522,4.24604,0.248453,0.617841,0.831134,0.297318,0.00253382,0,0,0,0,0,-0.0684734,-0.10688,0.966166,0.980034,0.1996,0.182066,0.59375,1.39844,1.4423
163,0.960938,8,-3.54688,40,8.3252,1,8,0.960938,64.9234,1.28906,7.10888,6.83119,0.56081,0.00304846,0,0,0,1,0,-0.815327,-6.52262,0.999856,1.27474,0.0998334,0.896657,-0.0390625,8,13.0298
164,2.32812,1.66406,-0.105469,0.124512,0.714765,0.762623,1.99217,1.86383,7.44259,0.334983,0.427062,0.79597,0.298895,0.0025369,0,0,0,0,0,-0.0380472,-0.0757964,0.776674,0.987162,0.170424,0.229859,1.32812,1.66406,1.30738
165,1.4375,0.847656,-0.800781,0.835938,0.589674,0.722295,1.09353,1.10626,2.41962,0.376683,1.43948,1.59245,0.875844,0.00366376,0,0,0,0,0,-0.162778,-0.178001,0.985816,1.01972,0.039225,0.242639,0.4375,0.847656,2.95807
166,0.992188,0.0195312,0.181641,0.0402832,0.019685,0.507853,0.407635,0.584623,0.507951,0.160361,0.356482,0.208407,0.905005,0.00372071,0,0,0,0,0,-0.034093,-0.0138975,0.833747,0.960294,0.410882,0.10924,-0.0078125,0.0195312,1.13065
167,1.52344,0.396484,-0.0568848,0.00817871,0.260256,0.602667,0.826996,1.02071,1.72577,0.235158,0.515406,0.52608,0.629004,0.00318165,0,0,0,0,0,-0.0431955,-0.0357225,0.730627,0.969422,0.265441,0.164254,0.523438,0.396484,1.43532
168,0.8125,-0.146484,0.507812,0.0629883,-0.180288,0.428463,0.253155,0.425751,0.245351,0.306778,0.362274,0.154239,2.02336,0.005905,0,0,0,0,0,-0.0285628,-0.00723082,0.687338,1.04677,-0.126293,0.207877,-0.1875,-0.146484,1.1049
169,1.19531,3.875,-1.66406,7.84375,3.24183,0.999406,3.8752,1.19462,16.4443,0.579212,3.84025,4.58762,0.594166,0.00311361,0,0,0,1,0,-0.44043,-1.70675,0.999826,1.05338,0.0913063,0.434732,0.195312,3.875,7.02335
170,2.76562,3.71875,-0.376953,0.0268555,1.34463,0.910628,3.83441,2.5527,21.219,0.195028,1.432,3.65548,2.30023,0.00644576,0,0,0,0,0,-0.156737,-0.600994,0.954189,1.00124,0.0710466,0.157817,1.76562,3.71875,2.39951
171,2.9375,0.19043,0.339844,0.0196533,0.0648271,0.525844,1.27316,1.77772,4.78122,0.377252,1.37431,2.44314,2.42416,0.00668781,0,0,0,0,0,-0.0641191,-0.0816338,0.406733,0.951373,0.30871,0.288399,1.9375,0.19043,2.49035
172,2.70312,0.71875,0.302734,0.015625,0.265896,0.60484,1.47711,1.81559,5.47823,0.275705,1.03256,1.87471,2.42188,0.00668335,0,0,0,0,0,-0.0491661,-0.0726236,0.415104,0.976734,0.216399,0.187438,1.70312,0.71875,1.92977
173,1.40625,0.462891,-0.330078,0.00424194,0.329167,0.628985,0.825165,0.971351,1.62442,0.165357,0.460041,0.446861,5.06797,0.0118515,0,0,0,0,0,-0.0407329,-0.0336114,0.77189,1.00874,-0.0241337,0.11055,0.40625,0.462891,1.32124
174,1.03906,1.38281,-1.26562,1.77344,1.33083,0.908377,1.4274,0.957363,2.95403,0.282841,1.70454,1.63187,0.95038,0.00380934,0,0,0,0,0,-0.195505,-0.279065,0.999902,0.988005,0.159404,0.198954,0.0390625,1.38281,4.0039
175,1.4375,-0.478516,0.425781,0.00521851,-0.33288,0.369612,0.36839,0.673223,0.588941,0.204747,0.733975,0.494129,5.89404,0.0134649,0,0,0,0,0,-0.0307649,-0.0113335,0.365411,0.979941,0.210958,0.141771,0.4375,-0.478516,1.54451
176,3.64062,1.91406,-0.078125,0.00823975,0.525751,0.700469,2.59277,2.74761,14.2718,0.407936,1.45237,3.99054,0.860663,0.00363411,0,0,0,0,0,-0.0706214,-0.183105,0.423903,1.05652,-0.0704347,0.277691,2.64062,1.91406,3.07724
177,2.29688,0.171875,0.0302734,0.0112305,0.0748299,0.529825,1.00699,1.39827,2.9692,0.311419,1.01246,1.41569,0.285669,0.00251107,0,0,0,0,0,-0.0463945,-0.0467188,0.399481,0.979071,0.203586,0.208824,1.29688,0.171875,1.95191
178,1.59375,1.78125,0.78125,0.108398,1.11765,0.868141,1.88806,1.41477,5.56635,0.381465,0.940086,1.33,2.37289,0.00658769,0,0,0,0,0,-0.0951506,-0.17965,0.88237,1.02409,0.0481479,0.274165,0.59375,1.78125,1.9073
179,1.29688,1.17188,-0.234375,0.0142822,0.903614,0.8169,1.29914,1.10042,2.89869,0.181488,0.549141,0.604284,1.96116,0.00578352,0,0,0,0,0,-0.0543667,-0.0706303,0.86309,0.988365,0.155525,0.123084,0.296875,1.17188,1.54189
180,2.09375,0.867188,0.147461,0.00769043,0.414179,0.660629,1.34206,1.50247,4.05856,0.243794,0.801855,1.20477,1.68152,0.00523734,0,0,0,0,0,-0.0417563,-0.0560396,0.453976,0.973594,0.238856,0.168586,1.09375,0.867188,1.89066
181,1.53125,3.21875,-0.228516,0.373047,2.10204,0.982225,3.22893,1.50635,12.6951,0.533484,1.93121,2.90909,0.37414,0.00268387,0,0,0,0,0,-0.213983,-0.690935,0.965951,0.999891,0.208416,0.416307,0.53125,3.21875,3.43925
182,1.25781,1.78906,-0.996094,2.85938,1.42236,0.922539,1.8339,1.17287,4.73883,0.352042,2.15717,2.53008,0.589067,0.00310365,0,0,0,0,0,-0.24743,-0.453763,0.999944,1.00937,0.0896423,0.25352,0.257812,1.78906,4.29449
183,3.21875,4.03125,0.0625,0.0108643,1.25243,0.894793,4.18942,2.93644,26.1739,0.14538,1.04103,3.05692,0.599625,0.00312427,0,0,0,0,0,-0.107199,-0.449101,0.897708,0.97917,0.237681,0.114122,2.21875,4.03125,1.9496
184,3.57812,0.796875,-0.214844,0.0198975,0.222707,0.588118,1.85672,2.35846,9.00976,0.347227,1.38562,3.26794,1.52308,0.0049279,0,0,0,0,0,-0.0512713,-0.0951965,0.322579,0.976866,0.214493,0.231059,2.57812,0.796875,2.63457
185,2.09375,1.88281,-0.333984,0.00457764,0.899254,0.815741,2.08961,1.77501,7.51714,0.292107,0.921656,1.63595,4.93634,0.0115944,0,0,0,0,0,-0.0524571,-0.109615,0.496183,0.967249,0.258915,0.207858,1.09375,1.88281,1.69188
186,1.15625,0.0717773,0.174805,0.287109,0.0620777,0.52475,0.499548,0.698603,0.737593,0.420392,0.590804,0.412737,0.326234,0.0025903,0,0,0,0,0,-0.0613178,-0.0306312,0.904796,0.944676,0.330417,0.290564,0.15625,0.0717773,1.43681
187,2.54688,2.96875,-0.116699,0.0157471,1.16564,0.878121,3.12167,2.28486,14.9654,0.212781,1.38672,3.16846,0.929968,0.00376947,0,0,0,0,0,-0.14464,-0.451518,0.909297,1.01488,-0.0174053,0.156645,1.54688,2.96875,2.6515
188,1.50781,-0.765625,0.177734,0.0128784,-0.507772,0.305807,0.290835,0.620312,0.469372,0.312598,0.446008,0.276664,1.56617,0.00501206,0,0,0,0,0,0.00352087,0.00102399,0.0688199,0.970305,0.241884,0.24177,0.507812,-0.765625,1.28721
189,1.95312,0.550781,0.0390625,0.00469971,0.282,0.611028,1.08733,1.32117,2.92778,0.205176,0.877449,1.15926,0.569803,0.00306602,0,0,0,0,0,-0.0458386,-0.0498416,0.455424,1.00339,0.0460064,0.140399,0.953125,0.550781,1.77508
190,2.03125,1.64062,0.0483398,0.0172119,0.807692,0.790366,1.88146,1.67596,6.34873,0.213227,0.945073,1.5839,0.36846,0.00267277,0,0,0,0,0,-0.0931396,-0.175238,0.859163,0.984632,0.174907,0.165242,1.03125,1.64062,2.00031
191,0.855469,-0.382812,-0.0133057,0.00263977,-0.447489,0.327261,0.183698,0.367867,0.169071,0.158766,0.230225,0.0846923,0.258972,0.00245893,0,0,0,0,0,-0.00774783,-0.00142326,0.293382,0.990549,0.139849,0.112558,-0.144531,-0.382812,1.11129
192,1.96875,0.0830078,0.6875,0.0167236,0.0421627,0.516816,0.830977,1.17557,2.0725,0.347388,0.999043,1.17445,5.31627,0.0123365,0,0,0,0,0,-0.0494376,-0.0410815,0.4314,0.939942,0.359167,0.247398,0.96875,0.0830078,2.08304
193,1.375,2.90625,-1.22656,4.71875,2.11364,0.982727,2.91512,1.35323,10.3291,0.453889,3.1394,4.24833,0.564646,0.00305595,0,0,0,0,0,-0.360069,-1.04964,0.999875,1.00228,0.139158,0.293826,0.375,2.90625,5.72097
194,1.46875,-0.472656,0.306641,0.00799561,-0.321809,0.373799,0.382292,0.693553,0.627163,0.262248,0.43716,0.303194,3.42929,0.00865095,0,0,0,0,0,0.00877375,0.00335414,0.174965,0.95698,0.297154,0.233029,0.46875,-0.472656,1.3205
195,1.20312,0.244141,0.0244141,0.010498,0.202922,0.580402,0.609135,0.786282,0.989286,0.221833,0.199239,0.156658,0.238279,0.00241851,0,0,0,0,0,-0.00946787,-0.00576721,0.414271,1.01695,-0.0307213,0.156687,0.203125,0.244141,1.00639
196,1.65625,2.29688,-0.192383,0.0751953,1.38679,0.917247,2.3606,1.53716,7.93527,0.298687,0.923516,1.41959,0.70157,0.00332338,0,0,0,0,0,-0.0943178,-0.222646,0.89034,0.998295,0.120562,0.226053,0.65625,2.29688,1.94729
197,0.941406,0.130859,0.194336,0.128906,0.139004,0.555277,0.442936,0.595225,0.550485,0.205422,0.59408,0.353611,0.541273,0.0030103,0,0,0,0,0,-0.0634123,-0.0280876,0.930541,0.968931,0.30305,0.127934,-0.0585938,0.130859,1.46121
198,1.21094,-1.11719,-0.308594,0.111816,-0.922581,0.178113,0.115498,0.343089,0.13105,0.774105,0.449453,0.154202,0.922857,0.00375558,0,0,0,0,0,-0.00585767,-0.000676547,0.113618,1.03842,0.193628,0.533936,0.210938,-1.11719,1.22277
199,1.21094,0.707031,-0.359375,1.35156,0.583871,0.720346,0.91584,0.930239,1.70411,0.252295,1.26452,1.1763,0.309122,0.00255688,0,0,0,0,0,-0.144891,-0.132697,0.998903,0.980492,0.198119,0.173323,0.210938,0.707031,2.6065
200,2.8125,3.5625,0.0913086,0.020752,1.26667,0.897363,3.69753,2.57037,20.2785,0.241392,1.65794,4.26153,0.633844,0.0031911,0,0,0,0,0,-0.176043,-0.650922,0.925669,0.978565,0.207386,0.182923,1.8125,3.5625,3.11343
201,0.847656,-0.589844,0.263672,0.00457764,-0.695853,0.243261,0.123319,0.296088,0.102876,0.17023,0.222174,0.0657828,3.89711,0.00956468,0,0,0,0,0,-0.00189094,-0.000233189,0.0741978,0.98816,0.163912,0.106225,-0.152344,-0.589844,1.07505
202,1.73438,1.66406,-1.28125,0.0600586,0.959459,0.831336,1.82019,1.48856,5.5289,0.2709,0.695945,1.03596,5.22813,0.0121643,0,0,0,0,0,-0.0728383,-0.132579,0.912414,0.966207,0.279205,0.171916,0.734375,1.66406,1.63201
203,1.54688,-0.419922,-0.0844727,0.0947266,-0.271465,0.393017,0.430852,0.758242,0.760564,0.610039,0.360054,0.273009,0.274461,0.00248918,0,0,0,0,0,-0.0041002,-0.00176658,0.0992758,0.939854,0.352068,0.437379,0.546875,-0.419922,1.14886
204,2.21875,1.77344,0.197266,0.0551758,0.799296,0.787941,2.04099,1.82564,7.49859,0.16833,0.432553,0.789687,0.839803,0.00359336,0,0,0,0,0,-0.0456061,-0.0930814,0.919158,0.995605,0.0954974,0.114194,1.21875,1.77344,1.34681
205,1.09375,0.824219,0.236328,0.0693359,0.753571,0.774447,0.968146,0.886662,1.72348,0.256333,0.477096,0.423023,0.897504,0.00370606,0,0,0,0,0,-0.0494999,-0.0479231,0.904493,0.987235,0.164122,0.203727,0.09375,0.824219,1.46085
206,2.03125,2.21875,-1.02344,0.0830078,1.09231,0.862651,2.36237,1.79321,8.79639,0.283038,0.902563,1.61849,3.55224,0.00889109,0,0,0,0,0,-0.0977815,-0.230996,0.944465,0.972812,0.234571,0.197325,1.03125,2.21875,2.03891
207,1.45312,-0.174805,0.503906,0.0106812,-0.120296,0.452124,0.495304,0.788682,0.867345,0.282286,0.379841,0.299574,4.87574,0.0114761,0,0,0,0,0,-0.00185972,-0.000921125,0.0426827,1.00981,0.0528087,0.202856,0.453125,-0.174805,1.19654
208,1.42188,0.988281,-0.119141,0.00558472,0.695055,0.75649,1.19541,1.13114,2.70849,0.156188,0.401539,0.454197,1.59426,0.00506692,0,0,0,0,0,-0.0329215,-0.0393547,0.714757,0.985298,0.198573,0.0973662,0.421875,0.988281,1.28838
209,1.6875,-0.546875,0.209961,0.0145874,-0.324074,0.372941,0.437844,0.795505,0.824536,0.323629,0.4724,0.375797,1.7384,0.00534844,0,0,0,0,0,0.0058459,0.00255959,0.107882,1.00593,0.100937,0.249547,0.6875,-0.546875,1.06324
210,1.375,2.1875,0.0332031,0.249023,1.59091,0.944185,2.21886,1.31086,6.64167,0.448679,1.40942,1.84755,0.0665363,0.00208308,0,0,0,0,0,-0.151537,-0.33624,0.937316,0.997135,0.188413,0.360977,0.375,2.1875,3.27019
211,1.20312,2.5,-1.01562,3.60938,2.07792,0.981142,2.50849,1.1825,7.69086,0.397242,2.72024,3.2167,0.534586,0.00299724,0,0,0,0,0,-0.31196,-0.782551,0.999766,1.05078,-0.0608563,0.267545,0.203125,2.5,4.6369
212,1.39844,1.22656,-1.10938,0.617188,0.877095,0.809782,1.36919,1.18028,3.26775,0.558318,1.65222,1.95009,1.41211,0.00471116,0,0,0,0,0,-0.184018,-0.251955,0.970955,0.939399,0.343119,0.357307,0.398438,1.22656,3.07682
213,1.83594,1.13281,0.135742,0.335938,0.617021,0.73139,1.43475,1.42495,4.08897,0.488839,0.394353,0.561933,0.234199,0.00241055,0,0,0,0,0,-0.0288303,-0.0413641,0.637339,1.02039,0.160193,0.418767,0.835938,1.13281,1.2096
214,1.39062,0.710938,0.180664,0.108398,0.511236,0.695407,0.977423,1.04271,2.0426,0.253951,0.268143,0.279595,0.548732,0.00302487,0,0,0,0,0,-0.0223919,-0.0218863,0.727999,0.964421,0.29101,0.169376,0.390625,0.710938,1.0361
215,2.17188,2.78125,-0.102051,0.0134888,1.28058,0.899829,2.88312,1.98836,12.266,0.145257,1.19013,2.36641,0.878679,0.00366929,0,0,0,0,0,-0.131416,-0.378888,0.962632,1.00535,-0.00380584,0.0998316,1.17188,2.78125,2.37184
216,0.933594,-0.3125,0.158203,0.0776367,-0.334728,0.368915,0.238628,0.436628,0.247587,0.400773,0.345845,0.151005,0.567782,0.00306207,0,0,0,0,0,-0.0178053,-0.00424884,0.448822,1.0087,0.103551,0.271474,-0.0664062,-0.3125,1.05012
217,1.76562,1.96875,-0.240234,0.0571289,1.11504,0.867584,2.08775,1.56645,6.81247,0.244313,0.826555,1.29476,1.0051,0.0039162,0,0,0,0,0,-0.0883267,-0.184404,0.931595,0.981583,0.191036,0.190846,0.765625,1.96875,1.76824
218,2.32812,0.761719,0.202148,0.00762939,0.327181,0.628235,1.36316,1.6067,4.4397,0.257676,1.06911,1.71773,2.31433,0.0064733,0,0,0,0,0,-0.0647063,-0.088205,0.527634,0.982172,0.188445,0.201635,1.32812,0.761719,1.8336
219,0.816406,2.23438,0.050293,0.976562,2.73684,0.996898,2.23515,0.814073,5.65859,0.283868,1.58542,1.29065,0.0508929,0.00205253,0,0,0,0,0,-0.181653,-0.406022,0.998865,1.01121,0.0447897,0.201467,-0.183594,2.23438,2.99777
220,0.886719,-0.628906,-0.229492,0.0495605,-0.709251,0.239084,0.126143,0.305994,0.109544,0.497815,0.363955,0.111368,1.03086,0.00396652,0,0,0,0,0,0.00152188,0.000191974,0.0364534,0.950156,0.342393,0.48392,-0.113281,-0.628906,1.13817
221,1.67188,1.67969,-0.00836182,0.0280762,1.00467,0.842473,1.8192,1.44854,5.40774,0.294822,0.915799,1.32657,0.0499036,0.00205059,0,0,0,0,0,-0.0889496,-0.161817,0.846742,1.00065,0.096301,0.199176,0.671875,1.67969,1.95406
222,2.0625,1.32812,0.202148,0.162109,0.643939,0.740193,1.65395,1.61437,5.34175,0.242454,0.411837,0.664856,0.502072,0.00293374,0,0,0,0,0,-0.0418637,-0.0692406,0.886174,0.981796,0.19133,0.168285,1.0625,1.32812,1.37515
223,1.0625,-0.898438,-1.75781,0.0791016,-0.845588,0.198891,0.116283,0.324067,0.118541,0.702328,0.50947,0.165102,6.25,0.0141602,0,0,0,0,0,-0.00662998,-0.000770953,0.113449,1.15223,0.0190879,0.591798,0.0625,-0.898438,1.43804
224,1.96094,1.95312,-0.318359,0.0913086,0.996016,0.840379,2.11922,1.6959,7.36717,0.240938,0.411447,0.697771,1.05357,0.00401087,0,0,0,0,0,-0.0444191,-0.094134,0.94116,0.997455,0.0963149,0.161073,0.960938,1.95312,1.08111
225,1.39844,2,-0.478516,0.0991211,1.43017,0.923666,2.04899,1.30536,5.90231,0.338763,0.876659,1.14436,1.51989,0.00492167,0,0,0,0,0,-0.0928048,-0.190156,0.922882,0.979352,0.215713,0.290962,0.398438,2,1.86149
226,2.29688,1.80469,0.0327148,0.0566406,0.785714,0.783983,2.08916,1.88156,7.90487,0.177235,0.442423,0.832444,0.137461,0.0022216,0,0,0,0,0,-0.0467497,-0.0976678,0.921188,0.984253,0.177631,0.160118,1.29688,1.80469,1.36683
227,1.39844,-1.01562,0.0593262,0.136719,-0.726257,0.233841,0.193215,0.475187,0.263135,0.783772,0.478111,0.227192,0.160447,0.0022665,0,0,0,0,0,0.00523214,0.00101093,0.0954021,0.936671,0.386356,0.549521,0.398438,-1.01562,1.29279
228,1.30469,1.63281,-0.691406,2.65625,1.2515,0.894623,1.69702,1.19012,4.29626,0.342262,2.04074,2.42872,0.424228,0.00278169,0,0,0,0,0,-0.234054,-0.397194,0.999849,1.02926,-0.0171428,0.227113,0.304688,1.63281,3.86934
229,2.0625,1.14844,0.664062,0.176758,0.556818,0.711174,1.51752,1.57131,4.77187,0.407807,0.385107,0.605123,1.5795,0.00503809,0,0,0,0,0,-0.0279432,-0.0424042,0.632559,1.00668,0.108518,0.267212,1.0625,1.14844,1.1063
230,1,7.90625,-3.46875,40.5,7.90625,1,7.90625,1,63.5088,1.29621,7.03717,7.03717,0.545061,0.0030177,0,0,0,1,0,-0.807103,-6.38116,0.999856,1.14051,0.261935,0.869689,0,7.90625,11.6962
231,2.48438,2.98438,-0.0361328,0.00540161,1.20126,0.885174,3.12068,2.24651,14.7854,0.082336,0.651884,1.46446,0.491632,0.00291334,0,0,0,0,0,-0.0711252,-0.221959,0.951175,0.99811,0.0615354,0.0582222,1.48438,2.98438,1.56693
232,2.29688,2.625,0.455078,0.0244141,1.14286,0.873451,2.77052,2.05024,11.8792,0.287329,1.4701,3.01405,2.9125,0.0076416,0,0,0,0,0,-0.135137,-0.3744,0.801374,0.992553,0.142671,0.216946,1.29688,2.625,2.79498
233,1.17969,0.699219,-0.679688,1.24219,0.592715,0.723314,0.900128,0.908713,1.63599,0.244321,1.23553,1.12274,0.60984,0.00314422,0,0,0,0,0,-0.141479,-0.12735,0.998266,1.00031,0.0799868,0.163713,0.179688,0.699219,2.72192
234,2.53125,2.40625,-0.131836,0.0639648,0.950617,0.829101,2.63736,2.16853,11.6582,0.246966,0.561593,1.21783,0.52127,0.00297123,0,0,0,0,0,-0.0605276,-0.159633,0.93959,0.980639,0.198723,0.164912,1.53125,2.40625,1.53995
235,0.921875,1.21094,-0.71875,1.20312,1.31356,0.905503,1.25176,0.847514,2.28519,0.242214,1.41897,1.2026,0.655273,0.00323296,0,0,0,0,0,-0.162675,-0.20363,0.99943,0.993163,0.1212,0.153803,-0.078125,1.21094,2.67692
236,1.10938,0.0201416,-0.457031,0.188477,0.0181558,0.507243,0.454933,0.653082,0.63348,0.202479,0.576787,0.376689,1.05273,0.00400924,0,0,0,0,0,-0.0631004,-0.0287064,0.953726,0.970965,0.283912,0.13101,0.109375,0.0201416,1.56332
237,1.23438,1.07031,-0.996094,1.84375,0.867089,0.807053,1.19902,1.03856,2.51626,0.286545,1.56731,1.62775,0.733583,0.0033859,0,0,0,0,0,-0.179752,-0.215526,0.999826,0.973301,0.236186,0.180526,0.234375,1.07031,2.89549
238,1.53906,-0.402344,-0.392578,0.0427246,-0.261421,0.396884,0.434278,0.760028,0.76624,0.557946,0.435266,0.330814,1.89927,0.00566264,0,0,0,0,0,-0.000483971,-0.000210178,0.0096933,0.988251,0.228932,0.39937,0.539062,-0.402344,1.19637
239,1.21875,0.746094,-0.259766,1.35156,0.612179,0.72979,0.947946,0.944496,1.79067,0.257973,1.28367,1.21242,0.223441,0.00238953,0,0,0,0,0,-0.147082,-0.139426,0.998882,1.00027,0.0818966,0.167024,0.21875,0.746094,2.95422
240,1.1875,2.65625,-0.976562,3.73438,2.23684,0.987352,2.6614,1.17424,8.46189,0.404981,2.83529,3.32932,0.505349,0.00294013,0,0,0,0,0,-0.32517,-0.865406,0.999815,1.00007,0.134456,0.269414,0.1875,2.65625,5.24615
241,0.546875,-0.539062,-0.180664,0.0132446,-0.985714,0.162137,0.0471408,0.145181,0.0232997,0.246054,0.256044,0.0371726,1.56983,0.00501919,0,0,0,0,0,0.000466573,2.19946e-05,0.0158859,0.969288,0.279108,0.147123,-0.453125,-0.539062,1.15289
242,1.46094,-0.423828,0.494141,0.00488281,-0.290107,0.385867,0.397044,0.706303,0.656509,0.206532,0.411485,0.290633,7.07156,0.0157648,0,0,0,0,0,0.00981377,0.0038965,0.207916,0.957568,0.382377,0.131084,0.460938,-0.423828,1.25009
243,2.14062,0.601562,-0.081543,0.00506592,0.281022,0.610653,1.19038,1.44738,3.51191,0.169948,0.598284,0.865946,1.14566,0.00419075,0,0,0,0,0,-0.0207751,-0.0247302,0.302721,0.985446,0.183842,0.113832,1.14062,0.601562,1.39677
244,1.07812,6.875,-2.04688,13.25,6.37681,1,6.875,1.07812,48.428,0.75159,6.32036,6.81414,0.56232,0.00305141,0,0,0,1,0,-0.724609,-4.98169,0.999468,1.12763,-0.017002,0.504371,0.078125,6.875,10.0022
245,0.960938,-0.335938,0.171875,0.00448608,-0.349593,0.363322,0.24044,0.444464,0.255359,0.179309,0.276514,0.122901,2.56613,0.0069651,0,0,0,0,0,-0.00498109,-0.00119765,0.157041,0.984899,0.178281,0.135742,-0.0390625,-0.335938,1.13235
246,3.35938,0.396484,-0.412109,0.0100708,0.118023,0.546975,1.54536,2.09795,6.78952,0.242412,1.17708,2.46946,4.10658,0.00997379,0,0,0,0,0,-0.0381981,-0.0590298,0.282906,0.970139,0.249162,0.192148,2.35938,0.396484,2.37353
247,1.40625,-0.835938,-1.03125,0.0825195,-0.594444,0.276107,0.238909,0.53787,0.346382,0.643683,0.500185,0.269035,3.58993,0.0089647,0,0,0,0,0,-0.00540057,-0.00129025,0.0941273,1.0184,0.176983,0.438636,0.40625,-0.835938,1.37005
248,1.17969,1.875,-0.925781,2.75,1.5894,0.944015,1.90197,1.12454,4.88208,0.346785,2.19831,2.47208,0.558267,0.00304349,0,0,0,0,0,-0.252133,-0.47955,0.99988,1.01159,0.0574803,0.220615,0.179688,1.875,3.95785
249,1.33594,1.38281,-0.96875,2.48438,1.03509,0.849686,1.48838,1.16496,3.57242,0.332122,1.87713,2.18679,0.614615,0.00315354,0,0,0,0,0,-0.215281,-0.32042,0.999809,1.04261,-0.0441594,0.254149,0.335938,1.38281,3.66384
250,1.59375,1.76562,-0.144531,0.316406,1.10784,0.866035,1.87471,1.41174,5.50756,0.334303,1.02632,1.4489,0.256944,0.00245497,0,0,0,0,0,-0.111669,-0.209346,0.948539,0.996101,0.127615,0.219826,0.59375,1.76562,1.83868
251,1.20312,1.07031,-0.6875,1.57812,0.88961,0.813162,1.19083,1.01799,2.45438,0.274417,1.50806,1.53519,0.54727,0.00302201,0,0,0,0,0,-0.172762,-0.20573,0.998699,1.01695,0.0142583,0.199726,0.203125,1.07031,3.0121
252,2.70312,3.20312,0.0449219,0.00933838,1.18497,0.881986,3.35783,2.43545,17.2065,0.10543,0.703003,1.71213,0.46486,0.00286105,0,0,0,0,0,-0.0766794,-0.257477,0.950886,0.993929,0.120248,0.0717312,1.70312,3.20312,1.50984
253,1.14062,1.53125,0.000999451,0.300781,1.34247,0.910277,1.57915,1.05252,3.6015,0.585984,1.26331,1.32966,0.00182237,0.00195668,0,0,0,0,0,-0.142495,-0.22502,0.983318,1.10567,-0.0404467,0.432997,0.140625,1.53125,2.5745
254,2.5625,2.82812,-0.0446777,0.00698853,1.10366,0.865129,3.00507,2.2678,14.1734,0.075275,0.640736,1.45306,0.534439,0.00299695,0,0,0,0,0,-0.0698306,-0.209846,0.950109,0.997691,0.0700292,0.0529582,1.5625,2.82812,1.40791
255,2.3125,1.16406,-0.34375,0.00805664,0.503378,0.692651,1.61379,1.72778,5.58955,0.293818,1.24703,2.15459,3.82971,0.00943302,0,0,0,0,0,-0.0721873,-0.116495,0.504651,0.98542,0.178922,0.234284,1.3125,1.16406,2.07289
256,1.1875,-0.324219,-0.020752,0.00698853,-0.273026,0.392416,0.330083,0.581413,0.446996,0.208523,0.279053,0.162245,0.248237,0.00243796,0,0,0,0,0,0.00358544,0.00118349,0.112011,0.970357,0.278158,0.140446,0.1875,-0.324219,1.02131
257,2.20312,1.32031,0.0349121,0.12207,0.599291,0.725511,1.69203,1.70053,5.75477,0.371278,0.456156,0.775706,0.0999243,0.00214829,0,0,0,0,0,-0.0435321,-0.0736578,0.831962,1.00165,0.120339,0.253675,1.20312,1.32031,1.41766
258,2.4375,0.206055,-0.074707,0.0158691,0.0845353,0.533685,1.08047,1.49242,3.39475,0.397552,1.06826,1.5943,0.593041,0.00311141,0,0,0,0,0,-0.0477984,-0.0516448,0.39007,0.974889,0.23143,0.294431,1.4375,0.206055,2.15371
259,3.10938,0.519531,-0.185547,0.0158691,0.167085,0.566349,1.50663,1.99867,6.26464,0.35362,1.42487,2.84785,1.47291,0.00482991,0,0,0,0,0,-0.0593356,-0.089397,0.363034,0.987319,0.176255,0.252835,2.10938,0.519531,2.54948
260,0.769531,-0.1875,0.199219,0.00714111,-0.243655,0.403749,0.222094,0.385019,0.197565,0.202381,0.29131,0.11216,2.35748,0.00655757,0,0,0,0,0,-0.0156946,-0.00348567,0.469679,0.963732,0.344693,0.126534,-0.230469,-0.1875,1.16907
261,1.32812,1.41406,0.679688,0.0480957,1.06471,0.856495,1.5133,1.16552,3.64849,0.289258,0.690061,0.804277,3.09925,0.00800634,0,0,0,0,0,-0.0652069,-0.0986773,0.823783,0.991559,0.145571,0.211752,0.328125,1.41406,1.43957
262,2.51562,2.84375,-0.0571289,0.00604248,1.13043,0.870853,3.00767,2.23938,14.0609,0.076357,0.638581,1.43002,0.734934,0.00338854,0,0,0,0,0,-0.0696186,-0.20939,0.950421,0.991673,0.199367,0.047176,1.51562,2.84375,1.58373
263,1.14062,2.78125,-0.96875,3.6875,2.43836,0.992623,2.78411,1.13277,9.03445,0.402715,2.92087,3.30868,0.504482,0.00293844,0,0,0,0,0,-0.334961,-0.932569,0.999745,0.998563,0.151893,0.294017,0.140625,2.78125,5.82449
264,2.34375,2.70312,-0.131836,0.0211182,1.15333,0.875613,2.84804,2.09691,12.5084,0.185397,1.27344,2.67029,0.907206,0.00372501,0,0,0,0,0,-0.130888,-0.372773,0.896039,0.955419,0.359139,0.154672,1.34375,2.70312,2.27115
265,1.21875,-0.0498047,0.0500488,0.0115356,-0.0408654,0.483702,0.463819,0.692897,0.695235,0.305264,0.383887,0.265994,0.465986,0.00286325,0,0,0,0,0,-0.00933161,-0.00432818,0.211914,0.956804,0.31681,0.190942,0.21875,-0.0498047,1.08422
266,3.01562,3.35938,0.15625,0.0476074,1.11399,0.867358,3.56309,2.67483,19.8503,0.266942,0.72994,1.95246,0.716115,0.00335179,0,0,0,0,0,-0.0794967,-0.283253,0.949443,0.967909,0.25925,0.195551,2.01562,3.35938,1.68954
267,0.789062,-0.5625,0.206055,0.0050354,-0.712871,0.237963,0.111563,0.271401,0.0861049,0.202293,0.218729,0.0593634,2.90379,0.00762459,0,0,0,0,0,-0.00335769,-0.000374593,0.133826,0.958997,0.36609,0.134363,-0.210938,-0.5625,1.04704
268,0.933594,-0.246094,0.052002,0.00915527,-0.263598,0.396045,0.262696,0.460292,0.280878,0.263934,0.304888,0.140338,0.543481,0.00301461,0,0,0,0,0,-0.0112791,-0.00296298,0.322509,0.971044,0.255545,0.164828,-0.0664062,-0.246094,0.951984
269,1.35156,1.88281,-0.341797,0.192383,1.39306,0.9182,1.93414,1.25541,5.31696,0.343754,1.01238,1.27095,0.779265,0.00347513,0,0,0,0,0,-0.110347,-0.213426,0.950221,1.05055,-0.0594224,0.267984,0.351562,1.88281,2.11427
270,1.16406,-0.349609,0.333984,0.0112305,-0.300336,0.381961,0.312046,0.558522,0.40932,0.298511,0.345477,0.192957,3.15157,0.00810854,0,0,0,0,0,-0.00978166,-0.00305233,0.246831,0.949949,0.335636,0.212936,0.164062,-0.349609,1.20596
271,1.07812,0.0712891,-1.05469,0.0209961,0.0661232,0.52636,0.467975,0.652961,0.645359,0.306172,0.180927,0.118138,7.27871,0.0161694,0,0,0,0,0,-0.00816107,-0.00381918,0.393234,1.00301,0.093532,0.21508,0.078125,0.0712891,1.0561
272,2.23438,2.89062,-0.3125,0.017334,1.29371,0.902117,2.9931,2.04897,13.1569,0.205427,1.32099,2.70668,2.37356,0.00658899,0,0,0,0,0,-0.137159,-0.410532,0.905175,0.980601,0.210678,0.133457,1.23438,2.89062,2.61095
273,0.914062,9.25,-4.25,60,10.1197,1,9.25,0.914062,86.398,1.58024,8.08159,7.38708,0.548673,0.00302475,0,0,0,1,0,-0.926861,-8.57346,0.999826,1.24153,0.179185,0.936493,-0.0859375,9.25,14.4276
274,2.96875,1.375,0.675781,0.0205078,0.463158,0.678374,1.99563,2.17806,8.72648,0.305738,0.93926,2.04576,4.71896,0.0111698,0,0,0,0,0,-0.0398593,-0.0795445,0.369957,1.04019,-0.104532,0.200285,1.96875,1.375,1.89185
275,1.07031,0.291016,-0.0644531,0.181641,0.271898,0.60715,0.588962,0.720789,0.866413,0.235435,0.71357,0.514334,0.15123,0.0022485,0,0,0,0,0,-0.0772793,-0.0455146,0.944134,0.977336,0.222811,0.153312,0.0703125,0.291016,1.71617
276,1.1875,-0.380859,-0.53125,0.013855,-0.320724,0.37421,0.309554,0.561198,0.410767,0.330436,0.404524,0.227018,4.51332,0.0107682,0,0,0,0,0,0.00206048,0.000637831,0.044405,1.02363,0.0373065,0.259151,0.1875,-0.380859,1.10192
277,1.46094,0.753906,0.488281,0.0153809,0.516043,0.697088,1.03132,1.09782,2.26883,0.199308,0.32709,0.359085,3.93713,0.00964283,0,0,0,0,0,-0.0249882,-0.0257708,0.666001,0.980891,0.209177,0.132351,0.460938,0.753906,1.16612
278,1.27344,1.52344,-0.132812,0.211914,1.19632,0.884214,1.59422,1.15024,3.86459,0.322953,0.961655,1.10614,0.288509,0.00251662,0,0,0,0,0,-0.104987,-0.167372,0.95175,1.01582,0.0546825,0.241432,0.273438,1.52344,2.09003
279,1.625,-0.679688,-0.306641,0.0708008,-0.418269,0.337875,0.366151,0.714101,0.644007,0.593037,0.459984,0.328475,1.15242,0.00420394,0,0,0,0,0,-0.0030568,-0.00111925,0.0579337,1.06916,0.0262107,0.405399,0.625,-0.679688,1.18593
280,1.13281,0.878906,0.0534668,0.0688477,0.775862,0.781085,1.0219,0.925004,1.8999,0.257085,0.403085,0.372855,0.20377,0.00235111,0,0,0,0,0,-0.0400372,-0.0409138,0.865911,0.939622,0.39818,0.194619,0.132812,0.878906,1.367
281,1.19531,0.609375,0.289062,0.024292,0.509804,0.694906,0.839053,0.89568,1.50625,0.228626,0.495679,0.44397,1.85464,0.00557547,0,0,0,0,0,-0.0490808,-0.0411814,0.863214,0.991744,0.129663,0.148858,0.195312,0.609375,1.41139
282,1.3125,2.5625,-1.04688,4.0625,1.95238,0.974554,2.57459,1.28417,8.27762,0.420441,2.84085,3.64815,0.519395,0.00296757,0,0,0,0,0,-0.325786,-0.838767,0.999749,1.03892,0.0293672,0.312586,0.3125,2.5625,5.45697
283,1.44531,2,-0.535156,0.154297,1.38378,0.916788,2.05595,1.34086,6.02484,0.30535,0.938314,1.25815,1.36239,0.00461405,0,0,0,0,0,-0.103005,-0.211773,0.95701,0.983742,0.181051,0.20404,0.445312,2,1.79996
284,1.39062,1.32812,-0.486328,2.60938,0.955056,0.830225,1.4542,1.19245,3.53661,0.34136,1.86114,2.21931,0.301066,0.00254114,0,0,0,0,0,-0.213443,-0.310388,0.999792,1.07025,-0.0660336,0.321014,0.390625,1.32812,3.51392
285,2.09375,2.26562,0.609375,0.0834961,1.08209,0.860394,2.41677,1.8443,9.24224,0.389158,1.23147,2.27121,2.10888,0.00607203,0,0,0,0,0,-0.115427,-0.278961,0.817127,0.997037,0.125519,0.224708,1.09375,2.26562,2.22196
286,2.625,2,0.4375,0.123047,0.761905,0.776942,2.34016,2.13375,10.0292,0.273318,0.528283,1.12722,1.24722,0.0043891,0,0,0,0,0,-0.0563933,-0.131969,0.93061,0.977053,0.217999,0.171566,1.625,2,1.37479
287,3.1875,3.98438,-0.0308838,0.0100098,1.25,0.89435,4.14162,2.90705,25.604,0.111213,0.854111,2.48295,0.308687,0.00255603,0,0,0,0,0,-0.0933228,-0.386507,0.952533,0.997129,0.0758025,0.0793777,2.1875,3.98438,1.67371
288,0.832031,-0.523438,0.172852,0.043457,-0.629108,0.264639,0.134413,0.308606,0.113304,0.448065,0.279171,0.0861537,0.829169,0.0035726,0,0,0,0,0,0.00136276,0.000183172,0.0425555,1.03546,0.0631723,0.339157,-0.167969,-0.523438,1.02431
289,1.125,-0.605469,0.535156,0.0078125,-0.538194,0.295221,0.206359,0.451945,0.246838,0.261574,0.307774,0.139097,6.0546,0.0137785,0,0,0,0,0,-0.00400094,-0.000825629,0.113328,0.967157,0.262635,0.196529,0.125,-0.605469,1.08734
290,1.33594,0.761719,0.310547,0.0429688,0.570175,0.715721,0.996486,1.02195,2.03736,0.229218,0.269304,0.275215,1.49813,0.00487917,0,0,0,0,0,-0.0227519,-0.022672,0.736516,0.988848,0.149013,0.144008,0.335938,0.761719,1.11609
291,3.57812,0.933594,-0.386719,0.0231934,0.260917,0.602922,1.94389,2.39806,9.52938,0.337227,1.28196,3.0742,2.5393,0.00691269,0,0,0,0,0,-0.0508153,-0.0987794,0.345564,1.01712,0.0560885,0.25019,2.57812,0.933594,2.27791
292,1.17188,-0.298828,0.300781,0.0116577,-0.255,0.399362,0.333396,0.581448,0.449234,0.28626,0.308596,0.179433,2.78576,0.00739407,0,0,0,0,0,-0.00989826,-0.00330004,0.279624,0.961985,0.282591,0.209982,0.171875,-0.298828,1.1574
293,3.23438,3.5625,-0.324219,0.022583,1.10145,0.864649,3.78688,2.86102,22.526,0.170202,0.815932,2.3344,2.15748,0.00616696,0,0,0,0,0,-0.0833422,-0.315607,0.890466,0.981773,0.212317,0.117676,2.23438,3.5625,1.54117
294,1.33594,1.9375,-0.878906,3.20312,1.45029,0.926512,1.98216,1.25039,5.49244,0.373202,2.32927,2.91249,0.491084,0.00291227,0,0,0,0,0,-0.267167,-0.529569,0.999929,0.966206,0.258317,0.275102,0.335938,1.9375,4.17135
295,1.38281,1.09375,0.414062,0.12793,0.79096,0.785516,1.26327,1.13472,2.88343,0.296257,0.436967,0.495834,1.15766,0.00421418,0,0,0,0,0,-0.0474974,-0.0600021,0.947606,0.999662,0.101939,0.20051,0.382812,1.09375,1.23538
296,1.03906,0.243164,-0.145508,0.00595093,0.234023,0.592516,0.546675,0.688251,0.772543,0.211476,0.302325,0.208076,1.88623,0.00563716,0,0,0,0,0,-0.012385,-0.00677058,0.357132,0.969114,0.276459,0.151513,0.0390625,0.243164,1.16591
297,1.59375,1.57031,0.11377,0.00958252,0.985294,0.83776,1.70779,1.37525,4.80785,0.126969,0.86094,1.184,1.16221,0.00422307,0,0,0,0,0,-0.0905012,-0.154557,0.916407,0.993055,0.123244,0.0865274,0.59375,1.57031,1.9495
298,0.960938,0.296875,-0.0771484,0.511719,0.308943,0.621318,0.551472,0.657812,0.736839,0.185895,0.796376,0.523866,0.107848,0.00216377,0,0,0,0,0,-0.0907239,-0.0500318,0.99314,0.98794,0.160979,0.116935,-0.0390625,0.296875,1.66702
299,1.44531,1.54688,-0.193359,0.617188,1.07027,0.857751,1.65369,1.26988,4.34729,0.577382,1.84662,2.34498,0.246126,0.00243384,0,0,0,0,0,-0.205933,-0.34055,0.972197,0.986266,0.250526,0.438898,0.445312,1.54688,3.37584
300,2.67188,3.39062,0.316406,0.0222168,1.26901,0.897781,3.5184,2.44257,18.3453,0.390662,1.85967,4.54237,2.12278,0.00609917,0,0,0,0,0,-0.169825,-0.597512,0.796108,1.00375,0.120056,0.268147,1.67188,3.39062,3.63351
301,1.92188,1.98438,-0.320312,0.00982666,1.03252,0.849086,2.13696,1.67499,7.37222,0.190925,0.906077,1.51767,3.23125,0.00826417,0,0,0,0,0,-0.0948289,-0.202646,0.912394,0.990492,0.138069,0.126355,0.921875,1.98438,2.0868
302,1.32031,-0.363281,0.839844,0.0111084,-0.275148,0.391601,0.365985,0.645427,0.55052,0.314225,0.411523,0.265608,7.96843,0.0175165,0,0,0,0,0,-0.0026465,-0.000968577,0.0560639,1.01764,0.0315435,0.222838,0.320312,-0.363281,1.11821
303,1.52344,1.35938,0.322266,0.132812,0.892308,0.813886,1.51138,1.28971,3.94763,0.273547,0.568137,0.732733,0.88429,0.00368025,0,0,0,0,0,-0.0636198,-0.0961538,0.976216,0.973211,0.234796,0.187162,0.523438,1.35938,1.39283
304,3.17188,1.03125,-0.0153809,0.0115356,0.325123,0.627456,1.85303,2.18699,8.21665,0.323093,1.49652,3.27288,0.143205,0.00223282,0,0,0,0,0,-0.0736777,-0.136527,0.4292,0.980824,0.195778,0.214329,2.17188,1.03125,3.00007
305,2.1875,2.5,-0.0371094,0.0245361,1.14286,0.873451,2.63859,1.95261,10.7748,0.169436,1.13806,2.22218,0.236908,0.00241584,0,0,0,0,0,-0.119555,-0.315457,0.915823,0.976431,0.248114,0.125732,1.1875,2.5,2.52341
306,1.44531,0.925781,-0.0124512,0.414062,0.640541,0.739089,1.15529,1.13007,2.61176,0.426655,1.3211,1.49293,0.0193498,0.00199092,0,0,0,0,0,-0.144769,-0.16725,0.955317,0.927022,0.391857,0.278188,0.445312,0.925781,2.5298
307,1.19531,0.609375,-0.371094,1.16406,0.509804,0.694906,0.839053,0.89568,1.50625,0.242488,1.20229,1.07687,0.34395,0.0026249,0,0,0,0,0,-0.13756,-0.11542,0.997447,1.00721,0.0423043,0.169829,0.195312,0.609375,2.67614
308,1.32031,1.21875,-0.353516,0.0952148,0.923077,0.822016,1.34458,1.12474,3.07295,0.243222,0.480076,0.539961,1.14566,0.00419074,0,0,0,0,0,-0.0504086,-0.0677786,0.915381,0.999946,0.0870827,0.173538,0.320312,1.21875,1.41832
309,1.15625,0.558594,-0.394531,0.376953,0.483108,0.685491,0.791953,0.855994,1.35992,0.29375,0.986402,0.844355,0.642596,0.00320819,0,0,0,0,0,-0.110805,-0.087752,0.979287,0.984417,0.179898,0.217856,0.15625,0.558594,1.88775
310,1.85156,1.58594,-0.200195,0.0444336,0.85654,0.80415,1.7837,1.55243,5.59161,0.255421,0.828044,1.28548,0.949726,0.00380806,0,0,0,0,0,-0.0855376,-0.152573,0.900556,0.973098,0.235631,0.186226,0.851562,1.58594,1.87119
311,4.21875,1.875,1.59375,0.041748,0.444444,0.671639,2.78556,3.06904,17.1784,0.451238,1.3641,4.18649,7.80013,0.0171878,0,0,0,0,0,-0.0454585,-0.126628,0.290519,0.937173,0.349929,0.322649,3.21875,1.875,2.42215
312,1.16406,3.6875,-1.96094,6.1875,3.16779,0.999232,3.68776,1.16318,14.9526,0.551908,3.57892,4.16294,0.788327,0.00349283,0,0,0,1,0,-0.410156,-1.51256,0.999088,1.06918,-0.0105324,0.367954,0.164062,3.6875,6.60267
313,0.675781,-0.402344,-0.425781,0.0253906,-0.595376,0.275796,0.114658,0.258264,0.0798469,0.283585,0.258395,0.0667341,2.67208,0.00717204,0,0,0,0,0,-0.010219,-0.00117168,0.344771,0.984112,0.178281,0.194398,-0.324219,-0.402344,1.08398
314,1.23438,2.6875,-0.867188,3.90625,2.17722,0.985268,2.69411,1.21777,8.74121,0.416273,2.88598,3.51446,0.438766,0.00281009,0,0,0,0,0,-0.330952,-0.891622,0.999721,0.980123,0.221894,0.321288,0.234375,2.6875,5.79876
315,1.20312,1.29688,0.269531,0.130859,1.07792,0.859466,1.38446,1.05883,3.03785,0.253684,0.764545,0.809525,0.745087,0.00340837,0,0,0,0,0,-0.0804604,-0.111394,0.917457,0.953527,0.361601,0.16168,0.203125,1.29688,1.62783
316,2.67188,3.14062,-0.0996094,0.0170898,1.17544,0.88009,3.29725,2.40221,16.6424,0.223944,1.46684,3.52365,0.761958,0.00344132,0,0,0,0,0,-0.152859,-0.504013,0.908479,0.972562,0.246938,0.164143,1.67188,3.14062,2.4632
317,1.25781,0.470703,0.333984,0.239258,0.374224,0.645881,0.774197,0.886515,1.38529,0.331299,0.316299,0.280404,0.682799,0.00328672,0,0,0,0,0,-0.0237398,-0.0183793,0.654313,1.00928,0.0862495,0.247737,0.257812,0.470703,1.14627
318,1.19531,0.474609,0.492188,0.0167236,0.397059,0.654338,0.753131,0.851161,1.29168,0.195809,0.272018,0.231531,3.80597,0.00938666,0,0,0,0,0,-0.0181217,-0.013648,0.580776,0.973632,0.280274,0.117446,0.195312,0.474609,1.08165
319,1.375,1.35938,-0.773438,2.53125,0.988636,0.838579,1.47732,1.18732,3.59218,0.334442,1.88863,2.2424,0.486136,0.00290261,0,0,0,0,0,-0.216578,-0.319955,0.999712,1.02453,0.0381793,0.264285,0.375,1.35938,3.63836
320,1.39062,-0.341797,-0.644531,0.0456543,-0.245787,0.402924,0.400273,0.69468,0.642799,0.527286,0.477846,0.33195,3.0165,0.00784472,0,0,0,0,0,-0.00466214,-0.00186613,0.0850558,1.08396,-0.0542808,0.36752,0.390625,-0.341797,1.16056
321,1.42188,-0.488281,-0.126953,0.0410156,-0.343407,0.365646,0.358961,0.660702,0.565381,0.493578,0.482322,0.318671,0.626857,0.00317746,0,0,0,0,0,-0.00178674,-0.00064137,0.0322946,1.05778,0.00227171,0.347099,0.421875,-0.488281,1.1688
322,1.27344,3.15625,-1.32812,5.25,2.47853,0.993404,3.1591,1.26552,11.5815,0.477441,3.27992,4.15082,0.579641,0.00308524,0,0,0,0,0,-0.376156,-1.18832,0.999797,1.07391,-0.00505257,0.386487,0.273438,3.15625,6.6591
323,1.02344,-0.660156,-0.147461,0.00714111,-0.645038,0.259451,0.16141,0.374234,0.166104,0.242518,0.34437,0.128875,1.74499,0.00536132,0,0,0,0,0,-0.00366142,-0.00059099,0.0926897,0.956889,0.310227,0.201242,0.0234375,-0.660156,1.09103
324,1.23438,2.89062,-1.26562,4.28125,2.34177,0.990404,2.89452,1.22394,9.8763,0.432345,3.07153,3.75938,0.611674,0.0031478,0,0,0,0,0,-0.352256,-1.01961,0.999794,1.05468,-0.0808673,0.263926,0.234375,2.89062,5.23191
325,1.10938,-0.347656,0.133789,0.0109863,-0.31338,0.376996,0.292141,0.527148,0.363232,0.307976,0.348552,0.183739,1.27642,0.00444614,0,0,0,0,0,-0.0076679,-0.00224011,0.191785,0.926919,0.427143,0.223107,0.109375,-0.347656,1.21365
326,1.42969,-0.209961,0.306641,0.00909424,-0.146858,0.441622,0.468328,0.764179,0.8033,0.252361,0.828789,0.633343,3.21549,0.00823337,0,0,0,0,0,-0.0427175,-0.0200058,0.449334,0.947048,0.372174,0.183989,0.429688,-0.209961,1.72389
327,1.33594,3.51562,-1.42969,7.21875,2.63158,0.995751,3.51724,1.33117,14.143,0.556829,3.61727,4.8152,0.532121,0.00299242,0,0,0,0,0,-0.414885,-1.45925,0.999892,1.05552,0.0571287,0.39974,0.335938,3.51562,6.97893
328,1.14844,-0.515625,0.0339355,0.0288086,-0.44898,0.326723,0.245988,0.493304,0.303859,0.447056,0.512074,0.252608,0.199937,0.00234363,0,0,0,0,0,-0.00350345,-0.000861806,0.0596444,1.02497,0.0841626,0.324278,0.148438,-0.515625,1.23553
329,1.16406,0.392578,0.189453,0.0361328,0.337248,0.632035,0.689051,0.806967,1.12599,0.17069,0.257766,0.208009,0.996669,0.00389974,0,0,0,0,0,-0.0223314,-0.0153875,0.75526,0.990813,0.135352,0.129749,0.164062,0.392578,1.12703
330,1.79688,2.14062,-1.11719,0.0673828,1.1913,0.883233,2.24181,1.62123,7.65409,0.269427,0.846687,1.37267,4.30379,0.010359,0,0,0,0,0,-0.0905766,-0.203055,0.93261,0.970602,0.258948,0.163435,0.796875,2.14062,1.71631
331,4.34375,1.125,0.5625,0.0341797,0.258993,0.60218,2.3545,2.90872,14.0043,0.435027,1.51859,4.41717,3.04256,0.00789562,0,0,0,0,0,-0.0648271,-0.152635,0.372153,0.949039,0.315186,0.319289,3.34375,1.125,3.00003
332,1.01562,5.875,-1.89844,11.6875,5.78462,1,5.875,1.01562,35.5471,0.704901,5.45507,5.54031,0.55531,0.00303771,0,0,0,1,0,-0.625411,-3.67429,0.999474,1.04715,0.148546,0.492905,0.015625,5.875,10.0744
333,1.28906,1.42188,-0.804688,2.45312,1.10303,0.864993,1.51101,1.14066,3.58424,0.32784,1.88263,2.14743,0.513768,0.00295658,0,0,0,0,0,-0.215923,-0.326261,0.999865,1.02006,0.0219747,0.224484,0.289062,1.42188,4.24596
334,2.29688,1.90625,-0.0454102,0.0844727,0.829932,0.796711,2.16628,1.909,8.33706,0.28056,0.488239,0.93205,0.156241,0.00225828,0,0,0,0,0,-0.0492971,-0.106791,0.880229,0.974582,0.224441,0.23797,1.29688,1.90625,1.39325
335,2.3125,2.34375,0.130859,0.00576782,1.01351,0.844593,2.53374,2.00733,10.4492,0.241051,0.986287,1.97981,1.72305,0.00531846,0,0,0,0,0,-0.0774759,-0.196304,0.684811,0.989174,0.151466,0.188984,1.3125,2.34375,2.01339
336,1.44531,1.35156,-0.816406,0.890625,0.935135,0.825141,1.48678,1.23427,3.73392,0.550793,1.66572,2.05594,0.865085,0.00364274,0,0,0,0,0,-0.188541,-0.280318,0.986758,0.979306,0.248904,0.393799,0.445312,1.35156,3.49933
337,1.19531,0.695312,0.15625,0.0410156,0.581699,0.719615,0.902052,0.917621,1.65573,0.222376,0.435262,0.399405,0.771517,0.00345999,0,0,0,0,0,-0.0424446,-0.0382873,0.850118,0.998968,0.0844283,0.155604,0.195312,0.695312,1.25241
338,3.39062,0.9375,-0.359375,0.0098877,0.276498,0.608917,1.87571,2.288,8.75323,0.232763,1.17207,2.6817,3.6141,0.00901192,0,0,0,0,0,-0.0452302,-0.0848386,0.33642,0.935355,0.460869,0.165422,2.39062,0.9375,2.01027
339,1.27344,0.251953,0.0566406,0.029541,0.197853,0.57842,0.640618,0.830425,1.1,0.180133,0.256527,0.213027,0.329545,0.00259677,0,0,0,0,0,-0.0211657,-0.0135592,0.719294,1.02912,-0.155706,0.132969,0.273438,0.251953,1.02352
340,2.20312,1.57031,0.455078,0.0174561,0.712766,0.762005,1.88186,1.76263,6.64825,0.296537,1.11733,1.96943,3.44439,0.00868046,0,0,0,0,0,-0.0960229,-0.180702,0.749206,1.02054,0.013671,0.217832,1.20312,1.57031,2.41566
341,1.28906,1.32812,-0.738281,2.39062,1.0303,0.848566,1.43089,1.12294,3.30844,0.324793,1.82004,2.0438,0.477492,0.00288573,0,0,0,0,0,-0.208727,-0.298665,0.999781,0.989634,0.165254,0.247011,0.289062,1.32812,4.09804
342,2.5,0.578125,0.106934,0.0235596,0.23125,0.59144,1.31089,1.65395,4.45397,0.417818,1.3435,2.22209,0.696675,0.00331382,0,0,0,0,0,-0.0640923,-0.0840178,0.415885,1.03502,0.0300035,0.298646,1.5,0.578125,2.56734
343,2.04688,1.97656,-0.102539,0.0258789,0.965649,0.83289,2.15897,1.75903,7.75535,0.186498,0.591213,1.03996,0.637406,0.00319806,0,0,0,0,0,-0.060112,-0.12978,0.886388,0.971546,0.292703,0.120723,1.04688,1.97656,1.49575
344,2.54688,1.33594,-0.259766,0.0168457,0.52454,0.700048,1.81171,1.92123,6.97342,0.295534,1.21627,2.33672,2.00141,0.00586214,0,0,0,0,0,-0.0824103,-0.149304,0.59069,0.976531,0.215389,0.217873,1.54688,1.33594,2.30568
345,1.78125,0.628906,-1.10156,0.0493164,0.35307,0.637982,1.07236,1.24359,2.69645,0.504746,0.431178,0.536207,4.96036,0.0116413,0,0,0,0,0,-0.00898454,-0.00963462,0.181654,0.978919,0.217016,0.29035,0.78125,0.628906,1.16336
346,1.39844,-0.0947266,0.355469,0.0116577,-0.0677374,0.472997,0.513413,0.782602,0.876059,0.311083,0.805648,0.630502,3.29226,0.00838333,0,0,0,0,0,-0.0383865,-0.0197082,0.415375,0.957258,0.306371,0.205346,0.398438,-0.0947266,1.92368
347,1.05469,5.15625,-1.84375,9.5625,4.88889,0.999999,5.15625,1.05469,27.6993,0.639254,4.86894,5.13521,0.596233,0.00311764,0,0,0,1,0,-0.558285,-2.87866,0.999605,1.06938,0.0196575,0.399071,0.0546875,5.15625,9.20805
348,0.882812,2.17188,0.220703,0.925781,2.46018,0.993057,2.17396,0.877055,5.49533,0.291031,1.53221,1.34383,0.229379,0.00240113,0,0,0,0,0,-0.175434,-0.381387,0.998169,0.982706,0.185217,0.181202,-0.117188,2.17188,2.78347
349,1.48438,2.01562,0.269531,0.0688477,1.35789,0.912751,2.07614,1.37245,6.19398,0.268157,0.956405,1.31262,1.02722,0.00395942,0,0,0,0,0,-0.0989902,-0.205517,0.902313,0.984899,0.176506,0.142158,0.484375,2.01562,1.64052
350,1.125,4.71875,-1.96875,8.9375,4.19444,0.999986,4.71875,1.12498,23.5322,0.619797,4.53304,5.0996,0.658541,0.00323934,0,0,0,1,0,-0.51984,-2.453,0.999739,0.997058,0.205031,0.395197,0.125,4.71875,8.51218
351,2.10938,1.97656,-0.386719,0.0247803,0.937037,0.82563,2.17332,1.80206,7.97075,0.162293,0.476759,0.859151,2.45664,0.00675126,0,0,0,0,0,-0.0509162,-0.110657,0.931029,0.988037,0.158897,0.120608,1.10938,1.97656,1.37354
352,1.39062,-0.566406,0.488281,0.0864258,-0.407303,0.341893,0.318868,0.616114,0.481274,0.610703,0.485526,0.299139,1.66092,0.00519711,0,0,0,0,0,0.000464941,0.000148255,0.0083482,1.05693,0.0644954,0.412715,0.390625,-0.566406,1.27809
353,1.08594,0.231445,-0.832031,0.714844,0.213129,0.584387,0.556871,0.712822,0.81822,0.197521,0.841471,0.599819,0.984088,0.00387517,0,0,0,0,0,-0.0960051,-0.0534625,0.99463,1.03237,-0.149163,0.14754,0.0859375,0.231445,1.77698
354,1.59375,-0.378906,0.523438,0.00442505,-0.237745,0.406039,0.463385,0.800869,0.856116,0.195254,0.443229,0.354968,7.86875,0.0173218,0,0,0,0,0,0.0179409,0.00831356,0.352877,1.00612,0.0306028,0.145533,0.59375,-0.378906,1.23887
355,1.46094,1.65625,-0.871094,0.9375,1.13369,0.871538,1.75075,1.30144,4.75888,0.55052,1.95345,2.54229,0.899662,0.00371028,0,0,0,0,0,-0.221551,-0.387882,0.988733,0.995754,0.179985,0.33465,0.460938,1.65625,3.34192
356,1.1875,-0.316406,-0.410156,0.0585938,-0.266447,0.394947,0.332914,0.584246,0.452176,0.508486,0.430617,0.251586,1.69443,0.00526256,0,0,0,0,0,-0.000147569,-4.91277e-05,0.00298751,1.03653,0.0650272,0.345415,0.1875,-0.316406,1.12668
357,2.25,2.125,0.057373,0.00531006,0.944444,0.827529,2.33245,1.92513,9.14645,0.240335,0.940907,1.81137,0.787333,0.00349088,0,0,0,0,0,-0.0729041,-0.170045,0.675479,1.00102,0.0794162,0.170766,1.25,2.125,2.06269
358,1.39062,0.921875,0.116699,0.036377,0.662921,0.74631,1.13521,1.09502,2.48778,0.215612,0.627444,0.687066,0.611864,0.00314817,0,0,0,0,0,-0.0628934,-0.0713972,0.87385,1.00682,0.0178772,0.13624,0.390625,0.921875,1.58865
359,1.23438,4.3125,-1.83594,8.9375,3.49367,0.999762,4.31258,1.23409,20.1213,0.617514,4.25155,5.24678,0.614115,0.00315257,0,0,0,1,0,-0.487587,-2.10276,0.999796,1.07424,0.0397977,0.434222,0.234375,4.3125,7.6386
360,1.05469,-0.176758,0.0844727,0.00762939,-0.167593,0.433452,0.334553,0.557105,0.422291,0.254559,0.266398,0.148411,0.967099,0.00384199,0,0,0,0,0,-0.0123644,-0.00413654,0.404621,0.94899,0.343377,0.207403,0.0546875,-0.176758,1.18099
361,1.42188,1.49219,0.222656,0.078125,1.04945,0.853015,1.60158,1.24371,4.11187,0.235786,0.784231,0.975356,0.796599,0.00350898,0,0,0,0,0,-0.0805434,-0.128997,0.89535,0.964534,0.286056,0.175809,0.421875,1.49219,1.56288
362,1.45312,0.761719,0.511719,0.0771484,0.524194,0.699928,1.03336,1.09599,2.26902,0.19289,0.267877,0.293591,1.84233,0.00555143,0,0,0,0,0,-0.0257962,-0.0266567,0.83951,1.00495,0.0160759,0.116952,0.453125,0.761719,1.01905
363,2.59375,0.296875,-0.105957,0.0158691,0.114458,0.545563,1.18854,1.61641,4.0254,0.284597,0.827941,1.33829,0.841111,0.00359592,0,0,0,0,0,-0.0251809,-0.0299284,0.265142,0.961049,0.288785,0.205051,1.59375,0.296875,2.02992
364,1.71875,2.5,0.0898438,0.161133,1.45455,0.927102,2.55688,1.6096,9.12847,0.424901,1.44732,2.32962,0.223818,0.00239027,0,0,0,0,0,-0.152132,-0.388983,0.91635,0.957731,0.288449,0.309673,0.71875,2.5,3.01146
365,1.09375,2.79688,-2.1875,0.566406,2.55714,0.994723,2.79874,1.08842,9.01763,0.864004,2.55533,2.78126,2.90659,0.00763006,0,0,0,0,0,-0.29117,-0.81491,0.993361,1.05451,0.185949,0.56878,0.09375,2.79688,4.43951
366,1.86719,1.32031,0.761719,0.0168457,0.707113,0.760252,1.5869,1.49115,4.74176,0.349895,0.872192,1.30057,5.86881,0.0134156,0,0,0,0,0,-0.0741857,-0.117725,0.741507,1.04029,-0.0126229,0.274373,0.867188,1.32031,2.05562
367,1.65625,1.875,-0.10791,0.12793,1.13208,0.871199,1.98253,1.4749,6.10575,0.29606,0.959029,1.41447,0.301701,0.00254238,0,0,0,0,0,-0.101744,-0.201711,0.924881,0.988821,0.154666,0.195757,0.65625,1.875,1.98668
368,1.11719,1.41406,-0.847656,1.89844,1.26573,0.897196,1.46778,1.02089,3.1966,0.293537,1.72503,1.76107,0.615207,0.0031547,0,0,0,0,0,-0.197831,-0.290372,0.99978,1.01263,0.026341,0.187951,0.117188,1.41406,3.50028
369,2.32812,1.6875,-0.166992,0.00909424,0.724832,0.765723,2.00996,1.86988,7.53639,0.258024,1.04132,1.94714,1.75111,0.00537326,0,0,0,0,0,-0.0637422,-0.12812,0.533642,0.965394,0.278073,0.18158,1.32812,1.6875,1.9572
370,0.808594,-0.318359,-0.0291748,0.00534058,-0.39372,0.346894,0.18939,0.361891,0.166834,0.160364,0.146122,0.0528802,0.399221,0.00273285,0,0,0,0,0,-0.00930021,-0.00176137,0.554861,0.99717,0.0792432,0.104275,-0.191406,-0.318359,1.04149
371,2.9375,3.64062,-0.161133,0.0223389,1.23936,0.892394,3.78802,2.67553,21.5075,0.233572,1.72778,4.62271,1.07809,0.00405876,0,0,0,0,0,-0.177893,-0.673863,0.897591,0.987191,0.159545,0.160503,1.9375,3.64062,3.75489
372,1.6875,2.23438,0.18457,0.197266,1.32407,0.907261,2.3077,1.55347,7.73874,0.347641,1.12744,1.75144,0.415562,0.00276477,0,0,0,0,0,-0.122351,-0.28235,0.946071,0.95557,0.297547,0.256959,0.6875,2.23438,2.0903
373,1.17188,0.337891,-0.347656,0.496094,0.288333,0.613454,0.657129,0.794923,1.06372,0.48913,0.932012,0.740878,0.493592,0.00291717,0,0,0,0,0,-0.101543,-0.066727,0.949809,0.995261,0.179434,0.330233,0.171875,0.337891,1.87797
374,1.33594,2.45312,0.527344,1.51562,1.83626,0.96684,2.47081,1.29662,7.78613,0.31086,1.5132,1.96204,0.428349,0.00278974,0,0,0,0,0,-0.172723,-0.426766,0.995088,1.01715,0.041855,0.232475,0.335938,2.45312,3.00325
375,3.17188,3.92188,0.816406,0.0292969,1.23645,0.891855,4.08176,2.88796,25.0011,0.316196,1.91969,5.544,4.76975,0.011269,0,0,0,0,0,-0.203231,-0.829542,0.922924,0.937189,0.371592,0.243518,2.17188,3.92188,4.17014
376,2.39062,3.20312,-0.134766,0.0175781,1.33987,0.909856,3.30401,2.20522,15.7794,0.17013,1.32263,2.9167,1.01647,0.00393841,0,0,0,0,0,-0.145653,-0.481237,0.960032,1.01144,-0.0336077,0.121743,1.39062,3.20312,2.69663
377,1.28125,1.34375,-1.07031,2.29688,1.04878,0.85286,1.44245,1.12054,3.33627,0.319331,1.81114,2.02946,0.706223,0.00333247,0,0,0,0,0,-0.207725,-0.299632,0.99987,0.989311,0.152964,0.199168,0.28125,1.34375,3.65502
378,1.13281,-0.390625,-0.193359,0.0111694,-0.344828,0.365112,0.285402,0.525826,0.357948,0.294546,0.361422,0.190045,1.82957,0.00552651,0,0,0,0,0,0.00513593,0.00146581,0.123883,0.998613,0.106724,0.199555,0.132812,-0.390625,1.15859
379,2.39062,1.96094,-0.332031,0.0830078,0.820261,0.793966,2.23715,1.98062,8.92768,0.287347,0.507142,1.00446,1.15244,0.00420399,0,0,0,0,0,-0.0518237,-0.115937,0.890852,0.981421,0.19197,0.198193,1.39062,1.96094,1.35309
380,1.28906,1.64844,-0.5,2.79688,1.27879,0.899514,1.70908,1.17988,4.31308,0.350532,2.06686,2.43864,0.298974,0.00253706,0,0,0,0,0,-0.237061,-0.405156,0.999897,1.05224,-0.0615382,0.271625,0.289062,1.64844,3.67297
381,1.35938,1.82031,-0.652344,0.503906,1.33908,0.909728,1.87776,1.25382,5.09805,0.304889,0.957375,1.20038,0.918971,0.00374799,0,0,0,0,0,-0.10748,-0.201821,0.978704,1.03024,-0.0508574,0.202071,0.359375,1.82031,1.78596
382,1.21094,1.15625,-0.292969,0.074707,0.954839,0.83017,1.26607,1.03832,2.68104,0.249886,0.543484,0.56431,1.07187,0.00404661,0,0,0,0,0,-0.0585962,-0.0741868,0.939916,0.953315,0.339703,0.184116,0.210938,1.15625,1.3655
383,2.39062,1.72656,-0.369141,0.0134277,0.722222,0.764921,2.05918,1.91846,7.92073,0.2179,0.762038,1.46194,3.18559,0.00817499,0,0,0,0,0,-0.0636938,-0.131157,0.728664,0.98442,0.175863,0.172629,1.39062,1.72656,1.45845
384,1.9375,1.875,-1.02344,0.0820312,0.967742,0.833413,2.04708,1.66576,6.96527,0.315065,0.765105,1.27448,3.57332,0.00893226,0,0,0,0,0,-0.080991,-0.165795,0.922832,0.98543,0.176464,0.223502,0.9375,1.875,1.56427
385,1.0625,0.408203,-0.201172,0.132812,0.384191,0.649582,0.660733,0.752219,1.0024,0.320163,0.893077,0.67179,0.552011,0.00303127,0,0,0,0,0,-0.0918836,-0.0607105,0.896925,0.976455,0.22133,0.270843,0.0625,0.408203,2.16102
386,1.69531,1.88281,-0.0127563,0.00735474,1.1106,0.86663,1.99817,1.50261,6.25052,0.105758,0.902431,1.356,0.148745,0.00224364,0,0,0,0,0,-0.0945797,-0.188986,0.913672,0.981599,0.289467,0.0719183,0.695312,1.88281,1.94113
387,0.988281,5.375,-1.75781,10.75,5.43874,1,5.375,0.988281,29.8673,0.674775,5.0144,4.95563,0.536128,0.00300025,0,0,0,1,0,-0.57499,-3.09057,0.99965,1.1124,-0.0798156,0.413951,-0.0117188,5.375,9.55142
388,2.54688,1.86719,0.0368652,0.117188,0.733129,0.76826,2.21486,2.05105,9.11242,0.288115,0.502139,1.02991,0.10769,0.00216346,0,0,0,0,0,-0.0528982,-0.117162,0.918383,0.977576,0.211591,0.190947,1.54688,1.86719,1.45537
389,2.48438,2.21875,-0.554688,0.0102539,0.893082,0.814093,2.46636,2.10355,10.5079,0.226658,1.12522,2.36696,5.47777,0.0126519,0,0,0,0,0,-0.108183,-0.266819,0.838165,0.969426,0.263488,0.167502,1.48438,2.21875,1.99044
390,2.5625,1.11719,0.205078,0.0175781,0.435976,0.668573,1.67814,1.85704,6.26472,0.292003,1.01959,1.89341,1.5468,0.00497421,0,0,0,0,0,-0.058391,-0.097988,0.499262,0.939849,0.369452,0.228698,1.5625,1.11719,2.01591
391,2.0625,1.28906,-0.5625,0.0507812,0.625,0.734014,1.62429,1.60479,5.21369,0.339436,0.449704,0.721681,2.49615,0.00682842,0,0,0,0,0,-0.0381408,-0.0619519,0.739385,0.920959,0.428479,0.250266,1.0625,1.28906,1.40716
392,1.15625,1.21875,-0.839844,1.83594,1.05405,0.854071,1.30693,1.01237,2.73295,0.283901,1.64067,1.66096,0.619826,0.00316372,0,0,0,0,0,-0.188181,-0.24594,0.99991,0.987193,0.162262,0.191913,0.15625,1.21875,3.08601
393,1.60938,1.9375,0.138672,0.0927734,1.20388,0.885683,2.02518,1.45614,6.22171,0.287953,0.976049,1.42126,0.455278,0.00284234,0,0,0,0,0,-0.102352,-0.207282,0.914179,1.00295,0.0900701,0.208449,0.609375,1.9375,2.07557
394,3.57812,4.5,0.0332031,0.0148315,1.25764,0.895739,4.67435,3.26641,32.5189,0.18136,0.963008,3.14558,0.272638,0.00248562,0,0,0,0,0,-0.105013,-0.490865,0.950645,0.972801,0.269123,0.132124,2.57812,4.5,1.85291
395,2.01562,-0.176758,0.109375,0.00485229,-0.0876938,0.46506,0.719891,1.11491,1.76126,0.222211,0.850897,0.94867,1.57016,0.00501985,0,0,0,0,0,-0.0362323,-0.0260833,0.371215,1.02105,-0.0334802,0.175482,1.01562,-0.176758,1.62163
396,1.66406,1.01562,0.386719,0.12793,0.610329,0.729178,1.29197,1.28886,3.33034,0.271872,0.406774,0.524274,1.08121,0.00406486,0,0,0,0,0,-0.0424335,-0.0548229,0.909415,0.983115,0.183317,0.172351,0.664062,1.01562,1.30188
397,1.00781,-0.0708008,-0.192383,0.180664,-0.0702519,0.471997,0.368735,0.563168,0.453123,0.269058,0.645805,0.363697,0.452617,0.00283714,0,0,0,0,0,-0.0646162,-0.0238262,0.872261,0.967261,0.257556,0.21364,0.0078125,-0.0708008,1.54479
398,1.55469,-0.972656,0.703125,0.0834961,-0.625628,0.265779,0.252459,0.578435,0.398322,0.64631,0.470175,0.271966,2.43332,0.00670571,0,0,0,0,0,-0.00364258,-0.000919601,0.0675393,0.982308,0.239785,0.389537,0.554688,-0.972656,1.35511
399,3.04688,3.10938,-0.289062,0.02771,1.02051,0.846257,3.3566,2.64872,18.2825,0.252216,1.5772,4.17755,1.7365,0.00534472,0,0,0,0,0,-0.157338,-0.528122,0.869669,0.953936,0.314571,0.219972,2.04688,3.10938,3.42261
400,1.98438,3.125,-0.208008,0.097168,1.5748,0.942349,3.17173,1.88931,13.6294,0.412635,1.44319,2.72664,0.667295,0.00325644,0,0,0,0,0,-0.149472,-0.474085,0.902905,1.01994,0.105238,0.331863,0.984375,3.125,2.80743
401,4.1875,1.66406,-0.0583496,0.015564,0.397388,0.654459,2.6393,2.98229,15.8599,0.275359,1.08293,3.2296,0.467711,0.00286662,0,0,0,0,0,-0.0571356,-0.150798,0.459954,0.943352,0.376122,0.198979,3.1875,1.66406,2.15771
402,1.96094,1.76562,-0.0600586,0.00389099,0.900398,0.816046,1.95898,1.6628,6.60251,0.0520473,0.436899,0.726476,0.96282,0.00383363,0,0,0,0,0,-0.0476042,-0.0932557,0.949885,0.995672,0.160028,0.029751,0.960938,1.76562,1.26995
403,1.17969,0.431641,-0.691406,1.04688,0.365894,0.642778,0.719846,0.82835,1.20434,0.220676,1.01774,0.843043,0.67575,0.00327295,0,0,0,0,0,-0.116635,-0.0839592,0.999078,0.964763,0.296502,0.15982,0.179688,0.431641,2.21345
404,1.65625,1.75781,-0.162109,0.0228271,1.06132,0.855728,1.88238,1.45241,5.65284,0.159841,0.800385,1.16249,1.07296,0.00404874,0,0,0,0,0,-0.0847636,-0.159557,0.923246,0.977777,0.238295,0.125015,0.65625,1.75781,1.84822
405,2.75,2.40625,-0.341797,0.0717773,0.875,0.809213,2.68775,2.31982,12.6055,0.270758,0.601204,1.39468,1.27578,0.00444487,0,0,0,0,0,-0.0636597,-0.171101,0.923102,0.962165,0.311786,0.160218,1.75,2.40625,1.54575
406,0.898438,-0.539062,0.667969,0.0088501,-0.6,0.274253,0.151435,0.341959,0.139868,0.31056,0.351483,0.120193,7.10039,0.0158211,0,0,0,0,0,0.0174128,0.00263691,0.431888,0.995602,0.138713,0.241007,-0.101562,-0.539062,1.1009
407,1.13281,0.660156,-0.59375,1.17188,0.582759,0.719972,0.855797,0.869925,1.48916,0.234357,1.18186,1.02813,0.548483,0.00302438,0,0,0,0,0,-0.135402,-0.115876,0.99877,1.01773,-0.0205632,0.169684,0.132812,0.660156,2.30088
408,1.44531,1.49219,-0.933594,0.769531,1.03243,0.849065,1.60696,1.25963,4.16897,0.555435,1.82594,2.3,1.06425,0.00403174,0,0,0,0,0,-0.206517,-0.331864,0.985999,1.01127,0.157646,0.375613,0.445312,1.49219,3.20273
409,1.27344,0.621094,0.871094,0.0383301,0.48773,0.687129,0.875971,0.944726,1.65983,0.162905,0.28354,0.267868,4.44933,0.0106432,0,0,0,0,0,-0.0250152,-0.0219126,0.769123,0.982414,0.213689,0.109766,0.273438,0.621094,1.17659
410,1.16406,1.14844,-0.824219,1.78906,0.986577,0.838075,1.24863,1.00474,2.56859,0.282463,1.60351,1.61111,0.616211,0.00315666,0,0,0,0,0,-0.183876,-0.229594,0.999681,1.02697,-0.0344012,0.201934,0.164062,1.14844,2.94827
411,1.52344,1.46094,0.237305,0.157227,0.958974,0.831214,1.59818,1.30739,4.26345,0.238057,0.91508,1.19637,0.598471,0.00312201,0,0,0,0,0,-0.093032,-0.148682,0.886299,0.993374,0.127095,0.181361,0.523438,1.46094,1.9503
412,2.875,0.945312,0.0795898,0.0227051,0.328804,0.628848,1.68634,1.98555,6.78616,0.408641,1.42948,2.8383,0.528197,0.00298476,0,0,0,0,0,-0.0667845,-0.112621,0.407292,0.947167,0.323446,0.281694,1.875,0.945312,2.83611
413,1.49219,-0.554688,-0.679688,0.0449219,-0.371728,0.355048,0.361396,0.678882,0.591487,0.531959,0.473523,0.321466,3.20686,0.00821653,0,0,0,0,0,-0.00331379,-0.00119759,0.0610086,0.989298,0.240999,0.432808,0.492188,-0.554688,1.1664
414,3.28125,1.63281,0.108887,0.0184326,0.497619,0.690624,2.27779,2.44519,11.1673,0.306383,1.11518,2.72682,0.802013,0.00351956,0,0,0,0,0,-0.0758806,-0.17284,0.59319,0.988202,0.160626,0.209049,2.28125,1.63281,2.45078
415,0.90625,5.15625,-1.71875,10.1875,5.68966,1,5.15625,0.90625,27.4082,0.656053,4.7988,4.34891,0.538492,0.00300487,0,0,0,1,0,-0.550267,-2.83732,0.999649,1.05422,0.0552806,0.393549,-0.09375,5.15625,9.12702
416,1.90625,1.20312,-0.734375,0.496094,0.631148,0.736028,1.51014,1.48608,4.48895,0.448361,0.409784,0.608971,1.04264,0.00398954,0,0,0,0,0,-0.03674,-0.0554825,0.781611,0.927904,0.372956,0.362827,0.90625,1.20312,1.30114
417,3.59375,0.957031,0.855469,0.0324707,0.266304,0.604998,1.96472,2.41423,9.68862,0.434945,1.71674,4.1446,4.74743,0.0112254,0,0,0,0,0,-0.0827586,-0.162598,0.420258,0.987039,0.20158,0.323564,2.59375,0.957031,3.52236
418,1.40625,0.789062,0.0471191,0.0612793,0.561111,0.712639,1.03925,1.07275,2.23085,0.177418,0.288327,0.309304,0.190345,0.00232489,0,0,0,0,0,-0.0281011,-0.0292042,0.849657,0.994869,0.102367,0.117977,0.40625,0.789062,1.05284
419,1.13281,-1.03906,-0.220703,0.109375,-0.917241,0.179508,0.108925,0.322697,0.115998,0.702149,0.465121,0.150093,0.667344,0.00325653,0,0,0,0,0,-0.00718594,-0.000782731,0.134687,0.988107,0.299702,0.55695,0.132812,-1.03906,1.24482
420,1.4375,0.216797,0.773438,0.0385742,0.150815,0.559939,0.684839,0.915227,1.30664,0.231311,0.203208,0.185981,3.93801,0.00964455,0,0,0,0,0,-0.0102195,-0.00699871,0.438425,0.983901,0.179126,0.166959,0.4375,0.216797,1.06583
421,1.52344,1.52344,-1.03125,3.125,1,0.841345,1.65159,1.31863,4.46656,0.371111,2.09226,2.75893,0.583363,0.00309251,0,0,0,0,0,-0.239952,-0.396303,0.999803,1.00937,0.0865253,0.248758,0.523438,1.52344,3.90424
422,1.5,-0.6875,0.292969,0.0162354,-0.458333,0.323356,0.316205,0.639875,0.509425,0.354188,0.450432,0.28822,2.29927,0.00644389,0,0,0,0,0,0.0064657,0.00204449,0.125139,0.99602,0.145447,0.260386,0.5,-0.6875,1.2028
423,0.996094,1.63281,-0.859375,1.96875,1.63922,0.949416,1.65365,0.952841,3.64247,0.295607,1.87629,1.78781,0.612474,0.00314936,0,0,0,0,0,-0.215191,-0.355851,0.999838,0.977267,0.21275,0.230436,-0.00390625,1.63281,3.66368
424,0.550781,-0.535156,-0.12793,0.0493164,-0.971631,0.165617,0.0486051,0.14838,0.024379,0.468449,0.373769,0.0554598,0.57607,0.00307826,0,0,0,0,0,-0.024188,-0.00117566,0.56416,0.928411,0.371686,0.381526,-0.449219,-0.535156,1.14478
425,2.48438,0.597656,0.0135498,0.0153809,0.240566,0.595054,1.31745,1.65028,4.45912,0.33779,1.14012,1.88152,0.109255,0.00216651,0,0,0,0,0,-0.056104,-0.0739143,0.428993,0.963452,0.268041,0.258812,1.48438,0.597656,2.32824
426,2.57812,2.51562,-0.371094,0.0133667,0.975758,0.835408,2.74159,2.22023,12.4458,0.329649,1.32224,2.93568,3.20975,0.00822217,0,0,0,0,0,-0.0929189,-0.254746,0.612634,0.947367,0.34424,0.217729,1.57812,2.51562,2.28351
427,1.21094,0.824219,0.265625,0.0878906,0.680645,0.751952,1.00482,0.958916,1.92919,0.194474,0.512237,0.491192,0.895979,0.00370308,0,0,0,0,0,-0.0532998,-0.0535568,0.907113,0.949306,0.436901,0.13348,0.210938,0.824219,1.34021
428,1.10156,0.230469,-0.707031,0.308594,0.20922,0.582862,0.562138,0.721861,0.837082,0.220113,0.738805,0.533314,1.27276,0.00443898,0,0,0,0,0,-0.082693,-0.0464849,0.975766,0.981717,0.190369,0.187296,0.101562,0.230469,1.49356
429,2.46875,2.26562,0.0546875,0.0500488,0.917722,0.820618,2.50283,2.10077,10.6774,0.311218,0.718625,1.50967,0.244451,0.00243057,0,0,0,0,0,-0.0714564,-0.178843,0.866853,0.992387,0.137241,0.197793,1.46875,2.26562,1.56704
430,1.10938,0.175781,-0.059082,0.166992,0.158451,0.562949,0.532753,0.709491,0.787203,0.205946,0.618649,0.438926,0.14458,0.00223551,0,0,0,0,0,-0.0677073,-0.0360712,0.954108,0.974698,0.239121,0.15418,0.109375,0.175781,1.47727
431,1.00781,0.0158691,0.0751953,0.0634766,0.0157461,0.506282,0.41207,0.592447,0.520795,0.282982,0.534693,0.316778,0.298459,0.00253605,0,0,0,0,0,-0.0436862,-0.0180018,0.712273,0.992267,0.135268,0.18904,0.0078125,0.0158691,1.46462
432,4.1875,0.882812,0.753906,0.0319824,0.210821,0.583486,2.1412,2.74599,12.1252,0.418246,1.53012,4.20169,4.21562,0.0101868,0,0,0,0,0,-0.067686,-0.144929,0.385638,0.921358,0.41242,0.274615,3.1875,0.882812,3.23178
433,1.17969,2.375,-0.96875,3.28125,2.01325,0.977956,2.38464,1.15673,7.02452,0.386052,2.57246,2.97564,0.534801,0.00299766,0,0,0,0,0,-0.294973,-0.703404,0.999634,1.02231,0.0801907,0.307254,0.179688,2.375,5.02738
434,1.21875,2.85938,0.714844,1.95312,2.34615,0.990516,2.86319,1.20854,9.65841,0.339976,1.87128,2.26151,0.511501,0.00295215,0,0,0,0,0,-0.214163,-0.613188,0.997729,0.981582,0.198373,0.251812,0.21875,2.85938,3.63882
435,1.10938,0.458984,-0.314453,0.8125,0.413732,0.660465,0.710777,0.795926,1.1387,0.209273,0.963284,0.766703,0.348854,0.00263448,0,0,0,0,0,-0.110088,-0.0782481,0.996307,0.997449,0.082363,0.123455,0.109375,0.458984,2.34896
436,3.25,0.808594,-0.126953,0.00854492,0.248798,0.598242,1.74052,2.16663,7.72367,0.260633,1.21046,2.62262,1.37338,0.0046355,0,0,0,0,0,-0.0505892,-0.0880513,0.364346,0.985892,0.168898,0.191469,2.25,0.808594,2.01636
437,1.92969,0.964844,0.105469,0.0410156,0.5,0.691462,1.34249,1.43956,3.8746,0.253578,0.343637,0.494686,0.520774,0.00297026,0,0,0,0,0,-0.028807,-0.038673,0.73081,1.01547,0.00280899,0.17938,0.929688,0.964844,1.21527
438,1.98438,1.07812,0.197266,0.0128784,0.543307,0.706541,1.43968,1.50559,4.33947,0.289339,0.882426,1.32857,1.73828,0.00534821,0,0,0,0,0,-0.0544867,-0.0784432,0.538293,0.945727,0.344312,0.230507,0.984375,1.07812,1.92563
439,1.125,1.96875,-1.05469,2.48438,1.75,0.959941,1.98743,1.08482,5.1267,0.341335,2.16075,2.34402,0.669137,0.00326003,0,0,0,0,0,-0.247726,-0.492337,0.999477,1.09147,-0.244101,0.256781,0.125,1.96875,4.14867
440,1.10156,-0.170898,0.267578,0.0114746,-0.155142,0.438355,0.35628,0.586009,0.470341,0.30723,0.422505,0.247592,2.49794,0.00683191,0,0,0,0,0,-0.0190695,-0.00679408,0.393472,0.981552,0.194909,0.232776,0.101562,-0.170898,1.22327
441,1.64844,0.306641,0.302734,0.0131836,0.186019,0.573785,0.816829,1.06954,1.81113,0.297467,0.92168,0.985775,2.6366,0.00710274,0,0,0,0,0,-0.0472582,-0.0386018,0.446996,0.986537,0.171664,0.223849,0.648438,0.306641,1.95619
442,1.60156,1.6875,-0.632812,0.0336914,1.05366,0.85398,1.80974,1.40214,5.24115,0.274503,0.758195,1.0631,3.44759,0.0086867,0,0,0,0,0,-0.0799449,-0.144679,0.919214,1.01894,0.00974771,0.205552,0.601562,1.6875,1.60391
443,1.55469,0.875,-0.472656,0.0172119,0.562814,0.713219,1.15096,1.18661,2.73275,0.219245,0.326446,0.387363,3.60272,0.00898969,0,0,0,0,0,-0.026956,-0.0310254,0.719865,0.968674,0.282728,0.147578,0.554688,0.875,1.07166
444,2.03125,3.01562,0.769531,0.0883789,1.48462,0.931177,3.078,1.91002,13.1223,0.346407,1.39029,2.65548,2.58852,0.00700883,0,0,0,0,0,-0.143518,-0.441748,0.899925,0.94721,0.336207,0.235004,1.03125,3.01562,2.49267
445,1.36719,1.48438,-0.957031,1.875,1.08571,0.861197,1.58235,1.20525,3.95646,0.371931,1.80391,2.17416,0.698917,0.0033182,0,0,0,0,0,-0.205862,-0.325746,0.994873,1.00625,0.0978615,0.246555,0.367188,1.48438,3.39487
446,1.67188,0.625,0.384766,0.128906,0.373832,0.645735,1.02864,1.17814,2.44612,0.391792,0.350166,0.412546,1.07167,0.00404622,0,0,0,0,0,-0.0208294,-0.0214259,0.518571,1.01828,0.0546391,0.254352,0.671875,0.625,1.14848
447,1.17969,0.886719,-0.636719,1.53125,0.751656,0.773871,1.0425,0.955735,2.00023,0.262284,1.39235,1.33072,0.514546,0.0029581,0,0,0,0,0,-0.159655,-0.16644,0.999632,1.00326,0.0709893,0.178565,0.179688,0.886719,2.51117
448,3.34375,0.726562,0.457031,0.0286865,0.21729,0.586009,1.72355,2.19882,7.80544,0.418034,1.57649,3.46642,2.6984,0.00722344,0,0,0,0,0,-0.0733586,-0.126437,0.405664,0.976314,0.225489,0.289007,2.34375,0.726562,2.95493
449,1.47656,1.20312,0.316406,0.828125,0.814815,0.792411,1.37566,1.22114,3.38363,0.554012,1.47866,1.80565,0.347694,0.00263221,0,0,0,0,0,-0.16635,-0.228841,0.980754,0.949402,0.316578,0.356415,0.476562,1.20312,2.65749
450,1.82812,2.4375,-0.0532227,0.349609,1.33333,0.908789,2.51559,1.68493,9.16718,0.362538,1.04633,1.763,0.090013,0.00212893,0,0,0,0,0,-0.113546,-0.285636,0.946039,1.0161,0.0455745,0.231435,0.828125,2.4375,1.79343
451,1.1875,-0.464844,0.277344,0.0179443,-0.391447,0.347733,0.279116,0.532374,0.361328,0.368055,0.363348,0.193437,2.0704,0.00599688,0,0,0,0,0,-0.00148874,-0.00041553,0.0357192,0.978382,0.209966,0.246264,0.1875,-0.464844,1.14425
452,1.75781,0.482422,-0.507812,0.0610352,0.274444,0.608128,0.970128,1.1851,2.34562,0.597455,0.479223,0.567929,2.05548,0.00596774,0,0,0,0,0,-0.0124333,-0.0120619,0.226181,1.00839,0.153371,0.354324,0.757812,0.482422,1.37735
453,1.46875,-0.19043,-0.726562,0.0427246,-0.129654,0.44842,0.493757,0.792864,0.872429,0.506754,0.481452,0.381726,3.51507,0.0088185,0,0,0,0,0,-0.000772815,-0.000381583,0.0139936,1.02095,0.149978,0.404585,0.46875,-0.19043,1.38913
454,2.03125,0.355469,0.699219,0.0131226,0.175,0.56946,0.99227,1.31174,2.70525,0.316942,0.83363,1.0935,6.10385,0.0138747,0,0,0,0,0,-0.0397146,-0.0394076,0.41532,0.97687,0.216929,0.253454,1.03125,0.355469,1.65199
455,0.890625,0.21582,-0.328125,0.160156,0.242325,0.595736,0.473292,0.592065,0.574546,0.27075,0.768372,0.454926,0.819912,0.00355452,0,0,0,0,0,-0.0819847,-0.0388027,0.930182,0.943047,0.417651,0.165125,-0.109375,0.21582,1.88735
456,1.38281,2.07812,0.122559,0.322266,1.50282,0.933558,2.11859,1.30352,6.18758,0.360634,1.27429,1.66105,0.215892,0.00237479,0,0,0,0,0,-0.141621,-0.300036,0.968873,0.999107,0.133771,0.260697,0.382812,2.07812,2.93404
457,1.21875,0.22168,0.462891,0.0854492,0.181891,0.572166,0.600704,0.78936,0.983936,0.291609,0.253511,0.200112,1.58352,0.00504594,0,0,0,0,0,-0.0183681,-0.0110338,0.631645,0.984532,0.176456,0.197411,0.21875,0.22168,1.11283
458,1.22656,1.10938,-0.179688,0.0820312,0.904459,0.817124,1.22959,1.04093,2.59544,0.232521,0.737261,0.767439,0.627376,0.00317847,0,0,0,0,0,-0.0761365,-0.0936171,0.900282,0.987584,0.15723,0.163757,0.226562,1.10938,1.60959
459,3.0625,3.875,0.0693359,0.00976562,1.26531,0.897119,4.02236,2.79838,24.0103,0.143897,0.997184,2.7905,0.70163,0.0033235,0,0,0,0,0,-0.10272,-0.413175,0.898018,0.982766,0.215122,0.105093,2.0625,3.875,1.92088
460,4.0625,1.44531,0.0134277,0.0238037,0.355769,0.638993,2.45271,2.83968,14.0796,0.397145,1.65208,4.69137,0.0870323,0.00212311,0,0,0,0,0,-0.0697533,-0.171085,0.36808,0.972188,0.240329,0.294249,3.0625,1.44531,3.50702
461,2.14062,1.67188,0.226562,0.043457,0.781022,0.782605,1.93942,1.75088,6.82692,0.204128,0.429242,0.75155,1.08682,0.00407582,0,0,0,0,0,-0.0463361,-0.0898651,0.941076,0.994155,0.115907,0.158082,1.14062,1.67188,1.40926
462,0.953125,-0.271484,0.0351562,0.00744629,-0.284836,0.387885,0.260855,0.4626,0.282044,0.260158,0.324651,0.150184,0.407411,0.00274885,0,0,0,0,0,-0.00267591,-0.000698025,0.0718558,0.96582,0.283574,0.168584,-0.046875,-0.271484,1.10678
463,1.41406,-0.726562,0.419922,0.0043335,-0.513812,0.303692,0.269656,0.579199,0.408186,0.196067,0.411177,0.238154,6.37895,0.014412,0,0,0,0,0,0.0145559,0.0039251,0.308615,0.969853,0.284391,0.137788,0.414062,-0.726562,1.28075
464,1.61719,-0.695312,-0.380859,0.0932617,-0.429952,0.333615,0.357544,0.704523,0.62419,0.680629,0.531278,0.374298,1.24713,0.00438893,0,0,0,0,0,-0.00456078,-0.00163068,0.0748383,1.08312,0.045336,0.463905,0.617188,-0.695312,1.42358
465,3.45312,4.15625,-0.566406,0.0294189,1.20362,0.885632,4.34452,3.12415,28.6352,0.295295,1.87447,5.85613,3.30228,0.0084029,0,0,0,0,0,-0.200307,-0.870237,0.931588,0.946381,0.332603,0.253475,2.45312,4.15625,3.9212
466,2.23438,2.28125,-0.0258789,0.00613403,1.02098,0.846368,2.4624,1.94258,9.83704,0.0751334,0.535796,1.04083,0.330425,0.00259849,0,0,0,0,0,-0.0583849,-0.143767,0.949966,0.997612,0.074659,0.0463106,1.23438,2.28125,1.5087
467,2.15625,0.470703,0.337891,0.0107422,0.218297,0.586401,1.11283,1.41855,3.25068,0.296238,0.947211,1.34366,3.26009,0.00832049,0,0,0,0,0,-0.0435292,-0.0484408,0.400628,0.99944,0.0985677,0.191284,1.15625,0.470703,1.82709
468,1.17969,-0.316406,0.53125,0.00726318,-0.268212,0.394268,0.329969,0.579647,0.44487,0.236261,0.29967,0.173703,6.23355,0.014128,0,0,0,0,0,-0.00336756,-0.00111119,0.097967,1.01021,0.0206603,0.165404,0.179688,-0.316406,1.11112
469,1.17188,0.253906,-0.101074,0.621094,0.216667,0.585766,0.603583,0.770408,0.95784,0.199534,0.812098,0.625647,0.128251,0.00220362,0,0,0,0,0,-0.0923173,-0.0557211,0.991017,0.985813,0.172291,0.133406,0.171875,0.253906,1.97136
470,1.41406,2.21875,-0.355469,1.09375,1.56906,0.941683,2.25269,1.34524,6.88431,0.610937,2.32351,3.12568,0.339893,0.00261698,0,0,0,0,0,-0.264533,-0.595912,0.992525,1.05195,0.160236,0.523932,0.414062,2.21875,4.59785
471,1.10156,0.84375,-0.306641,0.277344,0.765957,0.778149,0.985421,0.896593,1.77493,0.512233,1.16585,1.04529,0.582265,0.00309036,0,0,0,0,0,-0.131402,-0.129487,0.98258,1.04255,0.0657024,0.367734,0.101562,0.84375,2.37701
472,1.39844,0.675781,-0.217773,0.0419922,0.48324,0.685537,0.957953,1.03535,1.98963,0.188328,0.260428,0.269635,1.06272,0.00402876,0,0,0,0,0,-0.021372,-0.0204734,0.715427,0.971298,0.282861,0.129795,0.398438,0.675781,1.11319
473,1.16406,1.04688,-0.0432129,0.0786133,0.899329,0.815761,1.16184,0.986868,2.32377,0.258283,0.595277,0.587459,0.154122,0.00225415,0,0,0,0,0,-0.0636468,-0.0739472,0.932104,0.965235,0.289092,0.165586,0.164062,1.04688,1.40837
474,2.64062,0.404297,0.21582,0.0078125,0.153107,0.560843,1.26105,1.6835,4.4244,0.261406,1.12001,1.88554,2.44173,0.00672213,0,0,0,0,0,-0.0443069,-0.055873,0.34487,0.947789,0.344467,0.214228,1.64062,0.404297,2.1478
475,1.42188,0.314453,1.23438,0.0400391,0.221154,0.587514,0.736415,0.936576,1.41948,0.395826,0.391421,0.366595,6.16886,0.0140017,0,0,0,0,0,-0.0125965,-0.00927628,0.280552,1.06505,-0.0877437,0.289117,0.421875,0.314453,1.31798
476,1.33594,1.76562,-0.189453,0.251953,1.32164,0.906856,1.82393,1.22945,4.83827,0.308496,0.84912,1.04395,0.377435,0.0026903,0,0,0,0,0,-0.0916154,-0.1671,0.940602,0.988715,0.158633,0.210812,0.335938,1.76562,1.82259
477,1.4375,0.925781,0.410156,0.12207,0.644022,0.740219,1.15285,1.12519,2.59512,0.175094,0.37106,0.417515,1.17394,0.00424597,0,0,0,0,0,-0.0387854,-0.0447136,0.911236,0.984495,0.193093,0.112374,0.4375,0.925781,1.16265
478,0.742188,-0.234375,-0.519531,0.00509644,-0.315789,0.376081,0.194799,0.352038,0.161878,0.181042,0.18655,0.0656728,7.27744,0.0161669,0,0,0,0,0,-0.00933396,-0.00181824,0.436192,1.03605,-0.233739,0.124092,-0.257812,-0.234375,1.07254
479,1.40625,1.28906,0.116699,0.176758,0.916667,0.820341,1.4244,1.19639,3.46025,0.253395,0.758084,0.90696,0.277574,0.00249526,0,0,0,0,0,-0.0792923,-0.112944,0.911844,1.00175,0.073507,0.167871,0.40625,1.28906,1.5517
480,1.17188,2.89062,-1.15625,3.95312,2.46667,0.993181,2.89334,1.16436,9.72716,0.417411,3.03161,3.52988,0.581543,0.00308895,0,0,0,0,0,-0.347631,-1.00581,0.999659,1.06037,-0.0747454,0.285781,0.171875,2.89062,6.35201
481,1.41406,3.375,-1.84375,7.34375,2.38674,0.991501,3.37904,1.40313,13.3867,0.560571,3.53572,4.96109,0.680367,0.00328197,0,0,0,0,0,-0.40553,-1.3703,0.999891,0.951279,0.324347,0.425005,0.414062,3.375,6.46547
482,3.42188,4.28125,-0.0444336,0.0116577,1.25114,0.894559,4.44975,3.12125,29.5425,0.12501,0.918848,2.86795,0.411533,0.0027569,0,0,0,0,0,-0.1004,-0.446753,0.952566,0.986575,0.201126,0.0837295,2.42188,4.28125,1.71807
483,1.13281,1.89844,-0.933594,2.57812,1.67586,0.953117,1.92052,1.08646,4.86878,0.336816,2.18493,2.37383,0.581441,0.00308875,0,0,0,0,0,-0.250591,-0.481265,0.99985,1.04478,-0.110132,0.211873,0.132812,1.89844,4.47202
484,2.17188,2.67188,-0.0410156,0.0123901,1.23022,0.890692,2.78243,1.97596,11.6463,0.144703,1.26194,2.49354,0.368478,0.00267281,0,0,0,0,0,-0.132214,-0.367876,0.913366,0.989538,0.148987,0.111813,1.17188,2.67188,2.70892
485,1.49219,0.953125,0.12793,0.0712891,0.638743,0.738505,1.19072,1.16606,2.77752,0.202009,0.616207,0.718535,0.479137,0.00288894,0,0,0,0,0,-0.0603863,-0.0719034,0.854316,0.994573,0.118816,0.176201,0.492188,0.953125,1.37643
486,1.70312,0.484375,0.722656,0.265625,0.284404,0.611949,0.95076,1.15329,2.23401,0.490301,0.37932,0.437464,1.40216,0.00469172,0,0,0,0,0,-0.0149409,-0.0142052,0.343383,1.0232,0.091079,0.326119,0.703125,0.484375,1.21924
487,1.75781,1.21094,-0.375,0.0274658,0.688889,0.754553,1.46962,1.39564,4.10758,0.252625,0.681037,0.950482,2.26274,0.00637254,0,0,0,0,0,-0.0711758,-0.104601,0.911105,0.998785,0.099048,0.184968,0.757812,1.21094,1.5977
488,1.11719,-0.142578,0.585938,0.0125732,-0.127622,0.449224,0.376706,0.60379,0.50647,0.192479,0.130457,0.0787688,5.2255,0.0121592,0,0,0,0,0,-0.00629661,-0.00237197,0.420771,1.04194,-0.176699,0.165165,0.117188,-0.142578,1.0275
489,1.24219,5.09375,-1.8125,10.5625,4.10063,0.999979,5.09375,1.24217,27.4893,0.66985,4.90593,6.09398,0.557692,0.00304237,0,0,0,1,0,-0.562603,-2.86576,0.999741,1.16133,-0.160807,0.451195,0.242188,5.09375,10.067
490,1.20312,-0.71875,-0.6875,0.0820312,-0.597403,0.275119,0.203544,0.458979,0.252091,0.6427,0.550571,0.252701,2.4004,0.0066414,0,0,0,0,0,-0.00553284,-0.00112617,0.0876075,1.16274,-0.0775603,0.520757,0.203125,-0.71875,1.3948
491,1.46875,0.839844,-0.470703,0.0168457,0.571809,0.716274,1.09737,1.12411,2.46785,0.230267,0.575936,0.647415,3.62662,0.00903637,0,0,0,0,0,-0.0557469,-0.0611752,0.843828,0.970876,0.270585,0.144825,0.46875,0.839844,1.68343
492,1.50781,0.310547,0.390625,0.0228271,0.205959,0.581588,0.766316,0.986693,1.5608,0.329891,0.334527,0.330075,2.58544,0.00700281,0,0,0,0,0,-0.0114349,-0.00876275,0.297995,1.02831,-0.00714853,0.232579,0.507812,0.310547,1.13819
493,0.761719,-0.333984,0.25,0.0358887,-0.438462,0.330526,0.166059,0.329751,0.136311,0.23429,0.184674,0.0608965,1.31966,0.00453058,0,0,0,0,0,-0.0064477,-0.0010707,0.304373,1.00085,0.0756358,0.161818,-0.238281,-0.333984,1.00791
494,1.21094,-0.394531,-0.050293,0.0393066,-0.325806,0.372285,0.313433,0.570113,0.423269,0.480114,0.490141,0.279436,0.253673,0.00244858,0,0,0,0,0,0.000937346,0.000293795,0.0166719,1.01735,0.113483,0.332297,0.210938,-0.394531,1.3212
495,1.21094,3.45312,-1.23438,6.53125,2.85161,0.997825,3.45394,1.20839,13.3899,0.52864,3.50198,4.23176,0.483002,0.00289649,0,0,0,0,0,-0.40165,-1.38728,0.999864,1.01207,0.135364,0.341761,0.210938,3.45312,6.48548
496,2.70312,1.0625,-0.0625,0.00823975,0.393064,0.652864,1.69627,1.92139,6.56908,0.273814,1.10378,2.12078,0.68853,0.00329791,0,0,0,0,0,-0.052377,-0.0888457,0.413682,0.941895,0.420531,0.167526,1.70312,1.0625,2.34142
497,1.53125,-0.828125,-0.00939941,0.0673828,-0.540816,0.294317,0.279911,0.613756,0.455047,0.588612,0.518244,0.318075,0.0362098,0.00202385,0,0,0,0,0,-0.00045282,-0.000126749,0.00761725,1.02007,0.171792,0.436472,0.53125,-0.828125,1.35595
498,1.33594,0.220703,0.621094,0.0437012,0.165205,0.565609,0.646066,0.85778,1.15319,0.168163,0.211086,0.181066,2.97105,0.00775597,0,0,0,0,0,-0.018917,-0.0122216,0.781265,0.98723,0.16424,0.124265,0.335938,0.220703,1.13836
499,2.40625,2.1875,0.103027,0.0859375,0.909091,0.818349,2.42172,2.044,10.0427,0.290986,0.501497,1.02506,0.351448,0.00263955,0,0,0,0,0,-0.0506114,-0.122567,0.879806,0.974779,0.224559,0.199655,1.40625,2.1875,1.47933
500,2.35938,2.20312,-0.0917969,0.024292,0.933775,0.82479,2.42432,2.01429,9.9347,0.167974,0.533272,1.07417,0.588974,0.00310347,0,0,0,0,0,-0.0573795,-0.139106,0.938025,0.982756,0.192408,0.139215,1.35938,2.20312,1.43555
501,3.20312,4.40625,0.0395508,0.029541,1.37561,0.915529,4.53233,2.96845,29.3537,0.266894,2.03946,6.05403,0.230114,0.00240257,0,0,0,0,0,-0.209515,-0.949592,0.895587,0.985139,0.17735,0.221542,2.20312,4.40625,3.86475
502,1.15625,-1.24219,-1.07812,0.158203,-1.07432,0.141339,0.0847742,0.279411,0.085257,0.888519,0.532582,0.148809,2.71058,0.00724722,0,0,0,0,0,-0.011114,-0.000942181,0.181924,1.02219,0.320227,0.704183,0.15625,-1.24219,1.23702
503,2.84375,2.45312,0.191406,0.0654297,0.862637,0.805832,2.75268,2.38912,13.2852,0.229108,0.61505,1.46943,0.748288,0.00341462,0,0,0,0,0,-0.0653558,-0.179904,0.926361,0.964392,0.286285,0.176686,1.84375,2.45312,1.44243
504,1.55469,1,0.283203,0.0284424,0.643216,0.739958,1.24588,1.21661,3.03236,0.18286,0.409799,0.498567,1.67925,0.00523291,0,0,0,0,0,-0.0416949,-0.0519467,0.886991,0.985579,0.175652,0.128534,0.554688,1,1.336
505,3.26562,4.1875,0.065918,0.0110474,1.2823,0.900131,4.34023,2.99035,27.7797,0.151427,1.06867,3.19569,0.627154,0.00317804,0,0,0,0,0,-0.110177,-0.478194,0.898785,0.990306,0.142322,0.111302,2.26562,4.1875,2.10757
506,1.17188,0.890625,1.21875,0.0844727,0.76,0.776373,1.04302,0.951979,1.99415,0.340642,0.355883,0.338793,4.19331,0.0101432,0,0,0,0,0,-0.0281777,-0.0293899,0.690249,1.03308,-0.0276396,0.233159,0.171875,0.890625,1.14012
507,2.48438,2.65625,-0.00964355,0.00866699,1.06918,0.857506,2.84026,2.1823,12.8295,0.099526,0.609395,1.32988,0.103586,0.00215544,0,0,0,0,0,-0.0663259,-0.188383,0.948837,0.984153,0.268764,0.0667951,1.48438,2.65625,1.58568
508,1.28906,0.839844,0.882812,0.0566406,0.651515,0.742643,1.04114,1.01139,2.10688,0.220254,0.491574,0.497175,3.70941,0.00919806,0,0,0,0,0,-0.048404,-0.0503952,0.858418,0.985492,0.173102,0.139057,0.289062,0.839844,1.32174
509,1.70312,0.628906,0.828125,0.333984,0.369266,0.644035,1.04291,1.19771,2.52216,0.570468,0.415637,0.497811,1.43296,0.00475187,0,0,0,0,0,-0.0153474,-0.0160059,0.321904,1.03022,0.0980961,0.364509,0.703125,0.628906,1.20711
510,0.914062,0.210938,0.169922,0.0664062,0.230769,0.591253,0.479013,0.604599,0.594994,0.271357,0.472589,0.285727,0.659394,0.003241,0,0,0,0,0,-0.0423618,-0.0202919,0.781444,0.980092,0.198606,0.193561,-0.0859375,0.210938,1.41523
511,1.33594,0.789062,1.34375,0.0649414,0.590643,0.72262,1.01725,1.02841,2.09243,0.239912,0.329496,0.338857,5.273,0.0122519,0,0,0,0,0,-0.0278279,-0.0283079,0.736272,0.966812,0.286427,0.156944,0.335938,0.789062,1.11353
