k,gamma,beta,running_mean,running_var,on_ratio,p_on,act_mean,act_std,act_second,pre_row_norm,final_col_norm,effective_contribution,mean_over_std,bn_input_rounding_noise,dead,mostly_off,flat,always_on,negative_gamma,mean_row_component,shared_contribution,column_shared_fraction,pre_row_rel_change,pre_row_cos_ref,pre_row_norm_ratio_ref,gamma_delta,beta_delta,final_col_rel_change
0,1.15625,0.194336,-1,0.609375,0.168074,0.566738,0.560827,0.743656,0.867551,1.03885,0.724822,0.539019,1.28103,0.00445513,0,0,0,0,0,-0.0528538,-0.0296419,0.635699,0.419677,0.918491,0.777943,0.15625,0.194336,0.980497
1,0.945312,-0.0629883,-0.511719,0.285156,-0.0666322,0.473437,0.347578,0.529364,0.401037,1.10245,0.669902,0.354622,0.958274,0.00382475,0,0,0,0,0,0.00959045,0.00333343,0.124806,0.413098,0.918704,0.7976,-0.0546875,-0.0629883,0.950716
2,0.996094,0.0737305,-0.263672,1.05469,0.0740196,0.529503,0.436301,0.606104,0.557721,1.19854,0.542088,0.328562,0.256745,0.00245458,0,0,0,0,0,-0.0330202,-0.0144068,0.531027,0.349715,0.956033,0.765507,-0.00390625,0.0737305,0.903729
3,0.9375,0.0473633,-0.129883,0.535156,0.0505208,0.520146,0.399621,0.562574,0.476186,1.04518,0.508841,0.286261,0.177546,0.00229989,0,0,0,0,0,-0.0282776,-0.0113004,0.484471,0.309111,0.973145,0.766841,-0.0625,0.0473633,0.905528
4,1.07031,-0.048584,-0.503906,0.585938,-0.0453923,0.481897,0.404906,0.606887,0.53226,1.19541,0.864103,0.524413,0.6583,0.00323887,0,0,0,0,0,-0.00571863,-0.00231551,0.0576944,0.375192,0.933085,0.826235,0.0703125,-0.048584,1.09429
5,1.11719,0.0150757,-0.206055,0.605469,0.0134943,0.505383,0.455533,0.65587,0.637675,1.11816,0.837831,0.549508,0.264811,0.00247033,0,0,0,0,0,-0.00228862,-0.00104254,0.0238135,0.39564,0.927859,0.795746,0.117188,0.0150757,1.38768
6,1.01562,0.0108032,0.0727539,0.478516,0.010637,0.504243,0.41267,0.595238,0.524605,1.07984,0.575881,0.342786,0.105174,0.00215854,0,0,0,0,0,-0.021641,-0.00893057,0.327606,0.370108,0.943544,0.778452,0.015625,0.0108032,0.876943
7,1,-0.155273,-0.0471191,0.229492,-0.155273,0.438303,0.323366,0.531939,0.387525,1.00474,0.869007,0.462259,0.0983588,0.00214523,0,0,0,0,0,0.0234652,0.00758783,0.2354,0.431654,0.906795,0.814047,0,-0.155273,1.22423
8,0.980469,-0.0922852,0.455078,0.527344,-0.0941235,0.462506,0.347028,0.540298,0.41235,1.1804,0.93576,0.505589,0.62667,0.00317709,0,0,0,0,0,0.0211052,0.00732408,0.196622,0.37188,0.937254,0.807868,-0.0195312,-0.0922852,1.51285
9,0.957031,0.0103149,-1.25781,0.419922,0.0107781,0.5043,0.388929,0.560945,0.465925,1.14313,0.501528,0.28133,1.94103,0.00574419,0,0,0,0,0,-0.0154706,-0.00601697,0.268917,0.337221,0.961484,0.766115,-0.0429688,0.0103149,0.761704
10,1.01562,-0.00866699,-0.166992,0.429688,-0.00853365,0.496596,0.402935,0.588531,0.508725,1.19207,0.744776,0.438324,0.254753,0.00245069,0,0,0,0,0,-0.0167442,-0.00674681,0.195995,0.322884,0.964231,0.779852,0.015625,-0.00866699,1.487
11,1.125,0.0544434,-0.404297,0.460938,0.0483941,0.519299,0.478349,0.674239,0.683416,1.3053,0.918911,0.619566,0.595497,0.0031162,0,0,0,0,0,-0.0203639,-0.00974104,0.193194,0.361112,0.947704,0.778753,0.125,0.0544434,1.14697
12,1.02344,-0.0358887,-1.10156,0.259766,-0.0350668,0.486013,0.392457,0.583846,0.494899,0.974623,0.587768,0.343166,2.16132,0.00617445,0,0,0,0,0,0.00255783,0.00100384,0.0379378,0.411325,0.922704,0.779277,0.0234375,-0.0358887,0.933119
13,0.875,-0.15625,1.35156,0.542969,-0.178571,0.429137,0.273173,0.45907,0.285369,1.06152,0.745729,0.342342,1.83421,0.00553556,0,0,0,0,0,0.0452312,0.0123559,0.528766,0.33718,0.957133,0.784522,-0.125,-0.15625,1.14638
14,1.14062,0.211914,-1.21875,0.527344,0.185788,0.573694,0.565031,0.739988,0.866843,0.959503,0.695773,0.514864,1.67829,0.00523104,0,0,0,0,0,-0.0553605,-0.0312804,0.693648,0.264621,0.990931,0.762966,0.140625,0.211914,0.939796
15,1.24219,0.09375,0.566406,0.490234,0.0754717,0.53008,0.544995,0.756497,0.869307,1.02032,0.832936,0.630113,0.808958,0.00353312,0,0,0,0,0,-0.0350912,-0.0191246,0.367277,0.508975,0.86628,0.768828,0.242188,0.09375,1.69548
16,1.09375,0.141602,0.0108643,0.458984,0.129464,0.551505,0.509397,0.687675,0.732382,0.954622,0.613389,0.421812,0.0160362,0.00198445,0,0,0,0,0,-0.0454186,-0.0231361,0.645512,0.253526,0.993863,0.765743,0.09375,0.141602,0.944744
17,1.03906,0.0568848,-0.498047,0.660156,0.0547462,0.52183,0.445109,0.62508,0.588847,1.13448,0.677901,0.423743,0.612981,0.00315035,0,0,0,0,0,-0.0224312,-0.00998435,0.288466,0.425054,0.917005,0.770144,0.0390625,0.0568848,0.867448
18,1.03906,0.00765991,-0.0168457,0.400391,0.00737195,0.502941,0.420496,0.6078,0.546238,1.09796,0.740366,0.449994,0.0266224,0.00200512,0,0,0,0,0,-0.0127316,-0.00535358,0.149914,0.375147,0.937433,0.797731,0.0390625,0.00765991,1.18708
19,1.09375,-0.229492,-0.941406,0.300781,-0.209821,0.416904,0.329078,0.560961,0.42297,1.1528,0.933662,0.523748,1.71653,0.00530572,0,0,0,0,0,0.0322794,0.0106225,0.3014,0.376162,0.935281,0.807813,0.09375,-0.229492,1.39175
20,1.02344,-0.0617676,0.244141,0.449219,-0.0603531,0.475937,0.379517,0.575228,0.474921,1.14881,0.823244,0.473553,0.36426,0.00266457,0,0,0,0,0,-0.00296903,-0.0011268,0.0314408,0.360625,0.946585,0.78511,0.0234375,-0.0617676,1.38812
21,1.02344,-0.0600586,0.0529785,0.40625,-0.0586832,0.476602,0.380372,0.575792,0.476219,1.05971,0.729289,0.419919,0.0831195,0.00211547,0,0,0,0,0,-0.0223027,-0.0084833,0.266602,0.346722,0.951042,0.793888,0.0234375,-0.0600586,1.29678
22,1.03125,-0.0561523,-0.519531,0.296875,-0.0544508,0.478288,0.385458,0.581632,0.486873,1.04988,0.843889,0.490833,0.953509,0.00381545,0,0,0,0,0,-0.000375246,-0.000144641,0.00387648,0.411117,0.914721,0.839011,0.03125,-0.0561523,1.13955
23,0.84375,0.0319824,0.660156,0.800781,0.0379051,0.515118,0.354337,0.50255,0.378111,1.07815,0.757053,0.380457,0.737717,0.00339398,0,0,0,0,0,-0.00868385,-0.00307701,0.0999983,0.333742,0.956601,0.793906,-0.15625,0.0319824,0.803615
24,1.1875,0.24707,-0.542969,0.466797,0.208059,0.582409,0.605114,0.777787,0.971116,0.971986,0.863381,0.671527,0.794714,0.0035053,0,0,0,0,0,-0.0464667,-0.0281176,0.469187,0.450872,0.901647,0.774163,0.1875,0.24707,1.46121
25,0.933594,0.00349426,1.29688,0.474609,0.00374281,0.501493,0.37612,0.544935,0.438421,1.09698,0.514091,0.280146,1.88248,0.00562984,0,0,0,0,0,-0.0224362,-0.00843873,0.380467,0.313047,0.970376,0.771308,-0.0664062,0.00349426,1.00564
26,1.00781,0.000869751,-0.0119019,0.378906,0.000863009,0.500344,0.40457,0.587256,0.508546,1.09141,0.637491,0.37437,0.0193352,0.00199089,0,0,0,0,0,-0.00637034,-0.00257725,0.0871156,0.32518,0.964146,0.776211,0.0078125,0.000869751,0.915636
27,1.01562,0.00878906,1.92188,0.558594,0.00865385,0.503452,0.411663,0.594541,0.522945,1.13375,0.772303,0.459166,2.57144,0.00697548,0,0,0,0,0,-0.020708,-0.00852472,0.233753,0.333527,0.958401,0.785852,0.015625,0.00878906,0.989755
28,0.933594,0.00457764,-0.945312,0.609375,0.00490324,0.501956,0.376662,0.545309,0.439237,1.08607,0.624061,0.340307,1.21097,0.0043183,0,0,0,0,0,-0.020818,-0.00784136,0.290817,0.344928,0.954303,0.782056,-0.0664062,0.00457764,1.09185
29,1.04688,0.0222168,-0.285156,0.392578,0.021222,0.508466,0.430908,0.617408,0.566874,1.0439,0.665256,0.410734,0.455114,0.00284202,0,0,0,0,0,-0.0155502,-0.0067007,0.203776,0.441817,0.906607,0.775694,0.046875,0.0222168,1.23119
30,1.09375,-0.0136719,0.392578,0.25,-0.0125,0.495013,0.43176,0.63232,0.586245,0.943888,0.876854,0.554452,0.785156,0.00348663,0,0,0,0,0,-0.00388155,-0.0016759,0.0385909,0.540329,0.841466,0.845993,0.09375,-0.0136719,1.14624
31,0.90625,-0.0400391,0.996094,0.5,-0.044181,0.48238,0.343389,0.514227,0.382345,1.07738,0.647108,0.33276,1.40869,0.00470447,0,0,0,0,0,-0.00500518,-0.00171872,0.0674295,0.346737,0.953319,0.782896,-0.09375,-0.0400391,1.01618
32,1.03906,0.0727539,-0.722656,0.466797,0.0700188,0.527911,0.453043,0.630755,0.6031,1.00707,0.613642,0.387058,1.05771,0.00401897,0,0,0,0,0,-0.0317611,-0.0143891,0.451218,0.357303,0.948277,0.78428,0.0390625,0.0727539,1.00367
33,1.10938,0.108398,0.0471191,0.574219,0.0977113,0.538919,0.499061,0.684554,0.717676,1.04606,0.665392,0.455497,0.0621811,0.00207457,0,0,0,0,0,-0.0389016,-0.0194143,0.509678,0.439995,0.906802,0.780766,0.109375,0.108398,0.938864
34,1.07812,-0.0588379,1.38281,0.632812,-0.0545743,0.478239,0.402912,0.608025,0.532033,1.20995,0.925661,0.562825,1.7383,0.00534825,0,0,0,0,0,-0.00418512,-0.00168624,0.0394152,0.358339,0.94526,0.797197,0.078125,-0.0588379,1.09884
35,0.964844,-0.0961914,0.890625,0.550781,-0.0996964,0.460293,0.338809,0.529965,0.395654,1.16433,0.732537,0.388219,1.20007,0.004297,0,0,0,0,0,0.00896348,0.00303691,0.106673,0.374612,0.939418,0.788286,-0.0351562,-0.0961914,1.15086
36,1.0625,-0.000759125,1.32031,0.511719,-0.00071447,0.499715,0.425685,0.618545,0.563807,1.16182,0.731382,0.452393,1.8457,0.00555801,0,0,0,0,0,-0.0210974,-0.00898087,0.251473,0.323621,0.964662,0.776769,0.0625,-0.000759125,1.14568
37,1.05469,0.09375,0.820312,0.835938,0.0888889,0.535415,0.469807,0.647424,0.639877,1.12686,0.556824,0.360502,0.897207,0.00370548,0,0,0,0,0,-0.0412926,-0.0193996,0.646488,0.295419,0.979553,0.76323,0.0546875,0.09375,0.673422
38,0.996094,-0.168945,-0.0185547,0.476562,-0.169608,0.432659,0.314963,0.525552,0.375407,1.12746,0.880275,0.462631,0.0268778,0.00200562,0,0,0,0,0,0.0377615,0.0118935,0.373971,0.380749,0.933285,0.806832,-0.00390625,-0.168945,1.45156
39,1.17188,0.269531,-0.384766,1.02344,0.23,0.590954,0.613545,0.774868,0.976858,1.13109,0.733936,0.568704,0.380334,0.00269597,0,0,0,0,0,-0.0599735,-0.0367964,0.712373,0.275207,0.987085,0.76331,0.171875,0.269531,0.938308
40,0.957031,-0.103027,0.21875,0.388672,-0.107653,0.457135,0.332258,0.523248,0.384184,1.0777,0.73395,0.384038,0.350878,0.00263843,0,0,0,0,0,-0.00398716,-0.00132477,0.0473592,0.393649,0.93135,0.781776,-0.0429688,-0.103027,1.08395
41,0.988281,-0.00439453,-0.0206299,0.310547,-0.00444664,0.498226,0.394106,0.574071,0.484876,1.08874,0.665231,0.381889,0.0370197,0.00202543,0,0,0,0,0,-0.00422263,-0.00166416,0.0553373,0.367513,0.943217,0.785976,-0.0117188,-0.00439453,0.962057
42,0.96875,0.0544434,0.261719,0.910156,0.0561996,0.522409,0.415693,0.583283,0.51302,1.04955,0.673587,0.392892,0.274332,0.00248893,0,0,0,0,0,-0.0331414,-0.0137767,0.428928,0.296601,0.975658,0.775956,-0.03125,0.0544434,1.0235
43,0.957031,-0.0429688,-0.0986328,0.388672,-0.044898,0.482094,0.362287,0.542812,0.425897,0.938942,0.698993,0.379422,0.158209,0.00226213,0,0,0,0,0,-0.00634495,-0.00229869,0.0791338,0.323856,0.958315,0.805836,-0.0429688,-0.0429688,1.21483
44,0.875,-0.0844727,-0.147461,0.480469,-0.0965402,0.461546,0.308641,0.4815,0.327101,1.20487,0.72631,0.349718,0.212738,0.00236863,0,0,0,0,0,0.0134325,0.0041458,0.161228,0.373312,0.940576,0.785511,-0.125,-0.0844727,0.875162
45,0.960938,-0.0922852,0.765625,0.283203,-0.0960366,0.461746,0.339196,0.528945,0.394837,1.04855,0.796265,0.421181,1.43869,0.00476307,0,0,0,0,0,-0.0037902,-0.00128562,0.0414965,0.363374,0.94292,0.797526,-0.0390625,-0.0922852,1.12815
46,0.988281,-0.0583496,0.640625,0.617188,-0.0590415,0.47646,0.367128,0.555896,0.443804,1.12102,0.742343,0.412666,0.815446,0.00354579,0,0,0,0,0,-0.00527688,-0.00193729,0.0619697,0.338117,0.955348,0.790991,-0.0117188,-0.0583496,1.10661
47,0.914062,-0.15625,-0.330078,0.304688,-0.17094,0.432135,0.288416,0.481907,0.315418,1.05868,0.796483,0.383831,0.597984,0.00312106,0,0,0,0,0,0.0301435,0.00869389,0.329932,0.417742,0.914897,0.80745,-0.0859375,-0.15625,1.19521
48,1.05469,-0.0839844,0.695312,0.318359,-0.0796296,0.468266,0.38094,0.586136,0.48867,1.10035,0.659646,0.386642,1.23231,0.00435999,0,0,0,0,0,0.00183383,0.000698578,0.0242356,0.535407,0.845163,0.814146,0.0546875,-0.0839844,1.17283
49,0.992188,0.0878906,-0.220703,0.371094,0.0885827,0.535293,0.441815,0.608948,0.566018,1.0754,0.559816,0.340899,0.362299,0.00266074,0,0,0,0,0,-0.0334249,-0.0147676,0.520514,0.442124,0.907724,0.768309,-0.0078125,0.0878906,1.12129
50,1.0625,-0.0090332,0.455078,0.707031,-0.00850184,0.496608,0.421548,0.615706,0.556796,1.22615,0.639636,0.393827,0.541211,0.00301018,0,0,0,0,0,-0.0221624,-0.00934252,0.302058,0.273561,0.986366,0.767839,0.0625,-0.0090332,1.01386
51,1.04688,-0.148438,-0.5,0.302734,-0.141791,0.443623,0.345581,0.561192,0.434363,1.01412,0.750489,0.421168,0.908739,0.00372801,0,0,0,0,0,0.0170644,0.00589714,0.198223,0.412151,0.920215,0.791129,0.046875,-0.148438,1.19353
52,1.04688,0.0673828,0.353516,0.511719,0.0643657,0.52566,0.453491,0.633375,0.606818,1.03206,0.787603,0.498849,0.494189,0.00291834,0,0,0,0,0,-0.0388557,-0.0176207,0.430085,0.370436,0.942048,0.784958,0.046875,0.0673828,0.973595
53,1.125,0.12793,-0.386719,0.652344,0.113715,0.545268,0.515093,0.700786,0.756421,1.0776,0.6653,0.466233,0.478803,0.00288829,0,0,0,0,0,-0.0452328,-0.0232991,0.592711,0.303523,0.976229,0.763748,0.125,0.12793,0.878887
54,1.21094,0.0981445,-0.625,0.445312,0.0810484,0.532298,0.534661,0.739902,0.833317,1.08693,0.904411,0.669175,0.936586,0.00378239,0,0,0,0,0,-0.0421221,-0.022521,0.406023,0.45376,0.897379,0.79161,0.210938,0.0981445,1.45422
55,1.02344,0.101074,-0.160156,1.38281,0.0987595,0.539335,0.460938,0.631916,0.611782,1.21881,0.578685,0.36568,0.136195,0.00221913,0,0,0,0,0,-0.0365787,-0.0168605,0.551053,0.294579,0.979334,0.765156,0.0234375,0.101074,0.834087
56,0.9375,0.00263977,0.376953,0.738281,0.00281576,0.501123,0.37726,0.546916,0.441441,1.13948,0.423349,0.231536,0.438709,0.00280998,0,0,0,0,0,-0.02067,-0.00779797,0.425647,0.28592,0.982759,0.764664,-0.0625,0.00263977,0.892585
57,0.984375,0.0585938,0.166992,0.337891,0.0595238,0.523733,0.424034,0.593858,0.532472,1.06553,0.54904,0.326052,0.287282,0.00251422,0,0,0,0,0,-0.0326416,-0.0138411,0.518291,0.366354,0.947261,0.769727,-0.015625,0.0585938,1.03641
58,1.00781,0.00075531,0.644531,0.492188,0.000749455,0.500299,0.404513,0.587216,0.508454,1.12228,0.896878,0.526662,0.918711,0.00374748,0,0,0,0,0,-0.00601368,-0.00243261,0.0584539,0.374833,0.935706,0.809033,0.0078125,0.00075531,1.20064
59,1.04688,0.0378418,0.675781,0.558594,0.0361474,0.514418,0.43872,0.622885,0.580462,1.21669,0.582793,0.363013,0.904187,0.00371911,0,0,0,0,0,-0.0278041,-0.0121982,0.415911,0.341966,0.958242,0.770711,0.046875,0.0378418,1.00149
60,0.996094,0.0615234,-0.0629883,0.410156,0.0617647,0.524625,0.430198,0.601725,0.547143,1.12591,0.475508,0.286125,0.0983524,0.00214522,0,0,0,0,0,-0.0277477,-0.011937,0.508717,0.328634,0.965204,0.76616,-0.00390625,0.0615234,0.779314
61,1.08594,-0.141602,0.0952148,0.304688,-0.130396,0.448127,0.364663,0.585963,0.476331,1.09012,0.864471,0.506548,0.172495,0.00229003,0,0,0,0,0,0.0293662,0.0107088,0.296145,0.405612,0.922656,0.796897,0.0859375,-0.141602,1.40762
62,0.921875,-7.15256e-05,0.90625,0.636719,-7.75871e-05,0.499969,0.369638,0.536881,0.424874,1.20759,0.750085,0.402706,1.13573,0.00417134,0,0,0,0,0,-0.0100996,-0.0037332,0.117382,0.324354,0.961495,0.789223,-0.078125,-7.15256e-05,1.13267
63,1.125,0.029541,0.287109,0.492188,0.0262587,0.510474,0.465898,0.665463,0.659902,1.17218,0.892414,0.593868,0.409244,0.00275243,0,0,0,0,0,-0.031327,-0.0145952,0.306027,0.400271,0.921818,0.821993,0.125,0.029541,1.13898
64,1.01562,0.0556641,-0.5625,0.644531,0.0548077,0.521854,0.4351,0.611003,0.562637,1.01375,0.640033,0.391062,0.700649,0.00332158,0,0,0,0,0,-0.0226023,-0.00983425,0.307862,0.345146,0.956104,0.773728,0.015625,0.0556641,0.952687
65,1.00781,-0.0537109,-1.21094,0.714844,-0.0532946,0.478749,0.37728,0.568799,0.465872,1.23552,0.800899,0.455551,1.43224,0.00475047,0,0,0,0,0,0.00170407,0.000642909,0.0185488,0.30143,0.971699,0.784457,0.0078125,-0.0537109,1.15555
66,0.851562,-0.0668945,-0.5625,0.722656,-0.078555,0.468693,0.308031,0.473548,0.319131,1.17553,0.777467,0.368168,0.661693,0.00324549,0,0,0,0,0,0.014968,0.0046106,0.167837,0.320657,0.964758,0.781513,-0.148438,-0.0668945,1.31736
67,1.10938,-0.112793,-0.204102,0.373047,-0.101673,0.459508,0.388466,0.608652,0.521363,0.965927,0.785607,0.478161,0.334168,0.0026058,0,0,0,0,0,0.0173425,0.00673695,0.192448,0.393916,0.926502,0.809983,0.109375,-0.112793,1.48412
68,0.980469,0.0368652,-0.0380859,0.472656,0.0375996,0.514997,0.411603,0.583876,0.510328,1.0838,0.447449,0.261255,0.0553977,0.00206132,0,0,0,0,0,-0.0252967,-0.0104122,0.492863,0.276966,0.986219,0.764097,-0.0195312,0.0368652,0.808831
69,1.01562,0.0766602,-0.964844,0.478516,0.0754808,0.530084,0.445598,0.618523,0.581128,1.15918,0.502437,0.310769,1.39479,0.00467732,0,0,0,0,0,-0.0340886,-0.0151898,0.591472,0.284176,0.98384,0.763165,0.015625,0.0766602,0.747338
70,1.05469,0.0722656,-0.671875,0.316406,0.0685185,0.527314,0.459065,0.639672,0.619921,1.07495,0.610931,0.390795,1.19444,0.00428602,0,0,0,0,0,-0.0345274,-0.0158503,0.492696,0.315644,0.970188,0.767961,0.0546875,0.0722656,1.00447
71,1.50781,0.246094,-0.142578,0.326172,0.163212,0.564824,0.727683,0.967007,1.46462,1.19816,1.30803,1.26488,0.249649,0.00244072,0,0,0,0,0,-0.042317,-0.0307934,0.282035,0.808858,0.611826,0.780885,0.507812,0.246094,2.02741
72,1.23438,-0.0422363,0.0742188,0.443359,-0.0342168,0.486352,0.473869,0.704534,0.72092,1.1771,0.820179,0.577844,0.111464,0.00217083,0,0,0,0,0,-0.0324521,-0.0153781,0.344938,0.682578,0.734037,0.80276,0.234375,-0.0422363,1.40347
73,1.03125,0.0192871,0.116699,0.402344,0.0187027,0.507461,0.423177,0.607287,0.547876,1.06273,0.765107,0.464639,0.183979,0.00231246,0,0,0,0,0,-0.0229906,-0.00972911,0.26196,0.348944,0.95108,0.788859,0.03125,0.0192871,1.20738
74,0.976562,0.0437012,0.158203,0.507812,0.04475,0.517847,0.413454,0.584016,0.512019,1.15317,0.702818,0.410457,0.222005,0.00238673,0,0,0,0,0,-0.0256515,-0.0106057,0.318183,0.337483,0.956785,0.785519,-0.0234375,0.0437012,1.22567
75,1.15625,0.195312,0.0437012,0.777344,0.168919,0.56707,0.561315,0.744025,0.868647,1.1629,0.698433,0.519652,0.0495663,0.00204993,0,0,0,0,0,-0.0546214,-0.0306598,0.681781,0.292977,0.98053,0.763101,0.15625,0.195312,1.13949
76,0.972656,-0.00439453,0.394531,0.328125,-0.00451807,0.498198,0.38784,0.564971,0.469612,1.04701,0.691577,0.390721,0.68875,0.00329834,0,0,0,0,0,-0.00809196,-0.00313839,0.102005,0.35242,0.950308,0.785123,-0.0273438,-0.00439453,1.16541
77,0.988281,0.0515137,0.5625,0.859375,0.0521245,0.520785,0.42206,0.593609,0.530507,1.19286,0.545689,0.323926,0.60678,0.00313824,0,0,0,0,0,-0.0334593,-0.0141218,0.534538,0.309108,0.972901,0.767756,-0.0117188,0.0515137,1.04854
78,0.914062,0.102539,-0.285156,0.707031,0.112179,0.544659,0.417811,0.568873,0.498182,1.11758,0.555749,0.31615,0.339128,0.00261548,0,0,0,0,0,-0.0274285,-0.0114599,0.430259,0.317343,0.967522,0.775675,-0.0859375,0.102539,0.933448
79,1.02344,0.0130615,0.00131989,1.0625,0.0127624,0.505091,0.416932,0.600572,0.534518,1.19843,0.75522,0.453564,0.00128048,0.00195563,0,0,0,0,0,-0.0296097,-0.0123452,0.341796,0.315209,0.968574,0.774945,0.0234375,0.0130615,1.19899
80,1.03906,0.0996094,0.242188,0.345703,0.0958647,0.538186,0.466471,0.640468,0.627794,1.0955,0.581372,0.37235,0.411908,0.00275763,0,0,0,0,0,-0.0373886,-0.0174407,0.56065,0.353531,0.95047,0.782013,0.0390625,0.0996094,0.895643
81,1.21094,0.105469,-0.12207,0.359375,0.0870968,0.534703,0.538323,0.742552,0.841176,1.08013,0.854088,0.634205,0.203627,0.00235083,0,0,0,0,0,-0.0481522,-0.0259215,0.491497,0.536619,0.845486,0.792503,0.210938,0.105469,1.39782
82,1.07812,0.0471191,-0.255859,0.738281,0.0437047,0.51743,0.45589,0.644355,0.623029,1.16243,0.552782,0.356188,0.297776,0.00253472,0,0,0,0,0,-0.0334759,-0.0152613,0.52794,0.32055,0.968701,0.765884,0.078125,0.0471191,0.907784
83,1.07031,0.0712891,0.625,0.589844,0.0666058,0.526552,0.464842,0.648414,0.63652,1.11531,0.770614,0.499677,0.813788,0.00354256,0,0,0,0,0,-0.0438858,-0.0204,0.496471,0.343458,0.953648,0.788093,0.0703125,0.0712891,1.04196
84,1.17969,0.114746,1.76562,0.373047,0.0972682,0.538743,0.530431,0.727751,0.810978,1.0804,0.890219,0.647858,2.89079,0.0075992,0,0,0,0,0,-0.048332,-0.0256368,0.473309,0.764495,0.669932,0.852311,0.179688,0.114746,1.55062
85,1,-0.0407715,0.613281,0.40625,-0.0407715,0.483739,0.380617,0.568562,0.468132,1.01657,0.885186,0.503283,0.962195,0.00383241,0,0,0,0,0,0.00180882,0.000688467,0.0178143,0.457047,0.892043,0.823976,0,-0.0407715,1.27456
86,1.07812,0.142578,-0.172852,0.441406,0.132246,0.552605,0.50362,0.678962,0.714623,0.979074,0.620975,0.421619,0.260168,0.00246127,0,0,0,0,0,-0.0476091,-0.0239769,0.668378,0.387366,0.93529,0.777745,0.078125,0.142578,0.81951
87,1.02344,0.00778198,0.636719,0.660156,0.00760377,0.503033,0.414292,0.598742,0.53013,1.19975,0.822663,0.492563,0.783654,0.0034837,0,0,0,0,0,-0.0135277,-0.00560442,0.143354,0.308372,0.96805,0.788568,0.0234375,0.00778198,1.24106
88,0.871094,-0.09375,0.566406,0.417969,-0.107623,0.457147,0.302436,0.476271,0.318301,1.15195,0.606591,0.288901,0.876105,0.00366427,0,0,0,0,0,-0.00312901,-0.000946323,0.0449694,0.324107,0.96464,0.776024,-0.128906,-0.09375,1.23683
89,0.949219,-0.128906,0.207031,0.609375,-0.135802,0.445989,0.316186,0.510597,0.360683,1.09782,0.740807,0.378254,0.265212,0.00247112,0,0,0,0,0,0.00124512,0.00039369,0.0146526,0.372103,0.941913,0.781724,-0.0507812,-0.128906,1.07039
90,1.09375,0.135742,-1.28906,1.32031,0.124107,0.549385,0.506467,0.685507,0.72643,1.14873,0.603849,0.413943,1.12185,0.00414424,0,0,0,0,0,-0.0508421,-0.0257499,0.73401,0.244908,0.99755,0.762846,0.09375,0.135742,0.814813
91,0.972656,0.0166016,0.851562,0.585938,0.0170683,0.506809,0.398338,0.572228,0.486118,1.12568,0.56261,0.321941,1.11248,0.00412593,0,0,0,0,0,-0.024356,-0.00970194,0.377404,0.285757,0.981088,0.770872,-0.0273438,0.0166016,0.857282
92,0.859375,-0.0432129,-0.574219,0.894531,-0.0502841,0.479948,0.323005,0.485882,0.340413,1.06493,0.680637,0.330709,0.607127,0.00313892,0,0,0,0,0,-0.00011163,-3.60571e-05,0.00142979,0.356286,0.949825,0.779219,-0.140625,-0.0432129,1.04154
93,1.0625,0.130859,-0.765625,0.53125,0.123162,0.54901,0.491495,0.66555,0.684524,1.09761,0.549316,0.365598,1.05043,0.00400474,0,0,0,0,0,-0.0410556,-0.0201786,0.651563,0.31188,0.973026,0.763147,0.0625,0.130859,0.891122
94,0.992188,-0.0751953,0.671875,0.515625,-0.0757874,0.469794,0.360272,0.552642,0.435209,1.0946,0.732547,0.404837,0.935667,0.0037806,0,0,0,0,0,0.00399414,0.00143898,0.0475329,0.354785,0.946538,0.798868,-0.0078125,-0.0751953,1.25148
95,0.980469,-0.0334473,-0.263672,0.53125,-0.0341135,0.486393,0.376447,0.559648,0.454918,1.04975,0.855009,0.478504,0.361755,0.00265968,0,0,0,0,0,0.0170717,0.0064266,0.174066,0.390711,0.925669,0.828106,-0.0195312,-0.0334473,1.01878
96,0.957031,-0.0820312,0.835938,0.443359,-0.0857143,0.465847,0.342756,0.529976,0.398356,1.13093,0.586074,0.310605,1.25544,0.00440516,0,0,0,0,0,0.00989683,0.0033922,0.147214,0.316659,0.969464,0.76913,-0.0429688,-0.0820312,0.978202
97,0.992188,-0.00799561,0.8125,0.337891,-0.00805856,0.496785,0.393872,0.575111,0.485888,1.11221,0.691752,0.397834,1.39777,0.00468314,0,0,0,0,0,0.00810786,0.00319346,0.102179,0.353171,0.951114,0.779801,-0.0078125,-0.00799561,0.999292
98,1.0625,0.115723,0.114258,0.800781,0.108915,0.543365,0.483926,0.659981,0.66976,1.06631,0.594944,0.392652,0.127682,0.0022025,0,0,0,0,0,-0.0436005,-0.0210994,0.638884,0.298064,0.978841,0.762111,0.0625,0.115723,0.772081
99,0.953125,0.00317383,0.267578,0.605469,0.00332992,0.501328,0.383792,0.5562,0.456655,1.13822,0.415495,0.231098,0.343878,0.00262476,0,0,0,0,0,-0.020107,-0.00771692,0.42188,0.339359,0.960162,0.767612,-0.046875,0.00317383,0.909923
100,1.13281,0.174805,-2.26562,0.933594,0.15431,0.561317,0.541663,0.722721,0.815724,1.11469,0.664166,0.480007,2.34482,0.00653285,0,0,0,0,0,-0.0555833,-0.0301074,0.729581,0.260442,0.992283,0.763251,0.132812,0.174805,0.932387
101,0.964844,-0.149414,1,0.398438,-0.154858,0.438467,0.312198,0.51336,0.361006,1.08556,0.871783,0.447539,1.58424,0.00504734,0,0,0,0,0,0.026868,0.00838813,0.268679,0.367444,0.941139,0.797066,-0.0351562,-0.149414,1.15
102,0.992188,0.0522461,1.02344,0.527344,0.0526575,0.520998,0.423993,0.596144,0.535157,1.09975,0.578996,0.345165,1.40934,0.00470573,0,0,0,0,0,-0.0182493,-0.00773757,0.274775,0.351948,0.953555,0.771529,-0.0078125,0.0522461,0.882177
103,0.957031,-0.0209961,0.28125,0.328125,-0.0219388,0.491248,0.373274,0.550206,0.442059,0.974303,0.590251,0.324759,0.49099,0.00291209,0,0,0,0,0,-0.016766,-0.00625832,0.247629,0.369959,0.942409,0.784283,-0.0429688,-0.0209961,0.843084
104,1.08594,0.139648,-0.0786133,1.03906,0.128597,0.551162,0.505288,0.682414,0.721005,1.16095,0.595005,0.40604,0.0771214,0.00210375,0,0,0,0,0,-0.0506345,-0.025585,0.741879,0.27561,0.986654,0.764286,0.0859375,0.139648,0.910899
105,1.05469,0.0654297,0.0524902,0.625,0.062037,0.524733,0.455647,0.637224,0.613668,1.00057,0.59053,0.3763,0.0663955,0.0020828,0,0,0,0,0,-0.0256556,-0.0116899,0.378746,0.304787,0.974316,0.768922,0.0546875,0.0654297,0.840915
106,0.972656,0.0703125,0.192383,0.408203,0.0722892,0.528814,0.425194,0.591237,0.530351,1.16724,0.70817,0.418696,0.301112,0.00254123,0,0,0,0,0,-0.0471555,-0.0200502,0.580499,0.34174,0.955942,0.780978,-0.0273438,0.0703125,1.12828
107,1.07031,-0.118652,-0.898438,0.384766,-0.110858,0.455865,0.369872,0.584096,0.477973,1.14519,0.676597,0.395198,1.4484,0.00478204,0,0,0,0,0,0.00644783,0.00238487,0.0830788,0.334082,0.960799,0.774395,0.0703125,-0.118652,1.41902
108,1.0625,0.0791016,0.640625,0.589844,0.0744485,0.529673,0.465616,0.646675,0.634986,1.19737,0.647845,0.418945,0.834133,0.00358229,0,0,0,0,0,-0.0389888,-0.0181538,0.524657,0.360762,0.95129,0.763936,0.0625,0.0791016,0.948943
109,0.910156,0.0197754,1.05469,0.457031,0.0217275,0.508667,0.374863,0.536937,0.428823,0.997373,0.635798,0.341383,1.56009,0.00500018,0,0,0,0,0,-0.02055,-0.00770342,0.281773,0.374417,0.939032,0.790814,-0.0898438,0.0197754,0.909724
110,0.964844,0.0595703,-0.925781,1.04688,0.0617409,0.524615,0.41669,0.582839,0.513332,1.30737,0.661602,0.385608,0.904817,0.00372035,0,0,0,0,0,-0.0242277,-0.0100955,0.319244,0.366792,0.942349,0.792157,-0.0351562,0.0595703,0.992997
111,0.871094,-0.00171661,0.863281,0.318359,-0.00197064,0.499214,0.348452,0.50674,0.378204,1.04424,0.551648,0.279542,1.53001,0.00494142,0,0,0,0,0,-0.0126796,-0.00441824,0.200378,0.368549,0.942856,0.785358,-0.128906,-0.00171661,0.877153
112,1.17188,-0.183594,0.671875,0.283203,-0.156667,0.437754,0.378128,0.622871,0.530948,1.05455,1.00087,0.623414,1.26252,0.00441899,0,0,0,0,0,0.0232905,0.0088068,0.202865,0.591747,0.806841,0.840865,0.171875,-0.183594,1.70946
113,1.10156,0.10791,1.67188,0.746094,0.097961,0.539018,0.495684,0.679833,0.707876,1.12145,0.811593,0.551748,1.93556,0.00573352,0,0,0,0,0,-0.0394657,-0.0195625,0.423924,0.542308,0.840395,0.821386,0.101562,0.10791,1.17411
114,1.0625,0.0603027,0.609375,0.511719,0.0567555,0.52263,0.456216,0.63994,0.617657,1.1343,0.62797,0.401864,0.851861,0.00361692,0,0,0,0,0,-0.0371811,-0.0169626,0.516166,0.339784,0.958329,0.774352,0.0625,0.0603027,0.80119
115,0.996094,-0.12793,0.886719,0.451172,-0.128431,0.448904,0.335471,0.538093,0.402085,1.22018,0.86367,0.464735,1.32012,0.00453149,0,0,0,0,0,0.0166703,0.00559241,0.168269,0.340487,0.95413,0.791974,-0.00390625,-0.12793,1.19615
116,1.16406,0.213867,-0.683594,0.792969,0.183725,0.572885,0.575111,0.75453,0.900067,1.0229,0.773273,0.583457,0.767662,0.00345246,0,0,0,0,0,-0.0500572,-0.0287884,0.564339,0.399913,0.930173,0.771579,0.164062,0.213867,1.04346
117,0.941406,-0.0922852,0.566406,0.601562,-0.098029,0.460955,0.331364,0.517593,0.377705,1.15659,0.66754,0.345514,0.730277,0.00337945,0,0,0,0,0,0.000994231,0.000329452,0.0129842,0.316904,0.966523,0.780525,-0.0585938,-0.0922852,0.825879
118,0.957031,0.078125,1,0.458984,0.0816327,0.532531,0.422834,0.584963,0.520971,1.24976,0.535303,0.313132,1.47605,0.00483604,0,0,0,0,0,-0.0279699,-0.0118266,0.45551,0.304285,0.974493,0.769002,-0.0429688,0.078125,0.913496
119,1.20312,0.12793,0.0339355,0.566406,0.106331,0.54234,0.546421,0.746192,0.855379,1.12349,0.88433,0.65988,0.0450911,0.00204119,0,0,0,0,0,-0.0353255,-0.0193026,0.348242,0.511107,0.863931,0.776708,0.203125,0.12793,1.58148
120,1.07031,0.0942383,0.283203,0.710938,0.0880474,0.535081,0.476317,0.656689,0.658119,1.05339,0.497699,0.326834,0.335879,0.00260914,0,0,0,0,0,-0.0356878,-0.0169987,0.625115,0.278792,0.985457,0.764437,0.0703125,0.0942383,0.90719
121,0.925781,-0.0898438,0.494141,0.466797,-0.0970464,0.461345,0.326319,0.509294,0.365864,1.19341,0.627427,0.319545,0.723247,0.00336572,0,0,0,0,0,0.00486033,0.00158601,0.0675319,0.322926,0.965802,0.773304,-0.0742188,-0.0898438,1.24475
122,1.04688,-0.0751953,0.170898,0.375,-0.0718284,0.471369,0.382202,0.584456,0.487667,1.18426,0.573213,0.335018,0.279076,0.0024982,0,0,0,0,0,0.00585635,0.00223831,0.0890672,0.286786,0.98128,0.768781,0.046875,-0.0751953,1.1505
123,1.77344,0.116211,-0.84375,0.275391,0.0655286,0.526123,0.769258,1.0737,1.74458,0.952301,1.52853,1.64117,1.60783,0.00509341,0,0,0,0,0,-0.0332679,-0.0255916,0.18974,0.764922,0.658915,0.797746,0.773438,0.116211,2.44867
124,1.11719,-0.0981445,-0.114746,0.546875,-0.0878497,0.464998,0.398923,0.617895,0.540934,1.1938,0.961311,0.59399,0.155165,0.00225618,0,0,0,0,0,0.0248901,0.00992922,0.22572,0.331231,0.956655,0.79885,0.117188,-0.0981445,1.26827
125,0.996094,0.0246582,0.245117,0.585938,0.0247549,0.509875,0.411765,0.588688,0.516104,1.15876,0.677246,0.398686,0.32022,0.00257855,0,0,0,0,0,-0.0184965,-0.0076162,0.238094,0.346752,0.953438,0.78232,-0.00390625,0.0246582,1.10338
126,1.11719,-0.0947266,0.239258,0.482422,-0.0847902,0.466214,0.400632,0.619,0.543666,1.12287,0.851996,0.527385,0.344471,0.00262592,0,0,0,0,0,-0.0138993,-0.00556848,0.14222,0.562695,0.829618,0.899557,0.117188,-0.0947266,1.60301
127,1.00781,0.00248718,0.00150299,0.609375,0.0024679,0.500985,0.405379,0.587813,0.509856,1.23745,0.615762,0.361953,0.00192537,0.00195689,0,0,0,0,0,-0.00749011,-0.00303633,0.106043,0.273228,0.98537,0.77181,0.0078125,0.00248718,1.11762
128,1.17969,0.100586,0.382812,0.285156,0.0852649,0.533975,0.52335,0.722607,0.796056,0.929204,0.776332,0.560983,0.716877,0.00335328,0,0,0,0,0,-0.0431233,-0.0225686,0.484252,0.689215,0.726644,0.781682,0.179688,0.100586,1.36979
129,0.929688,0.0703125,-0.179688,0.882812,0.0756303,0.530143,0.407963,0.566236,0.487057,1.14765,0.597139,0.338122,0.191242,0.00232664,0,0,0,0,0,-0.0256258,-0.0104544,0.374119,0.302707,0.972848,0.777747,-0.0703125,0.0703125,1.08987
130,1.10156,-0.0996094,-0.474609,0.410156,-0.0904255,0.463975,0.391924,0.608338,0.52368,1.24592,0.862342,0.524595,0.741074,0.00340054,0,0,0,0,0,0.00552529,0.0021655,0.0558576,0.361751,0.943722,0.797178,0.101562,-0.0996094,1.20487
131,1.04688,0.0161133,0.390625,0.363281,0.0153918,0.50614,0.427856,0.615282,0.561632,1.10295,0.892567,0.54918,0.648095,0.00321894,0,0,0,0,0,-0.00341561,-0.00146139,0.0333606,0.424975,0.911763,0.802604,0.046875,0.0161133,1.14523
132,0.9375,0.00360107,0.789062,0.494141,0.00384115,0.501532,0.37774,0.547247,0.442167,1.20052,0.508799,0.278439,1.1225,0.00414551,0,0,0,0,0,-0.0139313,-0.0052624,0.238699,0.313393,0.970838,0.768994,-0.0625,0.00360107,0.925182
133,1.00781,0.0322266,-0.238281,1.04688,0.0319767,0.512755,0.420248,0.598165,0.53441,1.26041,0.72056,0.431013,0.232886,0.00240798,0,0,0,0,0,-0.0223555,-0.00939488,0.270472,0.32572,0.962072,0.784092,0.0078125,0.0322266,0.910806
134,1.07031,-0.0678711,0.101562,0.287109,-0.0634124,0.474719,0.395262,0.600496,0.516827,1.0127,0.748655,0.449564,0.189544,0.00232333,0,0,0,0,0,0.00911408,0.00360245,0.10613,0.435581,0.908691,0.784393,0.0703125,-0.0678711,1.11652
135,1,-0.0610352,-0.0490723,0.392578,-0.0610352,0.475666,0.370485,0.56183,0.452912,1.04442,0.755282,0.42434,0.0783201,0.00210609,0,0,0,0,0,-0.0171453,-0.00635206,0.197898,0.414095,0.915888,0.814273,0,-0.0610352,1.48688
136,1.04688,-0.0480957,0.1875,0.439453,-0.0459422,0.481678,0.395751,0.593405,0.508749,1.15789,0.652073,0.386943,0.282843,0.00250555,0,0,0,0,0,-0.0069028,-0.00273179,0.092286,0.336011,0.960093,0.773861,0.046875,-0.0480957,1.18357
137,0.929688,0.0211182,1.95312,0.605469,0.0227153,0.509061,0.383366,0.54878,0.448128,1.16199,0.659811,0.362091,2.51006,0.00685559,0,0,0,0,0,-0.0231954,-0.00889232,0.30647,0.395358,0.930047,0.784117,-0.0703125,0.0211182,1.11261
138,0.957031,0.000112057,-0.851562,0.4375,0.000117088,0.500047,0.383828,0.55742,0.45804,1.07741,0.770508,0.429496,1.28744,0.00446766,0,0,0,0,0,0.00448125,0.00172003,0.0507024,0.631208,0.776379,0.810857,-0.0429688,0.000112057,1.33781
139,0.894531,-0.0471191,0.6875,0.667969,-0.0526747,0.478996,0.33515,0.505048,0.367399,1.13469,0.779957,0.393916,0.841191,0.00359608,0,0,0,0,0,0.0268455,0.00899725,0.30006,0.355667,0.946346,0.797789,-0.105469,-0.0471191,0.951764
140,1.11719,0.212891,-1.71875,0.832031,0.190559,0.575565,0.55682,0.726261,0.837504,1.06008,0.655222,0.475863,1.88427,0.00563334,0,0,0,0,0,-0.0560161,-0.0311909,0.7453,0.249767,0.996085,0.762486,0.117188,0.212891,0.811953
141,1.17188,0.0664062,0.367188,0.730469,0.0566667,0.522595,0.503128,0.70578,0.751262,1.08183,0.799434,0.564224,0.429623,0.00279223,0,0,0,0,0,-0.0415105,-0.0208851,0.452671,0.443111,0.906385,0.772662,0.171875,0.0664062,1.10768
142,0.933594,-0.0595703,0.158203,0.519531,-0.0638075,0.474562,0.344588,0.523669,0.39297,1.16304,0.784835,0.410993,0.219487,0.00238181,0,0,0,0,0,0.000135522,4.66993e-05,0.00150535,0.379032,0.935934,0.795798,-0.0664062,-0.0595703,0.993906
143,1.07812,0.000915527,0.820312,0.546875,0.000849185,0.500339,0.432788,0.628222,0.581969,1.11762,0.79271,0.497998,1.10926,0.00411966,0,0,0,0,0,-0.0120594,-0.00521915,0.132622,0.342408,0.950016,0.809394,0.078125,0.000915527,1.08324
144,1.03125,0.0181885,0.753906,0.398438,0.0176373,0.507036,0.422628,0.606904,0.546947,0.99563,0.5785,0.351094,1.19437,0.00428587,0,0,0,0,0,-0.0397458,-0.0167977,0.598956,0.437627,0.908881,0.776283,0.03125,0.0181885,1.00711
145,1.17188,0.138672,-0.453125,0.617188,0.118333,0.547098,0.539261,0.731976,0.826591,1.12706,0.870969,0.637528,0.576779,0.00307965,0,0,0,0,0,-0.0416913,-0.0224825,0.417302,0.507853,0.865721,0.779769,0.171875,0.138672,1.33963
146,1.07031,0.112793,0.0402832,0.546875,0.105383,0.541964,0.485594,0.663449,0.675967,0.928636,0.674055,0.447201,0.0544728,0.00205952,0,0,0,0,0,-0.0344222,-0.0167152,0.445195,0.380596,0.937154,0.78513,0.0703125,0.112793,0.958073
147,1,-0.0310059,1.19531,0.519531,-0.0310059,0.487632,0.385499,0.571843,0.475614,1.04448,0.86469,0.494466,1.65835,0.00519209,0,0,0,0,0,-0.00869922,-0.00335354,0.0877055,0.338746,0.953915,0.796746,0,-0.0310059,1.22603
148,1.02344,0.0583496,-0.353516,0.394531,0.0570134,0.522733,0.439576,0.616507,0.573308,0.968638,0.634863,0.391398,0.562818,0.00305238,0,0,0,0,0,-0.0399048,-0.0175412,0.547963,0.51036,0.862482,0.796584,0.0234375,0.0583496,1.172
149,1.07812,0.120605,-0.640625,0.392578,0.111866,0.544535,0.492633,0.670854,0.692732,1.06611,0.637577,0.427721,1.02245,0.00395009,0,0,0,0,0,-0.0495274,-0.0243988,0.677204,0.316017,0.970962,0.764483,0.078125,0.120605,0.809721
150,1.13281,0.12207,1.92188,0.384766,0.107759,0.542906,0.515296,0.703176,0.759986,1.13901,0.916029,0.64413,3.09833,0.00800454,0,0,0,0,0,-0.0384787,-0.0198279,0.366199,0.474146,0.883496,0.810151,0.132812,0.12207,1.24015
151,0.902344,0.0654297,-1.07812,0.425781,0.0725108,0.528902,0.394557,0.548569,0.456603,0.970364,0.608205,0.333642,1.65225,0.00518018,0,0,0,0,0,-0.0383926,-0.0151481,0.550306,0.453609,0.898788,0.782248,-0.0976562,0.0654297,0.800506
152,1.17969,0.242188,-0.292969,0.355469,0.205298,0.58133,0.599056,0.771753,0.954471,0.969601,0.80965,0.62485,0.491384,0.00291286,0,0,0,0,0,-0.0624175,-0.0373916,0.672072,0.338639,0.960084,0.769197,0.179688,0.242188,1.09925
153,1.05469,-0.0742188,-0.22168,0.726562,-0.0703704,0.471949,0.385823,0.589321,0.496158,1.07333,0.904929,0.533293,0.260069,0.00246107,0,0,0,0,0,0.0138196,0.00533193,0.133134,0.425746,0.909551,0.817123,0.0546875,-0.0742188,1.00862
154,1.00781,-0.0991211,-0.0446777,0.435547,-0.0983527,0.460826,0.354575,0.554,0.432639,1.14143,0.854395,0.473335,0.0676977,0.00208535,0,0,0,0,0,0.00758302,0.00268875,0.0773731,0.374212,0.938221,0.795766,0.0078125,-0.0991211,1.18647
155,0.882812,0.0534668,0.0145874,0.789062,0.0605642,0.524147,0.380743,0.532915,0.428964,0.976859,0.649913,0.346348,0.0164219,0.0019852,0,0,0,0,0,-0.0258805,-0.00985383,0.347156,0.34862,0.951996,0.785167,-0.117188,0.0534668,1.14116
156,1.09375,-0.0976562,-0.283203,0.408203,-0.0892857,0.464427,0.389768,0.604426,0.51725,1.16674,0.752197,0.454647,0.443261,0.00281887,0,0,0,0,0,0.0194847,0.00759451,0.225823,0.429346,0.910648,0.793953,0.09375,-0.0976562,1.03621
157,0.929688,0.123535,-0.175781,0.714844,0.132878,0.552855,0.434574,0.5857,0.531899,1.03753,0.639246,0.374406,0.207906,0.00235919,0,0,0,0,0,-0.0336039,-0.0146034,0.458277,0.432597,0.909444,0.790159,-0.0703125,0.123535,0.798851
158,1.11719,0.0476074,-0.683594,0.644531,0.0426136,0.516995,0.471799,0.66727,0.667843,1.10733,0.666596,0.444799,0.851483,0.00361618,0,0,0,0,0,-0.041658,-0.0196542,0.544807,0.375465,0.941068,0.778028,0.117188,0.0476074,1.01428
159,1.01562,0.125977,-0.231445,0.515625,0.124038,0.549358,0.470256,0.636517,0.626295,1.07625,0.703268,0.447642,0.322316,0.00258265,0,0,0,0,0,-0.0396519,-0.0186465,0.49153,0.460863,0.895487,0.77594,0.015625,0.125977,1.03046
160,1.01562,-0.0228271,-0.232422,0.671875,-0.022476,0.491034,0.395854,0.583707,0.497414,1.20414,0.649077,0.378871,0.283552,0.00250694,0,0,0,0,0,-0.0218566,-0.00865203,0.293557,0.292547,0.979115,0.768759,0.015625,-0.0228271,1.01897
161,1.01562,-0.129883,-0.292969,0.503906,-0.127885,0.44912,0.342327,0.548817,0.418388,1.13115,0.714134,0.391929,0.412711,0.0027592,0,0,0,0,0,0.0175357,0.00600292,0.214067,0.328981,0.96228,0.777315,0.015625,-0.129883,1.28135
162,1.03125,0.0825195,-0.644531,0.527344,0.0800189,0.531889,0.454793,0.629726,0.603392,1.04355,0.502647,0.31653,0.887559,0.00368664,0,0,0,0,0,-0.0310687,-0.0141298,0.538848,0.291161,0.980768,0.76471,0.03125,0.0825195,0.752168
163,1.03906,0.132812,1.09375,0.527344,0.12782,0.550854,0.483073,0.652658,0.659322,1.11461,0.675673,0.440984,1.50616,0.00489484,0,0,0,0,0,-0.0453037,-0.021885,0.584527,0.352794,0.952291,0.775313,0.0390625,0.132812,0.877889
164,1.05469,0.0947266,-0.308594,0.882812,0.0898148,0.535783,0.470295,0.647779,0.640795,1.11334,0.543995,0.352389,0.328438,0.0025946,0,0,0,0,0,-0.0357465,-0.0168114,0.572856,0.28337,0.983913,0.763952,0.0546875,0.0947266,0.836324
165,1.05469,-0.0449219,-0.289062,0.458984,-0.0425926,0.483013,0.400471,0.599013,0.519194,1.25031,0.770461,0.461516,0.426671,0.00278647,0,0,0,0,0,-0.0146649,-0.00587287,0.165934,0.420122,0.913937,0.805386,0.0546875,-0.0449219,1.24095
166,0.949219,-0.119629,-0.392578,0.326172,-0.126029,0.449855,0.320825,0.513483,0.366593,1.1433,0.728659,0.374154,0.687389,0.00329568,0,0,0,0,0,-0.00185444,-0.000594951,0.0221869,0.335503,0.95914,0.778828,-0.0507812,-0.119629,1.19456
167,1.08594,-0.00506592,0.425781,0.472656,-0.00466502,0.498139,0.432931,0.630716,0.585231,1.13882,0.823653,0.519491,0.619318,0.00316273,0,0,0,0,0,-0.0093169,-0.00403357,0.0986129,0.487363,0.877,0.795444,0.0859375,-0.00506592,1.57331
168,0.957031,0.0129395,-0.671875,0.464844,0.0135204,0.505394,0.390242,0.561855,0.46797,1.20015,0.821436,0.461528,0.985451,0.00387783,0,0,0,0,0,0.0116225,0.00453557,0.123348,0.403828,0.921182,0.813233,-0.0429688,0.0129395,1.09826
169,0.9375,0.0322266,1.05469,0.746094,0.034375,0.513711,0.392053,0.557223,0.464203,1.03324,0.586311,0.326706,1.22103,0.00433795,0,0,0,0,0,-0.0202316,-0.00793187,0.300822,0.299077,0.974824,0.775504,-0.0625,0.0322266,1.04456
170,1.1875,0.228516,-0.361328,0.546875,0.192434,0.576299,0.593284,0.772589,0.94888,0.946714,0.794466,0.613796,0.488605,0.00290743,0,0,0,0,0,-0.0624671,-0.0370607,0.685461,0.367677,0.94748,0.766083,0.1875,0.228516,0.9871
171,1.11719,-0.0913086,-0.182617,0.455078,-0.0817308,0.46743,0.402341,0.620107,0.546411,1.07793,0.931987,0.577932,0.270706,0.00248185,0,0,0,0,0,0.0144669,0.00582064,0.135324,0.43081,0.906171,0.824054,0.117188,-0.0913086,1.26153
172,1.07031,0.0529785,1.02344,0.486328,0.0494982,0.519739,0.455687,0.641883,0.619664,1.13709,0.698839,0.448572,1.46756,0.00481946,0,0,0,0,0,-0.0358804,-0.0163503,0.447598,0.497514,0.87322,0.773051,0.0703125,0.0529785,1.04079
173,0.875,-0.00552368,0.195312,0.416016,-0.00631278,0.497482,0.348115,0.507708,0.378951,1.1575,0.612799,0.311123,0.302813,0.00254456,0,0,0,0,0,-0.012235,-0.00425919,0.174057,0.416451,0.920988,0.773848,-0.125,-0.00552368,1.12125
174,0.898438,0.032959,-0.355469,0.412109,0.0366848,0.514632,0.376755,0.534736,0.427887,1.13316,0.732644,0.391771,0.553726,0.00303462,0,0,0,0,0,-0.00990014,-0.00372993,0.117803,0.33308,0.956237,0.797078,-0.101562,0.032959,1.3972
175,1.07812,-0.139648,1.61719,0.318359,-0.129529,0.44847,0.362506,0.582038,0.470179,1.13672,0.913309,0.531581,2.86617,0.00755111,0,0,0,0,0,0.0173593,0.00629286,0.1657,0.390692,0.931832,0.787086,0.078125,-0.139648,1.35779
176,1.09375,0.133789,0.75,0.306641,0.122321,0.548678,0.505491,0.684786,0.724453,1.12603,0.64509,0.441749,1.3544,0.00459843,0,0,0,0,0,-0.0344817,-0.0174302,0.465988,0.441017,0.90869,0.766516,0.09375,0.133789,1.21267
177,1.07031,-0.0247803,-0.582031,0.419922,-0.0231524,0.490764,0.416808,0.614891,0.55182,1.15956,0.699409,0.430061,0.898177,0.00370738,0,0,0,0,0,-0.00916491,-0.00382001,0.114236,0.327679,0.962774,0.777552,0.0703125,-0.0247803,0.992002
178,1.05469,0.108887,0.277344,0.535156,0.103241,0.541114,0.477376,0.652937,0.654214,1.10539,0.732455,0.478247,0.379121,0.0026936,0,0,0,0,0,-0.0333862,-0.0159377,0.397368,0.480289,0.881409,0.794461,0.0546875,0.108887,1.03449
179,0.871094,0.0532227,-0.109863,0.455078,0.0610987,0.52436,0.375922,0.526007,0.418001,1.12756,0.42827,0.225273,0.162858,0.00227121,0,0,0,0,0,-0.0245312,-0.0092218,0.499353,0.305067,0.975349,0.764703,-0.128906,0.0532227,0.938027
180,1.02344,0.111328,0.3125,0.796875,0.108779,0.543311,0.466065,0.635666,0.621287,1.11021,0.503915,0.320321,0.35007,0.00263686,0,0,0,0,0,-0.0317913,-0.0148168,0.549994,0.378721,0.941727,0.767719,0.0234375,0.111328,1.05252
181,1.03906,0.161133,-1.45312,0.462891,0.155075,0.561619,0.497233,0.663207,0.687085,0.986796,0.640765,0.42496,2.13582,0.00612464,0,0,0,0,0,-0.0419229,-0.0208455,0.570374,0.350156,0.954722,0.770051,0.0390625,0.161133,0.961464
182,0.960938,0.0415039,-0.267578,0.371094,0.0431911,0.517225,0.40609,0.574142,0.494548,1.07345,0.560922,0.322049,0.439247,0.00281103,0,0,0,0,0,-0.0255658,-0.010382,0.397341,0.31075,0.97086,0.773035,-0.0390625,0.0415039,0.911834
183,1.16406,0.271484,-0.0571289,0.601562,0.233221,0.592205,0.611846,0.77078,0.968456,0.981971,0.773716,0.596364,0.0736573,0.00209699,0,0,0,0,0,-0.0569707,-0.0348573,0.641914,0.298608,0.976227,0.770835,0.164062,0.271484,0.986541
184,1.08594,0.136719,-0.211914,0.640625,0.125899,0.550094,0.503823,0.68133,0.718048,1.16292,0.808009,0.550521,0.264763,0.00247024,0,0,0,0,0,-0.0394277,-0.0198646,0.425395,0.481285,0.88338,0.773857,0.0859375,0.136719,1.32398
185,1.14844,0.219727,0.835938,0.535156,0.191327,0.575865,0.572957,0.746821,0.886022,1.11268,0.960555,0.717363,1.1427,0.00418497,0,0,0,0,0,-0.0449062,-0.0257293,0.40756,0.654388,0.75696,0.791765,0.148438,0.219727,1.28887
186,0.988281,0.0830078,-0.462891,0.929688,0.0839921,0.533469,0.437807,0.604907,0.557588,1.1302,0.639689,0.386952,0.480076,0.00289077,0,0,0,0,0,-0.0327201,-0.0143251,0.445915,0.3746,0.940834,0.781166,-0.0117188,0.0830078,1.02504
187,1.07812,0.126953,-0.492188,0.486328,0.117754,0.546869,0.495807,0.673188,0.699007,1.05888,0.661183,0.4451,0.705774,0.00333159,0,0,0,0,0,-0.0455978,-0.0226077,0.601213,0.380289,0.938418,0.779522,0.078125,0.126953,0.858056
188,1.09375,-0.191406,0.328125,0.263672,-0.175,0.43054,0.342893,0.575315,0.448563,1.02411,0.931662,0.535999,0.63901,0.00320119,0,0,0,0,0,0.0386281,0.0132453,0.361453,0.405518,0.923485,0.792072,0.09375,-0.191406,1.4561
189,0.972656,0.0167236,0.0356445,0.503906,0.0171938,0.506859,0.398399,0.572271,0.486216,1.17441,0.739825,0.42338,0.0502132,0.0020512,0,0,0,0,0,-0.00760159,-0.00302847,0.0895741,0.396721,0.926069,0.803629,-0.0273438,0.0167236,1.01386
190,1.07031,0.0235596,-0.226562,0.482422,0.0220119,0.508781,0.440978,0.631525,0.593285,0.99599,0.629375,0.397466,0.326193,0.00259022,0,0,0,0,0,-0.0204954,-0.009038,0.283892,0.358244,0.950582,0.771849,0.0703125,0.0235596,0.987709
191,0.914062,-0.122559,-0.0534668,0.388672,-0.134081,0.446669,0.305262,0.492174,0.33542,1.1052,0.620215,0.305254,0.0857615,0.00212063,0,0,0,0,0,0.0223356,0.00681821,0.313951,0.396977,0.929337,0.783534,-0.0859375,-0.122559,1.08805
192,1.03906,-0.0527344,0.482422,0.333984,-0.0507519,0.479762,0.390299,0.587313,0.497271,1.1092,0.783176,0.45997,0.834764,0.00358352,0,0,0,0,0,0.006903,0.00269423,0.0768396,0.357762,0.946916,0.789932,0.0390625,-0.0527344,1.23824
193,0.933594,-0.00209045,1.29688,0.753906,-0.00223915,0.499107,0.373328,0.543012,0.434236,1.20369,0.656239,0.356345,1.49362,0.00487035,0,0,0,0,0,-0.0183947,-0.00686727,0.244364,0.321718,0.964866,0.779209,-0.0664062,-0.00209045,0.967
194,1.15625,-0.0688477,0.199219,0.141602,-0.0595439,0.476259,0.429235,0.650185,0.606983,0.955019,0.921263,0.598991,0.529415,0.00298714,0,0,0,0,0,0.00998356,0.0042853,0.0944732,0.450245,0.894061,0.848614,0.15625,-0.0688477,1.50663
195,0.949219,-0.0458984,-0.150391,0.365234,-0.0483539,0.480717,0.35769,0.537288,0.41662,1.11358,0.750652,0.403316,0.248848,0.00243916,0,0,0,0,0,-0.00763652,-0.00273151,0.0886878,0.344115,0.953686,0.786555,-0.0507812,-0.0458984,1.22066
196,1.0625,0.155273,1.3125,0.535156,0.14614,0.558094,0.503702,0.674615,0.708821,1.01659,0.621736,0.419432,1.79415,0.00545733,0,0,0,0,0,-0.0435824,-0.0219525,0.6111,0.391007,0.935207,0.769379,0.0625,0.155273,0.979494
197,0.921875,-0.0898438,1.70312,0.373047,-0.0974576,0.461181,0.324752,0.507024,0.362537,1.24845,0.684854,0.347237,2.78846,0.00739934,0,0,0,0,0,-0.00187588,-0.000609195,0.0238788,0.316735,0.967317,0.777518,-0.078125,-0.0898438,1.1306
198,0.992188,0.0234375,-0.0996094,0.380859,0.023622,0.509423,0.409588,0.585987,0.511143,1.11322,0.485232,0.284339,0.161405,0.00226837,0,0,0,0,0,-0.0124814,-0.00511223,0.224244,0.350825,0.954952,0.767839,-0.0078125,0.0234375,0.870508
199,0.984375,0.00248718,0.341797,0.365234,0.00252666,0.501008,0.39598,0.574163,0.486464,1.13062,0.663014,0.380678,0.565565,0.00305774,0,0,0,0,0,-0.00835077,-0.00330674,0.109802,0.3203,0.966051,0.776719,-0.015625,0.00248718,1.16473
200,1.08594,0.135742,-0.251953,0.566406,0.125,0.549738,0.503335,0.680969,0.717065,1.02108,0.671417,0.457214,0.334777,0.00260699,0,0,0,0,0,-0.0495545,-0.0249425,0.643425,0.369503,0.944849,0.773758,0.0859375,0.135742,0.965895
201,1.07031,-0.133789,-0.566406,0.4375,-0.125,0.450262,0.362303,0.579333,0.46689,1.27196,0.916333,0.530862,0.856326,0.00362564,0,0,0,0,0,0.0316785,0.0114772,0.301382,0.34419,0.952178,0.793718,0.0703125,-0.133789,1.65974
202,1.02344,0.0742188,0.178711,0.621094,0.0725191,0.528906,0.44751,0.62219,0.587385,1.20343,0.490402,0.305123,0.226763,0.00239602,0,0,0,0,0,-0.0314117,-0.0140571,0.558402,0.26384,0.99098,0.763706,0.0234375,0.0742188,0.727366
203,1.04688,-0.0166016,0.65625,0.507812,-0.0158582,0.493674,0.411499,0.604021,0.534173,1.0964,0.687206,0.415087,0.920911,0.00375178,0,0,0,0,0,-0.00946948,-0.00389668,0.120128,0.365296,0.944229,0.786085,0.046875,-0.0166016,1.35436
204,1.05469,0.0981445,-0.433594,1.07812,0.0930556,0.53707,0.472004,0.649021,0.644016,1.12836,0.548554,0.356023,0.417588,0.00276873,0,0,0,0,0,-0.0402283,-0.0189879,0.639321,0.363185,0.94977,0.765469,0.0546875,0.0981445,0.924984
205,0.886719,0.0393066,0.96875,0.527344,0.0443282,0.517679,0.37523,0.530154,0.421861,1.00257,0.544893,0.288877,1.33403,0.00455865,0,0,0,0,0,-0.0141848,-0.00532254,0.226943,0.375958,0.937211,0.796822,-0.113281,0.0393066,1.05933
206,1.03906,0.145508,-0.542969,0.550781,0.140038,0.555685,0.48942,0.65737,0.671668,1.12276,0.710037,0.466758,0.731619,0.00338207,0,0,0,0,0,-0.0381489,-0.0186708,0.46839,0.354668,0.949797,0.782753,0.0390625,0.145508,1.2502
207,1.01562,-0.0610352,-0.851562,0.243164,-0.0600962,0.47604,0.37675,0.570923,0.467894,1.07831,0.640175,0.365491,1.7269,0.00532597,0,0,0,0,0,0.00300217,0.00113107,0.040883,0.381065,0.938999,0.774896,0.015625,-0.0610352,1.14621
208,0.945312,0.078125,-0.233398,0.578125,0.0826446,0.532933,0.418135,0.578146,0.50909,1.22776,0.498813,0.288387,0.306964,0.00255266,0,0,0,0,0,-0.0304648,-0.0127384,0.532436,0.322725,0.967922,0.765375,-0.0546875,0.078125,0.949264
209,1.08594,-0.0756836,0.179688,0.269531,-0.0696942,0.472219,0.397622,0.607022,0.526579,1.05734,0.864885,0.525005,0.346109,0.00262912,0,0,0,0,0,0.0189793,0.00754659,0.191306,0.454174,0.894419,0.815302,0.0859375,-0.0756836,1.26028
210,1.08594,0.0629883,0.392578,0.695312,0.0580036,0.523127,0.466958,0.65454,0.646472,0.973541,0.708555,0.463778,0.4708,0.00287266,0,0,0,0,0,-0.0289995,-0.0135415,0.356799,0.35107,0.951313,0.783245,0.0859375,0.0629883,1.33242
211,0.925781,0.0043335,0.777344,0.816406,0.00468091,0.501867,0.373407,0.540675,0.431762,1.17109,0.650659,0.351795,0.86032,0.00363344,0,0,0,0,0,-0.0136929,-0.00511301,0.183463,0.297367,0.972237,0.788736,-0.0742188,0.0043335,0.964363
212,0.949219,-0.0114746,1.44531,0.53125,-0.0120885,0.495178,0.374902,0.548896,0.441839,1.22023,0.730824,0.401147,1.98295,0.00582608,0,0,0,0,0,-0.00717354,-0.00268937,0.0855711,0.355016,0.950035,0.780908,-0.0507812,-0.0114746,0.933939
213,1.07031,-0.0153809,-0.734375,0.396484,-0.0143704,0.494267,0.421507,0.618087,0.5597,0.898935,0.562611,0.347742,1.16629,0.00423103,0,0,0,0,0,-0.0242525,-0.0102226,0.375799,0.429634,0.914475,0.770079,0.0703125,-0.0153809,0.821149
214,0.996094,0.0228271,-0.0563965,0.408203,0.0229167,0.509142,0.41085,0.588048,0.514598,1.15189,0.619325,0.364193,0.0882702,0.00212553,0,0,0,0,0,-0.0165019,-0.00677978,0.232285,0.323693,0.966758,0.768269,-0.00390625,0.0228271,0.980896
215,1.05469,0.143555,0.0617676,0.480469,0.136111,0.554133,0.49471,0.665715,0.687915,1.12131,0.578387,0.385041,0.0891103,0.00212717,0,0,0,0,0,-0.0459462,-0.02273,0.69253,0.353406,0.953095,0.770651,0.0546875,0.143555,0.875097
216,1.03125,-0.0913086,-1.01562,0.419922,-0.0885417,0.464723,0.367879,0.570134,0.460389,1.20017,0.883661,0.503806,1.56729,0.00501424,0,0,0,0,0,0.0189199,0.00696023,0.186655,0.431666,0.906913,0.812964,0.03125,-0.0913086,1.08864
217,1.04688,0.0844727,-1.29688,0.636719,0.0806903,0.532156,0.462036,0.639521,0.622465,0.999901,0.641443,0.410217,1.62527,0.00512747,0,0,0,0,0,-0.033386,-0.0154255,0.453747,0.390864,0.932883,0.781077,0.046875,0.0844727,0.9898
218,0.910156,0.0291748,1.21875,0.318359,0.0320547,0.512786,0.379562,0.540228,0.435914,0.988252,0.582633,0.314755,2.16001,0.00617189,0,0,0,0,0,-0.0236044,-0.00895935,0.353187,0.43148,0.912849,0.77332,-0.0898438,0.0291748,0.818304
219,1,0.0805664,0.746094,0.539062,0.0805664,0.532107,0.441286,0.610841,0.56786,1.08954,0.588307,0.359362,1.01619,0.00393787,0,0,0,0,0,-0.0357415,-0.0157722,0.529634,0.321905,0.966236,0.773271,0,0.0805664,1.02192
220,0.898438,-0.104492,-0.287109,0.308594,-0.116304,0.453706,0.308029,0.488754,0.333762,0.881328,0.719233,0.351528,0.516837,0.00296257,0,0,0,0,0,0.0123955,0.00381817,0.150245,0.513444,0.858124,0.856729,-0.101562,-0.104492,1.12784
221,0.996094,0.0776367,0.738281,0.408203,0.0779412,0.531063,0.438254,0.607511,0.561137,1.13164,0.464696,0.282308,1.15554,0.00421003,0,0,0,0,0,-0.0305829,-0.0134031,0.573743,0.303031,0.97621,0.764519,-0.00390625,0.0776367,0.989492
222,1.04688,0.0556641,0.239258,0.394531,0.0531716,0.521202,0.447631,0.629194,0.596258,1.10276,0.505179,0.317856,0.380913,0.0026971,0,0,0,0,0,-0.0320552,-0.0143489,0.553171,0.332488,0.963733,0.765414,0.046875,0.0556641,0.902382
223,0.976562,-0.0712891,0.953125,0.373047,-0.073,0.470903,0.355959,0.544828,0.423544,0.974871,0.698859,0.380757,1.56052,0.00500101,0,0,0,0,0,0.00680181,0.00242117,0.084848,0.435148,0.904149,0.821449,-0.0234375,-0.0712891,1.16957
224,1.04688,0.162109,-0.839844,0.882812,0.154851,0.561531,0.500854,0.668106,0.69722,1.14224,0.579094,0.386896,0.893849,0.00369892,0,0,0,0,0,-0.0459389,-0.0230087,0.691573,0.293275,0.98027,0.763613,0.046875,0.162109,0.763296
225,0.988281,0.0932617,-0.671875,0.470703,0.0943676,0.537591,0.442934,0.608628,0.566619,0.89925,0.574112,0.349421,0.979298,0.00386582,0,0,0,0,0,-0.0408153,-0.0180785,0.619773,0.292998,0.977971,0.772362,-0.0117188,0.0932617,0.987938
226,1.0625,0.101562,-1.10938,0.539062,0.0955882,0.538076,0.476846,0.654807,0.656155,0.849495,0.51209,0.335321,1.51098,0.00490426,0,0,0,0,0,-0.038436,-0.0183281,0.654333,0.328532,0.964913,0.767452,0.0625,0.101562,0.866648
227,1.02344,-0.196289,0.0581055,0.443359,-0.191794,0.423952,0.31461,0.531829,0.381822,1.15452,0.768279,0.408593,0.0872648,0.00212356,0,0,0,0,0,0.0215894,0.00679224,0.244979,0.416863,0.915085,0.809462,0.0234375,-0.196289,1.08338
228,1.03906,-0.0151978,1.30469,0.609375,-0.0146264,0.494165,0.409068,0.59995,0.527276,1.17586,0.677202,0.406287,1.67134,0.00521746,0,0,0,0,0,-0.0188312,-0.00770322,0.242418,0.314392,0.967603,0.780259,0.0390625,-0.0151978,0.989798
229,1,0.0727539,-1.46094,0.535156,0.0727539,0.528999,0.437379,0.608025,0.560996,1.16655,0.502778,0.305702,1.99706,0.00585363,0,0,0,0,0,-0.0343858,-0.0150396,0.596224,0.293378,0.980015,0.764376,0,0.0727539,0.79959
230,1.04688,0.103027,-0.390625,0.660156,0.0984142,0.539198,0.471313,0.646256,0.639783,1.18778,0.849924,0.549268,0.480769,0.00289213,0,0,0,0,0,-0.0341366,-0.016089,0.350144,0.360951,0.944129,0.796936,0.046875,0.103027,1.02878
231,1.07031,0.173828,0.291016,1,0.162409,0.564508,0.516112,0.686101,0.737106,1.07857,0.568947,0.390355,0.291016,0.00252151,0,0,0,0,0,-0.0448339,-0.0231393,0.686976,0.273637,0.987832,0.762689,0.0703125,0.173828,0.878345
232,1.22656,0.121094,-0.0368652,0.441406,0.0987261,0.539322,0.552401,0.75732,0.878681,1.04985,0.932345,0.706084,0.0554878,0.0020615,0,0,0,0,0,-0.0480559,-0.0265462,0.449342,0.526033,0.85257,0.792683,0.226562,0.121094,1.53306
233,0.945312,-0.0332031,-1.65625,0.609375,-0.035124,0.48599,0.362471,0.53926,0.422186,1.16294,0.582328,0.314026,2.1217,0.00609707,0,0,0,0,0,-0.0102611,-0.00371936,0.153615,0.338029,0.957951,0.779252,-0.0546875,-0.0332031,1.01642
234,1.04688,0.104492,-1.53125,0.449219,0.0998134,0.539754,0.472045,0.64679,0.641164,1.14344,0.530382,0.343046,2.28464,0.00641531,0,0,0,0,0,-0.0384239,-0.0181378,0.631567,0.321018,0.969133,0.763534,0.046875,0.104492,1.06702
235,0.875,0.0791016,0.166016,1.32812,0.0904018,0.536016,0.390428,0.537603,0.441451,1.21915,0.587726,0.315963,0.144055,0.00223448,0,0,0,0,0,-0.0204023,-0.00796563,0.30263,0.353065,0.952434,0.77415,-0.125,0.0791016,0.795629
236,1.11719,-0.097168,0.279297,0.53125,-0.0869755,0.465345,0.399411,0.618211,0.541713,1.23251,0.932896,0.576726,0.383192,0.00270155,0,0,0,0,0,0.00153823,0.000614384,0.0143745,0.363431,0.942904,0.797473,0.117188,-0.097168,1.58901
237,0.9375,-0.00674438,-0.146484,0.574219,-0.00719401,0.49713,0.372568,0.54369,0.434405,1.23607,0.639659,0.347776,0.193309,0.00233068,0,0,0,0,0,0.000490345,0.000182687,0.00668283,0.308637,0.970272,0.778739,-0.0625,-0.00674438,0.993592
238,1,-0.101074,-0.209961,0.277344,-0.101074,0.459746,0.350465,0.548835,0.424046,1.10313,0.652349,0.358032,0.398684,0.00273181,0,0,0,0,0,0.0183997,0.00644845,0.245888,0.3465,0.952003,0.789607,0,-0.101074,1.03147
239,0.960938,-0.0673828,0.542969,0.585938,-0.070122,0.472048,0.351647,0.537015,0.41204,1.19292,0.691081,0.371121,0.709331,0.00333854,0,0,0,0,0,0.00531387,0.00186861,0.067033,0.317793,0.96817,0.772352,-0.0390625,-0.0673828,1.43038
240,0.902344,-0.00799561,0.609375,0.957031,-0.00886093,0.496465,0.357844,0.522786,0.401358,1.16151,0.663364,0.346797,0.622905,0.00316974,0,0,0,0,0,-0.0111345,-0.00398441,0.146327,0.278016,0.983419,0.772694,-0.0976562,-0.00799561,1.07977
241,0.820312,-0.169922,-0.361328,0.613281,-0.207143,0.417949,0.247605,0.421543,0.239007,1.3115,0.737614,0.310937,0.461394,0.00285429,0,0,0,0,0,0.0291352,0.00721403,0.344346,0.3063,0.969878,0.784182,-0.179688,-0.169922,1.27803
242,1.01562,-0.118164,0.761719,0.476562,-0.116346,0.453689,0.348186,0.552491,0.42648,1.23489,0.847476,0.468223,1.1034,0.00410821,0,0,0,0,0,0.0140653,0.00489734,0.144687,0.314216,0.96684,0.783778,0.015625,-0.118164,1.30118
243,1.03125,0.0563965,0.0180664,0.714844,0.0546875,0.521806,0.441732,0.620359,0.579972,1.15282,0.645574,0.400487,0.0213681,0.00199486,0,0,0,0,0,-0.0282999,-0.012501,0.38216,0.309513,0.97158,0.772166,0.03125,0.0563965,1.0526
244,1.10938,0.0854492,-0.249023,0.570312,0.0770246,0.530698,0.487587,0.676234,0.695033,1.18243,0.88835,0.600733,0.329749,0.00259717,0,0,0,0,0,-0.032382,-0.015789,0.31778,0.381948,0.934947,0.793493,0.109375,0.0854492,1.10141
245,0.910156,-0.145508,0.609375,0.376953,-0.159871,0.436491,0.292221,0.482879,0.318565,1.0684,0.798665,0.385658,0.992524,0.00389165,0,0,0,0,0,0.0176011,0.00514341,0.192124,0.34105,0.950692,0.808807,-0.0898438,-0.145508,1.26072
246,0.957031,-0.00695801,0.539062,0.449219,-0.00727041,0.4971,0.380293,0.554991,0.452638,0.989811,0.602061,0.334138,0.804285,0.00352399,0,0,0,0,0,-0.0191208,-0.00727152,0.276869,0.384268,0.935472,0.784577,-0.0429688,-0.00695801,0.971835
247,0.800781,-0.137695,0.726562,0.416016,-0.171951,0.431738,0.252268,0.421941,0.241673,1.14656,0.667642,0.281706,1.12647,0.00415325,0,0,0,0,0,0.0212834,0.00536912,0.27791,0.343718,0.954998,0.781321,-0.199219,-0.137695,1.14655
248,0.859375,-0.0478516,0.746094,0.953125,-0.0556818,0.477798,0.320686,0.484343,0.337427,1.21193,0.604701,0.292882,0.76422,0.00344574,0,0,0,0,0,-0.0137109,-0.0043969,0.197666,0.300214,0.975561,0.770996,-0.140625,-0.0478516,0.912388
249,0.972656,-0.0285645,0.984375,0.4375,-0.0293675,0.488286,0.375755,0.556744,0.451156,1.03206,0.639817,0.356214,1.48824,0.00485983,0,0,0,0,0,-0.0191164,-0.00718309,0.26047,0.356842,0.947366,0.789762,-0.0273438,-0.0285645,1.02267
250,1.05469,0.0961914,0.589844,0.484375,0.0912037,0.536335,0.471028,0.648311,0.642174,1.17279,0.643819,0.417395,0.847513,0.00360842,0,0,0,0,0,-0.0435581,-0.0205171,0.58981,0.39247,0.934078,0.771186,0.0546875,0.0961914,0.90846
251,0.972656,0.00180054,0.71875,0.451172,0.00185115,0.500739,0.390938,0.567101,0.474436,1.08987,0.749047,0.424786,1.07006,0.00404308,0,0,0,0,0,-0.00127351,-0.000497862,0.0148217,0.374383,0.9386,0.79323,-0.0273438,0.00180054,1.20226
252,1.09375,0.136719,-2.40625,0.777344,0.125,0.549738,0.506956,0.685868,0.727419,1.12178,0.611899,0.419682,2.72919,0.00728358,0,0,0,0,0,-0.0497063,-0.0251989,0.708171,0.25796,0.993134,0.763224,0.09375,0.136719,0.782264
253,0.996094,0.0339355,-0.0510254,0.431641,0.0340686,0.513589,0.416404,0.591942,0.523787,1.08857,0.699918,0.414311,0.077665,0.00210481,0,0,0,0,0,-0.0217321,-0.00904934,0.270684,0.440464,0.903194,0.804366,-0.00390625,0.0339355,1.00239
254,1.07812,0.106934,-0.427734,0.78125,0.0991848,0.539504,0.485797,0.66585,0.679355,1.08545,0.583967,0.388834,0.483926,0.00289829,0,0,0,0,0,-0.0482195,-0.0234249,0.719849,0.291564,0.980916,0.763648,0.078125,0.106934,0.724
255,1.07031,0.0791016,-0.412109,0.363281,0.0739051,0.529457,0.468749,0.65122,0.643813,1.03875,0.924312,0.601931,0.68374,0.00328855,0,0,0,0,0,-0.032468,-0.0152193,0.306227,0.473605,0.882399,0.828277,0.0703125,0.0791016,1.0973
256,1.03906,-0.0732422,-0.964844,0.445312,-0.0704887,0.471902,0.380045,0.58055,0.481473,1.15983,0.710116,0.412258,1.44585,0.00477706,0,0,0,0,0,0.0168347,0.00639794,0.206672,0.345011,0.954461,0.781174,0.0390625,-0.0732422,1.05867
257,1.03125,0.0551758,0.0112915,0.714844,0.0535038,0.521335,0.441122,0.619924,0.578895,1.11745,0.455425,0.282329,0.0133551,0.00197921,0,0,0,0,0,-0.0307987,-0.013586,0.589552,0.266725,0.99004,0.763498,0.03125,0.0551758,0.992448
258,1.10156,-0.0177002,-0.265625,0.355469,-0.0160683,0.49359,0.432879,0.635496,0.591239,1.05457,0.750225,0.476765,0.445521,0.00282328,0,0,0,0,0,-0.0103811,-0.00449376,0.120631,0.357291,0.948973,0.781024,0.101562,-0.0177002,1.21857
259,0.941406,0.0152588,-1.0625,0.455078,0.0162085,0.506466,0.385136,0.553562,0.45476,1.09223,0.675523,0.373944,1.57502,0.00502934,0,0,0,0,0,-0.00640267,-0.00246589,0.082628,0.338021,0.957571,0.780932,-0.0585938,0.0152588,1.04865
260,0.890625,-0.0766602,0.949219,0.470703,-0.0860746,0.465704,0.318813,0.493098,0.344788,1.25386,0.731214,0.36056,1.38354,0.00465536,0,0,0,0,0,0.00563712,0.00179718,0.0672078,0.335788,0.957858,0.783945,-0.109375,-0.0766602,1.13407
261,0.949219,0.0712891,1.03125,0.46875,0.0751029,0.529934,0.416283,0.577952,0.50732,1.05773,0.600163,0.346865,1.50624,0.00489499,0,0,0,0,0,-0.0269031,-0.0111993,0.390788,0.415115,0.921618,0.77431,-0.0507812,0.0712891,0.866427
262,1.08594,0.136719,-0.0354004,1.22656,0.125899,0.550094,0.503823,0.68133,0.718048,1.23548,0.571438,0.389338,0.0319642,0.00201555,0,0,0,0,0,-0.0503627,-0.0253739,0.768328,0.24576,0.997129,0.763325,0.0859375,0.136719,0.955261
263,1,0.065918,0.181641,0.546875,0.065918,0.526278,0.433961,0.605571,0.555039,1.09569,0.665563,0.403046,0.245623,0.00243286,0,0,0,0,0,-0.0218794,-0.00949481,0.286585,0.407838,0.921051,0.799947,0,0.065918,1.12643
264,1.19531,0.133789,-0.511719,0.490234,0.111928,0.54456,0.546218,0.7438,0.851592,0.970996,0.912298,0.678567,0.730852,0.00338057,0,0,0,0,0,-0.051122,-0.0279238,0.488515,0.579854,0.814734,0.810075,0.195312,0.133789,1.239
265,0.921875,-0.0245361,-0.197266,0.425781,-0.0266155,0.489383,0.357406,0.528534,0.407087,1.22977,0.552212,0.291863,0.302314,0.00254358,0,0,0,0,0,0.0015303,0.000546937,0.0241588,0.337093,0.960757,0.769222,-0.078125,-0.0245361,0.978399
266,1.14062,0.212891,0.691406,0.703125,0.186644,0.57403,0.565654,0.740259,0.867947,1.04263,0.662374,0.490328,0.82455,0.00356357,0,0,0,0,0,-0.0558681,-0.031602,0.735304,0.337979,0.961748,0.763785,0.140625,0.212891,1.16366
267,1.01562,-0.170898,0.104492,0.375,-0.168269,0.433186,0.321819,0.536265,0.391147,1.20929,0.958291,0.513898,0.170635,0.0022864,0,0,0,0,0,0.0425598,0.0136965,0.387176,0.337742,0.953099,0.803209,0.015625,-0.170898,1.67093
268,0.929688,-0.100586,0.5,0.322266,-0.108193,0.456921,0.322514,0.508138,0.36222,1.25509,0.751978,0.382109,0.880771,0.00367338,0,0,0,0,0,0.00641426,0.00206869,0.0743616,0.306634,0.969836,0.78381,-0.0703125,-0.100586,1.23982
269,0.960938,0.0419922,0.578125,0.609375,0.0436992,0.517428,0.406334,0.574314,0.494944,1.01448,0.582505,0.334541,0.740593,0.0033996,0,0,0,0,0,-0.032212,-0.0130889,0.482087,0.408093,0.922361,0.79087,-0.0390625,0.0419922,0.930505
270,1,-0.101562,0.554688,0.248047,-0.101562,0.459552,0.350221,0.548679,0.423704,1.10565,0.802838,0.440501,1.11373,0.00412839,0,0,0,0,0,0.0235517,0.00824832,0.255742,0.441628,0.904663,0.788687,0,-0.101562,1.13356
271,0.964844,-0.0598145,-0.296875,0.447266,-0.0619939,0.475284,0.356997,0.541773,0.420966,1.10671,0.546754,0.296217,0.443906,0.00282013,0,0,0,0,0,0.000758171,0.000270665,0.0120888,0.319754,0.966099,0.777445,-0.0351562,-0.0598145,0.954374
272,1.14844,0.199219,0.632812,0.792969,0.173469,0.568859,0.560136,0.740971,0.862789,1.18045,0.729273,0.54037,0.710636,0.00334109,0,0,0,0,0,-0.0561097,-0.031429,0.670741,0.372855,0.94479,0.766889,0.148438,0.199219,1.264
273,0.992188,0.121582,0.835938,1.34375,0.122539,0.548764,0.458661,0.621279,0.596357,1.2962,0.638186,0.396491,0.721132,0.00336159,0,0,0,0,0,-0.0429449,-0.0196971,0.586639,0.320622,0.968073,0.768164,-0.0078125,0.121582,0.971386
274,1.01562,0.119141,-0.304688,0.734375,0.117308,0.546692,0.466838,0.633996,0.619889,1.16689,0.483175,0.306331,0.355546,0.00264755,0,0,0,0,0,-0.0324074,-0.015129,0.584718,0.270008,0.988616,0.764416,0.015625,0.119141,0.824957
275,0.964844,-0.0605469,1.0625,0.376953,-0.062753,0.474982,0.356631,0.541532,0.420443,1.19442,0.67665,0.366428,1.73055,0.00533311,0,0,0,0,0,-0.00648579,-0.00231303,0.0835613,0.325945,0.963446,0.77779,-0.0351562,-0.0605469,1.20083
276,1.02344,-0.121094,-0.396484,0.227539,-0.118321,0.452907,0.349854,0.556105,0.43165,1.03055,0.797593,0.443545,0.831186,0.00357653,0,0,0,0,0,0.0180929,0.00632988,0.197758,0.425346,0.910828,0.80823,0.0234375,-0.121094,1.26806
277,1.00781,0.0147705,-1.60156,0.554688,0.014656,0.505847,0.41152,0.592066,0.519891,1.16222,0.636997,0.377144,2.1504,0.00615313,0,0,0,0,0,-0.0179475,-0.00738578,0.245626,0.354912,0.952138,0.771779,0.0078125,0.0147705,1.0844
278,0.988281,0.0541992,-0.149414,0.351562,0.0548419,0.521868,0.423403,0.594565,0.532777,1.05217,0.712975,0.42391,0.251994,0.0024453,0,0,0,0,0,-0.0357373,-0.0151313,0.436973,0.343832,0.953805,0.786581,-0.0117188,0.0541992,1.41732
279,1.0625,-0.0893555,0.174805,0.398438,-0.0840993,0.466489,0.381387,0.588937,0.492303,1.15108,0.782696,0.460959,0.276932,0.00249401,0,0,0,0,0,0.00886767,0.00338201,0.0987695,0.346092,0.952751,0.786877,0.0625,-0.0893555,1.01521
280,0.949219,0.0112915,-0.412109,0.472656,0.0118956,0.504746,0.386285,0.556733,0.459168,1.02514,0.45837,0.25519,0.599432,0.00312389,0,0,0,0,0,-0.013293,-0.00513489,0.252822,0.304165,0.972705,0.776055,-0.0507812,0.0112915,0.94531
281,0.992188,0.00585938,-0.871094,0.425781,0.00590551,0.502356,0.400799,0.579877,0.496898,1.184,0.527415,0.305836,1.33497,0.00456049,0,0,0,0,0,-0.0196707,-0.007884,0.325143,0.339398,0.95933,0.770902,-0.0078125,0.00585938,0.964834
282,0.96875,-0.0361328,0.8125,0.761719,-0.0372984,0.485124,0.370405,0.551922,0.441818,1.06619,0.676797,0.373539,0.930949,0.00377139,0,0,0,0,0,-0.0182474,-0.00675892,0.235044,0.327211,0.959576,0.792681,-0.03125,-0.0361328,1.23358
283,1.01562,0.09375,-0.400391,0.404297,0.0923077,0.536773,0.454143,0.624707,0.596504,1.15101,0.587631,0.367097,0.6297,0.00318301,0,0,0,0,0,-0.0352162,-0.0159932,0.52245,0.363432,0.948786,0.769127,0.015625,0.09375,0.844708
284,1.03906,-0.0114746,-0.0297852,0.259766,-0.0110432,0.495594,0.410929,0.601221,0.530329,0.920692,0.870984,0.523654,0.0584398,0.00206727,0,0,0,0,0,-0.00168906,-0.000694083,0.016906,0.525645,0.850836,0.865817,0.0390625,-0.0114746,1.29974
285,1.13281,0.143555,-0.0849609,0.416016,0.126724,0.550421,0.526038,0.711086,0.782358,1.32747,0.768357,0.546368,0.131724,0.0022104,0,0,0,0,0,-0.0353513,-0.0185961,0.401097,0.410286,0.925757,0.766506,0.132812,0.143555,1.09694
286,1.10938,0.100586,-0.10791,1.21875,0.090669,0.536122,0.495155,0.681711,0.709909,1.21698,0.601205,0.409848,0.0977474,0.00214404,0,0,0,0,0,-0.0437202,-0.0216483,0.633967,0.257286,0.993154,0.763913,0.109375,0.100586,0.867296
287,1.15625,0.209961,-0.898438,0.707031,0.181588,0.572047,0.569675,0.748784,0.885207,1.06912,0.683664,0.511917,1.06849,0.00404001,0,0,0,0,0,-0.0631531,-0.0359768,0.805301,0.280612,0.985185,0.763076,0.15625,0.209961,0.899101
288,1.08594,-0.0834961,0.308594,0.597656,-0.0768885,0.469356,0.393715,0.604471,0.520397,1.13733,0.937035,0.56641,0.399173,0.00273276,0,0,0,0,0,0.00538866,0.0021216,0.0501339,0.537294,0.843573,0.860884,0.0859375,-0.0834961,1.51192
289,1.20312,-0.226562,-0.0732422,0.328125,-0.188312,0.425316,0.371366,0.626785,0.530772,1.07026,0.927326,0.581235,0.127862,0.00220286,0,0,0,0,0,0.0488889,0.0181557,0.459605,0.496046,0.870857,0.804121,0.203125,-0.226562,1.36962
290,0.980469,0.0402832,1.53125,0.777344,0.0410857,0.516386,0.413312,0.585082,0.513147,1.21901,0.418367,0.244779,1.73676,0.00534523,0,0,0,0,0,-0.0168866,-0.00697944,0.351877,0.306181,0.97459,0.765848,-0.0195312,0.0402832,0.978095
291,1.15625,0.137695,1.32812,0.314453,0.119088,0.547397,0.532507,0.722538,0.805624,1.03512,0.731427,0.528484,2.36843,0.00657897,0,0,0,0,0,-0.0433865,-0.0231036,0.517119,0.628185,0.77813,0.767964,0.15625,0.137695,1.11194
292,1.01562,-0.0791016,0.227539,0.388672,-0.0778846,0.46896,0.367717,0.565003,0.454445,1.11986,0.867646,0.490222,0.364976,0.00266597,0,0,0,0,0,0.0101548,0.0037341,0.102032,0.331765,0.952408,0.821455,0.015625,-0.0791016,1.33896
293,1.17969,0.231445,-0.683594,1,0.196192,0.57777,0.592207,0.768742,0.941674,1.1038,0.745846,0.573363,0.683594,0.00328827,0,0,0,0,0,-0.0641539,-0.0379924,0.749862,0.340287,0.960887,0.763151,0.179688,0.231445,0.946259
294,0.960938,-0.00014782,0.710938,0.443359,-0.000153828,0.499939,0.385264,0.559605,0.461587,1.11048,0.680511,0.380818,1.06771,0.0040385,0,0,0,0,0,-0.0116507,-0.00448859,0.149253,0.407185,0.918832,0.818576,-0.0390625,-0.00014782,1.00538
295,0.964844,0.090332,0.863281,0.53125,0.0936235,0.537296,0.432071,0.593933,0.539441,1.13771,0.515648,0.30626,1.18441,0.00426643,0,0,0,0,0,-0.0271196,-0.0117176,0.458498,0.297012,0.977063,0.770015,-0.0351562,0.090332,0.749618
296,0.941406,0.000846863,0.122559,0.285156,0.000899572,0.500359,0.37793,0.548573,0.443763,1.07771,0.545818,0.299421,0.22951,0.00240139,0,0,0,0,0,-0.00813501,-0.00307446,0.129932,0.307801,0.972273,0.772131,-0.0585938,0.000846863,1.10789
297,0.910156,0.0722656,-0.0244141,0.511719,0.0793991,0.531642,0.401108,0.555577,0.469554,1.13187,0.516286,0.286837,0.0341291,0.00201978,0,0,0,0,0,-0.0252223,-0.0101168,0.425893,0.351704,0.953707,0.771352,-0.0898438,0.0722656,0.923182
298,0.890625,-0.050293,1.32812,0.828125,-0.0564693,0.477484,0.331996,0.501723,0.361948,1.27228,0.771397,0.387028,1.45946,0.00480362,0,0,0,0,0,0.0157259,0.00522094,0.177723,0.321527,0.960325,0.800312,-0.109375,-0.050293,1.01779
299,1.02344,0.0314941,-0.351562,0.53125,0.0307729,0.512275,0.426148,0.607006,0.550059,1.07185,0.738236,0.448114,0.48234,0.00289519,0,0,0,0,0,-0.0131129,-0.00558804,0.15485,0.406384,0.919709,0.814767,0.0234375,0.0314941,1.17195
300,1.07812,0.147461,-0.15918,0.65625,0.136775,0.554396,0.506061,0.680775,0.719553,1.1136,0.574791,0.391303,0.196496,0.00233691,0,0,0,0,0,-0.0452108,-0.0228794,0.685709,0.335903,0.962513,0.764366,0.078125,0.147461,0.94268
301,0.984375,0.0654297,-1.40625,0.353516,0.0664683,0.526497,0.427452,0.596303,0.538293,1.15605,0.457731,0.272946,2.36515,0.00657255,0,0,0,0,0,-0.0292136,-0.0124874,0.556392,0.30949,0.97347,0.765077,-0.015625,0.0654297,0.806622
302,1.03125,-0.0996094,1.27344,0.318359,-0.0965909,0.461526,0.363729,0.567465,0.454316,1.10594,0.756863,0.429493,2.25693,0.0063612,0,0,0,0,0,0.0175737,0.00639205,0.202419,0.421072,0.91663,0.784294,0.03125,-0.0996094,1.12073
303,1.00781,0.0688477,0.19043,0.554688,0.068314,0.527232,0.438559,0.611168,0.565861,1.14232,0.558994,0.341639,0.255688,0.00245252,0,0,0,0,0,-0.0278554,-0.0122162,0.434419,0.327929,0.961724,0.781582,0.0078125,0.0688477,0.717025
304,1,0.0380859,0.921875,0.460938,0.0380859,0.51519,0.420045,0.595678,0.53127,1.15421,0.660343,0.393352,1.35785,0.00460517,0,0,0,0,0,-0.0296054,-0.0124356,0.390849,0.314537,0.971255,0.765661,0,0.0380859,1.04442
305,1.21875,0.0761719,0.306641,0.910156,0.0625,0.524918,0.526808,0.736549,0.820031,1.10766,0.877449,0.646284,0.321419,0.0025809,0,0,0,0,0,-0.0529896,-0.0279153,0.526472,0.530737,0.847935,0.821954,0.21875,0.0761719,1.46491
306,1.00781,-0.026123,1.24219,0.482422,-0.0259205,0.48966,0.391074,0.578041,0.48707,1.20213,0.844593,0.488209,1.78844,0.00544617,0,0,0,0,0,-0.00208925,-0.00081705,0.021565,0.366875,0.943953,0.783817,0.0078125,-0.026123,1.20081
307,0.980469,-0.017334,0.341797,0.535156,-0.0176793,0.492947,0.384503,0.565099,0.467179,1.12065,0.779598,0.44055,0.467227,0.00286568,0,0,0,0,0,-0.000813585,-0.000312826,0.00909785,0.335037,0.957977,0.78486,-0.0195312,-0.017334,1.35208
308,0.929688,0.0505371,0.152344,0.617188,0.0543592,0.521676,0.398075,0.559154,0.471118,1.07695,0.511729,0.286135,0.193917,0.00233187,0,0,0,0,0,-0.0263745,-0.010499,0.449315,0.271399,0.986975,0.768395,-0.0703125,0.0505371,0.96109
309,0.929688,-0.0478516,0.511719,0.523438,-0.0514706,0.479475,0.348881,0.525269,0.397626,1.05579,0.720345,0.378375,0.707292,0.00333456,0,0,0,0,0,-0.00130337,-0.000454722,0.0157737,0.371541,0.941917,0.783015,-0.0703125,-0.0478516,1.2064
310,1.03906,0.0476074,0.59375,0.419922,0.0458177,0.518272,0.44047,0.621786,0.580632,1.10371,0.647135,0.402379,0.916261,0.0037427,0,0,0,0,0,-0.0214071,-0.0094292,0.288384,0.523793,0.853226,0.804707,0.0390625,0.0476074,0.956391
311,2,0.396484,0.914062,0.22168,0.198242,0.578572,1.00662,1.30444,2.71486,1.11783,1.81474,2.36722,1.94139,0.0057449,0,0,0,0,0,-0.0715673,-0.0720412,0.343801,0.833732,0.590369,0.799283,1,0.396484,3.01309
312,0.976562,0.0664062,0.373047,0.65625,0.068,0.527107,0.424807,0.592107,0.531052,1.15865,0.611979,0.362357,0.460499,0.00285254,0,0,0,0,0,-0.0330169,-0.0140258,0.470335,0.3468,0.955662,0.772467,-0.0234375,0.0664062,0.990675
313,0.894531,-0.078125,0.103027,0.341797,-0.0873362,0.465202,0.319647,0.494897,0.347097,1.1428,0.595997,0.294957,0.176225,0.00229732,0,0,0,0,0,0.0175504,0.00560993,0.256715,0.337515,0.957238,0.783396,-0.105469,-0.078125,1.32176
314,0.984375,0.0175781,-1.5,0.365234,0.0178571,0.507124,0.403526,0.579393,0.498529,1.04707,0.710763,0.411811,2.48202,0.00680082,0,0,0,0,0,-0.000452067,-0.000182421,0.00554478,0.323774,0.957915,0.808146,-0.015625,0.0175781,1.06472
315,1.03906,0.00878906,0.208008,0.609375,0.00845865,0.503374,0.421061,0.608191,0.547188,1.23137,0.781018,0.475008,0.266463,0.00247356,0,0,0,0,0,-0.020851,-0.00877954,0.232741,0.357656,0.948011,0.784786,0.0390625,0.00878906,1.13776
316,1.0625,0.139648,0.106445,0.462891,0.131434,0.552284,0.495889,0.668802,0.693203,1.04676,0.630177,0.421464,0.156454,0.0022587,0,0,0,0,0,-0.0457627,-0.0226932,0.633076,0.31488,0.970694,0.767234,0.0625,0.139648,0.751751
317,0.992188,-0.000694275,-0.232422,0.519531,-0.000699742,0.499721,0.397522,0.577617,0.491666,1.05477,0.677262,0.391198,0.322457,0.00258292,0,0,0,0,0,-0.0054043,-0.00214833,0.0695648,0.315238,0.965298,0.788732,-0.0078125,-0.000694275,1.03937
318,0.972656,0.00473022,-0.761719,0.546875,0.0048632,0.50194,0.392403,0.568112,0.476731,1.29475,0.685762,0.38959,1.03003,0.00396491,0,0,0,0,0,-0.00695951,-0.00273093,0.0884733,0.298069,0.974934,0.776589,-0.0273438,0.00473022,1.1581
319,1.03125,0.00473022,0.0727539,0.435547,0.00458688,0.50183,0.415899,0.602237,0.535662,0.986984,0.62705,0.377633,0.11024,0.00216844,0,0,0,0,0,-0.017096,-0.00711021,0.237684,0.345337,0.954592,0.779941,0.03125,0.00473022,1.03897
320,1,-0.0654297,0.353516,0.416016,-0.0654297,0.473916,0.368288,0.560384,0.449666,1.13514,0.712222,0.399117,0.548092,0.00302362,0,0,0,0,0,-0.000272249,-0.000100266,0.00333241,0.338825,0.955002,0.7912,0,-0.0654297,1.07551
321,1,-0.0922852,0.585938,0.488281,-0.0922852,0.463236,0.35486,0.551652,0.430245,1.11863,0.787332,0.434333,0.838525,0.00359087,0,0,0,0,0,0.00790887,0.00280654,0.0875716,0.361234,0.945991,0.786652,0,-0.0922852,1.1688
322,0.996094,-0.00595093,0.0737305,0.511719,-0.00597426,0.497617,0.39646,0.578087,0.491365,0.989975,0.744934,0.430636,0.10307,0.00215443,0,0,0,0,0,-0.0111921,-0.00443722,0.130979,0.334549,0.954782,0.801381,-0.00390625,-0.00595093,1.09362
323,1.08594,-0.189453,0.171875,0.292969,-0.17446,0.430752,0.340737,0.57138,0.442577,1.01682,0.903439,0.516207,0.317543,0.00257333,0,0,0,0,0,0.0269374,0.00917856,0.259934,0.449031,0.894983,0.843757,0.0859375,-0.189453,1.4442
324,1,0.00897217,1.28125,0.734375,0.00897217,0.503579,0.405488,0.585504,0.507236,1.27437,0.791405,0.463371,1.49512,0.00487327,0,0,0,0,0,-0.0124156,-0.0050344,0.136766,0.307934,0.970747,0.777942,0,0.00897217,1.06421
325,0.914062,-0.15625,-0.402344,0.423828,-0.17094,0.432135,0.288416,0.481907,0.315418,1.08263,0.773973,0.372983,0.61802,0.00316019,0,0,0,0,0,0.0258829,0.00746505,0.291538,0.329692,0.960368,0.78429,-0.0859375,-0.15625,1.36857
326,1.09375,-0.141602,0.204102,0.34375,-0.129464,0.448495,0.367796,0.590495,0.483958,1.13535,1.00119,0.591198,0.348117,0.00263304,0,0,0,0,0,0.017214,0.00633122,0.14989,0.421828,0.910438,0.827754,0.09375,-0.141602,1.35066
327,1.03906,0.074707,-0.0864258,0.498047,0.0718985,0.528659,0.45402,0.631457,0.604872,1.12656,0.858106,0.541857,0.122464,0.00219231,0,0,0,0,0,-0.0150195,-0.00681915,0.152588,0.372437,0.936859,0.808739,0.0390625,0.074707,1.33453
328,0.824219,-0.174805,0.597656,0.582031,-0.212085,0.41602,0.247308,0.422027,0.239268,1.09379,0.778252,0.328443,0.783391,0.00348318,0,0,0,0,0,0.0143758,0.00355524,0.161034,0.341568,0.953376,0.793394,-0.175781,-0.174805,1.00348
329,1.00781,-0.00769043,0.065918,0.322266,-0.00763081,0.496956,0.40029,0.584315,0.501657,1.04627,0.731629,0.427502,0.116117,0.00217992,0,0,0,0,0,-0.0154758,-0.0061948,0.184403,0.383143,0.93405,0.795315,0.0078125,-0.00769043,1.0999
330,1.04688,0.121094,-1.46094,0.988281,0.115672,0.546044,0.480346,0.652873,0.656976,1.25955,0.559155,0.365057,1.46957,0.00482339,0,0,0,0,0,-0.0463799,-0.0222784,0.72311,0.274489,0.987128,0.764046,0.046875,0.121094,0.814334
331,1.80469,0.19043,-0.6875,0.233398,0.105519,0.542018,0.818899,1.11875,1.9222,1.06255,1.54122,1.72424,1.42306,0.00473254,0,0,0,0,0,-0.0525298,-0.0430166,0.297131,0.777866,0.643131,0.779857,0.804688,0.19043,2.86231
332,0.960938,0.0319824,1.77344,0.714844,0.0332825,0.513275,0.401329,0.570784,0.48686,1.10726,0.624399,0.356397,2.09754,0.00604988,0,0,0,0,0,-0.0269723,-0.0108248,0.376584,0.330118,0.962533,0.774256,-0.0390625,0.0319824,0.977163
333,0.976562,-0.0549316,1.22656,0.597656,-0.05625,0.477571,0.364138,0.550206,0.435323,1.12955,0.611575,0.336492,1.58659,0.00505193,0,0,0,0,0,-0.00496593,-0.00180829,0.0707877,0.291415,0.978281,0.773447,-0.0234375,-0.0549316,1.19312
334,1.03906,0.090332,-0.245117,0.359375,0.0869361,0.534639,0.461833,0.637097,0.619182,0.901534,0.490895,0.312748,0.408884,0.00275173,0,0,0,0,0,-0.0367394,-0.0169675,0.652455,0.300946,0.976989,0.764678,0.0390625,0.090332,0.828062
335,1.05469,0.132812,-0.248047,0.5625,0.125926,0.550105,0.489338,0.661734,0.677344,0.977573,0.564886,0.373804,0.330729,0.00259908,0,0,0,0,0,-0.0395837,-0.0193698,0.610889,0.343549,0.958596,0.766419,0.0546875,0.132812,0.984904
336,0.941406,-0.060791,-0.155273,0.349609,-0.0645747,0.474256,0.347111,0.527813,0.399073,1.12328,0.717108,0.378499,0.262607,0.00246603,0,0,0,0,0,-0.00183914,-0.000638384,0.0223581,0.383694,0.932478,0.803109,-0.0585938,-0.060791,1.29787
337,0.972656,0.0241699,-1.50781,0.523438,0.0248494,0.509912,0.402122,0.574869,0.492177,1.09706,0.488303,0.28071,2.08408,0.0060236,0,0,0,0,0,-0.0140807,-0.00566217,0.251387,0.28791,0.981174,0.767646,-0.0273438,0.0241699,0.956469
338,1.02344,0.0756836,0.15332,0.613281,0.0739504,0.529475,0.448243,0.622717,0.588697,1.11092,0.764147,0.475847,0.195781,0.00233551,0,0,0,0,0,-0.0378697,-0.0169748,0.432038,0.369263,0.941704,0.789517,0.0234375,0.0756836,1.19118
339,1.03125,-0.0336914,0.474609,0.433594,-0.0326705,0.486969,0.396688,0.589134,0.504441,1.0702,0.752958,0.443594,0.720767,0.00336087,0,0,0,0,0,-0.000456835,-0.000181221,0.00528927,0.409011,0.922033,0.789995,0.03125,-0.0336914,1.11491
340,1.02344,0.041748,-0.847656,0.326172,0.040792,0.516269,0.431275,0.610616,0.55885,1.05266,0.563598,0.344142,1.48421,0.00485198,0,0,0,0,0,-0.0262051,-0.0113016,0.405344,0.373759,0.942911,0.773272,0.0234375,0.041748,1.06886
341,0.960938,-0.0424805,-0.19043,0.439453,-0.0442073,0.48237,0.364098,0.545249,0.429864,1.07775,0.822638,0.448543,0.287262,0.00251418,0,0,0,0,0,0.00889045,0.003237,0.0942154,0.381673,0.930978,0.81965,-0.0390625,-0.0424805,1.51029
342,0.945312,-0.0183105,0.090332,0.714844,-0.0193698,0.492273,0.369917,0.544293,0.433093,1.07525,0.549177,0.298913,0.106841,0.0021618,0,0,0,0,0,-0.0204491,-0.00756447,0.324615,0.316209,0.969797,0.768565,-0.0546875,-0.0183105,0.942271
343,1.09375,0.117188,-0.498047,0.660156,0.107143,0.542662,0.49719,0.678682,0.707807,1.17974,0.594903,0.40375,0.612981,0.00315035,0,0,0,0,0,-0.0397023,-0.0197396,0.581803,0.322682,0.968397,0.763664,0.09375,0.117188,0.899629
344,1.05469,0.0761719,0.789062,0.628906,0.0722222,0.528787,0.461018,0.641075,0.623515,1.03823,0.565,0.362207,0.994989,0.00389646,0,0,0,0,0,-0.0408111,-0.0188147,0.629705,0.31689,0.970353,0.765404,0.0546875,0.0761719,0.853244
345,1.03125,0.0480957,-0.6875,0.640625,0.0466383,0.518599,0.437582,0.61741,0.572673,1.33102,0.559769,0.345607,0.858956,0.00363077,0,0,0,0,0,-0.0254653,-0.0111432,0.396595,0.270933,0.987928,0.765654,0.03125,0.0480957,0.937977
346,1.03906,-0.0742188,-0.233398,0.359375,-0.0714286,0.471528,0.379557,0.58023,0.480731,1.18516,0.719611,0.41754,0.389336,0.00271355,0,0,0,0,0,0.000526529,0.000199848,0.00637868,0.302214,0.97191,0.782326,0.0390625,-0.0742188,1.39354
347,0.988281,0.0612793,1.58594,0.78125,0.0620059,0.524721,0.426943,0.597091,0.538798,1.25509,0.751805,0.448896,1.79428,0.00545758,0,0,0,0,0,-0.0188197,-0.00803494,0.21823,0.300105,0.972432,0.783522,-0.0117188,0.0612793,1.19507
348,1.00781,0.0786133,1.29688,0.625,0.0780039,0.531088,0.443442,0.614681,0.574474,1.24977,0.789754,0.485447,1.64043,0.00515709,0,0,0,0,0,-0.0373088,-0.0165443,0.411838,0.320215,0.965744,0.778131,0.0078125,0.0786133,1.1594
349,0.957031,0.116211,-0.722656,0.914062,0.121429,0.548324,0.441877,0.598873,0.553904,1.44395,0.646197,0.386989,0.755864,0.00342942,0,0,0,0,0,-0.0414947,-0.0183356,0.559802,0.267216,0.989285,0.765479,-0.0429688,0.116211,1.03868
350,0.960938,0.0649414,1.52344,0.53125,0.0675813,0.526941,0.417809,0.582489,0.513858,1.2144,0.633555,0.369039,2.09014,0.00603543,0,0,0,0,0,-0.0236074,-0.00986338,0.324841,0.312013,0.970022,0.774331,-0.0390625,0.0649414,0.867721
351,1.03906,0.0795898,-1.26562,0.447266,0.0765977,0.530528,0.456461,0.633214,0.609318,1.02832,0.541681,0.343,1.89244,0.0056493,0,0,0,0,0,-0.037043,-0.0169087,0.596169,0.294312,0.979707,0.764193,0.0390625,0.0795898,0.880497
352,0.984375,-0.0412598,-1.11719,0.292969,-0.0419147,0.483283,0.374107,0.559302,0.452775,1.17295,0.757517,0.423681,2.06403,0.00598443,0,0,0,0,0,0.000284647,0.000106488,0.00327582,0.357129,0.946661,0.792684,-0.015625,-0.0412598,1.13088
353,1.02344,-0.0898438,0.384766,0.384766,-0.0877863,0.465023,0.365479,0.566065,0.454004,1.06137,0.797818,0.451617,0.620295,0.00316464,0,0,0,0,0,0.00702667,0.0025681,0.0767808,0.381128,0.935465,0.792802,0.0234375,-0.0898438,1.09424
354,1,-0.0620117,-0.248047,0.429688,-0.0620117,0.475277,0.369997,0.561508,0.452189,1.04547,0.569622,0.319847,0.378405,0.0026922,0,0,0,0,0,0.0128181,0.00474265,0.196175,0.357138,0.949428,0.779245,0,-0.0620117,1.04657
355,1.01562,0.0286865,0.341797,0.640625,0.0282452,0.511267,0.421611,0.601472,0.539525,1.2763,0.715655,0.430447,0.427038,0.00278718,0,0,0,0,0,-0.0280464,-0.0118247,0.341648,0.29167,0.977558,0.775836,0.015625,0.0286865,0.965806
356,0.835938,-0.000440598,0.894531,0.566406,-0.00052707,0.49979,0.334993,0.486704,0.3491,1.1435,0.651622,0.317147,1.18859,0.00427459,0,0,0,0,0,-0.00127288,-0.000426405,0.0170294,0.300413,0.973982,0.776779,-0.164062,-0.000440598,0.811987
357,1.08594,0.10791,-0.871094,0.535156,0.0993705,0.539578,0.489419,0.670749,0.689434,1.09031,0.642107,0.430692,1.19076,0.00427883,0,0,0,0,0,-0.0340114,-0.0166458,0.461769,0.360452,0.948905,0.774701,0.0859375,0.10791,1.16174
358,0.964844,-0.0339355,-1.03125,0.800781,-0.0351721,0.485971,0.369937,0.550386,0.439778,1.21428,0.527569,0.290367,1.15241,0.00420393,0,0,0,0,0,-0.0272272,-0.0100723,0.449915,0.351903,0.954596,0.767274,-0.0351562,-0.0339355,0.90079
359,1.01562,0.0629883,0.386719,0.730469,0.0620192,0.524726,0.438762,0.613616,0.569037,1.12232,0.810579,0.497384,0.452475,0.00283686,0,0,0,0,0,-0.0278502,-0.0122196,0.29953,0.32749,0.960207,0.789188,0.015625,0.0629883,1.20933
360,0.960938,-0.0898438,0.102539,0.310547,-0.0934959,0.462755,0.340416,0.529729,0.396496,1.01296,0.756743,0.400869,0.184003,0.00231251,0,0,0,0,0,0.011353,0.00386475,0.130788,0.426638,0.908213,0.825319,-0.0390625,-0.0898438,1.24074
361,1.02344,0.0717773,0.416016,0.466797,0.0701336,0.527956,0.44629,0.621312,0.585203,1.02831,0.538329,0.33447,0.6089,0.00314238,0,0,0,0,0,-0.0266348,-0.0118868,0.431329,0.330604,0.964206,0.766742,0.0234375,0.0717773,0.764803
362,0.996094,0.0561523,-0.196289,0.542969,0.0563725,0.522477,0.427512,0.599808,0.542536,1.2615,0.560122,0.335966,0.266384,0.00247341,0,0,0,0,0,-0.0240389,-0.0102769,0.374144,0.289779,0.981251,0.76486,-0.00390625,0.0561523,0.806731
363,1.07031,-0.0195312,-0.0756836,0.433594,-0.0182482,0.49272,0.419432,0.616674,0.55621,1.07128,0.574779,0.354451,0.114937,0.00217761,0,0,0,0,0,-0.01479,-0.00620338,0.224323,0.560076,0.830516,0.771851,0.0703125,-0.0195312,1.25272
364,1.04688,0.104492,0.0292969,0.425781,0.0998134,0.539754,0.472045,0.64679,0.641164,1.07825,0.739716,0.478441,0.0448981,0.00204082,0,0,0,0,0,-0.0424562,-0.0200412,0.50036,0.384889,0.934926,0.785842,0.046875,0.104492,1.23976
365,0.910156,-0.0251465,0.0163574,0.847656,-0.0276288,0.488979,0.352402,0.521503,0.396153,1.17804,0.69081,0.36026,0.0177666,0.00198783,0,0,0,0,0,-0.022679,-0.00799213,0.286202,0.292199,0.977443,0.775514,-0.0898438,-0.0251465,0.925805
366,1.00781,0.0405273,-0.292969,0.335938,0.0402132,0.516038,0.424399,0.601088,0.541421,0.983347,0.49821,0.299468,0.505466,0.00294036,0,0,0,0,0,-0.0224326,-0.00952038,0.392532,0.354026,0.952704,0.7711,0.0078125,0.0405273,0.923895
367,1.07031,0.0654297,-0.835938,0.542969,0.0611314,0.524373,0.461913,0.646317,0.63109,1.1722,0.639555,0.413356,1.13445,0.00416885,0,0,0,0,0,-0.0242371,-0.0111954,0.330377,0.412883,0.922666,0.775067,0.0703125,0.0654297,1.06354
368,0.976562,-0.052002,0.875,0.472656,-0.05325,0.478766,0.365603,0.551176,0.437461,1.2271,0.750207,0.413496,1.27273,0.00443892,0,0,0,0,0,-0.00939685,-0.00343552,0.109196,0.306261,0.969533,0.785711,-0.0234375,-0.052002,1.14472
369,1.02344,0.0927734,0.0932617,0.617188,0.0906489,0.536114,0.456788,0.628895,0.604164,1.09988,0.748746,0.470883,0.118712,0.00218498,0,0,0,0,0,-0.043159,-0.0197145,0.502508,0.342928,0.957021,0.77402,0.0234375,0.0927734,1.08806
370,1.00781,-0.0898438,0.0185547,0.361328,-0.0891473,0.464482,0.359213,0.55698,0.439261,1.22355,0.803028,0.447271,0.0308676,0.00201341,0,0,0,0,0,0.00451431,0.0016216,0.049008,0.371843,0.939362,0.795597,0.0078125,-0.0898438,1.13161
371,1.375,0.165039,-0.00254822,0.546875,0.120028,0.54777,0.633898,0.859711,1.14093,1.13276,1.11358,0.95736,0.00344582,0.00195986,0,0,0,0,0,-0.0641021,-0.0406342,0.501829,0.519199,0.858388,0.7784,0.375,0.165039,2.20094
372,1.00781,0.129883,1.33594,0.320312,0.128876,0.551272,0.469077,0.633424,0.621258,1.05663,0.688159,0.435896,2.36047,0.00656343,0,0,0,0,0,-0.0496552,-0.0232921,0.629047,0.395512,0.930557,0.781004,0.0078125,0.129883,1.11672
373,1.03906,-0.0512695,0.328125,0.558594,-0.0493421,0.480323,0.391032,0.5878,0.498415,1.15714,0.772631,0.454153,0.439027,0.0028106,0,0,0,0,0,0.00541658,0.00211806,0.0611167,0.365299,0.945224,0.781235,0.0390625,-0.0512695,1.13368
374,0.992188,0.097168,0.0917969,0.371094,0.0979331,0.539007,0.446454,0.612322,0.574259,1.0329,0.610008,0.373522,0.150691,0.00224744,0,0,0,0,0,-0.0385927,-0.0172299,0.551539,0.350258,0.954106,0.772449,-0.0078125,0.097168,1.18863
375,1.16406,0.161133,-0.113281,0.388672,0.138423,0.555047,0.547358,0.735753,0.840934,0.999729,0.71768,0.528035,0.181705,0.00230802,0,0,0,0,0,-0.0584685,-0.0320032,0.710228,0.362184,0.949185,0.769941,0.164062,0.161133,1.32481
376,1.07812,0.163086,-1.91406,0.648438,0.151268,0.560118,0.513874,0.686603,0.735489,1.06767,0.571458,0.392364,2.37696,0.00659563,0,0,0,0,0,-0.046236,-0.0237595,0.705348,0.266055,0.990122,0.764009,0.078125,0.163086,0.835
377,1.00781,-0.00695801,0.667969,0.796875,-0.00690407,0.497246,0.400656,0.584566,0.502243,1.25612,0.814242,0.475979,0.748275,0.0034146,0,0,0,0,0,-0.000183206,-7.34026e-05,0.00196152,0.303478,0.971152,0.783442,0.0078125,-0.00695801,1.22268
378,0.960938,-0.0981445,0.832031,0.421875,-0.102134,0.459325,0.336266,0.527071,0.390879,1.14592,0.690381,0.36388,1.281,0.00445507,0,0,0,0,0,0.00857373,0.00288305,0.108265,0.330279,0.961957,0.776361,-0.0390625,-0.0981445,1.16628
379,1.0625,0.0854492,-1.35938,1.1875,0.0804228,0.53205,0.46879,0.648964,0.640918,1.10604,0.565539,0.367015,1.24745,0.00438955,0,0,0,0,0,-0.040344,-0.0189129,0.621904,0.241278,0.998699,0.762872,0.0625,0.0854492,0.758067
380,0.910156,0.0441895,0.060791,1.03125,0.0485515,0.519362,0.38707,0.545529,0.447425,1.03988,0.766116,0.417938,0.0598629,0.00207004,0,0,0,0,0,-0.00630288,-0.00243965,0.0717219,0.363998,0.941189,0.805795,-0.0898438,0.0441895,0.928092
381,0.960938,0.0588379,1.07812,0.488281,0.0612297,0.524412,0.414757,0.580304,0.508776,1.16142,0.575548,0.333993,1.54289,0.00496658,0,0,0,0,0,-0.0318286,-0.0132011,0.482106,0.347402,0.956041,0.769754,-0.0390625,0.0588379,0.904717
382,0.929688,0.0561523,-0.291016,0.300781,0.0603992,0.524081,0.400883,0.561157,0.475604,1.05368,0.561257,0.314953,0.530629,0.00298951,0,0,0,0,0,-0.0226329,-0.00907315,0.351548,0.37975,0.939338,0.776348,-0.0703125,0.0561523,0.995596
383,1.15625,0.152344,-0.488281,0.392578,0.131757,0.552412,0.539831,0.727953,0.821332,0.971806,0.752329,0.54766,0.779304,0.0034752,0,0,0,0,0,-0.0485689,-0.026219,0.562804,0.520478,0.858455,0.769902,0.15625,0.152344,1.1423
384,1.03125,0.0644531,-0.523438,0.683594,0.0625,0.524918,0.44576,0.623234,0.587122,1.07634,0.550851,0.343309,0.63309,0.00318963,0,0,0,0,0,-0.0368391,-0.0164214,0.583018,0.303308,0.976372,0.763538,0.03125,0.0644531,0.838228
385,0.929688,-0.0266113,-0.519531,0.241211,-0.0286239,0.488582,0.359501,0.532382,0.412672,0.937699,0.543144,0.28916,1.05782,0.00401919,0,0,0,0,0,-0.0030805,-0.00110744,0.0494439,0.348979,0.950179,0.793249,-0.0703125,-0.0266113,1.14958
386,1,0.128906,-0.189453,0.863281,0.128906,0.551284,0.465455,0.628524,0.611692,1.13776,0.684438,0.430186,0.203904,0.00235137,0,0,0,0,0,-0.0358216,-0.0166734,0.456266,0.340773,0.958048,0.773706,0,0.128906,0.949653
387,1.02344,0.0527344,0.789062,1.02344,0.0515267,0.520547,0.436768,0.614509,0.568387,1.25893,0.65902,0.404973,0.779975,0.00347651,0,0,0,0,0,-0.0267134,-0.0116676,0.353377,0.297023,0.976447,0.772311,0.0234375,0.0527344,0.924199
388,1.10156,0.112793,-1.04688,0.535156,0.102394,0.540778,0.498126,0.681616,0.712729,1.1522,0.591573,0.403226,1.43105,0.00474814,0,0,0,0,0,-0.0419496,-0.0208962,0.618196,0.323665,0.967994,0.763612,0.101562,0.112793,0.972177
389,1.03906,0.103027,-0.84375,0.419922,0.0991541,0.539492,0.46818,0.641713,0.630989,1.03736,0.600931,0.385626,1.30206,0.0044962,0,0,0,0,0,-0.0440664,-0.020631,0.639277,0.30576,0.974549,0.766621,0.0390625,0.103027,0.798399
390,1.17188,0.115723,0.714844,0.339844,0.09875,0.539332,0.527786,0.723564,0.802103,0.996054,0.837835,0.606227,1.22623,0.0043481,0,0,0,0,0,-0.0478707,-0.0252655,0.498102,0.580925,0.814691,0.780113,0.171875,0.115723,1.45943
391,0.988281,0.0289307,-0.078125,0.390625,0.0292737,0.511677,0.410768,0.585635,0.511699,1.03721,0.420539,0.246282,0.125,0.00219727,0,0,0,0,0,-0.0236649,-0.0097208,0.490576,0.271858,0.987867,0.764736,-0.0117188,0.0289307,0.773173
392,0.890625,-0.0264893,-0.175781,0.722656,-0.0297423,0.488136,0.343898,0.509677,0.378036,1.17229,0.639121,0.325745,0.206779,0.00235699,0,0,0,0,0,-0.00918378,-0.00315829,0.12527,0.391881,0.930284,0.792447,-0.109375,-0.0264893,0.952813
393,1.03125,0.097168,-0.447266,0.683594,0.0942235,0.537534,0.462118,0.635036,0.616824,1.0803,0.725847,0.460939,0.540962,0.00300969,0,0,0,0,0,-0.036075,-0.0166709,0.43328,0.382084,0.937037,0.782031,0.03125,0.097168,1.22436
394,1.16406,0.237305,-0.65625,0.710938,0.203859,0.580768,0.590054,0.76106,0.927376,1.04823,0.73034,0.555833,0.778312,0.00347327,0,0,0,0,0,-0.0582069,-0.0343452,0.694794,0.325953,0.967009,0.763658,0.164062,0.237305,1.00811
395,1.11719,-0.0966797,-0.161133,0.233398,-0.0865385,0.465519,0.399655,0.618368,0.542103,1.05061,0.959852,0.593542,0.33353,0.00260455,0,0,0,0,0,0.0195734,0.00782259,0.177774,0.465655,0.886809,0.829674,0.117188,-0.0966797,1.36921
396,1.07031,0.0375977,0.110352,0.482422,0.0351277,0.514011,0.447997,0.636446,0.605765,1.20458,0.517573,0.329407,0.158878,0.00226343,0,0,0,0,0,-0.0205229,-0.00919418,0.345679,0.283174,0.984077,0.763634,0.0703125,0.0375977,1.00515
397,0.949219,-0.10791,1.15625,0.285156,-0.113683,0.454744,0.326684,0.517164,0.374181,1.0092,0.772678,0.399601,2.16526,0.00618215,0,0,0,0,0,0.0177988,0.00581457,0.200816,0.399249,0.925168,0.801334,-0.0507812,-0.10791,1.19777
398,0.925781,-0.160156,-0.539062,0.414062,-0.172996,0.431327,0.291162,0.487516,0.322448,1.30212,0.73586,0.358743,0.837734,0.00358932,0,0,0,0,0,0.0368372,0.0107256,0.436414,0.318847,0.964734,0.784801,-0.0742188,-0.160156,1.33691
399,1.32031,0.176758,-0.621094,0.349609,0.133876,0.55325,0.617827,0.832281,1.0744,0.898326,1.02554,0.853539,1.05043,0.00400474,0,0,0,0,0,-0.0479168,-0.0296043,0.407326,0.642846,0.766191,0.783481,0.320312,0.176758,2.0647
400,1.14844,0.206055,-0.177734,0.660156,0.179422,0.571197,0.56424,0.743039,0.870474,0.977493,0.766804,0.569765,0.21875,0.00238037,0,0,0,0,0,-0.0540595,-0.0305025,0.614603,0.495372,0.873013,0.786152,0.148438,0.206055,1.22201
401,1.21875,0.136719,-1.3125,0.289062,0.112179,0.544659,0.557081,0.758497,0.885657,1.06602,0.886472,0.672386,2.4412,0.00672109,0,0,0,0,0,-0.0489104,-0.0272471,0.480998,0.483142,0.882728,0.77032,0.21875,0.136719,1.42256
402,1.00781,0.0422363,-0.373047,0.695312,0.0419089,0.516714,0.425253,0.601692,0.542873,1.33477,0.501094,0.301504,0.447377,0.00282691,0,0,0,0,0,-0.0343781,-0.0146194,0.598094,0.262549,0.991644,0.762974,0.0078125,0.0422363,0.787414
403,0.984375,-0.102539,0.753906,0.291016,-0.104167,0.458519,0.343467,0.539289,0.408802,1.08146,0.687235,0.370618,1.39752,0.00468266,0,0,0,0,0,0.0119394,0.0041008,0.151456,0.367165,0.943938,0.783222,-0.015625,-0.102539,1.10742
404,0.992188,0.0610352,0.105469,0.363281,0.0615157,0.524526,0.428387,0.599277,0.542649,0.98314,0.492113,0.294912,0.174986,0.00229489,0,0,0,0,0,-0.0295636,-0.0126647,0.52372,0.290647,0.979787,0.768936,-0.0078125,0.0610352,0.823566
405,1.08594,0.132812,-0.515625,2.14062,0.122302,0.54867,0.50187,0.679887,0.71412,1.29061,0.554019,0.37667,0.352423,0.00264145,0,0,0,0,0,-0.0470101,-0.023593,0.73973,0.241153,0.998482,0.763703,0.0859375,0.132812,0.858743
406,1.00781,-0.0913086,-0.441406,0.470703,-0.0906008,0.463905,0.358481,0.556508,0.43821,1.08585,1.01203,0.563203,0.643376,0.00320972,0,0,0,0,0,0.0343143,0.012301,0.295589,0.452039,0.893442,0.842666,0.0078125,-0.0913086,1.49782
407,0.980469,-0.0050354,0.032959,0.369141,-0.00513571,0.497951,0.390653,0.569301,0.476713,1.10475,0.791974,0.450872,0.0542473,0.00205908,0,0,0,0,0,-0.00962006,-0.0037581,0.105895,0.353158,0.947071,0.799883,-0.0195312,-0.0050354,1.1063
408,0.929688,-0.00294495,0.324219,0.664062,-0.00316767,0.498736,0.371334,0.540443,0.429968,1.16823,0.721829,0.390108,0.397863,0.0027302,0,0,0,0,0,-0.00108541,-0.000403049,0.0131089,0.343817,0.953091,0.790017,-0.0703125,-0.00294495,0.984967
409,1.02344,0.000717163,0.116699,0.554688,0.00070074,0.50028,0.410759,0.596303,0.524301,1.13878,0.504931,0.301092,0.156691,0.00225916,0,0,0,0,0,-0.0105276,-0.00432429,0.181762,0.277774,0.985002,0.767316,0.0234375,0.000717163,0.76679
410,0.925781,-0.00701904,0.128906,0.408203,-0.00758175,0.496975,0.367731,0.53677,0.423349,1.10916,0.759586,0.407723,0.20176,0.00234719,0,0,0,0,0,-0.0120303,-0.00442393,0.138073,0.373867,0.938896,0.792944,-0.0742188,-0.00701904,1.0572
411,0.992188,0.0505371,0.00775146,0.328125,0.050935,0.520311,0.423138,0.595536,0.533709,1.02323,0.611351,0.364082,0.0135321,0.00197955,0,0,0,0,0,-0.0285521,-0.0120815,0.407149,0.36638,0.945077,0.779532,-0.0078125,0.0505371,1.1728
412,0.992188,0.0339355,0.131836,0.734375,0.0342028,0.513642,0.414837,0.589667,0.519798,1.11571,0.548528,0.323449,0.153842,0.0022536,0,0,0,0,0,-0.028599,-0.0118639,0.454526,0.309538,0.972369,0.769108,-0.0078125,0.0339355,0.977488
413,1.04688,-0.124512,0.115234,0.390625,-0.118937,0.452663,0.357543,0.568637,0.451185,1.02103,0.858799,0.488345,0.184375,0.00231323,0,0,0,0,0,0.0132919,0.00475242,0.134928,0.486379,0.874862,0.830724,0.046875,-0.124512,1.28382
414,1.28125,0.0488281,-1.74219,0.314453,0.0381098,0.5152,0.538198,0.763223,0.872167,1.14743,0.896491,0.684222,3.10683,0.00802114,0,0,0,0,0,-0.0242847,-0.01307,0.236153,0.569375,0.823058,0.782905,0.28125,0.0488281,1.69548
415,0.925781,0.10791,-1.16406,0.730469,0.116561,0.546396,0.425196,0.577657,0.514479,1.28055,0.609978,0.352358,1.36199,0.00461327,0,0,0,0,0,-0.0351673,-0.014953,0.50261,0.274571,0.985912,0.76817,-0.0742188,0.10791,1.03286
416,1.07031,0.0147095,-0.730469,0.265625,0.0137432,0.505483,0.436553,0.628443,0.585519,0.969142,0.552954,0.3475,1.41732,0.00472132,0,0,0,0,0,-0.0336415,-0.0146863,0.530387,0.592768,0.805658,0.784259,0.0703125,0.0147095,0.919671
417,0.953125,0.045166,0.0742188,0.482422,0.0473873,0.518898,0.404788,0.57089,0.489769,1.03712,0.563258,0.321558,0.106856,0.00216183,0,0,0,0,0,-0.0208753,-0.00845009,0.323097,0.372999,0.943662,0.771537,-0.046875,0.045166,1.11112
418,1.02344,0.0534668,-0.363281,0.914062,0.0522424,0.520832,0.437134,0.614769,0.569027,1.15702,0.559946,0.344238,0.379975,0.00269526,0,0,0,0,0,-0.021086,-0.00921743,0.328288,0.285501,0.981592,0.769382,0.0234375,0.0534668,0.920198
419,1.15625,-0.0478516,0.871094,0.318359,-0.0413851,0.483494,0.439733,0.657163,0.625228,1.04434,0.886072,0.582293,1.54385,0.00496846,0,0,0,0,0,-0.0168407,-0.00740542,0.165691,0.738465,0.688623,0.828382,0.15625,-0.0478516,1.53658
420,1.07812,-0.00823975,-1.69531,0.451172,-0.00764266,0.496951,0.428211,0.625077,0.574086,1.07349,0.609967,0.381276,2.52394,0.00688269,0,0,0,0,0,-0.00383247,-0.0016411,0.0547746,0.316285,0.968161,0.774843,0.078125,-0.00823975,1.0527
421,1.10938,-0.0146484,-0.404297,0.394531,-0.0132042,0.494732,0.437538,0.641086,0.602431,1.1808,0.889224,0.570069,0.643665,0.00321028,0,0,0,0,0,-0.00397451,-0.001739,0.0389654,0.323414,0.961388,0.791497,0.109375,-0.0146484,1.19964
422,1.17969,-0.162109,0.388672,0.332031,-0.137417,0.445351,0.392003,0.63398,0.555597,1.12976,1.0473,0.663968,0.674518,0.00327054,0,0,0,0,0,0.0315742,0.0123772,0.262826,0.423406,0.909361,0.830558,0.179688,-0.162109,1.51558
423,0.886719,-0.00735474,-0.431641,0.515625,-0.00829433,0.496691,0.351899,0.513906,0.387932,1.01638,0.608907,0.312921,0.601112,0.00312717,0,0,0,0,0,-0.0179954,-0.00633255,0.257642,0.317192,0.96373,0.792307,-0.113281,-0.00735474,1.09951
424,0.878906,-0.0339355,0.170898,0.455078,-0.0386111,0.4846,0.335476,0.500349,0.362893,1.01395,0.772358,0.386449,0.253335,0.00244792,0,0,0,0,0,0.0180985,0.00607162,0.204283,0.382368,0.92985,0.825804,-0.121094,-0.0339355,1.22038
425,1.03125,0.0378418,-0.0683594,0.314453,0.0366951,0.514636,0.432455,0.613787,0.563752,1.025,0.624615,0.383381,0.121905,0.00219122,0,0,0,0,0,-0.0228929,-0.00990014,0.319518,0.408792,0.922941,0.785348,0.03125,0.0378418,1.1709
426,1.24219,0.177734,-1.03906,0.53125,0.143082,0.556887,0.586987,0.787288,0.964376,1.18907,0.884428,0.696299,1.42558,0.00473746,0,0,0,0,0,-0.0502605,-0.0295023,0.495418,0.586458,0.810365,0.785363,0.242188,0.177734,1.33077
427,0.996094,0.00115204,0.203125,0.582031,0.00115656,0.500461,0.400012,0.580528,0.497022,1.13973,0.709748,0.412029,0.26625,0.00247315,0,0,0,0,0,-0.0164271,-0.00657105,0.201774,0.334485,0.958791,0.78227,-0.00390625,0.00115204,1.03993
428,0.992188,-0.0888672,0.322266,0.5,-0.0895669,0.464316,0.353436,0.54821,0.425452,0.946735,0.824223,0.451848,0.455752,0.00284327,0,0,0,0,0,0.00331758,0.00117255,0.03509,0.392188,0.927994,0.805588,-0.0078125,-0.0888672,1.02891
429,1.0625,0.111816,-0.980469,0.507812,0.105239,0.541907,0.481973,0.65855,0.665987,1.20327,0.548135,0.360975,1.37588,0.0046404,0,0,0,0,0,-0.042939,-0.0206955,0.682922,0.310102,0.973316,0.764732,0.0625,0.111816,0.843958
430,1.07031,-0.0354004,0.0410156,0.439453,-0.0330748,0.486807,0.411498,0.611304,0.543023,1.07548,0.830382,0.507616,0.0618718,0.00207397,0,0,0,0,0,-0.00486698,-0.00200275,0.0510962,0.339728,0.951905,0.805145,0.0703125,-0.0354004,1.37331
431,0.992188,-0.0471191,-0.192383,0.695312,-0.0474902,0.481061,0.37431,0.561895,0.455834,1.16366,0.614159,0.345093,0.230715,0.00240374,0,0,0,0,0,0.00937843,0.00351044,0.133124,0.41447,0.92139,0.777358,-0.0078125,-0.0471191,0.875039
432,1.11719,0.122559,0.171875,0.345703,0.109703,0.543677,0.509274,0.694273,0.741375,1.16537,0.636913,0.442192,0.292322,0.00252407,0,0,0,0,0,-0.0347954,-0.0177204,0.476265,0.381719,0.940822,0.765165,0.117188,0.122559,1.19506
433,0.921875,-0.0124512,0.320312,0.488281,-0.0135064,0.494612,0.363448,0.532638,0.415799,0.985676,0.65505,0.348905,0.458394,0.00284843,0,0,0,0,0,-0.0172934,-0.00628527,0.230151,0.339084,0.956321,0.784486,-0.078125,-0.0124512,1.08285
434,1.11719,0.157227,-0.172852,0.53125,0.140734,0.55596,0.526608,0.707087,0.777287,1.05766,0.7748,0.547851,0.23715,0.00241631,0,0,0,0,0,-0.0527067,-0.0277558,0.593038,0.447915,0.901897,0.783384,0.117188,0.157227,1.22483
435,0.992188,-0.0703125,0.625,0.574219,-0.0708661,0.471752,0.362713,0.554237,0.43874,1.33774,0.704254,0.390324,0.824786,0.00356404,0,0,0,0,0,-0.00483282,-0.00175293,0.0598243,0.343138,0.953563,0.789166,-0.0078125,-0.0703125,1.0716
436,1.00781,0.0351562,0.785156,0.800781,0.0348837,0.513914,0.421713,0.599195,0.536877,1.04565,0.563694,0.337762,0.877403,0.0036668,0,0,0,0,0,-0.0372358,-0.0157028,0.57587,0.344795,0.957602,0.768169,0.0078125,0.0351562,0.827701
437,1.03125,0.0250244,-0.259766,0.5,0.0242661,0.50968,0.426046,0.609289,0.552748,1.08149,0.519013,0.316229,0.367364,0.00267063,0,0,0,0,0,-0.0277299,-0.0118142,0.465777,0.330171,0.964833,0.765045,0.03125,0.0250244,0.671637
438,1.09375,0.0673828,0.330078,0.265625,0.0616071,0.524562,0.472288,0.660656,0.659522,1.01262,0.71498,0.472356,0.640446,0.003204,0,0,0,0,0,-0.0297067,-0.0140301,0.362215,0.516427,0.857856,0.806726,0.09375,0.0673828,1.19244
439,1.10156,0.0698242,0.294922,0.392578,0.0633865,0.525271,0.476641,0.666076,0.670844,1.07079,0.772022,0.514225,0.4707,0.00287246,0,0,0,0,0,-0.0245903,-0.0117208,0.277678,0.389461,0.929324,0.805536,0.101562,0.0698242,1.22648
440,0.945312,-0.0898438,-0.765625,0.363281,-0.0950413,0.462141,0.334151,0.520646,0.382729,1.03414,0.715961,0.372763,1.27027,0.00443411,0,0,0,0,0,0.00755109,0.0025232,0.0919448,0.354558,0.949681,0.78353,-0.0546875,-0.0898438,1.06913
441,1.10156,-0.000113964,-0.304688,0.310547,-0.000103457,0.499959,0.441672,0.641518,0.606619,1.05894,0.853315,0.547417,0.546753,0.003021,0,0,0,0,0,-0.0199539,-0.00881307,0.203857,0.376377,0.937005,0.79687,0.101562,-0.000113964,1.209
442,0.980469,0.065918,0.191406,0.304688,0.0672311,0.526801,0.426129,0.594205,0.534666,1.02427,0.519866,0.308907,0.34676,0.00263039,0,0,0,0,0,-0.0335133,-0.014281,0.561995,0.326641,0.965841,0.766988,-0.0195312,0.065918,0.730636
443,1.00781,0.065918,0.149414,0.394531,0.065407,0.526075,0.437094,0.610118,0.563295,1.14629,0.616809,0.376326,0.237876,0.00241773,0,0,0,0,0,-0.0304994,-0.0133311,0.43107,0.382932,0.938785,0.77159,0.0078125,0.065918,0.970383
444,1.0625,0.145508,1.42969,0.507812,0.136949,0.554464,0.498819,0.670977,0.699031,1.14561,0.734513,0.492841,2.00627,0.00587162,0,0,0,0,0,-0.0469744,-0.0234317,0.55753,0.365041,0.94621,0.777189,0.0625,0.145508,0.948335
445,1.03906,0.0544434,1.42969,0.408203,0.0523966,0.520894,0.443888,0.624212,0.586677,1.16252,0.565924,0.353256,2.23771,0.00632364,0,0,0,0,0,-0.0276942,-0.0122931,0.426617,0.298045,0.976497,0.77064,0.0390625,0.0544434,0.82825
446,1.03125,0.0256348,-0.78125,0.384766,0.024858,0.509916,0.426351,0.609502,0.553269,1.18934,0.60559,0.369109,1.25948,0.00441305,0,0,0,0,0,-0.0173305,-0.00738889,0.249482,0.310698,0.971116,0.772121,0.03125,0.0256348,1.00339
447,0.949219,-0.0585938,0.277344,0.714844,-0.0617284,0.47539,0.351342,0.533083,0.407619,1.13482,0.662555,0.353197,0.328029,0.00259381,0,0,0,0,0,-0.00110777,-0.000389206,0.0145758,0.327128,0.964212,0.772593,-0.0507812,-0.0585938,1.00316
448,1.00781,0.012085,-0.235352,0.769531,0.0119913,0.504784,0.410178,0.591133,0.517684,1.1091,0.496116,0.293271,0.26829,0.00247713,0,0,0,0,0,-0.0136657,-0.00560536,0.240135,0.307789,0.973696,0.766771,0.0078125,0.012085,0.704284
449,1.00781,-0.0200195,1.03906,0.476562,-0.0198643,0.492076,0.394125,0.58011,0.491862,1.21394,0.746053,0.432793,1.50516,0.00489288,0,0,0,0,0,-0.0122948,-0.00484569,0.143667,0.33004,0.960977,0.780968,0.0078125,-0.0200195,1.02034
450,1.08594,0.202148,-0.726562,1.4375,0.186151,0.573837,0.538192,0.704619,0.786139,1.20096,0.639962,0.450929,0.605995,0.00313671,0,0,0,0,0,-0.046067,-0.0247929,0.627541,0.292124,0.979854,0.766663,0.0859375,0.202148,0.753562
451,1.05469,-0.151367,-0.933594,0.421875,-0.143519,0.44294,0.347249,0.56482,0.439603,1.19784,0.821974,0.464267,1.43736,0.00476047,0,0,0,0,0,0.0308534,0.0107138,0.327229,0.3448,0.95042,0.801472,0.0546875,-0.151367,1.22956
452,0.980469,0.059082,-0.431641,0.699219,0.060259,0.524025,0.422711,0.591759,0.528863,1.28802,0.491683,0.290958,0.516197,0.00296132,0,0,0,0,0,-0.021673,-0.00916142,0.384273,0.283876,0.983749,0.763869,-0.0195312,0.059082,0.862621
453,0.996094,-0.0233154,0.417969,0.277344,-0.0234069,0.490663,0.387778,0.572167,0.477747,0.97706,0.588502,0.336722,0.79366,0.00350324,0,0,0,0,0,-0.00557257,-0.00216092,0.0825495,0.387855,0.934581,0.78007,-0.00390625,-0.0233154,0.990788
454,1.01562,0.0546875,0.0446777,0.371094,0.0538462,0.521471,0.434612,0.610655,0.561787,0.991392,0.824793,0.503664,0.0733414,0.00209637,0,0,0,0,0,-0.00408496,-0.00177537,0.0431767,0.439443,0.905286,0.792802,0.015625,0.0546875,1.17752
455,0.835938,-0.0756836,-0.6875,0.820312,-0.0905374,0.46393,0.297371,0.461617,0.30152,1.26755,0.62836,0.290061,0.759072,0.00343569,0,0,0,0,0,0.0111718,0.00332216,0.154996,0.308518,0.97175,0.77305,-0.164062,-0.0756836,1.18587
456,0.921875,0.0233154,1.16406,0.835938,0.0252913,0.510089,0.381332,0.544998,0.442437,1.06341,0.586943,0.319883,1.27318,0.0044398,0,0,0,0,0,-0.0342893,-0.0130756,0.509296,0.284374,0.982192,0.768722,-0.078125,0.0233154,1.24013
457,1,-0.0490723,0.273438,0.423828,-0.0490723,0.480431,0.376466,0.565792,0.461848,1.17049,0.746016,0.42209,0.420013,0.00277346,0,0,0,0,0,0.00238479,0.000897792,0.0278682,0.363401,0.943868,0.792388,0,-0.0490723,1.20318
458,0.886719,0.00567627,1.71094,0.71875,0.00640143,0.502554,0.358414,0.518389,0.397188,1.10749,0.643884,0.333782,2.01811,0.00589475,0,0,0,0,0,-0.0182545,-0.00654269,0.247155,0.360374,0.947784,0.779965,-0.113281,0.00567627,0.868941
459,1.16406,0.233398,-0.414062,0.601562,0.200503,0.579457,0.587563,0.759964,0.922776,1.05052,0.741726,0.563685,0.533858,0.00299582,0,0,0,0,0,-0.0596362,-0.03504,0.700928,0.353955,0.953663,0.767231,0.164062,0.233398,1.07473
460,1.00781,0.0844727,0.320312,0.78125,0.0838178,0.533399,0.446372,0.616798,0.579688,1.0441,0.686954,0.423712,0.362392,0.00266092,0,0,0,0,0,-0.0413843,-0.0184728,0.525189,0.391499,0.934069,0.773581,0.0078125,0.0844727,1.25688
461,1.04688,0.0578613,-0.129883,0.417969,0.0552705,0.522039,0.44873,0.629976,0.598228,0.986524,0.484014,0.304917,0.2009,0.00234551,0,0,0,0,0,-0.0366056,-0.016426,0.65932,0.320064,0.96941,0.763991,0.046875,0.0578613,1.11918
462,0.972656,-0.131836,0.310547,0.414062,-0.135542,0.446092,0.324119,0.523283,0.378879,1.23144,0.831623,0.435174,0.482608,0.00289572,0,0,0,0,0,0.0178013,0.00576976,0.186609,0.33956,0.953327,0.797979,-0.0273438,-0.131836,1.41644
463,0.960938,-0.203125,0.734375,0.378906,-0.211382,0.416295,0.288575,0.492284,0.325619,1.12239,0.854631,0.420721,1.19303,0.00428327,0,0,0,0,0,0.0517372,0.0149301,0.527754,0.412001,0.920682,0.788772,-0.0390625,-0.203125,1.35485
464,1.08594,-0.112305,1.16406,0.433594,-0.103417,0.458816,0.379311,0.595189,0.498127,1.18168,0.86255,0.51338,1.76781,0.00540587,0,0,0,0,0,0.00544849,0.00206667,0.0550679,0.378011,0.934798,0.805415,0.0859375,-0.112305,1.11347
465,1.19531,0.19043,0.398438,0.324219,0.159314,0.563289,0.574538,0.764839,0.915072,0.90313,0.782618,0.598577,0.699747,0.00331982,0,0,0,0,0,-0.0623221,-0.0358064,0.694223,0.507831,0.866253,0.775227,0.195312,0.19043,1.45229
466,1.05469,0.0927734,0.0218506,0.597656,0.087963,0.535047,0.469319,0.64707,0.63896,1.2375,0.491072,0.317758,0.0282642,0.00200833,0,0,0,0,0,-0.0377389,-0.0177116,0.669962,0.271581,0.988544,0.762767,0.0546875,0.0927734,0.887354
467,1.10938,0.0296631,0.341797,0.253906,0.0267386,0.510666,0.459694,0.656407,0.642188,1.21003,0.857198,0.562671,0.678315,0.00327796,0,0,0,0,0,-0.0184911,-0.00850026,0.188057,0.427258,0.91378,0.78133,0.109375,0.0296631,1.35798
468,1.05469,-0.0898438,-0.285156,0.261719,-0.0851852,0.466057,0.37801,0.584236,0.484223,1.1235,0.793042,0.463324,0.557398,0.00304179,0,0,0,0,0,0.00867784,0.00328031,0.0953943,0.416932,0.918459,0.786555,0.0546875,-0.0898438,1.42336
469,1.0625,-0.0717773,0.730469,0.339844,-0.0675551,0.47307,0.390176,0.594666,0.505865,1.17706,0.817056,0.485876,1.25303,0.00440045,0,0,0,0,0,0.00310757,0.0012125,0.0331571,0.332937,0.958408,0.786966,0.0625,-0.0717773,1.44491
470,0.914062,-0.00212097,0.378906,0.474609,-0.00232038,0.499074,0.365481,0.531626,0.416203,0.913981,0.599523,0.318722,0.550001,0.00302735,0,0,0,0,0,-0.0194448,-0.00710671,0.282752,0.342741,0.954877,0.783819,-0.0859375,-0.00212097,1.12311
471,0.910156,-0.0402832,0.057373,0.429688,-0.0442597,0.482349,0.344833,0.516419,0.385599,1.09053,0.62059,0.320485,0.0875249,0.00212407,0,0,0,0,0,-0.0090334,-0.00311502,0.126898,0.341539,0.955603,0.782898,-0.0898438,-0.0402832,0.996682
472,0.96875,0.00332642,-0.855469,0.455078,0.00343372,0.50137,0.390134,0.565353,0.471828,1.12836,0.536337,0.303219,1.26812,0.00442993,0,0,0,0,0,-0.0144863,-0.00565159,0.235465,0.298617,0.974451,0.77766,-0.03125,0.00332642,0.921046
473,0.953125,0.00747681,-0.691406,0.472656,0.00784452,0.503129,0.385944,0.557687,0.459967,1.19811,0.552737,0.308254,1.00568,0.00391735,0,0,0,0,0,-0.0262218,-0.0101201,0.413571,0.287301,0.981272,0.768114,-0.046875,0.00747681,0.801974
474,0.960938,0.00360107,0.789062,0.24707,0.00374746,0.501495,0.387139,0.560897,0.464482,0.946332,0.506573,0.284135,1.58745,0.00505362,0,0,0,0,0,-0.00593524,-0.00229776,0.102142,0.378304,0.940215,0.775539,-0.0390625,0.00360107,0.930253
475,0.984375,-0.0128784,0.871094,0.388672,-0.0130828,0.494781,0.388297,0.568892,0.474413,1.0541,0.497174,0.282838,1.39725,0.00468212,0,0,0,0,0,-0.0116268,-0.00451466,0.203872,0.365978,0.947393,0.769929,-0.015625,-0.0128784,1.05541
476,1.05469,0.113281,0.8125,0.566406,0.107407,0.542767,0.479573,0.654545,0.65842,1.14848,0.66523,0.435423,1.07959,0.0040617,0,0,0,0,0,-0.042578,-0.0204193,0.557983,0.450008,0.900483,0.784822,0.0546875,0.113281,1.1402
477,1.00781,0.0966797,-0.194336,0.546875,0.0959302,0.538212,0.452475,0.62123,0.59066,1.19617,0.574575,0.356943,0.26279,0.00246639,0,0,0,0,0,-0.0250823,-0.0113491,0.380564,0.317588,0.969457,0.767694,0.0078125,0.0966797,0.986635
478,0.863281,-0.0844727,0.773438,0.695312,-0.0978507,0.461025,0.303941,0.474689,0.31771,1.14557,0.704454,0.334396,0.927545,0.00376474,0,0,0,0,0,-0.00635167,-0.00193054,0.0786036,0.321659,0.963494,0.78521,-0.136719,-0.0844727,0.952132
479,1.125,0.057373,0.0634766,0.515625,0.0509983,0.520337,0.479814,0.675279,0.686223,1.19328,0.810866,0.547561,0.0883988,0.00212578,0,0,0,0,0,-0.0332772,-0.0159669,0.35777,0.357851,0.946756,0.790535,0.125,0.057373,1.07398
480,0.953125,0.0297852,1.98438,0.359375,0.03125,0.512465,0.397098,0.565463,0.477435,1.15898,0.745677,0.421653,3.31017,0.00841829,0,0,0,0,0,-0.0155278,-0.00616604,0.181537,0.300858,0.969835,0.793497,-0.046875,0.0297852,1.29887
481,0.980469,0.043457,-0.664062,0.597656,0.0443227,0.517676,0.414899,0.586204,0.515776,1.01759,0.608649,0.356792,0.85898,0.00363082,0,0,0,0,0,-0.0281206,-0.0116672,0.402778,0.34427,0.957026,0.771499,-0.0195312,0.043457,1.06862
482,1.15625,0.230469,-0.515625,1.46875,0.199324,0.578995,0.582751,0.754482,0.908841,1.13805,0.709202,0.53508,0.425461,0.0027841,0,0,0,0,0,-0.0647875,-0.0377549,0.796393,0.258582,0.993219,0.762246,0.15625,0.230469,0.969647
483,0.898438,-0.0130005,-0.00576782,0.78125,-0.0144701,0.494227,0.353775,0.518801,0.394312,1.22372,0.575892,0.298774,0.00652555,0.00196587,0,0,0,0,0,-0.00855102,-0.00302514,0.129444,0.320536,0.967692,0.769775,-0.101562,-0.0130005,1.14379
484,1.08594,0.157227,0.226562,0.636719,0.144784,0.557559,0.514077,0.688947,0.738923,1.0015,0.66052,0.455063,0.283932,0.00250768,0,0,0,0,0,-0.0526644,-0.0270736,0.695086,0.306992,0.972147,0.773868,0.0859375,0.157227,1.1533
485,1.11719,0.00650024,0.265625,0.285156,0.0058184,0.502321,0.451245,0.652899,0.629899,0.942693,0.876244,0.572099,0.497425,0.00292466,0,0,0,0,0,-0.0274626,-0.0123924,0.273227,0.432337,0.905551,0.822261,0.117188,0.00650024,1.35007
486,0.925781,0.0297852,0.486328,0.5625,0.032173,0.512833,0.386133,0.549541,0.451094,1.15739,0.51277,0.281788,0.648438,0.0032196,0,0,0,0,0,-0.0192011,-0.00741417,0.326445,0.300332,0.975826,0.769827,-0.0742188,0.0297852,0.888692
487,0.996094,0.0913086,0.0454102,0.578125,0.0916667,0.536519,0.44509,0.612461,0.573214,1.06126,0.607342,0.371974,0.0597231,0.00206977,0,0,0,0,0,-0.0286121,-0.012735,0.410698,0.472022,0.88862,0.777042,-0.00390625,0.0913086,0.883796
488,0.980469,-0.0625,-0.675781,0.398438,-0.063745,0.474587,0.36192,0.549982,0.433466,0.922164,0.636735,0.350193,1.0706,0.00404413,0,0,0,0,0,0.0178281,0.00645235,0.244092,0.411825,0.920356,0.791303,-0.0195312,-0.0625,1.02554
489,1.125,0.11377,1.23438,0.621094,0.101128,0.540276,0.508012,0.695598,0.741933,1.1509,0.723018,0.50293,1.56628,0.00501226,0,0,0,0,0,-0.0492939,-0.0250419,0.594362,0.287878,0.979137,0.775218,0.125,0.11377,1.29843
490,0.914062,-0.115723,-0.224609,0.322266,-0.126603,0.449627,0.30868,0.494301,0.339617,1.01712,0.775747,0.383452,0.395659,0.0027259,0,0,0,0,0,0.0161627,0.00498911,0.181636,0.410485,0.916538,0.824132,-0.0859375,-0.115723,1.21552
491,1.03125,0.0195312,-0.462891,0.6875,0.0189394,0.507555,0.423299,0.607372,0.548083,1.21752,0.595904,0.361935,0.558267,0.00304349,0,0,0,0,0,-0.0208252,-0.00881531,0.304664,0.305587,0.974855,0.765749,0.03125,0.0195312,1.2307
492,1.0625,-0.0201416,-0.355469,0.427734,-0.0189568,0.492438,0.415994,0.611916,0.547493,1.11304,0.666785,0.408017,0.543519,0.00301468,0,0,0,0,0,-0.00443268,-0.00184397,0.0579545,0.339948,0.955897,0.784714,0.0625,-0.0201416,1.23972
493,0.910156,-0.0756836,-0.106445,0.535156,-0.0831545,0.466864,0.327133,0.504772,0.361811,1.14892,0.873379,0.440857,0.145508,0.00223732,0,0,0,0,0,0.00296092,0.000968615,0.029555,0.393544,0.929274,0.793531,-0.0898438,-0.0756836,1.24848
494,0.890625,-0.142578,0.9375,0.345703,-0.160088,0.436406,0.285854,0.472458,0.304929,1.13463,0.687765,0.32494,1.59448,0.00506735,0,0,0,0,0,0.00669877,0.00191487,0.0849106,0.332382,0.959007,0.785303,-0.109375,-0.142578,1.20739
495,0.957031,0.034668,1.14062,0.949219,0.0362245,0.514448,0.401106,0.569455,0.485165,1.19067,0.596494,0.339677,1.17074,0.00423972,0,0,0,0,0,-0.0157453,-0.00631552,0.230118,0.314286,0.970274,0.769757,-0.0429688,0.034668,1.00744
496,1.08594,0.078125,-1.10938,0.558594,0.0719424,0.528676,0.474526,0.659961,0.660723,1.24881,0.582048,0.384128,1.48433,0.00485221,0,0,0,0,0,-0.0402014,-0.0190766,0.602129,0.292635,0.980392,0.76405,0.0859375,0.078125,0.85218
497,0.871094,-0.171875,0.273438,0.390625,-0.197309,0.421793,0.266038,0.450854,0.274046,1.07978,0.797775,0.35968,0.4375,0.00280762,0,0,0,0,0,0.0279385,0.0074327,0.305302,0.373424,0.937728,0.800689,-0.128906,-0.171875,1.28758
498,1.02344,-0.0241699,-0.671875,0.490234,-0.0236164,0.490579,0.398316,0.587801,0.504166,1.05396,0.597021,0.35093,0.959592,0.00382733,0,0,0,0,0,0.000978018,0.00038956,0.0142812,0.336833,0.958565,0.778834,0.0234375,-0.0241699,0.966436
499,1.14062,0.140625,0.378906,0.691406,0.123288,0.54906,0.527706,0.714541,0.789042,1.11943,0.66607,0.475934,0.455685,0.00284314,0,0,0,0,0,-0.0464545,-0.0245143,0.608016,0.373983,0.943966,0.768083,0.140625,0.140625,1.33625
500,1.0625,0.100098,-0.90625,0.765625,0.0942096,0.537529,0.476114,0.654274,0.654759,0.920962,0.565527,0.37001,1.03571,0.003976,0,0,0,0,0,-0.0396973,-0.0189005,0.611948,0.302786,0.976651,0.763283,0.0625,0.100098,0.797025
501,1.32031,0.227539,0.96875,0.542969,0.172337,0.568414,0.643218,0.851299,1.13844,0.966429,1.00577,0.856213,1.31469,0.00452088,0,0,0,0,0,-0.0691362,-0.0444696,0.599256,0.46959,0.886941,0.802209,0.320312,0.227539,1.61416
502,1.13281,-0.0585938,-0.492188,0.324219,-0.0517241,0.479374,0.424964,0.639938,0.590115,1.05467,0.768719,0.491933,0.864394,0.00364139,0,0,0,0,0,-0.017389,-0.00738969,0.197203,0.639631,0.771382,0.835861,0.132812,-0.0585938,1.06601
503,1.08594,0.123047,0.478516,0.578125,0.113309,0.545107,0.496987,0.676291,0.704365,0.989611,0.595827,0.402952,0.62934,0.0031823,0,0,0,0,0,-0.0483001,-0.0240045,0.7067,0.255355,0.994024,0.763179,0.0859375,0.123047,0.753548
504,1.00781,0.0517578,-1.40625,0.554688,0.0513566,0.520479,0.430014,0.605066,0.551017,1.08865,0.469261,0.283934,1.88816,0.00564093,0,0,0,0,0,-0.0203471,-0.00874954,0.378003,0.311509,0.97261,0.765226,0.0078125,0.0517578,0.92679
505,1.14062,0.271484,-1.53125,0.53125,0.238014,0.594065,0.603012,0.756836,0.936424,1.03994,0.707204,0.535237,2.10086,0.00605636,0,0,0,0,0,-0.0623826,-0.0376175,0.768999,0.271788,0.987994,0.764384,0.140625,0.271484,1.09229
506,0.984375,0.0368652,0.527344,0.507812,0.0374504,0.514937,0.413169,0.58615,0.514281,1.16434,0.693802,0.406672,0.740018,0.00339847,0,0,0,0,0,-0.0212559,-0.0087823,0.267086,0.399469,0.925749,0.796958,-0.015625,0.0368652,1.03781
507,1.11719,0.117676,-1.46875,0.835938,0.105332,0.541944,0.506833,0.692484,0.736414,1.1379,0.63062,0.436695,1.60643,0.00509068,0,0,0,0,0,-0.0386672,-0.0195978,0.534542,0.331418,0.96465,0.763681,0.117188,0.117676,0.995727
508,0.9375,-0.0246582,0.714844,0.769531,-0.0263021,0.489508,0.363611,0.537591,0.421217,1.22203,0.624798,0.335886,0.814888,0.0035447,0,0,0,0,0,-0.0226196,-0.00822474,0.315612,0.370184,0.945021,0.771523,-0.0625,-0.0246582,0.947708
509,0.988281,-0.00250244,-0.851562,0.878906,-0.00253211,0.49899,0.395052,0.57472,0.48637,1.19706,0.462142,0.265602,0.908333,0.00372721,0,0,0,0,0,-0.0139164,-0.00549768,0.262517,0.293121,0.979973,0.764877,-0.0117188,-0.00250244,0.764851
510,0.925781,0.00714111,-1.27344,0.550781,0.00771361,0.503077,0.374811,0.541645,0.433863,1.08153,0.463655,0.251137,1.71588,0.00530446,0,0,0,0,0,-0.00160559,-0.000601791,0.0301888,0.335087,0.961077,0.771465,-0.0742188,0.00714111,1.06544
511,1.02344,0.0549316,2.01562,0.632812,0.0536737,0.521402,0.437867,0.61529,0.570309,1.18252,0.639265,0.393333,2.5338,0.00690195,0,0,0,0,0,-0.016898,-0.00739907,0.230442,0.312533,0.970004,0.773572,0.0234375,0.0549316,1.01637
