k,gamma,beta,running_mean,running_var,on_ratio,p_on,act_mean,act_std,act_second,pre_row_norm,final_col_norm,effective_contribution,mean_over_std,bn_input_rounding_noise,dead,mostly_off,flat,always_on,negative_gamma,mean_row_component,shared_contribution,column_shared_fraction,pre_row_rel_change,pre_row_cos_ref,pre_row_norm_ratio_ref,gamma_delta,beta_delta,final_col_rel_change
0,1.27344,0.423828,-1.07812,0.484375,0.332822,0.630366,0.750201,0.881047,1.33904,0.905789,0.874477,0.770455,1.5491,0.0049787,0,0,0,0,0,-0.0761719,-0.0571442,0.75937,0.602701,0.808524,0.678298,0.273438,0.423828,1.33391
1,0.90625,-0.115723,-0.345703,0.212891,-0.127694,0.449196,0.305547,0.489768,0.333231,0.968008,0.652531,0.319589,0.749247,0.0034165,0,0,0,0,0,0.00423281,0.00129332,0.0565502,0.516442,0.873694,0.700336,-0.09375,-0.115723,1.0127
2,1.03125,0.161133,-0.380859,0.910156,0.15625,0.562082,0.4941,0.658675,0.677988,1.01619,0.599233,0.3947,0.399215,0.00273284,0,0,0,0,0,-0.0482495,-0.0238401,0.701946,0.463546,0.929357,0.649035,0.03125,0.161133,1.12826
3,0.972656,0.124512,-0.0132446,0.355469,0.128012,0.55093,0.452293,0.611016,0.57791,0.887536,0.565223,0.345361,0.0222146,0.00199651,0,0,0,0,0,-0.0442335,-0.0200065,0.682242,0.43526,0.947961,0.651177,-0.0273438,0.124512,1.09963
4,1.03906,-0.0688477,-0.283203,0.494141,-0.0662594,0.473586,0.382243,0.58199,0.484822,1.0792,0.827051,0.481336,0.402877,0.00273999,0,0,0,0,0,-0.0206661,-0.00789947,0.217838,0.457579,0.902925,0.745915,0.0390625,-0.0688477,1.13309
5,1.13281,0.00534058,-0.326172,0.451172,0.00471444,0.501881,0.456931,0.661599,0.646498,0.983013,0.86213,0.570384,0.485596,0.00290156,0,0,0,0,0,-0.0146312,-0.00668546,0.14795,0.482974,0.897791,0.699568,0.132812,0.00534058,1.50395
6,1.05469,0.0654297,-0.0505371,0.324219,0.062037,0.524733,0.455647,0.637224,0.613668,0.927687,0.607734,0.387262,0.0887547,0.00212647,0,0,0,0,0,-0.0342611,-0.015611,0.491467,0.487444,0.904387,0.668766,0.0546875,0.0654297,1.04489
7,0.9375,-0.255859,0.065918,0.158203,-0.272917,0.392459,0.260629,0.459048,0.278652,0.898734,0.836892,0.384173,0.165728,0.00227681,0,0,0,0,0,0.0169321,0.004413,0.17638,0.517845,0.866604,0.728163,-0.0625,-0.255859,1.24619
8,0.90625,-0.161133,0.457031,0.337891,-0.177802,0.429439,0.283182,0.475731,0.306512,1.04559,0.895258,0.425901,0.786245,0.00348876,0,0,0,0,0,0.0079297,0.00224555,0.0772175,0.460197,0.90854,0.715598,-0.09375,-0.161133,1.50489
9,0.976562,0.0427246,-1.35938,0.310547,0.04375,0.517448,0.412966,0.58367,0.511212,0.968996,0.503715,0.294004,2.43936,0.0067175,0,0,0,0,0,-0.0259616,-0.0107213,0.449317,0.442714,0.943731,0.649411,-0.0234375,0.0427246,0.888712
10,1.03906,0.010376,-0.0307617,0.292969,0.0099859,0.503984,0.421855,0.60874,0.548526,1.03715,0.793324,0.482928,0.0568329,0.00206413,0,0,0,0,0,-0.0259528,-0.0109483,0.285194,0.427683,0.941376,0.678505,0.0390625,0.010376,1.66145
11,1.16406,0.0600586,-0.320312,0.324219,0.051594,0.520574,0.496821,0.698973,0.735394,1.1243,0.94835,0.662871,0.562542,0.00305184,0,0,0,0,0,-0.0278361,-0.0138296,0.255887,0.467624,0.917798,0.670764,0.164062,0.0600586,1.24931
12,1.03125,-0.0566406,-1.14062,0.236328,-0.0549242,0.478099,0.385213,0.58147,0.486497,0.840911,0.59436,0.345603,2.34631,0.00653576,0,0,0,0,0,0.00127642,0.000491693,0.0187219,0.513145,0.884011,0.672365,0.03125,-0.0566406,1.00144
13,0.828125,-0.257812,1.28906,0.292969,-0.311321,0.377778,0.218696,0.394108,0.203149,0.920236,0.738761,0.291152,2.38157,0.00660463,0,0,0,0,0,0.045273,0.00990101,0.534247,0.448456,0.92738,0.680102,-0.171875,-0.257812,1.20917
14,1.3125,0.488281,-1.17188,0.371094,0.372024,0.645062,0.806017,0.924146,1.50371,0.812433,0.936794,0.865734,1.92371,0.00571037,0,0,0,0,0,-0.0912101,-0.0735169,0.848801,0.428474,0.954887,0.64602,0.3125,0.488281,1.5098
15,1.41406,0.207031,0.585938,0.248047,0.146409,0.558201,0.670558,0.897976,1.25601,0.878505,1.05823,0.950264,1.17648,0.00425094,0,0,0,0,0,-0.0531994,-0.0356733,0.438262,0.709333,0.706264,0.661971,0.414062,0.207031,2.22826
16,1.20312,0.351562,-0.0683594,0.363281,0.292208,0.614936,0.677624,0.817519,1.12751,0.814178,0.769412,0.629009,0.113417,0.00217464,0,0,0,0,0,-0.0710985,-0.0481781,0.805579,0.387595,0.977123,0.653087,0.203125,0.351562,1.38982
17,1.09375,0.109375,-0.566406,0.480469,0.1,0.539828,0.493284,0.675825,0.700069,0.96416,0.712717,0.481672,0.817138,0.0035491,0,0,0,0,0,-0.0360449,-0.0177804,0.440893,0.538062,0.870015,0.654523,0.09375,0.109375,0.997385
18,1.02344,0.0249023,0.0480957,0.261719,0.0243321,0.509706,0.422852,0.604697,0.544462,0.959251,0.731605,0.442399,0.0940132,0.00213674,0,0,0,0,0,-0.0193136,-0.00816678,0.23014,0.485841,0.896547,0.696953,0.0234375,0.0249023,1.2599
19,1.05469,-0.349609,-0.792969,0.222656,-0.331481,0.37014,0.270821,0.494456,0.317831,1.02946,0.936301,0.46296,1.6805,0.00523535,0,0,0,0,0,0.0279496,0.00756934,0.260236,0.483526,0.891756,0.721385,0.0546875,-0.349609,1.47337
20,1.02344,-0.078125,0.386719,0.316406,-0.0763359,0.469576,0.371338,0.569865,0.462639,1.00249,0.852957,0.486071,0.6875,0.0032959,0,0,0,0,0,-0.0147985,-0.00549524,0.15125,0.483314,0.901887,0.68511,0.0234375,-0.078125,1.55476
21,1.03906,-0.0463867,0.126953,0.296875,-0.0446429,0.482196,0.393473,0.589427,0.502246,0.937594,0.774105,0.456279,0.233,0.0024082,0,0,0,0,0,-0.0334416,-0.0131584,0.376612,0.452096,0.917549,0.702405,0.0390625,-0.0463867,1.40588
22,0.996094,-0.0874023,-0.382812,0.212891,-0.0877451,0.46504,0.355735,0.550954,0.430098,0.943854,0.848449,0.467456,0.829675,0.00357358,0,0,0,0,0,-0.00951024,-0.00338312,0.0977176,0.498509,0.87529,0.754278,-0.00390625,-0.0874023,1.21129
23,0.816406,0.0257568,0.664062,0.589844,0.031549,0.512584,0.340259,0.484437,0.350456,0.940418,0.736884,0.356974,0.86465,0.00364189,0,0,0,0,0,-0.0263356,-0.00896092,0.311566,0.43303,0.932887,0.692483,-0.183594,0.0257568,0.86227
24,1.32031,0.441406,-0.523438,0.375,0.33432,0.630931,0.779076,0.914089,1.44252,0.838989,1.0093,0.92259,0.85477,0.0036226,0,0,0,0,0,-0.0703614,-0.0548169,0.607744,0.591801,0.820303,0.668234,0.320312,0.441406,1.7936
25,0.933594,0.0539551,1.36719,0.287109,0.0577929,0.523043,0.401351,0.562646,0.477653,0.936231,0.544083,0.306126,2.55155,0.00693662,0,0,0,0,0,-0.0322257,-0.0129338,0.51635,0.430059,0.948215,0.658279,-0.0664062,0.0539551,1.16242
26,1.04688,0.0126343,0.0527344,0.265625,0.0120686,0.504815,0.426116,0.614073,0.558661,0.94495,0.66572,0.408801,0.10232,0.00215297,0,0,0,0,0,-0.0140586,-0.00599059,0.184101,0.443092,0.93395,0.672046,0.046875,0.0126343,1.03843
27,1.01562,0.0322266,1.85938,0.326172,0.0317308,0.512657,0.423381,0.602714,0.542516,0.986998,0.79652,0.480074,3.2557,0.0083119,0,0,0,0,0,-0.033592,-0.0142222,0.36766,0.433597,0.935514,0.684132,0.015625,0.0322266,1.13333
28,0.929688,0.0432129,-1.14062,0.455078,0.0464811,0.518537,0.394413,0.556553,0.465313,0.939871,0.651833,0.36278,1.69083,0.00525553,0,0,0,0,0,-0.0346444,-0.0136642,0.463343,0.446799,0.929697,0.676783,-0.0703125,0.0432129,1.22725
29,1.10156,0.0668945,-0.423828,0.263672,0.060727,0.524212,0.475176,0.665029,0.668056,0.908012,0.774978,0.515383,0.825387,0.00356521,0,0,0,0,0,-0.0319304,-0.0151726,0.359188,0.577935,0.830892,0.674719,0.101562,0.0668945,1.55182
30,1.09375,-0.0393066,0.746094,0.198242,-0.0359375,0.485666,0.418943,0.623638,0.564438,0.861695,0.884545,0.551636,1.6757,0.00522597,0,0,0,0,0,-0.0141293,-0.00591937,0.139254,0.623337,0.782013,0.772324,0.09375,-0.0393066,1.23097
31,0.871094,-0.0600586,1.03906,0.285156,-0.0689462,0.472516,0.319281,0.487142,0.339247,0.93282,0.652302,0.317763,1.94581,0.00575353,0,0,0,0,0,-0.0170905,-0.00545666,0.228408,0.434484,0.937306,0.677848,-0.128906,-0.0600586,1.13895
32,1.08594,0.165039,-0.726562,0.382812,0.151978,0.560398,0.517983,0.691867,0.746986,0.878847,0.671513,0.464597,1.1743,0.00424668,0,0,0,0,0,-0.0471436,-0.0244196,0.612034,0.49737,0.892035,0.684423,0.0859375,0.165039,1.22142
33,1.19531,0.232422,-0.12793,0.511719,0.194444,0.577086,0.598719,0.778341,0.96428,0.905819,0.75188,0.585219,0.178836,0.00230241,0,0,0,0,0,-0.0589032,-0.0352665,0.682964,0.554216,0.850435,0.676093,0.195312,0.232422,1.19411
34,1.07031,-0.101074,1.42188,0.589844,-0.0944343,0.462382,0.378661,0.589701,0.491131,1.06362,0.921883,0.543635,1.85137,0.00556908,0,0,0,0,0,-0.0139858,-0.00529587,0.132257,0.450296,0.919207,0.700783,0.0703125,-0.101074,1.156
35,0.921875,-0.134766,0.988281,0.373047,-0.146186,0.441887,0.302291,0.492939,0.334369,1.01294,0.713683,0.351802,1.61808,0.00511343,0,0,0,0,0,-0.000767557,-0.000232026,0.00937588,0.475473,0.907152,0.685794,-0.078125,-0.134766,1.19449
36,1.05469,0.0223389,1.28125,0.296875,0.0211806,0.508449,0.434102,0.622,0.575328,1.00245,0.734261,0.45671,2.35151,0.00654592,0,0,0,0,0,-0.0249345,-0.0108241,0.296045,0.430454,0.942903,0.67022,0.0546875,0.0223389,1.22695
37,1.14062,0.246094,0.601562,0.597656,0.215753,0.58541,0.586823,0.749568,0.906213,0.954583,0.650459,0.487563,0.778135,0.00347292,0,0,0,0,0,-0.0610717,-0.0358383,0.818515,0.420302,0.959999,0.646548,0.140625,0.246094,0.974355
38,0.914062,-0.291016,-0.017334,0.330078,-0.318376,0.3751,0.239053,0.43273,0.244401,0.99284,0.851732,0.36857,0.030171,0.00201205,0,0,0,0,0,0.0324301,0.00775253,0.331935,0.465666,0.90638,0.710498,-0.0859375,-0.291016,1.44874
39,1.33594,0.582031,-0.535156,0.699219,0.435673,0.668463,0.874623,0.968017,1.70202,0.959645,0.983917,0.952448,0.639991,0.00320311,0,0,0,0,0,-0.0945443,-0.0826906,0.837691,0.4266,0.955368,0.647609,0.335938,0.582031,1.50579
40,0.929688,-0.124512,0.410156,0.300781,-0.133929,0.44673,0.310551,0.500631,0.347073,0.929524,0.723628,0.36227,0.747866,0.0034138,0,0,0,0,0,-0.0151888,-0.0047169,0.182985,0.471205,0.914025,0.674284,-0.0703125,-0.124512,1.13673
41,0.988281,-0.00094223,0.132812,0.225586,-0.000953403,0.49962,0.395832,0.575257,0.487604,0.94897,0.672551,0.386889,0.279629,0.00249928,0,0,0,0,0,-0.0155488,-0.00615472,0.201548,0.478476,0.905294,0.685076,-0.0117188,-0.00094223,1.02425
42,0.992188,0.108887,0.296875,0.664062,0.109744,0.543694,0.452313,0.616607,0.584792,0.902986,0.731621,0.451123,0.364308,0.00266466,0,0,0,0,0,-0.0513599,-0.0232307,0.611991,0.400764,0.962464,0.667595,-0.0078125,0.108887,1.22718
43,0.925781,-0.0664062,0.0581055,0.275391,-0.07173,0.471408,0.338037,0.516881,0.381435,0.83549,0.711209,0.367611,0.110724,0.00216938,0,0,0,0,0,-0.0220606,-0.0074573,0.270412,0.425835,0.929381,0.717049,-0.0742188,-0.0664062,1.3526
44,0.828125,-0.135742,-0.251953,0.273438,-0.163915,0.434899,0.264209,0.438346,0.261954,1.03952,0.698584,0.306222,0.481827,0.00289419,0,0,0,0,0,0.00719683,0.00190147,0.089811,0.46483,0.917224,0.67771,-0.171875,-0.135742,0.933959
45,0.933594,-0.124023,0.996094,0.197266,-0.132845,0.447158,0.312362,0.503048,0.350627,0.927886,0.827551,0.416298,2.24272,0.00633343,0,0,0,0,0,-0.0140474,-0.00438786,0.147981,0.447734,0.919319,0.705748,-0.0664062,-0.124023,1.25402
46,0.964844,-0.0864258,1,0.46875,-0.0895749,0.464313,0.343692,0.5331,0.402319,0.9802,0.757716,0.403938,1.46059,0.00480585,0,0,0,0,0,-0.0210048,-0.00721919,0.241668,0.433647,0.932799,0.691629,-0.0351562,-0.0864258,1.21848
47,0.863281,-0.246094,-0.166992,0.21875,-0.285068,0.387796,0.236194,0.418922,0.231284,0.933156,0.774165,0.324315,0.357044,0.00265048,0,0,0,0,0,0.0233174,0.00550742,0.262575,0.509672,0.875894,0.711712,-0.136719,-0.246094,1.20714
48,1.03906,-0.133789,0.699219,0.294922,-0.128759,0.448774,0.349772,0.561199,0.437284,1.00944,0.623715,0.350028,1.28754,0.00446784,0,0,0,0,0,0.00112092,0.000392066,0.0156673,0.684373,0.729343,0.746886,0.0390625,-0.133789,1.23137
49,1.04688,0.199219,-0.240234,0.255859,0.190299,0.575462,0.521601,0.680477,0.735116,0.913605,0.652673,0.444129,0.474935,0.00288073,0,0,0,0,0,-0.0491782,-0.0256514,0.656876,0.572083,0.841682,0.652717,0.046875,0.199219,1.38101
50,1.08594,0.0400391,0.578125,0.394531,0.0368705,0.514706,0.455483,0.646404,0.625303,1.04648,0.655323,0.423603,0.920409,0.0037508,0,0,0,0,0,-0.0290345,-0.0132247,0.386247,0.394722,0.971765,0.655327,0.0859375,0.0400391,1.12382
51,1.03906,-0.224609,-0.554688,0.198242,-0.216165,0.414429,0.310235,0.530452,0.377625,0.890372,0.753944,0.399931,1.24581,0.00438634,0,0,0,0,0,0.0171852,0.00533146,0.198711,0.533186,0.8625,0.694592,0.0390625,-0.224609,1.27689
52,1.07031,0.139648,0.398438,0.490234,0.130474,0.551904,0.499022,0.673339,0.702409,0.89428,0.828886,0.558122,0.56906,0.00306457,0,0,0,0,0,-0.053977,-0.0269357,0.567702,0.477532,0.907565,0.680164,0.0703125,0.139648,1.12473
53,1.22656,0.263672,-0.472656,0.527344,0.214968,0.585104,0.630422,0.805769,1.04669,0.914558,0.760126,0.612486,0.650876,0.00322437,0,0,0,0,0,-0.0642529,-0.0405064,0.736909,0.440072,0.946086,0.64819,0.226562,0.263672,1.15691
54,1.36719,0.236328,-0.824219,0.294922,0.172857,0.568618,0.666409,0.881792,1.22166,0.955767,1.07916,0.951597,1.51771,0.0049174,0,0,0,0,0,-0.0628742,-0.0419,0.507917,0.597246,0.810125,0.696083,0.367188,0.236328,1.8487
55,1.08594,0.208008,-0.145508,1.01562,0.191547,0.575951,0.541928,0.706244,0.792467,1.03355,0.640386,0.452269,0.144384,0.00223513,0,0,0,0,0,-0.0523188,-0.028353,0.712234,0.404576,0.968885,0.648855,0.0859375,0.208008,1.02937
56,0.96875,0.0664062,0.229492,0.550781,0.0685484,0.527325,0.421674,0.587561,0.523037,0.965412,0.442403,0.259939,0.309228,0.00255709,0,0,0,0,0,-0.0328231,-0.0138406,0.646796,0.391141,0.97763,0.647855,-0.03125,0.0664062,1.04921
57,1.03906,0.155273,0.0864258,0.248047,0.149436,0.559395,0.494303,0.661014,0.681275,0.907064,0.607897,0.401828,0.173531,0.00229205,0,0,0,0,0,-0.0481958,-0.0238233,0.691171,0.476412,0.917499,0.655253,0.0390625,0.155273,1.22585
58,0.976562,-0.0219727,0.789062,0.326172,-0.0225,0.491025,0.380618,0.561248,0.459869,0.997752,0.896661,0.503249,1.38162,0.0046516,0,0,0,0,0,-0.0175253,-0.00667044,0.17039,0.460822,0.907167,0.719261,-0.0234375,-0.0219727,1.26851
59,1.11719,0.129883,0.515625,0.490234,0.116259,0.546276,0.512936,0.696964,0.748862,1.03548,0.655237,0.456677,0.736431,0.00339147,0,0,0,0,0,-0.0484698,-0.0248619,0.644881,0.45594,0.931782,0.655922,0.117188,0.129883,1.28132
60,1.03125,0.151367,-0.171875,0.328125,0.14678,0.558347,0.489217,0.65502,0.668385,0.955368,0.515872,0.337907,0.30005,0.00253916,0,0,0,0,0,-0.0401182,-0.0196265,0.677963,0.445305,0.941646,0.650109,0.03125,0.151367,0.992859
61,1.07031,-0.238281,0.335938,0.226562,-0.222628,0.411913,0.317059,0.54383,0.396277,0.958421,0.840248,0.456952,0.705772,0.00333159,0,0,0,0,0,0.0237507,0.00753036,0.246419,0.507493,0.880163,0.700621,0.0703125,-0.238281,1.42496
62,0.925781,0.0227051,0.898438,0.527344,0.0245253,0.509783,0.382593,0.547059,0.445651,1.04375,0.76028,0.415918,1.2372,0.00436954,0,0,0,0,0,-0.0231949,-0.00887419,0.265965,0.427643,0.940007,0.682147,-0.0742188,0.0227051,1.25303
63,1.11719,0.0917969,0.302734,0.371094,0.0821678,0.532743,0.493893,0.683071,0.710516,1.04838,0.895885,0.611953,0.496958,0.00292375,0,0,0,0,0,-0.0446136,-0.0220344,0.434132,0.46905,0.898067,0.73518,0.117188,0.0917969,1.24073
64,1.05469,0.116211,-0.542969,0.546875,0.110185,0.543869,0.481038,0.655619,0.661234,0.869955,0.653654,0.428548,0.734228,0.00338716,0,0,0,0,0,-0.0347901,-0.0167354,0.463997,0.460628,0.925249,0.663977,0.0546875,0.116211,1.08851
65,0.964844,-0.11377,-0.933594,0.511719,-0.117915,0.453068,0.33002,0.52439,0.383898,1.0738,0.793831,0.416277,1.3051,0.00450214,0,0,0,0,0,-0.010151,-0.00335002,0.111477,0.404582,0.954224,0.681774,-0.0351562,-0.11377,1.22667
66,0.769531,-0.131836,-0.640625,0.423828,-0.17132,0.431986,0.242666,0.40562,0.223415,1.01621,0.758272,0.307571,0.984031,0.00387506,0,0,0,0,0,0.00792237,0.00192249,0.091083,0.422783,0.945599,0.675593,-0.230469,-0.131836,1.34729
67,1.10938,-0.167969,-0.140625,0.355469,-0.151408,0.439827,0.360878,0.591426,0.480017,0.852734,0.768258,0.454368,0.235864,0.0024138,0,0,0,0,0,0.00950428,0.00342988,0.10785,0.475927,0.898388,0.715065,0.109375,-0.167969,1.49573
68,1.02344,0.104004,-0.141602,0.341797,0.101622,0.540472,0.462403,0.632986,0.614487,0.919467,0.493789,0.312561,0.242206,0.00242618,0,0,0,0,0,-0.0392872,-0.0181665,0.693612,0.405507,0.968606,0.648242,0.0234375,0.104004,1.04642
69,1.09375,0.202148,-0.910156,0.384766,0.184821,0.573315,0.541137,0.709286,0.795915,0.981843,0.599803,0.425432,1.4673,0.00481894,0,0,0,0,0,-0.0550662,-0.0297983,0.800355,0.413803,0.964257,0.646412,0.09375,0.202148,1.03681
70,1.11719,0.181641,-0.539062,0.261719,0.162587,0.564578,0.538815,0.716224,0.803299,0.916649,0.686173,0.491454,1.05371,0.00401116,0,0,0,0,0,-0.0510118,-0.0274859,0.648102,0.447096,0.938325,0.654866,0.117188,0.181641,1.2229
71,1.67969,0.390625,0.388672,0.193359,0.232558,0.591948,0.882154,1.11188,2.01447,1.04934,1.489,1.65559,0.883895,0.00367948,0,0,0,0,0,-0.0610944,-0.0538947,0.357695,0.900296,0.480468,0.683896,0.679688,0.390625,2.43003
72,1.40625,-0.0150757,0.102539,0.384766,-0.0107205,0.495723,0.556372,0.813837,0.971881,1.18023,0.94332,0.767709,0.165307,0.00227599,0,0,0,0,0,-0.0472345,-0.0262799,0.436523,0.848557,0.576354,0.804901,0.40625,-0.0150757,1.74093
73,1.02344,0.0507812,0.162109,0.283203,0.0496183,0.519787,0.435791,0.613815,0.566683,0.92783,0.790897,0.485464,0.30462,0.00254809,0,0,0,0,0,-0.0332939,-0.0145092,0.366988,0.44745,0.924993,0.688721,0.0234375,0.0507812,1.31788
74,0.984375,0.112793,0.244141,0.427734,0.114583,0.545612,0.451133,0.613502,0.579905,0.998347,0.724589,0.444536,0.373296,0.00268222,0,0,0,0,0,-0.0354839,-0.016008,0.42692,0.440282,0.932738,0.680055,-0.015625,0.112793,1.35508
75,1.29688,0.394531,0.0109863,0.636719,0.304217,0.619519,0.740356,0.88592,1.33298,0.985257,0.865971,0.767181,0.0137683,0.00198002,0,0,0,0,0,-0.0784723,-0.0580975,0.789987,0.444435,0.943867,0.646533,0.296875,0.394531,1.54643
76,0.972656,0.00473022,0.554688,0.246094,0.0048632,0.50194,0.392403,0.568112,0.476731,0.902661,0.696367,0.395615,1.11814,0.004137,0,0,0,0,0,-0.0196202,-0.00769901,0.245625,0.453354,0.925303,0.676878,-0.0273438,0.00473022,1.23788
77,1.03125,0.132812,0.4375,0.796875,0.128788,0.551237,0.47994,0.648121,0.650403,1.01196,0.581222,0.376702,0.490098,0.00291035,0,0,0,0,0,-0.0470811,-0.0225961,0.706174,0.434329,0.948514,0.651326,0.03125,0.132812,1.20966
78,0.929688,0.176758,-0.378906,0.439453,0.190126,0.575395,0.463111,0.604259,0.579601,0.956508,0.623004,0.376456,0.571578,0.00306949,0,0,0,0,0,-0.0459572,-0.0212833,0.643086,0.417407,0.953869,0.663879,-0.0703125,0.176758,1.19206
79,1.03906,0.0537109,0.167969,0.761719,0.0516917,0.520613,0.443522,0.623951,0.586027,1.03172,0.837173,0.522355,0.192456,0.00232902,0,0,0,0,0,-0.0512033,-0.0227098,0.533199,0.430016,0.944448,0.667148,0.0390625,0.0537109,1.46433
80,1.11719,0.201172,0.0610352,0.243164,0.18007,0.571451,0.549348,0.72302,0.824541,0.946052,0.683368,0.494088,0.123774,0.00219487,0,0,0,0,0,-0.0538133,-0.0295623,0.686503,0.454663,0.924993,0.675334,0.117188,0.201172,1.16093
81,1.32812,0.261719,-0.414062,0.228516,0.197059,0.578109,0.667457,0.865793,1.1951,0.953345,1.02159,0.884486,0.86618,0.00364488,0,0,0,0,0,-0.0732921,-0.0489193,0.625442,0.672666,0.741116,0.699481,0.328125,0.261719,1.79945
82,1.1875,0.172852,-0.396484,0.507812,0.145559,0.557865,0.562616,0.753724,0.884637,0.987916,0.678348,0.511288,0.556384,0.00303981,0,0,0,0,0,-0.0586419,-0.0329929,0.753637,0.436715,0.947111,0.650904,0.1875,0.172852,1.30118
83,1.11719,0.188477,0.695312,0.478516,0.168706,0.566986,0.542233,0.718799,0.810689,0.974665,0.83179,0.59789,1.00515,0.00391631,0,0,0,0,0,-0.0606526,-0.0328879,0.635686,0.461838,0.915498,0.688713,0.117188,0.188477,1.24202
84,1.17188,0.222656,1.34375,0.404297,0.19,0.575345,0.583659,0.761631,0.920739,1.0599,0.915847,0.697537,2.11333,0.00608073,0,0,0,0,0,-0.0608971,-0.0355431,0.57967,0.846558,0.587502,0.836137,0.171875,0.222656,1.68462
85,0.96875,-0.0766602,0.578125,0.287109,-0.0791331,0.468463,0.350141,0.538533,0.412616,0.904375,0.88252,0.475266,1.07894,0.00406043,0,0,0,0,0,-0.0114248,-0.0040003,0.112858,0.544802,0.846161,0.733035,-0.03125,-0.0766602,1.36804
86,1.13281,0.308594,-0.427734,0.273438,0.272414,0.607348,0.623727,0.763052,0.971284,0.842081,0.709364,0.541282,0.817985,0.00355075,0,0,0,0,0,-0.0646579,-0.0403289,0.79462,0.509985,0.887526,0.668922,0.132812,0.308594,1.13151
87,1.00781,0.0229492,0.527344,0.519531,0.0227713,0.509084,0.41561,0.594915,0.526656,1.04553,0.809909,0.481827,0.731624,0.00338208,0,0,0,0,0,-0.0219289,-0.00911386,0.236041,0.408634,0.949694,0.687207,0.0078125,0.0229492,1.30275
88,0.8125,-0.126953,0.605469,0.232422,-0.15625,0.437918,0.262338,0.43196,0.25541,0.994815,0.613462,0.264991,1.25589,0.00440604,0,0,0,0,0,-0.00756183,-0.00198376,0.10746,0.419041,0.950156,0.67017,-0.1875,-0.126953,1.32269
89,0.945312,-0.144531,0.238281,0.414062,-0.152893,0.439242,0.306807,0.503534,0.347677,0.949766,0.745945,0.375609,0.370303,0.00267637,0,0,0,0,0,-0.0096039,-0.00294654,0.11224,0.472302,0.912549,0.6763,-0.0546875,-0.144531,1.15621
90,1.23438,0.335938,-1.38281,0.800781,0.272152,0.607247,0.679441,0.831368,1.15281,0.973055,0.785115,0.65272,1.54528,0.00497124,0,0,0,0,0,-0.0791366,-0.0537686,0.87872,0.36888,0.991577,0.646182,0.234375,0.335938,1.2899
91,0.984375,0.0693359,0.890625,0.335938,0.0704365,0.528077,0.429405,0.597705,0.54164,0.95947,0.577701,0.345295,1.53662,0.00495433,0,0,0,0,0,-0.0343186,-0.0147366,0.517885,0.413789,0.959205,0.657052,-0.015625,0.0693359,1.01025
92,0.800781,-0.0932617,-0.523438,0.570312,-0.116463,0.453643,0.274484,0.435588,0.265079,0.91687,0.678217,0.295423,0.69312,0.00330687,0,0,0,0,0,-0.0137424,-0.00377207,0.176645,0.452481,0.928139,0.670883,-0.199219,-0.0932617,1.0882
93,1.15625,0.294922,-0.792969,0.384766,0.255068,0.600665,0.623844,0.772935,0.98661,0.929652,0.671589,0.519095,1.27837,0.00444995,0,0,0,0,0,-0.0635472,-0.0396436,0.824897,0.438992,0.947664,0.646366,0.15625,0.294922,1.24385
94,0.949219,-0.12793,0.777344,0.298828,-0.134774,0.446395,0.316674,0.5109,0.361301,0.961874,0.730093,0.373005,1.42201,0.00473049,0,0,0,0,0,-0.00409709,-0.00129744,0.0489219,0.460814,0.912004,0.702004,-0.0507812,-0.12793,1.36341
95,0.929688,-0.100098,-0.265625,0.404297,-0.107668,0.45713,0.322758,0.508293,0.362535,0.945352,0.814997,0.414257,0.417752,0.00276905,0,0,0,0,0,0.0025297,0.00081648,0.0270595,0.487541,0.883973,0.745753,-0.0703125,-0.100098,0.988893
96,0.933594,-0.111328,0.792969,0.257812,-0.119247,0.45254,0.318709,0.507014,0.358639,0.968305,0.599821,0.304118,1.56172,0.00500337,0,0,0,0,0,0.00178397,0.000568569,0.0259283,0.437116,0.943458,0.658531,-0.0664062,-0.111328,1.08696
97,0.992188,-0.0454102,0.789062,0.195312,-0.0457677,0.481748,0.375164,0.562464,0.457114,0.963291,0.709075,0.398829,1.78544,0.00544032,0,0,0,0,0,0.00124791,0.000468171,0.0153425,0.469467,0.914843,0.67539,-0.0078125,-0.0454102,1.1196
98,1.17188,0.294922,-0.166016,0.601562,0.251667,0.599351,0.629733,0.782216,1.00843,0.902864,0.721252,0.564174,0.214047,0.00237119,0,0,0,0,0,-0.0687758,-0.0433104,0.831296,0.421826,0.959614,0.645295,0.171875,0.294922,1.13561
99,0.960938,0.0471191,0.351562,0.482422,0.0490346,0.519554,0.408898,0.576131,0.499124,0.968612,0.439547,0.253236,0.506161,0.00294172,0,0,0,0,0,-0.0312933,-0.0127958,0.620659,0.450323,0.93682,0.653231,-0.0390625,0.0471191,1.1072
100,1.28125,0.392578,-2.39062,0.699219,0.306402,0.620351,0.733221,0.876095,1.30516,0.944329,0.858125,0.751799,2.85894,0.00753699,0,0,0,0,0,-0.0856564,-0.0628051,0.870194,0.413755,0.964195,0.646603,0.28125,0.392578,1.40877
101,0.902344,-0.236328,1.10938,0.265625,-0.261905,0.396697,0.254457,0.445441,0.263166,0.955482,0.844036,0.375969,2.1525,0.00615723,0,0,0,0,0,0.0209471,0.00533013,0.216356,0.43892,0.926176,0.70156,-0.0976562,-0.236328,1.18739
102,1.01562,0.109375,0.898438,0.410156,0.107692,0.54288,0.461956,0.630409,0.610818,0.939113,0.596243,0.375877,1.40286,0.00469308,0,0,0,0,0,-0.0293492,-0.013558,0.429122,0.455533,0.93085,0.658836,0.015625,0.109375,1.00648
103,0.949219,0.00332642,0.191406,0.248047,0.00350437,0.501398,0.382302,0.553977,0.453046,0.841173,0.601365,0.333142,0.384317,0.00270374,0,0,0,0,0,-0.0263706,-0.0100815,0.382286,0.475156,0.910266,0.677118,-0.0507812,0.00332642,0.991767
104,1.19531,0.316406,-0.322266,0.851562,0.264706,0.604382,0.652265,0.80243,1.06934,0.984108,0.738152,0.592315,0.349225,0.00263521,0,0,0,0,0,-0.0738746,-0.0481858,0.872482,0.411744,0.964857,0.647868,0.195312,0.316406,1.27058
105,1.11719,0.164062,-0.0385742,0.382812,0.146853,0.558376,0.530026,0.709636,0.784511,0.854859,0.628506,0.44601,0.0623454,0.00207489,0,0,0,0,0,-0.0436492,-0.0231352,0.605444,0.437591,0.943831,0.656946,0.117188,0.164062,1.0649
106,0.992188,0.140625,0.316406,0.359375,0.141732,0.556354,0.468182,0.628341,0.614007,1.00507,0.750821,0.471771,0.527802,0.00298399,0,0,0,0,0,-0.0589068,-0.0275791,0.683968,0.454657,0.926065,0.672472,-0.0078125,0.140625,1.29693
107,1.10156,-0.15918,-0.972656,0.208984,-0.144504,0.442551,0.362139,0.589589,0.47876,0.983246,0.695984,0.410345,2.12766,0.00610871,0,0,0,0,0,-0.00254794,-0.00092271,0.0319152,0.48765,0.905623,0.664884,0.101562,-0.15918,1.55867
108,1.15625,0.200195,0.617188,0.53125,0.173142,0.56873,0.563757,0.745868,0.874141,1.01532,0.727344,0.542502,0.846774,0.00360698,0,0,0,0,0,-0.0550672,-0.0310445,0.660024,0.499539,0.903143,0.647789,0.15625,0.200195,1.16686
109,0.902344,0.0622559,0.875,0.318359,0.0689935,0.527503,0.39297,0.547429,0.454104,0.867122,0.670034,0.366796,1.55078,0.00498199,0,0,0,0,0,-0.0370735,-0.0145688,0.482363,0.491653,0.895213,0.687538,-0.0976562,0.0622559,1.07902
110,0.960938,0.111816,-0.910156,0.660156,0.116362,0.546317,0.441246,0.599523,0.554126,1.12803,0.689776,0.413537,1.12019,0.004141,0,0,0,0,0,-0.0450022,-0.0198571,0.568764,0.450149,0.92505,0.683489,-0.0390625,0.111816,1.19936
111,0.855469,0.00352478,1.11719,0.24707,0.00412029,0.501644,0.344807,0.499445,0.368338,0.907108,0.561187,0.280282,2.24758,0.00634294,0,0,0,0,0,-0.0224051,-0.00772545,0.348054,0.465246,0.915372,0.682221,-0.144531,0.00352478,1.0026
112,1.19531,-0.322266,0.929688,0.198242,-0.269608,0.393731,0.333735,0.586719,0.455618,1.00065,1.07497,0.630708,2.08804,0.00603133,0,0,0,0,0,0.0217398,0.00725532,0.176305,0.718776,0.701844,0.797886,0.195312,-0.322266,1.87098
113,1.08594,0.161133,1.92969,0.582031,0.148381,0.558979,0.51603,0.690406,0.742947,0.994993,0.807779,0.557695,2.52938,0.00689332,0,0,0,0,0,-0.0506178,-0.0261203,0.546283,0.611453,0.793963,0.728763,0.0859375,0.161133,1.21862
114,1.125,0.162109,0.412109,0.335938,0.144097,0.557288,0.532182,0.713441,0.792216,0.983988,0.695851,0.496449,0.711022,0.00334184,0,0,0,0,0,-0.0506779,-0.0269699,0.634905,0.471962,0.914407,0.671738,0.125,0.162109,1.05645
115,0.933594,-0.208008,1.14844,0.3125,-0.222803,0.411844,0.276499,0.474302,0.301414,1.06773,0.861179,0.408458,2.05439,0.0059656,0,0,0,0,0,0.0115238,0.00318634,0.116657,0.43244,0.933068,0.693026,-0.0664062,-0.208008,1.24053
116,1.3125,0.435547,-0.679688,0.65625,0.331845,0.629997,0.772395,0.907678,1.42047,0.873152,0.959612,0.871019,0.839024,0.00359184,0,0,0,0,0,-0.0794286,-0.0613503,0.721586,0.559216,0.851064,0.658625,0.3125,0.435547,1.4906
117,0.914062,-0.129883,0.664062,0.386719,-0.142094,0.443503,0.3016,0.489911,0.330975,0.997465,0.654135,0.320468,1.06785,0.00403877,0,0,0,0,0,-0.0114299,-0.00344726,0.152329,0.424687,0.94539,0.673137,-0.0859375,-0.129883,0.914233
118,0.960938,0.148438,1.01562,0.396484,0.154472,0.561381,0.459557,0.613125,0.587115,1.06457,0.551976,0.33843,1.61295,0.00510341,0,0,0,0,0,-0.0362424,-0.0166555,0.572406,0.431067,0.948988,0.655054,-0.0390625,0.148438,1.02474
119,1.35156,0.239258,-0.0349121,0.402344,0.177023,0.570255,0.661971,0.87357,1.20133,0.985663,1.06726,0.932325,0.0550399,0.00206062,0,0,0,0,0,-0.0570317,-0.0377533,0.465858,0.631258,0.782077,0.681425,0.351562,0.239258,1.9961
120,1.14844,0.204102,0.269531,0.445312,0.177721,0.570529,0.562995,0.742502,0.868273,0.892834,0.609524,0.452573,0.403903,0.002742,0,0,0,0,0,-0.0533831,-0.0300544,0.763518,0.397958,0.973443,0.647924,0.148438,0.204102,1.27213
121,0.894531,-0.12793,0.527344,0.294922,-0.143013,0.44314,0.294744,0.47919,0.316497,1.02342,0.61962,0.296916,0.971047,0.0038497,0,0,0,0,0,0.000425803,0.000125503,0.00599087,0.432164,0.944734,0.663153,-0.105469,-0.12793,1.29367
122,1.0625,-0.100098,0.204102,0.236328,-0.0942096,0.462471,0.376016,0.585473,0.484167,1.01236,0.601284,0.352036,0.419845,0.00277313,0,0,0,0,0,0.00201065,0.000756036,0.0291516,0.411025,0.960879,0.657185,0.0625,-0.100098,1.2944
123,2.10938,0.193359,-1.00781,0.143555,0.0916667,0.536519,0.942544,1.29698,2.57054,0.83491,1.78432,2.31421,2.65994,0.00714831,0,0,0,0,0,-0.0514156,-0.0484615,0.251206,0.830953,0.570975,0.699408,1.10938,0.193359,2.903
124,1.07812,-0.192383,0.0722656,0.386719,-0.178442,0.429188,0.336639,0.565693,0.433335,1.04952,0.935186,0.529029,0.116207,0.00218009,0,0,0,0,0,0.0116612,0.00392562,0.108706,0.429487,0.93177,0.702303,0.078125,-0.192383,1.31023
125,1.00781,0.0427246,0.21582,0.414062,0.0423934,0.516907,0.425497,0.601864,0.543289,1.00471,0.705557,0.42465,0.335397,0.0026082,0,0,0,0,0,-0.0338166,-0.0143889,0.417835,0.44808,0.928281,0.678318,0.0078125,0.0427246,1.24389
126,1.0625,-0.117676,0.337891,0.34375,-0.110754,0.455906,0.367227,0.579867,0.471102,1.04329,0.819488,0.475194,0.576308,0.00307873,0,0,0,0,0,-0.0255004,-0.00936446,0.271277,0.610623,0.793074,0.835807,0.0625,-0.117676,1.62253
127,1,0.00408936,0.253906,0.421875,0.00408936,0.501631,0.403047,0.583816,0.503288,1.06026,0.621419,0.362794,0.390914,0.00271663,0,0,0,0,0,-0.0152749,-0.0061565,0.21429,0.385128,0.974591,0.661299,0,0.00408936,1.2118
128,1.71094,0.205078,0.980469,0.119141,0.119863,0.547704,0.788629,1.06965,1.76609,0.812404,1.3907,1.48757,2.84056,0.00750109,0,0,0,0,0,-0.060384,-0.0476206,0.378525,0.969171,0.386127,0.683426,0.710938,0.205078,2.7062
129,0.945312,0.115723,-0.0505371,0.675781,0.122417,0.548716,0.436934,0.591884,0.541238,0.98497,0.639022,0.378227,0.0614762,0.0020732,0,0,0,0,0,-0.0422666,-0.0184677,0.576619,0.402641,0.961376,0.6675,-0.0546875,0.115723,1.2492
130,1.08594,-0.144531,-0.285156,0.320312,-0.133094,0.44706,0.363198,0.585052,0.474199,1.09009,0.830172,0.485694,0.503844,0.00293719,0,0,0,0,0,-0.0035889,-0.00130348,0.0376878,0.468127,0.908513,0.697471,0.0859375,-0.144531,1.17731
131,1.03906,-0.00227356,0.333984,0.232422,-0.00218809,0.499127,0.41553,0.604374,0.537933,0.975369,0.913579,0.552144,0.692768,0.00330619,0,0,0,0,0,-0.0145257,-0.00603585,0.138611,0.516046,0.871742,0.709762,0.0390625,-0.00227356,1.27085
132,0.949219,0.0415039,0.824219,0.384766,0.0437243,0.517438,0.401391,0.567319,0.482965,1.01965,0.514674,0.291985,1.32875,0.00454835,0,0,0,0,0,-0.0212296,-0.00852138,0.359597,0.421207,0.956287,0.653137,-0.0507812,0.0415039,1.04203
133,1.03125,0.0654297,-0.097168,0.78125,0.063447,0.525295,0.446249,0.623583,0.587994,1.09702,0.759722,0.47375,0.109933,0.00216784,0,0,0,0,0,-0.0418673,-0.0186832,0.480426,0.419272,0.945087,0.682451,0.03125,0.0654297,1.07228
134,1.07812,-0.10791,0.158203,0.170898,-0.100091,0.460136,0.378376,0.592052,0.493693,0.879867,0.753332,0.446011,0.382689,0.00270056,0,0,0,0,0,0.0033735,0.00127645,0.0390392,0.550914,0.851748,0.681508,0.078125,-0.10791,1.16592
135,0.957031,-0.0673828,0.0493164,0.259766,-0.0704082,0.471934,0.35008,0.534742,0.408505,0.935737,0.773635,0.413695,0.0967611,0.00214211,0,0,0,0,0,-0.0239382,-0.0083803,0.269751,0.519209,0.865375,0.72954,-0.0429688,-0.0673828,1.55599
136,1.0625,-0.048584,0.150391,0.294922,-0.0457261,0.481764,0.401773,0.602339,0.524233,0.992438,0.638324,0.384487,0.276928,0.002494,0,0,0,0,0,-0.0112081,-0.00450313,0.153073,0.460781,0.925415,0.663285,0.0625,-0.048584,1.21924
137,0.929688,0.0510254,2.09375,0.511719,0.0548845,0.521885,0.39832,0.559328,0.471506,1.00374,0.667386,0.373288,2.92691,0.00766974,0,0,0,0,0,-0.0365507,-0.0145588,0.477447,0.498607,0.893335,0.677332,-0.0703125,0.0510254,1.21128
138,0.921875,0.00927734,-0.271484,0.373047,0.0100636,0.504015,0.374313,0.54011,0.431829,1.05162,0.772314,0.417135,0.444491,0.00282127,0,0,0,0,0,-0.00959888,-0.00359298,0.108351,0.838111,0.583714,0.791446,-0.078125,0.00927734,1.45258
139,0.792969,-0.150391,0.695312,0.40625,-0.189655,0.42479,0.244378,0.412706,0.230047,0.992929,0.729108,0.300907,1.0909,0.00408378,0,0,0,0,0,0.0144378,0.00352828,0.17263,0.450047,0.920207,0.698119,-0.207031,-0.150391,0.987643
140,1.24219,0.462891,-1.76562,0.578125,0.372642,0.645292,0.763327,0.874881,1.34808,0.897303,0.839729,0.734663,2.32214,0.00648855,0,0,0,0,0,-0.0853924,-0.0651823,0.886517,0.368217,0.992374,0.645402,0.242188,0.462891,1.28234
141,1.28906,0.177734,0.314453,0.470703,0.137879,0.554832,0.605784,0.814499,1.03038,0.925153,0.910205,0.741362,0.458334,0.00284831,0,0,0,0,0,-0.0645166,-0.0390831,0.617929,0.586871,0.826462,0.66076,0.289062,0.177734,1.4261
142,0.875,-0.090332,0.349609,0.357422,-0.103237,0.458888,0.305711,0.479627,0.323502,1.01979,0.771296,0.369934,0.58478,0.00309527,0,0,0,0,0,-0.00794155,-0.00242782,0.0897617,0.460957,0.913192,0.697782,-0.125,-0.090332,1.06678
143,1.10938,0.0288086,0.703125,0.472656,0.0259683,0.510359,0.459266,0.656108,0.641403,0.985428,0.795963,0.522238,1.02273,0.00395064,0,0,0,0,0,-0.0269138,-0.0123606,0.294774,0.437643,0.923255,0.713657,0.109375,0.0288086,1.19382
144,1.10938,0.117188,0.494141,0.292969,0.105634,0.542064,0.503456,0.687764,0.726487,0.867011,0.661425,0.454904,0.912935,0.0037362,0,0,0,0,0,-0.0552892,-0.0278357,0.72873,0.610344,0.802112,0.676,0.109375,0.117188,1.24231
145,1.28125,0.285156,-0.527344,0.539062,0.222561,0.588061,0.664732,0.844462,1.15498,0.980426,1.03569,0.874598,0.718248,0.00335595,0,0,0,0,0,-0.0716489,-0.0476274,0.603099,0.66583,0.749491,0.678318,0.28125,0.285156,1.75024
146,1.125,0.234375,-0.10791,0.574219,0.208333,0.582516,0.573462,0.736938,0.871937,0.802452,0.723764,0.53337,0.142404,0.00223126,0,0,0,0,0,-0.0513428,-0.0294432,0.618428,0.500419,0.891648,0.678446,0.125,0.234375,1.07821
147,0.972656,-0.0534668,1.15625,0.339844,-0.0549699,0.478081,0.363304,0.548417,0.432751,0.924767,0.885899,0.485842,1.98341,0.00582697,0,0,0,0,0,-0.0165403,-0.00600917,0.162767,0.442197,0.922909,0.705424,-0.0273438,-0.0534668,1.31129
148,1.15625,0.176758,-0.4375,0.214844,0.152872,0.56075,0.552038,0.737051,0.847989,0.824655,0.800985,0.590367,0.94388,0.00379664,0,0,0,0,0,-0.0565243,-0.0312035,0.615201,0.720197,0.693949,0.678176,0.15625,0.176758,1.57838
149,1.16406,0.28125,-0.6875,0.234375,0.241611,0.595459,0.618072,0.773598,0.980467,0.904827,0.763841,0.590906,1.42009,0.00472675,0,0,0,0,0,-0.0704434,-0.0435391,0.803979,0.449115,0.939595,0.648831,0.164062,0.28125,1.12683
150,1.1875,0.225586,2.01562,0.390625,0.189967,0.575333,0.591416,0.771775,0.945409,1.02649,0.940852,0.726126,3.225,0.00825195,0,0,0,0,0,-0.0517599,-0.0306116,0.479599,0.575094,0.823387,0.730116,0.1875,0.225586,1.36481
151,0.941406,0.146484,-1.28125,0.306641,0.155602,0.561826,0.450748,0.601062,0.564449,0.835678,0.665516,0.400016,2.31376,0.0064722,0,0,0,0,0,-0.0539404,-0.0243136,0.706582,0.565828,0.841413,0.673673,-0.0585938,0.146484,0.973415
152,1.34375,0.480469,-0.271484,0.21582,0.357558,0.639663,0.812815,0.940031,1.54433,0.832533,1.03069,0.968883,0.584384,0.0030945,0,0,0,0,0,-0.0904474,-0.073517,0.765022,0.514291,0.887043,0.660459,0.34375,0.480469,1.53723
153,0.996094,-0.151367,-0.060791,0.5625,-0.151961,0.439609,0.323752,0.530866,0.386634,0.947312,0.853985,0.453351,0.0810547,0.00211143,0,0,0,0,0,0.00158046,0.000511677,0.0161339,0.495265,0.883837,0.721187,-0.00390625,-0.151367,1.0289
154,0.992188,-0.150391,-0.000229836,0.337891,-0.151575,0.439761,0.322674,0.528901,0.383855,1.00557,0.867719,0.458937,0.000395393,0.0019539,0,0,0,0,0,-0.00235407,-0.000759598,0.0236509,0.455146,0.915991,0.701054,-0.0078125,-0.150391,1.27123
155,0.886719,0.0927734,0.0361328,0.605469,0.104626,0.541664,0.401963,0.5494,0.463415,0.851935,0.706773,0.388301,0.0464361,0.00204382,0,0,0,0,0,-0.0449711,-0.0180767,0.554702,0.459198,0.918595,0.684758,-0.113281,0.0927734,1.30982
156,1.0625,-0.162109,0.0927734,0.273438,-0.152574,0.439367,0.34501,0.566059,0.439455,1.02898,0.754677,0.427192,0.177417,0.00229964,0,0,0,0,0,0.00707293,0.00244023,0.0817043,0.545432,0.851744,0.700206,0.0625,-0.162109,1.13857
157,0.941406,0.182617,-0.259766,0.609375,0.193983,0.576906,0.471264,0.612887,0.597719,0.890922,0.685825,0.420333,0.332766,0.00260306,0,0,0,0,0,-0.0526953,-0.0248334,0.669831,0.543318,0.858634,0.678504,-0.0585938,0.182617,1.05088
158,1.21094,0.173828,-0.671875,0.423828,0.143548,0.557071,0.572503,0.767692,0.917111,0.965035,0.800589,0.614606,1.03203,0.00396881,0,0,0,0,0,-0.0680851,-0.0389789,0.741394,0.487672,0.901061,0.678049,0.210938,0.173828,1.41788
159,1.21094,0.269531,-0.196289,0.261719,0.222581,0.588069,0.628268,0.798126,1.03173,0.921598,0.996381,0.795238,0.383688,0.00270252,0,0,0,0,0,-0.0639526,-0.0401794,0.559551,0.681434,0.735302,0.664442,0.210938,0.269531,1.59736
160,1.03906,0.0250244,-0.0500488,0.435547,0.0240836,0.509607,0.429179,0.613839,0.560992,1.02658,0.684327,0.420066,0.0758362,0.00210124,0,0,0,0,0,-0.0375366,-0.0161099,0.478187,0.42164,0.954966,0.655399,0.0390625,0.0250244,1.20038
161,1.00781,-0.207031,-0.181641,0.398438,-0.205426,0.41862,0.304828,0.518544,0.361808,0.977169,0.719661,0.373176,0.287762,0.00251516,0,0,0,0,0,0.010939,0.00333451,0.132512,0.442349,0.934652,0.671503,0.0078125,-0.207031,1.35073
162,1.07812,0.172852,-0.722656,0.421875,0.160326,0.563688,0.518756,0.690265,0.745574,0.885691,0.553646,0.382162,1.1126,0.00412618,0,0,0,0,0,-0.0435277,-0.0225803,0.685395,0.430461,0.952146,0.649031,0.078125,0.172852,0.966928
163,1.09375,0.248047,1.09375,0.498047,0.226786,0.589705,0.5704,0.722202,0.846933,0.96172,0.773675,0.55875,1.54983,0.00498013,0,0,0,0,0,-0.0623254,-0.0355504,0.702284,0.46867,0.917734,0.668962,0.09375,0.248047,1.14073
164,1.13281,0.219727,-0.558594,0.695312,0.193966,0.576899,0.567068,0.737493,0.865461,0.942952,0.627626,0.46287,0.669894,0.00326151,0,0,0,0,0,-0.0543043,-0.0307942,0.754293,0.411445,0.965455,0.647036,0.132812,0.219727,1.13375
165,1.03906,-0.0354004,-0.0566406,0.308594,-0.0340695,0.486411,0.398966,0.593108,0.510952,1.09096,0.783346,0.464609,0.101961,0.00215227,0,0,0,0,0,-0.0250601,-0.00999812,0.278891,0.499264,0.88552,0.702737,0.0390625,-0.0354004,1.35874
166,0.933594,-0.146484,-0.380859,0.217773,-0.156904,0.43766,0.301131,0.496153,0.336848,0.993893,0.751349,0.372784,0.816135,0.00354714,0,0,0,0,0,-0.0106168,-0.00319705,0.123185,0.456777,0.922938,0.677053,-0.0664062,-0.146484,1.32085
167,1.13281,-0.0458984,0.423828,0.320312,-0.0405172,0.48384,0.431311,0.644171,0.600986,1.0066,0.933886,0.601582,0.748864,0.00341575,0,0,0,0,0,-0.0209888,-0.00905271,0.19593,0.591333,0.814021,0.703093,0.132812,-0.0458984,1.86348
168,0.90625,-0.0449219,-0.365234,0.357422,-0.049569,0.480233,0.340947,0.5126,0.379004,1.07594,0.806957,0.413646,0.610915,0.00314632,0,0,0,0,0,-0.00222087,-0.0007572,0.0239927,0.48779,0.88716,0.72907,-0.09375,-0.0449219,1.1733
169,0.949219,0.0712891,1.02344,0.550781,0.0751029,0.529934,0.416283,0.577952,0.50732,0.886822,0.618024,0.357188,1.37902,0.00464653,0,0,0,0,0,-0.0356913,-0.0148577,0.503459,0.411665,0.956693,0.665611,-0.0507812,0.0712891,1.18404
170,1.35156,0.458984,-0.457031,0.539062,0.339595,0.632919,0.802062,0.93793,1.52302,0.809385,0.98813,0.926797,0.622481,0.00316891,0,0,0,0,0,-0.0925751,-0.0742509,0.816745,0.525007,0.880467,0.654956,0.351562,0.458984,1.39283
171,1.10938,-0.147461,0.135742,0.380859,-0.132923,0.447127,0.371132,0.597738,0.495029,0.967757,0.957071,0.572078,0.219954,0.00238272,0,0,0,0,0,0.00140782,0.000522488,0.0128236,0.554332,0.838075,0.739826,0.109375,-0.147461,1.39419
172,1.3125,0.139648,1.26562,0.227539,0.106399,0.542367,0.59614,0.814061,1.01808,0.97329,0.980637,0.798298,2.65324,0.00713524,0,0,0,0,0,-0.0515998,-0.0307607,0.458719,0.770361,0.638046,0.661691,0.3125,0.139648,1.6208
173,0.871094,-0.0106201,0.128906,0.210938,-0.0121917,0.495136,0.344001,0.503689,0.372039,0.995908,0.657589,0.331221,0.280671,0.00250131,0,0,0,0,0,-0.0196265,-0.00675153,0.260193,0.528266,0.874299,0.665819,-0.128906,-0.0106201,1.26362
174,0.839844,0.0239258,-0.431641,0.261719,0.0284884,0.511364,0.348742,0.497443,0.36907,0.994612,0.75848,0.377301,0.843733,0.00360104,0,0,0,0,0,-0.0262774,-0.00916405,0.302027,0.444108,0.923526,0.699624,-0.160156,0.0239258,1.52364
175,1.05469,-0.241211,1.6875,0.182617,-0.228704,0.40955,0.310108,0.533512,0.380802,1.00522,0.94793,0.505733,3.94887,0.00966576,0,0,0,0,0,0.0146216,0.00453428,0.13447,0.508618,0.88054,0.696034,0.0546875,-0.241211,1.46583
176,1.29688,0.238281,0.847656,0.164062,0.183735,0.572889,0.640736,0.840621,1.11719,0.956836,0.925386,0.777899,2.09274,0.00604051,0,0,0,0,0,-0.0499912,-0.0320311,0.470953,0.725518,0.689246,0.65134,0.296875,0.238281,1.87905
177,1.10156,-0.0351562,-0.390625,0.298828,-0.0319149,0.48727,0.424151,0.629583,0.576279,1.00148,0.722332,0.454768,0.714577,0.00334878,0,0,0,0,0,-0.0168677,-0.00715444,0.203575,0.441453,0.935224,0.671548,0.101562,-0.0351562,1.11712
178,1.125,0.204102,0.155273,0.382812,0.181424,0.571982,0.554161,0.728495,0.8378,0.981111,0.838942,0.611166,0.25096,0.00244328,0,0,0,0,0,-0.0548695,-0.0304065,0.570172,0.62993,0.780278,0.70514,0.125,0.204102,1.31866
179,0.894531,0.118652,0.0300293,0.345703,0.132642,0.552762,0.418035,0.563473,0.492256,0.95503,0.463429,0.26113,0.0510733,0.00205288,0,0,0,0,0,-0.0371552,-0.0155322,0.698944,0.43233,0.951527,0.647697,-0.105469,0.118652,1.10012
180,1.05469,0.198242,0.363281,0.546875,0.187963,0.574547,0.523923,0.684871,0.743544,0.942778,0.541094,0.37058,0.491246,0.00291259,0,0,0,0,0,-0.0395715,-0.0207324,0.637554,0.48702,0.911002,0.65194,0.0546875,0.198242,1.19859
181,1.125,0.316406,-1.47656,0.294922,0.28125,0.610741,0.625763,0.760744,0.970311,0.839165,0.76809,0.58432,2.71893,0.00726354,0,0,0,0,0,-0.0628199,-0.0393104,0.713004,0.465198,0.925725,0.654847,0.125,0.316406,1.29354
182,0.976562,0.0961914,-0.457031,0.227539,0.0985,0.539232,0.4397,0.602881,0.556801,0.923244,0.598276,0.360689,0.958116,0.00382444,0,0,0,0,0,-0.0365751,-0.0160821,0.532955,0.436782,0.940993,0.664866,-0.0234375,0.0961914,1.03889
183,1.32812,0.539062,-0.302734,0.511719,0.405882,0.657585,0.844283,0.949502,1.61437,0.837467,0.995238,0.944981,0.4232,0.00277969,0,0,0,0,0,-0.0897743,-0.0757949,0.786378,0.44533,0.938436,0.6574,0.328125,0.539062,1.5157
184,1.21875,0.253906,-0.65625,0.339844,0.208333,0.582516,0.621251,0.79835,1.02331,0.995902,1.02589,0.81902,1.12572,0.00415179,0,0,0,0,0,-0.0611794,-0.0380078,0.519889,0.69238,0.724143,0.662715,0.21875,0.253906,1.8096
185,1.24219,0.355469,0.957031,0.292969,0.286164,0.612624,0.694838,0.841811,1.19145,0.989119,1.10831,0.932985,1.76814,0.00540651,0,0,0,0,0,-0.0642013,-0.0446095,0.504999,0.779456,0.630711,0.703839,0.242188,0.355469,1.59614
186,0.988281,0.143555,-0.699219,0.410156,0.145257,0.557746,0.46808,0.627166,0.612436,0.998034,0.683415,0.428614,1.09179,0.00408552,0,0,0,0,0,-0.0460571,-0.0215584,0.587515,0.535681,0.861746,0.689815,-0.0117188,0.143555,1.20842
187,1.17969,0.279297,-0.667969,0.378906,0.236755,0.593577,0.622716,0.782327,0.99981,0.916423,0.802823,0.62807,1.08515,0.00407256,0,0,0,0,0,-0.0711979,-0.0443361,0.773133,0.492666,0.898564,0.67465,0.179688,0.279297,1.27619
188,1.10938,-0.314453,0.00680542,0.149414,-0.283451,0.388416,0.304175,0.538989,0.383032,0.904132,0.98053,0.528495,0.0176059,0.00198751,0,0,0,0,0,0.0385148,0.0117152,0.342431,0.527103,0.866002,0.699277,0.109375,-0.314453,1.60138
189,0.964844,0.0250244,0.235352,0.375,0.0259362,0.510346,0.399417,0.570618,0.485139,1.03862,0.746343,0.425877,0.384327,0.00270376,0,0,0,0,0,-0.0235401,-0.00940231,0.274965,0.494801,0.886635,0.71071,-0.0351562,0.0250244,1.14284
190,1.125,0.0874023,-0.419922,0.427734,0.077691,0.530963,0.494829,0.686029,0.715491,0.851232,0.668903,0.458887,0.642069,0.00320717,0,0,0,0,0,-0.0368963,-0.0182574,0.480869,0.482126,0.911607,0.659668,0.125,0.0874023,1.1801
191,0.84375,-0.204102,0.0130005,0.216797,-0.241898,0.40443,0.244051,0.422698,0.238235,0.957998,0.606566,0.256394,0.0279211,0.00200766,0,0,0,0,0,0.018359,0.00448054,0.263862,0.517706,0.878462,0.679177,-0.15625,-0.204102,1.15606
192,1.03125,-0.0922852,0.652344,0.200195,-0.0894886,0.464347,0.367391,0.56982,0.459671,0.969778,0.803109,0.457627,1.45797,0.00480073,0,0,0,0,0,-0.00140562,-0.000516411,0.015258,0.473462,0.906997,0.690642,0.03125,-0.0922852,1.31939
193,0.941406,0.019043,1.42188,0.59375,0.0202282,0.508069,0.387028,0.55488,0.457682,1.03521,0.682789,0.378866,1.84527,0.00555717,0,0,0,0,0,-0.0331882,-0.0128447,0.423744,0.435895,0.939416,0.670144,-0.0585938,0.019043,1.15735
194,1.14844,-0.136719,0.324219,0.10791,-0.119048,0.452619,0.392167,0.623763,0.542875,0.890699,0.947199,0.590828,0.986977,0.00388081,0,0,0,0,0,0.00885125,0.00347117,0.0814649,0.531614,0.848935,0.791461,0.148438,-0.136719,1.63243
195,0.929688,-0.060791,-0.234375,0.243164,-0.0653887,0.473932,0.342411,0.520994,0.388681,0.972197,0.761772,0.396879,0.475293,0.00288143,0,0,0,0,0,-0.017964,-0.00615108,0.205582,0.444437,0.927652,0.686691,-0.0703125,-0.060791,1.33141
196,1.13281,0.306641,1.21094,0.382812,0.27069,0.606685,0.622481,0.762474,0.96885,0.867898,0.721871,0.550408,1.95717,0.00577572,0,0,0,0,0,-0.0632716,-0.0393854,0.76411,0.508017,0.893182,0.656845,0.132812,0.306641,1.27749
197,0.894531,-0.109375,1.75781,0.228516,-0.122271,0.451342,0.304022,0.484951,0.327607,1.08245,0.701983,0.340428,3.67718,0.00913511,0,0,0,0,0,-0.00416632,-0.00126665,0.0517408,0.428191,0.942771,0.674136,-0.105469,-0.109375,1.25177
198,0.992188,0.0332031,-0.157227,0.248047,0.0334646,0.513348,0.414471,0.58941,0.51919,0.953762,0.492578,0.29033,0.315689,0.0025697,0,0,0,0,0,-0.015691,-0.00650346,0.277704,0.503602,0.896215,0.657855,-0.0078125,0.0332031,0.959441
199,0.992188,9.77516e-05,0.322266,0.231445,9.85213e-05,0.500039,0.397918,0.57789,0.492296,0.975609,0.690524,0.399047,0.669869,0.00326146,0,0,0,0,0,-0.0139469,-0.00554974,0.176079,0.434447,0.940322,0.670229,-0.0078125,9.77516e-05,1.28946
200,1.21094,0.326172,-0.476562,0.554688,0.269355,0.606172,0.664381,0.81458,1.10494,0.870272,0.835532,0.680608,0.639876,0.00320288,0,0,0,0,0,-0.0784828,-0.0521424,0.818876,0.492616,0.903927,0.659478,0.210938,0.326172,1.3924
201,1.00781,-0.253906,-0.597656,0.298828,-0.251938,0.400544,0.287839,0.501174,0.334027,1.12006,0.925531,0.463853,1.0933,0.00408848,0,0,0,0,0,0.0297478,0.00856257,0.280202,0.447038,0.921881,0.69893,0.0078125,-0.253906,1.75539
202,1.08594,0.168945,0.0820312,0.398438,0.155576,0.561816,0.519936,0.69333,0.75104,1.01957,0.560969,0.388937,0.129957,0.00220695,0,0,0,0,0,-0.0470499,-0.0244629,0.731183,0.386911,0.980595,0.647029,0.0859375,0.168945,1.00249
203,1.05469,-0.00604248,0.773438,0.433594,-0.00572917,0.497714,0.419911,0.61218,0.55109,0.951012,0.692045,0.423656,1.17458,0.00424723,0,0,0,0,0,-0.0151058,-0.00634309,0.19029,0.464644,0.915911,0.681846,0.0546875,-0.00604248,1.43634
204,1.14844,0.222656,-0.535156,1.05469,0.193878,0.576864,0.574825,0.747637,0.889384,0.956238,0.656697,0.490971,0.521097,0.00297089,0,0,0,0,0,-0.0605473,-0.0348041,0.803778,0.476905,0.919817,0.648705,0.148438,0.222656,1.25221
205,0.875,0.0544434,0.871094,0.412109,0.062221,0.524807,0.378099,0.528717,0.4225,0.869738,0.569259,0.300977,1.35693,0.00460339,0,0,0,0,0,-0.0286551,-0.0108345,0.438832,0.467183,0.91108,0.691248,-0.125,0.0544434,1.23579
206,1.10938,0.246094,-0.761719,0.326172,0.221831,0.587777,0.575045,0.730949,0.864963,0.975338,0.816062,0.5965,1.33374,0.00455809,0,0,0,0,0,-0.0596617,-0.0343081,0.637351,0.487753,0.900373,0.679976,0.109375,0.246094,1.55737
207,1.03906,-0.0776367,-0.878906,0.151367,-0.074718,0.47022,0.377848,0.579114,0.478142,0.927931,0.669188,0.387536,2.25905,0.00636534,0,0,0,0,0,-0.00416931,-0.00157537,0.0543154,0.498357,0.897008,0.66683,0.0390625,-0.0776367,1.25031
208,0.953125,0.149414,-0.371094,0.435547,0.156762,0.562284,0.456912,0.608959,0.5796,1.04131,0.517338,0.315037,0.562298,0.00305136,0,0,0,0,0,-0.0406184,-0.018559,0.684472,0.44838,0.939962,0.649147,-0.046875,0.149414,1.09193
209,1.0625,-0.138672,0.441406,0.18457,-0.130515,0.44808,0.356729,0.573277,0.455902,0.941878,0.878932,0.503871,1.02744,0.00395985,0,0,0,0,0,0.0124765,0.00445072,0.123749,0.572575,0.825881,0.726272,0.0625,-0.138672,1.32493
210,1.15625,0.168945,0.474609,0.554688,0.146115,0.558085,0.548132,0.734129,0.839394,0.844201,0.779254,0.572074,0.637253,0.00319776,0,0,0,0,0,-0.0494116,-0.027084,0.552785,0.468593,0.914119,0.679186,0.15625,0.168945,1.59965
211,0.898438,0.0111694,0.714844,0.570312,0.0124321,0.50496,0.36586,0.527116,0.411705,1.02455,0.66501,0.350538,0.946574,0.0038019,0,0,0,0,0,-0.0280951,-0.0102789,0.368306,0.402277,0.952356,0.690042,-0.101562,0.0111694,1.07862
212,0.929688,-0.0127563,1.5625,0.419922,-0.0137211,0.494526,0.366429,0.537084,0.422729,1.05127,0.731202,0.392717,2.41121,0.00666253,0,0,0,0,0,-0.019444,-0.00712484,0.231822,0.457901,0.923748,0.672784,-0.0703125,-0.0127563,1.03379
213,1.14062,0.0336914,-0.894531,0.306641,0.0295377,0.511782,0.474239,0.676016,0.681901,0.77003,0.605556,0.409366,1.6154,0.00510821,0,0,0,0,0,-0.0381128,-0.0180746,0.548686,0.58869,0.825121,0.659652,0.140625,0.0336914,1.02106
214,1.00781,0.0737305,-0.0361328,0.275391,0.0731589,0.52916,0.441,0.612922,0.570155,0.980747,0.629879,0.386067,0.0688537,0.0020876,0,0,0,0,0,-0.024376,-0.0107498,0.337374,0.435386,0.946548,0.654121,0.0078125,0.0737305,1.08641
215,1.13281,0.298828,-0.118164,0.369141,0.263793,0.60403,0.6175,0.760168,0.959162,0.958478,0.686417,0.521792,0.194487,0.00233298,0,0,0,0,0,-0.0644738,-0.0398126,0.818846,0.500893,0.897961,0.658739,0.132812,0.298828,1.1641
216,0.996094,-0.174805,-1.01562,0.328125,-0.17549,0.430347,0.31209,0.523768,0.371733,1.06344,0.870614,0.455999,1.77302,0.00541606,0,0,0,0,0,0.0105415,0.00328991,0.105556,0.53044,0.858984,0.720351,-0.00390625,-0.174805,1.13203
217,1.11719,0.197266,-1.45312,0.503906,0.176573,0.570078,0.546858,0.721946,0.820259,0.858944,0.722745,0.521783,2.04705,0.00595127,0,0,0,0,0,-0.0531501,-0.0290655,0.6411,0.477671,0.910646,0.670968,0.117188,0.197266,1.24766
218,0.910156,0.0810547,0.988281,0.224609,0.0890558,0.535481,0.405502,0.558758,0.476643,0.847824,0.582956,0.325731,2.08529,0.00602596,0,0,0,0,0,-0.0296246,-0.0120128,0.44302,0.526878,0.876157,0.663433,-0.0898438,0.0810547,0.906608
219,1.03906,0.178711,0.769531,0.486328,0.171992,0.568278,0.506022,0.669822,0.70472,0.933691,0.649605,0.43512,1.10347,0.00410834,0,0,0,0,0,-0.0489196,-0.0247544,0.656508,0.433887,0.943818,0.66266,0.0390625,0.178711,1.19038
220,0.832031,-0.163086,-0.253906,0.1875,-0.196009,0.422301,0.2545,0.431044,0.250569,0.797236,0.680643,0.293387,0.586371,0.00309838,0,0,0,0,0,0.00893578,0.00227415,0.114451,0.573196,0.820692,0.774984,-0.167969,-0.163086,1.15767
221,1.03906,0.165039,0.597656,0.390625,0.158835,0.5631,0.499186,0.664673,0.690977,0.9592,0.526437,0.349909,0.95625,0.0038208,0,0,0,0,0,-0.043292,-0.0216108,0.716915,0.433029,0.95091,0.648019,0.0390625,0.165039,1.17584
222,1.10156,0.150391,0.178711,0.271484,0.136525,0.554297,0.516924,0.695472,0.750892,0.935334,0.546581,0.380132,0.342988,0.00262302,0,0,0,0,0,-0.0445255,-0.0230163,0.710169,0.444017,0.942934,0.649207,0.101562,0.150391,1.09047
223,0.949219,-0.123535,1.0625,0.341797,-0.130144,0.448226,0.318871,0.512265,0.364094,0.855,0.665788,0.34106,1.81738,0.00550269,0,0,0,0,0,-0.00429394,-0.00136922,0.0562247,0.508829,0.874553,0.720443,-0.0507812,-0.123535,1.20414
224,1.125,0.300781,-1.01562,0.578125,0.267361,0.605404,0.615801,0.756109,0.950912,0.967883,0.671308,0.507582,1.33574,0.004562,0,0,0,0,0,-0.0634605,-0.039079,0.824117,0.423171,0.957885,0.647051,0.125,0.300781,1.00186
225,1.05469,0.225586,-0.808594,0.378906,0.213889,0.584683,0.541357,0.692536,0.772673,0.769254,0.66223,0.458618,1.3136,0.00451876,0,0,0,0,0,-0.0592499,-0.0320753,0.779984,0.423069,0.951667,0.660709,0.0546875,0.225586,1.24749
226,1.15625,0.227539,-1.32812,0.523438,0.196791,0.578004,0.580883,0.753663,0.905432,0.720281,0.639663,0.48209,1.83572,0.00553852,0,0,0,0,0,-0.061116,-0.0355012,0.832934,0.451598,0.937037,0.650717,0.15625,0.227539,1.28304
227,0.984375,-0.298828,0.163086,0.292969,-0.303571,0.380727,0.262724,0.471174,0.291028,1.02984,0.751296,0.353991,0.301305,0.00254161,0,0,0,0,0,0.0194295,0.00510459,0.225454,0.506139,0.876104,0.722044,-0.015625,-0.298828,1.12707
228,1.04688,0.0238037,1.52344,0.417969,0.0227379,0.50907,0.431701,0.617962,0.568243,1.02236,0.71067,0.439167,2.35642,0.00655551,0,0,0,0,0,-0.0290915,-0.0125588,0.356865,0.409045,0.95291,0.678401,0.046875,0.0238037,1.08423
229,1.0625,0.170898,-1.78906,0.462891,0.160846,0.563892,0.511514,0.680468,0.724684,0.988096,0.56901,0.387194,2.62958,0.00708902,0,0,0,0,0,-0.0510242,-0.0260996,0.781741,0.411447,0.965254,0.647442,0.0625,0.170898,1.00481
230,1.07812,0.182617,-0.566406,0.585938,0.169384,0.567253,0.523639,0.693942,0.755753,1.04639,0.909946,0.631449,0.73995,0.00339834,0,0,0,0,0,-0.0549373,-0.0287673,0.52633,0.448282,0.920098,0.702068,0.078125,0.182617,1.20799
231,1.14844,0.357422,0.0322266,0.738281,0.311224,0.622185,0.660747,0.786963,1.0559,0.914096,0.686963,0.540614,0.0375062,0.00202638,0,0,0,0,0,-0.0668266,-0.0441555,0.848052,0.400528,0.972633,0.646384,0.148438,0.357422,1.22447
232,1.38281,0.285156,0.0311279,0.255859,0.206215,0.581688,0.703013,0.904994,1.31324,0.951875,1.14543,1.0366,0.0615389,0.00207332,0,0,0,0,0,-0.0719283,-0.0505665,0.547444,0.685288,0.728336,0.718706,0.382812,0.285156,2.00164
233,0.921875,-0.0424805,-1.44531,0.421875,-0.0460805,0.481623,0.348434,0.522508,0.394421,1.00279,0.591674,0.309155,2.2252,0.00629923,0,0,0,0,0,-0.0227951,-0.00794258,0.335866,0.442082,0.934655,0.671945,-0.078125,-0.0424805,1.10015
234,1.15625,0.267578,-1.59375,0.363281,0.231419,0.591505,0.60641,0.765007,0.95297,0.969046,0.680672,0.520719,2.64423,0.00711763,0,0,0,0,0,-0.0632248,-0.0383402,0.80976,0.459036,0.933421,0.647084,0.15625,0.267578,1.44973
235,0.832031,0.0893555,-0.0288086,0.804688,0.107394,0.542762,0.378324,0.51636,0.409756,1.04429,0.583498,0.301295,0.032115,0.00201585,0,0,0,0,0,-0.0346697,-0.0131164,0.517985,0.484626,0.908486,0.663112,-0.167969,0.0893555,0.937998
236,1.08594,-0.167969,0.625,0.373047,-0.154676,0.438538,0.351479,0.57785,0.457448,1.08903,0.950805,0.549423,1.02329,0.00395174,0,0,0,0,0,-0.00786337,-0.00276381,0.0720981,0.453581,0.915919,0.704631,0.0859375,-0.167969,1.68542
237,0.921875,-0.0236816,-0.0588379,0.400391,-0.0256886,0.489753,0.357833,0.528823,0.407698,1.06568,0.644581,0.340869,0.0929855,0.00213474,0,0,0,0,0,-0.011217,-0.00401383,0.151708,0.410558,0.95489,0.671389,-0.078125,-0.0236816,1.10771
238,0.960938,-0.154297,-0.34375,0.207031,-0.160569,0.436216,0.30819,0.509618,0.354691,0.962639,0.626422,0.319236,0.755483,0.00342868,0,0,0,0,0,0.0124733,0.00384414,0.173588,0.454703,0.920135,0.689043,-0.0390625,-0.154297,1.07736
239,0.9375,-0.10791,0.554688,0.363281,-0.115104,0.454181,0.321985,0.510359,0.36414,1.02784,0.724928,0.369973,0.920295,0.00375058,0,0,0,0,0,-0.00121453,-0.00039106,0.0146056,0.425935,0.947774,0.66547,-0.0625,-0.10791,1.54373
240,0.875,-0.0135498,0.433594,0.582031,-0.0154855,0.493822,0.344102,0.504965,0.373396,1.00181,0.702581,0.354779,0.568342,0.00306317,0,0,0,0,0,-0.0287993,-0.0099099,0.357349,0.388267,0.970367,0.666453,-0.125,-0.0135498,1.24433
241,0.726562,-0.257812,-0.373047,0.394531,-0.354839,0.361355,0.180415,0.334746,0.144604,1.1324,0.702604,0.235194,0.593913,0.00311311,0,0,0,0,0,0.0180751,0.00326102,0.224273,0.411222,0.952124,0.67709,-0.273438,-0.257812,1.29602
242,0.976562,-0.171875,0.714844,0.306641,-0.176,0.430147,0.305791,0.513309,0.356994,1.06819,0.844995,0.433743,1.29091,0.00447444,0,0,0,0,0,0.00905489,0.0027689,0.0934191,0.425357,0.943045,0.677973,-0.0234375,-0.171875,1.38687
243,1.07031,0.113281,0.296875,0.535156,0.105839,0.542145,0.485838,0.663628,0.676441,0.987933,0.684908,0.454524,0.40582,0.00274574,0,0,0,0,0,-0.042345,-0.0205729,0.538986,0.425758,0.949496,0.661725,0.0703125,0.113281,1.23309
244,1.14844,0.15332,-0.173828,0.578125,0.133503,0.553102,0.537186,0.723778,0.812424,1.03322,0.946513,0.685066,0.228617,0.00239964,0,0,0,0,0,-0.0523358,-0.0281141,0.482036,0.448271,0.922896,0.693367,0.148438,0.15332,1.28734
245,0.847656,-0.243164,0.726562,0.261719,-0.286866,0.387107,0.231366,0.410792,0.222281,0.956942,0.780004,0.32042,1.42022,0.00472699,0,0,0,0,0,0.0118098,0.00273239,0.131994,0.422471,0.929224,0.724433,-0.152344,-0.243164,1.30912
246,0.957031,0.0390625,0.5625,0.287109,0.0408163,0.516279,0.403303,0.571005,0.4887,0.853102,0.599669,0.342414,1.04978,0.00400348,0,0,0,0,0,-0.0281718,-0.0113618,0.409553,0.482617,0.905295,0.676214,-0.0429688,0.0390625,1.04792
247,0.753906,-0.213867,0.570312,0.25,-0.283679,0.388328,0.206648,0.366223,0.176823,0.994476,0.656045,0.240259,1.14062,0.00418091,0,0,0,0,0,0.0130043,0.00268731,0.172806,0.432179,0.938843,0.677683,-0.246094,-0.213867,1.21432
248,0.816406,-0.0539551,0.683594,0.578125,-0.0660885,0.473654,0.300403,0.457324,0.299387,1.0357,0.620336,0.283695,0.899057,0.0037091,0,0,0,0,0,-0.0243619,-0.00731839,0.342366,0.411347,0.959897,0.658885,-0.183594,-0.0539551,1.02242
249,0.957031,-0.0169678,0.851562,0.291016,-0.0177296,0.492927,0.375288,0.551574,0.445075,0.894974,0.646059,0.356349,1.57855,0.00503623,0,0,0,0,0,-0.0308464,-0.0115763,0.416236,0.461599,0.916946,0.684859,-0.0429688,-0.0169678,1.12787
250,1.13281,0.211914,0.609375,0.378906,0.187069,0.574197,0.562087,0.735322,0.85664,1.00729,0.753033,0.553722,0.989963,0.00388665,0,0,0,0,0,-0.0586014,-0.0329391,0.678423,0.529395,0.874496,0.662358,0.132812,0.211914,1.1586
251,0.9375,-0.0142212,0.699219,0.300781,-0.0151693,0.493949,0.368829,0.541135,0.428862,0.950704,0.763932,0.41339,1.27493,0.00444323,0,0,0,0,0,-0.0117658,-0.00433957,0.134268,0.470439,0.908654,0.691938,-0.0625,-0.0142212,1.32856
252,1.21094,0.34375,-2.51562,0.476562,0.283871,0.611745,0.675588,0.819804,1.1285,0.949626,0.762806,0.625351,3.64406,0.00907044,0,0,0,0,0,-0.075333,-0.0508941,0.86095,0.390144,0.979134,0.646093,0.210938,0.34375,1.17865
253,0.984375,0.0507812,0.0966797,0.308594,0.0515873,0.520571,0.420127,0.591075,0.525877,0.962031,0.732063,0.432705,0.174037,0.00229304,0,0,0,0,0,-0.0350295,-0.0147168,0.417149,0.524797,0.865085,0.710867,-0.015625,0.0507812,1.14995
254,1.20312,0.292969,-0.570312,0.621094,0.243506,0.596193,0.640267,0.800219,1.05029,0.918768,0.748063,0.598614,0.72366,0.00336652,0,0,0,0,0,-0.0752748,-0.048196,0.87724,0.411429,0.965788,0.646382,0.203125,0.292969,1.14674
255,1.08594,0.154297,-0.28125,0.291016,0.142086,0.556494,0.512612,0.687855,0.735915,0.940323,0.956802,0.658141,0.521356,0.0029714,0,0,0,0,0,-0.0470658,-0.0241265,0.428835,0.565126,0.828776,0.749794,0.0859375,0.154297,1.20743
256,1.02344,-0.134766,-0.890625,0.28125,-0.131679,0.447619,0.343018,0.55183,0.422177,1.00154,0.684687,0.37783,1.67938,0.00523316,0,0,0,0,0,0.0117277,0.00402282,0.149324,0.454445,0.925425,0.674564,0.0234375,-0.134766,1.07312
257,1.10938,0.166016,-0.0136108,0.582031,0.149648,0.559479,0.52787,0.705832,0.776845,0.946812,0.557706,0.393647,0.0178407,0.00198797,0,0,0,0,0,-0.0493771,-0.0260647,0.77184,0.38939,0.979169,0.646909,0.109375,0.166016,1.31218
258,1.125,-0.0206299,-0.287109,0.277344,-0.0183377,0.492685,0.440813,0.648148,0.614412,0.91043,0.75927,0.492119,0.545178,0.00301793,0,0,0,0,0,-0.0170188,-0.00750211,0.195407,0.462936,0.919756,0.674274,0.125,-0.0206299,1.3218
259,0.941406,0.0189209,-1.08594,0.423828,0.0200985,0.508018,0.386967,0.554837,0.457587,0.945123,0.681856,0.378319,1.66805,0.00521104,0,0,0,0,0,-0.0195868,-0.00757942,0.250425,0.438477,0.935534,0.675753,-0.0585938,0.0189209,1.1188
260,0.839844,-0.114258,0.964844,0.314453,-0.136047,0.445892,0.27965,0.4517,0.282237,1.09019,0.721036,0.325692,1.7206,0.00531367,0,0,0,0,0,-0.00159946,-0.00044729,0.0193385,0.431227,0.93795,0.681616,-0.160156,-0.114258,1.19607
261,0.988281,0.143555,0.988281,0.351562,0.145257,0.557746,0.46808,0.627166,0.612436,0.908617,0.648505,0.40672,1.66678,0.00520856,0,0,0,0,0,-0.0420215,-0.0196694,0.564891,0.554599,0.853073,0.665154,-0.0117188,0.143555,1.0526
262,1.19531,0.302734,-0.279297,0.894531,0.253268,0.599969,0.643548,0.798419,1.05163,1.04547,0.715167,0.571003,0.295303,0.00252989,0,0,0,0,0,-0.0738751,-0.0475422,0.900528,0.378011,0.986433,0.645931,0.195312,0.302734,1.3546
263,0.984375,0.0961914,0.339844,0.447266,0.0977183,0.538922,0.442832,0.607424,0.565064,0.97466,0.693356,0.421161,0.508155,0.00294562,0,0,0,0,0,-0.0302815,-0.0134096,0.380739,0.495637,0.885837,0.711588,-0.015625,0.0961914,1.23214
264,1.32812,0.308594,-0.59375,0.349609,0.232353,0.591868,0.697343,0.879081,1.25907,0.859362,1.07153,0.941958,1.00418,0.00391442,0,0,0,0,0,-0.0799864,-0.055778,0.650759,0.686245,0.727446,0.716942,0.328125,0.308594,1.59846
265,0.914062,-0.0402832,-0.165039,0.265625,-0.0440705,0.482424,0.3464,0.518693,0.389036,1.05039,0.569181,0.29523,0.320223,0.00257856,0,0,0,0,0,-0.00728948,-0.00252507,0.111649,0.446538,0.937779,0.657021,-0.0859375,-0.0402832,1.11477
266,1.28906,0.449219,0.492188,0.726562,0.348485,0.636262,0.772278,0.898119,1.40303,0.884725,0.866979,0.77865,0.577423,0.0030809,0,0,0,0,0,-0.0846068,-0.06534,0.850753,0.496315,0.905491,0.648113,0.289062,0.449219,1.63523
267,0.953125,-0.275391,-0.175781,0.279297,-0.288934,0.386316,0.259439,0.461197,0.280012,1.07395,0.964507,0.444828,0.332613,0.00260276,0,0,0,0,0,0.0380767,0.00987858,0.34416,0.453215,0.913631,0.713318,-0.046875,-0.275391,1.74595
268,0.894531,-0.150391,0.683594,0.226562,-0.168122,0.433244,0.283514,0.472365,0.303509,1.08356,0.759722,0.358866,1.43616,0.00475813,0,0,0,0,0,2.06797e-05,5.86297e-06,0.000237299,0.411411,0.952173,0.676688,-0.105469,-0.150391,1.31183
269,1.00781,0.118164,0.570312,0.419922,0.117248,0.546668,0.463217,0.629097,0.610333,0.875446,0.668137,0.420323,0.880093,0.00367206,0,0,0,0,0,-0.0508955,-0.0235757,0.664081,0.51894,0.876568,0.68248,0.0078125,0.118164,1.19015
270,0.976562,-0.181641,0.558594,0.166016,-0.186,0.426222,0.302251,0.509608,0.351056,0.963692,0.81751,0.416609,1.37095,0.00463076,0,0,0,0,0,0.019917,0.00601993,0.212392,0.538218,0.860365,0.687428,-0.0234375,-0.181641,1.22988
271,0.953125,-0.0795898,0.0230713,0.283203,-0.0835041,0.466725,0.34241,0.528495,0.396552,0.957595,0.546331,0.288733,0.0433534,0.0020378,0,0,0,0,0,-0.00661452,-0.00226488,0.105548,0.424624,0.94561,0.672693,-0.046875,-0.0795898,1.07574
272,1.26562,0.398438,0.482422,0.777344,0.314815,0.623549,0.731068,0.868649,1.28901,1.00441,0.883146,0.767144,0.547168,0.00302181,0,0,0,0,0,-0.0798388,-0.0583676,0.788113,0.504483,0.897503,0.652525,0.265625,0.398438,1.65489
273,1.0625,0.271484,0.710938,1.28906,0.255515,0.600837,0.573565,0.710404,0.83365,1.10321,0.74136,0.526665,0.626173,0.00317612,0,0,0,0,0,-0.0651868,-0.0373888,0.766544,0.436147,0.946188,0.653793,0.0625,0.271484,1.25332
274,1.07031,0.239258,-0.378906,0.535156,0.22354,0.588442,0.555963,0.705734,0.807155,0.989873,0.555362,0.391937,0.517954,0.00296475,0,0,0,0,0,-0.0480628,-0.0267211,0.754466,0.39783,0.973256,0.648453,0.0703125,0.239258,1.09177
275,0.949219,-0.0620117,1.13281,0.249023,-0.0653292,0.473956,0.349633,0.531958,0.405223,1.03033,0.68169,0.36263,2.27006,0.00638684,0,0,0,0,0,-0.0113041,-0.00395227,0.144562,0.435114,0.939605,0.670939,-0.0507812,-0.0620117,1.30981
276,1.00781,-0.201172,-0.273438,0.171875,-0.199612,0.420892,0.306951,0.520743,0.365393,0.921803,0.812426,0.423066,0.659556,0.00324132,0,0,0,0,0,0.0136796,0.00419897,0.14679,0.511139,0.872395,0.722942,0.0078125,-0.201172,1.35703
277,1.03125,0.0437012,-1.28125,0.490234,0.0423769,0.516901,0.435384,0.615855,0.568837,0.996865,0.676875,0.416857,1.82992,0.00552719,0,0,0,0,0,-0.030939,-0.0134704,0.398478,0.467805,0.92101,0.661972,0.03125,0.0437012,1.23048
278,1.02344,0.115723,-0.0255127,0.269531,0.113073,0.545013,0.468262,0.637279,0.625393,0.917004,0.774168,0.493361,0.0491419,0.00204911,0,0,0,0,0,-0.0495442,-0.0231997,0.55791,0.447574,0.926019,0.685532,0.0234375,0.115723,1.61052
279,1.05469,-0.135742,0.298828,0.277344,-0.128704,0.448796,0.355061,0.569656,0.450576,1.00331,0.761658,0.433883,0.56743,0.00306139,0,0,0,0,0,0.00437977,0.00155509,0.0501301,0.436723,0.932899,0.68586,0.0546875,-0.135742,1.07377
280,0.949219,0.0466309,-0.503906,0.363281,0.0491255,0.51959,0.403954,0.569136,0.487094,0.879096,0.453019,0.257829,0.836042,0.00358602,0,0,0,0,0,-0.0220761,-0.00891772,0.424827,0.424896,0.948427,0.665495,-0.0507812,0.0466309,1.05979
281,1.03125,0.0463867,-0.546875,0.253906,0.0449811,0.517939,0.436727,0.616805,0.571179,1.01583,0.588257,0.36284,1.0853,0.00407286,0,0,0,0,0,-0.0343995,-0.0150232,0.509791,0.456959,0.928812,0.66141,0.03125,0.0463867,1.19341
282,0.964844,-0.0062561,0.710938,0.550781,-0.00648406,0.497413,0.383777,0.559782,0.46064,0.93157,0.695847,0.389523,0.957948,0.00382412,0,0,0,0,0,-0.0307441,-0.0117988,0.385171,0.411374,0.94605,0.692595,-0.0351562,-0.0062561,1.32457
283,1.04688,0.197266,-0.378906,0.318359,0.188433,0.574731,0.520356,0.679935,0.733081,0.982916,0.635136,0.431851,0.671542,0.00326473,0,0,0,0,0,-0.0477279,-0.0248355,0.655107,0.496127,0.902287,0.656801,0.046875,0.197266,1.02153
284,1.00781,-0.0385742,-0.00704956,0.212891,-0.0382752,0.484734,0.384848,0.573847,0.477409,0.842289,0.881597,0.505902,0.0152786,0.00198297,0,0,0,0,0,-0.0129485,-0.0049832,0.128043,0.560683,0.828846,0.792087,0.0078125,-0.0385742,1.40205
285,1.21094,0.255859,-0.0966797,0.253906,0.21129,0.58367,0.619551,0.794243,1.01467,1.13191,0.869921,0.690929,0.191866,0.00232786,0,0,0,0,0,-0.0522789,-0.0323895,0.523906,0.533717,0.873888,0.653585,0.210938,0.255859,1.35553
286,1.22656,0.253906,-0.25,0.960938,0.207006,0.581998,0.624196,0.803009,1.03444,1.03486,0.73503,0.590235,0.255031,0.00245123,0,0,0,0,0,-0.0691182,-0.0431433,0.819774,0.393827,0.975127,0.649593,0.226562,0.253906,1.27761
287,1.30469,0.470703,-1.07031,0.535156,0.360778,0.640867,0.791865,0.914023,1.46249,0.905646,0.898368,0.821129,1.46309,0.00481072,0,0,0,0,0,-0.0938556,-0.074321,0.910778,0.431921,0.952412,0.6464,0.304688,0.470703,1.40361
288,1.01562,-0.141602,0.402344,0.410156,-0.139423,0.444558,0.336467,0.545181,0.410433,1.04648,0.908226,0.495148,0.628236,0.00318015,0,0,0,0,0,0.00155098,0.000521852,0.0148874,0.616584,0.787304,0.79212,0.015625,-0.141602,1.54129
289,1.16406,-0.361328,-0.0427246,0.212891,-0.310403,0.378127,0.307799,0.554361,0.402056,0.954549,0.916562,0.508106,0.0925976,0.00213398,0,0,0,0,0,0.0458492,0.0141124,0.436091,0.601329,0.803668,0.717185,0.164062,-0.361328,1.40152
290,0.992188,0.09375,1.64844,0.486328,0.0944882,0.537639,0.444745,0.611077,0.571213,1.03495,0.415757,0.25406,2.36378,0.00656989,0,0,0,0,0,-0.0255249,-0.0113521,0.535219,0.423701,0.956037,0.650211,-0.0078125,0.09375,1.12783
291,1.60156,0.289062,0.84375,0.136719,0.180488,0.571615,0.787954,1.03668,1.69558,0.888352,1.29531,1.34282,2.28192,0.00640999,0,0,0,0,0,-0.0625721,-0.0493039,0.421128,0.938865,0.41946,0.659073,0.601562,0.289062,2.21679
292,0.996094,-0.139648,0.384766,0.341797,-0.140196,0.444253,0.329612,0.53446,0.394291,0.998901,0.867197,0.463482,0.658131,0.00323854,0,0,0,0,0,-0.00247674,-0.000816363,0.0248983,0.403434,0.937682,0.732728,-0.00390625,-0.139648,1.45159
293,1.34375,0.457031,-0.800781,0.894531,0.340116,0.633116,0.797872,0.932726,1.50658,0.935056,0.938507,0.87537,0.846674,0.00360678,0,0,0,0,0,-0.0914108,-0.0729341,0.849115,0.482474,0.916619,0.646486,0.34375,0.457031,1.39072
294,0.945312,0.0111084,0.839844,0.382812,0.011751,0.504688,0.384627,0.554395,0.455291,0.986678,0.664675,0.368492,1.35739,0.00460428,0,0,0,0,0,-0.0221315,-0.00851235,0.290274,0.483366,0.890497,0.72732,-0.0546875,0.0111084,1.07908
295,0.984375,0.195312,0.863281,0.306641,0.198413,0.578639,0.495553,0.642078,0.657837,0.97335,0.539952,0.346691,1.55897,0.00499799,0,0,0,0,0,-0.0369216,-0.0182966,0.596118,0.424094,0.951865,0.658773,-0.015625,0.195312,0.929085
296,0.945312,0.0180664,0.322266,0.201172,0.0191116,0.507624,0.388106,0.556814,0.460668,0.928211,0.57899,0.32239,0.718506,0.00335646,0,0,0,0,0,-0.0147812,-0.00573665,0.222559,0.423646,0.949426,0.665021,-0.0546875,0.0180664,1.22796
297,0.933594,0.131836,-0.0722656,0.427734,0.141213,0.556149,0.440291,0.591054,0.543201,0.963373,0.573655,0.339061,0.110496,0.00216894,0,0,0,0,0,-0.0433326,-0.019079,0.658523,0.470121,0.921529,0.656522,-0.0664062,0.131836,1.15601
298,0.804688,-0.125,1.32812,0.53125,-0.15534,0.438277,0.260182,0.428029,0.250903,1.11118,0.709208,0.303562,1.82217,0.00551206,0,0,0,0,0,0.0025948,0.000675118,0.031896,0.417908,0.93989,0.698974,-0.195312,-0.125,0.994059
299,1.01562,0.0708008,-0.371094,0.445312,0.0697115,0.527788,0.442668,0.616415,0.575923,0.951067,0.712003,0.438889,0.556098,0.00303925,0,0,0,0,0,-0.0264977,-0.0117297,0.32444,0.500647,0.879734,0.722956,0.015625,0.0708008,1.1618
300,1.17188,0.341797,-0.228516,0.478516,0.291667,0.614729,0.659619,0.796094,1.06886,0.9466,0.715694,0.56976,0.330345,0.00259833,0,0,0,0,0,-0.0658385,-0.0434283,0.801972,0.501072,0.901199,0.649738,0.171875,0.341797,1.29315
301,1.05469,0.166016,-1.38281,0.361328,0.157407,0.562538,0.50594,0.674103,0.71039,0.980556,0.550189,0.370884,2.30045,0.00644619,0,0,0,0,0,-0.048337,-0.0244556,0.765905,0.43382,0.949953,0.648938,0.0546875,0.166016,1.11559
302,1.02344,-0.15332,1.07031,0.202148,-0.149809,0.440458,0.333741,0.546111,0.40962,0.957369,0.768636,0.419761,2.38054,0.00660262,0,0,0,0,0,0.0143636,0.00479373,0.162911,0.534922,0.865187,0.678935,0.0234375,-0.15332,1.21862
303,1.04688,0.157227,0.0874023,0.384766,0.150187,0.559691,0.498413,0.666278,0.692341,0.979379,0.602956,0.401736,0.140905,0.00222833,0,0,0,0,0,-0.046841,-0.0233462,0.677248,0.417503,0.951148,0.670095,0.046875,0.157227,0.965198
304,1.04688,0.117188,1.02344,0.279297,0.11194,0.544565,0.478393,0.651437,0.653231,0.980424,0.722759,0.470832,1.93655,0.00573545,0,0,0,0,0,-0.044332,-0.0212081,0.534725,0.443744,0.942592,0.65038,0.046875,0.117188,1.22771
305,1.32031,0.213867,0.269531,0.78125,0.161982,0.56434,0.636382,0.846146,1.12095,0.973682,1.02362,0.866134,0.30494,0.00254871,0,0,0,0,0,-0.0805916,-0.051287,0.686368,0.642489,0.76762,0.722533,0.320312,0.213867,1.88364
306,0.96875,-0.0522461,1.39062,0.275391,-0.0539315,0.478495,0.362348,0.546548,0.430011,1.04618,0.84254,0.460488,2.64994,0.00712878,0,0,0,0,0,-0.0157653,-0.00571254,0.163125,0.471195,0.911319,0.68213,-0.03125,-0.0522461,1.28061
307,0.949219,-0.0449219,0.578125,0.384766,-0.0473251,0.481127,0.358178,0.537613,0.417319,0.975682,0.796994,0.428474,0.932017,0.00377347,0,0,0,0,0,-0.0125949,-0.00451123,0.137768,0.43364,0.935782,0.683332,-0.0507812,-0.0449219,1.45701
308,0.960938,0.148438,-0.0568848,0.478516,0.154472,0.561381,0.459557,0.613125,0.587115,0.919442,0.553828,0.339566,0.0822333,0.00211374,0,0,0,0,0,-0.0412253,-0.0189454,0.648927,0.395297,0.971087,0.656017,-0.0390625,0.148438,1.17588
309,0.890625,-0.0883789,0.519531,0.34375,-0.0992325,0.460477,0.312953,0.489331,0.337384,0.913261,0.712653,0.348723,0.886115,0.00368382,0,0,0,0,0,-0.00702306,-0.00219789,0.0859123,0.457173,0.922577,0.67731,-0.109375,-0.0883789,1.26792
310,1.07812,0.0981445,0.484375,0.306641,0.0910326,0.536267,0.481403,0.662651,0.670855,0.982839,0.690596,0.457624,0.874716,0.00366155,0,0,0,0,0,-0.0411827,-0.0198255,0.519873,0.635943,0.773859,0.716582,0.078125,0.0981445,1.19959
311,2.35938,0.621094,1.16406,0.145508,0.263245,0.603819,1.28528,1.58287,4.15741,1.02027,2.13251,3.37548,3.05164,0.00791336,0,0,0,0,0,-0.0879129,-0.112993,0.359392,0.895609,0.500387,0.729523,1.35938,0.621094,3.59143
312,1.01562,0.140625,0.400391,0.667969,0.138462,0.555062,0.477581,0.641947,0.640179,0.989967,0.678941,0.435844,0.489898,0.00290996,0,0,0,0,0,-0.0497215,-0.023746,0.638439,0.443587,0.938505,0.660006,0.015625,0.140625,1.19066
313,0.832031,-0.129883,0.081543,0.255859,-0.156103,0.437976,0.268705,0.44238,0.267903,0.98919,0.580014,0.256587,0.161208,0.00226798,0,0,0,0,0,0.0115055,0.00309159,0.172932,0.453428,0.924809,0.678093,-0.167969,-0.129883,1.35981
314,0.941406,-0.00540161,-1.42969,0.257812,-0.00573781,0.497711,0.374805,0.546425,0.439059,0.931019,0.734605,0.401407,2.81572,0.00745257,0,0,0,0,0,-0.0162561,-0.00609288,0.192917,0.419847,0.932455,0.718579,-0.0585938,-0.00540161,1.21298
315,1.05469,0.0527344,0.0559082,0.546875,0.05,0.519939,0.449299,0.6327,0.602179,1.06636,0.795385,0.50324,0.0756017,0.00210078,0,0,0,0,0,-0.0338856,-0.0152248,0.371402,0.459102,0.920448,0.679617,0.0546875,0.0527344,1.23966
316,1.17188,0.308594,-0.28125,0.396484,0.263333,0.603853,0.63845,0.786222,1.02576,0.891276,0.764648,0.601184,0.446663,0.00282551,0,0,0,0,0,-0.0707147,-0.0451478,0.806223,0.451473,0.936008,0.653273,0.171875,0.308594,1.10039
317,0.984375,0.0106201,-0.164062,0.341797,0.0107887,0.504304,0.400047,0.576975,0.492938,0.920553,0.673678,0.388695,0.280624,0.00250122,0,0,0,0,0,-0.0138602,-0.00554473,0.179359,0.416678,0.944431,0.688365,-0.015625,0.0106201,1.1309
318,0.957031,0.0148926,-0.9375,0.404297,0.0155612,0.506208,0.391218,0.562534,0.469496,1.11676,0.69397,0.390382,1.47442,0.00483285,0,0,0,0,0,-0.0156185,-0.00611023,0.196202,0.400268,0.96178,0.669829,-0.0429688,0.0148926,1.24522
319,1.03906,0.0307617,0.177734,0.244141,0.0296053,0.511809,0.432047,0.615848,0.565933,0.859353,0.668499,0.411694,0.359709,0.00265568,0,0,0,0,0,-0.02995,-0.0129398,0.390574,0.474109,0.910326,0.679084,0.0390625,0.0307617,1.16286
320,0.96875,-0.0776367,0.369141,0.300781,-0.0801411,0.468063,0.349653,0.538215,0.411933,0.989744,0.699183,0.376311,0.67308,0.00326773,0,0,0,0,0,-0.00398036,-0.00139174,0.0496293,0.441512,0.928432,0.689856,-0.03125,-0.0776367,1.11081
321,0.945312,-0.148438,0.621094,0.314453,-0.157025,0.437613,0.304854,0.502346,0.345288,0.972274,0.773172,0.3884,1.10759,0.00411639,0,0,0,0,0,0.00243202,0.000741411,0.0274219,0.452844,0.923184,0.683732,-0.0546875,-0.148438,1.20231
322,1.00781,9.11951e-06,0.0859375,0.402344,9.04882e-06,0.500004,0.40414,0.586959,0.50785,0.871312,0.783569,0.459923,0.135483,0.00221774,0,0,0,0,0,-0.0288778,-0.0116707,0.321287,0.433482,0.92835,0.705324,0.0078125,9.11951e-06,1.26889
323,1.03125,-0.302734,0.308594,0.21582,-0.293561,0.384547,0.278976,0.497292,0.325127,0.925972,0.887668,0.44143,0.664264,0.00325052,0,0,0,0,0,0.0242705,0.00677089,0.238361,0.530094,0.852058,0.768374,0.03125,-0.302734,1.48364
324,1,0.0233154,1.42969,0.464844,0.0233154,0.509301,0.41266,0.590493,0.518971,1.10307,0.832947,0.49185,2.09695,0.00604873,0,0,0,0,0,-0.0297701,-0.0122849,0.31158,0.412026,0.953161,0.673373,0,0.0233154,1.22353
325,0.863281,-0.244141,-0.180664,0.283203,-0.282805,0.388663,0.236902,0.419625,0.232208,0.937734,0.752381,0.315718,0.339487,0.00261618,0,0,0,0,0,0.0157546,0.0037323,0.182548,0.420755,0.945387,0.679321,-0.136719,-0.244141,1.4224
326,1.02344,-0.223633,0.451172,0.265625,-0.218511,0.413515,0.3047,0.52158,0.364888,1.02391,0.994377,0.518647,0.875402,0.00366289,0,0,0,0,0,0.0054307,0.00165473,0.0476115,0.49888,0.876343,0.746503,0.0234375,-0.223633,1.38629
327,1.03906,0.0883789,-0.0600586,0.361328,0.0850564,0.533892,0.460856,0.63639,0.61738,0.999875,0.907524,0.577539,0.0999135,0.00214827,0,0,0,0,0,-0.0358547,-0.0165239,0.344425,0.451321,0.913588,0.717796,0.0390625,0.0883789,1.48743
328,0.746094,-0.257812,0.683594,0.353516,-0.34555,0.364841,0.187777,0.346134,0.155069,0.95333,0.753899,0.26095,1.14972,0.00419868,0,0,0,0,0,0.00979253,0.00183881,0.113237,0.450017,0.922381,0.69151,-0.253906,-0.257812,1.05029
329,1.03906,0.0133057,0.277344,0.253906,0.0128055,0.505108,0.423319,0.609756,0.551002,0.920838,0.756039,0.461,0.550404,0.00302813,0,0,0,0,0,-0.0259704,-0.0109938,0.299462,0.49875,0.886615,0.699967,0.0390625,0.0133057,1.248
330,1.125,0.255859,-1.4375,0.800781,0.227431,0.589956,0.58716,0.743045,0.896872,1.06789,0.651307,0.48395,1.60639,0.0050906,0,0,0,0,0,-0.0640348,-0.0375987,0.857112,0.403323,0.970197,0.647781,0.125,0.255859,1.09247
331,2.21875,0.333984,0.214844,0.119141,0.150528,0.559826,1.05672,1.41239,3.11151,0.941336,1.91747,2.70822,0.622433,0.00316881,0,0,0,0,0,-0.0684189,-0.0722993,0.311067,0.877651,0.511702,0.690895,1.21875,0.333984,3.61736
332,0.984375,0.0957031,1.75781,0.636719,0.0972222,0.538725,0.442588,0.607246,0.564632,0.949762,0.682869,0.414669,2.20292,0.0062557,0,0,0,0,0,-0.0436032,-0.0192983,0.556657,0.435977,0.941831,0.664125,-0.015625,0.0957031,1.16448
333,0.96875,-0.0578613,1.26562,0.326172,-0.0597278,0.476186,0.35954,0.544691,0.425957,0.975162,0.655818,0.357218,2.21606,0.00628137,0,0,0,0,0,-0.0188167,-0.00676536,0.250131,0.407046,0.958604,0.667731,-0.03125,-0.0578613,1.4116
334,1.11719,0.220703,-0.574219,0.3125,0.197552,0.578302,0.561801,0.728439,0.846243,0.763866,0.596114,0.434232,1.02719,0.00395936,0,0,0,0,0,-0.0565336,-0.0317606,0.82677,0.404804,0.96921,0.647909,0.117188,0.220703,1.16087
335,1.14062,0.296875,-0.249023,0.363281,0.260274,0.602674,0.6192,0.76423,0.967457,0.835171,0.689563,0.526985,0.41316,0.00276008,0,0,0,0,0,-0.059507,-0.0368467,0.752317,0.468441,0.923442,0.654776,0.140625,0.296875,1.32162
336,0.917969,-0.078125,-0.0334473,0.279297,-0.0851064,0.466088,0.329045,0.508525,0.366868,0.981257,0.720386,0.366334,0.0632889,0.00207674,0,0,0,0,0,-0.0169861,-0.0055892,0.205559,0.471668,0.904921,0.701567,-0.0820312,-0.078125,1.37186
337,1,0.0566406,-1.67188,0.378906,0.0566406,0.522584,0.429323,0.602256,0.54703,0.934465,0.518397,0.312207,2.71605,0.00725791,0,0,0,0,0,-0.0251397,-0.010793,0.42277,0.400397,0.969018,0.653876,0,0.0566406,1.09936
338,1.03906,0.149414,0.333984,0.492188,0.143797,0.55717,0.491374,0.658826,0.675499,0.964797,0.827578,0.54523,0.476059,0.00288293,0,0,0,0,0,-0.0554704,-0.0272567,0.584331,0.476385,0.906559,0.68567,0.0390625,0.149414,1.32899
339,1.02344,-0.0529785,0.384766,0.339844,-0.0517653,0.479358,0.383912,0.578137,0.481631,0.934802,0.750818,0.434076,0.660019,0.00324223,0,0,0,0,0,-0.0087458,-0.00335761,0.101548,0.520984,0.872941,0.690047,0.0234375,-0.0529785,1.16948
340,1.10156,0.120117,-0.890625,0.177734,0.109043,0.543416,0.501788,0.684296,0.720053,0.914681,0.650509,0.445141,2.11256,0.00607922,0,0,0,0,0,-0.0419779,-0.021064,0.562567,0.515097,0.88266,0.671913,0.101562,0.120117,1.33988
341,0.90625,-0.0712891,-0.15332,0.318359,-0.0786638,0.46865,0.327764,0.503927,0.361372,0.968849,0.818632,0.412531,0.271732,0.00248385,0,0,0,0,0,-0.00539278,-0.00176756,0.0574289,0.465828,0.899749,0.736827,-0.09375,-0.0712891,1.56867
342,0.976562,0.0205078,0.0751953,0.695312,0.021,0.508377,0.401858,0.575864,0.493109,0.91523,0.575781,0.331571,0.090178,0.00212925,0,0,0,0,0,-0.032639,-0.0131162,0.494181,0.429861,0.950173,0.654184,-0.0234375,0.0205078,1.07637
343,1.17188,0.243164,-0.267578,0.410156,0.2075,0.58219,0.596734,0.767369,0.944946,1.00067,0.671976,0.515653,0.417807,0.00276915,0,0,0,0,0,-0.055878,-0.0333443,0.724926,0.470316,0.925036,0.647748,0.171875,0.243164,1.19051
344,1.125,0.178711,0.570312,0.447266,0.158854,0.563108,0.540483,0.719654,0.810024,0.881496,0.637164,0.458538,0.852766,0.00361868,0,0,0,0,0,-0.0550895,-0.029775,0.753746,0.443314,0.943122,0.649854,0.125,0.178711,1.08508
345,1.0625,0.112793,-0.824219,0.462891,0.106158,0.542272,0.482461,0.658908,0.666929,1.13211,0.59205,0.390106,1.21144,0.00431923,0,0,0,0,0,-0.0363693,-0.0175468,0.53553,0.397279,0.972212,0.651235,0.0625,0.112793,1.12509
346,1.04688,-0.107422,-0.090332,0.242188,-0.102612,0.459135,0.366088,0.574048,0.463552,1.03099,0.740653,0.425171,0.183555,0.00231163,0,0,0,0,0,-0.00384893,-0.00140905,0.0453035,0.41639,0.94759,0.680556,0.046875,-0.107422,1.48155
347,1.01562,0.118164,1.46094,0.644531,0.116346,0.546311,0.46635,0.633636,0.618977,1.08468,0.798703,0.506087,1.81974,0.00550731,0,0,0,0,0,-0.0382349,-0.0178308,0.417331,0.414056,0.950377,0.677137,0.015625,0.118164,1.38136
348,1.02344,0.15918,1.32031,0.441406,0.155534,0.5618,0.489991,0.653411,0.667036,1.08929,0.856672,0.559759,1.98727,0.00583452,0,0,0,0,0,-0.0517005,-0.0253328,0.526122,0.43576,0.936347,0.678213,0.0234375,0.15918,1.35573
349,1,0.217773,-0.742188,0.574219,0.217773,0.586197,0.515763,0.657729,0.698619,1.22752,0.731693,0.481256,0.979433,0.00386608,0,0,0,0,0,-0.0576936,-0.0297562,0.687394,0.397646,0.972229,0.650747,0,0.217773,1.20597
350,0.976562,0.126953,1.25781,0.363281,0.13,0.551717,0.45508,0.614189,0.584326,1.04588,0.687313,0.42214,2.08687,0.00602903,0,0,0,0,0,-0.0378949,-0.0172452,0.480654,0.425329,0.947565,0.666879,-0.0234375,0.126953,1.06595
351,1.125,0.195312,-1.22656,0.414062,0.173611,0.568914,0.548784,0.725909,0.828108,0.871666,0.632314,0.459002,1.90615,0.00567607,0,0,0,0,0,-0.0566026,-0.0310626,0.780388,0.427899,0.954432,0.647775,0.125,0.195312,1.161
352,0.949219,-0.0766602,-0.929688,0.213867,-0.0807613,0.467816,0.342309,0.527173,0.395087,1.02402,0.769534,0.405677,2.01032,0.00587953,0,0,0,0,0,-0.00710016,-0.00243045,0.0804354,0.44236,0.927142,0.692037,-0.0507812,-0.0766602,1.228
353,1,-0.133789,0.628906,0.275391,-0.133789,0.446785,0.334108,0.538537,0.40165,0.930048,0.789637,0.425249,1.19843,0.0042938,0,0,0,0,0,0.000655927,0.00021915,0.00724161,0.470369,0.907843,0.69471,0,-0.133789,1.15552
354,0.980469,-0.0961914,-0.320312,0.257812,-0.0981076,0.460923,0.345075,0.539046,0.409647,0.897242,0.535609,0.288718,0.630844,0.00318524,0,0,0,0,0,0.00695385,0.0023996,0.113184,0.464879,0.920455,0.66876,-0.0195312,-0.0961914,1.08019
355,1.01562,0.0610352,0.243164,0.335938,0.0600962,0.52396,0.437786,0.612918,0.567325,1.10184,0.736017,0.451118,0.419537,0.00277253,0,0,0,0,0,-0.037255,-0.0163097,0.441269,0.401643,0.960975,0.669787,0.015625,0.0610352,1.12561
356,0.757812,-0.0395508,0.746094,0.361328,-0.0521907,0.479188,0.284109,0.427979,0.263884,0.981846,0.627389,0.268509,1.2412,0.00437735,0,0,0,0,0,-0.0118891,-0.0033778,0.165203,0.41707,0.952743,0.666968,-0.242188,-0.0395508,0.876297
357,1.1875,0.240234,-0.789062,0.496094,0.202303,0.58016,0.600755,0.775864,0.962873,0.936081,0.750957,0.582641,1.12029,0.00414119,0,0,0,0,0,-0.0526665,-0.0316397,0.611401,0.490796,0.903224,0.665118,0.1875,0.240234,1.47942
358,0.984375,0.00527954,-0.867188,0.523438,0.00536334,0.50214,0.397376,0.575127,0.488679,1.03053,0.553224,0.318174,1.19862,0.00429417,0,0,0,0,0,-0.0390797,-0.0155293,0.615824,0.45651,0.933414,0.651169,-0.015625,0.00527954,1.10431
359,1.03125,0.0996094,0.451172,0.511719,0.0965909,0.538474,0.463338,0.635925,0.619083,0.980965,0.851781,0.541669,0.630705,0.00318497,0,0,0,0,0,-0.0464757,-0.021534,0.475669,0.431722,0.93465,0.689793,0.03125,0.0996094,1.3891
360,0.902344,-0.149414,0.154297,0.219727,-0.165584,0.434242,0.287135,0.477179,0.310146,0.902936,0.73987,0.35305,0.329167,0.00259603,0,0,0,0,0,0.000425238,0.000122101,0.00501053,0.500829,0.87701,0.735673,-0.0976562,-0.149414,1.32341
361,1.05469,0.15332,0.466797,0.308594,0.14537,0.557791,0.499592,0.669352,0.697625,0.873698,0.551124,0.368896,0.8403,0.00359434,0,0,0,0,0,-0.0382942,-0.0191315,0.605747,0.45075,0.937299,0.651457,0.0546875,0.15332,0.898855
362,1.01562,0.0996094,-0.261719,0.341797,0.0980769,0.539064,0.457073,0.62684,0.601844,1.0693,0.549761,0.344612,0.447663,0.00282747,0,0,0,0,0,-0.0302891,-0.0138443,0.480307,0.411823,0.964581,0.648329,0.015625,0.0996094,0.892141
363,1.28906,0.0206299,-0.0961914,0.213867,0.0160038,0.506384,0.527232,0.757897,0.852382,0.913157,0.859575,0.65147,0.208,0.00235938,0,0,0,0,0,-0.030581,-0.0161233,0.310152,0.794353,0.609392,0.657925,0.289062,0.0206299,1.8998
364,1.10156,0.206055,-0.0874023,0.249023,0.187057,0.574192,0.546572,0.715033,0.810014,0.942588,0.831239,0.594364,0.175147,0.00229521,0,0,0,0,0,-0.058026,-0.0317154,0.60856,0.487827,0.898113,0.68697,0.101562,0.206055,1.49857
365,0.882812,-0.00332642,0.0192871,0.503906,-0.00376798,0.498497,0.352347,0.513012,0.387329,1.01257,0.701168,0.359707,0.0271702,0.00200619,0,0,0,0,0,-0.0329923,-0.0116247,0.410201,0.404188,0.960846,0.666581,-0.117188,-0.00332642,1.02568
366,1.0625,0.114746,-0.227539,0.224609,0.107996,0.543001,0.483438,0.659623,0.668815,0.837023,0.579134,0.38201,0.480111,0.00289084,0,0,0,0,0,-0.038562,-0.0186423,0.58048,0.488914,0.907865,0.656359,0.0625,0.114746,1.22399
367,1.14062,0.15918,-0.695312,0.300781,0.139555,0.555494,0.536983,0.72142,0.808797,1.00481,0.75027,0.54126,1.26781,0.00442932,0,0,0,0,0,-0.0458595,-0.0246258,0.532866,0.524766,0.877524,0.664387,0.140625,0.15918,1.39375
368,0.980469,-0.0311279,1.00781,0.425781,-0.031748,0.487337,0.377606,0.560429,0.456667,1.0627,0.763916,0.428121,1.54449,0.00496972,0,0,0,0,0,-0.022347,-0.00843837,0.255024,0.417827,0.946751,0.680448,-0.0195312,-0.0311279,1.24001
369,1.07031,0.200195,0.213867,0.443359,0.187044,0.574187,0.531058,0.694745,0.764693,0.944715,0.859754,0.59731,0.321193,0.00258046,0,0,0,0,0,-0.0649974,-0.0345174,0.659065,0.465377,0.921607,0.664827,0.0703125,0.200195,1.38316
370,0.949219,-0.160156,0.144531,0.230469,-0.168724,0.433007,0.300561,0.501072,0.34141,1.07458,0.805708,0.403718,0.301062,0.00254114,0,0,0,0,0,-0.000593788,-0.000178469,0.00642481,0.479231,0.900606,0.698731,-0.0507812,-0.160156,1.19435
371,1.58594,0.390625,-0.263672,0.322266,0.246305,0.597277,0.846818,1.05612,1.8325,0.977381,1.35002,1.42579,0.464469,0.00286029,0,0,0,0,0,-0.0985115,-0.0834213,0.63614,0.650361,0.76539,0.671625,0.585938,0.390625,2.77151
372,1.0625,0.255859,1.09375,0.208984,0.240809,0.595148,0.563603,0.705857,0.815882,0.927712,0.819972,0.578782,2.39255,0.00662608,0,0,0,0,0,-0.0655077,-0.0369203,0.696467,0.543833,0.856369,0.685717,0.0625,0.255859,1.41033
373,1.01562,-0.0742188,0.433594,0.359375,-0.0730769,0.470872,0.370159,0.566595,0.458047,1.00864,0.77398,0.438533,0.723284,0.00336579,0,0,0,0,0,-0.00234865,-0.000869373,0.0264542,0.480392,0.905282,0.680978,0.015625,-0.0742188,1.23196
374,1.0625,0.219727,0.0512695,0.267578,0.206801,0.581918,0.540566,0.695538,0.775985,0.88496,0.724899,0.504195,0.0991138,0.00214671,0,0,0,0,0,-0.0560834,-0.0303168,0.674472,0.46738,0.921373,0.661813,0.0625,0.219727,1.47108
375,1.34375,0.373047,-0.0957031,0.251953,0.277616,0.609347,0.744326,0.907213,1.37706,0.853413,0.968871,0.878972,0.190663,0.00232551,0,0,0,0,0,-0.087575,-0.0651844,0.78799,0.511014,0.890711,0.657255,0.34375,0.373047,1.95843
376,1.17969,0.345703,-1.9375,0.484375,0.293046,0.615257,0.665054,0.801891,1.08533,0.904314,0.720864,0.578054,2.78388,0.00739039,0,0,0,0,0,-0.0705562,-0.0469237,0.853275,0.405302,0.969292,0.647117,0.179688,0.345703,1.25378
377,0.964844,-0.0147095,0.644531,0.527344,-0.0152454,0.493918,0.37955,0.556893,0.454188,1.09187,0.818661,0.455906,0.887559,0.00368664,0,0,0,0,0,-0.013439,-0.00510075,0.143109,0.401657,0.956264,0.681002,-0.0351562,-0.0147095,1.34792
378,0.949219,-0.152344,0.871094,0.275391,-0.160494,0.436246,0.304467,0.503425,0.346136,0.99139,0.694921,0.34984,1.65993,0.00519518,0,0,0,0,0,0.00528812,0.00161006,0.0663396,0.448148,0.930744,0.671668,-0.0507812,-0.152344,1.25205
379,1.17188,0.21582,-1.44531,0.953125,0.184167,0.573059,0.5793,0.759737,0.912789,0.936715,0.684752,0.520231,1.48043,0.00484458,0,0,0,0,0,-0.0652167,-0.03778,0.830294,0.366574,0.992942,0.646084,0.171875,0.21582,1.1417
380,0.863281,0.00582886,0.118652,0.640625,0.00675198,0.502694,0.349092,0.504792,0.37668,0.924301,0.740275,0.373684,0.148243,0.00224266,0,0,0,0,0,-0.0240364,-0.00839092,0.283063,0.469889,0.902076,0.716236,-0.136719,0.00582886,1.01381
381,1.02344,0.147461,0.929688,0.291016,0.144084,0.557283,0.484131,0.649028,0.655621,0.992859,0.656704,0.426219,1.72337,0.00531908,0,0,0,0,0,-0.0472504,-0.0228754,0.627254,0.47652,0.916317,0.658036,0.0234375,0.147461,1.09832
382,0.914062,0.112305,-0.176758,0.226562,0.122863,0.548892,0.422694,0.572468,0.50639,0.904411,0.571255,0.327025,0.371351,0.00267842,0,0,0,0,0,-0.0342967,-0.014497,0.523395,0.49691,0.898248,0.666367,-0.0859375,0.112305,1.08698
383,1.29688,0.294922,-0.165039,0.171875,0.22741,0.589947,0.676848,0.856557,1.19181,0.827612,0.896726,0.768097,0.398089,0.00273064,0,0,0,0,0,-0.0638343,-0.0432061,0.620585,0.722121,0.692761,0.655666,0.296875,0.294922,1.44748
384,1.10938,0.171875,-0.503906,0.478516,0.15493,0.561562,0.530799,0.708026,0.783048,0.911297,0.629465,0.445677,0.728453,0.00337589,0,0,0,0,0,-0.0548833,-0.029132,0.760108,0.412723,0.964926,0.646457,0.109375,0.171875,1.06332
385,0.914062,-0.0361328,-0.386719,0.163086,-0.0395299,0.484234,0.348475,0.520082,0.39192,0.825173,0.571169,0.297054,0.957606,0.00382345,0,0,0,0,0,-0.0101648,-0.00354217,0.155146,0.441994,0.925372,0.698058,-0.0859375,-0.0361328,1.28215
386,1.0625,0.226562,-0.375,0.613281,0.213235,0.584428,0.544924,0.697469,0.783405,0.973489,0.771149,0.537853,0.478852,0.00288838,0,0,0,0,0,-0.0580282,-0.0316209,0.656005,0.447101,0.935306,0.662,0.0625,0.226562,1.25873
387,1.07031,0.125977,0.800781,0.953125,0.117701,0.546848,0.492186,0.668289,0.688857,1.07651,0.720215,0.481312,0.820236,0.00355515,0,0,0,0,0,-0.0465134,-0.0228933,0.563019,0.406676,0.962099,0.660403,0.0703125,0.125977,1.16756
388,1.1875,0.263672,-1.05469,0.367188,0.222039,0.587858,0.615699,0.782495,0.991383,0.977152,0.691127,0.540803,1.74052,0.00535258,0,0,0,0,0,-0.0629837,-0.0387789,0.794469,0.452599,0.937723,0.647602,0.1875,0.263672,1.28711
389,1.125,0.259766,-1.02344,0.333984,0.230903,0.591305,0.589651,0.744165,0.901469,0.879298,0.700831,0.521533,1.77092,0.00541195,0,0,0,0,0,-0.0641692,-0.0378374,0.798215,0.427321,0.953856,0.649809,0.125,0.259766,1.06081
390,1.34375,0.230469,0.773438,0.116699,0.171512,0.568089,0.654081,0.865992,1.17776,0.855123,1.02911,0.891199,2.26408,0.00637515,0,0,0,0,0,-0.0596713,-0.0390299,0.505489,0.750896,0.660485,0.669735,0.34375,0.230469,1.87256
391,1.03906,0.110352,-0.11084,0.296875,0.106203,0.542289,0.471842,0.64439,0.637874,0.878516,0.485924,0.313125,0.203427,0.00235044,0,0,0,0,0,-0.0411937,-0.0194369,0.739041,0.397407,0.97388,0.647729,0.0390625,0.110352,1.05805
392,0.839844,-0.045166,-0.137695,0.455078,-0.0537791,0.478556,0.314196,0.473864,0.323267,1.01951,0.624381,0.295872,0.204116,0.00235179,0,0,0,0,0,-0.0194938,-0.00612489,0.272179,0.486096,0.898664,0.689172,-0.160156,-0.045166,1.017
393,1.0625,0.164062,-0.636719,0.507812,0.154412,0.561357,0.508096,0.677903,0.717714,0.934734,0.813716,0.55162,0.893503,0.00369825,0,0,0,0,0,-0.0572425,-0.0290847,0.613271,0.493895,0.897009,0.676653,0.0625,0.164062,1.49475
394,1.35938,0.53125,-0.660156,0.535156,0.390805,0.652029,0.851081,0.965266,1.65608,0.888655,1.00063,0.965871,0.902415,0.00371565,0,0,0,0,0,-0.0955156,-0.0812915,0.832164,0.467074,0.927532,0.647402,0.359375,0.53125,1.59996
395,1.09375,-0.166016,-0.0102539,0.164062,-0.151786,0.439678,0.355589,0.58297,0.466297,0.948414,0.969577,0.565235,0.0253154,0.00200257,0,0,0,0,0,0.0120368,0.00428014,0.108227,0.57446,0.821763,0.748971,0.09375,-0.166016,1.46281
396,1.11719,0.101074,-0.12793,0.291016,0.090472,0.536044,0.498532,0.686432,0.719723,1.02039,0.540396,0.370945,0.237145,0.0024163,0,0,0,0,0,-0.031513,-0.0157102,0.508376,0.404645,0.969828,0.646868,0.117188,0.101074,1.15955
397,0.90625,-0.180664,1.20312,0.21875,-0.199353,0.420993,0.276103,0.468354,0.295588,0.893476,0.772588,0.361844,2.57239,0.00697732,0,0,0,0,0,0.0120115,0.00331641,0.135536,0.500538,0.882925,0.709446,-0.09375,-0.180664,1.27418
398,0.863281,-0.28125,-0.373047,0.249023,-0.325792,0.372291,0.223452,0.40644,0.215124,1.1353,0.737949,0.299932,0.747555,0.00341319,0,0,0,0,0,0.0345658,0.0077238,0.408345,0.43054,0.937398,0.684257,-0.136719,-0.28125,1.40938
399,1.51562,0.333984,-0.824219,0.19043,0.220361,0.587205,0.784204,0.997986,1.61095,0.776264,1.23906,1.23657,1.88875,0.0056421,0,0,0,0,0,-0.0800649,-0.0627872,0.563321,0.759298,0.651254,0.677024,0.515625,0.333984,2.56985
400,1.25,0.371094,-0.227539,0.636719,0.296875,0.616719,0.707745,0.851126,1.22532,0.841556,0.862383,0.733997,0.285156,0.00251007,0,0,0,0,0,-0.0725244,-0.0513288,0.733146,0.600178,0.811051,0.676824,0.25,0.371094,1.48908
401,1.45312,0.304688,-1.32031,0.189453,0.209677,0.58304,0.741967,0.95243,1.45764,0.923924,1.15455,1.09963,3.03337,0.00787768,0,0,0,0,0,-0.0778798,-0.0577843,0.588056,0.662719,0.753809,0.667643,0.453125,0.304688,1.9842
402,1.08594,0.149414,-0.5,0.433594,0.13759,0.554718,0.510171,0.686037,0.730921,1.13,0.575575,0.394866,0.759326,0.00343618,0,0,0,0,0,-0.0527126,-0.0268924,0.798399,0.386499,0.981414,0.645922,0.0859375,0.149414,1.06581
403,0.964844,-0.141602,0.875,0.197266,-0.146761,0.44166,0.316104,0.515745,0.365915,0.943267,0.696877,0.359411,1.97007,0.00580092,0,0,0,0,0,0.00725074,0.00229199,0.0907053,0.479478,0.905219,0.683138,-0.0351562,-0.141602,1.17852
404,1.04688,0.164062,0.0825195,0.263672,0.156716,0.562266,0.501831,0.668838,0.699179,0.835306,0.579799,0.387792,0.160703,0.002267,0,0,0,0,0,-0.0492353,-0.0247078,0.740297,0.410573,0.962975,0.653311,0.046875,0.164062,1.13406
405,1.20312,0.306641,-0.535156,1.48438,0.25487,0.600588,0.648983,0.804201,1.06792,1.09302,0.720999,0.579828,0.439247,0.00281103,0,0,0,0,0,-0.0735759,-0.0477495,0.889627,0.36616,0.992803,0.646781,0.203125,0.306641,1.34027
406,0.933594,-0.195312,-0.455078,0.34375,-0.209205,0.417144,0.2811,0.479036,0.308493,0.99255,1.0104,0.484017,0.776184,0.00346911,0,0,0,0,0,0.0281223,0.00790521,0.242642,0.543809,0.842295,0.77026,-0.0664062,-0.195312,1.54234
407,0.960938,-0.00765991,0.166016,0.310547,-0.00797129,0.49682,0.381508,0.557026,0.455826,0.966236,0.776016,0.432261,0.29791,0.00253498,0,0,0,0,0,-0.0215387,-0.00821719,0.241967,0.441558,0.925149,0.699595,-0.0390625,-0.00765991,1.19932
408,0.910156,-0.0219727,0.351562,0.498047,-0.0241416,0.49037,0.353988,0.522577,0.398395,1.01701,0.711288,0.371703,0.498158,0.00292609,0,0,0,0,0,-0.0196258,-0.00694731,0.240541,0.443505,0.927881,0.687756,-0.0898438,-0.0219727,1.0693
409,1.04688,0.0354004,0.167969,0.458984,0.0338153,0.513488,0.4375,0.622026,0.578322,0.968143,0.508222,0.316128,0.24793,0.00243736,0,0,0,0,0,-0.0199245,-0.00871697,0.341775,0.393304,0.974078,0.652339,0.046875,0.0354004,0.921886
410,0.902344,-0.00518799,-0.0456543,0.292969,-0.00574946,0.497706,0.359248,0.523748,0.403371,0.96907,0.758944,0.397496,0.0843473,0.00211787,0,0,0,0,0,-0.0211034,-0.00758137,0.24241,0.465152,0.911958,0.692793,-0.0976562,-0.00518799,1.1374
411,1.04688,0.134766,0.0617676,0.246094,0.128731,0.551215,0.487182,0.657919,0.670204,0.88062,0.688363,0.452887,0.124512,0.00219631,0,0,0,0,0,-0.042735,-0.0208198,0.54122,0.467862,0.917587,0.670888,0.046875,0.134766,1.36311
412,1.00781,0.0839844,0.394531,0.652344,0.0833333,0.533207,0.446127,0.616622,0.579252,0.950269,0.565425,0.348653,0.488476,0.00290718,0,0,0,0,0,-0.0378362,-0.0168798,0.583364,0.430845,0.949131,0.655062,0.0078125,0.0839844,1.1233
413,1.01562,-0.175781,0.0708008,0.300781,-0.173077,0.431295,0.319377,0.534803,0.388016,0.916356,0.854189,0.456823,0.129096,0.00220527,0,0,0,0,0,0.00831303,0.00265499,0.0848422,0.575193,0.821539,0.745557,0.015625,-0.175781,1.34141
414,1.46094,0.151367,-1.66406,0.195312,0.10361,0.54126,0.661523,0.904636,1.25598,1.0042,1.0929,0.988681,3.76534,0.00930731,0,0,0,0,0,-0.0455434,-0.030128,0.363287,0.695262,0.719579,0.685178,0.460938,0.151367,2.1902
415,0.949219,0.198242,-1.07812,0.542969,0.208848,0.582716,0.48417,0.621929,0.621217,1.09033,0.683853,0.425308,1.46313,0.00481079,0,0,0,0,0,-0.0541651,-0.0262251,0.6905,0.391362,0.974397,0.654062,-0.0507812,0.198242,1.2491
416,1.17969,0.0427246,-1.23438,0.277344,0.0362169,0.514445,0.49442,0.701937,0.737166,0.922343,0.666603,0.467913,2.34389,0.00653104,0,0,0,0,0,-0.0486566,-0.0240568,0.636328,0.821876,0.590588,0.746388,0.179688,0.0427246,1.27463
417,0.980469,0.0917969,-0.00830078,0.310547,0.0936255,0.537297,0.439069,0.603552,0.557056,0.884988,0.615879,0.371715,0.0148955,0.00198222,0,0,0,0,0,-0.0310995,-0.0136548,0.440215,0.502565,0.896824,0.65836,-0.0195312,0.0917969,1.31635
418,1.04688,0.109863,-0.384766,0.660156,0.104944,0.54179,0.474731,0.648753,0.64625,0.985954,0.578206,0.375113,0.473558,0.00287804,0,0,0,0,0,-0.0296986,-0.0140989,0.447776,0.393352,0.972444,0.655627,0.046875,0.109863,1.03156
419,1.16406,-0.100586,0.667969,0.245117,-0.0864094,0.46557,0.416499,0.644362,0.588674,1.0282,0.900807,0.580446,1.34918,0.00458824,0,0,0,0,0,-0.0279746,-0.0116514,0.270731,0.864013,0.563188,0.815577,0.164062,-0.100586,1.63598
420,1.11719,-0.0212402,-1.51562,0.217773,-0.0190122,0.492416,0.437375,0.643391,0.605248,0.936292,0.658109,0.423421,3.2478,0.00829648,0,0,0,0,0,-0.00394239,-0.0017243,0.0522238,0.453165,0.925822,0.675812,0.117188,-0.0212402,1.24552
421,1.08594,-0.0437012,-0.308594,0.285156,-0.0402428,0.48395,0.413613,0.617615,0.552524,1.04284,0.909704,0.561847,0.577891,0.00308182,0,0,0,0,0,-0.0156595,-0.00647699,0.150067,0.420472,0.938335,0.699024,0.0859375,-0.0437012,1.31548
422,1.15625,-0.269531,0.232422,0.238281,-0.233108,0.407839,0.338124,0.583003,0.45422,1.0023,1.05459,0.61483,0.476137,0.00288308,0,0,0,0,0,0.0263529,0.00891055,0.217846,0.506483,0.87292,0.736854,0.15625,-0.269531,1.57586
423,0.867188,0.00509644,-0.476562,0.320312,0.00587697,0.502345,0.350292,0.506813,0.379565,0.881244,0.62409,0.316297,0.84204,0.00359774,0,0,0,0,0,-0.0301114,-0.0105478,0.420621,0.418925,0.943589,0.686961,-0.132812,0.00509644,1.19142
424,0.789062,-0.0996094,0.0761719,0.3125,-0.126238,0.449772,0.266611,0.426794,0.253235,0.909788,0.736436,0.314306,0.13626,0.00221926,0,0,0,0,0,0.00554617,0.00147867,0.0656546,0.463817,0.90011,0.740973,-0.210938,-0.0996094,1.21679
425,1.07812,0.0864258,-0.0976562,0.228516,0.080163,0.531946,0.475544,0.658406,0.65964,0.885034,0.669353,0.440706,0.204288,0.00235212,0,0,0,0,0,-0.030744,-0.0146201,0.400417,0.530099,0.869202,0.678105,0.078125,0.0864258,1.33194
426,1.34375,0.357422,-1.26562,0.382812,0.265988,0.604876,0.734364,0.902586,1.35395,1.03749,0.989549,0.893153,2.04556,0.00594836,0,0,0,0,0,-0.0758115,-0.0556733,0.66789,0.65559,0.758679,0.685248,0.34375,0.357422,1.54071
427,1.01562,0.0308838,0.12793,0.433594,0.0304087,0.512129,0.42271,0.602243,0.54138,0.992058,0.735602,0.443011,0.194281,0.00233258,0,0,0,0,0,-0.0281478,-0.0118983,0.333586,0.437918,0.933945,0.680912,0.015625,0.0308838,1.15837
428,0.953125,-0.135742,0.589844,0.318359,-0.142418,0.443375,0.314334,0.510752,0.359674,0.831607,0.78986,0.403423,1.04539,0.0039949,0,0,0,0,0,-0.00574687,-0.00180644,0.063429,0.479188,0.898154,0.707624,-0.046875,-0.135742,1.04282
429,1.16406,0.261719,-0.835938,0.382812,0.224832,0.588945,0.605619,0.767979,0.956567,1.01939,0.68866,0.528877,1.35108,0.00459195,0,0,0,0,0,-0.0658553,-0.0398833,0.833667,0.441547,0.945229,0.64787,0.164062,0.261719,1.21249
430,1.0625,-0.0834961,0.208008,0.332031,-0.0785846,0.468682,0.384317,0.590838,0.496789,0.952108,0.839995,0.496301,0.360986,0.00265818,0,0,0,0,0,-0.0174585,-0.00670958,0.181191,0.430316,0.927973,0.712786,0.0625,-0.0834961,1.43302
431,0.96875,-0.065918,-0.118652,0.396484,-0.0680444,0.472875,0.355512,0.54204,0.420196,0.997068,0.574961,0.311652,0.188436,0.00232116,0,0,0,0,0,0.00188316,0.000669484,0.0285532,0.4989,0.896863,0.666071,-0.03125,-0.065918,0.949642
432,1.39062,0.200195,0.298828,0.175781,0.143961,0.557234,0.657742,0.881822,1.21023,0.992963,0.986767,0.870153,0.712747,0.00334521,0,0,0,0,0,-0.0535686,-0.0352343,0.473263,0.719811,0.695536,0.651966,0.390625,0.200195,2.07964
433,0.921875,0.0214844,0.193359,0.306641,0.0233051,0.509297,0.380416,0.544358,0.441042,0.858553,0.689951,0.37558,0.349181,0.00263512,0,0,0,0,0,-0.0330392,-0.0125686,0.417463,0.438361,0.932777,0.68331,-0.078125,0.0214844,1.23549
434,1.15625,0.308594,0.0849609,0.429688,0.266892,0.605224,0.632561,0.776952,1.00379,0.916828,0.838296,0.651315,0.129611,0.00220627,0,0,0,0,0,-0.065783,-0.0416118,0.684106,0.566556,0.839493,0.679072,0.15625,0.308594,1.41034
435,0.964844,-0.0800781,0.761719,0.332031,-0.082996,0.466927,0.346866,0.535151,0.406703,1.15617,0.718219,0.384356,1.32192,0.004535,0,0,0,0,0,-0.0125396,-0.00434956,0.152207,0.433824,0.936139,0.682054,-0.0351562,-0.0800781,1.21192
436,1.0625,0.119141,0.6875,0.527344,0.112132,0.544641,0.485635,0.661235,0.673074,0.887698,0.599034,0.396102,0.946729,0.00380221,0,0,0,0,0,-0.0483181,-0.023465,0.703178,0.468287,0.924648,0.65213,0.0625,0.119141,1.0123
437,1.09375,0.115723,-0.453125,0.371094,0.105804,0.542131,0.496458,0.678145,0.706351,0.917429,0.568385,0.385448,0.743834,0.00340593,0,0,0,0,0,-0.0445704,-0.0221273,0.683614,0.44466,0.942594,0.648986,0.09375,0.115723,0.912356
438,1.13281,0.122559,0.457031,0.210938,0.10819,0.543077,0.51554,0.703355,0.760489,0.8946,0.75218,0.52905,0.995105,0.00389669,0,0,0,0,0,-0.0420656,-0.0216865,0.487542,0.580107,0.821816,0.7127,0.132812,0.122559,1.34598
439,1.14844,0.15332,0.306641,0.376953,0.133503,0.553102,0.537186,0.723778,0.812424,0.949166,0.803442,0.581514,0.499443,0.0029286,0,0,0,0,0,-0.0380458,-0.0204377,0.412818,0.496313,0.884773,0.714041,0.148438,0.15332,1.39154
440,0.914062,-0.125977,-0.617188,0.206055,-0.137821,0.445191,0.303553,0.491116,0.333339,0.891076,0.694132,0.340899,1.35965,0.00460868,0,0,0,0,0,0.00245235,0.000744418,0.0307997,0.453798,0.925648,0.675133,-0.0859375,-0.125977,1.12381
441,1.11719,0.0163574,-0.117676,0.217773,0.0146416,0.505841,0.456174,0.656315,0.638844,0.939713,0.883655,0.579956,0.252165,0.00244563,0,0,0,0,0,-0.0311513,-0.0142104,0.307326,0.458785,0.911814,0.707148,0.117188,0.0163574,1.3407
442,1.02344,0.172852,0.0175781,0.25,0.168893,0.56706,0.496827,0.658552,0.680528,0.871961,0.569875,0.375293,0.0351562,0.00202179,0,0,0,0,0,-0.0481615,-0.0239279,0.736761,0.458589,0.931194,0.652937,0.0234375,0.172852,0.941427
443,1.04688,0.144531,0.214844,0.275391,0.13806,0.554903,0.492065,0.661543,0.679767,0.980473,0.667624,0.441662,0.4094,0.00275273,0,0,0,0,0,-0.0411521,-0.0202495,0.537361,0.495547,0.901549,0.659977,0.046875,0.144531,1.14868
444,1.14844,0.287109,1.34375,0.392578,0.25,0.598706,0.615918,0.766013,0.966132,0.98518,0.835902,0.640312,2.14465,0.00614188,0,0,0,0,0,-0.0694895,-0.0427999,0.724721,0.494771,0.89915,0.668351,0.148438,0.287109,1.2426
445,1.07031,0.133789,1.52344,0.306641,0.125,0.549738,0.496092,0.671171,0.696578,0.996689,0.597908,0.401299,2.75112,0.00732641,0,0,0,0,0,-0.0377312,-0.0187182,0.55014,0.413533,0.957703,0.660711,0.0703125,0.133789,0.98797
446,1.05469,0.0603027,-1.01562,0.242188,0.0571759,0.522797,0.453084,0.635393,0.609009,1.02204,0.631485,0.401241,2.06375,0.00598389,0,0,0,0,0,-0.0272155,-0.0123309,0.375716,0.433753,0.943545,0.663512,0.0546875,0.0603027,1.15768
447,0.933594,-0.0668945,0.404297,0.421875,-0.0716527,0.471439,0.340926,0.521266,0.387949,0.972135,0.662263,0.345215,0.622456,0.00316886,0,0,0,0,0,-0.0120589,-0.00411118,0.158739,0.43437,0.943851,0.661836,-0.0664062,-0.0668945,1.09245
448,1.03906,0.0554199,-0.246094,0.636719,0.0533365,0.521268,0.444376,0.624559,0.587544,0.941956,0.513715,0.320845,0.308409,0.00255549,0,0,0,0,0,-0.0275402,-0.0122382,0.467361,0.413492,0.962127,0.651219,0.0390625,0.0554199,0.877766
449,1.02344,-0.00521851,1.24219,0.339844,-0.005099,0.497966,0.407792,0.594263,0.519442,1.06035,0.776253,0.461298,2.13082,0.00611489,0,0,0,0,0,-0.0229655,-0.00936513,0.257917,0.422972,0.942915,0.682158,0.0234375,-0.00521851,1.16249
450,1.17969,0.349609,-0.707031,1.21094,0.296358,0.616522,0.667545,0.803066,1.09053,1.02068,0.747802,0.600534,0.642507,0.00320802,0,0,0,0,0,-0.0646746,-0.0431732,0.75397,0.40728,0.96587,0.651575,0.179688,0.349609,1.00071
451,0.988281,-0.251953,-0.769531,0.261719,-0.254941,0.399384,0.281185,0.490376,0.319533,1.05585,0.812323,0.398344,1.50421,0.00489104,0,0,0,0,0,0.0290116,0.00815762,0.311351,0.432808,0.928404,0.706464,-0.0117188,-0.251953,1.28821
452,0.996094,0.137695,-0.585938,0.484375,0.138235,0.554973,0.468284,0.629518,0.615582,1.09281,0.512931,0.322899,0.8419,0.00359746,0,0,0,0,0,-0.0336786,-0.0157711,0.572404,0.394828,0.97527,0.648099,-0.00390625,0.137695,1.02235
453,1.00781,-0.0317383,0.507812,0.230469,-0.0314922,0.487438,0.388266,0.576145,0.482694,0.844356,0.608659,0.350676,1.05778,0.00401911,0,0,0,0,0,-0.00823212,-0.00319625,0.117908,0.499977,0.893357,0.674121,0.0078125,-0.0317383,1.12191
454,1.01562,0.0390625,-0.0756836,0.205078,0.0384615,0.51534,0.426799,0.60512,0.548328,0.882833,0.857456,0.518864,0.167125,0.00227954,0,0,0,0,0,-0.0144609,-0.00617191,0.147025,0.55622,0.842109,0.705989,0.015625,0.0390625,1.29321
455,0.777344,-0.114258,-0.59375,0.484375,-0.146985,0.441572,0.254588,0.415466,0.237427,1.08762,0.622799,0.258752,0.853125,0.00361939,0,0,0,0,0,0.000601618,0.000153165,0.0084213,0.418188,0.953622,0.663319,-0.222656,-0.114258,1.21972
456,0.96875,0.11377,1.14844,0.667969,0.11744,0.546744,0.445356,0.604781,0.564102,0.907112,0.665701,0.402603,1.40517,0.0046976,0,0,0,0,0,-0.0530763,-0.0236378,0.69507,0.404436,0.965648,0.655737,-0.03125,0.11377,1.48706
457,0.992188,-0.0751953,0.209961,0.322266,-0.0757874,0.469794,0.360272,0.552642,0.435209,1.02337,0.758025,0.418917,0.369855,0.0026755,0,0,0,0,0,-0.0078892,-0.00284226,0.0907311,0.486733,0.897132,0.692793,-0.0078125,-0.0751953,1.30209
458,0.921875,0.052002,1.58594,0.458984,0.0564089,0.522492,0.395675,0.555129,0.464726,0.95139,0.684086,0.379756,2.34092,0.00652524,0,0,0,0,0,-0.0391482,-0.0154899,0.498893,0.452783,0.928262,0.670032,-0.078125,0.052002,1.07697
459,1.29688,0.503906,-0.53125,0.386719,0.388554,0.651197,0.81009,0.919954,1.50256,0.895256,0.945704,0.870004,0.854282,0.00362164,0,0,0,0,0,-0.086782,-0.0703012,0.799984,0.510843,0.892074,0.653838,0.296875,0.503906,1.53996
460,1.23438,0.227539,0.457031,0.310547,0.184335,0.573125,0.610329,0.800314,1.013,0.903305,1.04676,0.837737,0.820129,0.00355494,0,0,0,0,0,-0.066361,-0.040502,0.552678,0.728952,0.68474,0.669267,0.234375,0.227539,2.07209
461,1.14844,0.175781,-0.0791016,0.316406,0.153061,0.560825,0.548417,0.732152,0.836808,0.836449,0.619646,0.453675,0.140625,0.00222778,0,0,0,0,0,-0.055337,-0.0303477,0.778536,0.490319,0.910195,0.647769,0.148438,0.175781,1.50722
462,0.929688,-0.178711,0.269531,0.322266,-0.192227,0.423782,0.285645,0.48296,0.314844,1.0793,0.839539,0.405464,0.474791,0.00288045,0,0,0,0,0,0.00602797,0.00172186,0.0625947,0.425186,0.935358,0.699395,-0.0703125,-0.178711,1.52721
463,0.878906,-0.339844,0.816406,0.253906,-0.386667,0.349501,0.208105,0.395434,0.199676,0.97628,0.810451,0.32048,1.6202,0.00511759,0,0,0,0,0,0.0474694,0.00987863,0.510615,0.525336,0.870688,0.686092,-0.121094,-0.339844,1.3831
464,1.07031,-0.152344,1.35156,0.349609,-0.142336,0.443407,0.353026,0.573577,0.453618,1.04159,0.848754,0.486825,2.28583,0.00641764,0,0,0,0,0,-0.00542219,-0.00191417,0.0556929,0.472029,0.902336,0.709926,0.0703125,-0.152344,1.16453
465,1.36719,0.419922,0.146484,0.211914,0.307143,0.620633,0.783046,0.935164,1.48769,0.771009,1.0103,0.944793,0.318208,0.00257463,0,0,0,0,0,-0.0944511,-0.0739596,0.815014,0.602636,0.812031,0.661818,0.367188,0.419922,1.9671
466,1.14844,0.225586,-0.158203,0.490234,0.196429,0.577863,0.576693,0.748454,0.892758,1.04799,0.619864,0.46394,0.22595,0.00239443,0,0,0,0,0,-0.0608561,-0.0350953,0.855883,0.383578,0.983135,0.645961,0.148438,0.225586,1.26127
467,1.19531,0.0559082,0.0688477,0.15625,0.0467729,0.518653,0.507277,0.715692,0.769545,1.05014,1.01316,0.725112,0.174172,0.00229331,0,0,0,0,0,-0.029574,-0.0150022,0.254471,0.603293,0.808039,0.678083,0.195312,0.0559082,1.71824
468,1.05469,-0.146484,-0.0932617,0.204102,-0.138889,0.444769,0.34969,0.566324,0.443006,0.981679,0.829102,0.46954,0.206434,0.00235632,0,0,0,0,0,0.00172535,0.000603337,0.0181416,0.513705,0.879166,0.687266,0.0546875,-0.146484,1.5473
469,1.02344,-0.103027,0.789062,0.21582,-0.100668,0.459907,0.358887,0.561831,0.444454,1.02946,0.817845,0.459491,1.6985,0.00527051,0,0,0,0,0,-3.88497e-05,-1.39427e-05,0.000414117,0.448101,0.924721,0.688283,0.0234375,-0.103027,1.48782
470,0.921875,0.0351562,0.460938,0.330078,0.0381356,0.51521,0.387252,0.549157,0.451537,0.790858,0.635807,0.349158,0.802294,0.00352011,0,0,0,0,0,-0.0331977,-0.0128559,0.455187,0.455185,0.923582,0.67823,-0.078125,0.0351562,1.29063
471,0.894531,-0.0422363,-0.200195,0.367188,-0.0472162,0.48117,0.337591,0.506672,0.370684,0.941473,0.618967,0.313613,0.330377,0.00259839,0,0,0,0,0,-0.0209252,-0.00706417,0.29472,0.435713,0.93727,0.675887,-0.105469,-0.0422363,1.09929
472,1,0.0495605,-0.945312,0.359375,0.0495605,0.519764,0.425783,0.599737,0.540976,0.971619,0.560911,0.336399,1.57689,0.00503299,0,0,0,0,0,-0.0282953,-0.0120477,0.439772,0.425242,0.946471,0.669636,0,0.0495605,1.09524
473,0.949219,0.0488281,-0.59375,0.310547,0.0514403,0.520513,0.405053,0.569916,0.488872,1.01969,0.569334,0.324473,1.06547,0.00403412,0,0,0,0,0,-0.0369301,-0.0149586,0.565483,0.411454,0.962225,0.653727,-0.0507812,0.0488281,0.949372
474,0.960938,0.0200195,0.6875,0.202148,0.0208333,0.508311,0.395348,0.566595,0.477329,0.810553,0.50487,0.286057,1.52911,0.00493966,0,0,0,0,0,-0.0147863,-0.00584575,0.255321,0.489932,0.904168,0.664265,-0.0390625,0.0200195,1.03923
475,1.01562,0.0153809,0.738281,0.279297,0.0151442,0.506041,0.414958,0.596828,0.528394,0.898549,0.526078,0.313978,1.39698,0.00468159,0,0,0,0,0,-0.0227517,-0.00944099,0.377025,0.484236,0.91135,0.656314,0.015625,0.0153809,1.25168
476,1.08594,0.219727,1.03125,0.351562,0.202338,0.580174,0.5494,0.709518,0.805256,0.991893,0.717484,0.509068,1.73925,0.0053501,0,0,0,0,0,-0.0557884,-0.0306502,0.677858,0.573595,0.833872,0.677816,0.0859375,0.219727,1.30587
477,1.03125,0.167969,-0.125977,0.380859,0.162879,0.564693,0.497518,0.661243,0.684767,1.01656,0.590642,0.390558,0.20413,0.00235182,0,0,0,0,0,-0.0337274,-0.01678,0.497812,0.431701,0.949759,0.652425,0.03125,0.167969,1.11681
478,0.820312,-0.138672,0.789062,0.410156,-0.169048,0.43288,0.259611,0.432945,0.25484,0.994676,0.687942,0.297841,1.23207,0.00435952,0,0,0,0,0,-0.0151908,-0.0039437,0.192502,0.404518,0.954257,0.681784,-0.179688,-0.138672,1.04529
479,1.14844,0.132812,0.181641,0.439453,0.115646,0.546034,0.526932,0.716201,0.790601,1.03383,0.83301,0.596602,0.274004,0.00248829,0,0,0,0,0,-0.0432486,-0.0227891,0.452615,0.466106,0.913881,0.6849,0.148438,0.132812,1.19961
480,0.945312,0.0510254,1.96094,0.287109,0.0539773,0.521523,0.404585,0.568423,0.486794,1.01941,0.802576,0.456203,3.65965,0.00910089,0,0,0,0,0,-0.0291675,-0.0118007,0.316825,0.404172,0.948336,0.697943,-0.0546875,0.0510254,1.47705
481,1.01562,0.109375,-0.621094,0.339844,0.107692,0.54288,0.461956,0.630409,0.610818,0.871918,0.662747,0.417801,1.06541,0.00403401,0,0,0,0,0,-0.0429807,-0.0198552,0.56537,0.452869,0.931769,0.661058,0.015625,0.109375,1.2716
482,1.34375,0.519531,-0.617188,0.921875,0.386628,0.650484,0.83772,0.952379,1.6088,0.96381,0.977358,0.930815,0.642808,0.00320861,0,0,0,0,0,-0.10166,-0.0851623,0.90678,0.392679,0.977883,0.645541,0.34375,0.519531,1.54313
483,0.867188,0.00479126,0.00488281,0.519531,0.00552506,0.502204,0.35014,0.506708,0.379351,1.04405,0.578712,0.293238,0.0067743,0.00196636,0,0,0,0,0,-0.0204049,-0.00714458,0.307383,0.436751,0.944474,0.656753,-0.132812,0.00479126,1.25783
484,1.17969,0.322266,-0.0688477,0.679688,0.273179,0.607642,0.650111,0.794894,1.0545,0.855991,0.789585,0.627636,0.0835092,0.00211623,0,0,0,0,0,-0.0739657,-0.0480859,0.816654,0.451817,0.932337,0.661429,0.179688,0.322266,1.5123
485,1.14844,0.0524902,0.351562,0.25,0.0457058,0.518228,0.486771,0.687191,0.709178,0.845858,0.891207,0.61243,0.703125,0.00332642,0,0,0,0,0,-0.0412713,-0.0200897,0.403717,0.529402,0.856657,0.737797,0.148438,0.0524902,1.42972
486,0.9375,0.0888672,0.296875,0.425781,0.0947917,0.53776,0.420373,0.577499,0.510219,0.98762,0.530833,0.306556,0.454967,0.00284173,0,0,0,0,0,-0.0305401,-0.0128382,0.501555,0.418366,0.956374,0.656906,-0.0625,0.0888672,1.04966
487,1.03125,0.141602,0.0554199,0.412109,0.137311,0.554607,0.484334,0.651382,0.658878,0.914431,0.633065,0.412367,0.0863296,0.00212174,0,0,0,0,0,-0.0433881,-0.0210143,0.597487,0.588507,0.822912,0.669534,0.03125,0.141602,1.08
488,0.964844,-0.123535,-0.585938,0.292969,-0.128036,0.44906,0.325137,0.52133,0.3775,0.808035,0.625269,0.325972,1.08253,0.00406744,0,0,0,0,0,0.0144784,0.00470747,0.201865,0.521992,0.871314,0.69337,-0.0351562,-0.123535,1.08714
489,1.21094,0.261719,1.46094,0.59375,0.216129,0.585556,0.623287,0.795903,1.02195,0.989452,0.817999,0.651048,1.89596,0.00565618,0,0,0,0,0,-0.0658362,-0.0410349,0.701647,0.409765,0.957488,0.666471,0.210938,0.261719,1.54674
490,0.851562,-0.198242,-0.0708008,0.25,-0.232798,0.407959,0.24912,0.429471,0.246506,0.916034,0.751176,0.322608,0.141602,0.00222969,0,0,0,0,0,0.0085743,0.00213603,0.0995094,0.478647,0.890427,0.742229,-0.148438,-0.198242,1.26009
491,1.09375,0.0544434,-0.578125,0.396484,0.0497768,0.51985,0.465818,0.656047,0.647384,1.04212,0.67475,0.442668,0.91814,0.00374637,0,0,0,0,0,-0.0340742,-0.0158724,0.44024,0.444561,0.939805,0.655432,0.09375,0.0544434,1.5062
492,1.08594,-0.0214844,-0.306641,0.314453,-0.0197842,0.492108,0.424721,0.625109,0.57115,0.9688,0.689742,0.431164,0.546829,0.00302115,0,0,0,0,0,-0.0154487,-0.00656138,0.195259,0.438189,0.932993,0.683023,0.0859375,-0.0214844,1.37685
493,0.855469,-0.148438,-0.0410156,0.318359,-0.173516,0.431123,0.268826,0.450357,0.275089,1.00948,0.897409,0.404154,0.0726927,0.0020951,0,0,0,0,0,-0.00461719,-0.00124122,0.0448533,0.496272,0.889123,0.697224,-0.144531,-0.148438,1.35734
494,0.839844,-0.193359,0.886719,0.19043,-0.230233,0.408956,0.246472,0.424358,0.240829,0.988342,0.691244,0.293335,2.03198,0.00592183,0,0,0,0,0,0.000555816,0.000136993,0.00700982,0.43493,0.934697,0.684052,-0.160156,-0.193359,1.26876
495,0.988281,0.0834961,1.125,0.730469,0.0844862,0.533665,0.438051,0.605084,0.558015,1.01626,0.634517,0.383936,1.31629,0.004524,0,0,0,0,0,-0.0336918,-0.0147587,0.4629,0.432132,0.947421,0.657001,-0.0117188,0.0834961,1.18711
496,1.16406,0.194336,-1.27344,0.341797,0.166946,0.566294,0.56396,0.748186,0.877833,1.05849,0.665127,0.497639,2.17818,0.00620738,0,0,0,0,0,-0.0572774,-0.0323021,0.750733,0.41328,0.964006,0.647608,0.164062,0.194336,1.11685
497,0.808594,-0.253906,0.339844,0.271484,-0.31401,0.376757,0.21275,0.384045,0.192753,0.9537,0.779054,0.299191,0.652239,0.00322703,0,0,0,0,0,0.0222759,0.00473918,0.249272,0.459667,0.911227,0.707195,-0.191406,-0.253906,1.32455
498,1.03906,-0.0351562,-0.824219,0.347656,-0.0338346,0.486505,0.399088,0.593191,0.511147,0.905542,0.599764,0.355774,1.39787,0.00468334,0,0,0,0,0,-0.00714799,-0.00285268,0.103899,0.433291,0.941506,0.669156,0.0390625,-0.0351562,1.03929
499,1.25,0.292969,0.359375,0.601562,0.234375,0.592653,0.657935,0.828098,1.11862,0.955975,0.783308,0.648656,0.463348,0.0028581,0,0,0,0,0,-0.0672292,-0.0442324,0.748225,0.554693,0.855702,0.655927,0.25,0.292969,1.64159
500,1.17188,0.227539,-1.02344,0.652344,0.194167,0.576977,0.586772,0.762989,0.926454,0.779798,0.684326,0.522133,1.26714,0.004428,0,0,0,0,0,-0.064472,-0.0378304,0.821325,0.430866,0.953169,0.646288,0.171875,0.227539,1.18462
501,1.51562,0.443359,0.792969,0.378906,0.292526,0.615058,0.853938,1.03001,1.79012,0.85126,1.26105,1.29889,1.28822,0.00446918,0,0,0,0,0,-0.105032,-0.0896907,0.7261,0.618939,0.789836,0.70661,0.515625,0.443359,2.19101
502,1.17969,-0.0976562,-0.734375,0.261719,-0.0827815,0.467013,0.424229,0.654397,0.608206,0.952446,0.766814,0.501801,1.43549,0.00475682,0,0,0,0,0,-0.0168021,-0.00712796,0.191021,0.759948,0.657267,0.754847,0.179688,-0.0976562,1.13157
503,1.20312,0.302734,0.287109,0.490234,0.251623,0.599334,0.646493,0.80306,1.06286,0.8388,0.741767,0.595683,0.410058,0.00275402,0,0,0,0,0,-0.0736602,-0.0476208,0.86571,0.3916,0.977852,0.646876,0.203125,0.302734,1.15591
504,1.04688,0.111328,-1.22656,0.320312,0.106343,0.542345,0.475463,0.649289,0.647642,0.923942,0.509941,0.331099,2.16722,0.00618597,0,0,0,0,0,-0.0317776,-0.0151091,0.54326,0.423619,0.95645,0.649449,0.046875,0.111328,1.08878
505,1.28906,0.578125,-1.67969,0.410156,0.448485,0.673098,0.854465,0.939478,1.61273,0.883688,0.959546,0.901472,2.62273,0.00707565,0,0,0,0,0,-0.0964753,-0.0824348,0.87651,0.415358,0.961745,0.649534,0.289062,0.578125,1.68358
506,0.964844,0.0878906,0.582031,0.376953,0.0910931,0.536291,0.43085,0.593046,0.537335,1.01562,0.691463,0.410069,0.947988,0.00380466,0,0,0,0,0,-0.0288054,-0.0124108,0.363171,0.489695,0.894359,0.695164,-0.0351562,0.0878906,1.11103
507,1.22656,0.259766,-1.39844,0.550781,0.211783,0.583862,0.627931,0.804663,1.04178,0.964205,0.739576,0.595109,1.88431,0.00563343,0,0,0,0,0,-0.0602004,-0.0378017,0.709616,0.465828,0.928556,0.647109,0.226562,0.259766,1.34791
508,0.980469,0.045166,0.451172,0.613281,0.0460657,0.518371,0.415753,0.586809,0.517195,1.04505,0.681546,0.399937,0.576119,0.00307836,0,0,0,0,0,-0.0412221,-0.0171382,0.527281,0.492438,0.903945,0.659789,-0.0195312,0.045166,1.13528
509,1.01562,0.0180664,-0.78125,0.714844,0.0177885,0.507096,0.416301,0.597762,0.530626,1.01524,0.470542,0.281272,0.924027,0.00375786,0,0,0,0,0,-0.0242627,-0.0101006,0.449518,0.416043,0.961706,0.648704,0.015625,0.0180664,0.892211
510,0.890625,0.00280762,-1.26562,0.337891,0.00315241,0.501258,0.358547,0.519673,0.398616,0.923324,0.433907,0.22549,2.17729,0.00620565,0,0,0,0,0,-0.00998342,-0.00357952,0.200581,0.434306,0.94528,0.658615,-0.109375,0.00280762,1.11824
511,1.03906,0.0986328,2.07812,0.439453,0.0949248,0.537813,0.465983,0.640112,0.626884,1.01883,0.64831,0.414991,3.13484,0.00807586,0,0,0,0,0,-0.0222691,-0.010377,0.299451,0.415668,0.953824,0.666491,0.0390625,0.0986328,1.11105
